2026-02-21 13:04:18,395 - root - INFO - 合并后的价格数据预览：
2026-02-21 13:04:18,409 - root - INFO -               宁德时代  market_data_1_上证综指  market_data_2_深证成指  \
2026-02-21 13:04:18,409 - root - INFO - 日期
2026-02-21 13:04:18,409 - root - INFO - 2024-01-02  286.07             1345.53             9401.35
2026-02-21 13:04:18,409 - root - INFO - 2024-01-03  284.22             1344.28             9330.86
2026-02-21 13:04:18,409 - root - INFO - 2024-01-04  275.94             1333.03             9215.25
2026-02-21 13:04:18,409 - root - INFO - 2024-01-05  275.40             1353.03             9116.44
2026-02-21 13:04:18,409 - root - INFO - 2024-01-08  273.78             1338.03             8947.72
2026-02-21 13:04:18,410 - root - INFO - ...            ...                 ...                 ...
2026-02-21 13:04:18,410 - root - INFO - 2025-12-25  696.42             1834.74            13531.41
2026-02-21 13:04:18,410 - root - INFO - 2025-12-26  698.97             1832.24            13603.89
2026-02-21 13:04:18,410 - root - INFO - 2025-12-29  689.76             1834.74            13537.10
2026-02-21 13:04:18,412 - root - INFO - 2025-12-30  689.56             1824.74            13604.07
2026-02-21 13:04:18,412 - root - INFO - 2025-12-31  686.07             1815.99            13525.02
2026-02-21 13:04:18,412 - root - INFO - 
2026-02-21 13:04:18,412 - root - INFO -             market_data_3_创业板指  upstream_1_湖南裕能  upstream_2_盛新锂能  \
2026-02-21 13:04:18,412 - root - INFO - 日期
2026-02-21 13:04:18,412 - root - INFO - 2024-01-02             1855.92            33.31            37.03
2026-02-21 13:04:18,412 - root - INFO - 2024-01-03             1834.73            32.89            37.32
2026-02-21 13:04:18,412 - root - INFO - 2024-01-04             1801.76            32.45            36.48
2026-02-21 13:04:18,412 - root - INFO - 2024-01-05             1775.58            32.60            36.15
2026-02-21 13:04:18,412 - root - INFO - 2024-01-08             1744.41            32.05            36.21
2026-02-21 13:04:18,412 - root - INFO - ...                        ...              ...              ...
2026-02-21 13:04:18,414 - root - INFO - 2025-12-25             3239.34            67.57            56.56
2026-02-21 13:04:18,414 - root - INFO - 2025-12-26             3243.88            71.89            58.02
2026-02-21 13:04:18,414 - root - INFO - 2025-12-29             3222.61            68.05            54.53
2026-02-21 13:04:18,414 - root - INFO - 2025-12-30             3242.90            67.58            55.12
2026-02-21 13:04:18,414 - root - INFO - 2025-12-31             3203.17            65.63            56.77
2026-02-21 13:04:18,415 - root - INFO - 
2026-02-21 13:04:18,415 - root - INFO -             upstream_3_天齐锂业  upstream_4_赣锋锂业  upstream_5_川恒股份  \
2026-02-21 13:04:18,415 - root - INFO - 日期
2026-02-21 13:04:18,415 - root - INFO - 2024-01-02           475.53           553.42            20.74
2026-02-21 13:04:18,415 - root - INFO - 2024-01-03           474.68           554.55            21.40
2026-02-21 13:04:18,416 - root - INFO - 2024-01-04           460.53           541.45            20.95
2026-02-21 13:04:18,416 - root - INFO - 2024-01-05           463.43           557.32            20.49
2026-02-21 13:04:18,416 - root - INFO - 2024-01-08           460.45           566.02            20.30
2026-02-21 13:04:18,416 - root - INFO - ...                     ...              ...              ...
2026-02-21 13:04:18,416 - root - INFO - 2025-12-25           487.97           873.58            40.88
2026-02-21 13:04:18,416 - root - INFO - 2025-12-26           508.42           904.33            41.27
2026-02-21 13:04:18,417 - root - INFO - 2025-12-29           486.01           863.38            40.87
2026-02-21 13:04:18,417 - root - INFO - 2025-12-30           495.21           848.63            40.91
2026-02-21 13:04:18,417 - root - INFO - 2025-12-31           486.69           832.76            40.81
2026-02-21 13:04:18,417 - root - INFO - 
2026-02-21 13:04:18,417 - root - INFO -             upstream_6_盐湖股份  upstream_7_中远海控  upstream_8_湘潭电化  \
2026-02-21 13:04:18,417 - root - INFO - 日期
2026-02-21 13:04:18,418 - root - INFO - 2024-01-02           127.50            19.58            44.58
2026-02-21 13:04:18,418 - root - INFO - 2024-01-03           127.63            19.66            44.70
2026-02-21 13:04:18,418 - root - INFO - 2024-01-04           125.99            19.87            44.41
2026-02-21 13:04:18,418 - root - INFO - 2024-01-05           125.33            19.79            44.13
2026-02-21 13:04:18,418 - root - INFO - 2024-01-08           123.17            19.72            42.86
2026-02-21 13:04:18,418 - root - INFO - ...                     ...              ...              ...
2026-02-21 13:04:18,418 - root - INFO - 2025-12-25           208.87            29.54            61.20
2026-02-21 13:04:18,419 - root - INFO - 2025-12-26           214.31            29.63            63.08
2026-02-21 13:04:18,419 - root - INFO - 2025-12-29           205.79            29.59            62.35
2026-02-21 13:04:18,419 - root - INFO - 2025-12-30           206.12            29.67            61.40
2026-02-21 13:04:18,419 - root - INFO - 2025-12-31           208.87            29.55            60.34
2026-02-21 13:04:18,419 - root - INFO - 
2026-02-21 13:04:18,419 - root - INFO -             upstream_9_华友钴业  upstream_10_西藏珠峰  upstream_11_宁波韵升  \
2026-02-21 13:04:18,419 - root - INFO - 日期
2026-02-21 13:04:18,420 - root - INFO - 2024-01-02            78.02             23.14             65.20
2026-02-21 13:04:18,420 - root - INFO - 2024-01-03            78.31             23.26             64.10
2026-02-21 13:04:18,420 - root - INFO - 2024-01-04            76.08             22.98             63.14
2026-02-21 13:04:18,420 - root - INFO - 2024-01-05            74.83             22.56             61.98
2026-02-21 13:04:18,420 - root - INFO - 2024-01-08            72.82             21.97             60.68
2026-02-21 13:04:18,420 - root - INFO - ...                     ...               ...               ...
2026-02-21 13:04:18,421 - root - INFO - 2025-12-25           160.29             27.03            109.61
2026-02-21 13:04:18,421 - root - INFO - 2025-12-26           161.78             28.59            108.45
2026-02-21 13:04:18,421 - root - INFO - 2025-12-29           159.70             29.08            108.04
2026-02-21 13:04:18,421 - root - INFO - 2025-12-30           166.58             28.71            108.31
2026-02-21 13:04:18,421 - root - INFO - 2025-12-31           167.13             28.57            107.22
2026-02-21 13:04:18,421 - root - INFO - 
2026-02-21 13:04:18,421 - root - INFO -             upstream_12_中国卫星  upstream_13_贵研铂业  upstream_14_北方稀土  \
2026-02-21 13:04:18,421 - root - INFO - 日期
2026-02-21 13:04:18,421 - root - INFO - 2024-01-02            493.80             96.77            334.58
2026-02-21 13:04:18,421 - root - INFO - 2024-01-03            491.20             96.68            333.44
2026-02-21 13:04:18,423 - root - INFO - 2024-01-04            487.59             96.21            326.56
2026-02-21 13:04:18,423 - root - INFO - 2024-01-05            477.37             95.75            321.81
2026-02-21 13:04:18,423 - root - INFO - 2024-01-08            462.13             92.96            315.58
2026-02-21 13:04:18,424 - root - INFO - ...                      ...               ...               ...
2026-02-21 13:04:18,424 - root - INFO - 2025-12-25           1435.32            148.10            774.96
2026-02-21 13:04:18,424 - root - INFO - 2025-12-26           1581.05            150.62            776.27
2026-02-21 13:04:18,424 - root - INFO - 2025-12-29           1741.41            147.27            770.70
2026-02-21 13:04:18,424 - root - INFO - 2025-12-30           1707.73            142.15            773.98
2026-02-21 13:04:18,424 - root - INFO - 2025-12-31           1880.72            140.01            776.43
2026-02-21 13:04:18,425 - root - INFO - 
2026-02-21 13:04:18,425 - root - INFO -             upstream_15_盛和资源  upstream_16_南山铝业  upstream_17_江西铜业  \
2026-02-21 13:04:18,425 - root - INFO - 日期
2026-02-21 13:04:18,425 - root - INFO - 2024-01-02             28.79             21.66             23.42
2026-02-21 13:04:18,425 - root - INFO - 2024-01-03             29.01             21.92             23.41
2026-02-21 13:04:18,426 - root - INFO - 2024-01-04             29.15             21.79             23.47
2026-02-21 13:04:18,426 - root - INFO - 2024-01-05             29.20             21.59             23.31
2026-02-21 13:04:18,426 - root - INFO - 2024-01-08             29.08             21.40             23.34
2026-02-21 13:04:18,426 - root - INFO - ...                      ...               ...               ...
2026-02-21 13:04:18,426 - root - INFO - 2025-12-25             25.74             38.66             50.95
2026-02-21 13:04:18,426 - root - INFO - 2025-12-26             25.72             40.61             55.34
2026-02-21 13:04:18,427 - root - INFO - 2025-12-29             25.72             40.09             56.02
2026-02-21 13:04:18,427 - root - INFO - 2025-12-30             25.65             40.61             57.28
2026-02-21 13:04:18,427 - root - INFO - 2025-12-31             25.53             41.07             61.95
2026-02-21 13:04:18,427 - root - INFO - 
2026-02-21 13:04:18,427 - root - INFO -             upstream_18_中国铝业  upstream_19_雅化集团  upstream_20_瑞泰科技  \
2026-02-21 13:04:18,427 - root - INFO - 日期
2026-02-21 13:04:18,428 - root - INFO - 2024-01-02              6.10             83.49            149.49
2026-02-21 13:04:18,428 - root - INFO - 2024-01-03              6.08             83.79            150.17
2026-02-21 13:04:18,428 - root - INFO - 2024-01-04              6.05             81.99            149.90
2026-02-21 13:04:18,428 - root - INFO - 2024-01-05              6.01             81.03            149.76
2026-02-21 13:04:18,428 - root - INFO - 2024-01-08              6.01             78.99            146.93
2026-02-21 13:04:18,429 - root - INFO - ...                      ...               ...               ...
2026-02-21 13:04:18,429 - root - INFO - 2025-12-25             11.83            154.97            160.14
2026-02-21 13:04:18,429 - root - INFO - 2025-12-26             12.71            164.57            162.17
2026-02-21 13:04:18,429 - root - INFO - 2025-12-29             12.32            150.71            164.60
2026-02-21 13:04:18,429 - root - INFO - 2025-12-30             12.86            154.73            175.26
2026-02-21 13:04:18,429 - root - INFO - 2025-12-31             13.09            155.57            171.62
2026-02-21 13:04:18,429 - root - INFO - 
2026-02-21 13:04:18,429 - root - INFO -             upstream_21_方大炭素  upstream_22_鹏辉能源  upstream_23_德方纳米  \
2026-02-21 13:04:18,429 - root - INFO - 日期
2026-02-21 13:04:18,430 - root - INFO - 2024-01-02             75.92            126.97            309.20
2026-02-21 13:04:18,430 - root - INFO - 2024-01-03             75.81            127.91            311.12
2026-02-21 13:04:18,430 - root - INFO - 2024-01-04             75.15            124.04            297.28
2026-02-21 13:04:18,431 - root - INFO - 2024-01-05             74.37            123.64            290.33
2026-02-21 13:04:18,431 - root - INFO - 2024-01-08             73.38            123.41            282.50
2026-02-21 13:04:18,431 - root - INFO - ...                      ...               ...               ...
2026-02-21 13:04:18,431 - root - INFO - 2025-12-25             82.14            261.52            236.47
2026-02-21 13:04:18,432 - root - INFO - 2025-12-26             83.36            262.15            245.49
2026-02-21 13:04:18,432 - root - INFO - 2025-12-29             82.36            253.33            239.94
2026-02-21 13:04:18,432 - root - INFO - 2025-12-30             82.14            251.39            241.03
2026-02-21 13:04:18,432 - root - INFO - 2025-12-31             81.48            242.03            234.19
2026-02-21 13:04:18,432 - root - INFO - 
2026-02-21 13:04:18,432 - root - INFO -             upstream_24_天华新能  upstream_25_容百科技  upstream_26_璞泰来  \
2026-02-21 13:04:18,433 - root - INFO - 日期
2026-02-21 13:04:18,433 - root - INFO - 2024-01-02            212.85             39.69            85.55
2026-02-21 13:04:18,433 - root - INFO - 2024-01-03            213.63             39.21            85.34
2026-02-21 13:04:18,433 - root - INFO - 2024-01-04            209.19             38.19            84.09
2026-02-21 13:04:18,433 - root - INFO - 2024-01-05            208.10             37.69            81.49
2026-02-21 13:04:18,433 - root - INFO - 2024-01-08            203.65             36.42            79.98
2026-02-21 13:04:18,434 - root - INFO - ...                      ...               ...              ...
2026-02-21 13:04:18,434 - root - INFO - 2025-12-25            441.34             48.82           115.10
2026-02-21 13:04:18,434 - root - INFO - 2025-12-26            474.33             51.91           118.60
2026-02-21 13:04:18,434 - root - INFO - 2025-12-29            448.83             51.03           114.98
2026-02-21 13:04:18,434 - root - INFO - 2025-12-30            471.37             53.02           115.75
2026-02-21 13:04:18,434 - root - INFO - 2025-12-31            455.46             53.91           115.51
2026-02-21 13:04:18,435 - root - INFO - 
2026-02-21 13:04:18,435 - root - INFO -             upstream_27_杉杉股份  upstream_28_诺德股份  upstream_29_天赐材料  \
2026-02-21 13:04:18,435 - root - INFO - 日期
2026-02-21 13:04:18,435 - root - INFO - 2024-01-02            401.44             70.56            343.60
2026-02-21 13:04:18,435 - root - INFO - 2024-01-03            411.44             70.30            345.37
2026-02-21 13:04:18,435 - root - INFO - 2024-01-04            404.38             69.14            335.99
2026-02-21 13:04:18,436 - root - INFO - 2024-01-05            397.32             67.98            326.19
2026-02-21 13:04:18,436 - root - INFO - 2024-01-08            386.73             66.30            317.76
2026-02-21 13:04:18,436 - root - INFO - ...                      ...               ...               ...
2026-02-21 13:04:18,436 - root - INFO - 2025-12-25            422.91             93.44            604.85
2026-02-21 13:04:18,436 - root - INFO - 2025-12-26            428.20             94.08            641.70
2026-02-21 13:04:18,436 - root - INFO - 2025-12-29            419.96             91.88            618.04
2026-02-21 13:04:18,436 - root - INFO - 2025-12-30            424.38             91.37            636.53
2026-02-21 13:04:18,437 - root - INFO - 2025-12-31            421.14             90.20            649.73
2026-02-21 13:04:18,437 - root - INFO - 
2026-02-21 13:04:18,437 - root - INFO -             upstream_30_多氟多  upstream_31_星源材质  upstream_32_先导智能  \
2026-02-21 13:04:18,437 - root - INFO - 日期
2026-02-21 13:04:18,437 - root - INFO - 2024-01-02           118.85            106.06            510.14
2026-02-21 13:04:18,437 - root - INFO - 2024-01-03           119.00            105.99            509.38
2026-02-21 13:04:18,437 - root - INFO - 2024-01-04           116.60            103.18            502.86
2026-02-21 13:04:18,438 - root - INFO - 2024-01-05           115.87            101.74            496.72
2026-02-21 13:04:18,438 - root - INFO - 2024-01-08           113.03             97.96            486.56
2026-02-21 13:04:18,438 - root - INFO - ...                     ...               ...               ...
2026-02-21 13:04:18,438 - root - INFO - 2025-12-25           262.62            106.88           1015.39
2026-02-21 13:04:18,438 - root - INFO - 2025-12-26           283.23            115.94           1014.24
2026-02-21 13:04:18,439 - root - INFO - 2025-12-29           261.53            112.37           1008.49
2026-02-21 13:04:18,441 - root - INFO - 2025-12-30           263.13            112.09           1013.66
2026-02-21 13:04:18,444 - root - INFO - 2025-12-31           261.09            109.42            997.94
2026-02-21 13:04:18,444 - root - INFO - 
2026-02-21 13:04:18,444 - root - INFO -             upstream_33_迈为股份  upstream_34_正业科技  upstream_35_罗博特科  \
2026-02-21 13:04:18,445 - root - INFO - 日期
2026-02-21 13:04:18,445 - root - INFO - 2024-01-02            596.73             43.37            101.93
2026-02-21 13:04:18,445 - root - INFO - 2024-01-03            584.84             42.85             94.92
2026-02-21 13:04:18,445 - root - INFO - 2024-01-04            565.81             42.51             93.23
2026-02-21 13:04:18,445 - root - INFO - 2024-01-05            552.58             41.51             88.69
2026-02-21 13:04:18,445 - root - INFO - 2024-01-08            548.43             40.61             88.69
2026-02-21 13:04:18,446 - root - INFO - ...                      ...               ...               ...
2026-02-21 13:04:18,446 - root - INFO - 2025-12-25            828.85             42.13            452.06
2026-02-21 13:04:18,446 - root - INFO - 2025-12-26            811.06             41.75            423.30
2026-02-21 13:04:18,446 - root - INFO - 2025-12-29            968.74             41.23            415.48
2026-02-21 13:04:18,446 - root - INFO - 2025-12-30            907.83             40.70            410.67
2026-02-21 13:04:18,447 - root - INFO - 2025-12-31            971.83             40.61            425.65
2026-02-21 13:04:18,447 - root - INFO - 
2026-02-21 13:04:18,447 - root - INFO -             upstream_36_永太科技  upstream_37_奥特维  upstream_38_芳源股份  \
2026-02-21 13:04:18,447 - root - INFO - 日期
2026-02-21 13:04:18,447 - root - INFO - 2024-01-02             68.02           188.88              7.55
2026-02-21 13:04:18,447 - root - INFO - 2024-01-03             67.79           185.01              7.51
2026-02-21 13:04:18,448 - root - INFO - 2024-01-04             66.33           179.91              7.38
2026-02-21 13:04:18,448 - root - INFO - 2024-01-05             65.31           177.17              7.25
2026-02-21 13:04:18,448 - root - INFO - 2024-01-08             63.67           170.04              7.01
2026-02-21 13:04:18,448 - root - INFO - ...                      ...              ...               ...
2026-02-21 13:04:18,448 - root - INFO - 2025-12-25            142.29           159.11              9.42
2026-02-21 13:04:18,448 - root - INFO - 2025-12-26            156.18           156.20              9.40
2026-02-21 13:04:18,448 - root - INFO - 2025-12-29            145.45           156.70              9.06
2026-02-21 13:04:18,448 - root - INFO - 2025-12-30            147.94           153.31              9.10
2026-02-21 13:04:18,448 - root - INFO - 2025-12-31            144.10           151.05              8.85
2026-02-21 13:04:18,448 - root - INFO - 
2026-02-21 13:04:18,448 - root - INFO -             upstream_39_派能科技  upstream_40_振江股份  upstream_41_欣锐科技  \
2026-02-21 13:04:18,449 - root - INFO - 日期
2026-02-21 13:04:18,449 - root - INFO - 2024-01-02             94.98             26.83             27.60
2026-02-21 13:04:18,449 - root - INFO - 2024-01-03             93.05             26.91             26.93
2026-02-21 13:04:18,449 - root - INFO - 2024-01-04             92.36             26.60             26.56
2026-02-21 13:04:18,449 - root - INFO - 2024-01-05             85.43             25.63             25.74
2026-02-21 13:04:18,449 - root - INFO - 2024-01-08             83.63             25.83             24.97
2026-02-21 13:04:18,449 - root - INFO - ...                      ...               ...               ...
2026-02-21 13:04:18,449 - root - INFO - 2025-12-25            101.78             34.10             28.19
2026-02-21 13:04:18,449 - root - INFO - 2025-12-26            104.38             33.70             27.15
2026-02-21 13:04:18,450 - root - INFO - 2025-12-29            114.43             35.22             26.50
2026-02-21 13:04:18,451 - root - INFO - 2025-12-30            105.88             34.83             26.11
2026-02-21 13:04:18,451 - root - INFO - 2025-12-31            107.78             35.92             25.95
2026-02-21 13:04:18,451 - root - INFO - 
2026-02-21 13:04:18,451 - root - INFO -             upstream_42_视源股份  upstream_43_德赛西威  downstream_1_比亚迪  \
2026-02-21 13:04:18,451 - root - INFO - 日期
2026-02-21 13:04:18,452 - root - INFO - 2024-01-02             78.32            125.20            195.00
2026-02-21 13:04:18,452 - root - INFO - 2024-01-03             77.31            120.24            195.57
2026-02-21 13:04:18,452 - root - INFO - 2024-01-04             75.49            117.10            195.42
2026-02-21 13:04:18,452 - root - INFO - 2024-01-05             74.08            116.19            195.08
2026-02-21 13:04:18,452 - root - INFO - 2024-01-08             72.27            113.86            191.80
2026-02-21 13:04:18,452 - root - INFO - ...                      ...               ...               ...
2026-02-21 13:04:18,452 - root - INFO - 2025-12-25             72.61            128.72            293.99
2026-02-21 13:04:18,452 - root - INFO - 2025-12-26             72.61            126.74            309.50
2026-02-21 13:04:18,452 - root - INFO - 2025-12-29             72.43            125.39            310.10
2026-02-21 13:04:18,453 - root - INFO - 2025-12-30             72.35            126.18            308.72
2026-02-21 13:04:18,453 - root - INFO - 2025-12-31             73.65            124.34            302.63
2026-02-21 13:04:18,453 - root - INFO - 
2026-02-21 13:04:18,453 - root - INFO -             downstream_2_长城汽车  downstream_3_长安汽车  downstream_4_上汽集团        LC
2026-02-21 13:04:18,453 - root - INFO - 日期
2026-02-21 13:04:18,453 - root - INFO - 2024-01-02              83.29             144.59             111.18  108350.0
2026-02-21 13:04:18,453 - root - INFO - 2024-01-03              81.79             141.02             111.52  106600.0
2026-02-21 13:04:18,454 - root - INFO - 2024-01-04              80.86             137.06             111.18  100450.0
2026-02-21 13:04:18,454 - root - INFO - 2024-01-05              80.26             133.89             110.84   98650.0
2026-02-21 13:04:18,454 - root - INFO - 2024-01-08              78.34             133.10             109.90   97200.0
2026-02-21 13:04:18,454 - root - INFO - ...                       ...                ...                ...       ...
2026-02-21 13:04:18,454 - root - INFO - 2025-12-25              78.10             115.64             121.71  123520.0
2026-02-21 13:04:18,454 - root - INFO - 2025-12-26              79.93             116.36             121.93  130520.0
2026-02-21 13:04:18,455 - root - INFO - 2025-12-29              79.42             115.64             121.41  118820.0
2026-02-21 13:04:18,455 - root - INFO - 2025-12-30              79.09             115.64             121.33  121580.0
2026-02-21 13:04:18,455 - root - INFO - 2025-12-31              79.48             115.33             120.78  121580.0
2026-02-21 13:04:18,455 - root - INFO - 
2026-02-21 13:04:18,455 - root - INFO - [485 rows x 52 columns]
2026-02-21 13:04:18,456 - root - ERROR - D:\anaconda\Lib\site-packages\statsmodels\tsa\stattools.py:1545: FutureWarning: verbose is deprecated since functions should not print results
2026-02-21 13:04:18,457 - root - ERROR -   warnings.warn(
2026-02-21 13:04:39,207 - root - INFO - 因果矩阵已生成：
2026-02-21 13:04:39,226 - root - INFO -                      宁德时代  market_data_1_上证综指  market_data_2_深证成指  \
2026-02-21 13:04:39,228 - root - INFO - 宁德时代                False               False               False
2026-02-21 13:04:39,228 - root - INFO - market_data_1_上证综指   True               False               False
2026-02-21 13:04:39,228 - root - INFO - market_data_2_深证成指  False               False               False
2026-02-21 13:04:39,228 - root - INFO - market_data_3_创业板指  False               False               False
2026-02-21 13:04:39,228 - root - INFO - upstream_1_湖南裕能      True               False               False
2026-02-21 13:04:39,230 - root - INFO - upstream_2_盛新锂能      True               False               False
2026-02-21 13:04:39,230 - root - INFO - upstream_3_天齐锂业      True               False               False
2026-02-21 13:04:39,230 - root - INFO - upstream_4_赣锋锂业      True               False                True
2026-02-21 13:04:39,230 - root - INFO - upstream_5_川恒股份      True               False               False
2026-02-21 13:04:39,231 - root - INFO - upstream_6_盐湖股份      True               False               False
2026-02-21 13:04:39,231 - root - INFO - upstream_7_中远海控     False               False               False
2026-02-21 13:04:39,231 - root - INFO - upstream_8_湘潭电化      True               False               False
2026-02-21 13:04:39,231 - root - INFO - upstream_9_华友钴业      True               False               False
2026-02-21 13:04:39,231 - root - INFO - upstream_10_西藏珠峰     True                True                True
2026-02-21 13:04:39,231 - root - INFO - upstream_11_宁波韵升    False                True               False
2026-02-21 13:04:39,231 - root - INFO - upstream_12_中国卫星     True               False                True
2026-02-21 13:04:39,231 - root - INFO - upstream_13_贵研铂业     True               False               False
2026-02-21 13:04:39,233 - root - INFO - upstream_14_北方稀土    False               False               False
2026-02-21 13:04:39,233 - root - INFO - upstream_15_盛和资源    False               False               False
2026-02-21 13:04:39,233 - root - INFO - upstream_16_南山铝业     True               False                True
2026-02-21 13:04:39,233 - root - INFO - upstream_17_江西铜业    False               False               False
2026-02-21 13:04:39,233 - root - INFO - upstream_18_中国铝业     True               False                True
2026-02-21 13:04:39,234 - root - INFO - upstream_19_雅化集团     True               False               False
2026-02-21 13:04:39,234 - root - INFO - upstream_20_瑞泰科技    False               False               False
2026-02-21 13:04:39,234 - root - INFO - upstream_21_方大炭素     True               False                True
2026-02-21 13:04:39,234 - root - INFO - upstream_22_鹏辉能源     True               False               False
2026-02-21 13:04:39,234 - root - INFO - upstream_23_德方纳米    False                True                True
2026-02-21 13:04:39,234 - root - INFO - upstream_24_天华新能     True               False               False
2026-02-21 13:04:39,235 - root - INFO - upstream_25_容百科技     True               False                True
2026-02-21 13:04:39,235 - root - INFO - upstream_26_璞泰来      True               False                True
2026-02-21 13:04:39,235 - root - INFO - upstream_27_杉杉股份    False               False                True
2026-02-21 13:04:39,235 - root - INFO - upstream_28_诺德股份     True               False                True
2026-02-21 13:04:39,236 - root - INFO - upstream_29_天赐材料     True               False                True
2026-02-21 13:04:39,236 - root - INFO - upstream_30_多氟多      True               False               False
2026-02-21 13:04:39,236 - root - INFO - upstream_31_星源材质    False               False                True
2026-02-21 13:04:39,236 - root - INFO - upstream_32_先导智能    False               False               False
2026-02-21 13:04:39,236 - root - INFO - upstream_33_迈为股份     True               False                True
2026-02-21 13:04:39,236 - root - INFO - upstream_34_正业科技     True                True               False
2026-02-21 13:04:39,236 - root - INFO - upstream_35_罗博特科    False                True                True
2026-02-21 13:04:39,236 - root - INFO - upstream_36_永太科技     True               False               False
2026-02-21 13:04:39,236 - root - INFO - upstream_37_奥特维     False                True               False
2026-02-21 13:04:39,237 - root - INFO - upstream_38_芳源股份     True               False                True
2026-02-21 13:04:39,237 - root - INFO - upstream_39_派能科技     True               False               False
2026-02-21 13:04:39,237 - root - INFO - upstream_40_振江股份    False               False               False
2026-02-21 13:04:39,237 - root - INFO - upstream_41_欣锐科技     True                True                True
2026-02-21 13:04:39,237 - root - INFO - upstream_42_视源股份     True                True               False
2026-02-21 13:04:39,237 - root - INFO - upstream_43_德赛西威    False                True               False
2026-02-21 13:04:39,237 - root - INFO - downstream_1_比亚迪    False               False               False
2026-02-21 13:04:39,237 - root - INFO - downstream_2_长城汽车   False               False               False
2026-02-21 13:04:39,239 - root - INFO - downstream_3_长安汽车   False                True               False
2026-02-21 13:04:39,239 - root - INFO - downstream_4_上汽集团   False               False               False
2026-02-21 13:04:39,239 - root - INFO - LC                   True                True               False
2026-02-21 13:04:39,239 - root - INFO - 
2026-02-21 13:04:39,239 - root - INFO -                     market_data_3_创业板指  upstream_1_湖南裕能  upstream_2_盛新锂能  \
2026-02-21 13:04:39,239 - root - INFO - 宁德时代                             False            False            False
2026-02-21 13:04:39,239 - root - INFO - market_data_1_上证综指               False            False            False
2026-02-21 13:04:39,239 - root - INFO - market_data_2_深证成指               False            False            False
2026-02-21 13:04:39,240 - root - INFO - market_data_3_创业板指               False            False            False
2026-02-21 13:04:39,240 - root - INFO - upstream_1_湖南裕能                   True            False             True
2026-02-21 13:04:39,240 - root - INFO - upstream_2_盛新锂能                  False             True            False
2026-02-21 13:04:39,240 - root - INFO - upstream_3_天齐锂业                  False             True            False
2026-02-21 13:04:39,240 - root - INFO - upstream_4_赣锋锂业                   True             True             True
2026-02-21 13:04:39,241 - root - INFO - upstream_5_川恒股份                   True             True             True
2026-02-21 13:04:39,241 - root - INFO - upstream_6_盐湖股份                  False             True            False
2026-02-21 13:04:39,241 - root - INFO - upstream_7_中远海控                  False            False            False
2026-02-21 13:04:39,241 - root - INFO - upstream_8_湘潭电化                   True            False            False
2026-02-21 13:04:39,242 - root - INFO - upstream_9_华友钴业                   True            False             True
2026-02-21 13:04:39,242 - root - INFO - upstream_10_西藏珠峰                  True            False            False
2026-02-21 13:04:39,242 - root - INFO - upstream_11_宁波韵升                 False            False            False
2026-02-21 13:04:39,242 - root - INFO - upstream_12_中国卫星                  True            False            False
2026-02-21 13:04:39,242 - root - INFO - upstream_13_贵研铂业                 False             True             True
2026-02-21 13:04:39,243 - root - INFO - upstream_14_北方稀土                 False            False            False
2026-02-21 13:04:39,243 - root - INFO - upstream_15_盛和资源                 False            False            False
2026-02-21 13:04:39,243 - root - INFO - upstream_16_南山铝业                  True            False             True
2026-02-21 13:04:39,243 - root - INFO - upstream_17_江西铜业                 False            False             True
2026-02-21 13:04:39,243 - root - INFO - upstream_18_中国铝业                  True            False             True
2026-02-21 13:04:39,243 - root - INFO - upstream_19_雅化集团                 False            False            False
2026-02-21 13:04:39,245 - root - INFO - upstream_20_瑞泰科技                 False            False             True
2026-02-21 13:04:39,245 - root - INFO - upstream_21_方大炭素                  True             True            False
2026-02-21 13:04:39,245 - root - INFO - upstream_22_鹏辉能源                 False            False             True
2026-02-21 13:04:39,245 - root - INFO - upstream_23_德方纳米                  True            False            False
2026-02-21 13:04:39,245 - root - INFO - upstream_24_天华新能                  True             True             True
2026-02-21 13:04:39,245 - root - INFO - upstream_25_容百科技                  True            False             True
2026-02-21 13:04:39,245 - root - INFO - upstream_26_璞泰来                   True             True             True
2026-02-21 13:04:39,245 - root - INFO - upstream_27_杉杉股份                  True            False             True
2026-02-21 13:04:39,246 - root - INFO - upstream_28_诺德股份                  True            False             True
2026-02-21 13:04:39,246 - root - INFO - upstream_29_天赐材料                  True             True             True
2026-02-21 13:04:39,246 - root - INFO - upstream_30_多氟多                   True             True            False
2026-02-21 13:04:39,246 - root - INFO - upstream_31_星源材质                  True            False            False
2026-02-21 13:04:39,247 - root - INFO - upstream_32_先导智能                 False            False             True
2026-02-21 13:04:39,247 - root - INFO - upstream_33_迈为股份                  True             True             True
2026-02-21 13:04:39,247 - root - INFO - upstream_34_正业科技                 False            False            False
2026-02-21 13:04:39,247 - root - INFO - upstream_35_罗博特科                  True            False            False
2026-02-21 13:04:39,247 - root - INFO - upstream_36_永太科技                 False            False             True
2026-02-21 13:04:39,248 - root - INFO - upstream_37_奥特维                  False            False            False
2026-02-21 13:04:39,248 - root - INFO - upstream_38_芳源股份                  True             True             True
2026-02-21 13:04:39,248 - root - INFO - upstream_39_派能科技                 False            False            False
2026-02-21 13:04:39,248 - root - INFO - upstream_40_振江股份                 False            False            False
2026-02-21 13:04:39,248 - root - INFO - upstream_41_欣锐科技                  True            False             True
2026-02-21 13:04:39,248 - root - INFO - upstream_42_视源股份                 False            False            False
2026-02-21 13:04:39,249 - root - INFO - upstream_43_德赛西威                 False            False            False
2026-02-21 13:04:39,249 - root - INFO - downstream_1_比亚迪                 False            False            False
2026-02-21 13:04:39,249 - root - INFO - downstream_2_长城汽车                False            False            False
2026-02-21 13:04:39,249 - root - INFO - downstream_3_长安汽车                False            False            False
2026-02-21 13:04:39,249 - root - INFO - downstream_4_上汽集团                False            False            False
2026-02-21 13:04:39,249 - root - INFO - LC                               False            False            False
2026-02-21 13:04:39,250 - root - INFO - 
2026-02-21 13:04:39,250 - root - INFO -                     upstream_3_天齐锂业  upstream_4_赣锋锂业  upstream_5_川恒股份  \
2026-02-21 13:04:39,250 - root - INFO - 宁德时代                          False            False            False
2026-02-21 13:04:39,250 - root - INFO - market_data_1_上证综指            False            False            False
2026-02-21 13:04:39,250 - root - INFO - market_data_2_深证成指            False             True            False
2026-02-21 13:04:39,250 - root - INFO - market_data_3_创业板指            False             True            False
2026-02-21 13:04:39,251 - root - INFO - upstream_1_湖南裕能                True             True            False
2026-02-21 13:04:39,251 - root - INFO - upstream_2_盛新锂能               False             True             True
2026-02-21 13:04:39,251 - root - INFO - upstream_3_天齐锂业               False             True            False
2026-02-21 13:04:39,251 - root - INFO - upstream_4_赣锋锂业                True            False            False
2026-02-21 13:04:39,251 - root - INFO - upstream_5_川恒股份               False            False            False
2026-02-21 13:04:39,251 - root - INFO - upstream_6_盐湖股份               False            False            False
2026-02-21 13:04:39,251 - root - INFO - upstream_7_中远海控               False            False            False
2026-02-21 13:04:39,252 - root - INFO - upstream_8_湘潭电化               False            False            False
2026-02-21 13:04:39,252 - root - INFO - upstream_9_华友钴业               False             True            False
2026-02-21 13:04:39,252 - root - INFO - upstream_10_西藏珠峰              False            False             True
2026-02-21 13:04:39,252 - root - INFO - upstream_11_宁波韵升              False            False            False
2026-02-21 13:04:39,253 - root - INFO - upstream_12_中国卫星              False             True             True
2026-02-21 13:04:39,253 - root - INFO - upstream_13_贵研铂业              False            False            False
2026-02-21 13:04:39,253 - root - INFO - upstream_14_北方稀土              False            False            False
2026-02-21 13:04:39,253 - root - INFO - upstream_15_盛和资源              False            False            False
2026-02-21 13:04:39,253 - root - INFO - upstream_16_南山铝业              False            False            False
2026-02-21 13:04:39,253 - root - INFO - upstream_17_江西铜业              False            False            False
2026-02-21 13:04:39,253 - root - INFO - upstream_18_中国铝业              False             True            False
2026-02-21 13:04:39,253 - root - INFO - upstream_19_雅化集团              False             True            False
2026-02-21 13:04:39,255 - root - INFO - upstream_20_瑞泰科技               True             True            False
2026-02-21 13:04:39,255 - root - INFO - upstream_21_方大炭素               True             True            False
2026-02-21 13:04:39,255 - root - INFO - upstream_22_鹏辉能源               True             True            False
2026-02-21 13:04:39,255 - root - INFO - upstream_23_德方纳米               True             True             True
2026-02-21 13:04:39,255 - root - INFO - upstream_24_天华新能              False             True             True
2026-02-21 13:04:39,255 - root - INFO - upstream_25_容百科技               True             True             True
2026-02-21 13:04:39,255 - root - INFO - upstream_26_璞泰来                True             True            False
2026-02-21 13:04:39,256 - root - INFO - upstream_27_杉杉股份               True             True            False
2026-02-21 13:04:39,256 - root - INFO - upstream_28_诺德股份               True            False            False
2026-02-21 13:04:39,256 - root - INFO - upstream_29_天赐材料               True             True            False
2026-02-21 13:04:39,256 - root - INFO - upstream_30_多氟多                True             True             True
2026-02-21 13:04:39,256 - root - INFO - upstream_31_星源材质              False            False            False
2026-02-21 13:04:39,256 - root - INFO - upstream_32_先导智能               True             True             True
2026-02-21 13:04:39,256 - root - INFO - upstream_33_迈为股份               True             True             True
2026-02-21 13:04:39,257 - root - INFO - upstream_34_正业科技              False            False            False
2026-02-21 13:04:39,257 - root - INFO - upstream_35_罗博特科              False            False            False
2026-02-21 13:04:39,257 - root - INFO - upstream_36_永太科技              False             True             True
2026-02-21 13:04:39,257 - root - INFO - upstream_37_奥特维               False            False            False
2026-02-21 13:04:39,257 - root - INFO - upstream_38_芳源股份              False             True             True
2026-02-21 13:04:39,257 - root - INFO - upstream_39_派能科技              False            False            False
2026-02-21 13:04:39,258 - root - INFO - upstream_40_振江股份              False            False            False
2026-02-21 13:04:39,258 - root - INFO - upstream_41_欣锐科技              False             True             True
2026-02-21 13:04:39,258 - root - INFO - upstream_42_视源股份              False            False            False
2026-02-21 13:04:39,258 - root - INFO - upstream_43_德赛西威              False            False            False
2026-02-21 13:04:39,258 - root - INFO - downstream_1_比亚迪              False            False            False
2026-02-21 13:04:39,258 - root - INFO - downstream_2_长城汽车             False            False            False
2026-02-21 13:04:39,259 - root - INFO - downstream_3_长安汽车             False            False            False
2026-02-21 13:04:39,259 - root - INFO - downstream_4_上汽集团             False            False            False
2026-02-21 13:04:39,259 - root - INFO - LC                             True             True            False
2026-02-21 13:04:39,259 - root - INFO - 
2026-02-21 13:04:39,259 - root - INFO -                     upstream_6_盐湖股份  upstream_7_中远海控  upstream_8_湘潭电化  \
2026-02-21 13:04:39,260 - root - INFO - 宁德时代                          False            False            False
2026-02-21 13:04:39,260 - root - INFO - market_data_1_上证综指            False            False            False
2026-02-21 13:04:39,260 - root - INFO - market_data_2_深证成指            False            False            False
2026-02-21 13:04:39,260 - root - INFO - market_data_3_创业板指            False            False            False
2026-02-21 13:04:39,260 - root - INFO - upstream_1_湖南裕能                True            False            False
2026-02-21 13:04:39,260 - root - INFO - upstream_2_盛新锂能                True            False            False
2026-02-21 13:04:39,261 - root - INFO - upstream_3_天齐锂业               False            False            False
2026-02-21 13:04:39,261 - root - INFO - upstream_4_赣锋锂业                True            False            False
2026-02-21 13:04:39,261 - root - INFO - upstream_5_川恒股份               False            False            False
2026-02-21 13:04:39,261 - root - INFO - upstream_6_盐湖股份               False            False            False
2026-02-21 13:04:39,261 - root - INFO - upstream_7_中远海控               False            False            False
2026-02-21 13:04:39,261 - root - INFO - upstream_8_湘潭电化               False            False            False
2026-02-21 13:04:39,261 - root - INFO - upstream_9_华友钴业               False            False            False
2026-02-21 13:04:39,261 - root - INFO - upstream_10_西藏珠峰              False            False             True
2026-02-21 13:04:39,261 - root - INFO - upstream_11_宁波韵升              False            False            False
2026-02-21 13:04:39,261 - root - INFO - upstream_12_中国卫星               True            False             True
2026-02-21 13:04:39,261 - root - INFO - upstream_13_贵研铂业               True            False            False
2026-02-21 13:04:39,261 - root - INFO - upstream_14_北方稀土              False            False            False
2026-02-21 13:04:39,262 - root - INFO - upstream_15_盛和资源              False            False            False
2026-02-21 13:04:39,262 - root - INFO - upstream_16_南山铝业              False            False            False
2026-02-21 13:04:39,262 - root - INFO - upstream_17_江西铜业              False            False            False
2026-02-21 13:04:39,262 - root - INFO - upstream_18_中国铝业               True            False            False
2026-02-21 13:04:39,262 - root - INFO - upstream_19_雅化集团               True            False            False
2026-02-21 13:04:39,262 - root - INFO - upstream_20_瑞泰科技              False            False            False
2026-02-21 13:04:39,262 - root - INFO - upstream_21_方大炭素               True            False            False
2026-02-21 13:04:39,262 - root - INFO - upstream_22_鹏辉能源               True            False            False
2026-02-21 13:04:39,263 - root - INFO - upstream_23_德方纳米              False            False            False
2026-02-21 13:04:39,263 - root - INFO - upstream_24_天华新能               True            False            False
2026-02-21 13:04:39,263 - root - INFO - upstream_25_容百科技               True            False            False
2026-02-21 13:04:39,263 - root - INFO - upstream_26_璞泰来                True            False            False
2026-02-21 13:04:39,263 - root - INFO - upstream_27_杉杉股份               True            False            False
2026-02-21 13:04:39,263 - root - INFO - upstream_28_诺德股份              False            False            False
2026-02-21 13:04:39,264 - root - INFO - upstream_29_天赐材料               True            False            False
2026-02-21 13:04:39,264 - root - INFO - upstream_30_多氟多                True            False            False
2026-02-21 13:04:39,264 - root - INFO - upstream_31_星源材质               True            False             True
2026-02-21 13:04:39,264 - root - INFO - upstream_32_先导智能              False            False            False
2026-02-21 13:04:39,264 - root - INFO - upstream_33_迈为股份               True            False            False
2026-02-21 13:04:39,264 - root - INFO - upstream_34_正业科技              False            False            False
2026-02-21 13:04:39,264 - root - INFO - upstream_35_罗博特科              False            False            False
2026-02-21 13:04:39,264 - root - INFO - upstream_36_永太科技               True            False            False
2026-02-21 13:04:39,265 - root - INFO - upstream_37_奥特维               False            False            False
2026-02-21 13:04:39,265 - root - INFO - upstream_38_芳源股份               True            False            False
2026-02-21 13:04:39,265 - root - INFO - upstream_39_派能科技              False            False            False
2026-02-21 13:04:39,265 - root - INFO - upstream_40_振江股份              False            False            False
2026-02-21 13:04:39,265 - root - INFO - upstream_41_欣锐科技               True            False            False
2026-02-21 13:04:39,265 - root - INFO - upstream_42_视源股份              False            False            False
2026-02-21 13:04:39,265 - root - INFO - upstream_43_德赛西威              False            False            False
2026-02-21 13:04:39,266 - root - INFO - downstream_1_比亚迪              False            False            False
2026-02-21 13:04:39,266 - root - INFO - downstream_2_长城汽车             False            False            False
2026-02-21 13:04:39,266 - root - INFO - downstream_3_长安汽车             False            False            False
2026-02-21 13:04:39,266 - root - INFO - downstream_4_上汽集团             False            False            False
2026-02-21 13:04:39,266 - root - INFO - LC                            False            False            False
2026-02-21 13:04:39,266 - root - INFO - 
2026-02-21 13:04:39,266 - root - INFO -                     upstream_9_华友钴业  upstream_10_西藏珠峰  upstream_11_宁波韵升  \
2026-02-21 13:04:39,266 - root - INFO - 宁德时代                          False             False             False
2026-02-21 13:04:39,267 - root - INFO - market_data_1_上证综指            False             False             False
2026-02-21 13:04:39,267 - root - INFO - market_data_2_深证成指            False             False              True
2026-02-21 13:04:39,267 - root - INFO - market_data_3_创业板指            False             False              True
2026-02-21 13:04:39,267 - root - INFO - upstream_1_湖南裕能                True             False             False
2026-02-21 13:04:39,267 - root - INFO - upstream_2_盛新锂能                True             False             False
2026-02-21 13:04:39,267 - root - INFO - upstream_3_天齐锂业                True              True             False
2026-02-21 13:04:39,267 - root - INFO - upstream_4_赣锋锂业                True             False              True
2026-02-21 13:04:39,268 - root - INFO - upstream_5_川恒股份                True             False             False
2026-02-21 13:04:39,268 - root - INFO - upstream_6_盐湖股份                True             False             False
2026-02-21 13:04:39,268 - root - INFO - upstream_7_中远海控               False             False             False
2026-02-21 13:04:39,268 - root - INFO - upstream_8_湘潭电化               False             False              True
2026-02-21 13:04:39,268 - root - INFO - upstream_9_华友钴业               False             False              True
2026-02-21 13:04:39,268 - root - INFO - upstream_10_西藏珠峰               True             False              True
2026-02-21 13:04:39,269 - root - INFO - upstream_11_宁波韵升              False             False             False
2026-02-21 13:04:39,269 - root - INFO - upstream_12_中国卫星               True              True             False
2026-02-21 13:04:39,269 - root - INFO - upstream_13_贵研铂业               True             False             False
2026-02-21 13:04:39,269 - root - INFO - upstream_14_北方稀土              False              True              True
2026-02-21 13:04:39,269 - root - INFO - upstream_15_盛和资源              False             False             False
2026-02-21 13:04:39,269 - root - INFO - upstream_16_南山铝业               True             False             False
2026-02-21 13:04:39,269 - root - INFO - upstream_17_江西铜业               True             False             False
2026-02-21 13:04:39,269 - root - INFO - upstream_18_中国铝业               True             False             False
2026-02-21 13:04:39,270 - root - INFO - upstream_19_雅化集团               True             False             False
2026-02-21 13:04:39,270 - root - INFO - upstream_20_瑞泰科技               True              True             False
2026-02-21 13:04:39,270 - root - INFO - upstream_21_方大炭素               True              True             False
2026-02-21 13:04:39,270 - root - INFO - upstream_22_鹏辉能源               True             False             False
2026-02-21 13:04:39,270 - root - INFO - upstream_23_德方纳米              False             False             False
2026-02-21 13:04:39,270 - root - INFO - upstream_24_天华新能               True             False             False
2026-02-21 13:04:39,270 - root - INFO - upstream_25_容百科技               True              True              True
2026-02-21 13:04:39,270 - root - INFO - upstream_26_璞泰来                True             False              True
2026-02-21 13:04:39,271 - root - INFO - upstream_27_杉杉股份               True              True              True
2026-02-21 13:04:39,271 - root - INFO - upstream_28_诺德股份              False             False              True
2026-02-21 13:04:39,271 - root - INFO - upstream_29_天赐材料               True             False              True
2026-02-21 13:04:39,271 - root - INFO - upstream_30_多氟多                True             False             False
2026-02-21 13:04:39,271 - root - INFO - upstream_31_星源材质              False             False              True
2026-02-21 13:04:39,271 - root - INFO - upstream_32_先导智能               True              True              True
2026-02-21 13:04:39,271 - root - INFO - upstream_33_迈为股份               True             False             False
2026-02-21 13:04:39,271 - root - INFO - upstream_34_正业科技              False             False              True
2026-02-21 13:04:39,272 - root - INFO - upstream_35_罗博特科              False             False             False
2026-02-21 13:04:39,272 - root - INFO - upstream_36_永太科技               True             False              True
2026-02-21 13:04:39,272 - root - INFO - upstream_37_奥特维               False             False             False
2026-02-21 13:04:39,272 - root - INFO - upstream_38_芳源股份               True              True              True
2026-02-21 13:04:39,272 - root - INFO - upstream_39_派能科技               True             False              True
2026-02-21 13:04:39,272 - root - INFO - upstream_40_振江股份              False             False             False
2026-02-21 13:04:39,272 - root - INFO - upstream_41_欣锐科技               True              True              True
2026-02-21 13:04:39,272 - root - INFO - upstream_42_视源股份              False             False             False
2026-02-21 13:04:39,273 - root - INFO - upstream_43_德赛西威              False             False             False
2026-02-21 13:04:39,273 - root - INFO - downstream_1_比亚迪              False             False             False
2026-02-21 13:04:39,273 - root - INFO - downstream_2_长城汽车             False             False             False
2026-02-21 13:04:39,273 - root - INFO - downstream_3_长安汽车             False             False             False
2026-02-21 13:04:39,273 - root - INFO - downstream_4_上汽集团             False             False             False
2026-02-21 13:04:39,273 - root - INFO - LC                            False             False             False
2026-02-21 13:04:39,274 - root - INFO - 
2026-02-21 13:04:39,274 - root - INFO -                     upstream_12_中国卫星  upstream_13_贵研铂业  upstream_14_北方稀土  \
2026-02-21 13:04:39,274 - root - INFO - 宁德时代                           False             False              True
2026-02-21 13:04:39,274 - root - INFO - market_data_1_上证综指             False             False             False
2026-02-21 13:04:39,274 - root - INFO - market_data_2_深证成指             False             False             False
2026-02-21 13:04:39,274 - root - INFO - market_data_3_创业板指             False             False              True
2026-02-21 13:04:39,274 - root - INFO - upstream_1_湖南裕能                 True             False              True
2026-02-21 13:04:39,274 - root - INFO - upstream_2_盛新锂能                 True              True              True
2026-02-21 13:04:39,275 - root - INFO - upstream_3_天齐锂业                False              True              True
2026-02-21 13:04:39,275 - root - INFO - upstream_4_赣锋锂业                False              True              True
2026-02-21 13:04:39,275 - root - INFO - upstream_5_川恒股份                 True             False              True
2026-02-21 13:04:39,276 - root - INFO - upstream_6_盐湖股份                False             False             False
2026-02-21 13:04:39,276 - root - INFO - upstream_7_中远海控                False             False             False
2026-02-21 13:04:39,276 - root - INFO - upstream_8_湘潭电化                 True             False             False
2026-02-21 13:04:39,276 - root - INFO - upstream_9_华友钴业                False             False              True
2026-02-21 13:04:39,276 - root - INFO - upstream_10_西藏珠峰                True              True              True
2026-02-21 13:04:39,276 - root - INFO - upstream_11_宁波韵升               False             False             False
2026-02-21 13:04:39,276 - root - INFO - upstream_12_中国卫星               False              True              True
2026-02-21 13:04:39,278 - root - INFO - upstream_13_贵研铂业                True             False              True
2026-02-21 13:04:39,278 - root - INFO - upstream_14_北方稀土                True             False             False
2026-02-21 13:04:39,278 - root - INFO - upstream_15_盛和资源               False             False             False
2026-02-21 13:04:39,279 - root - INFO - upstream_16_南山铝业               False             False             False
2026-02-21 13:04:39,279 - root - INFO - upstream_17_江西铜业                True             False             False
2026-02-21 13:04:39,279 - root - INFO - upstream_18_中国铝业                True              True              True
2026-02-21 13:04:39,279 - root - INFO - upstream_19_雅化集团                True             False              True
2026-02-21 13:04:39,279 - root - INFO - upstream_20_瑞泰科技               False             False              True
2026-02-21 13:04:39,280 - root - INFO - upstream_21_方大炭素                True              True             False
2026-02-21 13:04:39,280 - root - INFO - upstream_22_鹏辉能源                True             False              True
2026-02-21 13:04:39,280 - root - INFO - upstream_23_德方纳米                True             False             False
2026-02-21 13:04:39,280 - root - INFO - upstream_24_天华新能                True              True              True
2026-02-21 13:04:39,281 - root - INFO - upstream_25_容百科技                True              True              True
2026-02-21 13:04:39,281 - root - INFO - upstream_26_璞泰来                 True             False              True
2026-02-21 13:04:39,281 - root - INFO - upstream_27_杉杉股份                True             False              True
2026-02-21 13:04:39,281 - root - INFO - upstream_28_诺德股份               False              True              True
2026-02-21 13:04:39,282 - root - INFO - upstream_29_天赐材料                True             False              True
2026-02-21 13:04:39,282 - root - INFO - upstream_30_多氟多                 True             False              True
2026-02-21 13:04:39,282 - root - INFO - upstream_31_星源材质                True              True             False
2026-02-21 13:04:39,283 - root - INFO - upstream_32_先导智能               False              True              True
2026-02-21 13:04:39,283 - root - INFO - upstream_33_迈为股份                True              True             False
2026-02-21 13:04:39,283 - root - INFO - upstream_34_正业科技               False             False              True
2026-02-21 13:04:39,283 - root - INFO - upstream_35_罗博特科               False             False             False
2026-02-21 13:04:39,283 - root - INFO - upstream_36_永太科技                True             False              True
2026-02-21 13:04:39,284 - root - INFO - upstream_37_奥特维                False             False             False
2026-02-21 13:04:39,284 - root - INFO - upstream_38_芳源股份                True              True              True
2026-02-21 13:04:39,284 - root - INFO - upstream_39_派能科技                True              True             False
2026-02-21 13:04:39,284 - root - INFO - upstream_40_振江股份               False             False             False
2026-02-21 13:04:39,284 - root - INFO - upstream_41_欣锐科技                True              True              True
2026-02-21 13:04:39,284 - root - INFO - upstream_42_视源股份               False             False              True
2026-02-21 13:04:39,284 - root - INFO - upstream_43_德赛西威               False             False             False
2026-02-21 13:04:39,284 - root - INFO - downstream_1_比亚迪               False             False             False
2026-02-21 13:04:39,285 - root - INFO - downstream_2_长城汽车              False             False             False
2026-02-21 13:04:39,285 - root - INFO - downstream_3_长安汽车              False             False             False
2026-02-21 13:04:39,285 - root - INFO - downstream_4_上汽集团              False             False             False
2026-02-21 13:04:39,285 - root - INFO - LC                              True             False             False
2026-02-21 13:04:39,286 - root - INFO - 
2026-02-21 13:04:39,286 - root - INFO -                     upstream_15_盛和资源  upstream_16_南山铝业  upstream_17_江西铜业  \
2026-02-21 13:04:39,286 - root - INFO - 宁德时代                           False             False             False
2026-02-21 13:04:39,286 - root - INFO - market_data_1_上证综指             False             False             False
2026-02-21 13:04:39,286 - root - INFO - market_data_2_深证成指             False             False             False
2026-02-21 13:04:39,287 - root - INFO - market_data_3_创业板指             False             False             False
2026-02-21 13:04:39,287 - root - INFO - upstream_1_湖南裕能                False              True              True
2026-02-21 13:04:39,287 - root - INFO - upstream_2_盛新锂能                False              True              True
2026-02-21 13:04:39,288 - root - INFO - upstream_3_天齐锂业                False              True              True
2026-02-21 13:04:39,288 - root - INFO - upstream_4_赣锋锂业                False             False              True
2026-02-21 13:04:39,288 - root - INFO - upstream_5_川恒股份                 True             False              True
2026-02-21 13:04:39,288 - root - INFO - upstream_6_盐湖股份                False             False              True
2026-02-21 13:04:39,289 - root - INFO - upstream_7_中远海控                False             False             False
2026-02-21 13:04:39,289 - root - INFO - upstream_8_湘潭电化                False             False             False
2026-02-21 13:04:39,289 - root - INFO - upstream_9_华友钴业                False             False              True
2026-02-21 13:04:39,289 - root - INFO - upstream_10_西藏珠峰               False              True             False
2026-02-21 13:04:39,290 - root - INFO - upstream_11_宁波韵升               False             False             False
2026-02-21 13:04:39,290 - root - INFO - upstream_12_中国卫星               False              True              True
2026-02-21 13:04:39,290 - root - INFO - upstream_13_贵研铂业               False              True              True
2026-02-21 13:04:39,290 - root - INFO - upstream_14_北方稀土               False             False             False
2026-02-21 13:04:39,290 - root - INFO - upstream_15_盛和资源               False             False             False
2026-02-21 13:04:39,291 - root - INFO - upstream_16_南山铝业               False             False              True
2026-02-21 13:04:39,291 - root - INFO - upstream_17_江西铜业               False             False             False
2026-02-21 13:04:39,291 - root - INFO - upstream_18_中国铝业               False             False              True
2026-02-21 13:04:39,291 - root - INFO - upstream_19_雅化集团               False              True              True
2026-02-21 13:04:39,291 - root - INFO - upstream_20_瑞泰科技                True             False             False
2026-02-21 13:04:39,291 - root - INFO - upstream_21_方大炭素               False              True              True
2026-02-21 13:04:39,292 - root - INFO - upstream_22_鹏辉能源               False              True              True
2026-02-21 13:04:39,292 - root - INFO - upstream_23_德方纳米                True              True             False
2026-02-21 13:04:39,292 - root - INFO - upstream_24_天华新能               False              True              True
2026-02-21 13:04:39,292 - root - INFO - upstream_25_容百科技               False              True             False
2026-02-21 13:04:39,292 - root - INFO - upstream_26_璞泰来                False             False             False
2026-02-21 13:04:39,292 - root - INFO - upstream_27_杉杉股份               False             False             False
2026-02-21 13:04:39,292 - root - INFO - upstream_28_诺德股份               False             False              True
2026-02-21 13:04:39,292 - root - INFO - upstream_29_天赐材料               False              True              True
2026-02-21 13:04:39,292 - root - INFO - upstream_30_多氟多                False              True              True
2026-02-21 13:04:39,294 - root - INFO - upstream_31_星源材质               False              True             False
2026-02-21 13:04:39,294 - root - INFO - upstream_32_先导智能               False             False             False
2026-02-21 13:04:39,294 - root - INFO - upstream_33_迈为股份                True              True              True
2026-02-21 13:04:39,294 - root - INFO - upstream_34_正业科技               False             False             False
2026-02-21 13:04:39,294 - root - INFO - upstream_35_罗博特科               False             False             False
2026-02-21 13:04:39,295 - root - INFO - upstream_36_永太科技               False              True              True
2026-02-21 13:04:39,295 - root - INFO - upstream_37_奥特维                False             False             False
2026-02-21 13:04:39,295 - root - INFO - upstream_38_芳源股份               False              True              True
2026-02-21 13:04:39,295 - root - INFO - upstream_39_派能科技                True              True              True
2026-02-21 13:04:39,295 - root - INFO - upstream_40_振江股份               False             False             False
2026-02-21 13:04:39,296 - root - INFO - upstream_41_欣锐科技               False              True              True
2026-02-21 13:04:39,296 - root - INFO - upstream_42_视源股份               False             False             False
2026-02-21 13:04:39,296 - root - INFO - upstream_43_德赛西威               False             False             False
2026-02-21 13:04:39,296 - root - INFO - downstream_1_比亚迪               False             False             False
2026-02-21 13:04:39,297 - root - INFO - downstream_2_长城汽车              False             False             False
2026-02-21 13:04:39,297 - root - INFO - downstream_3_长安汽车              False             False             False
2026-02-21 13:04:39,297 - root - INFO - downstream_4_上汽集团              False             False             False
2026-02-21 13:04:39,297 - root - INFO - LC                             False             False              True
2026-02-21 13:04:39,297 - root - INFO - 
2026-02-21 13:04:39,297 - root - INFO -                     upstream_18_中国铝业  upstream_19_雅化集团  upstream_20_瑞泰科技  \
2026-02-21 13:04:39,298 - root - INFO - 宁德时代                           False             False             False
2026-02-21 13:04:39,298 - root - INFO - market_data_1_上证综指             False             False             False
2026-02-21 13:04:39,298 - root - INFO - market_data_2_深证成指             False             False             False
2026-02-21 13:04:39,298 - root - INFO - market_data_3_创业板指             False             False             False
2026-02-21 13:04:39,298 - root - INFO - upstream_1_湖南裕能                 True             False              True
2026-02-21 13:04:39,299 - root - INFO - upstream_2_盛新锂能                 True              True             False
2026-02-21 13:04:39,299 - root - INFO - upstream_3_天齐锂业                 True              True              True
2026-02-21 13:04:39,299 - root - INFO - upstream_4_赣锋锂业                False              True              True
2026-02-21 13:04:39,299 - root - INFO - upstream_5_川恒股份                False             False             False
2026-02-21 13:04:39,299 - root - INFO - upstream_6_盐湖股份                 True             False              True
2026-02-21 13:04:39,300 - root - INFO - upstream_7_中远海控                False             False             False
2026-02-21 13:04:39,300 - root - INFO - upstream_8_湘潭电化                False             False             False
2026-02-21 13:04:39,300 - root - INFO - upstream_9_华友钴业                False             False              True
2026-02-21 13:04:39,300 - root - INFO - upstream_10_西藏珠峰                True             False              True
2026-02-21 13:04:39,300 - root - INFO - upstream_11_宁波韵升               False             False             False
2026-02-21 13:04:39,300 - root - INFO - upstream_12_中国卫星                True              True             False
2026-02-21 13:04:39,300 - root - INFO - upstream_13_贵研铂业                True              True             False
2026-02-21 13:04:39,300 - root - INFO - upstream_14_北方稀土               False             False              True
2026-02-21 13:04:39,300 - root - INFO - upstream_15_盛和资源               False             False             False
2026-02-21 13:04:39,301 - root - INFO - upstream_16_南山铝业               False              True             False
2026-02-21 13:04:39,301 - root - INFO - upstream_17_江西铜业               False              True             False
2026-02-21 13:04:39,301 - root - INFO - upstream_18_中国铝业               False              True             False
2026-02-21 13:04:39,301 - root - INFO - upstream_19_雅化集团                True             False              True
2026-02-21 13:04:39,301 - root - INFO - upstream_20_瑞泰科技               False             False             False
2026-02-21 13:04:39,301 - root - INFO - upstream_21_方大炭素                True              True             False
2026-02-21 13:04:39,302 - root - INFO - upstream_22_鹏辉能源                True             False              True
2026-02-21 13:04:39,302 - root - INFO - upstream_23_德方纳米                True             False              True
2026-02-21 13:04:39,302 - root - INFO - upstream_24_天华新能                True              True              True
2026-02-21 13:04:39,302 - root - INFO - upstream_25_容百科技                True              True             False
2026-02-21 13:04:39,302 - root - INFO - upstream_26_璞泰来                 True             False             False
2026-02-21 13:04:39,302 - root - INFO - upstream_27_杉杉股份               False              True             False
2026-02-21 13:04:39,302 - root - INFO - upstream_28_诺德股份                True             False             False
2026-02-21 13:04:39,303 - root - INFO - upstream_29_天赐材料                True             False              True
2026-02-21 13:04:39,303 - root - INFO - upstream_30_多氟多                 True              True              True
2026-02-21 13:04:39,303 - root - INFO - upstream_31_星源材质                True             False              True
2026-02-21 13:04:39,303 - root - INFO - upstream_32_先导智能               False             False             False
2026-02-21 13:04:39,303 - root - INFO - upstream_33_迈为股份                True              True             False
2026-02-21 13:04:39,303 - root - INFO - upstream_34_正业科技               False             False             False
2026-02-21 13:04:39,304 - root - INFO - upstream_35_罗博特科               False             False             False
2026-02-21 13:04:39,304 - root - INFO - upstream_36_永太科技                True              True             False
2026-02-21 13:04:39,304 - root - INFO - upstream_37_奥特维                False             False             False
2026-02-21 13:04:39,304 - root - INFO - upstream_38_芳源股份                True              True              True
2026-02-21 13:04:39,304 - root - INFO - upstream_39_派能科技                True             False             False
2026-02-21 13:04:39,304 - root - INFO - upstream_40_振江股份               False             False             False
2026-02-21 13:04:39,304 - root - INFO - upstream_41_欣锐科技                True              True             False
2026-02-21 13:04:39,305 - root - INFO - upstream_42_视源股份               False             False             False
2026-02-21 13:04:39,305 - root - INFO - upstream_43_德赛西威               False             False              True
2026-02-21 13:04:39,305 - root - INFO - downstream_1_比亚迪               False             False             False
2026-02-21 13:04:39,305 - root - INFO - downstream_2_长城汽车              False             False             False
2026-02-21 13:04:39,305 - root - INFO - downstream_3_长安汽车              False             False             False
2026-02-21 13:04:39,305 - root - INFO - downstream_4_上汽集团              False             False             False
2026-02-21 13:04:39,305 - root - INFO - LC                             False             False             False
2026-02-21 13:04:39,305 - root - INFO - 
2026-02-21 13:04:39,306 - root - INFO -                     upstream_21_方大炭素  upstream_22_鹏辉能源  upstream_23_德方纳米  \
2026-02-21 13:04:39,306 - root - INFO - 宁德时代                           False             False             False
2026-02-21 13:04:39,306 - root - INFO - market_data_1_上证综指             False             False             False
2026-02-21 13:04:39,306 - root - INFO - market_data_2_深证成指             False             False             False
2026-02-21 13:04:39,306 - root - INFO - market_data_3_创业板指              True             False             False
2026-02-21 13:04:39,306 - root - INFO - upstream_1_湖南裕能                False              True             False
2026-02-21 13:04:39,306 - root - INFO - upstream_2_盛新锂能                 True             False             False
2026-02-21 13:04:39,307 - root - INFO - upstream_3_天齐锂业                 True              True              True
2026-02-21 13:04:39,307 - root - INFO - upstream_4_赣锋锂业                 True             False              True
2026-02-21 13:04:39,307 - root - INFO - upstream_5_川恒股份                False              True             False
2026-02-21 13:04:39,307 - root - INFO - upstream_6_盐湖股份                 True             False             False
2026-02-21 13:04:39,307 - root - INFO - upstream_7_中远海控                False             False             False
2026-02-21 13:04:39,307 - root - INFO - upstream_8_湘潭电化                False             False             False
2026-02-21 13:04:39,307 - root - INFO - upstream_9_华友钴业                 True             False             False
2026-02-21 13:04:39,307 - root - INFO - upstream_10_西藏珠峰                True              True              True
2026-02-21 13:04:39,308 - root - INFO - upstream_11_宁波韵升               False             False              True
2026-02-21 13:04:39,308 - root - INFO - upstream_12_中国卫星                True             False             False
2026-02-21 13:04:39,308 - root - INFO - upstream_13_贵研铂业                True             False             False
2026-02-21 13:04:39,308 - root - INFO - upstream_14_北方稀土               False             False             False
2026-02-21 13:04:39,308 - root - INFO - upstream_15_盛和资源               False             False             False
2026-02-21 13:04:39,308 - root - INFO - upstream_16_南山铝业                True              True             False
2026-02-21 13:04:39,308 - root - INFO - upstream_17_江西铜业               False             False             False
2026-02-21 13:04:39,308 - root - INFO - upstream_18_中国铝业               False             False             False
2026-02-21 13:04:39,308 - root - INFO - upstream_19_雅化集团                True             False             False
2026-02-21 13:04:39,308 - root - INFO - upstream_20_瑞泰科技               False             False             False
2026-02-21 13:04:39,310 - root - INFO - upstream_21_方大炭素               False              True              True
2026-02-21 13:04:39,310 - root - INFO - upstream_22_鹏辉能源                True             False             False
2026-02-21 13:04:39,310 - root - INFO - upstream_23_德方纳米               False              True             False
2026-02-21 13:04:39,310 - root - INFO - upstream_24_天华新能                True              True              True
2026-02-21 13:04:39,310 - root - INFO - upstream_25_容百科技                True              True              True
2026-02-21 13:04:39,310 - root - INFO - upstream_26_璞泰来                False              True             False
2026-02-21 13:04:39,310 - root - INFO - upstream_27_杉杉股份               False             False             False
2026-02-21 13:04:39,310 - root - INFO - upstream_28_诺德股份               False             False             False
2026-02-21 13:04:39,311 - root - INFO - upstream_29_天赐材料               False              True              True
2026-02-21 13:04:39,311 - root - INFO - upstream_30_多氟多                False              True             False
2026-02-21 13:04:39,311 - root - INFO - upstream_31_星源材质               False              True              True
2026-02-21 13:04:39,311 - root - INFO - upstream_32_先导智能                True             False             False
2026-02-21 13:04:39,311 - root - INFO - upstream_33_迈为股份                True              True             False
2026-02-21 13:04:39,311 - root - INFO - upstream_34_正业科技               False             False             False
2026-02-21 13:04:39,311 - root - INFO - upstream_35_罗博特科               False             False             False
2026-02-21 13:04:39,311 - root - INFO - upstream_36_永太科技                True              True             False
2026-02-21 13:04:39,312 - root - INFO - upstream_37_奥特维                False             False             False
2026-02-21 13:04:39,312 - root - INFO - upstream_38_芳源股份                True              True             False
2026-02-21 13:04:39,312 - root - INFO - upstream_39_派能科技               False             False             False
2026-02-21 13:04:39,312 - root - INFO - upstream_40_振江股份               False             False             False
2026-02-21 13:04:39,312 - root - INFO - upstream_41_欣锐科技                True             False             False
2026-02-21 13:04:39,312 - root - INFO - upstream_42_视源股份               False             False             False
2026-02-21 13:04:39,313 - root - INFO - upstream_43_德赛西威               False             False             False
2026-02-21 13:04:39,313 - root - INFO - downstream_1_比亚迪               False             False             False
2026-02-21 13:04:39,313 - root - INFO - downstream_2_长城汽车              False             False             False
2026-02-21 13:04:39,313 - root - INFO - downstream_3_长安汽车              False             False             False
2026-02-21 13:04:39,313 - root - INFO - downstream_4_上汽集团              False             False             False
2026-02-21 13:04:39,313 - root - INFO - LC                              True             False             False
2026-02-21 13:04:39,313 - root - INFO - 
2026-02-21 13:04:39,314 - root - INFO -                     upstream_24_天华新能  upstream_25_容百科技  upstream_26_璞泰来  \
2026-02-21 13:04:39,314 - root - INFO - 宁德时代                           False             False            False
2026-02-21 13:04:39,314 - root - INFO - market_data_1_上证综指             False             False            False
2026-02-21 13:04:39,314 - root - INFO - market_data_2_深证成指             False             False            False
2026-02-21 13:04:39,314 - root - INFO - market_data_3_创业板指              True             False            False
2026-02-21 13:04:39,314 - root - INFO - upstream_1_湖南裕能                 True             False            False
2026-02-21 13:04:39,314 - root - INFO - upstream_2_盛新锂能                 True              True             True
2026-02-21 13:04:39,314 - root - INFO - upstream_3_天齐锂业                False             False             True
2026-02-21 13:04:39,315 - root - INFO - upstream_4_赣锋锂业                 True             False             True
2026-02-21 13:04:39,315 - root - INFO - upstream_5_川恒股份                False             False            False
2026-02-21 13:04:39,315 - root - INFO - upstream_6_盐湖股份                 True             False            False
2026-02-21 13:04:39,315 - root - INFO - upstream_7_中远海控                False             False            False
2026-02-21 13:04:39,315 - root - INFO - upstream_8_湘潭电化                False             False            False
2026-02-21 13:04:39,315 - root - INFO - upstream_9_华友钴业                False             False            False
2026-02-21 13:04:39,316 - root - INFO - upstream_10_西藏珠峰               False             False             True
2026-02-21 13:04:39,316 - root - INFO - upstream_11_宁波韵升               False              True             True
2026-02-21 13:04:39,316 - root - INFO - upstream_12_中国卫星                True              True             True
2026-02-21 13:04:39,316 - root - INFO - upstream_13_贵研铂业                True             False            False
2026-02-21 13:04:39,316 - root - INFO - upstream_14_北方稀土               False             False            False
2026-02-21 13:04:39,316 - root - INFO - upstream_15_盛和资源               False             False            False
2026-02-21 13:04:39,316 - root - INFO - upstream_16_南山铝业                True             False            False
2026-02-21 13:04:39,316 - root - INFO - upstream_17_江西铜业                True             False            False
2026-02-21 13:04:39,316 - root - INFO - upstream_18_中国铝业                True             False            False
2026-02-21 13:04:39,316 - root - INFO - upstream_19_雅化集团               False             False            False
2026-02-21 13:04:39,316 - root - INFO - upstream_20_瑞泰科技                True             False            False
2026-02-21 13:04:39,316 - root - INFO - upstream_21_方大炭素               False              True             True
2026-02-21 13:04:39,316 - root - INFO - upstream_22_鹏辉能源                True              True            False
2026-02-21 13:04:39,317 - root - INFO - upstream_23_德方纳米               False              True            False
2026-02-21 13:04:39,317 - root - INFO - upstream_24_天华新能               False             False             True
2026-02-21 13:04:39,317 - root - INFO - upstream_25_容百科技               False             False             True
2026-02-21 13:04:39,317 - root - INFO - upstream_26_璞泰来                 True             False            False
2026-02-21 13:04:39,317 - root - INFO - upstream_27_杉杉股份               False             False            False
2026-02-21 13:04:39,317 - root - INFO - upstream_28_诺德股份               False             False            False
2026-02-21 13:04:39,317 - root - INFO - upstream_29_天赐材料                True              True             True
2026-02-21 13:04:39,317 - root - INFO - upstream_30_多氟多                 True             False            False
2026-02-21 13:04:39,318 - root - INFO - upstream_31_星源材质               False              True             True
2026-02-21 13:04:39,318 - root - INFO - upstream_32_先导智能                True             False            False
2026-02-21 13:04:39,318 - root - INFO - upstream_33_迈为股份                True              True             True
2026-02-21 13:04:39,318 - root - INFO - upstream_34_正业科技               False             False            False
2026-02-21 13:04:39,318 - root - INFO - upstream_35_罗博特科               False             False            False
2026-02-21 13:04:39,318 - root - INFO - upstream_36_永太科技                True             False            False
2026-02-21 13:04:39,318 - root - INFO - upstream_37_奥特维                False             False            False
2026-02-21 13:04:39,318 - root - INFO - upstream_38_芳源股份               False              True             True
2026-02-21 13:04:39,318 - root - INFO - upstream_39_派能科技               False             False            False
2026-02-21 13:04:39,319 - root - INFO - upstream_40_振江股份               False             False            False
2026-02-21 13:04:39,319 - root - INFO - upstream_41_欣锐科技               False             False            False
2026-02-21 13:04:39,319 - root - INFO - upstream_42_视源股份               False             False            False
2026-02-21 13:04:39,319 - root - INFO - upstream_43_德赛西威               False             False            False
2026-02-21 13:04:39,319 - root - INFO - downstream_1_比亚迪               False             False            False
2026-02-21 13:04:39,319 - root - INFO - downstream_2_长城汽车              False             False            False
2026-02-21 13:04:39,319 - root - INFO - downstream_3_长安汽车              False             False            False
2026-02-21 13:04:39,319 - root - INFO - downstream_4_上汽集团              False             False            False
2026-02-21 13:04:39,320 - root - INFO - LC                             False             False            False
2026-02-21 13:04:39,320 - root - INFO - 
2026-02-21 13:04:39,320 - root - INFO -                     upstream_27_杉杉股份  upstream_28_诺德股份  upstream_29_天赐材料  \
2026-02-21 13:04:39,320 - root - INFO - 宁德时代                            True             False             False
2026-02-21 13:04:39,320 - root - INFO - market_data_1_上证综指             False             False             False
2026-02-21 13:04:39,320 - root - INFO - market_data_2_深证成指             False             False             False
2026-02-21 13:04:39,320 - root - INFO - market_data_3_创业板指             False             False             False
2026-02-21 13:04:39,321 - root - INFO - upstream_1_湖南裕能                 True             False             False
2026-02-21 13:04:39,321 - root - INFO - upstream_2_盛新锂能                False              True              True
2026-02-21 13:04:39,321 - root - INFO - upstream_3_天齐锂业                 True              True              True
2026-02-21 13:04:39,321 - root - INFO - upstream_4_赣锋锂业                 True              True              True
2026-02-21 13:04:39,321 - root - INFO - upstream_5_川恒股份                 True             False             False
2026-02-21 13:04:39,321 - root - INFO - upstream_6_盐湖股份                 True             False             False
2026-02-21 13:04:39,321 - root - INFO - upstream_7_中远海控                False             False             False
2026-02-21 13:04:39,321 - root - INFO - upstream_8_湘潭电化                False             False             False
2026-02-21 13:04:39,321 - root - INFO - upstream_9_华友钴业                 True             False              True
2026-02-21 13:04:39,322 - root - INFO - upstream_10_西藏珠峰                True              True              True
2026-02-21 13:04:39,322 - root - INFO - upstream_11_宁波韵升                True              True              True
2026-02-21 13:04:39,322 - root - INFO - upstream_12_中国卫星               False             False              True
2026-02-21 13:04:39,322 - root - INFO - upstream_13_贵研铂业               False             False             False
2026-02-21 13:04:39,322 - root - INFO - upstream_14_北方稀土               False              True              True
2026-02-21 13:04:39,322 - root - INFO - upstream_15_盛和资源               False             False             False
2026-02-21 13:04:39,322 - root - INFO - upstream_16_南山铝业               False             False             False
2026-02-21 13:04:39,322 - root - INFO - upstream_17_江西铜业               False             False             False
2026-02-21 13:04:39,323 - root - INFO - upstream_18_中国铝业               False              True              True
2026-02-21 13:04:39,323 - root - INFO - upstream_19_雅化集团               False             False             False
2026-02-21 13:04:39,323 - root - INFO - upstream_20_瑞泰科技                True             False             False
2026-02-21 13:04:39,323 - root - INFO - upstream_21_方大炭素                True             False              True
2026-02-21 13:04:39,323 - root - INFO - upstream_22_鹏辉能源               False             False             False
2026-02-21 13:04:39,323 - root - INFO - upstream_23_德方纳米               False             False             False
2026-02-21 13:04:39,323 - root - INFO - upstream_24_天华新能                True              True              True
2026-02-21 13:04:39,324 - root - INFO - upstream_25_容百科技               False              True              True
2026-02-21 13:04:39,324 - root - INFO - upstream_26_璞泰来                 True              True              True
2026-02-21 13:04:39,324 - root - INFO - upstream_27_杉杉股份               False             False              True
2026-02-21 13:04:39,324 - root - INFO - upstream_28_诺德股份               False             False             False
2026-02-21 13:04:39,324 - root - INFO - upstream_29_天赐材料                True             False             False
2026-02-21 13:04:39,324 - root - INFO - upstream_30_多氟多                False             False              True
2026-02-21 13:04:39,324 - root - INFO - upstream_31_星源材质                True              True              True
2026-02-21 13:04:39,324 - root - INFO - upstream_32_先导智能               False              True              True
2026-02-21 13:04:39,324 - root - INFO - upstream_33_迈为股份                True              True              True
2026-02-21 13:04:39,326 - root - INFO - upstream_34_正业科技               False              True             False
2026-02-21 13:04:39,326 - root - INFO - upstream_35_罗博特科               False             False             False
2026-02-21 13:04:39,326 - root - INFO - upstream_36_永太科技                True             False             False
2026-02-21 13:04:39,326 - root - INFO - upstream_37_奥特维                False             False             False
2026-02-21 13:04:39,326 - root - INFO - upstream_38_芳源股份               False              True              True
2026-02-21 13:04:39,326 - root - INFO - upstream_39_派能科技               False             False             False
2026-02-21 13:04:39,326 - root - INFO - upstream_40_振江股份               False             False             False
2026-02-21 13:04:39,327 - root - INFO - upstream_41_欣锐科技               False             False             False
2026-02-21 13:04:39,327 - root - INFO - upstream_42_视源股份               False             False             False
2026-02-21 13:04:39,327 - root - INFO - upstream_43_德赛西威               False             False             False
2026-02-21 13:04:39,327 - root - INFO - downstream_1_比亚迪               False             False             False
2026-02-21 13:04:39,327 - root - INFO - downstream_2_长城汽车              False             False             False
2026-02-21 13:04:39,327 - root - INFO - downstream_3_长安汽车              False             False             False
2026-02-21 13:04:39,327 - root - INFO - downstream_4_上汽集团              False             False             False
2026-02-21 13:04:39,327 - root - INFO - LC                             False             False             False
2026-02-21 13:04:39,328 - root - INFO - 
2026-02-21 13:04:39,328 - root - INFO -                     upstream_30_多氟多  upstream_31_星源材质  upstream_32_先导智能  \
2026-02-21 13:04:39,328 - root - INFO - 宁德时代                          False             False              True
2026-02-21 13:04:39,328 - root - INFO - market_data_1_上证综指            False              True             False
2026-02-21 13:04:39,328 - root - INFO - market_data_2_深证成指            False              True             False
2026-02-21 13:04:39,328 - root - INFO - market_data_3_创业板指            False              True              True
2026-02-21 13:04:39,328 - root - INFO - upstream_1_湖南裕能               False              True              True
2026-02-21 13:04:39,328 - root - INFO - upstream_2_盛新锂能                True              True              True
2026-02-21 13:04:39,329 - root - INFO - upstream_3_天齐锂业                True              True              True
2026-02-21 13:04:39,329 - root - INFO - upstream_4_赣锋锂业                True              True              True
2026-02-21 13:04:39,329 - root - INFO - upstream_5_川恒股份                True             False             False
2026-02-21 13:04:39,329 - root - INFO - upstream_6_盐湖股份               False              True             False
2026-02-21 13:04:39,329 - root - INFO - upstream_7_中远海控               False             False             False
2026-02-21 13:04:39,329 - root - INFO - upstream_8_湘潭电化               False             False              True
2026-02-21 13:04:39,329 - root - INFO - upstream_9_华友钴业               False              True              True
2026-02-21 13:04:39,330 - root - INFO - upstream_10_西藏珠峰               True              True              True
2026-02-21 13:04:39,330 - root - INFO - upstream_11_宁波韵升              False             False              True
2026-02-21 13:04:39,330 - root - INFO - upstream_12_中国卫星               True              True              True
2026-02-21 13:04:39,330 - root - INFO - upstream_13_贵研铂业               True              True             False
2026-02-21 13:04:39,330 - root - INFO - upstream_14_北方稀土               True             False              True
2026-02-21 13:04:39,330 - root - INFO - upstream_15_盛和资源              False             False             False
2026-02-21 13:04:39,330 - root - INFO - upstream_16_南山铝业              False              True              True
2026-02-21 13:04:39,330 - root - INFO - upstream_17_江西铜业              False             False              True
2026-02-21 13:04:39,330 - root - INFO - upstream_18_中国铝业              False              True              True
2026-02-21 13:04:39,331 - root - INFO - upstream_19_雅化集团               True             False             False
2026-02-21 13:04:39,331 - root - INFO - upstream_20_瑞泰科技               True              True             False
2026-02-21 13:04:39,331 - root - INFO - upstream_21_方大炭素               True             False             False
2026-02-21 13:04:39,331 - root - INFO - upstream_22_鹏辉能源               True              True              True
2026-02-21 13:04:39,331 - root - INFO - upstream_23_德方纳米               True             False              True
2026-02-21 13:04:39,331 - root - INFO - upstream_24_天华新能               True              True              True
2026-02-21 13:04:39,331 - root - INFO - upstream_25_容百科技               True              True              True
2026-02-21 13:04:39,331 - root - INFO - upstream_26_璞泰来               False              True              True
2026-02-21 13:04:39,332 - root - INFO - upstream_27_杉杉股份              False              True              True
2026-02-21 13:04:39,332 - root - INFO - upstream_28_诺德股份              False              True             False
2026-02-21 13:04:39,332 - root - INFO - upstream_29_天赐材料               True              True              True
2026-02-21 13:04:39,332 - root - INFO - upstream_30_多氟多               False              True              True
2026-02-21 13:04:39,332 - root - INFO - upstream_31_星源材质               True             False              True
2026-02-21 13:04:39,332 - root - INFO - upstream_32_先导智能               True              True             False
2026-02-21 13:04:39,332 - root - INFO - upstream_33_迈为股份               True              True             False
2026-02-21 13:04:39,332 - root - INFO - upstream_34_正业科技              False             False             False
2026-02-21 13:04:39,332 - root - INFO - upstream_35_罗博特科              False             False              True
2026-02-21 13:04:39,332 - root - INFO - upstream_36_永太科技               True             False              True
2026-02-21 13:04:39,333 - root - INFO - upstream_37_奥特维               False             False             False
2026-02-21 13:04:39,333 - root - INFO - upstream_38_芳源股份               True             False              True
2026-02-21 13:04:39,333 - root - INFO - upstream_39_派能科技               True             False             False
2026-02-21 13:04:39,333 - root - INFO - upstream_40_振江股份              False             False             False
2026-02-21 13:04:39,333 - root - INFO - upstream_41_欣锐科技               True             False              True
2026-02-21 13:04:39,333 - root - INFO - upstream_42_视源股份              False             False             False
2026-02-21 13:04:39,333 - root - INFO - upstream_43_德赛西威              False             False             False
2026-02-21 13:04:39,333 - root - INFO - downstream_1_比亚迪              False             False             False
2026-02-21 13:04:39,333 - root - INFO - downstream_2_长城汽车             False             False             False
2026-02-21 13:04:39,334 - root - INFO - downstream_3_长安汽车             False             False             False
2026-02-21 13:04:39,334 - root - INFO - downstream_4_上汽集团             False             False             False
2026-02-21 13:04:39,334 - root - INFO - LC                             True              True              True
2026-02-21 13:04:39,334 - root - INFO - 
2026-02-21 13:04:39,334 - root - INFO -                     upstream_33_迈为股份  upstream_34_正业科技  upstream_35_罗博特科  \
2026-02-21 13:04:39,334 - root - INFO - 宁德时代                           False             False              True
2026-02-21 13:04:39,334 - root - INFO - market_data_1_上证综指             False             False             False
2026-02-21 13:04:39,334 - root - INFO - market_data_2_深证成指              True             False             False
2026-02-21 13:04:39,335 - root - INFO - market_data_3_创业板指              True             False             False
2026-02-21 13:04:39,335 - root - INFO - upstream_1_湖南裕能                False             False             False
2026-02-21 13:04:39,335 - root - INFO - upstream_2_盛新锂能                 True             False             False
2026-02-21 13:04:39,335 - root - INFO - upstream_3_天齐锂业                False             False             False
2026-02-21 13:04:39,335 - root - INFO - upstream_4_赣锋锂业                False              True             False
2026-02-21 13:04:39,335 - root - INFO - upstream_5_川恒股份                False             False             False
2026-02-21 13:04:39,335 - root - INFO - upstream_6_盐湖股份                False             False             False
2026-02-21 13:04:39,335 - root - INFO - upstream_7_中远海控                False             False             False
2026-02-21 13:04:39,336 - root - INFO - upstream_8_湘潭电化                False             False             False
2026-02-21 13:04:39,336 - root - INFO - upstream_9_华友钴业                 True             False             False
2026-02-21 13:04:39,336 - root - INFO - upstream_10_西藏珠峰               False              True             False
2026-02-21 13:04:39,336 - root - INFO - upstream_11_宁波韵升               False             False             False
2026-02-21 13:04:39,336 - root - INFO - upstream_12_中国卫星                True              True              True
2026-02-21 13:04:39,336 - root - INFO - upstream_13_贵研铂业               False             False             False
2026-02-21 13:04:39,336 - root - INFO - upstream_14_北方稀土               False              True             False
2026-02-21 13:04:39,336 - root - INFO - upstream_15_盛和资源               False             False             False
2026-02-21 13:04:39,336 - root - INFO - upstream_16_南山铝业               False             False             False
2026-02-21 13:04:39,336 - root - INFO - upstream_17_江西铜业                True             False             False
2026-02-21 13:04:39,337 - root - INFO - upstream_18_中国铝业               False             False             False
2026-02-21 13:04:39,337 - root - INFO - upstream_19_雅化集团               False             False             False
2026-02-21 13:04:39,337 - root - INFO - upstream_20_瑞泰科技               False             False             False
2026-02-21 13:04:39,337 - root - INFO - upstream_21_方大炭素               False             False             False
2026-02-21 13:04:39,337 - root - INFO - upstream_22_鹏辉能源               False             False             False
2026-02-21 13:04:39,337 - root - INFO - upstream_23_德方纳米               False             False             False
2026-02-21 13:04:39,337 - root - INFO - upstream_24_天华新能                True             False             False
2026-02-21 13:04:39,337 - root - INFO - upstream_25_容百科技                True             False              True
2026-02-21 13:04:39,338 - root - INFO - upstream_26_璞泰来                False              True              True
2026-02-21 13:04:39,338 - root - INFO - upstream_27_杉杉股份                True             False             False
2026-02-21 13:04:39,338 - root - INFO - upstream_28_诺德股份                True             False             False
2026-02-21 13:04:39,338 - root - INFO - upstream_29_天赐材料               False              True              True
2026-02-21 13:04:39,338 - root - INFO - upstream_30_多氟多                False             False             False
2026-02-21 13:04:39,338 - root - INFO - upstream_31_星源材质                True             False             False
2026-02-21 13:04:39,338 - root - INFO - upstream_32_先导智能                True              True              True
2026-02-21 13:04:39,339 - root - INFO - upstream_33_迈为股份               False             False             False
2026-02-21 13:04:39,339 - root - INFO - upstream_34_正业科技               False             False             False
2026-02-21 13:04:39,339 - root - INFO - upstream_35_罗博特科               False             False             False
2026-02-21 13:04:39,339 - root - INFO - upstream_36_永太科技               False             False             False
2026-02-21 13:04:39,339 - root - INFO - upstream_37_奥特维                 True             False             False
2026-02-21 13:04:39,339 - root - INFO - upstream_38_芳源股份               False              True             False
2026-02-21 13:04:39,339 - root - INFO - upstream_39_派能科技                True             False             False
2026-02-21 13:04:39,340 - root - INFO - upstream_40_振江股份               False             False             False
2026-02-21 13:04:39,340 - root - INFO - upstream_41_欣锐科技               False             False             False
2026-02-21 13:04:39,340 - root - INFO - upstream_42_视源股份               False             False             False
2026-02-21 13:04:39,340 - root - INFO - upstream_43_德赛西威               False             False             False
2026-02-21 13:04:39,340 - root - INFO - downstream_1_比亚迪               False             False             False
2026-02-21 13:04:39,340 - root - INFO - downstream_2_长城汽车              False             False             False
2026-02-21 13:04:39,340 - root - INFO - downstream_3_长安汽车              False             False             False
2026-02-21 13:04:39,340 - root - INFO - downstream_4_上汽集团              False             False             False
2026-02-21 13:04:39,340 - root - INFO - LC                             False             False             False
2026-02-21 13:04:39,340 - root - INFO - 
2026-02-21 13:04:39,342 - root - INFO -                     upstream_36_永太科技  upstream_37_奥特维  upstream_38_芳源股份  \
2026-02-21 13:04:39,342 - root - INFO - 宁德时代                           False            False             False
2026-02-21 13:04:39,342 - root - INFO - market_data_1_上证综指             False            False             False
2026-02-21 13:04:39,342 - root - INFO - market_data_2_深证成指             False            False             False
2026-02-21 13:04:39,342 - root - INFO - market_data_3_创业板指             False            False             False
2026-02-21 13:04:39,343 - root - INFO - upstream_1_湖南裕能                False            False              True
2026-02-21 13:04:39,343 - root - INFO - upstream_2_盛新锂能                 True            False              True
2026-02-21 13:04:39,343 - root - INFO - upstream_3_天齐锂业                 True            False              True
2026-02-21 13:04:39,343 - root - INFO - upstream_4_赣锋锂业                False            False              True
2026-02-21 13:04:39,343 - root - INFO - upstream_5_川恒股份                False            False             False
2026-02-21 13:04:39,343 - root - INFO - upstream_6_盐湖股份                False            False              True
2026-02-21 13:04:39,343 - root - INFO - upstream_7_中远海控                False            False             False
2026-02-21 13:04:39,343 - root - INFO - upstream_8_湘潭电化                False            False             False
2026-02-21 13:04:39,344 - root - INFO - upstream_9_华友钴业                False            False              True
2026-02-21 13:04:39,344 - root - INFO - upstream_10_西藏珠峰                True            False              True
2026-02-21 13:04:39,344 - root - INFO - upstream_11_宁波韵升               False            False              True
2026-02-21 13:04:39,344 - root - INFO - upstream_12_中国卫星                True            False             False
2026-02-21 13:04:39,344 - root - INFO - upstream_13_贵研铂业                True            False             False
2026-02-21 13:04:39,345 - root - INFO - upstream_14_北方稀土                True            False              True
2026-02-21 13:04:39,345 - root - INFO - upstream_15_盛和资源               False            False             False
2026-02-21 13:04:39,345 - root - INFO - upstream_16_南山铝业               False            False             False
2026-02-21 13:04:39,345 - root - INFO - upstream_17_江西铜业                True            False              True
2026-02-21 13:04:39,345 - root - INFO - upstream_18_中国铝业               False            False             False
2026-02-21 13:04:39,345 - root - INFO - upstream_19_雅化集团                True            False              True
2026-02-21 13:04:39,346 - root - INFO - upstream_20_瑞泰科技               False            False             False
2026-02-21 13:04:39,346 - root - INFO - upstream_21_方大炭素               False            False              True
2026-02-21 13:04:39,346 - root - INFO - upstream_22_鹏辉能源                True            False              True
2026-02-21 13:04:39,346 - root - INFO - upstream_23_德方纳米               False            False             False
2026-02-21 13:04:39,346 - root - INFO - upstream_24_天华新能                True            False              True
2026-02-21 13:04:39,346 - root - INFO - upstream_25_容百科技                True            False              True
2026-02-21 13:04:39,346 - root - INFO - upstream_26_璞泰来                False            False              True
2026-02-21 13:04:39,346 - root - INFO - upstream_27_杉杉股份               False            False             False
2026-02-21 13:04:39,347 - root - INFO - upstream_28_诺德股份               False            False             False
2026-02-21 13:04:39,347 - root - INFO - upstream_29_天赐材料                True            False              True
2026-02-21 13:04:39,347 - root - INFO - upstream_30_多氟多                 True            False              True
2026-02-21 13:04:39,347 - root - INFO - upstream_31_星源材质                True            False              True
2026-02-21 13:04:39,347 - root - INFO - upstream_32_先导智能               False            False             False
2026-02-21 13:04:39,347 - root - INFO - upstream_33_迈为股份                True             True             False
2026-02-21 13:04:39,348 - root - INFO - upstream_34_正业科技               False            False             False
2026-02-21 13:04:39,348 - root - INFO - upstream_35_罗博特科               False            False             False
2026-02-21 13:04:39,348 - root - INFO - upstream_36_永太科技               False            False              True
2026-02-21 13:04:39,348 - root - INFO - upstream_37_奥特维                False            False             False
2026-02-21 13:04:39,348 - root - INFO - upstream_38_芳源股份                True            False             False
2026-02-21 13:04:39,348 - root - INFO - upstream_39_派能科技                True            False             False
2026-02-21 13:04:39,348 - root - INFO - upstream_40_振江股份               False            False             False
2026-02-21 13:04:39,348 - root - INFO - upstream_41_欣锐科技                True            False              True
2026-02-21 13:04:39,348 - root - INFO - upstream_42_视源股份               False            False             False
2026-02-21 13:04:39,348 - root - INFO - upstream_43_德赛西威               False            False             False
2026-02-21 13:04:39,348 - root - INFO - downstream_1_比亚迪               False            False             False
2026-02-21 13:04:39,348 - root - INFO - downstream_2_长城汽车              False            False             False
2026-02-21 13:04:39,348 - root - INFO - downstream_3_长安汽车              False            False             False
2026-02-21 13:04:39,349 - root - INFO - downstream_4_上汽集团              False            False             False
2026-02-21 13:04:39,349 - root - INFO - LC                             False            False             False
2026-02-21 13:04:39,349 - root - INFO - 
2026-02-21 13:04:39,349 - root - INFO -                     upstream_39_派能科技  upstream_40_振江股份  upstream_41_欣锐科技  \
2026-02-21 13:04:39,349 - root - INFO - 宁德时代                           False             False             False
2026-02-21 13:04:39,349 - root - INFO - market_data_1_上证综指             False             False             False
2026-02-21 13:04:39,349 - root - INFO - market_data_2_深证成指             False             False             False
2026-02-21 13:04:39,350 - root - INFO - market_data_3_创业板指             False             False             False
2026-02-21 13:04:39,350 - root - INFO - upstream_1_湖南裕能                False             False              True
2026-02-21 13:04:39,350 - root - INFO - upstream_2_盛新锂能                False             False              True
2026-02-21 13:04:39,350 - root - INFO - upstream_3_天齐锂业                 True             False             False
2026-02-21 13:04:39,350 - root - INFO - upstream_4_赣锋锂业                False             False             False
2026-02-21 13:04:39,350 - root - INFO - upstream_5_川恒股份                False             False             False
2026-02-21 13:04:39,350 - root - INFO - upstream_6_盐湖股份                False             False             False
2026-02-21 13:04:39,351 - root - INFO - upstream_7_中远海控                False             False             False
2026-02-21 13:04:39,351 - root - INFO - upstream_8_湘潭电化                False             False              True
2026-02-21 13:04:39,351 - root - INFO - upstream_9_华友钴业                 True             False             False
2026-02-21 13:04:39,351 - root - INFO - upstream_10_西藏珠峰               False             False             False
2026-02-21 13:04:39,351 - root - INFO - upstream_11_宁波韵升                True             False             False
2026-02-21 13:04:39,351 - root - INFO - upstream_12_中国卫星               False             False              True
2026-02-21 13:04:39,351 - root - INFO - upstream_13_贵研铂业                True             False             False
2026-02-21 13:04:39,351 - root - INFO - upstream_14_北方稀土                True             False             False
2026-02-21 13:04:39,352 - root - INFO - upstream_15_盛和资源               False             False             False
2026-02-21 13:04:39,352 - root - INFO - upstream_16_南山铝业               False             False              True
2026-02-21 13:04:39,352 - root - INFO - upstream_17_江西铜业                True             False             False
2026-02-21 13:04:39,352 - root - INFO - upstream_18_中国铝业               False             False             False
2026-02-21 13:04:39,352 - root - INFO - upstream_19_雅化集团               False             False              True
2026-02-21 13:04:39,352 - root - INFO - upstream_20_瑞泰科技               False             False             False
2026-02-21 13:04:39,352 - root - INFO - upstream_21_方大炭素               False             False             False
2026-02-21 13:04:39,352 - root - INFO - upstream_22_鹏辉能源               False             False             False
2026-02-21 13:04:39,353 - root - INFO - upstream_23_德方纳米               False             False             False
2026-02-21 13:04:39,353 - root - INFO - upstream_24_天华新能               False             False              True
2026-02-21 13:04:39,353 - root - INFO - upstream_25_容百科技               False             False              True
2026-02-21 13:04:39,353 - root - INFO - upstream_26_璞泰来                False             False             False
2026-02-21 13:04:39,353 - root - INFO - upstream_27_杉杉股份               False             False              True
2026-02-21 13:04:39,353 - root - INFO - upstream_28_诺德股份               False             False             False
2026-02-21 13:04:39,353 - root - INFO - upstream_29_天赐材料                True             False             False
2026-02-21 13:04:39,353 - root - INFO - upstream_30_多氟多                False             False              True
2026-02-21 13:04:39,354 - root - INFO - upstream_31_星源材质               False             False             False
2026-02-21 13:04:39,354 - root - INFO - upstream_32_先导智能               False             False             False
2026-02-21 13:04:39,354 - root - INFO - upstream_33_迈为股份               False             False             False
2026-02-21 13:04:39,354 - root - INFO - upstream_34_正业科技                True             False             False
2026-02-21 13:04:39,354 - root - INFO - upstream_35_罗博特科               False             False             False
2026-02-21 13:04:39,354 - root - INFO - upstream_36_永太科技               False             False              True
2026-02-21 13:04:39,355 - root - INFO - upstream_37_奥特维                False             False             False
2026-02-21 13:04:39,355 - root - INFO - upstream_38_芳源股份               False             False             False
2026-02-21 13:04:39,355 - root - INFO - upstream_39_派能科技               False             False             False
2026-02-21 13:04:39,355 - root - INFO - upstream_40_振江股份               False             False             False
2026-02-21 13:04:39,355 - root - INFO - upstream_41_欣锐科技               False             False             False
2026-02-21 13:04:39,355 - root - INFO - upstream_42_视源股份               False             False             False
2026-02-21 13:04:39,355 - root - INFO - upstream_43_德赛西威               False             False             False
2026-02-21 13:04:39,355 - root - INFO - downstream_1_比亚迪               False             False             False
2026-02-21 13:04:39,356 - root - INFO - downstream_2_长城汽车              False             False             False
2026-02-21 13:04:39,356 - root - INFO - downstream_3_长安汽车              False             False             False
2026-02-21 13:04:39,356 - root - INFO - downstream_4_上汽集团              False             False             False
2026-02-21 13:04:39,356 - root - INFO - LC                             False             False             False
2026-02-21 13:04:39,356 - root - INFO - 
2026-02-21 13:04:39,356 - root - INFO -                     upstream_42_视源股份  upstream_43_德赛西威  downstream_1_比亚迪  \
2026-02-21 13:04:39,356 - root - INFO - 宁德时代                           False             False             False
2026-02-21 13:04:39,356 - root - INFO - market_data_1_上证综指             False             False             False
2026-02-21 13:04:39,356 - root - INFO - market_data_2_深证成指             False             False             False
2026-02-21 13:04:39,356 - root - INFO - market_data_3_创业板指             False             False             False
2026-02-21 13:04:39,356 - root - INFO - upstream_1_湖南裕能                False             False             False
2026-02-21 13:04:39,358 - root - INFO - upstream_2_盛新锂能                False             False             False
2026-02-21 13:04:39,358 - root - INFO - upstream_3_天齐锂业                False              True             False
2026-02-21 13:04:39,358 - root - INFO - upstream_4_赣锋锂业                False              True             False
2026-02-21 13:04:39,358 - root - INFO - upstream_5_川恒股份                False             False             False
2026-02-21 13:04:39,358 - root - INFO - upstream_6_盐湖股份                False             False             False
2026-02-21 13:04:39,358 - root - INFO - upstream_7_中远海控                False             False             False
2026-02-21 13:04:39,358 - root - INFO - upstream_8_湘潭电化                False             False             False
2026-02-21 13:04:39,358 - root - INFO - upstream_9_华友钴业                False             False             False
2026-02-21 13:04:39,358 - root - INFO - upstream_10_西藏珠峰               False             False             False
2026-02-21 13:04:39,359 - root - INFO - upstream_11_宁波韵升               False             False             False
2026-02-21 13:04:39,359 - root - INFO - upstream_12_中国卫星               False             False             False
2026-02-21 13:04:39,359 - root - INFO - upstream_13_贵研铂业               False             False             False
2026-02-21 13:04:39,359 - root - INFO - upstream_14_北方稀土               False             False             False
2026-02-21 13:04:39,359 - root - INFO - upstream_15_盛和资源               False             False             False
2026-02-21 13:04:39,360 - root - INFO - upstream_16_南山铝业               False             False             False
2026-02-21 13:04:39,360 - root - INFO - upstream_17_江西铜业               False             False             False
2026-02-21 13:04:39,360 - root - INFO - upstream_18_中国铝业               False             False             False
2026-02-21 13:04:39,360 - root - INFO - upstream_19_雅化集团               False             False             False
2026-02-21 13:04:39,360 - root - INFO - upstream_20_瑞泰科技               False             False             False
2026-02-21 13:04:39,360 - root - INFO - upstream_21_方大炭素               False             False             False
2026-02-21 13:04:39,360 - root - INFO - upstream_22_鹏辉能源               False              True             False
2026-02-21 13:04:39,360 - root - INFO - upstream_23_德方纳米               False              True             False
2026-02-21 13:04:39,360 - root - INFO - upstream_24_天华新能               False             False             False
2026-02-21 13:04:39,361 - root - INFO - upstream_25_容百科技               False             False              True
2026-02-21 13:04:39,361 - root - INFO - upstream_26_璞泰来                False              True             False
2026-02-21 13:04:39,361 - root - INFO - upstream_27_杉杉股份               False             False              True
2026-02-21 13:04:39,361 - root - INFO - upstream_28_诺德股份               False             False              True
2026-02-21 13:04:39,361 - root - INFO - upstream_29_天赐材料               False             False             False
2026-02-21 13:04:39,361 - root - INFO - upstream_30_多氟多                False             False             False
2026-02-21 13:04:39,361 - root - INFO - upstream_31_星源材质               False             False             False
2026-02-21 13:04:39,361 - root - INFO - upstream_32_先导智能               False             False             False
2026-02-21 13:04:39,362 - root - INFO - upstream_33_迈为股份               False             False             False
2026-02-21 13:04:39,362 - root - INFO - upstream_34_正业科技               False             False             False
2026-02-21 13:04:39,362 - root - INFO - upstream_35_罗博特科               False             False             False
2026-02-21 13:04:39,362 - root - INFO - upstream_36_永太科技               False             False             False
2026-02-21 13:04:39,362 - root - INFO - upstream_37_奥特维                False             False             False
2026-02-21 13:04:39,362 - root - INFO - upstream_38_芳源股份               False             False             False
2026-02-21 13:04:39,363 - root - INFO - upstream_39_派能科技               False             False              True
2026-02-21 13:04:39,363 - root - INFO - upstream_40_振江股份               False             False              True
2026-02-21 13:04:39,363 - root - INFO - upstream_41_欣锐科技               False             False             False
2026-02-21 13:04:39,363 - root - INFO - upstream_42_视源股份               False             False             False
2026-02-21 13:04:39,363 - root - INFO - upstream_43_德赛西威               False             False             False
2026-02-21 13:04:39,363 - root - INFO - downstream_1_比亚迪               False             False             False
2026-02-21 13:04:39,363 - root - INFO - downstream_2_长城汽车              False             False             False
2026-02-21 13:04:39,364 - root - INFO - downstream_3_长安汽车              False             False              True
2026-02-21 13:04:39,364 - root - INFO - downstream_4_上汽集团               True             False             False
2026-02-21 13:04:39,364 - root - INFO - LC                             False             False             False
2026-02-21 13:04:39,364 - root - INFO - 
2026-02-21 13:04:39,364 - root - INFO -                     downstream_2_长城汽车  downstream_3_长安汽车  downstream_4_上汽集团  \
2026-02-21 13:04:39,364 - root - INFO - 宁德时代                            False              False              False
2026-02-21 13:04:39,364 - root - INFO - market_data_1_上证综指              False              False              False
2026-02-21 13:04:39,364 - root - INFO - market_data_2_深证成指              False              False              False
2026-02-21 13:04:39,364 - root - INFO - market_data_3_创业板指              False              False              False
2026-02-21 13:04:39,365 - root - INFO - upstream_1_湖南裕能                 False              False              False
2026-02-21 13:04:39,365 - root - INFO - upstream_2_盛新锂能                 False              False              False
2026-02-21 13:04:39,365 - root - INFO - upstream_3_天齐锂业                 False              False              False
2026-02-21 13:04:39,365 - root - INFO - upstream_4_赣锋锂业                 False              False              False
2026-02-21 13:04:39,365 - root - INFO - upstream_5_川恒股份                 False              False              False
2026-02-21 13:04:39,365 - root - INFO - upstream_6_盐湖股份                 False              False              False
2026-02-21 13:04:39,366 - root - INFO - upstream_7_中远海控                 False              False              False
2026-02-21 13:04:39,366 - root - INFO - upstream_8_湘潭电化                 False              False              False
2026-02-21 13:04:39,366 - root - INFO - upstream_9_华友钴业                 False              False              False
2026-02-21 13:04:39,366 - root - INFO - upstream_10_西藏珠峰                False              False              False
2026-02-21 13:04:39,366 - root - INFO - upstream_11_宁波韵升                False              False              False
2026-02-21 13:04:39,366 - root - INFO - upstream_12_中国卫星                False              False               True
2026-02-21 13:04:39,366 - root - INFO - upstream_13_贵研铂业                False              False              False
2026-02-21 13:04:39,366 - root - INFO - upstream_14_北方稀土                False              False              False
2026-02-21 13:04:39,366 - root - INFO - upstream_15_盛和资源                False              False              False
2026-02-21 13:04:39,367 - root - INFO - upstream_16_南山铝业                False              False              False
2026-02-21 13:04:39,367 - root - INFO - upstream_17_江西铜业                False              False              False
2026-02-21 13:04:39,367 - root - INFO - upstream_18_中国铝业                False              False              False
2026-02-21 13:04:39,367 - root - INFO - upstream_19_雅化集团                False              False              False
2026-02-21 13:04:39,367 - root - INFO - upstream_20_瑞泰科技                 True              False              False
2026-02-21 13:04:39,367 - root - INFO - upstream_21_方大炭素                False              False              False
2026-02-21 13:04:39,367 - root - INFO - upstream_22_鹏辉能源                False              False              False
2026-02-21 13:04:39,367 - root - INFO - upstream_23_德方纳米                False              False              False
2026-02-21 13:04:39,368 - root - INFO - upstream_24_天华新能                False              False              False
2026-02-21 13:04:39,368 - root - INFO - upstream_25_容百科技                False              False              False
2026-02-21 13:04:39,368 - root - INFO - upstream_26_璞泰来                 False              False              False
2026-02-21 13:04:39,368 - root - INFO - upstream_27_杉杉股份                False              False              False
2026-02-21 13:04:39,368 - root - INFO - upstream_28_诺德股份                False              False              False
2026-02-21 13:04:39,368 - root - INFO - upstream_29_天赐材料                False              False              False
2026-02-21 13:04:39,368 - root - INFO - upstream_30_多氟多                 False              False              False
2026-02-21 13:04:39,368 - root - INFO - upstream_31_星源材质                False              False              False
2026-02-21 13:04:39,368 - root - INFO - upstream_32_先导智能                False              False              False
2026-02-21 13:04:39,369 - root - INFO - upstream_33_迈为股份                False              False              False
2026-02-21 13:04:39,369 - root - INFO - upstream_34_正业科技                False              False              False
2026-02-21 13:04:39,369 - root - INFO - upstream_35_罗博特科                False              False              False
2026-02-21 13:04:39,369 - root - INFO - upstream_36_永太科技                False              False              False
2026-02-21 13:04:39,369 - root - INFO - upstream_37_奥特维                  True              False              False
2026-02-21 13:04:39,369 - root - INFO - upstream_38_芳源股份                False              False              False
2026-02-21 13:04:39,369 - root - INFO - upstream_39_派能科技                False              False              False
2026-02-21 13:04:39,369 - root - INFO - upstream_40_振江股份                False              False              False
2026-02-21 13:04:39,370 - root - INFO - upstream_41_欣锐科技                False              False              False
2026-02-21 13:04:39,370 - root - INFO - upstream_42_视源股份                False              False              False
2026-02-21 13:04:39,370 - root - INFO - upstream_43_德赛西威                False              False              False
2026-02-21 13:04:39,370 - root - INFO - downstream_1_比亚迪                False              False              False
2026-02-21 13:04:39,370 - root - INFO - downstream_2_长城汽车               False              False              False
2026-02-21 13:04:39,370 - root - INFO - downstream_3_长安汽车               False              False              False
2026-02-21 13:04:39,371 - root - INFO - downstream_4_上汽集团               False              False              False
2026-02-21 13:04:39,371 - root - INFO - LC                              False              False              False
2026-02-21 13:04:39,371 - root - INFO - 
2026-02-21 13:04:39,371 - root - INFO -                        LC
2026-02-21 13:04:39,371 - root - INFO - 宁德时代                False
2026-02-21 13:04:39,371 - root - INFO - market_data_1_上证综指  False
2026-02-21 13:04:39,371 - root - INFO - market_data_2_深证成指  False
2026-02-21 13:04:39,372 - root - INFO - market_data_3_创业板指  False
2026-02-21 13:04:39,372 - root - INFO - upstream_1_湖南裕能     False
2026-02-21 13:04:39,372 - root - INFO - upstream_2_盛新锂能     False
2026-02-21 13:04:39,372 - root - INFO - upstream_3_天齐锂业      True
2026-02-21 13:04:39,372 - root - INFO - upstream_4_赣锋锂业     False
2026-02-21 13:04:39,372 - root - INFO - upstream_5_川恒股份     False
2026-02-21 13:04:39,372 - root - INFO - upstream_6_盐湖股份      True
2026-02-21 13:04:39,372 - root - INFO - upstream_7_中远海控     False
2026-02-21 13:04:39,372 - root - INFO - upstream_8_湘潭电化     False
2026-02-21 13:04:39,372 - root - INFO - upstream_9_华友钴业     False
2026-02-21 13:04:39,374 - root - INFO - upstream_10_西藏珠峰    False
2026-02-21 13:04:39,374 - root - INFO - upstream_11_宁波韵升    False
2026-02-21 13:04:39,374 - root - INFO - upstream_12_中国卫星     True
2026-02-21 13:04:39,375 - root - INFO - upstream_13_贵研铂业    False
2026-02-21 13:04:39,375 - root - INFO - upstream_14_北方稀土    False
2026-02-21 13:04:39,375 - root - INFO - upstream_15_盛和资源    False
2026-02-21 13:04:39,375 - root - INFO - upstream_16_南山铝业    False
2026-02-21 13:04:39,375 - root - INFO - upstream_17_江西铜业    False
2026-02-21 13:04:39,375 - root - INFO - upstream_18_中国铝业    False
2026-02-21 13:04:39,376 - root - INFO - upstream_19_雅化集团    False
2026-02-21 13:04:39,376 - root - INFO - upstream_20_瑞泰科技     True
2026-02-21 13:04:39,376 - root - INFO - upstream_21_方大炭素    False
2026-02-21 13:04:39,376 - root - INFO - upstream_22_鹏辉能源     True
2026-02-21 13:04:39,376 - root - INFO - upstream_23_德方纳米    False
2026-02-21 13:04:39,376 - root - INFO - upstream_24_天华新能    False
2026-02-21 13:04:39,377 - root - INFO - upstream_25_容百科技    False
2026-02-21 13:04:39,377 - root - INFO - upstream_26_璞泰来     False
2026-02-21 13:04:39,377 - root - INFO - upstream_27_杉杉股份    False
2026-02-21 13:04:39,377 - root - INFO - upstream_28_诺德股份    False
2026-02-21 13:04:39,378 - root - INFO - upstream_29_天赐材料    False
2026-02-21 13:04:39,378 - root - INFO - upstream_30_多氟多      True
2026-02-21 13:04:39,378 - root - INFO - upstream_31_星源材质     True
2026-02-21 13:04:39,379 - root - INFO - upstream_32_先导智能    False
2026-02-21 13:04:39,379 - root - INFO - upstream_33_迈为股份     True
2026-02-21 13:04:39,379 - root - INFO - upstream_34_正业科技    False
2026-02-21 13:04:39,379 - root - INFO - upstream_35_罗博特科    False
2026-02-21 13:04:39,380 - root - INFO - upstream_36_永太科技     True
2026-02-21 13:04:39,380 - root - INFO - upstream_37_奥特维      True
2026-02-21 13:04:39,380 - root - INFO - upstream_38_芳源股份    False
2026-02-21 13:04:39,380 - root - INFO - upstream_39_派能科技    False
2026-02-21 13:04:39,380 - root - INFO - upstream_40_振江股份    False
2026-02-21 13:04:39,380 - root - INFO - upstream_41_欣锐科技    False
2026-02-21 13:04:39,381 - root - INFO - upstream_42_视源股份    False
2026-02-21 13:04:39,381 - root - INFO - upstream_43_德赛西威    False
2026-02-21 13:04:39,381 - root - INFO - downstream_1_比亚迪    False
2026-02-21 13:04:39,381 - root - INFO - downstream_2_长城汽车   False
2026-02-21 13:04:39,381 - root - INFO - downstream_3_长安汽车   False
2026-02-21 13:04:39,382 - root - INFO - downstream_4_上汽集团   False
2026-02-21 13:04:39,382 - root - INFO - LC                  False
2026-02-21 13:04:39,382 - root - INFO - 影响目标变量的因果变量为：
2026-02-21 13:04:39,382 - root - INFO - ['LC', 'downstream_3_长安汽车', 'downstream_4_上汽集团', 'market_data_1_上证综指', 'market_data_2_深证成指', 'market_data_3_创业板指', 'upstream_10_西藏珠峰', 'upstream_11_宁波韵升', 'upstream_12_中国卫星', 'upstream_13_贵研铂业', 'upstream_14_北方稀土', 'upstream_16_南山铝业', 'upstream_17_江西铜业', 'upstream_18_中国铝业', 'upstream_19_雅化集团', 'upstream_1_湖南裕能', 'upstream_20_瑞泰科技', 'upstream_21_方大炭素', 'upstream_22_鹏辉能源', 'upstream_23_德方纳米', 'upstream_24_天华新能', 'upstream_25_容百科技', 'upstream_26_璞泰来', 'upstream_27_杉杉股份', 'upstream_28_诺德股份', 'upstream_29_天赐材料', 'upstream_2_盛新锂能', 'upstream_30_多氟多', 'upstream_31_星源材质', 'upstream_32_先导智能', 'upstream_33_迈为股份', 'upstream_34_正业科技', 'upstream_35_罗博特科', 'upstream_36_永太科技', 'upstream_37_奥特维', 'upstream_38_芳源股份', 'upstream_39_派能科技', 'upstream_3_天齐锂业', 'upstream_41_欣锐科技', 'upstream_42_视源股份', 'upstream_43_德赛西威', 'upstream_4_赣锋锂业', 'upstream_5_川恒股份', 'upstream_6_盐湖股份', 'upstream_8_湘潭电化', 'upstream_9_华友钴业', '宁德时代']
2026-02-21 13:04:39,426 - matplotlib.pyplot - DEBUG - Loaded backend qtagg version 5.15.10.
2026-02-21 13:04:39,471 - matplotlib.font_manager - DEBUG - findfont: Matching sans\-serif:style=normal:variant=normal:weight=normal:stretch=normal:size=10.0.
2026-02-21 13:04:39,471 - matplotlib.font_manager - DEBUG - findfont: score(FontEntry(fname='D:\\anaconda\\Lib\\site-packages\\matplotlib\\mpl-data\\fonts\\ttf\\STIXSizOneSymReg.ttf', name='STIXSizeOneSym', style='normal', variant='normal', weight=400, stretch='normal', size='scalable')) = 10.05
2026-02-21 13:04:39,471 - matplotlib.font_manager - DEBUG - findfont: score(FontEntry(fname='D:\\anaconda\\Lib\\site-packages\\matplotlib\\mpl-data\\fonts\\ttf\\STIXSizTwoSymReg.ttf', name='STIXSizeTwoSym', style='normal', variant='normal', weight=400, stretch='normal', size='scalable')) = 10.05
2026-02-21 13:04:39,471 - matplotlib.font_manager - DEBUG - findfont: score(FontEntry(fname='D:\\anaconda\\Lib\\site-packages\\matplotlib\\mpl-data\\fonts\\ttf\\DejaVuSerifDisplay.ttf', name='DejaVu Serif Display', style='normal', variant='normal', weight=400, stretch='normal', size='scalable')) = 10.05
2026-02-21 13:04:39,471 - matplotlib.font_manager - DEBUG - findfont: score(FontEntry(fname='D:\\anaconda\\Lib\\site-packages\\matplotlib\\mpl-data\\fonts\\ttf\\cmr10.ttf', name='cmr10', style='normal', variant='normal', weight=400, stretch='normal', size='scalable')) = 10.05
2026-02-21 13:04:39,471 - matplotlib.font_manager - DEBUG - findfont: score(FontEntry(fname='D:\\anaconda\\Lib\\site-packages\\matplotlib\\mpl-data\\fonts\\ttf\\DejaVuSerif-Italic.ttf', name='DejaVu Serif', style='italic', variant='normal', weight=400, stretch='normal', size='scalable')) = 11.05
2026-02-21 13:04:39,471 - matplotlib.font_manager - DEBUG - findfont: score(FontEntry(fname='D:\\anaconda\\Lib\\site-packages\\matplotlib\\mpl-data\\fonts\\ttf\\cmsy10.ttf', name='cmsy10', style='normal', variant='normal', weight=400, stretch='normal', size='scalable')) = 10.05
2026-02-21 13:04:39,471 - matplotlib.font_manager - DEBUG - findfont: score(FontEntry(fname='D:\\anaconda\\Lib\\site-packages\\matplotlib\\mpl-data\\fonts\\ttf\\DejaVuSansMono-Oblique.ttf', name='DejaVu Sans Mono', style='oblique', variant='normal', weight=400, stretch='normal', size='scalable')) = 11.05
2026-02-21 13:04:39,471 - matplotlib.font_manager - DEBUG - findfont: score(FontEntry(fname='D:\\anaconda\\Lib\\site-packages\\matplotlib\\mpl-data\\fonts\\ttf\\STIXGeneralBolIta.ttf', name='STIXGeneral', style='italic', variant='normal', weight=700, stretch='normal', size='scalable')) = 11.335
2026-02-21 13:04:39,471 - matplotlib.font_manager - DEBUG - findfont: score(FontEntry(fname='D:\\anaconda\\Lib\\site-packages\\matplotlib\\mpl-data\\fonts\\ttf\\STIXNonUni.ttf', name='STIXNonUnicode', style='normal', variant='normal', weight=400, stretch='normal', size='scalable')) = 10.05
2026-02-21 13:04:39,471 - matplotlib.font_manager - DEBUG - findfont: score(FontEntry(fname='D:\\anaconda\\Lib\\site-packages\\matplotlib\\mpl-data\\fonts\\ttf\\STIXGeneralItalic.ttf', name='STIXGeneral', style='italic', variant='normal', weight=400, stretch='normal', size='scalable')) = 11.05
2026-02-21 13:04:39,471 - matplotlib.font_manager - DEBUG - findfont: score(FontEntry(fname='D:\\anaconda\\Lib\\site-packages\\matplotlib\\mpl-data\\fonts\\ttf\\DejaVuSerif-BoldItalic.ttf', name='DejaVu Serif', style='italic', variant='normal', weight=700, stretch='normal', size='scalable')) = 11.335
2026-02-21 13:04:39,471 - matplotlib.font_manager - DEBUG - findfont: score(FontEntry(fname='D:\\anaconda\\Lib\\site-packages\\matplotlib\\mpl-data\\fonts\\ttf\\DejaVuSansMono-Bold.ttf', name='DejaVu Sans Mono', style='normal', variant='normal', weight=700, stretch='normal', size='scalable')) = 10.335
2026-02-21 13:04:39,471 - matplotlib.font_manager - DEBUG - findfont: score(FontEntry(fname='D:\\anaconda\\Lib\\site-packages\\matplotlib\\mpl-data\\fonts\\ttf\\STIXNonUniBolIta.ttf', name='STIXNonUnicode', style='italic', variant='normal', weight=700, stretch='normal', size='scalable')) = 11.335
2026-02-21 13:04:39,471 - matplotlib.font_manager - DEBUG - findfont: score(FontEntry(fname='D:\\anaconda\\Lib\\site-packages\\matplotlib\\mpl-data\\fonts\\ttf\\DejaVuSans-BoldOblique.ttf', name='DejaVu Sans', style='oblique', variant='normal', weight=700, stretch='normal', size='scalable')) = 8.001666666666665
2026-02-21 13:04:39,471 - matplotlib.font_manager - DEBUG - findfont: score(FontEntry(fname='D:\\anaconda\\Lib\\site-packages\\matplotlib\\mpl-data\\fonts\\ttf\\STIXSizOneSymBol.ttf', name='STIXSizeOneSym', style='normal', variant='normal', weight=700, stretch='normal', size='scalable')) = 10.335
2026-02-21 13:04:39,471 - matplotlib.font_manager - DEBUG - findfont: score(FontEntry(fname='D:\\anaconda\\Lib\\site-packages\\matplotlib\\mpl-data\\fonts\\ttf\\DejaVuSerif.ttf', name='DejaVu Serif', style='normal', variant='normal', weight=400, stretch='normal', size='scalable')) = 10.05
2026-02-21 13:04:39,471 - matplotlib.font_manager - DEBUG - findfont: score(FontEntry(fname='D:\\anaconda\\Lib\\site-packages\\matplotlib\\mpl-data\\fonts\\ttf\\STIXSizFourSymReg.ttf', name='STIXSizeFourSym', style='normal', variant='normal', weight=400, stretch='normal', size='scalable')) = 10.05
2026-02-21 13:04:39,471 - matplotlib.font_manager - DEBUG - findfont: score(FontEntry(fname='D:\\anaconda\\Lib\\site-packages\\matplotlib\\mpl-data\\fonts\\ttf\\STIXSizThreeSymBol.ttf', name='STIXSizeThreeSym', style='normal', variant='normal', weight=700, stretch='normal', size='scalable')) = 10.335
2026-02-21 13:04:39,471 - matplotlib.font_manager - DEBUG - findfont: score(FontEntry(fname='D:\\anaconda\\Lib\\site-packages\\matplotlib\\mpl-data\\fonts\\ttf\\DejaVuSansMono.ttf', name='DejaVu Sans Mono', style='normal', variant='normal', weight=400, stretch='normal', size='scalable')) = 10.05
2026-02-21 13:04:39,472 - matplotlib.font_manager - DEBUG - findfont: score(FontEntry(fname='D:\\anaconda\\Lib\\site-packages\\matplotlib\\mpl-data\\fonts\\ttf\\cmss10.ttf', name='cmss10', style='normal', variant='normal', weight=400, stretch='normal', size='scalable')) = 10.05
2026-02-21 13:04:39,472 - matplotlib.font_manager - DEBUG - findfont: score(FontEntry(fname='D:\\anaconda\\Lib\\site-packages\\matplotlib\\mpl-data\\fonts\\ttf\\cmmi10.ttf', name='cmmi10', style='normal', variant='normal', weight=400, stretch='normal', size='scalable')) = 10.05
2026-02-21 13:04:39,472 - matplotlib.font_manager - DEBUG - findfont: score(FontEntry(fname='D:\\anaconda\\Lib\\site-packages\\matplotlib\\mpl-data\\fonts\\ttf\\STIXSizThreeSymReg.ttf', name='STIXSizeThreeSym', style='normal', variant='normal', weight=400, stretch='normal', size='scalable')) = 10.05
2026-02-21 13:04:39,472 - matplotlib.font_manager - DEBUG - findfont: score(FontEntry(fname='D:\\anaconda\\Lib\\site-packages\\matplotlib\\mpl-data\\fonts\\ttf\\STIXGeneral.ttf', name='STIXGeneral', style='normal', variant='normal', weight=400, stretch='normal', size='scalable')) = 10.05
2026-02-21 13:04:39,472 - matplotlib.font_manager - DEBUG - findfont: score(FontEntry(fname='D:\\anaconda\\Lib\\site-packages\\matplotlib\\mpl-data\\fonts\\ttf\\DejaVuSans-Oblique.ttf', name='DejaVu Sans', style='oblique', variant='normal', weight=400, stretch='normal', size='scalable')) = 7.716666666666666
2026-02-21 13:04:39,472 - matplotlib.font_manager - DEBUG - findfont: score(FontEntry(fname='D:\\anaconda\\Lib\\site-packages\\matplotlib\\mpl-data\\fonts\\ttf\\STIXGeneralBol.ttf', name='STIXGeneral', style='normal', variant='normal', weight=700, stretch='normal', size='scalable')) = 10.335
2026-02-21 13:04:39,472 - matplotlib.font_manager - DEBUG - findfont: score(FontEntry(fname='D:\\anaconda\\Lib\\site-packages\\matplotlib\\mpl-data\\fonts\\ttf\\DejaVuSans-Bold.ttf', name='DejaVu Sans', style='normal', variant='normal', weight=700, stretch='normal', size='scalable')) = 7.001666666666666
2026-02-21 13:04:39,472 - matplotlib.font_manager - DEBUG - findfont: score(FontEntry(fname='D:\\anaconda\\Lib\\site-packages\\matplotlib\\mpl-data\\fonts\\ttf\\cmtt10.ttf', name='cmtt10', style='normal', variant='normal', weight=400, stretch='normal', size='scalable')) = 10.05
2026-02-21 13:04:39,472 - matplotlib.font_manager - DEBUG - findfont: score(FontEntry(fname='D:\\anaconda\\Lib\\site-packages\\matplotlib\\mpl-data\\fonts\\ttf\\cmb10.ttf', name='cmb10', style='normal', variant='normal', weight=400, stretch='normal', size='scalable')) = 10.05
2026-02-21 13:04:39,472 - matplotlib.font_manager - DEBUG - findfont: score(FontEntry(fname='D:\\anaconda\\Lib\\site-packages\\matplotlib\\mpl-data\\fonts\\ttf\\STIXSizTwoSymBol.ttf', name='STIXSizeTwoSym', style='normal', variant='normal', weight=700, stretch='normal', size='scalable')) = 10.335
2026-02-21 13:04:39,472 - matplotlib.font_manager - DEBUG - findfont: score(FontEntry(fname='D:\\anaconda\\Lib\\site-packages\\matplotlib\\mpl-data\\fonts\\ttf\\STIXNonUniIta.ttf', name='STIXNonUnicode', style='italic', variant='normal', weight=400, stretch='normal', size='scalable')) = 11.05
2026-02-21 13:04:39,472 - matplotlib.font_manager - DEBUG - findfont: score(FontEntry(fname='D:\\anaconda\\Lib\\site-packages\\matplotlib\\mpl-data\\fonts\\ttf\\STIXSizFourSymBol.ttf', name='STIXSizeFourSym', style='normal', variant='normal', weight=700, stretch='normal', size='scalable')) = 10.335
2026-02-21 13:04:39,472 - matplotlib.font_manager - DEBUG - findfont: score(FontEntry(fname='D:\\anaconda\\Lib\\site-packages\\matplotlib\\mpl-data\\fonts\\ttf\\DejaVuSansMono-BoldOblique.ttf', name='DejaVu Sans Mono', style='oblique', variant='normal', weight=700, stretch='normal', size='scalable')) = 11.335
2026-02-21 13:04:39,472 - matplotlib.font_manager - DEBUG - findfont: score(FontEntry(fname='D:\\anaconda\\Lib\\site-packages\\matplotlib\\mpl-data\\fonts\\ttf\\STIXSizFiveSymReg.ttf', name='STIXSizeFiveSym', style='normal', variant='normal', weight=400, stretch='normal', size='scalable')) = 10.05
2026-02-21 13:04:39,472 - matplotlib.font_manager - DEBUG - findfont: score(FontEntry(fname='D:\\anaconda\\Lib\\site-packages\\matplotlib\\mpl-data\\fonts\\ttf\\cmex10.ttf', name='cmex10', style='normal', variant='normal', weight=400, stretch='normal', size='scalable')) = 10.05
2026-02-21 13:04:39,472 - matplotlib.font_manager - DEBUG - findfont: score(FontEntry(fname='D:\\anaconda\\Lib\\site-packages\\matplotlib\\mpl-data\\fonts\\ttf\\DejaVuSansDisplay.ttf', name='DejaVu Sans Display', style='normal', variant='normal', weight=400, stretch='normal', size='scalable')) = 10.05
2026-02-21 13:04:39,472 - matplotlib.font_manager - DEBUG - findfont: score(FontEntry(fname='D:\\anaconda\\Lib\\site-packages\\matplotlib\\mpl-data\\fonts\\ttf\\DejaVuSans.ttf', name='DejaVu Sans', style='normal', variant='normal', weight=400, stretch='normal', size='scalable')) = 6.716666666666666
2026-02-21 13:04:39,472 - matplotlib.font_manager - DEBUG - findfont: score(FontEntry(fname='D:\\anaconda\\Lib\\site-packages\\matplotlib\\mpl-data\\fonts\\ttf\\DejaVuSerif-Bold.ttf', name='DejaVu Serif', style='normal', variant='normal', weight=700, stretch='normal', size='scalable')) = 10.335
2026-02-21 13:04:39,472 - matplotlib.font_manager - DEBUG - findfont: score(FontEntry(fname='D:\\anaconda\\Lib\\site-packages\\matplotlib\\mpl-data\\fonts\\ttf\\STIXNonUniBol.ttf', name='STIXNonUnicode', style='normal', variant='normal', weight=700, stretch='normal', size='scalable')) = 10.335
2026-02-21 13:04:39,472 - matplotlib.font_manager - DEBUG - findfont: score(FontEntry(fname='C:\\Windows\\Fonts\\lucon.ttf', name='Lucida Console', style='normal', variant='normal', weight=400, stretch='normal', size='scalable')) = 10.05
2026-02-21 13:04:39,472 - matplotlib.font_manager - DEBUG - findfont: score(FontEntry(fname='C:\\Windows\\Fonts\\HGYT1_CNKI.ttf', name='HGYT1_CNKI', style='normal', variant='normal', weight=400, stretch='normal', size='scalable')) = 10.05
2026-02-21 13:04:39,472 - matplotlib.font_manager - DEBUG - findfont: score(FontEntry(fname='C:\\Windows\\Fonts\\HGB3X_CNKI.ttf', name='HGB3X_CNKI', style='normal', variant='normal', weight=400, stretch='normal', size='scalable')) = 10.05
2026-02-21 13:04:39,472 - matplotlib.font_manager - DEBUG - findfont: score(FontEntry(fname='C:\\Windows\\Fonts\\STKAITI.TTF', name='STKaiti', style='normal', variant='normal', weight=400, stretch='normal', size='scalable')) = 10.05
2026-02-21 13:04:39,472 - matplotlib.font_manager - DEBUG - findfont: score(FontEntry(fname='C:\\Windows\\Fonts\\palab.ttf', name='Palatino Linotype', style='normal', variant='normal', weight=700, stretch='normal', size='scalable')) = 10.335
2026-02-21 13:04:39,472 - matplotlib.font_manager - DEBUG - findfont: score(FontEntry(fname='C:\\Windows\\Fonts\\segoeuiz.ttf', name='Segoe UI', style='italic', variant='normal', weight=700, stretch='normal', size='scalable')) = 11.335
2026-02-21 13:04:39,472 - matplotlib.font_manager - DEBUG - findfont: score(FontEntry(fname='C:\\Windows\\Fonts\\phagspa.ttf', name='Microsoft PhagsPa', style='normal', variant='normal', weight=400, stretch='normal', size='scalable')) = 10.05
2026-02-21 13:04:39,472 - matplotlib.font_manager - DEBUG - findfont: score(FontEntry(fname='C:\\Windows\\Fonts\\DUBAI-MEDIUM.TTF', name='Dubai', style='normal', variant='normal', weight=500, stretch='normal', size='scalable')) = 10.145
2026-02-21 13:04:39,472 - matplotlib.font_manager - DEBUG - findfont: score(FontEntry(fname='C:\\Windows\\Fonts\\HGHB_CNKI.TTF', name='HGHB_CNKI', style='normal', variant='normal', weight=400, stretch='normal', size='scalable')) = 10.05
2026-02-21 13:04:39,472 - matplotlib.font_manager - DEBUG - findfont: score(FontEntry(fname='C:\\Windows\\Fonts\\MISTRAL.TTF', name='Mistral', style='normal', variant='normal', weight=400, stretch='normal', size='scalable')) = 10.05
2026-02-21 13:04:39,472 - matplotlib.font_manager - DEBUG - findfont: score(FontEntry(fname='C:\\Windows\\Fonts\\FZYTK.TTF', name='FZYaoTi', style='normal', variant='normal', weight=400, stretch='normal', size='scalable')) = 10.05
2026-02-21 13:04:39,472 - matplotlib.font_manager - DEBUG - findfont: score(FontEntry(fname='C:\\Windows\\Fonts\\FREESCPT.TTF', name='Freestyle Script', style='normal', variant='normal', weight=400, stretch='normal', size='scalable')) = 10.05
2026-02-21 13:04:39,472 - matplotlib.font_manager - DEBUG - findfont: score(FontEntry(fname='C:\\Windows\\Fonts\\HGH_CNKI.TTF', name='HGHT_CNKI', style='normal', variant='normal', weight=400, stretch='normal', size='scalable')) = 10.05
2026-02-21 13:04:39,472 - matplotlib.font_manager - DEBUG - findfont: score(FontEntry(fname='C:\\Windows\\Fonts\\ARIALN.TTF', name='Arial', style='normal', variant='normal', weight=400, stretch='condensed', size='scalable')) = 10.25
2026-02-21 13:04:39,472 - matplotlib.font_manager - DEBUG - findfont: score(FontEntry(fname='D:\\软件\\PDF\\acrobat PDF\\Resource\\Font\\AdobeDevanagari-Regular.otf', name='Adobe Devanagari', style='normal', variant='normal', weight=400, stretch='normal', size='scalable')) = 10.05
2026-02-21 13:04:39,472 - matplotlib.font_manager - DEBUG - findfont: score(FontEntry(fname='C:\\Windows\\Fonts\\HGYX_CNKI.TTF', name='HGYX_CNKI', style='normal', variant='normal', weight=400, stretch='normal', size='scalable')) = 10.05
2026-02-21 13:04:39,472 - matplotlib.font_manager - DEBUG - findfont: score(FontEntry(fname='C:\\Windows\\Fonts\\HGH6_CNKI.ttf', name='HGH6_CNKI', style='normal', variant='normal', weight=400, stretch='normal', size='scalable')) = 10.05
2026-02-21 13:04:39,472 - matplotlib.font_manager - DEBUG - findfont: score(FontEntry(fname='C:\\Windows\\Fonts\\DUBAI-REGULAR.TTF', name='Dubai', style='normal', variant='normal', weight=400, stretch='normal', size='scalable')) = 10.05
2026-02-21 13:04:39,472 - matplotlib.font_manager - DEBUG - findfont: score(FontEntry(fname='D:\\软件\\PDF\\acrobat PDF\\Resource\\Font\\AdobeDevanagari-Bold.otf', name='Adobe Devanagari', style='normal', variant='normal', weight=700, stretch='normal', size='scalable')) = 10.335
2026-02-21 13:04:39,473 - matplotlib.font_manager - DEBUG - findfont: score(FontEntry(fname='C:\\Windows\\Fonts\\HarmonyOS_Sans_SC_Bold.ttf', name='HarmonyOS Sans SC', style='normal', variant='normal', weight=700, stretch='normal', size='scalable')) = 10.335
2026-02-21 13:04:39,473 - matplotlib.font_manager - DEBUG - findfont: score(FontEntry(fname='C:\\Windows\\Fonts\\HGDBS_CNKI.TTF', name='HGDBS_CNKI', style='normal', variant='normal', weight=400, stretch='normal', size='scalable')) = 10.05
2026-02-21 13:04:39,473 - matplotlib.font_manager - DEBUG - findfont: score(FontEntry(fname='C:\\Windows\\Fonts\\segmdl2.ttf', name='Segoe MDL2 Assets', style='normal', variant='normal', weight=400, stretch='normal', size='scalable')) = 10.05
2026-02-21 13:04:39,473 - matplotlib.font_manager - DEBUG - findfont: score(FontEntry(fname='C:\\Windows\\Fonts\\STXIHEI.TTF', name='STXihei', style='normal', variant='normal', weight=400, stretch='normal', size='scalable')) = 10.05
2026-02-21 13:04:39,473 - matplotlib.font_manager - DEBUG - findfont: score(FontEntry(fname='C:\\Windows\\Fonts\\NirmalaB.ttf', name='Nirmala UI', style='normal', variant='normal', weight=700, stretch='normal', size='scalable')) = 10.335
2026-02-21 13:04:39,473 - matplotlib.font_manager - DEBUG - findfont: score(FontEntry(fname='C:\\Windows\\Fonts\\Deng.ttf', name='DengXian', style='normal', variant='normal', weight=400, stretch='normal', size='scalable')) = 10.05
2026-02-21 13:04:39,473 - matplotlib.font_manager - DEBUG - findfont: score(FontEntry(fname='C:\\Windows\\Fonts\\HGBKH_CNKI.ttf', name='HGBKH_CNKI', style='normal', variant='normal', weight=400, stretch='normal', size='scalable')) = 10.05
2026-02-21 13:04:39,473 - matplotlib.font_manager - DEBUG - findfont: score(FontEntry(fname='C:\\Windows\\Fonts\\comicbd.ttf', name='Comic Sans MS', style='normal', variant='normal', weight=700, stretch='normal', size='scalable')) = 10.335
2026-02-21 13:04:39,473 - matplotlib.font_manager - DEBUG - findfont: score(FontEntry(fname='C:\\Windows\\Fonts\\segoepr.ttf', name='Segoe Print', style='normal', variant='normal', weight=400, stretch='normal', size='scalable')) = 10.05
2026-02-21 13:04:39,473 - matplotlib.font_manager - DEBUG - findfont: score(FontEntry(fname='C:\\Windows\\Fonts\\HGDH2_CNKI.TTF', name='HGDH2_CNKI', style='normal', variant='normal', weight=400, stretch='normal', size='scalable')) = 10.05
2026-02-21 13:04:39,473 - matplotlib.font_manager - DEBUG - findfont: score(FontEntry(fname='C:\\Windows\\Fonts\\HGBKHX_CNKI.ttf', name='HGBKHX_CNKI', style='normal', variant='normal', weight=400, stretch='normal', size='scalable')) = 10.05
2026-02-21 13:04:39,473 - matplotlib.font_manager - DEBUG - findfont: score(FontEntry(fname='C:\\Windows\\Fonts\\HGXH_CNKI.TTF', name='HGXH_CNKI', style='normal', variant='normal', weight=400, stretch='normal', size='scalable')) = 10.05
2026-02-21 13:04:39,473 - matplotlib.font_manager - DEBUG - findfont: score(FontEntry(fname='C:\\Windows\\Fonts\\courbd.ttf', name='Courier New', style='normal', variant='normal', weight=700, stretch='normal', size='scalable')) = 10.335
2026-02-21 13:04:39,473 - matplotlib.font_manager - DEBUG - findfont: score(FontEntry(fname='C:\\Windows\\Fonts\\l_10646.ttf', name='Lucida Sans Unicode', style='normal', variant='normal', weight=400, stretch='normal', size='scalable')) = 10.05
2026-02-21 13:04:39,473 - matplotlib.font_manager - DEBUG - findfont: score(FontEntry(fname='C:\\Windows\\Fonts\\corbelli.ttf', name='Corbel', style='italic', variant='normal', weight=300, stretch='normal', size='scalable')) = 11.145
2026-02-21 13:04:39,473 - matplotlib.font_manager - DEBUG - findfont: score(FontEntry(fname='C:\\Windows\\Fonts\\HGBTH_CNKI.TTF', name='HGBTH_CNKI', style='normal', variant='normal', weight=400, stretch='normal', size='scalable')) = 10.05
2026-02-21 13:04:39,473 - matplotlib.font_manager - DEBUG - findfont: score(FontEntry(fname='C:\\Windows\\Fonts\\HGB3_CNKI.ttf', name='HGB3_CNKI', style='normal', variant='normal', weight=400, stretch='normal', size='scalable')) = 10.05
2026-02-21 13:04:39,473 - matplotlib.font_manager - DEBUG - findfont: score(FontEntry(fname='C:\\Windows\\Fonts\\HGXK_CNKI.TTF', name='HGXK_CNKI', style='normal', variant='normal', weight=400, stretch='normal', size='scalable')) = 10.05
2026-02-21 13:04:39,473 - matplotlib.font_manager - DEBUG - findfont: score(FontEntry(fname='C:\\Windows\\Fonts\\HGLB_CNKI.TTF', name='HGLB_CNKI', style='normal', variant='normal', weight=400, stretch='normal', size='scalable')) = 10.05
2026-02-21 13:04:39,473 - matplotlib.font_manager - DEBUG - findfont: score(FontEntry(fname='C:\\Windows\\Fonts\\FRSCRIPT.TTF', name='French Script MT', style='normal', variant='normal', weight=400, stretch='normal', size='scalable')) = 10.05
2026-02-21 13:04:39,473 - matplotlib.font_manager - DEBUG - findfont: score(FontEntry(fname='C:\\Windows\\Fonts\\SegoeIcons.ttf', name='Segoe Fluent Icons', style='normal', variant='normal', weight=400, stretch='normal', size='scalable')) = 10.05
2026-02-21 13:04:39,473 - matplotlib.font_manager - DEBUG - findfont: score(FontEntry(fname='D:\\SceneBuilder\\runtime\\jre\\lib\\fonts\\LucidaSansRegular.ttf', name='Lucida Sans', style='normal', variant='normal', weight=400, stretch='normal', size='scalable')) = 10.05
2026-02-21 13:04:39,473 - matplotlib.font_manager - DEBUG - findfont: score(FontEntry(fname='C:\\Windows\\Fonts\\corbell.ttf', name='Corbel', style='normal', variant='normal', weight=300, stretch='normal', size='scalable')) = 10.145
2026-02-21 13:04:39,473 - matplotlib.font_manager - DEBUG - findfont: score(FontEntry(fname='C:\\Windows\\Fonts\\corbelz.ttf', name='Corbel', style='italic', variant='normal', weight=700, stretch='normal', size='scalable')) = 11.335
2026-02-21 13:04:39,473 - matplotlib.font_manager - DEBUG - findfont: score(FontEntry(fname='C:\\Windows\\Fonts\\constan.ttf', name='Constantia', style='normal', variant='normal', weight=400, stretch='normal', size='scalable')) = 10.05
2026-02-21 13:04:39,473 - matplotlib.font_manager - DEBUG - findfont: score(FontEntry(fname='C:\\Windows\\Fonts\\couri.ttf', name='Courier New', style='italic', variant='normal', weight=400, stretch='normal', size='scalable')) = 11.05
2026-02-21 13:04:39,473 - matplotlib.font_manager - DEBUG - findfont: score(FontEntry(fname='C:\\Windows\\Fonts\\DUBAI-LIGHT.TTF', name='Dubai', style='normal', variant='normal', weight=300, stretch='normal', size='scalable')) = 10.145
2026-02-21 13:04:39,473 - matplotlib.font_manager - DEBUG - findfont: score(FontEntry(fname='C:\\Windows\\Fonts\\HGHD_CNKI.ttf', name='HGHD_CNKI', style='normal', variant='normal', weight=400, stretch='normal', size='scalable')) = 10.05
2026-02-21 13:04:39,473 - matplotlib.font_manager - DEBUG - findfont: score(FontEntry(fname='C:\\Windows\\Fonts\\HGB5_CNKI.ttf', name='HGB5_CNKI', style='normal', variant='normal', weight=400, stretch='normal', size='scalable')) = 10.05
2026-02-21 13:04:39,473 - matplotlib.font_manager - DEBUG - findfont: score(FontEntry(fname='C:\\Windows\\Fonts\\ANTQUAI.TTF', name='Book Antiqua', style='italic', variant='normal', weight=400, stretch='normal', size='scalable')) = 11.05
2026-02-21 13:04:39,473 - matplotlib.font_manager - DEBUG - findfont: score(FontEntry(fname='C:\\Windows\\Fonts\\ntailub.ttf', name='Microsoft New Tai Lue', style='normal', variant='normal', weight=700, stretch='normal', size='scalable')) = 10.335
2026-02-21 13:04:39,473 - matplotlib.font_manager - DEBUG - findfont: score(FontEntry(fname='C:\\Windows\\Fonts\\arialbd.ttf', name='Arial', style='normal', variant='normal', weight=700, stretch='normal', size='scalable')) = 10.335
2026-02-21 13:04:39,473 - matplotlib.font_manager - DEBUG - findfont: score(FontEntry(fname='C:\\Windows\\Fonts\\HGFS1_CNKI.TTF', name='HGFS1_CNKI', style='normal', variant='normal', weight=400, stretch='normal', size='scalable')) = 10.05
2026-02-21 13:04:39,473 - matplotlib.font_manager - DEBUG - findfont: score(FontEntry(fname='C:\\Windows\\Fonts\\HGBX_CNKI.ttf', name='HGBX_CNKI', style='normal', variant='normal', weight=400, stretch='normal', size='scalable')) = 10.05
2026-02-21 13:04:39,474 - matplotlib.font_manager - DEBUG - findfont: score(FontEntry(fname='C:\\Windows\\Fonts\\GARA.TTF', name='Garamond', style='normal', variant='normal', weight=400, stretch='normal', size='scalable')) = 10.05
2026-02-21 13:04:39,474 - matplotlib.font_manager - DEBUG - findfont: score(FontEntry(fname='C:\\Windows\\Fonts\\HGTT_CNKI.ttf', name='HGTT_CNKI', style='normal', variant='normal', weight=400, stretch='normal', size='scalable')) = 10.05
2026-02-21 13:04:39,474 - matplotlib.font_manager - DEBUG - findfont: score(FontEntry(fname='C:\\Windows\\Fonts\\HGFZ_CNKI.ttf', name='HGFZ_CNKI', style='normal', variant='normal', weight=400, stretch='normal', size='scalable')) = 10.05
2026-02-21 13:04:39,474 - matplotlib.font_manager - DEBUG - findfont: score(FontEntry(fname='C:\\Windows\\Fonts\\NirmalaS.ttf', name='Nirmala UI', style='normal', variant='normal', weight=350, stretch='normal', size='scalable')) = 10.0975
2026-02-21 13:04:39,474 - matplotlib.font_manager - DEBUG - findfont: score(FontEntry(fname='C:\\Windows\\Fonts\\verdanai.ttf', name='Verdana', style='italic', variant='normal', weight=400, stretch='normal', size='scalable')) = 11.05
2026-02-21 13:04:39,474 - matplotlib.font_manager - DEBUG - findfont: score(FontEntry(fname='C:\\Windows\\Fonts\\HGH2_CNKI.ttf', name='HGH2_CNKI', style='normal', variant='normal', weight=400, stretch='normal', size='scalable')) = 10.05
2026-02-21 13:04:39,474 - matplotlib.font_manager - DEBUG - findfont: score(FontEntry(fname='C:\\Windows\\Fonts\\segoeuii.ttf', name='Segoe UI', style='italic', variant='normal', weight=400, stretch='normal', size='scalable')) = 11.05
2026-02-21 13:04:39,474 - matplotlib.font_manager - DEBUG - findfont: score(FontEntry(fname='C:\\Windows\\Fonts\\HGB2X_CNKI.ttf', name='HGB2X_CNKI', style='normal', variant='normal', weight=400, stretch='normal', size='scalable')) = 10.05
2026-02-21 13:04:39,474 - matplotlib.font_manager - DEBUG - findfont: score(FontEntry(fname='C:\\Windows\\Fonts\\HGSS_CNKI.TTF', name='HGSS_CNKI', style='normal', variant='normal', weight=400, stretch='normal', size='scalable')) = 10.05
2026-02-21 13:04:39,474 - matplotlib.font_manager - DEBUG - findfont: score(FontEntry(fname='C:\\Windows\\Fonts\\segoesc.ttf', name='Segoe Script', style='normal', variant='normal', weight=400, stretch='normal', size='scalable')) = 10.05
2026-02-21 13:04:39,474 - matplotlib.font_manager - DEBUG - findfont: score(FontEntry(fname='C:\\Windows\\Fonts\\HGF7X_CNKI.ttf', name='HGF7X_CNKI', style='normal', variant='normal', weight=400, stretch='normal', size='scalable')) = 10.05
2026-02-21 13:04:39,474 - matplotlib.font_manager - DEBUG - findfont: score(FontEntry(fname='C:\\Windows\\Fonts\\mvboli.ttf', name='MV Boli', style='normal', variant='normal', weight=400, stretch='normal', size='scalable')) = 10.05
2026-02-21 13:04:39,474 - matplotlib.font_manager - DEBUG - findfont: score(FontEntry(fname='C:\\Windows\\Fonts\\GOTHICB.TTF', name='Century Gothic', style='normal', variant='normal', weight=700, stretch='normal', size='scalable')) = 10.335
2026-02-21 13:04:39,474 - matplotlib.font_manager - DEBUG - findfont: score(FontEntry(fname='C:\\Windows\\Fonts\\sylfaen.ttf', name='Sylfaen', style='normal', variant='normal', weight=400, stretch='normal', size='scalable')) = 10.05
2026-02-21 13:04:39,474 - matplotlib.font_manager - DEBUG - findfont: score(FontEntry(fname='C:\\Windows\\Fonts\\msjhl.ttc', name='Microsoft JhengHei', style='normal', variant='normal', weight=290, stretch='normal', size='scalable')) = 10.1545
2026-02-21 13:04:39,474 - matplotlib.font_manager - DEBUG - findfont: score(FontEntry(fname='C:\\Windows\\Fonts\\HGZCS_CNKI.TTF', name='HGZCS_CNKI', style='normal', variant='normal', weight=400, stretch='normal', size='scalable')) = 10.05
2026-02-21 13:04:39,474 - matplotlib.font_manager - DEBUG - findfont: score(FontEntry(fname='C:\\Windows\\Fonts\\HGYB_CNKI.ttf', name='HGYB_CNKI', style='normal', variant='normal', weight=400, stretch='normal', size='scalable')) = 10.05
2026-02-21 13:04:39,474 - matplotlib.font_manager - DEBUG - findfont: score(FontEntry(fname='C:\\Windows\\Fonts\\trebucit.ttf', name='Trebuchet MS', style='italic', variant='normal', weight=400, stretch='normal', size='scalable')) = 11.05
2026-02-21 13:04:39,474 - matplotlib.font_manager - DEBUG - findfont: score(FontEntry(fname='C:\\Windows\\Fonts\\HGY2_CNKI.TTF', name='HGY2_CNKI', style='normal', variant='normal', weight=400, stretch='normal', size='scalable')) = 10.05
2026-02-21 13:04:39,474 - matplotlib.font_manager - DEBUG - findfont: score(FontEntry(fname='C:\\Windows\\Fonts\\STLITI.TTF', name='STLiti', style='normal', variant='normal', weight=400, stretch='normal', size='scalable')) = 10.05
2026-02-21 13:04:39,474 - matplotlib.font_manager - DEBUG - findfont: score(FontEntry(fname='C:\\Windows\\Fonts\\verdanab.ttf', name='Verdana', style='normal', variant='normal', weight=700, stretch='normal', size='scalable')) = 10.335
2026-02-21 13:04:39,474 - matplotlib.font_manager - DEBUG - findfont: score(FontEntry(fname='C:\\Windows\\Fonts\\HGF9_CNKI.ttf', name='HGF9_CNKI', style='normal', variant='normal', weight=400, stretch='normal', size='scalable')) = 10.05
2026-02-21 13:04:39,474 - matplotlib.font_manager - DEBUG - findfont: score(FontEntry(fname='C:\\Windows\\Fonts\\corbel.ttf', name='Corbel', style='normal', variant='normal', weight=400, stretch='normal', size='scalable')) = 10.05
2026-02-21 13:04:39,474 - matplotlib.font_manager - DEBUG - findfont: score(FontEntry(fname='C:\\Windows\\Fonts\\consolai.ttf', name='Consolas', style='italic', variant='normal', weight=400, stretch='normal', size='scalable')) = 11.05
2026-02-21 13:04:39,474 - matplotlib.font_manager - DEBUG - findfont: score(FontEntry(fname='C:\\Windows\\Fonts\\HGXT_CNKI.ttf', name='HGXT_CNKI', style='normal', variant='normal', weight=400, stretch='normal', size='scalable')) = 10.05
2026-02-21 13:04:39,474 - matplotlib.font_manager - DEBUG - findfont: score(FontEntry(fname='C:\\Windows\\Fonts\\HGDY_CNKI.ttf', name='HGDY_CNKI', style='normal', variant='normal', weight=400, stretch='normal', size='scalable')) = 10.05
2026-02-21 13:04:39,474 - matplotlib.font_manager - DEBUG - findfont: score(FontEntry(fname='C:\\Windows\\Fonts\\Nirmala.ttf', name='Nirmala UI', style='normal', variant='normal', weight=400, stretch='normal', size='scalable')) = 10.05
2026-02-21 13:04:39,474 - matplotlib.font_manager - DEBUG - findfont: score(FontEntry(fname='C:\\Windows\\Fonts\\HGH1X_CNKI.ttf', name='HGH1X_CNKI', style='normal', variant='normal', weight=400, stretch='normal', size='scalable')) = 10.05
2026-02-21 13:04:39,474 - matplotlib.font_manager - DEBUG - findfont: score(FontEntry(fname='C:\\Windows\\Fonts\\phagspab.ttf', name='Microsoft PhagsPa', style='normal', variant='normal', weight=700, stretch='normal', size='scalable')) = 10.335
2026-02-21 13:04:39,474 - matplotlib.font_manager - DEBUG - findfont: score(FontEntry(fname='C:\\Windows\\Fonts\\Candaraz.ttf', name='Candara', style='italic', variant='normal', weight=700, stretch='normal', size='scalable')) = 11.335
2026-02-21 13:04:39,474 - matplotlib.font_manager - DEBUG - findfont: score(FontEntry(fname='C:\\Windows\\Fonts\\consolaz.ttf', name='Consolas', style='italic', variant='normal', weight=700, stretch='normal', size='scalable')) = 11.335
2026-02-21 13:04:39,474 - matplotlib.font_manager - DEBUG - findfont: score(FontEntry(fname='C:\\Windows\\Fonts\\holomdl2.ttf', name='HoloLens MDL2 Assets', style='normal', variant='normal', weight=400, stretch='normal', size='scalable')) = 10.05
2026-02-21 13:04:39,474 - matplotlib.font_manager - DEBUG - findfont: score(FontEntry(fname='C:\\Windows\\Fonts\\HGPH_CNKI.TTF', name='HGPH_CNKI', style='normal', variant='normal', weight=400, stretch='normal', size='scalable')) = 10.05
2026-02-21 13:04:39,474 - matplotlib.font_manager - DEBUG - findfont: score(FontEntry(fname='C:\\Windows\\Fonts\\HGFS_CNKI.TTF', name='HGFS_CNKI', style='normal', variant='normal', weight=400, stretch='normal', size='scalable')) = 10.05
2026-02-21 13:04:39,474 - matplotlib.font_manager - DEBUG - findfont: score(FontEntry(fname='C:\\Windows\\Fonts\\HGHT2_CNKI.ttf', name='HGHT2_CNKI', style='normal', variant='normal', weight=400, stretch='normal', size='scalable')) = 10.05
2026-02-21 13:04:39,474 - matplotlib.font_manager - DEBUG - findfont: score(FontEntry(fname='C:\\Windows\\Fonts\\MTCORSVA.TTF', name='Monotype Corsiva', style='normal', variant='normal', weight=400, stretch='normal', size='scalable')) = 10.05
2026-02-21 13:04:39,474 - matplotlib.font_manager - DEBUG - findfont: score(FontEntry(fname='C:\\Windows\\Fonts\\HGXH1_CNKI.TTF', name='HGXH1_CNKI', style='normal', variant='normal', weight=400, stretch='normal', size='scalable')) = 10.05
2026-02-21 13:04:39,474 - matplotlib.font_manager - DEBUG - findfont: score(FontEntry(fname='D:\\SceneBuilder\\runtime\\jre\\lib\\fonts\\LucidaBrightRegular.ttf', name='Lucida Bright', style='normal', variant='normal', weight=400, stretch='normal', size='scalable')) = 10.05
2026-02-21 13:04:39,474 - matplotlib.font_manager - DEBUG - findfont: score(FontEntry(fname='C:\\Windows\\Fonts\\HGDGY_CNKI.TTF', name='HGDGY_CNKI', style='normal', variant='normal', weight=400, stretch='normal', size='scalable')) = 10.05
2026-02-21 13:04:39,474 - matplotlib.font_manager - DEBUG - findfont: score(FontEntry(fname='C:\\Windows\\Fonts\\HGX1X_CNKI.ttf', name='HGX1X_CNKI', style='normal', variant='normal', weight=400, stretch='normal', size='scalable')) = 10.05
2026-02-21 13:04:39,474 - matplotlib.font_manager - DEBUG - findfont: score(FontEntry(fname='C:\\Windows\\Fonts\\SansSerifCollection.ttf', name='Sans Serif Collection', style='normal', variant='normal', weight=400, stretch='normal', size='scalable')) = 10.05
2026-02-21 13:04:39,474 - matplotlib.font_manager - DEBUG - findfont: score(FontEntry(fname='C:\\Windows\\Fonts\\calibrili.ttf', name='Calibri', style='italic', variant='normal', weight=300, stretch='normal', size='scalable')) = 11.145
2026-02-21 13:04:39,474 - matplotlib.font_manager - DEBUG - findfont: score(FontEntry(fname='C:\\Windows\\Fonts\\HGXY_CNKI.ttf', name='HGXY_CNKI', style='normal', variant='normal', weight=400, stretch='normal', size='scalable')) = 10.05
2026-02-21 13:04:39,474 - matplotlib.font_manager - DEBUG - findfont: score(FontEntry(fname='C:\\Windows\\Fonts\\msyi.ttf', name='Microsoft Yi Baiti', style='normal', variant='normal', weight=400, stretch='normal', size='scalable')) = 10.05
2026-02-21 13:04:39,474 - matplotlib.font_manager - DEBUG - findfont: score(FontEntry(fname='C:\\Windows\\Fonts\\HGBKB_CNKI.ttf', name='HGBKB_CNKI', style='normal', variant='normal', weight=400, stretch='normal', size='scalable')) = 10.05
2026-02-21 13:04:39,474 - matplotlib.font_manager - DEBUG - findfont: score(FontEntry(fname='C:\\Windows\\Fonts\\ARIALNB.TTF', name='Arial', style='normal', variant='normal', weight=700, stretch='condensed', size='scalable')) = 10.535
2026-02-21 13:04:39,474 - matplotlib.font_manager - DEBUG - findfont: score(FontEntry(fname='C:\\Windows\\Fonts\\Dengb.ttf', name='DengXian', style='normal', variant='normal', weight=700, stretch='normal', size='scalable')) = 10.335
2026-02-21 13:04:39,475 - matplotlib.font_manager - DEBUG - findfont: score(FontEntry(fname='C:\\Windows\\Fonts\\HGH4_CNKI.ttf', name='HGH4_CNKI', style='normal', variant='normal', weight=400, stretch='normal', size='scalable')) = 10.05
2026-02-21 13:04:39,475 - matplotlib.font_manager - DEBUG - findfont: score(FontEntry(fname='C:\\Windows\\Fonts\\times.ttf', name='Times New Roman', style='normal', variant='normal', weight=400, stretch='normal', size='scalable')) = 10.05
2026-02-21 13:04:39,475 - matplotlib.font_manager - DEBUG - findfont: score(FontEntry(fname='C:\\Windows\\Fonts\\HGB7X_CNKI.ttf', name='HGB7X_CNKI', style='normal', variant='normal', weight=400, stretch='normal', size='scalable')) = 10.05
2026-02-21 13:04:39,475 - matplotlib.font_manager - DEBUG - findfont: score(FontEntry(fname='C:\\Windows\\Fonts\\ARIALNI.TTF', name='Arial', style='italic', variant='normal', weight=400, stretch='condensed', size='scalable')) = 11.25
2026-02-21 13:04:39,475 - matplotlib.font_manager - DEBUG - findfont: score(FontEntry(fname='C:\\Windows\\Fonts\\CENTURY.TTF', name='Century', style='normal', variant='normal', weight=400, stretch='normal', size='scalable')) = 10.05
2026-02-21 13:04:39,475 - matplotlib.font_manager - DEBUG - findfont: score(FontEntry(fname='C:\\Windows\\Fonts\\ITCKRIST.TTF', name='Kristen ITC', style='normal', variant='normal', weight=400, stretch='normal', size='scalable')) = 10.05
2026-02-21 13:04:39,475 - matplotlib.font_manager - DEBUG - findfont: score(FontEntry(fname='C:\\Windows\\Fonts\\HarmonyOS_Sans_SC_Medium.ttf', name='HarmonyOS Sans SC', style='normal', variant='normal', weight=500, stretch='normal', size='scalable')) = 10.145
2026-02-21 13:04:39,475 - matplotlib.font_manager - DEBUG - findfont: score(FontEntry(fname='C:\\Windows\\Fonts\\consola.ttf', name='Consolas', style='normal', variant='normal', weight=400, stretch='normal', size='scalable')) = 10.05
2026-02-21 13:04:39,475 - matplotlib.font_manager - DEBUG - findfont: score(FontEntry(fname='C:\\Windows\\Fonts\\trebucbi.ttf', name='Trebuchet MS', style='italic', variant='normal', weight=700, stretch='normal', size='scalable')) = 11.335
2026-02-21 13:04:39,475 - matplotlib.font_manager - DEBUG - findfont: score(FontEntry(fname='C:\\Windows\\Fonts\\HGKT_CNKI.TTF', name='HGKT_CNKI', style='normal', variant='normal', weight=400, stretch='normal', size='scalable')) = 10.05
2026-02-21 13:04:39,475 - matplotlib.font_manager - DEBUG - findfont: score(FontEntry(fname='C:\\Windows\\Fonts\\BKANT.TTF', name='Book Antiqua', style='normal', variant='normal', weight=400, stretch='normal', size='scalable')) = 10.05
2026-02-21 13:04:39,475 - matplotlib.font_manager - DEBUG - findfont: score(FontEntry(fname='C:\\Windows\\Fonts\\ebrimabd.ttf', name='Ebrima', style='normal', variant='normal', weight=700, stretch='normal', size='scalable')) = 10.335
2026-02-21 13:04:39,475 - matplotlib.font_manager - DEBUG - findfont: score(FontEntry(fname='C:\\Windows\\Fonts\\WINGDNG2.TTF', name='Wingdings 2', style='normal', variant='normal', weight=400, stretch='normal', size='scalable')) = 10.05
2026-02-21 13:04:39,475 - matplotlib.font_manager - DEBUG - findfont: score(FontEntry(fname='D:\\SceneBuilder\\runtime\\jre\\lib\\fonts\\LucidaSansDemiBold.ttf', name='Lucida Sans', style='normal', variant='normal', weight=700, stretch='normal', size='scalable')) = 10.335
2026-02-21 13:04:39,475 - matplotlib.font_manager - DEBUG - findfont: score(FontEntry(fname='C:\\Windows\\Fonts\\HGH7X_CNKI.ttf', name='HGH7X_CNKI', style='normal', variant='normal', weight=400, stretch='normal', size='scalable')) = 10.05
2026-02-21 13:04:39,475 - matplotlib.font_manager - DEBUG - findfont: score(FontEntry(fname='C:\\Windows\\Fonts\\STFANGSO.TTF', name='STFangsong', style='normal', variant='normal', weight=400, stretch='normal', size='scalable')) = 10.05
2026-02-21 13:04:39,475 - matplotlib.font_manager - DEBUG - findfont: score(FontEntry(fname='C:\\Windows\\Fonts\\HGB6X_CNKI.ttf', name='HGB6X_CNKI', style='normal', variant='normal', weight=400, stretch='normal', size='scalable')) = 10.05
2026-02-21 13:04:39,475 - matplotlib.font_manager - DEBUG - findfont: score(FontEntry(fname='C:\\Windows\\Fonts\\ANTQUAB.TTF', name='Book Antiqua', style='normal', variant='normal', weight=700, stretch='normal', size='scalable')) = 10.335
2026-02-21 13:04:39,475 - matplotlib.font_manager - DEBUG - findfont: score(FontEntry(fname='C:\\Windows\\Fonts\\timesi.ttf', name='Times New Roman', style='italic', variant='normal', weight=400, stretch='normal', size='scalable')) = 11.05
2026-02-21 13:04:39,475 - matplotlib.font_manager - DEBUG - findfont: score(FontEntry(fname='C:\\Windows\\Fonts\\tahomabd.ttf', name='Tahoma', style='normal', variant='normal', weight=700, stretch='normal', size='scalable')) = 10.335
2026-02-21 13:04:39,475 - matplotlib.font_manager - DEBUG - findfont: score(FontEntry(fname='C:\\Windows\\Fonts\\YuGothL.ttc', name='Yu Gothic', style='normal', variant='normal', weight=300, stretch='normal', size='scalable')) = 10.145
2026-02-21 13:04:39,475 - matplotlib.font_manager - DEBUG - findfont: score(FontEntry(fname='C:\\Windows\\Fonts\\HGH4X_CNKI.ttf', name='HGH4X_CNKI', style='normal', variant='normal', weight=400, stretch='normal', size='scalable')) = 10.05
2026-02-21 13:04:39,475 - matplotlib.font_manager - DEBUG - findfont: score(FontEntry(fname='C:\\Windows\\Fonts\\ariali.ttf', name='Arial', style='italic', variant='normal', weight=400, stretch='normal', size='scalable')) = 11.05
2026-02-21 13:04:39,475 - matplotlib.font_manager - DEBUG - findfont: score(FontEntry(fname='C:\\Windows\\Fonts\\Candarali.ttf', name='Candara', style='italic', variant='normal', weight=400, stretch='normal', size='scalable')) = 11.05
2026-02-21 13:04:39,475 - matplotlib.font_manager - DEBUG - findfont: score(FontEntry(fname='C:\\Windows\\Fonts\\cambriai.ttf', name='Cambria', style='italic', variant='normal', weight=400, stretch='normal', size='scalable')) = 11.05
2026-02-21 13:04:39,475 - matplotlib.font_manager - DEBUG - findfont: score(FontEntry(fname='C:\\Windows\\Fonts\\simhei.ttf', name='SimHei', style='normal', variant='normal', weight=400, stretch='normal', size='scalable')) = 0.05
2026-02-21 13:04:39,475 - matplotlib.font_manager - DEBUG - findfont: score(FontEntry(fname='C:\\Windows\\Fonts\\mmrtext.ttf', name='Myanmar Text', style='normal', variant='normal', weight=400, stretch='normal', size='scalable')) = 10.05
2026-02-21 13:04:39,475 - matplotlib.font_manager - DEBUG - findfont: score(FontEntry(fname='C:\\Windows\\Fonts\\msyhl.ttc', name='Microsoft YaHei', style='normal', variant='normal', weight=290, stretch='normal', size='scalable')) = 3.487833333333333
2026-02-21 13:04:39,475 - matplotlib.font_manager - DEBUG - findfont: score(FontEntry(fname='C:\\Windows\\Fonts\\WINGDNG3.TTF', name='Wingdings 3', style='normal', variant='normal', weight=400, stretch='normal', size='scalable')) = 10.05
2026-02-21 13:04:39,475 - matplotlib.font_manager - DEBUG - findfont: score(FontEntry(fname='C:\\Windows\\Fonts\\arial.ttf', name='Arial', style='normal', variant='normal', weight=400, stretch='normal', size='scalable')) = 10.05
2026-02-21 13:04:39,475 - matplotlib.font_manager - DEBUG - findfont: score(FontEntry(fname='C:\\Windows\\Fonts\\framd.ttf', name='Franklin Gothic Medium', style='normal', variant='normal', weight=400, stretch='normal', size='scalable')) = 10.05
2026-02-21 13:04:39,475 - matplotlib.font_manager - DEBUG - findfont: score(FontEntry(fname='C:\\Windows\\Fonts\\SegUIVar.ttf', name='Segoe UI Variable', style='normal', variant='normal', weight=400, stretch='normal', size='scalable')) = 10.05
2026-02-21 13:04:39,475 - matplotlib.font_manager - DEBUG - findfont: score(FontEntry(fname='C:\\Windows\\Fonts\\malgunsl.ttf', name='Malgun Gothic', style='normal', variant='normal', weight=300, stretch='normal', size='scalable')) = 10.145
2026-02-21 13:04:39,475 - matplotlib.font_manager - DEBUG - findfont: score(FontEntry(fname='C:\\Windows\\Fonts\\consolab.ttf', name='Consolas', style='normal', variant='normal', weight=700, stretch='normal', size='scalable')) = 10.335
2026-02-21 13:04:39,475 - matplotlib.font_manager - DEBUG - findfont: score(FontEntry(fname='C:\\Windows\\Fonts\\segoeuisl.ttf', name='Segoe UI', style='normal', variant='normal', weight=350, stretch='normal', size='scalable')) = 10.0975
2026-02-21 13:04:39,475 - matplotlib.font_manager - DEBUG - findfont: score(FontEntry(fname='C:\\Windows\\Fonts\\constani.ttf', name='Constantia', style='italic', variant='normal', weight=400, stretch='normal', size='scalable')) = 11.05
2026-02-21 13:04:39,475 - matplotlib.font_manager - DEBUG - findfont: score(FontEntry(fname='C:\\Windows\\Fonts\\BRADHITC.TTF', name='Bradley Hand ITC', style='normal', variant='normal', weight=400, stretch='normal', size='scalable')) = 10.05
2026-02-21 13:04:39,475 - matplotlib.font_manager - DEBUG - findfont: score(FontEntry(fname='C:\\Windows\\Fonts\\LeelaUIb.ttf', name='Leelawadee UI', style='normal', variant='normal', weight=700, stretch='normal', size='scalable')) = 10.335
2026-02-21 13:04:39,475 - matplotlib.font_manager - DEBUG - findfont: score(FontEntry(fname='C:\\Windows\\Fonts\\STXINGKA.TTF', name='STXingkai', style='normal', variant='normal', weight=400, stretch='normal', size='scalable')) = 10.05
2026-02-21 13:04:39,475 - matplotlib.font_manager - DEBUG - findfont: score(FontEntry(fname='C:\\Windows\\Fonts\\HGF4_CNKI.ttf', name='HGF4_CNKI', style='normal', variant='normal', weight=400, stretch='normal', size='scalable')) = 10.05
2026-02-21 13:04:39,475 - matplotlib.font_manager - DEBUG - findfont: score(FontEntry(fname='C:\\Windows\\Fonts\\GOTHICBI.TTF', name='Century Gothic', style='italic', variant='normal', weight=700, stretch='normal', size='scalable')) = 11.335
2026-02-21 13:04:39,475 - matplotlib.font_manager - DEBUG - findfont: score(FontEntry(fname='C:\\Windows\\Fonts\\arialbi.ttf', name='Arial', style='italic', variant='normal', weight=700, stretch='normal', size='scalable')) = 11.335
2026-02-21 13:04:39,475 - matplotlib.font_manager - DEBUG - findfont: score(FontEntry(fname='C:\\Windows\\Fonts\\BOOKOS.TTF', name='Bookman Old Style', style='normal', variant='normal', weight=300, stretch='normal', size='scalable')) = 10.145
2026-02-21 13:04:39,475 - matplotlib.font_manager - DEBUG - findfont: score(FontEntry(fname='C:\\Windows\\Fonts\\HGF5_CNKI.ttf', name='HGF5_CNKI', style='normal', variant='normal', weight=400, stretch='normal', size='scalable')) = 10.05
2026-02-21 13:04:39,475 - matplotlib.font_manager - DEBUG - findfont: score(FontEntry(fname='C:\\Windows\\Fonts\\corbeli.ttf', name='Corbel', style='italic', variant='normal', weight=400, stretch='normal', size='scalable')) = 11.05
2026-02-21 13:04:39,475 - matplotlib.font_manager - DEBUG - findfont: score(FontEntry(fname='C:\\Windows\\Fonts\\HGXS_CNKI.TTF', name='HGXS_CNKI', style='normal', variant='normal', weight=400, stretch='normal', size='scalable')) = 10.05
2026-02-21 13:04:39,475 - matplotlib.font_manager - DEBUG - findfont: score(FontEntry(fname='C:\\Windows\\Fonts\\REFSPCL.TTF', name='MS Reference Specialty', style='normal', variant='normal', weight=400, stretch='normal', size='scalable')) = 10.05
2026-02-21 13:04:39,475 - matplotlib.font_manager - DEBUG - findfont: score(FontEntry(fname='C:\\Windows\\Fonts\\HGSS1_CNKI.TTF', name='HGSS1_CNKI', style='normal', variant='normal', weight=400, stretch='normal', size='scalable')) = 10.05
2026-02-21 13:04:39,475 - matplotlib.font_manager - DEBUG - findfont: score(FontEntry(fname='C:\\Windows\\Fonts\\georgiab.ttf', name='Georgia', style='normal', variant='normal', weight=700, stretch='normal', size='scalable')) = 10.335
2026-02-21 13:04:39,475 - matplotlib.font_manager - DEBUG - findfont: score(FontEntry(fname='C:\\Windows\\Fonts\\CascadiaMono.ttf', name='Cascadia Mono', style='normal', variant='normal', weight=400, stretch='normal', size='scalable')) = 10.05
2026-02-21 13:04:39,475 - matplotlib.font_manager - DEBUG - findfont: score(FontEntry(fname='C:\\Windows\\Fonts\\HGF6_CNKI.ttf', name='HGF6_CNKI', style='normal', variant='normal', weight=400, stretch='normal', size='scalable')) = 10.05
2026-02-21 13:04:39,475 - matplotlib.font_manager - DEBUG - findfont: score(FontEntry(fname='C:\\Windows\\Fonts\\javatext.ttf', name='Javanese Text', style='normal', variant='normal', weight=400, stretch='normal', size='scalable')) = 10.05
2026-02-21 13:04:39,475 - matplotlib.font_manager - DEBUG - findfont: score(FontEntry(fname='C:\\Windows\\Fonts\\calibri.ttf', name='Calibri', style='normal', variant='normal', weight=400, stretch='normal', size='scalable')) = 10.05
2026-02-21 13:04:39,475 - matplotlib.font_manager - DEBUG - findfont: score(FontEntry(fname='C:\\Windows\\Fonts\\HGBS2_CNKI.TTF', name='HGBS2_CNKI', style='normal', variant='normal', weight=400, stretch='normal', size='scalable')) = 10.05
2026-02-21 13:04:39,475 - matplotlib.font_manager - DEBUG - findfont: score(FontEntry(fname='C:\\Windows\\Fonts\\HGB4X_CNKI.ttf', name='HGB4X_CNKI', style='normal', variant='normal', weight=400, stretch='normal', size='scalable')) = 10.05
2026-02-21 13:04:39,475 - matplotlib.font_manager - DEBUG - findfont: score(FontEntry(fname='C:\\Windows\\Fonts\\seguihis.ttf', name='Segoe UI Historic', style='normal', variant='normal', weight=400, stretch='normal', size='scalable')) = 10.05
2026-02-21 13:04:39,475 - matplotlib.font_manager - DEBUG - findfont: score(FontEntry(fname='C:\\Windows\\Fonts\\Inkfree.ttf', name='Ink Free', style='normal', variant='normal', weight=400, stretch='normal', size='scalable')) = 10.05
2026-02-21 13:04:39,475 - matplotlib.font_manager - DEBUG - findfont: score(FontEntry(fname='C:\\Windows\\Fonts\\seguiemj.ttf', name='Segoe UI Emoji', style='normal', variant='normal', weight=400, stretch='normal', size='scalable')) = 10.05
2026-02-21 13:04:39,475 - matplotlib.font_manager - DEBUG - findfont: score(FontEntry(fname='C:\\Windows\\Fonts\\georgia.ttf', name='Georgia', style='normal', variant='normal', weight=400, stretch='normal', size='scalable')) = 10.05
2026-02-21 13:04:39,475 - matplotlib.font_manager - DEBUG - findfont: score(FontEntry(fname='C:\\Windows\\Fonts\\HGZDX_CNKI.TTF', name='HGZDX_CNKI', style='normal', variant='normal', weight=400, stretch='normal', size='scalable')) = 10.05
2026-02-21 13:04:39,475 - matplotlib.font_manager - DEBUG - findfont: score(FontEntry(fname='C:\\Windows\\Fonts\\segoeuil.ttf', name='Segoe UI', style='normal', variant='normal', weight=300, stretch='normal', size='scalable')) = 10.145
2026-02-21 13:04:39,475 - matplotlib.font_manager - DEBUG - findfont: score(FontEntry(fname='C:\\Windows\\Fonts\\HGB8_CNKI.ttf', name='HGB8_CNKI', style='normal', variant='normal', weight=400, stretch='normal', size='scalable')) = 10.05
2026-02-21 13:04:39,475 - matplotlib.font_manager - DEBUG - findfont: score(FontEntry(fname='C:\\Windows\\Fonts\\constanz.ttf', name='Constantia', style='italic', variant='normal', weight=700, stretch='normal', size='scalable')) = 11.335
2026-02-21 13:04:39,475 - matplotlib.font_manager - DEBUG - findfont: score(FontEntry(fname='C:\\Windows\\Fonts\\HGPTY_CNKI.TTF', name='HGPTY_CNKI', style='normal', variant='normal', weight=400, stretch='normal', size='scalable')) = 10.05
2026-02-21 13:04:39,475 - matplotlib.font_manager - DEBUG - findfont: score(FontEntry(fname='C:\\Windows\\Fonts\\ZWAdobeF.TTF', name='ZWAdobeF', style='normal', variant='normal', weight=400, stretch='normal', size='scalable')) = 10.05
2026-02-21 13:04:39,475 - matplotlib.font_manager - DEBUG - findfont: score(FontEntry(fname='C:\\Windows\\Fonts\\calibril.ttf', name='Calibri', style='normal', variant='normal', weight=300, stretch='normal', size='scalable')) = 10.145
2026-02-21 13:04:39,475 - matplotlib.font_manager - DEBUG - findfont: score(FontEntry(fname='C:\\Windows\\Fonts\\msgothic.ttc', name='MS Gothic', style='normal', variant='normal', weight=400, stretch='normal', size='scalable')) = 10.05
2026-02-21 13:04:39,477 - matplotlib.font_manager - DEBUG - findfont: score(FontEntry(fname='C:\\Windows\\Fonts\\REFSAN.TTF', name='MS Reference Sans Serif', style='normal', variant='normal', weight=400, stretch='normal', size='scalable')) = 10.05
2026-02-21 13:04:39,477 - matplotlib.font_manager - DEBUG - findfont: score(FontEntry(fname='C:\\Windows\\Fonts\\comici.ttf', name='Comic Sans MS', style='italic', variant='normal', weight=400, stretch='normal', size='scalable')) = 11.05
2026-02-21 13:04:39,477 - matplotlib.font_manager - DEBUG - findfont: score(FontEntry(fname='C:\\Windows\\Fonts\\Candaral.ttf', name='Candara', style='normal', variant='normal', weight=400, stretch='normal', size='scalable')) = 10.05
2026-02-21 13:04:39,477 - matplotlib.font_manager - DEBUG - findfont: score(FontEntry(fname='C:\\Windows\\Fonts\\TEMPSITC.TTF', name='Tempus Sans ITC', style='normal', variant='normal', weight=400, stretch='normal', size='scalable')) = 10.05
2026-02-21 13:04:39,477 - matplotlib.font_manager - DEBUG - findfont: score(FontEntry(fname='C:\\Windows\\Fonts\\YuGothB.ttc', name='Yu Gothic', style='normal', variant='normal', weight=700, stretch='normal', size='scalable')) = 10.335
2026-02-21 13:04:39,477 - matplotlib.font_manager - DEBUG - findfont: score(FontEntry(fname='D:\\SceneBuilder\\runtime\\jre\\lib\\fonts\\LucidaTypewriterBold.ttf', name='Lucida Sans Typewriter', style='normal', variant='normal', weight=700, stretch='normal', size='scalable')) = 10.335
2026-02-21 13:04:39,477 - matplotlib.font_manager - DEBUG - findfont: score(FontEntry(fname='C:\\Windows\\Fonts\\GOTHIC.TTF', name='Century Gothic', style='normal', variant='normal', weight=400, stretch='normal', size='scalable')) = 10.05
2026-02-21 13:04:39,477 - matplotlib.font_manager - DEBUG - findfont: score(FontEntry(fname='D:\\SceneBuilder\\runtime\\jre\\lib\\fonts\\LucidaBrightItalic.ttf', name='Lucida Bright', style='italic', variant='normal', weight=400, stretch='normal', size='scalable')) = 11.05
2026-02-21 13:04:39,477 - matplotlib.font_manager - DEBUG - findfont: score(FontEntry(fname='C:\\Windows\\Fonts\\HGKT1_CNKI.TTF', name='HGKT1_CNKI', style='normal', variant='normal', weight=400, stretch='normal', size='scalable')) = 10.05
2026-02-21 13:04:39,477 - matplotlib.font_manager - DEBUG - findfont: score(FontEntry(fname='C:\\Windows\\Fonts\\georgiai.ttf', name='Georgia', style='italic', variant='normal', weight=400, stretch='normal', size='scalable')) = 11.05
2026-02-21 13:04:39,477 - matplotlib.font_manager - DEBUG - findfont: score(FontEntry(fname='C:\\Windows\\Fonts\\HGXC_CNKI.TTF', name='HGXC_CNKI', style='normal', variant='normal', weight=400, stretch='normal', size='scalable')) = 10.05
2026-02-21 13:04:39,477 - matplotlib.font_manager - DEBUG - findfont: score(FontEntry(fname='C:\\Windows\\Fonts\\HGLS_CNKI.TTF', name='HGLS_CNKI', style='normal', variant='normal', weight=400, stretch='normal', size='scalable')) = 10.05
2026-02-21 13:04:39,477 - matplotlib.font_manager - DEBUG - findfont: score(FontEntry(fname='C:\\Windows\\Fonts\\HGY1_CNKI.TTF', name='HGY1_CNKI', style='normal', variant='normal', weight=400, stretch='normal', size='scalable')) = 10.05
2026-02-21 13:04:39,477 - matplotlib.font_manager - DEBUG - findfont: score(FontEntry(fname='C:\\Windows\\Fonts\\wingding.ttf', name='Wingdings', style='normal', variant='normal', weight=400, stretch='normal', size='scalable')) = 10.05
2026-02-21 13:04:39,477 - matplotlib.font_manager - DEBUG - findfont: score(FontEntry(fname='C:\\Windows\\Fonts\\trebucbd.ttf', name='Trebuchet MS', style='normal', variant='normal', weight=700, stretch='normal', size='scalable')) = 10.335
2026-02-21 13:04:39,477 - matplotlib.font_manager - DEBUG - findfont: score(FontEntry(fname='C:\\Windows\\Fonts\\HGMH_CNKI.TTF', name='HGMH_CNKI', style='normal', variant='normal', weight=400, stretch='normal', size='scalable')) = 10.05
2026-02-21 13:04:39,477 - matplotlib.font_manager - DEBUG - findfont: score(FontEntry(fname='C:\\Windows\\Fonts\\BSSYM7.TTF', name='Bookshelf Symbol 7', style='normal', variant='normal', weight=400, stretch='normal', size='scalable')) = 10.05
2026-02-21 13:04:39,477 - matplotlib.font_manager - DEBUG - findfont: score(FontEntry(fname='C:\\Windows\\Fonts\\comic.ttf', name='Comic Sans MS', style='normal', variant='normal', weight=400, stretch='normal', size='scalable')) = 10.05
2026-02-21 13:04:39,477 - matplotlib.font_manager - DEBUG - findfont: score(FontEntry(fname='C:\\Windows\\Fonts\\trebuc.ttf', name='Trebuchet MS', style='normal', variant='normal', weight=400, stretch='normal', size='scalable')) = 10.05
2026-02-21 13:04:39,477 - matplotlib.font_manager - DEBUG - findfont: score(FontEntry(fname='C:\\Windows\\Fonts\\HGDYS_CNKI.TTF', name='HGDYS_CNKI', style='normal', variant='normal', weight=400, stretch='normal', size='scalable')) = 10.05
2026-02-21 13:04:39,477 - matplotlib.font_manager - DEBUG - findfont: score(FontEntry(fname='C:\\Windows\\Fonts\\seguisli.ttf', name='Segoe UI', style='italic', variant='normal', weight=350, stretch='normal', size='scalable')) = 11.0975
2026-02-21 13:04:39,477 - matplotlib.font_manager - DEBUG - findfont: score(FontEntry(fname='C:\\Windows\\Fonts\\ntailu.ttf', name='Microsoft New Tai Lue', style='normal', variant='normal', weight=400, stretch='normal', size='scalable')) = 10.05
2026-02-21 13:04:39,477 - matplotlib.font_manager - DEBUG - findfont: score(FontEntry(fname='C:\\Windows\\Fonts\\HGH5X_CNKI.ttf', name='HGH5X_CNKI', style='normal', variant='normal', weight=400, stretch='normal', size='scalable')) = 10.05
2026-02-21 13:04:39,477 - matplotlib.font_manager - DEBUG - findfont: score(FontEntry(fname='C:\\Windows\\Fonts\\STSONG.TTF', name='STSong', style='normal', variant='normal', weight=400, stretch='normal', size='scalable')) = 10.05
2026-02-21 13:04:39,477 - matplotlib.font_manager - DEBUG - findfont: score(FontEntry(fname='C:\\Windows\\Fonts\\STHUPO.TTF', name='STHupo', style='normal', variant='normal', weight=400, stretch='normal', size='scalable')) = 10.05
2026-02-21 13:04:39,477 - matplotlib.font_manager - DEBUG - findfont: score(FontEntry(fname='C:\\Windows\\Fonts\\gadugi.ttf', name='Gadugi', style='normal', variant='normal', weight=400, stretch='normal', size='scalable')) = 10.05
2026-02-21 13:04:39,477 - matplotlib.font_manager - DEBUG - findfont: score(FontEntry(fname='C:\\Windows\\Fonts\\STZHONGS.TTF', name='STZhongsong', style='normal', variant='normal', weight=400, stretch='normal', size='scalable')) = 10.05
2026-02-21 13:04:39,477 - matplotlib.font_manager - DEBUG - findfont: score(FontEntry(fname='C:\\Windows\\Fonts\\HGB1_CNKI.ttf', name='HGB1_CNKI', style='normal', variant='normal', weight=400, stretch='normal', size='scalable')) = 10.05
2026-02-21 13:04:39,477 - matplotlib.font_manager - DEBUG - findfont: score(FontEntry(fname='C:\\Windows\\Fonts\\HGGG_CNKI.TTF', name='HGGG_CNKI', style='normal', variant='normal', weight=400, stretch='normal', size='scalable')) = 10.05
2026-02-21 13:04:39,477 - matplotlib.font_manager - DEBUG - findfont: score(FontEntry(fname='C:\\Windows\\Fonts\\courbi.ttf', name='Courier New', style='italic', variant='normal', weight=700, stretch='normal', size='scalable')) = 11.335
2026-02-21 13:04:39,477 - matplotlib.font_manager - DEBUG - findfont: score(FontEntry(fname='C:\\Windows\\Fonts\\HGF9X_CNKI.ttf', name='HGF9X_CNKI', style='normal', variant='normal', weight=400, stretch='normal', size='scalable')) = 10.05
2026-02-21 13:04:39,477 - matplotlib.font_manager - DEBUG - findfont: score(FontEntry(fname='C:\\Windows\\Fonts\\HGDH_CNKI.TTF', name='HGDH_CNKI', style='normal', variant='normal', weight=400, stretch='normal', size='scalable')) = 10.05
2026-02-21 13:04:39,477 - matplotlib.font_manager - DEBUG - findfont: score(FontEntry(fname='C:\\Windows\\Fonts\\HGB6_CNKI.ttf', name='HGB6_CNKI', style='normal', variant='normal', weight=400, stretch='normal', size='scalable')) = 10.05
2026-02-21 13:04:39,477 - matplotlib.font_manager - DEBUG - findfont: score(FontEntry(fname='C:\\Windows\\Fonts\\HGH7_CNKI.ttf', name='HGH7_CNKI', style='normal', variant='normal', weight=400, stretch='normal', size='scalable')) = 10.05
2026-02-21 13:04:39,477 - matplotlib.font_manager - DEBUG - findfont: score(FontEntry(fname='C:\\Windows\\Fonts\\simsun.ttc', name='SimSun', style='normal', variant='normal', weight=400, stretch='normal', size='scalable')) = 10.05
2026-02-21 13:04:39,477 - matplotlib.font_manager - DEBUG - findfont: score(FontEntry(fname='C:\\Windows\\Fonts\\HGZK_CNKI.TTF', name='HGZK_CNKI', style='normal', variant='normal', weight=400, stretch='normal', size='scalable')) = 10.05
2026-02-21 13:04:39,477 - matplotlib.font_manager - DEBUG - findfont: score(FontEntry(fname='C:\\Windows\\Fonts\\taile.ttf', name='Microsoft Tai Le', style='normal', variant='normal', weight=400, stretch='normal', size='scalable')) = 10.05
2026-02-21 13:04:39,477 - matplotlib.font_manager - DEBUG - findfont: score(FontEntry(fname='C:\\Windows\\Fonts\\seguili.ttf', name='Segoe UI', style='italic', variant='normal', weight=300, stretch='normal', size='scalable')) = 11.145
2026-02-21 13:04:39,477 - matplotlib.font_manager - DEBUG - findfont: score(FontEntry(fname='C:\\Windows\\Fonts\\HGF3_CNKI.ttf', name='HGF3_CNKI', style='normal', variant='normal', weight=400, stretch='normal', size='scalable')) = 10.05
2026-02-21 13:04:39,477 - matplotlib.font_manager - DEBUG - findfont: score(FontEntry(fname='C:\\Windows\\Fonts\\HGOCR_CNKI.ttf', name='HGOCR_CNKI', style='normal', variant='normal', weight=400, stretch='normal', size='scalable')) = 10.05
2026-02-21 13:04:39,477 - matplotlib.font_manager - DEBUG - findfont: score(FontEntry(fname='C:\\Windows\\Fonts\\HGF8_CNKI.ttf', name='HGF8_CNKI', style='normal', variant='normal', weight=400, stretch='normal', size='scalable')) = 10.05
2026-02-21 13:04:39,477 - matplotlib.font_manager - DEBUG - findfont: score(FontEntry(fname='C:\\Windows\\Fonts\\HGF1X_CNKI.ttf', name='HGF1X_CNKI', style='normal', variant='normal', weight=400, stretch='normal', size='scalable')) = 10.05
2026-02-21 13:04:39,477 - matplotlib.font_manager - DEBUG - findfont: score(FontEntry(fname='C:\\Windows\\Fonts\\HGF2_CNKI.ttf', name='HGF2_CNKI', style='normal', variant='normal', weight=400, stretch='normal', size='scalable')) = 10.05
2026-02-21 13:04:39,477 - matplotlib.font_manager - DEBUG - findfont: score(FontEntry(fname='C:\\Windows\\Fonts\\HGB2_CNKI.ttf', name='HGB2_CNKI', style='normal', variant='normal', weight=400, stretch='normal', size='scalable')) = 10.05
2026-02-21 13:04:39,477 - matplotlib.font_manager - DEBUG - findfont: score(FontEntry(fname='C:\\Windows\\Fonts\\cambria.ttc', name='Cambria', style='normal', variant='normal', weight=400, stretch='normal', size='scalable')) = 10.05
2026-02-21 13:04:39,478 - matplotlib.font_manager - DEBUG - findfont: score(FontEntry(fname='C:\\Windows\\Fonts\\HGF4X_CNKI.ttf', name='HGF4X_CNKI', style='normal', variant='normal', weight=400, stretch='normal', size='scalable')) = 10.05
2026-02-21 13:04:39,478 - matplotlib.font_manager - DEBUG - findfont: score(FontEntry(fname='C:\\Windows\\Fonts\\segoeprb.ttf', name='Segoe Print', style='normal', variant='normal', weight=700, stretch='normal', size='scalable')) = 10.335
2026-02-21 13:04:39,478 - matplotlib.font_manager - DEBUG - findfont: score(FontEntry(fname='C:\\Windows\\Fonts\\MTEXTRA.TTF', name='MT Extra', style='normal', variant='normal', weight=400, stretch='normal', size='scalable')) = 10.05
2026-02-21 13:04:39,478 - matplotlib.font_manager - DEBUG - findfont: score(FontEntry(fname='C:\\Windows\\Fonts\\seguibli.ttf', name='Segoe UI', style='italic', variant='normal', weight=900, stretch='normal', size='scalable')) = 11.525
2026-02-21 13:04:39,478 - matplotlib.font_manager - DEBUG - findfont: score(FontEntry(fname='C:\\Windows\\Fonts\\cambriaz.ttf', name='Cambria', style='italic', variant='normal', weight=700, stretch='normal', size='scalable')) = 11.335
2026-02-21 13:04:39,478 - matplotlib.font_manager - DEBUG - findfont: score(FontEntry(fname='C:\\Windows\\Fonts\\BOOKOSB.TTF', name='Bookman Old Style', style='normal', variant='normal', weight=600, stretch='normal', size='scalable')) = 10.24
2026-02-21 13:04:39,478 - matplotlib.font_manager - DEBUG - findfont: score(FontEntry(fname='C:\\Windows\\Fonts\\bahnschrift.ttf', name='Bahnschrift', style='normal', variant='normal', weight=400, stretch='normal', size='scalable')) = 10.05
2026-02-21 13:04:39,478 - matplotlib.font_manager - DEBUG - findfont: score(FontEntry(fname='C:\\Windows\\Fonts\\HGH5_CNKI.ttf', name='HGH5_CNKI', style='normal', variant='normal', weight=400, stretch='normal', size='scalable')) = 10.05
2026-02-21 13:04:39,478 - matplotlib.font_manager - DEBUG - findfont: score(FontEntry(fname='C:\\Windows\\Fonts\\ebrima.ttf', name='Ebrima', style='normal', variant='normal', weight=400, stretch='normal', size='scalable')) = 10.05
2026-02-21 13:04:39,478 - matplotlib.font_manager - DEBUG - findfont: score(FontEntry(fname='C:\\Windows\\Fonts\\STXINWEI.TTF', name='STXinwei', style='normal', variant='normal', weight=400, stretch='normal', size='scalable')) = 10.05
2026-02-21 13:04:39,478 - matplotlib.font_manager - DEBUG - findfont: score(FontEntry(fname='D:\\SceneBuilder\\runtime\\jre\\lib\\fonts\\LucidaBrightDemiItalic.ttf', name='Lucida Bright', style='italic', variant='normal', weight=700, stretch='normal', size='scalable')) = 11.335
2026-02-21 13:04:39,478 - matplotlib.font_manager - DEBUG - findfont: score(FontEntry(fname='C:\\Windows\\Fonts\\HGXF1_CNKI.ttf', name='HGXF1_CNKI', style='normal', variant='normal', weight=400, stretch='normal', size='scalable')) = 10.05
2026-02-21 13:04:39,478 - matplotlib.font_manager - DEBUG - findfont: score(FontEntry(fname='C:\\Windows\\Fonts\\Candarab.ttf', name='Candara', style='normal', variant='normal', weight=700, stretch='normal', size='scalable')) = 10.335
2026-02-21 13:04:39,478 - matplotlib.font_manager - DEBUG - findfont: score(FontEntry(fname='C:\\Windows\\Fonts\\HGH3_CNKI.ttf', name='HGH3_CNKI', style='normal', variant='normal', weight=400, stretch='normal', size='scalable')) = 10.05
2026-02-21 13:04:39,478 - matplotlib.font_manager - DEBUG - findfont: score(FontEntry(fname='D:\\SceneBuilder\\runtime\\jre\\lib\\fonts\\LucidaBrightDemiBold.ttf', name='Lucida Bright', style='normal', variant='normal', weight=700, stretch='normal', size='scalable')) = 10.335
2026-02-21 13:04:39,478 - matplotlib.font_manager - DEBUG - findfont: score(FontEntry(fname='C:\\Windows\\Fonts\\HGCUH_CNKI.TTF', name='HGCUH_CNKI', style='normal', variant='normal', weight=400, stretch='normal', size='scalable')) = 10.05
2026-02-21 13:04:39,478 - matplotlib.font_manager - DEBUG - findfont: score(FontEntry(fname='C:\\Windows\\Fonts\\HGHZ_CNKI.ttf', name='HGHZ_CNKI', style='normal', variant='normal', weight=400, stretch='normal', size='scalable')) = 10.05
2026-02-21 13:04:39,478 - matplotlib.font_manager - DEBUG - findfont: score(FontEntry(fname='C:\\Windows\\Fonts\\HGXBS_CNKI.TTF', name='HGXBS_CNKI', style='normal', variant='normal', weight=400, stretch='normal', size='scalable')) = 10.05
2026-02-21 13:04:39,478 - matplotlib.font_manager - DEBUG - findfont: score(FontEntry(fname='C:\\Windows\\Fonts\\Gabriola.ttf', name='Gabriola', style='normal', variant='normal', weight=400, stretch='normal', size='scalable')) = 10.05
2026-02-21 13:04:39,478 - matplotlib.font_manager - DEBUG - findfont: score(FontEntry(fname='C:\\Windows\\Fonts\\HGFX_CNKI.ttf', name='HGFX_CNKI', style='normal', variant='normal', weight=400, stretch='normal', size='scalable')) = 10.05
2026-02-21 13:04:39,478 - matplotlib.font_manager - DEBUG - findfont: score(FontEntry(fname='C:\\Windows\\Fonts\\HGBS_CNKI.TTF', name='HGBS_CNKI', style='normal', variant='normal', weight=400, stretch='normal', size='scalable')) = 10.05
2026-02-21 13:04:39,478 - matplotlib.font_manager - DEBUG - findfont: score(FontEntry(fname='C:\\Windows\\Fonts\\malgun.ttf', name='Malgun Gothic', style='normal', variant='normal', weight=400, stretch='normal', size='scalable')) = 10.05
2026-02-21 13:04:39,478 - matplotlib.font_manager - DEBUG - findfont: score(FontEntry(fname='C:\\Windows\\Fonts\\palabi.ttf', name='Palatino Linotype', style='italic', variant='normal', weight=700, stretch='normal', size='scalable')) = 11.335
2026-02-21 13:04:39,478 - matplotlib.font_manager - DEBUG - findfont: score(FontEntry(fname='C:\\Windows\\Fonts\\HGY3_CNKI.TTF', name='HGY3_CNKI', style='normal', variant='normal', weight=400, stretch='normal', size='scalable')) = 10.05
2026-02-21 13:04:39,478 - matplotlib.font_manager - DEBUG - findfont: score(FontEntry(fname='C:\\Windows\\Fonts\\BOOKOSBI.TTF', name='Bookman Old Style', style='italic', variant='normal', weight=600, stretch='normal', size='scalable')) = 11.24
2026-02-21 13:04:39,478 - matplotlib.font_manager - DEBUG - findfont: score(FontEntry(fname='C:\\Windows\\Fonts\\HGB7_CNKI.ttf', name='HGB7_CNKI', style='normal', variant='normal', weight=400, stretch='normal', size='scalable')) = 10.05
2026-02-21 13:04:39,478 - matplotlib.font_manager - DEBUG - findfont: score(FontEntry(fname='C:\\Windows\\Fonts\\HGBKBX_CNKI.ttf', name='HGBKBX_CNKI', style='normal', variant='normal', weight=400, stretch='normal', size='scalable')) = 10.05
2026-02-21 13:04:39,478 - matplotlib.font_manager - DEBUG - findfont: score(FontEntry(fname='C:\\Windows\\Fonts\\gadugib.ttf', name='Gadugi', style='normal', variant='normal', weight=700, stretch='normal', size='scalable')) = 10.335
2026-02-21 13:04:39,478 - matplotlib.font_manager - DEBUG - findfont: score(FontEntry(fname='C:\\Windows\\Fonts\\HGX1_CNKI.ttf', name='HGX1_CNKI', style='normal', variant='normal', weight=400, stretch='normal', size='scalable')) = 10.05
2026-02-21 13:04:39,478 - matplotlib.font_manager - DEBUG - findfont: score(FontEntry(fname='C:\\Windows\\Fonts\\HGF7_CNKI.ttf', name='HGF7_CNKI', style='normal', variant='normal', weight=400, stretch='normal', size='scalable')) = 10.05
2026-02-21 13:04:39,478 - matplotlib.font_manager - DEBUG - findfont: score(FontEntry(fname='C:\\Windows\\Fonts\\HGZY_CNKI.TTF', name='HGZY_CNKI', style='normal', variant='normal', weight=400, stretch='normal', size='scalable')) = 10.05
2026-02-21 13:04:39,478 - matplotlib.font_manager - DEBUG - findfont: score(FontEntry(fname='C:\\Windows\\Fonts\\HarmonyOS_Sans_SC_Regular.ttf', name='HarmonyOS Sans SC', style='normal', variant='normal', weight=400, stretch='normal', size='scalable')) = 10.05
2026-02-21 13:04:39,478 - matplotlib.font_manager - DEBUG - findfont: score(FontEntry(fname='C:\\Windows\\Fonts\\HGZYT_CNKI.TTF', name='HGZYT_CNKI', style='normal', variant='normal', weight=400, stretch='normal', size='scalable')) = 10.05
2026-02-21 13:04:39,478 - matplotlib.font_manager - DEBUG - findfont: score(FontEntry(fname='C:\\Windows\\Fonts\\HGWT_CNKI.TTF', name='HGWT_CNKI', style='normal', variant='normal', weight=400, stretch='normal', size='scalable')) = 10.05
2026-02-21 13:04:39,478 - matplotlib.font_manager - DEBUG - findfont: score(FontEntry(fname='C:\\Windows\\Fonts\\GARABD.TTF', name='Garamond', style='normal', variant='normal', weight=700, stretch='normal', size='scalable')) = 10.335
2026-02-21 13:04:39,478 - matplotlib.font_manager - DEBUG - findfont: score(FontEntry(fname='C:\\Windows\\Fonts\\HGH3X_CNKI.ttf', name='HGH3X_CNKI', style='normal', variant='normal', weight=400, stretch='normal', size='scalable')) = 10.05
2026-02-21 13:04:39,478 - matplotlib.font_manager - DEBUG - findfont: score(FontEntry(fname='C:\\Windows\\Fonts\\msyh.ttc', name='Microsoft YaHei', style='normal', variant='normal', weight=400, stretch='normal', size='scalable')) = 3.383333333333333
2026-02-21 13:04:39,478 - matplotlib.font_manager - DEBUG - findfont: score(FontEntry(fname='C:\\Windows\\Fonts\\mingliub.ttc', name='MingLiU-ExtB', style='normal', variant='normal', weight=400, stretch='normal', size='scalable')) = 10.05
2026-02-21 13:04:39,478 - matplotlib.font_manager - DEBUG - findfont: score(FontEntry(fname='C:\\Windows\\Fonts\\HGFS2_CNKI.TTF', name='HGFS2_CNKI', style='normal', variant='normal', weight=400, stretch='normal', size='scalable')) = 10.05
2026-02-21 13:04:39,478 - matplotlib.font_manager - DEBUG - findfont: score(FontEntry(fname='C:\\Windows\\Fonts\\timesbi.ttf', name='Times New Roman', style='italic', variant='normal', weight=700, stretch='normal', size='scalable')) = 11.335
2026-02-21 13:04:39,479 - matplotlib.font_manager - DEBUG - findfont: score(FontEntry(fname='C:\\Windows\\Fonts\\calibrii.ttf', name='Calibri', style='italic', variant='normal', weight=400, stretch='normal', size='scalable')) = 11.05
2026-02-21 13:04:39,479 - matplotlib.font_manager - DEBUG - findfont: score(FontEntry(fname='C:\\Windows\\Fonts\\seguisb.ttf', name='Segoe UI', style='normal', variant='normal', weight=600, stretch='normal', size='scalable')) = 10.24
2026-02-21 13:04:39,479 - matplotlib.font_manager - DEBUG - findfont: score(FontEntry(fname='C:\\Windows\\Fonts\\msjh.ttc', name='Microsoft JhengHei', style='normal', variant='normal', weight=400, stretch='normal', size='scalable')) = 10.05
2026-02-21 13:04:39,479 - matplotlib.font_manager - DEBUG - findfont: score(FontEntry(fname='C:\\Windows\\Fonts\\HGYT2_CNKI.ttf', name='HGYT2_CNKI', style='normal', variant='normal', weight=400, stretch='normal', size='scalable')) = 10.05
2026-02-21 13:04:39,479 - matplotlib.font_manager - DEBUG - findfont: score(FontEntry(fname='C:\\Windows\\Fonts\\simfang.ttf', name='FangSong', style='normal', variant='normal', weight=400, stretch='normal', size='scalable')) = 10.05
2026-02-21 13:04:39,479 - matplotlib.font_manager - DEBUG - findfont: score(FontEntry(fname='C:\\Windows\\Fonts\\HGF5X_CNKI.ttf', name='HGF5X_CNKI', style='normal', variant='normal', weight=400, stretch='normal', size='scalable')) = 10.05
2026-02-21 13:04:39,479 - matplotlib.font_manager - DEBUG - findfont: score(FontEntry(fname='C:\\Windows\\Fonts\\SIMYOU.TTF', name='YouYuan', style='normal', variant='normal', weight=400, stretch='normal', size='scalable')) = 10.05
2026-02-21 13:04:39,479 - matplotlib.font_manager - DEBUG - findfont: score(FontEntry(fname='C:\\Windows\\Fonts\\HGCH_CNKI.TTF', name='HGCH_CNKI', style='normal', variant='normal', weight=400, stretch='normal', size='scalable')) = 10.05
2026-02-21 13:04:39,479 - matplotlib.font_manager - DEBUG - findfont: score(FontEntry(fname='C:\\Windows\\Fonts\\ariblk.ttf', name='Arial', style='normal', variant='normal', weight=900, stretch='normal', size='scalable')) = 10.525
2026-02-21 13:04:39,479 - matplotlib.font_manager - DEBUG - findfont: score(FontEntry(fname='C:\\Windows\\Fonts\\HGXFZ_CNKI.ttf', name='HGXFZ_CNKI', style='normal', variant='normal', weight=400, stretch='normal', size='scalable')) = 10.05
2026-02-21 13:04:39,479 - matplotlib.font_manager - DEBUG - findfont: score(FontEntry(fname='C:\\Windows\\Fonts\\georgiaz.ttf', name='Georgia', style='italic', variant='normal', weight=700, stretch='normal', size='scalable')) = 11.335
2026-02-21 13:04:39,479 - matplotlib.font_manager - DEBUG - findfont: score(FontEntry(fname='C:\\Windows\\Fonts\\PRISTINA.TTF', name='Pristina', style='normal', variant='normal', weight=400, stretch='normal', size='scalable')) = 10.05
2026-02-21 13:04:39,479 - matplotlib.font_manager - DEBUG - findfont: score(FontEntry(fname='C:\\Windows\\Fonts\\BOOKOSI.TTF', name='Bookman Old Style', style='italic', variant='normal', weight=300, stretch='normal', size='scalable')) = 11.145
2026-02-21 13:04:39,479 - matplotlib.font_manager - DEBUG - findfont: score(FontEntry(fname='C:\\Windows\\Fonts\\HGXL_CNKI.TTF', name='HGXL_CNKI', style='normal', variant='normal', weight=400, stretch='normal', size='scalable')) = 10.05
2026-02-21 13:04:39,479 - matplotlib.font_manager - DEBUG - findfont: score(FontEntry(fname='C:\\Windows\\Fonts\\DUBAI-BOLD.TTF', name='Dubai', style='normal', variant='normal', weight=700, stretch='normal', size='scalable')) = 10.335
2026-02-21 13:04:39,479 - matplotlib.font_manager - DEBUG - findfont: score(FontEntry(fname='C:\\Windows\\Fonts\\HGCY_CNKI.TTF', name='HGCY_CNKI', style='normal', variant='normal', weight=400, stretch='normal', size='scalable')) = 10.05
2026-02-21 13:04:39,479 - matplotlib.font_manager - DEBUG - findfont: score(FontEntry(fname='D:\\SceneBuilder\\runtime\\jre\\lib\\fonts\\LucidaTypewriterRegular.ttf', name='Lucida Sans Typewriter', style='normal', variant='normal', weight=400, stretch='normal', size='scalable')) = 10.05
2026-02-21 13:04:39,479 - matplotlib.font_manager - DEBUG - findfont: score(FontEntry(fname='C:\\Windows\\Fonts\\ANTQUABI.TTF', name='Book Antiqua', style='italic', variant='normal', weight=700, stretch='normal', size='scalable')) = 11.335
2026-02-21 13:04:39,479 - matplotlib.font_manager - DEBUG - findfont: score(FontEntry(fname='C:\\Windows\\Fonts\\LeelUIsl.ttf', name='Leelawadee UI', style='normal', variant='normal', weight=350, stretch='normal', size='scalable')) = 10.0975
2026-02-21 13:04:39,479 - matplotlib.font_manager - DEBUG - findfont: score(FontEntry(fname='C:\\Windows\\Fonts\\HGBZ_CNKI.ttf', name='HGBZ_CNKI', style='normal', variant='normal', weight=400, stretch='normal', size='scalable')) = 10.05
2026-02-21 13:04:39,479 - matplotlib.font_manager - DEBUG - findfont: score(FontEntry(fname='C:\\Windows\\Fonts\\HGKT2_CNKI.TTF', name='HGKT2_CNKI', style='normal', variant='normal', weight=400, stretch='normal', size='scalable')) = 10.05
2026-02-21 13:04:39,479 - matplotlib.font_manager - DEBUG - findfont: score(FontEntry(fname='C:\\Windows\\Fonts\\corbelb.ttf', name='Corbel', style='normal', variant='normal', weight=700, stretch='normal', size='scalable')) = 10.335
2026-02-21 13:04:39,479 - matplotlib.font_manager - DEBUG - findfont: score(FontEntry(fname='C:\\Windows\\Fonts\\HGFSH_CNKI.TTF', name='HGFSH_CNKI', style='normal', variant='normal', weight=400, stretch='normal', size='scalable')) = 10.05
2026-02-21 13:04:39,479 - matplotlib.font_manager - DEBUG - findfont: score(FontEntry(fname='C:\\Windows\\Fonts\\palai.ttf', name='Palatino Linotype', style='italic', variant='normal', weight=400, stretch='normal', size='scalable')) = 11.05
2026-02-21 13:04:39,479 - matplotlib.font_manager - DEBUG - findfont: score(FontEntry(fname='C:\\Windows\\Fonts\\Dengl.ttf', name='DengXian', style='normal', variant='normal', weight=300, stretch='normal', size='scalable')) = 10.145
2026-02-21 13:04:39,479 - matplotlib.font_manager - DEBUG - findfont: score(FontEntry(fname='C:\\Windows\\Fonts\\mmrtextb.ttf', name='Myanmar Text', style='normal', variant='normal', weight=700, stretch='normal', size='scalable')) = 10.335
2026-02-21 13:04:39,479 - matplotlib.font_manager - DEBUG - findfont: score(FontEntry(fname='C:\\Windows\\Fonts\\FZSTK.TTF', name='FZShuTi', style='normal', variant='normal', weight=400, stretch='normal', size='scalable')) = 10.05
2026-02-21 13:04:39,479 - matplotlib.font_manager - DEBUG - findfont: score(FontEntry(fname='C:\\Windows\\Fonts\\ARIALNBI.TTF', name='Arial', style='italic', variant='normal', weight=700, stretch='condensed', size='scalable')) = 11.535
2026-02-21 13:04:39,479 - matplotlib.font_manager - DEBUG - findfont: score(FontEntry(fname='C:\\Windows\\Fonts\\HGH1_CNKI.ttf', name='HGH1_CNKI', style='normal', variant='normal', weight=400, stretch='normal', size='scalable')) = 10.05
2026-02-21 13:04:39,479 - matplotlib.font_manager - DEBUG - findfont: score(FontEntry(fname='C:\\Windows\\Fonts\\STCAIYUN.TTF', name='STCaiyun', style='normal', variant='normal', weight=400, stretch='normal', size='scalable')) = 10.05
2026-02-21 13:04:39,479 - matplotlib.font_manager - DEBUG - findfont: score(FontEntry(fname='C:\\Windows\\Fonts\\LeelawUI.ttf', name='Leelawadee UI', style='normal', variant='normal', weight=400, stretch='normal', size='scalable')) = 10.05
2026-02-21 13:04:39,479 - matplotlib.font_manager - DEBUG - findfont: score(FontEntry(fname='C:\\Windows\\Fonts\\PAPYRUS.TTF', name='Papyrus', style='normal', variant='normal', weight=400, stretch='normal', size='scalable')) = 10.05
2026-02-21 13:04:39,479 - matplotlib.font_manager - DEBUG - findfont: score(FontEntry(fname='C:\\Windows\\Fonts\\HGH2X_CNKI.ttf', name='HGH2X_CNKI', style='normal', variant='normal', weight=400, stretch='normal', size='scalable')) = 10.05
2026-02-21 13:04:39,479 - matplotlib.font_manager - DEBUG - findfont: score(FontEntry(fname='C:\\Windows\\Fonts\\CascadiaCode.ttf', name='Cascadia Code', style='normal', variant='normal', weight=400, stretch='normal', size='scalable')) = 10.05
2026-02-21 13:04:39,479 - matplotlib.font_manager - DEBUG - findfont: score(FontEntry(fname='C:\\Windows\\Fonts\\HGKY_CNKI.ttf', name='HGKY_CNKI', style='normal', variant='normal', weight=400, stretch='normal', size='scalable')) = 10.05
2026-02-21 13:04:39,479 - matplotlib.font_manager - DEBUG - findfont: score(FontEntry(fname='D:\\软件\\PDF\\acrobat PDF\\Resource\\Font\\AdobeDevanagari-BoldItalic.otf', name='Adobe Devanagari', style='italic', variant='normal', weight=700, stretch='normal', size='scalable')) = 11.335
2026-02-21 13:04:39,479 - matplotlib.font_manager - DEBUG - findfont: score(FontEntry(fname='C:\\Windows\\Fonts\\malgunbd.ttf', name='Malgun Gothic', style='normal', variant='normal', weight=700, stretch='normal', size='scalable')) = 10.335
2026-02-21 13:04:39,479 - matplotlib.font_manager - DEBUG - findfont: score(FontEntry(fname='C:\\Windows\\Fonts\\seguisbi.ttf', name='Segoe UI', style='italic', variant='normal', weight=600, stretch='normal', size='scalable')) = 11.24
2026-02-21 13:04:39,479 - matplotlib.font_manager - DEBUG - findfont: score(FontEntry(fname='C:\\Windows\\Fonts\\cambriab.ttf', name='Cambria', style='normal', variant='normal', weight=700, stretch='normal', size='scalable')) = 10.335
2026-02-21 13:04:39,479 - matplotlib.font_manager - DEBUG - findfont: score(FontEntry(fname='C:\\Windows\\Fonts\\framdit.ttf', name='Franklin Gothic Medium', style='italic', variant='normal', weight=400, stretch='normal', size='scalable')) = 11.05
2026-02-21 13:04:39,480 - matplotlib.font_manager - DEBUG - findfont: score(FontEntry(fname='C:\\Windows\\Fonts\\HGHP_CNKI.TTF', name='HGHP_CNKI', style='normal', variant='normal', weight=400, stretch='normal', size='scalable')) = 10.05
2026-02-21 13:04:39,480 - matplotlib.font_manager - DEBUG - findfont: score(FontEntry(fname='C:\\Windows\\Fonts\\micross.ttf', name='Microsoft Sans Serif', style='normal', variant='normal', weight=400, stretch='normal', size='scalable')) = 10.05
2026-02-21 13:04:39,480 - matplotlib.font_manager - DEBUG - findfont: score(FontEntry(fname='C:\\Windows\\Fonts\\HGXFX_CNKI.ttf', name='HGXFX_CNKI', style='normal', variant='normal', weight=400, stretch='normal', size='scalable')) = 10.05
2026-02-21 13:04:39,480 - matplotlib.font_manager - DEBUG - findfont: score(FontEntry(fname='C:\\Windows\\Fonts\\HGTX_CNKI.TTF', name='HGTX_CNKI', style='normal', variant='normal', weight=400, stretch='normal', size='scalable')) = 10.05
2026-02-21 13:04:39,480 - matplotlib.font_manager - DEBUG - findfont: score(FontEntry(fname='C:\\Windows\\Fonts\\taileb.ttf', name='Microsoft Tai Le', style='normal', variant='normal', weight=700, stretch='normal', size='scalable')) = 10.335
2026-02-21 13:04:39,480 - matplotlib.font_manager - DEBUG - findfont: score(FontEntry(fname='C:\\Windows\\Fonts\\YuGothR.ttc', name='Yu Gothic', style='normal', variant='normal', weight=400, stretch='normal', size='scalable')) = 10.05
2026-02-21 13:04:39,480 - matplotlib.font_manager - DEBUG - findfont: score(FontEntry(fname='C:\\Windows\\Fonts\\simsunb.ttf', name='SimSun-ExtB', style='normal', variant='normal', weight=400, stretch='normal', size='scalable')) = 10.05
2026-02-21 13:04:39,480 - matplotlib.font_manager - DEBUG - findfont: score(FontEntry(fname='C:\\Windows\\Fonts\\Candarai.ttf', name='Candara', style='italic', variant='normal', weight=400, stretch='normal', size='scalable')) = 11.05
2026-02-21 13:04:39,480 - matplotlib.font_manager - DEBUG - findfont: score(FontEntry(fname='C:\\Windows\\Fonts\\timesbd.ttf', name='Times New Roman', style='normal', variant='normal', weight=700, stretch='normal', size='scalable')) = 10.335
2026-02-21 13:04:39,480 - matplotlib.font_manager - DEBUG - findfont: score(FontEntry(fname='C:\\Windows\\Fonts\\HGB1X_CNKI.ttf', name='HGB1X_CNKI', style='normal', variant='normal', weight=400, stretch='normal', size='scalable')) = 10.05
2026-02-21 13:04:39,480 - matplotlib.font_manager - DEBUG - findfont: score(FontEntry(fname='C:\\Windows\\Fonts\\HGHT1_CNKI.ttf', name='HGHT1_CNKI', style='normal', variant='normal', weight=400, stretch='normal', size='scalable')) = 10.05
2026-02-21 13:04:39,480 - matplotlib.font_manager - DEBUG - findfont: score(FontEntry(fname='C:\\Windows\\Fonts\\msyhbd.ttc', name='Microsoft YaHei', style='normal', variant='normal', weight=700, stretch='normal', size='scalable')) = 3.668333333333333
2026-02-21 13:04:39,480 - matplotlib.font_manager - DEBUG - findfont: score(FontEntry(fname='C:\\Windows\\Fonts\\HGF1_CNKI.ttf', name='HGF1_CNKI', style='normal', variant='normal', weight=400, stretch='normal', size='scalable')) = 10.05
2026-02-21 13:04:39,480 - matplotlib.font_manager - DEBUG - findfont: score(FontEntry(fname='C:\\Windows\\Fonts\\monbaiti.ttf', name='Mongolian Baiti', style='normal', variant='normal', weight=400, stretch='normal', size='scalable')) = 10.05
2026-02-21 13:04:39,480 - matplotlib.font_manager - DEBUG - findfont: score(FontEntry(fname='C:\\Windows\\Fonts\\HGWYS_CNKI.TTF', name='HGWYS_CNKI', style='normal', variant='normal', weight=400, stretch='normal', size='scalable')) = 10.05
2026-02-21 13:04:39,480 - matplotlib.font_manager - DEBUG - findfont: score(FontEntry(fname='C:\\Windows\\Fonts\\HGNBS_CNKI.ttf', name='HGNBS_CNKI', style='normal', variant='normal', weight=400, stretch='normal', size='scalable')) = 10.05
2026-02-21 13:04:39,480 - matplotlib.font_manager - DEBUG - findfont: score(FontEntry(fname='C:\\Windows\\Fonts\\cour.ttf', name='Courier New', style='normal', variant='normal', weight=400, stretch='normal', size='scalable')) = 10.05
2026-02-21 13:04:39,480 - matplotlib.font_manager - DEBUG - findfont: score(FontEntry(fname='C:\\Windows\\Fonts\\calibrib.ttf', name='Calibri', style='normal', variant='normal', weight=700, stretch='normal', size='scalable')) = 10.335
2026-02-21 13:04:39,480 - matplotlib.font_manager - DEBUG - findfont: score(FontEntry(fname='C:\\Windows\\Fonts\\verdanaz.ttf', name='Verdana', style='italic', variant='normal', weight=700, stretch='normal', size='scalable')) = 11.335
2026-02-21 13:04:39,480 - matplotlib.font_manager - DEBUG - findfont: score(FontEntry(fname='C:\\Windows\\Fonts\\symbol.ttf', name='Symbol', style='normal', variant='normal', weight=400, stretch='normal', size='scalable')) = 10.05
2026-02-21 13:04:39,480 - matplotlib.font_manager - DEBUG - findfont: score(FontEntry(fname='C:\\Windows\\Fonts\\HGB8X_CNKI.ttf', name='HGB8X_CNKI', style='normal', variant='normal', weight=400, stretch='normal', size='scalable')) = 10.05
2026-02-21 13:04:39,480 - matplotlib.font_manager - DEBUG - findfont: score(FontEntry(fname='C:\\Windows\\Fonts\\LHANDW.TTF', name='Lucida Handwriting', style='italic', variant='normal', weight=400, stretch='normal', size='scalable')) = 11.05
2026-02-21 13:04:39,480 - matplotlib.font_manager - DEBUG - findfont: score(FontEntry(fname='C:\\Windows\\Fonts\\tahoma.ttf', name='Tahoma', style='normal', variant='normal', weight=400, stretch='normal', size='scalable')) = 10.05
2026-02-21 13:04:39,480 - matplotlib.font_manager - DEBUG - findfont: score(FontEntry(fname='C:\\Windows\\Fonts\\constanb.ttf', name='Constantia', style='normal', variant='normal', weight=700, stretch='normal', size='scalable')) = 10.335
2026-02-21 13:04:39,480 - matplotlib.font_manager - DEBUG - findfont: score(FontEntry(fname='C:\\Windows\\Fonts\\calibriz.ttf', name='Calibri', style='italic', variant='normal', weight=700, stretch='normal', size='scalable')) = 11.335
2026-02-21 13:04:39,480 - matplotlib.font_manager - DEBUG - findfont: score(FontEntry(fname='C:\\Windows\\Fonts\\HGYT_CNKI.TTF', name='HGYT_CNKI', style='normal', variant='normal', weight=400, stretch='normal', size='scalable')) = 10.05
2026-02-21 13:04:39,480 - matplotlib.font_manager - DEBUG - findfont: score(FontEntry(fname='C:\\Windows\\Fonts\\HGF2X_CNKI.ttf', name='HGF2X_CNKI', style='normal', variant='normal', weight=400, stretch='normal', size='scalable')) = 10.05
2026-02-21 13:04:39,480 - matplotlib.font_manager - DEBUG - findfont: score(FontEntry(fname='C:\\Windows\\Fonts\\HGSS2_CNKI.TTF', name='HGSS2_CNKI', style='normal', variant='normal', weight=400, stretch='normal', size='scalable')) = 10.05
2026-02-21 13:04:39,480 - matplotlib.font_manager - DEBUG - findfont: score(FontEntry(fname='C:\\Windows\\Fonts\\segoescb.ttf', name='Segoe Script', style='normal', variant='normal', weight=700, stretch='normal', size='scalable')) = 10.335
2026-02-21 13:04:39,480 - matplotlib.font_manager - DEBUG - findfont: score(FontEntry(fname='C:\\Windows\\Fonts\\verdana.ttf', name='Verdana', style='normal', variant='normal', weight=400, stretch='normal', size='scalable')) = 10.05
2026-02-21 13:04:39,480 - matplotlib.font_manager - DEBUG - findfont: score(FontEntry(fname='C:\\Windows\\Fonts\\HGY4_CNKI.TTF', name='HGY4_CNKI', style='normal', variant='normal', weight=400, stretch='normal', size='scalable')) = 10.05
2026-02-21 13:04:39,480 - matplotlib.font_manager - DEBUG - findfont: score(FontEntry(fname='C:\\Windows\\Fonts\\SIMLI.TTF', name='LiSu', style='normal', variant='normal', weight=400, stretch='normal', size='scalable')) = 10.05
2026-02-21 13:04:39,480 - matplotlib.font_manager - DEBUG - findfont: score(FontEntry(fname='C:\\Windows\\Fonts\\HGBD_CNKI.ttf', name='HGBD_CNKI', style='normal', variant='normal', weight=400, stretch='normal', size='scalable')) = 10.05
2026-02-21 13:04:39,480 - matplotlib.font_manager - DEBUG - findfont: score(FontEntry(fname='C:\\Windows\\Fonts\\HGBTS_CNKI.TTF', name='HGBTS_CNKI', style='normal', variant='normal', weight=400, stretch='normal', size='scalable')) = 10.05
2026-02-21 13:04:39,480 - matplotlib.font_manager - DEBUG - findfont: score(FontEntry(fname='C:\\Windows\\Fonts\\seguibl.ttf', name='Segoe UI', style='normal', variant='normal', weight=900, stretch='normal', size='scalable')) = 10.525
2026-02-21 13:04:39,480 - matplotlib.font_manager - DEBUG - findfont: score(FontEntry(fname='C:\\Windows\\Fonts\\webdings.ttf', name='Webdings', style='normal', variant='normal', weight=400, stretch='normal', size='scalable')) = 10.05
2026-02-21 13:04:39,480 - matplotlib.font_manager - DEBUG - findfont: score(FontEntry(fname='C:\\Windows\\Fonts\\SitkaVF.ttf', name='Sitka', style='normal', variant='normal', weight=400, stretch='normal', size='scalable')) = 10.05
2026-02-21 13:04:39,480 - matplotlib.font_manager - DEBUG - findfont: score(FontEntry(fname='C:\\Windows\\Fonts\\HGB4_CNKI.ttf', name='HGB4_CNKI', style='normal', variant='normal', weight=400, stretch='normal', size='scalable')) = 10.05
2026-02-21 13:04:39,480 - matplotlib.font_manager - DEBUG - findfont: score(FontEntry(fname='C:\\Windows\\Fonts\\segoeuib.ttf', name='Segoe UI', style='normal', variant='normal', weight=700, stretch='normal', size='scalable')) = 10.335
2026-02-21 13:04:39,481 - matplotlib.font_manager - DEBUG - findfont: score(FontEntry(fname='C:\\Windows\\Fonts\\pala.ttf', name='Palatino Linotype', style='normal', variant='normal', weight=400, stretch='normal', size='scalable')) = 10.05
2026-02-21 13:04:39,481 - matplotlib.font_manager - DEBUG - findfont: score(FontEntry(fname='C:\\Windows\\Fonts\\simkai.ttf', name='KaiTi', style='normal', variant='normal', weight=400, stretch='normal', size='scalable')) = 10.05
2026-02-21 13:04:39,481 - matplotlib.font_manager - DEBUG - findfont: score(FontEntry(fname='C:\\Windows\\Fonts\\HGHX_CNKI.ttf', name='HGHX_CNKI', style='normal', variant='normal', weight=400, stretch='normal', size='scalable')) = 10.05
2026-02-21 13:04:39,481 - matplotlib.font_manager - DEBUG - findfont: score(FontEntry(fname='C:\\Windows\\Fonts\\SitkaVF-Italic.ttf', name='Sitka', style='italic', variant='normal', weight=400, stretch='normal', size='scalable')) = 11.05
2026-02-21 13:04:39,481 - matplotlib.font_manager - DEBUG - findfont: score(FontEntry(fname='D:\\软件\\PDF\\acrobat PDF\\Resource\\Font\\AdobeDevanagari-Italic.otf', name='Adobe Devanagari', style='italic', variant='normal', weight=400, stretch='normal', size='scalable')) = 11.05
2026-02-21 13:04:39,481 - matplotlib.font_manager - DEBUG - findfont: score(FontEntry(fname='C:\\Windows\\Fonts\\himalaya.ttf', name='Microsoft Himalaya', style='normal', variant='normal', weight=400, stretch='normal', size='scalable')) = 10.05
2026-02-21 13:04:39,481 - matplotlib.font_manager - DEBUG - findfont: score(FontEntry(fname='C:\\Windows\\Fonts\\HGH6X_CNKI.ttf', name='HGH6X_CNKI', style='normal', variant='normal', weight=400, stretch='normal', size='scalable')) = 10.05
2026-02-21 13:04:39,481 - matplotlib.font_manager - DEBUG - findfont: score(FontEntry(fname='C:\\Windows\\Fonts\\HGHUATI_CNKI.ttf', name='HGHUATI_CNKI', style='normal', variant='normal', weight=400, stretch='normal', size='scalable')) = 10.05
2026-02-21 13:04:39,481 - matplotlib.font_manager - DEBUG - findfont: score(FontEntry(fname='C:\\Windows\\Fonts\\GOTHICI.TTF', name='Century Gothic', style='italic', variant='normal', weight=400, stretch='normal', size='scalable')) = 11.05
2026-02-21 13:04:39,481 - matplotlib.font_manager - DEBUG - findfont: score(FontEntry(fname='C:\\Windows\\Fonts\\HGBS1_CNKI.TTF', name='HGBS1_CNKI', style='normal', variant='normal', weight=400, stretch='normal', size='scalable')) = 10.05
2026-02-21 13:04:39,481 - matplotlib.font_manager - DEBUG - findfont: score(FontEntry(fname='C:\\Windows\\Fonts\\segoeui.ttf', name='Segoe UI', style='normal', variant='normal', weight=400, stretch='normal', size='scalable')) = 10.05
2026-02-21 13:04:39,481 - matplotlib.font_manager - DEBUG - findfont: score(FontEntry(fname='C:\\Windows\\Fonts\\GARAIT.TTF', name='Garamond', style='italic', variant='normal', weight=400, stretch='normal', size='scalable')) = 11.05
2026-02-21 13:04:39,481 - matplotlib.font_manager - DEBUG - findfont: score(FontEntry(fname='C:\\Windows\\Fonts\\seguisym.ttf', name='Segoe UI Symbol', style='normal', variant='normal', weight=400, stretch='normal', size='scalable')) = 10.05
2026-02-21 13:04:39,481 - matplotlib.font_manager - DEBUG - findfont: score(FontEntry(fname='C:\\Windows\\Fonts\\comicz.ttf', name='Comic Sans MS', style='italic', variant='normal', weight=700, stretch='normal', size='scalable')) = 11.335
2026-02-21 13:04:39,481 - matplotlib.font_manager - DEBUG - findfont: score(FontEntry(fname='C:\\Windows\\Fonts\\msjhbd.ttc', name='Microsoft JhengHei', style='normal', variant='normal', weight=700, stretch='normal', size='scalable')) = 10.335
2026-02-21 13:04:39,481 - matplotlib.font_manager - DEBUG - findfont: score(FontEntry(fname='C:\\Windows\\Fonts\\HGSXT_CNKI.ttf', name='HGSXT_CNKI', style='normal', variant='normal', weight=400, stretch='normal', size='scalable')) = 10.05
2026-02-21 13:04:39,481 - matplotlib.font_manager - DEBUG - findfont: score(FontEntry(fname='C:\\Windows\\Fonts\\Candara.ttf', name='Candara', style='normal', variant='normal', weight=400, stretch='normal', size='scalable')) = 10.05
2026-02-21 13:04:39,481 - matplotlib.font_manager - DEBUG - findfont: score(FontEntry(fname='C:\\Windows\\Fonts\\JUICE___.TTF', name='Juice ITC', style='normal', variant='normal', weight=400, stretch='normal', size='scalable')) = 10.05
2026-02-21 13:04:39,481 - matplotlib.font_manager - DEBUG - findfont: score(FontEntry(fname='C:\\Windows\\Fonts\\YuGothM.ttc', name='Yu Gothic', style='normal', variant='normal', weight=500, stretch='normal', size='scalable')) = 10.145
2026-02-21 13:04:39,481 - matplotlib.font_manager - DEBUG - findfont: score(FontEntry(fname='C:\\Windows\\Fonts\\impact.ttf', name='Impact', style='normal', variant='normal', weight=400, stretch='normal', size='scalable')) = 10.05
2026-02-21 13:04:39,481 - matplotlib.font_manager - DEBUG - findfont: score(FontEntry(fname='C:\\Windows\\Fonts\\HGF6X_CNKI.ttf', name='HGF6X_CNKI', style='normal', variant='normal', weight=400, stretch='normal', size='scalable')) = 10.05
2026-02-21 13:04:39,481 - matplotlib.font_manager - DEBUG - findfont: score(FontEntry(fname='C:\\Windows\\Fonts\\HGB5X_CNKI.ttf', name='HGB5X_CNKI', style='normal', variant='normal', weight=400, stretch='normal', size='scalable')) = 10.05
2026-02-21 13:04:39,481 - matplotlib.font_manager - DEBUG - findfont: Matching sans\-serif:style=normal:variant=normal:weight=normal:stretch=normal:size=10.0 to SimHei ('C:\\Windows\\Fonts\\simhei.ttf') with score of 0.050000.
2026-02-21 13:04:40,956 - matplotlib.colorbar - DEBUG - locator: <matplotlib.ticker.AutoLocator object at 0x000001D488B0A840>
2026-02-21 13:04:40,966 - matplotlib.font_manager - DEBUG - findfont: Matching sans\-serif:style=normal:variant=normal:weight=bold:stretch=normal:size=16.0.
2026-02-21 13:04:40,966 - matplotlib.font_manager - DEBUG - findfont: score(FontEntry(fname='D:\\anaconda\\Lib\\site-packages\\matplotlib\\mpl-data\\fonts\\ttf\\STIXSizOneSymReg.ttf', name='STIXSizeOneSym', style='normal', variant='normal', weight=400, stretch='normal', size='scalable')) = 10.335
2026-02-21 13:04:40,966 - matplotlib.font_manager - DEBUG - findfont: score(FontEntry(fname='D:\\anaconda\\Lib\\site-packages\\matplotlib\\mpl-data\\fonts\\ttf\\STIXSizTwoSymReg.ttf', name='STIXSizeTwoSym', style='normal', variant='normal', weight=400, stretch='normal', size='scalable')) = 10.335
2026-02-21 13:04:40,966 - matplotlib.font_manager - DEBUG - findfont: score(FontEntry(fname='D:\\anaconda\\Lib\\site-packages\\matplotlib\\mpl-data\\fonts\\ttf\\DejaVuSerifDisplay.ttf', name='DejaVu Serif Display', style='normal', variant='normal', weight=400, stretch='normal', size='scalable')) = 10.335
2026-02-21 13:04:40,966 - matplotlib.font_manager - DEBUG - findfont: score(FontEntry(fname='D:\\anaconda\\Lib\\site-packages\\matplotlib\\mpl-data\\fonts\\ttf\\cmr10.ttf', name='cmr10', style='normal', variant='normal', weight=400, stretch='normal', size='scalable')) = 10.335
2026-02-21 13:04:40,966 - matplotlib.font_manager - DEBUG - findfont: score(FontEntry(fname='D:\\anaconda\\Lib\\site-packages\\matplotlib\\mpl-data\\fonts\\ttf\\DejaVuSerif-Italic.ttf', name='DejaVu Serif', style='italic', variant='normal', weight=400, stretch='normal', size='scalable')) = 11.335
2026-02-21 13:04:40,966 - matplotlib.font_manager - DEBUG - findfont: score(FontEntry(fname='D:\\anaconda\\Lib\\site-packages\\matplotlib\\mpl-data\\fonts\\ttf\\cmsy10.ttf', name='cmsy10', style='normal', variant='normal', weight=400, stretch='normal', size='scalable')) = 10.335
2026-02-21 13:04:40,966 - matplotlib.font_manager - DEBUG - findfont: score(FontEntry(fname='D:\\anaconda\\Lib\\site-packages\\matplotlib\\mpl-data\\fonts\\ttf\\DejaVuSansMono-Oblique.ttf', name='DejaVu Sans Mono', style='oblique', variant='normal', weight=400, stretch='normal', size='scalable')) = 11.335
2026-02-21 13:04:40,966 - matplotlib.font_manager - DEBUG - findfont: score(FontEntry(fname='D:\\anaconda\\Lib\\site-packages\\matplotlib\\mpl-data\\fonts\\ttf\\STIXGeneralBolIta.ttf', name='STIXGeneral', style='italic', variant='normal', weight=700, stretch='normal', size='scalable')) = 11.05
2026-02-21 13:04:40,966 - matplotlib.font_manager - DEBUG - findfont: score(FontEntry(fname='D:\\anaconda\\Lib\\site-packages\\matplotlib\\mpl-data\\fonts\\ttf\\STIXNonUni.ttf', name='STIXNonUnicode', style='normal', variant='normal', weight=400, stretch='normal', size='scalable')) = 10.335
2026-02-21 13:04:40,966 - matplotlib.font_manager - DEBUG - findfont: score(FontEntry(fname='D:\\anaconda\\Lib\\site-packages\\matplotlib\\mpl-data\\fonts\\ttf\\STIXGeneralItalic.ttf', name='STIXGeneral', style='italic', variant='normal', weight=400, stretch='normal', size='scalable')) = 11.335
2026-02-21 13:04:40,966 - matplotlib.font_manager - DEBUG - findfont: score(FontEntry(fname='D:\\anaconda\\Lib\\site-packages\\matplotlib\\mpl-data\\fonts\\ttf\\DejaVuSerif-BoldItalic.ttf', name='DejaVu Serif', style='italic', variant='normal', weight=700, stretch='normal', size='scalable')) = 11.05
2026-02-21 13:04:40,966 - matplotlib.font_manager - DEBUG - findfont: score(FontEntry(fname='D:\\anaconda\\Lib\\site-packages\\matplotlib\\mpl-data\\fonts\\ttf\\DejaVuSansMono-Bold.ttf', name='DejaVu Sans Mono', style='normal', variant='normal', weight=700, stretch='normal', size='scalable')) = 10.05
2026-02-21 13:04:40,966 - matplotlib.font_manager - DEBUG - findfont: score(FontEntry(fname='D:\\anaconda\\Lib\\site-packages\\matplotlib\\mpl-data\\fonts\\ttf\\STIXNonUniBolIta.ttf', name='STIXNonUnicode', style='italic', variant='normal', weight=700, stretch='normal', size='scalable')) = 11.05
2026-02-21 13:04:40,966 - matplotlib.font_manager - DEBUG - findfont: score(FontEntry(fname='D:\\anaconda\\Lib\\site-packages\\matplotlib\\mpl-data\\fonts\\ttf\\DejaVuSans-BoldOblique.ttf', name='DejaVu Sans', style='oblique', variant='normal', weight=700, stretch='normal', size='scalable')) = 7.716666666666666
2026-02-21 13:04:40,966 - matplotlib.font_manager - DEBUG - findfont: score(FontEntry(fname='D:\\anaconda\\Lib\\site-packages\\matplotlib\\mpl-data\\fonts\\ttf\\STIXSizOneSymBol.ttf', name='STIXSizeOneSym', style='normal', variant='normal', weight=700, stretch='normal', size='scalable')) = 10.05
2026-02-21 13:04:40,966 - matplotlib.font_manager - DEBUG - findfont: score(FontEntry(fname='D:\\anaconda\\Lib\\site-packages\\matplotlib\\mpl-data\\fonts\\ttf\\DejaVuSerif.ttf', name='DejaVu Serif', style='normal', variant='normal', weight=400, stretch='normal', size='scalable')) = 10.335
2026-02-21 13:04:40,966 - matplotlib.font_manager - DEBUG - findfont: score(FontEntry(fname='D:\\anaconda\\Lib\\site-packages\\matplotlib\\mpl-data\\fonts\\ttf\\STIXSizFourSymReg.ttf', name='STIXSizeFourSym', style='normal', variant='normal', weight=400, stretch='normal', size='scalable')) = 10.335
2026-02-21 13:04:40,966 - matplotlib.font_manager - DEBUG - findfont: score(FontEntry(fname='D:\\anaconda\\Lib\\site-packages\\matplotlib\\mpl-data\\fonts\\ttf\\STIXSizThreeSymBol.ttf', name='STIXSizeThreeSym', style='normal', variant='normal', weight=700, stretch='normal', size='scalable')) = 10.05
2026-02-21 13:04:40,966 - matplotlib.font_manager - DEBUG - findfont: score(FontEntry(fname='D:\\anaconda\\Lib\\site-packages\\matplotlib\\mpl-data\\fonts\\ttf\\DejaVuSansMono.ttf', name='DejaVu Sans Mono', style='normal', variant='normal', weight=400, stretch='normal', size='scalable')) = 10.335
2026-02-21 13:04:40,966 - matplotlib.font_manager - DEBUG - findfont: score(FontEntry(fname='D:\\anaconda\\Lib\\site-packages\\matplotlib\\mpl-data\\fonts\\ttf\\cmss10.ttf', name='cmss10', style='normal', variant='normal', weight=400, stretch='normal', size='scalable')) = 10.335
2026-02-21 13:04:40,966 - matplotlib.font_manager - DEBUG - findfont: score(FontEntry(fname='D:\\anaconda\\Lib\\site-packages\\matplotlib\\mpl-data\\fonts\\ttf\\cmmi10.ttf', name='cmmi10', style='normal', variant='normal', weight=400, stretch='normal', size='scalable')) = 10.335
2026-02-21 13:04:40,966 - matplotlib.font_manager - DEBUG - findfont: score(FontEntry(fname='D:\\anaconda\\Lib\\site-packages\\matplotlib\\mpl-data\\fonts\\ttf\\STIXSizThreeSymReg.ttf', name='STIXSizeThreeSym', style='normal', variant='normal', weight=400, stretch='normal', size='scalable')) = 10.335
2026-02-21 13:04:40,966 - matplotlib.font_manager - DEBUG - findfont: score(FontEntry(fname='D:\\anaconda\\Lib\\site-packages\\matplotlib\\mpl-data\\fonts\\ttf\\STIXGeneral.ttf', name='STIXGeneral', style='normal', variant='normal', weight=400, stretch='normal', size='scalable')) = 10.335
2026-02-21 13:04:40,966 - matplotlib.font_manager - DEBUG - findfont: score(FontEntry(fname='D:\\anaconda\\Lib\\site-packages\\matplotlib\\mpl-data\\fonts\\ttf\\DejaVuSans-Oblique.ttf', name='DejaVu Sans', style='oblique', variant='normal', weight=400, stretch='normal', size='scalable')) = 8.001666666666665
2026-02-21 13:04:40,966 - matplotlib.font_manager - DEBUG - findfont: score(FontEntry(fname='D:\\anaconda\\Lib\\site-packages\\matplotlib\\mpl-data\\fonts\\ttf\\STIXGeneralBol.ttf', name='STIXGeneral', style='normal', variant='normal', weight=700, stretch='normal', size='scalable')) = 10.05
2026-02-21 13:04:40,966 - matplotlib.font_manager - DEBUG - findfont: score(FontEntry(fname='D:\\anaconda\\Lib\\site-packages\\matplotlib\\mpl-data\\fonts\\ttf\\DejaVuSans-Bold.ttf', name='DejaVu Sans', style='normal', variant='normal', weight=700, stretch='normal', size='scalable')) = 6.716666666666666
2026-02-21 13:04:40,966 - matplotlib.font_manager - DEBUG - findfont: score(FontEntry(fname='D:\\anaconda\\Lib\\site-packages\\matplotlib\\mpl-data\\fonts\\ttf\\cmtt10.ttf', name='cmtt10', style='normal', variant='normal', weight=400, stretch='normal', size='scalable')) = 10.335
2026-02-21 13:04:40,966 - matplotlib.font_manager - DEBUG - findfont: score(FontEntry(fname='D:\\anaconda\\Lib\\site-packages\\matplotlib\\mpl-data\\fonts\\ttf\\cmb10.ttf', name='cmb10', style='normal', variant='normal', weight=400, stretch='normal', size='scalable')) = 10.335
2026-02-21 13:04:40,966 - matplotlib.font_manager - DEBUG - findfont: score(FontEntry(fname='D:\\anaconda\\Lib\\site-packages\\matplotlib\\mpl-data\\fonts\\ttf\\STIXSizTwoSymBol.ttf', name='STIXSizeTwoSym', style='normal', variant='normal', weight=700, stretch='normal', size='scalable')) = 10.05
2026-02-21 13:04:40,966 - matplotlib.font_manager - DEBUG - findfont: score(FontEntry(fname='D:\\anaconda\\Lib\\site-packages\\matplotlib\\mpl-data\\fonts\\ttf\\STIXNonUniIta.ttf', name='STIXNonUnicode', style='italic', variant='normal', weight=400, stretch='normal', size='scalable')) = 11.335
2026-02-21 13:04:40,966 - matplotlib.font_manager - DEBUG - findfont: score(FontEntry(fname='D:\\anaconda\\Lib\\site-packages\\matplotlib\\mpl-data\\fonts\\ttf\\STIXSizFourSymBol.ttf', name='STIXSizeFourSym', style='normal', variant='normal', weight=700, stretch='normal', size='scalable')) = 10.05
2026-02-21 13:04:40,966 - matplotlib.font_manager - DEBUG - findfont: score(FontEntry(fname='D:\\anaconda\\Lib\\site-packages\\matplotlib\\mpl-data\\fonts\\ttf\\DejaVuSansMono-BoldOblique.ttf', name='DejaVu Sans Mono', style='oblique', variant='normal', weight=700, stretch='normal', size='scalable')) = 11.05
2026-02-21 13:04:40,966 - matplotlib.font_manager - DEBUG - findfont: score(FontEntry(fname='D:\\anaconda\\Lib\\site-packages\\matplotlib\\mpl-data\\fonts\\ttf\\STIXSizFiveSymReg.ttf', name='STIXSizeFiveSym', style='normal', variant='normal', weight=400, stretch='normal', size='scalable')) = 10.335
2026-02-21 13:04:40,966 - matplotlib.font_manager - DEBUG - findfont: score(FontEntry(fname='D:\\anaconda\\Lib\\site-packages\\matplotlib\\mpl-data\\fonts\\ttf\\cmex10.ttf', name='cmex10', style='normal', variant='normal', weight=400, stretch='normal', size='scalable')) = 10.335
2026-02-21 13:04:40,966 - matplotlib.font_manager - DEBUG - findfont: score(FontEntry(fname='D:\\anaconda\\Lib\\site-packages\\matplotlib\\mpl-data\\fonts\\ttf\\DejaVuSansDisplay.ttf', name='DejaVu Sans Display', style='normal', variant='normal', weight=400, stretch='normal', size='scalable')) = 10.335
2026-02-21 13:04:40,966 - matplotlib.font_manager - DEBUG - findfont: score(FontEntry(fname='D:\\anaconda\\Lib\\site-packages\\matplotlib\\mpl-data\\fonts\\ttf\\DejaVuSans.ttf', name='DejaVu Sans', style='normal', variant='normal', weight=400, stretch='normal', size='scalable')) = 7.001666666666666
2026-02-21 13:04:40,966 - matplotlib.font_manager - DEBUG - findfont: score(FontEntry(fname='D:\\anaconda\\Lib\\site-packages\\matplotlib\\mpl-data\\fonts\\ttf\\DejaVuSerif-Bold.ttf', name='DejaVu Serif', style='normal', variant='normal', weight=700, stretch='normal', size='scalable')) = 10.05
2026-02-21 13:04:40,966 - matplotlib.font_manager - DEBUG - findfont: score(FontEntry(fname='D:\\anaconda\\Lib\\site-packages\\matplotlib\\mpl-data\\fonts\\ttf\\STIXNonUniBol.ttf', name='STIXNonUnicode', style='normal', variant='normal', weight=700, stretch='normal', size='scalable')) = 10.05
2026-02-21 13:04:40,966 - matplotlib.font_manager - DEBUG - findfont: score(FontEntry(fname='C:\\Windows\\Fonts\\lucon.ttf', name='Lucida Console', style='normal', variant='normal', weight=400, stretch='normal', size='scalable')) = 10.335
2026-02-21 13:04:40,966 - matplotlib.font_manager - DEBUG - findfont: score(FontEntry(fname='C:\\Windows\\Fonts\\HGYT1_CNKI.ttf', name='HGYT1_CNKI', style='normal', variant='normal', weight=400, stretch='normal', size='scalable')) = 10.335
2026-02-21 13:04:40,966 - matplotlib.font_manager - DEBUG - findfont: score(FontEntry(fname='C:\\Windows\\Fonts\\HGB3X_CNKI.ttf', name='HGB3X_CNKI', style='normal', variant='normal', weight=400, stretch='normal', size='scalable')) = 10.335
2026-02-21 13:04:40,966 - matplotlib.font_manager - DEBUG - findfont: score(FontEntry(fname='C:\\Windows\\Fonts\\STKAITI.TTF', name='STKaiti', style='normal', variant='normal', weight=400, stretch='normal', size='scalable')) = 10.335
2026-02-21 13:04:40,966 - matplotlib.font_manager - DEBUG - findfont: score(FontEntry(fname='C:\\Windows\\Fonts\\palab.ttf', name='Palatino Linotype', style='normal', variant='normal', weight=700, stretch='normal', size='scalable')) = 10.05
2026-02-21 13:04:40,966 - matplotlib.font_manager - DEBUG - findfont: score(FontEntry(fname='C:\\Windows\\Fonts\\segoeuiz.ttf', name='Segoe UI', style='italic', variant='normal', weight=700, stretch='normal', size='scalable')) = 11.05
2026-02-21 13:04:40,966 - matplotlib.font_manager - DEBUG - findfont: score(FontEntry(fname='C:\\Windows\\Fonts\\phagspa.ttf', name='Microsoft PhagsPa', style='normal', variant='normal', weight=400, stretch='normal', size='scalable')) = 10.335
2026-02-21 13:04:40,966 - matplotlib.font_manager - DEBUG - findfont: score(FontEntry(fname='C:\\Windows\\Fonts\\DUBAI-MEDIUM.TTF', name='Dubai', style='normal', variant='normal', weight=500, stretch='normal', size='scalable')) = 10.24
2026-02-21 13:04:40,966 - matplotlib.font_manager - DEBUG - findfont: score(FontEntry(fname='C:\\Windows\\Fonts\\HGHB_CNKI.TTF', name='HGHB_CNKI', style='normal', variant='normal', weight=400, stretch='normal', size='scalable')) = 10.335
2026-02-21 13:04:40,966 - matplotlib.font_manager - DEBUG - findfont: score(FontEntry(fname='C:\\Windows\\Fonts\\MISTRAL.TTF', name='Mistral', style='normal', variant='normal', weight=400, stretch='normal', size='scalable')) = 10.335
2026-02-21 13:04:40,966 - matplotlib.font_manager - DEBUG - findfont: score(FontEntry(fname='C:\\Windows\\Fonts\\FZYTK.TTF', name='FZYaoTi', style='normal', variant='normal', weight=400, stretch='normal', size='scalable')) = 10.335
2026-02-21 13:04:40,966 - matplotlib.font_manager - DEBUG - findfont: score(FontEntry(fname='C:\\Windows\\Fonts\\FREESCPT.TTF', name='Freestyle Script', style='normal', variant='normal', weight=400, stretch='normal', size='scalable')) = 10.335
2026-02-21 13:04:40,966 - matplotlib.font_manager - DEBUG - findfont: score(FontEntry(fname='C:\\Windows\\Fonts\\HGH_CNKI.TTF', name='HGHT_CNKI', style='normal', variant='normal', weight=400, stretch='normal', size='scalable')) = 10.335
2026-02-21 13:04:40,966 - matplotlib.font_manager - DEBUG - findfont: score(FontEntry(fname='C:\\Windows\\Fonts\\ARIALN.TTF', name='Arial', style='normal', variant='normal', weight=400, stretch='condensed', size='scalable')) = 10.535
2026-02-21 13:04:40,966 - matplotlib.font_manager - DEBUG - findfont: score(FontEntry(fname='D:\\软件\\PDF\\acrobat PDF\\Resource\\Font\\AdobeDevanagari-Regular.otf', name='Adobe Devanagari', style='normal', variant='normal', weight=400, stretch='normal', size='scalable')) = 10.335
2026-02-21 13:04:40,966 - matplotlib.font_manager - DEBUG - findfont: score(FontEntry(fname='C:\\Windows\\Fonts\\HGYX_CNKI.TTF', name='HGYX_CNKI', style='normal', variant='normal', weight=400, stretch='normal', size='scalable')) = 10.335
2026-02-21 13:04:40,966 - matplotlib.font_manager - DEBUG - findfont: score(FontEntry(fname='C:\\Windows\\Fonts\\HGH6_CNKI.ttf', name='HGH6_CNKI', style='normal', variant='normal', weight=400, stretch='normal', size='scalable')) = 10.335
2026-02-21 13:04:40,966 - matplotlib.font_manager - DEBUG - findfont: score(FontEntry(fname='C:\\Windows\\Fonts\\DUBAI-REGULAR.TTF', name='Dubai', style='normal', variant='normal', weight=400, stretch='normal', size='scalable')) = 10.335
2026-02-21 13:04:40,966 - matplotlib.font_manager - DEBUG - findfont: score(FontEntry(fname='D:\\软件\\PDF\\acrobat PDF\\Resource\\Font\\AdobeDevanagari-Bold.otf', name='Adobe Devanagari', style='normal', variant='normal', weight=700, stretch='normal', size='scalable')) = 10.05
2026-02-21 13:04:40,966 - matplotlib.font_manager - DEBUG - findfont: score(FontEntry(fname='C:\\Windows\\Fonts\\HarmonyOS_Sans_SC_Bold.ttf', name='HarmonyOS Sans SC', style='normal', variant='normal', weight=700, stretch='normal', size='scalable')) = 10.05
2026-02-21 13:04:40,966 - matplotlib.font_manager - DEBUG - findfont: score(FontEntry(fname='C:\\Windows\\Fonts\\HGDBS_CNKI.TTF', name='HGDBS_CNKI', style='normal', variant='normal', weight=400, stretch='normal', size='scalable')) = 10.335
2026-02-21 13:04:40,966 - matplotlib.font_manager - DEBUG - findfont: score(FontEntry(fname='C:\\Windows\\Fonts\\segmdl2.ttf', name='Segoe MDL2 Assets', style='normal', variant='normal', weight=400, stretch='normal', size='scalable')) = 10.335
2026-02-21 13:04:40,966 - matplotlib.font_manager - DEBUG - findfont: score(FontEntry(fname='C:\\Windows\\Fonts\\STXIHEI.TTF', name='STXihei', style='normal', variant='normal', weight=400, stretch='normal', size='scalable')) = 10.335
2026-02-21 13:04:40,966 - matplotlib.font_manager - DEBUG - findfont: score(FontEntry(fname='C:\\Windows\\Fonts\\NirmalaB.ttf', name='Nirmala UI', style='normal', variant='normal', weight=700, stretch='normal', size='scalable')) = 10.05
2026-02-21 13:04:40,966 - matplotlib.font_manager - DEBUG - findfont: score(FontEntry(fname='C:\\Windows\\Fonts\\Deng.ttf', name='DengXian', style='normal', variant='normal', weight=400, stretch='normal', size='scalable')) = 10.335
2026-02-21 13:04:40,966 - matplotlib.font_manager - DEBUG - findfont: score(FontEntry(fname='C:\\Windows\\Fonts\\HGBKH_CNKI.ttf', name='HGBKH_CNKI', style='normal', variant='normal', weight=400, stretch='normal', size='scalable')) = 10.335
2026-02-21 13:04:40,966 - matplotlib.font_manager - DEBUG - findfont: score(FontEntry(fname='C:\\Windows\\Fonts\\comicbd.ttf', name='Comic Sans MS', style='normal', variant='normal', weight=700, stretch='normal', size='scalable')) = 10.05
2026-02-21 13:04:40,966 - matplotlib.font_manager - DEBUG - findfont: score(FontEntry(fname='C:\\Windows\\Fonts\\segoepr.ttf', name='Segoe Print', style='normal', variant='normal', weight=400, stretch='normal', size='scalable')) = 10.335
2026-02-21 13:04:40,966 - matplotlib.font_manager - DEBUG - findfont: score(FontEntry(fname='C:\\Windows\\Fonts\\HGDH2_CNKI.TTF', name='HGDH2_CNKI', style='normal', variant='normal', weight=400, stretch='normal', size='scalable')) = 10.335
2026-02-21 13:04:40,966 - matplotlib.font_manager - DEBUG - findfont: score(FontEntry(fname='C:\\Windows\\Fonts\\HGBKHX_CNKI.ttf', name='HGBKHX_CNKI', style='normal', variant='normal', weight=400, stretch='normal', size='scalable')) = 10.335
2026-02-21 13:04:40,966 - matplotlib.font_manager - DEBUG - findfont: score(FontEntry(fname='C:\\Windows\\Fonts\\HGXH_CNKI.TTF', name='HGXH_CNKI', style='normal', variant='normal', weight=400, stretch='normal', size='scalable')) = 10.335
2026-02-21 13:04:40,966 - matplotlib.font_manager - DEBUG - findfont: score(FontEntry(fname='C:\\Windows\\Fonts\\courbd.ttf', name='Courier New', style='normal', variant='normal', weight=700, stretch='normal', size='scalable')) = 10.05
2026-02-21 13:04:40,966 - matplotlib.font_manager - DEBUG - findfont: score(FontEntry(fname='C:\\Windows\\Fonts\\l_10646.ttf', name='Lucida Sans Unicode', style='normal', variant='normal', weight=400, stretch='normal', size='scalable')) = 10.335
2026-02-21 13:04:40,966 - matplotlib.font_manager - DEBUG - findfont: score(FontEntry(fname='C:\\Windows\\Fonts\\corbelli.ttf', name='Corbel', style='italic', variant='normal', weight=300, stretch='normal', size='scalable')) = 11.43
2026-02-21 13:04:40,966 - matplotlib.font_manager - DEBUG - findfont: score(FontEntry(fname='C:\\Windows\\Fonts\\HGBTH_CNKI.TTF', name='HGBTH_CNKI', style='normal', variant='normal', weight=400, stretch='normal', size='scalable')) = 10.335
2026-02-21 13:04:40,966 - matplotlib.font_manager - DEBUG - findfont: score(FontEntry(fname='C:\\Windows\\Fonts\\HGB3_CNKI.ttf', name='HGB3_CNKI', style='normal', variant='normal', weight=400, stretch='normal', size='scalable')) = 10.335
2026-02-21 13:04:40,966 - matplotlib.font_manager - DEBUG - findfont: score(FontEntry(fname='C:\\Windows\\Fonts\\HGXK_CNKI.TTF', name='HGXK_CNKI', style='normal', variant='normal', weight=400, stretch='normal', size='scalable')) = 10.335
2026-02-21 13:04:40,966 - matplotlib.font_manager - DEBUG - findfont: score(FontEntry(fname='C:\\Windows\\Fonts\\HGLB_CNKI.TTF', name='HGLB_CNKI', style='normal', variant='normal', weight=400, stretch='normal', size='scalable')) = 10.335
2026-02-21 13:04:40,966 - matplotlib.font_manager - DEBUG - findfont: score(FontEntry(fname='C:\\Windows\\Fonts\\FRSCRIPT.TTF', name='French Script MT', style='normal', variant='normal', weight=400, stretch='normal', size='scalable')) = 10.335
2026-02-21 13:04:40,966 - matplotlib.font_manager - DEBUG - findfont: score(FontEntry(fname='C:\\Windows\\Fonts\\SegoeIcons.ttf', name='Segoe Fluent Icons', style='normal', variant='normal', weight=400, stretch='normal', size='scalable')) = 10.335
2026-02-21 13:04:40,966 - matplotlib.font_manager - DEBUG - findfont: score(FontEntry(fname='D:\\SceneBuilder\\runtime\\jre\\lib\\fonts\\LucidaSansRegular.ttf', name='Lucida Sans', style='normal', variant='normal', weight=400, stretch='normal', size='scalable')) = 10.335
2026-02-21 13:04:40,966 - matplotlib.font_manager - DEBUG - findfont: score(FontEntry(fname='C:\\Windows\\Fonts\\corbell.ttf', name='Corbel', style='normal', variant='normal', weight=300, stretch='normal', size='scalable')) = 10.43
2026-02-21 13:04:40,966 - matplotlib.font_manager - DEBUG - findfont: score(FontEntry(fname='C:\\Windows\\Fonts\\corbelz.ttf', name='Corbel', style='italic', variant='normal', weight=700, stretch='normal', size='scalable')) = 11.05
2026-02-21 13:04:40,966 - matplotlib.font_manager - DEBUG - findfont: score(FontEntry(fname='C:\\Windows\\Fonts\\constan.ttf', name='Constantia', style='normal', variant='normal', weight=400, stretch='normal', size='scalable')) = 10.335
2026-02-21 13:04:40,966 - matplotlib.font_manager - DEBUG - findfont: score(FontEntry(fname='C:\\Windows\\Fonts\\couri.ttf', name='Courier New', style='italic', variant='normal', weight=400, stretch='normal', size='scalable')) = 11.335
2026-02-21 13:04:40,966 - matplotlib.font_manager - DEBUG - findfont: score(FontEntry(fname='C:\\Windows\\Fonts\\DUBAI-LIGHT.TTF', name='Dubai', style='normal', variant='normal', weight=300, stretch='normal', size='scalable')) = 10.43
2026-02-21 13:04:40,966 - matplotlib.font_manager - DEBUG - findfont: score(FontEntry(fname='C:\\Windows\\Fonts\\HGHD_CNKI.ttf', name='HGHD_CNKI', style='normal', variant='normal', weight=400, stretch='normal', size='scalable')) = 10.335
2026-02-21 13:04:40,966 - matplotlib.font_manager - DEBUG - findfont: score(FontEntry(fname='C:\\Windows\\Fonts\\HGB5_CNKI.ttf', name='HGB5_CNKI', style='normal', variant='normal', weight=400, stretch='normal', size='scalable')) = 10.335
2026-02-21 13:04:40,966 - matplotlib.font_manager - DEBUG - findfont: score(FontEntry(fname='C:\\Windows\\Fonts\\ANTQUAI.TTF', name='Book Antiqua', style='italic', variant='normal', weight=400, stretch='normal', size='scalable')) = 11.335
2026-02-21 13:04:40,966 - matplotlib.font_manager - DEBUG - findfont: score(FontEntry(fname='C:\\Windows\\Fonts\\ntailub.ttf', name='Microsoft New Tai Lue', style='normal', variant='normal', weight=700, stretch='normal', size='scalable')) = 10.05
2026-02-21 13:04:40,966 - matplotlib.font_manager - DEBUG - findfont: score(FontEntry(fname='C:\\Windows\\Fonts\\arialbd.ttf', name='Arial', style='normal', variant='normal', weight=700, stretch='normal', size='scalable')) = 10.05
2026-02-21 13:04:40,966 - matplotlib.font_manager - DEBUG - findfont: score(FontEntry(fname='C:\\Windows\\Fonts\\HGFS1_CNKI.TTF', name='HGFS1_CNKI', style='normal', variant='normal', weight=400, stretch='normal', size='scalable')) = 10.335
2026-02-21 13:04:40,966 - matplotlib.font_manager - DEBUG - findfont: score(FontEntry(fname='C:\\Windows\\Fonts\\HGBX_CNKI.ttf', name='HGBX_CNKI', style='normal', variant='normal', weight=400, stretch='normal', size='scalable')) = 10.335
2026-02-21 13:04:40,966 - matplotlib.font_manager - DEBUG - findfont: score(FontEntry(fname='C:\\Windows\\Fonts\\GARA.TTF', name='Garamond', style='normal', variant='normal', weight=400, stretch='normal', size='scalable')) = 10.335
2026-02-21 13:04:40,966 - matplotlib.font_manager - DEBUG - findfont: score(FontEntry(fname='C:\\Windows\\Fonts\\HGTT_CNKI.ttf', name='HGTT_CNKI', style='normal', variant='normal', weight=400, stretch='normal', size='scalable')) = 10.335
2026-02-21 13:04:40,966 - matplotlib.font_manager - DEBUG - findfont: score(FontEntry(fname='C:\\Windows\\Fonts\\HGFZ_CNKI.ttf', name='HGFZ_CNKI', style='normal', variant='normal', weight=400, stretch='normal', size='scalable')) = 10.335
2026-02-21 13:04:40,966 - matplotlib.font_manager - DEBUG - findfont: score(FontEntry(fname='C:\\Windows\\Fonts\\NirmalaS.ttf', name='Nirmala UI', style='normal', variant='normal', weight=350, stretch='normal', size='scalable')) = 10.3825
2026-02-21 13:04:40,966 - matplotlib.font_manager - DEBUG - findfont: score(FontEntry(fname='C:\\Windows\\Fonts\\verdanai.ttf', name='Verdana', style='italic', variant='normal', weight=400, stretch='normal', size='scalable')) = 11.335
2026-02-21 13:04:40,966 - matplotlib.font_manager - DEBUG - findfont: score(FontEntry(fname='C:\\Windows\\Fonts\\HGH2_CNKI.ttf', name='HGH2_CNKI', style='normal', variant='normal', weight=400, stretch='normal', size='scalable')) = 10.335
2026-02-21 13:04:40,966 - matplotlib.font_manager - DEBUG - findfont: score(FontEntry(fname='C:\\Windows\\Fonts\\segoeuii.ttf', name='Segoe UI', style='italic', variant='normal', weight=400, stretch='normal', size='scalable')) = 11.335
2026-02-21 13:04:40,966 - matplotlib.font_manager - DEBUG - findfont: score(FontEntry(fname='C:\\Windows\\Fonts\\HGB2X_CNKI.ttf', name='HGB2X_CNKI', style='normal', variant='normal', weight=400, stretch='normal', size='scalable')) = 10.335
2026-02-21 13:04:40,966 - matplotlib.font_manager - DEBUG - findfont: score(FontEntry(fname='C:\\Windows\\Fonts\\HGSS_CNKI.TTF', name='HGSS_CNKI', style='normal', variant='normal', weight=400, stretch='normal', size='scalable')) = 10.335
2026-02-21 13:04:40,966 - matplotlib.font_manager - DEBUG - findfont: score(FontEntry(fname='C:\\Windows\\Fonts\\segoesc.ttf', name='Segoe Script', style='normal', variant='normal', weight=400, stretch='normal', size='scalable')) = 10.335
2026-02-21 13:04:40,966 - matplotlib.font_manager - DEBUG - findfont: score(FontEntry(fname='C:\\Windows\\Fonts\\HGF7X_CNKI.ttf', name='HGF7X_CNKI', style='normal', variant='normal', weight=400, stretch='normal', size='scalable')) = 10.335
2026-02-21 13:04:40,966 - matplotlib.font_manager - DEBUG - findfont: score(FontEntry(fname='C:\\Windows\\Fonts\\mvboli.ttf', name='MV Boli', style='normal', variant='normal', weight=400, stretch='normal', size='scalable')) = 10.335
2026-02-21 13:04:40,966 - matplotlib.font_manager - DEBUG - findfont: score(FontEntry(fname='C:\\Windows\\Fonts\\GOTHICB.TTF', name='Century Gothic', style='normal', variant='normal', weight=700, stretch='normal', size='scalable')) = 10.05
2026-02-21 13:04:40,966 - matplotlib.font_manager - DEBUG - findfont: score(FontEntry(fname='C:\\Windows\\Fonts\\sylfaen.ttf', name='Sylfaen', style='normal', variant='normal', weight=400, stretch='normal', size='scalable')) = 10.335
2026-02-21 13:04:40,966 - matplotlib.font_manager - DEBUG - findfont: score(FontEntry(fname='C:\\Windows\\Fonts\\msjhl.ttc', name='Microsoft JhengHei', style='normal', variant='normal', weight=290, stretch='normal', size='scalable')) = 10.4395
2026-02-21 13:04:40,966 - matplotlib.font_manager - DEBUG - findfont: score(FontEntry(fname='C:\\Windows\\Fonts\\HGZCS_CNKI.TTF', name='HGZCS_CNKI', style='normal', variant='normal', weight=400, stretch='normal', size='scalable')) = 10.335
2026-02-21 13:04:40,966 - matplotlib.font_manager - DEBUG - findfont: score(FontEntry(fname='C:\\Windows\\Fonts\\HGYB_CNKI.ttf', name='HGYB_CNKI', style='normal', variant='normal', weight=400, stretch='normal', size='scalable')) = 10.335
2026-02-21 13:04:40,966 - matplotlib.font_manager - DEBUG - findfont: score(FontEntry(fname='C:\\Windows\\Fonts\\trebucit.ttf', name='Trebuchet MS', style='italic', variant='normal', weight=400, stretch='normal', size='scalable')) = 11.335
2026-02-21 13:04:40,966 - matplotlib.font_manager - DEBUG - findfont: score(FontEntry(fname='C:\\Windows\\Fonts\\HGY2_CNKI.TTF', name='HGY2_CNKI', style='normal', variant='normal', weight=400, stretch='normal', size='scalable')) = 10.335
2026-02-21 13:04:40,966 - matplotlib.font_manager - DEBUG - findfont: score(FontEntry(fname='C:\\Windows\\Fonts\\STLITI.TTF', name='STLiti', style='normal', variant='normal', weight=400, stretch='normal', size='scalable')) = 10.335
2026-02-21 13:04:40,966 - matplotlib.font_manager - DEBUG - findfont: score(FontEntry(fname='C:\\Windows\\Fonts\\verdanab.ttf', name='Verdana', style='normal', variant='normal', weight=700, stretch='normal', size='scalable')) = 10.05
2026-02-21 13:04:40,966 - matplotlib.font_manager - DEBUG - findfont: score(FontEntry(fname='C:\\Windows\\Fonts\\HGF9_CNKI.ttf', name='HGF9_CNKI', style='normal', variant='normal', weight=400, stretch='normal', size='scalable')) = 10.335
2026-02-21 13:04:40,966 - matplotlib.font_manager - DEBUG - findfont: score(FontEntry(fname='C:\\Windows\\Fonts\\corbel.ttf', name='Corbel', style='normal', variant='normal', weight=400, stretch='normal', size='scalable')) = 10.335
2026-02-21 13:04:40,966 - matplotlib.font_manager - DEBUG - findfont: score(FontEntry(fname='C:\\Windows\\Fonts\\consolai.ttf', name='Consolas', style='italic', variant='normal', weight=400, stretch='normal', size='scalable')) = 11.335
2026-02-21 13:04:40,966 - matplotlib.font_manager - DEBUG - findfont: score(FontEntry(fname='C:\\Windows\\Fonts\\HGXT_CNKI.ttf', name='HGXT_CNKI', style='normal', variant='normal', weight=400, stretch='normal', size='scalable')) = 10.335
2026-02-21 13:04:40,966 - matplotlib.font_manager - DEBUG - findfont: score(FontEntry(fname='C:\\Windows\\Fonts\\HGDY_CNKI.ttf', name='HGDY_CNKI', style='normal', variant='normal', weight=400, stretch='normal', size='scalable')) = 10.335
2026-02-21 13:04:40,966 - matplotlib.font_manager - DEBUG - findfont: score(FontEntry(fname='C:\\Windows\\Fonts\\Nirmala.ttf', name='Nirmala UI', style='normal', variant='normal', weight=400, stretch='normal', size='scalable')) = 10.335
2026-02-21 13:04:40,966 - matplotlib.font_manager - DEBUG - findfont: score(FontEntry(fname='C:\\Windows\\Fonts\\HGH1X_CNKI.ttf', name='HGH1X_CNKI', style='normal', variant='normal', weight=400, stretch='normal', size='scalable')) = 10.335
2026-02-21 13:04:40,966 - matplotlib.font_manager - DEBUG - findfont: score(FontEntry(fname='C:\\Windows\\Fonts\\phagspab.ttf', name='Microsoft PhagsPa', style='normal', variant='normal', weight=700, stretch='normal', size='scalable')) = 10.05
2026-02-21 13:04:40,966 - matplotlib.font_manager - DEBUG - findfont: score(FontEntry(fname='C:\\Windows\\Fonts\\Candaraz.ttf', name='Candara', style='italic', variant='normal', weight=700, stretch='normal', size='scalable')) = 11.05
2026-02-21 13:04:40,966 - matplotlib.font_manager - DEBUG - findfont: score(FontEntry(fname='C:\\Windows\\Fonts\\consolaz.ttf', name='Consolas', style='italic', variant='normal', weight=700, stretch='normal', size='scalable')) = 11.05
2026-02-21 13:04:40,966 - matplotlib.font_manager - DEBUG - findfont: score(FontEntry(fname='C:\\Windows\\Fonts\\holomdl2.ttf', name='HoloLens MDL2 Assets', style='normal', variant='normal', weight=400, stretch='normal', size='scalable')) = 10.335
2026-02-21 13:04:40,966 - matplotlib.font_manager - DEBUG - findfont: score(FontEntry(fname='C:\\Windows\\Fonts\\HGPH_CNKI.TTF', name='HGPH_CNKI', style='normal', variant='normal', weight=400, stretch='normal', size='scalable')) = 10.335
2026-02-21 13:04:40,966 - matplotlib.font_manager - DEBUG - findfont: score(FontEntry(fname='C:\\Windows\\Fonts\\HGFS_CNKI.TTF', name='HGFS_CNKI', style='normal', variant='normal', weight=400, stretch='normal', size='scalable')) = 10.335
2026-02-21 13:04:40,966 - matplotlib.font_manager - DEBUG - findfont: score(FontEntry(fname='C:\\Windows\\Fonts\\HGHT2_CNKI.ttf', name='HGHT2_CNKI', style='normal', variant='normal', weight=400, stretch='normal', size='scalable')) = 10.335
2026-02-21 13:04:40,966 - matplotlib.font_manager - DEBUG - findfont: score(FontEntry(fname='C:\\Windows\\Fonts\\MTCORSVA.TTF', name='Monotype Corsiva', style='normal', variant='normal', weight=400, stretch='normal', size='scalable')) = 10.335
2026-02-21 13:04:40,966 - matplotlib.font_manager - DEBUG - findfont: score(FontEntry(fname='C:\\Windows\\Fonts\\HGXH1_CNKI.TTF', name='HGXH1_CNKI', style='normal', variant='normal', weight=400, stretch='normal', size='scalable')) = 10.335
2026-02-21 13:04:40,966 - matplotlib.font_manager - DEBUG - findfont: score(FontEntry(fname='D:\\SceneBuilder\\runtime\\jre\\lib\\fonts\\LucidaBrightRegular.ttf', name='Lucida Bright', style='normal', variant='normal', weight=400, stretch='normal', size='scalable')) = 10.335
2026-02-21 13:04:40,966 - matplotlib.font_manager - DEBUG - findfont: score(FontEntry(fname='C:\\Windows\\Fonts\\HGDGY_CNKI.TTF', name='HGDGY_CNKI', style='normal', variant='normal', weight=400, stretch='normal', size='scalable')) = 10.335
2026-02-21 13:04:40,966 - matplotlib.font_manager - DEBUG - findfont: score(FontEntry(fname='C:\\Windows\\Fonts\\HGX1X_CNKI.ttf', name='HGX1X_CNKI', style='normal', variant='normal', weight=400, stretch='normal', size='scalable')) = 10.335
2026-02-21 13:04:40,966 - matplotlib.font_manager - DEBUG - findfont: score(FontEntry(fname='C:\\Windows\\Fonts\\SansSerifCollection.ttf', name='Sans Serif Collection', style='normal', variant='normal', weight=400, stretch='normal', size='scalable')) = 10.335
2026-02-21 13:04:40,966 - matplotlib.font_manager - DEBUG - findfont: score(FontEntry(fname='C:\\Windows\\Fonts\\calibrili.ttf', name='Calibri', style='italic', variant='normal', weight=300, stretch='normal', size='scalable')) = 11.43
2026-02-21 13:04:40,966 - matplotlib.font_manager - DEBUG - findfont: score(FontEntry(fname='C:\\Windows\\Fonts\\HGXY_CNKI.ttf', name='HGXY_CNKI', style='normal', variant='normal', weight=400, stretch='normal', size='scalable')) = 10.335
2026-02-21 13:04:40,966 - matplotlib.font_manager - DEBUG - findfont: score(FontEntry(fname='C:\\Windows\\Fonts\\msyi.ttf', name='Microsoft Yi Baiti', style='normal', variant='normal', weight=400, stretch='normal', size='scalable')) = 10.335
2026-02-21 13:04:40,966 - matplotlib.font_manager - DEBUG - findfont: score(FontEntry(fname='C:\\Windows\\Fonts\\HGBKB_CNKI.ttf', name='HGBKB_CNKI', style='normal', variant='normal', weight=400, stretch='normal', size='scalable')) = 10.335
2026-02-21 13:04:40,966 - matplotlib.font_manager - DEBUG - findfont: score(FontEntry(fname='C:\\Windows\\Fonts\\ARIALNB.TTF', name='Arial', style='normal', variant='normal', weight=700, stretch='condensed', size='scalable')) = 10.25
2026-02-21 13:04:40,966 - matplotlib.font_manager - DEBUG - findfont: score(FontEntry(fname='C:\\Windows\\Fonts\\Dengb.ttf', name='DengXian', style='normal', variant='normal', weight=700, stretch='normal', size='scalable')) = 10.05
2026-02-21 13:04:40,966 - matplotlib.font_manager - DEBUG - findfont: score(FontEntry(fname='C:\\Windows\\Fonts\\HGH4_CNKI.ttf', name='HGH4_CNKI', style='normal', variant='normal', weight=400, stretch='normal', size='scalable')) = 10.335
2026-02-21 13:04:40,966 - matplotlib.font_manager - DEBUG - findfont: score(FontEntry(fname='C:\\Windows\\Fonts\\times.ttf', name='Times New Roman', style='normal', variant='normal', weight=400, stretch='normal', size='scalable')) = 10.335
2026-02-21 13:04:40,966 - matplotlib.font_manager - DEBUG - findfont: score(FontEntry(fname='C:\\Windows\\Fonts\\HGB7X_CNKI.ttf', name='HGB7X_CNKI', style='normal', variant='normal', weight=400, stretch='normal', size='scalable')) = 10.335
2026-02-21 13:04:40,966 - matplotlib.font_manager - DEBUG - findfont: score(FontEntry(fname='C:\\Windows\\Fonts\\ARIALNI.TTF', name='Arial', style='italic', variant='normal', weight=400, stretch='condensed', size='scalable')) = 11.535
2026-02-21 13:04:40,966 - matplotlib.font_manager - DEBUG - findfont: score(FontEntry(fname='C:\\Windows\\Fonts\\CENTURY.TTF', name='Century', style='normal', variant='normal', weight=400, stretch='normal', size='scalable')) = 10.335
2026-02-21 13:04:40,966 - matplotlib.font_manager - DEBUG - findfont: score(FontEntry(fname='C:\\Windows\\Fonts\\ITCKRIST.TTF', name='Kristen ITC', style='normal', variant='normal', weight=400, stretch='normal', size='scalable')) = 10.335
2026-02-21 13:04:40,973 - matplotlib.font_manager - DEBUG - findfont: score(FontEntry(fname='C:\\Windows\\Fonts\\HarmonyOS_Sans_SC_Medium.ttf', name='HarmonyOS Sans SC', style='normal', variant='normal', weight=500, stretch='normal', size='scalable')) = 10.24
2026-02-21 13:04:40,973 - matplotlib.font_manager - DEBUG - findfont: score(FontEntry(fname='C:\\Windows\\Fonts\\consola.ttf', name='Consolas', style='normal', variant='normal', weight=400, stretch='normal', size='scalable')) = 10.335
2026-02-21 13:04:40,973 - matplotlib.font_manager - DEBUG - findfont: score(FontEntry(fname='C:\\Windows\\Fonts\\trebucbi.ttf', name='Trebuchet MS', style='italic', variant='normal', weight=700, stretch='normal', size='scalable')) = 11.05
2026-02-21 13:04:40,973 - matplotlib.font_manager - DEBUG - findfont: score(FontEntry(fname='C:\\Windows\\Fonts\\HGKT_CNKI.TTF', name='HGKT_CNKI', style='normal', variant='normal', weight=400, stretch='normal', size='scalable')) = 10.335
2026-02-21 13:04:40,973 - matplotlib.font_manager - DEBUG - findfont: score(FontEntry(fname='C:\\Windows\\Fonts\\BKANT.TTF', name='Book Antiqua', style='normal', variant='normal', weight=400, stretch='normal', size='scalable')) = 10.335
2026-02-21 13:04:40,973 - matplotlib.font_manager - DEBUG - findfont: score(FontEntry(fname='C:\\Windows\\Fonts\\ebrimabd.ttf', name='Ebrima', style='normal', variant='normal', weight=700, stretch='normal', size='scalable')) = 10.05
2026-02-21 13:04:40,973 - matplotlib.font_manager - DEBUG - findfont: score(FontEntry(fname='C:\\Windows\\Fonts\\WINGDNG2.TTF', name='Wingdings 2', style='normal', variant='normal', weight=400, stretch='normal', size='scalable')) = 10.335
2026-02-21 13:04:40,973 - matplotlib.font_manager - DEBUG - findfont: score(FontEntry(fname='D:\\SceneBuilder\\runtime\\jre\\lib\\fonts\\LucidaSansDemiBold.ttf', name='Lucida Sans', style='normal', variant='normal', weight=700, stretch='normal', size='scalable')) = 10.05
2026-02-21 13:04:40,973 - matplotlib.font_manager - DEBUG - findfont: score(FontEntry(fname='C:\\Windows\\Fonts\\HGH7X_CNKI.ttf', name='HGH7X_CNKI', style='normal', variant='normal', weight=400, stretch='normal', size='scalable')) = 10.335
2026-02-21 13:04:40,973 - matplotlib.font_manager - DEBUG - findfont: score(FontEntry(fname='C:\\Windows\\Fonts\\STFANGSO.TTF', name='STFangsong', style='normal', variant='normal', weight=400, stretch='normal', size='scalable')) = 10.335
2026-02-21 13:04:40,973 - matplotlib.font_manager - DEBUG - findfont: score(FontEntry(fname='C:\\Windows\\Fonts\\HGB6X_CNKI.ttf', name='HGB6X_CNKI', style='normal', variant='normal', weight=400, stretch='normal', size='scalable')) = 10.335
2026-02-21 13:04:40,973 - matplotlib.font_manager - DEBUG - findfont: score(FontEntry(fname='C:\\Windows\\Fonts\\ANTQUAB.TTF', name='Book Antiqua', style='normal', variant='normal', weight=700, stretch='normal', size='scalable')) = 10.05
2026-02-21 13:04:40,973 - matplotlib.font_manager - DEBUG - findfont: score(FontEntry(fname='C:\\Windows\\Fonts\\timesi.ttf', name='Times New Roman', style='italic', variant='normal', weight=400, stretch='normal', size='scalable')) = 11.335
2026-02-21 13:04:40,973 - matplotlib.font_manager - DEBUG - findfont: score(FontEntry(fname='C:\\Windows\\Fonts\\tahomabd.ttf', name='Tahoma', style='normal', variant='normal', weight=700, stretch='normal', size='scalable')) = 10.05
2026-02-21 13:04:40,974 - matplotlib.font_manager - DEBUG - findfont: score(FontEntry(fname='C:\\Windows\\Fonts\\YuGothL.ttc', name='Yu Gothic', style='normal', variant='normal', weight=300, stretch='normal', size='scalable')) = 10.43
2026-02-21 13:04:40,974 - matplotlib.font_manager - DEBUG - findfont: score(FontEntry(fname='C:\\Windows\\Fonts\\HGH4X_CNKI.ttf', name='HGH4X_CNKI', style='normal', variant='normal', weight=400, stretch='normal', size='scalable')) = 10.335
2026-02-21 13:04:40,974 - matplotlib.font_manager - DEBUG - findfont: score(FontEntry(fname='C:\\Windows\\Fonts\\ariali.ttf', name='Arial', style='italic', variant='normal', weight=400, stretch='normal', size='scalable')) = 11.335
2026-02-21 13:04:40,974 - matplotlib.font_manager - DEBUG - findfont: score(FontEntry(fname='C:\\Windows\\Fonts\\Candarali.ttf', name='Candara', style='italic', variant='normal', weight=400, stretch='normal', size='scalable')) = 11.335
2026-02-21 13:04:40,974 - matplotlib.font_manager - DEBUG - findfont: score(FontEntry(fname='C:\\Windows\\Fonts\\cambriai.ttf', name='Cambria', style='italic', variant='normal', weight=400, stretch='normal', size='scalable')) = 11.335
2026-02-21 13:04:40,974 - matplotlib.font_manager - DEBUG - findfont: score(FontEntry(fname='C:\\Windows\\Fonts\\simhei.ttf', name='SimHei', style='normal', variant='normal', weight=400, stretch='normal', size='scalable')) = 0.33499999999999996
2026-02-21 13:04:40,974 - matplotlib.font_manager - DEBUG - findfont: score(FontEntry(fname='C:\\Windows\\Fonts\\mmrtext.ttf', name='Myanmar Text', style='normal', variant='normal', weight=400, stretch='normal', size='scalable')) = 10.335
2026-02-21 13:04:40,974 - matplotlib.font_manager - DEBUG - findfont: score(FontEntry(fname='C:\\Windows\\Fonts\\msyhl.ttc', name='Microsoft YaHei', style='normal', variant='normal', weight=290, stretch='normal', size='scalable')) = 3.772833333333333
2026-02-21 13:04:40,974 - matplotlib.font_manager - DEBUG - findfont: score(FontEntry(fname='C:\\Windows\\Fonts\\WINGDNG3.TTF', name='Wingdings 3', style='normal', variant='normal', weight=400, stretch='normal', size='scalable')) = 10.335
2026-02-21 13:04:40,974 - matplotlib.font_manager - DEBUG - findfont: score(FontEntry(fname='C:\\Windows\\Fonts\\arial.ttf', name='Arial', style='normal', variant='normal', weight=400, stretch='normal', size='scalable')) = 10.335
2026-02-21 13:04:40,974 - matplotlib.font_manager - DEBUG - findfont: score(FontEntry(fname='C:\\Windows\\Fonts\\framd.ttf', name='Franklin Gothic Medium', style='normal', variant='normal', weight=400, stretch='normal', size='scalable')) = 10.335
2026-02-21 13:04:40,974 - matplotlib.font_manager - DEBUG - findfont: score(FontEntry(fname='C:\\Windows\\Fonts\\SegUIVar.ttf', name='Segoe UI Variable', style='normal', variant='normal', weight=400, stretch='normal', size='scalable')) = 10.335
2026-02-21 13:04:40,974 - matplotlib.font_manager - DEBUG - findfont: score(FontEntry(fname='C:\\Windows\\Fonts\\malgunsl.ttf', name='Malgun Gothic', style='normal', variant='normal', weight=300, stretch='normal', size='scalable')) = 10.43
2026-02-21 13:04:40,974 - matplotlib.font_manager - DEBUG - findfont: score(FontEntry(fname='C:\\Windows\\Fonts\\consolab.ttf', name='Consolas', style='normal', variant='normal', weight=700, stretch='normal', size='scalable')) = 10.05
2026-02-21 13:04:40,974 - matplotlib.font_manager - DEBUG - findfont: score(FontEntry(fname='C:\\Windows\\Fonts\\segoeuisl.ttf', name='Segoe UI', style='normal', variant='normal', weight=350, stretch='normal', size='scalable')) = 10.3825
2026-02-21 13:04:40,974 - matplotlib.font_manager - DEBUG - findfont: score(FontEntry(fname='C:\\Windows\\Fonts\\constani.ttf', name='Constantia', style='italic', variant='normal', weight=400, stretch='normal', size='scalable')) = 11.335
2026-02-21 13:04:40,974 - matplotlib.font_manager - DEBUG - findfont: score(FontEntry(fname='C:\\Windows\\Fonts\\BRADHITC.TTF', name='Bradley Hand ITC', style='normal', variant='normal', weight=400, stretch='normal', size='scalable')) = 10.335
2026-02-21 13:04:40,974 - matplotlib.font_manager - DEBUG - findfont: score(FontEntry(fname='C:\\Windows\\Fonts\\LeelaUIb.ttf', name='Leelawadee UI', style='normal', variant='normal', weight=700, stretch='normal', size='scalable')) = 10.05
2026-02-21 13:04:40,974 - matplotlib.font_manager - DEBUG - findfont: score(FontEntry(fname='C:\\Windows\\Fonts\\STXINGKA.TTF', name='STXingkai', style='normal', variant='normal', weight=400, stretch='normal', size='scalable')) = 10.335
2026-02-21 13:04:40,974 - matplotlib.font_manager - DEBUG - findfont: score(FontEntry(fname='C:\\Windows\\Fonts\\HGF4_CNKI.ttf', name='HGF4_CNKI', style='normal', variant='normal', weight=400, stretch='normal', size='scalable')) = 10.335
2026-02-21 13:04:40,974 - matplotlib.font_manager - DEBUG - findfont: score(FontEntry(fname='C:\\Windows\\Fonts\\GOTHICBI.TTF', name='Century Gothic', style='italic', variant='normal', weight=700, stretch='normal', size='scalable')) = 11.05
2026-02-21 13:04:40,974 - matplotlib.font_manager - DEBUG - findfont: score(FontEntry(fname='C:\\Windows\\Fonts\\arialbi.ttf', name='Arial', style='italic', variant='normal', weight=700, stretch='normal', size='scalable')) = 11.05
2026-02-21 13:04:40,974 - matplotlib.font_manager - DEBUG - findfont: score(FontEntry(fname='C:\\Windows\\Fonts\\BOOKOS.TTF', name='Bookman Old Style', style='normal', variant='normal', weight=300, stretch='normal', size='scalable')) = 10.43
2026-02-21 13:04:40,974 - matplotlib.font_manager - DEBUG - findfont: score(FontEntry(fname='C:\\Windows\\Fonts\\HGF5_CNKI.ttf', name='HGF5_CNKI', style='normal', variant='normal', weight=400, stretch='normal', size='scalable')) = 10.335
2026-02-21 13:04:40,974 - matplotlib.font_manager - DEBUG - findfont: score(FontEntry(fname='C:\\Windows\\Fonts\\corbeli.ttf', name='Corbel', style='italic', variant='normal', weight=400, stretch='normal', size='scalable')) = 11.335
2026-02-21 13:04:40,974 - matplotlib.font_manager - DEBUG - findfont: score(FontEntry(fname='C:\\Windows\\Fonts\\HGXS_CNKI.TTF', name='HGXS_CNKI', style='normal', variant='normal', weight=400, stretch='normal', size='scalable')) = 10.335
2026-02-21 13:04:40,974 - matplotlib.font_manager - DEBUG - findfont: score(FontEntry(fname='C:\\Windows\\Fonts\\REFSPCL.TTF', name='MS Reference Specialty', style='normal', variant='normal', weight=400, stretch='normal', size='scalable')) = 10.335
2026-02-21 13:04:40,974 - matplotlib.font_manager - DEBUG - findfont: score(FontEntry(fname='C:\\Windows\\Fonts\\HGSS1_CNKI.TTF', name='HGSS1_CNKI', style='normal', variant='normal', weight=400, stretch='normal', size='scalable')) = 10.335
2026-02-21 13:04:40,974 - matplotlib.font_manager - DEBUG - findfont: score(FontEntry(fname='C:\\Windows\\Fonts\\georgiab.ttf', name='Georgia', style='normal', variant='normal', weight=700, stretch='normal', size='scalable')) = 10.05
2026-02-21 13:04:40,974 - matplotlib.font_manager - DEBUG - findfont: score(FontEntry(fname='C:\\Windows\\Fonts\\CascadiaMono.ttf', name='Cascadia Mono', style='normal', variant='normal', weight=400, stretch='normal', size='scalable')) = 10.335
2026-02-21 13:04:40,974 - matplotlib.font_manager - DEBUG - findfont: score(FontEntry(fname='C:\\Windows\\Fonts\\HGF6_CNKI.ttf', name='HGF6_CNKI', style='normal', variant='normal', weight=400, stretch='normal', size='scalable')) = 10.335
2026-02-21 13:04:40,974 - matplotlib.font_manager - DEBUG - findfont: score(FontEntry(fname='C:\\Windows\\Fonts\\javatext.ttf', name='Javanese Text', style='normal', variant='normal', weight=400, stretch='normal', size='scalable')) = 10.335
2026-02-21 13:04:40,974 - matplotlib.font_manager - DEBUG - findfont: score(FontEntry(fname='C:\\Windows\\Fonts\\calibri.ttf', name='Calibri', style='normal', variant='normal', weight=400, stretch='normal', size='scalable')) = 10.335
2026-02-21 13:04:40,974 - matplotlib.font_manager - DEBUG - findfont: score(FontEntry(fname='C:\\Windows\\Fonts\\HGBS2_CNKI.TTF', name='HGBS2_CNKI', style='normal', variant='normal', weight=400, stretch='normal', size='scalable')) = 10.335
2026-02-21 13:04:40,974 - matplotlib.font_manager - DEBUG - findfont: score(FontEntry(fname='C:\\Windows\\Fonts\\HGB4X_CNKI.ttf', name='HGB4X_CNKI', style='normal', variant='normal', weight=400, stretch='normal', size='scalable')) = 10.335
2026-02-21 13:04:40,974 - matplotlib.font_manager - DEBUG - findfont: score(FontEntry(fname='C:\\Windows\\Fonts\\seguihis.ttf', name='Segoe UI Historic', style='normal', variant='normal', weight=400, stretch='normal', size='scalable')) = 10.335
2026-02-21 13:04:40,974 - matplotlib.font_manager - DEBUG - findfont: score(FontEntry(fname='C:\\Windows\\Fonts\\Inkfree.ttf', name='Ink Free', style='normal', variant='normal', weight=400, stretch='normal', size='scalable')) = 10.335
2026-02-21 13:04:40,974 - matplotlib.font_manager - DEBUG - findfont: score(FontEntry(fname='C:\\Windows\\Fonts\\seguiemj.ttf', name='Segoe UI Emoji', style='normal', variant='normal', weight=400, stretch='normal', size='scalable')) = 10.335
2026-02-21 13:04:40,974 - matplotlib.font_manager - DEBUG - findfont: score(FontEntry(fname='C:\\Windows\\Fonts\\georgia.ttf', name='Georgia', style='normal', variant='normal', weight=400, stretch='normal', size='scalable')) = 10.335
2026-02-21 13:04:40,974 - matplotlib.font_manager - DEBUG - findfont: score(FontEntry(fname='C:\\Windows\\Fonts\\HGZDX_CNKI.TTF', name='HGZDX_CNKI', style='normal', variant='normal', weight=400, stretch='normal', size='scalable')) = 10.335
2026-02-21 13:04:40,974 - matplotlib.font_manager - DEBUG - findfont: score(FontEntry(fname='C:\\Windows\\Fonts\\segoeuil.ttf', name='Segoe UI', style='normal', variant='normal', weight=300, stretch='normal', size='scalable')) = 10.43
2026-02-21 13:04:40,974 - matplotlib.font_manager - DEBUG - findfont: score(FontEntry(fname='C:\\Windows\\Fonts\\HGB8_CNKI.ttf', name='HGB8_CNKI', style='normal', variant='normal', weight=400, stretch='normal', size='scalable')) = 10.335
2026-02-21 13:04:40,974 - matplotlib.font_manager - DEBUG - findfont: score(FontEntry(fname='C:\\Windows\\Fonts\\constanz.ttf', name='Constantia', style='italic', variant='normal', weight=700, stretch='normal', size='scalable')) = 11.05
2026-02-21 13:04:40,974 - matplotlib.font_manager - DEBUG - findfont: score(FontEntry(fname='C:\\Windows\\Fonts\\HGPTY_CNKI.TTF', name='HGPTY_CNKI', style='normal', variant='normal', weight=400, stretch='normal', size='scalable')) = 10.335
2026-02-21 13:04:40,974 - matplotlib.font_manager - DEBUG - findfont: score(FontEntry(fname='C:\\Windows\\Fonts\\ZWAdobeF.TTF', name='ZWAdobeF', style='normal', variant='normal', weight=400, stretch='normal', size='scalable')) = 10.335
2026-02-21 13:04:40,974 - matplotlib.font_manager - DEBUG - findfont: score(FontEntry(fname='C:\\Windows\\Fonts\\calibril.ttf', name='Calibri', style='normal', variant='normal', weight=300, stretch='normal', size='scalable')) = 10.43
2026-02-21 13:04:40,974 - matplotlib.font_manager - DEBUG - findfont: score(FontEntry(fname='C:\\Windows\\Fonts\\msgothic.ttc', name='MS Gothic', style='normal', variant='normal', weight=400, stretch='normal', size='scalable')) = 10.335
2026-02-21 13:04:40,974 - matplotlib.font_manager - DEBUG - findfont: score(FontEntry(fname='C:\\Windows\\Fonts\\REFSAN.TTF', name='MS Reference Sans Serif', style='normal', variant='normal', weight=400, stretch='normal', size='scalable')) = 10.335
2026-02-21 13:04:40,974 - matplotlib.font_manager - DEBUG - findfont: score(FontEntry(fname='C:\\Windows\\Fonts\\comici.ttf', name='Comic Sans MS', style='italic', variant='normal', weight=400, stretch='normal', size='scalable')) = 11.335
2026-02-21 13:04:40,974 - matplotlib.font_manager - DEBUG - findfont: score(FontEntry(fname='C:\\Windows\\Fonts\\Candaral.ttf', name='Candara', style='normal', variant='normal', weight=400, stretch='normal', size='scalable')) = 10.335
2026-02-21 13:04:40,974 - matplotlib.font_manager - DEBUG - findfont: score(FontEntry(fname='C:\\Windows\\Fonts\\TEMPSITC.TTF', name='Tempus Sans ITC', style='normal', variant='normal', weight=400, stretch='normal', size='scalable')) = 10.335
2026-02-21 13:04:40,974 - matplotlib.font_manager - DEBUG - findfont: score(FontEntry(fname='C:\\Windows\\Fonts\\YuGothB.ttc', name='Yu Gothic', style='normal', variant='normal', weight=700, stretch='normal', size='scalable')) = 10.05
2026-02-21 13:04:40,975 - matplotlib.font_manager - DEBUG - findfont: score(FontEntry(fname='D:\\SceneBuilder\\runtime\\jre\\lib\\fonts\\LucidaTypewriterBold.ttf', name='Lucida Sans Typewriter', style='normal', variant='normal', weight=700, stretch='normal', size='scalable')) = 10.05
2026-02-21 13:04:40,975 - matplotlib.font_manager - DEBUG - findfont: score(FontEntry(fname='C:\\Windows\\Fonts\\GOTHIC.TTF', name='Century Gothic', style='normal', variant='normal', weight=400, stretch='normal', size='scalable')) = 10.335
2026-02-21 13:04:40,975 - matplotlib.font_manager - DEBUG - findfont: score(FontEntry(fname='D:\\SceneBuilder\\runtime\\jre\\lib\\fonts\\LucidaBrightItalic.ttf', name='Lucida Bright', style='italic', variant='normal', weight=400, stretch='normal', size='scalable')) = 11.335
2026-02-21 13:04:40,975 - matplotlib.font_manager - DEBUG - findfont: score(FontEntry(fname='C:\\Windows\\Fonts\\HGKT1_CNKI.TTF', name='HGKT1_CNKI', style='normal', variant='normal', weight=400, stretch='normal', size='scalable')) = 10.335
2026-02-21 13:04:40,975 - matplotlib.font_manager - DEBUG - findfont: score(FontEntry(fname='C:\\Windows\\Fonts\\georgiai.ttf', name='Georgia', style='italic', variant='normal', weight=400, stretch='normal', size='scalable')) = 11.335
2026-02-21 13:04:40,975 - matplotlib.font_manager - DEBUG - findfont: score(FontEntry(fname='C:\\Windows\\Fonts\\HGXC_CNKI.TTF', name='HGXC_CNKI', style='normal', variant='normal', weight=400, stretch='normal', size='scalable')) = 10.335
2026-02-21 13:04:40,975 - matplotlib.font_manager - DEBUG - findfont: score(FontEntry(fname='C:\\Windows\\Fonts\\HGLS_CNKI.TTF', name='HGLS_CNKI', style='normal', variant='normal', weight=400, stretch='normal', size='scalable')) = 10.335
2026-02-21 13:04:40,975 - matplotlib.font_manager - DEBUG - findfont: score(FontEntry(fname='C:\\Windows\\Fonts\\HGY1_CNKI.TTF', name='HGY1_CNKI', style='normal', variant='normal', weight=400, stretch='normal', size='scalable')) = 10.335
2026-02-21 13:04:40,975 - matplotlib.font_manager - DEBUG - findfont: score(FontEntry(fname='C:\\Windows\\Fonts\\wingding.ttf', name='Wingdings', style='normal', variant='normal', weight=400, stretch='normal', size='scalable')) = 10.335
2026-02-21 13:04:40,975 - matplotlib.font_manager - DEBUG - findfont: score(FontEntry(fname='C:\\Windows\\Fonts\\trebucbd.ttf', name='Trebuchet MS', style='normal', variant='normal', weight=700, stretch='normal', size='scalable')) = 10.05
2026-02-21 13:04:40,975 - matplotlib.font_manager - DEBUG - findfont: score(FontEntry(fname='C:\\Windows\\Fonts\\HGMH_CNKI.TTF', name='HGMH_CNKI', style='normal', variant='normal', weight=400, stretch='normal', size='scalable')) = 10.335
2026-02-21 13:04:40,975 - matplotlib.font_manager - DEBUG - findfont: score(FontEntry(fname='C:\\Windows\\Fonts\\BSSYM7.TTF', name='Bookshelf Symbol 7', style='normal', variant='normal', weight=400, stretch='normal', size='scalable')) = 10.335
2026-02-21 13:04:40,975 - matplotlib.font_manager - DEBUG - findfont: score(FontEntry(fname='C:\\Windows\\Fonts\\comic.ttf', name='Comic Sans MS', style='normal', variant='normal', weight=400, stretch='normal', size='scalable')) = 10.335
2026-02-21 13:04:40,975 - matplotlib.font_manager - DEBUG - findfont: score(FontEntry(fname='C:\\Windows\\Fonts\\trebuc.ttf', name='Trebuchet MS', style='normal', variant='normal', weight=400, stretch='normal', size='scalable')) = 10.335
2026-02-21 13:04:40,975 - matplotlib.font_manager - DEBUG - findfont: score(FontEntry(fname='C:\\Windows\\Fonts\\HGDYS_CNKI.TTF', name='HGDYS_CNKI', style='normal', variant='normal', weight=400, stretch='normal', size='scalable')) = 10.335
2026-02-21 13:04:40,975 - matplotlib.font_manager - DEBUG - findfont: score(FontEntry(fname='C:\\Windows\\Fonts\\seguisli.ttf', name='Segoe UI', style='italic', variant='normal', weight=350, stretch='normal', size='scalable')) = 11.3825
2026-02-21 13:04:40,975 - matplotlib.font_manager - DEBUG - findfont: score(FontEntry(fname='C:\\Windows\\Fonts\\ntailu.ttf', name='Microsoft New Tai Lue', style='normal', variant='normal', weight=400, stretch='normal', size='scalable')) = 10.335
2026-02-21 13:04:40,975 - matplotlib.font_manager - DEBUG - findfont: score(FontEntry(fname='C:\\Windows\\Fonts\\HGH5X_CNKI.ttf', name='HGH5X_CNKI', style='normal', variant='normal', weight=400, stretch='normal', size='scalable')) = 10.335
2026-02-21 13:04:40,975 - matplotlib.font_manager - DEBUG - findfont: score(FontEntry(fname='C:\\Windows\\Fonts\\STSONG.TTF', name='STSong', style='normal', variant='normal', weight=400, stretch='normal', size='scalable')) = 10.335
2026-02-21 13:04:40,975 - matplotlib.font_manager - DEBUG - findfont: score(FontEntry(fname='C:\\Windows\\Fonts\\STHUPO.TTF', name='STHupo', style='normal', variant='normal', weight=400, stretch='normal', size='scalable')) = 10.335
2026-02-21 13:04:40,975 - matplotlib.font_manager - DEBUG - findfont: score(FontEntry(fname='C:\\Windows\\Fonts\\gadugi.ttf', name='Gadugi', style='normal', variant='normal', weight=400, stretch='normal', size='scalable')) = 10.335
2026-02-21 13:04:40,975 - matplotlib.font_manager - DEBUG - findfont: score(FontEntry(fname='C:\\Windows\\Fonts\\STZHONGS.TTF', name='STZhongsong', style='normal', variant='normal', weight=400, stretch='normal', size='scalable')) = 10.335
2026-02-21 13:04:40,975 - matplotlib.font_manager - DEBUG - findfont: score(FontEntry(fname='C:\\Windows\\Fonts\\HGB1_CNKI.ttf', name='HGB1_CNKI', style='normal', variant='normal', weight=400, stretch='normal', size='scalable')) = 10.335
2026-02-21 13:04:40,975 - matplotlib.font_manager - DEBUG - findfont: score(FontEntry(fname='C:\\Windows\\Fonts\\HGGG_CNKI.TTF', name='HGGG_CNKI', style='normal', variant='normal', weight=400, stretch='normal', size='scalable')) = 10.335
2026-02-21 13:04:40,975 - matplotlib.font_manager - DEBUG - findfont: score(FontEntry(fname='C:\\Windows\\Fonts\\courbi.ttf', name='Courier New', style='italic', variant='normal', weight=700, stretch='normal', size='scalable')) = 11.05
2026-02-21 13:04:40,975 - matplotlib.font_manager - DEBUG - findfont: score(FontEntry(fname='C:\\Windows\\Fonts\\HGF9X_CNKI.ttf', name='HGF9X_CNKI', style='normal', variant='normal', weight=400, stretch='normal', size='scalable')) = 10.335
2026-02-21 13:04:40,975 - matplotlib.font_manager - DEBUG - findfont: score(FontEntry(fname='C:\\Windows\\Fonts\\HGDH_CNKI.TTF', name='HGDH_CNKI', style='normal', variant='normal', weight=400, stretch='normal', size='scalable')) = 10.335
2026-02-21 13:04:40,975 - matplotlib.font_manager - DEBUG - findfont: score(FontEntry(fname='C:\\Windows\\Fonts\\HGB6_CNKI.ttf', name='HGB6_CNKI', style='normal', variant='normal', weight=400, stretch='normal', size='scalable')) = 10.335
2026-02-21 13:04:40,975 - matplotlib.font_manager - DEBUG - findfont: score(FontEntry(fname='C:\\Windows\\Fonts\\HGH7_CNKI.ttf', name='HGH7_CNKI', style='normal', variant='normal', weight=400, stretch='normal', size='scalable')) = 10.335
2026-02-21 13:04:40,975 - matplotlib.font_manager - DEBUG - findfont: score(FontEntry(fname='C:\\Windows\\Fonts\\simsun.ttc', name='SimSun', style='normal', variant='normal', weight=400, stretch='normal', size='scalable')) = 10.335
2026-02-21 13:04:40,975 - matplotlib.font_manager - DEBUG - findfont: score(FontEntry(fname='C:\\Windows\\Fonts\\HGZK_CNKI.TTF', name='HGZK_CNKI', style='normal', variant='normal', weight=400, stretch='normal', size='scalable')) = 10.335
2026-02-21 13:04:40,975 - matplotlib.font_manager - DEBUG - findfont: score(FontEntry(fname='C:\\Windows\\Fonts\\taile.ttf', name='Microsoft Tai Le', style='normal', variant='normal', weight=400, stretch='normal', size='scalable')) = 10.335
2026-02-21 13:04:40,975 - matplotlib.font_manager - DEBUG - findfont: score(FontEntry(fname='C:\\Windows\\Fonts\\seguili.ttf', name='Segoe UI', style='italic', variant='normal', weight=300, stretch='normal', size='scalable')) = 11.43
2026-02-21 13:04:40,975 - matplotlib.font_manager - DEBUG - findfont: score(FontEntry(fname='C:\\Windows\\Fonts\\HGF3_CNKI.ttf', name='HGF3_CNKI', style='normal', variant='normal', weight=400, stretch='normal', size='scalable')) = 10.335
2026-02-21 13:04:40,975 - matplotlib.font_manager - DEBUG - findfont: score(FontEntry(fname='C:\\Windows\\Fonts\\HGOCR_CNKI.ttf', name='HGOCR_CNKI', style='normal', variant='normal', weight=400, stretch='normal', size='scalable')) = 10.335
2026-02-21 13:04:40,975 - matplotlib.font_manager - DEBUG - findfont: score(FontEntry(fname='C:\\Windows\\Fonts\\HGF8_CNKI.ttf', name='HGF8_CNKI', style='normal', variant='normal', weight=400, stretch='normal', size='scalable')) = 10.335
2026-02-21 13:04:40,975 - matplotlib.font_manager - DEBUG - findfont: score(FontEntry(fname='C:\\Windows\\Fonts\\HGF1X_CNKI.ttf', name='HGF1X_CNKI', style='normal', variant='normal', weight=400, stretch='normal', size='scalable')) = 10.335
2026-02-21 13:04:40,975 - matplotlib.font_manager - DEBUG - findfont: score(FontEntry(fname='C:\\Windows\\Fonts\\HGF2_CNKI.ttf', name='HGF2_CNKI', style='normal', variant='normal', weight=400, stretch='normal', size='scalable')) = 10.335
2026-02-21 13:04:40,975 - matplotlib.font_manager - DEBUG - findfont: score(FontEntry(fname='C:\\Windows\\Fonts\\HGB2_CNKI.ttf', name='HGB2_CNKI', style='normal', variant='normal', weight=400, stretch='normal', size='scalable')) = 10.335
2026-02-21 13:04:40,975 - matplotlib.font_manager - DEBUG - findfont: score(FontEntry(fname='C:\\Windows\\Fonts\\cambria.ttc', name='Cambria', style='normal', variant='normal', weight=400, stretch='normal', size='scalable')) = 10.335
2026-02-21 13:04:40,975 - matplotlib.font_manager - DEBUG - findfont: score(FontEntry(fname='C:\\Windows\\Fonts\\HGF4X_CNKI.ttf', name='HGF4X_CNKI', style='normal', variant='normal', weight=400, stretch='normal', size='scalable')) = 10.335
2026-02-21 13:04:40,975 - matplotlib.font_manager - DEBUG - findfont: score(FontEntry(fname='C:\\Windows\\Fonts\\segoeprb.ttf', name='Segoe Print', style='normal', variant='normal', weight=700, stretch='normal', size='scalable')) = 10.05
2026-02-21 13:04:40,976 - matplotlib.font_manager - DEBUG - findfont: score(FontEntry(fname='C:\\Windows\\Fonts\\MTEXTRA.TTF', name='MT Extra', style='normal', variant='normal', weight=400, stretch='normal', size='scalable')) = 10.335
2026-02-21 13:04:40,976 - matplotlib.font_manager - DEBUG - findfont: score(FontEntry(fname='C:\\Windows\\Fonts\\seguibli.ttf', name='Segoe UI', style='italic', variant='normal', weight=900, stretch='normal', size='scalable')) = 11.24
2026-02-21 13:04:40,976 - matplotlib.font_manager - DEBUG - findfont: score(FontEntry(fname='C:\\Windows\\Fonts\\cambriaz.ttf', name='Cambria', style='italic', variant='normal', weight=700, stretch='normal', size='scalable')) = 11.05
2026-02-21 13:04:40,976 - matplotlib.font_manager - DEBUG - findfont: score(FontEntry(fname='C:\\Windows\\Fonts\\BOOKOSB.TTF', name='Bookman Old Style', style='normal', variant='normal', weight=600, stretch='normal', size='scalable')) = 10.145
2026-02-21 13:04:40,976 - matplotlib.font_manager - DEBUG - findfont: score(FontEntry(fname='C:\\Windows\\Fonts\\bahnschrift.ttf', name='Bahnschrift', style='normal', variant='normal', weight=400, stretch='normal', size='scalable')) = 10.335
2026-02-21 13:04:40,976 - matplotlib.font_manager - DEBUG - findfont: score(FontEntry(fname='C:\\Windows\\Fonts\\HGH5_CNKI.ttf', name='HGH5_CNKI', style='normal', variant='normal', weight=400, stretch='normal', size='scalable')) = 10.335
2026-02-21 13:04:40,976 - matplotlib.font_manager - DEBUG - findfont: score(FontEntry(fname='C:\\Windows\\Fonts\\ebrima.ttf', name='Ebrima', style='normal', variant='normal', weight=400, stretch='normal', size='scalable')) = 10.335
2026-02-21 13:04:40,976 - matplotlib.font_manager - DEBUG - findfont: score(FontEntry(fname='C:\\Windows\\Fonts\\STXINWEI.TTF', name='STXinwei', style='normal', variant='normal', weight=400, stretch='normal', size='scalable')) = 10.335
2026-02-21 13:04:40,976 - matplotlib.font_manager - DEBUG - findfont: score(FontEntry(fname='D:\\SceneBuilder\\runtime\\jre\\lib\\fonts\\LucidaBrightDemiItalic.ttf', name='Lucida Bright', style='italic', variant='normal', weight=700, stretch='normal', size='scalable')) = 11.05
2026-02-21 13:04:40,976 - matplotlib.font_manager - DEBUG - findfont: score(FontEntry(fname='C:\\Windows\\Fonts\\HGXF1_CNKI.ttf', name='HGXF1_CNKI', style='normal', variant='normal', weight=400, stretch='normal', size='scalable')) = 10.335
2026-02-21 13:04:40,976 - matplotlib.font_manager - DEBUG - findfont: score(FontEntry(fname='C:\\Windows\\Fonts\\Candarab.ttf', name='Candara', style='normal', variant='normal', weight=700, stretch='normal', size='scalable')) = 10.05
2026-02-21 13:04:40,976 - matplotlib.font_manager - DEBUG - findfont: score(FontEntry(fname='C:\\Windows\\Fonts\\HGH3_CNKI.ttf', name='HGH3_CNKI', style='normal', variant='normal', weight=400, stretch='normal', size='scalable')) = 10.335
2026-02-21 13:04:40,976 - matplotlib.font_manager - DEBUG - findfont: score(FontEntry(fname='D:\\SceneBuilder\\runtime\\jre\\lib\\fonts\\LucidaBrightDemiBold.ttf', name='Lucida Bright', style='normal', variant='normal', weight=700, stretch='normal', size='scalable')) = 10.05
2026-02-21 13:04:40,976 - matplotlib.font_manager - DEBUG - findfont: score(FontEntry(fname='C:\\Windows\\Fonts\\HGCUH_CNKI.TTF', name='HGCUH_CNKI', style='normal', variant='normal', weight=400, stretch='normal', size='scalable')) = 10.335
2026-02-21 13:04:40,976 - matplotlib.font_manager - DEBUG - findfont: score(FontEntry(fname='C:\\Windows\\Fonts\\HGHZ_CNKI.ttf', name='HGHZ_CNKI', style='normal', variant='normal', weight=400, stretch='normal', size='scalable')) = 10.335
2026-02-21 13:04:40,976 - matplotlib.font_manager - DEBUG - findfont: score(FontEntry(fname='C:\\Windows\\Fonts\\HGXBS_CNKI.TTF', name='HGXBS_CNKI', style='normal', variant='normal', weight=400, stretch='normal', size='scalable')) = 10.335
2026-02-21 13:04:40,976 - matplotlib.font_manager - DEBUG - findfont: score(FontEntry(fname='C:\\Windows\\Fonts\\Gabriola.ttf', name='Gabriola', style='normal', variant='normal', weight=400, stretch='normal', size='scalable')) = 10.335
2026-02-21 13:04:40,976 - matplotlib.font_manager - DEBUG - findfont: score(FontEntry(fname='C:\\Windows\\Fonts\\HGFX_CNKI.ttf', name='HGFX_CNKI', style='normal', variant='normal', weight=400, stretch='normal', size='scalable')) = 10.335
2026-02-21 13:04:40,976 - matplotlib.font_manager - DEBUG - findfont: score(FontEntry(fname='C:\\Windows\\Fonts\\HGBS_CNKI.TTF', name='HGBS_CNKI', style='normal', variant='normal', weight=400, stretch='normal', size='scalable')) = 10.335
2026-02-21 13:04:40,976 - matplotlib.font_manager - DEBUG - findfont: score(FontEntry(fname='C:\\Windows\\Fonts\\malgun.ttf', name='Malgun Gothic', style='normal', variant='normal', weight=400, stretch='normal', size='scalable')) = 10.335
2026-02-21 13:04:40,976 - matplotlib.font_manager - DEBUG - findfont: score(FontEntry(fname='C:\\Windows\\Fonts\\palabi.ttf', name='Palatino Linotype', style='italic', variant='normal', weight=700, stretch='normal', size='scalable')) = 11.05
2026-02-21 13:04:40,976 - matplotlib.font_manager - DEBUG - findfont: score(FontEntry(fname='C:\\Windows\\Fonts\\HGY3_CNKI.TTF', name='HGY3_CNKI', style='normal', variant='normal', weight=400, stretch='normal', size='scalable')) = 10.335
2026-02-21 13:04:40,976 - matplotlib.font_manager - DEBUG - findfont: score(FontEntry(fname='C:\\Windows\\Fonts\\BOOKOSBI.TTF', name='Bookman Old Style', style='italic', variant='normal', weight=600, stretch='normal', size='scalable')) = 11.145
2026-02-21 13:04:40,976 - matplotlib.font_manager - DEBUG - findfont: score(FontEntry(fname='C:\\Windows\\Fonts\\HGB7_CNKI.ttf', name='HGB7_CNKI', style='normal', variant='normal', weight=400, stretch='normal', size='scalable')) = 10.335
2026-02-21 13:04:40,976 - matplotlib.font_manager - DEBUG - findfont: score(FontEntry(fname='C:\\Windows\\Fonts\\HGBKBX_CNKI.ttf', name='HGBKBX_CNKI', style='normal', variant='normal', weight=400, stretch='normal', size='scalable')) = 10.335
2026-02-21 13:04:40,976 - matplotlib.font_manager - DEBUG - findfont: score(FontEntry(fname='C:\\Windows\\Fonts\\gadugib.ttf', name='Gadugi', style='normal', variant='normal', weight=700, stretch='normal', size='scalable')) = 10.05
2026-02-21 13:04:40,976 - matplotlib.font_manager - DEBUG - findfont: score(FontEntry(fname='C:\\Windows\\Fonts\\HGX1_CNKI.ttf', name='HGX1_CNKI', style='normal', variant='normal', weight=400, stretch='normal', size='scalable')) = 10.335
2026-02-21 13:04:40,976 - matplotlib.font_manager - DEBUG - findfont: score(FontEntry(fname='C:\\Windows\\Fonts\\HGF7_CNKI.ttf', name='HGF7_CNKI', style='normal', variant='normal', weight=400, stretch='normal', size='scalable')) = 10.335
2026-02-21 13:04:40,976 - matplotlib.font_manager - DEBUG - findfont: score(FontEntry(fname='C:\\Windows\\Fonts\\HGZY_CNKI.TTF', name='HGZY_CNKI', style='normal', variant='normal', weight=400, stretch='normal', size='scalable')) = 10.335
2026-02-21 13:04:40,976 - matplotlib.font_manager - DEBUG - findfont: score(FontEntry(fname='C:\\Windows\\Fonts\\HarmonyOS_Sans_SC_Regular.ttf', name='HarmonyOS Sans SC', style='normal', variant='normal', weight=400, stretch='normal', size='scalable')) = 10.335
2026-02-21 13:04:40,976 - matplotlib.font_manager - DEBUG - findfont: score(FontEntry(fname='C:\\Windows\\Fonts\\HGZYT_CNKI.TTF', name='HGZYT_CNKI', style='normal', variant='normal', weight=400, stretch='normal', size='scalable')) = 10.335
2026-02-21 13:04:40,976 - matplotlib.font_manager - DEBUG - findfont: score(FontEntry(fname='C:\\Windows\\Fonts\\HGWT_CNKI.TTF', name='HGWT_CNKI', style='normal', variant='normal', weight=400, stretch='normal', size='scalable')) = 10.335
2026-02-21 13:04:40,976 - matplotlib.font_manager - DEBUG - findfont: score(FontEntry(fname='C:\\Windows\\Fonts\\GARABD.TTF', name='Garamond', style='normal', variant='normal', weight=700, stretch='normal', size='scalable')) = 10.05
2026-02-21 13:04:40,976 - matplotlib.font_manager - DEBUG - findfont: score(FontEntry(fname='C:\\Windows\\Fonts\\HGH3X_CNKI.ttf', name='HGH3X_CNKI', style='normal', variant='normal', weight=400, stretch='normal', size='scalable')) = 10.335
2026-02-21 13:04:40,976 - matplotlib.font_manager - DEBUG - findfont: score(FontEntry(fname='C:\\Windows\\Fonts\\msyh.ttc', name='Microsoft YaHei', style='normal', variant='normal', weight=400, stretch='normal', size='scalable')) = 3.668333333333333
2026-02-21 13:04:40,976 - matplotlib.font_manager - DEBUG - findfont: score(FontEntry(fname='C:\\Windows\\Fonts\\mingliub.ttc', name='MingLiU-ExtB', style='normal', variant='normal', weight=400, stretch='normal', size='scalable')) = 10.335
2026-02-21 13:04:40,976 - matplotlib.font_manager - DEBUG - findfont: score(FontEntry(fname='C:\\Windows\\Fonts\\HGFS2_CNKI.TTF', name='HGFS2_CNKI', style='normal', variant='normal', weight=400, stretch='normal', size='scalable')) = 10.335
2026-02-21 13:04:40,976 - matplotlib.font_manager - DEBUG - findfont: score(FontEntry(fname='C:\\Windows\\Fonts\\timesbi.ttf', name='Times New Roman', style='italic', variant='normal', weight=700, stretch='normal', size='scalable')) = 11.05
2026-02-21 13:04:40,976 - matplotlib.font_manager - DEBUG - findfont: score(FontEntry(fname='C:\\Windows\\Fonts\\calibrii.ttf', name='Calibri', style='italic', variant='normal', weight=400, stretch='normal', size='scalable')) = 11.335
2026-02-21 13:04:40,977 - matplotlib.font_manager - DEBUG - findfont: score(FontEntry(fname='C:\\Windows\\Fonts\\seguisb.ttf', name='Segoe UI', style='normal', variant='normal', weight=600, stretch='normal', size='scalable')) = 10.145
2026-02-21 13:04:40,977 - matplotlib.font_manager - DEBUG - findfont: score(FontEntry(fname='C:\\Windows\\Fonts\\msjh.ttc', name='Microsoft JhengHei', style='normal', variant='normal', weight=400, stretch='normal', size='scalable')) = 10.335
2026-02-21 13:04:40,977 - matplotlib.font_manager - DEBUG - findfont: score(FontEntry(fname='C:\\Windows\\Fonts\\HGYT2_CNKI.ttf', name='HGYT2_CNKI', style='normal', variant='normal', weight=400, stretch='normal', size='scalable')) = 10.335
2026-02-21 13:04:40,977 - matplotlib.font_manager - DEBUG - findfont: score(FontEntry(fname='C:\\Windows\\Fonts\\simfang.ttf', name='FangSong', style='normal', variant='normal', weight=400, stretch='normal', size='scalable')) = 10.335
2026-02-21 13:04:40,977 - matplotlib.font_manager - DEBUG - findfont: score(FontEntry(fname='C:\\Windows\\Fonts\\HGF5X_CNKI.ttf', name='HGF5X_CNKI', style='normal', variant='normal', weight=400, stretch='normal', size='scalable')) = 10.335
2026-02-21 13:04:40,977 - matplotlib.font_manager - DEBUG - findfont: score(FontEntry(fname='C:\\Windows\\Fonts\\SIMYOU.TTF', name='YouYuan', style='normal', variant='normal', weight=400, stretch='normal', size='scalable')) = 10.335
2026-02-21 13:04:40,977 - matplotlib.font_manager - DEBUG - findfont: score(FontEntry(fname='C:\\Windows\\Fonts\\HGCH_CNKI.TTF', name='HGCH_CNKI', style='normal', variant='normal', weight=400, stretch='normal', size='scalable')) = 10.335
2026-02-21 13:04:40,977 - matplotlib.font_manager - DEBUG - findfont: score(FontEntry(fname='C:\\Windows\\Fonts\\ariblk.ttf', name='Arial', style='normal', variant='normal', weight=900, stretch='normal', size='scalable')) = 10.24
2026-02-21 13:04:40,977 - matplotlib.font_manager - DEBUG - findfont: score(FontEntry(fname='C:\\Windows\\Fonts\\HGXFZ_CNKI.ttf', name='HGXFZ_CNKI', style='normal', variant='normal', weight=400, stretch='normal', size='scalable')) = 10.335
2026-02-21 13:04:40,977 - matplotlib.font_manager - DEBUG - findfont: score(FontEntry(fname='C:\\Windows\\Fonts\\georgiaz.ttf', name='Georgia', style='italic', variant='normal', weight=700, stretch='normal', size='scalable')) = 11.05
2026-02-21 13:04:40,977 - matplotlib.font_manager - DEBUG - findfont: score(FontEntry(fname='C:\\Windows\\Fonts\\PRISTINA.TTF', name='Pristina', style='normal', variant='normal', weight=400, stretch='normal', size='scalable')) = 10.335
2026-02-21 13:04:40,977 - matplotlib.font_manager - DEBUG - findfont: score(FontEntry(fname='C:\\Windows\\Fonts\\BOOKOSI.TTF', name='Bookman Old Style', style='italic', variant='normal', weight=300, stretch='normal', size='scalable')) = 11.43
2026-02-21 13:04:40,977 - matplotlib.font_manager - DEBUG - findfont: score(FontEntry(fname='C:\\Windows\\Fonts\\HGXL_CNKI.TTF', name='HGXL_CNKI', style='normal', variant='normal', weight=400, stretch='normal', size='scalable')) = 10.335
2026-02-21 13:04:40,977 - matplotlib.font_manager - DEBUG - findfont: score(FontEntry(fname='C:\\Windows\\Fonts\\DUBAI-BOLD.TTF', name='Dubai', style='normal', variant='normal', weight=700, stretch='normal', size='scalable')) = 10.05
2026-02-21 13:04:40,977 - matplotlib.font_manager - DEBUG - findfont: score(FontEntry(fname='C:\\Windows\\Fonts\\HGCY_CNKI.TTF', name='HGCY_CNKI', style='normal', variant='normal', weight=400, stretch='normal', size='scalable')) = 10.335
2026-02-21 13:04:40,977 - matplotlib.font_manager - DEBUG - findfont: score(FontEntry(fname='D:\\SceneBuilder\\runtime\\jre\\lib\\fonts\\LucidaTypewriterRegular.ttf', name='Lucida Sans Typewriter', style='normal', variant='normal', weight=400, stretch='normal', size='scalable')) = 10.335
2026-02-21 13:04:40,977 - matplotlib.font_manager - DEBUG - findfont: score(FontEntry(fname='C:\\Windows\\Fonts\\ANTQUABI.TTF', name='Book Antiqua', style='italic', variant='normal', weight=700, stretch='normal', size='scalable')) = 11.05
2026-02-21 13:04:40,977 - matplotlib.font_manager - DEBUG - findfont: score(FontEntry(fname='C:\\Windows\\Fonts\\LeelUIsl.ttf', name='Leelawadee UI', style='normal', variant='normal', weight=350, stretch='normal', size='scalable')) = 10.3825
2026-02-21 13:04:40,977 - matplotlib.font_manager - DEBUG - findfont: score(FontEntry(fname='C:\\Windows\\Fonts\\HGBZ_CNKI.ttf', name='HGBZ_CNKI', style='normal', variant='normal', weight=400, stretch='normal', size='scalable')) = 10.335
2026-02-21 13:04:40,977 - matplotlib.font_manager - DEBUG - findfont: score(FontEntry(fname='C:\\Windows\\Fonts\\HGKT2_CNKI.TTF', name='HGKT2_CNKI', style='normal', variant='normal', weight=400, stretch='normal', size='scalable')) = 10.335
2026-02-21 13:04:40,977 - matplotlib.font_manager - DEBUG - findfont: score(FontEntry(fname='C:\\Windows\\Fonts\\corbelb.ttf', name='Corbel', style='normal', variant='normal', weight=700, stretch='normal', size='scalable')) = 10.05
2026-02-21 13:04:40,977 - matplotlib.font_manager - DEBUG - findfont: score(FontEntry(fname='C:\\Windows\\Fonts\\HGFSH_CNKI.TTF', name='HGFSH_CNKI', style='normal', variant='normal', weight=400, stretch='normal', size='scalable')) = 10.335
2026-02-21 13:04:40,977 - matplotlib.font_manager - DEBUG - findfont: score(FontEntry(fname='C:\\Windows\\Fonts\\palai.ttf', name='Palatino Linotype', style='italic', variant='normal', weight=400, stretch='normal', size='scalable')) = 11.335
2026-02-21 13:04:40,977 - matplotlib.font_manager - DEBUG - findfont: score(FontEntry(fname='C:\\Windows\\Fonts\\Dengl.ttf', name='DengXian', style='normal', variant='normal', weight=300, stretch='normal', size='scalable')) = 10.43
2026-02-21 13:04:40,977 - matplotlib.font_manager - DEBUG - findfont: score(FontEntry(fname='C:\\Windows\\Fonts\\mmrtextb.ttf', name='Myanmar Text', style='normal', variant='normal', weight=700, stretch='normal', size='scalable')) = 10.05
2026-02-21 13:04:40,977 - matplotlib.font_manager - DEBUG - findfont: score(FontEntry(fname='C:\\Windows\\Fonts\\FZSTK.TTF', name='FZShuTi', style='normal', variant='normal', weight=400, stretch='normal', size='scalable')) = 10.335
2026-02-21 13:04:40,977 - matplotlib.font_manager - DEBUG - findfont: score(FontEntry(fname='C:\\Windows\\Fonts\\ARIALNBI.TTF', name='Arial', style='italic', variant='normal', weight=700, stretch='condensed', size='scalable')) = 11.25
2026-02-21 13:04:40,977 - matplotlib.font_manager - DEBUG - findfont: score(FontEntry(fname='C:\\Windows\\Fonts\\HGH1_CNKI.ttf', name='HGH1_CNKI', style='normal', variant='normal', weight=400, stretch='normal', size='scalable')) = 10.335
2026-02-21 13:04:40,977 - matplotlib.font_manager - DEBUG - findfont: score(FontEntry(fname='C:\\Windows\\Fonts\\STCAIYUN.TTF', name='STCaiyun', style='normal', variant='normal', weight=400, stretch='normal', size='scalable')) = 10.335
2026-02-21 13:04:40,977 - matplotlib.font_manager - DEBUG - findfont: score(FontEntry(fname='C:\\Windows\\Fonts\\LeelawUI.ttf', name='Leelawadee UI', style='normal', variant='normal', weight=400, stretch='normal', size='scalable')) = 10.335
2026-02-21 13:04:40,977 - matplotlib.font_manager - DEBUG - findfont: score(FontEntry(fname='C:\\Windows\\Fonts\\PAPYRUS.TTF', name='Papyrus', style='normal', variant='normal', weight=400, stretch='normal', size='scalable')) = 10.335
2026-02-21 13:04:40,977 - matplotlib.font_manager - DEBUG - findfont: score(FontEntry(fname='C:\\Windows\\Fonts\\HGH2X_CNKI.ttf', name='HGH2X_CNKI', style='normal', variant='normal', weight=400, stretch='normal', size='scalable')) = 10.335
2026-02-21 13:04:40,977 - matplotlib.font_manager - DEBUG - findfont: score(FontEntry(fname='C:\\Windows\\Fonts\\CascadiaCode.ttf', name='Cascadia Code', style='normal', variant='normal', weight=400, stretch='normal', size='scalable')) = 10.335
2026-02-21 13:04:40,977 - matplotlib.font_manager - DEBUG - findfont: score(FontEntry(fname='C:\\Windows\\Fonts\\HGKY_CNKI.ttf', name='HGKY_CNKI', style='normal', variant='normal', weight=400, stretch='normal', size='scalable')) = 10.335
2026-02-21 13:04:40,977 - matplotlib.font_manager - DEBUG - findfont: score(FontEntry(fname='D:\\软件\\PDF\\acrobat PDF\\Resource\\Font\\AdobeDevanagari-BoldItalic.otf', name='Adobe Devanagari', style='italic', variant='normal', weight=700, stretch='normal', size='scalable')) = 11.05
2026-02-21 13:04:40,977 - matplotlib.font_manager - DEBUG - findfont: score(FontEntry(fname='C:\\Windows\\Fonts\\malgunbd.ttf', name='Malgun Gothic', style='normal', variant='normal', weight=700, stretch='normal', size='scalable')) = 10.05
2026-02-21 13:04:40,977 - matplotlib.font_manager - DEBUG - findfont: score(FontEntry(fname='C:\\Windows\\Fonts\\seguisbi.ttf', name='Segoe UI', style='italic', variant='normal', weight=600, stretch='normal', size='scalable')) = 11.145
2026-02-21 13:04:40,978 - matplotlib.font_manager - DEBUG - findfont: score(FontEntry(fname='C:\\Windows\\Fonts\\cambriab.ttf', name='Cambria', style='normal', variant='normal', weight=700, stretch='normal', size='scalable')) = 10.05
2026-02-21 13:04:40,978 - matplotlib.font_manager - DEBUG - findfont: score(FontEntry(fname='C:\\Windows\\Fonts\\framdit.ttf', name='Franklin Gothic Medium', style='italic', variant='normal', weight=400, stretch='normal', size='scalable')) = 11.335
2026-02-21 13:04:40,978 - matplotlib.font_manager - DEBUG - findfont: score(FontEntry(fname='C:\\Windows\\Fonts\\HGHP_CNKI.TTF', name='HGHP_CNKI', style='normal', variant='normal', weight=400, stretch='normal', size='scalable')) = 10.335
2026-02-21 13:04:40,978 - matplotlib.font_manager - DEBUG - findfont: score(FontEntry(fname='C:\\Windows\\Fonts\\micross.ttf', name='Microsoft Sans Serif', style='normal', variant='normal', weight=400, stretch='normal', size='scalable')) = 10.335
2026-02-21 13:04:40,978 - matplotlib.font_manager - DEBUG - findfont: score(FontEntry(fname='C:\\Windows\\Fonts\\HGXFX_CNKI.ttf', name='HGXFX_CNKI', style='normal', variant='normal', weight=400, stretch='normal', size='scalable')) = 10.335
2026-02-21 13:04:40,978 - matplotlib.font_manager - DEBUG - findfont: score(FontEntry(fname='C:\\Windows\\Fonts\\HGTX_CNKI.TTF', name='HGTX_CNKI', style='normal', variant='normal', weight=400, stretch='normal', size='scalable')) = 10.335
2026-02-21 13:04:40,978 - matplotlib.font_manager - DEBUG - findfont: score(FontEntry(fname='C:\\Windows\\Fonts\\taileb.ttf', name='Microsoft Tai Le', style='normal', variant='normal', weight=700, stretch='normal', size='scalable')) = 10.05
2026-02-21 13:04:40,978 - matplotlib.font_manager - DEBUG - findfont: score(FontEntry(fname='C:\\Windows\\Fonts\\YuGothR.ttc', name='Yu Gothic', style='normal', variant='normal', weight=400, stretch='normal', size='scalable')) = 10.335
2026-02-21 13:04:40,978 - matplotlib.font_manager - DEBUG - findfont: score(FontEntry(fname='C:\\Windows\\Fonts\\simsunb.ttf', name='SimSun-ExtB', style='normal', variant='normal', weight=400, stretch='normal', size='scalable')) = 10.335
2026-02-21 13:04:40,978 - matplotlib.font_manager - DEBUG - findfont: score(FontEntry(fname='C:\\Windows\\Fonts\\Candarai.ttf', name='Candara', style='italic', variant='normal', weight=400, stretch='normal', size='scalable')) = 11.335
2026-02-21 13:04:40,978 - matplotlib.font_manager - DEBUG - findfont: score(FontEntry(fname='C:\\Windows\\Fonts\\timesbd.ttf', name='Times New Roman', style='normal', variant='normal', weight=700, stretch='normal', size='scalable')) = 10.05
2026-02-21 13:04:40,978 - matplotlib.font_manager - DEBUG - findfont: score(FontEntry(fname='C:\\Windows\\Fonts\\HGB1X_CNKI.ttf', name='HGB1X_CNKI', style='normal', variant='normal', weight=400, stretch='normal', size='scalable')) = 10.335
2026-02-21 13:04:40,978 - matplotlib.font_manager - DEBUG - findfont: score(FontEntry(fname='C:\\Windows\\Fonts\\HGHT1_CNKI.ttf', name='HGHT1_CNKI', style='normal', variant='normal', weight=400, stretch='normal', size='scalable')) = 10.335
2026-02-21 13:04:40,978 - matplotlib.font_manager - DEBUG - findfont: score(FontEntry(fname='C:\\Windows\\Fonts\\msyhbd.ttc', name='Microsoft YaHei', style='normal', variant='normal', weight=700, stretch='normal', size='scalable')) = 3.383333333333333
2026-02-21 13:04:40,978 - matplotlib.font_manager - DEBUG - findfont: score(FontEntry(fname='C:\\Windows\\Fonts\\HGF1_CNKI.ttf', name='HGF1_CNKI', style='normal', variant='normal', weight=400, stretch='normal', size='scalable')) = 10.335
2026-02-21 13:04:40,978 - matplotlib.font_manager - DEBUG - findfont: score(FontEntry(fname='C:\\Windows\\Fonts\\monbaiti.ttf', name='Mongolian Baiti', style='normal', variant='normal', weight=400, stretch='normal', size='scalable')) = 10.335
2026-02-21 13:04:40,978 - matplotlib.font_manager - DEBUG - findfont: score(FontEntry(fname='C:\\Windows\\Fonts\\HGWYS_CNKI.TTF', name='HGWYS_CNKI', style='normal', variant='normal', weight=400, stretch='normal', size='scalable')) = 10.335
2026-02-21 13:04:40,978 - matplotlib.font_manager - DEBUG - findfont: score(FontEntry(fname='C:\\Windows\\Fonts\\HGNBS_CNKI.ttf', name='HGNBS_CNKI', style='normal', variant='normal', weight=400, stretch='normal', size='scalable')) = 10.335
2026-02-21 13:04:40,978 - matplotlib.font_manager - DEBUG - findfont: score(FontEntry(fname='C:\\Windows\\Fonts\\cour.ttf', name='Courier New', style='normal', variant='normal', weight=400, stretch='normal', size='scalable')) = 10.335
2026-02-21 13:04:40,978 - matplotlib.font_manager - DEBUG - findfont: score(FontEntry(fname='C:\\Windows\\Fonts\\calibrib.ttf', name='Calibri', style='normal', variant='normal', weight=700, stretch='normal', size='scalable')) = 10.05
2026-02-21 13:04:40,978 - matplotlib.font_manager - DEBUG - findfont: score(FontEntry(fname='C:\\Windows\\Fonts\\verdanaz.ttf', name='Verdana', style='italic', variant='normal', weight=700, stretch='normal', size='scalable')) = 11.05
2026-02-21 13:04:40,978 - matplotlib.font_manager - DEBUG - findfont: score(FontEntry(fname='C:\\Windows\\Fonts\\symbol.ttf', name='Symbol', style='normal', variant='normal', weight=400, stretch='normal', size='scalable')) = 10.335
2026-02-21 13:04:40,978 - matplotlib.font_manager - DEBUG - findfont: score(FontEntry(fname='C:\\Windows\\Fonts\\HGB8X_CNKI.ttf', name='HGB8X_CNKI', style='normal', variant='normal', weight=400, stretch='normal', size='scalable')) = 10.335
2026-02-21 13:04:40,978 - matplotlib.font_manager - DEBUG - findfont: score(FontEntry(fname='C:\\Windows\\Fonts\\LHANDW.TTF', name='Lucida Handwriting', style='italic', variant='normal', weight=400, stretch='normal', size='scalable')) = 11.335
2026-02-21 13:04:40,978 - matplotlib.font_manager - DEBUG - findfont: score(FontEntry(fname='C:\\Windows\\Fonts\\tahoma.ttf', name='Tahoma', style='normal', variant='normal', weight=400, stretch='normal', size='scalable')) = 10.335
2026-02-21 13:04:40,978 - matplotlib.font_manager - DEBUG - findfont: score(FontEntry(fname='C:\\Windows\\Fonts\\constanb.ttf', name='Constantia', style='normal', variant='normal', weight=700, stretch='normal', size='scalable')) = 10.05
2026-02-21 13:04:40,978 - matplotlib.font_manager - DEBUG - findfont: score(FontEntry(fname='C:\\Windows\\Fonts\\calibriz.ttf', name='Calibri', style='italic', variant='normal', weight=700, stretch='normal', size='scalable')) = 11.05
2026-02-21 13:04:40,978 - matplotlib.font_manager - DEBUG - findfont: score(FontEntry(fname='C:\\Windows\\Fonts\\HGYT_CNKI.TTF', name='HGYT_CNKI', style='normal', variant='normal', weight=400, stretch='normal', size='scalable')) = 10.335
2026-02-21 13:04:40,978 - matplotlib.font_manager - DEBUG - findfont: score(FontEntry(fname='C:\\Windows\\Fonts\\HGF2X_CNKI.ttf', name='HGF2X_CNKI', style='normal', variant='normal', weight=400, stretch='normal', size='scalable')) = 10.335
2026-02-21 13:04:40,978 - matplotlib.font_manager - DEBUG - findfont: score(FontEntry(fname='C:\\Windows\\Fonts\\HGSS2_CNKI.TTF', name='HGSS2_CNKI', style='normal', variant='normal', weight=400, stretch='normal', size='scalable')) = 10.335
2026-02-21 13:04:40,978 - matplotlib.font_manager - DEBUG - findfont: score(FontEntry(fname='C:\\Windows\\Fonts\\segoescb.ttf', name='Segoe Script', style='normal', variant='normal', weight=700, stretch='normal', size='scalable')) = 10.05
2026-02-21 13:04:40,978 - matplotlib.font_manager - DEBUG - findfont: score(FontEntry(fname='C:\\Windows\\Fonts\\verdana.ttf', name='Verdana', style='normal', variant='normal', weight=400, stretch='normal', size='scalable')) = 10.335
2026-02-21 13:04:40,978 - matplotlib.font_manager - DEBUG - findfont: score(FontEntry(fname='C:\\Windows\\Fonts\\HGY4_CNKI.TTF', name='HGY4_CNKI', style='normal', variant='normal', weight=400, stretch='normal', size='scalable')) = 10.335
2026-02-21 13:04:40,978 - matplotlib.font_manager - DEBUG - findfont: score(FontEntry(fname='C:\\Windows\\Fonts\\SIMLI.TTF', name='LiSu', style='normal', variant='normal', weight=400, stretch='normal', size='scalable')) = 10.335
2026-02-21 13:04:40,978 - matplotlib.font_manager - DEBUG - findfont: score(FontEntry(fname='C:\\Windows\\Fonts\\HGBD_CNKI.ttf', name='HGBD_CNKI', style='normal', variant='normal', weight=400, stretch='normal', size='scalable')) = 10.335
2026-02-21 13:04:40,978 - matplotlib.font_manager - DEBUG - findfont: score(FontEntry(fname='C:\\Windows\\Fonts\\HGBTS_CNKI.TTF', name='HGBTS_CNKI', style='normal', variant='normal', weight=400, stretch='normal', size='scalable')) = 10.335
2026-02-21 13:04:40,978 - matplotlib.font_manager - DEBUG - findfont: score(FontEntry(fname='C:\\Windows\\Fonts\\seguibl.ttf', name='Segoe UI', style='normal', variant='normal', weight=900, stretch='normal', size='scalable')) = 10.24
2026-02-21 13:04:40,978 - matplotlib.font_manager - DEBUG - findfont: score(FontEntry(fname='C:\\Windows\\Fonts\\webdings.ttf', name='Webdings', style='normal', variant='normal', weight=400, stretch='normal', size='scalable')) = 10.335
2026-02-21 13:04:40,978 - matplotlib.font_manager - DEBUG - findfont: score(FontEntry(fname='C:\\Windows\\Fonts\\SitkaVF.ttf', name='Sitka', style='normal', variant='normal', weight=400, stretch='normal', size='scalable')) = 10.335
2026-02-21 13:04:40,978 - matplotlib.font_manager - DEBUG - findfont: score(FontEntry(fname='C:\\Windows\\Fonts\\HGB4_CNKI.ttf', name='HGB4_CNKI', style='normal', variant='normal', weight=400, stretch='normal', size='scalable')) = 10.335
2026-02-21 13:04:40,979 - matplotlib.font_manager - DEBUG - findfont: score(FontEntry(fname='C:\\Windows\\Fonts\\segoeuib.ttf', name='Segoe UI', style='normal', variant='normal', weight=700, stretch='normal', size='scalable')) = 10.05
2026-02-21 13:04:40,979 - matplotlib.font_manager - DEBUG - findfont: score(FontEntry(fname='C:\\Windows\\Fonts\\pala.ttf', name='Palatino Linotype', style='normal', variant='normal', weight=400, stretch='normal', size='scalable')) = 10.335
2026-02-21 13:04:40,979 - matplotlib.font_manager - DEBUG - findfont: score(FontEntry(fname='C:\\Windows\\Fonts\\simkai.ttf', name='KaiTi', style='normal', variant='normal', weight=400, stretch='normal', size='scalable')) = 10.335
2026-02-21 13:04:40,979 - matplotlib.font_manager - DEBUG - findfont: score(FontEntry(fname='C:\\Windows\\Fonts\\HGHX_CNKI.ttf', name='HGHX_CNKI', style='normal', variant='normal', weight=400, stretch='normal', size='scalable')) = 10.335
2026-02-21 13:04:40,979 - matplotlib.font_manager - DEBUG - findfont: score(FontEntry(fname='C:\\Windows\\Fonts\\SitkaVF-Italic.ttf', name='Sitka', style='italic', variant='normal', weight=400, stretch='normal', size='scalable')) = 11.335
2026-02-21 13:04:40,979 - matplotlib.font_manager - DEBUG - findfont: score(FontEntry(fname='D:\\软件\\PDF\\acrobat PDF\\Resource\\Font\\AdobeDevanagari-Italic.otf', name='Adobe Devanagari', style='italic', variant='normal', weight=400, stretch='normal', size='scalable')) = 11.335
2026-02-21 13:04:40,979 - matplotlib.font_manager - DEBUG - findfont: score(FontEntry(fname='C:\\Windows\\Fonts\\himalaya.ttf', name='Microsoft Himalaya', style='normal', variant='normal', weight=400, stretch='normal', size='scalable')) = 10.335
2026-02-21 13:04:40,979 - matplotlib.font_manager - DEBUG - findfont: score(FontEntry(fname='C:\\Windows\\Fonts\\HGH6X_CNKI.ttf', name='HGH6X_CNKI', style='normal', variant='normal', weight=400, stretch='normal', size='scalable')) = 10.335
2026-02-21 13:04:40,979 - matplotlib.font_manager - DEBUG - findfont: score(FontEntry(fname='C:\\Windows\\Fonts\\HGHUATI_CNKI.ttf', name='HGHUATI_CNKI', style='normal', variant='normal', weight=400, stretch='normal', size='scalable')) = 10.335
2026-02-21 13:04:40,979 - matplotlib.font_manager - DEBUG - findfont: score(FontEntry(fname='C:\\Windows\\Fonts\\GOTHICI.TTF', name='Century Gothic', style='italic', variant='normal', weight=400, stretch='normal', size='scalable')) = 11.335
2026-02-21 13:04:40,979 - matplotlib.font_manager - DEBUG - findfont: score(FontEntry(fname='C:\\Windows\\Fonts\\HGBS1_CNKI.TTF', name='HGBS1_CNKI', style='normal', variant='normal', weight=400, stretch='normal', size='scalable')) = 10.335
2026-02-21 13:04:40,979 - matplotlib.font_manager - DEBUG - findfont: score(FontEntry(fname='C:\\Windows\\Fonts\\segoeui.ttf', name='Segoe UI', style='normal', variant='normal', weight=400, stretch='normal', size='scalable')) = 10.335
2026-02-21 13:04:40,979 - matplotlib.font_manager - DEBUG - findfont: score(FontEntry(fname='C:\\Windows\\Fonts\\GARAIT.TTF', name='Garamond', style='italic', variant='normal', weight=400, stretch='normal', size='scalable')) = 11.335
2026-02-21 13:04:40,979 - matplotlib.font_manager - DEBUG - findfont: score(FontEntry(fname='C:\\Windows\\Fonts\\seguisym.ttf', name='Segoe UI Symbol', style='normal', variant='normal', weight=400, stretch='normal', size='scalable')) = 10.335
2026-02-21 13:04:40,979 - matplotlib.font_manager - DEBUG - findfont: score(FontEntry(fname='C:\\Windows\\Fonts\\comicz.ttf', name='Comic Sans MS', style='italic', variant='normal', weight=700, stretch='normal', size='scalable')) = 11.05
2026-02-21 13:04:40,979 - matplotlib.font_manager - DEBUG - findfont: score(FontEntry(fname='C:\\Windows\\Fonts\\msjhbd.ttc', name='Microsoft JhengHei', style='normal', variant='normal', weight=700, stretch='normal', size='scalable')) = 10.05
2026-02-21 13:04:40,979 - matplotlib.font_manager - DEBUG - findfont: score(FontEntry(fname='C:\\Windows\\Fonts\\HGSXT_CNKI.ttf', name='HGSXT_CNKI', style='normal', variant='normal', weight=400, stretch='normal', size='scalable')) = 10.335
2026-02-21 13:04:40,979 - matplotlib.font_manager - DEBUG - findfont: score(FontEntry(fname='C:\\Windows\\Fonts\\Candara.ttf', name='Candara', style='normal', variant='normal', weight=400, stretch='normal', size='scalable')) = 10.335
2026-02-21 13:04:40,979 - matplotlib.font_manager - DEBUG - findfont: score(FontEntry(fname='C:\\Windows\\Fonts\\JUICE___.TTF', name='Juice ITC', style='normal', variant='normal', weight=400, stretch='normal', size='scalable')) = 10.335
2026-02-21 13:04:40,979 - matplotlib.font_manager - DEBUG - findfont: score(FontEntry(fname='C:\\Windows\\Fonts\\YuGothM.ttc', name='Yu Gothic', style='normal', variant='normal', weight=500, stretch='normal', size='scalable')) = 10.24
2026-02-21 13:04:40,979 - matplotlib.font_manager - DEBUG - findfont: score(FontEntry(fname='C:\\Windows\\Fonts\\impact.ttf', name='Impact', style='normal', variant='normal', weight=400, stretch='normal', size='scalable')) = 10.335
2026-02-21 13:04:40,979 - matplotlib.font_manager - DEBUG - findfont: score(FontEntry(fname='C:\\Windows\\Fonts\\HGF6X_CNKI.ttf', name='HGF6X_CNKI', style='normal', variant='normal', weight=400, stretch='normal', size='scalable')) = 10.335
2026-02-21 13:04:40,979 - matplotlib.font_manager - DEBUG - findfont: score(FontEntry(fname='C:\\Windows\\Fonts\\HGB5X_CNKI.ttf', name='HGB5X_CNKI', style='normal', variant='normal', weight=400, stretch='normal', size='scalable')) = 10.335
2026-02-21 13:04:40,979 - matplotlib.font_manager - DEBUG - findfont: Matching sans\-serif:style=normal:variant=normal:weight=bold:stretch=normal:size=16.0 to SimHei ('C:\\Windows\\Fonts\\simhei.ttf') with score of 0.335000.
2026-02-21 13:04:41,331 - matplotlib.font_manager - DEBUG - findfont: Matching sans\-serif:style=normal:variant=normal:weight=bold:stretch=normal:size=12.0.
2026-02-21 13:04:41,331 - matplotlib.font_manager - DEBUG - findfont: score(FontEntry(fname='D:\\anaconda\\Lib\\site-packages\\matplotlib\\mpl-data\\fonts\\ttf\\STIXSizOneSymReg.ttf', name='STIXSizeOneSym', style='normal', variant='normal', weight=400, stretch='normal', size='scalable')) = 10.335
2026-02-21 13:04:41,331 - matplotlib.font_manager - DEBUG - findfont: score(FontEntry(fname='D:\\anaconda\\Lib\\site-packages\\matplotlib\\mpl-data\\fonts\\ttf\\STIXSizTwoSymReg.ttf', name='STIXSizeTwoSym', style='normal', variant='normal', weight=400, stretch='normal', size='scalable')) = 10.335
2026-02-21 13:04:41,331 - matplotlib.font_manager - DEBUG - findfont: score(FontEntry(fname='D:\\anaconda\\Lib\\site-packages\\matplotlib\\mpl-data\\fonts\\ttf\\DejaVuSerifDisplay.ttf', name='DejaVu Serif Display', style='normal', variant='normal', weight=400, stretch='normal', size='scalable')) = 10.335
2026-02-21 13:04:41,331 - matplotlib.font_manager - DEBUG - findfont: score(FontEntry(fname='D:\\anaconda\\Lib\\site-packages\\matplotlib\\mpl-data\\fonts\\ttf\\cmr10.ttf', name='cmr10', style='normal', variant='normal', weight=400, stretch='normal', size='scalable')) = 10.335
2026-02-21 13:04:41,331 - matplotlib.font_manager - DEBUG - findfont: score(FontEntry(fname='D:\\anaconda\\Lib\\site-packages\\matplotlib\\mpl-data\\fonts\\ttf\\DejaVuSerif-Italic.ttf', name='DejaVu Serif', style='italic', variant='normal', weight=400, stretch='normal', size='scalable')) = 11.335
2026-02-21 13:04:41,331 - matplotlib.font_manager - DEBUG - findfont: score(FontEntry(fname='D:\\anaconda\\Lib\\site-packages\\matplotlib\\mpl-data\\fonts\\ttf\\cmsy10.ttf', name='cmsy10', style='normal', variant='normal', weight=400, stretch='normal', size='scalable')) = 10.335
2026-02-21 13:04:41,331 - matplotlib.font_manager - DEBUG - findfont: score(FontEntry(fname='D:\\anaconda\\Lib\\site-packages\\matplotlib\\mpl-data\\fonts\\ttf\\DejaVuSansMono-Oblique.ttf', name='DejaVu Sans Mono', style='oblique', variant='normal', weight=400, stretch='normal', size='scalable')) = 11.335
2026-02-21 13:04:41,331 - matplotlib.font_manager - DEBUG - findfont: score(FontEntry(fname='D:\\anaconda\\Lib\\site-packages\\matplotlib\\mpl-data\\fonts\\ttf\\STIXGeneralBolIta.ttf', name='STIXGeneral', style='italic', variant='normal', weight=700, stretch='normal', size='scalable')) = 11.05
2026-02-21 13:04:41,331 - matplotlib.font_manager - DEBUG - findfont: score(FontEntry(fname='D:\\anaconda\\Lib\\site-packages\\matplotlib\\mpl-data\\fonts\\ttf\\STIXNonUni.ttf', name='STIXNonUnicode', style='normal', variant='normal', weight=400, stretch='normal', size='scalable')) = 10.335
2026-02-21 13:04:41,331 - matplotlib.font_manager - DEBUG - findfont: score(FontEntry(fname='D:\\anaconda\\Lib\\site-packages\\matplotlib\\mpl-data\\fonts\\ttf\\STIXGeneralItalic.ttf', name='STIXGeneral', style='italic', variant='normal', weight=400, stretch='normal', size='scalable')) = 11.335
2026-02-21 13:04:41,331 - matplotlib.font_manager - DEBUG - findfont: score(FontEntry(fname='D:\\anaconda\\Lib\\site-packages\\matplotlib\\mpl-data\\fonts\\ttf\\DejaVuSerif-BoldItalic.ttf', name='DejaVu Serif', style='italic', variant='normal', weight=700, stretch='normal', size='scalable')) = 11.05
2026-02-21 13:04:41,331 - matplotlib.font_manager - DEBUG - findfont: score(FontEntry(fname='D:\\anaconda\\Lib\\site-packages\\matplotlib\\mpl-data\\fonts\\ttf\\DejaVuSansMono-Bold.ttf', name='DejaVu Sans Mono', style='normal', variant='normal', weight=700, stretch='normal', size='scalable')) = 10.05
2026-02-21 13:04:41,332 - matplotlib.font_manager - DEBUG - findfont: score(FontEntry(fname='D:\\anaconda\\Lib\\site-packages\\matplotlib\\mpl-data\\fonts\\ttf\\STIXNonUniBolIta.ttf', name='STIXNonUnicode', style='italic', variant='normal', weight=700, stretch='normal', size='scalable')) = 11.05
2026-02-21 13:04:41,332 - matplotlib.font_manager - DEBUG - findfont: score(FontEntry(fname='D:\\anaconda\\Lib\\site-packages\\matplotlib\\mpl-data\\fonts\\ttf\\DejaVuSans-BoldOblique.ttf', name='DejaVu Sans', style='oblique', variant='normal', weight=700, stretch='normal', size='scalable')) = 7.716666666666666
2026-02-21 13:04:41,332 - matplotlib.font_manager - DEBUG - findfont: score(FontEntry(fname='D:\\anaconda\\Lib\\site-packages\\matplotlib\\mpl-data\\fonts\\ttf\\STIXSizOneSymBol.ttf', name='STIXSizeOneSym', style='normal', variant='normal', weight=700, stretch='normal', size='scalable')) = 10.05
2026-02-21 13:04:41,332 - matplotlib.font_manager - DEBUG - findfont: score(FontEntry(fname='D:\\anaconda\\Lib\\site-packages\\matplotlib\\mpl-data\\fonts\\ttf\\DejaVuSerif.ttf', name='DejaVu Serif', style='normal', variant='normal', weight=400, stretch='normal', size='scalable')) = 10.335
2026-02-21 13:04:41,332 - matplotlib.font_manager - DEBUG - findfont: score(FontEntry(fname='D:\\anaconda\\Lib\\site-packages\\matplotlib\\mpl-data\\fonts\\ttf\\STIXSizFourSymReg.ttf', name='STIXSizeFourSym', style='normal', variant='normal', weight=400, stretch='normal', size='scalable')) = 10.335
2026-02-21 13:04:41,332 - matplotlib.font_manager - DEBUG - findfont: score(FontEntry(fname='D:\\anaconda\\Lib\\site-packages\\matplotlib\\mpl-data\\fonts\\ttf\\STIXSizThreeSymBol.ttf', name='STIXSizeThreeSym', style='normal', variant='normal', weight=700, stretch='normal', size='scalable')) = 10.05
2026-02-21 13:04:41,332 - matplotlib.font_manager - DEBUG - findfont: score(FontEntry(fname='D:\\anaconda\\Lib\\site-packages\\matplotlib\\mpl-data\\fonts\\ttf\\DejaVuSansMono.ttf', name='DejaVu Sans Mono', style='normal', variant='normal', weight=400, stretch='normal', size='scalable')) = 10.335
2026-02-21 13:04:41,332 - matplotlib.font_manager - DEBUG - findfont: score(FontEntry(fname='D:\\anaconda\\Lib\\site-packages\\matplotlib\\mpl-data\\fonts\\ttf\\cmss10.ttf', name='cmss10', style='normal', variant='normal', weight=400, stretch='normal', size='scalable')) = 10.335
2026-02-21 13:04:41,332 - matplotlib.font_manager - DEBUG - findfont: score(FontEntry(fname='D:\\anaconda\\Lib\\site-packages\\matplotlib\\mpl-data\\fonts\\ttf\\cmmi10.ttf', name='cmmi10', style='normal', variant='normal', weight=400, stretch='normal', size='scalable')) = 10.335
2026-02-21 13:04:41,332 - matplotlib.font_manager - DEBUG - findfont: score(FontEntry(fname='D:\\anaconda\\Lib\\site-packages\\matplotlib\\mpl-data\\fonts\\ttf\\STIXSizThreeSymReg.ttf', name='STIXSizeThreeSym', style='normal', variant='normal', weight=400, stretch='normal', size='scalable')) = 10.335
2026-02-21 13:04:41,332 - matplotlib.font_manager - DEBUG - findfont: score(FontEntry(fname='D:\\anaconda\\Lib\\site-packages\\matplotlib\\mpl-data\\fonts\\ttf\\STIXGeneral.ttf', name='STIXGeneral', style='normal', variant='normal', weight=400, stretch='normal', size='scalable')) = 10.335
2026-02-21 13:04:41,332 - matplotlib.font_manager - DEBUG - findfont: score(FontEntry(fname='D:\\anaconda\\Lib\\site-packages\\matplotlib\\mpl-data\\fonts\\ttf\\DejaVuSans-Oblique.ttf', name='DejaVu Sans', style='oblique', variant='normal', weight=400, stretch='normal', size='scalable')) = 8.001666666666665
2026-02-21 13:04:41,332 - matplotlib.font_manager - DEBUG - findfont: score(FontEntry(fname='D:\\anaconda\\Lib\\site-packages\\matplotlib\\mpl-data\\fonts\\ttf\\STIXGeneralBol.ttf', name='STIXGeneral', style='normal', variant='normal', weight=700, stretch='normal', size='scalable')) = 10.05
2026-02-21 13:04:41,332 - matplotlib.font_manager - DEBUG - findfont: score(FontEntry(fname='D:\\anaconda\\Lib\\site-packages\\matplotlib\\mpl-data\\fonts\\ttf\\DejaVuSans-Bold.ttf', name='DejaVu Sans', style='normal', variant='normal', weight=700, stretch='normal', size='scalable')) = 6.716666666666666
2026-02-21 13:04:41,332 - matplotlib.font_manager - DEBUG - findfont: score(FontEntry(fname='D:\\anaconda\\Lib\\site-packages\\matplotlib\\mpl-data\\fonts\\ttf\\cmtt10.ttf', name='cmtt10', style='normal', variant='normal', weight=400, stretch='normal', size='scalable')) = 10.335
2026-02-21 13:04:41,332 - matplotlib.font_manager - DEBUG - findfont: score(FontEntry(fname='D:\\anaconda\\Lib\\site-packages\\matplotlib\\mpl-data\\fonts\\ttf\\cmb10.ttf', name='cmb10', style='normal', variant='normal', weight=400, stretch='normal', size='scalable')) = 10.335
2026-02-21 13:04:41,332 - matplotlib.font_manager - DEBUG - findfont: score(FontEntry(fname='D:\\anaconda\\Lib\\site-packages\\matplotlib\\mpl-data\\fonts\\ttf\\STIXSizTwoSymBol.ttf', name='STIXSizeTwoSym', style='normal', variant='normal', weight=700, stretch='normal', size='scalable')) = 10.05
2026-02-21 13:04:41,332 - matplotlib.font_manager - DEBUG - findfont: score(FontEntry(fname='D:\\anaconda\\Lib\\site-packages\\matplotlib\\mpl-data\\fonts\\ttf\\STIXNonUniIta.ttf', name='STIXNonUnicode', style='italic', variant='normal', weight=400, stretch='normal', size='scalable')) = 11.335
2026-02-21 13:04:41,332 - matplotlib.font_manager - DEBUG - findfont: score(FontEntry(fname='D:\\anaconda\\Lib\\site-packages\\matplotlib\\mpl-data\\fonts\\ttf\\STIXSizFourSymBol.ttf', name='STIXSizeFourSym', style='normal', variant='normal', weight=700, stretch='normal', size='scalable')) = 10.05
2026-02-21 13:04:41,332 - matplotlib.font_manager - DEBUG - findfont: score(FontEntry(fname='D:\\anaconda\\Lib\\site-packages\\matplotlib\\mpl-data\\fonts\\ttf\\DejaVuSansMono-BoldOblique.ttf', name='DejaVu Sans Mono', style='oblique', variant='normal', weight=700, stretch='normal', size='scalable')) = 11.05
2026-02-21 13:04:41,332 - matplotlib.font_manager - DEBUG - findfont: score(FontEntry(fname='D:\\anaconda\\Lib\\site-packages\\matplotlib\\mpl-data\\fonts\\ttf\\STIXSizFiveSymReg.ttf', name='STIXSizeFiveSym', style='normal', variant='normal', weight=400, stretch='normal', size='scalable')) = 10.335
2026-02-21 13:04:41,332 - matplotlib.font_manager - DEBUG - findfont: score(FontEntry(fname='D:\\anaconda\\Lib\\site-packages\\matplotlib\\mpl-data\\fonts\\ttf\\cmex10.ttf', name='cmex10', style='normal', variant='normal', weight=400, stretch='normal', size='scalable')) = 10.335
2026-02-21 13:04:41,332 - matplotlib.font_manager - DEBUG - findfont: score(FontEntry(fname='D:\\anaconda\\Lib\\site-packages\\matplotlib\\mpl-data\\fonts\\ttf\\DejaVuSansDisplay.ttf', name='DejaVu Sans Display', style='normal', variant='normal', weight=400, stretch='normal', size='scalable')) = 10.335
2026-02-21 13:04:41,332 - matplotlib.font_manager - DEBUG - findfont: score(FontEntry(fname='D:\\anaconda\\Lib\\site-packages\\matplotlib\\mpl-data\\fonts\\ttf\\DejaVuSans.ttf', name='DejaVu Sans', style='normal', variant='normal', weight=400, stretch='normal', size='scalable')) = 7.001666666666666
2026-02-21 13:04:41,332 - matplotlib.font_manager - DEBUG - findfont: score(FontEntry(fname='D:\\anaconda\\Lib\\site-packages\\matplotlib\\mpl-data\\fonts\\ttf\\DejaVuSerif-Bold.ttf', name='DejaVu Serif', style='normal', variant='normal', weight=700, stretch='normal', size='scalable')) = 10.05
2026-02-21 13:04:41,332 - matplotlib.font_manager - DEBUG - findfont: score(FontEntry(fname='D:\\anaconda\\Lib\\site-packages\\matplotlib\\mpl-data\\fonts\\ttf\\STIXNonUniBol.ttf', name='STIXNonUnicode', style='normal', variant='normal', weight=700, stretch='normal', size='scalable')) = 10.05
2026-02-21 13:04:41,332 - matplotlib.font_manager - DEBUG - findfont: score(FontEntry(fname='C:\\Windows\\Fonts\\lucon.ttf', name='Lucida Console', style='normal', variant='normal', weight=400, stretch='normal', size='scalable')) = 10.335
2026-02-21 13:04:41,332 - matplotlib.font_manager - DEBUG - findfont: score(FontEntry(fname='C:\\Windows\\Fonts\\HGYT1_CNKI.ttf', name='HGYT1_CNKI', style='normal', variant='normal', weight=400, stretch='normal', size='scalable')) = 10.335
2026-02-21 13:04:41,332 - matplotlib.font_manager - DEBUG - findfont: score(FontEntry(fname='C:\\Windows\\Fonts\\HGB3X_CNKI.ttf', name='HGB3X_CNKI', style='normal', variant='normal', weight=400, stretch='normal', size='scalable')) = 10.335
2026-02-21 13:04:41,332 - matplotlib.font_manager - DEBUG - findfont: score(FontEntry(fname='C:\\Windows\\Fonts\\STKAITI.TTF', name='STKaiti', style='normal', variant='normal', weight=400, stretch='normal', size='scalable')) = 10.335
2026-02-21 13:04:41,332 - matplotlib.font_manager - DEBUG - findfont: score(FontEntry(fname='C:\\Windows\\Fonts\\palab.ttf', name='Palatino Linotype', style='normal', variant='normal', weight=700, stretch='normal', size='scalable')) = 10.05
2026-02-21 13:04:41,332 - matplotlib.font_manager - DEBUG - findfont: score(FontEntry(fname='C:\\Windows\\Fonts\\segoeuiz.ttf', name='Segoe UI', style='italic', variant='normal', weight=700, stretch='normal', size='scalable')) = 11.05
2026-02-21 13:04:41,332 - matplotlib.font_manager - DEBUG - findfont: score(FontEntry(fname='C:\\Windows\\Fonts\\phagspa.ttf', name='Microsoft PhagsPa', style='normal', variant='normal', weight=400, stretch='normal', size='scalable')) = 10.335
2026-02-21 13:04:41,333 - matplotlib.font_manager - DEBUG - findfont: score(FontEntry(fname='C:\\Windows\\Fonts\\DUBAI-MEDIUM.TTF', name='Dubai', style='normal', variant='normal', weight=500, stretch='normal', size='scalable')) = 10.24
2026-02-21 13:04:41,333 - matplotlib.font_manager - DEBUG - findfont: score(FontEntry(fname='C:\\Windows\\Fonts\\HGHB_CNKI.TTF', name='HGHB_CNKI', style='normal', variant='normal', weight=400, stretch='normal', size='scalable')) = 10.335
2026-02-21 13:04:41,333 - matplotlib.font_manager - DEBUG - findfont: score(FontEntry(fname='C:\\Windows\\Fonts\\MISTRAL.TTF', name='Mistral', style='normal', variant='normal', weight=400, stretch='normal', size='scalable')) = 10.335
2026-02-21 13:04:41,333 - matplotlib.font_manager - DEBUG - findfont: score(FontEntry(fname='C:\\Windows\\Fonts\\FZYTK.TTF', name='FZYaoTi', style='normal', variant='normal', weight=400, stretch='normal', size='scalable')) = 10.335
2026-02-21 13:04:41,333 - matplotlib.font_manager - DEBUG - findfont: score(FontEntry(fname='C:\\Windows\\Fonts\\FREESCPT.TTF', name='Freestyle Script', style='normal', variant='normal', weight=400, stretch='normal', size='scalable')) = 10.335
2026-02-21 13:04:41,333 - matplotlib.font_manager - DEBUG - findfont: score(FontEntry(fname='C:\\Windows\\Fonts\\HGH_CNKI.TTF', name='HGHT_CNKI', style='normal', variant='normal', weight=400, stretch='normal', size='scalable')) = 10.335
2026-02-21 13:04:41,333 - matplotlib.font_manager - DEBUG - findfont: score(FontEntry(fname='C:\\Windows\\Fonts\\ARIALN.TTF', name='Arial', style='normal', variant='normal', weight=400, stretch='condensed', size='scalable')) = 10.535
2026-02-21 13:04:41,333 - matplotlib.font_manager - DEBUG - findfont: score(FontEntry(fname='D:\\软件\\PDF\\acrobat PDF\\Resource\\Font\\AdobeDevanagari-Regular.otf', name='Adobe Devanagari', style='normal', variant='normal', weight=400, stretch='normal', size='scalable')) = 10.335
2026-02-21 13:04:41,333 - matplotlib.font_manager - DEBUG - findfont: score(FontEntry(fname='C:\\Windows\\Fonts\\HGYX_CNKI.TTF', name='HGYX_CNKI', style='normal', variant='normal', weight=400, stretch='normal', size='scalable')) = 10.335
2026-02-21 13:04:41,333 - matplotlib.font_manager - DEBUG - findfont: score(FontEntry(fname='C:\\Windows\\Fonts\\HGH6_CNKI.ttf', name='HGH6_CNKI', style='normal', variant='normal', weight=400, stretch='normal', size='scalable')) = 10.335
2026-02-21 13:04:41,333 - matplotlib.font_manager - DEBUG - findfont: score(FontEntry(fname='C:\\Windows\\Fonts\\DUBAI-REGULAR.TTF', name='Dubai', style='normal', variant='normal', weight=400, stretch='normal', size='scalable')) = 10.335
2026-02-21 13:04:41,333 - matplotlib.font_manager - DEBUG - findfont: score(FontEntry(fname='D:\\软件\\PDF\\acrobat PDF\\Resource\\Font\\AdobeDevanagari-Bold.otf', name='Adobe Devanagari', style='normal', variant='normal', weight=700, stretch='normal', size='scalable')) = 10.05
2026-02-21 13:04:41,333 - matplotlib.font_manager - DEBUG - findfont: score(FontEntry(fname='C:\\Windows\\Fonts\\HarmonyOS_Sans_SC_Bold.ttf', name='HarmonyOS Sans SC', style='normal', variant='normal', weight=700, stretch='normal', size='scalable')) = 10.05
2026-02-21 13:04:41,333 - matplotlib.font_manager - DEBUG - findfont: score(FontEntry(fname='C:\\Windows\\Fonts\\HGDBS_CNKI.TTF', name='HGDBS_CNKI', style='normal', variant='normal', weight=400, stretch='normal', size='scalable')) = 10.335
2026-02-21 13:04:41,333 - matplotlib.font_manager - DEBUG - findfont: score(FontEntry(fname='C:\\Windows\\Fonts\\segmdl2.ttf', name='Segoe MDL2 Assets', style='normal', variant='normal', weight=400, stretch='normal', size='scalable')) = 10.335
2026-02-21 13:04:41,333 - matplotlib.font_manager - DEBUG - findfont: score(FontEntry(fname='C:\\Windows\\Fonts\\STXIHEI.TTF', name='STXihei', style='normal', variant='normal', weight=400, stretch='normal', size='scalable')) = 10.335
2026-02-21 13:04:41,333 - matplotlib.font_manager - DEBUG - findfont: score(FontEntry(fname='C:\\Windows\\Fonts\\NirmalaB.ttf', name='Nirmala UI', style='normal', variant='normal', weight=700, stretch='normal', size='scalable')) = 10.05
2026-02-21 13:04:41,333 - matplotlib.font_manager - DEBUG - findfont: score(FontEntry(fname='C:\\Windows\\Fonts\\Deng.ttf', name='DengXian', style='normal', variant='normal', weight=400, stretch='normal', size='scalable')) = 10.335
2026-02-21 13:04:41,333 - matplotlib.font_manager - DEBUG - findfont: score(FontEntry(fname='C:\\Windows\\Fonts\\HGBKH_CNKI.ttf', name='HGBKH_CNKI', style='normal', variant='normal', weight=400, stretch='normal', size='scalable')) = 10.335
2026-02-21 13:04:41,333 - matplotlib.font_manager - DEBUG - findfont: score(FontEntry(fname='C:\\Windows\\Fonts\\comicbd.ttf', name='Comic Sans MS', style='normal', variant='normal', weight=700, stretch='normal', size='scalable')) = 10.05
2026-02-21 13:04:41,333 - matplotlib.font_manager - DEBUG - findfont: score(FontEntry(fname='C:\\Windows\\Fonts\\segoepr.ttf', name='Segoe Print', style='normal', variant='normal', weight=400, stretch='normal', size='scalable')) = 10.335
2026-02-21 13:04:41,334 - matplotlib.font_manager - DEBUG - findfont: score(FontEntry(fname='C:\\Windows\\Fonts\\HGDH2_CNKI.TTF', name='HGDH2_CNKI', style='normal', variant='normal', weight=400, stretch='normal', size='scalable')) = 10.335
2026-02-21 13:04:41,334 - matplotlib.font_manager - DEBUG - findfont: score(FontEntry(fname='C:\\Windows\\Fonts\\HGBKHX_CNKI.ttf', name='HGBKHX_CNKI', style='normal', variant='normal', weight=400, stretch='normal', size='scalable')) = 10.335
2026-02-21 13:04:41,334 - matplotlib.font_manager - DEBUG - findfont: score(FontEntry(fname='C:\\Windows\\Fonts\\HGXH_CNKI.TTF', name='HGXH_CNKI', style='normal', variant='normal', weight=400, stretch='normal', size='scalable')) = 10.335
2026-02-21 13:04:41,334 - matplotlib.font_manager - DEBUG - findfont: score(FontEntry(fname='C:\\Windows\\Fonts\\courbd.ttf', name='Courier New', style='normal', variant='normal', weight=700, stretch='normal', size='scalable')) = 10.05
2026-02-21 13:04:41,334 - matplotlib.font_manager - DEBUG - findfont: score(FontEntry(fname='C:\\Windows\\Fonts\\l_10646.ttf', name='Lucida Sans Unicode', style='normal', variant='normal', weight=400, stretch='normal', size='scalable')) = 10.335
2026-02-21 13:04:41,334 - matplotlib.font_manager - DEBUG - findfont: score(FontEntry(fname='C:\\Windows\\Fonts\\corbelli.ttf', name='Corbel', style='italic', variant='normal', weight=300, stretch='normal', size='scalable')) = 11.43
2026-02-21 13:04:41,334 - matplotlib.font_manager - DEBUG - findfont: score(FontEntry(fname='C:\\Windows\\Fonts\\HGBTH_CNKI.TTF', name='HGBTH_CNKI', style='normal', variant='normal', weight=400, stretch='normal', size='scalable')) = 10.335
2026-02-21 13:04:41,334 - matplotlib.font_manager - DEBUG - findfont: score(FontEntry(fname='C:\\Windows\\Fonts\\HGB3_CNKI.ttf', name='HGB3_CNKI', style='normal', variant='normal', weight=400, stretch='normal', size='scalable')) = 10.335
2026-02-21 13:04:41,334 - matplotlib.font_manager - DEBUG - findfont: score(FontEntry(fname='C:\\Windows\\Fonts\\HGXK_CNKI.TTF', name='HGXK_CNKI', style='normal', variant='normal', weight=400, stretch='normal', size='scalable')) = 10.335
2026-02-21 13:04:41,334 - matplotlib.font_manager - DEBUG - findfont: score(FontEntry(fname='C:\\Windows\\Fonts\\HGLB_CNKI.TTF', name='HGLB_CNKI', style='normal', variant='normal', weight=400, stretch='normal', size='scalable')) = 10.335
2026-02-21 13:04:41,334 - matplotlib.font_manager - DEBUG - findfont: score(FontEntry(fname='C:\\Windows\\Fonts\\FRSCRIPT.TTF', name='French Script MT', style='normal', variant='normal', weight=400, stretch='normal', size='scalable')) = 10.335
2026-02-21 13:04:41,334 - matplotlib.font_manager - DEBUG - findfont: score(FontEntry(fname='C:\\Windows\\Fonts\\SegoeIcons.ttf', name='Segoe Fluent Icons', style='normal', variant='normal', weight=400, stretch='normal', size='scalable')) = 10.335
2026-02-21 13:04:41,334 - matplotlib.font_manager - DEBUG - findfont: score(FontEntry(fname='D:\\SceneBuilder\\runtime\\jre\\lib\\fonts\\LucidaSansRegular.ttf', name='Lucida Sans', style='normal', variant='normal', weight=400, stretch='normal', size='scalable')) = 10.335
2026-02-21 13:04:41,334 - matplotlib.font_manager - DEBUG - findfont: score(FontEntry(fname='C:\\Windows\\Fonts\\corbell.ttf', name='Corbel', style='normal', variant='normal', weight=300, stretch='normal', size='scalable')) = 10.43
2026-02-21 13:04:41,334 - matplotlib.font_manager - DEBUG - findfont: score(FontEntry(fname='C:\\Windows\\Fonts\\corbelz.ttf', name='Corbel', style='italic', variant='normal', weight=700, stretch='normal', size='scalable')) = 11.05
2026-02-21 13:04:41,334 - matplotlib.font_manager - DEBUG - findfont: score(FontEntry(fname='C:\\Windows\\Fonts\\constan.ttf', name='Constantia', style='normal', variant='normal', weight=400, stretch='normal', size='scalable')) = 10.335
2026-02-21 13:04:41,334 - matplotlib.font_manager - DEBUG - findfont: score(FontEntry(fname='C:\\Windows\\Fonts\\couri.ttf', name='Courier New', style='italic', variant='normal', weight=400, stretch='normal', size='scalable')) = 11.335
2026-02-21 13:04:41,334 - matplotlib.font_manager - DEBUG - findfont: score(FontEntry(fname='C:\\Windows\\Fonts\\DUBAI-LIGHT.TTF', name='Dubai', style='normal', variant='normal', weight=300, stretch='normal', size='scalable')) = 10.43
2026-02-21 13:04:41,334 - matplotlib.font_manager - DEBUG - findfont: score(FontEntry(fname='C:\\Windows\\Fonts\\HGHD_CNKI.ttf', name='HGHD_CNKI', style='normal', variant='normal', weight=400, stretch='normal', size='scalable')) = 10.335
2026-02-21 13:04:41,334 - matplotlib.font_manager - DEBUG - findfont: score(FontEntry(fname='C:\\Windows\\Fonts\\HGB5_CNKI.ttf', name='HGB5_CNKI', style='normal', variant='normal', weight=400, stretch='normal', size='scalable')) = 10.335
2026-02-21 13:04:41,334 - matplotlib.font_manager - DEBUG - findfont: score(FontEntry(fname='C:\\Windows\\Fonts\\ANTQUAI.TTF', name='Book Antiqua', style='italic', variant='normal', weight=400, stretch='normal', size='scalable')) = 11.335
2026-02-21 13:04:41,334 - matplotlib.font_manager - DEBUG - findfont: score(FontEntry(fname='C:\\Windows\\Fonts\\ntailub.ttf', name='Microsoft New Tai Lue', style='normal', variant='normal', weight=700, stretch='normal', size='scalable')) = 10.05
2026-02-21 13:04:41,334 - matplotlib.font_manager - DEBUG - findfont: score(FontEntry(fname='C:\\Windows\\Fonts\\arialbd.ttf', name='Arial', style='normal', variant='normal', weight=700, stretch='normal', size='scalable')) = 10.05
2026-02-21 13:04:41,334 - matplotlib.font_manager - DEBUG - findfont: score(FontEntry(fname='C:\\Windows\\Fonts\\HGFS1_CNKI.TTF', name='HGFS1_CNKI', style='normal', variant='normal', weight=400, stretch='normal', size='scalable')) = 10.335
2026-02-21 13:04:41,334 - matplotlib.font_manager - DEBUG - findfont: score(FontEntry(fname='C:\\Windows\\Fonts\\HGBX_CNKI.ttf', name='HGBX_CNKI', style='normal', variant='normal', weight=400, stretch='normal', size='scalable')) = 10.335
2026-02-21 13:04:41,334 - matplotlib.font_manager - DEBUG - findfont: score(FontEntry(fname='C:\\Windows\\Fonts\\GARA.TTF', name='Garamond', style='normal', variant='normal', weight=400, stretch='normal', size='scalable')) = 10.335
2026-02-21 13:04:41,334 - matplotlib.font_manager - DEBUG - findfont: score(FontEntry(fname='C:\\Windows\\Fonts\\HGTT_CNKI.ttf', name='HGTT_CNKI', style='normal', variant='normal', weight=400, stretch='normal', size='scalable')) = 10.335
2026-02-21 13:04:41,334 - matplotlib.font_manager - DEBUG - findfont: score(FontEntry(fname='C:\\Windows\\Fonts\\HGFZ_CNKI.ttf', name='HGFZ_CNKI', style='normal', variant='normal', weight=400, stretch='normal', size='scalable')) = 10.335
2026-02-21 13:04:41,334 - matplotlib.font_manager - DEBUG - findfont: score(FontEntry(fname='C:\\Windows\\Fonts\\NirmalaS.ttf', name='Nirmala UI', style='normal', variant='normal', weight=350, stretch='normal', size='scalable')) = 10.3825
2026-02-21 13:04:41,334 - matplotlib.font_manager - DEBUG - findfont: score(FontEntry(fname='C:\\Windows\\Fonts\\verdanai.ttf', name='Verdana', style='italic', variant='normal', weight=400, stretch='normal', size='scalable')) = 11.335
2026-02-21 13:04:41,334 - matplotlib.font_manager - DEBUG - findfont: score(FontEntry(fname='C:\\Windows\\Fonts\\HGH2_CNKI.ttf', name='HGH2_CNKI', style='normal', variant='normal', weight=400, stretch='normal', size='scalable')) = 10.335
2026-02-21 13:04:41,334 - matplotlib.font_manager - DEBUG - findfont: score(FontEntry(fname='C:\\Windows\\Fonts\\segoeuii.ttf', name='Segoe UI', style='italic', variant='normal', weight=400, stretch='normal', size='scalable')) = 11.335
2026-02-21 13:04:41,334 - matplotlib.font_manager - DEBUG - findfont: score(FontEntry(fname='C:\\Windows\\Fonts\\HGB2X_CNKI.ttf', name='HGB2X_CNKI', style='normal', variant='normal', weight=400, stretch='normal', size='scalable')) = 10.335
2026-02-21 13:04:41,334 - matplotlib.font_manager - DEBUG - findfont: score(FontEntry(fname='C:\\Windows\\Fonts\\HGSS_CNKI.TTF', name='HGSS_CNKI', style='normal', variant='normal', weight=400, stretch='normal', size='scalable')) = 10.335
2026-02-21 13:04:41,334 - matplotlib.font_manager - DEBUG - findfont: score(FontEntry(fname='C:\\Windows\\Fonts\\segoesc.ttf', name='Segoe Script', style='normal', variant='normal', weight=400, stretch='normal', size='scalable')) = 10.335
2026-02-21 13:04:41,334 - matplotlib.font_manager - DEBUG - findfont: score(FontEntry(fname='C:\\Windows\\Fonts\\HGF7X_CNKI.ttf', name='HGF7X_CNKI', style='normal', variant='normal', weight=400, stretch='normal', size='scalable')) = 10.335
2026-02-21 13:04:41,334 - matplotlib.font_manager - DEBUG - findfont: score(FontEntry(fname='C:\\Windows\\Fonts\\mvboli.ttf', name='MV Boli', style='normal', variant='normal', weight=400, stretch='normal', size='scalable')) = 10.335
2026-02-21 13:04:41,334 - matplotlib.font_manager - DEBUG - findfont: score(FontEntry(fname='C:\\Windows\\Fonts\\GOTHICB.TTF', name='Century Gothic', style='normal', variant='normal', weight=700, stretch='normal', size='scalable')) = 10.05
2026-02-21 13:04:41,334 - matplotlib.font_manager - DEBUG - findfont: score(FontEntry(fname='C:\\Windows\\Fonts\\sylfaen.ttf', name='Sylfaen', style='normal', variant='normal', weight=400, stretch='normal', size='scalable')) = 10.335
2026-02-21 13:04:41,334 - matplotlib.font_manager - DEBUG - findfont: score(FontEntry(fname='C:\\Windows\\Fonts\\msjhl.ttc', name='Microsoft JhengHei', style='normal', variant='normal', weight=290, stretch='normal', size='scalable')) = 10.4395
2026-02-21 13:04:41,334 - matplotlib.font_manager - DEBUG - findfont: score(FontEntry(fname='C:\\Windows\\Fonts\\HGZCS_CNKI.TTF', name='HGZCS_CNKI', style='normal', variant='normal', weight=400, stretch='normal', size='scalable')) = 10.335
2026-02-21 13:04:41,335 - matplotlib.font_manager - DEBUG - findfont: score(FontEntry(fname='C:\\Windows\\Fonts\\HGYB_CNKI.ttf', name='HGYB_CNKI', style='normal', variant='normal', weight=400, stretch='normal', size='scalable')) = 10.335
2026-02-21 13:04:41,335 - matplotlib.font_manager - DEBUG - findfont: score(FontEntry(fname='C:\\Windows\\Fonts\\trebucit.ttf', name='Trebuchet MS', style='italic', variant='normal', weight=400, stretch='normal', size='scalable')) = 11.335
2026-02-21 13:04:41,335 - matplotlib.font_manager - DEBUG - findfont: score(FontEntry(fname='C:\\Windows\\Fonts\\HGY2_CNKI.TTF', name='HGY2_CNKI', style='normal', variant='normal', weight=400, stretch='normal', size='scalable')) = 10.335
2026-02-21 13:04:41,335 - matplotlib.font_manager - DEBUG - findfont: score(FontEntry(fname='C:\\Windows\\Fonts\\STLITI.TTF', name='STLiti', style='normal', variant='normal', weight=400, stretch='normal', size='scalable')) = 10.335
2026-02-21 13:04:41,335 - matplotlib.font_manager - DEBUG - findfont: score(FontEntry(fname='C:\\Windows\\Fonts\\verdanab.ttf', name='Verdana', style='normal', variant='normal', weight=700, stretch='normal', size='scalable')) = 10.05
2026-02-21 13:04:41,335 - matplotlib.font_manager - DEBUG - findfont: score(FontEntry(fname='C:\\Windows\\Fonts\\HGF9_CNKI.ttf', name='HGF9_CNKI', style='normal', variant='normal', weight=400, stretch='normal', size='scalable')) = 10.335
2026-02-21 13:04:41,335 - matplotlib.font_manager - DEBUG - findfont: score(FontEntry(fname='C:\\Windows\\Fonts\\corbel.ttf', name='Corbel', style='normal', variant='normal', weight=400, stretch='normal', size='scalable')) = 10.335
2026-02-21 13:04:41,335 - matplotlib.font_manager - DEBUG - findfont: score(FontEntry(fname='C:\\Windows\\Fonts\\consolai.ttf', name='Consolas', style='italic', variant='normal', weight=400, stretch='normal', size='scalable')) = 11.335
2026-02-21 13:04:41,335 - matplotlib.font_manager - DEBUG - findfont: score(FontEntry(fname='C:\\Windows\\Fonts\\HGXT_CNKI.ttf', name='HGXT_CNKI', style='normal', variant='normal', weight=400, stretch='normal', size='scalable')) = 10.335
2026-02-21 13:04:41,335 - matplotlib.font_manager - DEBUG - findfont: score(FontEntry(fname='C:\\Windows\\Fonts\\HGDY_CNKI.ttf', name='HGDY_CNKI', style='normal', variant='normal', weight=400, stretch='normal', size='scalable')) = 10.335
2026-02-21 13:04:41,335 - matplotlib.font_manager - DEBUG - findfont: score(FontEntry(fname='C:\\Windows\\Fonts\\Nirmala.ttf', name='Nirmala UI', style='normal', variant='normal', weight=400, stretch='normal', size='scalable')) = 10.335
2026-02-21 13:04:41,335 - matplotlib.font_manager - DEBUG - findfont: score(FontEntry(fname='C:\\Windows\\Fonts\\HGH1X_CNKI.ttf', name='HGH1X_CNKI', style='normal', variant='normal', weight=400, stretch='normal', size='scalable')) = 10.335
2026-02-21 13:04:41,335 - matplotlib.font_manager - DEBUG - findfont: score(FontEntry(fname='C:\\Windows\\Fonts\\phagspab.ttf', name='Microsoft PhagsPa', style='normal', variant='normal', weight=700, stretch='normal', size='scalable')) = 10.05
2026-02-21 13:04:41,335 - matplotlib.font_manager - DEBUG - findfont: score(FontEntry(fname='C:\\Windows\\Fonts\\Candaraz.ttf', name='Candara', style='italic', variant='normal', weight=700, stretch='normal', size='scalable')) = 11.05
2026-02-21 13:04:41,335 - matplotlib.font_manager - DEBUG - findfont: score(FontEntry(fname='C:\\Windows\\Fonts\\consolaz.ttf', name='Consolas', style='italic', variant='normal', weight=700, stretch='normal', size='scalable')) = 11.05
2026-02-21 13:04:41,335 - matplotlib.font_manager - DEBUG - findfont: score(FontEntry(fname='C:\\Windows\\Fonts\\holomdl2.ttf', name='HoloLens MDL2 Assets', style='normal', variant='normal', weight=400, stretch='normal', size='scalable')) = 10.335
2026-02-21 13:04:41,335 - matplotlib.font_manager - DEBUG - findfont: score(FontEntry(fname='C:\\Windows\\Fonts\\HGPH_CNKI.TTF', name='HGPH_CNKI', style='normal', variant='normal', weight=400, stretch='normal', size='scalable')) = 10.335
2026-02-21 13:04:41,335 - matplotlib.font_manager - DEBUG - findfont: score(FontEntry(fname='C:\\Windows\\Fonts\\HGFS_CNKI.TTF', name='HGFS_CNKI', style='normal', variant='normal', weight=400, stretch='normal', size='scalable')) = 10.335
2026-02-21 13:04:41,335 - matplotlib.font_manager - DEBUG - findfont: score(FontEntry(fname='C:\\Windows\\Fonts\\HGHT2_CNKI.ttf', name='HGHT2_CNKI', style='normal', variant='normal', weight=400, stretch='normal', size='scalable')) = 10.335
2026-02-21 13:04:41,335 - matplotlib.font_manager - DEBUG - findfont: score(FontEntry(fname='C:\\Windows\\Fonts\\MTCORSVA.TTF', name='Monotype Corsiva', style='normal', variant='normal', weight=400, stretch='normal', size='scalable')) = 10.335
2026-02-21 13:04:41,335 - matplotlib.font_manager - DEBUG - findfont: score(FontEntry(fname='C:\\Windows\\Fonts\\HGXH1_CNKI.TTF', name='HGXH1_CNKI', style='normal', variant='normal', weight=400, stretch='normal', size='scalable')) = 10.335
2026-02-21 13:04:41,335 - matplotlib.font_manager - DEBUG - findfont: score(FontEntry(fname='D:\\SceneBuilder\\runtime\\jre\\lib\\fonts\\LucidaBrightRegular.ttf', name='Lucida Bright', style='normal', variant='normal', weight=400, stretch='normal', size='scalable')) = 10.335
2026-02-21 13:04:41,335 - matplotlib.font_manager - DEBUG - findfont: score(FontEntry(fname='C:\\Windows\\Fonts\\HGDGY_CNKI.TTF', name='HGDGY_CNKI', style='normal', variant='normal', weight=400, stretch='normal', size='scalable')) = 10.335
2026-02-21 13:04:41,335 - matplotlib.font_manager - DEBUG - findfont: score(FontEntry(fname='C:\\Windows\\Fonts\\HGX1X_CNKI.ttf', name='HGX1X_CNKI', style='normal', variant='normal', weight=400, stretch='normal', size='scalable')) = 10.335
2026-02-21 13:04:41,335 - matplotlib.font_manager - DEBUG - findfont: score(FontEntry(fname='C:\\Windows\\Fonts\\SansSerifCollection.ttf', name='Sans Serif Collection', style='normal', variant='normal', weight=400, stretch='normal', size='scalable')) = 10.335
2026-02-21 13:04:41,335 - matplotlib.font_manager - DEBUG - findfont: score(FontEntry(fname='C:\\Windows\\Fonts\\calibrili.ttf', name='Calibri', style='italic', variant='normal', weight=300, stretch='normal', size='scalable')) = 11.43
2026-02-21 13:04:41,335 - matplotlib.font_manager - DEBUG - findfont: score(FontEntry(fname='C:\\Windows\\Fonts\\HGXY_CNKI.ttf', name='HGXY_CNKI', style='normal', variant='normal', weight=400, stretch='normal', size='scalable')) = 10.335
2026-02-21 13:04:41,335 - matplotlib.font_manager - DEBUG - findfont: score(FontEntry(fname='C:\\Windows\\Fonts\\msyi.ttf', name='Microsoft Yi Baiti', style='normal', variant='normal', weight=400, stretch='normal', size='scalable')) = 10.335
2026-02-21 13:04:41,335 - matplotlib.font_manager - DEBUG - findfont: score(FontEntry(fname='C:\\Windows\\Fonts\\HGBKB_CNKI.ttf', name='HGBKB_CNKI', style='normal', variant='normal', weight=400, stretch='normal', size='scalable')) = 10.335
2026-02-21 13:04:41,335 - matplotlib.font_manager - DEBUG - findfont: score(FontEntry(fname='C:\\Windows\\Fonts\\ARIALNB.TTF', name='Arial', style='normal', variant='normal', weight=700, stretch='condensed', size='scalable')) = 10.25
2026-02-21 13:04:41,335 - matplotlib.font_manager - DEBUG - findfont: score(FontEntry(fname='C:\\Windows\\Fonts\\Dengb.ttf', name='DengXian', style='normal', variant='normal', weight=700, stretch='normal', size='scalable')) = 10.05
2026-02-21 13:04:41,335 - matplotlib.font_manager - DEBUG - findfont: score(FontEntry(fname='C:\\Windows\\Fonts\\HGH4_CNKI.ttf', name='HGH4_CNKI', style='normal', variant='normal', weight=400, stretch='normal', size='scalable')) = 10.335
2026-02-21 13:04:41,335 - matplotlib.font_manager - DEBUG - findfont: score(FontEntry(fname='C:\\Windows\\Fonts\\times.ttf', name='Times New Roman', style='normal', variant='normal', weight=400, stretch='normal', size='scalable')) = 10.335
2026-02-21 13:04:41,335 - matplotlib.font_manager - DEBUG - findfont: score(FontEntry(fname='C:\\Windows\\Fonts\\HGB7X_CNKI.ttf', name='HGB7X_CNKI', style='normal', variant='normal', weight=400, stretch='normal', size='scalable')) = 10.335
2026-02-21 13:04:41,335 - matplotlib.font_manager - DEBUG - findfont: score(FontEntry(fname='C:\\Windows\\Fonts\\ARIALNI.TTF', name='Arial', style='italic', variant='normal', weight=400, stretch='condensed', size='scalable')) = 11.535
2026-02-21 13:04:41,335 - matplotlib.font_manager - DEBUG - findfont: score(FontEntry(fname='C:\\Windows\\Fonts\\CENTURY.TTF', name='Century', style='normal', variant='normal', weight=400, stretch='normal', size='scalable')) = 10.335
2026-02-21 13:04:41,336 - matplotlib.font_manager - DEBUG - findfont: score(FontEntry(fname='C:\\Windows\\Fonts\\ITCKRIST.TTF', name='Kristen ITC', style='normal', variant='normal', weight=400, stretch='normal', size='scalable')) = 10.335
2026-02-21 13:04:41,336 - matplotlib.font_manager - DEBUG - findfont: score(FontEntry(fname='C:\\Windows\\Fonts\\HarmonyOS_Sans_SC_Medium.ttf', name='HarmonyOS Sans SC', style='normal', variant='normal', weight=500, stretch='normal', size='scalable')) = 10.24
2026-02-21 13:04:41,336 - matplotlib.font_manager - DEBUG - findfont: score(FontEntry(fname='C:\\Windows\\Fonts\\consola.ttf', name='Consolas', style='normal', variant='normal', weight=400, stretch='normal', size='scalable')) = 10.335
2026-02-21 13:04:41,336 - matplotlib.font_manager - DEBUG - findfont: score(FontEntry(fname='C:\\Windows\\Fonts\\trebucbi.ttf', name='Trebuchet MS', style='italic', variant='normal', weight=700, stretch='normal', size='scalable')) = 11.05
2026-02-21 13:04:41,336 - matplotlib.font_manager - DEBUG - findfont: score(FontEntry(fname='C:\\Windows\\Fonts\\HGKT_CNKI.TTF', name='HGKT_CNKI', style='normal', variant='normal', weight=400, stretch='normal', size='scalable')) = 10.335
2026-02-21 13:04:41,336 - matplotlib.font_manager - DEBUG - findfont: score(FontEntry(fname='C:\\Windows\\Fonts\\BKANT.TTF', name='Book Antiqua', style='normal', variant='normal', weight=400, stretch='normal', size='scalable')) = 10.335
2026-02-21 13:04:41,336 - matplotlib.font_manager - DEBUG - findfont: score(FontEntry(fname='C:\\Windows\\Fonts\\ebrimabd.ttf', name='Ebrima', style='normal', variant='normal', weight=700, stretch='normal', size='scalable')) = 10.05
2026-02-21 13:04:41,336 - matplotlib.font_manager - DEBUG - findfont: score(FontEntry(fname='C:\\Windows\\Fonts\\WINGDNG2.TTF', name='Wingdings 2', style='normal', variant='normal', weight=400, stretch='normal', size='scalable')) = 10.335
2026-02-21 13:04:41,336 - matplotlib.font_manager - DEBUG - findfont: score(FontEntry(fname='D:\\SceneBuilder\\runtime\\jre\\lib\\fonts\\LucidaSansDemiBold.ttf', name='Lucida Sans', style='normal', variant='normal', weight=700, stretch='normal', size='scalable')) = 10.05
2026-02-21 13:04:41,336 - matplotlib.font_manager - DEBUG - findfont: score(FontEntry(fname='C:\\Windows\\Fonts\\HGH7X_CNKI.ttf', name='HGH7X_CNKI', style='normal', variant='normal', weight=400, stretch='normal', size='scalable')) = 10.335
2026-02-21 13:04:41,336 - matplotlib.font_manager - DEBUG - findfont: score(FontEntry(fname='C:\\Windows\\Fonts\\STFANGSO.TTF', name='STFangsong', style='normal', variant='normal', weight=400, stretch='normal', size='scalable')) = 10.335
2026-02-21 13:04:41,336 - matplotlib.font_manager - DEBUG - findfont: score(FontEntry(fname='C:\\Windows\\Fonts\\HGB6X_CNKI.ttf', name='HGB6X_CNKI', style='normal', variant='normal', weight=400, stretch='normal', size='scalable')) = 10.335
2026-02-21 13:04:41,336 - matplotlib.font_manager - DEBUG - findfont: score(FontEntry(fname='C:\\Windows\\Fonts\\ANTQUAB.TTF', name='Book Antiqua', style='normal', variant='normal', weight=700, stretch='normal', size='scalable')) = 10.05
2026-02-21 13:04:41,336 - matplotlib.font_manager - DEBUG - findfont: score(FontEntry(fname='C:\\Windows\\Fonts\\timesi.ttf', name='Times New Roman', style='italic', variant='normal', weight=400, stretch='normal', size='scalable')) = 11.335
2026-02-21 13:04:41,336 - matplotlib.font_manager - DEBUG - findfont: score(FontEntry(fname='C:\\Windows\\Fonts\\tahomabd.ttf', name='Tahoma', style='normal', variant='normal', weight=700, stretch='normal', size='scalable')) = 10.05
2026-02-21 13:04:41,336 - matplotlib.font_manager - DEBUG - findfont: score(FontEntry(fname='C:\\Windows\\Fonts\\YuGothL.ttc', name='Yu Gothic', style='normal', variant='normal', weight=300, stretch='normal', size='scalable')) = 10.43
2026-02-21 13:04:41,336 - matplotlib.font_manager - DEBUG - findfont: score(FontEntry(fname='C:\\Windows\\Fonts\\HGH4X_CNKI.ttf', name='HGH4X_CNKI', style='normal', variant='normal', weight=400, stretch='normal', size='scalable')) = 10.335
2026-02-21 13:04:41,336 - matplotlib.font_manager - DEBUG - findfont: score(FontEntry(fname='C:\\Windows\\Fonts\\ariali.ttf', name='Arial', style='italic', variant='normal', weight=400, stretch='normal', size='scalable')) = 11.335
2026-02-21 13:04:41,336 - matplotlib.font_manager - DEBUG - findfont: score(FontEntry(fname='C:\\Windows\\Fonts\\Candarali.ttf', name='Candara', style='italic', variant='normal', weight=400, stretch='normal', size='scalable')) = 11.335
2026-02-21 13:04:41,336 - matplotlib.font_manager - DEBUG - findfont: score(FontEntry(fname='C:\\Windows\\Fonts\\cambriai.ttf', name='Cambria', style='italic', variant='normal', weight=400, stretch='normal', size='scalable')) = 11.335
2026-02-21 13:04:41,336 - matplotlib.font_manager - DEBUG - findfont: score(FontEntry(fname='C:\\Windows\\Fonts\\simhei.ttf', name='SimHei', style='normal', variant='normal', weight=400, stretch='normal', size='scalable')) = 0.33499999999999996
2026-02-21 13:04:41,336 - matplotlib.font_manager - DEBUG - findfont: score(FontEntry(fname='C:\\Windows\\Fonts\\mmrtext.ttf', name='Myanmar Text', style='normal', variant='normal', weight=400, stretch='normal', size='scalable')) = 10.335
2026-02-21 13:04:41,336 - matplotlib.font_manager - DEBUG - findfont: score(FontEntry(fname='C:\\Windows\\Fonts\\msyhl.ttc', name='Microsoft YaHei', style='normal', variant='normal', weight=290, stretch='normal', size='scalable')) = 3.772833333333333
2026-02-21 13:04:41,336 - matplotlib.font_manager - DEBUG - findfont: score(FontEntry(fname='C:\\Windows\\Fonts\\WINGDNG3.TTF', name='Wingdings 3', style='normal', variant='normal', weight=400, stretch='normal', size='scalable')) = 10.335
2026-02-21 13:04:41,336 - matplotlib.font_manager - DEBUG - findfont: score(FontEntry(fname='C:\\Windows\\Fonts\\arial.ttf', name='Arial', style='normal', variant='normal', weight=400, stretch='normal', size='scalable')) = 10.335
2026-02-21 13:04:41,336 - matplotlib.font_manager - DEBUG - findfont: score(FontEntry(fname='C:\\Windows\\Fonts\\framd.ttf', name='Franklin Gothic Medium', style='normal', variant='normal', weight=400, stretch='normal', size='scalable')) = 10.335
2026-02-21 13:04:41,336 - matplotlib.font_manager - DEBUG - findfont: score(FontEntry(fname='C:\\Windows\\Fonts\\SegUIVar.ttf', name='Segoe UI Variable', style='normal', variant='normal', weight=400, stretch='normal', size='scalable')) = 10.335
2026-02-21 13:04:41,336 - matplotlib.font_manager - DEBUG - findfont: score(FontEntry(fname='C:\\Windows\\Fonts\\malgunsl.ttf', name='Malgun Gothic', style='normal', variant='normal', weight=300, stretch='normal', size='scalable')) = 10.43
2026-02-21 13:04:41,336 - matplotlib.font_manager - DEBUG - findfont: score(FontEntry(fname='C:\\Windows\\Fonts\\consolab.ttf', name='Consolas', style='normal', variant='normal', weight=700, stretch='normal', size='scalable')) = 10.05
2026-02-21 13:04:41,336 - matplotlib.font_manager - DEBUG - findfont: score(FontEntry(fname='C:\\Windows\\Fonts\\segoeuisl.ttf', name='Segoe UI', style='normal', variant='normal', weight=350, stretch='normal', size='scalable')) = 10.3825
2026-02-21 13:04:41,336 - matplotlib.font_manager - DEBUG - findfont: score(FontEntry(fname='C:\\Windows\\Fonts\\constani.ttf', name='Constantia', style='italic', variant='normal', weight=400, stretch='normal', size='scalable')) = 11.335
2026-02-21 13:04:41,336 - matplotlib.font_manager - DEBUG - findfont: score(FontEntry(fname='C:\\Windows\\Fonts\\BRADHITC.TTF', name='Bradley Hand ITC', style='normal', variant='normal', weight=400, stretch='normal', size='scalable')) = 10.335
2026-02-21 13:04:41,336 - matplotlib.font_manager - DEBUG - findfont: score(FontEntry(fname='C:\\Windows\\Fonts\\LeelaUIb.ttf', name='Leelawadee UI', style='normal', variant='normal', weight=700, stretch='normal', size='scalable')) = 10.05
2026-02-21 13:04:41,336 - matplotlib.font_manager - DEBUG - findfont: score(FontEntry(fname='C:\\Windows\\Fonts\\STXINGKA.TTF', name='STXingkai', style='normal', variant='normal', weight=400, stretch='normal', size='scalable')) = 10.335
2026-02-21 13:04:41,336 - matplotlib.font_manager - DEBUG - findfont: score(FontEntry(fname='C:\\Windows\\Fonts\\HGF4_CNKI.ttf', name='HGF4_CNKI', style='normal', variant='normal', weight=400, stretch='normal', size='scalable')) = 10.335
2026-02-21 13:04:41,336 - matplotlib.font_manager - DEBUG - findfont: score(FontEntry(fname='C:\\Windows\\Fonts\\GOTHICBI.TTF', name='Century Gothic', style='italic', variant='normal', weight=700, stretch='normal', size='scalable')) = 11.05
2026-02-21 13:04:41,337 - matplotlib.font_manager - DEBUG - findfont: score(FontEntry(fname='C:\\Windows\\Fonts\\arialbi.ttf', name='Arial', style='italic', variant='normal', weight=700, stretch='normal', size='scalable')) = 11.05
2026-02-21 13:04:41,337 - matplotlib.font_manager - DEBUG - findfont: score(FontEntry(fname='C:\\Windows\\Fonts\\BOOKOS.TTF', name='Bookman Old Style', style='normal', variant='normal', weight=300, stretch='normal', size='scalable')) = 10.43
2026-02-21 13:04:41,337 - matplotlib.font_manager - DEBUG - findfont: score(FontEntry(fname='C:\\Windows\\Fonts\\HGF5_CNKI.ttf', name='HGF5_CNKI', style='normal', variant='normal', weight=400, stretch='normal', size='scalable')) = 10.335
2026-02-21 13:04:41,337 - matplotlib.font_manager - DEBUG - findfont: score(FontEntry(fname='C:\\Windows\\Fonts\\corbeli.ttf', name='Corbel', style='italic', variant='normal', weight=400, stretch='normal', size='scalable')) = 11.335
2026-02-21 13:04:41,337 - matplotlib.font_manager - DEBUG - findfont: score(FontEntry(fname='C:\\Windows\\Fonts\\HGXS_CNKI.TTF', name='HGXS_CNKI', style='normal', variant='normal', weight=400, stretch='normal', size='scalable')) = 10.335
2026-02-21 13:04:41,337 - matplotlib.font_manager - DEBUG - findfont: score(FontEntry(fname='C:\\Windows\\Fonts\\REFSPCL.TTF', name='MS Reference Specialty', style='normal', variant='normal', weight=400, stretch='normal', size='scalable')) = 10.335
2026-02-21 13:04:41,337 - matplotlib.font_manager - DEBUG - findfont: score(FontEntry(fname='C:\\Windows\\Fonts\\HGSS1_CNKI.TTF', name='HGSS1_CNKI', style='normal', variant='normal', weight=400, stretch='normal', size='scalable')) = 10.335
2026-02-21 13:04:41,337 - matplotlib.font_manager - DEBUG - findfont: score(FontEntry(fname='C:\\Windows\\Fonts\\georgiab.ttf', name='Georgia', style='normal', variant='normal', weight=700, stretch='normal', size='scalable')) = 10.05
2026-02-21 13:04:41,337 - matplotlib.font_manager - DEBUG - findfont: score(FontEntry(fname='C:\\Windows\\Fonts\\CascadiaMono.ttf', name='Cascadia Mono', style='normal', variant='normal', weight=400, stretch='normal', size='scalable')) = 10.335
2026-02-21 13:04:41,337 - matplotlib.font_manager - DEBUG - findfont: score(FontEntry(fname='C:\\Windows\\Fonts\\HGF6_CNKI.ttf', name='HGF6_CNKI', style='normal', variant='normal', weight=400, stretch='normal', size='scalable')) = 10.335
2026-02-21 13:04:41,337 - matplotlib.font_manager - DEBUG - findfont: score(FontEntry(fname='C:\\Windows\\Fonts\\javatext.ttf', name='Javanese Text', style='normal', variant='normal', weight=400, stretch='normal', size='scalable')) = 10.335
2026-02-21 13:04:41,337 - matplotlib.font_manager - DEBUG - findfont: score(FontEntry(fname='C:\\Windows\\Fonts\\calibri.ttf', name='Calibri', style='normal', variant='normal', weight=400, stretch='normal', size='scalable')) = 10.335
2026-02-21 13:04:41,337 - matplotlib.font_manager - DEBUG - findfont: score(FontEntry(fname='C:\\Windows\\Fonts\\HGBS2_CNKI.TTF', name='HGBS2_CNKI', style='normal', variant='normal', weight=400, stretch='normal', size='scalable')) = 10.335
2026-02-21 13:04:41,337 - matplotlib.font_manager - DEBUG - findfont: score(FontEntry(fname='C:\\Windows\\Fonts\\HGB4X_CNKI.ttf', name='HGB4X_CNKI', style='normal', variant='normal', weight=400, stretch='normal', size='scalable')) = 10.335
2026-02-21 13:04:41,337 - matplotlib.font_manager - DEBUG - findfont: score(FontEntry(fname='C:\\Windows\\Fonts\\seguihis.ttf', name='Segoe UI Historic', style='normal', variant='normal', weight=400, stretch='normal', size='scalable')) = 10.335
2026-02-21 13:04:41,337 - matplotlib.font_manager - DEBUG - findfont: score(FontEntry(fname='C:\\Windows\\Fonts\\Inkfree.ttf', name='Ink Free', style='normal', variant='normal', weight=400, stretch='normal', size='scalable')) = 10.335
2026-02-21 13:04:41,337 - matplotlib.font_manager - DEBUG - findfont: score(FontEntry(fname='C:\\Windows\\Fonts\\seguiemj.ttf', name='Segoe UI Emoji', style='normal', variant='normal', weight=400, stretch='normal', size='scalable')) = 10.335
2026-02-21 13:04:41,337 - matplotlib.font_manager - DEBUG - findfont: score(FontEntry(fname='C:\\Windows\\Fonts\\georgia.ttf', name='Georgia', style='normal', variant='normal', weight=400, stretch='normal', size='scalable')) = 10.335
2026-02-21 13:04:41,337 - matplotlib.font_manager - DEBUG - findfont: score(FontEntry(fname='C:\\Windows\\Fonts\\HGZDX_CNKI.TTF', name='HGZDX_CNKI', style='normal', variant='normal', weight=400, stretch='normal', size='scalable')) = 10.335
2026-02-21 13:04:41,337 - matplotlib.font_manager - DEBUG - findfont: score(FontEntry(fname='C:\\Windows\\Fonts\\segoeuil.ttf', name='Segoe UI', style='normal', variant='normal', weight=300, stretch='normal', size='scalable')) = 10.43
2026-02-21 13:04:41,337 - matplotlib.font_manager - DEBUG - findfont: score(FontEntry(fname='C:\\Windows\\Fonts\\HGB8_CNKI.ttf', name='HGB8_CNKI', style='normal', variant='normal', weight=400, stretch='normal', size='scalable')) = 10.335
2026-02-21 13:04:41,337 - matplotlib.font_manager - DEBUG - findfont: score(FontEntry(fname='C:\\Windows\\Fonts\\constanz.ttf', name='Constantia', style='italic', variant='normal', weight=700, stretch='normal', size='scalable')) = 11.05
2026-02-21 13:04:41,337 - matplotlib.font_manager - DEBUG - findfont: score(FontEntry(fname='C:\\Windows\\Fonts\\HGPTY_CNKI.TTF', name='HGPTY_CNKI', style='normal', variant='normal', weight=400, stretch='normal', size='scalable')) = 10.335
2026-02-21 13:04:41,337 - matplotlib.font_manager - DEBUG - findfont: score(FontEntry(fname='C:\\Windows\\Fonts\\ZWAdobeF.TTF', name='ZWAdobeF', style='normal', variant='normal', weight=400, stretch='normal', size='scalable')) = 10.335
2026-02-21 13:04:41,337 - matplotlib.font_manager - DEBUG - findfont: score(FontEntry(fname='C:\\Windows\\Fonts\\calibril.ttf', name='Calibri', style='normal', variant='normal', weight=300, stretch='normal', size='scalable')) = 10.43
2026-02-21 13:04:41,337 - matplotlib.font_manager - DEBUG - findfont: score(FontEntry(fname='C:\\Windows\\Fonts\\msgothic.ttc', name='MS Gothic', style='normal', variant='normal', weight=400, stretch='normal', size='scalable')) = 10.335
2026-02-21 13:04:41,337 - matplotlib.font_manager - DEBUG - findfont: score(FontEntry(fname='C:\\Windows\\Fonts\\REFSAN.TTF', name='MS Reference Sans Serif', style='normal', variant='normal', weight=400, stretch='normal', size='scalable')) = 10.335
2026-02-21 13:04:41,337 - matplotlib.font_manager - DEBUG - findfont: score(FontEntry(fname='C:\\Windows\\Fonts\\comici.ttf', name='Comic Sans MS', style='italic', variant='normal', weight=400, stretch='normal', size='scalable')) = 11.335
2026-02-21 13:04:41,337 - matplotlib.font_manager - DEBUG - findfont: score(FontEntry(fname='C:\\Windows\\Fonts\\Candaral.ttf', name='Candara', style='normal', variant='normal', weight=400, stretch='normal', size='scalable')) = 10.335
2026-02-21 13:04:41,337 - matplotlib.font_manager - DEBUG - findfont: score(FontEntry(fname='C:\\Windows\\Fonts\\TEMPSITC.TTF', name='Tempus Sans ITC', style='normal', variant='normal', weight=400, stretch='normal', size='scalable')) = 10.335
2026-02-21 13:04:41,337 - matplotlib.font_manager - DEBUG - findfont: score(FontEntry(fname='C:\\Windows\\Fonts\\YuGothB.ttc', name='Yu Gothic', style='normal', variant='normal', weight=700, stretch='normal', size='scalable')) = 10.05
2026-02-21 13:04:41,337 - matplotlib.font_manager - DEBUG - findfont: score(FontEntry(fname='D:\\SceneBuilder\\runtime\\jre\\lib\\fonts\\LucidaTypewriterBold.ttf', name='Lucida Sans Typewriter', style='normal', variant='normal', weight=700, stretch='normal', size='scalable')) = 10.05
2026-02-21 13:04:41,337 - matplotlib.font_manager - DEBUG - findfont: score(FontEntry(fname='C:\\Windows\\Fonts\\GOTHIC.TTF', name='Century Gothic', style='normal', variant='normal', weight=400, stretch='normal', size='scalable')) = 10.335
2026-02-21 13:04:41,337 - matplotlib.font_manager - DEBUG - findfont: score(FontEntry(fname='D:\\SceneBuilder\\runtime\\jre\\lib\\fonts\\LucidaBrightItalic.ttf', name='Lucida Bright', style='italic', variant='normal', weight=400, stretch='normal', size='scalable')) = 11.335
2026-02-21 13:04:41,337 - matplotlib.font_manager - DEBUG - findfont: score(FontEntry(fname='C:\\Windows\\Fonts\\HGKT1_CNKI.TTF', name='HGKT1_CNKI', style='normal', variant='normal', weight=400, stretch='normal', size='scalable')) = 10.335
2026-02-21 13:04:41,337 - matplotlib.font_manager - DEBUG - findfont: score(FontEntry(fname='C:\\Windows\\Fonts\\georgiai.ttf', name='Georgia', style='italic', variant='normal', weight=400, stretch='normal', size='scalable')) = 11.335
2026-02-21 13:04:41,337 - matplotlib.font_manager - DEBUG - findfont: score(FontEntry(fname='C:\\Windows\\Fonts\\HGXC_CNKI.TTF', name='HGXC_CNKI', style='normal', variant='normal', weight=400, stretch='normal', size='scalable')) = 10.335
2026-02-21 13:04:41,338 - matplotlib.font_manager - DEBUG - findfont: score(FontEntry(fname='C:\\Windows\\Fonts\\HGLS_CNKI.TTF', name='HGLS_CNKI', style='normal', variant='normal', weight=400, stretch='normal', size='scalable')) = 10.335
2026-02-21 13:04:41,338 - matplotlib.font_manager - DEBUG - findfont: score(FontEntry(fname='C:\\Windows\\Fonts\\HGY1_CNKI.TTF', name='HGY1_CNKI', style='normal', variant='normal', weight=400, stretch='normal', size='scalable')) = 10.335
2026-02-21 13:04:41,338 - matplotlib.font_manager - DEBUG - findfont: score(FontEntry(fname='C:\\Windows\\Fonts\\wingding.ttf', name='Wingdings', style='normal', variant='normal', weight=400, stretch='normal', size='scalable')) = 10.335
2026-02-21 13:04:41,338 - matplotlib.font_manager - DEBUG - findfont: score(FontEntry(fname='C:\\Windows\\Fonts\\trebucbd.ttf', name='Trebuchet MS', style='normal', variant='normal', weight=700, stretch='normal', size='scalable')) = 10.05
2026-02-21 13:04:41,338 - matplotlib.font_manager - DEBUG - findfont: score(FontEntry(fname='C:\\Windows\\Fonts\\HGMH_CNKI.TTF', name='HGMH_CNKI', style='normal', variant='normal', weight=400, stretch='normal', size='scalable')) = 10.335
2026-02-21 13:04:41,338 - matplotlib.font_manager - DEBUG - findfont: score(FontEntry(fname='C:\\Windows\\Fonts\\BSSYM7.TTF', name='Bookshelf Symbol 7', style='normal', variant='normal', weight=400, stretch='normal', size='scalable')) = 10.335
2026-02-21 13:04:41,338 - matplotlib.font_manager - DEBUG - findfont: score(FontEntry(fname='C:\\Windows\\Fonts\\comic.ttf', name='Comic Sans MS', style='normal', variant='normal', weight=400, stretch='normal', size='scalable')) = 10.335
2026-02-21 13:04:41,338 - matplotlib.font_manager - DEBUG - findfont: score(FontEntry(fname='C:\\Windows\\Fonts\\trebuc.ttf', name='Trebuchet MS', style='normal', variant='normal', weight=400, stretch='normal', size='scalable')) = 10.335
2026-02-21 13:04:41,338 - matplotlib.font_manager - DEBUG - findfont: score(FontEntry(fname='C:\\Windows\\Fonts\\HGDYS_CNKI.TTF', name='HGDYS_CNKI', style='normal', variant='normal', weight=400, stretch='normal', size='scalable')) = 10.335
2026-02-21 13:04:41,338 - matplotlib.font_manager - DEBUG - findfont: score(FontEntry(fname='C:\\Windows\\Fonts\\seguisli.ttf', name='Segoe UI', style='italic', variant='normal', weight=350, stretch='normal', size='scalable')) = 11.3825
2026-02-21 13:04:41,338 - matplotlib.font_manager - DEBUG - findfont: score(FontEntry(fname='C:\\Windows\\Fonts\\ntailu.ttf', name='Microsoft New Tai Lue', style='normal', variant='normal', weight=400, stretch='normal', size='scalable')) = 10.335
2026-02-21 13:04:41,338 - matplotlib.font_manager - DEBUG - findfont: score(FontEntry(fname='C:\\Windows\\Fonts\\HGH5X_CNKI.ttf', name='HGH5X_CNKI', style='normal', variant='normal', weight=400, stretch='normal', size='scalable')) = 10.335
2026-02-21 13:04:41,338 - matplotlib.font_manager - DEBUG - findfont: score(FontEntry(fname='C:\\Windows\\Fonts\\STSONG.TTF', name='STSong', style='normal', variant='normal', weight=400, stretch='normal', size='scalable')) = 10.335
2026-02-21 13:04:41,338 - matplotlib.font_manager - DEBUG - findfont: score(FontEntry(fname='C:\\Windows\\Fonts\\STHUPO.TTF', name='STHupo', style='normal', variant='normal', weight=400, stretch='normal', size='scalable')) = 10.335
2026-02-21 13:04:41,338 - matplotlib.font_manager - DEBUG - findfont: score(FontEntry(fname='C:\\Windows\\Fonts\\gadugi.ttf', name='Gadugi', style='normal', variant='normal', weight=400, stretch='normal', size='scalable')) = 10.335
2026-02-21 13:04:41,338 - matplotlib.font_manager - DEBUG - findfont: score(FontEntry(fname='C:\\Windows\\Fonts\\STZHONGS.TTF', name='STZhongsong', style='normal', variant='normal', weight=400, stretch='normal', size='scalable')) = 10.335
2026-02-21 13:04:41,338 - matplotlib.font_manager - DEBUG - findfont: score(FontEntry(fname='C:\\Windows\\Fonts\\HGB1_CNKI.ttf', name='HGB1_CNKI', style='normal', variant='normal', weight=400, stretch='normal', size='scalable')) = 10.335
2026-02-21 13:04:41,338 - matplotlib.font_manager - DEBUG - findfont: score(FontEntry(fname='C:\\Windows\\Fonts\\HGGG_CNKI.TTF', name='HGGG_CNKI', style='normal', variant='normal', weight=400, stretch='normal', size='scalable')) = 10.335
2026-02-21 13:04:41,338 - matplotlib.font_manager - DEBUG - findfont: score(FontEntry(fname='C:\\Windows\\Fonts\\courbi.ttf', name='Courier New', style='italic', variant='normal', weight=700, stretch='normal', size='scalable')) = 11.05
2026-02-21 13:04:41,338 - matplotlib.font_manager - DEBUG - findfont: score(FontEntry(fname='C:\\Windows\\Fonts\\HGF9X_CNKI.ttf', name='HGF9X_CNKI', style='normal', variant='normal', weight=400, stretch='normal', size='scalable')) = 10.335
2026-02-21 13:04:41,338 - matplotlib.font_manager - DEBUG - findfont: score(FontEntry(fname='C:\\Windows\\Fonts\\HGDH_CNKI.TTF', name='HGDH_CNKI', style='normal', variant='normal', weight=400, stretch='normal', size='scalable')) = 10.335
2026-02-21 13:04:41,338 - matplotlib.font_manager - DEBUG - findfont: score(FontEntry(fname='C:\\Windows\\Fonts\\HGB6_CNKI.ttf', name='HGB6_CNKI', style='normal', variant='normal', weight=400, stretch='normal', size='scalable')) = 10.335
2026-02-21 13:04:41,338 - matplotlib.font_manager - DEBUG - findfont: score(FontEntry(fname='C:\\Windows\\Fonts\\HGH7_CNKI.ttf', name='HGH7_CNKI', style='normal', variant='normal', weight=400, stretch='normal', size='scalable')) = 10.335
2026-02-21 13:04:41,338 - matplotlib.font_manager - DEBUG - findfont: score(FontEntry(fname='C:\\Windows\\Fonts\\simsun.ttc', name='SimSun', style='normal', variant='normal', weight=400, stretch='normal', size='scalable')) = 10.335
2026-02-21 13:04:41,338 - matplotlib.font_manager - DEBUG - findfont: score(FontEntry(fname='C:\\Windows\\Fonts\\HGZK_CNKI.TTF', name='HGZK_CNKI', style='normal', variant='normal', weight=400, stretch='normal', size='scalable')) = 10.335
2026-02-21 13:04:41,338 - matplotlib.font_manager - DEBUG - findfont: score(FontEntry(fname='C:\\Windows\\Fonts\\taile.ttf', name='Microsoft Tai Le', style='normal', variant='normal', weight=400, stretch='normal', size='scalable')) = 10.335
2026-02-21 13:04:41,339 - matplotlib.font_manager - DEBUG - findfont: score(FontEntry(fname='C:\\Windows\\Fonts\\seguili.ttf', name='Segoe UI', style='italic', variant='normal', weight=300, stretch='normal', size='scalable')) = 11.43
2026-02-21 13:04:41,339 - matplotlib.font_manager - DEBUG - findfont: score(FontEntry(fname='C:\\Windows\\Fonts\\HGF3_CNKI.ttf', name='HGF3_CNKI', style='normal', variant='normal', weight=400, stretch='normal', size='scalable')) = 10.335
2026-02-21 13:04:41,339 - matplotlib.font_manager - DEBUG - findfont: score(FontEntry(fname='C:\\Windows\\Fonts\\HGOCR_CNKI.ttf', name='HGOCR_CNKI', style='normal', variant='normal', weight=400, stretch='normal', size='scalable')) = 10.335
2026-02-21 13:04:41,339 - matplotlib.font_manager - DEBUG - findfont: score(FontEntry(fname='C:\\Windows\\Fonts\\HGF8_CNKI.ttf', name='HGF8_CNKI', style='normal', variant='normal', weight=400, stretch='normal', size='scalable')) = 10.335
2026-02-21 13:04:41,339 - matplotlib.font_manager - DEBUG - findfont: score(FontEntry(fname='C:\\Windows\\Fonts\\HGF1X_CNKI.ttf', name='HGF1X_CNKI', style='normal', variant='normal', weight=400, stretch='normal', size='scalable')) = 10.335
2026-02-21 13:04:41,339 - matplotlib.font_manager - DEBUG - findfont: score(FontEntry(fname='C:\\Windows\\Fonts\\HGF2_CNKI.ttf', name='HGF2_CNKI', style='normal', variant='normal', weight=400, stretch='normal', size='scalable')) = 10.335
2026-02-21 13:04:41,339 - matplotlib.font_manager - DEBUG - findfont: score(FontEntry(fname='C:\\Windows\\Fonts\\HGB2_CNKI.ttf', name='HGB2_CNKI', style='normal', variant='normal', weight=400, stretch='normal', size='scalable')) = 10.335
2026-02-21 13:04:41,339 - matplotlib.font_manager - DEBUG - findfont: score(FontEntry(fname='C:\\Windows\\Fonts\\cambria.ttc', name='Cambria', style='normal', variant='normal', weight=400, stretch='normal', size='scalable')) = 10.335
2026-02-21 13:04:41,339 - matplotlib.font_manager - DEBUG - findfont: score(FontEntry(fname='C:\\Windows\\Fonts\\HGF4X_CNKI.ttf', name='HGF4X_CNKI', style='normal', variant='normal', weight=400, stretch='normal', size='scalable')) = 10.335
2026-02-21 13:04:41,339 - matplotlib.font_manager - DEBUG - findfont: score(FontEntry(fname='C:\\Windows\\Fonts\\segoeprb.ttf', name='Segoe Print', style='normal', variant='normal', weight=700, stretch='normal', size='scalable')) = 10.05
2026-02-21 13:04:41,339 - matplotlib.font_manager - DEBUG - findfont: score(FontEntry(fname='C:\\Windows\\Fonts\\MTEXTRA.TTF', name='MT Extra', style='normal', variant='normal', weight=400, stretch='normal', size='scalable')) = 10.335
2026-02-21 13:04:41,339 - matplotlib.font_manager - DEBUG - findfont: score(FontEntry(fname='C:\\Windows\\Fonts\\seguibli.ttf', name='Segoe UI', style='italic', variant='normal', weight=900, stretch='normal', size='scalable')) = 11.24
2026-02-21 13:04:41,339 - matplotlib.font_manager - DEBUG - findfont: score(FontEntry(fname='C:\\Windows\\Fonts\\cambriaz.ttf', name='Cambria', style='italic', variant='normal', weight=700, stretch='normal', size='scalable')) = 11.05
2026-02-21 13:04:41,339 - matplotlib.font_manager - DEBUG - findfont: score(FontEntry(fname='C:\\Windows\\Fonts\\BOOKOSB.TTF', name='Bookman Old Style', style='normal', variant='normal', weight=600, stretch='normal', size='scalable')) = 10.145
2026-02-21 13:04:41,339 - matplotlib.font_manager - DEBUG - findfont: score(FontEntry(fname='C:\\Windows\\Fonts\\bahnschrift.ttf', name='Bahnschrift', style='normal', variant='normal', weight=400, stretch='normal', size='scalable')) = 10.335
2026-02-21 13:04:41,339 - matplotlib.font_manager - DEBUG - findfont: score(FontEntry(fname='C:\\Windows\\Fonts\\HGH5_CNKI.ttf', name='HGH5_CNKI', style='normal', variant='normal', weight=400, stretch='normal', size='scalable')) = 10.335
2026-02-21 13:04:41,339 - matplotlib.font_manager - DEBUG - findfont: score(FontEntry(fname='C:\\Windows\\Fonts\\ebrima.ttf', name='Ebrima', style='normal', variant='normal', weight=400, stretch='normal', size='scalable')) = 10.335
2026-02-21 13:04:41,339 - matplotlib.font_manager - DEBUG - findfont: score(FontEntry(fname='C:\\Windows\\Fonts\\STXINWEI.TTF', name='STXinwei', style='normal', variant='normal', weight=400, stretch='normal', size='scalable')) = 10.335
2026-02-21 13:04:41,339 - matplotlib.font_manager - DEBUG - findfont: score(FontEntry(fname='D:\\SceneBuilder\\runtime\\jre\\lib\\fonts\\LucidaBrightDemiItalic.ttf', name='Lucida Bright', style='italic', variant='normal', weight=700, stretch='normal', size='scalable')) = 11.05
2026-02-21 13:04:41,339 - matplotlib.font_manager - DEBUG - findfont: score(FontEntry(fname='C:\\Windows\\Fonts\\HGXF1_CNKI.ttf', name='HGXF1_CNKI', style='normal', variant='normal', weight=400, stretch='normal', size='scalable')) = 10.335
2026-02-21 13:04:41,339 - matplotlib.font_manager - DEBUG - findfont: score(FontEntry(fname='C:\\Windows\\Fonts\\Candarab.ttf', name='Candara', style='normal', variant='normal', weight=700, stretch='normal', size='scalable')) = 10.05
2026-02-21 13:04:41,339 - matplotlib.font_manager - DEBUG - findfont: score(FontEntry(fname='C:\\Windows\\Fonts\\HGH3_CNKI.ttf', name='HGH3_CNKI', style='normal', variant='normal', weight=400, stretch='normal', size='scalable')) = 10.335
2026-02-21 13:04:41,339 - matplotlib.font_manager - DEBUG - findfont: score(FontEntry(fname='D:\\SceneBuilder\\runtime\\jre\\lib\\fonts\\LucidaBrightDemiBold.ttf', name='Lucida Bright', style='normal', variant='normal', weight=700, stretch='normal', size='scalable')) = 10.05
2026-02-21 13:04:41,339 - matplotlib.font_manager - DEBUG - findfont: score(FontEntry(fname='C:\\Windows\\Fonts\\HGCUH_CNKI.TTF', name='HGCUH_CNKI', style='normal', variant='normal', weight=400, stretch='normal', size='scalable')) = 10.335
2026-02-21 13:04:41,339 - matplotlib.font_manager - DEBUG - findfont: score(FontEntry(fname='C:\\Windows\\Fonts\\HGHZ_CNKI.ttf', name='HGHZ_CNKI', style='normal', variant='normal', weight=400, stretch='normal', size='scalable')) = 10.335
2026-02-21 13:04:41,339 - matplotlib.font_manager - DEBUG - findfont: score(FontEntry(fname='C:\\Windows\\Fonts\\HGXBS_CNKI.TTF', name='HGXBS_CNKI', style='normal', variant='normal', weight=400, stretch='normal', size='scalable')) = 10.335
2026-02-21 13:04:41,339 - matplotlib.font_manager - DEBUG - findfont: score(FontEntry(fname='C:\\Windows\\Fonts\\Gabriola.ttf', name='Gabriola', style='normal', variant='normal', weight=400, stretch='normal', size='scalable')) = 10.335
2026-02-21 13:04:41,339 - matplotlib.font_manager - DEBUG - findfont: score(FontEntry(fname='C:\\Windows\\Fonts\\HGFX_CNKI.ttf', name='HGFX_CNKI', style='normal', variant='normal', weight=400, stretch='normal', size='scalable')) = 10.335
2026-02-21 13:04:41,339 - matplotlib.font_manager - DEBUG - findfont: score(FontEntry(fname='C:\\Windows\\Fonts\\HGBS_CNKI.TTF', name='HGBS_CNKI', style='normal', variant='normal', weight=400, stretch='normal', size='scalable')) = 10.335
2026-02-21 13:04:41,339 - matplotlib.font_manager - DEBUG - findfont: score(FontEntry(fname='C:\\Windows\\Fonts\\malgun.ttf', name='Malgun Gothic', style='normal', variant='normal', weight=400, stretch='normal', size='scalable')) = 10.335
2026-02-21 13:04:41,339 - matplotlib.font_manager - DEBUG - findfont: score(FontEntry(fname='C:\\Windows\\Fonts\\palabi.ttf', name='Palatino Linotype', style='italic', variant='normal', weight=700, stretch='normal', size='scalable')) = 11.05
2026-02-21 13:04:41,339 - matplotlib.font_manager - DEBUG - findfont: score(FontEntry(fname='C:\\Windows\\Fonts\\HGY3_CNKI.TTF', name='HGY3_CNKI', style='normal', variant='normal', weight=400, stretch='normal', size='scalable')) = 10.335
2026-02-21 13:04:41,339 - matplotlib.font_manager - DEBUG - findfont: score(FontEntry(fname='C:\\Windows\\Fonts\\BOOKOSBI.TTF', name='Bookman Old Style', style='italic', variant='normal', weight=600, stretch='normal', size='scalable')) = 11.145
2026-02-21 13:04:41,339 - matplotlib.font_manager - DEBUG - findfont: score(FontEntry(fname='C:\\Windows\\Fonts\\HGB7_CNKI.ttf', name='HGB7_CNKI', style='normal', variant='normal', weight=400, stretch='normal', size='scalable')) = 10.335
2026-02-21 13:04:41,340 - matplotlib.font_manager - DEBUG - findfont: score(FontEntry(fname='C:\\Windows\\Fonts\\HGBKBX_CNKI.ttf', name='HGBKBX_CNKI', style='normal', variant='normal', weight=400, stretch='normal', size='scalable')) = 10.335
2026-02-21 13:04:41,340 - matplotlib.font_manager - DEBUG - findfont: score(FontEntry(fname='C:\\Windows\\Fonts\\gadugib.ttf', name='Gadugi', style='normal', variant='normal', weight=700, stretch='normal', size='scalable')) = 10.05
2026-02-21 13:04:41,340 - matplotlib.font_manager - DEBUG - findfont: score(FontEntry(fname='C:\\Windows\\Fonts\\HGX1_CNKI.ttf', name='HGX1_CNKI', style='normal', variant='normal', weight=400, stretch='normal', size='scalable')) = 10.335
2026-02-21 13:04:41,340 - matplotlib.font_manager - DEBUG - findfont: score(FontEntry(fname='C:\\Windows\\Fonts\\HGF7_CNKI.ttf', name='HGF7_CNKI', style='normal', variant='normal', weight=400, stretch='normal', size='scalable')) = 10.335
2026-02-21 13:04:41,340 - matplotlib.font_manager - DEBUG - findfont: score(FontEntry(fname='C:\\Windows\\Fonts\\HGZY_CNKI.TTF', name='HGZY_CNKI', style='normal', variant='normal', weight=400, stretch='normal', size='scalable')) = 10.335
2026-02-21 13:04:41,340 - matplotlib.font_manager - DEBUG - findfont: score(FontEntry(fname='C:\\Windows\\Fonts\\HarmonyOS_Sans_SC_Regular.ttf', name='HarmonyOS Sans SC', style='normal', variant='normal', weight=400, stretch='normal', size='scalable')) = 10.335
2026-02-21 13:04:41,340 - matplotlib.font_manager - DEBUG - findfont: score(FontEntry(fname='C:\\Windows\\Fonts\\HGZYT_CNKI.TTF', name='HGZYT_CNKI', style='normal', variant='normal', weight=400, stretch='normal', size='scalable')) = 10.335
2026-02-21 13:04:41,340 - matplotlib.font_manager - DEBUG - findfont: score(FontEntry(fname='C:\\Windows\\Fonts\\HGWT_CNKI.TTF', name='HGWT_CNKI', style='normal', variant='normal', weight=400, stretch='normal', size='scalable')) = 10.335
2026-02-21 13:04:41,340 - matplotlib.font_manager - DEBUG - findfont: score(FontEntry(fname='C:\\Windows\\Fonts\\GARABD.TTF', name='Garamond', style='normal', variant='normal', weight=700, stretch='normal', size='scalable')) = 10.05
2026-02-21 13:04:41,340 - matplotlib.font_manager - DEBUG - findfont: score(FontEntry(fname='C:\\Windows\\Fonts\\HGH3X_CNKI.ttf', name='HGH3X_CNKI', style='normal', variant='normal', weight=400, stretch='normal', size='scalable')) = 10.335
2026-02-21 13:04:41,340 - matplotlib.font_manager - DEBUG - findfont: score(FontEntry(fname='C:\\Windows\\Fonts\\msyh.ttc', name='Microsoft YaHei', style='normal', variant='normal', weight=400, stretch='normal', size='scalable')) = 3.668333333333333
2026-02-21 13:04:41,340 - matplotlib.font_manager - DEBUG - findfont: score(FontEntry(fname='C:\\Windows\\Fonts\\mingliub.ttc', name='MingLiU-ExtB', style='normal', variant='normal', weight=400, stretch='normal', size='scalable')) = 10.335
2026-02-21 13:04:41,340 - matplotlib.font_manager - DEBUG - findfont: score(FontEntry(fname='C:\\Windows\\Fonts\\HGFS2_CNKI.TTF', name='HGFS2_CNKI', style='normal', variant='normal', weight=400, stretch='normal', size='scalable')) = 10.335
2026-02-21 13:04:41,340 - matplotlib.font_manager - DEBUG - findfont: score(FontEntry(fname='C:\\Windows\\Fonts\\timesbi.ttf', name='Times New Roman', style='italic', variant='normal', weight=700, stretch='normal', size='scalable')) = 11.05
2026-02-21 13:04:41,340 - matplotlib.font_manager - DEBUG - findfont: score(FontEntry(fname='C:\\Windows\\Fonts\\calibrii.ttf', name='Calibri', style='italic', variant='normal', weight=400, stretch='normal', size='scalable')) = 11.335
2026-02-21 13:04:41,340 - matplotlib.font_manager - DEBUG - findfont: score(FontEntry(fname='C:\\Windows\\Fonts\\seguisb.ttf', name='Segoe UI', style='normal', variant='normal', weight=600, stretch='normal', size='scalable')) = 10.145
2026-02-21 13:04:41,340 - matplotlib.font_manager - DEBUG - findfont: score(FontEntry(fname='C:\\Windows\\Fonts\\msjh.ttc', name='Microsoft JhengHei', style='normal', variant='normal', weight=400, stretch='normal', size='scalable')) = 10.335
2026-02-21 13:04:41,340 - matplotlib.font_manager - DEBUG - findfont: score(FontEntry(fname='C:\\Windows\\Fonts\\HGYT2_CNKI.ttf', name='HGYT2_CNKI', style='normal', variant='normal', weight=400, stretch='normal', size='scalable')) = 10.335
2026-02-21 13:04:41,340 - matplotlib.font_manager - DEBUG - findfont: score(FontEntry(fname='C:\\Windows\\Fonts\\simfang.ttf', name='FangSong', style='normal', variant='normal', weight=400, stretch='normal', size='scalable')) = 10.335
2026-02-21 13:04:41,340 - matplotlib.font_manager - DEBUG - findfont: score(FontEntry(fname='C:\\Windows\\Fonts\\HGF5X_CNKI.ttf', name='HGF5X_CNKI', style='normal', variant='normal', weight=400, stretch='normal', size='scalable')) = 10.335
2026-02-21 13:04:41,340 - matplotlib.font_manager - DEBUG - findfont: score(FontEntry(fname='C:\\Windows\\Fonts\\SIMYOU.TTF', name='YouYuan', style='normal', variant='normal', weight=400, stretch='normal', size='scalable')) = 10.335
2026-02-21 13:04:41,340 - matplotlib.font_manager - DEBUG - findfont: score(FontEntry(fname='C:\\Windows\\Fonts\\HGCH_CNKI.TTF', name='HGCH_CNKI', style='normal', variant='normal', weight=400, stretch='normal', size='scalable')) = 10.335
2026-02-21 13:04:41,340 - matplotlib.font_manager - DEBUG - findfont: score(FontEntry(fname='C:\\Windows\\Fonts\\ariblk.ttf', name='Arial', style='normal', variant='normal', weight=900, stretch='normal', size='scalable')) = 10.24
2026-02-21 13:04:41,340 - matplotlib.font_manager - DEBUG - findfont: score(FontEntry(fname='C:\\Windows\\Fonts\\HGXFZ_CNKI.ttf', name='HGXFZ_CNKI', style='normal', variant='normal', weight=400, stretch='normal', size='scalable')) = 10.335
2026-02-21 13:04:41,340 - matplotlib.font_manager - DEBUG - findfont: score(FontEntry(fname='C:\\Windows\\Fonts\\georgiaz.ttf', name='Georgia', style='italic', variant='normal', weight=700, stretch='normal', size='scalable')) = 11.05
2026-02-21 13:04:41,340 - matplotlib.font_manager - DEBUG - findfont: score(FontEntry(fname='C:\\Windows\\Fonts\\PRISTINA.TTF', name='Pristina', style='normal', variant='normal', weight=400, stretch='normal', size='scalable')) = 10.335
2026-02-21 13:04:41,340 - matplotlib.font_manager - DEBUG - findfont: score(FontEntry(fname='C:\\Windows\\Fonts\\BOOKOSI.TTF', name='Bookman Old Style', style='italic', variant='normal', weight=300, stretch='normal', size='scalable')) = 11.43
2026-02-21 13:04:41,340 - matplotlib.font_manager - DEBUG - findfont: score(FontEntry(fname='C:\\Windows\\Fonts\\HGXL_CNKI.TTF', name='HGXL_CNKI', style='normal', variant='normal', weight=400, stretch='normal', size='scalable')) = 10.335
2026-02-21 13:04:41,340 - matplotlib.font_manager - DEBUG - findfont: score(FontEntry(fname='C:\\Windows\\Fonts\\DUBAI-BOLD.TTF', name='Dubai', style='normal', variant='normal', weight=700, stretch='normal', size='scalable')) = 10.05
2026-02-21 13:04:41,340 - matplotlib.font_manager - DEBUG - findfont: score(FontEntry(fname='C:\\Windows\\Fonts\\HGCY_CNKI.TTF', name='HGCY_CNKI', style='normal', variant='normal', weight=400, stretch='normal', size='scalable')) = 10.335
2026-02-21 13:04:41,340 - matplotlib.font_manager - DEBUG - findfont: score(FontEntry(fname='D:\\SceneBuilder\\runtime\\jre\\lib\\fonts\\LucidaTypewriterRegular.ttf', name='Lucida Sans Typewriter', style='normal', variant='normal', weight=400, stretch='normal', size='scalable')) = 10.335
2026-02-21 13:04:41,340 - matplotlib.font_manager - DEBUG - findfont: score(FontEntry(fname='C:\\Windows\\Fonts\\ANTQUABI.TTF', name='Book Antiqua', style='italic', variant='normal', weight=700, stretch='normal', size='scalable')) = 11.05
2026-02-21 13:04:41,340 - matplotlib.font_manager - DEBUG - findfont: score(FontEntry(fname='C:\\Windows\\Fonts\\LeelUIsl.ttf', name='Leelawadee UI', style='normal', variant='normal', weight=350, stretch='normal', size='scalable')) = 10.3825
2026-02-21 13:04:41,340 - matplotlib.font_manager - DEBUG - findfont: score(FontEntry(fname='C:\\Windows\\Fonts\\HGBZ_CNKI.ttf', name='HGBZ_CNKI', style='normal', variant='normal', weight=400, stretch='normal', size='scalable')) = 10.335
2026-02-21 13:04:41,340 - matplotlib.font_manager - DEBUG - findfont: score(FontEntry(fname='C:\\Windows\\Fonts\\HGKT2_CNKI.TTF', name='HGKT2_CNKI', style='normal', variant='normal', weight=400, stretch='normal', size='scalable')) = 10.335
2026-02-21 13:04:41,341 - matplotlib.font_manager - DEBUG - findfont: score(FontEntry(fname='C:\\Windows\\Fonts\\corbelb.ttf', name='Corbel', style='normal', variant='normal', weight=700, stretch='normal', size='scalable')) = 10.05
2026-02-21 13:04:41,341 - matplotlib.font_manager - DEBUG - findfont: score(FontEntry(fname='C:\\Windows\\Fonts\\HGFSH_CNKI.TTF', name='HGFSH_CNKI', style='normal', variant='normal', weight=400, stretch='normal', size='scalable')) = 10.335
2026-02-21 13:04:41,341 - matplotlib.font_manager - DEBUG - findfont: score(FontEntry(fname='C:\\Windows\\Fonts\\palai.ttf', name='Palatino Linotype', style='italic', variant='normal', weight=400, stretch='normal', size='scalable')) = 11.335
2026-02-21 13:04:41,341 - matplotlib.font_manager - DEBUG - findfont: score(FontEntry(fname='C:\\Windows\\Fonts\\Dengl.ttf', name='DengXian', style='normal', variant='normal', weight=300, stretch='normal', size='scalable')) = 10.43
2026-02-21 13:04:41,341 - matplotlib.font_manager - DEBUG - findfont: score(FontEntry(fname='C:\\Windows\\Fonts\\mmrtextb.ttf', name='Myanmar Text', style='normal', variant='normal', weight=700, stretch='normal', size='scalable')) = 10.05
2026-02-21 13:04:41,341 - matplotlib.font_manager - DEBUG - findfont: score(FontEntry(fname='C:\\Windows\\Fonts\\FZSTK.TTF', name='FZShuTi', style='normal', variant='normal', weight=400, stretch='normal', size='scalable')) = 10.335
2026-02-21 13:04:41,341 - matplotlib.font_manager - DEBUG - findfont: score(FontEntry(fname='C:\\Windows\\Fonts\\ARIALNBI.TTF', name='Arial', style='italic', variant='normal', weight=700, stretch='condensed', size='scalable')) = 11.25
2026-02-21 13:04:41,341 - matplotlib.font_manager - DEBUG - findfont: score(FontEntry(fname='C:\\Windows\\Fonts\\HGH1_CNKI.ttf', name='HGH1_CNKI', style='normal', variant='normal', weight=400, stretch='normal', size='scalable')) = 10.335
2026-02-21 13:04:41,341 - matplotlib.font_manager - DEBUG - findfont: score(FontEntry(fname='C:\\Windows\\Fonts\\STCAIYUN.TTF', name='STCaiyun', style='normal', variant='normal', weight=400, stretch='normal', size='scalable')) = 10.335
2026-02-21 13:04:41,341 - matplotlib.font_manager - DEBUG - findfont: score(FontEntry(fname='C:\\Windows\\Fonts\\LeelawUI.ttf', name='Leelawadee UI', style='normal', variant='normal', weight=400, stretch='normal', size='scalable')) = 10.335
2026-02-21 13:04:41,341 - matplotlib.font_manager - DEBUG - findfont: score(FontEntry(fname='C:\\Windows\\Fonts\\PAPYRUS.TTF', name='Papyrus', style='normal', variant='normal', weight=400, stretch='normal', size='scalable')) = 10.335
2026-02-21 13:04:41,341 - matplotlib.font_manager - DEBUG - findfont: score(FontEntry(fname='C:\\Windows\\Fonts\\HGH2X_CNKI.ttf', name='HGH2X_CNKI', style='normal', variant='normal', weight=400, stretch='normal', size='scalable')) = 10.335
2026-02-21 13:04:41,341 - matplotlib.font_manager - DEBUG - findfont: score(FontEntry(fname='C:\\Windows\\Fonts\\CascadiaCode.ttf', name='Cascadia Code', style='normal', variant='normal', weight=400, stretch='normal', size='scalable')) = 10.335
2026-02-21 13:04:41,341 - matplotlib.font_manager - DEBUG - findfont: score(FontEntry(fname='C:\\Windows\\Fonts\\HGKY_CNKI.ttf', name='HGKY_CNKI', style='normal', variant='normal', weight=400, stretch='normal', size='scalable')) = 10.335
2026-02-21 13:04:41,341 - matplotlib.font_manager - DEBUG - findfont: score(FontEntry(fname='D:\\软件\\PDF\\acrobat PDF\\Resource\\Font\\AdobeDevanagari-BoldItalic.otf', name='Adobe Devanagari', style='italic', variant='normal', weight=700, stretch='normal', size='scalable')) = 11.05
2026-02-21 13:04:41,341 - matplotlib.font_manager - DEBUG - findfont: score(FontEntry(fname='C:\\Windows\\Fonts\\malgunbd.ttf', name='Malgun Gothic', style='normal', variant='normal', weight=700, stretch='normal', size='scalable')) = 10.05
2026-02-21 13:04:41,341 - matplotlib.font_manager - DEBUG - findfont: score(FontEntry(fname='C:\\Windows\\Fonts\\seguisbi.ttf', name='Segoe UI', style='italic', variant='normal', weight=600, stretch='normal', size='scalable')) = 11.145
2026-02-21 13:04:41,341 - matplotlib.font_manager - DEBUG - findfont: score(FontEntry(fname='C:\\Windows\\Fonts\\cambriab.ttf', name='Cambria', style='normal', variant='normal', weight=700, stretch='normal', size='scalable')) = 10.05
2026-02-21 13:04:41,341 - matplotlib.font_manager - DEBUG - findfont: score(FontEntry(fname='C:\\Windows\\Fonts\\framdit.ttf', name='Franklin Gothic Medium', style='italic', variant='normal', weight=400, stretch='normal', size='scalable')) = 11.335
2026-02-21 13:04:41,341 - matplotlib.font_manager - DEBUG - findfont: score(FontEntry(fname='C:\\Windows\\Fonts\\HGHP_CNKI.TTF', name='HGHP_CNKI', style='normal', variant='normal', weight=400, stretch='normal', size='scalable')) = 10.335
2026-02-21 13:04:41,341 - matplotlib.font_manager - DEBUG - findfont: score(FontEntry(fname='C:\\Windows\\Fonts\\micross.ttf', name='Microsoft Sans Serif', style='normal', variant='normal', weight=400, stretch='normal', size='scalable')) = 10.335
2026-02-21 13:04:41,341 - matplotlib.font_manager - DEBUG - findfont: score(FontEntry(fname='C:\\Windows\\Fonts\\HGXFX_CNKI.ttf', name='HGXFX_CNKI', style='normal', variant='normal', weight=400, stretch='normal', size='scalable')) = 10.335
2026-02-21 13:04:41,341 - matplotlib.font_manager - DEBUG - findfont: score(FontEntry(fname='C:\\Windows\\Fonts\\HGTX_CNKI.TTF', name='HGTX_CNKI', style='normal', variant='normal', weight=400, stretch='normal', size='scalable')) = 10.335
2026-02-21 13:04:41,341 - matplotlib.font_manager - DEBUG - findfont: score(FontEntry(fname='C:\\Windows\\Fonts\\taileb.ttf', name='Microsoft Tai Le', style='normal', variant='normal', weight=700, stretch='normal', size='scalable')) = 10.05
2026-02-21 13:04:41,341 - matplotlib.font_manager - DEBUG - findfont: score(FontEntry(fname='C:\\Windows\\Fonts\\YuGothR.ttc', name='Yu Gothic', style='normal', variant='normal', weight=400, stretch='normal', size='scalable')) = 10.335
2026-02-21 13:04:41,341 - matplotlib.font_manager - DEBUG - findfont: score(FontEntry(fname='C:\\Windows\\Fonts\\simsunb.ttf', name='SimSun-ExtB', style='normal', variant='normal', weight=400, stretch='normal', size='scalable')) = 10.335
2026-02-21 13:04:41,341 - matplotlib.font_manager - DEBUG - findfont: score(FontEntry(fname='C:\\Windows\\Fonts\\Candarai.ttf', name='Candara', style='italic', variant='normal', weight=400, stretch='normal', size='scalable')) = 11.335
2026-02-21 13:04:41,341 - matplotlib.font_manager - DEBUG - findfont: score(FontEntry(fname='C:\\Windows\\Fonts\\timesbd.ttf', name='Times New Roman', style='normal', variant='normal', weight=700, stretch='normal', size='scalable')) = 10.05
2026-02-21 13:04:41,341 - matplotlib.font_manager - DEBUG - findfont: score(FontEntry(fname='C:\\Windows\\Fonts\\HGB1X_CNKI.ttf', name='HGB1X_CNKI', style='normal', variant='normal', weight=400, stretch='normal', size='scalable')) = 10.335
2026-02-21 13:04:41,341 - matplotlib.font_manager - DEBUG - findfont: score(FontEntry(fname='C:\\Windows\\Fonts\\HGHT1_CNKI.ttf', name='HGHT1_CNKI', style='normal', variant='normal', weight=400, stretch='normal', size='scalable')) = 10.335
2026-02-21 13:04:41,341 - matplotlib.font_manager - DEBUG - findfont: score(FontEntry(fname='C:\\Windows\\Fonts\\msyhbd.ttc', name='Microsoft YaHei', style='normal', variant='normal', weight=700, stretch='normal', size='scalable')) = 3.383333333333333
2026-02-21 13:04:41,341 - matplotlib.font_manager - DEBUG - findfont: score(FontEntry(fname='C:\\Windows\\Fonts\\HGF1_CNKI.ttf', name='HGF1_CNKI', style='normal', variant='normal', weight=400, stretch='normal', size='scalable')) = 10.335
2026-02-21 13:04:41,341 - matplotlib.font_manager - DEBUG - findfont: score(FontEntry(fname='C:\\Windows\\Fonts\\monbaiti.ttf', name='Mongolian Baiti', style='normal', variant='normal', weight=400, stretch='normal', size='scalable')) = 10.335
2026-02-21 13:04:41,341 - matplotlib.font_manager - DEBUG - findfont: score(FontEntry(fname='C:\\Windows\\Fonts\\HGWYS_CNKI.TTF', name='HGWYS_CNKI', style='normal', variant='normal', weight=400, stretch='normal', size='scalable')) = 10.335
2026-02-21 13:04:41,341 - matplotlib.font_manager - DEBUG - findfont: score(FontEntry(fname='C:\\Windows\\Fonts\\HGNBS_CNKI.ttf', name='HGNBS_CNKI', style='normal', variant='normal', weight=400, stretch='normal', size='scalable')) = 10.335
2026-02-21 13:04:41,341 - matplotlib.font_manager - DEBUG - findfont: score(FontEntry(fname='C:\\Windows\\Fonts\\cour.ttf', name='Courier New', style='normal', variant='normal', weight=400, stretch='normal', size='scalable')) = 10.335
2026-02-21 13:04:41,341 - matplotlib.font_manager - DEBUG - findfont: score(FontEntry(fname='C:\\Windows\\Fonts\\calibrib.ttf', name='Calibri', style='normal', variant='normal', weight=700, stretch='normal', size='scalable')) = 10.05
2026-02-21 13:04:41,341 - matplotlib.font_manager - DEBUG - findfont: score(FontEntry(fname='C:\\Windows\\Fonts\\verdanaz.ttf', name='Verdana', style='italic', variant='normal', weight=700, stretch='normal', size='scalable')) = 11.05
2026-02-21 13:04:41,342 - matplotlib.font_manager - DEBUG - findfont: score(FontEntry(fname='C:\\Windows\\Fonts\\symbol.ttf', name='Symbol', style='normal', variant='normal', weight=400, stretch='normal', size='scalable')) = 10.335
2026-02-21 13:04:41,342 - matplotlib.font_manager - DEBUG - findfont: score(FontEntry(fname='C:\\Windows\\Fonts\\HGB8X_CNKI.ttf', name='HGB8X_CNKI', style='normal', variant='normal', weight=400, stretch='normal', size='scalable')) = 10.335
2026-02-21 13:04:41,342 - matplotlib.font_manager - DEBUG - findfont: score(FontEntry(fname='C:\\Windows\\Fonts\\LHANDW.TTF', name='Lucida Handwriting', style='italic', variant='normal', weight=400, stretch='normal', size='scalable')) = 11.335
2026-02-21 13:04:41,342 - matplotlib.font_manager - DEBUG - findfont: score(FontEntry(fname='C:\\Windows\\Fonts\\tahoma.ttf', name='Tahoma', style='normal', variant='normal', weight=400, stretch='normal', size='scalable')) = 10.335
2026-02-21 13:04:41,342 - matplotlib.font_manager - DEBUG - findfont: score(FontEntry(fname='C:\\Windows\\Fonts\\constanb.ttf', name='Constantia', style='normal', variant='normal', weight=700, stretch='normal', size='scalable')) = 10.05
2026-02-21 13:04:41,342 - matplotlib.font_manager - DEBUG - findfont: score(FontEntry(fname='C:\\Windows\\Fonts\\calibriz.ttf', name='Calibri', style='italic', variant='normal', weight=700, stretch='normal', size='scalable')) = 11.05
2026-02-21 13:04:41,342 - matplotlib.font_manager - DEBUG - findfont: score(FontEntry(fname='C:\\Windows\\Fonts\\HGYT_CNKI.TTF', name='HGYT_CNKI', style='normal', variant='normal', weight=400, stretch='normal', size='scalable')) = 10.335
2026-02-21 13:04:41,342 - matplotlib.font_manager - DEBUG - findfont: score(FontEntry(fname='C:\\Windows\\Fonts\\HGF2X_CNKI.ttf', name='HGF2X_CNKI', style='normal', variant='normal', weight=400, stretch='normal', size='scalable')) = 10.335
2026-02-21 13:04:41,342 - matplotlib.font_manager - DEBUG - findfont: score(FontEntry(fname='C:\\Windows\\Fonts\\HGSS2_CNKI.TTF', name='HGSS2_CNKI', style='normal', variant='normal', weight=400, stretch='normal', size='scalable')) = 10.335
2026-02-21 13:04:41,342 - matplotlib.font_manager - DEBUG - findfont: score(FontEntry(fname='C:\\Windows\\Fonts\\segoescb.ttf', name='Segoe Script', style='normal', variant='normal', weight=700, stretch='normal', size='scalable')) = 10.05
2026-02-21 13:04:41,342 - matplotlib.font_manager - DEBUG - findfont: score(FontEntry(fname='C:\\Windows\\Fonts\\verdana.ttf', name='Verdana', style='normal', variant='normal', weight=400, stretch='normal', size='scalable')) = 10.335
2026-02-21 13:04:41,342 - matplotlib.font_manager - DEBUG - findfont: score(FontEntry(fname='C:\\Windows\\Fonts\\HGY4_CNKI.TTF', name='HGY4_CNKI', style='normal', variant='normal', weight=400, stretch='normal', size='scalable')) = 10.335
2026-02-21 13:04:41,342 - matplotlib.font_manager - DEBUG - findfont: score(FontEntry(fname='C:\\Windows\\Fonts\\SIMLI.TTF', name='LiSu', style='normal', variant='normal', weight=400, stretch='normal', size='scalable')) = 10.335
2026-02-21 13:04:41,342 - matplotlib.font_manager - DEBUG - findfont: score(FontEntry(fname='C:\\Windows\\Fonts\\HGBD_CNKI.ttf', name='HGBD_CNKI', style='normal', variant='normal', weight=400, stretch='normal', size='scalable')) = 10.335
2026-02-21 13:04:41,342 - matplotlib.font_manager - DEBUG - findfont: score(FontEntry(fname='C:\\Windows\\Fonts\\HGBTS_CNKI.TTF', name='HGBTS_CNKI', style='normal', variant='normal', weight=400, stretch='normal', size='scalable')) = 10.335
2026-02-21 13:04:41,342 - matplotlib.font_manager - DEBUG - findfont: score(FontEntry(fname='C:\\Windows\\Fonts\\seguibl.ttf', name='Segoe UI', style='normal', variant='normal', weight=900, stretch='normal', size='scalable')) = 10.24
2026-02-21 13:04:41,342 - matplotlib.font_manager - DEBUG - findfont: score(FontEntry(fname='C:\\Windows\\Fonts\\webdings.ttf', name='Webdings', style='normal', variant='normal', weight=400, stretch='normal', size='scalable')) = 10.335
2026-02-21 13:04:41,342 - matplotlib.font_manager - DEBUG - findfont: score(FontEntry(fname='C:\\Windows\\Fonts\\SitkaVF.ttf', name='Sitka', style='normal', variant='normal', weight=400, stretch='normal', size='scalable')) = 10.335
2026-02-21 13:04:41,342 - matplotlib.font_manager - DEBUG - findfont: score(FontEntry(fname='C:\\Windows\\Fonts\\HGB4_CNKI.ttf', name='HGB4_CNKI', style='normal', variant='normal', weight=400, stretch='normal', size='scalable')) = 10.335
2026-02-21 13:04:41,343 - matplotlib.font_manager - DEBUG - findfont: score(FontEntry(fname='C:\\Windows\\Fonts\\segoeuib.ttf', name='Segoe UI', style='normal', variant='normal', weight=700, stretch='normal', size='scalable')) = 10.05
2026-02-21 13:04:41,343 - matplotlib.font_manager - DEBUG - findfont: score(FontEntry(fname='C:\\Windows\\Fonts\\pala.ttf', name='Palatino Linotype', style='normal', variant='normal', weight=400, stretch='normal', size='scalable')) = 10.335
2026-02-21 13:04:41,343 - matplotlib.font_manager - DEBUG - findfont: score(FontEntry(fname='C:\\Windows\\Fonts\\simkai.ttf', name='KaiTi', style='normal', variant='normal', weight=400, stretch='normal', size='scalable')) = 10.335
2026-02-21 13:04:41,343 - matplotlib.font_manager - DEBUG - findfont: score(FontEntry(fname='C:\\Windows\\Fonts\\HGHX_CNKI.ttf', name='HGHX_CNKI', style='normal', variant='normal', weight=400, stretch='normal', size='scalable')) = 10.335
2026-02-21 13:04:41,343 - matplotlib.font_manager - DEBUG - findfont: score(FontEntry(fname='C:\\Windows\\Fonts\\SitkaVF-Italic.ttf', name='Sitka', style='italic', variant='normal', weight=400, stretch='normal', size='scalable')) = 11.335
2026-02-21 13:04:41,343 - matplotlib.font_manager - DEBUG - findfont: score(FontEntry(fname='D:\\软件\\PDF\\acrobat PDF\\Resource\\Font\\AdobeDevanagari-Italic.otf', name='Adobe Devanagari', style='italic', variant='normal', weight=400, stretch='normal', size='scalable')) = 11.335
2026-02-21 13:04:41,343 - matplotlib.font_manager - DEBUG - findfont: score(FontEntry(fname='C:\\Windows\\Fonts\\himalaya.ttf', name='Microsoft Himalaya', style='normal', variant='normal', weight=400, stretch='normal', size='scalable')) = 10.335
2026-02-21 13:04:41,343 - matplotlib.font_manager - DEBUG - findfont: score(FontEntry(fname='C:\\Windows\\Fonts\\HGH6X_CNKI.ttf', name='HGH6X_CNKI', style='normal', variant='normal', weight=400, stretch='normal', size='scalable')) = 10.335
2026-02-21 13:04:41,343 - matplotlib.font_manager - DEBUG - findfont: score(FontEntry(fname='C:\\Windows\\Fonts\\HGHUATI_CNKI.ttf', name='HGHUATI_CNKI', style='normal', variant='normal', weight=400, stretch='normal', size='scalable')) = 10.335
2026-02-21 13:04:41,343 - matplotlib.font_manager - DEBUG - findfont: score(FontEntry(fname='C:\\Windows\\Fonts\\GOTHICI.TTF', name='Century Gothic', style='italic', variant='normal', weight=400, stretch='normal', size='scalable')) = 11.335
2026-02-21 13:04:41,343 - matplotlib.font_manager - DEBUG - findfont: score(FontEntry(fname='C:\\Windows\\Fonts\\HGBS1_CNKI.TTF', name='HGBS1_CNKI', style='normal', variant='normal', weight=400, stretch='normal', size='scalable')) = 10.335
2026-02-21 13:04:41,343 - matplotlib.font_manager - DEBUG - findfont: score(FontEntry(fname='C:\\Windows\\Fonts\\segoeui.ttf', name='Segoe UI', style='normal', variant='normal', weight=400, stretch='normal', size='scalable')) = 10.335
2026-02-21 13:04:41,343 - matplotlib.font_manager - DEBUG - findfont: score(FontEntry(fname='C:\\Windows\\Fonts\\GARAIT.TTF', name='Garamond', style='italic', variant='normal', weight=400, stretch='normal', size='scalable')) = 11.335
2026-02-21 13:04:41,343 - matplotlib.font_manager - DEBUG - findfont: score(FontEntry(fname='C:\\Windows\\Fonts\\seguisym.ttf', name='Segoe UI Symbol', style='normal', variant='normal', weight=400, stretch='normal', size='scalable')) = 10.335
2026-02-21 13:04:41,343 - matplotlib.font_manager - DEBUG - findfont: score(FontEntry(fname='C:\\Windows\\Fonts\\comicz.ttf', name='Comic Sans MS', style='italic', variant='normal', weight=700, stretch='normal', size='scalable')) = 11.05
2026-02-21 13:04:41,343 - matplotlib.font_manager - DEBUG - findfont: score(FontEntry(fname='C:\\Windows\\Fonts\\msjhbd.ttc', name='Microsoft JhengHei', style='normal', variant='normal', weight=700, stretch='normal', size='scalable')) = 10.05
2026-02-21 13:04:41,343 - matplotlib.font_manager - DEBUG - findfont: score(FontEntry(fname='C:\\Windows\\Fonts\\HGSXT_CNKI.ttf', name='HGSXT_CNKI', style='normal', variant='normal', weight=400, stretch='normal', size='scalable')) = 10.335
2026-02-21 13:04:41,343 - matplotlib.font_manager - DEBUG - findfont: score(FontEntry(fname='C:\\Windows\\Fonts\\Candara.ttf', name='Candara', style='normal', variant='normal', weight=400, stretch='normal', size='scalable')) = 10.335
2026-02-21 13:04:41,343 - matplotlib.font_manager - DEBUG - findfont: score(FontEntry(fname='C:\\Windows\\Fonts\\JUICE___.TTF', name='Juice ITC', style='normal', variant='normal', weight=400, stretch='normal', size='scalable')) = 10.335
2026-02-21 13:04:41,343 - matplotlib.font_manager - DEBUG - findfont: score(FontEntry(fname='C:\\Windows\\Fonts\\YuGothM.ttc', name='Yu Gothic', style='normal', variant='normal', weight=500, stretch='normal', size='scalable')) = 10.24
2026-02-21 13:04:41,343 - matplotlib.font_manager - DEBUG - findfont: score(FontEntry(fname='C:\\Windows\\Fonts\\impact.ttf', name='Impact', style='normal', variant='normal', weight=400, stretch='normal', size='scalable')) = 10.335
2026-02-21 13:04:41,343 - matplotlib.font_manager - DEBUG - findfont: score(FontEntry(fname='C:\\Windows\\Fonts\\HGF6X_CNKI.ttf', name='HGF6X_CNKI', style='normal', variant='normal', weight=400, stretch='normal', size='scalable')) = 10.335
2026-02-21 13:04:41,343 - matplotlib.font_manager - DEBUG - findfont: score(FontEntry(fname='C:\\Windows\\Fonts\\HGB5X_CNKI.ttf', name='HGB5X_CNKI', style='normal', variant='normal', weight=400, stretch='normal', size='scalable')) = 10.335
2026-02-21 13:04:41,343 - matplotlib.font_manager - DEBUG - findfont: Matching sans\-serif:style=normal:variant=normal:weight=bold:stretch=normal:size=12.0 to SimHei ('C:\\Windows\\Fonts\\simhei.ttf') with score of 0.335000.
2026-02-21 13:04:43,616 - root - INFO - Best model saved at epoch 1 with validation R2: 0.0347
2026-02-21 13:04:43,617 - root - INFO - Epoch [1/1000], Train Loss: 0.7524, R2: -1.1771, RMSE: 0.8674 | Valid Loss: 0.0626, R2: 0.0347, RMSE: 0.2503
2026-02-21 13:04:43,717 - root - INFO - Best model saved at epoch 2 with validation R2: 0.0494
2026-02-21 13:04:43,717 - root - INFO - Epoch [2/1000], Train Loss: 0.7262, R2: -1.1015, RMSE: 0.8522 | Valid Loss: 0.0617, R2: 0.0494, RMSE: 0.2484
2026-02-21 13:04:43,824 - root - INFO - Best model saved at epoch 3 with validation R2: 0.0613
2026-02-21 13:04:43,824 - root - INFO - Epoch [3/1000], Train Loss: 0.6979, R2: -1.0194, RMSE: 0.8354 | Valid Loss: 0.0609, R2: 0.0613, RMSE: 0.2468
2026-02-21 13:04:43,934 - root - INFO - Best model saved at epoch 4 with validation R2: 0.0744
2026-02-21 13:04:43,934 - root - INFO - Epoch [4/1000], Train Loss: 0.6674, R2: -0.9311, RMSE: 0.8169 | Valid Loss: 0.0601, R2: 0.0744, RMSE: 0.2451
2026-02-21 13:04:44,034 - root - INFO - Best model saved at epoch 5 with validation R2: 0.0810
2026-02-21 13:04:44,035 - root - INFO - Epoch [5/1000], Train Loss: 0.6324, R2: -0.8299, RMSE: 0.7952 | Valid Loss: 0.0596, R2: 0.0810, RMSE: 0.2442
2026-02-21 13:04:44,140 - root - INFO - Best model saved at epoch 6 with validation R2: 0.0859
2026-02-21 13:04:44,140 - root - INFO - Epoch [6/1000], Train Loss: 0.5942, R2: -0.7193, RMSE: 0.7708 | Valid Loss: 0.0593, R2: 0.0859, RMSE: 0.2435
2026-02-21 13:04:44,236 - root - INFO - Epoch [7/1000], Train Loss: 0.5455, R2: -0.5786, RMSE: 0.7386 | Valid Loss: 0.0595, R2: 0.0824, RMSE: 0.2440
2026-02-21 13:04:44,352 - root - INFO - Epoch [8/1000], Train Loss: 0.4953, R2: -0.4333, RMSE: 0.7038 | Valid Loss: 0.0605, R2: 0.0675, RMSE: 0.2460
2026-02-21 13:04:44,457 - root - INFO - Epoch [9/1000], Train Loss: 0.4347, R2: -0.2577, RMSE: 0.6593 | Valid Loss: 0.0627, R2: 0.0339, RMSE: 0.2504
2026-02-21 13:04:44,558 - root - INFO - Epoch [10/1000], Train Loss: 0.3649, R2: -0.0559, RMSE: 0.6041 | Valid Loss: 0.0664, R2: -0.0231, RMSE: 0.2576
2026-02-21 13:04:44,650 - root - INFO - Epoch [11/1000], Train Loss: 0.2875, R2: 0.1681, RMSE: 0.5362 | Valid Loss: 0.0720, R2: -0.1102, RMSE: 0.2684
2026-02-21 13:04:44,746 - root - INFO - Epoch [12/1000], Train Loss: 0.2120, R2: 0.3864, RMSE: 0.4605 | Valid Loss: 0.0810, R2: -0.2490, RMSE: 0.2847
2026-02-21 13:04:44,868 - root - INFO - Epoch [13/1000], Train Loss: 0.1443, R2: 0.5825, RMSE: 0.3798 | Valid Loss: 0.0927, R2: -0.4283, RMSE: 0.3044
2026-02-21 13:04:44,958 - root - INFO - Epoch [14/1000], Train Loss: 0.0957, R2: 0.7230, RMSE: 0.3094 | Valid Loss: 0.1025, R2: -0.5799, RMSE: 0.3202
2026-02-21 13:04:45,062 - root - INFO - Epoch [15/1000], Train Loss: 0.0716, R2: 0.7927, RMSE: 0.2677 | Valid Loss: 0.1047, R2: -0.6142, RMSE: 0.3236
2026-02-21 13:04:45,186 - root - INFO - Early stopping triggered at epoch 16. No improvement for 10 epochs.
2026-02-21 13:04:45,213 - root - ERROR - D:\anaconda\Lib\site-packages\torch\nn\modules\loss.py:610: UserWarning: Using a target size (torch.Size([32])) that is different to the input size (torch.Size([32, 1])). This will likely lead to incorrect results due to broadcasting. Please ensure they have the same size.
2026-02-21 13:04:45,214 - root - ERROR -   return F.mse_loss(input, target, reduction=self.reduction)
2026-02-21 13:04:45,220 - root - INFO - Test Loss: 2.6545, R2 Score: -7.6992, RMSE: 1.6279
