2026-02-22 17:52:59,616 - root - INFO - 合并后的价格数据预览：
2026-02-22 17:52:59,703 - root - INFO -               宁德时代  market_data_1_上证综指  market_data_2_深证成指  \
2026-02-22 17:52:59,706 - root - INFO - 日期
2026-02-22 17:52:59,706 - root - INFO - 2021-08-10  511.10             2596.62            15057.59
2026-02-22 17:52:59,709 - root - INFO - 2021-08-11  517.85             2606.62            15021.17
2026-02-22 17:52:59,711 - root - INFO - 2021-08-12  502.60             2616.62            14901.97
2026-02-22 17:52:59,713 - root - INFO - 2021-08-13  502.65             2616.62            14799.03
2026-02-22 17:52:59,716 - root - INFO - 2021-08-16  477.60             2624.12            14693.74
2026-02-22 17:52:59,717 - root - INFO - ...            ...                 ...                 ...
2026-02-22 17:52:59,718 - root - INFO - 2024-06-17  351.59             1546.69             9281.25
2026-02-22 17:52:59,720 - root - INFO - 2024-06-18  355.42             1544.19             9318.47
2026-02-22 17:52:59,721 - root - INFO - 2024-06-19  353.04             1552.94             9219.07
2026-02-22 17:52:59,721 - root - INFO - 2024-06-20  351.21             1540.44             9068.85
2026-02-22 17:52:59,723 - root - INFO - 2024-06-21  346.11             1534.19             9064.84
2026-02-22 17:52:59,724 - root - INFO - 
2026-02-22 17:52:59,724 - root - INFO -             market_data_3_创业板指  upstream_1_盛新锂能  upstream_2_天齐锂业  \
2026-02-22 17:52:59,727 - root - INFO - 日期
2026-02-22 17:52:59,728 - root - INFO - 2021-08-10             3468.67            70.64           843.91
2026-02-22 17:52:59,733 - root - INFO - 2021-08-11             3437.06            70.82           868.54
2026-02-22 17:52:59,738 - root - INFO - 2021-08-12             3386.43            68.12           847.15
2026-02-22 17:52:59,739 - root - INFO - 2021-08-13             3345.13            67.84           853.46
2026-02-22 17:52:59,759 - root - INFO - 2021-08-16             3301.39            64.45           831.22
2026-02-22 17:52:59,761 - root - INFO - ...                        ...              ...              ...
2026-02-22 17:52:59,762 - root - INFO - 2024-06-17             1806.19            25.49           292.57
2026-02-22 17:52:59,763 - root - INFO - 2024-06-18             1811.36            25.28           295.98
2026-02-22 17:52:59,763 - root - INFO - 2024-06-19             1788.50            24.80           290.18
2026-02-22 17:52:59,764 - root - INFO - 2024-06-20             1762.70            24.02           281.07
2026-02-22 17:52:59,765 - root - INFO - 2024-06-21             1755.88            23.42           274.59
2026-02-22 17:52:59,766 - root - INFO - 
2026-02-22 17:52:59,767 - root - INFO -             upstream_3_赣锋锂业  upstream_4_川恒股份  upstream_5_盐湖股份  \
2026-02-22 17:52:59,767 - root - INFO - 日期
2026-02-22 17:52:59,768 - root - INFO - 2021-08-10          1606.08            22.10           259.58
2026-02-22 17:52:59,769 - root - INFO - 2021-08-11          1624.71            22.33           239.80
2026-02-22 17:52:59,770 - root - INFO - 2021-08-12          1631.82            24.49           261.35
2026-02-22 17:52:59,771 - root - INFO - 2021-08-13          1599.60            26.86           268.89
2026-02-22 17:52:59,772 - root - INFO - 2021-08-16          1488.00            25.75           251.39
2026-02-22 17:52:59,772 - root - INFO - ...                     ...              ...              ...
2026-02-22 17:52:59,774 - root - INFO - 2024-06-17           427.29            21.64           135.75
2026-02-22 17:52:59,775 - root - INFO - 2024-06-18           429.68            22.20           136.08
2026-02-22 17:52:59,777 - root - INFO - 2024-06-19           419.10            21.77           134.31
2026-02-22 17:52:59,779 - root - INFO - 2024-06-20           404.86            21.11           133.00
2026-02-22 17:52:59,780 - root - INFO - 2024-06-21           396.92            20.89           139.03
2026-02-22 17:52:59,781 - root - INFO - 
2026-02-22 17:52:59,782 - root - INFO -             upstream_6_中远海控  upstream_7_湘潭电化  upstream_8_华友钴业  \
2026-02-22 17:52:59,783 - root - INFO - 日期
2026-02-22 17:52:59,784 - root - INFO - 2021-08-10            26.56            45.82           223.69
2026-02-22 17:52:59,785 - root - INFO - 2021-08-11            27.48            46.15           224.14
2026-02-22 17:52:59,786 - root - INFO - 2021-08-12            29.16            50.74           230.06
2026-02-22 17:52:59,787 - root - INFO - 2021-08-13            28.72            50.70           229.51
2026-02-22 17:52:59,788 - root - INFO - 2021-08-16            27.33            47.30           222.60
2026-02-22 17:52:59,789 - root - INFO - ...                     ...              ...              ...
2026-02-22 17:52:59,791 - root - INFO - 2024-06-17            26.30            43.91            62.26
2026-02-22 17:52:59,792 - root - INFO - 2024-06-18            27.02            44.94            61.98
2026-02-22 17:52:59,793 - root - INFO - 2024-06-19            27.03            44.86            60.65
2026-02-22 17:52:59,794 - root - INFO - 2024-06-20            27.91            43.18            58.40
2026-02-22 17:52:59,795 - root - INFO - 2024-06-21            27.94            42.69            58.07
2026-02-22 17:52:59,796 - root - INFO - 
2026-02-22 17:52:59,797 - root - INFO -             upstream_9_西藏珠峰  upstream_10_宁波韵升  upstream_11_中国卫星  \
2026-02-22 17:52:59,798 - root - INFO - 日期
2026-02-22 17:52:59,799 - root - INFO - 2021-08-10            60.78             86.48            527.38
2026-02-22 17:52:59,801 - root - INFO - 2021-08-11            66.64             94.08            524.97
2026-02-22 17:52:59,802 - root - INFO - 2021-08-12            73.10            102.43            517.36
2026-02-22 17:52:59,804 - root - INFO - 2021-08-13            72.24            100.31            514.15
2026-02-22 17:52:59,805 - root - INFO - 2021-08-16            65.24             91.68            507.93
2026-02-22 17:52:59,806 - root - INFO - ...                     ...               ...               ...
2026-02-22 17:52:59,807 - root - INFO - 2024-06-17            18.26             49.18            442.49
2026-02-22 17:52:59,809 - root - INFO - 2024-06-18            18.83             49.86            446.90
2026-02-22 17:52:59,810 - root - INFO - 2024-06-19            18.43             49.59            443.29
2026-02-22 17:52:59,812 - root - INFO - 2024-06-20            18.17             48.63            429.46
2026-02-22 17:52:59,814 - root - INFO - 2024-06-21            18.10             48.15            432.46
2026-02-22 17:52:59,815 - root - INFO - 
2026-02-22 17:52:59,816 - root - INFO -             upstream_12_贵研铂业  upstream_13_北方稀土  upstream_14_盛和资源  \
2026-02-22 17:52:59,818 - root - INFO - 日期
2026-02-22 17:52:59,819 - root - INFO - 2021-08-10            180.98            744.33             31.12
2026-02-22 17:52:59,820 - root - INFO - 2021-08-11            185.70            765.79             33.06
2026-02-22 17:52:59,822 - root - INFO - 2021-08-12            189.06            741.38             34.48
2026-02-22 17:52:59,823 - root - INFO - 2021-08-13            195.71            749.08             34.55
2026-02-22 17:52:59,825 - root - INFO - 2021-08-16            191.78            675.04             34.41
2026-02-22 17:52:59,825 - root - INFO - ...                      ...               ...               ...
2026-02-22 17:52:59,827 - root - INFO - 2024-06-17             93.14            311.98             28.48
2026-02-22 17:52:59,829 - root - INFO - 2024-06-18             95.00            315.75             28.31
2026-02-22 17:52:59,830 - root - INFO - 2024-06-19             93.52            311.49             28.02
2026-02-22 17:52:59,832 - root - INFO - 2024-06-20             91.75            302.64             28.05
2026-02-22 17:52:59,833 - root - INFO - 2024-06-21             91.47            301.66             27.98
2026-02-22 17:52:59,834 - root - INFO - 
2026-02-22 17:52:59,835 - root - INFO -             upstream_15_南山铝业  upstream_16_江西铜业  upstream_17_中国铝业  \
2026-02-22 17:52:59,836 - root - INFO - 日期
2026-02-22 17:52:59,838 - root - INFO - 2021-08-10             33.99             28.63              6.10
2026-02-22 17:52:59,840 - root - INFO - 2021-08-11             35.87             28.75              6.32
2026-02-22 17:52:59,841 - root - INFO - 2021-08-12             39.32             29.84              6.60
2026-02-22 17:52:59,842 - root - INFO - 2021-08-13             40.16             29.61              6.68
2026-02-22 17:52:59,843 - root - INFO - 2021-08-16             39.19             28.58              6.49
2026-02-22 17:52:59,844 - root - INFO - ...                      ...               ...               ...
2026-02-22 17:52:59,845 - root - INFO - 2024-06-17             27.18             29.15              7.94
2026-02-22 17:52:59,846 - root - INFO - 2024-06-18             27.64             29.54              8.00
2026-02-22 17:52:59,848 - root - INFO - 2024-06-19             27.64             29.67              8.09
2026-02-22 17:52:59,852 - root - INFO - 2024-06-20             27.77             29.62              8.09
2026-02-22 17:52:59,852 - root - INFO - 2024-06-21             27.83             29.50              8.03
2026-02-22 17:52:59,854 - root - INFO - 
2026-02-22 17:52:59,855 - root - INFO -             upstream_18_雅化集团  upstream_19_瑞泰科技  upstream_20_方大炭素  \
2026-02-22 17:52:59,856 - root - INFO - 日期
2026-02-22 17:52:59,857 - root - INFO - 2021-08-10            181.17            258.71            115.30
2026-02-22 17:52:59,860 - root - INFO - 2021-08-11            180.81            259.38            115.53
2026-02-22 17:52:59,861 - root - INFO - 2021-08-12            177.21            257.49            119.40
2026-02-22 17:52:59,863 - root - INFO - 2021-08-13            178.89            276.80            129.57
2026-02-22 17:52:59,866 - root - INFO - 2021-08-16            166.83            280.04            133.67
2026-02-22 17:52:59,867 - root - INFO - ...                      ...               ...               ...
2026-02-22 17:52:59,868 - root - INFO - 2024-06-17             64.47            141.99             67.18
2026-02-22 17:52:59,869 - root - INFO - 2024-06-18             64.29            143.21             67.74
2026-02-22 17:52:59,870 - root - INFO - 2024-06-19             63.69            142.67             67.30
2026-02-22 17:52:59,871 - root - INFO - 2024-06-20             64.65            142.13             66.63
2026-02-22 17:52:59,873 - root - INFO - 2024-06-21             61.83            143.88             66.52
2026-02-22 17:52:59,875 - root - INFO - 
2026-02-22 17:52:59,876 - root - INFO -             upstream_21_鹏辉能源  upstream_22_德方纳米  upstream_23_天华新能  \
2026-02-22 17:52:59,878 - root - INFO - 日期
2026-02-22 17:52:59,880 - root - INFO - 2021-08-10            148.40            469.54            384.94
2026-02-22 17:52:59,883 - root - INFO - 2021-08-11            161.23            502.84            394.78
2026-02-22 17:52:59,884 - root - INFO - 2021-08-12            158.03            587.58            414.64
2026-02-22 17:52:59,885 - root - INFO - 2021-08-13            161.95            587.80            423.76
2026-02-22 17:52:59,887 - root - INFO - 2021-08-16            151.51            546.27            395.38
2026-02-22 17:52:59,888 - root - INFO - ...                      ...               ...               ...
2026-02-22 17:52:59,889 - root - INFO - 2024-06-17             97.27            174.99            173.72
2026-02-22 17:52:59,890 - root - INFO - 2024-06-18             96.86            173.85            172.78
2026-02-22 17:52:59,891 - root - INFO - 2024-06-19             94.61            169.54            169.82
2026-02-22 17:52:59,893 - root - INFO - 2024-06-20             90.56            163.37            165.84
2026-02-22 17:52:59,894 - root - INFO - 2024-06-21             89.89            159.33            163.74
2026-02-22 17:52:59,895 - root - INFO - 
2026-02-22 17:52:59,896 - root - INFO -             upstream_24_容百科技  upstream_25_璞泰来  upstream_26_杉杉股份  \
2026-02-22 17:52:59,897 - root - INFO - 日期
2026-02-22 17:52:59,898 - root - INFO - 2021-08-10            125.31           205.01            869.06
2026-02-22 17:52:59,899 - root - INFO - 2021-08-11            132.69           207.66            914.94
2026-02-22 17:52:59,901 - root - INFO - 2021-08-12            139.11           207.81            967.88
2026-02-22 17:52:59,901 - root - INFO - 2021-08-13            138.03           203.19            934.35
2026-02-22 17:52:59,903 - root - INFO - 2021-08-16            129.29           197.83            869.35
2026-02-22 17:52:59,903 - root - INFO - ...                      ...              ...               ...
2026-02-22 17:52:59,905 - root - INFO - 2024-06-17             27.92            71.17            328.79
2026-02-22 17:52:59,907 - root - INFO - 2024-06-18             27.48            69.39            317.91
2026-02-22 17:52:59,908 - root - INFO - 2024-06-19             26.74            66.91            308.21
2026-02-22 17:52:59,909 - root - INFO - 2024-06-20             25.94            64.68            302.32
2026-02-22 17:52:59,910 - root - INFO - 2024-06-21             25.16            64.31            300.27
2026-02-22 17:52:59,912 - root - INFO - 
2026-02-22 17:52:59,913 - root - INFO -             upstream_27_诺德股份  upstream_28_天赐材料  upstream_29_多氟多  \
2026-02-22 17:52:59,915 - root - INFO - 日期
2026-02-22 17:52:59,916 - root - INFO - 2021-08-10            219.70            805.05           278.37
2026-02-22 17:52:59,917 - root - INFO - 2021-08-11            242.06            816.54           283.78
2026-02-22 17:52:59,918 - root - INFO - 2021-08-12            242.32            840.68           283.15
2026-02-22 17:52:59,920 - root - INFO - 2021-08-13            232.50            816.00           274.78
2026-02-22 17:52:59,921 - root - INFO - 2021-08-16            217.38            779.01           251.28
2026-02-22 17:52:59,923 - root - INFO - ...                      ...               ...              ...
2026-02-22 17:52:59,924 - root - INFO - 2024-06-17             42.00            297.49           114.37
2026-02-22 17:52:59,925 - root - INFO - 2024-06-18             41.87            290.83           114.00
2026-02-22 17:52:59,928 - root - INFO - 2024-06-19             40.58            284.30           111.89
2026-02-22 17:52:59,930 - root - INFO - 2024-06-20             39.28            274.51           109.13
2026-02-22 17:52:59,931 - root - INFO - 2024-06-21             38.90            269.34           108.11
2026-02-22 17:52:59,932 - root - INFO - 
2026-02-22 17:52:59,934 - root - INFO -             upstream_30_星源材质  upstream_31_先导智能  upstream_32_迈为股份  \
2026-02-22 17:52:59,935 - root - INFO - 日期
2026-02-22 17:52:59,936 - root - INFO - 2021-08-10            211.13           1498.41           1360.29
2026-02-22 17:52:59,937 - root - INFO - 2021-08-11            217.95           1475.98           1316.32
2026-02-22 17:52:59,938 - root - INFO - 2021-08-12            222.85           1488.82           1301.16
2026-02-22 17:52:59,939 - root - INFO - 2021-08-13            220.93           1534.83           1261.06
2026-02-22 17:52:59,941 - root - INFO - 2021-08-16            212.73           1444.16           1190.41
2026-02-22 17:52:59,943 - root - INFO - ...                      ...               ...               ...
2026-02-22 17:52:59,944 - root - INFO - 2024-06-17             67.49            409.50            641.46
2026-02-22 17:52:59,945 - root - INFO - 2024-06-18             67.49            412.95            651.97
2026-02-22 17:52:59,947 - root - INFO - 2024-06-19             66.46            403.56            641.23
2026-02-22 17:52:59,948 - root - INFO - 2024-06-20             64.47            389.18            630.95
2026-02-22 17:52:59,949 - root - INFO - 2024-06-21             63.44            384.20            625.52
2026-02-22 17:52:59,950 - root - INFO - 
2026-02-22 17:52:59,951 - root - INFO -             upstream_33_正业科技  upstream_34_罗博特科  upstream_35_永太科技  \
2026-02-22 17:52:59,953 - root - INFO - 日期
2026-02-22 17:52:59,956 - root - INFO - 2021-08-10             69.56             68.75            185.50
2026-02-22 17:52:59,957 - root - INFO - 2021-08-11             70.51             66.93            203.85
2026-02-22 17:52:59,959 - root - INFO - 2021-08-12             71.42             68.93            224.02
2026-02-22 17:52:59,960 - root - INFO - 2021-08-13             76.47             65.89            211.99
2026-02-22 17:52:59,962 - root - INFO - 2021-08-16             69.32             64.50            194.25
2026-02-22 17:52:59,964 - root - INFO - ...                      ...               ...               ...
2026-02-22 17:52:59,965 - root - INFO - 2024-06-17             25.91            164.39             52.32
2026-02-22 17:52:59,967 - root - INFO - 2024-06-18             26.77            165.90             52.43
2026-02-22 17:52:59,968 - root - INFO - 2024-06-19             26.63            162.88             51.13
2026-02-22 17:52:59,970 - root - INFO - 2024-06-20             25.53            166.83             49.66
2026-02-22 17:52:59,973 - root - INFO - 2024-06-21             25.53            165.57             49.89
2026-02-22 17:52:59,975 - root - INFO - 
2026-02-22 17:52:59,976 - root - INFO -             upstream_36_奥特维  upstream_37_派能科技  upstream_38_振江股份  \
2026-02-22 17:52:59,977 - root - INFO - 日期
2026-02-22 17:52:59,979 - root - INFO - 2021-08-10           181.58             96.58             26.38
2026-02-22 17:52:59,980 - root - INFO - 2021-08-11           186.71             91.67             25.77
2026-02-22 17:52:59,983 - root - INFO - 2021-08-12           190.40             91.29             25.74
2026-02-22 17:52:59,984 - root - INFO - 2021-08-13           183.10             93.32             27.65
2026-02-22 17:52:59,985 - root - INFO - 2021-08-16           174.60             95.22             28.28
2026-02-22 17:52:59,988 - root - INFO - ...                     ...               ...               ...
2026-02-22 17:52:59,990 - root - INFO - 2024-06-17           153.61             64.60             33.04
2026-02-22 17:52:59,991 - root - INFO - 2024-06-18           149.22             64.63             34.55
2026-02-22 17:52:59,993 - root - INFO - 2024-06-19           145.57             63.45             34.89
2026-02-22 17:52:59,995 - root - INFO - 2024-06-20           144.69             61.61             34.62
2026-02-22 17:52:59,996 - root - INFO - 2024-06-21           147.34             61.24             33.81
2026-02-22 17:52:59,997 - root - INFO - 
2026-02-22 17:52:59,998 - root - INFO -             upstream_39_欣锐科技  upstream_40_视源股份  upstream_41_德赛西威  \
2026-02-22 17:52:59,999 - root - INFO - 日期
2026-02-22 17:53:00,001 - root - INFO - 2021-08-10             34.96            185.49            105.20
2026-02-22 17:53:00,003 - root - INFO - 2021-08-11             34.50            183.52            101.87
2026-02-22 17:53:00,006 - root - INFO - 2021-08-12             34.90            185.10            104.80
2026-02-22 17:53:00,008 - root - INFO - 2021-08-13             33.70            187.37            101.12
2026-02-22 17:53:00,010 - root - INFO - 2021-08-16             34.53            192.32             93.40
2026-02-22 17:53:00,012 - root - INFO - ...                      ...               ...               ...
2026-02-22 17:53:00,014 - root - INFO - 2024-06-17             15.81             57.30            101.99
2026-02-22 17:53:00,016 - root - INFO - 2024-06-18             16.34             58.13            103.00
2026-02-22 17:53:00,017 - root - INFO - 2024-06-19             16.63             56.88             99.04
2026-02-22 17:53:00,018 - root - INFO - 2024-06-20             15.64             55.33             96.83
2026-02-22 17:53:00,020 - root - INFO - 2024-06-21             15.34             55.99             97.09
2026-02-22 17:53:00,022 - root - INFO - 
2026-02-22 17:53:00,024 - root - INFO -             upstream_42_当升科技  upstream_43_格林美  upstream_44_富临精工  \
2026-02-22 17:53:00,025 - root - INFO - 日期
2026-02-22 17:53:00,028 - root - INFO - 2021-08-10            287.33           277.35            162.80
2026-02-22 17:53:00,029 - root - INFO - 2021-08-11            297.81           287.18            168.62
2026-02-22 17:53:00,031 - root - INFO - 2021-08-12            301.81           291.52            179.43
2026-02-22 17:53:00,032 - root - INFO - 2021-08-13            295.41           285.12            184.38
2026-02-22 17:53:00,033 - root - INFO - 2021-08-16            274.45           273.92            169.33
2026-02-22 17:53:00,035 - root - INFO - ...                      ...              ...               ...
2026-02-22 17:53:00,036 - root - INFO - 2024-06-17            161.90           159.20             57.92
2026-02-22 17:53:00,037 - root - INFO - 2024-06-18            161.70           161.49             59.15
2026-02-22 17:53:00,038 - root - INFO - 2024-06-19            158.30           159.20             58.08
2026-02-22 17:53:00,040 - root - INFO - 2024-06-20            152.74           155.09             55.78
2026-02-22 17:53:00,041 - root - INFO - 2024-06-21            153.02           154.86             57.08
2026-02-22 17:53:00,043 - root - INFO - 
2026-02-22 17:53:00,044 - root - INFO -             upstream_45_中科三环  upstream_46_凯恩股份  upstream_47_明冠新材  \
2026-02-22 17:53:00,045 - root - INFO - 日期
2026-02-22 17:53:00,047 - root - INFO - 2021-08-10            170.36             23.32             34.71
2026-02-22 17:53:00,049 - root - INFO - 2021-08-11            170.36             23.86             35.93
2026-02-22 17:53:00,051 - root - INFO - 2021-08-12            176.84             24.08             34.45
2026-02-22 17:53:00,053 - root - INFO - 2021-08-13            173.60             24.22             34.00
2026-02-22 17:53:00,055 - root - INFO - 2021-08-16            167.25             23.86             32.61
2026-02-22 17:53:00,056 - root - INFO - ...                      ...               ...               ...
2026-02-22 17:53:00,058 - root - INFO - 2024-06-17            122.74             13.79             12.01
2026-02-22 17:53:00,059 - root - INFO - 2024-06-18            124.96             14.12             12.15
2026-02-22 17:53:00,061 - root - INFO - 2024-06-19            122.59             14.15             11.93
2026-02-22 17:53:00,062 - root - INFO - 2024-06-20            120.52             13.76             11.87
2026-02-22 17:53:00,063 - root - INFO - 2024-06-21            119.93             13.76             11.89
2026-02-22 17:53:00,065 - root - INFO - 
2026-02-22 17:53:00,065 - root - INFO -             upstream_48_新宙邦  upstream_49_中材科技  upstream_50_新纶新材  \
2026-02-22 17:53:00,068 - root - INFO - 日期
2026-02-22 17:53:00,069 - root - INFO - 2021-08-10           368.40            122.15             49.93
2026-02-22 17:53:00,070 - root - INFO - 2021-08-11           366.00            123.86             53.61
2026-02-22 17:53:00,071 - root - INFO - 2021-08-12           371.00            122.44             52.49
2026-02-22 17:53:00,073 - root - INFO - 2021-08-13           376.24            124.44             50.89
2026-02-22 17:53:00,074 - root - INFO - 2021-08-16           358.96            122.19             47.69
2026-02-22 17:53:00,076 - root - INFO - ...                     ...               ...               ...
2026-02-22 17:53:00,077 - root - INFO - 2024-06-17           198.81             72.92              8.73
2026-02-22 17:53:00,079 - root - INFO - 2024-06-18           196.28             73.58              9.05
2026-02-22 17:53:00,081 - root - INFO - 2024-06-19           192.36             72.75              9.45
2026-02-22 17:53:00,082 - root - INFO - 2024-06-20           187.00             70.13              9.05
2026-02-22 17:53:00,084 - root - INFO - 2024-06-21           187.69             69.96              8.73
2026-02-22 17:53:00,085 - root - INFO - 
2026-02-22 17:53:00,086 - root - INFO -             upstream_51_翔丰华  upstream_52_国轩高科  upstream_53_上海港湾  \
2026-02-22 17:53:00,088 - root - INFO - 日期
2026-02-22 17:53:00,090 - root - INFO - 2021-08-10            19.80            266.49             49.35
2026-02-22 17:53:00,091 - root - INFO - 2021-08-11            19.68            271.36             48.00
2026-02-22 17:53:00,092 - root - INFO - 2021-08-12            19.70            266.87             45.44
2026-02-22 17:53:00,094 - root - INFO - 2021-08-13            20.17            259.61             45.75
2026-02-22 17:53:00,095 - root - INFO - 2021-08-16            18.86            241.47             45.61
2026-02-22 17:53:00,096 - root - INFO - ...                     ...               ...               ...
2026-02-22 17:53:00,097 - root - INFO - 2024-06-17             8.33             88.10             32.81
2026-02-22 17:53:00,099 - root - INFO - 2024-06-18             8.58             87.38             32.59
2026-02-22 17:53:00,100 - root - INFO - 2024-06-19             8.53             85.33             32.25
2026-02-22 17:53:00,102 - root - INFO - 2024-06-20             8.31             82.94             31.69
2026-02-22 17:53:00,103 - root - INFO - 2024-06-21             8.24             83.13             31.78
2026-02-22 17:53:00,104 - root - INFO - 
2026-02-22 17:53:00,106 - root - INFO -             upstream_54_航天电子  upstream_55_普天科技  upstream_56_上海瀚讯  \
2026-02-22 17:53:00,107 - root - INFO - 日期
2026-02-22 17:53:00,108 - root - INFO - 2021-08-10            380.75             86.86             89.66
2026-02-22 17:53:00,111 - root - INFO - 2021-08-11            385.06             86.62             87.10
2026-02-22 17:53:00,112 - root - INFO - 2021-08-12            374.82             86.20             83.90
2026-02-22 17:53:00,114 - root - INFO - 2021-08-13            374.82             86.02             82.21
2026-02-22 17:53:00,117 - root - INFO - 2021-08-16            365.12             85.72             81.64
2026-02-22 17:53:00,119 - root - INFO - ...                      ...               ...               ...
2026-02-22 17:53:00,120 - root - INFO - 2024-06-17            392.61            123.11             67.53
2026-02-22 17:53:00,123 - root - INFO - 2024-06-18            393.15            124.31             71.50
2026-02-22 17:53:00,125 - root - INFO - 2024-06-19            385.60            122.81             70.27
2026-02-22 17:53:00,126 - root - INFO - 2024-06-20            373.74            119.03             67.20
2026-02-22 17:53:00,128 - root - INFO - 2024-06-21            376.98            119.39             67.45
2026-02-22 17:53:00,131 - root - INFO - 
2026-02-22 17:53:00,134 - root - INFO -             upstream_57_中科星图  upstream_58_光迅科技  upstream_59_海格通信  \
2026-02-22 17:53:00,136 - root - INFO - 日期
2026-02-22 17:53:00,137 - root - INFO - 2021-08-10             77.36             86.06             68.67
2026-02-22 17:53:00,138 - root - INFO - 2021-08-11             75.10             84.98             68.97
2026-02-22 17:53:00,139 - root - INFO - 2021-08-12             78.21             87.95             67.77
2026-02-22 17:53:00,140 - root - INFO - 2021-08-13             78.57             85.55             67.47
2026-02-22 17:53:00,142 - root - INFO - 2021-08-16             75.12             81.77             66.57
2026-02-22 17:53:00,144 - root - INFO - ...                      ...               ...               ...
2026-02-22 17:53:00,145 - root - INFO - 2024-06-17             74.23            109.85             72.09
2026-02-22 17:53:00,150 - root - INFO - 2024-06-18             74.41            112.85             73.29
2026-02-22 17:53:00,151 - root - INFO - 2024-06-19             74.36            111.17             72.39
2026-02-22 17:53:00,155 - root - INFO - 2024-06-20             73.51            108.80             71.01
2026-02-22 17:53:00,157 - root - INFO - 2024-06-21             74.94            115.94             71.25
2026-02-22 17:53:00,159 - root - INFO - 
2026-02-22 17:53:00,161 - root - INFO -             upstream_60_开普云  upstream_61_亿利洁能  upstream_62_特变电工  \
2026-02-22 17:53:00,163 - root - INFO - 日期
2026-02-22 17:53:00,166 - root - INFO - 2021-08-10            40.41             13.54            820.12
2026-02-22 17:53:00,167 - root - INFO - 2021-08-11            39.75             13.60            838.51
2026-02-22 17:53:00,169 - root - INFO - 2021-08-12            41.46             13.63            829.58
2026-02-22 17:53:00,170 - root - INFO - 2021-08-13            40.21             14.30            865.31
2026-02-22 17:53:00,172 - root - INFO - 2021-08-16            40.92             14.89            819.59
2026-02-22 17:53:00,174 - root - INFO - ...                     ...               ...               ...
2026-02-22 17:53:00,175 - root - INFO - 2024-06-17            41.21              3.97           1042.17
2026-02-22 17:53:00,176 - root - INFO - 2024-06-18            41.98              3.89           1047.63
2026-02-22 17:53:00,177 - root - INFO - 2024-06-19            41.77              3.82           1027.14
2026-02-22 17:53:00,182 - root - INFO - 2024-06-20            41.49              3.75           1012.80
2026-02-22 17:53:00,183 - root - INFO - 2024-06-21            41.02              3.67           1008.70
2026-02-22 17:53:00,184 - root - INFO - 
2026-02-22 17:53:00,185 - root - INFO -             upstream_63_隆基绿能  upstream_64_卧龙电驱  upstream_65_方正电机  \
2026-02-22 17:53:00,186 - root - INFO - 日期
2026-02-22 17:53:00,189 - root - INFO - 2021-08-10           1199.76             65.85             25.56
2026-02-22 17:53:00,190 - root - INFO - 2021-08-11           1183.80             66.46             26.41
2026-02-22 17:53:00,192 - root - INFO - 2021-08-12           1190.95             68.57             26.51
2026-02-22 17:53:00,193 - root - INFO - 2021-08-13           1156.83             71.86             28.98
2026-02-22 17:53:00,194 - root - INFO - 2021-08-16           1165.22             69.58             26.53
2026-02-22 17:53:00,197 - root - INFO - ...                      ...               ...               ...
2026-02-22 17:53:00,198 - root - INFO - 2024-06-17            332.22             64.71             12.48
2026-02-22 17:53:00,200 - root - INFO - 2024-06-18            332.60             65.63             12.74
2026-02-22 17:53:00,201 - root - INFO - 2024-06-19            325.28             65.67             12.58
2026-02-22 17:53:00,202 - root - INFO - 2024-06-20            310.26             62.56             12.20
2026-02-22 17:53:00,204 - root - INFO - 2024-06-21            307.94             62.47             12.25
2026-02-22 17:53:00,204 - root - INFO - 
2026-02-22 17:53:00,206 - root - INFO -             upstream_66_大洋电机  upstream_67_汇川技术  upstream_68_蓝海华腾  \
2026-02-22 17:53:00,208 - root - INFO - 日期
2026-02-22 17:53:00,210 - root - INFO - 2021-08-10             77.24           1869.71             80.60
2026-02-22 17:53:00,213 - root - INFO - 2021-08-11             83.77           1812.87             76.96
2026-02-22 17:53:00,214 - root - INFO - 2021-08-12             87.13           1627.05             75.84
2026-02-22 17:53:00,215 - root - INFO - 2021-08-13             94.58           1627.92             78.40
2026-02-22 17:53:00,216 - root - INFO - 2021-08-16            102.84           1604.88             74.20
2026-02-22 17:53:00,217 - root - INFO - ...                      ...               ...               ...
2026-02-22 17:53:00,218 - root - INFO - 2024-06-17             66.94           1258.87             62.40
2026-02-22 17:53:00,219 - root - INFO - 2024-06-18             67.75           1256.50             64.80
2026-02-22 17:53:00,222 - root - INFO - 2024-06-19             66.94           1216.45             66.68
2026-02-22 17:53:00,225 - root - INFO - 2024-06-20             65.51           1171.02             62.20
2026-02-22 17:53:00,228 - root - INFO - 2024-06-21             65.81           1171.67             60.48
2026-02-22 17:53:00,229 - root - INFO - 
2026-02-22 17:53:00,230 - root - INFO -             upstream_69_禾望电气  upstream_70_特锐德  upstream_71_盛弘股份  \
2026-02-22 17:53:00,231 - root - INFO - 日期
2026-02-22 17:53:00,232 - root - INFO - 2021-08-10             24.87           199.41            103.73
2026-02-22 17:53:00,234 - root - INFO - 2021-08-11             25.60           215.98            124.32
2026-02-22 17:53:00,235 - root - INFO - 2021-08-12             27.73           217.30            132.92
2026-02-22 17:53:00,236 - root - INFO - 2021-08-13             28.73           214.99            124.32
2026-02-22 17:53:00,237 - root - INFO - 2021-08-16             25.88           202.45            123.29
2026-02-22 17:53:00,239 - root - INFO - ...                      ...              ...               ...
2026-02-22 17:53:00,240 - root - INFO - 2024-06-17             18.71           148.18             85.39
2026-02-22 17:53:00,242 - root - INFO - 2024-06-18             18.98           148.78             86.54
2026-02-22 17:53:00,244 - root - INFO - 2024-06-19             17.99           141.65             83.13
2026-02-22 17:53:00,245 - root - INFO - 2024-06-20             17.11           139.01             79.36
2026-02-22 17:53:00,246 - root - INFO - 2024-06-21             17.31           140.00             79.09
2026-02-22 17:53:00,247 - root - INFO - 
2026-02-22 17:53:00,249 - root - INFO -             upstream_72_科士达  upstream_73_通合科技  upstream_74_和顺电气  \
2026-02-22 17:53:00,250 - root - INFO - 日期
2026-02-22 17:53:00,251 - root - INFO - 2021-08-10           159.52             32.14             62.22
2026-02-22 17:53:00,252 - root - INFO - 2021-08-11           174.80             34.04             74.33
2026-02-22 17:53:00,252 - root - INFO - 2021-08-12           191.61             33.54             70.64
2026-02-22 17:53:00,254 - root - INFO - 2021-08-13           210.09             34.73             66.18
2026-02-22 17:53:00,256 - root - INFO - 2021-08-16           197.36             32.71             73.74
2026-02-22 17:53:00,259 - root - INFO - ...                     ...               ...               ...
2026-02-22 17:53:00,260 - root - INFO - 2024-06-17           109.94             28.34             38.00
2026-02-22 17:53:00,262 - root - INFO - 2024-06-18           111.17             28.97             37.23
2026-02-22 17:53:00,263 - root - INFO - 2024-06-19           108.76             28.54             35.75
2026-02-22 17:53:00,265 - root - INFO - 2024-06-20           104.88             27.55             35.88
2026-02-22 17:53:00,266 - root - INFO - 2024-06-21           104.04             27.35             34.98
2026-02-22 17:53:00,267 - root - INFO - 
2026-02-22 17:53:00,268 - root - INFO -             upstream_75_奥特迅  upstream_76_英可瑞  upstream_77_永贵电器  \
2026-02-22 17:53:00,269 - root - INFO - 日期
2026-02-22 17:53:00,270 - root - INFO - 2021-08-10            37.18            66.03             44.43
2026-02-22 17:53:00,271 - root - INFO - 2021-08-11            40.80            70.34             47.31
2026-02-22 17:53:00,273 - root - INFO - 2021-08-12            40.24            68.44             46.02
2026-02-22 17:53:00,273 - root - INFO - 2021-08-13            38.92            67.34             45.89
2026-02-22 17:53:00,275 - root - INFO - 2021-08-16            38.10            64.99             44.48
2026-02-22 17:53:00,277 - root - INFO - ...                     ...              ...               ...
2026-02-22 17:53:00,278 - root - INFO - 2024-06-17            18.60            41.47             71.67
2026-02-22 17:53:00,279 - root - INFO - 2024-06-18            18.32            40.94             72.75
2026-02-22 17:53:00,280 - root - INFO - 2024-06-19            17.52            39.75             71.67
2026-02-22 17:53:00,281 - root - INFO - 2024-06-20            17.10            37.25             68.89
2026-02-22 17:53:00,283 - root - INFO - 2024-06-21            16.70            36.99             68.41
2026-02-22 17:53:00,284 - root - INFO - 
2026-02-22 17:53:00,285 - root - INFO -             upstream_78_阳光电源  upstream_79_南都电源  upstream_80_国轩高科  \
2026-02-22 17:53:00,286 - root - INFO - 日期
2026-02-22 17:53:00,289 - root - INFO - 2021-08-10           1004.53             36.71            266.49
2026-02-22 17:53:00,291 - root - INFO - 2021-08-11            995.85             40.82            271.36
2026-02-22 17:53:00,292 - root - INFO - 2021-08-12            975.69             41.03            266.87
2026-02-22 17:53:00,293 - root - INFO - 2021-08-13            936.62             42.06            259.61
2026-02-22 17:53:00,294 - root - INFO - 2021-08-16            916.01             41.49            241.47
2026-02-22 17:53:00,295 - root - INFO - ...                      ...               ...               ...
2026-02-22 17:53:00,296 - root - INFO - 2024-06-17            626.53             24.64             88.10
2026-02-22 17:53:00,297 - root - INFO - 2024-06-18            641.10             24.76             87.38
2026-02-22 17:53:00,298 - root - INFO - 2024-06-19            630.60             24.21             85.33
2026-02-22 17:53:00,299 - root - INFO - 2024-06-20            626.26             23.13             82.94
2026-02-22 17:53:00,300 - root - INFO - 2024-06-21            622.55             22.60             83.13
2026-02-22 17:53:00,302 - root - INFO - 
2026-02-22 17:53:00,303 - root - INFO -             upstream_81_鹏辉能源  upstream_82_中国电建  upstream_83_平高电气  \
2026-02-22 17:53:00,304 - root - INFO - 日期
2026-02-22 17:53:00,305 - root - INFO - 2021-08-10            148.40              6.21             47.69
2026-02-22 17:53:00,305 - root - INFO - 2021-08-11            161.23              6.44             49.00
2026-02-22 17:53:00,307 - root - INFO - 2021-08-12            158.03              6.25             48.22
2026-02-22 17:53:00,309 - root - INFO - 2021-08-13            161.95              6.22             49.42
2026-02-22 17:53:00,310 - root - INFO - 2021-08-16            151.51              6.21             48.74
2026-02-22 17:53:00,311 - root - INFO - ...                      ...               ...               ...
2026-02-22 17:53:00,312 - root - INFO - 2024-06-17             97.27              6.33            106.32
2026-02-22 17:53:00,313 - root - INFO - 2024-06-18             96.86              6.65            108.82
2026-02-22 17:53:00,314 - root - INFO - 2024-06-19             94.61              6.67            106.48
2026-02-22 17:53:00,315 - root - INFO - 2024-06-20             90.56              6.56            106.95
2026-02-22 17:53:00,316 - root - INFO - 2024-06-21             89.89              6.63            106.32
2026-02-22 17:53:00,318 - root - INFO - 
2026-02-22 17:53:00,319 - root - INFO -             upstream_84_中天科技  upstream_85_士兰微  upstream_86_嘉化能源  \
2026-02-22 17:53:00,320 - root - INFO - 日期
2026-02-22 17:53:00,321 - root - INFO - 2021-08-10             50.65           629.52             61.84
2026-02-22 17:53:00,321 - root - INFO - 2021-08-11             55.27           658.33             61.66
2026-02-22 17:53:00,324 - root - INFO - 2021-08-12             60.36           659.47             61.62
2026-02-22 17:53:00,325 - root - INFO - 2021-08-13             58.72           635.55             61.25
2026-02-22 17:53:00,326 - root - INFO - 2021-08-16             58.78           664.36             60.26
2026-02-22 17:53:00,327 - root - INFO - ...                      ...              ...               ...
2026-02-22 17:53:00,329 - root - INFO - 2024-06-17             95.57           205.31             53.18
2026-02-22 17:53:00,329 - root - INFO - 2024-06-18             97.04           204.58             52.41
2026-02-22 17:53:00,330 - root - INFO - 2024-06-19             96.63           201.67             51.19
2026-02-22 17:53:00,331 - root - INFO - 2024-06-20             96.98           200.31             50.78
2026-02-22 17:53:00,332 - root - INFO - 2024-06-21             98.09           197.71             50.78
2026-02-22 17:53:00,334 - root - INFO - 
2026-02-22 17:53:00,336 - root - INFO -             upstream_87_恒顺醋业  upstream_88_祁连山  upstream_89_津膜科技  \
2026-02-22 17:53:00,337 - root - INFO - 日期
2026-02-22 17:53:00,338 - root - INFO - 2021-08-10            122.46           153.38             30.75
2026-02-22 17:53:00,339 - root - INFO - 2021-08-11            120.60           152.98             30.75
2026-02-22 17:53:00,339 - root - INFO - 2021-08-12            118.86           154.04             30.55
2026-02-22 17:53:00,340 - root - INFO - 2021-08-13            118.07           154.71             31.07
2026-02-22 17:53:00,341 - root - INFO - 2021-08-16            118.13           157.10             30.23
2026-02-22 17:53:00,344 - root - INFO - ...                      ...              ...               ...
2026-02-22 17:53:00,345 - root - INFO - 2024-06-17             58.17           140.96             32.26
2026-02-22 17:53:00,346 - root - INFO - 2024-06-18             58.17           143.75             32.33
2026-02-22 17:53:00,347 - root - INFO - 2024-06-19             57.70           146.02             31.68
2026-02-22 17:53:00,348 - root - INFO - 2024-06-20             56.64           140.56             30.90
2026-02-22 17:53:00,349 - root - INFO - 2024-06-21             55.97           143.22             31.03
2026-02-22 17:53:00,350 - root - INFO - 
2026-02-22 17:53:00,352 - root - INFO -             upstream_90_宁波中百  upstream_91_哈投股份  upstream_92_长江电力  \
2026-02-22 17:53:00,353 - root - INFO - 日期
2026-02-22 17:53:00,353 - root - INFO - 2021-08-10             50.71             51.23             47.23
2026-02-22 17:53:00,354 - root - INFO - 2021-08-11             52.50             50.87             47.26
2026-02-22 17:53:00,356 - root - INFO - 2021-08-12             51.29             50.58             47.47
2026-02-22 17:53:00,357 - root - INFO - 2021-08-13             51.00             50.44             47.31
2026-02-22 17:53:00,358 - root - INFO - 2021-08-16             51.29             50.51             47.61
2026-02-22 17:53:00,360 - root - INFO - ...                      ...               ...               ...
2026-02-22 17:53:00,361 - root - INFO - 2024-06-17             31.25             45.46             64.75
2026-02-22 17:53:00,363 - root - INFO - 2024-06-18             31.78             46.04             64.59
2026-02-22 17:53:00,363 - root - INFO - 2024-06-19             31.59             45.75             65.01
2026-02-22 17:53:00,364 - root - INFO - 2024-06-20             31.06             44.81             65.54
2026-02-22 17:53:00,366 - root - INFO - 2024-06-21             30.72             44.95             65.52
2026-02-22 17:53:00,367 - root - INFO - 
2026-02-22 17:53:00,368 - root - INFO -             upstream_93_三花智控  upstream_94_拓普集团  upstream_95_新泉股份  \
2026-02-22 17:53:00,369 - root - INFO - 日期
2026-02-22 17:53:00,371 - root - INFO - 2021-08-10            211.39             57.88             66.88
2026-02-22 17:53:00,372 - root - INFO - 2021-08-11            222.03             58.33             65.10
2026-02-22 17:53:00,373 - root - INFO - 2021-08-12            218.25             60.16             65.44
2026-02-22 17:53:00,375 - root - INFO - 2021-08-13            234.59             59.84             64.37
2026-02-22 17:53:00,376 - root - INFO - 2021-08-16            233.36             58.64             62.60
2026-02-22 17:53:00,377 - root - INFO - ...                      ...               ...               ...
2026-02-22 17:53:00,379 - root - INFO - 2024-06-17            220.96             87.97            103.50
2026-02-22 17:53:00,380 - root - INFO - 2024-06-18            224.03             91.33            108.40
2026-02-22 17:53:00,381 - root - INFO - 2024-06-19            216.47             89.29            106.20
2026-02-22 17:53:00,382 - root - INFO - 2024-06-20            210.23             87.03            103.88
2026-02-22 17:53:00,383 - root - INFO - 2024-06-21            209.36             88.06            102.22
2026-02-22 17:53:00,385 - root - INFO - 
2026-02-22 17:53:00,387 - root - INFO -             upstream_96_福耀玻璃  upstream_97_华域汽车  downstream_1_比亚迪  \
2026-02-22 17:53:00,388 - root - INFO - 日期
2026-02-22 17:53:00,389 - root - INFO - 2021-08-10           3036.72            788.90            293.15
2026-02-22 17:53:00,391 - root - INFO - 2021-08-11           2955.48            786.45            296.14
2026-02-22 17:53:00,394 - root - INFO - 2021-08-12           2996.85            800.34            310.13
2026-02-22 17:53:00,395 - root - INFO - 2021-08-13           2945.52            794.08            301.17
2026-02-22 17:53:00,398 - root - INFO - 2021-08-16           2951.00            798.71            286.55
2026-02-22 17:53:00,399 - root - INFO - ...                      ...               ...               ...
2026-02-22 17:53:00,400 - root - INFO - 2024-06-17           2889.70            685.08            259.61
2026-02-22 17:53:00,401 - root - INFO - 2024-06-18           2899.66            689.71            258.04
2026-02-22 17:53:00,403 - root - INFO - 2024-06-19           2856.30            686.71            256.40
2026-02-22 17:53:00,404 - root - INFO - 2024-06-20           2847.83            682.35            253.90
2026-02-22 17:53:00,404 - root - INFO - 2024-06-21           2837.37            686.99            253.07
2026-02-22 17:53:00,406 - root - INFO - 
2026-02-22 17:53:00,408 - root - INFO -             downstream_2_长城汽车  downstream_3_长安汽车  downstream_4_上汽集团
2026-02-22 17:53:00,409 - root - INFO - 日期
2026-02-22 17:53:00,410 - root - INFO - 2021-08-10             181.93             133.85             131.12
2026-02-22 17:53:00,412 - root - INFO - 2021-08-11             179.53             133.91             131.07
2026-02-22 17:53:00,412 - root - INFO - 2021-08-12             189.25             142.87             133.59
2026-02-22 17:53:00,415 - root - INFO - 2021-08-13             182.68             140.37             131.76
2026-02-22 17:53:00,416 - root - INFO - 2021-08-16             180.46             143.30             131.33
2026-02-22 17:53:00,418 - root - INFO - ...                       ...                ...                ...
2026-02-22 17:53:00,419 - root - INFO - 2024-06-17              86.38             129.40             115.02
2026-02-22 17:53:00,420 - root - INFO - 2024-06-18              87.64             131.69             115.19
2026-02-22 17:53:00,423 - root - INFO - 2024-06-19              87.70             130.43             114.33
2026-02-22 17:53:00,424 - root - INFO - 2024-06-20              86.32             128.60             113.74
2026-02-22 17:53:00,425 - root - INFO - 2024-06-21              88.18             129.47             113.87
2026-02-22 17:53:00,426 - root - INFO - 
2026-02-22 17:53:00,429 - root - INFO - [617 rows x 105 columns]
2026-02-22 17:53:00,437 - root - ERROR - D:\anaconda\Lib\site-packages\statsmodels\tsa\stattools.py:1545: FutureWarning: verbose is deprecated since functions should not print results
2026-02-22 17:53:00,440 - root - ERROR -   warnings.warn(
2026-02-22 18:00:46,151 - root - INFO - 因果矩阵已生成：
2026-02-22 18:00:46,206 - root - INFO -                      宁德时代  market_data_1_上证综指  market_data_2_深证成指  \
2026-02-22 18:00:46,208 - root - INFO - 宁德时代                False                True               False
2026-02-22 18:00:46,209 - root - INFO - market_data_1_上证综指  False               False               False
2026-02-22 18:00:46,209 - root - INFO - market_data_2_深证成指  False               False               False
2026-02-22 18:00:46,211 - root - INFO - market_data_3_创业板指  False               False                True
2026-02-22 18:00:46,212 - root - INFO - upstream_1_盛新锂能     False               False               False
2026-02-22 18:00:46,213 - root - INFO - ...                   ...                 ...                 ...
2026-02-22 18:00:46,215 - root - INFO - upstream_97_华域汽车     True                True               False
2026-02-22 18:00:46,216 - root - INFO - downstream_1_比亚迪    False               False               False
2026-02-22 18:00:46,217 - root - INFO - downstream_2_长城汽车   False               False               False
2026-02-22 18:00:46,217 - root - INFO - downstream_3_长安汽车   False               False               False
2026-02-22 18:00:46,219 - root - INFO - downstream_4_上汽集团   False                True               False
2026-02-22 18:00:46,221 - root - INFO - 
2026-02-22 18:00:46,222 - root - INFO -                     market_data_3_创业板指  upstream_1_盛新锂能  upstream_2_天齐锂业  \
2026-02-22 18:00:46,223 - root - INFO - 宁德时代                              True             True            False
2026-02-22 18:00:46,224 - root - INFO - market_data_1_上证综指               False             True             True
2026-02-22 18:00:46,226 - root - INFO - market_data_2_深证成指                True            False            False
2026-02-22 18:00:46,227 - root - INFO - market_data_3_创业板指               False            False            False
2026-02-22 18:00:46,228 - root - INFO - upstream_1_盛新锂能                  False            False             True
2026-02-22 18:00:46,229 - root - INFO - ...                                ...              ...              ...
2026-02-22 18:00:46,230 - root - INFO - upstream_97_华域汽车                  True            False            False
2026-02-22 18:00:46,232 - root - INFO - downstream_1_比亚迪                 False             True            False
2026-02-22 18:00:46,233 - root - INFO - downstream_2_长城汽车                False            False            False
2026-02-22 18:00:46,234 - root - INFO - downstream_3_长安汽车                False            False            False
2026-02-22 18:00:46,235 - root - INFO - downstream_4_上汽集团                False            False            False
2026-02-22 18:00:46,236 - root - INFO - 
2026-02-22 18:00:46,238 - root - INFO -                     upstream_3_赣锋锂业  upstream_4_川恒股份  upstream_5_盐湖股份  \
2026-02-22 18:00:46,239 - root - INFO - 宁德时代                           True             True            False
2026-02-22 18:00:46,240 - root - INFO - market_data_1_上证综指             True             True            False
2026-02-22 18:00:46,241 - root - INFO - market_data_2_深证成指            False            False            False
2026-02-22 18:00:46,243 - root - INFO - market_data_3_创业板指            False             True            False
2026-02-22 18:00:46,244 - root - INFO - upstream_1_盛新锂能                True             True             True
2026-02-22 18:00:46,245 - root - INFO - ...                             ...              ...              ...
2026-02-22 18:00:46,245 - root - INFO - upstream_97_华域汽车              False            False            False
2026-02-22 18:00:46,247 - root - INFO - downstream_1_比亚迪              False            False            False
2026-02-22 18:00:46,248 - root - INFO - downstream_2_长城汽车              True            False            False
2026-02-22 18:00:46,249 - root - INFO - downstream_3_长安汽车             False            False            False
2026-02-22 18:00:46,250 - root - INFO - downstream_4_上汽集团             False             True            False
2026-02-22 18:00:46,251 - root - INFO - 
2026-02-22 18:00:46,252 - root - INFO -                     upstream_6_中远海控  upstream_7_湘潭电化  upstream_8_华友钴业  \
2026-02-22 18:00:46,253 - root - INFO - 宁德时代                           True            False             True
2026-02-22 18:00:46,254 - root - INFO - market_data_1_上证综指             True            False             True
2026-02-22 18:00:46,256 - root - INFO - market_data_2_深证成指             True            False            False
2026-02-22 18:00:46,257 - root - INFO - market_data_3_创业板指             True            False             True
2026-02-22 18:00:46,259 - root - INFO - upstream_1_盛新锂能                True            False             True
2026-02-22 18:00:46,259 - root - INFO - ...                             ...              ...              ...
2026-02-22 18:00:46,260 - root - INFO - upstream_97_华域汽车               True            False            False
2026-02-22 18:00:46,262 - root - INFO - downstream_1_比亚迪               True            False            False
2026-02-22 18:00:46,263 - root - INFO - downstream_2_长城汽车              True            False             True
2026-02-22 18:00:46,264 - root - INFO - downstream_3_长安汽车             False             True            False
2026-02-22 18:00:46,265 - root - INFO - downstream_4_上汽集团             False            False            False
2026-02-22 18:00:46,265 - root - INFO - 
2026-02-22 18:00:46,266 - root - INFO -                     upstream_9_西藏珠峰  upstream_10_宁波韵升  upstream_11_中国卫星  \
2026-02-22 18:00:46,267 - root - INFO - 宁德时代                          False             False             False
2026-02-22 18:00:46,268 - root - INFO - market_data_1_上证综指            False              True             False
2026-02-22 18:00:46,268 - root - INFO - market_data_2_深证成指            False             False             False
2026-02-22 18:00:46,271 - root - INFO - market_data_3_创业板指            False             False             False
2026-02-22 18:00:46,272 - root - INFO - upstream_1_盛新锂能               False              True             False
2026-02-22 18:00:46,273 - root - INFO - ...                             ...               ...               ...
2026-02-22 18:00:46,273 - root - INFO - upstream_97_华域汽车              False             False             False
2026-02-22 18:00:46,274 - root - INFO - downstream_1_比亚迪               True              True             False
2026-02-22 18:00:46,275 - root - INFO - downstream_2_长城汽车             False              True             False
2026-02-22 18:00:46,276 - root - INFO - downstream_3_长安汽车             False              True             False
2026-02-22 18:00:46,278 - root - INFO - downstream_4_上汽集团             False              True             False
2026-02-22 18:00:46,279 - root - INFO - 
2026-02-22 18:00:46,280 - root - INFO -                     upstream_12_贵研铂业  upstream_13_北方稀土  upstream_14_盛和资源  \
2026-02-22 18:00:46,281 - root - INFO - 宁德时代                           False             False              True
2026-02-22 18:00:46,283 - root - INFO - market_data_1_上证综指             False              True              True
2026-02-22 18:00:46,284 - root - INFO - market_data_2_深证成指             False             False             False
2026-02-22 18:00:46,286 - root - INFO - market_data_3_创业板指             False             False             False
2026-02-22 18:00:46,286 - root - INFO - upstream_1_盛新锂能                 True              True              True
2026-02-22 18:00:46,287 - root - INFO - ...                              ...               ...               ...
2026-02-22 18:00:46,289 - root - INFO - upstream_97_华域汽车               False              True             False
2026-02-22 18:00:46,290 - root - INFO - downstream_1_比亚迪                True              True              True
2026-02-22 18:00:46,292 - root - INFO - downstream_2_长城汽车               True              True              True
2026-02-22 18:00:46,293 - root - INFO - downstream_3_长安汽车              False             False             False
2026-02-22 18:00:46,294 - root - INFO - downstream_4_上汽集团              False              True              True
2026-02-22 18:00:46,295 - root - INFO - 
2026-02-22 18:00:46,296 - root - INFO -                     upstream_15_南山铝业  upstream_16_江西铜业  upstream_17_中国铝业  \
2026-02-22 18:00:46,297 - root - INFO - 宁德时代                           False             False             False
2026-02-22 18:00:46,298 - root - INFO - market_data_1_上证综指              True             False             False
2026-02-22 18:00:46,300 - root - INFO - market_data_2_深证成指             False             False             False
2026-02-22 18:00:46,301 - root - INFO - market_data_3_创业板指             False             False             False
2026-02-22 18:00:46,302 - root - INFO - upstream_1_盛新锂能                 True             False              True
2026-02-22 18:00:46,303 - root - INFO - ...                              ...               ...               ...
2026-02-22 18:00:46,305 - root - INFO - upstream_97_华域汽车               False             False             False
2026-02-22 18:00:46,305 - root - INFO - downstream_1_比亚迪               False             False             False
2026-02-22 18:00:46,308 - root - INFO - downstream_2_长城汽车              False             False             False
2026-02-22 18:00:46,310 - root - INFO - downstream_3_长安汽车               True             False             False
2026-02-22 18:00:46,310 - root - INFO - downstream_4_上汽集团              False             False              True
2026-02-22 18:00:46,311 - root - INFO - 
2026-02-22 18:00:46,312 - root - INFO -                     upstream_18_雅化集团  upstream_19_瑞泰科技  upstream_20_方大炭素  \
2026-02-22 18:00:46,313 - root - INFO - 宁德时代                            True             False             False
2026-02-22 18:00:46,314 - root - INFO - market_data_1_上证综指              True              True              True
2026-02-22 18:00:46,315 - root - INFO - market_data_2_深证成指             False             False             False
2026-02-22 18:00:46,316 - root - INFO - market_data_3_创业板指             False             False             False
2026-02-22 18:00:46,317 - root - INFO - upstream_1_盛新锂能                 True              True              True
2026-02-22 18:00:46,318 - root - INFO - ...                              ...               ...               ...
2026-02-22 18:00:46,319 - root - INFO - upstream_97_华域汽车               False             False             False
2026-02-22 18:00:46,320 - root - INFO - downstream_1_比亚迪               False             False             False
2026-02-22 18:00:46,321 - root - INFO - downstream_2_长城汽车              False             False              True
2026-02-22 18:00:46,323 - root - INFO - downstream_3_长安汽车              False             False             False
2026-02-22 18:00:46,326 - root - INFO - downstream_4_上汽集团              False             False             False
2026-02-22 18:00:46,328 - root - INFO - 
2026-02-22 18:00:46,329 - root - INFO -                     upstream_21_鹏辉能源  upstream_22_德方纳米  upstream_23_天华新能  \
2026-02-22 18:00:46,329 - root - INFO - 宁德时代                           False             False             False
2026-02-22 18:00:46,330 - root - INFO - market_data_1_上证综指             False             False              True
2026-02-22 18:00:46,331 - root - INFO - market_data_2_深证成指             False             False             False
2026-02-22 18:00:46,332 - root - INFO - market_data_3_创业板指             False             False             False
2026-02-22 18:00:46,334 - root - INFO - upstream_1_盛新锂能                False             False              True
2026-02-22 18:00:46,336 - root - INFO - ...                              ...               ...               ...
2026-02-22 18:00:46,337 - root - INFO - upstream_97_华域汽车               False             False             False
2026-02-22 18:00:46,339 - root - INFO - downstream_1_比亚迪               False              True              True
2026-02-22 18:00:46,340 - root - INFO - downstream_2_长城汽车              False             False              True
2026-02-22 18:00:46,342 - root - INFO - downstream_3_长安汽车              False             False             False
2026-02-22 18:00:46,343 - root - INFO - downstream_4_上汽集团              False             False             False
2026-02-22 18:00:46,343 - root - INFO - 
2026-02-22 18:00:46,344 - root - INFO -                     upstream_24_容百科技  upstream_25_璞泰来  upstream_26_杉杉股份  \
2026-02-22 18:00:46,345 - root - INFO - 宁德时代                           False             True              True
2026-02-22 18:00:46,346 - root - INFO - market_data_1_上证综指              True             True              True
2026-02-22 18:00:46,347 - root - INFO - market_data_2_深证成指              True             True              True
2026-02-22 18:00:46,347 - root - INFO - market_data_3_创业板指             False            False              True
2026-02-22 18:00:46,349 - root - INFO - upstream_1_盛新锂能                 True             True              True
2026-02-22 18:00:46,350 - root - INFO - ...                              ...              ...               ...
2026-02-22 18:00:46,351 - root - INFO - upstream_97_华域汽车               False            False              True
2026-02-22 18:00:46,352 - root - INFO - downstream_1_比亚迪               False             True              True
2026-02-22 18:00:46,353 - root - INFO - downstream_2_长城汽车              False             True             False
2026-02-22 18:00:46,355 - root - INFO - downstream_3_长安汽车              False            False             False
2026-02-22 18:00:46,356 - root - INFO - downstream_4_上汽集团              False             True             False
2026-02-22 18:00:46,358 - root - INFO - 
2026-02-22 18:00:46,359 - root - INFO -                     upstream_27_诺德股份  upstream_28_天赐材料  upstream_29_多氟多  \
2026-02-22 18:00:46,360 - root - INFO - 宁德时代                            True              True             True
2026-02-22 18:00:46,361 - root - INFO - market_data_1_上证综指              True              True             True
2026-02-22 18:00:46,362 - root - INFO - market_data_2_深证成指             False              True            False
2026-02-22 18:00:46,363 - root - INFO - market_data_3_创业板指             False             False             True
2026-02-22 18:00:46,364 - root - INFO - upstream_1_盛新锂能                False              True             True
2026-02-22 18:00:46,365 - root - INFO - ...                              ...               ...              ...
2026-02-22 18:00:46,367 - root - INFO - upstream_97_华域汽车                True             False            False
2026-02-22 18:00:46,367 - root - INFO - downstream_1_比亚迪               False              True            False
2026-02-22 18:00:46,369 - root - INFO - downstream_2_长城汽车              False             False            False
2026-02-22 18:00:46,371 - root - INFO - downstream_3_长安汽车              False             False            False
2026-02-22 18:00:46,373 - root - INFO - downstream_4_上汽集团               True              True             True
2026-02-22 18:00:46,374 - root - INFO - 
2026-02-22 18:00:46,375 - root - INFO -                     upstream_30_星源材质  upstream_31_先导智能  upstream_32_迈为股份  \
2026-02-22 18:00:46,376 - root - INFO - 宁德时代                            True             False             False
2026-02-22 18:00:46,377 - root - INFO - market_data_1_上证综指              True             False             False
2026-02-22 18:00:46,378 - root - INFO - market_data_2_深证成指              True             False             False
2026-02-22 18:00:46,379 - root - INFO - market_data_3_创业板指              True             False             False
2026-02-22 18:00:46,380 - root - INFO - upstream_1_盛新锂能                 True              True              True
2026-02-22 18:00:46,380 - root - INFO - ...                              ...               ...               ...
2026-02-22 18:00:46,382 - root - INFO - upstream_97_华域汽车                True              True             False
2026-02-22 18:00:46,383 - root - INFO - downstream_1_比亚迪                True             False             False
2026-02-22 18:00:46,384 - root - INFO - downstream_2_长城汽车               True             False              True
2026-02-22 18:00:46,386 - root - INFO - downstream_3_长安汽车              False             False             False
2026-02-22 18:00:46,387 - root - INFO - downstream_4_上汽集团               True             False              True
2026-02-22 18:00:46,389 - root - INFO - 
2026-02-22 18:00:46,392 - root - INFO -                     upstream_33_正业科技  upstream_34_罗博特科  upstream_35_永太科技  \
2026-02-22 18:00:46,393 - root - INFO - 宁德时代                           False             False              True
2026-02-22 18:00:46,395 - root - INFO - market_data_1_上证综指             False             False              True
2026-02-22 18:00:46,397 - root - INFO - market_data_2_深证成指             False             False             False
2026-02-22 18:00:46,399 - root - INFO - market_data_3_创业板指             False             False             False
2026-02-22 18:00:46,400 - root - INFO - upstream_1_盛新锂能                False             False             False
2026-02-22 18:00:46,402 - root - INFO - ...                              ...               ...               ...
2026-02-22 18:00:46,404 - root - INFO - upstream_97_华域汽车               False             False             False
2026-02-22 18:00:46,405 - root - INFO - downstream_1_比亚迪               False             False             False
2026-02-22 18:00:46,407 - root - INFO - downstream_2_长城汽车              False             False              True
2026-02-22 18:00:46,408 - root - INFO - downstream_3_长安汽车              False             False             False
2026-02-22 18:00:46,409 - root - INFO - downstream_4_上汽集团               True             False             False
2026-02-22 18:00:46,411 - root - INFO - 
2026-02-22 18:00:46,413 - root - INFO -                     upstream_36_奥特维  upstream_37_派能科技  upstream_38_振江股份  \
2026-02-22 18:00:46,414 - root - INFO - 宁德时代                          False             False             False
2026-02-22 18:00:46,416 - root - INFO - market_data_1_上证综指            False             False             False
2026-02-22 18:00:46,418 - root - INFO - market_data_2_深证成指            False             False             False
2026-02-22 18:00:46,421 - root - INFO - market_data_3_创业板指            False             False             False
2026-02-22 18:00:46,422 - root - INFO - upstream_1_盛新锂能               False             False             False
2026-02-22 18:00:46,424 - root - INFO - ...                             ...               ...               ...
2026-02-22 18:00:46,425 - root - INFO - upstream_97_华域汽车              False             False             False
2026-02-22 18:00:46,426 - root - INFO - downstream_1_比亚迪              False             False             False
2026-02-22 18:00:46,428 - root - INFO - downstream_2_长城汽车             False             False              True
2026-02-22 18:00:46,429 - root - INFO - downstream_3_长安汽车             False             False              True
2026-02-22 18:00:46,430 - root - INFO - downstream_4_上汽集团             False             False              True
2026-02-22 18:00:46,434 - root - INFO - 
2026-02-22 18:00:46,436 - root - INFO -                     upstream_39_欣锐科技  upstream_40_视源股份  upstream_41_德赛西威  \
2026-02-22 18:00:46,439 - root - INFO - 宁德时代                            True             False              True
2026-02-22 18:00:46,441 - root - INFO - market_data_1_上证综指             False              True             False
2026-02-22 18:00:46,443 - root - INFO - market_data_2_深证成指              True             False             False
2026-02-22 18:00:46,444 - root - INFO - market_data_3_创业板指              True             False             False
2026-02-22 18:00:46,446 - root - INFO - upstream_1_盛新锂能                False              True             False
2026-02-22 18:00:46,448 - root - INFO - ...                              ...               ...               ...
2026-02-22 18:00:46,449 - root - INFO - upstream_97_华域汽车                True             False             False
2026-02-22 18:00:46,450 - root - INFO - downstream_1_比亚迪                True             False             False
2026-02-22 18:00:46,451 - root - INFO - downstream_2_长城汽车               True              True             False
2026-02-22 18:00:46,452 - root - INFO - downstream_3_长安汽车              False             False             False
2026-02-22 18:00:46,454 - root - INFO - downstream_4_上汽集团               True              True             False
2026-02-22 18:00:46,455 - root - INFO - 
2026-02-22 18:00:46,457 - root - INFO -                     upstream_42_当升科技  upstream_43_格林美  upstream_44_富临精工  \
2026-02-22 18:00:46,458 - root - INFO - 宁德时代                           False            False             False
2026-02-22 18:00:46,460 - root - INFO - market_data_1_上证综指              True             True              True
2026-02-22 18:00:46,460 - root - INFO - market_data_2_深证成指             False            False             False
2026-02-22 18:00:46,463 - root - INFO - market_data_3_创业板指             False            False              True
2026-02-22 18:00:46,464 - root - INFO - upstream_1_盛新锂能                 True             True              True
2026-02-22 18:00:46,466 - root - INFO - ...                              ...              ...               ...
2026-02-22 18:00:46,467 - root - INFO - upstream_97_华域汽车               False             True             False
2026-02-22 18:00:46,469 - root - INFO - downstream_1_比亚迪                True            False             False
2026-02-22 18:00:46,470 - root - INFO - downstream_2_长城汽车               True             True              True
2026-02-22 18:00:46,472 - root - INFO - downstream_3_长安汽车              False            False             False
2026-02-22 18:00:46,473 - root - INFO - downstream_4_上汽集团               True            False             False
2026-02-22 18:00:46,475 - root - INFO - 
2026-02-22 18:00:46,476 - root - INFO -                     upstream_45_中科三环  upstream_46_凯恩股份  upstream_47_明冠新材  \
2026-02-22 18:00:46,477 - root - INFO - 宁德时代                           False             False             False
2026-02-22 18:00:46,478 - root - INFO - market_data_1_上证综指             False             False             False
2026-02-22 18:00:46,479 - root - INFO - market_data_2_深证成指             False             False             False
2026-02-22 18:00:46,480 - root - INFO - market_data_3_创业板指             False             False             False
2026-02-22 18:00:46,481 - root - INFO - upstream_1_盛新锂能                False             False             False
2026-02-22 18:00:46,483 - root - INFO - ...                              ...               ...               ...
2026-02-22 18:00:46,484 - root - INFO - upstream_97_华域汽车                True             False             False
2026-02-22 18:00:46,485 - root - INFO - downstream_1_比亚迪               False             False             False
2026-02-22 18:00:46,485 - root - INFO - downstream_2_长城汽车              False             False             False
2026-02-22 18:00:46,486 - root - INFO - downstream_3_长安汽车               True             False             False
2026-02-22 18:00:46,487 - root - INFO - downstream_4_上汽集团              False             False             False
2026-02-22 18:00:46,488 - root - INFO - 
2026-02-22 18:00:46,489 - root - INFO -                     upstream_48_新宙邦  upstream_49_中材科技  upstream_50_新纶新材  \
2026-02-22 18:00:46,490 - root - INFO - 宁德时代                          False             False             False
2026-02-22 18:00:46,491 - root - INFO - market_data_1_上证综指             True              True             False
2026-02-22 18:00:46,491 - root - INFO - market_data_2_深证成指            False             False             False
2026-02-22 18:00:46,493 - root - INFO - market_data_3_创业板指            False             False             False
2026-02-22 18:00:46,493 - root - INFO - upstream_1_盛新锂能                True             False             False
2026-02-22 18:00:46,494 - root - INFO - ...                             ...               ...               ...
2026-02-22 18:00:46,495 - root - INFO - upstream_97_华域汽车               True             False             False
2026-02-22 18:00:46,497 - root - INFO - downstream_1_比亚迪              False             False             False
2026-02-22 18:00:46,499 - root - INFO - downstream_2_长城汽车              True             False             False
2026-02-22 18:00:46,500 - root - INFO - downstream_3_长安汽车             False             False             False
2026-02-22 18:00:46,501 - root - INFO - downstream_4_上汽集团              True              True              True
2026-02-22 18:00:46,502 - root - INFO - 
2026-02-22 18:00:46,502 - root - INFO -                     upstream_51_翔丰华  upstream_52_国轩高科  upstream_53_上海港湾  \
2026-02-22 18:00:46,503 - root - INFO - 宁德时代                          False              True             False
2026-02-22 18:00:46,504 - root - INFO - market_data_1_上证综指            False              True             False
2026-02-22 18:00:46,505 - root - INFO - market_data_2_深证成指            False              True             False
2026-02-22 18:00:46,506 - root - INFO - market_data_3_创业板指            False              True             False
2026-02-22 18:00:46,506 - root - INFO - upstream_1_盛新锂能                True              True             False
2026-02-22 18:00:46,507 - root - INFO - ...                             ...               ...               ...
2026-02-22 18:00:46,507 - root - INFO - upstream_97_华域汽车              False              True              True
2026-02-22 18:00:46,508 - root - INFO - downstream_1_比亚迪              False             False             False
2026-02-22 18:00:46,510 - root - INFO - downstream_2_长城汽车              True             False             False
2026-02-22 18:00:46,511 - root - INFO - downstream_3_长安汽车              True             False             False
2026-02-22 18:00:46,512 - root - INFO - downstream_4_上汽集团              True              True              True
2026-02-22 18:00:46,513 - root - INFO - 
2026-02-22 18:00:46,514 - root - INFO -                     upstream_54_航天电子  upstream_55_普天科技  upstream_56_上海瀚讯  \
2026-02-22 18:00:46,515 - root - INFO - 宁德时代                           False             False             False
2026-02-22 18:00:46,515 - root - INFO - market_data_1_上证综指             False             False             False
2026-02-22 18:00:46,516 - root - INFO - market_data_2_深证成指             False             False             False
2026-02-22 18:00:46,516 - root - INFO - market_data_3_创业板指             False             False             False
2026-02-22 18:00:46,517 - root - INFO - upstream_1_盛新锂能                False             False             False
2026-02-22 18:00:46,518 - root - INFO - ...                              ...               ...               ...
2026-02-22 18:00:46,519 - root - INFO - upstream_97_华域汽车               False              True             False
2026-02-22 18:00:46,521 - root - INFO - downstream_1_比亚迪               False             False             False
2026-02-22 18:00:46,522 - root - INFO - downstream_2_长城汽车              False             False             False
2026-02-22 18:00:46,523 - root - INFO - downstream_3_长安汽车              False             False             False
2026-02-22 18:00:46,524 - root - INFO - downstream_4_上汽集团              False              True             False
2026-02-22 18:00:46,525 - root - INFO - 
2026-02-22 18:00:46,525 - root - INFO -                     upstream_57_中科星图  upstream_58_光迅科技  upstream_59_海格通信  \
2026-02-22 18:00:46,526 - root - INFO - 宁德时代                           False             False             False
2026-02-22 18:00:46,528 - root - INFO - market_data_1_上证综指             False             False             False
2026-02-22 18:00:46,529 - root - INFO - market_data_2_深证成指             False             False             False
2026-02-22 18:00:46,531 - root - INFO - market_data_3_创业板指             False             False              True
2026-02-22 18:00:46,532 - root - INFO - upstream_1_盛新锂能                False             False             False
2026-02-22 18:00:46,533 - root - INFO - ...                              ...               ...               ...
2026-02-22 18:00:46,534 - root - INFO - upstream_97_华域汽车               False             False             False
2026-02-22 18:00:46,535 - root - INFO - downstream_1_比亚迪               False             False              True
2026-02-22 18:00:46,536 - root - INFO - downstream_2_长城汽车              False             False             False
2026-02-22 18:00:46,538 - root - INFO - downstream_3_长安汽车              False             False             False
2026-02-22 18:00:46,539 - root - INFO - downstream_4_上汽集团              False             False             False
2026-02-22 18:00:46,540 - root - INFO - 
2026-02-22 18:00:46,541 - root - INFO -                     upstream_60_开普云  upstream_61_亿利洁能  upstream_62_特变电工  \
2026-02-22 18:00:46,542 - root - INFO - 宁德时代                          False             False             False
2026-02-22 18:00:46,543 - root - INFO - market_data_1_上证综指            False              True              True
2026-02-22 18:00:46,544 - root - INFO - market_data_2_深证成指            False              True             False
2026-02-22 18:00:46,545 - root - INFO - market_data_3_创业板指            False              True             False
2026-02-22 18:00:46,547 - root - INFO - upstream_1_盛新锂能               False              True              True
2026-02-22 18:00:46,548 - root - INFO - ...                             ...               ...               ...
2026-02-22 18:00:46,549 - root - INFO - upstream_97_华域汽车              False             False             False
2026-02-22 18:00:46,551 - root - INFO - downstream_1_比亚迪              False             False             False
2026-02-22 18:00:46,552 - root - INFO - downstream_2_长城汽车             False             False              True
2026-02-22 18:00:46,553 - root - INFO - downstream_3_长安汽车             False             False             False
2026-02-22 18:00:46,554 - root - INFO - downstream_4_上汽集团             False             False              True
2026-02-22 18:00:46,555 - root - INFO - 
2026-02-22 18:00:46,556 - root - INFO -                     upstream_63_隆基绿能  upstream_64_卧龙电驱  upstream_65_方正电机  \
2026-02-22 18:00:46,558 - root - INFO - 宁德时代                            True             False             False
2026-02-22 18:00:46,560 - root - INFO - market_data_1_上证综指              True             False             False
2026-02-22 18:00:46,561 - root - INFO - market_data_2_深证成指             False              True              True
2026-02-22 18:00:46,563 - root - INFO - market_data_3_创业板指             False              True              True
2026-02-22 18:00:46,564 - root - INFO - upstream_1_盛新锂能                 True             False              True
2026-02-22 18:00:46,565 - root - INFO - ...                              ...               ...               ...
2026-02-22 18:00:46,567 - root - INFO - upstream_97_华域汽车               False             False              True
2026-02-22 18:00:46,569 - root - INFO - downstream_1_比亚迪                True             False              True
2026-02-22 18:00:46,571 - root - INFO - downstream_2_长城汽车               True              True             False
2026-02-22 18:00:46,572 - root - INFO - downstream_3_长安汽车              False              True             False
2026-02-22 18:00:46,575 - root - INFO - downstream_4_上汽集团               True             False              True
2026-02-22 18:00:46,577 - root - INFO - 
2026-02-22 18:00:46,578 - root - INFO -                     upstream_66_大洋电机  upstream_67_汇川技术  upstream_68_蓝海华腾  \
2026-02-22 18:00:46,579 - root - INFO - 宁德时代                           False             False             False
2026-02-22 18:00:46,580 - root - INFO - market_data_1_上证综指              True             False             False
2026-02-22 18:00:46,580 - root - INFO - market_data_2_深证成指             False             False             False
2026-02-22 18:00:46,581 - root - INFO - market_data_3_创业板指              True             False             False
2026-02-22 18:00:46,583 - root - INFO - upstream_1_盛新锂能                False             False             False
2026-02-22 18:00:46,584 - root - INFO - ...                              ...               ...               ...
2026-02-22 18:00:46,585 - root - INFO - upstream_97_华域汽车               False             False             False
2026-02-22 18:00:46,587 - root - INFO - downstream_1_比亚迪               False             False             False
2026-02-22 18:00:46,588 - root - INFO - downstream_2_长城汽车               True             False             False
2026-02-22 18:00:46,591 - root - INFO - downstream_3_长安汽车              False             False              True
2026-02-22 18:00:46,593 - root - INFO - downstream_4_上汽集团              False             False             False
2026-02-22 18:00:46,594 - root - INFO - 
2026-02-22 18:00:46,595 - root - INFO -                     upstream_69_禾望电气  upstream_70_特锐德  upstream_71_盛弘股份  \
2026-02-22 18:00:46,596 - root - INFO - 宁德时代                           False            False             False
2026-02-22 18:00:46,597 - root - INFO - market_data_1_上证综指             False            False             False
2026-02-22 18:00:46,598 - root - INFO - market_data_2_深证成指             False            False             False
2026-02-22 18:00:46,599 - root - INFO - market_data_3_创业板指             False            False             False
2026-02-22 18:00:46,600 - root - INFO - upstream_1_盛新锂能                False            False             False
2026-02-22 18:00:46,603 - root - INFO - ...                              ...              ...               ...
2026-02-22 18:00:46,604 - root - INFO - upstream_97_华域汽车               False            False             False
2026-02-22 18:00:46,606 - root - INFO - downstream_1_比亚迪               False            False             False
2026-02-22 18:00:46,607 - root - INFO - downstream_2_长城汽车              False            False             False
2026-02-22 18:00:46,608 - root - INFO - downstream_3_长安汽车              False            False             False
2026-02-22 18:00:46,609 - root - INFO - downstream_4_上汽集团               True            False             False
2026-02-22 18:00:46,611 - root - INFO - 
2026-02-22 18:00:46,612 - root - INFO -                     upstream_72_科士达  upstream_73_通合科技  upstream_74_和顺电气  \
2026-02-22 18:00:46,613 - root - INFO - 宁德时代                          False             False             False
2026-02-22 18:00:46,614 - root - INFO - market_data_1_上证综指            False             False             False
2026-02-22 18:00:46,615 - root - INFO - market_data_2_深证成指            False             False             False
2026-02-22 18:00:46,616 - root - INFO - market_data_3_创业板指            False             False             False
2026-02-22 18:00:46,616 - root - INFO - upstream_1_盛新锂能               False             False             False
2026-02-22 18:00:46,617 - root - INFO - ...                             ...               ...               ...
2026-02-22 18:00:46,618 - root - INFO - upstream_97_华域汽车              False             False             False
2026-02-22 18:00:46,619 - root - INFO - downstream_1_比亚迪              False             False             False
2026-02-22 18:00:46,620 - root - INFO - downstream_2_长城汽车             False             False             False
2026-02-22 18:00:46,620 - root - INFO - downstream_3_长安汽车             False             False             False
2026-02-22 18:00:46,620 - root - INFO - downstream_4_上汽集团             False             False              True
2026-02-22 18:00:46,622 - root - INFO - 
2026-02-22 18:00:46,623 - root - INFO -                     upstream_75_奥特迅  upstream_76_英可瑞  upstream_77_永贵电器  \
2026-02-22 18:00:46,624 - root - INFO - 宁德时代                          False            False             False
2026-02-22 18:00:46,625 - root - INFO - market_data_1_上证综指             True            False             False
2026-02-22 18:00:46,626 - root - INFO - market_data_2_深证成指            False            False             False
2026-02-22 18:00:46,627 - root - INFO - market_data_3_创业板指            False            False             False
2026-02-22 18:00:46,627 - root - INFO - upstream_1_盛新锂能               False            False             False
2026-02-22 18:00:46,628 - root - INFO - ...                             ...              ...               ...
2026-02-22 18:00:46,628 - root - INFO - upstream_97_华域汽车              False            False              True
2026-02-22 18:00:46,629 - root - INFO - downstream_1_比亚迪              False            False              True
2026-02-22 18:00:46,630 - root - INFO - downstream_2_长城汽车             False            False             False
2026-02-22 18:00:46,631 - root - INFO - downstream_3_长安汽车             False            False              True
2026-02-22 18:00:46,632 - root - INFO - downstream_4_上汽集团              True            False              True
2026-02-22 18:00:46,632 - root - INFO - 
2026-02-22 18:00:46,633 - root - INFO -                     upstream_78_阳光电源  upstream_79_南都电源  upstream_80_国轩高科  \
2026-02-22 18:00:46,633 - root - INFO - 宁德时代                           False             False              True
2026-02-22 18:00:46,635 - root - INFO - market_data_1_上证综指             False             False              True
2026-02-22 18:00:46,636 - root - INFO - market_data_2_深证成指             False             False              True
2026-02-22 18:00:46,636 - root - INFO - market_data_3_创业板指             False             False              True
2026-02-22 18:00:46,638 - root - INFO - upstream_1_盛新锂能                 True             False              True
2026-02-22 18:00:46,639 - root - INFO - ...                              ...               ...               ...
2026-02-22 18:00:46,639 - root - INFO - upstream_97_华域汽车               False             False              True
2026-02-22 18:00:46,640 - root - INFO - downstream_1_比亚迪                True             False             False
2026-02-22 18:00:46,641 - root - INFO - downstream_2_长城汽车              False             False             False
2026-02-22 18:00:46,641 - root - INFO - downstream_3_长安汽车               True             False             False
2026-02-22 18:00:46,643 - root - INFO - downstream_4_上汽集团               True             False              True
2026-02-22 18:00:46,644 - root - INFO - 
2026-02-22 18:00:46,645 - root - INFO -                     upstream_81_鹏辉能源  upstream_82_中国电建  upstream_83_平高电气  \
2026-02-22 18:00:46,646 - root - INFO - 宁德时代                           False             False             False
2026-02-22 18:00:46,646 - root - INFO - market_data_1_上证综指             False             False             False
2026-02-22 18:00:46,647 - root - INFO - market_data_2_深证成指             False             False             False
2026-02-22 18:00:46,648 - root - INFO - market_data_3_创业板指             False             False             False
2026-02-22 18:00:46,649 - root - INFO - upstream_1_盛新锂能                False              True              True
2026-02-22 18:00:46,649 - root - INFO - ...                              ...               ...               ...
2026-02-22 18:00:46,650 - root - INFO - upstream_97_华域汽车               False             False             False
2026-02-22 18:00:46,651 - root - INFO - downstream_1_比亚迪               False             False             False
2026-02-22 18:00:46,653 - root - INFO - downstream_2_长城汽车              False             False             False
2026-02-22 18:00:46,654 - root - INFO - downstream_3_长安汽车              False             False             False
2026-02-22 18:00:46,654 - root - INFO - downstream_4_上汽集团              False             False             False
2026-02-22 18:00:46,655 - root - INFO - 
2026-02-22 18:00:46,656 - root - INFO -                     upstream_84_中天科技  upstream_85_士兰微  upstream_86_嘉化能源  \
2026-02-22 18:00:46,657 - root - INFO - 宁德时代                           False             True             False
2026-02-22 18:00:46,657 - root - INFO - market_data_1_上证综指             False            False              True
2026-02-22 18:00:46,659 - root - INFO - market_data_2_深证成指             False            False             False
2026-02-22 18:00:46,659 - root - INFO - market_data_3_创业板指             False             True             False
2026-02-22 18:00:46,660 - root - INFO - upstream_1_盛新锂能                False             True             False
2026-02-22 18:00:46,661 - root - INFO - ...                              ...              ...               ...
2026-02-22 18:00:46,662 - root - INFO - upstream_97_华域汽车               False             True             False
2026-02-22 18:00:46,662 - root - INFO - downstream_1_比亚迪               False             True             False
2026-02-22 18:00:46,663 - root - INFO - downstream_2_长城汽车              False             True             False
2026-02-22 18:00:46,664 - root - INFO - downstream_3_长安汽车              False            False             False
2026-02-22 18:00:46,665 - root - INFO - downstream_4_上汽集团              False             True             False
2026-02-22 18:00:46,666 - root - INFO - 
2026-02-22 18:00:46,666 - root - INFO -                     upstream_87_恒顺醋业  upstream_88_祁连山  upstream_89_津膜科技  \
2026-02-22 18:00:46,667 - root - INFO - 宁德时代                            True            False             False
2026-02-22 18:00:46,668 - root - INFO - market_data_1_上证综指             False            False             False
2026-02-22 18:00:46,671 - root - INFO - market_data_2_深证成指             False            False             False
2026-02-22 18:00:46,672 - root - INFO - market_data_3_创业板指             False            False             False
2026-02-22 18:00:46,673 - root - INFO - upstream_1_盛新锂能                False            False              True
2026-02-22 18:00:46,673 - root - INFO - ...                              ...              ...               ...
2026-02-22 18:00:46,675 - root - INFO - upstream_97_华域汽车               False             True             False
2026-02-22 18:00:46,675 - root - INFO - downstream_1_比亚迪               False            False             False
2026-02-22 18:00:46,676 - root - INFO - downstream_2_长城汽车              False            False              True
2026-02-22 18:00:46,676 - root - INFO - downstream_3_长安汽车              False            False             False
2026-02-22 18:00:46,678 - root - INFO - downstream_4_上汽集团               True            False              True
2026-02-22 18:00:46,679 - root - INFO - 
2026-02-22 18:00:46,680 - root - INFO -                     upstream_90_宁波中百  upstream_91_哈投股份  upstream_92_长江电力  \
2026-02-22 18:00:46,680 - root - INFO - 宁德时代                           False             False             False
2026-02-22 18:00:46,682 - root - INFO - market_data_1_上证综指             False             False             False
2026-02-22 18:00:46,682 - root - INFO - market_data_2_深证成指             False             False              True
2026-02-22 18:00:46,682 - root - INFO - market_data_3_创业板指             False             False             False
2026-02-22 18:00:46,683 - root - INFO - upstream_1_盛新锂能                False             False              True
2026-02-22 18:00:46,685 - root - INFO - ...                              ...               ...               ...
2026-02-22 18:00:46,685 - root - INFO - upstream_97_华域汽车                True             False             False
2026-02-22 18:00:46,686 - root - INFO - downstream_1_比亚迪               False             False             False
2026-02-22 18:00:46,687 - root - INFO - downstream_2_长城汽车              False             False              True
2026-02-22 18:00:46,688 - root - INFO - downstream_3_长安汽车              False             False             False
2026-02-22 18:00:46,689 - root - INFO - downstream_4_上汽集团               True             False             False
2026-02-22 18:00:46,689 - root - INFO - 
2026-02-22 18:00:46,691 - root - INFO -                     upstream_93_三花智控  upstream_94_拓普集团  upstream_95_新泉股份  \
2026-02-22 18:00:46,692 - root - INFO - 宁德时代                           False              True              True
2026-02-22 18:00:46,693 - root - INFO - market_data_1_上证综指             False             False             False
2026-02-22 18:00:46,694 - root - INFO - market_data_2_深证成指             False              True             False
2026-02-22 18:00:46,695 - root - INFO - market_data_3_创业板指             False             False             False
2026-02-22 18:00:46,695 - root - INFO - upstream_1_盛新锂能                False             False              True
2026-02-22 18:00:46,697 - root - INFO - ...                              ...               ...               ...
2026-02-22 18:00:46,698 - root - INFO - upstream_97_华域汽车               False              True             False
2026-02-22 18:00:46,698 - root - INFO - downstream_1_比亚迪                True             False              True
2026-02-22 18:00:46,699 - root - INFO - downstream_2_长城汽车              False             False             False
2026-02-22 18:00:46,700 - root - INFO - downstream_3_长安汽车              False             False             False
2026-02-22 18:00:46,701 - root - INFO - downstream_4_上汽集团              False              True             False
2026-02-22 18:00:46,702 - root - INFO - 
2026-02-22 18:00:46,703 - root - INFO -                     upstream_96_福耀玻璃  upstream_97_华域汽车  downstream_1_比亚迪  \
2026-02-22 18:00:46,704 - root - INFO - 宁德时代                            True             False             False
2026-02-22 18:00:46,705 - root - INFO - market_data_1_上证综指             False             False             False
2026-02-22 18:00:46,707 - root - INFO - market_data_2_深证成指              True             False             False
2026-02-22 18:00:46,708 - root - INFO - market_data_3_创业板指              True             False             False
2026-02-22 18:00:46,709 - root - INFO - upstream_1_盛新锂能                False             False             False
2026-02-22 18:00:46,710 - root - INFO - ...                              ...               ...               ...
2026-02-22 18:00:46,710 - root - INFO - upstream_97_华域汽车                True             False             False
2026-02-22 18:00:46,711 - root - INFO - downstream_1_比亚迪                True             False             False
2026-02-22 18:00:46,712 - root - INFO - downstream_2_长城汽车              False              True             False
2026-02-22 18:00:46,713 - root - INFO - downstream_3_长安汽车              False             False             False
2026-02-22 18:00:46,714 - root - INFO - downstream_4_上汽集团               True              True             False
2026-02-22 18:00:46,715 - root - INFO - 
2026-02-22 18:00:46,716 - root - INFO -                     downstream_2_长城汽车  downstream_3_长安汽车  downstream_4_上汽集团
2026-02-22 18:00:46,717 - root - INFO - 宁德时代                            False              False              False
2026-02-22 18:00:46,719 - root - INFO - market_data_1_上证综指              False              False              False
2026-02-22 18:00:46,720 - root - INFO - market_data_2_深证成指               True              False              False
2026-02-22 18:00:46,721 - root - INFO - market_data_3_创业板指              False              False              False
2026-02-22 18:00:46,723 - root - INFO - upstream_1_盛新锂能                 False              False              False
2026-02-22 18:00:46,723 - root - INFO - ...                               ...                ...                ...
2026-02-22 18:00:46,724 - root - INFO - upstream_97_华域汽车                 True              False               True
2026-02-22 18:00:46,725 - root - INFO - downstream_1_比亚迪                False               True               True
2026-02-22 18:00:46,726 - root - INFO - downstream_2_长城汽车               False              False              False
2026-02-22 18:00:46,727 - root - INFO - downstream_3_长安汽车               False              False              False
2026-02-22 18:00:46,728 - root - INFO - downstream_4_上汽集团                True              False              False
2026-02-22 18:00:46,729 - root - INFO - 
2026-02-22 18:00:46,729 - root - INFO - [105 rows x 105 columns]
2026-02-22 18:00:46,730 - root - INFO - 影响目标变量的因果变量为：
2026-02-22 18:00:46,731 - root - INFO - ['downstream_1_比亚迪', 'downstream_2_长城汽车', 'downstream_3_长安汽车', 'downstream_4_上汽集团', 'market_data_1_上证综指', 'market_data_2_深证成指', 'market_data_3_创业板指', 'upstream_10_宁波韵升', 'upstream_11_中国卫星', 'upstream_12_贵研铂业', 'upstream_13_北方稀土', 'upstream_14_盛和资源', 'upstream_15_南山铝业', 'upstream_16_江西铜业', 'upstream_17_中国铝业', 'upstream_18_雅化集团', 'upstream_19_瑞泰科技', 'upstream_1_盛新锂能', 'upstream_20_方大炭素', 'upstream_21_鹏辉能源', 'upstream_22_德方纳米', 'upstream_23_天华新能', 'upstream_24_容百科技', 'upstream_25_璞泰来', 'upstream_26_杉杉股份', 'upstream_27_诺德股份', 'upstream_28_天赐材料', 'upstream_29_多氟多', 'upstream_2_天齐锂业', 'upstream_30_星源材质', 'upstream_31_先导智能', 'upstream_32_迈为股份', 'upstream_33_正业科技', 'upstream_34_罗博特科', 'upstream_35_永太科技', 'upstream_36_奥特维', 'upstream_37_派能科技', 'upstream_38_振江股份', 'upstream_39_欣锐科技', 'upstream_3_赣锋锂业', 'upstream_40_视源股份', 'upstream_41_德赛西威', 'upstream_42_当升科技', 'upstream_43_格林美', 'upstream_44_富临精工', 'upstream_45_中科三环', 'upstream_46_凯恩股份', 'upstream_47_明冠新材', 'upstream_48_新宙邦', 'upstream_49_中材科技', 'upstream_4_川恒股份', 'upstream_50_新纶新材', 'upstream_51_翔丰华', 'upstream_52_国轩高科', 'upstream_53_上海港湾', 'upstream_54_航天电子', 'upstream_55_普天科技', 'upstream_56_上海瀚讯', 'upstream_57_中科星图', 'upstream_58_光迅科技', 'upstream_59_海格通信', 'upstream_5_盐湖股份', 'upstream_60_开普云', 'upstream_61_亿利洁能', 'upstream_62_特变电工', 'upstream_63_隆基绿能', 'upstream_64_卧龙电驱', 'upstream_65_方正电机', 'upstream_66_大洋电机', 'upstream_67_汇川技术', 'upstream_68_蓝海华腾', 'upstream_69_禾望电气', 'upstream_6_中远海控', 'upstream_70_特锐德', 'upstream_71_盛弘股份', 'upstream_72_科士达', 'upstream_73_通合科技', 'upstream_74_和顺电气', 'upstream_75_奥特迅', 'upstream_76_英可瑞', 'upstream_77_永贵电器', 'upstream_78_阳光电源', 'upstream_79_南都电源', 'upstream_7_湘潭电化', 'upstream_80_国轩高科', 'upstream_81_鹏辉能源', 'upstream_82_中国电建', 'upstream_83_平高电气', 'upstream_84_中天科技', 'upstream_85_士兰微', 'upstream_86_嘉化能源', 'upstream_87_恒顺醋业', 'upstream_88_祁连山', 'upstream_89_津膜科技', 'upstream_8_华友钴业', 'upstream_90_宁波中百', 'upstream_91_哈投股份', 'upstream_92_长江电力', 'upstream_93_三花智控', 'upstream_94_拓普集团', 'upstream_95_新泉股份', 'upstream_96_福耀玻璃', 'upstream_97_华域汽车', 'upstream_9_西藏珠峰', '宁德时代']
2026-02-22 18:01:46,344 - root - INFO - Best model saved at epoch 1 with validation R2: -0.7704
2026-02-22 18:01:46,345 - root - INFO - Epoch [1/10000], Train Loss: 1.1533, R2: -0.6680, RMSE: 1.0739 | Valid Loss: 0.4242, R2: -0.7704, RMSE: 0.6513
2026-02-22 18:01:47,043 - root - INFO - Epoch [2/10000], Train Loss: 1.1284, R2: -0.6321, RMSE: 1.0623 | Valid Loss: 0.4281, R2: -0.7865, RMSE: 0.6543
2026-02-22 18:01:47,731 - root - INFO - Epoch [3/10000], Train Loss: 1.1052, R2: -0.5985, RMSE: 1.0513 | Valid Loss: 0.4320, R2: -0.8027, RMSE: 0.6572
2026-02-22 18:01:48,434 - root - INFO - Epoch [4/10000], Train Loss: 1.0795, R2: -0.5613, RMSE: 1.0390 | Valid Loss: 0.4356, R2: -0.8179, RMSE: 0.6600
2026-02-22 18:01:49,105 - root - INFO - Epoch [5/10000], Train Loss: 1.0521, R2: -0.5216, RMSE: 1.0257 | Valid Loss: 0.4389, R2: -0.8319, RMSE: 0.6625
2026-02-22 18:01:49,761 - root - INFO - Epoch [6/10000], Train Loss: 1.0188, R2: -0.4734, RMSE: 1.0093 | Valid Loss: 0.4424, R2: -0.8463, RMSE: 0.6651
2026-02-22 18:01:50,339 - root - INFO - Epoch [7/10000], Train Loss: 0.9802, R2: -0.4176, RMSE: 0.9900 | Valid Loss: 0.4458, R2: -0.8605, RMSE: 0.6677
2026-02-22 18:01:50,933 - root - INFO - Epoch [8/10000], Train Loss: 0.9357, R2: -0.3533, RMSE: 0.9673 | Valid Loss: 0.4484, R2: -0.8713, RMSE: 0.6696
2026-02-22 18:01:51,539 - root - INFO - Epoch [9/10000], Train Loss: 0.8835, R2: -0.2778, RMSE: 0.9399 | Valid Loss: 0.4504, R2: -0.8797, RMSE: 0.6711
2026-02-22 18:01:52,251 - root - INFO - Epoch [10/10000], Train Loss: 0.8236, R2: -0.1912, RMSE: 0.9075 | Valid Loss: 0.4527, R2: -0.8892, RMSE: 0.6728
2026-02-22 18:01:52,873 - root - INFO - Epoch [11/10000], Train Loss: 0.7555, R2: -0.0927, RMSE: 0.8692 | Valid Loss: 0.4535, R2: -0.8927, RMSE: 0.6734
2026-02-22 18:01:53,499 - root - INFO - Epoch [12/10000], Train Loss: 0.6782, R2: 0.0192, RMSE: 0.8235 | Valid Loss: 0.4541, R2: -0.8950, RMSE: 0.6738
2026-02-22 18:01:54,116 - root - INFO - Epoch [13/10000], Train Loss: 0.5939, R2: 0.1411, RMSE: 0.7706 | Valid Loss: 0.4539, R2: -0.8944, RMSE: 0.6737
2026-02-22 18:01:54,623 - root - INFO - Epoch [14/10000], Train Loss: 0.5092, R2: 0.2636, RMSE: 0.7136 | Valid Loss: 0.4537, R2: -0.8936, RMSE: 0.6736
2026-02-22 18:01:55,207 - root - INFO - Epoch [15/10000], Train Loss: 0.4254, R2: 0.3847, RMSE: 0.6523 | Valid Loss: 0.4526, R2: -0.8888, RMSE: 0.6727
2026-02-22 18:01:55,809 - root - INFO - Epoch [16/10000], Train Loss: 0.3541, R2: 0.4879, RMSE: 0.5950 | Valid Loss: 0.4511, R2: -0.8825, RMSE: 0.6716
2026-02-22 18:01:56,406 - root - INFO - Epoch [17/10000], Train Loss: 0.2959, R2: 0.5720, RMSE: 0.5440 | Valid Loss: 0.4490, R2: -0.8738, RMSE: 0.6701
2026-02-22 18:01:57,041 - root - INFO - Epoch [18/10000], Train Loss: 0.2510, R2: 0.6369, RMSE: 0.5010 | Valid Loss: 0.4464, R2: -0.8628, RMSE: 0.6681
2026-02-22 18:01:57,764 - root - INFO - Epoch [19/10000], Train Loss: 0.2203, R2: 0.6814, RMSE: 0.4694 | Valid Loss: 0.4432, R2: -0.8496, RMSE: 0.6657
2026-02-22 18:01:58,407 - root - INFO - Epoch [20/10000], Train Loss: 0.1993, R2: 0.7117, RMSE: 0.4464 | Valid Loss: 0.4397, R2: -0.8352, RMSE: 0.6631
2026-02-22 18:01:58,975 - root - INFO - Epoch [21/10000], Train Loss: 0.1834, R2: 0.7348, RMSE: 0.4282 | Valid Loss: 0.4362, R2: -0.8206, RMSE: 0.6605
2026-02-22 18:01:59,593 - root - INFO - Epoch [22/10000], Train Loss: 0.1716, R2: 0.7519, RMSE: 0.4142 | Valid Loss: 0.4322, R2: -0.8039, RMSE: 0.6574
2026-02-22 18:02:00,217 - root - INFO - Epoch [23/10000], Train Loss: 0.1629, R2: 0.7644, RMSE: 0.4036 | Valid Loss: 0.4283, R2: -0.7875, RMSE: 0.6544
2026-02-22 18:02:00,861 - root - INFO - Best model saved at epoch 24 with validation R2: -0.7702
2026-02-22 18:02:00,862 - root - INFO - Epoch [24/10000], Train Loss: 0.1575, R2: 0.7723, RMSE: 0.3968 | Valid Loss: 0.4241, R2: -0.7702, RMSE: 0.6513
2026-02-22 18:02:01,507 - root - INFO - Best model saved at epoch 25 with validation R2: -0.7537
2026-02-22 18:02:01,508 - root - INFO - Epoch [25/10000], Train Loss: 0.1524, R2: 0.7796, RMSE: 0.3904 | Valid Loss: 0.4202, R2: -0.7537, RMSE: 0.6482
2026-02-22 18:02:02,246 - root - INFO - Best model saved at epoch 26 with validation R2: -0.7366
2026-02-22 18:02:02,247 - root - INFO - Epoch [26/10000], Train Loss: 0.1483, R2: 0.7856, RMSE: 0.3850 | Valid Loss: 0.4161, R2: -0.7366, RMSE: 0.6451
2026-02-22 18:02:03,071 - root - INFO - Best model saved at epoch 27 with validation R2: -0.7180
2026-02-22 18:02:03,072 - root - INFO - Epoch [27/10000], Train Loss: 0.1438, R2: 0.7920, RMSE: 0.3792 | Valid Loss: 0.4116, R2: -0.7180, RMSE: 0.6416
2026-02-22 18:02:03,708 - root - INFO - Best model saved at epoch 28 with validation R2: -0.7004
2026-02-22 18:02:03,709 - root - INFO - Epoch [28/10000], Train Loss: 0.1420, R2: 0.7946, RMSE: 0.3769 | Valid Loss: 0.4074, R2: -0.7004, RMSE: 0.6383
2026-02-22 18:02:04,348 - root - INFO - Best model saved at epoch 29 with validation R2: -0.6827
2026-02-22 18:02:04,350 - root - INFO - Epoch [29/10000], Train Loss: 0.1391, R2: 0.7989, RMSE: 0.3729 | Valid Loss: 0.4032, R2: -0.6827, RMSE: 0.6350
2026-02-22 18:02:04,947 - root - INFO - Best model saved at epoch 30 with validation R2: -0.6660
2026-02-22 18:02:04,948 - root - INFO - Epoch [30/10000], Train Loss: 0.1364, R2: 0.8027, RMSE: 0.3693 | Valid Loss: 0.3992, R2: -0.6660, RMSE: 0.6318
2026-02-22 18:02:05,723 - root - INFO - Best model saved at epoch 31 with validation R2: -0.6482
2026-02-22 18:02:05,725 - root - INFO - Epoch [31/10000], Train Loss: 0.1339, R2: 0.8064, RMSE: 0.3659 | Valid Loss: 0.3949, R2: -0.6482, RMSE: 0.6284
2026-02-22 18:02:06,505 - root - INFO - Best model saved at epoch 32 with validation R2: -0.6298
2026-02-22 18:02:06,507 - root - INFO - Epoch [32/10000], Train Loss: 0.1313, R2: 0.8101, RMSE: 0.3623 | Valid Loss: 0.3905, R2: -0.6298, RMSE: 0.6249
2026-02-22 18:02:07,124 - root - INFO - Best model saved at epoch 33 with validation R2: -0.6141
2026-02-22 18:02:07,125 - root - INFO - Epoch [33/10000], Train Loss: 0.1265, R2: 0.8170, RMSE: 0.3557 | Valid Loss: 0.3868, R2: -0.6141, RMSE: 0.6219
2026-02-22 18:02:07,754 - root - INFO - Best model saved at epoch 34 with validation R2: -0.5988
2026-02-22 18:02:07,756 - root - INFO - Epoch [34/10000], Train Loss: 0.1235, R2: 0.8214, RMSE: 0.3514 | Valid Loss: 0.3831, R2: -0.5988, RMSE: 0.6190
2026-02-22 18:02:08,462 - root - INFO - Best model saved at epoch 35 with validation R2: -0.5822
2026-02-22 18:02:08,462 - root - INFO - Epoch [35/10000], Train Loss: 0.1199, R2: 0.8266, RMSE: 0.3462 | Valid Loss: 0.3791, R2: -0.5822, RMSE: 0.6157
2026-02-22 18:02:09,117 - root - INFO - Best model saved at epoch 36 with validation R2: -0.5655
2026-02-22 18:02:09,118 - root - INFO - Epoch [36/10000], Train Loss: 0.1169, R2: 0.8309, RMSE: 0.3419 | Valid Loss: 0.3751, R2: -0.5655, RMSE: 0.6125
2026-02-22 18:02:09,924 - root - INFO - Best model saved at epoch 37 with validation R2: -0.5511
2026-02-22 18:02:09,925 - root - INFO - Epoch [37/10000], Train Loss: 0.1124, R2: 0.8374, RMSE: 0.3353 | Valid Loss: 0.3716, R2: -0.5511, RMSE: 0.6096
2026-02-22 18:02:10,655 - root - INFO - Best model saved at epoch 38 with validation R2: -0.5357
2026-02-22 18:02:10,656 - root - INFO - Epoch [38/10000], Train Loss: 0.1076, R2: 0.8444, RMSE: 0.3280 | Valid Loss: 0.3680, R2: -0.5357, RMSE: 0.6066
2026-02-22 18:02:11,241 - root - INFO - Best model saved at epoch 39 with validation R2: -0.5226
2026-02-22 18:02:11,242 - root - INFO - Epoch [39/10000], Train Loss: 0.1037, R2: 0.8501, RMSE: 0.3220 | Valid Loss: 0.3648, R2: -0.5226, RMSE: 0.6040
2026-02-22 18:02:11,903 - root - INFO - Best model saved at epoch 40 with validation R2: -0.5097
2026-02-22 18:02:11,904 - root - INFO - Epoch [40/10000], Train Loss: 0.0995, R2: 0.8560, RMSE: 0.3155 | Valid Loss: 0.3617, R2: -0.5097, RMSE: 0.6015
2026-02-22 18:02:12,462 - root - INFO - Best model saved at epoch 41 with validation R2: -0.4965
2026-02-22 18:02:12,463 - root - INFO - Epoch [41/10000], Train Loss: 0.0950, R2: 0.8626, RMSE: 0.3082 | Valid Loss: 0.3586, R2: -0.4965, RMSE: 0.5988
2026-02-22 18:02:13,060 - root - INFO - Best model saved at epoch 42 with validation R2: -0.4835
2026-02-22 18:02:13,061 - root - INFO - Epoch [42/10000], Train Loss: 0.0924, R2: 0.8663, RMSE: 0.3040 | Valid Loss: 0.3555, R2: -0.4835, RMSE: 0.5962
2026-02-22 18:02:13,690 - root - INFO - Best model saved at epoch 43 with validation R2: -0.4705
2026-02-22 18:02:13,691 - root - INFO - Epoch [43/10000], Train Loss: 0.0883, R2: 0.8722, RMSE: 0.2972 | Valid Loss: 0.3523, R2: -0.4705, RMSE: 0.5936
2026-02-22 18:02:14,441 - root - INFO - Best model saved at epoch 44 with validation R2: -0.4583
2026-02-22 18:02:14,442 - root - INFO - Epoch [44/10000], Train Loss: 0.0829, R2: 0.8801, RMSE: 0.2880 | Valid Loss: 0.3494, R2: -0.4583, RMSE: 0.5911
2026-02-22 18:02:15,139 - root - INFO - Best model saved at epoch 45 with validation R2: -0.4454
2026-02-22 18:02:15,141 - root - INFO - Epoch [45/10000], Train Loss: 0.0804, R2: 0.8837, RMSE: 0.2836 | Valid Loss: 0.3463, R2: -0.4454, RMSE: 0.5885
2026-02-22 18:02:15,943 - root - INFO - Best model saved at epoch 46 with validation R2: -0.4347
2026-02-22 18:02:15,945 - root - INFO - Epoch [46/10000], Train Loss: 0.0785, R2: 0.8865, RMSE: 0.2802 | Valid Loss: 0.3438, R2: -0.4347, RMSE: 0.5863
2026-02-22 18:02:16,683 - root - INFO - Best model saved at epoch 47 with validation R2: -0.4234
2026-02-22 18:02:16,684 - root - INFO - Epoch [47/10000], Train Loss: 0.0731, R2: 0.8943, RMSE: 0.2704 | Valid Loss: 0.3411, R2: -0.4234, RMSE: 0.5840
2026-02-22 18:02:17,350 - root - INFO - Best model saved at epoch 48 with validation R2: -0.4123
2026-02-22 18:02:17,351 - root - INFO - Epoch [48/10000], Train Loss: 0.0702, R2: 0.8985, RMSE: 0.2649 | Valid Loss: 0.3384, R2: -0.4123, RMSE: 0.5817
2026-02-22 18:02:18,018 - root - INFO - Best model saved at epoch 49 with validation R2: -0.4025
2026-02-22 18:02:18,019 - root - INFO - Epoch [49/10000], Train Loss: 0.0674, R2: 0.9025, RMSE: 0.2596 | Valid Loss: 0.3360, R2: -0.4025, RMSE: 0.5797
2026-02-22 18:02:18,597 - root - INFO - Best model saved at epoch 50 with validation R2: -0.3928
2026-02-22 18:02:18,599 - root - INFO - Epoch [50/10000], Train Loss: 0.0652, R2: 0.9056, RMSE: 0.2554 | Valid Loss: 0.3337, R2: -0.3928, RMSE: 0.5777
2026-02-22 18:02:19,171 - root - INFO - Best model saved at epoch 51 with validation R2: -0.3821
2026-02-22 18:02:19,172 - root - INFO - Epoch [51/10000], Train Loss: 0.0609, R2: 0.9119, RMSE: 0.2469 | Valid Loss: 0.3312, R2: -0.3821, RMSE: 0.5755
2026-02-22 18:02:19,759 - root - INFO - Best model saved at epoch 52 with validation R2: -0.3735
2026-02-22 18:02:19,760 - root - INFO - Epoch [52/10000], Train Loss: 0.0582, R2: 0.9158, RMSE: 0.2413 | Valid Loss: 0.3291, R2: -0.3735, RMSE: 0.5737
2026-02-22 18:02:20,397 - root - INFO - Best model saved at epoch 53 with validation R2: -0.3612
2026-02-22 18:02:20,398 - root - INFO - Epoch [53/10000], Train Loss: 0.0554, R2: 0.9199, RMSE: 0.2353 | Valid Loss: 0.3262, R2: -0.3612, RMSE: 0.5711
2026-02-22 18:02:20,986 - root - INFO - Best model saved at epoch 54 with validation R2: -0.3547
2026-02-22 18:02:20,988 - root - INFO - Epoch [54/10000], Train Loss: 0.0525, R2: 0.9241, RMSE: 0.2291 | Valid Loss: 0.3246, R2: -0.3547, RMSE: 0.5697
2026-02-22 18:02:21,604 - root - INFO - Best model saved at epoch 55 with validation R2: -0.3436
2026-02-22 18:02:21,605 - root - INFO - Epoch [55/10000], Train Loss: 0.0495, R2: 0.9284, RMSE: 0.2226 | Valid Loss: 0.3219, R2: -0.3436, RMSE: 0.5674
2026-02-22 18:02:22,229 - root - INFO - Best model saved at epoch 56 with validation R2: -0.3370
2026-02-22 18:02:22,230 - root - INFO - Epoch [56/10000], Train Loss: 0.0473, R2: 0.9316, RMSE: 0.2175 | Valid Loss: 0.3204, R2: -0.3370, RMSE: 0.5660
2026-02-22 18:02:22,942 - root - INFO - Best model saved at epoch 57 with validation R2: -0.3283
2026-02-22 18:02:22,943 - root - INFO - Epoch [57/10000], Train Loss: 0.0453, R2: 0.9345, RMSE: 0.2127 | Valid Loss: 0.3183, R2: -0.3283, RMSE: 0.5642
2026-02-22 18:02:23,588 - root - INFO - Best model saved at epoch 58 with validation R2: -0.3230
2026-02-22 18:02:23,589 - root - INFO - Epoch [58/10000], Train Loss: 0.0423, R2: 0.9388, RMSE: 0.2057 | Valid Loss: 0.3170, R2: -0.3230, RMSE: 0.5630
2026-02-22 18:02:24,235 - root - INFO - Best model saved at epoch 59 with validation R2: -0.3138
2026-02-22 18:02:24,236 - root - INFO - Epoch [59/10000], Train Loss: 0.0408, R2: 0.9410, RMSE: 0.2020 | Valid Loss: 0.3148, R2: -0.3138, RMSE: 0.5611
2026-02-22 18:02:24,865 - root - INFO - Best model saved at epoch 60 with validation R2: -0.3098
2026-02-22 18:02:24,867 - root - INFO - Epoch [60/10000], Train Loss: 0.0393, R2: 0.9432, RMSE: 0.1982 | Valid Loss: 0.3138, R2: -0.3098, RMSE: 0.5602
2026-02-22 18:02:25,535 - root - INFO - Best model saved at epoch 61 with validation R2: -0.3023
2026-02-22 18:02:25,537 - root - INFO - Epoch [61/10000], Train Loss: 0.0371, R2: 0.9464, RMSE: 0.1926 | Valid Loss: 0.3120, R2: -0.3023, RMSE: 0.5586
2026-02-22 18:02:26,202 - root - INFO - Best model saved at epoch 62 with validation R2: -0.2974
2026-02-22 18:02:26,203 - root - INFO - Epoch [62/10000], Train Loss: 0.0365, R2: 0.9471, RMSE: 0.1912 | Valid Loss: 0.3109, R2: -0.2974, RMSE: 0.5576
2026-02-22 18:02:26,898 - root - INFO - Best model saved at epoch 63 with validation R2: -0.2909
2026-02-22 18:02:26,899 - root - INFO - Epoch [63/10000], Train Loss: 0.0347, R2: 0.9499, RMSE: 0.1862 | Valid Loss: 0.3093, R2: -0.2909, RMSE: 0.5562
2026-02-22 18:02:27,528 - root - INFO - Best model saved at epoch 64 with validation R2: -0.2864
2026-02-22 18:02:27,530 - root - INFO - Epoch [64/10000], Train Loss: 0.0329, R2: 0.9524, RMSE: 0.1815 | Valid Loss: 0.3082, R2: -0.2864, RMSE: 0.5552
2026-02-22 18:02:28,136 - root - INFO - Best model saved at epoch 65 with validation R2: -0.2820
2026-02-22 18:02:28,137 - root - INFO - Epoch [65/10000], Train Loss: 0.0319, R2: 0.9538, RMSE: 0.1787 | Valid Loss: 0.3072, R2: -0.2820, RMSE: 0.5542
2026-02-22 18:02:28,766 - root - INFO - Best model saved at epoch 66 with validation R2: -0.2789
2026-02-22 18:02:28,769 - root - INFO - Epoch [66/10000], Train Loss: 0.0313, R2: 0.9547, RMSE: 0.1769 | Valid Loss: 0.3064, R2: -0.2789, RMSE: 0.5536
2026-02-22 18:02:29,429 - root - INFO - Best model saved at epoch 67 with validation R2: -0.2769
2026-02-22 18:02:29,430 - root - INFO - Epoch [67/10000], Train Loss: 0.0297, R2: 0.9570, RMSE: 0.1723 | Valid Loss: 0.3060, R2: -0.2769, RMSE: 0.5531
2026-02-22 18:02:30,044 - root - INFO - Best model saved at epoch 68 with validation R2: -0.2745
2026-02-22 18:02:30,045 - root - INFO - Epoch [68/10000], Train Loss: 0.0290, R2: 0.9581, RMSE: 0.1702 | Valid Loss: 0.3054, R2: -0.2745, RMSE: 0.5526
2026-02-22 18:02:30,679 - root - INFO - Best model saved at epoch 69 with validation R2: -0.2677
2026-02-22 18:02:30,681 - root - INFO - Epoch [69/10000], Train Loss: 0.0290, R2: 0.9580, RMSE: 0.1704 | Valid Loss: 0.3038, R2: -0.2677, RMSE: 0.5511
2026-02-22 18:02:31,313 - root - INFO - Best model saved at epoch 70 with validation R2: -0.2647
2026-02-22 18:02:31,313 - root - INFO - Epoch [70/10000], Train Loss: 0.0274, R2: 0.9603, RMSE: 0.1656 | Valid Loss: 0.3030, R2: -0.2647, RMSE: 0.5505
2026-02-22 18:02:31,981 - root - INFO - Best model saved at epoch 71 with validation R2: -0.2615
2026-02-22 18:02:31,983 - root - INFO - Epoch [71/10000], Train Loss: 0.0277, R2: 0.9599, RMSE: 0.1665 | Valid Loss: 0.3023, R2: -0.2615, RMSE: 0.5498
2026-02-22 18:02:32,590 - root - INFO - Epoch [72/10000], Train Loss: 0.0268, R2: 0.9612, RMSE: 0.1638 | Valid Loss: 0.3023, R2: -0.2617, RMSE: 0.5498
2026-02-22 18:02:33,186 - root - INFO - Best model saved at epoch 73 with validation R2: -0.2584
2026-02-22 18:02:33,187 - root - INFO - Epoch [73/10000], Train Loss: 0.0266, R2: 0.9615, RMSE: 0.1632 | Valid Loss: 0.3015, R2: -0.2584, RMSE: 0.5491
2026-02-22 18:02:33,881 - root - INFO - Best model saved at epoch 74 with validation R2: -0.2549
2026-02-22 18:02:33,882 - root - INFO - Epoch [74/10000], Train Loss: 0.0265, R2: 0.9617, RMSE: 0.1627 | Valid Loss: 0.3007, R2: -0.2549, RMSE: 0.5484
2026-02-22 18:02:34,526 - root - INFO - Best model saved at epoch 75 with validation R2: -0.2535
2026-02-22 18:02:34,528 - root - INFO - Epoch [75/10000], Train Loss: 0.0259, R2: 0.9625, RMSE: 0.1609 | Valid Loss: 0.3004, R2: -0.2535, RMSE: 0.5480
2026-02-22 18:02:35,274 - root - INFO - Best model saved at epoch 76 with validation R2: -0.2533
2026-02-22 18:02:35,276 - root - INFO - Epoch [76/10000], Train Loss: 0.0256, R2: 0.9629, RMSE: 0.1601 | Valid Loss: 0.3003, R2: -0.2533, RMSE: 0.5480
2026-02-22 18:02:35,984 - root - INFO - Best model saved at epoch 77 with validation R2: -0.2503
2026-02-22 18:02:35,986 - root - INFO - Epoch [77/10000], Train Loss: 0.0254, R2: 0.9633, RMSE: 0.1593 | Valid Loss: 0.2996, R2: -0.2503, RMSE: 0.5474
2026-02-22 18:02:36,659 - root - INFO - Best model saved at epoch 78 with validation R2: -0.2484
2026-02-22 18:02:36,660 - root - INFO - Epoch [78/10000], Train Loss: 0.0248, R2: 0.9641, RMSE: 0.1575 | Valid Loss: 0.2991, R2: -0.2484, RMSE: 0.5469
2026-02-22 18:02:37,357 - root - INFO - Epoch [79/10000], Train Loss: 0.0253, R2: 0.9633, RMSE: 0.1592 | Valid Loss: 0.2994, R2: -0.2497, RMSE: 0.5472
2026-02-22 18:02:38,097 - root - INFO - Best model saved at epoch 80 with validation R2: -0.2457
2026-02-22 18:02:38,098 - root - INFO - Epoch [80/10000], Train Loss: 0.0247, R2: 0.9643, RMSE: 0.1570 | Valid Loss: 0.2985, R2: -0.2457, RMSE: 0.5463
2026-02-22 18:02:38,718 - root - INFO - Best model saved at epoch 81 with validation R2: -0.2454
2026-02-22 18:02:38,720 - root - INFO - Epoch [81/10000], Train Loss: 0.0243, R2: 0.9649, RMSE: 0.1558 | Valid Loss: 0.2984, R2: -0.2454, RMSE: 0.5463
2026-02-22 18:02:39,302 - root - INFO - Best model saved at epoch 82 with validation R2: -0.2440
2026-02-22 18:02:39,303 - root - INFO - Epoch [82/10000], Train Loss: 0.0244, R2: 0.9648, RMSE: 0.1561 | Valid Loss: 0.2981, R2: -0.2440, RMSE: 0.5460
2026-02-22 18:02:39,889 - root - INFO - Epoch [83/10000], Train Loss: 0.0239, R2: 0.9655, RMSE: 0.1545 | Valid Loss: 0.2985, R2: -0.2456, RMSE: 0.5463
2026-02-22 18:02:40,539 - root - INFO - Epoch [84/10000], Train Loss: 0.0242, R2: 0.9650, RMSE: 0.1556 | Valid Loss: 0.2982, R2: -0.2444, RMSE: 0.5461
2026-02-22 18:02:41,237 - root - INFO - Best model saved at epoch 85 with validation R2: -0.2423
2026-02-22 18:02:41,239 - root - INFO - Epoch [85/10000], Train Loss: 0.0238, R2: 0.9655, RMSE: 0.1544 | Valid Loss: 0.2977, R2: -0.2423, RMSE: 0.5456
2026-02-22 18:02:41,879 - root - INFO - Epoch [86/10000], Train Loss: 0.0232, R2: 0.9665, RMSE: 0.1522 | Valid Loss: 0.2977, R2: -0.2424, RMSE: 0.5456
2026-02-22 18:02:42,478 - root - INFO - Best model saved at epoch 87 with validation R2: -0.2398
2026-02-22 18:02:42,480 - root - INFO - Epoch [87/10000], Train Loss: 0.0230, R2: 0.9667, RMSE: 0.1518 | Valid Loss: 0.2971, R2: -0.2398, RMSE: 0.5450
2026-02-22 18:02:43,164 - root - INFO - Epoch [88/10000], Train Loss: 0.0232, R2: 0.9665, RMSE: 0.1522 | Valid Loss: 0.2973, R2: -0.2409, RMSE: 0.5453
2026-02-22 18:02:43,779 - root - INFO - Epoch [89/10000], Train Loss: 0.0229, R2: 0.9668, RMSE: 0.1514 | Valid Loss: 0.2977, R2: -0.2425, RMSE: 0.5456
2026-02-22 18:02:44,443 - root - INFO - Best model saved at epoch 90 with validation R2: -0.2384
2026-02-22 18:02:44,444 - root - INFO - Epoch [90/10000], Train Loss: 0.0224, R2: 0.9676, RMSE: 0.1497 | Valid Loss: 0.2967, R2: -0.2384, RMSE: 0.5447
2026-02-22 18:02:45,161 - root - INFO - Best model saved at epoch 91 with validation R2: -0.2359
2026-02-22 18:02:45,162 - root - INFO - Epoch [91/10000], Train Loss: 0.0228, R2: 0.9670, RMSE: 0.1511 | Valid Loss: 0.2961, R2: -0.2359, RMSE: 0.5442
2026-02-22 18:02:45,828 - root - INFO - Best model saved at epoch 92 with validation R2: -0.2358
2026-02-22 18:02:45,829 - root - INFO - Epoch [92/10000], Train Loss: 0.0223, R2: 0.9678, RMSE: 0.1492 | Valid Loss: 0.2961, R2: -0.2358, RMSE: 0.5442
2026-02-22 18:02:46,453 - root - INFO - Epoch [93/10000], Train Loss: 0.0224, R2: 0.9675, RMSE: 0.1498 | Valid Loss: 0.2961, R2: -0.2359, RMSE: 0.5442
2026-02-22 18:02:47,054 - root - INFO - Epoch [94/10000], Train Loss: 0.0224, R2: 0.9676, RMSE: 0.1497 | Valid Loss: 0.2967, R2: -0.2382, RMSE: 0.5447
2026-02-22 18:02:47,704 - root - INFO - Best model saved at epoch 95 with validation R2: -0.2325
2026-02-22 18:02:47,705 - root - INFO - Epoch [95/10000], Train Loss: 0.0217, R2: 0.9686, RMSE: 0.1473 | Valid Loss: 0.2953, R2: -0.2325, RMSE: 0.5434
2026-02-22 18:02:48,307 - root - INFO - Epoch [96/10000], Train Loss: 0.0221, R2: 0.9681, RMSE: 0.1485 | Valid Loss: 0.2956, R2: -0.2335, RMSE: 0.5436
2026-02-22 18:02:48,928 - root - INFO - Epoch [97/10000], Train Loss: 0.0215, R2: 0.9689, RMSE: 0.1465 | Valid Loss: 0.2953, R2: -0.2325, RMSE: 0.5434
2026-02-22 18:02:49,704 - root - INFO - Best model saved at epoch 98 with validation R2: -0.2319
2026-02-22 18:02:49,705 - root - INFO - Epoch [98/10000], Train Loss: 0.0211, R2: 0.9694, RMSE: 0.1454 | Valid Loss: 0.2952, R2: -0.2319, RMSE: 0.5433
2026-02-22 18:02:50,318 - root - INFO - Best model saved at epoch 99 with validation R2: -0.2304
2026-02-22 18:02:50,319 - root - INFO - Epoch [99/10000], Train Loss: 0.0215, R2: 0.9688, RMSE: 0.1468 | Valid Loss: 0.2948, R2: -0.2304, RMSE: 0.5430
2026-02-22 18:02:51,049 - root - INFO - Epoch [100/10000], Train Loss: 0.0209, R2: 0.9698, RMSE: 0.1444 | Valid Loss: 0.2948, R2: -0.2303, RMSE: 0.5429
2026-02-22 18:02:51,756 - root - INFO - Best model saved at epoch 101 with validation R2: -0.2288
2026-02-22 18:02:51,758 - root - INFO - Epoch [101/10000], Train Loss: 0.0210, R2: 0.9696, RMSE: 0.1449 | Valid Loss: 0.2944, R2: -0.2288, RMSE: 0.5426
2026-02-22 18:02:52,525 - root - INFO - Best model saved at epoch 102 with validation R2: -0.2272
2026-02-22 18:02:52,526 - root - INFO - Epoch [102/10000], Train Loss: 0.0211, R2: 0.9694, RMSE: 0.1454 | Valid Loss: 0.2941, R2: -0.2272, RMSE: 0.5423
2026-02-22 18:02:53,253 - root - INFO - Best model saved at epoch 103 with validation R2: -0.2250
2026-02-22 18:02:53,255 - root - INFO - Epoch [103/10000], Train Loss: 0.0213, R2: 0.9692, RMSE: 0.1460 | Valid Loss: 0.2935, R2: -0.2250, RMSE: 0.5418
2026-02-22 18:02:53,975 - root - INFO - Best model saved at epoch 104 with validation R2: -0.2223
2026-02-22 18:02:53,977 - root - INFO - Epoch [104/10000], Train Loss: 0.0205, R2: 0.9704, RMSE: 0.1431 | Valid Loss: 0.2929, R2: -0.2223, RMSE: 0.5412
2026-02-22 18:02:54,601 - root - INFO - Best model saved at epoch 105 with validation R2: -0.2219
2026-02-22 18:02:54,603 - root - INFO - Epoch [105/10000], Train Loss: 0.0204, R2: 0.9704, RMSE: 0.1430 | Valid Loss: 0.2928, R2: -0.2219, RMSE: 0.5411
2026-02-22 18:02:55,224 - root - INFO - Best model saved at epoch 106 with validation R2: -0.2216
2026-02-22 18:02:55,226 - root - INFO - Epoch [106/10000], Train Loss: 0.0204, R2: 0.9705, RMSE: 0.1428 | Valid Loss: 0.2927, R2: -0.2216, RMSE: 0.5410
2026-02-22 18:02:55,893 - root - INFO - Epoch [107/10000], Train Loss: 0.0199, R2: 0.9713, RMSE: 0.1410 | Valid Loss: 0.2931, R2: -0.2233, RMSE: 0.5414
2026-02-22 18:02:56,531 - root - INFO - Best model saved at epoch 108 with validation R2: -0.2172
2026-02-22 18:02:56,534 - root - INFO - Epoch [108/10000], Train Loss: 0.0203, R2: 0.9707, RMSE: 0.1425 | Valid Loss: 0.2917, R2: -0.2172, RMSE: 0.5401
2026-02-22 18:02:57,266 - root - INFO - Epoch [109/10000], Train Loss: 0.0199, R2: 0.9712, RMSE: 0.1410 | Valid Loss: 0.2921, R2: -0.2192, RMSE: 0.5405
2026-02-22 18:02:57,934 - root - INFO - Best model saved at epoch 110 with validation R2: -0.2146
2026-02-22 18:02:57,935 - root - INFO - Epoch [110/10000], Train Loss: 0.0197, R2: 0.9716, RMSE: 0.1402 | Valid Loss: 0.2910, R2: -0.2146, RMSE: 0.5395
2026-02-22 18:02:58,570 - root - INFO - Epoch [111/10000], Train Loss: 0.0199, R2: 0.9712, RMSE: 0.1410 | Valid Loss: 0.2916, R2: -0.2168, RMSE: 0.5400
2026-02-22 18:02:59,229 - root - INFO - Best model saved at epoch 112 with validation R2: -0.2129
2026-02-22 18:02:59,230 - root - INFO - Epoch [112/10000], Train Loss: 0.0198, R2: 0.9714, RMSE: 0.1406 | Valid Loss: 0.2906, R2: -0.2129, RMSE: 0.5391
2026-02-22 18:03:00,106 - root - INFO - Epoch [113/10000], Train Loss: 0.0199, R2: 0.9713, RMSE: 0.1409 | Valid Loss: 0.2912, R2: -0.2152, RMSE: 0.5396
2026-02-22 18:03:00,759 - root - INFO - Best model saved at epoch 114 with validation R2: -0.2070
2026-02-22 18:03:00,760 - root - INFO - Epoch [114/10000], Train Loss: 0.0196, R2: 0.9717, RMSE: 0.1399 | Valid Loss: 0.2892, R2: -0.2070, RMSE: 0.5378
2026-02-22 18:03:01,443 - root - INFO - Epoch [115/10000], Train Loss: 0.0194, R2: 0.9720, RMSE: 0.1391 | Valid Loss: 0.2898, R2: -0.2093, RMSE: 0.5383
2026-02-22 18:03:02,200 - root - INFO - Best model saved at epoch 116 with validation R2: -0.2068
2026-02-22 18:03:02,202 - root - INFO - Epoch [116/10000], Train Loss: 0.0190, R2: 0.9724, RMSE: 0.1380 | Valid Loss: 0.2892, R2: -0.2068, RMSE: 0.5377
2026-02-22 18:03:02,908 - root - INFO - Best model saved at epoch 117 with validation R2: -0.2044
2026-02-22 18:03:02,910 - root - INFO - Epoch [117/10000], Train Loss: 0.0191, R2: 0.9724, RMSE: 0.1382 | Valid Loss: 0.2886, R2: -0.2044, RMSE: 0.5372
2026-02-22 18:03:03,517 - root - INFO - Best model saved at epoch 118 with validation R2: -0.2012
2026-02-22 18:03:03,518 - root - INFO - Epoch [118/10000], Train Loss: 0.0195, R2: 0.9718, RMSE: 0.1396 | Valid Loss: 0.2878, R2: -0.2012, RMSE: 0.5365
2026-02-22 18:03:04,202 - root - INFO - Epoch [119/10000], Train Loss: 0.0190, R2: 0.9725, RMSE: 0.1380 | Valid Loss: 0.2878, R2: -0.2012, RMSE: 0.5365
2026-02-22 18:03:04,864 - root - INFO - Best model saved at epoch 120 with validation R2: -0.1955
2026-02-22 18:03:04,865 - root - INFO - Epoch [120/10000], Train Loss: 0.0188, R2: 0.9728, RMSE: 0.1372 | Valid Loss: 0.2865, R2: -0.1955, RMSE: 0.5352
2026-02-22 18:03:05,528 - root - INFO - Epoch [121/10000], Train Loss: 0.0191, R2: 0.9724, RMSE: 0.1382 | Valid Loss: 0.2878, R2: -0.2011, RMSE: 0.5365
2026-02-22 18:03:06,159 - root - INFO - Epoch [122/10000], Train Loss: 0.0182, R2: 0.9737, RMSE: 0.1350 | Valid Loss: 0.2869, R2: -0.1973, RMSE: 0.5356
2026-02-22 18:03:06,785 - root - INFO - Epoch [123/10000], Train Loss: 0.0181, R2: 0.9738, RMSE: 0.1345 | Valid Loss: 0.2866, R2: -0.1963, RMSE: 0.5354
2026-02-22 18:03:07,389 - root - INFO - Best model saved at epoch 124 with validation R2: -0.1913
2026-02-22 18:03:07,391 - root - INFO - Epoch [124/10000], Train Loss: 0.0185, R2: 0.9733, RMSE: 0.1359 | Valid Loss: 0.2855, R2: -0.1913, RMSE: 0.5343
2026-02-22 18:03:08,011 - root - INFO - Epoch [125/10000], Train Loss: 0.0183, R2: 0.9736, RMSE: 0.1351 | Valid Loss: 0.2859, R2: -0.1933, RMSE: 0.5347
2026-02-22 18:03:08,606 - root - INFO - Best model saved at epoch 126 with validation R2: -0.1881
2026-02-22 18:03:08,607 - root - INFO - Epoch [126/10000], Train Loss: 0.0183, R2: 0.9736, RMSE: 0.1352 | Valid Loss: 0.2847, R2: -0.1881, RMSE: 0.5336
2026-02-22 18:03:09,230 - root - INFO - Best model saved at epoch 127 with validation R2: -0.1871
2026-02-22 18:03:09,232 - root - INFO - Epoch [127/10000], Train Loss: 0.0182, R2: 0.9737, RMSE: 0.1349 | Valid Loss: 0.2844, R2: -0.1871, RMSE: 0.5333
2026-02-22 18:03:09,873 - root - INFO - Best model saved at epoch 128 with validation R2: -0.1846
2026-02-22 18:03:09,873 - root - INFO - Epoch [128/10000], Train Loss: 0.0182, R2: 0.9737, RMSE: 0.1350 | Valid Loss: 0.2838, R2: -0.1846, RMSE: 0.5328
2026-02-22 18:03:10,705 - root - INFO - Best model saved at epoch 129 with validation R2: -0.1824
2026-02-22 18:03:10,707 - root - INFO - Epoch [129/10000], Train Loss: 0.0179, R2: 0.9741, RMSE: 0.1337 | Valid Loss: 0.2833, R2: -0.1824, RMSE: 0.5323
2026-02-22 18:03:11,391 - root - INFO - Best model saved at epoch 130 with validation R2: -0.1781
2026-02-22 18:03:11,392 - root - INFO - Epoch [130/10000], Train Loss: 0.0181, R2: 0.9738, RMSE: 0.1345 | Valid Loss: 0.2823, R2: -0.1781, RMSE: 0.5313
2026-02-22 18:03:11,976 - root - INFO - Epoch [131/10000], Train Loss: 0.0177, R2: 0.9744, RMSE: 0.1331 | Valid Loss: 0.2824, R2: -0.1785, RMSE: 0.5314
2026-02-22 18:03:12,639 - root - INFO - Best model saved at epoch 132 with validation R2: -0.1764
2026-02-22 18:03:12,641 - root - INFO - Epoch [132/10000], Train Loss: 0.0177, R2: 0.9744, RMSE: 0.1330 | Valid Loss: 0.2819, R2: -0.1764, RMSE: 0.5309
2026-02-22 18:03:13,358 - root - INFO - Best model saved at epoch 133 with validation R2: -0.1743
2026-02-22 18:03:13,359 - root - INFO - Epoch [133/10000], Train Loss: 0.0176, R2: 0.9746, RMSE: 0.1326 | Valid Loss: 0.2814, R2: -0.1743, RMSE: 0.5304
2026-02-22 18:03:13,954 - root - INFO - Epoch [134/10000], Train Loss: 0.0177, R2: 0.9743, RMSE: 0.1332 | Valid Loss: 0.2814, R2: -0.1743, RMSE: 0.5304
2026-02-22 18:03:14,577 - root - INFO - Best model saved at epoch 135 with validation R2: -0.1732
2026-02-22 18:03:14,580 - root - INFO - Epoch [135/10000], Train Loss: 0.0170, R2: 0.9755, RMSE: 0.1303 | Valid Loss: 0.2811, R2: -0.1732, RMSE: 0.5302
2026-02-22 18:03:15,148 - root - INFO - Best model saved at epoch 136 with validation R2: -0.1713
2026-02-22 18:03:15,149 - root - INFO - Epoch [136/10000], Train Loss: 0.0178, R2: 0.9743, RMSE: 0.1333 | Valid Loss: 0.2806, R2: -0.1713, RMSE: 0.5298
2026-02-22 18:03:15,804 - root - INFO - Best model saved at epoch 137 with validation R2: -0.1663
2026-02-22 18:03:15,806 - root - INFO - Epoch [137/10000], Train Loss: 0.0176, R2: 0.9745, RMSE: 0.1328 | Valid Loss: 0.2794, R2: -0.1663, RMSE: 0.5286
2026-02-22 18:03:16,410 - root - INFO - Epoch [138/10000], Train Loss: 0.0173, R2: 0.9750, RMSE: 0.1315 | Valid Loss: 0.2804, R2: -0.1703, RMSE: 0.5295
2026-02-22 18:03:17,056 - root - INFO - Best model saved at epoch 139 with validation R2: -0.1611
2026-02-22 18:03:17,057 - root - INFO - Epoch [139/10000], Train Loss: 0.0174, R2: 0.9748, RMSE: 0.1321 | Valid Loss: 0.2782, R2: -0.1611, RMSE: 0.5275
2026-02-22 18:03:17,615 - root - INFO - Epoch [140/10000], Train Loss: 0.0169, R2: 0.9755, RMSE: 0.1300 | Valid Loss: 0.2797, R2: -0.1672, RMSE: 0.5288
2026-02-22 18:03:18,196 - root - INFO - Epoch [141/10000], Train Loss: 0.0170, R2: 0.9755, RMSE: 0.1302 | Valid Loss: 0.2787, R2: -0.1632, RMSE: 0.5279
2026-02-22 18:03:18,783 - root - INFO - Epoch [142/10000], Train Loss: 0.0168, R2: 0.9757, RMSE: 0.1295 | Valid Loss: 0.2785, R2: -0.1622, RMSE: 0.5277
2026-02-22 18:03:19,435 - root - INFO - Best model saved at epoch 143 with validation R2: -0.1507
2026-02-22 18:03:19,436 - root - INFO - Epoch [143/10000], Train Loss: 0.0167, R2: 0.9759, RMSE: 0.1292 | Valid Loss: 0.2757, R2: -0.1507, RMSE: 0.5251
2026-02-22 18:03:20,140 - root - INFO - Epoch [144/10000], Train Loss: 0.0171, R2: 0.9752, RMSE: 0.1309 | Valid Loss: 0.2776, R2: -0.1587, RMSE: 0.5269
2026-02-22 18:03:20,803 - root - INFO - Best model saved at epoch 145 with validation R2: -0.1452
2026-02-22 18:03:20,804 - root - INFO - Epoch [145/10000], Train Loss: 0.0175, R2: 0.9747, RMSE: 0.1321 | Valid Loss: 0.2744, R2: -0.1452, RMSE: 0.5238
2026-02-22 18:03:21,459 - root - INFO - Epoch [146/10000], Train Loss: 0.0179, R2: 0.9741, RMSE: 0.1337 | Valid Loss: 0.2787, R2: -0.1631, RMSE: 0.5279
2026-02-22 18:03:22,253 - root - INFO - Best model saved at epoch 147 with validation R2: -0.1395
2026-02-22 18:03:22,254 - root - INFO - Epoch [147/10000], Train Loss: 0.0183, R2: 0.9736, RMSE: 0.1351 | Valid Loss: 0.2730, R2: -0.1395, RMSE: 0.5225
2026-02-22 18:03:23,032 - root - INFO - Epoch [148/10000], Train Loss: 0.0186, R2: 0.9732, RMSE: 0.1362 | Valid Loss: 0.2775, R2: -0.1580, RMSE: 0.5267
2026-02-22 18:03:23,804 - root - INFO - Best model saved at epoch 149 with validation R2: -0.1347
2026-02-22 18:03:23,806 - root - INFO - Epoch [149/10000], Train Loss: 0.0189, R2: 0.9727, RMSE: 0.1374 | Valid Loss: 0.2719, R2: -0.1347, RMSE: 0.5214
2026-02-22 18:03:24,605 - root - INFO - Epoch [150/10000], Train Loss: 0.0201, R2: 0.9710, RMSE: 0.1416 | Valid Loss: 0.2776, R2: -0.1585, RMSE: 0.5269
2026-02-22 18:03:25,199 - root - INFO - Best model saved at epoch 151 with validation R2: -0.1244
2026-02-22 18:03:25,201 - root - INFO - Epoch [151/10000], Train Loss: 0.0224, R2: 0.9677, RMSE: 0.1495 | Valid Loss: 0.2694, R2: -0.1244, RMSE: 0.5191
2026-02-22 18:03:25,772 - root - INFO - Epoch [152/10000], Train Loss: 0.0236, R2: 0.9658, RMSE: 0.1537 | Valid Loss: 0.2771, R2: -0.1563, RMSE: 0.5264
2026-02-22 18:03:26,411 - root - INFO - Best model saved at epoch 153 with validation R2: -0.1217
2026-02-22 18:03:26,412 - root - INFO - Epoch [153/10000], Train Loss: 0.0247, R2: 0.9642, RMSE: 0.1573 | Valid Loss: 0.2688, R2: -0.1217, RMSE: 0.5184
2026-02-22 18:03:27,077 - root - INFO - Epoch [154/10000], Train Loss: 0.0239, R2: 0.9654, RMSE: 0.1547 | Valid Loss: 0.2734, R2: -0.1409, RMSE: 0.5228
2026-02-22 18:03:27,738 - root - INFO - Epoch [155/10000], Train Loss: 0.0216, R2: 0.9688, RMSE: 0.1469 | Valid Loss: 0.2688, R2: -0.1217, RMSE: 0.5184
2026-02-22 18:03:28,526 - root - INFO - Epoch [156/10000], Train Loss: 0.0192, R2: 0.9722, RMSE: 0.1385 | Valid Loss: 0.2711, R2: -0.1314, RMSE: 0.5207
2026-02-22 18:03:29,374 - root - INFO - Epoch [157/10000], Train Loss: 0.0177, R2: 0.9744, RMSE: 0.1331 | Valid Loss: 0.2691, R2: -0.1232, RMSE: 0.5188
2026-02-22 18:03:30,047 - root - INFO - Epoch [158/10000], Train Loss: 0.0163, R2: 0.9764, RMSE: 0.1278 | Valid Loss: 0.2697, R2: -0.1255, RMSE: 0.5193
2026-02-22 18:03:30,713 - root - INFO - Epoch [159/10000], Train Loss: 0.0162, R2: 0.9766, RMSE: 0.1273 | Valid Loss: 0.2704, R2: -0.1286, RMSE: 0.5200
2026-02-22 18:03:31,480 - root - INFO - Epoch [160/10000], Train Loss: 0.0159, R2: 0.9770, RMSE: 0.1260 | Valid Loss: 0.2696, R2: -0.1251, RMSE: 0.5192
2026-02-22 18:03:32,286 - root - INFO - Epoch [161/10000], Train Loss: 0.0156, R2: 0.9775, RMSE: 0.1247 | Valid Loss: 0.2695, R2: -0.1249, RMSE: 0.5192
2026-02-22 18:03:32,950 - root - INFO - Epoch [162/10000], Train Loss: 0.0156, R2: 0.9774, RMSE: 0.1249 | Valid Loss: 0.2694, R2: -0.1241, RMSE: 0.5190
2026-02-22 18:03:33,659 - root - INFO - Epoch [163/10000], Train Loss: 0.0158, R2: 0.9772, RMSE: 0.1256 | Valid Loss: 0.2690, R2: -0.1227, RMSE: 0.5187
2026-02-22 18:03:34,340 - root - INFO - Best model saved at epoch 164 with validation R2: -0.1213
2026-02-22 18:03:34,341 - root - INFO - Epoch [164/10000], Train Loss: 0.0156, R2: 0.9774, RMSE: 0.1250 | Valid Loss: 0.2687, R2: -0.1213, RMSE: 0.5183
2026-02-22 18:03:35,036 - root - INFO - Best model saved at epoch 165 with validation R2: -0.1180
2026-02-22 18:03:35,038 - root - INFO - Epoch [165/10000], Train Loss: 0.0153, R2: 0.9779, RMSE: 0.1237 | Valid Loss: 0.2679, R2: -0.1180, RMSE: 0.5176
2026-02-22 18:03:35,696 - root - INFO - Epoch [166/10000], Train Loss: 0.0157, R2: 0.9773, RMSE: 0.1252 | Valid Loss: 0.2689, R2: -0.1224, RMSE: 0.5186
2026-02-22 18:03:36,331 - root - INFO - Epoch [167/10000], Train Loss: 0.0160, R2: 0.9768, RMSE: 0.1266 | Valid Loss: 0.2679, R2: -0.1183, RMSE: 0.5176
2026-02-22 18:03:36,905 - root - INFO - Epoch [168/10000], Train Loss: 0.0156, R2: 0.9775, RMSE: 0.1248 | Valid Loss: 0.2689, R2: -0.1221, RMSE: 0.5185
2026-02-22 18:03:37,690 - root - INFO - Epoch [169/10000], Train Loss: 0.0157, R2: 0.9773, RMSE: 0.1253 | Valid Loss: 0.2683, R2: -0.1195, RMSE: 0.5179
2026-02-22 18:03:38,396 - root - INFO - Epoch [170/10000], Train Loss: 0.0156, R2: 0.9774, RMSE: 0.1250 | Valid Loss: 0.2681, R2: -0.1191, RMSE: 0.5178
2026-02-22 18:03:39,046 - root - INFO - Best model saved at epoch 171 with validation R2: -0.1176
2026-02-22 18:03:39,048 - root - INFO - Epoch [171/10000], Train Loss: 0.0159, R2: 0.9770, RMSE: 0.1260 | Valid Loss: 0.2678, R2: -0.1176, RMSE: 0.5175
2026-02-22 18:03:39,767 - root - INFO - Epoch [172/10000], Train Loss: 0.0157, R2: 0.9773, RMSE: 0.1253 | Valid Loss: 0.2679, R2: -0.1182, RMSE: 0.5176
2026-02-22 18:03:40,460 - root - INFO - Best model saved at epoch 173 with validation R2: -0.1160
2026-02-22 18:03:40,462 - root - INFO - Epoch [173/10000], Train Loss: 0.0156, R2: 0.9775, RMSE: 0.1247 | Valid Loss: 0.2674, R2: -0.1160, RMSE: 0.5171
2026-02-22 18:03:41,128 - root - INFO - Epoch [174/10000], Train Loss: 0.0148, R2: 0.9786, RMSE: 0.1217 | Valid Loss: 0.2679, R2: -0.1179, RMSE: 0.5176
2026-02-22 18:03:41,816 - root - INFO - Epoch [175/10000], Train Loss: 0.0153, R2: 0.9778, RMSE: 0.1238 | Valid Loss: 0.2678, R2: -0.1176, RMSE: 0.5175
2026-02-22 18:03:42,438 - root - INFO - Epoch [176/10000], Train Loss: 0.0151, R2: 0.9781, RMSE: 0.1231 | Valid Loss: 0.2678, R2: -0.1178, RMSE: 0.5175
2026-02-22 18:03:43,140 - root - INFO - Best model saved at epoch 177 with validation R2: -0.1115
2026-02-22 18:03:43,142 - root - INFO - Epoch [177/10000], Train Loss: 0.0157, R2: 0.9773, RMSE: 0.1251 | Valid Loss: 0.2663, R2: -0.1115, RMSE: 0.5161
2026-02-22 18:03:43,717 - root - INFO - Epoch [178/10000], Train Loss: 0.0153, R2: 0.9779, RMSE: 0.1237 | Valid Loss: 0.2676, R2: -0.1167, RMSE: 0.5173
2026-02-22 18:03:44,345 - root - INFO - Best model saved at epoch 179 with validation R2: -0.1103
2026-02-22 18:03:44,346 - root - INFO - Epoch [179/10000], Train Loss: 0.0153, R2: 0.9778, RMSE: 0.1239 | Valid Loss: 0.2660, R2: -0.1103, RMSE: 0.5158
2026-02-22 18:03:45,013 - root - INFO - Epoch [180/10000], Train Loss: 0.0154, R2: 0.9777, RMSE: 0.1242 | Valid Loss: 0.2676, R2: -0.1166, RMSE: 0.5173
2026-02-22 18:03:45,564 - root - INFO - Best model saved at epoch 181 with validation R2: -0.1069
2026-02-22 18:03:45,565 - root - INFO - Epoch [181/10000], Train Loss: 0.0153, R2: 0.9779, RMSE: 0.1237 | Valid Loss: 0.2652, R2: -0.1069, RMSE: 0.5150
2026-02-22 18:03:46,171 - root - INFO - Epoch [182/10000], Train Loss: 0.0147, R2: 0.9787, RMSE: 0.1214 | Valid Loss: 0.2677, R2: -0.1174, RMSE: 0.5174
2026-02-22 18:03:46,766 - root - INFO - Epoch [183/10000], Train Loss: 0.0154, R2: 0.9778, RMSE: 0.1239 | Valid Loss: 0.2653, R2: -0.1072, RMSE: 0.5151
2026-02-22 18:03:47,376 - root - INFO - Epoch [184/10000], Train Loss: 0.0151, R2: 0.9781, RMSE: 0.1230 | Valid Loss: 0.2674, R2: -0.1159, RMSE: 0.5171
2026-02-22 18:03:48,131 - root - INFO - Best model saved at epoch 185 with validation R2: -0.1045
2026-02-22 18:03:48,132 - root - INFO - Epoch [185/10000], Train Loss: 0.0155, R2: 0.9776, RMSE: 0.1246 | Valid Loss: 0.2646, R2: -0.1045, RMSE: 0.5144
2026-02-22 18:03:48,805 - root - INFO - Epoch [186/10000], Train Loss: 0.0157, R2: 0.9773, RMSE: 0.1254 | Valid Loss: 0.2668, R2: -0.1133, RMSE: 0.5165
2026-02-22 18:03:49,588 - root - INFO - Best model saved at epoch 187 with validation R2: -0.0975
2026-02-22 18:03:49,589 - root - INFO - Epoch [187/10000], Train Loss: 0.0166, R2: 0.9760, RMSE: 0.1287 | Valid Loss: 0.2630, R2: -0.0975, RMSE: 0.5128
2026-02-22 18:03:50,295 - root - INFO - Epoch [188/10000], Train Loss: 0.0173, R2: 0.9750, RMSE: 0.1315 | Valid Loss: 0.2672, R2: -0.1150, RMSE: 0.5169
2026-02-22 18:03:50,917 - root - INFO - Epoch [189/10000], Train Loss: 0.0181, R2: 0.9739, RMSE: 0.1344 | Valid Loss: 0.2631, R2: -0.0980, RMSE: 0.5129
2026-02-22 18:03:51,596 - root - INFO - Epoch [190/10000], Train Loss: 0.0182, R2: 0.9736, RMSE: 0.1350 | Valid Loss: 0.2672, R2: -0.1153, RMSE: 0.5169
2026-02-22 18:03:52,174 - root - INFO - Best model saved at epoch 191 with validation R2: -0.0936
2026-02-22 18:03:52,175 - root - INFO - Epoch [191/10000], Train Loss: 0.0193, R2: 0.9721, RMSE: 0.1389 | Valid Loss: 0.2620, R2: -0.0936, RMSE: 0.5119
2026-02-22 18:03:52,876 - root - INFO - Epoch [192/10000], Train Loss: 0.0196, R2: 0.9717, RMSE: 0.1399 | Valid Loss: 0.2669, R2: -0.1139, RMSE: 0.5166
2026-02-22 18:03:53,477 - root - INFO - Epoch [193/10000], Train Loss: 0.0192, R2: 0.9723, RMSE: 0.1385 | Valid Loss: 0.2620, R2: -0.0936, RMSE: 0.5119
2026-02-22 18:03:54,030 - root - INFO - Epoch [194/10000], Train Loss: 0.0179, R2: 0.9741, RMSE: 0.1338 | Valid Loss: 0.2655, R2: -0.1080, RMSE: 0.5153
2026-02-22 18:03:54,549 - root - INFO - Epoch [195/10000], Train Loss: 0.0171, R2: 0.9752, RMSE: 0.1309 | Valid Loss: 0.2626, R2: -0.0958, RMSE: 0.5124
2026-02-22 18:03:55,169 - root - INFO - Epoch [196/10000], Train Loss: 0.0162, R2: 0.9766, RMSE: 0.1273 | Valid Loss: 0.2652, R2: -0.1068, RMSE: 0.5150
2026-02-22 18:03:55,769 - root - INFO - Epoch [197/10000], Train Loss: 0.0154, R2: 0.9777, RMSE: 0.1243 | Valid Loss: 0.2633, R2: -0.0988, RMSE: 0.5131
2026-02-22 18:03:56,337 - root - INFO - Epoch [198/10000], Train Loss: 0.0158, R2: 0.9772, RMSE: 0.1256 | Valid Loss: 0.2648, R2: -0.1052, RMSE: 0.5146
2026-02-22 18:03:56,904 - root - INFO - Epoch [199/10000], Train Loss: 0.0148, R2: 0.9785, RMSE: 0.1218 | Valid Loss: 0.2641, R2: -0.1022, RMSE: 0.5139
2026-02-22 18:03:57,491 - root - INFO - Epoch [200/10000], Train Loss: 0.0146, R2: 0.9789, RMSE: 0.1209 | Valid Loss: 0.2646, R2: -0.1043, RMSE: 0.5144
2026-02-22 18:03:58,128 - root - INFO - Epoch [201/10000], Train Loss: 0.0143, R2: 0.9793, RMSE: 0.1198 | Valid Loss: 0.2638, R2: -0.1011, RMSE: 0.5136
2026-02-22 18:03:58,717 - root - INFO - Epoch [202/10000], Train Loss: 0.0144, R2: 0.9791, RMSE: 0.1201 | Valid Loss: 0.2655, R2: -0.1080, RMSE: 0.5153
2026-02-22 18:03:59,379 - root - INFO - Epoch [203/10000], Train Loss: 0.0148, R2: 0.9786, RMSE: 0.1216 | Valid Loss: 0.2640, R2: -0.1018, RMSE: 0.5138
2026-02-22 18:03:59,980 - root - INFO - Epoch [204/10000], Train Loss: 0.0142, R2: 0.9794, RMSE: 0.1194 | Valid Loss: 0.2647, R2: -0.1047, RMSE: 0.5145
2026-02-22 18:04:00,687 - root - INFO - Epoch [205/10000], Train Loss: 0.0139, R2: 0.9799, RMSE: 0.1180 | Valid Loss: 0.2647, R2: -0.1048, RMSE: 0.5145
2026-02-22 18:04:01,342 - root - INFO - Epoch [206/10000], Train Loss: 0.0144, R2: 0.9791, RMSE: 0.1201 | Valid Loss: 0.2649, R2: -0.1057, RMSE: 0.5147
2026-02-22 18:04:01,982 - root - INFO - Epoch [207/10000], Train Loss: 0.0139, R2: 0.9799, RMSE: 0.1179 | Valid Loss: 0.2646, R2: -0.1045, RMSE: 0.5144
2026-02-22 18:04:02,700 - root - INFO - Epoch [208/10000], Train Loss: 0.0141, R2: 0.9797, RMSE: 0.1186 | Valid Loss: 0.2652, R2: -0.1069, RMSE: 0.5150
2026-02-22 18:04:03,327 - root - INFO - Epoch [209/10000], Train Loss: 0.0145, R2: 0.9791, RMSE: 0.1203 | Valid Loss: 0.2640, R2: -0.1018, RMSE: 0.5138
2026-02-22 18:04:03,963 - root - INFO - Epoch [210/10000], Train Loss: 0.0141, R2: 0.9796, RMSE: 0.1189 | Valid Loss: 0.2652, R2: -0.1070, RMSE: 0.5150
2026-02-22 18:04:04,602 - root - INFO - Epoch [211/10000], Train Loss: 0.0143, R2: 0.9793, RMSE: 0.1197 | Valid Loss: 0.2639, R2: -0.1015, RMSE: 0.5137
2026-02-22 18:04:05,251 - root - INFO - Epoch [212/10000], Train Loss: 0.0143, R2: 0.9793, RMSE: 0.1197 | Valid Loss: 0.2662, R2: -0.1109, RMSE: 0.5159
2026-02-22 18:04:05,819 - root - INFO - Epoch [213/10000], Train Loss: 0.0145, R2: 0.9790, RMSE: 0.1204 | Valid Loss: 0.2630, R2: -0.0976, RMSE: 0.5128
2026-02-22 18:04:06,363 - root - INFO - Epoch [214/10000], Train Loss: 0.0150, R2: 0.9783, RMSE: 0.1224 | Valid Loss: 0.2665, R2: -0.1121, RMSE: 0.5162
2026-02-22 18:04:06,939 - root - INFO - Epoch [215/10000], Train Loss: 0.0152, R2: 0.9780, RMSE: 0.1234 | Valid Loss: 0.2629, R2: -0.0970, RMSE: 0.5127
2026-02-22 18:04:07,499 - root - INFO - Epoch [216/10000], Train Loss: 0.0153, R2: 0.9779, RMSE: 0.1237 | Valid Loss: 0.2671, R2: -0.1145, RMSE: 0.5168
2026-02-22 18:04:08,141 - root - INFO - Epoch [217/10000], Train Loss: 0.0158, R2: 0.9772, RMSE: 0.1256 | Valid Loss: 0.2625, R2: -0.0953, RMSE: 0.5123
2026-02-22 18:04:08,880 - root - INFO - Epoch [218/10000], Train Loss: 0.0164, R2: 0.9762, RMSE: 0.1281 | Valid Loss: 0.2675, R2: -0.1164, RMSE: 0.5172
2026-02-22 18:04:09,485 - root - INFO - Best model saved at epoch 219 with validation R2: -0.0926
2026-02-22 18:04:09,486 - root - INFO - Epoch [219/10000], Train Loss: 0.0176, R2: 0.9745, RMSE: 0.1328 | Valid Loss: 0.2618, R2: -0.0926, RMSE: 0.5117
2026-02-22 18:04:10,074 - root - INFO - Epoch [220/10000], Train Loss: 0.0176, R2: 0.9746, RMSE: 0.1326 | Valid Loss: 0.2676, R2: -0.1167, RMSE: 0.5173
2026-02-22 18:04:10,894 - root - INFO - Epoch [221/10000], Train Loss: 0.0179, R2: 0.9741, RMSE: 0.1338 | Valid Loss: 0.2628, R2: -0.0969, RMSE: 0.5127
2026-02-22 18:04:11,835 - root - INFO - Epoch [222/10000], Train Loss: 0.0172, R2: 0.9751, RMSE: 0.1313 | Valid Loss: 0.2666, R2: -0.1125, RMSE: 0.5163
2026-02-22 18:04:12,495 - root - INFO - Epoch [223/10000], Train Loss: 0.0173, R2: 0.9749, RMSE: 0.1317 | Valid Loss: 0.2631, R2: -0.0981, RMSE: 0.5130
2026-02-22 18:04:13,192 - root - INFO - Epoch [224/10000], Train Loss: 0.0157, R2: 0.9772, RMSE: 0.1255 | Valid Loss: 0.2666, R2: -0.1127, RMSE: 0.5164
2026-02-22 18:04:13,941 - root - INFO - Epoch [225/10000], Train Loss: 0.0154, R2: 0.9777, RMSE: 0.1241 | Valid Loss: 0.2638, R2: -0.1010, RMSE: 0.5136
2026-02-22 18:04:14,500 - root - INFO - Epoch [226/10000], Train Loss: 0.0151, R2: 0.9782, RMSE: 0.1229 | Valid Loss: 0.2667, R2: -0.1132, RMSE: 0.5165
2026-02-22 18:04:15,054 - root - INFO - Epoch [227/10000], Train Loss: 0.0147, R2: 0.9787, RMSE: 0.1214 | Valid Loss: 0.2638, R2: -0.1011, RMSE: 0.5136
2026-02-22 18:04:15,725 - root - INFO - Epoch [228/10000], Train Loss: 0.0143, R2: 0.9794, RMSE: 0.1194 | Valid Loss: 0.2666, R2: -0.1128, RMSE: 0.5164
2026-02-22 18:04:16,475 - root - INFO - Epoch [229/10000], Train Loss: 0.0141, R2: 0.9796, RMSE: 0.1189 | Valid Loss: 0.2654, R2: -0.1075, RMSE: 0.5151
2026-02-22 18:04:17,041 - root - INFO - Epoch [230/10000], Train Loss: 0.0138, R2: 0.9800, RMSE: 0.1175 | Valid Loss: 0.2669, R2: -0.1139, RMSE: 0.5166
2026-02-22 18:04:17,631 - root - INFO - Epoch [231/10000], Train Loss: 0.0140, R2: 0.9798, RMSE: 0.1181 | Valid Loss: 0.2662, R2: -0.1108, RMSE: 0.5159
2026-02-22 18:04:18,225 - root - INFO - Epoch [232/10000], Train Loss: 0.0139, R2: 0.9799, RMSE: 0.1179 | Valid Loss: 0.2670, R2: -0.1141, RMSE: 0.5167
2026-02-22 18:04:19,007 - root - INFO - Epoch [233/10000], Train Loss: 0.0138, R2: 0.9801, RMSE: 0.1174 | Valid Loss: 0.2646, R2: -0.1045, RMSE: 0.5144
2026-02-22 18:04:19,729 - root - INFO - Epoch [234/10000], Train Loss: 0.0135, R2: 0.9805, RMSE: 0.1162 | Valid Loss: 0.2670, R2: -0.1143, RMSE: 0.5167
2026-02-22 18:04:20,511 - root - INFO - Epoch [235/10000], Train Loss: 0.0132, R2: 0.9810, RMSE: 0.1148 | Valid Loss: 0.2654, R2: -0.1075, RMSE: 0.5152
2026-02-22 18:04:21,235 - root - INFO - Epoch [236/10000], Train Loss: 0.0140, R2: 0.9797, RMSE: 0.1184 | Valid Loss: 0.2667, R2: -0.1131, RMSE: 0.5165
2026-02-22 18:04:21,847 - root - INFO - Epoch [237/10000], Train Loss: 0.0134, R2: 0.9807, RMSE: 0.1156 | Valid Loss: 0.2650, R2: -0.1060, RMSE: 0.5148
2026-02-22 18:04:22,447 - root - INFO - Epoch [238/10000], Train Loss: 0.0135, R2: 0.9805, RMSE: 0.1161 | Valid Loss: 0.2672, R2: -0.1152, RMSE: 0.5169
2026-02-22 18:04:23,078 - root - INFO - Epoch [239/10000], Train Loss: 0.0140, R2: 0.9797, RMSE: 0.1184 | Valid Loss: 0.2666, R2: -0.1127, RMSE: 0.5164
2026-02-22 18:04:23,831 - root - INFO - Epoch [240/10000], Train Loss: 0.0135, R2: 0.9804, RMSE: 0.1163 | Valid Loss: 0.2684, R2: -0.1202, RMSE: 0.5181
2026-02-22 18:04:24,459 - root - INFO - Epoch [241/10000], Train Loss: 0.0139, R2: 0.9799, RMSE: 0.1180 | Valid Loss: 0.2656, R2: -0.1086, RMSE: 0.5154
2026-02-22 18:04:25,077 - root - INFO - Epoch [242/10000], Train Loss: 0.0136, R2: 0.9803, RMSE: 0.1168 | Valid Loss: 0.2682, R2: -0.1193, RMSE: 0.5179
2026-02-22 18:04:25,661 - root - INFO - Epoch [243/10000], Train Loss: 0.0136, R2: 0.9804, RMSE: 0.1164 | Valid Loss: 0.2658, R2: -0.1093, RMSE: 0.5156
2026-02-22 18:04:26,279 - root - INFO - Epoch [244/10000], Train Loss: 0.0136, R2: 0.9803, RMSE: 0.1168 | Valid Loss: 0.2687, R2: -0.1214, RMSE: 0.5184
2026-02-22 18:04:26,948 - root - INFO - Epoch [245/10000], Train Loss: 0.0141, R2: 0.9795, RMSE: 0.1189 | Valid Loss: 0.2669, R2: -0.1138, RMSE: 0.5166
2026-02-22 18:04:27,641 - root - INFO - Epoch [246/10000], Train Loss: 0.0136, R2: 0.9803, RMSE: 0.1166 | Valid Loss: 0.2696, R2: -0.1251, RMSE: 0.5192
2026-02-22 18:04:28,317 - root - INFO - Epoch [247/10000], Train Loss: 0.0142, R2: 0.9794, RMSE: 0.1192 | Valid Loss: 0.2663, R2: -0.1112, RMSE: 0.5160
2026-02-22 18:04:29,011 - root - INFO - Epoch [248/10000], Train Loss: 0.0142, R2: 0.9794, RMSE: 0.1193 | Valid Loss: 0.2703, R2: -0.1280, RMSE: 0.5199
2026-02-22 18:04:29,661 - root - INFO - Epoch [249/10000], Train Loss: 0.0146, R2: 0.9789, RMSE: 0.1207 | Valid Loss: 0.2668, R2: -0.1133, RMSE: 0.5165
2026-02-22 18:04:30,299 - root - INFO - Epoch [250/10000], Train Loss: 0.0149, R2: 0.9784, RMSE: 0.1221 | Valid Loss: 0.2712, R2: -0.1318, RMSE: 0.5208
2026-02-22 18:04:30,982 - root - INFO - Epoch [251/10000], Train Loss: 0.0146, R2: 0.9789, RMSE: 0.1209 | Valid Loss: 0.2666, R2: -0.1126, RMSE: 0.5163
2026-02-22 18:04:31,679 - root - INFO - Epoch [252/10000], Train Loss: 0.0144, R2: 0.9792, RMSE: 0.1200 | Valid Loss: 0.2706, R2: -0.1294, RMSE: 0.5202
2026-02-22 18:04:32,280 - root - INFO - Epoch [253/10000], Train Loss: 0.0152, R2: 0.9781, RMSE: 0.1231 | Valid Loss: 0.2662, R2: -0.1108, RMSE: 0.5159
2026-02-22 18:04:32,904 - root - INFO - Epoch [254/10000], Train Loss: 0.0149, R2: 0.9784, RMSE: 0.1222 | Valid Loss: 0.2704, R2: -0.1286, RMSE: 0.5200
2026-02-22 18:04:33,610 - root - INFO - Epoch [255/10000], Train Loss: 0.0153, R2: 0.9778, RMSE: 0.1238 | Valid Loss: 0.2675, R2: -0.1162, RMSE: 0.5172
2026-02-22 18:04:34,311 - root - INFO - Epoch [256/10000], Train Loss: 0.0154, R2: 0.9777, RMSE: 0.1242 | Valid Loss: 0.2712, R2: -0.1319, RMSE: 0.5208
2026-02-22 18:04:34,990 - root - INFO - Epoch [257/10000], Train Loss: 0.0160, R2: 0.9768, RMSE: 0.1265 | Valid Loss: 0.2668, R2: -0.1133, RMSE: 0.5165
2026-02-22 18:04:35,708 - root - INFO - Epoch [258/10000], Train Loss: 0.0158, R2: 0.9772, RMSE: 0.1255 | Valid Loss: 0.2711, R2: -0.1316, RMSE: 0.5207
2026-02-22 18:04:36,416 - root - INFO - Epoch [259/10000], Train Loss: 0.0157, R2: 0.9773, RMSE: 0.1254 | Valid Loss: 0.2668, R2: -0.1133, RMSE: 0.5165
2026-02-22 18:04:37,119 - root - INFO - Epoch [260/10000], Train Loss: 0.0153, R2: 0.9779, RMSE: 0.1236 | Valid Loss: 0.2710, R2: -0.1308, RMSE: 0.5205
2026-02-22 18:04:37,732 - root - INFO - Epoch [261/10000], Train Loss: 0.0147, R2: 0.9787, RMSE: 0.1213 | Valid Loss: 0.2674, R2: -0.1160, RMSE: 0.5171
2026-02-22 18:04:38,444 - root - INFO - Epoch [262/10000], Train Loss: 0.0139, R2: 0.9799, RMSE: 0.1179 | Valid Loss: 0.2711, R2: -0.1312, RMSE: 0.5206
2026-02-22 18:04:39,047 - root - INFO - Epoch [263/10000], Train Loss: 0.0139, R2: 0.9800, RMSE: 0.1177 | Valid Loss: 0.2675, R2: -0.1163, RMSE: 0.5172
2026-02-22 18:04:39,615 - root - INFO - Epoch [264/10000], Train Loss: 0.0140, R2: 0.9798, RMSE: 0.1182 | Valid Loss: 0.2708, R2: -0.1301, RMSE: 0.5204
2026-02-22 18:04:40,203 - root - INFO - Epoch [265/10000], Train Loss: 0.0142, R2: 0.9795, RMSE: 0.1191 | Valid Loss: 0.2673, R2: -0.1155, RMSE: 0.5170
2026-02-22 18:04:40,892 - root - INFO - Epoch [266/10000], Train Loss: 0.0136, R2: 0.9803, RMSE: 0.1166 | Valid Loss: 0.2711, R2: -0.1316, RMSE: 0.5207
2026-02-22 18:04:41,524 - root - INFO - Epoch [267/10000], Train Loss: 0.0134, R2: 0.9805, RMSE: 0.1160 | Valid Loss: 0.2680, R2: -0.1186, RMSE: 0.5177
2026-02-22 18:04:42,142 - root - INFO - Epoch [268/10000], Train Loss: 0.0135, R2: 0.9805, RMSE: 0.1161 | Valid Loss: 0.2708, R2: -0.1304, RMSE: 0.5204
2026-02-22 18:04:42,787 - root - INFO - Epoch [269/10000], Train Loss: 0.0136, R2: 0.9803, RMSE: 0.1166 | Valid Loss: 0.2689, R2: -0.1221, RMSE: 0.5185
2026-02-22 18:04:43,401 - root - INFO - Epoch [270/10000], Train Loss: 0.0133, R2: 0.9808, RMSE: 0.1153 | Valid Loss: 0.2716, R2: -0.1334, RMSE: 0.5211
2026-02-22 18:04:43,977 - root - INFO - Epoch [271/10000], Train Loss: 0.0131, R2: 0.9811, RMSE: 0.1144 | Valid Loss: 0.2690, R2: -0.1226, RMSE: 0.5186
2026-02-22 18:04:44,613 - root - INFO - Epoch [272/10000], Train Loss: 0.0131, R2: 0.9811, RMSE: 0.1144 | Valid Loss: 0.2717, R2: -0.1339, RMSE: 0.5212
2026-02-22 18:04:45,202 - root - INFO - Epoch [273/10000], Train Loss: 0.0130, R2: 0.9811, RMSE: 0.1142 | Valid Loss: 0.2691, R2: -0.1231, RMSE: 0.5188
2026-02-22 18:04:45,925 - root - INFO - Epoch [274/10000], Train Loss: 0.0133, R2: 0.9807, RMSE: 0.1154 | Valid Loss: 0.2721, R2: -0.1354, RMSE: 0.5216
2026-02-22 18:04:46,564 - root - INFO - Epoch [275/10000], Train Loss: 0.0136, R2: 0.9803, RMSE: 0.1167 | Valid Loss: 0.2687, R2: -0.1215, RMSE: 0.5184
2026-02-22 18:04:47,145 - root - INFO - Epoch [276/10000], Train Loss: 0.0137, R2: 0.9802, RMSE: 0.1171 | Valid Loss: 0.2733, R2: -0.1406, RMSE: 0.5228
2026-02-22 18:04:47,745 - root - INFO - Epoch [277/10000], Train Loss: 0.0138, R2: 0.9801, RMSE: 0.1173 | Valid Loss: 0.2700, R2: -0.1268, RMSE: 0.5196
2026-02-22 18:04:48,310 - root - INFO - Epoch [278/10000], Train Loss: 0.0139, R2: 0.9799, RMSE: 0.1178 | Valid Loss: 0.2737, R2: -0.1421, RMSE: 0.5231
2026-02-22 18:04:48,897 - root - INFO - Epoch [279/10000], Train Loss: 0.0142, R2: 0.9794, RMSE: 0.1192 | Valid Loss: 0.2693, R2: -0.1239, RMSE: 0.5189
2026-02-22 18:04:49,417 - root - INFO - Epoch [280/10000], Train Loss: 0.0140, R2: 0.9798, RMSE: 0.1181 | Valid Loss: 0.2736, R2: -0.1417, RMSE: 0.5230
2026-02-22 18:04:49,986 - root - INFO - Epoch [281/10000], Train Loss: 0.0145, R2: 0.9790, RMSE: 0.1206 | Valid Loss: 0.2696, R2: -0.1249, RMSE: 0.5192
2026-02-22 18:04:50,585 - root - INFO - Epoch [282/10000], Train Loss: 0.0139, R2: 0.9798, RMSE: 0.1181 | Valid Loss: 0.2734, R2: -0.1409, RMSE: 0.5229
2026-02-22 18:04:51,211 - root - INFO - Epoch [283/10000], Train Loss: 0.0140, R2: 0.9798, RMSE: 0.1183 | Valid Loss: 0.2704, R2: -0.1285, RMSE: 0.5200
2026-02-22 18:04:51,890 - root - INFO - Epoch [284/10000], Train Loss: 0.0138, R2: 0.9800, RMSE: 0.1176 | Valid Loss: 0.2738, R2: -0.1427, RMSE: 0.5233
2026-02-22 18:04:52,527 - root - INFO - Epoch [285/10000], Train Loss: 0.0139, R2: 0.9799, RMSE: 0.1180 | Valid Loss: 0.2708, R2: -0.1304, RMSE: 0.5204
2026-02-22 18:04:53,255 - root - INFO - Epoch [286/10000], Train Loss: 0.0139, R2: 0.9799, RMSE: 0.1179 | Valid Loss: 0.2743, R2: -0.1449, RMSE: 0.5238
2026-02-22 18:04:53,977 - root - INFO - Epoch [287/10000], Train Loss: 0.0137, R2: 0.9802, RMSE: 0.1171 | Valid Loss: 0.2713, R2: -0.1322, RMSE: 0.5209
2026-02-22 18:04:54,583 - root - INFO - Epoch [288/10000], Train Loss: 0.0133, R2: 0.9808, RMSE: 0.1153 | Valid Loss: 0.2743, R2: -0.1449, RMSE: 0.5238
2026-02-22 18:04:55,183 - root - INFO - Epoch [289/10000], Train Loss: 0.0131, R2: 0.9811, RMSE: 0.1142 | Valid Loss: 0.2711, R2: -0.1314, RMSE: 0.5207
2026-02-22 18:04:55,913 - root - INFO - Epoch [290/10000], Train Loss: 0.0130, R2: 0.9812, RMSE: 0.1139 | Valid Loss: 0.2741, R2: -0.1439, RMSE: 0.5235
2026-02-22 18:04:56,471 - root - INFO - Epoch [291/10000], Train Loss: 0.0130, R2: 0.9812, RMSE: 0.1139 | Valid Loss: 0.2720, R2: -0.1352, RMSE: 0.5215
2026-02-22 18:04:57,099 - root - INFO - Epoch [292/10000], Train Loss: 0.0129, R2: 0.9813, RMSE: 0.1137 | Valid Loss: 0.2748, R2: -0.1469, RMSE: 0.5242
2026-02-22 18:04:57,820 - root - INFO - Epoch [293/10000], Train Loss: 0.0128, R2: 0.9814, RMSE: 0.1133 | Valid Loss: 0.2717, R2: -0.1337, RMSE: 0.5212
2026-02-22 18:04:58,489 - root - INFO - Epoch [294/10000], Train Loss: 0.0129, R2: 0.9813, RMSE: 0.1137 | Valid Loss: 0.2744, R2: -0.1450, RMSE: 0.5238
2026-02-22 18:04:59,092 - root - INFO - Epoch [295/10000], Train Loss: 0.0130, R2: 0.9811, RMSE: 0.1142 | Valid Loss: 0.2724, R2: -0.1369, RMSE: 0.5219
2026-02-22 18:04:59,712 - root - INFO - Epoch [296/10000], Train Loss: 0.0127, R2: 0.9816, RMSE: 0.1127 | Valid Loss: 0.2759, R2: -0.1516, RMSE: 0.5253
2026-02-22 18:05:00,307 - root - INFO - Epoch [297/10000], Train Loss: 0.0128, R2: 0.9815, RMSE: 0.1132 | Valid Loss: 0.2726, R2: -0.1378, RMSE: 0.5221
2026-02-22 18:05:00,888 - root - INFO - Epoch [298/10000], Train Loss: 0.0126, R2: 0.9818, RMSE: 0.1122 | Valid Loss: 0.2769, R2: -0.1558, RMSE: 0.5262
2026-02-22 18:05:01,513 - root - INFO - Epoch [299/10000], Train Loss: 0.0128, R2: 0.9815, RMSE: 0.1131 | Valid Loss: 0.2734, R2: -0.1409, RMSE: 0.5229
2026-02-22 18:05:02,079 - root - INFO - Epoch [300/10000], Train Loss: 0.0128, R2: 0.9814, RMSE: 0.1133 | Valid Loss: 0.2771, R2: -0.1565, RMSE: 0.5264
2026-02-22 18:05:02,649 - root - INFO - Epoch [301/10000], Train Loss: 0.0127, R2: 0.9816, RMSE: 0.1129 | Valid Loss: 0.2729, R2: -0.1390, RMSE: 0.5224
2026-02-22 18:05:03,293 - root - INFO - Epoch [302/10000], Train Loss: 0.0129, R2: 0.9814, RMSE: 0.1134 | Valid Loss: 0.2759, R2: -0.1514, RMSE: 0.5253
2026-02-22 18:05:03,920 - root - INFO - Epoch [303/10000], Train Loss: 0.0128, R2: 0.9814, RMSE: 0.1133 | Valid Loss: 0.2731, R2: -0.1400, RMSE: 0.5226
2026-02-22 18:05:04,550 - root - INFO - Epoch [304/10000], Train Loss: 0.0127, R2: 0.9817, RMSE: 0.1126 | Valid Loss: 0.2769, R2: -0.1557, RMSE: 0.5262
2026-02-22 18:05:05,145 - root - INFO - Epoch [305/10000], Train Loss: 0.0127, R2: 0.9816, RMSE: 0.1127 | Valid Loss: 0.2743, R2: -0.1449, RMSE: 0.5238
2026-02-22 18:05:05,796 - root - INFO - Epoch [306/10000], Train Loss: 0.0128, R2: 0.9815, RMSE: 0.1132 | Valid Loss: 0.2774, R2: -0.1576, RMSE: 0.5267
2026-02-22 18:05:06,465 - root - INFO - Epoch [307/10000], Train Loss: 0.0125, R2: 0.9819, RMSE: 0.1119 | Valid Loss: 0.2735, R2: -0.1413, RMSE: 0.5229
2026-02-22 18:05:07,073 - root - INFO - Epoch [308/10000], Train Loss: 0.0130, R2: 0.9812, RMSE: 0.1140 | Valid Loss: 0.2779, R2: -0.1598, RMSE: 0.5272
2026-02-22 18:05:07,759 - root - INFO - Epoch [309/10000], Train Loss: 0.0133, R2: 0.9808, RMSE: 0.1151 | Valid Loss: 0.2737, R2: -0.1421, RMSE: 0.5231
2026-02-22 18:05:08,467 - root - INFO - Epoch [310/10000], Train Loss: 0.0134, R2: 0.9806, RMSE: 0.1159 | Valid Loss: 0.2786, R2: -0.1626, RMSE: 0.5278
2026-02-22 18:05:09,172 - root - INFO - Epoch [311/10000], Train Loss: 0.0142, R2: 0.9795, RMSE: 0.1190 | Valid Loss: 0.2731, R2: -0.1399, RMSE: 0.5226
2026-02-22 18:05:09,767 - root - INFO - Epoch [312/10000], Train Loss: 0.0139, R2: 0.9799, RMSE: 0.1178 | Valid Loss: 0.2793, R2: -0.1657, RMSE: 0.5285
2026-02-22 18:05:10,375 - root - INFO - Epoch [313/10000], Train Loss: 0.0142, R2: 0.9794, RMSE: 0.1192 | Valid Loss: 0.2731, R2: -0.1397, RMSE: 0.5226
2026-02-22 18:05:11,109 - root - INFO - Epoch [314/10000], Train Loss: 0.0142, R2: 0.9795, RMSE: 0.1190 | Valid Loss: 0.2794, R2: -0.1662, RMSE: 0.5286
2026-02-22 18:05:11,829 - root - INFO - Epoch [315/10000], Train Loss: 0.0146, R2: 0.9789, RMSE: 0.1207 | Valid Loss: 0.2746, R2: -0.1461, RMSE: 0.5240
2026-02-22 18:05:12,576 - root - INFO - Epoch [316/10000], Train Loss: 0.0141, R2: 0.9796, RMSE: 0.1187 | Valid Loss: 0.2791, R2: -0.1646, RMSE: 0.5283
2026-02-22 18:05:13,283 - root - INFO - Epoch [317/10000], Train Loss: 0.0138, R2: 0.9801, RMSE: 0.1173 | Valid Loss: 0.2749, R2: -0.1472, RMSE: 0.5243
2026-02-22 18:05:13,907 - root - INFO - Epoch [318/10000], Train Loss: 0.0134, R2: 0.9807, RMSE: 0.1156 | Valid Loss: 0.2793, R2: -0.1657, RMSE: 0.5285
2026-02-22 18:05:14,476 - root - INFO - Early stopping triggered at epoch 319. No improvement for 100 epochs.
2026-02-22 18:05:14,594 - root - INFO - Test Loss: 0.8086, R2 Score: -3.2403, RMSE: 0.8992
2026-02-22 18:05:14,901 - root - INFO - Epoch [1/10000], Train Loss: 1.0475, R2: -0.5150, RMSE: 1.0235 | Valid Loss: 0.5019, R2: -1.0948, RMSE: 0.7085
2026-02-22 18:05:15,199 - root - INFO - Epoch [2/10000], Train Loss: 1.0357, R2: -0.4979, RMSE: 1.0177 | Valid Loss: 0.5051, R2: -1.1080, RMSE: 0.7107
2026-02-22 18:05:15,531 - root - INFO - Epoch [3/10000], Train Loss: 1.0237, R2: -0.4806, RMSE: 1.0118 | Valid Loss: 0.5082, R2: -1.1211, RMSE: 0.7129
2026-02-22 18:05:15,836 - root - INFO - Epoch [4/10000], Train Loss: 1.0110, R2: -0.4622, RMSE: 1.0055 | Valid Loss: 0.5118, R2: -1.1361, RMSE: 0.7154
2026-02-22 18:05:16,182 - root - INFO - Epoch [5/10000], Train Loss: 0.9965, R2: -0.4413, RMSE: 0.9983 | Valid Loss: 0.5153, R2: -1.1505, RMSE: 0.7178
2026-02-22 18:05:16,471 - root - INFO - Epoch [6/10000], Train Loss: 0.9814, R2: -0.4195, RMSE: 0.9907 | Valid Loss: 0.5197, R2: -1.1687, RMSE: 0.7209
2026-02-22 18:05:16,738 - root - INFO - Epoch [7/10000], Train Loss: 0.9630, R2: -0.3928, RMSE: 0.9813 | Valid Loss: 0.5243, R2: -1.1880, RMSE: 0.7241
2026-02-22 18:05:17,031 - root - INFO - Epoch [8/10000], Train Loss: 0.9422, R2: -0.3627, RMSE: 0.9707 | Valid Loss: 0.5291, R2: -1.2082, RMSE: 0.7274
2026-02-22 18:05:17,384 - root - INFO - Epoch [9/10000], Train Loss: 0.9192, R2: -0.3295, RMSE: 0.9588 | Valid Loss: 0.5346, R2: -1.2313, RMSE: 0.7312
2026-02-22 18:05:17,628 - root - INFO - Epoch [10/10000], Train Loss: 0.8922, R2: -0.2904, RMSE: 0.9446 | Valid Loss: 0.5403, R2: -1.2549, RMSE: 0.7350
2026-02-22 18:05:17,866 - root - INFO - Epoch [11/10000], Train Loss: 0.8607, R2: -0.2448, RMSE: 0.9277 | Valid Loss: 0.5470, R2: -1.2829, RMSE: 0.7396
2026-02-22 18:05:18,143 - root - INFO - Epoch [12/10000], Train Loss: 0.8233, R2: -0.1908, RMSE: 0.9074 | Valid Loss: 0.5551, R2: -1.3168, RMSE: 0.7451
2026-02-22 18:05:18,408 - root - INFO - Epoch [13/10000], Train Loss: 0.7782, R2: -0.1256, RMSE: 0.8822 | Valid Loss: 0.5658, R2: -1.3611, RMSE: 0.7522
2026-02-22 18:05:18,671 - root - INFO - Epoch [14/10000], Train Loss: 0.7209, R2: -0.0427, RMSE: 0.8491 | Valid Loss: 0.5792, R2: -1.4173, RMSE: 0.7611
2026-02-22 18:05:18,970 - root - INFO - Epoch [15/10000], Train Loss: 0.6399, R2: 0.0746, RMSE: 0.7999 | Valid Loss: 0.5967, R2: -1.4901, RMSE: 0.7724
2026-02-22 18:05:19,315 - root - INFO - Epoch [16/10000], Train Loss: 0.5520, R2: 0.2017, RMSE: 0.7429 | Valid Loss: 0.6208, R2: -1.5909, RMSE: 0.7879
2026-02-22 18:05:19,603 - root - INFO - Epoch [17/10000], Train Loss: 0.4639, R2: 0.3291, RMSE: 0.6811 | Valid Loss: 0.6518, R2: -1.7204, RMSE: 0.8074
2026-02-22 18:05:19,883 - root - INFO - Epoch [18/10000], Train Loss: 0.3897, R2: 0.4364, RMSE: 0.6242 | Valid Loss: 0.6728, R2: -1.8079, RMSE: 0.8202
2026-02-22 18:05:20,173 - root - INFO - Epoch [19/10000], Train Loss: 0.3440, R2: 0.5024, RMSE: 0.5866 | Valid Loss: 0.6742, R2: -1.8138, RMSE: 0.8211
2026-02-22 18:05:20,423 - root - INFO - Epoch [20/10000], Train Loss: 0.3134, R2: 0.5467, RMSE: 0.5599 | Valid Loss: 0.6567, R2: -1.7408, RMSE: 0.8104
2026-02-22 18:05:20,676 - root - INFO - Epoch [21/10000], Train Loss: 0.2865, R2: 0.5857, RMSE: 0.5352 | Valid Loss: 0.6302, R2: -1.6301, RMSE: 0.7938
2026-02-22 18:05:20,965 - root - INFO - Epoch [22/10000], Train Loss: 0.2612, R2: 0.6222, RMSE: 0.5111 | Valid Loss: 0.6033, R2: -1.5180, RMSE: 0.7767
2026-02-22 18:05:21,237 - root - INFO - Epoch [23/10000], Train Loss: 0.2388, R2: 0.6546, RMSE: 0.4887 | Valid Loss: 0.5823, R2: -1.4302, RMSE: 0.7631
2026-02-22 18:05:21,548 - root - INFO - Epoch [24/10000], Train Loss: 0.2188, R2: 0.6836, RMSE: 0.4678 | Valid Loss: 0.5616, R2: -1.3437, RMSE: 0.7494
2026-02-22 18:05:21,828 - root - INFO - Epoch [25/10000], Train Loss: 0.2016, R2: 0.7085, RMSE: 0.4490 | Valid Loss: 0.5456, R2: -1.2772, RMSE: 0.7387
2026-02-22 18:05:22,181 - root - INFO - Epoch [26/10000], Train Loss: 0.1858, R2: 0.7313, RMSE: 0.4310 | Valid Loss: 0.5319, R2: -1.2198, RMSE: 0.7293
2026-02-22 18:05:22,547 - root - INFO - Epoch [27/10000], Train Loss: 0.1717, R2: 0.7517, RMSE: 0.4143 | Valid Loss: 0.5215, R2: -1.1763, RMSE: 0.7221
2026-02-22 18:05:22,808 - root - INFO - Epoch [28/10000], Train Loss: 0.1604, R2: 0.7681, RMSE: 0.4005 | Valid Loss: 0.5113, R2: -1.1338, RMSE: 0.7150
2026-02-22 18:05:23,076 - root - INFO - Epoch [29/10000], Train Loss: 0.1501, R2: 0.7829, RMSE: 0.3874 | Valid Loss: 0.5013, R2: -1.0919, RMSE: 0.7080
2026-02-22 18:05:23,368 - root - INFO - Epoch [30/10000], Train Loss: 0.1416, R2: 0.7952, RMSE: 0.3763 | Valid Loss: 0.4929, R2: -1.0572, RMSE: 0.7021
2026-02-22 18:05:23,636 - root - INFO - Epoch [31/10000], Train Loss: 0.1346, R2: 0.8053, RMSE: 0.3669 | Valid Loss: 0.4861, R2: -1.0286, RMSE: 0.6972
2026-02-22 18:05:23,903 - root - INFO - Epoch [32/10000], Train Loss: 0.1300, R2: 0.8120, RMSE: 0.3606 | Valid Loss: 0.4817, R2: -1.0105, RMSE: 0.6941
2026-02-22 18:05:24,177 - root - INFO - Epoch [33/10000], Train Loss: 0.1252, R2: 0.8189, RMSE: 0.3539 | Valid Loss: 0.4763, R2: -0.9877, RMSE: 0.6901
2026-02-22 18:05:24,449 - root - INFO - Epoch [34/10000], Train Loss: 0.1213, R2: 0.8245, RMSE: 0.3483 | Valid Loss: 0.4706, R2: -0.9642, RMSE: 0.6860
2026-02-22 18:05:24,733 - root - INFO - Epoch [35/10000], Train Loss: 0.1180, R2: 0.8293, RMSE: 0.3435 | Valid Loss: 0.4647, R2: -0.9395, RMSE: 0.6817
2026-02-22 18:05:25,018 - root - INFO - Epoch [36/10000], Train Loss: 0.1153, R2: 0.8332, RMSE: 0.3396 | Valid Loss: 0.4592, R2: -0.9164, RMSE: 0.6776
2026-02-22 18:05:25,319 - root - INFO - Epoch [37/10000], Train Loss: 0.1125, R2: 0.8372, RMSE: 0.3355 | Valid Loss: 0.4526, R2: -0.8888, RMSE: 0.6727
2026-02-22 18:05:25,606 - root - INFO - Epoch [38/10000], Train Loss: 0.1108, R2: 0.8397, RMSE: 0.3329 | Valid Loss: 0.4461, R2: -0.8616, RMSE: 0.6679
2026-02-22 18:05:25,868 - root - INFO - Epoch [39/10000], Train Loss: 0.1084, R2: 0.8432, RMSE: 0.3292 | Valid Loss: 0.4400, R2: -0.8361, RMSE: 0.6633
2026-02-22 18:05:26,155 - root - INFO - Epoch [40/10000], Train Loss: 0.1063, R2: 0.8463, RMSE: 0.3260 | Valid Loss: 0.4333, R2: -0.8083, RMSE: 0.6583
2026-02-22 18:05:26,400 - root - INFO - Epoch [41/10000], Train Loss: 0.1050, R2: 0.8481, RMSE: 0.3241 | Valid Loss: 0.4264, R2: -0.7795, RMSE: 0.6530
2026-02-22 18:05:26,687 - root - INFO - Epoch [42/10000], Train Loss: 0.1029, R2: 0.8512, RMSE: 0.3208 | Valid Loss: 0.4200, R2: -0.7528, RMSE: 0.6481
2026-02-22 18:05:26,906 - root - INFO - Epoch [43/10000], Train Loss: 0.1020, R2: 0.8525, RMSE: 0.3193 | Valid Loss: 0.4145, R2: -0.7299, RMSE: 0.6438
2026-02-22 18:05:27,178 - root - INFO - Epoch [44/10000], Train Loss: 0.1012, R2: 0.8536, RMSE: 0.3182 | Valid Loss: 0.4085, R2: -0.7049, RMSE: 0.6391
2026-02-22 18:05:27,465 - root - INFO - Epoch [45/10000], Train Loss: 0.0994, R2: 0.8562, RMSE: 0.3153 | Valid Loss: 0.4029, R2: -0.6815, RMSE: 0.6347
2026-02-22 18:05:27,743 - root - INFO - Epoch [46/10000], Train Loss: 0.0984, R2: 0.8577, RMSE: 0.3137 | Valid Loss: 0.3974, R2: -0.6587, RMSE: 0.6304
2026-02-22 18:05:28,028 - root - INFO - Epoch [47/10000], Train Loss: 0.0975, R2: 0.8590, RMSE: 0.3123 | Valid Loss: 0.3929, R2: -0.6396, RMSE: 0.6268
2026-02-22 18:05:28,312 - root - INFO - Epoch [48/10000], Train Loss: 0.0969, R2: 0.8599, RMSE: 0.3113 | Valid Loss: 0.3892, R2: -0.6242, RMSE: 0.6238
2026-02-22 18:05:28,585 - root - INFO - Epoch [49/10000], Train Loss: 0.0955, R2: 0.8618, RMSE: 0.3091 | Valid Loss: 0.3851, R2: -0.6073, RMSE: 0.6206
2026-02-22 18:05:28,936 - root - INFO - Epoch [50/10000], Train Loss: 0.0948, R2: 0.8629, RMSE: 0.3079 | Valid Loss: 0.3814, R2: -0.5917, RMSE: 0.6176
2026-02-22 18:05:29,321 - root - INFO - Epoch [51/10000], Train Loss: 0.0942, R2: 0.8637, RMSE: 0.3070 | Valid Loss: 0.3778, R2: -0.5768, RMSE: 0.6147
2026-02-22 18:05:29,650 - root - INFO - Epoch [52/10000], Train Loss: 0.0937, R2: 0.8645, RMSE: 0.3061 | Valid Loss: 0.3742, R2: -0.5618, RMSE: 0.6117
2026-02-22 18:05:29,912 - root - INFO - Epoch [53/10000], Train Loss: 0.0926, R2: 0.8661, RMSE: 0.3043 | Valid Loss: 0.3707, R2: -0.5471, RMSE: 0.6089
2026-02-22 18:05:30,239 - root - INFO - Epoch [54/10000], Train Loss: 0.0922, R2: 0.8667, RMSE: 0.3036 | Valid Loss: 0.3670, R2: -0.5318, RMSE: 0.6058
2026-02-22 18:05:30,502 - root - INFO - Epoch [55/10000], Train Loss: 0.0915, R2: 0.8676, RMSE: 0.3026 | Valid Loss: 0.3638, R2: -0.5182, RMSE: 0.6031
2026-02-22 18:05:30,786 - root - INFO - Epoch [56/10000], Train Loss: 0.0911, R2: 0.8682, RMSE: 0.3019 | Valid Loss: 0.3603, R2: -0.5038, RMSE: 0.6003
2026-02-22 18:05:31,130 - root - INFO - Epoch [57/10000], Train Loss: 0.0901, R2: 0.8696, RMSE: 0.3002 | Valid Loss: 0.3571, R2: -0.4901, RMSE: 0.5975
2026-02-22 18:05:31,537 - root - INFO - Epoch [58/10000], Train Loss: 0.0901, R2: 0.8697, RMSE: 0.3001 | Valid Loss: 0.3537, R2: -0.4760, RMSE: 0.5947
2026-02-22 18:05:32,017 - root - INFO - Epoch [59/10000], Train Loss: 0.0891, R2: 0.8712, RMSE: 0.2984 | Valid Loss: 0.3511, R2: -0.4654, RMSE: 0.5926
2026-02-22 18:05:32,364 - root - INFO - Epoch [60/10000], Train Loss: 0.0887, R2: 0.8717, RMSE: 0.2978 | Valid Loss: 0.3480, R2: -0.4522, RMSE: 0.5899
2026-02-22 18:05:32,669 - root - INFO - Epoch [61/10000], Train Loss: 0.0883, R2: 0.8722, RMSE: 0.2972 | Valid Loss: 0.3451, R2: -0.4404, RMSE: 0.5875
2026-02-22 18:05:32,939 - root - INFO - Epoch [62/10000], Train Loss: 0.0882, R2: 0.8724, RMSE: 0.2970 | Valid Loss: 0.3427, R2: -0.4302, RMSE: 0.5854
2026-02-22 18:05:33,235 - root - INFO - Epoch [63/10000], Train Loss: 0.0873, R2: 0.8738, RMSE: 0.2954 | Valid Loss: 0.3403, R2: -0.4201, RMSE: 0.5833
2026-02-22 18:05:33,509 - root - INFO - Epoch [64/10000], Train Loss: 0.0865, R2: 0.8749, RMSE: 0.2942 | Valid Loss: 0.3375, R2: -0.4085, RMSE: 0.5809
2026-02-22 18:05:33,797 - root - INFO - Epoch [65/10000], Train Loss: 0.0861, R2: 0.8755, RMSE: 0.2934 | Valid Loss: 0.3351, R2: -0.3984, RMSE: 0.5789
2026-02-22 18:05:34,103 - root - INFO - Epoch [66/10000], Train Loss: 0.0856, R2: 0.8763, RMSE: 0.2925 | Valid Loss: 0.3324, R2: -0.3874, RMSE: 0.5766
2026-02-22 18:05:34,381 - root - INFO - Epoch [67/10000], Train Loss: 0.0853, R2: 0.8766, RMSE: 0.2921 | Valid Loss: 0.3299, R2: -0.3768, RMSE: 0.5744
2026-02-22 18:05:34,695 - root - INFO - Epoch [68/10000], Train Loss: 0.0848, R2: 0.8774, RMSE: 0.2912 | Valid Loss: 0.3277, R2: -0.3678, RMSE: 0.5725
2026-02-22 18:05:34,971 - root - INFO - Epoch [69/10000], Train Loss: 0.0843, R2: 0.8780, RMSE: 0.2904 | Valid Loss: 0.3251, R2: -0.3567, RMSE: 0.5702
2026-02-22 18:05:35,283 - root - INFO - Epoch [70/10000], Train Loss: 0.0837, R2: 0.8790, RMSE: 0.2892 | Valid Loss: 0.3226, R2: -0.3462, RMSE: 0.5680
2026-02-22 18:05:35,605 - root - INFO - Epoch [71/10000], Train Loss: 0.0835, R2: 0.8792, RMSE: 0.2890 | Valid Loss: 0.3203, R2: -0.3366, RMSE: 0.5659
2026-02-22 18:05:35,876 - root - INFO - Epoch [72/10000], Train Loss: 0.0831, R2: 0.8799, RMSE: 0.2882 | Valid Loss: 0.3177, R2: -0.3260, RMSE: 0.5637
2026-02-22 18:05:36,193 - root - INFO - Epoch [73/10000], Train Loss: 0.0831, R2: 0.8799, RMSE: 0.2882 | Valid Loss: 0.3152, R2: -0.3154, RMSE: 0.5614
2026-02-22 18:05:36,471 - root - INFO - Epoch [74/10000], Train Loss: 0.0822, R2: 0.8811, RMSE: 0.2868 | Valid Loss: 0.3136, R2: -0.3086, RMSE: 0.5600
2026-02-22 18:05:36,774 - root - INFO - Epoch [75/10000], Train Loss: 0.0821, R2: 0.8812, RMSE: 0.2866 | Valid Loss: 0.3110, R2: -0.2981, RMSE: 0.5577
2026-02-22 18:05:37,139 - root - INFO - Epoch [76/10000], Train Loss: 0.0810, R2: 0.8828, RMSE: 0.2847 | Valid Loss: 0.3082, R2: -0.2860, RMSE: 0.5551
2026-02-22 18:05:37,442 - root - INFO - Epoch [77/10000], Train Loss: 0.0814, R2: 0.8823, RMSE: 0.2853 | Valid Loss: 0.3058, R2: -0.2760, RMSE: 0.5530
2026-02-22 18:05:37,729 - root - INFO - Epoch [78/10000], Train Loss: 0.0811, R2: 0.8827, RMSE: 0.2848 | Valid Loss: 0.3037, R2: -0.2676, RMSE: 0.5511
2026-02-22 18:05:38,032 - root - INFO - Epoch [79/10000], Train Loss: 0.0802, R2: 0.8841, RMSE: 0.2831 | Valid Loss: 0.3016, R2: -0.2587, RMSE: 0.5492
2026-02-22 18:05:38,343 - root - INFO - Epoch [80/10000], Train Loss: 0.0802, R2: 0.8839, RMSE: 0.2833 | Valid Loss: 0.2997, R2: -0.2508, RMSE: 0.5474
2026-02-22 18:05:38,641 - root - INFO - Epoch [81/10000], Train Loss: 0.0797, R2: 0.8847, RMSE: 0.2824 | Valid Loss: 0.2978, R2: -0.2427, RMSE: 0.5457
2026-02-22 18:05:38,896 - root - INFO - Epoch [82/10000], Train Loss: 0.0792, R2: 0.8855, RMSE: 0.2814 | Valid Loss: 0.2955, R2: -0.2332, RMSE: 0.5436
2026-02-22 18:05:39,213 - root - INFO - Epoch [83/10000], Train Loss: 0.0790, R2: 0.8858, RMSE: 0.2810 | Valid Loss: 0.2927, R2: -0.2214, RMSE: 0.5410
2026-02-22 18:05:39,485 - root - INFO - Epoch [84/10000], Train Loss: 0.0783, R2: 0.8867, RMSE: 0.2799 | Valid Loss: 0.2904, R2: -0.2121, RMSE: 0.5389
2026-02-22 18:05:39,751 - root - INFO - Epoch [85/10000], Train Loss: 0.0787, R2: 0.8862, RMSE: 0.2805 | Valid Loss: 0.2886, R2: -0.2043, RMSE: 0.5372
2026-02-22 18:05:40,020 - root - INFO - Epoch [86/10000], Train Loss: 0.0776, R2: 0.8877, RMSE: 0.2787 | Valid Loss: 0.2858, R2: -0.1928, RMSE: 0.5346
2026-02-22 18:05:40,309 - root - INFO - Epoch [87/10000], Train Loss: 0.0778, R2: 0.8875, RMSE: 0.2789 | Valid Loss: 0.2839, R2: -0.1849, RMSE: 0.5328
2026-02-22 18:05:40,674 - root - INFO - Epoch [88/10000], Train Loss: 0.0772, R2: 0.8884, RMSE: 0.2778 | Valid Loss: 0.2831, R2: -0.1814, RMSE: 0.5320
2026-02-22 18:05:40,966 - root - INFO - Epoch [89/10000], Train Loss: 0.0768, R2: 0.8889, RMSE: 0.2771 | Valid Loss: 0.2809, R2: -0.1724, RMSE: 0.5300
2026-02-22 18:05:41,340 - root - INFO - Epoch [90/10000], Train Loss: 0.0764, R2: 0.8896, RMSE: 0.2763 | Valid Loss: 0.2790, R2: -0.1646, RMSE: 0.5282
2026-02-22 18:05:41,633 - root - INFO - Epoch [91/10000], Train Loss: 0.0762, R2: 0.8898, RMSE: 0.2760 | Valid Loss: 0.2776, R2: -0.1587, RMSE: 0.5269
2026-02-22 18:05:41,883 - root - INFO - Epoch [92/10000], Train Loss: 0.0762, R2: 0.8898, RMSE: 0.2761 | Valid Loss: 0.2748, R2: -0.1468, RMSE: 0.5242
2026-02-22 18:05:42,164 - root - INFO - Epoch [93/10000], Train Loss: 0.0761, R2: 0.8900, RMSE: 0.2758 | Valid Loss: 0.2725, R2: -0.1374, RMSE: 0.5221
2026-02-22 18:05:42,417 - root - INFO - Epoch [94/10000], Train Loss: 0.0752, R2: 0.8912, RMSE: 0.2743 | Valid Loss: 0.2713, R2: -0.1322, RMSE: 0.5209
2026-02-22 18:05:42,693 - root - INFO - Epoch [95/10000], Train Loss: 0.0749, R2: 0.8916, RMSE: 0.2738 | Valid Loss: 0.2705, R2: -0.1288, RMSE: 0.5201
2026-02-22 18:05:42,972 - root - INFO - Epoch [96/10000], Train Loss: 0.0747, R2: 0.8920, RMSE: 0.2732 | Valid Loss: 0.2683, R2: -0.1195, RMSE: 0.5179
2026-02-22 18:05:43,288 - root - INFO - Epoch [97/10000], Train Loss: 0.0744, R2: 0.8925, RMSE: 0.2727 | Valid Loss: 0.2663, R2: -0.1116, RMSE: 0.5161
2026-02-22 18:05:43,632 - root - INFO - Epoch [98/10000], Train Loss: 0.0741, R2: 0.8929, RMSE: 0.2722 | Valid Loss: 0.2651, R2: -0.1066, RMSE: 0.5149
2026-02-22 18:05:44,015 - root - INFO - Epoch [99/10000], Train Loss: 0.0740, R2: 0.8930, RMSE: 0.2720 | Valid Loss: 0.2638, R2: -0.1010, RMSE: 0.5136
2026-02-22 18:05:44,332 - root - INFO - Epoch [100/10000], Train Loss: 0.0733, R2: 0.8941, RMSE: 0.2707 | Valid Loss: 0.2623, R2: -0.0947, RMSE: 0.5122
2026-02-22 18:05:44,668 - root - INFO - Epoch [101/10000], Train Loss: 0.0730, R2: 0.8944, RMSE: 0.2702 | Valid Loss: 0.2606, R2: -0.0875, RMSE: 0.5105
2026-02-22 18:05:44,972 - root - INFO - Epoch [102/10000], Train Loss: 0.0729, R2: 0.8945, RMSE: 0.2700 | Valid Loss: 0.2578, R2: -0.0760, RMSE: 0.5078
2026-02-22 18:05:45,283 - root - INFO - Epoch [103/10000], Train Loss: 0.0726, R2: 0.8950, RMSE: 0.2694 | Valid Loss: 0.2550, R2: -0.0642, RMSE: 0.5050
2026-02-22 18:05:45,663 - root - INFO - Epoch [104/10000], Train Loss: 0.0724, R2: 0.8953, RMSE: 0.2690 | Valid Loss: 0.2521, R2: -0.0519, RMSE: 0.5021
2026-02-22 18:05:46,032 - root - INFO - Epoch [105/10000], Train Loss: 0.0721, R2: 0.8957, RMSE: 0.2686 | Valid Loss: 0.2499, R2: -0.0430, RMSE: 0.4999
2026-02-22 18:05:46,353 - root - INFO - Epoch [106/10000], Train Loss: 0.0715, R2: 0.8966, RMSE: 0.2674 | Valid Loss: 0.2481, R2: -0.0356, RMSE: 0.4981
2026-02-22 18:05:46,640 - root - INFO - Epoch [107/10000], Train Loss: 0.0713, R2: 0.8968, RMSE: 0.2671 | Valid Loss: 0.2471, R2: -0.0313, RMSE: 0.4971
2026-02-22 18:05:46,997 - root - INFO - Epoch [108/10000], Train Loss: 0.0719, R2: 0.8961, RMSE: 0.2681 | Valid Loss: 0.2459, R2: -0.0264, RMSE: 0.4959
2026-02-22 18:05:47,327 - root - INFO - Epoch [109/10000], Train Loss: 0.0712, R2: 0.8970, RMSE: 0.2668 | Valid Loss: 0.2456, R2: -0.0252, RMSE: 0.4956
2026-02-22 18:05:47,681 - root - INFO - Epoch [110/10000], Train Loss: 0.0701, R2: 0.8987, RMSE: 0.2647 | Valid Loss: 0.2435, R2: -0.0163, RMSE: 0.4935
2026-02-22 18:05:48,008 - root - INFO - Epoch [111/10000], Train Loss: 0.0700, R2: 0.8987, RMSE: 0.2646 | Valid Loss: 0.2411, R2: -0.0061, RMSE: 0.4910
2026-02-22 18:05:48,330 - root - INFO - Epoch [112/10000], Train Loss: 0.0697, R2: 0.8993, RMSE: 0.2639 | Valid Loss: 0.2396, R2: 0.0001, RMSE: 0.4895
2026-02-22 18:05:48,576 - root - INFO - Epoch [113/10000], Train Loss: 0.0697, R2: 0.8991, RMSE: 0.2641 | Valid Loss: 0.2378, R2: 0.0077, RMSE: 0.4876
2026-02-22 18:05:48,851 - root - INFO - Epoch [114/10000], Train Loss: 0.0697, R2: 0.8992, RMSE: 0.2640 | Valid Loss: 0.2371, R2: 0.0107, RMSE: 0.4869
2026-02-22 18:05:49,117 - root - INFO - Epoch [115/10000], Train Loss: 0.0691, R2: 0.9000, RMSE: 0.2629 | Valid Loss: 0.2348, R2: 0.0202, RMSE: 0.4845
2026-02-22 18:05:49,401 - root - INFO - Epoch [116/10000], Train Loss: 0.0687, R2: 0.9006, RMSE: 0.2621 | Valid Loss: 0.2348, R2: 0.0200, RMSE: 0.4846
2026-02-22 18:05:49,644 - root - INFO - Epoch [117/10000], Train Loss: 0.0682, R2: 0.9013, RMSE: 0.2612 | Valid Loss: 0.2335, R2: 0.0256, RMSE: 0.4832
2026-02-22 18:05:49,891 - root - INFO - Epoch [118/10000], Train Loss: 0.0681, R2: 0.9015, RMSE: 0.2610 | Valid Loss: 0.2333, R2: 0.0265, RMSE: 0.4830
2026-02-22 18:05:50,156 - root - INFO - Epoch [119/10000], Train Loss: 0.0681, R2: 0.9015, RMSE: 0.2609 | Valid Loss: 0.2316, R2: 0.0335, RMSE: 0.4812
2026-02-22 18:05:50,441 - root - INFO - Epoch [120/10000], Train Loss: 0.0677, R2: 0.9021, RMSE: 0.2602 | Valid Loss: 0.2302, R2: 0.0392, RMSE: 0.4798
2026-02-22 18:05:50,732 - root - INFO - Epoch [121/10000], Train Loss: 0.0675, R2: 0.9024, RMSE: 0.2598 | Valid Loss: 0.2282, R2: 0.0474, RMSE: 0.4778
2026-02-22 18:05:51,030 - root - INFO - Epoch [122/10000], Train Loss: 0.0668, R2: 0.9034, RMSE: 0.2585 | Valid Loss: 0.2263, R2: 0.0557, RMSE: 0.4757
2026-02-22 18:05:51,371 - root - INFO - Epoch [123/10000], Train Loss: 0.0667, R2: 0.9035, RMSE: 0.2583 | Valid Loss: 0.2261, R2: 0.0562, RMSE: 0.4756
2026-02-22 18:05:51,657 - root - INFO - Epoch [124/10000], Train Loss: 0.0666, R2: 0.9037, RMSE: 0.2580 | Valid Loss: 0.2256, R2: 0.0586, RMSE: 0.4749
2026-02-22 18:05:51,949 - root - INFO - Epoch [125/10000], Train Loss: 0.0661, R2: 0.9044, RMSE: 0.2571 | Valid Loss: 0.2236, R2: 0.0670, RMSE: 0.4728
2026-02-22 18:05:52,328 - root - INFO - Epoch [126/10000], Train Loss: 0.0660, R2: 0.9046, RMSE: 0.2568 | Valid Loss: 0.2221, R2: 0.0731, RMSE: 0.4713
2026-02-22 18:05:52,643 - root - INFO - Epoch [127/10000], Train Loss: 0.0659, R2: 0.9046, RMSE: 0.2568 | Valid Loss: 0.2213, R2: 0.0763, RMSE: 0.4705
2026-02-22 18:05:52,920 - root - INFO - Epoch [128/10000], Train Loss: 0.0657, R2: 0.9050, RMSE: 0.2563 | Valid Loss: 0.2201, R2: 0.0816, RMSE: 0.4691
2026-02-22 18:05:53,238 - root - INFO - Epoch [129/10000], Train Loss: 0.0654, R2: 0.9055, RMSE: 0.2557 | Valid Loss: 0.2193, R2: 0.0848, RMSE: 0.4683
2026-02-22 18:05:53,529 - root - INFO - Epoch [130/10000], Train Loss: 0.0657, R2: 0.9049, RMSE: 0.2564 | Valid Loss: 0.2174, R2: 0.0929, RMSE: 0.4662
2026-02-22 18:05:53,795 - root - INFO - Epoch [131/10000], Train Loss: 0.0650, R2: 0.9060, RMSE: 0.2550 | Valid Loss: 0.2163, R2: 0.0972, RMSE: 0.4651
2026-02-22 18:05:54,046 - root - INFO - Epoch [132/10000], Train Loss: 0.0649, R2: 0.9061, RMSE: 0.2548 | Valid Loss: 0.2155, R2: 0.1008, RMSE: 0.4642
2026-02-22 18:05:54,316 - root - INFO - Epoch [133/10000], Train Loss: 0.0653, R2: 0.9055, RMSE: 0.2556 | Valid Loss: 0.2135, R2: 0.1091, RMSE: 0.4620
2026-02-22 18:05:54,588 - root - INFO - Epoch [134/10000], Train Loss: 0.0640, R2: 0.9074, RMSE: 0.2531 | Valid Loss: 0.2139, R2: 0.1075, RMSE: 0.4625
2026-02-22 18:05:54,858 - root - INFO - Epoch [135/10000], Train Loss: 0.0650, R2: 0.9060, RMSE: 0.2549 | Valid Loss: 0.2122, R2: 0.1142, RMSE: 0.4607
2026-02-22 18:05:55,126 - root - INFO - Epoch [136/10000], Train Loss: 0.0637, R2: 0.9078, RMSE: 0.2525 | Valid Loss: 0.2107, R2: 0.1206, RMSE: 0.4590
2026-02-22 18:05:55,419 - root - INFO - Epoch [137/10000], Train Loss: 0.0640, R2: 0.9074, RMSE: 0.2531 | Valid Loss: 0.2090, R2: 0.1276, RMSE: 0.4572
2026-02-22 18:05:55,722 - root - INFO - Epoch [138/10000], Train Loss: 0.0644, R2: 0.9069, RMSE: 0.2537 | Valid Loss: 0.2091, R2: 0.1274, RMSE: 0.4573
2026-02-22 18:05:56,029 - root - INFO - Epoch [139/10000], Train Loss: 0.0640, R2: 0.9074, RMSE: 0.2530 | Valid Loss: 0.2073, R2: 0.1348, RMSE: 0.4553
2026-02-22 18:05:56,319 - root - INFO - Epoch [140/10000], Train Loss: 0.0630, R2: 0.9088, RMSE: 0.2511 | Valid Loss: 0.2074, R2: 0.1345, RMSE: 0.4554
2026-02-22 18:05:56,588 - root - INFO - Epoch [141/10000], Train Loss: 0.0636, R2: 0.9081, RMSE: 0.2521 | Valid Loss: 0.2068, R2: 0.1371, RMSE: 0.4547
2026-02-22 18:05:56,864 - root - INFO - Epoch [142/10000], Train Loss: 0.0630, R2: 0.9089, RMSE: 0.2509 | Valid Loss: 0.2050, R2: 0.1444, RMSE: 0.4528
2026-02-22 18:05:57,171 - root - INFO - Epoch [143/10000], Train Loss: 0.0621, R2: 0.9102, RMSE: 0.2492 | Valid Loss: 0.2048, R2: 0.1454, RMSE: 0.4525
2026-02-22 18:05:57,557 - root - INFO - Epoch [144/10000], Train Loss: 0.0638, R2: 0.9077, RMSE: 0.2526 | Valid Loss: 0.2038, R2: 0.1496, RMSE: 0.4514
2026-02-22 18:05:57,930 - root - INFO - Epoch [145/10000], Train Loss: 0.0616, R2: 0.9109, RMSE: 0.2482 | Valid Loss: 0.2012, R2: 0.1604, RMSE: 0.4485
2026-02-22 18:05:58,235 - root - INFO - Epoch [146/10000], Train Loss: 0.0622, R2: 0.9101, RMSE: 0.2494 | Valid Loss: 0.2015, R2: 0.1592, RMSE: 0.4488
2026-02-22 18:05:58,550 - root - INFO - Epoch [147/10000], Train Loss: 0.0624, R2: 0.9098, RMSE: 0.2498 | Valid Loss: 0.2008, R2: 0.1620, RMSE: 0.4481
2026-02-22 18:05:58,840 - root - INFO - Epoch [148/10000], Train Loss: 0.0616, R2: 0.9109, RMSE: 0.2482 | Valid Loss: 0.1995, R2: 0.1674, RMSE: 0.4467
2026-02-22 18:05:59,125 - root - INFO - Epoch [149/10000], Train Loss: 0.0614, R2: 0.9111, RMSE: 0.2479 | Valid Loss: 0.1998, R2: 0.1660, RMSE: 0.4470
2026-02-22 18:05:59,424 - root - INFO - Epoch [150/10000], Train Loss: 0.0613, R2: 0.9114, RMSE: 0.2475 | Valid Loss: 0.1995, R2: 0.1676, RMSE: 0.4466
2026-02-22 18:05:59,754 - root - INFO - Epoch [151/10000], Train Loss: 0.0609, R2: 0.9119, RMSE: 0.2468 | Valid Loss: 0.1979, R2: 0.1740, RMSE: 0.4449
2026-02-22 18:06:00,069 - root - INFO - Epoch [152/10000], Train Loss: 0.0609, R2: 0.9120, RMSE: 0.2467 | Valid Loss: 0.1970, R2: 0.1778, RMSE: 0.4439
2026-02-22 18:06:00,419 - root - INFO - Epoch [153/10000], Train Loss: 0.0605, R2: 0.9125, RMSE: 0.2460 | Valid Loss: 0.1960, R2: 0.1821, RMSE: 0.4427
2026-02-22 18:06:00,742 - root - INFO - Epoch [154/10000], Train Loss: 0.0604, R2: 0.9126, RMSE: 0.2459 | Valid Loss: 0.1950, R2: 0.1862, RMSE: 0.4416
2026-02-22 18:06:01,049 - root - INFO - Epoch [155/10000], Train Loss: 0.0600, R2: 0.9133, RMSE: 0.2449 | Valid Loss: 0.1934, R2: 0.1927, RMSE: 0.4398
2026-02-22 18:06:01,309 - root - INFO - Epoch [156/10000], Train Loss: 0.0604, R2: 0.9126, RMSE: 0.2458 | Valid Loss: 0.1930, R2: 0.1944, RMSE: 0.4393
2026-02-22 18:06:01,558 - root - INFO - Epoch [157/10000], Train Loss: 0.0600, R2: 0.9133, RMSE: 0.2448 | Valid Loss: 0.1919, R2: 0.1990, RMSE: 0.4381
2026-02-22 18:06:01,839 - root - INFO - Epoch [158/10000], Train Loss: 0.0595, R2: 0.9139, RMSE: 0.2440 | Valid Loss: 0.1907, R2: 0.2040, RMSE: 0.4367
2026-02-22 18:06:02,123 - root - INFO - Epoch [159/10000], Train Loss: 0.0595, R2: 0.9140, RMSE: 0.2438 | Valid Loss: 0.1910, R2: 0.2028, RMSE: 0.4371
2026-02-22 18:06:02,425 - root - INFO - Epoch [160/10000], Train Loss: 0.0592, R2: 0.9144, RMSE: 0.2432 | Valid Loss: 0.1894, R2: 0.2095, RMSE: 0.4352
2026-02-22 18:06:02,718 - root - INFO - Epoch [161/10000], Train Loss: 0.0593, R2: 0.9142, RMSE: 0.2436 | Valid Loss: 0.1884, R2: 0.2139, RMSE: 0.4340
2026-02-22 18:06:03,015 - root - INFO - Epoch [162/10000], Train Loss: 0.0589, R2: 0.9148, RMSE: 0.2426 | Valid Loss: 0.1870, R2: 0.2197, RMSE: 0.4324
2026-02-22 18:06:03,276 - root - INFO - Epoch [163/10000], Train Loss: 0.0592, R2: 0.9144, RMSE: 0.2432 | Valid Loss: 0.1856, R2: 0.2253, RMSE: 0.4308
2026-02-22 18:06:03,588 - root - INFO - Epoch [164/10000], Train Loss: 0.0587, R2: 0.9151, RMSE: 0.2423 | Valid Loss: 0.1854, R2: 0.2261, RMSE: 0.4306
2026-02-22 18:06:03,859 - root - INFO - Epoch [165/10000], Train Loss: 0.0584, R2: 0.9155, RMSE: 0.2417 | Valid Loss: 0.1840, R2: 0.2322, RMSE: 0.4289
2026-02-22 18:06:04,167 - root - INFO - Epoch [166/10000], Train Loss: 0.0583, R2: 0.9157, RMSE: 0.2415 | Valid Loss: 0.1825, R2: 0.2382, RMSE: 0.4272
2026-02-22 18:06:04,462 - root - INFO - Epoch [167/10000], Train Loss: 0.0580, R2: 0.9161, RMSE: 0.2409 | Valid Loss: 0.1826, R2: 0.2381, RMSE: 0.4273
2026-02-22 18:06:04,737 - root - INFO - Epoch [168/10000], Train Loss: 0.0580, R2: 0.9161, RMSE: 0.2409 | Valid Loss: 0.1818, R2: 0.2414, RMSE: 0.4263
2026-02-22 18:06:05,011 - root - INFO - Epoch [169/10000], Train Loss: 0.0577, R2: 0.9166, RMSE: 0.2402 | Valid Loss: 0.1826, R2: 0.2378, RMSE: 0.4274
2026-02-22 18:06:05,275 - root - INFO - Epoch [170/10000], Train Loss: 0.0575, R2: 0.9168, RMSE: 0.2399 | Valid Loss: 0.1806, R2: 0.2463, RMSE: 0.4250
2026-02-22 18:06:05,572 - root - INFO - Epoch [171/10000], Train Loss: 0.0577, R2: 0.9165, RMSE: 0.2402 | Valid Loss: 0.1793, R2: 0.2516, RMSE: 0.4235
2026-02-22 18:06:05,843 - root - INFO - Epoch [172/10000], Train Loss: 0.0573, R2: 0.9171, RMSE: 0.2394 | Valid Loss: 0.1793, R2: 0.2516, RMSE: 0.4235
2026-02-22 18:06:06,141 - root - INFO - Epoch [173/10000], Train Loss: 0.0569, R2: 0.9177, RMSE: 0.2386 | Valid Loss: 0.1776, R2: 0.2588, RMSE: 0.4214
2026-02-22 18:06:06,375 - root - INFO - Epoch [174/10000], Train Loss: 0.0571, R2: 0.9174, RMSE: 0.2390 | Valid Loss: 0.1774, R2: 0.2595, RMSE: 0.4212
2026-02-22 18:06:06,635 - root - INFO - Epoch [175/10000], Train Loss: 0.0570, R2: 0.9175, RMSE: 0.2388 | Valid Loss: 0.1769, R2: 0.2618, RMSE: 0.4206
2026-02-22 18:06:06,921 - root - INFO - Epoch [176/10000], Train Loss: 0.0566, R2: 0.9182, RMSE: 0.2378 | Valid Loss: 0.1758, R2: 0.2665, RMSE: 0.4192
2026-02-22 18:06:07,208 - root - INFO - Epoch [177/10000], Train Loss: 0.0565, R2: 0.9183, RMSE: 0.2377 | Valid Loss: 0.1747, R2: 0.2708, RMSE: 0.4180
2026-02-22 18:06:07,501 - root - INFO - Epoch [178/10000], Train Loss: 0.0570, R2: 0.9175, RMSE: 0.2388 | Valid Loss: 0.1740, R2: 0.2737, RMSE: 0.4172
2026-02-22 18:06:07,817 - root - INFO - Epoch [179/10000], Train Loss: 0.0568, R2: 0.9178, RMSE: 0.2383 | Valid Loss: 0.1733, R2: 0.2765, RMSE: 0.4164
2026-02-22 18:06:08,207 - root - INFO - Epoch [180/10000], Train Loss: 0.0560, R2: 0.9190, RMSE: 0.2366 | Valid Loss: 0.1730, R2: 0.2781, RMSE: 0.4159
2026-02-22 18:06:08,570 - root - INFO - Epoch [181/10000], Train Loss: 0.0559, R2: 0.9192, RMSE: 0.2364 | Valid Loss: 0.1721, R2: 0.2817, RMSE: 0.4149
2026-02-22 18:06:08,879 - root - INFO - Epoch [182/10000], Train Loss: 0.0559, R2: 0.9191, RMSE: 0.2364 | Valid Loss: 0.1713, R2: 0.2851, RMSE: 0.4139
2026-02-22 18:06:09,144 - root - INFO - Epoch [183/10000], Train Loss: 0.0560, R2: 0.9191, RMSE: 0.2366 | Valid Loss: 0.1701, R2: 0.2903, RMSE: 0.4124
2026-02-22 18:06:09,435 - root - INFO - Epoch [184/10000], Train Loss: 0.0559, R2: 0.9192, RMSE: 0.2364 | Valid Loss: 0.1692, R2: 0.2940, RMSE: 0.4113
2026-02-22 18:06:09,700 - root - INFO - Epoch [185/10000], Train Loss: 0.0554, R2: 0.9199, RMSE: 0.2354 | Valid Loss: 0.1675, R2: 0.3009, RMSE: 0.4093
2026-02-22 18:06:09,964 - root - INFO - Epoch [186/10000], Train Loss: 0.0561, R2: 0.9188, RMSE: 0.2370 | Valid Loss: 0.1678, R2: 0.2999, RMSE: 0.4096
2026-02-22 18:06:10,252 - root - INFO - Epoch [187/10000], Train Loss: 0.0559, R2: 0.9191, RMSE: 0.2365 | Valid Loss: 0.1672, R2: 0.3023, RMSE: 0.4089
2026-02-22 18:06:10,554 - root - INFO - Epoch [188/10000], Train Loss: 0.0551, R2: 0.9203, RMSE: 0.2347 | Valid Loss: 0.1659, R2: 0.3075, RMSE: 0.4073
2026-02-22 18:06:10,872 - root - INFO - Epoch [189/10000], Train Loss: 0.0552, R2: 0.9202, RMSE: 0.2350 | Valid Loss: 0.1662, R2: 0.3062, RMSE: 0.4077
2026-02-22 18:06:11,224 - root - INFO - Epoch [190/10000], Train Loss: 0.0553, R2: 0.9200, RMSE: 0.2352 | Valid Loss: 0.1651, R2: 0.3109, RMSE: 0.4064
2026-02-22 18:06:11,527 - root - INFO - Epoch [191/10000], Train Loss: 0.0548, R2: 0.9207, RMSE: 0.2341 | Valid Loss: 0.1644, R2: 0.3139, RMSE: 0.4054
2026-02-22 18:06:11,832 - root - INFO - Epoch [192/10000], Train Loss: 0.0546, R2: 0.9210, RMSE: 0.2337 | Valid Loss: 0.1639, R2: 0.3162, RMSE: 0.4048
2026-02-22 18:06:12,210 - root - INFO - Epoch [193/10000], Train Loss: 0.0559, R2: 0.9192, RMSE: 0.2364 | Valid Loss: 0.1636, R2: 0.3171, RMSE: 0.4045
2026-02-22 18:06:12,558 - root - INFO - Epoch [194/10000], Train Loss: 0.0541, R2: 0.9218, RMSE: 0.2326 | Valid Loss: 0.1605, R2: 0.3301, RMSE: 0.4007
2026-02-22 18:06:12,886 - root - INFO - Epoch [195/10000], Train Loss: 0.0544, R2: 0.9213, RMSE: 0.2332 | Valid Loss: 0.1612, R2: 0.3271, RMSE: 0.4016
2026-02-22 18:06:13,224 - root - INFO - Epoch [196/10000], Train Loss: 0.0539, R2: 0.9221, RMSE: 0.2322 | Valid Loss: 0.1611, R2: 0.3276, RMSE: 0.4014
2026-02-22 18:06:13,514 - root - INFO - Epoch [197/10000], Train Loss: 0.0538, R2: 0.9222, RMSE: 0.2319 | Valid Loss: 0.1606, R2: 0.3297, RMSE: 0.4008
2026-02-22 18:06:13,853 - root - INFO - Epoch [198/10000], Train Loss: 0.0546, R2: 0.9211, RMSE: 0.2336 | Valid Loss: 0.1602, R2: 0.3312, RMSE: 0.4003
2026-02-22 18:06:14,165 - root - INFO - Epoch [199/10000], Train Loss: 0.0546, R2: 0.9210, RMSE: 0.2338 | Valid Loss: 0.1588, R2: 0.3374, RMSE: 0.3985
2026-02-22 18:06:14,444 - root - INFO - Epoch [200/10000], Train Loss: 0.0533, R2: 0.9230, RMSE: 0.2308 | Valid Loss: 0.1572, R2: 0.3440, RMSE: 0.3965
2026-02-22 18:06:14,784 - root - INFO - Epoch [201/10000], Train Loss: 0.0540, R2: 0.9218, RMSE: 0.2325 | Valid Loss: 0.1565, R2: 0.3470, RMSE: 0.3956
2026-02-22 18:06:15,064 - root - INFO - Epoch [202/10000], Train Loss: 0.0531, R2: 0.9232, RMSE: 0.2304 | Valid Loss: 0.1547, R2: 0.3542, RMSE: 0.3934
2026-02-22 18:06:15,363 - root - INFO - Epoch [203/10000], Train Loss: 0.0532, R2: 0.9230, RMSE: 0.2307 | Valid Loss: 0.1560, R2: 0.3488, RMSE: 0.3950
2026-02-22 18:06:15,756 - root - INFO - Epoch [204/10000], Train Loss: 0.0529, R2: 0.9235, RMSE: 0.2301 | Valid Loss: 0.1558, R2: 0.3497, RMSE: 0.3947
2026-02-22 18:06:16,090 - root - INFO - Epoch [205/10000], Train Loss: 0.0530, R2: 0.9233, RMSE: 0.2303 | Valid Loss: 0.1551, R2: 0.3529, RMSE: 0.3938
2026-02-22 18:06:16,394 - root - INFO - Epoch [206/10000], Train Loss: 0.0545, R2: 0.9211, RMSE: 0.2335 | Valid Loss: 0.1545, R2: 0.3551, RMSE: 0.3931
2026-02-22 18:06:16,683 - root - INFO - Epoch [207/10000], Train Loss: 0.0547, R2: 0.9209, RMSE: 0.2339 | Valid Loss: 0.1535, R2: 0.3594, RMSE: 0.3918
2026-02-22 18:06:16,973 - root - INFO - Epoch [208/10000], Train Loss: 0.0530, R2: 0.9234, RMSE: 0.2302 | Valid Loss: 0.1537, R2: 0.3585, RMSE: 0.3921
2026-02-22 18:06:17,244 - root - INFO - Epoch [209/10000], Train Loss: 0.0527, R2: 0.9238, RMSE: 0.2295 | Valid Loss: 0.1532, R2: 0.3608, RMSE: 0.3914
2026-02-22 18:06:17,586 - root - INFO - Epoch [210/10000], Train Loss: 0.0525, R2: 0.9241, RMSE: 0.2291 | Valid Loss: 0.1522, R2: 0.3646, RMSE: 0.3902
2026-02-22 18:06:17,873 - root - INFO - Epoch [211/10000], Train Loss: 0.0523, R2: 0.9244, RMSE: 0.2286 | Valid Loss: 0.1516, R2: 0.3674, RMSE: 0.3893
2026-02-22 18:06:18,157 - root - INFO - Epoch [212/10000], Train Loss: 0.0528, R2: 0.9237, RMSE: 0.2297 | Valid Loss: 0.1515, R2: 0.3679, RMSE: 0.3892
2026-02-22 18:06:18,508 - root - INFO - Epoch [213/10000], Train Loss: 0.0522, R2: 0.9245, RMSE: 0.2285 | Valid Loss: 0.1511, R2: 0.3696, RMSE: 0.3887
2026-02-22 18:06:18,878 - root - INFO - Epoch [214/10000], Train Loss: 0.0521, R2: 0.9246, RMSE: 0.2283 | Valid Loss: 0.1489, R2: 0.3784, RMSE: 0.3859
2026-02-22 18:06:19,164 - root - INFO - Epoch [215/10000], Train Loss: 0.0522, R2: 0.9246, RMSE: 0.2284 | Valid Loss: 0.1490, R2: 0.3781, RMSE: 0.3860
2026-02-22 18:06:19,449 - root - INFO - Epoch [216/10000], Train Loss: 0.0522, R2: 0.9245, RMSE: 0.2285 | Valid Loss: 0.1485, R2: 0.3801, RMSE: 0.3854
2026-02-22 18:06:19,836 - root - INFO - Epoch [217/10000], Train Loss: 0.0515, R2: 0.9256, RMSE: 0.2269 | Valid Loss: 0.1476, R2: 0.3839, RMSE: 0.3842
2026-02-22 18:06:20,176 - root - INFO - Epoch [218/10000], Train Loss: 0.0518, R2: 0.9251, RMSE: 0.2276 | Valid Loss: 0.1475, R2: 0.3842, RMSE: 0.3841
2026-02-22 18:06:20,537 - root - INFO - Epoch [219/10000], Train Loss: 0.0512, R2: 0.9259, RMSE: 0.2264 | Valid Loss: 0.1469, R2: 0.3869, RMSE: 0.3833
2026-02-22 18:06:20,929 - root - INFO - Epoch [220/10000], Train Loss: 0.0517, R2: 0.9252, RMSE: 0.2274 | Valid Loss: 0.1471, R2: 0.3861, RMSE: 0.3835
2026-02-22 18:06:21,216 - root - INFO - Epoch [221/10000], Train Loss: 0.0515, R2: 0.9255, RMSE: 0.2269 | Valid Loss: 0.1467, R2: 0.3878, RMSE: 0.3830
2026-02-22 18:06:21,559 - root - INFO - Epoch [222/10000], Train Loss: 0.0510, R2: 0.9263, RMSE: 0.2257 | Valid Loss: 0.1452, R2: 0.3940, RMSE: 0.3810
2026-02-22 18:06:22,074 - root - INFO - Epoch [223/10000], Train Loss: 0.0510, R2: 0.9262, RMSE: 0.2259 | Valid Loss: 0.1453, R2: 0.3935, RMSE: 0.3812
2026-02-22 18:06:22,520 - root - INFO - Epoch [224/10000], Train Loss: 0.0510, R2: 0.9262, RMSE: 0.2259 | Valid Loss: 0.1453, R2: 0.3935, RMSE: 0.3812
2026-02-22 18:06:22,944 - root - INFO - Epoch [225/10000], Train Loss: 0.0507, R2: 0.9267, RMSE: 0.2252 | Valid Loss: 0.1446, R2: 0.3966, RMSE: 0.3802
2026-02-22 18:06:23,254 - root - INFO - Epoch [226/10000], Train Loss: 0.0511, R2: 0.9260, RMSE: 0.2261 | Valid Loss: 0.1440, R2: 0.3989, RMSE: 0.3795
2026-02-22 18:06:23,563 - root - INFO - Epoch [227/10000], Train Loss: 0.0507, R2: 0.9267, RMSE: 0.2251 | Valid Loss: 0.1427, R2: 0.4045, RMSE: 0.3777
2026-02-22 18:06:23,889 - root - INFO - Epoch [228/10000], Train Loss: 0.0509, R2: 0.9264, RMSE: 0.2256 | Valid Loss: 0.1435, R2: 0.4011, RMSE: 0.3788
2026-02-22 18:06:24,176 - root - INFO - Epoch [229/10000], Train Loss: 0.0504, R2: 0.9271, RMSE: 0.2245 | Valid Loss: 0.1432, R2: 0.4023, RMSE: 0.3784
2026-02-22 18:06:24,559 - root - INFO - Epoch [230/10000], Train Loss: 0.0506, R2: 0.9268, RMSE: 0.2249 | Valid Loss: 0.1429, R2: 0.4037, RMSE: 0.3780
2026-02-22 18:06:24,888 - root - INFO - Epoch [231/10000], Train Loss: 0.0513, R2: 0.9258, RMSE: 0.2265 | Valid Loss: 0.1429, R2: 0.4038, RMSE: 0.3780
2026-02-22 18:06:25,191 - root - INFO - Epoch [232/10000], Train Loss: 0.0500, R2: 0.9276, RMSE: 0.2237 | Valid Loss: 0.1414, R2: 0.4100, RMSE: 0.3760
2026-02-22 18:06:25,563 - root - INFO - Epoch [233/10000], Train Loss: 0.0500, R2: 0.9278, RMSE: 0.2235 | Valid Loss: 0.1418, R2: 0.4080, RMSE: 0.3766
2026-02-22 18:06:26,019 - root - INFO - Epoch [234/10000], Train Loss: 0.0500, R2: 0.9277, RMSE: 0.2236 | Valid Loss: 0.1410, R2: 0.4116, RMSE: 0.3755
2026-02-22 18:06:26,389 - root - INFO - Epoch [235/10000], Train Loss: 0.0505, R2: 0.9270, RMSE: 0.2247 | Valid Loss: 0.1404, R2: 0.4141, RMSE: 0.3747
2026-02-22 18:06:26,678 - root - INFO - Epoch [236/10000], Train Loss: 0.0505, R2: 0.9270, RMSE: 0.2247 | Valid Loss: 0.1400, R2: 0.4157, RMSE: 0.3742
2026-02-22 18:06:26,955 - root - INFO - Epoch [237/10000], Train Loss: 0.0499, R2: 0.9278, RMSE: 0.2235 | Valid Loss: 0.1400, R2: 0.4157, RMSE: 0.3742
2026-02-22 18:06:27,346 - root - INFO - Epoch [238/10000], Train Loss: 0.0497, R2: 0.9281, RMSE: 0.2229 | Valid Loss: 0.1389, R2: 0.4203, RMSE: 0.3727
2026-02-22 18:06:27,679 - root - INFO - Epoch [239/10000], Train Loss: 0.0495, R2: 0.9285, RMSE: 0.2224 | Valid Loss: 0.1393, R2: 0.4188, RMSE: 0.3732
2026-02-22 18:06:27,980 - root - INFO - Epoch [240/10000], Train Loss: 0.0495, R2: 0.9284, RMSE: 0.2225 | Valid Loss: 0.1383, R2: 0.4230, RMSE: 0.3718
2026-02-22 18:06:28,351 - root - INFO - Epoch [241/10000], Train Loss: 0.0492, R2: 0.9288, RMSE: 0.2219 | Valid Loss: 0.1380, R2: 0.4240, RMSE: 0.3715
2026-02-22 18:06:28,694 - root - INFO - Epoch [242/10000], Train Loss: 0.0493, R2: 0.9287, RMSE: 0.2220 | Valid Loss: 0.1378, R2: 0.4247, RMSE: 0.3713
2026-02-22 18:06:29,106 - root - INFO - Epoch [243/10000], Train Loss: 0.0493, R2: 0.9287, RMSE: 0.2221 | Valid Loss: 0.1367, R2: 0.4296, RMSE: 0.3697
2026-02-22 18:06:29,491 - root - INFO - Epoch [244/10000], Train Loss: 0.0492, R2: 0.9288, RMSE: 0.2218 | Valid Loss: 0.1366, R2: 0.4298, RMSE: 0.3696
2026-02-22 18:06:29,927 - root - INFO - Epoch [245/10000], Train Loss: 0.0490, R2: 0.9292, RMSE: 0.2213 | Valid Loss: 0.1356, R2: 0.4342, RMSE: 0.3682
2026-02-22 18:06:30,338 - root - INFO - Epoch [246/10000], Train Loss: 0.0488, R2: 0.9293, RMSE: 0.2210 | Valid Loss: 0.1354, R2: 0.4350, RMSE: 0.3679
2026-02-22 18:06:30,698 - root - INFO - Epoch [247/10000], Train Loss: 0.0487, R2: 0.9295, RMSE: 0.2208 | Valid Loss: 0.1354, R2: 0.4347, RMSE: 0.3680
2026-02-22 18:06:30,988 - root - INFO - Epoch [248/10000], Train Loss: 0.0489, R2: 0.9293, RMSE: 0.2211 | Valid Loss: 0.1355, R2: 0.4345, RMSE: 0.3681
2026-02-22 18:06:31,309 - root - INFO - Epoch [249/10000], Train Loss: 0.0486, R2: 0.9297, RMSE: 0.2205 | Valid Loss: 0.1348, R2: 0.4374, RMSE: 0.3671
2026-02-22 18:06:31,603 - root - INFO - Epoch [250/10000], Train Loss: 0.0488, R2: 0.9294, RMSE: 0.2210 | Valid Loss: 0.1353, R2: 0.4355, RMSE: 0.3678
2026-02-22 18:06:31,887 - root - INFO - Epoch [251/10000], Train Loss: 0.0500, R2: 0.9277, RMSE: 0.2236 | Valid Loss: 0.1346, R2: 0.4381, RMSE: 0.3669
2026-02-22 18:06:32,263 - root - INFO - Epoch [252/10000], Train Loss: 0.0492, R2: 0.9289, RMSE: 0.2218 | Valid Loss: 0.1351, R2: 0.4360, RMSE: 0.3676
2026-02-22 18:06:32,674 - root - INFO - Epoch [253/10000], Train Loss: 0.0481, R2: 0.9304, RMSE: 0.2193 | Valid Loss: 0.1342, R2: 0.4401, RMSE: 0.3663
2026-02-22 18:06:32,980 - root - INFO - Epoch [254/10000], Train Loss: 0.0484, R2: 0.9301, RMSE: 0.2199 | Valid Loss: 0.1354, R2: 0.4350, RMSE: 0.3679
2026-02-22 18:06:33,294 - root - INFO - Epoch [255/10000], Train Loss: 0.0486, R2: 0.9298, RMSE: 0.2204 | Valid Loss: 0.1346, R2: 0.4382, RMSE: 0.3669
2026-02-22 18:06:33,694 - root - INFO - Epoch [256/10000], Train Loss: 0.0482, R2: 0.9303, RMSE: 0.2196 | Valid Loss: 0.1324, R2: 0.4475, RMSE: 0.3639
2026-02-22 18:06:34,114 - root - INFO - Epoch [257/10000], Train Loss: 0.0478, R2: 0.9308, RMSE: 0.2187 | Valid Loss: 0.1327, R2: 0.4462, RMSE: 0.3643
2026-02-22 18:06:34,398 - root - INFO - Epoch [258/10000], Train Loss: 0.0480, R2: 0.9306, RMSE: 0.2190 | Valid Loss: 0.1312, R2: 0.4526, RMSE: 0.3622
2026-02-22 18:06:34,651 - root - INFO - Epoch [259/10000], Train Loss: 0.0483, R2: 0.9302, RMSE: 0.2197 | Valid Loss: 0.1301, R2: 0.4572, RMSE: 0.3607
2026-02-22 18:06:34,942 - root - INFO - Epoch [260/10000], Train Loss: 0.0478, R2: 0.9309, RMSE: 0.2185 | Valid Loss: 0.1305, R2: 0.4554, RMSE: 0.3612
2026-02-22 18:06:35,261 - root - INFO - Epoch [261/10000], Train Loss: 0.0477, R2: 0.9310, RMSE: 0.2184 | Valid Loss: 0.1316, R2: 0.4509, RMSE: 0.3627
2026-02-22 18:06:35,564 - root - INFO - Epoch [262/10000], Train Loss: 0.0477, R2: 0.9310, RMSE: 0.2185 | Valid Loss: 0.1327, R2: 0.4460, RMSE: 0.3643
2026-02-22 18:06:35,887 - root - INFO - Epoch [263/10000], Train Loss: 0.0474, R2: 0.9314, RMSE: 0.2177 | Valid Loss: 0.1322, R2: 0.4484, RMSE: 0.3635
2026-02-22 18:06:36,168 - root - INFO - Epoch [264/10000], Train Loss: 0.0478, R2: 0.9309, RMSE: 0.2186 | Valid Loss: 0.1312, R2: 0.4525, RMSE: 0.3622
2026-02-22 18:06:36,477 - root - INFO - Epoch [265/10000], Train Loss: 0.0474, R2: 0.9314, RMSE: 0.2178 | Valid Loss: 0.1316, R2: 0.4509, RMSE: 0.3627
2026-02-22 18:06:36,772 - root - INFO - Epoch [266/10000], Train Loss: 0.0472, R2: 0.9318, RMSE: 0.2172 | Valid Loss: 0.1293, R2: 0.4605, RMSE: 0.3595
2026-02-22 18:06:37,069 - root - INFO - Epoch [267/10000], Train Loss: 0.0477, R2: 0.9311, RMSE: 0.2183 | Valid Loss: 0.1291, R2: 0.4613, RMSE: 0.3593
2026-02-22 18:06:37,443 - root - INFO - Epoch [268/10000], Train Loss: 0.0485, R2: 0.9299, RMSE: 0.2201 | Valid Loss: 0.1293, R2: 0.4605, RMSE: 0.3595
2026-02-22 18:06:37,764 - root - INFO - Epoch [269/10000], Train Loss: 0.0480, R2: 0.9306, RMSE: 0.2190 | Valid Loss: 0.1275, R2: 0.4677, RMSE: 0.3571
2026-02-22 18:06:38,137 - root - INFO - Epoch [270/10000], Train Loss: 0.0468, R2: 0.9323, RMSE: 0.2163 | Valid Loss: 0.1294, R2: 0.4599, RMSE: 0.3597
2026-02-22 18:06:38,475 - root - INFO - Epoch [271/10000], Train Loss: 0.0473, R2: 0.9316, RMSE: 0.2175 | Valid Loss: 0.1288, R2: 0.4623, RMSE: 0.3589
2026-02-22 18:06:38,755 - root - INFO - Epoch [272/10000], Train Loss: 0.0470, R2: 0.9320, RMSE: 0.2169 | Valid Loss: 0.1289, R2: 0.4620, RMSE: 0.3590
2026-02-22 18:06:39,028 - root - INFO - Epoch [273/10000], Train Loss: 0.0469, R2: 0.9322, RMSE: 0.2164 | Valid Loss: 0.1281, R2: 0.4654, RMSE: 0.3579
2026-02-22 18:06:39,293 - root - INFO - Epoch [274/10000], Train Loss: 0.0480, R2: 0.9305, RMSE: 0.2191 | Valid Loss: 0.1281, R2: 0.4653, RMSE: 0.3579
2026-02-22 18:06:39,562 - root - INFO - Epoch [275/10000], Train Loss: 0.0483, R2: 0.9301, RMSE: 0.2199 | Valid Loss: 0.1275, R2: 0.4678, RMSE: 0.3571
2026-02-22 18:06:39,875 - root - INFO - Epoch [276/10000], Train Loss: 0.0470, R2: 0.9320, RMSE: 0.2168 | Valid Loss: 0.1260, R2: 0.4740, RMSE: 0.3550
2026-02-22 18:06:40,246 - root - INFO - Epoch [277/10000], Train Loss: 0.0466, R2: 0.9326, RMSE: 0.2159 | Valid Loss: 0.1260, R2: 0.4741, RMSE: 0.3550
2026-02-22 18:06:40,558 - root - INFO - Epoch [278/10000], Train Loss: 0.0466, R2: 0.9326, RMSE: 0.2158 | Valid Loss: 0.1253, R2: 0.4772, RMSE: 0.3539
2026-02-22 18:06:40,843 - root - INFO - Epoch [279/10000], Train Loss: 0.0464, R2: 0.9329, RMSE: 0.2154 | Valid Loss: 0.1257, R2: 0.4756, RMSE: 0.3545
2026-02-22 18:06:41,122 - root - INFO - Epoch [280/10000], Train Loss: 0.0465, R2: 0.9327, RMSE: 0.2157 | Valid Loss: 0.1261, R2: 0.4737, RMSE: 0.3551
2026-02-22 18:06:41,444 - root - INFO - Epoch [281/10000], Train Loss: 0.0467, R2: 0.9325, RMSE: 0.2160 | Valid Loss: 0.1246, R2: 0.4798, RMSE: 0.3530
2026-02-22 18:06:41,749 - root - INFO - Epoch [282/10000], Train Loss: 0.0466, R2: 0.9326, RMSE: 0.2158 | Valid Loss: 0.1238, R2: 0.4833, RMSE: 0.3519
2026-02-22 18:06:42,039 - root - INFO - Epoch [283/10000], Train Loss: 0.0460, R2: 0.9334, RMSE: 0.2146 | Valid Loss: 0.1243, R2: 0.4810, RMSE: 0.3526
2026-02-22 18:06:42,384 - root - INFO - Epoch [284/10000], Train Loss: 0.0459, R2: 0.9336, RMSE: 0.2143 | Valid Loss: 0.1233, R2: 0.4854, RMSE: 0.3512
2026-02-22 18:06:42,657 - root - INFO - Epoch [285/10000], Train Loss: 0.0465, R2: 0.9327, RMSE: 0.2157 | Valid Loss: 0.1238, R2: 0.4833, RMSE: 0.3519
2026-02-22 18:06:42,932 - root - INFO - Epoch [286/10000], Train Loss: 0.0464, R2: 0.9329, RMSE: 0.2154 | Valid Loss: 0.1243, R2: 0.4814, RMSE: 0.3525
2026-02-22 18:06:43,191 - root - INFO - Epoch [287/10000], Train Loss: 0.0471, R2: 0.9319, RMSE: 0.2170 | Valid Loss: 0.1234, R2: 0.4851, RMSE: 0.3513
2026-02-22 18:06:43,436 - root - INFO - Epoch [288/10000], Train Loss: 0.0464, R2: 0.9329, RMSE: 0.2153 | Valid Loss: 0.1229, R2: 0.4873, RMSE: 0.3505
2026-02-22 18:06:43,692 - root - INFO - Epoch [289/10000], Train Loss: 0.0457, R2: 0.9339, RMSE: 0.2138 | Valid Loss: 0.1237, R2: 0.4837, RMSE: 0.3517
2026-02-22 18:06:43,975 - root - INFO - Epoch [290/10000], Train Loss: 0.0464, R2: 0.9329, RMSE: 0.2155 | Valid Loss: 0.1226, R2: 0.4883, RMSE: 0.3502
2026-02-22 18:06:44,249 - root - INFO - Epoch [291/10000], Train Loss: 0.0477, R2: 0.9311, RMSE: 0.2183 | Valid Loss: 0.1223, R2: 0.4895, RMSE: 0.3497
2026-02-22 18:06:44,519 - root - INFO - Epoch [292/10000], Train Loss: 0.0469, R2: 0.9322, RMSE: 0.2165 | Valid Loss: 0.1243, R2: 0.4814, RMSE: 0.3525
2026-02-22 18:06:44,834 - root - INFO - Epoch [293/10000], Train Loss: 0.0457, R2: 0.9340, RMSE: 0.2137 | Valid Loss: 0.1215, R2: 0.4928, RMSE: 0.3486
2026-02-22 18:06:45,131 - root - INFO - Epoch [294/10000], Train Loss: 0.0455, R2: 0.9342, RMSE: 0.2132 | Valid Loss: 0.1219, R2: 0.4913, RMSE: 0.3491
2026-02-22 18:06:45,428 - root - INFO - Epoch [295/10000], Train Loss: 0.0455, R2: 0.9342, RMSE: 0.2133 | Valid Loss: 0.1217, R2: 0.4919, RMSE: 0.3489
2026-02-22 18:06:45,723 - root - INFO - Epoch [296/10000], Train Loss: 0.0451, R2: 0.9348, RMSE: 0.2124 | Valid Loss: 0.1212, R2: 0.4942, RMSE: 0.3481
2026-02-22 18:06:46,042 - root - INFO - Epoch [297/10000], Train Loss: 0.0453, R2: 0.9344, RMSE: 0.2130 | Valid Loss: 0.1209, R2: 0.4953, RMSE: 0.3477
2026-02-22 18:06:46,326 - root - INFO - Epoch [298/10000], Train Loss: 0.0453, R2: 0.9344, RMSE: 0.2129 | Valid Loss: 0.1209, R2: 0.4956, RMSE: 0.3477
2026-02-22 18:06:46,605 - root - INFO - Epoch [299/10000], Train Loss: 0.0462, R2: 0.9331, RMSE: 0.2150 | Valid Loss: 0.1204, R2: 0.4976, RMSE: 0.3470
2026-02-22 18:06:46,918 - root - INFO - Epoch [300/10000], Train Loss: 0.0460, R2: 0.9334, RMSE: 0.2146 | Valid Loss: 0.1190, R2: 0.5034, RMSE: 0.3450
2026-02-22 18:06:47,229 - root - INFO - Epoch [301/10000], Train Loss: 0.0453, R2: 0.9345, RMSE: 0.2128 | Valid Loss: 0.1209, R2: 0.4953, RMSE: 0.3477
2026-02-22 18:06:47,576 - root - INFO - Epoch [302/10000], Train Loss: 0.0453, R2: 0.9345, RMSE: 0.2128 | Valid Loss: 0.1197, R2: 0.5006, RMSE: 0.3459
2026-02-22 18:06:47,869 - root - INFO - Epoch [303/10000], Train Loss: 0.0449, R2: 0.9351, RMSE: 0.2119 | Valid Loss: 0.1198, R2: 0.5002, RMSE: 0.3461
2026-02-22 18:06:48,145 - root - INFO - Epoch [304/10000], Train Loss: 0.0447, R2: 0.9354, RMSE: 0.2114 | Valid Loss: 0.1191, R2: 0.5029, RMSE: 0.3451
2026-02-22 18:06:48,475 - root - INFO - Epoch [305/10000], Train Loss: 0.0448, R2: 0.9352, RMSE: 0.2116 | Valid Loss: 0.1199, R2: 0.4996, RMSE: 0.3463
2026-02-22 18:06:48,786 - root - INFO - Epoch [306/10000], Train Loss: 0.0448, R2: 0.9352, RMSE: 0.2117 | Valid Loss: 0.1198, R2: 0.4999, RMSE: 0.3462
2026-02-22 18:06:49,094 - root - INFO - Epoch [307/10000], Train Loss: 0.0444, R2: 0.9358, RMSE: 0.2107 | Valid Loss: 0.1187, R2: 0.5047, RMSE: 0.3445
2026-02-22 18:06:49,396 - root - INFO - Epoch [308/10000], Train Loss: 0.0446, R2: 0.9355, RMSE: 0.2112 | Valid Loss: 0.1196, R2: 0.5008, RMSE: 0.3458
2026-02-22 18:06:49,737 - root - INFO - Epoch [309/10000], Train Loss: 0.0448, R2: 0.9352, RMSE: 0.2117 | Valid Loss: 0.1183, R2: 0.5063, RMSE: 0.3439
2026-02-22 18:06:50,137 - root - INFO - Epoch [310/10000], Train Loss: 0.0444, R2: 0.9358, RMSE: 0.2107 | Valid Loss: 0.1184, R2: 0.5057, RMSE: 0.3441
2026-02-22 18:06:50,505 - root - INFO - Epoch [311/10000], Train Loss: 0.0442, R2: 0.9361, RMSE: 0.2102 | Valid Loss: 0.1186, R2: 0.5052, RMSE: 0.3443
2026-02-22 18:06:50,907 - root - INFO - Epoch [312/10000], Train Loss: 0.0442, R2: 0.9360, RMSE: 0.2103 | Valid Loss: 0.1185, R2: 0.5054, RMSE: 0.3443
2026-02-22 18:06:51,201 - root - INFO - Epoch [313/10000], Train Loss: 0.0446, R2: 0.9355, RMSE: 0.2111 | Valid Loss: 0.1180, R2: 0.5077, RMSE: 0.3434
2026-02-22 18:06:51,480 - root - INFO - Epoch [314/10000], Train Loss: 0.0442, R2: 0.9360, RMSE: 0.2103 | Valid Loss: 0.1179, R2: 0.5079, RMSE: 0.3434
2026-02-22 18:06:51,817 - root - INFO - Epoch [315/10000], Train Loss: 0.0440, R2: 0.9363, RMSE: 0.2098 | Valid Loss: 0.1179, R2: 0.5080, RMSE: 0.3433
2026-02-22 18:06:52,109 - root - INFO - Epoch [316/10000], Train Loss: 0.0444, R2: 0.9358, RMSE: 0.2107 | Valid Loss: 0.1169, R2: 0.5121, RMSE: 0.3419
2026-02-22 18:06:52,455 - root - INFO - Epoch [317/10000], Train Loss: 0.0441, R2: 0.9362, RMSE: 0.2101 | Valid Loss: 0.1168, R2: 0.5125, RMSE: 0.3418
2026-02-22 18:06:52,779 - root - INFO - Epoch [318/10000], Train Loss: 0.0439, R2: 0.9364, RMSE: 0.2096 | Valid Loss: 0.1165, R2: 0.5138, RMSE: 0.3413
2026-02-22 18:06:53,140 - root - INFO - Epoch [319/10000], Train Loss: 0.0440, R2: 0.9364, RMSE: 0.2097 | Valid Loss: 0.1164, R2: 0.5140, RMSE: 0.3412
2026-02-22 18:06:53,465 - root - INFO - Epoch [320/10000], Train Loss: 0.0439, R2: 0.9365, RMSE: 0.2095 | Valid Loss: 0.1169, R2: 0.5121, RMSE: 0.3419
2026-02-22 18:06:53,781 - root - INFO - Epoch [321/10000], Train Loss: 0.0437, R2: 0.9368, RMSE: 0.2091 | Valid Loss: 0.1169, R2: 0.5120, RMSE: 0.3420
2026-02-22 18:06:54,122 - root - INFO - Epoch [322/10000], Train Loss: 0.0436, R2: 0.9370, RMSE: 0.2087 | Valid Loss: 0.1166, R2: 0.5133, RMSE: 0.3415
2026-02-22 18:06:54,402 - root - INFO - Epoch [323/10000], Train Loss: 0.0436, R2: 0.9370, RMSE: 0.2087 | Valid Loss: 0.1166, R2: 0.5134, RMSE: 0.3415
2026-02-22 18:06:54,683 - root - INFO - Epoch [324/10000], Train Loss: 0.0442, R2: 0.9361, RMSE: 0.2101 | Valid Loss: 0.1156, R2: 0.5176, RMSE: 0.3400
2026-02-22 18:06:55,012 - root - INFO - Epoch [325/10000], Train Loss: 0.0438, R2: 0.9367, RMSE: 0.2092 | Valid Loss: 0.1144, R2: 0.5227, RMSE: 0.3382
2026-02-22 18:06:55,299 - root - INFO - Epoch [326/10000], Train Loss: 0.0435, R2: 0.9371, RMSE: 0.2085 | Valid Loss: 0.1143, R2: 0.5228, RMSE: 0.3381
2026-02-22 18:06:55,570 - root - INFO - Epoch [327/10000], Train Loss: 0.0434, R2: 0.9372, RMSE: 0.2084 | Valid Loss: 0.1150, R2: 0.5202, RMSE: 0.3391
2026-02-22 18:06:55,914 - root - INFO - Epoch [328/10000], Train Loss: 0.0433, R2: 0.9374, RMSE: 0.2080 | Valid Loss: 0.1144, R2: 0.5224, RMSE: 0.3383
2026-02-22 18:06:56,189 - root - INFO - Epoch [329/10000], Train Loss: 0.0435, R2: 0.9372, RMSE: 0.2084 | Valid Loss: 0.1127, R2: 0.5296, RMSE: 0.3357
2026-02-22 18:06:56,470 - root - INFO - Epoch [330/10000], Train Loss: 0.0434, R2: 0.9373, RMSE: 0.2083 | Valid Loss: 0.1127, R2: 0.5297, RMSE: 0.3357
2026-02-22 18:06:56,732 - root - INFO - Epoch [331/10000], Train Loss: 0.0431, R2: 0.9376, RMSE: 0.2077 | Valid Loss: 0.1119, R2: 0.5331, RMSE: 0.3345
2026-02-22 18:06:56,991 - root - INFO - Epoch [332/10000], Train Loss: 0.0434, R2: 0.9373, RMSE: 0.2083 | Valid Loss: 0.1125, R2: 0.5303, RMSE: 0.3355
2026-02-22 18:06:57,252 - root - INFO - Epoch [333/10000], Train Loss: 0.0431, R2: 0.9377, RMSE: 0.2075 | Valid Loss: 0.1139, R2: 0.5247, RMSE: 0.3375
2026-02-22 18:06:57,524 - root - INFO - Epoch [334/10000], Train Loss: 0.0429, R2: 0.9379, RMSE: 0.2072 | Valid Loss: 0.1129, R2: 0.5289, RMSE: 0.3360
2026-02-22 18:06:57,813 - root - INFO - Epoch [335/10000], Train Loss: 0.0430, R2: 0.9379, RMSE: 0.2073 | Valid Loss: 0.1123, R2: 0.5312, RMSE: 0.3352
2026-02-22 18:06:58,120 - root - INFO - Epoch [336/10000], Train Loss: 0.0428, R2: 0.9381, RMSE: 0.2069 | Valid Loss: 0.1137, R2: 0.5256, RMSE: 0.3372
2026-02-22 18:06:58,465 - root - INFO - Epoch [337/10000], Train Loss: 0.0427, R2: 0.9382, RMSE: 0.2067 | Valid Loss: 0.1132, R2: 0.5276, RMSE: 0.3365
2026-02-22 18:06:58,768 - root - INFO - Epoch [338/10000], Train Loss: 0.0430, R2: 0.9379, RMSE: 0.2073 | Valid Loss: 0.1117, R2: 0.5339, RMSE: 0.3342
2026-02-22 18:06:59,100 - root - INFO - Epoch [339/10000], Train Loss: 0.0431, R2: 0.9377, RMSE: 0.2075 | Valid Loss: 0.1108, R2: 0.5374, RMSE: 0.3329
2026-02-22 18:06:59,496 - root - INFO - Epoch [340/10000], Train Loss: 0.0431, R2: 0.9377, RMSE: 0.2076 | Valid Loss: 0.1109, R2: 0.5372, RMSE: 0.3330
2026-02-22 18:06:59,838 - root - INFO - Epoch [341/10000], Train Loss: 0.0429, R2: 0.9379, RMSE: 0.2072 | Valid Loss: 0.1104, R2: 0.5394, RMSE: 0.3322
2026-02-22 18:07:00,112 - root - INFO - Epoch [342/10000], Train Loss: 0.0428, R2: 0.9381, RMSE: 0.2068 | Valid Loss: 0.1110, R2: 0.5368, RMSE: 0.3331
2026-02-22 18:07:00,400 - root - INFO - Epoch [343/10000], Train Loss: 0.0425, R2: 0.9385, RMSE: 0.2062 | Valid Loss: 0.1097, R2: 0.5421, RMSE: 0.3312
2026-02-22 18:07:00,678 - root - INFO - Epoch [344/10000], Train Loss: 0.0426, R2: 0.9384, RMSE: 0.2063 | Valid Loss: 0.1105, R2: 0.5388, RMSE: 0.3324
2026-02-22 18:07:00,957 - root - INFO - Epoch [345/10000], Train Loss: 0.0422, R2: 0.9389, RMSE: 0.2055 | Valid Loss: 0.1105, R2: 0.5390, RMSE: 0.3324
2026-02-22 18:07:01,299 - root - INFO - Epoch [346/10000], Train Loss: 0.0426, R2: 0.9384, RMSE: 0.2064 | Valid Loss: 0.1105, R2: 0.5387, RMSE: 0.3325
2026-02-22 18:07:01,613 - root - INFO - Epoch [347/10000], Train Loss: 0.0429, R2: 0.9380, RMSE: 0.2070 | Valid Loss: 0.1088, R2: 0.5460, RMSE: 0.3298
2026-02-22 18:07:01,850 - root - INFO - Epoch [348/10000], Train Loss: 0.0423, R2: 0.9388, RMSE: 0.2057 | Valid Loss: 0.1083, R2: 0.5482, RMSE: 0.3290
2026-02-22 18:07:02,142 - root - INFO - Epoch [349/10000], Train Loss: 0.0423, R2: 0.9388, RMSE: 0.2057 | Valid Loss: 0.1079, R2: 0.5496, RMSE: 0.3285
2026-02-22 18:07:02,399 - root - INFO - Epoch [350/10000], Train Loss: 0.0421, R2: 0.9392, RMSE: 0.2051 | Valid Loss: 0.1068, R2: 0.5544, RMSE: 0.3268
2026-02-22 18:07:02,656 - root - INFO - Epoch [351/10000], Train Loss: 0.0426, R2: 0.9384, RMSE: 0.2063 | Valid Loss: 0.1075, R2: 0.5513, RMSE: 0.3279
2026-02-22 18:07:02,931 - root - INFO - Epoch [352/10000], Train Loss: 0.0419, R2: 0.9395, RMSE: 0.2046 | Valid Loss: 0.1078, R2: 0.5501, RMSE: 0.3283
2026-02-22 18:07:03,208 - root - INFO - Epoch [353/10000], Train Loss: 0.0423, R2: 0.9388, RMSE: 0.2056 | Valid Loss: 0.1080, R2: 0.5494, RMSE: 0.3286
2026-02-22 18:07:03,478 - root - INFO - Epoch [354/10000], Train Loss: 0.0429, R2: 0.9379, RMSE: 0.2072 | Valid Loss: 0.1077, R2: 0.5504, RMSE: 0.3282
2026-02-22 18:07:03,723 - root - INFO - Epoch [355/10000], Train Loss: 0.0422, R2: 0.9389, RMSE: 0.2055 | Valid Loss: 0.1064, R2: 0.5558, RMSE: 0.3262
2026-02-22 18:07:03,977 - root - INFO - Epoch [356/10000], Train Loss: 0.0417, R2: 0.9398, RMSE: 0.2041 | Valid Loss: 0.1068, R2: 0.5541, RMSE: 0.3269
2026-02-22 18:07:04,268 - root - INFO - Epoch [357/10000], Train Loss: 0.0423, R2: 0.9388, RMSE: 0.2057 | Valid Loss: 0.1053, R2: 0.5607, RMSE: 0.3245
2026-02-22 18:07:04,547 - root - INFO - Epoch [358/10000], Train Loss: 0.0419, R2: 0.9393, RMSE: 0.2048 | Valid Loss: 0.1052, R2: 0.5611, RMSE: 0.3243
2026-02-22 18:07:04,787 - root - INFO - Epoch [359/10000], Train Loss: 0.0419, R2: 0.9395, RMSE: 0.2046 | Valid Loss: 0.1052, R2: 0.5609, RMSE: 0.3243
2026-02-22 18:07:05,032 - root - INFO - Epoch [360/10000], Train Loss: 0.0418, R2: 0.9395, RMSE: 0.2044 | Valid Loss: 0.1060, R2: 0.5578, RMSE: 0.3255
2026-02-22 18:07:05,274 - root - INFO - Epoch [361/10000], Train Loss: 0.0442, R2: 0.9361, RMSE: 0.2102 | Valid Loss: 0.1064, R2: 0.5561, RMSE: 0.3261
2026-02-22 18:07:05,569 - root - INFO - Epoch [362/10000], Train Loss: 0.0417, R2: 0.9398, RMSE: 0.2041 | Valid Loss: 0.1066, R2: 0.5549, RMSE: 0.3266
2026-02-22 18:07:05,835 - root - INFO - Epoch [363/10000], Train Loss: 0.0414, R2: 0.9401, RMSE: 0.2035 | Valid Loss: 0.1052, R2: 0.5610, RMSE: 0.3243
2026-02-22 18:07:06,142 - root - INFO - Epoch [364/10000], Train Loss: 0.0420, R2: 0.9392, RMSE: 0.2050 | Valid Loss: 0.1068, R2: 0.5545, RMSE: 0.3267
2026-02-22 18:07:06,422 - root - INFO - Epoch [365/10000], Train Loss: 0.0425, R2: 0.9385, RMSE: 0.2062 | Valid Loss: 0.1067, R2: 0.5545, RMSE: 0.3267
2026-02-22 18:07:06,694 - root - INFO - Epoch [366/10000], Train Loss: 0.0424, R2: 0.9387, RMSE: 0.2058 | Valid Loss: 0.1063, R2: 0.5563, RMSE: 0.3261
2026-02-22 18:07:06,973 - root - INFO - Epoch [367/10000], Train Loss: 0.0432, R2: 0.9375, RMSE: 0.2079 | Valid Loss: 0.1059, R2: 0.5582, RMSE: 0.3254
2026-02-22 18:07:07,319 - root - INFO - Epoch [368/10000], Train Loss: 0.0420, R2: 0.9392, RMSE: 0.2050 | Valid Loss: 0.1055, R2: 0.5599, RMSE: 0.3247
2026-02-22 18:07:07,650 - root - INFO - Epoch [369/10000], Train Loss: 0.0412, R2: 0.9404, RMSE: 0.2030 | Valid Loss: 0.1059, R2: 0.5578, RMSE: 0.3255
2026-02-22 18:07:07,888 - root - INFO - Epoch [370/10000], Train Loss: 0.0417, R2: 0.9398, RMSE: 0.2041 | Valid Loss: 0.1044, R2: 0.5641, RMSE: 0.3232
2026-02-22 18:07:08,176 - root - INFO - Epoch [371/10000], Train Loss: 0.0413, R2: 0.9402, RMSE: 0.2033 | Valid Loss: 0.1052, R2: 0.5611, RMSE: 0.3243
2026-02-22 18:07:08,426 - root - INFO - Epoch [372/10000], Train Loss: 0.0410, R2: 0.9406, RMSE: 0.2026 | Valid Loss: 0.1043, R2: 0.5646, RMSE: 0.3230
2026-02-22 18:07:08,745 - root - INFO - Epoch [373/10000], Train Loss: 0.0409, R2: 0.9408, RMSE: 0.2024 | Valid Loss: 0.1051, R2: 0.5613, RMSE: 0.3242
2026-02-22 18:07:08,992 - root - INFO - Epoch [374/10000], Train Loss: 0.0409, R2: 0.9409, RMSE: 0.2022 | Valid Loss: 0.1036, R2: 0.5675, RMSE: 0.3219
2026-02-22 18:07:09,259 - root - INFO - Epoch [375/10000], Train Loss: 0.0409, R2: 0.9409, RMSE: 0.2021 | Valid Loss: 0.1033, R2: 0.5688, RMSE: 0.3214
2026-02-22 18:07:09,529 - root - INFO - Epoch [376/10000], Train Loss: 0.0412, R2: 0.9404, RMSE: 0.2030 | Valid Loss: 0.1035, R2: 0.5679, RMSE: 0.3218
2026-02-22 18:07:09,792 - root - INFO - Epoch [377/10000], Train Loss: 0.0417, R2: 0.9397, RMSE: 0.2041 | Valid Loss: 0.1027, R2: 0.5713, RMSE: 0.3205
2026-02-22 18:07:10,059 - root - INFO - Epoch [378/10000], Train Loss: 0.0421, R2: 0.9391, RMSE: 0.2053 | Valid Loss: 0.1018, R2: 0.5753, RMSE: 0.3190
2026-02-22 18:07:10,378 - root - INFO - Epoch [379/10000], Train Loss: 0.0406, R2: 0.9412, RMSE: 0.2016 | Valid Loss: 0.1029, R2: 0.5704, RMSE: 0.3208
2026-02-22 18:07:10,657 - root - INFO - Epoch [380/10000], Train Loss: 0.0414, R2: 0.9402, RMSE: 0.2034 | Valid Loss: 0.1021, R2: 0.5741, RMSE: 0.3195
2026-02-22 18:07:10,940 - root - INFO - Epoch [381/10000], Train Loss: 0.0406, R2: 0.9412, RMSE: 0.2016 | Valid Loss: 0.1028, R2: 0.5710, RMSE: 0.3206
2026-02-22 18:07:11,244 - root - INFO - Epoch [382/10000], Train Loss: 0.0412, R2: 0.9404, RMSE: 0.2030 | Valid Loss: 0.1015, R2: 0.5765, RMSE: 0.3186
2026-02-22 18:07:11,544 - root - INFO - Epoch [383/10000], Train Loss: 0.0406, R2: 0.9413, RMSE: 0.2015 | Valid Loss: 0.1022, R2: 0.5736, RMSE: 0.3196
2026-02-22 18:07:11,781 - root - INFO - Epoch [384/10000], Train Loss: 0.0406, R2: 0.9413, RMSE: 0.2014 | Valid Loss: 0.1014, R2: 0.5769, RMSE: 0.3184
2026-02-22 18:07:12,026 - root - INFO - Epoch [385/10000], Train Loss: 0.0410, R2: 0.9407, RMSE: 0.2025 | Valid Loss: 0.1011, R2: 0.5780, RMSE: 0.3180
2026-02-22 18:07:12,288 - root - INFO - Epoch [386/10000], Train Loss: 0.0409, R2: 0.9409, RMSE: 0.2022 | Valid Loss: 0.1007, R2: 0.5797, RMSE: 0.3174
2026-02-22 18:07:12,586 - root - INFO - Epoch [387/10000], Train Loss: 0.0400, R2: 0.9421, RMSE: 0.2000 | Valid Loss: 0.1012, R2: 0.5778, RMSE: 0.3181
2026-02-22 18:07:12,860 - root - INFO - Epoch [388/10000], Train Loss: 0.0404, R2: 0.9416, RMSE: 0.2009 | Valid Loss: 0.1005, R2: 0.5806, RMSE: 0.3170
2026-02-22 18:07:13,177 - root - INFO - Epoch [389/10000], Train Loss: 0.0404, R2: 0.9415, RMSE: 0.2011 | Valid Loss: 0.1002, R2: 0.5816, RMSE: 0.3166
2026-02-22 18:07:13,439 - root - INFO - Epoch [390/10000], Train Loss: 0.0403, R2: 0.9418, RMSE: 0.2006 | Valid Loss: 0.0996, R2: 0.5842, RMSE: 0.3156
2026-02-22 18:07:13,665 - root - INFO - Epoch [391/10000], Train Loss: 0.0401, R2: 0.9420, RMSE: 0.2002 | Valid Loss: 0.0999, R2: 0.5829, RMSE: 0.3161
2026-02-22 18:07:13,928 - root - INFO - Epoch [392/10000], Train Loss: 0.0404, R2: 0.9416, RMSE: 0.2009 | Valid Loss: 0.0988, R2: 0.5876, RMSE: 0.3143
2026-02-22 18:07:14,208 - root - INFO - Epoch [393/10000], Train Loss: 0.0403, R2: 0.9417, RMSE: 0.2008 | Valid Loss: 0.0979, R2: 0.5915, RMSE: 0.3129
2026-02-22 18:07:14,469 - root - INFO - Epoch [394/10000], Train Loss: 0.0400, R2: 0.9421, RMSE: 0.2001 | Valid Loss: 0.0983, R2: 0.5898, RMSE: 0.3135
2026-02-22 18:07:14,835 - root - INFO - Epoch [395/10000], Train Loss: 0.0400, R2: 0.9422, RMSE: 0.2000 | Valid Loss: 0.0989, R2: 0.5874, RMSE: 0.3144
2026-02-22 18:07:15,137 - root - INFO - Epoch [396/10000], Train Loss: 0.0405, R2: 0.9414, RMSE: 0.2013 | Valid Loss: 0.0986, R2: 0.5885, RMSE: 0.3140
2026-02-22 18:07:15,423 - root - INFO - Epoch [397/10000], Train Loss: 0.0402, R2: 0.9419, RMSE: 0.2005 | Valid Loss: 0.0998, R2: 0.5837, RMSE: 0.3158
2026-02-22 18:07:15,668 - root - INFO - Epoch [398/10000], Train Loss: 0.0399, R2: 0.9423, RMSE: 0.1997 | Valid Loss: 0.0987, R2: 0.5880, RMSE: 0.3142
2026-02-22 18:07:15,962 - root - INFO - Epoch [399/10000], Train Loss: 0.0401, R2: 0.9420, RMSE: 0.2003 | Valid Loss: 0.0992, R2: 0.5859, RMSE: 0.3150
2026-02-22 18:07:16,245 - root - INFO - Epoch [400/10000], Train Loss: 0.0398, R2: 0.9425, RMSE: 0.1995 | Valid Loss: 0.0995, R2: 0.5846, RMSE: 0.3155
2026-02-22 18:07:16,519 - root - INFO - Epoch [401/10000], Train Loss: 0.0397, R2: 0.9426, RMSE: 0.1992 | Valid Loss: 0.0982, R2: 0.5904, RMSE: 0.3133
2026-02-22 18:07:16,784 - root - INFO - Epoch [402/10000], Train Loss: 0.0397, R2: 0.9426, RMSE: 0.1993 | Valid Loss: 0.0980, R2: 0.5908, RMSE: 0.3131
2026-02-22 18:07:17,022 - root - INFO - Epoch [403/10000], Train Loss: 0.0400, R2: 0.9421, RMSE: 0.2000 | Valid Loss: 0.0976, R2: 0.5927, RMSE: 0.3124
2026-02-22 18:07:17,286 - root - INFO - Epoch [404/10000], Train Loss: 0.0404, R2: 0.9415, RMSE: 0.2010 | Valid Loss: 0.0982, R2: 0.5904, RMSE: 0.3133
2026-02-22 18:07:17,569 - root - INFO - Epoch [405/10000], Train Loss: 0.0401, R2: 0.9420, RMSE: 0.2002 | Valid Loss: 0.0973, R2: 0.5938, RMSE: 0.3120
2026-02-22 18:07:17,835 - root - INFO - Epoch [406/10000], Train Loss: 0.0410, R2: 0.9407, RMSE: 0.2025 | Valid Loss: 0.0972, R2: 0.5944, RMSE: 0.3118
2026-02-22 18:07:18,114 - root - INFO - Epoch [407/10000], Train Loss: 0.0401, R2: 0.9419, RMSE: 0.2004 | Valid Loss: 0.0973, R2: 0.5940, RMSE: 0.3119
2026-02-22 18:07:18,385 - root - INFO - Epoch [408/10000], Train Loss: 0.0405, R2: 0.9414, RMSE: 0.2013 | Valid Loss: 0.0965, R2: 0.5974, RMSE: 0.3106
2026-02-22 18:07:18,690 - root - INFO - Epoch [409/10000], Train Loss: 0.0397, R2: 0.9425, RMSE: 0.1993 | Valid Loss: 0.0975, R2: 0.5931, RMSE: 0.3123
2026-02-22 18:07:18,953 - root - INFO - Epoch [410/10000], Train Loss: 0.0395, R2: 0.9428, RMSE: 0.1988 | Valid Loss: 0.0966, R2: 0.5967, RMSE: 0.3109
2026-02-22 18:07:19,252 - root - INFO - Epoch [411/10000], Train Loss: 0.0393, R2: 0.9432, RMSE: 0.1982 | Valid Loss: 0.0972, R2: 0.5943, RMSE: 0.3118
2026-02-22 18:07:19,510 - root - INFO - Epoch [412/10000], Train Loss: 0.0393, R2: 0.9432, RMSE: 0.1981 | Valid Loss: 0.0971, R2: 0.5947, RMSE: 0.3116
2026-02-22 18:07:19,781 - root - INFO - Epoch [413/10000], Train Loss: 0.0392, R2: 0.9433, RMSE: 0.1980 | Valid Loss: 0.0976, R2: 0.5925, RMSE: 0.3125
2026-02-22 18:07:20,097 - root - INFO - Epoch [414/10000], Train Loss: 0.0392, R2: 0.9433, RMSE: 0.1980 | Valid Loss: 0.0972, R2: 0.5944, RMSE: 0.3117
2026-02-22 18:07:20,384 - root - INFO - Epoch [415/10000], Train Loss: 0.0395, R2: 0.9429, RMSE: 0.1988 | Valid Loss: 0.0972, R2: 0.5944, RMSE: 0.3117
2026-02-22 18:07:20,654 - root - INFO - Epoch [416/10000], Train Loss: 0.0391, R2: 0.9434, RMSE: 0.1978 | Valid Loss: 0.0977, R2: 0.5924, RMSE: 0.3125
2026-02-22 18:07:20,928 - root - INFO - Epoch [417/10000], Train Loss: 0.0390, R2: 0.9435, RMSE: 0.1976 | Valid Loss: 0.0968, R2: 0.5961, RMSE: 0.3111
2026-02-22 18:07:21,250 - root - INFO - Epoch [418/10000], Train Loss: 0.0392, R2: 0.9433, RMSE: 0.1980 | Valid Loss: 0.0958, R2: 0.6002, RMSE: 0.3095
2026-02-22 18:07:21,536 - root - INFO - Epoch [419/10000], Train Loss: 0.0390, R2: 0.9436, RMSE: 0.1975 | Valid Loss: 0.0952, R2: 0.6027, RMSE: 0.3085
2026-02-22 18:07:21,831 - root - INFO - Epoch [420/10000], Train Loss: 0.0394, R2: 0.9430, RMSE: 0.1986 | Valid Loss: 0.0943, R2: 0.6065, RMSE: 0.3071
2026-02-22 18:07:22,119 - root - INFO - Epoch [421/10000], Train Loss: 0.0392, R2: 0.9432, RMSE: 0.1981 | Valid Loss: 0.0938, R2: 0.6087, RMSE: 0.3062
2026-02-22 18:07:22,391 - root - INFO - Epoch [422/10000], Train Loss: 0.0388, R2: 0.9439, RMSE: 0.1970 | Valid Loss: 0.0941, R2: 0.6071, RMSE: 0.3068
2026-02-22 18:07:22,693 - root - INFO - Epoch [423/10000], Train Loss: 0.0389, R2: 0.9438, RMSE: 0.1972 | Valid Loss: 0.0952, R2: 0.6029, RMSE: 0.3085
2026-02-22 18:07:22,915 - root - INFO - Epoch [424/10000], Train Loss: 0.0389, R2: 0.9437, RMSE: 0.1973 | Valid Loss: 0.0954, R2: 0.6017, RMSE: 0.3089
2026-02-22 18:07:23,132 - root - INFO - Epoch [425/10000], Train Loss: 0.0392, R2: 0.9433, RMSE: 0.1980 | Valid Loss: 0.0946, R2: 0.6051, RMSE: 0.3076
2026-02-22 18:07:23,381 - root - INFO - Epoch [426/10000], Train Loss: 0.0385, R2: 0.9443, RMSE: 0.1962 | Valid Loss: 0.0938, R2: 0.6084, RMSE: 0.3063
2026-02-22 18:07:23,661 - root - INFO - Epoch [427/10000], Train Loss: 0.0386, R2: 0.9441, RMSE: 0.1965 | Valid Loss: 0.0937, R2: 0.6088, RMSE: 0.3062
2026-02-22 18:07:23,940 - root - INFO - Epoch [428/10000], Train Loss: 0.0389, R2: 0.9437, RMSE: 0.1973 | Valid Loss: 0.0939, R2: 0.6083, RMSE: 0.3064
2026-02-22 18:07:24,233 - root - INFO - Epoch [429/10000], Train Loss: 0.0385, R2: 0.9443, RMSE: 0.1962 | Valid Loss: 0.0940, R2: 0.6076, RMSE: 0.3066
2026-02-22 18:07:24,547 - root - INFO - Epoch [430/10000], Train Loss: 0.0385, R2: 0.9443, RMSE: 0.1963 | Valid Loss: 0.0935, R2: 0.6100, RMSE: 0.3057
2026-02-22 18:07:24,836 - root - INFO - Epoch [431/10000], Train Loss: 0.0386, R2: 0.9442, RMSE: 0.1964 | Valid Loss: 0.0937, R2: 0.6088, RMSE: 0.3061
2026-02-22 18:07:25,130 - root - INFO - Epoch [432/10000], Train Loss: 0.0383, R2: 0.9447, RMSE: 0.1956 | Valid Loss: 0.0931, R2: 0.6116, RMSE: 0.3051
2026-02-22 18:07:25,437 - root - INFO - Epoch [433/10000], Train Loss: 0.0385, R2: 0.9444, RMSE: 0.1962 | Valid Loss: 0.0937, R2: 0.6089, RMSE: 0.3061
2026-02-22 18:07:25,821 - root - INFO - Epoch [434/10000], Train Loss: 0.0390, R2: 0.9436, RMSE: 0.1975 | Valid Loss: 0.0929, R2: 0.6122, RMSE: 0.3048
2026-02-22 18:07:26,153 - root - INFO - Epoch [435/10000], Train Loss: 0.0382, R2: 0.9447, RMSE: 0.1955 | Valid Loss: 0.0932, R2: 0.6111, RMSE: 0.3053
2026-02-22 18:07:26,516 - root - INFO - Epoch [436/10000], Train Loss: 0.0382, R2: 0.9447, RMSE: 0.1955 | Valid Loss: 0.0926, R2: 0.6135, RMSE: 0.3043
2026-02-22 18:07:26,797 - root - INFO - Epoch [437/10000], Train Loss: 0.0385, R2: 0.9444, RMSE: 0.1961 | Valid Loss: 0.0918, R2: 0.6169, RMSE: 0.3030
2026-02-22 18:07:27,071 - root - INFO - Epoch [438/10000], Train Loss: 0.0389, R2: 0.9437, RMSE: 0.1973 | Valid Loss: 0.0915, R2: 0.6180, RMSE: 0.3025
2026-02-22 18:07:27,445 - root - INFO - Epoch [439/10000], Train Loss: 0.0390, R2: 0.9436, RMSE: 0.1976 | Valid Loss: 0.0921, R2: 0.6156, RMSE: 0.3035
2026-02-22 18:07:27,721 - root - INFO - Epoch [440/10000], Train Loss: 0.0381, R2: 0.9449, RMSE: 0.1952 | Valid Loss: 0.0927, R2: 0.6132, RMSE: 0.3044
2026-02-22 18:07:28,007 - root - INFO - Epoch [441/10000], Train Loss: 0.0379, R2: 0.9451, RMSE: 0.1948 | Valid Loss: 0.0915, R2: 0.6180, RMSE: 0.3026
2026-02-22 18:07:28,295 - root - INFO - Epoch [442/10000], Train Loss: 0.0380, R2: 0.9450, RMSE: 0.1949 | Valid Loss: 0.0920, R2: 0.6162, RMSE: 0.3032
2026-02-22 18:07:28,568 - root - INFO - Epoch [443/10000], Train Loss: 0.0380, R2: 0.9450, RMSE: 0.1951 | Valid Loss: 0.0923, R2: 0.6148, RMSE: 0.3038
2026-02-22 18:07:28,888 - root - INFO - Epoch [444/10000], Train Loss: 0.0379, R2: 0.9452, RMSE: 0.1947 | Valid Loss: 0.0921, R2: 0.6154, RMSE: 0.3036
2026-02-22 18:07:29,231 - root - INFO - Epoch [445/10000], Train Loss: 0.0379, R2: 0.9452, RMSE: 0.1946 | Valid Loss: 0.0917, R2: 0.6173, RMSE: 0.3028
2026-02-22 18:07:29,483 - root - INFO - Epoch [446/10000], Train Loss: 0.0381, R2: 0.9448, RMSE: 0.1953 | Valid Loss: 0.0908, R2: 0.6209, RMSE: 0.3014
2026-02-22 18:07:29,755 - root - INFO - Epoch [447/10000], Train Loss: 0.0377, R2: 0.9454, RMSE: 0.1943 | Valid Loss: 0.0905, R2: 0.6222, RMSE: 0.3009
2026-02-22 18:07:30,055 - root - INFO - Epoch [448/10000], Train Loss: 0.0380, R2: 0.9451, RMSE: 0.1948 | Valid Loss: 0.0904, R2: 0.6228, RMSE: 0.3006
2026-02-22 18:07:30,374 - root - INFO - Epoch [449/10000], Train Loss: 0.0381, R2: 0.9449, RMSE: 0.1953 | Valid Loss: 0.0915, R2: 0.6181, RMSE: 0.3025
2026-02-22 18:07:30,679 - root - INFO - Epoch [450/10000], Train Loss: 0.0381, R2: 0.9449, RMSE: 0.1952 | Valid Loss: 0.0905, R2: 0.6224, RMSE: 0.3008
2026-02-22 18:07:31,023 - root - INFO - Epoch [451/10000], Train Loss: 0.0377, R2: 0.9454, RMSE: 0.1942 | Valid Loss: 0.0907, R2: 0.6213, RMSE: 0.3012
2026-02-22 18:07:31,393 - root - INFO - Epoch [452/10000], Train Loss: 0.0378, R2: 0.9453, RMSE: 0.1945 | Valid Loss: 0.0906, R2: 0.6218, RMSE: 0.3010
2026-02-22 18:07:31,696 - root - INFO - Epoch [453/10000], Train Loss: 0.0376, R2: 0.9456, RMSE: 0.1940 | Valid Loss: 0.0911, R2: 0.6197, RMSE: 0.3019
2026-02-22 18:07:31,997 - root - INFO - Epoch [454/10000], Train Loss: 0.0375, R2: 0.9458, RMSE: 0.1936 | Valid Loss: 0.0901, R2: 0.6240, RMSE: 0.3001
2026-02-22 18:07:32,358 - root - INFO - Epoch [455/10000], Train Loss: 0.0374, R2: 0.9459, RMSE: 0.1934 | Valid Loss: 0.0901, R2: 0.6238, RMSE: 0.3002
2026-02-22 18:07:32,697 - root - INFO - Epoch [456/10000], Train Loss: 0.0379, R2: 0.9452, RMSE: 0.1947 | Valid Loss: 0.0897, R2: 0.6254, RMSE: 0.2996
2026-02-22 18:07:32,984 - root - INFO - Epoch [457/10000], Train Loss: 0.0376, R2: 0.9456, RMSE: 0.1940 | Valid Loss: 0.0907, R2: 0.6216, RMSE: 0.3011
2026-02-22 18:07:33,271 - root - INFO - Epoch [458/10000], Train Loss: 0.0378, R2: 0.9454, RMSE: 0.1944 | Valid Loss: 0.0900, R2: 0.6242, RMSE: 0.3001
2026-02-22 18:07:33,574 - root - INFO - Epoch [459/10000], Train Loss: 0.0376, R2: 0.9456, RMSE: 0.1940 | Valid Loss: 0.0891, R2: 0.6283, RMSE: 0.2984
2026-02-22 18:07:33,889 - root - INFO - Epoch [460/10000], Train Loss: 0.0371, R2: 0.9463, RMSE: 0.1926 | Valid Loss: 0.0900, R2: 0.6244, RMSE: 0.3000
2026-02-22 18:07:34,236 - root - INFO - Epoch [461/10000], Train Loss: 0.0373, R2: 0.9461, RMSE: 0.1931 | Valid Loss: 0.0906, R2: 0.6220, RMSE: 0.3009
2026-02-22 18:07:34,533 - root - INFO - Epoch [462/10000], Train Loss: 0.0377, R2: 0.9455, RMSE: 0.1941 | Valid Loss: 0.0897, R2: 0.6255, RMSE: 0.2995
2026-02-22 18:07:34,850 - root - INFO - Epoch [463/10000], Train Loss: 0.0376, R2: 0.9456, RMSE: 0.1940 | Valid Loss: 0.0901, R2: 0.6240, RMSE: 0.3002
2026-02-22 18:07:35,148 - root - INFO - Epoch [464/10000], Train Loss: 0.0374, R2: 0.9459, RMSE: 0.1934 | Valid Loss: 0.0905, R2: 0.6225, RMSE: 0.3008
2026-02-22 18:07:35,478 - root - INFO - Epoch [465/10000], Train Loss: 0.0375, R2: 0.9458, RMSE: 0.1936 | Valid Loss: 0.0897, R2: 0.6255, RMSE: 0.2996
2026-02-22 18:07:35,771 - root - INFO - Epoch [466/10000], Train Loss: 0.0369, R2: 0.9466, RMSE: 0.1922 | Valid Loss: 0.0899, R2: 0.6250, RMSE: 0.2998
2026-02-22 18:07:36,114 - root - INFO - Epoch [467/10000], Train Loss: 0.0369, R2: 0.9466, RMSE: 0.1922 | Valid Loss: 0.0903, R2: 0.6230, RMSE: 0.3006
2026-02-22 18:07:36,531 - root - INFO - Epoch [468/10000], Train Loss: 0.0368, R2: 0.9468, RMSE: 0.1918 | Valid Loss: 0.0897, R2: 0.6256, RMSE: 0.2995
2026-02-22 18:07:36,893 - root - INFO - Epoch [469/10000], Train Loss: 0.0372, R2: 0.9462, RMSE: 0.1929 | Valid Loss: 0.0890, R2: 0.6287, RMSE: 0.2983
2026-02-22 18:07:37,202 - root - INFO - Epoch [470/10000], Train Loss: 0.0368, R2: 0.9467, RMSE: 0.1919 | Valid Loss: 0.0883, R2: 0.6313, RMSE: 0.2972
2026-02-22 18:07:37,501 - root - INFO - Epoch [471/10000], Train Loss: 0.0369, R2: 0.9466, RMSE: 0.1921 | Valid Loss: 0.0890, R2: 0.6286, RMSE: 0.2983
2026-02-22 18:07:37,796 - root - INFO - Epoch [472/10000], Train Loss: 0.0369, R2: 0.9466, RMSE: 0.1922 | Valid Loss: 0.0882, R2: 0.6321, RMSE: 0.2969
2026-02-22 18:07:38,077 - root - INFO - Epoch [473/10000], Train Loss: 0.0366, R2: 0.9470, RMSE: 0.1914 | Valid Loss: 0.0888, R2: 0.6294, RMSE: 0.2980
2026-02-22 18:07:38,392 - root - INFO - Epoch [474/10000], Train Loss: 0.0369, R2: 0.9466, RMSE: 0.1921 | Valid Loss: 0.0883, R2: 0.6316, RMSE: 0.2971
2026-02-22 18:07:38,667 - root - INFO - Epoch [475/10000], Train Loss: 0.0371, R2: 0.9464, RMSE: 0.1925 | Valid Loss: 0.0881, R2: 0.6321, RMSE: 0.2969
2026-02-22 18:07:38,948 - root - INFO - Epoch [476/10000], Train Loss: 0.0364, R2: 0.9473, RMSE: 0.1909 | Valid Loss: 0.0894, R2: 0.6268, RMSE: 0.2990
2026-02-22 18:07:39,257 - root - INFO - Epoch [477/10000], Train Loss: 0.0375, R2: 0.9458, RMSE: 0.1935 | Valid Loss: 0.0885, R2: 0.6307, RMSE: 0.2975
2026-02-22 18:07:39,583 - root - INFO - Epoch [478/10000], Train Loss: 0.0367, R2: 0.9470, RMSE: 0.1915 | Valid Loss: 0.0893, R2: 0.6274, RMSE: 0.2988
2026-02-22 18:07:39,901 - root - INFO - Epoch [479/10000], Train Loss: 0.0364, R2: 0.9474, RMSE: 0.1907 | Valid Loss: 0.0886, R2: 0.6301, RMSE: 0.2977
2026-02-22 18:07:40,275 - root - INFO - Epoch [480/10000], Train Loss: 0.0363, R2: 0.9475, RMSE: 0.1906 | Valid Loss: 0.0889, R2: 0.6289, RMSE: 0.2982
2026-02-22 18:07:40,548 - root - INFO - Epoch [481/10000], Train Loss: 0.0370, R2: 0.9466, RMSE: 0.1922 | Valid Loss: 0.0873, R2: 0.6356, RMSE: 0.2955
2026-02-22 18:07:40,851 - root - INFO - Epoch [482/10000], Train Loss: 0.0368, R2: 0.9468, RMSE: 0.1918 | Valid Loss: 0.0875, R2: 0.6350, RMSE: 0.2958
2026-02-22 18:07:41,139 - root - INFO - Epoch [483/10000], Train Loss: 0.0371, R2: 0.9463, RMSE: 0.1927 | Valid Loss: 0.0882, R2: 0.6318, RMSE: 0.2970
2026-02-22 18:07:41,423 - root - INFO - Epoch [484/10000], Train Loss: 0.0364, R2: 0.9473, RMSE: 0.1909 | Valid Loss: 0.0884, R2: 0.6309, RMSE: 0.2974
2026-02-22 18:07:41,717 - root - INFO - Epoch [485/10000], Train Loss: 0.0373, R2: 0.9461, RMSE: 0.1930 | Valid Loss: 0.0885, R2: 0.6307, RMSE: 0.2975
2026-02-22 18:07:41,998 - root - INFO - Epoch [486/10000], Train Loss: 0.0368, R2: 0.9468, RMSE: 0.1918 | Valid Loss: 0.0875, R2: 0.6349, RMSE: 0.2958
2026-02-22 18:07:42,288 - root - INFO - Epoch [487/10000], Train Loss: 0.0361, R2: 0.9478, RMSE: 0.1900 | Valid Loss: 0.0876, R2: 0.6343, RMSE: 0.2960
2026-02-22 18:07:42,623 - root - INFO - Epoch [488/10000], Train Loss: 0.0361, R2: 0.9477, RMSE: 0.1901 | Valid Loss: 0.0857, R2: 0.6424, RMSE: 0.2927
2026-02-22 18:07:42,893 - root - INFO - Epoch [489/10000], Train Loss: 0.0360, R2: 0.9479, RMSE: 0.1897 | Valid Loss: 0.0871, R2: 0.6365, RMSE: 0.2951
2026-02-22 18:07:43,164 - root - INFO - Epoch [490/10000], Train Loss: 0.0363, R2: 0.9475, RMSE: 0.1905 | Valid Loss: 0.0864, R2: 0.6392, RMSE: 0.2940
2026-02-22 18:07:43,473 - root - INFO - Epoch [491/10000], Train Loss: 0.0363, R2: 0.9475, RMSE: 0.1905 | Valid Loss: 0.0879, R2: 0.6331, RMSE: 0.2965
2026-02-22 18:07:43,756 - root - INFO - Epoch [492/10000], Train Loss: 0.0368, R2: 0.9467, RMSE: 0.1919 | Valid Loss: 0.0865, R2: 0.6392, RMSE: 0.2940
2026-02-22 18:07:44,056 - root - INFO - Epoch [493/10000], Train Loss: 0.0362, R2: 0.9476, RMSE: 0.1903 | Valid Loss: 0.0871, R2: 0.6366, RMSE: 0.2951
2026-02-22 18:07:44,383 - root - INFO - Epoch [494/10000], Train Loss: 0.0364, R2: 0.9473, RMSE: 0.1909 | Valid Loss: 0.0876, R2: 0.6343, RMSE: 0.2960
2026-02-22 18:07:44,676 - root - INFO - Epoch [495/10000], Train Loss: 0.0365, R2: 0.9473, RMSE: 0.1909 | Valid Loss: 0.0874, R2: 0.6351, RMSE: 0.2957
2026-02-22 18:07:44,957 - root - INFO - Epoch [496/10000], Train Loss: 0.0360, R2: 0.9480, RMSE: 0.1897 | Valid Loss: 0.0867, R2: 0.6380, RMSE: 0.2945
2026-02-22 18:07:45,230 - root - INFO - Epoch [497/10000], Train Loss: 0.0357, R2: 0.9483, RMSE: 0.1890 | Valid Loss: 0.0860, R2: 0.6411, RMSE: 0.2933
2026-02-22 18:07:45,524 - root - INFO - Epoch [498/10000], Train Loss: 0.0357, R2: 0.9483, RMSE: 0.1891 | Valid Loss: 0.0855, R2: 0.6433, RMSE: 0.2923
2026-02-22 18:07:45,798 - root - INFO - Epoch [499/10000], Train Loss: 0.0360, R2: 0.9480, RMSE: 0.1897 | Valid Loss: 0.0856, R2: 0.6426, RMSE: 0.2926
2026-02-22 18:07:46,093 - root - INFO - Epoch [500/10000], Train Loss: 0.0359, R2: 0.9480, RMSE: 0.1895 | Valid Loss: 0.0861, R2: 0.6407, RMSE: 0.2934
2026-02-22 18:07:46,413 - root - INFO - Epoch [501/10000], Train Loss: 0.0365, R2: 0.9472, RMSE: 0.1911 | Valid Loss: 0.0860, R2: 0.6410, RMSE: 0.2933
2026-02-22 18:07:46,677 - root - INFO - Epoch [502/10000], Train Loss: 0.0363, R2: 0.9475, RMSE: 0.1905 | Valid Loss: 0.0865, R2: 0.6391, RMSE: 0.2940
2026-02-22 18:07:46,953 - root - INFO - Epoch [503/10000], Train Loss: 0.0359, R2: 0.9480, RMSE: 0.1896 | Valid Loss: 0.0866, R2: 0.6387, RMSE: 0.2942
2026-02-22 18:07:47,237 - root - INFO - Epoch [504/10000], Train Loss: 0.0357, R2: 0.9484, RMSE: 0.1889 | Valid Loss: 0.0853, R2: 0.6440, RMSE: 0.2921
2026-02-22 18:07:47,537 - root - INFO - Epoch [505/10000], Train Loss: 0.0354, R2: 0.9488, RMSE: 0.1882 | Valid Loss: 0.0859, R2: 0.6415, RMSE: 0.2931
2026-02-22 18:07:47,872 - root - INFO - Epoch [506/10000], Train Loss: 0.0359, R2: 0.9481, RMSE: 0.1895 | Valid Loss: 0.0858, R2: 0.6420, RMSE: 0.2929
2026-02-22 18:07:48,217 - root - INFO - Epoch [507/10000], Train Loss: 0.0357, R2: 0.9483, RMSE: 0.1890 | Valid Loss: 0.0859, R2: 0.6414, RMSE: 0.2931
2026-02-22 18:07:48,540 - root - INFO - Epoch [508/10000], Train Loss: 0.0355, R2: 0.9486, RMSE: 0.1885 | Valid Loss: 0.0848, R2: 0.6462, RMSE: 0.2912
2026-02-22 18:07:48,815 - root - INFO - Epoch [509/10000], Train Loss: 0.0355, R2: 0.9487, RMSE: 0.1883 | Valid Loss: 0.0854, R2: 0.6436, RMSE: 0.2922
2026-02-22 18:07:49,133 - root - INFO - Epoch [510/10000], Train Loss: 0.0363, R2: 0.9475, RMSE: 0.1905 | Valid Loss: 0.0853, R2: 0.6440, RMSE: 0.2921
2026-02-22 18:07:49,423 - root - INFO - Epoch [511/10000], Train Loss: 0.0372, R2: 0.9461, RMSE: 0.1930 | Valid Loss: 0.0854, R2: 0.6435, RMSE: 0.2923
2026-02-22 18:07:49,705 - root - INFO - Epoch [512/10000], Train Loss: 0.0358, R2: 0.9483, RMSE: 0.1891 | Valid Loss: 0.0856, R2: 0.6430, RMSE: 0.2925
2026-02-22 18:07:49,969 - root - INFO - Epoch [513/10000], Train Loss: 0.0362, R2: 0.9477, RMSE: 0.1902 | Valid Loss: 0.0858, R2: 0.6420, RMSE: 0.2929
2026-02-22 18:07:50,242 - root - INFO - Epoch [514/10000], Train Loss: 0.0359, R2: 0.9480, RMSE: 0.1896 | Valid Loss: 0.0864, R2: 0.6394, RMSE: 0.2940
2026-02-22 18:07:50,560 - root - INFO - Epoch [515/10000], Train Loss: 0.0364, R2: 0.9473, RMSE: 0.1909 | Valid Loss: 0.0842, R2: 0.6485, RMSE: 0.2902
2026-02-22 18:07:50,877 - root - INFO - Epoch [516/10000], Train Loss: 0.0362, R2: 0.9476, RMSE: 0.1903 | Valid Loss: 0.0855, R2: 0.6432, RMSE: 0.2924
2026-02-22 18:07:51,198 - root - INFO - Epoch [517/10000], Train Loss: 0.0354, R2: 0.9487, RMSE: 0.1883 | Valid Loss: 0.0849, R2: 0.6459, RMSE: 0.2913
2026-02-22 18:07:51,511 - root - INFO - Epoch [518/10000], Train Loss: 0.0356, R2: 0.9485, RMSE: 0.1887 | Valid Loss: 0.0840, R2: 0.6493, RMSE: 0.2899
2026-02-22 18:07:51,805 - root - INFO - Epoch [519/10000], Train Loss: 0.0352, R2: 0.9492, RMSE: 0.1875 | Valid Loss: 0.0834, R2: 0.6519, RMSE: 0.2888
2026-02-22 18:07:52,089 - root - INFO - Epoch [520/10000], Train Loss: 0.0354, R2: 0.9489, RMSE: 0.1880 | Valid Loss: 0.0844, R2: 0.6477, RMSE: 0.2905
2026-02-22 18:07:52,362 - root - INFO - Epoch [521/10000], Train Loss: 0.0350, R2: 0.9494, RMSE: 0.1871 | Valid Loss: 0.0855, R2: 0.6431, RMSE: 0.2924
2026-02-22 18:07:52,646 - root - INFO - Epoch [522/10000], Train Loss: 0.0352, R2: 0.9491, RMSE: 0.1876 | Valid Loss: 0.0848, R2: 0.6463, RMSE: 0.2911
2026-02-22 18:07:52,986 - root - INFO - Epoch [523/10000], Train Loss: 0.0351, R2: 0.9492, RMSE: 0.1874 | Valid Loss: 0.0845, R2: 0.6473, RMSE: 0.2907
2026-02-22 18:07:53,377 - root - INFO - Epoch [524/10000], Train Loss: 0.0348, R2: 0.9496, RMSE: 0.1866 | Valid Loss: 0.0838, R2: 0.6503, RMSE: 0.2895
2026-02-22 18:07:53,775 - root - INFO - Epoch [525/10000], Train Loss: 0.0350, R2: 0.9494, RMSE: 0.1871 | Valid Loss: 0.0836, R2: 0.6512, RMSE: 0.2891
2026-02-22 18:07:54,086 - root - INFO - Epoch [526/10000], Train Loss: 0.0351, R2: 0.9493, RMSE: 0.1872 | Valid Loss: 0.0848, R2: 0.6462, RMSE: 0.2912
2026-02-22 18:07:54,372 - root - INFO - Epoch [527/10000], Train Loss: 0.0350, R2: 0.9494, RMSE: 0.1871 | Valid Loss: 0.0828, R2: 0.6546, RMSE: 0.2877
2026-02-22 18:07:54,677 - root - INFO - Epoch [528/10000], Train Loss: 0.0356, R2: 0.9486, RMSE: 0.1886 | Valid Loss: 0.0837, R2: 0.6506, RMSE: 0.2893
2026-02-22 18:07:54,909 - root - INFO - Epoch [529/10000], Train Loss: 0.0352, R2: 0.9491, RMSE: 0.1877 | Valid Loss: 0.0831, R2: 0.6531, RMSE: 0.2883
2026-02-22 18:07:55,164 - root - INFO - Epoch [530/10000], Train Loss: 0.0347, R2: 0.9499, RMSE: 0.1862 | Valid Loss: 0.0825, R2: 0.6557, RMSE: 0.2872
2026-02-22 18:07:55,473 - root - INFO - Epoch [531/10000], Train Loss: 0.0350, R2: 0.9494, RMSE: 0.1870 | Valid Loss: 0.0837, R2: 0.6509, RMSE: 0.2892
2026-02-22 18:07:55,720 - root - INFO - Epoch [532/10000], Train Loss: 0.0350, R2: 0.9494, RMSE: 0.1871 | Valid Loss: 0.0841, R2: 0.6491, RMSE: 0.2900
2026-02-22 18:07:55,984 - root - INFO - Epoch [533/10000], Train Loss: 0.0358, R2: 0.9482, RMSE: 0.1892 | Valid Loss: 0.0818, R2: 0.6587, RMSE: 0.2860
2026-02-22 18:07:56,273 - root - INFO - Epoch [534/10000], Train Loss: 0.0350, R2: 0.9493, RMSE: 0.1871 | Valid Loss: 0.0834, R2: 0.6520, RMSE: 0.2888
2026-02-22 18:07:56,572 - root - INFO - Epoch [535/10000], Train Loss: 0.0345, R2: 0.9500, RMSE: 0.1859 | Valid Loss: 0.0835, R2: 0.6516, RMSE: 0.2889
2026-02-22 18:07:56,852 - root - INFO - Epoch [536/10000], Train Loss: 0.0345, R2: 0.9501, RMSE: 0.1858 | Valid Loss: 0.0827, R2: 0.6548, RMSE: 0.2876
2026-02-22 18:07:57,187 - root - INFO - Epoch [537/10000], Train Loss: 0.0346, R2: 0.9500, RMSE: 0.1860 | Valid Loss: 0.0818, R2: 0.6587, RMSE: 0.2860
2026-02-22 18:07:57,505 - root - INFO - Epoch [538/10000], Train Loss: 0.0354, R2: 0.9487, RMSE: 0.1882 | Valid Loss: 0.0829, R2: 0.6540, RMSE: 0.2879
2026-02-22 18:07:57,773 - root - INFO - Epoch [539/10000], Train Loss: 0.0345, R2: 0.9500, RMSE: 0.1859 | Valid Loss: 0.0819, R2: 0.6582, RMSE: 0.2862
2026-02-22 18:07:58,085 - root - INFO - Epoch [540/10000], Train Loss: 0.0349, R2: 0.9496, RMSE: 0.1868 | Valid Loss: 0.0824, R2: 0.6561, RMSE: 0.2870
2026-02-22 18:07:58,322 - root - INFO - Epoch [541/10000], Train Loss: 0.0346, R2: 0.9499, RMSE: 0.1861 | Valid Loss: 0.0832, R2: 0.6529, RMSE: 0.2884
2026-02-22 18:07:58,615 - root - INFO - Epoch [542/10000], Train Loss: 0.0354, R2: 0.9489, RMSE: 0.1881 | Valid Loss: 0.0821, R2: 0.6573, RMSE: 0.2866
2026-02-22 18:07:58,892 - root - INFO - Epoch [543/10000], Train Loss: 0.0348, R2: 0.9497, RMSE: 0.1865 | Valid Loss: 0.0821, R2: 0.6573, RMSE: 0.2866
2026-02-22 18:07:59,235 - root - INFO - Epoch [544/10000], Train Loss: 0.0342, R2: 0.9506, RMSE: 0.1849 | Valid Loss: 0.0814, R2: 0.6603, RMSE: 0.2853
2026-02-22 18:07:59,515 - root - INFO - Epoch [545/10000], Train Loss: 0.0351, R2: 0.9493, RMSE: 0.1872 | Valid Loss: 0.0818, R2: 0.6587, RMSE: 0.2860
2026-02-22 18:07:59,796 - root - INFO - Epoch [546/10000], Train Loss: 0.0351, R2: 0.9493, RMSE: 0.1873 | Valid Loss: 0.0827, R2: 0.6547, RMSE: 0.2877
2026-02-22 18:08:00,087 - root - INFO - Epoch [547/10000], Train Loss: 0.0342, R2: 0.9506, RMSE: 0.1848 | Valid Loss: 0.0827, R2: 0.6548, RMSE: 0.2876
2026-02-22 18:08:00,340 - root - INFO - Epoch [548/10000], Train Loss: 0.0342, R2: 0.9506, RMSE: 0.1849 | Valid Loss: 0.0840, R2: 0.6494, RMSE: 0.2899
2026-02-22 18:08:00,611 - root - INFO - Epoch [549/10000], Train Loss: 0.0347, R2: 0.9499, RMSE: 0.1862 | Valid Loss: 0.0827, R2: 0.6549, RMSE: 0.2876
2026-02-22 18:08:00,912 - root - INFO - Epoch [550/10000], Train Loss: 0.0341, R2: 0.9508, RMSE: 0.1845 | Valid Loss: 0.0829, R2: 0.6541, RMSE: 0.2879
2026-02-22 18:08:01,182 - root - INFO - Epoch [551/10000], Train Loss: 0.0340, R2: 0.9508, RMSE: 0.1844 | Valid Loss: 0.0825, R2: 0.6557, RMSE: 0.2872
2026-02-22 18:08:01,469 - root - INFO - Epoch [552/10000], Train Loss: 0.0343, R2: 0.9505, RMSE: 0.1851 | Valid Loss: 0.0826, R2: 0.6555, RMSE: 0.2873
2026-02-22 18:08:01,749 - root - INFO - Epoch [553/10000], Train Loss: 0.0342, R2: 0.9506, RMSE: 0.1849 | Valid Loss: 0.0816, R2: 0.6593, RMSE: 0.2857
2026-02-22 18:08:02,079 - root - INFO - Epoch [554/10000], Train Loss: 0.0339, R2: 0.9509, RMSE: 0.1843 | Valid Loss: 0.0819, R2: 0.6582, RMSE: 0.2862
2026-02-22 18:08:02,328 - root - INFO - Epoch [555/10000], Train Loss: 0.0347, R2: 0.9498, RMSE: 0.1863 | Valid Loss: 0.0817, R2: 0.6592, RMSE: 0.2858
2026-02-22 18:08:02,610 - root - INFO - Epoch [556/10000], Train Loss: 0.0345, R2: 0.9500, RMSE: 0.1859 | Valid Loss: 0.0820, R2: 0.6578, RMSE: 0.2863
2026-02-22 18:08:02,937 - root - INFO - Epoch [557/10000], Train Loss: 0.0342, R2: 0.9506, RMSE: 0.1848 | Valid Loss: 0.0824, R2: 0.6559, RMSE: 0.2871
2026-02-22 18:08:03,257 - root - INFO - Epoch [558/10000], Train Loss: 0.0341, R2: 0.9507, RMSE: 0.1846 | Valid Loss: 0.0814, R2: 0.6603, RMSE: 0.2853
2026-02-22 18:08:03,527 - root - INFO - Epoch [559/10000], Train Loss: 0.0339, R2: 0.9509, RMSE: 0.1842 | Valid Loss: 0.0814, R2: 0.6604, RMSE: 0.2853
2026-02-22 18:08:03,802 - root - INFO - Epoch [560/10000], Train Loss: 0.0340, R2: 0.9508, RMSE: 0.1845 | Valid Loss: 0.0798, R2: 0.6671, RMSE: 0.2824
2026-02-22 18:08:04,062 - root - INFO - Epoch [561/10000], Train Loss: 0.0338, R2: 0.9511, RMSE: 0.1839 | Valid Loss: 0.0817, R2: 0.6591, RMSE: 0.2858
2026-02-22 18:08:04,310 - root - INFO - Epoch [562/10000], Train Loss: 0.0342, R2: 0.9506, RMSE: 0.1849 | Valid Loss: 0.0814, R2: 0.6604, RMSE: 0.2852
2026-02-22 18:08:04,592 - root - INFO - Epoch [563/10000], Train Loss: 0.0335, R2: 0.9515, RMSE: 0.1831 | Valid Loss: 0.0814, R2: 0.6601, RMSE: 0.2854
2026-02-22 18:08:04,844 - root - INFO - Epoch [564/10000], Train Loss: 0.0340, R2: 0.9508, RMSE: 0.1845 | Valid Loss: 0.0811, R2: 0.6616, RMSE: 0.2848
2026-02-22 18:08:05,110 - root - INFO - Epoch [565/10000], Train Loss: 0.0337, R2: 0.9512, RMSE: 0.1837 | Valid Loss: 0.0814, R2: 0.6603, RMSE: 0.2853
2026-02-22 18:08:05,389 - root - INFO - Epoch [566/10000], Train Loss: 0.0350, R2: 0.9493, RMSE: 0.1872 | Valid Loss: 0.0822, R2: 0.6571, RMSE: 0.2866
2026-02-22 18:08:05,681 - root - INFO - Epoch [567/10000], Train Loss: 0.0354, R2: 0.9488, RMSE: 0.1881 | Valid Loss: 0.0800, R2: 0.6662, RMSE: 0.2828
2026-02-22 18:08:05,956 - root - INFO - Epoch [568/10000], Train Loss: 0.0347, R2: 0.9498, RMSE: 0.1862 | Valid Loss: 0.0814, R2: 0.6601, RMSE: 0.2854
2026-02-22 18:08:06,295 - root - INFO - Epoch [569/10000], Train Loss: 0.0343, R2: 0.9505, RMSE: 0.1851 | Valid Loss: 0.0799, R2: 0.6667, RMSE: 0.2826
2026-02-22 18:08:06,620 - root - INFO - Epoch [570/10000], Train Loss: 0.0336, R2: 0.9515, RMSE: 0.1832 | Valid Loss: 0.0806, R2: 0.6635, RMSE: 0.2840
2026-02-22 18:08:06,924 - root - INFO - Epoch [571/10000], Train Loss: 0.0339, R2: 0.9509, RMSE: 0.1842 | Valid Loss: 0.0793, R2: 0.6690, RMSE: 0.2816
2026-02-22 18:08:07,248 - root - INFO - Epoch [572/10000], Train Loss: 0.0338, R2: 0.9512, RMSE: 0.1837 | Valid Loss: 0.0807, R2: 0.6632, RMSE: 0.2841
2026-02-22 18:08:07,521 - root - INFO - Epoch [573/10000], Train Loss: 0.0340, R2: 0.9508, RMSE: 0.1844 | Valid Loss: 0.0817, R2: 0.6590, RMSE: 0.2859
2026-02-22 18:08:07,834 - root - INFO - Epoch [574/10000], Train Loss: 0.0344, R2: 0.9502, RMSE: 0.1855 | Valid Loss: 0.0808, R2: 0.6627, RMSE: 0.2843
2026-02-22 18:08:08,106 - root - INFO - Epoch [575/10000], Train Loss: 0.0331, R2: 0.9521, RMSE: 0.1821 | Valid Loss: 0.0819, R2: 0.6582, RMSE: 0.2862
2026-02-22 18:08:08,368 - root - INFO - Epoch [576/10000], Train Loss: 0.0335, R2: 0.9516, RMSE: 0.1829 | Valid Loss: 0.0805, R2: 0.6642, RMSE: 0.2837
2026-02-22 18:08:08,654 - root - INFO - Epoch [577/10000], Train Loss: 0.0334, R2: 0.9517, RMSE: 0.1828 | Valid Loss: 0.0809, R2: 0.6623, RMSE: 0.2845
2026-02-22 18:08:08,944 - root - INFO - Epoch [578/10000], Train Loss: 0.0336, R2: 0.9514, RMSE: 0.1834 | Valid Loss: 0.0814, R2: 0.6604, RMSE: 0.2853
2026-02-22 18:08:09,219 - root - INFO - Epoch [579/10000], Train Loss: 0.0334, R2: 0.9516, RMSE: 0.1828 | Valid Loss: 0.0798, R2: 0.6671, RMSE: 0.2824
2026-02-22 18:08:09,493 - root - INFO - Epoch [580/10000], Train Loss: 0.0337, R2: 0.9512, RMSE: 0.1837 | Valid Loss: 0.0795, R2: 0.6681, RMSE: 0.2820
2026-02-22 18:08:09,793 - root - INFO - Epoch [581/10000], Train Loss: 0.0333, R2: 0.9519, RMSE: 0.1825 | Valid Loss: 0.0797, R2: 0.6672, RMSE: 0.2824
2026-02-22 18:08:10,022 - root - INFO - Epoch [582/10000], Train Loss: 0.0332, R2: 0.9520, RMSE: 0.1823 | Valid Loss: 0.0803, R2: 0.6650, RMSE: 0.2833
2026-02-22 18:08:10,246 - root - INFO - Epoch [583/10000], Train Loss: 0.0334, R2: 0.9516, RMSE: 0.1829 | Valid Loss: 0.0803, R2: 0.6649, RMSE: 0.2834
2026-02-22 18:08:10,504 - root - INFO - Epoch [584/10000], Train Loss: 0.0329, R2: 0.9523, RMSE: 0.1815 | Valid Loss: 0.0803, R2: 0.6648, RMSE: 0.2834
2026-02-22 18:08:10,810 - root - INFO - Epoch [585/10000], Train Loss: 0.0330, R2: 0.9523, RMSE: 0.1817 | Valid Loss: 0.0800, R2: 0.6661, RMSE: 0.2829
2026-02-22 18:08:11,206 - root - INFO - Epoch [586/10000], Train Loss: 0.0328, R2: 0.9525, RMSE: 0.1811 | Valid Loss: 0.0793, R2: 0.6690, RMSE: 0.2816
2026-02-22 18:08:11,548 - root - INFO - Epoch [587/10000], Train Loss: 0.0331, R2: 0.9521, RMSE: 0.1819 | Valid Loss: 0.0786, R2: 0.6722, RMSE: 0.2803
2026-02-22 18:08:11,852 - root - INFO - Epoch [588/10000], Train Loss: 0.0331, R2: 0.9522, RMSE: 0.1818 | Valid Loss: 0.0790, R2: 0.6702, RMSE: 0.2811
2026-02-22 18:08:12,229 - root - INFO - Epoch [589/10000], Train Loss: 0.0334, R2: 0.9516, RMSE: 0.1828 | Valid Loss: 0.0806, R2: 0.6635, RMSE: 0.2839
2026-02-22 18:08:12,516 - root - INFO - Epoch [590/10000], Train Loss: 0.0338, R2: 0.9512, RMSE: 0.1837 | Valid Loss: 0.0799, R2: 0.6664, RMSE: 0.2827
2026-02-22 18:08:12,824 - root - INFO - Epoch [591/10000], Train Loss: 0.0331, R2: 0.9521, RMSE: 0.1819 | Valid Loss: 0.0804, R2: 0.6643, RMSE: 0.2836
2026-02-22 18:08:13,238 - root - INFO - Epoch [592/10000], Train Loss: 0.0334, R2: 0.9517, RMSE: 0.1828 | Valid Loss: 0.0799, R2: 0.6664, RMSE: 0.2827
2026-02-22 18:08:13,603 - root - INFO - Epoch [593/10000], Train Loss: 0.0332, R2: 0.9520, RMSE: 0.1822 | Valid Loss: 0.0783, R2: 0.6730, RMSE: 0.2799
2026-02-22 18:08:14,025 - root - INFO - Epoch [594/10000], Train Loss: 0.0328, R2: 0.9526, RMSE: 0.1811 | Valid Loss: 0.0795, R2: 0.6682, RMSE: 0.2819
2026-02-22 18:08:14,341 - root - INFO - Epoch [595/10000], Train Loss: 0.0329, R2: 0.9525, RMSE: 0.1813 | Valid Loss: 0.0791, R2: 0.6699, RMSE: 0.2812
2026-02-22 18:08:14,655 - root - INFO - Epoch [596/10000], Train Loss: 0.0330, R2: 0.9523, RMSE: 0.1817 | Valid Loss: 0.0788, R2: 0.6711, RMSE: 0.2807
2026-02-22 18:08:14,982 - root - INFO - Epoch [597/10000], Train Loss: 0.0326, R2: 0.9529, RMSE: 0.1805 | Valid Loss: 0.0793, R2: 0.6690, RMSE: 0.2816
2026-02-22 18:08:15,253 - root - INFO - Epoch [598/10000], Train Loss: 0.0330, R2: 0.9523, RMSE: 0.1816 | Valid Loss: 0.0799, R2: 0.6664, RMSE: 0.2827
2026-02-22 18:08:15,538 - root - INFO - Epoch [599/10000], Train Loss: 0.0327, R2: 0.9527, RMSE: 0.1808 | Valid Loss: 0.0800, R2: 0.6662, RMSE: 0.2828
2026-02-22 18:08:15,919 - root - INFO - Epoch [600/10000], Train Loss: 0.0327, R2: 0.9527, RMSE: 0.1809 | Valid Loss: 0.0791, R2: 0.6697, RMSE: 0.2813
2026-02-22 18:08:16,231 - root - INFO - Epoch [601/10000], Train Loss: 0.0325, R2: 0.9529, RMSE: 0.1804 | Valid Loss: 0.0797, R2: 0.6672, RMSE: 0.2824
2026-02-22 18:08:16,512 - root - INFO - Epoch [602/10000], Train Loss: 0.0323, R2: 0.9533, RMSE: 0.1798 | Valid Loss: 0.0787, R2: 0.6717, RMSE: 0.2805
2026-02-22 18:08:16,823 - root - INFO - Epoch [603/10000], Train Loss: 0.0323, R2: 0.9532, RMSE: 0.1798 | Valid Loss: 0.0803, R2: 0.6648, RMSE: 0.2834
2026-02-22 18:08:17,148 - root - INFO - Epoch [604/10000], Train Loss: 0.0323, R2: 0.9533, RMSE: 0.1796 | Valid Loss: 0.0805, R2: 0.6640, RMSE: 0.2838
2026-02-22 18:08:17,508 - root - INFO - Epoch [605/10000], Train Loss: 0.0324, R2: 0.9532, RMSE: 0.1800 | Valid Loss: 0.0806, R2: 0.6637, RMSE: 0.2839
2026-02-22 18:08:17,791 - root - INFO - Epoch [606/10000], Train Loss: 0.0328, R2: 0.9526, RMSE: 0.1810 | Valid Loss: 0.0789, R2: 0.6708, RMSE: 0.2809
2026-02-22 18:08:18,077 - root - INFO - Epoch [607/10000], Train Loss: 0.0326, R2: 0.9529, RMSE: 0.1804 | Valid Loss: 0.0801, R2: 0.6659, RMSE: 0.2829
2026-02-22 18:08:18,384 - root - INFO - Epoch [608/10000], Train Loss: 0.0325, R2: 0.9530, RMSE: 0.1804 | Valid Loss: 0.0789, R2: 0.6707, RMSE: 0.2809
2026-02-22 18:08:18,799 - root - INFO - Epoch [609/10000], Train Loss: 0.0330, R2: 0.9523, RMSE: 0.1815 | Valid Loss: 0.0789, R2: 0.6705, RMSE: 0.2810
2026-02-22 18:08:19,124 - root - INFO - Epoch [610/10000], Train Loss: 0.0321, R2: 0.9535, RMSE: 0.1792 | Valid Loss: 0.0782, R2: 0.6736, RMSE: 0.2797
2026-02-22 18:08:19,394 - root - INFO - Epoch [611/10000], Train Loss: 0.0327, R2: 0.9527, RMSE: 0.1809 | Valid Loss: 0.0792, R2: 0.6697, RMSE: 0.2813
2026-02-22 18:08:19,690 - root - INFO - Epoch [612/10000], Train Loss: 0.0336, R2: 0.9514, RMSE: 0.1833 | Valid Loss: 0.0791, R2: 0.6698, RMSE: 0.2813
2026-02-22 18:08:19,956 - root - INFO - Epoch [613/10000], Train Loss: 0.0328, R2: 0.9526, RMSE: 0.1811 | Valid Loss: 0.0784, R2: 0.6728, RMSE: 0.2800
2026-02-22 18:08:20,262 - root - INFO - Epoch [614/10000], Train Loss: 0.0319, R2: 0.9538, RMSE: 0.1787 | Valid Loss: 0.0780, R2: 0.6745, RMSE: 0.2793
2026-02-22 18:08:20,527 - root - INFO - Epoch [615/10000], Train Loss: 0.0321, R2: 0.9535, RMSE: 0.1793 | Valid Loss: 0.0781, R2: 0.6742, RMSE: 0.2794
2026-02-22 18:08:20,840 - root - INFO - Epoch [616/10000], Train Loss: 0.0319, R2: 0.9539, RMSE: 0.1785 | Valid Loss: 0.0780, R2: 0.6747, RMSE: 0.2792
2026-02-22 18:08:21,226 - root - INFO - Epoch [617/10000], Train Loss: 0.0318, R2: 0.9540, RMSE: 0.1783 | Valid Loss: 0.0789, R2: 0.6707, RMSE: 0.2809
2026-02-22 18:08:21,532 - root - INFO - Epoch [618/10000], Train Loss: 0.0321, R2: 0.9535, RMSE: 0.1792 | Valid Loss: 0.0782, R2: 0.6736, RMSE: 0.2797
2026-02-22 18:08:21,877 - root - INFO - Epoch [619/10000], Train Loss: 0.0321, R2: 0.9536, RMSE: 0.1792 | Valid Loss: 0.0784, R2: 0.6728, RMSE: 0.2800
2026-02-22 18:08:22,199 - root - INFO - Epoch [620/10000], Train Loss: 0.0320, R2: 0.9538, RMSE: 0.1788 | Valid Loss: 0.0790, R2: 0.6705, RMSE: 0.2810
2026-02-22 18:08:22,474 - root - INFO - Epoch [621/10000], Train Loss: 0.0322, R2: 0.9534, RMSE: 0.1795 | Valid Loss: 0.0792, R2: 0.6694, RMSE: 0.2815
2026-02-22 18:08:22,781 - root - INFO - Epoch [622/10000], Train Loss: 0.0323, R2: 0.9533, RMSE: 0.1797 | Valid Loss: 0.0782, R2: 0.6737, RMSE: 0.2796
2026-02-22 18:08:23,023 - root - INFO - Epoch [623/10000], Train Loss: 0.0318, R2: 0.9541, RMSE: 0.1782 | Valid Loss: 0.0788, R2: 0.6712, RMSE: 0.2807
2026-02-22 18:08:23,254 - root - INFO - Epoch [624/10000], Train Loss: 0.0317, R2: 0.9542, RMSE: 0.1780 | Valid Loss: 0.0783, R2: 0.6734, RMSE: 0.2798
2026-02-22 18:08:23,491 - root - INFO - Epoch [625/10000], Train Loss: 0.0319, R2: 0.9538, RMSE: 0.1787 | Valid Loss: 0.0773, R2: 0.6775, RMSE: 0.2780
2026-02-22 18:08:23,779 - root - INFO - Epoch [626/10000], Train Loss: 0.0317, R2: 0.9541, RMSE: 0.1781 | Valid Loss: 0.0777, R2: 0.6759, RMSE: 0.2787
2026-02-22 18:08:24,048 - root - INFO - Epoch [627/10000], Train Loss: 0.0315, R2: 0.9544, RMSE: 0.1775 | Valid Loss: 0.0774, R2: 0.6768, RMSE: 0.2783
2026-02-22 18:08:24,351 - root - INFO - Epoch [628/10000], Train Loss: 0.0317, R2: 0.9542, RMSE: 0.1780 | Valid Loss: 0.0766, R2: 0.6801, RMSE: 0.2768
2026-02-22 18:08:24,632 - root - INFO - Epoch [629/10000], Train Loss: 0.0318, R2: 0.9539, RMSE: 0.1784 | Valid Loss: 0.0783, R2: 0.6733, RMSE: 0.2798
2026-02-22 18:08:25,005 - root - INFO - Epoch [630/10000], Train Loss: 0.0315, R2: 0.9544, RMSE: 0.1776 | Valid Loss: 0.0773, R2: 0.6775, RMSE: 0.2780
2026-02-22 18:08:25,300 - root - INFO - Epoch [631/10000], Train Loss: 0.0322, R2: 0.9534, RMSE: 0.1795 | Valid Loss: 0.0765, R2: 0.6806, RMSE: 0.2766
2026-02-22 18:08:25,580 - root - INFO - Epoch [632/10000], Train Loss: 0.0314, R2: 0.9546, RMSE: 0.1772 | Valid Loss: 0.0762, R2: 0.6819, RMSE: 0.2761
2026-02-22 18:08:25,936 - root - INFO - Epoch [633/10000], Train Loss: 0.0315, R2: 0.9544, RMSE: 0.1775 | Valid Loss: 0.0775, R2: 0.6765, RMSE: 0.2784
2026-02-22 18:08:26,228 - root - INFO - Epoch [634/10000], Train Loss: 0.0314, R2: 0.9546, RMSE: 0.1772 | Valid Loss: 0.0773, R2: 0.6776, RMSE: 0.2780
2026-02-22 18:08:26,521 - root - INFO - Epoch [635/10000], Train Loss: 0.0324, R2: 0.9532, RMSE: 0.1799 | Valid Loss: 0.0782, R2: 0.6736, RMSE: 0.2797
2026-02-22 18:08:26,838 - root - INFO - Epoch [636/10000], Train Loss: 0.0340, R2: 0.9508, RMSE: 0.1845 | Valid Loss: 0.0753, R2: 0.6858, RMSE: 0.2744
2026-02-22 18:08:27,146 - root - INFO - Epoch [637/10000], Train Loss: 0.0350, R2: 0.9494, RMSE: 0.1870 | Valid Loss: 0.0784, R2: 0.6726, RMSE: 0.2801
2026-02-22 18:08:27,427 - root - INFO - Epoch [638/10000], Train Loss: 0.0323, R2: 0.9533, RMSE: 0.1797 | Valid Loss: 0.0773, R2: 0.6775, RMSE: 0.2780
2026-02-22 18:08:27,693 - root - INFO - Epoch [639/10000], Train Loss: 0.0320, R2: 0.9537, RMSE: 0.1790 | Valid Loss: 0.0784, R2: 0.6730, RMSE: 0.2799
2026-02-22 18:08:27,992 - root - INFO - Epoch [640/10000], Train Loss: 0.0311, R2: 0.9550, RMSE: 0.1764 | Valid Loss: 0.0763, R2: 0.6814, RMSE: 0.2763
2026-02-22 18:08:28,287 - root - INFO - Epoch [641/10000], Train Loss: 0.0314, R2: 0.9546, RMSE: 0.1771 | Valid Loss: 0.0769, R2: 0.6791, RMSE: 0.2773
2026-02-22 18:08:28,584 - root - INFO - Epoch [642/10000], Train Loss: 0.0312, R2: 0.9548, RMSE: 0.1767 | Valid Loss: 0.0766, R2: 0.6804, RMSE: 0.2767
2026-02-22 18:08:28,986 - root - INFO - Epoch [643/10000], Train Loss: 0.0311, R2: 0.9550, RMSE: 0.1765 | Valid Loss: 0.0762, R2: 0.6820, RMSE: 0.2760
2026-02-22 18:08:29,336 - root - INFO - Epoch [644/10000], Train Loss: 0.0312, R2: 0.9549, RMSE: 0.1765 | Valid Loss: 0.0772, R2: 0.6777, RMSE: 0.2779
2026-02-22 18:08:29,633 - root - INFO - Epoch [645/10000], Train Loss: 0.0311, R2: 0.9551, RMSE: 0.1763 | Valid Loss: 0.0787, R2: 0.6714, RMSE: 0.2806
2026-02-22 18:08:29,944 - root - INFO - Epoch [646/10000], Train Loss: 0.0309, R2: 0.9553, RMSE: 0.1758 | Valid Loss: 0.0773, R2: 0.6772, RMSE: 0.2781
2026-02-22 18:08:30,278 - root - INFO - Epoch [647/10000], Train Loss: 0.0315, R2: 0.9544, RMSE: 0.1775 | Valid Loss: 0.0770, R2: 0.6788, RMSE: 0.2774
2026-02-22 18:08:30,582 - root - INFO - Epoch [648/10000], Train Loss: 0.0310, R2: 0.9551, RMSE: 0.1761 | Valid Loss: 0.0769, R2: 0.6791, RMSE: 0.2773
2026-02-22 18:08:30,891 - root - INFO - Epoch [649/10000], Train Loss: 0.0309, R2: 0.9553, RMSE: 0.1757 | Valid Loss: 0.0771, R2: 0.6781, RMSE: 0.2777
2026-02-22 18:08:31,235 - root - INFO - Epoch [650/10000], Train Loss: 0.0309, R2: 0.9553, RMSE: 0.1758 | Valid Loss: 0.0767, R2: 0.6800, RMSE: 0.2769
2026-02-22 18:08:31,525 - root - INFO - Epoch [651/10000], Train Loss: 0.0315, R2: 0.9544, RMSE: 0.1775 | Valid Loss: 0.0760, R2: 0.6827, RMSE: 0.2757
2026-02-22 18:08:31,846 - root - INFO - Epoch [652/10000], Train Loss: 0.0311, R2: 0.9551, RMSE: 0.1763 | Valid Loss: 0.0762, R2: 0.6818, RMSE: 0.2761
2026-02-22 18:08:32,189 - root - INFO - Epoch [653/10000], Train Loss: 0.0312, R2: 0.9549, RMSE: 0.1766 | Valid Loss: 0.0754, R2: 0.6855, RMSE: 0.2745
2026-02-22 18:08:32,441 - root - INFO - Epoch [654/10000], Train Loss: 0.0309, R2: 0.9554, RMSE: 0.1757 | Valid Loss: 0.0770, R2: 0.6788, RMSE: 0.2774
2026-02-22 18:08:32,717 - root - INFO - Epoch [655/10000], Train Loss: 0.0319, R2: 0.9538, RMSE: 0.1787 | Valid Loss: 0.0771, R2: 0.6781, RMSE: 0.2777
2026-02-22 18:08:32,994 - root - INFO - Epoch [656/10000], Train Loss: 0.0310, R2: 0.9552, RMSE: 0.1760 | Valid Loss: 0.0768, R2: 0.6796, RMSE: 0.2771
2026-02-22 18:08:33,282 - root - INFO - Epoch [657/10000], Train Loss: 0.0306, R2: 0.9558, RMSE: 0.1749 | Valid Loss: 0.0764, R2: 0.6813, RMSE: 0.2763
2026-02-22 18:08:33,581 - root - INFO - Epoch [658/10000], Train Loss: 0.0310, R2: 0.9552, RMSE: 0.1760 | Valid Loss: 0.0757, R2: 0.6843, RMSE: 0.2750
2026-02-22 18:08:33,885 - root - INFO - Epoch [659/10000], Train Loss: 0.0306, R2: 0.9558, RMSE: 0.1748 | Valid Loss: 0.0754, R2: 0.6854, RMSE: 0.2746
2026-02-22 18:08:34,166 - root - INFO - Epoch [660/10000], Train Loss: 0.0336, R2: 0.9514, RMSE: 0.1833 | Valid Loss: 0.0740, R2: 0.6913, RMSE: 0.2720
2026-02-22 18:08:34,456 - root - INFO - Epoch [661/10000], Train Loss: 0.0312, R2: 0.9549, RMSE: 0.1765 | Valid Loss: 0.0765, R2: 0.6806, RMSE: 0.2766
2026-02-22 18:08:34,801 - root - INFO - Epoch [662/10000], Train Loss: 0.0311, R2: 0.9550, RMSE: 0.1765 | Valid Loss: 0.0754, R2: 0.6854, RMSE: 0.2746
2026-02-22 18:08:35,104 - root - INFO - Epoch [663/10000], Train Loss: 0.0310, R2: 0.9552, RMSE: 0.1760 | Valid Loss: 0.0770, R2: 0.6785, RMSE: 0.2776
2026-02-22 18:08:35,387 - root - INFO - Epoch [664/10000], Train Loss: 0.0306, R2: 0.9558, RMSE: 0.1749 | Valid Loss: 0.0766, R2: 0.6804, RMSE: 0.2767
2026-02-22 18:08:35,671 - root - INFO - Epoch [665/10000], Train Loss: 0.0307, R2: 0.9556, RMSE: 0.1751 | Valid Loss: 0.0759, R2: 0.6833, RMSE: 0.2755
2026-02-22 18:08:35,963 - root - INFO - Epoch [666/10000], Train Loss: 0.0305, R2: 0.9559, RMSE: 0.1747 | Valid Loss: 0.0750, R2: 0.6872, RMSE: 0.2738
2026-02-22 18:08:36,239 - root - INFO - Epoch [667/10000], Train Loss: 0.0303, R2: 0.9561, RMSE: 0.1742 | Valid Loss: 0.0764, R2: 0.6812, RMSE: 0.2764
2026-02-22 18:08:36,640 - root - INFO - Epoch [668/10000], Train Loss: 0.0308, R2: 0.9555, RMSE: 0.1755 | Valid Loss: 0.0748, R2: 0.6880, RMSE: 0.2734
2026-02-22 18:08:36,985 - root - INFO - Epoch [669/10000], Train Loss: 0.0310, R2: 0.9551, RMSE: 0.1762 | Valid Loss: 0.0760, R2: 0.6830, RMSE: 0.2756
2026-02-22 18:08:37,265 - root - INFO - Epoch [670/10000], Train Loss: 0.0312, R2: 0.9549, RMSE: 0.1765 | Valid Loss: 0.0750, R2: 0.6869, RMSE: 0.2739
2026-02-22 18:08:37,553 - root - INFO - Epoch [671/10000], Train Loss: 0.0309, R2: 0.9552, RMSE: 0.1759 | Valid Loss: 0.0762, R2: 0.6819, RMSE: 0.2761
2026-02-22 18:08:37,898 - root - INFO - Epoch [672/10000], Train Loss: 0.0302, R2: 0.9563, RMSE: 0.1737 | Valid Loss: 0.0749, R2: 0.6874, RMSE: 0.2737
2026-02-22 18:08:38,181 - root - INFO - Epoch [673/10000], Train Loss: 0.0304, R2: 0.9561, RMSE: 0.1743 | Valid Loss: 0.0754, R2: 0.6854, RMSE: 0.2746
2026-02-22 18:08:38,453 - root - INFO - Epoch [674/10000], Train Loss: 0.0302, R2: 0.9564, RMSE: 0.1737 | Valid Loss: 0.0751, R2: 0.6864, RMSE: 0.2741
2026-02-22 18:08:38,745 - root - INFO - Epoch [675/10000], Train Loss: 0.0302, R2: 0.9563, RMSE: 0.1738 | Valid Loss: 0.0752, R2: 0.6862, RMSE: 0.2742
2026-02-22 18:08:39,051 - root - INFO - Epoch [676/10000], Train Loss: 0.0305, R2: 0.9559, RMSE: 0.1746 | Valid Loss: 0.0759, R2: 0.6833, RMSE: 0.2755
2026-02-22 18:08:39,366 - root - INFO - Epoch [677/10000], Train Loss: 0.0319, R2: 0.9539, RMSE: 0.1785 | Valid Loss: 0.0736, R2: 0.6930, RMSE: 0.2712
2026-02-22 18:08:39,690 - root - INFO - Epoch [678/10000], Train Loss: 0.0320, R2: 0.9537, RMSE: 0.1789 | Valid Loss: 0.0754, R2: 0.6852, RMSE: 0.2746
2026-02-22 18:08:40,042 - root - INFO - Epoch [679/10000], Train Loss: 0.0312, R2: 0.9548, RMSE: 0.1768 | Valid Loss: 0.0745, R2: 0.6890, RMSE: 0.2730
2026-02-22 18:08:40,323 - root - INFO - Epoch [680/10000], Train Loss: 0.0307, R2: 0.9556, RMSE: 0.1752 | Valid Loss: 0.0767, R2: 0.6800, RMSE: 0.2769
2026-02-22 18:08:40,615 - root - INFO - Epoch [681/10000], Train Loss: 0.0307, R2: 0.9557, RMSE: 0.1751 | Valid Loss: 0.0752, R2: 0.6862, RMSE: 0.2742
2026-02-22 18:08:40,977 - root - INFO - Epoch [682/10000], Train Loss: 0.0308, R2: 0.9554, RMSE: 0.1756 | Valid Loss: 0.0769, R2: 0.6789, RMSE: 0.2774
2026-02-22 18:08:41,254 - root - INFO - Epoch [683/10000], Train Loss: 0.0311, R2: 0.9550, RMSE: 0.1764 | Valid Loss: 0.0750, R2: 0.6870, RMSE: 0.2739
2026-02-22 18:08:41,517 - root - INFO - Epoch [684/10000], Train Loss: 0.0301, R2: 0.9564, RMSE: 0.1736 | Valid Loss: 0.0757, R2: 0.6839, RMSE: 0.2752
2026-02-22 18:08:41,805 - root - INFO - Epoch [685/10000], Train Loss: 0.0299, R2: 0.9568, RMSE: 0.1728 | Valid Loss: 0.0756, R2: 0.6847, RMSE: 0.2749
2026-02-22 18:08:42,070 - root - INFO - Epoch [686/10000], Train Loss: 0.0304, R2: 0.9560, RMSE: 0.1745 | Valid Loss: 0.0771, R2: 0.6782, RMSE: 0.2777
2026-02-22 18:08:42,360 - root - INFO - Epoch [687/10000], Train Loss: 0.0310, R2: 0.9552, RMSE: 0.1761 | Valid Loss: 0.0751, R2: 0.6865, RMSE: 0.2741
2026-02-22 18:08:42,592 - root - INFO - Epoch [688/10000], Train Loss: 0.0297, R2: 0.9570, RMSE: 0.1725 | Valid Loss: 0.0760, R2: 0.6827, RMSE: 0.2757
2026-02-22 18:08:42,849 - root - INFO - Epoch [689/10000], Train Loss: 0.0301, R2: 0.9565, RMSE: 0.1735 | Valid Loss: 0.0749, R2: 0.6874, RMSE: 0.2737
2026-02-22 18:08:43,126 - root - INFO - Epoch [690/10000], Train Loss: 0.0297, R2: 0.9571, RMSE: 0.1722 | Valid Loss: 0.0757, R2: 0.6841, RMSE: 0.2751
2026-02-22 18:08:43,440 - root - INFO - Epoch [691/10000], Train Loss: 0.0299, R2: 0.9567, RMSE: 0.1730 | Valid Loss: 0.0742, R2: 0.6902, RMSE: 0.2724
2026-02-22 18:08:43,728 - root - INFO - Epoch [692/10000], Train Loss: 0.0299, R2: 0.9567, RMSE: 0.1730 | Valid Loss: 0.0748, R2: 0.6878, RMSE: 0.2735
2026-02-22 18:08:44,025 - root - INFO - Epoch [693/10000], Train Loss: 0.0301, R2: 0.9565, RMSE: 0.1734 | Valid Loss: 0.0746, R2: 0.6885, RMSE: 0.2732
2026-02-22 18:08:44,337 - root - INFO - Epoch [694/10000], Train Loss: 0.0304, R2: 0.9560, RMSE: 0.1744 | Valid Loss: 0.0742, R2: 0.6905, RMSE: 0.2723
2026-02-22 18:08:44,614 - root - INFO - Epoch [695/10000], Train Loss: 0.0302, R2: 0.9563, RMSE: 0.1738 | Valid Loss: 0.0752, R2: 0.6862, RMSE: 0.2742
2026-02-22 18:08:44,886 - root - INFO - Epoch [696/10000], Train Loss: 0.0303, R2: 0.9562, RMSE: 0.1741 | Valid Loss: 0.0742, R2: 0.6905, RMSE: 0.2723
2026-02-22 18:08:45,175 - root - INFO - Epoch [697/10000], Train Loss: 0.0301, R2: 0.9564, RMSE: 0.1736 | Valid Loss: 0.0752, R2: 0.6864, RMSE: 0.2741
2026-02-22 18:08:45,546 - root - INFO - Epoch [698/10000], Train Loss: 0.0303, R2: 0.9561, RMSE: 0.1742 | Valid Loss: 0.0738, R2: 0.6919, RMSE: 0.2717
2026-02-22 18:08:45,843 - root - INFO - Epoch [699/10000], Train Loss: 0.0295, R2: 0.9574, RMSE: 0.1716 | Valid Loss: 0.0753, R2: 0.6859, RMSE: 0.2744
2026-02-22 18:08:46,119 - root - INFO - Epoch [700/10000], Train Loss: 0.0296, R2: 0.9572, RMSE: 0.1720 | Valid Loss: 0.0745, R2: 0.6891, RMSE: 0.2730
2026-02-22 18:08:46,435 - root - INFO - Epoch [701/10000], Train Loss: 0.0295, R2: 0.9573, RMSE: 0.1718 | Valid Loss: 0.0741, R2: 0.6907, RMSE: 0.2722
2026-02-22 18:08:46,730 - root - INFO - Epoch [702/10000], Train Loss: 0.0294, R2: 0.9575, RMSE: 0.1715 | Valid Loss: 0.0731, R2: 0.6949, RMSE: 0.2704
2026-02-22 18:08:47,013 - root - INFO - Epoch [703/10000], Train Loss: 0.0298, R2: 0.9569, RMSE: 0.1725 | Valid Loss: 0.0748, R2: 0.6876, RMSE: 0.2736
2026-02-22 18:08:47,287 - root - INFO - Epoch [704/10000], Train Loss: 0.0298, R2: 0.9570, RMSE: 0.1725 | Valid Loss: 0.0744, R2: 0.6896, RMSE: 0.2727
2026-02-22 18:08:47,627 - root - INFO - Epoch [705/10000], Train Loss: 0.0297, R2: 0.9570, RMSE: 0.1724 | Valid Loss: 0.0741, R2: 0.6909, RMSE: 0.2721
2026-02-22 18:08:47,920 - root - INFO - Epoch [706/10000], Train Loss: 0.0296, R2: 0.9573, RMSE: 0.1719 | Valid Loss: 0.0757, R2: 0.6840, RMSE: 0.2752
2026-02-22 18:08:48,199 - root - INFO - Epoch [707/10000], Train Loss: 0.0321, R2: 0.9536, RMSE: 0.1791 | Valid Loss: 0.0732, R2: 0.6946, RMSE: 0.2705
2026-02-22 18:08:48,448 - root - INFO - Epoch [708/10000], Train Loss: 0.0303, R2: 0.9562, RMSE: 0.1740 | Valid Loss: 0.0732, R2: 0.6946, RMSE: 0.2705
2026-02-22 18:08:48,740 - root - INFO - Epoch [709/10000], Train Loss: 0.0308, R2: 0.9554, RMSE: 0.1756 | Valid Loss: 0.0736, R2: 0.6930, RMSE: 0.2712
2026-02-22 18:08:49,043 - root - INFO - Epoch [710/10000], Train Loss: 0.0308, R2: 0.9554, RMSE: 0.1756 | Valid Loss: 0.0737, R2: 0.6923, RMSE: 0.2715
2026-02-22 18:08:49,304 - root - INFO - Epoch [711/10000], Train Loss: 0.0294, R2: 0.9574, RMSE: 0.1716 | Valid Loss: 0.0735, R2: 0.6934, RMSE: 0.2711
2026-02-22 18:08:49,573 - root - INFO - Epoch [712/10000], Train Loss: 0.0294, R2: 0.9575, RMSE: 0.1715 | Valid Loss: 0.0739, R2: 0.6915, RMSE: 0.2719
2026-02-22 18:08:49,851 - root - INFO - Epoch [713/10000], Train Loss: 0.0295, R2: 0.9573, RMSE: 0.1718 | Valid Loss: 0.0739, R2: 0.6916, RMSE: 0.2718
2026-02-22 18:08:50,105 - root - INFO - Epoch [714/10000], Train Loss: 0.0294, R2: 0.9575, RMSE: 0.1713 | Valid Loss: 0.0738, R2: 0.6918, RMSE: 0.2717
2026-02-22 18:08:50,374 - root - INFO - Epoch [715/10000], Train Loss: 0.0294, R2: 0.9575, RMSE: 0.1714 | Valid Loss: 0.0735, R2: 0.6933, RMSE: 0.2711
2026-02-22 18:08:50,639 - root - INFO - Epoch [716/10000], Train Loss: 0.0295, R2: 0.9574, RMSE: 0.1716 | Valid Loss: 0.0737, R2: 0.6924, RMSE: 0.2715
2026-02-22 18:08:50,911 - root - INFO - Epoch [717/10000], Train Loss: 0.0313, R2: 0.9547, RMSE: 0.1770 | Valid Loss: 0.0745, R2: 0.6890, RMSE: 0.2730
2026-02-22 18:08:51,195 - root - INFO - Epoch [718/10000], Train Loss: 0.0303, R2: 0.9561, RMSE: 0.1742 | Valid Loss: 0.0727, R2: 0.6966, RMSE: 0.2696
2026-02-22 18:08:51,451 - root - INFO - Epoch [719/10000], Train Loss: 0.0290, R2: 0.9581, RMSE: 0.1702 | Valid Loss: 0.0734, R2: 0.6937, RMSE: 0.2709
2026-02-22 18:08:51,712 - root - INFO - Epoch [720/10000], Train Loss: 0.0293, R2: 0.9577, RMSE: 0.1710 | Valid Loss: 0.0726, R2: 0.6969, RMSE: 0.2695
2026-02-22 18:08:51,996 - root - INFO - Epoch [721/10000], Train Loss: 0.0301, R2: 0.9565, RMSE: 0.1734 | Valid Loss: 0.0736, R2: 0.6929, RMSE: 0.2713
2026-02-22 18:08:52,275 - root - INFO - Epoch [722/10000], Train Loss: 0.0296, R2: 0.9572, RMSE: 0.1720 | Valid Loss: 0.0750, R2: 0.6869, RMSE: 0.2739
2026-02-22 18:08:52,569 - root - INFO - Epoch [723/10000], Train Loss: 0.0297, R2: 0.9570, RMSE: 0.1724 | Valid Loss: 0.0742, R2: 0.6904, RMSE: 0.2723
2026-02-22 18:08:52,885 - root - INFO - Epoch [724/10000], Train Loss: 0.0295, R2: 0.9573, RMSE: 0.1719 | Valid Loss: 0.0725, R2: 0.6976, RMSE: 0.2692
2026-02-22 18:08:53,267 - root - INFO - Epoch [725/10000], Train Loss: 0.0292, R2: 0.9577, RMSE: 0.1710 | Valid Loss: 0.0733, R2: 0.6941, RMSE: 0.2707
2026-02-22 18:08:53,546 - root - INFO - Epoch [726/10000], Train Loss: 0.0289, R2: 0.9582, RMSE: 0.1700 | Valid Loss: 0.0729, R2: 0.6956, RMSE: 0.2701
2026-02-22 18:08:53,835 - root - INFO - Epoch [727/10000], Train Loss: 0.0290, R2: 0.9580, RMSE: 0.1704 | Valid Loss: 0.0739, R2: 0.6914, RMSE: 0.2719
2026-02-22 18:08:54,125 - root - INFO - Epoch [728/10000], Train Loss: 0.0297, R2: 0.9571, RMSE: 0.1723 | Valid Loss: 0.0721, R2: 0.6992, RMSE: 0.2685
2026-02-22 18:08:54,401 - root - INFO - Epoch [729/10000], Train Loss: 0.0289, R2: 0.9582, RMSE: 0.1701 | Valid Loss: 0.0734, R2: 0.6939, RMSE: 0.2708
2026-02-22 18:08:54,688 - root - INFO - Epoch [730/10000], Train Loss: 0.0292, R2: 0.9578, RMSE: 0.1708 | Valid Loss: 0.0727, R2: 0.6967, RMSE: 0.2696
2026-02-22 18:08:54,932 - root - INFO - Epoch [731/10000], Train Loss: 0.0291, R2: 0.9579, RMSE: 0.1705 | Valid Loss: 0.0726, R2: 0.6969, RMSE: 0.2695
2026-02-22 18:08:55,215 - root - INFO - Epoch [732/10000], Train Loss: 0.0295, R2: 0.9574, RMSE: 0.1717 | Valid Loss: 0.0731, R2: 0.6949, RMSE: 0.2704
2026-02-22 18:08:55,492 - root - INFO - Epoch [733/10000], Train Loss: 0.0291, R2: 0.9579, RMSE: 0.1706 | Valid Loss: 0.0721, R2: 0.6993, RMSE: 0.2684
2026-02-22 18:08:55,819 - root - INFO - Epoch [734/10000], Train Loss: 0.0290, R2: 0.9580, RMSE: 0.1704 | Valid Loss: 0.0721, R2: 0.6989, RMSE: 0.2686
2026-02-22 18:08:56,094 - root - INFO - Epoch [735/10000], Train Loss: 0.0299, R2: 0.9567, RMSE: 0.1730 | Valid Loss: 0.0715, R2: 0.7014, RMSE: 0.2675
2026-02-22 18:08:56,345 - root - INFO - Epoch [736/10000], Train Loss: 0.0291, R2: 0.9579, RMSE: 0.1706 | Valid Loss: 0.0726, R2: 0.6972, RMSE: 0.2694
2026-02-22 18:08:56,586 - root - INFO - Epoch [737/10000], Train Loss: 0.0286, R2: 0.9586, RMSE: 0.1692 | Valid Loss: 0.0720, R2: 0.6995, RMSE: 0.2683
2026-02-22 18:08:56,881 - root - INFO - Epoch [738/10000], Train Loss: 0.0287, R2: 0.9585, RMSE: 0.1694 | Valid Loss: 0.0722, R2: 0.6985, RMSE: 0.2688
2026-02-22 18:08:57,178 - root - INFO - Epoch [739/10000], Train Loss: 0.0287, R2: 0.9585, RMSE: 0.1694 | Valid Loss: 0.0729, R2: 0.6957, RMSE: 0.2700
2026-02-22 18:08:57,508 - root - INFO - Epoch [740/10000], Train Loss: 0.0286, R2: 0.9586, RMSE: 0.1692 | Valid Loss: 0.0719, R2: 0.7000, RMSE: 0.2681
2026-02-22 18:08:57,831 - root - INFO - Epoch [741/10000], Train Loss: 0.0294, R2: 0.9574, RMSE: 0.1716 | Valid Loss: 0.0736, R2: 0.6930, RMSE: 0.2712
2026-02-22 18:08:58,128 - root - INFO - Epoch [742/10000], Train Loss: 0.0290, R2: 0.9581, RMSE: 0.1702 | Valid Loss: 0.0726, R2: 0.6971, RMSE: 0.2694
2026-02-22 18:08:58,400 - root - INFO - Epoch [743/10000], Train Loss: 0.0292, R2: 0.9578, RMSE: 0.1708 | Valid Loss: 0.0733, R2: 0.6942, RMSE: 0.2707
2026-02-22 18:08:58,679 - root - INFO - Epoch [744/10000], Train Loss: 0.0288, R2: 0.9583, RMSE: 0.1697 | Valid Loss: 0.0721, R2: 0.6991, RMSE: 0.2685
2026-02-22 18:08:58,976 - root - INFO - Epoch [745/10000], Train Loss: 0.0288, R2: 0.9583, RMSE: 0.1697 | Valid Loss: 0.0716, R2: 0.7012, RMSE: 0.2676
2026-02-22 18:08:59,282 - root - INFO - Epoch [746/10000], Train Loss: 0.0288, R2: 0.9583, RMSE: 0.1697 | Valid Loss: 0.0724, R2: 0.6977, RMSE: 0.2691
2026-02-22 18:08:59,555 - root - INFO - Epoch [747/10000], Train Loss: 0.0288, R2: 0.9584, RMSE: 0.1697 | Valid Loss: 0.0719, R2: 0.7001, RMSE: 0.2681
2026-02-22 18:08:59,894 - root - INFO - Epoch [748/10000], Train Loss: 0.0298, R2: 0.9569, RMSE: 0.1726 | Valid Loss: 0.0732, R2: 0.6947, RMSE: 0.2705
2026-02-22 18:09:00,207 - root - INFO - Epoch [749/10000], Train Loss: 0.0292, R2: 0.9578, RMSE: 0.1709 | Valid Loss: 0.0714, R2: 0.7019, RMSE: 0.2672
2026-02-22 18:09:00,472 - root - INFO - Epoch [750/10000], Train Loss: 0.0284, R2: 0.9589, RMSE: 0.1686 | Valid Loss: 0.0731, R2: 0.6949, RMSE: 0.2704
2026-02-22 18:09:00,740 - root - INFO - Epoch [751/10000], Train Loss: 0.0304, R2: 0.9561, RMSE: 0.1743 | Valid Loss: 0.0708, R2: 0.7045, RMSE: 0.2661
2026-02-22 18:09:01,039 - root - INFO - Epoch [752/10000], Train Loss: 0.0300, R2: 0.9565, RMSE: 0.1733 | Valid Loss: 0.0731, R2: 0.6949, RMSE: 0.2704
2026-02-22 18:09:01,356 - root - INFO - Epoch [753/10000], Train Loss: 0.0288, R2: 0.9583, RMSE: 0.1698 | Valid Loss: 0.0713, R2: 0.7023, RMSE: 0.2671
2026-02-22 18:09:01,633 - root - INFO - Epoch [754/10000], Train Loss: 0.0285, R2: 0.9588, RMSE: 0.1688 | Valid Loss: 0.0712, R2: 0.7028, RMSE: 0.2669
2026-02-22 18:09:01,913 - root - INFO - Epoch [755/10000], Train Loss: 0.0291, R2: 0.9580, RMSE: 0.1705 | Valid Loss: 0.0718, R2: 0.7005, RMSE: 0.2679
2026-02-22 18:09:02,263 - root - INFO - Epoch [756/10000], Train Loss: 0.0288, R2: 0.9584, RMSE: 0.1696 | Valid Loss: 0.0711, R2: 0.7031, RMSE: 0.2667
2026-02-22 18:09:02,632 - root - INFO - Epoch [757/10000], Train Loss: 0.0286, R2: 0.9586, RMSE: 0.1693 | Valid Loss: 0.0730, R2: 0.6952, RMSE: 0.2702
2026-02-22 18:09:02,920 - root - INFO - Epoch [758/10000], Train Loss: 0.0301, R2: 0.9565, RMSE: 0.1735 | Valid Loss: 0.0709, R2: 0.7040, RMSE: 0.2663
2026-02-22 18:09:03,226 - root - INFO - Epoch [759/10000], Train Loss: 0.0288, R2: 0.9584, RMSE: 0.1697 | Valid Loss: 0.0718, R2: 0.7004, RMSE: 0.2679
2026-02-22 18:09:03,511 - root - INFO - Epoch [760/10000], Train Loss: 0.0284, R2: 0.9589, RMSE: 0.1685 | Valid Loss: 0.0724, R2: 0.6977, RMSE: 0.2691
2026-02-22 18:09:03,818 - root - INFO - Epoch [761/10000], Train Loss: 0.0282, R2: 0.9591, RMSE: 0.1681 | Valid Loss: 0.0712, R2: 0.7028, RMSE: 0.2669
2026-02-22 18:09:04,152 - root - INFO - Epoch [762/10000], Train Loss: 0.0282, R2: 0.9592, RMSE: 0.1680 | Valid Loss: 0.0714, R2: 0.7021, RMSE: 0.2672
2026-02-22 18:09:04,438 - root - INFO - Epoch [763/10000], Train Loss: 0.0282, R2: 0.9591, RMSE: 0.1681 | Valid Loss: 0.0717, R2: 0.7006, RMSE: 0.2678
2026-02-22 18:09:04,715 - root - INFO - Epoch [764/10000], Train Loss: 0.0284, R2: 0.9589, RMSE: 0.1687 | Valid Loss: 0.0716, R2: 0.7012, RMSE: 0.2676
2026-02-22 18:09:04,976 - root - INFO - Epoch [765/10000], Train Loss: 0.0285, R2: 0.9588, RMSE: 0.1688 | Valid Loss: 0.0705, R2: 0.7057, RMSE: 0.2655
2026-02-22 18:09:05,273 - root - INFO - Epoch [766/10000], Train Loss: 0.0286, R2: 0.9587, RMSE: 0.1690 | Valid Loss: 0.0709, R2: 0.7043, RMSE: 0.2662
2026-02-22 18:09:05,523 - root - INFO - Epoch [767/10000], Train Loss: 0.0295, R2: 0.9573, RMSE: 0.1718 | Valid Loss: 0.0730, R2: 0.6951, RMSE: 0.2703
2026-02-22 18:09:05,753 - root - INFO - Epoch [768/10000], Train Loss: 0.0284, R2: 0.9589, RMSE: 0.1686 | Valid Loss: 0.0724, R2: 0.6980, RMSE: 0.2690
2026-02-22 18:09:06,037 - root - INFO - Epoch [769/10000], Train Loss: 0.0289, R2: 0.9582, RMSE: 0.1699 | Valid Loss: 0.0713, R2: 0.7022, RMSE: 0.2671
2026-02-22 18:09:06,321 - root - INFO - Epoch [770/10000], Train Loss: 0.0295, R2: 0.9574, RMSE: 0.1717 | Valid Loss: 0.0716, R2: 0.7010, RMSE: 0.2677
2026-02-22 18:09:06,597 - root - INFO - Epoch [771/10000], Train Loss: 0.0284, R2: 0.9589, RMSE: 0.1686 | Valid Loss: 0.0707, R2: 0.7048, RMSE: 0.2660
2026-02-22 18:09:06,986 - root - INFO - Epoch [772/10000], Train Loss: 0.0284, R2: 0.9590, RMSE: 0.1684 | Valid Loss: 0.0714, R2: 0.7020, RMSE: 0.2672
2026-02-22 18:09:07,306 - root - INFO - Epoch [773/10000], Train Loss: 0.0284, R2: 0.9590, RMSE: 0.1685 | Valid Loss: 0.0718, R2: 0.7004, RMSE: 0.2679
2026-02-22 18:09:07,611 - root - INFO - Epoch [774/10000], Train Loss: 0.0281, R2: 0.9593, RMSE: 0.1677 | Valid Loss: 0.0724, R2: 0.6979, RMSE: 0.2690
2026-02-22 18:09:07,953 - root - INFO - Epoch [775/10000], Train Loss: 0.0284, R2: 0.9589, RMSE: 0.1685 | Valid Loss: 0.0703, R2: 0.7068, RMSE: 0.2651
2026-02-22 18:09:08,277 - root - INFO - Epoch [776/10000], Train Loss: 0.0281, R2: 0.9593, RMSE: 0.1678 | Valid Loss: 0.0708, R2: 0.7047, RMSE: 0.2660
2026-02-22 18:09:08,573 - root - INFO - Epoch [777/10000], Train Loss: 0.0279, R2: 0.9597, RMSE: 0.1669 | Valid Loss: 0.0704, R2: 0.7061, RMSE: 0.2654
2026-02-22 18:09:08,862 - root - INFO - Epoch [778/10000], Train Loss: 0.0283, R2: 0.9591, RMSE: 0.1682 | Valid Loss: 0.0715, R2: 0.7015, RMSE: 0.2674
2026-02-22 18:09:09,168 - root - INFO - Epoch [779/10000], Train Loss: 0.0282, R2: 0.9593, RMSE: 0.1678 | Valid Loss: 0.0706, R2: 0.7052, RMSE: 0.2658
2026-02-22 18:09:09,462 - root - INFO - Epoch [780/10000], Train Loss: 0.0281, R2: 0.9594, RMSE: 0.1676 | Valid Loss: 0.0706, R2: 0.7052, RMSE: 0.2658
2026-02-22 18:09:09,767 - root - INFO - Epoch [781/10000], Train Loss: 0.0295, R2: 0.9573, RMSE: 0.1719 | Valid Loss: 0.0723, R2: 0.6984, RMSE: 0.2688
2026-02-22 18:09:10,099 - root - INFO - Epoch [782/10000], Train Loss: 0.0302, R2: 0.9564, RMSE: 0.1737 | Valid Loss: 0.0700, R2: 0.7077, RMSE: 0.2647
2026-02-22 18:09:10,405 - root - INFO - Epoch [783/10000], Train Loss: 0.0288, R2: 0.9583, RMSE: 0.1697 | Valid Loss: 0.0698, R2: 0.7086, RMSE: 0.2642
2026-02-22 18:09:10,737 - root - INFO - Epoch [784/10000], Train Loss: 0.0279, R2: 0.9596, RMSE: 0.1671 | Valid Loss: 0.0712, R2: 0.7027, RMSE: 0.2669
2026-02-22 18:09:10,981 - root - INFO - Epoch [785/10000], Train Loss: 0.0277, R2: 0.9599, RMSE: 0.1665 | Valid Loss: 0.0698, R2: 0.7087, RMSE: 0.2642
2026-02-22 18:09:11,258 - root - INFO - Epoch [786/10000], Train Loss: 0.0301, R2: 0.9565, RMSE: 0.1735 | Valid Loss: 0.0718, R2: 0.7003, RMSE: 0.2680
2026-02-22 18:09:11,531 - root - INFO - Epoch [787/10000], Train Loss: 0.0278, R2: 0.9598, RMSE: 0.1667 | Valid Loss: 0.0713, R2: 0.7025, RMSE: 0.2670
2026-02-22 18:09:11,814 - root - INFO - Epoch [788/10000], Train Loss: 0.0280, R2: 0.9595, RMSE: 0.1673 | Valid Loss: 0.0707, R2: 0.7050, RMSE: 0.2659
2026-02-22 18:09:12,102 - root - INFO - Epoch [789/10000], Train Loss: 0.0278, R2: 0.9599, RMSE: 0.1666 | Valid Loss: 0.0706, R2: 0.7052, RMSE: 0.2658
2026-02-22 18:09:12,373 - root - INFO - Epoch [790/10000], Train Loss: 0.0276, R2: 0.9601, RMSE: 0.1661 | Valid Loss: 0.0709, R2: 0.7042, RMSE: 0.2662
2026-02-22 18:09:12,671 - root - INFO - Epoch [791/10000], Train Loss: 0.0276, R2: 0.9601, RMSE: 0.1660 | Valid Loss: 0.0702, R2: 0.7071, RMSE: 0.2649
2026-02-22 18:09:12,946 - root - INFO - Epoch [792/10000], Train Loss: 0.0278, R2: 0.9598, RMSE: 0.1667 | Valid Loss: 0.0718, R2: 0.7002, RMSE: 0.2680
2026-02-22 18:09:13,251 - root - INFO - Epoch [793/10000], Train Loss: 0.0279, R2: 0.9596, RMSE: 0.1671 | Valid Loss: 0.0708, R2: 0.7047, RMSE: 0.2660
2026-02-22 18:09:13,521 - root - INFO - Epoch [794/10000], Train Loss: 0.0277, R2: 0.9600, RMSE: 0.1663 | Valid Loss: 0.0697, R2: 0.7090, RMSE: 0.2641
2026-02-22 18:09:13,836 - root - INFO - Epoch [795/10000], Train Loss: 0.0275, R2: 0.9603, RMSE: 0.1657 | Valid Loss: 0.0691, R2: 0.7114, RMSE: 0.2630
2026-02-22 18:09:14,081 - root - INFO - Epoch [796/10000], Train Loss: 0.0279, R2: 0.9596, RMSE: 0.1672 | Valid Loss: 0.0714, R2: 0.7018, RMSE: 0.2673
2026-02-22 18:09:14,371 - root - INFO - Epoch [797/10000], Train Loss: 0.0295, R2: 0.9574, RMSE: 0.1716 | Valid Loss: 0.0709, R2: 0.7039, RMSE: 0.2664
2026-02-22 18:09:14,635 - root - INFO - Epoch [798/10000], Train Loss: 0.0285, R2: 0.9587, RMSE: 0.1690 | Valid Loss: 0.0690, R2: 0.7118, RMSE: 0.2628
2026-02-22 18:09:14,898 - root - INFO - Epoch [799/10000], Train Loss: 0.0281, R2: 0.9593, RMSE: 0.1677 | Valid Loss: 0.0699, R2: 0.7081, RMSE: 0.2645
2026-02-22 18:09:15,287 - root - INFO - Epoch [800/10000], Train Loss: 0.0281, R2: 0.9594, RMSE: 0.1675 | Valid Loss: 0.0689, R2: 0.7123, RMSE: 0.2626
2026-02-22 18:09:15,614 - root - INFO - Epoch [801/10000], Train Loss: 0.0276, R2: 0.9600, RMSE: 0.1662 | Valid Loss: 0.0702, R2: 0.7069, RMSE: 0.2650
2026-02-22 18:09:15,899 - root - INFO - Epoch [802/10000], Train Loss: 0.0274, R2: 0.9604, RMSE: 0.1655 | Valid Loss: 0.0699, R2: 0.7082, RMSE: 0.2644
2026-02-22 18:09:16,198 - root - INFO - Epoch [803/10000], Train Loss: 0.0275, R2: 0.9603, RMSE: 0.1658 | Valid Loss: 0.0695, R2: 0.7099, RMSE: 0.2636
2026-02-22 18:09:16,587 - root - INFO - Epoch [804/10000], Train Loss: 0.0276, R2: 0.9601, RMSE: 0.1661 | Valid Loss: 0.0695, R2: 0.7099, RMSE: 0.2637
2026-02-22 18:09:16,927 - root - INFO - Epoch [805/10000], Train Loss: 0.0273, R2: 0.9605, RMSE: 0.1652 | Valid Loss: 0.0686, R2: 0.7139, RMSE: 0.2618
2026-02-22 18:09:17,226 - root - INFO - Epoch [806/10000], Train Loss: 0.0278, R2: 0.9598, RMSE: 0.1666 | Valid Loss: 0.0695, R2: 0.7101, RMSE: 0.2635
2026-02-22 18:09:17,597 - root - INFO - Epoch [807/10000], Train Loss: 0.0289, R2: 0.9582, RMSE: 0.1701 | Valid Loss: 0.0685, R2: 0.7142, RMSE: 0.2617
2026-02-22 18:09:17,896 - root - INFO - Epoch [808/10000], Train Loss: 0.0275, R2: 0.9602, RMSE: 0.1659 | Valid Loss: 0.0683, R2: 0.7152, RMSE: 0.2612
2026-02-22 18:09:18,193 - root - INFO - Epoch [809/10000], Train Loss: 0.0273, R2: 0.9605, RMSE: 0.1652 | Valid Loss: 0.0685, R2: 0.7143, RMSE: 0.2617
2026-02-22 18:09:18,500 - root - INFO - Epoch [810/10000], Train Loss: 0.0278, R2: 0.9597, RMSE: 0.1668 | Valid Loss: 0.0689, R2: 0.7126, RMSE: 0.2624
2026-02-22 18:09:18,851 - root - INFO - Epoch [811/10000], Train Loss: 0.0281, R2: 0.9594, RMSE: 0.1675 | Valid Loss: 0.0697, R2: 0.7090, RMSE: 0.2641
2026-02-22 18:09:19,146 - root - INFO - Epoch [812/10000], Train Loss: 0.0276, R2: 0.9601, RMSE: 0.1660 | Valid Loss: 0.0683, R2: 0.7149, RMSE: 0.2614
2026-02-22 18:09:19,436 - root - INFO - Epoch [813/10000], Train Loss: 0.0275, R2: 0.9602, RMSE: 0.1658 | Valid Loss: 0.0682, R2: 0.7154, RMSE: 0.2611
2026-02-22 18:09:19,706 - root - INFO - Epoch [814/10000], Train Loss: 0.0279, R2: 0.9597, RMSE: 0.1669 | Valid Loss: 0.0689, R2: 0.7123, RMSE: 0.2626
2026-02-22 18:09:19,986 - root - INFO - Epoch [815/10000], Train Loss: 0.0275, R2: 0.9603, RMSE: 0.1658 | Valid Loss: 0.0685, R2: 0.7139, RMSE: 0.2618
2026-02-22 18:09:20,234 - root - INFO - Epoch [816/10000], Train Loss: 0.0275, R2: 0.9602, RMSE: 0.1659 | Valid Loss: 0.0695, R2: 0.7098, RMSE: 0.2637
2026-02-22 18:09:20,504 - root - INFO - Epoch [817/10000], Train Loss: 0.0279, R2: 0.9596, RMSE: 0.1672 | Valid Loss: 0.0684, R2: 0.7146, RMSE: 0.2615
2026-02-22 18:09:20,781 - root - INFO - Epoch [818/10000], Train Loss: 0.0279, R2: 0.9596, RMSE: 0.1672 | Valid Loss: 0.0676, R2: 0.7178, RMSE: 0.2600
2026-02-22 18:09:21,072 - root - INFO - Epoch [819/10000], Train Loss: 0.0277, R2: 0.9600, RMSE: 0.1663 | Valid Loss: 0.0686, R2: 0.7138, RMSE: 0.2619
2026-02-22 18:09:21,449 - root - INFO - Epoch [820/10000], Train Loss: 0.0274, R2: 0.9604, RMSE: 0.1655 | Valid Loss: 0.0687, R2: 0.7131, RMSE: 0.2622
2026-02-22 18:09:21,750 - root - INFO - Epoch [821/10000], Train Loss: 0.0275, R2: 0.9602, RMSE: 0.1659 | Valid Loss: 0.0677, R2: 0.7175, RMSE: 0.2602
2026-02-22 18:09:22,063 - root - INFO - Epoch [822/10000], Train Loss: 0.0280, R2: 0.9596, RMSE: 0.1672 | Valid Loss: 0.0686, R2: 0.7139, RMSE: 0.2618
2026-02-22 18:09:22,342 - root - INFO - Epoch [823/10000], Train Loss: 0.0271, R2: 0.9609, RMSE: 0.1645 | Valid Loss: 0.0690, R2: 0.7119, RMSE: 0.2628
2026-02-22 18:09:22,618 - root - INFO - Epoch [824/10000], Train Loss: 0.0270, R2: 0.9609, RMSE: 0.1644 | Valid Loss: 0.0678, R2: 0.7171, RMSE: 0.2604
2026-02-22 18:09:22,964 - root - INFO - Epoch [825/10000], Train Loss: 0.0279, R2: 0.9596, RMSE: 0.1672 | Valid Loss: 0.0697, R2: 0.7092, RMSE: 0.2640
2026-02-22 18:09:23,277 - root - INFO - Epoch [826/10000], Train Loss: 0.0281, R2: 0.9593, RMSE: 0.1677 | Valid Loss: 0.0702, R2: 0.7069, RMSE: 0.2650
2026-02-22 18:09:23,670 - root - INFO - Epoch [827/10000], Train Loss: 0.0274, R2: 0.9603, RMSE: 0.1657 | Valid Loss: 0.0693, R2: 0.7107, RMSE: 0.2633
2026-02-22 18:09:23,986 - root - INFO - Epoch [828/10000], Train Loss: 0.0277, R2: 0.9600, RMSE: 0.1663 | Valid Loss: 0.0684, R2: 0.7144, RMSE: 0.2616
2026-02-22 18:09:24,379 - root - INFO - Epoch [829/10000], Train Loss: 0.0281, R2: 0.9593, RMSE: 0.1678 | Valid Loss: 0.0698, R2: 0.7085, RMSE: 0.2643
2026-02-22 18:09:24,671 - root - INFO - Epoch [830/10000], Train Loss: 0.0291, R2: 0.9579, RMSE: 0.1706 | Valid Loss: 0.0679, R2: 0.7165, RMSE: 0.2606
2026-02-22 18:09:24,964 - root - INFO - Epoch [831/10000], Train Loss: 0.0283, R2: 0.9591, RMSE: 0.1681 | Valid Loss: 0.0686, R2: 0.7138, RMSE: 0.2619
2026-02-22 18:09:25,275 - root - INFO - Epoch [832/10000], Train Loss: 0.0268, R2: 0.9613, RMSE: 0.1637 | Valid Loss: 0.0683, R2: 0.7151, RMSE: 0.2613
2026-02-22 18:09:25,550 - root - INFO - Epoch [833/10000], Train Loss: 0.0270, R2: 0.9609, RMSE: 0.1643 | Valid Loss: 0.0700, R2: 0.7078, RMSE: 0.2646
2026-02-22 18:09:25,835 - root - INFO - Epoch [834/10000], Train Loss: 0.0275, R2: 0.9602, RMSE: 0.1658 | Valid Loss: 0.0687, R2: 0.7133, RMSE: 0.2621
2026-02-22 18:09:26,111 - root - INFO - Epoch [835/10000], Train Loss: 0.0273, R2: 0.9605, RMSE: 0.1652 | Valid Loss: 0.0684, R2: 0.7146, RMSE: 0.2615
2026-02-22 18:09:26,418 - root - INFO - Epoch [836/10000], Train Loss: 0.0269, R2: 0.9611, RMSE: 0.1639 | Valid Loss: 0.0681, R2: 0.7160, RMSE: 0.2609
2026-02-22 18:09:26,704 - root - INFO - Epoch [837/10000], Train Loss: 0.0269, R2: 0.9611, RMSE: 0.1641 | Valid Loss: 0.0676, R2: 0.7180, RMSE: 0.2600
2026-02-22 18:09:27,004 - root - INFO - Epoch [838/10000], Train Loss: 0.0270, R2: 0.9610, RMSE: 0.1642 | Valid Loss: 0.0697, R2: 0.7091, RMSE: 0.2640
2026-02-22 18:09:27,283 - root - INFO - Epoch [839/10000], Train Loss: 0.0269, R2: 0.9610, RMSE: 0.1642 | Valid Loss: 0.0679, R2: 0.7165, RMSE: 0.2606
2026-02-22 18:09:27,558 - root - INFO - Epoch [840/10000], Train Loss: 0.0286, R2: 0.9586, RMSE: 0.1692 | Valid Loss: 0.0696, R2: 0.7095, RMSE: 0.2638
2026-02-22 18:09:27,833 - root - INFO - Epoch [841/10000], Train Loss: 0.0271, R2: 0.9609, RMSE: 0.1645 | Valid Loss: 0.0684, R2: 0.7143, RMSE: 0.2616
2026-02-22 18:09:28,086 - root - INFO - Epoch [842/10000], Train Loss: 0.0267, R2: 0.9614, RMSE: 0.1634 | Valid Loss: 0.0688, R2: 0.7129, RMSE: 0.2623
2026-02-22 18:09:28,365 - root - INFO - Epoch [843/10000], Train Loss: 0.0271, R2: 0.9608, RMSE: 0.1647 | Valid Loss: 0.0699, R2: 0.7082, RMSE: 0.2644
2026-02-22 18:09:28,697 - root - INFO - Epoch [844/10000], Train Loss: 0.0267, R2: 0.9613, RMSE: 0.1635 | Valid Loss: 0.0692, R2: 0.7113, RMSE: 0.2630
2026-02-22 18:09:28,972 - root - INFO - Epoch [845/10000], Train Loss: 0.0268, R2: 0.9612, RMSE: 0.1637 | Valid Loss: 0.0680, R2: 0.7163, RMSE: 0.2607
2026-02-22 18:09:29,245 - root - INFO - Epoch [846/10000], Train Loss: 0.0269, R2: 0.9611, RMSE: 0.1641 | Valid Loss: 0.0684, R2: 0.7145, RMSE: 0.2616
2026-02-22 18:09:29,599 - root - INFO - Epoch [847/10000], Train Loss: 0.0270, R2: 0.9610, RMSE: 0.1642 | Valid Loss: 0.0680, R2: 0.7162, RMSE: 0.2608
2026-02-22 18:09:29,916 - root - INFO - Epoch [848/10000], Train Loss: 0.0265, R2: 0.9616, RMSE: 0.1629 | Valid Loss: 0.0684, R2: 0.7144, RMSE: 0.2616
2026-02-22 18:09:30,208 - root - INFO - Epoch [849/10000], Train Loss: 0.0267, R2: 0.9615, RMSE: 0.1632 | Valid Loss: 0.0684, R2: 0.7145, RMSE: 0.2616
2026-02-22 18:09:30,504 - root - INFO - Epoch [850/10000], Train Loss: 0.0270, R2: 0.9610, RMSE: 0.1642 | Valid Loss: 0.0683, R2: 0.7149, RMSE: 0.2614
2026-02-22 18:09:30,796 - root - INFO - Epoch [851/10000], Train Loss: 0.0269, R2: 0.9610, RMSE: 0.1641 | Valid Loss: 0.0687, R2: 0.7134, RMSE: 0.2621
2026-02-22 18:09:31,042 - root - INFO - Epoch [852/10000], Train Loss: 0.0267, R2: 0.9614, RMSE: 0.1634 | Valid Loss: 0.0676, R2: 0.7181, RMSE: 0.2599
2026-02-22 18:09:31,317 - root - INFO - Epoch [853/10000], Train Loss: 0.0270, R2: 0.9610, RMSE: 0.1642 | Valid Loss: 0.0693, R2: 0.7106, RMSE: 0.2633
2026-02-22 18:09:31,578 - root - INFO - Epoch [854/10000], Train Loss: 0.0271, R2: 0.9608, RMSE: 0.1646 | Valid Loss: 0.0689, R2: 0.7123, RMSE: 0.2625
2026-02-22 18:09:31,903 - root - INFO - Epoch [855/10000], Train Loss: 0.0268, R2: 0.9612, RMSE: 0.1638 | Valid Loss: 0.0675, R2: 0.7184, RMSE: 0.2597
2026-02-22 18:09:32,236 - root - INFO - Epoch [856/10000], Train Loss: 0.0273, R2: 0.9606, RMSE: 0.1651 | Valid Loss: 0.0670, R2: 0.7204, RMSE: 0.2589
2026-02-22 18:09:32,523 - root - INFO - Epoch [857/10000], Train Loss: 0.0267, R2: 0.9614, RMSE: 0.1634 | Valid Loss: 0.0681, R2: 0.7156, RMSE: 0.2610
2026-02-22 18:09:32,790 - root - INFO - Epoch [858/10000], Train Loss: 0.0268, R2: 0.9613, RMSE: 0.1636 | Valid Loss: 0.0679, R2: 0.7165, RMSE: 0.2606
2026-02-22 18:09:33,114 - root - INFO - Epoch [859/10000], Train Loss: 0.0264, R2: 0.9618, RMSE: 0.1625 | Valid Loss: 0.0672, R2: 0.7194, RMSE: 0.2593
2026-02-22 18:09:33,466 - root - INFO - Epoch [860/10000], Train Loss: 0.0266, R2: 0.9615, RMSE: 0.1631 | Valid Loss: 0.0670, R2: 0.7203, RMSE: 0.2589
2026-02-22 18:09:33,830 - root - INFO - Epoch [861/10000], Train Loss: 0.0269, R2: 0.9611, RMSE: 0.1639 | Valid Loss: 0.0677, R2: 0.7173, RMSE: 0.2603
2026-02-22 18:09:34,196 - root - INFO - Epoch [862/10000], Train Loss: 0.0265, R2: 0.9617, RMSE: 0.1628 | Valid Loss: 0.0687, R2: 0.7134, RMSE: 0.2621
2026-02-22 18:09:34,582 - root - INFO - Epoch [863/10000], Train Loss: 0.0264, R2: 0.9618, RMSE: 0.1625 | Valid Loss: 0.0669, R2: 0.7209, RMSE: 0.2586
2026-02-22 18:09:34,885 - root - INFO - Epoch [864/10000], Train Loss: 0.0265, R2: 0.9617, RMSE: 0.1627 | Valid Loss: 0.0671, R2: 0.7202, RMSE: 0.2589
2026-02-22 18:09:35,216 - root - INFO - Epoch [865/10000], Train Loss: 0.0263, R2: 0.9620, RMSE: 0.1622 | Valid Loss: 0.0659, R2: 0.7251, RMSE: 0.2566
2026-02-22 18:09:35,522 - root - INFO - Epoch [866/10000], Train Loss: 0.0268, R2: 0.9612, RMSE: 0.1637 | Valid Loss: 0.0675, R2: 0.7183, RMSE: 0.2598
2026-02-22 18:09:35,827 - root - INFO - Epoch [867/10000], Train Loss: 0.0265, R2: 0.9617, RMSE: 0.1628 | Valid Loss: 0.0679, R2: 0.7165, RMSE: 0.2606
2026-02-22 18:09:36,137 - root - INFO - Epoch [868/10000], Train Loss: 0.0267, R2: 0.9614, RMSE: 0.1633 | Valid Loss: 0.0670, R2: 0.7204, RMSE: 0.2588
2026-02-22 18:09:36,493 - root - INFO - Epoch [869/10000], Train Loss: 0.0265, R2: 0.9616, RMSE: 0.1629 | Valid Loss: 0.0671, R2: 0.7198, RMSE: 0.2591
2026-02-22 18:09:36,788 - root - INFO - Epoch [870/10000], Train Loss: 0.0263, R2: 0.9620, RMSE: 0.1620 | Valid Loss: 0.0668, R2: 0.7211, RMSE: 0.2585
2026-02-22 18:09:37,098 - root - INFO - Epoch [871/10000], Train Loss: 0.0262, R2: 0.9620, RMSE: 0.1620 | Valid Loss: 0.0667, R2: 0.7217, RMSE: 0.2582
2026-02-22 18:09:37,351 - root - INFO - Epoch [872/10000], Train Loss: 0.0263, R2: 0.9619, RMSE: 0.1623 | Valid Loss: 0.0673, R2: 0.7192, RMSE: 0.2594
2026-02-22 18:09:37,640 - root - INFO - Epoch [873/10000], Train Loss: 0.0261, R2: 0.9622, RMSE: 0.1617 | Valid Loss: 0.0669, R2: 0.7210, RMSE: 0.2586
2026-02-22 18:09:37,939 - root - INFO - Epoch [874/10000], Train Loss: 0.0264, R2: 0.9618, RMSE: 0.1624 | Valid Loss: 0.0669, R2: 0.7207, RMSE: 0.2587
2026-02-22 18:09:38,215 - root - INFO - Epoch [875/10000], Train Loss: 0.0266, R2: 0.9615, RMSE: 0.1631 | Valid Loss: 0.0666, R2: 0.7222, RMSE: 0.2580
2026-02-22 18:09:38,515 - root - INFO - Epoch [876/10000], Train Loss: 0.0267, R2: 0.9614, RMSE: 0.1634 | Valid Loss: 0.0656, R2: 0.7262, RMSE: 0.2561
2026-02-22 18:09:38,755 - root - INFO - Epoch [877/10000], Train Loss: 0.0299, R2: 0.9568, RMSE: 0.1729 | Valid Loss: 0.0686, R2: 0.7138, RMSE: 0.2619
2026-02-22 18:09:39,028 - root - INFO - Epoch [878/10000], Train Loss: 0.0264, R2: 0.9617, RMSE: 0.1626 | Valid Loss: 0.0658, R2: 0.7252, RMSE: 0.2566
2026-02-22 18:09:39,306 - root - INFO - Epoch [879/10000], Train Loss: 0.0263, R2: 0.9620, RMSE: 0.1621 | Valid Loss: 0.0680, R2: 0.7160, RMSE: 0.2609
2026-02-22 18:09:39,586 - root - INFO - Epoch [880/10000], Train Loss: 0.0262, R2: 0.9621, RMSE: 0.1619 | Valid Loss: 0.0678, R2: 0.7172, RMSE: 0.2603
2026-02-22 18:09:39,933 - root - INFO - Epoch [881/10000], Train Loss: 0.0265, R2: 0.9617, RMSE: 0.1627 | Valid Loss: 0.0676, R2: 0.7178, RMSE: 0.2601
2026-02-22 18:09:40,233 - root - INFO - Epoch [882/10000], Train Loss: 0.0275, R2: 0.9603, RMSE: 0.1657 | Valid Loss: 0.0660, R2: 0.7247, RMSE: 0.2568
2026-02-22 18:09:40,534 - root - INFO - Epoch [883/10000], Train Loss: 0.0261, R2: 0.9623, RMSE: 0.1614 | Valid Loss: 0.0664, R2: 0.7228, RMSE: 0.2577
2026-02-22 18:09:40,848 - root - INFO - Epoch [884/10000], Train Loss: 0.0260, R2: 0.9624, RMSE: 0.1612 | Valid Loss: 0.0664, R2: 0.7230, RMSE: 0.2576
2026-02-22 18:09:41,123 - root - INFO - Epoch [885/10000], Train Loss: 0.0260, R2: 0.9624, RMSE: 0.1612 | Valid Loss: 0.0672, R2: 0.7196, RMSE: 0.2592
2026-02-22 18:09:41,386 - root - INFO - Epoch [886/10000], Train Loss: 0.0262, R2: 0.9621, RMSE: 0.1619 | Valid Loss: 0.0666, R2: 0.7219, RMSE: 0.2582
2026-02-22 18:09:41,710 - root - INFO - Epoch [887/10000], Train Loss: 0.0263, R2: 0.9619, RMSE: 0.1622 | Valid Loss: 0.0649, R2: 0.7293, RMSE: 0.2547
2026-02-22 18:09:41,987 - root - INFO - Epoch [888/10000], Train Loss: 0.0265, R2: 0.9617, RMSE: 0.1628 | Valid Loss: 0.0664, R2: 0.7230, RMSE: 0.2576
2026-02-22 18:09:42,271 - root - INFO - Epoch [889/10000], Train Loss: 0.0260, R2: 0.9623, RMSE: 0.1614 | Valid Loss: 0.0665, R2: 0.7225, RMSE: 0.2579
2026-02-22 18:09:42,555 - root - INFO - Epoch [890/10000], Train Loss: 0.0268, R2: 0.9612, RMSE: 0.1638 | Valid Loss: 0.0672, R2: 0.7195, RMSE: 0.2592
2026-02-22 18:09:42,800 - root - INFO - Epoch [891/10000], Train Loss: 0.0272, R2: 0.9607, RMSE: 0.1649 | Valid Loss: 0.0649, R2: 0.7291, RMSE: 0.2548
2026-02-22 18:09:43,045 - root - INFO - Epoch [892/10000], Train Loss: 0.0274, R2: 0.9604, RMSE: 0.1656 | Valid Loss: 0.0663, R2: 0.7232, RMSE: 0.2576
2026-02-22 18:09:43,303 - root - INFO - Epoch [893/10000], Train Loss: 0.0266, R2: 0.9616, RMSE: 0.1630 | Valid Loss: 0.0669, R2: 0.7210, RMSE: 0.2586
2026-02-22 18:09:43,567 - root - INFO - Epoch [894/10000], Train Loss: 0.0262, R2: 0.9621, RMSE: 0.1618 | Valid Loss: 0.0681, R2: 0.7160, RMSE: 0.2609
2026-02-22 18:09:43,864 - root - INFO - Epoch [895/10000], Train Loss: 0.0267, R2: 0.9614, RMSE: 0.1634 | Valid Loss: 0.0668, R2: 0.7212, RMSE: 0.2585
2026-02-22 18:09:44,128 - root - INFO - Epoch [896/10000], Train Loss: 0.0258, R2: 0.9627, RMSE: 0.1605 | Valid Loss: 0.0668, R2: 0.7211, RMSE: 0.2585
2026-02-22 18:09:44,438 - root - INFO - Epoch [897/10000], Train Loss: 0.0281, R2: 0.9594, RMSE: 0.1675 | Valid Loss: 0.0647, R2: 0.7299, RMSE: 0.2544
2026-02-22 18:09:44,711 - root - INFO - Epoch [898/10000], Train Loss: 0.0264, R2: 0.9618, RMSE: 0.1625 | Valid Loss: 0.0647, R2: 0.7298, RMSE: 0.2544
2026-02-22 18:09:44,990 - root - INFO - Epoch [899/10000], Train Loss: 0.0259, R2: 0.9625, RMSE: 0.1610 | Valid Loss: 0.0670, R2: 0.7205, RMSE: 0.2588
2026-02-22 18:09:45,284 - root - INFO - Epoch [900/10000], Train Loss: 0.0259, R2: 0.9625, RMSE: 0.1610 | Valid Loss: 0.0672, R2: 0.7197, RMSE: 0.2592
2026-02-22 18:09:45,586 - root - INFO - Epoch [901/10000], Train Loss: 0.0261, R2: 0.9622, RMSE: 0.1617 | Valid Loss: 0.0671, R2: 0.7200, RMSE: 0.2590
2026-02-22 18:09:45,835 - root - INFO - Epoch [902/10000], Train Loss: 0.0258, R2: 0.9627, RMSE: 0.1607 | Valid Loss: 0.0660, R2: 0.7247, RMSE: 0.2568
2026-02-22 18:09:46,107 - root - INFO - Epoch [903/10000], Train Loss: 0.0262, R2: 0.9621, RMSE: 0.1619 | Valid Loss: 0.0671, R2: 0.7202, RMSE: 0.2589
2026-02-22 18:09:46,396 - root - INFO - Epoch [904/10000], Train Loss: 0.0261, R2: 0.9623, RMSE: 0.1614 | Valid Loss: 0.0657, R2: 0.7258, RMSE: 0.2563
2026-02-22 18:09:46,698 - root - INFO - Epoch [905/10000], Train Loss: 0.0257, R2: 0.9629, RMSE: 0.1602 | Valid Loss: 0.0656, R2: 0.7264, RMSE: 0.2561
2026-02-22 18:09:46,993 - root - INFO - Epoch [906/10000], Train Loss: 0.0258, R2: 0.9627, RMSE: 0.1606 | Valid Loss: 0.0666, R2: 0.7219, RMSE: 0.2582
2026-02-22 18:09:47,253 - root - INFO - Epoch [907/10000], Train Loss: 0.0266, R2: 0.9616, RMSE: 0.1629 | Valid Loss: 0.0652, R2: 0.7280, RMSE: 0.2553
2026-02-22 18:09:47,536 - root - INFO - Epoch [908/10000], Train Loss: 0.0253, R2: 0.9634, RMSE: 0.1591 | Valid Loss: 0.0666, R2: 0.7222, RMSE: 0.2580
2026-02-22 18:09:47,824 - root - INFO - Epoch [909/10000], Train Loss: 0.0262, R2: 0.9622, RMSE: 0.1618 | Valid Loss: 0.0644, R2: 0.7312, RMSE: 0.2538
2026-02-22 18:09:48,045 - root - INFO - Epoch [910/10000], Train Loss: 0.0276, R2: 0.9601, RMSE: 0.1662 | Valid Loss: 0.0663, R2: 0.7234, RMSE: 0.2574
2026-02-22 18:09:48,296 - root - INFO - Epoch [911/10000], Train Loss: 0.0260, R2: 0.9625, RMSE: 0.1611 | Valid Loss: 0.0663, R2: 0.7234, RMSE: 0.2574
2026-02-22 18:09:48,585 - root - INFO - Epoch [912/10000], Train Loss: 0.0266, R2: 0.9615, RMSE: 0.1631 | Valid Loss: 0.0661, R2: 0.7243, RMSE: 0.2570
2026-02-22 18:09:48,861 - root - INFO - Epoch [913/10000], Train Loss: 0.0259, R2: 0.9625, RMSE: 0.1611 | Valid Loss: 0.0657, R2: 0.7260, RMSE: 0.2562
2026-02-22 18:09:49,193 - root - INFO - Epoch [914/10000], Train Loss: 0.0259, R2: 0.9626, RMSE: 0.1609 | Valid Loss: 0.0650, R2: 0.7288, RMSE: 0.2549
2026-02-22 18:09:49,476 - root - INFO - Epoch [915/10000], Train Loss: 0.0257, R2: 0.9628, RMSE: 0.1603 | Valid Loss: 0.0664, R2: 0.7227, RMSE: 0.2578
2026-02-22 18:09:49,739 - root - INFO - Epoch [916/10000], Train Loss: 0.0261, R2: 0.9623, RMSE: 0.1615 | Valid Loss: 0.0673, R2: 0.7193, RMSE: 0.2593
2026-02-22 18:09:50,031 - root - INFO - Epoch [917/10000], Train Loss: 0.0259, R2: 0.9626, RMSE: 0.1608 | Valid Loss: 0.0663, R2: 0.7235, RMSE: 0.2574
2026-02-22 18:09:50,288 - root - INFO - Epoch [918/10000], Train Loss: 0.0254, R2: 0.9632, RMSE: 0.1595 | Valid Loss: 0.0654, R2: 0.7271, RMSE: 0.2557
2026-02-22 18:09:50,564 - root - INFO - Epoch [919/10000], Train Loss: 0.0257, R2: 0.9629, RMSE: 0.1602 | Valid Loss: 0.0640, R2: 0.7328, RMSE: 0.2530
2026-02-22 18:09:50,839 - root - INFO - Epoch [920/10000], Train Loss: 0.0259, R2: 0.9626, RMSE: 0.1608 | Valid Loss: 0.0662, R2: 0.7237, RMSE: 0.2573
2026-02-22 18:09:51,113 - root - INFO - Epoch [921/10000], Train Loss: 0.0263, R2: 0.9620, RMSE: 0.1620 | Valid Loss: 0.0655, R2: 0.7268, RMSE: 0.2559
2026-02-22 18:09:51,375 - root - INFO - Epoch [922/10000], Train Loss: 0.0259, R2: 0.9625, RMSE: 0.1609 | Valid Loss: 0.0655, R2: 0.7265, RMSE: 0.2560
2026-02-22 18:09:51,711 - root - INFO - Epoch [923/10000], Train Loss: 0.0255, R2: 0.9631, RMSE: 0.1596 | Valid Loss: 0.0667, R2: 0.7217, RMSE: 0.2582
2026-02-22 18:09:51,995 - root - INFO - Epoch [924/10000], Train Loss: 0.0256, R2: 0.9629, RMSE: 0.1601 | Valid Loss: 0.0653, R2: 0.7275, RMSE: 0.2555
2026-02-22 18:09:52,263 - root - INFO - Epoch [925/10000], Train Loss: 0.0262, R2: 0.9622, RMSE: 0.1617 | Valid Loss: 0.0643, R2: 0.7314, RMSE: 0.2537
2026-02-22 18:09:52,563 - root - INFO - Epoch [926/10000], Train Loss: 0.0256, R2: 0.9630, RMSE: 0.1599 | Valid Loss: 0.0651, R2: 0.7285, RMSE: 0.2551
2026-02-22 18:09:52,930 - root - INFO - Epoch [927/10000], Train Loss: 0.0258, R2: 0.9627, RMSE: 0.1606 | Valid Loss: 0.0661, R2: 0.7241, RMSE: 0.2571
2026-02-22 18:09:53,264 - root - INFO - Epoch [928/10000], Train Loss: 0.0256, R2: 0.9629, RMSE: 0.1601 | Valid Loss: 0.0666, R2: 0.7221, RMSE: 0.2580
2026-02-22 18:09:53,581 - root - INFO - Epoch [929/10000], Train Loss: 0.0260, R2: 0.9624, RMSE: 0.1612 | Valid Loss: 0.0669, R2: 0.7207, RMSE: 0.2587
2026-02-22 18:09:53,863 - root - INFO - Epoch [930/10000], Train Loss: 0.0258, R2: 0.9627, RMSE: 0.1606 | Valid Loss: 0.0651, R2: 0.7282, RMSE: 0.2552
2026-02-22 18:09:54,167 - root - INFO - Epoch [931/10000], Train Loss: 0.0255, R2: 0.9631, RMSE: 0.1598 | Valid Loss: 0.0649, R2: 0.7289, RMSE: 0.2549
2026-02-22 18:09:54,453 - root - INFO - Epoch [932/10000], Train Loss: 0.0255, R2: 0.9631, RMSE: 0.1597 | Valid Loss: 0.0654, R2: 0.7269, RMSE: 0.2558
2026-02-22 18:09:54,733 - root - INFO - Epoch [933/10000], Train Loss: 0.0253, R2: 0.9635, RMSE: 0.1590 | Valid Loss: 0.0650, R2: 0.7286, RMSE: 0.2550
2026-02-22 18:09:55,044 - root - INFO - Epoch [934/10000], Train Loss: 0.0254, R2: 0.9633, RMSE: 0.1594 | Valid Loss: 0.0658, R2: 0.7256, RMSE: 0.2564
2026-02-22 18:09:55,336 - root - INFO - Epoch [935/10000], Train Loss: 0.0253, R2: 0.9634, RMSE: 0.1592 | Valid Loss: 0.0660, R2: 0.7246, RMSE: 0.2569
2026-02-22 18:09:55,641 - root - INFO - Epoch [936/10000], Train Loss: 0.0254, R2: 0.9633, RMSE: 0.1592 | Valid Loss: 0.0652, R2: 0.7279, RMSE: 0.2554
2026-02-22 18:09:55,940 - root - INFO - Epoch [937/10000], Train Loss: 0.0258, R2: 0.9628, RMSE: 0.1605 | Valid Loss: 0.0664, R2: 0.7230, RMSE: 0.2576
2026-02-22 18:09:56,313 - root - INFO - Epoch [938/10000], Train Loss: 0.0257, R2: 0.9629, RMSE: 0.1602 | Valid Loss: 0.0648, R2: 0.7294, RMSE: 0.2546
2026-02-22 18:09:56,649 - root - INFO - Epoch [939/10000], Train Loss: 0.0257, R2: 0.9629, RMSE: 0.1602 | Valid Loss: 0.0641, R2: 0.7325, RMSE: 0.2532
2026-02-22 18:09:56,945 - root - INFO - Epoch [940/10000], Train Loss: 0.0262, R2: 0.9621, RMSE: 0.1619 | Valid Loss: 0.0646, R2: 0.7306, RMSE: 0.2541
2026-02-22 18:09:57,232 - root - INFO - Epoch [941/10000], Train Loss: 0.0254, R2: 0.9632, RMSE: 0.1595 | Valid Loss: 0.0657, R2: 0.7259, RMSE: 0.2563
2026-02-22 18:09:57,493 - root - INFO - Epoch [942/10000], Train Loss: 0.0252, R2: 0.9636, RMSE: 0.1586 | Valid Loss: 0.0653, R2: 0.7276, RMSE: 0.2555
2026-02-22 18:09:57,780 - root - INFO - Epoch [943/10000], Train Loss: 0.0252, R2: 0.9635, RMSE: 0.1588 | Valid Loss: 0.0641, R2: 0.7326, RMSE: 0.2531
2026-02-22 18:09:58,058 - root - INFO - Epoch [944/10000], Train Loss: 0.0253, R2: 0.9634, RMSE: 0.1591 | Valid Loss: 0.0653, R2: 0.7277, RMSE: 0.2555
2026-02-22 18:09:58,327 - root - INFO - Epoch [945/10000], Train Loss: 0.0254, R2: 0.9633, RMSE: 0.1594 | Valid Loss: 0.0653, R2: 0.7275, RMSE: 0.2555
2026-02-22 18:09:58,599 - root - INFO - Epoch [946/10000], Train Loss: 0.0254, R2: 0.9633, RMSE: 0.1593 | Valid Loss: 0.0647, R2: 0.7299, RMSE: 0.2544
2026-02-22 18:09:58,865 - root - INFO - Epoch [947/10000], Train Loss: 0.0253, R2: 0.9634, RMSE: 0.1590 | Valid Loss: 0.0652, R2: 0.7280, RMSE: 0.2553
2026-02-22 18:09:59,116 - root - INFO - Epoch [948/10000], Train Loss: 0.0251, R2: 0.9637, RMSE: 0.1583 | Valid Loss: 0.0650, R2: 0.7286, RMSE: 0.2550
2026-02-22 18:09:59,405 - root - INFO - Epoch [949/10000], Train Loss: 0.0250, R2: 0.9639, RMSE: 0.1580 | Valid Loss: 0.0653, R2: 0.7275, RMSE: 0.2555
2026-02-22 18:09:59,705 - root - INFO - Epoch [950/10000], Train Loss: 0.0250, R2: 0.9638, RMSE: 0.1581 | Valid Loss: 0.0641, R2: 0.7327, RMSE: 0.2531
2026-02-22 18:10:00,037 - root - INFO - Epoch [951/10000], Train Loss: 0.0258, R2: 0.9627, RMSE: 0.1606 | Valid Loss: 0.0651, R2: 0.7284, RMSE: 0.2551
2026-02-22 18:10:00,383 - root - INFO - Epoch [952/10000], Train Loss: 0.0270, R2: 0.9609, RMSE: 0.1644 | Valid Loss: 0.0640, R2: 0.7330, RMSE: 0.2530
2026-02-22 18:10:00,704 - root - INFO - Epoch [953/10000], Train Loss: 0.0248, R2: 0.9642, RMSE: 0.1574 | Valid Loss: 0.0655, R2: 0.7267, RMSE: 0.2559
2026-02-22 18:10:00,988 - root - INFO - Epoch [954/10000], Train Loss: 0.0257, R2: 0.9628, RMSE: 0.1603 | Valid Loss: 0.0643, R2: 0.7318, RMSE: 0.2535
2026-02-22 18:10:01,277 - root - INFO - Epoch [955/10000], Train Loss: 0.0267, R2: 0.9614, RMSE: 0.1634 | Valid Loss: 0.0659, R2: 0.7248, RMSE: 0.2568
2026-02-22 18:10:01,580 - root - INFO - Epoch [956/10000], Train Loss: 0.0262, R2: 0.9621, RMSE: 0.1620 | Valid Loss: 0.0646, R2: 0.7306, RMSE: 0.2541
2026-02-22 18:10:01,875 - root - INFO - Epoch [957/10000], Train Loss: 0.0250, R2: 0.9638, RMSE: 0.1581 | Valid Loss: 0.0646, R2: 0.7304, RMSE: 0.2541
2026-02-22 18:10:02,151 - root - INFO - Epoch [958/10000], Train Loss: 0.0250, R2: 0.9638, RMSE: 0.1583 | Valid Loss: 0.0649, R2: 0.7290, RMSE: 0.2548
2026-02-22 18:10:02,409 - root - INFO - Epoch [959/10000], Train Loss: 0.0257, R2: 0.9628, RMSE: 0.1603 | Valid Loss: 0.0656, R2: 0.7262, RMSE: 0.2561
2026-02-22 18:10:02,706 - root - INFO - Epoch [960/10000], Train Loss: 0.0256, R2: 0.9630, RMSE: 0.1600 | Valid Loss: 0.0644, R2: 0.7311, RMSE: 0.2539
2026-02-22 18:10:03,075 - root - INFO - Epoch [961/10000], Train Loss: 0.0250, R2: 0.9638, RMSE: 0.1582 | Valid Loss: 0.0647, R2: 0.7298, RMSE: 0.2544
2026-02-22 18:10:03,362 - root - INFO - Epoch [962/10000], Train Loss: 0.0249, R2: 0.9640, RMSE: 0.1579 | Valid Loss: 0.0654, R2: 0.7270, RMSE: 0.2557
2026-02-22 18:10:03,632 - root - INFO - Epoch [963/10000], Train Loss: 0.0258, R2: 0.9626, RMSE: 0.1607 | Valid Loss: 0.0653, R2: 0.7274, RMSE: 0.2556
2026-02-22 18:10:03,967 - root - INFO - Epoch [964/10000], Train Loss: 0.0255, R2: 0.9631, RMSE: 0.1596 | Valid Loss: 0.0653, R2: 0.7276, RMSE: 0.2555
2026-02-22 18:10:04,261 - root - INFO - Epoch [965/10000], Train Loss: 0.0250, R2: 0.9638, RMSE: 0.1582 | Valid Loss: 0.0658, R2: 0.7255, RMSE: 0.2565
2026-02-22 18:10:04,563 - root - INFO - Epoch [966/10000], Train Loss: 0.0249, R2: 0.9639, RMSE: 0.1579 | Valid Loss: 0.0645, R2: 0.7309, RMSE: 0.2539
2026-02-22 18:10:04,934 - root - INFO - Epoch [967/10000], Train Loss: 0.0250, R2: 0.9639, RMSE: 0.1581 | Valid Loss: 0.0648, R2: 0.7298, RMSE: 0.2545
2026-02-22 18:10:05,194 - root - INFO - Epoch [968/10000], Train Loss: 0.0250, R2: 0.9639, RMSE: 0.1580 | Valid Loss: 0.0650, R2: 0.7285, RMSE: 0.2550
2026-02-22 18:10:05,506 - root - INFO - Epoch [969/10000], Train Loss: 0.0252, R2: 0.9635, RMSE: 0.1588 | Valid Loss: 0.0659, R2: 0.7251, RMSE: 0.2566
2026-02-22 18:10:05,799 - root - INFO - Epoch [970/10000], Train Loss: 0.0252, R2: 0.9636, RMSE: 0.1586 | Valid Loss: 0.0650, R2: 0.7287, RMSE: 0.2550
2026-02-22 18:10:06,061 - root - INFO - Epoch [971/10000], Train Loss: 0.0246, R2: 0.9644, RMSE: 0.1570 | Valid Loss: 0.0647, R2: 0.7301, RMSE: 0.2543
2026-02-22 18:10:06,330 - root - INFO - Epoch [972/10000], Train Loss: 0.0249, R2: 0.9640, RMSE: 0.1577 | Valid Loss: 0.0635, R2: 0.7350, RMSE: 0.2520
2026-02-22 18:10:06,613 - root - INFO - Epoch [973/10000], Train Loss: 0.0247, R2: 0.9642, RMSE: 0.1572 | Valid Loss: 0.0651, R2: 0.7282, RMSE: 0.2552
2026-02-22 18:10:06,919 - root - INFO - Epoch [974/10000], Train Loss: 0.0255, R2: 0.9631, RMSE: 0.1597 | Valid Loss: 0.0644, R2: 0.7312, RMSE: 0.2538
2026-02-22 18:10:07,207 - root - INFO - Epoch [975/10000], Train Loss: 0.0249, R2: 0.9641, RMSE: 0.1576 | Valid Loss: 0.0653, R2: 0.7273, RMSE: 0.2556
2026-02-22 18:10:07,491 - root - INFO - Epoch [976/10000], Train Loss: 0.0250, R2: 0.9639, RMSE: 0.1580 | Valid Loss: 0.0640, R2: 0.7327, RMSE: 0.2531
2026-02-22 18:10:07,806 - root - INFO - Epoch [977/10000], Train Loss: 0.0251, R2: 0.9637, RMSE: 0.1584 | Valid Loss: 0.0624, R2: 0.7397, RMSE: 0.2497
2026-02-22 18:10:08,079 - root - INFO - Epoch [978/10000], Train Loss: 0.0250, R2: 0.9639, RMSE: 0.1580 | Valid Loss: 0.0646, R2: 0.7303, RMSE: 0.2542
2026-02-22 18:10:08,420 - root - INFO - Epoch [979/10000], Train Loss: 0.0246, R2: 0.9644, RMSE: 0.1570 | Valid Loss: 0.0644, R2: 0.7312, RMSE: 0.2538
2026-02-22 18:10:08,729 - root - INFO - Epoch [980/10000], Train Loss: 0.0249, R2: 0.9639, RMSE: 0.1579 | Valid Loss: 0.0646, R2: 0.7305, RMSE: 0.2541
2026-02-22 18:10:09,003 - root - INFO - Epoch [981/10000], Train Loss: 0.0256, R2: 0.9629, RMSE: 0.1601 | Valid Loss: 0.0637, R2: 0.7340, RMSE: 0.2525
2026-02-22 18:10:09,292 - root - INFO - Epoch [982/10000], Train Loss: 0.0247, R2: 0.9643, RMSE: 0.1570 | Valid Loss: 0.0640, R2: 0.7330, RMSE: 0.2529
2026-02-22 18:10:09,631 - root - INFO - Epoch [983/10000], Train Loss: 0.0248, R2: 0.9641, RMSE: 0.1574 | Valid Loss: 0.0639, R2: 0.7333, RMSE: 0.2528
2026-02-22 18:10:09,923 - root - INFO - Epoch [984/10000], Train Loss: 0.0254, R2: 0.9633, RMSE: 0.1593 | Valid Loss: 0.0647, R2: 0.7301, RMSE: 0.2543
2026-02-22 18:10:10,208 - root - INFO - Epoch [985/10000], Train Loss: 0.0248, R2: 0.9642, RMSE: 0.1574 | Valid Loss: 0.0639, R2: 0.7334, RMSE: 0.2527
2026-02-22 18:10:10,487 - root - INFO - Epoch [986/10000], Train Loss: 0.0254, R2: 0.9633, RMSE: 0.1593 | Valid Loss: 0.0652, R2: 0.7280, RMSE: 0.2553
2026-02-22 18:10:10,779 - root - INFO - Epoch [987/10000], Train Loss: 0.0253, R2: 0.9634, RMSE: 0.1590 | Valid Loss: 0.0634, R2: 0.7354, RMSE: 0.2518
2026-02-22 18:10:11,037 - root - INFO - Epoch [988/10000], Train Loss: 0.0246, R2: 0.9644, RMSE: 0.1568 | Valid Loss: 0.0641, R2: 0.7327, RMSE: 0.2531
2026-02-22 18:10:11,277 - root - INFO - Epoch [989/10000], Train Loss: 0.0256, R2: 0.9629, RMSE: 0.1601 | Valid Loss: 0.0643, R2: 0.7317, RMSE: 0.2536
2026-02-22 18:10:11,555 - root - INFO - Epoch [990/10000], Train Loss: 0.0251, R2: 0.9637, RMSE: 0.1584 | Valid Loss: 0.0634, R2: 0.7353, RMSE: 0.2519
2026-02-22 18:10:11,844 - root - INFO - Epoch [991/10000], Train Loss: 0.0258, R2: 0.9627, RMSE: 0.1605 | Valid Loss: 0.0639, R2: 0.7335, RMSE: 0.2527
2026-02-22 18:10:12,138 - root - INFO - Epoch [992/10000], Train Loss: 0.0247, R2: 0.9643, RMSE: 0.1572 | Valid Loss: 0.0644, R2: 0.7311, RMSE: 0.2538
2026-02-22 18:10:12,458 - root - INFO - Epoch [993/10000], Train Loss: 0.0249, R2: 0.9639, RMSE: 0.1579 | Valid Loss: 0.0639, R2: 0.7335, RMSE: 0.2527
2026-02-22 18:10:12,859 - root - INFO - Epoch [994/10000], Train Loss: 0.0250, R2: 0.9638, RMSE: 0.1581 | Valid Loss: 0.0649, R2: 0.7293, RMSE: 0.2547
2026-02-22 18:10:13,163 - root - INFO - Epoch [995/10000], Train Loss: 0.0268, R2: 0.9613, RMSE: 0.1636 | Valid Loss: 0.0639, R2: 0.7335, RMSE: 0.2527
2026-02-22 18:10:13,450 - root - INFO - Epoch [996/10000], Train Loss: 0.0270, R2: 0.9610, RMSE: 0.1643 | Valid Loss: 0.0630, R2: 0.7369, RMSE: 0.2511
2026-02-22 18:10:13,756 - root - INFO - Epoch [997/10000], Train Loss: 0.0256, R2: 0.9629, RMSE: 0.1601 | Valid Loss: 0.0633, R2: 0.7359, RMSE: 0.2516
2026-02-22 18:10:14,113 - root - INFO - Epoch [998/10000], Train Loss: 0.0243, R2: 0.9648, RMSE: 0.1560 | Valid Loss: 0.0632, R2: 0.7362, RMSE: 0.2514
2026-02-22 18:10:14,369 - root - INFO - Epoch [999/10000], Train Loss: 0.0245, R2: 0.9645, RMSE: 0.1566 | Valid Loss: 0.0647, R2: 0.7300, RMSE: 0.2544
2026-02-22 18:10:14,649 - root - INFO - Epoch [1000/10000], Train Loss: 0.0246, R2: 0.9645, RMSE: 0.1568 | Valid Loss: 0.0639, R2: 0.7335, RMSE: 0.2527
2026-02-22 18:10:14,925 - root - INFO - Epoch [1001/10000], Train Loss: 0.0250, R2: 0.9639, RMSE: 0.1580 | Valid Loss: 0.0651, R2: 0.7281, RMSE: 0.2552
2026-02-22 18:10:15,233 - root - INFO - Epoch [1002/10000], Train Loss: 0.0245, R2: 0.9645, RMSE: 0.1566 | Valid Loss: 0.0630, R2: 0.7369, RMSE: 0.2511
2026-02-22 18:10:15,482 - root - INFO - Epoch [1003/10000], Train Loss: 0.0250, R2: 0.9639, RMSE: 0.1581 | Valid Loss: 0.0644, R2: 0.7313, RMSE: 0.2538
2026-02-22 18:10:15,683 - root - INFO - Epoch [1004/10000], Train Loss: 0.0256, R2: 0.9629, RMSE: 0.1601 | Valid Loss: 0.0642, R2: 0.7322, RMSE: 0.2533
2026-02-22 18:10:15,885 - root - INFO - Epoch [1005/10000], Train Loss: 0.0260, R2: 0.9625, RMSE: 0.1611 | Valid Loss: 0.0637, R2: 0.7341, RMSE: 0.2524
2026-02-22 18:10:16,070 - root - INFO - Epoch [1006/10000], Train Loss: 0.0246, R2: 0.9644, RMSE: 0.1570 | Valid Loss: 0.0652, R2: 0.7279, RMSE: 0.2553
2026-02-22 18:10:16,257 - root - INFO - Epoch [1007/10000], Train Loss: 0.0251, R2: 0.9637, RMSE: 0.1584 | Valid Loss: 0.0632, R2: 0.7363, RMSE: 0.2514
2026-02-22 18:10:16,499 - root - INFO - Epoch [1008/10000], Train Loss: 0.0246, R2: 0.9644, RMSE: 0.1570 | Valid Loss: 0.0631, R2: 0.7368, RMSE: 0.2511
2026-02-22 18:10:16,752 - root - INFO - Epoch [1009/10000], Train Loss: 0.0255, R2: 0.9631, RMSE: 0.1597 | Valid Loss: 0.0643, R2: 0.7316, RMSE: 0.2536
2026-02-22 18:10:17,028 - root - INFO - Epoch [1010/10000], Train Loss: 0.0259, R2: 0.9625, RMSE: 0.1610 | Valid Loss: 0.0644, R2: 0.7311, RMSE: 0.2539
2026-02-22 18:10:17,312 - root - INFO - Epoch [1011/10000], Train Loss: 0.0255, R2: 0.9631, RMSE: 0.1598 | Valid Loss: 0.0623, R2: 0.7401, RMSE: 0.2495
2026-02-22 18:10:17,590 - root - INFO - Epoch [1012/10000], Train Loss: 0.0244, R2: 0.9648, RMSE: 0.1561 | Valid Loss: 0.0630, R2: 0.7372, RMSE: 0.2509
2026-02-22 18:10:17,913 - root - INFO - Epoch [1013/10000], Train Loss: 0.0248, R2: 0.9642, RMSE: 0.1573 | Valid Loss: 0.0639, R2: 0.7335, RMSE: 0.2527
2026-02-22 18:10:18,235 - root - INFO - Epoch [1014/10000], Train Loss: 0.0245, R2: 0.9646, RMSE: 0.1566 | Valid Loss: 0.0650, R2: 0.7288, RMSE: 0.2549
2026-02-22 18:10:18,544 - root - INFO - Epoch [1015/10000], Train Loss: 0.0246, R2: 0.9644, RMSE: 0.1569 | Valid Loss: 0.0648, R2: 0.7297, RMSE: 0.2545
2026-02-22 18:10:18,866 - root - INFO - Epoch [1016/10000], Train Loss: 0.0249, R2: 0.9640, RMSE: 0.1578 | Valid Loss: 0.0628, R2: 0.7378, RMSE: 0.2506
2026-02-22 18:10:19,146 - root - INFO - Epoch [1017/10000], Train Loss: 0.0252, R2: 0.9636, RMSE: 0.1587 | Valid Loss: 0.0644, R2: 0.7313, RMSE: 0.2537
2026-02-22 18:10:19,489 - root - INFO - Epoch [1018/10000], Train Loss: 0.0242, R2: 0.9650, RMSE: 0.1555 | Valid Loss: 0.0635, R2: 0.7348, RMSE: 0.2521
2026-02-22 18:10:19,780 - root - INFO - Epoch [1019/10000], Train Loss: 0.0244, R2: 0.9647, RMSE: 0.1562 | Valid Loss: 0.0639, R2: 0.7334, RMSE: 0.2528
2026-02-22 18:10:20,084 - root - INFO - Epoch [1020/10000], Train Loss: 0.0245, R2: 0.9646, RMSE: 0.1565 | Valid Loss: 0.0644, R2: 0.7313, RMSE: 0.2537
2026-02-22 18:10:20,361 - root - INFO - Epoch [1021/10000], Train Loss: 0.0242, R2: 0.9650, RMSE: 0.1556 | Valid Loss: 0.0633, R2: 0.7360, RMSE: 0.2515
2026-02-22 18:10:20,656 - root - INFO - Epoch [1022/10000], Train Loss: 0.0242, R2: 0.9650, RMSE: 0.1555 | Valid Loss: 0.0638, R2: 0.7338, RMSE: 0.2525
2026-02-22 18:10:20,946 - root - INFO - Epoch [1023/10000], Train Loss: 0.0248, R2: 0.9641, RMSE: 0.1575 | Valid Loss: 0.0653, R2: 0.7276, RMSE: 0.2555
2026-02-22 18:10:21,257 - root - INFO - Epoch [1024/10000], Train Loss: 0.0246, R2: 0.9644, RMSE: 0.1569 | Valid Loss: 0.0641, R2: 0.7323, RMSE: 0.2533
2026-02-22 18:10:21,539 - root - INFO - Epoch [1025/10000], Train Loss: 0.0242, R2: 0.9650, RMSE: 0.1555 | Valid Loss: 0.0628, R2: 0.7379, RMSE: 0.2506
2026-02-22 18:10:21,875 - root - INFO - Epoch [1026/10000], Train Loss: 0.0243, R2: 0.9648, RMSE: 0.1560 | Valid Loss: 0.0619, R2: 0.7417, RMSE: 0.2488
2026-02-22 18:10:22,164 - root - INFO - Epoch [1027/10000], Train Loss: 0.0246, R2: 0.9644, RMSE: 0.1569 | Valid Loss: 0.0654, R2: 0.7269, RMSE: 0.2558
2026-02-22 18:10:22,442 - root - INFO - Epoch [1028/10000], Train Loss: 0.0243, R2: 0.9649, RMSE: 0.1558 | Valid Loss: 0.0629, R2: 0.7376, RMSE: 0.2508
2026-02-22 18:10:22,720 - root - INFO - Epoch [1029/10000], Train Loss: 0.0242, R2: 0.9650, RMSE: 0.1555 | Valid Loss: 0.0630, R2: 0.7372, RMSE: 0.2509
2026-02-22 18:10:23,010 - root - INFO - Epoch [1030/10000], Train Loss: 0.0242, R2: 0.9649, RMSE: 0.1557 | Valid Loss: 0.0624, R2: 0.7394, RMSE: 0.2499
2026-02-22 18:10:23,316 - root - INFO - Epoch [1031/10000], Train Loss: 0.0241, R2: 0.9652, RMSE: 0.1552 | Valid Loss: 0.0637, R2: 0.7343, RMSE: 0.2523
2026-02-22 18:10:23,563 - root - INFO - Epoch [1032/10000], Train Loss: 0.0245, R2: 0.9646, RMSE: 0.1565 | Valid Loss: 0.0632, R2: 0.7362, RMSE: 0.2514
2026-02-22 18:10:23,791 - root - INFO - Epoch [1033/10000], Train Loss: 0.0240, R2: 0.9653, RMSE: 0.1549 | Valid Loss: 0.0632, R2: 0.7362, RMSE: 0.2514
2026-02-22 18:10:24,054 - root - INFO - Epoch [1034/10000], Train Loss: 0.0241, R2: 0.9651, RMSE: 0.1552 | Valid Loss: 0.0623, R2: 0.7398, RMSE: 0.2497
2026-02-22 18:10:24,333 - root - INFO - Epoch [1035/10000], Train Loss: 0.0243, R2: 0.9649, RMSE: 0.1558 | Valid Loss: 0.0639, R2: 0.7333, RMSE: 0.2528
2026-02-22 18:10:24,610 - root - INFO - Epoch [1036/10000], Train Loss: 0.0245, R2: 0.9646, RMSE: 0.1565 | Valid Loss: 0.0625, R2: 0.7391, RMSE: 0.2500
2026-02-22 18:10:24,907 - root - INFO - Epoch [1037/10000], Train Loss: 0.0245, R2: 0.9646, RMSE: 0.1564 | Valid Loss: 0.0623, R2: 0.7401, RMSE: 0.2496
2026-02-22 18:10:25,289 - root - INFO - Epoch [1038/10000], Train Loss: 0.0248, R2: 0.9642, RMSE: 0.1574 | Valid Loss: 0.0633, R2: 0.7358, RMSE: 0.2516
2026-02-22 18:10:25,576 - root - INFO - Epoch [1039/10000], Train Loss: 0.0241, R2: 0.9651, RMSE: 0.1553 | Valid Loss: 0.0635, R2: 0.7350, RMSE: 0.2520
2026-02-22 18:10:25,917 - root - INFO - Epoch [1040/10000], Train Loss: 0.0241, R2: 0.9651, RMSE: 0.1554 | Valid Loss: 0.0624, R2: 0.7395, RMSE: 0.2498
2026-02-22 18:10:26,232 - root - INFO - Epoch [1041/10000], Train Loss: 0.0240, R2: 0.9653, RMSE: 0.1549 | Valid Loss: 0.0632, R2: 0.7364, RMSE: 0.2513
2026-02-22 18:10:26,511 - root - INFO - Epoch [1042/10000], Train Loss: 0.0243, R2: 0.9648, RMSE: 0.1560 | Valid Loss: 0.0632, R2: 0.7364, RMSE: 0.2513
2026-02-22 18:10:26,809 - root - INFO - Epoch [1043/10000], Train Loss: 0.0251, R2: 0.9637, RMSE: 0.1585 | Valid Loss: 0.0616, R2: 0.7430, RMSE: 0.2481
2026-02-22 18:10:27,099 - root - INFO - Epoch [1044/10000], Train Loss: 0.0251, R2: 0.9637, RMSE: 0.1584 | Valid Loss: 0.0634, R2: 0.7353, RMSE: 0.2519
2026-02-22 18:10:27,405 - root - INFO - Epoch [1045/10000], Train Loss: 0.0240, R2: 0.9653, RMSE: 0.1549 | Valid Loss: 0.0636, R2: 0.7344, RMSE: 0.2522
2026-02-22 18:10:27,696 - root - INFO - Epoch [1046/10000], Train Loss: 0.0240, R2: 0.9652, RMSE: 0.1550 | Valid Loss: 0.0623, R2: 0.7400, RMSE: 0.2496
2026-02-22 18:10:27,980 - root - INFO - Epoch [1047/10000], Train Loss: 0.0239, R2: 0.9654, RMSE: 0.1546 | Valid Loss: 0.0617, R2: 0.7423, RMSE: 0.2485
2026-02-22 18:10:28,252 - root - INFO - Epoch [1048/10000], Train Loss: 0.0241, R2: 0.9652, RMSE: 0.1551 | Valid Loss: 0.0616, R2: 0.7428, RMSE: 0.2482
2026-02-22 18:10:28,569 - root - INFO - Epoch [1049/10000], Train Loss: 0.0245, R2: 0.9645, RMSE: 0.1566 | Valid Loss: 0.0621, R2: 0.7407, RMSE: 0.2493
2026-02-22 18:10:28,817 - root - INFO - Epoch [1050/10000], Train Loss: 0.0252, R2: 0.9635, RMSE: 0.1589 | Valid Loss: 0.0623, R2: 0.7402, RMSE: 0.2495
2026-02-22 18:10:29,092 - root - INFO - Epoch [1051/10000], Train Loss: 0.0253, R2: 0.9634, RMSE: 0.1590 | Valid Loss: 0.0647, R2: 0.7298, RMSE: 0.2544
2026-02-22 18:10:29,364 - root - INFO - Epoch [1052/10000], Train Loss: 0.0244, R2: 0.9647, RMSE: 0.1562 | Valid Loss: 0.0610, R2: 0.7454, RMSE: 0.2470
2026-02-22 18:10:29,629 - root - INFO - Epoch [1053/10000], Train Loss: 0.0241, R2: 0.9651, RMSE: 0.1553 | Valid Loss: 0.0642, R2: 0.7319, RMSE: 0.2535
2026-02-22 18:10:29,964 - root - INFO - Epoch [1054/10000], Train Loss: 0.0244, R2: 0.9647, RMSE: 0.1562 | Valid Loss: 0.0624, R2: 0.7394, RMSE: 0.2499
2026-02-22 18:10:30,291 - root - INFO - Epoch [1055/10000], Train Loss: 0.0240, R2: 0.9653, RMSE: 0.1549 | Valid Loss: 0.0622, R2: 0.7405, RMSE: 0.2493
2026-02-22 18:10:30,583 - root - INFO - Epoch [1056/10000], Train Loss: 0.0242, R2: 0.9651, RMSE: 0.1555 | Valid Loss: 0.0619, R2: 0.7416, RMSE: 0.2488
2026-02-22 18:10:30,884 - root - INFO - Epoch [1057/10000], Train Loss: 0.0242, R2: 0.9651, RMSE: 0.1554 | Valid Loss: 0.0627, R2: 0.7382, RMSE: 0.2504
2026-02-22 18:10:31,192 - root - INFO - Epoch [1058/10000], Train Loss: 0.0239, R2: 0.9655, RMSE: 0.1545 | Valid Loss: 0.0620, R2: 0.7413, RMSE: 0.2490
2026-02-22 18:10:31,433 - root - INFO - Epoch [1059/10000], Train Loss: 0.0253, R2: 0.9634, RMSE: 0.1590 | Valid Loss: 0.0630, R2: 0.7370, RMSE: 0.2511
2026-02-22 18:10:31,701 - root - INFO - Epoch [1060/10000], Train Loss: 0.0241, R2: 0.9651, RMSE: 0.1554 | Valid Loss: 0.0623, R2: 0.7400, RMSE: 0.2496
2026-02-22 18:10:31,983 - root - INFO - Epoch [1061/10000], Train Loss: 0.0239, R2: 0.9654, RMSE: 0.1547 | Valid Loss: 0.0625, R2: 0.7390, RMSE: 0.2501
2026-02-22 18:10:32,246 - root - INFO - Epoch [1062/10000], Train Loss: 0.0240, R2: 0.9653, RMSE: 0.1550 | Valid Loss: 0.0618, R2: 0.7419, RMSE: 0.2487
2026-02-22 18:10:32,494 - root - INFO - Epoch [1063/10000], Train Loss: 0.0240, R2: 0.9653, RMSE: 0.1549 | Valid Loss: 0.0621, R2: 0.7407, RMSE: 0.2493
2026-02-22 18:10:32,762 - root - INFO - Epoch [1064/10000], Train Loss: 0.0239, R2: 0.9655, RMSE: 0.1545 | Valid Loss: 0.0623, R2: 0.7399, RMSE: 0.2496
2026-02-22 18:10:33,071 - root - INFO - Epoch [1065/10000], Train Loss: 0.0239, R2: 0.9655, RMSE: 0.1544 | Valid Loss: 0.0617, R2: 0.7425, RMSE: 0.2484
2026-02-22 18:10:33,347 - root - INFO - Epoch [1066/10000], Train Loss: 0.0240, R2: 0.9652, RMSE: 0.1550 | Valid Loss: 0.0616, R2: 0.7430, RMSE: 0.2482
2026-02-22 18:10:33,633 - root - INFO - Epoch [1067/10000], Train Loss: 0.0239, R2: 0.9655, RMSE: 0.1545 | Valid Loss: 0.0618, R2: 0.7421, RMSE: 0.2486
2026-02-22 18:10:33,981 - root - INFO - Epoch [1068/10000], Train Loss: 0.0237, R2: 0.9658, RMSE: 0.1538 | Valid Loss: 0.0624, R2: 0.7394, RMSE: 0.2499
2026-02-22 18:10:34,273 - root - INFO - Epoch [1069/10000], Train Loss: 0.0244, R2: 0.9648, RMSE: 0.1561 | Valid Loss: 0.0612, R2: 0.7444, RMSE: 0.2475
2026-02-22 18:10:34,543 - root - INFO - Epoch [1070/10000], Train Loss: 0.0242, R2: 0.9650, RMSE: 0.1557 | Valid Loss: 0.0628, R2: 0.7381, RMSE: 0.2505
2026-02-22 18:10:34,817 - root - INFO - Epoch [1071/10000], Train Loss: 0.0238, R2: 0.9656, RMSE: 0.1542 | Valid Loss: 0.0619, R2: 0.7418, RMSE: 0.2487
2026-02-22 18:10:35,129 - root - INFO - Epoch [1072/10000], Train Loss: 0.0241, R2: 0.9651, RMSE: 0.1553 | Valid Loss: 0.0629, R2: 0.7375, RMSE: 0.2508
2026-02-22 18:10:35,400 - root - INFO - Epoch [1073/10000], Train Loss: 0.0254, R2: 0.9632, RMSE: 0.1595 | Valid Loss: 0.0628, R2: 0.7380, RMSE: 0.2506
2026-02-22 18:10:35,692 - root - INFO - Epoch [1074/10000], Train Loss: 0.0254, R2: 0.9633, RMSE: 0.1593 | Valid Loss: 0.0613, R2: 0.7442, RMSE: 0.2476
2026-02-22 18:10:36,013 - root - INFO - Epoch [1075/10000], Train Loss: 0.0251, R2: 0.9637, RMSE: 0.1585 | Valid Loss: 0.0617, R2: 0.7424, RMSE: 0.2484
2026-02-22 18:10:36,299 - root - INFO - Epoch [1076/10000], Train Loss: 0.0239, R2: 0.9654, RMSE: 0.1547 | Valid Loss: 0.0632, R2: 0.7362, RMSE: 0.2514
2026-02-22 18:10:36,546 - root - INFO - Epoch [1077/10000], Train Loss: 0.0241, R2: 0.9651, RMSE: 0.1553 | Valid Loss: 0.0623, R2: 0.7400, RMSE: 0.2496
2026-02-22 18:10:36,824 - root - INFO - Epoch [1078/10000], Train Loss: 0.0238, R2: 0.9655, RMSE: 0.1544 | Valid Loss: 0.0638, R2: 0.7337, RMSE: 0.2526
2026-02-22 18:10:37,100 - root - INFO - Epoch [1079/10000], Train Loss: 0.0237, R2: 0.9657, RMSE: 0.1541 | Valid Loss: 0.0639, R2: 0.7334, RMSE: 0.2527
2026-02-22 18:10:37,373 - root - INFO - Epoch [1080/10000], Train Loss: 0.0240, R2: 0.9653, RMSE: 0.1549 | Valid Loss: 0.0618, R2: 0.7423, RMSE: 0.2485
2026-02-22 18:10:37,649 - root - INFO - Epoch [1081/10000], Train Loss: 0.0238, R2: 0.9656, RMSE: 0.1542 | Valid Loss: 0.0617, R2: 0.7426, RMSE: 0.2484
2026-02-22 18:10:37,945 - root - INFO - Epoch [1082/10000], Train Loss: 0.0236, R2: 0.9659, RMSE: 0.1536 | Valid Loss: 0.0622, R2: 0.7406, RMSE: 0.2493
2026-02-22 18:10:38,215 - root - INFO - Epoch [1083/10000], Train Loss: 0.0237, R2: 0.9657, RMSE: 0.1541 | Valid Loss: 0.0613, R2: 0.7441, RMSE: 0.2476
2026-02-22 18:10:38,481 - root - INFO - Epoch [1084/10000], Train Loss: 0.0238, R2: 0.9656, RMSE: 0.1541 | Valid Loss: 0.0632, R2: 0.7363, RMSE: 0.2514
2026-02-22 18:10:38,745 - root - INFO - Epoch [1085/10000], Train Loss: 0.0239, R2: 0.9654, RMSE: 0.1547 | Valid Loss: 0.0617, R2: 0.7427, RMSE: 0.2483
2026-02-22 18:10:39,050 - root - INFO - Epoch [1086/10000], Train Loss: 0.0239, R2: 0.9655, RMSE: 0.1545 | Valid Loss: 0.0628, R2: 0.7378, RMSE: 0.2506
2026-02-22 18:10:39,324 - root - INFO - Epoch [1087/10000], Train Loss: 0.0237, R2: 0.9657, RMSE: 0.1539 | Valid Loss: 0.0617, R2: 0.7427, RMSE: 0.2483
2026-02-22 18:10:39,597 - root - INFO - Epoch [1088/10000], Train Loss: 0.0246, R2: 0.9644, RMSE: 0.1570 | Valid Loss: 0.0621, R2: 0.7408, RMSE: 0.2492
2026-02-22 18:10:39,880 - root - INFO - Epoch [1089/10000], Train Loss: 0.0237, R2: 0.9658, RMSE: 0.1538 | Valid Loss: 0.0614, R2: 0.7438, RMSE: 0.2477
2026-02-22 18:10:40,156 - root - INFO - Epoch [1090/10000], Train Loss: 0.0238, R2: 0.9656, RMSE: 0.1543 | Valid Loss: 0.0623, R2: 0.7400, RMSE: 0.2496
2026-02-22 18:10:40,453 - root - INFO - Epoch [1091/10000], Train Loss: 0.0236, R2: 0.9658, RMSE: 0.1538 | Valid Loss: 0.0643, R2: 0.7318, RMSE: 0.2535
2026-02-22 18:10:40,726 - root - INFO - Epoch [1092/10000], Train Loss: 0.0236, R2: 0.9658, RMSE: 0.1538 | Valid Loss: 0.0618, R2: 0.7420, RMSE: 0.2486
2026-02-22 18:10:41,026 - root - INFO - Epoch [1093/10000], Train Loss: 0.0237, R2: 0.9658, RMSE: 0.1539 | Valid Loss: 0.0615, R2: 0.7435, RMSE: 0.2479
2026-02-22 18:10:41,288 - root - INFO - Epoch [1094/10000], Train Loss: 0.0245, R2: 0.9646, RMSE: 0.1564 | Valid Loss: 0.0611, R2: 0.7449, RMSE: 0.2472
2026-02-22 18:10:41,633 - root - INFO - Epoch [1095/10000], Train Loss: 0.0238, R2: 0.9656, RMSE: 0.1542 | Valid Loss: 0.0616, R2: 0.7427, RMSE: 0.2483
2026-02-22 18:10:41,952 - root - INFO - Epoch [1096/10000], Train Loss: 0.0247, R2: 0.9643, RMSE: 0.1572 | Valid Loss: 0.0628, R2: 0.7380, RMSE: 0.2505
2026-02-22 18:10:42,214 - root - INFO - Epoch [1097/10000], Train Loss: 0.0248, R2: 0.9641, RMSE: 0.1575 | Valid Loss: 0.0627, R2: 0.7382, RMSE: 0.2505
2026-02-22 18:10:42,489 - root - INFO - Epoch [1098/10000], Train Loss: 0.0235, R2: 0.9659, RMSE: 0.1535 | Valid Loss: 0.0632, R2: 0.7364, RMSE: 0.2513
2026-02-22 18:10:42,793 - root - INFO - Epoch [1099/10000], Train Loss: 0.0236, R2: 0.9659, RMSE: 0.1535 | Valid Loss: 0.0617, R2: 0.7423, RMSE: 0.2485
2026-02-22 18:10:43,086 - root - INFO - Epoch [1100/10000], Train Loss: 0.0241, R2: 0.9651, RMSE: 0.1554 | Valid Loss: 0.0628, R2: 0.7380, RMSE: 0.2506
2026-02-22 18:10:43,361 - root - INFO - Epoch [1101/10000], Train Loss: 0.0237, R2: 0.9657, RMSE: 0.1540 | Valid Loss: 0.0602, R2: 0.7490, RMSE: 0.2453
2026-02-22 18:10:43,695 - root - INFO - Epoch [1102/10000], Train Loss: 0.0238, R2: 0.9656, RMSE: 0.1543 | Valid Loss: 0.0621, R2: 0.7410, RMSE: 0.2491
2026-02-22 18:10:43,990 - root - INFO - Epoch [1103/10000], Train Loss: 0.0237, R2: 0.9658, RMSE: 0.1538 | Valid Loss: 0.0611, R2: 0.7448, RMSE: 0.2473
2026-02-22 18:10:44,266 - root - INFO - Epoch [1104/10000], Train Loss: 0.0240, R2: 0.9653, RMSE: 0.1548 | Valid Loss: 0.0652, R2: 0.7280, RMSE: 0.2553
2026-02-22 18:10:44,556 - root - INFO - Epoch [1105/10000], Train Loss: 0.0236, R2: 0.9658, RMSE: 0.1538 | Valid Loss: 0.0600, R2: 0.7496, RMSE: 0.2450
2026-02-22 18:10:44,872 - root - INFO - Epoch [1106/10000], Train Loss: 0.0244, R2: 0.9648, RMSE: 0.1561 | Valid Loss: 0.0633, R2: 0.7359, RMSE: 0.2515
2026-02-22 18:10:45,156 - root - INFO - Epoch [1107/10000], Train Loss: 0.0260, R2: 0.9623, RMSE: 0.1614 | Valid Loss: 0.0611, R2: 0.7451, RMSE: 0.2471
2026-02-22 18:10:45,424 - root - INFO - Epoch [1108/10000], Train Loss: 0.0251, R2: 0.9638, RMSE: 0.1583 | Valid Loss: 0.0599, R2: 0.7501, RMSE: 0.2447
2026-02-22 18:10:45,701 - root - INFO - Epoch [1109/10000], Train Loss: 0.0241, R2: 0.9651, RMSE: 0.1553 | Valid Loss: 0.0641, R2: 0.7325, RMSE: 0.2531
2026-02-22 18:10:45,952 - root - INFO - Epoch [1110/10000], Train Loss: 0.0257, R2: 0.9628, RMSE: 0.1605 | Valid Loss: 0.0620, R2: 0.7412, RMSE: 0.2490
2026-02-22 18:10:46,205 - root - INFO - Epoch [1111/10000], Train Loss: 0.0240, R2: 0.9652, RMSE: 0.1551 | Valid Loss: 0.0611, R2: 0.7450, RMSE: 0.2472
2026-02-22 18:10:46,459 - root - INFO - Epoch [1112/10000], Train Loss: 0.0245, R2: 0.9646, RMSE: 0.1564 | Valid Loss: 0.0609, R2: 0.7459, RMSE: 0.2468
2026-02-22 18:10:46,732 - root - INFO - Epoch [1113/10000], Train Loss: 0.0237, R2: 0.9657, RMSE: 0.1541 | Valid Loss: 0.0622, R2: 0.7404, RMSE: 0.2494
2026-02-22 18:10:47,030 - root - INFO - Epoch [1114/10000], Train Loss: 0.0238, R2: 0.9656, RMSE: 0.1542 | Valid Loss: 0.0606, R2: 0.7472, RMSE: 0.2461
2026-02-22 18:10:47,365 - root - INFO - Epoch [1115/10000], Train Loss: 0.0243, R2: 0.9648, RMSE: 0.1560 | Valid Loss: 0.0611, R2: 0.7452, RMSE: 0.2471
2026-02-22 18:10:47,672 - root - INFO - Epoch [1116/10000], Train Loss: 0.0234, R2: 0.9662, RMSE: 0.1529 | Valid Loss: 0.0609, R2: 0.7459, RMSE: 0.2468
2026-02-22 18:10:47,963 - root - INFO - Epoch [1117/10000], Train Loss: 0.0236, R2: 0.9659, RMSE: 0.1535 | Valid Loss: 0.0609, R2: 0.7459, RMSE: 0.2467
2026-02-22 18:10:48,287 - root - INFO - Epoch [1118/10000], Train Loss: 0.0235, R2: 0.9661, RMSE: 0.1532 | Valid Loss: 0.0616, R2: 0.7428, RMSE: 0.2483
2026-02-22 18:10:48,535 - root - INFO - Epoch [1119/10000], Train Loss: 0.0234, R2: 0.9661, RMSE: 0.1531 | Valid Loss: 0.0603, R2: 0.7482, RMSE: 0.2456
2026-02-22 18:10:48,796 - root - INFO - Epoch [1120/10000], Train Loss: 0.0237, R2: 0.9658, RMSE: 0.1539 | Valid Loss: 0.0615, R2: 0.7432, RMSE: 0.2480
2026-02-22 18:10:49,092 - root - INFO - Epoch [1121/10000], Train Loss: 0.0235, R2: 0.9660, RMSE: 0.1534 | Valid Loss: 0.0611, R2: 0.7452, RMSE: 0.2471
2026-02-22 18:10:49,355 - root - INFO - Epoch [1122/10000], Train Loss: 0.0235, R2: 0.9659, RMSE: 0.1534 | Valid Loss: 0.0603, R2: 0.7482, RMSE: 0.2457
2026-02-22 18:10:49,621 - root - INFO - Epoch [1123/10000], Train Loss: 0.0234, R2: 0.9662, RMSE: 0.1528 | Valid Loss: 0.0612, R2: 0.7447, RMSE: 0.2473
2026-02-22 18:10:49,896 - root - INFO - Epoch [1124/10000], Train Loss: 0.0236, R2: 0.9659, RMSE: 0.1535 | Valid Loss: 0.0630, R2: 0.7369, RMSE: 0.2511
2026-02-22 18:10:50,162 - root - INFO - Epoch [1125/10000], Train Loss: 0.0238, R2: 0.9655, RMSE: 0.1543 | Valid Loss: 0.0608, R2: 0.7464, RMSE: 0.2465
2026-02-22 18:10:50,461 - root - INFO - Epoch [1126/10000], Train Loss: 0.0237, R2: 0.9657, RMSE: 0.1541 | Valid Loss: 0.0606, R2: 0.7470, RMSE: 0.2462
2026-02-22 18:10:50,754 - root - INFO - Epoch [1127/10000], Train Loss: 0.0239, R2: 0.9655, RMSE: 0.1544 | Valid Loss: 0.0613, R2: 0.7442, RMSE: 0.2476
2026-02-22 18:10:51,028 - root - INFO - Epoch [1128/10000], Train Loss: 0.0237, R2: 0.9657, RMSE: 0.1540 | Valid Loss: 0.0607, R2: 0.7467, RMSE: 0.2464
2026-02-22 18:10:51,335 - root - INFO - Epoch [1129/10000], Train Loss: 0.0234, R2: 0.9662, RMSE: 0.1529 | Valid Loss: 0.0615, R2: 0.7435, RMSE: 0.2479
2026-02-22 18:10:51,593 - root - INFO - Epoch [1130/10000], Train Loss: 0.0236, R2: 0.9659, RMSE: 0.1535 | Valid Loss: 0.0617, R2: 0.7424, RMSE: 0.2484
2026-02-22 18:10:51,853 - root - INFO - Epoch [1131/10000], Train Loss: 0.0240, R2: 0.9653, RMSE: 0.1548 | Valid Loss: 0.0630, R2: 0.7371, RMSE: 0.2510
2026-02-22 18:10:52,155 - root - INFO - Epoch [1132/10000], Train Loss: 0.0239, R2: 0.9655, RMSE: 0.1545 | Valid Loss: 0.0616, R2: 0.7430, RMSE: 0.2482
2026-02-22 18:10:52,404 - root - INFO - Epoch [1133/10000], Train Loss: 0.0237, R2: 0.9658, RMSE: 0.1539 | Valid Loss: 0.0617, R2: 0.7426, RMSE: 0.2483
2026-02-22 18:10:52,677 - root - INFO - Epoch [1134/10000], Train Loss: 0.0240, R2: 0.9653, RMSE: 0.1549 | Valid Loss: 0.0618, R2: 0.7421, RMSE: 0.2486
2026-02-22 18:10:52,965 - root - INFO - Epoch [1135/10000], Train Loss: 0.0240, R2: 0.9653, RMSE: 0.1549 | Valid Loss: 0.0618, R2: 0.7421, RMSE: 0.2486
2026-02-22 18:10:53,248 - root - INFO - Epoch [1136/10000], Train Loss: 0.0235, R2: 0.9660, RMSE: 0.1533 | Valid Loss: 0.0600, R2: 0.7497, RMSE: 0.2449
2026-02-22 18:10:53,530 - root - INFO - Epoch [1137/10000], Train Loss: 0.0235, R2: 0.9660, RMSE: 0.1534 | Valid Loss: 0.0622, R2: 0.7406, RMSE: 0.2493
2026-02-22 18:10:53,835 - root - INFO - Epoch [1138/10000], Train Loss: 0.0237, R2: 0.9657, RMSE: 0.1541 | Valid Loss: 0.0618, R2: 0.7422, RMSE: 0.2485
2026-02-22 18:10:54,141 - root - INFO - Epoch [1139/10000], Train Loss: 0.0236, R2: 0.9659, RMSE: 0.1535 | Valid Loss: 0.0607, R2: 0.7465, RMSE: 0.2464
2026-02-22 18:10:54,400 - root - INFO - Epoch [1140/10000], Train Loss: 0.0234, R2: 0.9661, RMSE: 0.1530 | Valid Loss: 0.0635, R2: 0.7351, RMSE: 0.2519
2026-02-22 18:10:54,664 - root - INFO - Epoch [1141/10000], Train Loss: 0.0246, R2: 0.9645, RMSE: 0.1567 | Valid Loss: 0.0604, R2: 0.7481, RMSE: 0.2457
2026-02-22 18:10:54,986 - root - INFO - Epoch [1142/10000], Train Loss: 0.0246, R2: 0.9645, RMSE: 0.1567 | Valid Loss: 0.0609, R2: 0.7458, RMSE: 0.2468
2026-02-22 18:10:55,267 - root - INFO - Epoch [1143/10000], Train Loss: 0.0253, R2: 0.9634, RMSE: 0.1590 | Valid Loss: 0.0613, R2: 0.7443, RMSE: 0.2475
2026-02-22 18:10:55,544 - root - INFO - Epoch [1144/10000], Train Loss: 0.0249, R2: 0.9639, RMSE: 0.1579 | Valid Loss: 0.0612, R2: 0.7447, RMSE: 0.2474
2026-02-22 18:10:55,871 - root - INFO - Epoch [1145/10000], Train Loss: 0.0249, R2: 0.9639, RMSE: 0.1579 | Valid Loss: 0.0598, R2: 0.7506, RMSE: 0.2445
2026-02-22 18:10:56,134 - root - INFO - Epoch [1146/10000], Train Loss: 0.0250, R2: 0.9639, RMSE: 0.1580 | Valid Loss: 0.0613, R2: 0.7443, RMSE: 0.2475
2026-02-22 18:10:56,408 - root - INFO - Epoch [1147/10000], Train Loss: 0.0247, R2: 0.9643, RMSE: 0.1570 | Valid Loss: 0.0621, R2: 0.7410, RMSE: 0.2491
2026-02-22 18:10:56,676 - root - INFO - Epoch [1148/10000], Train Loss: 0.0237, R2: 0.9657, RMSE: 0.1540 | Valid Loss: 0.0615, R2: 0.7435, RMSE: 0.2479
2026-02-22 18:10:56,949 - root - INFO - Epoch [1149/10000], Train Loss: 0.0233, R2: 0.9663, RMSE: 0.1526 | Valid Loss: 0.0611, R2: 0.7448, RMSE: 0.2473
2026-02-22 18:10:57,257 - root - INFO - Epoch [1150/10000], Train Loss: 0.0236, R2: 0.9659, RMSE: 0.1535 | Valid Loss: 0.0614, R2: 0.7437, RMSE: 0.2478
2026-02-22 18:10:57,542 - root - INFO - Epoch [1151/10000], Train Loss: 0.0232, R2: 0.9664, RMSE: 0.1525 | Valid Loss: 0.0611, R2: 0.7450, RMSE: 0.2472
2026-02-22 18:10:57,853 - root - INFO - Epoch [1152/10000], Train Loss: 0.0232, R2: 0.9664, RMSE: 0.1525 | Valid Loss: 0.0607, R2: 0.7467, RMSE: 0.2463
2026-02-22 18:10:58,209 - root - INFO - Epoch [1153/10000], Train Loss: 0.0234, R2: 0.9661, RMSE: 0.1530 | Valid Loss: 0.0623, R2: 0.7399, RMSE: 0.2497
2026-02-22 18:10:58,470 - root - INFO - Epoch [1154/10000], Train Loss: 0.0233, R2: 0.9664, RMSE: 0.1525 | Valid Loss: 0.0603, R2: 0.7482, RMSE: 0.2456
2026-02-22 18:10:58,754 - root - INFO - Epoch [1155/10000], Train Loss: 0.0240, R2: 0.9652, RMSE: 0.1550 | Valid Loss: 0.0605, R2: 0.7477, RMSE: 0.2459
2026-02-22 18:10:59,093 - root - INFO - Epoch [1156/10000], Train Loss: 0.0240, R2: 0.9652, RMSE: 0.1551 | Valid Loss: 0.0615, R2: 0.7433, RMSE: 0.2480
2026-02-22 18:10:59,439 - root - INFO - Epoch [1157/10000], Train Loss: 0.0236, R2: 0.9659, RMSE: 0.1537 | Valid Loss: 0.0614, R2: 0.7438, RMSE: 0.2478
2026-02-22 18:10:59,726 - root - INFO - Epoch [1158/10000], Train Loss: 0.0237, R2: 0.9657, RMSE: 0.1539 | Valid Loss: 0.0602, R2: 0.7486, RMSE: 0.2454
2026-02-22 18:11:00,007 - root - INFO - Epoch [1159/10000], Train Loss: 0.0234, R2: 0.9662, RMSE: 0.1529 | Valid Loss: 0.0604, R2: 0.7480, RMSE: 0.2457
2026-02-22 18:11:00,331 - root - INFO - Epoch [1160/10000], Train Loss: 0.0232, R2: 0.9665, RMSE: 0.1522 | Valid Loss: 0.0618, R2: 0.7419, RMSE: 0.2487
2026-02-22 18:11:00,588 - root - INFO - Epoch [1161/10000], Train Loss: 0.0234, R2: 0.9662, RMSE: 0.1530 | Valid Loss: 0.0601, R2: 0.7490, RMSE: 0.2452
2026-02-22 18:11:00,833 - root - INFO - Epoch [1162/10000], Train Loss: 0.0233, R2: 0.9663, RMSE: 0.1527 | Valid Loss: 0.0614, R2: 0.7437, RMSE: 0.2478
2026-02-22 18:11:01,088 - root - INFO - Epoch [1163/10000], Train Loss: 0.0237, R2: 0.9657, RMSE: 0.1540 | Valid Loss: 0.0596, R2: 0.7512, RMSE: 0.2442
2026-02-22 18:11:01,364 - root - INFO - Epoch [1164/10000], Train Loss: 0.0233, R2: 0.9663, RMSE: 0.1527 | Valid Loss: 0.0605, R2: 0.7474, RMSE: 0.2460
2026-02-22 18:11:01,623 - root - INFO - Epoch [1165/10000], Train Loss: 0.0235, R2: 0.9661, RMSE: 0.1531 | Valid Loss: 0.0603, R2: 0.7485, RMSE: 0.2455
2026-02-22 18:11:01,895 - root - INFO - Epoch [1166/10000], Train Loss: 0.0235, R2: 0.9660, RMSE: 0.1534 | Valid Loss: 0.0601, R2: 0.7491, RMSE: 0.2452
2026-02-22 18:11:02,205 - root - INFO - Epoch [1167/10000], Train Loss: 0.0232, R2: 0.9664, RMSE: 0.1523 | Valid Loss: 0.0607, R2: 0.7466, RMSE: 0.2464
2026-02-22 18:11:02,528 - root - INFO - Epoch [1168/10000], Train Loss: 0.0233, R2: 0.9663, RMSE: 0.1526 | Valid Loss: 0.0603, R2: 0.7482, RMSE: 0.2456
2026-02-22 18:11:02,842 - root - INFO - Epoch [1169/10000], Train Loss: 0.0244, R2: 0.9647, RMSE: 0.1562 | Valid Loss: 0.0619, R2: 0.7415, RMSE: 0.2489
2026-02-22 18:11:03,174 - root - INFO - Epoch [1170/10000], Train Loss: 0.0239, R2: 0.9654, RMSE: 0.1546 | Valid Loss: 0.0597, R2: 0.7510, RMSE: 0.2442
2026-02-22 18:11:03,471 - root - INFO - Epoch [1171/10000], Train Loss: 0.0244, R2: 0.9647, RMSE: 0.1563 | Valid Loss: 0.0602, R2: 0.7489, RMSE: 0.2453
2026-02-22 18:11:03,789 - root - INFO - Epoch [1172/10000], Train Loss: 0.0267, R2: 0.9614, RMSE: 0.1633 | Valid Loss: 0.0629, R2: 0.7376, RMSE: 0.2507
2026-02-22 18:11:04,042 - root - INFO - Epoch [1173/10000], Train Loss: 0.0236, R2: 0.9659, RMSE: 0.1536 | Valid Loss: 0.0600, R2: 0.7494, RMSE: 0.2450
2026-02-22 18:11:04,350 - root - INFO - Epoch [1174/10000], Train Loss: 0.0231, R2: 0.9666, RMSE: 0.1520 | Valid Loss: 0.0615, R2: 0.7431, RMSE: 0.2481
2026-02-22 18:11:04,615 - root - INFO - Epoch [1175/10000], Train Loss: 0.0234, R2: 0.9661, RMSE: 0.1531 | Valid Loss: 0.0599, R2: 0.7498, RMSE: 0.2448
2026-02-22 18:11:04,932 - root - INFO - Epoch [1176/10000], Train Loss: 0.0232, R2: 0.9664, RMSE: 0.1524 | Valid Loss: 0.0605, R2: 0.7477, RMSE: 0.2459
2026-02-22 18:11:05,259 - root - INFO - Epoch [1177/10000], Train Loss: 0.0235, R2: 0.9661, RMSE: 0.1532 | Valid Loss: 0.0619, R2: 0.7415, RMSE: 0.2489
2026-02-22 18:11:05,600 - root - INFO - Epoch [1178/10000], Train Loss: 0.0235, R2: 0.9660, RMSE: 0.1533 | Valid Loss: 0.0621, R2: 0.7409, RMSE: 0.2492
2026-02-22 18:11:05,890 - root - INFO - Epoch [1179/10000], Train Loss: 0.0233, R2: 0.9664, RMSE: 0.1525 | Valid Loss: 0.0598, R2: 0.7503, RMSE: 0.2446
2026-02-22 18:11:06,182 - root - INFO - Epoch [1180/10000], Train Loss: 0.0231, R2: 0.9666, RMSE: 0.1520 | Valid Loss: 0.0602, R2: 0.7488, RMSE: 0.2453
2026-02-22 18:11:06,458 - root - INFO - Epoch [1181/10000], Train Loss: 0.0231, R2: 0.9666, RMSE: 0.1520 | Valid Loss: 0.0598, R2: 0.7502, RMSE: 0.2446
2026-02-22 18:11:06,696 - root - INFO - Epoch [1182/10000], Train Loss: 0.0236, R2: 0.9659, RMSE: 0.1535 | Valid Loss: 0.0605, R2: 0.7475, RMSE: 0.2460
2026-02-22 18:11:06,965 - root - INFO - Epoch [1183/10000], Train Loss: 0.0234, R2: 0.9662, RMSE: 0.1529 | Valid Loss: 0.0599, R2: 0.7502, RMSE: 0.2447
2026-02-22 18:11:07,242 - root - INFO - Epoch [1184/10000], Train Loss: 0.0231, R2: 0.9666, RMSE: 0.1519 | Valid Loss: 0.0603, R2: 0.7482, RMSE: 0.2456
2026-02-22 18:11:07,540 - root - INFO - Epoch [1185/10000], Train Loss: 0.0232, R2: 0.9664, RMSE: 0.1524 | Valid Loss: 0.0609, R2: 0.7458, RMSE: 0.2468
2026-02-22 18:11:07,864 - root - INFO - Epoch [1186/10000], Train Loss: 0.0231, R2: 0.9667, RMSE: 0.1518 | Valid Loss: 0.0594, R2: 0.7521, RMSE: 0.2437
2026-02-22 18:11:08,248 - root - INFO - Epoch [1187/10000], Train Loss: 0.0232, R2: 0.9664, RMSE: 0.1524 | Valid Loss: 0.0593, R2: 0.7525, RMSE: 0.2435
2026-02-22 18:11:08,564 - root - INFO - Epoch [1188/10000], Train Loss: 0.0233, R2: 0.9663, RMSE: 0.1526 | Valid Loss: 0.0607, R2: 0.7466, RMSE: 0.2464
2026-02-22 18:11:08,853 - root - INFO - Epoch [1189/10000], Train Loss: 0.0237, R2: 0.9657, RMSE: 0.1541 | Valid Loss: 0.0609, R2: 0.7459, RMSE: 0.2468
2026-02-22 18:11:09,268 - root - INFO - Epoch [1190/10000], Train Loss: 0.0229, R2: 0.9669, RMSE: 0.1513 | Valid Loss: 0.0598, R2: 0.7502, RMSE: 0.2446
2026-02-22 18:11:09,595 - root - INFO - Epoch [1191/10000], Train Loss: 0.0233, R2: 0.9663, RMSE: 0.1526 | Valid Loss: 0.0605, R2: 0.7475, RMSE: 0.2460
2026-02-22 18:11:09,869 - root - INFO - Epoch [1192/10000], Train Loss: 0.0233, R2: 0.9662, RMSE: 0.1528 | Valid Loss: 0.0611, R2: 0.7449, RMSE: 0.2472
2026-02-22 18:11:10,163 - root - INFO - Epoch [1193/10000], Train Loss: 0.0233, R2: 0.9662, RMSE: 0.1528 | Valid Loss: 0.0601, R2: 0.7492, RMSE: 0.2452
2026-02-22 18:11:10,496 - root - INFO - Epoch [1194/10000], Train Loss: 0.0232, R2: 0.9664, RMSE: 0.1523 | Valid Loss: 0.0597, R2: 0.7507, RMSE: 0.2444
2026-02-22 18:11:10,847 - root - INFO - Epoch [1195/10000], Train Loss: 0.0231, R2: 0.9666, RMSE: 0.1520 | Valid Loss: 0.0594, R2: 0.7523, RMSE: 0.2436
2026-02-22 18:11:11,140 - root - INFO - Epoch [1196/10000], Train Loss: 0.0237, R2: 0.9657, RMSE: 0.1540 | Valid Loss: 0.0596, R2: 0.7515, RMSE: 0.2440
2026-02-22 18:11:11,429 - root - INFO - Epoch [1197/10000], Train Loss: 0.0230, R2: 0.9668, RMSE: 0.1516 | Valid Loss: 0.0593, R2: 0.7527, RMSE: 0.2434
2026-02-22 18:11:11,706 - root - INFO - Epoch [1198/10000], Train Loss: 0.0234, R2: 0.9661, RMSE: 0.1531 | Valid Loss: 0.0594, R2: 0.7520, RMSE: 0.2438
2026-02-22 18:11:12,031 - root - INFO - Epoch [1199/10000], Train Loss: 0.0232, R2: 0.9664, RMSE: 0.1525 | Valid Loss: 0.0616, R2: 0.7431, RMSE: 0.2481
2026-02-22 18:11:12,314 - root - INFO - Epoch [1200/10000], Train Loss: 0.0241, R2: 0.9651, RMSE: 0.1553 | Valid Loss: 0.0598, R2: 0.7503, RMSE: 0.2446
2026-02-22 18:11:12,593 - root - INFO - Epoch [1201/10000], Train Loss: 0.0231, R2: 0.9666, RMSE: 0.1519 | Valid Loss: 0.0595, R2: 0.7515, RMSE: 0.2440
2026-02-22 18:11:12,894 - root - INFO - Epoch [1202/10000], Train Loss: 0.0230, R2: 0.9667, RMSE: 0.1518 | Valid Loss: 0.0599, R2: 0.7499, RMSE: 0.2448
2026-02-22 18:11:13,194 - root - INFO - Epoch [1203/10000], Train Loss: 0.0232, R2: 0.9664, RMSE: 0.1525 | Valid Loss: 0.0594, R2: 0.7519, RMSE: 0.2438
2026-02-22 18:11:13,603 - root - INFO - Epoch [1204/10000], Train Loss: 0.0231, R2: 0.9666, RMSE: 0.1520 | Valid Loss: 0.0605, R2: 0.7475, RMSE: 0.2460
2026-02-22 18:11:13,949 - root - INFO - Epoch [1205/10000], Train Loss: 0.0238, R2: 0.9656, RMSE: 0.1542 | Valid Loss: 0.0605, R2: 0.7474, RMSE: 0.2460
2026-02-22 18:11:14,239 - root - INFO - Epoch [1206/10000], Train Loss: 0.0233, R2: 0.9663, RMSE: 0.1526 | Valid Loss: 0.0603, R2: 0.7484, RMSE: 0.2455
2026-02-22 18:11:14,560 - root - INFO - Epoch [1207/10000], Train Loss: 0.0229, R2: 0.9668, RMSE: 0.1515 | Valid Loss: 0.0585, R2: 0.7558, RMSE: 0.2419
2026-02-22 18:11:14,925 - root - INFO - Epoch [1208/10000], Train Loss: 0.0232, R2: 0.9665, RMSE: 0.1523 | Valid Loss: 0.0597, R2: 0.7507, RMSE: 0.2444
2026-02-22 18:11:15,254 - root - INFO - Epoch [1209/10000], Train Loss: 0.0231, R2: 0.9665, RMSE: 0.1521 | Valid Loss: 0.0608, R2: 0.7464, RMSE: 0.2465
2026-02-22 18:11:15,589 - root - INFO - Epoch [1210/10000], Train Loss: 0.0231, R2: 0.9667, RMSE: 0.1518 | Valid Loss: 0.0598, R2: 0.7505, RMSE: 0.2445
2026-02-22 18:11:15,885 - root - INFO - Epoch [1211/10000], Train Loss: 0.0235, R2: 0.9660, RMSE: 0.1532 | Valid Loss: 0.0585, R2: 0.7559, RMSE: 0.2418
2026-02-22 18:11:16,168 - root - INFO - Epoch [1212/10000], Train Loss: 0.0236, R2: 0.9659, RMSE: 0.1535 | Valid Loss: 0.0625, R2: 0.7390, RMSE: 0.2501
2026-02-22 18:11:16,528 - root - INFO - Epoch [1213/10000], Train Loss: 0.0230, R2: 0.9668, RMSE: 0.1516 | Valid Loss: 0.0592, R2: 0.7529, RMSE: 0.2433
2026-02-22 18:11:16,827 - root - INFO - Epoch [1214/10000], Train Loss: 0.0230, R2: 0.9667, RMSE: 0.1517 | Valid Loss: 0.0604, R2: 0.7481, RMSE: 0.2457
2026-02-22 18:11:17,108 - root - INFO - Epoch [1215/10000], Train Loss: 0.0242, R2: 0.9650, RMSE: 0.1555 | Valid Loss: 0.0602, R2: 0.7489, RMSE: 0.2453
2026-02-22 18:11:17,425 - root - INFO - Epoch [1216/10000], Train Loss: 0.0232, R2: 0.9665, RMSE: 0.1523 | Valid Loss: 0.0604, R2: 0.7478, RMSE: 0.2458
2026-02-22 18:11:17,725 - root - INFO - Epoch [1217/10000], Train Loss: 0.0239, R2: 0.9655, RMSE: 0.1545 | Valid Loss: 0.0618, R2: 0.7419, RMSE: 0.2487
2026-02-22 18:11:18,016 - root - INFO - Epoch [1218/10000], Train Loss: 0.0238, R2: 0.9656, RMSE: 0.1542 | Valid Loss: 0.0598, R2: 0.7504, RMSE: 0.2446
2026-02-22 18:11:18,385 - root - INFO - Epoch [1219/10000], Train Loss: 0.0233, R2: 0.9663, RMSE: 0.1526 | Valid Loss: 0.0607, R2: 0.7465, RMSE: 0.2465
2026-02-22 18:11:18,678 - root - INFO - Epoch [1220/10000], Train Loss: 0.0230, R2: 0.9667, RMSE: 0.1518 | Valid Loss: 0.0607, R2: 0.7468, RMSE: 0.2463
2026-02-22 18:11:18,951 - root - INFO - Epoch [1221/10000], Train Loss: 0.0230, R2: 0.9667, RMSE: 0.1518 | Valid Loss: 0.0607, R2: 0.7467, RMSE: 0.2464
2026-02-22 18:11:19,248 - root - INFO - Epoch [1222/10000], Train Loss: 0.0233, R2: 0.9663, RMSE: 0.1526 | Valid Loss: 0.0607, R2: 0.7465, RMSE: 0.2465
2026-02-22 18:11:19,453 - root - INFO - Epoch [1223/10000], Train Loss: 0.0233, R2: 0.9663, RMSE: 0.1526 | Valid Loss: 0.0597, R2: 0.7509, RMSE: 0.2443
2026-02-22 18:11:19,629 - root - INFO - Epoch [1224/10000], Train Loss: 0.0231, R2: 0.9666, RMSE: 0.1520 | Valid Loss: 0.0588, R2: 0.7544, RMSE: 0.2426
2026-02-22 18:11:19,804 - root - INFO - Epoch [1225/10000], Train Loss: 0.0231, R2: 0.9666, RMSE: 0.1519 | Valid Loss: 0.0590, R2: 0.7536, RMSE: 0.2430
2026-02-22 18:11:20,003 - root - INFO - Epoch [1226/10000], Train Loss: 0.0232, R2: 0.9664, RMSE: 0.1523 | Valid Loss: 0.0600, R2: 0.7498, RMSE: 0.2449
2026-02-22 18:11:20,207 - root - INFO - Epoch [1227/10000], Train Loss: 0.0232, R2: 0.9664, RMSE: 0.1524 | Valid Loss: 0.0597, R2: 0.7508, RMSE: 0.2444
2026-02-22 18:11:20,481 - root - INFO - Epoch [1228/10000], Train Loss: 0.0235, R2: 0.9661, RMSE: 0.1532 | Valid Loss: 0.0589, R2: 0.7540, RMSE: 0.2428
2026-02-22 18:11:20,744 - root - INFO - Epoch [1229/10000], Train Loss: 0.0242, R2: 0.9650, RMSE: 0.1555 | Valid Loss: 0.0609, R2: 0.7459, RMSE: 0.2468
2026-02-22 18:11:21,037 - root - INFO - Epoch [1230/10000], Train Loss: 0.0241, R2: 0.9651, RMSE: 0.1553 | Valid Loss: 0.0604, R2: 0.7477, RMSE: 0.2459
2026-02-22 18:11:21,320 - root - INFO - Epoch [1231/10000], Train Loss: 0.0238, R2: 0.9656, RMSE: 0.1542 | Valid Loss: 0.0588, R2: 0.7546, RMSE: 0.2425
2026-02-22 18:11:21,586 - root - INFO - Epoch [1232/10000], Train Loss: 0.0252, R2: 0.9636, RMSE: 0.1586 | Valid Loss: 0.0602, R2: 0.7487, RMSE: 0.2454
2026-02-22 18:11:21,873 - root - INFO - Epoch [1233/10000], Train Loss: 0.0233, R2: 0.9662, RMSE: 0.1528 | Valid Loss: 0.0610, R2: 0.7456, RMSE: 0.2469
2026-02-22 18:11:22,127 - root - INFO - Epoch [1234/10000], Train Loss: 0.0230, R2: 0.9667, RMSE: 0.1516 | Valid Loss: 0.0594, R2: 0.7522, RMSE: 0.2437
2026-02-22 18:11:22,412 - root - INFO - Epoch [1235/10000], Train Loss: 0.0234, R2: 0.9661, RMSE: 0.1531 | Valid Loss: 0.0601, R2: 0.7492, RMSE: 0.2451
2026-02-22 18:11:22,678 - root - INFO - Epoch [1236/10000], Train Loss: 0.0228, R2: 0.9670, RMSE: 0.1511 | Valid Loss: 0.0610, R2: 0.7456, RMSE: 0.2469
2026-02-22 18:11:22,972 - root - INFO - Epoch [1237/10000], Train Loss: 0.0238, R2: 0.9656, RMSE: 0.1543 | Valid Loss: 0.0605, R2: 0.7476, RMSE: 0.2459
2026-02-22 18:11:23,241 - root - INFO - Epoch [1238/10000], Train Loss: 0.0232, R2: 0.9665, RMSE: 0.1522 | Valid Loss: 0.0600, R2: 0.7496, RMSE: 0.2450
2026-02-22 18:11:23,577 - root - INFO - Epoch [1239/10000], Train Loss: 0.0236, R2: 0.9659, RMSE: 0.1536 | Valid Loss: 0.0595, R2: 0.7515, RMSE: 0.2440
2026-02-22 18:11:23,830 - root - INFO - Epoch [1240/10000], Train Loss: 0.0240, R2: 0.9653, RMSE: 0.1550 | Valid Loss: 0.0602, R2: 0.7486, RMSE: 0.2454
2026-02-22 18:11:24,049 - root - INFO - Epoch [1241/10000], Train Loss: 0.0234, R2: 0.9661, RMSE: 0.1530 | Valid Loss: 0.0617, R2: 0.7426, RMSE: 0.2483
2026-02-22 18:11:24,253 - root - INFO - Epoch [1242/10000], Train Loss: 0.0239, R2: 0.9654, RMSE: 0.1547 | Valid Loss: 0.0593, R2: 0.7526, RMSE: 0.2435
2026-02-22 18:11:24,500 - root - INFO - Epoch [1243/10000], Train Loss: 0.0234, R2: 0.9662, RMSE: 0.1529 | Valid Loss: 0.0616, R2: 0.7431, RMSE: 0.2481
2026-02-22 18:11:24,779 - root - INFO - Epoch [1244/10000], Train Loss: 0.0237, R2: 0.9658, RMSE: 0.1538 | Valid Loss: 0.0598, R2: 0.7505, RMSE: 0.2445
2026-02-22 18:11:25,048 - root - INFO - Epoch [1245/10000], Train Loss: 0.0235, R2: 0.9659, RMSE: 0.1534 | Valid Loss: 0.0605, R2: 0.7475, RMSE: 0.2460
2026-02-22 18:11:25,379 - root - INFO - Epoch [1246/10000], Train Loss: 0.0230, R2: 0.9668, RMSE: 0.1515 | Valid Loss: 0.0602, R2: 0.7489, RMSE: 0.2453
2026-02-22 18:11:25,697 - root - INFO - Epoch [1247/10000], Train Loss: 0.0233, R2: 0.9662, RMSE: 0.1528 | Valid Loss: 0.0590, R2: 0.7537, RMSE: 0.2429
2026-02-22 18:11:25,977 - root - INFO - Epoch [1248/10000], Train Loss: 0.0246, R2: 0.9645, RMSE: 0.1568 | Valid Loss: 0.0609, R2: 0.7456, RMSE: 0.2469
2026-02-22 18:11:26,267 - root - INFO - Epoch [1249/10000], Train Loss: 0.0228, R2: 0.9671, RMSE: 0.1509 | Valid Loss: 0.0592, R2: 0.7527, RMSE: 0.2434
2026-02-22 18:11:26,658 - root - INFO - Epoch [1250/10000], Train Loss: 0.0229, R2: 0.9668, RMSE: 0.1514 | Valid Loss: 0.0602, R2: 0.7490, RMSE: 0.2453
2026-02-22 18:11:27,034 - root - INFO - Epoch [1251/10000], Train Loss: 0.0230, R2: 0.9667, RMSE: 0.1517 | Valid Loss: 0.0596, R2: 0.7511, RMSE: 0.2442
2026-02-22 18:11:27,412 - root - INFO - Epoch [1252/10000], Train Loss: 0.0233, R2: 0.9662, RMSE: 0.1528 | Valid Loss: 0.0611, R2: 0.7452, RMSE: 0.2471
2026-02-22 18:11:27,749 - root - INFO - Epoch [1253/10000], Train Loss: 0.0240, R2: 0.9652, RMSE: 0.1550 | Valid Loss: 0.0604, R2: 0.7480, RMSE: 0.2457
2026-02-22 18:11:28,019 - root - INFO - Epoch [1254/10000], Train Loss: 0.0238, R2: 0.9655, RMSE: 0.1544 | Valid Loss: 0.0602, R2: 0.7487, RMSE: 0.2454
2026-02-22 18:11:28,287 - root - INFO - Epoch [1255/10000], Train Loss: 0.0231, R2: 0.9667, RMSE: 0.1518 | Valid Loss: 0.0612, R2: 0.7445, RMSE: 0.2474
2026-02-22 18:11:28,588 - root - INFO - Epoch [1256/10000], Train Loss: 0.0231, R2: 0.9665, RMSE: 0.1521 | Valid Loss: 0.0621, R2: 0.7409, RMSE: 0.2492
2026-02-22 18:11:28,861 - root - INFO - Epoch [1257/10000], Train Loss: 0.0236, R2: 0.9659, RMSE: 0.1536 | Valid Loss: 0.0600, R2: 0.7498, RMSE: 0.2449
2026-02-22 18:11:29,152 - root - INFO - Epoch [1258/10000], Train Loss: 0.0230, R2: 0.9667, RMSE: 0.1518 | Valid Loss: 0.0594, R2: 0.7519, RMSE: 0.2438
2026-02-22 18:11:29,447 - root - INFO - Epoch [1259/10000], Train Loss: 0.0229, R2: 0.9669, RMSE: 0.1513 | Valid Loss: 0.0599, R2: 0.7500, RMSE: 0.2447
2026-02-22 18:11:29,740 - root - INFO - Epoch [1260/10000], Train Loss: 0.0232, R2: 0.9664, RMSE: 0.1524 | Valid Loss: 0.0607, R2: 0.7466, RMSE: 0.2464
2026-02-22 18:11:30,048 - root - INFO - Epoch [1261/10000], Train Loss: 0.0232, R2: 0.9665, RMSE: 0.1523 | Valid Loss: 0.0605, R2: 0.7475, RMSE: 0.2459
2026-02-22 18:11:30,412 - root - INFO - Epoch [1262/10000], Train Loss: 0.0232, R2: 0.9664, RMSE: 0.1525 | Valid Loss: 0.0610, R2: 0.7456, RMSE: 0.2469
2026-02-22 18:11:30,753 - root - INFO - Epoch [1263/10000], Train Loss: 0.0241, R2: 0.9652, RMSE: 0.1552 | Valid Loss: 0.0597, R2: 0.7510, RMSE: 0.2443
2026-02-22 18:11:31,044 - root - INFO - Epoch [1264/10000], Train Loss: 0.0232, R2: 0.9664, RMSE: 0.1524 | Valid Loss: 0.0600, R2: 0.7494, RMSE: 0.2450
2026-02-22 18:11:31,380 - root - INFO - Epoch [1265/10000], Train Loss: 0.0231, R2: 0.9667, RMSE: 0.1518 | Valid Loss: 0.0598, R2: 0.7504, RMSE: 0.2446
2026-02-22 18:11:31,670 - root - INFO - Epoch [1266/10000], Train Loss: 0.0235, R2: 0.9661, RMSE: 0.1532 | Valid Loss: 0.0589, R2: 0.7543, RMSE: 0.2426
2026-02-22 18:11:31,948 - root - INFO - Epoch [1267/10000], Train Loss: 0.0230, R2: 0.9668, RMSE: 0.1516 | Valid Loss: 0.0596, R2: 0.7513, RMSE: 0.2441
2026-02-22 18:11:32,203 - root - INFO - Epoch [1268/10000], Train Loss: 0.0230, R2: 0.9668, RMSE: 0.1515 | Valid Loss: 0.0616, R2: 0.7430, RMSE: 0.2482
2026-02-22 18:11:32,518 - root - INFO - Epoch [1269/10000], Train Loss: 0.0233, R2: 0.9663, RMSE: 0.1526 | Valid Loss: 0.0589, R2: 0.7540, RMSE: 0.2428
2026-02-22 18:11:32,789 - root - INFO - Epoch [1270/10000], Train Loss: 0.0236, R2: 0.9659, RMSE: 0.1536 | Valid Loss: 0.0606, R2: 0.7473, RMSE: 0.2461
2026-02-22 18:11:33,041 - root - INFO - Epoch [1271/10000], Train Loss: 0.0235, R2: 0.9660, RMSE: 0.1534 | Valid Loss: 0.0605, R2: 0.7475, RMSE: 0.2460
2026-02-22 18:11:33,267 - root - INFO - Epoch [1272/10000], Train Loss: 0.0230, R2: 0.9667, RMSE: 0.1517 | Valid Loss: 0.0610, R2: 0.7453, RMSE: 0.2471
2026-02-22 18:11:33,508 - root - INFO - Epoch [1273/10000], Train Loss: 0.0228, R2: 0.9670, RMSE: 0.1512 | Valid Loss: 0.0611, R2: 0.7452, RMSE: 0.2471
2026-02-22 18:11:33,777 - root - INFO - Epoch [1274/10000], Train Loss: 0.0231, R2: 0.9667, RMSE: 0.1518 | Valid Loss: 0.0600, R2: 0.7496, RMSE: 0.2450
2026-02-22 18:11:34,095 - root - INFO - Epoch [1275/10000], Train Loss: 0.0228, R2: 0.9670, RMSE: 0.1511 | Valid Loss: 0.0603, R2: 0.7483, RMSE: 0.2456
2026-02-22 18:11:34,378 - root - INFO - Epoch [1276/10000], Train Loss: 0.0228, R2: 0.9670, RMSE: 0.1512 | Valid Loss: 0.0589, R2: 0.7543, RMSE: 0.2426
2026-02-22 18:11:34,734 - root - INFO - Epoch [1277/10000], Train Loss: 0.0231, R2: 0.9665, RMSE: 0.1521 | Valid Loss: 0.0591, R2: 0.7533, RMSE: 0.2431
2026-02-22 18:11:34,980 - root - INFO - Epoch [1278/10000], Train Loss: 0.0230, R2: 0.9667, RMSE: 0.1518 | Valid Loss: 0.0592, R2: 0.7528, RMSE: 0.2434
2026-02-22 18:11:35,239 - root - INFO - Epoch [1279/10000], Train Loss: 0.0226, R2: 0.9674, RMSE: 0.1502 | Valid Loss: 0.0597, R2: 0.7510, RMSE: 0.2443
2026-02-22 18:11:35,526 - root - INFO - Epoch [1280/10000], Train Loss: 0.0239, R2: 0.9655, RMSE: 0.1544 | Valid Loss: 0.0615, R2: 0.7433, RMSE: 0.2480
2026-02-22 18:11:35,850 - root - INFO - Epoch [1281/10000], Train Loss: 0.0238, R2: 0.9655, RMSE: 0.1544 | Valid Loss: 0.0606, R2: 0.7471, RMSE: 0.2462
2026-02-22 18:11:36,176 - root - INFO - Epoch [1282/10000], Train Loss: 0.0247, R2: 0.9642, RMSE: 0.1572 | Valid Loss: 0.0595, R2: 0.7518, RMSE: 0.2439
2026-02-22 18:11:36,465 - root - INFO - Epoch [1283/10000], Train Loss: 0.0231, R2: 0.9666, RMSE: 0.1520 | Valid Loss: 0.0613, R2: 0.7441, RMSE: 0.2476
2026-02-22 18:11:36,739 - root - INFO - Epoch [1284/10000], Train Loss: 0.0237, R2: 0.9658, RMSE: 0.1539 | Valid Loss: 0.0603, R2: 0.7485, RMSE: 0.2455
2026-02-22 18:11:37,026 - root - INFO - Epoch [1285/10000], Train Loss: 0.0238, R2: 0.9656, RMSE: 0.1542 | Valid Loss: 0.0585, R2: 0.7557, RMSE: 0.2420
2026-02-22 18:11:37,356 - root - INFO - Epoch [1286/10000], Train Loss: 0.0241, R2: 0.9652, RMSE: 0.1551 | Valid Loss: 0.0599, R2: 0.7500, RMSE: 0.2447
2026-02-22 18:11:37,659 - root - INFO - Epoch [1287/10000], Train Loss: 0.0229, R2: 0.9669, RMSE: 0.1512 | Valid Loss: 0.0610, R2: 0.7454, RMSE: 0.2470
2026-02-22 18:11:37,947 - root - INFO - Epoch [1288/10000], Train Loss: 0.0229, R2: 0.9668, RMSE: 0.1514 | Valid Loss: 0.0600, R2: 0.7494, RMSE: 0.2450
2026-02-22 18:11:38,251 - root - INFO - Epoch [1289/10000], Train Loss: 0.0231, R2: 0.9666, RMSE: 0.1519 | Valid Loss: 0.0606, R2: 0.7470, RMSE: 0.2462
2026-02-22 18:11:38,519 - root - INFO - Epoch [1290/10000], Train Loss: 0.0238, R2: 0.9656, RMSE: 0.1541 | Valid Loss: 0.0602, R2: 0.7488, RMSE: 0.2453
2026-02-22 18:11:38,795 - root - INFO - Epoch [1291/10000], Train Loss: 0.0237, R2: 0.9657, RMSE: 0.1540 | Valid Loss: 0.0595, R2: 0.7517, RMSE: 0.2439
2026-02-22 18:11:39,078 - root - INFO - Epoch [1292/10000], Train Loss: 0.0233, R2: 0.9664, RMSE: 0.1525 | Valid Loss: 0.0627, R2: 0.7382, RMSE: 0.2504
2026-02-22 18:11:39,360 - root - INFO - Epoch [1293/10000], Train Loss: 0.0232, R2: 0.9665, RMSE: 0.1522 | Valid Loss: 0.0602, R2: 0.7486, RMSE: 0.2455
2026-02-22 18:11:39,690 - root - INFO - Epoch [1294/10000], Train Loss: 0.0242, R2: 0.9650, RMSE: 0.1555 | Valid Loss: 0.0624, R2: 0.7398, RMSE: 0.2497
2026-02-22 18:11:39,983 - root - INFO - Epoch [1295/10000], Train Loss: 0.0228, R2: 0.9670, RMSE: 0.1511 | Valid Loss: 0.0601, R2: 0.7492, RMSE: 0.2452
2026-02-22 18:11:40,268 - root - INFO - Epoch [1296/10000], Train Loss: 0.0233, R2: 0.9663, RMSE: 0.1526 | Valid Loss: 0.0591, R2: 0.7533, RMSE: 0.2431
2026-02-22 18:11:40,565 - root - INFO - Epoch [1297/10000], Train Loss: 0.0232, R2: 0.9665, RMSE: 0.1523 | Valid Loss: 0.0605, R2: 0.7476, RMSE: 0.2459
2026-02-22 18:11:40,803 - root - INFO - Epoch [1298/10000], Train Loss: 0.0234, R2: 0.9662, RMSE: 0.1528 | Valid Loss: 0.0620, R2: 0.7412, RMSE: 0.2490
2026-02-22 18:11:41,073 - root - INFO - Epoch [1299/10000], Train Loss: 0.0233, R2: 0.9663, RMSE: 0.1526 | Valid Loss: 0.0590, R2: 0.7539, RMSE: 0.2428
2026-02-22 18:11:41,348 - root - INFO - Epoch [1300/10000], Train Loss: 0.0250, R2: 0.9639, RMSE: 0.1580 | Valid Loss: 0.0613, R2: 0.7444, RMSE: 0.2475
2026-02-22 18:11:41,638 - root - INFO - Epoch [1301/10000], Train Loss: 0.0231, R2: 0.9666, RMSE: 0.1519 | Valid Loss: 0.0599, R2: 0.7500, RMSE: 0.2448
2026-02-22 18:11:41,916 - root - INFO - Epoch [1302/10000], Train Loss: 0.0229, R2: 0.9669, RMSE: 0.1512 | Valid Loss: 0.0607, R2: 0.7468, RMSE: 0.2463
2026-02-22 18:11:42,187 - root - INFO - Epoch [1303/10000], Train Loss: 0.0231, R2: 0.9666, RMSE: 0.1520 | Valid Loss: 0.0622, R2: 0.7406, RMSE: 0.2493
2026-02-22 18:11:42,448 - root - INFO - Epoch [1304/10000], Train Loss: 0.0232, R2: 0.9665, RMSE: 0.1522 | Valid Loss: 0.0613, R2: 0.7441, RMSE: 0.2476
2026-02-22 18:11:42,743 - root - INFO - Epoch [1305/10000], Train Loss: 0.0228, R2: 0.9670, RMSE: 0.1510 | Valid Loss: 0.0606, R2: 0.7471, RMSE: 0.2462
2026-02-22 18:11:43,015 - root - INFO - Epoch [1306/10000], Train Loss: 0.0233, R2: 0.9664, RMSE: 0.1525 | Valid Loss: 0.0604, R2: 0.7481, RMSE: 0.2457
2026-02-22 18:11:43,298 - root - INFO - Epoch [1307/10000], Train Loss: 0.0234, R2: 0.9661, RMSE: 0.1530 | Valid Loss: 0.0609, R2: 0.7460, RMSE: 0.2467
2026-02-22 18:11:43,588 - root - INFO - Epoch [1308/10000], Train Loss: 0.0234, R2: 0.9662, RMSE: 0.1529 | Valid Loss: 0.0596, R2: 0.7513, RMSE: 0.2441
2026-02-22 18:11:43,931 - root - INFO - Epoch [1309/10000], Train Loss: 0.0233, R2: 0.9663, RMSE: 0.1527 | Valid Loss: 0.0606, R2: 0.7473, RMSE: 0.2461
2026-02-22 18:11:44,213 - root - INFO - Epoch [1310/10000], Train Loss: 0.0228, R2: 0.9670, RMSE: 0.1511 | Valid Loss: 0.0608, R2: 0.7462, RMSE: 0.2466
2026-02-22 18:11:44,486 - root - INFO - Early stopping triggered at epoch 1311. No improvement for 100 epochs.
2026-02-22 18:11:44,576 - root - INFO - Test Loss: 0.1187, R2 Score: 0.3775, RMSE: 0.3445
