2026-03-25 02:00:36,823 - root - INFO - 合并后的价格数据预览：
2026-03-25 02:00:36,918 - root - INFO -                 宁德时代  market_data_1_上证综指  market_data_2_深证成指  \
2026-03-25 02:00:36,918 - root - INFO - date
2026-03-25 02:00:36,918 - root - INFO - 2019-01-03  0.002308           -0.000377           -0.008368
2026-03-25 02:00:36,918 - root - INFO - 2019-01-04  0.042395            0.020495            0.027562
2026-03-25 02:00:36,918 - root - INFO - 2019-01-07  0.005977            0.007245            0.015836
2026-03-25 02:00:36,919 - root - INFO - 2019-01-08  0.024671           -0.002616           -0.001156
2026-03-25 02:00:36,919 - root - INFO - 2019-01-09 -0.017018            0.007078            0.007615
2026-03-25 02:00:36,919 - root - INFO - ...              ...                 ...                 ...
2026-03-25 02:00:36,919 - root - INFO - 2025-12-25 -0.006896            0.004738            0.003336
2026-03-25 02:00:36,919 - root - INFO - 2025-12-26  0.003807            0.001025            0.005357
2026-03-25 02:00:36,919 - root - INFO - 2025-12-29 -0.013674            0.000404           -0.004910
2026-03-25 02:00:36,919 - root - INFO - 2025-12-30 -0.000298           -0.000041            0.004947
2026-03-25 02:00:36,919 - root - INFO - 2025-12-31 -0.005255            0.000939           -0.005810
2026-03-25 02:00:36,919 - root - INFO - 
2026-03-25 02:00:36,919 - root - INFO -             market_data_3_创业板指  related_stock_1_中兴通讯  related_stock_2_中国长城  \
2026-03-25 02:00:36,919 - root - INFO - date
2026-03-25 02:00:36,919 - root - INFO - 2019-01-03           -0.011613             -0.039877              0.014862
2026-03-25 02:00:36,919 - root - INFO - 2019-01-04            0.025245              0.022364              0.035565
2026-03-25 02:00:36,919 - root - INFO - 2019-01-07            0.018393              0.042708              0.016162
2026-03-25 02:00:36,919 - root - INFO - 2019-01-08           -0.003587             -0.005994             -0.011928
2026-03-25 02:00:36,919 - root - INFO - 2019-01-09           -0.000787              0.001005              0.006036
2026-03-25 02:00:36,919 - root - INFO - ...                        ...                   ...                   ...
2026-03-25 02:00:36,919 - root - INFO - 2025-12-25            0.003024             -0.004181              0.007807
2026-03-25 02:00:36,919 - root - INFO - 2025-12-26            0.001399             -0.005510              0.022535
2026-03-25 02:00:36,919 - root - INFO - 2025-12-29           -0.006555             -0.011082             -0.010331
2026-03-25 02:00:36,919 - root - INFO - 2025-12-30            0.006297             -0.005603             -0.005567
2026-03-25 02:00:36,919 - root - INFO - 2025-12-31           -0.012252              0.015294              0.008397
2026-03-25 02:00:36,919 - root - INFO - 
2026-03-25 02:00:36,919 - root - INFO -             related_stock_3_云南白药  related_stock_4_长安汽车  related_stock_5_格力电器  \
2026-03-25 02:00:36,920 - root - INFO - date
2026-03-25 02:00:36,920 - root - INFO - 2019-01-03             -0.026971              0.012085              0.003352
2026-03-25 02:00:36,920 - root - INFO - 2019-01-04              0.013716              0.028358              0.020323
2026-03-25 02:00:36,920 - root - INFO - 2019-01-07              0.020437              0.044993             -0.004638
2026-03-25 02:00:36,920 - root - INFO - 2019-01-08              0.024724             -0.004167             -0.003838
2026-03-25 02:00:36,920 - root - INFO - 2019-01-09              0.001617              0.039052              0.032196
2026-03-25 02:00:36,920 - root - INFO - ...                          ...                   ...                   ...
2026-03-25 02:00:36,920 - root - INFO - 2025-12-25              0.004602             -0.002515              0.003680
2026-03-25 02:00:36,920 - root - INFO - 2025-12-26             -0.001057              0.007563             -0.003667
2026-03-25 02:00:36,920 - root - INFO - 2025-12-29             -0.000176             -0.007506             -0.000981
2026-03-25 02:00:36,920 - root - INFO - 2025-12-30              0.004410              0.000000             -0.004666
2026-03-25 02:00:36,920 - root - INFO - 2025-12-31             -0.003161             -0.003361             -0.007649
2026-03-25 02:00:36,920 - root - INFO - 
2026-03-25 02:00:36,920 - root - INFO -             related_stock_6_京东方A  related_stock_7_盐湖股份  related_stock_8_五粮液  \
2026-03-25 02:00:36,920 - root - INFO - date
2026-03-25 02:00:36,920 - root - INFO - 2019-01-03              0.000000             -0.026087            -0.019624
2026-03-25 02:00:36,920 - root - INFO - 2019-01-04              0.019380              0.013393             0.011846
2026-03-25 02:00:36,920 - root - INFO - 2019-01-07              0.011407             -0.019090            -0.004643
2026-03-25 02:00:36,920 - root - INFO - 2019-01-08              0.018797             -0.016467            -0.005881
2026-03-25 02:00:36,920 - root - INFO - 2019-01-09             -0.007380              0.004566             0.020604
2026-03-25 02:00:36,920 - root - INFO - ...                          ...                   ...                  ...
2026-03-25 02:00:36,920 - root - INFO - 2025-12-25              0.000000             -0.016073             0.012079
2026-03-25 02:00:36,920 - root - INFO - 2025-12-26             -0.004926              0.029474            -0.007414
2026-03-25 02:00:36,920 - root - INFO - 2025-12-29              0.022277             -0.044843            -0.015668
2026-03-25 02:00:36,921 - root - INFO - 2025-12-30              0.009685              0.001806            -0.006478
2026-03-25 02:00:36,921 - root - INFO - 2025-12-31              0.009592              0.015141            -0.013227
2026-03-25 02:00:36,921 - root - INFO - 
2026-03-25 02:00:36,921 - root - INFO -             related_stock_9_神火股份  related_stock_10_中科三环  \
2026-03-25 02:00:36,921 - root - INFO - date
2026-03-25 02:00:36,921 - root - INFO - 2019-01-03              0.010417              -0.001337
2026-03-25 02:00:36,921 - root - INFO - 2019-01-04              0.030928               0.038822
2026-03-25 02:00:36,921 - root - INFO - 2019-01-07              0.027500               0.030928
2026-03-25 02:00:36,921 - root - INFO - 2019-01-08             -0.014599              -0.007500
2026-03-25 02:00:36,921 - root - INFO - 2019-01-09             -0.002469              -0.001259
2026-03-25 02:00:36,921 - root - INFO - ...                          ...                    ...
2026-03-25 02:00:36,921 - root - INFO - 2025-12-25             -0.007812               0.036782
2026-03-25 02:00:36,921 - root - INFO - 2025-12-26              0.028121               0.005913
2026-03-25 02:00:36,921 - root - INFO - 2025-12-29             -0.036105              -0.002939
2026-03-25 02:00:36,921 - root - INFO - 2025-12-30              0.028377               0.002211
2026-03-25 02:00:36,921 - root - INFO - 2025-12-31              0.010670              -0.002941
2026-03-25 02:00:36,921 - root - INFO - 
2026-03-25 02:00:36,921 - root - INFO -             related_stock_11_浪潮信息  related_stock_12_凯恩股份  \
2026-03-25 02:00:36,921 - root - INFO - date
2026-03-25 02:00:36,921 - root - INFO - 2019-01-03              -0.019571              -0.002597
2026-03-25 02:00:36,921 - root - INFO - 2019-01-04               0.040567               0.023438
2026-03-25 02:00:36,921 - root - INFO - 2019-01-07               0.019183               0.038168
2026-03-25 02:00:36,921 - root - INFO - 2019-01-08              -0.013358               0.014706
2026-03-25 02:00:36,921 - root - INFO - 2019-01-09               0.005538               0.000000
2026-03-25 02:00:36,922 - root - INFO - ...                           ...                    ...
2026-03-25 02:00:36,922 - root - INFO - 2025-12-25              -0.002556               0.032864
2026-03-25 02:00:36,922 - root - INFO - 2025-12-26               0.010101              -0.028788
2026-03-25 02:00:36,922 - root - INFO - 2025-12-29               0.009254               0.001560
2026-03-25 02:00:36,922 - root - INFO - 2025-12-30              -0.000887              -0.006231
2026-03-25 02:00:36,922 - root - INFO - 2025-12-31              -0.014210               0.010972
2026-03-25 02:00:36,922 - root - INFO - 
2026-03-25 02:00:36,922 - root - INFO -             related_stock_13_紫光国微  related_stock_14_三花智控  \
2026-03-25 02:00:36,922 - root - INFO - date
2026-03-25 02:00:36,922 - root - INFO - 2019-01-03               0.001033              -0.028526
2026-03-25 02:00:36,922 - root - INFO - 2019-01-04               0.020633               0.027732
2026-03-25 02:00:36,922 - root - INFO - 2019-01-07               0.041105               0.039683
2026-03-25 02:00:36,922 - root - INFO - 2019-01-08              -0.013269               0.006870
2026-03-25 02:00:36,922 - root - INFO - 2019-01-09               0.011151               0.028052
2026-03-25 02:00:36,922 - root - INFO - ...                           ...                    ...
2026-03-25 02:00:36,922 - root - INFO - 2025-12-25               0.016042               0.055013
2026-03-25 02:00:36,922 - root - INFO - 2025-12-26               0.013263              -0.005467
2026-03-25 02:00:36,922 - root - INFO - 2025-12-29              -0.017577               0.009091
2026-03-25 02:00:36,922 - root - INFO - 2025-12-30               0.000000               0.099937
2026-03-25 02:00:36,922 - root - INFO - 2025-12-31               0.000000               0.053524
2026-03-25 02:00:36,922 - root - INFO - 
2026-03-25 02:00:36,922 - root - INFO -             related_stock_15_国轩高科  related_stock_16_中材科技  \
2026-03-25 02:00:36,922 - root - INFO - date
2026-03-25 02:00:36,922 - root - INFO - 2019-01-03              -0.002632               0.002475
2026-03-25 02:00:36,923 - root - INFO - 2019-01-04               0.027265               0.024691
2026-03-25 02:00:36,923 - root - INFO - 2019-01-07               0.024829               0.044578
2026-03-25 02:00:36,923 - root - INFO - 2019-01-08               0.020050              -0.016148
2026-03-25 02:00:36,923 - root - INFO - 2019-01-09              -0.004914              -0.003517
2026-03-25 02:00:36,923 - root - INFO - ...                           ...                    ...
2026-03-25 02:00:36,923 - root - INFO - 2025-12-25               0.001271              -0.019574
2026-03-25 02:00:36,923 - root - INFO - 2025-12-26               0.017517              -0.020470
2026-03-25 02:00:36,923 - root - INFO - 2025-12-29              -0.014970              -0.015738
2026-03-25 02:00:36,923 - root - INFO - 2025-12-30               0.000507              -0.011533
2026-03-25 02:00:36,923 - root - INFO - 2025-12-31              -0.009873              -0.036330
2026-03-25 02:00:36,923 - root - INFO - 
2026-03-25 02:00:36,923 - root - INFO -             related_stock_17_湘潭电化  related_stock_18_通富微电  \
2026-03-25 02:00:36,923 - root - INFO - date
2026-03-25 02:00:36,923 - root - INFO - 2019-01-03               0.009009              -0.009777
2026-03-25 02:00:36,923 - root - INFO - 2019-01-04               0.013393               0.026798
2026-03-25 02:00:36,923 - root - INFO - 2019-01-07               0.014684               0.024725
2026-03-25 02:00:36,923 - root - INFO - 2019-01-08              -0.001447              -0.009383
2026-03-25 02:00:36,923 - root - INFO - 2019-01-09              -0.005797               0.032476
2026-03-25 02:00:36,923 - root - INFO - ...                           ...                    ...
2026-03-25 02:00:36,923 - root - INFO - 2025-12-25              -0.009649              -0.002915
2026-03-25 02:00:36,923 - root - INFO - 2025-12-26               0.032011              -0.002924
2026-03-25 02:00:36,923 - root - INFO - 2025-12-29              -0.012138              -0.002933
2026-03-25 02:00:36,923 - root - INFO - 2025-12-30              -0.015700               0.023797
2026-03-25 02:00:36,923 - root - INFO - 2025-12-31              -0.018031              -0.015409
2026-03-25 02:00:36,923 - root - INFO - 
2026-03-25 02:00:36,924 - root - INFO -             related_stock_19_方正电机  related_stock_20_金风科技  \
2026-03-25 02:00:36,924 - root - INFO - date
2026-03-25 02:00:36,924 - root - INFO - 2019-01-03               0.009901              -0.033126
2026-03-25 02:00:36,924 - root - INFO - 2019-01-04               0.035294               0.049251
2026-03-25 02:00:36,924 - root - INFO - 2019-01-07               0.015152               0.018367
2026-03-25 02:00:36,924 - root - INFO - 2019-01-08               0.018657               0.026052
2026-03-25 02:00:36,924 - root - INFO - 2019-01-09               0.005495               0.006836
2026-03-25 02:00:36,924 - root - INFO - ...                           ...                    ...
2026-03-25 02:00:36,924 - root - INFO - 2025-12-25               0.100000               0.099828
2026-03-25 02:00:36,924 - root - INFO - 2025-12-26               0.002933               0.027126
2026-03-25 02:00:36,924 - root - INFO - 2025-12-29               0.025585               0.100051
2026-03-25 02:00:36,924 - root - INFO - 2025-12-30               0.099786              -0.067405
2026-03-25 02:00:36,924 - root - INFO - 2025-12-31               0.028516               0.009901
2026-03-25 02:00:36,924 - root - INFO - 
2026-03-25 02:00:36,924 - root - INFO -             related_stock_21_奥特迅  related_stock_22_科大讯飞  \
2026-03-25 02:00:36,924 - root - INFO - date
2026-03-25 02:00:36,924 - root - INFO - 2019-01-03             -0.001959               0.015974
2026-03-25 02:00:36,924 - root - INFO - 2019-01-04              0.022571               0.066431
2026-03-25 02:00:36,924 - root - INFO - 2019-01-07              0.070058               0.078879
2026-03-25 02:00:36,924 - root - INFO - 2019-01-08             -0.027803              -0.008541
2026-03-25 02:00:36,924 - root - INFO - 2019-01-09              0.009225              -0.001034
2026-03-25 02:00:36,924 - root - INFO - ...                          ...                    ...
2026-03-25 02:00:36,924 - root - INFO - 2025-12-25              0.002419               0.000410
2026-03-25 02:00:36,924 - root - INFO - 2025-12-26             -0.008850               0.001846
2026-03-25 02:00:36,925 - root - INFO - 2025-12-29             -0.009740               0.003686
2026-03-25 02:00:36,925 - root - INFO - 2025-12-30             -0.010656              -0.001428
2026-03-25 02:00:36,925 - root - INFO - 2025-12-31             -0.002486               0.027375
2026-03-25 02:00:36,925 - root - INFO - 
2026-03-25 02:00:36,925 - root - INFO -             related_stock_23_盛新锂能  related_stock_24_歌尔股份  \
2026-03-25 02:00:36,925 - root - INFO - date
2026-03-25 02:00:36,925 - root - INFO - 2019-01-03               0.004076              -0.015988
2026-03-25 02:00:36,925 - root - INFO - 2019-01-04               0.044655               0.017725
2026-03-25 02:00:36,925 - root - INFO - 2019-01-07               0.006477               0.018868
2026-03-25 02:00:36,925 - root - INFO - 2019-01-08               0.000000               0.007123
2026-03-25 02:00:36,925 - root - INFO - 2019-01-09              -0.002574              -0.004243
2026-03-25 02:00:36,925 - root - INFO - ...                           ...                    ...
2026-03-25 02:00:36,925 - root - INFO - 2025-12-25              -0.038408              -0.008969
2026-03-25 02:00:36,925 - root - INFO - 2025-12-26               0.026531              -0.017055
2026-03-25 02:00:36,925 - root - INFO - 2025-12-29              -0.061914               0.000708
2026-03-25 02:00:36,925 - root - INFO - 2025-12-30               0.011202               0.022647
2026-03-25 02:00:36,925 - root - INFO - 2025-12-31               0.030838              -0.005882
2026-03-25 02:00:36,925 - root - INFO - 
2026-03-25 02:00:36,925 - root - INFO -             related_stock_25_大洋电机  related_stock_26_卫士通  \
2026-03-25 02:00:36,925 - root - INFO - date
2026-03-25 02:00:36,925 - root - INFO - 2019-01-03               0.012270              0.015487
2026-03-25 02:00:36,925 - root - INFO - 2019-01-04               0.027273              0.027778
2026-03-25 02:00:36,925 - root - INFO - 2019-01-07               0.023599              0.033386
2026-03-25 02:00:36,925 - root - INFO - 2019-01-08               0.011527             -0.003077
2026-03-25 02:00:36,925 - root - INFO - 2019-01-09               0.025641              0.005658
2026-03-25 02:00:36,926 - root - INFO - ...                           ...                   ...
2026-03-25 02:00:36,926 - root - INFO - 2025-12-25               0.043732              0.024390
2026-03-25 02:00:36,926 - root - INFO - 2025-12-26              -0.014898              0.100108
2026-03-25 02:00:36,926 - root - INFO - 2025-12-29              -0.003781             -0.017216
2026-03-25 02:00:36,926 - root - INFO - 2025-12-30               0.052182              0.031031
2026-03-25 02:00:36,926 - root - INFO - 2025-12-31              -0.017133             -0.002913
2026-03-25 02:00:36,926 - root - INFO - 
2026-03-25 02:00:36,926 - root - INFO -             related_stock_27_光迅科技  related_stock_28_永太科技  \
2026-03-25 02:00:36,926 - root - INFO - date
2026-03-25 02:00:36,926 - root - INFO - 2019-01-03              -0.049027               0.001435
2026-03-25 02:00:36,926 - root - INFO - 2019-01-04               0.015348               0.022923
2026-03-25 02:00:36,926 - root - INFO - 2019-01-07               0.043798               0.014006
2026-03-25 02:00:36,926 - root - INFO - 2019-01-08              -0.005570              -0.004144
2026-03-25 02:00:36,926 - root - INFO - 2019-01-09              -0.004854               0.000000
2026-03-25 02:00:36,926 - root - INFO - ...                           ...                    ...
2026-03-25 02:00:36,926 - root - INFO - 2025-12-25              -0.006187              -0.006863
2026-03-25 02:00:36,926 - root - INFO - 2025-12-26              -0.015280               0.100000
2026-03-25 02:00:36,926 - root - INFO - 2025-12-29               0.017241              -0.070214
2026-03-25 02:00:36,926 - root - INFO - 2025-12-30              -0.004944               0.017488
2026-03-25 02:00:36,926 - root - INFO - 2025-12-31              -0.007097              -0.026562
2026-03-25 02:00:36,926 - root - INFO - 
2026-03-25 02:00:36,926 - root - INFO -             related_stock_29_格林美  related_stock_30_多氟多  related_stock_31_晶澳科技  \
2026-03-25 02:00:36,926 - root - INFO - date
2026-03-25 02:00:36,926 - root - INFO - 2019-01-03              0.000000              0.016231              -0.001200
2026-03-25 02:00:36,927 - root - INFO - 2019-01-04              0.028571              0.016859               0.010817
2026-03-25 02:00:36,927 - root - INFO - 2019-01-07              0.015152              0.018325               0.015458
2026-03-25 02:00:36,927 - root - INFO - 2019-01-08             -0.007463              0.003428               0.036300
2026-03-25 02:00:36,927 - root - INFO - 2019-01-09             -0.002506             -0.014518              -0.013559
2026-03-25 02:00:36,927 - root - INFO - ...                          ...                   ...                    ...
2026-03-25 02:00:36,927 - root - INFO - 2025-12-25             -0.008728             -0.001171               0.017498
2026-03-25 02:00:36,927 - root - INFO - 2025-12-26              0.007547              0.082943               0.016337
2026-03-25 02:00:36,927 - root - INFO - 2025-12-29             -0.001248             -0.080650              -0.005076
2026-03-25 02:00:36,927 - root - INFO - 2025-12-30              0.023750              0.006476              -0.010204
2026-03-25 02:00:36,927 - root - INFO - 2025-12-31              0.020757             -0.008190              -0.016323
2026-03-25 02:00:36,927 - root - INFO - 
2026-03-25 02:00:36,927 - root - INFO -             related_stock_32_赣锋锂业  related_stock_33_海格通信  \
2026-03-25 02:00:36,927 - root - INFO - date
2026-03-25 02:00:36,927 - root - INFO - 2019-01-03               0.001367              -0.007290
2026-03-25 02:00:36,927 - root - INFO - 2019-01-04               0.028662               0.013464
2026-03-25 02:00:36,927 - root - INFO - 2019-01-07               0.010172               0.021739
2026-03-25 02:00:36,927 - root - INFO - 2019-01-08              -0.000876              -0.017730
2026-03-25 02:00:36,927 - root - INFO - 2019-01-09              -0.012270              -0.006017
2026-03-25 02:00:36,927 - root - INFO - ...                           ...                    ...
2026-03-25 02:00:36,927 - root - INFO - 2025-12-25              -0.009882               0.015579
2026-03-25 02:00:36,927 - root - INFO - 2025-12-26               0.036897               0.018992
2026-03-25 02:00:36,927 - root - INFO - 2025-12-29              -0.047397               0.100358
2026-03-25 02:00:36,927 - root - INFO - 2025-12-30              -0.017912              -0.014984
2026-03-25 02:00:36,928 - root - INFO - 2025-12-31              -0.019641               0.041667
2026-03-25 02:00:36,928 - root - INFO - 
2026-03-25 02:00:36,928 - root - INFO -             related_stock_34_天齐锂业  related_stock_35_立讯精密  \
2026-03-25 02:00:36,928 - root - INFO - date
2026-03-25 02:00:36,928 - root - INFO - 2019-01-03               0.005513              -0.048798
2026-03-25 02:00:36,928 - root - INFO - 2019-01-04               0.034270              -0.017844
2026-03-25 02:00:36,928 - root - INFO - 2019-01-07               0.014579               0.037850
2026-03-25 02:00:36,928 - root - INFO - 2019-01-08              -0.012737               0.014588
2026-03-25 02:00:36,928 - root - INFO - 2019-01-09              -0.026133               0.005751
2026-03-25 02:00:36,928 - root - INFO - ...                           ...                    ...
2026-03-25 02:00:36,928 - root - INFO - 2025-12-25              -0.012975               0.002361
2026-03-25 02:00:36,928 - root - INFO - 2025-12-26               0.043220              -0.017331
2026-03-25 02:00:36,928 - root - INFO - 2025-12-29              -0.045400              -0.003082
2026-03-25 02:00:36,928 - root - INFO - 2025-12-30               0.019530              -0.002576
2026-03-25 02:00:36,928 - root - INFO - 2025-12-31              -0.017737              -0.023420
2026-03-25 02:00:36,928 - root - INFO - 
2026-03-25 02:00:36,928 - root - INFO -             related_stock_36_新筑股份  related_stock_37_瑞泰科技  \
2026-03-25 02:00:36,928 - root - INFO - date
2026-03-25 02:00:36,928 - root - INFO - 2019-01-03              -0.023207               0.015075
2026-03-25 02:00:36,928 - root - INFO - 2019-01-04               0.021598               0.012871
2026-03-25 02:00:36,928 - root - INFO - 2019-01-07               0.038055               0.000978
2026-03-25 02:00:36,928 - root - INFO - 2019-01-08               0.034623               0.000000
2026-03-25 02:00:36,928 - root - INFO - 2019-01-09              -0.007874               0.002930
2026-03-25 02:00:36,928 - root - INFO - ...                           ...                    ...
2026-03-25 02:00:36,929 - root - INFO - 2025-12-25               0.004658               0.028409
2026-03-25 02:00:36,929 - root - INFO - 2025-12-26              -0.006182               0.013812
2026-03-25 02:00:36,929 - root - INFO - 2025-12-29              -0.020218               0.016349
2026-03-25 02:00:36,929 - root - INFO - 2025-12-30              -0.025397               0.070599
2026-03-25 02:00:36,929 - root - INFO - 2025-12-31               0.013029              -0.022538
2026-03-25 02:00:36,929 - root - INFO - 
2026-03-25 02:00:36,929 - root - INFO -             related_stock_38_雅化集团  related_stock_39_科士达  \
2026-03-25 02:00:36,929 - root - INFO - date
2026-03-25 02:00:36,929 - root - INFO - 2019-01-03               0.008996             -0.016575
2026-03-25 02:00:36,929 - root - INFO - 2019-01-04               0.026746              0.037921
2026-03-25 02:00:36,929 - root - INFO - 2019-01-07               0.018813              0.046008
2026-03-25 02:00:36,929 - root - INFO - 2019-01-08              -0.002841             -0.011643
2026-03-25 02:00:36,929 - root - INFO - 2019-01-09              -0.011396              0.002618
2026-03-25 02:00:36,929 - root - INFO - ...                           ...                   ...
2026-03-25 02:00:36,929 - root - INFO - 2025-12-25              -0.011231             -0.009682
2026-03-25 02:00:36,929 - root - INFO - 2025-12-26               0.064909             -0.024247
2026-03-25 02:00:36,929 - root - INFO - 2025-12-29              -0.088000             -0.003006
2026-03-25 02:00:36,929 - root - INFO - 2025-12-30               0.027987             -0.010452
2026-03-25 02:00:36,929 - root - INFO - 2025-12-31               0.005689             -0.014422
2026-03-25 02:00:36,929 - root - INFO - 
2026-03-25 02:00:36,929 - root - INFO -             related_stock_40_普天科技  related_stock_41_比亚迪  \
2026-03-25 02:00:36,929 - root - INFO - date
2026-03-25 02:00:36,929 - root - INFO - 2019-01-03               0.021525             -0.022575
2026-03-25 02:00:36,929 - root - INFO - 2019-01-04               0.035119              0.053891
2026-03-25 02:00:36,930 - root - INFO - 2019-01-07               0.047498              0.014610
2026-03-25 02:00:36,930 - root - INFO - 2019-01-08              -0.029960              0.028994
2026-03-25 02:00:36,930 - root - INFO - 2019-01-09              -0.005843             -0.045764
2026-03-25 02:00:36,930 - root - INFO - ...                           ...                   ...
2026-03-25 02:00:36,930 - root - INFO - 2025-12-25               0.028481              0.004448
2026-03-25 02:00:36,930 - root - INFO - 2025-12-26               0.023385              0.054513
2026-03-25 02:00:36,930 - root - INFO - 2025-12-29               0.008118              0.002000
2026-03-25 02:00:36,930 - root - INFO - 2025-12-30               0.005368             -0.004590
2026-03-25 02:00:36,930 - root - INFO - 2025-12-31               0.023139             -0.020351
2026-03-25 02:00:36,930 - root - INFO - 
2026-03-25 02:00:36,930 - root - INFO -             related_stock_42_天赐材料  related_stock_43_永兴材料  \
2026-03-25 02:00:36,930 - root - INFO - date
2026-03-25 02:00:36,930 - root - INFO - 2019-01-03               0.003752               0.007582
2026-03-25 02:00:36,930 - root - INFO - 2019-01-04               0.014019               0.024247
2026-03-25 02:00:36,930 - root - INFO - 2019-01-07               0.031336               0.013878
2026-03-25 02:00:36,930 - root - INFO - 2019-01-08               0.037980              -0.004831
2026-03-25 02:00:36,930 - root - INFO - 2019-01-09              -0.030133               0.002427
2026-03-25 02:00:36,930 - root - INFO - ...                           ...                    ...
2026-03-25 02:00:36,930 - root - INFO - 2025-12-25              -0.011486              -0.028307
2026-03-25 02:00:36,930 - root - INFO - 2025-12-26               0.062979               0.100079
2026-03-25 02:00:36,930 - root - INFO - 2025-12-29              -0.038041              -0.044316
2026-03-25 02:00:36,930 - root - INFO - 2025-12-30               0.030909               0.022997
2026-03-25 02:00:36,930 - root - INFO - 2025-12-31               0.021384              -0.000369
2026-03-25 02:00:36,931 - root - INFO - 
2026-03-25 02:00:36,931 - root - INFO -             related_stock_44_恩捷股份  related_stock_45_视源股份  \
2026-03-25 02:00:36,931 - root - INFO - date
2026-03-25 02:00:36,931 - root - INFO - 2019-01-03              -0.038894              -0.016267
2026-03-25 02:00:36,931 - root - INFO - 2019-01-04               0.075308               0.023078
2026-03-25 02:00:36,931 - root - INFO - 2019-01-07              -0.009459               0.026821
2026-03-25 02:00:36,931 - root - INFO - 2019-01-08               0.027022              -0.007092
2026-03-25 02:00:36,931 - root - INFO - 2019-01-09              -0.050445              -0.006794
2026-03-25 02:00:36,931 - root - INFO - ...                           ...                    ...
2026-03-25 02:00:36,931 - root - INFO - 2025-12-25               0.001156               0.002830
2026-03-25 02:00:36,931 - root - INFO - 2025-12-26               0.090997               0.000000
2026-03-25 02:00:36,931 - root - INFO - 2025-12-29               0.007582              -0.002822
2026-03-25 02:00:36,931 - root - INFO - 2025-12-30              -0.000175              -0.001286
2026-03-25 02:00:36,931 - root - INFO - 2025-12-31              -0.008577               0.020866
2026-03-25 02:00:36,931 - root - INFO - 
2026-03-25 02:00:36,931 - root - INFO -             related_stock_46_川恒股份  related_stock_47_深南电路  \
2026-03-25 02:00:36,931 - root - INFO - date
2026-03-25 02:00:36,931 - root - INFO - 2019-01-03              -0.044046              -0.040597
2026-03-25 02:00:36,931 - root - INFO - 2019-01-04               0.016212               0.017964
2026-03-25 02:00:36,931 - root - INFO - 2019-01-07               0.013434               0.038693
2026-03-25 02:00:36,931 - root - INFO - 2019-01-08              -0.019056               0.067833
2026-03-25 02:00:36,931 - root - INFO - 2019-01-09               0.005068               0.006482
2026-03-25 02:00:36,931 - root - INFO - ...                           ...                    ...
2026-03-25 02:00:36,932 - root - INFO - 2025-12-25               0.000000              -0.020891
2026-03-25 02:00:36,932 - root - INFO - 2025-12-26               0.010618              -0.018352
2026-03-25 02:00:36,932 - root - INFO - 2025-12-29              -0.010776               0.059171
2026-03-25 02:00:36,932 - root - INFO - 2025-12-30               0.001089               0.001414
2026-03-25 02:00:36,932 - root - INFO - 2025-12-31              -0.002720              -0.006246
2026-03-25 02:00:36,932 - root - INFO - 
2026-03-25 02:00:36,932 - root - INFO -             related_stock_48_德赛西威  related_stock_49_特锐德  \
2026-03-25 02:00:36,932 - root - INFO - date
2026-03-25 02:00:36,932 - root - INFO - 2019-01-03              -0.014172             -0.032516
2026-03-25 02:00:36,932 - root - INFO - 2019-01-04               0.036803              0.030660
2026-03-25 02:00:36,932 - root - INFO - 2019-01-07               0.024958              0.012014
2026-03-25 02:00:36,932 - root - INFO - 2019-01-08              -0.001082             -0.006218
2026-03-25 02:00:36,932 - root - INFO - 2019-01-09               0.055255             -0.038680
2026-03-25 02:00:36,932 - root - INFO - ...                           ...                   ...
2026-03-25 02:00:36,932 - root - INFO - 2025-12-25              -0.020735             -0.001875
2026-03-25 02:00:36,932 - root - INFO - 2025-12-26              -0.015881             -0.008268
2026-03-25 02:00:36,932 - root - INFO - 2025-12-29              -0.011002             -0.014020
2026-03-25 02:00:36,932 - root - INFO - 2025-12-30               0.006510             -0.001922
2026-03-25 02:00:36,932 - root - INFO - 2025-12-31              -0.015065             -0.011167
2026-03-25 02:00:36,932 - root - INFO - 
2026-03-25 02:00:36,932 - root - INFO -             related_stock_50_亿纬锂能  related_stock_51_新宙邦  \
2026-03-25 02:00:36,932 - root - INFO - date
2026-03-25 02:00:36,932 - root - INFO - 2019-01-03               0.008799             -0.029633
2026-03-25 02:00:36,932 - root - INFO - 2019-01-04              -0.008100              0.046882
2026-03-25 02:00:36,933 - root - INFO - 2019-01-07               0.015075              0.000822
2026-03-25 02:00:36,933 - root - INFO - 2019-01-08               0.086015              0.032430
2026-03-25 02:00:36,933 - root - INFO - 2019-01-09              -0.058689             -0.056064
2026-03-25 02:00:36,933 - root - INFO - ...                           ...                   ...
2026-03-25 02:00:36,933 - root - INFO - 2025-12-25              -0.003656              0.010736
2026-03-25 02:00:36,933 - root - INFO - 2025-12-26               0.013266              0.017704
2026-03-25 02:00:36,933 - root - INFO - 2025-12-29              -0.044290             -0.049991
2026-03-25 02:00:36,933 - root - INFO - 2025-12-30              -0.013407              0.012722
2026-03-25 02:00:36,933 - root - INFO - 2025-12-31              -0.028656             -0.002665
2026-03-25 02:00:36,933 - root - INFO - 
2026-03-25 02:00:36,933 - root - INFO -             related_stock_52_南都电源  related_stock_53_当升科技  \
2026-03-25 02:00:36,933 - root - INFO - date
2026-03-25 02:00:36,933 - root - INFO - 2019-01-03              -0.003526              -0.034608
2026-03-25 02:00:36,933 - root - INFO - 2019-01-04              -0.050248               0.048679
2026-03-25 02:00:36,933 - root - INFO - 2019-01-07               0.041729              -0.007557
2026-03-25 02:00:36,933 - root - INFO - 2019-01-08               0.011445               0.031907
2026-03-25 02:00:36,933 - root - INFO - 2019-01-09              -0.000707              -0.047786
2026-03-25 02:00:36,933 - root - INFO - ...                           ...                    ...
2026-03-25 02:00:36,933 - root - INFO - 2025-12-25               0.013836               0.000679
2026-03-25 02:00:36,933 - root - INFO - 2025-12-26               0.004342               0.026477
2026-03-25 02:00:36,933 - root - INFO - 2025-12-29              -0.023471              -0.033069
2026-03-25 02:00:36,933 - root - INFO - 2025-12-30              -0.001265              -0.002052
2026-03-25 02:00:36,933 - root - INFO - 2025-12-31              -0.015833              -0.009596
2026-03-25 02:00:36,933 - root - INFO - 
2026-03-25 02:00:36,933 - root - INFO -             related_stock_54_东方日升  related_stock_55_汇川技术  \
2026-03-25 02:00:36,934 - root - INFO - date
2026-03-25 02:00:36,934 - root - INFO - 2019-01-03              -0.012238              -0.010891
2026-03-25 02:00:36,934 - root - INFO - 2019-01-04               0.024779               0.017017
2026-03-25 02:00:36,934 - root - INFO - 2019-01-07               0.046632               0.050689
2026-03-25 02:00:36,934 - root - INFO - 2019-01-08               0.014851               0.003279
2026-03-25 02:00:36,934 - root - INFO - 2019-01-09              -0.006504               0.008403
2026-03-25 02:00:36,934 - root - INFO - ...                           ...                    ...
2026-03-25 02:00:36,934 - root - INFO - 2025-12-25               0.054688               0.018104
2026-03-25 02:00:36,934 - root - INFO - 2025-12-26               0.057239              -0.005022
2026-03-25 02:00:36,934 - root - INFO - 2025-12-29               0.006369               0.002046
2026-03-25 02:00:36,934 - root - INFO - 2025-12-30              -0.083544               0.041253
2026-03-25 02:00:36,934 - root - INFO - 2025-12-31               0.012431              -0.015037
2026-03-25 02:00:36,934 - root - INFO - 
2026-03-25 02:00:36,934 - root - INFO -             related_stock_56_和顺电气  related_stock_57_阳光电源  \
2026-03-25 02:00:36,934 - root - INFO - date
2026-03-25 02:00:36,934 - root - INFO - 2019-01-03              -0.008746              -0.021889
2026-03-25 02:00:36,934 - root - INFO - 2019-01-04               0.044118               0.025913
2026-03-25 02:00:36,934 - root - INFO - 2019-01-07               0.039437               0.041332
2026-03-25 02:00:36,934 - root - INFO - 2019-01-08              -0.017615              -0.009923
2026-03-25 02:00:36,934 - root - INFO - 2019-01-09               0.100690              -0.010022
2026-03-25 02:00:36,934 - root - INFO - ...                           ...                    ...
2026-03-25 02:00:36,934 - root - INFO - 2025-12-25               0.103896               0.012057
2026-03-25 02:00:36,934 - root - INFO - 2025-12-26               0.007843               0.078628
2026-03-25 02:00:36,934 - root - INFO - 2025-12-29               0.017121              -0.029600
2026-03-25 02:00:36,935 - root - INFO - 2025-12-30              -0.027544               0.019064
2026-03-25 02:00:36,935 - root - INFO - 2025-12-31              -0.011015              -0.044843
2026-03-25 02:00:36,935 - root - INFO - 
2026-03-25 02:00:36,935 - root - INFO -             related_stock_58_永贵电器  related_stock_59_天华新能  \
2026-03-25 02:00:36,935 - root - INFO - date
2026-03-25 02:00:36,935 - root - INFO - 2019-01-03               0.001238              -0.016927
2026-03-25 02:00:36,935 - root - INFO - 2019-01-04               0.028430               0.041060
2026-03-25 02:00:36,935 - root - INFO - 2019-01-07               0.099760               0.007634
2026-03-25 02:00:36,935 - root - INFO - 2019-01-08               0.038251              -0.006313
2026-03-25 02:00:36,935 - root - INFO - 2019-01-09               0.083158              -0.003812
2026-03-25 02:00:36,935 - root - INFO - ...                           ...                    ...
2026-03-25 02:00:36,935 - root - INFO - 2025-12-25               0.013956              -0.009195
2026-03-25 02:00:36,935 - root - INFO - 2025-12-26              -0.020116               0.080114
2026-03-25 02:00:36,935 - root - INFO - 2025-12-29              -0.008104              -0.057338
2026-03-25 02:00:36,935 - root - INFO - 2025-12-30              -0.009259               0.053757
2026-03-25 02:00:36,935 - root - INFO - 2025-12-31              -0.008796              -0.036011
2026-03-25 02:00:36,935 - root - INFO - 
2026-03-25 02:00:36,935 - root - INFO -             related_stock_60_正业科技  related_stock_61_富临精工  \
2026-03-25 02:00:36,935 - root - INFO - date
2026-03-25 02:00:36,935 - root - INFO - 2019-01-03              -0.011330               0.012153
2026-03-25 02:00:36,935 - root - INFO - 2019-01-04               0.034380               0.025729
2026-03-25 02:00:36,935 - root - INFO - 2019-01-07               0.016378               0.015050
2026-03-25 02:00:36,935 - root - INFO - 2019-01-08               0.011848               0.023064
2026-03-25 02:00:36,935 - root - INFO - 2019-01-09               0.000000               0.014493
2026-03-25 02:00:36,936 - root - INFO - ...                           ...                    ...
2026-03-25 02:00:36,936 - root - INFO - 2025-12-25               0.000000               0.021767
2026-03-25 02:00:36,936 - root - INFO - 2025-12-26              -0.009412               0.015664
2026-03-25 02:00:36,936 - root - INFO - 2025-12-29              -0.013064              -0.004318
2026-03-25 02:00:36,936 - root - INFO - 2025-12-30              -0.013237               0.035936
2026-03-25 02:00:36,936 - root - INFO - 2025-12-31              -0.002439              -0.001196
2026-03-25 02:00:36,936 - root - INFO - 
2026-03-25 02:00:36,936 - root - INFO -             related_stock_62_鹏辉能源  related_stock_63_先导智能  \
2026-03-25 02:00:36,936 - root - INFO - date
2026-03-25 02:00:36,936 - root - INFO - 2019-01-03              -0.026284              -0.045643
2026-03-25 02:00:36,936 - root - INFO - 2019-01-04               0.055869              -0.032609
2026-03-25 02:00:36,936 - root - INFO - 2019-01-07               0.009512               0.035581
2026-03-25 02:00:36,936 - root - INFO - 2019-01-08               0.017079               0.037975
2026-03-25 02:00:36,936 - root - INFO - 2019-01-09              -0.020845              -0.041812
2026-03-25 02:00:36,936 - root - INFO - ...                           ...                    ...
2026-03-25 02:00:36,936 - root - INFO - 2025-12-25               0.004363               0.022504
2026-03-25 02:00:36,936 - root - INFO - 2025-12-26               0.002433              -0.001179
2026-03-25 02:00:36,936 - root - INFO - 2025-12-29              -0.033975              -0.005902
2026-03-25 02:00:36,936 - root - INFO - 2025-12-30              -0.007716               0.005343
2026-03-25 02:00:36,936 - root - INFO - 2025-12-31              -0.037613              -0.016142
2026-03-25 02:00:36,936 - root - INFO - 
2026-03-25 02:00:36,936 - root - INFO -             related_stock_64_蓝海华腾  related_stock_65_通合科技  \
2026-03-25 02:00:36,936 - root - INFO - date
2026-03-25 02:00:36,936 - root - INFO - 2019-01-03               0.016904               0.049536
2026-03-25 02:00:36,937 - root - INFO - 2019-01-04               0.047244               0.031858
2026-03-25 02:00:36,937 - root - INFO - 2019-01-07               0.009190               0.001144
2026-03-25 02:00:36,937 - root - INFO - 2019-01-08              -0.019040              -0.036551
2026-03-25 02:00:36,937 - root - INFO - 2019-01-09              -0.015190              -0.013041
2026-03-25 02:00:36,937 - root - INFO - ...                           ...                    ...
2026-03-25 02:00:36,937 - root - INFO - 2025-12-25               0.020224              -0.045035
2026-03-25 02:00:36,937 - root - INFO - 2025-12-26              -0.011476              -0.023394
2026-03-25 02:00:36,937 - root - INFO - 2025-12-29              -0.001583              -0.028517
2026-03-25 02:00:36,937 - root - INFO - 2025-12-30               0.009514              -0.018787
2026-03-25 02:00:36,937 - root - INFO - 2025-12-31              -0.002618               0.002393
2026-03-25 02:00:36,937 - root - INFO - 
2026-03-25 02:00:36,937 - root - INFO -             related_stock_66_星源材质  related_stock_67_金银河  \
2026-03-25 02:00:36,937 - root - INFO - date
2026-03-25 02:00:36,937 - root - INFO - 2019-01-03              -0.004980              0.059744
2026-03-25 02:00:36,937 - root - INFO - 2019-01-04               0.038672              0.034228
2026-03-25 02:00:36,937 - root - INFO - 2019-01-07               0.011827             -0.015899
2026-03-25 02:00:36,937 - root - INFO - 2019-01-08               0.017749              0.009232
2026-03-25 02:00:36,937 - root - INFO - 2019-01-09              -0.034453             -0.042143
2026-03-25 02:00:36,937 - root - INFO - ...                           ...                   ...
2026-03-25 02:00:36,937 - root - INFO - 2025-12-25              -0.009321              0.002004
2026-03-25 02:00:36,937 - root - INFO - 2025-12-26               0.088710              0.031556
2026-03-25 02:00:36,937 - root - INFO - 2025-12-29              -0.032099             -0.054287
2026-03-25 02:00:36,937 - root - INFO - 2025-12-30              -0.002551              0.017768
2026-03-25 02:00:36,937 - root - INFO - 2025-12-31              -0.024936             -0.017457
2026-03-25 02:00:36,938 - root - INFO - 
2026-03-25 02:00:36,938 - root - INFO -             related_stock_68_盛弘股份  related_stock_69_英可瑞  \
2026-03-25 02:00:36,938 - root - INFO - date
2026-03-25 02:00:36,938 - root - INFO - 2019-01-03               0.005413             -0.012322
2026-03-25 02:00:36,938 - root - INFO - 2019-01-04               0.028264              0.022553
2026-03-25 02:00:36,938 - root - INFO - 2019-01-07               0.052356              0.025809
2026-03-25 02:00:36,938 - root - INFO - 2019-01-08              -0.004975             -0.002745
2026-03-25 02:00:36,938 - root - INFO - 2019-01-09              -0.005000             -0.004587
2026-03-25 02:00:36,938 - root - INFO - ...                           ...                   ...
2026-03-25 02:00:36,938 - root - INFO - 2025-12-25              -0.007387              0.000000
2026-03-25 02:00:36,938 - root - INFO - 2025-12-26              -0.005210             -0.010164
2026-03-25 02:00:36,938 - root - INFO - 2025-12-29              -0.017955             -0.005134
2026-03-25 02:00:36,938 - root - INFO - 2025-12-30              -0.007618             -0.012615
2026-03-25 02:00:36,938 - root - INFO - 2025-12-31              -0.020471              0.004646
2026-03-25 02:00:36,938 - root - INFO - 
2026-03-25 02:00:36,938 - root - INFO -             related_stock_70_欣锐科技  related_stock_71_迈为股份  \
2026-03-25 02:00:36,938 - root - INFO - date
2026-03-25 02:00:36,938 - root - INFO - 2019-01-03              -0.045872               0.007320
2026-03-25 02:00:36,938 - root - INFO - 2019-01-04               0.018630               0.069110
2026-03-25 02:00:36,938 - root - INFO - 2019-01-07               0.019469               0.063534
2026-03-25 02:00:36,938 - root - INFO - 2019-01-08              -0.012731              -0.006669
2026-03-25 02:00:36,938 - root - INFO - 2019-01-09               0.000586              -0.027622
2026-03-25 02:00:36,938 - root - INFO - ...                           ...                    ...
2026-03-25 02:00:36,939 - root - INFO - 2025-12-25               0.023766               0.047100
2026-03-25 02:00:36,939 - root - INFO - 2025-12-26              -0.037143              -0.022062
2026-03-25 02:00:36,939 - root - INFO - 2025-12-29              -0.024110               0.200000
2026-03-25 02:00:36,939 - root - INFO - 2025-12-30              -0.014823              -0.064387
2026-03-25 02:00:36,939 - root - INFO - 2025-12-31              -0.006173               0.072306
2026-03-25 02:00:36,939 - root - INFO - 
2026-03-25 02:00:36,939 - root - INFO -             related_stock_72_浦发银行  related_stock_73_中信证券  \
2026-03-25 02:00:36,939 - root - INFO - date
2026-03-25 02:00:36,939 - root - INFO - 2019-01-03               0.011340               0.000000
2026-03-25 02:00:36,939 - root - INFO - 2019-01-04               0.015291               0.000000
2026-03-25 02:00:36,939 - root - INFO - 2019-01-07               0.002008               0.000000
2026-03-25 02:00:36,939 - root - INFO - 2019-01-08              -0.002004               0.000000
2026-03-25 02:00:36,939 - root - INFO - 2019-01-09               0.003012               0.000000
2026-03-25 02:00:36,939 - root - INFO - ...                           ...                    ...
2026-03-25 02:00:36,939 - root - INFO - 2025-12-25              -0.003387               0.007655
2026-03-25 02:00:36,939 - root - INFO - 2025-12-26              -0.004248               0.004834
2026-03-25 02:00:36,939 - root - INFO - 2025-12-29               0.038396              -0.005498
2026-03-25 02:00:36,939 - root - INFO - 2025-12-30               0.018077              -0.003801
2026-03-25 02:00:36,939 - root - INFO - 2025-12-31               0.004036              -0.004162
2026-03-25 02:00:36,939 - root - INFO - 
2026-03-25 02:00:36,939 - root - INFO -             related_stock_74_招商银行  related_stock_75_中直股份  \
2026-03-25 02:00:36,939 - root - INFO - date
2026-03-25 02:00:36,939 - root - INFO - 2019-01-03               0.012617               0.037600
2026-03-25 02:00:36,939 - root - INFO - 2019-01-04               0.025322               0.017733
2026-03-25 02:00:36,940 - root - INFO - 2019-01-07               0.000392               0.027778
2026-03-25 02:00:36,940 - root - INFO - 2019-01-08              -0.011755               0.002948
2026-03-25 02:00:36,940 - root - INFO - 2019-01-09               0.019033              -0.007349
2026-03-25 02:00:36,940 - root - INFO - ...                           ...                    ...
2026-03-25 02:00:36,940 - root - INFO - 2025-12-25              -0.001195               0.013571
2026-03-25 02:00:36,940 - root - INFO - 2025-12-26              -0.001915              -0.005858
2026-03-25 02:00:36,940 - root - INFO - 2025-12-29               0.004077               0.008698
2026-03-25 02:00:36,940 - root - INFO - 2025-12-30               0.009792              -0.005563
2026-03-25 02:00:36,940 - root - INFO - 2025-12-31              -0.004257               0.010629
2026-03-25 02:00:36,940 - root - INFO - 
2026-03-25 02:00:36,940 - root - INFO -             related_stock_76_特变电工  related_stock_77_云天化  \
2026-03-25 02:00:36,940 - root - INFO - date
2026-03-25 02:00:36,940 - root - INFO - 2019-01-03               0.000000              0.000000
2026-03-25 02:00:36,940 - root - INFO - 2019-01-04               0.052023              0.020284
2026-03-25 02:00:36,940 - root - INFO - 2019-01-07               0.023352              0.013917
2026-03-25 02:00:36,940 - root - INFO - 2019-01-08              -0.014765             -0.005882
2026-03-25 02:00:36,940 - root - INFO - 2019-01-09              -0.004087              0.000000
2026-03-25 02:00:36,940 - root - INFO - ...                           ...                   ...
2026-03-25 02:00:36,940 - root - INFO - 2025-12-25               0.000433              0.024683
2026-03-25 02:00:36,940 - root - INFO - 2025-12-26               0.014267              0.039620
2026-03-25 02:00:36,940 - root - INFO - 2025-12-29              -0.031969             -0.006707
2026-03-25 02:00:36,940 - root - INFO - 2025-12-30              -0.004844              0.038060
2026-03-25 02:00:36,941 - root - INFO - 2025-12-31              -0.016814             -0.012123
2026-03-25 02:00:36,941 - root - INFO - 
2026-03-25 02:00:36,941 - root - INFO -             related_stock_78_上汽集团  related_stock_79_诺德股份  \
2026-03-25 02:00:36,941 - root - INFO - date
2026-03-25 02:00:36,941 - root - INFO - 2019-01-03              -0.018225              -0.004963
2026-03-25 02:00:36,941 - root - INFO - 2019-01-04              -0.001211               0.014963
2026-03-25 02:00:36,941 - root - INFO - 2019-01-07              -0.006061               0.029484
2026-03-25 02:00:36,941 - root - INFO - 2019-01-08              -0.012195              -0.009547
2026-03-25 02:00:36,941 - root - INFO - 2019-01-09               0.037037               0.009639
2026-03-25 02:00:36,941 - root - INFO - ...                           ...                    ...
2026-03-25 02:00:36,941 - root - INFO - 2025-12-25               0.000000              -0.018717
2026-03-25 02:00:36,941 - root - INFO - 2025-12-26               0.003238               0.006812
2026-03-25 02:00:36,941 - root - INFO - 2025-12-29              -0.007747              -0.023004
2026-03-25 02:00:36,941 - root - INFO - 2025-12-30              -0.001301              -0.005540
2026-03-25 02:00:36,941 - root - INFO - 2025-12-31              -0.008469              -0.012535
2026-03-25 02:00:36,941 - root - INFO - 
2026-03-25 02:00:36,941 - root - INFO -             related_stock_80_北方稀土  related_stock_81_中国卫星  \
2026-03-25 02:00:36,941 - root - INFO - date
2026-03-25 02:00:36,941 - root - INFO - 2019-01-03               0.014960               0.017146
2026-03-25 02:00:36,941 - root - INFO - 2019-01-04               0.040816               0.004894
2026-03-25 02:00:36,941 - root - INFO - 2019-01-07               0.010893               0.021104
2026-03-25 02:00:36,941 - root - INFO - 2019-01-08              -0.012931              -0.030737
2026-03-25 02:00:36,941 - root - INFO - 2019-01-09              -0.006550              -0.003280
2026-03-25 02:00:36,941 - root - INFO - ...                           ...                    ...
2026-03-25 02:00:36,942 - root - INFO - 2025-12-25               0.008987               0.099970
2026-03-25 02:00:36,942 - root - INFO - 2025-12-26               0.001738               0.099959
2026-03-25 02:00:36,942 - root - INFO - 2025-12-29              -0.007374               0.100000
2026-03-25 02:00:36,942 - root - INFO - 2025-12-30               0.004370              -0.019091
2026-03-25 02:00:36,942 - root - INFO - 2025-12-31               0.003263               0.099977
2026-03-25 02:00:36,942 - root - INFO - 
2026-03-25 02:00:36,942 - root - INFO -             related_stock_82_生益科技  related_stock_83_南山铝业  \
2026-03-25 02:00:36,942 - root - INFO - date
2026-03-25 02:00:36,942 - root - INFO - 2019-01-03              -0.022977               0.000000
2026-03-25 02:00:36,942 - root - INFO - 2019-01-04              -0.007157               0.018957
2026-03-25 02:00:36,942 - root - INFO - 2019-01-07               0.052523               0.018605
2026-03-25 02:00:36,942 - root - INFO - 2019-01-08              -0.015656              -0.004566
2026-03-25 02:00:36,942 - root - INFO - 2019-01-09              -0.012922               0.004587
2026-03-25 02:00:36,942 - root - INFO - ...                           ...                    ...
2026-03-25 02:00:36,942 - root - INFO - 2025-12-25              -0.026446              -0.007921
2026-03-25 02:00:36,942 - root - INFO - 2025-12-26               0.054046               0.059880
2026-03-25 02:00:36,942 - root - INFO - 2025-12-29              -0.017450              -0.015066
2026-03-25 02:00:36,942 - root - INFO - 2025-12-30              -0.033333               0.015296
2026-03-25 02:00:36,942 - root - INFO - 2025-12-31               0.009186               0.013183
2026-03-25 02:00:36,942 - root - INFO - 
2026-03-25 02:00:36,942 - root - INFO -             related_stock_84_恒瑞医药  related_stock_85_恒顺醋业  \
2026-03-25 02:00:36,942 - root - INFO - date
2026-03-25 02:00:36,942 - root - INFO - 2019-01-03              -0.035869              -0.045367
2026-03-25 02:00:36,942 - root - INFO - 2019-01-04               0.064226               0.026289
2026-03-25 02:00:36,943 - root - INFO - 2019-01-07              -0.014351               0.048276
2026-03-25 02:00:36,943 - root - INFO - 2019-01-08               0.007654               0.005639
2026-03-25 02:00:36,943 - root - INFO - 2019-01-09               0.028714               0.007477
2026-03-25 02:00:36,943 - root - INFO - ...                           ...                    ...
2026-03-25 02:00:36,943 - root - INFO - 2025-12-25               0.002776              -0.001252
2026-03-25 02:00:36,943 - root - INFO - 2025-12-26              -0.005537              -0.007519
2026-03-25 02:00:36,943 - root - INFO - 2025-12-29              -0.009008              -0.010101
2026-03-25 02:00:36,943 - root - INFO - 2025-12-30              -0.005454               0.002551
2026-03-25 02:00:36,943 - root - INFO - 2025-12-31              -0.010136               0.007634
2026-03-25 02:00:36,943 - root - INFO - 
2026-03-25 02:00:36,943 - root - INFO -             related_stock_86_平高电气  related_stock_87_西藏珠峰  \
2026-03-25 02:00:36,943 - root - INFO - date
2026-03-25 02:00:36,943 - root - INFO - 2019-01-03              -0.037958               0.001566
2026-03-25 02:00:36,943 - root - INFO - 2019-01-04               0.059864               0.015633
2026-03-25 02:00:36,943 - root - INFO - 2019-01-07               0.100128               0.006670
2026-03-25 02:00:36,943 - root - INFO - 2019-01-08               0.010502              -0.002548
2026-03-25 02:00:36,943 - root - INFO - 2019-01-09              -0.008083               0.000511
2026-03-25 02:00:36,943 - root - INFO - ...                           ...                    ...
2026-03-25 02:00:36,943 - root - INFO - 2025-12-25               0.006749              -0.011863
2026-03-25 02:00:36,943 - root - INFO - 2025-12-26               0.005587               0.062853
2026-03-25 02:00:36,943 - root - INFO - 2025-12-29              -0.030556               0.018605
2026-03-25 02:00:36,943 - root - INFO - 2025-12-30              -0.005158              -0.013699
2026-03-25 02:00:36,943 - root - INFO - 2025-12-31              -0.000576              -0.005291
2026-03-25 02:00:36,943 - root - INFO - 
2026-03-25 02:00:36,944 - root - INFO -             related_stock_88_江西铜业  related_stock_89_宁波韵升  \
2026-03-25 02:00:36,944 - root - INFO - date
2026-03-25 02:00:36,944 - root - INFO - 2019-01-03              -0.001540              -0.006024
2026-03-25 02:00:36,944 - root - INFO - 2019-01-04               0.016191               0.028283
2026-03-25 02:00:36,944 - root - INFO - 2019-01-07               0.027314               0.029470
2026-03-25 02:00:36,944 - root - INFO - 2019-01-08              -0.011817              -0.005725
2026-03-25 02:00:36,944 - root - INFO - 2019-01-09               0.000000              -0.005758
2026-03-25 02:00:36,944 - root - INFO - ...                           ...                    ...
2026-03-25 02:00:36,944 - root - INFO - 2025-12-25               0.019026               0.021676
2026-03-25 02:00:36,944 - root - INFO - 2025-12-26               0.099954              -0.012023
2026-03-25 02:00:36,944 - root - INFO - 2025-12-29               0.014076              -0.004295
2026-03-25 02:00:36,944 - root - INFO - 2025-12-30               0.025720               0.002876
2026-03-25 02:00:36,944 - root - INFO - 2025-12-31               0.092935              -0.011470
2026-03-25 02:00:36,944 - root - INFO - 
2026-03-25 02:00:36,944 - root - INFO -             related_stock_90_红星发展  related_stock_91_盛和资源  \
2026-03-25 02:00:36,944 - root - INFO - date
2026-03-25 02:00:36,944 - root - INFO - 2019-01-03               0.007042               0.002008
2026-03-25 02:00:36,944 - root - INFO - 2019-01-04               0.020979               0.012024
2026-03-25 02:00:36,944 - root - INFO - 2019-01-07               0.021918               0.005941
2026-03-25 02:00:36,944 - root - INFO - 2019-01-08              -0.006702              -0.003937
2026-03-25 02:00:36,944 - root - INFO - 2019-01-09               0.000000               0.000000
2026-03-25 02:00:36,944 - root - INFO - ...                           ...                    ...
2026-03-25 02:00:36,944 - root - INFO - 2025-12-25              -0.035655              -0.002101
2026-03-25 02:00:36,945 - root - INFO - 2025-12-26               0.027730              -0.002105
2026-03-25 02:00:36,945 - root - INFO - 2025-12-29               0.016863               0.000000
2026-03-25 02:00:36,945 - root - INFO - 2025-12-30              -0.011056              -0.006329
2026-03-25 02:00:36,945 - root - INFO - 2025-12-31              -0.023477              -0.010616
2026-03-25 02:00:36,945 - root - INFO - 
2026-03-25 02:00:36,945 - root - INFO -             related_stock_92_通威股份  related_stock_93_贵研铂业  \
2026-03-25 02:00:36,945 - root - INFO - date
2026-03-25 02:00:36,945 - root - INFO - 2019-01-03              -0.041063               0.033539
2026-03-25 02:00:36,945 - root - INFO - 2019-01-04               0.017632               0.023057
2026-03-25 02:00:36,945 - root - INFO - 2019-01-07               0.051980               0.021703
2026-03-25 02:00:36,945 - root - INFO - 2019-01-08              -0.002353              -0.015523
2026-03-25 02:00:36,945 - root - INFO - 2019-01-09              -0.020047               0.023237
2026-03-25 02:00:36,945 - root - INFO - ...                           ...                    ...
2026-03-25 02:00:36,945 - root - INFO - 2025-12-25               0.016160              -0.048828
2026-03-25 02:00:36,945 - root - INFO - 2025-12-26               0.019645               0.013860
2026-03-25 02:00:36,945 - root - INFO - 2025-12-29              -0.013303              -0.018228
2026-03-25 02:00:36,945 - root - INFO - 2025-12-30              -0.023245              -0.028365
2026-03-25 02:00:36,945 - root - INFO - 2025-12-31              -0.023322              -0.012208
2026-03-25 02:00:36,945 - root - INFO - 
2026-03-25 02:00:36,945 - root - INFO -             related_stock_94_士兰微  related_stock_95_方大炭素  \
2026-03-25 02:00:36,945 - root - INFO - date
2026-03-25 02:00:36,945 - root - INFO - 2019-01-03              0.001232              -0.017109
2026-03-25 02:00:36,945 - root - INFO - 2019-01-04              0.025830               0.025810
2026-03-25 02:00:36,945 - root - INFO - 2019-01-07              0.025180               0.010532
2026-03-25 02:00:36,946 - root - INFO - 2019-01-08             -0.017544              -0.010423
2026-03-25 02:00:36,946 - root - INFO - 2019-01-09              0.100000               0.004681
2026-03-25 02:00:36,946 - root - INFO - ...                          ...                    ...
2026-03-25 02:00:36,946 - root - INFO - 2025-12-25              0.001769               0.000000
2026-03-25 02:00:36,946 - root - INFO - 2025-12-26             -0.003886               0.019130
2026-03-25 02:00:36,946 - root - INFO - 2025-12-29             -0.007801              -0.015358
2026-03-25 02:00:36,946 - root - INFO - 2025-12-30              0.007505              -0.003466
2026-03-25 02:00:36,946 - root - INFO - 2025-12-31              0.007804              -0.010435
2026-03-25 02:00:36,946 - root - INFO - 
2026-03-25 02:00:36,946 - root - INFO -             related_stock_96_中天科技  related_stock_97_山东黄金  \
2026-03-25 02:00:36,946 - root - INFO - date
2026-03-25 02:00:36,946 - root - INFO - 2019-01-03              -0.037530               0.019344
2026-03-25 02:00:36,946 - root - INFO - 2019-01-04               0.027673              -0.001608
2026-03-25 02:00:36,946 - root - INFO - 2019-01-07               0.029376              -0.004510
2026-03-25 02:00:36,946 - root - INFO - 2019-01-08              -0.010702              -0.055340
2026-03-25 02:00:36,946 - root - INFO - 2019-01-09              -0.007212               0.010277
2026-03-25 02:00:36,946 - root - INFO - ...                           ...                    ...
2026-03-25 02:00:36,946 - root - INFO - 2025-12-25              -0.037461              -0.027695
2026-03-25 02:00:36,946 - root - INFO - 2025-12-26              -0.005405               0.018732
2026-03-25 02:00:36,946 - root - INFO - 2025-12-29              -0.016304              -0.026448
2026-03-25 02:00:36,946 - root - INFO - 2025-12-30              -0.001105              -0.003622
2026-03-25 02:00:36,946 - root - INFO - 2025-12-31               0.002212               0.005193
2026-03-25 02:00:36,946 - root - INFO - 
2026-03-25 02:00:36,947 - root - INFO -             related_stock_98_厦门钨业  related_stock_99_卧龙电驱  \
2026-03-25 02:00:36,947 - root - INFO - date
2026-03-25 02:00:36,947 - root - INFO - 2019-01-03               0.005068               0.001582
2026-03-25 02:00:36,947 - root - INFO - 2019-01-04               0.032773               0.026856
2026-03-25 02:00:36,947 - root - INFO - 2019-01-07               0.017087               0.035385
2026-03-25 02:00:36,947 - root - INFO - 2019-01-08              -0.014400               0.002972
2026-03-25 02:00:36,947 - root - INFO - 2019-01-09              -0.000812              -0.007407
2026-03-25 02:00:36,947 - root - INFO - ...                           ...                    ...
2026-03-25 02:00:36,947 - root - INFO - 2025-12-25              -0.019742               0.042834
2026-03-25 02:00:36,947 - root - INFO - 2025-12-26               0.021382               0.015731
2026-03-25 02:00:36,947 - root - INFO - 2025-12-29              -0.012658              -0.003011
2026-03-25 02:00:36,947 - root - INFO - 2025-12-30               0.008136               0.070766
2026-03-25 02:00:36,947 - root - INFO - 2025-12-31               0.004157              -0.010679
2026-03-25 02:00:36,947 - root - INFO - 
2026-03-25 02:00:36,947 - root - INFO -             related_stock_100_长飞光纤  related_stock_101_新安股份  \
2026-03-25 02:00:36,947 - root - INFO - date
2026-03-25 02:00:36,947 - root - INFO - 2019-01-03               -0.004860               -0.005597
2026-03-25 02:00:36,947 - root - INFO - 2019-01-04                0.024420                0.022514
2026-03-25 02:00:36,947 - root - INFO - 2019-01-07                0.035757                0.013761
2026-03-25 02:00:36,947 - root - INFO - 2019-01-08               -0.010357               -0.008145
2026-03-25 02:00:36,947 - root - INFO - 2019-01-09                0.030233                0.009124
2026-03-25 02:00:36,947 - root - INFO - ...                            ...                     ...
2026-03-25 02:00:36,947 - root - INFO - 2025-12-25                0.000269                0.014184
2026-03-25 02:00:36,947 - root - INFO - 2025-12-26               -0.008888                0.009615
2026-03-25 02:00:36,948 - root - INFO - 2025-12-29               -0.004891                0.006926
2026-03-25 02:00:36,948 - root - INFO - 2025-12-30                0.013108                0.001720
2026-03-25 02:00:36,948 - root - INFO - 2025-12-31               -0.008625               -0.015451
2026-03-25 02:00:36,948 - root - INFO - 
2026-03-25 02:00:36,948 - root - INFO -             related_stock_102_绿地控股  related_stock_103_福耀玻璃  \
2026-03-25 02:00:36,948 - root - INFO - date
2026-03-25 02:00:36,948 - root - INFO - 2019-01-03               -0.003300               -0.035651
2026-03-25 02:00:36,948 - root - INFO - 2019-01-04                0.019868                0.004159
2026-03-25 02:00:36,948 - root - INFO - 2019-01-07                0.011364                0.011505
2026-03-25 02:00:36,948 - root - INFO - 2019-01-08               -0.004815               -0.010919
2026-03-25 02:00:36,948 - root - INFO - 2019-01-09                0.004839                0.033579
2026-03-25 02:00:36,948 - root - INFO - ...                            ...                     ...
2026-03-25 02:00:36,948 - root - INFO - 2025-12-25                0.006024                0.006975
2026-03-25 02:00:36,948 - root - INFO - 2025-12-26               -0.005988                0.002991
2026-03-25 02:00:36,948 - root - INFO - 2025-12-29               -0.006024               -0.008319
2026-03-25 02:00:36,948 - root - INFO - 2025-12-30               -0.006061                0.020893
2026-03-25 02:00:36,948 - root - INFO - 2025-12-31                0.012195                0.004186
2026-03-25 02:00:36,948 - root - INFO - 
2026-03-25 02:00:36,948 - root - INFO -             related_stock_104_青岛海尔  related_stock_105_祁连山  \
2026-03-25 02:00:36,948 - root - INFO - date
2026-03-25 02:00:36,948 - root - INFO - 2019-01-03               -0.005913              -0.009390
2026-03-25 02:00:36,948 - root - INFO - 2019-01-04                0.010409               0.020537
2026-03-25 02:00:36,948 - root - INFO - 2019-01-07               -0.012509               0.010836
2026-03-25 02:00:36,948 - root - INFO - 2019-01-08               -0.011923               0.016845
2026-03-25 02:00:36,949 - root - INFO - 2019-01-09                0.055807              -0.003012
2026-03-25 02:00:36,949 - root - INFO - ...                            ...                    ...
2026-03-25 02:00:36,949 - root - INFO - 2025-12-25                0.001490               0.000000
2026-03-25 02:00:36,949 - root - INFO - 2025-12-26               -0.005208              -0.004065
2026-03-25 02:00:36,949 - root - INFO - 2025-12-29               -0.005984              -0.002721
2026-03-25 02:00:36,949 - root - INFO - 2025-12-30               -0.001505              -0.004093
2026-03-25 02:00:36,949 - root - INFO - 2025-12-31               -0.016956              -0.010959
2026-03-25 02:00:36,949 - root - INFO - 
2026-03-25 02:00:36,949 - root - INFO -             related_stock_106_华域汽车  related_stock_107_闻泰科技  \
2026-03-25 02:00:36,949 - root - INFO - date
2026-03-25 02:00:36,949 - root - INFO - 2019-01-03               -0.052055               -0.082179
2026-03-25 02:00:36,949 - root - INFO - 2019-01-04                0.009827                0.071317
2026-03-25 02:00:36,949 - root - INFO - 2019-01-07                0.016600                0.020408
2026-03-25 02:00:36,949 - root - INFO - 2019-01-08                0.006757               -0.021905
2026-03-25 02:00:36,949 - root - INFO - 2019-01-09                0.053132                0.032132
2026-03-25 02:00:36,949 - root - INFO - ...                            ...                     ...
2026-03-25 02:00:36,949 - root - INFO - 2025-12-25               -0.002490               -0.004971
2026-03-25 02:00:36,949 - root - INFO - 2025-12-26               -0.007489               -0.003681
2026-03-25 02:00:36,949 - root - INFO - 2025-12-29               -0.001006               -0.014252
2026-03-25 02:00:36,949 - root - INFO - 2025-12-30                0.011078                0.003748
2026-03-25 02:00:36,949 - root - INFO - 2025-12-31               -0.003984               -0.005601
2026-03-25 02:00:36,949 - root - INFO - 
2026-03-25 02:00:36,949 - root - INFO -             related_stock_108_浪潮软件  related_stock_109_山西汾酒  \
2026-03-25 02:00:36,949 - root - INFO - date
2026-03-25 02:00:36,950 - root - INFO - 2019-01-03               -0.006618               -0.032749
2026-03-25 02:00:36,950 - root - INFO - 2019-01-04                0.029980                0.031137
2026-03-25 02:00:36,950 - root - INFO - 2019-01-07                0.018111               -0.007329
2026-03-25 02:00:36,950 - root - INFO - 2019-01-08               -0.010165               -0.000886
2026-03-25 02:00:36,950 - root - INFO - 2019-01-09                0.000000                0.034880
2026-03-25 02:00:36,950 - root - INFO - ...                            ...                     ...
2026-03-25 02:00:36,950 - root - INFO - 2025-12-25                0.009742                0.017483
2026-03-25 02:00:36,950 - root - INFO - 2025-12-26                0.017026               -0.005429
2026-03-25 02:00:36,950 - root - INFO - 2025-12-29               -0.012835               -0.015194
2026-03-25 02:00:36,950 - root - INFO - 2025-12-30                0.003957               -0.011143
2026-03-25 02:00:36,950 - root - INFO - 2025-12-31                0.037162               -0.007801
2026-03-25 02:00:36,950 - root - INFO - 
2026-03-25 02:00:36,950 - root - INFO -             related_stock_110_津膜科技  related_stock_111_宁波中百  \
2026-03-25 02:00:36,950 - root - INFO - date
2026-03-25 02:00:36,950 - root - INFO - 2019-01-03                0.000000               -0.023952
2026-03-25 02:00:36,950 - root - INFO - 2019-01-04                0.022444                0.025767
2026-03-25 02:00:36,950 - root - INFO - 2019-01-07                0.024390                0.007177
2026-03-25 02:00:36,950 - root - INFO - 2019-01-08               -0.007143               -0.004751
2026-03-25 02:00:36,950 - root - INFO - 2019-01-09                0.016787                0.023866
2026-03-25 02:00:36,950 - root - INFO - ...                            ...                     ...
2026-03-25 02:00:36,950 - root - INFO - 2025-12-25               -0.001923               -0.010468
2026-03-25 02:00:36,950 - root - INFO - 2025-12-26                0.000000               -0.007757
2026-03-25 02:00:36,951 - root - INFO - 2025-12-29               -0.009634               -0.010661
2026-03-25 02:00:36,951 - root - INFO - 2025-12-30                0.000000               -0.012931
2026-03-25 02:00:36,951 - root - INFO - 2025-12-31               -0.007782               -0.002183
2026-03-25 02:00:36,951 - root - INFO - 
2026-03-25 02:00:36,951 - root - INFO -             related_stock_112_哈投股份  related_stock_113_嘉化能源  \
2026-03-25 02:00:36,951 - root - INFO - date
2026-03-25 02:00:36,951 - root - INFO - 2019-01-03                0.028889               -0.049041
2026-03-25 02:00:36,951 - root - INFO - 2019-01-04                0.099352                0.006726
2026-03-25 02:00:36,951 - root - INFO - 2019-01-07               -0.021611                0.048998
2026-03-25 02:00:36,951 - root - INFO - 2019-01-08               -0.006024               -0.010616
2026-03-25 02:00:36,951 - root - INFO - 2019-01-09               -0.008081                0.000000
2026-03-25 02:00:36,951 - root - INFO - ...                            ...                     ...
2026-03-25 02:00:36,951 - root - INFO - 2025-12-25                0.008876                0.014935
2026-03-25 02:00:36,951 - root - INFO - 2025-12-26                0.001466                0.033109
2026-03-25 02:00:36,951 - root - INFO - 2025-12-29               -0.011713               -0.021958
2026-03-25 02:00:36,951 - root - INFO - 2025-12-30               -0.005926                0.061286
2026-03-25 02:00:36,951 - root - INFO - 2025-12-31               -0.011923                0.003431
2026-03-25 02:00:36,951 - root - INFO - 
2026-03-25 02:00:36,951 - root - INFO -             related_stock_114_航天电子  related_stock_115_杉杉股份  \
2026-03-25 02:00:36,951 - root - INFO - date
2026-03-25 02:00:36,951 - root - INFO - 2019-01-03                0.036166                0.000783
2026-03-25 02:00:36,951 - root - INFO - 2019-01-04                0.033159                0.033646
2026-03-25 02:00:36,951 - root - INFO - 2019-01-07                0.040541                0.021196
2026-03-25 02:00:36,951 - root - INFO - 2019-01-08               -0.017857                0.005930
2026-03-25 02:00:36,952 - root - INFO - 2019-01-09               -0.011570               -0.013265
2026-03-25 02:00:36,952 - root - INFO - ...                            ...                     ...
2026-03-25 02:00:36,952 - root - INFO - 2025-12-25                0.099882               -0.009489
2026-03-25 02:00:36,952 - root - INFO - 2025-12-26                0.046212                0.013265
2026-03-25 02:00:36,952 - root - INFO - 2025-12-29               -0.009759               -0.020364
2026-03-25 02:00:36,952 - root - INFO - 2025-12-30                0.005187                0.011136
2026-03-25 02:00:36,952 - root - INFO - 2025-12-31                0.100103               -0.008076
2026-03-25 02:00:36,952 - root - INFO - 
2026-03-25 02:00:36,952 - root - INFO -             related_stock_116_长江电力  related_stock_117_隆基绿能  \
2026-03-25 02:00:36,952 - root - INFO - date
2026-03-25 02:00:36,952 - root - INFO - 2019-01-03                0.009728                0.006333
2026-03-25 02:00:36,952 - root - INFO - 2019-01-04               -0.016057                0.026316
2026-03-25 02:00:36,952 - root - INFO - 2019-01-07               -0.005222                0.027313
2026-03-25 02:00:36,952 - root - INFO - 2019-01-08                0.020997                0.003798
2026-03-25 02:00:36,952 - root - INFO - 2019-01-09               -0.005141                0.028649
2026-03-25 02:00:36,952 - root - INFO - ...                            ...                     ...
2026-03-25 02:00:36,952 - root - INFO - 2025-12-25                0.000000                0.007722
2026-03-25 02:00:36,952 - root - INFO - 2025-12-26                0.000000                0.041051
2026-03-25 02:00:36,952 - root - INFO - 2025-12-29               -0.004342               -0.016824
2026-03-25 02:00:36,952 - root - INFO - 2025-12-30               -0.007267               -0.013904
2026-03-25 02:00:36,952 - root - INFO - 2025-12-31               -0.004758               -0.013015
2026-03-25 02:00:36,952 - root - INFO - 
2026-03-25 02:00:36,952 - root - INFO -             related_stock_118_中国神华  related_stock_119_中国铁建  \
2026-03-25 02:00:36,953 - root - INFO - date
2026-03-25 02:00:36,953 - root - INFO - 2019-01-03               -0.004502                0.004669
2026-03-25 02:00:36,953 - root - INFO - 2019-01-04                0.021481                0.029740
2026-03-25 02:00:36,953 - root - INFO - 2019-01-07               -0.001107                0.008123
2026-03-25 02:00:36,953 - root - INFO - 2019-01-08                0.020499                0.000000
2026-03-25 02:00:36,953 - root - INFO - 2019-01-09                0.002714               -0.016115
2026-03-25 02:00:36,953 - root - INFO - ...                            ...                     ...
2026-03-25 02:00:36,953 - root - INFO - 2025-12-25               -0.002981               -0.001279
2026-03-25 02:00:36,953 - root - INFO - 2025-12-26               -0.001495                0.000000
2026-03-25 02:00:36,953 - root - INFO - 2025-12-29                0.003244               -0.005122
2026-03-25 02:00:36,953 - root - INFO - 2025-12-30                0.006219               -0.009009
2026-03-25 02:00:36,953 - root - INFO - 2025-12-31                0.001236               -0.003896
2026-03-25 02:00:36,953 - root - INFO - 
2026-03-25 02:00:36,953 - root - INFO -             related_stock_120_中国平安  related_stock_121_工商银行  \
2026-03-25 02:00:36,953 - root - INFO - date
2026-03-25 02:00:36,953 - root - INFO - 2019-01-03                0.009061                0.000000
2026-03-25 02:00:36,953 - root - INFO - 2019-01-04                0.016343                0.013462
2026-03-25 02:00:36,953 - root - INFO - 2019-01-07               -0.005125               -0.005693
2026-03-25 02:00:36,953 - root - INFO - 2019-01-08               -0.008881               -0.007634
2026-03-25 02:00:36,953 - root - INFO - 2019-01-09                0.020609                0.011538
2026-03-25 02:00:36,953 - root - INFO - ...                            ...                     ...
2026-03-25 02:00:36,953 - root - INFO - 2025-12-25                0.025641               -0.006321
2026-03-25 02:00:36,953 - root - INFO - 2025-12-26                0.005085               -0.006361
2026-03-25 02:00:36,953 - root - INFO - 2025-12-29               -0.017988                0.007682
2026-03-25 02:00:36,953 - root - INFO - 2025-12-30               -0.015455               -0.002541
2026-03-25 02:00:36,954 - root - INFO - 2025-12-31               -0.005814                0.010191
2026-03-25 02:00:36,954 - root - INFO - 
2026-03-25 02:00:36,954 - root - INFO -             related_stock_122_中国铝业  related_stock_123_长城汽车  \
2026-03-25 02:00:36,954 - root - INFO - date
2026-03-25 02:00:36,954 - root - INFO - 2019-01-03                0.005714               -0.005348
2026-03-25 02:00:36,954 - root - INFO - 2019-01-04                0.014205                0.012545
2026-03-25 02:00:36,954 - root - INFO - 2019-01-07                0.014006                0.015929
2026-03-25 02:00:36,954 - root - INFO - 2019-01-08               -0.002762               -0.010453
2026-03-25 02:00:36,954 - root - INFO - 2019-01-09               -0.005540                0.100352
2026-03-25 02:00:36,954 - root - INFO - ...                            ...                     ...
2026-03-25 02:00:36,954 - root - INFO - 2025-12-25               -0.009937                0.006812
2026-03-25 02:00:36,954 - root - INFO - 2025-12-26                0.080292                0.027515
2026-03-25 02:00:36,954 - root - INFO - 2025-12-29               -0.032939               -0.007463
2026-03-25 02:00:36,954 - root - INFO - 2025-12-30                0.047162               -0.004865
2026-03-25 02:00:36,954 - root - INFO - 2025-12-31                0.019183                0.005778
2026-03-25 02:00:36,954 - root - INFO - 
2026-03-25 02:00:36,954 - root - INFO -             related_stock_124_中国建筑  related_stock_125_中国电建  \
2026-03-25 02:00:36,954 - root - INFO - date
2026-03-25 02:00:36,954 - root - INFO - 2019-01-03                0.000000               -0.004065
2026-03-25 02:00:36,954 - root - INFO - 2019-01-04                0.023214                0.020408
2026-03-25 02:00:36,954 - root - INFO - 2019-01-07                0.001745                0.018000
2026-03-25 02:00:36,954 - root - INFO - 2019-01-08               -0.003484               -0.001965
2026-03-25 02:00:36,954 - root - INFO - 2019-01-09               -0.001748               -0.017717
2026-03-25 02:00:36,955 - root - INFO - ...                            ...                     ...
2026-03-25 02:00:36,955 - root - INFO - 2025-12-25                0.001923               -0.001890
2026-03-25 02:00:36,955 - root - INFO - 2025-12-26               -0.003839               -0.001894
2026-03-25 02:00:36,955 - root - INFO - 2025-12-29                0.005780               -0.003795
2026-03-25 02:00:36,955 - root - INFO - 2025-12-30               -0.011494               -0.007619
2026-03-25 02:00:36,955 - root - INFO - 2025-12-31               -0.005814               -0.001919
2026-03-25 02:00:36,955 - root - INFO - 
2026-03-25 02:00:36,955 - root - INFO -             related_stock_126_拓普集团  related_stock_127_中国中车  \
2026-03-25 02:00:36,955 - root - INFO - date
2026-03-25 02:00:36,955 - root - INFO - 2019-01-03               -0.006181                0.022624
2026-03-25 02:00:36,955 - root - INFO - 2019-01-04                0.017277                0.016593
2026-03-25 02:00:36,955 - root - INFO - 2019-01-07                0.023777                0.004353
2026-03-25 02:00:36,955 - root - INFO - 2019-01-08               -0.007963                0.007584
2026-03-25 02:00:36,955 - root - INFO - 2019-01-09                0.023411               -0.013978
2026-03-25 02:00:36,955 - root - INFO - ...                            ...                     ...
2026-03-25 02:00:36,955 - root - INFO - 2025-12-25                0.038306               -0.001443
2026-03-25 02:00:36,955 - root - INFO - 2025-12-26               -0.007518               -0.002890
2026-03-25 02:00:36,955 - root - INFO - 2025-12-29                0.009258                0.001449
2026-03-25 02:00:36,955 - root - INFO - 2025-12-30                0.082418               -0.008683
2026-03-25 02:00:36,955 - root - INFO - 2025-12-31               -0.008988               -0.004380
2026-03-25 02:00:36,955 - root - INFO - 
2026-03-25 02:00:36,955 - root - INFO -             related_stock_128_中国石油  related_stock_129_紫金矿业  \
2026-03-25 02:00:36,955 - root - INFO - date
2026-03-25 02:00:36,955 - root - INFO - 2019-01-03                0.006983                0.013289
2026-03-25 02:00:36,956 - root - INFO - 2019-01-04                0.011096                0.009836
2026-03-25 02:00:36,956 - root - INFO - 2019-01-07                0.004115                0.000000
2026-03-25 02:00:36,956 - root - INFO - 2019-01-08                0.001366               -0.012987
2026-03-25 02:00:36,956 - root - INFO - 2019-01-09                0.000000                0.006579
2026-03-25 02:00:36,956 - root - INFO - ...                            ...                     ...
2026-03-25 02:00:36,956 - root - INFO - 2025-12-25               -0.002030               -0.008666
2026-03-25 02:00:36,956 - root - INFO - 2025-12-26                0.002035                0.046831
2026-03-25 02:00:36,956 - root - INFO - 2025-12-29                0.021320               -0.026245
2026-03-25 02:00:36,956 - root - INFO - 2025-12-30                0.018887                0.023583
2026-03-25 02:00:36,956 - root - INFO - 2025-12-31                0.015610                0.031418
2026-03-25 02:00:36,956 - root - INFO - 
2026-03-25 02:00:36,956 - root - INFO -             related_stock_130_中远海控  related_stock_131_中国核电  \
2026-03-25 02:00:36,956 - root - INFO - date
2026-03-25 02:00:36,956 - root - INFO - 2019-01-03                0.029412                0.001898
2026-03-25 02:00:36,956 - root - INFO - 2019-01-04                0.021429                0.009470
2026-03-25 02:00:36,956 - root - INFO - 2019-01-07                0.016317                0.020638
2026-03-25 02:00:36,956 - root - INFO - 2019-01-08                0.025229               -0.003676
2026-03-25 02:00:36,956 - root - INFO - 2019-01-09                0.026846               -0.005535
2026-03-25 02:00:36,956 - root - INFO - ...                            ...                     ...
2026-03-25 02:00:36,956 - root - INFO - 2025-12-25               -0.011082                0.004577
2026-03-25 02:00:36,956 - root - INFO - 2025-12-26                0.004614               -0.001139
2026-03-25 02:00:36,956 - root - INFO - 2025-12-29               -0.001969               -0.006842
2026-03-25 02:00:36,956 - root - INFO - 2025-12-30                0.003945               -0.004592
2026-03-25 02:00:36,956 - root - INFO - 2025-12-31               -0.005894               -0.002307
2026-03-25 02:00:36,957 - root - INFO - 
2026-03-25 02:00:36,957 - root - INFO -             related_stock_132_中国银行  related_stock_133_晶方科技  \
2026-03-25 02:00:36,957 - root - INFO - date
2026-03-25 02:00:36,957 - root - INFO - 2019-01-03                0.002825               -0.020097
2026-03-25 02:00:36,957 - root - INFO - 2019-01-04                0.008451                0.031697
2026-03-25 02:00:36,957 - root - INFO - 2019-01-07               -0.002793                0.042169
2026-03-25 02:00:36,957 - root - INFO - 2019-01-08               -0.008403               -0.012139
2026-03-25 02:00:36,957 - root - INFO - 2019-01-09                0.002825                0.005266
2026-03-25 02:00:36,957 - root - INFO - ...                            ...                     ...
2026-03-25 02:00:36,957 - root - INFO - 2025-12-25               -0.003527                0.002500
2026-03-25 02:00:36,957 - root - INFO - 2025-12-26               -0.007080               -0.007838
2026-03-25 02:00:36,957 - root - INFO - 2025-12-29                0.012478               -0.005386
2026-03-25 02:00:36,957 - root - INFO - 2025-12-30               -0.001761                0.005054
2026-03-25 02:00:36,957 - root - INFO - 2025-12-31                0.010582               -0.006466
2026-03-25 02:00:36,957 - root - INFO - 
2026-03-25 02:00:36,957 - root - INFO -             related_stock_134_禾望电气  related_stock_135_华贸物流  \
2026-03-25 02:00:36,957 - root - INFO - date
2026-03-25 02:00:36,957 - root - INFO - 2019-01-03               -0.012658                0.000000
2026-03-25 02:00:36,957 - root - INFO - 2019-01-04                0.043269                0.021696
2026-03-25 02:00:36,957 - root - INFO - 2019-01-07                0.033794                0.032819
2026-03-25 02:00:36,957 - root - INFO - 2019-01-08                0.002972               -0.001869
2026-03-25 02:00:36,957 - root - INFO - 2019-01-09                0.032593               -0.003745
2026-03-25 02:00:36,957 - root - INFO - ...                            ...                     ...
2026-03-25 02:00:36,957 - root - INFO - 2025-12-25               -0.001428                0.008837
2026-03-25 02:00:36,958 - root - INFO - 2025-12-26               -0.007435               -0.004380
2026-03-25 02:00:36,958 - root - INFO - 2025-12-29               -0.017286               -0.013196
2026-03-25 02:00:36,958 - root - INFO - 2025-12-30               -0.015538               -0.007429
2026-03-25 02:00:36,958 - root - INFO - 2025-12-31               -0.015188                0.005988
2026-03-25 02:00:36,958 - root - INFO - 
2026-03-25 02:00:36,958 - root - INFO -             related_stock_136_新泉股份  related_stock_137_药明康德  \
2026-03-25 02:00:36,958 - root - INFO - date
2026-03-25 02:00:36,958 - root - INFO - 2019-01-03                0.016687               -0.004448
2026-03-25 02:00:36,958 - root - INFO - 2019-01-04                0.044377                0.013544
2026-03-25 02:00:36,958 - root - INFO - 2019-01-07               -0.020373               -0.005235
2026-03-25 02:00:36,958 - root - INFO - 2019-01-08               -0.005942               -0.009278
2026-03-25 02:00:36,958 - root - INFO - 2019-01-09                0.010161                0.008527
2026-03-25 02:00:36,958 - root - INFO - ...                            ...                     ...
2026-03-25 02:00:36,958 - root - INFO - 2025-12-25                0.042229                0.012332
2026-03-25 02:00:36,958 - root - INFO - 2025-12-26               -0.024251                0.008266
2026-03-25 02:00:36,958 - root - INFO - 2025-12-29                0.060821               -0.002157
2026-03-25 02:00:36,958 - root - INFO - 2025-12-30                0.079598               -0.006486
2026-03-25 02:00:36,958 - root - INFO - 2025-12-31               -0.004178               -0.013711
2026-03-25 02:00:36,958 - root - INFO - 
2026-03-25 02:00:36,958 - root - INFO -             related_stock_138_明星电力  related_stock_139_振江股份  \
2026-03-25 02:00:36,958 - root - INFO - date
2026-03-25 02:00:36,958 - root - INFO - 2019-01-03                0.006048               -0.006162
2026-03-25 02:00:36,958 - root - INFO - 2019-01-04                0.014028               -0.014172
2026-03-25 02:00:36,958 - root - INFO - 2019-01-07                0.027668               -0.007188
2026-03-25 02:00:36,959 - root - INFO - 2019-01-08                0.001923               -0.034389
2026-03-25 02:00:36,959 - root - INFO - 2019-01-09                0.011516                0.000937
2026-03-25 02:00:36,959 - root - INFO - ...                            ...                     ...
2026-03-25 02:00:36,959 - root - INFO - 2025-12-25                0.002491                0.010138
2026-03-25 02:00:36,959 - root - INFO - 2025-12-26                0.014907               -0.012445
2026-03-25 02:00:36,959 - root - INFO - 2025-12-29                0.030600                0.047561
2026-03-25 02:00:36,959 - root - INFO - 2025-12-30               -0.017815               -0.011641
2026-03-25 02:00:36,959 - root - INFO - 2025-12-31                0.009674                0.032980
2026-03-25 02:00:36,959 - root - INFO - 
2026-03-25 02:00:36,959 - root - INFO -             related_stock_140_诺力股份  related_stock_141_璞泰来  \
2026-03-25 02:00:36,959 - root - INFO - date
2026-03-25 02:00:36,959 - root - INFO - 2019-01-03               -0.006462              -0.024908
2026-03-25 02:00:36,959 - root - INFO - 2019-01-04                0.008943               0.015549
2026-03-25 02:00:36,959 - root - INFO - 2019-01-07                0.026591               0.016185
2026-03-25 02:00:36,959 - root - INFO - 2019-01-08                0.012559               0.050796
2026-03-25 02:00:36,959 - root - INFO - 2019-01-09               -0.007752              -0.043015
2026-03-25 02:00:36,959 - root - INFO - ...                            ...                    ...
2026-03-25 02:00:36,959 - root - INFO - 2025-12-25                0.021330              -0.007289
2026-03-25 02:00:36,959 - root - INFO - 2025-12-26               -0.013104               0.031571
2026-03-25 02:00:36,959 - root - INFO - 2025-12-29                0.012863              -0.031673
2026-03-25 02:00:36,959 - root - INFO - 2025-12-30                0.007784               0.006983
2026-03-25 02:00:36,959 - root - INFO - 2025-12-31               -0.006098              -0.002190
2026-03-25 02:00:36,959 - root - INFO - 
2026-03-25 02:00:36,960 - root - INFO -             related_stock_142_华友钴业  related_stock_143_福斯特  \
2026-03-25 02:00:36,960 - root - INFO - date
2026-03-25 02:00:36,960 - root - INFO - 2019-01-03                0.002387              -0.023660
2026-03-25 02:00:36,960 - root - INFO - 2019-01-04                0.028241               0.003408
2026-03-25 02:00:36,960 - root - INFO - 2019-01-07                0.011251               0.025283
2026-03-25 02:00:36,960 - root - INFO - 2019-01-08               -0.014071               0.035333
2026-03-25 02:00:36,960 - root - INFO - 2019-01-09               -0.026884              -0.015286
2026-03-25 02:00:36,960 - root - INFO - ...                            ...                    ...
2026-03-25 02:00:36,960 - root - INFO - 2025-12-25               -0.025928               0.001471
2026-03-25 02:00:36,960 - root - INFO - 2025-12-26                0.009637               0.031571
2026-03-25 02:00:36,960 - root - INFO - 2025-12-29               -0.013333               0.000000
2026-03-25 02:00:36,960 - root - INFO - 2025-12-30                0.044687              -0.001423
2026-03-25 02:00:36,960 - root - INFO - 2025-12-31                0.003381              -0.004989
2026-03-25 02:00:36,960 - root - INFO - 
2026-03-25 02:00:36,960 - root - INFO -             related_stock_144_雪峰科技  related_stock_145_龙蟠科技  \
2026-03-25 02:00:36,960 - root - INFO - date
2026-03-25 02:00:36,960 - root - INFO - 2019-01-03               -0.029158               -0.014888
2026-03-25 02:00:36,960 - root - INFO - 2019-01-04                0.007786                0.012091
2026-03-25 02:00:36,960 - root - INFO - 2019-01-07                0.014349                0.011448
2026-03-25 02:00:36,960 - root - INFO - 2019-01-08               -0.008161               -0.011811
2026-03-25 02:00:36,960 - root - INFO - 2019-01-09                0.027153                0.004482
2026-03-25 02:00:36,960 - root - INFO - ...                            ...                     ...
2026-03-25 02:00:36,960 - root - INFO - 2025-12-25                0.054995               -0.012371
2026-03-25 02:00:36,961 - root - INFO - 2025-12-26                0.040544               -0.000696
2026-03-25 02:00:36,961 - root - INFO - 2025-12-29                0.003630               -0.030641
2026-03-25 02:00:36,961 - root - INFO - 2025-12-30               -0.025802                0.012213
2026-03-25 02:00:36,961 - root - INFO - 2025-12-31                0.071287                0.032647
2026-03-25 02:00:36,961 - root - INFO - 
2026-03-25 02:00:36,961 - root - INFO -             related_stock_146_兆易创新  related_stock_147_洛阳钼业  \
2026-03-25 02:00:36,961 - root - INFO - date
2026-03-25 02:00:36,961 - root - INFO - 2019-01-03               -0.010033                0.008086
2026-03-25 02:00:36,961 - root - INFO - 2019-01-04                0.025845                0.024064
2026-03-25 02:00:36,961 - root - INFO - 2019-01-07                0.035732                0.015666
2026-03-25 02:00:36,961 - root - INFO - 2019-01-08               -0.027027               -0.010283
2026-03-25 02:00:36,961 - root - INFO - 2019-01-09                0.015033                0.002597
2026-03-25 02:00:36,961 - root - INFO - ...                            ...                     ...
2026-03-25 02:00:36,961 - root - INFO - 2025-12-25               -0.009371                0.001071
2026-03-25 02:00:36,961 - root - INFO - 2025-12-26                0.022387                0.056150
2026-03-25 02:00:36,961 - root - INFO - 2025-12-29                0.004230               -0.044051
2026-03-25 02:00:36,961 - root - INFO - 2025-12-30               -0.033826                0.033898
2026-03-25 02:00:36,961 - root - INFO - 2025-12-31               -0.027109                0.024590
2026-03-25 02:00:36,961 - root - INFO - 
2026-03-25 02:00:36,961 - root - INFO -             related_stock_148_西藏矿业  related_stock_149_西藏城投  \
2026-03-25 02:00:36,961 - root - INFO - date
2026-03-25 02:00:36,961 - root - INFO - 2019-01-03                0.003008                0.009950
2026-03-25 02:00:36,961 - root - INFO - 2019-01-04                0.026987                0.021346
2026-03-25 02:00:36,962 - root - INFO - 2019-01-07                0.032117                0.016077
2026-03-25 02:00:36,962 - root - INFO - 2019-01-08               -0.002829                0.012658
2026-03-25 02:00:36,962 - root - INFO - 2019-01-09                0.001418               -0.007813
2026-03-25 02:00:36,962 - root - INFO - ...                            ...                     ...
2026-03-25 02:00:36,962 - root - INFO - 2025-12-25               -0.000371               -0.006375
2026-03-25 02:00:36,962 - root - INFO - 2025-12-26                0.021884                0.015237
2026-03-25 02:00:36,962 - root - INFO - 2025-12-29               -0.034120               -0.022907
2026-03-25 02:00:36,962 - root - INFO - 2025-12-30               -0.002255               -0.015360
2026-03-25 02:00:36,962 - root - INFO - 2025-12-31               -0.010546                0.017241
2026-03-25 02:00:36,962 - root - INFO - 
2026-03-25 02:00:36,962 - root - INFO -             related_stock_150_融捷股份  related_stock_151_江特电机  \
2026-03-25 02:00:36,962 - root - INFO - date
2026-03-25 02:00:36,962 - root - INFO - 2019-01-03               -0.033651                0.015254
2026-03-25 02:00:36,962 - root - INFO - 2019-01-04                0.044109                0.021703
2026-03-25 02:00:36,962 - root - INFO - 2019-01-07                0.003335                0.008170
2026-03-25 02:00:36,962 - root - INFO - 2019-01-08               -0.023823               -0.001621
2026-03-25 02:00:36,962 - root - INFO - 2019-01-09                0.002270                0.011364
2026-03-25 02:00:36,962 - root - INFO - ...                            ...                     ...
2026-03-25 02:00:36,962 - root - INFO - 2025-12-25               -0.028582                0.006122
2026-03-25 02:00:36,962 - root - INFO - 2025-12-26                0.052771                0.024341
2026-03-25 02:00:36,962 - root - INFO - 2025-12-29               -0.061486               -0.033663
2026-03-25 02:00:36,962 - root - INFO - 2025-12-30                0.002498                0.014344
2026-03-25 02:00:36,962 - root - INFO - 2025-12-31               -0.008241               -0.016162
2026-03-25 02:00:36,962 - root - INFO - 
2026-03-25 02:00:36,963 - root - INFO -             related_stock_152_川能动力  related_stock_153_中矿资源  \
2026-03-25 02:00:36,963 - root - INFO - date
2026-03-25 02:00:36,963 - root - INFO - 2019-01-03                0.002801               -0.032684
2026-03-25 02:00:36,963 - root - INFO - 2019-01-04                0.027933                0.046010
2026-03-25 02:00:36,963 - root - INFO - 2019-01-07                0.021739                0.019931
2026-03-25 02:00:36,963 - root - INFO - 2019-01-08               -0.021277                0.004717
2026-03-25 02:00:36,963 - root - INFO - 2019-01-09               -0.005435               -0.017438
2026-03-25 02:00:36,963 - root - INFO - ...                            ...                     ...
2026-03-25 02:00:36,963 - root - INFO - 2025-12-25               -0.017442               -0.014991
2026-03-25 02:00:36,963 - root - INFO - 2025-12-26                0.037194                0.080404
2026-03-25 02:00:36,963 - root - INFO - 2025-12-29               -0.040750               -0.037771
2026-03-25 02:00:36,963 - root - INFO - 2025-12-30               -0.000850                0.026558
2026-03-25 02:00:36,963 - root - INFO - 2025-12-31               -0.009354               -0.008708
2026-03-25 02:00:36,963 - root - INFO - 
2026-03-25 02:00:36,963 - root - INFO -             related_stock_154_寒锐钴业  related_stock_155_盛屯矿业  \
2026-03-25 02:00:36,963 - root - INFO - date
2026-03-25 02:00:36,963 - root - INFO - 2019-01-03                0.003157                0.050885
2026-03-25 02:00:36,963 - root - INFO - 2019-01-04                0.029689                0.031579
2026-03-25 02:00:36,963 - root - INFO - 2019-01-07                0.011959                0.012245
2026-03-25 02:00:36,963 - root - INFO - 2019-01-08               -0.021796               -0.018145
2026-03-25 02:00:36,963 - root - INFO - 2019-01-09               -0.042148               -0.008214
2026-03-25 02:00:36,963 - root - INFO - ...                            ...                     ...
2026-03-25 02:00:36,963 - root - INFO - 2025-12-25               -0.019534               -0.018582
2026-03-25 02:00:36,963 - root - INFO - 2025-12-26                0.020602                0.041374
2026-03-25 02:00:36,964 - root - INFO - 2025-12-29               -0.011757               -0.028956
2026-03-25 02:00:36,964 - root - INFO - 2025-12-30                0.014366                0.047157
2026-03-25 02:00:36,964 - root - INFO - 2025-12-31                0.000443                0.003974
2026-03-25 02:00:36,964 - root - INFO - 
2026-03-25 02:00:36,964 - root - INFO -             related_stock_156_道氏技术  related_stock_157_中科电气  \
2026-03-25 02:00:36,964 - root - INFO - date
2026-03-25 02:00:36,964 - root - INFO - 2019-01-03               -0.015492                0.062222
2026-03-25 02:00:36,964 - root - INFO - 2019-01-04                0.060582                0.016736
2026-03-25 02:00:36,964 - root - INFO - 2019-01-07                0.011869                0.100823
2026-03-25 02:00:36,964 - root - INFO - 2019-01-08               -0.004399               -0.050467
2026-03-25 02:00:36,964 - root - INFO - 2019-01-09               -0.009573                0.011811
2026-03-25 02:00:36,964 - root - INFO - ...                            ...                     ...
2026-03-25 02:00:36,964 - root - INFO - 2025-12-25                0.006233                0.019779
2026-03-25 02:00:36,964 - root - INFO - 2025-12-26                0.009735               -0.004962
2026-03-25 02:00:36,964 - root - INFO - 2025-12-29               -0.004820               -0.014053
2026-03-25 02:00:36,964 - root - INFO - 2025-12-30                0.008366               -0.001839
2026-03-25 02:00:36,964 - root - INFO - 2025-12-31               -0.017904               -0.019346
2026-03-25 02:00:36,964 - root - INFO - 
2026-03-25 02:00:36,964 - root - INFO -             related_stock_158_沧州明珠  related_stock_159_美联新材  \
2026-03-25 02:00:36,964 - root - INFO - date
2026-03-25 02:00:36,964 - root - INFO - 2019-01-03               -0.002347               -0.019212
2026-03-25 02:00:36,964 - root - INFO - 2019-01-04                0.028235                0.028404
2026-03-25 02:00:36,964 - root - INFO - 2019-01-07                0.022883                0.012381
2026-03-25 02:00:36,964 - root - INFO - 2019-01-08               -0.006711                0.004704
2026-03-25 02:00:36,965 - root - INFO - 2019-01-09               -0.006757               -0.002809
2026-03-25 02:00:36,965 - root - INFO - ...                            ...                     ...
2026-03-25 02:00:36,965 - root - INFO - 2025-12-25               -0.012146               -0.025261
2026-03-25 02:00:36,965 - root - INFO - 2025-12-26                0.040984                0.002681
2026-03-25 02:00:36,965 - root - INFO - 2025-12-29               -0.027559               -0.005348
2026-03-25 02:00:36,965 - root - INFO - 2025-12-30               -0.020243               -0.023297
2026-03-25 02:00:36,965 - root - INFO - 2025-12-31               -0.014463               -0.000917
2026-03-25 02:00:36,965 - root - INFO - 
2026-03-25 02:00:36,965 - root - INFO -             related_stock_160_天际股份  related_stock_161_石大胜华  \
2026-03-25 02:00:36,965 - root - INFO - date
2026-03-25 02:00:36,965 - root - INFO - 2019-01-03                0.018494                0.019118
2026-03-25 02:00:36,965 - root - INFO - 2019-01-04                0.001297                0.022408
2026-03-25 02:00:36,965 - root - INFO - 2019-01-07                0.009067                0.004077
2026-03-25 02:00:36,965 - root - INFO - 2019-01-08               -0.011553                0.011168
2026-03-25 02:00:36,965 - root - INFO - 2019-01-09                0.010390               -0.008534
2026-03-25 02:00:36,965 - root - INFO - ...                            ...                     ...
2026-03-25 02:00:36,965 - root - INFO - 2025-12-25                0.068376               -0.010573
2026-03-25 02:00:36,965 - root - INFO - 2025-12-26                0.100000                0.049103
2026-03-25 02:00:36,965 - root - INFO - 2025-12-29                0.004040               -0.061962
2026-03-25 02:00:36,965 - root - INFO - 2025-12-30               -0.073843               -0.011117
2026-03-25 02:00:36,965 - root - INFO - 2025-12-31                0.008690               -0.022092
2026-03-25 02:00:36,965 - root - INFO - 
2026-03-25 02:00:36,965 - root - INFO -             related_stock_162_奥克股份  related_stock_163_紫江企业  \
2026-03-25 02:00:36,965 - root - INFO - date
2026-03-25 02:00:36,966 - root - INFO - 2019-01-03                0.000000               -0.059783
2026-03-25 02:00:36,966 - root - INFO - 2019-01-04                0.029950                0.026012
2026-03-25 02:00:36,966 - root - INFO - 2019-01-07                0.000000                0.019718
2026-03-25 02:00:36,966 - root - INFO - 2019-01-08               -0.008078                0.002762
2026-03-25 02:00:36,966 - root - INFO - 2019-01-09               -0.008143                0.013774
2026-03-25 02:00:36,966 - root - INFO - ...                            ...                     ...
2026-03-25 02:00:36,966 - root - INFO - 2025-12-25                0.014028                0.001348
2026-03-25 02:00:36,966 - root - INFO - 2025-12-26                0.029644                0.012113
2026-03-25 02:00:36,966 - root - INFO - 2025-12-29               -0.027831               -0.007979
2026-03-25 02:00:36,966 - root - INFO - 2025-12-30               -0.000987               -0.004021
2026-03-25 02:00:36,966 - root - INFO - 2025-12-31               -0.021739               -0.010767
2026-03-25 02:00:36,966 - root - INFO - 
2026-03-25 02:00:36,966 - root - INFO -             related_stock_164_道明光学  related_stock_165_赢合科技  \
2026-03-25 02:00:36,966 - root - INFO - date
2026-03-25 02:00:36,966 - root - INFO - 2019-01-03                0.000000               -0.003644
2026-03-25 02:00:36,966 - root - INFO - 2019-01-04                0.023188               -0.014631
2026-03-25 02:00:36,966 - root - INFO - 2019-01-07                0.007082                0.000371
2026-03-25 02:00:36,966 - root - INFO - 2019-01-08                0.002813                0.034508
2026-03-25 02:00:36,966 - root - INFO - 2019-01-09                0.008415               -0.021162
2026-03-25 02:00:36,966 - root - INFO - ...                            ...                     ...
2026-03-25 02:00:36,966 - root - INFO - 2025-12-25               -0.009479               -0.006315
2026-03-25 02:00:36,966 - root - INFO - 2025-12-26                0.011164                0.006729
2026-03-25 02:00:36,966 - root - INFO - 2025-12-29               -0.032334               -0.011883
2026-03-25 02:00:36,967 - root - INFO - 2025-12-30                0.015485                0.031567
2026-03-25 02:00:36,967 - root - INFO - 2025-12-31               -0.000803                0.014572
2026-03-25 02:00:36,967 - root - INFO - 
2026-03-25 02:00:36,967 - root - INFO -             related_stock_166_星云股份  related_stock_167_科恒股份  \
2026-03-25 02:00:36,967 - root - INFO - date
2026-03-25 02:00:36,967 - root - INFO - 2019-01-03               -0.043634                0.012811
2026-03-25 02:00:36,967 - root - INFO - 2019-01-04                0.018750                0.038651
2026-03-25 02:00:36,967 - root - INFO - 2019-01-07                0.056442                0.030447
2026-03-25 02:00:36,967 - root - INFO - 2019-01-08                0.010453               -0.011162
2026-03-25 02:00:36,967 - root - INFO - 2019-01-09               -0.016667               -0.003320
2026-03-25 02:00:36,967 - root - INFO - ...                            ...                     ...
2026-03-25 02:00:36,967 - root - INFO - 2025-12-25               -0.006728                0.007223
2026-03-25 02:00:36,967 - root - INFO - 2025-12-26               -0.027266                0.011155
2026-03-25 02:00:36,967 - root - INFO - 2025-12-29               -0.013569               -0.016548
2026-03-25 02:00:36,967 - root - INFO - 2025-12-30               -0.060090               -0.010417
2026-03-25 02:00:36,967 - root - INFO - 2025-12-31               -0.006740               -0.002429
2026-03-25 02:00:36,967 - root - INFO - 
2026-03-25 02:00:36,967 - root - INFO -             related_stock_168_福能东方  related_stock_169_英搏尔  \
2026-03-25 02:00:36,967 - root - INFO - date
2026-03-25 02:00:36,967 - root - INFO - 2019-01-03                0.041037               0.012914
2026-03-25 02:00:36,967 - root - INFO - 2019-01-04                0.066390               0.031874
2026-03-25 02:00:36,967 - root - INFO - 2019-01-07                0.001946               0.003492
2026-03-25 02:00:36,967 - root - INFO - 2019-01-08                0.009709              -0.016595
2026-03-25 02:00:36,968 - root - INFO - 2019-01-09                0.034615              -0.015242
2026-03-25 02:00:36,968 - root - INFO - ...                            ...                    ...
2026-03-25 02:00:36,968 - root - INFO - 2025-12-25               -0.011211               0.018077
2026-03-25 02:00:36,968 - root - INFO - 2025-12-26               -0.006803              -0.006860
2026-03-25 02:00:36,968 - root - INFO - 2025-12-29               -0.036530               0.004470
2026-03-25 02:00:36,968 - root - INFO - 2025-12-30               -0.002370               0.004854
2026-03-25 02:00:36,968 - root - INFO - 2025-12-31                0.004751               0.008857
2026-03-25 02:00:36,968 - root - INFO - 
2026-03-25 02:00:36,968 - root - INFO -             related_stock_170_正海磁材  related_stock_171_信质集团  \
2026-03-25 02:00:36,968 - root - INFO - date
2026-03-25 02:00:36,968 - root - INFO - 2019-01-03                0.008446               -0.023577
2026-03-25 02:00:36,968 - root - INFO - 2019-01-04                0.033501                0.014988
2026-03-25 02:00:36,968 - root - INFO - 2019-01-07                0.030794                0.040197
2026-03-25 02:00:36,968 - root - INFO - 2019-01-08                0.004717               -0.017350
2026-03-25 02:00:36,968 - root - INFO - 2019-01-09               -0.015649                0.019262
2026-03-25 02:00:36,968 - root - INFO - ...                            ...                     ...
2026-03-25 02:00:36,968 - root - INFO - 2025-12-25                0.012354                0.034545
2026-03-25 02:00:36,968 - root - INFO - 2025-12-26               -0.005780               -0.003469
2026-03-25 02:00:36,968 - root - INFO - 2025-12-29                0.007106                0.008703
2026-03-25 02:00:36,968 - root - INFO - 2025-12-30               -0.001283                0.035807
2026-03-25 02:00:36,968 - root - INFO - 2025-12-31               -0.007065               -0.002082
2026-03-25 02:00:36,968 - root - INFO - 
2026-03-25 02:00:36,968 - root - INFO -             related_stock_172_广汽集团  related_stock_173_北汽蓝谷  \
2026-03-25 02:00:36,968 - root - INFO - date
2026-03-25 02:00:36,968 - root - INFO - 2019-01-03                0.000000               -0.001280
2026-03-25 02:00:36,969 - root - INFO - 2019-01-04                0.009728                0.026923
2026-03-25 02:00:36,969 - root - INFO - 2019-01-07                0.005780                0.022472
2026-03-25 02:00:36,969 - root - INFO - 2019-01-08               -0.011494                0.053724
2026-03-25 02:00:36,969 - root - INFO - 2019-01-09                0.022287               -0.018540
2026-03-25 02:00:36,969 - root - INFO - ...                            ...                     ...
2026-03-25 02:00:36,969 - root - INFO - 2025-12-25               -0.010962               -0.020782
2026-03-25 02:00:36,969 - root - INFO - 2025-12-26                0.003695                0.009988
2026-03-25 02:00:36,969 - root - INFO - 2025-12-29                0.006135               -0.012361
2026-03-25 02:00:36,969 - root - INFO - 2025-12-30               -0.003659               -0.018773
2026-03-25 02:00:36,969 - root - INFO - 2025-12-31               -0.001224                0.024235
2026-03-25 02:00:36,969 - root - INFO - 
2026-03-25 02:00:36,969 - root - INFO -             related_stock_174_江淮汽车  related_stock_175_东风汽车  \
2026-03-25 02:00:36,969 - root - INFO - date
2026-03-25 02:00:36,969 - root - INFO - 2019-01-03               -0.004202                0.011142
2026-03-25 02:00:36,969 - root - INFO - 2019-01-04                0.021097                0.008264
2026-03-25 02:00:36,969 - root - INFO - 2019-01-07                0.030992                0.021858
2026-03-25 02:00:36,969 - root - INFO - 2019-01-08                0.002004                0.013369
2026-03-25 02:00:36,969 - root - INFO - 2019-01-09                0.016000                0.007916
2026-03-25 02:00:36,969 - root - INFO - ...                            ...                     ...
2026-03-25 02:00:36,969 - root - INFO - 2025-12-25                0.009621               -0.002774
2026-03-25 02:00:36,969 - root - INFO - 2025-12-26               -0.008110                0.001391
2026-03-25 02:00:36,969 - root - INFO - 2025-12-29                0.010630                0.000000
2026-03-25 02:00:36,969 - root - INFO - 2025-12-30                0.003439               -0.002778
2026-03-25 02:00:36,970 - root - INFO - 2025-12-31               -0.002217                0.000000
2026-03-25 02:00:36,970 - root - INFO - 
2026-03-25 02:00:36,970 - root - INFO -             related_stock_176_赛力斯  related_stock_177_力帆科技  \
2026-03-25 02:00:36,970 - root - INFO - date
2026-03-25 02:00:36,970 - root - INFO - 2019-01-03              -0.037126                0.000000
2026-03-25 02:00:36,970 - root - INFO - 2019-01-04               0.007463                0.026247
2026-03-25 02:00:36,970 - root - INFO - 2019-01-07               0.000000                0.012788
2026-03-25 02:00:36,970 - root - INFO - 2019-01-08               0.010494                0.000000
2026-03-25 02:00:36,970 - root - INFO - 2019-01-09               0.017715                0.101010
2026-03-25 02:00:36,970 - root - INFO - ...                           ...                     ...
2026-03-25 02:00:36,970 - root - INFO - 2025-12-25              -0.004929                0.011257
2026-03-25 02:00:36,970 - root - INFO - 2025-12-26               0.013097               -0.006494
2026-03-25 02:00:36,970 - root - INFO - 2025-12-29              -0.002569                0.017740
2026-03-25 02:00:36,970 - root - INFO - 2025-12-30               0.008142               -0.018349
2026-03-25 02:00:36,970 - root - INFO - 2025-12-31              -0.003132               -0.006542
2026-03-25 02:00:36,970 - root - INFO - 
2026-03-25 02:00:36,970 - root - INFO -             related_stock_178_万马股份  related_stock_179_易事特  \
2026-03-25 02:00:36,970 - root - INFO - date
2026-03-25 02:00:36,970 - root - INFO - 2019-01-03                0.000000              -0.002404
2026-03-25 02:00:36,970 - root - INFO - 2019-01-04                0.049505               0.019277
2026-03-25 02:00:36,970 - root - INFO - 2019-01-07                0.037736               0.028369
2026-03-25 02:00:36,971 - root - INFO - 2019-01-08               -0.003636               0.000000
2026-03-25 02:00:36,971 - root - INFO - 2019-01-09               -0.001825              -0.004598
2026-03-25 02:00:36,971 - root - INFO - ...                            ...                    ...
2026-03-25 02:00:36,971 - root - INFO - 2025-12-25                0.024149               0.009740
2026-03-25 02:00:36,971 - root - INFO - 2025-12-26               -0.003628               0.004823
2026-03-25 02:00:36,971 - root - INFO - 2025-12-29               -0.007888               0.032000
2026-03-25 02:00:36,971 - root - INFO - 2025-12-30                0.059327               0.034109
2026-03-25 02:00:36,971 - root - INFO - 2025-12-31               -0.023672              -0.026987
2026-03-25 02:00:36,971 - root - INFO - 
2026-03-25 02:00:36,971 - root - INFO -             related_stock_180_中恒电气  related_stock_181_动力源  \
2026-03-25 02:00:36,971 - root - INFO - date
2026-03-25 02:00:36,971 - root - INFO - 2019-01-03               -0.004259               0.000000
2026-03-25 02:00:36,971 - root - INFO - 2019-01-04               -0.015398               0.031477
2026-03-25 02:00:36,971 - root - INFO - 2019-01-07                0.030408               0.100939
2026-03-25 02:00:36,971 - root - INFO - 2019-01-08               -0.010118               0.031983
2026-03-25 02:00:36,971 - root - INFO - 2019-01-09               -0.007666              -0.035124
2026-03-25 02:00:36,971 - root - INFO - ...                            ...                    ...
2026-03-25 02:00:36,971 - root - INFO - 2025-12-25               -0.023853              -0.001919
2026-03-25 02:00:36,971 - root - INFO - 2025-12-26               -0.003332              -0.003846
2026-03-25 02:00:36,971 - root - INFO - 2025-12-29               -0.019688               0.015444
2026-03-25 02:00:36,971 - root - INFO - 2025-12-30                0.000379              -0.007605
2026-03-25 02:00:36,971 - root - INFO - 2025-12-31                0.001515              -0.001916
2026-03-25 02:00:36,971 - root - INFO - 
2026-03-25 02:00:36,972 - root - INFO -             related_stock_182_国电南瑞  related_stock_183_金力永磁  \
2026-03-25 02:00:36,972 - root - INFO - date
2026-03-25 02:00:36,972 - root - INFO - 2019-01-03                0.003311                0.003239
2026-03-25 02:00:36,972 - root - INFO - 2019-01-04                0.024752                0.041974
2026-03-25 02:00:36,972 - root - INFO - 2019-01-07                0.048846                0.035857
2026-03-25 02:00:36,972 - root - INFO - 2019-01-08               -0.019447                0.024786
2026-03-25 02:00:36,972 - root - INFO - 2019-01-09               -0.004175               -0.007089
2026-03-25 02:00:36,972 - root - INFO - ...                            ...                     ...
2026-03-25 02:00:36,972 - root - INFO - 2025-12-25               -0.004338                0.026020
2026-03-25 02:00:36,972 - root - INFO - 2025-12-26               -0.007843               -0.007205
2026-03-25 02:00:36,972 - root - INFO - 2025-12-29               -0.001318               -0.003193
2026-03-25 02:00:36,972 - root - INFO - 2025-12-30               -0.007036                0.001747
2026-03-25 02:00:36,972 - root - INFO - 2025-12-31               -0.004429               -0.008430
2026-03-25 02:00:36,972 - root - INFO - 
2026-03-25 02:00:36,972 - root - INFO -             related_stock_184_TCL中环  related_stock_185_爱旭股份  \
2026-03-25 02:00:36,972 - root - INFO - date
2026-03-25 02:00:36,972 - root - INFO - 2019-01-03                -0.021888                0.044968
2026-03-25 02:00:36,972 - root - INFO - 2019-01-04                 0.030769                0.000000
2026-03-25 02:00:36,972 - root - INFO - 2019-01-07                 0.029851                0.000000
2026-03-25 02:00:36,972 - root - INFO - 2019-01-08                -0.072464                0.049180
2026-03-25 02:00:36,972 - root - INFO - 2019-01-09                 0.018466                0.050781
2026-03-25 02:00:36,972 - root - INFO - ...                             ...                     ...
2026-03-25 02:00:36,972 - root - INFO - 2025-12-25                 0.003521                0.013605
2026-03-25 02:00:36,972 - root - INFO - 2025-12-26                 0.030409                0.026846
2026-03-25 02:00:36,973 - root - INFO - 2025-12-29                 0.001135               -0.005810
2026-03-25 02:00:36,973 - root - INFO - 2025-12-30                -0.018141               -0.019722
2026-03-25 02:00:36,973 - root - INFO - 2025-12-31                -0.010393               -0.001490
2026-03-25 02:00:36,973 - root - INFO - 
2026-03-25 02:00:36,973 - root - INFO -             related_stock_186_中来股份  related_stock_187_韦尔股份  \
2026-03-25 02:00:36,973 - root - INFO - date
2026-03-25 02:00:36,973 - root - INFO - 2019-01-03                0.026667               -0.018276
2026-03-25 02:00:36,973 - root - INFO - 2019-01-04                0.069481                0.030207
2026-03-25 02:00:36,973 - root - INFO - 2019-01-07                0.004250                0.045346
2026-03-25 02:00:36,973 - root - INFO - 2019-01-08               -0.034462               -0.022179
2026-03-25 02:00:36,973 - root - INFO - 2019-01-09               -0.004383                0.003002
2026-03-25 02:00:36,973 - root - INFO - ...                            ...                     ...
2026-03-25 02:00:36,973 - root - INFO - 2025-12-25                0.008996                0.004980
2026-03-25 02:00:36,973 - root - INFO - 2025-12-26                0.032689                0.013451
2026-03-25 02:00:36,973 - root - INFO - 2025-12-29               -0.008633               -0.014902
2026-03-25 02:00:36,973 - root - INFO - 2025-12-30               -0.034833               -0.000945
2026-03-25 02:00:36,973 - root - INFO - 2025-12-31                0.007519               -0.007098
2026-03-25 02:00:36,973 - root - INFO - 
2026-03-25 02:00:36,973 - root - INFO -             related_stock_188_北京君正  related_stock_189_圣邦股份  \
2026-03-25 02:00:36,973 - root - INFO - date
2026-03-25 02:00:36,973 - root - INFO - 2019-01-03               -0.005470                0.010984
2026-03-25 02:00:36,973 - root - INFO - 2019-01-04                0.019252                0.034529
2026-03-25 02:00:36,973 - root - INFO - 2019-01-07                0.022126                0.041864
2026-03-25 02:00:36,973 - root - INFO - 2019-01-08               -0.009504               -0.015880
2026-03-25 02:00:36,974 - root - INFO - 2019-01-09                0.041578                0.006735
2026-03-25 02:00:36,974 - root - INFO - ...                            ...                     ...
2026-03-25 02:00:36,974 - root - INFO - 2025-12-25                0.064092                0.006347
2026-03-25 02:00:36,974 - root - INFO - 2025-12-26               -0.023496               -0.006881
2026-03-25 02:00:36,974 - root - INFO - 2025-12-29               -0.003591                0.008805
2026-03-25 02:00:36,974 - root - INFO - 2025-12-30                0.012705                0.001002
2026-03-25 02:00:36,974 - root - INFO - 2025-12-31               -0.056500               -0.018868
2026-03-25 02:00:36,974 - root - INFO - 
2026-03-25 02:00:36,974 - root - INFO -             related_stock_190_骆驼股份  related_stock_191_雄韬股份  \
2026-03-25 02:00:36,974 - root - INFO - date
2026-03-25 02:00:36,974 - root - INFO - 2019-01-03               -0.015046                0.036792
2026-03-25 02:00:36,974 - root - INFO - 2019-01-04                0.028202                0.008189
2026-03-25 02:00:36,974 - root - INFO - 2019-01-07                0.005714                0.013538
2026-03-25 02:00:36,974 - root - INFO - 2019-01-08               -0.009091                0.027605
2026-03-25 02:00:36,974 - root - INFO - 2019-01-09                0.003440                0.075390
2026-03-25 02:00:36,974 - root - INFO - ...                            ...                     ...
2026-03-25 02:00:36,974 - root - INFO - 2025-12-25                0.003268                0.007878
2026-03-25 02:00:36,974 - root - INFO - 2025-12-26                0.013029               -0.002931
2026-03-25 02:00:36,974 - root - INFO - 2025-12-29               -0.011790               -0.013229
2026-03-25 02:00:36,974 - root - INFO - 2025-12-30                0.001085               -0.015392
2026-03-25 02:00:36,974 - root - INFO - 2025-12-31               -0.006501               -0.010086
2026-03-25 02:00:36,974 - root - INFO - 
2026-03-25 02:00:36,974 - root - INFO -             related_stock_192_科力远  related_stock_193_欣旺达  \
2026-03-25 02:00:36,974 - root - INFO - date
2026-03-25 02:00:36,975 - root - INFO - 2019-01-03               0.000000              -0.054715
2026-03-25 02:00:36,975 - root - INFO - 2019-01-04               0.015464               0.019704
2026-03-25 02:00:36,975 - root - INFO - 2019-01-07               0.055838               0.020531
2026-03-25 02:00:36,975 - root - INFO - 2019-01-08               0.004808               0.081657
2026-03-25 02:00:36,975 - root - INFO - 2019-01-09              -0.002392              -0.040481
2026-03-25 02:00:36,975 - root - INFO - ...                           ...                    ...
2026-03-25 02:00:36,975 - root - INFO - 2025-12-25               0.004399              -0.007395
2026-03-25 02:00:36,975 - root - INFO - 2025-12-26               0.021898               0.007450
2026-03-25 02:00:36,975 - root - INFO - 2025-12-29              -0.020000              -0.113950
2026-03-25 02:00:36,975 - root - INFO - 2025-12-30               0.008746               0.031487
2026-03-25 02:00:36,975 - root - INFO - 2025-12-31              -0.004335              -0.038249
2026-03-25 02:00:36,975 - root - INFO - 
2026-03-25 02:00:36,975 - root - INFO -             related_stock_194_德赛电池  related_stock_195_蔚蓝锂芯  \
2026-03-25 02:00:36,975 - root - INFO - date
2026-03-25 02:00:36,975 - root - INFO - 2019-01-03                0.003436                0.002577
2026-03-25 02:00:36,975 - root - INFO - 2019-01-04                0.006164                0.033419
2026-03-25 02:00:36,975 - root - INFO - 2019-01-07                0.002383                0.022388
2026-03-25 02:00:36,975 - root - INFO - 2019-01-08               -0.007470                0.000000
2026-03-25 02:00:36,975 - root - INFO - 2019-01-09                0.034896               -0.002433
2026-03-25 02:00:36,975 - root - INFO - ...                            ...                     ...
2026-03-25 02:00:36,975 - root - INFO - 2025-12-25                0.000000                0.041360
2026-03-25 02:00:36,975 - root - INFO - 2025-12-26               -0.002878                0.010881
2026-03-25 02:00:36,976 - root - INFO - 2025-12-29               -0.018398               -0.033369
2026-03-25 02:00:36,976 - root - INFO - 2025-12-30               -0.001103               -0.006125
2026-03-25 02:00:36,976 - root - INFO - 2025-12-31               -0.011038               -0.002801
2026-03-25 02:00:36,976 - root - INFO - 
2026-03-25 02:00:36,976 - root - INFO -             related_stock_196_远东股份  related_stock_197_东方电气  \
2026-03-25 02:00:36,976 - root - INFO - date
2026-03-25 02:00:36,976 - root - INFO - 2019-01-03                0.014862               -0.013959
2026-03-25 02:00:36,976 - root - INFO - 2019-01-04                0.035565                0.051480
2026-03-25 02:00:36,976 - root - INFO - 2019-01-07               -0.028283                0.028152
2026-03-25 02:00:36,976 - root - INFO - 2019-01-08               -0.002079                0.000000
2026-03-25 02:00:36,976 - root - INFO - 2019-01-09                0.062500               -0.007143
2026-03-25 02:00:36,976 - root - INFO - ...                            ...                     ...
2026-03-25 02:00:36,976 - root - INFO - 2025-12-25                0.015267                0.020325
2026-03-25 02:00:36,976 - root - INFO - 2025-12-26               -0.011278               -0.007968
2026-03-25 02:00:36,976 - root - INFO - 2025-12-29                0.001267               -0.021285
2026-03-25 02:00:36,976 - root - INFO - 2025-12-30                0.011392                0.001231
2026-03-25 02:00:36,976 - root - INFO - 2025-12-31                0.007509               -0.004918
2026-03-25 02:00:36,976 - root - INFO - 
2026-03-25 02:00:36,976 - root - INFO -             related_stock_198_天顺风能  related_stock_199_日月股份  \
2026-03-25 02:00:36,976 - root - INFO - date
2026-03-25 02:00:36,976 - root - INFO - 2019-01-03               -0.018182               -0.035266
2026-03-25 02:00:36,976 - root - INFO - 2019-01-04                0.034722                0.084263
2026-03-25 02:00:36,976 - root - INFO - 2019-01-07                0.002237               -0.002286
2026-03-25 02:00:36,976 - root - INFO - 2019-01-08                0.006696               -0.005727
2026-03-25 02:00:36,976 - root - INFO - 2019-01-09                0.028825               -0.003456
2026-03-25 02:00:36,978 - root - INFO - ...                            ...                     ...
2026-03-25 02:00:36,978 - root - INFO - 2025-12-25                0.022321                0.014449
2026-03-25 02:00:36,978 - root - INFO - 2025-12-26                0.001456               -0.004498
2026-03-25 02:00:36,978 - root - INFO - 2025-12-29                0.000000                0.005271
2026-03-25 02:00:36,978 - root - INFO - 2025-12-30               -0.005814               -0.011236
2026-03-25 02:00:36,978 - root - INFO - 2025-12-31                0.002924                0.003788
2026-03-25 02:00:36,978 - root - INFO - 
2026-03-25 02:00:36,978 - root - INFO -             related_stock_200_金雷股份  related_stock_201_节能风电  \
2026-03-25 02:00:36,978 - root - INFO - date
2026-03-25 02:00:36,978 - root - INFO - 2019-01-03               -0.029412               -0.008658
2026-03-25 02:00:36,978 - root - INFO - 2019-01-04                0.045455                0.017467
2026-03-25 02:00:36,978 - root - INFO - 2019-01-07               -0.005435                0.047210
2026-03-25 02:00:36,978 - root - INFO - 2019-01-08                0.022769               -0.016393
2026-03-25 02:00:36,979 - root - INFO - 2019-01-09               -0.014248                0.000000
2026-03-25 02:00:36,979 - root - INFO - ...                            ...                     ...
2026-03-25 02:00:36,979 - root - INFO - 2025-12-25                0.006287                0.003344
2026-03-25 02:00:36,979 - root - INFO - 2025-12-26               -0.001388                0.000000
2026-03-25 02:00:36,979 - root - INFO - 2025-12-29               -0.003128               -0.006667
2026-03-25 02:00:36,979 - root - INFO - 2025-12-30               -0.002789               -0.003356
2026-03-25 02:00:36,979 - root - INFO - 2025-12-31               -0.016434               -0.006734
2026-03-25 02:00:36,979 - root - INFO - 
2026-03-25 02:00:36,979 - root - INFO -             related_stock_202_美锦能源  related_stock_203_英维克  \
2026-03-25 02:00:36,979 - root - INFO - date
2026-03-25 02:00:36,979 - root - INFO - 2019-01-03               -0.003135              -0.050064
2026-03-25 02:00:36,979 - root - INFO - 2019-01-04                0.028302               0.029054
2026-03-25 02:00:36,979 - root - INFO - 2019-01-07                0.009174               0.099803
2026-03-25 02:00:36,979 - root - INFO - 2019-01-08               -0.009091               0.100299
2026-03-25 02:00:36,979 - root - INFO - 2019-01-09                0.006116              -0.014107
2026-03-25 02:00:36,979 - root - INFO - ...                            ...                    ...
2026-03-25 02:00:36,979 - root - INFO - 2025-12-25                0.017167              -0.003238
2026-03-25 02:00:36,979 - root - INFO - 2025-12-26                0.000000              -0.001985
2026-03-25 02:00:36,979 - root - INFO - 2025-12-29                0.006329              -0.011484
2026-03-25 02:00:36,979 - root - INFO - 2025-12-30               -0.002096               0.035492
2026-03-25 02:00:36,979 - root - INFO - 2025-12-31               -0.012605              -0.055742
2026-03-25 02:00:36,979 - root - INFO - 
2026-03-25 02:00:36,979 - root - INFO -             related_stock_204_中鼎股份  related_stock_205_科达制造  \
2026-03-25 02:00:36,979 - root - INFO - date
2026-03-25 02:00:36,980 - root - INFO - 2019-01-03               -0.027411                0.027638
2026-03-25 02:00:36,980 - root - INFO - 2019-01-04                0.033403                0.012225
2026-03-25 02:00:36,980 - root - INFO - 2019-01-07                0.020202                0.038647
2026-03-25 02:00:36,980 - root - INFO - 2019-01-08               -0.006931                0.013953
2026-03-25 02:00:36,980 - root - INFO - 2019-01-09                0.017946               -0.011468
2026-03-25 02:00:36,980 - root - INFO - ...                            ...                     ...
2026-03-25 02:00:36,980 - root - INFO - 2025-12-25                0.010123               -0.007988
2026-03-25 02:00:36,980 - root - INFO - 2025-12-26                0.000436                0.027818
2026-03-25 02:00:36,980 - root - INFO - 2025-12-29                0.000871               -0.028490
2026-03-25 02:00:36,980 - root - INFO - 2025-12-30                0.033507                0.001466
2026-03-25 02:00:36,980 - root - INFO - 2025-12-31               -0.022737                0.015373
2026-03-25 02:00:36,980 - root - INFO - 
2026-03-25 02:00:36,980 - root - INFO -             related_stock_206_藏格矿业  related_stock_207_贤丰控股  \
2026-03-25 02:00:36,980 - root - INFO - date
2026-03-25 02:00:36,980 - root - INFO - 2019-01-03               -0.010733               -0.034562
2026-03-25 02:00:36,980 - root - INFO - 2019-01-04                0.011754                0.033413
2026-03-25 02:00:36,980 - root - INFO - 2019-01-07                0.001787                0.009238
2026-03-25 02:00:36,980 - root - INFO - 2019-01-08               -0.010705                0.018307
2026-03-25 02:00:36,980 - root - INFO - 2019-01-09                0.003607                0.020225
2026-03-25 02:00:36,980 - root - INFO - ...                            ...                     ...
2026-03-25 02:00:36,980 - root - INFO - 2025-12-25                0.002266                0.005405
2026-03-25 02:00:36,980 - root - INFO - 2025-12-26                0.071850               -0.002688
2026-03-25 02:00:36,980 - root - INFO - 2025-12-29               -0.032345               -0.008086
2026-03-25 02:00:36,980 - root - INFO - 2025-12-30                0.015986                0.040761
2026-03-25 02:00:36,980 - root - INFO - 2025-12-31                0.006079               -0.026110
2026-03-25 02:00:36,981 - root - INFO - 
2026-03-25 02:00:36,981 - root - INFO -             related_stock_208_金圆股份  related_stock_209_鞍重股份  \
2026-03-25 02:00:36,981 - root - INFO - date
2026-03-25 02:00:36,981 - root - INFO - 2019-01-03               -0.011820               -0.016768
2026-03-25 02:00:36,981 - root - INFO - 2019-01-04                0.022727                0.048062
2026-03-25 02:00:36,981 - root - INFO - 2019-01-07                0.023392                0.010355
2026-03-25 02:00:36,981 - root - INFO - 2019-01-08                0.018286                0.014641
2026-03-25 02:00:36,981 - root - INFO - 2019-01-09               -0.001122                0.014430
2026-03-25 02:00:36,981 - root - INFO - ...                            ...                     ...
2026-03-25 02:00:36,981 - root - INFO - 2025-12-25               -0.043478               -0.004396
2026-03-25 02:00:36,981 - root - INFO - 2025-12-26                0.027859                0.018396
2026-03-25 02:00:36,981 - root - INFO - 2025-12-29               -0.041369               -0.028179
2026-03-25 02:00:36,981 - root - INFO - 2025-12-30               -0.025298               -0.017844
2026-03-25 02:00:36,981 - root - INFO - 2025-12-31               -0.025954               -0.009084
2026-03-25 02:00:36,981 - root - INFO - 
2026-03-25 02:00:36,981 - root - INFO -             related_stock_210_万里石  related_stock_211_吉翔股份  \
2026-03-25 02:00:36,981 - root - INFO - date
2026-03-25 02:00:36,981 - root - INFO - 2019-01-03              -0.036872               -0.008351
2026-03-25 02:00:36,981 - root - INFO - 2019-01-04               0.012761                0.003158
2026-03-25 02:00:36,981 - root - INFO - 2019-01-07               0.016037                0.028332
2026-03-25 02:00:36,981 - root - INFO - 2019-01-08               0.019166               -0.019388
2026-03-25 02:00:36,981 - root - INFO - 2019-01-09               0.008850                0.024974
2026-03-25 02:00:36,981 - root - INFO - ...                           ...                     ...
2026-03-25 02:00:36,981 - root - INFO - 2025-12-25               0.043144               -0.009225
2026-03-25 02:00:36,982 - root - INFO - 2025-12-26               0.023796                0.030726
2026-03-25 02:00:36,982 - root - INFO - 2025-12-29              -0.012452               -0.045167
2026-03-25 02:00:36,982 - root - INFO - 2025-12-30               0.036705               -0.007569
2026-03-25 02:00:36,982 - root - INFO - 2025-12-31              -0.045405               -0.009533
2026-03-25 02:00:36,982 - root - INFO - 
2026-03-25 02:00:36,982 - root - INFO -             related_stock_212_康隆达  related_stock_213_中国中冶  \
2026-03-25 02:00:36,982 - root - INFO - date
2026-03-25 02:00:36,982 - root - INFO - 2019-01-03               0.007958                0.000000
2026-03-25 02:00:36,982 - root - INFO - 2019-01-04               0.022180                0.009772
2026-03-25 02:00:36,982 - root - INFO - 2019-01-07               0.030158                0.003226
2026-03-25 02:00:36,982 - root - INFO - 2019-01-08               0.006783               -0.025723
2026-03-25 02:00:36,982 - root - INFO - 2019-01-09               0.007092                0.009901
2026-03-25 02:00:36,982 - root - INFO - ...                           ...                     ...
2026-03-25 02:00:36,982 - root - INFO - 2025-12-25               0.055188               -0.003344
2026-03-25 02:00:36,982 - root - INFO - 2025-12-26              -0.011901                0.006711
2026-03-25 02:00:36,982 - root - INFO - 2025-12-29               0.017433                0.013333
2026-03-25 02:00:36,982 - root - INFO - 2025-12-30              -0.021495               -0.019737
2026-03-25 02:00:36,982 - root - INFO - 2025-12-31               0.016237               -0.003356
2026-03-25 02:00:36,982 - root - INFO - 
2026-03-25 02:00:36,982 - root - INFO -             related_stock_214_鹏欣资源  related_stock_215_合纵科技  \
2026-03-25 02:00:36,982 - root - INFO - date
2026-03-25 02:00:36,982 - root - INFO - 2019-01-03                0.037946                0.001106
2026-03-25 02:00:36,982 - root - INFO - 2019-01-04                0.021505                0.026519
2026-03-25 02:00:36,982 - root - INFO - 2019-01-07                0.008421                0.021529
2026-03-25 02:00:36,982 - root - INFO - 2019-01-08               -0.020877               -0.025290
2026-03-25 02:00:36,983 - root - INFO - 2019-01-09                0.008529               -0.007568
2026-03-25 02:00:36,983 - root - INFO - ...                            ...                     ...
2026-03-25 02:00:36,983 - root - INFO - 2025-12-25               -0.041509               -0.029126
2026-03-25 02:00:36,983 - root - INFO - 2025-12-26                0.034121                0.020000
2026-03-25 02:00:36,983 - root - INFO - 2025-12-29               -0.016497               -0.045752
2026-03-25 02:00:36,983 - root - INFO - 2025-12-30               -0.005161               -0.068493
2026-03-25 02:00:36,983 - root - INFO - 2025-12-31                0.002594               -0.036765
2026-03-25 02:00:36,983 - root - INFO - 
2026-03-25 02:00:36,983 - root - INFO -             related_stock_216_百川股份  related_stock_217_易成新能  \
2026-03-25 02:00:36,983 - root - INFO - date
2026-03-25 02:00:36,983 - root - INFO - 2019-01-03                0.000000                0.000000
2026-03-25 02:00:36,983 - root - INFO - 2019-01-04                0.017964                0.000000
2026-03-25 02:00:36,983 - root - INFO - 2019-01-07                0.011765                0.000000
2026-03-25 02:00:36,983 - root - INFO - 2019-01-08               -0.001938                0.000000
2026-03-25 02:00:36,983 - root - INFO - 2019-01-09               -0.003883                0.000000
2026-03-25 02:00:36,983 - root - INFO - ...                            ...                     ...
2026-03-25 02:00:36,983 - root - INFO - 2025-12-25                0.000000                0.016227
2026-03-25 02:00:36,983 - root - INFO - 2025-12-26                0.025000                0.017964
2026-03-25 02:00:36,983 - root - INFO - 2025-12-29                0.027260               -0.013725
2026-03-25 02:00:36,983 - root - INFO - 2025-12-30                0.016760               -0.019881
2026-03-25 02:00:36,983 - root - INFO - 2025-12-31               -0.015110               -0.014199
2026-03-25 02:00:36,983 - root - INFO - 
2026-03-25 02:00:36,983 - root - INFO -             related_stock_218_恒力石化  related_stock_219_江苏国泰  \
2026-03-25 02:00:36,984 - root - INFO - date
2026-03-25 02:00:36,984 - root - INFO - 2019-01-03                0.002974                0.012681
2026-03-25 02:00:36,984 - root - INFO - 2019-01-04                0.011119                0.033989
2026-03-25 02:00:36,984 - root - INFO - 2019-01-07                0.005132                0.012111
2026-03-25 02:00:36,984 - root - INFO - 2019-01-08               -0.011670               -0.020513
2026-03-25 02:00:36,984 - root - INFO - 2019-01-09                0.008118               -0.005236
2026-03-25 02:00:36,984 - root - INFO - ...                            ...                     ...
2026-03-25 02:00:36,984 - root - INFO - 2025-12-25                0.019666                0.001095
2026-03-25 02:00:36,984 - root - INFO - 2025-12-26                0.025554                0.015317
2026-03-25 02:00:36,984 - root - INFO - 2025-12-29               -0.012694               -0.015086
2026-03-25 02:00:36,984 - root - INFO - 2025-12-30                0.068095               -0.007659
2026-03-25 02:00:36,984 - root - INFO - 2025-12-31                0.004458               -0.004410
2026-03-25 02:00:36,984 - root - INFO - 
2026-03-25 02:00:36,984 - root - INFO -             related_stock_220_铜陵有色  related_stock_221_华自科技  \
2026-03-25 02:00:36,984 - root - INFO - date
2026-03-25 02:00:36,984 - root - INFO - 2019-01-03                0.005128                0.000794
2026-03-25 02:00:36,984 - root - INFO - 2019-01-04                0.020408                0.058684
2026-03-25 02:00:36,984 - root - INFO - 2019-01-07                0.015000                0.009738
2026-03-25 02:00:36,984 - root - INFO - 2019-01-08               -0.004926                0.014837
2026-03-25 02:00:36,984 - root - INFO - 2019-01-09                0.000000                0.084064
2026-03-25 02:00:36,984 - root - INFO - ...                            ...                     ...
2026-03-25 02:00:36,984 - root - INFO - 2025-12-25               -0.007194               -0.015103
2026-03-25 02:00:36,984 - root - INFO - 2025-12-26                0.074275                0.003228
2026-03-25 02:00:36,984 - root - INFO - 2025-12-29               -0.033727                0.001609
2026-03-25 02:00:36,984 - root - INFO - 2025-12-30                0.012216               -0.021687
2026-03-25 02:00:36,985 - root - INFO - 2025-12-31                0.036207               -0.015599
2026-03-25 02:00:36,985 - root - INFO - 
2026-03-25 02:00:36,985 - root - INFO -             related_stock_222_一汽解放  related_stock_223_中国重汽  \
2026-03-25 02:00:36,985 - root - INFO - date
2026-03-25 02:00:36,985 - root - INFO - 2019-01-03                0.010542               -0.013736
2026-03-25 02:00:36,985 - root - INFO - 2019-01-04                0.023845                0.022284
2026-03-25 02:00:36,985 - root - INFO - 2019-01-07                0.053857                0.022707
2026-03-25 02:00:36,985 - root - INFO - 2019-01-08               -0.019337                0.002664
2026-03-25 02:00:36,985 - root - INFO - 2019-01-09                0.004225                0.017715
2026-03-25 02:00:36,985 - root - INFO - ...                            ...                     ...
2026-03-25 02:00:36,985 - root - INFO - 2025-12-25               -0.002941                0.010192
2026-03-25 02:00:36,985 - root - INFO - 2025-12-26                0.000000               -0.001780
2026-03-25 02:00:36,985 - root - INFO - 2025-12-29                0.004425               -0.011891
2026-03-25 02:00:36,985 - root - INFO - 2025-12-30               -0.004405               -0.002407
2026-03-25 02:00:36,985 - root - INFO - 2025-12-31                0.000000                0.019300
2026-03-25 02:00:36,985 - root - INFO - 
2026-03-25 02:00:36,985 - root - INFO -             related_stock_224_福田汽车  related_stock_225_江铃汽车  \
2026-03-25 02:00:36,985 - root - INFO - date
2026-03-25 02:00:36,985 - root - INFO - 2019-01-03                0.000000               -0.032941
2026-03-25 02:00:36,985 - root - INFO - 2019-01-04                0.011236                0.064882
2026-03-25 02:00:36,985 - root - INFO - 2019-01-07                0.005556                0.099010
2026-03-25 02:00:36,985 - root - INFO - 2019-01-08                0.000000                0.025641
2026-03-25 02:00:36,985 - root - INFO - 2019-01-09                0.016575                0.066892
2026-03-25 02:00:36,985 - root - INFO - ...                            ...                     ...
2026-03-25 02:00:36,986 - root - INFO - 2025-12-25               -0.017123                0.001612
2026-03-25 02:00:36,986 - root - INFO - 2025-12-26                0.006969                0.007511
2026-03-25 02:00:36,986 - root - INFO - 2025-12-29                0.000000                0.003727
2026-03-25 02:00:36,986 - root - INFO - 2025-12-30                0.003460                0.009019
2026-03-25 02:00:36,986 - root - INFO - 2025-12-31                0.006897               -0.022082
2026-03-25 02:00:36,986 - root - INFO - 
2026-03-25 02:00:36,986 - root - INFO -             related_stock_226_金龙汽车  related_stock_227_中通客车  \
2026-03-25 02:00:36,986 - root - INFO - date
2026-03-25 02:00:36,986 - root - INFO - 2019-01-03                0.000000               -0.006803
2026-03-25 02:00:36,986 - root - INFO - 2019-01-04                0.028788                0.025114
2026-03-25 02:00:36,986 - root - INFO - 2019-01-07                0.020619                0.024499
2026-03-25 02:00:36,986 - root - INFO - 2019-01-08                0.038961                0.054348
2026-03-25 02:00:36,986 - root - INFO - 2019-01-09                0.073611                0.000000
2026-03-25 02:00:36,986 - root - INFO - ...                            ...                     ...
2026-03-25 02:00:36,986 - root - INFO - 2025-12-25                0.003007               -0.014783
2026-03-25 02:00:36,986 - root - INFO - 2025-12-26                0.021583               -0.007061
2026-03-25 02:00:36,986 - root - INFO - 2025-12-29                0.002347               -0.023111
2026-03-25 02:00:36,986 - root - INFO - 2025-12-30                0.009368               -0.002730
2026-03-25 02:00:36,986 - root - INFO - 2025-12-31                0.029002                0.041971
2026-03-25 02:00:36,986 - root - INFO - 
2026-03-25 02:00:36,986 - root - INFO -             related_stock_228_宇通客车  related_stock_229_银河磁体  \
2026-03-25 02:00:36,986 - root - INFO - date
2026-03-25 02:00:36,986 - root - INFO - 2019-01-03                0.006723                0.002791
2026-03-25 02:00:36,986 - root - INFO - 2019-01-04                0.015860                0.031540
2026-03-25 02:00:36,987 - root - INFO - 2019-01-07                0.014790                0.014388
2026-03-25 02:00:36,987 - root - INFO - 2019-01-08                0.012146                0.059397
2026-03-25 02:00:36,987 - root - INFO - 2019-01-09               -0.005600               -0.012552
2026-03-25 02:00:36,987 - root - INFO - ...                            ...                     ...
2026-03-25 02:00:36,987 - root - INFO - 2025-12-25               -0.007304                0.012846
2026-03-25 02:00:36,987 - root - INFO - 2025-12-26                0.004598                0.007154
2026-03-25 02:00:36,987 - root - INFO - 2025-12-29               -0.019835               -0.002583
2026-03-25 02:00:36,987 - root - INFO - 2025-12-30                0.007161               -0.005827
2026-03-25 02:00:36,987 - root - INFO - 2025-12-31                0.010819               -0.012374
2026-03-25 02:00:36,987 - root - INFO - 
2026-03-25 02:00:36,987 - root - INFO -             related_stock_230_许继电气  related_stock_231_国电南自  \
2026-03-25 02:00:36,987 - root - INFO - date
2026-03-25 02:00:36,987 - root - INFO - 2019-01-03                0.015837                0.100962
2026-03-25 02:00:36,987 - root - INFO - 2019-01-04                0.096882                0.100437
2026-03-25 02:00:36,987 - root - INFO - 2019-01-07                0.079188                0.099206
2026-03-25 02:00:36,987 - root - INFO - 2019-01-08               -0.015992               -0.010830
2026-03-25 02:00:36,987 - root - INFO - 2019-01-09               -0.006692               -0.021898
2026-03-25 02:00:36,987 - root - INFO - ...                            ...                     ...
2026-03-25 02:00:36,987 - root - INFO - 2025-12-25                0.003762                0.015888
2026-03-25 02:00:36,987 - root - INFO - 2025-12-26               -0.009745               -0.011040
2026-03-25 02:00:36,987 - root - INFO - 2025-12-29               -0.014383               -0.013023
2026-03-25 02:00:36,987 - root - INFO - 2025-12-30               -0.009601               -0.002828
2026-03-25 02:00:36,987 - root - INFO - 2025-12-31               -0.003102               -0.009452
2026-03-25 02:00:36,987 - root - INFO - 
2026-03-25 02:00:36,987 - root - INFO -             related_stock_232_思源电气  related_stock_233_科林电气  \
2026-03-25 02:00:36,988 - root - INFO - date
2026-03-25 02:00:36,988 - root - INFO - 2019-01-03                0.001005                0.044394
2026-03-25 02:00:36,988 - root - INFO - 2019-01-04                0.051205               -0.018012
2026-03-25 02:00:36,988 - root - INFO - 2019-01-07                0.042980                0.020543
2026-03-25 02:00:36,988 - root - INFO - 2019-01-08               -0.007326               -0.030913
2026-03-25 02:00:36,988 - root - INFO - 2019-01-09                0.000000               -0.015579
2026-03-25 02:00:36,988 - root - INFO - ...                            ...                     ...
2026-03-25 02:00:36,988 - root - INFO - 2025-12-25                0.032497                0.006745
2026-03-25 02:00:36,988 - root - INFO - 2025-12-26                0.040522               -0.012284
2026-03-25 02:00:36,988 - root - INFO - 2025-12-29               -0.033416               -0.007349
2026-03-25 02:00:36,988 - root - INFO - 2025-12-30                0.002442               -0.005125
2026-03-25 02:00:36,988 - root - INFO - 2025-12-31               -0.009038                0.031483
2026-03-25 02:00:36,988 - root - INFO - 
2026-03-25 02:00:36,988 - root - INFO -             related_stock_234_科华数据  related_stock_235_科陆电子  \
2026-03-25 02:00:36,988 - root - INFO - date
2026-03-25 02:00:36,988 - root - INFO - 2019-01-03               -0.031522               -0.004367
2026-03-25 02:00:36,988 - root - INFO - 2019-01-04                0.040859                0.021930
2026-03-25 02:00:36,988 - root - INFO - 2019-01-07                0.071856                0.066524
2026-03-25 02:00:36,988 - root - INFO - 2019-01-08                0.000621               -0.016097
2026-03-25 02:00:36,988 - root - INFO - 2019-01-09                0.001861                0.002045
2026-03-25 02:00:36,988 - root - INFO - ...                            ...                     ...
2026-03-25 02:00:36,988 - root - INFO - 2025-12-25               -0.005447                0.008917
2026-03-25 02:00:36,988 - root - INFO - 2025-12-26               -0.012014               -0.002525
2026-03-25 02:00:36,988 - root - INFO - 2025-12-29               -0.008047               -0.011392
2026-03-25 02:00:36,989 - root - INFO - 2025-12-30                0.023076               -0.002561
2026-03-25 02:00:36,989 - root - INFO - 2025-12-31               -0.021498               -0.011553
2026-03-25 02:00:36,989 - root - INFO - 
2026-03-25 02:00:36,989 - root - INFO -             related_stock_236_林洋能源  related_stock_237_正泰电器  \
2026-03-25 02:00:36,989 - root - INFO - date
2026-03-25 02:00:36,989 - root - INFO - 2019-01-03               -0.027719               -0.044161
2026-03-25 02:00:36,989 - root - INFO - 2019-01-04                0.035088               -0.004887
2026-03-25 02:00:36,989 - root - INFO - 2019-01-07                0.023305                0.029911
2026-03-25 02:00:36,989 - root - INFO - 2019-01-08                0.002070               -0.011270
2026-03-25 02:00:36,989 - root - INFO - 2019-01-09               -0.004132                0.013152
2026-03-25 02:00:36,989 - root - INFO - ...                            ...                     ...
2026-03-25 02:00:36,989 - root - INFO - 2025-12-25                0.000000                0.004610
2026-03-25 02:00:36,989 - root - INFO - 2025-12-26               -0.001795                0.013413
2026-03-25 02:00:36,989 - root - INFO - 2025-12-29               -0.007194               -0.014629
2026-03-25 02:00:36,989 - root - INFO - 2025-12-30               -0.001812               -0.005302
2026-03-25 02:00:36,989 - root - INFO - 2025-12-31               -0.007260               -0.008884
2026-03-25 02:00:36,989 - root - INFO - 
2026-03-25 02:00:36,989 - root - INFO -             related_stock_238_中颖电子  related_stock_239_全志科技  \
2026-03-25 02:00:36,989 - root - INFO - date
2026-03-25 02:00:36,989 - root - INFO - 2019-01-03               -0.010474               -0.034653
2026-03-25 02:00:36,989 - root - INFO - 2019-01-04                0.019499                0.023590
2026-03-25 02:00:36,989 - root - INFO - 2019-01-07                0.019672                0.023547
2026-03-25 02:00:36,989 - root - INFO - 2019-01-08               -0.008574                0.003426
2026-03-25 02:00:36,989 - root - INFO - 2019-01-09                0.014054                0.001463
2026-03-25 02:00:36,990 - root - INFO - ...                            ...                     ...
2026-03-25 02:00:36,990 - root - INFO - 2025-12-25                0.005160                0.010942
2026-03-25 02:00:36,990 - root - INFO - 2025-12-26               -0.016769               -0.011765
2026-03-25 02:00:36,990 - root - INFO - 2025-12-29                0.001740               -0.006190
2026-03-25 02:00:36,990 - root - INFO - 2025-12-30                0.005212                0.028510
2026-03-25 02:00:36,990 - root - INFO - 2025-12-31               -0.031110               -0.020964
2026-03-25 02:00:36,990 - root - INFO - 
2026-03-25 02:00:36,990 - root - INFO -             related_stock_240_国民技术  related_stock_241_银轮股份  \
2026-03-25 02:00:36,990 - root - INFO - date
2026-03-25 02:00:36,990 - root - INFO - 2019-01-03               -0.011921               -0.012195
2026-03-25 02:00:36,990 - root - INFO - 2019-01-04                0.028150                0.026063
2026-03-25 02:00:36,990 - root - INFO - 2019-01-07                0.023468                0.008021
2026-03-25 02:00:36,990 - root - INFO - 2019-01-08               -0.014013                0.007958
2026-03-25 02:00:36,990 - root - INFO - 2019-01-09                0.014212               -0.010526
2026-03-25 02:00:36,990 - root - INFO - ...                            ...                     ...
2026-03-25 02:00:36,990 - root - INFO - 2025-12-25                0.017378                0.062654
2026-03-25 02:00:36,990 - root - INFO - 2025-12-26               -0.008785               -0.035530
2026-03-25 02:00:36,990 - root - INFO - 2025-12-29               -0.000492               -0.006140
2026-03-25 02:00:36,990 - root - INFO - 2025-12-30                0.001970                0.042439
2026-03-25 02:00:36,990 - root - INFO - 2025-12-31               -0.005900               -0.026024
2026-03-25 02:00:36,990 - root - INFO - 
2026-03-25 02:00:36,990 - root - INFO -             related_stock_242_松芝股份  related_stock_243_科达利  \
2026-03-25 02:00:36,991 - root - INFO - date
2026-03-25 02:00:36,991 - root - INFO - 2019-01-03               -0.002410              -0.025602
2026-03-25 02:00:36,991 - root - INFO - 2019-01-04                0.026570               0.015239
2026-03-25 02:00:36,991 - root - INFO - 2019-01-07                0.007059               0.027950
2026-03-25 02:00:36,991 - root - INFO - 2019-01-08                0.007009              -0.025680
2026-03-25 02:00:36,991 - root - INFO - 2019-01-09                0.000000              -0.018088
2026-03-25 02:00:36,991 - root - INFO - ...                            ...                    ...
2026-03-25 02:00:36,991 - root - INFO - 2025-12-25                0.011416               0.040532
2026-03-25 02:00:36,991 - root - INFO - 2025-12-26               -0.005643              -0.022989
2026-03-25 02:00:36,991 - root - INFO - 2025-12-29               -0.001135               0.038105
2026-03-25 02:00:36,991 - root - INFO - 2025-12-30               -0.004545               0.035321
2026-03-25 02:00:36,991 - root - INFO - 2025-12-31               -0.005708              -0.040015
2026-03-25 02:00:36,991 - root - INFO - 
2026-03-25 02:00:36,991 - root - INFO -             related_stock_244_中航光电  related_stock_245_得润电子  \
2026-03-25 02:00:36,991 - root - INFO - date
2026-03-25 02:00:36,991 - root - INFO - 2019-01-03                0.011789                0.002024
2026-03-25 02:00:36,991 - root - INFO - 2019-01-04                0.004952                0.026263
2026-03-25 02:00:36,991 - root - INFO - 2019-01-07                0.039420                0.037402
2026-03-25 02:00:36,991 - root - INFO - 2019-01-08                0.000558                0.000949
2026-03-25 02:00:36,991 - root - INFO - 2019-01-09               -0.005017               -0.002844
2026-03-25 02:00:36,991 - root - INFO - ...                            ...                     ...
2026-03-25 02:00:36,991 - root - INFO - 2025-12-25                0.033778                0.000000
2026-03-25 02:00:36,991 - root - INFO - 2025-12-26               -0.002866               -0.002933
2026-03-25 02:00:36,991 - root - INFO - 2025-12-29                0.036217                0.002941
2026-03-25 02:00:36,992 - root - INFO - 2025-12-30               -0.016366               -0.004399
2026-03-25 02:00:36,992 - root - INFO - 2025-12-31               -0.000564               -0.007364
2026-03-25 02:00:36,992 - root - INFO - 
2026-03-25 02:00:36,992 - root - INFO -             related_stock_246_光华科技  related_stock_247_天奇股份  \
2026-03-25 02:00:36,992 - root - INFO - date
2026-03-25 02:00:36,992 - root - INFO - 2019-01-03               -0.040999               -0.021220
2026-03-25 02:00:36,992 - root - INFO - 2019-01-04                0.014696                0.031165
2026-03-25 02:00:36,992 - root - INFO - 2019-01-07                0.007900                0.022339
2026-03-25 02:00:36,992 - root - INFO - 2019-01-08                0.018942                0.008997
2026-03-25 02:00:36,992 - root - INFO - 2019-01-09               -0.016667                0.014013
2026-03-25 02:00:36,992 - root - INFO - ...                            ...                     ...
2026-03-25 02:00:36,992 - root - INFO - 2025-12-25                0.001949                0.100000
2026-03-25 02:00:36,992 - root - INFO - 2025-12-26                0.002432                0.100000
2026-03-25 02:00:36,992 - root - INFO - 2025-12-29               -0.008248                0.100207
2026-03-25 02:00:36,992 - root - INFO - 2025-12-30               -0.006849                0.100000
2026-03-25 02:00:36,992 - root - INFO - 2025-12-31               -0.011823               -0.034571
2026-03-25 02:00:36,992 - root - INFO - 
2026-03-25 02:00:36,992 - root - INFO -             related_stock_248_兴发集团  related_stock_249_湖北宜化  \
2026-03-25 02:00:36,992 - root - INFO - date
2026-03-25 02:00:36,992 - root - INFO - 2019-01-03                0.000988                0.000000
2026-03-25 02:00:36,992 - root - INFO - 2019-01-04                0.015795                0.010204
2026-03-25 02:00:36,992 - root - INFO - 2019-01-07                0.004859                0.013468
2026-03-25 02:00:36,992 - root - INFO - 2019-01-08               -0.019342                0.003322
2026-03-25 02:00:36,992 - root - INFO - 2019-01-09                0.002959                0.039735
2026-03-25 02:00:36,993 - root - INFO - ...                            ...                     ...
2026-03-25 02:00:36,993 - root - INFO - 2025-12-25                0.004895                0.006988
2026-03-25 02:00:36,993 - root - INFO - 2025-12-26                0.001719                0.015267
2026-03-25 02:00:36,993 - root - INFO - 2025-12-29               -0.019165               -0.028708
2026-03-25 02:00:36,993 - root - INFO - 2025-12-30                0.012540                0.023223
2026-03-25 02:00:36,993 - root - INFO - 2025-12-31               -0.004032               -0.022696
2026-03-25 02:00:36,993 - root - INFO - 
2026-03-25 02:00:36,993 - root - INFO -             related_stock_250_新洋丰  related_stock_251_巨化股份  \
2026-03-25 02:00:36,993 - root - INFO - date
2026-03-25 02:00:36,993 - root - INFO - 2019-01-03              -0.020455               -0.013616
2026-03-25 02:00:36,993 - root - INFO - 2019-01-04               0.009281                0.018405
2026-03-25 02:00:36,993 - root - INFO - 2019-01-07               0.021839                0.010542
2026-03-25 02:00:36,993 - root - INFO - 2019-01-08              -0.011249               -0.001490
2026-03-25 02:00:36,993 - root - INFO - 2019-01-09               0.015927                0.001493
2026-03-25 02:00:36,993 - root - INFO - ...                           ...                     ...
2026-03-25 02:00:36,993 - root - INFO - 2025-12-25              -0.003139                0.021925
2026-03-25 02:00:36,993 - root - INFO - 2025-12-26              -0.001259               -0.009158
2026-03-25 02:00:36,993 - root - INFO - 2025-12-29              -0.010719               -0.010034
2026-03-25 02:00:36,993 - root - INFO - 2025-12-30               0.001912                0.025340
2026-03-25 02:00:36,993 - root - INFO - 2025-12-31              -0.006361               -0.000520
2026-03-25 02:00:36,993 - root - INFO - 
2026-03-25 02:00:36,993 - root - INFO -             related_stock_252_斯莱克  related_stock_253_德新科技  \
2026-03-25 02:00:36,993 - root - INFO - date
2026-03-25 02:00:36,994 - root - INFO - 2019-01-03               0.007233               -0.099764
2026-03-25 02:00:36,994 - root - INFO - 2019-01-04               0.030521                0.017222
2026-03-25 02:00:36,994 - root - INFO - 2019-01-07              -0.006969                0.005521
2026-03-25 02:00:36,994 - root - INFO - 2019-01-08               0.003509                0.000366
2026-03-25 02:00:36,994 - root - INFO - 2019-01-09               0.015734                0.010611
2026-03-25 02:00:36,994 - root - INFO - ...                           ...                     ...
2026-03-25 02:00:36,994 - root - INFO - 2025-12-25               0.014004               -0.010495
2026-03-25 02:00:36,994 - root - INFO - 2025-12-26              -0.013183               -0.002525
2026-03-25 02:00:36,994 - root - INFO - 2025-12-29              -0.009542               -0.006076
2026-03-25 02:00:36,994 - root - INFO - 2025-12-30               0.012203               -0.012736
2026-03-25 02:00:36,994 - root - INFO - 2025-12-31              -0.012690               -0.011352
2026-03-25 02:00:36,994 - root - INFO - 
2026-03-25 02:00:36,994 - root - INFO -             related_stock_254_今天国际  related_stock_255_星帅尔  \
2026-03-25 02:00:36,994 - root - INFO - date
2026-03-25 02:00:36,994 - root - INFO - 2019-01-03                0.000000              -0.066249
2026-03-25 02:00:36,994 - root - INFO - 2019-01-04                0.041000               0.018994
2026-03-25 02:00:36,994 - root - INFO - 2019-01-07                0.022094               0.019737
2026-03-25 02:00:36,994 - root - INFO - 2019-01-08               -0.005639               0.009140
2026-03-25 02:00:36,994 - root - INFO - 2019-01-09               -0.010397              -0.000533
2026-03-25 02:00:36,994 - root - INFO - ...                            ...                    ...
2026-03-25 02:00:36,994 - root - INFO - 2025-12-25                0.009322               0.002924
2026-03-25 02:00:36,994 - root - INFO - 2025-12-26               -0.009236              -0.010933
2026-03-25 02:00:36,994 - root - INFO - 2025-12-29               -0.007627              -0.002948
2026-03-25 02:00:36,994 - root - INFO - 2025-12-30                0.000000               0.000739
2026-03-25 02:00:36,995 - root - INFO - 2025-12-31                0.005978               0.041359
2026-03-25 02:00:36,995 - root - INFO - 
2026-03-25 02:00:36,995 - root - INFO -             related_stock_256_协鑫集成  related_stock_257_上机数控  \
2026-03-25 02:00:36,995 - root - INFO - date
2026-03-25 02:00:36,995 - root - INFO - 2019-01-03                0.000000               -0.046667
2026-03-25 02:00:36,995 - root - INFO - 2019-01-04                0.008016                0.100100
2026-03-25 02:00:36,995 - root - INFO - 2019-01-07               -0.003976               -0.015438
2026-03-25 02:00:36,995 - root - INFO - 2019-01-08                0.000000                0.010699
2026-03-25 02:00:36,995 - root - INFO - 2019-01-09                0.001996                0.009491
2026-03-25 02:00:36,995 - root - INFO - ...                            ...                     ...
2026-03-25 02:00:36,995 - root - INFO - 2025-12-25                0.003774                0.026903
2026-03-25 02:00:36,995 - root - INFO - 2025-12-26                0.101504                0.015335
2026-03-25 02:00:36,995 - root - INFO - 2025-12-29               -0.020478               -0.026117
2026-03-25 02:00:36,995 - root - INFO - 2025-12-30               -0.017422                0.001616
2026-03-25 02:00:36,995 - root - INFO - 2025-12-31               -0.007092               -0.016129
2026-03-25 02:00:36,995 - root - INFO - 
2026-03-25 02:00:36,995 - root - INFO -             related_stock_258_捷佳伟创  related_stock_259_晶盛机电  \
2026-03-25 02:00:36,995 - root - INFO - date
2026-03-25 02:00:36,995 - root - INFO - 2019-01-03               -0.015337               -0.026531
2026-03-25 02:00:36,995 - root - INFO - 2019-01-04                0.037729                0.033543
2026-03-25 02:00:36,995 - root - INFO - 2019-01-07                0.032688                0.034483
2026-03-25 02:00:36,995 - root - INFO - 2019-01-08               -0.017442               -0.007843
2026-03-25 02:00:36,995 - root - INFO - 2019-01-09               -0.027613                0.011858
2026-03-25 02:00:36,996 - root - INFO - ...                            ...                     ...
2026-03-25 02:00:36,996 - root - INFO - 2025-12-25               -0.015642               -0.015470
2026-03-25 02:00:36,996 - root - INFO - 2025-12-26                0.055021               -0.012365
2026-03-25 02:00:36,996 - root - INFO - 2025-12-29                0.032172               -0.009650
2026-03-25 02:00:36,996 - root - INFO - 2025-12-30               -0.036133               -0.011325
2026-03-25 02:00:36,996 - root - INFO - 2025-12-31               -0.015448               -0.021044
2026-03-25 02:00:36,996 - root - INFO - 
2026-03-25 02:00:36,996 - root - INFO -             related_stock_260_金辰股份  related_stock_261_京运通  \
2026-03-25 02:00:36,996 - root - INFO - date
2026-03-25 02:00:36,996 - root - INFO - 2019-01-03               -0.040566              -0.016340
2026-03-25 02:00:36,996 - root - INFO - 2019-01-04                0.028720               0.029900
2026-03-25 02:00:36,996 - root - INFO - 2019-01-07                0.028306               0.012903
2026-03-25 02:00:36,996 - root - INFO - 2019-01-08                0.001131               0.054140
2026-03-25 02:00:36,996 - root - INFO - 2019-01-09               -0.008663              -0.012085
2026-03-25 02:00:36,996 - root - INFO - ...                            ...                    ...
2026-03-25 02:00:36,996 - root - INFO - 2025-12-25                0.014997              -0.002463
2026-03-25 02:00:36,996 - root - INFO - 2025-12-26                0.000000               0.012346
2026-03-25 02:00:36,996 - root - INFO - 2025-12-29                0.021572               0.002439
2026-03-25 02:00:36,996 - root - INFO - 2025-12-30               -0.023720              -0.026764
2026-03-25 02:00:36,996 - root - INFO - 2025-12-31               -0.005926              -0.022500
2026-03-25 02:00:36,996 - root - INFO - 
2026-03-25 02:00:36,996 - root - INFO -             related_stock_262_洛阳玻璃  related_stock_263_南玻A  \
2026-03-25 02:00:36,996 - root - INFO - date
2026-03-25 02:00:36,996 - root - INFO - 2019-01-03                0.000908               0.007538
2026-03-25 02:00:36,997 - root - INFO - 2019-01-04                0.021779               0.022444
2026-03-25 02:00:36,997 - root - INFO - 2019-01-07                0.019538               0.007317
2026-03-25 02:00:36,997 - root - INFO - 2019-01-08               -0.006098               0.000000
2026-03-25 02:00:36,997 - root - INFO - 2019-01-09               -0.001753               0.000000
2026-03-25 02:00:36,997 - root - INFO - ...                            ...                    ...
2026-03-25 02:00:36,997 - root - INFO - 2025-12-25                0.003968               0.000000
2026-03-25 02:00:36,997 - root - INFO - 2025-12-26                0.000000               0.002227
2026-03-25 02:00:36,997 - root - INFO - 2025-12-29               -0.011858              -0.002222
2026-03-25 02:00:36,997 - root - INFO - 2025-12-30               -0.014000              -0.011136
2026-03-25 02:00:36,997 - root - INFO - 2025-12-31                0.000000              -0.002252
2026-03-25 02:00:36,997 - root - INFO - 
2026-03-25 02:00:36,997 - root - INFO -             related_stock_264_旗滨集团  related_stock_265_元力股份  \
2026-03-25 02:00:36,997 - root - INFO - date
2026-03-25 02:00:36,997 - root - INFO - 2019-01-03                0.010667               -0.023277
2026-03-25 02:00:36,997 - root - INFO - 2019-01-04                0.018470                0.045830
2026-03-25 02:00:36,997 - root - INFO - 2019-01-07                0.005181                0.024540
2026-03-25 02:00:36,997 - root - INFO - 2019-01-08               -0.010309                0.000855
2026-03-25 02:00:36,997 - root - INFO - 2019-01-09                0.005208               -0.000855
2026-03-25 02:00:36,997 - root - INFO - ...                            ...                     ...
2026-03-25 02:00:36,997 - root - INFO - 2025-12-25                0.013356               -0.006875
2026-03-25 02:00:36,997 - root - INFO - 2025-12-26                0.004942               -0.007552
2026-03-25 02:00:36,997 - root - INFO - 2025-12-29               -0.006557                0.003805
2026-03-25 02:00:36,997 - root - INFO - 2025-12-30               -0.013201               -0.018951
2026-03-25 02:00:36,997 - root - INFO - 2025-12-31               -0.008361               -0.001932
2026-03-25 02:00:36,998 - root - INFO - 
2026-03-25 02:00:36,998 - root - INFO -             related_stock_266_中国宝安  related_stock_267_均胜电子  \
2026-03-25 02:00:36,998 - root - INFO - date
2026-03-25 02:00:36,998 - root - INFO - 2019-01-03               -0.013953                0.000433
2026-03-25 02:00:36,998 - root - INFO - 2019-01-04                0.030660               -0.068861
2026-03-25 02:00:36,998 - root - INFO - 2019-01-07                0.018307                0.034884
2026-03-25 02:00:36,998 - root - INFO - 2019-01-08                0.015730               -0.011236
2026-03-25 02:00:36,998 - root - INFO - 2019-01-09               -0.008850                0.019091
2026-03-25 02:00:36,998 - root - INFO - ...                            ...                     ...
2026-03-25 02:00:36,998 - root - INFO - 2025-12-25               -0.001972                0.043967
2026-03-25 02:00:36,998 - root - INFO - 2025-12-26                0.003953               -0.014691
2026-03-25 02:00:36,998 - root - INFO - 2025-12-29               -0.018701               -0.014911
2026-03-25 02:00:36,998 - root - INFO - 2025-12-30               -0.002006                0.042381
2026-03-25 02:00:36,998 - root - INFO - 2025-12-31               -0.010050                0.011939
2026-03-25 02:00:36,998 - root - INFO - 
2026-03-25 02:00:36,998 - root - INFO -             related_stock_268_伯特利  related_stock_269_星宇股份  \
2026-03-25 02:00:36,998 - root - INFO - date
2026-03-25 02:00:36,998 - root - INFO - 2019-01-03              -0.099866               -0.012553
2026-03-25 02:00:36,998 - root - INFO - 2019-01-04               0.002972               -0.032752
2026-03-25 02:00:36,998 - root - INFO - 2019-01-07               0.016790                0.031410
2026-03-25 02:00:36,998 - root - INFO - 2019-01-08              -0.028655               -0.011231
2026-03-25 02:00:36,998 - root - INFO - 2019-01-09               0.012500                0.066186
2026-03-25 02:00:36,998 - root - INFO - ...                           ...                     ...
2026-03-25 02:00:36,998 - root - INFO - 2025-12-25               0.010487                0.006585
2026-03-25 02:00:36,999 - root - INFO - 2025-12-26               0.015077                0.007350
2026-03-25 02:00:36,999 - root - INFO - 2025-12-29              -0.012539               -0.006334
2026-03-25 02:00:36,999 - root - INFO - 2025-12-30               0.029107                0.001452
2026-03-25 02:00:36,999 - root - INFO - 2025-12-31              -0.026765               -0.005962
2026-03-25 02:00:36,999 - root - INFO - 
2026-03-25 02:00:36,999 - root - INFO -             related_stock_270_华阳集团  related_stock_271_保隆科技  \
2026-03-25 02:00:36,999 - root - INFO - date
2026-03-25 02:00:36,999 - root - INFO - 2019-01-03                0.001027               -0.011529
2026-03-25 02:00:36,999 - root - INFO - 2019-01-04                0.019487                0.019270
2026-03-25 02:00:36,999 - root - INFO - 2019-01-07                0.041247                0.039303
2026-03-25 02:00:36,999 - root - INFO - 2019-01-08               -0.014493                0.000000
2026-03-25 02:00:36,999 - root - INFO - 2019-01-09                0.039216                0.004787
2026-03-25 02:00:36,999 - root - INFO - ...                            ...                     ...
2026-03-25 02:00:36,999 - root - INFO - 2025-12-25                0.000642                0.003017
2026-03-25 02:00:36,999 - root - INFO - 2025-12-26               -0.001926               -0.010664
2026-03-25 02:00:36,999 - root - INFO - 2025-12-29               -0.008684               -0.003317
2026-03-25 02:00:36,999 - root - INFO - 2025-12-30                0.003894                0.014420
2026-03-25 02:00:36,999 - root - INFO - 2025-12-31               -0.011635                0.011208
2026-03-25 02:00:36,999 - root - INFO - 
2026-03-25 02:00:36,999 - root - INFO -             related_stock_272_万向钱潮  related_stock_273_中国动力  \
2026-03-25 02:00:36,999 - root - INFO - date
2026-03-25 02:00:36,999 - root - INFO - 2019-01-03               -0.007797               -0.005457
2026-03-25 02:00:36,999 - root - INFO - 2019-01-04                0.027505                0.005944
2026-03-25 02:00:36,999 - root - INFO - 2019-01-07                0.013384               -0.004545
2026-03-25 02:00:37,000 - root - INFO - 2019-01-08               -0.005660                0.006393
2026-03-25 02:00:37,000 - root - INFO - 2019-01-09                0.030361               -0.001815
2026-03-25 02:00:37,000 - root - INFO - ...                            ...                     ...
2026-03-25 02:00:37,000 - root - INFO - 2025-12-25                0.099836                0.012089
2026-03-25 02:00:37,000 - root - INFO - 2025-12-26                0.014137                0.000000
2026-03-25 02:00:37,000 - root - INFO - 2025-12-29                0.046222                0.002867
2026-03-25 02:00:37,000 - root - INFO - 2025-12-30                0.100281               -0.009052
2026-03-25 02:00:37,000 - root - INFO - 2025-12-31                0.096240               -0.004808
2026-03-25 02:00:37,000 - root - INFO - 
2026-03-25 02:00:37,000 - root - INFO -             related_stock_274_圣阳股份  related_stock_275_东方电热  \
2026-03-25 02:00:37,000 - root - INFO - date
2026-03-25 02:00:37,000 - root - INFO - 2019-01-03               -0.013333               -0.004219
2026-03-25 02:00:37,000 - root - INFO - 2019-01-04                0.023166                0.016949
2026-03-25 02:00:37,000 - root - INFO - 2019-01-07                0.024528                0.045833
2026-03-25 02:00:37,000 - root - INFO - 2019-01-08                0.007366                0.000000
2026-03-25 02:00:37,000 - root - INFO - 2019-01-09                0.001828                0.015936
2026-03-25 02:00:37,000 - root - INFO - ...                            ...                     ...
2026-03-25 02:00:37,000 - root - INFO - 2025-12-25               -0.003160                0.001905
2026-03-25 02:00:37,000 - root - INFO - 2025-12-26                0.000000               -0.011407
2026-03-25 02:00:37,000 - root - INFO - 2025-12-29               -0.007924                0.007692
2026-03-25 02:00:37,000 - root - INFO - 2025-12-30                0.001597               -0.001908
2026-03-25 02:00:37,000 - root - INFO - 2025-12-31               -0.007974               -0.009560
2026-03-25 02:00:37,000 - root - INFO - 
2026-03-25 02:00:37,000 - root - INFO -             related_stock_276_凯中精密  related_stock_277_精达股份  \
2026-03-25 02:00:37,001 - root - INFO - date
2026-03-25 02:00:37,001 - root - INFO - 2019-01-03               -0.010711                0.003390
2026-03-25 02:00:37,001 - root - INFO - 2019-01-04                0.016732                0.023649
2026-03-25 02:00:37,001 - root - INFO - 2019-01-07                0.013553                0.029703
2026-03-25 02:00:37,001 - root - INFO - 2019-01-08               -0.001910               -0.006410
2026-03-25 02:00:37,001 - root - INFO - 2019-01-09                0.004785                0.000000
2026-03-25 02:00:37,001 - root - INFO - ...                            ...                     ...
2026-03-25 02:00:37,001 - root - INFO - 2025-12-25                0.004353                0.100000
2026-03-25 02:00:37,001 - root - INFO - 2025-12-26               -0.004954                0.013923
2026-03-25 02:00:37,001 - root - INFO - 2025-12-29               -0.000622               -0.019386
2026-03-25 02:00:37,001 - root - INFO - 2025-12-30                0.004359               -0.012356
2026-03-25 02:00:37,001 - root - INFO - 2025-12-31               -0.004340                0.036697
2026-03-25 02:00:37,001 - root - INFO - 
2026-03-25 02:00:37,001 - root - INFO -             related_stock_278_长城科技  related_stock_279_金杯电工  \
2026-03-25 02:00:37,001 - root - INFO - date
2026-03-25 02:00:37,001 - root - INFO - 2019-01-03               -0.038580                0.004505
2026-03-25 02:00:37,001 - root - INFO - 2019-01-04                0.022344                0.042601
2026-03-25 02:00:37,001 - root - INFO - 2019-01-07                0.022302                0.043011
2026-03-25 02:00:37,001 - root - INFO - 2019-01-08               -0.013962               -0.016495
2026-03-25 02:00:37,001 - root - INFO - 2019-01-09                0.009292               -0.006289
2026-03-25 02:00:37,001 - root - INFO - ...                            ...                     ...
2026-03-25 02:00:37,001 - root - INFO - 2025-12-25                0.006716                0.009464
2026-03-25 02:00:37,001 - root - INFO - 2025-12-26               -0.007784               -0.007031
2026-03-25 02:00:37,002 - root - INFO - 2025-12-29                0.017557               -0.017309
2026-03-25 02:00:37,002 - root - INFO - 2025-12-30                0.001836                0.004003
2026-03-25 02:00:37,002 - root - INFO - 2025-12-31               -0.003298               -0.004785
2026-03-25 02:00:37,002 - root - INFO - 
2026-03-25 02:00:37,002 - root - INFO -             related_stock_280_露笑科技  related_stock_281_长园集团  \
2026-03-25 02:00:37,002 - root - INFO - date
2026-03-25 02:00:37,002 - root - INFO - 2019-01-03               -0.002463                0.000000
2026-03-25 02:00:37,002 - root - INFO - 2019-01-04                0.017284                0.058968
2026-03-25 02:00:37,002 - root - INFO - 2019-01-07                0.007282                0.006961
2026-03-25 02:00:37,002 - root - INFO - 2019-01-08                0.057831                0.064516
2026-03-25 02:00:37,002 - root - INFO - 2019-01-09               -0.027335               -0.008658
2026-03-25 02:00:37,002 - root - INFO - ...                            ...                     ...
2026-03-25 02:00:37,002 - root - INFO - 2025-12-25                0.015385                0.021622
2026-03-25 02:00:37,002 - root - INFO - 2025-12-26                0.001263                0.005291
2026-03-25 02:00:37,002 - root - INFO - 2025-12-29                0.034048               -0.050000
2026-03-25 02:00:37,002 - root - INFO - 2025-12-30                0.006098               -0.038781
2026-03-25 02:00:37,002 - root - INFO - 2025-12-31               -0.018182                0.017291
2026-03-25 02:00:37,002 - root - INFO - 
2026-03-25 02:00:37,002 - root - INFO -             related_stock_282_横店东磁  related_stock_283_天通股份  \
2026-03-25 02:00:37,002 - root - INFO - date
2026-03-25 02:00:37,002 - root - INFO - 2019-01-03                0.001812                0.009074
2026-03-25 02:00:37,002 - root - INFO - 2019-01-04                0.037975                0.048561
2026-03-25 02:00:37,003 - root - INFO - 2019-01-07                0.024390                0.027444
2026-03-25 02:00:37,003 - root - INFO - 2019-01-08                0.001701                0.005008
2026-03-25 02:00:37,003 - root - INFO - 2019-01-09                0.003396               -0.008306
2026-03-25 02:00:37,003 - root - INFO - ...                            ...                     ...
2026-03-25 02:00:37,003 - root - INFO - 2025-12-25               -0.023524               -0.041411
2026-03-25 02:00:37,003 - root - INFO - 2025-12-26                0.014864                0.100000
2026-03-25 02:00:37,003 - root - INFO - 2025-12-29                0.008081               -0.042182
2026-03-25 02:00:37,003 - root - INFO - 2025-12-30               -0.008016               -0.030372
2026-03-25 02:00:37,003 - root - INFO - 2025-12-31               -0.015152                0.028191
2026-03-25 02:00:37,003 - root - INFO - 
2026-03-25 02:00:37,003 - root - INFO -             related_stock_284_北矿科技  related_stock_285_中钢天源  \
2026-03-25 02:00:37,003 - root - INFO - date
2026-03-25 02:00:37,003 - root - INFO - 2019-01-03                0.003067                0.008621
2026-03-25 02:00:37,003 - root - INFO - 2019-01-04                0.032620                0.032479
2026-03-25 02:00:37,003 - root - INFO - 2019-01-07                0.027641                0.018212
2026-03-25 02:00:37,003 - root - INFO - 2019-01-08                0.003842                0.000000
2026-03-25 02:00:37,003 - root - INFO - 2019-01-09                0.002871               -0.011382
2026-03-25 02:00:37,003 - root - INFO - ...                            ...                     ...
2026-03-25 02:00:37,003 - root - INFO - 2025-12-25                0.006628                0.000000
2026-03-25 02:00:37,003 - root - INFO - 2025-12-26                0.000439                0.001938
2026-03-25 02:00:37,003 - root - INFO - 2025-12-29                0.003072                0.001934
2026-03-25 02:00:37,003 - root - INFO - 2025-12-30               -0.003062               -0.001931
2026-03-25 02:00:37,003 - root - INFO - 2025-12-31                0.008337               -0.014507
2026-03-25 02:00:37,004 - root - INFO - 
2026-03-25 02:00:37,004 - root - INFO -             related_stock_286_安泰科技  related_stock_287_英洛华
2026-03-25 02:00:37,004 - root - INFO - date
2026-03-25 02:00:37,004 - root - INFO - 2019-01-03                0.013187               0.008451
2026-03-25 02:00:37,004 - root - INFO - 2019-01-04                0.030369               0.064246
2026-03-25 02:00:37,004 - root - INFO - 2019-01-07                0.033684               0.020997
2026-03-25 02:00:37,004 - root - INFO - 2019-01-08               -0.004073              -0.005141
2026-03-25 02:00:37,004 - root - INFO - 2019-01-09                0.006135              -0.012920
2026-03-25 02:00:37,004 - root - INFO - ...                            ...                    ...
2026-03-25 02:00:37,004 - root - INFO - 2025-12-25                0.007418               0.010152
2026-03-25 02:00:37,004 - root - INFO - 2025-12-26                0.013255               0.000000
2026-03-25 02:00:37,004 - root - INFO - 2025-12-29               -0.015504               0.001005
2026-03-25 02:00:37,004 - root - INFO - 2025-12-30                0.018209               0.002008
2026-03-25 02:00:37,004 - root - INFO - 2025-12-31                0.015466              -0.001002
2026-03-25 02:00:37,004 - root - INFO - 
2026-03-25 02:00:37,004 - root - INFO - [1698 rows x 291 columns]
2026-03-25 02:00:37,009 - root - INFO - 已从缓存加载因果网络（显著性水平=0.05）
2026-03-25 02:00:38,549 - root - INFO - 因果矩阵已生成：
2026-03-25 02:00:38,624 - root - INFO -                          宁德时代  market_data_1_上证综指  market_data_2_深证成指  \
2026-03-25 02:00:38,624 - root - INFO - 宁德时代                    False               False               False
2026-03-25 02:00:38,624 - root - INFO - market_data_1_上证综指      False               False               False
2026-03-25 02:00:38,624 - root - INFO - market_data_2_深证成指      False               False               False
2026-03-25 02:00:38,624 - root - INFO - market_data_3_创业板指      False                True                True
2026-03-25 02:00:38,624 - root - INFO - related_stock_1_中兴通讯    False               False               False
2026-03-25 02:00:38,624 - root - INFO - ...                       ...                 ...                 ...
2026-03-25 02:00:38,625 - root - INFO - related_stock_283_天通股份   True               False               False
2026-03-25 02:00:38,625 - root - INFO - related_stock_284_北矿科技  False               False               False
2026-03-25 02:00:38,625 - root - INFO - related_stock_285_中钢天源  False               False               False
2026-03-25 02:00:38,625 - root - INFO - related_stock_286_安泰科技  False               False               False
2026-03-25 02:00:38,625 - root - INFO - related_stock_287_英洛华   False               False               False
2026-03-25 02:00:38,625 - root - INFO - 
2026-03-25 02:00:38,625 - root - INFO -                         market_data_3_创业板指  related_stock_1_中兴通讯  \
2026-03-25 02:00:38,625 - root - INFO - 宁德时代                                 False                 False
2026-03-25 02:00:38,625 - root - INFO - market_data_1_上证综指                    True                 False
2026-03-25 02:00:38,625 - root - INFO - market_data_2_深证成指                    True                 False
2026-03-25 02:00:38,625 - root - INFO - market_data_3_创业板指                   False                 False
2026-03-25 02:00:38,625 - root - INFO - related_stock_1_中兴通讯                 False                 False
2026-03-25 02:00:38,625 - root - INFO - ...                                    ...                   ...
2026-03-25 02:00:38,625 - root - INFO - related_stock_283_天通股份                True                 False
2026-03-25 02:00:38,625 - root - INFO - related_stock_284_北矿科技               False                 False
2026-03-25 02:00:38,625 - root - INFO - related_stock_285_中钢天源               False                 False
2026-03-25 02:00:38,625 - root - INFO - related_stock_286_安泰科技               False                 False
2026-03-25 02:00:38,625 - root - INFO - related_stock_287_英洛华                False                 False
2026-03-25 02:00:38,625 - root - INFO - 
2026-03-25 02:00:38,625 - root - INFO -                         related_stock_2_中国长城  related_stock_3_云南白药  \
2026-03-25 02:00:38,625 - root - INFO - 宁德时代                                   False                 False
2026-03-25 02:00:38,625 - root - INFO - market_data_1_上证综指                     False                 False
2026-03-25 02:00:38,625 - root - INFO - market_data_2_深证成指                     False                 False
2026-03-25 02:00:38,626 - root - INFO - market_data_3_创业板指                     False                 False
2026-03-25 02:00:38,626 - root - INFO - related_stock_1_中兴通讯                   False                 False
2026-03-25 02:00:38,626 - root - INFO - ...                                      ...                   ...
2026-03-25 02:00:38,626 - root - INFO - related_stock_283_天通股份                 False                 False
2026-03-25 02:00:38,626 - root - INFO - related_stock_284_北矿科技                 False                 False
2026-03-25 02:00:38,626 - root - INFO - related_stock_285_中钢天源                 False                 False
2026-03-25 02:00:38,626 - root - INFO - related_stock_286_安泰科技                 False                 False
2026-03-25 02:00:38,626 - root - INFO - related_stock_287_英洛华                  False                 False
2026-03-25 02:00:38,626 - root - INFO - 
2026-03-25 02:00:38,626 - root - INFO -                         related_stock_4_长安汽车  related_stock_5_格力电器  \
2026-03-25 02:00:38,626 - root - INFO - 宁德时代                                   False                 False
2026-03-25 02:00:38,626 - root - INFO - market_data_1_上证综指                     False                 False
2026-03-25 02:00:38,626 - root - INFO - market_data_2_深证成指                     False                  True
2026-03-25 02:00:38,626 - root - INFO - market_data_3_创业板指                     False                  True
2026-03-25 02:00:38,626 - root - INFO - related_stock_1_中兴通讯                   False                  True
2026-03-25 02:00:38,626 - root - INFO - ...                                      ...                   ...
2026-03-25 02:00:38,626 - root - INFO - related_stock_283_天通股份                 False                 False
2026-03-25 02:00:38,626 - root - INFO - related_stock_284_北矿科技                 False                 False
2026-03-25 02:00:38,626 - root - INFO - related_stock_285_中钢天源                 False                  True
2026-03-25 02:00:38,626 - root - INFO - related_stock_286_安泰科技                 False                 False
2026-03-25 02:00:38,626 - root - INFO - related_stock_287_英洛华                  False                 False
2026-03-25 02:00:38,626 - root - INFO - 
2026-03-25 02:00:38,627 - root - INFO -                         related_stock_6_京东方A  related_stock_7_盐湖股份  \
2026-03-25 02:00:38,627 - root - INFO - 宁德时代                                   False                 False
2026-03-25 02:00:38,627 - root - INFO - market_data_1_上证综指                     False                 False
2026-03-25 02:00:38,627 - root - INFO - market_data_2_深证成指                     False                 False
2026-03-25 02:00:38,627 - root - INFO - market_data_3_创业板指                     False                 False
2026-03-25 02:00:38,627 - root - INFO - related_stock_1_中兴通讯                   False                 False
2026-03-25 02:00:38,627 - root - INFO - ...                                      ...                   ...
2026-03-25 02:00:38,627 - root - INFO - related_stock_283_天通股份                 False                 False
2026-03-25 02:00:38,627 - root - INFO - related_stock_284_北矿科技                 False                 False
2026-03-25 02:00:38,627 - root - INFO - related_stock_285_中钢天源                 False                 False
2026-03-25 02:00:38,627 - root - INFO - related_stock_286_安泰科技                 False                 False
2026-03-25 02:00:38,627 - root - INFO - related_stock_287_英洛华                  False                 False
2026-03-25 02:00:38,627 - root - INFO - 
2026-03-25 02:00:38,627 - root - INFO -                         related_stock_8_五粮液  related_stock_9_神火股份  \
2026-03-25 02:00:38,627 - root - INFO - 宁德时代                                  False                 False
2026-03-25 02:00:38,627 - root - INFO - market_data_1_上证综指                    False                 False
2026-03-25 02:00:38,627 - root - INFO - market_data_2_深证成指                    False                 False
2026-03-25 02:00:38,627 - root - INFO - market_data_3_创业板指                     True                 False
2026-03-25 02:00:38,627 - root - INFO - related_stock_1_中兴通讯                  False                 False
2026-03-25 02:00:38,627 - root - INFO - ...                                     ...                   ...
2026-03-25 02:00:38,627 - root - INFO - related_stock_283_天通股份                False                 False
2026-03-25 02:00:38,627 - root - INFO - related_stock_284_北矿科技                False                 False
2026-03-25 02:00:38,627 - root - INFO - related_stock_285_中钢天源                False                 False
2026-03-25 02:00:38,628 - root - INFO - related_stock_286_安泰科技                False                 False
2026-03-25 02:00:38,628 - root - INFO - related_stock_287_英洛华                 False                  True
2026-03-25 02:00:38,628 - root - INFO - 
2026-03-25 02:00:38,628 - root - INFO -                         related_stock_10_中科三环  related_stock_11_浪潮信息  \
2026-03-25 02:00:38,628 - root - INFO - 宁德时代                                     True                  False
2026-03-25 02:00:38,628 - root - INFO - market_data_1_上证综指                      False                  False
2026-03-25 02:00:38,628 - root - INFO - market_data_2_深证成指                       True                  False
2026-03-25 02:00:38,628 - root - INFO - market_data_3_创业板指                       True                  False
2026-03-25 02:00:38,628 - root - INFO - related_stock_1_中兴通讯                    False                  False
2026-03-25 02:00:38,628 - root - INFO - ...                                       ...                    ...
2026-03-25 02:00:38,628 - root - INFO - related_stock_283_天通股份                  False                  False
2026-03-25 02:00:38,628 - root - INFO - related_stock_284_北矿科技                  False                  False
2026-03-25 02:00:38,628 - root - INFO - related_stock_285_中钢天源                  False                  False
2026-03-25 02:00:38,628 - root - INFO - related_stock_286_安泰科技                  False                  False
2026-03-25 02:00:38,628 - root - INFO - related_stock_287_英洛华                    True                  False
2026-03-25 02:00:38,628 - root - INFO - 
2026-03-25 02:00:38,628 - root - INFO -                         related_stock_12_凯恩股份  related_stock_13_紫光国微  \
2026-03-25 02:00:38,628 - root - INFO - 宁德时代                                    False                  False
2026-03-25 02:00:38,628 - root - INFO - market_data_1_上证综指                      False                   True
2026-03-25 02:00:38,628 - root - INFO - market_data_2_深证成指                      False                  False
2026-03-25 02:00:38,628 - root - INFO - market_data_3_创业板指                      False                   True
2026-03-25 02:00:38,628 - root - INFO - related_stock_1_中兴通讯                    False                  False
2026-03-25 02:00:38,628 - root - INFO - ...                                       ...                    ...
2026-03-25 02:00:38,628 - root - INFO - related_stock_283_天通股份                  False                  False
2026-03-25 02:00:38,629 - root - INFO - related_stock_284_北矿科技                  False                  False
2026-03-25 02:00:38,629 - root - INFO - related_stock_285_中钢天源                  False                  False
2026-03-25 02:00:38,629 - root - INFO - related_stock_286_安泰科技                  False                   True
2026-03-25 02:00:38,629 - root - INFO - related_stock_287_英洛华                    True                  False
2026-03-25 02:00:38,629 - root - INFO - 
2026-03-25 02:00:38,629 - root - INFO -                         related_stock_14_三花智控  related_stock_15_国轩高科  \
2026-03-25 02:00:38,629 - root - INFO - 宁德时代                                    False                  False
2026-03-25 02:00:38,629 - root - INFO - market_data_1_上证综指                      False                  False
2026-03-25 02:00:38,629 - root - INFO - market_data_2_深证成指                       True                  False
2026-03-25 02:00:38,629 - root - INFO - market_data_3_创业板指                       True                  False
2026-03-25 02:00:38,629 - root - INFO - related_stock_1_中兴通讯                    False                  False
2026-03-25 02:00:38,629 - root - INFO - ...                                       ...                    ...
2026-03-25 02:00:38,629 - root - INFO - related_stock_283_天通股份                  False                   True
2026-03-25 02:00:38,629 - root - INFO - related_stock_284_北矿科技                  False                  False
2026-03-25 02:00:38,629 - root - INFO - related_stock_285_中钢天源                  False                  False
2026-03-25 02:00:38,629 - root - INFO - related_stock_286_安泰科技                  False                  False
2026-03-25 02:00:38,629 - root - INFO - related_stock_287_英洛华                   False                  False
2026-03-25 02:00:38,629 - root - INFO - 
2026-03-25 02:00:38,629 - root - INFO -                         related_stock_16_中材科技  related_stock_17_湘潭电化  \
2026-03-25 02:00:38,629 - root - INFO - 宁德时代                                    False                  False
2026-03-25 02:00:38,629 - root - INFO - market_data_1_上证综指                      False                  False
2026-03-25 02:00:38,629 - root - INFO - market_data_2_深证成指                      False                  False
2026-03-25 02:00:38,629 - root - INFO - market_data_3_创业板指                      False                  False
2026-03-25 02:00:38,630 - root - INFO - related_stock_1_中兴通讯                    False                  False
2026-03-25 02:00:38,630 - root - INFO - ...                                       ...                    ...
2026-03-25 02:00:38,630 - root - INFO - related_stock_283_天通股份                  False                  False
2026-03-25 02:00:38,630 - root - INFO - related_stock_284_北矿科技                  False                  False
2026-03-25 02:00:38,630 - root - INFO - related_stock_285_中钢天源                  False                  False
2026-03-25 02:00:38,630 - root - INFO - related_stock_286_安泰科技                  False                  False
2026-03-25 02:00:38,630 - root - INFO - related_stock_287_英洛华                   False                  False
2026-03-25 02:00:38,630 - root - INFO - 
2026-03-25 02:00:38,630 - root - INFO -                         related_stock_18_通富微电  related_stock_19_方正电机  \
2026-03-25 02:00:38,630 - root - INFO - 宁德时代                                    False                  False
2026-03-25 02:00:38,630 - root - INFO - market_data_1_上证综指                      False                  False
2026-03-25 02:00:38,630 - root - INFO - market_data_2_深证成指                      False                  False
2026-03-25 02:00:38,630 - root - INFO - market_data_3_创业板指                      False                  False
2026-03-25 02:00:38,630 - root - INFO - related_stock_1_中兴通讯                    False                  False
2026-03-25 02:00:38,630 - root - INFO - ...                                       ...                    ...
2026-03-25 02:00:38,630 - root - INFO - related_stock_283_天通股份                  False                  False
2026-03-25 02:00:38,630 - root - INFO - related_stock_284_北矿科技                  False                  False
2026-03-25 02:00:38,630 - root - INFO - related_stock_285_中钢天源                  False                  False
2026-03-25 02:00:38,630 - root - INFO - related_stock_286_安泰科技                   True                  False
2026-03-25 02:00:38,630 - root - INFO - related_stock_287_英洛华                   False                  False
2026-03-25 02:00:38,630 - root - INFO - 
2026-03-25 02:00:38,630 - root - INFO -                         related_stock_20_金风科技  related_stock_21_奥特迅  \
2026-03-25 02:00:38,630 - root - INFO - 宁德时代                                    False                 False
2026-03-25 02:00:38,631 - root - INFO - market_data_1_上证综指                      False                  True
2026-03-25 02:00:38,631 - root - INFO - market_data_2_深证成指                      False                  True
2026-03-25 02:00:38,631 - root - INFO - market_data_3_创业板指                      False                  True
2026-03-25 02:00:38,631 - root - INFO - related_stock_1_中兴通讯                    False                 False
2026-03-25 02:00:38,631 - root - INFO - ...                                       ...                   ...
2026-03-25 02:00:38,631 - root - INFO - related_stock_283_天通股份                  False                  True
2026-03-25 02:00:38,631 - root - INFO - related_stock_284_北矿科技                  False                 False
2026-03-25 02:00:38,631 - root - INFO - related_stock_285_中钢天源                  False                 False
2026-03-25 02:00:38,631 - root - INFO - related_stock_286_安泰科技                  False                 False
2026-03-25 02:00:38,631 - root - INFO - related_stock_287_英洛华                   False                  True
2026-03-25 02:00:38,631 - root - INFO - 
2026-03-25 02:00:38,631 - root - INFO -                         related_stock_22_科大讯飞  related_stock_23_盛新锂能  \
2026-03-25 02:00:38,631 - root - INFO - 宁德时代                                    False                   True
2026-03-25 02:00:38,631 - root - INFO - market_data_1_上证综指                      False                  False
2026-03-25 02:00:38,631 - root - INFO - market_data_2_深证成指                      False                  False
2026-03-25 02:00:38,631 - root - INFO - market_data_3_创业板指                      False                  False
2026-03-25 02:00:38,631 - root - INFO - related_stock_1_中兴通讯                     True                  False
2026-03-25 02:00:38,631 - root - INFO - ...                                       ...                    ...
2026-03-25 02:00:38,631 - root - INFO - related_stock_283_天通股份                  False                  False
2026-03-25 02:00:38,631 - root - INFO - related_stock_284_北矿科技                  False                  False
2026-03-25 02:00:38,631 - root - INFO - related_stock_285_中钢天源                  False                  False
2026-03-25 02:00:38,631 - root - INFO - related_stock_286_安泰科技                  False                  False
2026-03-25 02:00:38,631 - root - INFO - related_stock_287_英洛华                   False                  False
2026-03-25 02:00:38,631 - root - INFO - 
2026-03-25 02:00:38,632 - root - INFO -                         related_stock_24_歌尔股份  related_stock_25_大洋电机  \
2026-03-25 02:00:38,632 - root - INFO - 宁德时代                                     True                  False
2026-03-25 02:00:38,632 - root - INFO - market_data_1_上证综指                      False                  False
2026-03-25 02:00:38,632 - root - INFO - market_data_2_深证成指                      False                  False
2026-03-25 02:00:38,632 - root - INFO - market_data_3_创业板指                      False                   True
2026-03-25 02:00:38,632 - root - INFO - related_stock_1_中兴通讯                    False                  False
2026-03-25 02:00:38,632 - root - INFO - ...                                       ...                    ...
2026-03-25 02:00:38,632 - root - INFO - related_stock_283_天通股份                  False                  False
2026-03-25 02:00:38,632 - root - INFO - related_stock_284_北矿科技                  False                  False
2026-03-25 02:00:38,632 - root - INFO - related_stock_285_中钢天源                  False                  False
2026-03-25 02:00:38,632 - root - INFO - related_stock_286_安泰科技                  False                  False
2026-03-25 02:00:38,632 - root - INFO - related_stock_287_英洛华                   False                   True
2026-03-25 02:00:38,632 - root - INFO - 
2026-03-25 02:00:38,632 - root - INFO -                         related_stock_26_卫士通  related_stock_27_光迅科技  \
2026-03-25 02:00:38,632 - root - INFO - 宁德时代                                   False                  False
2026-03-25 02:00:38,632 - root - INFO - market_data_1_上证综指                     False                  False
2026-03-25 02:00:38,632 - root - INFO - market_data_2_深证成指                     False                  False
2026-03-25 02:00:38,632 - root - INFO - market_data_3_创业板指                     False                  False
2026-03-25 02:00:38,632 - root - INFO - related_stock_1_中兴通讯                   False                  False
2026-03-25 02:00:38,632 - root - INFO - ...                                      ...                    ...
2026-03-25 02:00:38,632 - root - INFO - related_stock_283_天通股份                 False                  False
2026-03-25 02:00:38,632 - root - INFO - related_stock_284_北矿科技                 False                  False
2026-03-25 02:00:38,632 - root - INFO - related_stock_285_中钢天源                 False                  False
2026-03-25 02:00:38,633 - root - INFO - related_stock_286_安泰科技                 False                  False
2026-03-25 02:00:38,633 - root - INFO - related_stock_287_英洛华                  False                  False
2026-03-25 02:00:38,633 - root - INFO - 
2026-03-25 02:00:38,633 - root - INFO -                         related_stock_28_永太科技  related_stock_29_格林美  \
2026-03-25 02:00:38,633 - root - INFO - 宁德时代                                    False                 False
2026-03-25 02:00:38,633 - root - INFO - market_data_1_上证综指                      False                 False
2026-03-25 02:00:38,633 - root - INFO - market_data_2_深证成指                       True                 False
2026-03-25 02:00:38,633 - root - INFO - market_data_3_创业板指                      False                 False
2026-03-25 02:00:38,633 - root - INFO - related_stock_1_中兴通讯                    False                 False
2026-03-25 02:00:38,633 - root - INFO - ...                                       ...                   ...
2026-03-25 02:00:38,633 - root - INFO - related_stock_283_天通股份                   True                 False
2026-03-25 02:00:38,633 - root - INFO - related_stock_284_北矿科技                  False                 False
2026-03-25 02:00:38,633 - root - INFO - related_stock_285_中钢天源                  False                 False
2026-03-25 02:00:38,633 - root - INFO - related_stock_286_安泰科技                  False                 False
2026-03-25 02:00:38,633 - root - INFO - related_stock_287_英洛华                   False                 False
2026-03-25 02:00:38,633 - root - INFO - 
2026-03-25 02:00:38,633 - root - INFO -                         related_stock_30_多氟多  related_stock_31_晶澳科技  \
2026-03-25 02:00:38,633 - root - INFO - 宁德时代                                    True                   True
2026-03-25 02:00:38,633 - root - INFO - market_data_1_上证综指                     False                  False
2026-03-25 02:00:38,633 - root - INFO - market_data_2_深证成指                      True                  False
2026-03-25 02:00:38,633 - root - INFO - market_data_3_创业板指                      True                  False
2026-03-25 02:00:38,633 - root - INFO - related_stock_1_中兴通讯                   False                  False
2026-03-25 02:00:38,633 - root - INFO - ...                                      ...                    ...
2026-03-25 02:00:38,634 - root - INFO - related_stock_283_天通股份                 False                  False
2026-03-25 02:00:38,634 - root - INFO - related_stock_284_北矿科技                  True                  False
2026-03-25 02:00:38,634 - root - INFO - related_stock_285_中钢天源                 False                   True
2026-03-25 02:00:38,634 - root - INFO - related_stock_286_安泰科技                 False                  False
2026-03-25 02:00:38,634 - root - INFO - related_stock_287_英洛华                  False                  False
2026-03-25 02:00:38,634 - root - INFO - 
2026-03-25 02:00:38,634 - root - INFO -                         related_stock_32_赣锋锂业  related_stock_33_海格通信  \
2026-03-25 02:00:38,634 - root - INFO - 宁德时代                                    False                   True
2026-03-25 02:00:38,634 - root - INFO - market_data_1_上证综指                      False                  False
2026-03-25 02:00:38,634 - root - INFO - market_data_2_深证成指                      False                  False
2026-03-25 02:00:38,634 - root - INFO - market_data_3_创业板指                      False                  False
2026-03-25 02:00:38,634 - root - INFO - related_stock_1_中兴通讯                    False                  False
2026-03-25 02:00:38,634 - root - INFO - ...                                       ...                    ...
2026-03-25 02:00:38,634 - root - INFO - related_stock_283_天通股份                  False                  False
2026-03-25 02:00:38,634 - root - INFO - related_stock_284_北矿科技                  False                  False
2026-03-25 02:00:38,634 - root - INFO - related_stock_285_中钢天源                  False                  False
2026-03-25 02:00:38,634 - root - INFO - related_stock_286_安泰科技                  False                  False
2026-03-25 02:00:38,634 - root - INFO - related_stock_287_英洛华                   False                  False
2026-03-25 02:00:38,634 - root - INFO - 
2026-03-25 02:00:38,634 - root - INFO -                         related_stock_34_天齐锂业  related_stock_35_立讯精密  \
2026-03-25 02:00:38,634 - root - INFO - 宁德时代                                    False                   True
2026-03-25 02:00:38,634 - root - INFO - market_data_1_上证综指                      False                  False
2026-03-25 02:00:38,634 - root - INFO - market_data_2_深证成指                      False                  False
2026-03-25 02:00:38,635 - root - INFO - market_data_3_创业板指                      False                  False
2026-03-25 02:00:38,635 - root - INFO - related_stock_1_中兴通讯                    False                  False
2026-03-25 02:00:38,635 - root - INFO - ...                                       ...                    ...
2026-03-25 02:00:38,635 - root - INFO - related_stock_283_天通股份                  False                  False
2026-03-25 02:00:38,635 - root - INFO - related_stock_284_北矿科技                  False                  False
2026-03-25 02:00:38,635 - root - INFO - related_stock_285_中钢天源                  False                  False
2026-03-25 02:00:38,635 - root - INFO - related_stock_286_安泰科技                  False                  False
2026-03-25 02:00:38,635 - root - INFO - related_stock_287_英洛华                   False                  False
2026-03-25 02:00:38,635 - root - INFO - 
2026-03-25 02:00:38,635 - root - INFO -                         related_stock_36_新筑股份  related_stock_37_瑞泰科技  \
2026-03-25 02:00:38,635 - root - INFO - 宁德时代                                    False                  False
2026-03-25 02:00:38,635 - root - INFO - market_data_1_上证综指                      False                  False
2026-03-25 02:00:38,635 - root - INFO - market_data_2_深证成指                      False                  False
2026-03-25 02:00:38,635 - root - INFO - market_data_3_创业板指                      False                  False
2026-03-25 02:00:38,635 - root - INFO - related_stock_1_中兴通讯                    False                  False
2026-03-25 02:00:38,635 - root - INFO - ...                                       ...                    ...
2026-03-25 02:00:38,635 - root - INFO - related_stock_283_天通股份                  False                  False
2026-03-25 02:00:38,635 - root - INFO - related_stock_284_北矿科技                  False                  False
2026-03-25 02:00:38,635 - root - INFO - related_stock_285_中钢天源                  False                  False
2026-03-25 02:00:38,635 - root - INFO - related_stock_286_安泰科技                  False                  False
2026-03-25 02:00:38,635 - root - INFO - related_stock_287_英洛华                   False                  False
2026-03-25 02:00:38,635 - root - INFO - 
2026-03-25 02:00:38,635 - root - INFO -                         related_stock_38_雅化集团  related_stock_39_科士达  \
2026-03-25 02:00:38,636 - root - INFO - 宁德时代                                    False                 False
2026-03-25 02:00:38,636 - root - INFO - market_data_1_上证综指                      False                  True
2026-03-25 02:00:38,636 - root - INFO - market_data_2_深证成指                      False                 False
2026-03-25 02:00:38,636 - root - INFO - market_data_3_创业板指                      False                 False
2026-03-25 02:00:38,636 - root - INFO - related_stock_1_中兴通讯                    False                 False
2026-03-25 02:00:38,636 - root - INFO - ...                                       ...                   ...
2026-03-25 02:00:38,636 - root - INFO - related_stock_283_天通股份                  False                 False
2026-03-25 02:00:38,636 - root - INFO - related_stock_284_北矿科技                  False                 False
2026-03-25 02:00:38,636 - root - INFO - related_stock_285_中钢天源                  False                 False
2026-03-25 02:00:38,636 - root - INFO - related_stock_286_安泰科技                  False                 False
2026-03-25 02:00:38,636 - root - INFO - related_stock_287_英洛华                   False                 False
2026-03-25 02:00:38,636 - root - INFO - 
2026-03-25 02:00:38,636 - root - INFO -                         related_stock_40_普天科技  related_stock_41_比亚迪  \
2026-03-25 02:00:38,636 - root - INFO - 宁德时代                                    False                 False
2026-03-25 02:00:38,636 - root - INFO - market_data_1_上证综指                      False                 False
2026-03-25 02:00:38,636 - root - INFO - market_data_2_深证成指                      False                 False
2026-03-25 02:00:38,636 - root - INFO - market_data_3_创业板指                      False                 False
2026-03-25 02:00:38,636 - root - INFO - related_stock_1_中兴通讯                    False                 False
2026-03-25 02:00:38,636 - root - INFO - ...                                       ...                   ...
2026-03-25 02:00:38,636 - root - INFO - related_stock_283_天通股份                  False                 False
2026-03-25 02:00:38,636 - root - INFO - related_stock_284_北矿科技                  False                 False
2026-03-25 02:00:38,636 - root - INFO - related_stock_285_中钢天源                  False                 False
2026-03-25 02:00:38,636 - root - INFO - related_stock_286_安泰科技                  False                 False
2026-03-25 02:00:38,637 - root - INFO - related_stock_287_英洛华                   False                 False
2026-03-25 02:00:38,637 - root - INFO - 
2026-03-25 02:00:38,637 - root - INFO -                         related_stock_42_天赐材料  related_stock_43_永兴材料  \
2026-03-25 02:00:38,637 - root - INFO - 宁德时代                                    False                  False
2026-03-25 02:00:38,637 - root - INFO - market_data_1_上证综指                      False                  False
2026-03-25 02:00:38,637 - root - INFO - market_data_2_深证成指                      False                  False
2026-03-25 02:00:38,637 - root - INFO - market_data_3_创业板指                      False                  False
2026-03-25 02:00:38,637 - root - INFO - related_stock_1_中兴通讯                    False                  False
2026-03-25 02:00:38,637 - root - INFO - ...                                       ...                    ...
2026-03-25 02:00:38,637 - root - INFO - related_stock_283_天通股份                  False                  False
2026-03-25 02:00:38,637 - root - INFO - related_stock_284_北矿科技                  False                  False
2026-03-25 02:00:38,637 - root - INFO - related_stock_285_中钢天源                  False                  False
2026-03-25 02:00:38,637 - root - INFO - related_stock_286_安泰科技                  False                  False
2026-03-25 02:00:38,637 - root - INFO - related_stock_287_英洛华                   False                  False
2026-03-25 02:00:38,637 - root - INFO - 
2026-03-25 02:00:38,637 - root - INFO -                         related_stock_44_恩捷股份  related_stock_45_视源股份  \
2026-03-25 02:00:38,637 - root - INFO - 宁德时代                                    False                  False
2026-03-25 02:00:38,637 - root - INFO - market_data_1_上证综指                      False                  False
2026-03-25 02:00:38,637 - root - INFO - market_data_2_深证成指                      False                  False
2026-03-25 02:00:38,637 - root - INFO - market_data_3_创业板指                      False                  False
2026-03-25 02:00:38,637 - root - INFO - related_stock_1_中兴通讯                    False                  False
2026-03-25 02:00:38,637 - root - INFO - ...                                       ...                    ...
2026-03-25 02:00:38,637 - root - INFO - related_stock_283_天通股份                  False                  False
2026-03-25 02:00:38,638 - root - INFO - related_stock_284_北矿科技                  False                  False
2026-03-25 02:00:38,638 - root - INFO - related_stock_285_中钢天源                  False                  False
2026-03-25 02:00:38,638 - root - INFO - related_stock_286_安泰科技                  False                  False
2026-03-25 02:00:38,638 - root - INFO - related_stock_287_英洛华                   False                  False
2026-03-25 02:00:38,638 - root - INFO - 
2026-03-25 02:00:38,638 - root - INFO -                         related_stock_46_川恒股份  related_stock_47_深南电路  \
2026-03-25 02:00:38,638 - root - INFO - 宁德时代                                    False                  False
2026-03-25 02:00:38,638 - root - INFO - market_data_1_上证综指                      False                  False
2026-03-25 02:00:38,638 - root - INFO - market_data_2_深证成指                      False                  False
2026-03-25 02:00:38,638 - root - INFO - market_data_3_创业板指                      False                  False
2026-03-25 02:00:38,638 - root - INFO - related_stock_1_中兴通讯                    False                  False
2026-03-25 02:00:38,638 - root - INFO - ...                                       ...                    ...
2026-03-25 02:00:38,638 - root - INFO - related_stock_283_天通股份                  False                  False
2026-03-25 02:00:38,638 - root - INFO - related_stock_284_北矿科技                  False                  False
2026-03-25 02:00:38,638 - root - INFO - related_stock_285_中钢天源                  False                  False
2026-03-25 02:00:38,638 - root - INFO - related_stock_286_安泰科技                  False                  False
2026-03-25 02:00:38,638 - root - INFO - related_stock_287_英洛华                    True                   True
2026-03-25 02:00:38,638 - root - INFO - 
2026-03-25 02:00:38,638 - root - INFO -                         related_stock_48_德赛西威  related_stock_49_特锐德  \
2026-03-25 02:00:38,638 - root - INFO - 宁德时代                                     True                 False
2026-03-25 02:00:38,638 - root - INFO - market_data_1_上证综指                      False                 False
2026-03-25 02:00:38,638 - root - INFO - market_data_2_深证成指                      False                 False
2026-03-25 02:00:38,638 - root - INFO - market_data_3_创业板指                      False                 False
2026-03-25 02:00:38,639 - root - INFO - related_stock_1_中兴通讯                    False                 False
2026-03-25 02:00:38,639 - root - INFO - ...                                       ...                   ...
2026-03-25 02:00:38,639 - root - INFO - related_stock_283_天通股份                  False                 False
2026-03-25 02:00:38,639 - root - INFO - related_stock_284_北矿科技                  False                 False
2026-03-25 02:00:38,639 - root - INFO - related_stock_285_中钢天源                  False                 False
2026-03-25 02:00:38,639 - root - INFO - related_stock_286_安泰科技                  False                 False
2026-03-25 02:00:38,639 - root - INFO - related_stock_287_英洛华                   False                 False
2026-03-25 02:00:38,639 - root - INFO - 
2026-03-25 02:00:38,639 - root - INFO -                         related_stock_50_亿纬锂能  related_stock_51_新宙邦  \
2026-03-25 02:00:38,639 - root - INFO - 宁德时代                                    False                 False
2026-03-25 02:00:38,639 - root - INFO - market_data_1_上证综指                      False                 False
2026-03-25 02:00:38,639 - root - INFO - market_data_2_深证成指                      False                 False
2026-03-25 02:00:38,639 - root - INFO - market_data_3_创业板指                      False                 False
2026-03-25 02:00:38,639 - root - INFO - related_stock_1_中兴通讯                    False                 False
2026-03-25 02:00:38,639 - root - INFO - ...                                       ...                   ...
2026-03-25 02:00:38,639 - root - INFO - related_stock_283_天通股份                   True                 False
2026-03-25 02:00:38,639 - root - INFO - related_stock_284_北矿科技                  False                 False
2026-03-25 02:00:38,639 - root - INFO - related_stock_285_中钢天源                  False                 False
2026-03-25 02:00:38,639 - root - INFO - related_stock_286_安泰科技                   True                 False
2026-03-25 02:00:38,639 - root - INFO - related_stock_287_英洛华                   False                 False
2026-03-25 02:00:38,639 - root - INFO - 
2026-03-25 02:00:38,639 - root - INFO -                         related_stock_52_南都电源  related_stock_53_当升科技  \
2026-03-25 02:00:38,639 - root - INFO - 宁德时代                                    False                  False
2026-03-25 02:00:38,640 - root - INFO - market_data_1_上证综指                      False                  False
2026-03-25 02:00:38,640 - root - INFO - market_data_2_深证成指                      False                  False
2026-03-25 02:00:38,640 - root - INFO - market_data_3_创业板指                      False                  False
2026-03-25 02:00:38,640 - root - INFO - related_stock_1_中兴通讯                    False                  False
2026-03-25 02:00:38,640 - root - INFO - ...                                       ...                    ...
2026-03-25 02:00:38,640 - root - INFO - related_stock_283_天通股份                  False                  False
2026-03-25 02:00:38,640 - root - INFO - related_stock_284_北矿科技                  False                  False
2026-03-25 02:00:38,640 - root - INFO - related_stock_285_中钢天源                  False                  False
2026-03-25 02:00:38,640 - root - INFO - related_stock_286_安泰科技                  False                  False
2026-03-25 02:00:38,640 - root - INFO - related_stock_287_英洛华                   False                  False
2026-03-25 02:00:38,640 - root - INFO - 
2026-03-25 02:00:38,640 - root - INFO -                         related_stock_54_东方日升  related_stock_55_汇川技术  \
2026-03-25 02:00:38,640 - root - INFO - 宁德时代                                    False                  False
2026-03-25 02:00:38,640 - root - INFO - market_data_1_上证综指                      False                   True
2026-03-25 02:00:38,640 - root - INFO - market_data_2_深证成指                      False                  False
2026-03-25 02:00:38,640 - root - INFO - market_data_3_创业板指                      False                  False
2026-03-25 02:00:38,640 - root - INFO - related_stock_1_中兴通讯                    False                  False
2026-03-25 02:00:38,640 - root - INFO - ...                                       ...                    ...
2026-03-25 02:00:38,640 - root - INFO - related_stock_283_天通股份                   True                  False
2026-03-25 02:00:38,640 - root - INFO - related_stock_284_北矿科技                  False                  False
2026-03-25 02:00:38,640 - root - INFO - related_stock_285_中钢天源                  False                  False
2026-03-25 02:00:38,640 - root - INFO - related_stock_286_安泰科技                  False                  False
2026-03-25 02:00:38,640 - root - INFO - related_stock_287_英洛华                   False                  False
2026-03-25 02:00:38,641 - root - INFO - 
2026-03-25 02:00:38,641 - root - INFO -                         related_stock_56_和顺电气  related_stock_57_阳光电源  \
2026-03-25 02:00:38,641 - root - INFO - 宁德时代                                    False                  False
2026-03-25 02:00:38,641 - root - INFO - market_data_1_上证综指                      False                  False
2026-03-25 02:00:38,641 - root - INFO - market_data_2_深证成指                       True                  False
2026-03-25 02:00:38,641 - root - INFO - market_data_3_创业板指                       True                  False
2026-03-25 02:00:38,641 - root - INFO - related_stock_1_中兴通讯                    False                  False
2026-03-25 02:00:38,641 - root - INFO - ...                                       ...                    ...
2026-03-25 02:00:38,641 - root - INFO - related_stock_283_天通股份                  False                  False
2026-03-25 02:00:38,641 - root - INFO - related_stock_284_北矿科技                  False                  False
2026-03-25 02:00:38,641 - root - INFO - related_stock_285_中钢天源                  False                  False
2026-03-25 02:00:38,641 - root - INFO - related_stock_286_安泰科技                  False                  False
2026-03-25 02:00:38,641 - root - INFO - related_stock_287_英洛华                   False                  False
2026-03-25 02:00:38,641 - root - INFO - 
2026-03-25 02:00:38,641 - root - INFO -                         related_stock_58_永贵电器  related_stock_59_天华新能  \
2026-03-25 02:00:38,641 - root - INFO - 宁德时代                                    False                  False
2026-03-25 02:00:38,641 - root - INFO - market_data_1_上证综指                      False                  False
2026-03-25 02:00:38,641 - root - INFO - market_data_2_深证成指                      False                  False
2026-03-25 02:00:38,641 - root - INFO - market_data_3_创业板指                      False                  False
2026-03-25 02:00:38,641 - root - INFO - related_stock_1_中兴通讯                    False                  False
2026-03-25 02:00:38,641 - root - INFO - ...                                       ...                    ...
2026-03-25 02:00:38,641 - root - INFO - related_stock_283_天通股份                  False                  False
2026-03-25 02:00:38,641 - root - INFO - related_stock_284_北矿科技                  False                  False
2026-03-25 02:00:38,642 - root - INFO - related_stock_285_中钢天源                  False                  False
2026-03-25 02:00:38,642 - root - INFO - related_stock_286_安泰科技                  False                  False
2026-03-25 02:00:38,642 - root - INFO - related_stock_287_英洛华                   False                  False
2026-03-25 02:00:38,642 - root - INFO - 
2026-03-25 02:00:38,642 - root - INFO -                         related_stock_60_正业科技  related_stock_61_富临精工  \
2026-03-25 02:00:38,642 - root - INFO - 宁德时代                                    False                  False
2026-03-25 02:00:38,642 - root - INFO - market_data_1_上证综指                      False                  False
2026-03-25 02:00:38,642 - root - INFO - market_data_2_深证成指                      False                  False
2026-03-25 02:00:38,642 - root - INFO - market_data_3_创业板指                      False                  False
2026-03-25 02:00:38,642 - root - INFO - related_stock_1_中兴通讯                    False                  False
2026-03-25 02:00:38,642 - root - INFO - ...                                       ...                    ...
2026-03-25 02:00:38,642 - root - INFO - related_stock_283_天通股份                  False                  False
2026-03-25 02:00:38,642 - root - INFO - related_stock_284_北矿科技                  False                  False
2026-03-25 02:00:38,642 - root - INFO - related_stock_285_中钢天源                  False                  False
2026-03-25 02:00:38,642 - root - INFO - related_stock_286_安泰科技                  False                  False
2026-03-25 02:00:38,642 - root - INFO - related_stock_287_英洛华                    True                  False
2026-03-25 02:00:38,642 - root - INFO - 
2026-03-25 02:00:38,642 - root - INFO -                         related_stock_62_鹏辉能源  related_stock_63_先导智能  \
2026-03-25 02:00:38,642 - root - INFO - 宁德时代                                    False                  False
2026-03-25 02:00:38,642 - root - INFO - market_data_1_上证综指                      False                  False
2026-03-25 02:00:38,642 - root - INFO - market_data_2_深证成指                      False                  False
2026-03-25 02:00:38,642 - root - INFO - market_data_3_创业板指                      False                  False
2026-03-25 02:00:38,643 - root - INFO - related_stock_1_中兴通讯                    False                  False
2026-03-25 02:00:38,643 - root - INFO - ...                                       ...                    ...
2026-03-25 02:00:38,643 - root - INFO - related_stock_283_天通股份                  False                   True
2026-03-25 02:00:38,643 - root - INFO - related_stock_284_北矿科技                  False                  False
2026-03-25 02:00:38,643 - root - INFO - related_stock_285_中钢天源                  False                  False
2026-03-25 02:00:38,643 - root - INFO - related_stock_286_安泰科技                  False                  False
2026-03-25 02:00:38,643 - root - INFO - related_stock_287_英洛华                   False                  False
2026-03-25 02:00:38,643 - root - INFO - 
2026-03-25 02:00:38,643 - root - INFO -                         related_stock_64_蓝海华腾  related_stock_65_通合科技  \
2026-03-25 02:00:38,643 - root - INFO - 宁德时代                                    False                  False
2026-03-25 02:00:38,643 - root - INFO - market_data_1_上证综指                      False                  False
2026-03-25 02:00:38,643 - root - INFO - market_data_2_深证成指                      False                  False
2026-03-25 02:00:38,643 - root - INFO - market_data_3_创业板指                      False                  False
2026-03-25 02:00:38,643 - root - INFO - related_stock_1_中兴通讯                    False                  False
2026-03-25 02:00:38,643 - root - INFO - ...                                       ...                    ...
2026-03-25 02:00:38,643 - root - INFO - related_stock_283_天通股份                  False                  False
2026-03-25 02:00:38,643 - root - INFO - related_stock_284_北矿科技                  False                  False
2026-03-25 02:00:38,643 - root - INFO - related_stock_285_中钢天源                  False                  False
2026-03-25 02:00:38,643 - root - INFO - related_stock_286_安泰科技                  False                  False
2026-03-25 02:00:38,643 - root - INFO - related_stock_287_英洛华                    True                  False
2026-03-25 02:00:38,643 - root - INFO - 
2026-03-25 02:00:38,643 - root - INFO -                         related_stock_66_星源材质  related_stock_67_金银河  \
2026-03-25 02:00:38,644 - root - INFO - 宁德时代                                    False                 False
2026-03-25 02:00:38,644 - root - INFO - market_data_1_上证综指                      False                 False
2026-03-25 02:00:38,644 - root - INFO - market_data_2_深证成指                      False                 False
2026-03-25 02:00:38,644 - root - INFO - market_data_3_创业板指                      False                 False
2026-03-25 02:00:38,644 - root - INFO - related_stock_1_中兴通讯                    False                 False
2026-03-25 02:00:38,644 - root - INFO - ...                                       ...                   ...
2026-03-25 02:00:38,644 - root - INFO - related_stock_283_天通股份                  False                 False
2026-03-25 02:00:38,644 - root - INFO - related_stock_284_北矿科技                  False                 False
2026-03-25 02:00:38,644 - root - INFO - related_stock_285_中钢天源                  False                 False
2026-03-25 02:00:38,644 - root - INFO - related_stock_286_安泰科技                  False                 False
2026-03-25 02:00:38,644 - root - INFO - related_stock_287_英洛华                   False                 False
2026-03-25 02:00:38,644 - root - INFO - 
2026-03-25 02:00:38,644 - root - INFO -                         related_stock_68_盛弘股份  related_stock_69_英可瑞  \
2026-03-25 02:00:38,644 - root - INFO - 宁德时代                                    False                 False
2026-03-25 02:00:38,644 - root - INFO - market_data_1_上证综指                      False                 False
2026-03-25 02:00:38,644 - root - INFO - market_data_2_深证成指                      False                  True
2026-03-25 02:00:38,644 - root - INFO - market_data_3_创业板指                      False                 False
2026-03-25 02:00:38,644 - root - INFO - related_stock_1_中兴通讯                    False                 False
2026-03-25 02:00:38,644 - root - INFO - ...                                       ...                   ...
2026-03-25 02:00:38,644 - root - INFO - related_stock_283_天通股份                  False                 False
2026-03-25 02:00:38,644 - root - INFO - related_stock_284_北矿科技                  False                 False
2026-03-25 02:00:38,644 - root - INFO - related_stock_285_中钢天源                  False                 False
2026-03-25 02:00:38,644 - root - INFO - related_stock_286_安泰科技                  False                 False
2026-03-25 02:00:38,645 - root - INFO - related_stock_287_英洛华                   False                 False
2026-03-25 02:00:38,645 - root - INFO - 
2026-03-25 02:00:38,645 - root - INFO -                         related_stock_70_欣锐科技  related_stock_71_迈为股份  \
2026-03-25 02:00:38,645 - root - INFO - 宁德时代                                    False                  False
2026-03-25 02:00:38,645 - root - INFO - market_data_1_上证综指                      False                  False
2026-03-25 02:00:38,645 - root - INFO - market_data_2_深证成指                      False                  False
2026-03-25 02:00:38,645 - root - INFO - market_data_3_创业板指                      False                  False
2026-03-25 02:00:38,645 - root - INFO - related_stock_1_中兴通讯                    False                  False
2026-03-25 02:00:38,645 - root - INFO - ...                                       ...                    ...
2026-03-25 02:00:38,645 - root - INFO - related_stock_283_天通股份                  False                  False
2026-03-25 02:00:38,645 - root - INFO - related_stock_284_北矿科技                  False                  False
2026-03-25 02:00:38,645 - root - INFO - related_stock_285_中钢天源                  False                  False
2026-03-25 02:00:38,645 - root - INFO - related_stock_286_安泰科技                  False                   True
2026-03-25 02:00:38,645 - root - INFO - related_stock_287_英洛华                   False                  False
2026-03-25 02:00:38,645 - root - INFO - 
2026-03-25 02:00:38,645 - root - INFO -                         related_stock_72_浦发银行  related_stock_73_中信证券  \
2026-03-25 02:00:38,645 - root - INFO - 宁德时代                                    False                  False
2026-03-25 02:00:38,645 - root - INFO - market_data_1_上证综指                       True                   True
2026-03-25 02:00:38,645 - root - INFO - market_data_2_深证成指                       True                   True
2026-03-25 02:00:38,645 - root - INFO - market_data_3_创业板指                       True                   True
2026-03-25 02:00:38,645 - root - INFO - related_stock_1_中兴通讯                     True                  False
2026-03-25 02:00:38,645 - root - INFO - ...                                       ...                    ...
2026-03-25 02:00:38,645 - root - INFO - related_stock_283_天通股份                  False                  False
2026-03-25 02:00:38,646 - root - INFO - related_stock_284_北矿科技                  False                  False
2026-03-25 02:00:38,646 - root - INFO - related_stock_285_中钢天源                  False                  False
2026-03-25 02:00:38,646 - root - INFO - related_stock_286_安泰科技                  False                  False
2026-03-25 02:00:38,646 - root - INFO - related_stock_287_英洛华                   False                  False
2026-03-25 02:00:38,646 - root - INFO - 
2026-03-25 02:00:38,646 - root - INFO -                         related_stock_74_招商银行  related_stock_75_中直股份  \
2026-03-25 02:00:38,646 - root - INFO - 宁德时代                                     True                  False
2026-03-25 02:00:38,646 - root - INFO - market_data_1_上证综指                      False                  False
2026-03-25 02:00:38,646 - root - INFO - market_data_2_深证成指                      False                  False
2026-03-25 02:00:38,646 - root - INFO - market_data_3_创业板指                      False                  False
2026-03-25 02:00:38,646 - root - INFO - related_stock_1_中兴通讯                    False                  False
2026-03-25 02:00:38,646 - root - INFO - ...                                       ...                    ...
2026-03-25 02:00:38,646 - root - INFO - related_stock_283_天通股份                  False                  False
2026-03-25 02:00:38,646 - root - INFO - related_stock_284_北矿科技                  False                  False
2026-03-25 02:00:38,646 - root - INFO - related_stock_285_中钢天源                  False                  False
2026-03-25 02:00:38,646 - root - INFO - related_stock_286_安泰科技                  False                  False
2026-03-25 02:00:38,646 - root - INFO - related_stock_287_英洛华                   False                  False
2026-03-25 02:00:38,646 - root - INFO - 
2026-03-25 02:00:38,646 - root - INFO -                         related_stock_76_特变电工  related_stock_77_云天化  \
2026-03-25 02:00:38,646 - root - INFO - 宁德时代                                    False                 False
2026-03-25 02:00:38,646 - root - INFO - market_data_1_上证综指                      False                 False
2026-03-25 02:00:38,646 - root - INFO - market_data_2_深证成指                      False                 False
2026-03-25 02:00:38,646 - root - INFO - market_data_3_创业板指                      False                 False
2026-03-25 02:00:38,647 - root - INFO - related_stock_1_中兴通讯                    False                 False
2026-03-25 02:00:38,647 - root - INFO - ...                                       ...                   ...
2026-03-25 02:00:38,647 - root - INFO - related_stock_283_天通股份                   True                 False
2026-03-25 02:00:38,647 - root - INFO - related_stock_284_北矿科技                  False                  True
2026-03-25 02:00:38,647 - root - INFO - related_stock_285_中钢天源                  False                 False
2026-03-25 02:00:38,647 - root - INFO - related_stock_286_安泰科技                  False                 False
2026-03-25 02:00:38,647 - root - INFO - related_stock_287_英洛华                   False                  True
2026-03-25 02:00:38,647 - root - INFO - 
2026-03-25 02:00:38,647 - root - INFO -                         related_stock_78_上汽集团  related_stock_79_诺德股份  \
2026-03-25 02:00:38,647 - root - INFO - 宁德时代                                    False                  False
2026-03-25 02:00:38,647 - root - INFO - market_data_1_上证综指                      False                  False
2026-03-25 02:00:38,647 - root - INFO - market_data_2_深证成指                      False                  False
2026-03-25 02:00:38,647 - root - INFO - market_data_3_创业板指                      False                  False
2026-03-25 02:00:38,647 - root - INFO - related_stock_1_中兴通讯                    False                  False
2026-03-25 02:00:38,647 - root - INFO - ...                                       ...                    ...
2026-03-25 02:00:38,647 - root - INFO - related_stock_283_天通股份                  False                  False
2026-03-25 02:00:38,647 - root - INFO - related_stock_284_北矿科技                  False                  False
2026-03-25 02:00:38,647 - root - INFO - related_stock_285_中钢天源                  False                  False
2026-03-25 02:00:38,647 - root - INFO - related_stock_286_安泰科技                  False                  False
2026-03-25 02:00:38,647 - root - INFO - related_stock_287_英洛华                    True                  False
2026-03-25 02:00:38,647 - root - INFO - 
2026-03-25 02:00:38,647 - root - INFO -                         related_stock_80_北方稀土  related_stock_81_中国卫星  \
2026-03-25 02:00:38,648 - root - INFO - 宁德时代                                    False                  False
2026-03-25 02:00:38,648 - root - INFO - market_data_1_上证综指                      False                  False
2026-03-25 02:00:38,648 - root - INFO - market_data_2_深证成指                      False                  False
2026-03-25 02:00:38,648 - root - INFO - market_data_3_创业板指                      False                  False
2026-03-25 02:00:38,648 - root - INFO - related_stock_1_中兴通讯                    False                  False
2026-03-25 02:00:38,648 - root - INFO - ...                                       ...                    ...
2026-03-25 02:00:38,648 - root - INFO - related_stock_283_天通股份                  False                  False
2026-03-25 02:00:38,648 - root - INFO - related_stock_284_北矿科技                  False                  False
2026-03-25 02:00:38,648 - root - INFO - related_stock_285_中钢天源                   True                  False
2026-03-25 02:00:38,648 - root - INFO - related_stock_286_安泰科技                  False                  False
2026-03-25 02:00:38,648 - root - INFO - related_stock_287_英洛华                    True                  False
2026-03-25 02:00:38,648 - root - INFO - 
2026-03-25 02:00:38,648 - root - INFO -                         related_stock_82_生益科技  related_stock_83_南山铝业  \
2026-03-25 02:00:38,648 - root - INFO - 宁德时代                                    False                  False
2026-03-25 02:00:38,648 - root - INFO - market_data_1_上证综指                      False                  False
2026-03-25 02:00:38,648 - root - INFO - market_data_2_深证成指                      False                  False
2026-03-25 02:00:38,648 - root - INFO - market_data_3_创业板指                      False                  False
2026-03-25 02:00:38,648 - root - INFO - related_stock_1_中兴通讯                    False                  False
2026-03-25 02:00:38,648 - root - INFO - ...                                       ...                    ...
2026-03-25 02:00:38,648 - root - INFO - related_stock_283_天通股份                  False                  False
2026-03-25 02:00:38,648 - root - INFO - related_stock_284_北矿科技                  False                   True
2026-03-25 02:00:38,648 - root - INFO - related_stock_285_中钢天源                  False                   True
2026-03-25 02:00:38,648 - root - INFO - related_stock_286_安泰科技                  False                  False
2026-03-25 02:00:38,649 - root - INFO - related_stock_287_英洛华                   False                   True
2026-03-25 02:00:38,649 - root - INFO - 
2026-03-25 02:00:38,649 - root - INFO -                         related_stock_84_恒瑞医药  related_stock_85_恒顺醋业  \
2026-03-25 02:00:38,649 - root - INFO - 宁德时代                                    False                  False
2026-03-25 02:00:38,649 - root - INFO - market_data_1_上证综指                      False                  False
2026-03-25 02:00:38,649 - root - INFO - market_data_2_深证成指                      False                  False
2026-03-25 02:00:38,649 - root - INFO - market_data_3_创业板指                      False                  False
2026-03-25 02:00:38,649 - root - INFO - related_stock_1_中兴通讯                    False                  False
2026-03-25 02:00:38,649 - root - INFO - ...                                       ...                    ...
2026-03-25 02:00:38,649 - root - INFO - related_stock_283_天通股份                  False                  False
2026-03-25 02:00:38,649 - root - INFO - related_stock_284_北矿科技                  False                  False
2026-03-25 02:00:38,649 - root - INFO - related_stock_285_中钢天源                  False                  False
2026-03-25 02:00:38,649 - root - INFO - related_stock_286_安泰科技                  False                  False
2026-03-25 02:00:38,649 - root - INFO - related_stock_287_英洛华                   False                  False
2026-03-25 02:00:38,649 - root - INFO - 
2026-03-25 02:00:38,649 - root - INFO -                         related_stock_86_平高电气  related_stock_87_西藏珠峰  \
2026-03-25 02:00:38,649 - root - INFO - 宁德时代                                     True                  False
2026-03-25 02:00:38,649 - root - INFO - market_data_1_上证综指                      False                  False
2026-03-25 02:00:38,649 - root - INFO - market_data_2_深证成指                       True                  False
2026-03-25 02:00:38,649 - root - INFO - market_data_3_创业板指                       True                  False
2026-03-25 02:00:38,649 - root - INFO - related_stock_1_中兴通讯                    False                  False
2026-03-25 02:00:38,649 - root - INFO - ...                                       ...                    ...
2026-03-25 02:00:38,649 - root - INFO - related_stock_283_天通股份                  False                  False
2026-03-25 02:00:38,650 - root - INFO - related_stock_284_北矿科技                  False                  False
2026-03-25 02:00:38,650 - root - INFO - related_stock_285_中钢天源                  False                   True
2026-03-25 02:00:38,650 - root - INFO - related_stock_286_安泰科技                  False                  False
2026-03-25 02:00:38,650 - root - INFO - related_stock_287_英洛华                   False                  False
2026-03-25 02:00:38,650 - root - INFO - 
2026-03-25 02:00:38,650 - root - INFO -                         related_stock_88_江西铜业  related_stock_89_宁波韵升  \
2026-03-25 02:00:38,650 - root - INFO - 宁德时代                                    False                  False
2026-03-25 02:00:38,650 - root - INFO - market_data_1_上证综指                      False                  False
2026-03-25 02:00:38,650 - root - INFO - market_data_2_深证成指                      False                  False
2026-03-25 02:00:38,650 - root - INFO - market_data_3_创业板指                      False                  False
2026-03-25 02:00:38,650 - root - INFO - related_stock_1_中兴通讯                    False                  False
2026-03-25 02:00:38,650 - root - INFO - ...                                       ...                    ...
2026-03-25 02:00:38,650 - root - INFO - related_stock_283_天通股份                  False                  False
2026-03-25 02:00:38,650 - root - INFO - related_stock_284_北矿科技                  False                   True
2026-03-25 02:00:38,650 - root - INFO - related_stock_285_中钢天源                  False                  False
2026-03-25 02:00:38,650 - root - INFO - related_stock_286_安泰科技                   True                  False
2026-03-25 02:00:38,650 - root - INFO - related_stock_287_英洛华                   False                  False
2026-03-25 02:00:38,650 - root - INFO - 
2026-03-25 02:00:38,650 - root - INFO -                         related_stock_90_红星发展  related_stock_91_盛和资源  \
2026-03-25 02:00:38,650 - root - INFO - 宁德时代                                    False                  False
2026-03-25 02:00:38,650 - root - INFO - market_data_1_上证综指                      False                  False
2026-03-25 02:00:38,650 - root - INFO - market_data_2_深证成指                      False                   True
2026-03-25 02:00:38,650 - root - INFO - market_data_3_创业板指                       True                  False
2026-03-25 02:00:38,651 - root - INFO - related_stock_1_中兴通讯                    False                  False
2026-03-25 02:00:38,651 - root - INFO - ...                                       ...                    ...
2026-03-25 02:00:38,651 - root - INFO - related_stock_283_天通股份                  False                   True
2026-03-25 02:00:38,651 - root - INFO - related_stock_284_北矿科技                  False                  False
2026-03-25 02:00:38,651 - root - INFO - related_stock_285_中钢天源                  False                   True
2026-03-25 02:00:38,651 - root - INFO - related_stock_286_安泰科技                  False                  False
2026-03-25 02:00:38,651 - root - INFO - related_stock_287_英洛华                    True                  False
2026-03-25 02:00:38,651 - root - INFO - 
2026-03-25 02:00:38,651 - root - INFO -                         related_stock_92_通威股份  related_stock_93_贵研铂业  \
2026-03-25 02:00:38,651 - root - INFO - 宁德时代                                    False                  False
2026-03-25 02:00:38,651 - root - INFO - market_data_1_上证综指                      False                  False
2026-03-25 02:00:38,651 - root - INFO - market_data_2_深证成指                      False                  False
2026-03-25 02:00:38,651 - root - INFO - market_data_3_创业板指                      False                  False
2026-03-25 02:00:38,651 - root - INFO - related_stock_1_中兴通讯                    False                  False
2026-03-25 02:00:38,651 - root - INFO - ...                                       ...                    ...
2026-03-25 02:00:38,651 - root - INFO - related_stock_283_天通股份                   True                  False
2026-03-25 02:00:38,651 - root - INFO - related_stock_284_北矿科技                  False                  False
2026-03-25 02:00:38,651 - root - INFO - related_stock_285_中钢天源                   True                  False
2026-03-25 02:00:38,651 - root - INFO - related_stock_286_安泰科技                  False                  False
2026-03-25 02:00:38,651 - root - INFO - related_stock_287_英洛华                   False                  False
2026-03-25 02:00:38,651 - root - INFO - 
2026-03-25 02:00:38,651 - root - INFO -                         related_stock_94_士兰微  related_stock_95_方大炭素  \
2026-03-25 02:00:38,651 - root - INFO - 宁德时代                                   False                   True
2026-03-25 02:00:38,652 - root - INFO - market_data_1_上证综指                     False                   True
2026-03-25 02:00:38,652 - root - INFO - market_data_2_深证成指                     False                   True
2026-03-25 02:00:38,652 - root - INFO - market_data_3_创业板指                      True                   True
2026-03-25 02:00:38,652 - root - INFO - related_stock_1_中兴通讯                   False                  False
2026-03-25 02:00:38,652 - root - INFO - ...                                      ...                    ...
2026-03-25 02:00:38,652 - root - INFO - related_stock_283_天通股份                 False                   True
2026-03-25 02:00:38,652 - root - INFO - related_stock_284_北矿科技                 False                  False
2026-03-25 02:00:38,652 - root - INFO - related_stock_285_中钢天源                 False                   True
2026-03-25 02:00:38,652 - root - INFO - related_stock_286_安泰科技                  True                   True
2026-03-25 02:00:38,652 - root - INFO - related_stock_287_英洛华                  False                  False
2026-03-25 02:00:38,652 - root - INFO - 
2026-03-25 02:00:38,652 - root - INFO -                         related_stock_96_中天科技  related_stock_97_山东黄金  \
2026-03-25 02:00:38,652 - root - INFO - 宁德时代                                    False                  False
2026-03-25 02:00:38,652 - root - INFO - market_data_1_上证综指                      False                  False
2026-03-25 02:00:38,652 - root - INFO - market_data_2_深证成指                      False                  False
2026-03-25 02:00:38,652 - root - INFO - market_data_3_创业板指                      False                  False
2026-03-25 02:00:38,652 - root - INFO - related_stock_1_中兴通讯                    False                  False
2026-03-25 02:00:38,652 - root - INFO - ...                                       ...                    ...
2026-03-25 02:00:38,652 - root - INFO - related_stock_283_天通股份                  False                  False
2026-03-25 02:00:38,652 - root - INFO - related_stock_284_北矿科技                  False                  False
2026-03-25 02:00:38,652 - root - INFO - related_stock_285_中钢天源                  False                  False
2026-03-25 02:00:38,652 - root - INFO - related_stock_286_安泰科技                  False                  False
2026-03-25 02:00:38,652 - root - INFO - related_stock_287_英洛华                   False                  False
2026-03-25 02:00:38,652 - root - INFO - 
2026-03-25 02:00:38,653 - root - INFO -                         related_stock_98_厦门钨业  related_stock_99_卧龙电驱  \
2026-03-25 02:00:38,653 - root - INFO - 宁德时代                                    False                  False
2026-03-25 02:00:38,653 - root - INFO - market_data_1_上证综指                      False                  False
2026-03-25 02:00:38,653 - root - INFO - market_data_2_深证成指                      False                  False
2026-03-25 02:00:38,653 - root - INFO - market_data_3_创业板指                      False                   True
2026-03-25 02:00:38,653 - root - INFO - related_stock_1_中兴通讯                    False                  False
2026-03-25 02:00:38,653 - root - INFO - ...                                       ...                    ...
2026-03-25 02:00:38,653 - root - INFO - related_stock_283_天通股份                   True                   True
2026-03-25 02:00:38,653 - root - INFO - related_stock_284_北矿科技                   True                  False
2026-03-25 02:00:38,653 - root - INFO - related_stock_285_中钢天源                  False                  False
2026-03-25 02:00:38,653 - root - INFO - related_stock_286_安泰科技                  False                   True
2026-03-25 02:00:38,653 - root - INFO - related_stock_287_英洛华                   False                  False
2026-03-25 02:00:38,653 - root - INFO - 
2026-03-25 02:00:38,653 - root - INFO -                         related_stock_100_长飞光纤  related_stock_101_新安股份  \
2026-03-25 02:00:38,653 - root - INFO - 宁德时代                                     False                   False
2026-03-25 02:00:38,653 - root - INFO - market_data_1_上证综指                       False                   False
2026-03-25 02:00:38,653 - root - INFO - market_data_2_深证成指                       False                   False
2026-03-25 02:00:38,653 - root - INFO - market_data_3_创业板指                       False                   False
2026-03-25 02:00:38,653 - root - INFO - related_stock_1_中兴通讯                     False                   False
2026-03-25 02:00:38,653 - root - INFO - ...                                        ...                     ...
2026-03-25 02:00:38,653 - root - INFO - related_stock_283_天通股份                   False                   False
2026-03-25 02:00:38,653 - root - INFO - related_stock_284_北矿科技                   False                   False
2026-03-25 02:00:38,653 - root - INFO - related_stock_285_中钢天源                   False                   False
2026-03-25 02:00:38,654 - root - INFO - related_stock_286_安泰科技                    True                   False
2026-03-25 02:00:38,654 - root - INFO - related_stock_287_英洛华                    False                   False
2026-03-25 02:00:38,654 - root - INFO - 
2026-03-25 02:00:38,654 - root - INFO -                         related_stock_102_绿地控股  related_stock_103_福耀玻璃  \
2026-03-25 02:00:38,654 - root - INFO - 宁德时代                                     False                   False
2026-03-25 02:00:38,654 - root - INFO - market_data_1_上证综指                        True                   False
2026-03-25 02:00:38,654 - root - INFO - market_data_2_深证成指                       False                   False
2026-03-25 02:00:38,654 - root - INFO - market_data_3_创业板指                       False                   False
2026-03-25 02:00:38,654 - root - INFO - related_stock_1_中兴通讯                     False                   False
2026-03-25 02:00:38,654 - root - INFO - ...                                        ...                     ...
2026-03-25 02:00:38,654 - root - INFO - related_stock_283_天通股份                   False                   False
2026-03-25 02:00:38,654 - root - INFO - related_stock_284_北矿科技                    True                   False
2026-03-25 02:00:38,654 - root - INFO - related_stock_285_中钢天源                   False                   False
2026-03-25 02:00:38,654 - root - INFO - related_stock_286_安泰科技                    True                   False
2026-03-25 02:00:38,654 - root - INFO - related_stock_287_英洛华                     True                   False
2026-03-25 02:00:38,654 - root - INFO - 
2026-03-25 02:00:38,654 - root - INFO -                         related_stock_104_青岛海尔  related_stock_105_祁连山  \
2026-03-25 02:00:38,654 - root - INFO - 宁德时代                                     False                  False
2026-03-25 02:00:38,654 - root - INFO - market_data_1_上证综指                       False                  False
2026-03-25 02:00:38,654 - root - INFO - market_data_2_深证成指                       False                  False
2026-03-25 02:00:38,654 - root - INFO - market_data_3_创业板指                       False                  False
2026-03-25 02:00:38,654 - root - INFO - related_stock_1_中兴通讯                     False                  False
2026-03-25 02:00:38,654 - root - INFO - ...                                        ...                    ...
2026-03-25 02:00:38,654 - root - INFO - related_stock_283_天通股份                    True                  False
2026-03-25 02:00:38,655 - root - INFO - related_stock_284_北矿科技                   False                  False
2026-03-25 02:00:38,655 - root - INFO - related_stock_285_中钢天源                   False                   True
2026-03-25 02:00:38,655 - root - INFO - related_stock_286_安泰科技                   False                  False
2026-03-25 02:00:38,655 - root - INFO - related_stock_287_英洛华                    False                  False
2026-03-25 02:00:38,655 - root - INFO - 
2026-03-25 02:00:38,655 - root - INFO -                         related_stock_106_华域汽车  related_stock_107_闻泰科技  \
2026-03-25 02:00:38,655 - root - INFO - 宁德时代                                     False                   False
2026-03-25 02:00:38,655 - root - INFO - market_data_1_上证综指                       False                   False
2026-03-25 02:00:38,655 - root - INFO - market_data_2_深证成指                       False                   False
2026-03-25 02:00:38,655 - root - INFO - market_data_3_创业板指                       False                   False
2026-03-25 02:00:38,655 - root - INFO - related_stock_1_中兴通讯                     False                   False
2026-03-25 02:00:38,655 - root - INFO - ...                                        ...                     ...
2026-03-25 02:00:38,655 - root - INFO - related_stock_283_天通股份                   False                   False
2026-03-25 02:00:38,655 - root - INFO - related_stock_284_北矿科技                   False                   False
2026-03-25 02:00:38,655 - root - INFO - related_stock_285_中钢天源                   False                   False
2026-03-25 02:00:38,655 - root - INFO - related_stock_286_安泰科技                   False                   False
2026-03-25 02:00:38,655 - root - INFO - related_stock_287_英洛华                    False                   False
2026-03-25 02:00:38,655 - root - INFO - 
2026-03-25 02:00:38,655 - root - INFO -                         related_stock_108_浪潮软件  related_stock_109_山西汾酒  \
2026-03-25 02:00:38,655 - root - INFO - 宁德时代                                     False                   False
2026-03-25 02:00:38,655 - root - INFO - market_data_1_上证综指                        True                   False
2026-03-25 02:00:38,655 - root - INFO - market_data_2_深证成指                       False                   False
2026-03-25 02:00:38,655 - root - INFO - market_data_3_创业板指                        True                   False
2026-03-25 02:00:38,656 - root - INFO - related_stock_1_中兴通讯                     False                   False
2026-03-25 02:00:38,656 - root - INFO - ...                                        ...                     ...
2026-03-25 02:00:38,656 - root - INFO - related_stock_283_天通股份                   False                   False
2026-03-25 02:00:38,656 - root - INFO - related_stock_284_北矿科技                   False                   False
2026-03-25 02:00:38,656 - root - INFO - related_stock_285_中钢天源                   False                   False
2026-03-25 02:00:38,656 - root - INFO - related_stock_286_安泰科技                   False                   False
2026-03-25 02:00:38,656 - root - INFO - related_stock_287_英洛华                     True                   False
2026-03-25 02:00:38,656 - root - INFO - 
2026-03-25 02:00:38,656 - root - INFO -                         related_stock_110_津膜科技  related_stock_111_宁波中百  \
2026-03-25 02:00:38,656 - root - INFO - 宁德时代                                     False                   False
2026-03-25 02:00:38,656 - root - INFO - market_data_1_上证综指                       False                   False
2026-03-25 02:00:38,656 - root - INFO - market_data_2_深证成指                       False                   False
2026-03-25 02:00:38,656 - root - INFO - market_data_3_创业板指                       False                   False
2026-03-25 02:00:38,656 - root - INFO - related_stock_1_中兴通讯                     False                   False
2026-03-25 02:00:38,656 - root - INFO - ...                                        ...                     ...
2026-03-25 02:00:38,656 - root - INFO - related_stock_283_天通股份                   False                   False
2026-03-25 02:00:38,656 - root - INFO - related_stock_284_北矿科技                   False                   False
2026-03-25 02:00:38,656 - root - INFO - related_stock_285_中钢天源                   False                   False
2026-03-25 02:00:38,656 - root - INFO - related_stock_286_安泰科技                   False                   False
2026-03-25 02:00:38,656 - root - INFO - related_stock_287_英洛华                    False                   False
2026-03-25 02:00:38,656 - root - INFO - 
2026-03-25 02:00:38,656 - root - INFO -                         related_stock_112_哈投股份  related_stock_113_嘉化能源  \
2026-03-25 02:00:38,656 - root - INFO - 宁德时代                                     False                   False
2026-03-25 02:00:38,657 - root - INFO - market_data_1_上证综指                       False                   False
2026-03-25 02:00:38,657 - root - INFO - market_data_2_深证成指                       False                   False
2026-03-25 02:00:38,657 - root - INFO - market_data_3_创业板指                       False                   False
2026-03-25 02:00:38,657 - root - INFO - related_stock_1_中兴通讯                     False                   False
2026-03-25 02:00:38,657 - root - INFO - ...                                        ...                     ...
2026-03-25 02:00:38,657 - root - INFO - related_stock_283_天通股份                   False                   False
2026-03-25 02:00:38,657 - root - INFO - related_stock_284_北矿科技                   False                   False
2026-03-25 02:00:38,657 - root - INFO - related_stock_285_中钢天源                   False                   False
2026-03-25 02:00:38,657 - root - INFO - related_stock_286_安泰科技                   False                   False
2026-03-25 02:00:38,657 - root - INFO - related_stock_287_英洛华                    False                   False
2026-03-25 02:00:38,657 - root - INFO - 
2026-03-25 02:00:38,657 - root - INFO -                         related_stock_114_航天电子  related_stock_115_杉杉股份  \
2026-03-25 02:00:38,657 - root - INFO - 宁德时代                                     False                   False
2026-03-25 02:00:38,657 - root - INFO - market_data_1_上证综指                       False                   False
2026-03-25 02:00:38,657 - root - INFO - market_data_2_深证成指                       False                   False
2026-03-25 02:00:38,657 - root - INFO - market_data_3_创业板指                       False                   False
2026-03-25 02:00:38,657 - root - INFO - related_stock_1_中兴通讯                     False                   False
2026-03-25 02:00:38,657 - root - INFO - ...                                        ...                     ...
2026-03-25 02:00:38,657 - root - INFO - related_stock_283_天通股份                   False                   False
2026-03-25 02:00:38,657 - root - INFO - related_stock_284_北矿科技                   False                   False
2026-03-25 02:00:38,657 - root - INFO - related_stock_285_中钢天源                   False                   False
2026-03-25 02:00:38,657 - root - INFO - related_stock_286_安泰科技                   False                   False
2026-03-25 02:00:38,657 - root - INFO - related_stock_287_英洛华                    False                   False
2026-03-25 02:00:38,657 - root - INFO - 
2026-03-25 02:00:38,658 - root - INFO -                         related_stock_116_长江电力  related_stock_117_隆基绿能  \
2026-03-25 02:00:38,658 - root - INFO - 宁德时代                                     False                   False
2026-03-25 02:00:38,658 - root - INFO - market_data_1_上证综指                       False                   False
2026-03-25 02:00:38,658 - root - INFO - market_data_2_深证成指                       False                   False
2026-03-25 02:00:38,658 - root - INFO - market_data_3_创业板指                       False                   False
2026-03-25 02:00:38,658 - root - INFO - related_stock_1_中兴通讯                     False                   False
2026-03-25 02:00:38,658 - root - INFO - ...                                        ...                     ...
2026-03-25 02:00:38,658 - root - INFO - related_stock_283_天通股份                   False                   False
2026-03-25 02:00:38,658 - root - INFO - related_stock_284_北矿科技                   False                   False
2026-03-25 02:00:38,658 - root - INFO - related_stock_285_中钢天源                   False                    True
2026-03-25 02:00:38,658 - root - INFO - related_stock_286_安泰科技                   False                   False
2026-03-25 02:00:38,658 - root - INFO - related_stock_287_英洛华                    False                   False
2026-03-25 02:00:38,658 - root - INFO - 
2026-03-25 02:00:38,658 - root - INFO -                         related_stock_118_中国神华  related_stock_119_中国铁建  \
2026-03-25 02:00:38,658 - root - INFO - 宁德时代                                     False                   False
2026-03-25 02:00:38,658 - root - INFO - market_data_1_上证综指                       False                   False
2026-03-25 02:00:38,658 - root - INFO - market_data_2_深证成指                       False                   False
2026-03-25 02:00:38,658 - root - INFO - market_data_3_创业板指                        True                   False
2026-03-25 02:00:38,658 - root - INFO - related_stock_1_中兴通讯                     False                   False
2026-03-25 02:00:38,658 - root - INFO - ...                                        ...                     ...
2026-03-25 02:00:38,658 - root - INFO - related_stock_283_天通股份                   False                   False
2026-03-25 02:00:38,658 - root - INFO - related_stock_284_北矿科技                   False                   False
2026-03-25 02:00:38,658 - root - INFO - related_stock_285_中钢天源                   False                   False
2026-03-25 02:00:38,659 - root - INFO - related_stock_286_安泰科技                   False                   False
2026-03-25 02:00:38,659 - root - INFO - related_stock_287_英洛华                    False                   False
2026-03-25 02:00:38,659 - root - INFO - 
2026-03-25 02:00:38,659 - root - INFO -                         related_stock_120_中国平安  related_stock_121_工商银行  \
2026-03-25 02:00:38,659 - root - INFO - 宁德时代                                     False                   False
2026-03-25 02:00:38,659 - root - INFO - market_data_1_上证综指                       False                   False
2026-03-25 02:00:38,659 - root - INFO - market_data_2_深证成指                       False                   False
2026-03-25 02:00:38,659 - root - INFO - market_data_3_创业板指                       False                    True
2026-03-25 02:00:38,659 - root - INFO - related_stock_1_中兴通讯                     False                   False
2026-03-25 02:00:38,659 - root - INFO - ...                                        ...                     ...
2026-03-25 02:00:38,659 - root - INFO - related_stock_283_天通股份                   False                   False
2026-03-25 02:00:38,659 - root - INFO - related_stock_284_北矿科技                    True                   False
2026-03-25 02:00:38,659 - root - INFO - related_stock_285_中钢天源                   False                   False
2026-03-25 02:00:38,659 - root - INFO - related_stock_286_安泰科技                   False                   False
2026-03-25 02:00:38,659 - root - INFO - related_stock_287_英洛华                    False                   False
2026-03-25 02:00:38,659 - root - INFO - 
2026-03-25 02:00:38,659 - root - INFO -                         related_stock_122_中国铝业  related_stock_123_长城汽车  \
2026-03-25 02:00:38,659 - root - INFO - 宁德时代                                     False                   False
2026-03-25 02:00:38,659 - root - INFO - market_data_1_上证综指                       False                   False
2026-03-25 02:00:38,659 - root - INFO - market_data_2_深证成指                       False                   False
2026-03-25 02:00:38,659 - root - INFO - market_data_3_创业板指                       False                   False
2026-03-25 02:00:38,659 - root - INFO - related_stock_1_中兴通讯                     False                   False
2026-03-25 02:00:38,659 - root - INFO - ...                                        ...                     ...
2026-03-25 02:00:38,659 - root - INFO - related_stock_283_天通股份                   False                   False
2026-03-25 02:00:38,660 - root - INFO - related_stock_284_北矿科技                   False                   False
2026-03-25 02:00:38,660 - root - INFO - related_stock_285_中钢天源                   False                   False
2026-03-25 02:00:38,660 - root - INFO - related_stock_286_安泰科技                   False                   False
2026-03-25 02:00:38,660 - root - INFO - related_stock_287_英洛华                     True                   False
2026-03-25 02:00:38,660 - root - INFO - 
2026-03-25 02:00:38,660 - root - INFO -                         related_stock_124_中国建筑  related_stock_125_中国电建  \
2026-03-25 02:00:38,660 - root - INFO - 宁德时代                                     False                   False
2026-03-25 02:00:38,660 - root - INFO - market_data_1_上证综指                        True                   False
2026-03-25 02:00:38,660 - root - INFO - market_data_2_深证成指                       False                   False
2026-03-25 02:00:38,660 - root - INFO - market_data_3_创业板指                       False                   False
2026-03-25 02:00:38,660 - root - INFO - related_stock_1_中兴通讯                     False                   False
2026-03-25 02:00:38,660 - root - INFO - ...                                        ...                     ...
2026-03-25 02:00:38,660 - root - INFO - related_stock_283_天通股份                   False                   False
2026-03-25 02:00:38,660 - root - INFO - related_stock_284_北矿科技                   False                   False
2026-03-25 02:00:38,660 - root - INFO - related_stock_285_中钢天源                   False                   False
2026-03-25 02:00:38,660 - root - INFO - related_stock_286_安泰科技                   False                   False
2026-03-25 02:00:38,660 - root - INFO - related_stock_287_英洛华                    False                   False
2026-03-25 02:00:38,660 - root - INFO - 
2026-03-25 02:00:38,660 - root - INFO -                         related_stock_126_拓普集团  related_stock_127_中国中车  \
2026-03-25 02:00:38,660 - root - INFO - 宁德时代                                     False                   False
2026-03-25 02:00:38,660 - root - INFO - market_data_1_上证综指                       False                   False
2026-03-25 02:00:38,660 - root - INFO - market_data_2_深证成指                       False                   False
2026-03-25 02:00:38,660 - root - INFO - market_data_3_创业板指                       False                    True
2026-03-25 02:00:38,661 - root - INFO - related_stock_1_中兴通讯                     False                   False
2026-03-25 02:00:38,661 - root - INFO - ...                                        ...                     ...
2026-03-25 02:00:38,661 - root - INFO - related_stock_283_天通股份                   False                   False
2026-03-25 02:00:38,661 - root - INFO - related_stock_284_北矿科技                   False                    True
2026-03-25 02:00:38,661 - root - INFO - related_stock_285_中钢天源                   False                   False
2026-03-25 02:00:38,661 - root - INFO - related_stock_286_安泰科技                   False                   False
2026-03-25 02:00:38,661 - root - INFO - related_stock_287_英洛华                    False                   False
2026-03-25 02:00:38,661 - root - INFO - 
2026-03-25 02:00:38,661 - root - INFO -                         related_stock_128_中国石油  related_stock_129_紫金矿业  \
2026-03-25 02:00:38,661 - root - INFO - 宁德时代                                      True                   False
2026-03-25 02:00:38,661 - root - INFO - market_data_1_上证综指                       False                   False
2026-03-25 02:00:38,661 - root - INFO - market_data_2_深证成指                       False                   False
2026-03-25 02:00:38,661 - root - INFO - market_data_3_创业板指                       False                   False
2026-03-25 02:00:38,661 - root - INFO - related_stock_1_中兴通讯                     False                   False
2026-03-25 02:00:38,661 - root - INFO - ...                                        ...                     ...
2026-03-25 02:00:38,661 - root - INFO - related_stock_283_天通股份                   False                    True
2026-03-25 02:00:38,661 - root - INFO - related_stock_284_北矿科技                   False                   False
2026-03-25 02:00:38,661 - root - INFO - related_stock_285_中钢天源                   False                   False
2026-03-25 02:00:38,661 - root - INFO - related_stock_286_安泰科技                   False                   False
2026-03-25 02:00:38,661 - root - INFO - related_stock_287_英洛华                    False                   False
2026-03-25 02:00:38,661 - root - INFO - 
2026-03-25 02:00:38,661 - root - INFO -                         related_stock_130_中远海控  related_stock_131_中国核电  \
2026-03-25 02:00:38,661 - root - INFO - 宁德时代                                     False                   False
2026-03-25 02:00:38,662 - root - INFO - market_data_1_上证综指                       False                   False
2026-03-25 02:00:38,662 - root - INFO - market_data_2_深证成指                       False                   False
2026-03-25 02:00:38,662 - root - INFO - market_data_3_创业板指                       False                   False
2026-03-25 02:00:38,662 - root - INFO - related_stock_1_中兴通讯                     False                   False
2026-03-25 02:00:38,662 - root - INFO - ...                                        ...                     ...
2026-03-25 02:00:38,662 - root - INFO - related_stock_283_天通股份                   False                   False
2026-03-25 02:00:38,662 - root - INFO - related_stock_284_北矿科技                   False                   False
2026-03-25 02:00:38,662 - root - INFO - related_stock_285_中钢天源                   False                   False
2026-03-25 02:00:38,662 - root - INFO - related_stock_286_安泰科技                   False                   False
2026-03-25 02:00:38,662 - root - INFO - related_stock_287_英洛华                     True                    True
2026-03-25 02:00:38,662 - root - INFO - 
2026-03-25 02:00:38,662 - root - INFO -                         related_stock_132_中国银行  related_stock_133_晶方科技  \
2026-03-25 02:00:38,662 - root - INFO - 宁德时代                                     False                   False
2026-03-25 02:00:38,662 - root - INFO - market_data_1_上证综指                       False                   False
2026-03-25 02:00:38,662 - root - INFO - market_data_2_深证成指                       False                   False
2026-03-25 02:00:38,662 - root - INFO - market_data_3_创业板指                       False                   False
2026-03-25 02:00:38,662 - root - INFO - related_stock_1_中兴通讯                     False                   False
2026-03-25 02:00:38,662 - root - INFO - ...                                        ...                     ...
2026-03-25 02:00:38,662 - root - INFO - related_stock_283_天通股份                   False                   False
2026-03-25 02:00:38,662 - root - INFO - related_stock_284_北矿科技                   False                   False
2026-03-25 02:00:38,662 - root - INFO - related_stock_285_中钢天源                   False                   False
2026-03-25 02:00:38,662 - root - INFO - related_stock_286_安泰科技                   False                    True
2026-03-25 02:00:38,663 - root - INFO - related_stock_287_英洛华                    False                   False
2026-03-25 02:00:38,663 - root - INFO - 
2026-03-25 02:00:38,663 - root - INFO -                         related_stock_134_禾望电气  related_stock_135_华贸物流  \
2026-03-25 02:00:38,663 - root - INFO - 宁德时代                                     False                   False
2026-03-25 02:00:38,663 - root - INFO - market_data_1_上证综指                       False                    True
2026-03-25 02:00:38,663 - root - INFO - market_data_2_深证成指                       False                    True
2026-03-25 02:00:38,663 - root - INFO - market_data_3_创业板指                       False                    True
2026-03-25 02:00:38,663 - root - INFO - related_stock_1_中兴通讯                     False                    True
2026-03-25 02:00:38,663 - root - INFO - ...                                        ...                     ...
2026-03-25 02:00:38,663 - root - INFO - related_stock_283_天通股份                   False                   False
2026-03-25 02:00:38,663 - root - INFO - related_stock_284_北矿科技                   False                   False
2026-03-25 02:00:38,663 - root - INFO - related_stock_285_中钢天源                   False                   False
2026-03-25 02:00:38,663 - root - INFO - related_stock_286_安泰科技                   False                   False
2026-03-25 02:00:38,663 - root - INFO - related_stock_287_英洛华                    False                    True
2026-03-25 02:00:38,663 - root - INFO - 
2026-03-25 02:00:38,663 - root - INFO -                         related_stock_136_新泉股份  related_stock_137_药明康德  \
2026-03-25 02:00:38,663 - root - INFO - 宁德时代                                     False                   False
2026-03-25 02:00:38,663 - root - INFO - market_data_1_上证综指                       False                   False
2026-03-25 02:00:38,663 - root - INFO - market_data_2_深证成指                       False                   False
2026-03-25 02:00:38,663 - root - INFO - market_data_3_创业板指                       False                   False
2026-03-25 02:00:38,663 - root - INFO - related_stock_1_中兴通讯                     False                   False
2026-03-25 02:00:38,663 - root - INFO - ...                                        ...                     ...
2026-03-25 02:00:38,663 - root - INFO - related_stock_283_天通股份                   False                   False
2026-03-25 02:00:38,664 - root - INFO - related_stock_284_北矿科技                   False                   False
2026-03-25 02:00:38,664 - root - INFO - related_stock_285_中钢天源                   False                   False
2026-03-25 02:00:38,664 - root - INFO - related_stock_286_安泰科技                   False                   False
2026-03-25 02:00:38,664 - root - INFO - related_stock_287_英洛华                    False                   False
2026-03-25 02:00:38,664 - root - INFO - 
2026-03-25 02:00:38,664 - root - INFO -                         related_stock_138_明星电力  related_stock_139_振江股份  \
2026-03-25 02:00:38,664 - root - INFO - 宁德时代                                     False                   False
2026-03-25 02:00:38,664 - root - INFO - market_data_1_上证综指                       False                   False
2026-03-25 02:00:38,664 - root - INFO - market_data_2_深证成指                       False                   False
2026-03-25 02:00:38,664 - root - INFO - market_data_3_创业板指                       False                   False
2026-03-25 02:00:38,664 - root - INFO - related_stock_1_中兴通讯                     False                   False
2026-03-25 02:00:38,664 - root - INFO - ...                                        ...                     ...
2026-03-25 02:00:38,664 - root - INFO - related_stock_283_天通股份                   False                   False
2026-03-25 02:00:38,664 - root - INFO - related_stock_284_北矿科技                   False                   False
2026-03-25 02:00:38,664 - root - INFO - related_stock_285_中钢天源                   False                   False
2026-03-25 02:00:38,664 - root - INFO - related_stock_286_安泰科技                   False                   False
2026-03-25 02:00:38,664 - root - INFO - related_stock_287_英洛华                    False                   False
2026-03-25 02:00:38,664 - root - INFO - 
2026-03-25 02:00:38,664 - root - INFO -                         related_stock_140_诺力股份  related_stock_141_璞泰来  \
2026-03-25 02:00:38,664 - root - INFO - 宁德时代                                      True                  False
2026-03-25 02:00:38,664 - root - INFO - market_data_1_上证综指                       False                  False
2026-03-25 02:00:38,664 - root - INFO - market_data_2_深证成指                       False                  False
2026-03-25 02:00:38,664 - root - INFO - market_data_3_创业板指                       False                  False
2026-03-25 02:00:38,664 - root - INFO - related_stock_1_中兴通讯                     False                  False
2026-03-25 02:00:38,665 - root - INFO - ...                                        ...                    ...
2026-03-25 02:00:38,665 - root - INFO - related_stock_283_天通股份                   False                  False
2026-03-25 02:00:38,665 - root - INFO - related_stock_284_北矿科技                   False                  False
2026-03-25 02:00:38,665 - root - INFO - related_stock_285_中钢天源                   False                  False
2026-03-25 02:00:38,665 - root - INFO - related_stock_286_安泰科技                   False                  False
2026-03-25 02:00:38,665 - root - INFO - related_stock_287_英洛华                    False                  False
2026-03-25 02:00:38,665 - root - INFO - 
2026-03-25 02:00:38,665 - root - INFO -                         related_stock_142_华友钴业  related_stock_143_福斯特  \
2026-03-25 02:00:38,665 - root - INFO - 宁德时代                                     False                  False
2026-03-25 02:00:38,665 - root - INFO - market_data_1_上证综指                       False                  False
2026-03-25 02:00:38,665 - root - INFO - market_data_2_深证成指                       False                  False
2026-03-25 02:00:38,665 - root - INFO - market_data_3_创业板指                       False                  False
2026-03-25 02:00:38,665 - root - INFO - related_stock_1_中兴通讯                     False                  False
2026-03-25 02:00:38,665 - root - INFO - ...                                        ...                    ...
2026-03-25 02:00:38,665 - root - INFO - related_stock_283_天通股份                   False                  False
2026-03-25 02:00:38,665 - root - INFO - related_stock_284_北矿科技                    True                  False
2026-03-25 02:00:38,665 - root - INFO - related_stock_285_中钢天源                   False                  False
2026-03-25 02:00:38,665 - root - INFO - related_stock_286_安泰科技                   False                  False
2026-03-25 02:00:38,665 - root - INFO - related_stock_287_英洛华                    False                  False
2026-03-25 02:00:38,665 - root - INFO - 
2026-03-25 02:00:38,665 - root - INFO -                         related_stock_144_雪峰科技  related_stock_145_龙蟠科技  \
2026-03-25 02:00:38,665 - root - INFO - 宁德时代                                     False                   False
2026-03-25 02:00:38,665 - root - INFO - market_data_1_上证综指                       False                   False
2026-03-25 02:00:38,666 - root - INFO - market_data_2_深证成指                       False                   False
2026-03-25 02:00:38,666 - root - INFO - market_data_3_创业板指                       False                   False
2026-03-25 02:00:38,666 - root - INFO - related_stock_1_中兴通讯                     False                   False
2026-03-25 02:00:38,666 - root - INFO - ...                                        ...                     ...
2026-03-25 02:00:38,666 - root - INFO - related_stock_283_天通股份                   False                   False
2026-03-25 02:00:38,666 - root - INFO - related_stock_284_北矿科技                   False                   False
2026-03-25 02:00:38,666 - root - INFO - related_stock_285_中钢天源                   False                    True
2026-03-25 02:00:38,666 - root - INFO - related_stock_286_安泰科技                   False                   False
2026-03-25 02:00:38,666 - root - INFO - related_stock_287_英洛华                    False                    True
2026-03-25 02:00:38,666 - root - INFO - 
2026-03-25 02:00:38,666 - root - INFO -                         related_stock_146_兆易创新  related_stock_147_洛阳钼业  \
2026-03-25 02:00:38,666 - root - INFO - 宁德时代                                      True                   False
2026-03-25 02:00:38,666 - root - INFO - market_data_1_上证综指                       False                   False
2026-03-25 02:00:38,666 - root - INFO - market_data_2_深证成指                       False                   False
2026-03-25 02:00:38,666 - root - INFO - market_data_3_创业板指                       False                   False
2026-03-25 02:00:38,666 - root - INFO - related_stock_1_中兴通讯                     False                   False
2026-03-25 02:00:38,666 - root - INFO - ...                                        ...                     ...
2026-03-25 02:00:38,666 - root - INFO - related_stock_283_天通股份                    True                   False
2026-03-25 02:00:38,666 - root - INFO - related_stock_284_北矿科技                   False                    True
2026-03-25 02:00:38,666 - root - INFO - related_stock_285_中钢天源                   False                    True
2026-03-25 02:00:38,666 - root - INFO - related_stock_286_安泰科技                   False                    True
2026-03-25 02:00:38,666 - root - INFO - related_stock_287_英洛华                    False                   False
2026-03-25 02:00:38,667 - root - INFO - 
2026-03-25 02:00:38,667 - root - INFO -                         related_stock_148_西藏矿业  related_stock_149_西藏城投  \
2026-03-25 02:00:38,667 - root - INFO - 宁德时代                                     False                   False
2026-03-25 02:00:38,667 - root - INFO - market_data_1_上证综指                       False                   False
2026-03-25 02:00:38,667 - root - INFO - market_data_2_深证成指                       False                   False
2026-03-25 02:00:38,667 - root - INFO - market_data_3_创业板指                       False                   False
2026-03-25 02:00:38,667 - root - INFO - related_stock_1_中兴通讯                     False                   False
2026-03-25 02:00:38,667 - root - INFO - ...                                        ...                     ...
2026-03-25 02:00:38,667 - root - INFO - related_stock_283_天通股份                   False                   False
2026-03-25 02:00:38,667 - root - INFO - related_stock_284_北矿科技                    True                   False
2026-03-25 02:00:38,667 - root - INFO - related_stock_285_中钢天源                   False                   False
2026-03-25 02:00:38,667 - root - INFO - related_stock_286_安泰科技                   False                    True
2026-03-25 02:00:38,667 - root - INFO - related_stock_287_英洛华                    False                   False
2026-03-25 02:00:38,667 - root - INFO - 
2026-03-25 02:00:38,667 - root - INFO -                         related_stock_150_融捷股份  related_stock_151_江特电机  \
2026-03-25 02:00:38,667 - root - INFO - 宁德时代                                     False                    True
2026-03-25 02:00:38,667 - root - INFO - market_data_1_上证综指                       False                   False
2026-03-25 02:00:38,667 - root - INFO - market_data_2_深证成指                       False                   False
2026-03-25 02:00:38,667 - root - INFO - market_data_3_创业板指                       False                    True
2026-03-25 02:00:38,667 - root - INFO - related_stock_1_中兴通讯                     False                   False
2026-03-25 02:00:38,667 - root - INFO - ...                                        ...                     ...
2026-03-25 02:00:38,667 - root - INFO - related_stock_283_天通股份                   False                   False
2026-03-25 02:00:38,667 - root - INFO - related_stock_284_北矿科技                   False                   False
2026-03-25 02:00:38,668 - root - INFO - related_stock_285_中钢天源                   False                   False
2026-03-25 02:00:38,668 - root - INFO - related_stock_286_安泰科技                   False                   False
2026-03-25 02:00:38,668 - root - INFO - related_stock_287_英洛华                    False                   False
2026-03-25 02:00:38,668 - root - INFO - 
2026-03-25 02:00:38,668 - root - INFO -                         related_stock_152_川能动力  related_stock_153_中矿资源  \
2026-03-25 02:00:38,668 - root - INFO - 宁德时代                                     False                    True
2026-03-25 02:00:38,668 - root - INFO - market_data_1_上证综指                       False                   False
2026-03-25 02:00:38,668 - root - INFO - market_data_2_深证成指                       False                   False
2026-03-25 02:00:38,668 - root - INFO - market_data_3_创业板指                       False                   False
2026-03-25 02:00:38,668 - root - INFO - related_stock_1_中兴通讯                     False                   False
2026-03-25 02:00:38,668 - root - INFO - ...                                        ...                     ...
2026-03-25 02:00:38,668 - root - INFO - related_stock_283_天通股份                   False                   False
2026-03-25 02:00:38,668 - root - INFO - related_stock_284_北矿科技                   False                   False
2026-03-25 02:00:38,668 - root - INFO - related_stock_285_中钢天源                   False                   False
2026-03-25 02:00:38,668 - root - INFO - related_stock_286_安泰科技                   False                   False
2026-03-25 02:00:38,668 - root - INFO - related_stock_287_英洛华                    False                   False
2026-03-25 02:00:38,668 - root - INFO - 
2026-03-25 02:00:38,668 - root - INFO -                         related_stock_154_寒锐钴业  related_stock_155_盛屯矿业  \
2026-03-25 02:00:38,668 - root - INFO - 宁德时代                                     False                   False
2026-03-25 02:00:38,668 - root - INFO - market_data_1_上证综指                       False                   False
2026-03-25 02:00:38,668 - root - INFO - market_data_2_深证成指                       False                   False
2026-03-25 02:00:38,668 - root - INFO - market_data_3_创业板指                       False                   False
2026-03-25 02:00:38,668 - root - INFO - related_stock_1_中兴通讯                     False                   False
2026-03-25 02:00:38,669 - root - INFO - ...                                        ...                     ...
2026-03-25 02:00:38,669 - root - INFO - related_stock_283_天通股份                   False                   False
2026-03-25 02:00:38,669 - root - INFO - related_stock_284_北矿科技                    True                   False
2026-03-25 02:00:38,669 - root - INFO - related_stock_285_中钢天源                   False                   False
2026-03-25 02:00:38,669 - root - INFO - related_stock_286_安泰科技                   False                   False
2026-03-25 02:00:38,669 - root - INFO - related_stock_287_英洛华                    False                   False
2026-03-25 02:00:38,669 - root - INFO - 
2026-03-25 02:00:38,669 - root - INFO -                         related_stock_156_道氏技术  related_stock_157_中科电气  \
2026-03-25 02:00:38,669 - root - INFO - 宁德时代                                     False                    True
2026-03-25 02:00:38,669 - root - INFO - market_data_1_上证综指                       False                   False
2026-03-25 02:00:38,669 - root - INFO - market_data_2_深证成指                       False                   False
2026-03-25 02:00:38,669 - root - INFO - market_data_3_创业板指                       False                    True
2026-03-25 02:00:38,669 - root - INFO - related_stock_1_中兴通讯                     False                   False
2026-03-25 02:00:38,669 - root - INFO - ...                                        ...                     ...
2026-03-25 02:00:38,669 - root - INFO - related_stock_283_天通股份                   False                   False
2026-03-25 02:00:38,669 - root - INFO - related_stock_284_北矿科技                    True                   False
2026-03-25 02:00:38,669 - root - INFO - related_stock_285_中钢天源                   False                   False
2026-03-25 02:00:38,669 - root - INFO - related_stock_286_安泰科技                   False                   False
2026-03-25 02:00:38,669 - root - INFO - related_stock_287_英洛华                    False                   False
2026-03-25 02:00:38,669 - root - INFO - 
2026-03-25 02:00:38,669 - root - INFO -                         related_stock_158_沧州明珠  related_stock_159_美联新材  \
2026-03-25 02:00:38,669 - root - INFO - 宁德时代                                     False                   False
2026-03-25 02:00:38,669 - root - INFO - market_data_1_上证综指                       False                   False
2026-03-25 02:00:38,669 - root - INFO - market_data_2_深证成指                       False                   False
2026-03-25 02:00:38,670 - root - INFO - market_data_3_创业板指                       False                   False
2026-03-25 02:00:38,670 - root - INFO - related_stock_1_中兴通讯                     False                   False
2026-03-25 02:00:38,670 - root - INFO - ...                                        ...                     ...
2026-03-25 02:00:38,670 - root - INFO - related_stock_283_天通股份                   False                   False
2026-03-25 02:00:38,670 - root - INFO - related_stock_284_北矿科技                   False                   False
2026-03-25 02:00:38,670 - root - INFO - related_stock_285_中钢天源                   False                   False
2026-03-25 02:00:38,670 - root - INFO - related_stock_286_安泰科技                   False                   False
2026-03-25 02:00:38,670 - root - INFO - related_stock_287_英洛华                    False                   False
2026-03-25 02:00:38,670 - root - INFO - 
2026-03-25 02:00:38,670 - root - INFO -                         related_stock_160_天际股份  related_stock_161_石大胜华  \
2026-03-25 02:00:38,670 - root - INFO - 宁德时代                                     False                   False
2026-03-25 02:00:38,670 - root - INFO - market_data_1_上证综指                       False                   False
2026-03-25 02:00:38,670 - root - INFO - market_data_2_深证成指                       False                   False
2026-03-25 02:00:38,670 - root - INFO - market_data_3_创业板指                       False                   False
2026-03-25 02:00:38,670 - root - INFO - related_stock_1_中兴通讯                     False                   False
2026-03-25 02:00:38,670 - root - INFO - ...                                        ...                     ...
2026-03-25 02:00:38,670 - root - INFO - related_stock_283_天通股份                   False                   False
2026-03-25 02:00:38,670 - root - INFO - related_stock_284_北矿科技                   False                   False
2026-03-25 02:00:38,670 - root - INFO - related_stock_285_中钢天源                   False                   False
2026-03-25 02:00:38,670 - root - INFO - related_stock_286_安泰科技                   False                   False
2026-03-25 02:00:38,670 - root - INFO - related_stock_287_英洛华                    False                   False
2026-03-25 02:00:38,670 - root - INFO - 
2026-03-25 02:00:38,671 - root - INFO -                         related_stock_162_奥克股份  related_stock_163_紫江企业  \
2026-03-25 02:00:38,671 - root - INFO - 宁德时代                                     False                   False
2026-03-25 02:00:38,671 - root - INFO - market_data_1_上证综指                       False                   False
2026-03-25 02:00:38,671 - root - INFO - market_data_2_深证成指                        True                   False
2026-03-25 02:00:38,671 - root - INFO - market_data_3_创业板指                        True                   False
2026-03-25 02:00:38,671 - root - INFO - related_stock_1_中兴通讯                     False                   False
2026-03-25 02:00:38,703 - root - INFO - ...                                        ...                     ...
2026-03-25 02:00:38,703 - root - INFO - related_stock_283_天通股份                   False                   False
2026-03-25 02:00:38,703 - root - INFO - related_stock_284_北矿科技                   False                   False
2026-03-25 02:00:38,703 - root - INFO - related_stock_285_中钢天源                   False                   False
2026-03-25 02:00:38,703 - root - INFO - related_stock_286_安泰科技                   False                   False
2026-03-25 02:00:38,703 - root - INFO - related_stock_287_英洛华                    False                   False
2026-03-25 02:00:38,703 - root - INFO - 
2026-03-25 02:00:38,703 - root - INFO -                         related_stock_164_道明光学  related_stock_165_赢合科技  \
2026-03-25 02:00:38,704 - root - INFO - 宁德时代                                     False                   False
2026-03-25 02:00:38,704 - root - INFO - market_data_1_上证综指                       False                   False
2026-03-25 02:00:38,704 - root - INFO - market_data_2_深证成指                       False                   False
2026-03-25 02:00:38,704 - root - INFO - market_data_3_创业板指                       False                   False
2026-03-25 02:00:38,704 - root - INFO - related_stock_1_中兴通讯                     False                   False
2026-03-25 02:00:38,704 - root - INFO - ...                                        ...                     ...
2026-03-25 02:00:38,704 - root - INFO - related_stock_283_天通股份                   False                   False
2026-03-25 02:00:38,704 - root - INFO - related_stock_284_北矿科技                   False                   False
2026-03-25 02:00:38,704 - root - INFO - related_stock_285_中钢天源                   False                   False
2026-03-25 02:00:38,704 - root - INFO - related_stock_286_安泰科技                   False                   False
2026-03-25 02:00:38,704 - root - INFO - related_stock_287_英洛华                    False                   False
2026-03-25 02:00:38,704 - root - INFO - 
2026-03-25 02:00:38,704 - root - INFO -                         related_stock_166_星云股份  related_stock_167_科恒股份  \
2026-03-25 02:00:38,705 - root - INFO - 宁德时代                                     False                   False
2026-03-25 02:00:38,705 - root - INFO - market_data_1_上证综指                       False                   False
2026-03-25 02:00:38,705 - root - INFO - market_data_2_深证成指                       False                   False
2026-03-25 02:00:38,705 - root - INFO - market_data_3_创业板指                        True                   False
2026-03-25 02:00:38,705 - root - INFO - related_stock_1_中兴通讯                     False                   False
2026-03-25 02:00:38,705 - root - INFO - ...                                        ...                     ...
2026-03-25 02:00:38,705 - root - INFO - related_stock_283_天通股份                   False                   False
2026-03-25 02:00:38,705 - root - INFO - related_stock_284_北矿科技                   False                   False
2026-03-25 02:00:38,705 - root - INFO - related_stock_285_中钢天源                   False                   False
2026-03-25 02:00:38,705 - root - INFO - related_stock_286_安泰科技                   False                   False
2026-03-25 02:00:38,705 - root - INFO - related_stock_287_英洛华                     True                   False
2026-03-25 02:00:38,705 - root - INFO - 
2026-03-25 02:00:38,706 - root - INFO -                         related_stock_168_福能东方  related_stock_169_英搏尔  \
2026-03-25 02:00:38,706 - root - INFO - 宁德时代                                     False                  False
2026-03-25 02:00:38,706 - root - INFO - market_data_1_上证综指                       False                  False
2026-03-25 02:00:38,706 - root - INFO - market_data_2_深证成指                       False                  False
2026-03-25 02:00:38,706 - root - INFO - market_data_3_创业板指                       False                  False
2026-03-25 02:00:38,706 - root - INFO - related_stock_1_中兴通讯                     False                  False
2026-03-25 02:00:38,706 - root - INFO - ...                                        ...                    ...
2026-03-25 02:00:38,706 - root - INFO - related_stock_283_天通股份                   False                  False
2026-03-25 02:00:38,706 - root - INFO - related_stock_284_北矿科技                   False                  False
2026-03-25 02:00:38,706 - root - INFO - related_stock_285_中钢天源                    True                  False
2026-03-25 02:00:38,706 - root - INFO - related_stock_286_安泰科技                   False                  False
2026-03-25 02:00:38,706 - root - INFO - related_stock_287_英洛华                    False                   True
2026-03-25 02:00:38,707 - root - INFO - 
2026-03-25 02:00:38,707 - root - INFO -                         related_stock_170_正海磁材  related_stock_171_信质集团  \
2026-03-25 02:00:38,707 - root - INFO - 宁德时代                                     False                   False
2026-03-25 02:00:38,707 - root - INFO - market_data_1_上证综指                       False                   False
2026-03-25 02:00:38,707 - root - INFO - market_data_2_深证成指                       False                   False
2026-03-25 02:00:38,707 - root - INFO - market_data_3_创业板指                       False                   False
2026-03-25 02:00:38,707 - root - INFO - related_stock_1_中兴通讯                     False                   False
2026-03-25 02:00:38,707 - root - INFO - ...                                        ...                     ...
2026-03-25 02:00:38,707 - root - INFO - related_stock_283_天通股份                   False                   False
2026-03-25 02:00:38,707 - root - INFO - related_stock_284_北矿科技                   False                   False
2026-03-25 02:00:38,707 - root - INFO - related_stock_285_中钢天源                   False                   False
2026-03-25 02:00:38,707 - root - INFO - related_stock_286_安泰科技                    True                   False
2026-03-25 02:00:38,707 - root - INFO - related_stock_287_英洛华                    False                   False
2026-03-25 02:00:38,707 - root - INFO - 
2026-03-25 02:00:38,707 - root - INFO -                         related_stock_172_广汽集团  related_stock_173_北汽蓝谷  \
2026-03-25 02:00:38,708 - root - INFO - 宁德时代                                     False                   False
2026-03-25 02:00:38,708 - root - INFO - market_data_1_上证综指                       False                   False
2026-03-25 02:00:38,708 - root - INFO - market_data_2_深证成指                       False                   False
2026-03-25 02:00:38,708 - root - INFO - market_data_3_创业板指                       False                   False
2026-03-25 02:00:38,708 - root - INFO - related_stock_1_中兴通讯                     False                   False
2026-03-25 02:00:38,708 - root - INFO - ...                                        ...                     ...
2026-03-25 02:00:38,708 - root - INFO - related_stock_283_天通股份                   False                   False
2026-03-25 02:00:38,708 - root - INFO - related_stock_284_北矿科技                   False                   False
2026-03-25 02:00:38,708 - root - INFO - related_stock_285_中钢天源                   False                   False
2026-03-25 02:00:38,708 - root - INFO - related_stock_286_安泰科技                   False                   False
2026-03-25 02:00:38,708 - root - INFO - related_stock_287_英洛华                    False                   False
2026-03-25 02:00:38,708 - root - INFO - 
2026-03-25 02:00:38,708 - root - INFO -                         related_stock_174_江淮汽车  related_stock_175_东风汽车  \
2026-03-25 02:00:38,708 - root - INFO - 宁德时代                                     False                   False
2026-03-25 02:00:38,708 - root - INFO - market_data_1_上证综指                       False                   False
2026-03-25 02:00:38,708 - root - INFO - market_data_2_深证成指                       False                   False
2026-03-25 02:00:38,708 - root - INFO - market_data_3_创业板指                       False                   False
2026-03-25 02:00:38,709 - root - INFO - related_stock_1_中兴通讯                     False                   False
2026-03-25 02:00:38,709 - root - INFO - ...                                        ...                     ...
2026-03-25 02:00:38,709 - root - INFO - related_stock_283_天通股份                   False                   False
2026-03-25 02:00:38,709 - root - INFO - related_stock_284_北矿科技                   False                   False
2026-03-25 02:00:38,709 - root - INFO - related_stock_285_中钢天源                   False                   False
2026-03-25 02:00:38,709 - root - INFO - related_stock_286_安泰科技                   False                   False
2026-03-25 02:00:38,709 - root - INFO - related_stock_287_英洛华                    False                   False
2026-03-25 02:00:38,709 - root - INFO - 
2026-03-25 02:00:38,709 - root - INFO -                         related_stock_176_赛力斯  related_stock_177_力帆科技  \
2026-03-25 02:00:38,709 - root - INFO - 宁德时代                                     True                   False
2026-03-25 02:00:38,709 - root - INFO - market_data_1_上证综指                      False                   False
2026-03-25 02:00:38,709 - root - INFO - market_data_2_深证成指                      False                   False
2026-03-25 02:00:38,709 - root - INFO - market_data_3_创业板指                      False                   False
2026-03-25 02:00:38,709 - root - INFO - related_stock_1_中兴通讯                    False                   False
2026-03-25 02:00:38,709 - root - INFO - ...                                       ...                     ...
2026-03-25 02:00:38,710 - root - INFO - related_stock_283_天通股份                  False                   False
2026-03-25 02:00:38,710 - root - INFO - related_stock_284_北矿科技                  False                   False
2026-03-25 02:00:38,710 - root - INFO - related_stock_285_中钢天源                  False                   False
2026-03-25 02:00:38,710 - root - INFO - related_stock_286_安泰科技                  False                   False
2026-03-25 02:00:38,710 - root - INFO - related_stock_287_英洛华                   False                    True
2026-03-25 02:00:38,710 - root - INFO - 
2026-03-25 02:00:38,710 - root - INFO -                         related_stock_178_万马股份  related_stock_179_易事特  \
2026-03-25 02:00:38,710 - root - INFO - 宁德时代                                     False                  False
2026-03-25 02:00:38,710 - root - INFO - market_data_1_上证综指                       False                  False
2026-03-25 02:00:38,710 - root - INFO - market_data_2_深证成指                       False                  False
2026-03-25 02:00:38,710 - root - INFO - market_data_3_创业板指                       False                  False
2026-03-25 02:00:38,710 - root - INFO - related_stock_1_中兴通讯                     False                  False
2026-03-25 02:00:38,710 - root - INFO - ...                                        ...                    ...
2026-03-25 02:00:38,710 - root - INFO - related_stock_283_天通股份                   False                  False
2026-03-25 02:00:38,710 - root - INFO - related_stock_284_北矿科技                   False                  False
2026-03-25 02:00:38,710 - root - INFO - related_stock_285_中钢天源                   False                  False
2026-03-25 02:00:38,711 - root - INFO - related_stock_286_安泰科技                   False                  False
2026-03-25 02:00:38,711 - root - INFO - related_stock_287_英洛华                    False                  False
2026-03-25 02:00:38,711 - root - INFO - 
2026-03-25 02:00:38,711 - root - INFO -                         related_stock_180_中恒电气  related_stock_181_动力源  \
2026-03-25 02:00:38,711 - root - INFO - 宁德时代                                      True                  False
2026-03-25 02:00:38,711 - root - INFO - market_data_1_上证综指                       False                  False
2026-03-25 02:00:38,711 - root - INFO - market_data_2_深证成指                        True                  False
2026-03-25 02:00:38,711 - root - INFO - market_data_3_创业板指                        True                  False
2026-03-25 02:00:38,711 - root - INFO - related_stock_1_中兴通讯                     False                  False
2026-03-25 02:00:38,711 - root - INFO - ...                                        ...                    ...
2026-03-25 02:00:38,711 - root - INFO - related_stock_283_天通股份                    True                  False
2026-03-25 02:00:38,711 - root - INFO - related_stock_284_北矿科技                   False                  False
2026-03-25 02:00:38,711 - root - INFO - related_stock_285_中钢天源                   False                  False
2026-03-25 02:00:38,711 - root - INFO - related_stock_286_安泰科技                   False                  False
2026-03-25 02:00:38,711 - root - INFO - related_stock_287_英洛华                    False                   True
2026-03-25 02:00:38,711 - root - INFO - 
2026-03-25 02:00:38,712 - root - INFO -                         related_stock_182_国电南瑞  related_stock_183_金力永磁  \
2026-03-25 02:00:38,712 - root - INFO - 宁德时代                                     False                   False
2026-03-25 02:00:38,712 - root - INFO - market_data_1_上证综指                       False                   False
2026-03-25 02:00:38,712 - root - INFO - market_data_2_深证成指                       False                   False
2026-03-25 02:00:38,712 - root - INFO - market_data_3_创业板指                       False                   False
2026-03-25 02:00:38,712 - root - INFO - related_stock_1_中兴通讯                     False                   False
2026-03-25 02:00:38,712 - root - INFO - ...                                        ...                     ...
2026-03-25 02:00:38,712 - root - INFO - related_stock_283_天通股份                   False                   False
2026-03-25 02:00:38,712 - root - INFO - related_stock_284_北矿科技                   False                    True
2026-03-25 02:00:38,712 - root - INFO - related_stock_285_中钢天源                   False                   False
2026-03-25 02:00:38,712 - root - INFO - related_stock_286_安泰科技                   False                   False
2026-03-25 02:00:38,712 - root - INFO - related_stock_287_英洛华                    False                    True
2026-03-25 02:00:38,712 - root - INFO - 
2026-03-25 02:00:38,712 - root - INFO -                         related_stock_184_TCL中环  related_stock_185_爱旭股份  \
2026-03-25 02:00:38,712 - root - INFO - 宁德时代                                       True                   False
2026-03-25 02:00:38,712 - root - INFO - market_data_1_上证综指                        False                   False
2026-03-25 02:00:38,713 - root - INFO - market_data_2_深证成指                         True                   False
2026-03-25 02:00:38,713 - root - INFO - market_data_3_创业板指                         True                   False
2026-03-25 02:00:38,713 - root - INFO - related_stock_1_中兴通讯                       True                   False
2026-03-25 02:00:38,713 - root - INFO - ...                                         ...                     ...
2026-03-25 02:00:38,713 - root - INFO - related_stock_283_天通股份                    False                   False
2026-03-25 02:00:38,713 - root - INFO - related_stock_284_北矿科技                    False                   False
2026-03-25 02:00:38,713 - root - INFO - related_stock_285_中钢天源                    False                    True
2026-03-25 02:00:38,713 - root - INFO - related_stock_286_安泰科技                    False                   False
2026-03-25 02:00:38,713 - root - INFO - related_stock_287_英洛华                     False                   False
2026-03-25 02:00:38,713 - root - INFO - 
2026-03-25 02:00:38,713 - root - INFO -                         related_stock_186_中来股份  related_stock_187_韦尔股份  \
2026-03-25 02:00:38,713 - root - INFO - 宁德时代                                     False                   False
2026-03-25 02:00:38,713 - root - INFO - market_data_1_上证综指                       False                   False
2026-03-25 02:00:38,713 - root - INFO - market_data_2_深证成指                       False                   False
2026-03-25 02:00:38,713 - root - INFO - market_data_3_创业板指                        True                   False
2026-03-25 02:00:38,713 - root - INFO - related_stock_1_中兴通讯                     False                   False
2026-03-25 02:00:38,713 - root - INFO - ...                                        ...                     ...
2026-03-25 02:00:38,714 - root - INFO - related_stock_283_天通股份                   False                   False
2026-03-25 02:00:38,714 - root - INFO - related_stock_284_北矿科技                   False                   False
2026-03-25 02:00:38,714 - root - INFO - related_stock_285_中钢天源                   False                   False
2026-03-25 02:00:38,714 - root - INFO - related_stock_286_安泰科技                   False                   False
2026-03-25 02:00:38,714 - root - INFO - related_stock_287_英洛华                    False                   False
2026-03-25 02:00:38,714 - root - INFO - 
2026-03-25 02:00:38,714 - root - INFO -                         related_stock_188_北京君正  related_stock_189_圣邦股份  \
2026-03-25 02:00:38,714 - root - INFO - 宁德时代                                     False                   False
2026-03-25 02:00:38,714 - root - INFO - market_data_1_上证综指                        True                   False
2026-03-25 02:00:38,714 - root - INFO - market_data_2_深证成指                        True                   False
2026-03-25 02:00:38,714 - root - INFO - market_data_3_创业板指                        True                   False
2026-03-25 02:00:38,714 - root - INFO - related_stock_1_中兴通讯                      True                   False
2026-03-25 02:00:38,714 - root - INFO - ...                                        ...                     ...
2026-03-25 02:00:38,714 - root - INFO - related_stock_283_天通股份                    True                   False
2026-03-25 02:00:38,714 - root - INFO - related_stock_284_北矿科技                   False                   False
2026-03-25 02:00:38,714 - root - INFO - related_stock_285_中钢天源                    True                   False
2026-03-25 02:00:38,715 - root - INFO - related_stock_286_安泰科技                    True                   False
2026-03-25 02:00:38,715 - root - INFO - related_stock_287_英洛华                    False                   False
2026-03-25 02:00:38,715 - root - INFO - 
2026-03-25 02:00:38,715 - root - INFO -                         related_stock_190_骆驼股份  related_stock_191_雄韬股份  \
2026-03-25 02:00:38,715 - root - INFO - 宁德时代                                     False                    True
2026-03-25 02:00:38,715 - root - INFO - market_data_1_上证综指                       False                   False
2026-03-25 02:00:38,715 - root - INFO - market_data_2_深证成指                       False                   False
2026-03-25 02:00:38,715 - root - INFO - market_data_3_创业板指                       False                   False
2026-03-25 02:00:38,715 - root - INFO - related_stock_1_中兴通讯                     False                   False
2026-03-25 02:00:38,715 - root - INFO - ...                                        ...                     ...
2026-03-25 02:00:38,715 - root - INFO - related_stock_283_天通股份                    True                   False
2026-03-25 02:00:38,715 - root - INFO - related_stock_284_北矿科技                   False                   False
2026-03-25 02:00:38,715 - root - INFO - related_stock_285_中钢天源                   False                   False
2026-03-25 02:00:38,715 - root - INFO - related_stock_286_安泰科技                   False                   False
2026-03-25 02:00:38,715 - root - INFO - related_stock_287_英洛华                    False                   False
2026-03-25 02:00:38,715 - root - INFO - 
2026-03-25 02:00:38,715 - root - INFO -                         related_stock_192_科力远  related_stock_193_欣旺达  \
2026-03-25 02:00:38,716 - root - INFO - 宁德时代                                    False                  False
2026-03-25 02:00:38,716 - root - INFO - market_data_1_上证综指                      False                  False
2026-03-25 02:00:38,716 - root - INFO - market_data_2_深证成指                      False                  False
2026-03-25 02:00:38,716 - root - INFO - market_data_3_创业板指                      False                  False
2026-03-25 02:00:38,716 - root - INFO - related_stock_1_中兴通讯                    False                  False
2026-03-25 02:00:38,716 - root - INFO - ...                                       ...                    ...
2026-03-25 02:00:38,716 - root - INFO - related_stock_283_天通股份                  False                  False
2026-03-25 02:00:38,716 - root - INFO - related_stock_284_北矿科技                  False                  False
2026-03-25 02:00:38,716 - root - INFO - related_stock_285_中钢天源                  False                  False
2026-03-25 02:00:38,716 - root - INFO - related_stock_286_安泰科技                  False                  False
2026-03-25 02:00:38,716 - root - INFO - related_stock_287_英洛华                   False                  False
2026-03-25 02:00:38,716 - root - INFO - 
2026-03-25 02:00:38,716 - root - INFO -                         related_stock_194_德赛电池  related_stock_195_蔚蓝锂芯  \
2026-03-25 02:00:38,716 - root - INFO - 宁德时代                                     False                   False
2026-03-25 02:00:38,716 - root - INFO - market_data_1_上证综指                       False                   False
2026-03-25 02:00:38,716 - root - INFO - market_data_2_深证成指                       False                   False
2026-03-25 02:00:38,716 - root - INFO - market_data_3_创业板指                       False                   False
2026-03-25 02:00:38,717 - root - INFO - related_stock_1_中兴通讯                     False                   False
2026-03-25 02:00:38,717 - root - INFO - ...                                        ...                     ...
2026-03-25 02:00:38,717 - root - INFO - related_stock_283_天通股份                   False                   False
2026-03-25 02:00:38,717 - root - INFO - related_stock_284_北矿科技                   False                   False
2026-03-25 02:00:38,717 - root - INFO - related_stock_285_中钢天源                   False                   False
2026-03-25 02:00:38,717 - root - INFO - related_stock_286_安泰科技                   False                   False
2026-03-25 02:00:38,717 - root - INFO - related_stock_287_英洛华                    False                   False
2026-03-25 02:00:38,717 - root - INFO - 
2026-03-25 02:00:38,717 - root - INFO -                         related_stock_196_远东股份  related_stock_197_东方电气  \
2026-03-25 02:00:38,717 - root - INFO - 宁德时代                                      True                   False
2026-03-25 02:00:38,717 - root - INFO - market_data_1_上证综指                        True                   False
2026-03-25 02:00:38,717 - root - INFO - market_data_2_深证成指                        True                    True
2026-03-25 02:00:38,717 - root - INFO - market_data_3_创业板指                        True                    True
2026-03-25 02:00:38,717 - root - INFO - related_stock_1_中兴通讯                     False                   False
2026-03-25 02:00:38,717 - root - INFO - ...                                        ...                     ...
2026-03-25 02:00:38,717 - root - INFO - related_stock_283_天通股份                    True                   False
2026-03-25 02:00:38,717 - root - INFO - related_stock_284_北矿科技                   False                   False
2026-03-25 02:00:38,718 - root - INFO - related_stock_285_中钢天源                    True                   False
2026-03-25 02:00:38,718 - root - INFO - related_stock_286_安泰科技                   False                   False
2026-03-25 02:00:38,718 - root - INFO - related_stock_287_英洛华                    False                   False
2026-03-25 02:00:38,718 - root - INFO - 
2026-03-25 02:00:38,718 - root - INFO -                         related_stock_198_天顺风能  related_stock_199_日月股份  \
2026-03-25 02:00:38,718 - root - INFO - 宁德时代                                     False                   False
2026-03-25 02:00:38,718 - root - INFO - market_data_1_上证综指                       False                   False
2026-03-25 02:00:38,718 - root - INFO - market_data_2_深证成指                       False                   False
2026-03-25 02:00:38,718 - root - INFO - market_data_3_创业板指                       False                   False
2026-03-25 02:00:38,718 - root - INFO - related_stock_1_中兴通讯                     False                   False
2026-03-25 02:00:38,718 - root - INFO - ...                                        ...                     ...
2026-03-25 02:00:38,718 - root - INFO - related_stock_283_天通股份                   False                   False
2026-03-25 02:00:38,718 - root - INFO - related_stock_284_北矿科技                   False                   False
2026-03-25 02:00:38,718 - root - INFO - related_stock_285_中钢天源                   False                   False
2026-03-25 02:00:38,718 - root - INFO - related_stock_286_安泰科技                   False                   False
2026-03-25 02:00:38,718 - root - INFO - related_stock_287_英洛华                    False                    True
2026-03-25 02:00:38,718 - root - INFO - 
2026-03-25 02:00:38,719 - root - INFO -                         related_stock_200_金雷股份  related_stock_201_节能风电  \
2026-03-25 02:00:38,719 - root - INFO - 宁德时代                                     False                   False
2026-03-25 02:00:38,719 - root - INFO - market_data_1_上证综指                       False                   False
2026-03-25 02:00:38,719 - root - INFO - market_data_2_深证成指                       False                   False
2026-03-25 02:00:38,719 - root - INFO - market_data_3_创业板指                       False                   False
2026-03-25 02:00:38,719 - root - INFO - related_stock_1_中兴通讯                     False                   False
2026-03-25 02:00:38,719 - root - INFO - ...                                        ...                     ...
2026-03-25 02:00:38,719 - root - INFO - related_stock_283_天通股份                   False                   False
2026-03-25 02:00:38,719 - root - INFO - related_stock_284_北矿科技                   False                   False
2026-03-25 02:00:38,719 - root - INFO - related_stock_285_中钢天源                    True                   False
2026-03-25 02:00:38,719 - root - INFO - related_stock_286_安泰科技                   False                   False
2026-03-25 02:00:38,719 - root - INFO - related_stock_287_英洛华                    False                   False
2026-03-25 02:00:38,719 - root - INFO - 
2026-03-25 02:00:38,719 - root - INFO -                         related_stock_202_美锦能源  related_stock_203_英维克  \
2026-03-25 02:00:38,719 - root - INFO - 宁德时代                                     False                  False
2026-03-25 02:00:38,719 - root - INFO - market_data_1_上证综指                       False                  False
2026-03-25 02:00:38,719 - root - INFO - market_data_2_深证成指                       False                  False
2026-03-25 02:00:38,719 - root - INFO - market_data_3_创业板指                       False                  False
2026-03-25 02:00:38,719 - root - INFO - related_stock_1_中兴通讯                     False                  False
2026-03-25 02:00:38,719 - root - INFO - ...                                        ...                    ...
2026-03-25 02:00:38,719 - root - INFO - related_stock_283_天通股份                   False                  False
2026-03-25 02:00:38,720 - root - INFO - related_stock_284_北矿科技                   False                  False
2026-03-25 02:00:38,720 - root - INFO - related_stock_285_中钢天源                   False                  False
2026-03-25 02:00:38,720 - root - INFO - related_stock_286_安泰科技                   False                  False
2026-03-25 02:00:38,720 - root - INFO - related_stock_287_英洛华                    False                  False
2026-03-25 02:00:38,720 - root - INFO - 
2026-03-25 02:00:38,720 - root - INFO -                         related_stock_204_中鼎股份  related_stock_205_科达制造  \
2026-03-25 02:00:38,720 - root - INFO - 宁德时代                                     False                    True
2026-03-25 02:00:38,720 - root - INFO - market_data_1_上证综指                       False                   False
2026-03-25 02:00:38,720 - root - INFO - market_data_2_深证成指                       False                   False
2026-03-25 02:00:38,720 - root - INFO - market_data_3_创业板指                       False                   False
2026-03-25 02:00:38,720 - root - INFO - related_stock_1_中兴通讯                     False                   False
2026-03-25 02:00:38,720 - root - INFO - ...                                        ...                     ...
2026-03-25 02:00:38,720 - root - INFO - related_stock_283_天通股份                   False                   False
2026-03-25 02:00:38,720 - root - INFO - related_stock_284_北矿科技                   False                   False
2026-03-25 02:00:38,720 - root - INFO - related_stock_285_中钢天源                   False                   False
2026-03-25 02:00:38,720 - root - INFO - related_stock_286_安泰科技                   False                   False
2026-03-25 02:00:38,720 - root - INFO - related_stock_287_英洛华                    False                   False
2026-03-25 02:00:38,720 - root - INFO - 
2026-03-25 02:00:38,720 - root - INFO -                         related_stock_206_藏格矿业  related_stock_207_贤丰控股  \
2026-03-25 02:00:38,720 - root - INFO - 宁德时代                                      True                   False
2026-03-25 02:00:38,720 - root - INFO - market_data_1_上证综指                       False                   False
2026-03-25 02:00:38,720 - root - INFO - market_data_2_深证成指                       False                   False
2026-03-25 02:00:38,720 - root - INFO - market_data_3_创业板指                       False                   False
2026-03-25 02:00:38,721 - root - INFO - related_stock_1_中兴通讯                     False                   False
2026-03-25 02:00:38,721 - root - INFO - ...                                        ...                     ...
2026-03-25 02:00:38,721 - root - INFO - related_stock_283_天通股份                   False                   False
2026-03-25 02:00:38,721 - root - INFO - related_stock_284_北矿科技                   False                   False
2026-03-25 02:00:38,721 - root - INFO - related_stock_285_中钢天源                   False                   False
2026-03-25 02:00:38,721 - root - INFO - related_stock_286_安泰科技                   False                   False
2026-03-25 02:00:38,721 - root - INFO - related_stock_287_英洛华                    False                   False
2026-03-25 02:00:38,721 - root - INFO - 
2026-03-25 02:00:38,721 - root - INFO -                         related_stock_208_金圆股份  related_stock_209_鞍重股份  \
2026-03-25 02:00:38,721 - root - INFO - 宁德时代                                     False                   False
2026-03-25 02:00:38,721 - root - INFO - market_data_1_上证综指                       False                   False
2026-03-25 02:00:38,721 - root - INFO - market_data_2_深证成指                       False                   False
2026-03-25 02:00:38,721 - root - INFO - market_data_3_创业板指                       False                   False
2026-03-25 02:00:38,721 - root - INFO - related_stock_1_中兴通讯                     False                   False
2026-03-25 02:00:38,721 - root - INFO - ...                                        ...                     ...
2026-03-25 02:00:38,721 - root - INFO - related_stock_283_天通股份                   False                   False
2026-03-25 02:00:38,721 - root - INFO - related_stock_284_北矿科技                   False                   False
2026-03-25 02:00:38,721 - root - INFO - related_stock_285_中钢天源                   False                   False
2026-03-25 02:00:38,721 - root - INFO - related_stock_286_安泰科技                   False                   False
2026-03-25 02:00:38,721 - root - INFO - related_stock_287_英洛华                    False                   False
2026-03-25 02:00:38,721 - root - INFO - 
2026-03-25 02:00:38,721 - root - INFO -                         related_stock_210_万里石  related_stock_211_吉翔股份  \
2026-03-25 02:00:38,721 - root - INFO - 宁德时代                                    False                   False
2026-03-25 02:00:38,721 - root - INFO - market_data_1_上证综指                      False                   False
2026-03-25 02:00:38,722 - root - INFO - market_data_2_深证成指                      False                   False
2026-03-25 02:00:38,722 - root - INFO - market_data_3_创业板指                      False                   False
2026-03-25 02:00:38,722 - root - INFO - related_stock_1_中兴通讯                    False                   False
2026-03-25 02:00:38,722 - root - INFO - ...                                       ...                     ...
2026-03-25 02:00:38,722 - root - INFO - related_stock_283_天通股份                  False                   False
2026-03-25 02:00:38,722 - root - INFO - related_stock_284_北矿科技                  False                   False
2026-03-25 02:00:38,722 - root - INFO - related_stock_285_中钢天源                  False                   False
2026-03-25 02:00:38,722 - root - INFO - related_stock_286_安泰科技                  False                   False
2026-03-25 02:00:38,722 - root - INFO - related_stock_287_英洛华                   False                   False
2026-03-25 02:00:38,722 - root - INFO - 
2026-03-25 02:00:38,722 - root - INFO -                         related_stock_212_康隆达  related_stock_213_中国中冶  \
2026-03-25 02:00:38,722 - root - INFO - 宁德时代                                     True                   False
2026-03-25 02:00:38,722 - root - INFO - market_data_1_上证综指                       True                   False
2026-03-25 02:00:38,722 - root - INFO - market_data_2_深证成指                       True                   False
2026-03-25 02:00:38,722 - root - INFO - market_data_3_创业板指                       True                   False
2026-03-25 02:00:38,722 - root - INFO - related_stock_1_中兴通讯                    False                   False
2026-03-25 02:00:38,722 - root - INFO - ...                                       ...                     ...
2026-03-25 02:00:38,722 - root - INFO - related_stock_283_天通股份                  False                   False
2026-03-25 02:00:38,722 - root - INFO - related_stock_284_北矿科技                  False                    True
2026-03-25 02:00:38,722 - root - INFO - related_stock_285_中钢天源                  False                   False
2026-03-25 02:00:38,722 - root - INFO - related_stock_286_安泰科技                  False                   False
2026-03-25 02:00:38,722 - root - INFO - related_stock_287_英洛华                   False                   False
2026-03-25 02:00:38,722 - root - INFO - 
2026-03-25 02:00:38,723 - root - INFO -                         related_stock_214_鹏欣资源  related_stock_215_合纵科技  \
2026-03-25 02:00:38,723 - root - INFO - 宁德时代                                     False                   False
2026-03-25 02:00:38,723 - root - INFO - market_data_1_上证综指                       False                   False
2026-03-25 02:00:38,723 - root - INFO - market_data_2_深证成指                       False                    True
2026-03-25 02:00:38,723 - root - INFO - market_data_3_创业板指                       False                    True
2026-03-25 02:00:38,723 - root - INFO - related_stock_1_中兴通讯                     False                   False
2026-03-25 02:00:38,723 - root - INFO - ...                                        ...                     ...
2026-03-25 02:00:38,723 - root - INFO - related_stock_283_天通股份                   False                   False
2026-03-25 02:00:38,723 - root - INFO - related_stock_284_北矿科技                   False                   False
2026-03-25 02:00:38,723 - root - INFO - related_stock_285_中钢天源                   False                   False
2026-03-25 02:00:38,723 - root - INFO - related_stock_286_安泰科技                   False                   False
2026-03-25 02:00:38,723 - root - INFO - related_stock_287_英洛华                    False                   False
2026-03-25 02:00:38,723 - root - INFO - 
2026-03-25 02:00:38,723 - root - INFO -                         related_stock_216_百川股份  related_stock_217_易成新能  \
2026-03-25 02:00:38,723 - root - INFO - 宁德时代                                     False                   False
2026-03-25 02:00:38,723 - root - INFO - market_data_1_上证综指                       False                   False
2026-03-25 02:00:38,723 - root - INFO - market_data_2_深证成指                       False                   False
2026-03-25 02:00:38,723 - root - INFO - market_data_3_创业板指                       False                   False
2026-03-25 02:00:38,723 - root - INFO - related_stock_1_中兴通讯                     False                   False
2026-03-25 02:00:38,723 - root - INFO - ...                                        ...                     ...
2026-03-25 02:00:38,723 - root - INFO - related_stock_283_天通股份                   False                   False
2026-03-25 02:00:38,723 - root - INFO - related_stock_284_北矿科技                   False                    True
2026-03-25 02:00:38,723 - root - INFO - related_stock_285_中钢天源                   False                   False
2026-03-25 02:00:38,724 - root - INFO - related_stock_286_安泰科技                   False                   False
2026-03-25 02:00:38,724 - root - INFO - related_stock_287_英洛华                    False                   False
2026-03-25 02:00:38,724 - root - INFO - 
2026-03-25 02:00:38,724 - root - INFO -                         related_stock_218_恒力石化  related_stock_219_江苏国泰  \
2026-03-25 02:00:38,724 - root - INFO - 宁德时代                                     False                    True
2026-03-25 02:00:38,724 - root - INFO - market_data_1_上证综指                       False                   False
2026-03-25 02:00:38,724 - root - INFO - market_data_2_深证成指                       False                   False
2026-03-25 02:00:38,724 - root - INFO - market_data_3_创业板指                       False                    True
2026-03-25 02:00:38,724 - root - INFO - related_stock_1_中兴通讯                     False                   False
2026-03-25 02:00:38,724 - root - INFO - ...                                        ...                     ...
2026-03-25 02:00:38,724 - root - INFO - related_stock_283_天通股份                   False                   False
2026-03-25 02:00:38,724 - root - INFO - related_stock_284_北矿科技                   False                   False
2026-03-25 02:00:38,724 - root - INFO - related_stock_285_中钢天源                   False                   False
2026-03-25 02:00:38,724 - root - INFO - related_stock_286_安泰科技                   False                   False
2026-03-25 02:00:38,724 - root - INFO - related_stock_287_英洛华                    False                   False
2026-03-25 02:00:38,724 - root - INFO - 
2026-03-25 02:00:38,724 - root - INFO -                         related_stock_220_铜陵有色  related_stock_221_华自科技  \
2026-03-25 02:00:38,724 - root - INFO - 宁德时代                                     False                   False
2026-03-25 02:00:38,724 - root - INFO - market_data_1_上证综指                       False                   False
2026-03-25 02:00:38,724 - root - INFO - market_data_2_深证成指                        True                   False
2026-03-25 02:00:38,724 - root - INFO - market_data_3_创业板指                        True                   False
2026-03-25 02:00:38,724 - root - INFO - related_stock_1_中兴通讯                     False                   False
2026-03-25 02:00:38,725 - root - INFO - ...                                        ...                     ...
2026-03-25 02:00:38,725 - root - INFO - related_stock_283_天通股份                   False                   False
2026-03-25 02:00:38,725 - root - INFO - related_stock_284_北矿科技                    True                   False
2026-03-25 02:00:38,725 - root - INFO - related_stock_285_中钢天源                    True                   False
2026-03-25 02:00:38,725 - root - INFO - related_stock_286_安泰科技                    True                   False
2026-03-25 02:00:38,725 - root - INFO - related_stock_287_英洛华                     True                   False
2026-03-25 02:00:38,725 - root - INFO - 
2026-03-25 02:00:38,725 - root - INFO -                         related_stock_222_一汽解放  related_stock_223_中国重汽  \
2026-03-25 02:00:38,725 - root - INFO - 宁德时代                                     False                   False
2026-03-25 02:00:38,725 - root - INFO - market_data_1_上证综指                       False                   False
2026-03-25 02:00:38,725 - root - INFO - market_data_2_深证成指                       False                   False
2026-03-25 02:00:38,725 - root - INFO - market_data_3_创业板指                       False                   False
2026-03-25 02:00:38,725 - root - INFO - related_stock_1_中兴通讯                     False                   False
2026-03-25 02:00:38,725 - root - INFO - ...                                        ...                     ...
2026-03-25 02:00:38,725 - root - INFO - related_stock_283_天通股份                   False                    True
2026-03-25 02:00:38,725 - root - INFO - related_stock_284_北矿科技                   False                   False
2026-03-25 02:00:38,725 - root - INFO - related_stock_285_中钢天源                    True                   False
2026-03-25 02:00:38,725 - root - INFO - related_stock_286_安泰科技                   False                   False
2026-03-25 02:00:38,725 - root - INFO - related_stock_287_英洛华                    False                    True
2026-03-25 02:00:38,725 - root - INFO - 
2026-03-25 02:00:38,725 - root - INFO -                         related_stock_224_福田汽车  related_stock_225_江铃汽车  \
2026-03-25 02:00:38,725 - root - INFO - 宁德时代                                     False                   False
2026-03-25 02:00:38,725 - root - INFO - market_data_1_上证综指                       False                   False
2026-03-25 02:00:38,726 - root - INFO - market_data_2_深证成指                       False                   False
2026-03-25 02:00:38,726 - root - INFO - market_data_3_创业板指                       False                   False
2026-03-25 02:00:38,726 - root - INFO - related_stock_1_中兴通讯                     False                   False
2026-03-25 02:00:38,726 - root - INFO - ...                                        ...                     ...
2026-03-25 02:00:38,726 - root - INFO - related_stock_283_天通股份                   False                   False
2026-03-25 02:00:38,726 - root - INFO - related_stock_284_北矿科技                    True                   False
2026-03-25 02:00:38,726 - root - INFO - related_stock_285_中钢天源                   False                   False
2026-03-25 02:00:38,726 - root - INFO - related_stock_286_安泰科技                    True                   False
2026-03-25 02:00:38,726 - root - INFO - related_stock_287_英洛华                     True                   False
2026-03-25 02:00:38,726 - root - INFO - 
2026-03-25 02:00:38,726 - root - INFO -                         related_stock_226_金龙汽车  related_stock_227_中通客车  \
2026-03-25 02:00:38,726 - root - INFO - 宁德时代                                     False                   False
2026-03-25 02:00:38,726 - root - INFO - market_data_1_上证综指                       False                   False
2026-03-25 02:00:38,726 - root - INFO - market_data_2_深证成指                       False                   False
2026-03-25 02:00:38,726 - root - INFO - market_data_3_创业板指                       False                   False
2026-03-25 02:00:38,726 - root - INFO - related_stock_1_中兴通讯                     False                   False
2026-03-25 02:00:38,726 - root - INFO - ...                                        ...                     ...
2026-03-25 02:00:38,726 - root - INFO - related_stock_283_天通股份                   False                   False
2026-03-25 02:00:38,726 - root - INFO - related_stock_284_北矿科技                   False                   False
2026-03-25 02:00:38,726 - root - INFO - related_stock_285_中钢天源                   False                    True
2026-03-25 02:00:38,726 - root - INFO - related_stock_286_安泰科技                   False                   False
2026-03-25 02:00:38,726 - root - INFO - related_stock_287_英洛华                    False                   False
2026-03-25 02:00:38,727 - root - INFO - 
2026-03-25 02:00:38,727 - root - INFO -                         related_stock_228_宇通客车  related_stock_229_银河磁体  \
2026-03-25 02:00:38,727 - root - INFO - 宁德时代                                     False                   False
2026-03-25 02:00:38,727 - root - INFO - market_data_1_上证综指                       False                   False
2026-03-25 02:00:38,727 - root - INFO - market_data_2_深证成指                       False                   False
2026-03-25 02:00:38,727 - root - INFO - market_data_3_创业板指                       False                   False
2026-03-25 02:00:38,727 - root - INFO - related_stock_1_中兴通讯                     False                   False
2026-03-25 02:00:38,727 - root - INFO - ...                                        ...                     ...
2026-03-25 02:00:38,727 - root - INFO - related_stock_283_天通股份                   False                   False
2026-03-25 02:00:38,727 - root - INFO - related_stock_284_北矿科技                   False                   False
2026-03-25 02:00:38,727 - root - INFO - related_stock_285_中钢天源                   False                   False
2026-03-25 02:00:38,727 - root - INFO - related_stock_286_安泰科技                   False                   False
2026-03-25 02:00:38,727 - root - INFO - related_stock_287_英洛华                    False                   False
2026-03-25 02:00:38,727 - root - INFO - 
2026-03-25 02:00:38,727 - root - INFO -                         related_stock_230_许继电气  related_stock_231_国电南自  \
2026-03-25 02:00:38,727 - root - INFO - 宁德时代                                      True                    True
2026-03-25 02:00:38,727 - root - INFO - market_data_1_上证综指                       False                    True
2026-03-25 02:00:38,727 - root - INFO - market_data_2_深证成指                       False                   False
2026-03-25 02:00:38,727 - root - INFO - market_data_3_创业板指                       False                   False
2026-03-25 02:00:38,727 - root - INFO - related_stock_1_中兴通讯                     False                   False
2026-03-25 02:00:38,727 - root - INFO - ...                                        ...                     ...
2026-03-25 02:00:38,727 - root - INFO - related_stock_283_天通股份                   False                   False
2026-03-25 02:00:38,728 - root - INFO - related_stock_284_北矿科技                   False                   False
2026-03-25 02:00:38,728 - root - INFO - related_stock_285_中钢天源                   False                   False
2026-03-25 02:00:38,728 - root - INFO - related_stock_286_安泰科技                   False                   False
2026-03-25 02:00:38,728 - root - INFO - related_stock_287_英洛华                    False                   False
2026-03-25 02:00:38,728 - root - INFO - 
2026-03-25 02:00:38,728 - root - INFO -                         related_stock_232_思源电气  related_stock_233_科林电气  \
2026-03-25 02:00:38,728 - root - INFO - 宁德时代                                      True                   False
2026-03-25 02:00:38,728 - root - INFO - market_data_1_上证综指                       False                   False
2026-03-25 02:00:38,728 - root - INFO - market_data_2_深证成指                       False                   False
2026-03-25 02:00:38,728 - root - INFO - market_data_3_创业板指                       False                   False
2026-03-25 02:00:38,728 - root - INFO - related_stock_1_中兴通讯                     False                   False
2026-03-25 02:00:38,728 - root - INFO - ...                                        ...                     ...
2026-03-25 02:00:38,728 - root - INFO - related_stock_283_天通股份                   False                   False
2026-03-25 02:00:38,728 - root - INFO - related_stock_284_北矿科技                   False                   False
2026-03-25 02:00:38,728 - root - INFO - related_stock_285_中钢天源                   False                   False
2026-03-25 02:00:38,728 - root - INFO - related_stock_286_安泰科技                   False                   False
2026-03-25 02:00:38,728 - root - INFO - related_stock_287_英洛华                    False                   False
2026-03-25 02:00:38,728 - root - INFO - 
2026-03-25 02:00:38,728 - root - INFO -                         related_stock_234_科华数据  related_stock_235_科陆电子  \
2026-03-25 02:00:38,728 - root - INFO - 宁德时代                                     False                   False
2026-03-25 02:00:38,728 - root - INFO - market_data_1_上证综指                        True                   False
2026-03-25 02:00:38,728 - root - INFO - market_data_2_深证成指                        True                   False
2026-03-25 02:00:38,728 - root - INFO - market_data_3_创业板指                        True                   False
2026-03-25 02:00:38,729 - root - INFO - related_stock_1_中兴通讯                     False                   False
2026-03-25 02:00:38,729 - root - INFO - ...                                        ...                     ...
2026-03-25 02:00:38,729 - root - INFO - related_stock_283_天通股份                   False                   False
2026-03-25 02:00:38,729 - root - INFO - related_stock_284_北矿科技                   False                   False
2026-03-25 02:00:38,729 - root - INFO - related_stock_285_中钢天源                   False                   False
2026-03-25 02:00:38,729 - root - INFO - related_stock_286_安泰科技                   False                   False
2026-03-25 02:00:38,729 - root - INFO - related_stock_287_英洛华                    False                   False
2026-03-25 02:00:38,729 - root - INFO - 
2026-03-25 02:00:38,729 - root - INFO -                         related_stock_236_林洋能源  related_stock_237_正泰电器  \
2026-03-25 02:00:38,729 - root - INFO - 宁德时代                                      True                   False
2026-03-25 02:00:38,729 - root - INFO - market_data_1_上证综指                       False                   False
2026-03-25 02:00:38,729 - root - INFO - market_data_2_深证成指                       False                   False
2026-03-25 02:00:38,729 - root - INFO - market_data_3_创业板指                        True                   False
2026-03-25 02:00:38,729 - root - INFO - related_stock_1_中兴通讯                     False                   False
2026-03-25 02:00:38,729 - root - INFO - ...                                        ...                     ...
2026-03-25 02:00:38,729 - root - INFO - related_stock_283_天通股份                   False                   False
2026-03-25 02:00:38,729 - root - INFO - related_stock_284_北矿科技                   False                   False
2026-03-25 02:00:38,729 - root - INFO - related_stock_285_中钢天源                   False                   False
2026-03-25 02:00:38,729 - root - INFO - related_stock_286_安泰科技                   False                   False
2026-03-25 02:00:38,729 - root - INFO - related_stock_287_英洛华                    False                   False
2026-03-25 02:00:38,729 - root - INFO - 
2026-03-25 02:00:38,729 - root - INFO -                         related_stock_238_中颖电子  related_stock_239_全志科技  \
2026-03-25 02:00:38,729 - root - INFO - 宁德时代                                     False                   False
2026-03-25 02:00:38,730 - root - INFO - market_data_1_上证综指                        True                   False
2026-03-25 02:00:38,730 - root - INFO - market_data_2_深证成指                        True                    True
2026-03-25 02:00:38,730 - root - INFO - market_data_3_创业板指                       False                    True
2026-03-25 02:00:38,730 - root - INFO - related_stock_1_中兴通讯                     False                   False
2026-03-25 02:00:38,730 - root - INFO - ...                                        ...                     ...
2026-03-25 02:00:38,730 - root - INFO - related_stock_283_天通股份                   False                   False
2026-03-25 02:00:38,730 - root - INFO - related_stock_284_北矿科技                   False                   False
2026-03-25 02:00:38,730 - root - INFO - related_stock_285_中钢天源                   False                   False
2026-03-25 02:00:38,730 - root - INFO - related_stock_286_安泰科技                   False                   False
2026-03-25 02:00:38,730 - root - INFO - related_stock_287_英洛华                    False                    True
2026-03-25 02:00:38,730 - root - INFO - 
2026-03-25 02:00:38,730 - root - INFO -                         related_stock_240_国民技术  related_stock_241_银轮股份  \
2026-03-25 02:00:38,730 - root - INFO - 宁德时代                                     False                    True
2026-03-25 02:00:38,730 - root - INFO - market_data_1_上证综指                       False                   False
2026-03-25 02:00:38,730 - root - INFO - market_data_2_深证成指                       False                   False
2026-03-25 02:00:38,730 - root - INFO - market_data_3_创业板指                       False                   False
2026-03-25 02:00:38,730 - root - INFO - related_stock_1_中兴通讯                     False                   False
2026-03-25 02:00:38,730 - root - INFO - ...                                        ...                     ...
2026-03-25 02:00:38,730 - root - INFO - related_stock_283_天通股份                   False                   False
2026-03-25 02:00:38,730 - root - INFO - related_stock_284_北矿科技                   False                   False
2026-03-25 02:00:38,730 - root - INFO - related_stock_285_中钢天源                   False                   False
2026-03-25 02:00:38,730 - root - INFO - related_stock_286_安泰科技                   False                   False
2026-03-25 02:00:38,731 - root - INFO - related_stock_287_英洛华                    False                   False
2026-03-25 02:00:38,731 - root - INFO - 
2026-03-25 02:00:38,731 - root - INFO -                         related_stock_242_松芝股份  related_stock_243_科达利  \
2026-03-25 02:00:38,731 - root - INFO - 宁德时代                                     False                  False
2026-03-25 02:00:38,731 - root - INFO - market_data_1_上证综指                       False                  False
2026-03-25 02:00:38,731 - root - INFO - market_data_2_深证成指                       False                  False
2026-03-25 02:00:38,731 - root - INFO - market_data_3_创业板指                       False                  False
2026-03-25 02:00:38,731 - root - INFO - related_stock_1_中兴通讯                     False                  False
2026-03-25 02:00:38,731 - root - INFO - ...                                        ...                    ...
2026-03-25 02:00:38,731 - root - INFO - related_stock_283_天通股份                   False                  False
2026-03-25 02:00:38,731 - root - INFO - related_stock_284_北矿科技                   False                  False
2026-03-25 02:00:38,731 - root - INFO - related_stock_285_中钢天源                   False                  False
2026-03-25 02:00:38,731 - root - INFO - related_stock_286_安泰科技                   False                  False
2026-03-25 02:00:38,731 - root - INFO - related_stock_287_英洛华                    False                  False
2026-03-25 02:00:38,731 - root - INFO - 
2026-03-25 02:00:38,731 - root - INFO -                         related_stock_244_中航光电  related_stock_245_得润电子  \
2026-03-25 02:00:38,731 - root - INFO - 宁德时代                                     False                   False
2026-03-25 02:00:38,731 - root - INFO - market_data_1_上证综指                       False                   False
2026-03-25 02:00:38,731 - root - INFO - market_data_2_深证成指                       False                   False
2026-03-25 02:00:38,731 - root - INFO - market_data_3_创业板指                       False                   False
2026-03-25 02:00:38,731 - root - INFO - related_stock_1_中兴通讯                     False                   False
2026-03-25 02:00:38,731 - root - INFO - ...                                        ...                     ...
2026-03-25 02:00:38,731 - root - INFO - related_stock_283_天通股份                   False                   False
2026-03-25 02:00:38,732 - root - INFO - related_stock_284_北矿科技                   False                   False
2026-03-25 02:00:38,732 - root - INFO - related_stock_285_中钢天源                   False                   False
2026-03-25 02:00:38,732 - root - INFO - related_stock_286_安泰科技                   False                   False
2026-03-25 02:00:38,732 - root - INFO - related_stock_287_英洛华                    False                   False
2026-03-25 02:00:38,732 - root - INFO - 
2026-03-25 02:00:38,732 - root - INFO -                         related_stock_246_光华科技  related_stock_247_天奇股份  \
2026-03-25 02:00:38,732 - root - INFO - 宁德时代                                     False                   False
2026-03-25 02:00:38,732 - root - INFO - market_data_1_上证综指                       False                   False
2026-03-25 02:00:38,732 - root - INFO - market_data_2_深证成指                       False                   False
2026-03-25 02:00:38,732 - root - INFO - market_data_3_创业板指                       False                   False
2026-03-25 02:00:38,732 - root - INFO - related_stock_1_中兴通讯                     False                   False
2026-03-25 02:00:38,732 - root - INFO - ...                                        ...                     ...
2026-03-25 02:00:38,732 - root - INFO - related_stock_283_天通股份                   False                   False
2026-03-25 02:00:38,732 - root - INFO - related_stock_284_北矿科技                   False                   False
2026-03-25 02:00:38,732 - root - INFO - related_stock_285_中钢天源                   False                    True
2026-03-25 02:00:38,732 - root - INFO - related_stock_286_安泰科技                   False                   False
2026-03-25 02:00:38,732 - root - INFO - related_stock_287_英洛华                     True                   False
2026-03-25 02:00:38,732 - root - INFO - 
2026-03-25 02:00:38,732 - root - INFO -                         related_stock_248_兴发集团  related_stock_249_湖北宜化  \
2026-03-25 02:00:38,732 - root - INFO - 宁德时代                                     False                   False
2026-03-25 02:00:38,732 - root - INFO - market_data_1_上证综指                       False                   False
2026-03-25 02:00:38,732 - root - INFO - market_data_2_深证成指                       False                   False
2026-03-25 02:00:38,732 - root - INFO - market_data_3_创业板指                       False                   False
2026-03-25 02:00:38,732 - root - INFO - related_stock_1_中兴通讯                     False                   False
2026-03-25 02:00:38,733 - root - INFO - ...                                        ...                     ...
2026-03-25 02:00:38,733 - root - INFO - related_stock_283_天通股份                   False                   False
2026-03-25 02:00:38,733 - root - INFO - related_stock_284_北矿科技                   False                   False
2026-03-25 02:00:38,733 - root - INFO - related_stock_285_中钢天源                   False                   False
2026-03-25 02:00:38,733 - root - INFO - related_stock_286_安泰科技                   False                   False
2026-03-25 02:00:38,733 - root - INFO - related_stock_287_英洛华                    False                   False
2026-03-25 02:00:38,733 - root - INFO - 
2026-03-25 02:00:38,733 - root - INFO -                         related_stock_250_新洋丰  related_stock_251_巨化股份  \
2026-03-25 02:00:38,733 - root - INFO - 宁德时代                                    False                   False
2026-03-25 02:00:38,733 - root - INFO - market_data_1_上证综指                      False                   False
2026-03-25 02:00:38,733 - root - INFO - market_data_2_深证成指                      False                   False
2026-03-25 02:00:38,733 - root - INFO - market_data_3_创业板指                      False                   False
2026-03-25 02:00:38,733 - root - INFO - related_stock_1_中兴通讯                    False                   False
2026-03-25 02:00:38,733 - root - INFO - ...                                       ...                     ...
2026-03-25 02:00:38,733 - root - INFO - related_stock_283_天通股份                  False                   False
2026-03-25 02:00:38,733 - root - INFO - related_stock_284_北矿科技                  False                   False
2026-03-25 02:00:38,733 - root - INFO - related_stock_285_中钢天源                  False                   False
2026-03-25 02:00:38,733 - root - INFO - related_stock_286_安泰科技                  False                   False
2026-03-25 02:00:38,733 - root - INFO - related_stock_287_英洛华                   False                   False
2026-03-25 02:00:38,733 - root - INFO - 
2026-03-25 02:00:38,733 - root - INFO -                         related_stock_252_斯莱克  related_stock_253_德新科技  \
2026-03-25 02:00:38,733 - root - INFO - 宁德时代                                    False                   False
2026-03-25 02:00:38,733 - root - INFO - market_data_1_上证综指                      False                   False
2026-03-25 02:00:38,734 - root - INFO - market_data_2_深证成指                      False                   False
2026-03-25 02:00:38,734 - root - INFO - market_data_3_创业板指                      False                   False
2026-03-25 02:00:38,734 - root - INFO - related_stock_1_中兴通讯                    False                   False
2026-03-25 02:00:38,734 - root - INFO - ...                                       ...                     ...
2026-03-25 02:00:38,734 - root - INFO - related_stock_283_天通股份                  False                   False
2026-03-25 02:00:38,734 - root - INFO - related_stock_284_北矿科技                  False                   False
2026-03-25 02:00:38,734 - root - INFO - related_stock_285_中钢天源                  False                   False
2026-03-25 02:00:38,734 - root - INFO - related_stock_286_安泰科技                  False                   False
2026-03-25 02:00:38,734 - root - INFO - related_stock_287_英洛华                   False                   False
2026-03-25 02:00:38,734 - root - INFO - 
2026-03-25 02:00:38,734 - root - INFO -                         related_stock_254_今天国际  related_stock_255_星帅尔  \
2026-03-25 02:00:38,734 - root - INFO - 宁德时代                                      True                  False
2026-03-25 02:00:38,734 - root - INFO - market_data_1_上证综指                        True                  False
2026-03-25 02:00:38,734 - root - INFO - market_data_2_深证成指                        True                  False
2026-03-25 02:00:38,734 - root - INFO - market_data_3_创业板指                        True                  False
2026-03-25 02:00:38,734 - root - INFO - related_stock_1_中兴通讯                     False                  False
2026-03-25 02:00:38,734 - root - INFO - ...                                        ...                    ...
2026-03-25 02:00:38,734 - root - INFO - related_stock_283_天通股份                   False                  False
2026-03-25 02:00:38,734 - root - INFO - related_stock_284_北矿科技                   False                  False
2026-03-25 02:00:38,734 - root - INFO - related_stock_285_中钢天源                   False                  False
2026-03-25 02:00:38,734 - root - INFO - related_stock_286_安泰科技                   False                  False
2026-03-25 02:00:38,734 - root - INFO - related_stock_287_英洛华                     True                  False
2026-03-25 02:00:38,734 - root - INFO - 
2026-03-25 02:00:38,734 - root - INFO -                         related_stock_256_协鑫集成  related_stock_257_上机数控  \
2026-03-25 02:00:38,735 - root - INFO - 宁德时代                                     False                   False
2026-03-25 02:00:38,735 - root - INFO - market_data_1_上证综指                       False                   False
2026-03-25 02:00:38,735 - root - INFO - market_data_2_深证成指                       False                   False
2026-03-25 02:00:38,735 - root - INFO - market_data_3_创业板指                       False                   False
2026-03-25 02:00:38,735 - root - INFO - related_stock_1_中兴通讯                     False                   False
2026-03-25 02:00:38,735 - root - INFO - ...                                        ...                     ...
2026-03-25 02:00:38,735 - root - INFO - related_stock_283_天通股份                   False                   False
2026-03-25 02:00:38,735 - root - INFO - related_stock_284_北矿科技                   False                   False
2026-03-25 02:00:38,735 - root - INFO - related_stock_285_中钢天源                   False                   False
2026-03-25 02:00:38,735 - root - INFO - related_stock_286_安泰科技                   False                   False
2026-03-25 02:00:38,735 - root - INFO - related_stock_287_英洛华                    False                   False
2026-03-25 02:00:38,735 - root - INFO - 
2026-03-25 02:00:38,735 - root - INFO -                         related_stock_258_捷佳伟创  related_stock_259_晶盛机电  \
2026-03-25 02:00:38,735 - root - INFO - 宁德时代                                     False                   False
2026-03-25 02:00:38,735 - root - INFO - market_data_1_上证综指                       False                   False
2026-03-25 02:00:38,735 - root - INFO - market_data_2_深证成指                       False                   False
2026-03-25 02:00:38,735 - root - INFO - market_data_3_创业板指                       False                   False
2026-03-25 02:00:38,735 - root - INFO - related_stock_1_中兴通讯                     False                   False
2026-03-25 02:00:38,735 - root - INFO - ...                                        ...                     ...
2026-03-25 02:00:38,735 - root - INFO - related_stock_283_天通股份                   False                   False
2026-03-25 02:00:38,735 - root - INFO - related_stock_284_北矿科技                   False                   False
2026-03-25 02:00:38,735 - root - INFO - related_stock_285_中钢天源                   False                   False
2026-03-25 02:00:38,735 - root - INFO - related_stock_286_安泰科技                   False                   False
2026-03-25 02:00:38,736 - root - INFO - related_stock_287_英洛华                    False                   False
2026-03-25 02:00:38,736 - root - INFO - 
2026-03-25 02:00:38,736 - root - INFO -                         related_stock_260_金辰股份  related_stock_261_京运通  \
2026-03-25 02:00:38,736 - root - INFO - 宁德时代                                     False                  False
2026-03-25 02:00:38,736 - root - INFO - market_data_1_上证综指                       False                  False
2026-03-25 02:00:38,736 - root - INFO - market_data_2_深证成指                       False                  False
2026-03-25 02:00:38,736 - root - INFO - market_data_3_创业板指                        True                  False
2026-03-25 02:00:38,736 - root - INFO - related_stock_1_中兴通讯                     False                  False
2026-03-25 02:00:38,736 - root - INFO - ...                                        ...                    ...
2026-03-25 02:00:38,736 - root - INFO - related_stock_283_天通股份                   False                  False
2026-03-25 02:00:38,736 - root - INFO - related_stock_284_北矿科技                   False                  False
2026-03-25 02:00:38,736 - root - INFO - related_stock_285_中钢天源                   False                  False
2026-03-25 02:00:38,736 - root - INFO - related_stock_286_安泰科技                   False                  False
2026-03-25 02:00:38,736 - root - INFO - related_stock_287_英洛华                    False                  False
2026-03-25 02:00:38,736 - root - INFO - 
2026-03-25 02:00:38,736 - root - INFO -                         related_stock_262_洛阳玻璃  related_stock_263_南玻A  \
2026-03-25 02:00:38,736 - root - INFO - 宁德时代                                     False                  False
2026-03-25 02:00:38,736 - root - INFO - market_data_1_上证综指                       False                   True
2026-03-25 02:00:38,736 - root - INFO - market_data_2_深证成指                       False                  False
2026-03-25 02:00:38,736 - root - INFO - market_data_3_创业板指                       False                  False
2026-03-25 02:00:38,736 - root - INFO - related_stock_1_中兴通讯                     False                  False
2026-03-25 02:00:38,736 - root - INFO - ...                                        ...                    ...
2026-03-25 02:00:38,736 - root - INFO - related_stock_283_天通股份                   False                  False
2026-03-25 02:00:38,737 - root - INFO - related_stock_284_北矿科技                   False                  False
2026-03-25 02:00:38,737 - root - INFO - related_stock_285_中钢天源                   False                  False
2026-03-25 02:00:38,737 - root - INFO - related_stock_286_安泰科技                   False                  False
2026-03-25 02:00:38,737 - root - INFO - related_stock_287_英洛华                    False                  False
2026-03-25 02:00:38,737 - root - INFO - 
2026-03-25 02:00:38,737 - root - INFO -                         related_stock_264_旗滨集团  related_stock_265_元力股份  \
2026-03-25 02:00:38,737 - root - INFO - 宁德时代                                     False                   False
2026-03-25 02:00:38,737 - root - INFO - market_data_1_上证综指                       False                   False
2026-03-25 02:00:38,737 - root - INFO - market_data_2_深证成指                       False                   False
2026-03-25 02:00:38,737 - root - INFO - market_data_3_创业板指                       False                   False
2026-03-25 02:00:38,737 - root - INFO - related_stock_1_中兴通讯                     False                   False
2026-03-25 02:00:38,737 - root - INFO - ...                                        ...                     ...
2026-03-25 02:00:38,737 - root - INFO - related_stock_283_天通股份                   False                    True
2026-03-25 02:00:38,737 - root - INFO - related_stock_284_北矿科技                   False                   False
2026-03-25 02:00:38,737 - root - INFO - related_stock_285_中钢天源                   False                   False
2026-03-25 02:00:38,737 - root - INFO - related_stock_286_安泰科技                   False                    True
2026-03-25 02:00:38,737 - root - INFO - related_stock_287_英洛华                    False                   False
2026-03-25 02:00:38,737 - root - INFO - 
2026-03-25 02:00:38,737 - root - INFO -                         related_stock_266_中国宝安  related_stock_267_均胜电子  \
2026-03-25 02:00:38,737 - root - INFO - 宁德时代                                     False                    True
2026-03-25 02:00:38,737 - root - INFO - market_data_1_上证综指                       False                   False
2026-03-25 02:00:38,737 - root - INFO - market_data_2_深证成指                       False                   False
2026-03-25 02:00:38,737 - root - INFO - market_data_3_创业板指                       False                   False
2026-03-25 02:00:38,737 - root - INFO - related_stock_1_中兴通讯                     False                   False
2026-03-25 02:00:38,738 - root - INFO - ...                                        ...                     ...
2026-03-25 02:00:38,738 - root - INFO - related_stock_283_天通股份                   False                    True
2026-03-25 02:00:38,738 - root - INFO - related_stock_284_北矿科技                   False                   False
2026-03-25 02:00:38,738 - root - INFO - related_stock_285_中钢天源                   False                   False
2026-03-25 02:00:38,738 - root - INFO - related_stock_286_安泰科技                   False                   False
2026-03-25 02:00:38,738 - root - INFO - related_stock_287_英洛华                    False                   False
2026-03-25 02:00:38,738 - root - INFO - 
2026-03-25 02:00:38,738 - root - INFO -                         related_stock_268_伯特利  related_stock_269_星宇股份  \
2026-03-25 02:00:38,738 - root - INFO - 宁德时代                                    False                   False
2026-03-25 02:00:38,738 - root - INFO - market_data_1_上证综指                      False                   False
2026-03-25 02:00:38,738 - root - INFO - market_data_2_深证成指                      False                   False
2026-03-25 02:00:38,738 - root - INFO - market_data_3_创业板指                      False                   False
2026-03-25 02:00:38,738 - root - INFO - related_stock_1_中兴通讯                    False                   False
2026-03-25 02:00:38,738 - root - INFO - ...                                       ...                     ...
2026-03-25 02:00:38,738 - root - INFO - related_stock_283_天通股份                   True                   False
2026-03-25 02:00:38,738 - root - INFO - related_stock_284_北矿科技                  False                   False
2026-03-25 02:00:38,738 - root - INFO - related_stock_285_中钢天源                  False                   False
2026-03-25 02:00:38,738 - root - INFO - related_stock_286_安泰科技                  False                   False
2026-03-25 02:00:38,738 - root - INFO - related_stock_287_英洛华                   False                   False
2026-03-25 02:00:38,738 - root - INFO - 
2026-03-25 02:00:38,738 - root - INFO -                         related_stock_270_华阳集团  related_stock_271_保隆科技  \
2026-03-25 02:00:38,738 - root - INFO - 宁德时代                                     False                   False
2026-03-25 02:00:38,738 - root - INFO - market_data_1_上证综指                       False                   False
2026-03-25 02:00:38,739 - root - INFO - market_data_2_深证成指                       False                   False
2026-03-25 02:00:38,739 - root - INFO - market_data_3_创业板指                       False                   False
2026-03-25 02:00:38,739 - root - INFO - related_stock_1_中兴通讯                     False                   False
2026-03-25 02:00:38,739 - root - INFO - ...                                        ...                     ...
2026-03-25 02:00:38,739 - root - INFO - related_stock_283_天通股份                    True                   False
2026-03-25 02:00:38,739 - root - INFO - related_stock_284_北矿科技                   False                   False
2026-03-25 02:00:38,739 - root - INFO - related_stock_285_中钢天源                   False                   False
2026-03-25 02:00:38,739 - root - INFO - related_stock_286_安泰科技                   False                    True
2026-03-25 02:00:38,739 - root - INFO - related_stock_287_英洛华                    False                   False
2026-03-25 02:00:38,739 - root - INFO - 
2026-03-25 02:00:38,739 - root - INFO -                         related_stock_272_万向钱潮  related_stock_273_中国动力  \
2026-03-25 02:00:38,739 - root - INFO - 宁德时代                                     False                   False
2026-03-25 02:00:38,739 - root - INFO - market_data_1_上证综指                       False                    True
2026-03-25 02:00:38,739 - root - INFO - market_data_2_深证成指                       False                    True
2026-03-25 02:00:38,739 - root - INFO - market_data_3_创业板指                       False                    True
2026-03-25 02:00:38,739 - root - INFO - related_stock_1_中兴通讯                     False                   False
2026-03-25 02:00:38,739 - root - INFO - ...                                        ...                     ...
2026-03-25 02:00:38,739 - root - INFO - related_stock_283_天通股份                   False                    True
2026-03-25 02:00:38,739 - root - INFO - related_stock_284_北矿科技                   False                   False
2026-03-25 02:00:38,739 - root - INFO - related_stock_285_中钢天源                    True                   False
2026-03-25 02:00:38,739 - root - INFO - related_stock_286_安泰科技                   False                   False
2026-03-25 02:00:38,739 - root - INFO - related_stock_287_英洛华                    False                    True
2026-03-25 02:00:38,739 - root - INFO - 
2026-03-25 02:00:38,740 - root - INFO -                         related_stock_274_圣阳股份  related_stock_275_东方电热  \
2026-03-25 02:00:38,740 - root - INFO - 宁德时代                                      True                   False
2026-03-25 02:00:38,740 - root - INFO - market_data_1_上证综指                       False                   False
2026-03-25 02:00:38,740 - root - INFO - market_data_2_深证成指                       False                   False
2026-03-25 02:00:38,740 - root - INFO - market_data_3_创业板指                        True                   False
2026-03-25 02:00:38,740 - root - INFO - related_stock_1_中兴通讯                     False                   False
2026-03-25 02:00:38,740 - root - INFO - ...                                        ...                     ...
2026-03-25 02:00:38,740 - root - INFO - related_stock_283_天通股份                   False                   False
2026-03-25 02:00:38,740 - root - INFO - related_stock_284_北矿科技                   False                   False
2026-03-25 02:00:38,740 - root - INFO - related_stock_285_中钢天源                   False                   False
2026-03-25 02:00:38,740 - root - INFO - related_stock_286_安泰科技                   False                   False
2026-03-25 02:00:38,740 - root - INFO - related_stock_287_英洛华                    False                   False
2026-03-25 02:00:38,740 - root - INFO - 
2026-03-25 02:00:38,740 - root - INFO -                         related_stock_276_凯中精密  related_stock_277_精达股份  \
2026-03-25 02:00:38,740 - root - INFO - 宁德时代                                     False                   False
2026-03-25 02:00:38,740 - root - INFO - market_data_1_上证综指                       False                   False
2026-03-25 02:00:38,740 - root - INFO - market_data_2_深证成指                       False                   False
2026-03-25 02:00:38,740 - root - INFO - market_data_3_创业板指                       False                    True
2026-03-25 02:00:38,740 - root - INFO - related_stock_1_中兴通讯                     False                   False
2026-03-25 02:00:38,740 - root - INFO - ...                                        ...                     ...
2026-03-25 02:00:38,740 - root - INFO - related_stock_283_天通股份                   False                   False
2026-03-25 02:00:38,740 - root - INFO - related_stock_284_北矿科技                   False                   False
2026-03-25 02:00:38,740 - root - INFO - related_stock_285_中钢天源                   False                   False
2026-03-25 02:00:38,740 - root - INFO - related_stock_286_安泰科技                   False                   False
2026-03-25 02:00:38,741 - root - INFO - related_stock_287_英洛华                    False                    True
2026-03-25 02:00:38,741 - root - INFO - 
2026-03-25 02:00:38,741 - root - INFO -                         related_stock_278_长城科技  related_stock_279_金杯电工  \
2026-03-25 02:00:38,741 - root - INFO - 宁德时代                                     False                   False
2026-03-25 02:00:38,741 - root - INFO - market_data_1_上证综指                       False                   False
2026-03-25 02:00:38,741 - root - INFO - market_data_2_深证成指                       False                    True
2026-03-25 02:00:38,741 - root - INFO - market_data_3_创业板指                        True                    True
2026-03-25 02:00:38,741 - root - INFO - related_stock_1_中兴通讯                     False                   False
2026-03-25 02:00:38,741 - root - INFO - ...                                        ...                     ...
2026-03-25 02:00:38,741 - root - INFO - related_stock_283_天通股份                   False                   False
2026-03-25 02:00:38,741 - root - INFO - related_stock_284_北矿科技                   False                   False
2026-03-25 02:00:38,741 - root - INFO - related_stock_285_中钢天源                   False                   False
2026-03-25 02:00:38,741 - root - INFO - related_stock_286_安泰科技                   False                   False
2026-03-25 02:00:38,741 - root - INFO - related_stock_287_英洛华                    False                   False
2026-03-25 02:00:38,741 - root - INFO - 
2026-03-25 02:00:38,741 - root - INFO -                         related_stock_280_露笑科技  related_stock_281_长园集团  \
2026-03-25 02:00:38,741 - root - INFO - 宁德时代                                     False                   False
2026-03-25 02:00:38,741 - root - INFO - market_data_1_上证综指                       False                   False
2026-03-25 02:00:38,741 - root - INFO - market_data_2_深证成指                       False                   False
2026-03-25 02:00:38,741 - root - INFO - market_data_3_创业板指                       False                   False
2026-03-25 02:00:38,741 - root - INFO - related_stock_1_中兴通讯                     False                   False
2026-03-25 02:00:38,741 - root - INFO - ...                                        ...                     ...
2026-03-25 02:00:38,741 - root - INFO - related_stock_283_天通股份                   False                   False
2026-03-25 02:00:38,742 - root - INFO - related_stock_284_北矿科技                   False                   False
2026-03-25 02:00:38,742 - root - INFO - related_stock_285_中钢天源                   False                   False
2026-03-25 02:00:38,742 - root - INFO - related_stock_286_安泰科技                   False                   False
2026-03-25 02:00:38,742 - root - INFO - related_stock_287_英洛华                     True                    True
2026-03-25 02:00:38,742 - root - INFO - 
2026-03-25 02:00:38,742 - root - INFO -                         related_stock_282_横店东磁  related_stock_283_天通股份  \
2026-03-25 02:00:38,742 - root - INFO - 宁德时代                                     False                   False
2026-03-25 02:00:38,742 - root - INFO - market_data_1_上证综指                        True                    True
2026-03-25 02:00:38,742 - root - INFO - market_data_2_深证成指                        True                    True
2026-03-25 02:00:38,742 - root - INFO - market_data_3_创业板指                       False                    True
2026-03-25 02:00:38,742 - root - INFO - related_stock_1_中兴通讯                     False                   False
2026-03-25 02:00:38,742 - root - INFO - ...                                        ...                     ...
2026-03-25 02:00:38,742 - root - INFO - related_stock_283_天通股份                    True                   False
2026-03-25 02:00:38,742 - root - INFO - related_stock_284_北矿科技                    True                   False
2026-03-25 02:00:38,742 - root - INFO - related_stock_285_中钢天源                   False                   False
2026-03-25 02:00:38,742 - root - INFO - related_stock_286_安泰科技                    True                   False
2026-03-25 02:00:38,742 - root - INFO - related_stock_287_英洛华                     True                   False
2026-03-25 02:00:38,742 - root - INFO - 
2026-03-25 02:00:38,742 - root - INFO -                         related_stock_284_北矿科技  related_stock_285_中钢天源  \
2026-03-25 02:00:38,742 - root - INFO - 宁德时代                                     False                   False
2026-03-25 02:00:38,742 - root - INFO - market_data_1_上证综指                       False                   False
2026-03-25 02:00:38,742 - root - INFO - market_data_2_深证成指                       False                    True
2026-03-25 02:00:38,742 - root - INFO - market_data_3_创业板指                       False                    True
2026-03-25 02:00:38,743 - root - INFO - related_stock_1_中兴通讯                     False                   False
2026-03-25 02:00:38,743 - root - INFO - ...                                        ...                     ...
2026-03-25 02:00:38,743 - root - INFO - related_stock_283_天通股份                   False                   False
2026-03-25 02:00:38,743 - root - INFO - related_stock_284_北矿科技                   False                   False
2026-03-25 02:00:38,743 - root - INFO - related_stock_285_中钢天源                   False                   False
2026-03-25 02:00:38,743 - root - INFO - related_stock_286_安泰科技                   False                   False
2026-03-25 02:00:38,743 - root - INFO - related_stock_287_英洛华                    False                   False
2026-03-25 02:00:38,743 - root - INFO - 
2026-03-25 02:00:38,743 - root - INFO -                         related_stock_286_安泰科技  related_stock_287_英洛华
2026-03-25 02:00:38,743 - root - INFO - 宁德时代                                     False                  False
2026-03-25 02:00:38,743 - root - INFO - market_data_1_上证综指                       False                  False
2026-03-25 02:00:38,743 - root - INFO - market_data_2_深证成指                        True                  False
2026-03-25 02:00:38,743 - root - INFO - market_data_3_创业板指                        True                  False
2026-03-25 02:00:38,743 - root - INFO - related_stock_1_中兴通讯                     False                  False
2026-03-25 02:00:38,743 - root - INFO - ...                                        ...                    ...
2026-03-25 02:00:38,743 - root - INFO - related_stock_283_天通股份                   False                  False
2026-03-25 02:00:38,743 - root - INFO - related_stock_284_北矿科技                    True                   True
2026-03-25 02:00:38,743 - root - INFO - related_stock_285_中钢天源                   False                  False
2026-03-25 02:00:38,743 - root - INFO - related_stock_286_安泰科技                   False                   True
2026-03-25 02:00:38,743 - root - INFO - related_stock_287_英洛华                    False                  False
2026-03-25 02:00:38,743 - root - INFO - 
2026-03-25 02:00:38,743 - root - INFO - [291 rows x 291 columns]
2026-03-25 02:00:38,743 - root - INFO - 影响目标变量的因果变量为：
2026-03-25 02:00:38,744 - root - INFO - ['market_data_1_上证综指', 'market_data_2_深证成指', 'market_data_3_创业板指', 'related_stock_100_长飞光纤', 'related_stock_101_新安股份', 'related_stock_102_绿地控股', 'related_stock_103_福耀玻璃', 'related_stock_104_青岛海尔', 'related_stock_105_祁连山', 'related_stock_106_华域汽车', 'related_stock_107_闻泰科技', 'related_stock_108_浪潮软件', 'related_stock_109_山西汾酒', 'related_stock_10_中科三环', 'related_stock_110_津膜科技', 'related_stock_111_宁波中百', 'related_stock_112_哈投股份', 'related_stock_113_嘉化能源', 'related_stock_114_航天电子', 'related_stock_115_杉杉股份', 'related_stock_116_长江电力', 'related_stock_117_隆基绿能', 'related_stock_118_中国神华', 'related_stock_119_中国铁建', 'related_stock_11_浪潮信息', 'related_stock_120_中国平安', 'related_stock_121_工商银行', 'related_stock_122_中国铝业', 'related_stock_123_长城汽车', 'related_stock_124_中国建筑', 'related_stock_125_中国电建', 'related_stock_126_拓普集团', 'related_stock_127_中国中车', 'related_stock_128_中国石油', 'related_stock_129_紫金矿业', 'related_stock_12_凯恩股份', 'related_stock_130_中远海控', 'related_stock_131_中国核电', 'related_stock_132_中国银行', 'related_stock_133_晶方科技', 'related_stock_134_禾望电气', 'related_stock_135_华贸物流', 'related_stock_136_新泉股份', 'related_stock_137_药明康德', 'related_stock_138_明星电力', 'related_stock_139_振江股份', 'related_stock_13_紫光国微', 'related_stock_140_诺力股份', 'related_stock_141_璞泰来', 'related_stock_142_华友钴业', 'related_stock_143_福斯特', 'related_stock_144_雪峰科技', 'related_stock_145_龙蟠科技', 'related_stock_146_兆易创新', 'related_stock_147_洛阳钼业', 'related_stock_148_西藏矿业', 'related_stock_149_西藏城投', 'related_stock_14_三花智控', 'related_stock_150_融捷股份', 'related_stock_151_江特电机', 'related_stock_152_川能动力', 'related_stock_153_中矿资源', 'related_stock_154_寒锐钴业', 'related_stock_155_盛屯矿业', 'related_stock_156_道氏技术', 'related_stock_157_中科电气', 'related_stock_158_沧州明珠', 'related_stock_159_美联新材', 'related_stock_15_国轩高科', 'related_stock_160_天际股份', 'related_stock_161_石大胜华', 'related_stock_162_奥克股份', 'related_stock_163_紫江企业', 'related_stock_164_道明光学', 'related_stock_165_赢合科技', 'related_stock_166_星云股份', 'related_stock_167_科恒股份', 'related_stock_168_福能东方', 'related_stock_169_英搏尔', 'related_stock_16_中材科技', 'related_stock_170_正海磁材', 'related_stock_171_信质集团', 'related_stock_172_广汽集团', 'related_stock_173_北汽蓝谷', 'related_stock_174_江淮汽车', 'related_stock_175_东风汽车', 'related_stock_176_赛力斯', 'related_stock_177_力帆科技', 'related_stock_178_万马股份', 'related_stock_179_易事特', 'related_stock_17_湘潭电化', 'related_stock_180_中恒电气', 'related_stock_181_动力源', 'related_stock_182_国电南瑞', 'related_stock_183_金力永磁', 'related_stock_184_TCL中环', 'related_stock_185_爱旭股份', 'related_stock_186_中来股份', 'related_stock_187_韦尔股份', 'related_stock_188_北京君正', 'related_stock_189_圣邦股份', 'related_stock_18_通富微电', 'related_stock_190_骆驼股份', 'related_stock_191_雄韬股份', 'related_stock_192_科力远', 'related_stock_193_欣旺达', 'related_stock_194_德赛电池', 'related_stock_195_蔚蓝锂芯', 'related_stock_196_远东股份', 'related_stock_197_东方电气', 'related_stock_198_天顺风能', 'related_stock_199_日月股份', 'related_stock_19_方正电机', 'related_stock_1_中兴通讯', 'related_stock_200_金雷股份', 'related_stock_201_节能风电', 'related_stock_202_美锦能源', 'related_stock_203_英维克', 'related_stock_204_中鼎股份', 'related_stock_205_科达制造', 'related_stock_206_藏格矿业', 'related_stock_207_贤丰控股', 'related_stock_208_金圆股份', 'related_stock_209_鞍重股份', 'related_stock_20_金风科技', 'related_stock_210_万里石', 'related_stock_211_吉翔股份', 'related_stock_212_康隆达', 'related_stock_213_中国中冶', 'related_stock_214_鹏欣资源', 'related_stock_215_合纵科技', 'related_stock_216_百川股份', 'related_stock_217_易成新能', 'related_stock_218_恒力石化', 'related_stock_219_江苏国泰', 'related_stock_21_奥特迅', 'related_stock_220_铜陵有色', 'related_stock_221_华自科技', 'related_stock_222_一汽解放', 'related_stock_223_中国重汽', 'related_stock_224_福田汽车', 'related_stock_225_江铃汽车', 'related_stock_226_金龙汽车', 'related_stock_227_中通客车', 'related_stock_228_宇通客车', 'related_stock_229_银河磁体', 'related_stock_22_科大讯飞', 'related_stock_230_许继电气', 'related_stock_231_国电南自', 'related_stock_232_思源电气', 'related_stock_233_科林电气', 'related_stock_234_科华数据', 'related_stock_235_科陆电子', 'related_stock_236_林洋能源', 'related_stock_237_正泰电器', 'related_stock_238_中颖电子', 'related_stock_239_全志科技', 'related_stock_23_盛新锂能', 'related_stock_240_国民技术', 'related_stock_241_银轮股份', 'related_stock_242_松芝股份', 'related_stock_243_科达利', 'related_stock_244_中航光电', 'related_stock_245_得润电子', 'related_stock_246_光华科技', 'related_stock_247_天奇股份', 'related_stock_248_兴发集团', 'related_stock_249_湖北宜化', 'related_stock_24_歌尔股份', 'related_stock_250_新洋丰', 'related_stock_251_巨化股份', 'related_stock_252_斯莱克', 'related_stock_253_德新科技', 'related_stock_254_今天国际', 'related_stock_255_星帅尔', 'related_stock_256_协鑫集成', 'related_stock_257_上机数控', 'related_stock_258_捷佳伟创', 'related_stock_259_晶盛机电', 'related_stock_25_大洋电机', 'related_stock_260_金辰股份', 'related_stock_261_京运通', 'related_stock_262_洛阳玻璃', 'related_stock_263_南玻A', 'related_stock_264_旗滨集团', 'related_stock_265_元力股份', 'related_stock_266_中国宝安', 'related_stock_267_均胜电子', 'related_stock_268_伯特利', 'related_stock_269_星宇股份', 'related_stock_26_卫士通', 'related_stock_270_华阳集团', 'related_stock_271_保隆科技', 'related_stock_272_万向钱潮', 'related_stock_273_中国动力', 'related_stock_274_圣阳股份', 'related_stock_275_东方电热', 'related_stock_276_凯中精密', 'related_stock_277_精达股份', 'related_stock_278_长城科技', 'related_stock_279_金杯电工', 'related_stock_27_光迅科技', 'related_stock_280_露笑科技', 'related_stock_281_长园集团', 'related_stock_282_横店东磁', 'related_stock_283_天通股份', 'related_stock_284_北矿科技', 'related_stock_285_中钢天源', 'related_stock_286_安泰科技', 'related_stock_287_英洛华', 'related_stock_28_永太科技', 'related_stock_29_格林美', 'related_stock_2_中国长城', 'related_stock_30_多氟多', 'related_stock_31_晶澳科技', 'related_stock_32_赣锋锂业', 'related_stock_33_海格通信', 'related_stock_34_天齐锂业', 'related_stock_35_立讯精密', 'related_stock_36_新筑股份', 'related_stock_37_瑞泰科技', 'related_stock_38_雅化集团', 'related_stock_39_科士达', 'related_stock_3_云南白药', 'related_stock_40_普天科技', 'related_stock_41_比亚迪', 'related_stock_42_天赐材料', 'related_stock_43_永兴材料', 'related_stock_44_恩捷股份', 'related_stock_45_视源股份', 'related_stock_46_川恒股份', 'related_stock_47_深南电路', 'related_stock_48_德赛西威', 'related_stock_49_特锐德', 'related_stock_4_长安汽车', 'related_stock_50_亿纬锂能', 'related_stock_51_新宙邦', 'related_stock_52_南都电源', 'related_stock_53_当升科技', 'related_stock_54_东方日升', 'related_stock_55_汇川技术', 'related_stock_56_和顺电气', 'related_stock_57_阳光电源', 'related_stock_58_永贵电器', 'related_stock_59_天华新能', 'related_stock_5_格力电器', 'related_stock_60_正业科技', 'related_stock_61_富临精工', 'related_stock_62_鹏辉能源', 'related_stock_63_先导智能', 'related_stock_64_蓝海华腾', 'related_stock_65_通合科技', 'related_stock_66_星源材质', 'related_stock_67_金银河', 'related_stock_68_盛弘股份', 'related_stock_69_英可瑞', 'related_stock_6_京东方A', 'related_stock_70_欣锐科技', 'related_stock_71_迈为股份', 'related_stock_72_浦发银行', 'related_stock_73_中信证券', 'related_stock_74_招商银行', 'related_stock_75_中直股份', 'related_stock_76_特变电工', 'related_stock_77_云天化', 'related_stock_78_上汽集团', 'related_stock_79_诺德股份', 'related_stock_7_盐湖股份', 'related_stock_80_北方稀土', 'related_stock_81_中国卫星', 'related_stock_82_生益科技', 'related_stock_83_南山铝业', 'related_stock_84_恒瑞医药', 'related_stock_85_恒顺醋业', 'related_stock_86_平高电气', 'related_stock_87_西藏珠峰', 'related_stock_88_江西铜业', 'related_stock_89_宁波韵升', 'related_stock_8_五粮液', 'related_stock_90_红星发展', 'related_stock_91_盛和资源', 'related_stock_92_通威股份', 'related_stock_93_贵研铂业', 'related_stock_94_士兰微', 'related_stock_95_方大炭素', 'related_stock_96_中天科技', 'related_stock_97_山东黄金', 'related_stock_98_厦门钨业', 'related_stock_99_卧龙电驱', 'related_stock_9_神火股份', '宁德时代']
2026-03-25 02:00:39,185 - matplotlib.font_manager - WARNING - findfont: Generic family 'sans-serif' not found because none of the following families were found: SimHei
2026-03-25 02:00:39,186 - matplotlib.font_manager - WARNING - findfont: Generic family 'sans-serif' not found because none of the following families were found: SimHei
2026-03-25 02:00:39,187 - root - ERROR - /data/miniconda/envs/torch/lib/python3.12/site-packages/seaborn/utils.py:61: UserWarning: Glyph 23425 (\N{CJK UNIFIED IDEOGRAPH-5B81}) missing from font(s) DejaVu Sans.
2026-03-25 02:00:39,187 - root - ERROR -   fig.canvas.draw()
2026-03-25 02:00:39,187 - root - ERROR - /data/miniconda/envs/torch/lib/python3.12/site-packages/seaborn/utils.py:61: UserWarning: Glyph 24503 (\N{CJK UNIFIED IDEOGRAPH-5FB7}) missing from font(s) DejaVu Sans.
2026-03-25 02:00:39,187 - root - ERROR -   fig.canvas.draw()
2026-03-25 02:00:39,188 - root - ERROR - /data/miniconda/envs/torch/lib/python3.12/site-packages/seaborn/utils.py:61: UserWarning: Glyph 26102 (\N{CJK UNIFIED IDEOGRAPH-65F6}) missing from font(s) DejaVu Sans.
2026-03-25 02:00:39,188 - root - ERROR -   fig.canvas.draw()
2026-03-25 02:00:39,188 - root - ERROR - /data/miniconda/envs/torch/lib/python3.12/site-packages/seaborn/utils.py:61: UserWarning: Glyph 20195 (\N{CJK UNIFIED IDEOGRAPH-4EE3}) missing from font(s) DejaVu Sans.
2026-03-25 02:00:39,188 - root - ERROR -   fig.canvas.draw()
2026-03-25 02:00:39,188 - matplotlib.font_manager - WARNING - findfont: Generic family 'sans-serif' not found because none of the following families were found: SimHei
2026-03-25 02:00:39,189 - root - ERROR - /data/miniconda/envs/torch/lib/python3.12/site-packages/seaborn/utils.py:61: UserWarning: Glyph 21019 (\N{CJK UNIFIED IDEOGRAPH-521B}) missing from font(s) DejaVu Sans.
2026-03-25 02:00:39,189 - root - ERROR -   fig.canvas.draw()
2026-03-25 02:00:39,189 - root - ERROR - /data/miniconda/envs/torch/lib/python3.12/site-packages/seaborn/utils.py:61: UserWarning: Glyph 19994 (\N{CJK UNIFIED IDEOGRAPH-4E1A}) missing from font(s) DejaVu Sans.
2026-03-25 02:00:39,189 - root - ERROR -   fig.canvas.draw()
2026-03-25 02:00:39,189 - root - ERROR - /data/miniconda/envs/torch/lib/python3.12/site-packages/seaborn/utils.py:61: UserWarning: Glyph 26495 (\N{CJK UNIFIED IDEOGRAPH-677F}) missing from font(s) DejaVu Sans.
2026-03-25 02:00:39,190 - root - ERROR -   fig.canvas.draw()
2026-03-25 02:00:39,190 - root - ERROR - /data/miniconda/envs/torch/lib/python3.12/site-packages/seaborn/utils.py:61: UserWarning: Glyph 25351 (\N{CJK UNIFIED IDEOGRAPH-6307}) missing from font(s) DejaVu Sans.
2026-03-25 02:00:39,190 - root - ERROR -   fig.canvas.draw()
2026-03-25 02:00:39,190 - matplotlib.font_manager - WARNING - findfont: Generic family 'sans-serif' not found because none of the following families were found: SimHei
2026-03-25 02:00:39,191 - root - ERROR - /data/miniconda/envs/torch/lib/python3.12/site-packages/seaborn/utils.py:61: UserWarning: Glyph 28145 (\N{CJK UNIFIED IDEOGRAPH-6DF1}) missing from font(s) DejaVu Sans.
2026-03-25 02:00:39,191 - root - ERROR -   fig.canvas.draw()
2026-03-25 02:00:39,191 - root - ERROR - /data/miniconda/envs/torch/lib/python3.12/site-packages/seaborn/utils.py:61: UserWarning: Glyph 35777 (\N{CJK UNIFIED IDEOGRAPH-8BC1}) missing from font(s) DejaVu Sans.
2026-03-25 02:00:39,191 - root - ERROR -   fig.canvas.draw()
2026-03-25 02:00:39,191 - root - ERROR - /data/miniconda/envs/torch/lib/python3.12/site-packages/seaborn/utils.py:61: UserWarning: Glyph 25104 (\N{CJK UNIFIED IDEOGRAPH-6210}) missing from font(s) DejaVu Sans.
2026-03-25 02:00:39,191 - root - ERROR -   fig.canvas.draw()
2026-03-25 02:00:39,192 - matplotlib.font_manager - WARNING - findfont: Generic family 'sans-serif' not found because none of the following families were found: SimHei
2026-03-25 02:00:39,192 - root - ERROR - /data/miniconda/envs/torch/lib/python3.12/site-packages/seaborn/utils.py:61: UserWarning: Glyph 20159 (\N{CJK UNIFIED IDEOGRAPH-4EBF}) missing from font(s) DejaVu Sans.
2026-03-25 02:00:39,192 - root - ERROR -   fig.canvas.draw()
2026-03-25 02:00:39,193 - root - ERROR - /data/miniconda/envs/torch/lib/python3.12/site-packages/seaborn/utils.py:61: UserWarning: Glyph 32428 (\N{CJK UNIFIED IDEOGRAPH-7EAC}) missing from font(s) DejaVu Sans.
2026-03-25 02:00:39,193 - root - ERROR -   fig.canvas.draw()
2026-03-25 02:00:39,193 - root - ERROR - /data/miniconda/envs/torch/lib/python3.12/site-packages/seaborn/utils.py:61: UserWarning: Glyph 38146 (\N{CJK UNIFIED IDEOGRAPH-9502}) missing from font(s) DejaVu Sans.
2026-03-25 02:00:39,193 - root - ERROR -   fig.canvas.draw()
2026-03-25 02:00:39,193 - root - ERROR - /data/miniconda/envs/torch/lib/python3.12/site-packages/seaborn/utils.py:61: UserWarning: Glyph 33021 (\N{CJK UNIFIED IDEOGRAPH-80FD}) missing from font(s) DejaVu Sans.
2026-03-25 02:00:39,193 - root - ERROR -   fig.canvas.draw()
2026-03-25 02:00:39,194 - matplotlib.font_manager - WARNING - findfont: Generic family 'sans-serif' not found because none of the following families were found: SimHei
2026-03-25 02:00:39,194 - root - ERROR - /data/miniconda/envs/torch/lib/python3.12/site-packages/seaborn/utils.py:61: UserWarning: Glyph 24403 (\N{CJK UNIFIED IDEOGRAPH-5F53}) missing from font(s) DejaVu Sans.
2026-03-25 02:00:39,194 - root - ERROR -   fig.canvas.draw()
2026-03-25 02:00:39,194 - root - ERROR - /data/miniconda/envs/torch/lib/python3.12/site-packages/seaborn/utils.py:61: UserWarning: Glyph 21319 (\N{CJK UNIFIED IDEOGRAPH-5347}) missing from font(s) DejaVu Sans.
2026-03-25 02:00:39,195 - root - ERROR -   fig.canvas.draw()
2026-03-25 02:00:39,195 - root - ERROR - /data/miniconda/envs/torch/lib/python3.12/site-packages/seaborn/utils.py:61: UserWarning: Glyph 31185 (\N{CJK UNIFIED IDEOGRAPH-79D1}) missing from font(s) DejaVu Sans.
2026-03-25 02:00:39,195 - root - ERROR -   fig.canvas.draw()
2026-03-25 02:00:39,195 - root - ERROR - /data/miniconda/envs/torch/lib/python3.12/site-packages/seaborn/utils.py:61: UserWarning: Glyph 25216 (\N{CJK UNIFIED IDEOGRAPH-6280}) missing from font(s) DejaVu Sans.
2026-03-25 02:00:39,195 - root - ERROR -   fig.canvas.draw()
2026-03-25 02:00:39,195 - matplotlib.font_manager - WARNING - findfont: Generic family 'sans-serif' not found because none of the following families were found: SimHei
2026-03-25 02:00:39,196 - root - ERROR - /data/miniconda/envs/torch/lib/python3.12/site-packages/seaborn/utils.py:61: UserWarning: Glyph 27427 (\N{CJK UNIFIED IDEOGRAPH-6B23}) missing from font(s) DejaVu Sans.
2026-03-25 02:00:39,196 - root - ERROR -   fig.canvas.draw()
2026-03-25 02:00:39,196 - root - ERROR - /data/miniconda/envs/torch/lib/python3.12/site-packages/seaborn/utils.py:61: UserWarning: Glyph 26106 (\N{CJK UNIFIED IDEOGRAPH-65FA}) missing from font(s) DejaVu Sans.
2026-03-25 02:00:39,196 - root - ERROR -   fig.canvas.draw()
2026-03-25 02:00:39,197 - root - ERROR - /data/miniconda/envs/torch/lib/python3.12/site-packages/seaborn/utils.py:61: UserWarning: Glyph 36798 (\N{CJK UNIFIED IDEOGRAPH-8FBE}) missing from font(s) DejaVu Sans.
2026-03-25 02:00:39,197 - root - ERROR -   fig.canvas.draw()
2026-03-25 02:00:39,197 - matplotlib.font_manager - WARNING - findfont: Generic family 'sans-serif' not found because none of the following families were found: SimHei
2026-03-25 02:00:39,198 - root - ERROR - /data/miniconda/envs/torch/lib/python3.12/site-packages/seaborn/utils.py:61: UserWarning: Glyph 21033 (\N{CJK UNIFIED IDEOGRAPH-5229}) missing from font(s) DejaVu Sans.
2026-03-25 02:00:39,198 - root - ERROR -   fig.canvas.draw()
2026-03-25 02:00:39,198 - matplotlib.font_manager - WARNING - findfont: Generic family 'sans-serif' not found because none of the following families were found: SimHei
2026-03-25 02:00:39,199 - root - ERROR - /data/miniconda/envs/torch/lib/python3.12/site-packages/seaborn/utils.py:61: UserWarning: Glyph 20808 (\N{CJK UNIFIED IDEOGRAPH-5148}) missing from font(s) DejaVu Sans.
2026-03-25 02:00:39,199 - root - ERROR -   fig.canvas.draw()
2026-03-25 02:00:39,199 - root - ERROR - /data/miniconda/envs/torch/lib/python3.12/site-packages/seaborn/utils.py:61: UserWarning: Glyph 23548 (\N{CJK UNIFIED IDEOGRAPH-5BFC}) missing from font(s) DejaVu Sans.
2026-03-25 02:00:39,199 - root - ERROR -   fig.canvas.draw()
2026-03-25 02:00:39,199 - root - ERROR - /data/miniconda/envs/torch/lib/python3.12/site-packages/seaborn/utils.py:61: UserWarning: Glyph 26234 (\N{CJK UNIFIED IDEOGRAPH-667A}) missing from font(s) DejaVu Sans.
2026-03-25 02:00:39,199 - root - ERROR -   fig.canvas.draw()
2026-03-25 02:00:39,200 - matplotlib.font_manager - WARNING - findfont: Generic family 'sans-serif' not found because none of the following families were found: SimHei
2026-03-25 02:00:39,201 - root - ERROR - /data/miniconda/envs/torch/lib/python3.12/site-packages/seaborn/utils.py:61: UserWarning: Glyph 22269 (\N{CJK UNIFIED IDEOGRAPH-56FD}) missing from font(s) DejaVu Sans.
2026-03-25 02:00:39,201 - root - ERROR -   fig.canvas.draw()
2026-03-25 02:00:39,201 - root - ERROR - /data/miniconda/envs/torch/lib/python3.12/site-packages/seaborn/utils.py:61: UserWarning: Glyph 36713 (\N{CJK UNIFIED IDEOGRAPH-8F69}) missing from font(s) DejaVu Sans.
2026-03-25 02:00:39,201 - root - ERROR -   fig.canvas.draw()
2026-03-25 02:00:39,201 - root - ERROR - /data/miniconda/envs/torch/lib/python3.12/site-packages/seaborn/utils.py:61: UserWarning: Glyph 39640 (\N{CJK UNIFIED IDEOGRAPH-9AD8}) missing from font(s) DejaVu Sans.
2026-03-25 02:00:39,201 - root - ERROR -   fig.canvas.draw()
2026-03-25 02:00:39,202 - matplotlib.font_manager - WARNING - findfont: Generic family 'sans-serif' not found because none of the following families were found: SimHei
2026-03-25 02:00:39,202 - root - ERROR - /data/miniconda/envs/torch/lib/python3.12/site-packages/seaborn/utils.py:61: UserWarning: Glyph 36195 (\N{CJK UNIFIED IDEOGRAPH-8D63}) missing from font(s) DejaVu Sans.
2026-03-25 02:00:39,202 - root - ERROR -   fig.canvas.draw()
2026-03-25 02:00:39,202 - root - ERROR - /data/miniconda/envs/torch/lib/python3.12/site-packages/seaborn/utils.py:61: UserWarning: Glyph 38155 (\N{CJK UNIFIED IDEOGRAPH-950B}) missing from font(s) DejaVu Sans.
2026-03-25 02:00:39,202 - root - ERROR -   fig.canvas.draw()
2026-03-25 02:00:39,203 - matplotlib.font_manager - WARNING - findfont: Generic family 'sans-serif' not found because none of the following families were found: SimHei
2026-03-25 02:00:39,204 - root - ERROR - /data/miniconda/envs/torch/lib/python3.12/site-packages/seaborn/utils.py:61: UserWarning: Glyph 24681 (\N{CJK UNIFIED IDEOGRAPH-6069}) missing from font(s) DejaVu Sans.
2026-03-25 02:00:39,204 - root - ERROR -   fig.canvas.draw()
2026-03-25 02:00:39,204 - root - ERROR - /data/miniconda/envs/torch/lib/python3.12/site-packages/seaborn/utils.py:61: UserWarning: Glyph 25463 (\N{CJK UNIFIED IDEOGRAPH-6377}) missing from font(s) DejaVu Sans.
2026-03-25 02:00:39,204 - root - ERROR -   fig.canvas.draw()
2026-03-25 02:00:39,204 - root - ERROR - /data/miniconda/envs/torch/lib/python3.12/site-packages/seaborn/utils.py:61: UserWarning: Glyph 32929 (\N{CJK UNIFIED IDEOGRAPH-80A1}) missing from font(s) DejaVu Sans.
2026-03-25 02:00:39,204 - root - ERROR -   fig.canvas.draw()
2026-03-25 02:00:39,204 - root - ERROR - /data/miniconda/envs/torch/lib/python3.12/site-packages/seaborn/utils.py:61: UserWarning: Glyph 20221 (\N{CJK UNIFIED IDEOGRAPH-4EFD}) missing from font(s) DejaVu Sans.
2026-03-25 02:00:39,204 - root - ERROR -   fig.canvas.draw()
2026-03-25 02:00:39,205 - matplotlib.font_manager - WARNING - findfont: Generic family 'sans-serif' not found because none of the following families were found: SimHei
2026-03-25 02:00:39,205 - root - ERROR - /data/miniconda/envs/torch/lib/python3.12/site-packages/seaborn/utils.py:61: UserWarning: Glyph 29854 (\N{CJK UNIFIED IDEOGRAPH-749E}) missing from font(s) DejaVu Sans.
2026-03-25 02:00:39,205 - root - ERROR -   fig.canvas.draw()
2026-03-25 02:00:39,206 - root - ERROR - /data/miniconda/envs/torch/lib/python3.12/site-packages/seaborn/utils.py:61: UserWarning: Glyph 27888 (\N{CJK UNIFIED IDEOGRAPH-6CF0}) missing from font(s) DejaVu Sans.
2026-03-25 02:00:39,206 - root - ERROR -   fig.canvas.draw()
2026-03-25 02:00:39,206 - root - ERROR - /data/miniconda/envs/torch/lib/python3.12/site-packages/seaborn/utils.py:61: UserWarning: Glyph 26469 (\N{CJK UNIFIED IDEOGRAPH-6765}) missing from font(s) DejaVu Sans.
2026-03-25 02:00:39,206 - root - ERROR -   fig.canvas.draw()
2026-03-25 02:00:39,206 - matplotlib.font_manager - WARNING - findfont: Generic family 'sans-serif' not found because none of the following families were found: SimHei
2026-03-25 02:00:39,207 - root - ERROR - /data/miniconda/envs/torch/lib/python3.12/site-packages/seaborn/utils.py:61: UserWarning: Glyph 20013 (\N{CJK UNIFIED IDEOGRAPH-4E2D}) missing from font(s) DejaVu Sans.
2026-03-25 02:00:39,207 - root - ERROR -   fig.canvas.draw()
2026-03-25 02:00:39,207 - root - ERROR - /data/miniconda/envs/torch/lib/python3.12/site-packages/seaborn/utils.py:61: UserWarning: Glyph 30005 (\N{CJK UNIFIED IDEOGRAPH-7535}) missing from font(s) DejaVu Sans.
2026-03-25 02:00:39,207 - root - ERROR -   fig.canvas.draw()
2026-03-25 02:00:39,208 - root - ERROR - /data/miniconda/envs/torch/lib/python3.12/site-packages/seaborn/utils.py:61: UserWarning: Glyph 27668 (\N{CJK UNIFIED IDEOGRAPH-6C14}) missing from font(s) DejaVu Sans.
2026-03-25 02:00:39,208 - root - ERROR -   fig.canvas.draw()
2026-03-25 02:00:39,208 - matplotlib.font_manager - WARNING - findfont: Generic family 'sans-serif' not found because none of the following families were found: SimHei
2026-03-25 02:00:39,209 - root - ERROR - /data/miniconda/envs/torch/lib/python3.12/site-packages/seaborn/utils.py:61: UserWarning: Glyph 19978 (\N{CJK UNIFIED IDEOGRAPH-4E0A}) missing from font(s) DejaVu Sans.
2026-03-25 02:00:39,209 - root - ERROR -   fig.canvas.draw()
2026-03-25 02:00:39,209 - root - ERROR - /data/miniconda/envs/torch/lib/python3.12/site-packages/seaborn/utils.py:61: UserWarning: Glyph 32508 (\N{CJK UNIFIED IDEOGRAPH-7EFC}) missing from font(s) DejaVu Sans.
2026-03-25 02:00:39,209 - root - ERROR -   fig.canvas.draw()
2026-03-25 02:00:39,209 - matplotlib.font_manager - WARNING - findfont: Generic family 'sans-serif' not found because none of the following families were found: SimHei
2026-03-25 02:00:39,210 - root - ERROR - /data/miniconda/envs/torch/lib/python3.12/site-packages/seaborn/utils.py:61: UserWarning: Glyph 22825 (\N{CJK UNIFIED IDEOGRAPH-5929}) missing from font(s) DejaVu Sans.
2026-03-25 02:00:39,210 - root - ERROR -   fig.canvas.draw()
2026-03-25 02:00:39,210 - root - ERROR - /data/miniconda/envs/torch/lib/python3.12/site-packages/seaborn/utils.py:61: UserWarning: Glyph 36176 (\N{CJK UNIFIED IDEOGRAPH-8D50}) missing from font(s) DejaVu Sans.
2026-03-25 02:00:39,210 - root - ERROR -   fig.canvas.draw()
2026-03-25 02:00:39,211 - root - ERROR - /data/miniconda/envs/torch/lib/python3.12/site-packages/seaborn/utils.py:61: UserWarning: Glyph 26448 (\N{CJK UNIFIED IDEOGRAPH-6750}) missing from font(s) DejaVu Sans.
2026-03-25 02:00:39,211 - root - ERROR -   fig.canvas.draw()
2026-03-25 02:00:39,211 - root - ERROR - /data/miniconda/envs/torch/lib/python3.12/site-packages/seaborn/utils.py:61: UserWarning: Glyph 26009 (\N{CJK UNIFIED IDEOGRAPH-6599}) missing from font(s) DejaVu Sans.
2026-03-25 02:00:39,211 - root - ERROR -   fig.canvas.draw()
2026-03-25 02:00:39,211 - matplotlib.font_manager - WARNING - findfont: Generic family 'sans-serif' not found because none of the following families were found: SimHei
2026-03-25 02:00:39,212 - root - ERROR - /data/miniconda/envs/torch/lib/python3.12/site-packages/seaborn/utils.py:61: UserWarning: Glyph 26032 (\N{CJK UNIFIED IDEOGRAPH-65B0}) missing from font(s) DejaVu Sans.
2026-03-25 02:00:39,212 - root - ERROR -   fig.canvas.draw()
2026-03-25 02:00:39,212 - root - ERROR - /data/miniconda/envs/torch/lib/python3.12/site-packages/seaborn/utils.py:61: UserWarning: Glyph 23449 (\N{CJK UNIFIED IDEOGRAPH-5B99}) missing from font(s) DejaVu Sans.
2026-03-25 02:00:39,212 - root - ERROR -   fig.canvas.draw()
2026-03-25 02:00:39,212 - root - ERROR - /data/miniconda/envs/torch/lib/python3.12/site-packages/seaborn/utils.py:61: UserWarning: Glyph 37030 (\N{CJK UNIFIED IDEOGRAPH-90A6}) missing from font(s) DejaVu Sans.
2026-03-25 02:00:39,212 - root - ERROR -   fig.canvas.draw()
2026-03-25 02:00:39,213 - matplotlib.font_manager - WARNING - findfont: Generic family 'sans-serif' not found because none of the following families were found: SimHei
2026-03-25 02:00:39,213 - root - ERROR - /data/miniconda/envs/torch/lib/python3.12/site-packages/seaborn/utils.py:61: UserWarning: Glyph 21326 (\N{CJK UNIFIED IDEOGRAPH-534E}) missing from font(s) DejaVu Sans.
2026-03-25 02:00:39,213 - root - ERROR -   fig.canvas.draw()
2026-03-25 02:00:39,214 - root - ERROR - /data/miniconda/envs/torch/lib/python3.12/site-packages/seaborn/utils.py:61: UserWarning: Glyph 21451 (\N{CJK UNIFIED IDEOGRAPH-53CB}) missing from font(s) DejaVu Sans.
2026-03-25 02:00:39,214 - root - ERROR -   fig.canvas.draw()
2026-03-25 02:00:39,214 - root - ERROR - /data/miniconda/envs/torch/lib/python3.12/site-packages/seaborn/utils.py:61: UserWarning: Glyph 38068 (\N{CJK UNIFIED IDEOGRAPH-94B4}) missing from font(s) DejaVu Sans.
2026-03-25 02:00:39,214 - root - ERROR -   fig.canvas.draw()
2026-03-25 02:00:39,214 - matplotlib.font_manager - WARNING - findfont: Generic family 'sans-serif' not found because none of the following families were found: SimHei
2026-03-25 02:00:39,215 - root - ERROR - /data/miniconda/envs/torch/lib/python3.12/site-packages/seaborn/utils.py:61: UserWarning: Glyph 27604 (\N{CJK UNIFIED IDEOGRAPH-6BD4}) missing from font(s) DejaVu Sans.
2026-03-25 02:00:39,215 - root - ERROR -   fig.canvas.draw()
2026-03-25 02:00:39,215 - root - ERROR - /data/miniconda/envs/torch/lib/python3.12/site-packages/seaborn/utils.py:61: UserWarning: Glyph 20122 (\N{CJK UNIFIED IDEOGRAPH-4E9A}) missing from font(s) DejaVu Sans.
2026-03-25 02:00:39,215 - root - ERROR -   fig.canvas.draw()
2026-03-25 02:00:39,215 - root - ERROR - /data/miniconda/envs/torch/lib/python3.12/site-packages/seaborn/utils.py:61: UserWarning: Glyph 36842 (\N{CJK UNIFIED IDEOGRAPH-8FEA}) missing from font(s) DejaVu Sans.
2026-03-25 02:00:39,216 - root - ERROR -   fig.canvas.draw()
2026-03-25 02:00:39,216 - matplotlib.font_manager - WARNING - findfont: Generic family 'sans-serif' not found because none of the following families were found: SimHei
2026-03-25 02:00:39,216 - root - ERROR - /data/miniconda/envs/torch/lib/python3.12/site-packages/seaborn/utils.py:61: UserWarning: Glyph 26143 (\N{CJK UNIFIED IDEOGRAPH-661F}) missing from font(s) DejaVu Sans.
2026-03-25 02:00:39,217 - root - ERROR -   fig.canvas.draw()
2026-03-25 02:00:39,217 - root - ERROR - /data/miniconda/envs/torch/lib/python3.12/site-packages/seaborn/utils.py:61: UserWarning: Glyph 28304 (\N{CJK UNIFIED IDEOGRAPH-6E90}) missing from font(s) DejaVu Sans.
2026-03-25 02:00:39,217 - root - ERROR -   fig.canvas.draw()
2026-03-25 02:00:39,217 - root - ERROR - /data/miniconda/envs/torch/lib/python3.12/site-packages/seaborn/utils.py:61: UserWarning: Glyph 36136 (\N{CJK UNIFIED IDEOGRAPH-8D28}) missing from font(s) DejaVu Sans.
2026-03-25 02:00:39,217 - root - ERROR -   fig.canvas.draw()
2026-03-25 02:00:39,218 - matplotlib.font_manager - WARNING - findfont: Generic family 'sans-serif' not found because none of the following families were found: SimHei
2026-03-25 02:00:39,218 - root - ERROR - /data/miniconda/envs/torch/lib/python3.12/site-packages/seaborn/utils.py:61: UserWarning: Glyph 29305 (\N{CJK UNIFIED IDEOGRAPH-7279}) missing from font(s) DejaVu Sans.
2026-03-25 02:00:39,218 - root - ERROR -   fig.canvas.draw()
2026-03-25 02:00:39,218 - root - ERROR - /data/miniconda/envs/torch/lib/python3.12/site-packages/seaborn/utils.py:61: UserWarning: Glyph 38160 (\N{CJK UNIFIED IDEOGRAPH-9510}) missing from font(s) DejaVu Sans.
2026-03-25 02:00:39,218 - root - ERROR -   fig.canvas.draw()
2026-03-25 02:00:39,219 - matplotlib.font_manager - WARNING - findfont: Generic family 'sans-serif' not found because none of the following families were found: SimHei
2026-03-25 02:00:39,220 - root - ERROR - /data/miniconda/envs/torch/lib/python3.12/site-packages/seaborn/utils.py:61: UserWarning: Glyph 38451 (\N{CJK UNIFIED IDEOGRAPH-9633}) missing from font(s) DejaVu Sans.
2026-03-25 02:00:39,220 - root - ERROR -   fig.canvas.draw()
2026-03-25 02:00:39,220 - root - ERROR - /data/miniconda/envs/torch/lib/python3.12/site-packages/seaborn/utils.py:61: UserWarning: Glyph 20809 (\N{CJK UNIFIED IDEOGRAPH-5149}) missing from font(s) DejaVu Sans.
2026-03-25 02:00:39,220 - root - ERROR -   fig.canvas.draw()
2026-03-25 02:00:39,220 - matplotlib.font_manager - WARNING - findfont: Generic family 'sans-serif' not found because none of the following families were found: SimHei
2026-03-25 02:00:39,221 - root - ERROR - /data/miniconda/envs/torch/lib/python3.12/site-packages/seaborn/utils.py:61: UserWarning: Glyph 26230 (\N{CJK UNIFIED IDEOGRAPH-6676}) missing from font(s) DejaVu Sans.
2026-03-25 02:00:39,221 - root - ERROR -   fig.canvas.draw()
2026-03-25 02:00:39,221 - root - ERROR - /data/miniconda/envs/torch/lib/python3.12/site-packages/seaborn/utils.py:61: UserWarning: Glyph 30427 (\N{CJK UNIFIED IDEOGRAPH-76DB}) missing from font(s) DejaVu Sans.
2026-03-25 02:00:39,221 - root - ERROR -   fig.canvas.draw()
2026-03-25 02:00:39,222 - root - ERROR - /data/miniconda/envs/torch/lib/python3.12/site-packages/seaborn/utils.py:61: UserWarning: Glyph 26426 (\N{CJK UNIFIED IDEOGRAPH-673A}) missing from font(s) DejaVu Sans.
2026-03-25 02:00:39,222 - root - ERROR -   fig.canvas.draw()
2026-03-25 02:00:39,222 - matplotlib.font_manager - WARNING - findfont: Generic family 'sans-serif' not found because none of the following families were found: SimHei
2026-03-25 02:00:39,223 - root - ERROR - /data/miniconda/envs/torch/lib/python3.12/site-packages/seaborn/utils.py:61: UserWarning: Glyph 26441 (\N{CJK UNIFIED IDEOGRAPH-6749}) missing from font(s) DejaVu Sans.
2026-03-25 02:00:39,223 - root - ERROR -   fig.canvas.draw()
2026-03-25 02:00:39,223 - matplotlib.font_manager - WARNING - findfont: Generic family 'sans-serif' not found because none of the following families were found: SimHei
2026-03-25 02:00:39,224 - root - ERROR - /data/miniconda/envs/torch/lib/python3.12/site-packages/seaborn/utils.py:61: UserWarning: Glyph 38597 (\N{CJK UNIFIED IDEOGRAPH-96C5}) missing from font(s) DejaVu Sans.
2026-03-25 02:00:39,224 - root - ERROR -   fig.canvas.draw()
2026-03-25 02:00:39,224 - root - ERROR - /data/miniconda/envs/torch/lib/python3.12/site-packages/seaborn/utils.py:61: UserWarning: Glyph 21270 (\N{CJK UNIFIED IDEOGRAPH-5316}) missing from font(s) DejaVu Sans.
2026-03-25 02:00:39,224 - root - ERROR -   fig.canvas.draw()
2026-03-25 02:00:39,225 - root - ERROR - /data/miniconda/envs/torch/lib/python3.12/site-packages/seaborn/utils.py:61: UserWarning: Glyph 38598 (\N{CJK UNIFIED IDEOGRAPH-96C6}) missing from font(s) DejaVu Sans.
2026-03-25 02:00:39,225 - root - ERROR -   fig.canvas.draw()
2026-03-25 02:00:39,225 - root - ERROR - /data/miniconda/envs/torch/lib/python3.12/site-packages/seaborn/utils.py:61: UserWarning: Glyph 22242 (\N{CJK UNIFIED IDEOGRAPH-56E2}) missing from font(s) DejaVu Sans.
2026-03-25 02:00:39,225 - root - ERROR -   fig.canvas.draw()
2026-03-25 02:00:39,225 - matplotlib.font_manager - WARNING - findfont: Generic family 'sans-serif' not found because none of the following families were found: SimHei
2026-03-25 02:00:39,226 - root - ERROR - /data/miniconda/envs/torch/lib/python3.12/site-packages/seaborn/utils.py:61: UserWarning: Glyph 26684 (\N{CJK UNIFIED IDEOGRAPH-683C}) missing from font(s) DejaVu Sans.
2026-03-25 02:00:39,226 - root - ERROR -   fig.canvas.draw()
2026-03-25 02:00:39,226 - root - ERROR - /data/miniconda/envs/torch/lib/python3.12/site-packages/seaborn/utils.py:61: UserWarning: Glyph 26519 (\N{CJK UNIFIED IDEOGRAPH-6797}) missing from font(s) DejaVu Sans.
2026-03-25 02:00:39,226 - root - ERROR -   fig.canvas.draw()
2026-03-25 02:00:39,226 - root - ERROR - /data/miniconda/envs/torch/lib/python3.12/site-packages/seaborn/utils.py:61: UserWarning: Glyph 32654 (\N{CJK UNIFIED IDEOGRAPH-7F8E}) missing from font(s) DejaVu Sans.
2026-03-25 02:00:39,226 - root - ERROR -   fig.canvas.draw()
2026-03-25 02:00:39,227 - matplotlib.font_manager - WARNING - findfont: Generic family 'sans-serif' not found because none of the following families were found: SimHei
2026-03-25 02:00:39,227 - root - ERROR - /data/miniconda/envs/torch/lib/python3.12/site-packages/seaborn/utils.py:61: UserWarning: Glyph 35834 (\N{CJK UNIFIED IDEOGRAPH-8BFA}) missing from font(s) DejaVu Sans.
2026-03-25 02:00:39,227 - root - ERROR -   fig.canvas.draw()
2026-03-25 02:00:39,228 - matplotlib.font_manager - WARNING - findfont: Generic family 'sans-serif' not found because none of the following families were found: SimHei
2026-03-25 02:00:39,229 - root - ERROR - /data/miniconda/envs/torch/lib/python3.12/site-packages/seaborn/utils.py:61: UserWarning: Glyph 38534 (\N{CJK UNIFIED IDEOGRAPH-9686}) missing from font(s) DejaVu Sans.
2026-03-25 02:00:39,229 - root - ERROR -   fig.canvas.draw()
2026-03-25 02:00:39,229 - root - ERROR - /data/miniconda/envs/torch/lib/python3.12/site-packages/seaborn/utils.py:61: UserWarning: Glyph 22522 (\N{CJK UNIFIED IDEOGRAPH-57FA}) missing from font(s) DejaVu Sans.
2026-03-25 02:00:39,229 - root - ERROR -   fig.canvas.draw()
2026-03-25 02:00:39,229 - root - ERROR - /data/miniconda/envs/torch/lib/python3.12/site-packages/seaborn/utils.py:61: UserWarning: Glyph 32511 (\N{CJK UNIFIED IDEOGRAPH-7EFF}) missing from font(s) DejaVu Sans.
2026-03-25 02:00:39,229 - root - ERROR -   fig.canvas.draw()
2026-03-25 02:00:39,230 - matplotlib.font_manager - WARNING - findfont: Generic family 'sans-serif' not found because none of the following families were found: SimHei
2026-03-25 02:00:39,230 - root - ERROR - /data/miniconda/envs/torch/lib/python3.12/site-packages/seaborn/utils.py:61: UserWarning: Glyph 40527 (\N{CJK UNIFIED IDEOGRAPH-9E4F}) missing from font(s) DejaVu Sans.
2026-03-25 02:00:39,230 - root - ERROR -   fig.canvas.draw()
2026-03-25 02:00:39,230 - root - ERROR - /data/miniconda/envs/torch/lib/python3.12/site-packages/seaborn/utils.py:61: UserWarning: Glyph 36745 (\N{CJK UNIFIED IDEOGRAPH-8F89}) missing from font(s) DejaVu Sans.
2026-03-25 02:00:39,231 - root - ERROR -   fig.canvas.draw()
2026-03-25 02:00:39,231 - matplotlib.font_manager - WARNING - findfont: Generic family 'sans-serif' not found because none of the following families were found: SimHei
2026-03-25 02:00:39,232 - root - ERROR - /data/miniconda/envs/torch/lib/python3.12/site-packages/seaborn/utils.py:61: UserWarning: Glyph 40784 (\N{CJK UNIFIED IDEOGRAPH-9F50}) missing from font(s) DejaVu Sans.
2026-03-25 02:00:39,232 - root - ERROR -   fig.canvas.draw()
2026-03-25 02:00:39,232 - matplotlib.font_manager - WARNING - findfont: Generic family 'sans-serif' not found because none of the following families were found: SimHei
2026-03-25 02:00:39,233 - root - ERROR - /data/miniconda/envs/torch/lib/python3.12/site-packages/seaborn/utils.py:61: UserWarning: Glyph 29615 (\N{CJK UNIFIED IDEOGRAPH-73AF}) missing from font(s) DejaVu Sans.
2026-03-25 02:00:39,233 - root - ERROR -   fig.canvas.draw()
2026-03-25 02:00:39,234 - matplotlib.font_manager - WARNING - findfont: Generic family 'sans-serif' not found because none of the following families were found: SimHei
2026-03-25 02:00:39,235 - matplotlib.font_manager - WARNING - findfont: Generic family 'sans-serif' not found because none of the following families were found: SimHei
2026-03-25 02:00:39,237 - matplotlib.font_manager - WARNING - findfont: Generic family 'sans-serif' not found because none of the following families were found: SimHei
2026-03-25 02:00:39,238 - matplotlib.font_manager - WARNING - findfont: Generic family 'sans-serif' not found because none of the following families were found: SimHei
2026-03-25 02:00:39,240 - matplotlib.font_manager - WARNING - findfont: Generic family 'sans-serif' not found because none of the following families were found: SimHei
2026-03-25 02:00:39,241 - matplotlib.font_manager - WARNING - findfont: Generic family 'sans-serif' not found because none of the following families were found: SimHei
2026-03-25 02:00:39,243 - matplotlib.font_manager - WARNING - findfont: Generic family 'sans-serif' not found because none of the following families were found: SimHei
2026-03-25 02:00:39,244 - matplotlib.font_manager - WARNING - findfont: Generic family 'sans-serif' not found because none of the following families were found: SimHei
2026-03-25 02:00:39,246 - matplotlib.font_manager - WARNING - findfont: Generic family 'sans-serif' not found because none of the following families were found: SimHei
2026-03-25 02:00:39,247 - matplotlib.font_manager - WARNING - findfont: Generic family 'sans-serif' not found because none of the following families were found: SimHei
2026-03-25 02:00:39,249 - matplotlib.font_manager - WARNING - findfont: Generic family 'sans-serif' not found because none of the following families were found: SimHei
2026-03-25 02:00:39,250 - matplotlib.font_manager - WARNING - findfont: Generic family 'sans-serif' not found because none of the following families were found: SimHei
2026-03-25 02:00:39,252 - matplotlib.font_manager - WARNING - findfont: Generic family 'sans-serif' not found because none of the following families were found: SimHei
2026-03-25 02:00:39,253 - matplotlib.font_manager - WARNING - findfont: Generic family 'sans-serif' not found because none of the following families were found: SimHei
2026-03-25 02:00:39,255 - matplotlib.font_manager - WARNING - findfont: Generic family 'sans-serif' not found because none of the following families were found: SimHei
2026-03-25 02:00:39,256 - matplotlib.font_manager - WARNING - findfont: Generic family 'sans-serif' not found because none of the following families were found: SimHei
2026-03-25 02:00:39,258 - matplotlib.font_manager - WARNING - findfont: Generic family 'sans-serif' not found because none of the following families were found: SimHei
2026-03-25 02:00:39,259 - matplotlib.font_manager - WARNING - findfont: Generic family 'sans-serif' not found because none of the following families were found: SimHei
2026-03-25 02:00:39,261 - matplotlib.font_manager - WARNING - findfont: Generic family 'sans-serif' not found because none of the following families were found: SimHei
2026-03-25 02:00:39,262 - matplotlib.font_manager - WARNING - findfont: Generic family 'sans-serif' not found because none of the following families were found: SimHei
2026-03-25 02:00:39,264 - matplotlib.font_manager - WARNING - findfont: Generic family 'sans-serif' not found because none of the following families were found: SimHei
2026-03-25 02:00:39,265 - matplotlib.font_manager - WARNING - findfont: Generic family 'sans-serif' not found because none of the following families were found: SimHei
2026-03-25 02:00:39,267 - matplotlib.font_manager - WARNING - findfont: Generic family 'sans-serif' not found because none of the following families were found: SimHei
2026-03-25 02:00:39,269 - matplotlib.font_manager - WARNING - findfont: Generic family 'sans-serif' not found because none of the following families were found: SimHei
2026-03-25 02:00:39,270 - matplotlib.font_manager - WARNING - findfont: Generic family 'sans-serif' not found because none of the following families were found: SimHei
2026-03-25 02:00:39,272 - matplotlib.font_manager - WARNING - findfont: Generic family 'sans-serif' not found because none of the following families were found: SimHei
2026-03-25 02:00:39,273 - matplotlib.font_manager - WARNING - findfont: Generic family 'sans-serif' not found because none of the following families were found: SimHei
2026-03-25 02:00:39,275 - matplotlib.font_manager - WARNING - findfont: Generic family 'sans-serif' not found because none of the following families were found: SimHei
2026-03-25 02:00:39,276 - matplotlib.font_manager - WARNING - findfont: Generic family 'sans-serif' not found because none of the following families were found: SimHei
2026-03-25 02:00:39,278 - matplotlib.font_manager - WARNING - findfont: Generic family 'sans-serif' not found because none of the following families were found: SimHei
2026-03-25 02:00:39,291 - matplotlib.font_manager - WARNING - findfont: Generic family 'sans-serif' not found because none of the following families were found: SimHei
2026-03-25 02:00:39,292 - matplotlib.font_manager - WARNING - findfont: Generic family 'sans-serif' not found because none of the following families were found: SimHei
2026-03-25 02:00:39,294 - matplotlib.font_manager - WARNING - findfont: Generic family 'sans-serif' not found because none of the following families were found: SimHei
2026-03-25 02:00:39,295 - matplotlib.font_manager - WARNING - findfont: Generic family 'sans-serif' not found because none of the following families were found: SimHei
2026-03-25 02:00:39,297 - matplotlib.font_manager - WARNING - findfont: Generic family 'sans-serif' not found because none of the following families were found: SimHei
2026-03-25 02:00:39,299 - matplotlib.font_manager - WARNING - findfont: Generic family 'sans-serif' not found because none of the following families were found: SimHei
2026-03-25 02:00:39,300 - matplotlib.font_manager - WARNING - findfont: Generic family 'sans-serif' not found because none of the following families were found: SimHei
2026-03-25 02:00:39,302 - matplotlib.font_manager - WARNING - findfont: Generic family 'sans-serif' not found because none of the following families were found: SimHei
2026-03-25 02:00:39,304 - matplotlib.font_manager - WARNING - findfont: Generic family 'sans-serif' not found because none of the following families were found: SimHei
2026-03-25 02:00:39,305 - matplotlib.font_manager - WARNING - findfont: Generic family 'sans-serif' not found because none of the following families were found: SimHei
2026-03-25 02:00:39,307 - matplotlib.font_manager - WARNING - findfont: Generic family 'sans-serif' not found because none of the following families were found: SimHei
2026-03-25 02:00:39,309 - matplotlib.font_manager - WARNING - findfont: Generic family 'sans-serif' not found because none of the following families were found: SimHei
2026-03-25 02:00:39,310 - matplotlib.font_manager - WARNING - findfont: Generic family 'sans-serif' not found because none of the following families were found: SimHei
2026-03-25 02:00:39,312 - matplotlib.font_manager - WARNING - findfont: Generic family 'sans-serif' not found because none of the following families were found: SimHei
2026-03-25 02:00:39,314 - matplotlib.font_manager - WARNING - findfont: Generic family 'sans-serif' not found because none of the following families were found: SimHei
2026-03-25 02:00:39,316 - matplotlib.font_manager - WARNING - findfont: Generic family 'sans-serif' not found because none of the following families were found: SimHei
2026-03-25 02:00:39,317 - matplotlib.font_manager - WARNING - findfont: Generic family 'sans-serif' not found because none of the following families were found: SimHei
2026-03-25 02:00:39,319 - matplotlib.font_manager - WARNING - findfont: Generic family 'sans-serif' not found because none of the following families were found: SimHei
2026-03-25 02:00:39,321 - matplotlib.font_manager - WARNING - findfont: Generic family 'sans-serif' not found because none of the following families were found: SimHei
2026-03-25 02:00:39,322 - matplotlib.font_manager - WARNING - findfont: Generic family 'sans-serif' not found because none of the following families were found: SimHei
2026-03-25 02:00:39,324 - matplotlib.font_manager - WARNING - findfont: Generic family 'sans-serif' not found because none of the following families were found: SimHei
2026-03-25 02:00:39,326 - matplotlib.font_manager - WARNING - findfont: Generic family 'sans-serif' not found because none of the following families were found: SimHei
2026-03-25 02:00:39,327 - matplotlib.font_manager - WARNING - findfont: Generic family 'sans-serif' not found because none of the following families were found: SimHei
2026-03-25 02:00:39,329 - matplotlib.font_manager - WARNING - findfont: Generic family 'sans-serif' not found because none of the following families were found: SimHei
2026-03-25 02:00:39,331 - matplotlib.font_manager - WARNING - findfont: Generic family 'sans-serif' not found because none of the following families were found: SimHei
2026-03-25 02:00:39,332 - matplotlib.font_manager - WARNING - findfont: Generic family 'sans-serif' not found because none of the following families were found: SimHei
2026-03-25 02:00:39,334 - matplotlib.font_manager - WARNING - findfont: Generic family 'sans-serif' not found because none of the following families were found: SimHei
2026-03-25 02:00:39,336 - matplotlib.font_manager - WARNING - findfont: Generic family 'sans-serif' not found because none of the following families were found: SimHei
2026-03-25 02:00:39,337 - matplotlib.font_manager - WARNING - findfont: Generic family 'sans-serif' not found because none of the following families were found: SimHei
2026-03-25 02:00:39,339 - matplotlib.font_manager - WARNING - findfont: Generic family 'sans-serif' not found because none of the following families were found: SimHei
2026-03-25 02:00:39,357 - matplotlib.font_manager - WARNING - findfont: Generic family 'sans-serif' not found because none of the following families were found: SimHei
2026-03-25 02:00:39,357 - matplotlib.font_manager - WARNING - findfont: Generic family 'sans-serif' not found because none of the following families were found: SimHei
2026-03-25 02:00:39,358 - matplotlib.font_manager - WARNING - findfont: Generic family 'sans-serif' not found because none of the following families were found: SimHei
2026-03-25 02:00:39,358 - matplotlib.font_manager - WARNING - findfont: Generic family 'sans-serif' not found because none of the following families were found: SimHei
2026-03-25 02:00:39,358 - matplotlib.font_manager - WARNING - findfont: Generic family 'sans-serif' not found because none of the following families were found: SimHei
2026-03-25 02:00:39,359 - matplotlib.font_manager - WARNING - findfont: Generic family 'sans-serif' not found because none of the following families were found: SimHei
2026-03-25 02:00:39,359 - matplotlib.font_manager - WARNING - findfont: Generic family 'sans-serif' not found because none of the following families were found: SimHei
2026-03-25 02:00:39,360 - matplotlib.font_manager - WARNING - findfont: Generic family 'sans-serif' not found because none of the following families were found: SimHei
2026-03-25 02:00:39,361 - matplotlib.font_manager - WARNING - findfont: Generic family 'sans-serif' not found because none of the following families were found: SimHei
2026-03-25 02:00:39,362 - matplotlib.font_manager - WARNING - findfont: Generic family 'sans-serif' not found because none of the following families were found: SimHei
2026-03-25 02:00:39,363 - matplotlib.font_manager - WARNING - findfont: Generic family 'sans-serif' not found because none of the following families were found: SimHei
2026-03-25 02:00:39,363 - matplotlib.font_manager - WARNING - findfont: Generic family 'sans-serif' not found because none of the following families were found: SimHei
2026-03-25 02:00:39,364 - matplotlib.font_manager - WARNING - findfont: Generic family 'sans-serif' not found because none of the following families were found: SimHei
2026-03-25 02:00:39,365 - matplotlib.font_manager - WARNING - findfont: Generic family 'sans-serif' not found because none of the following families were found: SimHei
2026-03-25 02:00:39,424 - matplotlib.font_manager - WARNING - findfont: Generic family 'sans-serif' not found because none of the following families were found: SimHei
2026-03-25 02:00:39,425 - matplotlib.font_manager - WARNING - findfont: Generic family 'sans-serif' not found because none of the following families were found: SimHei
2026-03-25 02:00:39,425 - root - ERROR - /data/coding/Construction.py:114: UserWarning: Glyph 37096 (\N{CJK UNIFIED IDEOGRAPH-90E8}) missing from font(s) DejaVu Sans.
2026-03-25 02:00:39,425 - root - ERROR -   plt.tight_layout()
2026-03-25 02:00:39,425 - root - ERROR - /data/coding/Construction.py:114: UserWarning: Glyph 20998 (\N{CJK UNIFIED IDEOGRAPH-5206}) missing from font(s) DejaVu Sans.
2026-03-25 02:00:39,426 - root - ERROR -   plt.tight_layout()
2026-03-25 02:00:39,426 - root - ERROR - /data/coding/Construction.py:114: UserWarning: Glyph 30456 (\N{CJK UNIFIED IDEOGRAPH-76F8}) missing from font(s) DejaVu Sans.
2026-03-25 02:00:39,426 - root - ERROR -   plt.tight_layout()
2026-03-25 02:00:39,426 - root - ERROR - /data/coding/Construction.py:114: UserWarning: Glyph 20851 (\N{CJK UNIFIED IDEOGRAPH-5173}) missing from font(s) DejaVu Sans.
2026-03-25 02:00:39,426 - root - ERROR -   plt.tight_layout()
2026-03-25 02:00:39,426 - root - ERROR - /data/coding/Construction.py:114: UserWarning: Glyph 32929 (\N{CJK UNIFIED IDEOGRAPH-80A1}) missing from font(s) DejaVu Sans.
2026-03-25 02:00:39,426 - root - ERROR -   plt.tight_layout()
2026-03-25 02:00:39,426 - root - ERROR - /data/coding/Construction.py:114: UserWarning: Glyph 31080 (\N{CJK UNIFIED IDEOGRAPH-7968}) missing from font(s) DejaVu Sans.
2026-03-25 02:00:39,427 - root - ERROR -   plt.tight_layout()
2026-03-25 02:00:39,427 - root - ERROR - /data/coding/Construction.py:114: UserWarning: Glyph 28909 (\N{CJK UNIFIED IDEOGRAPH-70ED}) missing from font(s) DejaVu Sans.
2026-03-25 02:00:39,427 - root - ERROR -   plt.tight_layout()
2026-03-25 02:00:39,427 - root - ERROR - /data/coding/Construction.py:114: UserWarning: Glyph 21147 (\N{CJK UNIFIED IDEOGRAPH-529B}) missing from font(s) DejaVu Sans.
2026-03-25 02:00:39,427 - root - ERROR -   plt.tight_layout()
2026-03-25 02:00:39,427 - root - ERROR - /data/coding/Construction.py:114: UserWarning: Glyph 22270 (\N{CJK UNIFIED IDEOGRAPH-56FE}) missing from font(s) DejaVu Sans.
2026-03-25 02:00:39,427 - root - ERROR -   plt.tight_layout()
2026-03-25 02:00:39,470 - matplotlib.font_manager - WARNING - findfont: Generic family 'sans-serif' not found because none of the following families were found: SimHei
2026-03-25 02:00:39,471 - matplotlib.font_manager - WARNING - findfont: Generic family 'sans-serif' not found because none of the following families were found: SimHei
2026-03-25 02:00:39,471 - root - ERROR - /data/coding/Construction.py:116: UserWarning: Glyph 23425 (\N{CJK UNIFIED IDEOGRAPH-5B81}) missing from font(s) DejaVu Sans.
2026-03-25 02:00:39,471 - root - ERROR -   plt.savefig(save_path, dpi=300, bbox_inches='tight')
2026-03-25 02:00:39,471 - root - ERROR - /data/coding/Construction.py:116: UserWarning: Glyph 24503 (\N{CJK UNIFIED IDEOGRAPH-5FB7}) missing from font(s) DejaVu Sans.
2026-03-25 02:00:39,471 - root - ERROR -   plt.savefig(save_path, dpi=300, bbox_inches='tight')
2026-03-25 02:00:39,471 - root - ERROR - /data/coding/Construction.py:116: UserWarning: Glyph 26102 (\N{CJK UNIFIED IDEOGRAPH-65F6}) missing from font(s) DejaVu Sans.
2026-03-25 02:00:39,471 - root - ERROR -   plt.savefig(save_path, dpi=300, bbox_inches='tight')
2026-03-25 02:00:39,472 - root - ERROR - /data/coding/Construction.py:116: UserWarning: Glyph 20195 (\N{CJK UNIFIED IDEOGRAPH-4EE3}) missing from font(s) DejaVu Sans.
2026-03-25 02:00:39,472 - root - ERROR -   plt.savefig(save_path, dpi=300, bbox_inches='tight')
2026-03-25 02:00:39,472 - matplotlib.font_manager - WARNING - findfont: Generic family 'sans-serif' not found because none of the following families were found: SimHei
2026-03-25 02:00:39,473 - root - ERROR - /data/coding/Construction.py:116: UserWarning: Glyph 21019 (\N{CJK UNIFIED IDEOGRAPH-521B}) missing from font(s) DejaVu Sans.
2026-03-25 02:00:39,473 - root - ERROR -   plt.savefig(save_path, dpi=300, bbox_inches='tight')
2026-03-25 02:00:39,473 - root - ERROR - /data/coding/Construction.py:116: UserWarning: Glyph 19994 (\N{CJK UNIFIED IDEOGRAPH-4E1A}) missing from font(s) DejaVu Sans.
2026-03-25 02:00:39,473 - root - ERROR -   plt.savefig(save_path, dpi=300, bbox_inches='tight')
2026-03-25 02:00:39,473 - root - ERROR - /data/coding/Construction.py:116: UserWarning: Glyph 26495 (\N{CJK UNIFIED IDEOGRAPH-677F}) missing from font(s) DejaVu Sans.
2026-03-25 02:00:39,473 - root - ERROR -   plt.savefig(save_path, dpi=300, bbox_inches='tight')
2026-03-25 02:00:39,473 - root - ERROR - /data/coding/Construction.py:116: UserWarning: Glyph 25351 (\N{CJK UNIFIED IDEOGRAPH-6307}) missing from font(s) DejaVu Sans.
2026-03-25 02:00:39,473 - root - ERROR -   plt.savefig(save_path, dpi=300, bbox_inches='tight')
2026-03-25 02:00:39,474 - matplotlib.font_manager - WARNING - findfont: Generic family 'sans-serif' not found because none of the following families were found: SimHei
2026-03-25 02:00:39,474 - root - ERROR - /data/coding/Construction.py:116: UserWarning: Glyph 28145 (\N{CJK UNIFIED IDEOGRAPH-6DF1}) missing from font(s) DejaVu Sans.
2026-03-25 02:00:39,475 - root - ERROR -   plt.savefig(save_path, dpi=300, bbox_inches='tight')
2026-03-25 02:00:39,475 - root - ERROR - /data/coding/Construction.py:116: UserWarning: Glyph 35777 (\N{CJK UNIFIED IDEOGRAPH-8BC1}) missing from font(s) DejaVu Sans.
2026-03-25 02:00:39,475 - root - ERROR -   plt.savefig(save_path, dpi=300, bbox_inches='tight')
2026-03-25 02:00:39,475 - root - ERROR - /data/coding/Construction.py:116: UserWarning: Glyph 25104 (\N{CJK UNIFIED IDEOGRAPH-6210}) missing from font(s) DejaVu Sans.
2026-03-25 02:00:39,475 - root - ERROR -   plt.savefig(save_path, dpi=300, bbox_inches='tight')
2026-03-25 02:00:39,475 - matplotlib.font_manager - WARNING - findfont: Generic family 'sans-serif' not found because none of the following families were found: SimHei
2026-03-25 02:00:39,476 - root - ERROR - /data/coding/Construction.py:116: UserWarning: Glyph 20159 (\N{CJK UNIFIED IDEOGRAPH-4EBF}) missing from font(s) DejaVu Sans.
2026-03-25 02:00:39,476 - root - ERROR -   plt.savefig(save_path, dpi=300, bbox_inches='tight')
2026-03-25 02:00:39,476 - root - ERROR - /data/coding/Construction.py:116: UserWarning: Glyph 32428 (\N{CJK UNIFIED IDEOGRAPH-7EAC}) missing from font(s) DejaVu Sans.
2026-03-25 02:00:39,476 - root - ERROR -   plt.savefig(save_path, dpi=300, bbox_inches='tight')
2026-03-25 02:00:39,477 - root - ERROR - /data/coding/Construction.py:116: UserWarning: Glyph 38146 (\N{CJK UNIFIED IDEOGRAPH-9502}) missing from font(s) DejaVu Sans.
2026-03-25 02:00:39,477 - root - ERROR -   plt.savefig(save_path, dpi=300, bbox_inches='tight')
2026-03-25 02:00:39,477 - root - ERROR - /data/coding/Construction.py:116: UserWarning: Glyph 33021 (\N{CJK UNIFIED IDEOGRAPH-80FD}) missing from font(s) DejaVu Sans.
2026-03-25 02:00:39,477 - root - ERROR -   plt.savefig(save_path, dpi=300, bbox_inches='tight')
2026-03-25 02:00:39,477 - matplotlib.font_manager - WARNING - findfont: Generic family 'sans-serif' not found because none of the following families were found: SimHei
2026-03-25 02:00:39,478 - root - ERROR - /data/coding/Construction.py:116: UserWarning: Glyph 24403 (\N{CJK UNIFIED IDEOGRAPH-5F53}) missing from font(s) DejaVu Sans.
2026-03-25 02:00:39,478 - root - ERROR -   plt.savefig(save_path, dpi=300, bbox_inches='tight')
2026-03-25 02:00:39,478 - root - ERROR - /data/coding/Construction.py:116: UserWarning: Glyph 21319 (\N{CJK UNIFIED IDEOGRAPH-5347}) missing from font(s) DejaVu Sans.
2026-03-25 02:00:39,478 - root - ERROR -   plt.savefig(save_path, dpi=300, bbox_inches='tight')
2026-03-25 02:00:39,478 - root - ERROR - /data/coding/Construction.py:116: UserWarning: Glyph 31185 (\N{CJK UNIFIED IDEOGRAPH-79D1}) missing from font(s) DejaVu Sans.
2026-03-25 02:00:39,478 - root - ERROR -   plt.savefig(save_path, dpi=300, bbox_inches='tight')
2026-03-25 02:00:39,479 - root - ERROR - /data/coding/Construction.py:116: UserWarning: Glyph 25216 (\N{CJK UNIFIED IDEOGRAPH-6280}) missing from font(s) DejaVu Sans.
2026-03-25 02:00:39,479 - root - ERROR -   plt.savefig(save_path, dpi=300, bbox_inches='tight')
2026-03-25 02:00:39,479 - matplotlib.font_manager - WARNING - findfont: Generic family 'sans-serif' not found because none of the following families were found: SimHei
2026-03-25 02:00:39,480 - root - ERROR - /data/coding/Construction.py:116: UserWarning: Glyph 27427 (\N{CJK UNIFIED IDEOGRAPH-6B23}) missing from font(s) DejaVu Sans.
2026-03-25 02:00:39,480 - root - ERROR -   plt.savefig(save_path, dpi=300, bbox_inches='tight')
2026-03-25 02:00:39,480 - root - ERROR - /data/coding/Construction.py:116: UserWarning: Glyph 26106 (\N{CJK UNIFIED IDEOGRAPH-65FA}) missing from font(s) DejaVu Sans.
2026-03-25 02:00:39,480 - root - ERROR -   plt.savefig(save_path, dpi=300, bbox_inches='tight')
2026-03-25 02:00:39,480 - root - ERROR - /data/coding/Construction.py:116: UserWarning: Glyph 36798 (\N{CJK UNIFIED IDEOGRAPH-8FBE}) missing from font(s) DejaVu Sans.
2026-03-25 02:00:39,480 - root - ERROR -   plt.savefig(save_path, dpi=300, bbox_inches='tight')
2026-03-25 02:00:39,481 - matplotlib.font_manager - WARNING - findfont: Generic family 'sans-serif' not found because none of the following families were found: SimHei
2026-03-25 02:00:39,481 - root - ERROR - /data/coding/Construction.py:116: UserWarning: Glyph 21033 (\N{CJK UNIFIED IDEOGRAPH-5229}) missing from font(s) DejaVu Sans.
2026-03-25 02:00:39,481 - root - ERROR -   plt.savefig(save_path, dpi=300, bbox_inches='tight')
2026-03-25 02:00:39,482 - matplotlib.font_manager - WARNING - findfont: Generic family 'sans-serif' not found because none of the following families were found: SimHei
2026-03-25 02:00:39,482 - root - ERROR - /data/coding/Construction.py:116: UserWarning: Glyph 20808 (\N{CJK UNIFIED IDEOGRAPH-5148}) missing from font(s) DejaVu Sans.
2026-03-25 02:00:39,483 - root - ERROR -   plt.savefig(save_path, dpi=300, bbox_inches='tight')
2026-03-25 02:00:39,483 - root - ERROR - /data/coding/Construction.py:116: UserWarning: Glyph 23548 (\N{CJK UNIFIED IDEOGRAPH-5BFC}) missing from font(s) DejaVu Sans.
2026-03-25 02:00:39,483 - root - ERROR -   plt.savefig(save_path, dpi=300, bbox_inches='tight')
2026-03-25 02:00:39,483 - root - ERROR - /data/coding/Construction.py:116: UserWarning: Glyph 26234 (\N{CJK UNIFIED IDEOGRAPH-667A}) missing from font(s) DejaVu Sans.
2026-03-25 02:00:39,483 - root - ERROR -   plt.savefig(save_path, dpi=300, bbox_inches='tight')
2026-03-25 02:00:39,483 - matplotlib.font_manager - WARNING - findfont: Generic family 'sans-serif' not found because none of the following families were found: SimHei
2026-03-25 02:00:39,484 - root - ERROR - /data/coding/Construction.py:116: UserWarning: Glyph 22269 (\N{CJK UNIFIED IDEOGRAPH-56FD}) missing from font(s) DejaVu Sans.
2026-03-25 02:00:39,484 - root - ERROR -   plt.savefig(save_path, dpi=300, bbox_inches='tight')
2026-03-25 02:00:39,484 - root - ERROR - /data/coding/Construction.py:116: UserWarning: Glyph 36713 (\N{CJK UNIFIED IDEOGRAPH-8F69}) missing from font(s) DejaVu Sans.
2026-03-25 02:00:39,484 - root - ERROR -   plt.savefig(save_path, dpi=300, bbox_inches='tight')
2026-03-25 02:00:39,485 - root - ERROR - /data/coding/Construction.py:116: UserWarning: Glyph 39640 (\N{CJK UNIFIED IDEOGRAPH-9AD8}) missing from font(s) DejaVu Sans.
2026-03-25 02:00:39,485 - root - ERROR -   plt.savefig(save_path, dpi=300, bbox_inches='tight')
2026-03-25 02:00:39,485 - matplotlib.font_manager - WARNING - findfont: Generic family 'sans-serif' not found because none of the following families were found: SimHei
2026-03-25 02:00:39,486 - root - ERROR - /data/coding/Construction.py:116: UserWarning: Glyph 36195 (\N{CJK UNIFIED IDEOGRAPH-8D63}) missing from font(s) DejaVu Sans.
2026-03-25 02:00:39,486 - root - ERROR -   plt.savefig(save_path, dpi=300, bbox_inches='tight')
2026-03-25 02:00:39,486 - root - ERROR - /data/coding/Construction.py:116: UserWarning: Glyph 38155 (\N{CJK UNIFIED IDEOGRAPH-950B}) missing from font(s) DejaVu Sans.
2026-03-25 02:00:39,486 - root - ERROR -   plt.savefig(save_path, dpi=300, bbox_inches='tight')
2026-03-25 02:00:39,487 - matplotlib.font_manager - WARNING - findfont: Generic family 'sans-serif' not found because none of the following families were found: SimHei
2026-03-25 02:00:39,487 - root - ERROR - /data/coding/Construction.py:116: UserWarning: Glyph 24681 (\N{CJK UNIFIED IDEOGRAPH-6069}) missing from font(s) DejaVu Sans.
2026-03-25 02:00:39,487 - root - ERROR -   plt.savefig(save_path, dpi=300, bbox_inches='tight')
2026-03-25 02:00:39,487 - root - ERROR - /data/coding/Construction.py:116: UserWarning: Glyph 25463 (\N{CJK UNIFIED IDEOGRAPH-6377}) missing from font(s) DejaVu Sans.
2026-03-25 02:00:39,488 - root - ERROR -   plt.savefig(save_path, dpi=300, bbox_inches='tight')
2026-03-25 02:00:39,488 - root - ERROR - /data/coding/Construction.py:116: UserWarning: Glyph 32929 (\N{CJK UNIFIED IDEOGRAPH-80A1}) missing from font(s) DejaVu Sans.
2026-03-25 02:00:39,488 - root - ERROR -   plt.savefig(save_path, dpi=300, bbox_inches='tight')
2026-03-25 02:00:39,488 - root - ERROR - /data/coding/Construction.py:116: UserWarning: Glyph 20221 (\N{CJK UNIFIED IDEOGRAPH-4EFD}) missing from font(s) DejaVu Sans.
2026-03-25 02:00:39,488 - root - ERROR -   plt.savefig(save_path, dpi=300, bbox_inches='tight')
2026-03-25 02:00:39,488 - matplotlib.font_manager - WARNING - findfont: Generic family 'sans-serif' not found because none of the following families were found: SimHei
2026-03-25 02:00:39,489 - root - ERROR - /data/coding/Construction.py:116: UserWarning: Glyph 29854 (\N{CJK UNIFIED IDEOGRAPH-749E}) missing from font(s) DejaVu Sans.
2026-03-25 02:00:39,489 - root - ERROR -   plt.savefig(save_path, dpi=300, bbox_inches='tight')
2026-03-25 02:00:39,489 - root - ERROR - /data/coding/Construction.py:116: UserWarning: Glyph 27888 (\N{CJK UNIFIED IDEOGRAPH-6CF0}) missing from font(s) DejaVu Sans.
2026-03-25 02:00:39,489 - root - ERROR -   plt.savefig(save_path, dpi=300, bbox_inches='tight')
2026-03-25 02:00:39,489 - root - ERROR - /data/coding/Construction.py:116: UserWarning: Glyph 26469 (\N{CJK UNIFIED IDEOGRAPH-6765}) missing from font(s) DejaVu Sans.
2026-03-25 02:00:39,490 - root - ERROR -   plt.savefig(save_path, dpi=300, bbox_inches='tight')
2026-03-25 02:00:39,490 - matplotlib.font_manager - WARNING - findfont: Generic family 'sans-serif' not found because none of the following families were found: SimHei
2026-03-25 02:00:39,491 - root - ERROR - /data/coding/Construction.py:116: UserWarning: Glyph 20013 (\N{CJK UNIFIED IDEOGRAPH-4E2D}) missing from font(s) DejaVu Sans.
2026-03-25 02:00:39,491 - root - ERROR -   plt.savefig(save_path, dpi=300, bbox_inches='tight')
2026-03-25 02:00:39,491 - root - ERROR - /data/coding/Construction.py:116: UserWarning: Glyph 30005 (\N{CJK UNIFIED IDEOGRAPH-7535}) missing from font(s) DejaVu Sans.
2026-03-25 02:00:39,491 - root - ERROR -   plt.savefig(save_path, dpi=300, bbox_inches='tight')
2026-03-25 02:00:39,491 - root - ERROR - /data/coding/Construction.py:116: UserWarning: Glyph 27668 (\N{CJK UNIFIED IDEOGRAPH-6C14}) missing from font(s) DejaVu Sans.
2026-03-25 02:00:39,491 - root - ERROR -   plt.savefig(save_path, dpi=300, bbox_inches='tight')
2026-03-25 02:00:39,492 - matplotlib.font_manager - WARNING - findfont: Generic family 'sans-serif' not found because none of the following families were found: SimHei
2026-03-25 02:00:39,492 - root - ERROR - /data/coding/Construction.py:116: UserWarning: Glyph 19978 (\N{CJK UNIFIED IDEOGRAPH-4E0A}) missing from font(s) DejaVu Sans.
2026-03-25 02:00:39,492 - root - ERROR -   plt.savefig(save_path, dpi=300, bbox_inches='tight')
2026-03-25 02:00:39,492 - root - ERROR - /data/coding/Construction.py:116: UserWarning: Glyph 32508 (\N{CJK UNIFIED IDEOGRAPH-7EFC}) missing from font(s) DejaVu Sans.
2026-03-25 02:00:39,493 - root - ERROR -   plt.savefig(save_path, dpi=300, bbox_inches='tight')
2026-03-25 02:00:39,493 - matplotlib.font_manager - WARNING - findfont: Generic family 'sans-serif' not found because none of the following families were found: SimHei
2026-03-25 02:00:39,494 - root - ERROR - /data/coding/Construction.py:116: UserWarning: Glyph 22825 (\N{CJK UNIFIED IDEOGRAPH-5929}) missing from font(s) DejaVu Sans.
2026-03-25 02:00:39,494 - root - ERROR -   plt.savefig(save_path, dpi=300, bbox_inches='tight')
2026-03-25 02:00:39,494 - root - ERROR - /data/coding/Construction.py:116: UserWarning: Glyph 36176 (\N{CJK UNIFIED IDEOGRAPH-8D50}) missing from font(s) DejaVu Sans.
2026-03-25 02:00:39,494 - root - ERROR -   plt.savefig(save_path, dpi=300, bbox_inches='tight')
2026-03-25 02:00:39,494 - root - ERROR - /data/coding/Construction.py:116: UserWarning: Glyph 26448 (\N{CJK UNIFIED IDEOGRAPH-6750}) missing from font(s) DejaVu Sans.
2026-03-25 02:00:39,494 - root - ERROR -   plt.savefig(save_path, dpi=300, bbox_inches='tight')
2026-03-25 02:00:39,494 - root - ERROR - /data/coding/Construction.py:116: UserWarning: Glyph 26009 (\N{CJK UNIFIED IDEOGRAPH-6599}) missing from font(s) DejaVu Sans.
2026-03-25 02:00:39,494 - root - ERROR -   plt.savefig(save_path, dpi=300, bbox_inches='tight')
2026-03-25 02:00:39,495 - matplotlib.font_manager - WARNING - findfont: Generic family 'sans-serif' not found because none of the following families were found: SimHei
2026-03-25 02:00:39,495 - root - ERROR - /data/coding/Construction.py:116: UserWarning: Glyph 26032 (\N{CJK UNIFIED IDEOGRAPH-65B0}) missing from font(s) DejaVu Sans.
2026-03-25 02:00:39,495 - root - ERROR -   plt.savefig(save_path, dpi=300, bbox_inches='tight')
2026-03-25 02:00:39,496 - root - ERROR - /data/coding/Construction.py:116: UserWarning: Glyph 23449 (\N{CJK UNIFIED IDEOGRAPH-5B99}) missing from font(s) DejaVu Sans.
2026-03-25 02:00:39,496 - root - ERROR -   plt.savefig(save_path, dpi=300, bbox_inches='tight')
2026-03-25 02:00:39,496 - root - ERROR - /data/coding/Construction.py:116: UserWarning: Glyph 37030 (\N{CJK UNIFIED IDEOGRAPH-90A6}) missing from font(s) DejaVu Sans.
2026-03-25 02:00:39,496 - root - ERROR -   plt.savefig(save_path, dpi=300, bbox_inches='tight')
2026-03-25 02:00:39,496 - matplotlib.font_manager - WARNING - findfont: Generic family 'sans-serif' not found because none of the following families were found: SimHei
2026-03-25 02:00:39,497 - root - ERROR - /data/coding/Construction.py:116: UserWarning: Glyph 21326 (\N{CJK UNIFIED IDEOGRAPH-534E}) missing from font(s) DejaVu Sans.
2026-03-25 02:00:39,497 - root - ERROR -   plt.savefig(save_path, dpi=300, bbox_inches='tight')
2026-03-25 02:00:39,497 - root - ERROR - /data/coding/Construction.py:116: UserWarning: Glyph 21451 (\N{CJK UNIFIED IDEOGRAPH-53CB}) missing from font(s) DejaVu Sans.
2026-03-25 02:00:39,497 - root - ERROR -   plt.savefig(save_path, dpi=300, bbox_inches='tight')
2026-03-25 02:00:39,497 - root - ERROR - /data/coding/Construction.py:116: UserWarning: Glyph 38068 (\N{CJK UNIFIED IDEOGRAPH-94B4}) missing from font(s) DejaVu Sans.
2026-03-25 02:00:39,497 - root - ERROR -   plt.savefig(save_path, dpi=300, bbox_inches='tight')
2026-03-25 02:00:39,498 - matplotlib.font_manager - WARNING - findfont: Generic family 'sans-serif' not found because none of the following families were found: SimHei
2026-03-25 02:00:39,499 - root - ERROR - /data/coding/Construction.py:116: UserWarning: Glyph 27604 (\N{CJK UNIFIED IDEOGRAPH-6BD4}) missing from font(s) DejaVu Sans.
2026-03-25 02:00:39,499 - root - ERROR -   plt.savefig(save_path, dpi=300, bbox_inches='tight')
2026-03-25 02:00:39,499 - root - ERROR - /data/coding/Construction.py:116: UserWarning: Glyph 20122 (\N{CJK UNIFIED IDEOGRAPH-4E9A}) missing from font(s) DejaVu Sans.
2026-03-25 02:00:39,499 - root - ERROR -   plt.savefig(save_path, dpi=300, bbox_inches='tight')
2026-03-25 02:00:39,499 - root - ERROR - /data/coding/Construction.py:116: UserWarning: Glyph 36842 (\N{CJK UNIFIED IDEOGRAPH-8FEA}) missing from font(s) DejaVu Sans.
2026-03-25 02:00:39,499 - root - ERROR -   plt.savefig(save_path, dpi=300, bbox_inches='tight')
2026-03-25 02:00:39,499 - matplotlib.font_manager - WARNING - findfont: Generic family 'sans-serif' not found because none of the following families were found: SimHei
2026-03-25 02:00:39,500 - root - ERROR - /data/coding/Construction.py:116: UserWarning: Glyph 26143 (\N{CJK UNIFIED IDEOGRAPH-661F}) missing from font(s) DejaVu Sans.
2026-03-25 02:00:39,500 - root - ERROR -   plt.savefig(save_path, dpi=300, bbox_inches='tight')
2026-03-25 02:00:39,500 - root - ERROR - /data/coding/Construction.py:116: UserWarning: Glyph 28304 (\N{CJK UNIFIED IDEOGRAPH-6E90}) missing from font(s) DejaVu Sans.
2026-03-25 02:00:39,500 - root - ERROR -   plt.savefig(save_path, dpi=300, bbox_inches='tight')
2026-03-25 02:00:39,501 - root - ERROR - /data/coding/Construction.py:116: UserWarning: Glyph 36136 (\N{CJK UNIFIED IDEOGRAPH-8D28}) missing from font(s) DejaVu Sans.
2026-03-25 02:00:39,501 - root - ERROR -   plt.savefig(save_path, dpi=300, bbox_inches='tight')
2026-03-25 02:00:39,501 - matplotlib.font_manager - WARNING - findfont: Generic family 'sans-serif' not found because none of the following families were found: SimHei
2026-03-25 02:00:39,502 - root - ERROR - /data/coding/Construction.py:116: UserWarning: Glyph 29305 (\N{CJK UNIFIED IDEOGRAPH-7279}) missing from font(s) DejaVu Sans.
2026-03-25 02:00:39,502 - root - ERROR -   plt.savefig(save_path, dpi=300, bbox_inches='tight')
2026-03-25 02:00:39,502 - root - ERROR - /data/coding/Construction.py:116: UserWarning: Glyph 38160 (\N{CJK UNIFIED IDEOGRAPH-9510}) missing from font(s) DejaVu Sans.
2026-03-25 02:00:39,502 - root - ERROR -   plt.savefig(save_path, dpi=300, bbox_inches='tight')
2026-03-25 02:00:39,502 - matplotlib.font_manager - WARNING - findfont: Generic family 'sans-serif' not found because none of the following families were found: SimHei
2026-03-25 02:00:39,503 - root - ERROR - /data/coding/Construction.py:116: UserWarning: Glyph 38451 (\N{CJK UNIFIED IDEOGRAPH-9633}) missing from font(s) DejaVu Sans.
2026-03-25 02:00:39,503 - root - ERROR -   plt.savefig(save_path, dpi=300, bbox_inches='tight')
2026-03-25 02:00:39,503 - root - ERROR - /data/coding/Construction.py:116: UserWarning: Glyph 20809 (\N{CJK UNIFIED IDEOGRAPH-5149}) missing from font(s) DejaVu Sans.
2026-03-25 02:00:39,503 - root - ERROR -   plt.savefig(save_path, dpi=300, bbox_inches='tight')
2026-03-25 02:00:39,504 - matplotlib.font_manager - WARNING - findfont: Generic family 'sans-serif' not found because none of the following families were found: SimHei
2026-03-25 02:00:39,505 - root - ERROR - /data/coding/Construction.py:116: UserWarning: Glyph 26230 (\N{CJK UNIFIED IDEOGRAPH-6676}) missing from font(s) DejaVu Sans.
2026-03-25 02:00:39,505 - root - ERROR -   plt.savefig(save_path, dpi=300, bbox_inches='tight')
2026-03-25 02:00:39,505 - root - ERROR - /data/coding/Construction.py:116: UserWarning: Glyph 30427 (\N{CJK UNIFIED IDEOGRAPH-76DB}) missing from font(s) DejaVu Sans.
2026-03-25 02:00:39,505 - root - ERROR -   plt.savefig(save_path, dpi=300, bbox_inches='tight')
2026-03-25 02:00:39,505 - root - ERROR - /data/coding/Construction.py:116: UserWarning: Glyph 26426 (\N{CJK UNIFIED IDEOGRAPH-673A}) missing from font(s) DejaVu Sans.
2026-03-25 02:00:39,505 - root - ERROR -   plt.savefig(save_path, dpi=300, bbox_inches='tight')
2026-03-25 02:00:39,506 - matplotlib.font_manager - WARNING - findfont: Generic family 'sans-serif' not found because none of the following families were found: SimHei
2026-03-25 02:00:39,506 - root - ERROR - /data/coding/Construction.py:116: UserWarning: Glyph 26441 (\N{CJK UNIFIED IDEOGRAPH-6749}) missing from font(s) DejaVu Sans.
2026-03-25 02:00:39,506 - root - ERROR -   plt.savefig(save_path, dpi=300, bbox_inches='tight')
2026-03-25 02:00:39,507 - matplotlib.font_manager - WARNING - findfont: Generic family 'sans-serif' not found because none of the following families were found: SimHei
2026-03-25 02:00:39,508 - root - ERROR - /data/coding/Construction.py:116: UserWarning: Glyph 38597 (\N{CJK UNIFIED IDEOGRAPH-96C5}) missing from font(s) DejaVu Sans.
2026-03-25 02:00:39,508 - root - ERROR -   plt.savefig(save_path, dpi=300, bbox_inches='tight')
2026-03-25 02:00:39,508 - root - ERROR - /data/coding/Construction.py:116: UserWarning: Glyph 21270 (\N{CJK UNIFIED IDEOGRAPH-5316}) missing from font(s) DejaVu Sans.
2026-03-25 02:00:39,508 - root - ERROR -   plt.savefig(save_path, dpi=300, bbox_inches='tight')
2026-03-25 02:00:39,508 - root - ERROR - /data/coding/Construction.py:116: UserWarning: Glyph 38598 (\N{CJK UNIFIED IDEOGRAPH-96C6}) missing from font(s) DejaVu Sans.
2026-03-25 02:00:39,508 - root - ERROR -   plt.savefig(save_path, dpi=300, bbox_inches='tight')
2026-03-25 02:00:39,508 - root - ERROR - /data/coding/Construction.py:116: UserWarning: Glyph 22242 (\N{CJK UNIFIED IDEOGRAPH-56E2}) missing from font(s) DejaVu Sans.
2026-03-25 02:00:39,508 - root - ERROR -   plt.savefig(save_path, dpi=300, bbox_inches='tight')
2026-03-25 02:00:39,509 - matplotlib.font_manager - WARNING - findfont: Generic family 'sans-serif' not found because none of the following families were found: SimHei
2026-03-25 02:00:39,509 - root - ERROR - /data/coding/Construction.py:116: UserWarning: Glyph 26684 (\N{CJK UNIFIED IDEOGRAPH-683C}) missing from font(s) DejaVu Sans.
2026-03-25 02:00:39,509 - root - ERROR -   plt.savefig(save_path, dpi=300, bbox_inches='tight')
2026-03-25 02:00:39,510 - root - ERROR - /data/coding/Construction.py:116: UserWarning: Glyph 26519 (\N{CJK UNIFIED IDEOGRAPH-6797}) missing from font(s) DejaVu Sans.
2026-03-25 02:00:39,510 - root - ERROR -   plt.savefig(save_path, dpi=300, bbox_inches='tight')
2026-03-25 02:00:39,510 - root - ERROR - /data/coding/Construction.py:116: UserWarning: Glyph 32654 (\N{CJK UNIFIED IDEOGRAPH-7F8E}) missing from font(s) DejaVu Sans.
2026-03-25 02:00:39,510 - root - ERROR -   plt.savefig(save_path, dpi=300, bbox_inches='tight')
2026-03-25 02:00:39,510 - matplotlib.font_manager - WARNING - findfont: Generic family 'sans-serif' not found because none of the following families were found: SimHei
2026-03-25 02:00:39,511 - root - ERROR - /data/coding/Construction.py:116: UserWarning: Glyph 35834 (\N{CJK UNIFIED IDEOGRAPH-8BFA}) missing from font(s) DejaVu Sans.
2026-03-25 02:00:39,511 - root - ERROR -   plt.savefig(save_path, dpi=300, bbox_inches='tight')
2026-03-25 02:00:39,512 - matplotlib.font_manager - WARNING - findfont: Generic family 'sans-serif' not found because none of the following families were found: SimHei
2026-03-25 02:00:39,512 - root - ERROR - /data/coding/Construction.py:116: UserWarning: Glyph 38534 (\N{CJK UNIFIED IDEOGRAPH-9686}) missing from font(s) DejaVu Sans.
2026-03-25 02:00:39,512 - root - ERROR -   plt.savefig(save_path, dpi=300, bbox_inches='tight')
2026-03-25 02:00:39,512 - root - ERROR - /data/coding/Construction.py:116: UserWarning: Glyph 22522 (\N{CJK UNIFIED IDEOGRAPH-57FA}) missing from font(s) DejaVu Sans.
2026-03-25 02:00:39,512 - root - ERROR -   plt.savefig(save_path, dpi=300, bbox_inches='tight')
2026-03-25 02:00:39,513 - root - ERROR - /data/coding/Construction.py:116: UserWarning: Glyph 32511 (\N{CJK UNIFIED IDEOGRAPH-7EFF}) missing from font(s) DejaVu Sans.
2026-03-25 02:00:39,513 - root - ERROR -   plt.savefig(save_path, dpi=300, bbox_inches='tight')
2026-03-25 02:00:39,513 - matplotlib.font_manager - WARNING - findfont: Generic family 'sans-serif' not found because none of the following families were found: SimHei
2026-03-25 02:00:39,514 - root - ERROR - /data/coding/Construction.py:116: UserWarning: Glyph 40527 (\N{CJK UNIFIED IDEOGRAPH-9E4F}) missing from font(s) DejaVu Sans.
2026-03-25 02:00:39,514 - root - ERROR -   plt.savefig(save_path, dpi=300, bbox_inches='tight')
2026-03-25 02:00:39,514 - root - ERROR - /data/coding/Construction.py:116: UserWarning: Glyph 36745 (\N{CJK UNIFIED IDEOGRAPH-8F89}) missing from font(s) DejaVu Sans.
2026-03-25 02:00:39,514 - root - ERROR -   plt.savefig(save_path, dpi=300, bbox_inches='tight')
2026-03-25 02:00:39,515 - matplotlib.font_manager - WARNING - findfont: Generic family 'sans-serif' not found because none of the following families were found: SimHei
2026-03-25 02:00:39,515 - root - ERROR - /data/coding/Construction.py:116: UserWarning: Glyph 40784 (\N{CJK UNIFIED IDEOGRAPH-9F50}) missing from font(s) DejaVu Sans.
2026-03-25 02:00:39,515 - root - ERROR -   plt.savefig(save_path, dpi=300, bbox_inches='tight')
2026-03-25 02:00:39,516 - matplotlib.font_manager - WARNING - findfont: Generic family 'sans-serif' not found because none of the following families were found: SimHei
2026-03-25 02:00:39,517 - root - ERROR - /data/coding/Construction.py:116: UserWarning: Glyph 29615 (\N{CJK UNIFIED IDEOGRAPH-73AF}) missing from font(s) DejaVu Sans.
2026-03-25 02:00:39,517 - root - ERROR -   plt.savefig(save_path, dpi=300, bbox_inches='tight')
2026-03-25 02:00:39,523 - matplotlib.font_manager - WARNING - findfont: Generic family 'sans-serif' not found because none of the following families were found: SimHei
2026-03-25 02:00:39,524 - matplotlib.font_manager - WARNING - findfont: Generic family 'sans-serif' not found because none of the following families were found: SimHei
2026-03-25 02:00:39,524 - root - ERROR - /data/coding/Construction.py:116: UserWarning: Glyph 37096 (\N{CJK UNIFIED IDEOGRAPH-90E8}) missing from font(s) DejaVu Sans.
2026-03-25 02:00:39,524 - root - ERROR -   plt.savefig(save_path, dpi=300, bbox_inches='tight')
2026-03-25 02:00:39,524 - root - ERROR - /data/coding/Construction.py:116: UserWarning: Glyph 20998 (\N{CJK UNIFIED IDEOGRAPH-5206}) missing from font(s) DejaVu Sans.
2026-03-25 02:00:39,524 - root - ERROR -   plt.savefig(save_path, dpi=300, bbox_inches='tight')
2026-03-25 02:00:39,524 - root - ERROR - /data/coding/Construction.py:116: UserWarning: Glyph 30456 (\N{CJK UNIFIED IDEOGRAPH-76F8}) missing from font(s) DejaVu Sans.
2026-03-25 02:00:39,525 - root - ERROR -   plt.savefig(save_path, dpi=300, bbox_inches='tight')
2026-03-25 02:00:39,525 - root - ERROR - /data/coding/Construction.py:116: UserWarning: Glyph 20851 (\N{CJK UNIFIED IDEOGRAPH-5173}) missing from font(s) DejaVu Sans.
2026-03-25 02:00:39,525 - root - ERROR -   plt.savefig(save_path, dpi=300, bbox_inches='tight')
2026-03-25 02:00:39,525 - root - ERROR - /data/coding/Construction.py:116: UserWarning: Glyph 31080 (\N{CJK UNIFIED IDEOGRAPH-7968}) missing from font(s) DejaVu Sans.
2026-03-25 02:00:39,525 - root - ERROR -   plt.savefig(save_path, dpi=300, bbox_inches='tight')
2026-03-25 02:00:39,525 - root - ERROR - /data/coding/Construction.py:116: UserWarning: Glyph 28909 (\N{CJK UNIFIED IDEOGRAPH-70ED}) missing from font(s) DejaVu Sans.
2026-03-25 02:00:39,525 - root - ERROR -   plt.savefig(save_path, dpi=300, bbox_inches='tight')
2026-03-25 02:00:39,525 - root - ERROR - /data/coding/Construction.py:116: UserWarning: Glyph 21147 (\N{CJK UNIFIED IDEOGRAPH-529B}) missing from font(s) DejaVu Sans.
2026-03-25 02:00:39,526 - root - ERROR -   plt.savefig(save_path, dpi=300, bbox_inches='tight')
2026-03-25 02:00:39,526 - root - ERROR - /data/coding/Construction.py:116: UserWarning: Glyph 22270 (\N{CJK UNIFIED IDEOGRAPH-56FE}) missing from font(s) DejaVu Sans.
2026-03-25 02:00:39,526 - root - ERROR -   plt.savefig(save_path, dpi=300, bbox_inches='tight')
2026-03-25 02:00:39,576 - matplotlib.font_manager - WARNING - findfont: Generic family 'sans-serif' not found because none of the following families were found: SimHei
2026-03-25 02:00:39,576 - matplotlib.font_manager - WARNING - findfont: Generic family 'sans-serif' not found because none of the following families were found: SimHei
2026-03-25 02:00:39,577 - matplotlib.font_manager - WARNING - findfont: Generic family 'sans-serif' not found because none of the following families were found: SimHei
2026-03-25 02:00:39,577 - matplotlib.font_manager - WARNING - findfont: Generic family 'sans-serif' not found because none of the following families were found: SimHei
2026-03-25 02:00:39,578 - matplotlib.font_manager - WARNING - findfont: Generic family 'sans-serif' not found because none of the following families were found: SimHei
2026-03-25 02:00:39,578 - matplotlib.font_manager - WARNING - findfont: Generic family 'sans-serif' not found because none of the following families were found: SimHei
2026-03-25 02:00:39,578 - matplotlib.font_manager - WARNING - findfont: Generic family 'sans-serif' not found because none of the following families were found: SimHei
2026-03-25 02:00:39,674 - matplotlib.font_manager - WARNING - findfont: Generic family 'sans-serif' not found because none of the following families were found: SimHei
2026-03-25 02:00:39,674 - matplotlib.font_manager - WARNING - findfont: Generic family 'sans-serif' not found because none of the following families were found: SimHei
2026-03-25 02:00:39,675 - matplotlib.font_manager - WARNING - findfont: Generic family 'sans-serif' not found because none of the following families were found: SimHei
2026-03-25 02:00:39,676 - matplotlib.font_manager - WARNING - findfont: Generic family 'sans-serif' not found because none of the following families were found: SimHei
2026-03-25 02:00:39,678 - matplotlib.font_manager - WARNING - findfont: Generic family 'sans-serif' not found because none of the following families were found: SimHei
2026-03-25 02:00:39,679 - matplotlib.font_manager - WARNING - findfont: Generic family 'sans-serif' not found because none of the following families were found: SimHei
2026-03-25 02:00:39,680 - matplotlib.font_manager - WARNING - findfont: Generic family 'sans-serif' not found because none of the following families were found: SimHei
2026-03-25 02:00:39,681 - matplotlib.font_manager - WARNING - findfont: Generic family 'sans-serif' not found because none of the following families were found: SimHei
2026-03-25 02:00:39,682 - matplotlib.font_manager - WARNING - findfont: Generic family 'sans-serif' not found because none of the following families were found: SimHei
2026-03-25 02:00:39,683 - matplotlib.font_manager - WARNING - findfont: Generic family 'sans-serif' not found because none of the following families were found: SimHei
2026-03-25 02:00:39,685 - matplotlib.font_manager - WARNING - findfont: Generic family 'sans-serif' not found because none of the following families were found: SimHei
2026-03-25 02:00:39,686 - matplotlib.font_manager - WARNING - findfont: Generic family 'sans-serif' not found because none of the following families were found: SimHei
2026-03-25 02:00:39,687 - matplotlib.font_manager - WARNING - findfont: Generic family 'sans-serif' not found because none of the following families were found: SimHei
2026-03-25 02:00:39,688 - matplotlib.font_manager - WARNING - findfont: Generic family 'sans-serif' not found because none of the following families were found: SimHei
2026-03-25 02:00:39,689 - matplotlib.font_manager - WARNING - findfont: Generic family 'sans-serif' not found because none of the following families were found: SimHei
2026-03-25 02:00:39,690 - matplotlib.font_manager - WARNING - findfont: Generic family 'sans-serif' not found because none of the following families were found: SimHei
2026-03-25 02:00:39,691 - matplotlib.font_manager - WARNING - findfont: Generic family 'sans-serif' not found because none of the following families were found: SimHei
2026-03-25 02:00:39,693 - matplotlib.font_manager - WARNING - findfont: Generic family 'sans-serif' not found because none of the following families were found: SimHei
2026-03-25 02:00:39,694 - matplotlib.font_manager - WARNING - findfont: Generic family 'sans-serif' not found because none of the following families were found: SimHei
2026-03-25 02:00:39,695 - matplotlib.font_manager - WARNING - findfont: Generic family 'sans-serif' not found because none of the following families were found: SimHei
2026-03-25 02:00:39,696 - matplotlib.font_manager - WARNING - findfont: Generic family 'sans-serif' not found because none of the following families were found: SimHei
2026-03-25 02:00:39,697 - matplotlib.font_manager - WARNING - findfont: Generic family 'sans-serif' not found because none of the following families were found: SimHei
2026-03-25 02:00:39,698 - matplotlib.font_manager - WARNING - findfont: Generic family 'sans-serif' not found because none of the following families were found: SimHei
2026-03-25 02:00:39,699 - matplotlib.font_manager - WARNING - findfont: Generic family 'sans-serif' not found because none of the following families were found: SimHei
2026-03-25 02:00:39,700 - matplotlib.font_manager - WARNING - findfont: Generic family 'sans-serif' not found because none of the following families were found: SimHei
2026-03-25 02:00:39,701 - matplotlib.font_manager - WARNING - findfont: Generic family 'sans-serif' not found because none of the following families were found: SimHei
2026-03-25 02:00:39,702 - matplotlib.font_manager - WARNING - findfont: Generic family 'sans-serif' not found because none of the following families were found: SimHei
2026-03-25 02:00:39,704 - matplotlib.font_manager - WARNING - findfont: Generic family 'sans-serif' not found because none of the following families were found: SimHei
2026-03-25 02:00:39,705 - matplotlib.font_manager - WARNING - findfont: Generic family 'sans-serif' not found because none of the following families were found: SimHei
2026-03-25 02:00:39,706 - matplotlib.font_manager - WARNING - findfont: Generic family 'sans-serif' not found because none of the following families were found: SimHei
2026-03-25 02:00:39,707 - matplotlib.font_manager - WARNING - findfont: Generic family 'sans-serif' not found because none of the following families were found: SimHei
2026-03-25 02:00:39,715 - matplotlib.font_manager - WARNING - findfont: Generic family 'sans-serif' not found because none of the following families were found: SimHei
2026-03-25 02:00:39,715 - matplotlib.font_manager - WARNING - findfont: Generic family 'sans-serif' not found because none of the following families were found: SimHei
2026-03-25 02:00:39,751 - matplotlib.font_manager - WARNING - findfont: Generic family 'sans-serif' not found because none of the following families were found: SimHei
2026-03-25 02:00:39,752 - matplotlib.font_manager - WARNING - findfont: Generic family 'sans-serif' not found because none of the following families were found: SimHei
2026-03-25 02:00:39,755 - matplotlib.font_manager - WARNING - findfont: Generic family 'sans-serif' not found because none of the following families were found: SimHei
2026-03-25 02:00:39,758 - matplotlib.font_manager - WARNING - findfont: Generic family 'sans-serif' not found because none of the following families were found: SimHei
2026-03-25 02:00:39,760 - matplotlib.font_manager - WARNING - findfont: Generic family 'sans-serif' not found because none of the following families were found: SimHei
2026-03-25 02:00:39,763 - matplotlib.font_manager - WARNING - findfont: Generic family 'sans-serif' not found because none of the following families were found: SimHei
2026-03-25 02:00:39,766 - matplotlib.font_manager - WARNING - findfont: Generic family 'sans-serif' not found because none of the following families were found: SimHei
2026-03-25 02:00:39,769 - matplotlib.font_manager - WARNING - findfont: Generic family 'sans-serif' not found because none of the following families were found: SimHei
2026-03-25 02:00:39,772 - matplotlib.font_manager - WARNING - findfont: Generic family 'sans-serif' not found because none of the following families were found: SimHei
2026-03-25 02:00:39,775 - matplotlib.font_manager - WARNING - findfont: Generic family 'sans-serif' not found because none of the following families were found: SimHei
2026-03-25 02:00:39,778 - matplotlib.font_manager - WARNING - findfont: Generic family 'sans-serif' not found because none of the following families were found: SimHei
2026-03-25 02:00:39,781 - matplotlib.font_manager - WARNING - findfont: Generic family 'sans-serif' not found because none of the following families were found: SimHei
2026-03-25 02:00:39,784 - matplotlib.font_manager - WARNING - findfont: Generic family 'sans-serif' not found because none of the following families were found: SimHei
2026-03-25 02:00:39,787 - matplotlib.font_manager - WARNING - findfont: Generic family 'sans-serif' not found because none of the following families were found: SimHei
2026-03-25 02:00:39,789 - matplotlib.font_manager - WARNING - findfont: Generic family 'sans-serif' not found because none of the following families were found: SimHei
2026-03-25 02:00:39,792 - matplotlib.font_manager - WARNING - findfont: Generic family 'sans-serif' not found because none of the following families were found: SimHei
2026-03-25 02:00:39,795 - matplotlib.font_manager - WARNING - findfont: Generic family 'sans-serif' not found because none of the following families were found: SimHei
2026-03-25 02:00:39,798 - matplotlib.font_manager - WARNING - findfont: Generic family 'sans-serif' not found because none of the following families were found: SimHei
2026-03-25 02:00:39,801 - matplotlib.font_manager - WARNING - findfont: Generic family 'sans-serif' not found because none of the following families were found: SimHei
2026-03-25 02:00:39,804 - matplotlib.font_manager - WARNING - findfont: Generic family 'sans-serif' not found because none of the following families were found: SimHei
2026-03-25 02:00:39,807 - matplotlib.font_manager - WARNING - findfont: Generic family 'sans-serif' not found because none of the following families were found: SimHei
2026-03-25 02:00:39,810 - matplotlib.font_manager - WARNING - findfont: Generic family 'sans-serif' not found because none of the following families were found: SimHei
2026-03-25 02:00:39,813 - matplotlib.font_manager - WARNING - findfont: Generic family 'sans-serif' not found because none of the following families were found: SimHei
2026-03-25 02:00:39,816 - matplotlib.font_manager - WARNING - findfont: Generic family 'sans-serif' not found because none of the following families were found: SimHei
2026-03-25 02:00:39,819 - matplotlib.font_manager - WARNING - findfont: Generic family 'sans-serif' not found because none of the following families were found: SimHei
2026-03-25 02:00:39,821 - matplotlib.font_manager - WARNING - findfont: Generic family 'sans-serif' not found because none of the following families were found: SimHei
2026-03-25 02:00:39,824 - matplotlib.font_manager - WARNING - findfont: Generic family 'sans-serif' not found because none of the following families were found: SimHei
2026-03-25 02:00:39,827 - matplotlib.font_manager - WARNING - findfont: Generic family 'sans-serif' not found because none of the following families were found: SimHei
2026-03-25 02:00:39,830 - matplotlib.font_manager - WARNING - findfont: Generic family 'sans-serif' not found because none of the following families were found: SimHei
2026-03-25 02:00:39,833 - matplotlib.font_manager - WARNING - findfont: Generic family 'sans-serif' not found because none of the following families were found: SimHei
2026-03-25 02:00:39,848 - matplotlib.font_manager - WARNING - findfont: Generic family 'sans-serif' not found because none of the following families were found: SimHei
2026-03-25 02:00:39,849 - matplotlib.font_manager - WARNING - findfont: Generic family 'sans-serif' not found because none of the following families were found: SimHei
2026-03-25 02:00:39,851 - matplotlib.font_manager - WARNING - findfont: Generic family 'sans-serif' not found because none of the following families were found: SimHei
2026-03-25 02:00:39,853 - matplotlib.font_manager - WARNING - findfont: Generic family 'sans-serif' not found because none of the following families were found: SimHei
2026-03-25 02:00:39,854 - matplotlib.font_manager - WARNING - findfont: Generic family 'sans-serif' not found because none of the following families were found: SimHei
2026-03-25 02:00:39,856 - matplotlib.font_manager - WARNING - findfont: Generic family 'sans-serif' not found because none of the following families were found: SimHei
2026-03-25 02:00:39,858 - matplotlib.font_manager - WARNING - findfont: Generic family 'sans-serif' not found because none of the following families were found: SimHei
2026-03-25 02:00:39,859 - matplotlib.font_manager - WARNING - findfont: Generic family 'sans-serif' not found because none of the following families were found: SimHei
2026-03-25 02:00:39,861 - matplotlib.font_manager - WARNING - findfont: Generic family 'sans-serif' not found because none of the following families were found: SimHei
2026-03-25 02:00:39,863 - matplotlib.font_manager - WARNING - findfont: Generic family 'sans-serif' not found because none of the following families were found: SimHei
2026-03-25 02:00:39,865 - matplotlib.font_manager - WARNING - findfont: Generic family 'sans-serif' not found because none of the following families were found: SimHei
2026-03-25 02:00:39,866 - matplotlib.font_manager - WARNING - findfont: Generic family 'sans-serif' not found because none of the following families were found: SimHei
2026-03-25 02:00:39,868 - matplotlib.font_manager - WARNING - findfont: Generic family 'sans-serif' not found because none of the following families were found: SimHei
2026-03-25 02:00:39,870 - matplotlib.font_manager - WARNING - findfont: Generic family 'sans-serif' not found because none of the following families were found: SimHei
2026-03-25 02:00:39,871 - matplotlib.font_manager - WARNING - findfont: Generic family 'sans-serif' not found because none of the following families were found: SimHei
2026-03-25 02:00:39,873 - matplotlib.font_manager - WARNING - findfont: Generic family 'sans-serif' not found because none of the following families were found: SimHei
2026-03-25 02:00:39,875 - matplotlib.font_manager - WARNING - findfont: Generic family 'sans-serif' not found because none of the following families were found: SimHei
2026-03-25 02:00:39,876 - matplotlib.font_manager - WARNING - findfont: Generic family 'sans-serif' not found because none of the following families were found: SimHei
2026-03-25 02:00:39,878 - matplotlib.font_manager - WARNING - findfont: Generic family 'sans-serif' not found because none of the following families were found: SimHei
2026-03-25 02:00:39,880 - matplotlib.font_manager - WARNING - findfont: Generic family 'sans-serif' not found because none of the following families were found: SimHei
2026-03-25 02:00:39,881 - matplotlib.font_manager - WARNING - findfont: Generic family 'sans-serif' not found because none of the following families were found: SimHei
2026-03-25 02:00:39,883 - matplotlib.font_manager - WARNING - findfont: Generic family 'sans-serif' not found because none of the following families were found: SimHei
2026-03-25 02:00:39,885 - matplotlib.font_manager - WARNING - findfont: Generic family 'sans-serif' not found because none of the following families were found: SimHei
2026-03-25 02:00:39,886 - matplotlib.font_manager - WARNING - findfont: Generic family 'sans-serif' not found because none of the following families were found: SimHei
2026-03-25 02:00:39,888 - matplotlib.font_manager - WARNING - findfont: Generic family 'sans-serif' not found because none of the following families were found: SimHei
2026-03-25 02:00:39,890 - matplotlib.font_manager - WARNING - findfont: Generic family 'sans-serif' not found because none of the following families were found: SimHei
2026-03-25 02:00:39,892 - matplotlib.font_manager - WARNING - findfont: Generic family 'sans-serif' not found because none of the following families were found: SimHei
2026-03-25 02:00:39,893 - matplotlib.font_manager - WARNING - findfont: Generic family 'sans-serif' not found because none of the following families were found: SimHei
2026-03-25 02:00:39,895 - matplotlib.font_manager - WARNING - findfont: Generic family 'sans-serif' not found because none of the following families were found: SimHei
2026-03-25 02:00:39,897 - matplotlib.font_manager - WARNING - findfont: Generic family 'sans-serif' not found because none of the following families were found: SimHei
2026-03-25 02:00:39,905 - matplotlib.font_manager - WARNING - findfont: Generic family 'sans-serif' not found because none of the following families were found: SimHei
2026-03-25 02:00:39,909 - matplotlib.font_manager - WARNING - findfont: Generic family 'sans-serif' not found because none of the following families were found: SimHei
2026-03-25 02:00:39,910 - matplotlib.font_manager - WARNING - findfont: Generic family 'sans-serif' not found because none of the following families were found: SimHei
2026-03-25 02:00:39,910 - matplotlib.font_manager - WARNING - findfont: Generic family 'sans-serif' not found because none of the following families were found: SimHei
2026-03-25 02:00:39,911 - matplotlib.font_manager - WARNING - findfont: Generic family 'sans-serif' not found because none of the following families were found: SimHei
2026-03-25 02:00:39,911 - matplotlib.font_manager - WARNING - findfont: Generic family 'sans-serif' not found because none of the following families were found: SimHei
2026-03-25 02:00:39,912 - matplotlib.font_manager - WARNING - findfont: Generic family 'sans-serif' not found because none of the following families were found: SimHei
2026-03-25 02:00:39,912 - matplotlib.font_manager - WARNING - findfont: Generic family 'sans-serif' not found because none of the following families were found: SimHei
2026-03-25 02:00:39,913 - matplotlib.font_manager - WARNING - findfont: Generic family 'sans-serif' not found because none of the following families were found: SimHei
2026-03-25 02:00:39,914 - matplotlib.font_manager - WARNING - findfont: Generic family 'sans-serif' not found because none of the following families were found: SimHei
2026-03-25 02:00:39,915 - matplotlib.font_manager - WARNING - findfont: Generic family 'sans-serif' not found because none of the following families were found: SimHei
2026-03-25 02:00:39,916 - matplotlib.font_manager - WARNING - findfont: Generic family 'sans-serif' not found because none of the following families were found: SimHei
2026-03-25 02:00:39,917 - matplotlib.font_manager - WARNING - findfont: Generic family 'sans-serif' not found because none of the following families were found: SimHei
2026-03-25 02:00:39,917 - matplotlib.font_manager - WARNING - findfont: Generic family 'sans-serif' not found because none of the following families were found: SimHei
2026-03-25 02:00:39,918 - matplotlib.font_manager - WARNING - findfont: Generic family 'sans-serif' not found because none of the following families were found: SimHei
2026-03-25 02:00:40,474 - matplotlib.font_manager - WARNING - findfont: Generic family 'sans-serif' not found because none of the following families were found: SimHei
2026-03-25 02:00:40,474 - matplotlib.font_manager - WARNING - findfont: Generic family 'sans-serif' not found because none of the following families were found: SimHei
2026-03-25 02:00:40,475 - matplotlib.font_manager - WARNING - findfont: Generic family 'sans-serif' not found because none of the following families were found: SimHei
2026-03-25 02:00:40,476 - matplotlib.font_manager - WARNING - findfont: Generic family 'sans-serif' not found because none of the following families were found: SimHei
2026-03-25 02:00:40,477 - matplotlib.font_manager - WARNING - findfont: Generic family 'sans-serif' not found because none of the following families were found: SimHei
2026-03-25 02:00:40,478 - matplotlib.font_manager - WARNING - findfont: Generic family 'sans-serif' not found because none of the following families were found: SimHei
2026-03-25 02:00:40,480 - matplotlib.font_manager - WARNING - findfont: Generic family 'sans-serif' not found because none of the following families were found: SimHei
2026-03-25 02:00:40,481 - matplotlib.font_manager - WARNING - findfont: Generic family 'sans-serif' not found because none of the following families were found: SimHei
2026-03-25 02:00:40,482 - matplotlib.font_manager - WARNING - findfont: Generic family 'sans-serif' not found because none of the following families were found: SimHei
2026-03-25 02:00:40,483 - matplotlib.font_manager - WARNING - findfont: Generic family 'sans-serif' not found because none of the following families were found: SimHei
2026-03-25 02:00:40,484 - matplotlib.font_manager - WARNING - findfont: Generic family 'sans-serif' not found because none of the following families were found: SimHei
2026-03-25 02:00:40,485 - matplotlib.font_manager - WARNING - findfont: Generic family 'sans-serif' not found because none of the following families were found: SimHei
2026-03-25 02:00:40,486 - matplotlib.font_manager - WARNING - findfont: Generic family 'sans-serif' not found because none of the following families were found: SimHei
2026-03-25 02:00:40,487 - matplotlib.font_manager - WARNING - findfont: Generic family 'sans-serif' not found because none of the following families were found: SimHei
2026-03-25 02:00:40,489 - matplotlib.font_manager - WARNING - findfont: Generic family 'sans-serif' not found because none of the following families were found: SimHei
2026-03-25 02:00:40,490 - matplotlib.font_manager - WARNING - findfont: Generic family 'sans-serif' not found because none of the following families were found: SimHei
2026-03-25 02:00:40,491 - matplotlib.font_manager - WARNING - findfont: Generic family 'sans-serif' not found because none of the following families were found: SimHei
2026-03-25 02:00:40,492 - matplotlib.font_manager - WARNING - findfont: Generic family 'sans-serif' not found because none of the following families were found: SimHei
2026-03-25 02:00:40,493 - matplotlib.font_manager - WARNING - findfont: Generic family 'sans-serif' not found because none of the following families were found: SimHei
2026-03-25 02:00:40,494 - matplotlib.font_manager - WARNING - findfont: Generic family 'sans-serif' not found because none of the following families were found: SimHei
2026-03-25 02:00:40,495 - matplotlib.font_manager - WARNING - findfont: Generic family 'sans-serif' not found because none of the following families were found: SimHei
2026-03-25 02:00:40,497 - matplotlib.font_manager - WARNING - findfont: Generic family 'sans-serif' not found because none of the following families were found: SimHei
2026-03-25 02:00:40,498 - matplotlib.font_manager - WARNING - findfont: Generic family 'sans-serif' not found because none of the following families were found: SimHei
2026-03-25 02:00:40,499 - matplotlib.font_manager - WARNING - findfont: Generic family 'sans-serif' not found because none of the following families were found: SimHei
2026-03-25 02:00:40,500 - matplotlib.font_manager - WARNING - findfont: Generic family 'sans-serif' not found because none of the following families were found: SimHei
2026-03-25 02:00:40,501 - matplotlib.font_manager - WARNING - findfont: Generic family 'sans-serif' not found because none of the following families were found: SimHei
2026-03-25 02:00:40,502 - matplotlib.font_manager - WARNING - findfont: Generic family 'sans-serif' not found because none of the following families were found: SimHei
2026-03-25 02:00:40,503 - matplotlib.font_manager - WARNING - findfont: Generic family 'sans-serif' not found because none of the following families were found: SimHei
2026-03-25 02:00:40,504 - matplotlib.font_manager - WARNING - findfont: Generic family 'sans-serif' not found because none of the following families were found: SimHei
2026-03-25 02:00:40,505 - matplotlib.font_manager - WARNING - findfont: Generic family 'sans-serif' not found because none of the following families were found: SimHei
2026-03-25 02:00:40,507 - matplotlib.font_manager - WARNING - findfont: Generic family 'sans-serif' not found because none of the following families were found: SimHei
2026-03-25 02:00:40,514 - matplotlib.font_manager - WARNING - findfont: Generic family 'sans-serif' not found because none of the following families were found: SimHei
2026-03-25 02:00:40,514 - matplotlib.font_manager - WARNING - findfont: Generic family 'sans-serif' not found because none of the following families were found: SimHei
2026-03-25 02:00:40,529 - matplotlib.font_manager - WARNING - findfont: Generic family 'sans-serif' not found because none of the following families were found: SimHei
2026-03-25 02:00:40,530 - matplotlib.font_manager - WARNING - findfont: Generic family 'sans-serif' not found because none of the following families were found: SimHei
2026-03-25 02:00:40,532 - matplotlib.font_manager - WARNING - findfont: Generic family 'sans-serif' not found because none of the following families were found: SimHei
2026-03-25 02:00:40,533 - matplotlib.font_manager - WARNING - findfont: Generic family 'sans-serif' not found because none of the following families were found: SimHei
2026-03-25 02:00:40,535 - matplotlib.font_manager - WARNING - findfont: Generic family 'sans-serif' not found because none of the following families were found: SimHei
2026-03-25 02:00:40,537 - matplotlib.font_manager - WARNING - findfont: Generic family 'sans-serif' not found because none of the following families were found: SimHei
2026-03-25 02:00:40,538 - matplotlib.font_manager - WARNING - findfont: Generic family 'sans-serif' not found because none of the following families were found: SimHei
2026-03-25 02:00:40,540 - matplotlib.font_manager - WARNING - findfont: Generic family 'sans-serif' not found because none of the following families were found: SimHei
2026-03-25 02:00:40,542 - matplotlib.font_manager - WARNING - findfont: Generic family 'sans-serif' not found because none of the following families were found: SimHei
2026-03-25 02:00:40,544 - matplotlib.font_manager - WARNING - findfont: Generic family 'sans-serif' not found because none of the following families were found: SimHei
2026-03-25 02:00:40,545 - matplotlib.font_manager - WARNING - findfont: Generic family 'sans-serif' not found because none of the following families were found: SimHei
2026-03-25 02:00:40,547 - matplotlib.font_manager - WARNING - findfont: Generic family 'sans-serif' not found because none of the following families were found: SimHei
2026-03-25 02:00:40,549 - matplotlib.font_manager - WARNING - findfont: Generic family 'sans-serif' not found because none of the following families were found: SimHei
2026-03-25 02:00:40,550 - matplotlib.font_manager - WARNING - findfont: Generic family 'sans-serif' not found because none of the following families were found: SimHei
2026-03-25 02:00:40,552 - matplotlib.font_manager - WARNING - findfont: Generic family 'sans-serif' not found because none of the following families were found: SimHei
2026-03-25 02:00:40,554 - matplotlib.font_manager - WARNING - findfont: Generic family 'sans-serif' not found because none of the following families were found: SimHei
2026-03-25 02:00:40,555 - matplotlib.font_manager - WARNING - findfont: Generic family 'sans-serif' not found because none of the following families were found: SimHei
2026-03-25 02:00:40,557 - matplotlib.font_manager - WARNING - findfont: Generic family 'sans-serif' not found because none of the following families were found: SimHei
2026-03-25 02:00:40,559 - matplotlib.font_manager - WARNING - findfont: Generic family 'sans-serif' not found because none of the following families were found: SimHei
2026-03-25 02:00:40,560 - matplotlib.font_manager - WARNING - findfont: Generic family 'sans-serif' not found because none of the following families were found: SimHei
2026-03-25 02:00:40,562 - matplotlib.font_manager - WARNING - findfont: Generic family 'sans-serif' not found because none of the following families were found: SimHei
2026-03-25 02:00:40,564 - matplotlib.font_manager - WARNING - findfont: Generic family 'sans-serif' not found because none of the following families were found: SimHei
2026-03-25 02:00:40,565 - matplotlib.font_manager - WARNING - findfont: Generic family 'sans-serif' not found because none of the following families were found: SimHei
2026-03-25 02:00:40,567 - matplotlib.font_manager - WARNING - findfont: Generic family 'sans-serif' not found because none of the following families were found: SimHei
2026-03-25 02:00:40,569 - matplotlib.font_manager - WARNING - findfont: Generic family 'sans-serif' not found because none of the following families were found: SimHei
2026-03-25 02:00:40,571 - matplotlib.font_manager - WARNING - findfont: Generic family 'sans-serif' not found because none of the following families were found: SimHei
2026-03-25 02:00:40,572 - matplotlib.font_manager - WARNING - findfont: Generic family 'sans-serif' not found because none of the following families were found: SimHei
2026-03-25 02:00:40,574 - matplotlib.font_manager - WARNING - findfont: Generic family 'sans-serif' not found because none of the following families were found: SimHei
2026-03-25 02:00:40,576 - matplotlib.font_manager - WARNING - findfont: Generic family 'sans-serif' not found because none of the following families were found: SimHei
2026-03-25 02:00:40,577 - matplotlib.font_manager - WARNING - findfont: Generic family 'sans-serif' not found because none of the following families were found: SimHei
2026-03-25 02:00:40,592 - matplotlib.font_manager - WARNING - findfont: Generic family 'sans-serif' not found because none of the following families were found: SimHei
2026-03-25 02:00:40,593 - matplotlib.font_manager - WARNING - findfont: Generic family 'sans-serif' not found because none of the following families were found: SimHei
2026-03-25 02:00:40,594 - matplotlib.font_manager - WARNING - findfont: Generic family 'sans-serif' not found because none of the following families were found: SimHei
2026-03-25 02:00:40,596 - matplotlib.font_manager - WARNING - findfont: Generic family 'sans-serif' not found because none of the following families were found: SimHei
2026-03-25 02:00:40,598 - matplotlib.font_manager - WARNING - findfont: Generic family 'sans-serif' not found because none of the following families were found: SimHei
2026-03-25 02:00:40,599 - matplotlib.font_manager - WARNING - findfont: Generic family 'sans-serif' not found because none of the following families were found: SimHei
2026-03-25 02:00:40,601 - matplotlib.font_manager - WARNING - findfont: Generic family 'sans-serif' not found because none of the following families were found: SimHei
2026-03-25 02:00:40,602 - matplotlib.font_manager - WARNING - findfont: Generic family 'sans-serif' not found because none of the following families were found: SimHei
2026-03-25 02:00:40,604 - matplotlib.font_manager - WARNING - findfont: Generic family 'sans-serif' not found because none of the following families were found: SimHei
2026-03-25 02:00:40,605 - matplotlib.font_manager - WARNING - findfont: Generic family 'sans-serif' not found because none of the following families were found: SimHei
2026-03-25 02:00:40,607 - matplotlib.font_manager - WARNING - findfont: Generic family 'sans-serif' not found because none of the following families were found: SimHei
2026-03-25 02:00:40,608 - matplotlib.font_manager - WARNING - findfont: Generic family 'sans-serif' not found because none of the following families were found: SimHei
2026-03-25 02:00:40,610 - matplotlib.font_manager - WARNING - findfont: Generic family 'sans-serif' not found because none of the following families were found: SimHei
2026-03-25 02:00:40,611 - matplotlib.font_manager - WARNING - findfont: Generic family 'sans-serif' not found because none of the following families were found: SimHei
2026-03-25 02:00:40,613 - matplotlib.font_manager - WARNING - findfont: Generic family 'sans-serif' not found because none of the following families were found: SimHei
2026-03-25 02:00:40,614 - matplotlib.font_manager - WARNING - findfont: Generic family 'sans-serif' not found because none of the following families were found: SimHei
2026-03-25 02:00:40,616 - matplotlib.font_manager - WARNING - findfont: Generic family 'sans-serif' not found because none of the following families were found: SimHei
2026-03-25 02:00:40,617 - matplotlib.font_manager - WARNING - findfont: Generic family 'sans-serif' not found because none of the following families were found: SimHei
2026-03-25 02:00:40,619 - matplotlib.font_manager - WARNING - findfont: Generic family 'sans-serif' not found because none of the following families were found: SimHei
2026-03-25 02:00:40,621 - matplotlib.font_manager - WARNING - findfont: Generic family 'sans-serif' not found because none of the following families were found: SimHei
2026-03-25 02:00:40,622 - matplotlib.font_manager - WARNING - findfont: Generic family 'sans-serif' not found because none of the following families were found: SimHei
2026-03-25 02:00:40,624 - matplotlib.font_manager - WARNING - findfont: Generic family 'sans-serif' not found because none of the following families were found: SimHei
2026-03-25 02:00:40,625 - matplotlib.font_manager - WARNING - findfont: Generic family 'sans-serif' not found because none of the following families were found: SimHei
2026-03-25 02:00:40,627 - matplotlib.font_manager - WARNING - findfont: Generic family 'sans-serif' not found because none of the following families were found: SimHei
2026-03-25 02:00:40,628 - matplotlib.font_manager - WARNING - findfont: Generic family 'sans-serif' not found because none of the following families were found: SimHei
2026-03-25 02:00:40,630 - matplotlib.font_manager - WARNING - findfont: Generic family 'sans-serif' not found because none of the following families were found: SimHei
2026-03-25 02:00:40,631 - matplotlib.font_manager - WARNING - findfont: Generic family 'sans-serif' not found because none of the following families were found: SimHei
2026-03-25 02:00:40,633 - matplotlib.font_manager - WARNING - findfont: Generic family 'sans-serif' not found because none of the following families were found: SimHei
2026-03-25 02:00:40,634 - matplotlib.font_manager - WARNING - findfont: Generic family 'sans-serif' not found because none of the following families were found: SimHei
2026-03-25 02:00:40,636 - matplotlib.font_manager - WARNING - findfont: Generic family 'sans-serif' not found because none of the following families were found: SimHei
2026-03-25 02:00:40,643 - matplotlib.font_manager - WARNING - findfont: Generic family 'sans-serif' not found because none of the following families were found: SimHei
2026-03-25 02:00:40,647 - matplotlib.font_manager - WARNING - findfont: Generic family 'sans-serif' not found because none of the following families were found: SimHei
2026-03-25 02:00:40,648 - matplotlib.font_manager - WARNING - findfont: Generic family 'sans-serif' not found because none of the following families were found: SimHei
2026-03-25 02:00:40,648 - matplotlib.font_manager - WARNING - findfont: Generic family 'sans-serif' not found because none of the following families were found: SimHei
2026-03-25 02:00:40,649 - matplotlib.font_manager - WARNING - findfont: Generic family 'sans-serif' not found because none of the following families were found: SimHei
2026-03-25 02:00:40,649 - matplotlib.font_manager - WARNING - findfont: Generic family 'sans-serif' not found because none of the following families were found: SimHei
2026-03-25 02:00:40,649 - matplotlib.font_manager - WARNING - findfont: Generic family 'sans-serif' not found because none of the following families were found: SimHei
2026-03-25 02:00:40,650 - matplotlib.font_manager - WARNING - findfont: Generic family 'sans-serif' not found because none of the following families were found: SimHei
2026-03-25 02:00:40,651 - matplotlib.font_manager - WARNING - findfont: Generic family 'sans-serif' not found because none of the following families were found: SimHei
2026-03-25 02:00:40,652 - matplotlib.font_manager - WARNING - findfont: Generic family 'sans-serif' not found because none of the following families were found: SimHei
2026-03-25 02:00:40,652 - matplotlib.font_manager - WARNING - findfont: Generic family 'sans-serif' not found because none of the following families were found: SimHei
2026-03-25 02:00:40,653 - matplotlib.font_manager - WARNING - findfont: Generic family 'sans-serif' not found because none of the following families were found: SimHei
2026-03-25 02:00:40,654 - matplotlib.font_manager - WARNING - findfont: Generic family 'sans-serif' not found because none of the following families were found: SimHei
2026-03-25 02:00:40,655 - matplotlib.font_manager - WARNING - findfont: Generic family 'sans-serif' not found because none of the following families were found: SimHei
2026-03-25 02:00:40,656 - matplotlib.font_manager - WARNING - findfont: Generic family 'sans-serif' not found because none of the following families were found: SimHei
2026-03-25 02:00:40,676 - root - INFO - 
2026-03-25 02:00:40,676 - root - INFO - ============================================================
2026-03-25 02:00:40,676 - root - INFO - Causal-TSF Run 1/30 Starting...
2026-03-25 02:00:40,676 - root - INFO - ============================================================
2026-03-25 02:00:42,380 - root - INFO - Epoch of Causal-TSF[1/10000],
2026-03-25 02:00:42,380 - root - INFO - Train Results | R²: -24.5653 | RMSE: 0.1431 | IC: 0.0135 | RankIC: 0.0128
2026-03-25 02:00:42,419 - root - INFO - Epoch of Causal-TSF[2/10000],
2026-03-25 02:00:42,419 - root - INFO - Train Results | R²: -4.1725 | RMSE: 0.0643 | IC: 0.0229 | RankIC: -0.0291
2026-03-25 02:00:42,456 - root - INFO - Epoch of Causal-TSF[3/10000],
2026-03-25 02:00:42,456 - root - INFO - Train Results | R²: -1.6758 | RMSE: 0.0463 | IC: 0.0688 | RankIC: 0.0149
2026-03-25 02:00:42,492 - root - INFO - Epoch of Causal-TSF[4/10000],
2026-03-25 02:00:42,492 - root - INFO - Train Results | R²: -0.7281 | RMSE: 0.0372 | IC: 0.1590 | RankIC: 0.1435
2026-03-25 02:00:42,529 - root - INFO - Epoch of Causal-TSF[5/10000],
2026-03-25 02:00:42,530 - root - INFO - Train Results | R²: -0.3215 | RMSE: 0.0325 | IC: 0.2959 | RankIC: 0.2823
2026-03-25 02:00:42,565 - root - INFO - Epoch of Causal-TSF[6/10000],
2026-03-25 02:00:42,566 - root - INFO - Train Results | R²: -0.2443 | RMSE: 0.0316 | IC: 0.3781 | RankIC: 0.2908
2026-03-25 02:00:42,606 - root - INFO - Epoch of Causal-TSF[7/10000],
2026-03-25 02:00:42,606 - root - INFO - Train Results | R²: 0.1591 | RMSE: 0.0259 | IC: 0.4491 | RankIC: 0.3990
2026-03-25 02:00:42,640 - root - INFO - Epoch of Causal-TSF[8/10000],
2026-03-25 02:00:42,640 - root - INFO - Train Results | R²: 0.0553 | RMSE: 0.0275 | IC: 0.6613 | RankIC: 0.6365
2026-03-25 02:00:42,677 - root - INFO - Epoch of Causal-TSF[9/10000],
2026-03-25 02:00:42,678 - root - INFO - Train Results | R²: 0.3018 | RMSE: 0.0236 | IC: 0.6978 | RankIC: 0.6494
2026-03-25 02:00:42,715 - root - INFO - Epoch of Causal-TSF[10/10000],
2026-03-25 02:00:42,715 - root - INFO - Train Results | R²: 0.3390 | RMSE: 0.0230 | IC: 0.7929 | RankIC: 0.7775
2026-03-25 02:00:42,754 - root - INFO - Epoch of Causal-TSF[11/10000],
2026-03-25 02:00:42,754 - root - INFO - Train Results | R²: 0.4048 | RMSE: 0.0218 | IC: 0.8126 | RankIC: 0.7860
2026-03-25 02:00:42,792 - root - INFO - Epoch of Causal-TSF[12/10000],
2026-03-25 02:00:42,792 - root - INFO - Train Results | R²: 0.5155 | RMSE: 0.0197 | IC: 0.8373 | RankIC: 0.8237
2026-03-25 02:00:42,830 - root - INFO - Epoch of Causal-TSF[13/10000],
2026-03-25 02:00:42,830 - root - INFO - Train Results | R²: 0.5759 | RMSE: 0.0184 | IC: 0.8756 | RankIC: 0.8615
2026-03-25 02:00:42,870 - root - INFO - Epoch of Causal-TSF[14/10000],
2026-03-25 02:00:42,870 - root - INFO - Train Results | R²: 0.6720 | RMSE: 0.0162 | IC: 0.8964 | RankIC: 0.8920
2026-03-25 02:00:42,915 - root - INFO - Epoch of Causal-TSF[15/10000],
2026-03-25 02:00:42,915 - root - INFO - Train Results | R²: 0.7216 | RMSE: 0.0149 | IC: 0.9110 | RankIC: 0.9113
2026-03-25 02:00:42,954 - root - INFO - Epoch of Causal-TSF[16/10000],
2026-03-25 02:00:42,954 - root - INFO - Train Results | R²: 0.7948 | RMSE: 0.0128 | IC: 0.9248 | RankIC: 0.9221
2026-03-25 02:00:42,991 - root - INFO - Epoch of Causal-TSF[17/10000],
2026-03-25 02:00:42,991 - root - INFO - Train Results | R²: 0.8527 | RMSE: 0.0109 | IC: 0.9432 | RankIC: 0.9415
2026-03-25 02:00:43,029 - root - INFO - Epoch of Causal-TSF[18/10000],
2026-03-25 02:00:43,029 - root - INFO - Train Results | R²: 0.8909 | RMSE: 0.0093 | IC: 0.9527 | RankIC: 0.9617
2026-03-25 02:00:43,065 - root - INFO - Epoch of Causal-TSF[19/10000],
2026-03-25 02:00:43,066 - root - INFO - Train Results | R²: 0.9233 | RMSE: 0.0078 | IC: 0.9652 | RankIC: 0.9769
2026-03-25 02:00:43,104 - root - INFO - Epoch of Causal-TSF[20/10000],
2026-03-25 02:00:43,104 - root - INFO - Train Results | R²: 0.9422 | RMSE: 0.0068 | IC: 0.9721 | RankIC: 0.9834
2026-03-25 02:00:43,140 - root - INFO - Epoch of Causal-TSF[21/10000],
2026-03-25 02:00:43,141 - root - INFO - Train Results | R²: 0.9534 | RMSE: 0.0061 | IC: 0.9772 | RankIC: 0.9872
2026-03-25 02:00:43,179 - root - INFO - Epoch of Causal-TSF[22/10000],
2026-03-25 02:00:43,179 - root - INFO - Train Results | R²: 0.9623 | RMSE: 0.0055 | IC: 0.9814 | RankIC: 0.9918
2026-03-25 02:00:43,217 - root - INFO - Epoch of Causal-TSF[23/10000],
2026-03-25 02:00:43,217 - root - INFO - Train Results | R²: 0.9686 | RMSE: 0.0050 | IC: 0.9843 | RankIC: 0.9928
2026-03-25 02:00:43,254 - root - INFO - Epoch of Causal-TSF[24/10000],
2026-03-25 02:00:43,255 - root - INFO - Train Results | R²: 0.9743 | RMSE: 0.0045 | IC: 0.9880 | RankIC: 0.9956
2026-03-25 02:00:43,292 - root - INFO - Epoch of Causal-TSF[25/10000],
2026-03-25 02:00:43,292 - root - INFO - Train Results | R²: 0.9771 | RMSE: 0.0043 | IC: 0.9891 | RankIC: 0.9956
2026-03-25 02:00:43,329 - root - INFO - Epoch of Causal-TSF[26/10000],
2026-03-25 02:00:43,329 - root - INFO - Train Results | R²: 0.9792 | RMSE: 0.0041 | IC: 0.9902 | RankIC: 0.9963
2026-03-25 02:00:43,363 - root - INFO - Epoch of Causal-TSF[27/10000],
2026-03-25 02:00:43,363 - root - INFO - Train Results | R²: 0.9800 | RMSE: 0.0040 | IC: 0.9908 | RankIC: 0.9959
2026-03-25 02:00:43,400 - root - INFO - Epoch of Causal-TSF[28/10000],
2026-03-25 02:00:43,400 - root - INFO - Train Results | R²: 0.9829 | RMSE: 0.0037 | IC: 0.9920 | RankIC: 0.9968
2026-03-25 02:00:43,438 - root - INFO - Epoch of Causal-TSF[29/10000],
2026-03-25 02:00:43,438 - root - INFO - Train Results | R²: 0.9849 | RMSE: 0.0035 | IC: 0.9931 | RankIC: 0.9972
2026-03-25 02:00:43,478 - root - INFO - Epoch of Causal-TSF[30/10000],
2026-03-25 02:00:43,478 - root - INFO - Train Results | R²: 0.9862 | RMSE: 0.0033 | IC: 0.9935 | RankIC: 0.9975
2026-03-25 02:00:43,513 - root - INFO - Epoch of Causal-TSF[31/10000],
2026-03-25 02:00:43,513 - root - INFO - Train Results | R²: 0.9870 | RMSE: 0.0032 | IC: 0.9938 | RankIC: 0.9969
2026-03-25 02:00:43,549 - root - INFO - Epoch of Causal-TSF[32/10000],
2026-03-25 02:00:43,549 - root - INFO - Train Results | R²: 0.9894 | RMSE: 0.0029 | IC: 0.9950 | RankIC: 0.9971
2026-03-25 02:00:43,586 - root - INFO - Epoch of Causal-TSF[33/10000],
2026-03-25 02:00:43,586 - root - INFO - Train Results | R²: 0.9904 | RMSE: 0.0028 | IC: 0.9953 | RankIC: 0.9979
2026-03-25 02:00:43,624 - root - INFO - Epoch of Causal-TSF[34/10000],
2026-03-25 02:00:43,624 - root - INFO - Train Results | R²: 0.9917 | RMSE: 0.0026 | IC: 0.9959 | RankIC: 0.9974
2026-03-25 02:00:43,660 - root - INFO - Epoch of Causal-TSF[35/10000],
2026-03-25 02:00:43,661 - root - INFO - Train Results | R²: 0.9931 | RMSE: 0.0023 | IC: 0.9966 | RankIC: 0.9978
2026-03-25 02:00:43,693 - root - INFO - Epoch of Causal-TSF[36/10000],
2026-03-25 02:00:43,693 - root - INFO - Train Results | R²: 0.9939 | RMSE: 0.0022 | IC: 0.9970 | RankIC: 0.9982
2026-03-25 02:00:43,736 - root - INFO - Epoch of Causal-TSF[37/10000],
2026-03-25 02:00:43,736 - root - INFO - Train Results | R²: 0.9945 | RMSE: 0.0021 | IC: 0.9974 | RankIC: 0.9974
2026-03-25 02:00:43,769 - root - INFO - Epoch of Causal-TSF[38/10000],
2026-03-25 02:00:43,769 - root - INFO - Train Results | R²: 0.9947 | RMSE: 0.0021 | IC: 0.9974 | RankIC: 0.9956
2026-03-25 02:00:43,804 - root - INFO - Epoch of Causal-TSF[39/10000],
2026-03-25 02:00:43,804 - root - INFO - Train Results | R²: 0.9952 | RMSE: 0.0020 | IC: 0.9976 | RankIC: 0.9967
2026-03-25 02:00:43,842 - root - INFO - Epoch of Causal-TSF[40/10000],
2026-03-25 02:00:43,842 - root - INFO - Train Results | R²: 0.9959 | RMSE: 0.0018 | IC: 0.9979 | RankIC: 0.9974
2026-03-25 02:00:43,875 - root - INFO - Epoch of Causal-TSF[41/10000],
2026-03-25 02:00:43,876 - root - INFO - Train Results | R²: 0.9948 | RMSE: 0.0020 | IC: 0.9974 | RankIC: 0.9961
2026-03-25 02:00:43,911 - root - INFO - Epoch of Causal-TSF[42/10000],
2026-03-25 02:00:43,911 - root - INFO - Train Results | R²: 0.9966 | RMSE: 0.0016 | IC: 0.9983 | RankIC: 0.9973
2026-03-25 02:00:43,947 - root - INFO - Epoch of Causal-TSF[43/10000],
2026-03-25 02:00:43,947 - root - INFO - Train Results | R²: 0.9973 | RMSE: 0.0015 | IC: 0.9987 | RankIC: 0.9981
2026-03-25 02:00:43,981 - root - INFO - Epoch of Causal-TSF[44/10000],
2026-03-25 02:00:43,981 - root - INFO - Train Results | R²: 0.9969 | RMSE: 0.0016 | IC: 0.9987 | RankIC: 0.9975
2026-03-25 02:00:44,016 - root - INFO - Epoch of Causal-TSF[45/10000],
2026-03-25 02:00:44,016 - root - INFO - Train Results | R²: 0.9970 | RMSE: 0.0015 | IC: 0.9986 | RankIC: 0.9973
2026-03-25 02:00:44,051 - root - INFO - Epoch of Causal-TSF[46/10000],
2026-03-25 02:00:44,051 - root - INFO - Train Results | R²: 0.9980 | RMSE: 0.0013 | IC: 0.9990 | RankIC: 0.9973
2026-03-25 02:00:44,084 - root - INFO - Epoch of Causal-TSF[47/10000],
2026-03-25 02:00:44,084 - root - INFO - Train Results | R²: 0.9978 | RMSE: 0.0013 | IC: 0.9991 | RankIC: 0.9980
2026-03-25 02:00:44,114 - root - INFO - Epoch of Causal-TSF[48/10000],
2026-03-25 02:00:44,114 - root - INFO - Train Results | R²: 0.9969 | RMSE: 0.0016 | IC: 0.9987 | RankIC: 0.9972
2026-03-25 02:00:44,146 - root - INFO - Epoch of Causal-TSF[49/10000],
2026-03-25 02:00:44,146 - root - INFO - Train Results | R²: 0.9967 | RMSE: 0.0016 | IC: 0.9985 | RankIC: 0.9964
2026-03-25 02:00:44,179 - root - INFO - Epoch of Causal-TSF[50/10000],
2026-03-25 02:00:44,179 - root - INFO - Train Results | R²: 0.9976 | RMSE: 0.0014 | IC: 0.9988 | RankIC: 0.9968
2026-03-25 02:00:44,211 - root - INFO - Epoch of Causal-TSF[51/10000],
2026-03-25 02:00:44,211 - root - INFO - Train Results | R²: 0.9975 | RMSE: 0.0014 | IC: 0.9990 | RankIC: 0.9974
2026-03-25 02:00:44,244 - root - INFO - Epoch of Causal-TSF[52/10000],
2026-03-25 02:00:44,244 - root - INFO - Train Results | R²: 0.9972 | RMSE: 0.0015 | IC: 0.9989 | RankIC: 0.9975
2026-03-25 02:00:44,278 - root - INFO - Epoch of Causal-TSF[53/10000],
2026-03-25 02:00:44,278 - root - INFO - Train Results | R²: 0.9972 | RMSE: 0.0015 | IC: 0.9988 | RankIC: 0.9961
2026-03-25 02:00:44,310 - root - INFO - Epoch of Causal-TSF[54/10000],
2026-03-25 02:00:44,310 - root - INFO - Train Results | R²: 0.9980 | RMSE: 0.0013 | IC: 0.9990 | RankIC: 0.9981
2026-03-25 02:00:44,343 - root - INFO - Epoch of Causal-TSF[55/10000],
2026-03-25 02:00:44,343 - root - INFO - Train Results | R²: 0.9980 | RMSE: 0.0013 | IC: 0.9990 | RankIC: 0.9975
2026-03-25 02:00:44,381 - root - INFO - Epoch of Causal-TSF[56/10000],
2026-03-25 02:00:44,381 - root - INFO - Train Results | R²: 0.9983 | RMSE: 0.0012 | IC: 0.9992 | RankIC: 0.9984
2026-03-25 02:00:44,413 - root - INFO - Epoch of Causal-TSF[57/10000],
2026-03-25 02:00:44,414 - root - INFO - Train Results | R²: 0.9983 | RMSE: 0.0012 | IC: 0.9992 | RankIC: 0.9978
2026-03-25 02:00:44,447 - root - INFO - Epoch of Causal-TSF[58/10000],
2026-03-25 02:00:44,447 - root - INFO - Train Results | R²: 0.9976 | RMSE: 0.0014 | IC: 0.9990 | RankIC: 0.9975
2026-03-25 02:00:44,481 - root - INFO - Epoch of Causal-TSF[59/10000],
2026-03-25 02:00:44,481 - root - INFO - Train Results | R²: 0.9976 | RMSE: 0.0014 | IC: 0.9990 | RankIC: 0.9975
2026-03-25 02:00:44,513 - root - INFO - Epoch of Causal-TSF[60/10000],
2026-03-25 02:00:44,513 - root - INFO - Train Results | R²: 0.9976 | RMSE: 0.0014 | IC: 0.9988 | RankIC: 0.9966
2026-03-25 02:00:44,548 - root - INFO - Epoch of Causal-TSF[61/10000],
2026-03-25 02:00:44,548 - root - INFO - Train Results | R²: 0.9978 | RMSE: 0.0013 | IC: 0.9989 | RankIC: 0.9967
2026-03-25 02:00:44,581 - root - INFO - Epoch of Causal-TSF[62/10000],
2026-03-25 02:00:44,581 - root - INFO - Train Results | R²: 0.9978 | RMSE: 0.0013 | IC: 0.9989 | RankIC: 0.9966
2026-03-25 02:00:44,614 - root - INFO - Epoch of Causal-TSF[63/10000],
2026-03-25 02:00:44,614 - root - INFO - Train Results | R²: 0.9979 | RMSE: 0.0013 | IC: 0.9989 | RankIC: 0.9971
2026-03-25 02:00:44,647 - root - INFO - Epoch of Causal-TSF[64/10000],
2026-03-25 02:00:44,647 - root - INFO - Train Results | R²: 0.9981 | RMSE: 0.0012 | IC: 0.9991 | RankIC: 0.9976
2026-03-25 02:00:44,679 - root - INFO - Epoch of Causal-TSF[65/10000],
2026-03-25 02:00:44,680 - root - INFO - Train Results | R²: 0.9977 | RMSE: 0.0014 | IC: 0.9989 | RankIC: 0.9974
2026-03-25 02:00:44,712 - root - INFO - Epoch of Causal-TSF[66/10000],
2026-03-25 02:00:44,712 - root - INFO - Train Results | R²: 0.9981 | RMSE: 0.0012 | IC: 0.9992 | RankIC: 0.9978
2026-03-25 02:00:44,744 - root - INFO - Epoch of Causal-TSF[67/10000],
2026-03-25 02:00:44,744 - root - INFO - Train Results | R²: 0.9975 | RMSE: 0.0014 | IC: 0.9988 | RankIC: 0.9970
2026-03-25 02:00:44,777 - root - INFO - Epoch of Causal-TSF[68/10000],
2026-03-25 02:00:44,777 - root - INFO - Train Results | R²: 0.9979 | RMSE: 0.0013 | IC: 0.9990 | RankIC: 0.9973
2026-03-25 02:00:44,809 - root - INFO - Epoch of Causal-TSF[69/10000],
2026-03-25 02:00:44,809 - root - INFO - Train Results | R²: 0.9974 | RMSE: 0.0015 | IC: 0.9987 | RankIC: 0.9969
2026-03-25 02:00:44,841 - root - INFO - Epoch of Causal-TSF[70/10000],
2026-03-25 02:00:44,841 - root - INFO - Train Results | R²: 0.9983 | RMSE: 0.0012 | IC: 0.9991 | RankIC: 0.9974
2026-03-25 02:00:44,874 - root - INFO - Epoch of Causal-TSF[71/10000],
2026-03-25 02:00:44,874 - root - INFO - Train Results | R²: 0.9979 | RMSE: 0.0013 | IC: 0.9990 | RankIC: 0.9975
2026-03-25 02:00:44,907 - root - INFO - Epoch of Causal-TSF[72/10000],
2026-03-25 02:00:44,907 - root - INFO - Train Results | R²: 0.9977 | RMSE: 0.0014 | IC: 0.9990 | RankIC: 0.9978
2026-03-25 02:00:44,938 - root - INFO - Epoch of Causal-TSF[73/10000],
2026-03-25 02:00:44,938 - root - INFO - Train Results | R²: 0.9972 | RMSE: 0.0015 | IC: 0.9988 | RankIC: 0.9972
2026-03-25 02:00:44,970 - root - INFO - Epoch of Causal-TSF[74/10000],
2026-03-25 02:00:44,970 - root - INFO - Train Results | R²: 0.9975 | RMSE: 0.0014 | IC: 0.9988 | RankIC: 0.9968
2026-03-25 02:00:45,002 - root - INFO - Epoch of Causal-TSF[75/10000],
2026-03-25 02:00:45,002 - root - INFO - Train Results | R²: 0.9975 | RMSE: 0.0014 | IC: 0.9988 | RankIC: 0.9972
2026-03-25 02:00:45,036 - root - INFO - Epoch of Causal-TSF[76/10000],
2026-03-25 02:00:45,036 - root - INFO - Train Results | R²: 0.9980 | RMSE: 0.0013 | IC: 0.9991 | RankIC: 0.9974
2026-03-25 02:00:45,069 - root - INFO - Epoch of Causal-TSF[77/10000],
2026-03-25 02:00:45,069 - root - INFO - Train Results | R²: 0.9975 | RMSE: 0.0014 | IC: 0.9989 | RankIC: 0.9962
2026-03-25 02:00:45,100 - root - INFO - Epoch of Causal-TSF[78/10000],
2026-03-25 02:00:45,101 - root - INFO - Train Results | R²: 0.9975 | RMSE: 0.0014 | IC: 0.9988 | RankIC: 0.9960
2026-03-25 02:00:45,134 - root - INFO - Epoch of Causal-TSF[79/10000],
2026-03-25 02:00:45,134 - root - INFO - Train Results | R²: 0.9982 | RMSE: 0.0012 | IC: 0.9991 | RankIC: 0.9981
2026-03-25 02:00:45,166 - root - INFO - Epoch of Causal-TSF[80/10000],
2026-03-25 02:00:45,166 - root - INFO - Train Results | R²: 0.9984 | RMSE: 0.0011 | IC: 0.9992 | RankIC: 0.9980
2026-03-25 02:00:45,199 - root - INFO - Epoch of Causal-TSF[81/10000],
2026-03-25 02:00:45,199 - root - INFO - Train Results | R²: 0.9983 | RMSE: 0.0012 | IC: 0.9992 | RankIC: 0.9979
2026-03-25 02:00:45,235 - root - INFO - Epoch of Causal-TSF[82/10000],
2026-03-25 02:00:45,235 - root - INFO - Train Results | R²: 0.9980 | RMSE: 0.0013 | IC: 0.9990 | RankIC: 0.9980
2026-03-25 02:00:45,268 - root - INFO - Epoch of Causal-TSF[83/10000],
2026-03-25 02:00:45,268 - root - INFO - Train Results | R²: 0.9984 | RMSE: 0.0011 | IC: 0.9992 | RankIC: 0.9979
2026-03-25 02:00:45,301 - root - INFO - Epoch of Causal-TSF[84/10000],
2026-03-25 02:00:45,301 - root - INFO - Train Results | R²: 0.9977 | RMSE: 0.0014 | IC: 0.9989 | RankIC: 0.9965
2026-03-25 02:00:45,334 - root - INFO - Epoch of Causal-TSF[85/10000],
2026-03-25 02:00:45,334 - root - INFO - Train Results | R²: 0.9976 | RMSE: 0.0014 | IC: 0.9988 | RankIC: 0.9974
2026-03-25 02:00:45,368 - root - INFO - Epoch of Causal-TSF[86/10000],
2026-03-25 02:00:45,368 - root - INFO - Train Results | R²: 0.9980 | RMSE: 0.0013 | IC: 0.9990 | RankIC: 0.9976
2026-03-25 02:00:45,402 - root - INFO - Epoch of Causal-TSF[87/10000],
2026-03-25 02:00:45,402 - root - INFO - Train Results | R²: 0.9981 | RMSE: 0.0012 | IC: 0.9991 | RankIC: 0.9983
2026-03-25 02:00:45,436 - root - INFO - Epoch of Causal-TSF[88/10000],
2026-03-25 02:00:45,436 - root - INFO - Train Results | R²: 0.9980 | RMSE: 0.0013 | IC: 0.9990 | RankIC: 0.9980
2026-03-25 02:00:45,469 - root - INFO - Epoch of Causal-TSF[89/10000],
2026-03-25 02:00:45,469 - root - INFO - Train Results | R²: 0.9978 | RMSE: 0.0013 | IC: 0.9989 | RankIC: 0.9974
2026-03-25 02:00:45,501 - root - INFO - Epoch of Causal-TSF[90/10000],
2026-03-25 02:00:45,501 - root - INFO - Train Results | R²: 0.9976 | RMSE: 0.0014 | IC: 0.9988 | RankIC: 0.9973
2026-03-25 02:00:45,534 - root - INFO - Epoch of Causal-TSF[91/10000],
2026-03-25 02:00:45,534 - root - INFO - Train Results | R²: 0.9974 | RMSE: 0.0014 | IC: 0.9987 | RankIC: 0.9958
2026-03-25 02:00:45,566 - root - INFO - Epoch of Causal-TSF[92/10000],
2026-03-25 02:00:45,567 - root - INFO - Train Results | R²: 0.9975 | RMSE: 0.0014 | IC: 0.9988 | RankIC: 0.9973
2026-03-25 02:00:45,599 - root - INFO - Epoch of Causal-TSF[93/10000],
2026-03-25 02:00:45,600 - root - INFO - Train Results | R²: 0.9979 | RMSE: 0.0013 | IC: 0.9990 | RankIC: 0.9971
2026-03-25 02:00:45,632 - root - INFO - Epoch of Causal-TSF[94/10000],
2026-03-25 02:00:45,633 - root - INFO - Train Results | R²: 0.9976 | RMSE: 0.0014 | IC: 0.9988 | RankIC: 0.9969
2026-03-25 02:00:45,667 - root - INFO - Epoch of Causal-TSF[95/10000],
2026-03-25 02:00:45,667 - root - INFO - Train Results | R²: 0.9979 | RMSE: 0.0013 | IC: 0.9990 | RankIC: 0.9968
2026-03-25 02:00:45,703 - root - INFO - Epoch of Causal-TSF[96/10000],
2026-03-25 02:00:45,703 - root - INFO - Train Results | R²: 0.9985 | RMSE: 0.0011 | IC: 0.9993 | RankIC: 0.9979
2026-03-25 02:00:45,739 - root - INFO - Epoch of Causal-TSF[97/10000],
2026-03-25 02:00:45,739 - root - INFO - Train Results | R²: 0.9975 | RMSE: 0.0014 | IC: 0.9988 | RankIC: 0.9967
2026-03-25 02:00:45,773 - root - INFO - Epoch of Causal-TSF[98/10000],
2026-03-25 02:00:45,773 - root - INFO - Train Results | R²: 0.9976 | RMSE: 0.0014 | IC: 0.9990 | RankIC: 0.9968
2026-03-25 02:00:45,806 - root - INFO - Epoch of Causal-TSF[99/10000],
2026-03-25 02:00:45,807 - root - INFO - Train Results | R²: 0.9981 | RMSE: 0.0012 | IC: 0.9991 | RankIC: 0.9974
2026-03-25 02:00:45,841 - root - INFO - Epoch of Causal-TSF[100/10000],
2026-03-25 02:00:45,841 - root - INFO - Train Results | R²: 0.9981 | RMSE: 0.0012 | IC: 0.9991 | RankIC: 0.9974
2026-03-25 02:00:45,874 - root - INFO - Epoch of Causal-TSF[101/10000],
2026-03-25 02:00:45,874 - root - INFO - Train Results | R²: 0.9975 | RMSE: 0.0014 | IC: 0.9989 | RankIC: 0.9974
2026-03-25 02:00:45,908 - root - INFO - Epoch of Causal-TSF[102/10000],
2026-03-25 02:00:45,909 - root - INFO - Train Results | R²: 0.9976 | RMSE: 0.0014 | IC: 0.9989 | RankIC: 0.9976
2026-03-25 02:00:45,942 - root - INFO - Epoch of Causal-TSF[103/10000],
2026-03-25 02:00:45,942 - root - INFO - Train Results | R²: 0.9984 | RMSE: 0.0011 | IC: 0.9993 | RankIC: 0.9979
2026-03-25 02:00:45,976 - root - INFO - Epoch of Causal-TSF[104/10000],
2026-03-25 02:00:45,976 - root - INFO - Train Results | R²: 0.9983 | RMSE: 0.0012 | IC: 0.9992 | RankIC: 0.9972
2026-03-25 02:00:46,010 - root - INFO - Epoch of Causal-TSF[105/10000],
2026-03-25 02:00:46,010 - root - INFO - Train Results | R²: 0.9980 | RMSE: 0.0013 | IC: 0.9991 | RankIC: 0.9977
2026-03-25 02:00:46,046 - root - INFO - Epoch of Causal-TSF[106/10000],
2026-03-25 02:00:46,046 - root - INFO - Train Results | R²: 0.9984 | RMSE: 0.0011 | IC: 0.9993 | RankIC: 0.9976
2026-03-25 02:00:46,079 - root - INFO - Epoch of Causal-TSF[107/10000],
2026-03-25 02:00:46,079 - root - INFO - Train Results | R²: 0.9977 | RMSE: 0.0014 | IC: 0.9989 | RankIC: 0.9977
2026-03-25 02:00:46,113 - root - INFO - Epoch of Causal-TSF[108/10000],
2026-03-25 02:00:46,113 - root - INFO - Train Results | R²: 0.9979 | RMSE: 0.0013 | IC: 0.9990 | RankIC: 0.9972
2026-03-25 02:00:46,145 - root - INFO - Epoch of Causal-TSF[109/10000],
2026-03-25 02:00:46,145 - root - INFO - Train Results | R²: 0.9983 | RMSE: 0.0012 | IC: 0.9992 | RankIC: 0.9970
2026-03-25 02:00:46,179 - root - INFO - Epoch of Causal-TSF[110/10000],
2026-03-25 02:00:46,179 - root - INFO - Train Results | R²: 0.9979 | RMSE: 0.0013 | IC: 0.9990 | RankIC: 0.9973
2026-03-25 02:00:46,213 - root - INFO - Epoch of Causal-TSF[111/10000],
2026-03-25 02:00:46,213 - root - INFO - Train Results | R²: 0.9983 | RMSE: 0.0012 | IC: 0.9992 | RankIC: 0.9973
2026-03-25 02:00:46,246 - root - INFO - Epoch of Causal-TSF[112/10000],
2026-03-25 02:00:46,246 - root - INFO - Train Results | R²: 0.9983 | RMSE: 0.0012 | IC: 0.9991 | RankIC: 0.9979
2026-03-25 02:00:46,281 - root - INFO - Epoch of Causal-TSF[113/10000],
2026-03-25 02:00:46,281 - root - INFO - Train Results | R²: 0.9974 | RMSE: 0.0014 | IC: 0.9987 | RankIC: 0.9976
2026-03-25 02:00:46,313 - root - INFO - Epoch of Causal-TSF[114/10000],
2026-03-25 02:00:46,313 - root - INFO - Train Results | R²: 0.9978 | RMSE: 0.0013 | IC: 0.9989 | RankIC: 0.9971
2026-03-25 02:00:46,342 - root - INFO - Epoch of Causal-TSF[115/10000],
2026-03-25 02:00:46,342 - root - INFO - Train Results | R²: 0.9971 | RMSE: 0.0015 | IC: 0.9986 | RankIC: 0.9969
2026-03-25 02:00:46,376 - root - INFO - Epoch of Causal-TSF[116/10000],
2026-03-25 02:00:46,376 - root - INFO - Train Results | R²: 0.9979 | RMSE: 0.0013 | IC: 0.9990 | RankIC: 0.9973
2026-03-25 02:00:46,407 - root - INFO - Epoch of Causal-TSF[117/10000],
2026-03-25 02:00:46,407 - root - INFO - Train Results | R²: 0.9973 | RMSE: 0.0015 | IC: 0.9987 | RankIC: 0.9965
2026-03-25 02:00:46,440 - root - INFO - Epoch of Causal-TSF[118/10000],
2026-03-25 02:00:46,441 - root - INFO - Train Results | R²: 0.9980 | RMSE: 0.0013 | IC: 0.9991 | RankIC: 0.9982
2026-03-25 02:00:46,474 - root - INFO - Epoch of Causal-TSF[119/10000],
2026-03-25 02:00:46,475 - root - INFO - Train Results | R²: 0.9972 | RMSE: 0.0015 | IC: 0.9987 | RankIC: 0.9952
2026-03-25 02:00:46,508 - root - INFO - Epoch of Causal-TSF[120/10000],
2026-03-25 02:00:46,508 - root - INFO - Train Results | R²: 0.9980 | RMSE: 0.0013 | IC: 0.9991 | RankIC: 0.9975
2026-03-25 02:00:46,541 - root - INFO - Epoch of Causal-TSF[121/10000],
2026-03-25 02:00:46,541 - root - INFO - Train Results | R²: 0.9975 | RMSE: 0.0014 | IC: 0.9988 | RankIC: 0.9959
2026-03-25 02:00:46,573 - root - INFO - Epoch of Causal-TSF[122/10000],
2026-03-25 02:00:46,573 - root - INFO - Train Results | R²: 0.9982 | RMSE: 0.0012 | IC: 0.9991 | RankIC: 0.9981
2026-03-25 02:00:46,606 - root - INFO - Epoch of Causal-TSF[123/10000],
2026-03-25 02:00:46,606 - root - INFO - Train Results | R²: 0.9980 | RMSE: 0.0013 | IC: 0.9991 | RankIC: 0.9980
2026-03-25 02:00:46,641 - root - INFO - Epoch of Causal-TSF[124/10000],
2026-03-25 02:00:46,641 - root - INFO - Train Results | R²: 0.9980 | RMSE: 0.0013 | IC: 0.9990 | RankIC: 0.9978
2026-03-25 02:00:46,676 - root - INFO - Epoch of Causal-TSF[125/10000],
2026-03-25 02:00:46,676 - root - INFO - Train Results | R²: 0.9976 | RMSE: 0.0014 | IC: 0.9988 | RankIC: 0.9967
2026-03-25 02:00:46,709 - root - INFO - Epoch of Causal-TSF[126/10000],
2026-03-25 02:00:46,709 - root - INFO - Train Results | R²: 0.9981 | RMSE: 0.0012 | IC: 0.9991 | RankIC: 0.9972
2026-03-25 02:00:46,741 - root - INFO - Epoch of Causal-TSF[127/10000],
2026-03-25 02:00:46,741 - root - INFO - Train Results | R²: 0.9980 | RMSE: 0.0013 | IC: 0.9991 | RankIC: 0.9974
2026-03-25 02:00:46,773 - root - INFO - Epoch of Causal-TSF[128/10000],
2026-03-25 02:00:46,773 - root - INFO - Train Results | R²: 0.9978 | RMSE: 0.0013 | IC: 0.9989 | RankIC: 0.9974
2026-03-25 02:00:46,806 - root - INFO - Epoch of Causal-TSF[129/10000],
2026-03-25 02:00:46,807 - root - INFO - Train Results | R²: 0.9980 | RMSE: 0.0013 | IC: 0.9991 | RankIC: 0.9975
2026-03-25 02:00:46,841 - root - INFO - Epoch of Causal-TSF[130/10000],
2026-03-25 02:00:46,842 - root - INFO - Train Results | R²: 0.9979 | RMSE: 0.0013 | IC: 0.9990 | RankIC: 0.9978
2026-03-25 02:00:46,875 - root - INFO - Epoch of Causal-TSF[131/10000],
2026-03-25 02:00:46,875 - root - INFO - Train Results | R²: 0.9983 | RMSE: 0.0012 | IC: 0.9993 | RankIC: 0.9978
2026-03-25 02:00:46,908 - root - INFO - Epoch of Causal-TSF[132/10000],
2026-03-25 02:00:46,908 - root - INFO - Train Results | R²: 0.9971 | RMSE: 0.0015 | IC: 0.9988 | RankIC: 0.9976
2026-03-25 02:00:46,941 - root - INFO - Epoch of Causal-TSF[133/10000],
2026-03-25 02:00:46,941 - root - INFO - Train Results | R²: 0.9979 | RMSE: 0.0013 | IC: 0.9991 | RankIC: 0.9973
2026-03-25 02:00:46,976 - root - INFO - Epoch of Causal-TSF[134/10000],
2026-03-25 02:00:46,976 - root - INFO - Train Results | R²: 0.9975 | RMSE: 0.0014 | IC: 0.9988 | RankIC: 0.9962
2026-03-25 02:00:47,009 - root - INFO - Epoch of Causal-TSF[135/10000],
2026-03-25 02:00:47,009 - root - INFO - Train Results | R²: 0.9971 | RMSE: 0.0015 | IC: 0.9988 | RankIC: 0.9972
2026-03-25 02:00:47,044 - root - INFO - Epoch of Causal-TSF[136/10000],
2026-03-25 02:00:47,044 - root - INFO - Train Results | R²: 0.9979 | RMSE: 0.0013 | IC: 0.9991 | RankIC: 0.9982
2026-03-25 02:00:47,078 - root - INFO - Epoch of Causal-TSF[137/10000],
2026-03-25 02:00:47,078 - root - INFO - Train Results | R²: 0.9980 | RMSE: 0.0013 | IC: 0.9990 | RankIC: 0.9968
2026-03-25 02:00:47,111 - root - INFO - Epoch of Causal-TSF[138/10000],
2026-03-25 02:00:47,111 - root - INFO - Train Results | R²: 0.9975 | RMSE: 0.0014 | IC: 0.9989 | RankIC: 0.9969
2026-03-25 02:00:47,142 - root - INFO - Epoch of Causal-TSF[139/10000],
2026-03-25 02:00:47,143 - root - INFO - Train Results | R²: 0.9973 | RMSE: 0.0015 | IC: 0.9988 | RankIC: 0.9966
2026-03-25 02:00:47,174 - root - INFO - Epoch of Causal-TSF[140/10000],
2026-03-25 02:00:47,174 - root - INFO - Train Results | R²: 0.9984 | RMSE: 0.0011 | IC: 0.9992 | RankIC: 0.9981
2026-03-25 02:00:47,207 - root - INFO - Epoch of Causal-TSF[141/10000],
2026-03-25 02:00:47,207 - root - INFO - Train Results | R²: 0.9975 | RMSE: 0.0014 | IC: 0.9988 | RankIC: 0.9964
2026-03-25 02:00:47,239 - root - INFO - Epoch of Causal-TSF[142/10000],
2026-03-25 02:00:47,239 - root - INFO - Train Results | R²: 0.9980 | RMSE: 0.0013 | IC: 0.9991 | RankIC: 0.9972
2026-03-25 02:00:47,272 - root - INFO - Epoch of Causal-TSF[143/10000],
2026-03-25 02:00:47,272 - root - INFO - Train Results | R²: 0.9981 | RMSE: 0.0012 | IC: 0.9991 | RankIC: 0.9964
2026-03-25 02:00:47,303 - root - INFO - Epoch of Causal-TSF[144/10000],
2026-03-25 02:00:47,303 - root - INFO - Train Results | R²: 0.9978 | RMSE: 0.0013 | IC: 0.9989 | RankIC: 0.9978
2026-03-25 02:00:47,335 - root - INFO - Epoch of Causal-TSF[145/10000],
2026-03-25 02:00:47,335 - root - INFO - Train Results | R²: 0.9977 | RMSE: 0.0013 | IC: 0.9989 | RankIC: 0.9976
2026-03-25 02:00:47,368 - root - INFO - Epoch of Causal-TSF[146/10000],
2026-03-25 02:00:47,368 - root - INFO - Train Results | R²: 0.9979 | RMSE: 0.0013 | IC: 0.9990 | RankIC: 0.9973
2026-03-25 02:00:47,402 - root - INFO - Epoch of Causal-TSF[147/10000],
2026-03-25 02:00:47,402 - root - INFO - Train Results | R²: 0.9981 | RMSE: 0.0012 | IC: 0.9991 | RankIC: 0.9980
2026-03-25 02:00:47,434 - root - INFO - Epoch of Causal-TSF[148/10000],
2026-03-25 02:00:47,434 - root - INFO - Train Results | R²: 0.9979 | RMSE: 0.0013 | IC: 0.9991 | RankIC: 0.9979
2026-03-25 02:00:47,468 - root - INFO - Epoch of Causal-TSF[149/10000],
2026-03-25 02:00:47,468 - root - INFO - Train Results | R²: 0.9976 | RMSE: 0.0014 | IC: 0.9990 | RankIC: 0.9971
2026-03-25 02:00:47,505 - root - INFO - Epoch of Causal-TSF[150/10000],
2026-03-25 02:00:47,505 - root - INFO - Train Results | R²: 0.9975 | RMSE: 0.0014 | IC: 0.9988 | RankIC: 0.9977
2026-03-25 02:00:47,537 - root - INFO - Epoch of Causal-TSF[151/10000],
2026-03-25 02:00:47,537 - root - INFO - Train Results | R²: 0.9981 | RMSE: 0.0012 | IC: 0.9991 | RankIC: 0.9972
2026-03-25 02:00:47,570 - root - INFO - Epoch of Causal-TSF[152/10000],
2026-03-25 02:00:47,570 - root - INFO - Train Results | R²: 0.9980 | RMSE: 0.0013 | IC: 0.9990 | RankIC: 0.9974
2026-03-25 02:00:47,602 - root - INFO - Epoch of Causal-TSF[153/10000],
2026-03-25 02:00:47,602 - root - INFO - Train Results | R²: 0.9979 | RMSE: 0.0013 | IC: 0.9990 | RankIC: 0.9968
2026-03-25 02:00:47,637 - root - INFO - Epoch of Causal-TSF[154/10000],
2026-03-25 02:00:47,637 - root - INFO - Train Results | R²: 0.9983 | RMSE: 0.0012 | IC: 0.9992 | RankIC: 0.9975
2026-03-25 02:00:47,669 - root - INFO - Epoch of Causal-TSF[155/10000],
2026-03-25 02:00:47,669 - root - INFO - Train Results | R²: 0.9975 | RMSE: 0.0014 | IC: 0.9988 | RankIC: 0.9969
2026-03-25 02:00:47,701 - root - INFO - Early stopping triggered at epoch 156. No improvement for 100 epochs.
2026-03-25 02:00:47,720 - root - INFO - Run 1 Test Results | R²: -0.1743 | RMSE: 0.0421 | IC: -0.0620 | RankIC: -0.0149
2026-03-25 02:00:47,720 - root - INFO - 
2026-03-25 02:00:47,720 - root - INFO - ============================================================
2026-03-25 02:00:47,720 - root - INFO - Causal-TSF Run 2/30 Starting...
2026-03-25 02:00:47,720 - root - INFO - ============================================================
2026-03-25 02:00:47,762 - root - INFO - Epoch of Causal-TSF[1/10000],
2026-03-25 02:00:47,762 - root - INFO - Train Results | R²: -0.1264 | RMSE: 0.0300 | IC: -0.0058 | RankIC: 0.0032
2026-03-25 02:00:47,799 - root - INFO - Epoch of Causal-TSF[2/10000],
2026-03-25 02:00:47,799 - root - INFO - Train Results | R²: 0.0706 | RMSE: 0.0273 | IC: 0.2875 | RankIC: 0.1837
2026-03-25 02:00:47,835 - root - INFO - Epoch of Causal-TSF[3/10000],
2026-03-25 02:00:47,835 - root - INFO - Train Results | R²: 0.1509 | RMSE: 0.0261 | IC: 0.7174 | RankIC: 0.5900
2026-03-25 02:00:47,871 - root - INFO - Epoch of Causal-TSF[4/10000],
2026-03-25 02:00:47,871 - root - INFO - Train Results | R²: 0.3331 | RMSE: 0.0231 | IC: 0.7797 | RankIC: 0.7114
2026-03-25 02:00:47,908 - root - INFO - Epoch of Causal-TSF[5/10000],
2026-03-25 02:00:47,908 - root - INFO - Train Results | R²: 0.5647 | RMSE: 0.0187 | IC: 0.7959 | RankIC: 0.7375
2026-03-25 02:00:47,946 - root - INFO - Epoch of Causal-TSF[6/10000],
2026-03-25 02:00:47,946 - root - INFO - Train Results | R²: 0.7604 | RMSE: 0.0139 | IC: 0.8730 | RankIC: 0.8505
2026-03-25 02:00:47,983 - root - INFO - Epoch of Causal-TSF[7/10000],
2026-03-25 02:00:47,984 - root - INFO - Train Results | R²: 0.8786 | RMSE: 0.0099 | IC: 0.9447 | RankIC: 0.9316
2026-03-25 02:00:48,023 - root - INFO - Epoch of Causal-TSF[8/10000],
2026-03-25 02:00:48,023 - root - INFO - Train Results | R²: 0.9361 | RMSE: 0.0072 | IC: 0.9721 | RankIC: 0.9611
2026-03-25 02:00:48,056 - root - INFO - Epoch of Causal-TSF[9/10000],
2026-03-25 02:00:48,056 - root - INFO - Train Results | R²: 0.9341 | RMSE: 0.0073 | IC: 0.9801 | RankIC: 0.9667
2026-03-25 02:00:48,091 - root - INFO - Epoch of Causal-TSF[10/10000],
2026-03-25 02:00:48,092 - root - INFO - Train Results | R²: 0.9681 | RMSE: 0.0051 | IC: 0.9889 | RankIC: 0.9793
2026-03-25 02:00:48,124 - root - INFO - Epoch of Causal-TSF[11/10000],
2026-03-25 02:00:48,124 - root - INFO - Train Results | R²: 0.9772 | RMSE: 0.0043 | IC: 0.9919 | RankIC: 0.9842
2026-03-25 02:00:48,158 - root - INFO - Epoch of Causal-TSF[12/10000],
2026-03-25 02:00:48,158 - root - INFO - Train Results | R²: 0.9812 | RMSE: 0.0039 | IC: 0.9938 | RankIC: 0.9869
2026-03-25 02:00:48,193 - root - INFO - Epoch of Causal-TSF[13/10000],
2026-03-25 02:00:48,193 - root - INFO - Train Results | R²: 0.9880 | RMSE: 0.0031 | IC: 0.9964 | RankIC: 0.9920
2026-03-25 02:00:48,230 - root - INFO - Epoch of Causal-TSF[14/10000],
2026-03-25 02:00:48,230 - root - INFO - Train Results | R²: 0.9902 | RMSE: 0.0028 | IC: 0.9973 | RankIC: 0.9932
2026-03-25 02:00:48,266 - root - INFO - Epoch of Causal-TSF[15/10000],
2026-03-25 02:00:48,266 - root - INFO - Train Results | R²: 0.9938 | RMSE: 0.0022 | IC: 0.9979 | RankIC: 0.9950
2026-03-25 02:00:48,302 - root - INFO - Epoch of Causal-TSF[16/10000],
2026-03-25 02:00:48,302 - root - INFO - Train Results | R²: 0.9964 | RMSE: 0.0017 | IC: 0.9987 | RankIC: 0.9971
2026-03-25 02:00:48,334 - root - INFO - Epoch of Causal-TSF[17/10000],
2026-03-25 02:00:48,335 - root - INFO - Train Results | R²: 0.9970 | RMSE: 0.0015 | IC: 0.9988 | RankIC: 0.9977
2026-03-25 02:00:48,371 - root - INFO - Epoch of Causal-TSF[18/10000],
2026-03-25 02:00:48,372 - root - INFO - Train Results | R²: 0.9975 | RMSE: 0.0014 | IC: 0.9991 | RankIC: 0.9973
2026-03-25 02:00:48,406 - root - INFO - Epoch of Causal-TSF[19/10000],
2026-03-25 02:00:48,406 - root - INFO - Train Results | R²: 0.9980 | RMSE: 0.0013 | IC: 0.9991 | RankIC: 0.9976
2026-03-25 02:00:48,439 - root - INFO - Epoch of Causal-TSF[20/10000],
2026-03-25 02:00:48,439 - root - INFO - Train Results | R²: 0.9982 | RMSE: 0.0012 | IC: 0.9992 | RankIC: 0.9981
2026-03-25 02:00:48,475 - root - INFO - Epoch of Causal-TSF[21/10000],
2026-03-25 02:00:48,475 - root - INFO - Train Results | R²: 0.9986 | RMSE: 0.0011 | IC: 0.9993 | RankIC: 0.9979
2026-03-25 02:00:48,507 - root - INFO - Epoch of Causal-TSF[22/10000],
2026-03-25 02:00:48,507 - root - INFO - Train Results | R²: 0.9983 | RMSE: 0.0012 | IC: 0.9993 | RankIC: 0.9977
2026-03-25 02:00:48,540 - root - INFO - Epoch of Causal-TSF[23/10000],
2026-03-25 02:00:48,540 - root - INFO - Train Results | R²: 0.9975 | RMSE: 0.0014 | IC: 0.9990 | RankIC: 0.9977
2026-03-25 02:00:48,573 - root - INFO - Epoch of Causal-TSF[24/10000],
2026-03-25 02:00:48,573 - root - INFO - Train Results | R²: 0.9970 | RMSE: 0.0016 | IC: 0.9987 | RankIC: 0.9967
2026-03-25 02:00:48,606 - root - INFO - Epoch of Causal-TSF[25/10000],
2026-03-25 02:00:48,606 - root - INFO - Train Results | R²: 0.9974 | RMSE: 0.0014 | IC: 0.9987 | RankIC: 0.9973
2026-03-25 02:00:48,642 - root - INFO - Epoch of Causal-TSF[26/10000],
2026-03-25 02:00:48,642 - root - INFO - Train Results | R²: 0.9980 | RMSE: 0.0013 | IC: 0.9990 | RankIC: 0.9972
2026-03-25 02:00:48,675 - root - INFO - Epoch of Causal-TSF[27/10000],
2026-03-25 02:00:48,675 - root - INFO - Train Results | R²: 0.9984 | RMSE: 0.0011 | IC: 0.9993 | RankIC: 0.9981
2026-03-25 02:00:48,708 - root - INFO - Epoch of Causal-TSF[28/10000],
2026-03-25 02:00:48,708 - root - INFO - Train Results | R²: 0.9986 | RMSE: 0.0011 | IC: 0.9994 | RankIC: 0.9984
2026-03-25 02:00:48,741 - root - INFO - Epoch of Causal-TSF[29/10000],
2026-03-25 02:00:48,741 - root - INFO - Train Results | R²: 0.9991 | RMSE: 0.0008 | IC: 0.9996 | RankIC: 0.9984
2026-03-25 02:00:48,775 - root - INFO - Epoch of Causal-TSF[30/10000],
2026-03-25 02:00:48,775 - root - INFO - Train Results | R²: 0.9990 | RMSE: 0.0009 | IC: 0.9995 | RankIC: 0.9987
2026-03-25 02:00:48,808 - root - INFO - Epoch of Causal-TSF[31/10000],
2026-03-25 02:00:48,808 - root - INFO - Train Results | R²: 0.9988 | RMSE: 0.0010 | IC: 0.9994 | RankIC: 0.9990
2026-03-25 02:00:48,841 - root - INFO - Epoch of Causal-TSF[32/10000],
2026-03-25 02:00:48,841 - root - INFO - Train Results | R²: 0.9987 | RMSE: 0.0010 | IC: 0.9994 | RankIC: 0.9988
2026-03-25 02:00:48,874 - root - INFO - Epoch of Causal-TSF[33/10000],
2026-03-25 02:00:48,875 - root - INFO - Train Results | R²: 0.9988 | RMSE: 0.0010 | IC: 0.9994 | RankIC: 0.9984
2026-03-25 02:00:48,908 - root - INFO - Epoch of Causal-TSF[34/10000],
2026-03-25 02:00:48,908 - root - INFO - Train Results | R²: 0.9989 | RMSE: 0.0010 | IC: 0.9994 | RankIC: 0.9984
2026-03-25 02:00:48,942 - root - INFO - Epoch of Causal-TSF[35/10000],
2026-03-25 02:00:48,942 - root - INFO - Train Results | R²: 0.9986 | RMSE: 0.0010 | IC: 0.9993 | RankIC: 0.9978
2026-03-25 02:00:48,974 - root - INFO - Epoch of Causal-TSF[36/10000],
2026-03-25 02:00:48,974 - root - INFO - Train Results | R²: 0.9984 | RMSE: 0.0011 | IC: 0.9994 | RankIC: 0.9985
2026-03-25 02:00:49,008 - root - INFO - Epoch of Causal-TSF[37/10000],
2026-03-25 02:00:49,008 - root - INFO - Train Results | R²: 0.9970 | RMSE: 0.0016 | IC: 0.9988 | RankIC: 0.9967
2026-03-25 02:00:49,042 - root - INFO - Epoch of Causal-TSF[38/10000],
2026-03-25 02:00:49,042 - root - INFO - Train Results | R²: 0.9966 | RMSE: 0.0016 | IC: 0.9983 | RankIC: 0.9960
2026-03-25 02:00:49,076 - root - INFO - Epoch of Causal-TSF[39/10000],
2026-03-25 02:00:49,077 - root - INFO - Train Results | R²: 0.9979 | RMSE: 0.0013 | IC: 0.9992 | RankIC: 0.9983
2026-03-25 02:00:49,109 - root - INFO - Epoch of Causal-TSF[40/10000],
2026-03-25 02:00:49,109 - root - INFO - Train Results | R²: 0.9976 | RMSE: 0.0014 | IC: 0.9990 | RankIC: 0.9973
2026-03-25 02:00:49,143 - root - INFO - Epoch of Causal-TSF[41/10000],
2026-03-25 02:00:49,143 - root - INFO - Train Results | R²: 0.9977 | RMSE: 0.0014 | IC: 0.9990 | RankIC: 0.9981
2026-03-25 02:00:49,176 - root - INFO - Epoch of Causal-TSF[42/10000],
2026-03-25 02:00:49,177 - root - INFO - Train Results | R²: 0.9975 | RMSE: 0.0014 | IC: 0.9988 | RankIC: 0.9967
2026-03-25 02:00:49,209 - root - INFO - Epoch of Causal-TSF[43/10000],
2026-03-25 02:00:49,209 - root - INFO - Train Results | R²: 0.9971 | RMSE: 0.0015 | IC: 0.9989 | RankIC: 0.9975
2026-03-25 02:00:49,240 - root - INFO - Epoch of Causal-TSF[44/10000],
2026-03-25 02:00:49,241 - root - INFO - Train Results | R²: 0.9964 | RMSE: 0.0017 | IC: 0.9987 | RankIC: 0.9964
2026-03-25 02:00:49,274 - root - INFO - Epoch of Causal-TSF[45/10000],
2026-03-25 02:00:49,274 - root - INFO - Train Results | R²: 0.9963 | RMSE: 0.0017 | IC: 0.9983 | RankIC: 0.9960
2026-03-25 02:00:49,307 - root - INFO - Epoch of Causal-TSF[46/10000],
2026-03-25 02:00:49,307 - root - INFO - Train Results | R²: 0.9967 | RMSE: 0.0016 | IC: 0.9984 | RankIC: 0.9960
2026-03-25 02:00:49,339 - root - INFO - Epoch of Causal-TSF[47/10000],
2026-03-25 02:00:49,339 - root - INFO - Train Results | R²: 0.9970 | RMSE: 0.0015 | IC: 0.9989 | RankIC: 0.9982
2026-03-25 02:00:49,371 - root - INFO - Epoch of Causal-TSF[48/10000],
2026-03-25 02:00:49,371 - root - INFO - Train Results | R²: 0.9976 | RMSE: 0.0014 | IC: 0.9990 | RankIC: 0.9969
2026-03-25 02:00:49,402 - root - INFO - Epoch of Causal-TSF[49/10000],
2026-03-25 02:00:49,402 - root - INFO - Train Results | R²: 0.9982 | RMSE: 0.0012 | IC: 0.9991 | RankIC: 0.9981
2026-03-25 02:00:49,435 - root - INFO - Epoch of Causal-TSF[50/10000],
2026-03-25 02:00:49,435 - root - INFO - Train Results | R²: 0.9978 | RMSE: 0.0013 | IC: 0.9989 | RankIC: 0.9977
2026-03-25 02:00:49,468 - root - INFO - Epoch of Causal-TSF[51/10000],
2026-03-25 02:00:49,468 - root - INFO - Train Results | R²: 0.9974 | RMSE: 0.0014 | IC: 0.9992 | RankIC: 0.9979
2026-03-25 02:00:49,501 - root - INFO - Epoch of Causal-TSF[52/10000],
2026-03-25 02:00:49,501 - root - INFO - Train Results | R²: 0.9958 | RMSE: 0.0018 | IC: 0.9982 | RankIC: 0.9957
2026-03-25 02:00:49,532 - root - INFO - Epoch of Causal-TSF[53/10000],
2026-03-25 02:00:49,532 - root - INFO - Train Results | R²: 0.9959 | RMSE: 0.0018 | IC: 0.9982 | RankIC: 0.9964
2026-03-25 02:00:49,560 - root - INFO - Epoch of Causal-TSF[54/10000],
2026-03-25 02:00:49,560 - root - INFO - Train Results | R²: 0.9963 | RMSE: 0.0017 | IC: 0.9987 | RankIC: 0.9972
2026-03-25 02:00:49,589 - root - INFO - Epoch of Causal-TSF[55/10000],
2026-03-25 02:00:49,589 - root - INFO - Train Results | R²: 0.9959 | RMSE: 0.0018 | IC: 0.9982 | RankIC: 0.9965
2026-03-25 02:00:49,617 - root - INFO - Epoch of Causal-TSF[56/10000],
2026-03-25 02:00:49,617 - root - INFO - Train Results | R²: 0.9967 | RMSE: 0.0016 | IC: 0.9985 | RankIC: 0.9968
2026-03-25 02:00:49,646 - root - INFO - Epoch of Causal-TSF[57/10000],
2026-03-25 02:00:49,646 - root - INFO - Train Results | R²: 0.9976 | RMSE: 0.0014 | IC: 0.9992 | RankIC: 0.9983
2026-03-25 02:00:49,675 - root - INFO - Epoch of Causal-TSF[58/10000],
2026-03-25 02:00:49,675 - root - INFO - Train Results | R²: 0.9972 | RMSE: 0.0015 | IC: 0.9989 | RankIC: 0.9970
2026-03-25 02:00:49,702 - root - INFO - Epoch of Causal-TSF[59/10000],
2026-03-25 02:00:49,703 - root - INFO - Train Results | R²: 0.9976 | RMSE: 0.0014 | IC: 0.9989 | RankIC: 0.9977
2026-03-25 02:00:49,729 - root - INFO - Epoch of Causal-TSF[60/10000],
2026-03-25 02:00:49,729 - root - INFO - Train Results | R²: 0.9974 | RMSE: 0.0014 | IC: 0.9988 | RankIC: 0.9974
2026-03-25 02:00:49,756 - root - INFO - Epoch of Causal-TSF[61/10000],
2026-03-25 02:00:49,756 - root - INFO - Train Results | R²: 0.9971 | RMSE: 0.0015 | IC: 0.9989 | RankIC: 0.9975
2026-03-25 02:00:49,792 - root - INFO - Epoch of Causal-TSF[62/10000],
2026-03-25 02:00:49,792 - root - INFO - Train Results | R²: 0.9975 | RMSE: 0.0014 | IC: 0.9993 | RankIC: 0.9984
2026-03-25 02:00:49,827 - root - INFO - Epoch of Causal-TSF[63/10000],
2026-03-25 02:00:49,827 - root - INFO - Train Results | R²: 0.9967 | RMSE: 0.0016 | IC: 0.9986 | RankIC: 0.9971
2026-03-25 02:00:49,860 - root - INFO - Epoch of Causal-TSF[64/10000],
2026-03-25 02:00:49,861 - root - INFO - Train Results | R²: 0.9973 | RMSE: 0.0015 | IC: 0.9986 | RankIC: 0.9968
2026-03-25 02:00:49,893 - root - INFO - Epoch of Causal-TSF[65/10000],
2026-03-25 02:00:49,893 - root - INFO - Train Results | R²: 0.9976 | RMSE: 0.0014 | IC: 0.9990 | RankIC: 0.9976
2026-03-25 02:00:49,921 - root - INFO - Epoch of Causal-TSF[66/10000],
2026-03-25 02:00:49,921 - root - INFO - Train Results | R²: 0.9977 | RMSE: 0.0014 | IC: 0.9993 | RankIC: 0.9985
2026-03-25 02:00:49,949 - root - INFO - Epoch of Causal-TSF[67/10000],
2026-03-25 02:00:49,950 - root - INFO - Train Results | R²: 0.9969 | RMSE: 0.0016 | IC: 0.9986 | RankIC: 0.9961
2026-03-25 02:00:49,978 - root - INFO - Epoch of Causal-TSF[68/10000],
2026-03-25 02:00:49,978 - root - INFO - Train Results | R²: 0.9963 | RMSE: 0.0017 | IC: 0.9983 | RankIC: 0.9973
2026-03-25 02:00:50,011 - root - INFO - Epoch of Causal-TSF[69/10000],
2026-03-25 02:00:50,011 - root - INFO - Train Results | R²: 0.9977 | RMSE: 0.0013 | IC: 0.9992 | RankIC: 0.9985
2026-03-25 02:00:50,039 - root - INFO - Epoch of Causal-TSF[70/10000],
2026-03-25 02:00:50,039 - root - INFO - Train Results | R²: 0.9977 | RMSE: 0.0014 | IC: 0.9990 | RankIC: 0.9977
2026-03-25 02:00:50,068 - root - INFO - Epoch of Causal-TSF[71/10000],
2026-03-25 02:00:50,068 - root - INFO - Train Results | R²: 0.9987 | RMSE: 0.0010 | IC: 0.9993 | RankIC: 0.9990
2026-03-25 02:00:50,095 - root - INFO - Epoch of Causal-TSF[72/10000],
2026-03-25 02:00:50,096 - root - INFO - Train Results | R²: 0.9990 | RMSE: 0.0009 | IC: 0.9996 | RankIC: 0.9990
2026-03-25 02:00:50,127 - root - INFO - Epoch of Causal-TSF[73/10000],
2026-03-25 02:00:50,127 - root - INFO - Train Results | R²: 0.9989 | RMSE: 0.0009 | IC: 0.9995 | RankIC: 0.9985
2026-03-25 02:00:50,159 - root - INFO - Epoch of Causal-TSF[74/10000],
2026-03-25 02:00:50,159 - root - INFO - Train Results | R²: 0.9991 | RMSE: 0.0009 | IC: 0.9996 | RankIC: 0.9990
2026-03-25 02:00:50,192 - root - INFO - Epoch of Causal-TSF[75/10000],
2026-03-25 02:00:50,192 - root - INFO - Train Results | R²: 0.9983 | RMSE: 0.0012 | IC: 0.9992 | RankIC: 0.9979
2026-03-25 02:00:50,224 - root - INFO - Epoch of Causal-TSF[76/10000],
2026-03-25 02:00:50,224 - root - INFO - Train Results | R²: 0.9986 | RMSE: 0.0010 | IC: 0.9994 | RankIC: 0.9987
2026-03-25 02:00:50,258 - root - INFO - Epoch of Causal-TSF[77/10000],
2026-03-25 02:00:50,258 - root - INFO - Train Results | R²: 0.9985 | RMSE: 0.0011 | IC: 0.9995 | RankIC: 0.9988
2026-03-25 02:00:50,289 - root - INFO - Epoch of Causal-TSF[78/10000],
2026-03-25 02:00:50,289 - root - INFO - Train Results | R²: 0.9980 | RMSE: 0.0013 | IC: 0.9991 | RankIC: 0.9979
2026-03-25 02:00:50,322 - root - INFO - Epoch of Causal-TSF[79/10000],
2026-03-25 02:00:50,322 - root - INFO - Train Results | R²: 0.9973 | RMSE: 0.0015 | IC: 0.9987 | RankIC: 0.9981
2026-03-25 02:00:50,354 - root - INFO - Epoch of Causal-TSF[80/10000],
2026-03-25 02:00:50,354 - root - INFO - Train Results | R²: 0.9980 | RMSE: 0.0013 | IC: 0.9994 | RankIC: 0.9987
2026-03-25 02:00:50,386 - root - INFO - Epoch of Causal-TSF[81/10000],
2026-03-25 02:00:50,387 - root - INFO - Train Results | R²: 0.9977 | RMSE: 0.0014 | IC: 0.9990 | RankIC: 0.9977
2026-03-25 02:00:50,419 - root - INFO - Epoch of Causal-TSF[82/10000],
2026-03-25 02:00:50,419 - root - INFO - Train Results | R²: 0.9977 | RMSE: 0.0014 | IC: 0.9989 | RankIC: 0.9981
2026-03-25 02:00:50,452 - root - INFO - Epoch of Causal-TSF[83/10000],
2026-03-25 02:00:50,452 - root - INFO - Train Results | R²: 0.9981 | RMSE: 0.0012 | IC: 0.9993 | RankIC: 0.9982
2026-03-25 02:00:50,484 - root - INFO - Epoch of Causal-TSF[84/10000],
2026-03-25 02:00:50,484 - root - INFO - Train Results | R²: 0.9982 | RMSE: 0.0012 | IC: 0.9991 | RankIC: 0.9976
2026-03-25 02:00:50,517 - root - INFO - Epoch of Causal-TSF[85/10000],
2026-03-25 02:00:50,517 - root - INFO - Train Results | R²: 0.9983 | RMSE: 0.0012 | IC: 0.9993 | RankIC: 0.9988
2026-03-25 02:00:50,548 - root - INFO - Epoch of Causal-TSF[86/10000],
2026-03-25 02:00:50,548 - root - INFO - Train Results | R²: 0.9988 | RMSE: 0.0010 | IC: 0.9995 | RankIC: 0.9984
2026-03-25 02:00:50,582 - root - INFO - Epoch of Causal-TSF[87/10000],
2026-03-25 02:00:50,582 - root - INFO - Train Results | R²: 0.9988 | RMSE: 0.0010 | IC: 0.9994 | RankIC: 0.9986
2026-03-25 02:00:50,614 - root - INFO - Epoch of Causal-TSF[88/10000],
2026-03-25 02:00:50,614 - root - INFO - Train Results | R²: 0.9987 | RMSE: 0.0010 | IC: 0.9994 | RankIC: 0.9985
2026-03-25 02:00:50,645 - root - INFO - Epoch of Causal-TSF[89/10000],
2026-03-25 02:00:50,645 - root - INFO - Train Results | R²: 0.9981 | RMSE: 0.0012 | IC: 0.9993 | RankIC: 0.9980
2026-03-25 02:00:50,674 - root - INFO - Epoch of Causal-TSF[90/10000],
2026-03-25 02:00:50,674 - root - INFO - Train Results | R²: 0.9976 | RMSE: 0.0014 | IC: 0.9989 | RankIC: 0.9977
2026-03-25 02:00:50,702 - root - INFO - Epoch of Causal-TSF[91/10000],
2026-03-25 02:00:50,702 - root - INFO - Train Results | R²: 0.9977 | RMSE: 0.0014 | IC: 0.9989 | RankIC: 0.9984
2026-03-25 02:00:50,730 - root - INFO - Epoch of Causal-TSF[92/10000],
2026-03-25 02:00:50,730 - root - INFO - Train Results | R²: 0.9980 | RMSE: 0.0013 | IC: 0.9992 | RankIC: 0.9984
2026-03-25 02:00:50,759 - root - INFO - Epoch of Causal-TSF[93/10000],
2026-03-25 02:00:50,759 - root - INFO - Train Results | R²: 0.9983 | RMSE: 0.0012 | IC: 0.9992 | RankIC: 0.9978
2026-03-25 02:00:50,787 - root - INFO - Epoch of Causal-TSF[94/10000],
2026-03-25 02:00:50,787 - root - INFO - Train Results | R²: 0.9987 | RMSE: 0.0010 | IC: 0.9994 | RankIC: 0.9987
2026-03-25 02:00:50,815 - root - INFO - Epoch of Causal-TSF[95/10000],
2026-03-25 02:00:50,815 - root - INFO - Train Results | R²: 0.9982 | RMSE: 0.0012 | IC: 0.9992 | RankIC: 0.9982
2026-03-25 02:00:50,843 - root - INFO - Epoch of Causal-TSF[96/10000],
2026-03-25 02:00:50,843 - root - INFO - Train Results | R²: 0.9983 | RMSE: 0.0012 | IC: 0.9994 | RankIC: 0.9984
2026-03-25 02:00:50,872 - root - INFO - Epoch of Causal-TSF[97/10000],
2026-03-25 02:00:50,872 - root - INFO - Train Results | R²: 0.9978 | RMSE: 0.0013 | IC: 0.9989 | RankIC: 0.9981
2026-03-25 02:00:50,900 - root - INFO - Epoch of Causal-TSF[98/10000],
2026-03-25 02:00:50,900 - root - INFO - Train Results | R²: 0.9984 | RMSE: 0.0011 | IC: 0.9994 | RankIC: 0.9988
2026-03-25 02:00:50,928 - root - INFO - Epoch of Causal-TSF[99/10000],
2026-03-25 02:00:50,928 - root - INFO - Train Results | R²: 0.9982 | RMSE: 0.0012 | IC: 0.9993 | RankIC: 0.9986
2026-03-25 02:00:50,961 - root - INFO - Epoch of Causal-TSF[100/10000],
2026-03-25 02:00:50,961 - root - INFO - Train Results | R²: 0.9983 | RMSE: 0.0012 | IC: 0.9992 | RankIC: 0.9985
2026-03-25 02:00:50,990 - root - INFO - Epoch of Causal-TSF[101/10000],
2026-03-25 02:00:50,991 - root - INFO - Train Results | R²: 0.9981 | RMSE: 0.0012 | IC: 0.9991 | RankIC: 0.9985
2026-03-25 02:00:51,019 - root - INFO - Epoch of Causal-TSF[102/10000],
2026-03-25 02:00:51,019 - root - INFO - Train Results | R²: 0.9985 | RMSE: 0.0011 | IC: 0.9994 | RankIC: 0.9985
2026-03-25 02:00:51,047 - root - INFO - Epoch of Causal-TSF[103/10000],
2026-03-25 02:00:51,047 - root - INFO - Train Results | R²: 0.9976 | RMSE: 0.0014 | IC: 0.9989 | RankIC: 0.9977
2026-03-25 02:00:51,074 - root - INFO - Epoch of Causal-TSF[104/10000],
2026-03-25 02:00:51,074 - root - INFO - Train Results | R²: 0.9982 | RMSE: 0.0012 | IC: 0.9992 | RankIC: 0.9985
2026-03-25 02:00:51,104 - root - INFO - Epoch of Causal-TSF[105/10000],
2026-03-25 02:00:51,104 - root - INFO - Train Results | R²: 0.9980 | RMSE: 0.0013 | IC: 0.9991 | RankIC: 0.9975
2026-03-25 02:00:51,137 - root - INFO - Epoch of Causal-TSF[106/10000],
2026-03-25 02:00:51,137 - root - INFO - Train Results | R²: 0.9983 | RMSE: 0.0012 | IC: 0.9993 | RankIC: 0.9985
2026-03-25 02:00:51,169 - root - INFO - Epoch of Causal-TSF[107/10000],
2026-03-25 02:00:51,169 - root - INFO - Train Results | R²: 0.9983 | RMSE: 0.0012 | IC: 0.9993 | RankIC: 0.9984
2026-03-25 02:00:51,202 - root - INFO - Epoch of Causal-TSF[108/10000],
2026-03-25 02:00:51,202 - root - INFO - Train Results | R²: 0.9989 | RMSE: 0.0009 | IC: 0.9995 | RankIC: 0.9990
2026-03-25 02:00:51,236 - root - INFO - Epoch of Causal-TSF[109/10000],
2026-03-25 02:00:51,236 - root - INFO - Train Results | R²: 0.9984 | RMSE: 0.0011 | IC: 0.9992 | RankIC: 0.9985
2026-03-25 02:00:51,269 - root - INFO - Epoch of Causal-TSF[110/10000],
2026-03-25 02:00:51,269 - root - INFO - Train Results | R²: 0.9988 | RMSE: 0.0010 | IC: 0.9995 | RankIC: 0.9985
2026-03-25 02:00:51,302 - root - INFO - Epoch of Causal-TSF[111/10000],
2026-03-25 02:00:51,302 - root - INFO - Train Results | R²: 0.9984 | RMSE: 0.0011 | IC: 0.9993 | RankIC: 0.9984
2026-03-25 02:00:51,336 - root - INFO - Epoch of Causal-TSF[112/10000],
2026-03-25 02:00:51,337 - root - INFO - Train Results | R²: 0.9977 | RMSE: 0.0013 | IC: 0.9989 | RankIC: 0.9981
2026-03-25 02:00:51,369 - root - INFO - Epoch of Causal-TSF[113/10000],
2026-03-25 02:00:51,369 - root - INFO - Train Results | R²: 0.9982 | RMSE: 0.0012 | IC: 0.9993 | RankIC: 0.9986
2026-03-25 02:00:51,402 - root - INFO - Epoch of Causal-TSF[114/10000],
2026-03-25 02:00:51,402 - root - INFO - Train Results | R²: 0.9980 | RMSE: 0.0013 | IC: 0.9992 | RankIC: 0.9980
2026-03-25 02:00:51,436 - root - INFO - Epoch of Causal-TSF[115/10000],
2026-03-25 02:00:51,436 - root - INFO - Train Results | R²: 0.9977 | RMSE: 0.0014 | IC: 0.9989 | RankIC: 0.9982
2026-03-25 02:00:51,468 - root - INFO - Epoch of Causal-TSF[116/10000],
2026-03-25 02:00:51,468 - root - INFO - Train Results | R²: 0.9981 | RMSE: 0.0012 | IC: 0.9993 | RankIC: 0.9987
2026-03-25 02:00:51,501 - root - INFO - Epoch of Causal-TSF[117/10000],
2026-03-25 02:00:51,501 - root - INFO - Train Results | R²: 0.9980 | RMSE: 0.0013 | IC: 0.9993 | RankIC: 0.9981
2026-03-25 02:00:51,534 - root - INFO - Epoch of Causal-TSF[118/10000],
2026-03-25 02:00:51,534 - root - INFO - Train Results | R²: 0.9961 | RMSE: 0.0018 | IC: 0.9980 | RankIC: 0.9972
2026-03-25 02:00:51,567 - root - INFO - Epoch of Causal-TSF[119/10000],
2026-03-25 02:00:51,567 - root - INFO - Train Results | R²: 0.9951 | RMSE: 0.0020 | IC: 0.9981 | RankIC: 0.9957
2026-03-25 02:00:51,600 - root - INFO - Epoch of Causal-TSF[120/10000],
2026-03-25 02:00:51,600 - root - INFO - Train Results | R²: 0.9952 | RMSE: 0.0020 | IC: 0.9985 | RankIC: 0.9966
2026-03-25 02:00:51,633 - root - INFO - Early stopping triggered at epoch 121. No improvement for 100 epochs.
2026-03-25 02:00:51,650 - root - INFO - Run 2 Test Results | R²: -0.2498 | RMSE: 0.0435 | IC: -0.1521 | RankIC: -0.0079
2026-03-25 02:00:51,650 - root - INFO - 
2026-03-25 02:00:51,650 - root - INFO - ============================================================
2026-03-25 02:00:51,650 - root - INFO - Causal-TSF Run 3/30 Starting...
2026-03-25 02:00:51,650 - root - INFO - ============================================================
2026-03-25 02:00:51,696 - root - INFO - Epoch of Causal-TSF[1/10000],
2026-03-25 02:00:51,696 - root - INFO - Train Results | R²: -0.5643 | RMSE: 0.0354 | IC: -0.0060 | RankIC: 0.0052
2026-03-25 02:00:51,734 - root - INFO - Epoch of Causal-TSF[2/10000],
2026-03-25 02:00:51,734 - root - INFO - Train Results | R²: -0.0513 | RMSE: 0.0290 | IC: 0.3350 | RankIC: 0.3446
2026-03-25 02:00:51,773 - root - INFO - Epoch of Causal-TSF[3/10000],
2026-03-25 02:00:51,773 - root - INFO - Train Results | R²: 0.0707 | RMSE: 0.0273 | IC: 0.4015 | RankIC: 0.3458
2026-03-25 02:00:51,808 - root - INFO - Epoch of Causal-TSF[4/10000],
2026-03-25 02:00:51,808 - root - INFO - Train Results | R²: 0.1450 | RMSE: 0.0262 | IC: 0.7607 | RankIC: 0.7721
2026-03-25 02:00:51,845 - root - INFO - Epoch of Causal-TSF[5/10000],
2026-03-25 02:00:51,845 - root - INFO - Train Results | R²: 0.3246 | RMSE: 0.0233 | IC: 0.8149 | RankIC: 0.8150
2026-03-25 02:00:51,880 - root - INFO - Epoch of Causal-TSF[6/10000],
2026-03-25 02:00:51,880 - root - INFO - Train Results | R²: 0.5423 | RMSE: 0.0191 | IC: 0.8337 | RankIC: 0.7944
2026-03-25 02:00:51,916 - root - INFO - Epoch of Causal-TSF[7/10000],
2026-03-25 02:00:51,916 - root - INFO - Train Results | R²: 0.7567 | RMSE: 0.0140 | IC: 0.8766 | RankIC: 0.8727
2026-03-25 02:00:51,952 - root - INFO - Epoch of Causal-TSF[8/10000],
2026-03-25 02:00:51,952 - root - INFO - Train Results | R²: 0.8262 | RMSE: 0.0118 | IC: 0.9202 | RankIC: 0.9304
2026-03-25 02:00:51,988 - root - INFO - Epoch of Causal-TSF[9/10000],
2026-03-25 02:00:51,988 - root - INFO - Train Results | R²: 0.8925 | RMSE: 0.0093 | IC: 0.9461 | RankIC: 0.9641
2026-03-25 02:00:52,025 - root - INFO - Epoch of Causal-TSF[10/10000],
2026-03-25 02:00:52,025 - root - INFO - Train Results | R²: 0.9122 | RMSE: 0.0084 | IC: 0.9631 | RankIC: 0.9730
2026-03-25 02:00:52,062 - root - INFO - Epoch of Causal-TSF[11/10000],
2026-03-25 02:00:52,062 - root - INFO - Train Results | R²: 0.9274 | RMSE: 0.0076 | IC: 0.9722 | RankIC: 0.9826
2026-03-25 02:00:52,098 - root - INFO - Epoch of Causal-TSF[12/10000],
2026-03-25 02:00:52,098 - root - INFO - Train Results | R²: 0.9488 | RMSE: 0.0064 | IC: 0.9749 | RankIC: 0.9840
2026-03-25 02:00:52,134 - root - INFO - Epoch of Causal-TSF[13/10000],
2026-03-25 02:00:52,134 - root - INFO - Train Results | R²: 0.9570 | RMSE: 0.0059 | IC: 0.9788 | RankIC: 0.9826
2026-03-25 02:00:52,170 - root - INFO - Epoch of Causal-TSF[14/10000],
2026-03-25 02:00:52,170 - root - INFO - Train Results | R²: 0.9676 | RMSE: 0.0051 | IC: 0.9840 | RankIC: 0.9920
2026-03-25 02:00:52,206 - root - INFO - Epoch of Causal-TSF[15/10000],
2026-03-25 02:00:52,206 - root - INFO - Train Results | R²: 0.9713 | RMSE: 0.0048 | IC: 0.9867 | RankIC: 0.9900
2026-03-25 02:00:52,242 - root - INFO - Epoch of Causal-TSF[16/10000],
2026-03-25 02:00:52,243 - root - INFO - Train Results | R²: 0.9750 | RMSE: 0.0045 | IC: 0.9875 | RankIC: 0.9912
2026-03-25 02:00:52,281 - root - INFO - Epoch of Causal-TSF[17/10000],
2026-03-25 02:00:52,281 - root - INFO - Train Results | R²: 0.9812 | RMSE: 0.0039 | IC: 0.9918 | RankIC: 0.9947
2026-03-25 02:00:52,319 - root - INFO - Epoch of Causal-TSF[18/10000],
2026-03-25 02:00:52,319 - root - INFO - Train Results | R²: 0.9827 | RMSE: 0.0037 | IC: 0.9923 | RankIC: 0.9913
2026-03-25 02:00:52,355 - root - INFO - Epoch of Causal-TSF[19/10000],
2026-03-25 02:00:52,355 - root - INFO - Train Results | R²: 0.9863 | RMSE: 0.0033 | IC: 0.9932 | RankIC: 0.9909
2026-03-25 02:00:52,394 - root - INFO - Epoch of Causal-TSF[20/10000],
2026-03-25 02:00:52,394 - root - INFO - Train Results | R²: 0.9901 | RMSE: 0.0028 | IC: 0.9956 | RankIC: 0.9933
2026-03-25 02:00:52,433 - root - INFO - Epoch of Causal-TSF[21/10000],
2026-03-25 02:00:52,433 - root - INFO - Train Results | R²: 0.9939 | RMSE: 0.0022 | IC: 0.9978 | RankIC: 0.9957
2026-03-25 02:00:52,465 - root - INFO - Epoch of Causal-TSF[22/10000],
2026-03-25 02:00:52,465 - root - INFO - Train Results | R²: 0.9938 | RMSE: 0.0022 | IC: 0.9973 | RankIC: 0.9941
2026-03-25 02:00:52,497 - root - INFO - Epoch of Causal-TSF[23/10000],
2026-03-25 02:00:52,497 - root - INFO - Train Results | R²: 0.9926 | RMSE: 0.0024 | IC: 0.9966 | RankIC: 0.9946
2026-03-25 02:00:52,529 - root - INFO - Epoch of Causal-TSF[24/10000],
2026-03-25 02:00:52,529 - root - INFO - Train Results | R²: 0.9920 | RMSE: 0.0025 | IC: 0.9975 | RankIC: 0.9951
2026-03-25 02:00:52,562 - root - INFO - Epoch of Causal-TSF[25/10000],
2026-03-25 02:00:52,562 - root - INFO - Train Results | R²: 0.9920 | RMSE: 0.0025 | IC: 0.9969 | RankIC: 0.9926
2026-03-25 02:00:52,599 - root - INFO - Epoch of Causal-TSF[26/10000],
2026-03-25 02:00:52,599 - root - INFO - Train Results | R²: 0.9956 | RMSE: 0.0019 | IC: 0.9978 | RankIC: 0.9950
2026-03-25 02:00:52,632 - root - INFO - Epoch of Causal-TSF[27/10000],
2026-03-25 02:00:52,632 - root - INFO - Train Results | R²: 0.9955 | RMSE: 0.0019 | IC: 0.9980 | RankIC: 0.9955
2026-03-25 02:00:52,667 - root - INFO - Epoch of Causal-TSF[28/10000],
2026-03-25 02:00:52,667 - root - INFO - Train Results | R²: 0.9979 | RMSE: 0.0013 | IC: 0.9992 | RankIC: 0.9981
2026-03-25 02:00:52,700 - root - INFO - Epoch of Causal-TSF[29/10000],
2026-03-25 02:00:52,701 - root - INFO - Train Results | R²: 0.9963 | RMSE: 0.0017 | IC: 0.9983 | RankIC: 0.9961
2026-03-25 02:00:52,734 - root - INFO - Epoch of Causal-TSF[30/10000],
2026-03-25 02:00:52,734 - root - INFO - Train Results | R²: 0.9964 | RMSE: 0.0017 | IC: 0.9983 | RankIC: 0.9959
2026-03-25 02:00:52,769 - root - INFO - Epoch of Causal-TSF[31/10000],
2026-03-25 02:00:52,769 - root - INFO - Train Results | R²: 0.9962 | RMSE: 0.0018 | IC: 0.9987 | RankIC: 0.9970
2026-03-25 02:00:52,802 - root - INFO - Epoch of Causal-TSF[32/10000],
2026-03-25 02:00:52,802 - root - INFO - Train Results | R²: 0.9937 | RMSE: 0.0022 | IC: 0.9971 | RankIC: 0.9952
2026-03-25 02:00:52,835 - root - INFO - Epoch of Causal-TSF[33/10000],
2026-03-25 02:00:52,836 - root - INFO - Train Results | R²: 0.9941 | RMSE: 0.0022 | IC: 0.9973 | RankIC: 0.9929
2026-03-25 02:00:52,869 - root - INFO - Epoch of Causal-TSF[34/10000],
2026-03-25 02:00:52,869 - root - INFO - Train Results | R²: 0.9949 | RMSE: 0.0020 | IC: 0.9985 | RankIC: 0.9960
2026-03-25 02:00:52,902 - root - INFO - Epoch of Causal-TSF[35/10000],
2026-03-25 02:00:52,903 - root - INFO - Train Results | R²: 0.9955 | RMSE: 0.0019 | IC: 0.9982 | RankIC: 0.9960
2026-03-25 02:00:52,934 - root - INFO - Epoch of Causal-TSF[36/10000],
2026-03-25 02:00:52,934 - root - INFO - Train Results | R²: 0.9962 | RMSE: 0.0018 | IC: 0.9981 | RankIC: 0.9966
2026-03-25 02:00:52,968 - root - INFO - Epoch of Causal-TSF[37/10000],
2026-03-25 02:00:52,968 - root - INFO - Train Results | R²: 0.9970 | RMSE: 0.0015 | IC: 0.9988 | RankIC: 0.9972
2026-03-25 02:00:53,001 - root - INFO - Epoch of Causal-TSF[38/10000],
2026-03-25 02:00:53,001 - root - INFO - Train Results | R²: 0.9964 | RMSE: 0.0017 | IC: 0.9988 | RankIC: 0.9973
2026-03-25 02:00:53,038 - root - INFO - Epoch of Causal-TSF[39/10000],
2026-03-25 02:00:53,038 - root - INFO - Train Results | R²: 0.9938 | RMSE: 0.0022 | IC: 0.9970 | RankIC: 0.9937
2026-03-25 02:00:53,072 - root - INFO - Epoch of Causal-TSF[40/10000],
2026-03-25 02:00:53,072 - root - INFO - Train Results | R²: 0.9942 | RMSE: 0.0022 | IC: 0.9977 | RankIC: 0.9952
2026-03-25 02:00:53,105 - root - INFO - Epoch of Causal-TSF[41/10000],
2026-03-25 02:00:53,105 - root - INFO - Train Results | R²: 0.9945 | RMSE: 0.0021 | IC: 0.9981 | RankIC: 0.9962
2026-03-25 02:00:53,136 - root - INFO - Epoch of Causal-TSF[42/10000],
2026-03-25 02:00:53,136 - root - INFO - Train Results | R²: 0.9954 | RMSE: 0.0019 | IC: 0.9978 | RankIC: 0.9964
2026-03-25 02:00:53,169 - root - INFO - Epoch of Causal-TSF[43/10000],
2026-03-25 02:00:53,169 - root - INFO - Train Results | R²: 0.9945 | RMSE: 0.0021 | IC: 0.9977 | RankIC: 0.9951
2026-03-25 02:00:53,201 - root - INFO - Epoch of Causal-TSF[44/10000],
2026-03-25 02:00:53,201 - root - INFO - Train Results | R²: 0.9963 | RMSE: 0.0017 | IC: 0.9990 | RankIC: 0.9973
2026-03-25 02:00:53,234 - root - INFO - Epoch of Causal-TSF[45/10000],
2026-03-25 02:00:53,234 - root - INFO - Train Results | R²: 0.9958 | RMSE: 0.0018 | IC: 0.9981 | RankIC: 0.9960
2026-03-25 02:00:53,268 - root - INFO - Epoch of Causal-TSF[46/10000],
2026-03-25 02:00:53,269 - root - INFO - Train Results | R²: 0.9979 | RMSE: 0.0013 | IC: 0.9990 | RankIC: 0.9981
2026-03-25 02:00:53,300 - root - INFO - Epoch of Causal-TSF[47/10000],
2026-03-25 02:00:53,300 - root - INFO - Train Results | R²: 0.9982 | RMSE: 0.0012 | IC: 0.9992 | RankIC: 0.9974
2026-03-25 02:00:53,333 - root - INFO - Epoch of Causal-TSF[48/10000],
2026-03-25 02:00:53,333 - root - INFO - Train Results | R²: 0.9979 | RMSE: 0.0013 | IC: 0.9992 | RankIC: 0.9979
2026-03-25 02:00:53,364 - root - INFO - Epoch of Causal-TSF[49/10000],
2026-03-25 02:00:53,364 - root - INFO - Train Results | R²: 0.9974 | RMSE: 0.0014 | IC: 0.9991 | RankIC: 0.9981
2026-03-25 02:00:53,398 - root - INFO - Epoch of Causal-TSF[50/10000],
2026-03-25 02:00:53,398 - root - INFO - Train Results | R²: 0.9966 | RMSE: 0.0016 | IC: 0.9983 | RankIC: 0.9959
2026-03-25 02:00:53,430 - root - INFO - Epoch of Causal-TSF[51/10000],
2026-03-25 02:00:53,431 - root - INFO - Train Results | R²: 0.9969 | RMSE: 0.0016 | IC: 0.9988 | RankIC: 0.9978
2026-03-25 02:00:53,463 - root - INFO - Epoch of Causal-TSF[52/10000],
2026-03-25 02:00:53,463 - root - INFO - Train Results | R²: 0.9968 | RMSE: 0.0016 | IC: 0.9989 | RankIC: 0.9977
2026-03-25 02:00:53,496 - root - INFO - Epoch of Causal-TSF[53/10000],
2026-03-25 02:00:53,496 - root - INFO - Train Results | R²: 0.9972 | RMSE: 0.0015 | IC: 0.9987 | RankIC: 0.9972
2026-03-25 02:00:53,528 - root - INFO - Epoch of Causal-TSF[54/10000],
2026-03-25 02:00:53,528 - root - INFO - Train Results | R²: 0.9966 | RMSE: 0.0017 | IC: 0.9987 | RankIC: 0.9970
2026-03-25 02:00:53,562 - root - INFO - Epoch of Causal-TSF[55/10000],
2026-03-25 02:00:53,562 - root - INFO - Train Results | R²: 0.9957 | RMSE: 0.0018 | IC: 0.9986 | RankIC: 0.9968
2026-03-25 02:00:53,598 - root - INFO - Epoch of Causal-TSF[56/10000],
2026-03-25 02:00:53,598 - root - INFO - Train Results | R²: 0.9938 | RMSE: 0.0022 | IC: 0.9972 | RankIC: 0.9953
2026-03-25 02:00:53,630 - root - INFO - Epoch of Causal-TSF[57/10000],
2026-03-25 02:00:53,630 - root - INFO - Train Results | R²: 0.9940 | RMSE: 0.0022 | IC: 0.9978 | RankIC: 0.9956
2026-03-25 02:00:53,662 - root - INFO - Epoch of Causal-TSF[58/10000],
2026-03-25 02:00:53,662 - root - INFO - Train Results | R²: 0.9937 | RMSE: 0.0022 | IC: 0.9981 | RankIC: 0.9964
2026-03-25 02:00:53,696 - root - INFO - Epoch of Causal-TSF[59/10000],
2026-03-25 02:00:53,696 - root - INFO - Train Results | R²: 0.9947 | RMSE: 0.0021 | IC: 0.9975 | RankIC: 0.9958
2026-03-25 02:00:53,729 - root - INFO - Epoch of Causal-TSF[60/10000],
2026-03-25 02:00:53,729 - root - INFO - Train Results | R²: 0.9958 | RMSE: 0.0018 | IC: 0.9980 | RankIC: 0.9957
2026-03-25 02:00:53,761 - root - INFO - Epoch of Causal-TSF[61/10000],
2026-03-25 02:00:53,761 - root - INFO - Train Results | R²: 0.9973 | RMSE: 0.0015 | IC: 0.9990 | RankIC: 0.9969
2026-03-25 02:00:53,794 - root - INFO - Epoch of Causal-TSF[62/10000],
2026-03-25 02:00:53,794 - root - INFO - Train Results | R²: 0.9977 | RMSE: 0.0014 | IC: 0.9990 | RankIC: 0.9977
2026-03-25 02:00:53,825 - root - INFO - Epoch of Causal-TSF[63/10000],
2026-03-25 02:00:53,825 - root - INFO - Train Results | R²: 0.9978 | RMSE: 0.0013 | IC: 0.9989 | RankIC: 0.9980
2026-03-25 02:00:53,858 - root - INFO - Epoch of Causal-TSF[64/10000],
2026-03-25 02:00:53,859 - root - INFO - Train Results | R²: 0.9977 | RMSE: 0.0014 | IC: 0.9991 | RankIC: 0.9977
2026-03-25 02:00:53,892 - root - INFO - Epoch of Causal-TSF[65/10000],
2026-03-25 02:00:53,892 - root - INFO - Train Results | R²: 0.9967 | RMSE: 0.0016 | IC: 0.9985 | RankIC: 0.9968
2026-03-25 02:00:53,925 - root - INFO - Epoch of Causal-TSF[66/10000],
2026-03-25 02:00:53,926 - root - INFO - Train Results | R²: 0.9971 | RMSE: 0.0015 | IC: 0.9987 | RankIC: 0.9970
2026-03-25 02:00:53,957 - root - INFO - Epoch of Causal-TSF[67/10000],
2026-03-25 02:00:53,957 - root - INFO - Train Results | R²: 0.9969 | RMSE: 0.0016 | IC: 0.9989 | RankIC: 0.9982
2026-03-25 02:00:53,989 - root - INFO - Epoch of Causal-TSF[68/10000],
2026-03-25 02:00:53,989 - root - INFO - Train Results | R²: 0.9965 | RMSE: 0.0017 | IC: 0.9985 | RankIC: 0.9966
2026-03-25 02:00:54,022 - root - INFO - Epoch of Causal-TSF[69/10000],
2026-03-25 02:00:54,022 - root - INFO - Train Results | R²: 0.9964 | RMSE: 0.0017 | IC: 0.9983 | RankIC: 0.9964
2026-03-25 02:00:54,056 - root - INFO - Epoch of Causal-TSF[70/10000],
2026-03-25 02:00:54,057 - root - INFO - Train Results | R²: 0.9975 | RMSE: 0.0014 | IC: 0.9991 | RankIC: 0.9974
2026-03-25 02:00:54,086 - root - INFO - Epoch of Causal-TSF[71/10000],
2026-03-25 02:00:54,086 - root - INFO - Train Results | R²: 0.9977 | RMSE: 0.0014 | IC: 0.9991 | RankIC: 0.9982
2026-03-25 02:00:54,116 - root - INFO - Epoch of Causal-TSF[72/10000],
2026-03-25 02:00:54,116 - root - INFO - Train Results | R²: 0.9973 | RMSE: 0.0015 | IC: 0.9987 | RankIC: 0.9975
2026-03-25 02:00:54,149 - root - INFO - Epoch of Causal-TSF[73/10000],
2026-03-25 02:00:54,149 - root - INFO - Train Results | R²: 0.9982 | RMSE: 0.0012 | IC: 0.9992 | RankIC: 0.9980
2026-03-25 02:00:54,181 - root - INFO - Epoch of Causal-TSF[74/10000],
2026-03-25 02:00:54,181 - root - INFO - Train Results | R²: 0.9984 | RMSE: 0.0011 | IC: 0.9993 | RankIC: 0.9989
2026-03-25 02:00:54,214 - root - INFO - Epoch of Causal-TSF[75/10000],
2026-03-25 02:00:54,214 - root - INFO - Train Results | R²: 0.9978 | RMSE: 0.0013 | IC: 0.9991 | RankIC: 0.9979
2026-03-25 02:00:54,245 - root - INFO - Epoch of Causal-TSF[76/10000],
2026-03-25 02:00:54,245 - root - INFO - Train Results | R²: 0.9978 | RMSE: 0.0013 | IC: 0.9991 | RankIC: 0.9979
2026-03-25 02:00:54,277 - root - INFO - Epoch of Causal-TSF[77/10000],
2026-03-25 02:00:54,277 - root - INFO - Train Results | R²: 0.9982 | RMSE: 0.0012 | IC: 0.9993 | RankIC: 0.9983
2026-03-25 02:00:54,305 - root - INFO - Epoch of Causal-TSF[78/10000],
2026-03-25 02:00:54,305 - root - INFO - Train Results | R²: 0.9982 | RMSE: 0.0012 | IC: 0.9992 | RankIC: 0.9981
2026-03-25 02:00:54,336 - root - INFO - Epoch of Causal-TSF[79/10000],
2026-03-25 02:00:54,336 - root - INFO - Train Results | R²: 0.9980 | RMSE: 0.0013 | IC: 0.9991 | RankIC: 0.9981
2026-03-25 02:00:54,369 - root - INFO - Epoch of Causal-TSF[80/10000],
2026-03-25 02:00:54,369 - root - INFO - Train Results | R²: 0.9984 | RMSE: 0.0011 | IC: 0.9994 | RankIC: 0.9985
2026-03-25 02:00:54,401 - root - INFO - Epoch of Causal-TSF[81/10000],
2026-03-25 02:00:54,401 - root - INFO - Train Results | R²: 0.9976 | RMSE: 0.0014 | IC: 0.9988 | RankIC: 0.9977
2026-03-25 02:00:54,432 - root - INFO - Epoch of Causal-TSF[82/10000],
2026-03-25 02:00:54,432 - root - INFO - Train Results | R²: 0.9975 | RMSE: 0.0014 | IC: 0.9991 | RankIC: 0.9975
2026-03-25 02:00:54,466 - root - INFO - Epoch of Causal-TSF[83/10000],
2026-03-25 02:00:54,466 - root - INFO - Train Results | R²: 0.9966 | RMSE: 0.0016 | IC: 0.9988 | RankIC: 0.9968
2026-03-25 02:00:54,498 - root - INFO - Epoch of Causal-TSF[84/10000],
2026-03-25 02:00:54,498 - root - INFO - Train Results | R²: 0.9934 | RMSE: 0.0023 | IC: 0.9968 | RankIC: 0.9950
2026-03-25 02:00:54,530 - root - INFO - Epoch of Causal-TSF[85/10000],
2026-03-25 02:00:54,530 - root - INFO - Train Results | R²: 0.9959 | RMSE: 0.0018 | IC: 0.9989 | RankIC: 0.9980
2026-03-25 02:00:54,563 - root - INFO - Epoch of Causal-TSF[86/10000],
2026-03-25 02:00:54,563 - root - INFO - Train Results | R²: 0.9950 | RMSE: 0.0020 | IC: 0.9980 | RankIC: 0.9966
2026-03-25 02:00:54,597 - root - INFO - Epoch of Causal-TSF[87/10000],
2026-03-25 02:00:54,597 - root - INFO - Train Results | R²: 0.9953 | RMSE: 0.0019 | IC: 0.9977 | RankIC: 0.9966
2026-03-25 02:00:54,630 - root - INFO - Epoch of Causal-TSF[88/10000],
2026-03-25 02:00:54,630 - root - INFO - Train Results | R²: 0.9969 | RMSE: 0.0016 | IC: 0.9988 | RankIC: 0.9969
2026-03-25 02:00:54,663 - root - INFO - Epoch of Causal-TSF[89/10000],
2026-03-25 02:00:54,663 - root - INFO - Train Results | R²: 0.9975 | RMSE: 0.0014 | IC: 0.9993 | RankIC: 0.9987
2026-03-25 02:00:54,696 - root - INFO - Epoch of Causal-TSF[90/10000],
2026-03-25 02:00:54,696 - root - INFO - Train Results | R²: 0.9972 | RMSE: 0.0015 | IC: 0.9988 | RankIC: 0.9978
2026-03-25 02:00:54,728 - root - INFO - Epoch of Causal-TSF[91/10000],
2026-03-25 02:00:54,728 - root - INFO - Train Results | R²: 0.9970 | RMSE: 0.0015 | IC: 0.9988 | RankIC: 0.9978
2026-03-25 02:00:54,761 - root - INFO - Epoch of Causal-TSF[92/10000],
2026-03-25 02:00:54,762 - root - INFO - Train Results | R²: 0.9977 | RMSE: 0.0013 | IC: 0.9994 | RankIC: 0.9978
2026-03-25 02:00:54,794 - root - INFO - Epoch of Causal-TSF[93/10000],
2026-03-25 02:00:54,794 - root - INFO - Train Results | R²: 0.9978 | RMSE: 0.0013 | IC: 0.9991 | RankIC: 0.9986
2026-03-25 02:00:54,827 - root - INFO - Epoch of Causal-TSF[94/10000],
2026-03-25 02:00:54,827 - root - INFO - Train Results | R²: 0.9978 | RMSE: 0.0013 | IC: 0.9989 | RankIC: 0.9979
2026-03-25 02:00:54,860 - root - INFO - Epoch of Causal-TSF[95/10000],
2026-03-25 02:00:54,860 - root - INFO - Train Results | R²: 0.9982 | RMSE: 0.0012 | IC: 0.9995 | RankIC: 0.9986
2026-03-25 02:00:54,892 - root - INFO - Epoch of Causal-TSF[96/10000],
2026-03-25 02:00:54,893 - root - INFO - Train Results | R²: 0.9972 | RMSE: 0.0015 | IC: 0.9988 | RankIC: 0.9980
2026-03-25 02:00:54,925 - root - INFO - Epoch of Causal-TSF[97/10000],
2026-03-25 02:00:54,925 - root - INFO - Train Results | R²: 0.9973 | RMSE: 0.0015 | IC: 0.9987 | RankIC: 0.9977
2026-03-25 02:00:54,958 - root - INFO - Epoch of Causal-TSF[98/10000],
2026-03-25 02:00:54,958 - root - INFO - Train Results | R²: 0.9977 | RMSE: 0.0014 | IC: 0.9992 | RankIC: 0.9982
2026-03-25 02:00:54,991 - root - INFO - Epoch of Causal-TSF[99/10000],
2026-03-25 02:00:54,992 - root - INFO - Train Results | R²: 0.9973 | RMSE: 0.0015 | IC: 0.9988 | RankIC: 0.9978
2026-03-25 02:00:55,024 - root - INFO - Epoch of Causal-TSF[100/10000],
2026-03-25 02:00:55,024 - root - INFO - Train Results | R²: 0.9979 | RMSE: 0.0013 | IC: 0.9992 | RankIC: 0.9981
2026-03-25 02:00:55,057 - root - INFO - Epoch of Causal-TSF[101/10000],
2026-03-25 02:00:55,057 - root - INFO - Train Results | R²: 0.9983 | RMSE: 0.0012 | IC: 0.9994 | RankIC: 0.9980
2026-03-25 02:00:55,090 - root - INFO - Epoch of Causal-TSF[102/10000],
2026-03-25 02:00:55,090 - root - INFO - Train Results | R²: 0.9975 | RMSE: 0.0014 | IC: 0.9988 | RankIC: 0.9980
2026-03-25 02:00:55,123 - root - INFO - Epoch of Causal-TSF[103/10000],
2026-03-25 02:00:55,123 - root - INFO - Train Results | R²: 0.9979 | RMSE: 0.0013 | IC: 0.9990 | RankIC: 0.9984
2026-03-25 02:00:55,156 - root - INFO - Epoch of Causal-TSF[104/10000],
2026-03-25 02:00:55,156 - root - INFO - Train Results | R²: 0.9986 | RMSE: 0.0011 | IC: 0.9995 | RankIC: 0.9990
2026-03-25 02:00:55,188 - root - INFO - Epoch of Causal-TSF[105/10000],
2026-03-25 02:00:55,188 - root - INFO - Train Results | R²: 0.9984 | RMSE: 0.0011 | IC: 0.9993 | RankIC: 0.9985
2026-03-25 02:00:55,221 - root - INFO - Epoch of Causal-TSF[106/10000],
2026-03-25 02:00:55,222 - root - INFO - Train Results | R²: 0.9979 | RMSE: 0.0013 | IC: 0.9990 | RankIC: 0.9977
2026-03-25 02:00:55,253 - root - INFO - Epoch of Causal-TSF[107/10000],
2026-03-25 02:00:55,253 - root - INFO - Train Results | R²: 0.9975 | RMSE: 0.0014 | IC: 0.9991 | RankIC: 0.9982
2026-03-25 02:00:55,286 - root - INFO - Epoch of Causal-TSF[108/10000],
2026-03-25 02:00:55,286 - root - INFO - Train Results | R²: 0.9965 | RMSE: 0.0017 | IC: 0.9988 | RankIC: 0.9974
2026-03-25 02:00:55,318 - root - INFO - Epoch of Causal-TSF[109/10000],
2026-03-25 02:00:55,318 - root - INFO - Train Results | R²: 0.9963 | RMSE: 0.0017 | IC: 0.9983 | RankIC: 0.9971
2026-03-25 02:00:55,354 - root - INFO - Epoch of Causal-TSF[110/10000],
2026-03-25 02:00:55,354 - root - INFO - Train Results | R²: 0.9973 | RMSE: 0.0015 | IC: 0.9991 | RankIC: 0.9979
2026-03-25 02:00:55,389 - root - INFO - Epoch of Causal-TSF[111/10000],
2026-03-25 02:00:55,390 - root - INFO - Train Results | R²: 0.9973 | RMSE: 0.0015 | IC: 0.9989 | RankIC: 0.9977
2026-03-25 02:00:55,421 - root - INFO - Epoch of Causal-TSF[112/10000],
2026-03-25 02:00:55,421 - root - INFO - Train Results | R²: 0.9958 | RMSE: 0.0018 | IC: 0.9982 | RankIC: 0.9975
2026-03-25 02:00:55,454 - root - INFO - Epoch of Causal-TSF[113/10000],
2026-03-25 02:00:55,454 - root - INFO - Train Results | R²: 0.9963 | RMSE: 0.0017 | IC: 0.9989 | RankIC: 0.9983
2026-03-25 02:00:55,487 - root - INFO - Epoch of Causal-TSF[114/10000],
2026-03-25 02:00:55,487 - root - INFO - Train Results | R²: 0.9954 | RMSE: 0.0019 | IC: 0.9983 | RankIC: 0.9975
2026-03-25 02:00:55,520 - root - INFO - Epoch of Causal-TSF[115/10000],
2026-03-25 02:00:55,520 - root - INFO - Train Results | R²: 0.9950 | RMSE: 0.0020 | IC: 0.9976 | RankIC: 0.9962
2026-03-25 02:00:55,552 - root - INFO - Epoch of Causal-TSF[116/10000],
2026-03-25 02:00:55,552 - root - INFO - Train Results | R²: 0.9968 | RMSE: 0.0016 | IC: 0.9989 | RankIC: 0.9973
2026-03-25 02:00:55,588 - root - INFO - Epoch of Causal-TSF[117/10000],
2026-03-25 02:00:55,588 - root - INFO - Train Results | R²: 0.9966 | RMSE: 0.0017 | IC: 0.9989 | RankIC: 0.9985
2026-03-25 02:00:55,622 - root - INFO - Epoch of Causal-TSF[118/10000],
2026-03-25 02:00:55,622 - root - INFO - Train Results | R²: 0.9970 | RMSE: 0.0016 | IC: 0.9988 | RankIC: 0.9975
2026-03-25 02:00:55,655 - root - INFO - Epoch of Causal-TSF[119/10000],
2026-03-25 02:00:55,655 - root - INFO - Train Results | R²: 0.9980 | RMSE: 0.0013 | IC: 0.9991 | RankIC: 0.9981
2026-03-25 02:00:55,687 - root - INFO - Epoch of Causal-TSF[120/10000],
2026-03-25 02:00:55,687 - root - INFO - Train Results | R²: 0.9985 | RMSE: 0.0011 | IC: 0.9995 | RankIC: 0.9983
2026-03-25 02:00:55,719 - root - INFO - Epoch of Causal-TSF[121/10000],
2026-03-25 02:00:55,719 - root - INFO - Train Results | R²: 0.9981 | RMSE: 0.0012 | IC: 0.9993 | RankIC: 0.9983
2026-03-25 02:00:55,753 - root - INFO - Epoch of Causal-TSF[122/10000],
2026-03-25 02:00:55,753 - root - INFO - Train Results | R²: 0.9977 | RMSE: 0.0014 | IC: 0.9990 | RankIC: 0.9982
2026-03-25 02:00:55,785 - root - INFO - Epoch of Causal-TSF[123/10000],
2026-03-25 02:00:55,785 - root - INFO - Train Results | R²: 0.9982 | RMSE: 0.0012 | IC: 0.9993 | RankIC: 0.9989
2026-03-25 02:00:55,818 - root - INFO - Epoch of Causal-TSF[124/10000],
2026-03-25 02:00:55,818 - root - INFO - Train Results | R²: 0.9979 | RMSE: 0.0013 | IC: 0.9993 | RankIC: 0.9988
2026-03-25 02:00:55,850 - root - INFO - Epoch of Causal-TSF[125/10000],
2026-03-25 02:00:55,850 - root - INFO - Train Results | R²: 0.9982 | RMSE: 0.0012 | IC: 0.9993 | RankIC: 0.9987
2026-03-25 02:00:55,883 - root - INFO - Epoch of Causal-TSF[126/10000],
2026-03-25 02:00:55,883 - root - INFO - Train Results | R²: 0.9978 | RMSE: 0.0013 | IC: 0.9990 | RankIC: 0.9982
2026-03-25 02:00:55,915 - root - INFO - Epoch of Causal-TSF[127/10000],
2026-03-25 02:00:55,915 - root - INFO - Train Results | R²: 0.9987 | RMSE: 0.0010 | IC: 0.9995 | RankIC: 0.9983
2026-03-25 02:00:55,947 - root - INFO - Early stopping triggered at epoch 128. No improvement for 100 epochs.
2026-03-25 02:00:55,965 - root - INFO - Run 3 Test Results | R²: -0.1906 | RMSE: 0.0424 | IC: -0.0356 | RankIC: -0.0720
2026-03-25 02:00:55,965 - root - INFO - 
2026-03-25 02:00:55,965 - root - INFO - ============================================================
2026-03-25 02:00:55,965 - root - INFO - Causal-TSF Run 4/30 Starting...
2026-03-25 02:00:55,965 - root - INFO - ============================================================
2026-03-25 02:00:56,008 - root - INFO - Epoch of Causal-TSF[1/10000],
2026-03-25 02:00:56,008 - root - INFO - Train Results | R²: -17.9254 | RMSE: 0.1231 | IC: 0.0006 | RankIC: -0.0080
2026-03-25 02:00:56,046 - root - INFO - Epoch of Causal-TSF[2/10000],
2026-03-25 02:00:56,046 - root - INFO - Train Results | R²: -3.5298 | RMSE: 0.0602 | IC: 0.0283 | RankIC: -0.0230
2026-03-25 02:00:56,080 - root - INFO - Epoch of Causal-TSF[3/10000],
2026-03-25 02:00:56,081 - root - INFO - Train Results | R²: -1.9874 | RMSE: 0.0489 | IC: 0.1074 | RankIC: 0.0889
2026-03-25 02:00:56,115 - root - INFO - Epoch of Causal-TSF[4/10000],
2026-03-25 02:00:56,116 - root - INFO - Train Results | R²: -0.0283 | RMSE: 0.0287 | IC: 0.2274 | RankIC: 0.2516
2026-03-25 02:00:56,148 - root - INFO - Epoch of Causal-TSF[5/10000],
2026-03-25 02:00:56,148 - root - INFO - Train Results | R²: -0.1948 | RMSE: 0.0309 | IC: 0.5682 | RankIC: 0.5645
2026-03-25 02:00:56,181 - root - INFO - Epoch of Causal-TSF[6/10000],
2026-03-25 02:00:56,182 - root - INFO - Train Results | R²: -0.0451 | RMSE: 0.0289 | IC: 0.5751 | RankIC: 0.5526
2026-03-25 02:00:56,218 - root - INFO - Epoch of Causal-TSF[7/10000],
2026-03-25 02:00:56,218 - root - INFO - Train Results | R²: 0.2750 | RMSE: 0.0241 | IC: 0.6116 | RankIC: 0.5755
2026-03-25 02:00:56,251 - root - INFO - Epoch of Causal-TSF[8/10000],
2026-03-25 02:00:56,252 - root - INFO - Train Results | R²: 0.2421 | RMSE: 0.0246 | IC: 0.7706 | RankIC: 0.7567
2026-03-25 02:00:56,287 - root - INFO - Epoch of Causal-TSF[9/10000],
2026-03-25 02:00:56,288 - root - INFO - Train Results | R²: 0.3865 | RMSE: 0.0222 | IC: 0.8006 | RankIC: 0.8005
2026-03-25 02:00:56,323 - root - INFO - Epoch of Causal-TSF[10/10000],
2026-03-25 02:00:56,324 - root - INFO - Train Results | R²: 0.4985 | RMSE: 0.0200 | IC: 0.8366 | RankIC: 0.8356
2026-03-25 02:00:56,360 - root - INFO - Epoch of Causal-TSF[11/10000],
2026-03-25 02:00:56,360 - root - INFO - Train Results | R²: 0.5437 | RMSE: 0.0191 | IC: 0.8690 | RankIC: 0.8775
2026-03-25 02:00:56,398 - root - INFO - Epoch of Causal-TSF[12/10000],
2026-03-25 02:00:56,398 - root - INFO - Train Results | R²: 0.6493 | RMSE: 0.0168 | IC: 0.8745 | RankIC: 0.8834
2026-03-25 02:00:56,434 - root - INFO - Epoch of Causal-TSF[13/10000],
2026-03-25 02:00:56,434 - root - INFO - Train Results | R²: 0.7316 | RMSE: 0.0147 | IC: 0.9108 | RankIC: 0.9237
2026-03-25 02:00:56,474 - root - INFO - Epoch of Causal-TSF[14/10000],
2026-03-25 02:00:56,474 - root - INFO - Train Results | R²: 0.8009 | RMSE: 0.0126 | IC: 0.9268 | RankIC: 0.9404
2026-03-25 02:00:56,511 - root - INFO - Epoch of Causal-TSF[15/10000],
2026-03-25 02:00:56,511 - root - INFO - Train Results | R²: 0.8381 | RMSE: 0.0114 | IC: 0.9323 | RankIC: 0.9483
2026-03-25 02:00:56,549 - root - INFO - Epoch of Causal-TSF[16/10000],
2026-03-25 02:00:56,550 - root - INFO - Train Results | R²: 0.8712 | RMSE: 0.0102 | IC: 0.9442 | RankIC: 0.9609
2026-03-25 02:00:56,588 - root - INFO - Epoch of Causal-TSF[17/10000],
2026-03-25 02:00:56,588 - root - INFO - Train Results | R²: 0.9036 | RMSE: 0.0088 | IC: 0.9559 | RankIC: 0.9719
2026-03-25 02:00:56,625 - root - INFO - Epoch of Causal-TSF[18/10000],
2026-03-25 02:00:56,625 - root - INFO - Train Results | R²: 0.9177 | RMSE: 0.0081 | IC: 0.9615 | RankIC: 0.9793
2026-03-25 02:00:56,663 - root - INFO - Epoch of Causal-TSF[19/10000],
2026-03-25 02:00:56,663 - root - INFO - Train Results | R²: 0.9287 | RMSE: 0.0076 | IC: 0.9650 | RankIC: 0.9857
2026-03-25 02:00:56,699 - root - INFO - Epoch of Causal-TSF[20/10000],
2026-03-25 02:00:56,699 - root - INFO - Train Results | R²: 0.9407 | RMSE: 0.0069 | IC: 0.9713 | RankIC: 0.9889
2026-03-25 02:00:56,736 - root - INFO - Epoch of Causal-TSF[21/10000],
2026-03-25 02:00:56,736 - root - INFO - Train Results | R²: 0.9482 | RMSE: 0.0064 | IC: 0.9765 | RankIC: 0.9922
2026-03-25 02:00:56,774 - root - INFO - Epoch of Causal-TSF[22/10000],
2026-03-25 02:00:56,774 - root - INFO - Train Results | R²: 0.9546 | RMSE: 0.0060 | IC: 0.9793 | RankIC: 0.9956
2026-03-25 02:00:56,810 - root - INFO - Epoch of Causal-TSF[23/10000],
2026-03-25 02:00:56,810 - root - INFO - Train Results | R²: 0.9585 | RMSE: 0.0058 | IC: 0.9815 | RankIC: 0.9956
2026-03-25 02:00:56,850 - root - INFO - Epoch of Causal-TSF[24/10000],
2026-03-25 02:00:56,850 - root - INFO - Train Results | R²: 0.9622 | RMSE: 0.0055 | IC: 0.9832 | RankIC: 0.9968
2026-03-25 02:00:56,885 - root - INFO - Epoch of Causal-TSF[25/10000],
2026-03-25 02:00:56,885 - root - INFO - Train Results | R²: 0.9648 | RMSE: 0.0053 | IC: 0.9850 | RankIC: 0.9967
2026-03-25 02:00:56,923 - root - INFO - Epoch of Causal-TSF[26/10000],
2026-03-25 02:00:56,923 - root - INFO - Train Results | R²: 0.9665 | RMSE: 0.0052 | IC: 0.9846 | RankIC: 0.9957
2026-03-25 02:00:56,959 - root - INFO - Epoch of Causal-TSF[27/10000],
2026-03-25 02:00:56,959 - root - INFO - Train Results | R²: 0.9680 | RMSE: 0.0051 | IC: 0.9857 | RankIC: 0.9963
2026-03-25 02:00:56,997 - root - INFO - Epoch of Causal-TSF[28/10000],
2026-03-25 02:00:56,997 - root - INFO - Train Results | R²: 0.9716 | RMSE: 0.0048 | IC: 0.9874 | RankIC: 0.9975
2026-03-25 02:00:57,033 - root - INFO - Epoch of Causal-TSF[29/10000],
2026-03-25 02:00:57,033 - root - INFO - Train Results | R²: 0.9728 | RMSE: 0.0047 | IC: 0.9873 | RankIC: 0.9973
2026-03-25 02:00:57,068 - root - INFO - Epoch of Causal-TSF[30/10000],
2026-03-25 02:00:57,069 - root - INFO - Train Results | R²: 0.9739 | RMSE: 0.0046 | IC: 0.9879 | RankIC: 0.9973
2026-03-25 02:00:57,101 - root - INFO - Epoch of Causal-TSF[31/10000],
2026-03-25 02:00:57,101 - root - INFO - Train Results | R²: 0.9747 | RMSE: 0.0045 | IC: 0.9892 | RankIC: 0.9974
2026-03-25 02:00:57,138 - root - INFO - Epoch of Causal-TSF[32/10000],
2026-03-25 02:00:57,138 - root - INFO - Train Results | R²: 0.9759 | RMSE: 0.0044 | IC: 0.9891 | RankIC: 0.9960
2026-03-25 02:00:57,173 - root - INFO - Epoch of Causal-TSF[33/10000],
2026-03-25 02:00:57,174 - root - INFO - Train Results | R²: 0.9777 | RMSE: 0.0042 | IC: 0.9899 | RankIC: 0.9971
2026-03-25 02:00:57,211 - root - INFO - Epoch of Causal-TSF[34/10000],
2026-03-25 02:00:57,211 - root - INFO - Train Results | R²: 0.9787 | RMSE: 0.0041 | IC: 0.9904 | RankIC: 0.9969
2026-03-25 02:00:57,247 - root - INFO - Epoch of Causal-TSF[35/10000],
2026-03-25 02:00:57,247 - root - INFO - Train Results | R²: 0.9807 | RMSE: 0.0039 | IC: 0.9911 | RankIC: 0.9980
2026-03-25 02:00:57,280 - root - INFO - Epoch of Causal-TSF[36/10000],
2026-03-25 02:00:57,280 - root - INFO - Train Results | R²: 0.9807 | RMSE: 0.0039 | IC: 0.9912 | RankIC: 0.9971
2026-03-25 02:00:57,314 - root - INFO - Epoch of Causal-TSF[37/10000],
2026-03-25 02:00:57,314 - root - INFO - Train Results | R²: 0.9815 | RMSE: 0.0039 | IC: 0.9915 | RankIC: 0.9975
2026-03-25 02:00:57,351 - root - INFO - Epoch of Causal-TSF[38/10000],
2026-03-25 02:00:57,351 - root - INFO - Train Results | R²: 0.9820 | RMSE: 0.0038 | IC: 0.9917 | RankIC: 0.9975
2026-03-25 02:00:57,383 - root - INFO - Epoch of Causal-TSF[39/10000],
2026-03-25 02:00:57,384 - root - INFO - Train Results | R²: 0.9828 | RMSE: 0.0037 | IC: 0.9921 | RankIC: 0.9970
2026-03-25 02:00:57,418 - root - INFO - Epoch of Causal-TSF[40/10000],
2026-03-25 02:00:57,418 - root - INFO - Train Results | R²: 0.9830 | RMSE: 0.0037 | IC: 0.9922 | RankIC: 0.9964
2026-03-25 02:00:57,453 - root - INFO - Epoch of Causal-TSF[41/10000],
2026-03-25 02:00:57,454 - root - INFO - Train Results | R²: 0.9838 | RMSE: 0.0036 | IC: 0.9925 | RankIC: 0.9972
2026-03-25 02:00:57,487 - root - INFO - Epoch of Causal-TSF[42/10000],
2026-03-25 02:00:57,487 - root - INFO - Train Results | R²: 0.9840 | RMSE: 0.0036 | IC: 0.9926 | RankIC: 0.9969
2026-03-25 02:00:57,524 - root - INFO - Epoch of Causal-TSF[43/10000],
2026-03-25 02:00:57,524 - root - INFO - Train Results | R²: 0.9852 | RMSE: 0.0034 | IC: 0.9930 | RankIC: 0.9970
2026-03-25 02:00:57,557 - root - INFO - Epoch of Causal-TSF[44/10000],
2026-03-25 02:00:57,557 - root - INFO - Train Results | R²: 0.9856 | RMSE: 0.0034 | IC: 0.9932 | RankIC: 0.9966
2026-03-25 02:00:57,591 - root - INFO - Epoch of Causal-TSF[45/10000],
2026-03-25 02:00:57,591 - root - INFO - Train Results | R²: 0.9854 | RMSE: 0.0034 | IC: 0.9930 | RankIC: 0.9959
2026-03-25 02:00:57,627 - root - INFO - Epoch of Causal-TSF[46/10000],
2026-03-25 02:00:57,627 - root - INFO - Train Results | R²: 0.9864 | RMSE: 0.0033 | IC: 0.9935 | RankIC: 0.9972
2026-03-25 02:00:57,660 - root - INFO - Epoch of Causal-TSF[47/10000],
2026-03-25 02:00:57,660 - root - INFO - Train Results | R²: 0.9865 | RMSE: 0.0033 | IC: 0.9938 | RankIC: 0.9965
2026-03-25 02:00:57,694 - root - INFO - Epoch of Causal-TSF[48/10000],
2026-03-25 02:00:57,694 - root - INFO - Train Results | R²: 0.9868 | RMSE: 0.0032 | IC: 0.9938 | RankIC: 0.9963
2026-03-25 02:00:57,725 - root - INFO - Epoch of Causal-TSF[49/10000],
2026-03-25 02:00:57,725 - root - INFO - Train Results | R²: 0.9873 | RMSE: 0.0032 | IC: 0.9937 | RankIC: 0.9968
2026-03-25 02:00:57,761 - root - INFO - Epoch of Causal-TSF[50/10000],
2026-03-25 02:00:57,762 - root - INFO - Train Results | R²: 0.9874 | RMSE: 0.0032 | IC: 0.9940 | RankIC: 0.9959
2026-03-25 02:00:57,798 - root - INFO - Epoch of Causal-TSF[51/10000],
2026-03-25 02:00:57,798 - root - INFO - Train Results | R²: 0.9884 | RMSE: 0.0030 | IC: 0.9946 | RankIC: 0.9960
2026-03-25 02:00:57,833 - root - INFO - Epoch of Causal-TSF[52/10000],
2026-03-25 02:00:57,833 - root - INFO - Train Results | R²: 0.9882 | RMSE: 0.0031 | IC: 0.9945 | RankIC: 0.9973
2026-03-25 02:00:57,865 - root - INFO - Epoch of Causal-TSF[53/10000],
2026-03-25 02:00:57,865 - root - INFO - Train Results | R²: 0.9871 | RMSE: 0.0032 | IC: 0.9942 | RankIC: 0.9955
2026-03-25 02:00:57,900 - root - INFO - Epoch of Causal-TSF[54/10000],
2026-03-25 02:00:57,900 - root - INFO - Train Results | R²: 0.9886 | RMSE: 0.0030 | IC: 0.9948 | RankIC: 0.9965
2026-03-25 02:00:57,933 - root - INFO - Epoch of Causal-TSF[55/10000],
2026-03-25 02:00:57,933 - root - INFO - Train Results | R²: 0.9883 | RMSE: 0.0031 | IC: 0.9942 | RankIC: 0.9956
2026-03-25 02:00:57,967 - root - INFO - Epoch of Causal-TSF[56/10000],
2026-03-25 02:00:57,967 - root - INFO - Train Results | R²: 0.9882 | RMSE: 0.0031 | IC: 0.9942 | RankIC: 0.9937
2026-03-25 02:00:57,999 - root - INFO - Epoch of Causal-TSF[57/10000],
2026-03-25 02:00:57,999 - root - INFO - Train Results | R²: 0.9886 | RMSE: 0.0030 | IC: 0.9944 | RankIC: 0.9955
2026-03-25 02:00:58,037 - root - INFO - Epoch of Causal-TSF[58/10000],
2026-03-25 02:00:58,038 - root - INFO - Train Results | R²: 0.9895 | RMSE: 0.0029 | IC: 0.9948 | RankIC: 0.9962
2026-03-25 02:00:58,072 - root - INFO - Epoch of Causal-TSF[59/10000],
2026-03-25 02:00:58,072 - root - INFO - Train Results | R²: 0.9897 | RMSE: 0.0029 | IC: 0.9951 | RankIC: 0.9957
2026-03-25 02:00:58,105 - root - INFO - Epoch of Causal-TSF[60/10000],
2026-03-25 02:00:58,105 - root - INFO - Train Results | R²: 0.9895 | RMSE: 0.0029 | IC: 0.9948 | RankIC: 0.9950
2026-03-25 02:00:58,139 - root - INFO - Epoch of Causal-TSF[61/10000],
2026-03-25 02:00:58,139 - root - INFO - Train Results | R²: 0.9899 | RMSE: 0.0028 | IC: 0.9950 | RankIC: 0.9957
2026-03-25 02:00:58,175 - root - INFO - Epoch of Causal-TSF[62/10000],
2026-03-25 02:00:58,175 - root - INFO - Train Results | R²: 0.9907 | RMSE: 0.0027 | IC: 0.9955 | RankIC: 0.9966
2026-03-25 02:00:58,209 - root - INFO - Epoch of Causal-TSF[63/10000],
2026-03-25 02:00:58,209 - root - INFO - Train Results | R²: 0.9901 | RMSE: 0.0028 | IC: 0.9951 | RankIC: 0.9949
2026-03-25 02:00:58,244 - root - INFO - Epoch of Causal-TSF[64/10000],
2026-03-25 02:00:58,244 - root - INFO - Train Results | R²: 0.9898 | RMSE: 0.0029 | IC: 0.9949 | RankIC: 0.9945
2026-03-25 02:00:58,279 - root - INFO - Epoch of Causal-TSF[65/10000],
2026-03-25 02:00:58,279 - root - INFO - Train Results | R²: 0.9899 | RMSE: 0.0028 | IC: 0.9951 | RankIC: 0.9950
2026-03-25 02:00:58,311 - root - INFO - Epoch of Causal-TSF[66/10000],
2026-03-25 02:00:58,311 - root - INFO - Train Results | R²: 0.9891 | RMSE: 0.0030 | IC: 0.9945 | RankIC: 0.9945
2026-03-25 02:00:58,343 - root - INFO - Epoch of Causal-TSF[67/10000],
2026-03-25 02:00:58,343 - root - INFO - Train Results | R²: 0.9897 | RMSE: 0.0029 | IC: 0.9949 | RankIC: 0.9952
2026-03-25 02:00:58,376 - root - INFO - Epoch of Causal-TSF[68/10000],
2026-03-25 02:00:58,376 - root - INFO - Train Results | R²: 0.9911 | RMSE: 0.0027 | IC: 0.9955 | RankIC: 0.9965
2026-03-25 02:00:58,410 - root - INFO - Epoch of Causal-TSF[69/10000],
2026-03-25 02:00:58,410 - root - INFO - Train Results | R²: 0.9897 | RMSE: 0.0029 | IC: 0.9949 | RankIC: 0.9957
2026-03-25 02:00:58,444 - root - INFO - Epoch of Causal-TSF[70/10000],
2026-03-25 02:00:58,444 - root - INFO - Train Results | R²: 0.9909 | RMSE: 0.0027 | IC: 0.9955 | RankIC: 0.9956
2026-03-25 02:00:58,482 - root - INFO - Epoch of Causal-TSF[71/10000],
2026-03-25 02:00:58,482 - root - INFO - Train Results | R²: 0.9922 | RMSE: 0.0025 | IC: 0.9962 | RankIC: 0.9960
2026-03-25 02:00:58,518 - root - INFO - Epoch of Causal-TSF[72/10000],
2026-03-25 02:00:58,518 - root - INFO - Train Results | R²: 0.9909 | RMSE: 0.0027 | IC: 0.9961 | RankIC: 0.9972
2026-03-25 02:00:58,551 - root - INFO - Epoch of Causal-TSF[73/10000],
2026-03-25 02:00:58,551 - root - INFO - Train Results | R²: 0.9916 | RMSE: 0.0026 | IC: 0.9962 | RankIC: 0.9952
2026-03-25 02:00:58,584 - root - INFO - Epoch of Causal-TSF[74/10000],
2026-03-25 02:00:58,584 - root - INFO - Train Results | R²: 0.9929 | RMSE: 0.0024 | IC: 0.9967 | RankIC: 0.9968
2026-03-25 02:00:58,621 - root - INFO - Epoch of Causal-TSF[75/10000],
2026-03-25 02:00:58,621 - root - INFO - Train Results | R²: 0.9938 | RMSE: 0.0022 | IC: 0.9971 | RankIC: 0.9971
2026-03-25 02:00:58,660 - root - INFO - Epoch of Causal-TSF[76/10000],
2026-03-25 02:00:58,660 - root - INFO - Train Results | R²: 0.9962 | RMSE: 0.0017 | IC: 0.9981 | RankIC: 0.9973
2026-03-25 02:00:58,692 - root - INFO - Epoch of Causal-TSF[77/10000],
2026-03-25 02:00:58,692 - root - INFO - Train Results | R²: 0.9959 | RMSE: 0.0018 | IC: 0.9980 | RankIC: 0.9966
2026-03-25 02:00:58,726 - root - INFO - Epoch of Causal-TSF[78/10000],
2026-03-25 02:00:58,726 - root - INFO - Train Results | R²: 0.9958 | RMSE: 0.0018 | IC: 0.9979 | RankIC: 0.9961
2026-03-25 02:00:58,759 - root - INFO - Epoch of Causal-TSF[79/10000],
2026-03-25 02:00:58,759 - root - INFO - Train Results | R²: 0.9967 | RMSE: 0.0016 | IC: 0.9984 | RankIC: 0.9966
2026-03-25 02:00:58,792 - root - INFO - Epoch of Causal-TSF[80/10000],
2026-03-25 02:00:58,792 - root - INFO - Train Results | R²: 0.9965 | RMSE: 0.0017 | IC: 0.9982 | RankIC: 0.9952
2026-03-25 02:00:58,826 - root - INFO - Epoch of Causal-TSF[81/10000],
2026-03-25 02:00:58,826 - root - INFO - Train Results | R²: 0.9967 | RMSE: 0.0016 | IC: 0.9984 | RankIC: 0.9966
2026-03-25 02:00:58,863 - root - INFO - Epoch of Causal-TSF[82/10000],
2026-03-25 02:00:58,864 - root - INFO - Train Results | R²: 0.9974 | RMSE: 0.0014 | IC: 0.9987 | RankIC: 0.9972
2026-03-25 02:00:58,897 - root - INFO - Epoch of Causal-TSF[83/10000],
2026-03-25 02:00:58,897 - root - INFO - Train Results | R²: 0.9976 | RMSE: 0.0014 | IC: 0.9988 | RankIC: 0.9971
2026-03-25 02:00:58,935 - root - INFO - Epoch of Causal-TSF[84/10000],
2026-03-25 02:00:58,935 - root - INFO - Train Results | R²: 0.9969 | RMSE: 0.0016 | IC: 0.9985 | RankIC: 0.9970
2026-03-25 02:00:58,969 - root - INFO - Epoch of Causal-TSF[85/10000],
2026-03-25 02:00:58,969 - root - INFO - Train Results | R²: 0.9965 | RMSE: 0.0017 | IC: 0.9983 | RankIC: 0.9957
2026-03-25 02:00:59,003 - root - INFO - Epoch of Causal-TSF[86/10000],
2026-03-25 02:00:59,003 - root - INFO - Train Results | R²: 0.9971 | RMSE: 0.0015 | IC: 0.9986 | RankIC: 0.9962
2026-03-25 02:00:59,036 - root - INFO - Epoch of Causal-TSF[87/10000],
2026-03-25 02:00:59,036 - root - INFO - Train Results | R²: 0.9964 | RMSE: 0.0017 | IC: 0.9984 | RankIC: 0.9964
2026-03-25 02:00:59,070 - root - INFO - Epoch of Causal-TSF[88/10000],
2026-03-25 02:00:59,070 - root - INFO - Train Results | R²: 0.9960 | RMSE: 0.0018 | IC: 0.9981 | RankIC: 0.9951
2026-03-25 02:00:59,102 - root - INFO - Epoch of Causal-TSF[89/10000],
2026-03-25 02:00:59,102 - root - INFO - Train Results | R²: 0.9975 | RMSE: 0.0014 | IC: 0.9988 | RankIC: 0.9971
2026-03-25 02:00:59,135 - root - INFO - Epoch of Causal-TSF[90/10000],
2026-03-25 02:00:59,135 - root - INFO - Train Results | R²: 0.9957 | RMSE: 0.0019 | IC: 0.9981 | RankIC: 0.9957
2026-03-25 02:00:59,169 - root - INFO - Epoch of Causal-TSF[91/10000],
2026-03-25 02:00:59,169 - root - INFO - Train Results | R²: 0.9970 | RMSE: 0.0016 | IC: 0.9985 | RankIC: 0.9960
2026-03-25 02:00:59,203 - root - INFO - Epoch of Causal-TSF[92/10000],
2026-03-25 02:00:59,203 - root - INFO - Train Results | R²: 0.9975 | RMSE: 0.0014 | IC: 0.9988 | RankIC: 0.9964
2026-03-25 02:00:59,236 - root - INFO - Epoch of Causal-TSF[93/10000],
2026-03-25 02:00:59,236 - root - INFO - Train Results | R²: 0.9967 | RMSE: 0.0016 | IC: 0.9984 | RankIC: 0.9947
2026-03-25 02:00:59,269 - root - INFO - Epoch of Causal-TSF[94/10000],
2026-03-25 02:00:59,269 - root - INFO - Train Results | R²: 0.9981 | RMSE: 0.0012 | IC: 0.9991 | RankIC: 0.9967
2026-03-25 02:00:59,303 - root - INFO - Epoch of Causal-TSF[95/10000],
2026-03-25 02:00:59,303 - root - INFO - Train Results | R²: 0.9967 | RMSE: 0.0016 | IC: 0.9983 | RankIC: 0.9969
2026-03-25 02:00:59,338 - root - INFO - Epoch of Causal-TSF[96/10000],
2026-03-25 02:00:59,338 - root - INFO - Train Results | R²: 0.9969 | RMSE: 0.0016 | IC: 0.9987 | RankIC: 0.9977
2026-03-25 02:00:59,371 - root - INFO - Epoch of Causal-TSF[97/10000],
2026-03-25 02:00:59,371 - root - INFO - Train Results | R²: 0.9965 | RMSE: 0.0017 | IC: 0.9983 | RankIC: 0.9971
2026-03-25 02:00:59,405 - root - INFO - Epoch of Causal-TSF[98/10000],
2026-03-25 02:00:59,405 - root - INFO - Train Results | R²: 0.9975 | RMSE: 0.0014 | IC: 0.9987 | RankIC: 0.9978
2026-03-25 02:00:59,437 - root - INFO - Epoch of Causal-TSF[99/10000],
2026-03-25 02:00:59,437 - root - INFO - Train Results | R²: 0.9971 | RMSE: 0.0015 | IC: 0.9986 | RankIC: 0.9970
2026-03-25 02:00:59,470 - root - INFO - Epoch of Causal-TSF[100/10000],
2026-03-25 02:00:59,470 - root - INFO - Train Results | R²: 0.9972 | RMSE: 0.0015 | IC: 0.9987 | RankIC: 0.9969
2026-03-25 02:00:59,502 - root - INFO - Epoch of Causal-TSF[101/10000],
2026-03-25 02:00:59,502 - root - INFO - Train Results | R²: 0.9982 | RMSE: 0.0012 | IC: 0.9991 | RankIC: 0.9972
2026-03-25 02:00:59,533 - root - INFO - Epoch of Causal-TSF[102/10000],
2026-03-25 02:00:59,533 - root - INFO - Train Results | R²: 0.9976 | RMSE: 0.0014 | IC: 0.9988 | RankIC: 0.9969
2026-03-25 02:00:59,566 - root - INFO - Epoch of Causal-TSF[103/10000],
2026-03-25 02:00:59,566 - root - INFO - Train Results | R²: 0.9971 | RMSE: 0.0015 | IC: 0.9987 | RankIC: 0.9970
2026-03-25 02:00:59,600 - root - INFO - Epoch of Causal-TSF[104/10000],
2026-03-25 02:00:59,600 - root - INFO - Train Results | R²: 0.9966 | RMSE: 0.0016 | IC: 0.9986 | RankIC: 0.9975
2026-03-25 02:00:59,633 - root - INFO - Epoch of Causal-TSF[105/10000],
2026-03-25 02:00:59,633 - root - INFO - Train Results | R²: 0.9968 | RMSE: 0.0016 | IC: 0.9984 | RankIC: 0.9959
2026-03-25 02:00:59,666 - root - INFO - Epoch of Causal-TSF[106/10000],
2026-03-25 02:00:59,666 - root - INFO - Train Results | R²: 0.9970 | RMSE: 0.0016 | IC: 0.9985 | RankIC: 0.9954
2026-03-25 02:00:59,699 - root - INFO - Epoch of Causal-TSF[107/10000],
2026-03-25 02:00:59,699 - root - INFO - Train Results | R²: 0.9978 | RMSE: 0.0013 | IC: 0.9989 | RankIC: 0.9970
2026-03-25 02:00:59,732 - root - INFO - Epoch of Causal-TSF[108/10000],
2026-03-25 02:00:59,732 - root - INFO - Train Results | R²: 0.9976 | RMSE: 0.0014 | IC: 0.9988 | RankIC: 0.9972
2026-03-25 02:00:59,766 - root - INFO - Epoch of Causal-TSF[109/10000],
2026-03-25 02:00:59,766 - root - INFO - Train Results | R²: 0.9957 | RMSE: 0.0018 | IC: 0.9980 | RankIC: 0.9958
2026-03-25 02:00:59,799 - root - INFO - Epoch of Causal-TSF[110/10000],
2026-03-25 02:00:59,799 - root - INFO - Train Results | R²: 0.9952 | RMSE: 0.0020 | IC: 0.9983 | RankIC: 0.9967
2026-03-25 02:00:59,834 - root - INFO - Epoch of Causal-TSF[111/10000],
2026-03-25 02:00:59,834 - root - INFO - Train Results | R²: 0.9940 | RMSE: 0.0022 | IC: 0.9984 | RankIC: 0.9962
2026-03-25 02:00:59,867 - root - INFO - Epoch of Causal-TSF[112/10000],
2026-03-25 02:00:59,867 - root - INFO - Train Results | R²: 0.9940 | RMSE: 0.0022 | IC: 0.9980 | RankIC: 0.9957
2026-03-25 02:00:59,899 - root - INFO - Epoch of Causal-TSF[113/10000],
2026-03-25 02:00:59,900 - root - INFO - Train Results | R²: 0.9958 | RMSE: 0.0018 | IC: 0.9983 | RankIC: 0.9967
2026-03-25 02:00:59,933 - root - INFO - Epoch of Causal-TSF[114/10000],
2026-03-25 02:00:59,933 - root - INFO - Train Results | R²: 0.9966 | RMSE: 0.0017 | IC: 0.9986 | RankIC: 0.9967
2026-03-25 02:00:59,965 - root - INFO - Epoch of Causal-TSF[115/10000],
2026-03-25 02:00:59,965 - root - INFO - Train Results | R²: 0.9960 | RMSE: 0.0018 | IC: 0.9985 | RankIC: 0.9962
2026-03-25 02:00:59,996 - root - INFO - Epoch of Causal-TSF[116/10000],
2026-03-25 02:00:59,997 - root - INFO - Train Results | R²: 0.9965 | RMSE: 0.0017 | IC: 0.9985 | RankIC: 0.9969
2026-03-25 02:01:00,031 - root - INFO - Epoch of Causal-TSF[117/10000],
2026-03-25 02:01:00,031 - root - INFO - Train Results | R²: 0.9968 | RMSE: 0.0016 | IC: 0.9985 | RankIC: 0.9957
2026-03-25 02:01:00,066 - root - INFO - Epoch of Causal-TSF[118/10000],
2026-03-25 02:01:00,066 - root - INFO - Train Results | R²: 0.9965 | RMSE: 0.0017 | IC: 0.9982 | RankIC: 0.9958
2026-03-25 02:01:00,099 - root - INFO - Epoch of Causal-TSF[119/10000],
2026-03-25 02:01:00,099 - root - INFO - Train Results | R²: 0.9967 | RMSE: 0.0016 | IC: 0.9984 | RankIC: 0.9976
2026-03-25 02:01:00,132 - root - INFO - Epoch of Causal-TSF[120/10000],
2026-03-25 02:01:00,132 - root - INFO - Train Results | R²: 0.9970 | RMSE: 0.0015 | IC: 0.9986 | RankIC: 0.9952
2026-03-25 02:01:00,165 - root - INFO - Epoch of Causal-TSF[121/10000],
2026-03-25 02:01:00,165 - root - INFO - Train Results | R²: 0.9972 | RMSE: 0.0015 | IC: 0.9987 | RankIC: 0.9961
2026-03-25 02:01:00,197 - root - INFO - Epoch of Causal-TSF[122/10000],
2026-03-25 02:01:00,197 - root - INFO - Train Results | R²: 0.9970 | RMSE: 0.0015 | IC: 0.9985 | RankIC: 0.9965
2026-03-25 02:01:00,230 - root - INFO - Epoch of Causal-TSF[123/10000],
2026-03-25 02:01:00,230 - root - INFO - Train Results | R²: 0.9962 | RMSE: 0.0017 | IC: 0.9981 | RankIC: 0.9964
2026-03-25 02:01:00,266 - root - INFO - Epoch of Causal-TSF[124/10000],
2026-03-25 02:01:00,266 - root - INFO - Train Results | R²: 0.9965 | RMSE: 0.0017 | IC: 0.9984 | RankIC: 0.9970
2026-03-25 02:01:00,297 - root - INFO - Epoch of Causal-TSF[125/10000],
2026-03-25 02:01:00,297 - root - INFO - Train Results | R²: 0.9981 | RMSE: 0.0012 | IC: 0.9991 | RankIC: 0.9978
2026-03-25 02:01:00,331 - root - INFO - Epoch of Causal-TSF[126/10000],
2026-03-25 02:01:00,331 - root - INFO - Train Results | R²: 0.9961 | RMSE: 0.0018 | IC: 0.9982 | RankIC: 0.9972
2026-03-25 02:01:00,364 - root - INFO - Epoch of Causal-TSF[127/10000],
2026-03-25 02:01:00,364 - root - INFO - Train Results | R²: 0.9971 | RMSE: 0.0015 | IC: 0.9987 | RankIC: 0.9973
2026-03-25 02:01:00,398 - root - INFO - Epoch of Causal-TSF[128/10000],
2026-03-25 02:01:00,398 - root - INFO - Train Results | R²: 0.9969 | RMSE: 0.0016 | IC: 0.9985 | RankIC: 0.9965
2026-03-25 02:01:00,431 - root - INFO - Epoch of Causal-TSF[129/10000],
2026-03-25 02:01:00,431 - root - INFO - Train Results | R²: 0.9971 | RMSE: 0.0015 | IC: 0.9988 | RankIC: 0.9968
2026-03-25 02:01:00,464 - root - INFO - Epoch of Causal-TSF[130/10000],
2026-03-25 02:01:00,464 - root - INFO - Train Results | R²: 0.9972 | RMSE: 0.0015 | IC: 0.9987 | RankIC: 0.9965
2026-03-25 02:01:00,498 - root - INFO - Epoch of Causal-TSF[131/10000],
2026-03-25 02:01:00,498 - root - INFO - Train Results | R²: 0.9975 | RMSE: 0.0014 | IC: 0.9988 | RankIC: 0.9973
2026-03-25 02:01:00,531 - root - INFO - Epoch of Causal-TSF[132/10000],
2026-03-25 02:01:00,531 - root - INFO - Train Results | R²: 0.9962 | RMSE: 0.0017 | IC: 0.9981 | RankIC: 0.9964
2026-03-25 02:01:00,564 - root - INFO - Epoch of Causal-TSF[133/10000],
2026-03-25 02:01:00,564 - root - INFO - Train Results | R²: 0.9976 | RMSE: 0.0014 | IC: 0.9989 | RankIC: 0.9967
2026-03-25 02:01:00,597 - root - INFO - Epoch of Causal-TSF[134/10000],
2026-03-25 02:01:00,597 - root - INFO - Train Results | R²: 0.9968 | RMSE: 0.0016 | IC: 0.9984 | RankIC: 0.9970
2026-03-25 02:01:00,629 - root - INFO - Epoch of Causal-TSF[135/10000],
2026-03-25 02:01:00,629 - root - INFO - Train Results | R²: 0.9964 | RMSE: 0.0017 | IC: 0.9983 | RankIC: 0.9964
2026-03-25 02:01:00,663 - root - INFO - Epoch of Causal-TSF[136/10000],
2026-03-25 02:01:00,663 - root - INFO - Train Results | R²: 0.9972 | RMSE: 0.0015 | IC: 0.9988 | RankIC: 0.9969
2026-03-25 02:01:00,695 - root - INFO - Epoch of Causal-TSF[137/10000],
2026-03-25 02:01:00,696 - root - INFO - Train Results | R²: 0.9965 | RMSE: 0.0017 | IC: 0.9983 | RankIC: 0.9971
2026-03-25 02:01:00,730 - root - INFO - Epoch of Causal-TSF[138/10000],
2026-03-25 02:01:00,730 - root - INFO - Train Results | R²: 0.9967 | RMSE: 0.0016 | IC: 0.9986 | RankIC: 0.9959
2026-03-25 02:01:00,762 - root - INFO - Epoch of Causal-TSF[139/10000],
2026-03-25 02:01:00,762 - root - INFO - Train Results | R²: 0.9964 | RMSE: 0.0017 | IC: 0.9987 | RankIC: 0.9971
2026-03-25 02:01:00,795 - root - INFO - Epoch of Causal-TSF[140/10000],
2026-03-25 02:01:00,795 - root - INFO - Train Results | R²: 0.9975 | RMSE: 0.0014 | IC: 0.9989 | RankIC: 0.9978
2026-03-25 02:01:00,827 - root - INFO - Epoch of Causal-TSF[141/10000],
2026-03-25 02:01:00,827 - root - INFO - Train Results | R²: 0.9976 | RMSE: 0.0014 | IC: 0.9988 | RankIC: 0.9967
2026-03-25 02:01:00,860 - root - INFO - Epoch of Causal-TSF[142/10000],
2026-03-25 02:01:00,860 - root - INFO - Train Results | R²: 0.9972 | RMSE: 0.0015 | IC: 0.9986 | RankIC: 0.9968
2026-03-25 02:01:00,893 - root - INFO - Epoch of Causal-TSF[143/10000],
2026-03-25 02:01:00,893 - root - INFO - Train Results | R²: 0.9972 | RMSE: 0.0015 | IC: 0.9986 | RankIC: 0.9960
2026-03-25 02:01:00,927 - root - INFO - Epoch of Causal-TSF[144/10000],
2026-03-25 02:01:00,927 - root - INFO - Train Results | R²: 0.9972 | RMSE: 0.0015 | IC: 0.9986 | RankIC: 0.9963
2026-03-25 02:01:00,960 - root - INFO - Epoch of Causal-TSF[145/10000],
2026-03-25 02:01:00,960 - root - INFO - Train Results | R²: 0.9977 | RMSE: 0.0014 | IC: 0.9989 | RankIC: 0.9973
2026-03-25 02:01:00,993 - root - INFO - Epoch of Causal-TSF[146/10000],
2026-03-25 02:01:00,993 - root - INFO - Train Results | R²: 0.9975 | RMSE: 0.0014 | IC: 0.9988 | RankIC: 0.9966
2026-03-25 02:01:01,026 - root - INFO - Epoch of Causal-TSF[147/10000],
2026-03-25 02:01:01,026 - root - INFO - Train Results | R²: 0.9965 | RMSE: 0.0017 | IC: 0.9983 | RankIC: 0.9955
2026-03-25 02:01:01,059 - root - INFO - Epoch of Causal-TSF[148/10000],
2026-03-25 02:01:01,059 - root - INFO - Train Results | R²: 0.9974 | RMSE: 0.0015 | IC: 0.9987 | RankIC: 0.9974
2026-03-25 02:01:01,092 - root - INFO - Epoch of Causal-TSF[149/10000],
2026-03-25 02:01:01,092 - root - INFO - Train Results | R²: 0.9966 | RMSE: 0.0016 | IC: 0.9983 | RankIC: 0.9966
2026-03-25 02:01:01,124 - root - INFO - Epoch of Causal-TSF[150/10000],
2026-03-25 02:01:01,125 - root - INFO - Train Results | R²: 0.9964 | RMSE: 0.0017 | IC: 0.9983 | RankIC: 0.9954
2026-03-25 02:01:01,161 - root - INFO - Epoch of Causal-TSF[151/10000],
2026-03-25 02:01:01,161 - root - INFO - Train Results | R²: 0.9964 | RMSE: 0.0017 | IC: 0.9984 | RankIC: 0.9957
2026-03-25 02:01:01,195 - root - INFO - Epoch of Causal-TSF[152/10000],
2026-03-25 02:01:01,195 - root - INFO - Train Results | R²: 0.9971 | RMSE: 0.0015 | IC: 0.9987 | RankIC: 0.9964
2026-03-25 02:01:01,230 - root - INFO - Epoch of Causal-TSF[153/10000],
2026-03-25 02:01:01,230 - root - INFO - Train Results | R²: 0.9967 | RMSE: 0.0016 | IC: 0.9985 | RankIC: 0.9962
2026-03-25 02:01:01,263 - root - INFO - Epoch of Causal-TSF[154/10000],
2026-03-25 02:01:01,263 - root - INFO - Train Results | R²: 0.9975 | RMSE: 0.0014 | IC: 0.9988 | RankIC: 0.9972
2026-03-25 02:01:01,296 - root - INFO - Epoch of Causal-TSF[155/10000],
2026-03-25 02:01:01,296 - root - INFO - Train Results | R²: 0.9974 | RMSE: 0.0014 | IC: 0.9987 | RankIC: 0.9974
2026-03-25 02:01:01,330 - root - INFO - Epoch of Causal-TSF[156/10000],
2026-03-25 02:01:01,330 - root - INFO - Train Results | R²: 0.9973 | RMSE: 0.0015 | IC: 0.9990 | RankIC: 0.9968
2026-03-25 02:01:01,362 - root - INFO - Epoch of Causal-TSF[157/10000],
2026-03-25 02:01:01,363 - root - INFO - Train Results | R²: 0.9971 | RMSE: 0.0015 | IC: 0.9989 | RankIC: 0.9972
2026-03-25 02:01:01,398 - root - INFO - Epoch of Causal-TSF[158/10000],
2026-03-25 02:01:01,398 - root - INFO - Train Results | R²: 0.9963 | RMSE: 0.0017 | IC: 0.9987 | RankIC: 0.9972
2026-03-25 02:01:01,431 - root - INFO - Epoch of Causal-TSF[159/10000],
2026-03-25 02:01:01,431 - root - INFO - Train Results | R²: 0.9956 | RMSE: 0.0019 | IC: 0.9986 | RankIC: 0.9971
2026-03-25 02:01:01,464 - root - INFO - Epoch of Causal-TSF[160/10000],
2026-03-25 02:01:01,464 - root - INFO - Train Results | R²: 0.9945 | RMSE: 0.0021 | IC: 0.9975 | RankIC: 0.9949
2026-03-25 02:01:01,497 - root - INFO - Epoch of Causal-TSF[161/10000],
2026-03-25 02:01:01,497 - root - INFO - Train Results | R²: 0.9952 | RMSE: 0.0020 | IC: 0.9977 | RankIC: 0.9952
2026-03-25 02:01:01,530 - root - INFO - Epoch of Causal-TSF[162/10000],
2026-03-25 02:01:01,530 - root - INFO - Train Results | R²: 0.9956 | RMSE: 0.0019 | IC: 0.9984 | RankIC: 0.9955
2026-03-25 02:01:01,562 - root - INFO - Epoch of Causal-TSF[163/10000],
2026-03-25 02:01:01,562 - root - INFO - Train Results | R²: 0.9968 | RMSE: 0.0016 | IC: 0.9986 | RankIC: 0.9966
2026-03-25 02:01:01,598 - root - INFO - Epoch of Causal-TSF[164/10000],
2026-03-25 02:01:01,598 - root - INFO - Train Results | R²: 0.9978 | RMSE: 0.0013 | IC: 0.9990 | RankIC: 0.9976
2026-03-25 02:01:01,633 - root - INFO - Epoch of Causal-TSF[165/10000],
2026-03-25 02:01:01,633 - root - INFO - Train Results | R²: 0.9979 | RMSE: 0.0013 | IC: 0.9990 | RankIC: 0.9973
2026-03-25 02:01:01,665 - root - INFO - Epoch of Causal-TSF[166/10000],
2026-03-25 02:01:01,665 - root - INFO - Train Results | R²: 0.9977 | RMSE: 0.0014 | IC: 0.9990 | RankIC: 0.9977
2026-03-25 02:01:01,697 - root - INFO - Epoch of Causal-TSF[167/10000],
2026-03-25 02:01:01,697 - root - INFO - Train Results | R²: 0.9972 | RMSE: 0.0015 | IC: 0.9986 | RankIC: 0.9960
2026-03-25 02:01:01,729 - root - INFO - Epoch of Causal-TSF[168/10000],
2026-03-25 02:01:01,729 - root - INFO - Train Results | R²: 0.9979 | RMSE: 0.0013 | IC: 0.9990 | RankIC: 0.9974
2026-03-25 02:01:01,761 - root - INFO - Epoch of Causal-TSF[169/10000],
2026-03-25 02:01:01,761 - root - INFO - Train Results | R²: 0.9973 | RMSE: 0.0015 | IC: 0.9987 | RankIC: 0.9968
2026-03-25 02:01:01,793 - root - INFO - Epoch of Causal-TSF[170/10000],
2026-03-25 02:01:01,793 - root - INFO - Train Results | R²: 0.9963 | RMSE: 0.0017 | IC: 0.9983 | RankIC: 0.9966
2026-03-25 02:01:01,826 - root - INFO - Epoch of Causal-TSF[171/10000],
2026-03-25 02:01:01,826 - root - INFO - Train Results | R²: 0.9953 | RMSE: 0.0019 | IC: 0.9979 | RankIC: 0.9964
2026-03-25 02:01:01,858 - root - INFO - Epoch of Causal-TSF[172/10000],
2026-03-25 02:01:01,858 - root - INFO - Train Results | R²: 0.9969 | RMSE: 0.0016 | IC: 0.9990 | RankIC: 0.9974
2026-03-25 02:01:01,892 - root - INFO - Epoch of Causal-TSF[173/10000],
2026-03-25 02:01:01,892 - root - INFO - Train Results | R²: 0.9965 | RMSE: 0.0017 | IC: 0.9986 | RankIC: 0.9968
2026-03-25 02:01:01,923 - root - INFO - Epoch of Causal-TSF[174/10000],
2026-03-25 02:01:01,923 - root - INFO - Train Results | R²: 0.9976 | RMSE: 0.0014 | IC: 0.9991 | RankIC: 0.9980
2026-03-25 02:01:01,955 - root - INFO - Epoch of Causal-TSF[175/10000],
2026-03-25 02:01:01,955 - root - INFO - Train Results | R²: 0.9966 | RMSE: 0.0017 | IC: 0.9985 | RankIC: 0.9964
2026-03-25 02:01:01,988 - root - INFO - Epoch of Causal-TSF[176/10000],
2026-03-25 02:01:01,988 - root - INFO - Train Results | R²: 0.9970 | RMSE: 0.0015 | IC: 0.9985 | RankIC: 0.9964
2026-03-25 02:01:02,022 - root - INFO - Epoch of Causal-TSF[177/10000],
2026-03-25 02:01:02,022 - root - INFO - Train Results | R²: 0.9970 | RMSE: 0.0016 | IC: 0.9987 | RankIC: 0.9979
2026-03-25 02:01:02,058 - root - INFO - Epoch of Causal-TSF[178/10000],
2026-03-25 02:01:02,058 - root - INFO - Train Results | R²: 0.9965 | RMSE: 0.0017 | IC: 0.9988 | RankIC: 0.9971
2026-03-25 02:01:02,091 - root - INFO - Epoch of Causal-TSF[179/10000],
2026-03-25 02:01:02,092 - root - INFO - Train Results | R²: 0.9966 | RMSE: 0.0016 | IC: 0.9989 | RankIC: 0.9971
2026-03-25 02:01:02,125 - root - INFO - Epoch of Causal-TSF[180/10000],
2026-03-25 02:01:02,126 - root - INFO - Train Results | R²: 0.9961 | RMSE: 0.0018 | IC: 0.9983 | RankIC: 0.9960
2026-03-25 02:01:02,157 - root - INFO - Epoch of Causal-TSF[181/10000],
2026-03-25 02:01:02,157 - root - INFO - Train Results | R²: 0.9978 | RMSE: 0.0013 | IC: 0.9989 | RankIC: 0.9981
2026-03-25 02:01:02,189 - root - INFO - Early stopping triggered at epoch 182. No improvement for 100 epochs.
2026-03-25 02:01:02,205 - root - INFO - Run 4 Test Results | R²: -0.3105 | RMSE: 0.0445 | IC: -0.2278 | RankIC: -0.0776
2026-03-25 02:01:02,205 - root - INFO - 
2026-03-25 02:01:02,205 - root - INFO - ============================================================
2026-03-25 02:01:02,205 - root - INFO - Causal-TSF Run 5/30 Starting...
2026-03-25 02:01:02,205 - root - INFO - ============================================================
2026-03-25 02:01:02,247 - root - INFO - Epoch of Causal-TSF[1/10000],
2026-03-25 02:01:02,247 - root - INFO - Train Results | R²: -31.0143 | RMSE: 0.1601 | IC: 0.0011 | RankIC: -0.0003
2026-03-25 02:01:02,286 - root - INFO - Epoch of Causal-TSF[2/10000],
2026-03-25 02:01:02,287 - root - INFO - Train Results | R²: -11.9520 | RMSE: 0.1018 | IC: 0.0330 | RankIC: 0.0013
2026-03-25 02:01:02,323 - root - INFO - Epoch of Causal-TSF[3/10000],
2026-03-25 02:01:02,323 - root - INFO - Train Results | R²: -3.1142 | RMSE: 0.0574 | IC: 0.0784 | RankIC: 0.0440
2026-03-25 02:01:02,359 - root - INFO - Epoch of Causal-TSF[4/10000],
2026-03-25 02:01:02,360 - root - INFO - Train Results | R²: -1.4359 | RMSE: 0.0442 | IC: 0.1799 | RankIC: 0.1518
2026-03-25 02:01:02,398 - root - INFO - Epoch of Causal-TSF[5/10000],
2026-03-25 02:01:02,398 - root - INFO - Train Results | R²: -0.5997 | RMSE: 0.0358 | IC: 0.3165 | RankIC: 0.2927
2026-03-25 02:01:02,431 - root - INFO - Epoch of Causal-TSF[6/10000],
2026-03-25 02:01:02,431 - root - INFO - Train Results | R²: -0.8653 | RMSE: 0.0386 | IC: 0.4370 | RankIC: 0.4083
2026-03-25 02:01:02,468 - root - INFO - Epoch of Causal-TSF[7/10000],
2026-03-25 02:01:02,468 - root - INFO - Train Results | R²: 0.0871 | RMSE: 0.0270 | IC: 0.4382 | RankIC: 0.4103
2026-03-25 02:01:02,506 - root - INFO - Epoch of Causal-TSF[8/10000],
2026-03-25 02:01:02,506 - root - INFO - Train Results | R²: 0.1049 | RMSE: 0.0268 | IC: 0.5968 | RankIC: 0.5500
2026-03-25 02:01:02,541 - root - INFO - Epoch of Causal-TSF[9/10000],
2026-03-25 02:01:02,541 - root - INFO - Train Results | R²: 0.2006 | RMSE: 0.0253 | IC: 0.6739 | RankIC: 0.6466
2026-03-25 02:01:02,579 - root - INFO - Epoch of Causal-TSF[10/10000],
2026-03-25 02:01:02,579 - root - INFO - Train Results | R²: 0.4666 | RMSE: 0.0207 | IC: 0.7517 | RankIC: 0.7127
2026-03-25 02:01:02,610 - root - INFO - Epoch of Causal-TSF[11/10000],
2026-03-25 02:01:02,610 - root - INFO - Train Results | R²: 0.4449 | RMSE: 0.0211 | IC: 0.8394 | RankIC: 0.8097
2026-03-25 02:01:02,651 - root - INFO - Epoch of Causal-TSF[12/10000],
2026-03-25 02:01:02,651 - root - INFO - Train Results | R²: 0.6097 | RMSE: 0.0177 | IC: 0.8544 | RankIC: 0.8212
2026-03-25 02:01:02,687 - root - INFO - Epoch of Causal-TSF[13/10000],
2026-03-25 02:01:02,687 - root - INFO - Train Results | R²: 0.6903 | RMSE: 0.0157 | IC: 0.8956 | RankIC: 0.8726
2026-03-25 02:01:02,723 - root - INFO - Epoch of Causal-TSF[14/10000],
2026-03-25 02:01:02,724 - root - INFO - Train Results | R²: 0.7607 | RMSE: 0.0138 | IC: 0.9213 | RankIC: 0.9095
2026-03-25 02:01:02,761 - root - INFO - Epoch of Causal-TSF[15/10000],
2026-03-25 02:01:02,761 - root - INFO - Train Results | R²: 0.8147 | RMSE: 0.0122 | IC: 0.9280 | RankIC: 0.9082
2026-03-25 02:01:02,799 - root - INFO - Epoch of Causal-TSF[16/10000],
2026-03-25 02:01:02,799 - root - INFO - Train Results | R²: 0.8439 | RMSE: 0.0112 | IC: 0.9430 | RankIC: 0.9316
2026-03-25 02:01:02,838 - root - INFO - Epoch of Causal-TSF[17/10000],
2026-03-25 02:01:02,838 - root - INFO - Train Results | R²: 0.8880 | RMSE: 0.0095 | IC: 0.9522 | RankIC: 0.9474
2026-03-25 02:01:02,875 - root - INFO - Epoch of Causal-TSF[18/10000],
2026-03-25 02:01:02,875 - root - INFO - Train Results | R²: 0.9130 | RMSE: 0.0083 | IC: 0.9622 | RankIC: 0.9582
2026-03-25 02:01:02,911 - root - INFO - Epoch of Causal-TSF[19/10000],
2026-03-25 02:01:02,911 - root - INFO - Train Results | R²: 0.9266 | RMSE: 0.0077 | IC: 0.9653 | RankIC: 0.9630
2026-03-25 02:01:02,948 - root - INFO - Epoch of Causal-TSF[20/10000],
2026-03-25 02:01:02,948 - root - INFO - Train Results | R²: 0.9423 | RMSE: 0.0068 | IC: 0.9732 | RankIC: 0.9722
2026-03-25 02:01:02,985 - root - INFO - Epoch of Causal-TSF[21/10000],
2026-03-25 02:01:02,986 - root - INFO - Train Results | R²: 0.9579 | RMSE: 0.0058 | IC: 0.9806 | RankIC: 0.9784
2026-03-25 02:01:03,022 - root - INFO - Epoch of Causal-TSF[22/10000],
2026-03-25 02:01:03,022 - root - INFO - Train Results | R²: 0.9658 | RMSE: 0.0052 | IC: 0.9847 | RankIC: 0.9868
2026-03-25 02:01:03,058 - root - INFO - Epoch of Causal-TSF[23/10000],
2026-03-25 02:01:03,058 - root - INFO - Train Results | R²: 0.9738 | RMSE: 0.0046 | IC: 0.9876 | RankIC: 0.9895
2026-03-25 02:01:03,093 - root - INFO - Epoch of Causal-TSF[24/10000],
2026-03-25 02:01:03,093 - root - INFO - Train Results | R²: 0.9788 | RMSE: 0.0041 | IC: 0.9901 | RankIC: 0.9915
2026-03-25 02:01:03,128 - root - INFO - Epoch of Causal-TSF[25/10000],
2026-03-25 02:01:03,128 - root - INFO - Train Results | R²: 0.9814 | RMSE: 0.0039 | IC: 0.9910 | RankIC: 0.9937
2026-03-25 02:01:03,164 - root - INFO - Epoch of Causal-TSF[26/10000],
2026-03-25 02:01:03,165 - root - INFO - Train Results | R²: 0.9856 | RMSE: 0.0034 | IC: 0.9935 | RankIC: 0.9950
2026-03-25 02:01:03,195 - root - INFO - Epoch of Causal-TSF[27/10000],
2026-03-25 02:01:03,195 - root - INFO - Train Results | R²: 0.9857 | RMSE: 0.0034 | IC: 0.9936 | RankIC: 0.9939
2026-03-25 02:01:03,231 - root - INFO - Epoch of Causal-TSF[28/10000],
2026-03-25 02:01:03,231 - root - INFO - Train Results | R²: 0.9891 | RMSE: 0.0029 | IC: 0.9947 | RankIC: 0.9963
2026-03-25 02:01:03,266 - root - INFO - Epoch of Causal-TSF[29/10000],
2026-03-25 02:01:03,266 - root - INFO - Train Results | R²: 0.9906 | RMSE: 0.0027 | IC: 0.9957 | RankIC: 0.9965
2026-03-25 02:01:03,297 - root - INFO - Epoch of Causal-TSF[30/10000],
2026-03-25 02:01:03,298 - root - INFO - Train Results | R²: 0.9916 | RMSE: 0.0026 | IC: 0.9961 | RankIC: 0.9970
2026-03-25 02:01:03,330 - root - INFO - Epoch of Causal-TSF[31/10000],
2026-03-25 02:01:03,330 - root - INFO - Train Results | R²: 0.9909 | RMSE: 0.0027 | IC: 0.9956 | RankIC: 0.9962
2026-03-25 02:01:03,365 - root - INFO - Epoch of Causal-TSF[32/10000],
2026-03-25 02:01:03,365 - root - INFO - Train Results | R²: 0.9917 | RMSE: 0.0026 | IC: 0.9960 | RankIC: 0.9959
2026-03-25 02:01:03,402 - root - INFO - Epoch of Causal-TSF[33/10000],
2026-03-25 02:01:03,402 - root - INFO - Train Results | R²: 0.9929 | RMSE: 0.0024 | IC: 0.9966 | RankIC: 0.9971
2026-03-25 02:01:03,435 - root - INFO - Epoch of Causal-TSF[34/10000],
2026-03-25 02:01:03,435 - root - INFO - Train Results | R²: 0.9924 | RMSE: 0.0025 | IC: 0.9964 | RankIC: 0.9955
2026-03-25 02:01:03,470 - root - INFO - Epoch of Causal-TSF[35/10000],
2026-03-25 02:01:03,471 - root - INFO - Train Results | R²: 0.9940 | RMSE: 0.0022 | IC: 0.9971 | RankIC: 0.9971
2026-03-25 02:01:03,503 - root - INFO - Epoch of Causal-TSF[36/10000],
2026-03-25 02:01:03,503 - root - INFO - Train Results | R²: 0.9941 | RMSE: 0.0022 | IC: 0.9972 | RankIC: 0.9977
2026-03-25 02:01:03,539 - root - INFO - Epoch of Causal-TSF[37/10000],
2026-03-25 02:01:03,539 - root - INFO - Train Results | R²: 0.9933 | RMSE: 0.0023 | IC: 0.9967 | RankIC: 0.9965
2026-03-25 02:01:03,571 - root - INFO - Epoch of Causal-TSF[38/10000],
2026-03-25 02:01:03,572 - root - INFO - Train Results | R²: 0.9947 | RMSE: 0.0021 | IC: 0.9974 | RankIC: 0.9971
2026-03-25 02:01:03,606 - root - INFO - Epoch of Causal-TSF[39/10000],
2026-03-25 02:01:03,606 - root - INFO - Train Results | R²: 0.9943 | RMSE: 0.0021 | IC: 0.9975 | RankIC: 0.9968
2026-03-25 02:01:03,638 - root - INFO - Epoch of Causal-TSF[40/10000],
2026-03-25 02:01:03,638 - root - INFO - Train Results | R²: 0.9934 | RMSE: 0.0023 | IC: 0.9968 | RankIC: 0.9946
2026-03-25 02:01:03,671 - root - INFO - Epoch of Causal-TSF[41/10000],
2026-03-25 02:01:03,671 - root - INFO - Train Results | R²: 0.9949 | RMSE: 0.0020 | IC: 0.9976 | RankIC: 0.9961
2026-03-25 02:01:03,704 - root - INFO - Epoch of Causal-TSF[42/10000],
2026-03-25 02:01:03,704 - root - INFO - Train Results | R²: 0.9938 | RMSE: 0.0022 | IC: 0.9971 | RankIC: 0.9968
2026-03-25 02:01:03,744 - root - INFO - Epoch of Causal-TSF[43/10000],
2026-03-25 02:01:03,744 - root - INFO - Train Results | R²: 0.9953 | RMSE: 0.0019 | IC: 0.9977 | RankIC: 0.9972
2026-03-25 02:01:03,776 - root - INFO - Epoch of Causal-TSF[44/10000],
2026-03-25 02:01:03,776 - root - INFO - Train Results | R²: 0.9940 | RMSE: 0.0022 | IC: 0.9972 | RankIC: 0.9961
2026-03-25 02:01:03,810 - root - INFO - Epoch of Causal-TSF[45/10000],
2026-03-25 02:01:03,810 - root - INFO - Train Results | R²: 0.9937 | RMSE: 0.0022 | IC: 0.9970 | RankIC: 0.9965
2026-03-25 02:01:03,844 - root - INFO - Epoch of Causal-TSF[46/10000],
2026-03-25 02:01:03,844 - root - INFO - Train Results | R²: 0.9944 | RMSE: 0.0021 | IC: 0.9974 | RankIC: 0.9958
2026-03-25 02:01:03,882 - root - INFO - Epoch of Causal-TSF[47/10000],
2026-03-25 02:01:03,882 - root - INFO - Train Results | R²: 0.9947 | RMSE: 0.0021 | IC: 0.9974 | RankIC: 0.9964
2026-03-25 02:01:03,914 - root - INFO - Epoch of Causal-TSF[48/10000],
2026-03-25 02:01:03,914 - root - INFO - Train Results | R²: 0.9946 | RMSE: 0.0021 | IC: 0.9973 | RankIC: 0.9967
2026-03-25 02:01:03,949 - root - INFO - Epoch of Causal-TSF[49/10000],
2026-03-25 02:01:03,949 - root - INFO - Train Results | R²: 0.9951 | RMSE: 0.0020 | IC: 0.9976 | RankIC: 0.9970
2026-03-25 02:01:03,981 - root - INFO - Epoch of Causal-TSF[50/10000],
2026-03-25 02:01:03,981 - root - INFO - Train Results | R²: 0.9949 | RMSE: 0.0020 | IC: 0.9974 | RankIC: 0.9960
2026-03-25 02:01:04,015 - root - INFO - Epoch of Causal-TSF[51/10000],
2026-03-25 02:01:04,015 - root - INFO - Train Results | R²: 0.9950 | RMSE: 0.0020 | IC: 0.9976 | RankIC: 0.9970
2026-03-25 02:01:04,051 - root - INFO - Epoch of Causal-TSF[52/10000],
2026-03-25 02:01:04,051 - root - INFO - Train Results | R²: 0.9951 | RMSE: 0.0020 | IC: 0.9976 | RankIC: 0.9965
2026-03-25 02:01:04,091 - root - INFO - Epoch of Causal-TSF[53/10000],
2026-03-25 02:01:04,091 - root - INFO - Train Results | R²: 0.9944 | RMSE: 0.0021 | IC: 0.9975 | RankIC: 0.9957
2026-03-25 02:01:04,129 - root - INFO - Epoch of Causal-TSF[54/10000],
2026-03-25 02:01:04,129 - root - INFO - Train Results | R²: 0.9943 | RMSE: 0.0021 | IC: 0.9976 | RankIC: 0.9954
2026-03-25 02:01:04,164 - root - INFO - Epoch of Causal-TSF[55/10000],
2026-03-25 02:01:04,164 - root - INFO - Train Results | R²: 0.9942 | RMSE: 0.0022 | IC: 0.9971 | RankIC: 0.9961
2026-03-25 02:01:04,198 - root - INFO - Epoch of Causal-TSF[56/10000],
2026-03-25 02:01:04,199 - root - INFO - Train Results | R²: 0.9946 | RMSE: 0.0021 | IC: 0.9973 | RankIC: 0.9951
2026-03-25 02:01:04,232 - root - INFO - Epoch of Causal-TSF[57/10000],
2026-03-25 02:01:04,232 - root - INFO - Train Results | R²: 0.9953 | RMSE: 0.0019 | IC: 0.9978 | RankIC: 0.9959
2026-03-25 02:01:04,264 - root - INFO - Epoch of Causal-TSF[58/10000],
2026-03-25 02:01:04,264 - root - INFO - Train Results | R²: 0.9957 | RMSE: 0.0019 | IC: 0.9979 | RankIC: 0.9962
2026-03-25 02:01:04,297 - root - INFO - Epoch of Causal-TSF[59/10000],
2026-03-25 02:01:04,297 - root - INFO - Train Results | R²: 0.9944 | RMSE: 0.0021 | IC: 0.9974 | RankIC: 0.9954
2026-03-25 02:01:04,330 - root - INFO - Epoch of Causal-TSF[60/10000],
2026-03-25 02:01:04,330 - root - INFO - Train Results | R²: 0.9950 | RMSE: 0.0020 | IC: 0.9976 | RankIC: 0.9963
2026-03-25 02:01:04,369 - root - INFO - Epoch of Causal-TSF[61/10000],
2026-03-25 02:01:04,370 - root - INFO - Train Results | R²: 0.9954 | RMSE: 0.0019 | IC: 0.9978 | RankIC: 0.9960
2026-03-25 02:01:04,402 - root - INFO - Epoch of Causal-TSF[62/10000],
2026-03-25 02:01:04,402 - root - INFO - Train Results | R²: 0.9953 | RMSE: 0.0019 | IC: 0.9977 | RankIC: 0.9953
2026-03-25 02:01:04,436 - root - INFO - Epoch of Causal-TSF[63/10000],
2026-03-25 02:01:04,436 - root - INFO - Train Results | R²: 0.9936 | RMSE: 0.0023 | IC: 0.9971 | RankIC: 0.9930
2026-03-25 02:01:04,469 - root - INFO - Epoch of Causal-TSF[64/10000],
2026-03-25 02:01:04,469 - root - INFO - Train Results | R²: 0.9957 | RMSE: 0.0019 | IC: 0.9980 | RankIC: 0.9957
2026-03-25 02:01:04,502 - root - INFO - Epoch of Causal-TSF[65/10000],
2026-03-25 02:01:04,503 - root - INFO - Train Results | R²: 0.9955 | RMSE: 0.0019 | IC: 0.9978 | RankIC: 0.9956
2026-03-25 02:01:04,536 - root - INFO - Epoch of Causal-TSF[66/10000],
2026-03-25 02:01:04,536 - root - INFO - Train Results | R²: 0.9960 | RMSE: 0.0018 | IC: 0.9980 | RankIC: 0.9965
2026-03-25 02:01:04,569 - root - INFO - Epoch of Causal-TSF[67/10000],
2026-03-25 02:01:04,569 - root - INFO - Train Results | R²: 0.9950 | RMSE: 0.0020 | IC: 0.9975 | RankIC: 0.9962
2026-03-25 02:01:04,602 - root - INFO - Epoch of Causal-TSF[68/10000],
2026-03-25 02:01:04,602 - root - INFO - Train Results | R²: 0.9954 | RMSE: 0.0019 | IC: 0.9977 | RankIC: 0.9952
2026-03-25 02:01:04,635 - root - INFO - Epoch of Causal-TSF[69/10000],
2026-03-25 02:01:04,635 - root - INFO - Train Results | R²: 0.9955 | RMSE: 0.0019 | IC: 0.9978 | RankIC: 0.9958
2026-03-25 02:01:04,668 - root - INFO - Epoch of Causal-TSF[70/10000],
2026-03-25 02:01:04,668 - root - INFO - Train Results | R²: 0.9953 | RMSE: 0.0019 | IC: 0.9978 | RankIC: 0.9951
2026-03-25 02:01:04,702 - root - INFO - Epoch of Causal-TSF[71/10000],
2026-03-25 02:01:04,702 - root - INFO - Train Results | R²: 0.9957 | RMSE: 0.0019 | IC: 0.9979 | RankIC: 0.9952
2026-03-25 02:01:04,734 - root - INFO - Epoch of Causal-TSF[72/10000],
2026-03-25 02:01:04,734 - root - INFO - Train Results | R²: 0.9957 | RMSE: 0.0018 | IC: 0.9981 | RankIC: 0.9952
2026-03-25 02:01:04,767 - root - INFO - Epoch of Causal-TSF[73/10000],
2026-03-25 02:01:04,768 - root - INFO - Train Results | R²: 0.9952 | RMSE: 0.0020 | IC: 0.9979 | RankIC: 0.9957
2026-03-25 02:01:04,807 - root - INFO - Epoch of Causal-TSF[74/10000],
2026-03-25 02:01:04,807 - root - INFO - Train Results | R²: 0.9966 | RMSE: 0.0016 | IC: 0.9983 | RankIC: 0.9955
2026-03-25 02:01:04,840 - root - INFO - Epoch of Causal-TSF[75/10000],
2026-03-25 02:01:04,840 - root - INFO - Train Results | R²: 0.9957 | RMSE: 0.0019 | IC: 0.9979 | RankIC: 0.9943
2026-03-25 02:01:04,872 - root - INFO - Epoch of Causal-TSF[76/10000],
2026-03-25 02:01:04,872 - root - INFO - Train Results | R²: 0.9964 | RMSE: 0.0017 | IC: 0.9982 | RankIC: 0.9964
2026-03-25 02:01:04,906 - root - INFO - Epoch of Causal-TSF[77/10000],
2026-03-25 02:01:04,906 - root - INFO - Train Results | R²: 0.9954 | RMSE: 0.0019 | IC: 0.9977 | RankIC: 0.9959
2026-03-25 02:01:04,939 - root - INFO - Epoch of Causal-TSF[78/10000],
2026-03-25 02:01:04,939 - root - INFO - Train Results | R²: 0.9957 | RMSE: 0.0018 | IC: 0.9979 | RankIC: 0.9959
2026-03-25 02:01:04,971 - root - INFO - Epoch of Causal-TSF[79/10000],
2026-03-25 02:01:04,971 - root - INFO - Train Results | R²: 0.9954 | RMSE: 0.0019 | IC: 0.9979 | RankIC: 0.9950
2026-03-25 02:01:05,004 - root - INFO - Epoch of Causal-TSF[80/10000],
2026-03-25 02:01:05,004 - root - INFO - Train Results | R²: 0.9957 | RMSE: 0.0019 | IC: 0.9979 | RankIC: 0.9951
2026-03-25 02:01:05,036 - root - INFO - Epoch of Causal-TSF[81/10000],
2026-03-25 02:01:05,037 - root - INFO - Train Results | R²: 0.9954 | RMSE: 0.0019 | IC: 0.9978 | RankIC: 0.9959
2026-03-25 02:01:05,069 - root - INFO - Epoch of Causal-TSF[82/10000],
2026-03-25 02:01:05,070 - root - INFO - Train Results | R²: 0.9968 | RMSE: 0.0016 | IC: 0.9984 | RankIC: 0.9969
2026-03-25 02:01:05,102 - root - INFO - Epoch of Causal-TSF[83/10000],
2026-03-25 02:01:05,102 - root - INFO - Train Results | R²: 0.9969 | RMSE: 0.0016 | IC: 0.9987 | RankIC: 0.9975
2026-03-25 02:01:05,135 - root - INFO - Epoch of Causal-TSF[84/10000],
2026-03-25 02:01:05,135 - root - INFO - Train Results | R²: 0.9964 | RMSE: 0.0017 | IC: 0.9983 | RankIC: 0.9955
2026-03-25 02:01:05,168 - root - INFO - Epoch of Causal-TSF[85/10000],
2026-03-25 02:01:05,168 - root - INFO - Train Results | R²: 0.9951 | RMSE: 0.0020 | IC: 0.9977 | RankIC: 0.9941
2026-03-25 02:01:05,200 - root - INFO - Epoch of Causal-TSF[86/10000],
2026-03-25 02:01:05,201 - root - INFO - Train Results | R²: 0.9967 | RMSE: 0.0016 | IC: 0.9984 | RankIC: 0.9959
2026-03-25 02:01:05,235 - root - INFO - Epoch of Causal-TSF[87/10000],
2026-03-25 02:01:05,235 - root - INFO - Train Results | R²: 0.9963 | RMSE: 0.0017 | IC: 0.9982 | RankIC: 0.9963
2026-03-25 02:01:05,268 - root - INFO - Epoch of Causal-TSF[88/10000],
2026-03-25 02:01:05,268 - root - INFO - Train Results | R²: 0.9952 | RMSE: 0.0020 | IC: 0.9977 | RankIC: 0.9937
2026-03-25 02:01:05,300 - root - INFO - Epoch of Causal-TSF[89/10000],
2026-03-25 02:01:05,300 - root - INFO - Train Results | R²: 0.9959 | RMSE: 0.0018 | IC: 0.9980 | RankIC: 0.9950
2026-03-25 02:01:05,333 - root - INFO - Epoch of Causal-TSF[90/10000],
2026-03-25 02:01:05,333 - root - INFO - Train Results | R²: 0.9959 | RMSE: 0.0018 | IC: 0.9980 | RankIC: 0.9949
2026-03-25 02:01:05,365 - root - INFO - Epoch of Causal-TSF[91/10000],
2026-03-25 02:01:05,365 - root - INFO - Train Results | R²: 0.9963 | RMSE: 0.0017 | IC: 0.9982 | RankIC: 0.9961
2026-03-25 02:01:05,398 - root - INFO - Epoch of Causal-TSF[92/10000],
2026-03-25 02:01:05,398 - root - INFO - Train Results | R²: 0.9959 | RMSE: 0.0018 | IC: 0.9979 | RankIC: 0.9955
2026-03-25 02:01:05,431 - root - INFO - Epoch of Causal-TSF[93/10000],
2026-03-25 02:01:05,431 - root - INFO - Train Results | R²: 0.9969 | RMSE: 0.0016 | IC: 0.9985 | RankIC: 0.9962
2026-03-25 02:01:05,464 - root - INFO - Epoch of Causal-TSF[94/10000],
2026-03-25 02:01:05,464 - root - INFO - Train Results | R²: 0.9959 | RMSE: 0.0018 | IC: 0.9980 | RankIC: 0.9955
2026-03-25 02:01:05,498 - root - INFO - Epoch of Causal-TSF[95/10000],
2026-03-25 02:01:05,498 - root - INFO - Train Results | R²: 0.9957 | RMSE: 0.0019 | IC: 0.9981 | RankIC: 0.9947
2026-03-25 02:01:05,530 - root - INFO - Epoch of Causal-TSF[96/10000],
2026-03-25 02:01:05,530 - root - INFO - Train Results | R²: 0.9953 | RMSE: 0.0019 | IC: 0.9981 | RankIC: 0.9962
2026-03-25 02:01:05,562 - root - INFO - Epoch of Causal-TSF[97/10000],
2026-03-25 02:01:05,562 - root - INFO - Train Results | R²: 0.9961 | RMSE: 0.0018 | IC: 0.9982 | RankIC: 0.9958
2026-03-25 02:01:05,594 - root - INFO - Epoch of Causal-TSF[98/10000],
2026-03-25 02:01:05,594 - root - INFO - Train Results | R²: 0.9965 | RMSE: 0.0017 | IC: 0.9983 | RankIC: 0.9961
2026-03-25 02:01:05,628 - root - INFO - Epoch of Causal-TSF[99/10000],
2026-03-25 02:01:05,628 - root - INFO - Train Results | R²: 0.9964 | RMSE: 0.0017 | IC: 0.9982 | RankIC: 0.9957
2026-03-25 02:01:05,660 - root - INFO - Epoch of Causal-TSF[100/10000],
2026-03-25 02:01:05,660 - root - INFO - Train Results | R²: 0.9965 | RMSE: 0.0017 | IC: 0.9983 | RankIC: 0.9955
2026-03-25 02:01:05,693 - root - INFO - Epoch of Causal-TSF[101/10000],
2026-03-25 02:01:05,693 - root - INFO - Train Results | R²: 0.9967 | RMSE: 0.0016 | IC: 0.9984 | RankIC: 0.9958
2026-03-25 02:01:05,725 - root - INFO - Epoch of Causal-TSF[102/10000],
2026-03-25 02:01:05,726 - root - INFO - Train Results | R²: 0.9953 | RMSE: 0.0019 | IC: 0.9977 | RankIC: 0.9944
2026-03-25 02:01:05,759 - root - INFO - Epoch of Causal-TSF[103/10000],
2026-03-25 02:01:05,759 - root - INFO - Train Results | R²: 0.9963 | RMSE: 0.0017 | IC: 0.9982 | RankIC: 0.9964
2026-03-25 02:01:05,792 - root - INFO - Epoch of Causal-TSF[104/10000],
2026-03-25 02:01:05,792 - root - INFO - Train Results | R²: 0.9955 | RMSE: 0.0019 | IC: 0.9979 | RankIC: 0.9947
2026-03-25 02:01:05,825 - root - INFO - Epoch of Causal-TSF[105/10000],
2026-03-25 02:01:05,825 - root - INFO - Train Results | R²: 0.9972 | RMSE: 0.0015 | IC: 0.9987 | RankIC: 0.9963
2026-03-25 02:01:05,858 - root - INFO - Epoch of Causal-TSF[106/10000],
2026-03-25 02:01:05,858 - root - INFO - Train Results | R²: 0.9962 | RMSE: 0.0017 | IC: 0.9981 | RankIC: 0.9957
2026-03-25 02:01:05,891 - root - INFO - Epoch of Causal-TSF[107/10000],
2026-03-25 02:01:05,891 - root - INFO - Train Results | R²: 0.9959 | RMSE: 0.0018 | IC: 0.9980 | RankIC: 0.9956
2026-03-25 02:01:05,923 - root - INFO - Epoch of Causal-TSF[108/10000],
2026-03-25 02:01:05,923 - root - INFO - Train Results | R²: 0.9965 | RMSE: 0.0017 | IC: 0.9982 | RankIC: 0.9956
2026-03-25 02:01:05,955 - root - INFO - Epoch of Causal-TSF[109/10000],
2026-03-25 02:01:05,955 - root - INFO - Train Results | R²: 0.9964 | RMSE: 0.0017 | IC: 0.9982 | RankIC: 0.9943
2026-03-25 02:01:05,988 - root - INFO - Epoch of Causal-TSF[110/10000],
2026-03-25 02:01:05,988 - root - INFO - Train Results | R²: 0.9948 | RMSE: 0.0020 | IC: 0.9977 | RankIC: 0.9944
2026-03-25 02:01:06,020 - root - INFO - Epoch of Causal-TSF[111/10000],
2026-03-25 02:01:06,020 - root - INFO - Train Results | R²: 0.9951 | RMSE: 0.0020 | IC: 0.9977 | RankIC: 0.9939
2026-03-25 02:01:06,053 - root - INFO - Epoch of Causal-TSF[112/10000],
2026-03-25 02:01:06,053 - root - INFO - Train Results | R²: 0.9954 | RMSE: 0.0019 | IC: 0.9977 | RankIC: 0.9939
2026-03-25 02:01:06,084 - root - INFO - Epoch of Causal-TSF[113/10000],
2026-03-25 02:01:06,084 - root - INFO - Train Results | R²: 0.9962 | RMSE: 0.0017 | IC: 0.9981 | RankIC: 0.9954
2026-03-25 02:01:06,115 - root - INFO - Epoch of Causal-TSF[114/10000],
2026-03-25 02:01:06,115 - root - INFO - Train Results | R²: 0.9960 | RMSE: 0.0018 | IC: 0.9982 | RankIC: 0.9956
2026-03-25 02:01:06,146 - root - INFO - Epoch of Causal-TSF[115/10000],
2026-03-25 02:01:06,146 - root - INFO - Train Results | R²: 0.9945 | RMSE: 0.0021 | IC: 0.9977 | RankIC: 0.9947
2026-03-25 02:01:06,177 - root - INFO - Epoch of Causal-TSF[116/10000],
2026-03-25 02:01:06,177 - root - INFO - Train Results | R²: 0.9962 | RMSE: 0.0017 | IC: 0.9984 | RankIC: 0.9972
2026-03-25 02:01:06,207 - root - INFO - Epoch of Causal-TSF[117/10000],
2026-03-25 02:01:06,207 - root - INFO - Train Results | R²: 0.9954 | RMSE: 0.0019 | IC: 0.9979 | RankIC: 0.9949
2026-03-25 02:01:06,238 - root - INFO - Epoch of Causal-TSF[118/10000],
2026-03-25 02:01:06,238 - root - INFO - Train Results | R²: 0.9949 | RMSE: 0.0020 | IC: 0.9982 | RankIC: 0.9964
2026-03-25 02:01:06,268 - root - INFO - Epoch of Causal-TSF[119/10000],
2026-03-25 02:01:06,268 - root - INFO - Train Results | R²: 0.9956 | RMSE: 0.0019 | IC: 0.9983 | RankIC: 0.9946
2026-03-25 02:01:06,298 - root - INFO - Epoch of Causal-TSF[120/10000],
2026-03-25 02:01:06,298 - root - INFO - Train Results | R²: 0.9948 | RMSE: 0.0020 | IC: 0.9977 | RankIC: 0.9937
2026-03-25 02:01:06,328 - root - INFO - Epoch of Causal-TSF[121/10000],
2026-03-25 02:01:06,328 - root - INFO - Train Results | R²: 0.9945 | RMSE: 0.0021 | IC: 0.9975 | RankIC: 0.9940
2026-03-25 02:01:06,357 - root - INFO - Epoch of Causal-TSF[122/10000],
2026-03-25 02:01:06,358 - root - INFO - Train Results | R²: 0.9967 | RMSE: 0.0016 | IC: 0.9984 | RankIC: 0.9965
2026-03-25 02:01:06,386 - root - INFO - Epoch of Causal-TSF[123/10000],
2026-03-25 02:01:06,386 - root - INFO - Train Results | R²: 0.9963 | RMSE: 0.0017 | IC: 0.9982 | RankIC: 0.9968
2026-03-25 02:01:06,416 - root - INFO - Epoch of Causal-TSF[124/10000],
2026-03-25 02:01:06,416 - root - INFO - Train Results | R²: 0.9961 | RMSE: 0.0018 | IC: 0.9982 | RankIC: 0.9946
2026-03-25 02:01:06,445 - root - INFO - Epoch of Causal-TSF[125/10000],
2026-03-25 02:01:06,445 - root - INFO - Train Results | R²: 0.9946 | RMSE: 0.0021 | IC: 0.9977 | RankIC: 0.9950
2026-03-25 02:01:06,476 - root - INFO - Epoch of Causal-TSF[126/10000],
2026-03-25 02:01:06,476 - root - INFO - Train Results | R²: 0.9963 | RMSE: 0.0017 | IC: 0.9985 | RankIC: 0.9959
2026-03-25 02:01:06,507 - root - INFO - Epoch of Causal-TSF[127/10000],
2026-03-25 02:01:06,507 - root - INFO - Train Results | R²: 0.9956 | RMSE: 0.0019 | IC: 0.9981 | RankIC: 0.9952
2026-03-25 02:01:06,537 - root - INFO - Epoch of Causal-TSF[128/10000],
2026-03-25 02:01:06,537 - root - INFO - Train Results | R²: 0.9954 | RMSE: 0.0019 | IC: 0.9981 | RankIC: 0.9960
2026-03-25 02:01:06,565 - root - INFO - Epoch of Causal-TSF[129/10000],
2026-03-25 02:01:06,565 - root - INFO - Train Results | R²: 0.9965 | RMSE: 0.0017 | IC: 0.9983 | RankIC: 0.9965
2026-03-25 02:01:06,594 - root - INFO - Epoch of Causal-TSF[130/10000],
2026-03-25 02:01:06,594 - root - INFO - Train Results | R²: 0.9968 | RMSE: 0.0016 | IC: 0.9984 | RankIC: 0.9961
2026-03-25 02:01:06,623 - root - INFO - Epoch of Causal-TSF[131/10000],
2026-03-25 02:01:06,623 - root - INFO - Train Results | R²: 0.9962 | RMSE: 0.0017 | IC: 0.9981 | RankIC: 0.9964
2026-03-25 02:01:06,652 - root - INFO - Epoch of Causal-TSF[132/10000],
2026-03-25 02:01:06,652 - root - INFO - Train Results | R²: 0.9957 | RMSE: 0.0018 | IC: 0.9980 | RankIC: 0.9937
2026-03-25 02:01:06,680 - root - INFO - Epoch of Causal-TSF[133/10000],
2026-03-25 02:01:06,681 - root - INFO - Train Results | R²: 0.9961 | RMSE: 0.0018 | IC: 0.9981 | RankIC: 0.9951
2026-03-25 02:01:06,708 - root - INFO - Epoch of Causal-TSF[134/10000],
2026-03-25 02:01:06,708 - root - INFO - Train Results | R²: 0.9959 | RMSE: 0.0018 | IC: 0.9980 | RankIC: 0.9953
2026-03-25 02:01:06,736 - root - INFO - Epoch of Causal-TSF[135/10000],
2026-03-25 02:01:06,736 - root - INFO - Train Results | R²: 0.9957 | RMSE: 0.0019 | IC: 0.9979 | RankIC: 0.9950
2026-03-25 02:01:06,767 - root - INFO - Epoch of Causal-TSF[136/10000],
2026-03-25 02:01:06,767 - root - INFO - Train Results | R²: 0.9973 | RMSE: 0.0015 | IC: 0.9987 | RankIC: 0.9973
2026-03-25 02:01:06,796 - root - INFO - Epoch of Causal-TSF[137/10000],
2026-03-25 02:01:06,796 - root - INFO - Train Results | R²: 0.9961 | RMSE: 0.0018 | IC: 0.9981 | RankIC: 0.9950
2026-03-25 02:01:06,825 - root - INFO - Epoch of Causal-TSF[138/10000],
2026-03-25 02:01:06,825 - root - INFO - Train Results | R²: 0.9961 | RMSE: 0.0018 | IC: 0.9981 | RankIC: 0.9951
2026-03-25 02:01:06,856 - root - INFO - Epoch of Causal-TSF[139/10000],
2026-03-25 02:01:06,856 - root - INFO - Train Results | R²: 0.9962 | RMSE: 0.0018 | IC: 0.9981 | RankIC: 0.9955
2026-03-25 02:01:06,886 - root - INFO - Epoch of Causal-TSF[140/10000],
2026-03-25 02:01:06,887 - root - INFO - Train Results | R²: 0.9971 | RMSE: 0.0015 | IC: 0.9985 | RankIC: 0.9969
2026-03-25 02:01:06,916 - root - INFO - Epoch of Causal-TSF[141/10000],
2026-03-25 02:01:06,916 - root - INFO - Train Results | R²: 0.9961 | RMSE: 0.0018 | IC: 0.9982 | RankIC: 0.9953
2026-03-25 02:01:06,946 - root - INFO - Epoch of Causal-TSF[142/10000],
2026-03-25 02:01:06,946 - root - INFO - Train Results | R²: 0.9949 | RMSE: 0.0020 | IC: 0.9976 | RankIC: 0.9946
2026-03-25 02:01:06,976 - root - INFO - Epoch of Causal-TSF[143/10000],
2026-03-25 02:01:06,976 - root - INFO - Train Results | R²: 0.9952 | RMSE: 0.0020 | IC: 0.9979 | RankIC: 0.9955
2026-03-25 02:01:07,006 - root - INFO - Epoch of Causal-TSF[144/10000],
2026-03-25 02:01:07,006 - root - INFO - Train Results | R²: 0.9964 | RMSE: 0.0017 | IC: 0.9985 | RankIC: 0.9957
2026-03-25 02:01:07,038 - root - INFO - Epoch of Causal-TSF[145/10000],
2026-03-25 02:01:07,038 - root - INFO - Train Results | R²: 0.9946 | RMSE: 0.0021 | IC: 0.9979 | RankIC: 0.9959
2026-03-25 02:01:07,068 - root - INFO - Epoch of Causal-TSF[146/10000],
2026-03-25 02:01:07,068 - root - INFO - Train Results | R²: 0.9948 | RMSE: 0.0020 | IC: 0.9977 | RankIC: 0.9954
2026-03-25 02:01:07,102 - root - INFO - Epoch of Causal-TSF[147/10000],
2026-03-25 02:01:07,102 - root - INFO - Train Results | R²: 0.9955 | RMSE: 0.0019 | IC: 0.9978 | RankIC: 0.9947
2026-03-25 02:01:07,135 - root - INFO - Epoch of Causal-TSF[148/10000],
2026-03-25 02:01:07,135 - root - INFO - Train Results | R²: 0.9961 | RMSE: 0.0018 | IC: 0.9981 | RankIC: 0.9955
2026-03-25 02:01:07,168 - root - INFO - Epoch of Causal-TSF[149/10000],
2026-03-25 02:01:07,168 - root - INFO - Train Results | R²: 0.9963 | RMSE: 0.0017 | IC: 0.9983 | RankIC: 0.9964
2026-03-25 02:01:07,200 - root - INFO - Epoch of Causal-TSF[150/10000],
2026-03-25 02:01:07,200 - root - INFO - Train Results | R²: 0.9965 | RMSE: 0.0017 | IC: 0.9984 | RankIC: 0.9967
2026-03-25 02:01:07,233 - root - INFO - Epoch of Causal-TSF[151/10000],
2026-03-25 02:01:07,233 - root - INFO - Train Results | R²: 0.9961 | RMSE: 0.0018 | IC: 0.9983 | RankIC: 0.9964
2026-03-25 02:01:07,265 - root - INFO - Epoch of Causal-TSF[152/10000],
2026-03-25 02:01:07,265 - root - INFO - Train Results | R²: 0.9957 | RMSE: 0.0019 | IC: 0.9981 | RankIC: 0.9953
2026-03-25 02:01:07,297 - root - INFO - Epoch of Causal-TSF[153/10000],
2026-03-25 02:01:07,297 - root - INFO - Train Results | R²: 0.9970 | RMSE: 0.0015 | IC: 0.9985 | RankIC: 0.9963
2026-03-25 02:01:07,328 - root - INFO - Epoch of Causal-TSF[154/10000],
2026-03-25 02:01:07,329 - root - INFO - Train Results | R²: 0.9963 | RMSE: 0.0017 | IC: 0.9982 | RankIC: 0.9943
2026-03-25 02:01:07,360 - root - INFO - Epoch of Causal-TSF[155/10000],
2026-03-25 02:01:07,360 - root - INFO - Train Results | R²: 0.9960 | RMSE: 0.0018 | IC: 0.9981 | RankIC: 0.9950
2026-03-25 02:01:07,393 - root - INFO - Epoch of Causal-TSF[156/10000],
2026-03-25 02:01:07,394 - root - INFO - Train Results | R²: 0.9954 | RMSE: 0.0019 | IC: 0.9978 | RankIC: 0.9957
2026-03-25 02:01:07,424 - root - INFO - Epoch of Causal-TSF[157/10000],
2026-03-25 02:01:07,424 - root - INFO - Train Results | R²: 0.9956 | RMSE: 0.0019 | IC: 0.9980 | RankIC: 0.9959
2026-03-25 02:01:07,459 - root - INFO - Epoch of Causal-TSF[158/10000],
2026-03-25 02:01:07,459 - root - INFO - Train Results | R²: 0.9958 | RMSE: 0.0018 | IC: 0.9980 | RankIC: 0.9950
2026-03-25 02:01:07,491 - root - INFO - Epoch of Causal-TSF[159/10000],
2026-03-25 02:01:07,491 - root - INFO - Train Results | R²: 0.9964 | RMSE: 0.0017 | IC: 0.9983 | RankIC: 0.9965
2026-03-25 02:01:07,524 - root - INFO - Epoch of Causal-TSF[160/10000],
2026-03-25 02:01:07,524 - root - INFO - Train Results | R²: 0.9962 | RMSE: 0.0017 | IC: 0.9981 | RankIC: 0.9961
2026-03-25 02:01:07,558 - root - INFO - Epoch of Causal-TSF[161/10000],
2026-03-25 02:01:07,558 - root - INFO - Train Results | R²: 0.9963 | RMSE: 0.0017 | IC: 0.9982 | RankIC: 0.9959
2026-03-25 02:01:07,589 - root - INFO - Epoch of Causal-TSF[162/10000],
2026-03-25 02:01:07,589 - root - INFO - Train Results | R²: 0.9969 | RMSE: 0.0016 | IC: 0.9985 | RankIC: 0.9964
2026-03-25 02:01:07,619 - root - INFO - Epoch of Causal-TSF[163/10000],
2026-03-25 02:01:07,619 - root - INFO - Train Results | R²: 0.9962 | RMSE: 0.0017 | IC: 0.9983 | RankIC: 0.9958
2026-03-25 02:01:07,651 - root - INFO - Epoch of Causal-TSF[164/10000],
2026-03-25 02:01:07,651 - root - INFO - Train Results | R²: 0.9963 | RMSE: 0.0017 | IC: 0.9984 | RankIC: 0.9963
2026-03-25 02:01:07,683 - root - INFO - Epoch of Causal-TSF[165/10000],
2026-03-25 02:01:07,684 - root - INFO - Train Results | R²: 0.9968 | RMSE: 0.0016 | IC: 0.9985 | RankIC: 0.9969
2026-03-25 02:01:07,715 - root - INFO - Epoch of Causal-TSF[166/10000],
2026-03-25 02:01:07,715 - root - INFO - Train Results | R²: 0.9970 | RMSE: 0.0016 | IC: 0.9985 | RankIC: 0.9966
2026-03-25 02:01:07,748 - root - INFO - Epoch of Causal-TSF[167/10000],
2026-03-25 02:01:07,748 - root - INFO - Train Results | R²: 0.9969 | RMSE: 0.0016 | IC: 0.9985 | RankIC: 0.9963
2026-03-25 02:01:07,782 - root - INFO - Epoch of Causal-TSF[168/10000],
2026-03-25 02:01:07,782 - root - INFO - Train Results | R²: 0.9974 | RMSE: 0.0014 | IC: 0.9988 | RankIC: 0.9967
2026-03-25 02:01:07,814 - root - INFO - Epoch of Causal-TSF[169/10000],
2026-03-25 02:01:07,815 - root - INFO - Train Results | R²: 0.9962 | RMSE: 0.0017 | IC: 0.9981 | RankIC: 0.9960
2026-03-25 02:01:07,847 - root - INFO - Epoch of Causal-TSF[170/10000],
2026-03-25 02:01:07,847 - root - INFO - Train Results | R²: 0.9964 | RMSE: 0.0017 | IC: 0.9982 | RankIC: 0.9959
2026-03-25 02:01:07,880 - root - INFO - Epoch of Causal-TSF[171/10000],
2026-03-25 02:01:07,880 - root - INFO - Train Results | R²: 0.9963 | RMSE: 0.0017 | IC: 0.9982 | RankIC: 0.9957
2026-03-25 02:01:07,916 - root - INFO - Epoch of Causal-TSF[172/10000],
2026-03-25 02:01:07,916 - root - INFO - Train Results | R²: 0.9959 | RMSE: 0.0018 | IC: 0.9980 | RankIC: 0.9961
2026-03-25 02:01:07,948 - root - INFO - Epoch of Causal-TSF[173/10000],
2026-03-25 02:01:07,948 - root - INFO - Train Results | R²: 0.9960 | RMSE: 0.0018 | IC: 0.9985 | RankIC: 0.9958
2026-03-25 02:01:07,982 - root - INFO - Early stopping triggered at epoch 174. No improvement for 100 epochs.
2026-03-25 02:01:07,998 - root - INFO - Run 5 Test Results | R²: -0.2622 | RMSE: 0.0437 | IC: -0.1645 | RankIC: 0.0247
2026-03-25 02:01:07,998 - root - INFO - 
2026-03-25 02:01:07,998 - root - INFO - ============================================================
2026-03-25 02:01:07,998 - root - INFO - Causal-TSF Run 6/30 Starting...
2026-03-25 02:01:07,999 - root - INFO - ============================================================
2026-03-25 02:01:08,042 - root - INFO - Epoch of Causal-TSF[1/10000],
2026-03-25 02:01:08,043 - root - INFO - Train Results | R²: -67.1560 | RMSE: 0.2336 | IC: -0.0015 | RankIC: 0.0230
2026-03-25 02:01:08,080 - root - INFO - Epoch of Causal-TSF[2/10000],
2026-03-25 02:01:08,080 - root - INFO - Train Results | R²: -39.8841 | RMSE: 0.1809 | IC: 0.0074 | RankIC: 0.0600
2026-03-25 02:01:08,115 - root - INFO - Epoch of Causal-TSF[3/10000],
2026-03-25 02:01:08,116 - root - INFO - Train Results | R²: -18.1916 | RMSE: 0.1239 | IC: 0.0131 | RankIC: 0.0658
2026-03-25 02:01:08,152 - root - INFO - Epoch of Causal-TSF[4/10000],
2026-03-25 02:01:08,152 - root - INFO - Train Results | R²: -3.2522 | RMSE: 0.0583 | IC: 0.0325 | RankIC: 0.0678
2026-03-25 02:01:08,188 - root - INFO - Epoch of Causal-TSF[5/10000],
2026-03-25 02:01:08,188 - root - INFO - Train Results | R²: -3.0257 | RMSE: 0.0568 | IC: 0.0752 | RankIC: 0.0334
2026-03-25 02:01:08,227 - root - INFO - Epoch of Causal-TSF[6/10000],
2026-03-25 02:01:08,227 - root - INFO - Train Results | R²: -1.6453 | RMSE: 0.0460 | IC: 0.1942 | RankIC: 0.1088
2026-03-25 02:01:08,263 - root - INFO - Epoch of Causal-TSF[7/10000],
2026-03-25 02:01:08,263 - root - INFO - Train Results | R²: -1.3508 | RMSE: 0.0434 | IC: 0.3314 | RankIC: 0.3245
2026-03-25 02:01:08,300 - root - INFO - Epoch of Causal-TSF[8/10000],
2026-03-25 02:01:08,300 - root - INFO - Train Results | R²: 0.0773 | RMSE: 0.0272 | IC: 0.4167 | RankIC: 0.3661
2026-03-25 02:01:08,332 - root - INFO - Epoch of Causal-TSF[9/10000],
2026-03-25 02:01:08,332 - root - INFO - Train Results | R²: -0.3302 | RMSE: 0.0326 | IC: 0.6438 | RankIC: 0.5405
2026-03-25 02:01:08,364 - root - INFO - Epoch of Causal-TSF[10/10000],
2026-03-25 02:01:08,364 - root - INFO - Train Results | R²: 0.3916 | RMSE: 0.0221 | IC: 0.6534 | RankIC: 0.5319
2026-03-25 02:01:08,392 - root - INFO - Epoch of Causal-TSF[11/10000],
2026-03-25 02:01:08,392 - root - INFO - Train Results | R²: 0.2039 | RMSE: 0.0252 | IC: 0.8150 | RankIC: 0.7106
2026-03-25 02:01:08,426 - root - INFO - Epoch of Causal-TSF[12/10000],
2026-03-25 02:01:08,426 - root - INFO - Train Results | R²: 0.5796 | RMSE: 0.0183 | IC: 0.8100 | RankIC: 0.7478
2026-03-25 02:01:08,453 - root - INFO - Epoch of Causal-TSF[13/10000],
2026-03-25 02:01:08,453 - root - INFO - Train Results | R²: 0.5788 | RMSE: 0.0184 | IC: 0.8880 | RankIC: 0.8415
2026-03-25 02:01:08,485 - root - INFO - Epoch of Causal-TSF[14/10000],
2026-03-25 02:01:08,485 - root - INFO - Train Results | R²: 0.7369 | RMSE: 0.0145 | IC: 0.8994 | RankIC: 0.8315
2026-03-25 02:01:08,516 - root - INFO - Epoch of Causal-TSF[15/10000],
2026-03-25 02:01:08,517 - root - INFO - Train Results | R²: 0.7463 | RMSE: 0.0143 | IC: 0.9231 | RankIC: 0.8775
2026-03-25 02:01:08,549 - root - INFO - Epoch of Causal-TSF[16/10000],
2026-03-25 02:01:08,549 - root - INFO - Train Results | R²: 0.8360 | RMSE: 0.0115 | IC: 0.9390 | RankIC: 0.9184
2026-03-25 02:01:08,581 - root - INFO - Epoch of Causal-TSF[17/10000],
2026-03-25 02:01:08,581 - root - INFO - Train Results | R²: 0.8673 | RMSE: 0.0103 | IC: 0.9558 | RankIC: 0.9283
2026-03-25 02:01:08,613 - root - INFO - Epoch of Causal-TSF[18/10000],
2026-03-25 02:01:08,613 - root - INFO - Train Results | R²: 0.9159 | RMSE: 0.0082 | IC: 0.9681 | RankIC: 0.9458
2026-03-25 02:01:08,645 - root - INFO - Epoch of Causal-TSF[19/10000],
2026-03-25 02:01:08,645 - root - INFO - Train Results | R²: 0.9334 | RMSE: 0.0073 | IC: 0.9760 | RankIC: 0.9569
2026-03-25 02:01:08,678 - root - INFO - Epoch of Causal-TSF[20/10000],
2026-03-25 02:01:08,678 - root - INFO - Train Results | R²: 0.9513 | RMSE: 0.0062 | IC: 0.9804 | RankIC: 0.9667
2026-03-25 02:01:08,710 - root - INFO - Epoch of Causal-TSF[21/10000],
2026-03-25 02:01:08,710 - root - INFO - Train Results | R²: 0.9591 | RMSE: 0.0057 | IC: 0.9847 | RankIC: 0.9723
2026-03-25 02:01:08,742 - root - INFO - Epoch of Causal-TSF[22/10000],
2026-03-25 02:01:08,742 - root - INFO - Train Results | R²: 0.9740 | RMSE: 0.0046 | IC: 0.9883 | RankIC: 0.9793
2026-03-25 02:01:08,774 - root - INFO - Epoch of Causal-TSF[23/10000],
2026-03-25 02:01:08,774 - root - INFO - Train Results | R²: 0.9797 | RMSE: 0.0040 | IC: 0.9913 | RankIC: 0.9840
2026-03-25 02:01:08,805 - root - INFO - Epoch of Causal-TSF[24/10000],
2026-03-25 02:01:08,806 - root - INFO - Train Results | R²: 0.9858 | RMSE: 0.0034 | IC: 0.9935 | RankIC: 0.9903
2026-03-25 02:01:08,837 - root - INFO - Epoch of Causal-TSF[25/10000],
2026-03-25 02:01:08,838 - root - INFO - Train Results | R²: 0.9868 | RMSE: 0.0032 | IC: 0.9940 | RankIC: 0.9899
2026-03-25 02:01:08,870 - root - INFO - Epoch of Causal-TSF[26/10000],
2026-03-25 02:01:08,870 - root - INFO - Train Results | R²: 0.9897 | RMSE: 0.0029 | IC: 0.9950 | RankIC: 0.9909
2026-03-25 02:01:08,902 - root - INFO - Epoch of Causal-TSF[27/10000],
2026-03-25 02:01:08,902 - root - INFO - Train Results | R²: 0.9925 | RMSE: 0.0025 | IC: 0.9963 | RankIC: 0.9930
2026-03-25 02:01:08,930 - root - INFO - Epoch of Causal-TSF[28/10000],
2026-03-25 02:01:08,930 - root - INFO - Train Results | R²: 0.9932 | RMSE: 0.0023 | IC: 0.9967 | RankIC: 0.9955
2026-03-25 02:01:08,961 - root - INFO - Epoch of Causal-TSF[29/10000],
2026-03-25 02:01:08,961 - root - INFO - Train Results | R²: 0.9938 | RMSE: 0.0022 | IC: 0.9969 | RankIC: 0.9948
2026-03-25 02:01:08,991 - root - INFO - Epoch of Causal-TSF[30/10000],
2026-03-25 02:01:08,992 - root - INFO - Train Results | R²: 0.9946 | RMSE: 0.0021 | IC: 0.9973 | RankIC: 0.9955
2026-03-25 02:01:09,021 - root - INFO - Epoch of Causal-TSF[31/10000],
2026-03-25 02:01:09,021 - root - INFO - Train Results | R²: 0.9945 | RMSE: 0.0021 | IC: 0.9974 | RankIC: 0.9951
2026-03-25 02:01:09,054 - root - INFO - Epoch of Causal-TSF[32/10000],
2026-03-25 02:01:09,054 - root - INFO - Train Results | R²: 0.9951 | RMSE: 0.0020 | IC: 0.9975 | RankIC: 0.9952
2026-03-25 02:01:09,087 - root - INFO - Epoch of Causal-TSF[33/10000],
2026-03-25 02:01:09,087 - root - INFO - Train Results | R²: 0.9946 | RMSE: 0.0021 | IC: 0.9974 | RankIC: 0.9950
2026-03-25 02:01:09,119 - root - INFO - Epoch of Causal-TSF[34/10000],
2026-03-25 02:01:09,119 - root - INFO - Train Results | R²: 0.9951 | RMSE: 0.0020 | IC: 0.9978 | RankIC: 0.9962
2026-03-25 02:01:09,152 - root - INFO - Epoch of Causal-TSF[35/10000],
2026-03-25 02:01:09,152 - root - INFO - Train Results | R²: 0.9951 | RMSE: 0.0020 | IC: 0.9978 | RankIC: 0.9945
2026-03-25 02:01:09,186 - root - INFO - Epoch of Causal-TSF[36/10000],
2026-03-25 02:01:09,186 - root - INFO - Train Results | R²: 0.9949 | RMSE: 0.0020 | IC: 0.9975 | RankIC: 0.9970
2026-03-25 02:01:09,222 - root - INFO - Epoch of Causal-TSF[37/10000],
2026-03-25 02:01:09,222 - root - INFO - Train Results | R²: 0.9967 | RMSE: 0.0016 | IC: 0.9983 | RankIC: 0.9969
2026-03-25 02:01:09,255 - root - INFO - Epoch of Causal-TSF[38/10000],
2026-03-25 02:01:09,255 - root - INFO - Train Results | R²: 0.9970 | RMSE: 0.0016 | IC: 0.9985 | RankIC: 0.9969
2026-03-25 02:01:09,288 - root - INFO - Epoch of Causal-TSF[39/10000],
2026-03-25 02:01:09,288 - root - INFO - Train Results | R²: 0.9946 | RMSE: 0.0021 | IC: 0.9974 | RankIC: 0.9941
2026-03-25 02:01:09,321 - root - INFO - Epoch of Causal-TSF[40/10000],
2026-03-25 02:01:09,321 - root - INFO - Train Results | R²: 0.9962 | RMSE: 0.0017 | IC: 0.9981 | RankIC: 0.9957
2026-03-25 02:01:09,353 - root - INFO - Epoch of Causal-TSF[41/10000],
2026-03-25 02:01:09,353 - root - INFO - Train Results | R²: 0.9963 | RMSE: 0.0017 | IC: 0.9982 | RankIC: 0.9949
2026-03-25 02:01:09,385 - root - INFO - Epoch of Causal-TSF[42/10000],
2026-03-25 02:01:09,385 - root - INFO - Train Results | R²: 0.9962 | RMSE: 0.0017 | IC: 0.9981 | RankIC: 0.9959
2026-03-25 02:01:09,417 - root - INFO - Epoch of Causal-TSF[43/10000],
2026-03-25 02:01:09,417 - root - INFO - Train Results | R²: 0.9952 | RMSE: 0.0020 | IC: 0.9977 | RankIC: 0.9945
2026-03-25 02:01:09,450 - root - INFO - Epoch of Causal-TSF[44/10000],
2026-03-25 02:01:09,450 - root - INFO - Train Results | R²: 0.9967 | RMSE: 0.0016 | IC: 0.9984 | RankIC: 0.9961
2026-03-25 02:01:09,482 - root - INFO - Epoch of Causal-TSF[45/10000],
2026-03-25 02:01:09,482 - root - INFO - Train Results | R²: 0.9956 | RMSE: 0.0019 | IC: 0.9978 | RankIC: 0.9959
2026-03-25 02:01:09,514 - root - INFO - Epoch of Causal-TSF[46/10000],
2026-03-25 02:01:09,514 - root - INFO - Train Results | R²: 0.9960 | RMSE: 0.0018 | IC: 0.9982 | RankIC: 0.9967
2026-03-25 02:01:09,548 - root - INFO - Epoch of Causal-TSF[47/10000],
2026-03-25 02:01:09,548 - root - INFO - Train Results | R²: 0.9958 | RMSE: 0.0018 | IC: 0.9980 | RankIC: 0.9955
2026-03-25 02:01:09,580 - root - INFO - Epoch of Causal-TSF[48/10000],
2026-03-25 02:01:09,580 - root - INFO - Train Results | R²: 0.9971 | RMSE: 0.0015 | IC: 0.9986 | RankIC: 0.9971
2026-03-25 02:01:09,612 - root - INFO - Epoch of Causal-TSF[49/10000],
2026-03-25 02:01:09,612 - root - INFO - Train Results | R²: 0.9954 | RMSE: 0.0019 | IC: 0.9978 | RankIC: 0.9943
2026-03-25 02:01:09,646 - root - INFO - Epoch of Causal-TSF[50/10000],
2026-03-25 02:01:09,646 - root - INFO - Train Results | R²: 0.9962 | RMSE: 0.0018 | IC: 0.9982 | RankIC: 0.9961
2026-03-25 02:01:09,680 - root - INFO - Epoch of Causal-TSF[51/10000],
2026-03-25 02:01:09,680 - root - INFO - Train Results | R²: 0.9959 | RMSE: 0.0018 | IC: 0.9980 | RankIC: 0.9958
2026-03-25 02:01:09,713 - root - INFO - Epoch of Causal-TSF[52/10000],
2026-03-25 02:01:09,713 - root - INFO - Train Results | R²: 0.9960 | RMSE: 0.0018 | IC: 0.9981 | RankIC: 0.9958
2026-03-25 02:01:09,746 - root - INFO - Epoch of Causal-TSF[53/10000],
2026-03-25 02:01:09,746 - root - INFO - Train Results | R²: 0.9966 | RMSE: 0.0016 | IC: 0.9985 | RankIC: 0.9959
2026-03-25 02:01:09,779 - root - INFO - Epoch of Causal-TSF[54/10000],
2026-03-25 02:01:09,779 - root - INFO - Train Results | R²: 0.9961 | RMSE: 0.0018 | IC: 0.9985 | RankIC: 0.9971
2026-03-25 02:01:09,811 - root - INFO - Epoch of Causal-TSF[55/10000],
2026-03-25 02:01:09,811 - root - INFO - Train Results | R²: 0.9959 | RMSE: 0.0018 | IC: 0.9980 | RankIC: 0.9962
2026-03-25 02:01:09,842 - root - INFO - Epoch of Causal-TSF[56/10000],
2026-03-25 02:01:09,842 - root - INFO - Train Results | R²: 0.9958 | RMSE: 0.0018 | IC: 0.9982 | RankIC: 0.9972
2026-03-25 02:01:09,873 - root - INFO - Epoch of Causal-TSF[57/10000],
2026-03-25 02:01:09,873 - root - INFO - Train Results | R²: 0.9949 | RMSE: 0.0020 | IC: 0.9979 | RankIC: 0.9958
2026-03-25 02:01:09,903 - root - INFO - Epoch of Causal-TSF[58/10000],
2026-03-25 02:01:09,904 - root - INFO - Train Results | R²: 0.9942 | RMSE: 0.0022 | IC: 0.9974 | RankIC: 0.9949
2026-03-25 02:01:09,934 - root - INFO - Epoch of Causal-TSF[59/10000],
2026-03-25 02:01:09,934 - root - INFO - Train Results | R²: 0.9949 | RMSE: 0.0020 | IC: 0.9975 | RankIC: 0.9942
2026-03-25 02:01:09,965 - root - INFO - Epoch of Causal-TSF[60/10000],
2026-03-25 02:01:09,965 - root - INFO - Train Results | R²: 0.9954 | RMSE: 0.0019 | IC: 0.9980 | RankIC: 0.9940
2026-03-25 02:01:09,993 - root - INFO - Epoch of Causal-TSF[61/10000],
2026-03-25 02:01:09,993 - root - INFO - Train Results | R²: 0.9946 | RMSE: 0.0021 | IC: 0.9979 | RankIC: 0.9957
2026-03-25 02:01:10,023 - root - INFO - Epoch of Causal-TSF[62/10000],
2026-03-25 02:01:10,023 - root - INFO - Train Results | R²: 0.9958 | RMSE: 0.0018 | IC: 0.9982 | RankIC: 0.9964
2026-03-25 02:01:10,052 - root - INFO - Epoch of Causal-TSF[63/10000],
2026-03-25 02:01:10,052 - root - INFO - Train Results | R²: 0.9945 | RMSE: 0.0021 | IC: 0.9974 | RankIC: 0.9955
2026-03-25 02:01:10,081 - root - INFO - Epoch of Causal-TSF[64/10000],
2026-03-25 02:01:10,081 - root - INFO - Train Results | R²: 0.9955 | RMSE: 0.0019 | IC: 0.9979 | RankIC: 0.9949
2026-03-25 02:01:10,110 - root - INFO - Epoch of Causal-TSF[65/10000],
2026-03-25 02:01:10,110 - root - INFO - Train Results | R²: 0.9950 | RMSE: 0.0020 | IC: 0.9976 | RankIC: 0.9946
2026-03-25 02:01:10,144 - root - INFO - Epoch of Causal-TSF[66/10000],
2026-03-25 02:01:10,144 - root - INFO - Train Results | R²: 0.9950 | RMSE: 0.0020 | IC: 0.9978 | RankIC: 0.9963
2026-03-25 02:01:10,179 - root - INFO - Epoch of Causal-TSF[67/10000],
2026-03-25 02:01:10,179 - root - INFO - Train Results | R²: 0.9939 | RMSE: 0.0022 | IC: 0.9975 | RankIC: 0.9948
2026-03-25 02:01:10,214 - root - INFO - Epoch of Causal-TSF[68/10000],
2026-03-25 02:01:10,214 - root - INFO - Train Results | R²: 0.9952 | RMSE: 0.0020 | IC: 0.9979 | RankIC: 0.9948
2026-03-25 02:01:10,245 - root - INFO - Epoch of Causal-TSF[69/10000],
2026-03-25 02:01:10,246 - root - INFO - Train Results | R²: 0.9949 | RMSE: 0.0020 | IC: 0.9976 | RankIC: 0.9950
2026-03-25 02:01:10,279 - root - INFO - Epoch of Causal-TSF[70/10000],
2026-03-25 02:01:10,279 - root - INFO - Train Results | R²: 0.9963 | RMSE: 0.0017 | IC: 0.9982 | RankIC: 0.9962
2026-03-25 02:01:10,311 - root - INFO - Epoch of Causal-TSF[71/10000],
2026-03-25 02:01:10,311 - root - INFO - Train Results | R²: 0.9963 | RMSE: 0.0017 | IC: 0.9983 | RankIC: 0.9962
2026-03-25 02:01:10,343 - root - INFO - Epoch of Causal-TSF[72/10000],
2026-03-25 02:01:10,343 - root - INFO - Train Results | R²: 0.9954 | RMSE: 0.0019 | IC: 0.9977 | RankIC: 0.9944
2026-03-25 02:01:10,375 - root - INFO - Epoch of Causal-TSF[73/10000],
2026-03-25 02:01:10,375 - root - INFO - Train Results | R²: 0.9949 | RMSE: 0.0020 | IC: 0.9975 | RankIC: 0.9944
2026-03-25 02:01:10,406 - root - INFO - Epoch of Causal-TSF[74/10000],
2026-03-25 02:01:10,406 - root - INFO - Train Results | R²: 0.9961 | RMSE: 0.0018 | IC: 0.9981 | RankIC: 0.9950
2026-03-25 02:01:10,438 - root - INFO - Epoch of Causal-TSF[75/10000],
2026-03-25 02:01:10,439 - root - INFO - Train Results | R²: 0.9962 | RMSE: 0.0017 | IC: 0.9981 | RankIC: 0.9951
2026-03-25 02:01:10,471 - root - INFO - Epoch of Causal-TSF[76/10000],
2026-03-25 02:01:10,472 - root - INFO - Train Results | R²: 0.9961 | RMSE: 0.0018 | IC: 0.9982 | RankIC: 0.9953
2026-03-25 02:01:10,503 - root - INFO - Epoch of Causal-TSF[77/10000],
2026-03-25 02:01:10,504 - root - INFO - Train Results | R²: 0.9956 | RMSE: 0.0019 | IC: 0.9979 | RankIC: 0.9954
2026-03-25 02:01:10,537 - root - INFO - Epoch of Causal-TSF[78/10000],
2026-03-25 02:01:10,538 - root - INFO - Train Results | R²: 0.9952 | RMSE: 0.0020 | IC: 0.9977 | RankIC: 0.9928
2026-03-25 02:01:10,570 - root - INFO - Epoch of Causal-TSF[79/10000],
2026-03-25 02:01:10,570 - root - INFO - Train Results | R²: 0.9960 | RMSE: 0.0018 | IC: 0.9981 | RankIC: 0.9957
2026-03-25 02:01:10,602 - root - INFO - Epoch of Causal-TSF[80/10000],
2026-03-25 02:01:10,602 - root - INFO - Train Results | R²: 0.9957 | RMSE: 0.0018 | IC: 0.9979 | RankIC: 0.9960
2026-03-25 02:01:10,635 - root - INFO - Epoch of Causal-TSF[81/10000],
2026-03-25 02:01:10,635 - root - INFO - Train Results | R²: 0.9947 | RMSE: 0.0021 | IC: 0.9974 | RankIC: 0.9954
2026-03-25 02:01:10,667 - root - INFO - Epoch of Causal-TSF[82/10000],
2026-03-25 02:01:10,667 - root - INFO - Train Results | R²: 0.9966 | RMSE: 0.0017 | IC: 0.9984 | RankIC: 0.9963
2026-03-25 02:01:10,699 - root - INFO - Epoch of Causal-TSF[83/10000],
2026-03-25 02:01:10,700 - root - INFO - Train Results | R²: 0.9957 | RMSE: 0.0019 | IC: 0.9980 | RankIC: 0.9958
2026-03-25 02:01:10,732 - root - INFO - Epoch of Causal-TSF[84/10000],
2026-03-25 02:01:10,732 - root - INFO - Train Results | R²: 0.9953 | RMSE: 0.0019 | IC: 0.9977 | RankIC: 0.9943
2026-03-25 02:01:10,765 - root - INFO - Epoch of Causal-TSF[85/10000],
2026-03-25 02:01:10,765 - root - INFO - Train Results | R²: 0.9958 | RMSE: 0.0018 | IC: 0.9980 | RankIC: 0.9955
2026-03-25 02:01:10,797 - root - INFO - Epoch of Causal-TSF[86/10000],
2026-03-25 02:01:10,797 - root - INFO - Train Results | R²: 0.9946 | RMSE: 0.0021 | IC: 0.9974 | RankIC: 0.9949
2026-03-25 02:01:10,830 - root - INFO - Epoch of Causal-TSF[87/10000],
2026-03-25 02:01:10,830 - root - INFO - Train Results | R²: 0.9957 | RMSE: 0.0019 | IC: 0.9980 | RankIC: 0.9963
2026-03-25 02:01:10,863 - root - INFO - Epoch of Causal-TSF[88/10000],
2026-03-25 02:01:10,863 - root - INFO - Train Results | R²: 0.9953 | RMSE: 0.0019 | IC: 0.9977 | RankIC: 0.9959
2026-03-25 02:01:10,898 - root - INFO - Epoch of Causal-TSF[89/10000],
2026-03-25 02:01:10,898 - root - INFO - Train Results | R²: 0.9954 | RMSE: 0.0019 | IC: 0.9977 | RankIC: 0.9954
2026-03-25 02:01:10,930 - root - INFO - Epoch of Causal-TSF[90/10000],
2026-03-25 02:01:10,930 - root - INFO - Train Results | R²: 0.9961 | RMSE: 0.0018 | IC: 0.9981 | RankIC: 0.9962
2026-03-25 02:01:10,965 - root - INFO - Epoch of Causal-TSF[91/10000],
2026-03-25 02:01:10,965 - root - INFO - Train Results | R²: 0.9938 | RMSE: 0.0022 | IC: 0.9971 | RankIC: 0.9948
2026-03-25 02:01:10,996 - root - INFO - Epoch of Causal-TSF[92/10000],
2026-03-25 02:01:10,996 - root - INFO - Train Results | R²: 0.9940 | RMSE: 0.0022 | IC: 0.9971 | RankIC: 0.9934
2026-03-25 02:01:11,028 - root - INFO - Epoch of Causal-TSF[93/10000],
2026-03-25 02:01:11,028 - root - INFO - Train Results | R²: 0.9958 | RMSE: 0.0018 | IC: 0.9983 | RankIC: 0.9962
2026-03-25 02:01:11,062 - root - INFO - Epoch of Causal-TSF[94/10000],
2026-03-25 02:01:11,062 - root - INFO - Train Results | R²: 0.9954 | RMSE: 0.0019 | IC: 0.9982 | RankIC: 0.9966
2026-03-25 02:01:11,096 - root - INFO - Epoch of Causal-TSF[95/10000],
2026-03-25 02:01:11,096 - root - INFO - Train Results | R²: 0.9959 | RMSE: 0.0018 | IC: 0.9983 | RankIC: 0.9956
2026-03-25 02:01:11,128 - root - INFO - Epoch of Causal-TSF[96/10000],
2026-03-25 02:01:11,128 - root - INFO - Train Results | R²: 0.9941 | RMSE: 0.0022 | IC: 0.9976 | RankIC: 0.9954
2026-03-25 02:01:11,161 - root - INFO - Epoch of Causal-TSF[97/10000],
2026-03-25 02:01:11,161 - root - INFO - Train Results | R²: 0.9933 | RMSE: 0.0023 | IC: 0.9974 | RankIC: 0.9938
2026-03-25 02:01:11,194 - root - INFO - Epoch of Causal-TSF[98/10000],
2026-03-25 02:01:11,194 - root - INFO - Train Results | R²: 0.9949 | RMSE: 0.0020 | IC: 0.9978 | RankIC: 0.9952
2026-03-25 02:01:11,227 - root - INFO - Epoch of Causal-TSF[99/10000],
2026-03-25 02:01:11,227 - root - INFO - Train Results | R²: 0.9948 | RMSE: 0.0020 | IC: 0.9975 | RankIC: 0.9947
2026-03-25 02:01:11,260 - root - INFO - Epoch of Causal-TSF[100/10000],
2026-03-25 02:01:11,260 - root - INFO - Train Results | R²: 0.9951 | RMSE: 0.0020 | IC: 0.9976 | RankIC: 0.9941
2026-03-25 02:01:11,294 - root - INFO - Epoch of Causal-TSF[101/10000],
2026-03-25 02:01:11,294 - root - INFO - Train Results | R²: 0.9958 | RMSE: 0.0018 | IC: 0.9979 | RankIC: 0.9960
2026-03-25 02:01:11,327 - root - INFO - Epoch of Causal-TSF[102/10000],
2026-03-25 02:01:11,327 - root - INFO - Train Results | R²: 0.9946 | RMSE: 0.0021 | IC: 0.9973 | RankIC: 0.9931
2026-03-25 02:01:11,360 - root - INFO - Epoch of Causal-TSF[103/10000],
2026-03-25 02:01:11,360 - root - INFO - Train Results | R²: 0.9949 | RMSE: 0.0020 | IC: 0.9976 | RankIC: 0.9951
2026-03-25 02:01:11,394 - root - INFO - Epoch of Causal-TSF[104/10000],
2026-03-25 02:01:11,394 - root - INFO - Train Results | R²: 0.9953 | RMSE: 0.0019 | IC: 0.9977 | RankIC: 0.9954
2026-03-25 02:01:11,425 - root - INFO - Epoch of Causal-TSF[105/10000],
2026-03-25 02:01:11,425 - root - INFO - Train Results | R²: 0.9960 | RMSE: 0.0018 | IC: 0.9981 | RankIC: 0.9953
2026-03-25 02:01:11,458 - root - INFO - Epoch of Causal-TSF[106/10000],
2026-03-25 02:01:11,459 - root - INFO - Train Results | R²: 0.9953 | RMSE: 0.0019 | IC: 0.9978 | RankIC: 0.9961
2026-03-25 02:01:11,492 - root - INFO - Epoch of Causal-TSF[107/10000],
2026-03-25 02:01:11,492 - root - INFO - Train Results | R²: 0.9949 | RMSE: 0.0020 | IC: 0.9977 | RankIC: 0.9974
2026-03-25 02:01:11,525 - root - INFO - Epoch of Causal-TSF[108/10000],
2026-03-25 02:01:11,525 - root - INFO - Train Results | R²: 0.9947 | RMSE: 0.0021 | IC: 0.9977 | RankIC: 0.9943
2026-03-25 02:01:11,558 - root - INFO - Epoch of Causal-TSF[109/10000],
2026-03-25 02:01:11,558 - root - INFO - Train Results | R²: 0.9964 | RMSE: 0.0017 | IC: 0.9983 | RankIC: 0.9970
2026-03-25 02:01:11,590 - root - INFO - Epoch of Causal-TSF[110/10000],
2026-03-25 02:01:11,590 - root - INFO - Train Results | R²: 0.9963 | RMSE: 0.0017 | IC: 0.9983 | RankIC: 0.9965
2026-03-25 02:01:11,623 - root - INFO - Epoch of Causal-TSF[111/10000],
2026-03-25 02:01:11,624 - root - INFO - Train Results | R²: 0.9967 | RMSE: 0.0016 | IC: 0.9984 | RankIC: 0.9970
2026-03-25 02:01:11,656 - root - INFO - Epoch of Causal-TSF[112/10000],
2026-03-25 02:01:11,656 - root - INFO - Train Results | R²: 0.9958 | RMSE: 0.0018 | IC: 0.9979 | RankIC: 0.9958
2026-03-25 02:01:11,688 - root - INFO - Epoch of Causal-TSF[113/10000],
2026-03-25 02:01:11,688 - root - INFO - Train Results | R²: 0.9962 | RMSE: 0.0018 | IC: 0.9981 | RankIC: 0.9952
2026-03-25 02:01:11,721 - root - INFO - Epoch of Causal-TSF[114/10000],
2026-03-25 02:01:11,721 - root - INFO - Train Results | R²: 0.9962 | RMSE: 0.0018 | IC: 0.9981 | RankIC: 0.9957
2026-03-25 02:01:11,754 - root - INFO - Epoch of Causal-TSF[115/10000],
2026-03-25 02:01:11,754 - root - INFO - Train Results | R²: 0.9958 | RMSE: 0.0018 | IC: 0.9981 | RankIC: 0.9964
2026-03-25 02:01:11,787 - root - INFO - Epoch of Causal-TSF[116/10000],
2026-03-25 02:01:11,787 - root - INFO - Train Results | R²: 0.9962 | RMSE: 0.0018 | IC: 0.9983 | RankIC: 0.9956
2026-03-25 02:01:11,820 - root - INFO - Epoch of Causal-TSF[117/10000],
2026-03-25 02:01:11,820 - root - INFO - Train Results | R²: 0.9958 | RMSE: 0.0018 | IC: 0.9981 | RankIC: 0.9963
2026-03-25 02:01:11,852 - root - INFO - Epoch of Causal-TSF[118/10000],
2026-03-25 02:01:11,852 - root - INFO - Train Results | R²: 0.9946 | RMSE: 0.0021 | IC: 0.9978 | RankIC: 0.9946
2026-03-25 02:01:11,885 - root - INFO - Epoch of Causal-TSF[119/10000],
2026-03-25 02:01:11,885 - root - INFO - Train Results | R²: 0.9946 | RMSE: 0.0021 | IC: 0.9974 | RankIC: 0.9959
2026-03-25 02:01:11,918 - root - INFO - Epoch of Causal-TSF[120/10000],
2026-03-25 02:01:11,918 - root - INFO - Train Results | R²: 0.9958 | RMSE: 0.0018 | IC: 0.9979 | RankIC: 0.9957
2026-03-25 02:01:11,951 - root - INFO - Epoch of Causal-TSF[121/10000],
2026-03-25 02:01:11,951 - root - INFO - Train Results | R²: 0.9956 | RMSE: 0.0019 | IC: 0.9978 | RankIC: 0.9962
2026-03-25 02:01:11,984 - root - INFO - Epoch of Causal-TSF[122/10000],
2026-03-25 02:01:11,984 - root - INFO - Train Results | R²: 0.9960 | RMSE: 0.0018 | IC: 0.9980 | RankIC: 0.9964
2026-03-25 02:01:12,017 - root - INFO - Epoch of Causal-TSF[123/10000],
2026-03-25 02:01:12,017 - root - INFO - Train Results | R²: 0.9961 | RMSE: 0.0018 | IC: 0.9981 | RankIC: 0.9962
2026-03-25 02:01:12,051 - root - INFO - Epoch of Causal-TSF[124/10000],
2026-03-25 02:01:12,051 - root - INFO - Train Results | R²: 0.9957 | RMSE: 0.0019 | IC: 0.9979 | RankIC: 0.9958
2026-03-25 02:01:12,083 - root - INFO - Epoch of Causal-TSF[125/10000],
2026-03-25 02:01:12,083 - root - INFO - Train Results | R²: 0.9947 | RMSE: 0.0021 | IC: 0.9975 | RankIC: 0.9945
2026-03-25 02:01:12,116 - root - INFO - Epoch of Causal-TSF[126/10000],
2026-03-25 02:01:12,116 - root - INFO - Train Results | R²: 0.9956 | RMSE: 0.0019 | IC: 0.9979 | RankIC: 0.9941
2026-03-25 02:01:12,150 - root - INFO - Epoch of Causal-TSF[127/10000],
2026-03-25 02:01:12,150 - root - INFO - Train Results | R²: 0.9962 | RMSE: 0.0017 | IC: 0.9982 | RankIC: 0.9957
2026-03-25 02:01:12,182 - root - INFO - Epoch of Causal-TSF[128/10000],
2026-03-25 02:01:12,182 - root - INFO - Train Results | R²: 0.9944 | RMSE: 0.0021 | IC: 0.9974 | RankIC: 0.9944
2026-03-25 02:01:12,215 - root - INFO - Epoch of Causal-TSF[129/10000],
2026-03-25 02:01:12,215 - root - INFO - Train Results | R²: 0.9969 | RMSE: 0.0016 | IC: 0.9984 | RankIC: 0.9960
2026-03-25 02:01:12,248 - root - INFO - Epoch of Causal-TSF[130/10000],
2026-03-25 02:01:12,248 - root - INFO - Train Results | R²: 0.9966 | RMSE: 0.0016 | IC: 0.9984 | RankIC: 0.9961
2026-03-25 02:01:12,280 - root - INFO - Epoch of Causal-TSF[131/10000],
2026-03-25 02:01:12,280 - root - INFO - Train Results | R²: 0.9951 | RMSE: 0.0020 | IC: 0.9976 | RankIC: 0.9939
2026-03-25 02:01:12,313 - root - INFO - Epoch of Causal-TSF[132/10000],
2026-03-25 02:01:12,313 - root - INFO - Train Results | R²: 0.9951 | RMSE: 0.0020 | IC: 0.9978 | RankIC: 0.9956
2026-03-25 02:01:12,345 - root - INFO - Epoch of Causal-TSF[133/10000],
2026-03-25 02:01:12,345 - root - INFO - Train Results | R²: 0.9948 | RMSE: 0.0020 | IC: 0.9980 | RankIC: 0.9942
2026-03-25 02:01:12,377 - root - INFO - Epoch of Causal-TSF[134/10000],
2026-03-25 02:01:12,377 - root - INFO - Train Results | R²: 0.9948 | RMSE: 0.0020 | IC: 0.9977 | RankIC: 0.9939
2026-03-25 02:01:12,409 - root - INFO - Epoch of Causal-TSF[135/10000],
2026-03-25 02:01:12,409 - root - INFO - Train Results | R²: 0.9950 | RMSE: 0.0020 | IC: 0.9977 | RankIC: 0.9957
2026-03-25 02:01:12,441 - root - INFO - Epoch of Causal-TSF[136/10000],
2026-03-25 02:01:12,441 - root - INFO - Train Results | R²: 0.9957 | RMSE: 0.0018 | IC: 0.9981 | RankIC: 0.9956
2026-03-25 02:01:12,474 - root - INFO - Early stopping triggered at epoch 137. No improvement for 100 epochs.
2026-03-25 02:01:12,491 - root - INFO - Run 6 Test Results | R²: -0.3032 | RMSE: 0.0444 | IC: 0.1366 | RankIC: 0.0652
2026-03-25 02:01:12,491 - root - INFO - 
2026-03-25 02:01:12,491 - root - INFO - ============================================================
2026-03-25 02:01:12,491 - root - INFO - Causal-TSF Run 7/30 Starting...
2026-03-25 02:01:12,491 - root - INFO - ============================================================
2026-03-25 02:01:12,534 - root - INFO - Epoch of Causal-TSF[1/10000],
2026-03-25 02:01:12,534 - root - INFO - Train Results | R²: -0.8184 | RMSE: 0.0382 | IC: -0.0216 | RankIC: -0.0655
2026-03-25 02:01:12,571 - root - INFO - Epoch of Causal-TSF[2/10000],
2026-03-25 02:01:12,572 - root - INFO - Train Results | R²: -0.2127 | RMSE: 0.0312 | IC: 0.2484 | RankIC: 0.2106
2026-03-25 02:01:12,608 - root - INFO - Epoch of Causal-TSF[3/10000],
2026-03-25 02:01:12,608 - root - INFO - Train Results | R²: 0.0854 | RMSE: 0.0271 | IC: 0.3509 | RankIC: 0.2971
2026-03-25 02:01:12,645 - root - INFO - Epoch of Causal-TSF[4/10000],
2026-03-25 02:01:12,645 - root - INFO - Train Results | R²: 0.0989 | RMSE: 0.0269 | IC: 0.7030 | RankIC: 0.7003
2026-03-25 02:01:12,681 - root - INFO - Epoch of Causal-TSF[5/10000],
2026-03-25 02:01:12,681 - root - INFO - Train Results | R²: 0.2079 | RMSE: 0.0252 | IC: 0.7024 | RankIC: 0.7463
2026-03-25 02:01:12,716 - root - INFO - Epoch of Causal-TSF[6/10000],
2026-03-25 02:01:12,716 - root - INFO - Train Results | R²: 0.3312 | RMSE: 0.0231 | IC: 0.7503 | RankIC: 0.8077
2026-03-25 02:01:12,753 - root - INFO - Epoch of Causal-TSF[7/10000],
2026-03-25 02:01:12,753 - root - INFO - Train Results | R²: 0.4696 | RMSE: 0.0206 | IC: 0.8053 | RankIC: 0.8449
2026-03-25 02:01:12,790 - root - INFO - Epoch of Causal-TSF[8/10000],
2026-03-25 02:01:12,790 - root - INFO - Train Results | R²: 0.6203 | RMSE: 0.0174 | IC: 0.8275 | RankIC: 0.8935
2026-03-25 02:01:12,826 - root - INFO - Epoch of Causal-TSF[9/10000],
2026-03-25 02:01:12,826 - root - INFO - Train Results | R²: 0.7448 | RMSE: 0.0143 | IC: 0.8718 | RankIC: 0.9360
2026-03-25 02:01:12,863 - root - INFO - Epoch of Causal-TSF[10/10000],
2026-03-25 02:01:12,863 - root - INFO - Train Results | R²: 0.8353 | RMSE: 0.0115 | IC: 0.9182 | RankIC: 0.9615
2026-03-25 02:01:12,898 - root - INFO - Epoch of Causal-TSF[11/10000],
2026-03-25 02:01:12,898 - root - INFO - Train Results | R²: 0.8991 | RMSE: 0.0090 | IC: 0.9490 | RankIC: 0.9746
2026-03-25 02:01:12,934 - root - INFO - Epoch of Causal-TSF[12/10000],
2026-03-25 02:01:12,934 - root - INFO - Train Results | R²: 0.9325 | RMSE: 0.0073 | IC: 0.9677 | RankIC: 0.9794
2026-03-25 02:01:12,970 - root - INFO - Epoch of Causal-TSF[13/10000],
2026-03-25 02:01:12,970 - root - INFO - Train Results | R²: 0.9536 | RMSE: 0.0061 | IC: 0.9769 | RankIC: 0.9845
2026-03-25 02:01:13,005 - root - INFO - Epoch of Causal-TSF[14/10000],
2026-03-25 02:01:13,005 - root - INFO - Train Results | R²: 0.9664 | RMSE: 0.0052 | IC: 0.9831 | RankIC: 0.9883
2026-03-25 02:01:13,045 - root - INFO - Epoch of Causal-TSF[15/10000],
2026-03-25 02:01:13,045 - root - INFO - Train Results | R²: 0.9789 | RMSE: 0.0041 | IC: 0.9895 | RankIC: 0.9930
2026-03-25 02:01:13,082 - root - INFO - Epoch of Causal-TSF[16/10000],
2026-03-25 02:01:13,082 - root - INFO - Train Results | R²: 0.9860 | RMSE: 0.0034 | IC: 0.9931 | RankIC: 0.9951
2026-03-25 02:01:13,120 - root - INFO - Epoch of Causal-TSF[17/10000],
2026-03-25 02:01:13,120 - root - INFO - Train Results | R²: 0.9894 | RMSE: 0.0029 | IC: 0.9950 | RankIC: 0.9951
2026-03-25 02:01:13,157 - root - INFO - Epoch of Causal-TSF[18/10000],
2026-03-25 02:01:13,158 - root - INFO - Train Results | R²: 0.9919 | RMSE: 0.0026 | IC: 0.9962 | RankIC: 0.9965
2026-03-25 02:01:13,195 - root - INFO - Epoch of Causal-TSF[19/10000],
2026-03-25 02:01:13,196 - root - INFO - Train Results | R²: 0.9955 | RMSE: 0.0019 | IC: 0.9978 | RankIC: 0.9983
2026-03-25 02:01:13,233 - root - INFO - Epoch of Causal-TSF[20/10000],
2026-03-25 02:01:13,233 - root - INFO - Train Results | R²: 0.9973 | RMSE: 0.0015 | IC: 0.9987 | RankIC: 0.9982
2026-03-25 02:01:13,267 - root - INFO - Epoch of Causal-TSF[21/10000],
2026-03-25 02:01:13,268 - root - INFO - Train Results | R²: 0.9981 | RMSE: 0.0012 | IC: 0.9991 | RankIC: 0.9987
2026-03-25 02:01:13,302 - root - INFO - Epoch of Causal-TSF[22/10000],
2026-03-25 02:01:13,302 - root - INFO - Train Results | R²: 0.9982 | RMSE: 0.0012 | IC: 0.9991 | RankIC: 0.9979
2026-03-25 02:01:13,338 - root - INFO - Epoch of Causal-TSF[23/10000],
2026-03-25 02:01:13,339 - root - INFO - Train Results | R²: 0.9988 | RMSE: 0.0010 | IC: 0.9994 | RankIC: 0.9987
2026-03-25 02:01:13,371 - root - INFO - Epoch of Causal-TSF[24/10000],
2026-03-25 02:01:13,371 - root - INFO - Train Results | R²: 0.9987 | RMSE: 0.0010 | IC: 0.9994 | RankIC: 0.9989
2026-03-25 02:01:13,404 - root - INFO - Epoch of Causal-TSF[25/10000],
2026-03-25 02:01:13,404 - root - INFO - Train Results | R²: 0.9990 | RMSE: 0.0009 | IC: 0.9995 | RankIC: 0.9991
2026-03-25 02:01:13,436 - root - INFO - Epoch of Causal-TSF[26/10000],
2026-03-25 02:01:13,436 - root - INFO - Train Results | R²: 0.9985 | RMSE: 0.0011 | IC: 0.9992 | RankIC: 0.9989
2026-03-25 02:01:13,469 - root - INFO - Epoch of Causal-TSF[27/10000],
2026-03-25 02:01:13,469 - root - INFO - Train Results | R²: 0.9983 | RMSE: 0.0012 | IC: 0.9992 | RankIC: 0.9981
2026-03-25 02:01:13,501 - root - INFO - Epoch of Causal-TSF[28/10000],
2026-03-25 02:01:13,502 - root - INFO - Train Results | R²: 0.9988 | RMSE: 0.0010 | IC: 0.9994 | RankIC: 0.9987
2026-03-25 02:01:13,534 - root - INFO - Epoch of Causal-TSF[29/10000],
2026-03-25 02:01:13,534 - root - INFO - Train Results | R²: 0.9991 | RMSE: 0.0009 | IC: 0.9996 | RankIC: 0.9992
2026-03-25 02:01:13,567 - root - INFO - Epoch of Causal-TSF[30/10000],
2026-03-25 02:01:13,568 - root - INFO - Train Results | R²: 0.9986 | RMSE: 0.0011 | IC: 0.9993 | RankIC: 0.9983
2026-03-25 02:01:13,603 - root - INFO - Epoch of Causal-TSF[31/10000],
2026-03-25 02:01:13,603 - root - INFO - Train Results | R²: 0.9987 | RMSE: 0.0010 | IC: 0.9994 | RankIC: 0.9984
2026-03-25 02:01:13,637 - root - INFO - Epoch of Causal-TSF[32/10000],
2026-03-25 02:01:13,637 - root - INFO - Train Results | R²: 0.9985 | RMSE: 0.0011 | IC: 0.9993 | RankIC: 0.9980
2026-03-25 02:01:13,669 - root - INFO - Epoch of Causal-TSF[33/10000],
2026-03-25 02:01:13,669 - root - INFO - Train Results | R²: 0.9986 | RMSE: 0.0011 | IC: 0.9993 | RankIC: 0.9986
2026-03-25 02:01:13,703 - root - INFO - Epoch of Causal-TSF[34/10000],
2026-03-25 02:01:13,704 - root - INFO - Train Results | R²: 0.9988 | RMSE: 0.0010 | IC: 0.9994 | RankIC: 0.9988
2026-03-25 02:01:13,737 - root - INFO - Epoch of Causal-TSF[35/10000],
2026-03-25 02:01:13,737 - root - INFO - Train Results | R²: 0.9983 | RMSE: 0.0012 | IC: 0.9992 | RankIC: 0.9987
2026-03-25 02:01:13,770 - root - INFO - Epoch of Causal-TSF[36/10000],
2026-03-25 02:01:13,770 - root - INFO - Train Results | R²: 0.9981 | RMSE: 0.0012 | IC: 0.9993 | RankIC: 0.9985
2026-03-25 02:01:13,802 - root - INFO - Epoch of Causal-TSF[37/10000],
2026-03-25 02:01:13,802 - root - INFO - Train Results | R²: 0.9984 | RMSE: 0.0011 | IC: 0.9994 | RankIC: 0.9987
2026-03-25 02:01:13,838 - root - INFO - Epoch of Causal-TSF[38/10000],
2026-03-25 02:01:13,839 - root - INFO - Train Results | R²: 0.9986 | RMSE: 0.0011 | IC: 0.9993 | RankIC: 0.9987
2026-03-25 02:01:13,871 - root - INFO - Epoch of Causal-TSF[39/10000],
2026-03-25 02:01:13,871 - root - INFO - Train Results | R²: 0.9989 | RMSE: 0.0009 | IC: 0.9995 | RankIC: 0.9989
2026-03-25 02:01:13,905 - root - INFO - Epoch of Causal-TSF[40/10000],
2026-03-25 02:01:13,906 - root - INFO - Train Results | R²: 0.9984 | RMSE: 0.0011 | IC: 0.9992 | RankIC: 0.9987
2026-03-25 02:01:13,937 - root - INFO - Epoch of Causal-TSF[41/10000],
2026-03-25 02:01:13,937 - root - INFO - Train Results | R²: 0.9985 | RMSE: 0.0011 | IC: 0.9993 | RankIC: 0.9980
2026-03-25 02:01:13,970 - root - INFO - Epoch of Causal-TSF[42/10000],
2026-03-25 02:01:13,970 - root - INFO - Train Results | R²: 0.9987 | RMSE: 0.0010 | IC: 0.9994 | RankIC: 0.9987
2026-03-25 02:01:14,003 - root - INFO - Epoch of Causal-TSF[43/10000],
2026-03-25 02:01:14,003 - root - INFO - Train Results | R²: 0.9987 | RMSE: 0.0010 | IC: 0.9994 | RankIC: 0.9986
2026-03-25 02:01:14,036 - root - INFO - Epoch of Causal-TSF[44/10000],
2026-03-25 02:01:14,036 - root - INFO - Train Results | R²: 0.9986 | RMSE: 0.0010 | IC: 0.9993 | RankIC: 0.9985
2026-03-25 02:01:14,069 - root - INFO - Epoch of Causal-TSF[45/10000],
2026-03-25 02:01:14,069 - root - INFO - Train Results | R²: 0.9987 | RMSE: 0.0010 | IC: 0.9994 | RankIC: 0.9987
2026-03-25 02:01:14,097 - root - INFO - Epoch of Causal-TSF[46/10000],
2026-03-25 02:01:14,097 - root - INFO - Train Results | R²: 0.9989 | RMSE: 0.0010 | IC: 0.9995 | RankIC: 0.9989
2026-03-25 02:01:14,126 - root - INFO - Epoch of Causal-TSF[47/10000],
2026-03-25 02:01:14,126 - root - INFO - Train Results | R²: 0.9989 | RMSE: 0.0009 | IC: 0.9995 | RankIC: 0.9991
2026-03-25 02:01:14,153 - root - INFO - Epoch of Causal-TSF[48/10000],
2026-03-25 02:01:14,154 - root - INFO - Train Results | R²: 0.9988 | RMSE: 0.0010 | IC: 0.9994 | RankIC: 0.9990
2026-03-25 02:01:14,185 - root - INFO - Epoch of Causal-TSF[49/10000],
2026-03-25 02:01:14,185 - root - INFO - Train Results | R²: 0.9981 | RMSE: 0.0012 | IC: 0.9993 | RankIC: 0.9981
2026-03-25 02:01:14,217 - root - INFO - Epoch of Causal-TSF[50/10000],
2026-03-25 02:01:14,217 - root - INFO - Train Results | R²: 0.9977 | RMSE: 0.0013 | IC: 0.9992 | RankIC: 0.9983
2026-03-25 02:01:14,251 - root - INFO - Epoch of Causal-TSF[51/10000],
2026-03-25 02:01:14,251 - root - INFO - Train Results | R²: 0.9975 | RMSE: 0.0014 | IC: 0.9989 | RankIC: 0.9978
2026-03-25 02:01:14,284 - root - INFO - Epoch of Causal-TSF[52/10000],
2026-03-25 02:01:14,284 - root - INFO - Train Results | R²: 0.9988 | RMSE: 0.0010 | IC: 0.9994 | RankIC: 0.9985
2026-03-25 02:01:14,317 - root - INFO - Epoch of Causal-TSF[53/10000],
2026-03-25 02:01:14,317 - root - INFO - Train Results | R²: 0.9986 | RMSE: 0.0010 | IC: 0.9994 | RankIC: 0.9986
2026-03-25 02:01:14,350 - root - INFO - Epoch of Causal-TSF[54/10000],
2026-03-25 02:01:14,350 - root - INFO - Train Results | R²: 0.9973 | RMSE: 0.0015 | IC: 0.9988 | RankIC: 0.9978
2026-03-25 02:01:14,385 - root - INFO - Epoch of Causal-TSF[55/10000],
2026-03-25 02:01:14,385 - root - INFO - Train Results | R²: 0.9968 | RMSE: 0.0016 | IC: 0.9992 | RankIC: 0.9978
2026-03-25 02:01:14,417 - root - INFO - Epoch of Causal-TSF[56/10000],
2026-03-25 02:01:14,417 - root - INFO - Train Results | R²: 0.9950 | RMSE: 0.0020 | IC: 0.9977 | RankIC: 0.9958
2026-03-25 02:01:14,450 - root - INFO - Epoch of Causal-TSF[57/10000],
2026-03-25 02:01:14,450 - root - INFO - Train Results | R²: 0.9965 | RMSE: 0.0017 | IC: 0.9984 | RankIC: 0.9963
2026-03-25 02:01:14,481 - root - INFO - Epoch of Causal-TSF[58/10000],
2026-03-25 02:01:14,481 - root - INFO - Train Results | R²: 0.9967 | RMSE: 0.0016 | IC: 0.9988 | RankIC: 0.9979
2026-03-25 02:01:14,513 - root - INFO - Epoch of Causal-TSF[59/10000],
2026-03-25 02:01:14,514 - root - INFO - Train Results | R²: 0.9974 | RMSE: 0.0014 | IC: 0.9991 | RankIC: 0.9981
2026-03-25 02:01:14,546 - root - INFO - Epoch of Causal-TSF[60/10000],
2026-03-25 02:01:14,546 - root - INFO - Train Results | R²: 0.9975 | RMSE: 0.0014 | IC: 0.9989 | RankIC: 0.9974
2026-03-25 02:01:14,579 - root - INFO - Epoch of Causal-TSF[61/10000],
2026-03-25 02:01:14,579 - root - INFO - Train Results | R²: 0.9982 | RMSE: 0.0012 | IC: 0.9992 | RankIC: 0.9979
2026-03-25 02:01:14,612 - root - INFO - Epoch of Causal-TSF[62/10000],
2026-03-25 02:01:14,612 - root - INFO - Train Results | R²: 0.9979 | RMSE: 0.0013 | IC: 0.9990 | RankIC: 0.9976
2026-03-25 02:01:14,645 - root - INFO - Epoch of Causal-TSF[63/10000],
2026-03-25 02:01:14,645 - root - INFO - Train Results | R²: 0.9968 | RMSE: 0.0016 | IC: 0.9988 | RankIC: 0.9978
2026-03-25 02:01:14,678 - root - INFO - Epoch of Causal-TSF[64/10000],
2026-03-25 02:01:14,678 - root - INFO - Train Results | R²: 0.9967 | RMSE: 0.0016 | IC: 0.9988 | RankIC: 0.9978
2026-03-25 02:01:14,711 - root - INFO - Epoch of Causal-TSF[65/10000],
2026-03-25 02:01:14,711 - root - INFO - Train Results | R²: 0.9961 | RMSE: 0.0018 | IC: 0.9982 | RankIC: 0.9967
2026-03-25 02:01:14,743 - root - INFO - Epoch of Causal-TSF[66/10000],
2026-03-25 02:01:14,743 - root - INFO - Train Results | R²: 0.9966 | RMSE: 0.0017 | IC: 0.9984 | RankIC: 0.9970
2026-03-25 02:01:14,780 - root - INFO - Epoch of Causal-TSF[67/10000],
2026-03-25 02:01:14,780 - root - INFO - Train Results | R²: 0.9979 | RMSE: 0.0013 | IC: 0.9992 | RankIC: 0.9983
2026-03-25 02:01:14,813 - root - INFO - Epoch of Causal-TSF[68/10000],
2026-03-25 02:01:14,813 - root - INFO - Train Results | R²: 0.9979 | RMSE: 0.0013 | IC: 0.9991 | RankIC: 0.9984
2026-03-25 02:01:14,845 - root - INFO - Epoch of Causal-TSF[69/10000],
2026-03-25 02:01:14,845 - root - INFO - Train Results | R²: 0.9984 | RMSE: 0.0011 | IC: 0.9993 | RankIC: 0.9983
2026-03-25 02:01:14,877 - root - INFO - Epoch of Causal-TSF[70/10000],
2026-03-25 02:01:14,877 - root - INFO - Train Results | R²: 0.9984 | RMSE: 0.0011 | IC: 0.9992 | RankIC: 0.9984
2026-03-25 02:01:14,910 - root - INFO - Epoch of Causal-TSF[71/10000],
2026-03-25 02:01:14,910 - root - INFO - Train Results | R²: 0.9976 | RMSE: 0.0014 | IC: 0.9991 | RankIC: 0.9985
2026-03-25 02:01:14,941 - root - INFO - Epoch of Causal-TSF[72/10000],
2026-03-25 02:01:14,941 - root - INFO - Train Results | R²: 0.9972 | RMSE: 0.0015 | IC: 0.9989 | RankIC: 0.9983
2026-03-25 02:01:14,974 - root - INFO - Epoch of Causal-TSF[73/10000],
2026-03-25 02:01:14,974 - root - INFO - Train Results | R²: 0.9964 | RMSE: 0.0017 | IC: 0.9982 | RankIC: 0.9968
2026-03-25 02:01:15,006 - root - INFO - Epoch of Causal-TSF[74/10000],
2026-03-25 02:01:15,006 - root - INFO - Train Results | R²: 0.9972 | RMSE: 0.0015 | IC: 0.9989 | RankIC: 0.9977
2026-03-25 02:01:15,038 - root - INFO - Epoch of Causal-TSF[75/10000],
2026-03-25 02:01:15,038 - root - INFO - Train Results | R²: 0.9963 | RMSE: 0.0017 | IC: 0.9987 | RankIC: 0.9975
2026-03-25 02:01:15,070 - root - INFO - Epoch of Causal-TSF[76/10000],
2026-03-25 02:01:15,071 - root - INFO - Train Results | R²: 0.9979 | RMSE: 0.0013 | IC: 0.9992 | RankIC: 0.9972
2026-03-25 02:01:15,102 - root - INFO - Epoch of Causal-TSF[77/10000],
2026-03-25 02:01:15,103 - root - INFO - Train Results | R²: 0.9976 | RMSE: 0.0014 | IC: 0.9989 | RankIC: 0.9973
2026-03-25 02:01:15,136 - root - INFO - Epoch of Causal-TSF[78/10000],
2026-03-25 02:01:15,136 - root - INFO - Train Results | R²: 0.9966 | RMSE: 0.0016 | IC: 0.9985 | RankIC: 0.9969
2026-03-25 02:01:15,168 - root - INFO - Epoch of Causal-TSF[79/10000],
2026-03-25 02:01:15,168 - root - INFO - Train Results | R²: 0.9961 | RMSE: 0.0018 | IC: 0.9990 | RankIC: 0.9977
2026-03-25 02:01:15,201 - root - INFO - Epoch of Causal-TSF[80/10000],
2026-03-25 02:01:15,202 - root - INFO - Train Results | R²: 0.9957 | RMSE: 0.0018 | IC: 0.9985 | RankIC: 0.9969
2026-03-25 02:01:15,235 - root - INFO - Epoch of Causal-TSF[81/10000],
2026-03-25 02:01:15,235 - root - INFO - Train Results | R²: 0.9963 | RMSE: 0.0017 | IC: 0.9982 | RankIC: 0.9969
2026-03-25 02:01:15,267 - root - INFO - Epoch of Causal-TSF[82/10000],
2026-03-25 02:01:15,268 - root - INFO - Train Results | R²: 0.9969 | RMSE: 0.0016 | IC: 0.9987 | RankIC: 0.9973
2026-03-25 02:01:15,301 - root - INFO - Epoch of Causal-TSF[83/10000],
2026-03-25 02:01:15,301 - root - INFO - Train Results | R²: 0.9972 | RMSE: 0.0015 | IC: 0.9992 | RankIC: 0.9977
2026-03-25 02:01:15,334 - root - INFO - Epoch of Causal-TSF[84/10000],
2026-03-25 02:01:15,334 - root - INFO - Train Results | R²: 0.9978 | RMSE: 0.0013 | IC: 0.9992 | RankIC: 0.9982
2026-03-25 02:01:15,366 - root - INFO - Epoch of Causal-TSF[85/10000],
2026-03-25 02:01:15,366 - root - INFO - Train Results | R²: 0.9974 | RMSE: 0.0014 | IC: 0.9987 | RankIC: 0.9978
2026-03-25 02:01:15,400 - root - INFO - Epoch of Causal-TSF[86/10000],
2026-03-25 02:01:15,400 - root - INFO - Train Results | R²: 0.9970 | RMSE: 0.0015 | IC: 0.9989 | RankIC: 0.9977
2026-03-25 02:01:15,432 - root - INFO - Epoch of Causal-TSF[87/10000],
2026-03-25 02:01:15,433 - root - INFO - Train Results | R²: 0.9966 | RMSE: 0.0016 | IC: 0.9991 | RankIC: 0.9978
2026-03-25 02:01:15,467 - root - INFO - Epoch of Causal-TSF[88/10000],
2026-03-25 02:01:15,467 - root - INFO - Train Results | R²: 0.9971 | RMSE: 0.0015 | IC: 0.9988 | RankIC: 0.9980
2026-03-25 02:01:15,498 - root - INFO - Epoch of Causal-TSF[89/10000],
2026-03-25 02:01:15,498 - root - INFO - Train Results | R²: 0.9979 | RMSE: 0.0013 | IC: 0.9990 | RankIC: 0.9978
2026-03-25 02:01:15,530 - root - INFO - Epoch of Causal-TSF[90/10000],
2026-03-25 02:01:15,530 - root - INFO - Train Results | R²: 0.9985 | RMSE: 0.0011 | IC: 0.9994 | RankIC: 0.9982
2026-03-25 02:01:15,561 - root - INFO - Epoch of Causal-TSF[91/10000],
2026-03-25 02:01:15,561 - root - INFO - Train Results | R²: 0.9988 | RMSE: 0.0010 | IC: 0.9995 | RankIC: 0.9988
2026-03-25 02:01:15,594 - root - INFO - Epoch of Causal-TSF[92/10000],
2026-03-25 02:01:15,594 - root - INFO - Train Results | R²: 0.9990 | RMSE: 0.0009 | IC: 0.9996 | RankIC: 0.9990
2026-03-25 02:01:15,627 - root - INFO - Epoch of Causal-TSF[93/10000],
2026-03-25 02:01:15,627 - root - INFO - Train Results | R²: 0.9984 | RMSE: 0.0011 | IC: 0.9993 | RankIC: 0.9986
2026-03-25 02:01:15,660 - root - INFO - Epoch of Causal-TSF[94/10000],
2026-03-25 02:01:15,660 - root - INFO - Train Results | R²: 0.9984 | RMSE: 0.0011 | IC: 0.9992 | RankIC: 0.9984
2026-03-25 02:01:15,692 - root - INFO - Epoch of Causal-TSF[95/10000],
2026-03-25 02:01:15,692 - root - INFO - Train Results | R²: 0.9985 | RMSE: 0.0011 | IC: 0.9994 | RankIC: 0.9984
2026-03-25 02:01:15,724 - root - INFO - Epoch of Causal-TSF[96/10000],
2026-03-25 02:01:15,724 - root - INFO - Train Results | R²: 0.9989 | RMSE: 0.0009 | IC: 0.9995 | RankIC: 0.9993
2026-03-25 02:01:15,757 - root - INFO - Epoch of Causal-TSF[97/10000],
2026-03-25 02:01:15,757 - root - INFO - Train Results | R²: 0.9988 | RMSE: 0.0010 | IC: 0.9994 | RankIC: 0.9987
2026-03-25 02:01:15,789 - root - INFO - Epoch of Causal-TSF[98/10000],
2026-03-25 02:01:15,789 - root - INFO - Train Results | R²: 0.9983 | RMSE: 0.0012 | IC: 0.9994 | RankIC: 0.9987
2026-03-25 02:01:15,821 - root - INFO - Epoch of Causal-TSF[99/10000],
2026-03-25 02:01:15,821 - root - INFO - Train Results | R²: 0.9983 | RMSE: 0.0012 | IC: 0.9992 | RankIC: 0.9978
2026-03-25 02:01:15,853 - root - INFO - Epoch of Causal-TSF[100/10000],
2026-03-25 02:01:15,853 - root - INFO - Train Results | R²: 0.9988 | RMSE: 0.0010 | IC: 0.9994 | RankIC: 0.9989
2026-03-25 02:01:15,886 - root - INFO - Epoch of Causal-TSF[101/10000],
2026-03-25 02:01:15,886 - root - INFO - Train Results | R²: 0.9989 | RMSE: 0.0009 | IC: 0.9995 | RankIC: 0.9985
2026-03-25 02:01:15,918 - root - INFO - Epoch of Causal-TSF[102/10000],
2026-03-25 02:01:15,918 - root - INFO - Train Results | R²: 0.9991 | RMSE: 0.0008 | IC: 0.9996 | RankIC: 0.9986
2026-03-25 02:01:15,951 - root - INFO - Epoch of Causal-TSF[103/10000],
2026-03-25 02:01:15,951 - root - INFO - Train Results | R²: 0.9988 | RMSE: 0.0010 | IC: 0.9994 | RankIC: 0.9987
2026-03-25 02:01:15,983 - root - INFO - Epoch of Causal-TSF[104/10000],
2026-03-25 02:01:15,984 - root - INFO - Train Results | R²: 0.9985 | RMSE: 0.0011 | IC: 0.9993 | RankIC: 0.9986
2026-03-25 02:01:16,016 - root - INFO - Epoch of Causal-TSF[105/10000],
2026-03-25 02:01:16,016 - root - INFO - Train Results | R²: 0.9986 | RMSE: 0.0011 | IC: 0.9995 | RankIC: 0.9991
2026-03-25 02:01:16,051 - root - INFO - Epoch of Causal-TSF[106/10000],
2026-03-25 02:01:16,051 - root - INFO - Train Results | R²: 0.9979 | RMSE: 0.0013 | IC: 0.9992 | RankIC: 0.9983
2026-03-25 02:01:16,084 - root - INFO - Epoch of Causal-TSF[107/10000],
2026-03-25 02:01:16,084 - root - INFO - Train Results | R²: 0.9976 | RMSE: 0.0014 | IC: 0.9988 | RankIC: 0.9979
2026-03-25 02:01:16,117 - root - INFO - Epoch of Causal-TSF[108/10000],
2026-03-25 02:01:16,117 - root - INFO - Train Results | R²: 0.9979 | RMSE: 0.0013 | IC: 0.9992 | RankIC: 0.9983
2026-03-25 02:01:16,150 - root - INFO - Epoch of Causal-TSF[109/10000],
2026-03-25 02:01:16,150 - root - INFO - Train Results | R²: 0.9976 | RMSE: 0.0014 | IC: 0.9992 | RankIC: 0.9980
2026-03-25 02:01:16,183 - root - INFO - Epoch of Causal-TSF[110/10000],
2026-03-25 02:01:16,184 - root - INFO - Train Results | R²: 0.9979 | RMSE: 0.0013 | IC: 0.9992 | RankIC: 0.9987
2026-03-25 02:01:16,217 - root - INFO - Epoch of Causal-TSF[111/10000],
2026-03-25 02:01:16,217 - root - INFO - Train Results | R²: 0.9985 | RMSE: 0.0011 | IC: 0.9993 | RankIC: 0.9984
2026-03-25 02:01:16,250 - root - INFO - Epoch of Causal-TSF[112/10000],
2026-03-25 02:01:16,250 - root - INFO - Train Results | R²: 0.9979 | RMSE: 0.0013 | IC: 0.9992 | RankIC: 0.9986
2026-03-25 02:01:16,283 - root - INFO - Epoch of Causal-TSF[113/10000],
2026-03-25 02:01:16,283 - root - INFO - Train Results | R²: 0.9969 | RMSE: 0.0016 | IC: 0.9988 | RankIC: 0.9978
2026-03-25 02:01:16,317 - root - INFO - Epoch of Causal-TSF[114/10000],
2026-03-25 02:01:16,317 - root - INFO - Train Results | R²: 0.9952 | RMSE: 0.0020 | IC: 0.9977 | RankIC: 0.9960
2026-03-25 02:01:16,350 - root - INFO - Epoch of Causal-TSF[115/10000],
2026-03-25 02:01:16,350 - root - INFO - Train Results | R²: 0.9965 | RMSE: 0.0017 | IC: 0.9990 | RankIC: 0.9983
2026-03-25 02:01:16,383 - root - INFO - Epoch of Causal-TSF[116/10000],
2026-03-25 02:01:16,383 - root - INFO - Train Results | R²: 0.9959 | RMSE: 0.0018 | IC: 0.9981 | RankIC: 0.9977
2026-03-25 02:01:16,415 - root - INFO - Epoch of Causal-TSF[117/10000],
2026-03-25 02:01:16,415 - root - INFO - Train Results | R²: 0.9981 | RMSE: 0.0012 | IC: 0.9991 | RankIC: 0.9985
2026-03-25 02:01:16,449 - root - INFO - Epoch of Causal-TSF[118/10000],
2026-03-25 02:01:16,449 - root - INFO - Train Results | R²: 0.9980 | RMSE: 0.0013 | IC: 0.9993 | RankIC: 0.9982
2026-03-25 02:01:16,481 - root - INFO - Epoch of Causal-TSF[119/10000],
2026-03-25 02:01:16,481 - root - INFO - Train Results | R²: 0.9981 | RMSE: 0.0012 | IC: 0.9993 | RankIC: 0.9988
2026-03-25 02:01:16,514 - root - INFO - Epoch of Causal-TSF[120/10000],
2026-03-25 02:01:16,514 - root - INFO - Train Results | R²: 0.9985 | RMSE: 0.0011 | IC: 0.9993 | RankIC: 0.9985
2026-03-25 02:01:16,546 - root - INFO - Epoch of Causal-TSF[121/10000],
2026-03-25 02:01:16,547 - root - INFO - Train Results | R²: 0.9988 | RMSE: 0.0010 | IC: 0.9995 | RankIC: 0.9990
2026-03-25 02:01:16,579 - root - INFO - Epoch of Causal-TSF[122/10000],
2026-03-25 02:01:16,579 - root - INFO - Train Results | R²: 0.9983 | RMSE: 0.0012 | IC: 0.9993 | RankIC: 0.9990
2026-03-25 02:01:16,612 - root - INFO - Early stopping triggered at epoch 123. No improvement for 100 epochs.
2026-03-25 02:01:16,630 - root - INFO - Run 7 Test Results | R²: -0.1453 | RMSE: 0.0416 | IC: -0.0275 | RankIC: -0.0585
2026-03-25 02:01:16,630 - root - INFO - 
2026-03-25 02:01:16,630 - root - INFO - ============================================================
2026-03-25 02:01:16,630 - root - INFO - Causal-TSF Run 8/30 Starting...
2026-03-25 02:01:16,630 - root - INFO - ============================================================
2026-03-25 02:01:16,677 - root - INFO - Epoch of Causal-TSF[1/10000],
2026-03-25 02:01:16,677 - root - INFO - Train Results | R²: -0.5991 | RMSE: 0.0358 | IC: -0.0049 | RankIC: 0.0376
2026-03-25 02:01:16,713 - root - INFO - Epoch of Causal-TSF[2/10000],
2026-03-25 02:01:16,714 - root - INFO - Train Results | R²: -0.0827 | RMSE: 0.0294 | IC: 0.2178 | RankIC: 0.1627
2026-03-25 02:01:16,748 - root - INFO - Epoch of Causal-TSF[3/10000],
2026-03-25 02:01:16,749 - root - INFO - Train Results | R²: 0.0867 | RMSE: 0.0270 | IC: 0.5837 | RankIC: 0.4854
2026-03-25 02:01:16,784 - root - INFO - Epoch of Causal-TSF[4/10000],
2026-03-25 02:01:16,785 - root - INFO - Train Results | R²: 0.1965 | RMSE: 0.0254 | IC: 0.7579 | RankIC: 0.6977
2026-03-25 02:01:16,821 - root - INFO - Epoch of Causal-TSF[5/10000],
2026-03-25 02:01:16,821 - root - INFO - Train Results | R²: 0.3376 | RMSE: 0.0230 | IC: 0.8316 | RankIC: 0.7737
2026-03-25 02:01:16,858 - root - INFO - Epoch of Causal-TSF[6/10000],
2026-03-25 02:01:16,858 - root - INFO - Train Results | R²: 0.5240 | RMSE: 0.0195 | IC: 0.8435 | RankIC: 0.7829
2026-03-25 02:01:16,894 - root - INFO - Epoch of Causal-TSF[7/10000],
2026-03-25 02:01:16,894 - root - INFO - Train Results | R²: 0.7101 | RMSE: 0.0152 | IC: 0.8681 | RankIC: 0.8448
2026-03-25 02:01:16,931 - root - INFO - Epoch of Causal-TSF[8/10000],
2026-03-25 02:01:16,932 - root - INFO - Train Results | R²: 0.8015 | RMSE: 0.0126 | IC: 0.8991 | RankIC: 0.9041
2026-03-25 02:01:16,967 - root - INFO - Epoch of Causal-TSF[9/10000],
2026-03-25 02:01:16,968 - root - INFO - Train Results | R²: 0.8603 | RMSE: 0.0106 | IC: 0.9300 | RankIC: 0.9479
2026-03-25 02:01:17,004 - root - INFO - Epoch of Causal-TSF[10/10000],
2026-03-25 02:01:17,005 - root - INFO - Train Results | R²: 0.9096 | RMSE: 0.0085 | IC: 0.9539 | RankIC: 0.9708
2026-03-25 02:01:17,044 - root - INFO - Epoch of Causal-TSF[11/10000],
2026-03-25 02:01:17,044 - root - INFO - Train Results | R²: 0.9167 | RMSE: 0.0082 | IC: 0.9604 | RankIC: 0.9747
2026-03-25 02:01:17,079 - root - INFO - Epoch of Causal-TSF[12/10000],
2026-03-25 02:01:17,080 - root - INFO - Train Results | R²: 0.9350 | RMSE: 0.0072 | IC: 0.9718 | RankIC: 0.9861
2026-03-25 02:01:17,116 - root - INFO - Epoch of Causal-TSF[13/10000],
2026-03-25 02:01:17,117 - root - INFO - Train Results | R²: 0.9506 | RMSE: 0.0063 | IC: 0.9770 | RankIC: 0.9884
2026-03-25 02:01:17,153 - root - INFO - Epoch of Causal-TSF[14/10000],
2026-03-25 02:01:17,153 - root - INFO - Train Results | R²: 0.9609 | RMSE: 0.0056 | IC: 0.9810 | RankIC: 0.9915
2026-03-25 02:01:17,191 - root - INFO - Epoch of Causal-TSF[15/10000],
2026-03-25 02:01:17,191 - root - INFO - Train Results | R²: 0.9676 | RMSE: 0.0051 | IC: 0.9847 | RankIC: 0.9926
2026-03-25 02:01:17,229 - root - INFO - Epoch of Causal-TSF[16/10000],
2026-03-25 02:01:17,229 - root - INFO - Train Results | R²: 0.9700 | RMSE: 0.0049 | IC: 0.9859 | RankIC: 0.9942
2026-03-25 02:01:17,265 - root - INFO - Epoch of Causal-TSF[17/10000],
2026-03-25 02:01:17,265 - root - INFO - Train Results | R²: 0.9767 | RMSE: 0.0043 | IC: 0.9889 | RankIC: 0.9951
2026-03-25 02:01:17,301 - root - INFO - Epoch of Causal-TSF[18/10000],
2026-03-25 02:01:17,302 - root - INFO - Train Results | R²: 0.9812 | RMSE: 0.0039 | IC: 0.9914 | RankIC: 0.9954
2026-03-25 02:01:17,339 - root - INFO - Epoch of Causal-TSF[19/10000],
2026-03-25 02:01:17,339 - root - INFO - Train Results | R²: 0.9853 | RMSE: 0.0034 | IC: 0.9931 | RankIC: 0.9953
2026-03-25 02:01:17,375 - root - INFO - Epoch of Causal-TSF[20/10000],
2026-03-25 02:01:17,376 - root - INFO - Train Results | R²: 0.9917 | RMSE: 0.0026 | IC: 0.9960 | RankIC: 0.9967
2026-03-25 02:01:17,412 - root - INFO - Epoch of Causal-TSF[21/10000],
2026-03-25 02:01:17,413 - root - INFO - Train Results | R²: 0.9949 | RMSE: 0.0020 | IC: 0.9974 | RankIC: 0.9968
2026-03-25 02:01:17,450 - root - INFO - Epoch of Causal-TSF[22/10000],
2026-03-25 02:01:17,451 - root - INFO - Train Results | R²: 0.9967 | RMSE: 0.0016 | IC: 0.9984 | RankIC: 0.9975
2026-03-25 02:01:17,485 - root - INFO - Epoch of Causal-TSF[23/10000],
2026-03-25 02:01:17,485 - root - INFO - Train Results | R²: 0.9972 | RMSE: 0.0015 | IC: 0.9986 | RankIC: 0.9973
2026-03-25 02:01:17,524 - root - INFO - Epoch of Causal-TSF[24/10000],
2026-03-25 02:01:17,525 - root - INFO - Train Results | R²: 0.9982 | RMSE: 0.0012 | IC: 0.9991 | RankIC: 0.9984
2026-03-25 02:01:17,559 - root - INFO - Epoch of Causal-TSF[25/10000],
2026-03-25 02:01:17,559 - root - INFO - Train Results | R²: 0.9973 | RMSE: 0.0015 | IC: 0.9987 | RankIC: 0.9976
2026-03-25 02:01:17,592 - root - INFO - Epoch of Causal-TSF[26/10000],
2026-03-25 02:01:17,592 - root - INFO - Train Results | R²: 0.9976 | RMSE: 0.0014 | IC: 0.9988 | RankIC: 0.9985
2026-03-25 02:01:17,625 - root - INFO - Epoch of Causal-TSF[27/10000],
2026-03-25 02:01:17,625 - root - INFO - Train Results | R²: 0.9981 | RMSE: 0.0012 | IC: 0.9991 | RankIC: 0.9974
2026-03-25 02:01:17,659 - root - INFO - Epoch of Causal-TSF[28/10000],
2026-03-25 02:01:17,659 - root - INFO - Train Results | R²: 0.9983 | RMSE: 0.0012 | IC: 0.9992 | RankIC: 0.9978
2026-03-25 02:01:17,693 - root - INFO - Epoch of Causal-TSF[29/10000],
2026-03-25 02:01:17,693 - root - INFO - Train Results | R²: 0.9980 | RMSE: 0.0013 | IC: 0.9990 | RankIC: 0.9984
2026-03-25 02:01:17,725 - root - INFO - Epoch of Causal-TSF[30/10000],
2026-03-25 02:01:17,725 - root - INFO - Train Results | R²: 0.9978 | RMSE: 0.0013 | IC: 0.9991 | RankIC: 0.9978
2026-03-25 02:01:17,759 - root - INFO - Epoch of Causal-TSF[31/10000],
2026-03-25 02:01:17,759 - root - INFO - Train Results | R²: 0.9976 | RMSE: 0.0014 | IC: 0.9989 | RankIC: 0.9982
2026-03-25 02:01:17,792 - root - INFO - Epoch of Causal-TSF[32/10000],
2026-03-25 02:01:17,793 - root - INFO - Train Results | R²: 0.9978 | RMSE: 0.0013 | IC: 0.9991 | RankIC: 0.9973
2026-03-25 02:01:17,824 - root - INFO - Epoch of Causal-TSF[33/10000],
2026-03-25 02:01:17,824 - root - INFO - Train Results | R²: 0.9977 | RMSE: 0.0014 | IC: 0.9989 | RankIC: 0.9978
2026-03-25 02:01:17,857 - root - INFO - Epoch of Causal-TSF[34/10000],
2026-03-25 02:01:17,857 - root - INFO - Train Results | R²: 0.9981 | RMSE: 0.0012 | IC: 0.9991 | RankIC: 0.9979
2026-03-25 02:01:17,889 - root - INFO - Epoch of Causal-TSF[35/10000],
2026-03-25 02:01:17,889 - root - INFO - Train Results | R²: 0.9980 | RMSE: 0.0013 | IC: 0.9990 | RankIC: 0.9978
2026-03-25 02:01:17,921 - root - INFO - Epoch of Causal-TSF[36/10000],
2026-03-25 02:01:17,921 - root - INFO - Train Results | R²: 0.9978 | RMSE: 0.0013 | IC: 0.9989 | RankIC: 0.9974
2026-03-25 02:01:17,953 - root - INFO - Epoch of Causal-TSF[37/10000],
2026-03-25 02:01:17,954 - root - INFO - Train Results | R²: 0.9972 | RMSE: 0.0015 | IC: 0.9987 | RankIC: 0.9984
2026-03-25 02:01:17,985 - root - INFO - Epoch of Causal-TSF[38/10000],
2026-03-25 02:01:17,985 - root - INFO - Train Results | R²: 0.9965 | RMSE: 0.0017 | IC: 0.9985 | RankIC: 0.9967
2026-03-25 02:01:18,017 - root - INFO - Epoch of Causal-TSF[39/10000],
2026-03-25 02:01:18,018 - root - INFO - Train Results | R²: 0.9963 | RMSE: 0.0017 | IC: 0.9982 | RankIC: 0.9964
2026-03-25 02:01:18,050 - root - INFO - Epoch of Causal-TSF[40/10000],
2026-03-25 02:01:18,050 - root - INFO - Train Results | R²: 0.9975 | RMSE: 0.0014 | IC: 0.9991 | RankIC: 0.9971
2026-03-25 02:01:18,084 - root - INFO - Epoch of Causal-TSF[41/10000],
2026-03-25 02:01:18,084 - root - INFO - Train Results | R²: 0.9970 | RMSE: 0.0016 | IC: 0.9986 | RankIC: 0.9975
2026-03-25 02:01:18,116 - root - INFO - Epoch of Causal-TSF[42/10000],
2026-03-25 02:01:18,116 - root - INFO - Train Results | R²: 0.9979 | RMSE: 0.0013 | IC: 0.9990 | RankIC: 0.9983
2026-03-25 02:01:18,149 - root - INFO - Epoch of Causal-TSF[43/10000],
2026-03-25 02:01:18,149 - root - INFO - Train Results | R²: 0.9973 | RMSE: 0.0015 | IC: 0.9988 | RankIC: 0.9968
2026-03-25 02:01:18,181 - root - INFO - Epoch of Causal-TSF[44/10000],
2026-03-25 02:01:18,181 - root - INFO - Train Results | R²: 0.9980 | RMSE: 0.0013 | IC: 0.9991 | RankIC: 0.9975
2026-03-25 02:01:18,212 - root - INFO - Epoch of Causal-TSF[45/10000],
2026-03-25 02:01:18,212 - root - INFO - Train Results | R²: 0.9978 | RMSE: 0.0013 | IC: 0.9990 | RankIC: 0.9977
2026-03-25 02:01:18,244 - root - INFO - Epoch of Causal-TSF[46/10000],
2026-03-25 02:01:18,245 - root - INFO - Train Results | R²: 0.9971 | RMSE: 0.0015 | IC: 0.9985 | RankIC: 0.9971
2026-03-25 02:01:18,277 - root - INFO - Epoch of Causal-TSF[47/10000],
2026-03-25 02:01:18,277 - root - INFO - Train Results | R²: 0.9962 | RMSE: 0.0017 | IC: 0.9983 | RankIC: 0.9962
2026-03-25 02:01:18,310 - root - INFO - Epoch of Causal-TSF[48/10000],
2026-03-25 02:01:18,310 - root - INFO - Train Results | R²: 0.9956 | RMSE: 0.0019 | IC: 0.9985 | RankIC: 0.9954
2026-03-25 02:01:18,342 - root - INFO - Epoch of Causal-TSF[49/10000],
2026-03-25 02:01:18,342 - root - INFO - Train Results | R²: 0.9936 | RMSE: 0.0023 | IC: 0.9969 | RankIC: 0.9949
2026-03-25 02:01:18,373 - root - INFO - Epoch of Causal-TSF[50/10000],
2026-03-25 02:01:18,374 - root - INFO - Train Results | R²: 0.9930 | RMSE: 0.0024 | IC: 0.9972 | RankIC: 0.9954
2026-03-25 02:01:18,406 - root - INFO - Epoch of Causal-TSF[51/10000],
2026-03-25 02:01:18,406 - root - INFO - Train Results | R²: 0.9922 | RMSE: 0.0025 | IC: 0.9974 | RankIC: 0.9929
2026-03-25 02:01:18,439 - root - INFO - Epoch of Causal-TSF[52/10000],
2026-03-25 02:01:18,439 - root - INFO - Train Results | R²: 0.9900 | RMSE: 0.0028 | IC: 0.9952 | RankIC: 0.9904
2026-03-25 02:01:18,471 - root - INFO - Epoch of Causal-TSF[53/10000],
2026-03-25 02:01:18,471 - root - INFO - Train Results | R²: 0.9937 | RMSE: 0.0022 | IC: 0.9973 | RankIC: 0.9953
2026-03-25 02:01:18,503 - root - INFO - Epoch of Causal-TSF[54/10000],
2026-03-25 02:01:18,503 - root - INFO - Train Results | R²: 0.9941 | RMSE: 0.0022 | IC: 0.9979 | RankIC: 0.9947
2026-03-25 02:01:18,536 - root - INFO - Epoch of Causal-TSF[55/10000],
2026-03-25 02:01:18,536 - root - INFO - Train Results | R²: 0.9968 | RMSE: 0.0016 | IC: 0.9986 | RankIC: 0.9975
2026-03-25 02:01:18,569 - root - INFO - Epoch of Causal-TSF[56/10000],
2026-03-25 02:01:18,569 - root - INFO - Train Results | R²: 0.9969 | RMSE: 0.0016 | IC: 0.9984 | RankIC: 0.9964
2026-03-25 02:01:18,601 - root - INFO - Epoch of Causal-TSF[57/10000],
2026-03-25 02:01:18,602 - root - INFO - Train Results | R²: 0.9972 | RMSE: 0.0015 | IC: 0.9986 | RankIC: 0.9969
2026-03-25 02:01:18,636 - root - INFO - Epoch of Causal-TSF[58/10000],
2026-03-25 02:01:18,636 - root - INFO - Train Results | R²: 0.9972 | RMSE: 0.0015 | IC: 0.9989 | RankIC: 0.9981
2026-03-25 02:01:18,668 - root - INFO - Epoch of Causal-TSF[59/10000],
2026-03-25 02:01:18,668 - root - INFO - Train Results | R²: 0.9963 | RMSE: 0.0017 | IC: 0.9987 | RankIC: 0.9974
2026-03-25 02:01:18,700 - root - INFO - Epoch of Causal-TSF[60/10000],
2026-03-25 02:01:18,701 - root - INFO - Train Results | R²: 0.9960 | RMSE: 0.0018 | IC: 0.9982 | RankIC: 0.9971
2026-03-25 02:01:18,731 - root - INFO - Epoch of Causal-TSF[61/10000],
2026-03-25 02:01:18,731 - root - INFO - Train Results | R²: 0.9977 | RMSE: 0.0013 | IC: 0.9989 | RankIC: 0.9972
2026-03-25 02:01:18,760 - root - INFO - Epoch of Causal-TSF[62/10000],
2026-03-25 02:01:18,760 - root - INFO - Train Results | R²: 0.9971 | RMSE: 0.0015 | IC: 0.9987 | RankIC: 0.9975
2026-03-25 02:01:18,791 - root - INFO - Epoch of Causal-TSF[63/10000],
2026-03-25 02:01:18,791 - root - INFO - Train Results | R²: 0.9974 | RMSE: 0.0015 | IC: 0.9990 | RankIC: 0.9983
2026-03-25 02:01:18,820 - root - INFO - Epoch of Causal-TSF[64/10000],
2026-03-25 02:01:18,820 - root - INFO - Train Results | R²: 0.9963 | RMSE: 0.0017 | IC: 0.9982 | RankIC: 0.9960
2026-03-25 02:01:18,850 - root - INFO - Epoch of Causal-TSF[65/10000],
2026-03-25 02:01:18,850 - root - INFO - Train Results | R²: 0.9962 | RMSE: 0.0017 | IC: 0.9983 | RankIC: 0.9963
2026-03-25 02:01:18,879 - root - INFO - Epoch of Causal-TSF[66/10000],
2026-03-25 02:01:18,879 - root - INFO - Train Results | R²: 0.9963 | RMSE: 0.0017 | IC: 0.9988 | RankIC: 0.9976
2026-03-25 02:01:18,908 - root - INFO - Epoch of Causal-TSF[67/10000],
2026-03-25 02:01:18,908 - root - INFO - Train Results | R²: 0.9953 | RMSE: 0.0019 | IC: 0.9979 | RankIC: 0.9956
2026-03-25 02:01:18,938 - root - INFO - Epoch of Causal-TSF[68/10000],
2026-03-25 02:01:18,938 - root - INFO - Train Results | R²: 0.9949 | RMSE: 0.0020 | IC: 0.9978 | RankIC: 0.9971
2026-03-25 02:01:18,968 - root - INFO - Epoch of Causal-TSF[69/10000],
2026-03-25 02:01:18,968 - root - INFO - Train Results | R²: 0.9959 | RMSE: 0.0018 | IC: 0.9984 | RankIC: 0.9963
2026-03-25 02:01:18,997 - root - INFO - Epoch of Causal-TSF[70/10000],
2026-03-25 02:01:18,997 - root - INFO - Train Results | R²: 0.9977 | RMSE: 0.0013 | IC: 0.9990 | RankIC: 0.9979
2026-03-25 02:01:19,026 - root - INFO - Epoch of Causal-TSF[71/10000],
2026-03-25 02:01:19,026 - root - INFO - Train Results | R²: 0.9982 | RMSE: 0.0012 | IC: 0.9991 | RankIC: 0.9983
2026-03-25 02:01:19,055 - root - INFO - Epoch of Causal-TSF[72/10000],
2026-03-25 02:01:19,055 - root - INFO - Train Results | R²: 0.9980 | RMSE: 0.0013 | IC: 0.9991 | RankIC: 0.9975
2026-03-25 02:01:19,084 - root - INFO - Epoch of Causal-TSF[73/10000],
2026-03-25 02:01:19,084 - root - INFO - Train Results | R²: 0.9979 | RMSE: 0.0013 | IC: 0.9991 | RankIC: 0.9978
2026-03-25 02:01:19,114 - root - INFO - Epoch of Causal-TSF[74/10000],
2026-03-25 02:01:19,115 - root - INFO - Train Results | R²: 0.9975 | RMSE: 0.0014 | IC: 0.9988 | RankIC: 0.9978
2026-03-25 02:01:19,143 - root - INFO - Epoch of Causal-TSF[75/10000],
2026-03-25 02:01:19,144 - root - INFO - Train Results | R²: 0.9978 | RMSE: 0.0013 | IC: 0.9990 | RankIC: 0.9979
2026-03-25 02:01:19,172 - root - INFO - Epoch of Causal-TSF[76/10000],
2026-03-25 02:01:19,173 - root - INFO - Train Results | R²: 0.9979 | RMSE: 0.0013 | IC: 0.9991 | RankIC: 0.9981
2026-03-25 02:01:19,202 - root - INFO - Epoch of Causal-TSF[77/10000],
2026-03-25 02:01:19,202 - root - INFO - Train Results | R²: 0.9979 | RMSE: 0.0013 | IC: 0.9990 | RankIC: 0.9973
2026-03-25 02:01:19,231 - root - INFO - Epoch of Causal-TSF[78/10000],
2026-03-25 02:01:19,231 - root - INFO - Train Results | R²: 0.9983 | RMSE: 0.0012 | IC: 0.9993 | RankIC: 0.9982
2026-03-25 02:01:19,260 - root - INFO - Epoch of Causal-TSF[79/10000],
2026-03-25 02:01:19,260 - root - INFO - Train Results | R²: 0.9981 | RMSE: 0.0012 | IC: 0.9993 | RankIC: 0.9980
2026-03-25 02:01:19,290 - root - INFO - Epoch of Causal-TSF[80/10000],
2026-03-25 02:01:19,290 - root - INFO - Train Results | R²: 0.9975 | RMSE: 0.0014 | IC: 0.9989 | RankIC: 0.9978
2026-03-25 02:01:19,319 - root - INFO - Epoch of Causal-TSF[81/10000],
2026-03-25 02:01:19,320 - root - INFO - Train Results | R²: 0.9976 | RMSE: 0.0014 | IC: 0.9989 | RankIC: 0.9980
2026-03-25 02:01:19,348 - root - INFO - Epoch of Causal-TSF[82/10000],
2026-03-25 02:01:19,348 - root - INFO - Train Results | R²: 0.9973 | RMSE: 0.0015 | IC: 0.9992 | RankIC: 0.9981
2026-03-25 02:01:19,378 - root - INFO - Epoch of Causal-TSF[83/10000],
2026-03-25 02:01:19,379 - root - INFO - Train Results | R²: 0.9959 | RMSE: 0.0018 | IC: 0.9983 | RankIC: 0.9974
2026-03-25 02:01:19,409 - root - INFO - Epoch of Causal-TSF[84/10000],
2026-03-25 02:01:19,409 - root - INFO - Train Results | R²: 0.9959 | RMSE: 0.0018 | IC: 0.9979 | RankIC: 0.9964
2026-03-25 02:01:19,442 - root - INFO - Epoch of Causal-TSF[85/10000],
2026-03-25 02:01:19,442 - root - INFO - Train Results | R²: 0.9953 | RMSE: 0.0019 | IC: 0.9984 | RankIC: 0.9965
2026-03-25 02:01:19,475 - root - INFO - Epoch of Causal-TSF[86/10000],
2026-03-25 02:01:19,475 - root - INFO - Train Results | R²: 0.9944 | RMSE: 0.0021 | IC: 0.9978 | RankIC: 0.9961
2026-03-25 02:01:19,506 - root - INFO - Epoch of Causal-TSF[87/10000],
2026-03-25 02:01:19,506 - root - INFO - Train Results | R²: 0.9951 | RMSE: 0.0020 | IC: 0.9976 | RankIC: 0.9956
2026-03-25 02:01:19,539 - root - INFO - Epoch of Causal-TSF[88/10000],
2026-03-25 02:01:19,540 - root - INFO - Train Results | R²: 0.9952 | RMSE: 0.0020 | IC: 0.9980 | RankIC: 0.9957
2026-03-25 02:01:19,571 - root - INFO - Epoch of Causal-TSF[89/10000],
2026-03-25 02:01:19,571 - root - INFO - Train Results | R²: 0.9948 | RMSE: 0.0020 | IC: 0.9983 | RankIC: 0.9958
2026-03-25 02:01:19,603 - root - INFO - Epoch of Causal-TSF[90/10000],
2026-03-25 02:01:19,603 - root - INFO - Train Results | R²: 0.9950 | RMSE: 0.0020 | IC: 0.9977 | RankIC: 0.9955
2026-03-25 02:01:19,636 - root - INFO - Epoch of Causal-TSF[91/10000],
2026-03-25 02:01:19,636 - root - INFO - Train Results | R²: 0.9958 | RMSE: 0.0018 | IC: 0.9980 | RankIC: 0.9958
2026-03-25 02:01:19,667 - root - INFO - Epoch of Causal-TSF[92/10000],
2026-03-25 02:01:19,667 - root - INFO - Train Results | R²: 0.9968 | RMSE: 0.0016 | IC: 0.9987 | RankIC: 0.9962
2026-03-25 02:01:19,700 - root - INFO - Epoch of Causal-TSF[93/10000],
2026-03-25 02:01:19,700 - root - INFO - Train Results | R²: 0.9977 | RMSE: 0.0014 | IC: 0.9991 | RankIC: 0.9979
2026-03-25 02:01:19,733 - root - INFO - Epoch of Causal-TSF[94/10000],
2026-03-25 02:01:19,733 - root - INFO - Train Results | R²: 0.9971 | RMSE: 0.0015 | IC: 0.9986 | RankIC: 0.9975
2026-03-25 02:01:19,765 - root - INFO - Epoch of Causal-TSF[95/10000],
2026-03-25 02:01:19,765 - root - INFO - Train Results | R²: 0.9981 | RMSE: 0.0012 | IC: 0.9991 | RankIC: 0.9979
2026-03-25 02:01:19,797 - root - INFO - Epoch of Causal-TSF[96/10000],
2026-03-25 02:01:19,797 - root - INFO - Train Results | R²: 0.9985 | RMSE: 0.0011 | IC: 0.9994 | RankIC: 0.9987
2026-03-25 02:01:19,829 - root - INFO - Epoch of Causal-TSF[97/10000],
2026-03-25 02:01:19,829 - root - INFO - Train Results | R²: 0.9979 | RMSE: 0.0013 | IC: 0.9992 | RankIC: 0.9984
2026-03-25 02:01:19,860 - root - INFO - Epoch of Causal-TSF[98/10000],
2026-03-25 02:01:19,861 - root - INFO - Train Results | R²: 0.9974 | RMSE: 0.0014 | IC: 0.9989 | RankIC: 0.9975
2026-03-25 02:01:19,894 - root - INFO - Epoch of Causal-TSF[99/10000],
2026-03-25 02:01:19,894 - root - INFO - Train Results | R²: 0.9965 | RMSE: 0.0017 | IC: 0.9984 | RankIC: 0.9979
2026-03-25 02:01:19,926 - root - INFO - Epoch of Causal-TSF[100/10000],
2026-03-25 02:01:19,926 - root - INFO - Train Results | R²: 0.9970 | RMSE: 0.0015 | IC: 0.9990 | RankIC: 0.9974
2026-03-25 02:01:19,959 - root - INFO - Epoch of Causal-TSF[101/10000],
2026-03-25 02:01:19,959 - root - INFO - Train Results | R²: 0.9971 | RMSE: 0.0015 | IC: 0.9989 | RankIC: 0.9974
2026-03-25 02:01:19,991 - root - INFO - Epoch of Causal-TSF[102/10000],
2026-03-25 02:01:19,991 - root - INFO - Train Results | R²: 0.9970 | RMSE: 0.0015 | IC: 0.9987 | RankIC: 0.9978
2026-03-25 02:01:20,023 - root - INFO - Epoch of Causal-TSF[103/10000],
2026-03-25 02:01:20,024 - root - INFO - Train Results | R²: 0.9977 | RMSE: 0.0014 | IC: 0.9991 | RankIC: 0.9979
2026-03-25 02:01:20,057 - root - INFO - Epoch of Causal-TSF[104/10000],
2026-03-25 02:01:20,057 - root - INFO - Train Results | R²: 0.9973 | RMSE: 0.0015 | IC: 0.9989 | RankIC: 0.9975
2026-03-25 02:01:20,088 - root - INFO - Epoch of Causal-TSF[105/10000],
2026-03-25 02:01:20,089 - root - INFO - Train Results | R²: 0.9964 | RMSE: 0.0017 | IC: 0.9983 | RankIC: 0.9965
2026-03-25 02:01:20,120 - root - INFO - Epoch of Causal-TSF[106/10000],
2026-03-25 02:01:20,120 - root - INFO - Train Results | R²: 0.9968 | RMSE: 0.0016 | IC: 0.9987 | RankIC: 0.9973
2026-03-25 02:01:20,152 - root - INFO - Epoch of Causal-TSF[107/10000],
2026-03-25 02:01:20,152 - root - INFO - Train Results | R²: 0.9965 | RMSE: 0.0017 | IC: 0.9988 | RankIC: 0.9963
2026-03-25 02:01:20,184 - root - INFO - Epoch of Causal-TSF[108/10000],
2026-03-25 02:01:20,184 - root - INFO - Train Results | R²: 0.9972 | RMSE: 0.0015 | IC: 0.9986 | RankIC: 0.9978
2026-03-25 02:01:20,216 - root - INFO - Epoch of Causal-TSF[109/10000],
2026-03-25 02:01:20,216 - root - INFO - Train Results | R²: 0.9974 | RMSE: 0.0014 | IC: 0.9989 | RankIC: 0.9982
2026-03-25 02:01:20,249 - root - INFO - Epoch of Causal-TSF[110/10000],
2026-03-25 02:01:20,249 - root - INFO - Train Results | R²: 0.9981 | RMSE: 0.0012 | IC: 0.9992 | RankIC: 0.9980
2026-03-25 02:01:20,282 - root - INFO - Epoch of Causal-TSF[111/10000],
2026-03-25 02:01:20,282 - root - INFO - Train Results | R²: 0.9976 | RMSE: 0.0014 | IC: 0.9989 | RankIC: 0.9978
2026-03-25 02:01:20,314 - root - INFO - Epoch of Causal-TSF[112/10000],
2026-03-25 02:01:20,314 - root - INFO - Train Results | R²: 0.9967 | RMSE: 0.0016 | IC: 0.9984 | RankIC: 0.9972
2026-03-25 02:01:20,346 - root - INFO - Epoch of Causal-TSF[113/10000],
2026-03-25 02:01:20,346 - root - INFO - Train Results | R²: 0.9975 | RMSE: 0.0014 | IC: 0.9993 | RankIC: 0.9983
2026-03-25 02:01:20,379 - root - INFO - Epoch of Causal-TSF[114/10000],
2026-03-25 02:01:20,379 - root - INFO - Train Results | R²: 0.9956 | RMSE: 0.0019 | IC: 0.9981 | RankIC: 0.9970
2026-03-25 02:01:20,411 - root - INFO - Epoch of Causal-TSF[115/10000],
2026-03-25 02:01:20,411 - root - INFO - Train Results | R²: 0.9979 | RMSE: 0.0013 | IC: 0.9991 | RankIC: 0.9981
2026-03-25 02:01:20,443 - root - INFO - Epoch of Causal-TSF[116/10000],
2026-03-25 02:01:20,443 - root - INFO - Train Results | R²: 0.9974 | RMSE: 0.0014 | IC: 0.9990 | RankIC: 0.9976
2026-03-25 02:01:20,475 - root - INFO - Epoch of Causal-TSF[117/10000],
2026-03-25 02:01:20,476 - root - INFO - Train Results | R²: 0.9983 | RMSE: 0.0012 | IC: 0.9993 | RankIC: 0.9984
2026-03-25 02:01:20,508 - root - INFO - Epoch of Causal-TSF[118/10000],
2026-03-25 02:01:20,508 - root - INFO - Train Results | R²: 0.9983 | RMSE: 0.0012 | IC: 0.9992 | RankIC: 0.9981
2026-03-25 02:01:20,540 - root - INFO - Epoch of Causal-TSF[119/10000],
2026-03-25 02:01:20,540 - root - INFO - Train Results | R²: 0.9976 | RMSE: 0.0014 | IC: 0.9990 | RankIC: 0.9978
2026-03-25 02:01:20,572 - root - INFO - Epoch of Causal-TSF[120/10000],
2026-03-25 02:01:20,572 - root - INFO - Train Results | R²: 0.9972 | RMSE: 0.0015 | IC: 0.9989 | RankIC: 0.9972
2026-03-25 02:01:20,604 - root - INFO - Epoch of Causal-TSF[121/10000],
2026-03-25 02:01:20,605 - root - INFO - Train Results | R²: 0.9961 | RMSE: 0.0018 | IC: 0.9981 | RankIC: 0.9970
2026-03-25 02:01:20,638 - root - INFO - Epoch of Causal-TSF[122/10000],
2026-03-25 02:01:20,638 - root - INFO - Train Results | R²: 0.9972 | RMSE: 0.0015 | IC: 0.9990 | RankIC: 0.9980
2026-03-25 02:01:20,670 - root - INFO - Epoch of Causal-TSF[123/10000],
2026-03-25 02:01:20,670 - root - INFO - Train Results | R²: 0.9964 | RMSE: 0.0017 | IC: 0.9983 | RankIC: 0.9977
2026-03-25 02:01:20,703 - root - INFO - Early stopping triggered at epoch 124. No improvement for 100 epochs.
2026-03-25 02:01:20,721 - root - INFO - Run 8 Test Results | R²: -0.1536 | RMSE: 0.0418 | IC: -0.0227 | RankIC: -0.0369
2026-03-25 02:01:20,721 - root - INFO - 
2026-03-25 02:01:20,721 - root - INFO - ============================================================
2026-03-25 02:01:20,721 - root - INFO - Causal-TSF Run 9/30 Starting...
2026-03-25 02:01:20,721 - root - INFO - ============================================================
2026-03-25 02:01:20,766 - root - INFO - Epoch of Causal-TSF[1/10000],
2026-03-25 02:01:20,766 - root - INFO - Train Results | R²: -37.9517 | RMSE: 0.1766 | IC: 0.0023 | RankIC: -0.0017
2026-03-25 02:01:20,805 - root - INFO - Epoch of Causal-TSF[2/10000],
2026-03-25 02:01:20,805 - root - INFO - Train Results | R²: -10.8455 | RMSE: 0.0974 | IC: 0.0081 | RankIC: -0.0182
2026-03-25 02:01:20,842 - root - INFO - Epoch of Causal-TSF[3/10000],
2026-03-25 02:01:20,842 - root - INFO - Train Results | R²: -2.8259 | RMSE: 0.0553 | IC: 0.0328 | RankIC: 0.0172
2026-03-25 02:01:20,879 - root - INFO - Epoch of Causal-TSF[4/10000],
2026-03-25 02:01:20,880 - root - INFO - Train Results | R²: -0.9348 | RMSE: 0.0394 | IC: 0.1314 | RankIC: 0.1642
2026-03-25 02:01:20,916 - root - INFO - Epoch of Causal-TSF[5/10000],
2026-03-25 02:01:20,917 - root - INFO - Train Results | R²: -0.4177 | RMSE: 0.0337 | IC: 0.3187 | RankIC: 0.3379
2026-03-25 02:01:20,951 - root - INFO - Epoch of Causal-TSF[6/10000],
2026-03-25 02:01:20,951 - root - INFO - Train Results | R²: -0.4372 | RMSE: 0.0339 | IC: 0.4250 | RankIC: 0.4005
2026-03-25 02:01:20,989 - root - INFO - Epoch of Causal-TSF[7/10000],
2026-03-25 02:01:20,990 - root - INFO - Train Results | R²: 0.1965 | RMSE: 0.0254 | IC: 0.4544 | RankIC: 0.4099
2026-03-25 02:01:21,023 - root - INFO - Epoch of Causal-TSF[8/10000],
2026-03-25 02:01:21,023 - root - INFO - Train Results | R²: 0.0919 | RMSE: 0.0270 | IC: 0.6291 | RankIC: 0.5714
2026-03-25 02:01:21,062 - root - INFO - Epoch of Causal-TSF[9/10000],
2026-03-25 02:01:21,062 - root - INFO - Train Results | R²: 0.3367 | RMSE: 0.0230 | IC: 0.7227 | RankIC: 0.6847
2026-03-25 02:01:21,100 - root - INFO - Epoch of Causal-TSF[10/10000],
2026-03-25 02:01:21,100 - root - INFO - Train Results | R²: 0.4484 | RMSE: 0.0210 | IC: 0.7943 | RankIC: 0.7792
2026-03-25 02:01:21,138 - root - INFO - Epoch of Causal-TSF[11/10000],
2026-03-25 02:01:21,138 - root - INFO - Train Results | R²: 0.4739 | RMSE: 0.0205 | IC: 0.8269 | RankIC: 0.8149
2026-03-25 02:01:21,176 - root - INFO - Epoch of Causal-TSF[12/10000],
2026-03-25 02:01:21,176 - root - INFO - Train Results | R²: 0.6224 | RMSE: 0.0174 | IC: 0.8510 | RankIC: 0.8340
2026-03-25 02:01:21,213 - root - INFO - Epoch of Causal-TSF[13/10000],
2026-03-25 02:01:21,213 - root - INFO - Train Results | R²: 0.6625 | RMSE: 0.0164 | IC: 0.8813 | RankIC: 0.8829
2026-03-25 02:01:21,251 - root - INFO - Epoch of Causal-TSF[14/10000],
2026-03-25 02:01:21,251 - root - INFO - Train Results | R²: 0.7575 | RMSE: 0.0139 | IC: 0.9025 | RankIC: 0.9008
2026-03-25 02:01:21,287 - root - INFO - Epoch of Causal-TSF[15/10000],
2026-03-25 02:01:21,287 - root - INFO - Train Results | R²: 0.7896 | RMSE: 0.0130 | IC: 0.9170 | RankIC: 0.9206
2026-03-25 02:01:21,325 - root - INFO - Epoch of Causal-TSF[16/10000],
2026-03-25 02:01:21,325 - root - INFO - Train Results | R²: 0.8369 | RMSE: 0.0114 | IC: 0.9304 | RankIC: 0.9270
2026-03-25 02:01:21,363 - root - INFO - Epoch of Causal-TSF[17/10000],
2026-03-25 02:01:21,363 - root - INFO - Train Results | R²: 0.8754 | RMSE: 0.0100 | IC: 0.9484 | RankIC: 0.9521
2026-03-25 02:01:21,400 - root - INFO - Epoch of Causal-TSF[18/10000],
2026-03-25 02:01:21,400 - root - INFO - Train Results | R²: 0.8986 | RMSE: 0.0090 | IC: 0.9530 | RankIC: 0.9599
2026-03-25 02:01:21,438 - root - INFO - Epoch of Causal-TSF[19/10000],
2026-03-25 02:01:21,438 - root - INFO - Train Results | R²: 0.9152 | RMSE: 0.0082 | IC: 0.9605 | RankIC: 0.9637
2026-03-25 02:01:21,477 - root - INFO - Epoch of Causal-TSF[20/10000],
2026-03-25 02:01:21,477 - root - INFO - Train Results | R²: 0.9389 | RMSE: 0.0070 | IC: 0.9728 | RankIC: 0.9741
2026-03-25 02:01:21,513 - root - INFO - Epoch of Causal-TSF[21/10000],
2026-03-25 02:01:21,513 - root - INFO - Train Results | R²: 0.9489 | RMSE: 0.0064 | IC: 0.9775 | RankIC: 0.9793
2026-03-25 02:01:21,552 - root - INFO - Epoch of Causal-TSF[22/10000],
2026-03-25 02:01:21,552 - root - INFO - Train Results | R²: 0.9606 | RMSE: 0.0056 | IC: 0.9816 | RankIC: 0.9881
2026-03-25 02:01:21,590 - root - INFO - Epoch of Causal-TSF[23/10000],
2026-03-25 02:01:21,590 - root - INFO - Train Results | R²: 0.9663 | RMSE: 0.0052 | IC: 0.9852 | RankIC: 0.9889
2026-03-25 02:01:21,628 - root - INFO - Epoch of Causal-TSF[24/10000],
2026-03-25 02:01:21,628 - root - INFO - Train Results | R²: 0.9735 | RMSE: 0.0046 | IC: 0.9877 | RankIC: 0.9923
2026-03-25 02:01:21,665 - root - INFO - Epoch of Causal-TSF[25/10000],
2026-03-25 02:01:21,665 - root - INFO - Train Results | R²: 0.9780 | RMSE: 0.0042 | IC: 0.9894 | RankIC: 0.9934
2026-03-25 02:01:21,702 - root - INFO - Epoch of Causal-TSF[26/10000],
2026-03-25 02:01:21,702 - root - INFO - Train Results | R²: 0.9802 | RMSE: 0.0040 | IC: 0.9906 | RankIC: 0.9951
2026-03-25 02:01:21,736 - root - INFO - Epoch of Causal-TSF[27/10000],
2026-03-25 02:01:21,736 - root - INFO - Train Results | R²: 0.9810 | RMSE: 0.0039 | IC: 0.9914 | RankIC: 0.9956
2026-03-25 02:01:21,772 - root - INFO - Epoch of Causal-TSF[28/10000],
2026-03-25 02:01:21,772 - root - INFO - Train Results | R²: 0.9825 | RMSE: 0.0037 | IC: 0.9917 | RankIC: 0.9964
2026-03-25 02:01:21,809 - root - INFO - Epoch of Causal-TSF[29/10000],
2026-03-25 02:01:21,809 - root - INFO - Train Results | R²: 0.9851 | RMSE: 0.0035 | IC: 0.9931 | RankIC: 0.9974
2026-03-25 02:01:21,846 - root - INFO - Epoch of Causal-TSF[30/10000],
2026-03-25 02:01:21,847 - root - INFO - Train Results | R²: 0.9865 | RMSE: 0.0033 | IC: 0.9938 | RankIC: 0.9954
2026-03-25 02:01:21,880 - root - INFO - Epoch of Causal-TSF[31/10000],
2026-03-25 02:01:21,880 - root - INFO - Train Results | R²: 0.9854 | RMSE: 0.0034 | IC: 0.9934 | RankIC: 0.9944
2026-03-25 02:01:21,912 - root - INFO - Epoch of Causal-TSF[32/10000],
2026-03-25 02:01:21,912 - root - INFO - Train Results | R²: 0.9873 | RMSE: 0.0032 | IC: 0.9941 | RankIC: 0.9957
2026-03-25 02:01:21,949 - root - INFO - Epoch of Causal-TSF[33/10000],
2026-03-25 02:01:21,949 - root - INFO - Train Results | R²: 0.9887 | RMSE: 0.0030 | IC: 0.9945 | RankIC: 0.9959
2026-03-25 02:01:21,982 - root - INFO - Epoch of Causal-TSF[34/10000],
2026-03-25 02:01:21,982 - root - INFO - Train Results | R²: 0.9893 | RMSE: 0.0029 | IC: 0.9949 | RankIC: 0.9964
2026-03-25 02:01:22,015 - root - INFO - Epoch of Causal-TSF[35/10000],
2026-03-25 02:01:22,015 - root - INFO - Train Results | R²: 0.9890 | RMSE: 0.0030 | IC: 0.9950 | RankIC: 0.9961
2026-03-25 02:01:22,051 - root - INFO - Epoch of Causal-TSF[36/10000],
2026-03-25 02:01:22,052 - root - INFO - Train Results | R²: 0.9909 | RMSE: 0.0027 | IC: 0.9958 | RankIC: 0.9964
2026-03-25 02:01:22,085 - root - INFO - Epoch of Causal-TSF[37/10000],
2026-03-25 02:01:22,085 - root - INFO - Train Results | R²: 0.9900 | RMSE: 0.0028 | IC: 0.9953 | RankIC: 0.9958
2026-03-25 02:01:22,117 - root - INFO - Epoch of Causal-TSF[38/10000],
2026-03-25 02:01:22,117 - root - INFO - Train Results | R²: 0.9913 | RMSE: 0.0026 | IC: 0.9959 | RankIC: 0.9963
2026-03-25 02:01:22,149 - root - INFO - Epoch of Causal-TSF[39/10000],
2026-03-25 02:01:22,149 - root - INFO - Train Results | R²: 0.9916 | RMSE: 0.0026 | IC: 0.9959 | RankIC: 0.9957
2026-03-25 02:01:22,189 - root - INFO - Epoch of Causal-TSF[40/10000],
2026-03-25 02:01:22,189 - root - INFO - Train Results | R²: 0.9929 | RMSE: 0.0024 | IC: 0.9965 | RankIC: 0.9959
2026-03-25 02:01:22,221 - root - INFO - Epoch of Causal-TSF[41/10000],
2026-03-25 02:01:22,221 - root - INFO - Train Results | R²: 0.9926 | RMSE: 0.0024 | IC: 0.9964 | RankIC: 0.9970
2026-03-25 02:01:22,254 - root - INFO - Epoch of Causal-TSF[42/10000],
2026-03-25 02:01:22,255 - root - INFO - Train Results | R²: 0.9927 | RMSE: 0.0024 | IC: 0.9965 | RankIC: 0.9971
2026-03-25 02:01:22,287 - root - INFO - Epoch of Causal-TSF[43/10000],
2026-03-25 02:01:22,287 - root - INFO - Train Results | R²: 0.9925 | RMSE: 0.0024 | IC: 0.9964 | RankIC: 0.9955
2026-03-25 02:01:22,321 - root - INFO - Epoch of Causal-TSF[44/10000],
2026-03-25 02:01:22,321 - root - INFO - Train Results | R²: 0.9924 | RMSE: 0.0025 | IC: 0.9963 | RankIC: 0.9937
2026-03-25 02:01:22,353 - root - INFO - Epoch of Causal-TSF[45/10000],
2026-03-25 02:01:22,353 - root - INFO - Train Results | R²: 0.9921 | RMSE: 0.0025 | IC: 0.9962 | RankIC: 0.9965
2026-03-25 02:01:22,387 - root - INFO - Epoch of Causal-TSF[46/10000],
2026-03-25 02:01:22,387 - root - INFO - Train Results | R²: 0.9936 | RMSE: 0.0023 | IC: 0.9971 | RankIC: 0.9972
2026-03-25 02:01:22,419 - root - INFO - Epoch of Causal-TSF[47/10000],
2026-03-25 02:01:22,419 - root - INFO - Train Results | R²: 0.9930 | RMSE: 0.0024 | IC: 0.9968 | RankIC: 0.9961
2026-03-25 02:01:22,452 - root - INFO - Epoch of Causal-TSF[48/10000],
2026-03-25 02:01:22,453 - root - INFO - Train Results | R²: 0.9931 | RMSE: 0.0024 | IC: 0.9966 | RankIC: 0.9947
2026-03-25 02:01:22,490 - root - INFO - Epoch of Causal-TSF[49/10000],
2026-03-25 02:01:22,491 - root - INFO - Train Results | R²: 0.9940 | RMSE: 0.0022 | IC: 0.9971 | RankIC: 0.9968
2026-03-25 02:01:22,522 - root - INFO - Epoch of Causal-TSF[50/10000],
2026-03-25 02:01:22,522 - root - INFO - Train Results | R²: 0.9938 | RMSE: 0.0022 | IC: 0.9973 | RankIC: 0.9972
2026-03-25 02:01:22,555 - root - INFO - Epoch of Causal-TSF[51/10000],
2026-03-25 02:01:22,555 - root - INFO - Train Results | R²: 0.9928 | RMSE: 0.0024 | IC: 0.9970 | RankIC: 0.9967
2026-03-25 02:01:22,592 - root - INFO - Epoch of Causal-TSF[52/10000],
2026-03-25 02:01:22,592 - root - INFO - Train Results | R²: 0.9940 | RMSE: 0.0022 | IC: 0.9971 | RankIC: 0.9969
2026-03-25 02:01:22,625 - root - INFO - Epoch of Causal-TSF[53/10000],
2026-03-25 02:01:22,625 - root - INFO - Train Results | R²: 0.9939 | RMSE: 0.0022 | IC: 0.9970 | RankIC: 0.9963
2026-03-25 02:01:22,659 - root - INFO - Epoch of Causal-TSF[54/10000],
2026-03-25 02:01:22,659 - root - INFO - Train Results | R²: 0.9936 | RMSE: 0.0023 | IC: 0.9970 | RankIC: 0.9965
2026-03-25 02:01:22,692 - root - INFO - Epoch of Causal-TSF[55/10000],
2026-03-25 02:01:22,692 - root - INFO - Train Results | R²: 0.9934 | RMSE: 0.0023 | IC: 0.9973 | RankIC: 0.9960
2026-03-25 02:01:22,726 - root - INFO - Epoch of Causal-TSF[56/10000],
2026-03-25 02:01:22,726 - root - INFO - Train Results | R²: 0.9933 | RMSE: 0.0023 | IC: 0.9971 | RankIC: 0.9954
2026-03-25 02:01:22,763 - root - INFO - Epoch of Causal-TSF[57/10000],
2026-03-25 02:01:22,763 - root - INFO - Train Results | R²: 0.9952 | RMSE: 0.0020 | IC: 0.9977 | RankIC: 0.9960
2026-03-25 02:01:22,796 - root - INFO - Epoch of Causal-TSF[58/10000],
2026-03-25 02:01:22,796 - root - INFO - Train Results | R²: 0.9945 | RMSE: 0.0021 | IC: 0.9973 | RankIC: 0.9962
2026-03-25 02:01:22,831 - root - INFO - Epoch of Causal-TSF[59/10000],
2026-03-25 02:01:22,831 - root - INFO - Train Results | R²: 0.9949 | RMSE: 0.0020 | IC: 0.9975 | RankIC: 0.9957
2026-03-25 02:01:22,863 - root - INFO - Epoch of Causal-TSF[60/10000],
2026-03-25 02:01:22,864 - root - INFO - Train Results | R²: 0.9952 | RMSE: 0.0020 | IC: 0.9977 | RankIC: 0.9967
2026-03-25 02:01:22,896 - root - INFO - Epoch of Causal-TSF[61/10000],
2026-03-25 02:01:22,896 - root - INFO - Train Results | R²: 0.9947 | RMSE: 0.0021 | IC: 0.9974 | RankIC: 0.9961
2026-03-25 02:01:22,930 - root - INFO - Epoch of Causal-TSF[62/10000],
2026-03-25 02:01:22,930 - root - INFO - Train Results | R²: 0.9952 | RMSE: 0.0020 | IC: 0.9977 | RankIC: 0.9959
2026-03-25 02:01:22,963 - root - INFO - Epoch of Causal-TSF[63/10000],
2026-03-25 02:01:22,963 - root - INFO - Train Results | R²: 0.9957 | RMSE: 0.0018 | IC: 0.9979 | RankIC: 0.9959
2026-03-25 02:01:22,996 - root - INFO - Epoch of Causal-TSF[64/10000],
2026-03-25 02:01:22,996 - root - INFO - Train Results | R²: 0.9955 | RMSE: 0.0019 | IC: 0.9978 | RankIC: 0.9960
2026-03-25 02:01:23,028 - root - INFO - Epoch of Causal-TSF[65/10000],
2026-03-25 02:01:23,028 - root - INFO - Train Results | R²: 0.9940 | RMSE: 0.0022 | IC: 0.9971 | RankIC: 0.9951
2026-03-25 02:01:23,066 - root - INFO - Epoch of Causal-TSF[66/10000],
2026-03-25 02:01:23,066 - root - INFO - Train Results | R²: 0.9955 | RMSE: 0.0019 | IC: 0.9978 | RankIC: 0.9957
2026-03-25 02:01:23,101 - root - INFO - Epoch of Causal-TSF[67/10000],
2026-03-25 02:01:23,101 - root - INFO - Train Results | R²: 0.9947 | RMSE: 0.0021 | IC: 0.9974 | RankIC: 0.9941
2026-03-25 02:01:23,137 - root - INFO - Epoch of Causal-TSF[68/10000],
2026-03-25 02:01:23,137 - root - INFO - Train Results | R²: 0.9950 | RMSE: 0.0020 | IC: 0.9976 | RankIC: 0.9956
2026-03-25 02:01:23,170 - root - INFO - Epoch of Causal-TSF[69/10000],
2026-03-25 02:01:23,170 - root - INFO - Train Results | R²: 0.9953 | RMSE: 0.0019 | IC: 0.9977 | RankIC: 0.9956
2026-03-25 02:01:23,204 - root - INFO - Epoch of Causal-TSF[70/10000],
2026-03-25 02:01:23,204 - root - INFO - Train Results | R²: 0.9957 | RMSE: 0.0019 | IC: 0.9979 | RankIC: 0.9959
2026-03-25 02:01:23,238 - root - INFO - Epoch of Causal-TSF[71/10000],
2026-03-25 02:01:23,238 - root - INFO - Train Results | R²: 0.9951 | RMSE: 0.0020 | IC: 0.9977 | RankIC: 0.9945
2026-03-25 02:01:23,271 - root - INFO - Epoch of Causal-TSF[72/10000],
2026-03-25 02:01:23,271 - root - INFO - Train Results | R²: 0.9952 | RMSE: 0.0020 | IC: 0.9978 | RankIC: 0.9960
2026-03-25 02:01:23,305 - root - INFO - Epoch of Causal-TSF[73/10000],
2026-03-25 02:01:23,305 - root - INFO - Train Results | R²: 0.9944 | RMSE: 0.0021 | IC: 0.9972 | RankIC: 0.9944
2026-03-25 02:01:23,337 - root - INFO - Epoch of Causal-TSF[74/10000],
2026-03-25 02:01:23,337 - root - INFO - Train Results | R²: 0.9959 | RMSE: 0.0018 | IC: 0.9980 | RankIC: 0.9959
2026-03-25 02:01:23,370 - root - INFO - Epoch of Causal-TSF[75/10000],
2026-03-25 02:01:23,370 - root - INFO - Train Results | R²: 0.9956 | RMSE: 0.0019 | IC: 0.9981 | RankIC: 0.9968
2026-03-25 02:01:23,403 - root - INFO - Epoch of Causal-TSF[76/10000],
2026-03-25 02:01:23,403 - root - INFO - Train Results | R²: 0.9956 | RMSE: 0.0019 | IC: 0.9982 | RankIC: 0.9957
2026-03-25 02:01:23,436 - root - INFO - Epoch of Causal-TSF[77/10000],
2026-03-25 02:01:23,436 - root - INFO - Train Results | R²: 0.9943 | RMSE: 0.0021 | IC: 0.9977 | RankIC: 0.9960
2026-03-25 02:01:23,467 - root - INFO - Epoch of Causal-TSF[78/10000],
2026-03-25 02:01:23,467 - root - INFO - Train Results | R²: 0.9955 | RMSE: 0.0019 | IC: 0.9979 | RankIC: 0.9951
2026-03-25 02:01:23,500 - root - INFO - Epoch of Causal-TSF[79/10000],
2026-03-25 02:01:23,500 - root - INFO - Train Results | R²: 0.9961 | RMSE: 0.0018 | IC: 0.9981 | RankIC: 0.9937
2026-03-25 02:01:23,532 - root - INFO - Epoch of Causal-TSF[80/10000],
2026-03-25 02:01:23,532 - root - INFO - Train Results | R²: 0.9944 | RMSE: 0.0021 | IC: 0.9972 | RankIC: 0.9946
2026-03-25 02:01:23,572 - root - INFO - Epoch of Causal-TSF[81/10000],
2026-03-25 02:01:23,573 - root - INFO - Train Results | R²: 0.9966 | RMSE: 0.0017 | IC: 0.9983 | RankIC: 0.9952
2026-03-25 02:01:23,607 - root - INFO - Epoch of Causal-TSF[82/10000],
2026-03-25 02:01:23,607 - root - INFO - Train Results | R²: 0.9959 | RMSE: 0.0018 | IC: 0.9981 | RankIC: 0.9961
2026-03-25 02:01:23,640 - root - INFO - Epoch of Causal-TSF[83/10000],
2026-03-25 02:01:23,640 - root - INFO - Train Results | R²: 0.9952 | RMSE: 0.0020 | IC: 0.9978 | RankIC: 0.9950
2026-03-25 02:01:23,673 - root - INFO - Epoch of Causal-TSF[84/10000],
2026-03-25 02:01:23,673 - root - INFO - Train Results | R²: 0.9970 | RMSE: 0.0016 | IC: 0.9985 | RankIC: 0.9978
2026-03-25 02:01:23,702 - root - INFO - Epoch of Causal-TSF[85/10000],
2026-03-25 02:01:23,702 - root - INFO - Train Results | R²: 0.9962 | RMSE: 0.0017 | IC: 0.9981 | RankIC: 0.9973
2026-03-25 02:01:23,732 - root - INFO - Epoch of Causal-TSF[86/10000],
2026-03-25 02:01:23,732 - root - INFO - Train Results | R²: 0.9967 | RMSE: 0.0016 | IC: 0.9983 | RankIC: 0.9962
2026-03-25 02:01:23,761 - root - INFO - Epoch of Causal-TSF[87/10000],
2026-03-25 02:01:23,761 - root - INFO - Train Results | R²: 0.9962 | RMSE: 0.0017 | IC: 0.9981 | RankIC: 0.9945
2026-03-25 02:01:23,790 - root - INFO - Epoch of Causal-TSF[88/10000],
2026-03-25 02:01:23,790 - root - INFO - Train Results | R²: 0.9974 | RMSE: 0.0014 | IC: 0.9987 | RankIC: 0.9968
2026-03-25 02:01:23,819 - root - INFO - Epoch of Causal-TSF[89/10000],
2026-03-25 02:01:23,819 - root - INFO - Train Results | R²: 0.9968 | RMSE: 0.0016 | IC: 0.9985 | RankIC: 0.9964
2026-03-25 02:01:23,851 - root - INFO - Epoch of Causal-TSF[90/10000],
2026-03-25 02:01:23,851 - root - INFO - Train Results | R²: 0.9968 | RMSE: 0.0016 | IC: 0.9985 | RankIC: 0.9969
2026-03-25 02:01:23,883 - root - INFO - Epoch of Causal-TSF[91/10000],
2026-03-25 02:01:23,883 - root - INFO - Train Results | R²: 0.9964 | RMSE: 0.0017 | IC: 0.9983 | RankIC: 0.9966
2026-03-25 02:01:23,918 - root - INFO - Epoch of Causal-TSF[92/10000],
2026-03-25 02:01:23,918 - root - INFO - Train Results | R²: 0.9963 | RMSE: 0.0017 | IC: 0.9982 | RankIC: 0.9949
2026-03-25 02:01:23,950 - root - INFO - Epoch of Causal-TSF[93/10000],
2026-03-25 02:01:23,950 - root - INFO - Train Results | R²: 0.9967 | RMSE: 0.0016 | IC: 0.9984 | RankIC: 0.9953
2026-03-25 02:01:23,983 - root - INFO - Epoch of Causal-TSF[94/10000],
2026-03-25 02:01:23,984 - root - INFO - Train Results | R²: 0.9966 | RMSE: 0.0017 | IC: 0.9983 | RankIC: 0.9959
2026-03-25 02:01:24,017 - root - INFO - Epoch of Causal-TSF[95/10000],
2026-03-25 02:01:24,017 - root - INFO - Train Results | R²: 0.9970 | RMSE: 0.0015 | IC: 0.9986 | RankIC: 0.9966
2026-03-25 02:01:24,046 - root - INFO - Epoch of Causal-TSF[96/10000],
2026-03-25 02:01:24,046 - root - INFO - Train Results | R²: 0.9967 | RMSE: 0.0016 | IC: 0.9984 | RankIC: 0.9966
2026-03-25 02:01:24,075 - root - INFO - Epoch of Causal-TSF[97/10000],
2026-03-25 02:01:24,075 - root - INFO - Train Results | R²: 0.9962 | RMSE: 0.0017 | IC: 0.9982 | RankIC: 0.9960
2026-03-25 02:01:24,106 - root - INFO - Epoch of Causal-TSF[98/10000],
2026-03-25 02:01:24,106 - root - INFO - Train Results | R²: 0.9959 | RMSE: 0.0018 | IC: 0.9982 | RankIC: 0.9961
2026-03-25 02:01:24,135 - root - INFO - Epoch of Causal-TSF[99/10000],
2026-03-25 02:01:24,135 - root - INFO - Train Results | R²: 0.9971 | RMSE: 0.0015 | IC: 0.9986 | RankIC: 0.9967
2026-03-25 02:01:24,166 - root - INFO - Epoch of Causal-TSF[100/10000],
2026-03-25 02:01:24,166 - root - INFO - Train Results | R²: 0.9971 | RMSE: 0.0015 | IC: 0.9986 | RankIC: 0.9961
2026-03-25 02:01:24,196 - root - INFO - Epoch of Causal-TSF[101/10000],
2026-03-25 02:01:24,196 - root - INFO - Train Results | R²: 0.9964 | RMSE: 0.0017 | IC: 0.9982 | RankIC: 0.9965
2026-03-25 02:01:24,226 - root - INFO - Epoch of Causal-TSF[102/10000],
2026-03-25 02:01:24,226 - root - INFO - Train Results | R²: 0.9960 | RMSE: 0.0018 | IC: 0.9983 | RankIC: 0.9957
2026-03-25 02:01:24,256 - root - INFO - Epoch of Causal-TSF[103/10000],
2026-03-25 02:01:24,256 - root - INFO - Train Results | R²: 0.9948 | RMSE: 0.0020 | IC: 0.9977 | RankIC: 0.9942
2026-03-25 02:01:24,288 - root - INFO - Epoch of Causal-TSF[104/10000],
2026-03-25 02:01:24,288 - root - INFO - Train Results | R²: 0.9958 | RMSE: 0.0018 | IC: 0.9981 | RankIC: 0.9947
2026-03-25 02:01:24,318 - root - INFO - Epoch of Causal-TSF[105/10000],
2026-03-25 02:01:24,318 - root - INFO - Train Results | R²: 0.9961 | RMSE: 0.0018 | IC: 0.9982 | RankIC: 0.9938
2026-03-25 02:01:24,351 - root - INFO - Epoch of Causal-TSF[106/10000],
2026-03-25 02:01:24,352 - root - INFO - Train Results | R²: 0.9978 | RMSE: 0.0013 | IC: 0.9989 | RankIC: 0.9976
2026-03-25 02:01:24,384 - root - INFO - Epoch of Causal-TSF[107/10000],
2026-03-25 02:01:24,384 - root - INFO - Train Results | R²: 0.9969 | RMSE: 0.0016 | IC: 0.9985 | RankIC: 0.9968
2026-03-25 02:01:24,418 - root - INFO - Epoch of Causal-TSF[108/10000],
2026-03-25 02:01:24,418 - root - INFO - Train Results | R²: 0.9959 | RMSE: 0.0018 | IC: 0.9982 | RankIC: 0.9962
2026-03-25 02:01:24,451 - root - INFO - Epoch of Causal-TSF[109/10000],
2026-03-25 02:01:24,451 - root - INFO - Train Results | R²: 0.9969 | RMSE: 0.0016 | IC: 0.9986 | RankIC: 0.9970
2026-03-25 02:01:24,483 - root - INFO - Epoch of Causal-TSF[110/10000],
2026-03-25 02:01:24,483 - root - INFO - Train Results | R²: 0.9973 | RMSE: 0.0015 | IC: 0.9987 | RankIC: 0.9956
2026-03-25 02:01:24,516 - root - INFO - Epoch of Causal-TSF[111/10000],
2026-03-25 02:01:24,516 - root - INFO - Train Results | R²: 0.9977 | RMSE: 0.0014 | IC: 0.9989 | RankIC: 0.9978
2026-03-25 02:01:24,548 - root - INFO - Epoch of Causal-TSF[112/10000],
2026-03-25 02:01:24,548 - root - INFO - Train Results | R²: 0.9972 | RMSE: 0.0015 | IC: 0.9986 | RankIC: 0.9970
2026-03-25 02:01:24,580 - root - INFO - Epoch of Causal-TSF[113/10000],
2026-03-25 02:01:24,580 - root - INFO - Train Results | R²: 0.9956 | RMSE: 0.0019 | IC: 0.9978 | RankIC: 0.9943
2026-03-25 02:01:24,613 - root - INFO - Epoch of Causal-TSF[114/10000],
2026-03-25 02:01:24,614 - root - INFO - Train Results | R²: 0.9971 | RMSE: 0.0015 | IC: 0.9987 | RankIC: 0.9968
2026-03-25 02:01:24,645 - root - INFO - Epoch of Causal-TSF[115/10000],
2026-03-25 02:01:24,645 - root - INFO - Train Results | R²: 0.9972 | RMSE: 0.0015 | IC: 0.9986 | RankIC: 0.9971
2026-03-25 02:01:24,677 - root - INFO - Epoch of Causal-TSF[116/10000],
2026-03-25 02:01:24,677 - root - INFO - Train Results | R²: 0.9963 | RMSE: 0.0017 | IC: 0.9982 | RankIC: 0.9961
2026-03-25 02:01:24,708 - root - INFO - Epoch of Causal-TSF[117/10000],
2026-03-25 02:01:24,708 - root - INFO - Train Results | R²: 0.9966 | RMSE: 0.0017 | IC: 0.9983 | RankIC: 0.9965
2026-03-25 02:01:24,740 - root - INFO - Epoch of Causal-TSF[118/10000],
2026-03-25 02:01:24,740 - root - INFO - Train Results | R²: 0.9975 | RMSE: 0.0014 | IC: 0.9987 | RankIC: 0.9978
2026-03-25 02:01:24,773 - root - INFO - Epoch of Causal-TSF[119/10000],
2026-03-25 02:01:24,773 - root - INFO - Train Results | R²: 0.9963 | RMSE: 0.0017 | IC: 0.9983 | RankIC: 0.9964
2026-03-25 02:01:24,806 - root - INFO - Epoch of Causal-TSF[120/10000],
2026-03-25 02:01:24,806 - root - INFO - Train Results | R²: 0.9962 | RMSE: 0.0017 | IC: 0.9984 | RankIC: 0.9963
2026-03-25 02:01:24,838 - root - INFO - Epoch of Causal-TSF[121/10000],
2026-03-25 02:01:24,839 - root - INFO - Train Results | R²: 0.9961 | RMSE: 0.0018 | IC: 0.9985 | RankIC: 0.9968
2026-03-25 02:01:24,869 - root - INFO - Epoch of Causal-TSF[122/10000],
2026-03-25 02:01:24,869 - root - INFO - Train Results | R²: 0.9975 | RMSE: 0.0014 | IC: 0.9989 | RankIC: 0.9968
2026-03-25 02:01:24,901 - root - INFO - Epoch of Causal-TSF[123/10000],
2026-03-25 02:01:24,901 - root - INFO - Train Results | R²: 0.9972 | RMSE: 0.0015 | IC: 0.9986 | RankIC: 0.9959
2026-03-25 02:01:24,936 - root - INFO - Epoch of Causal-TSF[124/10000],
2026-03-25 02:01:24,936 - root - INFO - Train Results | R²: 0.9969 | RMSE: 0.0016 | IC: 0.9985 | RankIC: 0.9959
2026-03-25 02:01:24,969 - root - INFO - Epoch of Causal-TSF[125/10000],
2026-03-25 02:01:24,969 - root - INFO - Train Results | R²: 0.9962 | RMSE: 0.0017 | IC: 0.9982 | RankIC: 0.9963
2026-03-25 02:01:25,001 - root - INFO - Epoch of Causal-TSF[126/10000],
2026-03-25 02:01:25,001 - root - INFO - Train Results | R²: 0.9970 | RMSE: 0.0016 | IC: 0.9985 | RankIC: 0.9965
2026-03-25 02:01:25,033 - root - INFO - Epoch of Causal-TSF[127/10000],
2026-03-25 02:01:25,033 - root - INFO - Train Results | R²: 0.9963 | RMSE: 0.0017 | IC: 0.9982 | RankIC: 0.9953
2026-03-25 02:01:25,065 - root - INFO - Epoch of Causal-TSF[128/10000],
2026-03-25 02:01:25,065 - root - INFO - Train Results | R²: 0.9957 | RMSE: 0.0019 | IC: 0.9978 | RankIC: 0.9946
2026-03-25 02:01:25,098 - root - INFO - Epoch of Causal-TSF[129/10000],
2026-03-25 02:01:25,098 - root - INFO - Train Results | R²: 0.9966 | RMSE: 0.0017 | IC: 0.9984 | RankIC: 0.9962
2026-03-25 02:01:25,131 - root - INFO - Epoch of Causal-TSF[130/10000],
2026-03-25 02:01:25,131 - root - INFO - Train Results | R²: 0.9977 | RMSE: 0.0014 | IC: 0.9989 | RankIC: 0.9970
2026-03-25 02:01:25,163 - root - INFO - Epoch of Causal-TSF[131/10000],
2026-03-25 02:01:25,163 - root - INFO - Train Results | R²: 0.9973 | RMSE: 0.0015 | IC: 0.9987 | RankIC: 0.9972
2026-03-25 02:01:25,196 - root - INFO - Epoch of Causal-TSF[132/10000],
2026-03-25 02:01:25,196 - root - INFO - Train Results | R²: 0.9966 | RMSE: 0.0017 | IC: 0.9983 | RankIC: 0.9967
2026-03-25 02:01:25,228 - root - INFO - Epoch of Causal-TSF[133/10000],
2026-03-25 02:01:25,228 - root - INFO - Train Results | R²: 0.9970 | RMSE: 0.0016 | IC: 0.9985 | RankIC: 0.9968
2026-03-25 02:01:25,261 - root - INFO - Epoch of Causal-TSF[134/10000],
2026-03-25 02:01:25,261 - root - INFO - Train Results | R²: 0.9965 | RMSE: 0.0017 | IC: 0.9983 | RankIC: 0.9956
2026-03-25 02:01:25,293 - root - INFO - Epoch of Causal-TSF[135/10000],
2026-03-25 02:01:25,293 - root - INFO - Train Results | R²: 0.9967 | RMSE: 0.0016 | IC: 0.9984 | RankIC: 0.9970
2026-03-25 02:01:25,326 - root - INFO - Epoch of Causal-TSF[136/10000],
2026-03-25 02:01:25,326 - root - INFO - Train Results | R²: 0.9955 | RMSE: 0.0019 | IC: 0.9980 | RankIC: 0.9953
2026-03-25 02:01:25,359 - root - INFO - Epoch of Causal-TSF[137/10000],
2026-03-25 02:01:25,359 - root - INFO - Train Results | R²: 0.9963 | RMSE: 0.0017 | IC: 0.9986 | RankIC: 0.9963
2026-03-25 02:01:25,392 - root - INFO - Epoch of Causal-TSF[138/10000],
2026-03-25 02:01:25,392 - root - INFO - Train Results | R²: 0.9954 | RMSE: 0.0019 | IC: 0.9980 | RankIC: 0.9949
2026-03-25 02:01:25,426 - root - INFO - Epoch of Causal-TSF[139/10000],
2026-03-25 02:01:25,426 - root - INFO - Train Results | R²: 0.9967 | RMSE: 0.0016 | IC: 0.9986 | RankIC: 0.9956
2026-03-25 02:01:25,458 - root - INFO - Epoch of Causal-TSF[140/10000],
2026-03-25 02:01:25,458 - root - INFO - Train Results | R²: 0.9957 | RMSE: 0.0019 | IC: 0.9981 | RankIC: 0.9954
2026-03-25 02:01:25,491 - root - INFO - Epoch of Causal-TSF[141/10000],
2026-03-25 02:01:25,491 - root - INFO - Train Results | R²: 0.9938 | RMSE: 0.0022 | IC: 0.9971 | RankIC: 0.9945
2026-03-25 02:01:25,524 - root - INFO - Epoch of Causal-TSF[142/10000],
2026-03-25 02:01:25,525 - root - INFO - Train Results | R²: 0.9929 | RMSE: 0.0024 | IC: 0.9968 | RankIC: 0.9938
2026-03-25 02:01:25,557 - root - INFO - Epoch of Causal-TSF[143/10000],
2026-03-25 02:01:25,557 - root - INFO - Train Results | R²: 0.9944 | RMSE: 0.0021 | IC: 0.9981 | RankIC: 0.9958
2026-03-25 02:01:25,590 - root - INFO - Epoch of Causal-TSF[144/10000],
2026-03-25 02:01:25,590 - root - INFO - Train Results | R²: 0.9948 | RMSE: 0.0020 | IC: 0.9985 | RankIC: 0.9962
2026-03-25 02:01:25,622 - root - INFO - Epoch of Causal-TSF[145/10000],
2026-03-25 02:01:25,622 - root - INFO - Train Results | R²: 0.9954 | RMSE: 0.0019 | IC: 0.9984 | RankIC: 0.9958
2026-03-25 02:01:25,655 - root - INFO - Epoch of Causal-TSF[146/10000],
2026-03-25 02:01:25,655 - root - INFO - Train Results | R²: 0.9959 | RMSE: 0.0018 | IC: 0.9984 | RankIC: 0.9974
2026-03-25 02:01:25,689 - root - INFO - Epoch of Causal-TSF[147/10000],
2026-03-25 02:01:25,689 - root - INFO - Train Results | R²: 0.9964 | RMSE: 0.0017 | IC: 0.9986 | RankIC: 0.9966
2026-03-25 02:01:25,721 - root - INFO - Epoch of Causal-TSF[148/10000],
2026-03-25 02:01:25,722 - root - INFO - Train Results | R²: 0.9956 | RMSE: 0.0019 | IC: 0.9982 | RankIC: 0.9960
2026-03-25 02:01:25,754 - root - INFO - Epoch of Causal-TSF[149/10000],
2026-03-25 02:01:25,754 - root - INFO - Train Results | R²: 0.9955 | RMSE: 0.0019 | IC: 0.9979 | RankIC: 0.9951
2026-03-25 02:01:25,787 - root - INFO - Epoch of Causal-TSF[150/10000],
2026-03-25 02:01:25,787 - root - INFO - Train Results | R²: 0.9967 | RMSE: 0.0016 | IC: 0.9984 | RankIC: 0.9949
2026-03-25 02:01:25,822 - root - INFO - Epoch of Causal-TSF[151/10000],
2026-03-25 02:01:25,822 - root - INFO - Train Results | R²: 0.9961 | RMSE: 0.0018 | IC: 0.9983 | RankIC: 0.9970
2026-03-25 02:01:25,855 - root - INFO - Epoch of Causal-TSF[152/10000],
2026-03-25 02:01:25,855 - root - INFO - Train Results | R²: 0.9967 | RMSE: 0.0016 | IC: 0.9985 | RankIC: 0.9968
2026-03-25 02:01:25,890 - root - INFO - Epoch of Causal-TSF[153/10000],
2026-03-25 02:01:25,890 - root - INFO - Train Results | R²: 0.9962 | RMSE: 0.0017 | IC: 0.9983 | RankIC: 0.9955
2026-03-25 02:01:25,923 - root - INFO - Epoch of Causal-TSF[154/10000],
2026-03-25 02:01:25,923 - root - INFO - Train Results | R²: 0.9960 | RMSE: 0.0018 | IC: 0.9981 | RankIC: 0.9946
2026-03-25 02:01:25,958 - root - INFO - Epoch of Causal-TSF[155/10000],
2026-03-25 02:01:25,958 - root - INFO - Train Results | R²: 0.9968 | RMSE: 0.0016 | IC: 0.9985 | RankIC: 0.9972
2026-03-25 02:01:25,991 - root - INFO - Epoch of Causal-TSF[156/10000],
2026-03-25 02:01:25,992 - root - INFO - Train Results | R²: 0.9969 | RMSE: 0.0016 | IC: 0.9985 | RankIC: 0.9969
2026-03-25 02:01:26,027 - root - INFO - Epoch of Causal-TSF[157/10000],
2026-03-25 02:01:26,027 - root - INFO - Train Results | R²: 0.9969 | RMSE: 0.0016 | IC: 0.9985 | RankIC: 0.9968
2026-03-25 02:01:26,059 - root - INFO - Epoch of Causal-TSF[158/10000],
2026-03-25 02:01:26,059 - root - INFO - Train Results | R²: 0.9967 | RMSE: 0.0016 | IC: 0.9984 | RankIC: 0.9971
2026-03-25 02:01:26,091 - root - INFO - Epoch of Causal-TSF[159/10000],
2026-03-25 02:01:26,091 - root - INFO - Train Results | R²: 0.9957 | RMSE: 0.0018 | IC: 0.9982 | RankIC: 0.9948
2026-03-25 02:01:26,127 - root - INFO - Epoch of Causal-TSF[160/10000],
2026-03-25 02:01:26,127 - root - INFO - Train Results | R²: 0.9963 | RMSE: 0.0017 | IC: 0.9983 | RankIC: 0.9964
2026-03-25 02:01:26,160 - root - INFO - Epoch of Causal-TSF[161/10000],
2026-03-25 02:01:26,160 - root - INFO - Train Results | R²: 0.9975 | RMSE: 0.0014 | IC: 0.9988 | RankIC: 0.9963
2026-03-25 02:01:26,193 - root - INFO - Epoch of Causal-TSF[162/10000],
2026-03-25 02:01:26,194 - root - INFO - Train Results | R²: 0.9969 | RMSE: 0.0016 | IC: 0.9985 | RankIC: 0.9970
2026-03-25 02:01:26,226 - root - INFO - Epoch of Causal-TSF[163/10000],
2026-03-25 02:01:26,226 - root - INFO - Train Results | R²: 0.9965 | RMSE: 0.0017 | IC: 0.9983 | RankIC: 0.9960
2026-03-25 02:01:26,259 - root - INFO - Epoch of Causal-TSF[164/10000],
2026-03-25 02:01:26,259 - root - INFO - Train Results | R²: 0.9969 | RMSE: 0.0016 | IC: 0.9985 | RankIC: 0.9966
2026-03-25 02:01:26,294 - root - INFO - Epoch of Causal-TSF[165/10000],
2026-03-25 02:01:26,294 - root - INFO - Train Results | R²: 0.9963 | RMSE: 0.0017 | IC: 0.9982 | RankIC: 0.9972
2026-03-25 02:01:26,325 - root - INFO - Epoch of Causal-TSF[166/10000],
2026-03-25 02:01:26,325 - root - INFO - Train Results | R²: 0.9962 | RMSE: 0.0017 | IC: 0.9982 | RankIC: 0.9961
2026-03-25 02:01:26,357 - root - INFO - Epoch of Causal-TSF[167/10000],
2026-03-25 02:01:26,357 - root - INFO - Train Results | R²: 0.9967 | RMSE: 0.0016 | IC: 0.9985 | RankIC: 0.9963
2026-03-25 02:01:26,389 - root - INFO - Epoch of Causal-TSF[168/10000],
2026-03-25 02:01:26,390 - root - INFO - Train Results | R²: 0.9969 | RMSE: 0.0016 | IC: 0.9985 | RankIC: 0.9958
2026-03-25 02:01:26,422 - root - INFO - Epoch of Causal-TSF[169/10000],
2026-03-25 02:01:26,422 - root - INFO - Train Results | R²: 0.9957 | RMSE: 0.0019 | IC: 0.9979 | RankIC: 0.9965
2026-03-25 02:01:26,454 - root - INFO - Epoch of Causal-TSF[170/10000],
2026-03-25 02:01:26,454 - root - INFO - Train Results | R²: 0.9971 | RMSE: 0.0015 | IC: 0.9986 | RankIC: 0.9964
2026-03-25 02:01:26,487 - root - INFO - Epoch of Causal-TSF[171/10000],
2026-03-25 02:01:26,488 - root - INFO - Train Results | R²: 0.9968 | RMSE: 0.0016 | IC: 0.9984 | RankIC: 0.9967
2026-03-25 02:01:26,522 - root - INFO - Epoch of Causal-TSF[172/10000],
2026-03-25 02:01:26,522 - root - INFO - Train Results | R²: 0.9968 | RMSE: 0.0016 | IC: 0.9985 | RankIC: 0.9962
2026-03-25 02:01:26,554 - root - INFO - Epoch of Causal-TSF[173/10000],
2026-03-25 02:01:26,554 - root - INFO - Train Results | R²: 0.9979 | RMSE: 0.0013 | IC: 0.9990 | RankIC: 0.9970
2026-03-25 02:01:26,587 - root - INFO - Epoch of Causal-TSF[174/10000],
2026-03-25 02:01:26,587 - root - INFO - Train Results | R²: 0.9960 | RMSE: 0.0018 | IC: 0.9981 | RankIC: 0.9958
2026-03-25 02:01:26,619 - root - INFO - Epoch of Causal-TSF[175/10000],
2026-03-25 02:01:26,619 - root - INFO - Train Results | R²: 0.9968 | RMSE: 0.0016 | IC: 0.9984 | RankIC: 0.9974
2026-03-25 02:01:26,653 - root - INFO - Epoch of Causal-TSF[176/10000],
2026-03-25 02:01:26,654 - root - INFO - Train Results | R²: 0.9970 | RMSE: 0.0015 | IC: 0.9987 | RankIC: 0.9970
2026-03-25 02:01:26,687 - root - INFO - Epoch of Causal-TSF[177/10000],
2026-03-25 02:01:26,687 - root - INFO - Train Results | R²: 0.9965 | RMSE: 0.0017 | IC: 0.9983 | RankIC: 0.9961
2026-03-25 02:01:26,721 - root - INFO - Epoch of Causal-TSF[178/10000],
2026-03-25 02:01:26,721 - root - INFO - Train Results | R²: 0.9969 | RMSE: 0.0016 | IC: 0.9985 | RankIC: 0.9959
2026-03-25 02:01:26,754 - root - INFO - Epoch of Causal-TSF[179/10000],
2026-03-25 02:01:26,754 - root - INFO - Train Results | R²: 0.9967 | RMSE: 0.0016 | IC: 0.9984 | RankIC: 0.9961
2026-03-25 02:01:26,787 - root - INFO - Epoch of Causal-TSF[180/10000],
2026-03-25 02:01:26,787 - root - INFO - Train Results | R²: 0.9970 | RMSE: 0.0015 | IC: 0.9986 | RankIC: 0.9970
2026-03-25 02:01:26,822 - root - INFO - Epoch of Causal-TSF[181/10000],
2026-03-25 02:01:26,822 - root - INFO - Train Results | R²: 0.9967 | RMSE: 0.0016 | IC: 0.9985 | RankIC: 0.9968
2026-03-25 02:01:26,854 - root - INFO - Epoch of Causal-TSF[182/10000],
2026-03-25 02:01:26,854 - root - INFO - Train Results | R²: 0.9963 | RMSE: 0.0017 | IC: 0.9982 | RankIC: 0.9959
2026-03-25 02:01:26,887 - root - INFO - Epoch of Causal-TSF[183/10000],
2026-03-25 02:01:26,887 - root - INFO - Train Results | R²: 0.9970 | RMSE: 0.0016 | IC: 0.9986 | RankIC: 0.9965
2026-03-25 02:01:26,919 - root - INFO - Epoch of Causal-TSF[184/10000],
2026-03-25 02:01:26,919 - root - INFO - Train Results | R²: 0.9967 | RMSE: 0.0016 | IC: 0.9985 | RankIC: 0.9967
2026-03-25 02:01:26,951 - root - INFO - Epoch of Causal-TSF[185/10000],
2026-03-25 02:01:26,951 - root - INFO - Train Results | R²: 0.9975 | RMSE: 0.0014 | IC: 0.9988 | RankIC: 0.9973
2026-03-25 02:01:26,983 - root - INFO - Epoch of Causal-TSF[186/10000],
2026-03-25 02:01:26,983 - root - INFO - Train Results | R²: 0.9962 | RMSE: 0.0017 | IC: 0.9982 | RankIC: 0.9952
2026-03-25 02:01:27,015 - root - INFO - Epoch of Causal-TSF[187/10000],
2026-03-25 02:01:27,015 - root - INFO - Train Results | R²: 0.9970 | RMSE: 0.0016 | IC: 0.9985 | RankIC: 0.9965
2026-03-25 02:01:27,048 - root - INFO - Epoch of Causal-TSF[188/10000],
2026-03-25 02:01:27,048 - root - INFO - Train Results | R²: 0.9967 | RMSE: 0.0016 | IC: 0.9985 | RankIC: 0.9964
2026-03-25 02:01:27,080 - root - INFO - Epoch of Causal-TSF[189/10000],
2026-03-25 02:01:27,081 - root - INFO - Train Results | R²: 0.9961 | RMSE: 0.0018 | IC: 0.9983 | RankIC: 0.9959
2026-03-25 02:01:27,112 - root - INFO - Epoch of Causal-TSF[190/10000],
2026-03-25 02:01:27,113 - root - INFO - Train Results | R²: 0.9975 | RMSE: 0.0014 | IC: 0.9988 | RankIC: 0.9965
2026-03-25 02:01:27,145 - root - INFO - Epoch of Causal-TSF[191/10000],
2026-03-25 02:01:27,145 - root - INFO - Train Results | R²: 0.9941 | RMSE: 0.0022 | IC: 0.9971 | RankIC: 0.9915
2026-03-25 02:01:27,177 - root - INFO - Epoch of Causal-TSF[192/10000],
2026-03-25 02:01:27,177 - root - INFO - Train Results | R²: 0.9959 | RMSE: 0.0018 | IC: 0.9981 | RankIC: 0.9953
2026-03-25 02:01:27,209 - root - INFO - Epoch of Causal-TSF[193/10000],
2026-03-25 02:01:27,210 - root - INFO - Train Results | R²: 0.9964 | RMSE: 0.0017 | IC: 0.9984 | RankIC: 0.9968
2026-03-25 02:01:27,242 - root - INFO - Epoch of Causal-TSF[194/10000],
2026-03-25 02:01:27,243 - root - INFO - Train Results | R²: 0.9967 | RMSE: 0.0016 | IC: 0.9985 | RankIC: 0.9960
2026-03-25 02:01:27,275 - root - INFO - Epoch of Causal-TSF[195/10000],
2026-03-25 02:01:27,275 - root - INFO - Train Results | R²: 0.9959 | RMSE: 0.0018 | IC: 0.9981 | RankIC: 0.9964
2026-03-25 02:01:27,307 - root - INFO - Epoch of Causal-TSF[196/10000],
2026-03-25 02:01:27,307 - root - INFO - Train Results | R²: 0.9968 | RMSE: 0.0016 | IC: 0.9986 | RankIC: 0.9963
2026-03-25 02:01:27,339 - root - INFO - Epoch of Causal-TSF[197/10000],
2026-03-25 02:01:27,339 - root - INFO - Train Results | R²: 0.9970 | RMSE: 0.0016 | IC: 0.9986 | RankIC: 0.9965
2026-03-25 02:01:27,370 - root - INFO - Epoch of Causal-TSF[198/10000],
2026-03-25 02:01:27,370 - root - INFO - Train Results | R²: 0.9965 | RMSE: 0.0017 | IC: 0.9984 | RankIC: 0.9961
2026-03-25 02:01:27,403 - root - INFO - Epoch of Causal-TSF[199/10000],
2026-03-25 02:01:27,403 - root - INFO - Train Results | R²: 0.9959 | RMSE: 0.0018 | IC: 0.9980 | RankIC: 0.9962
2026-03-25 02:01:27,436 - root - INFO - Epoch of Causal-TSF[200/10000],
2026-03-25 02:01:27,436 - root - INFO - Train Results | R²: 0.9963 | RMSE: 0.0017 | IC: 0.9981 | RankIC: 0.9948
2026-03-25 02:01:27,469 - root - INFO - Epoch of Causal-TSF[201/10000],
2026-03-25 02:01:27,469 - root - INFO - Train Results | R²: 0.9971 | RMSE: 0.0015 | IC: 0.9986 | RankIC: 0.9965
2026-03-25 02:01:27,501 - root - INFO - Epoch of Causal-TSF[202/10000],
2026-03-25 02:01:27,501 - root - INFO - Train Results | R²: 0.9964 | RMSE: 0.0017 | IC: 0.9983 | RankIC: 0.9962
2026-03-25 02:01:27,534 - root - INFO - Epoch of Causal-TSF[203/10000],
2026-03-25 02:01:27,534 - root - INFO - Train Results | R²: 0.9975 | RMSE: 0.0014 | IC: 0.9988 | RankIC: 0.9974
2026-03-25 02:01:27,566 - root - INFO - Epoch of Causal-TSF[204/10000],
2026-03-25 02:01:27,566 - root - INFO - Train Results | R²: 0.9968 | RMSE: 0.0016 | IC: 0.9984 | RankIC: 0.9968
2026-03-25 02:01:27,599 - root - INFO - Epoch of Causal-TSF[205/10000],
2026-03-25 02:01:27,600 - root - INFO - Train Results | R²: 0.9969 | RMSE: 0.0016 | IC: 0.9985 | RankIC: 0.9969
2026-03-25 02:01:27,632 - root - INFO - Early stopping triggered at epoch 206. No improvement for 100 epochs.
2026-03-25 02:01:27,649 - root - INFO - Run 9 Test Results | R²: -0.2583 | RMSE: 0.0436 | IC: -0.1768 | RankIC: -0.0635
2026-03-25 02:01:27,649 - root - INFO - 
2026-03-25 02:01:27,649 - root - INFO - ============================================================
2026-03-25 02:01:27,649 - root - INFO - Causal-TSF Run 10/30 Starting...
2026-03-25 02:01:27,649 - root - INFO - ============================================================
2026-03-25 02:01:27,691 - root - INFO - Epoch of Causal-TSF[1/10000],
2026-03-25 02:01:27,692 - root - INFO - Train Results | R²: -24.3175 | RMSE: 0.1424 | IC: -0.0077 | RankIC: -0.0091
2026-03-25 02:01:27,726 - root - INFO - Epoch of Causal-TSF[2/10000],
2026-03-25 02:01:27,726 - root - INFO - Train Results | R²: -9.0298 | RMSE: 0.0896 | IC: 0.0365 | RankIC: -0.0052
2026-03-25 02:01:27,761 - root - INFO - Epoch of Causal-TSF[3/10000],
2026-03-25 02:01:27,762 - root - INFO - Train Results | R²: -1.7224 | RMSE: 0.0467 | IC: 0.0626 | RankIC: 0.0404
2026-03-25 02:01:27,799 - root - INFO - Epoch of Causal-TSF[4/10000],
2026-03-25 02:01:27,799 - root - INFO - Train Results | R²: -1.3658 | RMSE: 0.0435 | IC: 0.1852 | RankIC: 0.2400
2026-03-25 02:01:27,835 - root - INFO - Epoch of Causal-TSF[5/10000],
2026-03-25 02:01:27,836 - root - INFO - Train Results | R²: -0.0998 | RMSE: 0.0297 | IC: 0.3739 | RankIC: 0.3932
2026-03-25 02:01:27,869 - root - INFO - Epoch of Causal-TSF[6/10000],
2026-03-25 02:01:27,869 - root - INFO - Train Results | R²: -0.4007 | RMSE: 0.0335 | IC: 0.5781 | RankIC: 0.5908
2026-03-25 02:01:27,907 - root - INFO - Epoch of Causal-TSF[7/10000],
2026-03-25 02:01:27,907 - root - INFO - Train Results | R²: 0.1164 | RMSE: 0.0266 | IC: 0.5539 | RankIC: 0.5339
2026-03-25 02:01:27,947 - root - INFO - Epoch of Causal-TSF[8/10000],
2026-03-25 02:01:27,947 - root - INFO - Train Results | R²: 0.3215 | RMSE: 0.0233 | IC: 0.6705 | RankIC: 0.6190
2026-03-25 02:01:27,983 - root - INFO - Epoch of Causal-TSF[9/10000],
2026-03-25 02:01:27,983 - root - INFO - Train Results | R²: 0.3337 | RMSE: 0.0231 | IC: 0.7794 | RankIC: 0.7461
2026-03-25 02:01:28,019 - root - INFO - Epoch of Causal-TSF[10/10000],
2026-03-25 02:01:28,019 - root - INFO - Train Results | R²: 0.5754 | RMSE: 0.0184 | IC: 0.8228 | RankIC: 0.7912
2026-03-25 02:01:28,056 - root - INFO - Epoch of Causal-TSF[11/10000],
2026-03-25 02:01:28,056 - root - INFO - Train Results | R²: 0.5801 | RMSE: 0.0183 | IC: 0.8686 | RankIC: 0.8384
2026-03-25 02:01:28,093 - root - INFO - Epoch of Causal-TSF[12/10000],
2026-03-25 02:01:28,093 - root - INFO - Train Results | R²: 0.7002 | RMSE: 0.0155 | IC: 0.8984 | RankIC: 0.8696
2026-03-25 02:01:28,129 - root - INFO - Epoch of Causal-TSF[13/10000],
2026-03-25 02:01:28,130 - root - INFO - Train Results | R²: 0.7787 | RMSE: 0.0133 | IC: 0.9175 | RankIC: 0.8909
2026-03-25 02:01:28,170 - root - INFO - Epoch of Causal-TSF[14/10000],
2026-03-25 02:01:28,171 - root - INFO - Train Results | R²: 0.8424 | RMSE: 0.0112 | IC: 0.9407 | RankIC: 0.9255
2026-03-25 02:01:28,207 - root - INFO - Epoch of Causal-TSF[15/10000],
2026-03-25 02:01:28,208 - root - INFO - Train Results | R²: 0.8900 | RMSE: 0.0094 | IC: 0.9535 | RankIC: 0.9478
2026-03-25 02:01:28,245 - root - INFO - Epoch of Causal-TSF[16/10000],
2026-03-25 02:01:28,246 - root - INFO - Train Results | R²: 0.9178 | RMSE: 0.0081 | IC: 0.9677 | RankIC: 0.9590
2026-03-25 02:01:28,284 - root - INFO - Epoch of Causal-TSF[17/10000],
2026-03-25 02:01:28,284 - root - INFO - Train Results | R²: 0.9461 | RMSE: 0.0066 | IC: 0.9757 | RankIC: 0.9712
2026-03-25 02:01:28,321 - root - INFO - Epoch of Causal-TSF[18/10000],
2026-03-25 02:01:28,321 - root - INFO - Train Results | R²: 0.9499 | RMSE: 0.0063 | IC: 0.9792 | RankIC: 0.9829
2026-03-25 02:01:28,360 - root - INFO - Epoch of Causal-TSF[19/10000],
2026-03-25 02:01:28,360 - root - INFO - Train Results | R²: 0.9637 | RMSE: 0.0054 | IC: 0.9818 | RankIC: 0.9876
2026-03-25 02:01:28,398 - root - INFO - Epoch of Causal-TSF[20/10000],
2026-03-25 02:01:28,398 - root - INFO - Train Results | R²: 0.9676 | RMSE: 0.0051 | IC: 0.9860 | RankIC: 0.9921
2026-03-25 02:01:28,434 - root - INFO - Epoch of Causal-TSF[21/10000],
2026-03-25 02:01:28,435 - root - INFO - Train Results | R²: 0.9783 | RMSE: 0.0042 | IC: 0.9897 | RankIC: 0.9945
2026-03-25 02:01:28,475 - root - INFO - Epoch of Causal-TSF[22/10000],
2026-03-25 02:01:28,475 - root - INFO - Train Results | R²: 0.9804 | RMSE: 0.0040 | IC: 0.9912 | RankIC: 0.9955
2026-03-25 02:01:28,514 - root - INFO - Epoch of Causal-TSF[23/10000],
2026-03-25 02:01:28,514 - root - INFO - Train Results | R²: 0.9834 | RMSE: 0.0036 | IC: 0.9919 | RankIC: 0.9956
2026-03-25 02:01:28,552 - root - INFO - Epoch of Causal-TSF[24/10000],
2026-03-25 02:01:28,552 - root - INFO - Train Results | R²: 0.9862 | RMSE: 0.0033 | IC: 0.9935 | RankIC: 0.9973
2026-03-25 02:01:28,585 - root - INFO - Epoch of Causal-TSF[25/10000],
2026-03-25 02:01:28,585 - root - INFO - Train Results | R²: 0.9852 | RMSE: 0.0034 | IC: 0.9936 | RankIC: 0.9966
2026-03-25 02:01:28,622 - root - INFO - Epoch of Causal-TSF[26/10000],
2026-03-25 02:01:28,623 - root - INFO - Train Results | R²: 0.9892 | RMSE: 0.0029 | IC: 0.9951 | RankIC: 0.9962
2026-03-25 02:01:28,656 - root - INFO - Epoch of Causal-TSF[27/10000],
2026-03-25 02:01:28,656 - root - INFO - Train Results | R²: 0.9897 | RMSE: 0.0029 | IC: 0.9955 | RankIC: 0.9958
2026-03-25 02:01:28,693 - root - INFO - Epoch of Causal-TSF[28/10000],
2026-03-25 02:01:28,693 - root - INFO - Train Results | R²: 0.9903 | RMSE: 0.0028 | IC: 0.9955 | RankIC: 0.9955
2026-03-25 02:01:28,727 - root - INFO - Epoch of Causal-TSF[29/10000],
2026-03-25 02:01:28,727 - root - INFO - Train Results | R²: 0.9894 | RMSE: 0.0029 | IC: 0.9948 | RankIC: 0.9962
2026-03-25 02:01:28,760 - root - INFO - Epoch of Causal-TSF[30/10000],
2026-03-25 02:01:28,760 - root - INFO - Train Results | R²: 0.9912 | RMSE: 0.0027 | IC: 0.9956 | RankIC: 0.9964
2026-03-25 02:01:28,799 - root - INFO - Epoch of Causal-TSF[31/10000],
2026-03-25 02:01:28,799 - root - INFO - Train Results | R²: 0.9915 | RMSE: 0.0026 | IC: 0.9959 | RankIC: 0.9968
2026-03-25 02:01:28,833 - root - INFO - Epoch of Causal-TSF[32/10000],
2026-03-25 02:01:28,834 - root - INFO - Train Results | R²: 0.9920 | RMSE: 0.0025 | IC: 0.9961 | RankIC: 0.9959
2026-03-25 02:01:28,867 - root - INFO - Epoch of Causal-TSF[33/10000],
2026-03-25 02:01:28,867 - root - INFO - Train Results | R²: 0.9904 | RMSE: 0.0028 | IC: 0.9953 | RankIC: 0.9942
2026-03-25 02:01:28,901 - root - INFO - Epoch of Causal-TSF[34/10000],
2026-03-25 02:01:28,901 - root - INFO - Train Results | R²: 0.9923 | RMSE: 0.0025 | IC: 0.9963 | RankIC: 0.9966
2026-03-25 02:01:28,934 - root - INFO - Epoch of Causal-TSF[35/10000],
2026-03-25 02:01:28,934 - root - INFO - Train Results | R²: 0.9916 | RMSE: 0.0026 | IC: 0.9960 | RankIC: 0.9952
2026-03-25 02:01:28,967 - root - INFO - Epoch of Causal-TSF[36/10000],
2026-03-25 02:01:28,967 - root - INFO - Train Results | R²: 0.9921 | RMSE: 0.0025 | IC: 0.9961 | RankIC: 0.9961
2026-03-25 02:01:29,006 - root - INFO - Epoch of Causal-TSF[37/10000],
2026-03-25 02:01:29,006 - root - INFO - Train Results | R²: 0.9928 | RMSE: 0.0024 | IC: 0.9965 | RankIC: 0.9960
2026-03-25 02:01:29,041 - root - INFO - Epoch of Causal-TSF[38/10000],
2026-03-25 02:01:29,042 - root - INFO - Train Results | R²: 0.9928 | RMSE: 0.0024 | IC: 0.9965 | RankIC: 0.9971
2026-03-25 02:01:29,077 - root - INFO - Epoch of Causal-TSF[39/10000],
2026-03-25 02:01:29,077 - root - INFO - Train Results | R²: 0.9934 | RMSE: 0.0023 | IC: 0.9967 | RankIC: 0.9949
2026-03-25 02:01:29,110 - root - INFO - Epoch of Causal-TSF[40/10000],
2026-03-25 02:01:29,110 - root - INFO - Train Results | R²: 0.9933 | RMSE: 0.0023 | IC: 0.9967 | RankIC: 0.9960
2026-03-25 02:01:29,145 - root - INFO - Epoch of Causal-TSF[41/10000],
2026-03-25 02:01:29,145 - root - INFO - Train Results | R²: 0.9940 | RMSE: 0.0022 | IC: 0.9971 | RankIC: 0.9970
2026-03-25 02:01:29,178 - root - INFO - Epoch of Causal-TSF[42/10000],
2026-03-25 02:01:29,178 - root - INFO - Train Results | R²: 0.9934 | RMSE: 0.0023 | IC: 0.9969 | RankIC: 0.9948
2026-03-25 02:01:29,212 - root - INFO - Epoch of Causal-TSF[43/10000],
2026-03-25 02:01:29,212 - root - INFO - Train Results | R²: 0.9931 | RMSE: 0.0024 | IC: 0.9970 | RankIC: 0.9961
2026-03-25 02:01:29,244 - root - INFO - Epoch of Causal-TSF[44/10000],
2026-03-25 02:01:29,244 - root - INFO - Train Results | R²: 0.9923 | RMSE: 0.0025 | IC: 0.9966 | RankIC: 0.9956
2026-03-25 02:01:29,278 - root - INFO - Epoch of Causal-TSF[45/10000],
2026-03-25 02:01:29,278 - root - INFO - Train Results | R²: 0.9936 | RMSE: 0.0023 | IC: 0.9968 | RankIC: 0.9972
2026-03-25 02:01:29,312 - root - INFO - Epoch of Causal-TSF[46/10000],
2026-03-25 02:01:29,312 - root - INFO - Train Results | R²: 0.9940 | RMSE: 0.0022 | IC: 0.9970 | RankIC: 0.9967
2026-03-25 02:01:29,348 - root - INFO - Epoch of Causal-TSF[47/10000],
2026-03-25 02:01:29,348 - root - INFO - Train Results | R²: 0.9933 | RMSE: 0.0023 | IC: 0.9967 | RankIC: 0.9955
2026-03-25 02:01:29,381 - root - INFO - Epoch of Causal-TSF[48/10000],
2026-03-25 02:01:29,381 - root - INFO - Train Results | R²: 0.9935 | RMSE: 0.0023 | IC: 0.9969 | RankIC: 0.9963
2026-03-25 02:01:29,413 - root - INFO - Epoch of Causal-TSF[49/10000],
2026-03-25 02:01:29,413 - root - INFO - Train Results | R²: 0.9933 | RMSE: 0.0023 | IC: 0.9967 | RankIC: 0.9941
2026-03-25 02:01:29,445 - root - INFO - Epoch of Causal-TSF[50/10000],
2026-03-25 02:01:29,445 - root - INFO - Train Results | R²: 0.9928 | RMSE: 0.0024 | IC: 0.9969 | RankIC: 0.9954
2026-03-25 02:01:29,477 - root - INFO - Epoch of Causal-TSF[51/10000],
2026-03-25 02:01:29,477 - root - INFO - Train Results | R²: 0.9939 | RMSE: 0.0022 | IC: 0.9973 | RankIC: 0.9967
2026-03-25 02:01:29,510 - root - INFO - Epoch of Causal-TSF[52/10000],
2026-03-25 02:01:29,511 - root - INFO - Train Results | R²: 0.9944 | RMSE: 0.0021 | IC: 0.9973 | RankIC: 0.9957
2026-03-25 02:01:29,543 - root - INFO - Epoch of Causal-TSF[53/10000],
2026-03-25 02:01:29,543 - root - INFO - Train Results | R²: 0.9946 | RMSE: 0.0021 | IC: 0.9975 | RankIC: 0.9970
2026-03-25 02:01:29,576 - root - INFO - Epoch of Causal-TSF[54/10000],
2026-03-25 02:01:29,576 - root - INFO - Train Results | R²: 0.9934 | RMSE: 0.0023 | IC: 0.9970 | RankIC: 0.9961
2026-03-25 02:01:29,609 - root - INFO - Epoch of Causal-TSF[55/10000],
2026-03-25 02:01:29,609 - root - INFO - Train Results | R²: 0.9943 | RMSE: 0.0021 | IC: 0.9973 | RankIC: 0.9961
2026-03-25 02:01:29,641 - root - INFO - Epoch of Causal-TSF[56/10000],
2026-03-25 02:01:29,641 - root - INFO - Train Results | R²: 0.9937 | RMSE: 0.0023 | IC: 0.9969 | RankIC: 0.9946
2026-03-25 02:01:29,677 - root - INFO - Epoch of Causal-TSF[57/10000],
2026-03-25 02:01:29,678 - root - INFO - Train Results | R²: 0.9953 | RMSE: 0.0019 | IC: 0.9977 | RankIC: 0.9963
2026-03-25 02:01:29,710 - root - INFO - Epoch of Causal-TSF[58/10000],
2026-03-25 02:01:29,710 - root - INFO - Train Results | R²: 0.9946 | RMSE: 0.0021 | IC: 0.9973 | RankIC: 0.9961
2026-03-25 02:01:29,743 - root - INFO - Epoch of Causal-TSF[59/10000],
2026-03-25 02:01:29,743 - root - INFO - Train Results | R²: 0.9940 | RMSE: 0.0022 | IC: 0.9970 | RankIC: 0.9957
2026-03-25 02:01:29,776 - root - INFO - Epoch of Causal-TSF[60/10000],
2026-03-25 02:01:29,776 - root - INFO - Train Results | R²: 0.9953 | RMSE: 0.0019 | IC: 0.9978 | RankIC: 0.9958
2026-03-25 02:01:29,808 - root - INFO - Epoch of Causal-TSF[61/10000],
2026-03-25 02:01:29,809 - root - INFO - Train Results | R²: 0.9942 | RMSE: 0.0021 | IC: 0.9972 | RankIC: 0.9955
2026-03-25 02:01:29,841 - root - INFO - Epoch of Causal-TSF[62/10000],
2026-03-25 02:01:29,841 - root - INFO - Train Results | R²: 0.9950 | RMSE: 0.0020 | IC: 0.9976 | RankIC: 0.9946
2026-03-25 02:01:29,873 - root - INFO - Epoch of Causal-TSF[63/10000],
2026-03-25 02:01:29,873 - root - INFO - Train Results | R²: 0.9952 | RMSE: 0.0020 | IC: 0.9977 | RankIC: 0.9963
2026-03-25 02:01:29,906 - root - INFO - Epoch of Causal-TSF[64/10000],
2026-03-25 02:01:29,906 - root - INFO - Train Results | R²: 0.9947 | RMSE: 0.0021 | IC: 0.9974 | RankIC: 0.9961
2026-03-25 02:01:29,939 - root - INFO - Epoch of Causal-TSF[65/10000],
2026-03-25 02:01:29,939 - root - INFO - Train Results | R²: 0.9952 | RMSE: 0.0020 | IC: 0.9976 | RankIC: 0.9964
2026-03-25 02:01:29,972 - root - INFO - Epoch of Causal-TSF[66/10000],
2026-03-25 02:01:29,972 - root - INFO - Train Results | R²: 0.9951 | RMSE: 0.0020 | IC: 0.9976 | RankIC: 0.9959
2026-03-25 02:01:30,004 - root - INFO - Epoch of Causal-TSF[67/10000],
2026-03-25 02:01:30,005 - root - INFO - Train Results | R²: 0.9950 | RMSE: 0.0020 | IC: 0.9976 | RankIC: 0.9939
2026-03-25 02:01:30,037 - root - INFO - Epoch of Causal-TSF[68/10000],
2026-03-25 02:01:30,037 - root - INFO - Train Results | R²: 0.9951 | RMSE: 0.0020 | IC: 0.9977 | RankIC: 0.9962
2026-03-25 02:01:30,069 - root - INFO - Epoch of Causal-TSF[69/10000],
2026-03-25 02:01:30,070 - root - INFO - Train Results | R²: 0.9959 | RMSE: 0.0018 | IC: 0.9980 | RankIC: 0.9963
2026-03-25 02:01:30,102 - root - INFO - Epoch of Causal-TSF[70/10000],
2026-03-25 02:01:30,102 - root - INFO - Train Results | R²: 0.9957 | RMSE: 0.0019 | IC: 0.9979 | RankIC: 0.9962
2026-03-25 02:01:30,135 - root - INFO - Epoch of Causal-TSF[71/10000],
2026-03-25 02:01:30,135 - root - INFO - Train Results | R²: 0.9955 | RMSE: 0.0019 | IC: 0.9978 | RankIC: 0.9960
2026-03-25 02:01:30,169 - root - INFO - Epoch of Causal-TSF[72/10000],
2026-03-25 02:01:30,169 - root - INFO - Train Results | R²: 0.9956 | RMSE: 0.0019 | IC: 0.9978 | RankIC: 0.9952
2026-03-25 02:01:30,201 - root - INFO - Epoch of Causal-TSF[73/10000],
2026-03-25 02:01:30,201 - root - INFO - Train Results | R²: 0.9956 | RMSE: 0.0019 | IC: 0.9979 | RankIC: 0.9963
2026-03-25 02:01:30,234 - root - INFO - Epoch of Causal-TSF[74/10000],
2026-03-25 02:01:30,234 - root - INFO - Train Results | R²: 0.9955 | RMSE: 0.0019 | IC: 0.9980 | RankIC: 0.9969
2026-03-25 02:01:30,267 - root - INFO - Epoch of Causal-TSF[75/10000],
2026-03-25 02:01:30,267 - root - INFO - Train Results | R²: 0.9942 | RMSE: 0.0022 | IC: 0.9975 | RankIC: 0.9953
2026-03-25 02:01:30,299 - root - INFO - Epoch of Causal-TSF[76/10000],
2026-03-25 02:01:30,299 - root - INFO - Train Results | R²: 0.9958 | RMSE: 0.0018 | IC: 0.9979 | RankIC: 0.9956
2026-03-25 02:01:30,331 - root - INFO - Epoch of Causal-TSF[77/10000],
2026-03-25 02:01:30,331 - root - INFO - Train Results | R²: 0.9958 | RMSE: 0.0018 | IC: 0.9979 | RankIC: 0.9946
2026-03-25 02:01:30,367 - root - INFO - Epoch of Causal-TSF[78/10000],
2026-03-25 02:01:30,367 - root - INFO - Train Results | R²: 0.9956 | RMSE: 0.0019 | IC: 0.9978 | RankIC: 0.9955
2026-03-25 02:01:30,408 - root - INFO - Epoch of Causal-TSF[79/10000],
2026-03-25 02:01:30,408 - root - INFO - Train Results | R²: 0.9964 | RMSE: 0.0017 | IC: 0.9983 | RankIC: 0.9966
2026-03-25 02:01:30,441 - root - INFO - Epoch of Causal-TSF[80/10000],
2026-03-25 02:01:30,441 - root - INFO - Train Results | R²: 0.9957 | RMSE: 0.0019 | IC: 0.9979 | RankIC: 0.9968
2026-03-25 02:01:30,473 - root - INFO - Epoch of Causal-TSF[81/10000],
2026-03-25 02:01:30,474 - root - INFO - Train Results | R²: 0.9965 | RMSE: 0.0017 | IC: 0.9982 | RankIC: 0.9964
2026-03-25 02:01:30,505 - root - INFO - Epoch of Causal-TSF[82/10000],
2026-03-25 02:01:30,505 - root - INFO - Train Results | R²: 0.9955 | RMSE: 0.0019 | IC: 0.9979 | RankIC: 0.9956
2026-03-25 02:01:30,538 - root - INFO - Epoch of Causal-TSF[83/10000],
2026-03-25 02:01:30,538 - root - INFO - Train Results | R²: 0.9959 | RMSE: 0.0018 | IC: 0.9980 | RankIC: 0.9949
2026-03-25 02:01:30,571 - root - INFO - Epoch of Causal-TSF[84/10000],
2026-03-25 02:01:30,571 - root - INFO - Train Results | R²: 0.9960 | RMSE: 0.0018 | IC: 0.9981 | RankIC: 0.9957
2026-03-25 02:01:30,603 - root - INFO - Epoch of Causal-TSF[85/10000],
2026-03-25 02:01:30,604 - root - INFO - Train Results | R²: 0.9955 | RMSE: 0.0019 | IC: 0.9981 | RankIC: 0.9961
2026-03-25 02:01:30,638 - root - INFO - Epoch of Causal-TSF[86/10000],
2026-03-25 02:01:30,638 - root - INFO - Train Results | R²: 0.9960 | RMSE: 0.0018 | IC: 0.9981 | RankIC: 0.9968
2026-03-25 02:01:30,670 - root - INFO - Epoch of Causal-TSF[87/10000],
2026-03-25 02:01:30,670 - root - INFO - Train Results | R²: 0.9963 | RMSE: 0.0017 | IC: 0.9981 | RankIC: 0.9970
2026-03-25 02:01:30,702 - root - INFO - Epoch of Causal-TSF[88/10000],
2026-03-25 02:01:30,702 - root - INFO - Train Results | R²: 0.9959 | RMSE: 0.0018 | IC: 0.9981 | RankIC: 0.9960
2026-03-25 02:01:30,739 - root - INFO - Epoch of Causal-TSF[89/10000],
2026-03-25 02:01:30,739 - root - INFO - Train Results | R²: 0.9952 | RMSE: 0.0020 | IC: 0.9978 | RankIC: 0.9959
2026-03-25 02:01:30,774 - root - INFO - Epoch of Causal-TSF[90/10000],
2026-03-25 02:01:30,774 - root - INFO - Train Results | R²: 0.9952 | RMSE: 0.0020 | IC: 0.9979 | RankIC: 0.9959
2026-03-25 02:01:30,806 - root - INFO - Epoch of Causal-TSF[91/10000],
2026-03-25 02:01:30,806 - root - INFO - Train Results | R²: 0.9954 | RMSE: 0.0019 | IC: 0.9979 | RankIC: 0.9960
2026-03-25 02:01:30,839 - root - INFO - Epoch of Causal-TSF[92/10000],
2026-03-25 02:01:30,839 - root - INFO - Train Results | R²: 0.9958 | RMSE: 0.0018 | IC: 0.9982 | RankIC: 0.9963
2026-03-25 02:01:30,872 - root - INFO - Epoch of Causal-TSF[93/10000],
2026-03-25 02:01:30,872 - root - INFO - Train Results | R²: 0.9963 | RMSE: 0.0017 | IC: 0.9983 | RankIC: 0.9969
2026-03-25 02:01:30,905 - root - INFO - Epoch of Causal-TSF[94/10000],
2026-03-25 02:01:30,905 - root - INFO - Train Results | R²: 0.9967 | RMSE: 0.0016 | IC: 0.9983 | RankIC: 0.9949
2026-03-25 02:01:30,937 - root - INFO - Epoch of Causal-TSF[95/10000],
2026-03-25 02:01:30,937 - root - INFO - Train Results | R²: 0.9967 | RMSE: 0.0016 | IC: 0.9986 | RankIC: 0.9964
2026-03-25 02:01:30,969 - root - INFO - Epoch of Causal-TSF[96/10000],
2026-03-25 02:01:30,969 - root - INFO - Train Results | R²: 0.9951 | RMSE: 0.0020 | IC: 0.9981 | RankIC: 0.9969
2026-03-25 02:01:31,001 - root - INFO - Epoch of Causal-TSF[97/10000],
2026-03-25 02:01:31,001 - root - INFO - Train Results | R²: 0.9960 | RMSE: 0.0018 | IC: 0.9983 | RankIC: 0.9968
2026-03-25 02:01:31,032 - root - INFO - Epoch of Causal-TSF[98/10000],
2026-03-25 02:01:31,032 - root - INFO - Train Results | R²: 0.9967 | RMSE: 0.0016 | IC: 0.9985 | RankIC: 0.9968
2026-03-25 02:01:31,066 - root - INFO - Epoch of Causal-TSF[99/10000],
2026-03-25 02:01:31,066 - root - INFO - Train Results | R²: 0.9962 | RMSE: 0.0018 | IC: 0.9982 | RankIC: 0.9965
2026-03-25 02:01:31,097 - root - INFO - Epoch of Causal-TSF[100/10000],
2026-03-25 02:01:31,097 - root - INFO - Train Results | R²: 0.9955 | RMSE: 0.0019 | IC: 0.9978 | RankIC: 0.9945
2026-03-25 02:01:31,130 - root - INFO - Epoch of Causal-TSF[101/10000],
2026-03-25 02:01:31,130 - root - INFO - Train Results | R²: 0.9966 | RMSE: 0.0017 | IC: 0.9984 | RankIC: 0.9954
2026-03-25 02:01:31,163 - root - INFO - Epoch of Causal-TSF[102/10000],
2026-03-25 02:01:31,163 - root - INFO - Train Results | R²: 0.9962 | RMSE: 0.0017 | IC: 0.9986 | RankIC: 0.9972
2026-03-25 02:01:31,195 - root - INFO - Epoch of Causal-TSF[103/10000],
2026-03-25 02:01:31,195 - root - INFO - Train Results | R²: 0.9954 | RMSE: 0.0019 | IC: 0.9985 | RankIC: 0.9972
2026-03-25 02:01:31,228 - root - INFO - Epoch of Causal-TSF[104/10000],
2026-03-25 02:01:31,228 - root - INFO - Train Results | R²: 0.9965 | RMSE: 0.0017 | IC: 0.9985 | RankIC: 0.9962
2026-03-25 02:01:31,261 - root - INFO - Epoch of Causal-TSF[105/10000],
2026-03-25 02:01:31,261 - root - INFO - Train Results | R²: 0.9967 | RMSE: 0.0016 | IC: 0.9984 | RankIC: 0.9968
2026-03-25 02:01:31,293 - root - INFO - Epoch of Causal-TSF[106/10000],
2026-03-25 02:01:31,293 - root - INFO - Train Results | R²: 0.9968 | RMSE: 0.0016 | IC: 0.9986 | RankIC: 0.9970
2026-03-25 02:01:31,326 - root - INFO - Epoch of Causal-TSF[107/10000],
2026-03-25 02:01:31,326 - root - INFO - Train Results | R²: 0.9970 | RMSE: 0.0016 | IC: 0.9986 | RankIC: 0.9968
2026-03-25 02:01:31,358 - root - INFO - Epoch of Causal-TSF[108/10000],
2026-03-25 02:01:31,358 - root - INFO - Train Results | R²: 0.9968 | RMSE: 0.0016 | IC: 0.9986 | RankIC: 0.9968
2026-03-25 02:01:31,390 - root - INFO - Epoch of Causal-TSF[109/10000],
2026-03-25 02:01:31,390 - root - INFO - Train Results | R²: 0.9965 | RMSE: 0.0017 | IC: 0.9984 | RankIC: 0.9967
2026-03-25 02:01:31,423 - root - INFO - Epoch of Causal-TSF[110/10000],
2026-03-25 02:01:31,423 - root - INFO - Train Results | R²: 0.9970 | RMSE: 0.0016 | IC: 0.9985 | RankIC: 0.9966
2026-03-25 02:01:31,456 - root - INFO - Epoch of Causal-TSF[111/10000],
2026-03-25 02:01:31,456 - root - INFO - Train Results | R²: 0.9950 | RMSE: 0.0020 | IC: 0.9976 | RankIC: 0.9958
2026-03-25 02:01:31,489 - root - INFO - Epoch of Causal-TSF[112/10000],
2026-03-25 02:01:31,489 - root - INFO - Train Results | R²: 0.9972 | RMSE: 0.0015 | IC: 0.9986 | RankIC: 0.9964
2026-03-25 02:01:31,523 - root - INFO - Epoch of Causal-TSF[113/10000],
2026-03-25 02:01:31,523 - root - INFO - Train Results | R²: 0.9973 | RMSE: 0.0015 | IC: 0.9987 | RankIC: 0.9963
2026-03-25 02:01:31,555 - root - INFO - Epoch of Causal-TSF[114/10000],
2026-03-25 02:01:31,556 - root - INFO - Train Results | R²: 0.9959 | RMSE: 0.0018 | IC: 0.9980 | RankIC: 0.9959
2026-03-25 02:01:31,588 - root - INFO - Epoch of Causal-TSF[115/10000],
2026-03-25 02:01:31,588 - root - INFO - Train Results | R²: 0.9963 | RMSE: 0.0017 | IC: 0.9982 | RankIC: 0.9964
2026-03-25 02:01:31,620 - root - INFO - Epoch of Causal-TSF[116/10000],
2026-03-25 02:01:31,621 - root - INFO - Train Results | R²: 0.9962 | RMSE: 0.0017 | IC: 0.9981 | RankIC: 0.9957
2026-03-25 02:01:31,652 - root - INFO - Epoch of Causal-TSF[117/10000],
2026-03-25 02:01:31,652 - root - INFO - Train Results | R²: 0.9959 | RMSE: 0.0018 | IC: 0.9980 | RankIC: 0.9961
2026-03-25 02:01:31,684 - root - INFO - Epoch of Causal-TSF[118/10000],
2026-03-25 02:01:31,685 - root - INFO - Train Results | R²: 0.9967 | RMSE: 0.0016 | IC: 0.9984 | RankIC: 0.9954
2026-03-25 02:01:31,717 - root - INFO - Epoch of Causal-TSF[119/10000],
2026-03-25 02:01:31,717 - root - INFO - Train Results | R²: 0.9968 | RMSE: 0.0016 | IC: 0.9985 | RankIC: 0.9960
2026-03-25 02:01:31,750 - root - INFO - Epoch of Causal-TSF[120/10000],
2026-03-25 02:01:31,750 - root - INFO - Train Results | R²: 0.9966 | RMSE: 0.0016 | IC: 0.9984 | RankIC: 0.9959
2026-03-25 02:01:31,783 - root - INFO - Epoch of Causal-TSF[121/10000],
2026-03-25 02:01:31,783 - root - INFO - Train Results | R²: 0.9971 | RMSE: 0.0015 | IC: 0.9986 | RankIC: 0.9966
2026-03-25 02:01:31,813 - root - INFO - Epoch of Causal-TSF[122/10000],
2026-03-25 02:01:31,813 - root - INFO - Train Results | R²: 0.9973 | RMSE: 0.0015 | IC: 0.9987 | RankIC: 0.9973
2026-03-25 02:01:31,845 - root - INFO - Epoch of Causal-TSF[123/10000],
2026-03-25 02:01:31,845 - root - INFO - Train Results | R²: 0.9967 | RMSE: 0.0016 | IC: 0.9984 | RankIC: 0.9966
2026-03-25 02:01:31,880 - root - INFO - Epoch of Causal-TSF[124/10000],
2026-03-25 02:01:31,880 - root - INFO - Train Results | R²: 0.9975 | RMSE: 0.0014 | IC: 0.9988 | RankIC: 0.9967
2026-03-25 02:01:31,911 - root - INFO - Epoch of Causal-TSF[125/10000],
2026-03-25 02:01:31,912 - root - INFO - Train Results | R²: 0.9968 | RMSE: 0.0016 | IC: 0.9984 | RankIC: 0.9954
2026-03-25 02:01:31,943 - root - INFO - Epoch of Causal-TSF[126/10000],
2026-03-25 02:01:31,943 - root - INFO - Train Results | R²: 0.9962 | RMSE: 0.0017 | IC: 0.9983 | RankIC: 0.9968
2026-03-25 02:01:31,975 - root - INFO - Epoch of Causal-TSF[127/10000],
2026-03-25 02:01:31,975 - root - INFO - Train Results | R²: 0.9974 | RMSE: 0.0015 | IC: 0.9988 | RankIC: 0.9975
2026-03-25 02:01:32,008 - root - INFO - Epoch of Causal-TSF[128/10000],
2026-03-25 02:01:32,008 - root - INFO - Train Results | R²: 0.9968 | RMSE: 0.0016 | IC: 0.9986 | RankIC: 0.9968
2026-03-25 02:01:32,042 - root - INFO - Epoch of Causal-TSF[129/10000],
2026-03-25 02:01:32,042 - root - INFO - Train Results | R²: 0.9966 | RMSE: 0.0017 | IC: 0.9989 | RankIC: 0.9970
2026-03-25 02:01:32,074 - root - INFO - Epoch of Causal-TSF[130/10000],
2026-03-25 02:01:32,074 - root - INFO - Train Results | R²: 0.9963 | RMSE: 0.0017 | IC: 0.9984 | RankIC: 0.9972
2026-03-25 02:01:32,106 - root - INFO - Epoch of Causal-TSF[131/10000],
2026-03-25 02:01:32,106 - root - INFO - Train Results | R²: 0.9971 | RMSE: 0.0015 | IC: 0.9987 | RankIC: 0.9974
2026-03-25 02:01:32,138 - root - INFO - Epoch of Causal-TSF[132/10000],
2026-03-25 02:01:32,138 - root - INFO - Train Results | R²: 0.9966 | RMSE: 0.0016 | IC: 0.9984 | RankIC: 0.9959
2026-03-25 02:01:32,169 - root - INFO - Epoch of Causal-TSF[133/10000],
2026-03-25 02:01:32,169 - root - INFO - Train Results | R²: 0.9969 | RMSE: 0.0016 | IC: 0.9985 | RankIC: 0.9971
2026-03-25 02:01:32,201 - root - INFO - Epoch of Causal-TSF[134/10000],
2026-03-25 02:01:32,201 - root - INFO - Train Results | R²: 0.9976 | RMSE: 0.0014 | IC: 0.9988 | RankIC: 0.9974
2026-03-25 02:01:32,232 - root - INFO - Epoch of Causal-TSF[135/10000],
2026-03-25 02:01:32,233 - root - INFO - Train Results | R²: 0.9963 | RMSE: 0.0017 | IC: 0.9982 | RankIC: 0.9965
2026-03-25 02:01:32,263 - root - INFO - Epoch of Causal-TSF[136/10000],
2026-03-25 02:01:32,263 - root - INFO - Train Results | R²: 0.9972 | RMSE: 0.0015 | IC: 0.9986 | RankIC: 0.9969
2026-03-25 02:01:32,297 - root - INFO - Epoch of Causal-TSF[137/10000],
2026-03-25 02:01:32,297 - root - INFO - Train Results | R²: 0.9970 | RMSE: 0.0016 | IC: 0.9985 | RankIC: 0.9965
2026-03-25 02:01:32,331 - root - INFO - Epoch of Causal-TSF[138/10000],
2026-03-25 02:01:32,331 - root - INFO - Train Results | R²: 0.9960 | RMSE: 0.0018 | IC: 0.9980 | RankIC: 0.9958
2026-03-25 02:01:32,363 - root - INFO - Epoch of Causal-TSF[139/10000],
2026-03-25 02:01:32,364 - root - INFO - Train Results | R²: 0.9971 | RMSE: 0.0015 | IC: 0.9986 | RankIC: 0.9971
2026-03-25 02:01:32,397 - root - INFO - Epoch of Causal-TSF[140/10000],
2026-03-25 02:01:32,397 - root - INFO - Train Results | R²: 0.9965 | RMSE: 0.0017 | IC: 0.9983 | RankIC: 0.9961
2026-03-25 02:01:32,432 - root - INFO - Epoch of Causal-TSF[141/10000],
2026-03-25 02:01:32,432 - root - INFO - Train Results | R²: 0.9971 | RMSE: 0.0015 | IC: 0.9986 | RankIC: 0.9970
2026-03-25 02:01:32,465 - root - INFO - Epoch of Causal-TSF[142/10000],
2026-03-25 02:01:32,465 - root - INFO - Train Results | R²: 0.9977 | RMSE: 0.0014 | IC: 0.9989 | RankIC: 0.9967
2026-03-25 02:01:32,498 - root - INFO - Epoch of Causal-TSF[143/10000],
2026-03-25 02:01:32,498 - root - INFO - Train Results | R²: 0.9976 | RMSE: 0.0014 | IC: 0.9988 | RankIC: 0.9976
2026-03-25 02:01:32,532 - root - INFO - Epoch of Causal-TSF[144/10000],
2026-03-25 02:01:32,532 - root - INFO - Train Results | R²: 0.9963 | RMSE: 0.0017 | IC: 0.9982 | RankIC: 0.9963
2026-03-25 02:01:32,565 - root - INFO - Epoch of Causal-TSF[145/10000],
2026-03-25 02:01:32,565 - root - INFO - Train Results | R²: 0.9965 | RMSE: 0.0017 | IC: 0.9983 | RankIC: 0.9948
2026-03-25 02:01:32,598 - root - INFO - Epoch of Causal-TSF[146/10000],
2026-03-25 02:01:32,598 - root - INFO - Train Results | R²: 0.9975 | RMSE: 0.0014 | IC: 0.9988 | RankIC: 0.9971
2026-03-25 02:01:32,630 - root - INFO - Epoch of Causal-TSF[147/10000],
2026-03-25 02:01:32,630 - root - INFO - Train Results | R²: 0.9980 | RMSE: 0.0013 | IC: 0.9991 | RankIC: 0.9972
2026-03-25 02:01:32,664 - root - INFO - Epoch of Causal-TSF[148/10000],
2026-03-25 02:01:32,664 - root - INFO - Train Results | R²: 0.9974 | RMSE: 0.0014 | IC: 0.9987 | RankIC: 0.9967
2026-03-25 02:01:32,696 - root - INFO - Epoch of Causal-TSF[149/10000],
2026-03-25 02:01:32,696 - root - INFO - Train Results | R²: 0.9973 | RMSE: 0.0015 | IC: 0.9987 | RankIC: 0.9970
2026-03-25 02:01:32,729 - root - INFO - Epoch of Causal-TSF[150/10000],
2026-03-25 02:01:32,729 - root - INFO - Train Results | R²: 0.9968 | RMSE: 0.0016 | IC: 0.9984 | RankIC: 0.9972
2026-03-25 02:01:32,760 - root - INFO - Epoch of Causal-TSF[151/10000],
2026-03-25 02:01:32,760 - root - INFO - Train Results | R²: 0.9971 | RMSE: 0.0015 | IC: 0.9985 | RankIC: 0.9974
2026-03-25 02:01:32,792 - root - INFO - Epoch of Causal-TSF[152/10000],
2026-03-25 02:01:32,792 - root - INFO - Train Results | R²: 0.9972 | RMSE: 0.0015 | IC: 0.9986 | RankIC: 0.9970
2026-03-25 02:01:32,825 - root - INFO - Epoch of Causal-TSF[153/10000],
2026-03-25 02:01:32,825 - root - INFO - Train Results | R²: 0.9959 | RMSE: 0.0018 | IC: 0.9980 | RankIC: 0.9952
2026-03-25 02:01:32,857 - root - INFO - Epoch of Causal-TSF[154/10000],
2026-03-25 02:01:32,857 - root - INFO - Train Results | R²: 0.9969 | RMSE: 0.0016 | IC: 0.9985 | RankIC: 0.9970
2026-03-25 02:01:32,889 - root - INFO - Epoch of Causal-TSF[155/10000],
2026-03-25 02:01:32,889 - root - INFO - Train Results | R²: 0.9976 | RMSE: 0.0014 | IC: 0.9988 | RankIC: 0.9971
2026-03-25 02:01:32,921 - root - INFO - Epoch of Causal-TSF[156/10000],
2026-03-25 02:01:32,922 - root - INFO - Train Results | R²: 0.9963 | RMSE: 0.0017 | IC: 0.9982 | RankIC: 0.9965
2026-03-25 02:01:32,954 - root - INFO - Epoch of Causal-TSF[157/10000],
2026-03-25 02:01:32,954 - root - INFO - Train Results | R²: 0.9976 | RMSE: 0.0014 | IC: 0.9988 | RankIC: 0.9966
2026-03-25 02:01:32,987 - root - INFO - Epoch of Causal-TSF[158/10000],
2026-03-25 02:01:32,987 - root - INFO - Train Results | R²: 0.9974 | RMSE: 0.0014 | IC: 0.9987 | RankIC: 0.9970
2026-03-25 02:01:33,019 - root - INFO - Epoch of Causal-TSF[159/10000],
2026-03-25 02:01:33,019 - root - INFO - Train Results | R²: 0.9980 | RMSE: 0.0013 | IC: 0.9990 | RankIC: 0.9981
2026-03-25 02:01:33,052 - root - INFO - Epoch of Causal-TSF[160/10000],
2026-03-25 02:01:33,053 - root - INFO - Train Results | R²: 0.9980 | RMSE: 0.0013 | IC: 0.9990 | RankIC: 0.9975
2026-03-25 02:01:33,085 - root - INFO - Epoch of Causal-TSF[161/10000],
2026-03-25 02:01:33,085 - root - INFO - Train Results | R²: 0.9976 | RMSE: 0.0014 | IC: 0.9988 | RankIC: 0.9971
2026-03-25 02:01:33,118 - root - INFO - Epoch of Causal-TSF[162/10000],
2026-03-25 02:01:33,119 - root - INFO - Train Results | R²: 0.9975 | RMSE: 0.0014 | IC: 0.9988 | RankIC: 0.9973
2026-03-25 02:01:33,150 - root - INFO - Epoch of Causal-TSF[163/10000],
2026-03-25 02:01:33,150 - root - INFO - Train Results | R²: 0.9972 | RMSE: 0.0015 | IC: 0.9986 | RankIC: 0.9975
2026-03-25 02:01:33,183 - root - INFO - Epoch of Causal-TSF[164/10000],
2026-03-25 02:01:33,183 - root - INFO - Train Results | R²: 0.9975 | RMSE: 0.0014 | IC: 0.9988 | RankIC: 0.9970
2026-03-25 02:01:33,216 - root - INFO - Epoch of Causal-TSF[165/10000],
2026-03-25 02:01:33,216 - root - INFO - Train Results | R²: 0.9976 | RMSE: 0.0014 | IC: 0.9989 | RankIC: 0.9979
2026-03-25 02:01:33,250 - root - INFO - Epoch of Causal-TSF[166/10000],
2026-03-25 02:01:33,250 - root - INFO - Train Results | R²: 0.9975 | RMSE: 0.0014 | IC: 0.9988 | RankIC: 0.9970
2026-03-25 02:01:33,283 - root - INFO - Epoch of Causal-TSF[167/10000],
2026-03-25 02:01:33,283 - root - INFO - Train Results | R²: 0.9972 | RMSE: 0.0015 | IC: 0.9986 | RankIC: 0.9976
2026-03-25 02:01:33,316 - root - INFO - Epoch of Causal-TSF[168/10000],
2026-03-25 02:01:33,316 - root - INFO - Train Results | R²: 0.9964 | RMSE: 0.0017 | IC: 0.9982 | RankIC: 0.9955
2026-03-25 02:01:33,349 - root - INFO - Epoch of Causal-TSF[169/10000],
2026-03-25 02:01:33,349 - root - INFO - Train Results | R²: 0.9976 | RMSE: 0.0014 | IC: 0.9988 | RankIC: 0.9972
2026-03-25 02:01:33,382 - root - INFO - Epoch of Causal-TSF[170/10000],
2026-03-25 02:01:33,382 - root - INFO - Train Results | R²: 0.9976 | RMSE: 0.0014 | IC: 0.9988 | RankIC: 0.9969
2026-03-25 02:01:33,415 - root - INFO - Epoch of Causal-TSF[171/10000],
2026-03-25 02:01:33,415 - root - INFO - Train Results | R²: 0.9974 | RMSE: 0.0014 | IC: 0.9988 | RankIC: 0.9968
2026-03-25 02:01:33,447 - root - INFO - Epoch of Causal-TSF[172/10000],
2026-03-25 02:01:33,447 - root - INFO - Train Results | R²: 0.9977 | RMSE: 0.0014 | IC: 0.9989 | RankIC: 0.9978
2026-03-25 02:01:33,481 - root - INFO - Epoch of Causal-TSF[173/10000],
2026-03-25 02:01:33,481 - root - INFO - Train Results | R²: 0.9974 | RMSE: 0.0015 | IC: 0.9987 | RankIC: 0.9972
2026-03-25 02:01:33,516 - root - INFO - Epoch of Causal-TSF[174/10000],
2026-03-25 02:01:33,516 - root - INFO - Train Results | R²: 0.9972 | RMSE: 0.0015 | IC: 0.9987 | RankIC: 0.9969
2026-03-25 02:01:33,552 - root - INFO - Epoch of Causal-TSF[175/10000],
2026-03-25 02:01:33,552 - root - INFO - Train Results | R²: 0.9973 | RMSE: 0.0015 | IC: 0.9988 | RankIC: 0.9970
2026-03-25 02:01:33,588 - root - INFO - Epoch of Causal-TSF[176/10000],
2026-03-25 02:01:33,588 - root - INFO - Train Results | R²: 0.9981 | RMSE: 0.0012 | IC: 0.9992 | RankIC: 0.9972
2026-03-25 02:01:33,621 - root - INFO - Epoch of Causal-TSF[177/10000],
2026-03-25 02:01:33,622 - root - INFO - Train Results | R²: 0.9976 | RMSE: 0.0014 | IC: 0.9988 | RankIC: 0.9977
2026-03-25 02:01:33,655 - root - INFO - Epoch of Causal-TSF[178/10000],
2026-03-25 02:01:33,655 - root - INFO - Train Results | R²: 0.9977 | RMSE: 0.0014 | IC: 0.9989 | RankIC: 0.9970
2026-03-25 02:01:33,690 - root - INFO - Epoch of Causal-TSF[179/10000],
2026-03-25 02:01:33,690 - root - INFO - Train Results | R²: 0.9972 | RMSE: 0.0015 | IC: 0.9988 | RankIC: 0.9976
2026-03-25 02:01:33,723 - root - INFO - Epoch of Causal-TSF[180/10000],
2026-03-25 02:01:33,723 - root - INFO - Train Results | R²: 0.9964 | RMSE: 0.0017 | IC: 0.9984 | RankIC: 0.9969
2026-03-25 02:01:33,758 - root - INFO - Epoch of Causal-TSF[181/10000],
2026-03-25 02:01:33,758 - root - INFO - Train Results | R²: 0.9971 | RMSE: 0.0015 | IC: 0.9987 | RankIC: 0.9972
2026-03-25 02:01:33,792 - root - INFO - Epoch of Causal-TSF[182/10000],
2026-03-25 02:01:33,792 - root - INFO - Train Results | R²: 0.9967 | RMSE: 0.0016 | IC: 0.9984 | RankIC: 0.9962
2026-03-25 02:01:33,825 - root - INFO - Epoch of Causal-TSF[183/10000],
2026-03-25 02:01:33,826 - root - INFO - Train Results | R²: 0.9975 | RMSE: 0.0014 | IC: 0.9988 | RankIC: 0.9968
2026-03-25 02:01:33,858 - root - INFO - Epoch of Causal-TSF[184/10000],
2026-03-25 02:01:33,858 - root - INFO - Train Results | R²: 0.9972 | RMSE: 0.0015 | IC: 0.9986 | RankIC: 0.9964
2026-03-25 02:01:33,891 - root - INFO - Epoch of Causal-TSF[185/10000],
2026-03-25 02:01:33,891 - root - INFO - Train Results | R²: 0.9971 | RMSE: 0.0015 | IC: 0.9987 | RankIC: 0.9971
2026-03-25 02:01:33,924 - root - INFO - Epoch of Causal-TSF[186/10000],
2026-03-25 02:01:33,924 - root - INFO - Train Results | R²: 0.9978 | RMSE: 0.0013 | IC: 0.9989 | RankIC: 0.9972
2026-03-25 02:01:33,957 - root - INFO - Epoch of Causal-TSF[187/10000],
2026-03-25 02:01:33,958 - root - INFO - Train Results | R²: 0.9972 | RMSE: 0.0015 | IC: 0.9986 | RankIC: 0.9968
2026-03-25 02:01:33,991 - root - INFO - Epoch of Causal-TSF[188/10000],
2026-03-25 02:01:33,991 - root - INFO - Train Results | R²: 0.9970 | RMSE: 0.0016 | IC: 0.9986 | RankIC: 0.9965
2026-03-25 02:01:34,024 - root - INFO - Epoch of Causal-TSF[189/10000],
2026-03-25 02:01:34,024 - root - INFO - Train Results | R²: 0.9974 | RMSE: 0.0014 | IC: 0.9988 | RankIC: 0.9970
2026-03-25 02:01:34,057 - root - INFO - Epoch of Causal-TSF[190/10000],
2026-03-25 02:01:34,057 - root - INFO - Train Results | R²: 0.9966 | RMSE: 0.0016 | IC: 0.9985 | RankIC: 0.9968
2026-03-25 02:01:34,091 - root - INFO - Epoch of Causal-TSF[191/10000],
2026-03-25 02:01:34,091 - root - INFO - Train Results | R²: 0.9974 | RMSE: 0.0014 | IC: 0.9988 | RankIC: 0.9979
2026-03-25 02:01:34,124 - root - INFO - Epoch of Causal-TSF[192/10000],
2026-03-25 02:01:34,124 - root - INFO - Train Results | R²: 0.9972 | RMSE: 0.0015 | IC: 0.9987 | RankIC: 0.9974
2026-03-25 02:01:34,158 - root - INFO - Epoch of Causal-TSF[193/10000],
2026-03-25 02:01:34,158 - root - INFO - Train Results | R²: 0.9977 | RMSE: 0.0013 | IC: 0.9989 | RankIC: 0.9972
2026-03-25 02:01:34,191 - root - INFO - Epoch of Causal-TSF[194/10000],
2026-03-25 02:01:34,191 - root - INFO - Train Results | R²: 0.9974 | RMSE: 0.0014 | IC: 0.9988 | RankIC: 0.9972
2026-03-25 02:01:34,224 - root - INFO - Epoch of Causal-TSF[195/10000],
2026-03-25 02:01:34,225 - root - INFO - Train Results | R²: 0.9970 | RMSE: 0.0015 | IC: 0.9987 | RankIC: 0.9975
2026-03-25 02:01:34,259 - root - INFO - Epoch of Causal-TSF[196/10000],
2026-03-25 02:01:34,259 - root - INFO - Train Results | R²: 0.9970 | RMSE: 0.0016 | IC: 0.9986 | RankIC: 0.9971
2026-03-25 02:01:34,294 - root - INFO - Epoch of Causal-TSF[197/10000],
2026-03-25 02:01:34,294 - root - INFO - Train Results | R²: 0.9981 | RMSE: 0.0012 | IC: 0.9991 | RankIC: 0.9973
2026-03-25 02:01:34,326 - root - INFO - Epoch of Causal-TSF[198/10000],
2026-03-25 02:01:34,327 - root - INFO - Train Results | R²: 0.9967 | RMSE: 0.0016 | IC: 0.9984 | RankIC: 0.9969
2026-03-25 02:01:34,360 - root - INFO - Epoch of Causal-TSF[199/10000],
2026-03-25 02:01:34,360 - root - INFO - Train Results | R²: 0.9972 | RMSE: 0.0015 | IC: 0.9986 | RankIC: 0.9969
2026-03-25 02:01:34,393 - root - INFO - Epoch of Causal-TSF[200/10000],
2026-03-25 02:01:34,393 - root - INFO - Train Results | R²: 0.9968 | RMSE: 0.0016 | IC: 0.9984 | RankIC: 0.9972
2026-03-25 02:01:34,425 - root - INFO - Epoch of Causal-TSF[201/10000],
2026-03-25 02:01:34,426 - root - INFO - Train Results | R²: 0.9968 | RMSE: 0.0016 | IC: 0.9984 | RankIC: 0.9969
2026-03-25 02:01:34,458 - root - INFO - Epoch of Causal-TSF[202/10000],
2026-03-25 02:01:34,459 - root - INFO - Train Results | R²: 0.9969 | RMSE: 0.0016 | IC: 0.9986 | RankIC: 0.9961
2026-03-25 02:01:34,493 - root - INFO - Epoch of Causal-TSF[203/10000],
2026-03-25 02:01:34,493 - root - INFO - Train Results | R²: 0.9970 | RMSE: 0.0015 | IC: 0.9987 | RankIC: 0.9974
2026-03-25 02:01:34,526 - root - INFO - Epoch of Causal-TSF[204/10000],
2026-03-25 02:01:34,526 - root - INFO - Train Results | R²: 0.9972 | RMSE: 0.0015 | IC: 0.9989 | RankIC: 0.9973
2026-03-25 02:01:34,560 - root - INFO - Epoch of Causal-TSF[205/10000],
2026-03-25 02:01:34,560 - root - INFO - Train Results | R²: 0.9958 | RMSE: 0.0018 | IC: 0.9981 | RankIC: 0.9962
2026-03-25 02:01:34,592 - root - INFO - Epoch of Causal-TSF[206/10000],
2026-03-25 02:01:34,592 - root - INFO - Train Results | R²: 0.9972 | RMSE: 0.0015 | IC: 0.9986 | RankIC: 0.9975
2026-03-25 02:01:34,626 - root - INFO - Epoch of Causal-TSF[207/10000],
2026-03-25 02:01:34,626 - root - INFO - Train Results | R²: 0.9971 | RMSE: 0.0015 | IC: 0.9986 | RankIC: 0.9969
2026-03-25 02:01:34,659 - root - INFO - Epoch of Causal-TSF[208/10000],
2026-03-25 02:01:34,659 - root - INFO - Train Results | R²: 0.9962 | RMSE: 0.0018 | IC: 0.9984 | RankIC: 0.9961
2026-03-25 02:01:34,692 - root - INFO - Epoch of Causal-TSF[209/10000],
2026-03-25 02:01:34,692 - root - INFO - Train Results | R²: 0.9969 | RMSE: 0.0016 | IC: 0.9986 | RankIC: 0.9974
2026-03-25 02:01:34,726 - root - INFO - Epoch of Causal-TSF[210/10000],
2026-03-25 02:01:34,726 - root - INFO - Train Results | R²: 0.9970 | RMSE: 0.0016 | IC: 0.9986 | RankIC: 0.9960
2026-03-25 02:01:34,763 - root - INFO - Epoch of Causal-TSF[211/10000],
2026-03-25 02:01:34,763 - root - INFO - Train Results | R²: 0.9967 | RMSE: 0.0016 | IC: 0.9984 | RankIC: 0.9974
2026-03-25 02:01:34,794 - root - INFO - Epoch of Causal-TSF[212/10000],
2026-03-25 02:01:34,795 - root - INFO - Train Results | R²: 0.9970 | RMSE: 0.0016 | IC: 0.9987 | RankIC: 0.9975
2026-03-25 02:01:34,827 - root - INFO - Epoch of Causal-TSF[213/10000],
2026-03-25 02:01:34,827 - root - INFO - Train Results | R²: 0.9974 | RMSE: 0.0014 | IC: 0.9988 | RankIC: 0.9971
2026-03-25 02:01:34,860 - root - INFO - Epoch of Causal-TSF[214/10000],
2026-03-25 02:01:34,860 - root - INFO - Train Results | R²: 0.9971 | RMSE: 0.0015 | IC: 0.9986 | RankIC: 0.9964
2026-03-25 02:01:34,894 - root - INFO - Epoch of Causal-TSF[215/10000],
2026-03-25 02:01:34,894 - root - INFO - Train Results | R²: 0.9973 | RMSE: 0.0015 | IC: 0.9987 | RankIC: 0.9975
2026-03-25 02:01:34,928 - root - INFO - Epoch of Causal-TSF[216/10000],
2026-03-25 02:01:34,928 - root - INFO - Train Results | R²: 0.9969 | RMSE: 0.0016 | IC: 0.9985 | RankIC: 0.9979
2026-03-25 02:01:34,961 - root - INFO - Epoch of Causal-TSF[217/10000],
2026-03-25 02:01:34,961 - root - INFO - Train Results | R²: 0.9974 | RMSE: 0.0014 | IC: 0.9988 | RankIC: 0.9981
2026-03-25 02:01:34,994 - root - INFO - Epoch of Causal-TSF[218/10000],
2026-03-25 02:01:34,994 - root - INFO - Train Results | R²: 0.9977 | RMSE: 0.0014 | IC: 0.9989 | RankIC: 0.9969
2026-03-25 02:01:35,027 - root - INFO - Epoch of Causal-TSF[219/10000],
2026-03-25 02:01:35,027 - root - INFO - Train Results | R²: 0.9977 | RMSE: 0.0013 | IC: 0.9990 | RankIC: 0.9971
2026-03-25 02:01:35,060 - root - INFO - Epoch of Causal-TSF[220/10000],
2026-03-25 02:01:35,060 - root - INFO - Train Results | R²: 0.9975 | RMSE: 0.0014 | IC: 0.9987 | RankIC: 0.9973
2026-03-25 02:01:35,093 - root - INFO - Epoch of Causal-TSF[221/10000],
2026-03-25 02:01:35,093 - root - INFO - Train Results | R²: 0.9975 | RMSE: 0.0014 | IC: 0.9988 | RankIC: 0.9971
2026-03-25 02:01:35,128 - root - INFO - Epoch of Causal-TSF[222/10000],
2026-03-25 02:01:35,128 - root - INFO - Train Results | R²: 0.9975 | RMSE: 0.0014 | IC: 0.9988 | RankIC: 0.9974
2026-03-25 02:01:35,161 - root - INFO - Epoch of Causal-TSF[223/10000],
2026-03-25 02:01:35,161 - root - INFO - Train Results | R²: 0.9977 | RMSE: 0.0013 | IC: 0.9990 | RankIC: 0.9973
2026-03-25 02:01:35,195 - root - INFO - Early stopping triggered at epoch 224. No improvement for 100 epochs.
2026-03-25 02:01:35,212 - root - INFO - Run 10 Test Results | R²: -0.2424 | RMSE: 0.0433 | IC: -0.1852 | RankIC: -0.0933
2026-03-25 02:01:35,212 - root - INFO - 
2026-03-25 02:01:35,212 - root - INFO - ============================================================
2026-03-25 02:01:35,212 - root - INFO - Causal-TSF Run 11/30 Starting...
2026-03-25 02:01:35,212 - root - INFO - ============================================================
2026-03-25 02:01:35,255 - root - INFO - Epoch of Causal-TSF[1/10000],
2026-03-25 02:01:35,255 - root - INFO - Train Results | R²: -1.7490 | RMSE: 0.0469 | IC: 0.0023 | RankIC: 0.0209
2026-03-25 02:01:35,291 - root - INFO - Epoch of Causal-TSF[2/10000],
2026-03-25 02:01:35,292 - root - INFO - Train Results | R²: -0.2308 | RMSE: 0.0314 | IC: 0.1553 | RankIC: 0.1730
2026-03-25 02:01:35,330 - root - INFO - Epoch of Causal-TSF[3/10000],
2026-03-25 02:01:35,330 - root - INFO - Train Results | R²: 0.0369 | RMSE: 0.0278 | IC: 0.3493 | RankIC: 0.2447
2026-03-25 02:01:35,368 - root - INFO - Epoch of Causal-TSF[4/10000],
2026-03-25 02:01:35,369 - root - INFO - Train Results | R²: 0.1238 | RMSE: 0.0265 | IC: 0.6479 | RankIC: 0.5151
2026-03-25 02:01:35,405 - root - INFO - Epoch of Causal-TSF[5/10000],
2026-03-25 02:01:35,405 - root - INFO - Train Results | R²: 0.2062 | RMSE: 0.0252 | IC: 0.8094 | RankIC: 0.7469
2026-03-25 02:01:35,443 - root - INFO - Epoch of Causal-TSF[6/10000],
2026-03-25 02:01:35,443 - root - INFO - Train Results | R²: 0.3782 | RMSE: 0.0223 | IC: 0.8475 | RankIC: 0.8034
2026-03-25 02:01:35,479 - root - INFO - Epoch of Causal-TSF[7/10000],
2026-03-25 02:01:35,479 - root - INFO - Train Results | R²: 0.4938 | RMSE: 0.0201 | IC: 0.8739 | RankIC: 0.8492
2026-03-25 02:01:35,516 - root - INFO - Epoch of Causal-TSF[8/10000],
2026-03-25 02:01:35,516 - root - INFO - Train Results | R²: 0.6657 | RMSE: 0.0164 | IC: 0.8814 | RankIC: 0.8612
2026-03-25 02:01:35,554 - root - INFO - Epoch of Causal-TSF[9/10000],
2026-03-25 02:01:35,554 - root - INFO - Train Results | R²: 0.7895 | RMSE: 0.0130 | IC: 0.8931 | RankIC: 0.8963
2026-03-25 02:01:35,590 - root - INFO - Epoch of Causal-TSF[10/10000],
2026-03-25 02:01:35,590 - root - INFO - Train Results | R²: 0.8416 | RMSE: 0.0113 | IC: 0.9193 | RankIC: 0.9407
2026-03-25 02:01:35,625 - root - INFO - Epoch of Causal-TSF[11/10000],
2026-03-25 02:01:35,625 - root - INFO - Train Results | R²: 0.8866 | RMSE: 0.0095 | IC: 0.9424 | RankIC: 0.9646
2026-03-25 02:01:35,661 - root - INFO - Epoch of Causal-TSF[12/10000],
2026-03-25 02:01:35,661 - root - INFO - Train Results | R²: 0.9125 | RMSE: 0.0084 | IC: 0.9579 | RankIC: 0.9791
2026-03-25 02:01:35,700 - root - INFO - Epoch of Causal-TSF[13/10000],
2026-03-25 02:01:35,700 - root - INFO - Train Results | R²: 0.9166 | RMSE: 0.0082 | IC: 0.9620 | RankIC: 0.9829
2026-03-25 02:01:35,738 - root - INFO - Epoch of Causal-TSF[14/10000],
2026-03-25 02:01:35,738 - root - INFO - Train Results | R²: 0.9353 | RMSE: 0.0072 | IC: 0.9706 | RankIC: 0.9908
2026-03-25 02:01:35,776 - root - INFO - Epoch of Causal-TSF[15/10000],
2026-03-25 02:01:35,776 - root - INFO - Train Results | R²: 0.9482 | RMSE: 0.0064 | IC: 0.9753 | RankIC: 0.9926
2026-03-25 02:01:35,813 - root - INFO - Epoch of Causal-TSF[16/10000],
2026-03-25 02:01:35,813 - root - INFO - Train Results | R²: 0.9555 | RMSE: 0.0060 | IC: 0.9783 | RankIC: 0.9932
2026-03-25 02:01:35,853 - root - INFO - Epoch of Causal-TSF[17/10000],
2026-03-25 02:01:35,853 - root - INFO - Train Results | R²: 0.9611 | RMSE: 0.0056 | IC: 0.9810 | RankIC: 0.9915
2026-03-25 02:01:35,891 - root - INFO - Epoch of Causal-TSF[18/10000],
2026-03-25 02:01:35,891 - root - INFO - Train Results | R²: 0.9658 | RMSE: 0.0052 | IC: 0.9832 | RankIC: 0.9947
2026-03-25 02:01:35,928 - root - INFO - Epoch of Causal-TSF[19/10000],
2026-03-25 02:01:35,928 - root - INFO - Train Results | R²: 0.9688 | RMSE: 0.0050 | IC: 0.9846 | RankIC: 0.9951
2026-03-25 02:01:35,965 - root - INFO - Epoch of Causal-TSF[20/10000],
2026-03-25 02:01:35,965 - root - INFO - Train Results | R²: 0.9709 | RMSE: 0.0048 | IC: 0.9860 | RankIC: 0.9970
2026-03-25 02:01:36,003 - root - INFO - Epoch of Causal-TSF[21/10000],
2026-03-25 02:01:36,003 - root - INFO - Train Results | R²: 0.9731 | RMSE: 0.0046 | IC: 0.9868 | RankIC: 0.9973
2026-03-25 02:01:36,042 - root - INFO - Epoch of Causal-TSF[22/10000],
2026-03-25 02:01:36,042 - root - INFO - Train Results | R²: 0.9741 | RMSE: 0.0046 | IC: 0.9879 | RankIC: 0.9972
2026-03-25 02:01:36,076 - root - INFO - Epoch of Causal-TSF[23/10000],
2026-03-25 02:01:36,076 - root - INFO - Train Results | R²: 0.9747 | RMSE: 0.0045 | IC: 0.9879 | RankIC: 0.9966
2026-03-25 02:01:36,110 - root - INFO - Epoch of Causal-TSF[24/10000],
2026-03-25 02:01:36,110 - root - INFO - Train Results | R²: 0.9748 | RMSE: 0.0045 | IC: 0.9886 | RankIC: 0.9956
2026-03-25 02:01:36,142 - root - INFO - Epoch of Causal-TSF[25/10000],
2026-03-25 02:01:36,142 - root - INFO - Train Results | R²: 0.9739 | RMSE: 0.0046 | IC: 0.9881 | RankIC: 0.9966
2026-03-25 02:01:36,179 - root - INFO - Epoch of Causal-TSF[26/10000],
2026-03-25 02:01:36,179 - root - INFO - Train Results | R²: 0.9765 | RMSE: 0.0043 | IC: 0.9895 | RankIC: 0.9967
2026-03-25 02:01:36,212 - root - INFO - Epoch of Causal-TSF[27/10000],
2026-03-25 02:01:36,212 - root - INFO - Train Results | R²: 0.9774 | RMSE: 0.0042 | IC: 0.9897 | RankIC: 0.9972
2026-03-25 02:01:36,250 - root - INFO - Epoch of Causal-TSF[28/10000],
2026-03-25 02:01:36,250 - root - INFO - Train Results | R²: 0.9795 | RMSE: 0.0040 | IC: 0.9909 | RankIC: 0.9984
2026-03-25 02:01:36,291 - root - INFO - Epoch of Causal-TSF[29/10000],
2026-03-25 02:01:36,291 - root - INFO - Train Results | R²: 0.9811 | RMSE: 0.0039 | IC: 0.9912 | RankIC: 0.9987
2026-03-25 02:01:36,324 - root - INFO - Epoch of Causal-TSF[30/10000],
2026-03-25 02:01:36,324 - root - INFO - Train Results | R²: 0.9816 | RMSE: 0.0038 | IC: 0.9919 | RankIC: 0.9969
2026-03-25 02:01:36,361 - root - INFO - Epoch of Causal-TSF[31/10000],
2026-03-25 02:01:36,361 - root - INFO - Train Results | R²: 0.9826 | RMSE: 0.0037 | IC: 0.9919 | RankIC: 0.9977
2026-03-25 02:01:36,399 - root - INFO - Epoch of Causal-TSF[32/10000],
2026-03-25 02:01:36,399 - root - INFO - Train Results | R²: 0.9837 | RMSE: 0.0036 | IC: 0.9924 | RankIC: 0.9983
2026-03-25 02:01:36,436 - root - INFO - Epoch of Causal-TSF[33/10000],
2026-03-25 02:01:36,436 - root - INFO - Train Results | R²: 0.9849 | RMSE: 0.0035 | IC: 0.9929 | RankIC: 0.9983
2026-03-25 02:01:36,473 - root - INFO - Epoch of Causal-TSF[34/10000],
2026-03-25 02:01:36,473 - root - INFO - Train Results | R²: 0.9856 | RMSE: 0.0034 | IC: 0.9936 | RankIC: 0.9980
2026-03-25 02:01:36,510 - root - INFO - Epoch of Causal-TSF[35/10000],
2026-03-25 02:01:36,510 - root - INFO - Train Results | R²: 0.9861 | RMSE: 0.0033 | IC: 0.9936 | RankIC: 0.9980
2026-03-25 02:01:36,546 - root - INFO - Epoch of Causal-TSF[36/10000],
2026-03-25 02:01:36,546 - root - INFO - Train Results | R²: 0.9876 | RMSE: 0.0032 | IC: 0.9940 | RankIC: 0.9979
2026-03-25 02:01:36,579 - root - INFO - Epoch of Causal-TSF[37/10000],
2026-03-25 02:01:36,579 - root - INFO - Train Results | R²: 0.9884 | RMSE: 0.0031 | IC: 0.9944 | RankIC: 0.9986
2026-03-25 02:01:36,616 - root - INFO - Epoch of Causal-TSF[38/10000],
2026-03-25 02:01:36,616 - root - INFO - Train Results | R²: 0.9887 | RMSE: 0.0030 | IC: 0.9946 | RankIC: 0.9978
2026-03-25 02:01:36,653 - root - INFO - Epoch of Causal-TSF[39/10000],
2026-03-25 02:01:36,653 - root - INFO - Train Results | R²: 0.9898 | RMSE: 0.0029 | IC: 0.9950 | RankIC: 0.9978
2026-03-25 02:01:36,686 - root - INFO - Epoch of Causal-TSF[40/10000],
2026-03-25 02:01:36,686 - root - INFO - Train Results | R²: 0.9903 | RMSE: 0.0028 | IC: 0.9953 | RankIC: 0.9979
2026-03-25 02:01:36,719 - root - INFO - Epoch of Causal-TSF[41/10000],
2026-03-25 02:01:36,719 - root - INFO - Train Results | R²: 0.9902 | RMSE: 0.0028 | IC: 0.9954 | RankIC: 0.9981
2026-03-25 02:01:36,752 - root - INFO - Epoch of Causal-TSF[42/10000],
2026-03-25 02:01:36,752 - root - INFO - Train Results | R²: 0.9904 | RMSE: 0.0028 | IC: 0.9957 | RankIC: 0.9969
2026-03-25 02:01:36,788 - root - INFO - Epoch of Causal-TSF[43/10000],
2026-03-25 02:01:36,788 - root - INFO - Train Results | R²: 0.9911 | RMSE: 0.0027 | IC: 0.9960 | RankIC: 0.9975
2026-03-25 02:01:36,825 - root - INFO - Epoch of Causal-TSF[44/10000],
2026-03-25 02:01:36,825 - root - INFO - Train Results | R²: 0.9931 | RMSE: 0.0024 | IC: 0.9966 | RankIC: 0.9976
2026-03-25 02:01:36,857 - root - INFO - Epoch of Causal-TSF[45/10000],
2026-03-25 02:01:36,857 - root - INFO - Train Results | R²: 0.9926 | RMSE: 0.0024 | IC: 0.9964 | RankIC: 0.9969
2026-03-25 02:01:36,889 - root - INFO - Epoch of Causal-TSF[46/10000],
2026-03-25 02:01:36,889 - root - INFO - Train Results | R²: 0.9939 | RMSE: 0.0022 | IC: 0.9971 | RankIC: 0.9974
2026-03-25 02:01:36,928 - root - INFO - Epoch of Causal-TSF[47/10000],
2026-03-25 02:01:36,928 - root - INFO - Train Results | R²: 0.9948 | RMSE: 0.0020 | IC: 0.9981 | RankIC: 0.9977
2026-03-25 02:01:36,962 - root - INFO - Epoch of Causal-TSF[48/10000],
2026-03-25 02:01:36,962 - root - INFO - Train Results | R²: 0.9949 | RMSE: 0.0020 | IC: 0.9984 | RankIC: 0.9962
2026-03-25 02:01:36,998 - root - INFO - Epoch of Causal-TSF[49/10000],
2026-03-25 02:01:36,998 - root - INFO - Train Results | R²: 0.9962 | RMSE: 0.0018 | IC: 0.9985 | RankIC: 0.9960
2026-03-25 02:01:37,034 - root - INFO - Epoch of Causal-TSF[50/10000],
2026-03-25 02:01:37,034 - root - INFO - Train Results | R²: 0.9973 | RMSE: 0.0015 | IC: 0.9988 | RankIC: 0.9968
2026-03-25 02:01:37,067 - root - INFO - Epoch of Causal-TSF[51/10000],
2026-03-25 02:01:37,067 - root - INFO - Train Results | R²: 0.9981 | RMSE: 0.0012 | IC: 0.9991 | RankIC: 0.9976
2026-03-25 02:01:37,101 - root - INFO - Epoch of Causal-TSF[52/10000],
2026-03-25 02:01:37,102 - root - INFO - Train Results | R²: 0.9978 | RMSE: 0.0013 | IC: 0.9989 | RankIC: 0.9979
2026-03-25 02:01:37,138 - root - INFO - Epoch of Causal-TSF[53/10000],
2026-03-25 02:01:37,138 - root - INFO - Train Results | R²: 0.9984 | RMSE: 0.0011 | IC: 0.9993 | RankIC: 0.9979
2026-03-25 02:01:37,173 - root - INFO - Epoch of Causal-TSF[54/10000],
2026-03-25 02:01:37,173 - root - INFO - Train Results | R²: 0.9987 | RMSE: 0.0010 | IC: 0.9994 | RankIC: 0.9989
2026-03-25 02:01:37,206 - root - INFO - Epoch of Causal-TSF[55/10000],
2026-03-25 02:01:37,206 - root - INFO - Train Results | R²: 0.9986 | RMSE: 0.0011 | IC: 0.9993 | RankIC: 0.9982
2026-03-25 02:01:37,238 - root - INFO - Epoch of Causal-TSF[56/10000],
2026-03-25 02:01:37,238 - root - INFO - Train Results | R²: 0.9983 | RMSE: 0.0012 | IC: 0.9993 | RankIC: 0.9986
2026-03-25 02:01:37,270 - root - INFO - Epoch of Causal-TSF[57/10000],
2026-03-25 02:01:37,270 - root - INFO - Train Results | R²: 0.9978 | RMSE: 0.0013 | IC: 0.9993 | RankIC: 0.9982
2026-03-25 02:01:37,301 - root - INFO - Epoch of Causal-TSF[58/10000],
2026-03-25 02:01:37,301 - root - INFO - Train Results | R²: 0.9974 | RMSE: 0.0015 | IC: 0.9990 | RankIC: 0.9966
2026-03-25 02:01:37,333 - root - INFO - Epoch of Causal-TSF[59/10000],
2026-03-25 02:01:37,333 - root - INFO - Train Results | R²: 0.9976 | RMSE: 0.0014 | IC: 0.9989 | RankIC: 0.9969
2026-03-25 02:01:37,364 - root - INFO - Epoch of Causal-TSF[60/10000],
2026-03-25 02:01:37,364 - root - INFO - Train Results | R²: 0.9981 | RMSE: 0.0012 | IC: 0.9991 | RankIC: 0.9980
2026-03-25 02:01:37,394 - root - INFO - Epoch of Causal-TSF[61/10000],
2026-03-25 02:01:37,395 - root - INFO - Train Results | R²: 0.9973 | RMSE: 0.0015 | IC: 0.9988 | RankIC: 0.9980
2026-03-25 02:01:37,426 - root - INFO - Epoch of Causal-TSF[62/10000],
2026-03-25 02:01:37,426 - root - INFO - Train Results | R²: 0.9984 | RMSE: 0.0011 | IC: 0.9993 | RankIC: 0.9980
2026-03-25 02:01:37,458 - root - INFO - Epoch of Causal-TSF[63/10000],
2026-03-25 02:01:37,458 - root - INFO - Train Results | R²: 0.9978 | RMSE: 0.0013 | IC: 0.9989 | RankIC: 0.9965
2026-03-25 02:01:37,488 - root - INFO - Epoch of Causal-TSF[64/10000],
2026-03-25 02:01:37,488 - root - INFO - Train Results | R²: 0.9982 | RMSE: 0.0012 | IC: 0.9992 | RankIC: 0.9975
2026-03-25 02:01:37,519 - root - INFO - Epoch of Causal-TSF[65/10000],
2026-03-25 02:01:37,520 - root - INFO - Train Results | R²: 0.9982 | RMSE: 0.0012 | IC: 0.9991 | RankIC: 0.9972
2026-03-25 02:01:37,550 - root - INFO - Epoch of Causal-TSF[66/10000],
2026-03-25 02:01:37,550 - root - INFO - Train Results | R²: 0.9983 | RMSE: 0.0012 | IC: 0.9992 | RankIC: 0.9974
2026-03-25 02:01:37,581 - root - INFO - Epoch of Causal-TSF[67/10000],
2026-03-25 02:01:37,581 - root - INFO - Train Results | R²: 0.9982 | RMSE: 0.0012 | IC: 0.9992 | RankIC: 0.9983
2026-03-25 02:01:37,612 - root - INFO - Epoch of Causal-TSF[68/10000],
2026-03-25 02:01:37,612 - root - INFO - Train Results | R²: 0.9980 | RMSE: 0.0013 | IC: 0.9991 | RankIC: 0.9977
2026-03-25 02:01:37,642 - root - INFO - Epoch of Causal-TSF[69/10000],
2026-03-25 02:01:37,642 - root - INFO - Train Results | R²: 0.9983 | RMSE: 0.0012 | IC: 0.9992 | RankIC: 0.9983
2026-03-25 02:01:37,673 - root - INFO - Epoch of Causal-TSF[70/10000],
2026-03-25 02:01:37,673 - root - INFO - Train Results | R²: 0.9987 | RMSE: 0.0010 | IC: 0.9994 | RankIC: 0.9978
2026-03-25 02:01:37,704 - root - INFO - Epoch of Causal-TSF[71/10000],
2026-03-25 02:01:37,704 - root - INFO - Train Results | R²: 0.9981 | RMSE: 0.0012 | IC: 0.9990 | RankIC: 0.9972
2026-03-25 02:01:37,736 - root - INFO - Epoch of Causal-TSF[72/10000],
2026-03-25 02:01:37,736 - root - INFO - Train Results | R²: 0.9987 | RMSE: 0.0010 | IC: 0.9994 | RankIC: 0.9983
2026-03-25 02:01:37,766 - root - INFO - Epoch of Causal-TSF[73/10000],
2026-03-25 02:01:37,766 - root - INFO - Train Results | R²: 0.9982 | RMSE: 0.0012 | IC: 0.9992 | RankIC: 0.9975
2026-03-25 02:01:37,797 - root - INFO - Epoch of Causal-TSF[74/10000],
2026-03-25 02:01:37,798 - root - INFO - Train Results | R²: 0.9981 | RMSE: 0.0012 | IC: 0.9992 | RankIC: 0.9975
2026-03-25 02:01:37,829 - root - INFO - Epoch of Causal-TSF[75/10000],
2026-03-25 02:01:37,829 - root - INFO - Train Results | R²: 0.9979 | RMSE: 0.0013 | IC: 0.9990 | RankIC: 0.9963
2026-03-25 02:01:37,859 - root - INFO - Epoch of Causal-TSF[76/10000],
2026-03-25 02:01:37,860 - root - INFO - Train Results | R²: 0.9983 | RMSE: 0.0012 | IC: 0.9992 | RankIC: 0.9981
2026-03-25 02:01:37,891 - root - INFO - Epoch of Causal-TSF[77/10000],
2026-03-25 02:01:37,892 - root - INFO - Train Results | R²: 0.9981 | RMSE: 0.0012 | IC: 0.9991 | RankIC: 0.9968
2026-03-25 02:01:37,925 - root - INFO - Epoch of Causal-TSF[78/10000],
2026-03-25 02:01:37,926 - root - INFO - Train Results | R²: 0.9985 | RMSE: 0.0011 | IC: 0.9993 | RankIC: 0.9975
2026-03-25 02:01:37,957 - root - INFO - Epoch of Causal-TSF[79/10000],
2026-03-25 02:01:37,957 - root - INFO - Train Results | R²: 0.9980 | RMSE: 0.0013 | IC: 0.9990 | RankIC: 0.9970
2026-03-25 02:01:37,991 - root - INFO - Epoch of Causal-TSF[80/10000],
2026-03-25 02:01:37,991 - root - INFO - Train Results | R²: 0.9978 | RMSE: 0.0013 | IC: 0.9990 | RankIC: 0.9973
2026-03-25 02:01:38,022 - root - INFO - Epoch of Causal-TSF[81/10000],
2026-03-25 02:01:38,022 - root - INFO - Train Results | R²: 0.9979 | RMSE: 0.0013 | IC: 0.9991 | RankIC: 0.9979
2026-03-25 02:01:38,054 - root - INFO - Epoch of Causal-TSF[82/10000],
2026-03-25 02:01:38,054 - root - INFO - Train Results | R²: 0.9984 | RMSE: 0.0011 | IC: 0.9992 | RankIC: 0.9979
2026-03-25 02:01:38,087 - root - INFO - Epoch of Causal-TSF[83/10000],
2026-03-25 02:01:38,088 - root - INFO - Train Results | R²: 0.9984 | RMSE: 0.0011 | IC: 0.9993 | RankIC: 0.9981
2026-03-25 02:01:38,120 - root - INFO - Epoch of Causal-TSF[84/10000],
2026-03-25 02:01:38,120 - root - INFO - Train Results | R²: 0.9978 | RMSE: 0.0013 | IC: 0.9990 | RankIC: 0.9970
2026-03-25 02:01:38,153 - root - INFO - Epoch of Causal-TSF[85/10000],
2026-03-25 02:01:38,153 - root - INFO - Train Results | R²: 0.9980 | RMSE: 0.0013 | IC: 0.9991 | RankIC: 0.9981
2026-03-25 02:01:38,185 - root - INFO - Epoch of Causal-TSF[86/10000],
2026-03-25 02:01:38,185 - root - INFO - Train Results | R²: 0.9984 | RMSE: 0.0011 | IC: 0.9992 | RankIC: 0.9979
2026-03-25 02:01:38,217 - root - INFO - Epoch of Causal-TSF[87/10000],
2026-03-25 02:01:38,217 - root - INFO - Train Results | R²: 0.9982 | RMSE: 0.0012 | IC: 0.9991 | RankIC: 0.9980
2026-03-25 02:01:38,247 - root - INFO - Epoch of Causal-TSF[88/10000],
2026-03-25 02:01:38,247 - root - INFO - Train Results | R²: 0.9984 | RMSE: 0.0011 | IC: 0.9992 | RankIC: 0.9980
2026-03-25 02:01:38,278 - root - INFO - Epoch of Causal-TSF[89/10000],
2026-03-25 02:01:38,278 - root - INFO - Train Results | R²: 0.9984 | RMSE: 0.0011 | IC: 0.9993 | RankIC: 0.9980
2026-03-25 02:01:38,309 - root - INFO - Epoch of Causal-TSF[90/10000],
2026-03-25 02:01:38,309 - root - INFO - Train Results | R²: 0.9989 | RMSE: 0.0009 | IC: 0.9995 | RankIC: 0.9984
2026-03-25 02:01:38,342 - root - INFO - Epoch of Causal-TSF[91/10000],
2026-03-25 02:01:38,342 - root - INFO - Train Results | R²: 0.9984 | RMSE: 0.0011 | IC: 0.9994 | RankIC: 0.9987
2026-03-25 02:01:38,376 - root - INFO - Epoch of Causal-TSF[92/10000],
2026-03-25 02:01:38,376 - root - INFO - Train Results | R²: 0.9978 | RMSE: 0.0013 | IC: 0.9990 | RankIC: 0.9974
2026-03-25 02:01:38,409 - root - INFO - Epoch of Causal-TSF[93/10000],
2026-03-25 02:01:38,409 - root - INFO - Train Results | R²: 0.9976 | RMSE: 0.0014 | IC: 0.9988 | RankIC: 0.9967
2026-03-25 02:01:38,441 - root - INFO - Epoch of Causal-TSF[94/10000],
2026-03-25 02:01:38,441 - root - INFO - Train Results | R²: 0.9968 | RMSE: 0.0016 | IC: 0.9990 | RankIC: 0.9974
2026-03-25 02:01:38,474 - root - INFO - Epoch of Causal-TSF[95/10000],
2026-03-25 02:01:38,474 - root - INFO - Train Results | R²: 0.9957 | RMSE: 0.0018 | IC: 0.9983 | RankIC: 0.9963
2026-03-25 02:01:38,508 - root - INFO - Epoch of Causal-TSF[96/10000],
2026-03-25 02:01:38,508 - root - INFO - Train Results | R²: 0.9968 | RMSE: 0.0016 | IC: 0.9984 | RankIC: 0.9965
2026-03-25 02:01:38,541 - root - INFO - Epoch of Causal-TSF[97/10000],
2026-03-25 02:01:38,541 - root - INFO - Train Results | R²: 0.9980 | RMSE: 0.0013 | IC: 0.9993 | RankIC: 0.9983
2026-03-25 02:01:38,570 - root - INFO - Epoch of Causal-TSF[98/10000],
2026-03-25 02:01:38,570 - root - INFO - Train Results | R²: 0.9977 | RMSE: 0.0014 | IC: 0.9990 | RankIC: 0.9977
2026-03-25 02:01:38,599 - root - INFO - Epoch of Causal-TSF[99/10000],
2026-03-25 02:01:38,599 - root - INFO - Train Results | R²: 0.9980 | RMSE: 0.0013 | IC: 0.9991 | RankIC: 0.9981
2026-03-25 02:01:38,627 - root - INFO - Epoch of Causal-TSF[100/10000],
2026-03-25 02:01:38,627 - root - INFO - Train Results | R²: 0.9981 | RMSE: 0.0012 | IC: 0.9991 | RankIC: 0.9970
2026-03-25 02:01:38,655 - root - INFO - Epoch of Causal-TSF[101/10000],
2026-03-25 02:01:38,655 - root - INFO - Train Results | R²: 0.9982 | RMSE: 0.0012 | IC: 0.9991 | RankIC: 0.9970
2026-03-25 02:01:38,683 - root - INFO - Epoch of Causal-TSF[102/10000],
2026-03-25 02:01:38,683 - root - INFO - Train Results | R²: 0.9981 | RMSE: 0.0012 | IC: 0.9992 | RankIC: 0.9982
2026-03-25 02:01:38,712 - root - INFO - Epoch of Causal-TSF[103/10000],
2026-03-25 02:01:38,713 - root - INFO - Train Results | R²: 0.9984 | RMSE: 0.0011 | IC: 0.9993 | RankIC: 0.9982
2026-03-25 02:01:38,741 - root - INFO - Epoch of Causal-TSF[104/10000],
2026-03-25 02:01:38,741 - root - INFO - Train Results | R²: 0.9984 | RMSE: 0.0011 | IC: 0.9992 | RankIC: 0.9982
2026-03-25 02:01:38,769 - root - INFO - Epoch of Causal-TSF[105/10000],
2026-03-25 02:01:38,770 - root - INFO - Train Results | R²: 0.9986 | RMSE: 0.0011 | IC: 0.9993 | RankIC: 0.9979
2026-03-25 02:01:38,797 - root - INFO - Epoch of Causal-TSF[106/10000],
2026-03-25 02:01:38,798 - root - INFO - Train Results | R²: 0.9990 | RMSE: 0.0009 | IC: 0.9995 | RankIC: 0.9989
2026-03-25 02:01:38,826 - root - INFO - Epoch of Causal-TSF[107/10000],
2026-03-25 02:01:38,826 - root - INFO - Train Results | R²: 0.9984 | RMSE: 0.0011 | IC: 0.9993 | RankIC: 0.9974
2026-03-25 02:01:38,854 - root - INFO - Epoch of Causal-TSF[108/10000],
2026-03-25 02:01:38,854 - root - INFO - Train Results | R²: 0.9989 | RMSE: 0.0009 | IC: 0.9995 | RankIC: 0.9977
2026-03-25 02:01:38,883 - root - INFO - Epoch of Causal-TSF[109/10000],
2026-03-25 02:01:38,883 - root - INFO - Train Results | R²: 0.9991 | RMSE: 0.0009 | IC: 0.9995 | RankIC: 0.9988
2026-03-25 02:01:38,911 - root - INFO - Epoch of Causal-TSF[110/10000],
2026-03-25 02:01:38,911 - root - INFO - Train Results | R²: 0.9987 | RMSE: 0.0010 | IC: 0.9994 | RankIC: 0.9980
2026-03-25 02:01:38,944 - root - INFO - Epoch of Causal-TSF[111/10000],
2026-03-25 02:01:38,944 - root - INFO - Train Results | R²: 0.9988 | RMSE: 0.0010 | IC: 0.9995 | RankIC: 0.9989
2026-03-25 02:01:38,974 - root - INFO - Epoch of Causal-TSF[112/10000],
2026-03-25 02:01:38,974 - root - INFO - Train Results | R²: 0.9986 | RMSE: 0.0011 | IC: 0.9993 | RankIC: 0.9982
2026-03-25 02:01:39,004 - root - INFO - Epoch of Causal-TSF[113/10000],
2026-03-25 02:01:39,004 - root - INFO - Train Results | R²: 0.9987 | RMSE: 0.0010 | IC: 0.9993 | RankIC: 0.9981
2026-03-25 02:01:39,034 - root - INFO - Epoch of Causal-TSF[114/10000],
2026-03-25 02:01:39,034 - root - INFO - Train Results | R²: 0.9985 | RMSE: 0.0011 | IC: 0.9994 | RankIC: 0.9975
2026-03-25 02:01:39,069 - root - INFO - Epoch of Causal-TSF[115/10000],
2026-03-25 02:01:39,069 - root - INFO - Train Results | R²: 0.9988 | RMSE: 0.0010 | IC: 0.9994 | RankIC: 0.9985
2026-03-25 02:01:39,104 - root - INFO - Epoch of Causal-TSF[116/10000],
2026-03-25 02:01:39,104 - root - INFO - Train Results | R²: 0.9991 | RMSE: 0.0009 | IC: 0.9996 | RankIC: 0.9989
2026-03-25 02:01:39,137 - root - INFO - Epoch of Causal-TSF[117/10000],
2026-03-25 02:01:39,137 - root - INFO - Train Results | R²: 0.9992 | RMSE: 0.0008 | IC: 0.9996 | RankIC: 0.9990
2026-03-25 02:01:39,169 - root - INFO - Epoch of Causal-TSF[118/10000],
2026-03-25 02:01:39,170 - root - INFO - Train Results | R²: 0.9988 | RMSE: 0.0010 | IC: 0.9995 | RankIC: 0.9982
2026-03-25 02:01:39,201 - root - INFO - Epoch of Causal-TSF[119/10000],
2026-03-25 02:01:39,201 - root - INFO - Train Results | R²: 0.9985 | RMSE: 0.0011 | IC: 0.9992 | RankIC: 0.9978
2026-03-25 02:01:39,233 - root - INFO - Epoch of Causal-TSF[120/10000],
2026-03-25 02:01:39,233 - root - INFO - Train Results | R²: 0.9985 | RMSE: 0.0011 | IC: 0.9993 | RankIC: 0.9978
2026-03-25 02:01:39,265 - root - INFO - Epoch of Causal-TSF[121/10000],
2026-03-25 02:01:39,265 - root - INFO - Train Results | R²: 0.9988 | RMSE: 0.0010 | IC: 0.9994 | RankIC: 0.9982
2026-03-25 02:01:39,297 - root - INFO - Epoch of Causal-TSF[122/10000],
2026-03-25 02:01:39,298 - root - INFO - Train Results | R²: 0.9991 | RMSE: 0.0008 | IC: 0.9996 | RankIC: 0.9986
2026-03-25 02:01:39,331 - root - INFO - Epoch of Causal-TSF[123/10000],
2026-03-25 02:01:39,331 - root - INFO - Train Results | R²: 0.9988 | RMSE: 0.0010 | IC: 0.9994 | RankIC: 0.9985
2026-03-25 02:01:39,363 - root - INFO - Epoch of Causal-TSF[124/10000],
2026-03-25 02:01:39,363 - root - INFO - Train Results | R²: 0.9981 | RMSE: 0.0012 | IC: 0.9991 | RankIC: 0.9972
2026-03-25 02:01:39,398 - root - INFO - Epoch of Causal-TSF[125/10000],
2026-03-25 02:01:39,398 - root - INFO - Train Results | R²: 0.9979 | RMSE: 0.0013 | IC: 0.9991 | RankIC: 0.9979
2026-03-25 02:01:39,430 - root - INFO - Epoch of Causal-TSF[126/10000],
2026-03-25 02:01:39,430 - root - INFO - Train Results | R²: 0.9980 | RMSE: 0.0013 | IC: 0.9993 | RankIC: 0.9985
2026-03-25 02:01:39,463 - root - INFO - Epoch of Causal-TSF[127/10000],
2026-03-25 02:01:39,463 - root - INFO - Train Results | R²: 0.9979 | RMSE: 0.0013 | IC: 0.9991 | RankIC: 0.9974
2026-03-25 02:01:39,495 - root - INFO - Epoch of Causal-TSF[128/10000],
2026-03-25 02:01:39,496 - root - INFO - Train Results | R²: 0.9983 | RMSE: 0.0012 | IC: 0.9992 | RankIC: 0.9980
2026-03-25 02:01:39,528 - root - INFO - Epoch of Causal-TSF[129/10000],
2026-03-25 02:01:39,528 - root - INFO - Train Results | R²: 0.9985 | RMSE: 0.0011 | IC: 0.9993 | RankIC: 0.9973
2026-03-25 02:01:39,560 - root - INFO - Epoch of Causal-TSF[130/10000],
2026-03-25 02:01:39,560 - root - INFO - Train Results | R²: 0.9986 | RMSE: 0.0011 | IC: 0.9993 | RankIC: 0.9985
2026-03-25 02:01:39,593 - root - INFO - Epoch of Causal-TSF[131/10000],
2026-03-25 02:01:39,593 - root - INFO - Train Results | R²: 0.9982 | RMSE: 0.0012 | IC: 0.9992 | RankIC: 0.9975
2026-03-25 02:01:39,628 - root - INFO - Epoch of Causal-TSF[132/10000],
2026-03-25 02:01:39,628 - root - INFO - Train Results | R²: 0.9983 | RMSE: 0.0012 | IC: 0.9993 | RankIC: 0.9982
2026-03-25 02:01:39,661 - root - INFO - Epoch of Causal-TSF[133/10000],
2026-03-25 02:01:39,661 - root - INFO - Train Results | R²: 0.9977 | RMSE: 0.0014 | IC: 0.9989 | RankIC: 0.9967
2026-03-25 02:01:39,697 - root - INFO - Epoch of Causal-TSF[134/10000],
2026-03-25 02:01:39,697 - root - INFO - Train Results | R²: 0.9981 | RMSE: 0.0012 | IC: 0.9991 | RankIC: 0.9974
2026-03-25 02:01:39,731 - root - INFO - Epoch of Causal-TSF[135/10000],
2026-03-25 02:01:39,731 - root - INFO - Train Results | R²: 0.9981 | RMSE: 0.0012 | IC: 0.9993 | RankIC: 0.9984
2026-03-25 02:01:39,764 - root - INFO - Epoch of Causal-TSF[136/10000],
2026-03-25 02:01:39,764 - root - INFO - Train Results | R²: 0.9979 | RMSE: 0.0013 | IC: 0.9991 | RankIC: 0.9979
2026-03-25 02:01:39,797 - root - INFO - Epoch of Causal-TSF[137/10000],
2026-03-25 02:01:39,798 - root - INFO - Train Results | R²: 0.9983 | RMSE: 0.0012 | IC: 0.9993 | RankIC: 0.9979
2026-03-25 02:01:39,830 - root - INFO - Epoch of Causal-TSF[138/10000],
2026-03-25 02:01:39,830 - root - INFO - Train Results | R²: 0.9987 | RMSE: 0.0010 | IC: 0.9994 | RankIC: 0.9981
2026-03-25 02:01:39,863 - root - INFO - Epoch of Causal-TSF[139/10000],
2026-03-25 02:01:39,863 - root - INFO - Train Results | R²: 0.9984 | RMSE: 0.0011 | IC: 0.9992 | RankIC: 0.9980
2026-03-25 02:01:39,895 - root - INFO - Epoch of Causal-TSF[140/10000],
2026-03-25 02:01:39,895 - root - INFO - Train Results | R²: 0.9991 | RMSE: 0.0009 | IC: 0.9996 | RankIC: 0.9989
2026-03-25 02:01:39,925 - root - INFO - Epoch of Causal-TSF[141/10000],
2026-03-25 02:01:39,925 - root - INFO - Train Results | R²: 0.9989 | RMSE: 0.0009 | IC: 0.9995 | RankIC: 0.9990
2026-03-25 02:01:39,956 - root - INFO - Epoch of Causal-TSF[142/10000],
2026-03-25 02:01:39,956 - root - INFO - Train Results | R²: 0.9986 | RMSE: 0.0010 | IC: 0.9994 | RankIC: 0.9978
2026-03-25 02:01:39,986 - root - INFO - Epoch of Causal-TSF[143/10000],
2026-03-25 02:01:39,986 - root - INFO - Train Results | R²: 0.9985 | RMSE: 0.0011 | IC: 0.9994 | RankIC: 0.9979
2026-03-25 02:01:40,017 - root - INFO - Epoch of Causal-TSF[144/10000],
2026-03-25 02:01:40,018 - root - INFO - Train Results | R²: 0.9983 | RMSE: 0.0012 | IC: 0.9992 | RankIC: 0.9979
2026-03-25 02:01:40,048 - root - INFO - Epoch of Causal-TSF[145/10000],
2026-03-25 02:01:40,048 - root - INFO - Train Results | R²: 0.9987 | RMSE: 0.0010 | IC: 0.9995 | RankIC: 0.9982
2026-03-25 02:01:40,079 - root - INFO - Epoch of Causal-TSF[146/10000],
2026-03-25 02:01:40,079 - root - INFO - Train Results | R²: 0.9984 | RMSE: 0.0011 | IC: 0.9992 | RankIC: 0.9978
2026-03-25 02:01:40,109 - root - INFO - Epoch of Causal-TSF[147/10000],
2026-03-25 02:01:40,109 - root - INFO - Train Results | R²: 0.9986 | RMSE: 0.0010 | IC: 0.9994 | RankIC: 0.9983
2026-03-25 02:01:40,141 - root - INFO - Epoch of Causal-TSF[148/10000],
2026-03-25 02:01:40,141 - root - INFO - Train Results | R²: 0.9989 | RMSE: 0.0009 | IC: 0.9995 | RankIC: 0.9984
2026-03-25 02:01:40,174 - root - INFO - Epoch of Causal-TSF[149/10000],
2026-03-25 02:01:40,174 - root - INFO - Train Results | R²: 0.9987 | RMSE: 0.0010 | IC: 0.9994 | RankIC: 0.9985
2026-03-25 02:01:40,206 - root - INFO - Epoch of Causal-TSF[150/10000],
2026-03-25 02:01:40,206 - root - INFO - Train Results | R²: 0.9985 | RMSE: 0.0011 | IC: 0.9993 | RankIC: 0.9977
2026-03-25 02:01:40,239 - root - INFO - Epoch of Causal-TSF[151/10000],
2026-03-25 02:01:40,239 - root - INFO - Train Results | R²: 0.9981 | RMSE: 0.0012 | IC: 0.9992 | RankIC: 0.9979
2026-03-25 02:01:40,271 - root - INFO - Epoch of Causal-TSF[152/10000],
2026-03-25 02:01:40,271 - root - INFO - Train Results | R²: 0.9973 | RMSE: 0.0015 | IC: 0.9987 | RankIC: 0.9975
2026-03-25 02:01:40,301 - root - INFO - Early stopping triggered at epoch 153. No improvement for 100 epochs.
2026-03-25 02:01:40,317 - root - INFO - Run 11 Test Results | R²: -0.2009 | RMSE: 0.0426 | IC: -0.0229 | RankIC: -0.0617
2026-03-25 02:01:40,317 - root - INFO - 
2026-03-25 02:01:40,317 - root - INFO - ============================================================
2026-03-25 02:01:40,317 - root - INFO - Causal-TSF Run 12/30 Starting...
2026-03-25 02:01:40,317 - root - INFO - ============================================================
2026-03-25 02:01:40,359 - root - INFO - Epoch of Causal-TSF[1/10000],
2026-03-25 02:01:40,359 - root - INFO - Train Results | R²: -0.1069 | RMSE: 0.0298 | IC: -0.0903 | RankIC: -0.1400
2026-03-25 02:01:40,395 - root - INFO - Epoch of Causal-TSF[2/10000],
2026-03-25 02:01:40,395 - root - INFO - Train Results | R²: 0.0590 | RMSE: 0.0274 | IC: 0.3418 | RankIC: 0.2922
2026-03-25 02:01:40,431 - root - INFO - Epoch of Causal-TSF[3/10000],
2026-03-25 02:01:40,431 - root - INFO - Train Results | R²: 0.1607 | RMSE: 0.0259 | IC: 0.6793 | RankIC: 0.5988
2026-03-25 02:01:40,469 - root - INFO - Epoch of Causal-TSF[4/10000],
2026-03-25 02:01:40,469 - root - INFO - Train Results | R²: 0.3455 | RMSE: 0.0229 | IC: 0.7551 | RankIC: 0.6853
2026-03-25 02:01:40,506 - root - INFO - Epoch of Causal-TSF[5/10000],
2026-03-25 02:01:40,506 - root - INFO - Train Results | R²: 0.6016 | RMSE: 0.0179 | IC: 0.8148 | RankIC: 0.7891
2026-03-25 02:01:40,545 - root - INFO - Epoch of Causal-TSF[6/10000],
2026-03-25 02:01:40,545 - root - INFO - Train Results | R²: 0.8106 | RMSE: 0.0123 | IC: 0.9008 | RankIC: 0.8991
2026-03-25 02:01:40,581 - root - INFO - Epoch of Causal-TSF[7/10000],
2026-03-25 02:01:40,582 - root - INFO - Train Results | R²: 0.9035 | RMSE: 0.0088 | IC: 0.9603 | RankIC: 0.9592
2026-03-25 02:01:40,619 - root - INFO - Epoch of Causal-TSF[8/10000],
2026-03-25 02:01:40,619 - root - INFO - Train Results | R²: 0.9200 | RMSE: 0.0080 | IC: 0.9632 | RankIC: 0.9456
2026-03-25 02:01:40,657 - root - INFO - Epoch of Causal-TSF[9/10000],
2026-03-25 02:01:40,657 - root - INFO - Train Results | R²: 0.9441 | RMSE: 0.0067 | IC: 0.9761 | RankIC: 0.9637
2026-03-25 02:01:40,693 - root - INFO - Epoch of Causal-TSF[10/10000],
2026-03-25 02:01:40,693 - root - INFO - Train Results | R²: 0.9652 | RMSE: 0.0053 | IC: 0.9863 | RankIC: 0.9788
2026-03-25 02:01:40,729 - root - INFO - Epoch of Causal-TSF[11/10000],
2026-03-25 02:01:40,729 - root - INFO - Train Results | R²: 0.9729 | RMSE: 0.0047 | IC: 0.9875 | RankIC: 0.9784
2026-03-25 02:01:40,767 - root - INFO - Epoch of Causal-TSF[12/10000],
2026-03-25 02:01:40,768 - root - INFO - Train Results | R²: 0.9826 | RMSE: 0.0037 | IC: 0.9924 | RankIC: 0.9891
2026-03-25 02:01:40,804 - root - INFO - Epoch of Causal-TSF[13/10000],
2026-03-25 02:01:40,805 - root - INFO - Train Results | R²: 0.9927 | RMSE: 0.0024 | IC: 0.9967 | RankIC: 0.9938
2026-03-25 02:01:40,841 - root - INFO - Epoch of Causal-TSF[14/10000],
2026-03-25 02:01:40,841 - root - INFO - Train Results | R²: 0.9940 | RMSE: 0.0022 | IC: 0.9974 | RankIC: 0.9955
2026-03-25 02:01:40,873 - root - INFO - Epoch of Causal-TSF[15/10000],
2026-03-25 02:01:40,874 - root - INFO - Train Results | R²: 0.9944 | RMSE: 0.0021 | IC: 0.9975 | RankIC: 0.9962
2026-03-25 02:01:40,909 - root - INFO - Epoch of Causal-TSF[16/10000],
2026-03-25 02:01:40,909 - root - INFO - Train Results | R²: 0.9964 | RMSE: 0.0017 | IC: 0.9984 | RankIC: 0.9968
2026-03-25 02:01:40,941 - root - INFO - Epoch of Causal-TSF[17/10000],
2026-03-25 02:01:40,941 - root - INFO - Train Results | R²: 0.9964 | RMSE: 0.0017 | IC: 0.9983 | RankIC: 0.9957
2026-03-25 02:01:40,974 - root - INFO - Epoch of Causal-TSF[18/10000],
2026-03-25 02:01:40,974 - root - INFO - Train Results | R²: 0.9970 | RMSE: 0.0016 | IC: 0.9986 | RankIC: 0.9971
2026-03-25 02:01:41,011 - root - INFO - Epoch of Causal-TSF[19/10000],
2026-03-25 02:01:41,011 - root - INFO - Train Results | R²: 0.9974 | RMSE: 0.0014 | IC: 0.9989 | RankIC: 0.9964
2026-03-25 02:01:41,046 - root - INFO - Epoch of Causal-TSF[20/10000],
2026-03-25 02:01:41,046 - root - INFO - Train Results | R²: 0.9978 | RMSE: 0.0013 | IC: 0.9992 | RankIC: 0.9973
2026-03-25 02:01:41,078 - root - INFO - Epoch of Causal-TSF[21/10000],
2026-03-25 02:01:41,079 - root - INFO - Train Results | R²: 0.9977 | RMSE: 0.0014 | IC: 0.9991 | RankIC: 0.9978
2026-03-25 02:01:41,112 - root - INFO - Epoch of Causal-TSF[22/10000],
2026-03-25 02:01:41,112 - root - INFO - Train Results | R²: 0.9983 | RMSE: 0.0012 | IC: 0.9994 | RankIC: 0.9984
2026-03-25 02:01:41,146 - root - INFO - Epoch of Causal-TSF[23/10000],
2026-03-25 02:01:41,147 - root - INFO - Train Results | R²: 0.9981 | RMSE: 0.0012 | IC: 0.9993 | RankIC: 0.9984
2026-03-25 02:01:41,182 - root - INFO - Epoch of Causal-TSF[24/10000],
2026-03-25 02:01:41,182 - root - INFO - Train Results | R²: 0.9978 | RMSE: 0.0013 | IC: 0.9992 | RankIC: 0.9982
2026-03-25 02:01:41,214 - root - INFO - Epoch of Causal-TSF[25/10000],
2026-03-25 02:01:41,214 - root - INFO - Train Results | R²: 0.9969 | RMSE: 0.0016 | IC: 0.9987 | RankIC: 0.9977
2026-03-25 02:01:41,251 - root - INFO - Epoch of Causal-TSF[26/10000],
2026-03-25 02:01:41,252 - root - INFO - Train Results | R²: 0.9987 | RMSE: 0.0010 | IC: 0.9994 | RankIC: 0.9985
2026-03-25 02:01:41,285 - root - INFO - Epoch of Causal-TSF[27/10000],
2026-03-25 02:01:41,285 - root - INFO - Train Results | R²: 0.9985 | RMSE: 0.0011 | IC: 0.9995 | RankIC: 0.9990
2026-03-25 02:01:41,317 - root - INFO - Epoch of Causal-TSF[28/10000],
2026-03-25 02:01:41,318 - root - INFO - Train Results | R²: 0.9988 | RMSE: 0.0010 | IC: 0.9994 | RankIC: 0.9979
2026-03-25 02:01:41,350 - root - INFO - Epoch of Causal-TSF[29/10000],
2026-03-25 02:01:41,350 - root - INFO - Train Results | R²: 0.9990 | RMSE: 0.0009 | IC: 0.9995 | RankIC: 0.9988
2026-03-25 02:01:41,383 - root - INFO - Epoch of Causal-TSF[30/10000],
2026-03-25 02:01:41,383 - root - INFO - Train Results | R²: 0.9986 | RMSE: 0.0011 | IC: 0.9993 | RankIC: 0.9982
2026-03-25 02:01:41,417 - root - INFO - Epoch of Causal-TSF[31/10000],
2026-03-25 02:01:41,417 - root - INFO - Train Results | R²: 0.9985 | RMSE: 0.0011 | IC: 0.9994 | RankIC: 0.9983
2026-03-25 02:01:41,450 - root - INFO - Epoch of Causal-TSF[32/10000],
2026-03-25 02:01:41,450 - root - INFO - Train Results | R²: 0.9984 | RMSE: 0.0011 | IC: 0.9994 | RankIC: 0.9986
2026-03-25 02:01:41,483 - root - INFO - Epoch of Causal-TSF[33/10000],
2026-03-25 02:01:41,483 - root - INFO - Train Results | R²: 0.9983 | RMSE: 0.0012 | IC: 0.9993 | RankIC: 0.9978
2026-03-25 02:01:41,514 - root - INFO - Epoch of Causal-TSF[34/10000],
2026-03-25 02:01:41,514 - root - INFO - Train Results | R²: 0.9986 | RMSE: 0.0011 | IC: 0.9993 | RankIC: 0.9983
2026-03-25 02:01:41,547 - root - INFO - Epoch of Causal-TSF[35/10000],
2026-03-25 02:01:41,547 - root - INFO - Train Results | R²: 0.9981 | RMSE: 0.0012 | IC: 0.9991 | RankIC: 0.9979
2026-03-25 02:01:41,580 - root - INFO - Epoch of Causal-TSF[36/10000],
2026-03-25 02:01:41,580 - root - INFO - Train Results | R²: 0.9980 | RMSE: 0.0013 | IC: 0.9991 | RankIC: 0.9978
2026-03-25 02:01:41,612 - root - INFO - Epoch of Causal-TSF[37/10000],
2026-03-25 02:01:41,612 - root - INFO - Train Results | R²: 0.9985 | RMSE: 0.0011 | IC: 0.9994 | RankIC: 0.9983
2026-03-25 02:01:41,646 - root - INFO - Epoch of Causal-TSF[38/10000],
2026-03-25 02:01:41,646 - root - INFO - Train Results | R²: 0.9977 | RMSE: 0.0013 | IC: 0.9989 | RankIC: 0.9973
2026-03-25 02:01:41,679 - root - INFO - Epoch of Causal-TSF[39/10000],
2026-03-25 02:01:41,680 - root - INFO - Train Results | R²: 0.9980 | RMSE: 0.0013 | IC: 0.9992 | RankIC: 0.9981
2026-03-25 02:01:41,714 - root - INFO - Epoch of Causal-TSF[40/10000],
2026-03-25 02:01:41,714 - root - INFO - Train Results | R²: 0.9983 | RMSE: 0.0012 | IC: 0.9993 | RankIC: 0.9980
2026-03-25 02:01:41,746 - root - INFO - Epoch of Causal-TSF[41/10000],
2026-03-25 02:01:41,746 - root - INFO - Train Results | R²: 0.9986 | RMSE: 0.0011 | IC: 0.9993 | RankIC: 0.9986
2026-03-25 02:01:41,779 - root - INFO - Epoch of Causal-TSF[42/10000],
2026-03-25 02:01:41,779 - root - INFO - Train Results | R²: 0.9981 | RMSE: 0.0012 | IC: 0.9991 | RankIC: 0.9977
2026-03-25 02:01:41,812 - root - INFO - Epoch of Causal-TSF[43/10000],
2026-03-25 02:01:41,812 - root - INFO - Train Results | R²: 0.9990 | RMSE: 0.0009 | IC: 0.9995 | RankIC: 0.9986
2026-03-25 02:01:41,846 - root - INFO - Epoch of Causal-TSF[44/10000],
2026-03-25 02:01:41,846 - root - INFO - Train Results | R²: 0.9985 | RMSE: 0.0011 | IC: 0.9993 | RankIC: 0.9984
2026-03-25 02:01:41,881 - root - INFO - Epoch of Causal-TSF[45/10000],
2026-03-25 02:01:41,881 - root - INFO - Train Results | R²: 0.9987 | RMSE: 0.0010 | IC: 0.9993 | RankIC: 0.9980
2026-03-25 02:01:41,913 - root - INFO - Epoch of Causal-TSF[46/10000],
2026-03-25 02:01:41,913 - root - INFO - Train Results | R²: 0.9986 | RMSE: 0.0011 | IC: 0.9993 | RankIC: 0.9984
2026-03-25 02:01:41,946 - root - INFO - Epoch of Causal-TSF[47/10000],
2026-03-25 02:01:41,946 - root - INFO - Train Results | R²: 0.9978 | RMSE: 0.0013 | IC: 0.9991 | RankIC: 0.9980
2026-03-25 02:01:41,977 - root - INFO - Epoch of Causal-TSF[48/10000],
2026-03-25 02:01:41,977 - root - INFO - Train Results | R²: 0.9978 | RMSE: 0.0013 | IC: 0.9991 | RankIC: 0.9972
2026-03-25 02:01:42,010 - root - INFO - Epoch of Causal-TSF[49/10000],
2026-03-25 02:01:42,010 - root - INFO - Train Results | R²: 0.9972 | RMSE: 0.0015 | IC: 0.9987 | RankIC: 0.9973
2026-03-25 02:01:42,043 - root - INFO - Epoch of Causal-TSF[50/10000],
2026-03-25 02:01:42,043 - root - INFO - Train Results | R²: 0.9971 | RMSE: 0.0015 | IC: 0.9990 | RankIC: 0.9970
2026-03-25 02:01:42,075 - root - INFO - Epoch of Causal-TSF[51/10000],
2026-03-25 02:01:42,075 - root - INFO - Train Results | R²: 0.9947 | RMSE: 0.0021 | IC: 0.9974 | RankIC: 0.9952
2026-03-25 02:01:42,108 - root - INFO - Epoch of Causal-TSF[52/10000],
2026-03-25 02:01:42,108 - root - INFO - Train Results | R²: 0.9946 | RMSE: 0.0021 | IC: 0.9980 | RankIC: 0.9967
2026-03-25 02:01:42,141 - root - INFO - Epoch of Causal-TSF[53/10000],
2026-03-25 02:01:42,141 - root - INFO - Train Results | R²: 0.9941 | RMSE: 0.0022 | IC: 0.9976 | RankIC: 0.9953
2026-03-25 02:01:42,173 - root - INFO - Epoch of Causal-TSF[54/10000],
2026-03-25 02:01:42,173 - root - INFO - Train Results | R²: 0.9949 | RMSE: 0.0020 | IC: 0.9976 | RankIC: 0.9959
2026-03-25 02:01:42,204 - root - INFO - Epoch of Causal-TSF[55/10000],
2026-03-25 02:01:42,204 - root - INFO - Train Results | R²: 0.9959 | RMSE: 0.0018 | IC: 0.9987 | RankIC: 0.9963
2026-03-25 02:01:42,237 - root - INFO - Epoch of Causal-TSF[56/10000],
2026-03-25 02:01:42,237 - root - INFO - Train Results | R²: 0.9978 | RMSE: 0.0013 | IC: 0.9990 | RankIC: 0.9985
2026-03-25 02:01:42,270 - root - INFO - Epoch of Causal-TSF[57/10000],
2026-03-25 02:01:42,270 - root - INFO - Train Results | R²: 0.9986 | RMSE: 0.0010 | IC: 0.9994 | RankIC: 0.9983
2026-03-25 02:01:42,302 - root - INFO - Epoch of Causal-TSF[58/10000],
2026-03-25 02:01:42,302 - root - INFO - Train Results | R²: 0.9980 | RMSE: 0.0013 | IC: 0.9992 | RankIC: 0.9978
2026-03-25 02:01:42,336 - root - INFO - Epoch of Causal-TSF[59/10000],
2026-03-25 02:01:42,336 - root - INFO - Train Results | R²: 0.9987 | RMSE: 0.0010 | IC: 0.9994 | RankIC: 0.9986
2026-03-25 02:01:42,367 - root - INFO - Epoch of Causal-TSF[60/10000],
2026-03-25 02:01:42,367 - root - INFO - Train Results | R²: 0.9989 | RMSE: 0.0009 | IC: 0.9995 | RankIC: 0.9987
2026-03-25 02:01:42,403 - root - INFO - Epoch of Causal-TSF[61/10000],
2026-03-25 02:01:42,403 - root - INFO - Train Results | R²: 0.9985 | RMSE: 0.0011 | IC: 0.9993 | RankIC: 0.9980
2026-03-25 02:01:42,436 - root - INFO - Epoch of Causal-TSF[62/10000],
2026-03-25 02:01:42,436 - root - INFO - Train Results | R²: 0.9985 | RMSE: 0.0011 | IC: 0.9993 | RankIC: 0.9977
2026-03-25 02:01:42,468 - root - INFO - Epoch of Causal-TSF[63/10000],
2026-03-25 02:01:42,468 - root - INFO - Train Results | R²: 0.9988 | RMSE: 0.0010 | IC: 0.9994 | RankIC: 0.9991
2026-03-25 02:01:42,501 - root - INFO - Epoch of Causal-TSF[64/10000],
2026-03-25 02:01:42,501 - root - INFO - Train Results | R²: 0.9989 | RMSE: 0.0009 | IC: 0.9995 | RankIC: 0.9988
2026-03-25 02:01:42,534 - root - INFO - Epoch of Causal-TSF[65/10000],
2026-03-25 02:01:42,534 - root - INFO - Train Results | R²: 0.9988 | RMSE: 0.0010 | IC: 0.9994 | RankIC: 0.9986
2026-03-25 02:01:42,567 - root - INFO - Epoch of Causal-TSF[66/10000],
2026-03-25 02:01:42,567 - root - INFO - Train Results | R²: 0.9985 | RMSE: 0.0011 | IC: 0.9993 | RankIC: 0.9980
2026-03-25 02:01:42,599 - root - INFO - Epoch of Causal-TSF[67/10000],
2026-03-25 02:01:42,599 - root - INFO - Train Results | R²: 0.9982 | RMSE: 0.0012 | IC: 0.9991 | RankIC: 0.9981
2026-03-25 02:01:42,630 - root - INFO - Epoch of Causal-TSF[68/10000],
2026-03-25 02:01:42,630 - root - INFO - Train Results | R²: 0.9975 | RMSE: 0.0014 | IC: 0.9990 | RankIC: 0.9977
2026-03-25 02:01:42,660 - root - INFO - Epoch of Causal-TSF[69/10000],
2026-03-25 02:01:42,660 - root - INFO - Train Results | R²: 0.9967 | RMSE: 0.0016 | IC: 0.9987 | RankIC: 0.9968
2026-03-25 02:01:42,693 - root - INFO - Epoch of Causal-TSF[70/10000],
2026-03-25 02:01:42,693 - root - INFO - Train Results | R²: 0.9948 | RMSE: 0.0020 | IC: 0.9975 | RankIC: 0.9950
2026-03-25 02:01:42,724 - root - INFO - Epoch of Causal-TSF[71/10000],
2026-03-25 02:01:42,725 - root - INFO - Train Results | R²: 0.9969 | RMSE: 0.0016 | IC: 0.9991 | RankIC: 0.9981
2026-03-25 02:01:42,757 - root - INFO - Epoch of Causal-TSF[72/10000],
2026-03-25 02:01:42,757 - root - INFO - Train Results | R²: 0.9965 | RMSE: 0.0017 | IC: 0.9988 | RankIC: 0.9967
2026-03-25 02:01:42,789 - root - INFO - Epoch of Causal-TSF[73/10000],
2026-03-25 02:01:42,789 - root - INFO - Train Results | R²: 0.9963 | RMSE: 0.0017 | IC: 0.9983 | RankIC: 0.9965
2026-03-25 02:01:42,822 - root - INFO - Epoch of Causal-TSF[74/10000],
2026-03-25 02:01:42,822 - root - INFO - Train Results | R²: 0.9966 | RMSE: 0.0017 | IC: 0.9986 | RankIC: 0.9973
2026-03-25 02:01:42,853 - root - INFO - Epoch of Causal-TSF[75/10000],
2026-03-25 02:01:42,853 - root - INFO - Train Results | R²: 0.9971 | RMSE: 0.0015 | IC: 0.9992 | RankIC: 0.9975
2026-03-25 02:01:42,886 - root - INFO - Epoch of Causal-TSF[76/10000],
2026-03-25 02:01:42,886 - root - INFO - Train Results | R²: 0.9953 | RMSE: 0.0019 | IC: 0.9980 | RankIC: 0.9960
2026-03-25 02:01:42,919 - root - INFO - Epoch of Causal-TSF[77/10000],
2026-03-25 02:01:42,919 - root - INFO - Train Results | R²: 0.9966 | RMSE: 0.0017 | IC: 0.9986 | RankIC: 0.9968
2026-03-25 02:01:42,952 - root - INFO - Epoch of Causal-TSF[78/10000],
2026-03-25 02:01:42,952 - root - INFO - Train Results | R²: 0.9963 | RMSE: 0.0017 | IC: 0.9989 | RankIC: 0.9976
2026-03-25 02:01:42,984 - root - INFO - Epoch of Causal-TSF[79/10000],
2026-03-25 02:01:42,985 - root - INFO - Train Results | R²: 0.9950 | RMSE: 0.0020 | IC: 0.9981 | RankIC: 0.9969
2026-03-25 02:01:43,017 - root - INFO - Epoch of Causal-TSF[80/10000],
2026-03-25 02:01:43,017 - root - INFO - Train Results | R²: 0.9941 | RMSE: 0.0022 | IC: 0.9973 | RankIC: 0.9944
2026-03-25 02:01:43,049 - root - INFO - Epoch of Causal-TSF[81/10000],
2026-03-25 02:01:43,049 - root - INFO - Train Results | R²: 0.9953 | RMSE: 0.0019 | IC: 0.9983 | RankIC: 0.9967
2026-03-25 02:01:43,081 - root - INFO - Epoch of Causal-TSF[82/10000],
2026-03-25 02:01:43,081 - root - INFO - Train Results | R²: 0.9946 | RMSE: 0.0021 | IC: 0.9983 | RankIC: 0.9962
2026-03-25 02:01:43,113 - root - INFO - Epoch of Causal-TSF[83/10000],
2026-03-25 02:01:43,113 - root - INFO - Train Results | R²: 0.9947 | RMSE: 0.0021 | IC: 0.9978 | RankIC: 0.9953
2026-03-25 02:01:43,145 - root - INFO - Epoch of Causal-TSF[84/10000],
2026-03-25 02:01:43,146 - root - INFO - Train Results | R²: 0.9937 | RMSE: 0.0022 | IC: 0.9970 | RankIC: 0.9942
2026-03-25 02:01:43,178 - root - INFO - Epoch of Causal-TSF[85/10000],
2026-03-25 02:01:43,178 - root - INFO - Train Results | R²: 0.9961 | RMSE: 0.0018 | IC: 0.9988 | RankIC: 0.9974
2026-03-25 02:01:43,211 - root - INFO - Epoch of Causal-TSF[86/10000],
2026-03-25 02:01:43,211 - root - INFO - Train Results | R²: 0.9964 | RMSE: 0.0017 | IC: 0.9992 | RankIC: 0.9980
2026-03-25 02:01:43,244 - root - INFO - Epoch of Causal-TSF[87/10000],
2026-03-25 02:01:43,244 - root - INFO - Train Results | R²: 0.9958 | RMSE: 0.0018 | IC: 0.9982 | RankIC: 0.9972
2026-03-25 02:01:43,278 - root - INFO - Epoch of Causal-TSF[88/10000],
2026-03-25 02:01:43,278 - root - INFO - Train Results | R²: 0.9973 | RMSE: 0.0015 | IC: 0.9987 | RankIC: 0.9969
2026-03-25 02:01:43,310 - root - INFO - Epoch of Causal-TSF[89/10000],
2026-03-25 02:01:43,310 - root - INFO - Train Results | R²: 0.9978 | RMSE: 0.0013 | IC: 0.9992 | RankIC: 0.9981
2026-03-25 02:01:43,342 - root - INFO - Epoch of Causal-TSF[90/10000],
2026-03-25 02:01:43,342 - root - INFO - Train Results | R²: 0.9985 | RMSE: 0.0011 | IC: 0.9995 | RankIC: 0.9993
2026-03-25 02:01:43,375 - root - INFO - Epoch of Causal-TSF[91/10000],
2026-03-25 02:01:43,375 - root - INFO - Train Results | R²: 0.9984 | RMSE: 0.0011 | IC: 0.9994 | RankIC: 0.9986
2026-03-25 02:01:43,407 - root - INFO - Epoch of Causal-TSF[92/10000],
2026-03-25 02:01:43,408 - root - INFO - Train Results | R²: 0.9984 | RMSE: 0.0011 | IC: 0.9994 | RankIC: 0.9987
2026-03-25 02:01:43,442 - root - INFO - Epoch of Causal-TSF[93/10000],
2026-03-25 02:01:43,442 - root - INFO - Train Results | R²: 0.9977 | RMSE: 0.0013 | IC: 0.9989 | RankIC: 0.9972
2026-03-25 02:01:43,473 - root - INFO - Epoch of Causal-TSF[94/10000],
2026-03-25 02:01:43,473 - root - INFO - Train Results | R²: 0.9983 | RMSE: 0.0012 | IC: 0.9993 | RankIC: 0.9985
2026-03-25 02:01:43,505 - root - INFO - Epoch of Causal-TSF[95/10000],
2026-03-25 02:01:43,505 - root - INFO - Train Results | R²: 0.9982 | RMSE: 0.0012 | IC: 0.9994 | RankIC: 0.9986
2026-03-25 02:01:43,537 - root - INFO - Epoch of Causal-TSF[96/10000],
2026-03-25 02:01:43,537 - root - INFO - Train Results | R²: 0.9985 | RMSE: 0.0011 | IC: 0.9993 | RankIC: 0.9982
2026-03-25 02:01:43,570 - root - INFO - Epoch of Causal-TSF[97/10000],
2026-03-25 02:01:43,570 - root - INFO - Train Results | R²: 0.9991 | RMSE: 0.0009 | IC: 0.9995 | RankIC: 0.9990
2026-03-25 02:01:43,602 - root - INFO - Epoch of Causal-TSF[98/10000],
2026-03-25 02:01:43,602 - root - INFO - Train Results | R²: 0.9990 | RMSE: 0.0009 | IC: 0.9995 | RankIC: 0.9990
2026-03-25 02:01:43,635 - root - INFO - Epoch of Causal-TSF[99/10000],
2026-03-25 02:01:43,635 - root - INFO - Train Results | R²: 0.9992 | RMSE: 0.0008 | IC: 0.9997 | RankIC: 0.9990
2026-03-25 02:01:43,668 - root - INFO - Epoch of Causal-TSF[100/10000],
2026-03-25 02:01:43,668 - root - INFO - Train Results | R²: 0.9992 | RMSE: 0.0008 | IC: 0.9997 | RankIC: 0.9987
2026-03-25 02:01:43,700 - root - INFO - Epoch of Causal-TSF[101/10000],
2026-03-25 02:01:43,701 - root - INFO - Train Results | R²: 0.9993 | RMSE: 0.0008 | IC: 0.9997 | RankIC: 0.9988
2026-03-25 02:01:43,732 - root - INFO - Epoch of Causal-TSF[102/10000],
2026-03-25 02:01:43,732 - root - INFO - Train Results | R²: 0.9989 | RMSE: 0.0009 | IC: 0.9995 | RankIC: 0.9991
2026-03-25 02:01:43,763 - root - INFO - Epoch of Causal-TSF[103/10000],
2026-03-25 02:01:43,763 - root - INFO - Train Results | R²: 0.9991 | RMSE: 0.0009 | IC: 0.9996 | RankIC: 0.9989
2026-03-25 02:01:43,797 - root - INFO - Epoch of Causal-TSF[104/10000],
2026-03-25 02:01:43,797 - root - INFO - Train Results | R²: 0.9993 | RMSE: 0.0007 | IC: 0.9997 | RankIC: 0.9993
2026-03-25 02:01:43,829 - root - INFO - Epoch of Causal-TSF[105/10000],
2026-03-25 02:01:43,829 - root - INFO - Train Results | R²: 0.9993 | RMSE: 0.0007 | IC: 0.9997 | RankIC: 0.9991
2026-03-25 02:01:43,859 - root - INFO - Epoch of Causal-TSF[106/10000],
2026-03-25 02:01:43,859 - root - INFO - Train Results | R²: 0.9992 | RMSE: 0.0008 | IC: 0.9996 | RankIC: 0.9987
2026-03-25 02:01:43,890 - root - INFO - Epoch of Causal-TSF[107/10000],
2026-03-25 02:01:43,890 - root - INFO - Train Results | R²: 0.9992 | RMSE: 0.0008 | IC: 0.9996 | RankIC: 0.9993
2026-03-25 02:01:43,921 - root - INFO - Epoch of Causal-TSF[108/10000],
2026-03-25 02:01:43,921 - root - INFO - Train Results | R²: 0.9987 | RMSE: 0.0010 | IC: 0.9995 | RankIC: 0.9984
2026-03-25 02:01:43,952 - root - INFO - Epoch of Causal-TSF[109/10000],
2026-03-25 02:01:43,952 - root - INFO - Train Results | R²: 0.9986 | RMSE: 0.0010 | IC: 0.9994 | RankIC: 0.9982
2026-03-25 02:01:43,983 - root - INFO - Epoch of Causal-TSF[110/10000],
2026-03-25 02:01:43,983 - root - INFO - Train Results | R²: 0.9986 | RMSE: 0.0011 | IC: 0.9993 | RankIC: 0.9982
2026-03-25 02:01:44,014 - root - INFO - Epoch of Causal-TSF[111/10000],
2026-03-25 02:01:44,014 - root - INFO - Train Results | R²: 0.9987 | RMSE: 0.0010 | IC: 0.9995 | RankIC: 0.9986
2026-03-25 02:01:44,045 - root - INFO - Epoch of Causal-TSF[112/10000],
2026-03-25 02:01:44,046 - root - INFO - Train Results | R²: 0.9991 | RMSE: 0.0009 | IC: 0.9996 | RankIC: 0.9990
2026-03-25 02:01:44,077 - root - INFO - Epoch of Causal-TSF[113/10000],
2026-03-25 02:01:44,077 - root - INFO - Train Results | R²: 0.9990 | RMSE: 0.0009 | IC: 0.9996 | RankIC: 0.9990
2026-03-25 02:01:44,110 - root - INFO - Epoch of Causal-TSF[114/10000],
2026-03-25 02:01:44,110 - root - INFO - Train Results | R²: 0.9989 | RMSE: 0.0009 | IC: 0.9995 | RankIC: 0.9983
2026-03-25 02:01:44,141 - root - INFO - Epoch of Causal-TSF[115/10000],
2026-03-25 02:01:44,141 - root - INFO - Train Results | R²: 0.9992 | RMSE: 0.0008 | IC: 0.9996 | RankIC: 0.9993
2026-03-25 02:01:44,169 - root - INFO - Epoch of Causal-TSF[116/10000],
2026-03-25 02:01:44,169 - root - INFO - Train Results | R²: 0.9990 | RMSE: 0.0009 | IC: 0.9996 | RankIC: 0.9990
2026-03-25 02:01:44,199 - root - INFO - Epoch of Causal-TSF[117/10000],
2026-03-25 02:01:44,199 - root - INFO - Train Results | R²: 0.9990 | RMSE: 0.0009 | IC: 0.9996 | RankIC: 0.9986
2026-03-25 02:01:44,230 - root - INFO - Epoch of Causal-TSF[118/10000],
2026-03-25 02:01:44,230 - root - INFO - Train Results | R²: 0.9986 | RMSE: 0.0011 | IC: 0.9993 | RankIC: 0.9989
2026-03-25 02:01:44,259 - root - INFO - Epoch of Causal-TSF[119/10000],
2026-03-25 02:01:44,259 - root - INFO - Train Results | R²: 0.9987 | RMSE: 0.0010 | IC: 0.9994 | RankIC: 0.9986
2026-03-25 02:01:44,289 - root - INFO - Epoch of Causal-TSF[120/10000],
2026-03-25 02:01:44,289 - root - INFO - Train Results | R²: 0.9992 | RMSE: 0.0008 | IC: 0.9997 | RankIC: 0.9990
2026-03-25 02:01:44,319 - root - INFO - Epoch of Causal-TSF[121/10000],
2026-03-25 02:01:44,319 - root - INFO - Train Results | R²: 0.9990 | RMSE: 0.0009 | IC: 0.9995 | RankIC: 0.9990
2026-03-25 02:01:44,347 - root - INFO - Epoch of Causal-TSF[122/10000],
2026-03-25 02:01:44,347 - root - INFO - Train Results | R²: 0.9991 | RMSE: 0.0008 | IC: 0.9996 | RankIC: 0.9990
2026-03-25 02:01:44,379 - root - INFO - Epoch of Causal-TSF[123/10000],
2026-03-25 02:01:44,379 - root - INFO - Train Results | R²: 0.9992 | RMSE: 0.0008 | IC: 0.9996 | RankIC: 0.9991
2026-03-25 02:01:44,408 - root - INFO - Epoch of Causal-TSF[124/10000],
2026-03-25 02:01:44,408 - root - INFO - Train Results | R²: 0.9986 | RMSE: 0.0011 | IC: 0.9993 | RankIC: 0.9989
2026-03-25 02:01:44,440 - root - INFO - Epoch of Causal-TSF[125/10000],
2026-03-25 02:01:44,440 - root - INFO - Train Results | R²: 0.9987 | RMSE: 0.0010 | IC: 0.9995 | RankIC: 0.9986
2026-03-25 02:01:44,472 - root - INFO - Early stopping triggered at epoch 126. No improvement for 100 epochs.
2026-03-25 02:01:44,490 - root - INFO - Run 12 Test Results | R²: -0.3035 | RMSE: 0.0444 | IC: -0.2523 | RankIC: -0.2138
2026-03-25 02:01:44,490 - root - INFO - 
2026-03-25 02:01:44,490 - root - INFO - ============================================================
2026-03-25 02:01:44,490 - root - INFO - Causal-TSF Run 13/30 Starting...
2026-03-25 02:01:44,491 - root - INFO - ============================================================
2026-03-25 02:01:44,536 - root - INFO - Epoch of Causal-TSF[1/10000],
2026-03-25 02:01:44,536 - root - INFO - Train Results | R²: -80.0596 | RMSE: 0.2547 | IC: -0.0128 | RankIC: -0.0286
2026-03-25 02:01:44,573 - root - INFO - Epoch of Causal-TSF[2/10000],
2026-03-25 02:01:44,574 - root - INFO - Train Results | R²: -53.9570 | RMSE: 0.2097 | IC: 0.0072 | RankIC: -0.0487
2026-03-25 02:01:44,611 - root - INFO - Epoch of Causal-TSF[3/10000],
2026-03-25 02:01:44,611 - root - INFO - Train Results | R²: -19.8038 | RMSE: 0.1291 | IC: 0.0259 | RankIC: -0.0261
2026-03-25 02:01:44,647 - root - INFO - Epoch of Causal-TSF[4/10000],
2026-03-25 02:01:44,648 - root - INFO - Train Results | R²: -8.1920 | RMSE: 0.0858 | IC: 0.0448 | RankIC: -0.0024
2026-03-25 02:01:44,683 - root - INFO - Epoch of Causal-TSF[5/10000],
2026-03-25 02:01:44,684 - root - INFO - Train Results | R²: -3.5691 | RMSE: 0.0605 | IC: 0.1062 | RankIC: 0.1059
2026-03-25 02:01:44,721 - root - INFO - Epoch of Causal-TSF[6/10000],
2026-03-25 02:01:44,721 - root - INFO - Train Results | R²: -2.9310 | RMSE: 0.0561 | IC: 0.2242 | RankIC: 0.2474
2026-03-25 02:01:44,753 - root - INFO - Epoch of Causal-TSF[7/10000],
2026-03-25 02:01:44,754 - root - INFO - Train Results | R²: -3.1807 | RMSE: 0.0579 | IC: 0.3211 | RankIC: 0.3072
2026-03-25 02:01:44,791 - root - INFO - Epoch of Causal-TSF[8/10000],
2026-03-25 02:01:44,791 - root - INFO - Train Results | R²: -0.2155 | RMSE: 0.0312 | IC: 0.3243 | RankIC: 0.3065
2026-03-25 02:01:44,823 - root - INFO - Epoch of Causal-TSF[9/10000],
2026-03-25 02:01:44,823 - root - INFO - Train Results | R²: -0.7579 | RMSE: 0.0375 | IC: 0.4709 | RankIC: 0.4718
2026-03-25 02:01:44,863 - root - INFO - Epoch of Causal-TSF[10/10000],
2026-03-25 02:01:44,863 - root - INFO - Train Results | R²: 0.0195 | RMSE: 0.0280 | IC: 0.5598 | RankIC: 0.5859
2026-03-25 02:01:44,898 - root - INFO - Epoch of Causal-TSF[11/10000],
2026-03-25 02:01:44,898 - root - INFO - Train Results | R²: 0.2787 | RMSE: 0.0240 | IC: 0.6993 | RankIC: 0.6776
2026-03-25 02:01:44,929 - root - INFO - Epoch of Causal-TSF[12/10000],
2026-03-25 02:01:44,930 - root - INFO - Train Results | R²: 0.2184 | RMSE: 0.0250 | IC: 0.7992 | RankIC: 0.7356
2026-03-25 02:01:44,965 - root - INFO - Epoch of Causal-TSF[13/10000],
2026-03-25 02:01:44,965 - root - INFO - Train Results | R²: 0.6440 | RMSE: 0.0169 | IC: 0.8121 | RankIC: 0.7426
2026-03-25 02:01:44,998 - root - INFO - Epoch of Causal-TSF[14/10000],
2026-03-25 02:01:44,998 - root - INFO - Train Results | R²: 0.6205 | RMSE: 0.0174 | IC: 0.8987 | RankIC: 0.8539
2026-03-25 02:01:45,035 - root - INFO - Epoch of Causal-TSF[15/10000],
2026-03-25 02:01:45,035 - root - INFO - Train Results | R²: 0.8063 | RMSE: 0.0125 | IC: 0.9201 | RankIC: 0.8876
2026-03-25 02:01:45,067 - root - INFO - Epoch of Causal-TSF[16/10000],
2026-03-25 02:01:45,068 - root - INFO - Train Results | R²: 0.8029 | RMSE: 0.0126 | IC: 0.9419 | RankIC: 0.9152
2026-03-25 02:01:45,100 - root - INFO - Epoch of Causal-TSF[17/10000],
2026-03-25 02:01:45,100 - root - INFO - Train Results | R²: 0.8576 | RMSE: 0.0107 | IC: 0.9471 | RankIC: 0.9134
2026-03-25 02:01:45,134 - root - INFO - Epoch of Causal-TSF[18/10000],
2026-03-25 02:01:45,134 - root - INFO - Train Results | R²: 0.8981 | RMSE: 0.0090 | IC: 0.9592 | RankIC: 0.9289
2026-03-25 02:01:45,167 - root - INFO - Epoch of Causal-TSF[19/10000],
2026-03-25 02:01:45,168 - root - INFO - Train Results | R²: 0.9236 | RMSE: 0.0078 | IC: 0.9702 | RankIC: 0.9528
2026-03-25 02:01:45,201 - root - INFO - Epoch of Causal-TSF[20/10000],
2026-03-25 02:01:45,201 - root - INFO - Train Results | R²: 0.9306 | RMSE: 0.0075 | IC: 0.9676 | RankIC: 0.9495
2026-03-25 02:01:45,235 - root - INFO - Epoch of Causal-TSF[21/10000],
2026-03-25 02:01:45,235 - root - INFO - Train Results | R²: 0.9452 | RMSE: 0.0066 | IC: 0.9800 | RankIC: 0.9665
2026-03-25 02:01:45,269 - root - INFO - Epoch of Causal-TSF[22/10000],
2026-03-25 02:01:45,269 - root - INFO - Train Results | R²: 0.9656 | RMSE: 0.0052 | IC: 0.9837 | RankIC: 0.9756
2026-03-25 02:01:45,298 - root - INFO - Epoch of Causal-TSF[23/10000],
2026-03-25 02:01:45,298 - root - INFO - Train Results | R²: 0.9632 | RMSE: 0.0054 | IC: 0.9847 | RankIC: 0.9727
2026-03-25 02:01:45,333 - root - INFO - Epoch of Causal-TSF[24/10000],
2026-03-25 02:01:45,333 - root - INFO - Train Results | R²: 0.9710 | RMSE: 0.0048 | IC: 0.9865 | RankIC: 0.9843
2026-03-25 02:01:45,367 - root - INFO - Epoch of Causal-TSF[25/10000],
2026-03-25 02:01:45,368 - root - INFO - Train Results | R²: 0.9778 | RMSE: 0.0042 | IC: 0.9906 | RankIC: 0.9798
2026-03-25 02:01:45,398 - root - INFO - Epoch of Causal-TSF[26/10000],
2026-03-25 02:01:45,398 - root - INFO - Train Results | R²: 0.9732 | RMSE: 0.0046 | IC: 0.9886 | RankIC: 0.9780
2026-03-25 02:01:45,433 - root - INFO - Epoch of Causal-TSF[27/10000],
2026-03-25 02:01:45,433 - root - INFO - Train Results | R²: 0.9845 | RMSE: 0.0035 | IC: 0.9923 | RankIC: 0.9861
2026-03-25 02:01:45,464 - root - INFO - Epoch of Causal-TSF[28/10000],
2026-03-25 02:01:45,464 - root - INFO - Train Results | R²: 0.9817 | RMSE: 0.0038 | IC: 0.9920 | RankIC: 0.9873
2026-03-25 02:01:45,497 - root - INFO - Epoch of Causal-TSF[29/10000],
2026-03-25 02:01:45,497 - root - INFO - Train Results | R²: 0.9852 | RMSE: 0.0034 | IC: 0.9926 | RankIC: 0.9855
