2026-02-21 13:24:44,683 - root - INFO - 合并后的价格数据预览：
2026-02-21 13:24:44,697 - root - INFO -               宁德时代  market_data_1_上证综指  market_data_2_深证成指  \
2026-02-21 13:24:44,697 - root - INFO - 日期
2026-02-21 13:24:44,698 - root - INFO - 2024-01-02  286.07             1345.53             9401.35
2026-02-21 13:24:44,698 - root - INFO - 2024-01-03  284.22             1344.28             9330.86
2026-02-21 13:24:44,698 - root - INFO - 2024-01-04  275.94             1333.03             9215.25
2026-02-21 13:24:44,698 - root - INFO - 2024-01-05  275.40             1353.03             9116.44
2026-02-21 13:24:44,699 - root - INFO - 2024-01-08  273.78             1338.03             8947.72
2026-02-21 13:24:44,700 - root - INFO - ...            ...                 ...                 ...
2026-02-21 13:24:44,700 - root - INFO - 2025-12-25  696.42             1834.74            13531.41
2026-02-21 13:24:44,701 - root - INFO - 2025-12-26  698.97             1832.24            13603.89
2026-02-21 13:24:44,701 - root - INFO - 2025-12-29  689.76             1834.74            13537.10
2026-02-21 13:24:44,701 - root - INFO - 2025-12-30  689.56             1824.74            13604.07
2026-02-21 13:24:44,701 - root - INFO - 2025-12-31  686.07             1815.99            13525.02
2026-02-21 13:24:44,701 - root - INFO - 
2026-02-21 13:24:44,701 - root - INFO -             market_data_3_创业板指  upstream_1_湖南裕能  upstream_2_盛新锂能  \
2026-02-21 13:24:44,701 - root - INFO - 日期
2026-02-21 13:24:44,702 - root - INFO - 2024-01-02             1855.92            33.31            37.03
2026-02-21 13:24:44,702 - root - INFO - 2024-01-03             1834.73            32.89            37.32
2026-02-21 13:24:44,702 - root - INFO - 2024-01-04             1801.76            32.45            36.48
2026-02-21 13:24:44,702 - root - INFO - 2024-01-05             1775.58            32.60            36.15
2026-02-21 13:24:44,702 - root - INFO - 2024-01-08             1744.41            32.05            36.21
2026-02-21 13:24:44,702 - root - INFO - ...                        ...              ...              ...
2026-02-21 13:24:44,703 - root - INFO - 2025-12-25             3239.34            67.57            56.56
2026-02-21 13:24:44,703 - root - INFO - 2025-12-26             3243.88            71.89            58.02
2026-02-21 13:24:44,703 - root - INFO - 2025-12-29             3222.61            68.05            54.53
2026-02-21 13:24:44,703 - root - INFO - 2025-12-30             3242.90            67.58            55.12
2026-02-21 13:24:44,704 - root - INFO - 2025-12-31             3203.17            65.63            56.77
2026-02-21 13:24:44,704 - root - INFO - 
2026-02-21 13:24:44,704 - root - INFO -             upstream_3_天齐锂业  upstream_4_赣锋锂业  upstream_5_川恒股份  \
2026-02-21 13:24:44,704 - root - INFO - 日期
2026-02-21 13:24:44,704 - root - INFO - 2024-01-02           475.53           553.42            20.74
2026-02-21 13:24:44,704 - root - INFO - 2024-01-03           474.68           554.55            21.40
2026-02-21 13:24:44,704 - root - INFO - 2024-01-04           460.53           541.45            20.95
2026-02-21 13:24:44,704 - root - INFO - 2024-01-05           463.43           557.32            20.49
2026-02-21 13:24:44,704 - root - INFO - 2024-01-08           460.45           566.02            20.30
2026-02-21 13:24:44,706 - root - INFO - ...                     ...              ...              ...
2026-02-21 13:24:44,706 - root - INFO - 2025-12-25           487.97           873.58            40.88
2026-02-21 13:24:44,706 - root - INFO - 2025-12-26           508.42           904.33            41.27
2026-02-21 13:24:44,706 - root - INFO - 2025-12-29           486.01           863.38            40.87
2026-02-21 13:24:44,706 - root - INFO - 2025-12-30           495.21           848.63            40.91
2026-02-21 13:24:44,707 - root - INFO - 2025-12-31           486.69           832.76            40.81
2026-02-21 13:24:44,707 - root - INFO - 
2026-02-21 13:24:44,707 - root - INFO -             upstream_6_盐湖股份  upstream_7_中远海控  upstream_8_湘潭电化  \
2026-02-21 13:24:44,707 - root - INFO - 日期
2026-02-21 13:24:44,708 - root - INFO - 2024-01-02           127.50            19.58            44.58
2026-02-21 13:24:44,708 - root - INFO - 2024-01-03           127.63            19.66            44.70
2026-02-21 13:24:44,708 - root - INFO - 2024-01-04           125.99            19.87            44.41
2026-02-21 13:24:44,708 - root - INFO - 2024-01-05           125.33            19.79            44.13
2026-02-21 13:24:44,708 - root - INFO - 2024-01-08           123.17            19.72            42.86
2026-02-21 13:24:44,708 - root - INFO - ...                     ...              ...              ...
2026-02-21 13:24:44,708 - root - INFO - 2025-12-25           208.87            29.54            61.20
2026-02-21 13:24:44,709 - root - INFO - 2025-12-26           214.31            29.63            63.08
2026-02-21 13:24:44,709 - root - INFO - 2025-12-29           205.79            29.59            62.35
2026-02-21 13:24:44,709 - root - INFO - 2025-12-30           206.12            29.67            61.40
2026-02-21 13:24:44,709 - root - INFO - 2025-12-31           208.87            29.55            60.34
2026-02-21 13:24:44,709 - root - INFO - 
2026-02-21 13:24:44,709 - root - INFO -             upstream_9_华友钴业  upstream_10_西藏珠峰  upstream_11_宁波韵升  \
2026-02-21 13:24:44,709 - root - INFO - 日期
2026-02-21 13:24:44,710 - root - INFO - 2024-01-02            78.02             23.14             65.20
2026-02-21 13:24:44,710 - root - INFO - 2024-01-03            78.31             23.26             64.10
2026-02-21 13:24:44,710 - root - INFO - 2024-01-04            76.08             22.98             63.14
2026-02-21 13:24:44,710 - root - INFO - 2024-01-05            74.83             22.56             61.98
2026-02-21 13:24:44,710 - root - INFO - 2024-01-08            72.82             21.97             60.68
2026-02-21 13:24:44,710 - root - INFO - ...                     ...               ...               ...
2026-02-21 13:24:44,711 - root - INFO - 2025-12-25           160.29             27.03            109.61
2026-02-21 13:24:44,711 - root - INFO - 2025-12-26           161.78             28.59            108.45
2026-02-21 13:24:44,711 - root - INFO - 2025-12-29           159.70             29.08            108.04
2026-02-21 13:24:44,711 - root - INFO - 2025-12-30           166.58             28.71            108.31
2026-02-21 13:24:44,711 - root - INFO - 2025-12-31           167.13             28.57            107.22
2026-02-21 13:24:44,711 - root - INFO - 
2026-02-21 13:24:44,712 - root - INFO -             upstream_12_中国卫星  upstream_13_贵研铂业  upstream_14_北方稀土  \
2026-02-21 13:24:44,712 - root - INFO - 日期
2026-02-21 13:24:44,712 - root - INFO - 2024-01-02            493.80             96.77            334.58
2026-02-21 13:24:44,712 - root - INFO - 2024-01-03            491.20             96.68            333.44
2026-02-21 13:24:44,712 - root - INFO - 2024-01-04            487.59             96.21            326.56
2026-02-21 13:24:44,713 - root - INFO - 2024-01-05            477.37             95.75            321.81
2026-02-21 13:24:44,713 - root - INFO - 2024-01-08            462.13             92.96            315.58
2026-02-21 13:24:44,713 - root - INFO - ...                      ...               ...               ...
2026-02-21 13:24:44,713 - root - INFO - 2025-12-25           1435.32            148.10            774.96
2026-02-21 13:24:44,713 - root - INFO - 2025-12-26           1581.05            150.62            776.27
2026-02-21 13:24:44,714 - root - INFO - 2025-12-29           1741.41            147.27            770.70
2026-02-21 13:24:44,714 - root - INFO - 2025-12-30           1707.73            142.15            773.98
2026-02-21 13:24:44,714 - root - INFO - 2025-12-31           1880.72            140.01            776.43
2026-02-21 13:24:44,714 - root - INFO - 
2026-02-21 13:24:44,714 - root - INFO -             upstream_15_盛和资源  upstream_16_南山铝业  upstream_17_江西铜业  \
2026-02-21 13:24:44,715 - root - INFO - 日期
2026-02-21 13:24:44,715 - root - INFO - 2024-01-02             28.79             21.66             23.42
2026-02-21 13:24:44,715 - root - INFO - 2024-01-03             29.01             21.92             23.41
2026-02-21 13:24:44,715 - root - INFO - 2024-01-04             29.15             21.79             23.47
2026-02-21 13:24:44,716 - root - INFO - 2024-01-05             29.20             21.59             23.31
2026-02-21 13:24:44,716 - root - INFO - 2024-01-08             29.08             21.40             23.34
2026-02-21 13:24:44,716 - root - INFO - ...                      ...               ...               ...
2026-02-21 13:24:44,716 - root - INFO - 2025-12-25             25.74             38.66             50.95
2026-02-21 13:24:44,716 - root - INFO - 2025-12-26             25.72             40.61             55.34
2026-02-21 13:24:44,716 - root - INFO - 2025-12-29             25.72             40.09             56.02
2026-02-21 13:24:44,717 - root - INFO - 2025-12-30             25.65             40.61             57.28
2026-02-21 13:24:44,717 - root - INFO - 2025-12-31             25.53             41.07             61.95
2026-02-21 13:24:44,717 - root - INFO - 
2026-02-21 13:24:44,717 - root - INFO -             upstream_18_中国铝业  upstream_19_雅化集团  upstream_20_瑞泰科技  \
2026-02-21 13:24:44,717 - root - INFO - 日期
2026-02-21 13:24:44,717 - root - INFO - 2024-01-02              6.10             83.49            149.49
2026-02-21 13:24:44,718 - root - INFO - 2024-01-03              6.08             83.79            150.17
2026-02-21 13:24:44,718 - root - INFO - 2024-01-04              6.05             81.99            149.90
2026-02-21 13:24:44,718 - root - INFO - 2024-01-05              6.01             81.03            149.76
2026-02-21 13:24:44,718 - root - INFO - 2024-01-08              6.01             78.99            146.93
2026-02-21 13:24:44,718 - root - INFO - ...                      ...               ...               ...
2026-02-21 13:24:44,718 - root - INFO - 2025-12-25             11.83            154.97            160.14
2026-02-21 13:24:44,718 - root - INFO - 2025-12-26             12.71            164.57            162.17
2026-02-21 13:24:44,719 - root - INFO - 2025-12-29             12.32            150.71            164.60
2026-02-21 13:24:44,719 - root - INFO - 2025-12-30             12.86            154.73            175.26
2026-02-21 13:24:44,719 - root - INFO - 2025-12-31             13.09            155.57            171.62
2026-02-21 13:24:44,719 - root - INFO - 
2026-02-21 13:24:44,720 - root - INFO -             upstream_21_方大炭素  upstream_22_鹏辉能源  upstream_23_德方纳米  \
2026-02-21 13:24:44,720 - root - INFO - 日期
2026-02-21 13:24:44,720 - root - INFO - 2024-01-02             75.92            126.97            309.20
2026-02-21 13:24:44,720 - root - INFO - 2024-01-03             75.81            127.91            311.12
2026-02-21 13:24:44,720 - root - INFO - 2024-01-04             75.15            124.04            297.28
2026-02-21 13:24:44,720 - root - INFO - 2024-01-05             74.37            123.64            290.33
2026-02-21 13:24:44,720 - root - INFO - 2024-01-08             73.38            123.41            282.50
2026-02-21 13:24:44,720 - root - INFO - ...                      ...               ...               ...
2026-02-21 13:24:44,720 - root - INFO - 2025-12-25             82.14            261.52            236.47
2026-02-21 13:24:44,720 - root - INFO - 2025-12-26             83.36            262.15            245.49
2026-02-21 13:24:44,720 - root - INFO - 2025-12-29             82.36            253.33            239.94
2026-02-21 13:24:44,722 - root - INFO - 2025-12-30             82.14            251.39            241.03
2026-02-21 13:24:44,722 - root - INFO - 2025-12-31             81.48            242.03            234.19
2026-02-21 13:24:44,722 - root - INFO - 
2026-02-21 13:24:44,722 - root - INFO -             upstream_24_天华新能  upstream_25_容百科技  upstream_26_璞泰来  \
2026-02-21 13:24:44,722 - root - INFO - 日期
2026-02-21 13:24:44,723 - root - INFO - 2024-01-02            212.85             39.69            85.55
2026-02-21 13:24:44,723 - root - INFO - 2024-01-03            213.63             39.21            85.34
2026-02-21 13:24:44,723 - root - INFO - 2024-01-04            209.19             38.19            84.09
2026-02-21 13:24:44,723 - root - INFO - 2024-01-05            208.10             37.69            81.49
2026-02-21 13:24:44,723 - root - INFO - 2024-01-08            203.65             36.42            79.98
2026-02-21 13:24:44,723 - root - INFO - ...                      ...               ...              ...
2026-02-21 13:24:44,724 - root - INFO - 2025-12-25            441.34             48.82           115.10
2026-02-21 13:24:44,724 - root - INFO - 2025-12-26            474.33             51.91           118.60
2026-02-21 13:24:44,724 - root - INFO - 2025-12-29            448.83             51.03           114.98
2026-02-21 13:24:44,724 - root - INFO - 2025-12-30            471.37             53.02           115.75
2026-02-21 13:24:44,724 - root - INFO - 2025-12-31            455.46             53.91           115.51
2026-02-21 13:24:44,724 - root - INFO - 
2026-02-21 13:24:44,724 - root - INFO -             upstream_27_杉杉股份  upstream_28_诺德股份  upstream_29_天赐材料  \
2026-02-21 13:24:44,724 - root - INFO - 日期
2026-02-21 13:24:44,725 - root - INFO - 2024-01-02            401.44             70.56            343.60
2026-02-21 13:24:44,725 - root - INFO - 2024-01-03            411.44             70.30            345.37
2026-02-21 13:24:44,725 - root - INFO - 2024-01-04            404.38             69.14            335.99
2026-02-21 13:24:44,725 - root - INFO - 2024-01-05            397.32             67.98            326.19
2026-02-21 13:24:44,725 - root - INFO - 2024-01-08            386.73             66.30            317.76
2026-02-21 13:24:44,725 - root - INFO - ...                      ...               ...               ...
2026-02-21 13:24:44,725 - root - INFO - 2025-12-25            422.91             93.44            604.85
2026-02-21 13:24:44,725 - root - INFO - 2025-12-26            428.20             94.08            641.70
2026-02-21 13:24:44,725 - root - INFO - 2025-12-29            419.96             91.88            618.04
2026-02-21 13:24:44,725 - root - INFO - 2025-12-30            424.38             91.37            636.53
2026-02-21 13:24:44,725 - root - INFO - 2025-12-31            421.14             90.20            649.73
2026-02-21 13:24:44,725 - root - INFO - 
2026-02-21 13:24:44,726 - root - INFO -             upstream_30_多氟多  upstream_31_星源材质  upstream_32_先导智能  \
2026-02-21 13:24:44,726 - root - INFO - 日期
2026-02-21 13:24:44,726 - root - INFO - 2024-01-02           118.85            106.06            510.14
2026-02-21 13:24:44,726 - root - INFO - 2024-01-03           119.00            105.99            509.38
2026-02-21 13:24:44,726 - root - INFO - 2024-01-04           116.60            103.18            502.86
2026-02-21 13:24:44,726 - root - INFO - 2024-01-05           115.87            101.74            496.72
2026-02-21 13:24:44,726 - root - INFO - 2024-01-08           113.03             97.96            486.56
2026-02-21 13:24:44,727 - root - INFO - ...                     ...               ...               ...
2026-02-21 13:24:44,727 - root - INFO - 2025-12-25           262.62            106.88           1015.39
2026-02-21 13:24:44,727 - root - INFO - 2025-12-26           283.23            115.94           1014.24
2026-02-21 13:24:44,727 - root - INFO - 2025-12-29           261.53            112.37           1008.49
2026-02-21 13:24:44,727 - root - INFO - 2025-12-30           263.13            112.09           1013.66
2026-02-21 13:24:44,727 - root - INFO - 2025-12-31           261.09            109.42            997.94
2026-02-21 13:24:44,727 - root - INFO - 
2026-02-21 13:24:44,727 - root - INFO -             upstream_33_迈为股份  upstream_34_正业科技  upstream_35_罗博特科  \
2026-02-21 13:24:44,728 - root - INFO - 日期
2026-02-21 13:24:44,728 - root - INFO - 2024-01-02            596.73             43.37            101.93
2026-02-21 13:24:44,728 - root - INFO - 2024-01-03            584.84             42.85             94.92
2026-02-21 13:24:44,728 - root - INFO - 2024-01-04            565.81             42.51             93.23
2026-02-21 13:24:44,728 - root - INFO - 2024-01-05            552.58             41.51             88.69
2026-02-21 13:24:44,728 - root - INFO - 2024-01-08            548.43             40.61             88.69
2026-02-21 13:24:44,728 - root - INFO - ...                      ...               ...               ...
2026-02-21 13:24:44,728 - root - INFO - 2025-12-25            828.85             42.13            452.06
2026-02-21 13:24:44,729 - root - INFO - 2025-12-26            811.06             41.75            423.30
2026-02-21 13:24:44,729 - root - INFO - 2025-12-29            968.74             41.23            415.48
2026-02-21 13:24:44,729 - root - INFO - 2025-12-30            907.83             40.70            410.67
2026-02-21 13:24:44,729 - root - INFO - 2025-12-31            971.83             40.61            425.65
2026-02-21 13:24:44,729 - root - INFO - 
2026-02-21 13:24:44,729 - root - INFO -             upstream_36_永太科技  upstream_37_奥特维  upstream_38_芳源股份  \
2026-02-21 13:24:44,729 - root - INFO - 日期
2026-02-21 13:24:44,730 - root - INFO - 2024-01-02             68.02           188.88              7.55
2026-02-21 13:24:44,730 - root - INFO - 2024-01-03             67.79           185.01              7.51
2026-02-21 13:24:44,730 - root - INFO - 2024-01-04             66.33           179.91              7.38
2026-02-21 13:24:44,730 - root - INFO - 2024-01-05             65.31           177.17              7.25
2026-02-21 13:24:44,730 - root - INFO - 2024-01-08             63.67           170.04              7.01
2026-02-21 13:24:44,730 - root - INFO - ...                      ...              ...               ...
2026-02-21 13:24:44,730 - root - INFO - 2025-12-25            142.29           159.11              9.42
2026-02-21 13:24:44,730 - root - INFO - 2025-12-26            156.18           156.20              9.40
2026-02-21 13:24:44,731 - root - INFO - 2025-12-29            145.45           156.70              9.06
2026-02-21 13:24:44,731 - root - INFO - 2025-12-30            147.94           153.31              9.10
2026-02-21 13:24:44,731 - root - INFO - 2025-12-31            144.10           151.05              8.85
2026-02-21 13:24:44,731 - root - INFO - 
2026-02-21 13:24:44,731 - root - INFO -             upstream_39_派能科技  upstream_40_振江股份  upstream_41_欣锐科技  \
2026-02-21 13:24:44,731 - root - INFO - 日期
2026-02-21 13:24:44,732 - root - INFO - 2024-01-02             94.98             26.83             27.60
2026-02-21 13:24:44,732 - root - INFO - 2024-01-03             93.05             26.91             26.93
2026-02-21 13:24:44,732 - root - INFO - 2024-01-04             92.36             26.60             26.56
2026-02-21 13:24:44,732 - root - INFO - 2024-01-05             85.43             25.63             25.74
2026-02-21 13:24:44,732 - root - INFO - 2024-01-08             83.63             25.83             24.97
2026-02-21 13:24:44,733 - root - INFO - ...                      ...               ...               ...
2026-02-21 13:24:44,733 - root - INFO - 2025-12-25            101.78             34.10             28.19
2026-02-21 13:24:44,733 - root - INFO - 2025-12-26            104.38             33.70             27.15
2026-02-21 13:24:44,733 - root - INFO - 2025-12-29            114.43             35.22             26.50
2026-02-21 13:24:44,733 - root - INFO - 2025-12-30            105.88             34.83             26.11
2026-02-21 13:24:44,733 - root - INFO - 2025-12-31            107.78             35.92             25.95
2026-02-21 13:24:44,734 - root - INFO - 
2026-02-21 13:24:44,734 - root - INFO -             upstream_42_视源股份  upstream_43_德赛西威  downstream_1_比亚迪  \
2026-02-21 13:24:44,734 - root - INFO - 日期
2026-02-21 13:24:44,734 - root - INFO - 2024-01-02             78.32            125.20            195.00
2026-02-21 13:24:44,734 - root - INFO - 2024-01-03             77.31            120.24            195.57
2026-02-21 13:24:44,735 - root - INFO - 2024-01-04             75.49            117.10            195.42
2026-02-21 13:24:44,735 - root - INFO - 2024-01-05             74.08            116.19            195.08
2026-02-21 13:24:44,735 - root - INFO - 2024-01-08             72.27            113.86            191.80
2026-02-21 13:24:44,735 - root - INFO - ...                      ...               ...               ...
2026-02-21 13:24:44,735 - root - INFO - 2025-12-25             72.61            128.72            293.99
2026-02-21 13:24:44,735 - root - INFO - 2025-12-26             72.61            126.74            309.50
2026-02-21 13:24:44,735 - root - INFO - 2025-12-29             72.43            125.39            310.10
2026-02-21 13:24:44,736 - root - INFO - 2025-12-30             72.35            126.18            308.72
2026-02-21 13:24:44,736 - root - INFO - 2025-12-31             73.65            124.34            302.63
2026-02-21 13:24:44,736 - root - INFO - 
2026-02-21 13:24:44,736 - root - INFO -             downstream_2_长城汽车  downstream_3_长安汽车  downstream_4_上汽集团        LC
2026-02-21 13:24:44,736 - root - INFO - 日期
2026-02-21 13:24:44,736 - root - INFO - 2024-01-02              83.29             144.59             111.18  108350.0
2026-02-21 13:24:44,736 - root - INFO - 2024-01-03              81.79             141.02             111.52  106600.0
2026-02-21 13:24:44,736 - root - INFO - 2024-01-04              80.86             137.06             111.18  100450.0
2026-02-21 13:24:44,736 - root - INFO - 2024-01-05              80.26             133.89             110.84   98650.0
2026-02-21 13:24:44,736 - root - INFO - 2024-01-08              78.34             133.10             109.90   97200.0
2026-02-21 13:24:44,738 - root - INFO - ...                       ...                ...                ...       ...
2026-02-21 13:24:44,738 - root - INFO - 2025-12-25              78.10             115.64             121.71  123520.0
2026-02-21 13:24:44,738 - root - INFO - 2025-12-26              79.93             116.36             121.93  130520.0
2026-02-21 13:24:44,738 - root - INFO - 2025-12-29              79.42             115.64             121.41  118820.0
2026-02-21 13:24:44,738 - root - INFO - 2025-12-30              79.09             115.64             121.33  121580.0
2026-02-21 13:24:44,738 - root - INFO - 2025-12-31              79.48             115.33             120.78  121580.0
2026-02-21 13:24:44,738 - root - INFO - 
2026-02-21 13:24:44,739 - root - INFO - [485 rows x 52 columns]
2026-02-21 13:24:44,740 - root - ERROR - D:\anaconda\Lib\site-packages\statsmodels\tsa\stattools.py:1545: FutureWarning: verbose is deprecated since functions should not print results
2026-02-21 13:24:44,740 - root - ERROR -   warnings.warn(
2026-02-21 13:25:10,164 - root - INFO - 因果矩阵已生成：
2026-02-21 13:25:10,180 - root - INFO -                      宁德时代  market_data_1_上证综指  market_data_2_深证成指  \
2026-02-21 13:25:10,180 - root - INFO - 宁德时代                False               False               False
2026-02-21 13:25:10,181 - root - INFO - market_data_1_上证综指   True               False               False
2026-02-21 13:25:10,181 - root - INFO - market_data_2_深证成指  False               False               False
2026-02-21 13:25:10,181 - root - INFO - market_data_3_创业板指  False               False               False
2026-02-21 13:25:10,181 - root - INFO - upstream_1_湖南裕能      True               False               False
2026-02-21 13:25:10,182 - root - INFO - upstream_2_盛新锂能      True               False               False
2026-02-21 13:25:10,182 - root - INFO - upstream_3_天齐锂业      True               False               False
2026-02-21 13:25:10,182 - root - INFO - upstream_4_赣锋锂业      True               False                True
2026-02-21 13:25:10,183 - root - INFO - upstream_5_川恒股份      True               False               False
2026-02-21 13:25:10,183 - root - INFO - upstream_6_盐湖股份      True               False               False
2026-02-21 13:25:10,183 - root - INFO - upstream_7_中远海控     False               False               False
2026-02-21 13:25:10,184 - root - INFO - upstream_8_湘潭电化      True               False               False
2026-02-21 13:25:10,184 - root - INFO - upstream_9_华友钴业      True               False               False
2026-02-21 13:25:10,184 - root - INFO - upstream_10_西藏珠峰     True                True                True
2026-02-21 13:25:10,184 - root - INFO - upstream_11_宁波韵升    False                True               False
2026-02-21 13:25:10,185 - root - INFO - upstream_12_中国卫星     True               False                True
2026-02-21 13:25:10,185 - root - INFO - upstream_13_贵研铂业     True               False               False
2026-02-21 13:25:10,185 - root - INFO - upstream_14_北方稀土    False               False               False
2026-02-21 13:25:10,185 - root - INFO - upstream_15_盛和资源    False               False               False
2026-02-21 13:25:10,185 - root - INFO - upstream_16_南山铝业     True               False                True
2026-02-21 13:25:10,186 - root - INFO - upstream_17_江西铜业    False               False               False
2026-02-21 13:25:10,186 - root - INFO - upstream_18_中国铝业     True               False                True
2026-02-21 13:25:10,186 - root - INFO - upstream_19_雅化集团     True               False               False
2026-02-21 13:25:10,186 - root - INFO - upstream_20_瑞泰科技    False               False               False
2026-02-21 13:25:10,186 - root - INFO - upstream_21_方大炭素     True               False                True
2026-02-21 13:25:10,187 - root - INFO - upstream_22_鹏辉能源     True               False               False
2026-02-21 13:25:10,187 - root - INFO - upstream_23_德方纳米    False                True                True
2026-02-21 13:25:10,187 - root - INFO - upstream_24_天华新能     True               False               False
2026-02-21 13:25:10,187 - root - INFO - upstream_25_容百科技     True               False                True
2026-02-21 13:25:10,188 - root - INFO - upstream_26_璞泰来      True               False                True
2026-02-21 13:25:10,188 - root - INFO - upstream_27_杉杉股份    False               False                True
2026-02-21 13:25:10,188 - root - INFO - upstream_28_诺德股份     True               False                True
2026-02-21 13:25:10,188 - root - INFO - upstream_29_天赐材料     True               False                True
2026-02-21 13:25:10,188 - root - INFO - upstream_30_多氟多      True               False               False
2026-02-21 13:25:10,189 - root - INFO - upstream_31_星源材质    False               False                True
2026-02-21 13:25:10,189 - root - INFO - upstream_32_先导智能    False               False               False
2026-02-21 13:25:10,189 - root - INFO - upstream_33_迈为股份     True               False                True
2026-02-21 13:25:10,189 - root - INFO - upstream_34_正业科技     True                True               False
2026-02-21 13:25:10,189 - root - INFO - upstream_35_罗博特科    False                True                True
2026-02-21 13:25:10,189 - root - INFO - upstream_36_永太科技     True               False               False
2026-02-21 13:25:10,190 - root - INFO - upstream_37_奥特维     False                True               False
2026-02-21 13:25:10,190 - root - INFO - upstream_38_芳源股份     True               False                True
2026-02-21 13:25:10,190 - root - INFO - upstream_39_派能科技     True               False               False
2026-02-21 13:25:10,190 - root - INFO - upstream_40_振江股份    False               False               False
2026-02-21 13:25:10,190 - root - INFO - upstream_41_欣锐科技     True                True                True
2026-02-21 13:25:10,191 - root - INFO - upstream_42_视源股份     True                True               False
2026-02-21 13:25:10,191 - root - INFO - upstream_43_德赛西威    False                True               False
2026-02-21 13:25:10,191 - root - INFO - downstream_1_比亚迪    False               False               False
2026-02-21 13:25:10,191 - root - INFO - downstream_2_长城汽车   False               False               False
2026-02-21 13:25:10,191 - root - INFO - downstream_3_长安汽车   False                True               False
2026-02-21 13:25:10,191 - root - INFO - downstream_4_上汽集团   False               False               False
2026-02-21 13:25:10,192 - root - INFO - LC                   True                True               False
2026-02-21 13:25:10,192 - root - INFO - 
2026-02-21 13:25:10,192 - root - INFO -                     market_data_3_创业板指  upstream_1_湖南裕能  upstream_2_盛新锂能  \
2026-02-21 13:25:10,192 - root - INFO - 宁德时代                             False            False            False
2026-02-21 13:25:10,192 - root - INFO - market_data_1_上证综指               False            False            False
2026-02-21 13:25:10,192 - root - INFO - market_data_2_深证成指               False            False            False
2026-02-21 13:25:10,192 - root - INFO - market_data_3_创业板指               False            False            False
2026-02-21 13:25:10,192 - root - INFO - upstream_1_湖南裕能                   True            False             True
2026-02-21 13:25:10,192 - root - INFO - upstream_2_盛新锂能                  False             True            False
2026-02-21 13:25:10,192 - root - INFO - upstream_3_天齐锂业                  False             True            False
2026-02-21 13:25:10,194 - root - INFO - upstream_4_赣锋锂业                   True             True             True
2026-02-21 13:25:10,194 - root - INFO - upstream_5_川恒股份                   True             True             True
2026-02-21 13:25:10,194 - root - INFO - upstream_6_盐湖股份                  False             True            False
2026-02-21 13:25:10,194 - root - INFO - upstream_7_中远海控                  False            False            False
2026-02-21 13:25:10,195 - root - INFO - upstream_8_湘潭电化                   True            False            False
2026-02-21 13:25:10,195 - root - INFO - upstream_9_华友钴业                   True            False             True
2026-02-21 13:25:10,195 - root - INFO - upstream_10_西藏珠峰                  True            False            False
2026-02-21 13:25:10,195 - root - INFO - upstream_11_宁波韵升                 False            False            False
2026-02-21 13:25:10,195 - root - INFO - upstream_12_中国卫星                  True            False            False
2026-02-21 13:25:10,195 - root - INFO - upstream_13_贵研铂业                 False             True             True
2026-02-21 13:25:10,196 - root - INFO - upstream_14_北方稀土                 False            False            False
2026-02-21 13:25:10,196 - root - INFO - upstream_15_盛和资源                 False            False            False
2026-02-21 13:25:10,196 - root - INFO - upstream_16_南山铝业                  True            False             True
2026-02-21 13:25:10,196 - root - INFO - upstream_17_江西铜业                 False            False             True
2026-02-21 13:25:10,196 - root - INFO - upstream_18_中国铝业                  True            False             True
2026-02-21 13:25:10,196 - root - INFO - upstream_19_雅化集团                 False            False            False
2026-02-21 13:25:10,197 - root - INFO - upstream_20_瑞泰科技                 False            False             True
2026-02-21 13:25:10,197 - root - INFO - upstream_21_方大炭素                  True             True            False
2026-02-21 13:25:10,197 - root - INFO - upstream_22_鹏辉能源                 False            False             True
2026-02-21 13:25:10,197 - root - INFO - upstream_23_德方纳米                  True            False            False
2026-02-21 13:25:10,197 - root - INFO - upstream_24_天华新能                  True             True             True
2026-02-21 13:25:10,197 - root - INFO - upstream_25_容百科技                  True            False             True
2026-02-21 13:25:10,197 - root - INFO - upstream_26_璞泰来                   True             True             True
2026-02-21 13:25:10,197 - root - INFO - upstream_27_杉杉股份                  True            False             True
2026-02-21 13:25:10,197 - root - INFO - upstream_28_诺德股份                  True            False             True
2026-02-21 13:25:10,197 - root - INFO - upstream_29_天赐材料                  True             True             True
2026-02-21 13:25:10,197 - root - INFO - upstream_30_多氟多                   True             True            False
2026-02-21 13:25:10,197 - root - INFO - upstream_31_星源材质                  True            False            False
2026-02-21 13:25:10,199 - root - INFO - upstream_32_先导智能                 False            False             True
2026-02-21 13:25:10,199 - root - INFO - upstream_33_迈为股份                  True             True             True
2026-02-21 13:25:10,199 - root - INFO - upstream_34_正业科技                 False            False            False
2026-02-21 13:25:10,199 - root - INFO - upstream_35_罗博特科                  True            False            False
2026-02-21 13:25:10,199 - root - INFO - upstream_36_永太科技                 False            False             True
2026-02-21 13:25:10,199 - root - INFO - upstream_37_奥特维                  False            False            False
2026-02-21 13:25:10,199 - root - INFO - upstream_38_芳源股份                  True             True             True
2026-02-21 13:25:10,200 - root - INFO - upstream_39_派能科技                 False            False            False
2026-02-21 13:25:10,200 - root - INFO - upstream_40_振江股份                 False            False            False
2026-02-21 13:25:10,200 - root - INFO - upstream_41_欣锐科技                  True            False             True
2026-02-21 13:25:10,200 - root - INFO - upstream_42_视源股份                 False            False            False
2026-02-21 13:25:10,201 - root - INFO - upstream_43_德赛西威                 False            False            False
2026-02-21 13:25:10,201 - root - INFO - downstream_1_比亚迪                 False            False            False
2026-02-21 13:25:10,201 - root - INFO - downstream_2_长城汽车                False            False            False
2026-02-21 13:25:10,201 - root - INFO - downstream_3_长安汽车                False            False            False
2026-02-21 13:25:10,201 - root - INFO - downstream_4_上汽集团                False            False            False
2026-02-21 13:25:10,202 - root - INFO - LC                               False            False            False
2026-02-21 13:25:10,202 - root - INFO - 
2026-02-21 13:25:10,202 - root - INFO -                     upstream_3_天齐锂业  upstream_4_赣锋锂业  upstream_5_川恒股份  \
2026-02-21 13:25:10,202 - root - INFO - 宁德时代                          False            False            False
2026-02-21 13:25:10,202 - root - INFO - market_data_1_上证综指            False            False            False
2026-02-21 13:25:10,203 - root - INFO - market_data_2_深证成指            False             True            False
2026-02-21 13:25:10,203 - root - INFO - market_data_3_创业板指            False             True            False
2026-02-21 13:25:10,203 - root - INFO - upstream_1_湖南裕能                True             True            False
2026-02-21 13:25:10,203 - root - INFO - upstream_2_盛新锂能               False             True             True
2026-02-21 13:25:10,203 - root - INFO - upstream_3_天齐锂业               False             True            False
2026-02-21 13:25:10,203 - root - INFO - upstream_4_赣锋锂业                True            False            False
2026-02-21 13:25:10,203 - root - INFO - upstream_5_川恒股份               False            False            False
2026-02-21 13:25:10,204 - root - INFO - upstream_6_盐湖股份               False            False            False
2026-02-21 13:25:10,204 - root - INFO - upstream_7_中远海控               False            False            False
2026-02-21 13:25:10,204 - root - INFO - upstream_8_湘潭电化               False            False            False
2026-02-21 13:25:10,204 - root - INFO - upstream_9_华友钴业               False             True            False
2026-02-21 13:25:10,204 - root - INFO - upstream_10_西藏珠峰              False            False             True
2026-02-21 13:25:10,204 - root - INFO - upstream_11_宁波韵升              False            False            False
2026-02-21 13:25:10,205 - root - INFO - upstream_12_中国卫星              False             True             True
2026-02-21 13:25:10,205 - root - INFO - upstream_13_贵研铂业              False            False            False
2026-02-21 13:25:10,205 - root - INFO - upstream_14_北方稀土              False            False            False
2026-02-21 13:25:10,205 - root - INFO - upstream_15_盛和资源              False            False            False
2026-02-21 13:25:10,205 - root - INFO - upstream_16_南山铝业              False            False            False
2026-02-21 13:25:10,205 - root - INFO - upstream_17_江西铜业              False            False            False
2026-02-21 13:25:10,205 - root - INFO - upstream_18_中国铝业              False             True            False
2026-02-21 13:25:10,205 - root - INFO - upstream_19_雅化集团              False             True            False
2026-02-21 13:25:10,206 - root - INFO - upstream_20_瑞泰科技               True             True            False
2026-02-21 13:25:10,206 - root - INFO - upstream_21_方大炭素               True             True            False
2026-02-21 13:25:10,206 - root - INFO - upstream_22_鹏辉能源               True             True            False
2026-02-21 13:25:10,206 - root - INFO - upstream_23_德方纳米               True             True             True
2026-02-21 13:25:10,206 - root - INFO - upstream_24_天华新能              False             True             True
2026-02-21 13:25:10,206 - root - INFO - upstream_25_容百科技               True             True             True
2026-02-21 13:25:10,207 - root - INFO - upstream_26_璞泰来                True             True            False
2026-02-21 13:25:10,207 - root - INFO - upstream_27_杉杉股份               True             True            False
2026-02-21 13:25:10,207 - root - INFO - upstream_28_诺德股份               True            False            False
2026-02-21 13:25:10,207 - root - INFO - upstream_29_天赐材料               True             True            False
2026-02-21 13:25:10,207 - root - INFO - upstream_30_多氟多                True             True             True
2026-02-21 13:25:10,207 - root - INFO - upstream_31_星源材质              False            False            False
2026-02-21 13:25:10,207 - root - INFO - upstream_32_先导智能               True             True             True
2026-02-21 13:25:10,208 - root - INFO - upstream_33_迈为股份               True             True             True
2026-02-21 13:25:10,208 - root - INFO - upstream_34_正业科技              False            False            False
2026-02-21 13:25:10,208 - root - INFO - upstream_35_罗博特科              False            False            False
2026-02-21 13:25:10,208 - root - INFO - upstream_36_永太科技              False             True             True
2026-02-21 13:25:10,208 - root - INFO - upstream_37_奥特维               False            False            False
2026-02-21 13:25:10,209 - root - INFO - upstream_38_芳源股份              False             True             True
2026-02-21 13:25:10,209 - root - INFO - upstream_39_派能科技              False            False            False
2026-02-21 13:25:10,209 - root - INFO - upstream_40_振江股份              False            False            False
2026-02-21 13:25:10,209 - root - INFO - upstream_41_欣锐科技              False             True             True
2026-02-21 13:25:10,209 - root - INFO - upstream_42_视源股份              False            False            False
2026-02-21 13:25:10,209 - root - INFO - upstream_43_德赛西威              False            False            False
2026-02-21 13:25:10,209 - root - INFO - downstream_1_比亚迪              False            False            False
2026-02-21 13:25:10,209 - root - INFO - downstream_2_长城汽车             False            False            False
2026-02-21 13:25:10,209 - root - INFO - downstream_3_长安汽车             False            False            False
2026-02-21 13:25:10,209 - root - INFO - downstream_4_上汽集团             False            False            False
2026-02-21 13:25:10,209 - root - INFO - LC                             True             True            False
2026-02-21 13:25:10,210 - root - INFO - 
2026-02-21 13:25:10,210 - root - INFO -                     upstream_6_盐湖股份  upstream_7_中远海控  upstream_8_湘潭电化  \
2026-02-21 13:25:10,210 - root - INFO - 宁德时代                          False            False            False
2026-02-21 13:25:10,210 - root - INFO - market_data_1_上证综指            False            False            False
2026-02-21 13:25:10,210 - root - INFO - market_data_2_深证成指            False            False            False
2026-02-21 13:25:10,210 - root - INFO - market_data_3_创业板指            False            False            False
2026-02-21 13:25:10,210 - root - INFO - upstream_1_湖南裕能                True            False            False
2026-02-21 13:25:10,211 - root - INFO - upstream_2_盛新锂能                True            False            False
2026-02-21 13:25:10,211 - root - INFO - upstream_3_天齐锂业               False            False            False
2026-02-21 13:25:10,211 - root - INFO - upstream_4_赣锋锂业                True            False            False
2026-02-21 13:25:10,211 - root - INFO - upstream_5_川恒股份               False            False            False
2026-02-21 13:25:10,211 - root - INFO - upstream_6_盐湖股份               False            False            False
2026-02-21 13:25:10,211 - root - INFO - upstream_7_中远海控               False            False            False
2026-02-21 13:25:10,211 - root - INFO - upstream_8_湘潭电化               False            False            False
2026-02-21 13:25:10,212 - root - INFO - upstream_9_华友钴业               False            False            False
2026-02-21 13:25:10,212 - root - INFO - upstream_10_西藏珠峰              False            False             True
2026-02-21 13:25:10,212 - root - INFO - upstream_11_宁波韵升              False            False            False
2026-02-21 13:25:10,212 - root - INFO - upstream_12_中国卫星               True            False             True
2026-02-21 13:25:10,212 - root - INFO - upstream_13_贵研铂业               True            False            False
2026-02-21 13:25:10,212 - root - INFO - upstream_14_北方稀土              False            False            False
2026-02-21 13:25:10,212 - root - INFO - upstream_15_盛和资源              False            False            False
2026-02-21 13:25:10,212 - root - INFO - upstream_16_南山铝业              False            False            False
2026-02-21 13:25:10,213 - root - INFO - upstream_17_江西铜业              False            False            False
2026-02-21 13:25:10,213 - root - INFO - upstream_18_中国铝业               True            False            False
2026-02-21 13:25:10,213 - root - INFO - upstream_19_雅化集团               True            False            False
2026-02-21 13:25:10,213 - root - INFO - upstream_20_瑞泰科技              False            False            False
2026-02-21 13:25:10,213 - root - INFO - upstream_21_方大炭素               True            False            False
2026-02-21 13:25:10,213 - root - INFO - upstream_22_鹏辉能源               True            False            False
2026-02-21 13:25:10,213 - root - INFO - upstream_23_德方纳米              False            False            False
2026-02-21 13:25:10,213 - root - INFO - upstream_24_天华新能               True            False            False
2026-02-21 13:25:10,213 - root - INFO - upstream_25_容百科技               True            False            False
2026-02-21 13:25:10,213 - root - INFO - upstream_26_璞泰来                True            False            False
2026-02-21 13:25:10,213 - root - INFO - upstream_27_杉杉股份               True            False            False
2026-02-21 13:25:10,215 - root - INFO - upstream_28_诺德股份              False            False            False
2026-02-21 13:25:10,215 - root - INFO - upstream_29_天赐材料               True            False            False
2026-02-21 13:25:10,215 - root - INFO - upstream_30_多氟多                True            False            False
2026-02-21 13:25:10,215 - root - INFO - upstream_31_星源材质               True            False             True
2026-02-21 13:25:10,215 - root - INFO - upstream_32_先导智能              False            False            False
2026-02-21 13:25:10,215 - root - INFO - upstream_33_迈为股份               True            False            False
2026-02-21 13:25:10,215 - root - INFO - upstream_34_正业科技              False            False            False
2026-02-21 13:25:10,216 - root - INFO - upstream_35_罗博特科              False            False            False
2026-02-21 13:25:10,216 - root - INFO - upstream_36_永太科技               True            False            False
2026-02-21 13:25:10,216 - root - INFO - upstream_37_奥特维               False            False            False
2026-02-21 13:25:10,216 - root - INFO - upstream_38_芳源股份               True            False            False
2026-02-21 13:25:10,217 - root - INFO - upstream_39_派能科技              False            False            False
2026-02-21 13:25:10,217 - root - INFO - upstream_40_振江股份              False            False            False
2026-02-21 13:25:10,217 - root - INFO - upstream_41_欣锐科技               True            False            False
2026-02-21 13:25:10,218 - root - INFO - upstream_42_视源股份              False            False            False
2026-02-21 13:25:10,218 - root - INFO - upstream_43_德赛西威              False            False            False
2026-02-21 13:25:10,218 - root - INFO - downstream_1_比亚迪              False            False            False
2026-02-21 13:25:10,218 - root - INFO - downstream_2_长城汽车             False            False            False
2026-02-21 13:25:10,219 - root - INFO - downstream_3_长安汽车             False            False            False
2026-02-21 13:25:10,219 - root - INFO - downstream_4_上汽集团             False            False            False
2026-02-21 13:25:10,219 - root - INFO - LC                            False            False            False
2026-02-21 13:25:10,219 - root - INFO - 
2026-02-21 13:25:10,219 - root - INFO -                     upstream_9_华友钴业  upstream_10_西藏珠峰  upstream_11_宁波韵升  \
2026-02-21 13:25:10,219 - root - INFO - 宁德时代                          False             False             False
2026-02-21 13:25:10,220 - root - INFO - market_data_1_上证综指            False             False             False
2026-02-21 13:25:10,220 - root - INFO - market_data_2_深证成指            False             False              True
2026-02-21 13:25:10,220 - root - INFO - market_data_3_创业板指            False             False              True
2026-02-21 13:25:10,220 - root - INFO - upstream_1_湖南裕能                True             False             False
2026-02-21 13:25:10,220 - root - INFO - upstream_2_盛新锂能                True             False             False
2026-02-21 13:25:10,220 - root - INFO - upstream_3_天齐锂业                True              True             False
2026-02-21 13:25:10,221 - root - INFO - upstream_4_赣锋锂业                True             False              True
2026-02-21 13:25:10,221 - root - INFO - upstream_5_川恒股份                True             False             False
2026-02-21 13:25:10,221 - root - INFO - upstream_6_盐湖股份                True             False             False
2026-02-21 13:25:10,221 - root - INFO - upstream_7_中远海控               False             False             False
2026-02-21 13:25:10,221 - root - INFO - upstream_8_湘潭电化               False             False              True
2026-02-21 13:25:10,221 - root - INFO - upstream_9_华友钴业               False             False              True
2026-02-21 13:25:10,221 - root - INFO - upstream_10_西藏珠峰               True             False              True
2026-02-21 13:25:10,222 - root - INFO - upstream_11_宁波韵升              False             False             False
2026-02-21 13:25:10,222 - root - INFO - upstream_12_中国卫星               True              True             False
2026-02-21 13:25:10,222 - root - INFO - upstream_13_贵研铂业               True             False             False
2026-02-21 13:25:10,222 - root - INFO - upstream_14_北方稀土              False              True              True
2026-02-21 13:25:10,222 - root - INFO - upstream_15_盛和资源              False             False             False
2026-02-21 13:25:10,222 - root - INFO - upstream_16_南山铝业               True             False             False
2026-02-21 13:25:10,222 - root - INFO - upstream_17_江西铜业               True             False             False
2026-02-21 13:25:10,223 - root - INFO - upstream_18_中国铝业               True             False             False
2026-02-21 13:25:10,223 - root - INFO - upstream_19_雅化集团               True             False             False
2026-02-21 13:25:10,223 - root - INFO - upstream_20_瑞泰科技               True              True             False
2026-02-21 13:25:10,223 - root - INFO - upstream_21_方大炭素               True              True             False
2026-02-21 13:25:10,223 - root - INFO - upstream_22_鹏辉能源               True             False             False
2026-02-21 13:25:10,223 - root - INFO - upstream_23_德方纳米              False             False             False
2026-02-21 13:25:10,223 - root - INFO - upstream_24_天华新能               True             False             False
2026-02-21 13:25:10,224 - root - INFO - upstream_25_容百科技               True              True              True
2026-02-21 13:25:10,224 - root - INFO - upstream_26_璞泰来                True             False              True
2026-02-21 13:25:10,224 - root - INFO - upstream_27_杉杉股份               True              True              True
2026-02-21 13:25:10,224 - root - INFO - upstream_28_诺德股份              False             False              True
2026-02-21 13:25:10,224 - root - INFO - upstream_29_天赐材料               True             False              True
2026-02-21 13:25:10,225 - root - INFO - upstream_30_多氟多                True             False             False
2026-02-21 13:25:10,225 - root - INFO - upstream_31_星源材质              False             False              True
2026-02-21 13:25:10,225 - root - INFO - upstream_32_先导智能               True              True              True
2026-02-21 13:25:10,225 - root - INFO - upstream_33_迈为股份               True             False             False
2026-02-21 13:25:10,225 - root - INFO - upstream_34_正业科技              False             False              True
2026-02-21 13:25:10,225 - root - INFO - upstream_35_罗博特科              False             False             False
2026-02-21 13:25:10,225 - root - INFO - upstream_36_永太科技               True             False              True
2026-02-21 13:25:10,225 - root - INFO - upstream_37_奥特维               False             False             False
2026-02-21 13:25:10,225 - root - INFO - upstream_38_芳源股份               True              True              True
2026-02-21 13:25:10,225 - root - INFO - upstream_39_派能科技               True             False              True
2026-02-21 13:25:10,226 - root - INFO - upstream_40_振江股份              False             False             False
2026-02-21 13:25:10,226 - root - INFO - upstream_41_欣锐科技               True              True              True
2026-02-21 13:25:10,226 - root - INFO - upstream_42_视源股份              False             False             False
2026-02-21 13:25:10,226 - root - INFO - upstream_43_德赛西威              False             False             False
2026-02-21 13:25:10,226 - root - INFO - downstream_1_比亚迪              False             False             False
2026-02-21 13:25:10,226 - root - INFO - downstream_2_长城汽车             False             False             False
2026-02-21 13:25:10,226 - root - INFO - downstream_3_长安汽车             False             False             False
2026-02-21 13:25:10,227 - root - INFO - downstream_4_上汽集团             False             False             False
2026-02-21 13:25:10,227 - root - INFO - LC                            False             False             False
2026-02-21 13:25:10,227 - root - INFO - 
2026-02-21 13:25:10,227 - root - INFO -                     upstream_12_中国卫星  upstream_13_贵研铂业  upstream_14_北方稀土  \
2026-02-21 13:25:10,227 - root - INFO - 宁德时代                           False             False              True
2026-02-21 13:25:10,227 - root - INFO - market_data_1_上证综指             False             False             False
2026-02-21 13:25:10,227 - root - INFO - market_data_2_深证成指             False             False             False
2026-02-21 13:25:10,228 - root - INFO - market_data_3_创业板指             False             False              True
2026-02-21 13:25:10,228 - root - INFO - upstream_1_湖南裕能                 True             False              True
2026-02-21 13:25:10,228 - root - INFO - upstream_2_盛新锂能                 True              True              True
2026-02-21 13:25:10,228 - root - INFO - upstream_3_天齐锂业                False              True              True
2026-02-21 13:25:10,228 - root - INFO - upstream_4_赣锋锂业                False              True              True
2026-02-21 13:25:10,228 - root - INFO - upstream_5_川恒股份                 True             False              True
2026-02-21 13:25:10,229 - root - INFO - upstream_6_盐湖股份                False             False             False
2026-02-21 13:25:10,229 - root - INFO - upstream_7_中远海控                False             False             False
2026-02-21 13:25:10,229 - root - INFO - upstream_8_湘潭电化                 True             False             False
2026-02-21 13:25:10,229 - root - INFO - upstream_9_华友钴业                False             False              True
2026-02-21 13:25:10,229 - root - INFO - upstream_10_西藏珠峰                True              True              True
2026-02-21 13:25:10,229 - root - INFO - upstream_11_宁波韵升               False             False             False
2026-02-21 13:25:10,229 - root - INFO - upstream_12_中国卫星               False              True              True
2026-02-21 13:25:10,229 - root - INFO - upstream_13_贵研铂业                True             False              True
2026-02-21 13:25:10,229 - root - INFO - upstream_14_北方稀土                True             False             False
2026-02-21 13:25:10,229 - root - INFO - upstream_15_盛和资源               False             False             False
2026-02-21 13:25:10,231 - root - INFO - upstream_16_南山铝业               False             False             False
2026-02-21 13:25:10,231 - root - INFO - upstream_17_江西铜业                True             False             False
2026-02-21 13:25:10,231 - root - INFO - upstream_18_中国铝业                True              True              True
2026-02-21 13:25:10,231 - root - INFO - upstream_19_雅化集团                True             False              True
2026-02-21 13:25:10,231 - root - INFO - upstream_20_瑞泰科技               False             False              True
2026-02-21 13:25:10,231 - root - INFO - upstream_21_方大炭素                True              True             False
2026-02-21 13:25:10,232 - root - INFO - upstream_22_鹏辉能源                True             False              True
2026-02-21 13:25:10,232 - root - INFO - upstream_23_德方纳米                True             False             False
2026-02-21 13:25:10,232 - root - INFO - upstream_24_天华新能                True              True              True
2026-02-21 13:25:10,232 - root - INFO - upstream_25_容百科技                True              True              True
2026-02-21 13:25:10,232 - root - INFO - upstream_26_璞泰来                 True             False              True
2026-02-21 13:25:10,233 - root - INFO - upstream_27_杉杉股份                True             False              True
2026-02-21 13:25:10,233 - root - INFO - upstream_28_诺德股份               False              True              True
2026-02-21 13:25:10,233 - root - INFO - upstream_29_天赐材料                True             False              True
2026-02-21 13:25:10,233 - root - INFO - upstream_30_多氟多                 True             False              True
2026-02-21 13:25:10,234 - root - INFO - upstream_31_星源材质                True              True             False
2026-02-21 13:25:10,234 - root - INFO - upstream_32_先导智能               False              True              True
2026-02-21 13:25:10,234 - root - INFO - upstream_33_迈为股份                True              True             False
2026-02-21 13:25:10,234 - root - INFO - upstream_34_正业科技               False             False              True
2026-02-21 13:25:10,234 - root - INFO - upstream_35_罗博特科               False             False             False
2026-02-21 13:25:10,235 - root - INFO - upstream_36_永太科技                True             False              True
2026-02-21 13:25:10,235 - root - INFO - upstream_37_奥特维                False             False             False
2026-02-21 13:25:10,235 - root - INFO - upstream_38_芳源股份                True              True              True
2026-02-21 13:25:10,235 - root - INFO - upstream_39_派能科技                True              True             False
2026-02-21 13:25:10,236 - root - INFO - upstream_40_振江股份               False             False             False
2026-02-21 13:25:10,236 - root - INFO - upstream_41_欣锐科技                True              True              True
2026-02-21 13:25:10,236 - root - INFO - upstream_42_视源股份               False             False              True
2026-02-21 13:25:10,236 - root - INFO - upstream_43_德赛西威               False             False             False
2026-02-21 13:25:10,236 - root - INFO - downstream_1_比亚迪               False             False             False
2026-02-21 13:25:10,237 - root - INFO - downstream_2_长城汽车              False             False             False
2026-02-21 13:25:10,237 - root - INFO - downstream_3_长安汽车              False             False             False
2026-02-21 13:25:10,237 - root - INFO - downstream_4_上汽集团              False             False             False
2026-02-21 13:25:10,237 - root - INFO - LC                              True             False             False
2026-02-21 13:25:10,237 - root - INFO - 
2026-02-21 13:25:10,238 - root - INFO -                     upstream_15_盛和资源  upstream_16_南山铝业  upstream_17_江西铜业  \
2026-02-21 13:25:10,238 - root - INFO - 宁德时代                           False             False             False
2026-02-21 13:25:10,238 - root - INFO - market_data_1_上证综指             False             False             False
2026-02-21 13:25:10,238 - root - INFO - market_data_2_深证成指             False             False             False
2026-02-21 13:25:10,238 - root - INFO - market_data_3_创业板指             False             False             False
2026-02-21 13:25:10,239 - root - INFO - upstream_1_湖南裕能                False              True              True
2026-02-21 13:25:10,239 - root - INFO - upstream_2_盛新锂能                False              True              True
2026-02-21 13:25:10,239 - root - INFO - upstream_3_天齐锂业                False              True              True
2026-02-21 13:25:10,239 - root - INFO - upstream_4_赣锋锂业                False             False              True
2026-02-21 13:25:10,240 - root - INFO - upstream_5_川恒股份                 True             False              True
2026-02-21 13:25:10,240 - root - INFO - upstream_6_盐湖股份                False             False              True
2026-02-21 13:25:10,240 - root - INFO - upstream_7_中远海控                False             False             False
2026-02-21 13:25:10,240 - root - INFO - upstream_8_湘潭电化                False             False             False
2026-02-21 13:25:10,240 - root - INFO - upstream_9_华友钴业                False             False              True
2026-02-21 13:25:10,241 - root - INFO - upstream_10_西藏珠峰               False              True             False
2026-02-21 13:25:10,241 - root - INFO - upstream_11_宁波韵升               False             False             False
2026-02-21 13:25:10,241 - root - INFO - upstream_12_中国卫星               False              True              True
2026-02-21 13:25:10,241 - root - INFO - upstream_13_贵研铂业               False              True              True
2026-02-21 13:25:10,241 - root - INFO - upstream_14_北方稀土               False             False             False
2026-02-21 13:25:10,241 - root - INFO - upstream_15_盛和资源               False             False             False
2026-02-21 13:25:10,242 - root - INFO - upstream_16_南山铝业               False             False              True
2026-02-21 13:25:10,242 - root - INFO - upstream_17_江西铜业               False             False             False
2026-02-21 13:25:10,242 - root - INFO - upstream_18_中国铝业               False             False              True
2026-02-21 13:25:10,242 - root - INFO - upstream_19_雅化集团               False              True              True
2026-02-21 13:25:10,242 - root - INFO - upstream_20_瑞泰科技                True             False             False
2026-02-21 13:25:10,242 - root - INFO - upstream_21_方大炭素               False              True              True
2026-02-21 13:25:10,242 - root - INFO - upstream_22_鹏辉能源               False              True              True
2026-02-21 13:25:10,242 - root - INFO - upstream_23_德方纳米                True              True             False
2026-02-21 13:25:10,243 - root - INFO - upstream_24_天华新能               False              True              True
2026-02-21 13:25:10,243 - root - INFO - upstream_25_容百科技               False              True             False
2026-02-21 13:25:10,243 - root - INFO - upstream_26_璞泰来                False             False             False
2026-02-21 13:25:10,243 - root - INFO - upstream_27_杉杉股份               False             False             False
2026-02-21 13:25:10,243 - root - INFO - upstream_28_诺德股份               False             False              True
2026-02-21 13:25:10,243 - root - INFO - upstream_29_天赐材料               False              True              True
2026-02-21 13:25:10,244 - root - INFO - upstream_30_多氟多                False              True              True
2026-02-21 13:25:10,244 - root - INFO - upstream_31_星源材质               False              True             False
2026-02-21 13:25:10,244 - root - INFO - upstream_32_先导智能               False             False             False
2026-02-21 13:25:10,244 - root - INFO - upstream_33_迈为股份                True              True              True
2026-02-21 13:25:10,244 - root - INFO - upstream_34_正业科技               False             False             False
2026-02-21 13:25:10,244 - root - INFO - upstream_35_罗博特科               False             False             False
2026-02-21 13:25:10,244 - root - INFO - upstream_36_永太科技               False              True              True
2026-02-21 13:25:10,245 - root - INFO - upstream_37_奥特维                False             False             False
2026-02-21 13:25:10,245 - root - INFO - upstream_38_芳源股份               False              True              True
2026-02-21 13:25:10,245 - root - INFO - upstream_39_派能科技                True              True              True
2026-02-21 13:25:10,245 - root - INFO - upstream_40_振江股份               False             False             False
2026-02-21 13:25:10,245 - root - INFO - upstream_41_欣锐科技               False              True              True
2026-02-21 13:25:10,245 - root - INFO - upstream_42_视源股份               False             False             False
2026-02-21 13:25:10,245 - root - INFO - upstream_43_德赛西威               False             False             False
2026-02-21 13:25:10,246 - root - INFO - downstream_1_比亚迪               False             False             False
2026-02-21 13:25:10,246 - root - INFO - downstream_2_长城汽车              False             False             False
2026-02-21 13:25:10,246 - root - INFO - downstream_3_长安汽车              False             False             False
2026-02-21 13:25:10,246 - root - INFO - downstream_4_上汽集团              False             False             False
2026-02-21 13:25:10,246 - root - INFO - LC                             False             False              True
2026-02-21 13:25:10,246 - root - INFO - 
2026-02-21 13:25:10,246 - root - INFO -                     upstream_18_中国铝业  upstream_19_雅化集团  upstream_20_瑞泰科技  \
2026-02-21 13:25:10,247 - root - INFO - 宁德时代                           False             False             False
2026-02-21 13:25:10,247 - root - INFO - market_data_1_上证综指             False             False             False
2026-02-21 13:25:10,247 - root - INFO - market_data_2_深证成指             False             False             False
2026-02-21 13:25:10,247 - root - INFO - market_data_3_创业板指             False             False             False
2026-02-21 13:25:10,247 - root - INFO - upstream_1_湖南裕能                 True             False              True
2026-02-21 13:25:10,247 - root - INFO - upstream_2_盛新锂能                 True              True             False
2026-02-21 13:25:10,248 - root - INFO - upstream_3_天齐锂业                 True              True              True
2026-02-21 13:25:10,248 - root - INFO - upstream_4_赣锋锂业                False              True              True
2026-02-21 13:25:10,248 - root - INFO - upstream_5_川恒股份                False             False             False
2026-02-21 13:25:10,248 - root - INFO - upstream_6_盐湖股份                 True             False              True
2026-02-21 13:25:10,248 - root - INFO - upstream_7_中远海控                False             False             False
2026-02-21 13:25:10,248 - root - INFO - upstream_8_湘潭电化                False             False             False
2026-02-21 13:25:10,249 - root - INFO - upstream_9_华友钴业                False             False              True
2026-02-21 13:25:10,249 - root - INFO - upstream_10_西藏珠峰                True             False              True
2026-02-21 13:25:10,249 - root - INFO - upstream_11_宁波韵升               False             False             False
2026-02-21 13:25:10,249 - root - INFO - upstream_12_中国卫星                True              True             False
2026-02-21 13:25:10,250 - root - INFO - upstream_13_贵研铂业                True              True             False
2026-02-21 13:25:10,250 - root - INFO - upstream_14_北方稀土               False             False              True
2026-02-21 13:25:10,250 - root - INFO - upstream_15_盛和资源               False             False             False
2026-02-21 13:25:10,250 - root - INFO - upstream_16_南山铝业               False              True             False
2026-02-21 13:25:10,251 - root - INFO - upstream_17_江西铜业               False              True             False
2026-02-21 13:25:10,251 - root - INFO - upstream_18_中国铝业               False              True             False
2026-02-21 13:25:10,251 - root - INFO - upstream_19_雅化集团                True             False              True
2026-02-21 13:25:10,251 - root - INFO - upstream_20_瑞泰科技               False             False             False
2026-02-21 13:25:10,251 - root - INFO - upstream_21_方大炭素                True              True             False
2026-02-21 13:25:10,252 - root - INFO - upstream_22_鹏辉能源                True             False              True
2026-02-21 13:25:10,252 - root - INFO - upstream_23_德方纳米                True             False              True
2026-02-21 13:25:10,252 - root - INFO - upstream_24_天华新能                True              True              True
2026-02-21 13:25:10,252 - root - INFO - upstream_25_容百科技                True              True             False
2026-02-21 13:25:10,252 - root - INFO - upstream_26_璞泰来                 True             False             False
2026-02-21 13:25:10,253 - root - INFO - upstream_27_杉杉股份               False              True             False
2026-02-21 13:25:10,253 - root - INFO - upstream_28_诺德股份                True             False             False
2026-02-21 13:25:10,253 - root - INFO - upstream_29_天赐材料                True             False              True
2026-02-21 13:25:10,253 - root - INFO - upstream_30_多氟多                 True              True              True
2026-02-21 13:25:10,253 - root - INFO - upstream_31_星源材质                True             False              True
2026-02-21 13:25:10,253 - root - INFO - upstream_32_先导智能               False             False             False
2026-02-21 13:25:10,254 - root - INFO - upstream_33_迈为股份                True              True             False
2026-02-21 13:25:10,254 - root - INFO - upstream_34_正业科技               False             False             False
2026-02-21 13:25:10,254 - root - INFO - upstream_35_罗博特科               False             False             False
2026-02-21 13:25:10,254 - root - INFO - upstream_36_永太科技                True              True             False
2026-02-21 13:25:10,254 - root - INFO - upstream_37_奥特维                False             False             False
2026-02-21 13:25:10,254 - root - INFO - upstream_38_芳源股份                True              True              True
2026-02-21 13:25:10,255 - root - INFO - upstream_39_派能科技                True             False             False
2026-02-21 13:25:10,255 - root - INFO - upstream_40_振江股份               False             False             False
2026-02-21 13:25:10,255 - root - INFO - upstream_41_欣锐科技                True              True             False
2026-02-21 13:25:10,255 - root - INFO - upstream_42_视源股份               False             False             False
2026-02-21 13:25:10,256 - root - INFO - upstream_43_德赛西威               False             False              True
2026-02-21 13:25:10,256 - root - INFO - downstream_1_比亚迪               False             False             False
2026-02-21 13:25:10,256 - root - INFO - downstream_2_长城汽车              False             False             False
2026-02-21 13:25:10,256 - root - INFO - downstream_3_长安汽车              False             False             False
2026-02-21 13:25:10,256 - root - INFO - downstream_4_上汽集团              False             False             False
2026-02-21 13:25:10,256 - root - INFO - LC                             False             False             False
2026-02-21 13:25:10,256 - root - INFO - 
2026-02-21 13:25:10,256 - root - INFO -                     upstream_21_方大炭素  upstream_22_鹏辉能源  upstream_23_德方纳米  \
2026-02-21 13:25:10,256 - root - INFO - 宁德时代                           False             False             False
2026-02-21 13:25:10,258 - root - INFO - market_data_1_上证综指             False             False             False
2026-02-21 13:25:10,258 - root - INFO - market_data_2_深证成指             False             False             False
2026-02-21 13:25:10,258 - root - INFO - market_data_3_创业板指              True             False             False
2026-02-21 13:25:10,258 - root - INFO - upstream_1_湖南裕能                False              True             False
2026-02-21 13:25:10,258 - root - INFO - upstream_2_盛新锂能                 True             False             False
2026-02-21 13:25:10,259 - root - INFO - upstream_3_天齐锂业                 True              True              True
2026-02-21 13:25:10,259 - root - INFO - upstream_4_赣锋锂业                 True             False              True
2026-02-21 13:25:10,259 - root - INFO - upstream_5_川恒股份                False              True             False
2026-02-21 13:25:10,259 - root - INFO - upstream_6_盐湖股份                 True             False             False
2026-02-21 13:25:10,259 - root - INFO - upstream_7_中远海控                False             False             False
2026-02-21 13:25:10,259 - root - INFO - upstream_8_湘潭电化                False             False             False
2026-02-21 13:25:10,260 - root - INFO - upstream_9_华友钴业                 True             False             False
2026-02-21 13:25:10,260 - root - INFO - upstream_10_西藏珠峰                True              True              True
2026-02-21 13:25:10,260 - root - INFO - upstream_11_宁波韵升               False             False              True
2026-02-21 13:25:10,260 - root - INFO - upstream_12_中国卫星                True             False             False
2026-02-21 13:25:10,260 - root - INFO - upstream_13_贵研铂业                True             False             False
2026-02-21 13:25:10,260 - root - INFO - upstream_14_北方稀土               False             False             False
2026-02-21 13:25:10,260 - root - INFO - upstream_15_盛和资源               False             False             False
2026-02-21 13:25:10,261 - root - INFO - upstream_16_南山铝业                True              True             False
2026-02-21 13:25:10,261 - root - INFO - upstream_17_江西铜业               False             False             False
2026-02-21 13:25:10,261 - root - INFO - upstream_18_中国铝业               False             False             False
2026-02-21 13:25:10,261 - root - INFO - upstream_19_雅化集团                True             False             False
2026-02-21 13:25:10,261 - root - INFO - upstream_20_瑞泰科技               False             False             False
2026-02-21 13:25:10,261 - root - INFO - upstream_21_方大炭素               False              True              True
2026-02-21 13:25:10,261 - root - INFO - upstream_22_鹏辉能源                True             False             False
2026-02-21 13:25:10,261 - root - INFO - upstream_23_德方纳米               False              True             False
2026-02-21 13:25:10,261 - root - INFO - upstream_24_天华新能                True              True              True
2026-02-21 13:25:10,261 - root - INFO - upstream_25_容百科技                True              True              True
2026-02-21 13:25:10,261 - root - INFO - upstream_26_璞泰来                False              True             False
2026-02-21 13:25:10,262 - root - INFO - upstream_27_杉杉股份               False             False             False
2026-02-21 13:25:10,262 - root - INFO - upstream_28_诺德股份               False             False             False
2026-02-21 13:25:10,262 - root - INFO - upstream_29_天赐材料               False              True              True
2026-02-21 13:25:10,262 - root - INFO - upstream_30_多氟多                False              True             False
2026-02-21 13:25:10,262 - root - INFO - upstream_31_星源材质               False              True              True
2026-02-21 13:25:10,262 - root - INFO - upstream_32_先导智能                True             False             False
2026-02-21 13:25:10,262 - root - INFO - upstream_33_迈为股份                True              True             False
2026-02-21 13:25:10,263 - root - INFO - upstream_34_正业科技               False             False             False
2026-02-21 13:25:10,263 - root - INFO - upstream_35_罗博特科               False             False             False
2026-02-21 13:25:10,263 - root - INFO - upstream_36_永太科技                True              True             False
2026-02-21 13:25:10,263 - root - INFO - upstream_37_奥特维                False             False             False
2026-02-21 13:25:10,263 - root - INFO - upstream_38_芳源股份                True              True             False
2026-02-21 13:25:10,263 - root - INFO - upstream_39_派能科技               False             False             False
2026-02-21 13:25:10,263 - root - INFO - upstream_40_振江股份               False             False             False
2026-02-21 13:25:10,264 - root - INFO - upstream_41_欣锐科技                True             False             False
2026-02-21 13:25:10,264 - root - INFO - upstream_42_视源股份               False             False             False
2026-02-21 13:25:10,264 - root - INFO - upstream_43_德赛西威               False             False             False
2026-02-21 13:25:10,264 - root - INFO - downstream_1_比亚迪               False             False             False
2026-02-21 13:25:10,264 - root - INFO - downstream_2_长城汽车              False             False             False
2026-02-21 13:25:10,264 - root - INFO - downstream_3_长安汽车              False             False             False
2026-02-21 13:25:10,264 - root - INFO - downstream_4_上汽集团              False             False             False
2026-02-21 13:25:10,264 - root - INFO - LC                              True             False             False
2026-02-21 13:25:10,265 - root - INFO - 
2026-02-21 13:25:10,265 - root - INFO -                     upstream_24_天华新能  upstream_25_容百科技  upstream_26_璞泰来  \
2026-02-21 13:25:10,265 - root - INFO - 宁德时代                           False             False            False
2026-02-21 13:25:10,265 - root - INFO - market_data_1_上证综指             False             False            False
2026-02-21 13:25:10,265 - root - INFO - market_data_2_深证成指             False             False            False
2026-02-21 13:25:10,266 - root - INFO - market_data_3_创业板指              True             False            False
2026-02-21 13:25:10,266 - root - INFO - upstream_1_湖南裕能                 True             False            False
2026-02-21 13:25:10,266 - root - INFO - upstream_2_盛新锂能                 True              True             True
2026-02-21 13:25:10,267 - root - INFO - upstream_3_天齐锂业                False             False             True
2026-02-21 13:25:10,267 - root - INFO - upstream_4_赣锋锂业                 True             False             True
2026-02-21 13:25:10,267 - root - INFO - upstream_5_川恒股份                False             False            False
2026-02-21 13:25:10,267 - root - INFO - upstream_6_盐湖股份                 True             False            False
2026-02-21 13:25:10,268 - root - INFO - upstream_7_中远海控                False             False            False
2026-02-21 13:25:10,268 - root - INFO - upstream_8_湘潭电化                False             False            False
2026-02-21 13:25:10,268 - root - INFO - upstream_9_华友钴业                False             False            False
2026-02-21 13:25:10,269 - root - INFO - upstream_10_西藏珠峰               False             False             True
2026-02-21 13:25:10,269 - root - INFO - upstream_11_宁波韵升               False              True             True
2026-02-21 13:25:10,269 - root - INFO - upstream_12_中国卫星                True              True             True
2026-02-21 13:25:10,269 - root - INFO - upstream_13_贵研铂业                True             False            False
2026-02-21 13:25:10,270 - root - INFO - upstream_14_北方稀土               False             False            False
2026-02-21 13:25:10,270 - root - INFO - upstream_15_盛和资源               False             False            False
2026-02-21 13:25:10,270 - root - INFO - upstream_16_南山铝业                True             False            False
2026-02-21 13:25:10,271 - root - INFO - upstream_17_江西铜业                True             False            False
2026-02-21 13:25:10,271 - root - INFO - upstream_18_中国铝业                True             False            False
2026-02-21 13:25:10,271 - root - INFO - upstream_19_雅化集团               False             False            False
2026-02-21 13:25:10,271 - root - INFO - upstream_20_瑞泰科技                True             False            False
2026-02-21 13:25:10,272 - root - INFO - upstream_21_方大炭素               False              True             True
2026-02-21 13:25:10,272 - root - INFO - upstream_22_鹏辉能源                True              True            False
2026-02-21 13:25:10,272 - root - INFO - upstream_23_德方纳米               False              True            False
2026-02-21 13:25:10,272 - root - INFO - upstream_24_天华新能               False             False             True
2026-02-21 13:25:10,272 - root - INFO - upstream_25_容百科技               False             False             True
2026-02-21 13:25:10,274 - root - INFO - upstream_26_璞泰来                 True             False            False
2026-02-21 13:25:10,274 - root - INFO - upstream_27_杉杉股份               False             False            False
2026-02-21 13:25:10,274 - root - INFO - upstream_28_诺德股份               False             False            False
2026-02-21 13:25:10,274 - root - INFO - upstream_29_天赐材料                True              True             True
2026-02-21 13:25:10,275 - root - INFO - upstream_30_多氟多                 True             False            False
2026-02-21 13:25:10,275 - root - INFO - upstream_31_星源材质               False              True             True
2026-02-21 13:25:10,276 - root - INFO - upstream_32_先导智能                True             False            False
2026-02-21 13:25:10,276 - root - INFO - upstream_33_迈为股份                True              True             True
2026-02-21 13:25:10,276 - root - INFO - upstream_34_正业科技               False             False            False
2026-02-21 13:25:10,276 - root - INFO - upstream_35_罗博特科               False             False            False
2026-02-21 13:25:10,277 - root - INFO - upstream_36_永太科技                True             False            False
2026-02-21 13:25:10,277 - root - INFO - upstream_37_奥特维                False             False            False
2026-02-21 13:25:10,277 - root - INFO - upstream_38_芳源股份               False              True             True
2026-02-21 13:25:10,277 - root - INFO - upstream_39_派能科技               False             False            False
2026-02-21 13:25:10,277 - root - INFO - upstream_40_振江股份               False             False            False
2026-02-21 13:25:10,277 - root - INFO - upstream_41_欣锐科技               False             False            False
2026-02-21 13:25:10,278 - root - INFO - upstream_42_视源股份               False             False            False
2026-02-21 13:25:10,278 - root - INFO - upstream_43_德赛西威               False             False            False
2026-02-21 13:25:10,278 - root - INFO - downstream_1_比亚迪               False             False            False
2026-02-21 13:25:10,279 - root - INFO - downstream_2_长城汽车              False             False            False
2026-02-21 13:25:10,279 - root - INFO - downstream_3_长安汽车              False             False            False
2026-02-21 13:25:10,279 - root - INFO - downstream_4_上汽集团              False             False            False
2026-02-21 13:25:10,279 - root - INFO - LC                             False             False            False
2026-02-21 13:25:10,280 - root - INFO - 
2026-02-21 13:25:10,280 - root - INFO -                     upstream_27_杉杉股份  upstream_28_诺德股份  upstream_29_天赐材料  \
2026-02-21 13:25:10,280 - root - INFO - 宁德时代                            True             False             False
2026-02-21 13:25:10,280 - root - INFO - market_data_1_上证综指             False             False             False
2026-02-21 13:25:10,280 - root - INFO - market_data_2_深证成指             False             False             False
2026-02-21 13:25:10,280 - root - INFO - market_data_3_创业板指             False             False             False
2026-02-21 13:25:10,280 - root - INFO - upstream_1_湖南裕能                 True             False             False
2026-02-21 13:25:10,282 - root - INFO - upstream_2_盛新锂能                False              True              True
2026-02-21 13:25:10,282 - root - INFO - upstream_3_天齐锂业                 True              True              True
2026-02-21 13:25:10,282 - root - INFO - upstream_4_赣锋锂业                 True              True              True
2026-02-21 13:25:10,282 - root - INFO - upstream_5_川恒股份                 True             False             False
2026-02-21 13:25:10,283 - root - INFO - upstream_6_盐湖股份                 True             False             False
2026-02-21 13:25:10,283 - root - INFO - upstream_7_中远海控                False             False             False
2026-02-21 13:25:10,283 - root - INFO - upstream_8_湘潭电化                False             False             False
2026-02-21 13:25:10,284 - root - INFO - upstream_9_华友钴业                 True             False              True
2026-02-21 13:25:10,284 - root - INFO - upstream_10_西藏珠峰                True              True              True
2026-02-21 13:25:10,284 - root - INFO - upstream_11_宁波韵升                True              True              True
2026-02-21 13:25:10,284 - root - INFO - upstream_12_中国卫星               False             False              True
2026-02-21 13:25:10,285 - root - INFO - upstream_13_贵研铂业               False             False             False
2026-02-21 13:25:10,285 - root - INFO - upstream_14_北方稀土               False              True              True
2026-02-21 13:25:10,285 - root - INFO - upstream_15_盛和资源               False             False             False
2026-02-21 13:25:10,285 - root - INFO - upstream_16_南山铝业               False             False             False
2026-02-21 13:25:10,286 - root - INFO - upstream_17_江西铜业               False             False             False
2026-02-21 13:25:10,286 - root - INFO - upstream_18_中国铝业               False              True              True
2026-02-21 13:25:10,286 - root - INFO - upstream_19_雅化集团               False             False             False
2026-02-21 13:25:10,287 - root - INFO - upstream_20_瑞泰科技                True             False             False
2026-02-21 13:25:10,287 - root - INFO - upstream_21_方大炭素                True             False              True
2026-02-21 13:25:10,287 - root - INFO - upstream_22_鹏辉能源               False             False             False
2026-02-21 13:25:10,287 - root - INFO - upstream_23_德方纳米               False             False             False
2026-02-21 13:25:10,287 - root - INFO - upstream_24_天华新能                True              True              True
2026-02-21 13:25:10,288 - root - INFO - upstream_25_容百科技               False              True              True
2026-02-21 13:25:10,288 - root - INFO - upstream_26_璞泰来                 True              True              True
2026-02-21 13:25:10,288 - root - INFO - upstream_27_杉杉股份               False             False              True
2026-02-21 13:25:10,288 - root - INFO - upstream_28_诺德股份               False             False             False
2026-02-21 13:25:10,289 - root - INFO - upstream_29_天赐材料                True             False             False
2026-02-21 13:25:10,289 - root - INFO - upstream_30_多氟多                False             False              True
2026-02-21 13:25:10,289 - root - INFO - upstream_31_星源材质                True              True              True
2026-02-21 13:25:10,289 - root - INFO - upstream_32_先导智能               False              True              True
2026-02-21 13:25:10,289 - root - INFO - upstream_33_迈为股份                True              True              True
2026-02-21 13:25:10,290 - root - INFO - upstream_34_正业科技               False              True             False
2026-02-21 13:25:10,290 - root - INFO - upstream_35_罗博特科               False             False             False
2026-02-21 13:25:10,290 - root - INFO - upstream_36_永太科技                True             False             False
2026-02-21 13:25:10,290 - root - INFO - upstream_37_奥特维                False             False             False
2026-02-21 13:25:10,290 - root - INFO - upstream_38_芳源股份               False              True              True
2026-02-21 13:25:10,291 - root - INFO - upstream_39_派能科技               False             False             False
2026-02-21 13:25:10,291 - root - INFO - upstream_40_振江股份               False             False             False
2026-02-21 13:25:10,291 - root - INFO - upstream_41_欣锐科技               False             False             False
2026-02-21 13:25:10,291 - root - INFO - upstream_42_视源股份               False             False             False
2026-02-21 13:25:10,291 - root - INFO - upstream_43_德赛西威               False             False             False
2026-02-21 13:25:10,291 - root - INFO - downstream_1_比亚迪               False             False             False
2026-02-21 13:25:10,292 - root - INFO - downstream_2_长城汽车              False             False             False
2026-02-21 13:25:10,292 - root - INFO - downstream_3_长安汽车              False             False             False
2026-02-21 13:25:10,292 - root - INFO - downstream_4_上汽集团              False             False             False
2026-02-21 13:25:10,292 - root - INFO - LC                             False             False             False
2026-02-21 13:25:10,293 - root - INFO - 
2026-02-21 13:25:10,293 - root - INFO -                     upstream_30_多氟多  upstream_31_星源材质  upstream_32_先导智能  \
2026-02-21 13:25:10,293 - root - INFO - 宁德时代                          False             False              True
2026-02-21 13:25:10,293 - root - INFO - market_data_1_上证综指            False              True             False
2026-02-21 13:25:10,293 - root - INFO - market_data_2_深证成指            False              True             False
2026-02-21 13:25:10,293 - root - INFO - market_data_3_创业板指            False              True              True
2026-02-21 13:25:10,295 - root - INFO - upstream_1_湖南裕能               False              True              True
2026-02-21 13:25:10,295 - root - INFO - upstream_2_盛新锂能                True              True              True
2026-02-21 13:25:10,295 - root - INFO - upstream_3_天齐锂业                True              True              True
2026-02-21 13:25:10,295 - root - INFO - upstream_4_赣锋锂业                True              True              True
2026-02-21 13:25:10,295 - root - INFO - upstream_5_川恒股份                True             False             False
2026-02-21 13:25:10,296 - root - INFO - upstream_6_盐湖股份               False              True             False
2026-02-21 13:25:10,296 - root - INFO - upstream_7_中远海控               False             False             False
2026-02-21 13:25:10,296 - root - INFO - upstream_8_湘潭电化               False             False              True
2026-02-21 13:25:10,296 - root - INFO - upstream_9_华友钴业               False              True              True
2026-02-21 13:25:10,296 - root - INFO - upstream_10_西藏珠峰               True              True              True
2026-02-21 13:25:10,297 - root - INFO - upstream_11_宁波韵升              False             False              True
2026-02-21 13:25:10,297 - root - INFO - upstream_12_中国卫星               True              True              True
2026-02-21 13:25:10,297 - root - INFO - upstream_13_贵研铂业               True              True             False
2026-02-21 13:25:10,297 - root - INFO - upstream_14_北方稀土               True             False              True
2026-02-21 13:25:10,297 - root - INFO - upstream_15_盛和资源              False             False             False
2026-02-21 13:25:10,297 - root - INFO - upstream_16_南山铝业              False              True              True
2026-02-21 13:25:10,298 - root - INFO - upstream_17_江西铜业              False             False              True
2026-02-21 13:25:10,298 - root - INFO - upstream_18_中国铝业              False              True              True
2026-02-21 13:25:10,298 - root - INFO - upstream_19_雅化集团               True             False             False
2026-02-21 13:25:10,298 - root - INFO - upstream_20_瑞泰科技               True              True             False
2026-02-21 13:25:10,298 - root - INFO - upstream_21_方大炭素               True             False             False
2026-02-21 13:25:10,299 - root - INFO - upstream_22_鹏辉能源               True              True              True
2026-02-21 13:25:10,299 - root - INFO - upstream_23_德方纳米               True             False              True
2026-02-21 13:25:10,299 - root - INFO - upstream_24_天华新能               True              True              True
2026-02-21 13:25:10,299 - root - INFO - upstream_25_容百科技               True              True              True
2026-02-21 13:25:10,299 - root - INFO - upstream_26_璞泰来               False              True              True
2026-02-21 13:25:10,300 - root - INFO - upstream_27_杉杉股份              False              True              True
2026-02-21 13:25:10,300 - root - INFO - upstream_28_诺德股份              False              True             False
2026-02-21 13:25:10,300 - root - INFO - upstream_29_天赐材料               True              True              True
2026-02-21 13:25:10,301 - root - INFO - upstream_30_多氟多               False              True              True
2026-02-21 13:25:10,301 - root - INFO - upstream_31_星源材质               True             False              True
2026-02-21 13:25:10,301 - root - INFO - upstream_32_先导智能               True              True             False
2026-02-21 13:25:10,301 - root - INFO - upstream_33_迈为股份               True              True             False
2026-02-21 13:25:10,302 - root - INFO - upstream_34_正业科技              False             False             False
2026-02-21 13:25:10,302 - root - INFO - upstream_35_罗博特科              False             False              True
2026-02-21 13:25:10,302 - root - INFO - upstream_36_永太科技               True             False              True
2026-02-21 13:25:10,302 - root - INFO - upstream_37_奥特维               False             False             False
2026-02-21 13:25:10,303 - root - INFO - upstream_38_芳源股份               True             False              True
2026-02-21 13:25:10,303 - root - INFO - upstream_39_派能科技               True             False             False
2026-02-21 13:25:10,303 - root - INFO - upstream_40_振江股份              False             False             False
2026-02-21 13:25:10,303 - root - INFO - upstream_41_欣锐科技               True             False              True
2026-02-21 13:25:10,303 - root - INFO - upstream_42_视源股份              False             False             False
2026-02-21 13:25:10,304 - root - INFO - upstream_43_德赛西威              False             False             False
2026-02-21 13:25:10,304 - root - INFO - downstream_1_比亚迪              False             False             False
2026-02-21 13:25:10,304 - root - INFO - downstream_2_长城汽车             False             False             False
2026-02-21 13:25:10,304 - root - INFO - downstream_3_长安汽车             False             False             False
2026-02-21 13:25:10,304 - root - INFO - downstream_4_上汽集团             False             False             False
2026-02-21 13:25:10,304 - root - INFO - LC                             True              True              True
2026-02-21 13:25:10,305 - root - INFO - 
2026-02-21 13:25:10,305 - root - INFO -                     upstream_33_迈为股份  upstream_34_正业科技  upstream_35_罗博特科  \
2026-02-21 13:25:10,305 - root - INFO - 宁德时代                           False             False              True
2026-02-21 13:25:10,305 - root - INFO - market_data_1_上证综指             False             False             False
2026-02-21 13:25:10,305 - root - INFO - market_data_2_深证成指              True             False             False
2026-02-21 13:25:10,306 - root - INFO - market_data_3_创业板指              True             False             False
2026-02-21 13:25:10,306 - root - INFO - upstream_1_湖南裕能                False             False             False
2026-02-21 13:25:10,306 - root - INFO - upstream_2_盛新锂能                 True             False             False
2026-02-21 13:25:10,306 - root - INFO - upstream_3_天齐锂业                False             False             False
2026-02-21 13:25:10,306 - root - INFO - upstream_4_赣锋锂业                False              True             False
2026-02-21 13:25:10,306 - root - INFO - upstream_5_川恒股份                False             False             False
2026-02-21 13:25:10,306 - root - INFO - upstream_6_盐湖股份                False             False             False
2026-02-21 13:25:10,306 - root - INFO - upstream_7_中远海控                False             False             False
2026-02-21 13:25:10,306 - root - INFO - upstream_8_湘潭电化                False             False             False
2026-02-21 13:25:10,307 - root - INFO - upstream_9_华友钴业                 True             False             False
2026-02-21 13:25:10,307 - root - INFO - upstream_10_西藏珠峰               False              True             False
2026-02-21 13:25:10,307 - root - INFO - upstream_11_宁波韵升               False             False             False
2026-02-21 13:25:10,307 - root - INFO - upstream_12_中国卫星                True              True              True
2026-02-21 13:25:10,307 - root - INFO - upstream_13_贵研铂业               False             False             False
2026-02-21 13:25:10,307 - root - INFO - upstream_14_北方稀土               False              True             False
2026-02-21 13:25:10,308 - root - INFO - upstream_15_盛和资源               False             False             False
2026-02-21 13:25:10,308 - root - INFO - upstream_16_南山铝业               False             False             False
2026-02-21 13:25:10,308 - root - INFO - upstream_17_江西铜业                True             False             False
2026-02-21 13:25:10,308 - root - INFO - upstream_18_中国铝业               False             False             False
2026-02-21 13:25:10,308 - root - INFO - upstream_19_雅化集团               False             False             False
2026-02-21 13:25:10,308 - root - INFO - upstream_20_瑞泰科技               False             False             False
2026-02-21 13:25:10,309 - root - INFO - upstream_21_方大炭素               False             False             False
2026-02-21 13:25:10,309 - root - INFO - upstream_22_鹏辉能源               False             False             False
2026-02-21 13:25:10,309 - root - INFO - upstream_23_德方纳米               False             False             False
2026-02-21 13:25:10,309 - root - INFO - upstream_24_天华新能                True             False             False
2026-02-21 13:25:10,309 - root - INFO - upstream_25_容百科技                True             False              True
2026-02-21 13:25:10,309 - root - INFO - upstream_26_璞泰来                False              True              True
2026-02-21 13:25:10,309 - root - INFO - upstream_27_杉杉股份                True             False             False
2026-02-21 13:25:10,310 - root - INFO - upstream_28_诺德股份                True             False             False
2026-02-21 13:25:10,310 - root - INFO - upstream_29_天赐材料               False              True              True
2026-02-21 13:25:10,310 - root - INFO - upstream_30_多氟多                False             False             False
2026-02-21 13:25:10,311 - root - INFO - upstream_31_星源材质                True             False             False
2026-02-21 13:25:10,311 - root - INFO - upstream_32_先导智能                True              True              True
2026-02-21 13:25:10,318 - root - INFO - upstream_33_迈为股份               False             False             False
2026-02-21 13:25:10,319 - root - INFO - upstream_34_正业科技               False             False             False
2026-02-21 13:25:10,319 - root - INFO - upstream_35_罗博特科               False             False             False
2026-02-21 13:25:10,319 - root - INFO - upstream_36_永太科技               False             False             False
2026-02-21 13:25:10,319 - root - INFO - upstream_37_奥特维                 True             False             False
2026-02-21 13:25:10,320 - root - INFO - upstream_38_芳源股份               False              True             False
2026-02-21 13:25:10,320 - root - INFO - upstream_39_派能科技                True             False             False
2026-02-21 13:25:10,320 - root - INFO - upstream_40_振江股份               False             False             False
2026-02-21 13:25:10,320 - root - INFO - upstream_41_欣锐科技               False             False             False
2026-02-21 13:25:10,320 - root - INFO - upstream_42_视源股份               False             False             False
2026-02-21 13:25:10,320 - root - INFO - upstream_43_德赛西威               False             False             False
2026-02-21 13:25:10,321 - root - INFO - downstream_1_比亚迪               False             False             False
2026-02-21 13:25:10,321 - root - INFO - downstream_2_长城汽车              False             False             False
2026-02-21 13:25:10,321 - root - INFO - downstream_3_长安汽车              False             False             False
2026-02-21 13:25:10,321 - root - INFO - downstream_4_上汽集团              False             False             False
2026-02-21 13:25:10,321 - root - INFO - LC                             False             False             False
2026-02-21 13:25:10,321 - root - INFO - 
2026-02-21 13:25:10,321 - root - INFO -                     upstream_36_永太科技  upstream_37_奥特维  upstream_38_芳源股份  \
2026-02-21 13:25:10,322 - root - INFO - 宁德时代                           False            False             False
2026-02-21 13:25:10,322 - root - INFO - market_data_1_上证综指             False            False             False
2026-02-21 13:25:10,322 - root - INFO - market_data_2_深证成指             False            False             False
2026-02-21 13:25:10,322 - root - INFO - market_data_3_创业板指             False            False             False
2026-02-21 13:25:10,322 - root - INFO - upstream_1_湖南裕能                False            False              True
2026-02-21 13:25:10,322 - root - INFO - upstream_2_盛新锂能                 True            False              True
2026-02-21 13:25:10,323 - root - INFO - upstream_3_天齐锂业                 True            False              True
2026-02-21 13:25:10,323 - root - INFO - upstream_4_赣锋锂业                False            False              True
2026-02-21 13:25:10,323 - root - INFO - upstream_5_川恒股份                False            False             False
2026-02-21 13:25:10,323 - root - INFO - upstream_6_盐湖股份                False            False              True
2026-02-21 13:25:10,323 - root - INFO - upstream_7_中远海控                False            False             False
2026-02-21 13:25:10,324 - root - INFO - upstream_8_湘潭电化                False            False             False
2026-02-21 13:25:10,324 - root - INFO - upstream_9_华友钴业                False            False              True
2026-02-21 13:25:10,324 - root - INFO - upstream_10_西藏珠峰                True            False              True
2026-02-21 13:25:10,324 - root - INFO - upstream_11_宁波韵升               False            False              True
2026-02-21 13:25:10,324 - root - INFO - upstream_12_中国卫星                True            False             False
2026-02-21 13:25:10,324 - root - INFO - upstream_13_贵研铂业                True            False             False
2026-02-21 13:25:10,324 - root - INFO - upstream_14_北方稀土                True            False              True
2026-02-21 13:25:10,325 - root - INFO - upstream_15_盛和资源               False            False             False
2026-02-21 13:25:10,325 - root - INFO - upstream_16_南山铝业               False            False             False
2026-02-21 13:25:10,325 - root - INFO - upstream_17_江西铜业                True            False              True
2026-02-21 13:25:10,325 - root - INFO - upstream_18_中国铝业               False            False             False
2026-02-21 13:25:10,325 - root - INFO - upstream_19_雅化集团                True            False              True
2026-02-21 13:25:10,325 - root - INFO - upstream_20_瑞泰科技               False            False             False
2026-02-21 13:25:10,325 - root - INFO - upstream_21_方大炭素               False            False              True
2026-02-21 13:25:10,325 - root - INFO - upstream_22_鹏辉能源                True            False              True
2026-02-21 13:25:10,326 - root - INFO - upstream_23_德方纳米               False            False             False
2026-02-21 13:25:10,326 - root - INFO - upstream_24_天华新能                True            False              True
2026-02-21 13:25:10,326 - root - INFO - upstream_25_容百科技                True            False              True
2026-02-21 13:25:10,326 - root - INFO - upstream_26_璞泰来                False            False              True
2026-02-21 13:25:10,326 - root - INFO - upstream_27_杉杉股份               False            False             False
2026-02-21 13:25:10,326 - root - INFO - upstream_28_诺德股份               False            False             False
2026-02-21 13:25:10,326 - root - INFO - upstream_29_天赐材料                True            False              True
2026-02-21 13:25:10,327 - root - INFO - upstream_30_多氟多                 True            False              True
2026-02-21 13:25:10,327 - root - INFO - upstream_31_星源材质                True            False              True
2026-02-21 13:25:10,327 - root - INFO - upstream_32_先导智能               False            False             False
2026-02-21 13:25:10,327 - root - INFO - upstream_33_迈为股份                True             True             False
2026-02-21 13:25:10,327 - root - INFO - upstream_34_正业科技               False            False             False
2026-02-21 13:25:10,327 - root - INFO - upstream_35_罗博特科               False            False             False
2026-02-21 13:25:10,327 - root - INFO - upstream_36_永太科技               False            False              True
2026-02-21 13:25:10,327 - root - INFO - upstream_37_奥特维                False            False             False
2026-02-21 13:25:10,328 - root - INFO - upstream_38_芳源股份                True            False             False
2026-02-21 13:25:10,328 - root - INFO - upstream_39_派能科技                True            False             False
2026-02-21 13:25:10,328 - root - INFO - upstream_40_振江股份               False            False             False
2026-02-21 13:25:10,328 - root - INFO - upstream_41_欣锐科技                True            False              True
2026-02-21 13:25:10,328 - root - INFO - upstream_42_视源股份               False            False             False
2026-02-21 13:25:10,328 - root - INFO - upstream_43_德赛西威               False            False             False
2026-02-21 13:25:10,328 - root - INFO - downstream_1_比亚迪               False            False             False
2026-02-21 13:25:10,329 - root - INFO - downstream_2_长城汽车              False            False             False
2026-02-21 13:25:10,329 - root - INFO - downstream_3_长安汽车              False            False             False
2026-02-21 13:25:10,329 - root - INFO - downstream_4_上汽集团              False            False             False
2026-02-21 13:25:10,329 - root - INFO - LC                             False            False             False
2026-02-21 13:25:10,329 - root - INFO - 
2026-02-21 13:25:10,329 - root - INFO -                     upstream_39_派能科技  upstream_40_振江股份  upstream_41_欣锐科技  \
2026-02-21 13:25:10,329 - root - INFO - 宁德时代                           False             False             False
2026-02-21 13:25:10,330 - root - INFO - market_data_1_上证综指             False             False             False
2026-02-21 13:25:10,330 - root - INFO - market_data_2_深证成指             False             False             False
2026-02-21 13:25:10,330 - root - INFO - market_data_3_创业板指             False             False             False
2026-02-21 13:25:10,330 - root - INFO - upstream_1_湖南裕能                False             False              True
2026-02-21 13:25:10,330 - root - INFO - upstream_2_盛新锂能                False             False              True
2026-02-21 13:25:10,330 - root - INFO - upstream_3_天齐锂业                 True             False             False
2026-02-21 13:25:10,330 - root - INFO - upstream_4_赣锋锂业                False             False             False
2026-02-21 13:25:10,331 - root - INFO - upstream_5_川恒股份                False             False             False
2026-02-21 13:25:10,331 - root - INFO - upstream_6_盐湖股份                False             False             False
2026-02-21 13:25:10,331 - root - INFO - upstream_7_中远海控                False             False             False
2026-02-21 13:25:10,331 - root - INFO - upstream_8_湘潭电化                False             False              True
2026-02-21 13:25:10,331 - root - INFO - upstream_9_华友钴业                 True             False             False
2026-02-21 13:25:10,331 - root - INFO - upstream_10_西藏珠峰               False             False             False
2026-02-21 13:25:10,331 - root - INFO - upstream_11_宁波韵升                True             False             False
2026-02-21 13:25:10,332 - root - INFO - upstream_12_中国卫星               False             False              True
2026-02-21 13:25:10,332 - root - INFO - upstream_13_贵研铂业                True             False             False
2026-02-21 13:25:10,332 - root - INFO - upstream_14_北方稀土                True             False             False
2026-02-21 13:25:10,332 - root - INFO - upstream_15_盛和资源               False             False             False
2026-02-21 13:25:10,333 - root - INFO - upstream_16_南山铝业               False             False              True
2026-02-21 13:25:10,333 - root - INFO - upstream_17_江西铜业                True             False             False
2026-02-21 13:25:10,333 - root - INFO - upstream_18_中国铝业               False             False             False
2026-02-21 13:25:10,333 - root - INFO - upstream_19_雅化集团               False             False              True
2026-02-21 13:25:10,334 - root - INFO - upstream_20_瑞泰科技               False             False             False
2026-02-21 13:25:10,334 - root - INFO - upstream_21_方大炭素               False             False             False
2026-02-21 13:25:10,334 - root - INFO - upstream_22_鹏辉能源               False             False             False
2026-02-21 13:25:10,334 - root - INFO - upstream_23_德方纳米               False             False             False
2026-02-21 13:25:10,335 - root - INFO - upstream_24_天华新能               False             False              True
2026-02-21 13:25:10,335 - root - INFO - upstream_25_容百科技               False             False              True
2026-02-21 13:25:10,335 - root - INFO - upstream_26_璞泰来                False             False             False
2026-02-21 13:25:10,335 - root - INFO - upstream_27_杉杉股份               False             False              True
2026-02-21 13:25:10,335 - root - INFO - upstream_28_诺德股份               False             False             False
2026-02-21 13:25:10,336 - root - INFO - upstream_29_天赐材料                True             False             False
2026-02-21 13:25:10,336 - root - INFO - upstream_30_多氟多                False             False              True
2026-02-21 13:25:10,336 - root - INFO - upstream_31_星源材质               False             False             False
2026-02-21 13:25:10,336 - root - INFO - upstream_32_先导智能               False             False             False
2026-02-21 13:25:10,336 - root - INFO - upstream_33_迈为股份               False             False             False
2026-02-21 13:25:10,336 - root - INFO - upstream_34_正业科技                True             False             False
2026-02-21 13:25:10,336 - root - INFO - upstream_35_罗博特科               False             False             False
2026-02-21 13:25:10,336 - root - INFO - upstream_36_永太科技               False             False              True
2026-02-21 13:25:10,338 - root - INFO - upstream_37_奥特维                False             False             False
2026-02-21 13:25:10,338 - root - INFO - upstream_38_芳源股份               False             False             False
2026-02-21 13:25:10,338 - root - INFO - upstream_39_派能科技               False             False             False
2026-02-21 13:25:10,338 - root - INFO - upstream_40_振江股份               False             False             False
2026-02-21 13:25:10,338 - root - INFO - upstream_41_欣锐科技               False             False             False
2026-02-21 13:25:10,338 - root - INFO - upstream_42_视源股份               False             False             False
2026-02-21 13:25:10,339 - root - INFO - upstream_43_德赛西威               False             False             False
2026-02-21 13:25:10,339 - root - INFO - downstream_1_比亚迪               False             False             False
2026-02-21 13:25:10,339 - root - INFO - downstream_2_长城汽车              False             False             False
2026-02-21 13:25:10,339 - root - INFO - downstream_3_长安汽车              False             False             False
2026-02-21 13:25:10,339 - root - INFO - downstream_4_上汽集团              False             False             False
2026-02-21 13:25:10,339 - root - INFO - LC                             False             False             False
2026-02-21 13:25:10,339 - root - INFO - 
2026-02-21 13:25:10,340 - root - INFO -                     upstream_42_视源股份  upstream_43_德赛西威  downstream_1_比亚迪  \
2026-02-21 13:25:10,340 - root - INFO - 宁德时代                           False             False             False
2026-02-21 13:25:10,340 - root - INFO - market_data_1_上证综指             False             False             False
2026-02-21 13:25:10,340 - root - INFO - market_data_2_深证成指             False             False             False
2026-02-21 13:25:10,340 - root - INFO - market_data_3_创业板指             False             False             False
2026-02-21 13:25:10,340 - root - INFO - upstream_1_湖南裕能                False             False             False
2026-02-21 13:25:10,341 - root - INFO - upstream_2_盛新锂能                False             False             False
2026-02-21 13:25:10,341 - root - INFO - upstream_3_天齐锂业                False              True             False
2026-02-21 13:25:10,341 - root - INFO - upstream_4_赣锋锂业                False              True             False
2026-02-21 13:25:10,341 - root - INFO - upstream_5_川恒股份                False             False             False
2026-02-21 13:25:10,341 - root - INFO - upstream_6_盐湖股份                False             False             False
2026-02-21 13:25:10,341 - root - INFO - upstream_7_中远海控                False             False             False
2026-02-21 13:25:10,341 - root - INFO - upstream_8_湘潭电化                False             False             False
2026-02-21 13:25:10,341 - root - INFO - upstream_9_华友钴业                False             False             False
2026-02-21 13:25:10,341 - root - INFO - upstream_10_西藏珠峰               False             False             False
2026-02-21 13:25:10,342 - root - INFO - upstream_11_宁波韵升               False             False             False
2026-02-21 13:25:10,342 - root - INFO - upstream_12_中国卫星               False             False             False
2026-02-21 13:25:10,342 - root - INFO - upstream_13_贵研铂业               False             False             False
2026-02-21 13:25:10,343 - root - INFO - upstream_14_北方稀土               False             False             False
2026-02-21 13:25:10,343 - root - INFO - upstream_15_盛和资源               False             False             False
2026-02-21 13:25:10,343 - root - INFO - upstream_16_南山铝业               False             False             False
2026-02-21 13:25:10,343 - root - INFO - upstream_17_江西铜业               False             False             False
2026-02-21 13:25:10,343 - root - INFO - upstream_18_中国铝业               False             False             False
2026-02-21 13:25:10,343 - root - INFO - upstream_19_雅化集团               False             False             False
2026-02-21 13:25:10,343 - root - INFO - upstream_20_瑞泰科技               False             False             False
2026-02-21 13:25:10,343 - root - INFO - upstream_21_方大炭素               False             False             False
2026-02-21 13:25:10,343 - root - INFO - upstream_22_鹏辉能源               False              True             False
2026-02-21 13:25:10,343 - root - INFO - upstream_23_德方纳米               False              True             False
2026-02-21 13:25:10,344 - root - INFO - upstream_24_天华新能               False             False             False
2026-02-21 13:25:10,344 - root - INFO - upstream_25_容百科技               False             False              True
2026-02-21 13:25:10,344 - root - INFO - upstream_26_璞泰来                False              True             False
2026-02-21 13:25:10,344 - root - INFO - upstream_27_杉杉股份               False             False              True
2026-02-21 13:25:10,344 - root - INFO - upstream_28_诺德股份               False             False              True
2026-02-21 13:25:10,344 - root - INFO - upstream_29_天赐材料               False             False             False
2026-02-21 13:25:10,345 - root - INFO - upstream_30_多氟多                False             False             False
2026-02-21 13:25:10,345 - root - INFO - upstream_31_星源材质               False             False             False
2026-02-21 13:25:10,345 - root - INFO - upstream_32_先导智能               False             False             False
2026-02-21 13:25:10,345 - root - INFO - upstream_33_迈为股份               False             False             False
2026-02-21 13:25:10,345 - root - INFO - upstream_34_正业科技               False             False             False
2026-02-21 13:25:10,345 - root - INFO - upstream_35_罗博特科               False             False             False
2026-02-21 13:25:10,345 - root - INFO - upstream_36_永太科技               False             False             False
2026-02-21 13:25:10,346 - root - INFO - upstream_37_奥特维                False             False             False
2026-02-21 13:25:10,346 - root - INFO - upstream_38_芳源股份               False             False             False
2026-02-21 13:25:10,346 - root - INFO - upstream_39_派能科技               False             False              True
2026-02-21 13:25:10,346 - root - INFO - upstream_40_振江股份               False             False              True
2026-02-21 13:25:10,346 - root - INFO - upstream_41_欣锐科技               False             False             False
2026-02-21 13:25:10,347 - root - INFO - upstream_42_视源股份               False             False             False
2026-02-21 13:25:10,347 - root - INFO - upstream_43_德赛西威               False             False             False
2026-02-21 13:25:10,347 - root - INFO - downstream_1_比亚迪               False             False             False
2026-02-21 13:25:10,347 - root - INFO - downstream_2_长城汽车              False             False             False
2026-02-21 13:25:10,347 - root - INFO - downstream_3_长安汽车              False             False              True
2026-02-21 13:25:10,347 - root - INFO - downstream_4_上汽集团               True             False             False
2026-02-21 13:25:10,348 - root - INFO - LC                             False             False             False
2026-02-21 13:25:10,348 - root - INFO - 
2026-02-21 13:25:10,348 - root - INFO -                     downstream_2_长城汽车  downstream_3_长安汽车  downstream_4_上汽集团  \
2026-02-21 13:25:10,348 - root - INFO - 宁德时代                            False              False              False
2026-02-21 13:25:10,348 - root - INFO - market_data_1_上证综指              False              False              False
2026-02-21 13:25:10,349 - root - INFO - market_data_2_深证成指              False              False              False
2026-02-21 13:25:10,349 - root - INFO - market_data_3_创业板指              False              False              False
2026-02-21 13:25:10,349 - root - INFO - upstream_1_湖南裕能                 False              False              False
2026-02-21 13:25:10,350 - root - INFO - upstream_2_盛新锂能                 False              False              False
2026-02-21 13:25:10,350 - root - INFO - upstream_3_天齐锂业                 False              False              False
2026-02-21 13:25:10,350 - root - INFO - upstream_4_赣锋锂业                 False              False              False
2026-02-21 13:25:10,350 - root - INFO - upstream_5_川恒股份                 False              False              False
2026-02-21 13:25:10,350 - root - INFO - upstream_6_盐湖股份                 False              False              False
2026-02-21 13:25:10,351 - root - INFO - upstream_7_中远海控                 False              False              False
2026-02-21 13:25:10,351 - root - INFO - upstream_8_湘潭电化                 False              False              False
2026-02-21 13:25:10,351 - root - INFO - upstream_9_华友钴业                 False              False              False
2026-02-21 13:25:10,351 - root - INFO - upstream_10_西藏珠峰                False              False              False
2026-02-21 13:25:10,351 - root - INFO - upstream_11_宁波韵升                False              False              False
2026-02-21 13:25:10,351 - root - INFO - upstream_12_中国卫星                False              False               True
2026-02-21 13:25:10,352 - root - INFO - upstream_13_贵研铂业                False              False              False
2026-02-21 13:25:10,352 - root - INFO - upstream_14_北方稀土                False              False              False
2026-02-21 13:25:10,352 - root - INFO - upstream_15_盛和资源                False              False              False
2026-02-21 13:25:10,352 - root - INFO - upstream_16_南山铝业                False              False              False
2026-02-21 13:25:10,352 - root - INFO - upstream_17_江西铜业                False              False              False
2026-02-21 13:25:10,352 - root - INFO - upstream_18_中国铝业                False              False              False
2026-02-21 13:25:10,353 - root - INFO - upstream_19_雅化集团                False              False              False
2026-02-21 13:25:10,353 - root - INFO - upstream_20_瑞泰科技                 True              False              False
2026-02-21 13:25:10,353 - root - INFO - upstream_21_方大炭素                False              False              False
2026-02-21 13:25:10,353 - root - INFO - upstream_22_鹏辉能源                False              False              False
2026-02-21 13:25:10,353 - root - INFO - upstream_23_德方纳米                False              False              False
2026-02-21 13:25:10,353 - root - INFO - upstream_24_天华新能                False              False              False
2026-02-21 13:25:10,353 - root - INFO - upstream_25_容百科技                False              False              False
2026-02-21 13:25:10,354 - root - INFO - upstream_26_璞泰来                 False              False              False
2026-02-21 13:25:10,354 - root - INFO - upstream_27_杉杉股份                False              False              False
2026-02-21 13:25:10,354 - root - INFO - upstream_28_诺德股份                False              False              False
2026-02-21 13:25:10,354 - root - INFO - upstream_29_天赐材料                False              False              False
2026-02-21 13:25:10,354 - root - INFO - upstream_30_多氟多                 False              False              False
2026-02-21 13:25:10,354 - root - INFO - upstream_31_星源材质                False              False              False
2026-02-21 13:25:10,354 - root - INFO - upstream_32_先导智能                False              False              False
2026-02-21 13:25:10,354 - root - INFO - upstream_33_迈为股份                False              False              False
2026-02-21 13:25:10,355 - root - INFO - upstream_34_正业科技                False              False              False
2026-02-21 13:25:10,355 - root - INFO - upstream_35_罗博特科                False              False              False
2026-02-21 13:25:10,355 - root - INFO - upstream_36_永太科技                False              False              False
2026-02-21 13:25:10,355 - root - INFO - upstream_37_奥特维                  True              False              False
2026-02-21 13:25:10,355 - root - INFO - upstream_38_芳源股份                False              False              False
2026-02-21 13:25:10,355 - root - INFO - upstream_39_派能科技                False              False              False
2026-02-21 13:25:10,356 - root - INFO - upstream_40_振江股份                False              False              False
2026-02-21 13:25:10,356 - root - INFO - upstream_41_欣锐科技                False              False              False
2026-02-21 13:25:10,356 - root - INFO - upstream_42_视源股份                False              False              False
2026-02-21 13:25:10,356 - root - INFO - upstream_43_德赛西威                False              False              False
2026-02-21 13:25:10,356 - root - INFO - downstream_1_比亚迪                False              False              False
2026-02-21 13:25:10,356 - root - INFO - downstream_2_长城汽车               False              False              False
2026-02-21 13:25:10,357 - root - INFO - downstream_3_长安汽车               False              False              False
2026-02-21 13:25:10,357 - root - INFO - downstream_4_上汽集团               False              False              False
2026-02-21 13:25:10,357 - root - INFO - LC                              False              False              False
2026-02-21 13:25:10,357 - root - INFO - 
2026-02-21 13:25:10,357 - root - INFO -                        LC
2026-02-21 13:25:10,357 - root - INFO - 宁德时代                False
2026-02-21 13:25:10,357 - root - INFO - market_data_1_上证综指  False
2026-02-21 13:25:10,357 - root - INFO - market_data_2_深证成指  False
2026-02-21 13:25:10,357 - root - INFO - market_data_3_创业板指  False
2026-02-21 13:25:10,357 - root - INFO - upstream_1_湖南裕能     False
2026-02-21 13:25:10,357 - root - INFO - upstream_2_盛新锂能     False
2026-02-21 13:25:10,358 - root - INFO - upstream_3_天齐锂业      True
2026-02-21 13:25:10,358 - root - INFO - upstream_4_赣锋锂业     False
2026-02-21 13:25:10,358 - root - INFO - upstream_5_川恒股份     False
2026-02-21 13:25:10,358 - root - INFO - upstream_6_盐湖股份      True
2026-02-21 13:25:10,358 - root - INFO - upstream_7_中远海控     False
2026-02-21 13:25:10,359 - root - INFO - upstream_8_湘潭电化     False
2026-02-21 13:25:10,359 - root - INFO - upstream_9_华友钴业     False
2026-02-21 13:25:10,359 - root - INFO - upstream_10_西藏珠峰    False
2026-02-21 13:25:10,359 - root - INFO - upstream_11_宁波韵升    False
2026-02-21 13:25:10,359 - root - INFO - upstream_12_中国卫星     True
2026-02-21 13:25:10,359 - root - INFO - upstream_13_贵研铂业    False
2026-02-21 13:25:10,360 - root - INFO - upstream_14_北方稀土    False
2026-02-21 13:25:10,360 - root - INFO - upstream_15_盛和资源    False
2026-02-21 13:25:10,360 - root - INFO - upstream_16_南山铝业    False
2026-02-21 13:25:10,360 - root - INFO - upstream_17_江西铜业    False
2026-02-21 13:25:10,360 - root - INFO - upstream_18_中国铝业    False
2026-02-21 13:25:10,360 - root - INFO - upstream_19_雅化集团    False
2026-02-21 13:25:10,361 - root - INFO - upstream_20_瑞泰科技     True
2026-02-21 13:25:10,361 - root - INFO - upstream_21_方大炭素    False
2026-02-21 13:25:10,361 - root - INFO - upstream_22_鹏辉能源     True
2026-02-21 13:25:10,361 - root - INFO - upstream_23_德方纳米    False
2026-02-21 13:25:10,361 - root - INFO - upstream_24_天华新能    False
2026-02-21 13:25:10,361 - root - INFO - upstream_25_容百科技    False
2026-02-21 13:25:10,362 - root - INFO - upstream_26_璞泰来     False
2026-02-21 13:25:10,362 - root - INFO - upstream_27_杉杉股份    False
2026-02-21 13:25:10,362 - root - INFO - upstream_28_诺德股份    False
2026-02-21 13:25:10,362 - root - INFO - upstream_29_天赐材料    False
2026-02-21 13:25:10,362 - root - INFO - upstream_30_多氟多      True
2026-02-21 13:25:10,362 - root - INFO - upstream_31_星源材质     True
2026-02-21 13:25:10,362 - root - INFO - upstream_32_先导智能    False
2026-02-21 13:25:10,362 - root - INFO - upstream_33_迈为股份     True
2026-02-21 13:25:10,363 - root - INFO - upstream_34_正业科技    False
2026-02-21 13:25:10,363 - root - INFO - upstream_35_罗博特科    False
2026-02-21 13:25:10,363 - root - INFO - upstream_36_永太科技     True
2026-02-21 13:25:10,363 - root - INFO - upstream_37_奥特维      True
2026-02-21 13:25:10,363 - root - INFO - upstream_38_芳源股份    False
2026-02-21 13:25:10,364 - root - INFO - upstream_39_派能科技    False
2026-02-21 13:25:10,364 - root - INFO - upstream_40_振江股份    False
2026-02-21 13:25:10,364 - root - INFO - upstream_41_欣锐科技    False
2026-02-21 13:25:10,364 - root - INFO - upstream_42_视源股份    False
2026-02-21 13:25:10,364 - root - INFO - upstream_43_德赛西威    False
2026-02-21 13:25:10,364 - root - INFO - downstream_1_比亚迪    False
2026-02-21 13:25:10,364 - root - INFO - downstream_2_长城汽车   False
2026-02-21 13:25:10,365 - root - INFO - downstream_3_长安汽车   False
2026-02-21 13:25:10,365 - root - INFO - downstream_4_上汽集团   False
2026-02-21 13:25:10,365 - root - INFO - LC                  False
2026-02-21 13:25:10,365 - root - INFO - 影响目标变量的因果变量为：
2026-02-21 13:25:10,366 - root - INFO - ['LC', 'downstream_3_长安汽车', 'downstream_4_上汽集团', 'market_data_1_上证综指', 'market_data_2_深证成指', 'market_data_3_创业板指', 'upstream_10_西藏珠峰', 'upstream_11_宁波韵升', 'upstream_12_中国卫星', 'upstream_13_贵研铂业', 'upstream_14_北方稀土', 'upstream_16_南山铝业', 'upstream_17_江西铜业', 'upstream_18_中国铝业', 'upstream_19_雅化集团', 'upstream_1_湖南裕能', 'upstream_20_瑞泰科技', 'upstream_21_方大炭素', 'upstream_22_鹏辉能源', 'upstream_23_德方纳米', 'upstream_24_天华新能', 'upstream_25_容百科技', 'upstream_26_璞泰来', 'upstream_27_杉杉股份', 'upstream_28_诺德股份', 'upstream_29_天赐材料', 'upstream_2_盛新锂能', 'upstream_30_多氟多', 'upstream_31_星源材质', 'upstream_32_先导智能', 'upstream_33_迈为股份', 'upstream_34_正业科技', 'upstream_35_罗博特科', 'upstream_36_永太科技', 'upstream_37_奥特维', 'upstream_38_芳源股份', 'upstream_39_派能科技', 'upstream_3_天齐锂业', 'upstream_41_欣锐科技', 'upstream_42_视源股份', 'upstream_43_德赛西威', 'upstream_4_赣锋锂业', 'upstream_5_川恒股份', 'upstream_6_盐湖股份', 'upstream_8_湘潭电化', 'upstream_9_华友钴业', '宁德时代']
2026-02-21 13:25:10,407 - matplotlib.pyplot - DEBUG - Loaded backend qtagg version 5.15.10.
2026-02-21 13:25:10,456 - matplotlib.font_manager - DEBUG - findfont: Matching sans\-serif:style=normal:variant=normal:weight=normal:stretch=normal:size=10.0.
2026-02-21 13:25:10,456 - matplotlib.font_manager - DEBUG - findfont: score(FontEntry(fname='D:\\anaconda\\Lib\\site-packages\\matplotlib\\mpl-data\\fonts\\ttf\\STIXSizOneSymReg.ttf', name='STIXSizeOneSym', style='normal', variant='normal', weight=400, stretch='normal', size='scalable')) = 10.05
2026-02-21 13:25:10,457 - matplotlib.font_manager - DEBUG - findfont: score(FontEntry(fname='D:\\anaconda\\Lib\\site-packages\\matplotlib\\mpl-data\\fonts\\ttf\\STIXSizTwoSymReg.ttf', name='STIXSizeTwoSym', style='normal', variant='normal', weight=400, stretch='normal', size='scalable')) = 10.05
2026-02-21 13:25:10,457 - matplotlib.font_manager - DEBUG - findfont: score(FontEntry(fname='D:\\anaconda\\Lib\\site-packages\\matplotlib\\mpl-data\\fonts\\ttf\\DejaVuSerifDisplay.ttf', name='DejaVu Serif Display', style='normal', variant='normal', weight=400, stretch='normal', size='scalable')) = 10.05
2026-02-21 13:25:10,457 - matplotlib.font_manager - DEBUG - findfont: score(FontEntry(fname='D:\\anaconda\\Lib\\site-packages\\matplotlib\\mpl-data\\fonts\\ttf\\cmr10.ttf', name='cmr10', style='normal', variant='normal', weight=400, stretch='normal', size='scalable')) = 10.05
2026-02-21 13:25:10,457 - matplotlib.font_manager - DEBUG - findfont: score(FontEntry(fname='D:\\anaconda\\Lib\\site-packages\\matplotlib\\mpl-data\\fonts\\ttf\\DejaVuSerif-Italic.ttf', name='DejaVu Serif', style='italic', variant='normal', weight=400, stretch='normal', size='scalable')) = 11.05
2026-02-21 13:25:10,457 - matplotlib.font_manager - DEBUG - findfont: score(FontEntry(fname='D:\\anaconda\\Lib\\site-packages\\matplotlib\\mpl-data\\fonts\\ttf\\cmsy10.ttf', name='cmsy10', style='normal', variant='normal', weight=400, stretch='normal', size='scalable')) = 10.05
2026-02-21 13:25:10,457 - matplotlib.font_manager - DEBUG - findfont: score(FontEntry(fname='D:\\anaconda\\Lib\\site-packages\\matplotlib\\mpl-data\\fonts\\ttf\\DejaVuSansMono-Oblique.ttf', name='DejaVu Sans Mono', style='oblique', variant='normal', weight=400, stretch='normal', size='scalable')) = 11.05
2026-02-21 13:25:10,457 - matplotlib.font_manager - DEBUG - findfont: score(FontEntry(fname='D:\\anaconda\\Lib\\site-packages\\matplotlib\\mpl-data\\fonts\\ttf\\STIXGeneralBolIta.ttf', name='STIXGeneral', style='italic', variant='normal', weight=700, stretch='normal', size='scalable')) = 11.335
2026-02-21 13:25:10,457 - matplotlib.font_manager - DEBUG - findfont: score(FontEntry(fname='D:\\anaconda\\Lib\\site-packages\\matplotlib\\mpl-data\\fonts\\ttf\\STIXNonUni.ttf', name='STIXNonUnicode', style='normal', variant='normal', weight=400, stretch='normal', size='scalable')) = 10.05
2026-02-21 13:25:10,457 - matplotlib.font_manager - DEBUG - findfont: score(FontEntry(fname='D:\\anaconda\\Lib\\site-packages\\matplotlib\\mpl-data\\fonts\\ttf\\STIXGeneralItalic.ttf', name='STIXGeneral', style='italic', variant='normal', weight=400, stretch='normal', size='scalable')) = 11.05
2026-02-21 13:25:10,457 - matplotlib.font_manager - DEBUG - findfont: score(FontEntry(fname='D:\\anaconda\\Lib\\site-packages\\matplotlib\\mpl-data\\fonts\\ttf\\DejaVuSerif-BoldItalic.ttf', name='DejaVu Serif', style='italic', variant='normal', weight=700, stretch='normal', size='scalable')) = 11.335
2026-02-21 13:25:10,457 - matplotlib.font_manager - DEBUG - findfont: score(FontEntry(fname='D:\\anaconda\\Lib\\site-packages\\matplotlib\\mpl-data\\fonts\\ttf\\DejaVuSansMono-Bold.ttf', name='DejaVu Sans Mono', style='normal', variant='normal', weight=700, stretch='normal', size='scalable')) = 10.335
2026-02-21 13:25:10,457 - matplotlib.font_manager - DEBUG - findfont: score(FontEntry(fname='D:\\anaconda\\Lib\\site-packages\\matplotlib\\mpl-data\\fonts\\ttf\\STIXNonUniBolIta.ttf', name='STIXNonUnicode', style='italic', variant='normal', weight=700, stretch='normal', size='scalable')) = 11.335
2026-02-21 13:25:10,457 - matplotlib.font_manager - DEBUG - findfont: score(FontEntry(fname='D:\\anaconda\\Lib\\site-packages\\matplotlib\\mpl-data\\fonts\\ttf\\DejaVuSans-BoldOblique.ttf', name='DejaVu Sans', style='oblique', variant='normal', weight=700, stretch='normal', size='scalable')) = 8.001666666666665
2026-02-21 13:25:10,457 - matplotlib.font_manager - DEBUG - findfont: score(FontEntry(fname='D:\\anaconda\\Lib\\site-packages\\matplotlib\\mpl-data\\fonts\\ttf\\STIXSizOneSymBol.ttf', name='STIXSizeOneSym', style='normal', variant='normal', weight=700, stretch='normal', size='scalable')) = 10.335
2026-02-21 13:25:10,457 - matplotlib.font_manager - DEBUG - findfont: score(FontEntry(fname='D:\\anaconda\\Lib\\site-packages\\matplotlib\\mpl-data\\fonts\\ttf\\DejaVuSerif.ttf', name='DejaVu Serif', style='normal', variant='normal', weight=400, stretch='normal', size='scalable')) = 10.05
2026-02-21 13:25:10,457 - matplotlib.font_manager - DEBUG - findfont: score(FontEntry(fname='D:\\anaconda\\Lib\\site-packages\\matplotlib\\mpl-data\\fonts\\ttf\\STIXSizFourSymReg.ttf', name='STIXSizeFourSym', style='normal', variant='normal', weight=400, stretch='normal', size='scalable')) = 10.05
2026-02-21 13:25:10,457 - matplotlib.font_manager - DEBUG - findfont: score(FontEntry(fname='D:\\anaconda\\Lib\\site-packages\\matplotlib\\mpl-data\\fonts\\ttf\\STIXSizThreeSymBol.ttf', name='STIXSizeThreeSym', style='normal', variant='normal', weight=700, stretch='normal', size='scalable')) = 10.335
2026-02-21 13:25:10,457 - matplotlib.font_manager - DEBUG - findfont: score(FontEntry(fname='D:\\anaconda\\Lib\\site-packages\\matplotlib\\mpl-data\\fonts\\ttf\\DejaVuSansMono.ttf', name='DejaVu Sans Mono', style='normal', variant='normal', weight=400, stretch='normal', size='scalable')) = 10.05
2026-02-21 13:25:10,457 - matplotlib.font_manager - DEBUG - findfont: score(FontEntry(fname='D:\\anaconda\\Lib\\site-packages\\matplotlib\\mpl-data\\fonts\\ttf\\cmss10.ttf', name='cmss10', style='normal', variant='normal', weight=400, stretch='normal', size='scalable')) = 10.05
2026-02-21 13:25:10,457 - matplotlib.font_manager - DEBUG - findfont: score(FontEntry(fname='D:\\anaconda\\Lib\\site-packages\\matplotlib\\mpl-data\\fonts\\ttf\\cmmi10.ttf', name='cmmi10', style='normal', variant='normal', weight=400, stretch='normal', size='scalable')) = 10.05
2026-02-21 13:25:10,457 - matplotlib.font_manager - DEBUG - findfont: score(FontEntry(fname='D:\\anaconda\\Lib\\site-packages\\matplotlib\\mpl-data\\fonts\\ttf\\STIXSizThreeSymReg.ttf', name='STIXSizeThreeSym', style='normal', variant='normal', weight=400, stretch='normal', size='scalable')) = 10.05
2026-02-21 13:25:10,457 - matplotlib.font_manager - DEBUG - findfont: score(FontEntry(fname='D:\\anaconda\\Lib\\site-packages\\matplotlib\\mpl-data\\fonts\\ttf\\STIXGeneral.ttf', name='STIXGeneral', style='normal', variant='normal', weight=400, stretch='normal', size='scalable')) = 10.05
2026-02-21 13:25:10,457 - matplotlib.font_manager - DEBUG - findfont: score(FontEntry(fname='D:\\anaconda\\Lib\\site-packages\\matplotlib\\mpl-data\\fonts\\ttf\\DejaVuSans-Oblique.ttf', name='DejaVu Sans', style='oblique', variant='normal', weight=400, stretch='normal', size='scalable')) = 7.716666666666666
2026-02-21 13:25:10,457 - matplotlib.font_manager - DEBUG - findfont: score(FontEntry(fname='D:\\anaconda\\Lib\\site-packages\\matplotlib\\mpl-data\\fonts\\ttf\\STIXGeneralBol.ttf', name='STIXGeneral', style='normal', variant='normal', weight=700, stretch='normal', size='scalable')) = 10.335
2026-02-21 13:25:10,458 - matplotlib.font_manager - DEBUG - findfont: score(FontEntry(fname='D:\\anaconda\\Lib\\site-packages\\matplotlib\\mpl-data\\fonts\\ttf\\DejaVuSans-Bold.ttf', name='DejaVu Sans', style='normal', variant='normal', weight=700, stretch='normal', size='scalable')) = 7.001666666666666
2026-02-21 13:25:10,458 - matplotlib.font_manager - DEBUG - findfont: score(FontEntry(fname='D:\\anaconda\\Lib\\site-packages\\matplotlib\\mpl-data\\fonts\\ttf\\cmtt10.ttf', name='cmtt10', style='normal', variant='normal', weight=400, stretch='normal', size='scalable')) = 10.05
2026-02-21 13:25:10,458 - matplotlib.font_manager - DEBUG - findfont: score(FontEntry(fname='D:\\anaconda\\Lib\\site-packages\\matplotlib\\mpl-data\\fonts\\ttf\\cmb10.ttf', name='cmb10', style='normal', variant='normal', weight=400, stretch='normal', size='scalable')) = 10.05
2026-02-21 13:25:10,458 - matplotlib.font_manager - DEBUG - findfont: score(FontEntry(fname='D:\\anaconda\\Lib\\site-packages\\matplotlib\\mpl-data\\fonts\\ttf\\STIXSizTwoSymBol.ttf', name='STIXSizeTwoSym', style='normal', variant='normal', weight=700, stretch='normal', size='scalable')) = 10.335
2026-02-21 13:25:10,458 - matplotlib.font_manager - DEBUG - findfont: score(FontEntry(fname='D:\\anaconda\\Lib\\site-packages\\matplotlib\\mpl-data\\fonts\\ttf\\STIXNonUniIta.ttf', name='STIXNonUnicode', style='italic', variant='normal', weight=400, stretch='normal', size='scalable')) = 11.05
2026-02-21 13:25:10,458 - matplotlib.font_manager - DEBUG - findfont: score(FontEntry(fname='D:\\anaconda\\Lib\\site-packages\\matplotlib\\mpl-data\\fonts\\ttf\\STIXSizFourSymBol.ttf', name='STIXSizeFourSym', style='normal', variant='normal', weight=700, stretch='normal', size='scalable')) = 10.335
2026-02-21 13:25:10,458 - matplotlib.font_manager - DEBUG - findfont: score(FontEntry(fname='D:\\anaconda\\Lib\\site-packages\\matplotlib\\mpl-data\\fonts\\ttf\\DejaVuSansMono-BoldOblique.ttf', name='DejaVu Sans Mono', style='oblique', variant='normal', weight=700, stretch='normal', size='scalable')) = 11.335
2026-02-21 13:25:10,458 - matplotlib.font_manager - DEBUG - findfont: score(FontEntry(fname='D:\\anaconda\\Lib\\site-packages\\matplotlib\\mpl-data\\fonts\\ttf\\STIXSizFiveSymReg.ttf', name='STIXSizeFiveSym', style='normal', variant='normal', weight=400, stretch='normal', size='scalable')) = 10.05
2026-02-21 13:25:10,458 - matplotlib.font_manager - DEBUG - findfont: score(FontEntry(fname='D:\\anaconda\\Lib\\site-packages\\matplotlib\\mpl-data\\fonts\\ttf\\cmex10.ttf', name='cmex10', style='normal', variant='normal', weight=400, stretch='normal', size='scalable')) = 10.05
2026-02-21 13:25:10,458 - matplotlib.font_manager - DEBUG - findfont: score(FontEntry(fname='D:\\anaconda\\Lib\\site-packages\\matplotlib\\mpl-data\\fonts\\ttf\\DejaVuSansDisplay.ttf', name='DejaVu Sans Display', style='normal', variant='normal', weight=400, stretch='normal', size='scalable')) = 10.05
2026-02-21 13:25:10,458 - matplotlib.font_manager - DEBUG - findfont: score(FontEntry(fname='D:\\anaconda\\Lib\\site-packages\\matplotlib\\mpl-data\\fonts\\ttf\\DejaVuSans.ttf', name='DejaVu Sans', style='normal', variant='normal', weight=400, stretch='normal', size='scalable')) = 6.716666666666666
2026-02-21 13:25:10,458 - matplotlib.font_manager - DEBUG - findfont: score(FontEntry(fname='D:\\anaconda\\Lib\\site-packages\\matplotlib\\mpl-data\\fonts\\ttf\\DejaVuSerif-Bold.ttf', name='DejaVu Serif', style='normal', variant='normal', weight=700, stretch='normal', size='scalable')) = 10.335
2026-02-21 13:25:10,458 - matplotlib.font_manager - DEBUG - findfont: score(FontEntry(fname='D:\\anaconda\\Lib\\site-packages\\matplotlib\\mpl-data\\fonts\\ttf\\STIXNonUniBol.ttf', name='STIXNonUnicode', style='normal', variant='normal', weight=700, stretch='normal', size='scalable')) = 10.335
2026-02-21 13:25:10,458 - matplotlib.font_manager - DEBUG - findfont: score(FontEntry(fname='C:\\Windows\\Fonts\\lucon.ttf', name='Lucida Console', style='normal', variant='normal', weight=400, stretch='normal', size='scalable')) = 10.05
2026-02-21 13:25:10,458 - matplotlib.font_manager - DEBUG - findfont: score(FontEntry(fname='C:\\Windows\\Fonts\\HGYT1_CNKI.ttf', name='HGYT1_CNKI', style='normal', variant='normal', weight=400, stretch='normal', size='scalable')) = 10.05
2026-02-21 13:25:10,458 - matplotlib.font_manager - DEBUG - findfont: score(FontEntry(fname='C:\\Windows\\Fonts\\HGB3X_CNKI.ttf', name='HGB3X_CNKI', style='normal', variant='normal', weight=400, stretch='normal', size='scalable')) = 10.05
2026-02-21 13:25:10,458 - matplotlib.font_manager - DEBUG - findfont: score(FontEntry(fname='C:\\Windows\\Fonts\\STKAITI.TTF', name='STKaiti', style='normal', variant='normal', weight=400, stretch='normal', size='scalable')) = 10.05
2026-02-21 13:25:10,458 - matplotlib.font_manager - DEBUG - findfont: score(FontEntry(fname='C:\\Windows\\Fonts\\palab.ttf', name='Palatino Linotype', style='normal', variant='normal', weight=700, stretch='normal', size='scalable')) = 10.335
2026-02-21 13:25:10,458 - matplotlib.font_manager - DEBUG - findfont: score(FontEntry(fname='C:\\Windows\\Fonts\\segoeuiz.ttf', name='Segoe UI', style='italic', variant='normal', weight=700, stretch='normal', size='scalable')) = 11.335
2026-02-21 13:25:10,458 - matplotlib.font_manager - DEBUG - findfont: score(FontEntry(fname='C:\\Windows\\Fonts\\phagspa.ttf', name='Microsoft PhagsPa', style='normal', variant='normal', weight=400, stretch='normal', size='scalable')) = 10.05
2026-02-21 13:25:10,458 - matplotlib.font_manager - DEBUG - findfont: score(FontEntry(fname='C:\\Windows\\Fonts\\DUBAI-MEDIUM.TTF', name='Dubai', style='normal', variant='normal', weight=500, stretch='normal', size='scalable')) = 10.145
2026-02-21 13:25:10,458 - matplotlib.font_manager - DEBUG - findfont: score(FontEntry(fname='C:\\Windows\\Fonts\\HGHB_CNKI.TTF', name='HGHB_CNKI', style='normal', variant='normal', weight=400, stretch='normal', size='scalable')) = 10.05
2026-02-21 13:25:10,458 - matplotlib.font_manager - DEBUG - findfont: score(FontEntry(fname='C:\\Windows\\Fonts\\MISTRAL.TTF', name='Mistral', style='normal', variant='normal', weight=400, stretch='normal', size='scalable')) = 10.05
2026-02-21 13:25:10,458 - matplotlib.font_manager - DEBUG - findfont: score(FontEntry(fname='C:\\Windows\\Fonts\\FZYTK.TTF', name='FZYaoTi', style='normal', variant='normal', weight=400, stretch='normal', size='scalable')) = 10.05
2026-02-21 13:25:10,458 - matplotlib.font_manager - DEBUG - findfont: score(FontEntry(fname='C:\\Windows\\Fonts\\FREESCPT.TTF', name='Freestyle Script', style='normal', variant='normal', weight=400, stretch='normal', size='scalable')) = 10.05
2026-02-21 13:25:10,458 - matplotlib.font_manager - DEBUG - findfont: score(FontEntry(fname='C:\\Windows\\Fonts\\HGH_CNKI.TTF', name='HGHT_CNKI', style='normal', variant='normal', weight=400, stretch='normal', size='scalable')) = 10.05
2026-02-21 13:25:10,458 - matplotlib.font_manager - DEBUG - findfont: score(FontEntry(fname='C:\\Windows\\Fonts\\ARIALN.TTF', name='Arial', style='normal', variant='normal', weight=400, stretch='condensed', size='scalable')) = 10.25
2026-02-21 13:25:10,458 - matplotlib.font_manager - DEBUG - findfont: score(FontEntry(fname='D:\\软件\\PDF\\acrobat PDF\\Resource\\Font\\AdobeDevanagari-Regular.otf', name='Adobe Devanagari', style='normal', variant='normal', weight=400, stretch='normal', size='scalable')) = 10.05
2026-02-21 13:25:10,458 - matplotlib.font_manager - DEBUG - findfont: score(FontEntry(fname='C:\\Windows\\Fonts\\HGYX_CNKI.TTF', name='HGYX_CNKI', style='normal', variant='normal', weight=400, stretch='normal', size='scalable')) = 10.05
2026-02-21 13:25:10,458 - matplotlib.font_manager - DEBUG - findfont: score(FontEntry(fname='C:\\Windows\\Fonts\\HGH6_CNKI.ttf', name='HGH6_CNKI', style='normal', variant='normal', weight=400, stretch='normal', size='scalable')) = 10.05
2026-02-21 13:25:10,459 - matplotlib.font_manager - DEBUG - findfont: score(FontEntry(fname='C:\\Windows\\Fonts\\DUBAI-REGULAR.TTF', name='Dubai', style='normal', variant='normal', weight=400, stretch='normal', size='scalable')) = 10.05
2026-02-21 13:25:10,459 - matplotlib.font_manager - DEBUG - findfont: score(FontEntry(fname='D:\\软件\\PDF\\acrobat PDF\\Resource\\Font\\AdobeDevanagari-Bold.otf', name='Adobe Devanagari', style='normal', variant='normal', weight=700, stretch='normal', size='scalable')) = 10.335
2026-02-21 13:25:10,459 - matplotlib.font_manager - DEBUG - findfont: score(FontEntry(fname='C:\\Windows\\Fonts\\HarmonyOS_Sans_SC_Bold.ttf', name='HarmonyOS Sans SC', style='normal', variant='normal', weight=700, stretch='normal', size='scalable')) = 10.335
2026-02-21 13:25:10,459 - matplotlib.font_manager - DEBUG - findfont: score(FontEntry(fname='C:\\Windows\\Fonts\\HGDBS_CNKI.TTF', name='HGDBS_CNKI', style='normal', variant='normal', weight=400, stretch='normal', size='scalable')) = 10.05
2026-02-21 13:25:10,459 - matplotlib.font_manager - DEBUG - findfont: score(FontEntry(fname='C:\\Windows\\Fonts\\segmdl2.ttf', name='Segoe MDL2 Assets', style='normal', variant='normal', weight=400, stretch='normal', size='scalable')) = 10.05
2026-02-21 13:25:10,459 - matplotlib.font_manager - DEBUG - findfont: score(FontEntry(fname='C:\\Windows\\Fonts\\STXIHEI.TTF', name='STXihei', style='normal', variant='normal', weight=400, stretch='normal', size='scalable')) = 10.05
2026-02-21 13:25:10,459 - matplotlib.font_manager - DEBUG - findfont: score(FontEntry(fname='C:\\Windows\\Fonts\\NirmalaB.ttf', name='Nirmala UI', style='normal', variant='normal', weight=700, stretch='normal', size='scalable')) = 10.335
2026-02-21 13:25:10,459 - matplotlib.font_manager - DEBUG - findfont: score(FontEntry(fname='C:\\Windows\\Fonts\\Deng.ttf', name='DengXian', style='normal', variant='normal', weight=400, stretch='normal', size='scalable')) = 10.05
2026-02-21 13:25:10,459 - matplotlib.font_manager - DEBUG - findfont: score(FontEntry(fname='C:\\Windows\\Fonts\\HGBKH_CNKI.ttf', name='HGBKH_CNKI', style='normal', variant='normal', weight=400, stretch='normal', size='scalable')) = 10.05
2026-02-21 13:25:10,459 - matplotlib.font_manager - DEBUG - findfont: score(FontEntry(fname='C:\\Windows\\Fonts\\comicbd.ttf', name='Comic Sans MS', style='normal', variant='normal', weight=700, stretch='normal', size='scalable')) = 10.335
2026-02-21 13:25:10,459 - matplotlib.font_manager - DEBUG - findfont: score(FontEntry(fname='C:\\Windows\\Fonts\\segoepr.ttf', name='Segoe Print', style='normal', variant='normal', weight=400, stretch='normal', size='scalable')) = 10.05
2026-02-21 13:25:10,459 - matplotlib.font_manager - DEBUG - findfont: score(FontEntry(fname='C:\\Windows\\Fonts\\HGDH2_CNKI.TTF', name='HGDH2_CNKI', style='normal', variant='normal', weight=400, stretch='normal', size='scalable')) = 10.05
2026-02-21 13:25:10,459 - matplotlib.font_manager - DEBUG - findfont: score(FontEntry(fname='C:\\Windows\\Fonts\\HGBKHX_CNKI.ttf', name='HGBKHX_CNKI', style='normal', variant='normal', weight=400, stretch='normal', size='scalable')) = 10.05
2026-02-21 13:25:10,459 - matplotlib.font_manager - DEBUG - findfont: score(FontEntry(fname='C:\\Windows\\Fonts\\HGXH_CNKI.TTF', name='HGXH_CNKI', style='normal', variant='normal', weight=400, stretch='normal', size='scalable')) = 10.05
2026-02-21 13:25:10,459 - matplotlib.font_manager - DEBUG - findfont: score(FontEntry(fname='C:\\Windows\\Fonts\\courbd.ttf', name='Courier New', style='normal', variant='normal', weight=700, stretch='normal', size='scalable')) = 10.335
2026-02-21 13:25:10,459 - matplotlib.font_manager - DEBUG - findfont: score(FontEntry(fname='C:\\Windows\\Fonts\\l_10646.ttf', name='Lucida Sans Unicode', style='normal', variant='normal', weight=400, stretch='normal', size='scalable')) = 10.05
2026-02-21 13:25:10,459 - matplotlib.font_manager - DEBUG - findfont: score(FontEntry(fname='C:\\Windows\\Fonts\\corbelli.ttf', name='Corbel', style='italic', variant='normal', weight=300, stretch='normal', size='scalable')) = 11.145
2026-02-21 13:25:10,459 - matplotlib.font_manager - DEBUG - findfont: score(FontEntry(fname='C:\\Windows\\Fonts\\HGBTH_CNKI.TTF', name='HGBTH_CNKI', style='normal', variant='normal', weight=400, stretch='normal', size='scalable')) = 10.05
2026-02-21 13:25:10,459 - matplotlib.font_manager - DEBUG - findfont: score(FontEntry(fname='C:\\Windows\\Fonts\\HGB3_CNKI.ttf', name='HGB3_CNKI', style='normal', variant='normal', weight=400, stretch='normal', size='scalable')) = 10.05
2026-02-21 13:25:10,459 - matplotlib.font_manager - DEBUG - findfont: score(FontEntry(fname='C:\\Windows\\Fonts\\HGXK_CNKI.TTF', name='HGXK_CNKI', style='normal', variant='normal', weight=400, stretch='normal', size='scalable')) = 10.05
2026-02-21 13:25:10,459 - matplotlib.font_manager - DEBUG - findfont: score(FontEntry(fname='C:\\Windows\\Fonts\\HGLB_CNKI.TTF', name='HGLB_CNKI', style='normal', variant='normal', weight=400, stretch='normal', size='scalable')) = 10.05
2026-02-21 13:25:10,459 - matplotlib.font_manager - DEBUG - findfont: score(FontEntry(fname='C:\\Windows\\Fonts\\FRSCRIPT.TTF', name='French Script MT', style='normal', variant='normal', weight=400, stretch='normal', size='scalable')) = 10.05
2026-02-21 13:25:10,459 - matplotlib.font_manager - DEBUG - findfont: score(FontEntry(fname='C:\\Windows\\Fonts\\SegoeIcons.ttf', name='Segoe Fluent Icons', style='normal', variant='normal', weight=400, stretch='normal', size='scalable')) = 10.05
2026-02-21 13:25:10,459 - matplotlib.font_manager - DEBUG - findfont: score(FontEntry(fname='D:\\SceneBuilder\\runtime\\jre\\lib\\fonts\\LucidaSansRegular.ttf', name='Lucida Sans', style='normal', variant='normal', weight=400, stretch='normal', size='scalable')) = 10.05
2026-02-21 13:25:10,459 - matplotlib.font_manager - DEBUG - findfont: score(FontEntry(fname='C:\\Windows\\Fonts\\corbell.ttf', name='Corbel', style='normal', variant='normal', weight=300, stretch='normal', size='scalable')) = 10.145
2026-02-21 13:25:10,459 - matplotlib.font_manager - DEBUG - findfont: score(FontEntry(fname='C:\\Windows\\Fonts\\corbelz.ttf', name='Corbel', style='italic', variant='normal', weight=700, stretch='normal', size='scalable')) = 11.335
2026-02-21 13:25:10,459 - matplotlib.font_manager - DEBUG - findfont: score(FontEntry(fname='C:\\Windows\\Fonts\\constan.ttf', name='Constantia', style='normal', variant='normal', weight=400, stretch='normal', size='scalable')) = 10.05
2026-02-21 13:25:10,459 - matplotlib.font_manager - DEBUG - findfont: score(FontEntry(fname='C:\\Windows\\Fonts\\couri.ttf', name='Courier New', style='italic', variant='normal', weight=400, stretch='normal', size='scalable')) = 11.05
2026-02-21 13:25:10,459 - matplotlib.font_manager - DEBUG - findfont: score(FontEntry(fname='C:\\Windows\\Fonts\\DUBAI-LIGHT.TTF', name='Dubai', style='normal', variant='normal', weight=300, stretch='normal', size='scalable')) = 10.145
2026-02-21 13:25:10,459 - matplotlib.font_manager - DEBUG - findfont: score(FontEntry(fname='C:\\Windows\\Fonts\\HGHD_CNKI.ttf', name='HGHD_CNKI', style='normal', variant='normal', weight=400, stretch='normal', size='scalable')) = 10.05
2026-02-21 13:25:10,459 - matplotlib.font_manager - DEBUG - findfont: score(FontEntry(fname='C:\\Windows\\Fonts\\HGB5_CNKI.ttf', name='HGB5_CNKI', style='normal', variant='normal', weight=400, stretch='normal', size='scalable')) = 10.05
2026-02-21 13:25:10,459 - matplotlib.font_manager - DEBUG - findfont: score(FontEntry(fname='C:\\Windows\\Fonts\\ANTQUAI.TTF', name='Book Antiqua', style='italic', variant='normal', weight=400, stretch='normal', size='scalable')) = 11.05
2026-02-21 13:25:10,461 - matplotlib.font_manager - DEBUG - findfont: score(FontEntry(fname='C:\\Windows\\Fonts\\ntailub.ttf', name='Microsoft New Tai Lue', style='normal', variant='normal', weight=700, stretch='normal', size='scalable')) = 10.335
2026-02-21 13:25:10,461 - matplotlib.font_manager - DEBUG - findfont: score(FontEntry(fname='C:\\Windows\\Fonts\\arialbd.ttf', name='Arial', style='normal', variant='normal', weight=700, stretch='normal', size='scalable')) = 10.335
2026-02-21 13:25:10,461 - matplotlib.font_manager - DEBUG - findfont: score(FontEntry(fname='C:\\Windows\\Fonts\\HGFS1_CNKI.TTF', name='HGFS1_CNKI', style='normal', variant='normal', weight=400, stretch='normal', size='scalable')) = 10.05
2026-02-21 13:25:10,461 - matplotlib.font_manager - DEBUG - findfont: score(FontEntry(fname='C:\\Windows\\Fonts\\HGBX_CNKI.ttf', name='HGBX_CNKI', style='normal', variant='normal', weight=400, stretch='normal', size='scalable')) = 10.05
2026-02-21 13:25:10,461 - matplotlib.font_manager - DEBUG - findfont: score(FontEntry(fname='C:\\Windows\\Fonts\\GARA.TTF', name='Garamond', style='normal', variant='normal', weight=400, stretch='normal', size='scalable')) = 10.05
2026-02-21 13:25:10,461 - matplotlib.font_manager - DEBUG - findfont: score(FontEntry(fname='C:\\Windows\\Fonts\\HGTT_CNKI.ttf', name='HGTT_CNKI', style='normal', variant='normal', weight=400, stretch='normal', size='scalable')) = 10.05
2026-02-21 13:25:10,461 - matplotlib.font_manager - DEBUG - findfont: score(FontEntry(fname='C:\\Windows\\Fonts\\HGFZ_CNKI.ttf', name='HGFZ_CNKI', style='normal', variant='normal', weight=400, stretch='normal', size='scalable')) = 10.05
2026-02-21 13:25:10,461 - matplotlib.font_manager - DEBUG - findfont: score(FontEntry(fname='C:\\Windows\\Fonts\\NirmalaS.ttf', name='Nirmala UI', style='normal', variant='normal', weight=350, stretch='normal', size='scalable')) = 10.0975
2026-02-21 13:25:10,461 - matplotlib.font_manager - DEBUG - findfont: score(FontEntry(fname='C:\\Windows\\Fonts\\verdanai.ttf', name='Verdana', style='italic', variant='normal', weight=400, stretch='normal', size='scalable')) = 11.05
2026-02-21 13:25:10,461 - matplotlib.font_manager - DEBUG - findfont: score(FontEntry(fname='C:\\Windows\\Fonts\\HGH2_CNKI.ttf', name='HGH2_CNKI', style='normal', variant='normal', weight=400, stretch='normal', size='scalable')) = 10.05
2026-02-21 13:25:10,461 - matplotlib.font_manager - DEBUG - findfont: score(FontEntry(fname='C:\\Windows\\Fonts\\segoeuii.ttf', name='Segoe UI', style='italic', variant='normal', weight=400, stretch='normal', size='scalable')) = 11.05
2026-02-21 13:25:10,461 - matplotlib.font_manager - DEBUG - findfont: score(FontEntry(fname='C:\\Windows\\Fonts\\HGB2X_CNKI.ttf', name='HGB2X_CNKI', style='normal', variant='normal', weight=400, stretch='normal', size='scalable')) = 10.05
2026-02-21 13:25:10,461 - matplotlib.font_manager - DEBUG - findfont: score(FontEntry(fname='C:\\Windows\\Fonts\\HGSS_CNKI.TTF', name='HGSS_CNKI', style='normal', variant='normal', weight=400, stretch='normal', size='scalable')) = 10.05
2026-02-21 13:25:10,461 - matplotlib.font_manager - DEBUG - findfont: score(FontEntry(fname='C:\\Windows\\Fonts\\segoesc.ttf', name='Segoe Script', style='normal', variant='normal', weight=400, stretch='normal', size='scalable')) = 10.05
2026-02-21 13:25:10,461 - matplotlib.font_manager - DEBUG - findfont: score(FontEntry(fname='C:\\Windows\\Fonts\\HGF7X_CNKI.ttf', name='HGF7X_CNKI', style='normal', variant='normal', weight=400, stretch='normal', size='scalable')) = 10.05
2026-02-21 13:25:10,461 - matplotlib.font_manager - DEBUG - findfont: score(FontEntry(fname='C:\\Windows\\Fonts\\mvboli.ttf', name='MV Boli', style='normal', variant='normal', weight=400, stretch='normal', size='scalable')) = 10.05
2026-02-21 13:25:10,461 - matplotlib.font_manager - DEBUG - findfont: score(FontEntry(fname='C:\\Windows\\Fonts\\GOTHICB.TTF', name='Century Gothic', style='normal', variant='normal', weight=700, stretch='normal', size='scalable')) = 10.335
2026-02-21 13:25:10,461 - matplotlib.font_manager - DEBUG - findfont: score(FontEntry(fname='C:\\Windows\\Fonts\\sylfaen.ttf', name='Sylfaen', style='normal', variant='normal', weight=400, stretch='normal', size='scalable')) = 10.05
2026-02-21 13:25:10,461 - matplotlib.font_manager - DEBUG - findfont: score(FontEntry(fname='C:\\Windows\\Fonts\\msjhl.ttc', name='Microsoft JhengHei', style='normal', variant='normal', weight=290, stretch='normal', size='scalable')) = 10.1545
2026-02-21 13:25:10,461 - matplotlib.font_manager - DEBUG - findfont: score(FontEntry(fname='C:\\Windows\\Fonts\\HGZCS_CNKI.TTF', name='HGZCS_CNKI', style='normal', variant='normal', weight=400, stretch='normal', size='scalable')) = 10.05
2026-02-21 13:25:10,461 - matplotlib.font_manager - DEBUG - findfont: score(FontEntry(fname='C:\\Windows\\Fonts\\HGYB_CNKI.ttf', name='HGYB_CNKI', style='normal', variant='normal', weight=400, stretch='normal', size='scalable')) = 10.05
2026-02-21 13:25:10,461 - matplotlib.font_manager - DEBUG - findfont: score(FontEntry(fname='C:\\Windows\\Fonts\\trebucit.ttf', name='Trebuchet MS', style='italic', variant='normal', weight=400, stretch='normal', size='scalable')) = 11.05
2026-02-21 13:25:10,461 - matplotlib.font_manager - DEBUG - findfont: score(FontEntry(fname='C:\\Windows\\Fonts\\HGY2_CNKI.TTF', name='HGY2_CNKI', style='normal', variant='normal', weight=400, stretch='normal', size='scalable')) = 10.05
2026-02-21 13:25:10,461 - matplotlib.font_manager - DEBUG - findfont: score(FontEntry(fname='C:\\Windows\\Fonts\\STLITI.TTF', name='STLiti', style='normal', variant='normal', weight=400, stretch='normal', size='scalable')) = 10.05
2026-02-21 13:25:10,461 - matplotlib.font_manager - DEBUG - findfont: score(FontEntry(fname='C:\\Windows\\Fonts\\verdanab.ttf', name='Verdana', style='normal', variant='normal', weight=700, stretch='normal', size='scalable')) = 10.335
2026-02-21 13:25:10,461 - matplotlib.font_manager - DEBUG - findfont: score(FontEntry(fname='C:\\Windows\\Fonts\\HGF9_CNKI.ttf', name='HGF9_CNKI', style='normal', variant='normal', weight=400, stretch='normal', size='scalable')) = 10.05
2026-02-21 13:25:10,461 - matplotlib.font_manager - DEBUG - findfont: score(FontEntry(fname='C:\\Windows\\Fonts\\corbel.ttf', name='Corbel', style='normal', variant='normal', weight=400, stretch='normal', size='scalable')) = 10.05
2026-02-21 13:25:10,461 - matplotlib.font_manager - DEBUG - findfont: score(FontEntry(fname='C:\\Windows\\Fonts\\consolai.ttf', name='Consolas', style='italic', variant='normal', weight=400, stretch='normal', size='scalable')) = 11.05
2026-02-21 13:25:10,461 - matplotlib.font_manager - DEBUG - findfont: score(FontEntry(fname='C:\\Windows\\Fonts\\HGXT_CNKI.ttf', name='HGXT_CNKI', style='normal', variant='normal', weight=400, stretch='normal', size='scalable')) = 10.05
2026-02-21 13:25:10,461 - matplotlib.font_manager - DEBUG - findfont: score(FontEntry(fname='C:\\Windows\\Fonts\\HGDY_CNKI.ttf', name='HGDY_CNKI', style='normal', variant='normal', weight=400, stretch='normal', size='scalable')) = 10.05
2026-02-21 13:25:10,461 - matplotlib.font_manager - DEBUG - findfont: score(FontEntry(fname='C:\\Windows\\Fonts\\Nirmala.ttf', name='Nirmala UI', style='normal', variant='normal', weight=400, stretch='normal', size='scalable')) = 10.05
2026-02-21 13:25:10,461 - matplotlib.font_manager - DEBUG - findfont: score(FontEntry(fname='C:\\Windows\\Fonts\\HGH1X_CNKI.ttf', name='HGH1X_CNKI', style='normal', variant='normal', weight=400, stretch='normal', size='scalable')) = 10.05
2026-02-21 13:25:10,461 - matplotlib.font_manager - DEBUG - findfont: score(FontEntry(fname='C:\\Windows\\Fonts\\phagspab.ttf', name='Microsoft PhagsPa', style='normal', variant='normal', weight=700, stretch='normal', size='scalable')) = 10.335
2026-02-21 13:25:10,461 - matplotlib.font_manager - DEBUG - findfont: score(FontEntry(fname='C:\\Windows\\Fonts\\Candaraz.ttf', name='Candara', style='italic', variant='normal', weight=700, stretch='normal', size='scalable')) = 11.335
2026-02-21 13:25:10,461 - matplotlib.font_manager - DEBUG - findfont: score(FontEntry(fname='C:\\Windows\\Fonts\\consolaz.ttf', name='Consolas', style='italic', variant='normal', weight=700, stretch='normal', size='scalable')) = 11.335
2026-02-21 13:25:10,461 - matplotlib.font_manager - DEBUG - findfont: score(FontEntry(fname='C:\\Windows\\Fonts\\holomdl2.ttf', name='HoloLens MDL2 Assets', style='normal', variant='normal', weight=400, stretch='normal', size='scalable')) = 10.05
2026-02-21 13:25:10,461 - matplotlib.font_manager - DEBUG - findfont: score(FontEntry(fname='C:\\Windows\\Fonts\\HGPH_CNKI.TTF', name='HGPH_CNKI', style='normal', variant='normal', weight=400, stretch='normal', size='scalable')) = 10.05
2026-02-21 13:25:10,461 - matplotlib.font_manager - DEBUG - findfont: score(FontEntry(fname='C:\\Windows\\Fonts\\HGFS_CNKI.TTF', name='HGFS_CNKI', style='normal', variant='normal', weight=400, stretch='normal', size='scalable')) = 10.05
2026-02-21 13:25:10,461 - matplotlib.font_manager - DEBUG - findfont: score(FontEntry(fname='C:\\Windows\\Fonts\\HGHT2_CNKI.ttf', name='HGHT2_CNKI', style='normal', variant='normal', weight=400, stretch='normal', size='scalable')) = 10.05
2026-02-21 13:25:10,461 - matplotlib.font_manager - DEBUG - findfont: score(FontEntry(fname='C:\\Windows\\Fonts\\MTCORSVA.TTF', name='Monotype Corsiva', style='normal', variant='normal', weight=400, stretch='normal', size='scalable')) = 10.05
2026-02-21 13:25:10,461 - matplotlib.font_manager - DEBUG - findfont: score(FontEntry(fname='C:\\Windows\\Fonts\\HGXH1_CNKI.TTF', name='HGXH1_CNKI', style='normal', variant='normal', weight=400, stretch='normal', size='scalable')) = 10.05
2026-02-21 13:25:10,461 - matplotlib.font_manager - DEBUG - findfont: score(FontEntry(fname='D:\\SceneBuilder\\runtime\\jre\\lib\\fonts\\LucidaBrightRegular.ttf', name='Lucida Bright', style='normal', variant='normal', weight=400, stretch='normal', size='scalable')) = 10.05
2026-02-21 13:25:10,461 - matplotlib.font_manager - DEBUG - findfont: score(FontEntry(fname='C:\\Windows\\Fonts\\HGDGY_CNKI.TTF', name='HGDGY_CNKI', style='normal', variant='normal', weight=400, stretch='normal', size='scalable')) = 10.05
2026-02-21 13:25:10,461 - matplotlib.font_manager - DEBUG - findfont: score(FontEntry(fname='C:\\Windows\\Fonts\\HGX1X_CNKI.ttf', name='HGX1X_CNKI', style='normal', variant='normal', weight=400, stretch='normal', size='scalable')) = 10.05
2026-02-21 13:25:10,461 - matplotlib.font_manager - DEBUG - findfont: score(FontEntry(fname='C:\\Windows\\Fonts\\SansSerifCollection.ttf', name='Sans Serif Collection', style='normal', variant='normal', weight=400, stretch='normal', size='scalable')) = 10.05
2026-02-21 13:25:10,461 - matplotlib.font_manager - DEBUG - findfont: score(FontEntry(fname='C:\\Windows\\Fonts\\calibrili.ttf', name='Calibri', style='italic', variant='normal', weight=300, stretch='normal', size='scalable')) = 11.145
2026-02-21 13:25:10,461 - matplotlib.font_manager - DEBUG - findfont: score(FontEntry(fname='C:\\Windows\\Fonts\\HGXY_CNKI.ttf', name='HGXY_CNKI', style='normal', variant='normal', weight=400, stretch='normal', size='scalable')) = 10.05
2026-02-21 13:25:10,461 - matplotlib.font_manager - DEBUG - findfont: score(FontEntry(fname='C:\\Windows\\Fonts\\msyi.ttf', name='Microsoft Yi Baiti', style='normal', variant='normal', weight=400, stretch='normal', size='scalable')) = 10.05
2026-02-21 13:25:10,461 - matplotlib.font_manager - DEBUG - findfont: score(FontEntry(fname='C:\\Windows\\Fonts\\HGBKB_CNKI.ttf', name='HGBKB_CNKI', style='normal', variant='normal', weight=400, stretch='normal', size='scalable')) = 10.05
2026-02-21 13:25:10,461 - matplotlib.font_manager - DEBUG - findfont: score(FontEntry(fname='C:\\Windows\\Fonts\\ARIALNB.TTF', name='Arial', style='normal', variant='normal', weight=700, stretch='condensed', size='scalable')) = 10.535
2026-02-21 13:25:10,461 - matplotlib.font_manager - DEBUG - findfont: score(FontEntry(fname='C:\\Windows\\Fonts\\Dengb.ttf', name='DengXian', style='normal', variant='normal', weight=700, stretch='normal', size='scalable')) = 10.335
2026-02-21 13:25:10,461 - matplotlib.font_manager - DEBUG - findfont: score(FontEntry(fname='C:\\Windows\\Fonts\\HGH4_CNKI.ttf', name='HGH4_CNKI', style='normal', variant='normal', weight=400, stretch='normal', size='scalable')) = 10.05
2026-02-21 13:25:10,461 - matplotlib.font_manager - DEBUG - findfont: score(FontEntry(fname='C:\\Windows\\Fonts\\times.ttf', name='Times New Roman', style='normal', variant='normal', weight=400, stretch='normal', size='scalable')) = 10.05
2026-02-21 13:25:10,461 - matplotlib.font_manager - DEBUG - findfont: score(FontEntry(fname='C:\\Windows\\Fonts\\HGB7X_CNKI.ttf', name='HGB7X_CNKI', style='normal', variant='normal', weight=400, stretch='normal', size='scalable')) = 10.05
2026-02-21 13:25:10,461 - matplotlib.font_manager - DEBUG - findfont: score(FontEntry(fname='C:\\Windows\\Fonts\\ARIALNI.TTF', name='Arial', style='italic', variant='normal', weight=400, stretch='condensed', size='scalable')) = 11.25
2026-02-21 13:25:10,461 - matplotlib.font_manager - DEBUG - findfont: score(FontEntry(fname='C:\\Windows\\Fonts\\CENTURY.TTF', name='Century', style='normal', variant='normal', weight=400, stretch='normal', size='scalable')) = 10.05
2026-02-21 13:25:10,461 - matplotlib.font_manager - DEBUG - findfont: score(FontEntry(fname='C:\\Windows\\Fonts\\ITCKRIST.TTF', name='Kristen ITC', style='normal', variant='normal', weight=400, stretch='normal', size='scalable')) = 10.05
2026-02-21 13:25:10,461 - matplotlib.font_manager - DEBUG - findfont: score(FontEntry(fname='C:\\Windows\\Fonts\\HarmonyOS_Sans_SC_Medium.ttf', name='HarmonyOS Sans SC', style='normal', variant='normal', weight=500, stretch='normal', size='scalable')) = 10.145
2026-02-21 13:25:10,461 - matplotlib.font_manager - DEBUG - findfont: score(FontEntry(fname='C:\\Windows\\Fonts\\consola.ttf', name='Consolas', style='normal', variant='normal', weight=400, stretch='normal', size='scalable')) = 10.05
2026-02-21 13:25:10,461 - matplotlib.font_manager - DEBUG - findfont: score(FontEntry(fname='C:\\Windows\\Fonts\\trebucbi.ttf', name='Trebuchet MS', style='italic', variant='normal', weight=700, stretch='normal', size='scalable')) = 11.335
2026-02-21 13:25:10,461 - matplotlib.font_manager - DEBUG - findfont: score(FontEntry(fname='C:\\Windows\\Fonts\\HGKT_CNKI.TTF', name='HGKT_CNKI', style='normal', variant='normal', weight=400, stretch='normal', size='scalable')) = 10.05
2026-02-21 13:25:10,461 - matplotlib.font_manager - DEBUG - findfont: score(FontEntry(fname='C:\\Windows\\Fonts\\BKANT.TTF', name='Book Antiqua', style='normal', variant='normal', weight=400, stretch='normal', size='scalable')) = 10.05
2026-02-21 13:25:10,461 - matplotlib.font_manager - DEBUG - findfont: score(FontEntry(fname='C:\\Windows\\Fonts\\ebrimabd.ttf', name='Ebrima', style='normal', variant='normal', weight=700, stretch='normal', size='scalable')) = 10.335
2026-02-21 13:25:10,461 - matplotlib.font_manager - DEBUG - findfont: score(FontEntry(fname='C:\\Windows\\Fonts\\WINGDNG2.TTF', name='Wingdings 2', style='normal', variant='normal', weight=400, stretch='normal', size='scalable')) = 10.05
2026-02-21 13:25:10,461 - matplotlib.font_manager - DEBUG - findfont: score(FontEntry(fname='D:\\SceneBuilder\\runtime\\jre\\lib\\fonts\\LucidaSansDemiBold.ttf', name='Lucida Sans', style='normal', variant='normal', weight=700, stretch='normal', size='scalable')) = 10.335
2026-02-21 13:25:10,461 - matplotlib.font_manager - DEBUG - findfont: score(FontEntry(fname='C:\\Windows\\Fonts\\HGH7X_CNKI.ttf', name='HGH7X_CNKI', style='normal', variant='normal', weight=400, stretch='normal', size='scalable')) = 10.05
2026-02-21 13:25:10,461 - matplotlib.font_manager - DEBUG - findfont: score(FontEntry(fname='C:\\Windows\\Fonts\\STFANGSO.TTF', name='STFangsong', style='normal', variant='normal', weight=400, stretch='normal', size='scalable')) = 10.05
2026-02-21 13:25:10,462 - matplotlib.font_manager - DEBUG - findfont: score(FontEntry(fname='C:\\Windows\\Fonts\\HGB6X_CNKI.ttf', name='HGB6X_CNKI', style='normal', variant='normal', weight=400, stretch='normal', size='scalable')) = 10.05
2026-02-21 13:25:10,462 - matplotlib.font_manager - DEBUG - findfont: score(FontEntry(fname='C:\\Windows\\Fonts\\ANTQUAB.TTF', name='Book Antiqua', style='normal', variant='normal', weight=700, stretch='normal', size='scalable')) = 10.335
2026-02-21 13:25:10,462 - matplotlib.font_manager - DEBUG - findfont: score(FontEntry(fname='C:\\Windows\\Fonts\\timesi.ttf', name='Times New Roman', style='italic', variant='normal', weight=400, stretch='normal', size='scalable')) = 11.05
2026-02-21 13:25:10,462 - matplotlib.font_manager - DEBUG - findfont: score(FontEntry(fname='C:\\Windows\\Fonts\\tahomabd.ttf', name='Tahoma', style='normal', variant='normal', weight=700, stretch='normal', size='scalable')) = 10.335
2026-02-21 13:25:10,462 - matplotlib.font_manager - DEBUG - findfont: score(FontEntry(fname='C:\\Windows\\Fonts\\YuGothL.ttc', name='Yu Gothic', style='normal', variant='normal', weight=300, stretch='normal', size='scalable')) = 10.145
2026-02-21 13:25:10,462 - matplotlib.font_manager - DEBUG - findfont: score(FontEntry(fname='C:\\Windows\\Fonts\\HGH4X_CNKI.ttf', name='HGH4X_CNKI', style='normal', variant='normal', weight=400, stretch='normal', size='scalable')) = 10.05
2026-02-21 13:25:10,462 - matplotlib.font_manager - DEBUG - findfont: score(FontEntry(fname='C:\\Windows\\Fonts\\ariali.ttf', name='Arial', style='italic', variant='normal', weight=400, stretch='normal', size='scalable')) = 11.05
2026-02-21 13:25:10,462 - matplotlib.font_manager - DEBUG - findfont: score(FontEntry(fname='C:\\Windows\\Fonts\\Candarali.ttf', name='Candara', style='italic', variant='normal', weight=400, stretch='normal', size='scalable')) = 11.05
2026-02-21 13:25:10,462 - matplotlib.font_manager - DEBUG - findfont: score(FontEntry(fname='C:\\Windows\\Fonts\\cambriai.ttf', name='Cambria', style='italic', variant='normal', weight=400, stretch='normal', size='scalable')) = 11.05
2026-02-21 13:25:10,462 - matplotlib.font_manager - DEBUG - findfont: score(FontEntry(fname='C:\\Windows\\Fonts\\simhei.ttf', name='SimHei', style='normal', variant='normal', weight=400, stretch='normal', size='scalable')) = 0.05
2026-02-21 13:25:10,462 - matplotlib.font_manager - DEBUG - findfont: score(FontEntry(fname='C:\\Windows\\Fonts\\mmrtext.ttf', name='Myanmar Text', style='normal', variant='normal', weight=400, stretch='normal', size='scalable')) = 10.05
2026-02-21 13:25:10,462 - matplotlib.font_manager - DEBUG - findfont: score(FontEntry(fname='C:\\Windows\\Fonts\\msyhl.ttc', name='Microsoft YaHei', style='normal', variant='normal', weight=290, stretch='normal', size='scalable')) = 3.487833333333333
2026-02-21 13:25:10,462 - matplotlib.font_manager - DEBUG - findfont: score(FontEntry(fname='C:\\Windows\\Fonts\\WINGDNG3.TTF', name='Wingdings 3', style='normal', variant='normal', weight=400, stretch='normal', size='scalable')) = 10.05
2026-02-21 13:25:10,462 - matplotlib.font_manager - DEBUG - findfont: score(FontEntry(fname='C:\\Windows\\Fonts\\arial.ttf', name='Arial', style='normal', variant='normal', weight=400, stretch='normal', size='scalable')) = 10.05
2026-02-21 13:25:10,462 - matplotlib.font_manager - DEBUG - findfont: score(FontEntry(fname='C:\\Windows\\Fonts\\framd.ttf', name='Franklin Gothic Medium', style='normal', variant='normal', weight=400, stretch='normal', size='scalable')) = 10.05
2026-02-21 13:25:10,462 - matplotlib.font_manager - DEBUG - findfont: score(FontEntry(fname='C:\\Windows\\Fonts\\SegUIVar.ttf', name='Segoe UI Variable', style='normal', variant='normal', weight=400, stretch='normal', size='scalable')) = 10.05
2026-02-21 13:25:10,462 - matplotlib.font_manager - DEBUG - findfont: score(FontEntry(fname='C:\\Windows\\Fonts\\malgunsl.ttf', name='Malgun Gothic', style='normal', variant='normal', weight=300, stretch='normal', size='scalable')) = 10.145
2026-02-21 13:25:10,462 - matplotlib.font_manager - DEBUG - findfont: score(FontEntry(fname='C:\\Windows\\Fonts\\consolab.ttf', name='Consolas', style='normal', variant='normal', weight=700, stretch='normal', size='scalable')) = 10.335
2026-02-21 13:25:10,462 - matplotlib.font_manager - DEBUG - findfont: score(FontEntry(fname='C:\\Windows\\Fonts\\segoeuisl.ttf', name='Segoe UI', style='normal', variant='normal', weight=350, stretch='normal', size='scalable')) = 10.0975
2026-02-21 13:25:10,462 - matplotlib.font_manager - DEBUG - findfont: score(FontEntry(fname='C:\\Windows\\Fonts\\constani.ttf', name='Constantia', style='italic', variant='normal', weight=400, stretch='normal', size='scalable')) = 11.05
2026-02-21 13:25:10,462 - matplotlib.font_manager - DEBUG - findfont: score(FontEntry(fname='C:\\Windows\\Fonts\\BRADHITC.TTF', name='Bradley Hand ITC', style='normal', variant='normal', weight=400, stretch='normal', size='scalable')) = 10.05
2026-02-21 13:25:10,462 - matplotlib.font_manager - DEBUG - findfont: score(FontEntry(fname='C:\\Windows\\Fonts\\LeelaUIb.ttf', name='Leelawadee UI', style='normal', variant='normal', weight=700, stretch='normal', size='scalable')) = 10.335
2026-02-21 13:25:10,462 - matplotlib.font_manager - DEBUG - findfont: score(FontEntry(fname='C:\\Windows\\Fonts\\STXINGKA.TTF', name='STXingkai', style='normal', variant='normal', weight=400, stretch='normal', size='scalable')) = 10.05
2026-02-21 13:25:10,462 - matplotlib.font_manager - DEBUG - findfont: score(FontEntry(fname='C:\\Windows\\Fonts\\HGF4_CNKI.ttf', name='HGF4_CNKI', style='normal', variant='normal', weight=400, stretch='normal', size='scalable')) = 10.05
2026-02-21 13:25:10,462 - matplotlib.font_manager - DEBUG - findfont: score(FontEntry(fname='C:\\Windows\\Fonts\\GOTHICBI.TTF', name='Century Gothic', style='italic', variant='normal', weight=700, stretch='normal', size='scalable')) = 11.335
2026-02-21 13:25:10,462 - matplotlib.font_manager - DEBUG - findfont: score(FontEntry(fname='C:\\Windows\\Fonts\\arialbi.ttf', name='Arial', style='italic', variant='normal', weight=700, stretch='normal', size='scalable')) = 11.335
2026-02-21 13:25:10,462 - matplotlib.font_manager - DEBUG - findfont: score(FontEntry(fname='C:\\Windows\\Fonts\\BOOKOS.TTF', name='Bookman Old Style', style='normal', variant='normal', weight=300, stretch='normal', size='scalable')) = 10.145
2026-02-21 13:25:10,462 - matplotlib.font_manager - DEBUG - findfont: score(FontEntry(fname='C:\\Windows\\Fonts\\HGF5_CNKI.ttf', name='HGF5_CNKI', style='normal', variant='normal', weight=400, stretch='normal', size='scalable')) = 10.05
2026-02-21 13:25:10,462 - matplotlib.font_manager - DEBUG - findfont: score(FontEntry(fname='C:\\Windows\\Fonts\\corbeli.ttf', name='Corbel', style='italic', variant='normal', weight=400, stretch='normal', size='scalable')) = 11.05
2026-02-21 13:25:10,462 - matplotlib.font_manager - DEBUG - findfont: score(FontEntry(fname='C:\\Windows\\Fonts\\HGXS_CNKI.TTF', name='HGXS_CNKI', style='normal', variant='normal', weight=400, stretch='normal', size='scalable')) = 10.05
2026-02-21 13:25:10,462 - matplotlib.font_manager - DEBUG - findfont: score(FontEntry(fname='C:\\Windows\\Fonts\\REFSPCL.TTF', name='MS Reference Specialty', style='normal', variant='normal', weight=400, stretch='normal', size='scalable')) = 10.05
2026-02-21 13:25:10,462 - matplotlib.font_manager - DEBUG - findfont: score(FontEntry(fname='C:\\Windows\\Fonts\\HGSS1_CNKI.TTF', name='HGSS1_CNKI', style='normal', variant='normal', weight=400, stretch='normal', size='scalable')) = 10.05
2026-02-21 13:25:10,462 - matplotlib.font_manager - DEBUG - findfont: score(FontEntry(fname='C:\\Windows\\Fonts\\georgiab.ttf', name='Georgia', style='normal', variant='normal', weight=700, stretch='normal', size='scalable')) = 10.335
2026-02-21 13:25:10,463 - matplotlib.font_manager - DEBUG - findfont: score(FontEntry(fname='C:\\Windows\\Fonts\\CascadiaMono.ttf', name='Cascadia Mono', style='normal', variant='normal', weight=400, stretch='normal', size='scalable')) = 10.05
2026-02-21 13:25:10,463 - matplotlib.font_manager - DEBUG - findfont: score(FontEntry(fname='C:\\Windows\\Fonts\\HGF6_CNKI.ttf', name='HGF6_CNKI', style='normal', variant='normal', weight=400, stretch='normal', size='scalable')) = 10.05
2026-02-21 13:25:10,463 - matplotlib.font_manager - DEBUG - findfont: score(FontEntry(fname='C:\\Windows\\Fonts\\javatext.ttf', name='Javanese Text', style='normal', variant='normal', weight=400, stretch='normal', size='scalable')) = 10.05
2026-02-21 13:25:10,463 - matplotlib.font_manager - DEBUG - findfont: score(FontEntry(fname='C:\\Windows\\Fonts\\calibri.ttf', name='Calibri', style='normal', variant='normal', weight=400, stretch='normal', size='scalable')) = 10.05
2026-02-21 13:25:10,463 - matplotlib.font_manager - DEBUG - findfont: score(FontEntry(fname='C:\\Windows\\Fonts\\HGBS2_CNKI.TTF', name='HGBS2_CNKI', style='normal', variant='normal', weight=400, stretch='normal', size='scalable')) = 10.05
2026-02-21 13:25:10,463 - matplotlib.font_manager - DEBUG - findfont: score(FontEntry(fname='C:\\Windows\\Fonts\\HGB4X_CNKI.ttf', name='HGB4X_CNKI', style='normal', variant='normal', weight=400, stretch='normal', size='scalable')) = 10.05
2026-02-21 13:25:10,463 - matplotlib.font_manager - DEBUG - findfont: score(FontEntry(fname='C:\\Windows\\Fonts\\seguihis.ttf', name='Segoe UI Historic', style='normal', variant='normal', weight=400, stretch='normal', size='scalable')) = 10.05
2026-02-21 13:25:10,463 - matplotlib.font_manager - DEBUG - findfont: score(FontEntry(fname='C:\\Windows\\Fonts\\Inkfree.ttf', name='Ink Free', style='normal', variant='normal', weight=400, stretch='normal', size='scalable')) = 10.05
2026-02-21 13:25:10,463 - matplotlib.font_manager - DEBUG - findfont: score(FontEntry(fname='C:\\Windows\\Fonts\\seguiemj.ttf', name='Segoe UI Emoji', style='normal', variant='normal', weight=400, stretch='normal', size='scalable')) = 10.05
2026-02-21 13:25:10,463 - matplotlib.font_manager - DEBUG - findfont: score(FontEntry(fname='C:\\Windows\\Fonts\\georgia.ttf', name='Georgia', style='normal', variant='normal', weight=400, stretch='normal', size='scalable')) = 10.05
2026-02-21 13:25:10,463 - matplotlib.font_manager - DEBUG - findfont: score(FontEntry(fname='C:\\Windows\\Fonts\\HGZDX_CNKI.TTF', name='HGZDX_CNKI', style='normal', variant='normal', weight=400, stretch='normal', size='scalable')) = 10.05
2026-02-21 13:25:10,463 - matplotlib.font_manager - DEBUG - findfont: score(FontEntry(fname='C:\\Windows\\Fonts\\segoeuil.ttf', name='Segoe UI', style='normal', variant='normal', weight=300, stretch='normal', size='scalable')) = 10.145
2026-02-21 13:25:10,463 - matplotlib.font_manager - DEBUG - findfont: score(FontEntry(fname='C:\\Windows\\Fonts\\HGB8_CNKI.ttf', name='HGB8_CNKI', style='normal', variant='normal', weight=400, stretch='normal', size='scalable')) = 10.05
2026-02-21 13:25:10,463 - matplotlib.font_manager - DEBUG - findfont: score(FontEntry(fname='C:\\Windows\\Fonts\\constanz.ttf', name='Constantia', style='italic', variant='normal', weight=700, stretch='normal', size='scalable')) = 11.335
2026-02-21 13:25:10,463 - matplotlib.font_manager - DEBUG - findfont: score(FontEntry(fname='C:\\Windows\\Fonts\\HGPTY_CNKI.TTF', name='HGPTY_CNKI', style='normal', variant='normal', weight=400, stretch='normal', size='scalable')) = 10.05
2026-02-21 13:25:10,463 - matplotlib.font_manager - DEBUG - findfont: score(FontEntry(fname='C:\\Windows\\Fonts\\ZWAdobeF.TTF', name='ZWAdobeF', style='normal', variant='normal', weight=400, stretch='normal', size='scalable')) = 10.05
2026-02-21 13:25:10,463 - matplotlib.font_manager - DEBUG - findfont: score(FontEntry(fname='C:\\Windows\\Fonts\\calibril.ttf', name='Calibri', style='normal', variant='normal', weight=300, stretch='normal', size='scalable')) = 10.145
2026-02-21 13:25:10,463 - matplotlib.font_manager - DEBUG - findfont: score(FontEntry(fname='C:\\Windows\\Fonts\\msgothic.ttc', name='MS Gothic', style='normal', variant='normal', weight=400, stretch='normal', size='scalable')) = 10.05
2026-02-21 13:25:10,463 - matplotlib.font_manager - DEBUG - findfont: score(FontEntry(fname='C:\\Windows\\Fonts\\REFSAN.TTF', name='MS Reference Sans Serif', style='normal', variant='normal', weight=400, stretch='normal', size='scalable')) = 10.05
2026-02-21 13:25:10,463 - matplotlib.font_manager - DEBUG - findfont: score(FontEntry(fname='C:\\Windows\\Fonts\\comici.ttf', name='Comic Sans MS', style='italic', variant='normal', weight=400, stretch='normal', size='scalable')) = 11.05
2026-02-21 13:25:10,463 - matplotlib.font_manager - DEBUG - findfont: score(FontEntry(fname='C:\\Windows\\Fonts\\Candaral.ttf', name='Candara', style='normal', variant='normal', weight=400, stretch='normal', size='scalable')) = 10.05
2026-02-21 13:25:10,463 - matplotlib.font_manager - DEBUG - findfont: score(FontEntry(fname='C:\\Windows\\Fonts\\TEMPSITC.TTF', name='Tempus Sans ITC', style='normal', variant='normal', weight=400, stretch='normal', size='scalable')) = 10.05
2026-02-21 13:25:10,463 - matplotlib.font_manager - DEBUG - findfont: score(FontEntry(fname='C:\\Windows\\Fonts\\YuGothB.ttc', name='Yu Gothic', style='normal', variant='normal', weight=700, stretch='normal', size='scalable')) = 10.335
2026-02-21 13:25:10,463 - matplotlib.font_manager - DEBUG - findfont: score(FontEntry(fname='D:\\SceneBuilder\\runtime\\jre\\lib\\fonts\\LucidaTypewriterBold.ttf', name='Lucida Sans Typewriter', style='normal', variant='normal', weight=700, stretch='normal', size='scalable')) = 10.335
2026-02-21 13:25:10,463 - matplotlib.font_manager - DEBUG - findfont: score(FontEntry(fname='C:\\Windows\\Fonts\\GOTHIC.TTF', name='Century Gothic', style='normal', variant='normal', weight=400, stretch='normal', size='scalable')) = 10.05
2026-02-21 13:25:10,463 - matplotlib.font_manager - DEBUG - findfont: score(FontEntry(fname='D:\\SceneBuilder\\runtime\\jre\\lib\\fonts\\LucidaBrightItalic.ttf', name='Lucida Bright', style='italic', variant='normal', weight=400, stretch='normal', size='scalable')) = 11.05
2026-02-21 13:25:10,463 - matplotlib.font_manager - DEBUG - findfont: score(FontEntry(fname='C:\\Windows\\Fonts\\HGKT1_CNKI.TTF', name='HGKT1_CNKI', style='normal', variant='normal', weight=400, stretch='normal', size='scalable')) = 10.05
2026-02-21 13:25:10,463 - matplotlib.font_manager - DEBUG - findfont: score(FontEntry(fname='C:\\Windows\\Fonts\\georgiai.ttf', name='Georgia', style='italic', variant='normal', weight=400, stretch='normal', size='scalable')) = 11.05
2026-02-21 13:25:10,463 - matplotlib.font_manager - DEBUG - findfont: score(FontEntry(fname='C:\\Windows\\Fonts\\HGXC_CNKI.TTF', name='HGXC_CNKI', style='normal', variant='normal', weight=400, stretch='normal', size='scalable')) = 10.05
2026-02-21 13:25:10,463 - matplotlib.font_manager - DEBUG - findfont: score(FontEntry(fname='C:\\Windows\\Fonts\\HGLS_CNKI.TTF', name='HGLS_CNKI', style='normal', variant='normal', weight=400, stretch='normal', size='scalable')) = 10.05
2026-02-21 13:25:10,463 - matplotlib.font_manager - DEBUG - findfont: score(FontEntry(fname='C:\\Windows\\Fonts\\HGY1_CNKI.TTF', name='HGY1_CNKI', style='normal', variant='normal', weight=400, stretch='normal', size='scalable')) = 10.05
2026-02-21 13:25:10,463 - matplotlib.font_manager - DEBUG - findfont: score(FontEntry(fname='C:\\Windows\\Fonts\\wingding.ttf', name='Wingdings', style='normal', variant='normal', weight=400, stretch='normal', size='scalable')) = 10.05
2026-02-21 13:25:10,463 - matplotlib.font_manager - DEBUG - findfont: score(FontEntry(fname='C:\\Windows\\Fonts\\trebucbd.ttf', name='Trebuchet MS', style='normal', variant='normal', weight=700, stretch='normal', size='scalable')) = 10.335
2026-02-21 13:25:10,463 - matplotlib.font_manager - DEBUG - findfont: score(FontEntry(fname='C:\\Windows\\Fonts\\HGMH_CNKI.TTF', name='HGMH_CNKI', style='normal', variant='normal', weight=400, stretch='normal', size='scalable')) = 10.05
2026-02-21 13:25:10,464 - matplotlib.font_manager - DEBUG - findfont: score(FontEntry(fname='C:\\Windows\\Fonts\\BSSYM7.TTF', name='Bookshelf Symbol 7', style='normal', variant='normal', weight=400, stretch='normal', size='scalable')) = 10.05
2026-02-21 13:25:10,464 - matplotlib.font_manager - DEBUG - findfont: score(FontEntry(fname='C:\\Windows\\Fonts\\comic.ttf', name='Comic Sans MS', style='normal', variant='normal', weight=400, stretch='normal', size='scalable')) = 10.05
2026-02-21 13:25:10,464 - matplotlib.font_manager - DEBUG - findfont: score(FontEntry(fname='C:\\Windows\\Fonts\\trebuc.ttf', name='Trebuchet MS', style='normal', variant='normal', weight=400, stretch='normal', size='scalable')) = 10.05
2026-02-21 13:25:10,464 - matplotlib.font_manager - DEBUG - findfont: score(FontEntry(fname='C:\\Windows\\Fonts\\HGDYS_CNKI.TTF', name='HGDYS_CNKI', style='normal', variant='normal', weight=400, stretch='normal', size='scalable')) = 10.05
2026-02-21 13:25:10,464 - matplotlib.font_manager - DEBUG - findfont: score(FontEntry(fname='C:\\Windows\\Fonts\\seguisli.ttf', name='Segoe UI', style='italic', variant='normal', weight=350, stretch='normal', size='scalable')) = 11.0975
2026-02-21 13:25:10,464 - matplotlib.font_manager - DEBUG - findfont: score(FontEntry(fname='C:\\Windows\\Fonts\\ntailu.ttf', name='Microsoft New Tai Lue', style='normal', variant='normal', weight=400, stretch='normal', size='scalable')) = 10.05
2026-02-21 13:25:10,464 - matplotlib.font_manager - DEBUG - findfont: score(FontEntry(fname='C:\\Windows\\Fonts\\HGH5X_CNKI.ttf', name='HGH5X_CNKI', style='normal', variant='normal', weight=400, stretch='normal', size='scalable')) = 10.05
2026-02-21 13:25:10,464 - matplotlib.font_manager - DEBUG - findfont: score(FontEntry(fname='C:\\Windows\\Fonts\\STSONG.TTF', name='STSong', style='normal', variant='normal', weight=400, stretch='normal', size='scalable')) = 10.05
2026-02-21 13:25:10,464 - matplotlib.font_manager - DEBUG - findfont: score(FontEntry(fname='C:\\Windows\\Fonts\\STHUPO.TTF', name='STHupo', style='normal', variant='normal', weight=400, stretch='normal', size='scalable')) = 10.05
2026-02-21 13:25:10,464 - matplotlib.font_manager - DEBUG - findfont: score(FontEntry(fname='C:\\Windows\\Fonts\\gadugi.ttf', name='Gadugi', style='normal', variant='normal', weight=400, stretch='normal', size='scalable')) = 10.05
2026-02-21 13:25:10,464 - matplotlib.font_manager - DEBUG - findfont: score(FontEntry(fname='C:\\Windows\\Fonts\\STZHONGS.TTF', name='STZhongsong', style='normal', variant='normal', weight=400, stretch='normal', size='scalable')) = 10.05
2026-02-21 13:25:10,464 - matplotlib.font_manager - DEBUG - findfont: score(FontEntry(fname='C:\\Windows\\Fonts\\HGB1_CNKI.ttf', name='HGB1_CNKI', style='normal', variant='normal', weight=400, stretch='normal', size='scalable')) = 10.05
2026-02-21 13:25:10,464 - matplotlib.font_manager - DEBUG - findfont: score(FontEntry(fname='C:\\Windows\\Fonts\\HGGG_CNKI.TTF', name='HGGG_CNKI', style='normal', variant='normal', weight=400, stretch='normal', size='scalable')) = 10.05
2026-02-21 13:25:10,464 - matplotlib.font_manager - DEBUG - findfont: score(FontEntry(fname='C:\\Windows\\Fonts\\courbi.ttf', name='Courier New', style='italic', variant='normal', weight=700, stretch='normal', size='scalable')) = 11.335
2026-02-21 13:25:10,464 - matplotlib.font_manager - DEBUG - findfont: score(FontEntry(fname='C:\\Windows\\Fonts\\HGF9X_CNKI.ttf', name='HGF9X_CNKI', style='normal', variant='normal', weight=400, stretch='normal', size='scalable')) = 10.05
2026-02-21 13:25:10,464 - matplotlib.font_manager - DEBUG - findfont: score(FontEntry(fname='C:\\Windows\\Fonts\\HGDH_CNKI.TTF', name='HGDH_CNKI', style='normal', variant='normal', weight=400, stretch='normal', size='scalable')) = 10.05
2026-02-21 13:25:10,464 - matplotlib.font_manager - DEBUG - findfont: score(FontEntry(fname='C:\\Windows\\Fonts\\HGB6_CNKI.ttf', name='HGB6_CNKI', style='normal', variant='normal', weight=400, stretch='normal', size='scalable')) = 10.05
2026-02-21 13:25:10,464 - matplotlib.font_manager - DEBUG - findfont: score(FontEntry(fname='C:\\Windows\\Fonts\\HGH7_CNKI.ttf', name='HGH7_CNKI', style='normal', variant='normal', weight=400, stretch='normal', size='scalable')) = 10.05
2026-02-21 13:25:10,464 - matplotlib.font_manager - DEBUG - findfont: score(FontEntry(fname='C:\\Windows\\Fonts\\simsun.ttc', name='SimSun', style='normal', variant='normal', weight=400, stretch='normal', size='scalable')) = 10.05
2026-02-21 13:25:10,464 - matplotlib.font_manager - DEBUG - findfont: score(FontEntry(fname='C:\\Windows\\Fonts\\HGZK_CNKI.TTF', name='HGZK_CNKI', style='normal', variant='normal', weight=400, stretch='normal', size='scalable')) = 10.05
2026-02-21 13:25:10,464 - matplotlib.font_manager - DEBUG - findfont: score(FontEntry(fname='C:\\Windows\\Fonts\\taile.ttf', name='Microsoft Tai Le', style='normal', variant='normal', weight=400, stretch='normal', size='scalable')) = 10.05
2026-02-21 13:25:10,464 - matplotlib.font_manager - DEBUG - findfont: score(FontEntry(fname='C:\\Windows\\Fonts\\seguili.ttf', name='Segoe UI', style='italic', variant='normal', weight=300, stretch='normal', size='scalable')) = 11.145
2026-02-21 13:25:10,464 - matplotlib.font_manager - DEBUG - findfont: score(FontEntry(fname='C:\\Windows\\Fonts\\HGF3_CNKI.ttf', name='HGF3_CNKI', style='normal', variant='normal', weight=400, stretch='normal', size='scalable')) = 10.05
2026-02-21 13:25:10,464 - matplotlib.font_manager - DEBUG - findfont: score(FontEntry(fname='C:\\Windows\\Fonts\\HGOCR_CNKI.ttf', name='HGOCR_CNKI', style='normal', variant='normal', weight=400, stretch='normal', size='scalable')) = 10.05
2026-02-21 13:25:10,464 - matplotlib.font_manager - DEBUG - findfont: score(FontEntry(fname='C:\\Windows\\Fonts\\HGF8_CNKI.ttf', name='HGF8_CNKI', style='normal', variant='normal', weight=400, stretch='normal', size='scalable')) = 10.05
2026-02-21 13:25:10,464 - matplotlib.font_manager - DEBUG - findfont: score(FontEntry(fname='C:\\Windows\\Fonts\\HGF1X_CNKI.ttf', name='HGF1X_CNKI', style='normal', variant='normal', weight=400, stretch='normal', size='scalable')) = 10.05
2026-02-21 13:25:10,464 - matplotlib.font_manager - DEBUG - findfont: score(FontEntry(fname='C:\\Windows\\Fonts\\HGF2_CNKI.ttf', name='HGF2_CNKI', style='normal', variant='normal', weight=400, stretch='normal', size='scalable')) = 10.05
2026-02-21 13:25:10,464 - matplotlib.font_manager - DEBUG - findfont: score(FontEntry(fname='C:\\Windows\\Fonts\\HGB2_CNKI.ttf', name='HGB2_CNKI', style='normal', variant='normal', weight=400, stretch='normal', size='scalable')) = 10.05
2026-02-21 13:25:10,464 - matplotlib.font_manager - DEBUG - findfont: score(FontEntry(fname='C:\\Windows\\Fonts\\cambria.ttc', name='Cambria', style='normal', variant='normal', weight=400, stretch='normal', size='scalable')) = 10.05
2026-02-21 13:25:10,464 - matplotlib.font_manager - DEBUG - findfont: score(FontEntry(fname='C:\\Windows\\Fonts\\HGF4X_CNKI.ttf', name='HGF4X_CNKI', style='normal', variant='normal', weight=400, stretch='normal', size='scalable')) = 10.05
2026-02-21 13:25:10,464 - matplotlib.font_manager - DEBUG - findfont: score(FontEntry(fname='C:\\Windows\\Fonts\\segoeprb.ttf', name='Segoe Print', style='normal', variant='normal', weight=700, stretch='normal', size='scalable')) = 10.335
2026-02-21 13:25:10,464 - matplotlib.font_manager - DEBUG - findfont: score(FontEntry(fname='C:\\Windows\\Fonts\\MTEXTRA.TTF', name='MT Extra', style='normal', variant='normal', weight=400, stretch='normal', size='scalable')) = 10.05
2026-02-21 13:25:10,464 - matplotlib.font_manager - DEBUG - findfont: score(FontEntry(fname='C:\\Windows\\Fonts\\seguibli.ttf', name='Segoe UI', style='italic', variant='normal', weight=900, stretch='normal', size='scalable')) = 11.525
2026-02-21 13:25:10,464 - matplotlib.font_manager - DEBUG - findfont: score(FontEntry(fname='C:\\Windows\\Fonts\\cambriaz.ttf', name='Cambria', style='italic', variant='normal', weight=700, stretch='normal', size='scalable')) = 11.335
2026-02-21 13:25:10,464 - matplotlib.font_manager - DEBUG - findfont: score(FontEntry(fname='C:\\Windows\\Fonts\\BOOKOSB.TTF', name='Bookman Old Style', style='normal', variant='normal', weight=600, stretch='normal', size='scalable')) = 10.24
2026-02-21 13:25:10,464 - matplotlib.font_manager - DEBUG - findfont: score(FontEntry(fname='C:\\Windows\\Fonts\\bahnschrift.ttf', name='Bahnschrift', style='normal', variant='normal', weight=400, stretch='normal', size='scalable')) = 10.05
2026-02-21 13:25:10,464 - matplotlib.font_manager - DEBUG - findfont: score(FontEntry(fname='C:\\Windows\\Fonts\\HGH5_CNKI.ttf', name='HGH5_CNKI', style='normal', variant='normal', weight=400, stretch='normal', size='scalable')) = 10.05
2026-02-21 13:25:10,464 - matplotlib.font_manager - DEBUG - findfont: score(FontEntry(fname='C:\\Windows\\Fonts\\ebrima.ttf', name='Ebrima', style='normal', variant='normal', weight=400, stretch='normal', size='scalable')) = 10.05
2026-02-21 13:25:10,464 - matplotlib.font_manager - DEBUG - findfont: score(FontEntry(fname='C:\\Windows\\Fonts\\STXINWEI.TTF', name='STXinwei', style='normal', variant='normal', weight=400, stretch='normal', size='scalable')) = 10.05
2026-02-21 13:25:10,464 - matplotlib.font_manager - DEBUG - findfont: score(FontEntry(fname='D:\\SceneBuilder\\runtime\\jre\\lib\\fonts\\LucidaBrightDemiItalic.ttf', name='Lucida Bright', style='italic', variant='normal', weight=700, stretch='normal', size='scalable')) = 11.335
2026-02-21 13:25:10,464 - matplotlib.font_manager - DEBUG - findfont: score(FontEntry(fname='C:\\Windows\\Fonts\\HGXF1_CNKI.ttf', name='HGXF1_CNKI', style='normal', variant='normal', weight=400, stretch='normal', size='scalable')) = 10.05
2026-02-21 13:25:10,464 - matplotlib.font_manager - DEBUG - findfont: score(FontEntry(fname='C:\\Windows\\Fonts\\Candarab.ttf', name='Candara', style='normal', variant='normal', weight=700, stretch='normal', size='scalable')) = 10.335
2026-02-21 13:25:10,464 - matplotlib.font_manager - DEBUG - findfont: score(FontEntry(fname='C:\\Windows\\Fonts\\HGH3_CNKI.ttf', name='HGH3_CNKI', style='normal', variant='normal', weight=400, stretch='normal', size='scalable')) = 10.05
2026-02-21 13:25:10,464 - matplotlib.font_manager - DEBUG - findfont: score(FontEntry(fname='D:\\SceneBuilder\\runtime\\jre\\lib\\fonts\\LucidaBrightDemiBold.ttf', name='Lucida Bright', style='normal', variant='normal', weight=700, stretch='normal', size='scalable')) = 10.335
2026-02-21 13:25:10,464 - matplotlib.font_manager - DEBUG - findfont: score(FontEntry(fname='C:\\Windows\\Fonts\\HGCUH_CNKI.TTF', name='HGCUH_CNKI', style='normal', variant='normal', weight=400, stretch='normal', size='scalable')) = 10.05
2026-02-21 13:25:10,464 - matplotlib.font_manager - DEBUG - findfont: score(FontEntry(fname='C:\\Windows\\Fonts\\HGHZ_CNKI.ttf', name='HGHZ_CNKI', style='normal', variant='normal', weight=400, stretch='normal', size='scalable')) = 10.05
2026-02-21 13:25:10,464 - matplotlib.font_manager - DEBUG - findfont: score(FontEntry(fname='C:\\Windows\\Fonts\\HGXBS_CNKI.TTF', name='HGXBS_CNKI', style='normal', variant='normal', weight=400, stretch='normal', size='scalable')) = 10.05
2026-02-21 13:25:10,466 - matplotlib.font_manager - DEBUG - findfont: score(FontEntry(fname='C:\\Windows\\Fonts\\Gabriola.ttf', name='Gabriola', style='normal', variant='normal', weight=400, stretch='normal', size='scalable')) = 10.05
2026-02-21 13:25:10,466 - matplotlib.font_manager - DEBUG - findfont: score(FontEntry(fname='C:\\Windows\\Fonts\\HGFX_CNKI.ttf', name='HGFX_CNKI', style='normal', variant='normal', weight=400, stretch='normal', size='scalable')) = 10.05
2026-02-21 13:25:10,466 - matplotlib.font_manager - DEBUG - findfont: score(FontEntry(fname='C:\\Windows\\Fonts\\HGBS_CNKI.TTF', name='HGBS_CNKI', style='normal', variant='normal', weight=400, stretch='normal', size='scalable')) = 10.05
2026-02-21 13:25:10,466 - matplotlib.font_manager - DEBUG - findfont: score(FontEntry(fname='C:\\Windows\\Fonts\\malgun.ttf', name='Malgun Gothic', style='normal', variant='normal', weight=400, stretch='normal', size='scalable')) = 10.05
2026-02-21 13:25:10,466 - matplotlib.font_manager - DEBUG - findfont: score(FontEntry(fname='C:\\Windows\\Fonts\\palabi.ttf', name='Palatino Linotype', style='italic', variant='normal', weight=700, stretch='normal', size='scalable')) = 11.335
2026-02-21 13:25:10,466 - matplotlib.font_manager - DEBUG - findfont: score(FontEntry(fname='C:\\Windows\\Fonts\\HGY3_CNKI.TTF', name='HGY3_CNKI', style='normal', variant='normal', weight=400, stretch='normal', size='scalable')) = 10.05
2026-02-21 13:25:10,466 - matplotlib.font_manager - DEBUG - findfont: score(FontEntry(fname='C:\\Windows\\Fonts\\BOOKOSBI.TTF', name='Bookman Old Style', style='italic', variant='normal', weight=600, stretch='normal', size='scalable')) = 11.24
2026-02-21 13:25:10,466 - matplotlib.font_manager - DEBUG - findfont: score(FontEntry(fname='C:\\Windows\\Fonts\\HGB7_CNKI.ttf', name='HGB7_CNKI', style='normal', variant='normal', weight=400, stretch='normal', size='scalable')) = 10.05
2026-02-21 13:25:10,466 - matplotlib.font_manager - DEBUG - findfont: score(FontEntry(fname='C:\\Windows\\Fonts\\HGBKBX_CNKI.ttf', name='HGBKBX_CNKI', style='normal', variant='normal', weight=400, stretch='normal', size='scalable')) = 10.05
2026-02-21 13:25:10,466 - matplotlib.font_manager - DEBUG - findfont: score(FontEntry(fname='C:\\Windows\\Fonts\\gadugib.ttf', name='Gadugi', style='normal', variant='normal', weight=700, stretch='normal', size='scalable')) = 10.335
2026-02-21 13:25:10,466 - matplotlib.font_manager - DEBUG - findfont: score(FontEntry(fname='C:\\Windows\\Fonts\\HGX1_CNKI.ttf', name='HGX1_CNKI', style='normal', variant='normal', weight=400, stretch='normal', size='scalable')) = 10.05
2026-02-21 13:25:10,466 - matplotlib.font_manager - DEBUG - findfont: score(FontEntry(fname='C:\\Windows\\Fonts\\HGF7_CNKI.ttf', name='HGF7_CNKI', style='normal', variant='normal', weight=400, stretch='normal', size='scalable')) = 10.05
2026-02-21 13:25:10,466 - matplotlib.font_manager - DEBUG - findfont: score(FontEntry(fname='C:\\Windows\\Fonts\\HGZY_CNKI.TTF', name='HGZY_CNKI', style='normal', variant='normal', weight=400, stretch='normal', size='scalable')) = 10.05
2026-02-21 13:25:10,466 - matplotlib.font_manager - DEBUG - findfont: score(FontEntry(fname='C:\\Windows\\Fonts\\HarmonyOS_Sans_SC_Regular.ttf', name='HarmonyOS Sans SC', style='normal', variant='normal', weight=400, stretch='normal', size='scalable')) = 10.05
2026-02-21 13:25:10,466 - matplotlib.font_manager - DEBUG - findfont: score(FontEntry(fname='C:\\Windows\\Fonts\\HGZYT_CNKI.TTF', name='HGZYT_CNKI', style='normal', variant='normal', weight=400, stretch='normal', size='scalable')) = 10.05
2026-02-21 13:25:10,466 - matplotlib.font_manager - DEBUG - findfont: score(FontEntry(fname='C:\\Windows\\Fonts\\HGWT_CNKI.TTF', name='HGWT_CNKI', style='normal', variant='normal', weight=400, stretch='normal', size='scalable')) = 10.05
2026-02-21 13:25:10,467 - matplotlib.font_manager - DEBUG - findfont: score(FontEntry(fname='C:\\Windows\\Fonts\\GARABD.TTF', name='Garamond', style='normal', variant='normal', weight=700, stretch='normal', size='scalable')) = 10.335
2026-02-21 13:25:10,467 - matplotlib.font_manager - DEBUG - findfont: score(FontEntry(fname='C:\\Windows\\Fonts\\HGH3X_CNKI.ttf', name='HGH3X_CNKI', style='normal', variant='normal', weight=400, stretch='normal', size='scalable')) = 10.05
2026-02-21 13:25:10,467 - matplotlib.font_manager - DEBUG - findfont: score(FontEntry(fname='C:\\Windows\\Fonts\\msyh.ttc', name='Microsoft YaHei', style='normal', variant='normal', weight=400, stretch='normal', size='scalable')) = 3.383333333333333
2026-02-21 13:25:10,467 - matplotlib.font_manager - DEBUG - findfont: score(FontEntry(fname='C:\\Windows\\Fonts\\mingliub.ttc', name='MingLiU-ExtB', style='normal', variant='normal', weight=400, stretch='normal', size='scalable')) = 10.05
2026-02-21 13:25:10,467 - matplotlib.font_manager - DEBUG - findfont: score(FontEntry(fname='C:\\Windows\\Fonts\\HGFS2_CNKI.TTF', name='HGFS2_CNKI', style='normal', variant='normal', weight=400, stretch='normal', size='scalable')) = 10.05
2026-02-21 13:25:10,467 - matplotlib.font_manager - DEBUG - findfont: score(FontEntry(fname='C:\\Windows\\Fonts\\timesbi.ttf', name='Times New Roman', style='italic', variant='normal', weight=700, stretch='normal', size='scalable')) = 11.335
2026-02-21 13:25:10,467 - matplotlib.font_manager - DEBUG - findfont: score(FontEntry(fname='C:\\Windows\\Fonts\\calibrii.ttf', name='Calibri', style='italic', variant='normal', weight=400, stretch='normal', size='scalable')) = 11.05
2026-02-21 13:25:10,467 - matplotlib.font_manager - DEBUG - findfont: score(FontEntry(fname='C:\\Windows\\Fonts\\seguisb.ttf', name='Segoe UI', style='normal', variant='normal', weight=600, stretch='normal', size='scalable')) = 10.24
2026-02-21 13:25:10,467 - matplotlib.font_manager - DEBUG - findfont: score(FontEntry(fname='C:\\Windows\\Fonts\\msjh.ttc', name='Microsoft JhengHei', style='normal', variant='normal', weight=400, stretch='normal', size='scalable')) = 10.05
2026-02-21 13:25:10,467 - matplotlib.font_manager - DEBUG - findfont: score(FontEntry(fname='C:\\Windows\\Fonts\\HGYT2_CNKI.ttf', name='HGYT2_CNKI', style='normal', variant='normal', weight=400, stretch='normal', size='scalable')) = 10.05
2026-02-21 13:25:10,467 - matplotlib.font_manager - DEBUG - findfont: score(FontEntry(fname='C:\\Windows\\Fonts\\simfang.ttf', name='FangSong', style='normal', variant='normal', weight=400, stretch='normal', size='scalable')) = 10.05
2026-02-21 13:25:10,467 - matplotlib.font_manager - DEBUG - findfont: score(FontEntry(fname='C:\\Windows\\Fonts\\HGF5X_CNKI.ttf', name='HGF5X_CNKI', style='normal', variant='normal', weight=400, stretch='normal', size='scalable')) = 10.05
2026-02-21 13:25:10,467 - matplotlib.font_manager - DEBUG - findfont: score(FontEntry(fname='C:\\Windows\\Fonts\\SIMYOU.TTF', name='YouYuan', style='normal', variant='normal', weight=400, stretch='normal', size='scalable')) = 10.05
2026-02-21 13:25:10,467 - matplotlib.font_manager - DEBUG - findfont: score(FontEntry(fname='C:\\Windows\\Fonts\\HGCH_CNKI.TTF', name='HGCH_CNKI', style='normal', variant='normal', weight=400, stretch='normal', size='scalable')) = 10.05
2026-02-21 13:25:10,467 - matplotlib.font_manager - DEBUG - findfont: score(FontEntry(fname='C:\\Windows\\Fonts\\ariblk.ttf', name='Arial', style='normal', variant='normal', weight=900, stretch='normal', size='scalable')) = 10.525
2026-02-21 13:25:10,467 - matplotlib.font_manager - DEBUG - findfont: score(FontEntry(fname='C:\\Windows\\Fonts\\HGXFZ_CNKI.ttf', name='HGXFZ_CNKI', style='normal', variant='normal', weight=400, stretch='normal', size='scalable')) = 10.05
2026-02-21 13:25:10,467 - matplotlib.font_manager - DEBUG - findfont: score(FontEntry(fname='C:\\Windows\\Fonts\\georgiaz.ttf', name='Georgia', style='italic', variant='normal', weight=700, stretch='normal', size='scalable')) = 11.335
2026-02-21 13:25:10,467 - matplotlib.font_manager - DEBUG - findfont: score(FontEntry(fname='C:\\Windows\\Fonts\\PRISTINA.TTF', name='Pristina', style='normal', variant='normal', weight=400, stretch='normal', size='scalable')) = 10.05
2026-02-21 13:25:10,467 - matplotlib.font_manager - DEBUG - findfont: score(FontEntry(fname='C:\\Windows\\Fonts\\BOOKOSI.TTF', name='Bookman Old Style', style='italic', variant='normal', weight=300, stretch='normal', size='scalable')) = 11.145
2026-02-21 13:25:10,467 - matplotlib.font_manager - DEBUG - findfont: score(FontEntry(fname='C:\\Windows\\Fonts\\HGXL_CNKI.TTF', name='HGXL_CNKI', style='normal', variant='normal', weight=400, stretch='normal', size='scalable')) = 10.05
2026-02-21 13:25:10,467 - matplotlib.font_manager - DEBUG - findfont: score(FontEntry(fname='C:\\Windows\\Fonts\\DUBAI-BOLD.TTF', name='Dubai', style='normal', variant='normal', weight=700, stretch='normal', size='scalable')) = 10.335
2026-02-21 13:25:10,467 - matplotlib.font_manager - DEBUG - findfont: score(FontEntry(fname='C:\\Windows\\Fonts\\HGCY_CNKI.TTF', name='HGCY_CNKI', style='normal', variant='normal', weight=400, stretch='normal', size='scalable')) = 10.05
2026-02-21 13:25:10,467 - matplotlib.font_manager - DEBUG - findfont: score(FontEntry(fname='D:\\SceneBuilder\\runtime\\jre\\lib\\fonts\\LucidaTypewriterRegular.ttf', name='Lucida Sans Typewriter', style='normal', variant='normal', weight=400, stretch='normal', size='scalable')) = 10.05
2026-02-21 13:25:10,467 - matplotlib.font_manager - DEBUG - findfont: score(FontEntry(fname='C:\\Windows\\Fonts\\ANTQUABI.TTF', name='Book Antiqua', style='italic', variant='normal', weight=700, stretch='normal', size='scalable')) = 11.335
2026-02-21 13:25:10,467 - matplotlib.font_manager - DEBUG - findfont: score(FontEntry(fname='C:\\Windows\\Fonts\\LeelUIsl.ttf', name='Leelawadee UI', style='normal', variant='normal', weight=350, stretch='normal', size='scalable')) = 10.0975
2026-02-21 13:25:10,468 - matplotlib.font_manager - DEBUG - findfont: score(FontEntry(fname='C:\\Windows\\Fonts\\HGBZ_CNKI.ttf', name='HGBZ_CNKI', style='normal', variant='normal', weight=400, stretch='normal', size='scalable')) = 10.05
2026-02-21 13:25:10,468 - matplotlib.font_manager - DEBUG - findfont: score(FontEntry(fname='C:\\Windows\\Fonts\\HGKT2_CNKI.TTF', name='HGKT2_CNKI', style='normal', variant='normal', weight=400, stretch='normal', size='scalable')) = 10.05
2026-02-21 13:25:10,468 - matplotlib.font_manager - DEBUG - findfont: score(FontEntry(fname='C:\\Windows\\Fonts\\corbelb.ttf', name='Corbel', style='normal', variant='normal', weight=700, stretch='normal', size='scalable')) = 10.335
2026-02-21 13:25:10,468 - matplotlib.font_manager - DEBUG - findfont: score(FontEntry(fname='C:\\Windows\\Fonts\\HGFSH_CNKI.TTF', name='HGFSH_CNKI', style='normal', variant='normal', weight=400, stretch='normal', size='scalable')) = 10.05
2026-02-21 13:25:10,468 - matplotlib.font_manager - DEBUG - findfont: score(FontEntry(fname='C:\\Windows\\Fonts\\palai.ttf', name='Palatino Linotype', style='italic', variant='normal', weight=400, stretch='normal', size='scalable')) = 11.05
2026-02-21 13:25:10,468 - matplotlib.font_manager - DEBUG - findfont: score(FontEntry(fname='C:\\Windows\\Fonts\\Dengl.ttf', name='DengXian', style='normal', variant='normal', weight=300, stretch='normal', size='scalable')) = 10.145
2026-02-21 13:25:10,468 - matplotlib.font_manager - DEBUG - findfont: score(FontEntry(fname='C:\\Windows\\Fonts\\mmrtextb.ttf', name='Myanmar Text', style='normal', variant='normal', weight=700, stretch='normal', size='scalable')) = 10.335
2026-02-21 13:25:10,468 - matplotlib.font_manager - DEBUG - findfont: score(FontEntry(fname='C:\\Windows\\Fonts\\FZSTK.TTF', name='FZShuTi', style='normal', variant='normal', weight=400, stretch='normal', size='scalable')) = 10.05
2026-02-21 13:25:10,468 - matplotlib.font_manager - DEBUG - findfont: score(FontEntry(fname='C:\\Windows\\Fonts\\ARIALNBI.TTF', name='Arial', style='italic', variant='normal', weight=700, stretch='condensed', size='scalable')) = 11.535
2026-02-21 13:25:10,468 - matplotlib.font_manager - DEBUG - findfont: score(FontEntry(fname='C:\\Windows\\Fonts\\HGH1_CNKI.ttf', name='HGH1_CNKI', style='normal', variant='normal', weight=400, stretch='normal', size='scalable')) = 10.05
2026-02-21 13:25:10,468 - matplotlib.font_manager - DEBUG - findfont: score(FontEntry(fname='C:\\Windows\\Fonts\\STCAIYUN.TTF', name='STCaiyun', style='normal', variant='normal', weight=400, stretch='normal', size='scalable')) = 10.05
2026-02-21 13:25:10,468 - matplotlib.font_manager - DEBUG - findfont: score(FontEntry(fname='C:\\Windows\\Fonts\\LeelawUI.ttf', name='Leelawadee UI', style='normal', variant='normal', weight=400, stretch='normal', size='scalable')) = 10.05
2026-02-21 13:25:10,468 - matplotlib.font_manager - DEBUG - findfont: score(FontEntry(fname='C:\\Windows\\Fonts\\PAPYRUS.TTF', name='Papyrus', style='normal', variant='normal', weight=400, stretch='normal', size='scalable')) = 10.05
2026-02-21 13:25:10,468 - matplotlib.font_manager - DEBUG - findfont: score(FontEntry(fname='C:\\Windows\\Fonts\\HGH2X_CNKI.ttf', name='HGH2X_CNKI', style='normal', variant='normal', weight=400, stretch='normal', size='scalable')) = 10.05
2026-02-21 13:25:10,468 - matplotlib.font_manager - DEBUG - findfont: score(FontEntry(fname='C:\\Windows\\Fonts\\CascadiaCode.ttf', name='Cascadia Code', style='normal', variant='normal', weight=400, stretch='normal', size='scalable')) = 10.05
2026-02-21 13:25:10,468 - matplotlib.font_manager - DEBUG - findfont: score(FontEntry(fname='C:\\Windows\\Fonts\\HGKY_CNKI.ttf', name='HGKY_CNKI', style='normal', variant='normal', weight=400, stretch='normal', size='scalable')) = 10.05
2026-02-21 13:25:10,468 - matplotlib.font_manager - DEBUG - findfont: score(FontEntry(fname='D:\\软件\\PDF\\acrobat PDF\\Resource\\Font\\AdobeDevanagari-BoldItalic.otf', name='Adobe Devanagari', style='italic', variant='normal', weight=700, stretch='normal', size='scalable')) = 11.335
2026-02-21 13:25:10,468 - matplotlib.font_manager - DEBUG - findfont: score(FontEntry(fname='C:\\Windows\\Fonts\\malgunbd.ttf', name='Malgun Gothic', style='normal', variant='normal', weight=700, stretch='normal', size='scalable')) = 10.335
2026-02-21 13:25:10,468 - matplotlib.font_manager - DEBUG - findfont: score(FontEntry(fname='C:\\Windows\\Fonts\\seguisbi.ttf', name='Segoe UI', style='italic', variant='normal', weight=600, stretch='normal', size='scalable')) = 11.24
2026-02-21 13:25:10,468 - matplotlib.font_manager - DEBUG - findfont: score(FontEntry(fname='C:\\Windows\\Fonts\\cambriab.ttf', name='Cambria', style='normal', variant='normal', weight=700, stretch='normal', size='scalable')) = 10.335
2026-02-21 13:25:10,468 - matplotlib.font_manager - DEBUG - findfont: score(FontEntry(fname='C:\\Windows\\Fonts\\framdit.ttf', name='Franklin Gothic Medium', style='italic', variant='normal', weight=400, stretch='normal', size='scalable')) = 11.05
2026-02-21 13:25:10,468 - matplotlib.font_manager - DEBUG - findfont: score(FontEntry(fname='C:\\Windows\\Fonts\\HGHP_CNKI.TTF', name='HGHP_CNKI', style='normal', variant='normal', weight=400, stretch='normal', size='scalable')) = 10.05
2026-02-21 13:25:10,468 - matplotlib.font_manager - DEBUG - findfont: score(FontEntry(fname='C:\\Windows\\Fonts\\micross.ttf', name='Microsoft Sans Serif', style='normal', variant='normal', weight=400, stretch='normal', size='scalable')) = 10.05
2026-02-21 13:25:10,468 - matplotlib.font_manager - DEBUG - findfont: score(FontEntry(fname='C:\\Windows\\Fonts\\HGXFX_CNKI.ttf', name='HGXFX_CNKI', style='normal', variant='normal', weight=400, stretch='normal', size='scalable')) = 10.05
2026-02-21 13:25:10,468 - matplotlib.font_manager - DEBUG - findfont: score(FontEntry(fname='C:\\Windows\\Fonts\\HGTX_CNKI.TTF', name='HGTX_CNKI', style='normal', variant='normal', weight=400, stretch='normal', size='scalable')) = 10.05
2026-02-21 13:25:10,468 - matplotlib.font_manager - DEBUG - findfont: score(FontEntry(fname='C:\\Windows\\Fonts\\taileb.ttf', name='Microsoft Tai Le', style='normal', variant='normal', weight=700, stretch='normal', size='scalable')) = 10.335
2026-02-21 13:25:10,468 - matplotlib.font_manager - DEBUG - findfont: score(FontEntry(fname='C:\\Windows\\Fonts\\YuGothR.ttc', name='Yu Gothic', style='normal', variant='normal', weight=400, stretch='normal', size='scalable')) = 10.05
2026-02-21 13:25:10,468 - matplotlib.font_manager - DEBUG - findfont: score(FontEntry(fname='C:\\Windows\\Fonts\\simsunb.ttf', name='SimSun-ExtB', style='normal', variant='normal', weight=400, stretch='normal', size='scalable')) = 10.05
2026-02-21 13:25:10,468 - matplotlib.font_manager - DEBUG - findfont: score(FontEntry(fname='C:\\Windows\\Fonts\\Candarai.ttf', name='Candara', style='italic', variant='normal', weight=400, stretch='normal', size='scalable')) = 11.05
2026-02-21 13:25:10,468 - matplotlib.font_manager - DEBUG - findfont: score(FontEntry(fname='C:\\Windows\\Fonts\\timesbd.ttf', name='Times New Roman', style='normal', variant='normal', weight=700, stretch='normal', size='scalable')) = 10.335
2026-02-21 13:25:10,468 - matplotlib.font_manager - DEBUG - findfont: score(FontEntry(fname='C:\\Windows\\Fonts\\HGB1X_CNKI.ttf', name='HGB1X_CNKI', style='normal', variant='normal', weight=400, stretch='normal', size='scalable')) = 10.05
2026-02-21 13:25:10,468 - matplotlib.font_manager - DEBUG - findfont: score(FontEntry(fname='C:\\Windows\\Fonts\\HGHT1_CNKI.ttf', name='HGHT1_CNKI', style='normal', variant='normal', weight=400, stretch='normal', size='scalable')) = 10.05
2026-02-21 13:25:10,468 - matplotlib.font_manager - DEBUG - findfont: score(FontEntry(fname='C:\\Windows\\Fonts\\msyhbd.ttc', name='Microsoft YaHei', style='normal', variant='normal', weight=700, stretch='normal', size='scalable')) = 3.668333333333333
2026-02-21 13:25:10,468 - matplotlib.font_manager - DEBUG - findfont: score(FontEntry(fname='C:\\Windows\\Fonts\\HGF1_CNKI.ttf', name='HGF1_CNKI', style='normal', variant='normal', weight=400, stretch='normal', size='scalable')) = 10.05
2026-02-21 13:25:10,469 - matplotlib.font_manager - DEBUG - findfont: score(FontEntry(fname='C:\\Windows\\Fonts\\monbaiti.ttf', name='Mongolian Baiti', style='normal', variant='normal', weight=400, stretch='normal', size='scalable')) = 10.05
2026-02-21 13:25:10,469 - matplotlib.font_manager - DEBUG - findfont: score(FontEntry(fname='C:\\Windows\\Fonts\\HGWYS_CNKI.TTF', name='HGWYS_CNKI', style='normal', variant='normal', weight=400, stretch='normal', size='scalable')) = 10.05
2026-02-21 13:25:10,469 - matplotlib.font_manager - DEBUG - findfont: score(FontEntry(fname='C:\\Windows\\Fonts\\HGNBS_CNKI.ttf', name='HGNBS_CNKI', style='normal', variant='normal', weight=400, stretch='normal', size='scalable')) = 10.05
2026-02-21 13:25:10,469 - matplotlib.font_manager - DEBUG - findfont: score(FontEntry(fname='C:\\Windows\\Fonts\\cour.ttf', name='Courier New', style='normal', variant='normal', weight=400, stretch='normal', size='scalable')) = 10.05
2026-02-21 13:25:10,469 - matplotlib.font_manager - DEBUG - findfont: score(FontEntry(fname='C:\\Windows\\Fonts\\calibrib.ttf', name='Calibri', style='normal', variant='normal', weight=700, stretch='normal', size='scalable')) = 10.335
2026-02-21 13:25:10,469 - matplotlib.font_manager - DEBUG - findfont: score(FontEntry(fname='C:\\Windows\\Fonts\\verdanaz.ttf', name='Verdana', style='italic', variant='normal', weight=700, stretch='normal', size='scalable')) = 11.335
2026-02-21 13:25:10,469 - matplotlib.font_manager - DEBUG - findfont: score(FontEntry(fname='C:\\Windows\\Fonts\\symbol.ttf', name='Symbol', style='normal', variant='normal', weight=400, stretch='normal', size='scalable')) = 10.05
2026-02-21 13:25:10,469 - matplotlib.font_manager - DEBUG - findfont: score(FontEntry(fname='C:\\Windows\\Fonts\\HGB8X_CNKI.ttf', name='HGB8X_CNKI', style='normal', variant='normal', weight=400, stretch='normal', size='scalable')) = 10.05
2026-02-21 13:25:10,469 - matplotlib.font_manager - DEBUG - findfont: score(FontEntry(fname='C:\\Windows\\Fonts\\LHANDW.TTF', name='Lucida Handwriting', style='italic', variant='normal', weight=400, stretch='normal', size='scalable')) = 11.05
2026-02-21 13:25:10,469 - matplotlib.font_manager - DEBUG - findfont: score(FontEntry(fname='C:\\Windows\\Fonts\\tahoma.ttf', name='Tahoma', style='normal', variant='normal', weight=400, stretch='normal', size='scalable')) = 10.05
2026-02-21 13:25:10,469 - matplotlib.font_manager - DEBUG - findfont: score(FontEntry(fname='C:\\Windows\\Fonts\\constanb.ttf', name='Constantia', style='normal', variant='normal', weight=700, stretch='normal', size='scalable')) = 10.335
2026-02-21 13:25:10,469 - matplotlib.font_manager - DEBUG - findfont: score(FontEntry(fname='C:\\Windows\\Fonts\\calibriz.ttf', name='Calibri', style='italic', variant='normal', weight=700, stretch='normal', size='scalable')) = 11.335
2026-02-21 13:25:10,469 - matplotlib.font_manager - DEBUG - findfont: score(FontEntry(fname='C:\\Windows\\Fonts\\HGYT_CNKI.TTF', name='HGYT_CNKI', style='normal', variant='normal', weight=400, stretch='normal', size='scalable')) = 10.05
2026-02-21 13:25:10,469 - matplotlib.font_manager - DEBUG - findfont: score(FontEntry(fname='C:\\Windows\\Fonts\\HGF2X_CNKI.ttf', name='HGF2X_CNKI', style='normal', variant='normal', weight=400, stretch='normal', size='scalable')) = 10.05
2026-02-21 13:25:10,469 - matplotlib.font_manager - DEBUG - findfont: score(FontEntry(fname='C:\\Windows\\Fonts\\HGSS2_CNKI.TTF', name='HGSS2_CNKI', style='normal', variant='normal', weight=400, stretch='normal', size='scalable')) = 10.05
2026-02-21 13:25:10,469 - matplotlib.font_manager - DEBUG - findfont: score(FontEntry(fname='C:\\Windows\\Fonts\\segoescb.ttf', name='Segoe Script', style='normal', variant='normal', weight=700, stretch='normal', size='scalable')) = 10.335
2026-02-21 13:25:10,469 - matplotlib.font_manager - DEBUG - findfont: score(FontEntry(fname='C:\\Windows\\Fonts\\verdana.ttf', name='Verdana', style='normal', variant='normal', weight=400, stretch='normal', size='scalable')) = 10.05
2026-02-21 13:25:10,469 - matplotlib.font_manager - DEBUG - findfont: score(FontEntry(fname='C:\\Windows\\Fonts\\HGY4_CNKI.TTF', name='HGY4_CNKI', style='normal', variant='normal', weight=400, stretch='normal', size='scalable')) = 10.05
2026-02-21 13:25:10,469 - matplotlib.font_manager - DEBUG - findfont: score(FontEntry(fname='C:\\Windows\\Fonts\\SIMLI.TTF', name='LiSu', style='normal', variant='normal', weight=400, stretch='normal', size='scalable')) = 10.05
2026-02-21 13:25:10,469 - matplotlib.font_manager - DEBUG - findfont: score(FontEntry(fname='C:\\Windows\\Fonts\\HGBD_CNKI.ttf', name='HGBD_CNKI', style='normal', variant='normal', weight=400, stretch='normal', size='scalable')) = 10.05
2026-02-21 13:25:10,469 - matplotlib.font_manager - DEBUG - findfont: score(FontEntry(fname='C:\\Windows\\Fonts\\HGBTS_CNKI.TTF', name='HGBTS_CNKI', style='normal', variant='normal', weight=400, stretch='normal', size='scalable')) = 10.05
2026-02-21 13:25:10,469 - matplotlib.font_manager - DEBUG - findfont: score(FontEntry(fname='C:\\Windows\\Fonts\\seguibl.ttf', name='Segoe UI', style='normal', variant='normal', weight=900, stretch='normal', size='scalable')) = 10.525
2026-02-21 13:25:10,469 - matplotlib.font_manager - DEBUG - findfont: score(FontEntry(fname='C:\\Windows\\Fonts\\webdings.ttf', name='Webdings', style='normal', variant='normal', weight=400, stretch='normal', size='scalable')) = 10.05
2026-02-21 13:25:10,469 - matplotlib.font_manager - DEBUG - findfont: score(FontEntry(fname='C:\\Windows\\Fonts\\SitkaVF.ttf', name='Sitka', style='normal', variant='normal', weight=400, stretch='normal', size='scalable')) = 10.05
2026-02-21 13:25:10,469 - matplotlib.font_manager - DEBUG - findfont: score(FontEntry(fname='C:\\Windows\\Fonts\\HGB4_CNKI.ttf', name='HGB4_CNKI', style='normal', variant='normal', weight=400, stretch='normal', size='scalable')) = 10.05
2026-02-21 13:25:10,469 - matplotlib.font_manager - DEBUG - findfont: score(FontEntry(fname='C:\\Windows\\Fonts\\segoeuib.ttf', name='Segoe UI', style='normal', variant='normal', weight=700, stretch='normal', size='scalable')) = 10.335
2026-02-21 13:25:10,469 - matplotlib.font_manager - DEBUG - findfont: score(FontEntry(fname='C:\\Windows\\Fonts\\pala.ttf', name='Palatino Linotype', style='normal', variant='normal', weight=400, stretch='normal', size='scalable')) = 10.05
2026-02-21 13:25:10,469 - matplotlib.font_manager - DEBUG - findfont: score(FontEntry(fname='C:\\Windows\\Fonts\\simkai.ttf', name='KaiTi', style='normal', variant='normal', weight=400, stretch='normal', size='scalable')) = 10.05
2026-02-21 13:25:10,469 - matplotlib.font_manager - DEBUG - findfont: score(FontEntry(fname='C:\\Windows\\Fonts\\HGHX_CNKI.ttf', name='HGHX_CNKI', style='normal', variant='normal', weight=400, stretch='normal', size='scalable')) = 10.05
2026-02-21 13:25:10,469 - matplotlib.font_manager - DEBUG - findfont: score(FontEntry(fname='C:\\Windows\\Fonts\\SitkaVF-Italic.ttf', name='Sitka', style='italic', variant='normal', weight=400, stretch='normal', size='scalable')) = 11.05
2026-02-21 13:25:10,469 - matplotlib.font_manager - DEBUG - findfont: score(FontEntry(fname='D:\\软件\\PDF\\acrobat PDF\\Resource\\Font\\AdobeDevanagari-Italic.otf', name='Adobe Devanagari', style='italic', variant='normal', weight=400, stretch='normal', size='scalable')) = 11.05
2026-02-21 13:25:10,469 - matplotlib.font_manager - DEBUG - findfont: score(FontEntry(fname='C:\\Windows\\Fonts\\himalaya.ttf', name='Microsoft Himalaya', style='normal', variant='normal', weight=400, stretch='normal', size='scalable')) = 10.05
2026-02-21 13:25:10,469 - matplotlib.font_manager - DEBUG - findfont: score(FontEntry(fname='C:\\Windows\\Fonts\\HGH6X_CNKI.ttf', name='HGH6X_CNKI', style='normal', variant='normal', weight=400, stretch='normal', size='scalable')) = 10.05
2026-02-21 13:25:10,469 - matplotlib.font_manager - DEBUG - findfont: score(FontEntry(fname='C:\\Windows\\Fonts\\HGHUATI_CNKI.ttf', name='HGHUATI_CNKI', style='normal', variant='normal', weight=400, stretch='normal', size='scalable')) = 10.05
2026-02-21 13:25:10,469 - matplotlib.font_manager - DEBUG - findfont: score(FontEntry(fname='C:\\Windows\\Fonts\\GOTHICI.TTF', name='Century Gothic', style='italic', variant='normal', weight=400, stretch='normal', size='scalable')) = 11.05
2026-02-21 13:25:10,469 - matplotlib.font_manager - DEBUG - findfont: score(FontEntry(fname='C:\\Windows\\Fonts\\HGBS1_CNKI.TTF', name='HGBS1_CNKI', style='normal', variant='normal', weight=400, stretch='normal', size='scalable')) = 10.05
2026-02-21 13:25:10,469 - matplotlib.font_manager - DEBUG - findfont: score(FontEntry(fname='C:\\Windows\\Fonts\\segoeui.ttf', name='Segoe UI', style='normal', variant='normal', weight=400, stretch='normal', size='scalable')) = 10.05
2026-02-21 13:25:10,469 - matplotlib.font_manager - DEBUG - findfont: score(FontEntry(fname='C:\\Windows\\Fonts\\GARAIT.TTF', name='Garamond', style='italic', variant='normal', weight=400, stretch='normal', size='scalable')) = 11.05
2026-02-21 13:25:10,469 - matplotlib.font_manager - DEBUG - findfont: score(FontEntry(fname='C:\\Windows\\Fonts\\seguisym.ttf', name='Segoe UI Symbol', style='normal', variant='normal', weight=400, stretch='normal', size='scalable')) = 10.05
2026-02-21 13:25:10,469 - matplotlib.font_manager - DEBUG - findfont: score(FontEntry(fname='C:\\Windows\\Fonts\\comicz.ttf', name='Comic Sans MS', style='italic', variant='normal', weight=700, stretch='normal', size='scalable')) = 11.335
2026-02-21 13:25:10,469 - matplotlib.font_manager - DEBUG - findfont: score(FontEntry(fname='C:\\Windows\\Fonts\\msjhbd.ttc', name='Microsoft JhengHei', style='normal', variant='normal', weight=700, stretch='normal', size='scalable')) = 10.335
2026-02-21 13:25:10,469 - matplotlib.font_manager - DEBUG - findfont: score(FontEntry(fname='C:\\Windows\\Fonts\\HGSXT_CNKI.ttf', name='HGSXT_CNKI', style='normal', variant='normal', weight=400, stretch='normal', size='scalable')) = 10.05
2026-02-21 13:25:10,469 - matplotlib.font_manager - DEBUG - findfont: score(FontEntry(fname='C:\\Windows\\Fonts\\Candara.ttf', name='Candara', style='normal', variant='normal', weight=400, stretch='normal', size='scalable')) = 10.05
2026-02-21 13:25:10,469 - matplotlib.font_manager - DEBUG - findfont: score(FontEntry(fname='C:\\Windows\\Fonts\\JUICE___.TTF', name='Juice ITC', style='normal', variant='normal', weight=400, stretch='normal', size='scalable')) = 10.05
2026-02-21 13:25:10,469 - matplotlib.font_manager - DEBUG - findfont: score(FontEntry(fname='C:\\Windows\\Fonts\\YuGothM.ttc', name='Yu Gothic', style='normal', variant='normal', weight=500, stretch='normal', size='scalable')) = 10.145
2026-02-21 13:25:10,469 - matplotlib.font_manager - DEBUG - findfont: score(FontEntry(fname='C:\\Windows\\Fonts\\impact.ttf', name='Impact', style='normal', variant='normal', weight=400, stretch='normal', size='scalable')) = 10.05
2026-02-21 13:25:10,469 - matplotlib.font_manager - DEBUG - findfont: score(FontEntry(fname='C:\\Windows\\Fonts\\HGF6X_CNKI.ttf', name='HGF6X_CNKI', style='normal', variant='normal', weight=400, stretch='normal', size='scalable')) = 10.05
2026-02-21 13:25:10,469 - matplotlib.font_manager - DEBUG - findfont: score(FontEntry(fname='C:\\Windows\\Fonts\\HGB5X_CNKI.ttf', name='HGB5X_CNKI', style='normal', variant='normal', weight=400, stretch='normal', size='scalable')) = 10.05
2026-02-21 13:25:10,469 - matplotlib.font_manager - DEBUG - findfont: Matching sans\-serif:style=normal:variant=normal:weight=normal:stretch=normal:size=10.0 to SimHei ('C:\\Windows\\Fonts\\simhei.ttf') with score of 0.050000.
2026-02-21 13:25:12,254 - matplotlib.colorbar - DEBUG - locator: <matplotlib.ticker.AutoLocator object at 0x000001C8CB0639E0>
2026-02-21 13:25:12,269 - matplotlib.font_manager - DEBUG - findfont: Matching sans\-serif:style=normal:variant=normal:weight=bold:stretch=normal:size=16.0.
2026-02-21 13:25:12,269 - matplotlib.font_manager - DEBUG - findfont: score(FontEntry(fname='D:\\anaconda\\Lib\\site-packages\\matplotlib\\mpl-data\\fonts\\ttf\\STIXSizOneSymReg.ttf', name='STIXSizeOneSym', style='normal', variant='normal', weight=400, stretch='normal', size='scalable')) = 10.335
2026-02-21 13:25:12,269 - matplotlib.font_manager - DEBUG - findfont: score(FontEntry(fname='D:\\anaconda\\Lib\\site-packages\\matplotlib\\mpl-data\\fonts\\ttf\\STIXSizTwoSymReg.ttf', name='STIXSizeTwoSym', style='normal', variant='normal', weight=400, stretch='normal', size='scalable')) = 10.335
2026-02-21 13:25:12,269 - matplotlib.font_manager - DEBUG - findfont: score(FontEntry(fname='D:\\anaconda\\Lib\\site-packages\\matplotlib\\mpl-data\\fonts\\ttf\\DejaVuSerifDisplay.ttf', name='DejaVu Serif Display', style='normal', variant='normal', weight=400, stretch='normal', size='scalable')) = 10.335
2026-02-21 13:25:12,269 - matplotlib.font_manager - DEBUG - findfont: score(FontEntry(fname='D:\\anaconda\\Lib\\site-packages\\matplotlib\\mpl-data\\fonts\\ttf\\cmr10.ttf', name='cmr10', style='normal', variant='normal', weight=400, stretch='normal', size='scalable')) = 10.335
2026-02-21 13:25:12,269 - matplotlib.font_manager - DEBUG - findfont: score(FontEntry(fname='D:\\anaconda\\Lib\\site-packages\\matplotlib\\mpl-data\\fonts\\ttf\\DejaVuSerif-Italic.ttf', name='DejaVu Serif', style='italic', variant='normal', weight=400, stretch='normal', size='scalable')) = 11.335
2026-02-21 13:25:12,269 - matplotlib.font_manager - DEBUG - findfont: score(FontEntry(fname='D:\\anaconda\\Lib\\site-packages\\matplotlib\\mpl-data\\fonts\\ttf\\cmsy10.ttf', name='cmsy10', style='normal', variant='normal', weight=400, stretch='normal', size='scalable')) = 10.335
2026-02-21 13:25:12,269 - matplotlib.font_manager - DEBUG - findfont: score(FontEntry(fname='D:\\anaconda\\Lib\\site-packages\\matplotlib\\mpl-data\\fonts\\ttf\\DejaVuSansMono-Oblique.ttf', name='DejaVu Sans Mono', style='oblique', variant='normal', weight=400, stretch='normal', size='scalable')) = 11.335
2026-02-21 13:25:12,269 - matplotlib.font_manager - DEBUG - findfont: score(FontEntry(fname='D:\\anaconda\\Lib\\site-packages\\matplotlib\\mpl-data\\fonts\\ttf\\STIXGeneralBolIta.ttf', name='STIXGeneral', style='italic', variant='normal', weight=700, stretch='normal', size='scalable')) = 11.05
2026-02-21 13:25:12,269 - matplotlib.font_manager - DEBUG - findfont: score(FontEntry(fname='D:\\anaconda\\Lib\\site-packages\\matplotlib\\mpl-data\\fonts\\ttf\\STIXNonUni.ttf', name='STIXNonUnicode', style='normal', variant='normal', weight=400, stretch='normal', size='scalable')) = 10.335
2026-02-21 13:25:12,269 - matplotlib.font_manager - DEBUG - findfont: score(FontEntry(fname='D:\\anaconda\\Lib\\site-packages\\matplotlib\\mpl-data\\fonts\\ttf\\STIXGeneralItalic.ttf', name='STIXGeneral', style='italic', variant='normal', weight=400, stretch='normal', size='scalable')) = 11.335
2026-02-21 13:25:12,270 - matplotlib.font_manager - DEBUG - findfont: score(FontEntry(fname='D:\\anaconda\\Lib\\site-packages\\matplotlib\\mpl-data\\fonts\\ttf\\DejaVuSerif-BoldItalic.ttf', name='DejaVu Serif', style='italic', variant='normal', weight=700, stretch='normal', size='scalable')) = 11.05
2026-02-21 13:25:12,270 - matplotlib.font_manager - DEBUG - findfont: score(FontEntry(fname='D:\\anaconda\\Lib\\site-packages\\matplotlib\\mpl-data\\fonts\\ttf\\DejaVuSansMono-Bold.ttf', name='DejaVu Sans Mono', style='normal', variant='normal', weight=700, stretch='normal', size='scalable')) = 10.05
2026-02-21 13:25:12,270 - matplotlib.font_manager - DEBUG - findfont: score(FontEntry(fname='D:\\anaconda\\Lib\\site-packages\\matplotlib\\mpl-data\\fonts\\ttf\\STIXNonUniBolIta.ttf', name='STIXNonUnicode', style='italic', variant='normal', weight=700, stretch='normal', size='scalable')) = 11.05
2026-02-21 13:25:12,270 - matplotlib.font_manager - DEBUG - findfont: score(FontEntry(fname='D:\\anaconda\\Lib\\site-packages\\matplotlib\\mpl-data\\fonts\\ttf\\DejaVuSans-BoldOblique.ttf', name='DejaVu Sans', style='oblique', variant='normal', weight=700, stretch='normal', size='scalable')) = 7.716666666666666
2026-02-21 13:25:12,270 - matplotlib.font_manager - DEBUG - findfont: score(FontEntry(fname='D:\\anaconda\\Lib\\site-packages\\matplotlib\\mpl-data\\fonts\\ttf\\STIXSizOneSymBol.ttf', name='STIXSizeOneSym', style='normal', variant='normal', weight=700, stretch='normal', size='scalable')) = 10.05
2026-02-21 13:25:12,270 - matplotlib.font_manager - DEBUG - findfont: score(FontEntry(fname='D:\\anaconda\\Lib\\site-packages\\matplotlib\\mpl-data\\fonts\\ttf\\DejaVuSerif.ttf', name='DejaVu Serif', style='normal', variant='normal', weight=400, stretch='normal', size='scalable')) = 10.335
2026-02-21 13:25:12,270 - matplotlib.font_manager - DEBUG - findfont: score(FontEntry(fname='D:\\anaconda\\Lib\\site-packages\\matplotlib\\mpl-data\\fonts\\ttf\\STIXSizFourSymReg.ttf', name='STIXSizeFourSym', style='normal', variant='normal', weight=400, stretch='normal', size='scalable')) = 10.335
2026-02-21 13:25:12,270 - matplotlib.font_manager - DEBUG - findfont: score(FontEntry(fname='D:\\anaconda\\Lib\\site-packages\\matplotlib\\mpl-data\\fonts\\ttf\\STIXSizThreeSymBol.ttf', name='STIXSizeThreeSym', style='normal', variant='normal', weight=700, stretch='normal', size='scalable')) = 10.05
2026-02-21 13:25:12,270 - matplotlib.font_manager - DEBUG - findfont: score(FontEntry(fname='D:\\anaconda\\Lib\\site-packages\\matplotlib\\mpl-data\\fonts\\ttf\\DejaVuSansMono.ttf', name='DejaVu Sans Mono', style='normal', variant='normal', weight=400, stretch='normal', size='scalable')) = 10.335
2026-02-21 13:25:12,270 - matplotlib.font_manager - DEBUG - findfont: score(FontEntry(fname='D:\\anaconda\\Lib\\site-packages\\matplotlib\\mpl-data\\fonts\\ttf\\cmss10.ttf', name='cmss10', style='normal', variant='normal', weight=400, stretch='normal', size='scalable')) = 10.335
2026-02-21 13:25:12,270 - matplotlib.font_manager - DEBUG - findfont: score(FontEntry(fname='D:\\anaconda\\Lib\\site-packages\\matplotlib\\mpl-data\\fonts\\ttf\\cmmi10.ttf', name='cmmi10', style='normal', variant='normal', weight=400, stretch='normal', size='scalable')) = 10.335
2026-02-21 13:25:12,270 - matplotlib.font_manager - DEBUG - findfont: score(FontEntry(fname='D:\\anaconda\\Lib\\site-packages\\matplotlib\\mpl-data\\fonts\\ttf\\STIXSizThreeSymReg.ttf', name='STIXSizeThreeSym', style='normal', variant='normal', weight=400, stretch='normal', size='scalable')) = 10.335
2026-02-21 13:25:12,270 - matplotlib.font_manager - DEBUG - findfont: score(FontEntry(fname='D:\\anaconda\\Lib\\site-packages\\matplotlib\\mpl-data\\fonts\\ttf\\STIXGeneral.ttf', name='STIXGeneral', style='normal', variant='normal', weight=400, stretch='normal', size='scalable')) = 10.335
2026-02-21 13:25:12,270 - matplotlib.font_manager - DEBUG - findfont: score(FontEntry(fname='D:\\anaconda\\Lib\\site-packages\\matplotlib\\mpl-data\\fonts\\ttf\\DejaVuSans-Oblique.ttf', name='DejaVu Sans', style='oblique', variant='normal', weight=400, stretch='normal', size='scalable')) = 8.001666666666665
2026-02-21 13:25:12,270 - matplotlib.font_manager - DEBUG - findfont: score(FontEntry(fname='D:\\anaconda\\Lib\\site-packages\\matplotlib\\mpl-data\\fonts\\ttf\\STIXGeneralBol.ttf', name='STIXGeneral', style='normal', variant='normal', weight=700, stretch='normal', size='scalable')) = 10.05
2026-02-21 13:25:12,270 - matplotlib.font_manager - DEBUG - findfont: score(FontEntry(fname='D:\\anaconda\\Lib\\site-packages\\matplotlib\\mpl-data\\fonts\\ttf\\DejaVuSans-Bold.ttf', name='DejaVu Sans', style='normal', variant='normal', weight=700, stretch='normal', size='scalable')) = 6.716666666666666
2026-02-21 13:25:12,270 - matplotlib.font_manager - DEBUG - findfont: score(FontEntry(fname='D:\\anaconda\\Lib\\site-packages\\matplotlib\\mpl-data\\fonts\\ttf\\cmtt10.ttf', name='cmtt10', style='normal', variant='normal', weight=400, stretch='normal', size='scalable')) = 10.335
2026-02-21 13:25:12,270 - matplotlib.font_manager - DEBUG - findfont: score(FontEntry(fname='D:\\anaconda\\Lib\\site-packages\\matplotlib\\mpl-data\\fonts\\ttf\\cmb10.ttf', name='cmb10', style='normal', variant='normal', weight=400, stretch='normal', size='scalable')) = 10.335
2026-02-21 13:25:12,270 - matplotlib.font_manager - DEBUG - findfont: score(FontEntry(fname='D:\\anaconda\\Lib\\site-packages\\matplotlib\\mpl-data\\fonts\\ttf\\STIXSizTwoSymBol.ttf', name='STIXSizeTwoSym', style='normal', variant='normal', weight=700, stretch='normal', size='scalable')) = 10.05
2026-02-21 13:25:12,270 - matplotlib.font_manager - DEBUG - findfont: score(FontEntry(fname='D:\\anaconda\\Lib\\site-packages\\matplotlib\\mpl-data\\fonts\\ttf\\STIXNonUniIta.ttf', name='STIXNonUnicode', style='italic', variant='normal', weight=400, stretch='normal', size='scalable')) = 11.335
2026-02-21 13:25:12,270 - matplotlib.font_manager - DEBUG - findfont: score(FontEntry(fname='D:\\anaconda\\Lib\\site-packages\\matplotlib\\mpl-data\\fonts\\ttf\\STIXSizFourSymBol.ttf', name='STIXSizeFourSym', style='normal', variant='normal', weight=700, stretch='normal', size='scalable')) = 10.05
2026-02-21 13:25:12,270 - matplotlib.font_manager - DEBUG - findfont: score(FontEntry(fname='D:\\anaconda\\Lib\\site-packages\\matplotlib\\mpl-data\\fonts\\ttf\\DejaVuSansMono-BoldOblique.ttf', name='DejaVu Sans Mono', style='oblique', variant='normal', weight=700, stretch='normal', size='scalable')) = 11.05
2026-02-21 13:25:12,270 - matplotlib.font_manager - DEBUG - findfont: score(FontEntry(fname='D:\\anaconda\\Lib\\site-packages\\matplotlib\\mpl-data\\fonts\\ttf\\STIXSizFiveSymReg.ttf', name='STIXSizeFiveSym', style='normal', variant='normal', weight=400, stretch='normal', size='scalable')) = 10.335
2026-02-21 13:25:12,270 - matplotlib.font_manager - DEBUG - findfont: score(FontEntry(fname='D:\\anaconda\\Lib\\site-packages\\matplotlib\\mpl-data\\fonts\\ttf\\cmex10.ttf', name='cmex10', style='normal', variant='normal', weight=400, stretch='normal', size='scalable')) = 10.335
2026-02-21 13:25:12,270 - matplotlib.font_manager - DEBUG - findfont: score(FontEntry(fname='D:\\anaconda\\Lib\\site-packages\\matplotlib\\mpl-data\\fonts\\ttf\\DejaVuSansDisplay.ttf', name='DejaVu Sans Display', style='normal', variant='normal', weight=400, stretch='normal', size='scalable')) = 10.335
2026-02-21 13:25:12,270 - matplotlib.font_manager - DEBUG - findfont: score(FontEntry(fname='D:\\anaconda\\Lib\\site-packages\\matplotlib\\mpl-data\\fonts\\ttf\\DejaVuSans.ttf', name='DejaVu Sans', style='normal', variant='normal', weight=400, stretch='normal', size='scalable')) = 7.001666666666666
2026-02-21 13:25:12,270 - matplotlib.font_manager - DEBUG - findfont: score(FontEntry(fname='D:\\anaconda\\Lib\\site-packages\\matplotlib\\mpl-data\\fonts\\ttf\\DejaVuSerif-Bold.ttf', name='DejaVu Serif', style='normal', variant='normal', weight=700, stretch='normal', size='scalable')) = 10.05
2026-02-21 13:25:12,270 - matplotlib.font_manager - DEBUG - findfont: score(FontEntry(fname='D:\\anaconda\\Lib\\site-packages\\matplotlib\\mpl-data\\fonts\\ttf\\STIXNonUniBol.ttf', name='STIXNonUnicode', style='normal', variant='normal', weight=700, stretch='normal', size='scalable')) = 10.05
2026-02-21 13:25:12,270 - matplotlib.font_manager - DEBUG - findfont: score(FontEntry(fname='C:\\Windows\\Fonts\\lucon.ttf', name='Lucida Console', style='normal', variant='normal', weight=400, stretch='normal', size='scalable')) = 10.335
2026-02-21 13:25:12,270 - matplotlib.font_manager - DEBUG - findfont: score(FontEntry(fname='C:\\Windows\\Fonts\\HGYT1_CNKI.ttf', name='HGYT1_CNKI', style='normal', variant='normal', weight=400, stretch='normal', size='scalable')) = 10.335
2026-02-21 13:25:12,271 - matplotlib.font_manager - DEBUG - findfont: score(FontEntry(fname='C:\\Windows\\Fonts\\HGB3X_CNKI.ttf', name='HGB3X_CNKI', style='normal', variant='normal', weight=400, stretch='normal', size='scalable')) = 10.335
2026-02-21 13:25:12,271 - matplotlib.font_manager - DEBUG - findfont: score(FontEntry(fname='C:\\Windows\\Fonts\\STKAITI.TTF', name='STKaiti', style='normal', variant='normal', weight=400, stretch='normal', size='scalable')) = 10.335
2026-02-21 13:25:12,271 - matplotlib.font_manager - DEBUG - findfont: score(FontEntry(fname='C:\\Windows\\Fonts\\palab.ttf', name='Palatino Linotype', style='normal', variant='normal', weight=700, stretch='normal', size='scalable')) = 10.05
2026-02-21 13:25:12,271 - matplotlib.font_manager - DEBUG - findfont: score(FontEntry(fname='C:\\Windows\\Fonts\\segoeuiz.ttf', name='Segoe UI', style='italic', variant='normal', weight=700, stretch='normal', size='scalable')) = 11.05
2026-02-21 13:25:12,271 - matplotlib.font_manager - DEBUG - findfont: score(FontEntry(fname='C:\\Windows\\Fonts\\phagspa.ttf', name='Microsoft PhagsPa', style='normal', variant='normal', weight=400, stretch='normal', size='scalable')) = 10.335
2026-02-21 13:25:12,271 - matplotlib.font_manager - DEBUG - findfont: score(FontEntry(fname='C:\\Windows\\Fonts\\DUBAI-MEDIUM.TTF', name='Dubai', style='normal', variant='normal', weight=500, stretch='normal', size='scalable')) = 10.24
2026-02-21 13:25:12,271 - matplotlib.font_manager - DEBUG - findfont: score(FontEntry(fname='C:\\Windows\\Fonts\\HGHB_CNKI.TTF', name='HGHB_CNKI', style='normal', variant='normal', weight=400, stretch='normal', size='scalable')) = 10.335
2026-02-21 13:25:12,271 - matplotlib.font_manager - DEBUG - findfont: score(FontEntry(fname='C:\\Windows\\Fonts\\MISTRAL.TTF', name='Mistral', style='normal', variant='normal', weight=400, stretch='normal', size='scalable')) = 10.335
2026-02-21 13:25:12,271 - matplotlib.font_manager - DEBUG - findfont: score(FontEntry(fname='C:\\Windows\\Fonts\\FZYTK.TTF', name='FZYaoTi', style='normal', variant='normal', weight=400, stretch='normal', size='scalable')) = 10.335
2026-02-21 13:25:12,271 - matplotlib.font_manager - DEBUG - findfont: score(FontEntry(fname='C:\\Windows\\Fonts\\FREESCPT.TTF', name='Freestyle Script', style='normal', variant='normal', weight=400, stretch='normal', size='scalable')) = 10.335
2026-02-21 13:25:12,271 - matplotlib.font_manager - DEBUG - findfont: score(FontEntry(fname='C:\\Windows\\Fonts\\HGH_CNKI.TTF', name='HGHT_CNKI', style='normal', variant='normal', weight=400, stretch='normal', size='scalable')) = 10.335
2026-02-21 13:25:12,271 - matplotlib.font_manager - DEBUG - findfont: score(FontEntry(fname='C:\\Windows\\Fonts\\ARIALN.TTF', name='Arial', style='normal', variant='normal', weight=400, stretch='condensed', size='scalable')) = 10.535
2026-02-21 13:25:12,271 - matplotlib.font_manager - DEBUG - findfont: score(FontEntry(fname='D:\\软件\\PDF\\acrobat PDF\\Resource\\Font\\AdobeDevanagari-Regular.otf', name='Adobe Devanagari', style='normal', variant='normal', weight=400, stretch='normal', size='scalable')) = 10.335
2026-02-21 13:25:12,271 - matplotlib.font_manager - DEBUG - findfont: score(FontEntry(fname='C:\\Windows\\Fonts\\HGYX_CNKI.TTF', name='HGYX_CNKI', style='normal', variant='normal', weight=400, stretch='normal', size='scalable')) = 10.335
2026-02-21 13:25:12,271 - matplotlib.font_manager - DEBUG - findfont: score(FontEntry(fname='C:\\Windows\\Fonts\\HGH6_CNKI.ttf', name='HGH6_CNKI', style='normal', variant='normal', weight=400, stretch='normal', size='scalable')) = 10.335
2026-02-21 13:25:12,271 - matplotlib.font_manager - DEBUG - findfont: score(FontEntry(fname='C:\\Windows\\Fonts\\DUBAI-REGULAR.TTF', name='Dubai', style='normal', variant='normal', weight=400, stretch='normal', size='scalable')) = 10.335
2026-02-21 13:25:12,271 - matplotlib.font_manager - DEBUG - findfont: score(FontEntry(fname='D:\\软件\\PDF\\acrobat PDF\\Resource\\Font\\AdobeDevanagari-Bold.otf', name='Adobe Devanagari', style='normal', variant='normal', weight=700, stretch='normal', size='scalable')) = 10.05
2026-02-21 13:25:12,271 - matplotlib.font_manager - DEBUG - findfont: score(FontEntry(fname='C:\\Windows\\Fonts\\HarmonyOS_Sans_SC_Bold.ttf', name='HarmonyOS Sans SC', style='normal', variant='normal', weight=700, stretch='normal', size='scalable')) = 10.05
2026-02-21 13:25:12,271 - matplotlib.font_manager - DEBUG - findfont: score(FontEntry(fname='C:\\Windows\\Fonts\\HGDBS_CNKI.TTF', name='HGDBS_CNKI', style='normal', variant='normal', weight=400, stretch='normal', size='scalable')) = 10.335
2026-02-21 13:25:12,271 - matplotlib.font_manager - DEBUG - findfont: score(FontEntry(fname='C:\\Windows\\Fonts\\segmdl2.ttf', name='Segoe MDL2 Assets', style='normal', variant='normal', weight=400, stretch='normal', size='scalable')) = 10.335
2026-02-21 13:25:12,271 - matplotlib.font_manager - DEBUG - findfont: score(FontEntry(fname='C:\\Windows\\Fonts\\STXIHEI.TTF', name='STXihei', style='normal', variant='normal', weight=400, stretch='normal', size='scalable')) = 10.335
2026-02-21 13:25:12,271 - matplotlib.font_manager - DEBUG - findfont: score(FontEntry(fname='C:\\Windows\\Fonts\\NirmalaB.ttf', name='Nirmala UI', style='normal', variant='normal', weight=700, stretch='normal', size='scalable')) = 10.05
2026-02-21 13:25:12,271 - matplotlib.font_manager - DEBUG - findfont: score(FontEntry(fname='C:\\Windows\\Fonts\\Deng.ttf', name='DengXian', style='normal', variant='normal', weight=400, stretch='normal', size='scalable')) = 10.335
2026-02-21 13:25:12,271 - matplotlib.font_manager - DEBUG - findfont: score(FontEntry(fname='C:\\Windows\\Fonts\\HGBKH_CNKI.ttf', name='HGBKH_CNKI', style='normal', variant='normal', weight=400, stretch='normal', size='scalable')) = 10.335
2026-02-21 13:25:12,271 - matplotlib.font_manager - DEBUG - findfont: score(FontEntry(fname='C:\\Windows\\Fonts\\comicbd.ttf', name='Comic Sans MS', style='normal', variant='normal', weight=700, stretch='normal', size='scalable')) = 10.05
2026-02-21 13:25:12,271 - matplotlib.font_manager - DEBUG - findfont: score(FontEntry(fname='C:\\Windows\\Fonts\\segoepr.ttf', name='Segoe Print', style='normal', variant='normal', weight=400, stretch='normal', size='scalable')) = 10.335
2026-02-21 13:25:12,271 - matplotlib.font_manager - DEBUG - findfont: score(FontEntry(fname='C:\\Windows\\Fonts\\HGDH2_CNKI.TTF', name='HGDH2_CNKI', style='normal', variant='normal', weight=400, stretch='normal', size='scalable')) = 10.335
2026-02-21 13:25:12,271 - matplotlib.font_manager - DEBUG - findfont: score(FontEntry(fname='C:\\Windows\\Fonts\\HGBKHX_CNKI.ttf', name='HGBKHX_CNKI', style='normal', variant='normal', weight=400, stretch='normal', size='scalable')) = 10.335
2026-02-21 13:25:12,271 - matplotlib.font_manager - DEBUG - findfont: score(FontEntry(fname='C:\\Windows\\Fonts\\HGXH_CNKI.TTF', name='HGXH_CNKI', style='normal', variant='normal', weight=400, stretch='normal', size='scalable')) = 10.335
2026-02-21 13:25:12,271 - matplotlib.font_manager - DEBUG - findfont: score(FontEntry(fname='C:\\Windows\\Fonts\\courbd.ttf', name='Courier New', style='normal', variant='normal', weight=700, stretch='normal', size='scalable')) = 10.05
2026-02-21 13:25:12,271 - matplotlib.font_manager - DEBUG - findfont: score(FontEntry(fname='C:\\Windows\\Fonts\\l_10646.ttf', name='Lucida Sans Unicode', style='normal', variant='normal', weight=400, stretch='normal', size='scalable')) = 10.335
2026-02-21 13:25:12,272 - matplotlib.font_manager - DEBUG - findfont: score(FontEntry(fname='C:\\Windows\\Fonts\\corbelli.ttf', name='Corbel', style='italic', variant='normal', weight=300, stretch='normal', size='scalable')) = 11.43
2026-02-21 13:25:12,272 - matplotlib.font_manager - DEBUG - findfont: score(FontEntry(fname='C:\\Windows\\Fonts\\HGBTH_CNKI.TTF', name='HGBTH_CNKI', style='normal', variant='normal', weight=400, stretch='normal', size='scalable')) = 10.335
2026-02-21 13:25:12,272 - matplotlib.font_manager - DEBUG - findfont: score(FontEntry(fname='C:\\Windows\\Fonts\\HGB3_CNKI.ttf', name='HGB3_CNKI', style='normal', variant='normal', weight=400, stretch='normal', size='scalable')) = 10.335
2026-02-21 13:25:12,272 - matplotlib.font_manager - DEBUG - findfont: score(FontEntry(fname='C:\\Windows\\Fonts\\HGXK_CNKI.TTF', name='HGXK_CNKI', style='normal', variant='normal', weight=400, stretch='normal', size='scalable')) = 10.335
2026-02-21 13:25:12,272 - matplotlib.font_manager - DEBUG - findfont: score(FontEntry(fname='C:\\Windows\\Fonts\\HGLB_CNKI.TTF', name='HGLB_CNKI', style='normal', variant='normal', weight=400, stretch='normal', size='scalable')) = 10.335
2026-02-21 13:25:12,272 - matplotlib.font_manager - DEBUG - findfont: score(FontEntry(fname='C:\\Windows\\Fonts\\FRSCRIPT.TTF', name='French Script MT', style='normal', variant='normal', weight=400, stretch='normal', size='scalable')) = 10.335
2026-02-21 13:25:12,272 - matplotlib.font_manager - DEBUG - findfont: score(FontEntry(fname='C:\\Windows\\Fonts\\SegoeIcons.ttf', name='Segoe Fluent Icons', style='normal', variant='normal', weight=400, stretch='normal', size='scalable')) = 10.335
2026-02-21 13:25:12,272 - matplotlib.font_manager - DEBUG - findfont: score(FontEntry(fname='D:\\SceneBuilder\\runtime\\jre\\lib\\fonts\\LucidaSansRegular.ttf', name='Lucida Sans', style='normal', variant='normal', weight=400, stretch='normal', size='scalable')) = 10.335
2026-02-21 13:25:12,272 - matplotlib.font_manager - DEBUG - findfont: score(FontEntry(fname='C:\\Windows\\Fonts\\corbell.ttf', name='Corbel', style='normal', variant='normal', weight=300, stretch='normal', size='scalable')) = 10.43
2026-02-21 13:25:12,272 - matplotlib.font_manager - DEBUG - findfont: score(FontEntry(fname='C:\\Windows\\Fonts\\corbelz.ttf', name='Corbel', style='italic', variant='normal', weight=700, stretch='normal', size='scalable')) = 11.05
2026-02-21 13:25:12,272 - matplotlib.font_manager - DEBUG - findfont: score(FontEntry(fname='C:\\Windows\\Fonts\\constan.ttf', name='Constantia', style='normal', variant='normal', weight=400, stretch='normal', size='scalable')) = 10.335
2026-02-21 13:25:12,272 - matplotlib.font_manager - DEBUG - findfont: score(FontEntry(fname='C:\\Windows\\Fonts\\couri.ttf', name='Courier New', style='italic', variant='normal', weight=400, stretch='normal', size='scalable')) = 11.335
2026-02-21 13:25:12,272 - matplotlib.font_manager - DEBUG - findfont: score(FontEntry(fname='C:\\Windows\\Fonts\\DUBAI-LIGHT.TTF', name='Dubai', style='normal', variant='normal', weight=300, stretch='normal', size='scalable')) = 10.43
2026-02-21 13:25:12,272 - matplotlib.font_manager - DEBUG - findfont: score(FontEntry(fname='C:\\Windows\\Fonts\\HGHD_CNKI.ttf', name='HGHD_CNKI', style='normal', variant='normal', weight=400, stretch='normal', size='scalable')) = 10.335
2026-02-21 13:25:12,272 - matplotlib.font_manager - DEBUG - findfont: score(FontEntry(fname='C:\\Windows\\Fonts\\HGB5_CNKI.ttf', name='HGB5_CNKI', style='normal', variant='normal', weight=400, stretch='normal', size='scalable')) = 10.335
2026-02-21 13:25:12,272 - matplotlib.font_manager - DEBUG - findfont: score(FontEntry(fname='C:\\Windows\\Fonts\\ANTQUAI.TTF', name='Book Antiqua', style='italic', variant='normal', weight=400, stretch='normal', size='scalable')) = 11.335
2026-02-21 13:25:12,272 - matplotlib.font_manager - DEBUG - findfont: score(FontEntry(fname='C:\\Windows\\Fonts\\ntailub.ttf', name='Microsoft New Tai Lue', style='normal', variant='normal', weight=700, stretch='normal', size='scalable')) = 10.05
2026-02-21 13:25:12,272 - matplotlib.font_manager - DEBUG - findfont: score(FontEntry(fname='C:\\Windows\\Fonts\\arialbd.ttf', name='Arial', style='normal', variant='normal', weight=700, stretch='normal', size='scalable')) = 10.05
2026-02-21 13:25:12,272 - matplotlib.font_manager - DEBUG - findfont: score(FontEntry(fname='C:\\Windows\\Fonts\\HGFS1_CNKI.TTF', name='HGFS1_CNKI', style='normal', variant='normal', weight=400, stretch='normal', size='scalable')) = 10.335
2026-02-21 13:25:12,272 - matplotlib.font_manager - DEBUG - findfont: score(FontEntry(fname='C:\\Windows\\Fonts\\HGBX_CNKI.ttf', name='HGBX_CNKI', style='normal', variant='normal', weight=400, stretch='normal', size='scalable')) = 10.335
2026-02-21 13:25:12,272 - matplotlib.font_manager - DEBUG - findfont: score(FontEntry(fname='C:\\Windows\\Fonts\\GARA.TTF', name='Garamond', style='normal', variant='normal', weight=400, stretch='normal', size='scalable')) = 10.335
2026-02-21 13:25:12,272 - matplotlib.font_manager - DEBUG - findfont: score(FontEntry(fname='C:\\Windows\\Fonts\\HGTT_CNKI.ttf', name='HGTT_CNKI', style='normal', variant='normal', weight=400, stretch='normal', size='scalable')) = 10.335
2026-02-21 13:25:12,272 - matplotlib.font_manager - DEBUG - findfont: score(FontEntry(fname='C:\\Windows\\Fonts\\HGFZ_CNKI.ttf', name='HGFZ_CNKI', style='normal', variant='normal', weight=400, stretch='normal', size='scalable')) = 10.335
2026-02-21 13:25:12,272 - matplotlib.font_manager - DEBUG - findfont: score(FontEntry(fname='C:\\Windows\\Fonts\\NirmalaS.ttf', name='Nirmala UI', style='normal', variant='normal', weight=350, stretch='normal', size='scalable')) = 10.3825
2026-02-21 13:25:12,272 - matplotlib.font_manager - DEBUG - findfont: score(FontEntry(fname='C:\\Windows\\Fonts\\verdanai.ttf', name='Verdana', style='italic', variant='normal', weight=400, stretch='normal', size='scalable')) = 11.335
2026-02-21 13:25:12,272 - matplotlib.font_manager - DEBUG - findfont: score(FontEntry(fname='C:\\Windows\\Fonts\\HGH2_CNKI.ttf', name='HGH2_CNKI', style='normal', variant='normal', weight=400, stretch='normal', size='scalable')) = 10.335
2026-02-21 13:25:12,272 - matplotlib.font_manager - DEBUG - findfont: score(FontEntry(fname='C:\\Windows\\Fonts\\segoeuii.ttf', name='Segoe UI', style='italic', variant='normal', weight=400, stretch='normal', size='scalable')) = 11.335
2026-02-21 13:25:12,272 - matplotlib.font_manager - DEBUG - findfont: score(FontEntry(fname='C:\\Windows\\Fonts\\HGB2X_CNKI.ttf', name='HGB2X_CNKI', style='normal', variant='normal', weight=400, stretch='normal', size='scalable')) = 10.335
2026-02-21 13:25:12,272 - matplotlib.font_manager - DEBUG - findfont: score(FontEntry(fname='C:\\Windows\\Fonts\\HGSS_CNKI.TTF', name='HGSS_CNKI', style='normal', variant='normal', weight=400, stretch='normal', size='scalable')) = 10.335
2026-02-21 13:25:12,272 - matplotlib.font_manager - DEBUG - findfont: score(FontEntry(fname='C:\\Windows\\Fonts\\segoesc.ttf', name='Segoe Script', style='normal', variant='normal', weight=400, stretch='normal', size='scalable')) = 10.335
2026-02-21 13:25:12,273 - matplotlib.font_manager - DEBUG - findfont: score(FontEntry(fname='C:\\Windows\\Fonts\\HGF7X_CNKI.ttf', name='HGF7X_CNKI', style='normal', variant='normal', weight=400, stretch='normal', size='scalable')) = 10.335
2026-02-21 13:25:12,273 - matplotlib.font_manager - DEBUG - findfont: score(FontEntry(fname='C:\\Windows\\Fonts\\mvboli.ttf', name='MV Boli', style='normal', variant='normal', weight=400, stretch='normal', size='scalable')) = 10.335
2026-02-21 13:25:12,273 - matplotlib.font_manager - DEBUG - findfont: score(FontEntry(fname='C:\\Windows\\Fonts\\GOTHICB.TTF', name='Century Gothic', style='normal', variant='normal', weight=700, stretch='normal', size='scalable')) = 10.05
2026-02-21 13:25:12,273 - matplotlib.font_manager - DEBUG - findfont: score(FontEntry(fname='C:\\Windows\\Fonts\\sylfaen.ttf', name='Sylfaen', style='normal', variant='normal', weight=400, stretch='normal', size='scalable')) = 10.335
2026-02-21 13:25:12,273 - matplotlib.font_manager - DEBUG - findfont: score(FontEntry(fname='C:\\Windows\\Fonts\\msjhl.ttc', name='Microsoft JhengHei', style='normal', variant='normal', weight=290, stretch='normal', size='scalable')) = 10.4395
2026-02-21 13:25:12,273 - matplotlib.font_manager - DEBUG - findfont: score(FontEntry(fname='C:\\Windows\\Fonts\\HGZCS_CNKI.TTF', name='HGZCS_CNKI', style='normal', variant='normal', weight=400, stretch='normal', size='scalable')) = 10.335
2026-02-21 13:25:12,273 - matplotlib.font_manager - DEBUG - findfont: score(FontEntry(fname='C:\\Windows\\Fonts\\HGYB_CNKI.ttf', name='HGYB_CNKI', style='normal', variant='normal', weight=400, stretch='normal', size='scalable')) = 10.335
2026-02-21 13:25:12,273 - matplotlib.font_manager - DEBUG - findfont: score(FontEntry(fname='C:\\Windows\\Fonts\\trebucit.ttf', name='Trebuchet MS', style='italic', variant='normal', weight=400, stretch='normal', size='scalable')) = 11.335
2026-02-21 13:25:12,273 - matplotlib.font_manager - DEBUG - findfont: score(FontEntry(fname='C:\\Windows\\Fonts\\HGY2_CNKI.TTF', name='HGY2_CNKI', style='normal', variant='normal', weight=400, stretch='normal', size='scalable')) = 10.335
2026-02-21 13:25:12,273 - matplotlib.font_manager - DEBUG - findfont: score(FontEntry(fname='C:\\Windows\\Fonts\\STLITI.TTF', name='STLiti', style='normal', variant='normal', weight=400, stretch='normal', size='scalable')) = 10.335
2026-02-21 13:25:12,273 - matplotlib.font_manager - DEBUG - findfont: score(FontEntry(fname='C:\\Windows\\Fonts\\verdanab.ttf', name='Verdana', style='normal', variant='normal', weight=700, stretch='normal', size='scalable')) = 10.05
2026-02-21 13:25:12,273 - matplotlib.font_manager - DEBUG - findfont: score(FontEntry(fname='C:\\Windows\\Fonts\\HGF9_CNKI.ttf', name='HGF9_CNKI', style='normal', variant='normal', weight=400, stretch='normal', size='scalable')) = 10.335
2026-02-21 13:25:12,273 - matplotlib.font_manager - DEBUG - findfont: score(FontEntry(fname='C:\\Windows\\Fonts\\corbel.ttf', name='Corbel', style='normal', variant='normal', weight=400, stretch='normal', size='scalable')) = 10.335
2026-02-21 13:25:12,273 - matplotlib.font_manager - DEBUG - findfont: score(FontEntry(fname='C:\\Windows\\Fonts\\consolai.ttf', name='Consolas', style='italic', variant='normal', weight=400, stretch='normal', size='scalable')) = 11.335
2026-02-21 13:25:12,273 - matplotlib.font_manager - DEBUG - findfont: score(FontEntry(fname='C:\\Windows\\Fonts\\HGXT_CNKI.ttf', name='HGXT_CNKI', style='normal', variant='normal', weight=400, stretch='normal', size='scalable')) = 10.335
2026-02-21 13:25:12,273 - matplotlib.font_manager - DEBUG - findfont: score(FontEntry(fname='C:\\Windows\\Fonts\\HGDY_CNKI.ttf', name='HGDY_CNKI', style='normal', variant='normal', weight=400, stretch='normal', size='scalable')) = 10.335
2026-02-21 13:25:12,273 - matplotlib.font_manager - DEBUG - findfont: score(FontEntry(fname='C:\\Windows\\Fonts\\Nirmala.ttf', name='Nirmala UI', style='normal', variant='normal', weight=400, stretch='normal', size='scalable')) = 10.335
2026-02-21 13:25:12,273 - matplotlib.font_manager - DEBUG - findfont: score(FontEntry(fname='C:\\Windows\\Fonts\\HGH1X_CNKI.ttf', name='HGH1X_CNKI', style='normal', variant='normal', weight=400, stretch='normal', size='scalable')) = 10.335
2026-02-21 13:25:12,273 - matplotlib.font_manager - DEBUG - findfont: score(FontEntry(fname='C:\\Windows\\Fonts\\phagspab.ttf', name='Microsoft PhagsPa', style='normal', variant='normal', weight=700, stretch='normal', size='scalable')) = 10.05
2026-02-21 13:25:12,273 - matplotlib.font_manager - DEBUG - findfont: score(FontEntry(fname='C:\\Windows\\Fonts\\Candaraz.ttf', name='Candara', style='italic', variant='normal', weight=700, stretch='normal', size='scalable')) = 11.05
2026-02-21 13:25:12,273 - matplotlib.font_manager - DEBUG - findfont: score(FontEntry(fname='C:\\Windows\\Fonts\\consolaz.ttf', name='Consolas', style='italic', variant='normal', weight=700, stretch='normal', size='scalable')) = 11.05
2026-02-21 13:25:12,273 - matplotlib.font_manager - DEBUG - findfont: score(FontEntry(fname='C:\\Windows\\Fonts\\holomdl2.ttf', name='HoloLens MDL2 Assets', style='normal', variant='normal', weight=400, stretch='normal', size='scalable')) = 10.335
2026-02-21 13:25:12,273 - matplotlib.font_manager - DEBUG - findfont: score(FontEntry(fname='C:\\Windows\\Fonts\\HGPH_CNKI.TTF', name='HGPH_CNKI', style='normal', variant='normal', weight=400, stretch='normal', size='scalable')) = 10.335
2026-02-21 13:25:12,273 - matplotlib.font_manager - DEBUG - findfont: score(FontEntry(fname='C:\\Windows\\Fonts\\HGFS_CNKI.TTF', name='HGFS_CNKI', style='normal', variant='normal', weight=400, stretch='normal', size='scalable')) = 10.335
2026-02-21 13:25:12,273 - matplotlib.font_manager - DEBUG - findfont: score(FontEntry(fname='C:\\Windows\\Fonts\\HGHT2_CNKI.ttf', name='HGHT2_CNKI', style='normal', variant='normal', weight=400, stretch='normal', size='scalable')) = 10.335
2026-02-21 13:25:12,273 - matplotlib.font_manager - DEBUG - findfont: score(FontEntry(fname='C:\\Windows\\Fonts\\MTCORSVA.TTF', name='Monotype Corsiva', style='normal', variant='normal', weight=400, stretch='normal', size='scalable')) = 10.335
2026-02-21 13:25:12,273 - matplotlib.font_manager - DEBUG - findfont: score(FontEntry(fname='C:\\Windows\\Fonts\\HGXH1_CNKI.TTF', name='HGXH1_CNKI', style='normal', variant='normal', weight=400, stretch='normal', size='scalable')) = 10.335
2026-02-21 13:25:12,273 - matplotlib.font_manager - DEBUG - findfont: score(FontEntry(fname='D:\\SceneBuilder\\runtime\\jre\\lib\\fonts\\LucidaBrightRegular.ttf', name='Lucida Bright', style='normal', variant='normal', weight=400, stretch='normal', size='scalable')) = 10.335
2026-02-21 13:25:12,273 - matplotlib.font_manager - DEBUG - findfont: score(FontEntry(fname='C:\\Windows\\Fonts\\HGDGY_CNKI.TTF', name='HGDGY_CNKI', style='normal', variant='normal', weight=400, stretch='normal', size='scalable')) = 10.335
2026-02-21 13:25:12,273 - matplotlib.font_manager - DEBUG - findfont: score(FontEntry(fname='C:\\Windows\\Fonts\\HGX1X_CNKI.ttf', name='HGX1X_CNKI', style='normal', variant='normal', weight=400, stretch='normal', size='scalable')) = 10.335
2026-02-21 13:25:12,273 - matplotlib.font_manager - DEBUG - findfont: score(FontEntry(fname='C:\\Windows\\Fonts\\SansSerifCollection.ttf', name='Sans Serif Collection', style='normal', variant='normal', weight=400, stretch='normal', size='scalable')) = 10.335
2026-02-21 13:25:12,273 - matplotlib.font_manager - DEBUG - findfont: score(FontEntry(fname='C:\\Windows\\Fonts\\calibrili.ttf', name='Calibri', style='italic', variant='normal', weight=300, stretch='normal', size='scalable')) = 11.43
2026-02-21 13:25:12,274 - matplotlib.font_manager - DEBUG - findfont: score(FontEntry(fname='C:\\Windows\\Fonts\\HGXY_CNKI.ttf', name='HGXY_CNKI', style='normal', variant='normal', weight=400, stretch='normal', size='scalable')) = 10.335
2026-02-21 13:25:12,274 - matplotlib.font_manager - DEBUG - findfont: score(FontEntry(fname='C:\\Windows\\Fonts\\msyi.ttf', name='Microsoft Yi Baiti', style='normal', variant='normal', weight=400, stretch='normal', size='scalable')) = 10.335
2026-02-21 13:25:12,274 - matplotlib.font_manager - DEBUG - findfont: score(FontEntry(fname='C:\\Windows\\Fonts\\HGBKB_CNKI.ttf', name='HGBKB_CNKI', style='normal', variant='normal', weight=400, stretch='normal', size='scalable')) = 10.335
2026-02-21 13:25:12,274 - matplotlib.font_manager - DEBUG - findfont: score(FontEntry(fname='C:\\Windows\\Fonts\\ARIALNB.TTF', name='Arial', style='normal', variant='normal', weight=700, stretch='condensed', size='scalable')) = 10.25
2026-02-21 13:25:12,274 - matplotlib.font_manager - DEBUG - findfont: score(FontEntry(fname='C:\\Windows\\Fonts\\Dengb.ttf', name='DengXian', style='normal', variant='normal', weight=700, stretch='normal', size='scalable')) = 10.05
2026-02-21 13:25:12,274 - matplotlib.font_manager - DEBUG - findfont: score(FontEntry(fname='C:\\Windows\\Fonts\\HGH4_CNKI.ttf', name='HGH4_CNKI', style='normal', variant='normal', weight=400, stretch='normal', size='scalable')) = 10.335
2026-02-21 13:25:12,274 - matplotlib.font_manager - DEBUG - findfont: score(FontEntry(fname='C:\\Windows\\Fonts\\times.ttf', name='Times New Roman', style='normal', variant='normal', weight=400, stretch='normal', size='scalable')) = 10.335
2026-02-21 13:25:12,274 - matplotlib.font_manager - DEBUG - findfont: score(FontEntry(fname='C:\\Windows\\Fonts\\HGB7X_CNKI.ttf', name='HGB7X_CNKI', style='normal', variant='normal', weight=400, stretch='normal', size='scalable')) = 10.335
2026-02-21 13:25:12,274 - matplotlib.font_manager - DEBUG - findfont: score(FontEntry(fname='C:\\Windows\\Fonts\\ARIALNI.TTF', name='Arial', style='italic', variant='normal', weight=400, stretch='condensed', size='scalable')) = 11.535
2026-02-21 13:25:12,274 - matplotlib.font_manager - DEBUG - findfont: score(FontEntry(fname='C:\\Windows\\Fonts\\CENTURY.TTF', name='Century', style='normal', variant='normal', weight=400, stretch='normal', size='scalable')) = 10.335
2026-02-21 13:25:12,274 - matplotlib.font_manager - DEBUG - findfont: score(FontEntry(fname='C:\\Windows\\Fonts\\ITCKRIST.TTF', name='Kristen ITC', style='normal', variant='normal', weight=400, stretch='normal', size='scalable')) = 10.335
2026-02-21 13:25:12,274 - matplotlib.font_manager - DEBUG - findfont: score(FontEntry(fname='C:\\Windows\\Fonts\\HarmonyOS_Sans_SC_Medium.ttf', name='HarmonyOS Sans SC', style='normal', variant='normal', weight=500, stretch='normal', size='scalable')) = 10.24
2026-02-21 13:25:12,274 - matplotlib.font_manager - DEBUG - findfont: score(FontEntry(fname='C:\\Windows\\Fonts\\consola.ttf', name='Consolas', style='normal', variant='normal', weight=400, stretch='normal', size='scalable')) = 10.335
2026-02-21 13:25:12,274 - matplotlib.font_manager - DEBUG - findfont: score(FontEntry(fname='C:\\Windows\\Fonts\\trebucbi.ttf', name='Trebuchet MS', style='italic', variant='normal', weight=700, stretch='normal', size='scalable')) = 11.05
2026-02-21 13:25:12,274 - matplotlib.font_manager - DEBUG - findfont: score(FontEntry(fname='C:\\Windows\\Fonts\\HGKT_CNKI.TTF', name='HGKT_CNKI', style='normal', variant='normal', weight=400, stretch='normal', size='scalable')) = 10.335
2026-02-21 13:25:12,274 - matplotlib.font_manager - DEBUG - findfont: score(FontEntry(fname='C:\\Windows\\Fonts\\BKANT.TTF', name='Book Antiqua', style='normal', variant='normal', weight=400, stretch='normal', size='scalable')) = 10.335
2026-02-21 13:25:12,274 - matplotlib.font_manager - DEBUG - findfont: score(FontEntry(fname='C:\\Windows\\Fonts\\ebrimabd.ttf', name='Ebrima', style='normal', variant='normal', weight=700, stretch='normal', size='scalable')) = 10.05
2026-02-21 13:25:12,274 - matplotlib.font_manager - DEBUG - findfont: score(FontEntry(fname='C:\\Windows\\Fonts\\WINGDNG2.TTF', name='Wingdings 2', style='normal', variant='normal', weight=400, stretch='normal', size='scalable')) = 10.335
2026-02-21 13:25:12,274 - matplotlib.font_manager - DEBUG - findfont: score(FontEntry(fname='D:\\SceneBuilder\\runtime\\jre\\lib\\fonts\\LucidaSansDemiBold.ttf', name='Lucida Sans', style='normal', variant='normal', weight=700, stretch='normal', size='scalable')) = 10.05
2026-02-21 13:25:12,274 - matplotlib.font_manager - DEBUG - findfont: score(FontEntry(fname='C:\\Windows\\Fonts\\HGH7X_CNKI.ttf', name='HGH7X_CNKI', style='normal', variant='normal', weight=400, stretch='normal', size='scalable')) = 10.335
2026-02-21 13:25:12,274 - matplotlib.font_manager - DEBUG - findfont: score(FontEntry(fname='C:\\Windows\\Fonts\\STFANGSO.TTF', name='STFangsong', style='normal', variant='normal', weight=400, stretch='normal', size='scalable')) = 10.335
2026-02-21 13:25:12,274 - matplotlib.font_manager - DEBUG - findfont: score(FontEntry(fname='C:\\Windows\\Fonts\\HGB6X_CNKI.ttf', name='HGB6X_CNKI', style='normal', variant='normal', weight=400, stretch='normal', size='scalable')) = 10.335
2026-02-21 13:25:12,274 - matplotlib.font_manager - DEBUG - findfont: score(FontEntry(fname='C:\\Windows\\Fonts\\ANTQUAB.TTF', name='Book Antiqua', style='normal', variant='normal', weight=700, stretch='normal', size='scalable')) = 10.05
2026-02-21 13:25:12,274 - matplotlib.font_manager - DEBUG - findfont: score(FontEntry(fname='C:\\Windows\\Fonts\\timesi.ttf', name='Times New Roman', style='italic', variant='normal', weight=400, stretch='normal', size='scalable')) = 11.335
2026-02-21 13:25:12,274 - matplotlib.font_manager - DEBUG - findfont: score(FontEntry(fname='C:\\Windows\\Fonts\\tahomabd.ttf', name='Tahoma', style='normal', variant='normal', weight=700, stretch='normal', size='scalable')) = 10.05
2026-02-21 13:25:12,274 - matplotlib.font_manager - DEBUG - findfont: score(FontEntry(fname='C:\\Windows\\Fonts\\YuGothL.ttc', name='Yu Gothic', style='normal', variant='normal', weight=300, stretch='normal', size='scalable')) = 10.43
2026-02-21 13:25:12,274 - matplotlib.font_manager - DEBUG - findfont: score(FontEntry(fname='C:\\Windows\\Fonts\\HGH4X_CNKI.ttf', name='HGH4X_CNKI', style='normal', variant='normal', weight=400, stretch='normal', size='scalable')) = 10.335
2026-02-21 13:25:12,274 - matplotlib.font_manager - DEBUG - findfont: score(FontEntry(fname='C:\\Windows\\Fonts\\ariali.ttf', name='Arial', style='italic', variant='normal', weight=400, stretch='normal', size='scalable')) = 11.335
2026-02-21 13:25:12,274 - matplotlib.font_manager - DEBUG - findfont: score(FontEntry(fname='C:\\Windows\\Fonts\\Candarali.ttf', name='Candara', style='italic', variant='normal', weight=400, stretch='normal', size='scalable')) = 11.335
2026-02-21 13:25:12,274 - matplotlib.font_manager - DEBUG - findfont: score(FontEntry(fname='C:\\Windows\\Fonts\\cambriai.ttf', name='Cambria', style='italic', variant='normal', weight=400, stretch='normal', size='scalable')) = 11.335
2026-02-21 13:25:12,274 - matplotlib.font_manager - DEBUG - findfont: score(FontEntry(fname='C:\\Windows\\Fonts\\simhei.ttf', name='SimHei', style='normal', variant='normal', weight=400, stretch='normal', size='scalable')) = 0.33499999999999996
2026-02-21 13:25:12,274 - matplotlib.font_manager - DEBUG - findfont: score(FontEntry(fname='C:\\Windows\\Fonts\\mmrtext.ttf', name='Myanmar Text', style='normal', variant='normal', weight=400, stretch='normal', size='scalable')) = 10.335
2026-02-21 13:25:12,274 - matplotlib.font_manager - DEBUG - findfont: score(FontEntry(fname='C:\\Windows\\Fonts\\msyhl.ttc', name='Microsoft YaHei', style='normal', variant='normal', weight=290, stretch='normal', size='scalable')) = 3.772833333333333
2026-02-21 13:25:12,274 - matplotlib.font_manager - DEBUG - findfont: score(FontEntry(fname='C:\\Windows\\Fonts\\WINGDNG3.TTF', name='Wingdings 3', style='normal', variant='normal', weight=400, stretch='normal', size='scalable')) = 10.335
2026-02-21 13:25:12,274 - matplotlib.font_manager - DEBUG - findfont: score(FontEntry(fname='C:\\Windows\\Fonts\\arial.ttf', name='Arial', style='normal', variant='normal', weight=400, stretch='normal', size='scalable')) = 10.335
2026-02-21 13:25:12,274 - matplotlib.font_manager - DEBUG - findfont: score(FontEntry(fname='C:\\Windows\\Fonts\\framd.ttf', name='Franklin Gothic Medium', style='normal', variant='normal', weight=400, stretch='normal', size='scalable')) = 10.335
2026-02-21 13:25:12,274 - matplotlib.font_manager - DEBUG - findfont: score(FontEntry(fname='C:\\Windows\\Fonts\\SegUIVar.ttf', name='Segoe UI Variable', style='normal', variant='normal', weight=400, stretch='normal', size='scalable')) = 10.335
2026-02-21 13:25:12,274 - matplotlib.font_manager - DEBUG - findfont: score(FontEntry(fname='C:\\Windows\\Fonts\\malgunsl.ttf', name='Malgun Gothic', style='normal', variant='normal', weight=300, stretch='normal', size='scalable')) = 10.43
2026-02-21 13:25:12,274 - matplotlib.font_manager - DEBUG - findfont: score(FontEntry(fname='C:\\Windows\\Fonts\\consolab.ttf', name='Consolas', style='normal', variant='normal', weight=700, stretch='normal', size='scalable')) = 10.05
2026-02-21 13:25:12,274 - matplotlib.font_manager - DEBUG - findfont: score(FontEntry(fname='C:\\Windows\\Fonts\\segoeuisl.ttf', name='Segoe UI', style='normal', variant='normal', weight=350, stretch='normal', size='scalable')) = 10.3825
2026-02-21 13:25:12,274 - matplotlib.font_manager - DEBUG - findfont: score(FontEntry(fname='C:\\Windows\\Fonts\\constani.ttf', name='Constantia', style='italic', variant='normal', weight=400, stretch='normal', size='scalable')) = 11.335
2026-02-21 13:25:12,274 - matplotlib.font_manager - DEBUG - findfont: score(FontEntry(fname='C:\\Windows\\Fonts\\BRADHITC.TTF', name='Bradley Hand ITC', style='normal', variant='normal', weight=400, stretch='normal', size='scalable')) = 10.335
2026-02-21 13:25:12,274 - matplotlib.font_manager - DEBUG - findfont: score(FontEntry(fname='C:\\Windows\\Fonts\\LeelaUIb.ttf', name='Leelawadee UI', style='normal', variant='normal', weight=700, stretch='normal', size='scalable')) = 10.05
2026-02-21 13:25:12,274 - matplotlib.font_manager - DEBUG - findfont: score(FontEntry(fname='C:\\Windows\\Fonts\\STXINGKA.TTF', name='STXingkai', style='normal', variant='normal', weight=400, stretch='normal', size='scalable')) = 10.335
2026-02-21 13:25:12,274 - matplotlib.font_manager - DEBUG - findfont: score(FontEntry(fname='C:\\Windows\\Fonts\\HGF4_CNKI.ttf', name='HGF4_CNKI', style='normal', variant='normal', weight=400, stretch='normal', size='scalable')) = 10.335
2026-02-21 13:25:12,274 - matplotlib.font_manager - DEBUG - findfont: score(FontEntry(fname='C:\\Windows\\Fonts\\GOTHICBI.TTF', name='Century Gothic', style='italic', variant='normal', weight=700, stretch='normal', size='scalable')) = 11.05
2026-02-21 13:25:12,274 - matplotlib.font_manager - DEBUG - findfont: score(FontEntry(fname='C:\\Windows\\Fonts\\arialbi.ttf', name='Arial', style='italic', variant='normal', weight=700, stretch='normal', size='scalable')) = 11.05
2026-02-21 13:25:12,274 - matplotlib.font_manager - DEBUG - findfont: score(FontEntry(fname='C:\\Windows\\Fonts\\BOOKOS.TTF', name='Bookman Old Style', style='normal', variant='normal', weight=300, stretch='normal', size='scalable')) = 10.43
2026-02-21 13:25:12,274 - matplotlib.font_manager - DEBUG - findfont: score(FontEntry(fname='C:\\Windows\\Fonts\\HGF5_CNKI.ttf', name='HGF5_CNKI', style='normal', variant='normal', weight=400, stretch='normal', size='scalable')) = 10.335
2026-02-21 13:25:12,275 - matplotlib.font_manager - DEBUG - findfont: score(FontEntry(fname='C:\\Windows\\Fonts\\corbeli.ttf', name='Corbel', style='italic', variant='normal', weight=400, stretch='normal', size='scalable')) = 11.335
2026-02-21 13:25:12,275 - matplotlib.font_manager - DEBUG - findfont: score(FontEntry(fname='C:\\Windows\\Fonts\\HGXS_CNKI.TTF', name='HGXS_CNKI', style='normal', variant='normal', weight=400, stretch='normal', size='scalable')) = 10.335
2026-02-21 13:25:12,275 - matplotlib.font_manager - DEBUG - findfont: score(FontEntry(fname='C:\\Windows\\Fonts\\REFSPCL.TTF', name='MS Reference Specialty', style='normal', variant='normal', weight=400, stretch='normal', size='scalable')) = 10.335
2026-02-21 13:25:12,275 - matplotlib.font_manager - DEBUG - findfont: score(FontEntry(fname='C:\\Windows\\Fonts\\HGSS1_CNKI.TTF', name='HGSS1_CNKI', style='normal', variant='normal', weight=400, stretch='normal', size='scalable')) = 10.335
2026-02-21 13:25:12,275 - matplotlib.font_manager - DEBUG - findfont: score(FontEntry(fname='C:\\Windows\\Fonts\\georgiab.ttf', name='Georgia', style='normal', variant='normal', weight=700, stretch='normal', size='scalable')) = 10.05
2026-02-21 13:25:12,275 - matplotlib.font_manager - DEBUG - findfont: score(FontEntry(fname='C:\\Windows\\Fonts\\CascadiaMono.ttf', name='Cascadia Mono', style='normal', variant='normal', weight=400, stretch='normal', size='scalable')) = 10.335
2026-02-21 13:25:12,275 - matplotlib.font_manager - DEBUG - findfont: score(FontEntry(fname='C:\\Windows\\Fonts\\HGF6_CNKI.ttf', name='HGF6_CNKI', style='normal', variant='normal', weight=400, stretch='normal', size='scalable')) = 10.335
2026-02-21 13:25:12,275 - matplotlib.font_manager - DEBUG - findfont: score(FontEntry(fname='C:\\Windows\\Fonts\\javatext.ttf', name='Javanese Text', style='normal', variant='normal', weight=400, stretch='normal', size='scalable')) = 10.335
2026-02-21 13:25:12,275 - matplotlib.font_manager - DEBUG - findfont: score(FontEntry(fname='C:\\Windows\\Fonts\\calibri.ttf', name='Calibri', style='normal', variant='normal', weight=400, stretch='normal', size='scalable')) = 10.335
2026-02-21 13:25:12,275 - matplotlib.font_manager - DEBUG - findfont: score(FontEntry(fname='C:\\Windows\\Fonts\\HGBS2_CNKI.TTF', name='HGBS2_CNKI', style='normal', variant='normal', weight=400, stretch='normal', size='scalable')) = 10.335
2026-02-21 13:25:12,275 - matplotlib.font_manager - DEBUG - findfont: score(FontEntry(fname='C:\\Windows\\Fonts\\HGB4X_CNKI.ttf', name='HGB4X_CNKI', style='normal', variant='normal', weight=400, stretch='normal', size='scalable')) = 10.335
2026-02-21 13:25:12,275 - matplotlib.font_manager - DEBUG - findfont: score(FontEntry(fname='C:\\Windows\\Fonts\\seguihis.ttf', name='Segoe UI Historic', style='normal', variant='normal', weight=400, stretch='normal', size='scalable')) = 10.335
2026-02-21 13:25:12,275 - matplotlib.font_manager - DEBUG - findfont: score(FontEntry(fname='C:\\Windows\\Fonts\\Inkfree.ttf', name='Ink Free', style='normal', variant='normal', weight=400, stretch='normal', size='scalable')) = 10.335
2026-02-21 13:25:12,275 - matplotlib.font_manager - DEBUG - findfont: score(FontEntry(fname='C:\\Windows\\Fonts\\seguiemj.ttf', name='Segoe UI Emoji', style='normal', variant='normal', weight=400, stretch='normal', size='scalable')) = 10.335
2026-02-21 13:25:12,275 - matplotlib.font_manager - DEBUG - findfont: score(FontEntry(fname='C:\\Windows\\Fonts\\georgia.ttf', name='Georgia', style='normal', variant='normal', weight=400, stretch='normal', size='scalable')) = 10.335
2026-02-21 13:25:12,275 - matplotlib.font_manager - DEBUG - findfont: score(FontEntry(fname='C:\\Windows\\Fonts\\HGZDX_CNKI.TTF', name='HGZDX_CNKI', style='normal', variant='normal', weight=400, stretch='normal', size='scalable')) = 10.335
2026-02-21 13:25:12,275 - matplotlib.font_manager - DEBUG - findfont: score(FontEntry(fname='C:\\Windows\\Fonts\\segoeuil.ttf', name='Segoe UI', style='normal', variant='normal', weight=300, stretch='normal', size='scalable')) = 10.43
2026-02-21 13:25:12,275 - matplotlib.font_manager - DEBUG - findfont: score(FontEntry(fname='C:\\Windows\\Fonts\\HGB8_CNKI.ttf', name='HGB8_CNKI', style='normal', variant='normal', weight=400, stretch='normal', size='scalable')) = 10.335
2026-02-21 13:25:12,275 - matplotlib.font_manager - DEBUG - findfont: score(FontEntry(fname='C:\\Windows\\Fonts\\constanz.ttf', name='Constantia', style='italic', variant='normal', weight=700, stretch='normal', size='scalable')) = 11.05
2026-02-21 13:25:12,275 - matplotlib.font_manager - DEBUG - findfont: score(FontEntry(fname='C:\\Windows\\Fonts\\HGPTY_CNKI.TTF', name='HGPTY_CNKI', style='normal', variant='normal', weight=400, stretch='normal', size='scalable')) = 10.335
2026-02-21 13:25:12,275 - matplotlib.font_manager - DEBUG - findfont: score(FontEntry(fname='C:\\Windows\\Fonts\\ZWAdobeF.TTF', name='ZWAdobeF', style='normal', variant='normal', weight=400, stretch='normal', size='scalable')) = 10.335
2026-02-21 13:25:12,275 - matplotlib.font_manager - DEBUG - findfont: score(FontEntry(fname='C:\\Windows\\Fonts\\calibril.ttf', name='Calibri', style='normal', variant='normal', weight=300, stretch='normal', size='scalable')) = 10.43
2026-02-21 13:25:12,275 - matplotlib.font_manager - DEBUG - findfont: score(FontEntry(fname='C:\\Windows\\Fonts\\msgothic.ttc', name='MS Gothic', style='normal', variant='normal', weight=400, stretch='normal', size='scalable')) = 10.335
2026-02-21 13:25:12,275 - matplotlib.font_manager - DEBUG - findfont: score(FontEntry(fname='C:\\Windows\\Fonts\\REFSAN.TTF', name='MS Reference Sans Serif', style='normal', variant='normal', weight=400, stretch='normal', size='scalable')) = 10.335
2026-02-21 13:25:12,275 - matplotlib.font_manager - DEBUG - findfont: score(FontEntry(fname='C:\\Windows\\Fonts\\comici.ttf', name='Comic Sans MS', style='italic', variant='normal', weight=400, stretch='normal', size='scalable')) = 11.335
2026-02-21 13:25:12,275 - matplotlib.font_manager - DEBUG - findfont: score(FontEntry(fname='C:\\Windows\\Fonts\\Candaral.ttf', name='Candara', style='normal', variant='normal', weight=400, stretch='normal', size='scalable')) = 10.335
2026-02-21 13:25:12,275 - matplotlib.font_manager - DEBUG - findfont: score(FontEntry(fname='C:\\Windows\\Fonts\\TEMPSITC.TTF', name='Tempus Sans ITC', style='normal', variant='normal', weight=400, stretch='normal', size='scalable')) = 10.335
2026-02-21 13:25:12,275 - matplotlib.font_manager - DEBUG - findfont: score(FontEntry(fname='C:\\Windows\\Fonts\\YuGothB.ttc', name='Yu Gothic', style='normal', variant='normal', weight=700, stretch='normal', size='scalable')) = 10.05
2026-02-21 13:25:12,275 - matplotlib.font_manager - DEBUG - findfont: score(FontEntry(fname='D:\\SceneBuilder\\runtime\\jre\\lib\\fonts\\LucidaTypewriterBold.ttf', name='Lucida Sans Typewriter', style='normal', variant='normal', weight=700, stretch='normal', size='scalable')) = 10.05
2026-02-21 13:25:12,275 - matplotlib.font_manager - DEBUG - findfont: score(FontEntry(fname='C:\\Windows\\Fonts\\GOTHIC.TTF', name='Century Gothic', style='normal', variant='normal', weight=400, stretch='normal', size='scalable')) = 10.335
2026-02-21 13:25:12,275 - matplotlib.font_manager - DEBUG - findfont: score(FontEntry(fname='D:\\SceneBuilder\\runtime\\jre\\lib\\fonts\\LucidaBrightItalic.ttf', name='Lucida Bright', style='italic', variant='normal', weight=400, stretch='normal', size='scalable')) = 11.335
2026-02-21 13:25:12,276 - matplotlib.font_manager - DEBUG - findfont: score(FontEntry(fname='C:\\Windows\\Fonts\\HGKT1_CNKI.TTF', name='HGKT1_CNKI', style='normal', variant='normal', weight=400, stretch='normal', size='scalable')) = 10.335
2026-02-21 13:25:12,276 - matplotlib.font_manager - DEBUG - findfont: score(FontEntry(fname='C:\\Windows\\Fonts\\georgiai.ttf', name='Georgia', style='italic', variant='normal', weight=400, stretch='normal', size='scalable')) = 11.335
2026-02-21 13:25:12,276 - matplotlib.font_manager - DEBUG - findfont: score(FontEntry(fname='C:\\Windows\\Fonts\\HGXC_CNKI.TTF', name='HGXC_CNKI', style='normal', variant='normal', weight=400, stretch='normal', size='scalable')) = 10.335
2026-02-21 13:25:12,276 - matplotlib.font_manager - DEBUG - findfont: score(FontEntry(fname='C:\\Windows\\Fonts\\HGLS_CNKI.TTF', name='HGLS_CNKI', style='normal', variant='normal', weight=400, stretch='normal', size='scalable')) = 10.335
2026-02-21 13:25:12,276 - matplotlib.font_manager - DEBUG - findfont: score(FontEntry(fname='C:\\Windows\\Fonts\\HGY1_CNKI.TTF', name='HGY1_CNKI', style='normal', variant='normal', weight=400, stretch='normal', size='scalable')) = 10.335
2026-02-21 13:25:12,276 - matplotlib.font_manager - DEBUG - findfont: score(FontEntry(fname='C:\\Windows\\Fonts\\wingding.ttf', name='Wingdings', style='normal', variant='normal', weight=400, stretch='normal', size='scalable')) = 10.335
2026-02-21 13:25:12,276 - matplotlib.font_manager - DEBUG - findfont: score(FontEntry(fname='C:\\Windows\\Fonts\\trebucbd.ttf', name='Trebuchet MS', style='normal', variant='normal', weight=700, stretch='normal', size='scalable')) = 10.05
2026-02-21 13:25:12,276 - matplotlib.font_manager - DEBUG - findfont: score(FontEntry(fname='C:\\Windows\\Fonts\\HGMH_CNKI.TTF', name='HGMH_CNKI', style='normal', variant='normal', weight=400, stretch='normal', size='scalable')) = 10.335
2026-02-21 13:25:12,276 - matplotlib.font_manager - DEBUG - findfont: score(FontEntry(fname='C:\\Windows\\Fonts\\BSSYM7.TTF', name='Bookshelf Symbol 7', style='normal', variant='normal', weight=400, stretch='normal', size='scalable')) = 10.335
2026-02-21 13:25:12,276 - matplotlib.font_manager - DEBUG - findfont: score(FontEntry(fname='C:\\Windows\\Fonts\\comic.ttf', name='Comic Sans MS', style='normal', variant='normal', weight=400, stretch='normal', size='scalable')) = 10.335
2026-02-21 13:25:12,276 - matplotlib.font_manager - DEBUG - findfont: score(FontEntry(fname='C:\\Windows\\Fonts\\trebuc.ttf', name='Trebuchet MS', style='normal', variant='normal', weight=400, stretch='normal', size='scalable')) = 10.335
2026-02-21 13:25:12,276 - matplotlib.font_manager - DEBUG - findfont: score(FontEntry(fname='C:\\Windows\\Fonts\\HGDYS_CNKI.TTF', name='HGDYS_CNKI', style='normal', variant='normal', weight=400, stretch='normal', size='scalable')) = 10.335
2026-02-21 13:25:12,276 - matplotlib.font_manager - DEBUG - findfont: score(FontEntry(fname='C:\\Windows\\Fonts\\seguisli.ttf', name='Segoe UI', style='italic', variant='normal', weight=350, stretch='normal', size='scalable')) = 11.3825
2026-02-21 13:25:12,276 - matplotlib.font_manager - DEBUG - findfont: score(FontEntry(fname='C:\\Windows\\Fonts\\ntailu.ttf', name='Microsoft New Tai Lue', style='normal', variant='normal', weight=400, stretch='normal', size='scalable')) = 10.335
2026-02-21 13:25:12,276 - matplotlib.font_manager - DEBUG - findfont: score(FontEntry(fname='C:\\Windows\\Fonts\\HGH5X_CNKI.ttf', name='HGH5X_CNKI', style='normal', variant='normal', weight=400, stretch='normal', size='scalable')) = 10.335
2026-02-21 13:25:12,276 - matplotlib.font_manager - DEBUG - findfont: score(FontEntry(fname='C:\\Windows\\Fonts\\STSONG.TTF', name='STSong', style='normal', variant='normal', weight=400, stretch='normal', size='scalable')) = 10.335
2026-02-21 13:25:12,276 - matplotlib.font_manager - DEBUG - findfont: score(FontEntry(fname='C:\\Windows\\Fonts\\STHUPO.TTF', name='STHupo', style='normal', variant='normal', weight=400, stretch='normal', size='scalable')) = 10.335
2026-02-21 13:25:12,276 - matplotlib.font_manager - DEBUG - findfont: score(FontEntry(fname='C:\\Windows\\Fonts\\gadugi.ttf', name='Gadugi', style='normal', variant='normal', weight=400, stretch='normal', size='scalable')) = 10.335
2026-02-21 13:25:12,276 - matplotlib.font_manager - DEBUG - findfont: score(FontEntry(fname='C:\\Windows\\Fonts\\STZHONGS.TTF', name='STZhongsong', style='normal', variant='normal', weight=400, stretch='normal', size='scalable')) = 10.335
2026-02-21 13:25:12,276 - matplotlib.font_manager - DEBUG - findfont: score(FontEntry(fname='C:\\Windows\\Fonts\\HGB1_CNKI.ttf', name='HGB1_CNKI', style='normal', variant='normal', weight=400, stretch='normal', size='scalable')) = 10.335
2026-02-21 13:25:12,276 - matplotlib.font_manager - DEBUG - findfont: score(FontEntry(fname='C:\\Windows\\Fonts\\HGGG_CNKI.TTF', name='HGGG_CNKI', style='normal', variant='normal', weight=400, stretch='normal', size='scalable')) = 10.335
2026-02-21 13:25:12,276 - matplotlib.font_manager - DEBUG - findfont: score(FontEntry(fname='C:\\Windows\\Fonts\\courbi.ttf', name='Courier New', style='italic', variant='normal', weight=700, stretch='normal', size='scalable')) = 11.05
2026-02-21 13:25:12,276 - matplotlib.font_manager - DEBUG - findfont: score(FontEntry(fname='C:\\Windows\\Fonts\\HGF9X_CNKI.ttf', name='HGF9X_CNKI', style='normal', variant='normal', weight=400, stretch='normal', size='scalable')) = 10.335
2026-02-21 13:25:12,276 - matplotlib.font_manager - DEBUG - findfont: score(FontEntry(fname='C:\\Windows\\Fonts\\HGDH_CNKI.TTF', name='HGDH_CNKI', style='normal', variant='normal', weight=400, stretch='normal', size='scalable')) = 10.335
2026-02-21 13:25:12,276 - matplotlib.font_manager - DEBUG - findfont: score(FontEntry(fname='C:\\Windows\\Fonts\\HGB6_CNKI.ttf', name='HGB6_CNKI', style='normal', variant='normal', weight=400, stretch='normal', size='scalable')) = 10.335
2026-02-21 13:25:12,276 - matplotlib.font_manager - DEBUG - findfont: score(FontEntry(fname='C:\\Windows\\Fonts\\HGH7_CNKI.ttf', name='HGH7_CNKI', style='normal', variant='normal', weight=400, stretch='normal', size='scalable')) = 10.335
2026-02-21 13:25:12,276 - matplotlib.font_manager - DEBUG - findfont: score(FontEntry(fname='C:\\Windows\\Fonts\\simsun.ttc', name='SimSun', style='normal', variant='normal', weight=400, stretch='normal', size='scalable')) = 10.335
2026-02-21 13:25:12,276 - matplotlib.font_manager - DEBUG - findfont: score(FontEntry(fname='C:\\Windows\\Fonts\\HGZK_CNKI.TTF', name='HGZK_CNKI', style='normal', variant='normal', weight=400, stretch='normal', size='scalable')) = 10.335
2026-02-21 13:25:12,276 - matplotlib.font_manager - DEBUG - findfont: score(FontEntry(fname='C:\\Windows\\Fonts\\taile.ttf', name='Microsoft Tai Le', style='normal', variant='normal', weight=400, stretch='normal', size='scalable')) = 10.335
2026-02-21 13:25:12,276 - matplotlib.font_manager - DEBUG - findfont: score(FontEntry(fname='C:\\Windows\\Fonts\\seguili.ttf', name='Segoe UI', style='italic', variant='normal', weight=300, stretch='normal', size='scalable')) = 11.43
2026-02-21 13:25:12,276 - matplotlib.font_manager - DEBUG - findfont: score(FontEntry(fname='C:\\Windows\\Fonts\\HGF3_CNKI.ttf', name='HGF3_CNKI', style='normal', variant='normal', weight=400, stretch='normal', size='scalable')) = 10.335
2026-02-21 13:25:12,276 - matplotlib.font_manager - DEBUG - findfont: score(FontEntry(fname='C:\\Windows\\Fonts\\HGOCR_CNKI.ttf', name='HGOCR_CNKI', style='normal', variant='normal', weight=400, stretch='normal', size='scalable')) = 10.335
2026-02-21 13:25:12,276 - matplotlib.font_manager - DEBUG - findfont: score(FontEntry(fname='C:\\Windows\\Fonts\\HGF8_CNKI.ttf', name='HGF8_CNKI', style='normal', variant='normal', weight=400, stretch='normal', size='scalable')) = 10.335
2026-02-21 13:25:12,277 - matplotlib.font_manager - DEBUG - findfont: score(FontEntry(fname='C:\\Windows\\Fonts\\HGF1X_CNKI.ttf', name='HGF1X_CNKI', style='normal', variant='normal', weight=400, stretch='normal', size='scalable')) = 10.335
2026-02-21 13:25:12,277 - matplotlib.font_manager - DEBUG - findfont: score(FontEntry(fname='C:\\Windows\\Fonts\\HGF2_CNKI.ttf', name='HGF2_CNKI', style='normal', variant='normal', weight=400, stretch='normal', size='scalable')) = 10.335
2026-02-21 13:25:12,277 - matplotlib.font_manager - DEBUG - findfont: score(FontEntry(fname='C:\\Windows\\Fonts\\HGB2_CNKI.ttf', name='HGB2_CNKI', style='normal', variant='normal', weight=400, stretch='normal', size='scalable')) = 10.335
2026-02-21 13:25:12,277 - matplotlib.font_manager - DEBUG - findfont: score(FontEntry(fname='C:\\Windows\\Fonts\\cambria.ttc', name='Cambria', style='normal', variant='normal', weight=400, stretch='normal', size='scalable')) = 10.335
2026-02-21 13:25:12,277 - matplotlib.font_manager - DEBUG - findfont: score(FontEntry(fname='C:\\Windows\\Fonts\\HGF4X_CNKI.ttf', name='HGF4X_CNKI', style='normal', variant='normal', weight=400, stretch='normal', size='scalable')) = 10.335
2026-02-21 13:25:12,277 - matplotlib.font_manager - DEBUG - findfont: score(FontEntry(fname='C:\\Windows\\Fonts\\segoeprb.ttf', name='Segoe Print', style='normal', variant='normal', weight=700, stretch='normal', size='scalable')) = 10.05
2026-02-21 13:25:12,277 - matplotlib.font_manager - DEBUG - findfont: score(FontEntry(fname='C:\\Windows\\Fonts\\MTEXTRA.TTF', name='MT Extra', style='normal', variant='normal', weight=400, stretch='normal', size='scalable')) = 10.335
2026-02-21 13:25:12,277 - matplotlib.font_manager - DEBUG - findfont: score(FontEntry(fname='C:\\Windows\\Fonts\\seguibli.ttf', name='Segoe UI', style='italic', variant='normal', weight=900, stretch='normal', size='scalable')) = 11.24
2026-02-21 13:25:12,277 - matplotlib.font_manager - DEBUG - findfont: score(FontEntry(fname='C:\\Windows\\Fonts\\cambriaz.ttf', name='Cambria', style='italic', variant='normal', weight=700, stretch='normal', size='scalable')) = 11.05
2026-02-21 13:25:12,277 - matplotlib.font_manager - DEBUG - findfont: score(FontEntry(fname='C:\\Windows\\Fonts\\BOOKOSB.TTF', name='Bookman Old Style', style='normal', variant='normal', weight=600, stretch='normal', size='scalable')) = 10.145
2026-02-21 13:25:12,277 - matplotlib.font_manager - DEBUG - findfont: score(FontEntry(fname='C:\\Windows\\Fonts\\bahnschrift.ttf', name='Bahnschrift', style='normal', variant='normal', weight=400, stretch='normal', size='scalable')) = 10.335
2026-02-21 13:25:12,277 - matplotlib.font_manager - DEBUG - findfont: score(FontEntry(fname='C:\\Windows\\Fonts\\HGH5_CNKI.ttf', name='HGH5_CNKI', style='normal', variant='normal', weight=400, stretch='normal', size='scalable')) = 10.335
2026-02-21 13:25:12,277 - matplotlib.font_manager - DEBUG - findfont: score(FontEntry(fname='C:\\Windows\\Fonts\\ebrima.ttf', name='Ebrima', style='normal', variant='normal', weight=400, stretch='normal', size='scalable')) = 10.335
2026-02-21 13:25:12,277 - matplotlib.font_manager - DEBUG - findfont: score(FontEntry(fname='C:\\Windows\\Fonts\\STXINWEI.TTF', name='STXinwei', style='normal', variant='normal', weight=400, stretch='normal', size='scalable')) = 10.335
2026-02-21 13:25:12,277 - matplotlib.font_manager - DEBUG - findfont: score(FontEntry(fname='D:\\SceneBuilder\\runtime\\jre\\lib\\fonts\\LucidaBrightDemiItalic.ttf', name='Lucida Bright', style='italic', variant='normal', weight=700, stretch='normal', size='scalable')) = 11.05
2026-02-21 13:25:12,277 - matplotlib.font_manager - DEBUG - findfont: score(FontEntry(fname='C:\\Windows\\Fonts\\HGXF1_CNKI.ttf', name='HGXF1_CNKI', style='normal', variant='normal', weight=400, stretch='normal', size='scalable')) = 10.335
2026-02-21 13:25:12,277 - matplotlib.font_manager - DEBUG - findfont: score(FontEntry(fname='C:\\Windows\\Fonts\\Candarab.ttf', name='Candara', style='normal', variant='normal', weight=700, stretch='normal', size='scalable')) = 10.05
2026-02-21 13:25:12,277 - matplotlib.font_manager - DEBUG - findfont: score(FontEntry(fname='C:\\Windows\\Fonts\\HGH3_CNKI.ttf', name='HGH3_CNKI', style='normal', variant='normal', weight=400, stretch='normal', size='scalable')) = 10.335
2026-02-21 13:25:12,277 - matplotlib.font_manager - DEBUG - findfont: score(FontEntry(fname='D:\\SceneBuilder\\runtime\\jre\\lib\\fonts\\LucidaBrightDemiBold.ttf', name='Lucida Bright', style='normal', variant='normal', weight=700, stretch='normal', size='scalable')) = 10.05
2026-02-21 13:25:12,277 - matplotlib.font_manager - DEBUG - findfont: score(FontEntry(fname='C:\\Windows\\Fonts\\HGCUH_CNKI.TTF', name='HGCUH_CNKI', style='normal', variant='normal', weight=400, stretch='normal', size='scalable')) = 10.335
2026-02-21 13:25:12,277 - matplotlib.font_manager - DEBUG - findfont: score(FontEntry(fname='C:\\Windows\\Fonts\\HGHZ_CNKI.ttf', name='HGHZ_CNKI', style='normal', variant='normal', weight=400, stretch='normal', size='scalable')) = 10.335
2026-02-21 13:25:12,277 - matplotlib.font_manager - DEBUG - findfont: score(FontEntry(fname='C:\\Windows\\Fonts\\HGXBS_CNKI.TTF', name='HGXBS_CNKI', style='normal', variant='normal', weight=400, stretch='normal', size='scalable')) = 10.335
2026-02-21 13:25:12,277 - matplotlib.font_manager - DEBUG - findfont: score(FontEntry(fname='C:\\Windows\\Fonts\\Gabriola.ttf', name='Gabriola', style='normal', variant='normal', weight=400, stretch='normal', size='scalable')) = 10.335
2026-02-21 13:25:12,277 - matplotlib.font_manager - DEBUG - findfont: score(FontEntry(fname='C:\\Windows\\Fonts\\HGFX_CNKI.ttf', name='HGFX_CNKI', style='normal', variant='normal', weight=400, stretch='normal', size='scalable')) = 10.335
2026-02-21 13:25:12,277 - matplotlib.font_manager - DEBUG - findfont: score(FontEntry(fname='C:\\Windows\\Fonts\\HGBS_CNKI.TTF', name='HGBS_CNKI', style='normal', variant='normal', weight=400, stretch='normal', size='scalable')) = 10.335
2026-02-21 13:25:12,277 - matplotlib.font_manager - DEBUG - findfont: score(FontEntry(fname='C:\\Windows\\Fonts\\malgun.ttf', name='Malgun Gothic', style='normal', variant='normal', weight=400, stretch='normal', size='scalable')) = 10.335
2026-02-21 13:25:12,277 - matplotlib.font_manager - DEBUG - findfont: score(FontEntry(fname='C:\\Windows\\Fonts\\palabi.ttf', name='Palatino Linotype', style='italic', variant='normal', weight=700, stretch='normal', size='scalable')) = 11.05
2026-02-21 13:25:12,277 - matplotlib.font_manager - DEBUG - findfont: score(FontEntry(fname='C:\\Windows\\Fonts\\HGY3_CNKI.TTF', name='HGY3_CNKI', style='normal', variant='normal', weight=400, stretch='normal', size='scalable')) = 10.335
2026-02-21 13:25:12,277 - matplotlib.font_manager - DEBUG - findfont: score(FontEntry(fname='C:\\Windows\\Fonts\\BOOKOSBI.TTF', name='Bookman Old Style', style='italic', variant='normal', weight=600, stretch='normal', size='scalable')) = 11.145
2026-02-21 13:25:12,277 - matplotlib.font_manager - DEBUG - findfont: score(FontEntry(fname='C:\\Windows\\Fonts\\HGB7_CNKI.ttf', name='HGB7_CNKI', style='normal', variant='normal', weight=400, stretch='normal', size='scalable')) = 10.335
2026-02-21 13:25:12,277 - matplotlib.font_manager - DEBUG - findfont: score(FontEntry(fname='C:\\Windows\\Fonts\\HGBKBX_CNKI.ttf', name='HGBKBX_CNKI', style='normal', variant='normal', weight=400, stretch='normal', size='scalable')) = 10.335
2026-02-21 13:25:12,277 - matplotlib.font_manager - DEBUG - findfont: score(FontEntry(fname='C:\\Windows\\Fonts\\gadugib.ttf', name='Gadugi', style='normal', variant='normal', weight=700, stretch='normal', size='scalable')) = 10.05
2026-02-21 13:25:12,278 - matplotlib.font_manager - DEBUG - findfont: score(FontEntry(fname='C:\\Windows\\Fonts\\HGX1_CNKI.ttf', name='HGX1_CNKI', style='normal', variant='normal', weight=400, stretch='normal', size='scalable')) = 10.335
2026-02-21 13:25:12,278 - matplotlib.font_manager - DEBUG - findfont: score(FontEntry(fname='C:\\Windows\\Fonts\\HGF7_CNKI.ttf', name='HGF7_CNKI', style='normal', variant='normal', weight=400, stretch='normal', size='scalable')) = 10.335
2026-02-21 13:25:12,278 - matplotlib.font_manager - DEBUG - findfont: score(FontEntry(fname='C:\\Windows\\Fonts\\HGZY_CNKI.TTF', name='HGZY_CNKI', style='normal', variant='normal', weight=400, stretch='normal', size='scalable')) = 10.335
2026-02-21 13:25:12,278 - matplotlib.font_manager - DEBUG - findfont: score(FontEntry(fname='C:\\Windows\\Fonts\\HarmonyOS_Sans_SC_Regular.ttf', name='HarmonyOS Sans SC', style='normal', variant='normal', weight=400, stretch='normal', size='scalable')) = 10.335
2026-02-21 13:25:12,278 - matplotlib.font_manager - DEBUG - findfont: score(FontEntry(fname='C:\\Windows\\Fonts\\HGZYT_CNKI.TTF', name='HGZYT_CNKI', style='normal', variant='normal', weight=400, stretch='normal', size='scalable')) = 10.335
2026-02-21 13:25:12,278 - matplotlib.font_manager - DEBUG - findfont: score(FontEntry(fname='C:\\Windows\\Fonts\\HGWT_CNKI.TTF', name='HGWT_CNKI', style='normal', variant='normal', weight=400, stretch='normal', size='scalable')) = 10.335
2026-02-21 13:25:12,278 - matplotlib.font_manager - DEBUG - findfont: score(FontEntry(fname='C:\\Windows\\Fonts\\GARABD.TTF', name='Garamond', style='normal', variant='normal', weight=700, stretch='normal', size='scalable')) = 10.05
2026-02-21 13:25:12,278 - matplotlib.font_manager - DEBUG - findfont: score(FontEntry(fname='C:\\Windows\\Fonts\\HGH3X_CNKI.ttf', name='HGH3X_CNKI', style='normal', variant='normal', weight=400, stretch='normal', size='scalable')) = 10.335
2026-02-21 13:25:12,278 - matplotlib.font_manager - DEBUG - findfont: score(FontEntry(fname='C:\\Windows\\Fonts\\msyh.ttc', name='Microsoft YaHei', style='normal', variant='normal', weight=400, stretch='normal', size='scalable')) = 3.668333333333333
2026-02-21 13:25:12,278 - matplotlib.font_manager - DEBUG - findfont: score(FontEntry(fname='C:\\Windows\\Fonts\\mingliub.ttc', name='MingLiU-ExtB', style='normal', variant='normal', weight=400, stretch='normal', size='scalable')) = 10.335
2026-02-21 13:25:12,278 - matplotlib.font_manager - DEBUG - findfont: score(FontEntry(fname='C:\\Windows\\Fonts\\HGFS2_CNKI.TTF', name='HGFS2_CNKI', style='normal', variant='normal', weight=400, stretch='normal', size='scalable')) = 10.335
2026-02-21 13:25:12,278 - matplotlib.font_manager - DEBUG - findfont: score(FontEntry(fname='C:\\Windows\\Fonts\\timesbi.ttf', name='Times New Roman', style='italic', variant='normal', weight=700, stretch='normal', size='scalable')) = 11.05
2026-02-21 13:25:12,278 - matplotlib.font_manager - DEBUG - findfont: score(FontEntry(fname='C:\\Windows\\Fonts\\calibrii.ttf', name='Calibri', style='italic', variant='normal', weight=400, stretch='normal', size='scalable')) = 11.335
2026-02-21 13:25:12,278 - matplotlib.font_manager - DEBUG - findfont: score(FontEntry(fname='C:\\Windows\\Fonts\\seguisb.ttf', name='Segoe UI', style='normal', variant='normal', weight=600, stretch='normal', size='scalable')) = 10.145
2026-02-21 13:25:12,278 - matplotlib.font_manager - DEBUG - findfont: score(FontEntry(fname='C:\\Windows\\Fonts\\msjh.ttc', name='Microsoft JhengHei', style='normal', variant='normal', weight=400, stretch='normal', size='scalable')) = 10.335
2026-02-21 13:25:12,278 - matplotlib.font_manager - DEBUG - findfont: score(FontEntry(fname='C:\\Windows\\Fonts\\HGYT2_CNKI.ttf', name='HGYT2_CNKI', style='normal', variant='normal', weight=400, stretch='normal', size='scalable')) = 10.335
2026-02-21 13:25:12,279 - matplotlib.font_manager - DEBUG - findfont: score(FontEntry(fname='C:\\Windows\\Fonts\\simfang.ttf', name='FangSong', style='normal', variant='normal', weight=400, stretch='normal', size='scalable')) = 10.335
2026-02-21 13:25:12,279 - matplotlib.font_manager - DEBUG - findfont: score(FontEntry(fname='C:\\Windows\\Fonts\\HGF5X_CNKI.ttf', name='HGF5X_CNKI', style='normal', variant='normal', weight=400, stretch='normal', size='scalable')) = 10.335
2026-02-21 13:25:12,279 - matplotlib.font_manager - DEBUG - findfont: score(FontEntry(fname='C:\\Windows\\Fonts\\SIMYOU.TTF', name='YouYuan', style='normal', variant='normal', weight=400, stretch='normal', size='scalable')) = 10.335
2026-02-21 13:25:12,279 - matplotlib.font_manager - DEBUG - findfont: score(FontEntry(fname='C:\\Windows\\Fonts\\HGCH_CNKI.TTF', name='HGCH_CNKI', style='normal', variant='normal', weight=400, stretch='normal', size='scalable')) = 10.335
2026-02-21 13:25:12,279 - matplotlib.font_manager - DEBUG - findfont: score(FontEntry(fname='C:\\Windows\\Fonts\\ariblk.ttf', name='Arial', style='normal', variant='normal', weight=900, stretch='normal', size='scalable')) = 10.24
2026-02-21 13:25:12,279 - matplotlib.font_manager - DEBUG - findfont: score(FontEntry(fname='C:\\Windows\\Fonts\\HGXFZ_CNKI.ttf', name='HGXFZ_CNKI', style='normal', variant='normal', weight=400, stretch='normal', size='scalable')) = 10.335
2026-02-21 13:25:12,279 - matplotlib.font_manager - DEBUG - findfont: score(FontEntry(fname='C:\\Windows\\Fonts\\georgiaz.ttf', name='Georgia', style='italic', variant='normal', weight=700, stretch='normal', size='scalable')) = 11.05
2026-02-21 13:25:12,279 - matplotlib.font_manager - DEBUG - findfont: score(FontEntry(fname='C:\\Windows\\Fonts\\PRISTINA.TTF', name='Pristina', style='normal', variant='normal', weight=400, stretch='normal', size='scalable')) = 10.335
2026-02-21 13:25:12,279 - matplotlib.font_manager - DEBUG - findfont: score(FontEntry(fname='C:\\Windows\\Fonts\\BOOKOSI.TTF', name='Bookman Old Style', style='italic', variant='normal', weight=300, stretch='normal', size='scalable')) = 11.43
2026-02-21 13:25:12,279 - matplotlib.font_manager - DEBUG - findfont: score(FontEntry(fname='C:\\Windows\\Fonts\\HGXL_CNKI.TTF', name='HGXL_CNKI', style='normal', variant='normal', weight=400, stretch='normal', size='scalable')) = 10.335
2026-02-21 13:25:12,279 - matplotlib.font_manager - DEBUG - findfont: score(FontEntry(fname='C:\\Windows\\Fonts\\DUBAI-BOLD.TTF', name='Dubai', style='normal', variant='normal', weight=700, stretch='normal', size='scalable')) = 10.05
2026-02-21 13:25:12,279 - matplotlib.font_manager - DEBUG - findfont: score(FontEntry(fname='C:\\Windows\\Fonts\\HGCY_CNKI.TTF', name='HGCY_CNKI', style='normal', variant='normal', weight=400, stretch='normal', size='scalable')) = 10.335
2026-02-21 13:25:12,279 - matplotlib.font_manager - DEBUG - findfont: score(FontEntry(fname='D:\\SceneBuilder\\runtime\\jre\\lib\\fonts\\LucidaTypewriterRegular.ttf', name='Lucida Sans Typewriter', style='normal', variant='normal', weight=400, stretch='normal', size='scalable')) = 10.335
2026-02-21 13:25:12,279 - matplotlib.font_manager - DEBUG - findfont: score(FontEntry(fname='C:\\Windows\\Fonts\\ANTQUABI.TTF', name='Book Antiqua', style='italic', variant='normal', weight=700, stretch='normal', size='scalable')) = 11.05
2026-02-21 13:25:12,279 - matplotlib.font_manager - DEBUG - findfont: score(FontEntry(fname='C:\\Windows\\Fonts\\LeelUIsl.ttf', name='Leelawadee UI', style='normal', variant='normal', weight=350, stretch='normal', size='scalable')) = 10.3825
2026-02-21 13:25:12,279 - matplotlib.font_manager - DEBUG - findfont: score(FontEntry(fname='C:\\Windows\\Fonts\\HGBZ_CNKI.ttf', name='HGBZ_CNKI', style='normal', variant='normal', weight=400, stretch='normal', size='scalable')) = 10.335
2026-02-21 13:25:12,279 - matplotlib.font_manager - DEBUG - findfont: score(FontEntry(fname='C:\\Windows\\Fonts\\HGKT2_CNKI.TTF', name='HGKT2_CNKI', style='normal', variant='normal', weight=400, stretch='normal', size='scalable')) = 10.335
2026-02-21 13:25:12,279 - matplotlib.font_manager - DEBUG - findfont: score(FontEntry(fname='C:\\Windows\\Fonts\\corbelb.ttf', name='Corbel', style='normal', variant='normal', weight=700, stretch='normal', size='scalable')) = 10.05
2026-02-21 13:25:12,279 - matplotlib.font_manager - DEBUG - findfont: score(FontEntry(fname='C:\\Windows\\Fonts\\HGFSH_CNKI.TTF', name='HGFSH_CNKI', style='normal', variant='normal', weight=400, stretch='normal', size='scalable')) = 10.335
2026-02-21 13:25:12,279 - matplotlib.font_manager - DEBUG - findfont: score(FontEntry(fname='C:\\Windows\\Fonts\\palai.ttf', name='Palatino Linotype', style='italic', variant='normal', weight=400, stretch='normal', size='scalable')) = 11.335
2026-02-21 13:25:12,279 - matplotlib.font_manager - DEBUG - findfont: score(FontEntry(fname='C:\\Windows\\Fonts\\Dengl.ttf', name='DengXian', style='normal', variant='normal', weight=300, stretch='normal', size='scalable')) = 10.43
2026-02-21 13:25:12,279 - matplotlib.font_manager - DEBUG - findfont: score(FontEntry(fname='C:\\Windows\\Fonts\\mmrtextb.ttf', name='Myanmar Text', style='normal', variant='normal', weight=700, stretch='normal', size='scalable')) = 10.05
2026-02-21 13:25:12,279 - matplotlib.font_manager - DEBUG - findfont: score(FontEntry(fname='C:\\Windows\\Fonts\\FZSTK.TTF', name='FZShuTi', style='normal', variant='normal', weight=400, stretch='normal', size='scalable')) = 10.335
2026-02-21 13:25:12,279 - matplotlib.font_manager - DEBUG - findfont: score(FontEntry(fname='C:\\Windows\\Fonts\\ARIALNBI.TTF', name='Arial', style='italic', variant='normal', weight=700, stretch='condensed', size='scalable')) = 11.25
2026-02-21 13:25:12,279 - matplotlib.font_manager - DEBUG - findfont: score(FontEntry(fname='C:\\Windows\\Fonts\\HGH1_CNKI.ttf', name='HGH1_CNKI', style='normal', variant='normal', weight=400, stretch='normal', size='scalable')) = 10.335
2026-02-21 13:25:12,279 - matplotlib.font_manager - DEBUG - findfont: score(FontEntry(fname='C:\\Windows\\Fonts\\STCAIYUN.TTF', name='STCaiyun', style='normal', variant='normal', weight=400, stretch='normal', size='scalable')) = 10.335
2026-02-21 13:25:12,279 - matplotlib.font_manager - DEBUG - findfont: score(FontEntry(fname='C:\\Windows\\Fonts\\LeelawUI.ttf', name='Leelawadee UI', style='normal', variant='normal', weight=400, stretch='normal', size='scalable')) = 10.335
2026-02-21 13:25:12,279 - matplotlib.font_manager - DEBUG - findfont: score(FontEntry(fname='C:\\Windows\\Fonts\\PAPYRUS.TTF', name='Papyrus', style='normal', variant='normal', weight=400, stretch='normal', size='scalable')) = 10.335
2026-02-21 13:25:12,279 - matplotlib.font_manager - DEBUG - findfont: score(FontEntry(fname='C:\\Windows\\Fonts\\HGH2X_CNKI.ttf', name='HGH2X_CNKI', style='normal', variant='normal', weight=400, stretch='normal', size='scalable')) = 10.335
2026-02-21 13:25:12,279 - matplotlib.font_manager - DEBUG - findfont: score(FontEntry(fname='C:\\Windows\\Fonts\\CascadiaCode.ttf', name='Cascadia Code', style='normal', variant='normal', weight=400, stretch='normal', size='scalable')) = 10.335
2026-02-21 13:25:12,279 - matplotlib.font_manager - DEBUG - findfont: score(FontEntry(fname='C:\\Windows\\Fonts\\HGKY_CNKI.ttf', name='HGKY_CNKI', style='normal', variant='normal', weight=400, stretch='normal', size='scalable')) = 10.335
2026-02-21 13:25:12,280 - matplotlib.font_manager - DEBUG - findfont: score(FontEntry(fname='D:\\软件\\PDF\\acrobat PDF\\Resource\\Font\\AdobeDevanagari-BoldItalic.otf', name='Adobe Devanagari', style='italic', variant='normal', weight=700, stretch='normal', size='scalable')) = 11.05
2026-02-21 13:25:12,280 - matplotlib.font_manager - DEBUG - findfont: score(FontEntry(fname='C:\\Windows\\Fonts\\malgunbd.ttf', name='Malgun Gothic', style='normal', variant='normal', weight=700, stretch='normal', size='scalable')) = 10.05
2026-02-21 13:25:12,280 - matplotlib.font_manager - DEBUG - findfont: score(FontEntry(fname='C:\\Windows\\Fonts\\seguisbi.ttf', name='Segoe UI', style='italic', variant='normal', weight=600, stretch='normal', size='scalable')) = 11.145
2026-02-21 13:25:12,280 - matplotlib.font_manager - DEBUG - findfont: score(FontEntry(fname='C:\\Windows\\Fonts\\cambriab.ttf', name='Cambria', style='normal', variant='normal', weight=700, stretch='normal', size='scalable')) = 10.05
2026-02-21 13:25:12,280 - matplotlib.font_manager - DEBUG - findfont: score(FontEntry(fname='C:\\Windows\\Fonts\\framdit.ttf', name='Franklin Gothic Medium', style='italic', variant='normal', weight=400, stretch='normal', size='scalable')) = 11.335
2026-02-21 13:25:12,280 - matplotlib.font_manager - DEBUG - findfont: score(FontEntry(fname='C:\\Windows\\Fonts\\HGHP_CNKI.TTF', name='HGHP_CNKI', style='normal', variant='normal', weight=400, stretch='normal', size='scalable')) = 10.335
2026-02-21 13:25:12,280 - matplotlib.font_manager - DEBUG - findfont: score(FontEntry(fname='C:\\Windows\\Fonts\\micross.ttf', name='Microsoft Sans Serif', style='normal', variant='normal', weight=400, stretch='normal', size='scalable')) = 10.335
2026-02-21 13:25:12,280 - matplotlib.font_manager - DEBUG - findfont: score(FontEntry(fname='C:\\Windows\\Fonts\\HGXFX_CNKI.ttf', name='HGXFX_CNKI', style='normal', variant='normal', weight=400, stretch='normal', size='scalable')) = 10.335
2026-02-21 13:25:12,280 - matplotlib.font_manager - DEBUG - findfont: score(FontEntry(fname='C:\\Windows\\Fonts\\HGTX_CNKI.TTF', name='HGTX_CNKI', style='normal', variant='normal', weight=400, stretch='normal', size='scalable')) = 10.335
2026-02-21 13:25:12,280 - matplotlib.font_manager - DEBUG - findfont: score(FontEntry(fname='C:\\Windows\\Fonts\\taileb.ttf', name='Microsoft Tai Le', style='normal', variant='normal', weight=700, stretch='normal', size='scalable')) = 10.05
2026-02-21 13:25:12,280 - matplotlib.font_manager - DEBUG - findfont: score(FontEntry(fname='C:\\Windows\\Fonts\\YuGothR.ttc', name='Yu Gothic', style='normal', variant='normal', weight=400, stretch='normal', size='scalable')) = 10.335
2026-02-21 13:25:12,280 - matplotlib.font_manager - DEBUG - findfont: score(FontEntry(fname='C:\\Windows\\Fonts\\simsunb.ttf', name='SimSun-ExtB', style='normal', variant='normal', weight=400, stretch='normal', size='scalable')) = 10.335
2026-02-21 13:25:12,280 - matplotlib.font_manager - DEBUG - findfont: score(FontEntry(fname='C:\\Windows\\Fonts\\Candarai.ttf', name='Candara', style='italic', variant='normal', weight=400, stretch='normal', size='scalable')) = 11.335
2026-02-21 13:25:12,280 - matplotlib.font_manager - DEBUG - findfont: score(FontEntry(fname='C:\\Windows\\Fonts\\timesbd.ttf', name='Times New Roman', style='normal', variant='normal', weight=700, stretch='normal', size='scalable')) = 10.05
2026-02-21 13:25:12,280 - matplotlib.font_manager - DEBUG - findfont: score(FontEntry(fname='C:\\Windows\\Fonts\\HGB1X_CNKI.ttf', name='HGB1X_CNKI', style='normal', variant='normal', weight=400, stretch='normal', size='scalable')) = 10.335
2026-02-21 13:25:12,280 - matplotlib.font_manager - DEBUG - findfont: score(FontEntry(fname='C:\\Windows\\Fonts\\HGHT1_CNKI.ttf', name='HGHT1_CNKI', style='normal', variant='normal', weight=400, stretch='normal', size='scalable')) = 10.335
2026-02-21 13:25:12,280 - matplotlib.font_manager - DEBUG - findfont: score(FontEntry(fname='C:\\Windows\\Fonts\\msyhbd.ttc', name='Microsoft YaHei', style='normal', variant='normal', weight=700, stretch='normal', size='scalable')) = 3.383333333333333
2026-02-21 13:25:12,280 - matplotlib.font_manager - DEBUG - findfont: score(FontEntry(fname='C:\\Windows\\Fonts\\HGF1_CNKI.ttf', name='HGF1_CNKI', style='normal', variant='normal', weight=400, stretch='normal', size='scalable')) = 10.335
2026-02-21 13:25:12,280 - matplotlib.font_manager - DEBUG - findfont: score(FontEntry(fname='C:\\Windows\\Fonts\\monbaiti.ttf', name='Mongolian Baiti', style='normal', variant='normal', weight=400, stretch='normal', size='scalable')) = 10.335
2026-02-21 13:25:12,280 - matplotlib.font_manager - DEBUG - findfont: score(FontEntry(fname='C:\\Windows\\Fonts\\HGWYS_CNKI.TTF', name='HGWYS_CNKI', style='normal', variant='normal', weight=400, stretch='normal', size='scalable')) = 10.335
2026-02-21 13:25:12,280 - matplotlib.font_manager - DEBUG - findfont: score(FontEntry(fname='C:\\Windows\\Fonts\\HGNBS_CNKI.ttf', name='HGNBS_CNKI', style='normal', variant='normal', weight=400, stretch='normal', size='scalable')) = 10.335
2026-02-21 13:25:12,280 - matplotlib.font_manager - DEBUG - findfont: score(FontEntry(fname='C:\\Windows\\Fonts\\cour.ttf', name='Courier New', style='normal', variant='normal', weight=400, stretch='normal', size='scalable')) = 10.335
2026-02-21 13:25:12,280 - matplotlib.font_manager - DEBUG - findfont: score(FontEntry(fname='C:\\Windows\\Fonts\\calibrib.ttf', name='Calibri', style='normal', variant='normal', weight=700, stretch='normal', size='scalable')) = 10.05
2026-02-21 13:25:12,280 - matplotlib.font_manager - DEBUG - findfont: score(FontEntry(fname='C:\\Windows\\Fonts\\verdanaz.ttf', name='Verdana', style='italic', variant='normal', weight=700, stretch='normal', size='scalable')) = 11.05
2026-02-21 13:25:12,280 - matplotlib.font_manager - DEBUG - findfont: score(FontEntry(fname='C:\\Windows\\Fonts\\symbol.ttf', name='Symbol', style='normal', variant='normal', weight=400, stretch='normal', size='scalable')) = 10.335
2026-02-21 13:25:12,280 - matplotlib.font_manager - DEBUG - findfont: score(FontEntry(fname='C:\\Windows\\Fonts\\HGB8X_CNKI.ttf', name='HGB8X_CNKI', style='normal', variant='normal', weight=400, stretch='normal', size='scalable')) = 10.335
2026-02-21 13:25:12,280 - matplotlib.font_manager - DEBUG - findfont: score(FontEntry(fname='C:\\Windows\\Fonts\\LHANDW.TTF', name='Lucida Handwriting', style='italic', variant='normal', weight=400, stretch='normal', size='scalable')) = 11.335
2026-02-21 13:25:12,280 - matplotlib.font_manager - DEBUG - findfont: score(FontEntry(fname='C:\\Windows\\Fonts\\tahoma.ttf', name='Tahoma', style='normal', variant='normal', weight=400, stretch='normal', size='scalable')) = 10.335
2026-02-21 13:25:12,280 - matplotlib.font_manager - DEBUG - findfont: score(FontEntry(fname='C:\\Windows\\Fonts\\constanb.ttf', name='Constantia', style='normal', variant='normal', weight=700, stretch='normal', size='scalable')) = 10.05
2026-02-21 13:25:12,280 - matplotlib.font_manager - DEBUG - findfont: score(FontEntry(fname='C:\\Windows\\Fonts\\calibriz.ttf', name='Calibri', style='italic', variant='normal', weight=700, stretch='normal', size='scalable')) = 11.05
2026-02-21 13:25:12,280 - matplotlib.font_manager - DEBUG - findfont: score(FontEntry(fname='C:\\Windows\\Fonts\\HGYT_CNKI.TTF', name='HGYT_CNKI', style='normal', variant='normal', weight=400, stretch='normal', size='scalable')) = 10.335
2026-02-21 13:25:12,280 - matplotlib.font_manager - DEBUG - findfont: score(FontEntry(fname='C:\\Windows\\Fonts\\HGF2X_CNKI.ttf', name='HGF2X_CNKI', style='normal', variant='normal', weight=400, stretch='normal', size='scalable')) = 10.335
2026-02-21 13:25:12,281 - matplotlib.font_manager - DEBUG - findfont: score(FontEntry(fname='C:\\Windows\\Fonts\\HGSS2_CNKI.TTF', name='HGSS2_CNKI', style='normal', variant='normal', weight=400, stretch='normal', size='scalable')) = 10.335
2026-02-21 13:25:12,281 - matplotlib.font_manager - DEBUG - findfont: score(FontEntry(fname='C:\\Windows\\Fonts\\segoescb.ttf', name='Segoe Script', style='normal', variant='normal', weight=700, stretch='normal', size='scalable')) = 10.05
2026-02-21 13:25:12,281 - matplotlib.font_manager - DEBUG - findfont: score(FontEntry(fname='C:\\Windows\\Fonts\\verdana.ttf', name='Verdana', style='normal', variant='normal', weight=400, stretch='normal', size='scalable')) = 10.335
2026-02-21 13:25:12,281 - matplotlib.font_manager - DEBUG - findfont: score(FontEntry(fname='C:\\Windows\\Fonts\\HGY4_CNKI.TTF', name='HGY4_CNKI', style='normal', variant='normal', weight=400, stretch='normal', size='scalable')) = 10.335
2026-02-21 13:25:12,281 - matplotlib.font_manager - DEBUG - findfont: score(FontEntry(fname='C:\\Windows\\Fonts\\SIMLI.TTF', name='LiSu', style='normal', variant='normal', weight=400, stretch='normal', size='scalable')) = 10.335
2026-02-21 13:25:12,281 - matplotlib.font_manager - DEBUG - findfont: score(FontEntry(fname='C:\\Windows\\Fonts\\HGBD_CNKI.ttf', name='HGBD_CNKI', style='normal', variant='normal', weight=400, stretch='normal', size='scalable')) = 10.335
2026-02-21 13:25:12,281 - matplotlib.font_manager - DEBUG - findfont: score(FontEntry(fname='C:\\Windows\\Fonts\\HGBTS_CNKI.TTF', name='HGBTS_CNKI', style='normal', variant='normal', weight=400, stretch='normal', size='scalable')) = 10.335
2026-02-21 13:25:12,281 - matplotlib.font_manager - DEBUG - findfont: score(FontEntry(fname='C:\\Windows\\Fonts\\seguibl.ttf', name='Segoe UI', style='normal', variant='normal', weight=900, stretch='normal', size='scalable')) = 10.24
2026-02-21 13:25:12,281 - matplotlib.font_manager - DEBUG - findfont: score(FontEntry(fname='C:\\Windows\\Fonts\\webdings.ttf', name='Webdings', style='normal', variant='normal', weight=400, stretch='normal', size='scalable')) = 10.335
2026-02-21 13:25:12,281 - matplotlib.font_manager - DEBUG - findfont: score(FontEntry(fname='C:\\Windows\\Fonts\\SitkaVF.ttf', name='Sitka', style='normal', variant='normal', weight=400, stretch='normal', size='scalable')) = 10.335
2026-02-21 13:25:12,281 - matplotlib.font_manager - DEBUG - findfont: score(FontEntry(fname='C:\\Windows\\Fonts\\HGB4_CNKI.ttf', name='HGB4_CNKI', style='normal', variant='normal', weight=400, stretch='normal', size='scalable')) = 10.335
2026-02-21 13:25:12,281 - matplotlib.font_manager - DEBUG - findfont: score(FontEntry(fname='C:\\Windows\\Fonts\\segoeuib.ttf', name='Segoe UI', style='normal', variant='normal', weight=700, stretch='normal', size='scalable')) = 10.05
2026-02-21 13:25:12,281 - matplotlib.font_manager - DEBUG - findfont: score(FontEntry(fname='C:\\Windows\\Fonts\\pala.ttf', name='Palatino Linotype', style='normal', variant='normal', weight=400, stretch='normal', size='scalable')) = 10.335
2026-02-21 13:25:12,281 - matplotlib.font_manager - DEBUG - findfont: score(FontEntry(fname='C:\\Windows\\Fonts\\simkai.ttf', name='KaiTi', style='normal', variant='normal', weight=400, stretch='normal', size='scalable')) = 10.335
2026-02-21 13:25:12,281 - matplotlib.font_manager - DEBUG - findfont: score(FontEntry(fname='C:\\Windows\\Fonts\\HGHX_CNKI.ttf', name='HGHX_CNKI', style='normal', variant='normal', weight=400, stretch='normal', size='scalable')) = 10.335
2026-02-21 13:25:12,281 - matplotlib.font_manager - DEBUG - findfont: score(FontEntry(fname='C:\\Windows\\Fonts\\SitkaVF-Italic.ttf', name='Sitka', style='italic', variant='normal', weight=400, stretch='normal', size='scalable')) = 11.335
2026-02-21 13:25:12,281 - matplotlib.font_manager - DEBUG - findfont: score(FontEntry(fname='D:\\软件\\PDF\\acrobat PDF\\Resource\\Font\\AdobeDevanagari-Italic.otf', name='Adobe Devanagari', style='italic', variant='normal', weight=400, stretch='normal', size='scalable')) = 11.335
2026-02-21 13:25:12,281 - matplotlib.font_manager - DEBUG - findfont: score(FontEntry(fname='C:\\Windows\\Fonts\\himalaya.ttf', name='Microsoft Himalaya', style='normal', variant='normal', weight=400, stretch='normal', size='scalable')) = 10.335
2026-02-21 13:25:12,281 - matplotlib.font_manager - DEBUG - findfont: score(FontEntry(fname='C:\\Windows\\Fonts\\HGH6X_CNKI.ttf', name='HGH6X_CNKI', style='normal', variant='normal', weight=400, stretch='normal', size='scalable')) = 10.335
2026-02-21 13:25:12,281 - matplotlib.font_manager - DEBUG - findfont: score(FontEntry(fname='C:\\Windows\\Fonts\\HGHUATI_CNKI.ttf', name='HGHUATI_CNKI', style='normal', variant='normal', weight=400, stretch='normal', size='scalable')) = 10.335
2026-02-21 13:25:12,281 - matplotlib.font_manager - DEBUG - findfont: score(FontEntry(fname='C:\\Windows\\Fonts\\GOTHICI.TTF', name='Century Gothic', style='italic', variant='normal', weight=400, stretch='normal', size='scalable')) = 11.335
2026-02-21 13:25:12,281 - matplotlib.font_manager - DEBUG - findfont: score(FontEntry(fname='C:\\Windows\\Fonts\\HGBS1_CNKI.TTF', name='HGBS1_CNKI', style='normal', variant='normal', weight=400, stretch='normal', size='scalable')) = 10.335
2026-02-21 13:25:12,281 - matplotlib.font_manager - DEBUG - findfont: score(FontEntry(fname='C:\\Windows\\Fonts\\segoeui.ttf', name='Segoe UI', style='normal', variant='normal', weight=400, stretch='normal', size='scalable')) = 10.335
2026-02-21 13:25:12,281 - matplotlib.font_manager - DEBUG - findfont: score(FontEntry(fname='C:\\Windows\\Fonts\\GARAIT.TTF', name='Garamond', style='italic', variant='normal', weight=400, stretch='normal', size='scalable')) = 11.335
2026-02-21 13:25:12,281 - matplotlib.font_manager - DEBUG - findfont: score(FontEntry(fname='C:\\Windows\\Fonts\\seguisym.ttf', name='Segoe UI Symbol', style='normal', variant='normal', weight=400, stretch='normal', size='scalable')) = 10.335
2026-02-21 13:25:12,281 - matplotlib.font_manager - DEBUG - findfont: score(FontEntry(fname='C:\\Windows\\Fonts\\comicz.ttf', name='Comic Sans MS', style='italic', variant='normal', weight=700, stretch='normal', size='scalable')) = 11.05
2026-02-21 13:25:12,281 - matplotlib.font_manager - DEBUG - findfont: score(FontEntry(fname='C:\\Windows\\Fonts\\msjhbd.ttc', name='Microsoft JhengHei', style='normal', variant='normal', weight=700, stretch='normal', size='scalable')) = 10.05
2026-02-21 13:25:12,281 - matplotlib.font_manager - DEBUG - findfont: score(FontEntry(fname='C:\\Windows\\Fonts\\HGSXT_CNKI.ttf', name='HGSXT_CNKI', style='normal', variant='normal', weight=400, stretch='normal', size='scalable')) = 10.335
2026-02-21 13:25:12,281 - matplotlib.font_manager - DEBUG - findfont: score(FontEntry(fname='C:\\Windows\\Fonts\\Candara.ttf', name='Candara', style='normal', variant='normal', weight=400, stretch='normal', size='scalable')) = 10.335
2026-02-21 13:25:12,281 - matplotlib.font_manager - DEBUG - findfont: score(FontEntry(fname='C:\\Windows\\Fonts\\JUICE___.TTF', name='Juice ITC', style='normal', variant='normal', weight=400, stretch='normal', size='scalable')) = 10.335
2026-02-21 13:25:12,281 - matplotlib.font_manager - DEBUG - findfont: score(FontEntry(fname='C:\\Windows\\Fonts\\YuGothM.ttc', name='Yu Gothic', style='normal', variant='normal', weight=500, stretch='normal', size='scalable')) = 10.24
2026-02-21 13:25:12,282 - matplotlib.font_manager - DEBUG - findfont: score(FontEntry(fname='C:\\Windows\\Fonts\\impact.ttf', name='Impact', style='normal', variant='normal', weight=400, stretch='normal', size='scalable')) = 10.335
2026-02-21 13:25:12,282 - matplotlib.font_manager - DEBUG - findfont: score(FontEntry(fname='C:\\Windows\\Fonts\\HGF6X_CNKI.ttf', name='HGF6X_CNKI', style='normal', variant='normal', weight=400, stretch='normal', size='scalable')) = 10.335
2026-02-21 13:25:12,282 - matplotlib.font_manager - DEBUG - findfont: score(FontEntry(fname='C:\\Windows\\Fonts\\HGB5X_CNKI.ttf', name='HGB5X_CNKI', style='normal', variant='normal', weight=400, stretch='normal', size='scalable')) = 10.335
2026-02-21 13:25:12,282 - matplotlib.font_manager - DEBUG - findfont: Matching sans\-serif:style=normal:variant=normal:weight=bold:stretch=normal:size=16.0 to SimHei ('C:\\Windows\\Fonts\\simhei.ttf') with score of 0.335000.
2026-02-21 13:25:12,697 - matplotlib.font_manager - DEBUG - findfont: Matching sans\-serif:style=normal:variant=normal:weight=bold:stretch=normal:size=12.0.
2026-02-21 13:25:12,697 - matplotlib.font_manager - DEBUG - findfont: score(FontEntry(fname='D:\\anaconda\\Lib\\site-packages\\matplotlib\\mpl-data\\fonts\\ttf\\STIXSizOneSymReg.ttf', name='STIXSizeOneSym', style='normal', variant='normal', weight=400, stretch='normal', size='scalable')) = 10.335
2026-02-21 13:25:12,697 - matplotlib.font_manager - DEBUG - findfont: score(FontEntry(fname='D:\\anaconda\\Lib\\site-packages\\matplotlib\\mpl-data\\fonts\\ttf\\STIXSizTwoSymReg.ttf', name='STIXSizeTwoSym', style='normal', variant='normal', weight=400, stretch='normal', size='scalable')) = 10.335
2026-02-21 13:25:12,697 - matplotlib.font_manager - DEBUG - findfont: score(FontEntry(fname='D:\\anaconda\\Lib\\site-packages\\matplotlib\\mpl-data\\fonts\\ttf\\DejaVuSerifDisplay.ttf', name='DejaVu Serif Display', style='normal', variant='normal', weight=400, stretch='normal', size='scalable')) = 10.335
2026-02-21 13:25:12,697 - matplotlib.font_manager - DEBUG - findfont: score(FontEntry(fname='D:\\anaconda\\Lib\\site-packages\\matplotlib\\mpl-data\\fonts\\ttf\\cmr10.ttf', name='cmr10', style='normal', variant='normal', weight=400, stretch='normal', size='scalable')) = 10.335
2026-02-21 13:25:12,697 - matplotlib.font_manager - DEBUG - findfont: score(FontEntry(fname='D:\\anaconda\\Lib\\site-packages\\matplotlib\\mpl-data\\fonts\\ttf\\DejaVuSerif-Italic.ttf', name='DejaVu Serif', style='italic', variant='normal', weight=400, stretch='normal', size='scalable')) = 11.335
2026-02-21 13:25:12,697 - matplotlib.font_manager - DEBUG - findfont: score(FontEntry(fname='D:\\anaconda\\Lib\\site-packages\\matplotlib\\mpl-data\\fonts\\ttf\\cmsy10.ttf', name='cmsy10', style='normal', variant='normal', weight=400, stretch='normal', size='scalable')) = 10.335
2026-02-21 13:25:12,697 - matplotlib.font_manager - DEBUG - findfont: score(FontEntry(fname='D:\\anaconda\\Lib\\site-packages\\matplotlib\\mpl-data\\fonts\\ttf\\DejaVuSansMono-Oblique.ttf', name='DejaVu Sans Mono', style='oblique', variant='normal', weight=400, stretch='normal', size='scalable')) = 11.335
2026-02-21 13:25:12,697 - matplotlib.font_manager - DEBUG - findfont: score(FontEntry(fname='D:\\anaconda\\Lib\\site-packages\\matplotlib\\mpl-data\\fonts\\ttf\\STIXGeneralBolIta.ttf', name='STIXGeneral', style='italic', variant='normal', weight=700, stretch='normal', size='scalable')) = 11.05
2026-02-21 13:25:12,697 - matplotlib.font_manager - DEBUG - findfont: score(FontEntry(fname='D:\\anaconda\\Lib\\site-packages\\matplotlib\\mpl-data\\fonts\\ttf\\STIXNonUni.ttf', name='STIXNonUnicode', style='normal', variant='normal', weight=400, stretch='normal', size='scalable')) = 10.335
2026-02-21 13:25:12,697 - matplotlib.font_manager - DEBUG - findfont: score(FontEntry(fname='D:\\anaconda\\Lib\\site-packages\\matplotlib\\mpl-data\\fonts\\ttf\\STIXGeneralItalic.ttf', name='STIXGeneral', style='italic', variant='normal', weight=400, stretch='normal', size='scalable')) = 11.335
2026-02-21 13:25:12,697 - matplotlib.font_manager - DEBUG - findfont: score(FontEntry(fname='D:\\anaconda\\Lib\\site-packages\\matplotlib\\mpl-data\\fonts\\ttf\\DejaVuSerif-BoldItalic.ttf', name='DejaVu Serif', style='italic', variant='normal', weight=700, stretch='normal', size='scalable')) = 11.05
2026-02-21 13:25:12,697 - matplotlib.font_manager - DEBUG - findfont: score(FontEntry(fname='D:\\anaconda\\Lib\\site-packages\\matplotlib\\mpl-data\\fonts\\ttf\\DejaVuSansMono-Bold.ttf', name='DejaVu Sans Mono', style='normal', variant='normal', weight=700, stretch='normal', size='scalable')) = 10.05
2026-02-21 13:25:12,697 - matplotlib.font_manager - DEBUG - findfont: score(FontEntry(fname='D:\\anaconda\\Lib\\site-packages\\matplotlib\\mpl-data\\fonts\\ttf\\STIXNonUniBolIta.ttf', name='STIXNonUnicode', style='italic', variant='normal', weight=700, stretch='normal', size='scalable')) = 11.05
2026-02-21 13:25:12,697 - matplotlib.font_manager - DEBUG - findfont: score(FontEntry(fname='D:\\anaconda\\Lib\\site-packages\\matplotlib\\mpl-data\\fonts\\ttf\\DejaVuSans-BoldOblique.ttf', name='DejaVu Sans', style='oblique', variant='normal', weight=700, stretch='normal', size='scalable')) = 7.716666666666666
2026-02-21 13:25:12,697 - matplotlib.font_manager - DEBUG - findfont: score(FontEntry(fname='D:\\anaconda\\Lib\\site-packages\\matplotlib\\mpl-data\\fonts\\ttf\\STIXSizOneSymBol.ttf', name='STIXSizeOneSym', style='normal', variant='normal', weight=700, stretch='normal', size='scalable')) = 10.05
2026-02-21 13:25:12,698 - matplotlib.font_manager - DEBUG - findfont: score(FontEntry(fname='D:\\anaconda\\Lib\\site-packages\\matplotlib\\mpl-data\\fonts\\ttf\\DejaVuSerif.ttf', name='DejaVu Serif', style='normal', variant='normal', weight=400, stretch='normal', size='scalable')) = 10.335
2026-02-21 13:25:12,698 - matplotlib.font_manager - DEBUG - findfont: score(FontEntry(fname='D:\\anaconda\\Lib\\site-packages\\matplotlib\\mpl-data\\fonts\\ttf\\STIXSizFourSymReg.ttf', name='STIXSizeFourSym', style='normal', variant='normal', weight=400, stretch='normal', size='scalable')) = 10.335
2026-02-21 13:25:12,698 - matplotlib.font_manager - DEBUG - findfont: score(FontEntry(fname='D:\\anaconda\\Lib\\site-packages\\matplotlib\\mpl-data\\fonts\\ttf\\STIXSizThreeSymBol.ttf', name='STIXSizeThreeSym', style='normal', variant='normal', weight=700, stretch='normal', size='scalable')) = 10.05
2026-02-21 13:25:12,698 - matplotlib.font_manager - DEBUG - findfont: score(FontEntry(fname='D:\\anaconda\\Lib\\site-packages\\matplotlib\\mpl-data\\fonts\\ttf\\DejaVuSansMono.ttf', name='DejaVu Sans Mono', style='normal', variant='normal', weight=400, stretch='normal', size='scalable')) = 10.335
2026-02-21 13:25:12,698 - matplotlib.font_manager - DEBUG - findfont: score(FontEntry(fname='D:\\anaconda\\Lib\\site-packages\\matplotlib\\mpl-data\\fonts\\ttf\\cmss10.ttf', name='cmss10', style='normal', variant='normal', weight=400, stretch='normal', size='scalable')) = 10.335
2026-02-21 13:25:12,698 - matplotlib.font_manager - DEBUG - findfont: score(FontEntry(fname='D:\\anaconda\\Lib\\site-packages\\matplotlib\\mpl-data\\fonts\\ttf\\cmmi10.ttf', name='cmmi10', style='normal', variant='normal', weight=400, stretch='normal', size='scalable')) = 10.335
2026-02-21 13:25:12,698 - matplotlib.font_manager - DEBUG - findfont: score(FontEntry(fname='D:\\anaconda\\Lib\\site-packages\\matplotlib\\mpl-data\\fonts\\ttf\\STIXSizThreeSymReg.ttf', name='STIXSizeThreeSym', style='normal', variant='normal', weight=400, stretch='normal', size='scalable')) = 10.335
2026-02-21 13:25:12,698 - matplotlib.font_manager - DEBUG - findfont: score(FontEntry(fname='D:\\anaconda\\Lib\\site-packages\\matplotlib\\mpl-data\\fonts\\ttf\\STIXGeneral.ttf', name='STIXGeneral', style='normal', variant='normal', weight=400, stretch='normal', size='scalable')) = 10.335
2026-02-21 13:25:12,698 - matplotlib.font_manager - DEBUG - findfont: score(FontEntry(fname='D:\\anaconda\\Lib\\site-packages\\matplotlib\\mpl-data\\fonts\\ttf\\DejaVuSans-Oblique.ttf', name='DejaVu Sans', style='oblique', variant='normal', weight=400, stretch='normal', size='scalable')) = 8.001666666666665
2026-02-21 13:25:12,698 - matplotlib.font_manager - DEBUG - findfont: score(FontEntry(fname='D:\\anaconda\\Lib\\site-packages\\matplotlib\\mpl-data\\fonts\\ttf\\STIXGeneralBol.ttf', name='STIXGeneral', style='normal', variant='normal', weight=700, stretch='normal', size='scalable')) = 10.05
2026-02-21 13:25:12,698 - matplotlib.font_manager - DEBUG - findfont: score(FontEntry(fname='D:\\anaconda\\Lib\\site-packages\\matplotlib\\mpl-data\\fonts\\ttf\\DejaVuSans-Bold.ttf', name='DejaVu Sans', style='normal', variant='normal', weight=700, stretch='normal', size='scalable')) = 6.716666666666666
2026-02-21 13:25:12,698 - matplotlib.font_manager - DEBUG - findfont: score(FontEntry(fname='D:\\anaconda\\Lib\\site-packages\\matplotlib\\mpl-data\\fonts\\ttf\\cmtt10.ttf', name='cmtt10', style='normal', variant='normal', weight=400, stretch='normal', size='scalable')) = 10.335
2026-02-21 13:25:12,698 - matplotlib.font_manager - DEBUG - findfont: score(FontEntry(fname='D:\\anaconda\\Lib\\site-packages\\matplotlib\\mpl-data\\fonts\\ttf\\cmb10.ttf', name='cmb10', style='normal', variant='normal', weight=400, stretch='normal', size='scalable')) = 10.335
2026-02-21 13:25:12,698 - matplotlib.font_manager - DEBUG - findfont: score(FontEntry(fname='D:\\anaconda\\Lib\\site-packages\\matplotlib\\mpl-data\\fonts\\ttf\\STIXSizTwoSymBol.ttf', name='STIXSizeTwoSym', style='normal', variant='normal', weight=700, stretch='normal', size='scalable')) = 10.05
2026-02-21 13:25:12,698 - matplotlib.font_manager - DEBUG - findfont: score(FontEntry(fname='D:\\anaconda\\Lib\\site-packages\\matplotlib\\mpl-data\\fonts\\ttf\\STIXNonUniIta.ttf', name='STIXNonUnicode', style='italic', variant='normal', weight=400, stretch='normal', size='scalable')) = 11.335
2026-02-21 13:25:12,698 - matplotlib.font_manager - DEBUG - findfont: score(FontEntry(fname='D:\\anaconda\\Lib\\site-packages\\matplotlib\\mpl-data\\fonts\\ttf\\STIXSizFourSymBol.ttf', name='STIXSizeFourSym', style='normal', variant='normal', weight=700, stretch='normal', size='scalable')) = 10.05
2026-02-21 13:25:12,698 - matplotlib.font_manager - DEBUG - findfont: score(FontEntry(fname='D:\\anaconda\\Lib\\site-packages\\matplotlib\\mpl-data\\fonts\\ttf\\DejaVuSansMono-BoldOblique.ttf', name='DejaVu Sans Mono', style='oblique', variant='normal', weight=700, stretch='normal', size='scalable')) = 11.05
2026-02-21 13:25:12,698 - matplotlib.font_manager - DEBUG - findfont: score(FontEntry(fname='D:\\anaconda\\Lib\\site-packages\\matplotlib\\mpl-data\\fonts\\ttf\\STIXSizFiveSymReg.ttf', name='STIXSizeFiveSym', style='normal', variant='normal', weight=400, stretch='normal', size='scalable')) = 10.335
2026-02-21 13:25:12,698 - matplotlib.font_manager - DEBUG - findfont: score(FontEntry(fname='D:\\anaconda\\Lib\\site-packages\\matplotlib\\mpl-data\\fonts\\ttf\\cmex10.ttf', name='cmex10', style='normal', variant='normal', weight=400, stretch='normal', size='scalable')) = 10.335
2026-02-21 13:25:12,698 - matplotlib.font_manager - DEBUG - findfont: score(FontEntry(fname='D:\\anaconda\\Lib\\site-packages\\matplotlib\\mpl-data\\fonts\\ttf\\DejaVuSansDisplay.ttf', name='DejaVu Sans Display', style='normal', variant='normal', weight=400, stretch='normal', size='scalable')) = 10.335
2026-02-21 13:25:12,698 - matplotlib.font_manager - DEBUG - findfont: score(FontEntry(fname='D:\\anaconda\\Lib\\site-packages\\matplotlib\\mpl-data\\fonts\\ttf\\DejaVuSans.ttf', name='DejaVu Sans', style='normal', variant='normal', weight=400, stretch='normal', size='scalable')) = 7.001666666666666
2026-02-21 13:25:12,698 - matplotlib.font_manager - DEBUG - findfont: score(FontEntry(fname='D:\\anaconda\\Lib\\site-packages\\matplotlib\\mpl-data\\fonts\\ttf\\DejaVuSerif-Bold.ttf', name='DejaVu Serif', style='normal', variant='normal', weight=700, stretch='normal', size='scalable')) = 10.05
2026-02-21 13:25:12,698 - matplotlib.font_manager - DEBUG - findfont: score(FontEntry(fname='D:\\anaconda\\Lib\\site-packages\\matplotlib\\mpl-data\\fonts\\ttf\\STIXNonUniBol.ttf', name='STIXNonUnicode', style='normal', variant='normal', weight=700, stretch='normal', size='scalable')) = 10.05
2026-02-21 13:25:12,698 - matplotlib.font_manager - DEBUG - findfont: score(FontEntry(fname='C:\\Windows\\Fonts\\lucon.ttf', name='Lucida Console', style='normal', variant='normal', weight=400, stretch='normal', size='scalable')) = 10.335
2026-02-21 13:25:12,698 - matplotlib.font_manager - DEBUG - findfont: score(FontEntry(fname='C:\\Windows\\Fonts\\HGYT1_CNKI.ttf', name='HGYT1_CNKI', style='normal', variant='normal', weight=400, stretch='normal', size='scalable')) = 10.335
2026-02-21 13:25:12,698 - matplotlib.font_manager - DEBUG - findfont: score(FontEntry(fname='C:\\Windows\\Fonts\\HGB3X_CNKI.ttf', name='HGB3X_CNKI', style='normal', variant='normal', weight=400, stretch='normal', size='scalable')) = 10.335
2026-02-21 13:25:12,698 - matplotlib.font_manager - DEBUG - findfont: score(FontEntry(fname='C:\\Windows\\Fonts\\STKAITI.TTF', name='STKaiti', style='normal', variant='normal', weight=400, stretch='normal', size='scalable')) = 10.335
2026-02-21 13:25:12,698 - matplotlib.font_manager - DEBUG - findfont: score(FontEntry(fname='C:\\Windows\\Fonts\\palab.ttf', name='Palatino Linotype', style='normal', variant='normal', weight=700, stretch='normal', size='scalable')) = 10.05
2026-02-21 13:25:12,698 - matplotlib.font_manager - DEBUG - findfont: score(FontEntry(fname='C:\\Windows\\Fonts\\segoeuiz.ttf', name='Segoe UI', style='italic', variant='normal', weight=700, stretch='normal', size='scalable')) = 11.05
2026-02-21 13:25:12,698 - matplotlib.font_manager - DEBUG - findfont: score(FontEntry(fname='C:\\Windows\\Fonts\\phagspa.ttf', name='Microsoft PhagsPa', style='normal', variant='normal', weight=400, stretch='normal', size='scalable')) = 10.335
2026-02-21 13:25:12,698 - matplotlib.font_manager - DEBUG - findfont: score(FontEntry(fname='C:\\Windows\\Fonts\\DUBAI-MEDIUM.TTF', name='Dubai', style='normal', variant='normal', weight=500, stretch='normal', size='scalable')) = 10.24
2026-02-21 13:25:12,699 - matplotlib.font_manager - DEBUG - findfont: score(FontEntry(fname='C:\\Windows\\Fonts\\HGHB_CNKI.TTF', name='HGHB_CNKI', style='normal', variant='normal', weight=400, stretch='normal', size='scalable')) = 10.335
2026-02-21 13:25:12,699 - matplotlib.font_manager - DEBUG - findfont: score(FontEntry(fname='C:\\Windows\\Fonts\\MISTRAL.TTF', name='Mistral', style='normal', variant='normal', weight=400, stretch='normal', size='scalable')) = 10.335
2026-02-21 13:25:12,699 - matplotlib.font_manager - DEBUG - findfont: score(FontEntry(fname='C:\\Windows\\Fonts\\FZYTK.TTF', name='FZYaoTi', style='normal', variant='normal', weight=400, stretch='normal', size='scalable')) = 10.335
2026-02-21 13:25:12,699 - matplotlib.font_manager - DEBUG - findfont: score(FontEntry(fname='C:\\Windows\\Fonts\\FREESCPT.TTF', name='Freestyle Script', style='normal', variant='normal', weight=400, stretch='normal', size='scalable')) = 10.335
2026-02-21 13:25:12,699 - matplotlib.font_manager - DEBUG - findfont: score(FontEntry(fname='C:\\Windows\\Fonts\\HGH_CNKI.TTF', name='HGHT_CNKI', style='normal', variant='normal', weight=400, stretch='normal', size='scalable')) = 10.335
2026-02-21 13:25:12,699 - matplotlib.font_manager - DEBUG - findfont: score(FontEntry(fname='C:\\Windows\\Fonts\\ARIALN.TTF', name='Arial', style='normal', variant='normal', weight=400, stretch='condensed', size='scalable')) = 10.535
2026-02-21 13:25:12,699 - matplotlib.font_manager - DEBUG - findfont: score(FontEntry(fname='D:\\软件\\PDF\\acrobat PDF\\Resource\\Font\\AdobeDevanagari-Regular.otf', name='Adobe Devanagari', style='normal', variant='normal', weight=400, stretch='normal', size='scalable')) = 10.335
2026-02-21 13:25:12,699 - matplotlib.font_manager - DEBUG - findfont: score(FontEntry(fname='C:\\Windows\\Fonts\\HGYX_CNKI.TTF', name='HGYX_CNKI', style='normal', variant='normal', weight=400, stretch='normal', size='scalable')) = 10.335
2026-02-21 13:25:12,699 - matplotlib.font_manager - DEBUG - findfont: score(FontEntry(fname='C:\\Windows\\Fonts\\HGH6_CNKI.ttf', name='HGH6_CNKI', style='normal', variant='normal', weight=400, stretch='normal', size='scalable')) = 10.335
2026-02-21 13:25:12,699 - matplotlib.font_manager - DEBUG - findfont: score(FontEntry(fname='C:\\Windows\\Fonts\\DUBAI-REGULAR.TTF', name='Dubai', style='normal', variant='normal', weight=400, stretch='normal', size='scalable')) = 10.335
2026-02-21 13:25:12,700 - matplotlib.font_manager - DEBUG - findfont: score(FontEntry(fname='D:\\软件\\PDF\\acrobat PDF\\Resource\\Font\\AdobeDevanagari-Bold.otf', name='Adobe Devanagari', style='normal', variant='normal', weight=700, stretch='normal', size='scalable')) = 10.05
2026-02-21 13:25:12,700 - matplotlib.font_manager - DEBUG - findfont: score(FontEntry(fname='C:\\Windows\\Fonts\\HarmonyOS_Sans_SC_Bold.ttf', name='HarmonyOS Sans SC', style='normal', variant='normal', weight=700, stretch='normal', size='scalable')) = 10.05
2026-02-21 13:25:12,700 - matplotlib.font_manager - DEBUG - findfont: score(FontEntry(fname='C:\\Windows\\Fonts\\HGDBS_CNKI.TTF', name='HGDBS_CNKI', style='normal', variant='normal', weight=400, stretch='normal', size='scalable')) = 10.335
2026-02-21 13:25:12,700 - matplotlib.font_manager - DEBUG - findfont: score(FontEntry(fname='C:\\Windows\\Fonts\\segmdl2.ttf', name='Segoe MDL2 Assets', style='normal', variant='normal', weight=400, stretch='normal', size='scalable')) = 10.335
2026-02-21 13:25:12,700 - matplotlib.font_manager - DEBUG - findfont: score(FontEntry(fname='C:\\Windows\\Fonts\\STXIHEI.TTF', name='STXihei', style='normal', variant='normal', weight=400, stretch='normal', size='scalable')) = 10.335
2026-02-21 13:25:12,700 - matplotlib.font_manager - DEBUG - findfont: score(FontEntry(fname='C:\\Windows\\Fonts\\NirmalaB.ttf', name='Nirmala UI', style='normal', variant='normal', weight=700, stretch='normal', size='scalable')) = 10.05
2026-02-21 13:25:12,700 - matplotlib.font_manager - DEBUG - findfont: score(FontEntry(fname='C:\\Windows\\Fonts\\Deng.ttf', name='DengXian', style='normal', variant='normal', weight=400, stretch='normal', size='scalable')) = 10.335
2026-02-21 13:25:12,700 - matplotlib.font_manager - DEBUG - findfont: score(FontEntry(fname='C:\\Windows\\Fonts\\HGBKH_CNKI.ttf', name='HGBKH_CNKI', style='normal', variant='normal', weight=400, stretch='normal', size='scalable')) = 10.335
2026-02-21 13:25:12,700 - matplotlib.font_manager - DEBUG - findfont: score(FontEntry(fname='C:\\Windows\\Fonts\\comicbd.ttf', name='Comic Sans MS', style='normal', variant='normal', weight=700, stretch='normal', size='scalable')) = 10.05
2026-02-21 13:25:12,700 - matplotlib.font_manager - DEBUG - findfont: score(FontEntry(fname='C:\\Windows\\Fonts\\segoepr.ttf', name='Segoe Print', style='normal', variant='normal', weight=400, stretch='normal', size='scalable')) = 10.335
2026-02-21 13:25:12,700 - matplotlib.font_manager - DEBUG - findfont: score(FontEntry(fname='C:\\Windows\\Fonts\\HGDH2_CNKI.TTF', name='HGDH2_CNKI', style='normal', variant='normal', weight=400, stretch='normal', size='scalable')) = 10.335
2026-02-21 13:25:12,700 - matplotlib.font_manager - DEBUG - findfont: score(FontEntry(fname='C:\\Windows\\Fonts\\HGBKHX_CNKI.ttf', name='HGBKHX_CNKI', style='normal', variant='normal', weight=400, stretch='normal', size='scalable')) = 10.335
2026-02-21 13:25:12,700 - matplotlib.font_manager - DEBUG - findfont: score(FontEntry(fname='C:\\Windows\\Fonts\\HGXH_CNKI.TTF', name='HGXH_CNKI', style='normal', variant='normal', weight=400, stretch='normal', size='scalable')) = 10.335
2026-02-21 13:25:12,700 - matplotlib.font_manager - DEBUG - findfont: score(FontEntry(fname='C:\\Windows\\Fonts\\courbd.ttf', name='Courier New', style='normal', variant='normal', weight=700, stretch='normal', size='scalable')) = 10.05
2026-02-21 13:25:12,700 - matplotlib.font_manager - DEBUG - findfont: score(FontEntry(fname='C:\\Windows\\Fonts\\l_10646.ttf', name='Lucida Sans Unicode', style='normal', variant='normal', weight=400, stretch='normal', size='scalable')) = 10.335
2026-02-21 13:25:12,700 - matplotlib.font_manager - DEBUG - findfont: score(FontEntry(fname='C:\\Windows\\Fonts\\corbelli.ttf', name='Corbel', style='italic', variant='normal', weight=300, stretch='normal', size='scalable')) = 11.43
2026-02-21 13:25:12,700 - matplotlib.font_manager - DEBUG - findfont: score(FontEntry(fname='C:\\Windows\\Fonts\\HGBTH_CNKI.TTF', name='HGBTH_CNKI', style='normal', variant='normal', weight=400, stretch='normal', size='scalable')) = 10.335
2026-02-21 13:25:12,700 - matplotlib.font_manager - DEBUG - findfont: score(FontEntry(fname='C:\\Windows\\Fonts\\HGB3_CNKI.ttf', name='HGB3_CNKI', style='normal', variant='normal', weight=400, stretch='normal', size='scalable')) = 10.335
2026-02-21 13:25:12,700 - matplotlib.font_manager - DEBUG - findfont: score(FontEntry(fname='C:\\Windows\\Fonts\\HGXK_CNKI.TTF', name='HGXK_CNKI', style='normal', variant='normal', weight=400, stretch='normal', size='scalable')) = 10.335
2026-02-21 13:25:12,700 - matplotlib.font_manager - DEBUG - findfont: score(FontEntry(fname='C:\\Windows\\Fonts\\HGLB_CNKI.TTF', name='HGLB_CNKI', style='normal', variant='normal', weight=400, stretch='normal', size='scalable')) = 10.335
2026-02-21 13:25:12,700 - matplotlib.font_manager - DEBUG - findfont: score(FontEntry(fname='C:\\Windows\\Fonts\\FRSCRIPT.TTF', name='French Script MT', style='normal', variant='normal', weight=400, stretch='normal', size='scalable')) = 10.335
2026-02-21 13:25:12,700 - matplotlib.font_manager - DEBUG - findfont: score(FontEntry(fname='C:\\Windows\\Fonts\\SegoeIcons.ttf', name='Segoe Fluent Icons', style='normal', variant='normal', weight=400, stretch='normal', size='scalable')) = 10.335
2026-02-21 13:25:12,700 - matplotlib.font_manager - DEBUG - findfont: score(FontEntry(fname='D:\\SceneBuilder\\runtime\\jre\\lib\\fonts\\LucidaSansRegular.ttf', name='Lucida Sans', style='normal', variant='normal', weight=400, stretch='normal', size='scalable')) = 10.335
2026-02-21 13:25:12,700 - matplotlib.font_manager - DEBUG - findfont: score(FontEntry(fname='C:\\Windows\\Fonts\\corbell.ttf', name='Corbel', style='normal', variant='normal', weight=300, stretch='normal', size='scalable')) = 10.43
2026-02-21 13:25:12,700 - matplotlib.font_manager - DEBUG - findfont: score(FontEntry(fname='C:\\Windows\\Fonts\\corbelz.ttf', name='Corbel', style='italic', variant='normal', weight=700, stretch='normal', size='scalable')) = 11.05
2026-02-21 13:25:12,700 - matplotlib.font_manager - DEBUG - findfont: score(FontEntry(fname='C:\\Windows\\Fonts\\constan.ttf', name='Constantia', style='normal', variant='normal', weight=400, stretch='normal', size='scalable')) = 10.335
2026-02-21 13:25:12,700 - matplotlib.font_manager - DEBUG - findfont: score(FontEntry(fname='C:\\Windows\\Fonts\\couri.ttf', name='Courier New', style='italic', variant='normal', weight=400, stretch='normal', size='scalable')) = 11.335
2026-02-21 13:25:12,700 - matplotlib.font_manager - DEBUG - findfont: score(FontEntry(fname='C:\\Windows\\Fonts\\DUBAI-LIGHT.TTF', name='Dubai', style='normal', variant='normal', weight=300, stretch='normal', size='scalable')) = 10.43
2026-02-21 13:25:12,701 - matplotlib.font_manager - DEBUG - findfont: score(FontEntry(fname='C:\\Windows\\Fonts\\HGHD_CNKI.ttf', name='HGHD_CNKI', style='normal', variant='normal', weight=400, stretch='normal', size='scalable')) = 10.335
2026-02-21 13:25:12,701 - matplotlib.font_manager - DEBUG - findfont: score(FontEntry(fname='C:\\Windows\\Fonts\\HGB5_CNKI.ttf', name='HGB5_CNKI', style='normal', variant='normal', weight=400, stretch='normal', size='scalable')) = 10.335
2026-02-21 13:25:12,701 - matplotlib.font_manager - DEBUG - findfont: score(FontEntry(fname='C:\\Windows\\Fonts\\ANTQUAI.TTF', name='Book Antiqua', style='italic', variant='normal', weight=400, stretch='normal', size='scalable')) = 11.335
2026-02-21 13:25:12,701 - matplotlib.font_manager - DEBUG - findfont: score(FontEntry(fname='C:\\Windows\\Fonts\\ntailub.ttf', name='Microsoft New Tai Lue', style='normal', variant='normal', weight=700, stretch='normal', size='scalable')) = 10.05
2026-02-21 13:25:12,701 - matplotlib.font_manager - DEBUG - findfont: score(FontEntry(fname='C:\\Windows\\Fonts\\arialbd.ttf', name='Arial', style='normal', variant='normal', weight=700, stretch='normal', size='scalable')) = 10.05
2026-02-21 13:25:12,701 - matplotlib.font_manager - DEBUG - findfont: score(FontEntry(fname='C:\\Windows\\Fonts\\HGFS1_CNKI.TTF', name='HGFS1_CNKI', style='normal', variant='normal', weight=400, stretch='normal', size='scalable')) = 10.335
2026-02-21 13:25:12,701 - matplotlib.font_manager - DEBUG - findfont: score(FontEntry(fname='C:\\Windows\\Fonts\\HGBX_CNKI.ttf', name='HGBX_CNKI', style='normal', variant='normal', weight=400, stretch='normal', size='scalable')) = 10.335
2026-02-21 13:25:12,701 - matplotlib.font_manager - DEBUG - findfont: score(FontEntry(fname='C:\\Windows\\Fonts\\GARA.TTF', name='Garamond', style='normal', variant='normal', weight=400, stretch='normal', size='scalable')) = 10.335
2026-02-21 13:25:12,701 - matplotlib.font_manager - DEBUG - findfont: score(FontEntry(fname='C:\\Windows\\Fonts\\HGTT_CNKI.ttf', name='HGTT_CNKI', style='normal', variant='normal', weight=400, stretch='normal', size='scalable')) = 10.335
2026-02-21 13:25:12,701 - matplotlib.font_manager - DEBUG - findfont: score(FontEntry(fname='C:\\Windows\\Fonts\\HGFZ_CNKI.ttf', name='HGFZ_CNKI', style='normal', variant='normal', weight=400, stretch='normal', size='scalable')) = 10.335
2026-02-21 13:25:12,701 - matplotlib.font_manager - DEBUG - findfont: score(FontEntry(fname='C:\\Windows\\Fonts\\NirmalaS.ttf', name='Nirmala UI', style='normal', variant='normal', weight=350, stretch='normal', size='scalable')) = 10.3825
2026-02-21 13:25:12,701 - matplotlib.font_manager - DEBUG - findfont: score(FontEntry(fname='C:\\Windows\\Fonts\\verdanai.ttf', name='Verdana', style='italic', variant='normal', weight=400, stretch='normal', size='scalable')) = 11.335
2026-02-21 13:25:12,701 - matplotlib.font_manager - DEBUG - findfont: score(FontEntry(fname='C:\\Windows\\Fonts\\HGH2_CNKI.ttf', name='HGH2_CNKI', style='normal', variant='normal', weight=400, stretch='normal', size='scalable')) = 10.335
2026-02-21 13:25:12,701 - matplotlib.font_manager - DEBUG - findfont: score(FontEntry(fname='C:\\Windows\\Fonts\\segoeuii.ttf', name='Segoe UI', style='italic', variant='normal', weight=400, stretch='normal', size='scalable')) = 11.335
2026-02-21 13:25:12,701 - matplotlib.font_manager - DEBUG - findfont: score(FontEntry(fname='C:\\Windows\\Fonts\\HGB2X_CNKI.ttf', name='HGB2X_CNKI', style='normal', variant='normal', weight=400, stretch='normal', size='scalable')) = 10.335
2026-02-21 13:25:12,701 - matplotlib.font_manager - DEBUG - findfont: score(FontEntry(fname='C:\\Windows\\Fonts\\HGSS_CNKI.TTF', name='HGSS_CNKI', style='normal', variant='normal', weight=400, stretch='normal', size='scalable')) = 10.335
2026-02-21 13:25:12,701 - matplotlib.font_manager - DEBUG - findfont: score(FontEntry(fname='C:\\Windows\\Fonts\\segoesc.ttf', name='Segoe Script', style='normal', variant='normal', weight=400, stretch='normal', size='scalable')) = 10.335
2026-02-21 13:25:12,701 - matplotlib.font_manager - DEBUG - findfont: score(FontEntry(fname='C:\\Windows\\Fonts\\HGF7X_CNKI.ttf', name='HGF7X_CNKI', style='normal', variant='normal', weight=400, stretch='normal', size='scalable')) = 10.335
2026-02-21 13:25:12,701 - matplotlib.font_manager - DEBUG - findfont: score(FontEntry(fname='C:\\Windows\\Fonts\\mvboli.ttf', name='MV Boli', style='normal', variant='normal', weight=400, stretch='normal', size='scalable')) = 10.335
2026-02-21 13:25:12,701 - matplotlib.font_manager - DEBUG - findfont: score(FontEntry(fname='C:\\Windows\\Fonts\\GOTHICB.TTF', name='Century Gothic', style='normal', variant='normal', weight=700, stretch='normal', size='scalable')) = 10.05
2026-02-21 13:25:12,701 - matplotlib.font_manager - DEBUG - findfont: score(FontEntry(fname='C:\\Windows\\Fonts\\sylfaen.ttf', name='Sylfaen', style='normal', variant='normal', weight=400, stretch='normal', size='scalable')) = 10.335
2026-02-21 13:25:12,701 - matplotlib.font_manager - DEBUG - findfont: score(FontEntry(fname='C:\\Windows\\Fonts\\msjhl.ttc', name='Microsoft JhengHei', style='normal', variant='normal', weight=290, stretch='normal', size='scalable')) = 10.4395
2026-02-21 13:25:12,701 - matplotlib.font_manager - DEBUG - findfont: score(FontEntry(fname='C:\\Windows\\Fonts\\HGZCS_CNKI.TTF', name='HGZCS_CNKI', style='normal', variant='normal', weight=400, stretch='normal', size='scalable')) = 10.335
2026-02-21 13:25:12,701 - matplotlib.font_manager - DEBUG - findfont: score(FontEntry(fname='C:\\Windows\\Fonts\\HGYB_CNKI.ttf', name='HGYB_CNKI', style='normal', variant='normal', weight=400, stretch='normal', size='scalable')) = 10.335
2026-02-21 13:25:12,701 - matplotlib.font_manager - DEBUG - findfont: score(FontEntry(fname='C:\\Windows\\Fonts\\trebucit.ttf', name='Trebuchet MS', style='italic', variant='normal', weight=400, stretch='normal', size='scalable')) = 11.335
2026-02-21 13:25:12,701 - matplotlib.font_manager - DEBUG - findfont: score(FontEntry(fname='C:\\Windows\\Fonts\\HGY2_CNKI.TTF', name='HGY2_CNKI', style='normal', variant='normal', weight=400, stretch='normal', size='scalable')) = 10.335
2026-02-21 13:25:12,701 - matplotlib.font_manager - DEBUG - findfont: score(FontEntry(fname='C:\\Windows\\Fonts\\STLITI.TTF', name='STLiti', style='normal', variant='normal', weight=400, stretch='normal', size='scalable')) = 10.335
2026-02-21 13:25:12,701 - matplotlib.font_manager - DEBUG - findfont: score(FontEntry(fname='C:\\Windows\\Fonts\\verdanab.ttf', name='Verdana', style='normal', variant='normal', weight=700, stretch='normal', size='scalable')) = 10.05
2026-02-21 13:25:12,701 - matplotlib.font_manager - DEBUG - findfont: score(FontEntry(fname='C:\\Windows\\Fonts\\HGF9_CNKI.ttf', name='HGF9_CNKI', style='normal', variant='normal', weight=400, stretch='normal', size='scalable')) = 10.335
2026-02-21 13:25:12,701 - matplotlib.font_manager - DEBUG - findfont: score(FontEntry(fname='C:\\Windows\\Fonts\\corbel.ttf', name='Corbel', style='normal', variant='normal', weight=400, stretch='normal', size='scalable')) = 10.335
2026-02-21 13:25:12,701 - matplotlib.font_manager - DEBUG - findfont: score(FontEntry(fname='C:\\Windows\\Fonts\\consolai.ttf', name='Consolas', style='italic', variant='normal', weight=400, stretch='normal', size='scalable')) = 11.335
2026-02-21 13:25:12,702 - matplotlib.font_manager - DEBUG - findfont: score(FontEntry(fname='C:\\Windows\\Fonts\\HGXT_CNKI.ttf', name='HGXT_CNKI', style='normal', variant='normal', weight=400, stretch='normal', size='scalable')) = 10.335
2026-02-21 13:25:12,702 - matplotlib.font_manager - DEBUG - findfont: score(FontEntry(fname='C:\\Windows\\Fonts\\HGDY_CNKI.ttf', name='HGDY_CNKI', style='normal', variant='normal', weight=400, stretch='normal', size='scalable')) = 10.335
2026-02-21 13:25:12,702 - matplotlib.font_manager - DEBUG - findfont: score(FontEntry(fname='C:\\Windows\\Fonts\\Nirmala.ttf', name='Nirmala UI', style='normal', variant='normal', weight=400, stretch='normal', size='scalable')) = 10.335
2026-02-21 13:25:12,702 - matplotlib.font_manager - DEBUG - findfont: score(FontEntry(fname='C:\\Windows\\Fonts\\HGH1X_CNKI.ttf', name='HGH1X_CNKI', style='normal', variant='normal', weight=400, stretch='normal', size='scalable')) = 10.335
2026-02-21 13:25:12,702 - matplotlib.font_manager - DEBUG - findfont: score(FontEntry(fname='C:\\Windows\\Fonts\\phagspab.ttf', name='Microsoft PhagsPa', style='normal', variant='normal', weight=700, stretch='normal', size='scalable')) = 10.05
2026-02-21 13:25:12,702 - matplotlib.font_manager - DEBUG - findfont: score(FontEntry(fname='C:\\Windows\\Fonts\\Candaraz.ttf', name='Candara', style='italic', variant='normal', weight=700, stretch='normal', size='scalable')) = 11.05
2026-02-21 13:25:12,702 - matplotlib.font_manager - DEBUG - findfont: score(FontEntry(fname='C:\\Windows\\Fonts\\consolaz.ttf', name='Consolas', style='italic', variant='normal', weight=700, stretch='normal', size='scalable')) = 11.05
2026-02-21 13:25:12,702 - matplotlib.font_manager - DEBUG - findfont: score(FontEntry(fname='C:\\Windows\\Fonts\\holomdl2.ttf', name='HoloLens MDL2 Assets', style='normal', variant='normal', weight=400, stretch='normal', size='scalable')) = 10.335
2026-02-21 13:25:12,702 - matplotlib.font_manager - DEBUG - findfont: score(FontEntry(fname='C:\\Windows\\Fonts\\HGPH_CNKI.TTF', name='HGPH_CNKI', style='normal', variant='normal', weight=400, stretch='normal', size='scalable')) = 10.335
2026-02-21 13:25:12,702 - matplotlib.font_manager - DEBUG - findfont: score(FontEntry(fname='C:\\Windows\\Fonts\\HGFS_CNKI.TTF', name='HGFS_CNKI', style='normal', variant='normal', weight=400, stretch='normal', size='scalable')) = 10.335
2026-02-21 13:25:12,702 - matplotlib.font_manager - DEBUG - findfont: score(FontEntry(fname='C:\\Windows\\Fonts\\HGHT2_CNKI.ttf', name='HGHT2_CNKI', style='normal', variant='normal', weight=400, stretch='normal', size='scalable')) = 10.335
2026-02-21 13:25:12,702 - matplotlib.font_manager - DEBUG - findfont: score(FontEntry(fname='C:\\Windows\\Fonts\\MTCORSVA.TTF', name='Monotype Corsiva', style='normal', variant='normal', weight=400, stretch='normal', size='scalable')) = 10.335
2026-02-21 13:25:12,702 - matplotlib.font_manager - DEBUG - findfont: score(FontEntry(fname='C:\\Windows\\Fonts\\HGXH1_CNKI.TTF', name='HGXH1_CNKI', style='normal', variant='normal', weight=400, stretch='normal', size='scalable')) = 10.335
2026-02-21 13:25:12,702 - matplotlib.font_manager - DEBUG - findfont: score(FontEntry(fname='D:\\SceneBuilder\\runtime\\jre\\lib\\fonts\\LucidaBrightRegular.ttf', name='Lucida Bright', style='normal', variant='normal', weight=400, stretch='normal', size='scalable')) = 10.335
2026-02-21 13:25:12,702 - matplotlib.font_manager - DEBUG - findfont: score(FontEntry(fname='C:\\Windows\\Fonts\\HGDGY_CNKI.TTF', name='HGDGY_CNKI', style='normal', variant='normal', weight=400, stretch='normal', size='scalable')) = 10.335
2026-02-21 13:25:12,702 - matplotlib.font_manager - DEBUG - findfont: score(FontEntry(fname='C:\\Windows\\Fonts\\HGX1X_CNKI.ttf', name='HGX1X_CNKI', style='normal', variant='normal', weight=400, stretch='normal', size='scalable')) = 10.335
2026-02-21 13:25:12,702 - matplotlib.font_manager - DEBUG - findfont: score(FontEntry(fname='C:\\Windows\\Fonts\\SansSerifCollection.ttf', name='Sans Serif Collection', style='normal', variant='normal', weight=400, stretch='normal', size='scalable')) = 10.335
2026-02-21 13:25:12,702 - matplotlib.font_manager - DEBUG - findfont: score(FontEntry(fname='C:\\Windows\\Fonts\\calibrili.ttf', name='Calibri', style='italic', variant='normal', weight=300, stretch='normal', size='scalable')) = 11.43
2026-02-21 13:25:12,702 - matplotlib.font_manager - DEBUG - findfont: score(FontEntry(fname='C:\\Windows\\Fonts\\HGXY_CNKI.ttf', name='HGXY_CNKI', style='normal', variant='normal', weight=400, stretch='normal', size='scalable')) = 10.335
2026-02-21 13:25:12,702 - matplotlib.font_manager - DEBUG - findfont: score(FontEntry(fname='C:\\Windows\\Fonts\\msyi.ttf', name='Microsoft Yi Baiti', style='normal', variant='normal', weight=400, stretch='normal', size='scalable')) = 10.335
2026-02-21 13:25:12,702 - matplotlib.font_manager - DEBUG - findfont: score(FontEntry(fname='C:\\Windows\\Fonts\\HGBKB_CNKI.ttf', name='HGBKB_CNKI', style='normal', variant='normal', weight=400, stretch='normal', size='scalable')) = 10.335
2026-02-21 13:25:12,702 - matplotlib.font_manager - DEBUG - findfont: score(FontEntry(fname='C:\\Windows\\Fonts\\ARIALNB.TTF', name='Arial', style='normal', variant='normal', weight=700, stretch='condensed', size='scalable')) = 10.25
2026-02-21 13:25:12,702 - matplotlib.font_manager - DEBUG - findfont: score(FontEntry(fname='C:\\Windows\\Fonts\\Dengb.ttf', name='DengXian', style='normal', variant='normal', weight=700, stretch='normal', size='scalable')) = 10.05
2026-02-21 13:25:12,702 - matplotlib.font_manager - DEBUG - findfont: score(FontEntry(fname='C:\\Windows\\Fonts\\HGH4_CNKI.ttf', name='HGH4_CNKI', style='normal', variant='normal', weight=400, stretch='normal', size='scalable')) = 10.335
2026-02-21 13:25:12,702 - matplotlib.font_manager - DEBUG - findfont: score(FontEntry(fname='C:\\Windows\\Fonts\\times.ttf', name='Times New Roman', style='normal', variant='normal', weight=400, stretch='normal', size='scalable')) = 10.335
2026-02-21 13:25:12,702 - matplotlib.font_manager - DEBUG - findfont: score(FontEntry(fname='C:\\Windows\\Fonts\\HGB7X_CNKI.ttf', name='HGB7X_CNKI', style='normal', variant='normal', weight=400, stretch='normal', size='scalable')) = 10.335
2026-02-21 13:25:12,702 - matplotlib.font_manager - DEBUG - findfont: score(FontEntry(fname='C:\\Windows\\Fonts\\ARIALNI.TTF', name='Arial', style='italic', variant='normal', weight=400, stretch='condensed', size='scalable')) = 11.535
2026-02-21 13:25:12,702 - matplotlib.font_manager - DEBUG - findfont: score(FontEntry(fname='C:\\Windows\\Fonts\\CENTURY.TTF', name='Century', style='normal', variant='normal', weight=400, stretch='normal', size='scalable')) = 10.335
2026-02-21 13:25:12,702 - matplotlib.font_manager - DEBUG - findfont: score(FontEntry(fname='C:\\Windows\\Fonts\\ITCKRIST.TTF', name='Kristen ITC', style='normal', variant='normal', weight=400, stretch='normal', size='scalable')) = 10.335
2026-02-21 13:25:12,702 - matplotlib.font_manager - DEBUG - findfont: score(FontEntry(fname='C:\\Windows\\Fonts\\HarmonyOS_Sans_SC_Medium.ttf', name='HarmonyOS Sans SC', style='normal', variant='normal', weight=500, stretch='normal', size='scalable')) = 10.24
2026-02-21 13:25:12,702 - matplotlib.font_manager - DEBUG - findfont: score(FontEntry(fname='C:\\Windows\\Fonts\\consola.ttf', name='Consolas', style='normal', variant='normal', weight=400, stretch='normal', size='scalable')) = 10.335
2026-02-21 13:25:12,702 - matplotlib.font_manager - DEBUG - findfont: score(FontEntry(fname='C:\\Windows\\Fonts\\trebucbi.ttf', name='Trebuchet MS', style='italic', variant='normal', weight=700, stretch='normal', size='scalable')) = 11.05
2026-02-21 13:25:12,702 - matplotlib.font_manager - DEBUG - findfont: score(FontEntry(fname='C:\\Windows\\Fonts\\HGKT_CNKI.TTF', name='HGKT_CNKI', style='normal', variant='normal', weight=400, stretch='normal', size='scalable')) = 10.335
2026-02-21 13:25:12,702 - matplotlib.font_manager - DEBUG - findfont: score(FontEntry(fname='C:\\Windows\\Fonts\\BKANT.TTF', name='Book Antiqua', style='normal', variant='normal', weight=400, stretch='normal', size='scalable')) = 10.335
2026-02-21 13:25:12,703 - matplotlib.font_manager - DEBUG - findfont: score(FontEntry(fname='C:\\Windows\\Fonts\\ebrimabd.ttf', name='Ebrima', style='normal', variant='normal', weight=700, stretch='normal', size='scalable')) = 10.05
2026-02-21 13:25:12,703 - matplotlib.font_manager - DEBUG - findfont: score(FontEntry(fname='C:\\Windows\\Fonts\\WINGDNG2.TTF', name='Wingdings 2', style='normal', variant='normal', weight=400, stretch='normal', size='scalable')) = 10.335
2026-02-21 13:25:12,703 - matplotlib.font_manager - DEBUG - findfont: score(FontEntry(fname='D:\\SceneBuilder\\runtime\\jre\\lib\\fonts\\LucidaSansDemiBold.ttf', name='Lucida Sans', style='normal', variant='normal', weight=700, stretch='normal', size='scalable')) = 10.05
2026-02-21 13:25:12,703 - matplotlib.font_manager - DEBUG - findfont: score(FontEntry(fname='C:\\Windows\\Fonts\\HGH7X_CNKI.ttf', name='HGH7X_CNKI', style='normal', variant='normal', weight=400, stretch='normal', size='scalable')) = 10.335
2026-02-21 13:25:12,703 - matplotlib.font_manager - DEBUG - findfont: score(FontEntry(fname='C:\\Windows\\Fonts\\STFANGSO.TTF', name='STFangsong', style='normal', variant='normal', weight=400, stretch='normal', size='scalable')) = 10.335
2026-02-21 13:25:12,703 - matplotlib.font_manager - DEBUG - findfont: score(FontEntry(fname='C:\\Windows\\Fonts\\HGB6X_CNKI.ttf', name='HGB6X_CNKI', style='normal', variant='normal', weight=400, stretch='normal', size='scalable')) = 10.335
2026-02-21 13:25:12,703 - matplotlib.font_manager - DEBUG - findfont: score(FontEntry(fname='C:\\Windows\\Fonts\\ANTQUAB.TTF', name='Book Antiqua', style='normal', variant='normal', weight=700, stretch='normal', size='scalable')) = 10.05
2026-02-21 13:25:12,703 - matplotlib.font_manager - DEBUG - findfont: score(FontEntry(fname='C:\\Windows\\Fonts\\timesi.ttf', name='Times New Roman', style='italic', variant='normal', weight=400, stretch='normal', size='scalable')) = 11.335
2026-02-21 13:25:12,703 - matplotlib.font_manager - DEBUG - findfont: score(FontEntry(fname='C:\\Windows\\Fonts\\tahomabd.ttf', name='Tahoma', style='normal', variant='normal', weight=700, stretch='normal', size='scalable')) = 10.05
2026-02-21 13:25:12,703 - matplotlib.font_manager - DEBUG - findfont: score(FontEntry(fname='C:\\Windows\\Fonts\\YuGothL.ttc', name='Yu Gothic', style='normal', variant='normal', weight=300, stretch='normal', size='scalable')) = 10.43
2026-02-21 13:25:12,703 - matplotlib.font_manager - DEBUG - findfont: score(FontEntry(fname='C:\\Windows\\Fonts\\HGH4X_CNKI.ttf', name='HGH4X_CNKI', style='normal', variant='normal', weight=400, stretch='normal', size='scalable')) = 10.335
2026-02-21 13:25:12,703 - matplotlib.font_manager - DEBUG - findfont: score(FontEntry(fname='C:\\Windows\\Fonts\\ariali.ttf', name='Arial', style='italic', variant='normal', weight=400, stretch='normal', size='scalable')) = 11.335
2026-02-21 13:25:12,703 - matplotlib.font_manager - DEBUG - findfont: score(FontEntry(fname='C:\\Windows\\Fonts\\Candarali.ttf', name='Candara', style='italic', variant='normal', weight=400, stretch='normal', size='scalable')) = 11.335
2026-02-21 13:25:12,703 - matplotlib.font_manager - DEBUG - findfont: score(FontEntry(fname='C:\\Windows\\Fonts\\cambriai.ttf', name='Cambria', style='italic', variant='normal', weight=400, stretch='normal', size='scalable')) = 11.335
2026-02-21 13:25:12,703 - matplotlib.font_manager - DEBUG - findfont: score(FontEntry(fname='C:\\Windows\\Fonts\\simhei.ttf', name='SimHei', style='normal', variant='normal', weight=400, stretch='normal', size='scalable')) = 0.33499999999999996
2026-02-21 13:25:12,703 - matplotlib.font_manager - DEBUG - findfont: score(FontEntry(fname='C:\\Windows\\Fonts\\mmrtext.ttf', name='Myanmar Text', style='normal', variant='normal', weight=400, stretch='normal', size='scalable')) = 10.335
2026-02-21 13:25:12,703 - matplotlib.font_manager - DEBUG - findfont: score(FontEntry(fname='C:\\Windows\\Fonts\\msyhl.ttc', name='Microsoft YaHei', style='normal', variant='normal', weight=290, stretch='normal', size='scalable')) = 3.772833333333333
2026-02-21 13:25:12,703 - matplotlib.font_manager - DEBUG - findfont: score(FontEntry(fname='C:\\Windows\\Fonts\\WINGDNG3.TTF', name='Wingdings 3', style='normal', variant='normal', weight=400, stretch='normal', size='scalable')) = 10.335
2026-02-21 13:25:12,703 - matplotlib.font_manager - DEBUG - findfont: score(FontEntry(fname='C:\\Windows\\Fonts\\arial.ttf', name='Arial', style='normal', variant='normal', weight=400, stretch='normal', size='scalable')) = 10.335
2026-02-21 13:25:12,703 - matplotlib.font_manager - DEBUG - findfont: score(FontEntry(fname='C:\\Windows\\Fonts\\framd.ttf', name='Franklin Gothic Medium', style='normal', variant='normal', weight=400, stretch='normal', size='scalable')) = 10.335
2026-02-21 13:25:12,703 - matplotlib.font_manager - DEBUG - findfont: score(FontEntry(fname='C:\\Windows\\Fonts\\SegUIVar.ttf', name='Segoe UI Variable', style='normal', variant='normal', weight=400, stretch='normal', size='scalable')) = 10.335
2026-02-21 13:25:12,703 - matplotlib.font_manager - DEBUG - findfont: score(FontEntry(fname='C:\\Windows\\Fonts\\malgunsl.ttf', name='Malgun Gothic', style='normal', variant='normal', weight=300, stretch='normal', size='scalable')) = 10.43
2026-02-21 13:25:12,703 - matplotlib.font_manager - DEBUG - findfont: score(FontEntry(fname='C:\\Windows\\Fonts\\consolab.ttf', name='Consolas', style='normal', variant='normal', weight=700, stretch='normal', size='scalable')) = 10.05
2026-02-21 13:25:12,703 - matplotlib.font_manager - DEBUG - findfont: score(FontEntry(fname='C:\\Windows\\Fonts\\segoeuisl.ttf', name='Segoe UI', style='normal', variant='normal', weight=350, stretch='normal', size='scalable')) = 10.3825
2026-02-21 13:25:12,703 - matplotlib.font_manager - DEBUG - findfont: score(FontEntry(fname='C:\\Windows\\Fonts\\constani.ttf', name='Constantia', style='italic', variant='normal', weight=400, stretch='normal', size='scalable')) = 11.335
2026-02-21 13:25:12,703 - matplotlib.font_manager - DEBUG - findfont: score(FontEntry(fname='C:\\Windows\\Fonts\\BRADHITC.TTF', name='Bradley Hand ITC', style='normal', variant='normal', weight=400, stretch='normal', size='scalable')) = 10.335
2026-02-21 13:25:12,703 - matplotlib.font_manager - DEBUG - findfont: score(FontEntry(fname='C:\\Windows\\Fonts\\LeelaUIb.ttf', name='Leelawadee UI', style='normal', variant='normal', weight=700, stretch='normal', size='scalable')) = 10.05
2026-02-21 13:25:12,703 - matplotlib.font_manager - DEBUG - findfont: score(FontEntry(fname='C:\\Windows\\Fonts\\STXINGKA.TTF', name='STXingkai', style='normal', variant='normal', weight=400, stretch='normal', size='scalable')) = 10.335
2026-02-21 13:25:12,703 - matplotlib.font_manager - DEBUG - findfont: score(FontEntry(fname='C:\\Windows\\Fonts\\HGF4_CNKI.ttf', name='HGF4_CNKI', style='normal', variant='normal', weight=400, stretch='normal', size='scalable')) = 10.335
2026-02-21 13:25:12,703 - matplotlib.font_manager - DEBUG - findfont: score(FontEntry(fname='C:\\Windows\\Fonts\\GOTHICBI.TTF', name='Century Gothic', style='italic', variant='normal', weight=700, stretch='normal', size='scalable')) = 11.05
2026-02-21 13:25:12,703 - matplotlib.font_manager - DEBUG - findfont: score(FontEntry(fname='C:\\Windows\\Fonts\\arialbi.ttf', name='Arial', style='italic', variant='normal', weight=700, stretch='normal', size='scalable')) = 11.05
2026-02-21 13:25:12,703 - matplotlib.font_manager - DEBUG - findfont: score(FontEntry(fname='C:\\Windows\\Fonts\\BOOKOS.TTF', name='Bookman Old Style', style='normal', variant='normal', weight=300, stretch='normal', size='scalable')) = 10.43
2026-02-21 13:25:12,703 - matplotlib.font_manager - DEBUG - findfont: score(FontEntry(fname='C:\\Windows\\Fonts\\HGF5_CNKI.ttf', name='HGF5_CNKI', style='normal', variant='normal', weight=400, stretch='normal', size='scalable')) = 10.335
2026-02-21 13:25:12,703 - matplotlib.font_manager - DEBUG - findfont: score(FontEntry(fname='C:\\Windows\\Fonts\\corbeli.ttf', name='Corbel', style='italic', variant='normal', weight=400, stretch='normal', size='scalable')) = 11.335
2026-02-21 13:25:12,703 - matplotlib.font_manager - DEBUG - findfont: score(FontEntry(fname='C:\\Windows\\Fonts\\HGXS_CNKI.TTF', name='HGXS_CNKI', style='normal', variant='normal', weight=400, stretch='normal', size='scalable')) = 10.335
2026-02-21 13:25:12,703 - matplotlib.font_manager - DEBUG - findfont: score(FontEntry(fname='C:\\Windows\\Fonts\\REFSPCL.TTF', name='MS Reference Specialty', style='normal', variant='normal', weight=400, stretch='normal', size='scalable')) = 10.335
2026-02-21 13:25:12,703 - matplotlib.font_manager - DEBUG - findfont: score(FontEntry(fname='C:\\Windows\\Fonts\\HGSS1_CNKI.TTF', name='HGSS1_CNKI', style='normal', variant='normal', weight=400, stretch='normal', size='scalable')) = 10.335
2026-02-21 13:25:12,704 - matplotlib.font_manager - DEBUG - findfont: score(FontEntry(fname='C:\\Windows\\Fonts\\georgiab.ttf', name='Georgia', style='normal', variant='normal', weight=700, stretch='normal', size='scalable')) = 10.05
2026-02-21 13:25:12,704 - matplotlib.font_manager - DEBUG - findfont: score(FontEntry(fname='C:\\Windows\\Fonts\\CascadiaMono.ttf', name='Cascadia Mono', style='normal', variant='normal', weight=400, stretch='normal', size='scalable')) = 10.335
2026-02-21 13:25:12,704 - matplotlib.font_manager - DEBUG - findfont: score(FontEntry(fname='C:\\Windows\\Fonts\\HGF6_CNKI.ttf', name='HGF6_CNKI', style='normal', variant='normal', weight=400, stretch='normal', size='scalable')) = 10.335
2026-02-21 13:25:12,704 - matplotlib.font_manager - DEBUG - findfont: score(FontEntry(fname='C:\\Windows\\Fonts\\javatext.ttf', name='Javanese Text', style='normal', variant='normal', weight=400, stretch='normal', size='scalable')) = 10.335
2026-02-21 13:25:12,704 - matplotlib.font_manager - DEBUG - findfont: score(FontEntry(fname='C:\\Windows\\Fonts\\calibri.ttf', name='Calibri', style='normal', variant='normal', weight=400, stretch='normal', size='scalable')) = 10.335
2026-02-21 13:25:12,704 - matplotlib.font_manager - DEBUG - findfont: score(FontEntry(fname='C:\\Windows\\Fonts\\HGBS2_CNKI.TTF', name='HGBS2_CNKI', style='normal', variant='normal', weight=400, stretch='normal', size='scalable')) = 10.335
2026-02-21 13:25:12,704 - matplotlib.font_manager - DEBUG - findfont: score(FontEntry(fname='C:\\Windows\\Fonts\\HGB4X_CNKI.ttf', name='HGB4X_CNKI', style='normal', variant='normal', weight=400, stretch='normal', size='scalable')) = 10.335
2026-02-21 13:25:12,704 - matplotlib.font_manager - DEBUG - findfont: score(FontEntry(fname='C:\\Windows\\Fonts\\seguihis.ttf', name='Segoe UI Historic', style='normal', variant='normal', weight=400, stretch='normal', size='scalable')) = 10.335
2026-02-21 13:25:12,704 - matplotlib.font_manager - DEBUG - findfont: score(FontEntry(fname='C:\\Windows\\Fonts\\Inkfree.ttf', name='Ink Free', style='normal', variant='normal', weight=400, stretch='normal', size='scalable')) = 10.335
2026-02-21 13:25:12,704 - matplotlib.font_manager - DEBUG - findfont: score(FontEntry(fname='C:\\Windows\\Fonts\\seguiemj.ttf', name='Segoe UI Emoji', style='normal', variant='normal', weight=400, stretch='normal', size='scalable')) = 10.335
2026-02-21 13:25:12,704 - matplotlib.font_manager - DEBUG - findfont: score(FontEntry(fname='C:\\Windows\\Fonts\\georgia.ttf', name='Georgia', style='normal', variant='normal', weight=400, stretch='normal', size='scalable')) = 10.335
2026-02-21 13:25:12,704 - matplotlib.font_manager - DEBUG - findfont: score(FontEntry(fname='C:\\Windows\\Fonts\\HGZDX_CNKI.TTF', name='HGZDX_CNKI', style='normal', variant='normal', weight=400, stretch='normal', size='scalable')) = 10.335
2026-02-21 13:25:12,704 - matplotlib.font_manager - DEBUG - findfont: score(FontEntry(fname='C:\\Windows\\Fonts\\segoeuil.ttf', name='Segoe UI', style='normal', variant='normal', weight=300, stretch='normal', size='scalable')) = 10.43
2026-02-21 13:25:12,704 - matplotlib.font_manager - DEBUG - findfont: score(FontEntry(fname='C:\\Windows\\Fonts\\HGB8_CNKI.ttf', name='HGB8_CNKI', style='normal', variant='normal', weight=400, stretch='normal', size='scalable')) = 10.335
2026-02-21 13:25:12,704 - matplotlib.font_manager - DEBUG - findfont: score(FontEntry(fname='C:\\Windows\\Fonts\\constanz.ttf', name='Constantia', style='italic', variant='normal', weight=700, stretch='normal', size='scalable')) = 11.05
2026-02-21 13:25:12,704 - matplotlib.font_manager - DEBUG - findfont: score(FontEntry(fname='C:\\Windows\\Fonts\\HGPTY_CNKI.TTF', name='HGPTY_CNKI', style='normal', variant='normal', weight=400, stretch='normal', size='scalable')) = 10.335
2026-02-21 13:25:12,704 - matplotlib.font_manager - DEBUG - findfont: score(FontEntry(fname='C:\\Windows\\Fonts\\ZWAdobeF.TTF', name='ZWAdobeF', style='normal', variant='normal', weight=400, stretch='normal', size='scalable')) = 10.335
2026-02-21 13:25:12,704 - matplotlib.font_manager - DEBUG - findfont: score(FontEntry(fname='C:\\Windows\\Fonts\\calibril.ttf', name='Calibri', style='normal', variant='normal', weight=300, stretch='normal', size='scalable')) = 10.43
2026-02-21 13:25:12,704 - matplotlib.font_manager - DEBUG - findfont: score(FontEntry(fname='C:\\Windows\\Fonts\\msgothic.ttc', name='MS Gothic', style='normal', variant='normal', weight=400, stretch='normal', size='scalable')) = 10.335
2026-02-21 13:25:12,704 - matplotlib.font_manager - DEBUG - findfont: score(FontEntry(fname='C:\\Windows\\Fonts\\REFSAN.TTF', name='MS Reference Sans Serif', style='normal', variant='normal', weight=400, stretch='normal', size='scalable')) = 10.335
2026-02-21 13:25:12,704 - matplotlib.font_manager - DEBUG - findfont: score(FontEntry(fname='C:\\Windows\\Fonts\\comici.ttf', name='Comic Sans MS', style='italic', variant='normal', weight=400, stretch='normal', size='scalable')) = 11.335
2026-02-21 13:25:12,704 - matplotlib.font_manager - DEBUG - findfont: score(FontEntry(fname='C:\\Windows\\Fonts\\Candaral.ttf', name='Candara', style='normal', variant='normal', weight=400, stretch='normal', size='scalable')) = 10.335
2026-02-21 13:25:12,704 - matplotlib.font_manager - DEBUG - findfont: score(FontEntry(fname='C:\\Windows\\Fonts\\TEMPSITC.TTF', name='Tempus Sans ITC', style='normal', variant='normal', weight=400, stretch='normal', size='scalable')) = 10.335
2026-02-21 13:25:12,704 - matplotlib.font_manager - DEBUG - findfont: score(FontEntry(fname='C:\\Windows\\Fonts\\YuGothB.ttc', name='Yu Gothic', style='normal', variant='normal', weight=700, stretch='normal', size='scalable')) = 10.05
2026-02-21 13:25:12,704 - matplotlib.font_manager - DEBUG - findfont: score(FontEntry(fname='D:\\SceneBuilder\\runtime\\jre\\lib\\fonts\\LucidaTypewriterBold.ttf', name='Lucida Sans Typewriter', style='normal', variant='normal', weight=700, stretch='normal', size='scalable')) = 10.05
2026-02-21 13:25:12,704 - matplotlib.font_manager - DEBUG - findfont: score(FontEntry(fname='C:\\Windows\\Fonts\\GOTHIC.TTF', name='Century Gothic', style='normal', variant='normal', weight=400, stretch='normal', size='scalable')) = 10.335
2026-02-21 13:25:12,704 - matplotlib.font_manager - DEBUG - findfont: score(FontEntry(fname='D:\\SceneBuilder\\runtime\\jre\\lib\\fonts\\LucidaBrightItalic.ttf', name='Lucida Bright', style='italic', variant='normal', weight=400, stretch='normal', size='scalable')) = 11.335
2026-02-21 13:25:12,704 - matplotlib.font_manager - DEBUG - findfont: score(FontEntry(fname='C:\\Windows\\Fonts\\HGKT1_CNKI.TTF', name='HGKT1_CNKI', style='normal', variant='normal', weight=400, stretch='normal', size='scalable')) = 10.335
2026-02-21 13:25:12,704 - matplotlib.font_manager - DEBUG - findfont: score(FontEntry(fname='C:\\Windows\\Fonts\\georgiai.ttf', name='Georgia', style='italic', variant='normal', weight=400, stretch='normal', size='scalable')) = 11.335
2026-02-21 13:25:12,704 - matplotlib.font_manager - DEBUG - findfont: score(FontEntry(fname='C:\\Windows\\Fonts\\HGXC_CNKI.TTF', name='HGXC_CNKI', style='normal', variant='normal', weight=400, stretch='normal', size='scalable')) = 10.335
2026-02-21 13:25:12,704 - matplotlib.font_manager - DEBUG - findfont: score(FontEntry(fname='C:\\Windows\\Fonts\\HGLS_CNKI.TTF', name='HGLS_CNKI', style='normal', variant='normal', weight=400, stretch='normal', size='scalable')) = 10.335
2026-02-21 13:25:12,704 - matplotlib.font_manager - DEBUG - findfont: score(FontEntry(fname='C:\\Windows\\Fonts\\HGY1_CNKI.TTF', name='HGY1_CNKI', style='normal', variant='normal', weight=400, stretch='normal', size='scalable')) = 10.335
2026-02-21 13:25:12,704 - matplotlib.font_manager - DEBUG - findfont: score(FontEntry(fname='C:\\Windows\\Fonts\\wingding.ttf', name='Wingdings', style='normal', variant='normal', weight=400, stretch='normal', size='scalable')) = 10.335
2026-02-21 13:25:12,704 - matplotlib.font_manager - DEBUG - findfont: score(FontEntry(fname='C:\\Windows\\Fonts\\trebucbd.ttf', name='Trebuchet MS', style='normal', variant='normal', weight=700, stretch='normal', size='scalable')) = 10.05
2026-02-21 13:25:12,704 - matplotlib.font_manager - DEBUG - findfont: score(FontEntry(fname='C:\\Windows\\Fonts\\HGMH_CNKI.TTF', name='HGMH_CNKI', style='normal', variant='normal', weight=400, stretch='normal', size='scalable')) = 10.335
2026-02-21 13:25:12,704 - matplotlib.font_manager - DEBUG - findfont: score(FontEntry(fname='C:\\Windows\\Fonts\\BSSYM7.TTF', name='Bookshelf Symbol 7', style='normal', variant='normal', weight=400, stretch='normal', size='scalable')) = 10.335
2026-02-21 13:25:12,704 - matplotlib.font_manager - DEBUG - findfont: score(FontEntry(fname='C:\\Windows\\Fonts\\comic.ttf', name='Comic Sans MS', style='normal', variant='normal', weight=400, stretch='normal', size='scalable')) = 10.335
2026-02-21 13:25:12,704 - matplotlib.font_manager - DEBUG - findfont: score(FontEntry(fname='C:\\Windows\\Fonts\\trebuc.ttf', name='Trebuchet MS', style='normal', variant='normal', weight=400, stretch='normal', size='scalable')) = 10.335
2026-02-21 13:25:12,704 - matplotlib.font_manager - DEBUG - findfont: score(FontEntry(fname='C:\\Windows\\Fonts\\HGDYS_CNKI.TTF', name='HGDYS_CNKI', style='normal', variant='normal', weight=400, stretch='normal', size='scalable')) = 10.335
2026-02-21 13:25:12,704 - matplotlib.font_manager - DEBUG - findfont: score(FontEntry(fname='C:\\Windows\\Fonts\\seguisli.ttf', name='Segoe UI', style='italic', variant='normal', weight=350, stretch='normal', size='scalable')) = 11.3825
2026-02-21 13:25:12,704 - matplotlib.font_manager - DEBUG - findfont: score(FontEntry(fname='C:\\Windows\\Fonts\\ntailu.ttf', name='Microsoft New Tai Lue', style='normal', variant='normal', weight=400, stretch='normal', size='scalable')) = 10.335
2026-02-21 13:25:12,704 - matplotlib.font_manager - DEBUG - findfont: score(FontEntry(fname='C:\\Windows\\Fonts\\HGH5X_CNKI.ttf', name='HGH5X_CNKI', style='normal', variant='normal', weight=400, stretch='normal', size='scalable')) = 10.335
2026-02-21 13:25:12,704 - matplotlib.font_manager - DEBUG - findfont: score(FontEntry(fname='C:\\Windows\\Fonts\\STSONG.TTF', name='STSong', style='normal', variant='normal', weight=400, stretch='normal', size='scalable')) = 10.335
2026-02-21 13:25:12,704 - matplotlib.font_manager - DEBUG - findfont: score(FontEntry(fname='C:\\Windows\\Fonts\\STHUPO.TTF', name='STHupo', style='normal', variant='normal', weight=400, stretch='normal', size='scalable')) = 10.335
2026-02-21 13:25:12,704 - matplotlib.font_manager - DEBUG - findfont: score(FontEntry(fname='C:\\Windows\\Fonts\\gadugi.ttf', name='Gadugi', style='normal', variant='normal', weight=400, stretch='normal', size='scalable')) = 10.335
2026-02-21 13:25:12,704 - matplotlib.font_manager - DEBUG - findfont: score(FontEntry(fname='C:\\Windows\\Fonts\\STZHONGS.TTF', name='STZhongsong', style='normal', variant='normal', weight=400, stretch='normal', size='scalable')) = 10.335
2026-02-21 13:25:12,704 - matplotlib.font_manager - DEBUG - findfont: score(FontEntry(fname='C:\\Windows\\Fonts\\HGB1_CNKI.ttf', name='HGB1_CNKI', style='normal', variant='normal', weight=400, stretch='normal', size='scalable')) = 10.335
2026-02-21 13:25:12,704 - matplotlib.font_manager - DEBUG - findfont: score(FontEntry(fname='C:\\Windows\\Fonts\\HGGG_CNKI.TTF', name='HGGG_CNKI', style='normal', variant='normal', weight=400, stretch='normal', size='scalable')) = 10.335
2026-02-21 13:25:12,704 - matplotlib.font_manager - DEBUG - findfont: score(FontEntry(fname='C:\\Windows\\Fonts\\courbi.ttf', name='Courier New', style='italic', variant='normal', weight=700, stretch='normal', size='scalable')) = 11.05
2026-02-21 13:25:12,704 - matplotlib.font_manager - DEBUG - findfont: score(FontEntry(fname='C:\\Windows\\Fonts\\HGF9X_CNKI.ttf', name='HGF9X_CNKI', style='normal', variant='normal', weight=400, stretch='normal', size='scalable')) = 10.335
2026-02-21 13:25:12,704 - matplotlib.font_manager - DEBUG - findfont: score(FontEntry(fname='C:\\Windows\\Fonts\\HGDH_CNKI.TTF', name='HGDH_CNKI', style='normal', variant='normal', weight=400, stretch='normal', size='scalable')) = 10.335
2026-02-21 13:25:12,704 - matplotlib.font_manager - DEBUG - findfont: score(FontEntry(fname='C:\\Windows\\Fonts\\HGB6_CNKI.ttf', name='HGB6_CNKI', style='normal', variant='normal', weight=400, stretch='normal', size='scalable')) = 10.335
2026-02-21 13:25:12,704 - matplotlib.font_manager - DEBUG - findfont: score(FontEntry(fname='C:\\Windows\\Fonts\\HGH7_CNKI.ttf', name='HGH7_CNKI', style='normal', variant='normal', weight=400, stretch='normal', size='scalable')) = 10.335
2026-02-21 13:25:12,704 - matplotlib.font_manager - DEBUG - findfont: score(FontEntry(fname='C:\\Windows\\Fonts\\simsun.ttc', name='SimSun', style='normal', variant='normal', weight=400, stretch='normal', size='scalable')) = 10.335
2026-02-21 13:25:12,704 - matplotlib.font_manager - DEBUG - findfont: score(FontEntry(fname='C:\\Windows\\Fonts\\HGZK_CNKI.TTF', name='HGZK_CNKI', style='normal', variant='normal', weight=400, stretch='normal', size='scalable')) = 10.335
2026-02-21 13:25:12,704 - matplotlib.font_manager - DEBUG - findfont: score(FontEntry(fname='C:\\Windows\\Fonts\\taile.ttf', name='Microsoft Tai Le', style='normal', variant='normal', weight=400, stretch='normal', size='scalable')) = 10.335
2026-02-21 13:25:12,706 - matplotlib.font_manager - DEBUG - findfont: score(FontEntry(fname='C:\\Windows\\Fonts\\seguili.ttf', name='Segoe UI', style='italic', variant='normal', weight=300, stretch='normal', size='scalable')) = 11.43
2026-02-21 13:25:12,706 - matplotlib.font_manager - DEBUG - findfont: score(FontEntry(fname='C:\\Windows\\Fonts\\HGF3_CNKI.ttf', name='HGF3_CNKI', style='normal', variant='normal', weight=400, stretch='normal', size='scalable')) = 10.335
2026-02-21 13:25:12,706 - matplotlib.font_manager - DEBUG - findfont: score(FontEntry(fname='C:\\Windows\\Fonts\\HGOCR_CNKI.ttf', name='HGOCR_CNKI', style='normal', variant='normal', weight=400, stretch='normal', size='scalable')) = 10.335
2026-02-21 13:25:12,706 - matplotlib.font_manager - DEBUG - findfont: score(FontEntry(fname='C:\\Windows\\Fonts\\HGF8_CNKI.ttf', name='HGF8_CNKI', style='normal', variant='normal', weight=400, stretch='normal', size='scalable')) = 10.335
2026-02-21 13:25:12,706 - matplotlib.font_manager - DEBUG - findfont: score(FontEntry(fname='C:\\Windows\\Fonts\\HGF1X_CNKI.ttf', name='HGF1X_CNKI', style='normal', variant='normal', weight=400, stretch='normal', size='scalable')) = 10.335
2026-02-21 13:25:12,706 - matplotlib.font_manager - DEBUG - findfont: score(FontEntry(fname='C:\\Windows\\Fonts\\HGF2_CNKI.ttf', name='HGF2_CNKI', style='normal', variant='normal', weight=400, stretch='normal', size='scalable')) = 10.335
2026-02-21 13:25:12,706 - matplotlib.font_manager - DEBUG - findfont: score(FontEntry(fname='C:\\Windows\\Fonts\\HGB2_CNKI.ttf', name='HGB2_CNKI', style='normal', variant='normal', weight=400, stretch='normal', size='scalable')) = 10.335
2026-02-21 13:25:12,706 - matplotlib.font_manager - DEBUG - findfont: score(FontEntry(fname='C:\\Windows\\Fonts\\cambria.ttc', name='Cambria', style='normal', variant='normal', weight=400, stretch='normal', size='scalable')) = 10.335
2026-02-21 13:25:12,706 - matplotlib.font_manager - DEBUG - findfont: score(FontEntry(fname='C:\\Windows\\Fonts\\HGF4X_CNKI.ttf', name='HGF4X_CNKI', style='normal', variant='normal', weight=400, stretch='normal', size='scalable')) = 10.335
2026-02-21 13:25:12,706 - matplotlib.font_manager - DEBUG - findfont: score(FontEntry(fname='C:\\Windows\\Fonts\\segoeprb.ttf', name='Segoe Print', style='normal', variant='normal', weight=700, stretch='normal', size='scalable')) = 10.05
2026-02-21 13:25:12,706 - matplotlib.font_manager - DEBUG - findfont: score(FontEntry(fname='C:\\Windows\\Fonts\\MTEXTRA.TTF', name='MT Extra', style='normal', variant='normal', weight=400, stretch='normal', size='scalable')) = 10.335
2026-02-21 13:25:12,706 - matplotlib.font_manager - DEBUG - findfont: score(FontEntry(fname='C:\\Windows\\Fonts\\seguibli.ttf', name='Segoe UI', style='italic', variant='normal', weight=900, stretch='normal', size='scalable')) = 11.24
2026-02-21 13:25:12,706 - matplotlib.font_manager - DEBUG - findfont: score(FontEntry(fname='C:\\Windows\\Fonts\\cambriaz.ttf', name='Cambria', style='italic', variant='normal', weight=700, stretch='normal', size='scalable')) = 11.05
2026-02-21 13:25:12,706 - matplotlib.font_manager - DEBUG - findfont: score(FontEntry(fname='C:\\Windows\\Fonts\\BOOKOSB.TTF', name='Bookman Old Style', style='normal', variant='normal', weight=600, stretch='normal', size='scalable')) = 10.145
2026-02-21 13:25:12,706 - matplotlib.font_manager - DEBUG - findfont: score(FontEntry(fname='C:\\Windows\\Fonts\\bahnschrift.ttf', name='Bahnschrift', style='normal', variant='normal', weight=400, stretch='normal', size='scalable')) = 10.335
2026-02-21 13:25:12,706 - matplotlib.font_manager - DEBUG - findfont: score(FontEntry(fname='C:\\Windows\\Fonts\\HGH5_CNKI.ttf', name='HGH5_CNKI', style='normal', variant='normal', weight=400, stretch='normal', size='scalable')) = 10.335
2026-02-21 13:25:12,706 - matplotlib.font_manager - DEBUG - findfont: score(FontEntry(fname='C:\\Windows\\Fonts\\ebrima.ttf', name='Ebrima', style='normal', variant='normal', weight=400, stretch='normal', size='scalable')) = 10.335
2026-02-21 13:25:12,706 - matplotlib.font_manager - DEBUG - findfont: score(FontEntry(fname='C:\\Windows\\Fonts\\STXINWEI.TTF', name='STXinwei', style='normal', variant='normal', weight=400, stretch='normal', size='scalable')) = 10.335
2026-02-21 13:25:12,706 - matplotlib.font_manager - DEBUG - findfont: score(FontEntry(fname='D:\\SceneBuilder\\runtime\\jre\\lib\\fonts\\LucidaBrightDemiItalic.ttf', name='Lucida Bright', style='italic', variant='normal', weight=700, stretch='normal', size='scalable')) = 11.05
2026-02-21 13:25:12,706 - matplotlib.font_manager - DEBUG - findfont: score(FontEntry(fname='C:\\Windows\\Fonts\\HGXF1_CNKI.ttf', name='HGXF1_CNKI', style='normal', variant='normal', weight=400, stretch='normal', size='scalable')) = 10.335
2026-02-21 13:25:12,706 - matplotlib.font_manager - DEBUG - findfont: score(FontEntry(fname='C:\\Windows\\Fonts\\Candarab.ttf', name='Candara', style='normal', variant='normal', weight=700, stretch='normal', size='scalable')) = 10.05
2026-02-21 13:25:12,706 - matplotlib.font_manager - DEBUG - findfont: score(FontEntry(fname='C:\\Windows\\Fonts\\HGH3_CNKI.ttf', name='HGH3_CNKI', style='normal', variant='normal', weight=400, stretch='normal', size='scalable')) = 10.335
2026-02-21 13:25:12,706 - matplotlib.font_manager - DEBUG - findfont: score(FontEntry(fname='D:\\SceneBuilder\\runtime\\jre\\lib\\fonts\\LucidaBrightDemiBold.ttf', name='Lucida Bright', style='normal', variant='normal', weight=700, stretch='normal', size='scalable')) = 10.05
2026-02-21 13:25:12,706 - matplotlib.font_manager - DEBUG - findfont: score(FontEntry(fname='C:\\Windows\\Fonts\\HGCUH_CNKI.TTF', name='HGCUH_CNKI', style='normal', variant='normal', weight=400, stretch='normal', size='scalable')) = 10.335
2026-02-21 13:25:12,706 - matplotlib.font_manager - DEBUG - findfont: score(FontEntry(fname='C:\\Windows\\Fonts\\HGHZ_CNKI.ttf', name='HGHZ_CNKI', style='normal', variant='normal', weight=400, stretch='normal', size='scalable')) = 10.335
2026-02-21 13:25:12,706 - matplotlib.font_manager - DEBUG - findfont: score(FontEntry(fname='C:\\Windows\\Fonts\\HGXBS_CNKI.TTF', name='HGXBS_CNKI', style='normal', variant='normal', weight=400, stretch='normal', size='scalable')) = 10.335
2026-02-21 13:25:12,706 - matplotlib.font_manager - DEBUG - findfont: score(FontEntry(fname='C:\\Windows\\Fonts\\Gabriola.ttf', name='Gabriola', style='normal', variant='normal', weight=400, stretch='normal', size='scalable')) = 10.335
2026-02-21 13:25:12,706 - matplotlib.font_manager - DEBUG - findfont: score(FontEntry(fname='C:\\Windows\\Fonts\\HGFX_CNKI.ttf', name='HGFX_CNKI', style='normal', variant='normal', weight=400, stretch='normal', size='scalable')) = 10.335
2026-02-21 13:25:12,706 - matplotlib.font_manager - DEBUG - findfont: score(FontEntry(fname='C:\\Windows\\Fonts\\HGBS_CNKI.TTF', name='HGBS_CNKI', style='normal', variant='normal', weight=400, stretch='normal', size='scalable')) = 10.335
2026-02-21 13:25:12,706 - matplotlib.font_manager - DEBUG - findfont: score(FontEntry(fname='C:\\Windows\\Fonts\\malgun.ttf', name='Malgun Gothic', style='normal', variant='normal', weight=400, stretch='normal', size='scalable')) = 10.335
2026-02-21 13:25:12,706 - matplotlib.font_manager - DEBUG - findfont: score(FontEntry(fname='C:\\Windows\\Fonts\\palabi.ttf', name='Palatino Linotype', style='italic', variant='normal', weight=700, stretch='normal', size='scalable')) = 11.05
2026-02-21 13:25:12,706 - matplotlib.font_manager - DEBUG - findfont: score(FontEntry(fname='C:\\Windows\\Fonts\\HGY3_CNKI.TTF', name='HGY3_CNKI', style='normal', variant='normal', weight=400, stretch='normal', size='scalable')) = 10.335
2026-02-21 13:25:12,706 - matplotlib.font_manager - DEBUG - findfont: score(FontEntry(fname='C:\\Windows\\Fonts\\BOOKOSBI.TTF', name='Bookman Old Style', style='italic', variant='normal', weight=600, stretch='normal', size='scalable')) = 11.145
2026-02-21 13:25:12,706 - matplotlib.font_manager - DEBUG - findfont: score(FontEntry(fname='C:\\Windows\\Fonts\\HGB7_CNKI.ttf', name='HGB7_CNKI', style='normal', variant='normal', weight=400, stretch='normal', size='scalable')) = 10.335
2026-02-21 13:25:12,706 - matplotlib.font_manager - DEBUG - findfont: score(FontEntry(fname='C:\\Windows\\Fonts\\HGBKBX_CNKI.ttf', name='HGBKBX_CNKI', style='normal', variant='normal', weight=400, stretch='normal', size='scalable')) = 10.335
2026-02-21 13:25:12,706 - matplotlib.font_manager - DEBUG - findfont: score(FontEntry(fname='C:\\Windows\\Fonts\\gadugib.ttf', name='Gadugi', style='normal', variant='normal', weight=700, stretch='normal', size='scalable')) = 10.05
2026-02-21 13:25:12,706 - matplotlib.font_manager - DEBUG - findfont: score(FontEntry(fname='C:\\Windows\\Fonts\\HGX1_CNKI.ttf', name='HGX1_CNKI', style='normal', variant='normal', weight=400, stretch='normal', size='scalable')) = 10.335
2026-02-21 13:25:12,706 - matplotlib.font_manager - DEBUG - findfont: score(FontEntry(fname='C:\\Windows\\Fonts\\HGF7_CNKI.ttf', name='HGF7_CNKI', style='normal', variant='normal', weight=400, stretch='normal', size='scalable')) = 10.335
2026-02-21 13:25:12,706 - matplotlib.font_manager - DEBUG - findfont: score(FontEntry(fname='C:\\Windows\\Fonts\\HGZY_CNKI.TTF', name='HGZY_CNKI', style='normal', variant='normal', weight=400, stretch='normal', size='scalable')) = 10.335
2026-02-21 13:25:12,707 - matplotlib.font_manager - DEBUG - findfont: score(FontEntry(fname='C:\\Windows\\Fonts\\HarmonyOS_Sans_SC_Regular.ttf', name='HarmonyOS Sans SC', style='normal', variant='normal', weight=400, stretch='normal', size='scalable')) = 10.335
2026-02-21 13:25:12,707 - matplotlib.font_manager - DEBUG - findfont: score(FontEntry(fname='C:\\Windows\\Fonts\\HGZYT_CNKI.TTF', name='HGZYT_CNKI', style='normal', variant='normal', weight=400, stretch='normal', size='scalable')) = 10.335
2026-02-21 13:25:12,707 - matplotlib.font_manager - DEBUG - findfont: score(FontEntry(fname='C:\\Windows\\Fonts\\HGWT_CNKI.TTF', name='HGWT_CNKI', style='normal', variant='normal', weight=400, stretch='normal', size='scalable')) = 10.335
2026-02-21 13:25:12,707 - matplotlib.font_manager - DEBUG - findfont: score(FontEntry(fname='C:\\Windows\\Fonts\\GARABD.TTF', name='Garamond', style='normal', variant='normal', weight=700, stretch='normal', size='scalable')) = 10.05
2026-02-21 13:25:12,707 - matplotlib.font_manager - DEBUG - findfont: score(FontEntry(fname='C:\\Windows\\Fonts\\HGH3X_CNKI.ttf', name='HGH3X_CNKI', style='normal', variant='normal', weight=400, stretch='normal', size='scalable')) = 10.335
2026-02-21 13:25:12,707 - matplotlib.font_manager - DEBUG - findfont: score(FontEntry(fname='C:\\Windows\\Fonts\\msyh.ttc', name='Microsoft YaHei', style='normal', variant='normal', weight=400, stretch='normal', size='scalable')) = 3.668333333333333
2026-02-21 13:25:12,707 - matplotlib.font_manager - DEBUG - findfont: score(FontEntry(fname='C:\\Windows\\Fonts\\mingliub.ttc', name='MingLiU-ExtB', style='normal', variant='normal', weight=400, stretch='normal', size='scalable')) = 10.335
2026-02-21 13:25:12,707 - matplotlib.font_manager - DEBUG - findfont: score(FontEntry(fname='C:\\Windows\\Fonts\\HGFS2_CNKI.TTF', name='HGFS2_CNKI', style='normal', variant='normal', weight=400, stretch='normal', size='scalable')) = 10.335
2026-02-21 13:25:12,707 - matplotlib.font_manager - DEBUG - findfont: score(FontEntry(fname='C:\\Windows\\Fonts\\timesbi.ttf', name='Times New Roman', style='italic', variant='normal', weight=700, stretch='normal', size='scalable')) = 11.05
2026-02-21 13:25:12,707 - matplotlib.font_manager - DEBUG - findfont: score(FontEntry(fname='C:\\Windows\\Fonts\\calibrii.ttf', name='Calibri', style='italic', variant='normal', weight=400, stretch='normal', size='scalable')) = 11.335
2026-02-21 13:25:12,707 - matplotlib.font_manager - DEBUG - findfont: score(FontEntry(fname='C:\\Windows\\Fonts\\seguisb.ttf', name='Segoe UI', style='normal', variant='normal', weight=600, stretch='normal', size='scalable')) = 10.145
2026-02-21 13:25:12,707 - matplotlib.font_manager - DEBUG - findfont: score(FontEntry(fname='C:\\Windows\\Fonts\\msjh.ttc', name='Microsoft JhengHei', style='normal', variant='normal', weight=400, stretch='normal', size='scalable')) = 10.335
2026-02-21 13:25:12,707 - matplotlib.font_manager - DEBUG - findfont: score(FontEntry(fname='C:\\Windows\\Fonts\\HGYT2_CNKI.ttf', name='HGYT2_CNKI', style='normal', variant='normal', weight=400, stretch='normal', size='scalable')) = 10.335
2026-02-21 13:25:12,707 - matplotlib.font_manager - DEBUG - findfont: score(FontEntry(fname='C:\\Windows\\Fonts\\simfang.ttf', name='FangSong', style='normal', variant='normal', weight=400, stretch='normal', size='scalable')) = 10.335
2026-02-21 13:25:12,707 - matplotlib.font_manager - DEBUG - findfont: score(FontEntry(fname='C:\\Windows\\Fonts\\HGF5X_CNKI.ttf', name='HGF5X_CNKI', style='normal', variant='normal', weight=400, stretch='normal', size='scalable')) = 10.335
2026-02-21 13:25:12,707 - matplotlib.font_manager - DEBUG - findfont: score(FontEntry(fname='C:\\Windows\\Fonts\\SIMYOU.TTF', name='YouYuan', style='normal', variant='normal', weight=400, stretch='normal', size='scalable')) = 10.335
2026-02-21 13:25:12,707 - matplotlib.font_manager - DEBUG - findfont: score(FontEntry(fname='C:\\Windows\\Fonts\\HGCH_CNKI.TTF', name='HGCH_CNKI', style='normal', variant='normal', weight=400, stretch='normal', size='scalable')) = 10.335
2026-02-21 13:25:12,707 - matplotlib.font_manager - DEBUG - findfont: score(FontEntry(fname='C:\\Windows\\Fonts\\ariblk.ttf', name='Arial', style='normal', variant='normal', weight=900, stretch='normal', size='scalable')) = 10.24
2026-02-21 13:25:12,707 - matplotlib.font_manager - DEBUG - findfont: score(FontEntry(fname='C:\\Windows\\Fonts\\HGXFZ_CNKI.ttf', name='HGXFZ_CNKI', style='normal', variant='normal', weight=400, stretch='normal', size='scalable')) = 10.335
2026-02-21 13:25:12,707 - matplotlib.font_manager - DEBUG - findfont: score(FontEntry(fname='C:\\Windows\\Fonts\\georgiaz.ttf', name='Georgia', style='italic', variant='normal', weight=700, stretch='normal', size='scalable')) = 11.05
2026-02-21 13:25:12,707 - matplotlib.font_manager - DEBUG - findfont: score(FontEntry(fname='C:\\Windows\\Fonts\\PRISTINA.TTF', name='Pristina', style='normal', variant='normal', weight=400, stretch='normal', size='scalable')) = 10.335
2026-02-21 13:25:12,707 - matplotlib.font_manager - DEBUG - findfont: score(FontEntry(fname='C:\\Windows\\Fonts\\BOOKOSI.TTF', name='Bookman Old Style', style='italic', variant='normal', weight=300, stretch='normal', size='scalable')) = 11.43
2026-02-21 13:25:12,707 - matplotlib.font_manager - DEBUG - findfont: score(FontEntry(fname='C:\\Windows\\Fonts\\HGXL_CNKI.TTF', name='HGXL_CNKI', style='normal', variant='normal', weight=400, stretch='normal', size='scalable')) = 10.335
2026-02-21 13:25:12,707 - matplotlib.font_manager - DEBUG - findfont: score(FontEntry(fname='C:\\Windows\\Fonts\\DUBAI-BOLD.TTF', name='Dubai', style='normal', variant='normal', weight=700, stretch='normal', size='scalable')) = 10.05
2026-02-21 13:25:12,707 - matplotlib.font_manager - DEBUG - findfont: score(FontEntry(fname='C:\\Windows\\Fonts\\HGCY_CNKI.TTF', name='HGCY_CNKI', style='normal', variant='normal', weight=400, stretch='normal', size='scalable')) = 10.335
2026-02-21 13:25:12,707 - matplotlib.font_manager - DEBUG - findfont: score(FontEntry(fname='D:\\SceneBuilder\\runtime\\jre\\lib\\fonts\\LucidaTypewriterRegular.ttf', name='Lucida Sans Typewriter', style='normal', variant='normal', weight=400, stretch='normal', size='scalable')) = 10.335
2026-02-21 13:25:12,707 - matplotlib.font_manager - DEBUG - findfont: score(FontEntry(fname='C:\\Windows\\Fonts\\ANTQUABI.TTF', name='Book Antiqua', style='italic', variant='normal', weight=700, stretch='normal', size='scalable')) = 11.05
2026-02-21 13:25:12,707 - matplotlib.font_manager - DEBUG - findfont: score(FontEntry(fname='C:\\Windows\\Fonts\\LeelUIsl.ttf', name='Leelawadee UI', style='normal', variant='normal', weight=350, stretch='normal', size='scalable')) = 10.3825
2026-02-21 13:25:12,707 - matplotlib.font_manager - DEBUG - findfont: score(FontEntry(fname='C:\\Windows\\Fonts\\HGBZ_CNKI.ttf', name='HGBZ_CNKI', style='normal', variant='normal', weight=400, stretch='normal', size='scalable')) = 10.335
2026-02-21 13:25:12,707 - matplotlib.font_manager - DEBUG - findfont: score(FontEntry(fname='C:\\Windows\\Fonts\\HGKT2_CNKI.TTF', name='HGKT2_CNKI', style='normal', variant='normal', weight=400, stretch='normal', size='scalable')) = 10.335
2026-02-21 13:25:12,707 - matplotlib.font_manager - DEBUG - findfont: score(FontEntry(fname='C:\\Windows\\Fonts\\corbelb.ttf', name='Corbel', style='normal', variant='normal', weight=700, stretch='normal', size='scalable')) = 10.05
2026-02-21 13:25:12,707 - matplotlib.font_manager - DEBUG - findfont: score(FontEntry(fname='C:\\Windows\\Fonts\\HGFSH_CNKI.TTF', name='HGFSH_CNKI', style='normal', variant='normal', weight=400, stretch='normal', size='scalable')) = 10.335
2026-02-21 13:25:12,708 - matplotlib.font_manager - DEBUG - findfont: score(FontEntry(fname='C:\\Windows\\Fonts\\palai.ttf', name='Palatino Linotype', style='italic', variant='normal', weight=400, stretch='normal', size='scalable')) = 11.335
2026-02-21 13:25:12,708 - matplotlib.font_manager - DEBUG - findfont: score(FontEntry(fname='C:\\Windows\\Fonts\\Dengl.ttf', name='DengXian', style='normal', variant='normal', weight=300, stretch='normal', size='scalable')) = 10.43
2026-02-21 13:25:12,708 - matplotlib.font_manager - DEBUG - findfont: score(FontEntry(fname='C:\\Windows\\Fonts\\mmrtextb.ttf', name='Myanmar Text', style='normal', variant='normal', weight=700, stretch='normal', size='scalable')) = 10.05
2026-02-21 13:25:12,708 - matplotlib.font_manager - DEBUG - findfont: score(FontEntry(fname='C:\\Windows\\Fonts\\FZSTK.TTF', name='FZShuTi', style='normal', variant='normal', weight=400, stretch='normal', size='scalable')) = 10.335
2026-02-21 13:25:12,708 - matplotlib.font_manager - DEBUG - findfont: score(FontEntry(fname='C:\\Windows\\Fonts\\ARIALNBI.TTF', name='Arial', style='italic', variant='normal', weight=700, stretch='condensed', size='scalable')) = 11.25
2026-02-21 13:25:12,708 - matplotlib.font_manager - DEBUG - findfont: score(FontEntry(fname='C:\\Windows\\Fonts\\HGH1_CNKI.ttf', name='HGH1_CNKI', style='normal', variant='normal', weight=400, stretch='normal', size='scalable')) = 10.335
2026-02-21 13:25:12,708 - matplotlib.font_manager - DEBUG - findfont: score(FontEntry(fname='C:\\Windows\\Fonts\\STCAIYUN.TTF', name='STCaiyun', style='normal', variant='normal', weight=400, stretch='normal', size='scalable')) = 10.335
2026-02-21 13:25:12,708 - matplotlib.font_manager - DEBUG - findfont: score(FontEntry(fname='C:\\Windows\\Fonts\\LeelawUI.ttf', name='Leelawadee UI', style='normal', variant='normal', weight=400, stretch='normal', size='scalable')) = 10.335
2026-02-21 13:25:12,708 - matplotlib.font_manager - DEBUG - findfont: score(FontEntry(fname='C:\\Windows\\Fonts\\PAPYRUS.TTF', name='Papyrus', style='normal', variant='normal', weight=400, stretch='normal', size='scalable')) = 10.335
2026-02-21 13:25:12,708 - matplotlib.font_manager - DEBUG - findfont: score(FontEntry(fname='C:\\Windows\\Fonts\\HGH2X_CNKI.ttf', name='HGH2X_CNKI', style='normal', variant='normal', weight=400, stretch='normal', size='scalable')) = 10.335
2026-02-21 13:25:12,708 - matplotlib.font_manager - DEBUG - findfont: score(FontEntry(fname='C:\\Windows\\Fonts\\CascadiaCode.ttf', name='Cascadia Code', style='normal', variant='normal', weight=400, stretch='normal', size='scalable')) = 10.335
2026-02-21 13:25:12,708 - matplotlib.font_manager - DEBUG - findfont: score(FontEntry(fname='C:\\Windows\\Fonts\\HGKY_CNKI.ttf', name='HGKY_CNKI', style='normal', variant='normal', weight=400, stretch='normal', size='scalable')) = 10.335
2026-02-21 13:25:12,708 - matplotlib.font_manager - DEBUG - findfont: score(FontEntry(fname='D:\\软件\\PDF\\acrobat PDF\\Resource\\Font\\AdobeDevanagari-BoldItalic.otf', name='Adobe Devanagari', style='italic', variant='normal', weight=700, stretch='normal', size='scalable')) = 11.05
2026-02-21 13:25:12,708 - matplotlib.font_manager - DEBUG - findfont: score(FontEntry(fname='C:\\Windows\\Fonts\\malgunbd.ttf', name='Malgun Gothic', style='normal', variant='normal', weight=700, stretch='normal', size='scalable')) = 10.05
2026-02-21 13:25:12,708 - matplotlib.font_manager - DEBUG - findfont: score(FontEntry(fname='C:\\Windows\\Fonts\\seguisbi.ttf', name='Segoe UI', style='italic', variant='normal', weight=600, stretch='normal', size='scalable')) = 11.145
2026-02-21 13:25:12,708 - matplotlib.font_manager - DEBUG - findfont: score(FontEntry(fname='C:\\Windows\\Fonts\\cambriab.ttf', name='Cambria', style='normal', variant='normal', weight=700, stretch='normal', size='scalable')) = 10.05
2026-02-21 13:25:12,708 - matplotlib.font_manager - DEBUG - findfont: score(FontEntry(fname='C:\\Windows\\Fonts\\framdit.ttf', name='Franklin Gothic Medium', style='italic', variant='normal', weight=400, stretch='normal', size='scalable')) = 11.335
2026-02-21 13:25:12,708 - matplotlib.font_manager - DEBUG - findfont: score(FontEntry(fname='C:\\Windows\\Fonts\\HGHP_CNKI.TTF', name='HGHP_CNKI', style='normal', variant='normal', weight=400, stretch='normal', size='scalable')) = 10.335
2026-02-21 13:25:12,708 - matplotlib.font_manager - DEBUG - findfont: score(FontEntry(fname='C:\\Windows\\Fonts\\micross.ttf', name='Microsoft Sans Serif', style='normal', variant='normal', weight=400, stretch='normal', size='scalable')) = 10.335
2026-02-21 13:25:12,708 - matplotlib.font_manager - DEBUG - findfont: score(FontEntry(fname='C:\\Windows\\Fonts\\HGXFX_CNKI.ttf', name='HGXFX_CNKI', style='normal', variant='normal', weight=400, stretch='normal', size='scalable')) = 10.335
2026-02-21 13:25:12,708 - matplotlib.font_manager - DEBUG - findfont: score(FontEntry(fname='C:\\Windows\\Fonts\\HGTX_CNKI.TTF', name='HGTX_CNKI', style='normal', variant='normal', weight=400, stretch='normal', size='scalable')) = 10.335
2026-02-21 13:25:12,708 - matplotlib.font_manager - DEBUG - findfont: score(FontEntry(fname='C:\\Windows\\Fonts\\taileb.ttf', name='Microsoft Tai Le', style='normal', variant='normal', weight=700, stretch='normal', size='scalable')) = 10.05
2026-02-21 13:25:12,708 - matplotlib.font_manager - DEBUG - findfont: score(FontEntry(fname='C:\\Windows\\Fonts\\YuGothR.ttc', name='Yu Gothic', style='normal', variant='normal', weight=400, stretch='normal', size='scalable')) = 10.335
2026-02-21 13:25:12,708 - matplotlib.font_manager - DEBUG - findfont: score(FontEntry(fname='C:\\Windows\\Fonts\\simsunb.ttf', name='SimSun-ExtB', style='normal', variant='normal', weight=400, stretch='normal', size='scalable')) = 10.335
2026-02-21 13:25:12,708 - matplotlib.font_manager - DEBUG - findfont: score(FontEntry(fname='C:\\Windows\\Fonts\\Candarai.ttf', name='Candara', style='italic', variant='normal', weight=400, stretch='normal', size='scalable')) = 11.335
2026-02-21 13:25:12,708 - matplotlib.font_manager - DEBUG - findfont: score(FontEntry(fname='C:\\Windows\\Fonts\\timesbd.ttf', name='Times New Roman', style='normal', variant='normal', weight=700, stretch='normal', size='scalable')) = 10.05
2026-02-21 13:25:12,708 - matplotlib.font_manager - DEBUG - findfont: score(FontEntry(fname='C:\\Windows\\Fonts\\HGB1X_CNKI.ttf', name='HGB1X_CNKI', style='normal', variant='normal', weight=400, stretch='normal', size='scalable')) = 10.335
2026-02-21 13:25:12,708 - matplotlib.font_manager - DEBUG - findfont: score(FontEntry(fname='C:\\Windows\\Fonts\\HGHT1_CNKI.ttf', name='HGHT1_CNKI', style='normal', variant='normal', weight=400, stretch='normal', size='scalable')) = 10.335
2026-02-21 13:25:12,708 - matplotlib.font_manager - DEBUG - findfont: score(FontEntry(fname='C:\\Windows\\Fonts\\msyhbd.ttc', name='Microsoft YaHei', style='normal', variant='normal', weight=700, stretch='normal', size='scalable')) = 3.383333333333333
2026-02-21 13:25:12,708 - matplotlib.font_manager - DEBUG - findfont: score(FontEntry(fname='C:\\Windows\\Fonts\\HGF1_CNKI.ttf', name='HGF1_CNKI', style='normal', variant='normal', weight=400, stretch='normal', size='scalable')) = 10.335
2026-02-21 13:25:12,708 - matplotlib.font_manager - DEBUG - findfont: score(FontEntry(fname='C:\\Windows\\Fonts\\monbaiti.ttf', name='Mongolian Baiti', style='normal', variant='normal', weight=400, stretch='normal', size='scalable')) = 10.335
2026-02-21 13:25:12,708 - matplotlib.font_manager - DEBUG - findfont: score(FontEntry(fname='C:\\Windows\\Fonts\\HGWYS_CNKI.TTF', name='HGWYS_CNKI', style='normal', variant='normal', weight=400, stretch='normal', size='scalable')) = 10.335
2026-02-21 13:25:12,708 - matplotlib.font_manager - DEBUG - findfont: score(FontEntry(fname='C:\\Windows\\Fonts\\HGNBS_CNKI.ttf', name='HGNBS_CNKI', style='normal', variant='normal', weight=400, stretch='normal', size='scalable')) = 10.335
2026-02-21 13:25:12,708 - matplotlib.font_manager - DEBUG - findfont: score(FontEntry(fname='C:\\Windows\\Fonts\\cour.ttf', name='Courier New', style='normal', variant='normal', weight=400, stretch='normal', size='scalable')) = 10.335
2026-02-21 13:25:12,708 - matplotlib.font_manager - DEBUG - findfont: score(FontEntry(fname='C:\\Windows\\Fonts\\calibrib.ttf', name='Calibri', style='normal', variant='normal', weight=700, stretch='normal', size='scalable')) = 10.05
2026-02-21 13:25:12,709 - matplotlib.font_manager - DEBUG - findfont: score(FontEntry(fname='C:\\Windows\\Fonts\\verdanaz.ttf', name='Verdana', style='italic', variant='normal', weight=700, stretch='normal', size='scalable')) = 11.05
2026-02-21 13:25:12,709 - matplotlib.font_manager - DEBUG - findfont: score(FontEntry(fname='C:\\Windows\\Fonts\\symbol.ttf', name='Symbol', style='normal', variant='normal', weight=400, stretch='normal', size='scalable')) = 10.335
2026-02-21 13:25:12,709 - matplotlib.font_manager - DEBUG - findfont: score(FontEntry(fname='C:\\Windows\\Fonts\\HGB8X_CNKI.ttf', name='HGB8X_CNKI', style='normal', variant='normal', weight=400, stretch='normal', size='scalable')) = 10.335
2026-02-21 13:25:12,709 - matplotlib.font_manager - DEBUG - findfont: score(FontEntry(fname='C:\\Windows\\Fonts\\LHANDW.TTF', name='Lucida Handwriting', style='italic', variant='normal', weight=400, stretch='normal', size='scalable')) = 11.335
2026-02-21 13:25:12,709 - matplotlib.font_manager - DEBUG - findfont: score(FontEntry(fname='C:\\Windows\\Fonts\\tahoma.ttf', name='Tahoma', style='normal', variant='normal', weight=400, stretch='normal', size='scalable')) = 10.335
2026-02-21 13:25:12,709 - matplotlib.font_manager - DEBUG - findfont: score(FontEntry(fname='C:\\Windows\\Fonts\\constanb.ttf', name='Constantia', style='normal', variant='normal', weight=700, stretch='normal', size='scalable')) = 10.05
2026-02-21 13:25:12,709 - matplotlib.font_manager - DEBUG - findfont: score(FontEntry(fname='C:\\Windows\\Fonts\\calibriz.ttf', name='Calibri', style='italic', variant='normal', weight=700, stretch='normal', size='scalable')) = 11.05
2026-02-21 13:25:12,709 - matplotlib.font_manager - DEBUG - findfont: score(FontEntry(fname='C:\\Windows\\Fonts\\HGYT_CNKI.TTF', name='HGYT_CNKI', style='normal', variant='normal', weight=400, stretch='normal', size='scalable')) = 10.335
2026-02-21 13:25:12,709 - matplotlib.font_manager - DEBUG - findfont: score(FontEntry(fname='C:\\Windows\\Fonts\\HGF2X_CNKI.ttf', name='HGF2X_CNKI', style='normal', variant='normal', weight=400, stretch='normal', size='scalable')) = 10.335
2026-02-21 13:25:12,709 - matplotlib.font_manager - DEBUG - findfont: score(FontEntry(fname='C:\\Windows\\Fonts\\HGSS2_CNKI.TTF', name='HGSS2_CNKI', style='normal', variant='normal', weight=400, stretch='normal', size='scalable')) = 10.335
2026-02-21 13:25:12,709 - matplotlib.font_manager - DEBUG - findfont: score(FontEntry(fname='C:\\Windows\\Fonts\\segoescb.ttf', name='Segoe Script', style='normal', variant='normal', weight=700, stretch='normal', size='scalable')) = 10.05
2026-02-21 13:25:12,709 - matplotlib.font_manager - DEBUG - findfont: score(FontEntry(fname='C:\\Windows\\Fonts\\verdana.ttf', name='Verdana', style='normal', variant='normal', weight=400, stretch='normal', size='scalable')) = 10.335
2026-02-21 13:25:12,709 - matplotlib.font_manager - DEBUG - findfont: score(FontEntry(fname='C:\\Windows\\Fonts\\HGY4_CNKI.TTF', name='HGY4_CNKI', style='normal', variant='normal', weight=400, stretch='normal', size='scalable')) = 10.335
2026-02-21 13:25:12,709 - matplotlib.font_manager - DEBUG - findfont: score(FontEntry(fname='C:\\Windows\\Fonts\\SIMLI.TTF', name='LiSu', style='normal', variant='normal', weight=400, stretch='normal', size='scalable')) = 10.335
2026-02-21 13:25:12,709 - matplotlib.font_manager - DEBUG - findfont: score(FontEntry(fname='C:\\Windows\\Fonts\\HGBD_CNKI.ttf', name='HGBD_CNKI', style='normal', variant='normal', weight=400, stretch='normal', size='scalable')) = 10.335
2026-02-21 13:25:12,709 - matplotlib.font_manager - DEBUG - findfont: score(FontEntry(fname='C:\\Windows\\Fonts\\HGBTS_CNKI.TTF', name='HGBTS_CNKI', style='normal', variant='normal', weight=400, stretch='normal', size='scalable')) = 10.335
2026-02-21 13:25:12,709 - matplotlib.font_manager - DEBUG - findfont: score(FontEntry(fname='C:\\Windows\\Fonts\\seguibl.ttf', name='Segoe UI', style='normal', variant='normal', weight=900, stretch='normal', size='scalable')) = 10.24
2026-02-21 13:25:12,709 - matplotlib.font_manager - DEBUG - findfont: score(FontEntry(fname='C:\\Windows\\Fonts\\webdings.ttf', name='Webdings', style='normal', variant='normal', weight=400, stretch='normal', size='scalable')) = 10.335
2026-02-21 13:25:12,709 - matplotlib.font_manager - DEBUG - findfont: score(FontEntry(fname='C:\\Windows\\Fonts\\SitkaVF.ttf', name='Sitka', style='normal', variant='normal', weight=400, stretch='normal', size='scalable')) = 10.335
2026-02-21 13:25:12,709 - matplotlib.font_manager - DEBUG - findfont: score(FontEntry(fname='C:\\Windows\\Fonts\\HGB4_CNKI.ttf', name='HGB4_CNKI', style='normal', variant='normal', weight=400, stretch='normal', size='scalable')) = 10.335
2026-02-21 13:25:12,709 - matplotlib.font_manager - DEBUG - findfont: score(FontEntry(fname='C:\\Windows\\Fonts\\segoeuib.ttf', name='Segoe UI', style='normal', variant='normal', weight=700, stretch='normal', size='scalable')) = 10.05
2026-02-21 13:25:12,709 - matplotlib.font_manager - DEBUG - findfont: score(FontEntry(fname='C:\\Windows\\Fonts\\pala.ttf', name='Palatino Linotype', style='normal', variant='normal', weight=400, stretch='normal', size='scalable')) = 10.335
2026-02-21 13:25:12,709 - matplotlib.font_manager - DEBUG - findfont: score(FontEntry(fname='C:\\Windows\\Fonts\\simkai.ttf', name='KaiTi', style='normal', variant='normal', weight=400, stretch='normal', size='scalable')) = 10.335
2026-02-21 13:25:12,709 - matplotlib.font_manager - DEBUG - findfont: score(FontEntry(fname='C:\\Windows\\Fonts\\HGHX_CNKI.ttf', name='HGHX_CNKI', style='normal', variant='normal', weight=400, stretch='normal', size='scalable')) = 10.335
2026-02-21 13:25:12,709 - matplotlib.font_manager - DEBUG - findfont: score(FontEntry(fname='C:\\Windows\\Fonts\\SitkaVF-Italic.ttf', name='Sitka', style='italic', variant='normal', weight=400, stretch='normal', size='scalable')) = 11.335
2026-02-21 13:25:12,709 - matplotlib.font_manager - DEBUG - findfont: score(FontEntry(fname='D:\\软件\\PDF\\acrobat PDF\\Resource\\Font\\AdobeDevanagari-Italic.otf', name='Adobe Devanagari', style='italic', variant='normal', weight=400, stretch='normal', size='scalable')) = 11.335
2026-02-21 13:25:12,709 - matplotlib.font_manager - DEBUG - findfont: score(FontEntry(fname='C:\\Windows\\Fonts\\himalaya.ttf', name='Microsoft Himalaya', style='normal', variant='normal', weight=400, stretch='normal', size='scalable')) = 10.335
2026-02-21 13:25:12,709 - matplotlib.font_manager - DEBUG - findfont: score(FontEntry(fname='C:\\Windows\\Fonts\\HGH6X_CNKI.ttf', name='HGH6X_CNKI', style='normal', variant='normal', weight=400, stretch='normal', size='scalable')) = 10.335
2026-02-21 13:25:12,709 - matplotlib.font_manager - DEBUG - findfont: score(FontEntry(fname='C:\\Windows\\Fonts\\HGHUATI_CNKI.ttf', name='HGHUATI_CNKI', style='normal', variant='normal', weight=400, stretch='normal', size='scalable')) = 10.335
2026-02-21 13:25:12,709 - matplotlib.font_manager - DEBUG - findfont: score(FontEntry(fname='C:\\Windows\\Fonts\\GOTHICI.TTF', name='Century Gothic', style='italic', variant='normal', weight=400, stretch='normal', size='scalable')) = 11.335
2026-02-21 13:25:12,709 - matplotlib.font_manager - DEBUG - findfont: score(FontEntry(fname='C:\\Windows\\Fonts\\HGBS1_CNKI.TTF', name='HGBS1_CNKI', style='normal', variant='normal', weight=400, stretch='normal', size='scalable')) = 10.335
2026-02-21 13:25:12,709 - matplotlib.font_manager - DEBUG - findfont: score(FontEntry(fname='C:\\Windows\\Fonts\\segoeui.ttf', name='Segoe UI', style='normal', variant='normal', weight=400, stretch='normal', size='scalable')) = 10.335
2026-02-21 13:25:12,709 - matplotlib.font_manager - DEBUG - findfont: score(FontEntry(fname='C:\\Windows\\Fonts\\GARAIT.TTF', name='Garamond', style='italic', variant='normal', weight=400, stretch='normal', size='scalable')) = 11.335
2026-02-21 13:25:12,709 - matplotlib.font_manager - DEBUG - findfont: score(FontEntry(fname='C:\\Windows\\Fonts\\seguisym.ttf', name='Segoe UI Symbol', style='normal', variant='normal', weight=400, stretch='normal', size='scalable')) = 10.335
2026-02-21 13:25:12,709 - matplotlib.font_manager - DEBUG - findfont: score(FontEntry(fname='C:\\Windows\\Fonts\\comicz.ttf', name='Comic Sans MS', style='italic', variant='normal', weight=700, stretch='normal', size='scalable')) = 11.05
2026-02-21 13:25:12,709 - matplotlib.font_manager - DEBUG - findfont: score(FontEntry(fname='C:\\Windows\\Fonts\\msjhbd.ttc', name='Microsoft JhengHei', style='normal', variant='normal', weight=700, stretch='normal', size='scalable')) = 10.05
2026-02-21 13:25:12,709 - matplotlib.font_manager - DEBUG - findfont: score(FontEntry(fname='C:\\Windows\\Fonts\\HGSXT_CNKI.ttf', name='HGSXT_CNKI', style='normal', variant='normal', weight=400, stretch='normal', size='scalable')) = 10.335
2026-02-21 13:25:12,709 - matplotlib.font_manager - DEBUG - findfont: score(FontEntry(fname='C:\\Windows\\Fonts\\Candara.ttf', name='Candara', style='normal', variant='normal', weight=400, stretch='normal', size='scalable')) = 10.335
2026-02-21 13:25:12,709 - matplotlib.font_manager - DEBUG - findfont: score(FontEntry(fname='C:\\Windows\\Fonts\\JUICE___.TTF', name='Juice ITC', style='normal', variant='normal', weight=400, stretch='normal', size='scalable')) = 10.335
2026-02-21 13:25:12,709 - matplotlib.font_manager - DEBUG - findfont: score(FontEntry(fname='C:\\Windows\\Fonts\\YuGothM.ttc', name='Yu Gothic', style='normal', variant='normal', weight=500, stretch='normal', size='scalable')) = 10.24
2026-02-21 13:25:12,709 - matplotlib.font_manager - DEBUG - findfont: score(FontEntry(fname='C:\\Windows\\Fonts\\impact.ttf', name='Impact', style='normal', variant='normal', weight=400, stretch='normal', size='scalable')) = 10.335
2026-02-21 13:25:12,709 - matplotlib.font_manager - DEBUG - findfont: score(FontEntry(fname='C:\\Windows\\Fonts\\HGF6X_CNKI.ttf', name='HGF6X_CNKI', style='normal', variant='normal', weight=400, stretch='normal', size='scalable')) = 10.335
2026-02-21 13:25:12,709 - matplotlib.font_manager - DEBUG - findfont: score(FontEntry(fname='C:\\Windows\\Fonts\\HGB5X_CNKI.ttf', name='HGB5X_CNKI', style='normal', variant='normal', weight=400, stretch='normal', size='scalable')) = 10.335
2026-02-21 13:25:12,709 - matplotlib.font_manager - DEBUG - findfont: Matching sans\-serif:style=normal:variant=normal:weight=bold:stretch=normal:size=12.0 to SimHei ('C:\\Windows\\Fonts\\simhei.ttf') with score of 0.335000.
2026-02-21 13:25:15,349 - root - INFO - Best model saved at epoch 1 with validation R2: -0.3527
2026-02-21 13:25:15,349 - root - INFO - Epoch [1/1000], Train Loss: 0.9451, R2: -1.7347, RMSE: 0.9722 | Valid Loss: 0.0878, R2: -0.3527, RMSE: 0.2963
2026-02-21 13:25:15,464 - root - INFO - Best model saved at epoch 2 with validation R2: -0.3467
2026-02-21 13:25:15,464 - root - INFO - Epoch [2/1000], Train Loss: 0.9420, R2: -1.7257, RMSE: 0.9705 | Valid Loss: 0.0874, R2: -0.3467, RMSE: 0.2956
2026-02-21 13:25:15,580 - root - INFO - Best model saved at epoch 3 with validation R2: -0.3381
2026-02-21 13:25:15,580 - root - INFO - Epoch [3/1000], Train Loss: 0.9390, R2: -1.7171, RMSE: 0.9690 | Valid Loss: 0.0868, R2: -0.3381, RMSE: 0.2947
2026-02-21 13:25:15,706 - root - INFO - Best model saved at epoch 4 with validation R2: -0.3344
2026-02-21 13:25:15,706 - root - INFO - Epoch [4/1000], Train Loss: 0.9356, R2: -1.7073, RMSE: 0.9673 | Valid Loss: 0.0866, R2: -0.3344, RMSE: 0.2942
2026-02-21 13:25:15,823 - root - INFO - Best model saved at epoch 5 with validation R2: -0.3287
2026-02-21 13:25:15,823 - root - INFO - Epoch [5/1000], Train Loss: 0.9321, R2: -1.6972, RMSE: 0.9655 | Valid Loss: 0.0862, R2: -0.3287, RMSE: 0.2936
2026-02-21 13:25:15,964 - root - INFO - Best model saved at epoch 6 with validation R2: -0.3176
2026-02-21 13:25:15,964 - root - INFO - Epoch [6/1000], Train Loss: 0.9288, R2: -1.6876, RMSE: 0.9637 | Valid Loss: 0.0855, R2: -0.3176, RMSE: 0.2924
2026-02-21 13:25:16,090 - root - INFO - Best model saved at epoch 7 with validation R2: -0.3122
2026-02-21 13:25:16,090 - root - INFO - Epoch [7/1000], Train Loss: 0.9254, R2: -1.6778, RMSE: 0.9620 | Valid Loss: 0.0851, R2: -0.3122, RMSE: 0.2918
2026-02-21 13:25:16,209 - root - INFO - Best model saved at epoch 8 with validation R2: -0.3109
2026-02-21 13:25:16,209 - root - INFO - Epoch [8/1000], Train Loss: 0.9218, R2: -1.6673, RMSE: 0.9601 | Valid Loss: 0.0851, R2: -0.3109, RMSE: 0.2916
2026-02-21 13:25:16,327 - root - INFO - Best model saved at epoch 9 with validation R2: -0.3018
2026-02-21 13:25:16,328 - root - INFO - Epoch [9/1000], Train Loss: 0.9189, R2: -1.6589, RMSE: 0.9586 | Valid Loss: 0.0845, R2: -0.3018, RMSE: 0.2906
2026-02-21 13:25:16,443 - root - INFO - Best model saved at epoch 10 with validation R2: -0.2931
2026-02-21 13:25:16,443 - root - INFO - Epoch [10/1000], Train Loss: 0.9146, R2: -1.6466, RMSE: 0.9564 | Valid Loss: 0.0839, R2: -0.2931, RMSE: 0.2897
2026-02-21 13:25:16,554 - root - INFO - Best model saved at epoch 11 with validation R2: -0.2843
2026-02-21 13:25:16,555 - root - INFO - Epoch [11/1000], Train Loss: 0.9112, R2: -1.6366, RMSE: 0.9545 | Valid Loss: 0.0833, R2: -0.2843, RMSE: 0.2887
2026-02-21 13:25:16,693 - root - INFO - Best model saved at epoch 12 with validation R2: -0.2778
2026-02-21 13:25:16,695 - root - INFO - Epoch [12/1000], Train Loss: 0.9079, R2: -1.6272, RMSE: 0.9528 | Valid Loss: 0.0829, R2: -0.2778, RMSE: 0.2879
2026-02-21 13:25:16,815 - root - INFO - Best model saved at epoch 13 with validation R2: -0.2716
2026-02-21 13:25:16,815 - root - INFO - Epoch [13/1000], Train Loss: 0.9040, R2: -1.6157, RMSE: 0.9508 | Valid Loss: 0.0825, R2: -0.2716, RMSE: 0.2872
2026-02-21 13:25:16,934 - root - INFO - Best model saved at epoch 14 with validation R2: -0.2626
2026-02-21 13:25:16,934 - root - INFO - Epoch [14/1000], Train Loss: 0.9005, R2: -1.6056, RMSE: 0.9489 | Valid Loss: 0.0819, R2: -0.2626, RMSE: 0.2862
2026-02-21 13:25:17,049 - root - INFO - Best model saved at epoch 15 with validation R2: -0.2580
2026-02-21 13:25:17,049 - root - INFO - Epoch [15/1000], Train Loss: 0.8961, R2: -1.5929, RMSE: 0.9466 | Valid Loss: 0.0816, R2: -0.2580, RMSE: 0.2857
2026-02-21 13:25:17,170 - root - INFO - Best model saved at epoch 16 with validation R2: -0.2483
2026-02-21 13:25:17,170 - root - INFO - Epoch [16/1000], Train Loss: 0.8927, R2: -1.5831, RMSE: 0.9448 | Valid Loss: 0.0810, R2: -0.2483, RMSE: 0.2846
2026-02-21 13:25:17,280 - root - INFO - Best model saved at epoch 17 with validation R2: -0.2452
2026-02-21 13:25:17,280 - root - INFO - Epoch [17/1000], Train Loss: 0.8881, R2: -1.5698, RMSE: 0.9424 | Valid Loss: 0.0808, R2: -0.2452, RMSE: 0.2842
2026-02-21 13:25:17,401 - root - INFO - Best model saved at epoch 18 with validation R2: -0.2353
2026-02-21 13:25:17,401 - root - INFO - Epoch [18/1000], Train Loss: 0.8843, R2: -1.5588, RMSE: 0.9404 | Valid Loss: 0.0802, R2: -0.2353, RMSE: 0.2831
2026-02-21 13:25:17,524 - root - INFO - Best model saved at epoch 19 with validation R2: -0.2277
2026-02-21 13:25:17,525 - root - INFO - Epoch [19/1000], Train Loss: 0.8804, R2: -1.5476, RMSE: 0.9383 | Valid Loss: 0.0797, R2: -0.2277, RMSE: 0.2822
2026-02-21 13:25:17,639 - root - INFO - Best model saved at epoch 20 with validation R2: -0.2193
2026-02-21 13:25:17,639 - root - INFO - Epoch [20/1000], Train Loss: 0.8764, R2: -1.5359, RMSE: 0.9361 | Valid Loss: 0.0791, R2: -0.2193, RMSE: 0.2813
2026-02-21 13:25:17,769 - root - INFO - Best model saved at epoch 21 with validation R2: -0.2124
2026-02-21 13:25:17,769 - root - INFO - Epoch [21/1000], Train Loss: 0.8716, R2: -1.5221, RMSE: 0.9336 | Valid Loss: 0.0787, R2: -0.2124, RMSE: 0.2805
2026-02-21 13:25:17,884 - root - INFO - Best model saved at epoch 22 with validation R2: -0.2035
2026-02-21 13:25:17,884 - root - INFO - Epoch [22/1000], Train Loss: 0.8679, R2: -1.5113, RMSE: 0.9316 | Valid Loss: 0.0781, R2: -0.2035, RMSE: 0.2794
2026-02-21 13:25:18,004 - root - INFO - Best model saved at epoch 23 with validation R2: -0.1976
2026-02-21 13:25:18,004 - root - INFO - Epoch [23/1000], Train Loss: 0.8631, R2: -1.4975, RMSE: 0.9290 | Valid Loss: 0.0777, R2: -0.1976, RMSE: 0.2788
2026-02-21 13:25:18,138 - root - INFO - Best model saved at epoch 24 with validation R2: -0.1898
2026-02-21 13:25:18,139 - root - INFO - Epoch [24/1000], Train Loss: 0.8586, R2: -1.4845, RMSE: 0.9266 | Valid Loss: 0.0772, R2: -0.1898, RMSE: 0.2778
2026-02-21 13:25:18,256 - root - INFO - Best model saved at epoch 25 with validation R2: -0.1823
2026-02-21 13:25:18,256 - root - INFO - Epoch [25/1000], Train Loss: 0.8547, R2: -1.4731, RMSE: 0.9245 | Valid Loss: 0.0767, R2: -0.1823, RMSE: 0.2770
2026-02-21 13:25:18,376 - root - INFO - Best model saved at epoch 26 with validation R2: -0.1732
2026-02-21 13:25:18,377 - root - INFO - Epoch [26/1000], Train Loss: 0.8500, R2: -1.4597, RMSE: 0.9220 | Valid Loss: 0.0761, R2: -0.1732, RMSE: 0.2759
2026-02-21 13:25:18,495 - root - INFO - Best model saved at epoch 27 with validation R2: -0.1645
2026-02-21 13:25:18,495 - root - INFO - Epoch [27/1000], Train Loss: 0.8455, R2: -1.4465, RMSE: 0.9195 | Valid Loss: 0.0756, R2: -0.1645, RMSE: 0.2749
2026-02-21 13:25:18,618 - root - INFO - Best model saved at epoch 28 with validation R2: -0.1565
2026-02-21 13:25:18,618 - root - INFO - Epoch [28/1000], Train Loss: 0.8408, R2: -1.4330, RMSE: 0.9170 | Valid Loss: 0.0750, R2: -0.1565, RMSE: 0.2739
2026-02-21 13:25:18,746 - root - INFO - Best model saved at epoch 29 with validation R2: -0.1501
2026-02-21 13:25:18,746 - root - INFO - Epoch [29/1000], Train Loss: 0.8361, R2: -1.4194, RMSE: 0.9144 | Valid Loss: 0.0746, R2: -0.1501, RMSE: 0.2732
2026-02-21 13:25:18,888 - root - INFO - Best model saved at epoch 30 with validation R2: -0.1395
2026-02-21 13:25:18,888 - root - INFO - Epoch [30/1000], Train Loss: 0.8313, R2: -1.4056, RMSE: 0.9118 | Valid Loss: 0.0739, R2: -0.1395, RMSE: 0.2719
2026-02-21 13:25:19,010 - root - INFO - Best model saved at epoch 31 with validation R2: -0.1341
2026-02-21 13:25:19,010 - root - INFO - Epoch [31/1000], Train Loss: 0.8260, R2: -1.3901, RMSE: 0.9088 | Valid Loss: 0.0736, R2: -0.1341, RMSE: 0.2713
2026-02-21 13:25:19,136 - root - INFO - Best model saved at epoch 32 with validation R2: -0.1264
2026-02-21 13:25:19,136 - root - INFO - Epoch [32/1000], Train Loss: 0.8215, R2: -1.3771, RMSE: 0.9064 | Valid Loss: 0.0731, R2: -0.1264, RMSE: 0.2703
2026-02-21 13:25:19,257 - root - INFO - Best model saved at epoch 33 with validation R2: -0.1138
2026-02-21 13:25:19,257 - root - INFO - Epoch [33/1000], Train Loss: 0.8161, R2: -1.3614, RMSE: 0.9034 | Valid Loss: 0.0723, R2: -0.1138, RMSE: 0.2688
2026-02-21 13:25:19,380 - root - INFO - Best model saved at epoch 34 with validation R2: -0.1088
2026-02-21 13:25:19,380 - root - INFO - Epoch [34/1000], Train Loss: 0.8112, R2: -1.3472, RMSE: 0.9006 | Valid Loss: 0.0719, R2: -0.1088, RMSE: 0.2682
2026-02-21 13:25:19,511 - root - INFO - Best model saved at epoch 35 with validation R2: -0.1023
2026-02-21 13:25:19,511 - root - INFO - Epoch [35/1000], Train Loss: 0.8063, R2: -1.3332, RMSE: 0.8980 | Valid Loss: 0.0715, R2: -0.1023, RMSE: 0.2674
2026-02-21 13:25:19,631 - root - INFO - Best model saved at epoch 36 with validation R2: -0.0916
2026-02-21 13:25:19,631 - root - INFO - Epoch [36/1000], Train Loss: 0.8014, R2: -1.3189, RMSE: 0.8952 | Valid Loss: 0.0708, R2: -0.0916, RMSE: 0.2661
2026-02-21 13:25:19,759 - root - INFO - Best model saved at epoch 37 with validation R2: -0.0836
2026-02-21 13:25:19,759 - root - INFO - Epoch [37/1000], Train Loss: 0.7961, R2: -1.3037, RMSE: 0.8923 | Valid Loss: 0.0703, R2: -0.0836, RMSE: 0.2652
2026-02-21 13:25:19,883 - root - INFO - Best model saved at epoch 38 with validation R2: -0.0771
2026-02-21 13:25:19,884 - root - INFO - Epoch [38/1000], Train Loss: 0.7911, R2: -1.2892, RMSE: 0.8894 | Valid Loss: 0.0699, R2: -0.0771, RMSE: 0.2644
2026-02-21 13:25:20,007 - root - INFO - Best model saved at epoch 39 with validation R2: -0.0669
2026-02-21 13:25:20,007 - root - INFO - Epoch [39/1000], Train Loss: 0.7855, R2: -1.2731, RMSE: 0.8863 | Valid Loss: 0.0692, R2: -0.0669, RMSE: 0.2631
2026-02-21 13:25:20,147 - root - INFO - Best model saved at epoch 40 with validation R2: -0.0610
2026-02-21 13:25:20,147 - root - INFO - Epoch [40/1000], Train Loss: 0.7799, R2: -1.2567, RMSE: 0.8831 | Valid Loss: 0.0688, R2: -0.0610, RMSE: 0.2624
2026-02-21 13:25:20,274 - root - INFO - Best model saved at epoch 41 with validation R2: -0.0504
2026-02-21 13:25:20,274 - root - INFO - Epoch [41/1000], Train Loss: 0.7748, R2: -1.2421, RMSE: 0.8802 | Valid Loss: 0.0682, R2: -0.0504, RMSE: 0.2611
2026-02-21 13:25:20,398 - root - INFO - Best model saved at epoch 42 with validation R2: -0.0430
2026-02-21 13:25:20,399 - root - INFO - Epoch [42/1000], Train Loss: 0.7698, R2: -1.2277, RMSE: 0.8774 | Valid Loss: 0.0677, R2: -0.0430, RMSE: 0.2601
2026-02-21 13:25:20,525 - root - INFO - Best model saved at epoch 43 with validation R2: -0.0325
2026-02-21 13:25:20,526 - root - INFO - Epoch [43/1000], Train Loss: 0.7638, R2: -1.2102, RMSE: 0.8740 | Valid Loss: 0.0670, R2: -0.0325, RMSE: 0.2588
2026-02-21 13:25:20,656 - root - INFO - Best model saved at epoch 44 with validation R2: -0.0282
2026-02-21 13:25:20,658 - root - INFO - Epoch [44/1000], Train Loss: 0.7588, R2: -1.1956, RMSE: 0.8711 | Valid Loss: 0.0667, R2: -0.0282, RMSE: 0.2583
2026-02-21 13:25:20,775 - root - INFO - Best model saved at epoch 45 with validation R2: -0.0201
2026-02-21 13:25:20,775 - root - INFO - Epoch [45/1000], Train Loss: 0.7531, R2: -1.1792, RMSE: 0.8678 | Valid Loss: 0.0662, R2: -0.0201, RMSE: 0.2573
2026-02-21 13:25:20,895 - root - INFO - Best model saved at epoch 46 with validation R2: -0.0112
2026-02-21 13:25:20,895 - root - INFO - Epoch [46/1000], Train Loss: 0.7466, R2: -1.1603, RMSE: 0.8640 | Valid Loss: 0.0656, R2: -0.0112, RMSE: 0.2562
2026-02-21 13:25:21,026 - root - INFO - Best model saved at epoch 47 with validation R2: -0.0032
2026-02-21 13:25:21,026 - root - INFO - Epoch [47/1000], Train Loss: 0.7417, R2: -1.1463, RMSE: 0.8612 | Valid Loss: 0.0651, R2: -0.0032, RMSE: 0.2551
2026-02-21 13:25:21,155 - root - INFO - Best model saved at epoch 48 with validation R2: 0.0026
2026-02-21 13:25:21,155 - root - INFO - Epoch [48/1000], Train Loss: 0.7360, R2: -1.1297, RMSE: 0.8579 | Valid Loss: 0.0647, R2: 0.0026, RMSE: 0.2544
2026-02-21 13:25:21,279 - root - INFO - Best model saved at epoch 49 with validation R2: 0.0080
2026-02-21 13:25:21,280 - root - INFO - Epoch [49/1000], Train Loss: 0.7302, R2: -1.1129, RMSE: 0.8545 | Valid Loss: 0.0644, R2: 0.0080, RMSE: 0.2537
2026-02-21 13:25:21,412 - root - INFO - Best model saved at epoch 50 with validation R2: 0.0205
2026-02-21 13:25:21,412 - root - INFO - Epoch [50/1000], Train Loss: 0.7243, R2: -1.0959, RMSE: 0.8511 | Valid Loss: 0.0636, R2: 0.0205, RMSE: 0.2521
2026-02-21 13:25:21,542 - root - INFO - Best model saved at epoch 51 with validation R2: 0.0272
2026-02-21 13:25:21,542 - root - INFO - Epoch [51/1000], Train Loss: 0.7189, R2: -1.0803, RMSE: 0.8479 | Valid Loss: 0.0631, R2: 0.0272, RMSE: 0.2512
2026-02-21 13:25:21,680 - root - INFO - Best model saved at epoch 52 with validation R2: 0.0410
2026-02-21 13:25:21,682 - root - INFO - Epoch [52/1000], Train Loss: 0.7130, R2: -1.0633, RMSE: 0.8444 | Valid Loss: 0.0622, R2: 0.0410, RMSE: 0.2495
2026-02-21 13:25:21,811 - root - INFO - Best model saved at epoch 53 with validation R2: 0.0442
2026-02-21 13:25:21,811 - root - INFO - Epoch [53/1000], Train Loss: 0.7071, R2: -1.0460, RMSE: 0.8409 | Valid Loss: 0.0620, R2: 0.0442, RMSE: 0.2490
2026-02-21 13:25:21,934 - root - INFO - Best model saved at epoch 54 with validation R2: 0.0552
2026-02-21 13:25:21,934 - root - INFO - Epoch [54/1000], Train Loss: 0.7013, R2: -1.0293, RMSE: 0.8374 | Valid Loss: 0.0613, R2: 0.0552, RMSE: 0.2476
2026-02-21 13:25:22,062 - root - INFO - Best model saved at epoch 55 with validation R2: 0.0596
2026-02-21 13:25:22,062 - root - INFO - Epoch [55/1000], Train Loss: 0.6951, R2: -1.0113, RMSE: 0.8337 | Valid Loss: 0.0610, R2: 0.0596, RMSE: 0.2470
2026-02-21 13:25:22,181 - root - INFO - Best model saved at epoch 56 with validation R2: 0.0682
2026-02-21 13:25:22,182 - root - INFO - Epoch [56/1000], Train Loss: 0.6888, R2: -0.9930, RMSE: 0.8299 | Valid Loss: 0.0605, R2: 0.0682, RMSE: 0.2459
2026-02-21 13:25:22,287 - root - INFO - Best model saved at epoch 57 with validation R2: 0.0747
2026-02-21 13:25:22,287 - root - INFO - Epoch [57/1000], Train Loss: 0.6817, R2: -0.9726, RMSE: 0.8257 | Valid Loss: 0.0600, R2: 0.0747, RMSE: 0.2450
2026-02-21 13:25:22,397 - root - INFO - Best model saved at epoch 58 with validation R2: 0.0878
2026-02-21 13:25:22,397 - root - INFO - Epoch [58/1000], Train Loss: 0.6763, R2: -0.9569, RMSE: 0.8224 | Valid Loss: 0.0592, R2: 0.0878, RMSE: 0.2433
2026-02-21 13:25:22,521 - root - INFO - Best model saved at epoch 59 with validation R2: 0.0957
2026-02-21 13:25:22,522 - root - INFO - Epoch [59/1000], Train Loss: 0.6698, R2: -0.9383, RMSE: 0.8184 | Valid Loss: 0.0587, R2: 0.0957, RMSE: 0.2422
2026-02-21 13:25:22,642 - root - INFO - Best model saved at epoch 60 with validation R2: 0.1008
2026-02-21 13:25:22,643 - root - INFO - Epoch [60/1000], Train Loss: 0.6629, R2: -0.9181, RMSE: 0.8142 | Valid Loss: 0.0583, R2: 0.1008, RMSE: 0.2415
2026-02-21 13:25:22,757 - root - INFO - Best model saved at epoch 61 with validation R2: 0.1087
2026-02-21 13:25:22,757 - root - INFO - Epoch [61/1000], Train Loss: 0.6567, R2: -0.9003, RMSE: 0.8104 | Valid Loss: 0.0578, R2: 0.1087, RMSE: 0.2405
2026-02-21 13:25:22,879 - root - INFO - Best model saved at epoch 62 with validation R2: 0.1145
2026-02-21 13:25:22,879 - root - INFO - Epoch [62/1000], Train Loss: 0.6508, R2: -0.8833, RMSE: 0.8067 | Valid Loss: 0.0575, R2: 0.1145, RMSE: 0.2397
2026-02-21 13:25:22,994 - root - INFO - Best model saved at epoch 63 with validation R2: 0.1251
2026-02-21 13:25:22,994 - root - INFO - Epoch [63/1000], Train Loss: 0.6436, R2: -0.8625, RMSE: 0.8023 | Valid Loss: 0.0568, R2: 0.1251, RMSE: 0.2383
2026-02-21 13:25:23,122 - root - INFO - Best model saved at epoch 64 with validation R2: 0.1342
2026-02-21 13:25:23,123 - root - INFO - Epoch [64/1000], Train Loss: 0.6376, R2: -0.8450, RMSE: 0.7985 | Valid Loss: 0.0562, R2: 0.1342, RMSE: 0.2370
2026-02-21 13:25:23,238 - root - INFO - Best model saved at epoch 65 with validation R2: 0.1419
2026-02-21 13:25:23,238 - root - INFO - Epoch [65/1000], Train Loss: 0.6309, R2: -0.8257, RMSE: 0.7943 | Valid Loss: 0.0557, R2: 0.1419, RMSE: 0.2360
2026-02-21 13:25:23,360 - root - INFO - Best model saved at epoch 66 with validation R2: 0.1514
2026-02-21 13:25:23,360 - root - INFO - Epoch [66/1000], Train Loss: 0.6234, R2: -0.8038, RMSE: 0.7895 | Valid Loss: 0.0551, R2: 0.1514, RMSE: 0.2346
2026-02-21 13:25:23,486 - root - INFO - Best model saved at epoch 67 with validation R2: 0.1538
2026-02-21 13:25:23,486 - root - INFO - Epoch [67/1000], Train Loss: 0.6164, R2: -0.7837, RMSE: 0.7851 | Valid Loss: 0.0549, R2: 0.1538, RMSE: 0.2343
2026-02-21 13:25:23,605 - root - INFO - Best model saved at epoch 68 with validation R2: 0.1661
2026-02-21 13:25:23,606 - root - INFO - Epoch [68/1000], Train Loss: 0.6101, R2: -0.7653, RMSE: 0.7811 | Valid Loss: 0.0541, R2: 0.1661, RMSE: 0.2326
2026-02-21 13:25:23,728 - root - INFO - Best model saved at epoch 69 with validation R2: 0.1730
2026-02-21 13:25:23,728 - root - INFO - Epoch [69/1000], Train Loss: 0.6025, R2: -0.7435, RMSE: 0.7762 | Valid Loss: 0.0537, R2: 0.1730, RMSE: 0.2316
2026-02-21 13:25:23,845 - root - INFO - Best model saved at epoch 70 with validation R2: 0.1781
2026-02-21 13:25:23,845 - root - INFO - Epoch [70/1000], Train Loss: 0.5951, R2: -0.7221, RMSE: 0.7715 | Valid Loss: 0.0533, R2: 0.1781, RMSE: 0.2309
2026-02-21 13:25:23,961 - root - INFO - Best model saved at epoch 71 with validation R2: 0.1880
2026-02-21 13:25:23,962 - root - INFO - Epoch [71/1000], Train Loss: 0.5884, R2: -0.7025, RMSE: 0.7670 | Valid Loss: 0.0527, R2: 0.1880, RMSE: 0.2295
2026-02-21 13:25:24,085 - root - INFO - Best model saved at epoch 72 with validation R2: 0.1981
2026-02-21 13:25:24,085 - root - INFO - Epoch [72/1000], Train Loss: 0.5796, R2: -0.6771, RMSE: 0.7613 | Valid Loss: 0.0520, R2: 0.1981, RMSE: 0.2281
2026-02-21 13:25:24,206 - root - INFO - Best model saved at epoch 73 with validation R2: 0.2041
2026-02-21 13:25:24,206 - root - INFO - Epoch [73/1000], Train Loss: 0.5730, R2: -0.6580, RMSE: 0.7570 | Valid Loss: 0.0516, R2: 0.2041, RMSE: 0.2273
2026-02-21 13:25:24,329 - root - INFO - Best model saved at epoch 74 with validation R2: 0.2138
2026-02-21 13:25:24,330 - root - INFO - Epoch [74/1000], Train Loss: 0.5654, R2: -0.6361, RMSE: 0.7519 | Valid Loss: 0.0510, R2: 0.2138, RMSE: 0.2259
2026-02-21 13:25:24,450 - root - INFO - Best model saved at epoch 75 with validation R2: 0.2191
2026-02-21 13:25:24,450 - root - INFO - Epoch [75/1000], Train Loss: 0.5578, R2: -0.6141, RMSE: 0.7469 | Valid Loss: 0.0507, R2: 0.2191, RMSE: 0.2251
2026-02-21 13:25:24,570 - root - INFO - Best model saved at epoch 76 with validation R2: 0.2306
2026-02-21 13:25:24,570 - root - INFO - Epoch [76/1000], Train Loss: 0.5488, R2: -0.5880, RMSE: 0.7408 | Valid Loss: 0.0499, R2: 0.2306, RMSE: 0.2234
2026-02-21 13:25:24,691 - root - INFO - Best model saved at epoch 77 with validation R2: 0.2353
2026-02-21 13:25:24,691 - root - INFO - Epoch [77/1000], Train Loss: 0.5410, R2: -0.5656, RMSE: 0.7356 | Valid Loss: 0.0496, R2: 0.2353, RMSE: 0.2228
2026-02-21 13:25:24,809 - root - INFO - Best model saved at epoch 78 with validation R2: 0.2433
2026-02-21 13:25:24,810 - root - INFO - Epoch [78/1000], Train Loss: 0.5329, R2: -0.5419, RMSE: 0.7300 | Valid Loss: 0.0491, R2: 0.2433, RMSE: 0.2216
2026-02-21 13:25:24,926 - root - INFO - Best model saved at epoch 79 with validation R2: 0.2534
2026-02-21 13:25:24,926 - root - INFO - Epoch [79/1000], Train Loss: 0.5239, R2: -0.5160, RMSE: 0.7238 | Valid Loss: 0.0484, R2: 0.2534, RMSE: 0.2201
2026-02-21 13:25:25,050 - root - INFO - Best model saved at epoch 80 with validation R2: 0.2607
2026-02-21 13:25:25,050 - root - INFO - Epoch [80/1000], Train Loss: 0.5153, R2: -0.4912, RMSE: 0.7179 | Valid Loss: 0.0480, R2: 0.2607, RMSE: 0.2190
2026-02-21 13:25:25,170 - root - INFO - Best model saved at epoch 81 with validation R2: 0.2680
2026-02-21 13:25:25,171 - root - INFO - Epoch [81/1000], Train Loss: 0.5066, R2: -0.4658, RMSE: 0.7117 | Valid Loss: 0.0475, R2: 0.2680, RMSE: 0.2179
2026-02-21 13:25:25,283 - root - INFO - Best model saved at epoch 82 with validation R2: 0.2771
2026-02-21 13:25:25,283 - root - INFO - Epoch [82/1000], Train Loss: 0.4977, R2: -0.4401, RMSE: 0.7055 | Valid Loss: 0.0469, R2: 0.2771, RMSE: 0.2166
2026-02-21 13:25:25,406 - root - INFO - Best model saved at epoch 83 with validation R2: 0.2804
2026-02-21 13:25:25,406 - root - INFO - Epoch [83/1000], Train Loss: 0.4899, R2: -0.4177, RMSE: 0.7000 | Valid Loss: 0.0467, R2: 0.2804, RMSE: 0.2161
2026-02-21 13:25:25,556 - root - INFO - Best model saved at epoch 84 with validation R2: 0.2879
2026-02-21 13:25:25,556 - root - INFO - Epoch [84/1000], Train Loss: 0.4809, R2: -0.3914, RMSE: 0.6934 | Valid Loss: 0.0462, R2: 0.2879, RMSE: 0.2149
2026-02-21 13:25:25,679 - root - INFO - Best model saved at epoch 85 with validation R2: 0.2973
2026-02-21 13:25:25,679 - root - INFO - Epoch [85/1000], Train Loss: 0.4708, R2: -0.3622, RMSE: 0.6861 | Valid Loss: 0.0456, R2: 0.2973, RMSE: 0.2135
2026-02-21 13:25:25,796 - root - INFO - Best model saved at epoch 86 with validation R2: 0.3063
2026-02-21 13:25:25,796 - root - INFO - Epoch [86/1000], Train Loss: 0.4615, R2: -0.3356, RMSE: 0.6794 | Valid Loss: 0.0450, R2: 0.3063, RMSE: 0.2122
2026-02-21 13:25:25,909 - root - INFO - Best model saved at epoch 87 with validation R2: 0.3160
2026-02-21 13:25:25,909 - root - INFO - Epoch [87/1000], Train Loss: 0.4530, R2: -0.3108, RMSE: 0.6730 | Valid Loss: 0.0444, R2: 0.3160, RMSE: 0.2107
2026-02-21 13:25:26,036 - root - INFO - Best model saved at epoch 88 with validation R2: 0.3211
2026-02-21 13:25:26,037 - root - INFO - Epoch [88/1000], Train Loss: 0.4434, R2: -0.2831, RMSE: 0.6659 | Valid Loss: 0.0441, R2: 0.3211, RMSE: 0.2099
2026-02-21 13:25:26,160 - root - INFO - Best model saved at epoch 89 with validation R2: 0.3294
2026-02-21 13:25:26,160 - root - INFO - Epoch [89/1000], Train Loss: 0.4342, R2: -0.2563, RMSE: 0.6589 | Valid Loss: 0.0435, R2: 0.3294, RMSE: 0.2086
2026-02-21 13:25:26,284 - root - INFO - Best model saved at epoch 90 with validation R2: 0.3336
2026-02-21 13:25:26,284 - root - INFO - Epoch [90/1000], Train Loss: 0.4240, R2: -0.2268, RMSE: 0.6511 | Valid Loss: 0.0432, R2: 0.3336, RMSE: 0.2079
2026-02-21 13:25:26,416 - root - INFO - Best model saved at epoch 91 with validation R2: 0.3478
2026-02-21 13:25:26,416 - root - INFO - Epoch [91/1000], Train Loss: 0.4142, R2: -0.1985, RMSE: 0.6436 | Valid Loss: 0.0423, R2: 0.3478, RMSE: 0.2057
2026-02-21 13:25:26,538 - root - INFO - Best model saved at epoch 92 with validation R2: 0.3519
2026-02-21 13:25:26,538 - root - INFO - Epoch [92/1000], Train Loss: 0.4035, R2: -0.1676, RMSE: 0.6352 | Valid Loss: 0.0420, R2: 0.3519, RMSE: 0.2051
2026-02-21 13:25:26,661 - root - INFO - Best model saved at epoch 93 with validation R2: 0.3542
2026-02-21 13:25:26,663 - root - INFO - Epoch [93/1000], Train Loss: 0.3946, R2: -0.1419, RMSE: 0.6282 | Valid Loss: 0.0419, R2: 0.3542, RMSE: 0.2047
2026-02-21 13:25:26,765 - root - INFO - Best model saved at epoch 94 with validation R2: 0.3679
2026-02-21 13:25:26,766 - root - INFO - Epoch [94/1000], Train Loss: 0.3842, R2: -0.1119, RMSE: 0.6199 | Valid Loss: 0.0410, R2: 0.3679, RMSE: 0.2025
2026-02-21 13:25:26,891 - root - INFO - Best model saved at epoch 95 with validation R2: 0.3741
2026-02-21 13:25:26,891 - root - INFO - Epoch [95/1000], Train Loss: 0.3744, R2: -0.0833, RMSE: 0.6118 | Valid Loss: 0.0406, R2: 0.3741, RMSE: 0.2015
2026-02-21 13:25:27,008 - root - INFO - Best model saved at epoch 96 with validation R2: 0.3811
2026-02-21 13:25:27,008 - root - INFO - Epoch [96/1000], Train Loss: 0.3640, R2: -0.0534, RMSE: 0.6034 | Valid Loss: 0.0402, R2: 0.3811, RMSE: 0.2004
2026-02-21 13:25:27,126 - root - INFO - Best model saved at epoch 97 with validation R2: 0.3839
2026-02-21 13:25:27,126 - root - INFO - Epoch [97/1000], Train Loss: 0.3544, R2: -0.0254, RMSE: 0.5953 | Valid Loss: 0.0400, R2: 0.3839, RMSE: 0.1999
2026-02-21 13:25:27,250 - root - INFO - Best model saved at epoch 98 with validation R2: 0.3947
2026-02-21 13:25:27,250 - root - INFO - Epoch [98/1000], Train Loss: 0.3448, R2: 0.0022, RMSE: 0.5872 | Valid Loss: 0.0393, R2: 0.3947, RMSE: 0.1982
2026-02-21 13:25:27,375 - root - INFO - Best model saved at epoch 99 with validation R2: 0.3988
2026-02-21 13:25:27,375 - root - INFO - Epoch [99/1000], Train Loss: 0.3346, R2: 0.0318, RMSE: 0.5784 | Valid Loss: 0.0390, R2: 0.3988, RMSE: 0.1975
2026-02-21 13:25:27,499 - root - INFO - Best model saved at epoch 100 with validation R2: 0.4076
2026-02-21 13:25:27,499 - root - INFO - Epoch [100/1000], Train Loss: 0.3238, R2: 0.0631, RMSE: 0.5690 | Valid Loss: 0.0384, R2: 0.4076, RMSE: 0.1961
2026-02-21 13:25:27,614 - root - INFO - Best model saved at epoch 101 with validation R2: 0.4112
2026-02-21 13:25:27,614 - root - INFO - Epoch [101/1000], Train Loss: 0.3133, R2: 0.0934, RMSE: 0.5597 | Valid Loss: 0.0382, R2: 0.4112, RMSE: 0.1955
2026-02-21 13:25:27,730 - root - INFO - Best model saved at epoch 102 with validation R2: 0.4123
2026-02-21 13:25:27,730 - root - INFO - Epoch [102/1000], Train Loss: 0.3043, R2: 0.1195, RMSE: 0.5516 | Valid Loss: 0.0381, R2: 0.4123, RMSE: 0.1953
2026-02-21 13:25:27,858 - root - INFO - Best model saved at epoch 103 with validation R2: 0.4157
2026-02-21 13:25:27,859 - root - INFO - Epoch [103/1000], Train Loss: 0.2944, R2: 0.1480, RMSE: 0.5426 | Valid Loss: 0.0379, R2: 0.4157, RMSE: 0.1947
2026-02-21 13:25:27,981 - root - INFO - Best model saved at epoch 104 with validation R2: 0.4258
2026-02-21 13:25:27,982 - root - INFO - Epoch [104/1000], Train Loss: 0.2842, R2: 0.1775, RMSE: 0.5331 | Valid Loss: 0.0373, R2: 0.4258, RMSE: 0.1930
2026-02-21 13:25:28,106 - root - INFO - Best model saved at epoch 105 with validation R2: 0.4268
2026-02-21 13:25:28,106 - root - INFO - Epoch [105/1000], Train Loss: 0.2743, R2: 0.2064, RMSE: 0.5237 | Valid Loss: 0.0372, R2: 0.4268, RMSE: 0.1928
2026-02-21 13:25:28,226 - root - INFO - Best model saved at epoch 106 with validation R2: 0.4353
2026-02-21 13:25:28,226 - root - INFO - Epoch [106/1000], Train Loss: 0.2655, R2: 0.2318, RMSE: 0.5153 | Valid Loss: 0.0366, R2: 0.4353, RMSE: 0.1914
2026-02-21 13:25:28,361 - root - INFO - Epoch [107/1000], Train Loss: 0.2553, R2: 0.2612, RMSE: 0.5053 | Valid Loss: 0.0368, R2: 0.4333, RMSE: 0.1917
2026-02-21 13:25:28,476 - root - INFO - Best model saved at epoch 108 with validation R2: 0.4355
2026-02-21 13:25:28,477 - root - INFO - Epoch [108/1000], Train Loss: 0.2467, R2: 0.2861, RMSE: 0.4967 | Valid Loss: 0.0366, R2: 0.4355, RMSE: 0.1914
2026-02-21 13:25:28,593 - root - INFO - Best model saved at epoch 109 with validation R2: 0.4421
2026-02-21 13:25:28,593 - root - INFO - Epoch [109/1000], Train Loss: 0.2365, R2: 0.3157, RMSE: 0.4863 | Valid Loss: 0.0362, R2: 0.4421, RMSE: 0.1903
2026-02-21 13:25:28,719 - root - INFO - Best model saved at epoch 110 with validation R2: 0.4437
2026-02-21 13:25:28,720 - root - INFO - Epoch [110/1000], Train Loss: 0.2288, R2: 0.3379, RMSE: 0.4783 | Valid Loss: 0.0361, R2: 0.4437, RMSE: 0.1900
2026-02-21 13:25:28,836 - root - INFO - Best model saved at epoch 111 with validation R2: 0.4455
2026-02-21 13:25:28,837 - root - INFO - Epoch [111/1000], Train Loss: 0.2190, R2: 0.3663, RMSE: 0.4680 | Valid Loss: 0.0360, R2: 0.4455, RMSE: 0.1897
2026-02-21 13:25:28,954 - root - INFO - Best model saved at epoch 112 with validation R2: 0.4505
2026-02-21 13:25:28,955 - root - INFO - Epoch [112/1000], Train Loss: 0.2109, R2: 0.3897, RMSE: 0.4593 | Valid Loss: 0.0357, R2: 0.4505, RMSE: 0.1888
2026-02-21 13:25:29,084 - root - INFO - Epoch [113/1000], Train Loss: 0.2018, R2: 0.4162, RMSE: 0.4492 | Valid Loss: 0.0359, R2: 0.4463, RMSE: 0.1895
2026-02-21 13:25:29,202 - root - INFO - Epoch [114/1000], Train Loss: 0.1949, R2: 0.4360, RMSE: 0.4415 | Valid Loss: 0.0358, R2: 0.4477, RMSE: 0.1893
2026-02-21 13:25:29,311 - root - INFO - Epoch [115/1000], Train Loss: 0.1848, R2: 0.4653, RMSE: 0.4299 | Valid Loss: 0.0357, R2: 0.4498, RMSE: 0.1889
2026-02-21 13:25:29,427 - root - INFO - Best model saved at epoch 116 with validation R2: 0.4524
2026-02-21 13:25:29,427 - root - INFO - Epoch [116/1000], Train Loss: 0.1793, R2: 0.4811, RMSE: 0.4235 | Valid Loss: 0.0355, R2: 0.4524, RMSE: 0.1885
2026-02-21 13:25:29,539 - root - INFO - Epoch [117/1000], Train Loss: 0.1725, R2: 0.5007, RMSE: 0.4154 | Valid Loss: 0.0355, R2: 0.4521, RMSE: 0.1885
2026-02-21 13:25:29,651 - root - INFO - Epoch [118/1000], Train Loss: 0.1638, R2: 0.5259, RMSE: 0.4048 | Valid Loss: 0.0358, R2: 0.4482, RMSE: 0.1892
2026-02-21 13:25:29,760 - root - INFO - Epoch [119/1000], Train Loss: 0.1569, R2: 0.5461, RMSE: 0.3961 | Valid Loss: 0.0358, R2: 0.4484, RMSE: 0.1892
2026-02-21 13:25:29,871 - root - INFO - Epoch [120/1000], Train Loss: 0.1506, R2: 0.5642, RMSE: 0.3881 | Valid Loss: 0.0357, R2: 0.4496, RMSE: 0.1890
2026-02-21 13:25:29,978 - root - INFO - Epoch [121/1000], Train Loss: 0.1433, R2: 0.5852, RMSE: 0.3786 | Valid Loss: 0.0357, R2: 0.4491, RMSE: 0.1891
2026-02-21 13:25:30,087 - root - INFO - Epoch [122/1000], Train Loss: 0.1384, R2: 0.5995, RMSE: 0.3720 | Valid Loss: 0.0356, R2: 0.4521, RMSE: 0.1886
2026-02-21 13:25:30,207 - root - INFO - Epoch [123/1000], Train Loss: 0.1324, R2: 0.6168, RMSE: 0.3639 | Valid Loss: 0.0360, R2: 0.4452, RMSE: 0.1897
2026-02-21 13:25:30,321 - root - INFO - Epoch [124/1000], Train Loss: 0.1272, R2: 0.6320, RMSE: 0.3566 | Valid Loss: 0.0363, R2: 0.4404, RMSE: 0.1906
2026-02-21 13:25:30,436 - root - INFO - Epoch [125/1000], Train Loss: 0.1209, R2: 0.6501, RMSE: 0.3478 | Valid Loss: 0.0360, R2: 0.4450, RMSE: 0.1898
2026-02-21 13:25:30,548 - root - INFO - Epoch [126/1000], Train Loss: 0.1164, R2: 0.6632, RMSE: 0.3412 | Valid Loss: 0.0365, R2: 0.4380, RMSE: 0.1910
2026-02-21 13:25:30,658 - root - INFO - Epoch [127/1000], Train Loss: 0.1121, R2: 0.6757, RMSE: 0.3347 | Valid Loss: 0.0359, R2: 0.4467, RMSE: 0.1895
2026-02-21 13:25:30,767 - root - INFO - Epoch [128/1000], Train Loss: 0.1076, R2: 0.6885, RMSE: 0.3281 | Valid Loss: 0.0366, R2: 0.4352, RMSE: 0.1914
2026-02-21 13:25:30,880 - root - INFO - Epoch [129/1000], Train Loss: 0.1018, R2: 0.7053, RMSE: 0.3191 | Valid Loss: 0.0365, R2: 0.4377, RMSE: 0.1910
2026-02-21 13:25:30,989 - root - INFO - Epoch [130/1000], Train Loss: 0.0984, R2: 0.7154, RMSE: 0.3136 | Valid Loss: 0.0365, R2: 0.4370, RMSE: 0.1911
2026-02-21 13:25:31,115 - root - INFO - Epoch [131/1000], Train Loss: 0.0948, R2: 0.7256, RMSE: 0.3079 | Valid Loss: 0.0369, R2: 0.4315, RMSE: 0.1921
2026-02-21 13:25:31,227 - root - INFO - Epoch [132/1000], Train Loss: 0.0904, R2: 0.7384, RMSE: 0.3007 | Valid Loss: 0.0367, R2: 0.4347, RMSE: 0.1915
2026-02-21 13:25:31,346 - root - INFO - Epoch [133/1000], Train Loss: 0.0875, R2: 0.7469, RMSE: 0.2958 | Valid Loss: 0.0369, R2: 0.4310, RMSE: 0.1921
2026-02-21 13:25:31,458 - root - INFO - Epoch [134/1000], Train Loss: 0.0849, R2: 0.7544, RMSE: 0.2914 | Valid Loss: 0.0369, R2: 0.4314, RMSE: 0.1921
2026-02-21 13:25:31,569 - root - INFO - Epoch [135/1000], Train Loss: 0.0828, R2: 0.7605, RMSE: 0.2877 | Valid Loss: 0.0370, R2: 0.4305, RMSE: 0.1922
2026-02-21 13:25:31,678 - root - INFO - Epoch [136/1000], Train Loss: 0.0802, R2: 0.7678, RMSE: 0.2832 | Valid Loss: 0.0371, R2: 0.4289, RMSE: 0.1925
2026-02-21 13:25:31,788 - root - INFO - Epoch [137/1000], Train Loss: 0.0767, R2: 0.7781, RMSE: 0.2769 | Valid Loss: 0.0368, R2: 0.4323, RMSE: 0.1919
2026-02-21 13:25:31,908 - root - INFO - Epoch [138/1000], Train Loss: 0.0755, R2: 0.7816, RMSE: 0.2747 | Valid Loss: 0.0369, R2: 0.4306, RMSE: 0.1922
2026-02-21 13:25:32,023 - root - INFO - Epoch [139/1000], Train Loss: 0.0722, R2: 0.7911, RMSE: 0.2687 | Valid Loss: 0.0376, R2: 0.4205, RMSE: 0.1939
2026-02-21 13:25:32,127 - root - INFO - Epoch [140/1000], Train Loss: 0.0703, R2: 0.7964, RMSE: 0.2652 | Valid Loss: 0.0366, R2: 0.4355, RMSE: 0.1914
2026-02-21 13:25:32,232 - root - INFO - Epoch [141/1000], Train Loss: 0.0688, R2: 0.8009, RMSE: 0.2623 | Valid Loss: 0.0370, R2: 0.4304, RMSE: 0.1922
2026-02-21 13:25:32,340 - root - INFO - Epoch [142/1000], Train Loss: 0.0670, R2: 0.8060, RMSE: 0.2589 | Valid Loss: 0.0370, R2: 0.4305, RMSE: 0.1922
2026-02-21 13:25:32,462 - root - INFO - Epoch [143/1000], Train Loss: 0.0646, R2: 0.8129, RMSE: 0.2542 | Valid Loss: 0.0371, R2: 0.4281, RMSE: 0.1926
2026-02-21 13:25:32,569 - root - INFO - Epoch [144/1000], Train Loss: 0.0634, R2: 0.8165, RMSE: 0.2518 | Valid Loss: 0.0367, R2: 0.4343, RMSE: 0.1916
2026-02-21 13:25:32,675 - root - INFO - Epoch [145/1000], Train Loss: 0.0619, R2: 0.8207, RMSE: 0.2489 | Valid Loss: 0.0367, R2: 0.4342, RMSE: 0.1916
2026-02-21 13:25:32,784 - root - INFO - Epoch [146/1000], Train Loss: 0.0601, R2: 0.8261, RMSE: 0.2451 | Valid Loss: 0.0364, R2: 0.4383, RMSE: 0.1909
2026-02-21 13:25:32,908 - root - INFO - Epoch [147/1000], Train Loss: 0.0596, R2: 0.8275, RMSE: 0.2442 | Valid Loss: 0.0365, R2: 0.4376, RMSE: 0.1910
2026-02-21 13:25:33,017 - root - INFO - Epoch [148/1000], Train Loss: 0.0578, R2: 0.8327, RMSE: 0.2404 | Valid Loss: 0.0364, R2: 0.4387, RMSE: 0.1908
2026-02-21 13:25:33,131 - root - INFO - Epoch [149/1000], Train Loss: 0.0573, R2: 0.8342, RMSE: 0.2394 | Valid Loss: 0.0362, R2: 0.4428, RMSE: 0.1901
2026-02-21 13:25:33,238 - root - INFO - Epoch [150/1000], Train Loss: 0.0559, R2: 0.8381, RMSE: 0.2365 | Valid Loss: 0.0362, R2: 0.4427, RMSE: 0.1902
2026-02-21 13:25:33,347 - root - INFO - Epoch [151/1000], Train Loss: 0.0552, R2: 0.8404, RMSE: 0.2349 | Valid Loss: 0.0360, R2: 0.4454, RMSE: 0.1897
2026-02-21 13:25:33,456 - root - INFO - Epoch [152/1000], Train Loss: 0.0544, R2: 0.8424, RMSE: 0.2333 | Valid Loss: 0.0358, R2: 0.4490, RMSE: 0.1891
2026-02-21 13:25:33,578 - root - INFO - Epoch [153/1000], Train Loss: 0.0539, R2: 0.8441, RMSE: 0.2321 | Valid Loss: 0.0355, R2: 0.4522, RMSE: 0.1885
2026-02-21 13:25:33,697 - root - INFO - Epoch [154/1000], Train Loss: 0.0524, R2: 0.8484, RMSE: 0.2289 | Valid Loss: 0.0358, R2: 0.4489, RMSE: 0.1891
2026-02-21 13:25:33,813 - root - INFO - Best model saved at epoch 155 with validation R2: 0.4592
2026-02-21 13:25:33,813 - root - INFO - Epoch [155/1000], Train Loss: 0.0520, R2: 0.8495, RMSE: 0.2280 | Valid Loss: 0.0351, R2: 0.4592, RMSE: 0.1873
2026-02-21 13:25:33,930 - root - INFO - Epoch [156/1000], Train Loss: 0.0506, R2: 0.8535, RMSE: 0.2250 | Valid Loss: 0.0355, R2: 0.4525, RMSE: 0.1885
2026-02-21 13:25:34,039 - root - INFO - Best model saved at epoch 157 with validation R2: 0.4626
2026-02-21 13:25:34,039 - root - INFO - Epoch [157/1000], Train Loss: 0.0503, R2: 0.8544, RMSE: 0.2243 | Valid Loss: 0.0349, R2: 0.4626, RMSE: 0.1867
2026-02-21 13:25:34,149 - root - INFO - Best model saved at epoch 158 with validation R2: 0.4657
2026-02-21 13:25:34,149 - root - INFO - Epoch [158/1000], Train Loss: 0.0496, R2: 0.8564, RMSE: 0.2228 | Valid Loss: 0.0347, R2: 0.4657, RMSE: 0.1862
2026-02-21 13:25:34,262 - root - INFO - Epoch [159/1000], Train Loss: 0.0488, R2: 0.8588, RMSE: 0.2209 | Valid Loss: 0.0350, R2: 0.4612, RMSE: 0.1870
2026-02-21 13:25:34,373 - root - INFO - Best model saved at epoch 160 with validation R2: 0.4665
2026-02-21 13:25:34,373 - root - INFO - Epoch [160/1000], Train Loss: 0.0489, R2: 0.8586, RMSE: 0.2211 | Valid Loss: 0.0346, R2: 0.4665, RMSE: 0.1861
2026-02-21 13:25:34,488 - root - INFO - Best model saved at epoch 161 with validation R2: 0.4729
2026-02-21 13:25:34,489 - root - INFO - Epoch [161/1000], Train Loss: 0.0473, R2: 0.8632, RMSE: 0.2174 | Valid Loss: 0.0342, R2: 0.4729, RMSE: 0.1849
2026-02-21 13:25:34,600 - root - INFO - Best model saved at epoch 162 with validation R2: 0.4747
2026-02-21 13:25:34,601 - root - INFO - Epoch [162/1000], Train Loss: 0.0473, R2: 0.8632, RMSE: 0.2174 | Valid Loss: 0.0341, R2: 0.4747, RMSE: 0.1846
2026-02-21 13:25:34,723 - root - INFO - Epoch [163/1000], Train Loss: 0.0471, R2: 0.8636, RMSE: 0.2171 | Valid Loss: 0.0342, R2: 0.4723, RMSE: 0.1850
2026-02-21 13:25:34,834 - root - INFO - Best model saved at epoch 164 with validation R2: 0.4823
2026-02-21 13:25:34,834 - root - INFO - Epoch [164/1000], Train Loss: 0.0463, R2: 0.8659, RMSE: 0.2153 | Valid Loss: 0.0336, R2: 0.4823, RMSE: 0.1833
2026-02-21 13:25:34,948 - root - INFO - Epoch [165/1000], Train Loss: 0.0456, R2: 0.8681, RMSE: 0.2135 | Valid Loss: 0.0338, R2: 0.4792, RMSE: 0.1838
2026-02-21 13:25:35,056 - root - INFO - Epoch [166/1000], Train Loss: 0.0452, R2: 0.8693, RMSE: 0.2125 | Valid Loss: 0.0337, R2: 0.4811, RMSE: 0.1835
2026-02-21 13:25:35,169 - root - INFO - Best model saved at epoch 167 with validation R2: 0.4837
2026-02-21 13:25:35,169 - root - INFO - Epoch [167/1000], Train Loss: 0.0448, R2: 0.8704, RMSE: 0.2116 | Valid Loss: 0.0335, R2: 0.4837, RMSE: 0.1830
2026-02-21 13:25:35,280 - root - INFO - Epoch [168/1000], Train Loss: 0.0438, R2: 0.8733, RMSE: 0.2092 | Valid Loss: 0.0336, R2: 0.4828, RMSE: 0.1832
2026-02-21 13:25:35,397 - root - INFO - Best model saved at epoch 169 with validation R2: 0.4850
2026-02-21 13:25:35,397 - root - INFO - Epoch [169/1000], Train Loss: 0.0435, R2: 0.8740, RMSE: 0.2087 | Valid Loss: 0.0334, R2: 0.4850, RMSE: 0.1828
2026-02-21 13:25:35,518 - root - INFO - Best model saved at epoch 170 with validation R2: 0.4898
2026-02-21 13:25:35,518 - root - INFO - Epoch [170/1000], Train Loss: 0.0436, R2: 0.8737, RMSE: 0.2089 | Valid Loss: 0.0331, R2: 0.4898, RMSE: 0.1819
2026-02-21 13:25:35,631 - root - INFO - Epoch [171/1000], Train Loss: 0.0432, R2: 0.8749, RMSE: 0.2079 | Valid Loss: 0.0333, R2: 0.4872, RMSE: 0.1824
2026-02-21 13:25:35,742 - root - INFO - Best model saved at epoch 172 with validation R2: 0.4900
2026-02-21 13:25:35,742 - root - INFO - Epoch [172/1000], Train Loss: 0.0426, R2: 0.8768, RMSE: 0.2063 | Valid Loss: 0.0331, R2: 0.4900, RMSE: 0.1819
2026-02-21 13:25:35,857 - root - INFO - Epoch [173/1000], Train Loss: 0.0429, R2: 0.8758, RMSE: 0.2071 | Valid Loss: 0.0331, R2: 0.4892, RMSE: 0.1820
2026-02-21 13:25:35,975 - root - INFO - Best model saved at epoch 174 with validation R2: 0.4904
2026-02-21 13:25:35,975 - root - INFO - Epoch [174/1000], Train Loss: 0.0421, R2: 0.8783, RMSE: 0.2051 | Valid Loss: 0.0331, R2: 0.4904, RMSE: 0.1818
2026-02-21 13:25:36,096 - root - INFO - Best model saved at epoch 175 with validation R2: 0.4988
2026-02-21 13:25:36,096 - root - INFO - Epoch [175/1000], Train Loss: 0.0420, R2: 0.8783, RMSE: 0.2051 | Valid Loss: 0.0325, R2: 0.4988, RMSE: 0.1803
2026-02-21 13:25:36,217 - root - INFO - Epoch [176/1000], Train Loss: 0.0409, R2: 0.8816, RMSE: 0.2023 | Valid Loss: 0.0331, R2: 0.4901, RMSE: 0.1819
2026-02-21 13:25:36,329 - root - INFO - Epoch [177/1000], Train Loss: 0.0409, R2: 0.8817, RMSE: 0.2022 | Valid Loss: 0.0327, R2: 0.4958, RMSE: 0.1809
2026-02-21 13:25:36,449 - root - INFO - Epoch [178/1000], Train Loss: 0.0405, R2: 0.8828, RMSE: 0.2013 | Valid Loss: 0.0328, R2: 0.4943, RMSE: 0.1811
2026-02-21 13:25:36,569 - root - INFO - Best model saved at epoch 179 with validation R2: 0.5022
2026-02-21 13:25:36,569 - root - INFO - Epoch [179/1000], Train Loss: 0.0397, R2: 0.8851, RMSE: 0.1993 | Valid Loss: 0.0323, R2: 0.5022, RMSE: 0.1797
2026-02-21 13:25:36,690 - root - INFO - Epoch [180/1000], Train Loss: 0.0397, R2: 0.8851, RMSE: 0.1993 | Valid Loss: 0.0328, R2: 0.4945, RMSE: 0.1811
2026-02-21 13:25:36,813 - root - INFO - Epoch [181/1000], Train Loss: 0.0392, R2: 0.8865, RMSE: 0.1981 | Valid Loss: 0.0326, R2: 0.4978, RMSE: 0.1805
2026-02-21 13:25:36,924 - root - INFO - Epoch [182/1000], Train Loss: 0.0389, R2: 0.8875, RMSE: 0.1972 | Valid Loss: 0.0326, R2: 0.4968, RMSE: 0.1807
2026-02-21 13:25:37,047 - root - INFO - Epoch [183/1000], Train Loss: 0.0387, R2: 0.8881, RMSE: 0.1967 | Valid Loss: 0.0325, R2: 0.4986, RMSE: 0.1804
2026-02-21 13:25:37,163 - root - INFO - Epoch [184/1000], Train Loss: 0.0384, R2: 0.8889, RMSE: 0.1960 | Valid Loss: 0.0323, R2: 0.5019, RMSE: 0.1798
2026-02-21 13:25:37,282 - root - INFO - Epoch [185/1000], Train Loss: 0.0385, R2: 0.8885, RMSE: 0.1963 | Valid Loss: 0.0325, R2: 0.4993, RMSE: 0.1802
2026-02-21 13:25:37,397 - root - INFO - Epoch [186/1000], Train Loss: 0.0374, R2: 0.8919, RMSE: 0.1933 | Valid Loss: 0.0325, R2: 0.4991, RMSE: 0.1803
2026-02-21 13:25:37,518 - root - INFO - Epoch [187/1000], Train Loss: 0.0373, R2: 0.8921, RMSE: 0.1931 | Valid Loss: 0.0324, R2: 0.4999, RMSE: 0.1801
2026-02-21 13:25:37,643 - root - INFO - Epoch [188/1000], Train Loss: 0.0368, R2: 0.8937, RMSE: 0.1917 | Valid Loss: 0.0325, R2: 0.4990, RMSE: 0.1803
2026-02-21 13:25:37,759 - root - INFO - Epoch [189/1000], Train Loss: 0.0363, R2: 0.8949, RMSE: 0.1905 | Valid Loss: 0.0324, R2: 0.5006, RMSE: 0.1800
2026-02-21 13:25:37,876 - root - INFO - Epoch [190/1000], Train Loss: 0.0367, R2: 0.8938, RMSE: 0.1915 | Valid Loss: 0.0326, R2: 0.4969, RMSE: 0.1807
2026-02-21 13:25:38,023 - root - INFO - Epoch [191/1000], Train Loss: 0.0364, R2: 0.8946, RMSE: 0.1909 | Valid Loss: 0.0324, R2: 0.5013, RMSE: 0.1799
2026-02-21 13:25:38,156 - root - INFO - Best model saved at epoch 192 with validation R2: 0.5030
2026-02-21 13:25:38,156 - root - INFO - Epoch [192/1000], Train Loss: 0.0363, R2: 0.8949, RMSE: 0.1906 | Valid Loss: 0.0322, R2: 0.5030, RMSE: 0.1796
2026-02-21 13:25:38,268 - root - INFO - Epoch [193/1000], Train Loss: 0.0363, R2: 0.8950, RMSE: 0.1905 | Valid Loss: 0.0325, R2: 0.4996, RMSE: 0.1802
2026-02-21 13:25:38,389 - root - INFO - Epoch [194/1000], Train Loss: 0.0357, R2: 0.8967, RMSE: 0.1889 | Valid Loss: 0.0324, R2: 0.5013, RMSE: 0.1799
2026-02-21 13:25:38,499 - root - INFO - Epoch [195/1000], Train Loss: 0.0354, R2: 0.8977, RMSE: 0.1880 | Valid Loss: 0.0324, R2: 0.5006, RMSE: 0.1800
2026-02-21 13:25:38,615 - root - INFO - Epoch [196/1000], Train Loss: 0.0353, R2: 0.8977, RMSE: 0.1880 | Valid Loss: 0.0325, R2: 0.4994, RMSE: 0.1802
2026-02-21 13:25:38,738 - root - INFO - Epoch [197/1000], Train Loss: 0.0345, R2: 0.9002, RMSE: 0.1857 | Valid Loss: 0.0323, R2: 0.5021, RMSE: 0.1797
2026-02-21 13:25:38,859 - root - INFO - Epoch [198/1000], Train Loss: 0.0343, R2: 0.9006, RMSE: 0.1853 | Valid Loss: 0.0323, R2: 0.5026, RMSE: 0.1796
2026-02-21 13:25:38,972 - root - INFO - Epoch [199/1000], Train Loss: 0.0345, R2: 0.9002, RMSE: 0.1858 | Valid Loss: 0.0329, R2: 0.4928, RMSE: 0.1814
2026-02-21 13:25:39,103 - root - INFO - Best model saved at epoch 200 with validation R2: 0.5047
2026-02-21 13:25:39,103 - root - INFO - Epoch [200/1000], Train Loss: 0.0341, R2: 0.9013, RMSE: 0.1847 | Valid Loss: 0.0321, R2: 0.5047, RMSE: 0.1793
2026-02-21 13:25:39,216 - root - INFO - Epoch [201/1000], Train Loss: 0.0342, R2: 0.9010, RMSE: 0.1850 | Valid Loss: 0.0324, R2: 0.5004, RMSE: 0.1800
2026-02-21 13:25:39,332 - root - INFO - Epoch [202/1000], Train Loss: 0.0336, R2: 0.9029, RMSE: 0.1832 | Valid Loss: 0.0322, R2: 0.5040, RMSE: 0.1794
2026-02-21 13:25:39,443 - root - INFO - Epoch [203/1000], Train Loss: 0.0334, R2: 0.9034, RMSE: 0.1827 | Valid Loss: 0.0324, R2: 0.5008, RMSE: 0.1800
2026-02-21 13:25:39,557 - root - INFO - Epoch [204/1000], Train Loss: 0.0333, R2: 0.9036, RMSE: 0.1825 | Valid Loss: 0.0329, R2: 0.4934, RMSE: 0.1813
2026-02-21 13:25:39,679 - root - INFO - Epoch [205/1000], Train Loss: 0.0329, R2: 0.9047, RMSE: 0.1814 | Valid Loss: 0.0325, R2: 0.4997, RMSE: 0.1802
2026-02-21 13:25:39,797 - root - INFO - Epoch [206/1000], Train Loss: 0.0335, R2: 0.9031, RMSE: 0.1830 | Valid Loss: 0.0326, R2: 0.4970, RMSE: 0.1807
2026-02-21 13:25:39,910 - root - INFO - Epoch [207/1000], Train Loss: 0.0324, R2: 0.9064, RMSE: 0.1799 | Valid Loss: 0.0324, R2: 0.5005, RMSE: 0.1800
2026-02-21 13:25:40,024 - root - INFO - Epoch [208/1000], Train Loss: 0.0327, R2: 0.9053, RMSE: 0.1809 | Valid Loss: 0.0328, R2: 0.4951, RMSE: 0.1810
2026-02-21 13:25:40,145 - root - INFO - Epoch [209/1000], Train Loss: 0.0320, R2: 0.9073, RMSE: 0.1790 | Valid Loss: 0.0330, R2: 0.4916, RMSE: 0.1816
2026-02-21 13:25:40,270 - root - INFO - Epoch [210/1000], Train Loss: 0.0320, R2: 0.9073, RMSE: 0.1789 | Valid Loss: 0.0328, R2: 0.4949, RMSE: 0.1810
2026-02-21 13:25:40,380 - root - INFO - Epoch [211/1000], Train Loss: 0.0318, R2: 0.9080, RMSE: 0.1783 | Valid Loss: 0.0327, R2: 0.4962, RMSE: 0.1808
2026-02-21 13:25:40,499 - root - INFO - Epoch [212/1000], Train Loss: 0.0309, R2: 0.9107, RMSE: 0.1757 | Valid Loss: 0.0329, R2: 0.4934, RMSE: 0.1813
2026-02-21 13:25:40,606 - root - INFO - Epoch [213/1000], Train Loss: 0.0307, R2: 0.9112, RMSE: 0.1752 | Valid Loss: 0.0331, R2: 0.4899, RMSE: 0.1819
2026-02-21 13:25:40,725 - root - INFO - Epoch [214/1000], Train Loss: 0.0310, R2: 0.9103, RMSE: 0.1760 | Valid Loss: 0.0330, R2: 0.4917, RMSE: 0.1816
2026-02-21 13:25:40,843 - root - INFO - Epoch [215/1000], Train Loss: 0.0310, R2: 0.9102, RMSE: 0.1761 | Valid Loss: 0.0332, R2: 0.4887, RMSE: 0.1821
2026-02-21 13:25:40,963 - root - INFO - Epoch [216/1000], Train Loss: 0.0306, R2: 0.9114, RMSE: 0.1750 | Valid Loss: 0.0328, R2: 0.4950, RMSE: 0.1810
2026-02-21 13:25:41,107 - root - INFO - Epoch [217/1000], Train Loss: 0.0306, R2: 0.9115, RMSE: 0.1748 | Valid Loss: 0.0329, R2: 0.4931, RMSE: 0.1814
2026-02-21 13:25:41,222 - root - INFO - Epoch [218/1000], Train Loss: 0.0305, R2: 0.9118, RMSE: 0.1746 | Valid Loss: 0.0329, R2: 0.4937, RMSE: 0.1812
2026-02-21 13:25:41,335 - root - INFO - Epoch [219/1000], Train Loss: 0.0303, R2: 0.9123, RMSE: 0.1741 | Valid Loss: 0.0331, R2: 0.4893, RMSE: 0.1820
2026-02-21 13:25:41,456 - root - INFO - Epoch [220/1000], Train Loss: 0.0303, R2: 0.9123, RMSE: 0.1741 | Valid Loss: 0.0331, R2: 0.4900, RMSE: 0.1819
2026-02-21 13:25:41,574 - root - INFO - Epoch [221/1000], Train Loss: 0.0297, R2: 0.9141, RMSE: 0.1723 | Valid Loss: 0.0330, R2: 0.4908, RMSE: 0.1818
2026-02-21 13:25:41,687 - root - INFO - Epoch [222/1000], Train Loss: 0.0298, R2: 0.9139, RMSE: 0.1725 | Valid Loss: 0.0333, R2: 0.4875, RMSE: 0.1824
2026-02-21 13:25:41,803 - root - INFO - Epoch [223/1000], Train Loss: 0.0295, R2: 0.9147, RMSE: 0.1717 | Valid Loss: 0.0333, R2: 0.4862, RMSE: 0.1826
2026-02-21 13:25:41,917 - root - INFO - Epoch [224/1000], Train Loss: 0.0293, R2: 0.9151, RMSE: 0.1713 | Valid Loss: 0.0331, R2: 0.4900, RMSE: 0.1819
2026-02-21 13:25:42,043 - root - INFO - Epoch [225/1000], Train Loss: 0.0291, R2: 0.9157, RMSE: 0.1707 | Valid Loss: 0.0330, R2: 0.4914, RMSE: 0.1817
2026-02-21 13:25:42,153 - root - INFO - Epoch [226/1000], Train Loss: 0.0295, R2: 0.9146, RMSE: 0.1718 | Valid Loss: 0.0330, R2: 0.4921, RMSE: 0.1815
2026-02-21 13:25:42,268 - root - INFO - Epoch [227/1000], Train Loss: 0.0289, R2: 0.9165, RMSE: 0.1699 | Valid Loss: 0.0332, R2: 0.4883, RMSE: 0.1822
2026-02-21 13:25:42,386 - root - INFO - Epoch [228/1000], Train Loss: 0.0289, R2: 0.9165, RMSE: 0.1699 | Valid Loss: 0.0331, R2: 0.4905, RMSE: 0.1818
2026-02-21 13:25:42,509 - root - INFO - Epoch [229/1000], Train Loss: 0.0283, R2: 0.9182, RMSE: 0.1681 | Valid Loss: 0.0331, R2: 0.4896, RMSE: 0.1820
2026-02-21 13:25:42,624 - root - INFO - Epoch [230/1000], Train Loss: 0.0282, R2: 0.9185, RMSE: 0.1678 | Valid Loss: 0.0337, R2: 0.4803, RMSE: 0.1836
2026-02-21 13:25:42,740 - root - INFO - Epoch [231/1000], Train Loss: 0.0277, R2: 0.9199, RMSE: 0.1664 | Valid Loss: 0.0332, R2: 0.4877, RMSE: 0.1823
2026-02-21 13:25:42,857 - root - INFO - Epoch [232/1000], Train Loss: 0.0281, R2: 0.9187, RMSE: 0.1677 | Valid Loss: 0.0332, R2: 0.4882, RMSE: 0.1822
2026-02-21 13:25:42,980 - root - INFO - Epoch [233/1000], Train Loss: 0.0279, R2: 0.9193, RMSE: 0.1670 | Valid Loss: 0.0335, R2: 0.4836, RMSE: 0.1830
2026-02-21 13:25:43,090 - root - INFO - Epoch [234/1000], Train Loss: 0.0275, R2: 0.9205, RMSE: 0.1657 | Valid Loss: 0.0333, R2: 0.4864, RMSE: 0.1825
2026-02-21 13:25:43,218 - root - INFO - Epoch [235/1000], Train Loss: 0.0274, R2: 0.9207, RMSE: 0.1655 | Valid Loss: 0.0335, R2: 0.4834, RMSE: 0.1831
2026-02-21 13:25:43,328 - root - INFO - Epoch [236/1000], Train Loss: 0.0273, R2: 0.9210, RMSE: 0.1653 | Valid Loss: 0.0337, R2: 0.4804, RMSE: 0.1836
2026-02-21 13:25:43,445 - root - INFO - Epoch [237/1000], Train Loss: 0.0273, R2: 0.9211, RMSE: 0.1651 | Valid Loss: 0.0335, R2: 0.4838, RMSE: 0.1830
2026-02-21 13:25:43,570 - root - INFO - Epoch [238/1000], Train Loss: 0.0264, R2: 0.9237, RMSE: 0.1623 | Valid Loss: 0.0332, R2: 0.4877, RMSE: 0.1823
2026-02-21 13:25:43,694 - root - INFO - Epoch [239/1000], Train Loss: 0.0267, R2: 0.9226, RMSE: 0.1635 | Valid Loss: 0.0334, R2: 0.4852, RMSE: 0.1828
2026-02-21 13:25:43,811 - root - INFO - Epoch [240/1000], Train Loss: 0.0269, R2: 0.9223, RMSE: 0.1639 | Valid Loss: 0.0336, R2: 0.4826, RMSE: 0.1832
2026-02-21 13:25:43,923 - root - INFO - Epoch [241/1000], Train Loss: 0.0264, R2: 0.9235, RMSE: 0.1626 | Valid Loss: 0.0337, R2: 0.4809, RMSE: 0.1835
2026-02-21 13:25:44,054 - root - INFO - Epoch [242/1000], Train Loss: 0.0258, R2: 0.9254, RMSE: 0.1606 | Valid Loss: 0.0334, R2: 0.4857, RMSE: 0.1827
2026-02-21 13:25:44,179 - root - INFO - Epoch [243/1000], Train Loss: 0.0263, R2: 0.9240, RMSE: 0.1621 | Valid Loss: 0.0336, R2: 0.4827, RMSE: 0.1832
2026-02-21 13:25:44,297 - root - INFO - Epoch [244/1000], Train Loss: 0.0259, R2: 0.9250, RMSE: 0.1610 | Valid Loss: 0.0335, R2: 0.4845, RMSE: 0.1829
2026-02-21 13:25:44,414 - root - INFO - Epoch [245/1000], Train Loss: 0.0263, R2: 0.9240, RMSE: 0.1620 | Valid Loss: 0.0331, R2: 0.4897, RMSE: 0.1820
2026-02-21 13:25:44,537 - root - INFO - Epoch [246/1000], Train Loss: 0.0256, R2: 0.9258, RMSE: 0.1601 | Valid Loss: 0.0338, R2: 0.4792, RMSE: 0.1838
2026-02-21 13:25:44,661 - root - INFO - Epoch [247/1000], Train Loss: 0.0255, R2: 0.9262, RMSE: 0.1597 | Valid Loss: 0.0333, R2: 0.4872, RMSE: 0.1824
2026-02-21 13:25:44,783 - root - INFO - Epoch [248/1000], Train Loss: 0.0250, R2: 0.9277, RMSE: 0.1581 | Valid Loss: 0.0336, R2: 0.4817, RMSE: 0.1834
2026-02-21 13:25:44,900 - root - INFO - Epoch [249/1000], Train Loss: 0.0254, R2: 0.9264, RMSE: 0.1594 | Valid Loss: 0.0336, R2: 0.4827, RMSE: 0.1832
2026-02-21 13:25:45,021 - root - INFO - Epoch [250/1000], Train Loss: 0.0251, R2: 0.9273, RMSE: 0.1585 | Valid Loss: 0.0335, R2: 0.4840, RMSE: 0.1830
2026-02-21 13:25:45,139 - root - INFO - Epoch [251/1000], Train Loss: 0.0254, R2: 0.9265, RMSE: 0.1593 | Valid Loss: 0.0335, R2: 0.4836, RMSE: 0.1830
2026-02-21 13:25:45,257 - root - INFO - Epoch [252/1000], Train Loss: 0.0242, R2: 0.9301, RMSE: 0.1554 | Valid Loss: 0.0336, R2: 0.4818, RMSE: 0.1834
2026-02-21 13:25:45,396 - root - INFO - Epoch [253/1000], Train Loss: 0.0245, R2: 0.9292, RMSE: 0.1564 | Valid Loss: 0.0337, R2: 0.4801, RMSE: 0.1837
2026-02-21 13:25:45,515 - root - INFO - Epoch [254/1000], Train Loss: 0.0241, R2: 0.9302, RMSE: 0.1554 | Valid Loss: 0.0339, R2: 0.4783, RMSE: 0.1840
2026-02-21 13:25:45,638 - root - INFO - Epoch [255/1000], Train Loss: 0.0236, R2: 0.9316, RMSE: 0.1537 | Valid Loss: 0.0337, R2: 0.4810, RMSE: 0.1835
2026-02-21 13:25:45,757 - root - INFO - Epoch [256/1000], Train Loss: 0.0243, R2: 0.9296, RMSE: 0.1560 | Valid Loss: 0.0334, R2: 0.4846, RMSE: 0.1829
2026-02-21 13:25:45,870 - root - INFO - Epoch [257/1000], Train Loss: 0.0241, R2: 0.9303, RMSE: 0.1552 | Valid Loss: 0.0336, R2: 0.4819, RMSE: 0.1834
2026-02-21 13:25:45,984 - root - INFO - Epoch [258/1000], Train Loss: 0.0235, R2: 0.9321, RMSE: 0.1532 | Valid Loss: 0.0335, R2: 0.4833, RMSE: 0.1831
2026-02-21 13:25:46,111 - root - INFO - Epoch [259/1000], Train Loss: 0.0235, R2: 0.9321, RMSE: 0.1532 | Valid Loss: 0.0338, R2: 0.4792, RMSE: 0.1838
2026-02-21 13:25:46,232 - root - INFO - Epoch [260/1000], Train Loss: 0.0239, R2: 0.9310, RMSE: 0.1545 | Valid Loss: 0.0336, R2: 0.4825, RMSE: 0.1832
2026-02-21 13:25:46,351 - root - INFO - Epoch [261/1000], Train Loss: 0.0234, R2: 0.9322, RMSE: 0.1531 | Valid Loss: 0.0336, R2: 0.4826, RMSE: 0.1832
2026-02-21 13:25:46,473 - root - INFO - Epoch [262/1000], Train Loss: 0.0233, R2: 0.9326, RMSE: 0.1526 | Valid Loss: 0.0336, R2: 0.4826, RMSE: 0.1832
2026-02-21 13:25:46,594 - root - INFO - Epoch [263/1000], Train Loss: 0.0232, R2: 0.9329, RMSE: 0.1522 | Valid Loss: 0.0336, R2: 0.4818, RMSE: 0.1834
2026-02-21 13:25:46,719 - root - INFO - Epoch [264/1000], Train Loss: 0.0225, R2: 0.9348, RMSE: 0.1502 | Valid Loss: 0.0336, R2: 0.4820, RMSE: 0.1833
2026-02-21 13:25:46,835 - root - INFO - Epoch [265/1000], Train Loss: 0.0231, R2: 0.9331, RMSE: 0.1521 | Valid Loss: 0.0334, R2: 0.4858, RMSE: 0.1827
2026-02-21 13:25:46,959 - root - INFO - Epoch [266/1000], Train Loss: 0.0227, R2: 0.9343, RMSE: 0.1507 | Valid Loss: 0.0337, R2: 0.4805, RMSE: 0.1836
2026-02-21 13:25:47,076 - root - INFO - Epoch [267/1000], Train Loss: 0.0228, R2: 0.9340, RMSE: 0.1510 | Valid Loss: 0.0333, R2: 0.4861, RMSE: 0.1826
2026-02-21 13:25:47,186 - root - INFO - Epoch [268/1000], Train Loss: 0.0228, R2: 0.9339, RMSE: 0.1511 | Valid Loss: 0.0334, R2: 0.4858, RMSE: 0.1827
2026-02-21 13:25:47,296 - root - INFO - Epoch [269/1000], Train Loss: 0.0228, R2: 0.9341, RMSE: 0.1509 | Valid Loss: 0.0336, R2: 0.4829, RMSE: 0.1832
2026-02-21 13:25:47,409 - root - INFO - Epoch [270/1000], Train Loss: 0.0222, R2: 0.9356, RMSE: 0.1491 | Valid Loss: 0.0335, R2: 0.4832, RMSE: 0.1831
2026-02-21 13:25:47,529 - root - INFO - Epoch [271/1000], Train Loss: 0.0218, R2: 0.9370, RMSE: 0.1476 | Valid Loss: 0.0337, R2: 0.4808, RMSE: 0.1835
2026-02-21 13:25:47,646 - root - INFO - Epoch [272/1000], Train Loss: 0.0221, R2: 0.9359, RMSE: 0.1488 | Valid Loss: 0.0337, R2: 0.4813, RMSE: 0.1834
2026-02-21 13:25:47,770 - root - INFO - Epoch [273/1000], Train Loss: 0.0218, R2: 0.9370, RMSE: 0.1475 | Valid Loss: 0.0336, R2: 0.4826, RMSE: 0.1832
2026-02-21 13:25:47,890 - root - INFO - Epoch [274/1000], Train Loss: 0.0216, R2: 0.9376, RMSE: 0.1469 | Valid Loss: 0.0336, R2: 0.4822, RMSE: 0.1833
2026-02-21 13:25:48,021 - root - INFO - Epoch [275/1000], Train Loss: 0.0216, R2: 0.9374, RMSE: 0.1471 | Valid Loss: 0.0333, R2: 0.4874, RMSE: 0.1824
2026-02-21 13:25:48,171 - root - INFO - Epoch [276/1000], Train Loss: 0.0215, R2: 0.9378, RMSE: 0.1466 | Valid Loss: 0.0332, R2: 0.4888, RMSE: 0.1821
2026-02-21 13:25:48,293 - root - INFO - Epoch [277/1000], Train Loss: 0.0214, R2: 0.9381, RMSE: 0.1462 | Valid Loss: 0.0335, R2: 0.4839, RMSE: 0.1830
2026-02-21 13:25:48,418 - root - INFO - Epoch [278/1000], Train Loss: 0.0210, R2: 0.9392, RMSE: 0.1450 | Valid Loss: 0.0335, R2: 0.4843, RMSE: 0.1829
2026-02-21 13:25:48,536 - root - INFO - Epoch [279/1000], Train Loss: 0.0216, R2: 0.9375, RMSE: 0.1469 | Valid Loss: 0.0336, R2: 0.4826, RMSE: 0.1832
2026-02-21 13:25:48,662 - root - INFO - Epoch [280/1000], Train Loss: 0.0208, R2: 0.9399, RMSE: 0.1441 | Valid Loss: 0.0334, R2: 0.4845, RMSE: 0.1829
2026-02-21 13:25:48,780 - root - INFO - Epoch [281/1000], Train Loss: 0.0205, R2: 0.9406, RMSE: 0.1433 | Valid Loss: 0.0334, R2: 0.4858, RMSE: 0.1827
2026-02-21 13:25:48,902 - root - INFO - Epoch [282/1000], Train Loss: 0.0206, R2: 0.9405, RMSE: 0.1434 | Valid Loss: 0.0334, R2: 0.4855, RMSE: 0.1827
2026-02-21 13:25:49,032 - root - INFO - Epoch [283/1000], Train Loss: 0.0206, R2: 0.9403, RMSE: 0.1436 | Valid Loss: 0.0332, R2: 0.4887, RMSE: 0.1821
2026-02-21 13:25:49,153 - root - INFO - Epoch [284/1000], Train Loss: 0.0201, R2: 0.9417, RMSE: 0.1419 | Valid Loss: 0.0333, R2: 0.4875, RMSE: 0.1824
2026-02-21 13:25:49,271 - root - INFO - Epoch [285/1000], Train Loss: 0.0203, R2: 0.9412, RMSE: 0.1426 | Valid Loss: 0.0330, R2: 0.4906, RMSE: 0.1818
2026-02-21 13:25:49,393 - root - INFO - Epoch [286/1000], Train Loss: 0.0203, R2: 0.9412, RMSE: 0.1426 | Valid Loss: 0.0335, R2: 0.4832, RMSE: 0.1831
2026-02-21 13:25:49,516 - root - INFO - Epoch [287/1000], Train Loss: 0.0202, R2: 0.9417, RMSE: 0.1420 | Valid Loss: 0.0334, R2: 0.4852, RMSE: 0.1828
2026-02-21 13:25:49,641 - root - INFO - Epoch [288/1000], Train Loss: 0.0199, R2: 0.9425, RMSE: 0.1409 | Valid Loss: 0.0333, R2: 0.4872, RMSE: 0.1824
2026-02-21 13:25:49,765 - root - INFO - Epoch [289/1000], Train Loss: 0.0198, R2: 0.9426, RMSE: 0.1408 | Valid Loss: 0.0332, R2: 0.4886, RMSE: 0.1822
2026-02-21 13:25:49,892 - root - INFO - Epoch [290/1000], Train Loss: 0.0198, R2: 0.9427, RMSE: 0.1407 | Valid Loss: 0.0332, R2: 0.4880, RMSE: 0.1823
2026-02-21 13:25:50,012 - root - INFO - Epoch [291/1000], Train Loss: 0.0199, R2: 0.9423, RMSE: 0.1412 | Valid Loss: 0.0335, R2: 0.4844, RMSE: 0.1829
2026-02-21 13:25:50,133 - root - INFO - Epoch [292/1000], Train Loss: 0.0191, R2: 0.9447, RMSE: 0.1382 | Valid Loss: 0.0333, R2: 0.4867, RMSE: 0.1825
2026-02-21 13:25:50,251 - root - INFO - Epoch [293/1000], Train Loss: 0.0196, R2: 0.9433, RMSE: 0.1399 | Valid Loss: 0.0329, R2: 0.4927, RMSE: 0.1814
2026-02-21 13:25:50,364 - root - INFO - Epoch [294/1000], Train Loss: 0.0192, R2: 0.9446, RMSE: 0.1384 | Valid Loss: 0.0330, R2: 0.4910, RMSE: 0.1817
2026-02-21 13:25:50,480 - root - INFO - Epoch [295/1000], Train Loss: 0.0190, R2: 0.9450, RMSE: 0.1379 | Valid Loss: 0.0334, R2: 0.4848, RMSE: 0.1828
2026-02-21 13:25:50,595 - root - INFO - Epoch [296/1000], Train Loss: 0.0187, R2: 0.9458, RMSE: 0.1369 | Valid Loss: 0.0333, R2: 0.4863, RMSE: 0.1826
2026-02-21 13:25:50,708 - root - INFO - Epoch [297/1000], Train Loss: 0.0190, R2: 0.9450, RMSE: 0.1378 | Valid Loss: 0.0332, R2: 0.4883, RMSE: 0.1822
2026-02-21 13:25:50,831 - root - INFO - Epoch [298/1000], Train Loss: 0.0188, R2: 0.9456, RMSE: 0.1372 | Valid Loss: 0.0331, R2: 0.4898, RMSE: 0.1819
2026-02-21 13:25:50,969 - root - INFO - Epoch [299/1000], Train Loss: 0.0186, R2: 0.9462, RMSE: 0.1364 | Valid Loss: 0.0331, R2: 0.4900, RMSE: 0.1819
2026-02-21 13:25:51,091 - root - INFO - Early stopping triggered at epoch 300. No improvement for 100 epochs.
2026-02-21 13:25:51,131 - root - INFO - Test Loss: 2.3044, R2 Score: -6.5640, RMSE: 1.5180
