2026-03-24 16:34:28,397 - root - INFO - 合并后的价格数据预览：
2026-03-24 16:34:28,444 - root - INFO -                 宁德时代  market_data_1_上证综指  market_data_2_深证成指  \
2026-03-24 16:34:28,446 - root - INFO - date
2026-03-24 16:34:28,446 - root - INFO - 2019-01-03  0.002308           -0.000377           -0.008368
2026-03-24 16:34:28,446 - root - INFO - 2019-01-04  0.042395            0.020495            0.027562
2026-03-24 16:34:28,447 - root - INFO - 2019-01-07  0.005977            0.007245            0.015836
2026-03-24 16:34:28,447 - root - INFO - 2019-01-08  0.024671           -0.002616           -0.001156
2026-03-24 16:34:28,447 - root - INFO - 2019-01-09 -0.017018            0.007078            0.007615
2026-03-24 16:34:28,449 - root - INFO - ...              ...                 ...                 ...
2026-03-24 16:34:28,450 - root - INFO - 2025-12-25 -0.006896            0.004738            0.003336
2026-03-24 16:34:28,450 - root - INFO - 2025-12-26  0.003807            0.001025            0.005357
2026-03-24 16:34:28,450 - root - INFO - 2025-12-29 -0.013674            0.000404           -0.004910
2026-03-24 16:34:28,450 - root - INFO - 2025-12-30 -0.000298           -0.000041            0.004947
2026-03-24 16:34:28,452 - root - INFO - 2025-12-31 -0.005255            0.000939           -0.005810
2026-03-24 16:34:28,452 - root - INFO - 
2026-03-24 16:34:28,452 - root - INFO -             market_data_3_创业板指  related_stock_1_中兴通讯  related_stock_2_中国长城  \
2026-03-24 16:34:28,452 - root - INFO - date
2026-03-24 16:34:28,453 - root - INFO - 2019-01-03           -0.011613             -0.039877              0.014862
2026-03-24 16:34:28,453 - root - INFO - 2019-01-04            0.025245              0.022364              0.035565
2026-03-24 16:34:28,453 - root - INFO - 2019-01-07            0.018393              0.042708              0.016162
2026-03-24 16:34:28,453 - root - INFO - 2019-01-08           -0.003587             -0.005994             -0.011928
2026-03-24 16:34:28,453 - root - INFO - 2019-01-09           -0.000787              0.001005              0.006036
2026-03-24 16:34:28,453 - root - INFO - ...                        ...                   ...                   ...
2026-03-24 16:34:28,454 - root - INFO - 2025-12-25            0.003024             -0.004181              0.007807
2026-03-24 16:34:28,454 - root - INFO - 2025-12-26            0.001399             -0.005510              0.022535
2026-03-24 16:34:28,454 - root - INFO - 2025-12-29           -0.006555             -0.011082             -0.010331
2026-03-24 16:34:28,454 - root - INFO - 2025-12-30            0.006297             -0.005603             -0.005567
2026-03-24 16:34:28,455 - root - INFO - 2025-12-31           -0.012252              0.015294              0.008397
2026-03-24 16:34:28,455 - root - INFO - 
2026-03-24 16:34:28,455 - root - INFO -             related_stock_3_云南白药  related_stock_4_长安汽车  related_stock_5_格力电器  \
2026-03-24 16:34:28,455 - root - INFO - date
2026-03-24 16:34:28,455 - root - INFO - 2019-01-03             -0.026971              0.012085              0.003352
2026-03-24 16:34:28,456 - root - INFO - 2019-01-04              0.013716              0.028358              0.020323
2026-03-24 16:34:28,456 - root - INFO - 2019-01-07              0.020437              0.044993             -0.004638
2026-03-24 16:34:28,456 - root - INFO - 2019-01-08              0.024724             -0.004167             -0.003838
2026-03-24 16:34:28,456 - root - INFO - 2019-01-09              0.001617              0.039052              0.032196
2026-03-24 16:34:28,456 - root - INFO - ...                          ...                   ...                   ...
2026-03-24 16:34:28,456 - root - INFO - 2025-12-25              0.004602             -0.002515              0.003680
2026-03-24 16:34:28,457 - root - INFO - 2025-12-26             -0.001057              0.007563             -0.003667
2026-03-24 16:34:28,457 - root - INFO - 2025-12-29             -0.000176             -0.007506             -0.000981
2026-03-24 16:34:28,457 - root - INFO - 2025-12-30              0.004410              0.000000             -0.004666
2026-03-24 16:34:28,457 - root - INFO - 2025-12-31             -0.003161             -0.003361             -0.007649
2026-03-24 16:34:28,457 - root - INFO - 
2026-03-24 16:34:28,457 - root - INFO -             related_stock_6_京东方A  related_stock_7_盐湖股份  related_stock_8_五粮液  \
2026-03-24 16:34:28,457 - root - INFO - date
2026-03-24 16:34:28,458 - root - INFO - 2019-01-03              0.000000             -0.026087            -0.019624
2026-03-24 16:34:28,458 - root - INFO - 2019-01-04              0.019380              0.013393             0.011846
2026-03-24 16:34:28,458 - root - INFO - 2019-01-07              0.011407             -0.019090            -0.004643
2026-03-24 16:34:28,458 - root - INFO - 2019-01-08              0.018797             -0.016467            -0.005881
2026-03-24 16:34:28,458 - root - INFO - 2019-01-09             -0.007380              0.004566             0.020604
2026-03-24 16:34:28,458 - root - INFO - ...                          ...                   ...                  ...
2026-03-24 16:34:28,458 - root - INFO - 2025-12-25              0.000000             -0.016073             0.012079
2026-03-24 16:34:28,459 - root - INFO - 2025-12-26             -0.004926              0.029474            -0.007414
2026-03-24 16:34:28,459 - root - INFO - 2025-12-29              0.022277             -0.044843            -0.015668
2026-03-24 16:34:28,459 - root - INFO - 2025-12-30              0.009685              0.001806            -0.006478
2026-03-24 16:34:28,459 - root - INFO - 2025-12-31              0.009592              0.015141            -0.013227
2026-03-24 16:34:28,459 - root - INFO - 
2026-03-24 16:34:28,459 - root - INFO -             related_stock_9_神火股份  related_stock_10_中科三环  \
2026-03-24 16:34:28,459 - root - INFO - date
2026-03-24 16:34:28,460 - root - INFO - 2019-01-03              0.010417              -0.001337
2026-03-24 16:34:28,460 - root - INFO - 2019-01-04              0.030928               0.038822
2026-03-24 16:34:28,460 - root - INFO - 2019-01-07              0.027500               0.030928
2026-03-24 16:34:28,460 - root - INFO - 2019-01-08             -0.014599              -0.007500
2026-03-24 16:34:28,460 - root - INFO - 2019-01-09             -0.002469              -0.001259
2026-03-24 16:34:28,460 - root - INFO - ...                          ...                    ...
2026-03-24 16:34:28,460 - root - INFO - 2025-12-25             -0.007812               0.036782
2026-03-24 16:34:28,461 - root - INFO - 2025-12-26              0.028121               0.005913
2026-03-24 16:34:28,461 - root - INFO - 2025-12-29             -0.036105              -0.002939
2026-03-24 16:34:28,461 - root - INFO - 2025-12-30              0.028377               0.002211
2026-03-24 16:34:28,461 - root - INFO - 2025-12-31              0.010670              -0.002941
2026-03-24 16:34:28,461 - root - INFO - 
2026-03-24 16:34:28,461 - root - INFO -             related_stock_11_浪潮信息  related_stock_12_凯恩股份  \
2026-03-24 16:34:28,461 - root - INFO - date
2026-03-24 16:34:28,462 - root - INFO - 2019-01-03              -0.019571              -0.002597
2026-03-24 16:34:28,462 - root - INFO - 2019-01-04               0.040567               0.023438
2026-03-24 16:34:28,462 - root - INFO - 2019-01-07               0.019183               0.038168
2026-03-24 16:34:28,462 - root - INFO - 2019-01-08              -0.013358               0.014706
2026-03-24 16:34:28,462 - root - INFO - 2019-01-09               0.005538               0.000000
2026-03-24 16:34:28,462 - root - INFO - ...                           ...                    ...
2026-03-24 16:34:28,462 - root - INFO - 2025-12-25              -0.002556               0.032864
2026-03-24 16:34:28,462 - root - INFO - 2025-12-26               0.010101              -0.028788
2026-03-24 16:34:28,463 - root - INFO - 2025-12-29               0.009254               0.001560
2026-03-24 16:34:28,463 - root - INFO - 2025-12-30              -0.000887              -0.006231
2026-03-24 16:34:28,463 - root - INFO - 2025-12-31              -0.014210               0.010972
2026-03-24 16:34:28,463 - root - INFO - 
2026-03-24 16:34:28,463 - root - INFO -             related_stock_13_紫光国微  related_stock_14_三花智控  \
2026-03-24 16:34:28,463 - root - INFO - date
2026-03-24 16:34:28,463 - root - INFO - 2019-01-03               0.001033              -0.028526
2026-03-24 16:34:28,464 - root - INFO - 2019-01-04               0.020633               0.027732
2026-03-24 16:34:28,464 - root - INFO - 2019-01-07               0.041105               0.039683
2026-03-24 16:34:28,464 - root - INFO - 2019-01-08              -0.013269               0.006870
2026-03-24 16:34:28,464 - root - INFO - 2019-01-09               0.011151               0.028052
2026-03-24 16:34:28,464 - root - INFO - ...                           ...                    ...
2026-03-24 16:34:28,464 - root - INFO - 2025-12-25               0.016042               0.055013
2026-03-24 16:34:28,465 - root - INFO - 2025-12-26               0.013263              -0.005467
2026-03-24 16:34:28,465 - root - INFO - 2025-12-29              -0.017577               0.009091
2026-03-24 16:34:28,465 - root - INFO - 2025-12-30               0.000000               0.099937
2026-03-24 16:34:28,465 - root - INFO - 2025-12-31               0.000000               0.053524
2026-03-24 16:34:28,465 - root - INFO - 
2026-03-24 16:34:28,465 - root - INFO -             related_stock_15_国轩高科  related_stock_16_中材科技  \
2026-03-24 16:34:28,465 - root - INFO - date
2026-03-24 16:34:28,465 - root - INFO - 2019-01-03              -0.002632               0.002475
2026-03-24 16:34:28,466 - root - INFO - 2019-01-04               0.027265               0.024691
2026-03-24 16:34:28,466 - root - INFO - 2019-01-07               0.024829               0.044578
2026-03-24 16:34:28,466 - root - INFO - 2019-01-08               0.020050              -0.016148
2026-03-24 16:34:28,467 - root - INFO - 2019-01-09              -0.004914              -0.003517
2026-03-24 16:34:28,467 - root - INFO - ...                           ...                    ...
2026-03-24 16:34:28,467 - root - INFO - 2025-12-25               0.001271              -0.019574
2026-03-24 16:34:28,467 - root - INFO - 2025-12-26               0.017517              -0.020470
2026-03-24 16:34:28,467 - root - INFO - 2025-12-29              -0.014970              -0.015738
2026-03-24 16:34:28,467 - root - INFO - 2025-12-30               0.000507              -0.011533
2026-03-24 16:34:28,468 - root - INFO - 2025-12-31              -0.009873              -0.036330
2026-03-24 16:34:28,468 - root - INFO - 
2026-03-24 16:34:28,468 - root - INFO -             related_stock_17_湘潭电化  related_stock_18_通富微电  \
2026-03-24 16:34:28,468 - root - INFO - date
2026-03-24 16:34:28,468 - root - INFO - 2019-01-03               0.009009              -0.009777
2026-03-24 16:34:28,469 - root - INFO - 2019-01-04               0.013393               0.026798
2026-03-24 16:34:28,469 - root - INFO - 2019-01-07               0.014684               0.024725
2026-03-24 16:34:28,469 - root - INFO - 2019-01-08              -0.001447              -0.009383
2026-03-24 16:34:28,469 - root - INFO - 2019-01-09              -0.005797               0.032476
2026-03-24 16:34:28,469 - root - INFO - ...                           ...                    ...
2026-03-24 16:34:28,470 - root - INFO - 2025-12-25              -0.009649              -0.002915
2026-03-24 16:34:28,470 - root - INFO - 2025-12-26               0.032011              -0.002924
2026-03-24 16:34:28,470 - root - INFO - 2025-12-29              -0.012138              -0.002933
2026-03-24 16:34:28,470 - root - INFO - 2025-12-30              -0.015700               0.023797
2026-03-24 16:34:28,470 - root - INFO - 2025-12-31              -0.018031              -0.015409
2026-03-24 16:34:28,470 - root - INFO - 
2026-03-24 16:34:28,470 - root - INFO -             related_stock_19_方正电机  related_stock_20_金风科技  \
2026-03-24 16:34:28,471 - root - INFO - date
2026-03-24 16:34:28,471 - root - INFO - 2019-01-03               0.009901              -0.033126
2026-03-24 16:34:28,471 - root - INFO - 2019-01-04               0.035294               0.049251
2026-03-24 16:34:28,471 - root - INFO - 2019-01-07               0.015152               0.018367
2026-03-24 16:34:28,471 - root - INFO - 2019-01-08               0.018657               0.026052
2026-03-24 16:34:28,472 - root - INFO - 2019-01-09               0.005495               0.006836
2026-03-24 16:34:28,472 - root - INFO - ...                           ...                    ...
2026-03-24 16:34:28,472 - root - INFO - 2025-12-25               0.100000               0.099828
2026-03-24 16:34:28,472 - root - INFO - 2025-12-26               0.002933               0.027126
2026-03-24 16:34:28,472 - root - INFO - 2025-12-29               0.025585               0.100051
2026-03-24 16:34:28,472 - root - INFO - 2025-12-30               0.099786              -0.067405
2026-03-24 16:34:28,473 - root - INFO - 2025-12-31               0.028516               0.009901
2026-03-24 16:34:28,473 - root - INFO - 
2026-03-24 16:34:28,473 - root - INFO -             related_stock_21_奥特迅  related_stock_22_科大讯飞  \
2026-03-24 16:34:28,473 - root - INFO - date
2026-03-24 16:34:28,473 - root - INFO - 2019-01-03             -0.001959               0.015974
2026-03-24 16:34:28,474 - root - INFO - 2019-01-04              0.022571               0.066431
2026-03-24 16:34:28,474 - root - INFO - 2019-01-07              0.070058               0.078879
2026-03-24 16:34:28,474 - root - INFO - 2019-01-08             -0.027803              -0.008541
2026-03-24 16:34:28,474 - root - INFO - 2019-01-09              0.009225              -0.001034
2026-03-24 16:34:28,474 - root - INFO - ...                          ...                    ...
2026-03-24 16:34:28,474 - root - INFO - 2025-12-25              0.002419               0.000410
2026-03-24 16:34:28,475 - root - INFO - 2025-12-26             -0.008850               0.001846
2026-03-24 16:34:28,475 - root - INFO - 2025-12-29             -0.009740               0.003686
2026-03-24 16:34:28,475 - root - INFO - 2025-12-30             -0.010656              -0.001428
2026-03-24 16:34:28,475 - root - INFO - 2025-12-31             -0.002486               0.027375
2026-03-24 16:34:28,475 - root - INFO - 
2026-03-24 16:34:28,475 - root - INFO -             related_stock_23_盛新锂能  related_stock_24_歌尔股份  \
2026-03-24 16:34:28,475 - root - INFO - date
2026-03-24 16:34:28,476 - root - INFO - 2019-01-03               0.004076              -0.015988
2026-03-24 16:34:28,476 - root - INFO - 2019-01-04               0.044655               0.017725
2026-03-24 16:34:28,476 - root - INFO - 2019-01-07               0.006477               0.018868
2026-03-24 16:34:28,476 - root - INFO - 2019-01-08               0.000000               0.007123
2026-03-24 16:34:28,476 - root - INFO - 2019-01-09              -0.002574              -0.004243
2026-03-24 16:34:28,476 - root - INFO - ...                           ...                    ...
2026-03-24 16:34:28,477 - root - INFO - 2025-12-25              -0.038408              -0.008969
2026-03-24 16:34:28,477 - root - INFO - 2025-12-26               0.026531              -0.017055
2026-03-24 16:34:28,477 - root - INFO - 2025-12-29              -0.061914               0.000708
2026-03-24 16:34:28,477 - root - INFO - 2025-12-30               0.011202               0.022647
2026-03-24 16:34:28,477 - root - INFO - 2025-12-31               0.030838              -0.005882
2026-03-24 16:34:28,477 - root - INFO - 
2026-03-24 16:34:28,477 - root - INFO -             related_stock_25_大洋电机  related_stock_26_卫士通  \
2026-03-24 16:34:28,478 - root - INFO - date
2026-03-24 16:34:28,478 - root - INFO - 2019-01-03               0.012270              0.015487
2026-03-24 16:34:28,478 - root - INFO - 2019-01-04               0.027273              0.027778
2026-03-24 16:34:28,478 - root - INFO - 2019-01-07               0.023599              0.033386
2026-03-24 16:34:28,479 - root - INFO - 2019-01-08               0.011527             -0.003077
2026-03-24 16:34:28,479 - root - INFO - 2019-01-09               0.025641              0.005658
2026-03-24 16:34:28,479 - root - INFO - ...                           ...                   ...
2026-03-24 16:34:28,479 - root - INFO - 2025-12-25               0.043732              0.024390
2026-03-24 16:34:28,479 - root - INFO - 2025-12-26              -0.014898              0.100108
2026-03-24 16:34:28,479 - root - INFO - 2025-12-29              -0.003781             -0.017216
2026-03-24 16:34:28,479 - root - INFO - 2025-12-30               0.052182              0.031031
2026-03-24 16:34:28,480 - root - INFO - 2025-12-31              -0.017133             -0.002913
2026-03-24 16:34:28,480 - root - INFO - 
2026-03-24 16:34:28,480 - root - INFO -             related_stock_27_光迅科技  related_stock_28_永太科技  \
2026-03-24 16:34:28,480 - root - INFO - date
2026-03-24 16:34:28,480 - root - INFO - 2019-01-03              -0.049027               0.001435
2026-03-24 16:34:28,480 - root - INFO - 2019-01-04               0.015348               0.022923
2026-03-24 16:34:28,480 - root - INFO - 2019-01-07               0.043798               0.014006
2026-03-24 16:34:28,481 - root - INFO - 2019-01-08              -0.005570              -0.004144
2026-03-24 16:34:28,481 - root - INFO - 2019-01-09              -0.004854               0.000000
2026-03-24 16:34:28,481 - root - INFO - ...                           ...                    ...
2026-03-24 16:34:28,481 - root - INFO - 2025-12-25              -0.006187              -0.006863
2026-03-24 16:34:28,481 - root - INFO - 2025-12-26              -0.015280               0.100000
2026-03-24 16:34:28,481 - root - INFO - 2025-12-29               0.017241              -0.070214
2026-03-24 16:34:28,481 - root - INFO - 2025-12-30              -0.004944               0.017488
2026-03-24 16:34:28,481 - root - INFO - 2025-12-31              -0.007097              -0.026562
2026-03-24 16:34:28,482 - root - INFO - 
2026-03-24 16:34:28,482 - root - INFO -             related_stock_29_格林美  related_stock_30_多氟多  related_stock_31_晶澳科技  \
2026-03-24 16:34:28,482 - root - INFO - date
2026-03-24 16:34:28,482 - root - INFO - 2019-01-03              0.000000              0.016231              -0.001200
2026-03-24 16:34:28,483 - root - INFO - 2019-01-04              0.028571              0.016859               0.010817
2026-03-24 16:34:28,483 - root - INFO - 2019-01-07              0.015152              0.018325               0.015458
2026-03-24 16:34:28,483 - root - INFO - 2019-01-08             -0.007463              0.003428               0.036300
2026-03-24 16:34:28,483 - root - INFO - 2019-01-09             -0.002506             -0.014518              -0.013559
2026-03-24 16:34:28,483 - root - INFO - ...                          ...                   ...                    ...
2026-03-24 16:34:28,483 - root - INFO - 2025-12-25             -0.008728             -0.001171               0.017498
2026-03-24 16:34:28,483 - root - INFO - 2025-12-26              0.007547              0.082943               0.016337
2026-03-24 16:34:28,484 - root - INFO - 2025-12-29             -0.001248             -0.080650              -0.005076
2026-03-24 16:34:28,484 - root - INFO - 2025-12-30              0.023750              0.006476              -0.010204
2026-03-24 16:34:28,484 - root - INFO - 2025-12-31              0.020757             -0.008190              -0.016323
2026-03-24 16:34:28,484 - root - INFO - 
2026-03-24 16:34:28,484 - root - INFO -             related_stock_32_赣锋锂业  related_stock_33_海格通信  \
2026-03-24 16:34:28,484 - root - INFO - date
2026-03-24 16:34:28,484 - root - INFO - 2019-01-03               0.001367              -0.007290
2026-03-24 16:34:28,485 - root - INFO - 2019-01-04               0.028662               0.013464
2026-03-24 16:34:28,485 - root - INFO - 2019-01-07               0.010172               0.021739
2026-03-24 16:34:28,485 - root - INFO - 2019-01-08              -0.000876              -0.017730
2026-03-24 16:34:28,485 - root - INFO - 2019-01-09              -0.012270              -0.006017
2026-03-24 16:34:28,485 - root - INFO - ...                           ...                    ...
2026-03-24 16:34:28,485 - root - INFO - 2025-12-25              -0.009882               0.015579
2026-03-24 16:34:28,485 - root - INFO - 2025-12-26               0.036897               0.018992
2026-03-24 16:34:28,485 - root - INFO - 2025-12-29              -0.047397               0.100358
2026-03-24 16:34:28,486 - root - INFO - 2025-12-30              -0.017912              -0.014984
2026-03-24 16:34:28,486 - root - INFO - 2025-12-31              -0.019641               0.041667
2026-03-24 16:34:28,486 - root - INFO - 
2026-03-24 16:34:28,486 - root - INFO -             related_stock_34_天齐锂业  related_stock_35_立讯精密  \
2026-03-24 16:34:28,487 - root - INFO - date
2026-03-24 16:34:28,487 - root - INFO - 2019-01-03               0.005513              -0.048798
2026-03-24 16:34:28,487 - root - INFO - 2019-01-04               0.034270              -0.017844
2026-03-24 16:34:28,487 - root - INFO - 2019-01-07               0.014579               0.037850
2026-03-24 16:34:28,487 - root - INFO - 2019-01-08              -0.012737               0.014588
2026-03-24 16:34:28,487 - root - INFO - 2019-01-09              -0.026133               0.005751
2026-03-24 16:34:28,487 - root - INFO - ...                           ...                    ...
2026-03-24 16:34:28,488 - root - INFO - 2025-12-25              -0.012975               0.002361
2026-03-24 16:34:28,488 - root - INFO - 2025-12-26               0.043220              -0.017331
2026-03-24 16:34:28,488 - root - INFO - 2025-12-29              -0.045400              -0.003082
2026-03-24 16:34:28,488 - root - INFO - 2025-12-30               0.019530              -0.002576
2026-03-24 16:34:28,488 - root - INFO - 2025-12-31              -0.017737              -0.023420
2026-03-24 16:34:28,488 - root - INFO - 
2026-03-24 16:34:28,489 - root - INFO -             related_stock_36_新筑股份  related_stock_37_瑞泰科技  \
2026-03-24 16:34:28,489 - root - INFO - date
2026-03-24 16:34:28,489 - root - INFO - 2019-01-03              -0.023207               0.015075
2026-03-24 16:34:28,489 - root - INFO - 2019-01-04               0.021598               0.012871
2026-03-24 16:34:28,489 - root - INFO - 2019-01-07               0.038055               0.000978
2026-03-24 16:34:28,489 - root - INFO - 2019-01-08               0.034623               0.000000
2026-03-24 16:34:28,489 - root - INFO - 2019-01-09              -0.007874               0.002930
2026-03-24 16:34:28,489 - root - INFO - ...                           ...                    ...
2026-03-24 16:34:28,489 - root - INFO - 2025-12-25               0.004658               0.028409
2026-03-24 16:34:28,489 - root - INFO - 2025-12-26              -0.006182               0.013812
2026-03-24 16:34:28,489 - root - INFO - 2025-12-29              -0.020218               0.016349
2026-03-24 16:34:28,489 - root - INFO - 2025-12-30              -0.025397               0.070599
2026-03-24 16:34:28,489 - root - INFO - 2025-12-31               0.013029              -0.022538
2026-03-24 16:34:28,490 - root - INFO - 
2026-03-24 16:34:28,491 - root - INFO -             related_stock_38_雅化集团  related_stock_39_科士达  \
2026-03-24 16:34:28,491 - root - INFO - date
2026-03-24 16:34:28,491 - root - INFO - 2019-01-03               0.008996             -0.016575
2026-03-24 16:34:28,491 - root - INFO - 2019-01-04               0.026746              0.037921
2026-03-24 16:34:28,491 - root - INFO - 2019-01-07               0.018813              0.046008
2026-03-24 16:34:28,491 - root - INFO - 2019-01-08              -0.002841             -0.011643
2026-03-24 16:34:28,491 - root - INFO - 2019-01-09              -0.011396              0.002618
2026-03-24 16:34:28,491 - root - INFO - ...                           ...                   ...
2026-03-24 16:34:28,492 - root - INFO - 2025-12-25              -0.011231             -0.009682
2026-03-24 16:34:28,492 - root - INFO - 2025-12-26               0.064909             -0.024247
2026-03-24 16:34:28,492 - root - INFO - 2025-12-29              -0.088000             -0.003006
2026-03-24 16:34:28,492 - root - INFO - 2025-12-30               0.027987             -0.010452
2026-03-24 16:34:28,492 - root - INFO - 2025-12-31               0.005689             -0.014422
2026-03-24 16:34:28,492 - root - INFO - 
2026-03-24 16:34:28,492 - root - INFO -             related_stock_40_普天科技  related_stock_41_比亚迪  \
2026-03-24 16:34:28,492 - root - INFO - date
2026-03-24 16:34:28,493 - root - INFO - 2019-01-03               0.021525             -0.022575
2026-03-24 16:34:28,493 - root - INFO - 2019-01-04               0.035119              0.053891
2026-03-24 16:34:28,493 - root - INFO - 2019-01-07               0.047498              0.014610
2026-03-24 16:34:28,493 - root - INFO - 2019-01-08              -0.029960              0.028994
2026-03-24 16:34:28,494 - root - INFO - 2019-01-09              -0.005843             -0.045764
2026-03-24 16:34:28,494 - root - INFO - ...                           ...                   ...
2026-03-24 16:34:28,494 - root - INFO - 2025-12-25               0.028481              0.004448
2026-03-24 16:34:28,494 - root - INFO - 2025-12-26               0.023385              0.054513
2026-03-24 16:34:28,495 - root - INFO - 2025-12-29               0.008118              0.002000
2026-03-24 16:34:28,495 - root - INFO - 2025-12-30               0.005368             -0.004590
2026-03-24 16:34:28,495 - root - INFO - 2025-12-31               0.023139             -0.020351
2026-03-24 16:34:28,495 - root - INFO - 
2026-03-24 16:34:28,495 - root - INFO -             related_stock_42_天赐材料  related_stock_43_永兴材料  \
2026-03-24 16:34:28,496 - root - INFO - date
2026-03-24 16:34:28,496 - root - INFO - 2019-01-03               0.003752               0.007582
2026-03-24 16:34:28,496 - root - INFO - 2019-01-04               0.014019               0.024247
2026-03-24 16:34:28,496 - root - INFO - 2019-01-07               0.031336               0.013878
2026-03-24 16:34:28,497 - root - INFO - 2019-01-08               0.037980              -0.004831
2026-03-24 16:34:28,497 - root - INFO - 2019-01-09              -0.030133               0.002427
2026-03-24 16:34:28,497 - root - INFO - ...                           ...                    ...
2026-03-24 16:34:28,497 - root - INFO - 2025-12-25              -0.011486              -0.028307
2026-03-24 16:34:28,497 - root - INFO - 2025-12-26               0.062979               0.100079
2026-03-24 16:34:28,497 - root - INFO - 2025-12-29              -0.038041              -0.044316
2026-03-24 16:34:28,498 - root - INFO - 2025-12-30               0.030909               0.022997
2026-03-24 16:34:28,498 - root - INFO - 2025-12-31               0.021384              -0.000369
2026-03-24 16:34:28,498 - root - INFO - 
2026-03-24 16:34:28,499 - root - INFO -             related_stock_44_恩捷股份  related_stock_45_视源股份  \
2026-03-24 16:34:28,499 - root - INFO - date
2026-03-24 16:34:28,499 - root - INFO - 2019-01-03              -0.038894              -0.016267
2026-03-24 16:34:28,500 - root - INFO - 2019-01-04               0.075308               0.023078
2026-03-24 16:34:28,500 - root - INFO - 2019-01-07              -0.009459               0.026821
2026-03-24 16:34:28,500 - root - INFO - 2019-01-08               0.027022              -0.007092
2026-03-24 16:34:28,500 - root - INFO - 2019-01-09              -0.050445              -0.006794
2026-03-24 16:34:28,501 - root - INFO - ...                           ...                    ...
2026-03-24 16:34:28,501 - root - INFO - 2025-12-25               0.001156               0.002830
2026-03-24 16:34:28,501 - root - INFO - 2025-12-26               0.090997               0.000000
2026-03-24 16:34:28,501 - root - INFO - 2025-12-29               0.007582              -0.002822
2026-03-24 16:34:28,502 - root - INFO - 2025-12-30              -0.000175              -0.001286
2026-03-24 16:34:28,502 - root - INFO - 2025-12-31              -0.008577               0.020866
2026-03-24 16:34:28,502 - root - INFO - 
2026-03-24 16:34:28,502 - root - INFO -             related_stock_46_川恒股份  related_stock_47_深南电路  \
2026-03-24 16:34:28,502 - root - INFO - date
2026-03-24 16:34:28,504 - root - INFO - 2019-01-03              -0.044046              -0.040597
2026-03-24 16:34:28,504 - root - INFO - 2019-01-04               0.016212               0.017964
2026-03-24 16:34:28,504 - root - INFO - 2019-01-07               0.013434               0.038693
2026-03-24 16:34:28,505 - root - INFO - 2019-01-08              -0.019056               0.067833
2026-03-24 16:34:28,505 - root - INFO - 2019-01-09               0.005068               0.006482
2026-03-24 16:34:28,505 - root - INFO - ...                           ...                    ...
2026-03-24 16:34:28,505 - root - INFO - 2025-12-25               0.000000              -0.020891
2026-03-24 16:34:28,506 - root - INFO - 2025-12-26               0.010618              -0.018352
2026-03-24 16:34:28,506 - root - INFO - 2025-12-29              -0.010776               0.059171
2026-03-24 16:34:28,506 - root - INFO - 2025-12-30               0.001089               0.001414
2026-03-24 16:34:28,506 - root - INFO - 2025-12-31              -0.002720              -0.006246
2026-03-24 16:34:28,506 - root - INFO - 
2026-03-24 16:34:28,507 - root - INFO -             related_stock_48_德赛西威  related_stock_49_特锐德  \
2026-03-24 16:34:28,507 - root - INFO - date
2026-03-24 16:34:28,507 - root - INFO - 2019-01-03              -0.014172             -0.032516
2026-03-24 16:34:28,507 - root - INFO - 2019-01-04               0.036803              0.030660
2026-03-24 16:34:28,508 - root - INFO - 2019-01-07               0.024958              0.012014
2026-03-24 16:34:28,508 - root - INFO - 2019-01-08              -0.001082             -0.006218
2026-03-24 16:34:28,508 - root - INFO - 2019-01-09               0.055255             -0.038680
2026-03-24 16:34:28,508 - root - INFO - ...                           ...                   ...
2026-03-24 16:34:28,509 - root - INFO - 2025-12-25              -0.020735             -0.001875
2026-03-24 16:34:28,509 - root - INFO - 2025-12-26              -0.015881             -0.008268
2026-03-24 16:34:28,509 - root - INFO - 2025-12-29              -0.011002             -0.014020
2026-03-24 16:34:28,509 - root - INFO - 2025-12-30               0.006510             -0.001922
2026-03-24 16:34:28,509 - root - INFO - 2025-12-31              -0.015065             -0.011167
2026-03-24 16:34:28,510 - root - INFO - 
2026-03-24 16:34:28,510 - root - INFO -             related_stock_50_亿纬锂能  related_stock_51_新宙邦  \
2026-03-24 16:34:28,510 - root - INFO - date
2026-03-24 16:34:28,510 - root - INFO - 2019-01-03               0.008799             -0.029633
2026-03-24 16:34:28,510 - root - INFO - 2019-01-04              -0.008100              0.046882
2026-03-24 16:34:28,511 - root - INFO - 2019-01-07               0.015075              0.000822
2026-03-24 16:34:28,511 - root - INFO - 2019-01-08               0.086015              0.032430
2026-03-24 16:34:28,511 - root - INFO - 2019-01-09              -0.058689             -0.056064
2026-03-24 16:34:28,511 - root - INFO - ...                           ...                   ...
2026-03-24 16:34:28,511 - root - INFO - 2025-12-25              -0.003656              0.010736
2026-03-24 16:34:28,511 - root - INFO - 2025-12-26               0.013266              0.017704
2026-03-24 16:34:28,512 - root - INFO - 2025-12-29              -0.044290             -0.049991
2026-03-24 16:34:28,512 - root - INFO - 2025-12-30              -0.013407              0.012722
2026-03-24 16:34:28,512 - root - INFO - 2025-12-31              -0.028656             -0.002665
2026-03-24 16:34:28,512 - root - INFO - 
2026-03-24 16:34:28,512 - root - INFO -             related_stock_52_南都电源  related_stock_53_当升科技  \
2026-03-24 16:34:28,512 - root - INFO - date
2026-03-24 16:34:28,512 - root - INFO - 2019-01-03              -0.003526              -0.034608
2026-03-24 16:34:28,513 - root - INFO - 2019-01-04              -0.050248               0.048679
2026-03-24 16:34:28,513 - root - INFO - 2019-01-07               0.041729              -0.007557
2026-03-24 16:34:28,513 - root - INFO - 2019-01-08               0.011445               0.031907
2026-03-24 16:34:28,513 - root - INFO - 2019-01-09              -0.000707              -0.047786
2026-03-24 16:34:28,513 - root - INFO - ...                           ...                    ...
2026-03-24 16:34:28,513 - root - INFO - 2025-12-25               0.013836               0.000679
2026-03-24 16:34:28,514 - root - INFO - 2025-12-26               0.004342               0.026477
2026-03-24 16:34:28,519 - root - INFO - 2025-12-29              -0.023471              -0.033069
2026-03-24 16:34:28,521 - root - INFO - 2025-12-30              -0.001265              -0.002052
2026-03-24 16:34:28,522 - root - INFO - 2025-12-31              -0.015833              -0.009596
2026-03-24 16:34:28,522 - root - INFO - 
2026-03-24 16:34:28,522 - root - INFO -             related_stock_54_东方日升  related_stock_55_汇川技术  \
2026-03-24 16:34:28,522 - root - INFO - date
2026-03-24 16:34:28,523 - root - INFO - 2019-01-03              -0.012238              -0.010891
2026-03-24 16:34:28,523 - root - INFO - 2019-01-04               0.024779               0.017017
2026-03-24 16:34:28,523 - root - INFO - 2019-01-07               0.046632               0.050689
2026-03-24 16:34:28,523 - root - INFO - 2019-01-08               0.014851               0.003279
2026-03-24 16:34:28,523 - root - INFO - 2019-01-09              -0.006504               0.008403
2026-03-24 16:34:28,524 - root - INFO - ...                           ...                    ...
2026-03-24 16:34:28,524 - root - INFO - 2025-12-25               0.054688               0.018104
2026-03-24 16:34:28,524 - root - INFO - 2025-12-26               0.057239              -0.005022
2026-03-24 16:34:28,524 - root - INFO - 2025-12-29               0.006369               0.002046
2026-03-24 16:34:28,524 - root - INFO - 2025-12-30              -0.083544               0.041253
2026-03-24 16:34:28,524 - root - INFO - 2025-12-31               0.012431              -0.015037
2026-03-24 16:34:28,525 - root - INFO - 
2026-03-24 16:34:28,525 - root - INFO -             related_stock_56_和顺电气  related_stock_57_阳光电源  \
2026-03-24 16:34:28,525 - root - INFO - date
2026-03-24 16:34:28,525 - root - INFO - 2019-01-03              -0.008746              -0.021889
2026-03-24 16:34:28,525 - root - INFO - 2019-01-04               0.044118               0.025913
2026-03-24 16:34:28,525 - root - INFO - 2019-01-07               0.039437               0.041332
2026-03-24 16:34:28,525 - root - INFO - 2019-01-08              -0.017615              -0.009923
2026-03-24 16:34:28,525 - root - INFO - 2019-01-09               0.100690              -0.010022
2026-03-24 16:34:28,526 - root - INFO - ...                           ...                    ...
2026-03-24 16:34:28,526 - root - INFO - 2025-12-25               0.103896               0.012057
2026-03-24 16:34:28,527 - root - INFO - 2025-12-26               0.007843               0.078628
2026-03-24 16:34:28,527 - root - INFO - 2025-12-29               0.017121              -0.029600
2026-03-24 16:34:28,527 - root - INFO - 2025-12-30              -0.027544               0.019064
2026-03-24 16:34:28,527 - root - INFO - 2025-12-31              -0.011015              -0.044843
2026-03-24 16:34:28,527 - root - INFO - 
2026-03-24 16:34:28,527 - root - INFO -             related_stock_58_永贵电器  related_stock_59_天华新能  \
2026-03-24 16:34:28,527 - root - INFO - date
2026-03-24 16:34:28,528 - root - INFO - 2019-01-03               0.001238              -0.016927
2026-03-24 16:34:28,528 - root - INFO - 2019-01-04               0.028430               0.041060
2026-03-24 16:34:28,528 - root - INFO - 2019-01-07               0.099760               0.007634
2026-03-24 16:34:28,528 - root - INFO - 2019-01-08               0.038251              -0.006313
2026-03-24 16:34:28,529 - root - INFO - 2019-01-09               0.083158              -0.003812
2026-03-24 16:34:28,529 - root - INFO - ...                           ...                    ...
2026-03-24 16:34:28,529 - root - INFO - 2025-12-25               0.013956              -0.009195
2026-03-24 16:34:28,529 - root - INFO - 2025-12-26              -0.020116               0.080114
2026-03-24 16:34:28,529 - root - INFO - 2025-12-29              -0.008104              -0.057338
2026-03-24 16:34:28,529 - root - INFO - 2025-12-30              -0.009259               0.053757
2026-03-24 16:34:28,529 - root - INFO - 2025-12-31              -0.008796              -0.036011
2026-03-24 16:34:28,529 - root - INFO - 
2026-03-24 16:34:28,530 - root - INFO -             related_stock_60_正业科技  related_stock_61_富临精工  \
2026-03-24 16:34:28,530 - root - INFO - date
2026-03-24 16:34:28,530 - root - INFO - 2019-01-03              -0.011330               0.012153
2026-03-24 16:34:28,530 - root - INFO - 2019-01-04               0.034380               0.025729
2026-03-24 16:34:28,530 - root - INFO - 2019-01-07               0.016378               0.015050
2026-03-24 16:34:28,530 - root - INFO - 2019-01-08               0.011848               0.023064
2026-03-24 16:34:28,530 - root - INFO - 2019-01-09               0.000000               0.014493
2026-03-24 16:34:28,531 - root - INFO - ...                           ...                    ...
2026-03-24 16:34:28,531 - root - INFO - 2025-12-25               0.000000               0.021767
2026-03-24 16:34:28,531 - root - INFO - 2025-12-26              -0.009412               0.015664
2026-03-24 16:34:28,531 - root - INFO - 2025-12-29              -0.013064              -0.004318
2026-03-24 16:34:28,531 - root - INFO - 2025-12-30              -0.013237               0.035936
2026-03-24 16:34:28,531 - root - INFO - 2025-12-31              -0.002439              -0.001196
2026-03-24 16:34:28,532 - root - INFO - 
2026-03-24 16:34:28,532 - root - INFO -             related_stock_62_鹏辉能源  related_stock_63_先导智能  \
2026-03-24 16:34:28,532 - root - INFO - date
2026-03-24 16:34:28,532 - root - INFO - 2019-01-03              -0.026284              -0.045643
2026-03-24 16:34:28,532 - root - INFO - 2019-01-04               0.055869              -0.032609
2026-03-24 16:34:28,532 - root - INFO - 2019-01-07               0.009512               0.035581
2026-03-24 16:34:28,532 - root - INFO - 2019-01-08               0.017079               0.037975
2026-03-24 16:34:28,532 - root - INFO - 2019-01-09              -0.020845              -0.041812
2026-03-24 16:34:28,532 - root - INFO - ...                           ...                    ...
2026-03-24 16:34:28,532 - root - INFO - 2025-12-25               0.004363               0.022504
2026-03-24 16:34:28,532 - root - INFO - 2025-12-26               0.002433              -0.001179
2026-03-24 16:34:28,534 - root - INFO - 2025-12-29              -0.033975              -0.005902
2026-03-24 16:34:28,534 - root - INFO - 2025-12-30              -0.007716               0.005343
2026-03-24 16:34:28,534 - root - INFO - 2025-12-31              -0.037613              -0.016142
2026-03-24 16:34:28,534 - root - INFO - 
2026-03-24 16:34:28,534 - root - INFO -             related_stock_64_蓝海华腾  related_stock_65_通合科技  \
2026-03-24 16:34:28,534 - root - INFO - date
2026-03-24 16:34:28,535 - root - INFO - 2019-01-03               0.016904               0.049536
2026-03-24 16:34:28,535 - root - INFO - 2019-01-04               0.047244               0.031858
2026-03-24 16:34:28,535 - root - INFO - 2019-01-07               0.009190               0.001144
2026-03-24 16:34:28,535 - root - INFO - 2019-01-08              -0.019040              -0.036551
2026-03-24 16:34:28,535 - root - INFO - 2019-01-09              -0.015190              -0.013041
2026-03-24 16:34:28,535 - root - INFO - ...                           ...                    ...
2026-03-24 16:34:28,535 - root - INFO - 2025-12-25               0.020224              -0.045035
2026-03-24 16:34:28,536 - root - INFO - 2025-12-26              -0.011476              -0.023394
2026-03-24 16:34:28,536 - root - INFO - 2025-12-29              -0.001583              -0.028517
2026-03-24 16:34:28,536 - root - INFO - 2025-12-30               0.009514              -0.018787
2026-03-24 16:34:28,536 - root - INFO - 2025-12-31              -0.002618               0.002393
2026-03-24 16:34:28,536 - root - INFO - 
2026-03-24 16:34:28,536 - root - INFO -             related_stock_66_星源材质  related_stock_67_金银河  \
2026-03-24 16:34:28,537 - root - INFO - date
2026-03-24 16:34:28,537 - root - INFO - 2019-01-03              -0.004980              0.059744
2026-03-24 16:34:28,537 - root - INFO - 2019-01-04               0.038672              0.034228
2026-03-24 16:34:28,537 - root - INFO - 2019-01-07               0.011827             -0.015899
2026-03-24 16:34:28,537 - root - INFO - 2019-01-08               0.017749              0.009232
2026-03-24 16:34:28,537 - root - INFO - 2019-01-09              -0.034453             -0.042143
2026-03-24 16:34:28,538 - root - INFO - ...                           ...                   ...
2026-03-24 16:34:28,538 - root - INFO - 2025-12-25              -0.009321              0.002004
2026-03-24 16:34:28,538 - root - INFO - 2025-12-26               0.088710              0.031556
2026-03-24 16:34:28,538 - root - INFO - 2025-12-29              -0.032099             -0.054287
2026-03-24 16:34:28,538 - root - INFO - 2025-12-30              -0.002551              0.017768
2026-03-24 16:34:28,538 - root - INFO - 2025-12-31              -0.024936             -0.017457
2026-03-24 16:34:28,538 - root - INFO - 
2026-03-24 16:34:28,539 - root - INFO -             related_stock_68_盛弘股份  related_stock_69_英可瑞  \
2026-03-24 16:34:28,539 - root - INFO - date
2026-03-24 16:34:28,539 - root - INFO - 2019-01-03               0.005413             -0.012322
2026-03-24 16:34:28,539 - root - INFO - 2019-01-04               0.028264              0.022553
2026-03-24 16:34:28,539 - root - INFO - 2019-01-07               0.052356              0.025809
2026-03-24 16:34:28,539 - root - INFO - 2019-01-08              -0.004975             -0.002745
2026-03-24 16:34:28,540 - root - INFO - 2019-01-09              -0.005000             -0.004587
2026-03-24 16:34:28,540 - root - INFO - ...                           ...                   ...
2026-03-24 16:34:28,540 - root - INFO - 2025-12-25              -0.007387              0.000000
2026-03-24 16:34:28,540 - root - INFO - 2025-12-26              -0.005210             -0.010164
2026-03-24 16:34:28,540 - root - INFO - 2025-12-29              -0.017955             -0.005134
2026-03-24 16:34:28,541 - root - INFO - 2025-12-30              -0.007618             -0.012615
2026-03-24 16:34:28,541 - root - INFO - 2025-12-31              -0.020471              0.004646
2026-03-24 16:34:28,541 - root - INFO - 
2026-03-24 16:34:28,541 - root - INFO -             related_stock_70_欣锐科技  related_stock_71_迈为股份  \
2026-03-24 16:34:28,541 - root - INFO - date
2026-03-24 16:34:28,541 - root - INFO - 2019-01-03              -0.045872               0.007320
2026-03-24 16:34:28,541 - root - INFO - 2019-01-04               0.018630               0.069110
2026-03-24 16:34:28,541 - root - INFO - 2019-01-07               0.019469               0.063534
2026-03-24 16:34:28,542 - root - INFO - 2019-01-08              -0.012731              -0.006669
2026-03-24 16:34:28,542 - root - INFO - 2019-01-09               0.000586              -0.027622
2026-03-24 16:34:28,542 - root - INFO - ...                           ...                    ...
2026-03-24 16:34:28,542 - root - INFO - 2025-12-25               0.023766               0.047100
2026-03-24 16:34:28,542 - root - INFO - 2025-12-26              -0.037143              -0.022062
2026-03-24 16:34:28,542 - root - INFO - 2025-12-29              -0.024110               0.200000
2026-03-24 16:34:28,542 - root - INFO - 2025-12-30              -0.014823              -0.064387
2026-03-24 16:34:28,542 - root - INFO - 2025-12-31              -0.006173               0.072306
2026-03-24 16:34:28,543 - root - INFO - 
2026-03-24 16:34:28,543 - root - INFO -             related_stock_72_浦发银行  related_stock_73_中信证券  \
2026-03-24 16:34:28,543 - root - INFO - date
2026-03-24 16:34:28,543 - root - INFO - 2019-01-03               0.011340               0.000000
2026-03-24 16:34:28,543 - root - INFO - 2019-01-04               0.015291               0.000000
2026-03-24 16:34:28,543 - root - INFO - 2019-01-07               0.002008               0.000000
2026-03-24 16:34:28,543 - root - INFO - 2019-01-08              -0.002004               0.000000
2026-03-24 16:34:28,543 - root - INFO - 2019-01-09               0.003012               0.000000
2026-03-24 16:34:28,544 - root - INFO - ...                           ...                    ...
2026-03-24 16:34:28,544 - root - INFO - 2025-12-25              -0.003387               0.007655
2026-03-24 16:34:28,544 - root - INFO - 2025-12-26              -0.004248               0.004834
2026-03-24 16:34:28,544 - root - INFO - 2025-12-29               0.038396              -0.005498
2026-03-24 16:34:28,544 - root - INFO - 2025-12-30               0.018077              -0.003801
2026-03-24 16:34:28,544 - root - INFO - 2025-12-31               0.004036              -0.004162
2026-03-24 16:34:28,544 - root - INFO - 
2026-03-24 16:34:28,544 - root - INFO -             related_stock_74_招商银行  related_stock_75_中直股份  \
2026-03-24 16:34:28,545 - root - INFO - date
2026-03-24 16:34:28,545 - root - INFO - 2019-01-03               0.012617               0.037600
2026-03-24 16:34:28,545 - root - INFO - 2019-01-04               0.025322               0.017733
2026-03-24 16:34:28,545 - root - INFO - 2019-01-07               0.000392               0.027778
2026-03-24 16:34:28,545 - root - INFO - 2019-01-08              -0.011755               0.002948
2026-03-24 16:34:28,545 - root - INFO - 2019-01-09               0.019033              -0.007349
2026-03-24 16:34:28,545 - root - INFO - ...                           ...                    ...
2026-03-24 16:34:28,545 - root - INFO - 2025-12-25              -0.001195               0.013571
2026-03-24 16:34:28,545 - root - INFO - 2025-12-26              -0.001915              -0.005858
2026-03-24 16:34:28,545 - root - INFO - 2025-12-29               0.004077               0.008698
2026-03-24 16:34:28,545 - root - INFO - 2025-12-30               0.009792              -0.005563
2026-03-24 16:34:28,545 - root - INFO - 2025-12-31              -0.004257               0.010629
2026-03-24 16:34:28,547 - root - INFO - 
2026-03-24 16:34:28,547 - root - INFO -             related_stock_76_特变电工  related_stock_77_云天化  \
2026-03-24 16:34:28,547 - root - INFO - date
2026-03-24 16:34:28,547 - root - INFO - 2019-01-03               0.000000              0.000000
2026-03-24 16:34:28,547 - root - INFO - 2019-01-04               0.052023              0.020284
2026-03-24 16:34:28,547 - root - INFO - 2019-01-07               0.023352              0.013917
2026-03-24 16:34:28,547 - root - INFO - 2019-01-08              -0.014765             -0.005882
2026-03-24 16:34:28,547 - root - INFO - 2019-01-09              -0.004087              0.000000
2026-03-24 16:34:28,548 - root - INFO - ...                           ...                   ...
2026-03-24 16:34:28,548 - root - INFO - 2025-12-25               0.000433              0.024683
2026-03-24 16:34:28,548 - root - INFO - 2025-12-26               0.014267              0.039620
2026-03-24 16:34:28,548 - root - INFO - 2025-12-29              -0.031969             -0.006707
2026-03-24 16:34:28,548 - root - INFO - 2025-12-30              -0.004844              0.038060
2026-03-24 16:34:28,548 - root - INFO - 2025-12-31              -0.016814             -0.012123
2026-03-24 16:34:28,548 - root - INFO - 
2026-03-24 16:34:28,549 - root - INFO -             related_stock_78_上汽集团  related_stock_79_诺德股份  \
2026-03-24 16:34:28,549 - root - INFO - date
2026-03-24 16:34:28,549 - root - INFO - 2019-01-03              -0.018225              -0.004963
2026-03-24 16:34:28,549 - root - INFO - 2019-01-04              -0.001211               0.014963
2026-03-24 16:34:28,549 - root - INFO - 2019-01-07              -0.006061               0.029484
2026-03-24 16:34:28,549 - root - INFO - 2019-01-08              -0.012195              -0.009547
2026-03-24 16:34:28,549 - root - INFO - 2019-01-09               0.037037               0.009639
2026-03-24 16:34:28,549 - root - INFO - ...                           ...                    ...
2026-03-24 16:34:28,549 - root - INFO - 2025-12-25               0.000000              -0.018717
2026-03-24 16:34:28,549 - root - INFO - 2025-12-26               0.003238               0.006812
2026-03-24 16:34:28,549 - root - INFO - 2025-12-29              -0.007747              -0.023004
2026-03-24 16:34:28,549 - root - INFO - 2025-12-30              -0.001301              -0.005540
2026-03-24 16:34:28,550 - root - INFO - 2025-12-31              -0.008469              -0.012535
2026-03-24 16:34:28,550 - root - INFO - 
2026-03-24 16:34:28,550 - root - INFO -             related_stock_80_北方稀土  related_stock_81_中国卫星  \
2026-03-24 16:34:28,550 - root - INFO - date
2026-03-24 16:34:28,550 - root - INFO - 2019-01-03               0.014960               0.017146
2026-03-24 16:34:28,550 - root - INFO - 2019-01-04               0.040816               0.004894
2026-03-24 16:34:28,550 - root - INFO - 2019-01-07               0.010893               0.021104
2026-03-24 16:34:28,550 - root - INFO - 2019-01-08              -0.012931              -0.030737
2026-03-24 16:34:28,550 - root - INFO - 2019-01-09              -0.006550              -0.003280
2026-03-24 16:34:28,551 - root - INFO - ...                           ...                    ...
2026-03-24 16:34:28,551 - root - INFO - 2025-12-25               0.008987               0.099970
2026-03-24 16:34:28,551 - root - INFO - 2025-12-26               0.001738               0.099959
2026-03-24 16:34:28,551 - root - INFO - 2025-12-29              -0.007374               0.100000
2026-03-24 16:34:28,551 - root - INFO - 2025-12-30               0.004370              -0.019091
2026-03-24 16:34:28,551 - root - INFO - 2025-12-31               0.003263               0.099977
2026-03-24 16:34:28,552 - root - INFO - 
2026-03-24 16:34:28,552 - root - INFO -             related_stock_82_生益科技  related_stock_83_南山铝业  \
2026-03-24 16:34:28,552 - root - INFO - date
2026-03-24 16:34:28,552 - root - INFO - 2019-01-03              -0.022977               0.000000
2026-03-24 16:34:28,552 - root - INFO - 2019-01-04              -0.007157               0.018957
2026-03-24 16:34:28,552 - root - INFO - 2019-01-07               0.052523               0.018605
2026-03-24 16:34:28,553 - root - INFO - 2019-01-08              -0.015656              -0.004566
2026-03-24 16:34:28,553 - root - INFO - 2019-01-09              -0.012922               0.004587
2026-03-24 16:34:28,553 - root - INFO - ...                           ...                    ...
2026-03-24 16:34:28,553 - root - INFO - 2025-12-25              -0.026446              -0.007921
2026-03-24 16:34:28,553 - root - INFO - 2025-12-26               0.054046               0.059880
2026-03-24 16:34:28,554 - root - INFO - 2025-12-29              -0.017450              -0.015066
2026-03-24 16:34:28,554 - root - INFO - 2025-12-30              -0.033333               0.015296
2026-03-24 16:34:28,554 - root - INFO - 2025-12-31               0.009186               0.013183
2026-03-24 16:34:28,554 - root - INFO - 
2026-03-24 16:34:28,554 - root - INFO -             related_stock_84_恒瑞医药  related_stock_85_恒顺醋业  \
2026-03-24 16:34:28,554 - root - INFO - date
2026-03-24 16:34:28,554 - root - INFO - 2019-01-03              -0.035869              -0.045367
2026-03-24 16:34:28,555 - root - INFO - 2019-01-04               0.064226               0.026289
2026-03-24 16:34:28,555 - root - INFO - 2019-01-07              -0.014351               0.048276
2026-03-24 16:34:28,555 - root - INFO - 2019-01-08               0.007654               0.005639
2026-03-24 16:34:28,555 - root - INFO - 2019-01-09               0.028714               0.007477
2026-03-24 16:34:28,555 - root - INFO - ...                           ...                    ...
2026-03-24 16:34:28,555 - root - INFO - 2025-12-25               0.002776              -0.001252
2026-03-24 16:34:28,555 - root - INFO - 2025-12-26              -0.005537              -0.007519
2026-03-24 16:34:28,556 - root - INFO - 2025-12-29              -0.009008              -0.010101
2026-03-24 16:34:28,556 - root - INFO - 2025-12-30              -0.005454               0.002551
2026-03-24 16:34:28,556 - root - INFO - 2025-12-31              -0.010136               0.007634
2026-03-24 16:34:28,556 - root - INFO - 
2026-03-24 16:34:28,556 - root - INFO -             related_stock_86_平高电气  related_stock_87_西藏珠峰  \
2026-03-24 16:34:28,556 - root - INFO - date
2026-03-24 16:34:28,556 - root - INFO - 2019-01-03              -0.037958               0.001566
2026-03-24 16:34:28,556 - root - INFO - 2019-01-04               0.059864               0.015633
2026-03-24 16:34:28,557 - root - INFO - 2019-01-07               0.100128               0.006670
2026-03-24 16:34:28,557 - root - INFO - 2019-01-08               0.010502              -0.002548
2026-03-24 16:34:28,557 - root - INFO - 2019-01-09              -0.008083               0.000511
2026-03-24 16:34:28,557 - root - INFO - ...                           ...                    ...
2026-03-24 16:34:28,557 - root - INFO - 2025-12-25               0.006749              -0.011863
2026-03-24 16:34:28,557 - root - INFO - 2025-12-26               0.005587               0.062853
2026-03-24 16:34:28,557 - root - INFO - 2025-12-29              -0.030556               0.018605
2026-03-24 16:34:28,558 - root - INFO - 2025-12-30              -0.005158              -0.013699
2026-03-24 16:34:28,558 - root - INFO - 2025-12-31              -0.000576              -0.005291
2026-03-24 16:34:28,558 - root - INFO - 
2026-03-24 16:34:28,558 - root - INFO -             related_stock_88_江西铜业  related_stock_89_宁波韵升  \
2026-03-24 16:34:28,558 - root - INFO - date
2026-03-24 16:34:28,558 - root - INFO - 2019-01-03              -0.001540              -0.006024
2026-03-24 16:34:28,558 - root - INFO - 2019-01-04               0.016191               0.028283
2026-03-24 16:34:28,559 - root - INFO - 2019-01-07               0.027314               0.029470
2026-03-24 16:34:28,559 - root - INFO - 2019-01-08              -0.011817              -0.005725
2026-03-24 16:34:28,559 - root - INFO - 2019-01-09               0.000000              -0.005758
2026-03-24 16:34:28,559 - root - INFO - ...                           ...                    ...
2026-03-24 16:34:28,559 - root - INFO - 2025-12-25               0.019026               0.021676
2026-03-24 16:34:28,559 - root - INFO - 2025-12-26               0.099954              -0.012023
2026-03-24 16:34:28,559 - root - INFO - 2025-12-29               0.014076              -0.004295
2026-03-24 16:34:28,559 - root - INFO - 2025-12-30               0.025720               0.002876
2026-03-24 16:34:28,560 - root - INFO - 2025-12-31               0.092935              -0.011470
2026-03-24 16:34:28,560 - root - INFO - 
2026-03-24 16:34:28,560 - root - INFO -             related_stock_90_红星发展  related_stock_91_盛和资源  \
2026-03-24 16:34:28,560 - root - INFO - date
2026-03-24 16:34:28,560 - root - INFO - 2019-01-03               0.007042               0.002008
2026-03-24 16:34:28,560 - root - INFO - 2019-01-04               0.020979               0.012024
2026-03-24 16:34:28,560 - root - INFO - 2019-01-07               0.021918               0.005941
2026-03-24 16:34:28,560 - root - INFO - 2019-01-08              -0.006702              -0.003937
2026-03-24 16:34:28,561 - root - INFO - 2019-01-09               0.000000               0.000000
2026-03-24 16:34:28,561 - root - INFO - ...                           ...                    ...
2026-03-24 16:34:28,561 - root - INFO - 2025-12-25              -0.035655              -0.002101
2026-03-24 16:34:28,561 - root - INFO - 2025-12-26               0.027730              -0.002105
2026-03-24 16:34:28,561 - root - INFO - 2025-12-29               0.016863               0.000000
2026-03-24 16:34:28,561 - root - INFO - 2025-12-30              -0.011056              -0.006329
2026-03-24 16:34:28,561 - root - INFO - 2025-12-31              -0.023477              -0.010616
2026-03-24 16:34:28,561 - root - INFO - 
2026-03-24 16:34:28,561 - root - INFO -             related_stock_92_通威股份  related_stock_93_贵研铂业  \
2026-03-24 16:34:28,561 - root - INFO - date
2026-03-24 16:34:28,561 - root - INFO - 2019-01-03              -0.041063               0.033539
2026-03-24 16:34:28,561 - root - INFO - 2019-01-04               0.017632               0.023057
2026-03-24 16:34:28,561 - root - INFO - 2019-01-07               0.051980               0.021703
2026-03-24 16:34:28,563 - root - INFO - 2019-01-08              -0.002353              -0.015523
2026-03-24 16:34:28,563 - root - INFO - 2019-01-09              -0.020047               0.023237
2026-03-24 16:34:28,563 - root - INFO - ...                           ...                    ...
2026-03-24 16:34:28,563 - root - INFO - 2025-12-25               0.016160              -0.048828
2026-03-24 16:34:28,563 - root - INFO - 2025-12-26               0.019645               0.013860
2026-03-24 16:34:28,563 - root - INFO - 2025-12-29              -0.013303              -0.018228
2026-03-24 16:34:28,563 - root - INFO - 2025-12-30              -0.023245              -0.028365
2026-03-24 16:34:28,563 - root - INFO - 2025-12-31              -0.023322              -0.012208
2026-03-24 16:34:28,563 - root - INFO - 
2026-03-24 16:34:28,564 - root - INFO -             related_stock_94_士兰微  related_stock_95_方大炭素  \
2026-03-24 16:34:28,564 - root - INFO - date
2026-03-24 16:34:28,564 - root - INFO - 2019-01-03              0.001232              -0.017109
2026-03-24 16:34:28,564 - root - INFO - 2019-01-04              0.025830               0.025810
2026-03-24 16:34:28,564 - root - INFO - 2019-01-07              0.025180               0.010532
2026-03-24 16:34:28,564 - root - INFO - 2019-01-08             -0.017544              -0.010423
2026-03-24 16:34:28,564 - root - INFO - 2019-01-09              0.100000               0.004681
2026-03-24 16:34:28,564 - root - INFO - ...                          ...                    ...
2026-03-24 16:34:28,565 - root - INFO - 2025-12-25              0.001769               0.000000
2026-03-24 16:34:28,565 - root - INFO - 2025-12-26             -0.003886               0.019130
2026-03-24 16:34:28,565 - root - INFO - 2025-12-29             -0.007801              -0.015358
2026-03-24 16:34:28,565 - root - INFO - 2025-12-30              0.007505              -0.003466
2026-03-24 16:34:28,565 - root - INFO - 2025-12-31              0.007804              -0.010435
2026-03-24 16:34:28,565 - root - INFO - 
2026-03-24 16:34:28,565 - root - INFO -             related_stock_96_中天科技  related_stock_97_山东黄金  \
2026-03-24 16:34:28,565 - root - INFO - date
2026-03-24 16:34:28,565 - root - INFO - 2019-01-03              -0.037530               0.019344
2026-03-24 16:34:28,566 - root - INFO - 2019-01-04               0.027673              -0.001608
2026-03-24 16:34:28,566 - root - INFO - 2019-01-07               0.029376              -0.004510
2026-03-24 16:34:28,566 - root - INFO - 2019-01-08              -0.010702              -0.055340
2026-03-24 16:34:28,566 - root - INFO - 2019-01-09              -0.007212               0.010277
2026-03-24 16:34:28,567 - root - INFO - ...                           ...                    ...
2026-03-24 16:34:28,567 - root - INFO - 2025-12-25              -0.037461              -0.027695
2026-03-24 16:34:28,567 - root - INFO - 2025-12-26              -0.005405               0.018732
2026-03-24 16:34:28,567 - root - INFO - 2025-12-29              -0.016304              -0.026448
2026-03-24 16:34:28,567 - root - INFO - 2025-12-30              -0.001105              -0.003622
2026-03-24 16:34:28,567 - root - INFO - 2025-12-31               0.002212               0.005193
2026-03-24 16:34:28,567 - root - INFO - 
2026-03-24 16:34:28,567 - root - INFO -             related_stock_98_厦门钨业  related_stock_99_卧龙电驱  \
2026-03-24 16:34:28,567 - root - INFO - date
2026-03-24 16:34:28,568 - root - INFO - 2019-01-03               0.005068               0.001582
2026-03-24 16:34:28,568 - root - INFO - 2019-01-04               0.032773               0.026856
2026-03-24 16:34:28,568 - root - INFO - 2019-01-07               0.017087               0.035385
2026-03-24 16:34:28,568 - root - INFO - 2019-01-08              -0.014400               0.002972
2026-03-24 16:34:28,568 - root - INFO - 2019-01-09              -0.000812              -0.007407
2026-03-24 16:34:28,568 - root - INFO - ...                           ...                    ...
2026-03-24 16:34:28,569 - root - INFO - 2025-12-25              -0.019742               0.042834
2026-03-24 16:34:28,569 - root - INFO - 2025-12-26               0.021382               0.015731
2026-03-24 16:34:28,569 - root - INFO - 2025-12-29              -0.012658              -0.003011
2026-03-24 16:34:28,569 - root - INFO - 2025-12-30               0.008136               0.070766
2026-03-24 16:34:28,569 - root - INFO - 2025-12-31               0.004157              -0.010679
2026-03-24 16:34:28,570 - root - INFO - 
2026-03-24 16:34:28,570 - root - INFO -             related_stock_100_长飞光纤  related_stock_101_新安股份  \
2026-03-24 16:34:28,570 - root - INFO - date
2026-03-24 16:34:28,570 - root - INFO - 2019-01-03               -0.004860               -0.005597
2026-03-24 16:34:28,570 - root - INFO - 2019-01-04                0.024420                0.022514
2026-03-24 16:34:28,570 - root - INFO - 2019-01-07                0.035757                0.013761
2026-03-24 16:34:28,571 - root - INFO - 2019-01-08               -0.010357               -0.008145
2026-03-24 16:34:28,571 - root - INFO - 2019-01-09                0.030233                0.009124
2026-03-24 16:34:28,571 - root - INFO - ...                            ...                     ...
2026-03-24 16:34:28,571 - root - INFO - 2025-12-25                0.000269                0.014184
2026-03-24 16:34:28,571 - root - INFO - 2025-12-26               -0.008888                0.009615
2026-03-24 16:34:28,571 - root - INFO - 2025-12-29               -0.004891                0.006926
2026-03-24 16:34:28,571 - root - INFO - 2025-12-30                0.013108                0.001720
2026-03-24 16:34:28,571 - root - INFO - 2025-12-31               -0.008625               -0.015451
2026-03-24 16:34:28,572 - root - INFO - 
2026-03-24 16:34:28,572 - root - INFO -             related_stock_102_绿地控股  related_stock_103_福耀玻璃  \
2026-03-24 16:34:28,572 - root - INFO - date
2026-03-24 16:34:28,572 - root - INFO - 2019-01-03               -0.003300               -0.035651
2026-03-24 16:34:28,572 - root - INFO - 2019-01-04                0.019868                0.004159
2026-03-24 16:34:28,572 - root - INFO - 2019-01-07                0.011364                0.011505
2026-03-24 16:34:28,572 - root - INFO - 2019-01-08               -0.004815               -0.010919
2026-03-24 16:34:28,572 - root - INFO - 2019-01-09                0.004839                0.033579
2026-03-24 16:34:28,573 - root - INFO - ...                            ...                     ...
2026-03-24 16:34:28,573 - root - INFO - 2025-12-25                0.006024                0.006975
2026-03-24 16:34:28,573 - root - INFO - 2025-12-26               -0.005988                0.002991
2026-03-24 16:34:28,573 - root - INFO - 2025-12-29               -0.006024               -0.008319
2026-03-24 16:34:28,573 - root - INFO - 2025-12-30               -0.006061                0.020893
2026-03-24 16:34:28,573 - root - INFO - 2025-12-31                0.012195                0.004186
2026-03-24 16:34:28,573 - root - INFO - 
2026-03-24 16:34:28,573 - root - INFO -             related_stock_104_青岛海尔  related_stock_105_祁连山  \
2026-03-24 16:34:28,574 - root - INFO - date
2026-03-24 16:34:28,574 - root - INFO - 2019-01-03               -0.005913              -0.009390
2026-03-24 16:34:28,574 - root - INFO - 2019-01-04                0.010409               0.020537
2026-03-24 16:34:28,574 - root - INFO - 2019-01-07               -0.012509               0.010836
2026-03-24 16:34:28,574 - root - INFO - 2019-01-08               -0.011923               0.016845
2026-03-24 16:34:28,574 - root - INFO - 2019-01-09                0.055807              -0.003012
2026-03-24 16:34:28,574 - root - INFO - ...                            ...                    ...
2026-03-24 16:34:28,574 - root - INFO - 2025-12-25                0.001490               0.000000
2026-03-24 16:34:28,575 - root - INFO - 2025-12-26               -0.005208              -0.004065
2026-03-24 16:34:28,575 - root - INFO - 2025-12-29               -0.005984              -0.002721
2026-03-24 16:34:28,575 - root - INFO - 2025-12-30               -0.001505              -0.004093
2026-03-24 16:34:28,575 - root - INFO - 2025-12-31               -0.016956              -0.010959
2026-03-24 16:34:28,575 - root - INFO - 
2026-03-24 16:34:28,575 - root - INFO -             related_stock_106_华域汽车  related_stock_107_闻泰科技  \
2026-03-24 16:34:28,575 - root - INFO - date
2026-03-24 16:34:28,575 - root - INFO - 2019-01-03               -0.052055               -0.082179
2026-03-24 16:34:28,576 - root - INFO - 2019-01-04                0.009827                0.071317
2026-03-24 16:34:28,576 - root - INFO - 2019-01-07                0.016600                0.020408
2026-03-24 16:34:28,576 - root - INFO - 2019-01-08                0.006757               -0.021905
2026-03-24 16:34:28,576 - root - INFO - 2019-01-09                0.053132                0.032132
2026-03-24 16:34:28,576 - root - INFO - ...                            ...                     ...
2026-03-24 16:34:28,576 - root - INFO - 2025-12-25               -0.002490               -0.004971
2026-03-24 16:34:28,577 - root - INFO - 2025-12-26               -0.007489               -0.003681
2026-03-24 16:34:28,577 - root - INFO - 2025-12-29               -0.001006               -0.014252
2026-03-24 16:34:28,577 - root - INFO - 2025-12-30                0.011078                0.003748
2026-03-24 16:34:28,577 - root - INFO - 2025-12-31               -0.003984               -0.005601
2026-03-24 16:34:28,577 - root - INFO - 
2026-03-24 16:34:28,577 - root - INFO -             related_stock_108_浪潮软件  related_stock_109_山西汾酒  \
2026-03-24 16:34:28,577 - root - INFO - date
2026-03-24 16:34:28,577 - root - INFO - 2019-01-03               -0.006618               -0.032749
2026-03-24 16:34:28,578 - root - INFO - 2019-01-04                0.029980                0.031137
2026-03-24 16:34:28,578 - root - INFO - 2019-01-07                0.018111               -0.007329
2026-03-24 16:34:28,578 - root - INFO - 2019-01-08               -0.010165               -0.000886
2026-03-24 16:34:28,578 - root - INFO - 2019-01-09                0.000000                0.034880
2026-03-24 16:34:28,578 - root - INFO - ...                            ...                     ...
2026-03-24 16:34:28,578 - root - INFO - 2025-12-25                0.009742                0.017483
2026-03-24 16:34:28,578 - root - INFO - 2025-12-26                0.017026               -0.005429
2026-03-24 16:34:28,578 - root - INFO - 2025-12-29               -0.012835               -0.015194
2026-03-24 16:34:28,579 - root - INFO - 2025-12-30                0.003957               -0.011143
2026-03-24 16:34:28,579 - root - INFO - 2025-12-31                0.037162               -0.007801
2026-03-24 16:34:28,579 - root - INFO - 
2026-03-24 16:34:28,579 - root - INFO -             related_stock_110_津膜科技  related_stock_111_宁波中百  \
2026-03-24 16:34:28,579 - root - INFO - date
2026-03-24 16:34:28,579 - root - INFO - 2019-01-03                0.000000               -0.023952
2026-03-24 16:34:28,579 - root - INFO - 2019-01-04                0.022444                0.025767
2026-03-24 16:34:28,579 - root - INFO - 2019-01-07                0.024390                0.007177
2026-03-24 16:34:28,579 - root - INFO - 2019-01-08               -0.007143               -0.004751
2026-03-24 16:34:28,579 - root - INFO - 2019-01-09                0.016787                0.023866
2026-03-24 16:34:28,579 - root - INFO - ...                            ...                     ...
2026-03-24 16:34:28,579 - root - INFO - 2025-12-25               -0.001923               -0.010468
2026-03-24 16:34:28,579 - root - INFO - 2025-12-26                0.000000               -0.007757
2026-03-24 16:34:28,580 - root - INFO - 2025-12-29               -0.009634               -0.010661
2026-03-24 16:34:28,580 - root - INFO - 2025-12-30                0.000000               -0.012931
2026-03-24 16:34:28,580 - root - INFO - 2025-12-31               -0.007782               -0.002183
2026-03-24 16:34:28,580 - root - INFO - 
2026-03-24 16:34:28,580 - root - INFO -             related_stock_112_哈投股份  related_stock_113_嘉化能源  \
2026-03-24 16:34:28,580 - root - INFO - date
2026-03-24 16:34:28,580 - root - INFO - 2019-01-03                0.028889               -0.049041
2026-03-24 16:34:28,580 - root - INFO - 2019-01-04                0.099352                0.006726
2026-03-24 16:34:28,581 - root - INFO - 2019-01-07               -0.021611                0.048998
2026-03-24 16:34:28,581 - root - INFO - 2019-01-08               -0.006024               -0.010616
2026-03-24 16:34:28,581 - root - INFO - 2019-01-09               -0.008081                0.000000
2026-03-24 16:34:28,581 - root - INFO - ...                            ...                     ...
2026-03-24 16:34:28,581 - root - INFO - 2025-12-25                0.008876                0.014935
2026-03-24 16:34:28,581 - root - INFO - 2025-12-26                0.001466                0.033109
2026-03-24 16:34:28,581 - root - INFO - 2025-12-29               -0.011713               -0.021958
2026-03-24 16:34:28,582 - root - INFO - 2025-12-30               -0.005926                0.061286
2026-03-24 16:34:28,582 - root - INFO - 2025-12-31               -0.011923                0.003431
2026-03-24 16:34:28,582 - root - INFO - 
2026-03-24 16:34:28,582 - root - INFO -             related_stock_114_航天电子  related_stock_115_杉杉股份  \
2026-03-24 16:34:28,582 - root - INFO - date
2026-03-24 16:34:28,583 - root - INFO - 2019-01-03                0.036166                0.000783
2026-03-24 16:34:28,583 - root - INFO - 2019-01-04                0.033159                0.033646
2026-03-24 16:34:28,583 - root - INFO - 2019-01-07                0.040541                0.021196
2026-03-24 16:34:28,583 - root - INFO - 2019-01-08               -0.017857                0.005930
2026-03-24 16:34:28,583 - root - INFO - 2019-01-09               -0.011570               -0.013265
2026-03-24 16:34:28,583 - root - INFO - ...                            ...                     ...
2026-03-24 16:34:28,583 - root - INFO - 2025-12-25                0.099882               -0.009489
2026-03-24 16:34:28,583 - root - INFO - 2025-12-26                0.046212                0.013265
2026-03-24 16:34:28,584 - root - INFO - 2025-12-29               -0.009759               -0.020364
2026-03-24 16:34:28,584 - root - INFO - 2025-12-30                0.005187                0.011136
2026-03-24 16:34:28,584 - root - INFO - 2025-12-31                0.100103               -0.008076
2026-03-24 16:34:28,584 - root - INFO - 
2026-03-24 16:34:28,584 - root - INFO -             related_stock_116_长江电力  related_stock_117_隆基绿能  \
2026-03-24 16:34:28,584 - root - INFO - date
2026-03-24 16:34:28,584 - root - INFO - 2019-01-03                0.009728                0.006333
2026-03-24 16:34:28,584 - root - INFO - 2019-01-04               -0.016057                0.026316
2026-03-24 16:34:28,584 - root - INFO - 2019-01-07               -0.005222                0.027313
2026-03-24 16:34:28,585 - root - INFO - 2019-01-08                0.020997                0.003798
2026-03-24 16:34:28,585 - root - INFO - 2019-01-09               -0.005141                0.028649
2026-03-24 16:34:28,585 - root - INFO - ...                            ...                     ...
2026-03-24 16:34:28,585 - root - INFO - 2025-12-25                0.000000                0.007722
2026-03-24 16:34:28,585 - root - INFO - 2025-12-26                0.000000                0.041051
2026-03-24 16:34:28,585 - root - INFO - 2025-12-29               -0.004342               -0.016824
2026-03-24 16:34:28,586 - root - INFO - 2025-12-30               -0.007267               -0.013904
2026-03-24 16:34:28,586 - root - INFO - 2025-12-31               -0.004758               -0.013015
2026-03-24 16:34:28,586 - root - INFO - 
2026-03-24 16:34:28,586 - root - INFO -             related_stock_118_中国神华  related_stock_119_中国铁建  \
2026-03-24 16:34:28,586 - root - INFO - date
2026-03-24 16:34:28,586 - root - INFO - 2019-01-03               -0.004502                0.004669
2026-03-24 16:34:28,587 - root - INFO - 2019-01-04                0.021481                0.029740
2026-03-24 16:34:28,587 - root - INFO - 2019-01-07               -0.001107                0.008123
2026-03-24 16:34:28,587 - root - INFO - 2019-01-08                0.020499                0.000000
2026-03-24 16:34:28,587 - root - INFO - 2019-01-09                0.002714               -0.016115
2026-03-24 16:34:28,587 - root - INFO - ...                            ...                     ...
2026-03-24 16:34:28,588 - root - INFO - 2025-12-25               -0.002981               -0.001279
2026-03-24 16:34:28,588 - root - INFO - 2025-12-26               -0.001495                0.000000
2026-03-24 16:34:28,588 - root - INFO - 2025-12-29                0.003244               -0.005122
2026-03-24 16:34:28,588 - root - INFO - 2025-12-30                0.006219               -0.009009
2026-03-24 16:34:28,588 - root - INFO - 2025-12-31                0.001236               -0.003896
2026-03-24 16:34:28,588 - root - INFO - 
2026-03-24 16:34:28,588 - root - INFO -             related_stock_120_中国平安  related_stock_121_工商银行  \
2026-03-24 16:34:28,589 - root - INFO - date
2026-03-24 16:34:28,589 - root - INFO - 2019-01-03                0.009061                0.000000
2026-03-24 16:34:28,589 - root - INFO - 2019-01-04                0.016343                0.013462
2026-03-24 16:34:28,589 - root - INFO - 2019-01-07               -0.005125               -0.005693
2026-03-24 16:34:28,589 - root - INFO - 2019-01-08               -0.008881               -0.007634
2026-03-24 16:34:28,589 - root - INFO - 2019-01-09                0.020609                0.011538
2026-03-24 16:34:28,589 - root - INFO - ...                            ...                     ...
2026-03-24 16:34:28,589 - root - INFO - 2025-12-25                0.025641               -0.006321
2026-03-24 16:34:28,589 - root - INFO - 2025-12-26                0.005085               -0.006361
2026-03-24 16:34:28,590 - root - INFO - 2025-12-29               -0.017988                0.007682
2026-03-24 16:34:28,590 - root - INFO - 2025-12-30               -0.015455               -0.002541
2026-03-24 16:34:28,590 - root - INFO - 2025-12-31               -0.005814                0.010191
2026-03-24 16:34:28,590 - root - INFO - 
2026-03-24 16:34:28,590 - root - INFO -             related_stock_122_中国铝业  related_stock_123_长城汽车  \
2026-03-24 16:34:28,590 - root - INFO - date
2026-03-24 16:34:28,590 - root - INFO - 2019-01-03                0.005714               -0.005348
2026-03-24 16:34:28,591 - root - INFO - 2019-01-04                0.014205                0.012545
2026-03-24 16:34:28,591 - root - INFO - 2019-01-07                0.014006                0.015929
2026-03-24 16:34:28,591 - root - INFO - 2019-01-08               -0.002762               -0.010453
2026-03-24 16:34:28,591 - root - INFO - 2019-01-09               -0.005540                0.100352
2026-03-24 16:34:28,591 - root - INFO - ...                            ...                     ...
2026-03-24 16:34:28,591 - root - INFO - 2025-12-25               -0.009937                0.006812
2026-03-24 16:34:28,591 - root - INFO - 2025-12-26                0.080292                0.027515
2026-03-24 16:34:28,591 - root - INFO - 2025-12-29               -0.032939               -0.007463
2026-03-24 16:34:28,592 - root - INFO - 2025-12-30                0.047162               -0.004865
2026-03-24 16:34:28,592 - root - INFO - 2025-12-31                0.019183                0.005778
2026-03-24 16:34:28,592 - root - INFO - 
2026-03-24 16:34:28,592 - root - INFO -             related_stock_124_中国建筑  related_stock_125_中国电建  \
2026-03-24 16:34:28,592 - root - INFO - date
2026-03-24 16:34:28,592 - root - INFO - 2019-01-03                0.000000               -0.004065
2026-03-24 16:34:28,592 - root - INFO - 2019-01-04                0.023214                0.020408
2026-03-24 16:34:28,593 - root - INFO - 2019-01-07                0.001745                0.018000
2026-03-24 16:34:28,593 - root - INFO - 2019-01-08               -0.003484               -0.001965
2026-03-24 16:34:28,593 - root - INFO - 2019-01-09               -0.001748               -0.017717
2026-03-24 16:34:28,593 - root - INFO - ...                            ...                     ...
2026-03-24 16:34:28,593 - root - INFO - 2025-12-25                0.001923               -0.001890
2026-03-24 16:34:28,593 - root - INFO - 2025-12-26               -0.003839               -0.001894
2026-03-24 16:34:28,593 - root - INFO - 2025-12-29                0.005780               -0.003795
2026-03-24 16:34:28,593 - root - INFO - 2025-12-30               -0.011494               -0.007619
2026-03-24 16:34:28,594 - root - INFO - 2025-12-31               -0.005814               -0.001919
2026-03-24 16:34:28,594 - root - INFO - 
2026-03-24 16:34:28,594 - root - INFO -             related_stock_126_拓普集团  related_stock_127_中国中车  \
2026-03-24 16:34:28,594 - root - INFO - date
2026-03-24 16:34:28,594 - root - INFO - 2019-01-03               -0.006181                0.022624
2026-03-24 16:34:28,594 - root - INFO - 2019-01-04                0.017277                0.016593
2026-03-24 16:34:28,594 - root - INFO - 2019-01-07                0.023777                0.004353
2026-03-24 16:34:28,594 - root - INFO - 2019-01-08               -0.007963                0.007584
2026-03-24 16:34:28,595 - root - INFO - 2019-01-09                0.023411               -0.013978
2026-03-24 16:34:28,595 - root - INFO - ...                            ...                     ...
2026-03-24 16:34:28,595 - root - INFO - 2025-12-25                0.038306               -0.001443
2026-03-24 16:34:28,595 - root - INFO - 2025-12-26               -0.007518               -0.002890
2026-03-24 16:34:28,595 - root - INFO - 2025-12-29                0.009258                0.001449
2026-03-24 16:34:28,595 - root - INFO - 2025-12-30                0.082418               -0.008683
2026-03-24 16:34:28,595 - root - INFO - 2025-12-31               -0.008988               -0.004380
2026-03-24 16:34:28,595 - root - INFO - 
2026-03-24 16:34:28,595 - root - INFO -             related_stock_128_中国石油  related_stock_129_紫金矿业  \
2026-03-24 16:34:28,595 - root - INFO - date
2026-03-24 16:34:28,595 - root - INFO - 2019-01-03                0.006983                0.013289
2026-03-24 16:34:28,596 - root - INFO - 2019-01-04                0.011096                0.009836
2026-03-24 16:34:28,596 - root - INFO - 2019-01-07                0.004115                0.000000
2026-03-24 16:34:28,596 - root - INFO - 2019-01-08                0.001366               -0.012987
2026-03-24 16:34:28,596 - root - INFO - 2019-01-09                0.000000                0.006579
2026-03-24 16:34:28,596 - root - INFO - ...                            ...                     ...
2026-03-24 16:34:28,596 - root - INFO - 2025-12-25               -0.002030               -0.008666
2026-03-24 16:34:28,596 - root - INFO - 2025-12-26                0.002035                0.046831
2026-03-24 16:34:28,596 - root - INFO - 2025-12-29                0.021320               -0.026245
2026-03-24 16:34:28,597 - root - INFO - 2025-12-30                0.018887                0.023583
2026-03-24 16:34:28,597 - root - INFO - 2025-12-31                0.015610                0.031418
2026-03-24 16:34:28,597 - root - INFO - 
2026-03-24 16:34:28,597 - root - INFO -             related_stock_130_中远海控  related_stock_131_中国核电  \
2026-03-24 16:34:28,597 - root - INFO - date
2026-03-24 16:34:28,597 - root - INFO - 2019-01-03                0.029412                0.001898
2026-03-24 16:34:28,597 - root - INFO - 2019-01-04                0.021429                0.009470
2026-03-24 16:34:28,598 - root - INFO - 2019-01-07                0.016317                0.020638
2026-03-24 16:34:28,598 - root - INFO - 2019-01-08                0.025229               -0.003676
2026-03-24 16:34:28,598 - root - INFO - 2019-01-09                0.026846               -0.005535
2026-03-24 16:34:28,598 - root - INFO - ...                            ...                     ...
2026-03-24 16:34:28,598 - root - INFO - 2025-12-25               -0.011082                0.004577
2026-03-24 16:34:28,599 - root - INFO - 2025-12-26                0.004614               -0.001139
2026-03-24 16:34:28,599 - root - INFO - 2025-12-29               -0.001969               -0.006842
2026-03-24 16:34:28,599 - root - INFO - 2025-12-30                0.003945               -0.004592
2026-03-24 16:34:28,599 - root - INFO - 2025-12-31               -0.005894               -0.002307
2026-03-24 16:34:28,599 - root - INFO - 
2026-03-24 16:34:28,599 - root - INFO -             related_stock_132_中国银行  related_stock_133_晶方科技  \
2026-03-24 16:34:28,599 - root - INFO - date
2026-03-24 16:34:28,599 - root - INFO - 2019-01-03                0.002825               -0.020097
2026-03-24 16:34:28,599 - root - INFO - 2019-01-04                0.008451                0.031697
2026-03-24 16:34:28,600 - root - INFO - 2019-01-07               -0.002793                0.042169
2026-03-24 16:34:28,600 - root - INFO - 2019-01-08               -0.008403               -0.012139
2026-03-24 16:34:28,600 - root - INFO - 2019-01-09                0.002825                0.005266
2026-03-24 16:34:28,600 - root - INFO - ...                            ...                     ...
2026-03-24 16:34:28,600 - root - INFO - 2025-12-25               -0.003527                0.002500
2026-03-24 16:34:28,600 - root - INFO - 2025-12-26               -0.007080               -0.007838
2026-03-24 16:34:28,600 - root - INFO - 2025-12-29                0.012478               -0.005386
2026-03-24 16:34:28,601 - root - INFO - 2025-12-30               -0.001761                0.005054
2026-03-24 16:34:28,601 - root - INFO - 2025-12-31                0.010582               -0.006466
2026-03-24 16:34:28,601 - root - INFO - 
2026-03-24 16:34:28,601 - root - INFO -             related_stock_134_禾望电气  related_stock_135_华贸物流  \
2026-03-24 16:34:28,601 - root - INFO - date
2026-03-24 16:34:28,602 - root - INFO - 2019-01-03               -0.012658                0.000000
2026-03-24 16:34:28,602 - root - INFO - 2019-01-04                0.043269                0.021696
2026-03-24 16:34:28,602 - root - INFO - 2019-01-07                0.033794                0.032819
2026-03-24 16:34:28,603 - root - INFO - 2019-01-08                0.002972               -0.001869
2026-03-24 16:34:28,603 - root - INFO - 2019-01-09                0.032593               -0.003745
2026-03-24 16:34:28,603 - root - INFO - ...                            ...                     ...
2026-03-24 16:34:28,603 - root - INFO - 2025-12-25               -0.001428                0.008837
2026-03-24 16:34:28,604 - root - INFO - 2025-12-26               -0.007435               -0.004380
2026-03-24 16:34:28,604 - root - INFO - 2025-12-29               -0.017286               -0.013196
2026-03-24 16:34:28,604 - root - INFO - 2025-12-30               -0.015538               -0.007429
2026-03-24 16:34:28,604 - root - INFO - 2025-12-31               -0.015188                0.005988
2026-03-24 16:34:28,605 - root - INFO - 
2026-03-24 16:34:28,605 - root - INFO -             related_stock_136_新泉股份  related_stock_137_药明康德  \
2026-03-24 16:34:28,605 - root - INFO - date
2026-03-24 16:34:28,605 - root - INFO - 2019-01-03                0.016687               -0.004448
2026-03-24 16:34:28,606 - root - INFO - 2019-01-04                0.044377                0.013544
2026-03-24 16:34:28,606 - root - INFO - 2019-01-07               -0.020373               -0.005235
2026-03-24 16:34:28,606 - root - INFO - 2019-01-08               -0.005942               -0.009278
2026-03-24 16:34:28,606 - root - INFO - 2019-01-09                0.010161                0.008527
2026-03-24 16:34:28,606 - root - INFO - ...                            ...                     ...
2026-03-24 16:34:28,607 - root - INFO - 2025-12-25                0.042229                0.012332
2026-03-24 16:34:28,607 - root - INFO - 2025-12-26               -0.024251                0.008266
2026-03-24 16:34:28,607 - root - INFO - 2025-12-29                0.060821               -0.002157
2026-03-24 16:34:28,607 - root - INFO - 2025-12-30                0.079598               -0.006486
2026-03-24 16:34:28,608 - root - INFO - 2025-12-31               -0.004178               -0.013711
2026-03-24 16:34:28,608 - root - INFO - 
2026-03-24 16:34:28,608 - root - INFO -             related_stock_138_明星电力  related_stock_139_振江股份  \
2026-03-24 16:34:28,608 - root - INFO - date
2026-03-24 16:34:28,609 - root - INFO - 2019-01-03                0.006048               -0.006162
2026-03-24 16:34:28,609 - root - INFO - 2019-01-04                0.014028               -0.014172
2026-03-24 16:34:28,609 - root - INFO - 2019-01-07                0.027668               -0.007188
2026-03-24 16:34:28,609 - root - INFO - 2019-01-08                0.001923               -0.034389
2026-03-24 16:34:28,609 - root - INFO - 2019-01-09                0.011516                0.000937
2026-03-24 16:34:28,610 - root - INFO - ...                            ...                     ...
2026-03-24 16:34:28,610 - root - INFO - 2025-12-25                0.002491                0.010138
2026-03-24 16:34:28,610 - root - INFO - 2025-12-26                0.014907               -0.012445
2026-03-24 16:34:28,610 - root - INFO - 2025-12-29                0.030600                0.047561
2026-03-24 16:34:28,611 - root - INFO - 2025-12-30               -0.017815               -0.011641
2026-03-24 16:34:28,611 - root - INFO - 2025-12-31                0.009674                0.032980
2026-03-24 16:34:28,611 - root - INFO - 
2026-03-24 16:34:28,611 - root - INFO -             related_stock_140_诺力股份  related_stock_141_璞泰来  \
2026-03-24 16:34:28,611 - root - INFO - date
2026-03-24 16:34:28,611 - root - INFO - 2019-01-03               -0.006462              -0.024908
2026-03-24 16:34:28,612 - root - INFO - 2019-01-04                0.008943               0.015549
2026-03-24 16:34:28,612 - root - INFO - 2019-01-07                0.026591               0.016185
2026-03-24 16:34:28,612 - root - INFO - 2019-01-08                0.012559               0.050796
2026-03-24 16:34:28,612 - root - INFO - 2019-01-09               -0.007752              -0.043015
2026-03-24 16:34:28,612 - root - INFO - ...                            ...                    ...
2026-03-24 16:34:28,613 - root - INFO - 2025-12-25                0.021330              -0.007289
2026-03-24 16:34:28,613 - root - INFO - 2025-12-26               -0.013104               0.031571
2026-03-24 16:34:28,613 - root - INFO - 2025-12-29                0.012863              -0.031673
2026-03-24 16:34:28,613 - root - INFO - 2025-12-30                0.007784               0.006983
2026-03-24 16:34:28,613 - root - INFO - 2025-12-31               -0.006098              -0.002190
2026-03-24 16:34:28,614 - root - INFO - 
2026-03-24 16:34:28,614 - root - INFO -             related_stock_142_华友钴业  related_stock_143_福斯特  \
2026-03-24 16:34:28,614 - root - INFO - date
2026-03-24 16:34:28,614 - root - INFO - 2019-01-03                0.002387              -0.023660
2026-03-24 16:34:28,614 - root - INFO - 2019-01-04                0.028241               0.003408
2026-03-24 16:34:28,614 - root - INFO - 2019-01-07                0.011251               0.025283
2026-03-24 16:34:28,616 - root - INFO - 2019-01-08               -0.014071               0.035333
2026-03-24 16:34:28,616 - root - INFO - 2019-01-09               -0.026884              -0.015286
2026-03-24 16:34:28,616 - root - INFO - ...                            ...                    ...
2026-03-24 16:34:28,616 - root - INFO - 2025-12-25               -0.025928               0.001471
2026-03-24 16:34:28,617 - root - INFO - 2025-12-26                0.009637               0.031571
2026-03-24 16:34:28,617 - root - INFO - 2025-12-29               -0.013333               0.000000
2026-03-24 16:34:28,617 - root - INFO - 2025-12-30                0.044687              -0.001423
2026-03-24 16:34:28,617 - root - INFO - 2025-12-31                0.003381              -0.004989
2026-03-24 16:34:28,617 - root - INFO - 
2026-03-24 16:34:28,618 - root - INFO -             related_stock_144_雪峰科技  related_stock_145_龙蟠科技  \
2026-03-24 16:34:28,618 - root - INFO - date
2026-03-24 16:34:28,618 - root - INFO - 2019-01-03               -0.029158               -0.014888
2026-03-24 16:34:28,618 - root - INFO - 2019-01-04                0.007786                0.012091
2026-03-24 16:34:28,618 - root - INFO - 2019-01-07                0.014349                0.011448
2026-03-24 16:34:28,618 - root - INFO - 2019-01-08               -0.008161               -0.011811
2026-03-24 16:34:28,619 - root - INFO - 2019-01-09                0.027153                0.004482
2026-03-24 16:34:28,619 - root - INFO - ...                            ...                     ...
2026-03-24 16:34:28,619 - root - INFO - 2025-12-25                0.054995               -0.012371
2026-03-24 16:34:28,619 - root - INFO - 2025-12-26                0.040544               -0.000696
2026-03-24 16:34:28,619 - root - INFO - 2025-12-29                0.003630               -0.030641
2026-03-24 16:34:28,620 - root - INFO - 2025-12-30               -0.025802                0.012213
2026-03-24 16:34:28,620 - root - INFO - 2025-12-31                0.071287                0.032647
2026-03-24 16:34:28,620 - root - INFO - 
2026-03-24 16:34:28,620 - root - INFO -             related_stock_146_兆易创新  related_stock_147_洛阳钼业  \
2026-03-24 16:34:28,620 - root - INFO - date
2026-03-24 16:34:28,620 - root - INFO - 2019-01-03               -0.010033                0.008086
2026-03-24 16:34:28,620 - root - INFO - 2019-01-04                0.025845                0.024064
2026-03-24 16:34:28,621 - root - INFO - 2019-01-07                0.035732                0.015666
2026-03-24 16:34:28,621 - root - INFO - 2019-01-08               -0.027027               -0.010283
2026-03-24 16:34:28,621 - root - INFO - 2019-01-09                0.015033                0.002597
2026-03-24 16:34:28,621 - root - INFO - ...                            ...                     ...
2026-03-24 16:34:28,621 - root - INFO - 2025-12-25               -0.009371                0.001071
2026-03-24 16:34:28,621 - root - INFO - 2025-12-26                0.022387                0.056150
2026-03-24 16:34:28,622 - root - INFO - 2025-12-29                0.004230               -0.044051
2026-03-24 16:34:28,622 - root - INFO - 2025-12-30               -0.033826                0.033898
2026-03-24 16:34:28,622 - root - INFO - 2025-12-31               -0.027109                0.024590
2026-03-24 16:34:28,622 - root - INFO - 
2026-03-24 16:34:28,622 - root - INFO -             related_stock_148_西藏矿业  related_stock_149_西藏城投  \
2026-03-24 16:34:28,623 - root - INFO - date
2026-03-24 16:34:28,623 - root - INFO - 2019-01-03                0.003008                0.009950
2026-03-24 16:34:28,623 - root - INFO - 2019-01-04                0.026987                0.021346
2026-03-24 16:34:28,623 - root - INFO - 2019-01-07                0.032117                0.016077
2026-03-24 16:34:28,623 - root - INFO - 2019-01-08               -0.002829                0.012658
2026-03-24 16:34:28,624 - root - INFO - 2019-01-09                0.001418               -0.007813
2026-03-24 16:34:28,624 - root - INFO - ...                            ...                     ...
2026-03-24 16:34:28,624 - root - INFO - 2025-12-25               -0.000371               -0.006375
2026-03-24 16:34:28,624 - root - INFO - 2025-12-26                0.021884                0.015237
2026-03-24 16:34:28,624 - root - INFO - 2025-12-29               -0.034120               -0.022907
2026-03-24 16:34:28,625 - root - INFO - 2025-12-30               -0.002255               -0.015360
2026-03-24 16:34:28,625 - root - INFO - 2025-12-31               -0.010546                0.017241
2026-03-24 16:34:28,625 - root - INFO - 
2026-03-24 16:34:28,625 - root - INFO -             related_stock_150_融捷股份  related_stock_151_江特电机  \
2026-03-24 16:34:28,626 - root - INFO - date
2026-03-24 16:34:28,626 - root - INFO - 2019-01-03               -0.033651                0.015254
2026-03-24 16:34:28,626 - root - INFO - 2019-01-04                0.044109                0.021703
2026-03-24 16:34:28,626 - root - INFO - 2019-01-07                0.003335                0.008170
2026-03-24 16:34:28,626 - root - INFO - 2019-01-08               -0.023823               -0.001621
2026-03-24 16:34:28,627 - root - INFO - 2019-01-09                0.002270                0.011364
2026-03-24 16:34:28,627 - root - INFO - ...                            ...                     ...
2026-03-24 16:34:28,627 - root - INFO - 2025-12-25               -0.028582                0.006122
2026-03-24 16:34:28,627 - root - INFO - 2025-12-26                0.052771                0.024341
2026-03-24 16:34:28,628 - root - INFO - 2025-12-29               -0.061486               -0.033663
2026-03-24 16:34:28,628 - root - INFO - 2025-12-30                0.002498                0.014344
2026-03-24 16:34:28,628 - root - INFO - 2025-12-31               -0.008241               -0.016162
2026-03-24 16:34:28,628 - root - INFO - 
2026-03-24 16:34:28,629 - root - INFO -             related_stock_152_川能动力  related_stock_153_中矿资源  \
2026-03-24 16:34:28,629 - root - INFO - date
2026-03-24 16:34:28,629 - root - INFO - 2019-01-03                0.002801               -0.032684
2026-03-24 16:34:28,629 - root - INFO - 2019-01-04                0.027933                0.046010
2026-03-24 16:34:28,629 - root - INFO - 2019-01-07                0.021739                0.019931
2026-03-24 16:34:28,629 - root - INFO - 2019-01-08               -0.021277                0.004717
2026-03-24 16:34:28,629 - root - INFO - 2019-01-09               -0.005435               -0.017438
2026-03-24 16:34:28,629 - root - INFO - ...                            ...                     ...
2026-03-24 16:34:28,630 - root - INFO - 2025-12-25               -0.017442               -0.014991
2026-03-24 16:34:28,630 - root - INFO - 2025-12-26                0.037194                0.080404
2026-03-24 16:34:28,630 - root - INFO - 2025-12-29               -0.040750               -0.037771
2026-03-24 16:34:28,630 - root - INFO - 2025-12-30               -0.000850                0.026558
2026-03-24 16:34:28,631 - root - INFO - 2025-12-31               -0.009354               -0.008708
2026-03-24 16:34:28,631 - root - INFO - 
2026-03-24 16:34:28,631 - root - INFO -             related_stock_154_寒锐钴业  related_stock_155_盛屯矿业  \
2026-03-24 16:34:28,631 - root - INFO - date
2026-03-24 16:34:28,631 - root - INFO - 2019-01-03                0.003157                0.050885
2026-03-24 16:34:28,631 - root - INFO - 2019-01-04                0.029689                0.031579
2026-03-24 16:34:28,631 - root - INFO - 2019-01-07                0.011959                0.012245
2026-03-24 16:34:28,632 - root - INFO - 2019-01-08               -0.021796               -0.018145
2026-03-24 16:34:28,632 - root - INFO - 2019-01-09               -0.042148               -0.008214
2026-03-24 16:34:28,632 - root - INFO - ...                            ...                     ...
2026-03-24 16:34:28,632 - root - INFO - 2025-12-25               -0.019534               -0.018582
2026-03-24 16:34:28,633 - root - INFO - 2025-12-26                0.020602                0.041374
2026-03-24 16:34:28,633 - root - INFO - 2025-12-29               -0.011757               -0.028956
2026-03-24 16:34:28,633 - root - INFO - 2025-12-30                0.014366                0.047157
2026-03-24 16:34:28,633 - root - INFO - 2025-12-31                0.000443                0.003974
2026-03-24 16:34:28,633 - root - INFO - 
2026-03-24 16:34:28,633 - root - INFO -             related_stock_156_道氏技术  related_stock_157_中科电气  \
2026-03-24 16:34:28,634 - root - INFO - date
2026-03-24 16:34:28,634 - root - INFO - 2019-01-03               -0.015492                0.062222
2026-03-24 16:34:28,634 - root - INFO - 2019-01-04                0.060582                0.016736
2026-03-24 16:34:28,634 - root - INFO - 2019-01-07                0.011869                0.100823
2026-03-24 16:34:28,634 - root - INFO - 2019-01-08               -0.004399               -0.050467
2026-03-24 16:34:28,634 - root - INFO - 2019-01-09               -0.009573                0.011811
2026-03-24 16:34:28,635 - root - INFO - ...                            ...                     ...
2026-03-24 16:34:28,635 - root - INFO - 2025-12-25                0.006233                0.019779
2026-03-24 16:34:28,635 - root - INFO - 2025-12-26                0.009735               -0.004962
2026-03-24 16:34:28,635 - root - INFO - 2025-12-29               -0.004820               -0.014053
2026-03-24 16:34:28,635 - root - INFO - 2025-12-30                0.008366               -0.001839
2026-03-24 16:34:28,635 - root - INFO - 2025-12-31               -0.017904               -0.019346
2026-03-24 16:34:28,635 - root - INFO - 
2026-03-24 16:34:28,636 - root - INFO -             related_stock_158_沧州明珠  related_stock_159_美联新材  \
2026-03-24 16:34:28,636 - root - INFO - date
2026-03-24 16:34:28,636 - root - INFO - 2019-01-03               -0.002347               -0.019212
2026-03-24 16:34:28,636 - root - INFO - 2019-01-04                0.028235                0.028404
2026-03-24 16:34:28,636 - root - INFO - 2019-01-07                0.022883                0.012381
2026-03-24 16:34:28,636 - root - INFO - 2019-01-08               -0.006711                0.004704
2026-03-24 16:34:28,637 - root - INFO - 2019-01-09               -0.006757               -0.002809
2026-03-24 16:34:28,637 - root - INFO - ...                            ...                     ...
2026-03-24 16:34:28,637 - root - INFO - 2025-12-25               -0.012146               -0.025261
2026-03-24 16:34:28,637 - root - INFO - 2025-12-26                0.040984                0.002681
2026-03-24 16:34:28,637 - root - INFO - 2025-12-29               -0.027559               -0.005348
2026-03-24 16:34:28,637 - root - INFO - 2025-12-30               -0.020243               -0.023297
2026-03-24 16:34:28,638 - root - INFO - 2025-12-31               -0.014463               -0.000917
2026-03-24 16:34:28,638 - root - INFO - 
2026-03-24 16:34:28,638 - root - INFO -             related_stock_160_天际股份  related_stock_161_石大胜华  \
2026-03-24 16:34:28,638 - root - INFO - date
2026-03-24 16:34:28,638 - root - INFO - 2019-01-03                0.018494                0.019118
2026-03-24 16:34:28,639 - root - INFO - 2019-01-04                0.001297                0.022408
2026-03-24 16:34:28,639 - root - INFO - 2019-01-07                0.009067                0.004077
2026-03-24 16:34:28,639 - root - INFO - 2019-01-08               -0.011553                0.011168
2026-03-24 16:34:28,639 - root - INFO - 2019-01-09                0.010390               -0.008534
2026-03-24 16:34:28,639 - root - INFO - ...                            ...                     ...
2026-03-24 16:34:28,639 - root - INFO - 2025-12-25                0.068376               -0.010573
2026-03-24 16:34:28,639 - root - INFO - 2025-12-26                0.100000                0.049103
2026-03-24 16:34:28,640 - root - INFO - 2025-12-29                0.004040               -0.061962
2026-03-24 16:34:28,640 - root - INFO - 2025-12-30               -0.073843               -0.011117
2026-03-24 16:34:28,640 - root - INFO - 2025-12-31                0.008690               -0.022092
2026-03-24 16:34:28,640 - root - INFO - 
2026-03-24 16:34:28,640 - root - INFO -             related_stock_162_奥克股份  related_stock_163_紫江企业  \
2026-03-24 16:34:28,640 - root - INFO - date
2026-03-24 16:34:28,641 - root - INFO - 2019-01-03                0.000000               -0.059783
2026-03-24 16:34:28,641 - root - INFO - 2019-01-04                0.029950                0.026012
2026-03-24 16:34:28,641 - root - INFO - 2019-01-07                0.000000                0.019718
2026-03-24 16:34:28,641 - root - INFO - 2019-01-08               -0.008078                0.002762
2026-03-24 16:34:28,641 - root - INFO - 2019-01-09               -0.008143                0.013774
2026-03-24 16:34:28,641 - root - INFO - ...                            ...                     ...
2026-03-24 16:34:28,641 - root - INFO - 2025-12-25                0.014028                0.001348
2026-03-24 16:34:28,641 - root - INFO - 2025-12-26                0.029644                0.012113
2026-03-24 16:34:28,641 - root - INFO - 2025-12-29               -0.027831               -0.007979
2026-03-24 16:34:28,641 - root - INFO - 2025-12-30               -0.000987               -0.004021
2026-03-24 16:34:28,643 - root - INFO - 2025-12-31               -0.021739               -0.010767
2026-03-24 16:34:28,643 - root - INFO - 
2026-03-24 16:34:28,643 - root - INFO -             related_stock_164_道明光学  related_stock_165_赢合科技  \
2026-03-24 16:34:28,643 - root - INFO - date
2026-03-24 16:34:28,643 - root - INFO - 2019-01-03                0.000000               -0.003644
2026-03-24 16:34:28,643 - root - INFO - 2019-01-04                0.023188               -0.014631
2026-03-24 16:34:28,643 - root - INFO - 2019-01-07                0.007082                0.000371
2026-03-24 16:34:28,643 - root - INFO - 2019-01-08                0.002813                0.034508
2026-03-24 16:34:28,643 - root - INFO - 2019-01-09                0.008415               -0.021162
2026-03-24 16:34:28,644 - root - INFO - ...                            ...                     ...
2026-03-24 16:34:28,644 - root - INFO - 2025-12-25               -0.009479               -0.006315
2026-03-24 16:34:28,644 - root - INFO - 2025-12-26                0.011164                0.006729
2026-03-24 16:34:28,644 - root - INFO - 2025-12-29               -0.032334               -0.011883
2026-03-24 16:34:28,644 - root - INFO - 2025-12-30                0.015485                0.031567
2026-03-24 16:34:28,644 - root - INFO - 2025-12-31               -0.000803                0.014572
2026-03-24 16:34:28,644 - root - INFO - 
2026-03-24 16:34:28,645 - root - INFO -             related_stock_166_星云股份  related_stock_167_科恒股份  \
2026-03-24 16:34:28,645 - root - INFO - date
2026-03-24 16:34:28,645 - root - INFO - 2019-01-03               -0.043634                0.012811
2026-03-24 16:34:28,645 - root - INFO - 2019-01-04                0.018750                0.038651
2026-03-24 16:34:28,645 - root - INFO - 2019-01-07                0.056442                0.030447
2026-03-24 16:34:28,645 - root - INFO - 2019-01-08                0.010453               -0.011162
2026-03-24 16:34:28,645 - root - INFO - 2019-01-09               -0.016667               -0.003320
2026-03-24 16:34:28,645 - root - INFO - ...                            ...                     ...
2026-03-24 16:34:28,645 - root - INFO - 2025-12-25               -0.006728                0.007223
2026-03-24 16:34:28,645 - root - INFO - 2025-12-26               -0.027266                0.011155
2026-03-24 16:34:28,645 - root - INFO - 2025-12-29               -0.013569               -0.016548
2026-03-24 16:34:28,646 - root - INFO - 2025-12-30               -0.060090               -0.010417
2026-03-24 16:34:28,646 - root - INFO - 2025-12-31               -0.006740               -0.002429
2026-03-24 16:34:28,646 - root - INFO - 
2026-03-24 16:34:28,646 - root - INFO -             related_stock_168_福能东方  related_stock_169_英搏尔  \
2026-03-24 16:34:28,646 - root - INFO - date
2026-03-24 16:34:28,646 - root - INFO - 2019-01-03                0.041037               0.012914
2026-03-24 16:34:28,646 - root - INFO - 2019-01-04                0.066390               0.031874
2026-03-24 16:34:28,646 - root - INFO - 2019-01-07                0.001946               0.003492
2026-03-24 16:34:28,647 - root - INFO - 2019-01-08                0.009709              -0.016595
2026-03-24 16:34:28,647 - root - INFO - 2019-01-09                0.034615              -0.015242
2026-03-24 16:34:28,647 - root - INFO - ...                            ...                    ...
2026-03-24 16:34:28,647 - root - INFO - 2025-12-25               -0.011211               0.018077
2026-03-24 16:34:28,647 - root - INFO - 2025-12-26               -0.006803              -0.006860
2026-03-24 16:34:28,647 - root - INFO - 2025-12-29               -0.036530               0.004470
2026-03-24 16:34:28,648 - root - INFO - 2025-12-30               -0.002370               0.004854
2026-03-24 16:34:28,648 - root - INFO - 2025-12-31                0.004751               0.008857
2026-03-24 16:34:28,648 - root - INFO - 
2026-03-24 16:34:28,648 - root - INFO -             related_stock_170_正海磁材  related_stock_171_信质集团  \
2026-03-24 16:34:28,648 - root - INFO - date
2026-03-24 16:34:28,648 - root - INFO - 2019-01-03                0.008446               -0.023577
2026-03-24 16:34:28,648 - root - INFO - 2019-01-04                0.033501                0.014988
2026-03-24 16:34:28,649 - root - INFO - 2019-01-07                0.030794                0.040197
2026-03-24 16:34:28,649 - root - INFO - 2019-01-08                0.004717               -0.017350
2026-03-24 16:34:28,649 - root - INFO - 2019-01-09               -0.015649                0.019262
2026-03-24 16:34:28,649 - root - INFO - ...                            ...                     ...
2026-03-24 16:34:28,649 - root - INFO - 2025-12-25                0.012354                0.034545
2026-03-24 16:34:28,649 - root - INFO - 2025-12-26               -0.005780               -0.003469
2026-03-24 16:34:28,650 - root - INFO - 2025-12-29                0.007106                0.008703
2026-03-24 16:34:28,650 - root - INFO - 2025-12-30               -0.001283                0.035807
2026-03-24 16:34:28,650 - root - INFO - 2025-12-31               -0.007065               -0.002082
2026-03-24 16:34:28,650 - root - INFO - 
2026-03-24 16:34:28,650 - root - INFO -             related_stock_172_广汽集团  related_stock_173_北汽蓝谷  \
2026-03-24 16:34:28,650 - root - INFO - date
2026-03-24 16:34:28,650 - root - INFO - 2019-01-03                0.000000               -0.001280
2026-03-24 16:34:28,651 - root - INFO - 2019-01-04                0.009728                0.026923
2026-03-24 16:34:28,651 - root - INFO - 2019-01-07                0.005780                0.022472
2026-03-24 16:34:28,651 - root - INFO - 2019-01-08               -0.011494                0.053724
2026-03-24 16:34:28,651 - root - INFO - 2019-01-09                0.022287               -0.018540
2026-03-24 16:34:28,651 - root - INFO - ...                            ...                     ...
2026-03-24 16:34:28,651 - root - INFO - 2025-12-25               -0.010962               -0.020782
2026-03-24 16:34:28,651 - root - INFO - 2025-12-26                0.003695                0.009988
2026-03-24 16:34:28,651 - root - INFO - 2025-12-29                0.006135               -0.012361
2026-03-24 16:34:28,652 - root - INFO - 2025-12-30               -0.003659               -0.018773
2026-03-24 16:34:28,652 - root - INFO - 2025-12-31               -0.001224                0.024235
2026-03-24 16:34:28,652 - root - INFO - 
2026-03-24 16:34:28,652 - root - INFO -             related_stock_174_江淮汽车  related_stock_175_东风汽车  \
2026-03-24 16:34:28,652 - root - INFO - date
2026-03-24 16:34:28,652 - root - INFO - 2019-01-03               -0.004202                0.011142
2026-03-24 16:34:28,653 - root - INFO - 2019-01-04                0.021097                0.008264
2026-03-24 16:34:28,653 - root - INFO - 2019-01-07                0.030992                0.021858
2026-03-24 16:34:28,653 - root - INFO - 2019-01-08                0.002004                0.013369
2026-03-24 16:34:28,653 - root - INFO - 2019-01-09                0.016000                0.007916
2026-03-24 16:34:28,653 - root - INFO - ...                            ...                     ...
2026-03-24 16:34:28,653 - root - INFO - 2025-12-25                0.009621               -0.002774
2026-03-24 16:34:28,654 - root - INFO - 2025-12-26               -0.008110                0.001391
2026-03-24 16:34:28,654 - root - INFO - 2025-12-29                0.010630                0.000000
2026-03-24 16:34:28,654 - root - INFO - 2025-12-30                0.003439               -0.002778
2026-03-24 16:34:28,654 - root - INFO - 2025-12-31               -0.002217                0.000000
2026-03-24 16:34:28,654 - root - INFO - 
2026-03-24 16:34:28,654 - root - INFO -             related_stock_176_赛力斯  related_stock_177_力帆科技  \
2026-03-24 16:34:28,655 - root - INFO - date
2026-03-24 16:34:28,655 - root - INFO - 2019-01-03              -0.037126                0.000000
2026-03-24 16:34:28,655 - root - INFO - 2019-01-04               0.007463                0.026247
2026-03-24 16:34:28,655 - root - INFO - 2019-01-07               0.000000                0.012788
2026-03-24 16:34:28,655 - root - INFO - 2019-01-08               0.010494                0.000000
2026-03-24 16:34:28,655 - root - INFO - 2019-01-09               0.017715                0.101010
2026-03-24 16:34:28,655 - root - INFO - ...                           ...                     ...
2026-03-24 16:34:28,656 - root - INFO - 2025-12-25              -0.004929                0.011257
2026-03-24 16:34:28,656 - root - INFO - 2025-12-26               0.013097               -0.006494
2026-03-24 16:34:28,656 - root - INFO - 2025-12-29              -0.002569                0.017740
2026-03-24 16:34:28,656 - root - INFO - 2025-12-30               0.008142               -0.018349
2026-03-24 16:34:28,656 - root - INFO - 2025-12-31              -0.003132               -0.006542
2026-03-24 16:34:28,656 - root - INFO - 
2026-03-24 16:34:28,656 - root - INFO -             related_stock_178_万马股份  related_stock_179_易事特  \
2026-03-24 16:34:28,657 - root - INFO - date
2026-03-24 16:34:28,657 - root - INFO - 2019-01-03                0.000000              -0.002404
2026-03-24 16:34:28,657 - root - INFO - 2019-01-04                0.049505               0.019277
2026-03-24 16:34:28,657 - root - INFO - 2019-01-07                0.037736               0.028369
2026-03-24 16:34:28,657 - root - INFO - 2019-01-08               -0.003636               0.000000
2026-03-24 16:34:28,657 - root - INFO - 2019-01-09               -0.001825              -0.004598
2026-03-24 16:34:28,657 - root - INFO - ...                            ...                    ...
2026-03-24 16:34:28,657 - root - INFO - 2025-12-25                0.024149               0.009740
2026-03-24 16:34:28,658 - root - INFO - 2025-12-26               -0.003628               0.004823
2026-03-24 16:34:28,658 - root - INFO - 2025-12-29               -0.007888               0.032000
2026-03-24 16:34:28,658 - root - INFO - 2025-12-30                0.059327               0.034109
2026-03-24 16:34:28,658 - root - INFO - 2025-12-31               -0.023672              -0.026987
2026-03-24 16:34:28,658 - root - INFO - 
2026-03-24 16:34:28,659 - root - INFO -             related_stock_180_中恒电气  related_stock_181_动力源  \
2026-03-24 16:34:28,659 - root - INFO - date
2026-03-24 16:34:28,659 - root - INFO - 2019-01-03               -0.004259               0.000000
2026-03-24 16:34:28,659 - root - INFO - 2019-01-04               -0.015398               0.031477
2026-03-24 16:34:28,659 - root - INFO - 2019-01-07                0.030408               0.100939
2026-03-24 16:34:28,659 - root - INFO - 2019-01-08               -0.010118               0.031983
2026-03-24 16:34:28,659 - root - INFO - 2019-01-09               -0.007666              -0.035124
2026-03-24 16:34:28,659 - root - INFO - ...                            ...                    ...
2026-03-24 16:34:28,660 - root - INFO - 2025-12-25               -0.023853              -0.001919
2026-03-24 16:34:28,660 - root - INFO - 2025-12-26               -0.003332              -0.003846
2026-03-24 16:34:28,660 - root - INFO - 2025-12-29               -0.019688               0.015444
2026-03-24 16:34:28,660 - root - INFO - 2025-12-30                0.000379              -0.007605
2026-03-24 16:34:28,660 - root - INFO - 2025-12-31                0.001515              -0.001916
2026-03-24 16:34:28,660 - root - INFO - 
2026-03-24 16:34:28,660 - root - INFO -             related_stock_182_国电南瑞  related_stock_183_金力永磁  \
2026-03-24 16:34:28,661 - root - INFO - date
2026-03-24 16:34:28,661 - root - INFO - 2019-01-03                0.003311                0.003239
2026-03-24 16:34:28,661 - root - INFO - 2019-01-04                0.024752                0.041974
2026-03-24 16:34:28,661 - root - INFO - 2019-01-07                0.048846                0.035857
2026-03-24 16:34:28,661 - root - INFO - 2019-01-08               -0.019447                0.024786
2026-03-24 16:34:28,661 - root - INFO - 2019-01-09               -0.004175               -0.007089
2026-03-24 16:34:28,661 - root - INFO - ...                            ...                     ...
2026-03-24 16:34:28,661 - root - INFO - 2025-12-25               -0.004338                0.026020
2026-03-24 16:34:28,661 - root - INFO - 2025-12-26               -0.007843               -0.007205
2026-03-24 16:34:28,662 - root - INFO - 2025-12-29               -0.001318               -0.003193
2026-03-24 16:34:28,662 - root - INFO - 2025-12-30               -0.007036                0.001747
2026-03-24 16:34:28,662 - root - INFO - 2025-12-31               -0.004429               -0.008430
2026-03-24 16:34:28,662 - root - INFO - 
2026-03-24 16:34:28,662 - root - INFO -             related_stock_184_TCL中环  related_stock_185_爱旭股份  \
2026-03-24 16:34:28,662 - root - INFO - date
2026-03-24 16:34:28,662 - root - INFO - 2019-01-03                -0.021888                0.044968
2026-03-24 16:34:28,662 - root - INFO - 2019-01-04                 0.030769                0.000000
2026-03-24 16:34:28,662 - root - INFO - 2019-01-07                 0.029851                0.000000
2026-03-24 16:34:28,662 - root - INFO - 2019-01-08                -0.072464                0.049180
2026-03-24 16:34:28,662 - root - INFO - 2019-01-09                 0.018466                0.050781
2026-03-24 16:34:28,663 - root - INFO - ...                             ...                     ...
2026-03-24 16:34:28,663 - root - INFO - 2025-12-25                 0.003521                0.013605
2026-03-24 16:34:28,663 - root - INFO - 2025-12-26                 0.030409                0.026846
2026-03-24 16:34:28,663 - root - INFO - 2025-12-29                 0.001135               -0.005810
2026-03-24 16:34:28,663 - root - INFO - 2025-12-30                -0.018141               -0.019722
2026-03-24 16:34:28,663 - root - INFO - 2025-12-31                -0.010393               -0.001490
2026-03-24 16:34:28,663 - root - INFO - 
2026-03-24 16:34:28,664 - root - INFO -             related_stock_186_中来股份  related_stock_187_韦尔股份  \
2026-03-24 16:34:28,664 - root - INFO - date
2026-03-24 16:34:28,664 - root - INFO - 2019-01-03                0.026667               -0.018276
2026-03-24 16:34:28,664 - root - INFO - 2019-01-04                0.069481                0.030207
2026-03-24 16:34:28,664 - root - INFO - 2019-01-07                0.004250                0.045346
2026-03-24 16:34:28,664 - root - INFO - 2019-01-08               -0.034462               -0.022179
2026-03-24 16:34:28,664 - root - INFO - 2019-01-09               -0.004383                0.003002
2026-03-24 16:34:28,665 - root - INFO - ...                            ...                     ...
2026-03-24 16:34:28,665 - root - INFO - 2025-12-25                0.008996                0.004980
2026-03-24 16:34:28,665 - root - INFO - 2025-12-26                0.032689                0.013451
2026-03-24 16:34:28,665 - root - INFO - 2025-12-29               -0.008633               -0.014902
2026-03-24 16:34:28,665 - root - INFO - 2025-12-30               -0.034833               -0.000945
2026-03-24 16:34:28,665 - root - INFO - 2025-12-31                0.007519               -0.007098
2026-03-24 16:34:28,665 - root - INFO - 
2026-03-24 16:34:28,665 - root - INFO -             related_stock_188_北京君正  related_stock_189_圣邦股份  \
2026-03-24 16:34:28,667 - root - INFO - date
2026-03-24 16:34:28,667 - root - INFO - 2019-01-03               -0.005470                0.010984
2026-03-24 16:34:28,667 - root - INFO - 2019-01-04                0.019252                0.034529
2026-03-24 16:34:28,667 - root - INFO - 2019-01-07                0.022126                0.041864
2026-03-24 16:34:28,667 - root - INFO - 2019-01-08               -0.009504               -0.015880
2026-03-24 16:34:28,667 - root - INFO - 2019-01-09                0.041578                0.006735
2026-03-24 16:34:28,668 - root - INFO - ...                            ...                     ...
2026-03-24 16:34:28,668 - root - INFO - 2025-12-25                0.064092                0.006347
2026-03-24 16:34:28,668 - root - INFO - 2025-12-26               -0.023496               -0.006881
2026-03-24 16:34:28,668 - root - INFO - 2025-12-29               -0.003591                0.008805
2026-03-24 16:34:28,668 - root - INFO - 2025-12-30                0.012705                0.001002
2026-03-24 16:34:28,668 - root - INFO - 2025-12-31               -0.056500               -0.018868
2026-03-24 16:34:28,668 - root - INFO - 
2026-03-24 16:34:28,668 - root - INFO -             related_stock_190_骆驼股份  related_stock_191_雄韬股份  \
2026-03-24 16:34:28,668 - root - INFO - date
2026-03-24 16:34:28,668 - root - INFO - 2019-01-03               -0.015046                0.036792
2026-03-24 16:34:28,668 - root - INFO - 2019-01-04                0.028202                0.008189
2026-03-24 16:34:28,668 - root - INFO - 2019-01-07                0.005714                0.013538
2026-03-24 16:34:28,668 - root - INFO - 2019-01-08               -0.009091                0.027605
2026-03-24 16:34:28,668 - root - INFO - 2019-01-09                0.003440                0.075390
2026-03-24 16:34:28,669 - root - INFO - ...                            ...                     ...
2026-03-24 16:34:28,669 - root - INFO - 2025-12-25                0.003268                0.007878
2026-03-24 16:34:28,669 - root - INFO - 2025-12-26                0.013029               -0.002931
2026-03-24 16:34:28,669 - root - INFO - 2025-12-29               -0.011790               -0.013229
2026-03-24 16:34:28,669 - root - INFO - 2025-12-30                0.001085               -0.015392
2026-03-24 16:34:28,669 - root - INFO - 2025-12-31               -0.006501               -0.010086
2026-03-24 16:34:28,669 - root - INFO - 
2026-03-24 16:34:28,669 - root - INFO -             related_stock_192_科力远  related_stock_193_欣旺达  \
2026-03-24 16:34:28,670 - root - INFO - date
2026-03-24 16:34:28,670 - root - INFO - 2019-01-03               0.000000              -0.054715
2026-03-24 16:34:28,670 - root - INFO - 2019-01-04               0.015464               0.019704
2026-03-24 16:34:28,670 - root - INFO - 2019-01-07               0.055838               0.020531
2026-03-24 16:34:28,670 - root - INFO - 2019-01-08               0.004808               0.081657
2026-03-24 16:34:28,670 - root - INFO - 2019-01-09              -0.002392              -0.040481
2026-03-24 16:34:28,670 - root - INFO - ...                           ...                    ...
2026-03-24 16:34:28,671 - root - INFO - 2025-12-25               0.004399              -0.007395
2026-03-24 16:34:28,671 - root - INFO - 2025-12-26               0.021898               0.007450
2026-03-24 16:34:28,671 - root - INFO - 2025-12-29              -0.020000              -0.113950
2026-03-24 16:34:28,671 - root - INFO - 2025-12-30               0.008746               0.031487
2026-03-24 16:34:28,671 - root - INFO - 2025-12-31              -0.004335              -0.038249
2026-03-24 16:34:28,671 - root - INFO - 
2026-03-24 16:34:28,671 - root - INFO -             related_stock_194_德赛电池  related_stock_195_蔚蓝锂芯  \
2026-03-24 16:34:28,673 - root - INFO - date
2026-03-24 16:34:28,673 - root - INFO - 2019-01-03                0.003436                0.002577
2026-03-24 16:34:28,673 - root - INFO - 2019-01-04                0.006164                0.033419
2026-03-24 16:34:28,673 - root - INFO - 2019-01-07                0.002383                0.022388
2026-03-24 16:34:28,673 - root - INFO - 2019-01-08               -0.007470                0.000000
2026-03-24 16:34:28,673 - root - INFO - 2019-01-09                0.034896               -0.002433
2026-03-24 16:34:28,674 - root - INFO - ...                            ...                     ...
2026-03-24 16:34:28,674 - root - INFO - 2025-12-25                0.000000                0.041360
2026-03-24 16:34:28,674 - root - INFO - 2025-12-26               -0.002878                0.010881
2026-03-24 16:34:28,674 - root - INFO - 2025-12-29               -0.018398               -0.033369
2026-03-24 16:34:28,674 - root - INFO - 2025-12-30               -0.001103               -0.006125
2026-03-24 16:34:28,674 - root - INFO - 2025-12-31               -0.011038               -0.002801
2026-03-24 16:34:28,674 - root - INFO - 
2026-03-24 16:34:28,675 - root - INFO -             related_stock_196_远东股份  related_stock_197_东方电气  \
2026-03-24 16:34:28,675 - root - INFO - date
2026-03-24 16:34:28,675 - root - INFO - 2019-01-03                0.014862               -0.013959
2026-03-24 16:34:28,675 - root - INFO - 2019-01-04                0.035565                0.051480
2026-03-24 16:34:28,675 - root - INFO - 2019-01-07               -0.028283                0.028152
2026-03-24 16:34:28,675 - root - INFO - 2019-01-08               -0.002079                0.000000
2026-03-24 16:34:28,675 - root - INFO - 2019-01-09                0.062500               -0.007143
2026-03-24 16:34:28,675 - root - INFO - ...                            ...                     ...
2026-03-24 16:34:28,675 - root - INFO - 2025-12-25                0.015267                0.020325
2026-03-24 16:34:28,675 - root - INFO - 2025-12-26               -0.011278               -0.007968
2026-03-24 16:34:28,675 - root - INFO - 2025-12-29                0.001267               -0.021285
2026-03-24 16:34:28,676 - root - INFO - 2025-12-30                0.011392                0.001231
2026-03-24 16:34:28,676 - root - INFO - 2025-12-31                0.007509               -0.004918
2026-03-24 16:34:28,676 - root - INFO - 
2026-03-24 16:34:28,676 - root - INFO -             related_stock_198_天顺风能  related_stock_199_日月股份  \
2026-03-24 16:34:28,676 - root - INFO - date
2026-03-24 16:34:28,676 - root - INFO - 2019-01-03               -0.018182               -0.035266
2026-03-24 16:34:28,676 - root - INFO - 2019-01-04                0.034722                0.084263
2026-03-24 16:34:28,677 - root - INFO - 2019-01-07                0.002237               -0.002286
2026-03-24 16:34:28,677 - root - INFO - 2019-01-08                0.006696               -0.005727
2026-03-24 16:34:28,677 - root - INFO - 2019-01-09                0.028825               -0.003456
2026-03-24 16:34:28,677 - root - INFO - ...                            ...                     ...
2026-03-24 16:34:28,677 - root - INFO - 2025-12-25                0.022321                0.014449
2026-03-24 16:34:28,677 - root - INFO - 2025-12-26                0.001456               -0.004498
2026-03-24 16:34:28,677 - root - INFO - 2025-12-29                0.000000                0.005271
2026-03-24 16:34:28,677 - root - INFO - 2025-12-30               -0.005814               -0.011236
2026-03-24 16:34:28,678 - root - INFO - 2025-12-31                0.002924                0.003788
2026-03-24 16:34:28,678 - root - INFO - 
2026-03-24 16:34:28,678 - root - INFO -             related_stock_200_金雷股份  related_stock_201_节能风电  \
2026-03-24 16:34:28,678 - root - INFO - date
2026-03-24 16:34:28,679 - root - INFO - 2019-01-03               -0.029412               -0.008658
2026-03-24 16:34:28,679 - root - INFO - 2019-01-04                0.045455                0.017467
2026-03-24 16:34:28,679 - root - INFO - 2019-01-07               -0.005435                0.047210
2026-03-24 16:34:28,679 - root - INFO - 2019-01-08                0.022769               -0.016393
2026-03-24 16:34:28,679 - root - INFO - 2019-01-09               -0.014248                0.000000
2026-03-24 16:34:28,679 - root - INFO - ...                            ...                     ...
2026-03-24 16:34:28,679 - root - INFO - 2025-12-25                0.006287                0.003344
2026-03-24 16:34:28,679 - root - INFO - 2025-12-26               -0.001388                0.000000
2026-03-24 16:34:28,679 - root - INFO - 2025-12-29               -0.003128               -0.006667
2026-03-24 16:34:28,680 - root - INFO - 2025-12-30               -0.002789               -0.003356
2026-03-24 16:34:28,680 - root - INFO - 2025-12-31               -0.016434               -0.006734
2026-03-24 16:34:28,680 - root - INFO - 
2026-03-24 16:34:28,680 - root - INFO -             related_stock_202_美锦能源  related_stock_203_英维克  \
2026-03-24 16:34:28,680 - root - INFO - date
2026-03-24 16:34:28,680 - root - INFO - 2019-01-03               -0.003135              -0.050064
2026-03-24 16:34:28,680 - root - INFO - 2019-01-04                0.028302               0.029054
2026-03-24 16:34:28,680 - root - INFO - 2019-01-07                0.009174               0.099803
2026-03-24 16:34:28,681 - root - INFO - 2019-01-08               -0.009091               0.100299
2026-03-24 16:34:28,681 - root - INFO - 2019-01-09                0.006116              -0.014107
2026-03-24 16:34:28,681 - root - INFO - ...                            ...                    ...
2026-03-24 16:34:28,681 - root - INFO - 2025-12-25                0.017167              -0.003238
2026-03-24 16:34:28,681 - root - INFO - 2025-12-26                0.000000              -0.001985
2026-03-24 16:34:28,681 - root - INFO - 2025-12-29                0.006329              -0.011484
2026-03-24 16:34:28,681 - root - INFO - 2025-12-30               -0.002096               0.035492
2026-03-24 16:34:28,681 - root - INFO - 2025-12-31               -0.012605              -0.055742
2026-03-24 16:34:28,682 - root - INFO - 
2026-03-24 16:34:28,682 - root - INFO -             related_stock_204_中鼎股份  related_stock_205_科达制造  \
2026-03-24 16:34:28,682 - root - INFO - date
2026-03-24 16:34:28,682 - root - INFO - 2019-01-03               -0.027411                0.027638
2026-03-24 16:34:28,682 - root - INFO - 2019-01-04                0.033403                0.012225
2026-03-24 16:34:28,682 - root - INFO - 2019-01-07                0.020202                0.038647
2026-03-24 16:34:28,682 - root - INFO - 2019-01-08               -0.006931                0.013953
2026-03-24 16:34:28,682 - root - INFO - 2019-01-09                0.017946               -0.011468
2026-03-24 16:34:28,683 - root - INFO - ...                            ...                     ...
2026-03-24 16:34:28,683 - root - INFO - 2025-12-25                0.010123               -0.007988
2026-03-24 16:34:28,683 - root - INFO - 2025-12-26                0.000436                0.027818
2026-03-24 16:34:28,683 - root - INFO - 2025-12-29                0.000871               -0.028490
2026-03-24 16:34:28,683 - root - INFO - 2025-12-30                0.033507                0.001466
2026-03-24 16:34:28,683 - root - INFO - 2025-12-31               -0.022737                0.015373
2026-03-24 16:34:28,683 - root - INFO - 
2026-03-24 16:34:28,684 - root - INFO -             related_stock_206_藏格矿业  related_stock_207_贤丰控股  \
2026-03-24 16:34:28,684 - root - INFO - date
2026-03-24 16:34:28,684 - root - INFO - 2019-01-03               -0.010733               -0.034562
2026-03-24 16:34:28,684 - root - INFO - 2019-01-04                0.011754                0.033413
2026-03-24 16:34:28,684 - root - INFO - 2019-01-07                0.001787                0.009238
2026-03-24 16:34:28,684 - root - INFO - 2019-01-08               -0.010705                0.018307
2026-03-24 16:34:28,684 - root - INFO - 2019-01-09                0.003607                0.020225
2026-03-24 16:34:28,684 - root - INFO - ...                            ...                     ...
2026-03-24 16:34:28,685 - root - INFO - 2025-12-25                0.002266                0.005405
2026-03-24 16:34:28,685 - root - INFO - 2025-12-26                0.071850               -0.002688
2026-03-24 16:34:28,685 - root - INFO - 2025-12-29               -0.032345               -0.008086
2026-03-24 16:34:28,685 - root - INFO - 2025-12-30                0.015986                0.040761
2026-03-24 16:34:28,685 - root - INFO - 2025-12-31                0.006079               -0.026110
2026-03-24 16:34:28,685 - root - INFO - 
2026-03-24 16:34:28,685 - root - INFO -             related_stock_208_金圆股份  related_stock_209_鞍重股份  \
2026-03-24 16:34:28,685 - root - INFO - date
2026-03-24 16:34:28,686 - root - INFO - 2019-01-03               -0.011820               -0.016768
2026-03-24 16:34:28,686 - root - INFO - 2019-01-04                0.022727                0.048062
2026-03-24 16:34:28,686 - root - INFO - 2019-01-07                0.023392                0.010355
2026-03-24 16:34:28,686 - root - INFO - 2019-01-08                0.018286                0.014641
2026-03-24 16:34:28,686 - root - INFO - 2019-01-09               -0.001122                0.014430
2026-03-24 16:34:28,686 - root - INFO - ...                            ...                     ...
2026-03-24 16:34:28,686 - root - INFO - 2025-12-25               -0.043478               -0.004396
2026-03-24 16:34:28,687 - root - INFO - 2025-12-26                0.027859                0.018396
2026-03-24 16:34:28,687 - root - INFO - 2025-12-29               -0.041369               -0.028179
2026-03-24 16:34:28,687 - root - INFO - 2025-12-30               -0.025298               -0.017844
2026-03-24 16:34:28,687 - root - INFO - 2025-12-31               -0.025954               -0.009084
2026-03-24 16:34:28,687 - root - INFO - 
2026-03-24 16:34:28,687 - root - INFO -             related_stock_210_万里石  related_stock_211_吉翔股份  \
2026-03-24 16:34:28,688 - root - INFO - date
2026-03-24 16:34:28,688 - root - INFO - 2019-01-03              -0.036872               -0.008351
2026-03-24 16:34:28,688 - root - INFO - 2019-01-04               0.012761                0.003158
2026-03-24 16:34:28,688 - root - INFO - 2019-01-07               0.016037                0.028332
2026-03-24 16:34:28,688 - root - INFO - 2019-01-08               0.019166               -0.019388
2026-03-24 16:34:28,688 - root - INFO - 2019-01-09               0.008850                0.024974
2026-03-24 16:34:28,688 - root - INFO - ...                           ...                     ...
2026-03-24 16:34:28,689 - root - INFO - 2025-12-25               0.043144               -0.009225
2026-03-24 16:34:28,689 - root - INFO - 2025-12-26               0.023796                0.030726
2026-03-24 16:34:28,689 - root - INFO - 2025-12-29              -0.012452               -0.045167
2026-03-24 16:34:28,689 - root - INFO - 2025-12-30               0.036705               -0.007569
2026-03-24 16:34:28,689 - root - INFO - 2025-12-31              -0.045405               -0.009533
2026-03-24 16:34:28,689 - root - INFO - 
2026-03-24 16:34:28,689 - root - INFO -             related_stock_212_康隆达  related_stock_213_中国中冶  \
2026-03-24 16:34:28,689 - root - INFO - date
2026-03-24 16:34:28,689 - root - INFO - 2019-01-03               0.007958                0.000000
2026-03-24 16:34:28,689 - root - INFO - 2019-01-04               0.022180                0.009772
2026-03-24 16:34:28,689 - root - INFO - 2019-01-07               0.030158                0.003226
2026-03-24 16:34:28,689 - root - INFO - 2019-01-08               0.006783               -0.025723
2026-03-24 16:34:28,689 - root - INFO - 2019-01-09               0.007092                0.009901
2026-03-24 16:34:28,690 - root - INFO - ...                           ...                     ...
2026-03-24 16:34:28,690 - root - INFO - 2025-12-25               0.055188               -0.003344
2026-03-24 16:34:28,691 - root - INFO - 2025-12-26              -0.011901                0.006711
2026-03-24 16:34:28,691 - root - INFO - 2025-12-29               0.017433                0.013333
2026-03-24 16:34:28,691 - root - INFO - 2025-12-30              -0.021495               -0.019737
2026-03-24 16:34:28,691 - root - INFO - 2025-12-31               0.016237               -0.003356
2026-03-24 16:34:28,691 - root - INFO - 
2026-03-24 16:34:28,691 - root - INFO -             related_stock_214_鹏欣资源  related_stock_215_合纵科技  \
2026-03-24 16:34:28,691 - root - INFO - date
2026-03-24 16:34:28,692 - root - INFO - 2019-01-03                0.037946                0.001106
2026-03-24 16:34:28,692 - root - INFO - 2019-01-04                0.021505                0.026519
2026-03-24 16:34:28,692 - root - INFO - 2019-01-07                0.008421                0.021529
2026-03-24 16:34:28,692 - root - INFO - 2019-01-08               -0.020877               -0.025290
2026-03-24 16:34:28,692 - root - INFO - 2019-01-09                0.008529               -0.007568
2026-03-24 16:34:28,692 - root - INFO - ...                            ...                     ...
2026-03-24 16:34:28,692 - root - INFO - 2025-12-25               -0.041509               -0.029126
2026-03-24 16:34:28,692 - root - INFO - 2025-12-26                0.034121                0.020000
2026-03-24 16:34:28,692 - root - INFO - 2025-12-29               -0.016497               -0.045752
2026-03-24 16:34:28,693 - root - INFO - 2025-12-30               -0.005161               -0.068493
2026-03-24 16:34:28,693 - root - INFO - 2025-12-31                0.002594               -0.036765
2026-03-24 16:34:28,693 - root - INFO - 
2026-03-24 16:34:28,693 - root - INFO -             related_stock_216_百川股份  related_stock_217_易成新能  \
2026-03-24 16:34:28,693 - root - INFO - date
2026-03-24 16:34:28,693 - root - INFO - 2019-01-03                0.000000                0.000000
2026-03-24 16:34:28,693 - root - INFO - 2019-01-04                0.017964                0.000000
2026-03-24 16:34:28,693 - root - INFO - 2019-01-07                0.011765                0.000000
2026-03-24 16:34:28,694 - root - INFO - 2019-01-08               -0.001938                0.000000
2026-03-24 16:34:28,694 - root - INFO - 2019-01-09               -0.003883                0.000000
2026-03-24 16:34:28,694 - root - INFO - ...                            ...                     ...
2026-03-24 16:34:28,694 - root - INFO - 2025-12-25                0.000000                0.016227
2026-03-24 16:34:28,694 - root - INFO - 2025-12-26                0.025000                0.017964
2026-03-24 16:34:28,694 - root - INFO - 2025-12-29                0.027260               -0.013725
2026-03-24 16:34:28,694 - root - INFO - 2025-12-30                0.016760               -0.019881
2026-03-24 16:34:28,694 - root - INFO - 2025-12-31               -0.015110               -0.014199
2026-03-24 16:34:28,695 - root - INFO - 
2026-03-24 16:34:28,695 - root - INFO -             related_stock_218_恒力石化  related_stock_219_江苏国泰  \
2026-03-24 16:34:28,695 - root - INFO - date
2026-03-24 16:34:28,695 - root - INFO - 2019-01-03                0.002974                0.012681
2026-03-24 16:34:28,695 - root - INFO - 2019-01-04                0.011119                0.033989
2026-03-24 16:34:28,695 - root - INFO - 2019-01-07                0.005132                0.012111
2026-03-24 16:34:28,695 - root - INFO - 2019-01-08               -0.011670               -0.020513
2026-03-24 16:34:28,695 - root - INFO - 2019-01-09                0.008118               -0.005236
2026-03-24 16:34:28,695 - root - INFO - ...                            ...                     ...
2026-03-24 16:34:28,696 - root - INFO - 2025-12-25                0.019666                0.001095
2026-03-24 16:34:28,696 - root - INFO - 2025-12-26                0.025554                0.015317
2026-03-24 16:34:28,696 - root - INFO - 2025-12-29               -0.012694               -0.015086
2026-03-24 16:34:28,696 - root - INFO - 2025-12-30                0.068095               -0.007659
2026-03-24 16:34:28,696 - root - INFO - 2025-12-31                0.004458               -0.004410
2026-03-24 16:34:28,696 - root - INFO - 
2026-03-24 16:34:28,696 - root - INFO -             related_stock_220_铜陵有色  related_stock_221_华自科技  \
2026-03-24 16:34:28,697 - root - INFO - date
2026-03-24 16:34:28,697 - root - INFO - 2019-01-03                0.005128                0.000794
2026-03-24 16:34:28,697 - root - INFO - 2019-01-04                0.020408                0.058684
2026-03-24 16:34:28,697 - root - INFO - 2019-01-07                0.015000                0.009738
2026-03-24 16:34:28,697 - root - INFO - 2019-01-08               -0.004926                0.014837
2026-03-24 16:34:28,697 - root - INFO - 2019-01-09                0.000000                0.084064
2026-03-24 16:34:28,697 - root - INFO - ...                            ...                     ...
2026-03-24 16:34:28,697 - root - INFO - 2025-12-25               -0.007194               -0.015103
2026-03-24 16:34:28,698 - root - INFO - 2025-12-26                0.074275                0.003228
2026-03-24 16:34:28,698 - root - INFO - 2025-12-29               -0.033727                0.001609
2026-03-24 16:34:28,698 - root - INFO - 2025-12-30                0.012216               -0.021687
2026-03-24 16:34:28,698 - root - INFO - 2025-12-31                0.036207               -0.015599
2026-03-24 16:34:28,698 - root - INFO - 
2026-03-24 16:34:28,698 - root - INFO -             related_stock_222_一汽解放  related_stock_223_中国重汽  \
2026-03-24 16:34:28,698 - root - INFO - date
2026-03-24 16:34:28,698 - root - INFO - 2019-01-03                0.010542               -0.013736
2026-03-24 16:34:28,699 - root - INFO - 2019-01-04                0.023845                0.022284
2026-03-24 16:34:28,699 - root - INFO - 2019-01-07                0.053857                0.022707
2026-03-24 16:34:28,699 - root - INFO - 2019-01-08               -0.019337                0.002664
2026-03-24 16:34:28,699 - root - INFO - 2019-01-09                0.004225                0.017715
2026-03-24 16:34:28,699 - root - INFO - ...                            ...                     ...
2026-03-24 16:34:28,699 - root - INFO - 2025-12-25               -0.002941                0.010192
2026-03-24 16:34:28,699 - root - INFO - 2025-12-26                0.000000               -0.001780
2026-03-24 16:34:28,699 - root - INFO - 2025-12-29                0.004425               -0.011891
2026-03-24 16:34:28,700 - root - INFO - 2025-12-30               -0.004405               -0.002407
2026-03-24 16:34:28,700 - root - INFO - 2025-12-31                0.000000                0.019300
2026-03-24 16:34:28,700 - root - INFO - 
2026-03-24 16:34:28,700 - root - INFO -             related_stock_224_福田汽车  related_stock_225_江铃汽车  \
2026-03-24 16:34:28,700 - root - INFO - date
2026-03-24 16:34:28,700 - root - INFO - 2019-01-03                0.000000               -0.032941
2026-03-24 16:34:28,700 - root - INFO - 2019-01-04                0.011236                0.064882
2026-03-24 16:34:28,700 - root - INFO - 2019-01-07                0.005556                0.099010
2026-03-24 16:34:28,700 - root - INFO - 2019-01-08                0.000000                0.025641
2026-03-24 16:34:28,701 - root - INFO - 2019-01-09                0.016575                0.066892
2026-03-24 16:34:28,701 - root - INFO - ...                            ...                     ...
2026-03-24 16:34:28,701 - root - INFO - 2025-12-25               -0.017123                0.001612
2026-03-24 16:34:28,701 - root - INFO - 2025-12-26                0.006969                0.007511
2026-03-24 16:34:28,701 - root - INFO - 2025-12-29                0.000000                0.003727
2026-03-24 16:34:28,701 - root - INFO - 2025-12-30                0.003460                0.009019
2026-03-24 16:34:28,702 - root - INFO - 2025-12-31                0.006897               -0.022082
2026-03-24 16:34:28,702 - root - INFO - 
2026-03-24 16:34:28,702 - root - INFO -             related_stock_226_金龙汽车  related_stock_227_中通客车  \
2026-03-24 16:34:28,702 - root - INFO - date
2026-03-24 16:34:28,702 - root - INFO - 2019-01-03                0.000000               -0.006803
2026-03-24 16:34:28,702 - root - INFO - 2019-01-04                0.028788                0.025114
2026-03-24 16:34:28,702 - root - INFO - 2019-01-07                0.020619                0.024499
2026-03-24 16:34:28,702 - root - INFO - 2019-01-08                0.038961                0.054348
2026-03-24 16:34:28,703 - root - INFO - 2019-01-09                0.073611                0.000000
2026-03-24 16:34:28,703 - root - INFO - ...                            ...                     ...
2026-03-24 16:34:28,703 - root - INFO - 2025-12-25                0.003007               -0.014783
2026-03-24 16:34:28,704 - root - INFO - 2025-12-26                0.021583               -0.007061
2026-03-24 16:34:28,704 - root - INFO - 2025-12-29                0.002347               -0.023111
2026-03-24 16:34:28,704 - root - INFO - 2025-12-30                0.009368               -0.002730
2026-03-24 16:34:28,704 - root - INFO - 2025-12-31                0.029002                0.041971
2026-03-24 16:34:28,705 - root - INFO - 
2026-03-24 16:34:28,705 - root - INFO -             related_stock_228_宇通客车  related_stock_229_银河磁体  \
2026-03-24 16:34:28,705 - root - INFO - date
2026-03-24 16:34:28,705 - root - INFO - 2019-01-03                0.006723                0.002791
2026-03-24 16:34:28,705 - root - INFO - 2019-01-04                0.015860                0.031540
2026-03-24 16:34:28,705 - root - INFO - 2019-01-07                0.014790                0.014388
2026-03-24 16:34:28,707 - root - INFO - 2019-01-08                0.012146                0.059397
2026-03-24 16:34:28,707 - root - INFO - 2019-01-09               -0.005600               -0.012552
2026-03-24 16:34:28,707 - root - INFO - ...                            ...                     ...
2026-03-24 16:34:28,707 - root - INFO - 2025-12-25               -0.007304                0.012846
2026-03-24 16:34:28,707 - root - INFO - 2025-12-26                0.004598                0.007154
2026-03-24 16:34:28,708 - root - INFO - 2025-12-29               -0.019835               -0.002583
2026-03-24 16:34:28,708 - root - INFO - 2025-12-30                0.007161               -0.005827
2026-03-24 16:34:28,708 - root - INFO - 2025-12-31                0.010819               -0.012374
2026-03-24 16:34:28,708 - root - INFO - 
2026-03-24 16:34:28,708 - root - INFO -             related_stock_230_许继电气  related_stock_231_国电南自  \
2026-03-24 16:34:28,709 - root - INFO - date
2026-03-24 16:34:28,709 - root - INFO - 2019-01-03                0.015837                0.100962
2026-03-24 16:34:28,709 - root - INFO - 2019-01-04                0.096882                0.100437
2026-03-24 16:34:28,709 - root - INFO - 2019-01-07                0.079188                0.099206
2026-03-24 16:34:28,709 - root - INFO - 2019-01-08               -0.015992               -0.010830
2026-03-24 16:34:28,709 - root - INFO - 2019-01-09               -0.006692               -0.021898
2026-03-24 16:34:28,709 - root - INFO - ...                            ...                     ...
2026-03-24 16:34:28,710 - root - INFO - 2025-12-25                0.003762                0.015888
2026-03-24 16:34:28,710 - root - INFO - 2025-12-26               -0.009745               -0.011040
2026-03-24 16:34:28,710 - root - INFO - 2025-12-29               -0.014383               -0.013023
2026-03-24 16:34:28,710 - root - INFO - 2025-12-30               -0.009601               -0.002828
2026-03-24 16:34:28,710 - root - INFO - 2025-12-31               -0.003102               -0.009452
2026-03-24 16:34:28,711 - root - INFO - 
2026-03-24 16:34:28,711 - root - INFO -             related_stock_232_思源电气  related_stock_233_科林电气  \
2026-03-24 16:34:28,711 - root - INFO - date
2026-03-24 16:34:28,711 - root - INFO - 2019-01-03                0.001005                0.044394
2026-03-24 16:34:28,711 - root - INFO - 2019-01-04                0.051205               -0.018012
2026-03-24 16:34:28,711 - root - INFO - 2019-01-07                0.042980                0.020543
2026-03-24 16:34:28,712 - root - INFO - 2019-01-08               -0.007326               -0.030913
2026-03-24 16:34:28,712 - root - INFO - 2019-01-09                0.000000               -0.015579
2026-03-24 16:34:28,712 - root - INFO - ...                            ...                     ...
2026-03-24 16:34:28,712 - root - INFO - 2025-12-25                0.032497                0.006745
2026-03-24 16:34:28,712 - root - INFO - 2025-12-26                0.040522               -0.012284
2026-03-24 16:34:28,712 - root - INFO - 2025-12-29               -0.033416               -0.007349
2026-03-24 16:34:28,713 - root - INFO - 2025-12-30                0.002442               -0.005125
2026-03-24 16:34:28,713 - root - INFO - 2025-12-31               -0.009038                0.031483
2026-03-24 16:34:28,713 - root - INFO - 
2026-03-24 16:34:28,713 - root - INFO -             related_stock_234_科华数据  related_stock_235_科陆电子  \
2026-03-24 16:34:28,713 - root - INFO - date
2026-03-24 16:34:28,714 - root - INFO - 2019-01-03               -0.031522               -0.004367
2026-03-24 16:34:28,714 - root - INFO - 2019-01-04                0.040859                0.021930
2026-03-24 16:34:28,714 - root - INFO - 2019-01-07                0.071856                0.066524
2026-03-24 16:34:28,714 - root - INFO - 2019-01-08                0.000621               -0.016097
2026-03-24 16:34:28,714 - root - INFO - 2019-01-09                0.001861                0.002045
2026-03-24 16:34:28,715 - root - INFO - ...                            ...                     ...
2026-03-24 16:34:28,715 - root - INFO - 2025-12-25               -0.005447                0.008917
2026-03-24 16:34:28,715 - root - INFO - 2025-12-26               -0.012014               -0.002525
2026-03-24 16:34:28,715 - root - INFO - 2025-12-29               -0.008047               -0.011392
2026-03-24 16:34:28,715 - root - INFO - 2025-12-30                0.023076               -0.002561
2026-03-24 16:34:28,715 - root - INFO - 2025-12-31               -0.021498               -0.011553
2026-03-24 16:34:28,716 - root - INFO - 
2026-03-24 16:34:28,716 - root - INFO -             related_stock_236_林洋能源  related_stock_237_正泰电器  \
2026-03-24 16:34:28,716 - root - INFO - date
2026-03-24 16:34:28,716 - root - INFO - 2019-01-03               -0.027719               -0.044161
2026-03-24 16:34:28,716 - root - INFO - 2019-01-04                0.035088               -0.004887
2026-03-24 16:34:28,717 - root - INFO - 2019-01-07                0.023305                0.029911
2026-03-24 16:34:28,717 - root - INFO - 2019-01-08                0.002070               -0.011270
2026-03-24 16:34:28,717 - root - INFO - 2019-01-09               -0.004132                0.013152
2026-03-24 16:34:28,717 - root - INFO - ...                            ...                     ...
2026-03-24 16:34:28,717 - root - INFO - 2025-12-25                0.000000                0.004610
2026-03-24 16:34:28,718 - root - INFO - 2025-12-26               -0.001795                0.013413
2026-03-24 16:34:28,718 - root - INFO - 2025-12-29               -0.007194               -0.014629
2026-03-24 16:34:28,718 - root - INFO - 2025-12-30               -0.001812               -0.005302
2026-03-24 16:34:28,718 - root - INFO - 2025-12-31               -0.007260               -0.008884
2026-03-24 16:34:28,718 - root - INFO - 
2026-03-24 16:34:28,719 - root - INFO -             related_stock_238_中颖电子  related_stock_239_全志科技  \
2026-03-24 16:34:28,719 - root - INFO - date
2026-03-24 16:34:28,719 - root - INFO - 2019-01-03               -0.010474               -0.034653
2026-03-24 16:34:28,719 - root - INFO - 2019-01-04                0.019499                0.023590
2026-03-24 16:34:28,719 - root - INFO - 2019-01-07                0.019672                0.023547
2026-03-24 16:34:28,720 - root - INFO - 2019-01-08               -0.008574                0.003426
2026-03-24 16:34:28,720 - root - INFO - 2019-01-09                0.014054                0.001463
2026-03-24 16:34:28,720 - root - INFO - ...                            ...                     ...
2026-03-24 16:34:28,720 - root - INFO - 2025-12-25                0.005160                0.010942
2026-03-24 16:34:28,720 - root - INFO - 2025-12-26               -0.016769               -0.011765
2026-03-24 16:34:28,721 - root - INFO - 2025-12-29                0.001740               -0.006190
2026-03-24 16:34:28,721 - root - INFO - 2025-12-30                0.005212                0.028510
2026-03-24 16:34:28,721 - root - INFO - 2025-12-31               -0.031110               -0.020964
2026-03-24 16:34:28,721 - root - INFO - 
2026-03-24 16:34:28,721 - root - INFO -             related_stock_240_国民技术  related_stock_241_银轮股份  \
2026-03-24 16:34:28,721 - root - INFO - date
2026-03-24 16:34:28,721 - root - INFO - 2019-01-03               -0.011921               -0.012195
2026-03-24 16:34:28,723 - root - INFO - 2019-01-04                0.028150                0.026063
2026-03-24 16:34:28,723 - root - INFO - 2019-01-07                0.023468                0.008021
2026-03-24 16:34:28,723 - root - INFO - 2019-01-08               -0.014013                0.007958
2026-03-24 16:34:28,723 - root - INFO - 2019-01-09                0.014212               -0.010526
2026-03-24 16:34:28,723 - root - INFO - ...                            ...                     ...
2026-03-24 16:34:28,723 - root - INFO - 2025-12-25                0.017378                0.062654
2026-03-24 16:34:28,723 - root - INFO - 2025-12-26               -0.008785               -0.035530
2026-03-24 16:34:28,723 - root - INFO - 2025-12-29               -0.000492               -0.006140
2026-03-24 16:34:28,724 - root - INFO - 2025-12-30                0.001970                0.042439
2026-03-24 16:34:28,724 - root - INFO - 2025-12-31               -0.005900               -0.026024
2026-03-24 16:34:28,724 - root - INFO - 
2026-03-24 16:34:28,724 - root - INFO -             related_stock_242_松芝股份  related_stock_243_科达利  \
2026-03-24 16:34:28,724 - root - INFO - date
2026-03-24 16:34:28,724 - root - INFO - 2019-01-03               -0.002410              -0.025602
2026-03-24 16:34:28,724 - root - INFO - 2019-01-04                0.026570               0.015239
2026-03-24 16:34:28,725 - root - INFO - 2019-01-07                0.007059               0.027950
2026-03-24 16:34:28,725 - root - INFO - 2019-01-08                0.007009              -0.025680
2026-03-24 16:34:28,725 - root - INFO - 2019-01-09                0.000000              -0.018088
2026-03-24 16:34:28,725 - root - INFO - ...                            ...                    ...
2026-03-24 16:34:28,725 - root - INFO - 2025-12-25                0.011416               0.040532
2026-03-24 16:34:28,726 - root - INFO - 2025-12-26               -0.005643              -0.022989
2026-03-24 16:34:28,726 - root - INFO - 2025-12-29               -0.001135               0.038105
2026-03-24 16:34:28,726 - root - INFO - 2025-12-30               -0.004545               0.035321
2026-03-24 16:34:28,727 - root - INFO - 2025-12-31               -0.005708              -0.040015
2026-03-24 16:34:28,727 - root - INFO - 
2026-03-24 16:34:28,727 - root - INFO -             related_stock_244_中航光电  related_stock_245_得润电子  \
2026-03-24 16:34:28,728 - root - INFO - date
2026-03-24 16:34:28,728 - root - INFO - 2019-01-03                0.011789                0.002024
2026-03-24 16:34:28,728 - root - INFO - 2019-01-04                0.004952                0.026263
2026-03-24 16:34:28,728 - root - INFO - 2019-01-07                0.039420                0.037402
2026-03-24 16:34:28,729 - root - INFO - 2019-01-08                0.000558                0.000949
2026-03-24 16:34:28,729 - root - INFO - 2019-01-09               -0.005017               -0.002844
2026-03-24 16:34:28,729 - root - INFO - ...                            ...                     ...
2026-03-24 16:34:28,729 - root - INFO - 2025-12-25                0.033778                0.000000
2026-03-24 16:34:28,729 - root - INFO - 2025-12-26               -0.002866               -0.002933
2026-03-24 16:34:28,729 - root - INFO - 2025-12-29                0.036217                0.002941
2026-03-24 16:34:28,730 - root - INFO - 2025-12-30               -0.016366               -0.004399
2026-03-24 16:34:28,730 - root - INFO - 2025-12-31               -0.000564               -0.007364
2026-03-24 16:34:28,730 - root - INFO - 
2026-03-24 16:34:28,730 - root - INFO -             related_stock_246_光华科技  related_stock_247_天奇股份  \
2026-03-24 16:34:28,730 - root - INFO - date
2026-03-24 16:34:28,731 - root - INFO - 2019-01-03               -0.040999               -0.021220
2026-03-24 16:34:28,731 - root - INFO - 2019-01-04                0.014696                0.031165
2026-03-24 16:34:28,731 - root - INFO - 2019-01-07                0.007900                0.022339
2026-03-24 16:34:28,731 - root - INFO - 2019-01-08                0.018942                0.008997
2026-03-24 16:34:28,731 - root - INFO - 2019-01-09               -0.016667                0.014013
2026-03-24 16:34:28,732 - root - INFO - ...                            ...                     ...
2026-03-24 16:34:28,732 - root - INFO - 2025-12-25                0.001949                0.100000
2026-03-24 16:34:28,732 - root - INFO - 2025-12-26                0.002432                0.100000
2026-03-24 16:34:28,732 - root - INFO - 2025-12-29               -0.008248                0.100207
2026-03-24 16:34:28,732 - root - INFO - 2025-12-30               -0.006849                0.100000
2026-03-24 16:34:28,733 - root - INFO - 2025-12-31               -0.011823               -0.034571
2026-03-24 16:34:28,733 - root - INFO - 
2026-03-24 16:34:28,733 - root - INFO -             related_stock_248_兴发集团  related_stock_249_湖北宜化  \
2026-03-24 16:34:28,733 - root - INFO - date
2026-03-24 16:34:28,733 - root - INFO - 2019-01-03                0.000988                0.000000
2026-03-24 16:34:28,733 - root - INFO - 2019-01-04                0.015795                0.010204
2026-03-24 16:34:28,734 - root - INFO - 2019-01-07                0.004859                0.013468
2026-03-24 16:34:28,734 - root - INFO - 2019-01-08               -0.019342                0.003322
2026-03-24 16:34:28,734 - root - INFO - 2019-01-09                0.002959                0.039735
2026-03-24 16:34:28,734 - root - INFO - ...                            ...                     ...
2026-03-24 16:34:28,734 - root - INFO - 2025-12-25                0.004895                0.006988
2026-03-24 16:34:28,734 - root - INFO - 2025-12-26                0.001719                0.015267
2026-03-24 16:34:28,735 - root - INFO - 2025-12-29               -0.019165               -0.028708
2026-03-24 16:34:28,735 - root - INFO - 2025-12-30                0.012540                0.023223
2026-03-24 16:34:28,735 - root - INFO - 2025-12-31               -0.004032               -0.022696
2026-03-24 16:34:28,735 - root - INFO - 
2026-03-24 16:34:28,735 - root - INFO -             related_stock_250_新洋丰  related_stock_251_巨化股份  \
2026-03-24 16:34:28,736 - root - INFO - date
2026-03-24 16:34:28,736 - root - INFO - 2019-01-03              -0.020455               -0.013616
2026-03-24 16:34:28,736 - root - INFO - 2019-01-04               0.009281                0.018405
2026-03-24 16:34:28,736 - root - INFO - 2019-01-07               0.021839                0.010542
2026-03-24 16:34:28,736 - root - INFO - 2019-01-08              -0.011249               -0.001490
2026-03-24 16:34:28,736 - root - INFO - 2019-01-09               0.015927                0.001493
2026-03-24 16:34:28,737 - root - INFO - ...                           ...                     ...
2026-03-24 16:34:28,737 - root - INFO - 2025-12-25              -0.003139                0.021925
2026-03-24 16:34:28,737 - root - INFO - 2025-12-26              -0.001259               -0.009158
2026-03-24 16:34:28,737 - root - INFO - 2025-12-29              -0.010719               -0.010034
2026-03-24 16:34:28,737 - root - INFO - 2025-12-30               0.001912                0.025340
2026-03-24 16:34:28,737 - root - INFO - 2025-12-31              -0.006361               -0.000520
2026-03-24 16:34:28,737 - root - INFO - 
2026-03-24 16:34:28,737 - root - INFO -             related_stock_252_斯莱克  related_stock_253_德新科技  \
2026-03-24 16:34:28,737 - root - INFO - date
2026-03-24 16:34:28,739 - root - INFO - 2019-01-03               0.007233               -0.099764
2026-03-24 16:34:28,739 - root - INFO - 2019-01-04               0.030521                0.017222
2026-03-24 16:34:28,739 - root - INFO - 2019-01-07              -0.006969                0.005521
2026-03-24 16:34:28,739 - root - INFO - 2019-01-08               0.003509                0.000366
2026-03-24 16:34:28,739 - root - INFO - 2019-01-09               0.015734                0.010611
2026-03-24 16:34:28,739 - root - INFO - ...                           ...                     ...
2026-03-24 16:34:28,739 - root - INFO - 2025-12-25               0.014004               -0.010495
2026-03-24 16:34:28,740 - root - INFO - 2025-12-26              -0.013183               -0.002525
2026-03-24 16:34:28,740 - root - INFO - 2025-12-29              -0.009542               -0.006076
2026-03-24 16:34:28,740 - root - INFO - 2025-12-30               0.012203               -0.012736
2026-03-24 16:34:28,740 - root - INFO - 2025-12-31              -0.012690               -0.011352
2026-03-24 16:34:28,740 - root - INFO - 
2026-03-24 16:34:28,740 - root - INFO -             related_stock_254_今天国际  related_stock_255_星帅尔  \
2026-03-24 16:34:28,740 - root - INFO - date
2026-03-24 16:34:28,741 - root - INFO - 2019-01-03                0.000000              -0.066249
2026-03-24 16:34:28,741 - root - INFO - 2019-01-04                0.041000               0.018994
2026-03-24 16:34:28,741 - root - INFO - 2019-01-07                0.022094               0.019737
2026-03-24 16:34:28,741 - root - INFO - 2019-01-08               -0.005639               0.009140
2026-03-24 16:34:28,741 - root - INFO - 2019-01-09               -0.010397              -0.000533
2026-03-24 16:34:28,741 - root - INFO - ...                            ...                    ...
2026-03-24 16:34:28,741 - root - INFO - 2025-12-25                0.009322               0.002924
2026-03-24 16:34:28,741 - root - INFO - 2025-12-26               -0.009236              -0.010933
2026-03-24 16:34:28,741 - root - INFO - 2025-12-29               -0.007627              -0.002948
2026-03-24 16:34:28,741 - root - INFO - 2025-12-30                0.000000               0.000739
2026-03-24 16:34:28,741 - root - INFO - 2025-12-31                0.005978               0.041359
2026-03-24 16:34:28,742 - root - INFO - 
2026-03-24 16:34:28,742 - root - INFO -             related_stock_256_协鑫集成  related_stock_257_上机数控  \
2026-03-24 16:34:28,742 - root - INFO - date
2026-03-24 16:34:28,742 - root - INFO - 2019-01-03                0.000000               -0.046667
2026-03-24 16:34:28,742 - root - INFO - 2019-01-04                0.008016                0.100100
2026-03-24 16:34:28,742 - root - INFO - 2019-01-07               -0.003976               -0.015438
2026-03-24 16:34:28,742 - root - INFO - 2019-01-08                0.000000                0.010699
2026-03-24 16:34:28,743 - root - INFO - 2019-01-09                0.001996                0.009491
2026-03-24 16:34:28,743 - root - INFO - ...                            ...                     ...
2026-03-24 16:34:28,743 - root - INFO - 2025-12-25                0.003774                0.026903
2026-03-24 16:34:28,743 - root - INFO - 2025-12-26                0.101504                0.015335
2026-03-24 16:34:28,743 - root - INFO - 2025-12-29               -0.020478               -0.026117
2026-03-24 16:34:28,743 - root - INFO - 2025-12-30               -0.017422                0.001616
2026-03-24 16:34:28,744 - root - INFO - 2025-12-31               -0.007092               -0.016129
2026-03-24 16:34:28,744 - root - INFO - 
2026-03-24 16:34:28,744 - root - INFO -             related_stock_258_捷佳伟创  related_stock_259_晶盛机电  \
2026-03-24 16:34:28,744 - root - INFO - date
2026-03-24 16:34:28,744 - root - INFO - 2019-01-03               -0.015337               -0.026531
2026-03-24 16:34:28,744 - root - INFO - 2019-01-04                0.037729                0.033543
2026-03-24 16:34:28,744 - root - INFO - 2019-01-07                0.032688                0.034483
2026-03-24 16:34:28,744 - root - INFO - 2019-01-08               -0.017442               -0.007843
2026-03-24 16:34:28,745 - root - INFO - 2019-01-09               -0.027613                0.011858
2026-03-24 16:34:28,745 - root - INFO - ...                            ...                     ...
2026-03-24 16:34:28,745 - root - INFO - 2025-12-25               -0.015642               -0.015470
2026-03-24 16:34:28,745 - root - INFO - 2025-12-26                0.055021               -0.012365
2026-03-24 16:34:28,745 - root - INFO - 2025-12-29                0.032172               -0.009650
2026-03-24 16:34:28,745 - root - INFO - 2025-12-30               -0.036133               -0.011325
2026-03-24 16:34:28,745 - root - INFO - 2025-12-31               -0.015448               -0.021044
2026-03-24 16:34:28,746 - root - INFO - 
2026-03-24 16:34:28,746 - root - INFO -             related_stock_260_金辰股份  related_stock_261_京运通  \
2026-03-24 16:34:28,746 - root - INFO - date
2026-03-24 16:34:28,746 - root - INFO - 2019-01-03               -0.040566              -0.016340
2026-03-24 16:34:28,746 - root - INFO - 2019-01-04                0.028720               0.029900
2026-03-24 16:34:28,746 - root - INFO - 2019-01-07                0.028306               0.012903
2026-03-24 16:34:28,746 - root - INFO - 2019-01-08                0.001131               0.054140
2026-03-24 16:34:28,747 - root - INFO - 2019-01-09               -0.008663              -0.012085
2026-03-24 16:34:28,747 - root - INFO - ...                            ...                    ...
2026-03-24 16:34:28,747 - root - INFO - 2025-12-25                0.014997              -0.002463
2026-03-24 16:34:28,747 - root - INFO - 2025-12-26                0.000000               0.012346
2026-03-24 16:34:28,747 - root - INFO - 2025-12-29                0.021572               0.002439
2026-03-24 16:34:28,747 - root - INFO - 2025-12-30               -0.023720              -0.026764
2026-03-24 16:34:28,748 - root - INFO - 2025-12-31               -0.005926              -0.022500
2026-03-24 16:34:28,748 - root - INFO - 
2026-03-24 16:34:28,748 - root - INFO -             related_stock_262_洛阳玻璃  related_stock_263_南玻A  \
2026-03-24 16:34:28,748 - root - INFO - date
2026-03-24 16:34:28,748 - root - INFO - 2019-01-03                0.000908               0.007538
2026-03-24 16:34:28,748 - root - INFO - 2019-01-04                0.021779               0.022444
2026-03-24 16:34:28,748 - root - INFO - 2019-01-07                0.019538               0.007317
2026-03-24 16:34:28,749 - root - INFO - 2019-01-08               -0.006098               0.000000
2026-03-24 16:34:28,749 - root - INFO - 2019-01-09               -0.001753               0.000000
2026-03-24 16:34:28,749 - root - INFO - ...                            ...                    ...
2026-03-24 16:34:28,749 - root - INFO - 2025-12-25                0.003968               0.000000
2026-03-24 16:34:28,749 - root - INFO - 2025-12-26                0.000000               0.002227
2026-03-24 16:34:28,749 - root - INFO - 2025-12-29               -0.011858              -0.002222
2026-03-24 16:34:28,749 - root - INFO - 2025-12-30               -0.014000              -0.011136
2026-03-24 16:34:28,750 - root - INFO - 2025-12-31                0.000000              -0.002252
2026-03-24 16:34:28,750 - root - INFO - 
2026-03-24 16:34:28,750 - root - INFO -             related_stock_264_旗滨集团  related_stock_265_元力股份  \
2026-03-24 16:34:28,750 - root - INFO - date
2026-03-24 16:34:28,750 - root - INFO - 2019-01-03                0.010667               -0.023277
2026-03-24 16:34:28,750 - root - INFO - 2019-01-04                0.018470                0.045830
2026-03-24 16:34:28,750 - root - INFO - 2019-01-07                0.005181                0.024540
2026-03-24 16:34:28,750 - root - INFO - 2019-01-08               -0.010309                0.000855
2026-03-24 16:34:28,751 - root - INFO - 2019-01-09                0.005208               -0.000855
2026-03-24 16:34:28,751 - root - INFO - ...                            ...                     ...
2026-03-24 16:34:28,751 - root - INFO - 2025-12-25                0.013356               -0.006875
2026-03-24 16:34:28,751 - root - INFO - 2025-12-26                0.004942               -0.007552
2026-03-24 16:34:28,751 - root - INFO - 2025-12-29               -0.006557                0.003805
2026-03-24 16:34:28,751 - root - INFO - 2025-12-30               -0.013201               -0.018951
2026-03-24 16:34:28,752 - root - INFO - 2025-12-31               -0.008361               -0.001932
2026-03-24 16:34:28,752 - root - INFO - 
2026-03-24 16:34:28,752 - root - INFO -             related_stock_266_中国宝安  related_stock_267_均胜电子  \
2026-03-24 16:34:28,752 - root - INFO - date
2026-03-24 16:34:28,752 - root - INFO - 2019-01-03               -0.013953                0.000433
2026-03-24 16:34:28,753 - root - INFO - 2019-01-04                0.030660               -0.068861
2026-03-24 16:34:28,753 - root - INFO - 2019-01-07                0.018307                0.034884
2026-03-24 16:34:28,753 - root - INFO - 2019-01-08                0.015730               -0.011236
2026-03-24 16:34:28,753 - root - INFO - 2019-01-09               -0.008850                0.019091
2026-03-24 16:34:28,753 - root - INFO - ...                            ...                     ...
2026-03-24 16:34:28,753 - root - INFO - 2025-12-25               -0.001972                0.043967
2026-03-24 16:34:28,753 - root - INFO - 2025-12-26                0.003953               -0.014691
2026-03-24 16:34:28,753 - root - INFO - 2025-12-29               -0.018701               -0.014911
2026-03-24 16:34:28,753 - root - INFO - 2025-12-30               -0.002006                0.042381
2026-03-24 16:34:28,755 - root - INFO - 2025-12-31               -0.010050                0.011939
2026-03-24 16:34:28,755 - root - INFO - 
2026-03-24 16:34:28,755 - root - INFO -             related_stock_268_伯特利  related_stock_269_星宇股份  \
2026-03-24 16:34:28,755 - root - INFO - date
2026-03-24 16:34:28,755 - root - INFO - 2019-01-03              -0.099866               -0.012553
2026-03-24 16:34:28,755 - root - INFO - 2019-01-04               0.002972               -0.032752
2026-03-24 16:34:28,755 - root - INFO - 2019-01-07               0.016790                0.031410
2026-03-24 16:34:28,755 - root - INFO - 2019-01-08              -0.028655               -0.011231
2026-03-24 16:34:28,756 - root - INFO - 2019-01-09               0.012500                0.066186
2026-03-24 16:34:28,756 - root - INFO - ...                           ...                     ...
2026-03-24 16:34:28,756 - root - INFO - 2025-12-25               0.010487                0.006585
2026-03-24 16:34:28,756 - root - INFO - 2025-12-26               0.015077                0.007350
2026-03-24 16:34:28,756 - root - INFO - 2025-12-29              -0.012539               -0.006334
2026-03-24 16:34:28,756 - root - INFO - 2025-12-30               0.029107                0.001452
2026-03-24 16:34:28,757 - root - INFO - 2025-12-31              -0.026765               -0.005962
2026-03-24 16:34:28,757 - root - INFO - 
2026-03-24 16:34:28,757 - root - INFO -             related_stock_270_华阳集团  related_stock_271_保隆科技  \
2026-03-24 16:34:28,757 - root - INFO - date
2026-03-24 16:34:28,757 - root - INFO - 2019-01-03                0.001027               -0.011529
2026-03-24 16:34:28,757 - root - INFO - 2019-01-04                0.019487                0.019270
2026-03-24 16:34:28,757 - root - INFO - 2019-01-07                0.041247                0.039303
2026-03-24 16:34:28,757 - root - INFO - 2019-01-08               -0.014493                0.000000
2026-03-24 16:34:28,757 - root - INFO - 2019-01-09                0.039216                0.004787
2026-03-24 16:34:28,757 - root - INFO - ...                            ...                     ...
2026-03-24 16:34:28,757 - root - INFO - 2025-12-25                0.000642                0.003017
2026-03-24 16:34:28,758 - root - INFO - 2025-12-26               -0.001926               -0.010664
2026-03-24 16:34:28,758 - root - INFO - 2025-12-29               -0.008684               -0.003317
2026-03-24 16:34:28,758 - root - INFO - 2025-12-30                0.003894                0.014420
2026-03-24 16:34:28,758 - root - INFO - 2025-12-31               -0.011635                0.011208
2026-03-24 16:34:28,758 - root - INFO - 
2026-03-24 16:34:28,758 - root - INFO -             related_stock_272_万向钱潮  related_stock_273_中国动力  \
2026-03-24 16:34:28,758 - root - INFO - date
2026-03-24 16:34:28,758 - root - INFO - 2019-01-03               -0.007797               -0.005457
2026-03-24 16:34:28,759 - root - INFO - 2019-01-04                0.027505                0.005944
2026-03-24 16:34:28,759 - root - INFO - 2019-01-07                0.013384               -0.004545
2026-03-24 16:34:28,759 - root - INFO - 2019-01-08               -0.005660                0.006393
2026-03-24 16:34:28,759 - root - INFO - 2019-01-09                0.030361               -0.001815
2026-03-24 16:34:28,759 - root - INFO - ...                            ...                     ...
2026-03-24 16:34:28,759 - root - INFO - 2025-12-25                0.099836                0.012089
2026-03-24 16:34:28,760 - root - INFO - 2025-12-26                0.014137                0.000000
2026-03-24 16:34:28,760 - root - INFO - 2025-12-29                0.046222                0.002867
2026-03-24 16:34:28,760 - root - INFO - 2025-12-30                0.100281               -0.009052
2026-03-24 16:34:28,760 - root - INFO - 2025-12-31                0.096240               -0.004808
2026-03-24 16:34:28,760 - root - INFO - 
2026-03-24 16:34:28,761 - root - INFO -             related_stock_274_圣阳股份  related_stock_275_东方电热  \
2026-03-24 16:34:28,761 - root - INFO - date
2026-03-24 16:34:28,761 - root - INFO - 2019-01-03               -0.013333               -0.004219
2026-03-24 16:34:28,761 - root - INFO - 2019-01-04                0.023166                0.016949
2026-03-24 16:34:28,761 - root - INFO - 2019-01-07                0.024528                0.045833
2026-03-24 16:34:28,761 - root - INFO - 2019-01-08                0.007366                0.000000
2026-03-24 16:34:28,761 - root - INFO - 2019-01-09                0.001828                0.015936
2026-03-24 16:34:28,762 - root - INFO - ...                            ...                     ...
2026-03-24 16:34:28,762 - root - INFO - 2025-12-25               -0.003160                0.001905
2026-03-24 16:34:28,762 - root - INFO - 2025-12-26                0.000000               -0.011407
2026-03-24 16:34:28,762 - root - INFO - 2025-12-29               -0.007924                0.007692
2026-03-24 16:34:28,762 - root - INFO - 2025-12-30                0.001597               -0.001908
2026-03-24 16:34:28,762 - root - INFO - 2025-12-31               -0.007974               -0.009560
2026-03-24 16:34:28,762 - root - INFO - 
2026-03-24 16:34:28,762 - root - INFO -             related_stock_276_凯中精密  related_stock_277_精达股份  \
2026-03-24 16:34:28,763 - root - INFO - date
2026-03-24 16:34:28,763 - root - INFO - 2019-01-03               -0.010711                0.003390
2026-03-24 16:34:28,763 - root - INFO - 2019-01-04                0.016732                0.023649
2026-03-24 16:34:28,763 - root - INFO - 2019-01-07                0.013553                0.029703
2026-03-24 16:34:28,763 - root - INFO - 2019-01-08               -0.001910               -0.006410
2026-03-24 16:34:28,763 - root - INFO - 2019-01-09                0.004785                0.000000
2026-03-24 16:34:28,763 - root - INFO - ...                            ...                     ...
2026-03-24 16:34:28,764 - root - INFO - 2025-12-25                0.004353                0.100000
2026-03-24 16:34:28,764 - root - INFO - 2025-12-26               -0.004954                0.013923
2026-03-24 16:34:28,764 - root - INFO - 2025-12-29               -0.000622               -0.019386
2026-03-24 16:34:28,764 - root - INFO - 2025-12-30                0.004359               -0.012356
2026-03-24 16:34:28,764 - root - INFO - 2025-12-31               -0.004340                0.036697
2026-03-24 16:34:28,764 - root - INFO - 
2026-03-24 16:34:28,764 - root - INFO -             related_stock_278_长城科技  related_stock_279_金杯电工  \
2026-03-24 16:34:28,765 - root - INFO - date
2026-03-24 16:34:28,765 - root - INFO - 2019-01-03               -0.038580                0.004505
2026-03-24 16:34:28,765 - root - INFO - 2019-01-04                0.022344                0.042601
2026-03-24 16:34:28,765 - root - INFO - 2019-01-07                0.022302                0.043011
2026-03-24 16:34:28,765 - root - INFO - 2019-01-08               -0.013962               -0.016495
2026-03-24 16:34:28,765 - root - INFO - 2019-01-09                0.009292               -0.006289
2026-03-24 16:34:28,765 - root - INFO - ...                            ...                     ...
2026-03-24 16:34:28,765 - root - INFO - 2025-12-25                0.006716                0.009464
2026-03-24 16:34:28,765 - root - INFO - 2025-12-26               -0.007784               -0.007031
2026-03-24 16:34:28,766 - root - INFO - 2025-12-29                0.017557               -0.017309
2026-03-24 16:34:28,766 - root - INFO - 2025-12-30                0.001836                0.004003
2026-03-24 16:34:28,766 - root - INFO - 2025-12-31               -0.003298               -0.004785
2026-03-24 16:34:28,766 - root - INFO - 
2026-03-24 16:34:28,766 - root - INFO -             related_stock_280_露笑科技  related_stock_281_长园集团  \
2026-03-24 16:34:28,766 - root - INFO - date
2026-03-24 16:34:28,766 - root - INFO - 2019-01-03               -0.002463                0.000000
2026-03-24 16:34:28,766 - root - INFO - 2019-01-04                0.017284                0.058968
2026-03-24 16:34:28,767 - root - INFO - 2019-01-07                0.007282                0.006961
2026-03-24 16:34:28,767 - root - INFO - 2019-01-08                0.057831                0.064516
2026-03-24 16:34:28,767 - root - INFO - 2019-01-09               -0.027335               -0.008658
2026-03-24 16:34:28,767 - root - INFO - ...                            ...                     ...
2026-03-24 16:34:28,767 - root - INFO - 2025-12-25                0.015385                0.021622
2026-03-24 16:34:28,767 - root - INFO - 2025-12-26                0.001263                0.005291
2026-03-24 16:34:28,767 - root - INFO - 2025-12-29                0.034048               -0.050000
2026-03-24 16:34:28,767 - root - INFO - 2025-12-30                0.006098               -0.038781
2026-03-24 16:34:28,767 - root - INFO - 2025-12-31               -0.018182                0.017291
2026-03-24 16:34:28,768 - root - INFO - 
2026-03-24 16:34:28,768 - root - INFO -             related_stock_282_横店东磁  related_stock_283_天通股份  \
2026-03-24 16:34:28,768 - root - INFO - date
2026-03-24 16:34:28,768 - root - INFO - 2019-01-03                0.001812                0.009074
2026-03-24 16:34:28,768 - root - INFO - 2019-01-04                0.037975                0.048561
2026-03-24 16:34:28,768 - root - INFO - 2019-01-07                0.024390                0.027444
2026-03-24 16:34:28,768 - root - INFO - 2019-01-08                0.001701                0.005008
2026-03-24 16:34:28,769 - root - INFO - 2019-01-09                0.003396               -0.008306
2026-03-24 16:34:28,769 - root - INFO - ...                            ...                     ...
2026-03-24 16:34:28,769 - root - INFO - 2025-12-25               -0.023524               -0.041411
2026-03-24 16:34:28,769 - root - INFO - 2025-12-26                0.014864                0.100000
2026-03-24 16:34:28,769 - root - INFO - 2025-12-29                0.008081               -0.042182
2026-03-24 16:34:28,769 - root - INFO - 2025-12-30               -0.008016               -0.030372
2026-03-24 16:34:28,769 - root - INFO - 2025-12-31               -0.015152                0.028191
2026-03-24 16:34:28,769 - root - INFO - 
2026-03-24 16:34:28,770 - root - INFO -             related_stock_284_北矿科技  related_stock_285_中钢天源  \
2026-03-24 16:34:28,770 - root - INFO - date
2026-03-24 16:34:28,771 - root - INFO - 2019-01-03                0.003067                0.008621
2026-03-24 16:34:28,771 - root - INFO - 2019-01-04                0.032620                0.032479
2026-03-24 16:34:28,771 - root - INFO - 2019-01-07                0.027641                0.018212
2026-03-24 16:34:28,771 - root - INFO - 2019-01-08                0.003842                0.000000
2026-03-24 16:34:28,771 - root - INFO - 2019-01-09                0.002871               -0.011382
2026-03-24 16:34:28,771 - root - INFO - ...                            ...                     ...
2026-03-24 16:34:28,771 - root - INFO - 2025-12-25                0.006628                0.000000
2026-03-24 16:34:28,772 - root - INFO - 2025-12-26                0.000439                0.001938
2026-03-24 16:34:28,772 - root - INFO - 2025-12-29                0.003072                0.001934
2026-03-24 16:34:28,772 - root - INFO - 2025-12-30               -0.003062               -0.001931
2026-03-24 16:34:28,772 - root - INFO - 2025-12-31                0.008337               -0.014507
2026-03-24 16:34:28,772 - root - INFO - 
2026-03-24 16:34:28,772 - root - INFO -             related_stock_286_安泰科技  related_stock_287_英洛华
2026-03-24 16:34:28,773 - root - INFO - date
2026-03-24 16:34:28,773 - root - INFO - 2019-01-03                0.013187               0.008451
2026-03-24 16:34:28,773 - root - INFO - 2019-01-04                0.030369               0.064246
2026-03-24 16:34:28,773 - root - INFO - 2019-01-07                0.033684               0.020997
2026-03-24 16:34:28,773 - root - INFO - 2019-01-08               -0.004073              -0.005141
2026-03-24 16:34:28,773 - root - INFO - 2019-01-09                0.006135              -0.012920
2026-03-24 16:34:28,773 - root - INFO - ...                            ...                    ...
2026-03-24 16:34:28,773 - root - INFO - 2025-12-25                0.007418               0.010152
2026-03-24 16:34:28,773 - root - INFO - 2025-12-26                0.013255               0.000000
2026-03-24 16:34:28,773 - root - INFO - 2025-12-29               -0.015504               0.001005
2026-03-24 16:34:28,773 - root - INFO - 2025-12-30                0.018209               0.002008
2026-03-24 16:34:28,773 - root - INFO - 2025-12-31                0.015466              -0.001002
2026-03-24 16:34:28,774 - root - INFO - 
2026-03-24 16:34:28,775 - root - INFO - [1698 rows x 291 columns]
2026-03-24 16:34:28,779 - root - INFO - 已从缓存加载因果网络（显著性水平=0.05）
2026-03-24 16:34:28,779 - root - ERROR - Traceback (most recent call last):
2026-03-24 16:34:28,779 - root - ERROR -   File "D:\HuaweiMoveData\Users\86180\Desktop\new\main.py", line 56, in <module>
2026-03-24 16:34:28,779 - root - ERROR - causal_indices, causal_vector, adj_matrix = con.build_granger_causal_network(earnings)
2026-03-24 16:34:28,779 - root - ERROR - ^
2026-03-24 16:34:28,781 - root - ERROR - ^
2026-03-24 16:34:28,781 - root - ERROR - ^
2026-03-24 16:34:28,781 - root - ERROR - ^
2026-03-24 16:34:28,781 - root - ERROR - ^
2026-03-24 16:34:28,781 - root - ERROR - ^
2026-03-24 16:34:28,781 - root - ERROR - ^
2026-03-24 16:34:28,782 - root - ERROR - ^
2026-03-24 16:34:28,782 - root - ERROR - ^
2026-03-24 16:34:28,782 - root - ERROR - ^
2026-03-24 16:34:28,782 - root - ERROR - ^
2026-03-24 16:34:28,782 - root - ERROR - ^
2026-03-24 16:34:28,783 - root - ERROR - ^
2026-03-24 16:34:28,783 - root - ERROR - ^
2026-03-24 16:34:28,783 - root - ERROR - ^
2026-03-24 16:34:28,783 - root - ERROR - ^
2026-03-24 16:34:28,783 - root - ERROR - ^
2026-03-24 16:34:28,783 - root - ERROR - ^
2026-03-24 16:34:28,783 - root - ERROR - ^
2026-03-24 16:34:28,783 - root - ERROR - ^
2026-03-24 16:34:28,784 - root - ERROR - ^
2026-03-24 16:34:28,784 - root - ERROR - ^
2026-03-24 16:34:28,784 - root - ERROR - ^
2026-03-24 16:34:28,784 - root - ERROR - ^
2026-03-24 16:34:28,784 - root - ERROR - ^
2026-03-24 16:34:28,784 - root - ERROR - ^
2026-03-24 16:34:28,784 - root - ERROR - ^
2026-03-24 16:34:28,784 - root - ERROR - ^
2026-03-24 16:34:28,785 - root - ERROR - ^
2026-03-24 16:34:28,785 - root - ERROR - ^
2026-03-24 16:34:28,785 - root - ERROR - ^
2026-03-24 16:34:28,785 - root - ERROR - ^
2026-03-24 16:34:28,785 - root - ERROR - ^
2026-03-24 16:34:28,785 - root - ERROR - ^
2026-03-24 16:34:28,786 - root - ERROR - ^
2026-03-24 16:34:28,786 - root - ERROR - ^
2026-03-24 16:34:28,786 - root - ERROR - ^
2026-03-24 16:34:28,786 - root - ERROR - ^
2026-03-24 16:34:28,786 - root - ERROR - ^
2026-03-24 16:34:28,787 - root - ERROR - ^
2026-03-24 16:34:28,787 - root - ERROR - ^
2026-03-24 16:34:28,787 - root - ERROR - ^
2026-03-24 16:34:28,787 - root - ERROR -   File "D:\HuaweiMoveData\Users\86180\Desktop\new\Construction.py", line 69, in build_granger_causal_network
2026-03-24 16:34:28,787 - root - ERROR - for i in range(vars_num):
2026-03-24 16:34:28,787 - root - ERROR - ^
2026-03-24 16:34:28,787 - root - ERROR - ^
2026-03-24 16:34:28,788 - root - ERROR - ^
2026-03-24 16:34:28,788 - root - ERROR - ^
2026-03-24 16:34:28,788 - root - ERROR - ^
2026-03-24 16:34:28,788 - root - ERROR - ^
2026-03-24 16:34:28,788 - root - ERROR - ^
2026-03-24 16:34:28,788 - root - ERROR - ^
2026-03-24 16:34:28,788 - root - ERROR - UnboundLocalError
2026-03-24 16:34:28,788 - root - ERROR - :
2026-03-24 16:34:28,789 - root - ERROR - cannot access local variable 'vars_num' where it is not associated with a value
