2026-02-27 11:22:15,512 - root - INFO - 合并后的价格数据预览：
2026-02-27 11:22:15,557 - root - INFO -               宁德时代  market_data_1_上证综指  market_data_2_深证成指  \
2026-02-27 11:22:15,557 - root - INFO - 日期
2026-02-27 11:22:15,558 - root - INFO - 2021-09-28  501.03             2376.58            14313.82
2026-02-27 11:22:15,558 - root - INFO - 2021-09-29  503.11             2399.09            14079.02
2026-02-27 11:22:15,558 - root - INFO - 2021-09-30  526.33             2371.58            14309.01
2026-02-27 11:22:15,558 - root - INFO - 2021-10-08  534.60             2460.35            14414.16
2026-02-27 11:22:15,558 - root - INFO - 2021-10-11  521.60             2555.36            14367.60
2026-02-27 11:22:15,560 - root - INFO - ...            ...                 ...                 ...
2026-02-27 11:22:15,561 - root - INFO - 2024-06-17  351.59             1546.69             9281.25
2026-02-27 11:22:15,561 - root - INFO - 2024-06-18  355.42             1544.19             9318.47
2026-02-27 11:22:15,561 - root - INFO - 2024-06-19  353.04             1552.94             9219.07
2026-02-27 11:22:15,561 - root - INFO - 2024-06-20  351.21             1540.44             9068.85
2026-02-27 11:22:15,562 - root - INFO - 2024-06-21  346.11             1534.19             9064.84
2026-02-27 11:22:15,562 - root - INFO - 
2026-02-27 11:22:15,562 - root - INFO -             market_data_3_创业板指  upstream_1_盛新锂能  upstream_2_天齐锂业  \
2026-02-27 11:22:15,562 - root - INFO - 日期
2026-02-27 11:22:15,563 - root - INFO - 2021-09-28             3211.45            94.64           786.82
2026-02-27 11:22:15,563 - root - INFO - 2021-09-29             3175.15            86.85           795.77
2026-02-27 11:22:15,563 - root - INFO - 2021-09-30             3244.65            95.52           843.32
2026-02-27 11:22:15,563 - root - INFO - 2021-10-08             3243.20            95.09           801.31
2026-02-27 11:22:15,564 - root - INFO - 2021-10-11             3196.19            94.39           795.00
2026-02-27 11:22:15,564 - root - INFO - ...                        ...              ...              ...
2026-02-27 11:22:15,564 - root - INFO - 2024-06-17             1806.19            25.49           292.57
2026-02-27 11:22:15,564 - root - INFO - 2024-06-18             1811.36            25.28           295.98
2026-02-27 11:22:15,564 - root - INFO - 2024-06-19             1788.50            24.80           290.18
2026-02-27 11:22:15,564 - root - INFO - 2024-06-20             1762.70            24.02           281.07
2026-02-27 11:22:15,564 - root - INFO - 2024-06-21             1755.88            23.42           274.59
2026-02-27 11:22:15,565 - root - INFO - 
2026-02-27 11:22:15,565 - root - INFO -             upstream_3_赣锋锂业  upstream_4_川恒股份  upstream_5_盐湖股份  \
2026-02-27 11:22:15,565 - root - INFO - 日期
2026-02-27 11:22:15,565 - root - INFO - 2021-09-28          1450.29            36.29           217.06
2026-02-27 11:22:15,565 - root - INFO - 2021-09-29          1389.81            33.25           209.72
2026-02-27 11:22:15,565 - root - INFO - 2021-09-30          1479.54            34.85           220.47
2026-02-27 11:22:15,565 - root - INFO - 2021-10-08          1425.18            33.82           215.16
2026-02-27 11:22:15,565 - root - INFO - 2021-10-11          1435.08            33.19           214.51
2026-02-27 11:22:15,567 - root - INFO - ...                     ...              ...              ...
2026-02-27 11:22:15,567 - root - INFO - 2024-06-17           427.29            21.64           135.75
2026-02-27 11:22:15,567 - root - INFO - 2024-06-18           429.68            22.20           136.08
2026-02-27 11:22:15,567 - root - INFO - 2024-06-19           419.10            21.77           134.31
2026-02-27 11:22:15,567 - root - INFO - 2024-06-20           404.86            21.11           133.00
2026-02-27 11:22:15,567 - root - INFO - 2024-06-21           396.92            20.89           139.03
2026-02-27 11:22:15,568 - root - INFO - 
2026-02-27 11:22:15,568 - root - INFO -             upstream_6_中远海控  upstream_7_湘潭电化  upstream_8_华友钴业  \
2026-02-27 11:22:15,568 - root - INFO - 日期
2026-02-27 11:22:15,568 - root - INFO - 2021-09-28            24.21            47.83           192.66
2026-02-27 11:22:15,568 - root - INFO - 2021-09-29            22.06            44.23           185.11
2026-02-27 11:22:15,569 - root - INFO - 2021-09-30            23.02            47.05           189.29
2026-02-27 11:22:15,569 - root - INFO - 2021-10-08            22.40            46.36           186.36
2026-02-27 11:22:15,569 - root - INFO - 2021-10-11            22.44            47.42           190.38
2026-02-27 11:22:15,569 - root - INFO - ...                     ...              ...              ...
2026-02-27 11:22:15,569 - root - INFO - 2024-06-17            26.30            43.91            62.26
2026-02-27 11:22:15,570 - root - INFO - 2024-06-18            27.02            44.94            61.98
2026-02-27 11:22:15,570 - root - INFO - 2024-06-19            27.03            44.86            60.65
2026-02-27 11:22:15,570 - root - INFO - 2024-06-20            27.91            43.18            58.40
2026-02-27 11:22:15,570 - root - INFO - 2024-06-21            27.94            42.69            58.07
2026-02-27 11:22:15,570 - root - INFO - 
2026-02-27 11:22:15,570 - root - INFO -             upstream_9_西藏珠峰  upstream_10_宁波韵升  upstream_11_中国卫星  \
2026-02-27 11:22:15,570 - root - INFO - 日期
2026-02-27 11:22:15,571 - root - INFO - 2021-09-28            62.74             78.41            528.38
2026-02-27 11:22:15,571 - root - INFO - 2021-09-29            58.31             76.83            507.93
2026-02-27 11:22:15,571 - root - INFO - 2021-09-30            63.93             79.57            509.54
2026-02-27 11:22:15,571 - root - INFO - 2021-10-08            62.62             80.05            514.55
2026-02-27 11:22:15,571 - root - INFO - 2021-10-11            59.73             83.06            519.56
2026-02-27 11:22:15,571 - root - INFO - ...                     ...               ...               ...
2026-02-27 11:22:15,571 - root - INFO - 2024-06-17            18.26             49.18            442.49
2026-02-27 11:22:15,572 - root - INFO - 2024-06-18            18.83             49.86            446.90
2026-02-27 11:22:15,572 - root - INFO - 2024-06-19            18.43             49.59            443.29
2026-02-27 11:22:15,572 - root - INFO - 2024-06-20            18.17             48.63            429.46
2026-02-27 11:22:15,572 - root - INFO - 2024-06-21            18.10             48.15            432.46
2026-02-27 11:22:15,573 - root - INFO - 
2026-02-27 11:22:15,573 - root - INFO -             upstream_12_贵研铂业  upstream_13_北方稀土  upstream_14_盛和资源  \
2026-02-27 11:22:15,573 - root - INFO - 日期
2026-02-27 11:22:15,573 - root - INFO - 2021-09-28            147.28            734.34             33.98
2026-02-27 11:22:15,573 - root - INFO - 2021-09-29            144.78            688.15             32.80
2026-02-27 11:22:15,574 - root - INFO - 2021-09-30            144.92            734.34             34.29
2026-02-27 11:22:15,574 - root - INFO - 2021-10-08            145.07            733.68             33.40
2026-02-27 11:22:15,574 - root - INFO - 2021-10-11            144.71            741.38             34.17
2026-02-27 11:22:15,575 - root - INFO - ...                      ...               ...               ...
2026-02-27 11:22:15,575 - root - INFO - 2024-06-17             93.14            311.98             28.48
2026-02-27 11:22:15,575 - root - INFO - 2024-06-18             95.00            315.75             28.31
2026-02-27 11:22:15,576 - root - INFO - 2024-06-19             93.52            311.49             28.02
2026-02-27 11:22:15,576 - root - INFO - 2024-06-20             91.75            302.64             28.05
2026-02-27 11:22:15,576 - root - INFO - 2024-06-21             91.47            301.66             27.98
2026-02-27 11:22:15,576 - root - INFO - 
2026-02-27 11:22:15,577 - root - INFO -             upstream_15_南山铝业  upstream_16_江西铜业  upstream_17_中国铝业  \
2026-02-27 11:22:15,577 - root - INFO - 日期
2026-02-27 11:22:15,577 - root - INFO - 2021-09-28             30.41             28.34              8.78
2026-02-27 11:22:15,577 - root - INFO - 2021-09-29             29.83             27.98              8.30
2026-02-27 11:22:15,577 - root - INFO - 2021-09-30             30.02             28.80              8.13
2026-02-27 11:22:15,578 - root - INFO - 2021-10-08             29.96             28.68              7.93
2026-02-27 11:22:15,578 - root - INFO - 2021-10-11             29.70             29.29              7.81
2026-02-27 11:22:15,578 - root - INFO - ...                      ...               ...               ...
2026-02-27 11:22:15,578 - root - INFO - 2024-06-17             27.18             29.15              7.94
2026-02-27 11:22:15,578 - root - INFO - 2024-06-18             27.64             29.54              8.00
2026-02-27 11:22:15,578 - root - INFO - 2024-06-19             27.64             29.67              8.09
2026-02-27 11:22:15,579 - root - INFO - 2024-06-20             27.77             29.62              8.09
2026-02-27 11:22:15,579 - root - INFO - 2024-06-21             27.83             29.50              8.03
2026-02-27 11:22:15,579 - root - INFO - 
2026-02-27 11:22:15,579 - root - INFO -             upstream_18_雅化集团  upstream_19_瑞泰科技  upstream_20_方大炭素  \
2026-02-27 11:22:15,579 - root - INFO - 日期
2026-02-27 11:22:15,580 - root - INFO - 2021-09-28            197.43            262.22            134.66
2026-02-27 11:22:15,580 - root - INFO - 2021-09-29            189.93            257.90            129.24
2026-02-27 11:22:15,580 - root - INFO - 2021-09-30            202.23            260.73            130.24
2026-02-27 11:22:15,580 - root - INFO - 2021-10-08            197.55            267.08            129.46
2026-02-27 11:22:15,580 - root - INFO - 2021-10-11            195.99            276.26            126.37
2026-02-27 11:22:15,580 - root - INFO - ...                      ...               ...               ...
2026-02-27 11:22:15,580 - root - INFO - 2024-06-17             64.47            141.99             67.18
2026-02-27 11:22:15,580 - root - INFO - 2024-06-18             64.29            143.21             67.74
2026-02-27 11:22:15,581 - root - INFO - 2024-06-19             63.69            142.67             67.30
2026-02-27 11:22:15,581 - root - INFO - 2024-06-20             64.65            142.13             66.63
2026-02-27 11:22:15,581 - root - INFO - 2024-06-21             61.83            143.88             66.52
2026-02-27 11:22:15,581 - root - INFO - 
2026-02-27 11:22:15,581 - root - INFO -             upstream_21_鹏辉能源  upstream_22_德方纳米  upstream_23_天华新能  \
2026-02-27 11:22:15,581 - root - INFO - 日期
2026-02-27 11:22:15,581 - root - INFO - 2021-09-28            115.91            856.41            634.96
2026-02-27 11:22:15,582 - root - INFO - 2021-09-29            120.05            800.11            563.08
2026-02-27 11:22:15,582 - root - INFO - 2021-09-30            124.73            874.00            646.18
2026-02-27 11:22:15,582 - root - INFO - 2021-10-08            123.83            834.63            646.48
2026-02-27 11:22:15,582 - root - INFO - 2021-10-11            125.18            848.76            618.28
2026-02-27 11:22:15,582 - root - INFO - ...                      ...               ...               ...
2026-02-27 11:22:15,582 - root - INFO - 2024-06-17             97.27            174.99            173.72
2026-02-27 11:22:15,584 - root - INFO - 2024-06-18             96.86            173.85            172.78
2026-02-27 11:22:15,584 - root - INFO - 2024-06-19             94.61            169.54            169.82
2026-02-27 11:22:15,584 - root - INFO - 2024-06-20             90.56            163.37            165.84
2026-02-27 11:22:15,584 - root - INFO - 2024-06-21             89.89            159.33            163.74
2026-02-27 11:22:15,584 - root - INFO - 
2026-02-27 11:22:15,584 - root - INFO -             upstream_24_容百科技  upstream_25_璞泰来  upstream_26_杉杉股份  \
2026-02-27 11:22:15,585 - root - INFO - 日期
2026-02-27 11:22:15,585 - root - INFO - 2021-09-28            109.18           250.79            990.52
2026-02-27 11:22:15,585 - root - INFO - 2021-09-29            105.73           236.79            977.58
2026-02-27 11:22:15,585 - root - INFO - 2021-09-30            108.26           242.39           1008.76
2026-02-27 11:22:15,585 - root - INFO - 2021-10-08            104.58           232.59            962.29
2026-02-27 11:22:15,585 - root - INFO - 2021-10-11            104.60           234.75            916.12
2026-02-27 11:22:15,585 - root - INFO - ...                      ...              ...               ...
2026-02-27 11:22:15,586 - root - INFO - 2024-06-17             27.92            71.17            328.79
2026-02-27 11:22:15,586 - root - INFO - 2024-06-18             27.48            69.39            317.91
2026-02-27 11:22:15,586 - root - INFO - 2024-06-19             26.74            66.91            308.21
2026-02-27 11:22:15,586 - root - INFO - 2024-06-20             25.94            64.68            302.32
2026-02-27 11:22:15,586 - root - INFO - 2024-06-21             25.16            64.31            300.27
2026-02-27 11:22:15,586 - root - INFO - 
2026-02-27 11:22:15,587 - root - INFO -             upstream_27_诺德股份  upstream_28_天赐材料  upstream_29_多氟多  \
2026-02-27 11:22:15,587 - root - INFO - 日期
2026-02-27 11:22:15,587 - root - INFO - 2021-09-28            260.67            956.69           282.79
2026-02-27 11:22:15,587 - root - INFO - 2021-09-29            248.00            943.02           264.22
2026-02-27 11:22:15,587 - root - INFO - 2021-09-30            273.21           1037.07           284.35
2026-02-27 11:22:15,587 - root - INFO - 2021-10-08            269.72            941.05           296.41
2026-02-27 11:22:15,587 - root - INFO - 2021-10-11            257.70            939.42           280.03
2026-02-27 11:22:15,588 - root - INFO - ...                      ...               ...              ...
2026-02-27 11:22:15,588 - root - INFO - 2024-06-17             42.00            297.49           114.37
2026-02-27 11:22:15,588 - root - INFO - 2024-06-18             41.87            290.83           114.00
2026-02-27 11:22:15,588 - root - INFO - 2024-06-19             40.58            284.30           111.89
2026-02-27 11:22:15,588 - root - INFO - 2024-06-20             39.28            274.51           109.13
2026-02-27 11:22:15,588 - root - INFO - 2024-06-21             38.90            269.34           108.11
2026-02-27 11:22:15,589 - root - INFO - 
2026-02-27 11:22:15,589 - root - INFO -             upstream_30_星源材质  upstream_31_先导智能  upstream_32_迈为股份  \
2026-02-27 11:22:15,589 - root - INFO - 日期
2026-02-27 11:22:15,589 - root - INFO - 2021-09-28            210.39           1329.33           1092.88
2026-02-27 11:22:15,589 - root - INFO - 2021-09-29            198.99           1296.36           1090.40
2026-02-27 11:22:15,590 - root - INFO - 2021-09-30            208.33           1350.80           1100.35
2026-02-27 11:22:15,590 - root - INFO - 2021-10-08            201.69           1356.17           1031.00
2026-02-27 11:22:15,590 - root - INFO - 2021-10-11            199.22           1364.22           1070.98
2026-02-27 11:22:15,591 - root - INFO - ...                      ...               ...               ...
2026-02-27 11:22:15,591 - root - INFO - 2024-06-17             67.49            409.50            641.46
2026-02-27 11:22:15,591 - root - INFO - 2024-06-18             67.49            412.95            651.97
2026-02-27 11:22:15,591 - root - INFO - 2024-06-19             66.46            403.56            641.23
2026-02-27 11:22:15,591 - root - INFO - 2024-06-20             64.47            389.18            630.95
2026-02-27 11:22:15,592 - root - INFO - 2024-06-21             63.44            384.20            625.52
2026-02-27 11:22:15,592 - root - INFO - 
2026-02-27 11:22:15,592 - root - INFO -             upstream_33_正业科技  upstream_34_罗博特科  upstream_35_永太科技  \
2026-02-27 11:22:15,592 - root - INFO - 日期
2026-02-27 11:22:15,592 - root - INFO - 2021-09-28             55.01             52.73            318.62
2026-02-27 11:22:15,592 - root - INFO - 2021-09-29             52.01             51.33            286.99
2026-02-27 11:22:15,593 - root - INFO - 2021-09-30             55.20             54.05            302.24
2026-02-27 11:22:15,593 - root - INFO - 2021-10-08             55.53             57.87            308.34
2026-02-27 11:22:15,593 - root - INFO - 2021-10-11             53.67             57.51            304.10
2026-02-27 11:22:15,593 - root - INFO - ...                      ...               ...               ...
2026-02-27 11:22:15,593 - root - INFO - 2024-06-17             25.91            164.39             52.32
2026-02-27 11:22:15,593 - root - INFO - 2024-06-18             26.77            165.90             52.43
2026-02-27 11:22:15,593 - root - INFO - 2024-06-19             26.63            162.88             51.13
2026-02-27 11:22:15,594 - root - INFO - 2024-06-20             25.53            166.83             49.66
2026-02-27 11:22:15,594 - root - INFO - 2024-06-21             25.53            165.57             49.89
2026-02-27 11:22:15,594 - root - INFO - 
2026-02-27 11:22:15,594 - root - INFO -             upstream_36_奥特维  upstream_37_派能科技  upstream_38_振江股份  \
2026-02-27 11:22:15,594 - root - INFO - 日期
2026-02-27 11:22:15,595 - root - INFO - 2021-09-28           191.60             87.69             36.08
2026-02-27 11:22:15,595 - root - INFO - 2021-09-29           190.51             82.52             34.00
2026-02-27 11:22:15,595 - root - INFO - 2021-09-30           192.78             85.89             35.33
2026-02-27 11:22:15,595 - root - INFO - 2021-10-08           189.60             83.70             34.47
2026-02-27 11:22:15,595 - root - INFO - 2021-10-11           185.34             83.27             33.69
2026-02-27 11:22:15,595 - root - INFO - ...                     ...               ...               ...
2026-02-27 11:22:15,595 - root - INFO - 2024-06-17           153.61             64.60             33.04
2026-02-27 11:22:15,595 - root - INFO - 2024-06-18           149.22             64.63             34.55
2026-02-27 11:22:15,596 - root - INFO - 2024-06-19           145.57             63.45             34.89
2026-02-27 11:22:15,596 - root - INFO - 2024-06-20           144.69             61.61             34.62
2026-02-27 11:22:15,596 - root - INFO - 2024-06-21           147.34             61.24             33.81
2026-02-27 11:22:15,596 - root - INFO - 
2026-02-27 11:22:15,596 - root - INFO -             upstream_39_欣锐科技  upstream_40_视源股份  upstream_41_德赛西威  \
2026-02-27 11:22:15,596 - root - INFO - 日期
2026-02-27 11:22:15,596 - root - INFO - 2021-09-28             35.11            133.97             81.05
2026-02-27 11:22:15,597 - root - INFO - 2021-09-29             35.14            133.13             81.65
2026-02-27 11:22:15,597 - root - INFO - 2021-09-30             34.74            130.05             85.08
2026-02-27 11:22:15,597 - root - INFO - 2021-10-08             34.98            133.68             86.57
2026-02-27 11:22:15,597 - root - INFO - 2021-10-11             34.88            129.66             91.00
2026-02-27 11:22:15,597 - root - INFO - ...                      ...               ...               ...
2026-02-27 11:22:15,597 - root - INFO - 2024-06-17             15.81             57.30            101.99
2026-02-27 11:22:15,597 - root - INFO - 2024-06-18             16.34             58.13            103.00
2026-02-27 11:22:15,597 - root - INFO - 2024-06-19             16.63             56.88             99.04
2026-02-27 11:22:15,597 - root - INFO - 2024-06-20             15.64             55.33             96.83
2026-02-27 11:22:15,597 - root - INFO - 2024-06-21             15.34             55.99             97.09
2026-02-27 11:22:15,597 - root - INFO - 
2026-02-27 11:22:15,599 - root - INFO -             upstream_42_当升科技  upstream_43_格林美  upstream_44_富临精工  \
2026-02-27 11:22:15,599 - root - INFO - 日期
2026-02-27 11:22:15,599 - root - INFO - 2021-09-28            327.41           258.62            226.76
2026-02-27 11:22:15,599 - root - INFO - 2021-09-29            316.25           252.22            190.34
2026-02-27 11:22:15,599 - root - INFO - 2021-09-30            330.61           259.76            210.74
2026-02-27 11:22:15,599 - root - INFO - 2021-10-08            323.81           260.67            196.31
2026-02-27 11:22:15,600 - root - INFO - 2021-10-11            332.85           267.07            202.38
2026-02-27 11:22:15,600 - root - INFO - ...                      ...              ...               ...
2026-02-27 11:22:15,600 - root - INFO - 2024-06-17            161.90           159.20             57.92
2026-02-27 11:22:15,600 - root - INFO - 2024-06-18            161.70           161.49             59.15
2026-02-27 11:22:15,600 - root - INFO - 2024-06-19            158.30           159.20             58.08
2026-02-27 11:22:15,600 - root - INFO - 2024-06-20            152.74           155.09             55.78
2026-02-27 11:22:15,601 - root - INFO - 2024-06-21            153.02           154.86             57.08
2026-02-27 11:22:15,601 - root - INFO - 
2026-02-27 11:22:15,601 - root - INFO -             upstream_45_中科三环  upstream_46_凯恩股份  upstream_47_新宙邦  \
2026-02-27 11:22:15,601 - root - INFO - 日期
2026-02-27 11:22:15,601 - root - INFO - 2021-09-28            147.16             23.54           484.31
2026-02-27 11:22:15,602 - root - INFO - 2021-09-29            142.23             22.31           468.56
2026-02-27 11:22:15,602 - root - INFO - 2021-09-30            144.96             22.57           502.32
2026-02-27 11:22:15,602 - root - INFO - 2021-10-08            146.90             23.03           451.06
2026-02-27 11:22:15,602 - root - INFO - 2021-10-11            148.07             23.14           466.71
2026-02-27 11:22:15,602 - root - INFO - ...                      ...               ...              ...
2026-02-27 11:22:15,603 - root - INFO - 2024-06-17            122.74             13.79           198.81
2026-02-27 11:22:15,603 - root - INFO - 2024-06-18            124.96             14.12           196.28
2026-02-27 11:22:15,603 - root - INFO - 2024-06-19            122.59             14.15           192.36
2026-02-27 11:22:15,603 - root - INFO - 2024-06-20            120.52             13.76           187.00
2026-02-27 11:22:15,603 - root - INFO - 2024-06-21            119.93             13.76           187.69
2026-02-27 11:22:15,604 - root - INFO - 
2026-02-27 11:22:15,604 - root - INFO -             upstream_48_中材科技  upstream_49_新纶新材  upstream_50_翔丰华  \
2026-02-27 11:22:15,604 - root - INFO - 日期
2026-02-27 11:22:15,604 - root - INFO - 2021-09-28            161.42             47.45            17.39
2026-02-27 11:22:15,604 - root - INFO - 2021-09-29            149.69             44.17            17.00
2026-02-27 11:22:15,604 - root - INFO - 2021-09-30            153.85             47.21            17.31
2026-02-27 11:22:15,605 - root - INFO - 2021-10-08            145.82             48.41            17.38
2026-02-27 11:22:15,605 - root - INFO - 2021-10-11            138.25             46.81            17.47
2026-02-27 11:22:15,605 - root - INFO - ...                      ...               ...              ...
2026-02-27 11:22:15,605 - root - INFO - 2024-06-17             72.92              8.73             8.33
2026-02-27 11:22:15,606 - root - INFO - 2024-06-18             73.58              9.05             8.58
2026-02-27 11:22:15,606 - root - INFO - 2024-06-19             72.75              9.45             8.53
2026-02-27 11:22:15,606 - root - INFO - 2024-06-20             70.13              9.05             8.31
2026-02-27 11:22:15,606 - root - INFO - 2024-06-21             69.96              8.73             8.24
2026-02-27 11:22:15,606 - root - INFO - 
2026-02-27 11:22:15,606 - root - INFO -             upstream_51_国轩高科  upstream_52_上海港湾  upstream_53_航天电子  \
2026-02-27 11:22:15,607 - root - INFO - 日期
2026-02-27 11:22:15,607 - root - INFO - 2021-09-28            215.89             40.17            377.52
2026-02-27 11:22:15,607 - root - INFO - 2021-09-29            206.34             39.23            357.03
2026-02-27 11:22:15,607 - root - INFO - 2021-09-30            214.89             40.69            359.72
2026-02-27 11:22:15,607 - root - INFO - 2021-10-08            208.87             40.36            362.96
2026-02-27 11:22:15,608 - root - INFO - 2021-10-11            208.97             41.33            371.05
2026-02-27 11:22:15,608 - root - INFO - ...                      ...               ...               ...
2026-02-27 11:22:15,608 - root - INFO - 2024-06-17             88.10             32.81            392.61
2026-02-27 11:22:15,608 - root - INFO - 2024-06-18             87.38             32.59            393.15
2026-02-27 11:22:15,608 - root - INFO - 2024-06-19             85.33             32.25            385.60
2026-02-27 11:22:15,608 - root - INFO - 2024-06-20             82.94             31.69            373.74
2026-02-27 11:22:15,609 - root - INFO - 2024-06-21             83.13             31.78            376.98
2026-02-27 11:22:15,609 - root - INFO - 
2026-02-27 11:22:15,609 - root - INFO -             upstream_54_普天科技  upstream_55_上海瀚讯  upstream_56_中科星图  \
2026-02-27 11:22:15,609 - root - INFO - 日期
2026-02-27 11:22:15,609 - root - INFO - 2021-09-28             88.96             68.03             62.30
2026-02-27 11:22:15,609 - root - INFO - 2021-09-29             87.58             65.47             61.24
2026-02-27 11:22:15,610 - root - INFO - 2021-09-30             90.82             65.82             63.83
2026-02-27 11:22:15,610 - root - INFO - 2021-10-08             97.00             66.11             63.78
2026-02-27 11:22:15,610 - root - INFO - 2021-10-11             98.32             67.16             64.18
2026-02-27 11:22:15,611 - root - INFO - ...                      ...               ...               ...
2026-02-27 11:22:15,611 - root - INFO - 2024-06-17            123.11             67.53             74.23
2026-02-27 11:22:15,611 - root - INFO - 2024-06-18            124.31             71.50             74.41
2026-02-27 11:22:15,611 - root - INFO - 2024-06-19            122.81             70.27             74.36
2026-02-27 11:22:15,611 - root - INFO - 2024-06-20            119.03             67.20             73.51
2026-02-27 11:22:15,611 - root - INFO - 2024-06-21            119.39             67.45             74.94
2026-02-27 11:22:15,611 - root - INFO - 
2026-02-27 11:22:15,612 - root - INFO -             upstream_57_光迅科技  upstream_58_海格通信  upstream_59_开普云  \
2026-02-27 11:22:15,612 - root - INFO - 日期
2026-02-27 11:22:15,612 - root - INFO - 2021-09-28             73.76             70.53            34.82
2026-02-27 11:22:15,612 - root - INFO - 2021-09-29             71.69             68.19            34.44
2026-02-27 11:22:15,612 - root - INFO - 2021-09-30             71.99             67.95            34.39
2026-02-27 11:22:15,612 - root - INFO - 2021-10-08             73.61             68.13            34.70
2026-02-27 11:22:15,613 - root - INFO - 2021-10-11             74.48             69.39            35.00
2026-02-27 11:22:15,613 - root - INFO - ...                      ...               ...              ...
2026-02-27 11:22:15,613 - root - INFO - 2024-06-17            109.85             72.09            41.21
2026-02-27 11:22:15,613 - root - INFO - 2024-06-18            112.85             73.29            41.98
2026-02-27 11:22:15,613 - root - INFO - 2024-06-19            111.17             72.39            41.77
2026-02-27 11:22:15,613 - root - INFO - 2024-06-20            108.80             71.01            41.49
2026-02-27 11:22:15,613 - root - INFO - 2024-06-21            115.94             71.25            41.02
2026-02-27 11:22:15,614 - root - INFO - 
2026-02-27 11:22:15,614 - root - INFO -             upstream_60_亿利洁能  upstream_61_特变电工  upstream_62_隆基绿能  \
2026-02-27 11:22:15,614 - root - INFO - 日期
2026-02-27 11:22:15,614 - root - INFO - 2021-09-28             16.75           1216.30           1121.06
2026-02-27 11:22:15,614 - root - INFO - 2021-09-29             16.10           1197.91           1114.32
2026-02-27 11:22:15,614 - root - INFO - 2021-09-30             16.02           1235.22           1133.72
2026-02-27 11:22:15,614 - root - INFO - 2021-10-08             15.70           1109.11           1093.40
2026-02-27 11:22:15,615 - root - INFO - 2021-10-11             15.44           1116.99           1078.27
2026-02-27 11:22:15,615 - root - INFO - ...                      ...               ...               ...
2026-02-27 11:22:15,615 - root - INFO - 2024-06-17              3.97           1042.17            332.22
2026-02-27 11:22:15,615 - root - INFO - 2024-06-18              3.89           1047.63            332.60
2026-02-27 11:22:15,615 - root - INFO - 2024-06-19              3.82           1027.14            325.28
2026-02-27 11:22:15,615 - root - INFO - 2024-06-20              3.75           1012.80            310.26
2026-02-27 11:22:15,615 - root - INFO - 2024-06-21              3.67           1008.70            307.94
2026-02-27 11:22:15,615 - root - INFO - 
2026-02-27 11:22:15,615 - root - INFO -             upstream_63_卧龙电驱  upstream_64_方正电机  upstream_65_大洋电机  \
2026-02-27 11:22:15,615 - root - INFO - 日期
2026-02-27 11:22:15,616 - root - INFO - 2021-09-28             64.71             27.55             82.64
2026-02-27 11:22:15,616 - root - INFO - 2021-09-29             63.22             26.71             80.50
2026-02-27 11:22:15,616 - root - INFO - 2021-09-30             64.27             26.86             82.24
2026-02-27 11:22:15,616 - root - INFO - 2021-10-08             64.93             26.97             81.22
2026-02-27 11:22:15,616 - root - INFO - 2021-10-11             63.87             24.44             81.32
2026-02-27 11:22:15,616 - root - INFO - ...                      ...               ...               ...
2026-02-27 11:22:15,616 - root - INFO - 2024-06-17             64.71             12.48             66.94
2026-02-27 11:22:15,617 - root - INFO - 2024-06-18             65.63             12.74             67.75
2026-02-27 11:22:15,617 - root - INFO - 2024-06-19             65.67             12.58             66.94
2026-02-27 11:22:15,617 - root - INFO - 2024-06-20             62.56             12.20             65.51
2026-02-27 11:22:15,617 - root - INFO - 2024-06-21             62.47             12.25             65.81
2026-02-27 11:22:15,617 - root - INFO - 
2026-02-27 11:22:15,617 - root - INFO -             upstream_66_汇川技术  upstream_67_蓝海华腾  upstream_68_禾望电气  \
2026-02-27 11:22:15,618 - root - INFO - 日期
2026-02-27 11:22:15,618 - root - INFO - 2021-09-28           1412.17             57.12             22.74
2026-02-27 11:22:15,618 - root - INFO - 2021-09-29           1386.55             55.48             21.12
2026-02-27 11:22:15,618 - root - INFO - 2021-09-30           1390.64             57.64             22.52
2026-02-27 11:22:15,618 - root - INFO - 2021-10-08           1415.62             58.28             22.41
2026-02-27 11:22:15,618 - root - INFO - 2021-10-11           1412.39             57.48             22.03
2026-02-27 11:22:15,619 - root - INFO - ...                      ...               ...               ...
2026-02-27 11:22:15,619 - root - INFO - 2024-06-17           1258.87             62.40             18.71
2026-02-27 11:22:15,619 - root - INFO - 2024-06-18           1256.50             64.80             18.98
2026-02-27 11:22:15,619 - root - INFO - 2024-06-19           1216.45             66.68             17.99
2026-02-27 11:22:15,619 - root - INFO - 2024-06-20           1171.02             62.20             17.11
2026-02-27 11:22:15,619 - root - INFO - 2024-06-21           1171.67             60.48             17.31
2026-02-27 11:22:15,619 - root - INFO - 
2026-02-27 11:22:15,620 - root - INFO -             upstream_69_特锐德  upstream_70_盛弘股份  upstream_71_科士达  \
2026-02-27 11:22:15,620 - root - INFO - 日期
2026-02-27 11:22:15,620 - root - INFO - 2021-09-28           171.69             77.45           131.56
2026-02-27 11:22:15,620 - root - INFO - 2021-09-29           168.85             77.00           128.12
2026-02-27 11:22:15,620 - root - INFO - 2021-09-30           171.43             84.07           140.26
2026-02-27 11:22:15,620 - root - INFO - 2021-10-08           175.45             82.29           140.11
2026-02-27 11:22:15,620 - root - INFO - 2021-10-11           173.14             80.58           133.67
2026-02-27 11:22:15,620 - root - INFO - ...                     ...               ...              ...
2026-02-27 11:22:15,621 - root - INFO - 2024-06-17           148.18             85.39           109.94
2026-02-27 11:22:15,621 - root - INFO - 2024-06-18           148.78             86.54           111.17
2026-02-27 11:22:15,621 - root - INFO - 2024-06-19           141.65             83.13           108.76
2026-02-27 11:22:15,621 - root - INFO - 2024-06-20           139.01             79.36           104.88
2026-02-27 11:22:15,621 - root - INFO - 2024-06-21           140.00             79.09           104.04
2026-02-27 11:22:15,621 - root - INFO - 
2026-02-27 11:22:15,622 - root - INFO -             upstream_72_通合科技  upstream_73_和顺电气  upstream_74_奥特迅  \
2026-02-27 11:22:15,622 - root - INFO - 日期
2026-02-27 11:22:15,622 - root - INFO - 2021-09-28             35.92             60.69            33.56
2026-02-27 11:22:15,622 - root - INFO - 2021-09-29             36.89             63.66            32.26
2026-02-27 11:22:15,622 - root - INFO - 2021-09-30             37.19             64.83            33.40
2026-02-27 11:22:15,623 - root - INFO - 2021-10-08             35.57             62.27            33.98
2026-02-27 11:22:15,623 - root - INFO - 2021-10-11             34.48             57.95            33.46
2026-02-27 11:22:15,623 - root - INFO - ...                      ...               ...              ...
2026-02-27 11:22:15,623 - root - INFO - 2024-06-17             28.34             38.00            18.60
2026-02-27 11:22:15,623 - root - INFO - 2024-06-18             28.97             37.23            18.32
2026-02-27 11:22:15,624 - root - INFO - 2024-06-19             28.54             35.75            17.52
2026-02-27 11:22:15,624 - root - INFO - 2024-06-20             27.55             35.88            17.10
2026-02-27 11:22:15,624 - root - INFO - 2024-06-21             27.35             34.98            16.70
2026-02-27 11:22:15,624 - root - INFO - 
2026-02-27 11:22:15,624 - root - INFO -             upstream_75_英可瑞  upstream_76_永贵电器  upstream_77_阳光电源  \
2026-02-27 11:22:15,624 - root - INFO - 日期
2026-02-27 11:22:15,625 - root - INFO - 2021-09-28            51.27             40.62            931.69
2026-02-27 11:22:15,625 - root - INFO - 2021-09-29            48.81             39.11            958.72
2026-02-27 11:22:15,625 - root - INFO - 2021-09-30            51.69             40.14            965.13
2026-02-27 11:22:15,625 - root - INFO - 2021-10-08            53.92             40.70            976.93
2026-02-27 11:22:15,625 - root - INFO - 2021-10-11            52.70             40.10            904.41
2026-02-27 11:22:15,625 - root - INFO - ...                     ...               ...               ...
2026-02-27 11:22:15,626 - root - INFO - 2024-06-17            41.47             71.67            626.53
2026-02-27 11:22:15,626 - root - INFO - 2024-06-18            40.94             72.75            641.10
2026-02-27 11:22:15,626 - root - INFO - 2024-06-19            39.75             71.67            630.60
2026-02-27 11:22:15,626 - root - INFO - 2024-06-20            37.25             68.89            626.26
2026-02-27 11:22:15,626 - root - INFO - 2024-06-21            36.99             68.41            622.55
2026-02-27 11:22:15,627 - root - INFO - 
2026-02-27 11:22:15,627 - root - INFO -             upstream_78_南都电源  upstream_79_中国电建  upstream_80_中国能建  \
2026-02-27 11:22:15,627 - root - INFO - 日期
2026-02-27 11:22:15,627 - root - INFO - 2021-09-28             29.90              9.25              2.75
2026-02-27 11:22:15,627 - root - INFO - 2021-09-29             29.20              9.40              3.03
2026-02-27 11:22:15,628 - root - INFO - 2021-09-30             30.66              9.36              3.02
2026-02-27 11:22:15,628 - root - INFO - 2021-10-08             30.69              8.51              2.75
2026-02-27 11:22:15,628 - root - INFO - 2021-10-11             29.97              7.87              2.48
2026-02-27 11:22:15,628 - root - INFO - ...                      ...               ...               ...
2026-02-27 11:22:15,628 - root - INFO - 2024-06-17             24.64              6.33              2.16
2026-02-27 11:22:15,629 - root - INFO - 2024-06-18             24.76              6.65              2.19
2026-02-27 11:22:15,629 - root - INFO - 2024-06-19             24.21              6.67              2.18
2026-02-27 11:22:15,629 - root - INFO - 2024-06-20             23.13              6.56              2.16
2026-02-27 11:22:15,629 - root - INFO - 2024-06-21             22.60              6.63              2.17
2026-02-27 11:22:15,629 - root - INFO - 
2026-02-27 11:22:15,630 - root - INFO -             upstream_81_平高电气  upstream_82_中天科技  upstream_83_士兰微  \
2026-02-27 11:22:15,630 - root - INFO - 日期
2026-02-27 11:22:15,630 - root - INFO - 2021-09-28             59.74             57.08           609.87
2026-02-27 11:22:15,630 - root - INFO - 2021-09-29             60.26             56.09           591.35
2026-02-27 11:22:15,630 - root - INFO - 2021-09-30             64.49             57.67           596.97
2026-02-27 11:22:15,630 - root - INFO - 2021-10-08             60.73             58.02           589.79
2026-02-27 11:22:15,632 - root - INFO - 2021-10-11             55.88             61.53           577.11
2026-02-27 11:22:15,632 - root - INFO - ...                      ...               ...              ...
2026-02-27 11:22:15,632 - root - INFO - 2024-06-17            106.32             95.57           205.31
2026-02-27 11:22:15,632 - root - INFO - 2024-06-18            108.82             97.04           204.58
2026-02-27 11:22:15,632 - root - INFO - 2024-06-19            106.48             96.63           201.67
2026-02-27 11:22:15,633 - root - INFO - 2024-06-20            106.95             96.98           200.31
2026-02-27 11:22:15,633 - root - INFO - 2024-06-21            106.32             98.09           197.71
2026-02-27 11:22:15,633 - root - INFO - 
2026-02-27 11:22:15,633 - root - INFO -             upstream_84_嘉化能源  upstream_85_恒顺醋业  upstream_86_祁连山  \
2026-02-27 11:22:15,633 - root - INFO - 日期
2026-02-27 11:22:15,633 - root - INFO - 2021-09-28             69.92            106.02           157.90
2026-02-27 11:22:15,633 - root - INFO - 2021-09-29             68.37            103.29           152.71
2026-02-27 11:22:15,633 - root - INFO - 2021-09-30             69.15            107.88           152.98
2026-02-27 11:22:15,634 - root - INFO - 2021-10-08             70.28            109.75           152.84
2026-02-27 11:22:15,634 - root - INFO - 2021-10-11             70.05            109.75           155.11
2026-02-27 11:22:15,634 - root - INFO - ...                      ...               ...              ...
2026-02-27 11:22:15,634 - root - INFO - 2024-06-17             53.18             58.17           140.96
2026-02-27 11:22:15,634 - root - INFO - 2024-06-18             52.41             58.17           143.75
2026-02-27 11:22:15,635 - root - INFO - 2024-06-19             51.19             57.70           146.02
2026-02-27 11:22:15,635 - root - INFO - 2024-06-20             50.78             56.64           140.56
2026-02-27 11:22:15,635 - root - INFO - 2024-06-21             50.78             55.97           143.22
2026-02-27 11:22:15,635 - root - INFO - 
2026-02-27 11:22:15,635 - root - INFO -             upstream_87_津膜科技  upstream_88_宁波中百  upstream_89_哈投股份  \
2026-02-27 11:22:15,635 - root - INFO - 日期
2026-02-27 11:22:15,636 - root - INFO - 2021-09-28             61.45             45.95             55.01
2026-02-27 11:22:15,636 - root - INFO - 2021-09-29             54.89             45.42             54.21
2026-02-27 11:22:15,636 - root - INFO - 2021-09-30             60.80             46.20             53.70
2026-02-27 11:22:15,636 - root - INFO - 2021-10-08             57.68             47.12             55.44
2026-02-27 11:22:15,636 - root - INFO - 2021-10-11             55.47             51.63             54.57
2026-02-27 11:22:15,636 - root - INFO - ...                      ...               ...               ...
2026-02-27 11:22:15,636 - root - INFO - 2024-06-17             32.26             31.25             45.46
2026-02-27 11:22:15,636 - root - INFO - 2024-06-18             32.33             31.78             46.04
2026-02-27 11:22:15,637 - root - INFO - 2024-06-19             31.68             31.59             45.75
2026-02-27 11:22:15,637 - root - INFO - 2024-06-20             30.90             31.06             44.81
2026-02-27 11:22:15,637 - root - INFO - 2024-06-21             31.03             30.72             44.95
2026-02-27 11:22:15,637 - root - INFO - 
2026-02-27 11:22:15,637 - root - INFO -             upstream_90_长江电力  upstream_91_三花智控  upstream_92_拓普集团  \
2026-02-27 11:22:15,637 - root - INFO - 日期
2026-02-27 11:22:15,638 - root - INFO - 2021-09-28             51.15            212.62             53.46
2026-02-27 11:22:15,638 - root - INFO - 2021-09-29             51.73            211.39             53.50
2026-02-27 11:22:15,638 - root - INFO - 2021-09-30             51.52            212.09             54.58
2026-02-27 11:22:15,638 - root - INFO - 2021-10-08             51.43            214.64             59.85
2026-02-27 11:22:15,638 - root - INFO - 2021-10-11             50.85            219.48             62.93
2026-02-27 11:22:15,638 - root - INFO - ...                      ...               ...               ...
2026-02-27 11:22:15,638 - root - INFO - 2024-06-17             64.75            220.96             87.97
2026-02-27 11:22:15,639 - root - INFO - 2024-06-18             64.59            224.03             91.33
2026-02-27 11:22:15,639 - root - INFO - 2024-06-19             65.01            216.47             89.29
2026-02-27 11:22:15,639 - root - INFO - 2024-06-20             65.54            210.23             87.03
2026-02-27 11:22:15,639 - root - INFO - 2024-06-21             65.52            209.36             88.06
2026-02-27 11:22:15,639 - root - INFO - 
2026-02-27 11:22:15,639 - root - INFO -             upstream_93_新泉股份  upstream_94_福耀玻璃  upstream_95_华域汽车  \
2026-02-27 11:22:15,639 - root - INFO - 日期
2026-02-27 11:22:15,639 - root - INFO - 2021-09-28             55.70           2596.15            827.05
2026-02-27 11:22:15,639 - root - INFO - 2021-09-29             53.48           2493.98            822.96
2026-02-27 11:22:15,640 - root - INFO - 2021-09-30             55.81           2514.91            820.78
2026-02-27 11:22:15,640 - root - INFO - 2021-10-08             55.70           2557.27            840.13
2026-02-27 11:22:15,640 - root - INFO - 2021-10-11             58.18           2694.33            851.30
2026-02-27 11:22:15,640 - root - INFO - ...                      ...               ...               ...
2026-02-27 11:22:15,640 - root - INFO - 2024-06-17            103.50           2889.70            685.08
2026-02-27 11:22:15,640 - root - INFO - 2024-06-18            108.40           2899.66            689.71
2026-02-27 11:22:15,641 - root - INFO - 2024-06-19            106.20           2856.30            686.71
2026-02-27 11:22:15,641 - root - INFO - 2024-06-20            103.88           2847.83            682.35
2026-02-27 11:22:15,641 - root - INFO - 2024-06-21            102.22           2837.37            686.99
2026-02-27 11:22:15,641 - root - INFO - 
2026-02-27 11:22:15,641 - root - INFO -             upstream_96_贵州茅台  upstream_97_五粮液  upstream_98_中国平安  \
2026-02-27 11:22:15,642 - root - INFO - 日期
2026-02-27 11:22:15,642 - root - INFO - 2021-09-28           9640.88          3586.05            120.79
2026-02-27 11:22:15,642 - root - INFO - 2021-09-29           9630.53          3613.26            120.65
2026-02-27 11:22:15,642 - root - INFO - 2021-09-30           9680.78          3624.37            118.99
2026-02-27 11:22:15,642 - root - INFO - 2021-10-08           9729.02          3762.45            126.47
2026-02-27 11:22:15,642 - root - INFO - 2021-10-11           9867.30          3755.89            127.75
2026-02-27 11:22:15,642 - root - INFO - ...                      ...              ...               ...
2026-02-27 11:22:15,643 - root - INFO - 2024-06-17           8676.33          2422.49            116.89
2026-02-27 11:22:15,643 - root - INFO - 2024-06-18           8575.84          2393.71            117.19
2026-02-27 11:22:15,643 - root - INFO - 2024-06-19           8627.97          2398.87            117.73
2026-02-27 11:22:15,643 - root - INFO - 2024-06-20           8623.45          2367.28            116.75
2026-02-27 11:22:15,643 - root - INFO - 2024-06-21           8477.23          2336.01            117.07
2026-02-27 11:22:15,644 - root - INFO - 
2026-02-27 11:22:15,644 - root - INFO -             upstream_99_招商银行  upstream_100_京东方A  upstream_101_恒瑞医药  \
2026-02-27 11:22:15,644 - root - INFO - 日期
2026-02-27 11:22:15,644 - root - INFO - 2021-09-28            222.80              17.86            2407.07
2026-02-27 11:22:15,645 - root - INFO - 2021-09-29            227.26              17.31            2384.94
2026-02-27 11:22:15,645 - root - INFO - 2021-09-30            222.92              17.37            2399.54
2026-02-27 11:22:15,645 - root - INFO - 2021-10-08            224.79              18.21            2585.96
2026-02-27 11:22:15,645 - root - INFO - 2021-10-11            232.89              17.92            2558.65
2026-02-27 11:22:15,645 - root - INFO - ...                      ...                ...                ...
2026-02-27 11:22:15,645 - root - INFO - 2024-06-17            170.28              15.11            2052.12
2026-02-27 11:22:15,645 - root - INFO - 2024-06-18            170.20              15.30            2025.76
2026-02-27 11:22:15,647 - root - INFO - 2024-06-19            171.93              15.30            1997.04
2026-02-27 11:22:15,647 - root - INFO - 2024-06-20            171.38              15.04            1961.26
2026-02-27 11:22:15,647 - root - INFO - 2024-06-21            170.17              15.11            1934.90
2026-02-27 11:22:15,648 - root - INFO - 
2026-02-27 11:22:15,648 - root - INFO -             upstream_102_药明康德  upstream_103_中国建筑  upstream_104_中国铁建  \
2026-02-27 11:22:15,648 - root - INFO - 日期
2026-02-27 11:22:15,648 - root - INFO - 2021-09-28             356.87               8.83              10.10
2026-02-27 11:22:15,649 - root - INFO - 2021-09-29             354.80               8.76               9.87
2026-02-27 11:22:15,649 - root - INFO - 2021-09-30             361.15               8.74               9.89
2026-02-27 11:22:15,649 - root - INFO - 2021-10-08             353.67               8.81              10.06
2026-02-27 11:22:15,649 - root - INFO - 2021-10-11             335.42               8.78               9.96
2026-02-27 11:22:15,650 - root - INFO - ...                       ...                ...                ...
2026-02-27 11:22:15,650 - root - INFO - 2024-06-17             108.50              10.34              10.93
2026-02-27 11:22:15,650 - root - INFO - 2024-06-18             105.11              10.45              11.11
2026-02-27 11:22:15,650 - root - INFO - 2024-06-19             103.72              10.48              11.15
2026-02-27 11:22:15,650 - root - INFO - 2024-06-20             101.72              10.36              11.03
2026-02-27 11:22:15,651 - root - INFO - 2024-06-21             100.31              10.39              11.09
2026-02-27 11:22:15,651 - root - INFO - 
2026-02-27 11:22:15,651 - root - INFO -             upstream_105_中信证券  upstream_106_中国神华  upstream_107_工商银行  \
2026-02-27 11:22:15,652 - root - INFO - 日期
2026-02-27 11:22:15,652 - root - INFO - 2021-09-28              93.05              36.39               7.97
2026-02-27 11:22:15,652 - root - INFO - 2021-09-29              92.30              35.75               7.99
2026-02-27 11:22:15,652 - root - INFO - 2021-09-30              91.31              36.24               7.97
2026-02-27 11:22:15,652 - root - INFO - 2021-10-08              92.72              34.98               8.02
2026-02-27 11:22:15,653 - root - INFO - 2021-10-11              92.45              36.00               8.05
2026-02-27 11:22:15,653 - root - INFO - ...                       ...                ...                ...
2026-02-27 11:22:15,653 - root - INFO - 2024-06-17              76.91              62.21               9.40
2026-02-27 11:22:15,653 - root - INFO - 2024-06-18              77.08              62.24               9.42
2026-02-27 11:22:15,654 - root - INFO - 2024-06-19              76.46              62.11               9.47
2026-02-27 11:22:15,654 - root - INFO - 2024-06-20              75.94              63.30               9.49
2026-02-27 11:22:15,654 - root - INFO - 2024-06-21              76.15              62.78               9.48
2026-02-27 11:22:15,655 - root - INFO - 
2026-02-27 11:22:15,655 - root - INFO -             upstream_108_浦发银行  upstream_109_山东黄金  upstream_110_中国银行  \
2026-02-27 11:22:15,655 - root - INFO - 日期
2026-02-27 11:22:15,655 - root - INFO - 2021-09-28              86.45             310.94               5.69
2026-02-27 11:22:15,656 - root - INFO - 2021-09-29              86.39             325.99               5.69
2026-02-27 11:22:15,656 - root - INFO - 2021-09-30              86.25             320.66               5.68
2026-02-27 11:22:15,656 - root - INFO - 2021-10-08              86.78             324.58               5.70
2026-02-27 11:22:15,656 - root - INFO - 2021-10-11              87.24             327.40               5.71
2026-02-27 11:22:15,657 - root - INFO - ...                       ...                ...                ...
2026-02-27 11:22:15,657 - root - INFO - 2024-06-17              85.13             446.26               7.69
2026-02-27 11:22:15,658 - root - INFO - 2024-06-18              85.07             450.49               7.70
2026-02-27 11:22:15,658 - root - INFO - 2024-06-19              85.92             456.92               7.75
2026-02-27 11:22:15,659 - root - INFO - 2024-06-20              85.79             453.94               7.76
2026-02-27 11:22:15,659 - root - INFO - 2024-06-21              85.59             453.63               7.74
2026-02-27 11:22:15,659 - root - INFO - 
2026-02-27 11:22:15,660 - root - INFO -             upstream_111_格力电器  upstream_112_云南白药  upstream_113_中兴通讯  \
2026-02-27 11:22:15,660 - root - INFO - 日期
2026-02-27 11:22:15,660 - root - INFO - 2021-09-28            6790.59            2033.58             464.41
2026-02-27 11:22:15,660 - root - INFO - 2021-09-29            6945.75            2010.67             444.20
2026-02-27 11:22:15,661 - root - INFO - 2021-09-30            6874.04            2009.05             450.46
2026-02-27 11:22:15,661 - root - INFO - 2021-10-08            7012.25            2030.15             459.98
2026-02-27 11:22:15,661 - root - INFO - 2021-10-11            7017.46            1995.16             469.63
2026-02-27 11:22:15,661 - root - INFO - ...                       ...                ...                ...
2026-02-27 11:22:15,661 - root - INFO - 2024-06-17            7735.90            1695.66             389.42
2026-02-27 11:22:15,662 - root - INFO - 2024-06-18            7742.42            1702.22             396.85
2026-02-27 11:22:15,662 - root - INFO - 2024-06-19            7686.35            1691.62             395.68
2026-02-27 11:22:15,662 - root - INFO - 2024-06-20            7658.97            1666.87             385.77
2026-02-27 11:22:15,662 - root - INFO - 2024-06-21            7651.15            1666.87             392.16
2026-02-27 11:22:15,664 - root - INFO - 
2026-02-27 11:22:15,664 - root - INFO -             upstream_114_立讯精密  upstream_115_歌尔股份  upstream_116_紫光国微  \
2026-02-27 11:22:15,664 - root - INFO - 日期
2026-02-27 11:22:15,664 - root - INFO - 2021-09-28            1182.19             953.49             630.08
2026-02-27 11:22:15,664 - root - INFO - 2021-09-29            1178.92             931.46             609.68
2026-02-27 11:22:15,664 - root - INFO - 2021-09-30            1178.92             948.74             623.33
2026-02-27 11:22:15,665 - root - INFO - 2021-10-08            1243.34             940.10             581.81
2026-02-27 11:22:15,665 - root - INFO - 2021-10-11            1239.74             942.48             602.63
2026-02-27 11:22:15,665 - root - INFO - ...                       ...                ...                ...
2026-02-27 11:22:15,665 - root - INFO - 2024-06-17            1228.95             428.59             251.75
2026-02-27 11:22:15,665 - root - INFO - 2024-06-18            1261.32             430.96             252.21
2026-02-27 11:22:15,666 - root - INFO - 2024-06-19            1263.94             429.02             250.45
2026-02-27 11:22:15,666 - root - INFO - 2024-06-20            1237.45             419.73             250.03
2026-02-27 11:22:15,666 - root - INFO - 2024-06-21            1252.50             426.43             244.57
2026-02-27 11:22:15,666 - root - INFO - 
2026-02-27 11:22:15,666 - root - INFO -             upstream_117_晶方科技  upstream_118_兆易创新  upstream_119_长飞光纤  \
2026-02-27 11:22:15,666 - root - INFO - 日期
2026-02-27 11:22:15,667 - root - INFO - 2021-09-28              74.14             844.54             116.33
2026-02-27 11:22:15,667 - root - INFO - 2021-09-29              72.39             812.33             116.73
2026-02-27 11:22:15,667 - root - INFO - 2021-09-30              72.26             801.08             116.66
2026-02-27 11:22:15,667 - root - INFO - 2021-10-08              73.65             826.93             117.91
2026-02-27 11:22:15,668 - root - INFO - 2021-10-11              75.13             814.03             118.28
2026-02-27 11:22:15,668 - root - INFO - ...                       ...                ...                ...
2026-02-27 11:22:15,668 - root - INFO - 2024-06-17              54.87             532.00             115.22
2026-02-27 11:22:15,668 - root - INFO - 2024-06-18              54.55             528.27             115.66
2026-02-27 11:22:15,668 - root - INFO - 2024-06-19              59.82             534.36             116.95
2026-02-27 11:22:15,668 - root - INFO - 2024-06-20              59.04             524.98             114.49
2026-02-27 11:22:15,669 - root - INFO - 2024-06-21              62.37             533.21             114.19
2026-02-27 11:22:15,669 - root - INFO - 
2026-02-27 11:22:15,669 - root - INFO -             upstream_120_洛阳钼业  upstream_121_长飞光纤  upstream_122_澜起科技  \
2026-02-27 11:22:15,669 - root - INFO - 日期
2026-02-27 11:22:15,669 - root - INFO - 2021-09-28              20.22             116.33              59.91
2026-02-27 11:22:15,669 - root - INFO - 2021-09-29              19.20             116.73              60.88
2026-02-27 11:22:15,669 - root - INFO - 2021-09-30              19.62             116.66              60.01
2026-02-27 11:22:15,670 - root - INFO - 2021-10-08              19.53             117.91              60.51
2026-02-27 11:22:15,670 - root - INFO - 2021-10-11              20.55             118.28              62.20
2026-02-27 11:22:15,670 - root - INFO - ...                       ...                ...                ...
2026-02-27 11:22:15,670 - root - INFO - 2024-06-17              26.53             115.22              55.33
2026-02-27 11:22:15,670 - root - INFO - 2024-06-18              26.38             115.66              55.88
2026-02-27 11:22:15,670 - root - INFO - 2024-06-19              27.16             116.95              56.67
2026-02-27 11:22:15,671 - root - INFO - 2024-06-20              27.31             114.49              57.58
2026-02-27 11:22:15,671 - root - INFO - 2024-06-21              26.95             114.19              58.31
2026-02-27 11:22:15,671 - root - INFO - 
2026-02-27 11:22:15,671 - root - INFO -             upstream_123_万集科技  upstream_124_雪峰科技  upstream_125_福耀玻璃  \
2026-02-27 11:22:15,671 - root - INFO - 日期
2026-02-27 11:22:15,672 - root - INFO - 2021-09-28             158.80              46.95            2596.15
2026-02-27 11:22:15,672 - root - INFO - 2021-09-29             155.59              46.52            2493.98
2026-02-27 11:22:15,672 - root - INFO - 2021-09-30             151.80              46.13            2514.91
2026-02-27 11:22:15,672 - root - INFO - 2021-10-08             154.18              46.99            2557.27
2026-02-27 11:22:15,673 - root - INFO - 2021-10-11             150.00              47.39            2694.33
2026-02-27 11:22:15,673 - root - INFO - ...                       ...                ...                ...
2026-02-27 11:22:15,673 - root - INFO - 2024-06-17             142.79              57.67            2889.70
2026-02-27 11:22:15,673 - root - INFO - 2024-06-18             143.47              57.55            2899.66
2026-02-27 11:22:15,674 - root - INFO - 2024-06-19             146.01              56.32            2856.30
2026-02-27 11:22:15,674 - root - INFO - 2024-06-20             148.58              54.29            2847.83
2026-02-27 11:22:15,674 - root - INFO - 2024-06-21             151.00              53.76            2837.37
2026-02-27 11:22:15,674 - root - INFO - 
2026-02-27 11:22:15,675 - root - INFO -             upstream_126_新筑股份  upstream_127_华贸物流  upstream_128_卫士通  \
2026-02-27 11:22:15,675 - root - INFO - 日期
2026-02-27 11:22:15,675 - root - INFO - 2021-09-28              19.46              17.05            355.16
2026-02-27 11:22:15,675 - root - INFO - 2021-09-29              18.86              16.16            335.23
2026-02-27 11:22:15,676 - root - INFO - 2021-09-30              19.06              16.70            344.78
2026-02-27 11:22:15,676 - root - INFO - 2021-10-08              19.26              16.40            338.60
2026-02-27 11:22:15,676 - root - INFO - 2021-10-11              18.94              14.83            343.38
2026-02-27 11:22:15,677 - root - INFO - ...                       ...                ...               ...
2026-02-27 11:22:15,677 - root - INFO - 2024-06-17              13.42               9.47            127.25
2026-02-27 11:22:15,677 - root - INFO - 2024-06-18              13.86               9.59            129.88
2026-02-27 11:22:15,677 - root - INFO - 2024-06-19              13.90               9.59            129.31
2026-02-27 11:22:15,677 - root - INFO - 2024-06-20              13.46               9.36            125.44
2026-02-27 11:22:15,677 - root - INFO - 2024-06-21              13.50               9.36            125.27
2026-02-27 11:22:15,677 - root - INFO - 
2026-02-27 11:22:15,677 - root - INFO -             upstream_129_浪潮信息  upstream_130_科大讯飞  upstream_131_深南电路  \
2026-02-27 11:22:15,679 - root - INFO - 日期
2026-02-27 11:22:15,679 - root - INFO - 2021-09-28             156.49             699.82             164.98
2026-02-27 11:22:15,679 - root - INFO - 2021-09-29             148.22             700.34             161.15
2026-02-27 11:22:15,679 - root - INFO - 2021-09-30             148.28             693.88             163.53
2026-02-27 11:22:15,680 - root - INFO - 2021-10-08             151.54             718.67             164.81
2026-02-27 11:22:15,680 - root - INFO - 2021-10-11             153.35             714.54             163.53
2026-02-27 11:22:15,680 - root - INFO - ...                       ...                ...                ...
2026-02-27 11:22:15,680 - root - INFO - 2024-06-17             195.45             567.37             193.62
2026-02-27 11:22:15,680 - root - INFO - 2024-06-18             200.98             576.41             191.32
2026-02-27 11:22:15,680 - root - INFO - 2024-06-19             209.83             569.18             189.37
2026-02-27 11:22:15,680 - root - INFO - 2024-06-20             202.90             557.04             187.94
2026-02-27 11:22:15,681 - root - INFO - 2024-06-21             204.18             565.17             189.46
2026-02-27 11:22:15,681 - root - INFO - 
2026-02-27 11:22:15,681 - root - INFO -             upstream_132_闻泰科技  upstream_133_生益科技  upstream_134_士兰微  \
2026-02-27 11:22:15,681 - root - INFO - 日期
2026-02-27 11:22:15,682 - root - INFO - 2021-09-28             277.31             139.19            609.87
2026-02-27 11:22:15,682 - root - INFO - 2021-09-29             270.73             137.43            591.35
2026-02-27 11:22:15,682 - root - INFO - 2021-09-30             272.07             137.98            596.97
2026-02-27 11:22:15,682 - root - INFO - 2021-10-08             278.44             140.90            589.79
2026-02-27 11:22:15,682 - root - INFO - 2021-10-11             286.21             141.95            577.11
2026-02-27 11:22:15,682 - root - INFO - ...                       ...                ...               ...
2026-02-27 11:22:15,683 - root - INFO - 2024-06-17              87.91             144.92            205.31
2026-02-27 11:22:15,683 - root - INFO - 2024-06-18              87.73             145.03            204.58
2026-02-27 11:22:15,683 - root - INFO - 2024-06-19              86.57             139.52            201.67
2026-02-27 11:22:15,683 - root - INFO - 2024-06-20              84.19             139.63            200.31
2026-02-27 11:22:15,683 - root - INFO - 2024-06-21              83.57             139.85            197.71
2026-02-27 11:22:15,684 - root - INFO - 
2026-02-27 11:22:15,684 - root - INFO -             upstream_135_恒顺醋业  upstream_136_新安股份  upstream_137_青岛海尔  \
2026-02-27 11:22:15,684 - root - INFO - 日期
2026-02-27 11:22:15,684 - root - INFO - 2021-09-28             106.02             209.56             923.87
2026-02-27 11:22:15,684 - root - INFO - 2021-09-29             103.29             195.41             936.90
2026-02-27 11:22:15,684 - root - INFO - 2021-09-30             107.88             204.86             940.81
2026-02-27 11:22:15,685 - root - INFO - 2021-10-08             109.75             198.05             958.72
2026-02-27 11:22:15,685 - root - INFO - 2021-10-11             109.75             199.64             959.70
2026-02-27 11:22:15,685 - root - INFO - ...                       ...                ...                ...
2026-02-27 11:22:15,685 - root - INFO - 2024-06-17              58.17              96.55            1106.87
2026-02-27 11:22:15,685 - root - INFO - 2024-06-18              58.17              97.37            1102.64
2026-02-27 11:22:15,685 - root - INFO - 2024-06-19              57.70              95.98            1086.68
2026-02-27 11:22:15,686 - root - INFO - 2024-06-20              56.64              93.51            1081.14
2026-02-27 11:22:15,686 - root - INFO - 2024-06-21              55.97              93.35            1073.00
2026-02-27 11:22:15,686 - root - INFO - 
2026-02-27 11:22:15,686 - root - INFO -             upstream_138_绿地控股  upstream_139_山西汾酒  upstream_140_厦门钨业  \
2026-02-27 11:22:15,686 - root - INFO - 日期
2026-02-27 11:22:15,686 - root - INFO - 2021-09-28             574.45            1285.82             231.23
2026-02-27 11:22:15,686 - root - INFO - 2021-09-29             569.22            1289.82             220.16
2026-02-27 11:22:15,687 - root - INFO - 2021-09-30             577.93            1279.81             224.90
2026-02-27 11:22:15,687 - root - INFO - 2021-10-08             577.93            1317.85             222.88
2026-02-27 11:22:15,687 - root - INFO - 2021-10-11             578.80            1288.22             223.23
2026-02-27 11:22:15,687 - root - INFO - ...                       ...                ...                ...
2026-02-27 11:22:15,687 - root - INFO - 2024-06-17             318.00             971.14             183.07
2026-02-27 11:22:15,687 - root - INFO - 2024-06-18             316.08             949.44             183.68
2026-02-27 11:22:15,688 - root - INFO - 2024-06-19             313.21             938.27             185.00
2026-02-27 11:22:15,688 - root - INFO - 2024-06-20             308.42             934.83             184.04
2026-02-27 11:22:15,688 - root - INFO - 2024-06-21             306.50             905.92             182.54
2026-02-27 11:22:15,688 - root - INFO - 
2026-02-27 11:22:15,688 - root - INFO -             upstream_141_恒瑞医药  upstream_142_招商银行  upstream_143_特变电工  \
2026-02-27 11:22:15,688 - root - INFO - 日期
2026-02-27 11:22:15,689 - root - INFO - 2021-09-28            2407.07             222.80            1216.30
2026-02-27 11:22:15,689 - root - INFO - 2021-09-29            2384.94             227.26            1197.91
2026-02-27 11:22:15,689 - root - INFO - 2021-09-30            2399.54             222.92            1235.22
2026-02-27 11:22:15,689 - root - INFO - 2021-10-08            2585.96             224.79            1109.11
2026-02-27 11:22:15,689 - root - INFO - 2021-10-11            2558.65             232.89            1116.99
2026-02-27 11:22:15,689 - root - INFO - ...                       ...                ...                ...
2026-02-27 11:22:15,690 - root - INFO - 2024-06-17            2052.12             170.28            1042.17
2026-02-27 11:22:15,690 - root - INFO - 2024-06-18            2025.76             170.20            1047.63
2026-02-27 11:22:15,690 - root - INFO - 2024-06-19            1997.04             171.93            1027.14
2026-02-27 11:22:15,691 - root - INFO - 2024-06-20            1961.26             171.38            1012.80
2026-02-27 11:22:15,691 - root - INFO - 2024-06-21            1934.90             170.17            1008.70
2026-02-27 11:22:15,691 - root - INFO - 
2026-02-27 11:22:15,691 - root - INFO -             upstream_144_上汽集团  upstream_145_五粮液  upstream_146_比亚迪  \
2026-02-27 11:22:15,691 - root - INFO - 日期
2026-02-27 11:22:15,691 - root - INFO - 2021-09-28             132.86           3586.05            248.01
2026-02-27 11:22:15,691 - root - INFO - 2021-09-29             131.46           3613.26            237.15
2026-02-27 11:22:15,692 - root - INFO - 2021-09-30             130.95           3624.37            250.66
2026-02-27 11:22:15,692 - root - INFO - 2021-10-08             132.95           3762.45            254.15
2026-02-27 11:22:15,692 - root - INFO - 2021-10-11             133.84           3755.89            256.90
2026-02-27 11:22:15,692 - root - INFO - ...                       ...               ...               ...
2026-02-27 11:22:15,692 - root - INFO - 2024-06-17             115.02           2422.49            259.61
2026-02-27 11:22:15,692 - root - INFO - 2024-06-18             115.19           2393.71            258.04
2026-02-27 11:22:15,693 - root - INFO - 2024-06-19             114.33           2398.87            256.40
2026-02-27 11:22:15,693 - root - INFO - 2024-06-20             113.74           2367.28            253.90
2026-02-27 11:22:15,693 - root - INFO - 2024-06-21             113.87           2336.01            253.07
2026-02-27 11:22:15,693 - root - INFO - 
2026-02-27 11:22:15,693 - root - INFO -             upstream_147_长城汽车  upstream_148_北方稀土  upstream_149_雅化集团  \
2026-02-27 11:22:15,694 - root - INFO - 日期
2026-02-27 11:22:15,694 - root - INFO - 2021-09-28             161.89             734.34             197.43
2026-02-27 11:22:15,694 - root - INFO - 2021-09-29             161.62             688.15             189.93
2026-02-27 11:22:15,694 - root - INFO - 2021-09-30             165.13             734.34             202.23
2026-02-27 11:22:15,694 - root - INFO - 2021-10-08             167.53             733.68             197.55
2026-02-27 11:22:15,694 - root - INFO - 2021-10-11             172.87             741.38             195.99
2026-02-27 11:22:15,695 - root - INFO - ...                       ...                ...                ...
2026-02-27 11:22:15,695 - root - INFO - 2024-06-17              86.38             311.98              64.47
2026-02-27 11:22:15,695 - root - INFO - 2024-06-18              87.64             315.75              64.29
2026-02-27 11:22:15,695 - root - INFO - 2024-06-19              87.70             311.49              63.69
2026-02-27 11:22:15,695 - root - INFO - 2024-06-20              86.32             302.64              64.65
2026-02-27 11:22:15,695 - root - INFO - 2024-06-21              88.18             301.66              61.83
2026-02-27 11:22:15,695 - root - INFO - 
2026-02-27 11:22:15,696 - root - INFO -             upstream_150_浪潮软件  upstream_151_长江电力  upstream_152_上证综指  \
2026-02-27 11:22:15,696 - root - INFO - 日期
2026-02-27 11:22:15,696 - root - INFO - 2021-09-28              57.08              51.15            2376.58
2026-02-27 11:22:15,696 - root - INFO - 2021-09-29              56.05              51.73            2399.09
2026-02-27 11:22:15,696 - root - INFO - 2021-09-30              56.23              51.52            2371.58
2026-02-27 11:22:15,696 - root - INFO - 2021-10-08              57.40              51.43            2460.35
2026-02-27 11:22:15,696 - root - INFO - 2021-10-11              57.31              50.85            2555.36
2026-02-27 11:22:15,696 - root - INFO - ...                       ...                ...                ...
2026-02-27 11:22:15,696 - root - INFO - 2024-06-17              45.35              64.75            1546.69
2026-02-27 11:22:15,697 - root - INFO - 2024-06-18              46.29              64.59            1544.19
2026-02-27 11:22:15,697 - root - INFO - 2024-06-19              46.76              65.01            1552.94
2026-02-27 11:22:15,697 - root - INFO - 2024-06-20              45.54              65.54            1540.44
2026-02-27 11:22:15,697 - root - INFO - 2024-06-21              45.07              65.52            1534.19
2026-02-27 11:22:15,697 - root - INFO - 
2026-02-27 11:22:15,698 - root - INFO -             upstream_153_中国石油  upstream_154_中国长城  upstream_155_中直股份  \
2026-02-27 11:22:15,698 - root - INFO - 日期
2026-02-27 11:22:15,698 - root - INFO - 2021-09-28               9.62             105.28             163.91
2026-02-27 11:22:15,698 - root - INFO - 2021-09-29               9.17             102.00             158.67
2026-02-27 11:22:15,698 - root - INFO - 2021-09-30               9.14             104.97             159.56
2026-02-27 11:22:15,698 - root - INFO - 2021-10-08               9.41             108.94             158.61
2026-02-27 11:22:15,698 - root - INFO - 2021-10-11               9.28             107.80             169.05
2026-02-27 11:22:15,699 - root - INFO - ...                       ...                ...                ...
2026-02-27 11:22:15,699 - root - INFO - 2024-06-17              13.51              76.16             121.02
2026-02-27 11:22:15,699 - root - INFO - 2024-06-18              13.62              76.23             123.53
2026-02-27 11:22:15,699 - root - INFO - 2024-06-19              13.75              75.47             121.13
2026-02-27 11:22:15,699 - root - INFO - 2024-06-20              13.92              74.17             118.95
2026-02-27 11:22:15,699 - root - INFO - 2024-06-21              13.83              73.79             119.79
2026-02-27 11:22:15,699 - root - INFO - 
2026-02-27 11:22:15,699 - root - INFO -             upstream_156_明星电力  upstream_157_浪潮软件  downstream_1_比亚迪  \
2026-02-27 11:22:15,699 - root - INFO - 日期
2026-02-27 11:22:15,699 - root - INFO - 2021-09-28              11.00              57.08            248.01
2026-02-27 11:22:15,700 - root - INFO - 2021-09-29              10.51              56.05            237.15
2026-02-27 11:22:15,700 - root - INFO - 2021-09-30              10.88              56.23            250.66
2026-02-27 11:22:15,700 - root - INFO - 2021-10-08              11.30              57.40            254.15
2026-02-27 11:22:15,700 - root - INFO - 2021-10-11              11.18              57.31            256.90
2026-02-27 11:22:15,700 - root - INFO - ...                       ...                ...               ...
2026-02-27 11:22:15,700 - root - INFO - 2024-06-17               5.06              45.35            259.61
2026-02-27 11:22:15,700 - root - INFO - 2024-06-18               5.20              46.29            258.04
2026-02-27 11:22:15,701 - root - INFO - 2024-06-19               5.08              46.76            256.40
2026-02-27 11:22:15,701 - root - INFO - 2024-06-20               4.96              45.54            253.90
2026-02-27 11:22:15,701 - root - INFO - 2024-06-21               4.99              45.07            253.07
2026-02-27 11:22:15,701 - root - INFO - 
2026-02-27 11:22:15,701 - root - INFO -             downstream_2_长城汽车  downstream_3_长安汽车  downstream_4_上汽集团
2026-02-27 11:22:15,701 - root - INFO - 日期
2026-02-27 11:22:15,701 - root - INFO - 2021-09-28             161.89             115.68             132.86
2026-02-27 11:22:15,702 - root - INFO - 2021-09-29             161.62             113.30             131.46
2026-02-27 11:22:15,702 - root - INFO - 2021-09-30             165.13             114.40             130.95
2026-02-27 11:22:15,702 - root - INFO - 2021-10-08             167.53             120.50             132.95
2026-02-27 11:22:15,702 - root - INFO - 2021-10-11             172.87             120.80             133.84
2026-02-27 11:22:15,702 - root - INFO - ...                       ...                ...                ...
2026-02-27 11:22:15,702 - root - INFO - 2024-06-17              86.38             129.40             115.02
2026-02-27 11:22:15,702 - root - INFO - 2024-06-18              87.64             131.69             115.19
2026-02-27 11:22:15,703 - root - INFO - 2024-06-19              87.70             130.43             114.33
2026-02-27 11:22:15,703 - root - INFO - 2024-06-20              86.32             128.60             113.74
2026-02-27 11:22:15,703 - root - INFO - 2024-06-21              88.18             129.47             113.87
2026-02-27 11:22:15,703 - root - INFO - 
2026-02-27 11:22:15,703 - root - INFO - [569 rows x 165 columns]
2026-02-27 11:22:15,740 - root - ERROR - D:\anaconda\Lib\site-packages\statsmodels\tsa\stattools.py:1545: FutureWarning: verbose is deprecated since functions should not print results
2026-02-27 11:22:15,741 - root - ERROR -   warnings.warn(
2026-02-27 11:27:07,555 - root - INFO - 因果矩阵已生成：
2026-02-27 11:27:07,577 - root - INFO -                      宁德时代  market_data_1_上证综指  market_data_2_深证成指  \
2026-02-27 11:27:07,577 - root - INFO - 宁德时代                False                True                True
2026-02-27 11:27:07,577 - root - INFO - market_data_1_上证综指  False               False               False
2026-02-27 11:27:07,577 - root - INFO - market_data_2_深证成指  False               False               False
2026-02-27 11:27:07,578 - root - INFO - market_data_3_创业板指  False               False                True
2026-02-27 11:27:07,578 - root - INFO - upstream_1_盛新锂能     False               False               False
2026-02-27 11:27:07,578 - root - INFO - ...                   ...                 ...                 ...
2026-02-27 11:27:07,579 - root - INFO - upstream_157_浪潮软件    True               False               False
2026-02-27 11:27:07,579 - root - INFO - downstream_1_比亚迪    False               False               False
2026-02-27 11:27:07,579 - root - INFO - downstream_2_长城汽车   False               False               False
2026-02-27 11:27:07,580 - root - INFO - downstream_3_长安汽车   False               False               False
2026-02-27 11:27:07,580 - root - INFO - downstream_4_上汽集团   False                True               False
2026-02-27 11:27:07,580 - root - INFO - 
2026-02-27 11:27:07,580 - root - INFO -                     market_data_3_创业板指  upstream_1_盛新锂能  upstream_2_天齐锂业  \
2026-02-27 11:27:07,581 - root - INFO - 宁德时代                              True             True             True
2026-02-27 11:27:07,581 - root - INFO - market_data_1_上证综指               False             True            False
2026-02-27 11:27:07,581 - root - INFO - market_data_2_深证成指                True            False             True
2026-02-27 11:27:07,581 - root - INFO - market_data_3_创业板指               False             True            False
2026-02-27 11:27:07,581 - root - INFO - upstream_1_盛新锂能                  False            False            False
2026-02-27 11:27:07,581 - root - INFO - ...                                ...              ...              ...
2026-02-27 11:27:07,581 - root - INFO - upstream_157_浪潮软件                 True            False            False
2026-02-27 11:27:07,581 - root - INFO - downstream_1_比亚迪                 False             True             True
2026-02-27 11:27:07,583 - root - INFO - downstream_2_长城汽车                False            False             True
2026-02-27 11:27:07,583 - root - INFO - downstream_3_长安汽车                False            False            False
2026-02-27 11:27:07,583 - root - INFO - downstream_4_上汽集团                False            False            False
2026-02-27 11:27:07,583 - root - INFO - 
2026-02-27 11:27:07,583 - root - INFO -                     upstream_3_赣锋锂业  upstream_4_川恒股份  upstream_5_盐湖股份  \
2026-02-27 11:27:07,584 - root - INFO - 宁德时代                           True             True            False
2026-02-27 11:27:07,584 - root - INFO - market_data_1_上证综指             True             True             True
2026-02-27 11:27:07,584 - root - INFO - market_data_2_深证成指             True            False            False
2026-02-27 11:27:07,584 - root - INFO - market_data_3_创业板指             True             True            False
2026-02-27 11:27:07,584 - root - INFO - upstream_1_盛新锂能                True            False            False
2026-02-27 11:27:07,584 - root - INFO - ...                             ...              ...              ...
2026-02-27 11:27:07,584 - root - INFO - upstream_157_浪潮软件             False            False            False
2026-02-27 11:27:07,586 - root - INFO - downstream_1_比亚迪               True            False             True
2026-02-27 11:27:07,586 - root - INFO - downstream_2_长城汽车              True            False             True
2026-02-27 11:27:07,586 - root - INFO - downstream_3_长安汽车             False            False            False
2026-02-27 11:27:07,586 - root - INFO - downstream_4_上汽集团             False             True            False
2026-02-27 11:27:07,586 - root - INFO - 
2026-02-27 11:27:07,586 - root - INFO -                     upstream_6_中远海控  upstream_7_湘潭电化  upstream_8_华友钴业  \
2026-02-27 11:27:07,587 - root - INFO - 宁德时代                           True            False             True
2026-02-27 11:27:07,587 - root - INFO - market_data_1_上证综指            False            False             True
2026-02-27 11:27:07,587 - root - INFO - market_data_2_深证成指            False            False            False
2026-02-27 11:27:07,587 - root - INFO - market_data_3_创业板指             True            False            False
2026-02-27 11:27:07,588 - root - INFO - upstream_1_盛新锂能                True            False             True
2026-02-27 11:27:07,588 - root - INFO - ...                             ...              ...              ...
2026-02-27 11:27:07,588 - root - INFO - upstream_157_浪潮软件             False            False            False
2026-02-27 11:27:07,588 - root - INFO - downstream_1_比亚迪               True            False             True
2026-02-27 11:27:07,589 - root - INFO - downstream_2_长城汽车              True            False            False
2026-02-27 11:27:07,589 - root - INFO - downstream_3_长安汽车             False             True            False
2026-02-27 11:27:07,589 - root - INFO - downstream_4_上汽集团             False            False            False
2026-02-27 11:27:07,589 - root - INFO - 
2026-02-27 11:27:07,589 - root - INFO -                     upstream_9_西藏珠峰  upstream_10_宁波韵升  upstream_11_中国卫星  \
2026-02-27 11:27:07,589 - root - INFO - 宁德时代                          False             False             False
2026-02-27 11:27:07,589 - root - INFO - market_data_1_上证综指            False             False             False
2026-02-27 11:27:07,590 - root - INFO - market_data_2_深证成指            False             False             False
2026-02-27 11:27:07,590 - root - INFO - market_data_3_创业板指            False             False             False
2026-02-27 11:27:07,590 - root - INFO - upstream_1_盛新锂能               False             False             False
2026-02-27 11:27:07,590 - root - INFO - ...                             ...               ...               ...
2026-02-27 11:27:07,590 - root - INFO - upstream_157_浪潮软件             False             False             False
2026-02-27 11:27:07,590 - root - INFO - downstream_1_比亚迪              False             False             False
2026-02-27 11:27:07,591 - root - INFO - downstream_2_长城汽车              True             False             False
2026-02-27 11:27:07,591 - root - INFO - downstream_3_长安汽车             False              True             False
2026-02-27 11:27:07,591 - root - INFO - downstream_4_上汽集团              True              True             False
2026-02-27 11:27:07,591 - root - INFO - 
2026-02-27 11:27:07,591 - root - INFO -                     upstream_12_贵研铂业  upstream_13_北方稀土  upstream_14_盛和资源  \
2026-02-27 11:27:07,591 - root - INFO - 宁德时代                           False             False              True
2026-02-27 11:27:07,592 - root - INFO - market_data_1_上证综指             False              True              True
2026-02-27 11:27:07,592 - root - INFO - market_data_2_深证成指             False             False             False
2026-02-27 11:27:07,592 - root - INFO - market_data_3_创业板指             False             False             False
2026-02-27 11:27:07,592 - root - INFO - upstream_1_盛新锂能                False              True             False
2026-02-27 11:27:07,592 - root - INFO - ...                              ...               ...               ...
2026-02-27 11:27:07,592 - root - INFO - upstream_157_浪潮软件              False             False             False
2026-02-27 11:27:07,593 - root - INFO - downstream_1_比亚迪                True             False              True
2026-02-27 11:27:07,593 - root - INFO - downstream_2_长城汽车               True             False             False
2026-02-27 11:27:07,593 - root - INFO - downstream_3_长安汽车              False             False             False
2026-02-27 11:27:07,593 - root - INFO - downstream_4_上汽集团              False              True              True
2026-02-27 11:27:07,593 - root - INFO - 
2026-02-27 11:27:07,594 - root - INFO -                     upstream_15_南山铝业  upstream_16_江西铜业  upstream_17_中国铝业  \
2026-02-27 11:27:07,594 - root - INFO - 宁德时代                           False             False              True
2026-02-27 11:27:07,594 - root - INFO - market_data_1_上证综指             False             False             False
2026-02-27 11:27:07,594 - root - INFO - market_data_2_深证成指             False             False             False
2026-02-27 11:27:07,594 - root - INFO - market_data_3_创业板指             False             False              True
2026-02-27 11:27:07,595 - root - INFO - upstream_1_盛新锂能                 True             False              True
2026-02-27 11:27:07,595 - root - INFO - ...                              ...               ...               ...
2026-02-27 11:27:07,595 - root - INFO - upstream_157_浪潮软件              False             False             False
2026-02-27 11:27:07,595 - root - INFO - downstream_1_比亚迪               False             False             False
2026-02-27 11:27:07,595 - root - INFO - downstream_2_长城汽车              False             False             False
2026-02-27 11:27:07,596 - root - INFO - downstream_3_长安汽车              False             False             False
2026-02-27 11:27:07,596 - root - INFO - downstream_4_上汽集团              False             False              True
2026-02-27 11:27:07,596 - root - INFO - 
2026-02-27 11:27:07,596 - root - INFO -                     upstream_18_雅化集团  upstream_19_瑞泰科技  upstream_20_方大炭素  \
2026-02-27 11:27:07,596 - root - INFO - 宁德时代                           False             False             False
2026-02-27 11:27:07,597 - root - INFO - market_data_1_上证综指              True              True              True
2026-02-27 11:27:07,597 - root - INFO - market_data_2_深证成指              True             False             False
2026-02-27 11:27:07,597 - root - INFO - market_data_3_创业板指             False             False             False
2026-02-27 11:27:07,597 - root - INFO - upstream_1_盛新锂能                False              True             False
2026-02-27 11:27:07,597 - root - INFO - ...                              ...               ...               ...
2026-02-27 11:27:07,597 - root - INFO - upstream_157_浪潮软件              False             False             False
2026-02-27 11:27:07,597 - root - INFO - downstream_1_比亚迪               False             False             False
2026-02-27 11:27:07,597 - root - INFO - downstream_2_长城汽车              False             False              True
2026-02-27 11:27:07,597 - root - INFO - downstream_3_长安汽车              False             False             False
2026-02-27 11:27:07,597 - root - INFO - downstream_4_上汽集团              False             False             False
2026-02-27 11:27:07,597 - root - INFO - 
2026-02-27 11:27:07,597 - root - INFO -                     upstream_21_鹏辉能源  upstream_22_德方纳米  upstream_23_天华新能  \
2026-02-27 11:27:07,599 - root - INFO - 宁德时代                           False             False              True
2026-02-27 11:27:07,599 - root - INFO - market_data_1_上证综指             False              True              True
2026-02-27 11:27:07,599 - root - INFO - market_data_2_深证成指             False             False             False
2026-02-27 11:27:07,599 - root - INFO - market_data_3_创业板指             False             False             False
2026-02-27 11:27:07,599 - root - INFO - upstream_1_盛新锂能                False             False              True
2026-02-27 11:27:07,600 - root - INFO - ...                              ...               ...               ...
2026-02-27 11:27:07,600 - root - INFO - upstream_157_浪潮软件              False             False             False
2026-02-27 11:27:07,600 - root - INFO - downstream_1_比亚迪               False              True             False
2026-02-27 11:27:07,600 - root - INFO - downstream_2_长城汽车              False             False              True
2026-02-27 11:27:07,600 - root - INFO - downstream_3_长安汽车              False             False             False
2026-02-27 11:27:07,600 - root - INFO - downstream_4_上汽集团              False             False             False
2026-02-27 11:27:07,600 - root - INFO - 
2026-02-27 11:27:07,600 - root - INFO -                     upstream_24_容百科技  upstream_25_璞泰来  upstream_26_杉杉股份  \
2026-02-27 11:27:07,601 - root - INFO - 宁德时代                            True             True              True
2026-02-27 11:27:07,601 - root - INFO - market_data_1_上证综指              True             True             False
2026-02-27 11:27:07,601 - root - INFO - market_data_2_深证成指              True             True             False
2026-02-27 11:27:07,601 - root - INFO - market_data_3_创业板指             False            False             False
2026-02-27 11:27:07,602 - root - INFO - upstream_1_盛新锂能                 True             True              True
2026-02-27 11:27:07,602 - root - INFO - ...                              ...              ...               ...
2026-02-27 11:27:07,602 - root - INFO - upstream_157_浪潮软件              False             True             False
2026-02-27 11:27:07,602 - root - INFO - downstream_1_比亚迪                True            False             False
2026-02-27 11:27:07,602 - root - INFO - downstream_2_长城汽车              False             True             False
2026-02-27 11:27:07,602 - root - INFO - downstream_3_长安汽车              False            False             False
2026-02-27 11:27:07,603 - root - INFO - downstream_4_上汽集团               True             True             False
2026-02-27 11:27:07,603 - root - INFO - 
2026-02-27 11:27:07,603 - root - INFO -                     upstream_27_诺德股份  upstream_28_天赐材料  upstream_29_多氟多  \
2026-02-27 11:27:07,603 - root - INFO - 宁德时代                            True              True             True
2026-02-27 11:27:07,604 - root - INFO - market_data_1_上证综指              True             False             True
2026-02-27 11:27:07,604 - root - INFO - market_data_2_深证成指             False              True            False
2026-02-27 11:27:07,604 - root - INFO - market_data_3_创业板指             False              True            False
2026-02-27 11:27:07,604 - root - INFO - upstream_1_盛新锂能                 True              True            False
2026-02-27 11:27:07,604 - root - INFO - ...                              ...               ...              ...
2026-02-27 11:27:07,604 - root - INFO - upstream_157_浪潮软件              False             False            False
2026-02-27 11:27:07,605 - root - INFO - downstream_1_比亚迪               False             False            False
2026-02-27 11:27:07,605 - root - INFO - downstream_2_长城汽车               True             False            False
2026-02-27 11:27:07,605 - root - INFO - downstream_3_长安汽车              False             False            False
2026-02-27 11:27:07,605 - root - INFO - downstream_4_上汽集团               True              True            False
2026-02-27 11:27:07,605 - root - INFO - 
2026-02-27 11:27:07,605 - root - INFO -                     upstream_30_星源材质  upstream_31_先导智能  upstream_32_迈为股份  \
2026-02-27 11:27:07,605 - root - INFO - 宁德时代                            True             False             False
2026-02-27 11:27:07,607 - root - INFO - market_data_1_上证综指              True             False              True
2026-02-27 11:27:07,607 - root - INFO - market_data_2_深证成指              True             False             False
2026-02-27 11:27:07,607 - root - INFO - market_data_3_创业板指              True             False             False
2026-02-27 11:27:07,607 - root - INFO - upstream_1_盛新锂能                False             False             False
2026-02-27 11:27:07,607 - root - INFO - ...                              ...               ...               ...
2026-02-27 11:27:07,608 - root - INFO - upstream_157_浪潮软件              False              True             False
2026-02-27 11:27:07,608 - root - INFO - downstream_1_比亚迪                True             False             False
2026-02-27 11:27:07,608 - root - INFO - downstream_2_长城汽车              False              True             False
2026-02-27 11:27:07,608 - root - INFO - downstream_3_长安汽车              False             False             False
2026-02-27 11:27:07,608 - root - INFO - downstream_4_上汽集团              False             False              True
2026-02-27 11:27:07,609 - root - INFO - 
2026-02-27 11:27:07,609 - root - INFO -                     upstream_33_正业科技  upstream_34_罗博特科  upstream_35_永太科技  \
2026-02-27 11:27:07,609 - root - INFO - 宁德时代                           False             False              True
2026-02-27 11:27:07,609 - root - INFO - market_data_1_上证综指             False             False              True
2026-02-27 11:27:07,609 - root - INFO - market_data_2_深证成指             False             False             False
2026-02-27 11:27:07,610 - root - INFO - market_data_3_创业板指             False             False             False
2026-02-27 11:27:07,610 - root - INFO - upstream_1_盛新锂能                False             False              True
2026-02-27 11:27:07,610 - root - INFO - ...                              ...               ...               ...
2026-02-27 11:27:07,610 - root - INFO - upstream_157_浪潮软件              False             False             False
2026-02-27 11:27:07,610 - root - INFO - downstream_1_比亚迪               False             False             False
2026-02-27 11:27:07,611 - root - INFO - downstream_2_长城汽车              False             False              True
2026-02-27 11:27:07,611 - root - INFO - downstream_3_长安汽车              False             False             False
2026-02-27 11:27:07,611 - root - INFO - downstream_4_上汽集团               True             False             False
2026-02-27 11:27:07,611 - root - INFO - 
2026-02-27 11:27:07,612 - root - INFO -                     upstream_36_奥特维  upstream_37_派能科技  upstream_38_振江股份  \
2026-02-27 11:27:07,612 - root - INFO - 宁德时代                          False             False             False
2026-02-27 11:27:07,612 - root - INFO - market_data_1_上证综指            False             False             False
2026-02-27 11:27:07,612 - root - INFO - market_data_2_深证成指            False             False             False
2026-02-27 11:27:07,612 - root - INFO - market_data_3_创业板指            False             False             False
2026-02-27 11:27:07,613 - root - INFO - upstream_1_盛新锂能               False              True             False
2026-02-27 11:27:07,613 - root - INFO - ...                             ...               ...               ...
2026-02-27 11:27:07,613 - root - INFO - upstream_157_浪潮软件             False             False             False
2026-02-27 11:27:07,613 - root - INFO - downstream_1_比亚迪              False             False              True
2026-02-27 11:27:07,614 - root - INFO - downstream_2_长城汽车             False             False              True
2026-02-27 11:27:07,614 - root - INFO - downstream_3_长安汽车             False             False              True
2026-02-27 11:27:07,614 - root - INFO - downstream_4_上汽集团             False             False              True
2026-02-27 11:27:07,614 - root - INFO - 
2026-02-27 11:27:07,614 - root - INFO -                     upstream_39_欣锐科技  upstream_40_视源股份  upstream_41_德赛西威  \
2026-02-27 11:27:07,614 - root - INFO - 宁德时代                            True              True             False
2026-02-27 11:27:07,615 - root - INFO - market_data_1_上证综指             False              True             False
2026-02-27 11:27:07,615 - root - INFO - market_data_2_深证成指              True             False             False
2026-02-27 11:27:07,615 - root - INFO - market_data_3_创业板指              True             False             False
2026-02-27 11:27:07,615 - root - INFO - upstream_1_盛新锂能                False             False             False
2026-02-27 11:27:07,615 - root - INFO - ...                              ...               ...               ...
2026-02-27 11:27:07,615 - root - INFO - upstream_157_浪潮软件              False             False             False
2026-02-27 11:27:07,615 - root - INFO - downstream_1_比亚迪                True             False             False
2026-02-27 11:27:07,615 - root - INFO - downstream_2_长城汽车               True              True             False
2026-02-27 11:27:07,617 - root - INFO - downstream_3_长安汽车              False             False             False
2026-02-27 11:27:07,617 - root - INFO - downstream_4_上汽集团               True              True             False
2026-02-27 11:27:07,617 - root - INFO - 
2026-02-27 11:27:07,617 - root - INFO -                     upstream_42_当升科技  upstream_43_格林美  upstream_44_富临精工  \
2026-02-27 11:27:07,618 - root - INFO - 宁德时代                           False             True             False
2026-02-27 11:27:07,618 - root - INFO - market_data_1_上证综指             False             True              True
2026-02-27 11:27:07,618 - root - INFO - market_data_2_深证成指             False            False             False
2026-02-27 11:27:07,618 - root - INFO - market_data_3_创业板指             False            False              True
2026-02-27 11:27:07,618 - root - INFO - upstream_1_盛新锂能                False            False             False
2026-02-27 11:27:07,619 - root - INFO - ...                              ...              ...               ...
2026-02-27 11:27:07,619 - root - INFO - upstream_157_浪潮软件              False            False             False
2026-02-27 11:27:07,619 - root - INFO - downstream_1_比亚迪               False            False              True
2026-02-27 11:27:07,619 - root - INFO - downstream_2_长城汽车              False            False              True
2026-02-27 11:27:07,619 - root - INFO - downstream_3_长安汽车              False            False             False
2026-02-27 11:27:07,619 - root - INFO - downstream_4_上汽集团               True            False             False
2026-02-27 11:27:07,620 - root - INFO - 
2026-02-27 11:27:07,620 - root - INFO -                     upstream_45_中科三环  upstream_46_凯恩股份  upstream_47_新宙邦  \
2026-02-27 11:27:07,620 - root - INFO - 宁德时代                           False             False            False
2026-02-27 11:27:07,620 - root - INFO - market_data_1_上证综指             False             False            False
2026-02-27 11:27:07,620 - root - INFO - market_data_2_深证成指             False             False            False
2026-02-27 11:27:07,621 - root - INFO - market_data_3_创业板指             False             False            False
2026-02-27 11:27:07,621 - root - INFO - upstream_1_盛新锂能                False             False            False
2026-02-27 11:27:07,621 - root - INFO - ...                              ...               ...              ...
2026-02-27 11:27:07,621 - root - INFO - upstream_157_浪潮软件              False             False            False
2026-02-27 11:27:07,621 - root - INFO - downstream_1_比亚迪               False             False            False
2026-02-27 11:27:07,622 - root - INFO - downstream_2_长城汽车              False             False            False
2026-02-27 11:27:07,622 - root - INFO - downstream_3_长安汽车               True             False            False
2026-02-27 11:27:07,622 - root - INFO - downstream_4_上汽集团              False             False             True
2026-02-27 11:27:07,622 - root - INFO - 
2026-02-27 11:27:07,622 - root - INFO -                     upstream_48_中材科技  upstream_49_新纶新材  upstream_50_翔丰华  \
2026-02-27 11:27:07,623 - root - INFO - 宁德时代                           False             False            False
2026-02-27 11:27:07,623 - root - INFO - market_data_1_上证综指             False             False            False
2026-02-27 11:27:07,623 - root - INFO - market_data_2_深证成指             False             False            False
2026-02-27 11:27:07,623 - root - INFO - market_data_3_创业板指             False             False            False
2026-02-27 11:27:07,623 - root - INFO - upstream_1_盛新锂能                False             False            False
2026-02-27 11:27:07,623 - root - INFO - ...                              ...               ...              ...
2026-02-27 11:27:07,623 - root - INFO - upstream_157_浪潮软件              False             False            False
2026-02-27 11:27:07,624 - root - INFO - downstream_1_比亚迪               False             False            False
2026-02-27 11:27:07,624 - root - INFO - downstream_2_长城汽车              False              True             True
2026-02-27 11:27:07,624 - root - INFO - downstream_3_长安汽车               True             False             True
2026-02-27 11:27:07,624 - root - INFO - downstream_4_上汽集团               True              True             True
2026-02-27 11:27:07,624 - root - INFO - 
2026-02-27 11:27:07,624 - root - INFO -                     upstream_51_国轩高科  upstream_52_上海港湾  upstream_53_航天电子  \
2026-02-27 11:27:07,625 - root - INFO - 宁德时代                            True             False             False
2026-02-27 11:27:07,625 - root - INFO - market_data_1_上证综指             False             False             False
2026-02-27 11:27:07,625 - root - INFO - market_data_2_深证成指              True             False             False
2026-02-27 11:27:07,628 - root - INFO - market_data_3_创业板指              True             False             False
2026-02-27 11:27:07,628 - root - INFO - upstream_1_盛新锂能                False             False             False
2026-02-27 11:27:07,629 - root - INFO - ...                              ...               ...               ...
2026-02-27 11:27:07,629 - root - INFO - upstream_157_浪潮软件              False             False             False
2026-02-27 11:27:07,629 - root - INFO - downstream_1_比亚迪                True             False             False
2026-02-27 11:27:07,629 - root - INFO - downstream_2_长城汽车              False             False             False
2026-02-27 11:27:07,629 - root - INFO - downstream_3_长安汽车              False             False             False
2026-02-27 11:27:07,629 - root - INFO - downstream_4_上汽集团               True              True             False
2026-02-27 11:27:07,629 - root - INFO - 
2026-02-27 11:27:07,629 - root - INFO -                     upstream_54_普天科技  upstream_55_上海瀚讯  upstream_56_中科星图  \
2026-02-27 11:27:07,629 - root - INFO - 宁德时代                           False             False             False
2026-02-27 11:27:07,630 - root - INFO - market_data_1_上证综指              True             False             False
2026-02-27 11:27:07,630 - root - INFO - market_data_2_深证成指             False             False             False
2026-02-27 11:27:07,630 - root - INFO - market_data_3_创业板指             False             False             False
2026-02-27 11:27:07,630 - root - INFO - upstream_1_盛新锂能                False             False             False
2026-02-27 11:27:07,630 - root - INFO - ...                              ...               ...               ...
2026-02-27 11:27:07,630 - root - INFO - upstream_157_浪潮软件              False             False             False
2026-02-27 11:27:07,630 - root - INFO - downstream_1_比亚迪               False             False             False
2026-02-27 11:27:07,631 - root - INFO - downstream_2_长城汽车              False             False             False
2026-02-27 11:27:07,631 - root - INFO - downstream_3_长安汽车              False             False             False
2026-02-27 11:27:07,631 - root - INFO - downstream_4_上汽集团               True             False             False
2026-02-27 11:27:07,631 - root - INFO - 
2026-02-27 11:27:07,631 - root - INFO -                     upstream_57_光迅科技  upstream_58_海格通信  upstream_59_开普云  \
2026-02-27 11:27:07,631 - root - INFO - 宁德时代                           False             False            False
2026-02-27 11:27:07,631 - root - INFO - market_data_1_上证综指             False             False            False
2026-02-27 11:27:07,631 - root - INFO - market_data_2_深证成指             False             False            False
2026-02-27 11:27:07,633 - root - INFO - market_data_3_创业板指             False             False            False
2026-02-27 11:27:07,633 - root - INFO - upstream_1_盛新锂能                False             False            False
2026-02-27 11:27:07,633 - root - INFO - ...                              ...               ...              ...
2026-02-27 11:27:07,633 - root - INFO - upstream_157_浪潮软件              False             False             True
2026-02-27 11:27:07,633 - root - INFO - downstream_1_比亚迪               False             False            False
2026-02-27 11:27:07,633 - root - INFO - downstream_2_长城汽车              False             False            False
2026-02-27 11:27:07,633 - root - INFO - downstream_3_长安汽车              False             False            False
2026-02-27 11:27:07,633 - root - INFO - downstream_4_上汽集团              False             False            False
2026-02-27 11:27:07,634 - root - INFO - 
2026-02-27 11:27:07,634 - root - INFO -                     upstream_60_亿利洁能  upstream_61_特变电工  upstream_62_隆基绿能  \
2026-02-27 11:27:07,634 - root - INFO - 宁德时代                           False             False              True
2026-02-27 11:27:07,634 - root - INFO - market_data_1_上证综指              True             False             False
2026-02-27 11:27:07,634 - root - INFO - market_data_2_深证成指              True             False             False
2026-02-27 11:27:07,634 - root - INFO - market_data_3_创业板指              True             False              True
2026-02-27 11:27:07,634 - root - INFO - upstream_1_盛新锂能                 True              True              True
2026-02-27 11:27:07,635 - root - INFO - ...                              ...               ...               ...
2026-02-27 11:27:07,635 - root - INFO - upstream_157_浪潮软件              False             False             False
2026-02-27 11:27:07,635 - root - INFO - downstream_1_比亚迪               False             False              True
2026-02-27 11:27:07,635 - root - INFO - downstream_2_长城汽车               True             False              True
2026-02-27 11:27:07,635 - root - INFO - downstream_3_长安汽车              False             False             False
2026-02-27 11:27:07,635 - root - INFO - downstream_4_上汽集团              False             False              True
2026-02-27 11:27:07,635 - root - INFO - 
2026-02-27 11:27:07,636 - root - INFO -                     upstream_63_卧龙电驱  upstream_64_方正电机  upstream_65_大洋电机  \
2026-02-27 11:27:07,636 - root - INFO - 宁德时代                           False             False              True
2026-02-27 11:27:07,636 - root - INFO - market_data_1_上证综指             False              True              True
2026-02-27 11:27:07,636 - root - INFO - market_data_2_深证成指             False              True              True
2026-02-27 11:27:07,636 - root - INFO - market_data_3_创业板指              True              True              True
2026-02-27 11:27:07,636 - root - INFO - upstream_1_盛新锂能                False             False             False
2026-02-27 11:27:07,636 - root - INFO - ...                              ...               ...               ...
2026-02-27 11:27:07,637 - root - INFO - upstream_157_浪潮软件              False             False             False
2026-02-27 11:27:07,637 - root - INFO - downstream_1_比亚迪               False              True             False
2026-02-27 11:27:07,637 - root - INFO - downstream_2_长城汽车              False             False             False
2026-02-27 11:27:07,637 - root - INFO - downstream_3_长安汽车              False             False             False
2026-02-27 11:27:07,637 - root - INFO - downstream_4_上汽集团               True              True              True
2026-02-27 11:27:07,638 - root - INFO - 
2026-02-27 11:27:07,638 - root - INFO -                     upstream_66_汇川技术  upstream_67_蓝海华腾  upstream_68_禾望电气  \
2026-02-27 11:27:07,638 - root - INFO - 宁德时代                           False             False             False
2026-02-27 11:27:07,638 - root - INFO - market_data_1_上证综指             False             False              True
2026-02-27 11:27:07,638 - root - INFO - market_data_2_深证成指             False             False             False
2026-02-27 11:27:07,639 - root - INFO - market_data_3_创业板指             False             False             False
2026-02-27 11:27:07,639 - root - INFO - upstream_1_盛新锂能                False             False             False
2026-02-27 11:27:07,639 - root - INFO - ...                              ...               ...               ...
2026-02-27 11:27:07,639 - root - INFO - upstream_157_浪潮软件               True             False             False
2026-02-27 11:27:07,639 - root - INFO - downstream_1_比亚迪               False             False             False
2026-02-27 11:27:07,639 - root - INFO - downstream_2_长城汽车              False             False             False
2026-02-27 11:27:07,640 - root - INFO - downstream_3_长安汽车              False              True             False
2026-02-27 11:27:07,640 - root - INFO - downstream_4_上汽集团              False             False              True
2026-02-27 11:27:07,640 - root - INFO - 
2026-02-27 11:27:07,640 - root - INFO -                     upstream_69_特锐德  upstream_70_盛弘股份  upstream_71_科士达  \
2026-02-27 11:27:07,640 - root - INFO - 宁德时代                          False             False            False
2026-02-27 11:27:07,640 - root - INFO - market_data_1_上证综指            False             False            False
2026-02-27 11:27:07,640 - root - INFO - market_data_2_深证成指            False             False            False
2026-02-27 11:27:07,641 - root - INFO - market_data_3_创业板指            False             False            False
2026-02-27 11:27:07,641 - root - INFO - upstream_1_盛新锂能               False             False            False
2026-02-27 11:27:07,641 - root - INFO - ...                             ...               ...              ...
2026-02-27 11:27:07,641 - root - INFO - upstream_157_浪潮软件             False             False            False
2026-02-27 11:27:07,641 - root - INFO - downstream_1_比亚迪              False              True            False
2026-02-27 11:27:07,641 - root - INFO - downstream_2_长城汽车             False             False            False
2026-02-27 11:27:07,642 - root - INFO - downstream_3_长安汽车             False             False            False
2026-02-27 11:27:07,642 - root - INFO - downstream_4_上汽集团             False             False            False
2026-02-27 11:27:07,642 - root - INFO - 
2026-02-27 11:27:07,642 - root - INFO -                     upstream_72_通合科技  upstream_73_和顺电气  upstream_74_奥特迅  \
2026-02-27 11:27:07,642 - root - INFO - 宁德时代                           False             False            False
2026-02-27 11:27:07,643 - root - INFO - market_data_1_上证综指             False             False            False
2026-02-27 11:27:07,643 - root - INFO - market_data_2_深证成指             False             False            False
2026-02-27 11:27:07,643 - root - INFO - market_data_3_创业板指             False             False            False
2026-02-27 11:27:07,643 - root - INFO - upstream_1_盛新锂能                False             False            False
2026-02-27 11:27:07,643 - root - INFO - ...                              ...               ...              ...
2026-02-27 11:27:07,643 - root - INFO - upstream_157_浪潮软件              False             False            False
2026-02-27 11:27:07,644 - root - INFO - downstream_1_比亚迪               False             False             True
2026-02-27 11:27:07,644 - root - INFO - downstream_2_长城汽车              False             False            False
2026-02-27 11:27:07,644 - root - INFO - downstream_3_长安汽车              False             False            False
2026-02-27 11:27:07,644 - root - INFO - downstream_4_上汽集团              False              True             True
2026-02-27 11:27:07,644 - root - INFO - 
2026-02-27 11:27:07,644 - root - INFO -                     upstream_75_英可瑞  upstream_76_永贵电器  upstream_77_阳光电源  \
2026-02-27 11:27:07,644 - root - INFO - 宁德时代                          False             False             False
2026-02-27 11:27:07,645 - root - INFO - market_data_1_上证综指            False             False             False
2026-02-27 11:27:07,645 - root - INFO - market_data_2_深证成指            False             False             False
2026-02-27 11:27:07,645 - root - INFO - market_data_3_创业板指            False             False             False
2026-02-27 11:27:07,645 - root - INFO - upstream_1_盛新锂能               False             False             False
2026-02-27 11:27:07,645 - root - INFO - ...                             ...               ...               ...
2026-02-27 11:27:07,645 - root - INFO - upstream_157_浪潮软件             False             False             False
2026-02-27 11:27:07,645 - root - INFO - downstream_1_比亚迪              False              True              True
2026-02-27 11:27:07,645 - root - INFO - downstream_2_长城汽车             False             False             False
2026-02-27 11:27:07,645 - root - INFO - downstream_3_长安汽车             False             False             False
2026-02-27 11:27:07,646 - root - INFO - downstream_4_上汽集团             False             False             False
2026-02-27 11:27:07,646 - root - INFO - 
2026-02-27 11:27:07,646 - root - INFO -                     upstream_78_南都电源  upstream_79_中国电建  upstream_80_中国能建  \
2026-02-27 11:27:07,646 - root - INFO - 宁德时代                           False              True              True
2026-02-27 11:27:07,646 - root - INFO - market_data_1_上证综指             False             False             False
2026-02-27 11:27:07,646 - root - INFO - market_data_2_深证成指             False              True             False
2026-02-27 11:27:07,647 - root - INFO - market_data_3_创业板指             False              True              True
2026-02-27 11:27:07,647 - root - INFO - upstream_1_盛新锂能                False              True             False
2026-02-27 11:27:07,647 - root - INFO - ...                              ...               ...               ...
2026-02-27 11:27:07,647 - root - INFO - upstream_157_浪潮软件              False             False             False
2026-02-27 11:27:07,647 - root - INFO - downstream_1_比亚迪               False             False             False
2026-02-27 11:27:07,647 - root - INFO - downstream_2_长城汽车              False             False             False
2026-02-27 11:27:07,648 - root - INFO - downstream_3_长安汽车              False             False             False
2026-02-27 11:27:07,648 - root - INFO - downstream_4_上汽集团              False             False             False
2026-02-27 11:27:07,648 - root - INFO - 
2026-02-27 11:27:07,648 - root - INFO -                     upstream_81_平高电气  upstream_82_中天科技  upstream_83_士兰微  \
2026-02-27 11:27:07,648 - root - INFO - 宁德时代                           False             False             True
2026-02-27 11:27:07,648 - root - INFO - market_data_1_上证综指             False             False            False
2026-02-27 11:27:07,649 - root - INFO - market_data_2_深证成指             False             False            False
2026-02-27 11:27:07,649 - root - INFO - market_data_3_创业板指             False             False            False
2026-02-27 11:27:07,649 - root - INFO - upstream_1_盛新锂能                False             False             True
2026-02-27 11:27:07,649 - root - INFO - ...                              ...               ...              ...
2026-02-27 11:27:07,649 - root - INFO - upstream_157_浪潮软件              False             False            False
2026-02-27 11:27:07,649 - root - INFO - downstream_1_比亚迪               False             False             True
2026-02-27 11:27:07,650 - root - INFO - downstream_2_长城汽车              False             False             True
2026-02-27 11:27:07,650 - root - INFO - downstream_3_长安汽车              False             False            False
2026-02-27 11:27:07,650 - root - INFO - downstream_4_上汽集团              False             False             True
2026-02-27 11:27:07,650 - root - INFO - 
2026-02-27 11:27:07,650 - root - INFO -                     upstream_84_嘉化能源  upstream_85_恒顺醋业  upstream_86_祁连山  \
2026-02-27 11:27:07,650 - root - INFO - 宁德时代                           False             False            False
2026-02-27 11:27:07,650 - root - INFO - market_data_1_上证综指             False             False            False
2026-02-27 11:27:07,650 - root - INFO - market_data_2_深证成指             False             False            False
2026-02-27 11:27:07,651 - root - INFO - market_data_3_创业板指             False             False            False
2026-02-27 11:27:07,651 - root - INFO - upstream_1_盛新锂能                False             False            False
2026-02-27 11:27:07,651 - root - INFO - ...                              ...               ...              ...
2026-02-27 11:27:07,651 - root - INFO - upstream_157_浪潮软件              False              True            False
2026-02-27 11:27:07,651 - root - INFO - downstream_1_比亚迪               False             False            False
2026-02-27 11:27:07,651 - root - INFO - downstream_2_长城汽车              False             False            False
2026-02-27 11:27:07,651 - root - INFO - downstream_3_长安汽车              False             False            False
2026-02-27 11:27:07,651 - root - INFO - downstream_4_上汽集团              False              True            False
2026-02-27 11:27:07,651 - root - INFO - 
2026-02-27 11:27:07,652 - root - INFO -                     upstream_87_津膜科技  upstream_88_宁波中百  upstream_89_哈投股份  \
2026-02-27 11:27:07,652 - root - INFO - 宁德时代                           False             False             False
2026-02-27 11:27:07,652 - root - INFO - market_data_1_上证综指              True             False             False
2026-02-27 11:27:07,652 - root - INFO - market_data_2_深证成指             False             False              True
2026-02-27 11:27:07,652 - root - INFO - market_data_3_创业板指             False             False              True
2026-02-27 11:27:07,652 - root - INFO - upstream_1_盛新锂能                False             False             False
2026-02-27 11:27:07,653 - root - INFO - ...                              ...               ...               ...
2026-02-27 11:27:07,653 - root - INFO - upstream_157_浪潮软件              False             False             False
2026-02-27 11:27:07,653 - root - INFO - downstream_1_比亚迪               False             False              True
2026-02-27 11:27:07,653 - root - INFO - downstream_2_长城汽车               True             False             False
2026-02-27 11:27:07,654 - root - INFO - downstream_3_长安汽车              False             False             False
2026-02-27 11:27:07,654 - root - INFO - downstream_4_上汽集团               True              True             False
2026-02-27 11:27:07,654 - root - INFO - 
2026-02-27 11:27:07,654 - root - INFO -                     upstream_90_长江电力  upstream_91_三花智控  upstream_92_拓普集团  \
2026-02-27 11:27:07,655 - root - INFO - 宁德时代                           False             False              True
2026-02-27 11:27:07,655 - root - INFO - market_data_1_上证综指             False             False             False
2026-02-27 11:27:07,655 - root - INFO - market_data_2_深证成指              True             False             False
2026-02-27 11:27:07,655 - root - INFO - market_data_3_创业板指              True             False             False
2026-02-27 11:27:07,655 - root - INFO - upstream_1_盛新锂能                 True             False             False
2026-02-27 11:27:07,655 - root - INFO - ...                              ...               ...               ...
2026-02-27 11:27:07,655 - root - INFO - upstream_157_浪潮软件               True             False             False
2026-02-27 11:27:07,655 - root - INFO - downstream_1_比亚迪               False              True             False
2026-02-27 11:27:07,657 - root - INFO - downstream_2_长城汽车              False             False             False
2026-02-27 11:27:07,657 - root - INFO - downstream_3_长安汽车              False             False             False
2026-02-27 11:27:07,657 - root - INFO - downstream_4_上汽集团              False             False             False
2026-02-27 11:27:07,657 - root - INFO - 
2026-02-27 11:27:07,658 - root - INFO -                     upstream_93_新泉股份  upstream_94_福耀玻璃  upstream_95_华域汽车  \
2026-02-27 11:27:07,658 - root - INFO - 宁德时代                           False              True              True
2026-02-27 11:27:07,658 - root - INFO - market_data_1_上证综指             False             False             False
2026-02-27 11:27:07,658 - root - INFO - market_data_2_深证成指             False              True             False
2026-02-27 11:27:07,658 - root - INFO - market_data_3_创业板指             False              True             False
2026-02-27 11:27:07,658 - root - INFO - upstream_1_盛新锂能                False              True             False
2026-02-27 11:27:07,658 - root - INFO - ...                              ...               ...               ...
2026-02-27 11:27:07,659 - root - INFO - upstream_157_浪潮软件              False             False             False
2026-02-27 11:27:07,659 - root - INFO - downstream_1_比亚迪                True              True             False
2026-02-27 11:27:07,659 - root - INFO - downstream_2_长城汽车              False             False              True
2026-02-27 11:27:07,659 - root - INFO - downstream_3_长安汽车              False             False             False
2026-02-27 11:27:07,659 - root - INFO - downstream_4_上汽集团              False              True              True
2026-02-27 11:27:07,659 - root - INFO - 
2026-02-27 11:27:07,660 - root - INFO -                     upstream_96_贵州茅台  upstream_97_五粮液  upstream_98_中国平安  \
2026-02-27 11:27:07,660 - root - INFO - 宁德时代                           False            False             False
2026-02-27 11:27:07,660 - root - INFO - market_data_1_上证综指             False            False             False
2026-02-27 11:27:07,660 - root - INFO - market_data_2_深证成指             False            False             False
2026-02-27 11:27:07,660 - root - INFO - market_data_3_创业板指             False            False             False
2026-02-27 11:27:07,660 - root - INFO - upstream_1_盛新锂能                False            False             False
2026-02-27 11:27:07,661 - root - INFO - ...                              ...              ...               ...
2026-02-27 11:27:07,661 - root - INFO - upstream_157_浪潮软件              False             True             False
2026-02-27 11:27:07,661 - root - INFO - downstream_1_比亚迪               False            False             False
2026-02-27 11:27:07,661 - root - INFO - downstream_2_长城汽车              False            False             False
2026-02-27 11:27:07,662 - root - INFO - downstream_3_长安汽车              False            False             False
2026-02-27 11:27:07,662 - root - INFO - downstream_4_上汽集团              False            False             False
2026-02-27 11:27:07,663 - root - INFO - 
2026-02-27 11:27:07,663 - root - INFO -                     upstream_99_招商银行  upstream_100_京东方A  upstream_101_恒瑞医药  \
2026-02-27 11:27:07,663 - root - INFO - 宁德时代                           False              False              False
2026-02-27 11:27:07,664 - root - INFO - market_data_1_上证综指             False              False              False
2026-02-27 11:27:07,664 - root - INFO - market_data_2_深证成指             False              False               True
2026-02-27 11:27:07,664 - root - INFO - market_data_3_创业板指             False              False               True
2026-02-27 11:27:07,664 - root - INFO - upstream_1_盛新锂能                False              False               True
2026-02-27 11:27:07,664 - root - INFO - ...                              ...                ...                ...
2026-02-27 11:27:07,664 - root - INFO - upstream_157_浪潮软件              False              False              False
2026-02-27 11:27:07,664 - root - INFO - downstream_1_比亚迪               False              False              False
2026-02-27 11:27:07,665 - root - INFO - downstream_2_长城汽车              False              False              False
2026-02-27 11:27:07,665 - root - INFO - downstream_3_长安汽车              False              False              False
2026-02-27 11:27:07,665 - root - INFO - downstream_4_上汽集团              False              False              False
2026-02-27 11:27:07,665 - root - INFO - 
2026-02-27 11:27:07,665 - root - INFO -                     upstream_102_药明康德  upstream_103_中国建筑  upstream_104_中国铁建  \
2026-02-27 11:27:07,665 - root - INFO - 宁德时代                             True              False              False
2026-02-27 11:27:07,667 - root - INFO - market_data_1_上证综指              False              False              False
2026-02-27 11:27:07,667 - root - INFO - market_data_2_深证成指               True               True              False
2026-02-27 11:27:07,667 - root - INFO - market_data_3_创业板指              False               True               True
2026-02-27 11:27:07,668 - root - INFO - upstream_1_盛新锂能                  True               True              False
2026-02-27 11:27:07,668 - root - INFO - ...                               ...                ...                ...
2026-02-27 11:27:07,668 - root - INFO - upstream_157_浪潮软件               False              False              False
2026-02-27 11:27:07,668 - root - INFO - downstream_1_比亚迪                 True              False              False
2026-02-27 11:27:07,669 - root - INFO - downstream_2_长城汽车                True              False              False
2026-02-27 11:27:07,669 - root - INFO - downstream_3_长安汽车               False              False              False
2026-02-27 11:27:07,669 - root - INFO - downstream_4_上汽集团                True              False              False
2026-02-27 11:27:07,669 - root - INFO - 
2026-02-27 11:27:07,670 - root - INFO -                     upstream_105_中信证券  upstream_106_中国神华  upstream_107_工商银行  \
2026-02-27 11:27:07,670 - root - INFO - 宁德时代                            False               True              False
2026-02-27 11:27:07,670 - root - INFO - market_data_1_上证综指              False              False              False
2026-02-27 11:27:07,670 - root - INFO - market_data_2_深证成指              False              False              False
2026-02-27 11:27:07,671 - root - INFO - market_data_3_创业板指              False              False              False
2026-02-27 11:27:07,671 - root - INFO - upstream_1_盛新锂能                 False              False              False
2026-02-27 11:27:07,671 - root - INFO - ...                               ...                ...                ...
2026-02-27 11:27:07,672 - root - INFO - upstream_157_浪潮软件               False              False              False
2026-02-27 11:27:07,672 - root - INFO - downstream_1_比亚迪                False              False              False
2026-02-27 11:27:07,672 - root - INFO - downstream_2_长城汽车               False              False              False
2026-02-27 11:27:07,673 - root - INFO - downstream_3_长安汽车               False              False              False
2026-02-27 11:27:07,673 - root - INFO - downstream_4_上汽集团               False               True              False
2026-02-27 11:27:07,673 - root - INFO - 
2026-02-27 11:27:07,674 - root - INFO -                     upstream_108_浦发银行  upstream_109_山东黄金  upstream_110_中国银行  \
2026-02-27 11:27:07,674 - root - INFO - 宁德时代                            False              False              False
2026-02-27 11:27:07,674 - root - INFO - market_data_1_上证综指              False              False              False
2026-02-27 11:27:07,675 - root - INFO - market_data_2_深证成指              False              False              False
2026-02-27 11:27:07,675 - root - INFO - market_data_3_创业板指              False              False              False
2026-02-27 11:27:07,675 - root - INFO - upstream_1_盛新锂能                 False              False              False
2026-02-27 11:27:07,676 - root - INFO - ...                               ...                ...                ...
2026-02-27 11:27:07,676 - root - INFO - upstream_157_浪潮软件               False              False              False
2026-02-27 11:27:07,676 - root - INFO - downstream_1_比亚迪                False              False              False
2026-02-27 11:27:07,677 - root - INFO - downstream_2_长城汽车               False              False              False
2026-02-27 11:27:07,678 - root - INFO - downstream_3_长安汽车               False              False              False
2026-02-27 11:27:07,678 - root - INFO - downstream_4_上汽集团               False              False              False
2026-02-27 11:27:07,678 - root - INFO - 
2026-02-27 11:27:07,678 - root - INFO -                     upstream_111_格力电器  upstream_112_云南白药  upstream_113_中兴通讯  \
2026-02-27 11:27:07,679 - root - INFO - 宁德时代                            False               True              False
2026-02-27 11:27:07,679 - root - INFO - market_data_1_上证综指              False              False              False
2026-02-27 11:27:07,679 - root - INFO - market_data_2_深证成指              False              False              False
2026-02-27 11:27:07,679 - root - INFO - market_data_3_创业板指              False              False              False
2026-02-27 11:27:07,680 - root - INFO - upstream_1_盛新锂能                 False              False              False
2026-02-27 11:27:07,680 - root - INFO - ...                               ...                ...                ...
2026-02-27 11:27:07,680 - root - INFO - upstream_157_浪潮软件               False              False              False
2026-02-27 11:27:07,680 - root - INFO - downstream_1_比亚迪                False              False              False
2026-02-27 11:27:07,681 - root - INFO - downstream_2_长城汽车               False               True              False
2026-02-27 11:27:07,681 - root - INFO - downstream_3_长安汽车               False              False              False
2026-02-27 11:27:07,681 - root - INFO - downstream_4_上汽集团               False              False              False
2026-02-27 11:27:07,682 - root - INFO - 
2026-02-27 11:27:07,682 - root - INFO -                     upstream_114_立讯精密  upstream_115_歌尔股份  upstream_116_紫光国微  \
2026-02-27 11:27:07,682 - root - INFO - 宁德时代                            False              False              False
2026-02-27 11:27:07,682 - root - INFO - market_data_1_上证综指              False              False              False
2026-02-27 11:27:07,682 - root - INFO - market_data_2_深证成指              False              False              False
2026-02-27 11:27:07,683 - root - INFO - market_data_3_创业板指               True              False               True
2026-02-27 11:27:07,683 - root - INFO - upstream_1_盛新锂能                 False              False              False
2026-02-27 11:27:07,683 - root - INFO - ...                               ...                ...                ...
2026-02-27 11:27:07,683 - root - INFO - upstream_157_浪潮软件               False              False              False
2026-02-27 11:27:07,683 - root - INFO - downstream_1_比亚迪                 True              False              False
2026-02-27 11:27:07,683 - root - INFO - downstream_2_长城汽车               False               True              False
2026-02-27 11:27:07,684 - root - INFO - downstream_3_长安汽车               False              False              False
2026-02-27 11:27:07,684 - root - INFO - downstream_4_上汽集团               False               True              False
2026-02-27 11:27:07,684 - root - INFO - 
2026-02-27 11:27:07,684 - root - INFO -                     upstream_117_晶方科技  upstream_118_兆易创新  upstream_119_长飞光纤  \
2026-02-27 11:27:07,684 - root - INFO - 宁德时代                            False              False              False
2026-02-27 11:27:07,684 - root - INFO - market_data_1_上证综指              False              False              False
2026-02-27 11:27:07,685 - root - INFO - market_data_2_深证成指              False              False              False
2026-02-27 11:27:07,685 - root - INFO - market_data_3_创业板指               True              False              False
2026-02-27 11:27:07,685 - root - INFO - upstream_1_盛新锂能                 False              False              False
2026-02-27 11:27:07,685 - root - INFO - ...                               ...                ...                ...
2026-02-27 11:27:07,687 - root - INFO - upstream_157_浪潮软件               False              False              False
2026-02-27 11:27:07,687 - root - INFO - downstream_1_比亚迪                 True              False              False
2026-02-27 11:27:07,687 - root - INFO - downstream_2_长城汽车                True               True              False
2026-02-27 11:27:07,687 - root - INFO - downstream_3_长安汽车                True              False              False
2026-02-27 11:27:07,688 - root - INFO - downstream_4_上汽集团               False               True              False
2026-02-27 11:27:07,688 - root - INFO - 
2026-02-27 11:27:07,689 - root - INFO -                     upstream_120_洛阳钼业  upstream_121_长飞光纤  upstream_122_澜起科技  \
2026-02-27 11:27:07,689 - root - INFO - 宁德时代                            False              False              False
2026-02-27 11:27:07,689 - root - INFO - market_data_1_上证综指              False              False               True
2026-02-27 11:27:07,689 - root - INFO - market_data_2_深证成指              False              False              False
2026-02-27 11:27:07,690 - root - INFO - market_data_3_创业板指              False              False              False
2026-02-27 11:27:07,690 - root - INFO - upstream_1_盛新锂能                 False              False              False
2026-02-27 11:27:07,690 - root - INFO - ...                               ...                ...                ...
2026-02-27 11:27:07,691 - root - INFO - upstream_157_浪潮软件               False              False              False
2026-02-27 11:27:07,691 - root - INFO - downstream_1_比亚迪                False              False              False
2026-02-27 11:27:07,691 - root - INFO - downstream_2_长城汽车               False              False              False
2026-02-27 11:27:07,692 - root - INFO - downstream_3_长安汽车               False              False              False
2026-02-27 11:27:07,692 - root - INFO - downstream_4_上汽集团               False              False               True
2026-02-27 11:27:07,692 - root - INFO - 
2026-02-27 11:27:07,692 - root - INFO -                     upstream_123_万集科技  upstream_124_雪峰科技  upstream_125_福耀玻璃  \
2026-02-27 11:27:07,693 - root - INFO - 宁德时代                            False              False               True
2026-02-27 11:27:07,693 - root - INFO - market_data_1_上证综指              False              False              False
2026-02-27 11:27:07,693 - root - INFO - market_data_2_深证成指              False              False               True
2026-02-27 11:27:07,693 - root - INFO - market_data_3_创业板指              False              False               True
2026-02-27 11:27:07,694 - root - INFO - upstream_1_盛新锂能                 False              False               True
2026-02-27 11:27:07,694 - root - INFO - ...                               ...                ...                ...
2026-02-27 11:27:07,694 - root - INFO - upstream_157_浪潮软件                True              False              False
2026-02-27 11:27:07,694 - root - INFO - downstream_1_比亚迪                False              False               True
2026-02-27 11:27:07,695 - root - INFO - downstream_2_长城汽车               False              False              False
2026-02-27 11:27:07,695 - root - INFO - downstream_3_长安汽车               False              False              False
2026-02-27 11:27:07,695 - root - INFO - downstream_4_上汽集团               False              False               True
2026-02-27 11:27:07,695 - root - INFO - 
2026-02-27 11:27:07,695 - root - INFO -                     upstream_126_新筑股份  upstream_127_华贸物流  upstream_128_卫士通  \
2026-02-27 11:27:07,695 - root - INFO - 宁德时代                            False               True             False
2026-02-27 11:27:07,696 - root - INFO - market_data_1_上证综指              False              False              True
2026-02-27 11:27:07,696 - root - INFO - market_data_2_深证成指               True               True             False
2026-02-27 11:27:07,696 - root - INFO - market_data_3_创业板指               True               True             False
2026-02-27 11:27:07,696 - root - INFO - upstream_1_盛新锂能                 False              False             False
2026-02-27 11:27:07,696 - root - INFO - ...                               ...                ...               ...
2026-02-27 11:27:07,696 - root - INFO - upstream_157_浪潮软件               False              False             False
2026-02-27 11:27:07,697 - root - INFO - downstream_1_比亚迪                 True               True             False
2026-02-27 11:27:07,697 - root - INFO - downstream_2_长城汽车                True              False             False
2026-02-27 11:27:07,697 - root - INFO - downstream_3_长安汽车               False               True             False
2026-02-27 11:27:07,697 - root - INFO - downstream_4_上汽集团               False              False             False
2026-02-27 11:27:07,697 - root - INFO - 
2026-02-27 11:27:07,697 - root - INFO -                     upstream_129_浪潮信息  upstream_130_科大讯飞  upstream_131_深南电路  \
2026-02-27 11:27:07,697 - root - INFO - 宁德时代                            False              False              False
2026-02-27 11:27:07,698 - root - INFO - market_data_1_上证综指              False              False              False
2026-02-27 11:27:07,698 - root - INFO - market_data_2_深证成指              False              False              False
2026-02-27 11:27:07,698 - root - INFO - market_data_3_创业板指              False              False              False
2026-02-27 11:27:07,698 - root - INFO - upstream_1_盛新锂能                 False              False              False
2026-02-27 11:27:07,698 - root - INFO - ...                               ...                ...                ...
2026-02-27 11:27:07,698 - root - INFO - upstream_157_浪潮软件               False              False              False
2026-02-27 11:27:07,699 - root - INFO - downstream_1_比亚迪                False              False              False
2026-02-27 11:27:07,699 - root - INFO - downstream_2_长城汽车               False              False              False
2026-02-27 11:27:07,699 - root - INFO - downstream_3_长安汽车               False              False              False
2026-02-27 11:27:07,699 - root - INFO - downstream_4_上汽集团               False              False              False
2026-02-27 11:27:07,699 - root - INFO - 
2026-02-27 11:27:07,699 - root - INFO -                     upstream_132_闻泰科技  upstream_133_生益科技  upstream_134_士兰微  \
2026-02-27 11:27:07,700 - root - INFO - 宁德时代                            False              False              True
2026-02-27 11:27:07,700 - root - INFO - market_data_1_上证综指              False              False             False
2026-02-27 11:27:07,700 - root - INFO - market_data_2_深证成指              False              False             False
2026-02-27 11:27:07,700 - root - INFO - market_data_3_创业板指              False              False             False
2026-02-27 11:27:07,700 - root - INFO - upstream_1_盛新锂能                 False              False              True
2026-02-27 11:27:07,700 - root - INFO - ...                               ...                ...               ...
2026-02-27 11:27:07,701 - root - INFO - upstream_157_浪潮软件               False              False             False
2026-02-27 11:27:07,701 - root - INFO - downstream_1_比亚迪                False              False              True
2026-02-27 11:27:07,701 - root - INFO - downstream_2_长城汽车               False              False              True
2026-02-27 11:27:07,701 - root - INFO - downstream_3_长安汽车               False              False             False
2026-02-27 11:27:07,701 - root - INFO - downstream_4_上汽集团                True              False              True
2026-02-27 11:27:07,701 - root - INFO - 
2026-02-27 11:27:07,702 - root - INFO -                     upstream_135_恒顺醋业  upstream_136_新安股份  upstream_137_青岛海尔  \
2026-02-27 11:27:07,702 - root - INFO - 宁德时代                            False              False              False
2026-02-27 11:27:07,702 - root - INFO - market_data_1_上证综指              False              False              False
2026-02-27 11:27:07,702 - root - INFO - market_data_2_深证成指              False              False              False
2026-02-27 11:27:07,702 - root - INFO - market_data_3_创业板指              False              False              False
2026-02-27 11:27:07,703 - root - INFO - upstream_1_盛新锂能                 False               True              False
2026-02-27 11:27:07,703 - root - INFO - ...                               ...                ...                ...
2026-02-27 11:27:07,703 - root - INFO - upstream_157_浪潮软件                True              False              False
2026-02-27 11:27:07,703 - root - INFO - downstream_1_比亚迪                False               True              False
2026-02-27 11:27:07,703 - root - INFO - downstream_2_长城汽车               False              False              False
2026-02-27 11:27:07,703 - root - INFO - downstream_3_长安汽车               False              False              False
2026-02-27 11:27:07,703 - root - INFO - downstream_4_上汽集团                True               True               True
2026-02-27 11:27:07,704 - root - INFO - 
2026-02-27 11:27:07,704 - root - INFO -                     upstream_138_绿地控股  upstream_139_山西汾酒  upstream_140_厦门钨业  \
2026-02-27 11:27:07,704 - root - INFO - 宁德时代                             True              False              False
2026-02-27 11:27:07,704 - root - INFO - market_data_1_上证综指               True              False              False
2026-02-27 11:27:07,705 - root - INFO - market_data_2_深证成指              False              False              False
2026-02-27 11:27:07,705 - root - INFO - market_data_3_创业板指               True              False              False
2026-02-27 11:27:07,705 - root - INFO - upstream_1_盛新锂能                  True              False              False
2026-02-27 11:27:07,705 - root - INFO - ...                               ...                ...                ...
2026-02-27 11:27:07,705 - root - INFO - upstream_157_浪潮软件               False               True              False
2026-02-27 11:27:07,705 - root - INFO - downstream_1_比亚迪                False              False              False
2026-02-27 11:27:07,705 - root - INFO - downstream_2_长城汽车               False              False              False
2026-02-27 11:27:07,706 - root - INFO - downstream_3_长安汽车               False              False              False
2026-02-27 11:27:07,706 - root - INFO - downstream_4_上汽集团               False              False              False
2026-02-27 11:27:07,706 - root - INFO - 
2026-02-27 11:27:07,706 - root - INFO -                     upstream_141_恒瑞医药  upstream_142_招商银行  upstream_143_特变电工  \
2026-02-27 11:27:07,706 - root - INFO - 宁德时代                            False              False              False
2026-02-27 11:27:07,706 - root - INFO - market_data_1_上证综指              False              False              False
2026-02-27 11:27:07,707 - root - INFO - market_data_2_深证成指               True              False              False
2026-02-27 11:27:07,707 - root - INFO - market_data_3_创业板指               True              False              False
2026-02-27 11:27:07,707 - root - INFO - upstream_1_盛新锂能                  True              False               True
2026-02-27 11:27:07,707 - root - INFO - ...                               ...                ...                ...
2026-02-27 11:27:07,707 - root - INFO - upstream_157_浪潮软件               False              False              False
2026-02-27 11:27:07,708 - root - INFO - downstream_1_比亚迪                False              False              False
2026-02-27 11:27:07,708 - root - INFO - downstream_2_长城汽车               False              False              False
2026-02-27 11:27:07,708 - root - INFO - downstream_3_长安汽车               False              False              False
2026-02-27 11:27:07,708 - root - INFO - downstream_4_上汽集团               False              False              False
2026-02-27 11:27:07,708 - root - INFO - 
2026-02-27 11:27:07,708 - root - INFO -                     upstream_144_上汽集团  upstream_145_五粮液  upstream_146_比亚迪  \
2026-02-27 11:27:07,709 - root - INFO - 宁德时代                            False             False             False
2026-02-27 11:27:07,709 - root - INFO - market_data_1_上证综指              False             False             False
2026-02-27 11:27:07,709 - root - INFO - market_data_2_深证成指              False             False             False
2026-02-27 11:27:07,709 - root - INFO - market_data_3_创业板指              False             False             False
2026-02-27 11:27:07,709 - root - INFO - upstream_1_盛新锂能                 False             False             False
2026-02-27 11:27:07,710 - root - INFO - ...                               ...               ...               ...
2026-02-27 11:27:07,710 - root - INFO - upstream_157_浪潮软件               False              True             False
2026-02-27 11:27:07,710 - root - INFO - downstream_1_比亚迪                 True             False             False
2026-02-27 11:27:07,710 - root - INFO - downstream_2_长城汽车               False             False             False
2026-02-27 11:27:07,710 - root - INFO - downstream_3_长安汽车               False             False             False
2026-02-27 11:27:07,710 - root - INFO - downstream_4_上汽集团               False             False              True
2026-02-27 11:27:07,711 - root - INFO - 
2026-02-27 11:27:07,711 - root - INFO -                     upstream_147_长城汽车  upstream_148_北方稀土  upstream_149_雅化集团  \
2026-02-27 11:27:07,711 - root - INFO - 宁德时代                             True              False              False
2026-02-27 11:27:07,711 - root - INFO - market_data_1_上证综指              False               True               True
2026-02-27 11:27:07,711 - root - INFO - market_data_2_深证成指              False              False               True
2026-02-27 11:27:07,711 - root - INFO - market_data_3_创业板指              False              False              False
2026-02-27 11:27:07,711 - root - INFO - upstream_1_盛新锂能                 False               True              False
2026-02-27 11:27:07,711 - root - INFO - ...                               ...                ...                ...
2026-02-27 11:27:07,711 - root - INFO - upstream_157_浪潮软件               False              False              False
2026-02-27 11:27:07,712 - root - INFO - downstream_1_比亚迪                False              False              False
2026-02-27 11:27:07,712 - root - INFO - downstream_2_长城汽车               False              False              False
2026-02-27 11:27:07,712 - root - INFO - downstream_3_长安汽车               False              False              False
2026-02-27 11:27:07,712 - root - INFO - downstream_4_上汽集团                True               True              False
2026-02-27 11:27:07,712 - root - INFO - 
2026-02-27 11:27:07,712 - root - INFO -                     upstream_150_浪潮软件  upstream_151_长江电力  upstream_152_上证综指  \
2026-02-27 11:27:07,713 - root - INFO - 宁德时代                            False              False               True
2026-02-27 11:27:07,713 - root - INFO - market_data_1_上证综指              False              False              False
2026-02-27 11:27:07,713 - root - INFO - market_data_2_深证成指              False               True              False
2026-02-27 11:27:07,713 - root - INFO - market_data_3_创业板指               True               True              False
2026-02-27 11:27:07,713 - root - INFO - upstream_1_盛新锂能                 False               True              False
2026-02-27 11:27:07,713 - root - INFO - ...                               ...                ...                ...
2026-02-27 11:27:07,713 - root - INFO - upstream_157_浪潮软件               False               True              False
2026-02-27 11:27:07,714 - root - INFO - downstream_1_比亚迪                False              False              False
2026-02-27 11:27:07,714 - root - INFO - downstream_2_长城汽车               False              False              False
2026-02-27 11:27:07,714 - root - INFO - downstream_3_长安汽车               False              False              False
2026-02-27 11:27:07,714 - root - INFO - downstream_4_上汽集团               False              False               True
2026-02-27 11:27:07,714 - root - INFO - 
2026-02-27 11:27:07,714 - root - INFO -                     upstream_153_中国石油  upstream_154_中国长城  upstream_155_中直股份  \
2026-02-27 11:27:07,715 - root - INFO - 宁德时代                            False              False              False
2026-02-27 11:27:07,715 - root - INFO - market_data_1_上证综指              False              False              False
2026-02-27 11:27:07,715 - root - INFO - market_data_2_深证成指              False              False              False
2026-02-27 11:27:07,715 - root - INFO - market_data_3_创业板指              False              False              False
2026-02-27 11:27:07,715 - root - INFO - upstream_1_盛新锂能                 False              False              False
2026-02-27 11:27:07,715 - root - INFO - ...                               ...                ...                ...
2026-02-27 11:27:07,715 - root - INFO - upstream_157_浪潮软件               False              False              False
2026-02-27 11:27:07,715 - root - INFO - downstream_1_比亚迪                False              False              False
2026-02-27 11:27:07,715 - root - INFO - downstream_2_长城汽车               False              False              False
2026-02-27 11:27:07,717 - root - INFO - downstream_3_长安汽车               False              False               True
2026-02-27 11:27:07,717 - root - INFO - downstream_4_上汽集团               False              False              False
2026-02-27 11:27:07,717 - root - INFO - 
2026-02-27 11:27:07,717 - root - INFO -                     upstream_156_明星电力  upstream_157_浪潮软件  downstream_1_比亚迪  \
2026-02-27 11:27:07,717 - root - INFO - 宁德时代                            False              False             False
2026-02-27 11:27:07,718 - root - INFO - market_data_1_上证综指              False              False             False
2026-02-27 11:27:07,718 - root - INFO - market_data_2_深证成指               True              False             False
2026-02-27 11:27:07,718 - root - INFO - market_data_3_创业板指               True               True             False
2026-02-27 11:27:07,718 - root - INFO - upstream_1_盛新锂能                 False              False             False
2026-02-27 11:27:07,718 - root - INFO - ...                               ...                ...               ...
2026-02-27 11:27:07,718 - root - INFO - upstream_157_浪潮软件               False              False             False
2026-02-27 11:27:07,718 - root - INFO - downstream_1_比亚迪                False              False             False
2026-02-27 11:27:07,719 - root - INFO - downstream_2_长城汽车               False              False             False
2026-02-27 11:27:07,719 - root - INFO - downstream_3_长安汽车               False              False             False
2026-02-27 11:27:07,719 - root - INFO - downstream_4_上汽集团               False              False              True
2026-02-27 11:27:07,719 - root - INFO - 
2026-02-27 11:27:07,720 - root - INFO -                     downstream_2_长城汽车  downstream_3_长安汽车  downstream_4_上汽集团
2026-02-27 11:27:07,720 - root - INFO - 宁德时代                             True              False              False
2026-02-27 11:27:07,720 - root - INFO - market_data_1_上证综指              False              False              False
2026-02-27 11:27:07,720 - root - INFO - market_data_2_深证成指              False              False              False
2026-02-27 11:27:07,720 - root - INFO - market_data_3_创业板指              False              False              False
2026-02-27 11:27:07,721 - root - INFO - upstream_1_盛新锂能                 False               True              False
2026-02-27 11:27:07,721 - root - INFO - ...                               ...                ...                ...
2026-02-27 11:27:07,721 - root - INFO - upstream_157_浪潮软件               False              False              False
2026-02-27 11:27:07,721 - root - INFO - downstream_1_比亚迪                False              False               True
2026-02-27 11:27:07,721 - root - INFO - downstream_2_长城汽车               False              False              False
2026-02-27 11:27:07,722 - root - INFO - downstream_3_长安汽车               False              False              False
2026-02-27 11:27:07,722 - root - INFO - downstream_4_上汽集团                True              False              False
2026-02-27 11:27:07,722 - root - INFO - 
2026-02-27 11:27:07,722 - root - INFO - [165 rows x 165 columns]
2026-02-27 11:27:07,722 - root - INFO - 影响目标变量的因果变量为：
2026-02-27 11:27:07,723 - root - INFO - ['downstream_1_比亚迪', 'downstream_2_长城汽车', 'downstream_3_长安汽车', 'downstream_4_上汽集团', 'market_data_1_上证综指', 'market_data_2_深证成指', 'market_data_3_创业板指', 'upstream_100_京东方A', 'upstream_101_恒瑞医药', 'upstream_102_药明康德', 'upstream_103_中国建筑', 'upstream_104_中国铁建', 'upstream_105_中信证券', 'upstream_106_中国神华', 'upstream_107_工商银行', 'upstream_108_浦发银行', 'upstream_109_山东黄金', 'upstream_10_宁波韵升', 'upstream_110_中国银行', 'upstream_111_格力电器', 'upstream_112_云南白药', 'upstream_113_中兴通讯', 'upstream_114_立讯精密', 'upstream_115_歌尔股份', 'upstream_116_紫光国微', 'upstream_117_晶方科技', 'upstream_118_兆易创新', 'upstream_119_长飞光纤', 'upstream_11_中国卫星', 'upstream_120_洛阳钼业', 'upstream_121_长飞光纤', 'upstream_122_澜起科技', 'upstream_123_万集科技', 'upstream_124_雪峰科技', 'upstream_125_福耀玻璃', 'upstream_126_新筑股份', 'upstream_127_华贸物流', 'upstream_128_卫士通', 'upstream_129_浪潮信息', 'upstream_12_贵研铂业', 'upstream_130_科大讯飞', 'upstream_131_深南电路', 'upstream_132_闻泰科技', 'upstream_133_生益科技', 'upstream_134_士兰微', 'upstream_135_恒顺醋业', 'upstream_136_新安股份', 'upstream_137_青岛海尔', 'upstream_138_绿地控股', 'upstream_139_山西汾酒', 'upstream_13_北方稀土', 'upstream_140_厦门钨业', 'upstream_141_恒瑞医药', 'upstream_142_招商银行', 'upstream_143_特变电工', 'upstream_144_上汽集团', 'upstream_145_五粮液', 'upstream_146_比亚迪', 'upstream_147_长城汽车', 'upstream_148_北方稀土', 'upstream_149_雅化集团', 'upstream_14_盛和资源', 'upstream_150_浪潮软件', 'upstream_151_长江电力', 'upstream_152_上证综指', 'upstream_153_中国石油', 'upstream_154_中国长城', 'upstream_155_中直股份', 'upstream_156_明星电力', 'upstream_157_浪潮软件', 'upstream_15_南山铝业', 'upstream_16_江西铜业', 'upstream_17_中国铝业', 'upstream_18_雅化集团', 'upstream_19_瑞泰科技', 'upstream_1_盛新锂能', 'upstream_20_方大炭素', 'upstream_21_鹏辉能源', 'upstream_22_德方纳米', 'upstream_23_天华新能', 'upstream_24_容百科技', 'upstream_25_璞泰来', 'upstream_26_杉杉股份', 'upstream_27_诺德股份', 'upstream_28_天赐材料', 'upstream_29_多氟多', 'upstream_2_天齐锂业', 'upstream_30_星源材质', 'upstream_31_先导智能', 'upstream_32_迈为股份', 'upstream_33_正业科技', 'upstream_34_罗博特科', 'upstream_35_永太科技', 'upstream_36_奥特维', 'upstream_37_派能科技', 'upstream_38_振江股份', 'upstream_39_欣锐科技', 'upstream_3_赣锋锂业', 'upstream_40_视源股份', 'upstream_41_德赛西威', 'upstream_42_当升科技', 'upstream_43_格林美', 'upstream_44_富临精工', 'upstream_45_中科三环', 'upstream_46_凯恩股份', 'upstream_47_新宙邦', 'upstream_48_中材科技', 'upstream_49_新纶新材', 'upstream_4_川恒股份', 'upstream_50_翔丰华', 'upstream_51_国轩高科', 'upstream_52_上海港湾', 'upstream_53_航天电子', 'upstream_54_普天科技', 'upstream_55_上海瀚讯', 'upstream_56_中科星图', 'upstream_57_光迅科技', 'upstream_58_海格通信', 'upstream_59_开普云', 'upstream_5_盐湖股份', 'upstream_60_亿利洁能', 'upstream_61_特变电工', 'upstream_62_隆基绿能', 'upstream_63_卧龙电驱', 'upstream_64_方正电机', 'upstream_65_大洋电机', 'upstream_66_汇川技术', 'upstream_67_蓝海华腾', 'upstream_68_禾望电气', 'upstream_69_特锐德', 'upstream_6_中远海控', 'upstream_70_盛弘股份', 'upstream_71_科士达', 'upstream_72_通合科技', 'upstream_73_和顺电气', 'upstream_74_奥特迅', 'upstream_75_英可瑞', 'upstream_76_永贵电器', 'upstream_77_阳光电源', 'upstream_78_南都电源', 'upstream_79_中国电建', 'upstream_7_湘潭电化', 'upstream_80_中国能建', 'upstream_81_平高电气', 'upstream_82_中天科技', 'upstream_83_士兰微', 'upstream_84_嘉化能源', 'upstream_85_恒顺醋业', 'upstream_86_祁连山', 'upstream_87_津膜科技', 'upstream_88_宁波中百', 'upstream_89_哈投股份', 'upstream_8_华友钴业', 'upstream_90_长江电力', 'upstream_91_三花智控', 'upstream_92_拓普集团', 'upstream_93_新泉股份', 'upstream_94_福耀玻璃', 'upstream_95_华域汽车', 'upstream_96_贵州茅台', 'upstream_97_五粮液', 'upstream_98_中国平安', 'upstream_99_招商银行', 'upstream_9_西藏珠峰', '宁德时代']
2026-02-27 11:27:42,734 - root - INFO - 
2026-02-27 11:27:42,734 - root - INFO - ============================================================
2026-02-27 11:27:42,735 - root - INFO - Causal-TSF Run 1/5 Starting...
2026-02-27 11:27:42,735 - root - INFO - ============================================================
2026-02-27 11:27:44,618 - root - INFO - Best model saved at epoch 1 with validation R2: 0.0056
2026-02-27 11:27:44,620 - root - INFO - Epoch [1/10000],
2026-02-27 11:27:44,620 - root - INFO - Train Results | R²: 0.0004 | RMSE: 0.9683 | IC: 0.8551 | RankIC: 0.8540
2026-02-27 11:27:44,620 - root - INFO - Valid Results | R²: 0.0056 | RMSE: 0.9897 | IC: 0.8266 | RankIC: 0.7193
2026-02-27 11:27:44,652 - root - INFO - Best model saved at epoch 2 with validation R2: 0.0064
2026-02-27 11:27:44,652 - root - INFO - Epoch [2/10000],
2026-02-27 11:27:44,653 - root - INFO - Train Results | R²: 0.0028 | RMSE: 0.9672 | IC: 0.8773 | RankIC: 0.8649
2026-02-27 11:27:44,653 - root - INFO - Valid Results | R²: 0.0064 | RMSE: 0.9893 | IC: 0.8477 | RankIC: 0.7684
2026-02-27 11:27:44,694 - root - INFO - Best model saved at epoch 3 with validation R2: 0.0074
2026-02-27 11:27:44,694 - root - INFO - Epoch [3/10000],
2026-02-27 11:27:44,695 - root - INFO - Train Results | R²: 0.0046 | RMSE: 0.9663 | IC: 0.8886 | RankIC: 0.8613
2026-02-27 11:27:44,695 - root - INFO - Valid Results | R²: 0.0074 | RMSE: 0.9888 | IC: 0.8900 | RankIC: 0.8123
2026-02-27 11:27:44,724 - root - INFO - Best model saved at epoch 4 with validation R2: 0.0085
2026-02-27 11:27:44,725 - root - INFO - Epoch [4/10000],
2026-02-27 11:27:44,725 - root - INFO - Train Results | R²: 0.0061 | RMSE: 0.9656 | IC: 0.9173 | RankIC: 0.9149
2026-02-27 11:27:44,725 - root - INFO - Valid Results | R²: 0.0085 | RMSE: 0.9883 | IC: 0.8720 | RankIC: 0.8070
2026-02-27 11:27:44,756 - root - INFO - Best model saved at epoch 5 with validation R2: 0.0091
2026-02-27 11:27:44,756 - root - INFO - Epoch [5/10000],
2026-02-27 11:27:44,757 - root - INFO - Train Results | R²: 0.0075 | RMSE: 0.9649 | IC: 0.9055 | RankIC: 0.8954
2026-02-27 11:27:44,757 - root - INFO - Valid Results | R²: 0.0091 | RMSE: 0.9880 | IC: 0.8888 | RankIC: 0.8228
2026-02-27 11:27:44,791 - root - INFO - Best model saved at epoch 6 with validation R2: 0.0099
2026-02-27 11:27:44,792 - root - INFO - Epoch [6/10000],
2026-02-27 11:27:44,792 - root - INFO - Train Results | R²: 0.0091 | RMSE: 0.9641 | IC: 0.9181 | RankIC: 0.9161
2026-02-27 11:27:44,792 - root - INFO - Valid Results | R²: 0.0099 | RMSE: 0.9876 | IC: 0.8832 | RankIC: 0.8333
2026-02-27 11:27:44,822 - root - INFO - Best model saved at epoch 7 with validation R2: 0.0107
2026-02-27 11:27:44,822 - root - INFO - Epoch [7/10000],
2026-02-27 11:27:44,822 - root - INFO - Train Results | R²: 0.0110 | RMSE: 0.9632 | IC: 0.9191 | RankIC: 0.9161
2026-02-27 11:27:44,823 - root - INFO - Valid Results | R²: 0.0107 | RMSE: 0.9872 | IC: 0.8849 | RankIC: 0.8596
2026-02-27 11:27:44,855 - root - INFO - Best model saved at epoch 8 with validation R2: 0.0111
2026-02-27 11:27:44,855 - root - INFO - Epoch [8/10000],
2026-02-27 11:27:44,856 - root - INFO - Train Results | R²: 0.0126 | RMSE: 0.9624 | IC: 0.9117 | RankIC: 0.9097
2026-02-27 11:27:44,856 - root - INFO - Valid Results | R²: 0.0111 | RMSE: 0.9870 | IC: 0.8816 | RankIC: 0.8368
2026-02-27 11:27:44,884 - root - INFO - Best model saved at epoch 9 with validation R2: 0.0120
2026-02-27 11:27:44,885 - root - INFO - Epoch [9/10000],
2026-02-27 11:27:44,885 - root - INFO - Train Results | R²: 0.0144 | RMSE: 0.9615 | IC: 0.9225 | RankIC: 0.9265
2026-02-27 11:27:44,885 - root - INFO - Valid Results | R²: 0.0120 | RMSE: 0.9865 | IC: 0.8997 | RankIC: 0.8614
2026-02-27 11:27:44,915 - root - INFO - Best model saved at epoch 10 with validation R2: 0.0129
2026-02-27 11:27:44,916 - root - INFO - Epoch [10/10000],
2026-02-27 11:27:44,916 - root - INFO - Train Results | R²: 0.0161 | RMSE: 0.9607 | IC: 0.9219 | RankIC: 0.9260
2026-02-27 11:27:44,916 - root - INFO - Valid Results | R²: 0.0129 | RMSE: 0.9861 | IC: 0.9011 | RankIC: 0.8281
2026-02-27 11:27:44,950 - root - INFO - Best model saved at epoch 11 with validation R2: 0.0142
2026-02-27 11:27:44,950 - root - INFO - Epoch [11/10000],
2026-02-27 11:27:44,950 - root - INFO - Train Results | R²: 0.0177 | RMSE: 0.9599 | IC: 0.9267 | RankIC: 0.9229
2026-02-27 11:27:44,950 - root - INFO - Valid Results | R²: 0.0142 | RMSE: 0.9854 | IC: 0.9101 | RankIC: 0.8807
2026-02-27 11:27:44,983 - root - INFO - Best model saved at epoch 12 with validation R2: 0.0154
2026-02-27 11:27:44,984 - root - INFO - Epoch [12/10000],
2026-02-27 11:27:44,984 - root - INFO - Train Results | R²: 0.0196 | RMSE: 0.9590 | IC: 0.9245 | RankIC: 0.9104
2026-02-27 11:27:44,984 - root - INFO - Valid Results | R²: 0.0154 | RMSE: 0.9848 | IC: 0.9000 | RankIC: 0.8579
2026-02-27 11:27:45,029 - root - INFO - Best model saved at epoch 13 with validation R2: 0.0164
2026-02-27 11:27:45,029 - root - INFO - Epoch [13/10000],
2026-02-27 11:27:45,029 - root - INFO - Train Results | R²: 0.0221 | RMSE: 0.9578 | IC: 0.9201 | RankIC: 0.9161
2026-02-27 11:27:45,029 - root - INFO - Valid Results | R²: 0.0164 | RMSE: 0.9843 | IC: 0.9087 | RankIC: 0.8877
2026-02-27 11:27:45,060 - root - INFO - Best model saved at epoch 14 with validation R2: 0.0179
2026-02-27 11:27:45,060 - root - INFO - Epoch [14/10000],
2026-02-27 11:27:45,060 - root - INFO - Train Results | R²: 0.0242 | RMSE: 0.9567 | IC: 0.9321 | RankIC: 0.9350
2026-02-27 11:27:45,060 - root - INFO - Valid Results | R²: 0.0179 | RMSE: 0.9836 | IC: 0.9137 | RankIC: 0.8860
2026-02-27 11:27:45,085 - root - INFO - Best model saved at epoch 15 with validation R2: 0.0193
2026-02-27 11:27:45,085 - root - INFO - Epoch [15/10000],
2026-02-27 11:27:45,085 - root - INFO - Train Results | R²: 0.0260 | RMSE: 0.9559 | IC: 0.9178 | RankIC: 0.9137
2026-02-27 11:27:45,087 - root - INFO - Valid Results | R²: 0.0193 | RMSE: 0.9828 | IC: 0.9109 | RankIC: 0.8860
2026-02-27 11:27:45,117 - root - INFO - Best model saved at epoch 16 with validation R2: 0.0208
2026-02-27 11:27:45,117 - root - INFO - Epoch [16/10000],
2026-02-27 11:27:45,117 - root - INFO - Train Results | R²: 0.0286 | RMSE: 0.9546 | IC: 0.9252 | RankIC: 0.9132
2026-02-27 11:27:45,117 - root - INFO - Valid Results | R²: 0.0208 | RMSE: 0.9821 | IC: 0.9071 | RankIC: 0.9035
2026-02-27 11:27:45,151 - root - INFO - Best model saved at epoch 17 with validation R2: 0.0220
2026-02-27 11:27:45,151 - root - INFO - Epoch [17/10000],
2026-02-27 11:27:45,151 - root - INFO - Train Results | R²: 0.0320 | RMSE: 0.9529 | IC: 0.9255 | RankIC: 0.9251
2026-02-27 11:27:45,151 - root - INFO - Valid Results | R²: 0.0220 | RMSE: 0.9815 | IC: 0.9093 | RankIC: 0.9158
2026-02-27 11:27:45,181 - root - INFO - Best model saved at epoch 18 with validation R2: 0.0238
2026-02-27 11:27:45,181 - root - INFO - Epoch [18/10000],
2026-02-27 11:27:45,182 - root - INFO - Train Results | R²: 0.0339 | RMSE: 0.9520 | IC: 0.9230 | RankIC: 0.9237
2026-02-27 11:27:45,182 - root - INFO - Valid Results | R²: 0.0238 | RMSE: 0.9806 | IC: 0.9078 | RankIC: 0.8965
2026-02-27 11:27:45,212 - root - INFO - Best model saved at epoch 19 with validation R2: 0.0253
2026-02-27 11:27:45,212 - root - INFO - Epoch [19/10000],
2026-02-27 11:27:45,213 - root - INFO - Train Results | R²: 0.0372 | RMSE: 0.9503 | IC: 0.9267 | RankIC: 0.9218
2026-02-27 11:27:45,213 - root - INFO - Valid Results | R²: 0.0253 | RMSE: 0.9799 | IC: 0.9081 | RankIC: 0.8684
2026-02-27 11:27:45,243 - root - INFO - Best model saved at epoch 20 with validation R2: 0.0272
2026-02-27 11:27:45,243 - root - INFO - Epoch [20/10000],
2026-02-27 11:27:45,243 - root - INFO - Train Results | R²: 0.0397 | RMSE: 0.9491 | IC: 0.9190 | RankIC: 0.9142
2026-02-27 11:27:45,244 - root - INFO - Valid Results | R²: 0.0272 | RMSE: 0.9789 | IC: 0.9126 | RankIC: 0.9000
2026-02-27 11:27:45,277 - root - INFO - Best model saved at epoch 21 with validation R2: 0.0296
2026-02-27 11:27:45,277 - root - INFO - Epoch [21/10000],
2026-02-27 11:27:45,277 - root - INFO - Train Results | R²: 0.0435 | RMSE: 0.9473 | IC: 0.9260 | RankIC: 0.9277
2026-02-27 11:27:45,277 - root - INFO - Valid Results | R²: 0.0296 | RMSE: 0.9777 | IC: 0.9043 | RankIC: 0.8930
2026-02-27 11:27:45,318 - root - INFO - Best model saved at epoch 22 with validation R2: 0.0318
2026-02-27 11:27:45,318 - root - INFO - Epoch [22/10000],
2026-02-27 11:27:45,318 - root - INFO - Train Results | R²: 0.0473 | RMSE: 0.9454 | IC: 0.9295 | RankIC: 0.9248
2026-02-27 11:27:45,318 - root - INFO - Valid Results | R²: 0.0318 | RMSE: 0.9766 | IC: 0.9086 | RankIC: 0.8947
2026-02-27 11:27:45,346 - root - INFO - Best model saved at epoch 23 with validation R2: 0.0337
2026-02-27 11:27:45,346 - root - INFO - Epoch [23/10000],
2026-02-27 11:27:45,347 - root - INFO - Train Results | R²: 0.0497 | RMSE: 0.9442 | IC: 0.9252 | RankIC: 0.9211
2026-02-27 11:27:45,347 - root - INFO - Valid Results | R²: 0.0337 | RMSE: 0.9756 | IC: 0.9099 | RankIC: 0.8965
2026-02-27 11:27:45,372 - root - INFO - Best model saved at epoch 24 with validation R2: 0.0365
2026-02-27 11:27:45,373 - root - INFO - Epoch [24/10000],
2026-02-27 11:27:45,373 - root - INFO - Train Results | R²: 0.0535 | RMSE: 0.9422 | IC: 0.9251 | RankIC: 0.9220
2026-02-27 11:27:45,373 - root - INFO - Valid Results | R²: 0.0365 | RMSE: 0.9742 | IC: 0.8990 | RankIC: 0.8807
2026-02-27 11:27:45,401 - root - INFO - Best model saved at epoch 25 with validation R2: 0.0396
2026-02-27 11:27:45,401 - root - INFO - Epoch [25/10000],
2026-02-27 11:27:45,402 - root - INFO - Train Results | R²: 0.0575 | RMSE: 0.9403 | IC: 0.9229 | RankIC: 0.9222
2026-02-27 11:27:45,402 - root - INFO - Valid Results | R²: 0.0396 | RMSE: 0.9727 | IC: 0.9033 | RankIC: 0.8825
2026-02-27 11:27:45,435 - root - INFO - Best model saved at epoch 26 with validation R2: 0.0427
2026-02-27 11:27:45,435 - root - INFO - Epoch [26/10000],
2026-02-27 11:27:45,435 - root - INFO - Train Results | R²: 0.0613 | RMSE: 0.9384 | IC: 0.9210 | RankIC: 0.9279
2026-02-27 11:27:45,435 - root - INFO - Valid Results | R²: 0.0427 | RMSE: 0.9711 | IC: 0.9064 | RankIC: 0.8754
2026-02-27 11:27:45,468 - root - INFO - Best model saved at epoch 27 with validation R2: 0.0450
2026-02-27 11:27:45,468 - root - INFO - Epoch [27/10000],
2026-02-27 11:27:45,468 - root - INFO - Train Results | R²: 0.0646 | RMSE: 0.9367 | IC: 0.9221 | RankIC: 0.9147
2026-02-27 11:27:45,469 - root - INFO - Valid Results | R²: 0.0450 | RMSE: 0.9699 | IC: 0.8998 | RankIC: 0.8491
2026-02-27 11:27:45,498 - root - INFO - Best model saved at epoch 28 with validation R2: 0.0482
2026-02-27 11:27:45,498 - root - INFO - Epoch [28/10000],
2026-02-27 11:27:45,498 - root - INFO - Train Results | R²: 0.0690 | RMSE: 0.9345 | IC: 0.9196 | RankIC: 0.9163
2026-02-27 11:27:45,498 - root - INFO - Valid Results | R²: 0.0482 | RMSE: 0.9683 | IC: 0.9006 | RankIC: 0.8772
2026-02-27 11:27:45,527 - root - INFO - Best model saved at epoch 29 with validation R2: 0.0509
2026-02-27 11:27:45,528 - root - INFO - Epoch [29/10000],
2026-02-27 11:27:45,528 - root - INFO - Train Results | R²: 0.0734 | RMSE: 0.9323 | IC: 0.9222 | RankIC: 0.9277
2026-02-27 11:27:45,528 - root - INFO - Valid Results | R²: 0.0509 | RMSE: 0.9669 | IC: 0.9022 | RankIC: 0.8596
2026-02-27 11:27:45,557 - root - INFO - Best model saved at epoch 30 with validation R2: 0.0542
2026-02-27 11:27:45,557 - root - INFO - Epoch [30/10000],
2026-02-27 11:27:45,558 - root - INFO - Train Results | R²: 0.0769 | RMSE: 0.9305 | IC: 0.9175 | RankIC: 0.9147
2026-02-27 11:27:45,558 - root - INFO - Valid Results | R²: 0.0542 | RMSE: 0.9652 | IC: 0.9000 | RankIC: 0.8561
2026-02-27 11:27:45,591 - root - INFO - Best model saved at epoch 31 with validation R2: 0.0579
2026-02-27 11:27:45,591 - root - INFO - Epoch [31/10000],
2026-02-27 11:27:45,592 - root - INFO - Train Results | R²: 0.0813 | RMSE: 0.9283 | IC: 0.9184 | RankIC: 0.9177
2026-02-27 11:27:45,592 - root - INFO - Valid Results | R²: 0.0579 | RMSE: 0.9633 | IC: 0.8995 | RankIC: 0.8772
2026-02-27 11:27:45,619 - root - INFO - Best model saved at epoch 32 with validation R2: 0.0625
2026-02-27 11:27:45,619 - root - INFO - Epoch [32/10000],
2026-02-27 11:27:45,620 - root - INFO - Train Results | R²: 0.0848 | RMSE: 0.9265 | IC: 0.9211 | RankIC: 0.9203
2026-02-27 11:27:45,620 - root - INFO - Valid Results | R²: 0.0625 | RMSE: 0.9610 | IC: 0.8994 | RankIC: 0.8754
2026-02-27 11:27:45,652 - root - INFO - Best model saved at epoch 33 with validation R2: 0.0653
2026-02-27 11:27:45,652 - root - INFO - Epoch [33/10000],
2026-02-27 11:27:45,652 - root - INFO - Train Results | R²: 0.0899 | RMSE: 0.9240 | IC: 0.9207 | RankIC: 0.9177
2026-02-27 11:27:45,652 - root - INFO - Valid Results | R²: 0.0653 | RMSE: 0.9596 | IC: 0.8993 | RankIC: 0.8789
2026-02-27 11:27:45,686 - root - INFO - Best model saved at epoch 34 with validation R2: 0.0691
2026-02-27 11:27:45,686 - root - INFO - Epoch [34/10000],
2026-02-27 11:27:45,687 - root - INFO - Train Results | R²: 0.0937 | RMSE: 0.9220 | IC: 0.9200 | RankIC: 0.9201
2026-02-27 11:27:45,687 - root - INFO - Valid Results | R²: 0.0691 | RMSE: 0.9576 | IC: 0.8961 | RankIC: 0.8737
2026-02-27 11:27:45,720 - root - INFO - Best model saved at epoch 35 with validation R2: 0.0721
2026-02-27 11:27:45,721 - root - INFO - Epoch [35/10000],
2026-02-27 11:27:45,721 - root - INFO - Train Results | R²: 0.0984 | RMSE: 0.9196 | IC: 0.9172 | RankIC: 0.9130
2026-02-27 11:27:45,721 - root - INFO - Valid Results | R²: 0.0721 | RMSE: 0.9561 | IC: 0.8954 | RankIC: 0.8737
2026-02-27 11:27:45,768 - root - INFO - Best model saved at epoch 36 with validation R2: 0.0770
2026-02-27 11:27:45,768 - root - INFO - Epoch [36/10000],
2026-02-27 11:27:45,768 - root - INFO - Train Results | R²: 0.1022 | RMSE: 0.9177 | IC: 0.9193 | RankIC: 0.9189
2026-02-27 11:27:45,769 - root - INFO - Valid Results | R²: 0.0770 | RMSE: 0.9535 | IC: 0.8964 | RankIC: 0.8544
2026-02-27 11:27:45,800 - root - INFO - Best model saved at epoch 37 with validation R2: 0.0799
2026-02-27 11:27:45,800 - root - INFO - Epoch [37/10000],
2026-02-27 11:27:45,800 - root - INFO - Train Results | R²: 0.1081 | RMSE: 0.9147 | IC: 0.9209 | RankIC: 0.9180
2026-02-27 11:27:45,800 - root - INFO - Valid Results | R²: 0.0799 | RMSE: 0.9520 | IC: 0.8942 | RankIC: 0.8912
2026-02-27 11:27:45,831 - root - INFO - Best model saved at epoch 38 with validation R2: 0.0848
2026-02-27 11:27:45,831 - root - INFO - Epoch [38/10000],
2026-02-27 11:27:45,831 - root - INFO - Train Results | R²: 0.1129 | RMSE: 0.9122 | IC: 0.9189 | RankIC: 0.9189
2026-02-27 11:27:45,831 - root - INFO - Valid Results | R²: 0.0848 | RMSE: 0.9495 | IC: 0.8955 | RankIC: 0.8754
2026-02-27 11:27:45,865 - root - INFO - Best model saved at epoch 39 with validation R2: 0.0893
2026-02-27 11:27:45,865 - root - INFO - Epoch [39/10000],
2026-02-27 11:27:45,865 - root - INFO - Train Results | R²: 0.1178 | RMSE: 0.9097 | IC: 0.9176 | RankIC: 0.9196
2026-02-27 11:27:45,866 - root - INFO - Valid Results | R²: 0.0893 | RMSE: 0.9471 | IC: 0.8988 | RankIC: 0.8737
2026-02-27 11:27:45,894 - root - INFO - Best model saved at epoch 40 with validation R2: 0.0924
2026-02-27 11:27:45,894 - root - INFO - Epoch [40/10000],
2026-02-27 11:27:45,894 - root - INFO - Train Results | R²: 0.1224 | RMSE: 0.9073 | IC: 0.9175 | RankIC: 0.9156
2026-02-27 11:27:45,894 - root - INFO - Valid Results | R²: 0.0924 | RMSE: 0.9455 | IC: 0.8966 | RankIC: 0.8912
2026-02-27 11:27:45,921 - root - INFO - Best model saved at epoch 41 with validation R2: 0.0975
2026-02-27 11:27:45,922 - root - INFO - Epoch [41/10000],
2026-02-27 11:27:45,922 - root - INFO - Train Results | R²: 0.1285 | RMSE: 0.9042 | IC: 0.9181 | RankIC: 0.9194
2026-02-27 11:27:45,922 - root - INFO - Valid Results | R²: 0.0975 | RMSE: 0.9429 | IC: 0.8955 | RankIC: 0.8912
2026-02-27 11:27:45,954 - root - INFO - Best model saved at epoch 42 with validation R2: 0.1014
2026-02-27 11:27:45,954 - root - INFO - Epoch [42/10000],
2026-02-27 11:27:45,955 - root - INFO - Train Results | R²: 0.1334 | RMSE: 0.9016 | IC: 0.9176 | RankIC: 0.9158
2026-02-27 11:27:45,955 - root - INFO - Valid Results | R²: 0.1014 | RMSE: 0.9408 | IC: 0.8923 | RankIC: 0.8667
2026-02-27 11:27:45,986 - root - INFO - Best model saved at epoch 43 with validation R2: 0.1064
2026-02-27 11:27:45,986 - root - INFO - Epoch [43/10000],
2026-02-27 11:27:45,986 - root - INFO - Train Results | R²: 0.1385 | RMSE: 0.8990 | IC: 0.9148 | RankIC: 0.9170
2026-02-27 11:27:45,987 - root - INFO - Valid Results | R²: 0.1064 | RMSE: 0.9382 | IC: 0.8917 | RankIC: 0.8754
2026-02-27 11:27:46,017 - root - INFO - Best model saved at epoch 44 with validation R2: 0.1106
2026-02-27 11:27:46,018 - root - INFO - Epoch [44/10000],
2026-02-27 11:27:46,018 - root - INFO - Train Results | R²: 0.1450 | RMSE: 0.8955 | IC: 0.9119 | RankIC: 0.9144
2026-02-27 11:27:46,018 - root - INFO - Valid Results | R²: 0.1106 | RMSE: 0.9360 | IC: 0.8912 | RankIC: 0.8737
2026-02-27 11:27:46,048 - root - INFO - Best model saved at epoch 45 with validation R2: 0.1154
2026-02-27 11:27:46,048 - root - INFO - Epoch [45/10000],
2026-02-27 11:27:46,049 - root - INFO - Train Results | R²: 0.1510 | RMSE: 0.8924 | IC: 0.9150 | RankIC: 0.9184
2026-02-27 11:27:46,049 - root - INFO - Valid Results | R²: 0.1154 | RMSE: 0.9335 | IC: 0.8907 | RankIC: 0.8912
2026-02-27 11:27:46,080 - root - INFO - Best model saved at epoch 46 with validation R2: 0.1207
2026-02-27 11:27:46,080 - root - INFO - Epoch [46/10000],
2026-02-27 11:27:46,081 - root - INFO - Train Results | R²: 0.1576 | RMSE: 0.8889 | IC: 0.9137 | RankIC: 0.9147
2026-02-27 11:27:46,081 - root - INFO - Valid Results | R²: 0.1207 | RMSE: 0.9307 | IC: 0.8909 | RankIC: 0.8895
2026-02-27 11:27:46,108 - root - INFO - Best model saved at epoch 47 with validation R2: 0.1248
2026-02-27 11:27:46,108 - root - INFO - Epoch [47/10000],
2026-02-27 11:27:46,108 - root - INFO - Train Results | R²: 0.1655 | RMSE: 0.8847 | IC: 0.9123 | RankIC: 0.9106
2026-02-27 11:27:46,109 - root - INFO - Valid Results | R²: 0.1248 | RMSE: 0.9285 | IC: 0.8887 | RankIC: 0.8667
2026-02-27 11:27:46,140 - root - INFO - Best model saved at epoch 48 with validation R2: 0.1299
2026-02-27 11:27:46,141 - root - INFO - Epoch [48/10000],
2026-02-27 11:27:46,141 - root - INFO - Train Results | R²: 0.1715 | RMSE: 0.8816 | IC: 0.9131 | RankIC: 0.9139
2026-02-27 11:27:46,141 - root - INFO - Valid Results | R²: 0.1299 | RMSE: 0.9258 | IC: 0.8862 | RankIC: 0.8895
2026-02-27 11:27:46,181 - root - INFO - Best model saved at epoch 49 with validation R2: 0.1357
2026-02-27 11:27:46,181 - root - INFO - Epoch [49/10000],
2026-02-27 11:27:46,181 - root - INFO - Train Results | R²: 0.1784 | RMSE: 0.8779 | IC: 0.9106 | RankIC: 0.9149
2026-02-27 11:27:46,181 - root - INFO - Valid Results | R²: 0.1357 | RMSE: 0.9227 | IC: 0.8866 | RankIC: 0.8912
2026-02-27 11:27:46,215 - root - INFO - Best model saved at epoch 50 with validation R2: 0.1411
2026-02-27 11:27:46,215 - root - INFO - Epoch [50/10000],
2026-02-27 11:27:46,215 - root - INFO - Train Results | R²: 0.1868 | RMSE: 0.8734 | IC: 0.9098 | RankIC: 0.9156
2026-02-27 11:27:46,216 - root - INFO - Valid Results | R²: 0.1411 | RMSE: 0.9198 | IC: 0.8869 | RankIC: 0.8544
2026-02-27 11:27:46,248 - root - INFO - Best model saved at epoch 51 with validation R2: 0.1457
2026-02-27 11:27:46,249 - root - INFO - Epoch [51/10000],
2026-02-27 11:27:46,249 - root - INFO - Train Results | R²: 0.1941 | RMSE: 0.8695 | IC: 0.9042 | RankIC: 0.9104
2026-02-27 11:27:46,249 - root - INFO - Valid Results | R²: 0.1457 | RMSE: 0.9173 | IC: 0.8869 | RankIC: 0.8667
2026-02-27 11:27:46,280 - root - INFO - Best model saved at epoch 52 with validation R2: 0.1523
2026-02-27 11:27:46,280 - root - INFO - Epoch [52/10000],
2026-02-27 11:27:46,280 - root - INFO - Train Results | R²: 0.2001 | RMSE: 0.8662 | IC: 0.9046 | RankIC: 0.9097
2026-02-27 11:27:46,280 - root - INFO - Valid Results | R²: 0.1523 | RMSE: 0.9138 | IC: 0.8834 | RankIC: 0.8754
2026-02-27 11:27:46,308 - root - INFO - Best model saved at epoch 53 with validation R2: 0.1572
2026-02-27 11:27:46,308 - root - INFO - Epoch [53/10000],
2026-02-27 11:27:46,308 - root - INFO - Train Results | R²: 0.2087 | RMSE: 0.8615 | IC: 0.9015 | RankIC: 0.9196
2026-02-27 11:27:46,308 - root - INFO - Valid Results | R²: 0.1572 | RMSE: 0.9112 | IC: 0.8844 | RankIC: 0.8544
2026-02-27 11:27:46,337 - root - INFO - Best model saved at epoch 54 with validation R2: 0.1633
2026-02-27 11:27:46,338 - root - INFO - Epoch [54/10000],
2026-02-27 11:27:46,338 - root - INFO - Train Results | R²: 0.2186 | RMSE: 0.8561 | IC: 0.9029 | RankIC: 0.9139
2026-02-27 11:27:46,338 - root - INFO - Valid Results | R²: 0.1633 | RMSE: 0.9078 | IC: 0.8816 | RankIC: 0.8860
2026-02-27 11:27:46,371 - root - INFO - Best model saved at epoch 55 with validation R2: 0.1701
2026-02-27 11:27:46,371 - root - INFO - Epoch [55/10000],
2026-02-27 11:27:46,371 - root - INFO - Train Results | R²: 0.2269 | RMSE: 0.8516 | IC: 0.9007 | RankIC: 0.9137
2026-02-27 11:27:46,372 - root - INFO - Valid Results | R²: 0.1701 | RMSE: 0.9042 | IC: 0.8830 | RankIC: 0.8860
2026-02-27 11:27:46,401 - root - INFO - Best model saved at epoch 56 with validation R2: 0.1772
2026-02-27 11:27:46,402 - root - INFO - Epoch [56/10000],
2026-02-27 11:27:46,402 - root - INFO - Train Results | R²: 0.2355 | RMSE: 0.8468 | IC: 0.9005 | RankIC: 0.9149
2026-02-27 11:27:46,402 - root - INFO - Valid Results | R²: 0.1772 | RMSE: 0.9003 | IC: 0.8816 | RankIC: 0.8667
2026-02-27 11:27:46,436 - root - INFO - Best model saved at epoch 57 with validation R2: 0.1831
2026-02-27 11:27:46,436 - root - INFO - Epoch [57/10000],
2026-02-27 11:27:46,437 - root - INFO - Train Results | R²: 0.2454 | RMSE: 0.8413 | IC: 0.8959 | RankIC: 0.9085
2026-02-27 11:27:46,437 - root - INFO - Valid Results | R²: 0.1831 | RMSE: 0.8971 | IC: 0.8777 | RankIC: 0.8561
2026-02-27 11:27:46,467 - root - INFO - Best model saved at epoch 58 with validation R2: 0.1897
2026-02-27 11:27:46,468 - root - INFO - Epoch [58/10000],
2026-02-27 11:27:46,468 - root - INFO - Train Results | R²: 0.2548 | RMSE: 0.8361 | IC: 0.8952 | RankIC: 0.9128
2026-02-27 11:27:46,468 - root - INFO - Valid Results | R²: 0.1897 | RMSE: 0.8934 | IC: 0.8793 | RankIC: 0.8860
2026-02-27 11:27:46,498 - root - INFO - Best model saved at epoch 59 with validation R2: 0.1973
2026-02-27 11:27:46,499 - root - INFO - Epoch [59/10000],
2026-02-27 11:27:46,499 - root - INFO - Train Results | R²: 0.2675 | RMSE: 0.8289 | IC: 0.8965 | RankIC: 0.9116
2026-02-27 11:27:46,499 - root - INFO - Valid Results | R²: 0.1973 | RMSE: 0.8892 | IC: 0.8752 | RankIC: 0.8860
2026-02-27 11:27:46,534 - root - INFO - Best model saved at epoch 60 with validation R2: 0.2033
2026-02-27 11:27:46,534 - root - INFO - Epoch [60/10000],
2026-02-27 11:27:46,534 - root - INFO - Train Results | R²: 0.2783 | RMSE: 0.8228 | IC: 0.8916 | RankIC: 0.9135
2026-02-27 11:27:46,535 - root - INFO - Valid Results | R²: 0.2033 | RMSE: 0.8859 | IC: 0.8725 | RankIC: 0.8667
2026-02-27 11:27:46,569 - root - INFO - Best model saved at epoch 61 with validation R2: 0.2106
2026-02-27 11:27:46,569 - root - INFO - Epoch [61/10000],
2026-02-27 11:27:46,570 - root - INFO - Train Results | R²: 0.2872 | RMSE: 0.8177 | IC: 0.8858 | RankIC: 0.9101
2026-02-27 11:27:46,570 - root - INFO - Valid Results | R²: 0.2106 | RMSE: 0.8818 | IC: 0.8723 | RankIC: 0.8895
2026-02-27 11:27:46,601 - root - INFO - Best model saved at epoch 62 with validation R2: 0.2202
2026-02-27 11:27:46,601 - root - INFO - Epoch [62/10000],
2026-02-27 11:27:46,601 - root - INFO - Train Results | R²: 0.3006 | RMSE: 0.8100 | IC: 0.8855 | RankIC: 0.9173
2026-02-27 11:27:46,601 - root - INFO - Valid Results | R²: 0.2202 | RMSE: 0.8764 | IC: 0.8724 | RankIC: 0.8912
2026-02-27 11:27:46,636 - root - INFO - Best model saved at epoch 63 with validation R2: 0.2267
2026-02-27 11:27:46,637 - root - INFO - Epoch [63/10000],
2026-02-27 11:27:46,637 - root - INFO - Train Results | R²: 0.3133 | RMSE: 0.8026 | IC: 0.8836 | RankIC: 0.9142
2026-02-27 11:27:46,637 - root - INFO - Valid Results | R²: 0.2267 | RMSE: 0.8728 | IC: 0.8697 | RankIC: 0.8860
2026-02-27 11:27:46,681 - root - INFO - Best model saved at epoch 64 with validation R2: 0.2360
2026-02-27 11:27:46,681 - root - INFO - Epoch [64/10000],
2026-02-27 11:27:46,682 - root - INFO - Train Results | R²: 0.3210 | RMSE: 0.7981 | IC: 0.8811 | RankIC: 0.9123
2026-02-27 11:27:46,682 - root - INFO - Valid Results | R²: 0.2360 | RMSE: 0.8675 | IC: 0.8704 | RankIC: 0.8860
2026-02-27 11:27:46,711 - root - INFO - Best model saved at epoch 65 with validation R2: 0.2448
2026-02-27 11:27:46,711 - root - INFO - Epoch [65/10000],
2026-02-27 11:27:46,711 - root - INFO - Train Results | R²: 0.3364 | RMSE: 0.7890 | IC: 0.8800 | RankIC: 0.9142
2026-02-27 11:27:46,711 - root - INFO - Valid Results | R²: 0.2448 | RMSE: 0.8625 | IC: 0.8658 | RankIC: 0.8737
2026-02-27 11:27:46,737 - root - INFO - Best model saved at epoch 66 with validation R2: 0.2519
2026-02-27 11:27:46,737 - root - INFO - Epoch [66/10000],
2026-02-27 11:27:46,738 - root - INFO - Train Results | R²: 0.3460 | RMSE: 0.7833 | IC: 0.8771 | RankIC: 0.9156
2026-02-27 11:27:46,738 - root - INFO - Valid Results | R²: 0.2519 | RMSE: 0.8584 | IC: 0.8653 | RankIC: 0.8825
2026-02-27 11:27:46,764 - root - INFO - Best model saved at epoch 67 with validation R2: 0.2608
2026-02-27 11:27:46,765 - root - INFO - Epoch [67/10000],
2026-02-27 11:27:46,765 - root - INFO - Train Results | R²: 0.3634 | RMSE: 0.7728 | IC: 0.8776 | RankIC: 0.9132
2026-02-27 11:27:46,765 - root - INFO - Valid Results | R²: 0.2608 | RMSE: 0.8533 | IC: 0.8638 | RankIC: 0.8860
2026-02-27 11:27:46,796 - root - INFO - Best model saved at epoch 68 with validation R2: 0.2684
2026-02-27 11:27:46,796 - root - INFO - Epoch [68/10000],
2026-02-27 11:27:46,796 - root - INFO - Train Results | R²: 0.3730 | RMSE: 0.7669 | IC: 0.8728 | RankIC: 0.9144
2026-02-27 11:27:46,796 - root - INFO - Valid Results | R²: 0.2684 | RMSE: 0.8489 | IC: 0.8591 | RankIC: 0.8667
2026-02-27 11:27:46,825 - root - INFO - Best model saved at epoch 69 with validation R2: 0.2786
2026-02-27 11:27:46,825 - root - INFO - Epoch [69/10000],
2026-02-27 11:27:46,825 - root - INFO - Train Results | R²: 0.3902 | RMSE: 0.7564 | IC: 0.8722 | RankIC: 0.9147
2026-02-27 11:27:46,826 - root - INFO - Valid Results | R²: 0.2786 | RMSE: 0.8430 | IC: 0.8603 | RankIC: 0.8842
2026-02-27 11:27:46,855 - root - INFO - Best model saved at epoch 70 with validation R2: 0.2878
2026-02-27 11:27:46,855 - root - INFO - Epoch [70/10000],
2026-02-27 11:27:46,855 - root - INFO - Train Results | R²: 0.4035 | RMSE: 0.7480 | IC: 0.8704 | RankIC: 0.9139
2026-02-27 11:27:46,855 - root - INFO - Valid Results | R²: 0.2878 | RMSE: 0.8376 | IC: 0.8594 | RankIC: 0.8895
2026-02-27 11:27:46,885 - root - INFO - Best model saved at epoch 71 with validation R2: 0.2978
2026-02-27 11:27:46,886 - root - INFO - Epoch [71/10000],
2026-02-27 11:27:46,886 - root - INFO - Train Results | R²: 0.4145 | RMSE: 0.7411 | IC: 0.8672 | RankIC: 0.9187
2026-02-27 11:27:46,886 - root - INFO - Valid Results | R²: 0.2978 | RMSE: 0.8317 | IC: 0.8565 | RankIC: 0.8614
2026-02-27 11:27:46,919 - root - INFO - Best model saved at epoch 72 with validation R2: 0.3084
2026-02-27 11:27:46,919 - root - INFO - Epoch [72/10000],
2026-02-27 11:27:46,919 - root - INFO - Train Results | R²: 0.4270 | RMSE: 0.7331 | IC: 0.8649 | RankIC: 0.9099
2026-02-27 11:27:46,919 - root - INFO - Valid Results | R²: 0.3084 | RMSE: 0.8254 | IC: 0.8586 | RankIC: 0.8860
2026-02-27 11:27:46,953 - root - INFO - Best model saved at epoch 73 with validation R2: 0.3165
2026-02-27 11:27:46,953 - root - INFO - Epoch [73/10000],
2026-02-27 11:27:46,954 - root - INFO - Train Results | R²: 0.4434 | RMSE: 0.7226 | IC: 0.8656 | RankIC: 0.9125
2026-02-27 11:27:46,954 - root - INFO - Valid Results | R²: 0.3165 | RMSE: 0.8205 | IC: 0.8570 | RankIC: 0.8860
2026-02-27 11:27:46,985 - root - INFO - Best model saved at epoch 74 with validation R2: 0.3255
2026-02-27 11:27:46,985 - root - INFO - Epoch [74/10000],
2026-02-27 11:27:46,986 - root - INFO - Train Results | R²: 0.4556 | RMSE: 0.7146 | IC: 0.8627 | RankIC: 0.9177
2026-02-27 11:27:46,986 - root - INFO - Valid Results | R²: 0.3255 | RMSE: 0.8151 | IC: 0.8551 | RankIC: 0.8596
2026-02-27 11:27:47,020 - root - INFO - Best model saved at epoch 75 with validation R2: 0.3360
2026-02-27 11:27:47,020 - root - INFO - Epoch [75/10000],
2026-02-27 11:27:47,020 - root - INFO - Train Results | R²: 0.4703 | RMSE: 0.7049 | IC: 0.8605 | RankIC: 0.9113
2026-02-27 11:27:47,020 - root - INFO - Valid Results | R²: 0.3360 | RMSE: 0.8088 | IC: 0.8540 | RankIC: 0.8877
2026-02-27 11:27:47,059 - root - INFO - Best model saved at epoch 76 with validation R2: 0.3471
2026-02-27 11:27:47,059 - root - INFO - Epoch [76/10000],
2026-02-27 11:27:47,060 - root - INFO - Train Results | R²: 0.4821 | RMSE: 0.6970 | IC: 0.8564 | RankIC: 0.9073
2026-02-27 11:27:47,060 - root - INFO - Valid Results | R²: 0.3471 | RMSE: 0.8019 | IC: 0.8546 | RankIC: 0.8842
2026-02-27 11:27:47,090 - root - INFO - Best model saved at epoch 77 with validation R2: 0.3553
2026-02-27 11:27:47,090 - root - INFO - Epoch [77/10000],
2026-02-27 11:27:47,091 - root - INFO - Train Results | R²: 0.4966 | RMSE: 0.6872 | IC: 0.8585 | RankIC: 0.9163
2026-02-27 11:27:47,091 - root - INFO - Valid Results | R²: 0.3553 | RMSE: 0.7969 | IC: 0.8521 | RankIC: 0.8860
2026-02-27 11:27:47,123 - root - INFO - Best model saved at epoch 78 with validation R2: 0.3661
2026-02-27 11:27:47,123 - root - INFO - Epoch [78/10000],
2026-02-27 11:27:47,124 - root - INFO - Train Results | R²: 0.5072 | RMSE: 0.6799 | IC: 0.8551 | RankIC: 0.9080
2026-02-27 11:27:47,124 - root - INFO - Valid Results | R²: 0.3661 | RMSE: 0.7902 | IC: 0.8509 | RankIC: 0.8860
2026-02-27 11:27:47,154 - root - INFO - Best model saved at epoch 79 with validation R2: 0.3722
2026-02-27 11:27:47,155 - root - INFO - Epoch [79/10000],
2026-02-27 11:27:47,155 - root - INFO - Train Results | R²: 0.5173 | RMSE: 0.6729 | IC: 0.8507 | RankIC: 0.9211
2026-02-27 11:27:47,155 - root - INFO - Valid Results | R²: 0.3722 | RMSE: 0.7864 | IC: 0.8498 | RankIC: 0.8860
2026-02-27 11:27:47,185 - root - INFO - Best model saved at epoch 80 with validation R2: 0.3846
2026-02-27 11:27:47,185 - root - INFO - Epoch [80/10000],
2026-02-27 11:27:47,186 - root - INFO - Train Results | R²: 0.5333 | RMSE: 0.6616 | IC: 0.8547 | RankIC: 0.9196
2026-02-27 11:27:47,186 - root - INFO - Valid Results | R²: 0.3846 | RMSE: 0.7786 | IC: 0.8508 | RankIC: 0.8860
2026-02-27 11:27:47,223 - root - INFO - Best model saved at epoch 81 with validation R2: 0.3947
2026-02-27 11:27:47,223 - root - INFO - Epoch [81/10000],
2026-02-27 11:27:47,223 - root - INFO - Train Results | R²: 0.5449 | RMSE: 0.6534 | IC: 0.8523 | RankIC: 0.9184
2026-02-27 11:27:47,224 - root - INFO - Valid Results | R²: 0.3947 | RMSE: 0.7722 | IC: 0.8506 | RankIC: 0.8789
2026-02-27 11:27:47,256 - root - INFO - Best model saved at epoch 82 with validation R2: 0.4008
2026-02-27 11:27:47,256 - root - INFO - Epoch [82/10000],
2026-02-27 11:27:47,256 - root - INFO - Train Results | R²: 0.5563 | RMSE: 0.6451 | IC: 0.8536 | RankIC: 0.9125
2026-02-27 11:27:47,257 - root - INFO - Valid Results | R²: 0.4008 | RMSE: 0.7683 | IC: 0.8484 | RankIC: 0.8789
2026-02-27 11:27:47,289 - root - INFO - Best model saved at epoch 83 with validation R2: 0.4106
2026-02-27 11:27:47,289 - root - INFO - Epoch [83/10000],
2026-02-27 11:27:47,289 - root - INFO - Train Results | R²: 0.5657 | RMSE: 0.6383 | IC: 0.8528 | RankIC: 0.9156
2026-02-27 11:27:47,289 - root - INFO - Valid Results | R²: 0.4106 | RMSE: 0.7620 | IC: 0.8489 | RankIC: 0.8789
2026-02-27 11:27:47,320 - root - INFO - Best model saved at epoch 84 with validation R2: 0.4212
2026-02-27 11:27:47,321 - root - INFO - Epoch [84/10000],
2026-02-27 11:27:47,321 - root - INFO - Train Results | R²: 0.5786 | RMSE: 0.6287 | IC: 0.8546 | RankIC: 0.9064
2026-02-27 11:27:47,321 - root - INFO - Valid Results | R²: 0.4212 | RMSE: 0.7551 | IC: 0.8472 | RankIC: 0.8789
2026-02-27 11:27:47,350 - root - INFO - Best model saved at epoch 85 with validation R2: 0.4305
2026-02-27 11:27:47,351 - root - INFO - Epoch [85/10000],
2026-02-27 11:27:47,351 - root - INFO - Train Results | R²: 0.5879 | RMSE: 0.6218 | IC: 0.8552 | RankIC: 0.9087
2026-02-27 11:27:47,351 - root - INFO - Valid Results | R²: 0.4305 | RMSE: 0.7490 | IC: 0.8507 | RankIC: 0.8789
2026-02-27 11:27:47,384 - root - INFO - Best model saved at epoch 86 with validation R2: 0.4390
2026-02-27 11:27:47,384 - root - INFO - Epoch [86/10000],
2026-02-27 11:27:47,384 - root - INFO - Train Results | R²: 0.6012 | RMSE: 0.6116 | IC: 0.8599 | RankIC: 0.9156
2026-02-27 11:27:47,385 - root - INFO - Valid Results | R²: 0.4390 | RMSE: 0.7434 | IC: 0.8508 | RankIC: 0.8877
2026-02-27 11:27:47,414 - root - INFO - Best model saved at epoch 87 with validation R2: 0.4437
2026-02-27 11:27:47,415 - root - INFO - Epoch [87/10000],
2026-02-27 11:27:47,415 - root - INFO - Train Results | R²: 0.6064 | RMSE: 0.6077 | IC: 0.8581 | RankIC: 0.9137
2026-02-27 11:27:47,415 - root - INFO - Valid Results | R²: 0.4437 | RMSE: 0.7402 | IC: 0.8487 | RankIC: 0.8789
2026-02-27 11:27:47,444 - root - INFO - Best model saved at epoch 88 with validation R2: 0.4530
2026-02-27 11:27:47,444 - root - INFO - Epoch [88/10000],
2026-02-27 11:27:47,444 - root - INFO - Train Results | R²: 0.6187 | RMSE: 0.5981 | IC: 0.8649 | RankIC: 0.9083
2026-02-27 11:27:47,444 - root - INFO - Valid Results | R²: 0.4530 | RMSE: 0.7341 | IC: 0.8504 | RankIC: 0.8877
2026-02-27 11:27:47,472 - root - INFO - Best model saved at epoch 89 with validation R2: 0.4620
2026-02-27 11:27:47,472 - root - INFO - Epoch [89/10000],
2026-02-27 11:27:47,472 - root - INFO - Train Results | R²: 0.6255 | RMSE: 0.5927 | IC: 0.8644 | RankIC: 0.9101
2026-02-27 11:27:47,472 - root - INFO - Valid Results | R²: 0.4620 | RMSE: 0.7280 | IC: 0.8528 | RankIC: 0.8789
2026-02-27 11:27:47,509 - root - INFO - Best model saved at epoch 90 with validation R2: 0.4671
2026-02-27 11:27:47,509 - root - INFO - Epoch [90/10000],
2026-02-27 11:27:47,509 - root - INFO - Train Results | R²: 0.6366 | RMSE: 0.5838 | IC: 0.8678 | RankIC: 0.9123
2026-02-27 11:27:47,509 - root - INFO - Valid Results | R²: 0.4671 | RMSE: 0.7245 | IC: 0.8521 | RankIC: 0.8877
2026-02-27 11:27:47,539 - root - INFO - Best model saved at epoch 91 with validation R2: 0.4714
2026-02-27 11:27:47,539 - root - INFO - Epoch [91/10000],
2026-02-27 11:27:47,539 - root - INFO - Train Results | R²: 0.6406 | RMSE: 0.5807 | IC: 0.8668 | RankIC: 0.9256
2026-02-27 11:27:47,539 - root - INFO - Valid Results | R²: 0.4714 | RMSE: 0.7216 | IC: 0.8524 | RankIC: 0.8789
2026-02-27 11:27:47,570 - root - INFO - Best model saved at epoch 92 with validation R2: 0.4793
2026-02-27 11:27:47,571 - root - INFO - Epoch [92/10000],
2026-02-27 11:27:47,571 - root - INFO - Train Results | R²: 0.6519 | RMSE: 0.5714 | IC: 0.8717 | RankIC: 0.9106
2026-02-27 11:27:47,571 - root - INFO - Valid Results | R²: 0.4793 | RMSE: 0.7162 | IC: 0.8539 | RankIC: 0.8807
2026-02-27 11:27:47,600 - root - INFO - Best model saved at epoch 93 with validation R2: 0.4855
2026-02-27 11:27:47,600 - root - INFO - Epoch [93/10000],
2026-02-27 11:27:47,600 - root - INFO - Train Results | R²: 0.6597 | RMSE: 0.5650 | IC: 0.8751 | RankIC: 0.9203
2026-02-27 11:27:47,600 - root - INFO - Valid Results | R²: 0.4855 | RMSE: 0.7119 | IC: 0.8543 | RankIC: 0.8912
2026-02-27 11:27:47,634 - root - INFO - Best model saved at epoch 94 with validation R2: 0.4940
2026-02-27 11:27:47,634 - root - INFO - Epoch [94/10000],
2026-02-27 11:27:47,635 - root - INFO - Train Results | R²: 0.6697 | RMSE: 0.5566 | IC: 0.8807 | RankIC: 0.9208
2026-02-27 11:27:47,635 - root - INFO - Valid Results | R²: 0.4940 | RMSE: 0.7060 | IC: 0.8544 | RankIC: 0.8930
2026-02-27 11:27:47,667 - root - INFO - Best model saved at epoch 95 with validation R2: 0.4982
2026-02-27 11:27:47,667 - root - INFO - Epoch [95/10000],
2026-02-27 11:27:47,667 - root - INFO - Train Results | R²: 0.6772 | RMSE: 0.5503 | IC: 0.8820 | RankIC: 0.9182
2026-02-27 11:27:47,668 - root - INFO - Valid Results | R²: 0.4982 | RMSE: 0.7031 | IC: 0.8570 | RankIC: 0.8912
2026-02-27 11:27:47,700 - root - INFO - Best model saved at epoch 96 with validation R2: 0.5048
2026-02-27 11:27:47,700 - root - INFO - Epoch [96/10000],
2026-02-27 11:27:47,700 - root - INFO - Train Results | R²: 0.6840 | RMSE: 0.5445 | IC: 0.8844 | RankIC: 0.9147
2026-02-27 11:27:47,700 - root - INFO - Valid Results | R²: 0.5048 | RMSE: 0.6984 | IC: 0.8564 | RankIC: 0.8860
2026-02-27 11:27:47,735 - root - INFO - Best model saved at epoch 97 with validation R2: 0.5118
2026-02-27 11:27:47,735 - root - INFO - Epoch [97/10000],
2026-02-27 11:27:47,735 - root - INFO - Train Results | R²: 0.6928 | RMSE: 0.5368 | IC: 0.8897 | RankIC: 0.9203
2026-02-27 11:27:47,735 - root - INFO - Valid Results | R²: 0.5118 | RMSE: 0.6934 | IC: 0.8594 | RankIC: 0.8930
2026-02-27 11:27:47,767 - root - INFO - Best model saved at epoch 98 with validation R2: 0.5163
2026-02-27 11:27:47,767 - root - INFO - Epoch [98/10000],
2026-02-27 11:27:47,767 - root - INFO - Train Results | R²: 0.6973 | RMSE: 0.5329 | IC: 0.8862 | RankIC: 0.9199
2026-02-27 11:27:47,767 - root - INFO - Valid Results | R²: 0.5163 | RMSE: 0.6903 | IC: 0.8600 | RankIC: 0.8877
2026-02-27 11:27:47,812 - root - INFO - Best model saved at epoch 99 with validation R2: 0.5219
2026-02-27 11:27:47,813 - root - INFO - Epoch [99/10000],
2026-02-27 11:27:47,813 - root - INFO - Train Results | R²: 0.7059 | RMSE: 0.5252 | IC: 0.8917 | RankIC: 0.9272
2026-02-27 11:27:47,813 - root - INFO - Valid Results | R²: 0.5219 | RMSE: 0.6862 | IC: 0.8586 | RankIC: 0.8912
2026-02-27 11:27:47,846 - root - INFO - Best model saved at epoch 100 with validation R2: 0.5284
2026-02-27 11:27:47,846 - root - INFO - Epoch [100/10000],
2026-02-27 11:27:47,846 - root - INFO - Train Results | R²: 0.7170 | RMSE: 0.5152 | IC: 0.8933 | RankIC: 0.9253
2026-02-27 11:27:47,846 - root - INFO - Valid Results | R²: 0.5284 | RMSE: 0.6816 | IC: 0.8598 | RankIC: 0.8947
2026-02-27 11:27:47,879 - root - INFO - Best model saved at epoch 101 with validation R2: 0.5333
2026-02-27 11:27:47,879 - root - INFO - Epoch [101/10000],
2026-02-27 11:27:47,880 - root - INFO - Train Results | R²: 0.7255 | RMSE: 0.5074 | IC: 0.8990 | RankIC: 0.9187
2026-02-27 11:27:47,880 - root - INFO - Valid Results | R²: 0.5333 | RMSE: 0.6780 | IC: 0.8624 | RankIC: 0.9000
2026-02-27 11:27:47,909 - root - INFO - Best model saved at epoch 102 with validation R2: 0.5380
2026-02-27 11:27:47,909 - root - INFO - Epoch [102/10000],
2026-02-27 11:27:47,909 - root - INFO - Train Results | R²: 0.7331 | RMSE: 0.5004 | IC: 0.8994 | RankIC: 0.9270
2026-02-27 11:27:47,909 - root - INFO - Valid Results | R²: 0.5380 | RMSE: 0.6746 | IC: 0.8606 | RankIC: 0.8912
2026-02-27 11:27:47,940 - root - INFO - Best model saved at epoch 103 with validation R2: 0.5476
2026-02-27 11:27:47,940 - root - INFO - Epoch [103/10000],
2026-02-27 11:27:47,940 - root - INFO - Train Results | R²: 0.7396 | RMSE: 0.4943 | IC: 0.9000 | RankIC: 0.9260
2026-02-27 11:27:47,940 - root - INFO - Valid Results | R²: 0.5476 | RMSE: 0.6675 | IC: 0.8632 | RankIC: 0.8930
2026-02-27 11:27:47,972 - root - INFO - Best model saved at epoch 104 with validation R2: 0.5518
2026-02-27 11:27:47,972 - root - INFO - Epoch [104/10000],
2026-02-27 11:27:47,973 - root - INFO - Train Results | R²: 0.7412 | RMSE: 0.4927 | IC: 0.8992 | RankIC: 0.9222
2026-02-27 11:27:47,973 - root - INFO - Valid Results | R²: 0.5518 | RMSE: 0.6644 | IC: 0.8619 | RankIC: 0.8842
2026-02-27 11:27:48,004 - root - INFO - Best model saved at epoch 105 with validation R2: 0.5590
2026-02-27 11:27:48,004 - root - INFO - Epoch [105/10000],
2026-02-27 11:27:48,004 - root - INFO - Train Results | R²: 0.7519 | RMSE: 0.4824 | IC: 0.9018 | RankIC: 0.9201
2026-02-27 11:27:48,004 - root - INFO - Valid Results | R²: 0.5590 | RMSE: 0.6591 | IC: 0.8652 | RankIC: 0.8947
2026-02-27 11:27:48,037 - root - INFO - Best model saved at epoch 106 with validation R2: 0.5637
2026-02-27 11:27:48,037 - root - INFO - Epoch [106/10000],
2026-02-27 11:27:48,037 - root - INFO - Train Results | R²: 0.7607 | RMSE: 0.4738 | IC: 0.9037 | RankIC: 0.9310
2026-02-27 11:27:48,037 - root - INFO - Valid Results | R²: 0.5637 | RMSE: 0.6556 | IC: 0.8646 | RankIC: 0.8912
2026-02-27 11:27:48,067 - root - INFO - Best model saved at epoch 107 with validation R2: 0.5687
2026-02-27 11:27:48,068 - root - INFO - Epoch [107/10000],
2026-02-27 11:27:48,068 - root - INFO - Train Results | R²: 0.7640 | RMSE: 0.4705 | IC: 0.9050 | RankIC: 0.9142
2026-02-27 11:27:48,068 - root - INFO - Valid Results | R²: 0.5687 | RMSE: 0.6518 | IC: 0.8650 | RankIC: 0.8842
2026-02-27 11:27:48,109 - root - INFO - Best model saved at epoch 108 with validation R2: 0.5730
2026-02-27 11:27:48,109 - root - INFO - Epoch [108/10000],
2026-02-27 11:27:48,109 - root - INFO - Train Results | R²: 0.7748 | RMSE: 0.4596 | IC: 0.9090 | RankIC: 0.9303
2026-02-27 11:27:48,109 - root - INFO - Valid Results | R²: 0.5730 | RMSE: 0.6485 | IC: 0.8650 | RankIC: 0.8912
2026-02-27 11:27:48,140 - root - INFO - Best model saved at epoch 109 with validation R2: 0.5792
2026-02-27 11:27:48,141 - root - INFO - Epoch [109/10000],
2026-02-27 11:27:48,141 - root - INFO - Train Results | R²: 0.7796 | RMSE: 0.4547 | IC: 0.9099 | RankIC: 0.9192
2026-02-27 11:27:48,141 - root - INFO - Valid Results | R²: 0.5792 | RMSE: 0.6438 | IC: 0.8654 | RankIC: 0.8965
2026-02-27 11:27:48,171 - root - INFO - Best model saved at epoch 110 with validation R2: 0.5863
2026-02-27 11:27:48,172 - root - INFO - Epoch [110/10000],
2026-02-27 11:27:48,172 - root - INFO - Train Results | R²: 0.7818 | RMSE: 0.4524 | IC: 0.9082 | RankIC: 0.9277
2026-02-27 11:27:48,172 - root - INFO - Valid Results | R²: 0.5863 | RMSE: 0.6383 | IC: 0.8685 | RankIC: 0.8912
2026-02-27 11:27:48,204 - root - INFO - Best model saved at epoch 111 with validation R2: 0.5911
2026-02-27 11:27:48,204 - root - INFO - Epoch [111/10000],
2026-02-27 11:27:48,204 - root - INFO - Train Results | R²: 0.7920 | RMSE: 0.4418 | IC: 0.9118 | RankIC: 0.9248
2026-02-27 11:27:48,204 - root - INFO - Valid Results | R²: 0.5911 | RMSE: 0.6346 | IC: 0.8675 | RankIC: 0.9000
2026-02-27 11:27:48,242 - root - INFO - Best model saved at epoch 112 with validation R2: 0.5964
2026-02-27 11:27:48,242 - root - INFO - Epoch [112/10000],
2026-02-27 11:27:48,242 - root - INFO - Train Results | R²: 0.7955 | RMSE: 0.4380 | IC: 0.9126 | RankIC: 0.9234
2026-02-27 11:27:48,242 - root - INFO - Valid Results | R²: 0.5964 | RMSE: 0.6305 | IC: 0.8705 | RankIC: 0.8912
2026-02-27 11:27:48,279 - root - INFO - Best model saved at epoch 113 with validation R2: 0.6003
2026-02-27 11:27:48,279 - root - INFO - Epoch [113/10000],
2026-02-27 11:27:48,279 - root - INFO - Train Results | R²: 0.7988 | RMSE: 0.4345 | IC: 0.9121 | RankIC: 0.9203
2026-02-27 11:27:48,280 - root - INFO - Valid Results | R²: 0.6003 | RMSE: 0.6274 | IC: 0.8687 | RankIC: 0.8912
2026-02-27 11:27:48,312 - root - INFO - Best model saved at epoch 114 with validation R2: 0.6032
2026-02-27 11:27:48,312 - root - INFO - Epoch [114/10000],
2026-02-27 11:27:48,312 - root - INFO - Train Results | R²: 0.8085 | RMSE: 0.4238 | IC: 0.9155 | RankIC: 0.9234
2026-02-27 11:27:48,312 - root - INFO - Valid Results | R²: 0.6032 | RMSE: 0.6252 | IC: 0.8684 | RankIC: 0.8860
2026-02-27 11:27:48,346 - root - INFO - Best model saved at epoch 115 with validation R2: 0.6088
2026-02-27 11:27:48,346 - root - INFO - Epoch [115/10000],
2026-02-27 11:27:48,347 - root - INFO - Train Results | R²: 0.8123 | RMSE: 0.4196 | IC: 0.9162 | RankIC: 0.9232
2026-02-27 11:27:48,347 - root - INFO - Valid Results | R²: 0.6088 | RMSE: 0.6208 | IC: 0.8706 | RankIC: 0.8860
2026-02-27 11:27:48,379 - root - INFO - Best model saved at epoch 116 with validation R2: 0.6095
2026-02-27 11:27:48,379 - root - INFO - Epoch [116/10000],
2026-02-27 11:27:48,379 - root - INFO - Train Results | R²: 0.8142 | RMSE: 0.4175 | IC: 0.9161 | RankIC: 0.9239
2026-02-27 11:27:48,380 - root - INFO - Valid Results | R²: 0.6095 | RMSE: 0.6202 | IC: 0.8680 | RankIC: 0.8842
2026-02-27 11:27:48,413 - root - INFO - Best model saved at epoch 117 with validation R2: 0.6133
2026-02-27 11:27:48,413 - root - INFO - Epoch [117/10000],
2026-02-27 11:27:48,413 - root - INFO - Train Results | R²: 0.8206 | RMSE: 0.4103 | IC: 0.9186 | RankIC: 0.9211
2026-02-27 11:27:48,413 - root - INFO - Valid Results | R²: 0.6133 | RMSE: 0.6172 | IC: 0.8687 | RankIC: 0.8877
2026-02-27 11:27:48,451 - root - INFO - Best model saved at epoch 118 with validation R2: 0.6185
2026-02-27 11:27:48,452 - root - INFO - Epoch [118/10000],
2026-02-27 11:27:48,452 - root - INFO - Train Results | R²: 0.8223 | RMSE: 0.4083 | IC: 0.9173 | RankIC: 0.9241
2026-02-27 11:27:48,452 - root - INFO - Valid Results | R²: 0.6185 | RMSE: 0.6130 | IC: 0.8701 | RankIC: 0.8895
2026-02-27 11:27:48,484 - root - INFO - Best model saved at epoch 119 with validation R2: 0.6205
2026-02-27 11:27:48,484 - root - INFO - Epoch [119/10000],
2026-02-27 11:27:48,484 - root - INFO - Train Results | R²: 0.8334 | RMSE: 0.3953 | IC: 0.9231 | RankIC: 0.9263
2026-02-27 11:27:48,484 - root - INFO - Valid Results | R²: 0.6205 | RMSE: 0.6114 | IC: 0.8705 | RankIC: 0.8860
2026-02-27 11:27:48,513 - root - INFO - Best model saved at epoch 120 with validation R2: 0.6232
2026-02-27 11:27:48,513 - root - INFO - Epoch [120/10000],
2026-02-27 11:27:48,514 - root - INFO - Train Results | R²: 0.8324 | RMSE: 0.3965 | IC: 0.9215 | RankIC: 0.9291
2026-02-27 11:27:48,514 - root - INFO - Valid Results | R²: 0.6232 | RMSE: 0.6092 | IC: 0.8691 | RankIC: 0.8930
2026-02-27 11:27:48,552 - root - INFO - Best model saved at epoch 121 with validation R2: 0.6268
2026-02-27 11:27:48,552 - root - INFO - Epoch [121/10000],
2026-02-27 11:27:48,553 - root - INFO - Train Results | R²: 0.8299 | RMSE: 0.3995 | IC: 0.9192 | RankIC: 0.9265
2026-02-27 11:27:48,553 - root - INFO - Valid Results | R²: 0.6268 | RMSE: 0.6063 | IC: 0.8708 | RankIC: 0.9018
2026-02-27 11:27:48,583 - root - INFO - Best model saved at epoch 122 with validation R2: 0.6299
2026-02-27 11:27:48,583 - root - INFO - Epoch [122/10000],
2026-02-27 11:27:48,583 - root - INFO - Train Results | R²: 0.8398 | RMSE: 0.3876 | IC: 0.9244 | RankIC: 0.9291
2026-02-27 11:27:48,583 - root - INFO - Valid Results | R²: 0.6299 | RMSE: 0.6038 | IC: 0.8719 | RankIC: 0.8947
2026-02-27 11:27:48,612 - root - INFO - Best model saved at epoch 123 with validation R2: 0.6347
2026-02-27 11:27:48,612 - root - INFO - Epoch [123/10000],
2026-02-27 11:27:48,612 - root - INFO - Train Results | R²: 0.8389 | RMSE: 0.3888 | IC: 0.9229 | RankIC: 0.9253
2026-02-27 11:27:48,613 - root - INFO - Valid Results | R²: 0.6347 | RMSE: 0.5999 | IC: 0.8732 | RankIC: 0.8982
2026-02-27 11:27:48,639 - root - INFO - Best model saved at epoch 124 with validation R2: 0.6390
2026-02-27 11:27:48,640 - root - INFO - Epoch [124/10000],
2026-02-27 11:27:48,640 - root - INFO - Train Results | R²: 0.8432 | RMSE: 0.3836 | IC: 0.9251 | RankIC: 0.9298
2026-02-27 11:27:48,640 - root - INFO - Valid Results | R²: 0.6390 | RMSE: 0.5964 | IC: 0.8745 | RankIC: 0.8912
2026-02-27 11:27:48,675 - root - INFO - Epoch [125/10000],
2026-02-27 11:27:48,676 - root - INFO - Train Results | R²: 0.8388 | RMSE: 0.3888 | IC: 0.9218 | RankIC: 0.9298
2026-02-27 11:27:48,676 - root - INFO - Valid Results | R²: 0.6370 | RMSE: 0.5980 | IC: 0.8718 | RankIC: 0.9018
2026-02-27 11:27:48,707 - root - INFO - Best model saved at epoch 126 with validation R2: 0.6403
2026-02-27 11:27:48,707 - root - INFO - Epoch [126/10000],
2026-02-27 11:27:48,707 - root - INFO - Train Results | R²: 0.8452 | RMSE: 0.3811 | IC: 0.9256 | RankIC: 0.9296
2026-02-27 11:27:48,707 - root - INFO - Valid Results | R²: 0.6403 | RMSE: 0.5952 | IC: 0.8737 | RankIC: 0.9123
2026-02-27 11:27:48,742 - root - INFO - Best model saved at epoch 127 with validation R2: 0.6414
2026-02-27 11:27:48,742 - root - INFO - Epoch [127/10000],
2026-02-27 11:27:48,742 - root - INFO - Train Results | R²: 0.8510 | RMSE: 0.3739 | IC: 0.9281 | RankIC: 0.9308
2026-02-27 11:27:48,742 - root - INFO - Valid Results | R²: 0.6414 | RMSE: 0.5943 | IC: 0.8733 | RankIC: 0.9070
2026-02-27 11:27:48,772 - root - INFO - Best model saved at epoch 128 with validation R2: 0.6448
2026-02-27 11:27:48,772 - root - INFO - Epoch [128/10000],
2026-02-27 11:27:48,772 - root - INFO - Train Results | R²: 0.8499 | RMSE: 0.3753 | IC: 0.9265 | RankIC: 0.9291
2026-02-27 11:27:48,773 - root - INFO - Valid Results | R²: 0.6448 | RMSE: 0.5915 | IC: 0.8737 | RankIC: 0.8965
2026-02-27 11:27:48,802 - root - INFO - Best model saved at epoch 129 with validation R2: 0.6476
2026-02-27 11:27:48,802 - root - INFO - Epoch [129/10000],
2026-02-27 11:27:48,802 - root - INFO - Train Results | R²: 0.8533 | RMSE: 0.3710 | IC: 0.9283 | RankIC: 0.9303
2026-02-27 11:27:48,803 - root - INFO - Valid Results | R²: 0.6476 | RMSE: 0.5892 | IC: 0.8751 | RankIC: 0.9088
2026-02-27 11:27:48,853 - root - INFO - Best model saved at epoch 130 with validation R2: 0.6489
2026-02-27 11:27:48,854 - root - INFO - Epoch [130/10000],
2026-02-27 11:27:48,854 - root - INFO - Train Results | R²: 0.8535 | RMSE: 0.3707 | IC: 0.9283 | RankIC: 0.9336
2026-02-27 11:27:48,854 - root - INFO - Valid Results | R²: 0.6489 | RMSE: 0.5881 | IC: 0.8745 | RankIC: 0.9053
2026-02-27 11:27:48,881 - root - INFO - Epoch [131/10000],
2026-02-27 11:27:48,882 - root - INFO - Train Results | R²: 0.8561 | RMSE: 0.3674 | IC: 0.9291 | RankIC: 0.9331
2026-02-27 11:27:48,882 - root - INFO - Valid Results | R²: 0.6451 | RMSE: 0.5913 | IC: 0.8713 | RankIC: 0.9035
2026-02-27 11:27:48,909 - root - INFO - Best model saved at epoch 132 with validation R2: 0.6501
2026-02-27 11:27:48,909 - root - INFO - Epoch [132/10000],
2026-02-27 11:27:48,909 - root - INFO - Train Results | R²: 0.8586 | RMSE: 0.3642 | IC: 0.9301 | RankIC: 0.9284
2026-02-27 11:27:48,909 - root - INFO - Valid Results | R²: 0.6501 | RMSE: 0.5871 | IC: 0.8741 | RankIC: 0.9088
2026-02-27 11:27:48,936 - root - INFO - Epoch [133/10000],
2026-02-27 11:27:48,936 - root - INFO - Train Results | R²: 0.8621 | RMSE: 0.3596 | IC: 0.9316 | RankIC: 0.9284
2026-02-27 11:27:48,936 - root - INFO - Valid Results | R²: 0.6493 | RMSE: 0.5877 | IC: 0.8718 | RankIC: 0.9053
2026-02-27 11:27:48,977 - root - INFO - Best model saved at epoch 134 with validation R2: 0.6545
2026-02-27 11:27:48,977 - root - INFO - Epoch [134/10000],
2026-02-27 11:27:48,978 - root - INFO - Train Results | R²: 0.8668 | RMSE: 0.3534 | IC: 0.9339 | RankIC: 0.9327
2026-02-27 11:27:48,978 - root - INFO - Valid Results | R²: 0.6545 | RMSE: 0.5834 | IC: 0.8742 | RankIC: 0.9298
2026-02-27 11:27:49,004 - root - INFO - Epoch [135/10000],
2026-02-27 11:27:49,005 - root - INFO - Train Results | R²: 0.8598 | RMSE: 0.3626 | IC: 0.9301 | RankIC: 0.9265
2026-02-27 11:27:49,005 - root - INFO - Valid Results | R²: 0.6527 | RMSE: 0.5849 | IC: 0.8725 | RankIC: 0.9211
2026-02-27 11:27:49,036 - root - INFO - Best model saved at epoch 136 with validation R2: 0.6546
2026-02-27 11:27:49,036 - root - INFO - Epoch [136/10000],
2026-02-27 11:27:49,036 - root - INFO - Train Results | R²: 0.8633 | RMSE: 0.3580 | IC: 0.9318 | RankIC: 0.9284
2026-02-27 11:27:49,037 - root - INFO - Valid Results | R²: 0.6546 | RMSE: 0.5833 | IC: 0.8731 | RankIC: 0.9211
2026-02-27 11:27:49,073 - root - INFO - Best model saved at epoch 137 with validation R2: 0.6559
2026-02-27 11:27:49,073 - root - INFO - Epoch [137/10000],
2026-02-27 11:27:49,074 - root - INFO - Train Results | R²: 0.8668 | RMSE: 0.3535 | IC: 0.9329 | RankIC: 0.9248
2026-02-27 11:27:49,074 - root - INFO - Valid Results | R²: 0.6559 | RMSE: 0.5822 | IC: 0.8753 | RankIC: 0.9158
2026-02-27 11:27:49,099 - root - INFO - Epoch [138/10000],
2026-02-27 11:27:49,101 - root - INFO - Train Results | R²: 0.8685 | RMSE: 0.3512 | IC: 0.9339 | RankIC: 0.9284
2026-02-27 11:27:49,101 - root - INFO - Valid Results | R²: 0.6557 | RMSE: 0.5823 | IC: 0.8726 | RankIC: 0.9035
2026-02-27 11:27:49,130 - root - INFO - Best model saved at epoch 139 with validation R2: 0.6586
2026-02-27 11:27:49,130 - root - INFO - Epoch [139/10000],
2026-02-27 11:27:49,130 - root - INFO - Train Results | R²: 0.8684 | RMSE: 0.3514 | IC: 0.9339 | RankIC: 0.9272
2026-02-27 11:27:49,131 - root - INFO - Valid Results | R²: 0.6586 | RMSE: 0.5799 | IC: 0.8757 | RankIC: 0.9158
2026-02-27 11:27:49,158 - root - INFO - Epoch [140/10000],
2026-02-27 11:27:49,158 - root - INFO - Train Results | R²: 0.8741 | RMSE: 0.3437 | IC: 0.9373 | RankIC: 0.9317
2026-02-27 11:27:49,159 - root - INFO - Valid Results | R²: 0.6574 | RMSE: 0.5809 | IC: 0.8746 | RankIC: 0.9035
2026-02-27 11:27:49,193 - root - INFO - Best model saved at epoch 141 with validation R2: 0.6606
2026-02-27 11:27:49,193 - root - INFO - Epoch [141/10000],
2026-02-27 11:27:49,194 - root - INFO - Train Results | R²: 0.8716 | RMSE: 0.3471 | IC: 0.9355 | RankIC: 0.9317
2026-02-27 11:27:49,194 - root - INFO - Valid Results | R²: 0.6606 | RMSE: 0.5782 | IC: 0.8762 | RankIC: 0.9000
2026-02-27 11:27:49,227 - root - INFO - Epoch [142/10000],
2026-02-27 11:27:49,227 - root - INFO - Train Results | R²: 0.8738 | RMSE: 0.3441 | IC: 0.9368 | RankIC: 0.9305
2026-02-27 11:27:49,227 - root - INFO - Valid Results | R²: 0.6579 | RMSE: 0.5805 | IC: 0.8733 | RankIC: 0.8947
2026-02-27 11:27:49,258 - root - INFO - Epoch [143/10000],
2026-02-27 11:27:49,258 - root - INFO - Train Results | R²: 0.8776 | RMSE: 0.3388 | IC: 0.9386 | RankIC: 0.9291
2026-02-27 11:27:49,259 - root - INFO - Valid Results | R²: 0.6600 | RMSE: 0.5788 | IC: 0.8756 | RankIC: 0.9070
2026-02-27 11:27:49,289 - root - INFO - Best model saved at epoch 144 with validation R2: 0.6610
2026-02-27 11:27:49,290 - root - INFO - Epoch [144/10000],
2026-02-27 11:27:49,290 - root - INFO - Train Results | R²: 0.8764 | RMSE: 0.3405 | IC: 0.9383 | RankIC: 0.9289
2026-02-27 11:27:49,290 - root - INFO - Valid Results | R²: 0.6610 | RMSE: 0.5779 | IC: 0.8753 | RankIC: 0.9018
2026-02-27 11:27:49,322 - root - INFO - Best model saved at epoch 145 with validation R2: 0.6638
2026-02-27 11:27:49,322 - root - INFO - Epoch [145/10000],
2026-02-27 11:27:49,323 - root - INFO - Train Results | R²: 0.8791 | RMSE: 0.3367 | IC: 0.9395 | RankIC: 0.9315
2026-02-27 11:27:49,323 - root - INFO - Valid Results | R²: 0.6638 | RMSE: 0.5755 | IC: 0.8766 | RankIC: 0.9088
2026-02-27 11:27:49,349 - root - INFO - Epoch [146/10000],
2026-02-27 11:27:49,349 - root - INFO - Train Results | R²: 0.8844 | RMSE: 0.3293 | IC: 0.9424 | RankIC: 0.9329
2026-02-27 11:27:49,350 - root - INFO - Valid Results | R²: 0.6629 | RMSE: 0.5763 | IC: 0.8758 | RankIC: 0.9105
2026-02-27 11:27:49,376 - root - INFO - Epoch [147/10000],
2026-02-27 11:27:49,376 - root - INFO - Train Results | R²: 0.8843 | RMSE: 0.3295 | IC: 0.9420 | RankIC: 0.9305
2026-02-27 11:27:49,377 - root - INFO - Valid Results | R²: 0.6591 | RMSE: 0.5795 | IC: 0.8737 | RankIC: 0.9053
2026-02-27 11:27:49,406 - root - INFO - Epoch [148/10000],
2026-02-27 11:27:49,406 - root - INFO - Train Results | R²: 0.8876 | RMSE: 0.3247 | IC: 0.9438 | RankIC: 0.9298
2026-02-27 11:27:49,406 - root - INFO - Valid Results | R²: 0.6638 | RMSE: 0.5755 | IC: 0.8761 | RankIC: 0.9000
2026-02-27 11:27:49,437 - root - INFO - Best model saved at epoch 149 with validation R2: 0.6642
2026-02-27 11:27:49,437 - root - INFO - Epoch [149/10000],
2026-02-27 11:27:49,437 - root - INFO - Train Results | R²: 0.8874 | RMSE: 0.3250 | IC: 0.9438 | RankIC: 0.9339
2026-02-27 11:27:49,437 - root - INFO - Valid Results | R²: 0.6642 | RMSE: 0.5751 | IC: 0.8757 | RankIC: 0.8982
2026-02-27 11:27:49,466 - root - INFO - Epoch [150/10000],
2026-02-27 11:27:49,467 - root - INFO - Train Results | R²: 0.8880 | RMSE: 0.3242 | IC: 0.9437 | RankIC: 0.9320
2026-02-27 11:27:49,467 - root - INFO - Valid Results | R²: 0.6639 | RMSE: 0.5754 | IC: 0.8742 | RankIC: 0.8947
2026-02-27 11:27:49,503 - root - INFO - Best model saved at epoch 151 with validation R2: 0.6677
2026-02-27 11:27:49,503 - root - INFO - Epoch [151/10000],
2026-02-27 11:27:49,503 - root - INFO - Train Results | R²: 0.8927 | RMSE: 0.3172 | IC: 0.9465 | RankIC: 0.9403
2026-02-27 11:27:49,503 - root - INFO - Valid Results | R²: 0.6677 | RMSE: 0.5722 | IC: 0.8768 | RankIC: 0.9018
2026-02-27 11:27:49,531 - root - INFO - Epoch [152/10000],
2026-02-27 11:27:49,531 - root - INFO - Train Results | R²: 0.8943 | RMSE: 0.3148 | IC: 0.9470 | RankIC: 0.9395
2026-02-27 11:27:49,531 - root - INFO - Valid Results | R²: 0.6676 | RMSE: 0.5722 | IC: 0.8766 | RankIC: 0.8965
2026-02-27 11:27:49,559 - root - INFO - Epoch [153/10000],
2026-02-27 11:27:49,560 - root - INFO - Train Results | R²: 0.8939 | RMSE: 0.3155 | IC: 0.9469 | RankIC: 0.9497
2026-02-27 11:27:49,560 - root - INFO - Valid Results | R²: 0.6658 | RMSE: 0.5738 | IC: 0.8758 | RankIC: 0.9035
2026-02-27 11:27:49,587 - root - INFO - Epoch [154/10000],
2026-02-27 11:27:49,587 - root - INFO - Train Results | R²: 0.8922 | RMSE: 0.3180 | IC: 0.9458 | RankIC: 0.9341
2026-02-27 11:27:49,587 - root - INFO - Valid Results | R²: 0.6659 | RMSE: 0.5737 | IC: 0.8742 | RankIC: 0.9018
2026-02-27 11:27:49,615 - root - INFO - Epoch [155/10000],
2026-02-27 11:27:49,616 - root - INFO - Train Results | R²: 0.8990 | RMSE: 0.3078 | IC: 0.9495 | RankIC: 0.9443
2026-02-27 11:27:49,616 - root - INFO - Valid Results | R²: 0.6629 | RMSE: 0.5762 | IC: 0.8730 | RankIC: 0.9053
2026-02-27 11:27:49,651 - root - INFO - Best model saved at epoch 156 with validation R2: 0.6683
2026-02-27 11:27:49,652 - root - INFO - Epoch [156/10000],
2026-02-27 11:27:49,652 - root - INFO - Train Results | R²: 0.8986 | RMSE: 0.3085 | IC: 0.9492 | RankIC: 0.9372
2026-02-27 11:27:49,653 - root - INFO - Valid Results | R²: 0.6683 | RMSE: 0.5716 | IC: 0.8756 | RankIC: 0.8965
2026-02-27 11:27:49,686 - root - INFO - Epoch [157/10000],
2026-02-27 11:27:49,686 - root - INFO - Train Results | R²: 0.8968 | RMSE: 0.3111 | IC: 0.9485 | RankIC: 0.9488
2026-02-27 11:27:49,687 - root - INFO - Valid Results | R²: 0.6668 | RMSE: 0.5729 | IC: 0.8755 | RankIC: 0.9053
2026-02-27 11:27:49,717 - root - INFO - Best model saved at epoch 158 with validation R2: 0.6692
2026-02-27 11:27:49,717 - root - INFO - Epoch [158/10000],
2026-02-27 11:27:49,717 - root - INFO - Train Results | R²: 0.8988 | RMSE: 0.3082 | IC: 0.9494 | RankIC: 0.9433
2026-02-27 11:27:49,717 - root - INFO - Valid Results | R²: 0.6692 | RMSE: 0.5709 | IC: 0.8772 | RankIC: 0.9018
2026-02-27 11:27:49,752 - root - INFO - Best model saved at epoch 159 with validation R2: 0.6694
2026-02-27 11:27:49,753 - root - INFO - Epoch [159/10000],
2026-02-27 11:27:49,753 - root - INFO - Train Results | R²: 0.9061 | RMSE: 0.2967 | IC: 0.9533 | RankIC: 0.9410
2026-02-27 11:27:49,753 - root - INFO - Valid Results | R²: 0.6694 | RMSE: 0.5706 | IC: 0.8761 | RankIC: 0.8982
2026-02-27 11:27:49,783 - root - INFO - Best model saved at epoch 160 with validation R2: 0.6717
2026-02-27 11:27:49,783 - root - INFO - Epoch [160/10000],
2026-02-27 11:27:49,783 - root - INFO - Train Results | R²: 0.9052 | RMSE: 0.2983 | IC: 0.9529 | RankIC: 0.9414
2026-02-27 11:27:49,783 - root - INFO - Valid Results | R²: 0.6717 | RMSE: 0.5687 | IC: 0.8793 | RankIC: 0.9105
2026-02-27 11:27:49,810 - root - INFO - Epoch [161/10000],
2026-02-27 11:27:49,811 - root - INFO - Train Results | R²: 0.9081 | RMSE: 0.2937 | IC: 0.9542 | RankIC: 0.9407
2026-02-27 11:27:49,811 - root - INFO - Valid Results | R²: 0.6709 | RMSE: 0.5693 | IC: 0.8773 | RankIC: 0.9018
2026-02-27 11:27:49,839 - root - INFO - Epoch [162/10000],
2026-02-27 11:27:49,839 - root - INFO - Train Results | R²: 0.9135 | RMSE: 0.2849 | IC: 0.9572 | RankIC: 0.9566
2026-02-27 11:27:49,839 - root - INFO - Valid Results | R²: 0.6699 | RMSE: 0.5703 | IC: 0.8771 | RankIC: 0.8982
2026-02-27 11:27:49,868 - root - INFO - Best model saved at epoch 163 with validation R2: 0.6723
2026-02-27 11:27:49,868 - root - INFO - Epoch [163/10000],
2026-02-27 11:27:49,869 - root - INFO - Train Results | R²: 0.9085 | RMSE: 0.2929 | IC: 0.9546 | RankIC: 0.9550
2026-02-27 11:27:49,869 - root - INFO - Valid Results | R²: 0.6723 | RMSE: 0.5681 | IC: 0.8779 | RankIC: 0.8982
2026-02-27 11:27:49,908 - root - INFO - Epoch [164/10000],
2026-02-27 11:27:49,908 - root - INFO - Train Results | R²: 0.9121 | RMSE: 0.2871 | IC: 0.9562 | RankIC: 0.9573
2026-02-27 11:27:49,908 - root - INFO - Valid Results | R²: 0.6697 | RMSE: 0.5704 | IC: 0.8761 | RankIC: 0.8947
2026-02-27 11:27:49,939 - root - INFO - Epoch [165/10000],
2026-02-27 11:27:49,939 - root - INFO - Train Results | R²: 0.9155 | RMSE: 0.2815 | IC: 0.9582 | RankIC: 0.9587
2026-02-27 11:27:49,939 - root - INFO - Valid Results | R²: 0.6710 | RMSE: 0.5693 | IC: 0.8761 | RankIC: 0.8930
2026-02-27 11:27:49,973 - root - INFO - Best model saved at epoch 166 with validation R2: 0.6751
2026-02-27 11:27:49,974 - root - INFO - Epoch [166/10000],
2026-02-27 11:27:49,974 - root - INFO - Train Results | R²: 0.9149 | RMSE: 0.2825 | IC: 0.9578 | RankIC: 0.9564
2026-02-27 11:27:49,974 - root - INFO - Valid Results | R²: 0.6751 | RMSE: 0.5657 | IC: 0.8801 | RankIC: 0.8947
2026-02-27 11:27:50,006 - root - INFO - Epoch [167/10000],
2026-02-27 11:27:50,007 - root - INFO - Train Results | R²: 0.9184 | RMSE: 0.2766 | IC: 0.9594 | RankIC: 0.9614
2026-02-27 11:27:50,007 - root - INFO - Valid Results | R²: 0.6752 | RMSE: 0.5656 | IC: 0.8801 | RankIC: 0.8947
2026-02-27 11:27:50,032 - root - INFO - Epoch [168/10000],
2026-02-27 11:27:50,033 - root - INFO - Train Results | R²: 0.9178 | RMSE: 0.2777 | IC: 0.9590 | RankIC: 0.9547
2026-02-27 11:27:50,033 - root - INFO - Valid Results | R²: 0.6735 | RMSE: 0.5671 | IC: 0.8782 | RankIC: 0.9018
2026-02-27 11:27:50,060 - root - INFO - Epoch [169/10000],
2026-02-27 11:27:50,060 - root - INFO - Train Results | R²: 0.9213 | RMSE: 0.2717 | IC: 0.9608 | RankIC: 0.9647
2026-02-27 11:27:50,060 - root - INFO - Valid Results | R²: 0.6730 | RMSE: 0.5675 | IC: 0.8775 | RankIC: 0.9035
2026-02-27 11:27:50,085 - root - INFO - Epoch [170/10000],
2026-02-27 11:27:50,086 - root - INFO - Train Results | R²: 0.9245 | RMSE: 0.2661 | IC: 0.9624 | RankIC: 0.9614
2026-02-27 11:27:50,086 - root - INFO - Valid Results | R²: 0.6739 | RMSE: 0.5668 | IC: 0.8772 | RankIC: 0.9053
2026-02-27 11:27:50,115 - root - INFO - Epoch [171/10000],
2026-02-27 11:27:50,116 - root - INFO - Train Results | R²: 0.9271 | RMSE: 0.2615 | IC: 0.9639 | RankIC: 0.9625
2026-02-27 11:27:50,116 - root - INFO - Valid Results | R²: 0.6747 | RMSE: 0.5661 | IC: 0.8776 | RankIC: 0.8982
2026-02-27 11:27:50,148 - root - INFO - Best model saved at epoch 172 with validation R2: 0.6756
2026-02-27 11:27:50,148 - root - INFO - Epoch [172/10000],
2026-02-27 11:27:50,149 - root - INFO - Train Results | R²: 0.9265 | RMSE: 0.2625 | IC: 0.9635 | RankIC: 0.9633
2026-02-27 11:27:50,149 - root - INFO - Valid Results | R²: 0.6756 | RMSE: 0.5653 | IC: 0.8784 | RankIC: 0.9053
2026-02-27 11:27:50,181 - root - INFO - Best model saved at epoch 173 with validation R2: 0.6766
2026-02-27 11:27:50,181 - root - INFO - Epoch [173/10000],
2026-02-27 11:27:50,182 - root - INFO - Train Results | R²: 0.9258 | RMSE: 0.2638 | IC: 0.9632 | RankIC: 0.9602
2026-02-27 11:27:50,182 - root - INFO - Valid Results | R²: 0.6766 | RMSE: 0.5644 | IC: 0.8794 | RankIC: 0.8982
2026-02-27 11:27:50,210 - root - INFO - Best model saved at epoch 174 with validation R2: 0.6781
2026-02-27 11:27:50,210 - root - INFO - Epoch [174/10000],
2026-02-27 11:27:50,210 - root - INFO - Train Results | R²: 0.9269 | RMSE: 0.2618 | IC: 0.9641 | RankIC: 0.9644
2026-02-27 11:27:50,210 - root - INFO - Valid Results | R²: 0.6781 | RMSE: 0.5631 | IC: 0.8792 | RankIC: 0.8982
2026-02-27 11:27:50,238 - root - INFO - Epoch [175/10000],
2026-02-27 11:27:50,238 - root - INFO - Train Results | R²: 0.9291 | RMSE: 0.2579 | IC: 0.9648 | RankIC: 0.9689
2026-02-27 11:27:50,238 - root - INFO - Valid Results | R²: 0.6770 | RMSE: 0.5640 | IC: 0.8783 | RankIC: 0.8982
2026-02-27 11:27:50,269 - root - INFO - Epoch [176/10000],
2026-02-27 11:27:50,270 - root - INFO - Train Results | R²: 0.9275 | RMSE: 0.2609 | IC: 0.9640 | RankIC: 0.9616
2026-02-27 11:27:50,270 - root - INFO - Valid Results | R²: 0.6763 | RMSE: 0.5646 | IC: 0.8783 | RankIC: 0.8947
2026-02-27 11:27:50,310 - root - INFO - Best model saved at epoch 177 with validation R2: 0.6799
2026-02-27 11:27:50,310 - root - INFO - Epoch [177/10000],
2026-02-27 11:27:50,311 - root - INFO - Train Results | R²: 0.9323 | RMSE: 0.2520 | IC: 0.9666 | RankIC: 0.9656
2026-02-27 11:27:50,311 - root - INFO - Valid Results | R²: 0.6799 | RMSE: 0.5616 | IC: 0.8807 | RankIC: 0.8947
2026-02-27 11:27:50,343 - root - INFO - Epoch [178/10000],
2026-02-27 11:27:50,343 - root - INFO - Train Results | R²: 0.9334 | RMSE: 0.2499 | IC: 0.9672 | RankIC: 0.9647
2026-02-27 11:27:50,344 - root - INFO - Valid Results | R²: 0.6772 | RMSE: 0.5639 | IC: 0.8792 | RankIC: 0.8982
2026-02-27 11:27:50,377 - root - INFO - Best model saved at epoch 179 with validation R2: 0.6802
2026-02-27 11:27:50,377 - root - INFO - Epoch [179/10000],
2026-02-27 11:27:50,377 - root - INFO - Train Results | R²: 0.9346 | RMSE: 0.2477 | IC: 0.9675 | RankIC: 0.9701
2026-02-27 11:27:50,377 - root - INFO - Valid Results | R²: 0.6802 | RMSE: 0.5613 | IC: 0.8810 | RankIC: 0.9053
2026-02-27 11:27:50,405 - root - INFO - Epoch [180/10000],
2026-02-27 11:27:50,405 - root - INFO - Train Results | R²: 0.9384 | RMSE: 0.2404 | IC: 0.9695 | RankIC: 0.9654
2026-02-27 11:27:50,405 - root - INFO - Valid Results | R²: 0.6785 | RMSE: 0.5627 | IC: 0.8789 | RankIC: 0.8982
2026-02-27 11:27:50,435 - root - INFO - Best model saved at epoch 181 with validation R2: 0.6818
2026-02-27 11:27:50,435 - root - INFO - Epoch [181/10000],
2026-02-27 11:27:50,435 - root - INFO - Train Results | R²: 0.9366 | RMSE: 0.2439 | IC: 0.9686 | RankIC: 0.9666
2026-02-27 11:27:50,435 - root - INFO - Valid Results | R²: 0.6818 | RMSE: 0.5599 | IC: 0.8808 | RankIC: 0.9053
2026-02-27 11:27:50,464 - root - INFO - Best model saved at epoch 182 with validation R2: 0.6824
2026-02-27 11:27:50,464 - root - INFO - Epoch [182/10000],
2026-02-27 11:27:50,465 - root - INFO - Train Results | R²: 0.9405 | RMSE: 0.2362 | IC: 0.9704 | RankIC: 0.9697
2026-02-27 11:27:50,465 - root - INFO - Valid Results | R²: 0.6824 | RMSE: 0.5593 | IC: 0.8823 | RankIC: 0.9018
2026-02-27 11:27:50,498 - root - INFO - Best model saved at epoch 183 with validation R2: 0.6840
2026-02-27 11:27:50,498 - root - INFO - Epoch [183/10000],
2026-02-27 11:27:50,498 - root - INFO - Train Results | R²: 0.9399 | RMSE: 0.2374 | IC: 0.9701 | RankIC: 0.9666
2026-02-27 11:27:50,498 - root - INFO - Valid Results | R²: 0.6840 | RMSE: 0.5580 | IC: 0.8834 | RankIC: 0.8947
2026-02-27 11:27:50,531 - root - INFO - Epoch [184/10000],
2026-02-27 11:27:50,532 - root - INFO - Train Results | R²: 0.9409 | RMSE: 0.2355 | IC: 0.9705 | RankIC: 0.9697
2026-02-27 11:27:50,532 - root - INFO - Valid Results | R²: 0.6823 | RMSE: 0.5594 | IC: 0.8813 | RankIC: 0.8947
2026-02-27 11:27:50,561 - root - INFO - Epoch [185/10000],
2026-02-27 11:27:50,561 - root - INFO - Train Results | R²: 0.9420 | RMSE: 0.2333 | IC: 0.9714 | RankIC: 0.9680
2026-02-27 11:27:50,561 - root - INFO - Valid Results | R²: 0.6803 | RMSE: 0.5612 | IC: 0.8812 | RankIC: 0.8982
2026-02-27 11:27:50,592 - root - INFO - Epoch [186/10000],
2026-02-27 11:27:50,593 - root - INFO - Train Results | R²: 0.9434 | RMSE: 0.2305 | IC: 0.9721 | RankIC: 0.9718
2026-02-27 11:27:50,593 - root - INFO - Valid Results | R²: 0.6787 | RMSE: 0.5625 | IC: 0.8795 | RankIC: 0.9018
2026-02-27 11:27:50,619 - root - INFO - Epoch [187/10000],
2026-02-27 11:27:50,619 - root - INFO - Train Results | R²: 0.9435 | RMSE: 0.2302 | IC: 0.9720 | RankIC: 0.9687
2026-02-27 11:27:50,619 - root - INFO - Valid Results | R²: 0.6838 | RMSE: 0.5581 | IC: 0.8827 | RankIC: 0.8877
2026-02-27 11:27:50,653 - root - INFO - Best model saved at epoch 188 with validation R2: 0.6842
2026-02-27 11:27:50,653 - root - INFO - Epoch [188/10000],
2026-02-27 11:27:50,654 - root - INFO - Train Results | R²: 0.9449 | RMSE: 0.2273 | IC: 0.9732 | RankIC: 0.9713
2026-02-27 11:27:50,654 - root - INFO - Valid Results | R²: 0.6842 | RMSE: 0.5577 | IC: 0.8829 | RankIC: 0.8912
2026-02-27 11:27:50,688 - root - INFO - Epoch [189/10000],
2026-02-27 11:27:50,689 - root - INFO - Train Results | R²: 0.9457 | RMSE: 0.2257 | IC: 0.9732 | RankIC: 0.9734
2026-02-27 11:27:50,689 - root - INFO - Valid Results | R²: 0.6842 | RMSE: 0.5577 | IC: 0.8829 | RankIC: 0.8982
2026-02-27 11:27:50,718 - root - INFO - Epoch [190/10000],
2026-02-27 11:27:50,718 - root - INFO - Train Results | R²: 0.9491 | RMSE: 0.2186 | IC: 0.9748 | RankIC: 0.9694
2026-02-27 11:27:50,719 - root - INFO - Valid Results | R²: 0.6801 | RMSE: 0.5613 | IC: 0.8798 | RankIC: 0.8912
2026-02-27 11:27:50,746 - root - INFO - Epoch [191/10000],
2026-02-27 11:27:50,746 - root - INFO - Train Results | R²: 0.9503 | RMSE: 0.2160 | IC: 0.9754 | RankIC: 0.9744
2026-02-27 11:27:50,746 - root - INFO - Valid Results | R²: 0.6820 | RMSE: 0.5597 | IC: 0.8812 | RankIC: 0.8912
2026-02-27 11:27:50,774 - root - INFO - Epoch [192/10000],
2026-02-27 11:27:50,775 - root - INFO - Train Results | R²: 0.9497 | RMSE: 0.2173 | IC: 0.9750 | RankIC: 0.9725
2026-02-27 11:27:50,775 - root - INFO - Valid Results | R²: 0.6835 | RMSE: 0.5583 | IC: 0.8819 | RankIC: 0.8912
2026-02-27 11:27:50,804 - root - INFO - Epoch [193/10000],
2026-02-27 11:27:50,804 - root - INFO - Train Results | R²: 0.9523 | RMSE: 0.2116 | IC: 0.9764 | RankIC: 0.9734
2026-02-27 11:27:50,805 - root - INFO - Valid Results | R²: 0.6825 | RMSE: 0.5592 | IC: 0.8806 | RankIC: 0.9018
2026-02-27 11:27:50,833 - root - INFO - Best model saved at epoch 194 with validation R2: 0.6857
2026-02-27 11:27:50,834 - root - INFO - Epoch [194/10000],
2026-02-27 11:27:50,834 - root - INFO - Train Results | R²: 0.9511 | RMSE: 0.2143 | IC: 0.9758 | RankIC: 0.9713
2026-02-27 11:27:50,834 - root - INFO - Valid Results | R²: 0.6857 | RMSE: 0.5564 | IC: 0.8832 | RankIC: 0.8982
2026-02-27 11:27:50,865 - root - INFO - Epoch [195/10000],
2026-02-27 11:27:50,866 - root - INFO - Train Results | R²: 0.9523 | RMSE: 0.2114 | IC: 0.9765 | RankIC: 0.9751
2026-02-27 11:27:50,866 - root - INFO - Valid Results | R²: 0.6853 | RMSE: 0.5567 | IC: 0.8834 | RankIC: 0.8982
2026-02-27 11:27:50,898 - root - INFO - Epoch [196/10000],
2026-02-27 11:27:50,898 - root - INFO - Train Results | R²: 0.9559 | RMSE: 0.2034 | IC: 0.9783 | RankIC: 0.9742
2026-02-27 11:27:50,898 - root - INFO - Valid Results | R²: 0.6839 | RMSE: 0.5580 | IC: 0.8819 | RankIC: 0.8947
2026-02-27 11:27:50,926 - root - INFO - Best model saved at epoch 197 with validation R2: 0.6882
2026-02-27 11:27:50,927 - root - INFO - Epoch [197/10000],
2026-02-27 11:27:50,927 - root - INFO - Train Results | R²: 0.9553 | RMSE: 0.2047 | IC: 0.9779 | RankIC: 0.9746
2026-02-27 11:27:50,927 - root - INFO - Valid Results | R²: 0.6882 | RMSE: 0.5542 | IC: 0.8842 | RankIC: 0.8912
2026-02-27 11:27:50,957 - root - INFO - Epoch [198/10000],
2026-02-27 11:27:50,957 - root - INFO - Train Results | R²: 0.9527 | RMSE: 0.2107 | IC: 0.9767 | RankIC: 0.9744
2026-02-27 11:27:50,957 - root - INFO - Valid Results | R²: 0.6876 | RMSE: 0.5547 | IC: 0.8836 | RankIC: 0.8772
2026-02-27 11:27:50,992 - root - INFO - Best model saved at epoch 199 with validation R2: 0.6894
2026-02-27 11:27:50,993 - root - INFO - Epoch [199/10000],
2026-02-27 11:27:50,993 - root - INFO - Train Results | R²: 0.9548 | RMSE: 0.2059 | IC: 0.9779 | RankIC: 0.9765
2026-02-27 11:27:50,993 - root - INFO - Valid Results | R²: 0.6894 | RMSE: 0.5532 | IC: 0.8849 | RankIC: 0.8912
2026-02-27 11:27:51,023 - root - INFO - Epoch [200/10000],
2026-02-27 11:27:51,023 - root - INFO - Train Results | R²: 0.9578 | RMSE: 0.1989 | IC: 0.9792 | RankIC: 0.9753
2026-02-27 11:27:51,023 - root - INFO - Valid Results | R²: 0.6857 | RMSE: 0.5565 | IC: 0.8826 | RankIC: 0.8982
2026-02-27 11:27:51,051 - root - INFO - Epoch [201/10000],
2026-02-27 11:27:51,051 - root - INFO - Train Results | R²: 0.9587 | RMSE: 0.1968 | IC: 0.9797 | RankIC: 0.9756
2026-02-27 11:27:51,051 - root - INFO - Valid Results | R²: 0.6865 | RMSE: 0.5557 | IC: 0.8830 | RankIC: 0.8860
2026-02-27 11:27:51,085 - root - INFO - Epoch [202/10000],
2026-02-27 11:27:51,085 - root - INFO - Train Results | R²: 0.9594 | RMSE: 0.1952 | IC: 0.9799 | RankIC: 0.9751
2026-02-27 11:27:51,085 - root - INFO - Valid Results | R²: 0.6885 | RMSE: 0.5539 | IC: 0.8855 | RankIC: 0.9070
2026-02-27 11:27:51,121 - root - INFO - Epoch [203/10000],
2026-02-27 11:27:51,121 - root - INFO - Train Results | R²: 0.9586 | RMSE: 0.1971 | IC: 0.9798 | RankIC: 0.9756
2026-02-27 11:27:51,122 - root - INFO - Valid Results | R²: 0.6865 | RMSE: 0.5557 | IC: 0.8836 | RankIC: 0.8912
2026-02-27 11:27:51,152 - root - INFO - Epoch [204/10000],
2026-02-27 11:27:51,152 - root - INFO - Train Results | R²: 0.9605 | RMSE: 0.1926 | IC: 0.9805 | RankIC: 0.9791
2026-02-27 11:27:51,153 - root - INFO - Valid Results | R²: 0.6883 | RMSE: 0.5541 | IC: 0.8843 | RankIC: 0.9070
2026-02-27 11:27:51,183 - root - INFO - Epoch [205/10000],
2026-02-27 11:27:51,184 - root - INFO - Train Results | R²: 0.9627 | RMSE: 0.1871 | IC: 0.9816 | RankIC: 0.9775
2026-02-27 11:27:51,184 - root - INFO - Valid Results | R²: 0.6857 | RMSE: 0.5564 | IC: 0.8830 | RankIC: 0.9000
2026-02-27 11:27:51,216 - root - INFO - Best model saved at epoch 206 with validation R2: 0.6907
2026-02-27 11:27:51,216 - root - INFO - Epoch [206/10000],
2026-02-27 11:27:51,216 - root - INFO - Train Results | R²: 0.9636 | RMSE: 0.1848 | IC: 0.9820 | RankIC: 0.9770
2026-02-27 11:27:51,216 - root - INFO - Valid Results | R²: 0.6907 | RMSE: 0.5520 | IC: 0.8865 | RankIC: 0.9070
2026-02-27 11:27:51,246 - root - INFO - Epoch [207/10000],
2026-02-27 11:27:51,246 - root - INFO - Train Results | R²: 0.9643 | RMSE: 0.1830 | IC: 0.9823 | RankIC: 0.9789
2026-02-27 11:27:51,246 - root - INFO - Valid Results | R²: 0.6879 | RMSE: 0.5545 | IC: 0.8847 | RankIC: 0.9000
2026-02-27 11:27:51,273 - root - INFO - Epoch [208/10000],
2026-02-27 11:27:51,273 - root - INFO - Train Results | R²: 0.9647 | RMSE: 0.1820 | IC: 0.9825 | RankIC: 0.9775
2026-02-27 11:27:51,274 - root - INFO - Valid Results | R²: 0.6891 | RMSE: 0.5534 | IC: 0.8843 | RankIC: 0.8860
2026-02-27 11:27:51,306 - root - INFO - Epoch [209/10000],
2026-02-27 11:27:51,306 - root - INFO - Train Results | R²: 0.9670 | RMSE: 0.1760 | IC: 0.9836 | RankIC: 0.9791
2026-02-27 11:27:51,306 - root - INFO - Valid Results | R²: 0.6902 | RMSE: 0.5524 | IC: 0.8850 | RankIC: 0.9018
2026-02-27 11:27:51,337 - root - INFO - Epoch [210/10000],
2026-02-27 11:27:51,338 - root - INFO - Train Results | R²: 0.9659 | RMSE: 0.1790 | IC: 0.9833 | RankIC: 0.9791
2026-02-27 11:27:51,338 - root - INFO - Valid Results | R²: 0.6867 | RMSE: 0.5555 | IC: 0.8842 | RankIC: 0.8877
2026-02-27 11:27:51,365 - root - INFO - Best model saved at epoch 211 with validation R2: 0.6913
2026-02-27 11:27:51,366 - root - INFO - Epoch [211/10000],
2026-02-27 11:27:51,366 - root - INFO - Train Results | R²: 0.9688 | RMSE: 0.1710 | IC: 0.9847 | RankIC: 0.9784
2026-02-27 11:27:51,366 - root - INFO - Valid Results | R²: 0.6913 | RMSE: 0.5514 | IC: 0.8860 | RankIC: 0.9018
2026-02-27 11:27:51,395 - root - INFO - Epoch [212/10000],
2026-02-27 11:27:51,396 - root - INFO - Train Results | R²: 0.9673 | RMSE: 0.1753 | IC: 0.9838 | RankIC: 0.9777
2026-02-27 11:27:51,396 - root - INFO - Valid Results | R²: 0.6888 | RMSE: 0.5537 | IC: 0.8847 | RankIC: 0.9018
2026-02-27 11:27:51,423 - root - INFO - Epoch [213/10000],
2026-02-27 11:27:51,423 - root - INFO - Train Results | R²: 0.9678 | RMSE: 0.1738 | IC: 0.9843 | RankIC: 0.9784
2026-02-27 11:27:51,423 - root - INFO - Valid Results | R²: 0.6899 | RMSE: 0.5527 | IC: 0.8847 | RankIC: 0.8877
2026-02-27 11:27:51,455 - root - INFO - Epoch [214/10000],
2026-02-27 11:27:51,455 - root - INFO - Train Results | R²: 0.9691 | RMSE: 0.1703 | IC: 0.9848 | RankIC: 0.9798
2026-02-27 11:27:51,455 - root - INFO - Valid Results | R²: 0.6912 | RMSE: 0.5515 | IC: 0.8861 | RankIC: 0.9088
2026-02-27 11:27:51,503 - root - INFO - Epoch [215/10000],
2026-02-27 11:27:51,503 - root - INFO - Train Results | R²: 0.9704 | RMSE: 0.1667 | IC: 0.9854 | RankIC: 0.9794
2026-02-27 11:27:51,503 - root - INFO - Valid Results | R²: 0.6910 | RMSE: 0.5517 | IC: 0.8865 | RankIC: 0.8877
2026-02-27 11:27:51,534 - root - INFO - Best model saved at epoch 216 with validation R2: 0.6933
2026-02-27 11:27:51,534 - root - INFO - Epoch [216/10000],
2026-02-27 11:27:51,534 - root - INFO - Train Results | R²: 0.9704 | RMSE: 0.1667 | IC: 0.9854 | RankIC: 0.9803
2026-02-27 11:27:51,534 - root - INFO - Valid Results | R²: 0.6933 | RMSE: 0.5496 | IC: 0.8881 | RankIC: 0.9000
2026-02-27 11:27:51,561 - root - INFO - Epoch [217/10000],
2026-02-27 11:27:51,561 - root - INFO - Train Results | R²: 0.9709 | RMSE: 0.1653 | IC: 0.9856 | RankIC: 0.9798
2026-02-27 11:27:51,561 - root - INFO - Valid Results | R²: 0.6923 | RMSE: 0.5505 | IC: 0.8876 | RankIC: 0.9018
2026-02-27 11:27:51,587 - root - INFO - Epoch [218/10000],
2026-02-27 11:27:51,587 - root - INFO - Train Results | R²: 0.9724 | RMSE: 0.1609 | IC: 0.9863 | RankIC: 0.9798
2026-02-27 11:27:51,588 - root - INFO - Valid Results | R²: 0.6931 | RMSE: 0.5498 | IC: 0.8867 | RankIC: 0.9018
2026-02-27 11:27:51,617 - root - INFO - Epoch [219/10000],
2026-02-27 11:27:51,617 - root - INFO - Train Results | R²: 0.9745 | RMSE: 0.1547 | IC: 0.9874 | RankIC: 0.9813
2026-02-27 11:27:51,617 - root - INFO - Valid Results | R²: 0.6914 | RMSE: 0.5514 | IC: 0.8869 | RankIC: 0.8877
2026-02-27 11:27:51,651 - root - INFO - Best model saved at epoch 220 with validation R2: 0.6948
2026-02-27 11:27:51,652 - root - INFO - Epoch [220/10000],
2026-02-27 11:27:51,652 - root - INFO - Train Results | R²: 0.9756 | RMSE: 0.1512 | IC: 0.9881 | RankIC: 0.9822
2026-02-27 11:27:51,652 - root - INFO - Valid Results | R²: 0.6948 | RMSE: 0.5483 | IC: 0.8888 | RankIC: 0.9088
2026-02-27 11:27:51,681 - root - INFO - Epoch [221/10000],
2026-02-27 11:27:51,681 - root - INFO - Train Results | R²: 0.9718 | RMSE: 0.1627 | IC: 0.9861 | RankIC: 0.9813
2026-02-27 11:27:51,681 - root - INFO - Valid Results | R²: 0.6924 | RMSE: 0.5504 | IC: 0.8867 | RankIC: 0.8877
2026-02-27 11:27:51,707 - root - INFO - Epoch [222/10000],
2026-02-27 11:27:51,708 - root - INFO - Train Results | R²: 0.9744 | RMSE: 0.1550 | IC: 0.9873 | RankIC: 0.9806
2026-02-27 11:27:51,708 - root - INFO - Valid Results | R²: 0.6902 | RMSE: 0.5524 | IC: 0.8855 | RankIC: 0.8877
2026-02-27 11:27:51,737 - root - INFO - Epoch [223/10000],
2026-02-27 11:27:51,738 - root - INFO - Train Results | R²: 0.9737 | RMSE: 0.1572 | IC: 0.9869 | RankIC: 0.9810
2026-02-27 11:27:51,738 - root - INFO - Valid Results | R²: 0.6930 | RMSE: 0.5499 | IC: 0.8864 | RankIC: 0.9000
2026-02-27 11:27:51,774 - root - INFO - Best model saved at epoch 224 with validation R2: 0.6955
2026-02-27 11:27:51,774 - root - INFO - Epoch [224/10000],
2026-02-27 11:27:51,774 - root - INFO - Train Results | R²: 0.9751 | RMSE: 0.1530 | IC: 0.9875 | RankIC: 0.9810
2026-02-27 11:27:51,774 - root - INFO - Valid Results | R²: 0.6955 | RMSE: 0.5477 | IC: 0.8880 | RankIC: 0.8877
2026-02-27 11:27:51,807 - root - INFO - Epoch [225/10000],
2026-02-27 11:27:51,807 - root - INFO - Train Results | R²: 0.9751 | RMSE: 0.1528 | IC: 0.9876 | RankIC: 0.9808
2026-02-27 11:27:51,808 - root - INFO - Valid Results | R²: 0.6928 | RMSE: 0.5501 | IC: 0.8872 | RankIC: 0.8877
2026-02-27 11:27:51,836 - root - INFO - Epoch [226/10000],
2026-02-27 11:27:51,837 - root - INFO - Train Results | R²: 0.9754 | RMSE: 0.1520 | IC: 0.9879 | RankIC: 0.9813
2026-02-27 11:27:51,837 - root - INFO - Valid Results | R²: 0.6940 | RMSE: 0.5490 | IC: 0.8870 | RankIC: 0.8860
2026-02-27 11:27:51,867 - root - INFO - Epoch [227/10000],
2026-02-27 11:27:51,868 - root - INFO - Train Results | R²: 0.9752 | RMSE: 0.1526 | IC: 0.9876 | RankIC: 0.9815
2026-02-27 11:27:51,868 - root - INFO - Valid Results | R²: 0.6914 | RMSE: 0.5513 | IC: 0.8865 | RankIC: 0.9018
2026-02-27 11:27:51,900 - root - INFO - Epoch [228/10000],
2026-02-27 11:27:51,900 - root - INFO - Train Results | R²: 0.9775 | RMSE: 0.1454 | IC: 0.9890 | RankIC: 0.9817
2026-02-27 11:27:51,900 - root - INFO - Valid Results | R²: 0.6946 | RMSE: 0.5485 | IC: 0.8876 | RankIC: 0.8877
2026-02-27 11:27:51,931 - root - INFO - Best model saved at epoch 229 with validation R2: 0.6956
2026-02-27 11:27:51,931 - root - INFO - Epoch [229/10000],
2026-02-27 11:27:51,931 - root - INFO - Train Results | R²: 0.9771 | RMSE: 0.1467 | IC: 0.9886 | RankIC: 0.9801
2026-02-27 11:27:51,931 - root - INFO - Valid Results | R²: 0.6956 | RMSE: 0.5476 | IC: 0.8892 | RankIC: 0.8877
2026-02-27 11:27:51,961 - root - INFO - Epoch [230/10000],
2026-02-27 11:27:51,961 - root - INFO - Train Results | R²: 0.9789 | RMSE: 0.1406 | IC: 0.9896 | RankIC: 0.9817
2026-02-27 11:27:51,961 - root - INFO - Valid Results | R²: 0.6934 | RMSE: 0.5496 | IC: 0.8881 | RankIC: 0.9018
2026-02-27 11:27:51,988 - root - INFO - Epoch [231/10000],
2026-02-27 11:27:51,988 - root - INFO - Train Results | R²: 0.9775 | RMSE: 0.1454 | IC: 0.9888 | RankIC: 0.9810
2026-02-27 11:27:51,988 - root - INFO - Valid Results | R²: 0.6904 | RMSE: 0.5523 | IC: 0.8856 | RankIC: 0.8807
2026-02-27 11:27:52,021 - root - INFO - Epoch [232/10000],
2026-02-27 11:27:52,021 - root - INFO - Train Results | R²: 0.9777 | RMSE: 0.1447 | IC: 0.9889 | RankIC: 0.9803
2026-02-27 11:27:52,022 - root - INFO - Valid Results | R²: 0.6925 | RMSE: 0.5504 | IC: 0.8866 | RankIC: 0.8807
2026-02-27 11:27:52,056 - root - INFO - Best model saved at epoch 233 with validation R2: 0.6964
2026-02-27 11:27:52,056 - root - INFO - Epoch [233/10000],
2026-02-27 11:27:52,057 - root - INFO - Train Results | R²: 0.9802 | RMSE: 0.1362 | IC: 0.9903 | RankIC: 0.9827
2026-02-27 11:27:52,057 - root - INFO - Valid Results | R²: 0.6964 | RMSE: 0.5469 | IC: 0.8895 | RankIC: 0.8772
2026-02-27 11:27:52,083 - root - INFO - Epoch [234/10000],
2026-02-27 11:27:52,083 - root - INFO - Train Results | R²: 0.9815 | RMSE: 0.1319 | IC: 0.9909 | RankIC: 0.9841
2026-02-27 11:27:52,084 - root - INFO - Valid Results | R²: 0.6937 | RMSE: 0.5492 | IC: 0.8889 | RankIC: 0.8877
2026-02-27 11:27:52,115 - root - INFO - Epoch [235/10000],
2026-02-27 11:27:52,115 - root - INFO - Train Results | R²: 0.9779 | RMSE: 0.1440 | IC: 0.9890 | RankIC: 0.9810
2026-02-27 11:27:52,115 - root - INFO - Valid Results | R²: 0.6927 | RMSE: 0.5501 | IC: 0.8864 | RankIC: 0.8807
2026-02-27 11:27:52,145 - root - INFO - Epoch [236/10000],
2026-02-27 11:27:52,145 - root - INFO - Train Results | R²: 0.9802 | RMSE: 0.1363 | IC: 0.9902 | RankIC: 0.9817
2026-02-27 11:27:52,145 - root - INFO - Valid Results | R²: 0.6939 | RMSE: 0.5491 | IC: 0.8876 | RankIC: 0.8842
2026-02-27 11:27:52,176 - root - INFO - Epoch [237/10000],
2026-02-27 11:27:52,176 - root - INFO - Train Results | R²: 0.9781 | RMSE: 0.1432 | IC: 0.9892 | RankIC: 0.9803
2026-02-27 11:27:52,176 - root - INFO - Valid Results | R²: 0.6951 | RMSE: 0.5480 | IC: 0.8882 | RankIC: 0.8860
2026-02-27 11:27:52,216 - root - INFO - Epoch [238/10000],
2026-02-27 11:27:52,216 - root - INFO - Train Results | R²: 0.9823 | RMSE: 0.1289 | IC: 0.9911 | RankIC: 0.9844
2026-02-27 11:27:52,216 - root - INFO - Valid Results | R²: 0.6954 | RMSE: 0.5477 | IC: 0.8881 | RankIC: 0.8842
2026-02-27 11:27:52,248 - root - INFO - Best model saved at epoch 239 with validation R2: 0.6976
2026-02-27 11:27:52,248 - root - INFO - Epoch [239/10000],
2026-02-27 11:27:52,248 - root - INFO - Train Results | R²: 0.9804 | RMSE: 0.1355 | IC: 0.9903 | RankIC: 0.9825
2026-02-27 11:27:52,249 - root - INFO - Valid Results | R²: 0.6976 | RMSE: 0.5458 | IC: 0.8904 | RankIC: 0.8842
2026-02-27 11:27:52,281 - root - INFO - Best model saved at epoch 240 with validation R2: 0.6990
2026-02-27 11:27:52,281 - root - INFO - Epoch [240/10000],
2026-02-27 11:27:52,282 - root - INFO - Train Results | R²: 0.9833 | RMSE: 0.1251 | IC: 0.9917 | RankIC: 0.9841
2026-02-27 11:27:52,282 - root - INFO - Valid Results | R²: 0.6990 | RMSE: 0.5446 | IC: 0.8890 | RankIC: 0.8807
2026-02-27 11:27:52,314 - root - INFO - Epoch [241/10000],
2026-02-27 11:27:52,314 - root - INFO - Train Results | R²: 0.9826 | RMSE: 0.1277 | IC: 0.9913 | RankIC: 0.9817
2026-02-27 11:27:52,315 - root - INFO - Valid Results | R²: 0.6975 | RMSE: 0.5459 | IC: 0.8899 | RankIC: 0.8947
2026-02-27 11:27:52,344 - root - INFO - Best model saved at epoch 242 with validation R2: 0.6991
2026-02-27 11:27:52,344 - root - INFO - Epoch [242/10000],
2026-02-27 11:27:52,344 - root - INFO - Train Results | R²: 0.9848 | RMSE: 0.1196 | IC: 0.9924 | RankIC: 0.9836
2026-02-27 11:27:52,344 - root - INFO - Valid Results | R²: 0.6991 | RMSE: 0.5444 | IC: 0.8905 | RankIC: 0.8772
2026-02-27 11:27:52,369 - root - INFO - Epoch [243/10000],
2026-02-27 11:27:52,369 - root - INFO - Train Results | R²: 0.9824 | RMSE: 0.1284 | IC: 0.9912 | RankIC: 0.9841
2026-02-27 11:27:52,369 - root - INFO - Valid Results | R²: 0.6939 | RMSE: 0.5491 | IC: 0.8868 | RankIC: 0.8754
2026-02-27 11:27:52,395 - root - INFO - Epoch [244/10000],
2026-02-27 11:27:52,396 - root - INFO - Train Results | R²: 0.9825 | RMSE: 0.1281 | IC: 0.9913 | RankIC: 0.9832
2026-02-27 11:27:52,396 - root - INFO - Valid Results | R²: 0.6961 | RMSE: 0.5472 | IC: 0.8893 | RankIC: 0.8737
2026-02-27 11:27:52,422 - root - INFO - Epoch [245/10000],
2026-02-27 11:27:52,422 - root - INFO - Train Results | R²: 0.9834 | RMSE: 0.1249 | IC: 0.9918 | RankIC: 0.9832
2026-02-27 11:27:52,423 - root - INFO - Valid Results | R²: 0.6974 | RMSE: 0.5459 | IC: 0.8900 | RankIC: 0.8807
2026-02-27 11:27:52,450 - root - INFO - Epoch [246/10000],
2026-02-27 11:27:52,451 - root - INFO - Train Results | R²: 0.9836 | RMSE: 0.1238 | IC: 0.9919 | RankIC: 0.9846
2026-02-27 11:27:52,451 - root - INFO - Valid Results | R²: 0.6958 | RMSE: 0.5474 | IC: 0.8890 | RankIC: 0.8825
2026-02-27 11:27:52,476 - root - INFO - Epoch [247/10000],
2026-02-27 11:27:52,477 - root - INFO - Train Results | R²: 0.9847 | RMSE: 0.1199 | IC: 0.9924 | RankIC: 0.9841
2026-02-27 11:27:52,477 - root - INFO - Valid Results | R²: 0.6951 | RMSE: 0.5480 | IC: 0.8887 | RankIC: 0.8737
2026-02-27 11:27:52,505 - root - INFO - Epoch [248/10000],
2026-02-27 11:27:52,506 - root - INFO - Train Results | R²: 0.9840 | RMSE: 0.1226 | IC: 0.9921 | RankIC: 0.9827
2026-02-27 11:27:52,506 - root - INFO - Valid Results | R²: 0.6977 | RMSE: 0.5457 | IC: 0.8897 | RankIC: 0.8737
2026-02-27 11:27:52,536 - root - INFO - Epoch [249/10000],
2026-02-27 11:27:52,536 - root - INFO - Train Results | R²: 0.9845 | RMSE: 0.1205 | IC: 0.9924 | RankIC: 0.9848
2026-02-27 11:27:52,536 - root - INFO - Valid Results | R²: 0.6970 | RMSE: 0.5463 | IC: 0.8896 | RankIC: 0.8737
2026-02-27 11:27:52,562 - root - INFO - Epoch [250/10000],
2026-02-27 11:27:52,563 - root - INFO - Train Results | R²: 0.9833 | RMSE: 0.1253 | IC: 0.9916 | RankIC: 0.9846
2026-02-27 11:27:52,563 - root - INFO - Valid Results | R²: 0.6978 | RMSE: 0.5456 | IC: 0.8901 | RankIC: 0.8807
2026-02-27 11:27:52,588 - root - INFO - Epoch [251/10000],
2026-02-27 11:27:52,589 - root - INFO - Train Results | R²: 0.9830 | RMSE: 0.1265 | IC: 0.9915 | RankIC: 0.9832
2026-02-27 11:27:52,589 - root - INFO - Valid Results | R²: 0.6980 | RMSE: 0.5454 | IC: 0.8897 | RankIC: 0.8737
2026-02-27 11:27:52,624 - root - INFO - Best model saved at epoch 252 with validation R2: 0.7006
2026-02-27 11:27:52,624 - root - INFO - Epoch [252/10000],
2026-02-27 11:27:52,624 - root - INFO - Train Results | R²: 0.9833 | RMSE: 0.1253 | IC: 0.9917 | RankIC: 0.9841
2026-02-27 11:27:52,624 - root - INFO - Valid Results | R²: 0.7006 | RMSE: 0.5431 | IC: 0.8910 | RankIC: 0.8825
2026-02-27 11:27:52,655 - root - INFO - Epoch [253/10000],
2026-02-27 11:27:52,655 - root - INFO - Train Results | R²: 0.9863 | RMSE: 0.1132 | IC: 0.9932 | RankIC: 0.9829
2026-02-27 11:27:52,655 - root - INFO - Valid Results | R²: 0.6998 | RMSE: 0.5437 | IC: 0.8907 | RankIC: 0.8737
2026-02-27 11:27:52,683 - root - INFO - Epoch [254/10000],
2026-02-27 11:27:52,683 - root - INFO - Train Results | R²: 0.9847 | RMSE: 0.1197 | IC: 0.9923 | RankIC: 0.9841
2026-02-27 11:27:52,683 - root - INFO - Valid Results | R²: 0.6978 | RMSE: 0.5456 | IC: 0.8893 | RankIC: 0.8737
2026-02-27 11:27:52,725 - root - INFO - Epoch [255/10000],
2026-02-27 11:27:52,725 - root - INFO - Train Results | R²: 0.9852 | RMSE: 0.1178 | IC: 0.9926 | RankIC: 0.9853
2026-02-27 11:27:52,726 - root - INFO - Valid Results | R²: 0.6998 | RMSE: 0.5438 | IC: 0.8906 | RankIC: 0.8737
2026-02-27 11:27:52,752 - root - INFO - Epoch [256/10000],
2026-02-27 11:27:52,753 - root - INFO - Train Results | R²: 0.9850 | RMSE: 0.1186 | IC: 0.9925 | RankIC: 0.9848
2026-02-27 11:27:52,753 - root - INFO - Valid Results | R²: 0.6981 | RMSE: 0.5453 | IC: 0.8901 | RankIC: 0.8737
2026-02-27 11:27:52,786 - root - INFO - Best model saved at epoch 257 with validation R2: 0.7010
2026-02-27 11:27:52,786 - root - INFO - Epoch [257/10000],
2026-02-27 11:27:52,786 - root - INFO - Train Results | R²: 0.9870 | RMSE: 0.1102 | IC: 0.9935 | RankIC: 0.9853
2026-02-27 11:27:52,787 - root - INFO - Valid Results | R²: 0.7010 | RMSE: 0.5427 | IC: 0.8914 | RankIC: 0.8807
2026-02-27 11:27:52,811 - root - INFO - Epoch [258/10000],
2026-02-27 11:27:52,812 - root - INFO - Train Results | R²: 0.9859 | RMSE: 0.1148 | IC: 0.9930 | RankIC: 0.9846
2026-02-27 11:27:52,812 - root - INFO - Valid Results | R²: 0.6997 | RMSE: 0.5439 | IC: 0.8913 | RankIC: 0.8807
2026-02-27 11:27:52,841 - root - INFO - Best model saved at epoch 259 with validation R2: 0.7028
2026-02-27 11:27:52,841 - root - INFO - Epoch [259/10000],
2026-02-27 11:27:52,841 - root - INFO - Train Results | R²: 0.9876 | RMSE: 0.1077 | IC: 0.9939 | RankIC: 0.9855
2026-02-27 11:27:52,841 - root - INFO - Valid Results | R²: 0.7028 | RMSE: 0.5411 | IC: 0.8922 | RankIC: 0.8807
2026-02-27 11:27:52,869 - root - INFO - Epoch [260/10000],
2026-02-27 11:27:52,869 - root - INFO - Train Results | R²: 0.9868 | RMSE: 0.1114 | IC: 0.9934 | RankIC: 0.9846
2026-02-27 11:27:52,869 - root - INFO - Valid Results | R²: 0.6977 | RMSE: 0.5457 | IC: 0.8883 | RankIC: 0.8737
2026-02-27 11:27:52,898 - root - INFO - Epoch [261/10000],
2026-02-27 11:27:52,898 - root - INFO - Train Results | R²: 0.9866 | RMSE: 0.1123 | IC: 0.9933 | RankIC: 0.9860
2026-02-27 11:27:52,898 - root - INFO - Valid Results | R²: 0.6985 | RMSE: 0.5450 | IC: 0.8893 | RankIC: 0.8737
2026-02-27 11:27:52,929 - root - INFO - Epoch [262/10000],
2026-02-27 11:27:52,929 - root - INFO - Train Results | R²: 0.9855 | RMSE: 0.1168 | IC: 0.9928 | RankIC: 0.9862
2026-02-27 11:27:52,929 - root - INFO - Valid Results | R²: 0.6980 | RMSE: 0.5455 | IC: 0.8895 | RankIC: 0.8737
2026-02-27 11:27:52,955 - root - INFO - Epoch [263/10000],
2026-02-27 11:27:52,955 - root - INFO - Train Results | R²: 0.9860 | RMSE: 0.1146 | IC: 0.9931 | RankIC: 0.9853
2026-02-27 11:27:52,955 - root - INFO - Valid Results | R²: 0.7007 | RMSE: 0.5430 | IC: 0.8910 | RankIC: 0.8737
2026-02-27 11:27:52,994 - root - INFO - Epoch [264/10000],
2026-02-27 11:27:52,995 - root - INFO - Train Results | R²: 0.9853 | RMSE: 0.1174 | IC: 0.9927 | RankIC: 0.9839
2026-02-27 11:27:52,995 - root - INFO - Valid Results | R²: 0.7005 | RMSE: 0.5431 | IC: 0.8903 | RankIC: 0.8807
2026-02-27 11:27:53,025 - root - INFO - Epoch [265/10000],
2026-02-27 11:27:53,026 - root - INFO - Train Results | R²: 0.9863 | RMSE: 0.1133 | IC: 0.9933 | RankIC: 0.9851
2026-02-27 11:27:53,026 - root - INFO - Valid Results | R²: 0.6989 | RMSE: 0.5446 | IC: 0.8884 | RankIC: 0.8807
2026-02-27 11:27:53,054 - root - INFO - Epoch [266/10000],
2026-02-27 11:27:53,054 - root - INFO - Train Results | R²: 0.9865 | RMSE: 0.1124 | IC: 0.9933 | RankIC: 0.9841
2026-02-27 11:27:53,054 - root - INFO - Valid Results | R²: 0.7014 | RMSE: 0.5424 | IC: 0.8917 | RankIC: 0.8825
2026-02-27 11:27:53,087 - root - INFO - Best model saved at epoch 267 with validation R2: 0.7039
2026-02-27 11:27:53,087 - root - INFO - Epoch [267/10000],
2026-02-27 11:27:53,088 - root - INFO - Train Results | R²: 0.9856 | RMSE: 0.1162 | IC: 0.9928 | RankIC: 0.9865
2026-02-27 11:27:53,088 - root - INFO - Valid Results | R²: 0.7039 | RMSE: 0.5400 | IC: 0.8923 | RankIC: 0.8895
2026-02-27 11:27:53,115 - root - INFO - Epoch [268/10000],
2026-02-27 11:27:53,115 - root - INFO - Train Results | R²: 0.9871 | RMSE: 0.1100 | IC: 0.9935 | RankIC: 0.9865
2026-02-27 11:27:53,116 - root - INFO - Valid Results | R²: 0.7025 | RMSE: 0.5413 | IC: 0.8918 | RankIC: 0.8737
2026-02-27 11:27:53,151 - root - INFO - Epoch [269/10000],
2026-02-27 11:27:53,151 - root - INFO - Train Results | R²: 0.9864 | RMSE: 0.1128 | IC: 0.9932 | RankIC: 0.9862
2026-02-27 11:27:53,151 - root - INFO - Valid Results | R²: 0.7009 | RMSE: 0.5428 | IC: 0.8921 | RankIC: 0.8895
2026-02-27 11:27:53,183 - root - INFO - Epoch [270/10000],
2026-02-27 11:27:53,183 - root - INFO - Train Results | R²: 0.9873 | RMSE: 0.1092 | IC: 0.9937 | RankIC: 0.9862
2026-02-27 11:27:53,183 - root - INFO - Valid Results | R²: 0.7040 | RMSE: 0.5400 | IC: 0.8936 | RankIC: 0.8825
2026-02-27 11:27:53,212 - root - INFO - Epoch [271/10000],
2026-02-27 11:27:53,212 - root - INFO - Train Results | R²: 0.9866 | RMSE: 0.1122 | IC: 0.9933 | RankIC: 0.9844
2026-02-27 11:27:53,212 - root - INFO - Valid Results | R²: 0.6997 | RMSE: 0.5438 | IC: 0.8905 | RankIC: 0.8825
2026-02-27 11:27:53,239 - root - INFO - Epoch [272/10000],
2026-02-27 11:27:53,240 - root - INFO - Train Results | R²: 0.9879 | RMSE: 0.1066 | IC: 0.9940 | RankIC: 0.9858
2026-02-27 11:27:53,240 - root - INFO - Valid Results | R²: 0.7022 | RMSE: 0.5416 | IC: 0.8912 | RankIC: 0.8825
2026-02-27 11:27:53,265 - root - INFO - Epoch [273/10000],
2026-02-27 11:27:53,266 - root - INFO - Train Results | R²: 0.9871 | RMSE: 0.1099 | IC: 0.9935 | RankIC: 0.9860
2026-02-27 11:27:53,266 - root - INFO - Valid Results | R²: 0.7010 | RMSE: 0.5427 | IC: 0.8912 | RankIC: 0.8825
2026-02-27 11:27:53,301 - root - INFO - Epoch [274/10000],
2026-02-27 11:27:53,301 - root - INFO - Train Results | R²: 0.9880 | RMSE: 0.1063 | IC: 0.9940 | RankIC: 0.9855
2026-02-27 11:27:53,301 - root - INFO - Valid Results | R²: 0.7020 | RMSE: 0.5418 | IC: 0.8917 | RankIC: 0.8825
2026-02-27 11:27:53,329 - root - INFO - Epoch [275/10000],
2026-02-27 11:27:53,330 - root - INFO - Train Results | R²: 0.9860 | RMSE: 0.1147 | IC: 0.9930 | RankIC: 0.9867
2026-02-27 11:27:53,330 - root - INFO - Valid Results | R²: 0.7020 | RMSE: 0.5418 | IC: 0.8924 | RankIC: 0.8895
2026-02-27 11:27:53,360 - root - INFO - Best model saved at epoch 276 with validation R2: 0.7040
2026-02-27 11:27:53,361 - root - INFO - Epoch [276/10000],
2026-02-27 11:27:53,361 - root - INFO - Train Results | R²: 0.9867 | RMSE: 0.1116 | IC: 0.9934 | RankIC: 0.9862
2026-02-27 11:27:53,361 - root - INFO - Valid Results | R²: 0.7040 | RMSE: 0.5399 | IC: 0.8924 | RankIC: 0.8825
2026-02-27 11:27:53,388 - root - INFO - Epoch [277/10000],
2026-02-27 11:27:53,389 - root - INFO - Train Results | R²: 0.9877 | RMSE: 0.1074 | IC: 0.9938 | RankIC: 0.9860
2026-02-27 11:27:53,389 - root - INFO - Valid Results | R²: 0.7036 | RMSE: 0.5404 | IC: 0.8926 | RankIC: 0.8825
2026-02-27 11:27:53,418 - root - INFO - Best model saved at epoch 278 with validation R2: 0.7046
2026-02-27 11:27:53,419 - root - INFO - Epoch [278/10000],
2026-02-27 11:27:53,419 - root - INFO - Train Results | R²: 0.9898 | RMSE: 0.0980 | IC: 0.9949 | RankIC: 0.9862
2026-02-27 11:27:53,419 - root - INFO - Valid Results | R²: 0.7046 | RMSE: 0.5394 | IC: 0.8925 | RankIC: 0.8825
2026-02-27 11:27:53,450 - root - INFO - Epoch [279/10000],
2026-02-27 11:27:53,451 - root - INFO - Train Results | R²: 0.9890 | RMSE: 0.1014 | IC: 0.9945 | RankIC: 0.9872
2026-02-27 11:27:53,451 - root - INFO - Valid Results | R²: 0.6986 | RMSE: 0.5448 | IC: 0.8899 | RankIC: 0.8825
2026-02-27 11:27:53,482 - root - INFO - Epoch [280/10000],
2026-02-27 11:27:53,482 - root - INFO - Train Results | R²: 0.9898 | RMSE: 0.0980 | IC: 0.9949 | RankIC: 0.9851
2026-02-27 11:27:53,482 - root - INFO - Valid Results | R²: 0.7025 | RMSE: 0.5414 | IC: 0.8917 | RankIC: 0.8825
2026-02-27 11:27:53,511 - root - INFO - Epoch [281/10000],
2026-02-27 11:27:53,512 - root - INFO - Train Results | R²: 0.9882 | RMSE: 0.1051 | IC: 0.9941 | RankIC: 0.9862
2026-02-27 11:27:53,512 - root - INFO - Valid Results | R²: 0.7010 | RMSE: 0.5427 | IC: 0.8900 | RankIC: 0.8825
2026-02-27 11:27:53,538 - root - INFO - Epoch [282/10000],
2026-02-27 11:27:53,538 - root - INFO - Train Results | R²: 0.9865 | RMSE: 0.1125 | IC: 0.9933 | RankIC: 0.9870
2026-02-27 11:27:53,539 - root - INFO - Valid Results | R²: 0.7028 | RMSE: 0.5410 | IC: 0.8920 | RankIC: 0.8825
2026-02-27 11:27:53,569 - root - INFO - Epoch [283/10000],
2026-02-27 11:27:53,570 - root - INFO - Train Results | R²: 0.9907 | RMSE: 0.0936 | IC: 0.9953 | RankIC: 0.9877
2026-02-27 11:27:53,570 - root - INFO - Valid Results | R²: 0.7018 | RMSE: 0.5420 | IC: 0.8908 | RankIC: 0.8825
2026-02-27 11:27:53,601 - root - INFO - Epoch [284/10000],
2026-02-27 11:27:53,602 - root - INFO - Train Results | R²: 0.9896 | RMSE: 0.0986 | IC: 0.9949 | RankIC: 0.9884
2026-02-27 11:27:53,602 - root - INFO - Valid Results | R²: 0.7031 | RMSE: 0.5408 | IC: 0.8924 | RankIC: 0.8825
2026-02-27 11:27:53,635 - root - INFO - Epoch [285/10000],
2026-02-27 11:27:53,635 - root - INFO - Train Results | R²: 0.9898 | RMSE: 0.0977 | IC: 0.9950 | RankIC: 0.9870
2026-02-27 11:27:53,636 - root - INFO - Valid Results | R²: 0.7015 | RMSE: 0.5422 | IC: 0.8903 | RankIC: 0.8825
2026-02-27 11:27:53,666 - root - INFO - Epoch [286/10000],
2026-02-27 11:27:53,666 - root - INFO - Train Results | R²: 0.9893 | RMSE: 0.1004 | IC: 0.9946 | RankIC: 0.9874
2026-02-27 11:27:53,667 - root - INFO - Valid Results | R²: 0.6994 | RMSE: 0.5442 | IC: 0.8888 | RankIC: 0.8825
2026-02-27 11:27:53,695 - root - INFO - Epoch [287/10000],
2026-02-27 11:27:53,695 - root - INFO - Train Results | R²: 0.9895 | RMSE: 0.0993 | IC: 0.9947 | RankIC: 0.9870
2026-02-27 11:27:53,695 - root - INFO - Valid Results | R²: 0.7017 | RMSE: 0.5420 | IC: 0.8913 | RankIC: 0.8825
2026-02-27 11:27:53,722 - root - INFO - Best model saved at epoch 288 with validation R2: 0.7059
2026-02-27 11:27:53,723 - root - INFO - Epoch [288/10000],
2026-02-27 11:27:53,723 - root - INFO - Train Results | R²: 0.9899 | RMSE: 0.0974 | IC: 0.9950 | RankIC: 0.9881
2026-02-27 11:27:53,723 - root - INFO - Valid Results | R²: 0.7059 | RMSE: 0.5383 | IC: 0.8933 | RankIC: 0.8825
2026-02-27 11:27:53,749 - root - INFO - Epoch [289/10000],
2026-02-27 11:27:53,750 - root - INFO - Train Results | R²: 0.9895 | RMSE: 0.0992 | IC: 0.9948 | RankIC: 0.9870
2026-02-27 11:27:53,750 - root - INFO - Valid Results | R²: 0.7042 | RMSE: 0.5398 | IC: 0.8935 | RankIC: 0.8825
2026-02-27 11:27:53,775 - root - INFO - Epoch [290/10000],
2026-02-27 11:27:53,776 - root - INFO - Train Results | R²: 0.9899 | RMSE: 0.0974 | IC: 0.9950 | RankIC: 0.9884
2026-02-27 11:27:53,776 - root - INFO - Valid Results | R²: 0.6998 | RMSE: 0.5438 | IC: 0.8895 | RankIC: 0.8825
2026-02-27 11:27:53,801 - root - INFO - Epoch [291/10000],
2026-02-27 11:27:53,802 - root - INFO - Train Results | R²: 0.9879 | RMSE: 0.1064 | IC: 0.9940 | RankIC: 0.9865
2026-02-27 11:27:53,802 - root - INFO - Valid Results | R²: 0.7008 | RMSE: 0.5429 | IC: 0.8909 | RankIC: 0.8895
2026-02-27 11:27:53,840 - root - INFO - Epoch [292/10000],
2026-02-27 11:27:53,840 - root - INFO - Train Results | R²: 0.9888 | RMSE: 0.1027 | IC: 0.9944 | RankIC: 0.9874
2026-02-27 11:27:53,840 - root - INFO - Valid Results | R²: 0.7007 | RMSE: 0.5430 | IC: 0.8917 | RankIC: 0.8825
2026-02-27 11:27:53,873 - root - INFO - Epoch [293/10000],
2026-02-27 11:27:53,873 - root - INFO - Train Results | R²: 0.9912 | RMSE: 0.0907 | IC: 0.9957 | RankIC: 0.9879
2026-02-27 11:27:53,874 - root - INFO - Valid Results | R²: 0.7041 | RMSE: 0.5399 | IC: 0.8928 | RankIC: 0.8825
2026-02-27 11:27:53,904 - root - INFO - Epoch [294/10000],
2026-02-27 11:27:53,906 - root - INFO - Train Results | R²: 0.9910 | RMSE: 0.0919 | IC: 0.9955 | RankIC: 0.9884
2026-02-27 11:27:53,906 - root - INFO - Valid Results | R²: 0.7026 | RMSE: 0.5413 | IC: 0.8917 | RankIC: 0.8825
2026-02-27 11:27:53,936 - root - INFO - Epoch [295/10000],
2026-02-27 11:27:53,936 - root - INFO - Train Results | R²: 0.9901 | RMSE: 0.0964 | IC: 0.9951 | RankIC: 0.9872
2026-02-27 11:27:53,937 - root - INFO - Valid Results | R²: 0.7000 | RMSE: 0.5436 | IC: 0.8915 | RankIC: 0.8825
2026-02-27 11:27:53,970 - root - INFO - Epoch [296/10000],
2026-02-27 11:27:53,970 - root - INFO - Train Results | R²: 0.9916 | RMSE: 0.0887 | IC: 0.9958 | RankIC: 0.9884
2026-02-27 11:27:53,971 - root - INFO - Valid Results | R²: 0.7024 | RMSE: 0.5414 | IC: 0.8917 | RankIC: 0.8825
2026-02-27 11:27:53,997 - root - INFO - Epoch [297/10000],
2026-02-27 11:27:53,997 - root - INFO - Train Results | R²: 0.9904 | RMSE: 0.0949 | IC: 0.9952 | RankIC: 0.9879
2026-02-27 11:27:53,997 - root - INFO - Valid Results | R²: 0.7034 | RMSE: 0.5406 | IC: 0.8913 | RankIC: 0.8825
2026-02-27 11:27:54,032 - root - INFO - Epoch [298/10000],
2026-02-27 11:27:54,032 - root - INFO - Train Results | R²: 0.9906 | RMSE: 0.0939 | IC: 0.9953 | RankIC: 0.9879
2026-02-27 11:27:54,032 - root - INFO - Valid Results | R²: 0.7019 | RMSE: 0.5419 | IC: 0.8900 | RankIC: 0.8825
2026-02-27 11:27:54,059 - root - INFO - Epoch [299/10000],
2026-02-27 11:27:54,059 - root - INFO - Train Results | R²: 0.9916 | RMSE: 0.0889 | IC: 0.9958 | RankIC: 0.9870
2026-02-27 11:27:54,059 - root - INFO - Valid Results | R²: 0.7021 | RMSE: 0.5417 | IC: 0.8908 | RankIC: 0.8825
2026-02-27 11:27:54,087 - root - INFO - Epoch [300/10000],
2026-02-27 11:27:54,087 - root - INFO - Train Results | R²: 0.9916 | RMSE: 0.0886 | IC: 0.9958 | RankIC: 0.9884
2026-02-27 11:27:54,087 - root - INFO - Valid Results | R²: 0.7017 | RMSE: 0.5421 | IC: 0.8931 | RankIC: 0.8825
2026-02-27 11:27:54,115 - root - INFO - Epoch [301/10000],
2026-02-27 11:27:54,116 - root - INFO - Train Results | R²: 0.9908 | RMSE: 0.0929 | IC: 0.9955 | RankIC: 0.9881
2026-02-27 11:27:54,116 - root - INFO - Valid Results | R²: 0.7024 | RMSE: 0.5414 | IC: 0.8919 | RankIC: 0.8825
2026-02-27 11:27:54,144 - root - INFO - Epoch [302/10000],
2026-02-27 11:27:54,144 - root - INFO - Train Results | R²: 0.9914 | RMSE: 0.0897 | IC: 0.9958 | RankIC: 0.9889
2026-02-27 11:27:54,144 - root - INFO - Valid Results | R²: 0.7016 | RMSE: 0.5422 | IC: 0.8913 | RankIC: 0.8825
2026-02-27 11:27:54,177 - root - INFO - Epoch [303/10000],
2026-02-27 11:27:54,178 - root - INFO - Train Results | R²: 0.9913 | RMSE: 0.0902 | IC: 0.9957 | RankIC: 0.9879
2026-02-27 11:27:54,178 - root - INFO - Valid Results | R²: 0.7020 | RMSE: 0.5418 | IC: 0.8921 | RankIC: 0.8825
2026-02-27 11:27:54,210 - root - INFO - Epoch [304/10000],
2026-02-27 11:27:54,210 - root - INFO - Train Results | R²: 0.9924 | RMSE: 0.0842 | IC: 0.9962 | RankIC: 0.9884
2026-02-27 11:27:54,210 - root - INFO - Valid Results | R²: 0.7031 | RMSE: 0.5408 | IC: 0.8915 | RankIC: 0.8825
2026-02-27 11:27:54,241 - root - INFO - Epoch [305/10000],
2026-02-27 11:27:54,241 - root - INFO - Train Results | R²: 0.9915 | RMSE: 0.0891 | IC: 0.9958 | RankIC: 0.9908
2026-02-27 11:27:54,242 - root - INFO - Valid Results | R²: 0.7031 | RMSE: 0.5408 | IC: 0.8917 | RankIC: 0.8825
2026-02-27 11:27:54,269 - root - INFO - Epoch [306/10000],
2026-02-27 11:27:54,269 - root - INFO - Train Results | R²: 0.9911 | RMSE: 0.0916 | IC: 0.9955 | RankIC: 0.9884
2026-02-27 11:27:54,269 - root - INFO - Valid Results | R²: 0.7036 | RMSE: 0.5403 | IC: 0.8928 | RankIC: 0.8825
2026-02-27 11:27:54,299 - root - INFO - Best model saved at epoch 307 with validation R2: 0.7070
2026-02-27 11:27:54,299 - root - INFO - Epoch [307/10000],
2026-02-27 11:27:54,299 - root - INFO - Train Results | R²: 0.9912 | RMSE: 0.0906 | IC: 0.9957 | RankIC: 0.9881
2026-02-27 11:27:54,299 - root - INFO - Valid Results | R²: 0.7070 | RMSE: 0.5372 | IC: 0.8945 | RankIC: 0.8825
2026-02-27 11:27:54,329 - root - INFO - Epoch [308/10000],
2026-02-27 11:27:54,330 - root - INFO - Train Results | R²: 0.9921 | RMSE: 0.0863 | IC: 0.9960 | RankIC: 0.9891
2026-02-27 11:27:54,330 - root - INFO - Valid Results | R²: 0.7008 | RMSE: 0.5429 | IC: 0.8909 | RankIC: 0.8825
2026-02-27 11:27:54,358 - root - INFO - Epoch [309/10000],
2026-02-27 11:27:54,359 - root - INFO - Train Results | R²: 0.9917 | RMSE: 0.0883 | IC: 0.9959 | RankIC: 0.9910
2026-02-27 11:27:54,359 - root - INFO - Valid Results | R²: 0.7069 | RMSE: 0.5373 | IC: 0.8935 | RankIC: 0.8825
2026-02-27 11:27:54,387 - root - INFO - Epoch [310/10000],
2026-02-27 11:27:54,387 - root - INFO - Train Results | R²: 0.9919 | RMSE: 0.0872 | IC: 0.9961 | RankIC: 0.9903
2026-02-27 11:27:54,387 - root - INFO - Valid Results | R²: 0.7027 | RMSE: 0.5412 | IC: 0.8920 | RankIC: 0.8895
2026-02-27 11:27:54,423 - root - INFO - Epoch [311/10000],
2026-02-27 11:27:54,424 - root - INFO - Train Results | R²: 0.9933 | RMSE: 0.0795 | IC: 0.9967 | RankIC: 0.9912
2026-02-27 11:27:54,424 - root - INFO - Valid Results | R²: 0.7056 | RMSE: 0.5385 | IC: 0.8938 | RankIC: 0.8825
2026-02-27 11:27:54,452 - root - INFO - Epoch [312/10000],
2026-02-27 11:27:54,452 - root - INFO - Train Results | R²: 0.9926 | RMSE: 0.0831 | IC: 0.9963 | RankIC: 0.9898
2026-02-27 11:27:54,452 - root - INFO - Valid Results | R²: 0.6989 | RMSE: 0.5446 | IC: 0.8904 | RankIC: 0.8825
2026-02-27 11:27:54,480 - root - INFO - Epoch [313/10000],
2026-02-27 11:27:54,480 - root - INFO - Train Results | R²: 0.9913 | RMSE: 0.0905 | IC: 0.9956 | RankIC: 0.9881
2026-02-27 11:27:54,480 - root - INFO - Valid Results | R²: 0.7027 | RMSE: 0.5411 | IC: 0.8919 | RankIC: 0.8825
2026-02-27 11:27:54,508 - root - INFO - Epoch [314/10000],
2026-02-27 11:27:54,508 - root - INFO - Train Results | R²: 0.9920 | RMSE: 0.0868 | IC: 0.9960 | RankIC: 0.9879
2026-02-27 11:27:54,508 - root - INFO - Valid Results | R²: 0.7037 | RMSE: 0.5403 | IC: 0.8930 | RankIC: 0.8825
2026-02-27 11:27:54,535 - root - INFO - Epoch [315/10000],
2026-02-27 11:27:54,535 - root - INFO - Train Results | R²: 0.9922 | RMSE: 0.0854 | IC: 0.9961 | RankIC: 0.9889
2026-02-27 11:27:54,536 - root - INFO - Valid Results | R²: 0.7039 | RMSE: 0.5401 | IC: 0.8926 | RankIC: 0.8825
2026-02-27 11:27:54,564 - root - INFO - Epoch [316/10000],
2026-02-27 11:27:54,565 - root - INFO - Train Results | R²: 0.9914 | RMSE: 0.0901 | IC: 0.9957 | RankIC: 0.9881
2026-02-27 11:27:54,565 - root - INFO - Valid Results | R²: 0.7014 | RMSE: 0.5424 | IC: 0.8911 | RankIC: 0.8825
2026-02-27 11:27:54,591 - root - INFO - Epoch [317/10000],
2026-02-27 11:27:54,592 - root - INFO - Train Results | R²: 0.9910 | RMSE: 0.0919 | IC: 0.9955 | RankIC: 0.9877
2026-02-27 11:27:54,592 - root - INFO - Valid Results | R²: 0.7046 | RMSE: 0.5395 | IC: 0.8925 | RankIC: 0.8825
2026-02-27 11:27:54,623 - root - INFO - Epoch [318/10000],
2026-02-27 11:27:54,623 - root - INFO - Train Results | R²: 0.9934 | RMSE: 0.0790 | IC: 0.9967 | RankIC: 0.9881
2026-02-27 11:27:54,623 - root - INFO - Valid Results | R²: 0.7023 | RMSE: 0.5415 | IC: 0.8915 | RankIC: 0.8825
2026-02-27 11:27:54,650 - root - INFO - Epoch [319/10000],
2026-02-27 11:27:54,651 - root - INFO - Train Results | R²: 0.9925 | RMSE: 0.0841 | IC: 0.9962 | RankIC: 0.9886
2026-02-27 11:27:54,651 - root - INFO - Valid Results | R²: 0.7058 | RMSE: 0.5384 | IC: 0.8939 | RankIC: 0.8825
2026-02-27 11:27:54,681 - root - INFO - Epoch [320/10000],
2026-02-27 11:27:54,682 - root - INFO - Train Results | R²: 0.9927 | RMSE: 0.0829 | IC: 0.9964 | RankIC: 0.9908
2026-02-27 11:27:54,682 - root - INFO - Valid Results | R²: 0.7035 | RMSE: 0.5405 | IC: 0.8926 | RankIC: 0.8825
2026-02-27 11:27:54,710 - root - INFO - Epoch [321/10000],
2026-02-27 11:27:54,710 - root - INFO - Train Results | R²: 0.9920 | RMSE: 0.0865 | IC: 0.9960 | RankIC: 0.9889
2026-02-27 11:27:54,710 - root - INFO - Valid Results | R²: 0.7030 | RMSE: 0.5409 | IC: 0.8918 | RankIC: 0.8825
2026-02-27 11:27:54,751 - root - INFO - Epoch [322/10000],
2026-02-27 11:27:54,752 - root - INFO - Train Results | R²: 0.9928 | RMSE: 0.0822 | IC: 0.9964 | RankIC: 0.9917
2026-02-27 11:27:54,752 - root - INFO - Valid Results | R²: 0.7015 | RMSE: 0.5423 | IC: 0.8908 | RankIC: 0.8825
2026-02-27 11:27:54,784 - root - INFO - Epoch [323/10000],
2026-02-27 11:27:54,784 - root - INFO - Train Results | R²: 0.9932 | RMSE: 0.0800 | IC: 0.9966 | RankIC: 0.9900
2026-02-27 11:27:54,784 - root - INFO - Valid Results | R²: 0.7059 | RMSE: 0.5382 | IC: 0.8931 | RankIC: 0.8825
2026-02-27 11:27:54,814 - root - INFO - Epoch [324/10000],
2026-02-27 11:27:54,815 - root - INFO - Train Results | R²: 0.9932 | RMSE: 0.0798 | IC: 0.9966 | RankIC: 0.9886
2026-02-27 11:27:54,815 - root - INFO - Valid Results | R²: 0.7022 | RMSE: 0.5416 | IC: 0.8912 | RankIC: 0.8825
2026-02-27 11:27:54,843 - root - INFO - Epoch [325/10000],
2026-02-27 11:27:54,843 - root - INFO - Train Results | R²: 0.9924 | RMSE: 0.0842 | IC: 0.9962 | RankIC: 0.9891
2026-02-27 11:27:54,844 - root - INFO - Valid Results | R²: 0.7023 | RMSE: 0.5415 | IC: 0.8914 | RankIC: 0.8825
2026-02-27 11:27:54,873 - root - INFO - Epoch [326/10000],
2026-02-27 11:27:54,874 - root - INFO - Train Results | R²: 0.9921 | RMSE: 0.0860 | IC: 0.9961 | RankIC: 0.9905
2026-02-27 11:27:54,874 - root - INFO - Valid Results | R²: 0.7035 | RMSE: 0.5404 | IC: 0.8918 | RankIC: 0.8825
2026-02-27 11:27:54,901 - root - INFO - Epoch [327/10000],
2026-02-27 11:27:54,901 - root - INFO - Train Results | R²: 0.9909 | RMSE: 0.0925 | IC: 0.9955 | RankIC: 0.9891
2026-02-27 11:27:54,902 - root - INFO - Valid Results | R²: 0.7012 | RMSE: 0.5425 | IC: 0.8902 | RankIC: 0.8825
2026-02-27 11:27:54,930 - root - INFO - Epoch [328/10000],
2026-02-27 11:27:54,931 - root - INFO - Train Results | R²: 0.9926 | RMSE: 0.0836 | IC: 0.9963 | RankIC: 0.9889
2026-02-27 11:27:54,931 - root - INFO - Valid Results | R²: 0.7051 | RMSE: 0.5389 | IC: 0.8943 | RankIC: 0.8825
2026-02-27 11:27:54,960 - root - INFO - Epoch [329/10000],
2026-02-27 11:27:54,961 - root - INFO - Train Results | R²: 0.9920 | RMSE: 0.0864 | IC: 0.9960 | RankIC: 0.9903
2026-02-27 11:27:54,961 - root - INFO - Valid Results | R²: 0.7020 | RMSE: 0.5418 | IC: 0.8898 | RankIC: 0.8825
2026-02-27 11:27:54,989 - root - INFO - Epoch [330/10000],
2026-02-27 11:27:54,990 - root - INFO - Train Results | R²: 0.9936 | RMSE: 0.0773 | IC: 0.9968 | RankIC: 0.9908
2026-02-27 11:27:54,990 - root - INFO - Valid Results | R²: 0.7042 | RMSE: 0.5398 | IC: 0.8909 | RankIC: 0.8825
2026-02-27 11:27:55,019 - root - INFO - Epoch [331/10000],
2026-02-27 11:27:55,019 - root - INFO - Train Results | R²: 0.9925 | RMSE: 0.0841 | IC: 0.9962 | RankIC: 0.9889
2026-02-27 11:27:55,019 - root - INFO - Valid Results | R²: 0.7047 | RMSE: 0.5393 | IC: 0.8927 | RankIC: 0.8825
2026-02-27 11:27:55,053 - root - INFO - Epoch [332/10000],
2026-02-27 11:27:55,055 - root - INFO - Train Results | R²: 0.9917 | RMSE: 0.0882 | IC: 0.9959 | RankIC: 0.9915
2026-02-27 11:27:55,055 - root - INFO - Valid Results | R²: 0.7042 | RMSE: 0.5398 | IC: 0.8911 | RankIC: 0.8825
2026-02-27 11:27:55,083 - root - INFO - Epoch [333/10000],
2026-02-27 11:27:55,084 - root - INFO - Train Results | R²: 0.9930 | RMSE: 0.0811 | IC: 0.9965 | RankIC: 0.9896
2026-02-27 11:27:55,084 - root - INFO - Valid Results | R²: 0.7043 | RMSE: 0.5397 | IC: 0.8934 | RankIC: 0.8825
2026-02-27 11:27:55,114 - root - INFO - Epoch [334/10000],
2026-02-27 11:27:55,114 - root - INFO - Train Results | R²: 0.9938 | RMSE: 0.0765 | IC: 0.9969 | RankIC: 0.9912
2026-02-27 11:27:55,114 - root - INFO - Valid Results | R²: 0.7046 | RMSE: 0.5394 | IC: 0.8923 | RankIC: 0.8825
2026-02-27 11:27:55,148 - root - INFO - Epoch [335/10000],
2026-02-27 11:27:55,148 - root - INFO - Train Results | R²: 0.9928 | RMSE: 0.0821 | IC: 0.9964 | RankIC: 0.9893
2026-02-27 11:27:55,148 - root - INFO - Valid Results | R²: 0.7011 | RMSE: 0.5426 | IC: 0.8911 | RankIC: 0.8825
2026-02-27 11:27:55,180 - root - INFO - Epoch [336/10000],
2026-02-27 11:27:55,181 - root - INFO - Train Results | R²: 0.9928 | RMSE: 0.0824 | IC: 0.9964 | RankIC: 0.9891
2026-02-27 11:27:55,181 - root - INFO - Valid Results | R²: 0.7059 | RMSE: 0.5383 | IC: 0.8940 | RankIC: 0.8825
2026-02-27 11:27:55,210 - root - INFO - Epoch [337/10000],
2026-02-27 11:27:55,210 - root - INFO - Train Results | R²: 0.9943 | RMSE: 0.0731 | IC: 0.9972 | RankIC: 0.9929
2026-02-27 11:27:55,211 - root - INFO - Valid Results | R²: 0.7030 | RMSE: 0.5409 | IC: 0.8921 | RankIC: 0.8825
2026-02-27 11:27:55,241 - root - INFO - Epoch [338/10000],
2026-02-27 11:27:55,241 - root - INFO - Train Results | R²: 0.9924 | RMSE: 0.0844 | IC: 0.9962 | RankIC: 0.9881
2026-02-27 11:27:55,242 - root - INFO - Valid Results | R²: 0.7058 | RMSE: 0.5383 | IC: 0.8942 | RankIC: 0.8825
2026-02-27 11:27:55,270 - root - INFO - Epoch [339/10000],
2026-02-27 11:27:55,270 - root - INFO - Train Results | R²: 0.9931 | RMSE: 0.0804 | IC: 0.9966 | RankIC: 0.9908
2026-02-27 11:27:55,271 - root - INFO - Valid Results | R²: 0.7013 | RMSE: 0.5424 | IC: 0.8910 | RankIC: 0.8825
2026-02-27 11:27:55,301 - root - INFO - Epoch [340/10000],
2026-02-27 11:27:55,301 - root - INFO - Train Results | R²: 0.9939 | RMSE: 0.0760 | IC: 0.9969 | RankIC: 0.9910
2026-02-27 11:27:55,301 - root - INFO - Valid Results | R²: 0.7058 | RMSE: 0.5383 | IC: 0.8932 | RankIC: 0.8825
2026-02-27 11:27:55,334 - root - INFO - Epoch [341/10000],
2026-02-27 11:27:55,334 - root - INFO - Train Results | R²: 0.9942 | RMSE: 0.0738 | IC: 0.9971 | RankIC: 0.9905
2026-02-27 11:27:55,334 - root - INFO - Valid Results | R²: 0.7051 | RMSE: 0.5389 | IC: 0.8934 | RankIC: 0.8825
2026-02-27 11:27:55,366 - root - INFO - Epoch [342/10000],
2026-02-27 11:27:55,367 - root - INFO - Train Results | R²: 0.9934 | RMSE: 0.0784 | IC: 0.9967 | RankIC: 0.9912
2026-02-27 11:27:55,367 - root - INFO - Valid Results | R²: 0.7032 | RMSE: 0.5407 | IC: 0.8913 | RankIC: 0.8825
2026-02-27 11:27:55,394 - root - INFO - Epoch [343/10000],
2026-02-27 11:27:55,394 - root - INFO - Train Results | R²: 0.9926 | RMSE: 0.0834 | IC: 0.9963 | RankIC: 0.9898
2026-02-27 11:27:55,394 - root - INFO - Valid Results | R²: 0.7031 | RMSE: 0.5408 | IC: 0.8908 | RankIC: 0.8825
2026-02-27 11:27:55,423 - root - INFO - Epoch [344/10000],
2026-02-27 11:27:55,423 - root - INFO - Train Results | R²: 0.9946 | RMSE: 0.0715 | IC: 0.9973 | RankIC: 0.9912
2026-02-27 11:27:55,424 - root - INFO - Valid Results | R²: 0.7022 | RMSE: 0.5416 | IC: 0.8913 | RankIC: 0.8825
2026-02-27 11:27:55,451 - root - INFO - Epoch [345/10000],
2026-02-27 11:27:55,452 - root - INFO - Train Results | R²: 0.9943 | RMSE: 0.0733 | IC: 0.9971 | RankIC: 0.9917
2026-02-27 11:27:55,452 - root - INFO - Valid Results | R²: 0.7016 | RMSE: 0.5422 | IC: 0.8901 | RankIC: 0.8825
2026-02-27 11:27:55,482 - root - INFO - Best model saved at epoch 346 with validation R2: 0.7080
2026-02-27 11:27:55,482 - root - INFO - Epoch [346/10000],
2026-02-27 11:27:55,482 - root - INFO - Train Results | R²: 0.9949 | RMSE: 0.0691 | IC: 0.9975 | RankIC: 0.9917
2026-02-27 11:27:55,483 - root - INFO - Valid Results | R²: 0.7080 | RMSE: 0.5363 | IC: 0.8944 | RankIC: 0.8825
2026-02-27 11:27:55,512 - root - INFO - Epoch [347/10000],
2026-02-27 11:27:55,512 - root - INFO - Train Results | R²: 0.9939 | RMSE: 0.0758 | IC: 0.9970 | RankIC: 0.9915
2026-02-27 11:27:55,513 - root - INFO - Valid Results | R²: 0.7003 | RMSE: 0.5434 | IC: 0.8895 | RankIC: 0.8825
2026-02-27 11:27:55,541 - root - INFO - Epoch [348/10000],
2026-02-27 11:27:55,542 - root - INFO - Train Results | R²: 0.9943 | RMSE: 0.0729 | IC: 0.9972 | RankIC: 0.9896
2026-02-27 11:27:55,542 - root - INFO - Valid Results | R²: 0.7067 | RMSE: 0.5375 | IC: 0.8929 | RankIC: 0.8825
2026-02-27 11:27:55,571 - root - INFO - Epoch [349/10000],
2026-02-27 11:27:55,571 - root - INFO - Train Results | R²: 0.9936 | RMSE: 0.0776 | IC: 0.9968 | RankIC: 0.9910
2026-02-27 11:27:55,571 - root - INFO - Valid Results | R²: 0.7028 | RMSE: 0.5410 | IC: 0.8911 | RankIC: 0.8825
2026-02-27 11:27:55,600 - root - INFO - Epoch [350/10000],
2026-02-27 11:27:55,600 - root - INFO - Train Results | R²: 0.9940 | RMSE: 0.0753 | IC: 0.9970 | RankIC: 0.9917
2026-02-27 11:27:55,600 - root - INFO - Valid Results | R²: 0.7025 | RMSE: 0.5414 | IC: 0.8915 | RankIC: 0.8825
2026-02-27 11:27:55,631 - root - INFO - Best model saved at epoch 351 with validation R2: 0.7092
2026-02-27 11:27:55,631 - root - INFO - Epoch [351/10000],
2026-02-27 11:27:55,631 - root - INFO - Train Results | R²: 0.9934 | RMSE: 0.0787 | IC: 0.9967 | RankIC: 0.9917
2026-02-27 11:27:55,631 - root - INFO - Valid Results | R²: 0.7092 | RMSE: 0.5352 | IC: 0.8949 | RankIC: 0.8825
2026-02-27 11:27:55,659 - root - INFO - Epoch [352/10000],
2026-02-27 11:27:55,660 - root - INFO - Train Results | R²: 0.9941 | RMSE: 0.0743 | IC: 0.9971 | RankIC: 0.9919
2026-02-27 11:27:55,660 - root - INFO - Valid Results | R²: 0.7058 | RMSE: 0.5384 | IC: 0.8937 | RankIC: 0.8825
2026-02-27 11:27:55,689 - root - INFO - Epoch [353/10000],
2026-02-27 11:27:55,690 - root - INFO - Train Results | R²: 0.9941 | RMSE: 0.0743 | IC: 0.9971 | RankIC: 0.9912
2026-02-27 11:27:55,690 - root - INFO - Valid Results | R²: 0.7051 | RMSE: 0.5390 | IC: 0.8928 | RankIC: 0.8825
2026-02-27 11:27:55,719 - root - INFO - Epoch [354/10000],
2026-02-27 11:27:55,719 - root - INFO - Train Results | R²: 0.9937 | RMSE: 0.0769 | IC: 0.9969 | RankIC: 0.9910
2026-02-27 11:27:55,720 - root - INFO - Valid Results | R²: 0.7038 | RMSE: 0.5401 | IC: 0.8925 | RankIC: 0.8825
2026-02-27 11:27:55,749 - root - INFO - Epoch [355/10000],
2026-02-27 11:27:55,750 - root - INFO - Train Results | R²: 0.9937 | RMSE: 0.0769 | IC: 0.9969 | RankIC: 0.9931
2026-02-27 11:27:55,750 - root - INFO - Valid Results | R²: 0.7034 | RMSE: 0.5406 | IC: 0.8927 | RankIC: 0.8825
2026-02-27 11:27:55,781 - root - INFO - Epoch [356/10000],
2026-02-27 11:27:55,782 - root - INFO - Train Results | R²: 0.9947 | RMSE: 0.0702 | IC: 0.9974 | RankIC: 0.9922
2026-02-27 11:27:55,782 - root - INFO - Valid Results | R²: 0.7032 | RMSE: 0.5407 | IC: 0.8916 | RankIC: 0.8825
2026-02-27 11:27:55,811 - root - INFO - Epoch [357/10000],
2026-02-27 11:27:55,811 - root - INFO - Train Results | R²: 0.9945 | RMSE: 0.0717 | IC: 0.9973 | RankIC: 0.9927
2026-02-27 11:27:55,812 - root - INFO - Valid Results | R²: 0.7011 | RMSE: 0.5426 | IC: 0.8903 | RankIC: 0.8825
2026-02-27 11:27:55,841 - root - INFO - Epoch [358/10000],
2026-02-27 11:27:55,842 - root - INFO - Train Results | R²: 0.9945 | RMSE: 0.0720 | IC: 0.9972 | RankIC: 0.9912
2026-02-27 11:27:55,842 - root - INFO - Valid Results | R²: 0.7038 | RMSE: 0.5401 | IC: 0.8929 | RankIC: 0.8825
2026-02-27 11:27:55,872 - root - INFO - Epoch [359/10000],
2026-02-27 11:27:55,872 - root - INFO - Train Results | R²: 0.9942 | RMSE: 0.0737 | IC: 0.9971 | RankIC: 0.9919
2026-02-27 11:27:55,872 - root - INFO - Valid Results | R²: 0.7026 | RMSE: 0.5413 | IC: 0.8922 | RankIC: 0.8825
2026-02-27 11:27:55,901 - root - INFO - Epoch [360/10000],
2026-02-27 11:27:55,901 - root - INFO - Train Results | R²: 0.9945 | RMSE: 0.0719 | IC: 0.9972 | RankIC: 0.9908
2026-02-27 11:27:55,901 - root - INFO - Valid Results | R²: 0.7021 | RMSE: 0.5417 | IC: 0.8910 | RankIC: 0.8825
2026-02-27 11:27:55,930 - root - INFO - Epoch [361/10000],
2026-02-27 11:27:55,930 - root - INFO - Train Results | R²: 0.9941 | RMSE: 0.0744 | IC: 0.9971 | RankIC: 0.9927
2026-02-27 11:27:55,931 - root - INFO - Valid Results | R²: 0.7065 | RMSE: 0.5377 | IC: 0.8944 | RankIC: 0.8825
2026-02-27 11:27:55,958 - root - INFO - Epoch [362/10000],
2026-02-27 11:27:55,959 - root - INFO - Train Results | R²: 0.9948 | RMSE: 0.0697 | IC: 0.9974 | RankIC: 0.9924
2026-02-27 11:27:55,959 - root - INFO - Valid Results | R²: 0.7037 | RMSE: 0.5402 | IC: 0.8914 | RankIC: 0.8825
2026-02-27 11:27:55,988 - root - INFO - Epoch [363/10000],
2026-02-27 11:27:55,988 - root - INFO - Train Results | R²: 0.9947 | RMSE: 0.0705 | IC: 0.9974 | RankIC: 0.9908
2026-02-27 11:27:55,988 - root - INFO - Valid Results | R²: 0.7012 | RMSE: 0.5426 | IC: 0.8902 | RankIC: 0.8825
2026-02-27 11:27:56,017 - root - INFO - Epoch [364/10000],
2026-02-27 11:27:56,018 - root - INFO - Train Results | R²: 0.9947 | RMSE: 0.0704 | IC: 0.9974 | RankIC: 0.9919
2026-02-27 11:27:56,018 - root - INFO - Valid Results | R²: 0.7081 | RMSE: 0.5362 | IC: 0.8954 | RankIC: 0.8825
2026-02-27 11:27:56,049 - root - INFO - Epoch [365/10000],
2026-02-27 11:27:56,049 - root - INFO - Train Results | R²: 0.9957 | RMSE: 0.0637 | IC: 0.9978 | RankIC: 0.9934
2026-02-27 11:27:56,049 - root - INFO - Valid Results | R²: 0.7040 | RMSE: 0.5400 | IC: 0.8913 | RankIC: 0.8825
2026-02-27 11:27:56,077 - root - INFO - Epoch [366/10000],
2026-02-27 11:27:56,077 - root - INFO - Train Results | R²: 0.9954 | RMSE: 0.0654 | IC: 0.9977 | RankIC: 0.9915
2026-02-27 11:27:56,077 - root - INFO - Valid Results | R²: 0.7048 | RMSE: 0.5393 | IC: 0.8930 | RankIC: 0.8825
2026-02-27 11:27:56,107 - root - INFO - Epoch [367/10000],
2026-02-27 11:27:56,108 - root - INFO - Train Results | R²: 0.9948 | RMSE: 0.0701 | IC: 0.9974 | RankIC: 0.9915
2026-02-27 11:27:56,108 - root - INFO - Valid Results | R²: 0.7031 | RMSE: 0.5408 | IC: 0.8922 | RankIC: 0.8825
2026-02-27 11:27:56,139 - root - INFO - Epoch [368/10000],
2026-02-27 11:27:56,140 - root - INFO - Train Results | R²: 0.9951 | RMSE: 0.0678 | IC: 0.9975 | RankIC: 0.9919
2026-02-27 11:27:56,140 - root - INFO - Valid Results | R²: 0.7038 | RMSE: 0.5401 | IC: 0.8922 | RankIC: 0.8825
2026-02-27 11:27:56,167 - root - INFO - Epoch [369/10000],
2026-02-27 11:27:56,168 - root - INFO - Train Results | R²: 0.9944 | RMSE: 0.0723 | IC: 0.9973 | RankIC: 0.9929
2026-02-27 11:27:56,168 - root - INFO - Valid Results | R²: 0.7044 | RMSE: 0.5396 | IC: 0.8932 | RankIC: 0.8825
2026-02-27 11:27:56,197 - root - INFO - Epoch [370/10000],
2026-02-27 11:27:56,198 - root - INFO - Train Results | R²: 0.9948 | RMSE: 0.0700 | IC: 0.9974 | RankIC: 0.9945
2026-02-27 11:27:56,198 - root - INFO - Valid Results | R²: 0.7063 | RMSE: 0.5379 | IC: 0.8931 | RankIC: 0.8825
2026-02-27 11:27:56,227 - root - INFO - Epoch [371/10000],
2026-02-27 11:27:56,227 - root - INFO - Train Results | R²: 0.9957 | RMSE: 0.0632 | IC: 0.9979 | RankIC: 0.9955
2026-02-27 11:27:56,228 - root - INFO - Valid Results | R²: 0.7040 | RMSE: 0.5400 | IC: 0.8930 | RankIC: 0.8825
2026-02-27 11:27:56,255 - root - INFO - Epoch [372/10000],
2026-02-27 11:27:56,256 - root - INFO - Train Results | R²: 0.9950 | RMSE: 0.0684 | IC: 0.9976 | RankIC: 0.9922
2026-02-27 11:27:56,256 - root - INFO - Valid Results | R²: 0.7063 | RMSE: 0.5379 | IC: 0.8935 | RankIC: 0.8825
2026-02-27 11:27:56,284 - root - INFO - Epoch [373/10000],
2026-02-27 11:27:56,285 - root - INFO - Train Results | R²: 0.9956 | RMSE: 0.0644 | IC: 0.9978 | RankIC: 0.9941
2026-02-27 11:27:56,285 - root - INFO - Valid Results | R²: 0.7032 | RMSE: 0.5407 | IC: 0.8912 | RankIC: 0.8825
2026-02-27 11:27:56,318 - root - INFO - Epoch [374/10000],
2026-02-27 11:27:56,319 - root - INFO - Train Results | R²: 0.9958 | RMSE: 0.0625 | IC: 0.9980 | RankIC: 0.9912
2026-02-27 11:27:56,319 - root - INFO - Valid Results | R²: 0.7069 | RMSE: 0.5373 | IC: 0.8941 | RankIC: 0.8825
2026-02-27 11:27:56,348 - root - INFO - Epoch [375/10000],
2026-02-27 11:27:56,349 - root - INFO - Train Results | R²: 0.9946 | RMSE: 0.0714 | IC: 0.9973 | RankIC: 0.9922
2026-02-27 11:27:56,349 - root - INFO - Valid Results | R²: 0.7019 | RMSE: 0.5419 | IC: 0.8913 | RankIC: 0.8825
2026-02-27 11:27:56,380 - root - INFO - Epoch [376/10000],
2026-02-27 11:27:56,381 - root - INFO - Train Results | R²: 0.9950 | RMSE: 0.0687 | IC: 0.9975 | RankIC: 0.9917
2026-02-27 11:27:56,381 - root - INFO - Valid Results | R²: 0.7019 | RMSE: 0.5419 | IC: 0.8917 | RankIC: 0.8825
2026-02-27 11:27:56,410 - root - INFO - Epoch [377/10000],
2026-02-27 11:27:56,410 - root - INFO - Train Results | R²: 0.9959 | RMSE: 0.0622 | IC: 0.9980 | RankIC: 0.9929
2026-02-27 11:27:56,410 - root - INFO - Valid Results | R²: 0.6984 | RMSE: 0.5451 | IC: 0.8898 | RankIC: 0.8825
2026-02-27 11:27:56,440 - root - INFO - Epoch [378/10000],
2026-02-27 11:27:56,440 - root - INFO - Train Results | R²: 0.9951 | RMSE: 0.0681 | IC: 0.9976 | RankIC: 0.9927
2026-02-27 11:27:56,441 - root - INFO - Valid Results | R²: 0.7033 | RMSE: 0.5406 | IC: 0.8924 | RankIC: 0.8825
2026-02-27 11:27:56,467 - root - INFO - Epoch [379/10000],
2026-02-27 11:27:56,468 - root - INFO - Train Results | R²: 0.9955 | RMSE: 0.0647 | IC: 0.9978 | RankIC: 0.9931
2026-02-27 11:27:56,468 - root - INFO - Valid Results | R²: 0.7010 | RMSE: 0.5427 | IC: 0.8893 | RankIC: 0.8825
2026-02-27 11:27:56,495 - root - INFO - Epoch [380/10000],
2026-02-27 11:27:56,496 - root - INFO - Train Results | R²: 0.9966 | RMSE: 0.0566 | IC: 0.9983 | RankIC: 0.9948
2026-02-27 11:27:56,496 - root - INFO - Valid Results | R²: 0.7034 | RMSE: 0.5405 | IC: 0.8913 | RankIC: 0.8825
2026-02-27 11:27:56,522 - root - INFO - Epoch [381/10000],
2026-02-27 11:27:56,522 - root - INFO - Train Results | R²: 0.9958 | RMSE: 0.0624 | IC: 0.9979 | RankIC: 0.9929
2026-02-27 11:27:56,522 - root - INFO - Valid Results | R²: 0.7016 | RMSE: 0.5422 | IC: 0.8902 | RankIC: 0.8825
2026-02-27 11:27:56,551 - root - INFO - Epoch [382/10000],
2026-02-27 11:27:56,551 - root - INFO - Train Results | R²: 0.9956 | RMSE: 0.0642 | IC: 0.9978 | RankIC: 0.9934
2026-02-27 11:27:56,551 - root - INFO - Valid Results | R²: 0.6993 | RMSE: 0.5442 | IC: 0.8904 | RankIC: 0.8825
2026-02-27 11:27:56,579 - root - INFO - Epoch [383/10000],
2026-02-27 11:27:56,581 - root - INFO - Train Results | R²: 0.9960 | RMSE: 0.0615 | IC: 0.9980 | RankIC: 0.9927
2026-02-27 11:27:56,581 - root - INFO - Valid Results | R²: 0.7008 | RMSE: 0.5429 | IC: 0.8908 | RankIC: 0.8825
2026-02-27 11:27:56,610 - root - INFO - Epoch [384/10000],
2026-02-27 11:27:56,610 - root - INFO - Train Results | R²: 0.9960 | RMSE: 0.0615 | IC: 0.9980 | RankIC: 0.9938
2026-02-27 11:27:56,611 - root - INFO - Valid Results | R²: 0.7034 | RMSE: 0.5406 | IC: 0.8914 | RankIC: 0.8825
2026-02-27 11:27:56,639 - root - INFO - Epoch [385/10000],
2026-02-27 11:27:56,639 - root - INFO - Train Results | R²: 0.9955 | RMSE: 0.0649 | IC: 0.9978 | RankIC: 0.9915
2026-02-27 11:27:56,639 - root - INFO - Valid Results | R²: 0.7032 | RMSE: 0.5407 | IC: 0.8914 | RankIC: 0.8895
2026-02-27 11:27:56,670 - root - INFO - Epoch [386/10000],
2026-02-27 11:27:56,671 - root - INFO - Train Results | R²: 0.9952 | RMSE: 0.0669 | IC: 0.9976 | RankIC: 0.9936
2026-02-27 11:27:56,671 - root - INFO - Valid Results | R²: 0.7014 | RMSE: 0.5424 | IC: 0.8915 | RankIC: 0.8825
2026-02-27 11:27:56,701 - root - INFO - Epoch [387/10000],
2026-02-27 11:27:56,702 - root - INFO - Train Results | R²: 0.9953 | RMSE: 0.0663 | IC: 0.9977 | RankIC: 0.9931
2026-02-27 11:27:56,702 - root - INFO - Valid Results | R²: 0.7020 | RMSE: 0.5418 | IC: 0.8912 | RankIC: 0.8825
2026-02-27 11:27:56,732 - root - INFO - Epoch [388/10000],
2026-02-27 11:27:56,732 - root - INFO - Train Results | R²: 0.9965 | RMSE: 0.0575 | IC: 0.9983 | RankIC: 0.9945
2026-02-27 11:27:56,733 - root - INFO - Valid Results | R²: 0.7041 | RMSE: 0.5399 | IC: 0.8930 | RankIC: 0.8895
2026-02-27 11:27:56,760 - root - INFO - Epoch [389/10000],
2026-02-27 11:27:56,761 - root - INFO - Train Results | R²: 0.9962 | RMSE: 0.0601 | IC: 0.9981 | RankIC: 0.9943
2026-02-27 11:27:56,761 - root - INFO - Valid Results | R²: 0.7007 | RMSE: 0.5430 | IC: 0.8917 | RankIC: 0.8825
2026-02-27 11:27:56,791 - root - INFO - Epoch [390/10000],
2026-02-27 11:27:56,791 - root - INFO - Train Results | R²: 0.9963 | RMSE: 0.0591 | IC: 0.9982 | RankIC: 0.9929
2026-02-27 11:27:56,792 - root - INFO - Valid Results | R²: 0.7006 | RMSE: 0.5431 | IC: 0.8915 | RankIC: 0.8825
2026-02-27 11:27:56,821 - root - INFO - Epoch [391/10000],
2026-02-27 11:27:56,822 - root - INFO - Train Results | R²: 0.9949 | RMSE: 0.0691 | IC: 0.9975 | RankIC: 0.9950
2026-02-27 11:27:56,822 - root - INFO - Valid Results | R²: 0.7027 | RMSE: 0.5411 | IC: 0.8906 | RankIC: 0.8825
2026-02-27 11:27:56,851 - root - INFO - Epoch [392/10000],
2026-02-27 11:27:56,851 - root - INFO - Train Results | R²: 0.9957 | RMSE: 0.0634 | IC: 0.9979 | RankIC: 0.9953
2026-02-27 11:27:56,851 - root - INFO - Valid Results | R²: 0.7026 | RMSE: 0.5413 | IC: 0.8914 | RankIC: 0.8825
2026-02-27 11:27:56,883 - root - INFO - Epoch [393/10000],
2026-02-27 11:27:56,883 - root - INFO - Train Results | R²: 0.9972 | RMSE: 0.0516 | IC: 0.9986 | RankIC: 0.9955
2026-02-27 11:27:56,883 - root - INFO - Valid Results | R²: 0.7041 | RMSE: 0.5399 | IC: 0.8924 | RankIC: 0.8825
2026-02-27 11:27:56,916 - root - INFO - Epoch [394/10000],
2026-02-27 11:27:56,916 - root - INFO - Train Results | R²: 0.9964 | RMSE: 0.0583 | IC: 0.9982 | RankIC: 0.9953
2026-02-27 11:27:56,916 - root - INFO - Valid Results | R²: 0.7026 | RMSE: 0.5413 | IC: 0.8911 | RankIC: 0.8895
2026-02-27 11:27:56,946 - root - INFO - Epoch [395/10000],
2026-02-27 11:27:56,946 - root - INFO - Train Results | R²: 0.9955 | RMSE: 0.0653 | IC: 0.9978 | RankIC: 0.9934
2026-02-27 11:27:56,946 - root - INFO - Valid Results | R²: 0.6996 | RMSE: 0.5440 | IC: 0.8897 | RankIC: 0.8825
2026-02-27 11:27:56,975 - root - INFO - Epoch [396/10000],
2026-02-27 11:27:56,975 - root - INFO - Train Results | R²: 0.9948 | RMSE: 0.0697 | IC: 0.9975 | RankIC: 0.9919
2026-02-27 11:27:56,975 - root - INFO - Valid Results | R²: 0.6999 | RMSE: 0.5437 | IC: 0.8906 | RankIC: 0.8825
2026-02-27 11:27:57,002 - root - INFO - Epoch [397/10000],
2026-02-27 11:27:57,002 - root - INFO - Train Results | R²: 0.9966 | RMSE: 0.0564 | IC: 0.9984 | RankIC: 0.9945
2026-02-27 11:27:57,002 - root - INFO - Valid Results | R²: 0.7018 | RMSE: 0.5420 | IC: 0.8916 | RankIC: 0.8895
2026-02-27 11:27:57,041 - root - INFO - Epoch [398/10000],
2026-02-27 11:27:57,042 - root - INFO - Train Results | R²: 0.9961 | RMSE: 0.0604 | IC: 0.9981 | RankIC: 0.9945
2026-02-27 11:27:57,042 - root - INFO - Valid Results | R²: 0.6993 | RMSE: 0.5442 | IC: 0.8892 | RankIC: 0.8825
2026-02-27 11:27:57,073 - root - INFO - Epoch [399/10000],
2026-02-27 11:27:57,073 - root - INFO - Train Results | R²: 0.9964 | RMSE: 0.0581 | IC: 0.9982 | RankIC: 0.9953
2026-02-27 11:27:57,073 - root - INFO - Valid Results | R²: 0.7004 | RMSE: 0.5432 | IC: 0.8897 | RankIC: 0.8895
2026-02-27 11:27:57,103 - root - INFO - Epoch [400/10000],
2026-02-27 11:27:57,103 - root - INFO - Train Results | R²: 0.9959 | RMSE: 0.0619 | IC: 0.9980 | RankIC: 0.9917
2026-02-27 11:27:57,103 - root - INFO - Valid Results | R²: 0.6993 | RMSE: 0.5442 | IC: 0.8906 | RankIC: 0.8825
2026-02-27 11:27:57,138 - root - INFO - Epoch [401/10000],
2026-02-27 11:27:57,138 - root - INFO - Train Results | R²: 0.9963 | RMSE: 0.0588 | IC: 0.9982 | RankIC: 0.9927
2026-02-27 11:27:57,139 - root - INFO - Valid Results | R²: 0.6989 | RMSE: 0.5446 | IC: 0.8903 | RankIC: 0.8825
2026-02-27 11:27:57,170 - root - INFO - Epoch [402/10000],
2026-02-27 11:27:57,171 - root - INFO - Train Results | R²: 0.9967 | RMSE: 0.0559 | IC: 0.9984 | RankIC: 0.9941
2026-02-27 11:27:57,171 - root - INFO - Valid Results | R²: 0.7018 | RMSE: 0.5420 | IC: 0.8920 | RankIC: 0.8825
2026-02-27 11:27:57,200 - root - INFO - Epoch [403/10000],
2026-02-27 11:27:57,200 - root - INFO - Train Results | R²: 0.9963 | RMSE: 0.0589 | IC: 0.9982 | RankIC: 0.9962
2026-02-27 11:27:57,200 - root - INFO - Valid Results | R²: 0.7018 | RMSE: 0.5420 | IC: 0.8907 | RankIC: 0.8825
2026-02-27 11:27:57,229 - root - INFO - Epoch [404/10000],
2026-02-27 11:27:57,229 - root - INFO - Train Results | R²: 0.9962 | RMSE: 0.0598 | IC: 0.9981 | RankIC: 0.9957
2026-02-27 11:27:57,230 - root - INFO - Valid Results | R²: 0.7041 | RMSE: 0.5399 | IC: 0.8932 | RankIC: 0.8895
2026-02-27 11:27:57,257 - root - INFO - Epoch [405/10000],
2026-02-27 11:27:57,258 - root - INFO - Train Results | R²: 0.9965 | RMSE: 0.0571 | IC: 0.9983 | RankIC: 0.9945
2026-02-27 11:27:57,258 - root - INFO - Valid Results | R²: 0.6999 | RMSE: 0.5437 | IC: 0.8900 | RankIC: 0.8825
2026-02-27 11:27:57,290 - root - INFO - Epoch [406/10000],
2026-02-27 11:27:57,291 - root - INFO - Train Results | R²: 0.9969 | RMSE: 0.0537 | IC: 0.9985 | RankIC: 0.9957
2026-02-27 11:27:57,291 - root - INFO - Valid Results | R²: 0.7029 | RMSE: 0.5410 | IC: 0.8919 | RankIC: 0.8895
2026-02-27 11:27:57,324 - root - INFO - Epoch [407/10000],
2026-02-27 11:27:57,324 - root - INFO - Train Results | R²: 0.9974 | RMSE: 0.0490 | IC: 0.9987 | RankIC: 0.9969
2026-02-27 11:27:57,324 - root - INFO - Valid Results | R²: 0.6999 | RMSE: 0.5437 | IC: 0.8895 | RankIC: 0.8825
2026-02-27 11:27:57,353 - root - INFO - Epoch [408/10000],
2026-02-27 11:27:57,354 - root - INFO - Train Results | R²: 0.9964 | RMSE: 0.0579 | IC: 0.9982 | RankIC: 0.9964
2026-02-27 11:27:57,354 - root - INFO - Valid Results | R²: 0.7030 | RMSE: 0.5408 | IC: 0.8918 | RankIC: 0.8895
2026-02-27 11:27:57,384 - root - INFO - Epoch [409/10000],
2026-02-27 11:27:57,385 - root - INFO - Train Results | R²: 0.9971 | RMSE: 0.0520 | IC: 0.9986 | RankIC: 0.9967
2026-02-27 11:27:57,385 - root - INFO - Valid Results | R²: 0.7027 | RMSE: 0.5411 | IC: 0.8911 | RankIC: 0.8825
2026-02-27 11:27:57,415 - root - INFO - Epoch [410/10000],
2026-02-27 11:27:57,416 - root - INFO - Train Results | R²: 0.9960 | RMSE: 0.0611 | IC: 0.9980 | RankIC: 0.9953
2026-02-27 11:27:57,416 - root - INFO - Valid Results | R²: 0.6982 | RMSE: 0.5452 | IC: 0.8891 | RankIC: 0.8825
2026-02-27 11:27:57,442 - root - INFO - Epoch [411/10000],
2026-02-27 11:27:57,443 - root - INFO - Train Results | R²: 0.9973 | RMSE: 0.0507 | IC: 0.9986 | RankIC: 0.9945
2026-02-27 11:27:57,443 - root - INFO - Valid Results | R²: 0.7049 | RMSE: 0.5391 | IC: 0.8921 | RankIC: 0.8895
2026-02-27 11:27:57,474 - root - INFO - Epoch [412/10000],
2026-02-27 11:27:57,474 - root - INFO - Train Results | R²: 0.9971 | RMSE: 0.0521 | IC: 0.9986 | RankIC: 0.9953
2026-02-27 11:27:57,475 - root - INFO - Valid Results | R²: 0.7044 | RMSE: 0.5396 | IC: 0.8924 | RankIC: 0.8895
2026-02-27 11:27:57,508 - root - INFO - Epoch [413/10000],
2026-02-27 11:27:57,508 - root - INFO - Train Results | R²: 0.9965 | RMSE: 0.0569 | IC: 0.9983 | RankIC: 0.9955
2026-02-27 11:27:57,509 - root - INFO - Valid Results | R²: 0.6994 | RMSE: 0.5442 | IC: 0.8886 | RankIC: 0.8825
2026-02-27 11:27:57,538 - root - INFO - Epoch [414/10000],
2026-02-27 11:27:57,539 - root - INFO - Train Results | R²: 0.9955 | RMSE: 0.0652 | IC: 0.9977 | RankIC: 0.9934
2026-02-27 11:27:57,539 - root - INFO - Valid Results | R²: 0.7016 | RMSE: 0.5422 | IC: 0.8906 | RankIC: 0.8825
2026-02-27 11:27:57,571 - root - INFO - Epoch [415/10000],
2026-02-27 11:27:57,571 - root - INFO - Train Results | R²: 0.9981 | RMSE: 0.0424 | IC: 0.9991 | RankIC: 0.9976
2026-02-27 11:27:57,571 - root - INFO - Valid Results | R²: 0.7013 | RMSE: 0.5424 | IC: 0.8903 | RankIC: 0.8895
2026-02-27 11:27:57,601 - root - INFO - Epoch [416/10000],
2026-02-27 11:27:57,602 - root - INFO - Train Results | R²: 0.9967 | RMSE: 0.0552 | IC: 0.9984 | RankIC: 0.9955
2026-02-27 11:27:57,602 - root - INFO - Valid Results | R²: 0.7002 | RMSE: 0.5435 | IC: 0.8895 | RankIC: 0.8825
2026-02-27 11:27:57,635 - root - INFO - Epoch [417/10000],
2026-02-27 11:27:57,635 - root - INFO - Train Results | R²: 0.9971 | RMSE: 0.0522 | IC: 0.9986 | RankIC: 0.9957
2026-02-27 11:27:57,635 - root - INFO - Valid Results | R²: 0.7004 | RMSE: 0.5432 | IC: 0.8905 | RankIC: 0.8825
2026-02-27 11:27:57,668 - root - INFO - Epoch [418/10000],
2026-02-27 11:27:57,668 - root - INFO - Train Results | R²: 0.9967 | RMSE: 0.0552 | IC: 0.9984 | RankIC: 0.9950
2026-02-27 11:27:57,668 - root - INFO - Valid Results | R²: 0.7041 | RMSE: 0.5399 | IC: 0.8932 | RankIC: 0.8825
2026-02-27 11:27:57,699 - root - INFO - Epoch [419/10000],
2026-02-27 11:27:57,699 - root - INFO - Train Results | R²: 0.9965 | RMSE: 0.0571 | IC: 0.9983 | RankIC: 0.9941
2026-02-27 11:27:57,700 - root - INFO - Valid Results | R²: 0.6972 | RMSE: 0.5461 | IC: 0.8901 | RankIC: 0.8825
2026-02-27 11:27:57,728 - root - INFO - Epoch [420/10000],
2026-02-27 11:27:57,728 - root - INFO - Train Results | R²: 0.9962 | RMSE: 0.0593 | IC: 0.9981 | RankIC: 0.9957
2026-02-27 11:27:57,728 - root - INFO - Valid Results | R²: 0.6960 | RMSE: 0.5473 | IC: 0.8874 | RankIC: 0.8825
2026-02-27 11:27:57,754 - root - INFO - Epoch [421/10000],
2026-02-27 11:27:57,755 - root - INFO - Train Results | R²: 0.9960 | RMSE: 0.0609 | IC: 0.9981 | RankIC: 0.9955
2026-02-27 11:27:57,755 - root - INFO - Valid Results | R²: 0.6983 | RMSE: 0.5451 | IC: 0.8890 | RankIC: 0.8895
2026-02-27 11:27:57,787 - root - INFO - Epoch [422/10000],
2026-02-27 11:27:57,787 - root - INFO - Train Results | R²: 0.9970 | RMSE: 0.0530 | IC: 0.9985 | RankIC: 0.9962
2026-02-27 11:27:57,787 - root - INFO - Valid Results | R²: 0.6997 | RMSE: 0.5439 | IC: 0.8887 | RankIC: 0.8825
2026-02-27 11:27:57,821 - root - INFO - Epoch [423/10000],
2026-02-27 11:27:57,821 - root - INFO - Train Results | R²: 0.9972 | RMSE: 0.0509 | IC: 0.9986 | RankIC: 0.9955
2026-02-27 11:27:57,822 - root - INFO - Valid Results | R²: 0.7036 | RMSE: 0.5403 | IC: 0.8926 | RankIC: 0.8895
2026-02-27 11:27:57,851 - root - INFO - Epoch [424/10000],
2026-02-27 11:27:57,852 - root - INFO - Train Results | R²: 0.9969 | RMSE: 0.0536 | IC: 0.9985 | RankIC: 0.9950
2026-02-27 11:27:57,852 - root - INFO - Valid Results | R²: 0.6993 | RMSE: 0.5442 | IC: 0.8896 | RankIC: 0.8825
2026-02-27 11:27:57,882 - root - INFO - Epoch [425/10000],
2026-02-27 11:27:57,882 - root - INFO - Train Results | R²: 0.9976 | RMSE: 0.0476 | IC: 0.9988 | RankIC: 0.9960
2026-02-27 11:27:57,883 - root - INFO - Valid Results | R²: 0.6955 | RMSE: 0.5477 | IC: 0.8867 | RankIC: 0.8860
2026-02-27 11:27:57,911 - root - INFO - Epoch [426/10000],
2026-02-27 11:27:57,911 - root - INFO - Train Results | R²: 0.9964 | RMSE: 0.0580 | IC: 0.9982 | RankIC: 0.9953
2026-02-27 11:27:57,911 - root - INFO - Valid Results | R²: 0.7023 | RMSE: 0.5415 | IC: 0.8915 | RankIC: 0.8807
2026-02-27 11:27:57,941 - root - INFO - Epoch [427/10000],
2026-02-27 11:27:57,941 - root - INFO - Train Results | R²: 0.9979 | RMSE: 0.0443 | IC: 0.9990 | RankIC: 0.9953
2026-02-27 11:27:57,942 - root - INFO - Valid Results | R²: 0.6988 | RMSE: 0.5447 | IC: 0.8892 | RankIC: 0.8825
2026-02-27 11:27:57,972 - root - INFO - Epoch [428/10000],
2026-02-27 11:27:57,973 - root - INFO - Train Results | R²: 0.9963 | RMSE: 0.0587 | IC: 0.9982 | RankIC: 0.9960
2026-02-27 11:27:57,973 - root - INFO - Valid Results | R²: 0.6990 | RMSE: 0.5445 | IC: 0.8890 | RankIC: 0.8895
2026-02-27 11:27:58,002 - root - INFO - Epoch [429/10000],
2026-02-27 11:27:58,002 - root - INFO - Train Results | R²: 0.9976 | RMSE: 0.0473 | IC: 0.9988 | RankIC: 0.9957
2026-02-27 11:27:58,002 - root - INFO - Valid Results | R²: 0.7005 | RMSE: 0.5432 | IC: 0.8906 | RankIC: 0.8895
2026-02-27 11:27:58,035 - root - INFO - Epoch [430/10000],
2026-02-27 11:27:58,035 - root - INFO - Train Results | R²: 0.9972 | RMSE: 0.0513 | IC: 0.9986 | RankIC: 0.9948
2026-02-27 11:27:58,036 - root - INFO - Valid Results | R²: 0.6987 | RMSE: 0.5447 | IC: 0.8892 | RankIC: 0.8825
2026-02-27 11:27:58,067 - root - INFO - Epoch [431/10000],
2026-02-27 11:27:58,068 - root - INFO - Train Results | R²: 0.9970 | RMSE: 0.0531 | IC: 0.9985 | RankIC: 0.9957
2026-02-27 11:27:58,068 - root - INFO - Valid Results | R²: 0.6964 | RMSE: 0.5468 | IC: 0.8866 | RankIC: 0.8825
2026-02-27 11:27:58,095 - root - INFO - Epoch [432/10000],
2026-02-27 11:27:58,096 - root - INFO - Train Results | R²: 0.9959 | RMSE: 0.0617 | IC: 0.9981 | RankIC: 0.9957
2026-02-27 11:27:58,096 - root - INFO - Valid Results | R²: 0.6995 | RMSE: 0.5441 | IC: 0.8909 | RankIC: 0.8825
2026-02-27 11:27:58,126 - root - INFO - Epoch [433/10000],
2026-02-27 11:27:58,126 - root - INFO - Train Results | R²: 0.9971 | RMSE: 0.0519 | IC: 0.9986 | RankIC: 0.9960
2026-02-27 11:27:58,128 - root - INFO - Valid Results | R²: 0.6983 | RMSE: 0.5452 | IC: 0.8903 | RankIC: 0.8825
2026-02-27 11:27:58,157 - root - INFO - Epoch [434/10000],
2026-02-27 11:27:58,158 - root - INFO - Train Results | R²: 0.9975 | RMSE: 0.0488 | IC: 0.9987 | RankIC: 0.9964
2026-02-27 11:27:58,159 - root - INFO - Valid Results | R²: 0.6994 | RMSE: 0.5442 | IC: 0.8891 | RankIC: 0.8825
2026-02-27 11:27:58,187 - root - INFO - Epoch [435/10000],
2026-02-27 11:27:58,187 - root - INFO - Train Results | R²: 0.9969 | RMSE: 0.0540 | IC: 0.9985 | RankIC: 0.9967
2026-02-27 11:27:58,187 - root - INFO - Valid Results | R²: 0.6998 | RMSE: 0.5438 | IC: 0.8900 | RankIC: 0.8825
2026-02-27 11:27:58,221 - root - INFO - Epoch [436/10000],
2026-02-27 11:27:58,221 - root - INFO - Train Results | R²: 0.9973 | RMSE: 0.0502 | IC: 0.9987 | RankIC: 0.9948
2026-02-27 11:27:58,221 - root - INFO - Valid Results | R²: 0.7011 | RMSE: 0.5426 | IC: 0.8889 | RankIC: 0.8895
2026-02-27 11:27:58,257 - root - INFO - Epoch [437/10000],
2026-02-27 11:27:58,258 - root - INFO - Train Results | R²: 0.9977 | RMSE: 0.0466 | IC: 0.9989 | RankIC: 0.9960
2026-02-27 11:27:58,258 - root - INFO - Valid Results | R²: 0.7001 | RMSE: 0.5436 | IC: 0.8897 | RankIC: 0.8825
2026-02-27 11:27:58,291 - root - INFO - Epoch [438/10000],
2026-02-27 11:27:58,292 - root - INFO - Train Results | R²: 0.9970 | RMSE: 0.0534 | IC: 0.9985 | RankIC: 0.9955
2026-02-27 11:27:58,292 - root - INFO - Valid Results | R²: 0.6963 | RMSE: 0.5470 | IC: 0.8876 | RankIC: 0.8825
2026-02-27 11:27:58,322 - root - INFO - Epoch [439/10000],
2026-02-27 11:27:58,322 - root - INFO - Train Results | R²: 0.9982 | RMSE: 0.0406 | IC: 0.9991 | RankIC: 0.9964
2026-02-27 11:27:58,323 - root - INFO - Valid Results | R²: 0.7018 | RMSE: 0.5420 | IC: 0.8910 | RankIC: 0.8825
2026-02-27 11:27:58,353 - root - INFO - Epoch [440/10000],
2026-02-27 11:27:58,353 - root - INFO - Train Results | R²: 0.9966 | RMSE: 0.0561 | IC: 0.9983 | RankIC: 0.9953
2026-02-27 11:27:58,353 - root - INFO - Valid Results | R²: 0.6936 | RMSE: 0.5494 | IC: 0.8865 | RankIC: 0.8895
2026-02-27 11:27:58,386 - root - INFO - Epoch [441/10000],
2026-02-27 11:27:58,387 - root - INFO - Train Results | R²: 0.9975 | RMSE: 0.0489 | IC: 0.9988 | RankIC: 0.9967
2026-02-27 11:27:58,387 - root - INFO - Valid Results | R²: 0.6978 | RMSE: 0.5456 | IC: 0.8888 | RankIC: 0.8825
2026-02-27 11:27:58,418 - root - INFO - Epoch [442/10000],
2026-02-27 11:27:58,419 - root - INFO - Train Results | R²: 0.9977 | RMSE: 0.0465 | IC: 0.9989 | RankIC: 0.9983
2026-02-27 11:27:58,419 - root - INFO - Valid Results | R²: 0.6969 | RMSE: 0.5464 | IC: 0.8880 | RankIC: 0.8825
2026-02-27 11:27:58,467 - root - INFO - Epoch [443/10000],
2026-02-27 11:27:58,468 - root - INFO - Train Results | R²: 0.9970 | RMSE: 0.0529 | IC: 0.9985 | RankIC: 0.9960
2026-02-27 11:27:58,468 - root - INFO - Valid Results | R²: 0.6979 | RMSE: 0.5455 | IC: 0.8877 | RankIC: 0.8825
2026-02-27 11:27:58,501 - root - INFO - Epoch [444/10000],
2026-02-27 11:27:58,501 - root - INFO - Train Results | R²: 0.9974 | RMSE: 0.0493 | IC: 0.9987 | RankIC: 0.9955
2026-02-27 11:27:58,501 - root - INFO - Valid Results | R²: 0.6994 | RMSE: 0.5442 | IC: 0.8890 | RankIC: 0.8825
2026-02-27 11:27:58,528 - root - INFO - Epoch [445/10000],
2026-02-27 11:27:58,528 - root - INFO - Train Results | R²: 0.9973 | RMSE: 0.0505 | IC: 0.9986 | RankIC: 0.9960
2026-02-27 11:27:58,528 - root - INFO - Valid Results | R²: 0.6972 | RMSE: 0.5461 | IC: 0.8863 | RankIC: 0.8825
2026-02-27 11:27:58,554 - root - INFO - Epoch [446/10000],
2026-02-27 11:27:58,554 - root - INFO - Train Results | R²: 0.9978 | RMSE: 0.0458 | IC: 0.9989 | RankIC: 0.9967
2026-02-27 11:27:58,555 - root - INFO - Valid Results | R²: 0.6993 | RMSE: 0.5442 | IC: 0.8894 | RankIC: 0.8895
2026-02-27 11:27:58,589 - root - INFO - Epoch [447/10000],
2026-02-27 11:27:58,589 - root - INFO - Train Results | R²: 0.9979 | RMSE: 0.0445 | IC: 0.9990 | RankIC: 0.9967
2026-02-27 11:27:58,589 - root - INFO - Valid Results | R²: 0.6970 | RMSE: 0.5464 | IC: 0.8880 | RankIC: 0.8895
2026-02-27 11:27:58,621 - root - INFO - Epoch [448/10000],
2026-02-27 11:27:58,622 - root - INFO - Train Results | R²: 0.9979 | RMSE: 0.0448 | IC: 0.9989 | RankIC: 0.9962
2026-02-27 11:27:58,622 - root - INFO - Valid Results | R²: 0.6957 | RMSE: 0.5475 | IC: 0.8885 | RankIC: 0.8825
2026-02-27 11:27:58,655 - root - INFO - Epoch [449/10000],
2026-02-27 11:27:58,656 - root - INFO - Train Results | R²: 0.9979 | RMSE: 0.0446 | IC: 0.9990 | RankIC: 0.9962
2026-02-27 11:27:58,656 - root - INFO - Valid Results | R²: 0.6934 | RMSE: 0.5496 | IC: 0.8874 | RankIC: 0.8825
2026-02-27 11:27:58,690 - root - INFO - Epoch [450/10000],
2026-02-27 11:27:58,690 - root - INFO - Train Results | R²: 0.9979 | RMSE: 0.0447 | IC: 0.9990 | RankIC: 0.9962
2026-02-27 11:27:58,691 - root - INFO - Valid Results | R²: 0.6996 | RMSE: 0.5440 | IC: 0.8896 | RankIC: 0.8895
2026-02-27 11:27:58,720 - root - INFO - Early stopping triggered at epoch 451. No improvement for 100 epochs.
2026-02-27 11:27:58,759 - root - INFO - Run 1 Test Results | R²: 0.0378 | RMSE: 1.1477 | IC: 0.3610 | RankIC: 0.4286
2026-02-27 11:27:58,760 - root - INFO - 
2026-02-27 11:27:58,760 - root - INFO - ============================================================
2026-02-27 11:27:58,760 - root - INFO - Causal-TSF Run 2/5 Starting...
2026-02-27 11:27:58,760 - root - INFO - ============================================================
2026-02-27 11:27:58,794 - root - INFO - Best model saved at epoch 1 with validation R2: -0.0015
2026-02-27 11:27:58,794 - root - INFO - Epoch [1/10000],
2026-02-27 11:27:58,794 - root - INFO - Train Results | R²: 0.0015 | RMSE: 0.9678 | IC: 0.2567 | RankIC: 0.1358
2026-02-27 11:27:58,795 - root - INFO - Valid Results | R²: -0.0015 | RMSE: 0.9933 | IC: -0.1368 | RankIC: -0.3070
2026-02-27 11:27:58,825 - root - INFO - Best model saved at epoch 2 with validation R2: -0.0009
2026-02-27 11:27:58,825 - root - INFO - Epoch [2/10000],
2026-02-27 11:27:58,825 - root - INFO - Train Results | R²: 0.0037 | RMSE: 0.9668 | IC: 0.5257 | RankIC: 0.4545
2026-02-27 11:27:58,826 - root - INFO - Valid Results | R²: -0.0009 | RMSE: 0.9929 | IC: -0.0443 | RankIC: -0.2386
2026-02-27 11:27:58,853 - root - INFO - Best model saved at epoch 3 with validation R2: 0.0001
2026-02-27 11:27:58,855 - root - INFO - Epoch [3/10000],
2026-02-27 11:27:58,855 - root - INFO - Train Results | R²: 0.0053 | RMSE: 0.9660 | IC: 0.6059 | RankIC: 0.6299
2026-02-27 11:27:58,855 - root - INFO - Valid Results | R²: 0.0001 | RMSE: 0.9924 | IC: 0.0903 | RankIC: -0.1158
2026-02-27 11:27:58,884 - root - INFO - Best model saved at epoch 4 with validation R2: 0.0012
2026-02-27 11:27:58,884 - root - INFO - Epoch [4/10000],
2026-02-27 11:27:58,885 - root - INFO - Train Results | R²: 0.0075 | RMSE: 0.9649 | IC: 0.7166 | RankIC: 0.7063
2026-02-27 11:27:58,885 - root - INFO - Valid Results | R²: 0.0012 | RMSE: 0.9919 | IC: 0.2107 | RankIC: 0.0018
2026-02-27 11:27:58,927 - root - INFO - Best model saved at epoch 5 with validation R2: 0.0027
2026-02-27 11:27:58,929 - root - INFO - Epoch [5/10000],
2026-02-27 11:27:58,929 - root - INFO - Train Results | R²: 0.0094 | RMSE: 0.9640 | IC: 0.7511 | RankIC: 0.7603
2026-02-27 11:27:58,930 - root - INFO - Valid Results | R²: 0.0027 | RMSE: 0.9912 | IC: 0.3468 | RankIC: 0.1439
2026-02-27 11:27:58,966 - root - INFO - Best model saved at epoch 6 with validation R2: 0.0034
2026-02-27 11:27:58,966 - root - INFO - Epoch [6/10000],
2026-02-27 11:27:58,967 - root - INFO - Train Results | R²: 0.0114 | RMSE: 0.9630 | IC: 0.8173 | RankIC: 0.7800
2026-02-27 11:27:58,967 - root - INFO - Valid Results | R²: 0.0034 | RMSE: 0.9908 | IC: 0.4018 | RankIC: 0.2526
2026-02-27 11:27:58,997 - root - INFO - Best model saved at epoch 7 with validation R2: 0.0048
2026-02-27 11:27:58,997 - root - INFO - Epoch [7/10000],
2026-02-27 11:27:58,997 - root - INFO - Train Results | R²: 0.0127 | RMSE: 0.9624 | IC: 0.8528 | RankIC: 0.8103
2026-02-27 11:27:58,997 - root - INFO - Valid Results | R²: 0.0048 | RMSE: 0.9901 | IC: 0.5012 | RankIC: 0.3807
2026-02-27 11:27:59,027 - root - INFO - Best model saved at epoch 8 with validation R2: 0.0056
2026-02-27 11:27:59,027 - root - INFO - Epoch [8/10000],
2026-02-27 11:27:59,027 - root - INFO - Train Results | R²: 0.0145 | RMSE: 0.9615 | IC: 0.8559 | RankIC: 0.8120
2026-02-27 11:27:59,027 - root - INFO - Valid Results | R²: 0.0056 | RMSE: 0.9897 | IC: 0.5364 | RankIC: 0.4281
2026-02-27 11:27:59,055 - root - INFO - Best model saved at epoch 9 with validation R2: 0.0070
2026-02-27 11:27:59,055 - root - INFO - Epoch [9/10000],
2026-02-27 11:27:59,055 - root - INFO - Train Results | R²: 0.0169 | RMSE: 0.9603 | IC: 0.8739 | RankIC: 0.8317
2026-02-27 11:27:59,056 - root - INFO - Valid Results | R²: 0.0070 | RMSE: 0.9890 | IC: 0.6247 | RankIC: 0.5088
2026-02-27 11:27:59,093 - root - INFO - Best model saved at epoch 10 with validation R2: 0.0079
2026-02-27 11:27:59,094 - root - INFO - Epoch [10/10000],
2026-02-27 11:27:59,094 - root - INFO - Train Results | R²: 0.0181 | RMSE: 0.9597 | IC: 0.8791 | RankIC: 0.8438
2026-02-27 11:27:59,094 - root - INFO - Valid Results | R²: 0.0079 | RMSE: 0.9886 | IC: 0.6607 | RankIC: 0.5421
2026-02-27 11:27:59,126 - root - INFO - Best model saved at epoch 11 with validation R2: 0.0084
2026-02-27 11:27:59,126 - root - INFO - Epoch [11/10000],
2026-02-27 11:27:59,126 - root - INFO - Train Results | R²: 0.0207 | RMSE: 0.9585 | IC: 0.8909 | RankIC: 0.8478
2026-02-27 11:27:59,127 - root - INFO - Valid Results | R²: 0.0084 | RMSE: 0.9883 | IC: 0.6650 | RankIC: 0.5368
2026-02-27 11:27:59,158 - root - INFO - Best model saved at epoch 12 with validation R2: 0.0097
2026-02-27 11:27:59,158 - root - INFO - Epoch [12/10000],
2026-02-27 11:27:59,159 - root - INFO - Train Results | R²: 0.0220 | RMSE: 0.9578 | IC: 0.8874 | RankIC: 0.8499
2026-02-27 11:27:59,159 - root - INFO - Valid Results | R²: 0.0097 | RMSE: 0.9877 | IC: 0.6839 | RankIC: 0.5596
2026-02-27 11:27:59,189 - root - INFO - Best model saved at epoch 13 with validation R2: 0.0112
2026-02-27 11:27:59,189 - root - INFO - Epoch [13/10000],
2026-02-27 11:27:59,189 - root - INFO - Train Results | R²: 0.0241 | RMSE: 0.9568 | IC: 0.9028 | RankIC: 0.8649
2026-02-27 11:27:59,189 - root - INFO - Valid Results | R²: 0.0112 | RMSE: 0.9869 | IC: 0.7133 | RankIC: 0.6421
2026-02-27 11:27:59,222 - root - INFO - Best model saved at epoch 14 with validation R2: 0.0125
2026-02-27 11:27:59,222 - root - INFO - Epoch [14/10000],
2026-02-27 11:27:59,222 - root - INFO - Train Results | R²: 0.0262 | RMSE: 0.9557 | IC: 0.9139 | RankIC: 0.8739
2026-02-27 11:27:59,222 - root - INFO - Valid Results | R²: 0.0125 | RMSE: 0.9863 | IC: 0.7404 | RankIC: 0.7123
2026-02-27 11:27:59,252 - root - INFO - Best model saved at epoch 15 with validation R2: 0.0139
2026-02-27 11:27:59,252 - root - INFO - Epoch [15/10000],
2026-02-27 11:27:59,252 - root - INFO - Train Results | R²: 0.0282 | RMSE: 0.9548 | IC: 0.9129 | RankIC: 0.8717
2026-02-27 11:27:59,252 - root - INFO - Valid Results | R²: 0.0139 | RMSE: 0.9856 | IC: 0.7638 | RankIC: 0.7333
2026-02-27 11:27:59,283 - root - INFO - Best model saved at epoch 16 with validation R2: 0.0155
2026-02-27 11:27:59,283 - root - INFO - Epoch [16/10000],
2026-02-27 11:27:59,284 - root - INFO - Train Results | R²: 0.0308 | RMSE: 0.9535 | IC: 0.9116 | RankIC: 0.8540
2026-02-27 11:27:59,284 - root - INFO - Valid Results | R²: 0.0155 | RMSE: 0.9848 | IC: 0.7879 | RankIC: 0.7632
2026-02-27 11:27:59,316 - root - INFO - Best model saved at epoch 17 with validation R2: 0.0164
2026-02-27 11:27:59,316 - root - INFO - Epoch [17/10000],
2026-02-27 11:27:59,316 - root - INFO - Train Results | R²: 0.0328 | RMSE: 0.9525 | IC: 0.9151 | RankIC: 0.8834
2026-02-27 11:27:59,316 - root - INFO - Valid Results | R²: 0.0164 | RMSE: 0.9843 | IC: 0.7880 | RankIC: 0.7456
2026-02-27 11:27:59,348 - root - INFO - Best model saved at epoch 18 with validation R2: 0.0179
2026-02-27 11:27:59,349 - root - INFO - Epoch [18/10000],
2026-02-27 11:27:59,349 - root - INFO - Train Results | R²: 0.0350 | RMSE: 0.9514 | IC: 0.9118 | RankIC: 0.8746
2026-02-27 11:27:59,349 - root - INFO - Valid Results | R²: 0.0179 | RMSE: 0.9836 | IC: 0.7918 | RankIC: 0.7456
2026-02-27 11:27:59,380 - root - INFO - Best model saved at epoch 19 with validation R2: 0.0200
2026-02-27 11:27:59,380 - root - INFO - Epoch [19/10000],
2026-02-27 11:27:59,380 - root - INFO - Train Results | R²: 0.0374 | RMSE: 0.9502 | IC: 0.9149 | RankIC: 0.8736
2026-02-27 11:27:59,380 - root - INFO - Valid Results | R²: 0.0200 | RMSE: 0.9825 | IC: 0.8059 | RankIC: 0.7649
2026-02-27 11:27:59,409 - root - INFO - Best model saved at epoch 20 with validation R2: 0.0212
2026-02-27 11:27:59,409 - root - INFO - Epoch [20/10000],
2026-02-27 11:27:59,410 - root - INFO - Train Results | R²: 0.0397 | RMSE: 0.9491 | IC: 0.9170 | RankIC: 0.8883
2026-02-27 11:27:59,410 - root - INFO - Valid Results | R²: 0.0212 | RMSE: 0.9819 | IC: 0.7964 | RankIC: 0.7509
2026-02-27 11:27:59,442 - root - INFO - Best model saved at epoch 21 with validation R2: 0.0234
2026-02-27 11:27:59,443 - root - INFO - Epoch [21/10000],
2026-02-27 11:27:59,443 - root - INFO - Train Results | R²: 0.0427 | RMSE: 0.9476 | IC: 0.9148 | RankIC: 0.8807
2026-02-27 11:27:59,443 - root - INFO - Valid Results | R²: 0.0234 | RMSE: 0.9808 | IC: 0.8154 | RankIC: 0.7544
2026-02-27 11:27:59,477 - root - INFO - Best model saved at epoch 22 with validation R2: 0.0252
2026-02-27 11:27:59,477 - root - INFO - Epoch [22/10000],
2026-02-27 11:27:59,477 - root - INFO - Train Results | R²: 0.0452 | RMSE: 0.9464 | IC: 0.9203 | RankIC: 0.8964
2026-02-27 11:27:59,477 - root - INFO - Valid Results | R²: 0.0252 | RMSE: 0.9799 | IC: 0.8342 | RankIC: 0.7737
2026-02-27 11:27:59,507 - root - INFO - Best model saved at epoch 23 with validation R2: 0.0266
2026-02-27 11:27:59,508 - root - INFO - Epoch [23/10000],
2026-02-27 11:27:59,508 - root - INFO - Train Results | R²: 0.0480 | RMSE: 0.9450 | IC: 0.9167 | RankIC: 0.8917
2026-02-27 11:27:59,508 - root - INFO - Valid Results | R²: 0.0266 | RMSE: 0.9792 | IC: 0.8304 | RankIC: 0.7667
2026-02-27 11:27:59,541 - root - INFO - Best model saved at epoch 24 with validation R2: 0.0288
2026-02-27 11:27:59,541 - root - INFO - Epoch [24/10000],
2026-02-27 11:27:59,542 - root - INFO - Train Results | R²: 0.0506 | RMSE: 0.9437 | IC: 0.9192 | RankIC: 0.8933
2026-02-27 11:27:59,542 - root - INFO - Valid Results | R²: 0.0288 | RMSE: 0.9781 | IC: 0.8467 | RankIC: 0.7860
2026-02-27 11:27:59,572 - root - INFO - Best model saved at epoch 25 with validation R2: 0.0308
2026-02-27 11:27:59,572 - root - INFO - Epoch [25/10000],
2026-02-27 11:27:59,572 - root - INFO - Train Results | R²: 0.0537 | RMSE: 0.9421 | IC: 0.9151 | RankIC: 0.8831
2026-02-27 11:27:59,573 - root - INFO - Valid Results | R²: 0.0308 | RMSE: 0.9771 | IC: 0.8418 | RankIC: 0.7877
2026-02-27 11:27:59,606 - root - INFO - Best model saved at epoch 26 with validation R2: 0.0335
2026-02-27 11:27:59,607 - root - INFO - Epoch [26/10000],
2026-02-27 11:27:59,607 - root - INFO - Train Results | R²: 0.0579 | RMSE: 0.9401 | IC: 0.9143 | RankIC: 0.8857
2026-02-27 11:27:59,607 - root - INFO - Valid Results | R²: 0.0335 | RMSE: 0.9757 | IC: 0.8491 | RankIC: 0.7789
2026-02-27 11:27:59,636 - root - INFO - Best model saved at epoch 27 with validation R2: 0.0353
2026-02-27 11:27:59,636 - root - INFO - Epoch [27/10000],
2026-02-27 11:27:59,637 - root - INFO - Train Results | R²: 0.0612 | RMSE: 0.9384 | IC: 0.9151 | RankIC: 0.8900
2026-02-27 11:27:59,637 - root - INFO - Valid Results | R²: 0.0353 | RMSE: 0.9748 | IC: 0.8514 | RankIC: 0.7877
2026-02-27 11:27:59,669 - root - INFO - Best model saved at epoch 28 with validation R2: 0.0367
2026-02-27 11:27:59,670 - root - INFO - Epoch [28/10000],
2026-02-27 11:27:59,670 - root - INFO - Train Results | R²: 0.0642 | RMSE: 0.9369 | IC: 0.9174 | RankIC: 0.8943
2026-02-27 11:27:59,670 - root - INFO - Valid Results | R²: 0.0367 | RMSE: 0.9741 | IC: 0.8507 | RankIC: 0.7825
2026-02-27 11:27:59,700 - root - INFO - Best model saved at epoch 29 with validation R2: 0.0406
2026-02-27 11:27:59,701 - root - INFO - Epoch [29/10000],
2026-02-27 11:27:59,701 - root - INFO - Train Results | R²: 0.0677 | RMSE: 0.9352 | IC: 0.9158 | RankIC: 0.8907
2026-02-27 11:27:59,701 - root - INFO - Valid Results | R²: 0.0406 | RMSE: 0.9721 | IC: 0.8574 | RankIC: 0.7825
2026-02-27 11:27:59,732 - root - INFO - Best model saved at epoch 30 with validation R2: 0.0431
2026-02-27 11:27:59,733 - root - INFO - Epoch [30/10000],
2026-02-27 11:27:59,733 - root - INFO - Train Results | R²: 0.0714 | RMSE: 0.9333 | IC: 0.9111 | RankIC: 0.8864
2026-02-27 11:27:59,733 - root - INFO - Valid Results | R²: 0.0431 | RMSE: 0.9709 | IC: 0.8570 | RankIC: 0.7895
2026-02-27 11:27:59,764 - root - INFO - Best model saved at epoch 31 with validation R2: 0.0462
2026-02-27 11:27:59,764 - root - INFO - Epoch [31/10000],
2026-02-27 11:27:59,765 - root - INFO - Train Results | R²: 0.0753 | RMSE: 0.9314 | IC: 0.9135 | RankIC: 0.8962
2026-02-27 11:27:59,765 - root - INFO - Valid Results | R²: 0.0462 | RMSE: 0.9693 | IC: 0.8610 | RankIC: 0.7912
2026-02-27 11:27:59,796 - root - INFO - Best model saved at epoch 32 with validation R2: 0.0486
2026-02-27 11:27:59,796 - root - INFO - Epoch [32/10000],
2026-02-27 11:27:59,796 - root - INFO - Train Results | R²: 0.0778 | RMSE: 0.9301 | IC: 0.9129 | RankIC: 0.8869
2026-02-27 11:27:59,797 - root - INFO - Valid Results | R²: 0.0486 | RMSE: 0.9681 | IC: 0.8646 | RankIC: 0.8088
2026-02-27 11:27:59,824 - root - INFO - Best model saved at epoch 33 with validation R2: 0.0524
2026-02-27 11:27:59,824 - root - INFO - Epoch [33/10000],
2026-02-27 11:27:59,824 - root - INFO - Train Results | R²: 0.0827 | RMSE: 0.9276 | IC: 0.9111 | RankIC: 0.8966
2026-02-27 11:27:59,824 - root - INFO - Valid Results | R²: 0.0524 | RMSE: 0.9661 | IC: 0.8685 | RankIC: 0.8123
2026-02-27 11:27:59,859 - root - INFO - Best model saved at epoch 34 with validation R2: 0.0546
2026-02-27 11:27:59,859 - root - INFO - Epoch [34/10000],
2026-02-27 11:27:59,859 - root - INFO - Train Results | R²: 0.0862 | RMSE: 0.9258 | IC: 0.9143 | RankIC: 0.8829
2026-02-27 11:27:59,859 - root - INFO - Valid Results | R²: 0.0546 | RMSE: 0.9650 | IC: 0.8632 | RankIC: 0.7895
2026-02-27 11:27:59,893 - root - INFO - Best model saved at epoch 35 with validation R2: 0.0587
2026-02-27 11:27:59,893 - root - INFO - Epoch [35/10000],
2026-02-27 11:27:59,894 - root - INFO - Train Results | R²: 0.0901 | RMSE: 0.9238 | IC: 0.9134 | RankIC: 0.8860
2026-02-27 11:27:59,894 - root - INFO - Valid Results | R²: 0.0587 | RMSE: 0.9629 | IC: 0.8720 | RankIC: 0.7947
2026-02-27 11:27:59,924 - root - INFO - Best model saved at epoch 36 with validation R2: 0.0618
2026-02-27 11:27:59,924 - root - INFO - Epoch [36/10000],
2026-02-27 11:27:59,924 - root - INFO - Train Results | R²: 0.0946 | RMSE: 0.9216 | IC: 0.9175 | RankIC: 0.8943
2026-02-27 11:27:59,925 - root - INFO - Valid Results | R²: 0.0618 | RMSE: 0.9613 | IC: 0.8734 | RankIC: 0.7965
2026-02-27 11:27:59,955 - root - INFO - Best model saved at epoch 37 with validation R2: 0.0652
2026-02-27 11:27:59,955 - root - INFO - Epoch [37/10000],
2026-02-27 11:27:59,956 - root - INFO - Train Results | R²: 0.0981 | RMSE: 0.9198 | IC: 0.9159 | RankIC: 0.8893
2026-02-27 11:27:59,956 - root - INFO - Valid Results | R²: 0.0652 | RMSE: 0.9596 | IC: 0.8733 | RankIC: 0.8246
2026-02-27 11:27:59,989 - root - INFO - Best model saved at epoch 38 with validation R2: 0.0680
2026-02-27 11:27:59,989 - root - INFO - Epoch [38/10000],
2026-02-27 11:27:59,989 - root - INFO - Train Results | R²: 0.1016 | RMSE: 0.9180 | IC: 0.9171 | RankIC: 0.8917
2026-02-27 11:27:59,990 - root - INFO - Valid Results | R²: 0.0680 | RMSE: 0.9582 | IC: 0.8723 | RankIC: 0.8228
2026-02-27 11:28:00,022 - root - INFO - Best model saved at epoch 39 with validation R2: 0.0722
2026-02-27 11:28:00,022 - root - INFO - Epoch [39/10000],
2026-02-27 11:28:00,022 - root - INFO - Train Results | R²: 0.1062 | RMSE: 0.9157 | IC: 0.9163 | RankIC: 0.8862
2026-02-27 11:28:00,022 - root - INFO - Valid Results | R²: 0.0722 | RMSE: 0.9560 | IC: 0.8755 | RankIC: 0.7930
2026-02-27 11:28:00,052 - root - INFO - Best model saved at epoch 40 with validation R2: 0.0758
2026-02-27 11:28:00,052 - root - INFO - Epoch [40/10000],
2026-02-27 11:28:00,052 - root - INFO - Train Results | R²: 0.1105 | RMSE: 0.9135 | IC: 0.9165 | RankIC: 0.8883
2026-02-27 11:28:00,052 - root - INFO - Valid Results | R²: 0.0758 | RMSE: 0.9542 | IC: 0.8764 | RankIC: 0.7877
2026-02-27 11:28:00,084 - root - INFO - Best model saved at epoch 41 with validation R2: 0.0800
2026-02-27 11:28:00,084 - root - INFO - Epoch [41/10000],
2026-02-27 11:28:00,085 - root - INFO - Train Results | R²: 0.1143 | RMSE: 0.9115 | IC: 0.9178 | RankIC: 0.8952
2026-02-27 11:28:00,085 - root - INFO - Valid Results | R²: 0.0800 | RMSE: 0.9520 | IC: 0.8818 | RankIC: 0.8316
2026-02-27 11:28:00,127 - root - INFO - Best model saved at epoch 42 with validation R2: 0.0823
2026-02-27 11:28:00,127 - root - INFO - Epoch [42/10000],
2026-02-27 11:28:00,127 - root - INFO - Train Results | R²: 0.1196 | RMSE: 0.9088 | IC: 0.9203 | RankIC: 0.9004
2026-02-27 11:28:00,127 - root - INFO - Valid Results | R²: 0.0823 | RMSE: 0.9508 | IC: 0.8767 | RankIC: 0.8193
2026-02-27 11:28:00,159 - root - INFO - Best model saved at epoch 43 with validation R2: 0.0867
2026-02-27 11:28:00,159 - root - INFO - Epoch [43/10000],
2026-02-27 11:28:00,159 - root - INFO - Train Results | R²: 0.1234 | RMSE: 0.9068 | IC: 0.9169 | RankIC: 0.8983
2026-02-27 11:28:00,159 - root - INFO - Valid Results | R²: 0.0867 | RMSE: 0.9485 | IC: 0.8807 | RankIC: 0.8386
2026-02-27 11:28:00,189 - root - INFO - Best model saved at epoch 44 with validation R2: 0.0900
2026-02-27 11:28:00,189 - root - INFO - Epoch [44/10000],
2026-02-27 11:28:00,191 - root - INFO - Train Results | R²: 0.1285 | RMSE: 0.9042 | IC: 0.9146 | RankIC: 0.8836
2026-02-27 11:28:00,191 - root - INFO - Valid Results | R²: 0.0900 | RMSE: 0.9468 | IC: 0.8815 | RankIC: 0.8456
2026-02-27 11:28:00,221 - root - INFO - Best model saved at epoch 45 with validation R2: 0.0934
2026-02-27 11:28:00,222 - root - INFO - Epoch [45/10000],
2026-02-27 11:28:00,222 - root - INFO - Train Results | R²: 0.1347 | RMSE: 0.9009 | IC: 0.9219 | RankIC: 0.8857
2026-02-27 11:28:00,223 - root - INFO - Valid Results | R²: 0.0934 | RMSE: 0.9450 | IC: 0.8780 | RankIC: 0.8368
2026-02-27 11:28:00,251 - root - INFO - Best model saved at epoch 46 with validation R2: 0.0990
2026-02-27 11:28:00,251 - root - INFO - Epoch [46/10000],
2026-02-27 11:28:00,252 - root - INFO - Train Results | R²: 0.1378 | RMSE: 0.8993 | IC: 0.9176 | RankIC: 0.8924
2026-02-27 11:28:00,252 - root - INFO - Valid Results | R²: 0.0990 | RMSE: 0.9421 | IC: 0.8813 | RankIC: 0.8175
2026-02-27 11:28:00,280 - root - INFO - Best model saved at epoch 47 with validation R2: 0.1030
2026-02-27 11:28:00,281 - root - INFO - Epoch [47/10000],
2026-02-27 11:28:00,281 - root - INFO - Train Results | R²: 0.1444 | RMSE: 0.8959 | IC: 0.9183 | RankIC: 0.8881
2026-02-27 11:28:00,281 - root - INFO - Valid Results | R²: 0.1030 | RMSE: 0.9400 | IC: 0.8854 | RankIC: 0.8386
2026-02-27 11:28:00,310 - root - INFO - Best model saved at epoch 48 with validation R2: 0.1057
2026-02-27 11:28:00,310 - root - INFO - Epoch [48/10000],
2026-02-27 11:28:00,311 - root - INFO - Train Results | R²: 0.1495 | RMSE: 0.8932 | IC: 0.9219 | RankIC: 0.8926
2026-02-27 11:28:00,311 - root - INFO - Valid Results | R²: 0.1057 | RMSE: 0.9386 | IC: 0.8806 | RankIC: 0.8439
2026-02-27 11:28:00,339 - root - INFO - Best model saved at epoch 49 with validation R2: 0.1102
2026-02-27 11:28:00,340 - root - INFO - Epoch [49/10000],
2026-02-27 11:28:00,340 - root - INFO - Train Results | R²: 0.1546 | RMSE: 0.8905 | IC: 0.9199 | RankIC: 0.8947
2026-02-27 11:28:00,340 - root - INFO - Valid Results | R²: 0.1102 | RMSE: 0.9362 | IC: 0.8811 | RankIC: 0.8053
2026-02-27 11:28:00,377 - root - INFO - Best model saved at epoch 50 with validation R2: 0.1145
2026-02-27 11:28:00,377 - root - INFO - Epoch [50/10000],
2026-02-27 11:28:00,377 - root - INFO - Train Results | R²: 0.1597 | RMSE: 0.8878 | IC: 0.9208 | RankIC: 0.8954
2026-02-27 11:28:00,377 - root - INFO - Valid Results | R²: 0.1145 | RMSE: 0.9339 | IC: 0.8822 | RankIC: 0.8439
2026-02-27 11:28:00,407 - root - INFO - Best model saved at epoch 51 with validation R2: 0.1186
2026-02-27 11:28:00,407 - root - INFO - Epoch [51/10000],
2026-02-27 11:28:00,407 - root - INFO - Train Results | R²: 0.1664 | RMSE: 0.8843 | IC: 0.9196 | RankIC: 0.9040
2026-02-27 11:28:00,407 - root - INFO - Valid Results | R²: 0.1186 | RMSE: 0.9318 | IC: 0.8817 | RankIC: 0.8246
2026-02-27 11:28:00,436 - root - INFO - Best model saved at epoch 52 with validation R2: 0.1230
2026-02-27 11:28:00,437 - root - INFO - Epoch [52/10000],
2026-02-27 11:28:00,437 - root - INFO - Train Results | R²: 0.1719 | RMSE: 0.8814 | IC: 0.9204 | RankIC: 0.8921
2026-02-27 11:28:00,437 - root - INFO - Valid Results | R²: 0.1230 | RMSE: 0.9295 | IC: 0.8810 | RankIC: 0.8263
2026-02-27 11:28:00,470 - root - INFO - Best model saved at epoch 53 with validation R2: 0.1292
2026-02-27 11:28:00,470 - root - INFO - Epoch [53/10000],
2026-02-27 11:28:00,470 - root - INFO - Train Results | R²: 0.1783 | RMSE: 0.8779 | IC: 0.9195 | RankIC: 0.8845
2026-02-27 11:28:00,471 - root - INFO - Valid Results | R²: 0.1292 | RMSE: 0.9262 | IC: 0.8883 | RankIC: 0.8509
2026-02-27 11:28:00,501 - root - INFO - Best model saved at epoch 54 with validation R2: 0.1326
2026-02-27 11:28:00,501 - root - INFO - Epoch [54/10000],
2026-02-27 11:28:00,501 - root - INFO - Train Results | R²: 0.1856 | RMSE: 0.8741 | IC: 0.9214 | RankIC: 0.9000
2026-02-27 11:28:00,501 - root - INFO - Valid Results | R²: 0.1326 | RMSE: 0.9244 | IC: 0.8838 | RankIC: 0.8316
2026-02-27 11:28:00,531 - root - INFO - Best model saved at epoch 55 with validation R2: 0.1373
2026-02-27 11:28:00,531 - root - INFO - Epoch [55/10000],
2026-02-27 11:28:00,532 - root - INFO - Train Results | R²: 0.1925 | RMSE: 0.8703 | IC: 0.9194 | RankIC: 0.8966
2026-02-27 11:28:00,532 - root - INFO - Valid Results | R²: 0.1373 | RMSE: 0.9218 | IC: 0.8846 | RankIC: 0.8246
2026-02-27 11:28:00,564 - root - INFO - Best model saved at epoch 56 with validation R2: 0.1434
2026-02-27 11:28:00,564 - root - INFO - Epoch [56/10000],
2026-02-27 11:28:00,564 - root - INFO - Train Results | R²: 0.1989 | RMSE: 0.8669 | IC: 0.9188 | RankIC: 0.9011
2026-02-27 11:28:00,564 - root - INFO - Valid Results | R²: 0.1434 | RMSE: 0.9186 | IC: 0.8835 | RankIC: 0.8281
2026-02-27 11:28:00,595 - root - INFO - Best model saved at epoch 57 with validation R2: 0.1478
2026-02-27 11:28:00,595 - root - INFO - Epoch [57/10000],
2026-02-27 11:28:00,595 - root - INFO - Train Results | R²: 0.2081 | RMSE: 0.8619 | IC: 0.9201 | RankIC: 0.8950
2026-02-27 11:28:00,595 - root - INFO - Valid Results | R²: 0.1478 | RMSE: 0.9162 | IC: 0.8868 | RankIC: 0.8509
2026-02-27 11:28:00,623 - root - INFO - Best model saved at epoch 58 with validation R2: 0.1534
2026-02-27 11:28:00,623 - root - INFO - Epoch [58/10000],
2026-02-27 11:28:00,623 - root - INFO - Train Results | R²: 0.2129 | RMSE: 0.8593 | IC: 0.9170 | RankIC: 0.8886
2026-02-27 11:28:00,624 - root - INFO - Valid Results | R²: 0.1534 | RMSE: 0.9132 | IC: 0.8845 | RankIC: 0.8509
2026-02-27 11:28:00,659 - root - INFO - Best model saved at epoch 59 with validation R2: 0.1579
2026-02-27 11:28:00,659 - root - INFO - Epoch [59/10000],
2026-02-27 11:28:00,659 - root - INFO - Train Results | R²: 0.2232 | RMSE: 0.8536 | IC: 0.9182 | RankIC: 0.8902
2026-02-27 11:28:00,659 - root - INFO - Valid Results | R²: 0.1579 | RMSE: 0.9108 | IC: 0.8835 | RankIC: 0.8509
2026-02-27 11:28:00,690 - root - INFO - Best model saved at epoch 60 with validation R2: 0.1649
2026-02-27 11:28:00,691 - root - INFO - Epoch [60/10000],
2026-02-27 11:28:00,691 - root - INFO - Train Results | R²: 0.2313 | RMSE: 0.8492 | IC: 0.9194 | RankIC: 0.8914
2026-02-27 11:28:00,691 - root - INFO - Valid Results | R²: 0.1649 | RMSE: 0.9070 | IC: 0.8851 | RankIC: 0.8316
2026-02-27 11:28:00,723 - root - INFO - Best model saved at epoch 61 with validation R2: 0.1710
2026-02-27 11:28:00,723 - root - INFO - Epoch [61/10000],
2026-02-27 11:28:00,723 - root - INFO - Train Results | R²: 0.2420 | RMSE: 0.8432 | IC: 0.9191 | RankIC: 0.8898
2026-02-27 11:28:00,723 - root - INFO - Valid Results | R²: 0.1710 | RMSE: 0.9037 | IC: 0.8841 | RankIC: 0.8509
2026-02-27 11:28:00,752 - root - INFO - Best model saved at epoch 62 with validation R2: 0.1766
2026-02-27 11:28:00,753 - root - INFO - Epoch [62/10000],
2026-02-27 11:28:00,753 - root - INFO - Train Results | R²: 0.2489 | RMSE: 0.8394 | IC: 0.9163 | RankIC: 0.8928
2026-02-27 11:28:00,753 - root - INFO - Valid Results | R²: 0.1766 | RMSE: 0.9006 | IC: 0.8808 | RankIC: 0.8316
2026-02-27 11:28:00,784 - root - INFO - Best model saved at epoch 63 with validation R2: 0.1828
2026-02-27 11:28:00,784 - root - INFO - Epoch [63/10000],
2026-02-27 11:28:00,784 - root - INFO - Train Results | R²: 0.2600 | RMSE: 0.8332 | IC: 0.9190 | RankIC: 0.9047
2026-02-27 11:28:00,784 - root - INFO - Valid Results | R²: 0.1828 | RMSE: 0.8972 | IC: 0.8825 | RankIC: 0.8439
2026-02-27 11:28:00,815 - root - INFO - Best model saved at epoch 64 with validation R2: 0.1896
2026-02-27 11:28:00,815 - root - INFO - Epoch [64/10000],
2026-02-27 11:28:00,815 - root - INFO - Train Results | R²: 0.2675 | RMSE: 0.8289 | IC: 0.9149 | RankIC: 0.8869
2026-02-27 11:28:00,815 - root - INFO - Valid Results | R²: 0.1896 | RMSE: 0.8935 | IC: 0.8833 | RankIC: 0.8509
2026-02-27 11:28:00,848 - root - INFO - Best model saved at epoch 65 with validation R2: 0.1966
2026-02-27 11:28:00,848 - root - INFO - Epoch [65/10000],
2026-02-27 11:28:00,848 - root - INFO - Train Results | R²: 0.2787 | RMSE: 0.8226 | IC: 0.9152 | RankIC: 0.8914
2026-02-27 11:28:00,849 - root - INFO - Valid Results | R²: 0.1966 | RMSE: 0.8896 | IC: 0.8829 | RankIC: 0.8246
2026-02-27 11:28:00,879 - root - INFO - Best model saved at epoch 66 with validation R2: 0.2043
2026-02-27 11:28:00,879 - root - INFO - Epoch [66/10000],
2026-02-27 11:28:00,879 - root - INFO - Train Results | R²: 0.2898 | RMSE: 0.8162 | IC: 0.9159 | RankIC: 0.8928
2026-02-27 11:28:00,879 - root - INFO - Valid Results | R²: 0.2043 | RMSE: 0.8853 | IC: 0.8810 | RankIC: 0.8316
2026-02-27 11:28:00,910 - root - INFO - Best model saved at epoch 67 with validation R2: 0.2111
2026-02-27 11:28:00,910 - root - INFO - Epoch [67/10000],
2026-02-27 11:28:00,910 - root - INFO - Train Results | R²: 0.3010 | RMSE: 0.8098 | IC: 0.9137 | RankIC: 0.9054
2026-02-27 11:28:00,910 - root - INFO - Valid Results | R²: 0.2111 | RMSE: 0.8815 | IC: 0.8805 | RankIC: 0.8333
2026-02-27 11:28:00,941 - root - INFO - Best model saved at epoch 68 with validation R2: 0.2197
2026-02-27 11:28:00,941 - root - INFO - Epoch [68/10000],
2026-02-27 11:28:00,941 - root - INFO - Train Results | R²: 0.3152 | RMSE: 0.8015 | IC: 0.9159 | RankIC: 0.8917
2026-02-27 11:28:00,941 - root - INFO - Valid Results | R²: 0.2197 | RMSE: 0.8767 | IC: 0.8793 | RankIC: 0.8439
2026-02-27 11:28:00,971 - root - INFO - Best model saved at epoch 69 with validation R2: 0.2258
2026-02-27 11:28:00,972 - root - INFO - Epoch [69/10000],
2026-02-27 11:28:00,972 - root - INFO - Train Results | R²: 0.3249 | RMSE: 0.7958 | IC: 0.9139 | RankIC: 0.8973
2026-02-27 11:28:00,972 - root - INFO - Valid Results | R²: 0.2258 | RMSE: 0.8733 | IC: 0.8774 | RankIC: 0.8246
2026-02-27 11:28:01,003 - root - INFO - Best model saved at epoch 70 with validation R2: 0.2357
2026-02-27 11:28:01,003 - root - INFO - Epoch [70/10000],
2026-02-27 11:28:01,003 - root - INFO - Train Results | R²: 0.3351 | RMSE: 0.7898 | IC: 0.9138 | RankIC: 0.8928
2026-02-27 11:28:01,004 - root - INFO - Valid Results | R²: 0.2357 | RMSE: 0.8677 | IC: 0.8788 | RankIC: 0.8509
2026-02-27 11:28:01,035 - root - INFO - Best model saved at epoch 71 with validation R2: 0.2420
2026-02-27 11:28:01,036 - root - INFO - Epoch [71/10000],
2026-02-27 11:28:01,036 - root - INFO - Train Results | R²: 0.3472 | RMSE: 0.7825 | IC: 0.9120 | RankIC: 0.8971
2026-02-27 11:28:01,036 - root - INFO - Valid Results | R²: 0.2420 | RMSE: 0.8641 | IC: 0.8745 | RankIC: 0.8246
2026-02-27 11:28:01,067 - root - INFO - Best model saved at epoch 72 with validation R2: 0.2519
2026-02-27 11:28:01,068 - root - INFO - Epoch [72/10000],
2026-02-27 11:28:01,068 - root - INFO - Train Results | R²: 0.3599 | RMSE: 0.7749 | IC: 0.9104 | RankIC: 0.8976
2026-02-27 11:28:01,068 - root - INFO - Valid Results | R²: 0.2519 | RMSE: 0.8584 | IC: 0.8765 | RankIC: 0.8368
2026-02-27 11:28:01,098 - root - INFO - Best model saved at epoch 73 with validation R2: 0.2607
2026-02-27 11:28:01,098 - root - INFO - Epoch [73/10000],
2026-02-27 11:28:01,098 - root - INFO - Train Results | R²: 0.3741 | RMSE: 0.7663 | IC: 0.9148 | RankIC: 0.9064
2026-02-27 11:28:01,099 - root - INFO - Valid Results | R²: 0.2607 | RMSE: 0.8533 | IC: 0.8760 | RankIC: 0.8526
2026-02-27 11:28:01,131 - root - INFO - Best model saved at epoch 74 with validation R2: 0.2700
2026-02-27 11:28:01,131 - root - INFO - Epoch [74/10000],
2026-02-27 11:28:01,131 - root - INFO - Train Results | R²: 0.3881 | RMSE: 0.7576 | IC: 0.9117 | RankIC: 0.9059
2026-02-27 11:28:01,132 - root - INFO - Valid Results | R²: 0.2700 | RMSE: 0.8480 | IC: 0.8759 | RankIC: 0.8596
2026-02-27 11:28:01,164 - root - INFO - Best model saved at epoch 75 with validation R2: 0.2806
2026-02-27 11:28:01,164 - root - INFO - Epoch [75/10000],
2026-02-27 11:28:01,164 - root - INFO - Train Results | R²: 0.3989 | RMSE: 0.7509 | IC: 0.9077 | RankIC: 0.9026
2026-02-27 11:28:01,164 - root - INFO - Valid Results | R²: 0.2806 | RMSE: 0.8418 | IC: 0.8766 | RankIC: 0.8526
2026-02-27 11:28:01,195 - root - INFO - Best model saved at epoch 76 with validation R2: 0.2902
2026-02-27 11:28:01,195 - root - INFO - Epoch [76/10000],
2026-02-27 11:28:01,196 - root - INFO - Train Results | R²: 0.4129 | RMSE: 0.7421 | IC: 0.9088 | RankIC: 0.9037
2026-02-27 11:28:01,196 - root - INFO - Valid Results | R²: 0.2902 | RMSE: 0.8362 | IC: 0.8758 | RankIC: 0.8526
2026-02-27 11:28:01,223 - root - INFO - Best model saved at epoch 77 with validation R2: 0.2992
2026-02-27 11:28:01,223 - root - INFO - Epoch [77/10000],
2026-02-27 11:28:01,223 - root - INFO - Train Results | R²: 0.4287 | RMSE: 0.7321 | IC: 0.9082 | RankIC: 0.8976
2026-02-27 11:28:01,224 - root - INFO - Valid Results | R²: 0.2992 | RMSE: 0.8309 | IC: 0.8740 | RankIC: 0.8526
2026-02-27 11:28:01,252 - root - INFO - Best model saved at epoch 78 with validation R2: 0.3092
2026-02-27 11:28:01,252 - root - INFO - Epoch [78/10000],
2026-02-27 11:28:01,252 - root - INFO - Train Results | R²: 0.4437 | RMSE: 0.7224 | IC: 0.9071 | RankIC: 0.8943
2026-02-27 11:28:01,253 - root - INFO - Valid Results | R²: 0.3092 | RMSE: 0.8249 | IC: 0.8738 | RankIC: 0.8596
2026-02-27 11:28:01,288 - root - INFO - Best model saved at epoch 79 with validation R2: 0.3191
2026-02-27 11:28:01,288 - root - INFO - Epoch [79/10000],
2026-02-27 11:28:01,289 - root - INFO - Train Results | R²: 0.4545 | RMSE: 0.7153 | IC: 0.9061 | RankIC: 0.9104
2026-02-27 11:28:01,289 - root - INFO - Valid Results | R²: 0.3191 | RMSE: 0.8190 | IC: 0.8728 | RankIC: 0.8596
2026-02-27 11:28:01,319 - root - INFO - Best model saved at epoch 80 with validation R2: 0.3309
2026-02-27 11:28:01,319 - root - INFO - Epoch [80/10000],
2026-02-27 11:28:01,319 - root - INFO - Train Results | R²: 0.4732 | RMSE: 0.7030 | IC: 0.9074 | RankIC: 0.9045
2026-02-27 11:28:01,319 - root - INFO - Valid Results | R²: 0.3309 | RMSE: 0.8119 | IC: 0.8717 | RankIC: 0.8526
2026-02-27 11:28:01,349 - root - INFO - Best model saved at epoch 81 with validation R2: 0.3405
2026-02-27 11:28:01,350 - root - INFO - Epoch [81/10000],
2026-02-27 11:28:01,350 - root - INFO - Train Results | R²: 0.4853 | RMSE: 0.6949 | IC: 0.9006 | RankIC: 0.8971
2026-02-27 11:28:01,350 - root - INFO - Valid Results | R²: 0.3405 | RMSE: 0.8060 | IC: 0.8695 | RankIC: 0.8526
2026-02-27 11:28:01,382 - root - INFO - Best model saved at epoch 82 with validation R2: 0.3510
2026-02-27 11:28:01,383 - root - INFO - Epoch [82/10000],
2026-02-27 11:28:01,383 - root - INFO - Train Results | R²: 0.4975 | RMSE: 0.6866 | IC: 0.8997 | RankIC: 0.8976
2026-02-27 11:28:01,383 - root - INFO - Valid Results | R²: 0.3510 | RMSE: 0.7996 | IC: 0.8696 | RankIC: 0.8526
2026-02-27 11:28:01,413 - root - INFO - Best model saved at epoch 83 with validation R2: 0.3625
2026-02-27 11:28:01,413 - root - INFO - Epoch [83/10000],
2026-02-27 11:28:01,413 - root - INFO - Train Results | R²: 0.5201 | RMSE: 0.6709 | IC: 0.9050 | RankIC: 0.9040
2026-02-27 11:28:01,414 - root - INFO - Valid Results | R²: 0.3625 | RMSE: 0.7924 | IC: 0.8700 | RankIC: 0.8333
2026-02-27 11:28:01,443 - root - INFO - Best model saved at epoch 84 with validation R2: 0.3743
2026-02-27 11:28:01,443 - root - INFO - Epoch [84/10000],
2026-02-27 11:28:01,443 - root - INFO - Train Results | R²: 0.5331 | RMSE: 0.6618 | IC: 0.9030 | RankIC: 0.9040
2026-02-27 11:28:01,443 - root - INFO - Valid Results | R²: 0.3743 | RMSE: 0.7851 | IC: 0.8679 | RankIC: 0.8526
2026-02-27 11:28:01,473 - root - INFO - Best model saved at epoch 85 with validation R2: 0.3895
2026-02-27 11:28:01,473 - root - INFO - Epoch [85/10000],
2026-02-27 11:28:01,474 - root - INFO - Train Results | R²: 0.5491 | RMSE: 0.6503 | IC: 0.9016 | RankIC: 0.9004
2026-02-27 11:28:01,474 - root - INFO - Valid Results | R²: 0.3895 | RMSE: 0.7755 | IC: 0.8715 | RankIC: 0.8754
2026-02-27 11:28:01,507 - root - INFO - Best model saved at epoch 86 with validation R2: 0.4010
2026-02-27 11:28:01,507 - root - INFO - Epoch [86/10000],
2026-02-27 11:28:01,508 - root - INFO - Train Results | R²: 0.5671 | RMSE: 0.6373 | IC: 0.9004 | RankIC: 0.8992
2026-02-27 11:28:01,508 - root - INFO - Valid Results | R²: 0.4010 | RMSE: 0.7682 | IC: 0.8710 | RankIC: 0.8684
2026-02-27 11:28:01,541 - root - INFO - Best model saved at epoch 87 with validation R2: 0.4122
2026-02-27 11:28:01,541 - root - INFO - Epoch [87/10000],
2026-02-27 11:28:01,541 - root - INFO - Train Results | R²: 0.5847 | RMSE: 0.6241 | IC: 0.9001 | RankIC: 0.9026
2026-02-27 11:28:01,542 - root - INFO - Valid Results | R²: 0.4122 | RMSE: 0.7609 | IC: 0.8693 | RankIC: 0.8684
2026-02-27 11:28:01,573 - root - INFO - Best model saved at epoch 88 with validation R2: 0.4279
2026-02-27 11:28:01,573 - root - INFO - Epoch [88/10000],
2026-02-27 11:28:01,573 - root - INFO - Train Results | R²: 0.5978 | RMSE: 0.6142 | IC: 0.8999 | RankIC: 0.9045
2026-02-27 11:28:01,574 - root - INFO - Valid Results | R²: 0.4279 | RMSE: 0.7507 | IC: 0.8717 | RankIC: 0.8754
2026-02-27 11:28:01,612 - root - INFO - Best model saved at epoch 89 with validation R2: 0.4416
2026-02-27 11:28:01,613 - root - INFO - Epoch [89/10000],
2026-02-27 11:28:01,613 - root - INFO - Train Results | R²: 0.6132 | RMSE: 0.6024 | IC: 0.8977 | RankIC: 0.9040
2026-02-27 11:28:01,613 - root - INFO - Valid Results | R²: 0.4416 | RMSE: 0.7416 | IC: 0.8721 | RankIC: 0.8298
2026-02-27 11:28:01,649 - root - INFO - Best model saved at epoch 90 with validation R2: 0.4550
2026-02-27 11:28:01,649 - root - INFO - Epoch [90/10000],
2026-02-27 11:28:01,650 - root - INFO - Train Results | R²: 0.6307 | RMSE: 0.5886 | IC: 0.8996 | RankIC: 0.9004
2026-02-27 11:28:01,650 - root - INFO - Valid Results | R²: 0.4550 | RMSE: 0.7327 | IC: 0.8711 | RankIC: 0.8667
2026-02-27 11:28:01,679 - root - INFO - Best model saved at epoch 91 with validation R2: 0.4655
2026-02-27 11:28:01,679 - root - INFO - Epoch [91/10000],
2026-02-27 11:28:01,679 - root - INFO - Train Results | R²: 0.6473 | RMSE: 0.5752 | IC: 0.8986 | RankIC: 0.8940
2026-02-27 11:28:01,679 - root - INFO - Valid Results | R²: 0.4655 | RMSE: 0.7256 | IC: 0.8696 | RankIC: 0.8526
2026-02-27 11:28:01,708 - root - INFO - Best model saved at epoch 92 with validation R2: 0.4797
2026-02-27 11:28:01,709 - root - INFO - Epoch [92/10000],
2026-02-27 11:28:01,709 - root - INFO - Train Results | R²: 0.6629 | RMSE: 0.5623 | IC: 0.8986 | RankIC: 0.9042
2026-02-27 11:28:01,709 - root - INFO - Valid Results | R²: 0.4797 | RMSE: 0.7159 | IC: 0.8718 | RankIC: 0.8649
2026-02-27 11:28:01,742 - root - INFO - Best model saved at epoch 93 with validation R2: 0.4923
2026-02-27 11:28:01,742 - root - INFO - Epoch [93/10000],
2026-02-27 11:28:01,742 - root - INFO - Train Results | R²: 0.6801 | RMSE: 0.5478 | IC: 0.9018 | RankIC: 0.9014
2026-02-27 11:28:01,742 - root - INFO - Valid Results | R²: 0.4923 | RMSE: 0.7072 | IC: 0.8738 | RankIC: 0.8526
2026-02-27 11:28:01,771 - root - INFO - Best model saved at epoch 94 with validation R2: 0.5055
2026-02-27 11:28:01,771 - root - INFO - Epoch [94/10000],
2026-02-27 11:28:01,772 - root - INFO - Train Results | R²: 0.6914 | RMSE: 0.5380 | IC: 0.9001 | RankIC: 0.9033
2026-02-27 11:28:01,772 - root - INFO - Valid Results | R²: 0.5055 | RMSE: 0.6979 | IC: 0.8734 | RankIC: 0.8526
2026-02-27 11:28:01,804 - root - INFO - Best model saved at epoch 95 with validation R2: 0.5181
2026-02-27 11:28:01,804 - root - INFO - Epoch [95/10000],
2026-02-27 11:28:01,804 - root - INFO - Train Results | R²: 0.7017 | RMSE: 0.5290 | IC: 0.8979 | RankIC: 0.9130
2026-02-27 11:28:01,805 - root - INFO - Valid Results | R²: 0.5181 | RMSE: 0.6890 | IC: 0.8737 | RankIC: 0.8754
2026-02-27 11:28:01,835 - root - INFO - Best model saved at epoch 96 with validation R2: 0.5271
2026-02-27 11:28:01,835 - root - INFO - Epoch [96/10000],
2026-02-27 11:28:01,835 - root - INFO - Train Results | R²: 0.7199 | RMSE: 0.5125 | IC: 0.9007 | RankIC: 0.9080
2026-02-27 11:28:01,835 - root - INFO - Valid Results | R²: 0.5271 | RMSE: 0.6825 | IC: 0.8716 | RankIC: 0.8649
2026-02-27 11:28:01,870 - root - INFO - Best model saved at epoch 97 with validation R2: 0.5375
2026-02-27 11:28:01,870 - root - INFO - Epoch [97/10000],
2026-02-27 11:28:01,870 - root - INFO - Train Results | R²: 0.7285 | RMSE: 0.5046 | IC: 0.8986 | RankIC: 0.9147
2026-02-27 11:28:01,870 - root - INFO - Valid Results | R²: 0.5375 | RMSE: 0.6750 | IC: 0.8706 | RankIC: 0.8667
2026-02-27 11:28:01,904 - root - INFO - Best model saved at epoch 98 with validation R2: 0.5534
2026-02-27 11:28:01,904 - root - INFO - Epoch [98/10000],
2026-02-27 11:28:01,904 - root - INFO - Train Results | R²: 0.7377 | RMSE: 0.4960 | IC: 0.8992 | RankIC: 0.9097
2026-02-27 11:28:01,904 - root - INFO - Valid Results | R²: 0.5534 | RMSE: 0.6633 | IC: 0.8756 | RankIC: 0.8684
2026-02-27 11:28:01,941 - root - INFO - Best model saved at epoch 99 with validation R2: 0.5585
2026-02-27 11:28:01,941 - root - INFO - Epoch [99/10000],
2026-02-27 11:28:01,941 - root - INFO - Train Results | R²: 0.7514 | RMSE: 0.4829 | IC: 0.9031 | RankIC: 0.9059
2026-02-27 11:28:01,942 - root - INFO - Valid Results | R²: 0.5585 | RMSE: 0.6594 | IC: 0.8736 | RankIC: 0.8684
2026-02-27 11:28:01,972 - root - INFO - Best model saved at epoch 100 with validation R2: 0.5685
2026-02-27 11:28:01,972 - root - INFO - Epoch [100/10000],
2026-02-27 11:28:01,972 - root - INFO - Train Results | R²: 0.7589 | RMSE: 0.4756 | IC: 0.9013 | RankIC: 0.9087
2026-02-27 11:28:01,972 - root - INFO - Valid Results | R²: 0.5685 | RMSE: 0.6520 | IC: 0.8735 | RankIC: 0.8684
2026-02-27 11:28:02,002 - root - INFO - Best model saved at epoch 101 with validation R2: 0.5790
2026-02-27 11:28:02,002 - root - INFO - Epoch [101/10000],
2026-02-27 11:28:02,003 - root - INFO - Train Results | R²: 0.7692 | RMSE: 0.4653 | IC: 0.9042 | RankIC: 0.9014
2026-02-27 11:28:02,003 - root - INFO - Valid Results | R²: 0.5790 | RMSE: 0.6439 | IC: 0.8752 | RankIC: 0.8684
2026-02-27 11:28:02,032 - root - INFO - Best model saved at epoch 102 with validation R2: 0.5885
2026-02-27 11:28:02,032 - root - INFO - Epoch [102/10000],
2026-02-27 11:28:02,033 - root - INFO - Train Results | R²: 0.7787 | RMSE: 0.4556 | IC: 0.9063 | RankIC: 0.9177
2026-02-27 11:28:02,033 - root - INFO - Valid Results | R²: 0.5885 | RMSE: 0.6367 | IC: 0.8778 | RankIC: 0.8737
2026-02-27 11:28:02,071 - root - INFO - Best model saved at epoch 103 with validation R2: 0.5921
2026-02-27 11:28:02,072 - root - INFO - Epoch [103/10000],
2026-02-27 11:28:02,072 - root - INFO - Train Results | R²: 0.7809 | RMSE: 0.4533 | IC: 0.9047 | RankIC: 0.9083
2026-02-27 11:28:02,072 - root - INFO - Valid Results | R²: 0.5921 | RMSE: 0.6339 | IC: 0.8749 | RankIC: 0.8754
2026-02-27 11:28:02,100 - root - INFO - Best model saved at epoch 104 with validation R2: 0.5994
2026-02-27 11:28:02,101 - root - INFO - Epoch [104/10000],
2026-02-27 11:28:02,101 - root - INFO - Train Results | R²: 0.7880 | RMSE: 0.4460 | IC: 0.9057 | RankIC: 0.9023
2026-02-27 11:28:02,101 - root - INFO - Valid Results | R²: 0.5994 | RMSE: 0.6282 | IC: 0.8770 | RankIC: 0.8684
2026-02-27 11:28:02,131 - root - INFO - Best model saved at epoch 105 with validation R2: 0.6064
2026-02-27 11:28:02,131 - root - INFO - Epoch [105/10000],
2026-02-27 11:28:02,131 - root - INFO - Train Results | R²: 0.7949 | RMSE: 0.4386 | IC: 0.9084 | RankIC: 0.9097
2026-02-27 11:28:02,132 - root - INFO - Valid Results | R²: 0.6064 | RMSE: 0.6227 | IC: 0.8781 | RankIC: 0.8754
2026-02-27 11:28:02,163 - root - INFO - Best model saved at epoch 106 with validation R2: 0.6138
2026-02-27 11:28:02,164 - root - INFO - Epoch [106/10000],
2026-02-27 11:28:02,164 - root - INFO - Train Results | R²: 0.7999 | RMSE: 0.4332 | IC: 0.9094 | RankIC: 0.9028
2026-02-27 11:28:02,164 - root - INFO - Valid Results | R²: 0.6138 | RMSE: 0.6168 | IC: 0.8786 | RankIC: 0.8737
2026-02-27 11:28:02,192 - root - INFO - Best model saved at epoch 107 with validation R2: 0.6156
2026-02-27 11:28:02,192 - root - INFO - Epoch [107/10000],
2026-02-27 11:28:02,193 - root - INFO - Train Results | R²: 0.8057 | RMSE: 0.4269 | IC: 0.9116 | RankIC: 0.9090
2026-02-27 11:28:02,193 - root - INFO - Valid Results | R²: 0.6156 | RMSE: 0.6153 | IC: 0.8774 | RankIC: 0.8754
2026-02-27 11:28:02,224 - root - INFO - Best model saved at epoch 108 with validation R2: 0.6206
2026-02-27 11:28:02,225 - root - INFO - Epoch [108/10000],
2026-02-27 11:28:02,225 - root - INFO - Train Results | R²: 0.8099 | RMSE: 0.4223 | IC: 0.9130 | RankIC: 0.9111
2026-02-27 11:28:02,225 - root - INFO - Valid Results | R²: 0.6206 | RMSE: 0.6113 | IC: 0.8770 | RankIC: 0.8649
2026-02-27 11:28:02,255 - root - INFO - Best model saved at epoch 109 with validation R2: 0.6251
2026-02-27 11:28:02,255 - root - INFO - Epoch [109/10000],
2026-02-27 11:28:02,255 - root - INFO - Train Results | R²: 0.8127 | RMSE: 0.4191 | IC: 0.9139 | RankIC: 0.9135
2026-02-27 11:28:02,255 - root - INFO - Valid Results | R²: 0.6251 | RMSE: 0.6077 | IC: 0.8781 | RankIC: 0.8719
2026-02-27 11:28:02,285 - root - INFO - Best model saved at epoch 110 with validation R2: 0.6259
2026-02-27 11:28:02,285 - root - INFO - Epoch [110/10000],
2026-02-27 11:28:02,285 - root - INFO - Train Results | R²: 0.8186 | RMSE: 0.4125 | IC: 0.9163 | RankIC: 0.9087
2026-02-27 11:28:02,285 - root - INFO - Valid Results | R²: 0.6259 | RMSE: 0.6070 | IC: 0.8769 | RankIC: 0.8684
2026-02-27 11:28:02,319 - root - INFO - Best model saved at epoch 111 with validation R2: 0.6294
2026-02-27 11:28:02,319 - root - INFO - Epoch [111/10000],
2026-02-27 11:28:02,319 - root - INFO - Train Results | R²: 0.8219 | RMSE: 0.4087 | IC: 0.9178 | RankIC: 0.9158
2026-02-27 11:28:02,319 - root - INFO - Valid Results | R²: 0.6294 | RMSE: 0.6042 | IC: 0.8775 | RankIC: 0.8754
2026-02-27 11:28:02,355 - root - INFO - Best model saved at epoch 112 with validation R2: 0.6347
2026-02-27 11:28:02,355 - root - INFO - Epoch [112/10000],
2026-02-27 11:28:02,355 - root - INFO - Train Results | R²: 0.8244 | RMSE: 0.4059 | IC: 0.9192 | RankIC: 0.9180
2026-02-27 11:28:02,355 - root - INFO - Valid Results | R²: 0.6347 | RMSE: 0.5999 | IC: 0.8774 | RankIC: 0.8737
2026-02-27 11:28:02,385 - root - INFO - Best model saved at epoch 113 with validation R2: 0.6383
2026-02-27 11:28:02,385 - root - INFO - Epoch [113/10000],
2026-02-27 11:28:02,385 - root - INFO - Train Results | R²: 0.8270 | RMSE: 0.4029 | IC: 0.9203 | RankIC: 0.9206
2026-02-27 11:28:02,385 - root - INFO - Valid Results | R²: 0.6383 | RMSE: 0.5969 | IC: 0.8803 | RankIC: 0.8737
2026-02-27 11:28:02,419 - root - INFO - Epoch [114/10000],
2026-02-27 11:28:02,419 - root - INFO - Train Results | R²: 0.8318 | RMSE: 0.3973 | IC: 0.9221 | RankIC: 0.9182
2026-02-27 11:28:02,419 - root - INFO - Valid Results | R²: 0.6377 | RMSE: 0.5974 | IC: 0.8785 | RankIC: 0.8754
2026-02-27 11:28:02,453 - root - INFO - Best model saved at epoch 115 with validation R2: 0.6407
2026-02-27 11:28:02,453 - root - INFO - Epoch [115/10000],
2026-02-27 11:28:02,454 - root - INFO - Train Results | R²: 0.8323 | RMSE: 0.3967 | IC: 0.9222 | RankIC: 0.9087
2026-02-27 11:28:02,454 - root - INFO - Valid Results | R²: 0.6407 | RMSE: 0.5950 | IC: 0.8791 | RankIC: 0.8737
2026-02-27 11:28:02,482 - root - INFO - Best model saved at epoch 116 with validation R2: 0.6447
2026-02-27 11:28:02,483 - root - INFO - Epoch [116/10000],
2026-02-27 11:28:02,483 - root - INFO - Train Results | R²: 0.8356 | RMSE: 0.3927 | IC: 0.9234 | RankIC: 0.9227
2026-02-27 11:28:02,483 - root - INFO - Valid Results | R²: 0.6447 | RMSE: 0.5916 | IC: 0.8789 | RankIC: 0.8754
2026-02-27 11:28:02,512 - root - INFO - Best model saved at epoch 117 with validation R2: 0.6473
2026-02-27 11:28:02,512 - root - INFO - Epoch [117/10000],
2026-02-27 11:28:02,512 - root - INFO - Train Results | R²: 0.8380 | RMSE: 0.3898 | IC: 0.9247 | RankIC: 0.9229
2026-02-27 11:28:02,513 - root - INFO - Valid Results | R²: 0.6473 | RMSE: 0.5894 | IC: 0.8809 | RankIC: 0.8754
2026-02-27 11:28:02,539 - root - INFO - Epoch [118/10000],
2026-02-27 11:28:02,539 - root - INFO - Train Results | R²: 0.8398 | RMSE: 0.3876 | IC: 0.9252 | RankIC: 0.9232
2026-02-27 11:28:02,539 - root - INFO - Valid Results | R²: 0.6460 | RMSE: 0.5905 | IC: 0.8785 | RankIC: 0.8754
2026-02-27 11:28:02,573 - root - INFO - Epoch [119/10000],
2026-02-27 11:28:02,574 - root - INFO - Train Results | R²: 0.8423 | RMSE: 0.3846 | IC: 0.9260 | RankIC: 0.9239
2026-02-27 11:28:02,574 - root - INFO - Valid Results | R²: 0.6467 | RMSE: 0.5899 | IC: 0.8777 | RankIC: 0.8789
2026-02-27 11:28:02,608 - root - INFO - Best model saved at epoch 120 with validation R2: 0.6485
2026-02-27 11:28:02,609 - root - INFO - Epoch [120/10000],
2026-02-27 11:28:02,609 - root - INFO - Train Results | R²: 0.8451 | RMSE: 0.3811 | IC: 0.9272 | RankIC: 0.9170
2026-02-27 11:28:02,609 - root - INFO - Valid Results | R²: 0.6485 | RMSE: 0.5885 | IC: 0.8770 | RankIC: 0.8789
2026-02-27 11:28:02,647 - root - INFO - Best model saved at epoch 121 with validation R2: 0.6510
2026-02-27 11:28:02,647 - root - INFO - Epoch [121/10000],
2026-02-27 11:28:02,647 - root - INFO - Train Results | R²: 0.8446 | RMSE: 0.3818 | IC: 0.9266 | RankIC: 0.9222
2026-02-27 11:28:02,647 - root - INFO - Valid Results | R²: 0.6510 | RMSE: 0.5863 | IC: 0.8782 | RankIC: 0.8702
2026-02-27 11:28:02,682 - root - INFO - Best model saved at epoch 122 with validation R2: 0.6522
2026-02-27 11:28:02,682 - root - INFO - Epoch [122/10000],
2026-02-27 11:28:02,682 - root - INFO - Train Results | R²: 0.8477 | RMSE: 0.3780 | IC: 0.9283 | RankIC: 0.9246
2026-02-27 11:28:02,682 - root - INFO - Valid Results | R²: 0.6522 | RMSE: 0.5853 | IC: 0.8774 | RankIC: 0.8737
2026-02-27 11:28:02,715 - root - INFO - Epoch [123/10000],
2026-02-27 11:28:02,715 - root - INFO - Train Results | R²: 0.8490 | RMSE: 0.3764 | IC: 0.9284 | RankIC: 0.9244
2026-02-27 11:28:02,716 - root - INFO - Valid Results | R²: 0.6514 | RMSE: 0.5860 | IC: 0.8759 | RankIC: 0.8842
2026-02-27 11:28:02,747 - root - INFO - Best model saved at epoch 124 with validation R2: 0.6564
2026-02-27 11:28:02,747 - root - INFO - Epoch [124/10000],
2026-02-27 11:28:02,747 - root - INFO - Train Results | R²: 0.8503 | RMSE: 0.3747 | IC: 0.9292 | RankIC: 0.9239
2026-02-27 11:28:02,747 - root - INFO - Valid Results | R²: 0.6564 | RMSE: 0.5818 | IC: 0.8790 | RankIC: 0.8825
2026-02-27 11:28:02,774 - root - INFO - Epoch [125/10000],
2026-02-27 11:28:02,774 - root - INFO - Train Results | R²: 0.8527 | RMSE: 0.3717 | IC: 0.9295 | RankIC: 0.9220
2026-02-27 11:28:02,775 - root - INFO - Valid Results | R²: 0.6547 | RMSE: 0.5832 | IC: 0.8775 | RankIC: 0.8702
2026-02-27 11:28:02,801 - root - INFO - Best model saved at epoch 126 with validation R2: 0.6570
2026-02-27 11:28:02,801 - root - INFO - Epoch [126/10000],
2026-02-27 11:28:02,801 - root - INFO - Train Results | R²: 0.8530 | RMSE: 0.3713 | IC: 0.9300 | RankIC: 0.9187
2026-02-27 11:28:02,801 - root - INFO - Valid Results | R²: 0.6570 | RMSE: 0.5812 | IC: 0.8780 | RankIC: 0.8789
2026-02-27 11:28:02,846 - root - INFO - Best model saved at epoch 127 with validation R2: 0.6592
2026-02-27 11:28:02,846 - root - INFO - Epoch [127/10000],
2026-02-27 11:28:02,846 - root - INFO - Train Results | R²: 0.8580 | RMSE: 0.3649 | IC: 0.9323 | RankIC: 0.9239
2026-02-27 11:28:02,846 - root - INFO - Valid Results | R²: 0.6592 | RMSE: 0.5794 | IC: 0.8794 | RankIC: 0.8789
2026-02-27 11:28:02,878 - root - INFO - Epoch [128/10000],
2026-02-27 11:28:02,879 - root - INFO - Train Results | R²: 0.8571 | RMSE: 0.3661 | IC: 0.9311 | RankIC: 0.9168
2026-02-27 11:28:02,879 - root - INFO - Valid Results | R²: 0.6593 | RMSE: 0.5793 | IC: 0.8786 | RankIC: 0.8754
2026-02-27 11:28:02,910 - root - INFO - Epoch [129/10000],
2026-02-27 11:28:02,910 - root - INFO - Train Results | R²: 0.8611 | RMSE: 0.3610 | IC: 0.9335 | RankIC: 0.9244
2026-02-27 11:28:02,910 - root - INFO - Valid Results | R²: 0.6588 | RMSE: 0.5798 | IC: 0.8789 | RankIC: 0.8842
2026-02-27 11:28:02,943 - root - INFO - Epoch [130/10000],
2026-02-27 11:28:02,944 - root - INFO - Train Results | R²: 0.8650 | RMSE: 0.3559 | IC: 0.9353 | RankIC: 0.9272
2026-02-27 11:28:02,944 - root - INFO - Valid Results | R²: 0.6590 | RMSE: 0.5796 | IC: 0.8771 | RankIC: 0.8842
2026-02-27 11:28:02,984 - root - INFO - Epoch [131/10000],
2026-02-27 11:28:02,985 - root - INFO - Train Results | R²: 0.8652 | RMSE: 0.3557 | IC: 0.9356 | RankIC: 0.9289
2026-02-27 11:28:02,985 - root - INFO - Valid Results | R²: 0.6580 | RMSE: 0.5804 | IC: 0.8757 | RankIC: 0.8930
2026-02-27 11:28:03,016 - root - INFO - Best model saved at epoch 132 with validation R2: 0.6631
2026-02-27 11:28:03,016 - root - INFO - Epoch [132/10000],
2026-02-27 11:28:03,017 - root - INFO - Train Results | R²: 0.8655 | RMSE: 0.3552 | IC: 0.9354 | RankIC: 0.9272
2026-02-27 11:28:03,017 - root - INFO - Valid Results | R²: 0.6631 | RMSE: 0.5761 | IC: 0.8792 | RankIC: 0.8877
2026-02-27 11:28:03,045 - root - INFO - Epoch [133/10000],
2026-02-27 11:28:03,046 - root - INFO - Train Results | R²: 0.8712 | RMSE: 0.3477 | IC: 0.9382 | RankIC: 0.9258
2026-02-27 11:28:03,046 - root - INFO - Valid Results | R²: 0.6624 | RMSE: 0.5767 | IC: 0.8785 | RankIC: 0.8947
2026-02-27 11:28:03,072 - root - INFO - Epoch [134/10000],
2026-02-27 11:28:03,072 - root - INFO - Train Results | R²: 0.8732 | RMSE: 0.3449 | IC: 0.9392 | RankIC: 0.9251
2026-02-27 11:28:03,072 - root - INFO - Valid Results | R²: 0.6584 | RMSE: 0.5801 | IC: 0.8750 | RankIC: 0.8789
2026-02-27 11:28:03,106 - root - INFO - Epoch [135/10000],
2026-02-27 11:28:03,106 - root - INFO - Train Results | R²: 0.8739 | RMSE: 0.3440 | IC: 0.9397 | RankIC: 0.9270
2026-02-27 11:28:03,106 - root - INFO - Valid Results | R²: 0.6604 | RMSE: 0.5784 | IC: 0.8748 | RankIC: 0.8842
2026-02-27 11:28:03,142 - root - INFO - Best model saved at epoch 136 with validation R2: 0.6647
2026-02-27 11:28:03,142 - root - INFO - Epoch [136/10000],
2026-02-27 11:28:03,142 - root - INFO - Train Results | R²: 0.8740 | RMSE: 0.3438 | IC: 0.9395 | RankIC: 0.9312
2026-02-27 11:28:03,142 - root - INFO - Valid Results | R²: 0.6647 | RMSE: 0.5747 | IC: 0.8770 | RankIC: 0.8982
2026-02-27 11:28:03,172 - root - INFO - Epoch [137/10000],
2026-02-27 11:28:03,172 - root - INFO - Train Results | R²: 0.8744 | RMSE: 0.3433 | IC: 0.9397 | RankIC: 0.9253
2026-02-27 11:28:03,172 - root - INFO - Valid Results | R²: 0.6645 | RMSE: 0.5749 | IC: 0.8764 | RankIC: 0.8982
2026-02-27 11:28:03,203 - root - INFO - Best model saved at epoch 138 with validation R2: 0.6672
2026-02-27 11:28:03,203 - root - INFO - Epoch [138/10000],
2026-02-27 11:28:03,204 - root - INFO - Train Results | R²: 0.8762 | RMSE: 0.3408 | IC: 0.9401 | RankIC: 0.9213
2026-02-27 11:28:03,204 - root - INFO - Valid Results | R²: 0.6672 | RMSE: 0.5726 | IC: 0.8786 | RankIC: 0.8930
2026-02-27 11:28:03,234 - root - INFO - Epoch [139/10000],
2026-02-27 11:28:03,234 - root - INFO - Train Results | R²: 0.8809 | RMSE: 0.3342 | IC: 0.9428 | RankIC: 0.9270
2026-02-27 11:28:03,234 - root - INFO - Valid Results | R²: 0.6641 | RMSE: 0.5752 | IC: 0.8750 | RankIC: 0.8877
2026-02-27 11:28:03,269 - root - INFO - Epoch [140/10000],
2026-02-27 11:28:03,270 - root - INFO - Train Results | R²: 0.8804 | RMSE: 0.3350 | IC: 0.9423 | RankIC: 0.9312
2026-02-27 11:28:03,270 - root - INFO - Valid Results | R²: 0.6665 | RMSE: 0.5731 | IC: 0.8764 | RankIC: 0.8842
2026-02-27 11:28:03,300 - root - INFO - Epoch [141/10000],
2026-02-27 11:28:03,301 - root - INFO - Train Results | R²: 0.8836 | RMSE: 0.3304 | IC: 0.9437 | RankIC: 0.9256
2026-02-27 11:28:03,301 - root - INFO - Valid Results | R²: 0.6663 | RMSE: 0.5733 | IC: 0.8751 | RankIC: 0.8982
2026-02-27 11:28:03,331 - root - INFO - Best model saved at epoch 142 with validation R2: 0.6676
2026-02-27 11:28:03,332 - root - INFO - Epoch [142/10000],
2026-02-27 11:28:03,332 - root - INFO - Train Results | R²: 0.8877 | RMSE: 0.3246 | IC: 0.9457 | RankIC: 0.9291
2026-02-27 11:28:03,332 - root - INFO - Valid Results | R²: 0.6676 | RMSE: 0.5722 | IC: 0.8759 | RankIC: 0.8982
2026-02-27 11:28:03,364 - root - INFO - Epoch [143/10000],
2026-02-27 11:28:03,364 - root - INFO - Train Results | R²: 0.8856 | RMSE: 0.3276 | IC: 0.9447 | RankIC: 0.9315
2026-02-27 11:28:03,364 - root - INFO - Valid Results | R²: 0.6670 | RMSE: 0.5727 | IC: 0.8754 | RankIC: 0.8947
2026-02-27 11:28:03,401 - root - INFO - Best model saved at epoch 144 with validation R2: 0.6695
2026-02-27 11:28:03,402 - root - INFO - Epoch [144/10000],
2026-02-27 11:28:03,402 - root - INFO - Train Results | R²: 0.8884 | RMSE: 0.3235 | IC: 0.9463 | RankIC: 0.9286
2026-02-27 11:28:03,402 - root - INFO - Valid Results | R²: 0.6695 | RMSE: 0.5706 | IC: 0.8773 | RankIC: 0.8860
2026-02-27 11:28:03,435 - root - INFO - Best model saved at epoch 145 with validation R2: 0.6730
2026-02-27 11:28:03,435 - root - INFO - Epoch [145/10000],
2026-02-27 11:28:03,435 - root - INFO - Train Results | R²: 0.8891 | RMSE: 0.3225 | IC: 0.9467 | RankIC: 0.9291
2026-02-27 11:28:03,435 - root - INFO - Valid Results | R²: 0.6730 | RMSE: 0.5676 | IC: 0.8795 | RankIC: 0.8947
2026-02-27 11:28:03,466 - root - INFO - Epoch [146/10000],
2026-02-27 11:28:03,466 - root - INFO - Train Results | R²: 0.8896 | RMSE: 0.3218 | IC: 0.9465 | RankIC: 0.9310
2026-02-27 11:28:03,467 - root - INFO - Valid Results | R²: 0.6707 | RMSE: 0.5695 | IC: 0.8769 | RankIC: 0.8982
2026-02-27 11:28:03,499 - root - INFO - Epoch [147/10000],
2026-02-27 11:28:03,500 - root - INFO - Train Results | R²: 0.8912 | RMSE: 0.3195 | IC: 0.9477 | RankIC: 0.9289
2026-02-27 11:28:03,500 - root - INFO - Valid Results | R²: 0.6708 | RMSE: 0.5694 | IC: 0.8763 | RankIC: 0.9000
2026-02-27 11:28:03,532 - root - INFO - Epoch [148/10000],
2026-02-27 11:28:03,532 - root - INFO - Train Results | R²: 0.8960 | RMSE: 0.3124 | IC: 0.9498 | RankIC: 0.9312
2026-02-27 11:28:03,532 - root - INFO - Valid Results | R²: 0.6713 | RMSE: 0.5690 | IC: 0.8759 | RankIC: 0.8947
2026-02-27 11:28:03,561 - root - INFO - Epoch [149/10000],
2026-02-27 11:28:03,562 - root - INFO - Train Results | R²: 0.8959 | RMSE: 0.3125 | IC: 0.9496 | RankIC: 0.9298
2026-02-27 11:28:03,562 - root - INFO - Valid Results | R²: 0.6711 | RMSE: 0.5692 | IC: 0.8769 | RankIC: 0.9000
2026-02-27 11:28:03,594 - root - INFO - Best model saved at epoch 150 with validation R2: 0.6736
2026-02-27 11:28:03,594 - root - INFO - Epoch [150/10000],
2026-02-27 11:28:03,594 - root - INFO - Train Results | R²: 0.8955 | RMSE: 0.3131 | IC: 0.9495 | RankIC: 0.9277
2026-02-27 11:28:03,595 - root - INFO - Valid Results | R²: 0.6736 | RMSE: 0.5671 | IC: 0.8781 | RankIC: 0.8965
2026-02-27 11:28:03,624 - root - INFO - Epoch [151/10000],
2026-02-27 11:28:03,624 - root - INFO - Train Results | R²: 0.9002 | RMSE: 0.3060 | IC: 0.9514 | RankIC: 0.9346
2026-02-27 11:28:03,625 - root - INFO - Valid Results | R²: 0.6709 | RMSE: 0.5693 | IC: 0.8754 | RankIC: 0.8947
2026-02-27 11:28:03,651 - root - INFO - Epoch [152/10000],
2026-02-27 11:28:03,652 - root - INFO - Train Results | R²: 0.9017 | RMSE: 0.3037 | IC: 0.9527 | RankIC: 0.9298
2026-02-27 11:28:03,652 - root - INFO - Valid Results | R²: 0.6730 | RMSE: 0.5675 | IC: 0.8762 | RankIC: 0.8947
2026-02-27 11:28:03,684 - root - INFO - Best model saved at epoch 153 with validation R2: 0.6750
2026-02-27 11:28:03,684 - root - INFO - Epoch [153/10000],
2026-02-27 11:28:03,684 - root - INFO - Train Results | R²: 0.9062 | RMSE: 0.2966 | IC: 0.9548 | RankIC: 0.9322
2026-02-27 11:28:03,684 - root - INFO - Valid Results | R²: 0.6750 | RMSE: 0.5658 | IC: 0.8774 | RankIC: 0.8912
2026-02-27 11:28:03,715 - root - INFO - Best model saved at epoch 154 with validation R2: 0.6777
2026-02-27 11:28:03,715 - root - INFO - Epoch [154/10000],
2026-02-27 11:28:03,715 - root - INFO - Train Results | R²: 0.9044 | RMSE: 0.2995 | IC: 0.9537 | RankIC: 0.9362
2026-02-27 11:28:03,715 - root - INFO - Valid Results | R²: 0.6777 | RMSE: 0.5635 | IC: 0.8795 | RankIC: 0.8912
2026-02-27 11:28:03,749 - root - INFO - Epoch [155/10000],
2026-02-27 11:28:03,750 - root - INFO - Train Results | R²: 0.9057 | RMSE: 0.2974 | IC: 0.9543 | RankIC: 0.9324
2026-02-27 11:28:03,750 - root - INFO - Valid Results | R²: 0.6710 | RMSE: 0.5693 | IC: 0.8742 | RankIC: 0.8982
2026-02-27 11:28:03,784 - root - INFO - Epoch [156/10000],
2026-02-27 11:28:03,784 - root - INFO - Train Results | R²: 0.9067 | RMSE: 0.2958 | IC: 0.9546 | RankIC: 0.9355
2026-02-27 11:28:03,784 - root - INFO - Valid Results | R²: 0.6764 | RMSE: 0.5646 | IC: 0.8767 | RankIC: 0.8912
2026-02-27 11:28:03,818 - root - INFO - Best model saved at epoch 157 with validation R2: 0.6791
2026-02-27 11:28:03,818 - root - INFO - Epoch [157/10000],
2026-02-27 11:28:03,818 - root - INFO - Train Results | R²: 0.9110 | RMSE: 0.2889 | IC: 0.9569 | RankIC: 0.9353
2026-02-27 11:28:03,818 - root - INFO - Valid Results | R²: 0.6791 | RMSE: 0.5622 | IC: 0.8795 | RankIC: 0.8912
2026-02-27 11:28:03,855 - root - INFO - Epoch [158/10000],
2026-02-27 11:28:03,855 - root - INFO - Train Results | R²: 0.9120 | RMSE: 0.2873 | IC: 0.9576 | RankIC: 0.9320
2026-02-27 11:28:03,855 - root - INFO - Valid Results | R²: 0.6756 | RMSE: 0.5653 | IC: 0.8761 | RankIC: 0.8825
2026-02-27 11:28:03,887 - root - INFO - Epoch [159/10000],
2026-02-27 11:28:03,888 - root - INFO - Train Results | R²: 0.9127 | RMSE: 0.2862 | IC: 0.9582 | RankIC: 0.9353
2026-02-27 11:28:03,888 - root - INFO - Valid Results | R²: 0.6776 | RMSE: 0.5635 | IC: 0.8773 | RankIC: 0.8912
2026-02-27 11:28:03,930 - root - INFO - Epoch [160/10000],
2026-02-27 11:28:03,930 - root - INFO - Train Results | R²: 0.9178 | RMSE: 0.2777 | IC: 0.9600 | RankIC: 0.9362
2026-02-27 11:28:03,930 - root - INFO - Valid Results | R²: 0.6788 | RMSE: 0.5625 | IC: 0.8783 | RankIC: 0.8982
2026-02-27 11:28:03,963 - root - INFO - Best model saved at epoch 161 with validation R2: 0.6799
2026-02-27 11:28:03,963 - root - INFO - Epoch [161/10000],
2026-02-27 11:28:03,963 - root - INFO - Train Results | R²: 0.9166 | RMSE: 0.2798 | IC: 0.9593 | RankIC: 0.9372
2026-02-27 11:28:03,964 - root - INFO - Valid Results | R²: 0.6799 | RMSE: 0.5616 | IC: 0.8787 | RankIC: 0.8947
2026-02-27 11:28:03,994 - root - INFO - Epoch [162/10000],
2026-02-27 11:28:03,994 - root - INFO - Train Results | R²: 0.9208 | RMSE: 0.2726 | IC: 0.9618 | RankIC: 0.9341
2026-02-27 11:28:03,994 - root - INFO - Valid Results | R²: 0.6795 | RMSE: 0.5618 | IC: 0.8779 | RankIC: 0.8947
2026-02-27 11:28:04,023 - root - INFO - Epoch [163/10000],
2026-02-27 11:28:04,023 - root - INFO - Train Results | R²: 0.9214 | RMSE: 0.2716 | IC: 0.9620 | RankIC: 0.9367
2026-02-27 11:28:04,023 - root - INFO - Valid Results | R²: 0.6796 | RMSE: 0.5618 | IC: 0.8775 | RankIC: 0.8947
2026-02-27 11:28:04,051 - root - INFO - Epoch [164/10000],
2026-02-27 11:28:04,051 - root - INFO - Train Results | R²: 0.9221 | RMSE: 0.2703 | IC: 0.9626 | RankIC: 0.9360
2026-02-27 11:28:04,053 - root - INFO - Valid Results | R²: 0.6796 | RMSE: 0.5618 | IC: 0.8774 | RankIC: 0.8912
2026-02-27 11:28:04,081 - root - INFO - Epoch [165/10000],
2026-02-27 11:28:04,082 - root - INFO - Train Results | R²: 0.9232 | RMSE: 0.2684 | IC: 0.9631 | RankIC: 0.9395
2026-02-27 11:28:04,082 - root - INFO - Valid Results | R²: 0.6775 | RMSE: 0.5636 | IC: 0.8767 | RankIC: 0.8860
2026-02-27 11:28:04,112 - root - INFO - Best model saved at epoch 166 with validation R2: 0.6808
2026-02-27 11:28:04,112 - root - INFO - Epoch [166/10000],
2026-02-27 11:28:04,112 - root - INFO - Train Results | R²: 0.9240 | RMSE: 0.2670 | IC: 0.9635 | RankIC: 0.9386
2026-02-27 11:28:04,112 - root - INFO - Valid Results | R²: 0.6808 | RMSE: 0.5607 | IC: 0.8789 | RankIC: 0.8912
2026-02-27 11:28:04,145 - root - INFO - Epoch [167/10000],
2026-02-27 11:28:04,146 - root - INFO - Train Results | R²: 0.9288 | RMSE: 0.2584 | IC: 0.9656 | RankIC: 0.9360
2026-02-27 11:28:04,146 - root - INFO - Valid Results | R²: 0.6794 | RMSE: 0.5620 | IC: 0.8765 | RankIC: 0.8860
2026-02-27 11:28:04,181 - root - INFO - Epoch [168/10000],
2026-02-27 11:28:04,182 - root - INFO - Train Results | R²: 0.9292 | RMSE: 0.2578 | IC: 0.9657 | RankIC: 0.9372
2026-02-27 11:28:04,182 - root - INFO - Valid Results | R²: 0.6799 | RMSE: 0.5615 | IC: 0.8769 | RankIC: 0.8947
2026-02-27 11:28:04,216 - root - INFO - Epoch [169/10000],
2026-02-27 11:28:04,216 - root - INFO - Train Results | R²: 0.9309 | RMSE: 0.2547 | IC: 0.9668 | RankIC: 0.9348
2026-02-27 11:28:04,217 - root - INFO - Valid Results | R²: 0.6787 | RMSE: 0.5626 | IC: 0.8756 | RankIC: 0.8807
2026-02-27 11:28:04,253 - root - INFO - Epoch [170/10000],
2026-02-27 11:28:04,253 - root - INFO - Train Results | R²: 0.9322 | RMSE: 0.2521 | IC: 0.9670 | RankIC: 0.9417
2026-02-27 11:28:04,254 - root - INFO - Valid Results | R²: 0.6782 | RMSE: 0.5631 | IC: 0.8741 | RankIC: 0.8719
2026-02-27 11:28:04,279 - root - INFO - Epoch [171/10000],
2026-02-27 11:28:04,280 - root - INFO - Train Results | R²: 0.9323 | RMSE: 0.2520 | IC: 0.9673 | RankIC: 0.9417
2026-02-27 11:28:04,280 - root - INFO - Valid Results | R²: 0.6786 | RMSE: 0.5626 | IC: 0.8738 | RankIC: 0.8860
2026-02-27 11:28:04,309 - root - INFO - Best model saved at epoch 172 with validation R2: 0.6828
2026-02-27 11:28:04,309 - root - INFO - Epoch [172/10000],
2026-02-27 11:28:04,309 - root - INFO - Train Results | R²: 0.9358 | RMSE: 0.2454 | IC: 0.9688 | RankIC: 0.9443
2026-02-27 11:28:04,309 - root - INFO - Valid Results | R²: 0.6828 | RMSE: 0.5589 | IC: 0.8780 | RankIC: 0.8912
2026-02-27 11:28:04,335 - root - INFO - Epoch [173/10000],
2026-02-27 11:28:04,335 - root - INFO - Train Results | R²: 0.9353 | RMSE: 0.2464 | IC: 0.9686 | RankIC: 0.9445
2026-02-27 11:28:04,336 - root - INFO - Valid Results | R²: 0.6809 | RMSE: 0.5607 | IC: 0.8767 | RankIC: 0.8860
2026-02-27 11:28:04,369 - root - INFO - Best model saved at epoch 174 with validation R2: 0.6834
2026-02-27 11:28:04,369 - root - INFO - Epoch [174/10000],
2026-02-27 11:28:04,369 - root - INFO - Train Results | R²: 0.9372 | RMSE: 0.2426 | IC: 0.9695 | RankIC: 0.9414
2026-02-27 11:28:04,369 - root - INFO - Valid Results | R²: 0.6834 | RMSE: 0.5585 | IC: 0.8766 | RankIC: 0.8825
2026-02-27 11:28:04,398 - root - INFO - Epoch [175/10000],
2026-02-27 11:28:04,398 - root - INFO - Train Results | R²: 0.9389 | RMSE: 0.2394 | IC: 0.9706 | RankIC: 0.9426
2026-02-27 11:28:04,398 - root - INFO - Valid Results | R²: 0.6824 | RMSE: 0.5594 | IC: 0.8751 | RankIC: 0.8684
2026-02-27 11:28:04,431 - root - INFO - Epoch [176/10000],
2026-02-27 11:28:04,431 - root - INFO - Train Results | R²: 0.9406 | RMSE: 0.2360 | IC: 0.9714 | RankIC: 0.9443
2026-02-27 11:28:04,431 - root - INFO - Valid Results | R²: 0.6789 | RMSE: 0.5624 | IC: 0.8738 | RankIC: 0.8702
2026-02-27 11:28:04,461 - root - INFO - Epoch [177/10000],
2026-02-27 11:28:04,462 - root - INFO - Train Results | R²: 0.9415 | RMSE: 0.2343 | IC: 0.9717 | RankIC: 0.9440
2026-02-27 11:28:04,462 - root - INFO - Valid Results | R²: 0.6835 | RMSE: 0.5584 | IC: 0.8759 | RankIC: 0.8719
2026-02-27 11:28:04,490 - root - INFO - Epoch [178/10000],
2026-02-27 11:28:04,490 - root - INFO - Train Results | R²: 0.9404 | RMSE: 0.2364 | IC: 0.9713 | RankIC: 0.9519
2026-02-27 11:28:04,490 - root - INFO - Valid Results | R²: 0.6809 | RMSE: 0.5606 | IC: 0.8740 | RankIC: 0.8702
2026-02-27 11:28:04,521 - root - INFO - Epoch [179/10000],
2026-02-27 11:28:04,522 - root - INFO - Train Results | R²: 0.9441 | RMSE: 0.2289 | IC: 0.9731 | RankIC: 0.9554
2026-02-27 11:28:04,522 - root - INFO - Valid Results | R²: 0.6828 | RMSE: 0.5590 | IC: 0.8742 | RankIC: 0.8684
2026-02-27 11:28:04,553 - root - INFO - Epoch [180/10000],
2026-02-27 11:28:04,553 - root - INFO - Train Results | R²: 0.9434 | RMSE: 0.2303 | IC: 0.9725 | RankIC: 0.9500
2026-02-27 11:28:04,553 - root - INFO - Valid Results | R²: 0.6813 | RMSE: 0.5603 | IC: 0.8733 | RankIC: 0.8702
2026-02-27 11:28:04,583 - root - INFO - Best model saved at epoch 181 with validation R2: 0.6845
2026-02-27 11:28:04,583 - root - INFO - Epoch [181/10000],
2026-02-27 11:28:04,583 - root - INFO - Train Results | R²: 0.9477 | RMSE: 0.2215 | IC: 0.9745 | RankIC: 0.9507
2026-02-27 11:28:04,583 - root - INFO - Valid Results | R²: 0.6845 | RMSE: 0.5575 | IC: 0.8754 | RankIC: 0.8684
2026-02-27 11:28:04,611 - root - INFO - Epoch [182/10000],
2026-02-27 11:28:04,612 - root - INFO - Train Results | R²: 0.9499 | RMSE: 0.2168 | IC: 0.9755 | RankIC: 0.9585
2026-02-27 11:28:04,612 - root - INFO - Valid Results | R²: 0.6805 | RMSE: 0.5610 | IC: 0.8727 | RankIC: 0.8684
2026-02-27 11:28:04,641 - root - INFO - Best model saved at epoch 183 with validation R2: 0.6871
2026-02-27 11:28:04,641 - root - INFO - Epoch [183/10000],
2026-02-27 11:28:04,642 - root - INFO - Train Results | R²: 0.9496 | RMSE: 0.2174 | IC: 0.9754 | RankIC: 0.9561
2026-02-27 11:28:04,642 - root - INFO - Valid Results | R²: 0.6871 | RMSE: 0.5551 | IC: 0.8772 | RankIC: 0.8684
2026-02-27 11:28:04,672 - root - INFO - Epoch [184/10000],
2026-02-27 11:28:04,672 - root - INFO - Train Results | R²: 0.9483 | RMSE: 0.2203 | IC: 0.9746 | RankIC: 0.9528
2026-02-27 11:28:04,673 - root - INFO - Valid Results | R²: 0.6806 | RMSE: 0.5610 | IC: 0.8727 | RankIC: 0.8684
2026-02-27 11:28:04,708 - root - INFO - Epoch [185/10000],
2026-02-27 11:28:04,709 - root - INFO - Train Results | R²: 0.9478 | RMSE: 0.2213 | IC: 0.9746 | RankIC: 0.9512
2026-02-27 11:28:04,709 - root - INFO - Valid Results | R²: 0.6819 | RMSE: 0.5597 | IC: 0.8738 | RankIC: 0.8684
2026-02-27 11:28:04,748 - root - INFO - Epoch [186/10000],
2026-02-27 11:28:04,748 - root - INFO - Train Results | R²: 0.9516 | RMSE: 0.2130 | IC: 0.9763 | RankIC: 0.9616
2026-02-27 11:28:04,749 - root - INFO - Valid Results | R²: 0.6867 | RMSE: 0.5556 | IC: 0.8762 | RankIC: 0.8702
2026-02-27 11:28:04,781 - root - INFO - Epoch [187/10000],
2026-02-27 11:28:04,782 - root - INFO - Train Results | R²: 0.9533 | RMSE: 0.2093 | IC: 0.9769 | RankIC: 0.9531
2026-02-27 11:28:04,782 - root - INFO - Valid Results | R²: 0.6835 | RMSE: 0.5583 | IC: 0.8746 | RankIC: 0.8702
2026-02-27 11:28:04,808 - root - INFO - Epoch [188/10000],
2026-02-27 11:28:04,808 - root - INFO - Train Results | R²: 0.9551 | RMSE: 0.2051 | IC: 0.9782 | RankIC: 0.9680
2026-02-27 11:28:04,809 - root - INFO - Valid Results | R²: 0.6861 | RMSE: 0.5561 | IC: 0.8759 | RankIC: 0.8702
2026-02-27 11:28:04,836 - root - INFO - Epoch [189/10000],
2026-02-27 11:28:04,836 - root - INFO - Train Results | R²: 0.9534 | RMSE: 0.2091 | IC: 0.9772 | RankIC: 0.9647
2026-02-27 11:28:04,836 - root - INFO - Valid Results | R²: 0.6861 | RMSE: 0.5561 | IC: 0.8760 | RankIC: 0.8702
2026-02-27 11:28:04,870 - root - INFO - Epoch [190/10000],
2026-02-27 11:28:04,870 - root - INFO - Train Results | R²: 0.9565 | RMSE: 0.2021 | IC: 0.9786 | RankIC: 0.9675
2026-02-27 11:28:04,871 - root - INFO - Valid Results | R²: 0.6857 | RMSE: 0.5564 | IC: 0.8749 | RankIC: 0.8702
2026-02-27 11:28:04,899 - root - INFO - Epoch [191/10000],
2026-02-27 11:28:04,899 - root - INFO - Train Results | R²: 0.9559 | RMSE: 0.2034 | IC: 0.9783 | RankIC: 0.9597
2026-02-27 11:28:04,900 - root - INFO - Valid Results | R²: 0.6841 | RMSE: 0.5579 | IC: 0.8735 | RankIC: 0.8702
2026-02-27 11:28:04,930 - root - INFO - Best model saved at epoch 192 with validation R2: 0.6891
2026-02-27 11:28:04,930 - root - INFO - Epoch [192/10000],
2026-02-27 11:28:04,930 - root - INFO - Train Results | R²: 0.9560 | RMSE: 0.2032 | IC: 0.9783 | RankIC: 0.9701
2026-02-27 11:28:04,931 - root - INFO - Valid Results | R²: 0.6891 | RMSE: 0.5534 | IC: 0.8773 | RankIC: 0.8702
2026-02-27 11:28:04,960 - root - INFO - Epoch [193/10000],
2026-02-27 11:28:04,961 - root - INFO - Train Results | R²: 0.9560 | RMSE: 0.2031 | IC: 0.9785 | RankIC: 0.9689
2026-02-27 11:28:04,961 - root - INFO - Valid Results | R²: 0.6850 | RMSE: 0.5570 | IC: 0.8744 | RankIC: 0.8702
2026-02-27 11:28:04,988 - root - INFO - Epoch [194/10000],
2026-02-27 11:28:04,988 - root - INFO - Train Results | R²: 0.9584 | RMSE: 0.1976 | IC: 0.9796 | RankIC: 0.9718
2026-02-27 11:28:04,989 - root - INFO - Valid Results | R²: 0.6864 | RMSE: 0.5558 | IC: 0.8742 | RankIC: 0.8596
2026-02-27 11:28:05,021 - root - INFO - Epoch [195/10000],
2026-02-27 11:28:05,022 - root - INFO - Train Results | R²: 0.9586 | RMSE: 0.1971 | IC: 0.9796 | RankIC: 0.9720
2026-02-27 11:28:05,022 - root - INFO - Valid Results | R²: 0.6861 | RMSE: 0.5561 | IC: 0.8744 | RankIC: 0.8596
2026-02-27 11:28:05,055 - root - INFO - Epoch [196/10000],
2026-02-27 11:28:05,055 - root - INFO - Train Results | R²: 0.9602 | RMSE: 0.1931 | IC: 0.9803 | RankIC: 0.9699
2026-02-27 11:28:05,055 - root - INFO - Valid Results | R²: 0.6864 | RMSE: 0.5558 | IC: 0.8744 | RankIC: 0.8702
2026-02-27 11:28:05,090 - root - INFO - Epoch [197/10000],
2026-02-27 11:28:05,091 - root - INFO - Train Results | R²: 0.9601 | RMSE: 0.1934 | IC: 0.9803 | RankIC: 0.9704
2026-02-27 11:28:05,091 - root - INFO - Valid Results | R²: 0.6873 | RMSE: 0.5550 | IC: 0.8747 | RankIC: 0.8702
2026-02-27 11:28:05,120 - root - INFO - Epoch [198/10000],
2026-02-27 11:28:05,120 - root - INFO - Train Results | R²: 0.9607 | RMSE: 0.1921 | IC: 0.9806 | RankIC: 0.9701
2026-02-27 11:28:05,120 - root - INFO - Valid Results | R²: 0.6886 | RMSE: 0.5539 | IC: 0.8744 | RankIC: 0.8702
2026-02-27 11:28:05,153 - root - INFO - Epoch [199/10000],
2026-02-27 11:28:05,153 - root - INFO - Train Results | R²: 0.9608 | RMSE: 0.1917 | IC: 0.9807 | RankIC: 0.9694
2026-02-27 11:28:05,153 - root - INFO - Valid Results | R²: 0.6876 | RMSE: 0.5547 | IC: 0.8744 | RankIC: 0.8702
2026-02-27 11:28:05,184 - root - INFO - Epoch [200/10000],
2026-02-27 11:28:05,184 - root - INFO - Train Results | R²: 0.9609 | RMSE: 0.1916 | IC: 0.9806 | RankIC: 0.9682
2026-02-27 11:28:05,184 - root - INFO - Valid Results | R²: 0.6872 | RMSE: 0.5551 | IC: 0.8741 | RankIC: 0.8702
2026-02-27 11:28:05,218 - root - INFO - Best model saved at epoch 201 with validation R2: 0.6916
2026-02-27 11:28:05,218 - root - INFO - Epoch [201/10000],
2026-02-27 11:28:05,218 - root - INFO - Train Results | R²: 0.9610 | RMSE: 0.1912 | IC: 0.9806 | RankIC: 0.9749
2026-02-27 11:28:05,218 - root - INFO - Valid Results | R²: 0.6916 | RMSE: 0.5512 | IC: 0.8763 | RankIC: 0.8702
2026-02-27 11:28:05,247 - root - INFO - Epoch [202/10000],
2026-02-27 11:28:05,248 - root - INFO - Train Results | R²: 0.9616 | RMSE: 0.1899 | IC: 0.9810 | RankIC: 0.9720
2026-02-27 11:28:05,248 - root - INFO - Valid Results | R²: 0.6900 | RMSE: 0.5526 | IC: 0.8754 | RankIC: 0.8702
2026-02-27 11:28:05,279 - root - INFO - Epoch [203/10000],
2026-02-27 11:28:05,280 - root - INFO - Train Results | R²: 0.9639 | RMSE: 0.1840 | IC: 0.9820 | RankIC: 0.9706
2026-02-27 11:28:05,280 - root - INFO - Valid Results | R²: 0.6887 | RMSE: 0.5537 | IC: 0.8745 | RankIC: 0.8702
2026-02-27 11:28:05,307 - root - INFO - Epoch [204/10000],
2026-02-27 11:28:05,308 - root - INFO - Train Results | R²: 0.9650 | RMSE: 0.1812 | IC: 0.9826 | RankIC: 0.9723
2026-02-27 11:28:05,308 - root - INFO - Valid Results | R²: 0.6906 | RMSE: 0.5521 | IC: 0.8764 | RankIC: 0.8702
2026-02-27 11:28:05,339 - root - INFO - Epoch [205/10000],
2026-02-27 11:28:05,340 - root - INFO - Train Results | R²: 0.9649 | RMSE: 0.1814 | IC: 0.9825 | RankIC: 0.9756
2026-02-27 11:28:05,340 - root - INFO - Valid Results | R²: 0.6881 | RMSE: 0.5542 | IC: 0.8744 | RankIC: 0.8702
2026-02-27 11:28:05,375 - root - INFO - Epoch [206/10000],
2026-02-27 11:28:05,375 - root - INFO - Train Results | R²: 0.9630 | RMSE: 0.1863 | IC: 0.9815 | RankIC: 0.9749
2026-02-27 11:28:05,375 - root - INFO - Valid Results | R²: 0.6896 | RMSE: 0.5530 | IC: 0.8751 | RankIC: 0.8702
2026-02-27 11:28:05,407 - root - INFO - Best model saved at epoch 207 with validation R2: 0.6942
2026-02-27 11:28:05,407 - root - INFO - Epoch [207/10000],
2026-02-27 11:28:05,408 - root - INFO - Train Results | R²: 0.9639 | RMSE: 0.1841 | IC: 0.9819 | RankIC: 0.9761
2026-02-27 11:28:05,408 - root - INFO - Valid Results | R²: 0.6942 | RMSE: 0.5488 | IC: 0.8776 | RankIC: 0.8702
2026-02-27 11:28:05,441 - root - INFO - Epoch [208/10000],
2026-02-27 11:28:05,441 - root - INFO - Train Results | R²: 0.9656 | RMSE: 0.1796 | IC: 0.9829 | RankIC: 0.9765
2026-02-27 11:28:05,441 - root - INFO - Valid Results | R²: 0.6908 | RMSE: 0.5519 | IC: 0.8760 | RankIC: 0.8702
2026-02-27 11:28:05,472 - root - INFO - Epoch [209/10000],
2026-02-27 11:28:05,472 - root - INFO - Train Results | R²: 0.9671 | RMSE: 0.1756 | IC: 0.9836 | RankIC: 0.9761
2026-02-27 11:28:05,472 - root - INFO - Valid Results | R²: 0.6930 | RMSE: 0.5499 | IC: 0.8771 | RankIC: 0.8702
2026-02-27 11:28:05,500 - root - INFO - Epoch [210/10000],
2026-02-27 11:28:05,501 - root - INFO - Train Results | R²: 0.9663 | RMSE: 0.1779 | IC: 0.9832 | RankIC: 0.9782
2026-02-27 11:28:05,501 - root - INFO - Valid Results | R²: 0.6892 | RMSE: 0.5533 | IC: 0.8749 | RankIC: 0.8702
2026-02-27 11:28:05,530 - root - INFO - Epoch [211/10000],
2026-02-27 11:28:05,530 - root - INFO - Train Results | R²: 0.9672 | RMSE: 0.1754 | IC: 0.9836 | RankIC: 0.9770
2026-02-27 11:28:05,530 - root - INFO - Valid Results | R²: 0.6923 | RMSE: 0.5506 | IC: 0.8760 | RankIC: 0.8579
2026-02-27 11:28:05,557 - root - INFO - Epoch [212/10000],
2026-02-27 11:28:05,558 - root - INFO - Train Results | R²: 0.9687 | RMSE: 0.1715 | IC: 0.9844 | RankIC: 0.9789
2026-02-27 11:28:05,558 - root - INFO - Valid Results | R²: 0.6908 | RMSE: 0.5519 | IC: 0.8758 | RankIC: 0.8702
2026-02-27 11:28:05,588 - root - INFO - Epoch [213/10000],
2026-02-27 11:28:05,589 - root - INFO - Train Results | R²: 0.9673 | RMSE: 0.1752 | IC: 0.9837 | RankIC: 0.9768
2026-02-27 11:28:05,589 - root - INFO - Valid Results | R²: 0.6906 | RMSE: 0.5521 | IC: 0.8752 | RankIC: 0.8596
2026-02-27 11:28:05,620 - root - INFO - Epoch [214/10000],
2026-02-27 11:28:05,620 - root - INFO - Train Results | R²: 0.9686 | RMSE: 0.1715 | IC: 0.9845 | RankIC: 0.9765
2026-02-27 11:28:05,620 - root - INFO - Valid Results | R²: 0.6939 | RMSE: 0.5491 | IC: 0.8767 | RankIC: 0.8702
2026-02-27 11:28:05,653 - root - INFO - Best model saved at epoch 215 with validation R2: 0.6971
2026-02-27 11:28:05,654 - root - INFO - Epoch [215/10000],
2026-02-27 11:28:05,654 - root - INFO - Train Results | R²: 0.9685 | RMSE: 0.1719 | IC: 0.9843 | RankIC: 0.9770
2026-02-27 11:28:05,654 - root - INFO - Valid Results | R²: 0.6971 | RMSE: 0.5462 | IC: 0.8783 | RankIC: 0.8684
2026-02-27 11:28:05,682 - root - INFO - Epoch [216/10000],
2026-02-27 11:28:05,683 - root - INFO - Train Results | R²: 0.9690 | RMSE: 0.1706 | IC: 0.9846 | RankIC: 0.9803
2026-02-27 11:28:05,683 - root - INFO - Valid Results | R²: 0.6932 | RMSE: 0.5498 | IC: 0.8762 | RankIC: 0.8579
2026-02-27 11:28:05,715 - root - INFO - Epoch [217/10000],
2026-02-27 11:28:05,716 - root - INFO - Train Results | R²: 0.9688 | RMSE: 0.1710 | IC: 0.9844 | RankIC: 0.9791
2026-02-27 11:28:05,716 - root - INFO - Valid Results | R²: 0.6917 | RMSE: 0.5511 | IC: 0.8755 | RankIC: 0.8579
2026-02-27 11:28:05,747 - root - INFO - Epoch [218/10000],
2026-02-27 11:28:05,747 - root - INFO - Train Results | R²: 0.9693 | RMSE: 0.1696 | IC: 0.9846 | RankIC: 0.9780
2026-02-27 11:28:05,747 - root - INFO - Valid Results | R²: 0.6930 | RMSE: 0.5499 | IC: 0.8756 | RankIC: 0.8684
2026-02-27 11:28:05,775 - root - INFO - Epoch [219/10000],
2026-02-27 11:28:05,775 - root - INFO - Train Results | R²: 0.9711 | RMSE: 0.1648 | IC: 0.9855 | RankIC: 0.9798
2026-02-27 11:28:05,775 - root - INFO - Valid Results | R²: 0.6937 | RMSE: 0.5493 | IC: 0.8759 | RankIC: 0.8702
2026-02-27 11:28:05,808 - root - INFO - Best model saved at epoch 220 with validation R2: 0.6984
2026-02-27 11:28:05,809 - root - INFO - Epoch [220/10000],
2026-02-27 11:28:05,809 - root - INFO - Train Results | R²: 0.9719 | RMSE: 0.1624 | IC: 0.9859 | RankIC: 0.9817
2026-02-27 11:28:05,809 - root - INFO - Valid Results | R²: 0.6984 | RMSE: 0.5450 | IC: 0.8793 | RankIC: 0.8684
2026-02-27 11:28:05,839 - root - INFO - Epoch [221/10000],
2026-02-27 11:28:05,840 - root - INFO - Train Results | R²: 0.9693 | RMSE: 0.1697 | IC: 0.9846 | RankIC: 0.9784
2026-02-27 11:28:05,840 - root - INFO - Valid Results | R²: 0.6954 | RMSE: 0.5478 | IC: 0.8774 | RankIC: 0.8684
2026-02-27 11:28:05,871 - root - INFO - Epoch [222/10000],
2026-02-27 11:28:05,871 - root - INFO - Train Results | R²: 0.9718 | RMSE: 0.1628 | IC: 0.9859 | RankIC: 0.9789
2026-02-27 11:28:05,871 - root - INFO - Valid Results | R²: 0.6949 | RMSE: 0.5482 | IC: 0.8779 | RankIC: 0.8684
2026-02-27 11:28:05,909 - root - INFO - Epoch [223/10000],
2026-02-27 11:28:05,909 - root - INFO - Train Results | R²: 0.9711 | RMSE: 0.1646 | IC: 0.9856 | RankIC: 0.9803
2026-02-27 11:28:05,909 - root - INFO - Valid Results | R²: 0.6962 | RMSE: 0.5470 | IC: 0.8788 | RankIC: 0.8702
2026-02-27 11:28:05,941 - root - INFO - Epoch [224/10000],
2026-02-27 11:28:05,941 - root - INFO - Train Results | R²: 0.9700 | RMSE: 0.1677 | IC: 0.9850 | RankIC: 0.9798
2026-02-27 11:28:05,942 - root - INFO - Valid Results | R²: 0.6960 | RMSE: 0.5473 | IC: 0.8770 | RankIC: 0.8772
2026-02-27 11:28:05,970 - root - INFO - Epoch [225/10000],
2026-02-27 11:28:05,971 - root - INFO - Train Results | R²: 0.9738 | RMSE: 0.1569 | IC: 0.9869 | RankIC: 0.9803
2026-02-27 11:28:05,971 - root - INFO - Valid Results | R²: 0.6931 | RMSE: 0.5499 | IC: 0.8759 | RankIC: 0.8702
2026-02-27 11:28:06,001 - root - INFO - Epoch [226/10000],
2026-02-27 11:28:06,001 - root - INFO - Train Results | R²: 0.9724 | RMSE: 0.1609 | IC: 0.9861 | RankIC: 0.9803
2026-02-27 11:28:06,001 - root - INFO - Valid Results | R²: 0.6948 | RMSE: 0.5483 | IC: 0.8783 | RankIC: 0.8684
2026-02-27 11:28:06,032 - root - INFO - Best model saved at epoch 227 with validation R2: 0.6990
2026-02-27 11:28:06,032 - root - INFO - Epoch [227/10000],
2026-02-27 11:28:06,033 - root - INFO - Train Results | R²: 0.9725 | RMSE: 0.1605 | IC: 0.9863 | RankIC: 0.9806
2026-02-27 11:28:06,033 - root - INFO - Valid Results | R²: 0.6990 | RMSE: 0.5445 | IC: 0.8800 | RankIC: 0.8772
2026-02-27 11:28:06,063 - root - INFO - Epoch [228/10000],
2026-02-27 11:28:06,063 - root - INFO - Train Results | R²: 0.9727 | RMSE: 0.1599 | IC: 0.9864 | RankIC: 0.9806
2026-02-27 11:28:06,064 - root - INFO - Valid Results | R²: 0.6929 | RMSE: 0.5500 | IC: 0.8765 | RankIC: 0.8772
2026-02-27 11:28:06,091 - root - INFO - Epoch [229/10000],
2026-02-27 11:28:06,091 - root - INFO - Train Results | R²: 0.9737 | RMSE: 0.1572 | IC: 0.9868 | RankIC: 0.9794
2026-02-27 11:28:06,092 - root - INFO - Valid Results | R²: 0.6956 | RMSE: 0.5476 | IC: 0.8782 | RankIC: 0.8772
2026-02-27 11:28:06,126 - root - INFO - Epoch [230/10000],
2026-02-27 11:28:06,126 - root - INFO - Train Results | R²: 0.9737 | RMSE: 0.1570 | IC: 0.9869 | RankIC: 0.9820
2026-02-27 11:28:06,127 - root - INFO - Valid Results | R²: 0.6961 | RMSE: 0.5472 | IC: 0.8789 | RankIC: 0.8772
2026-02-27 11:28:06,157 - root - INFO - Best model saved at epoch 231 with validation R2: 0.7014
2026-02-27 11:28:06,157 - root - INFO - Epoch [231/10000],
2026-02-27 11:28:06,157 - root - INFO - Train Results | R²: 0.9762 | RMSE: 0.1496 | IC: 0.9881 | RankIC: 0.9822
2026-02-27 11:28:06,157 - root - INFO - Valid Results | R²: 0.7014 | RMSE: 0.5423 | IC: 0.8826 | RankIC: 0.8772
2026-02-27 11:28:06,187 - root - INFO - Epoch [232/10000],
2026-02-27 11:28:06,187 - root - INFO - Train Results | R²: 0.9740 | RMSE: 0.1562 | IC: 0.9871 | RankIC: 0.9810
2026-02-27 11:28:06,187 - root - INFO - Valid Results | R²: 0.6960 | RMSE: 0.5472 | IC: 0.8780 | RankIC: 0.8772
2026-02-27 11:28:06,220 - root - INFO - Epoch [233/10000],
2026-02-27 11:28:06,221 - root - INFO - Train Results | R²: 0.9743 | RMSE: 0.1552 | IC: 0.9871 | RankIC: 0.9806
2026-02-27 11:28:06,221 - root - INFO - Valid Results | R²: 0.7007 | RMSE: 0.5429 | IC: 0.8810 | RankIC: 0.8772
2026-02-27 11:28:06,255 - root - INFO - Epoch [234/10000],
2026-02-27 11:28:06,255 - root - INFO - Train Results | R²: 0.9746 | RMSE: 0.1545 | IC: 0.9873 | RankIC: 0.9801
2026-02-27 11:28:06,255 - root - INFO - Valid Results | R²: 0.6992 | RMSE: 0.5443 | IC: 0.8802 | RankIC: 0.8772
2026-02-27 11:28:06,290 - root - INFO - Epoch [235/10000],
2026-02-27 11:28:06,290 - root - INFO - Train Results | R²: 0.9739 | RMSE: 0.1565 | IC: 0.9869 | RankIC: 0.9806
2026-02-27 11:28:06,290 - root - INFO - Valid Results | R²: 0.7009 | RMSE: 0.5428 | IC: 0.8814 | RankIC: 0.8772
2026-02-27 11:28:06,323 - root - INFO - Epoch [236/10000],
2026-02-27 11:28:06,324 - root - INFO - Train Results | R²: 0.9763 | RMSE: 0.1492 | IC: 0.9882 | RankIC: 0.9806
2026-02-27 11:28:06,324 - root - INFO - Valid Results | R²: 0.6955 | RMSE: 0.5477 | IC: 0.8772 | RankIC: 0.8772
2026-02-27 11:28:06,356 - root - INFO - Epoch [237/10000],
2026-02-27 11:28:06,356 - root - INFO - Train Results | R²: 0.9754 | RMSE: 0.1518 | IC: 0.9877 | RankIC: 0.9794
2026-02-27 11:28:06,356 - root - INFO - Valid Results | R²: 0.6998 | RMSE: 0.5438 | IC: 0.8807 | RankIC: 0.8772
2026-02-27 11:28:06,389 - root - INFO - Best model saved at epoch 238 with validation R2: 0.7029
2026-02-27 11:28:06,389 - root - INFO - Epoch [238/10000],
2026-02-27 11:28:06,389 - root - INFO - Train Results | R²: 0.9759 | RMSE: 0.1503 | IC: 0.9879 | RankIC: 0.9810
2026-02-27 11:28:06,389 - root - INFO - Valid Results | R²: 0.7029 | RMSE: 0.5410 | IC: 0.8822 | RankIC: 0.8772
2026-02-27 11:28:06,420 - root - INFO - Epoch [239/10000],
2026-02-27 11:28:06,421 - root - INFO - Train Results | R²: 0.9778 | RMSE: 0.1444 | IC: 0.9889 | RankIC: 0.9817
2026-02-27 11:28:06,421 - root - INFO - Valid Results | R²: 0.6997 | RMSE: 0.5439 | IC: 0.8805 | RankIC: 0.8772
2026-02-27 11:28:06,458 - root - INFO - Epoch [240/10000],
2026-02-27 11:28:06,458 - root - INFO - Train Results | R²: 0.9760 | RMSE: 0.1500 | IC: 0.9880 | RankIC: 0.9808
2026-02-27 11:28:06,459 - root - INFO - Valid Results | R²: 0.7028 | RMSE: 0.5410 | IC: 0.8820 | RankIC: 0.8772
2026-02-27 11:28:06,490 - root - INFO - Best model saved at epoch 241 with validation R2: 0.7090
2026-02-27 11:28:06,490 - root - INFO - Epoch [241/10000],
2026-02-27 11:28:06,490 - root - INFO - Train Results | R²: 0.9757 | RMSE: 0.1511 | IC: 0.9878 | RankIC: 0.9806
2026-02-27 11:28:06,490 - root - INFO - Valid Results | R²: 0.7090 | RMSE: 0.5354 | IC: 0.8875 | RankIC: 0.8772
2026-02-27 11:28:06,524 - root - INFO - Epoch [242/10000],
2026-02-27 11:28:06,525 - root - INFO - Train Results | R²: 0.9772 | RMSE: 0.1461 | IC: 0.9886 | RankIC: 0.9808
2026-02-27 11:28:06,525 - root - INFO - Valid Results | R²: 0.7087 | RMSE: 0.5357 | IC: 0.8864 | RankIC: 0.8772
2026-02-27 11:28:06,562 - root - INFO - Epoch [243/10000],
2026-02-27 11:28:06,562 - root - INFO - Train Results | R²: 0.9791 | RMSE: 0.1402 | IC: 0.9895 | RankIC: 0.9815
2026-02-27 11:28:06,563 - root - INFO - Valid Results | R²: 0.7001 | RMSE: 0.5435 | IC: 0.8814 | RankIC: 0.8772
2026-02-27 11:28:06,603 - root - INFO - Epoch [244/10000],
2026-02-27 11:28:06,604 - root - INFO - Train Results | R²: 0.9777 | RMSE: 0.1445 | IC: 0.9890 | RankIC: 0.9820
2026-02-27 11:28:06,604 - root - INFO - Valid Results | R²: 0.7041 | RMSE: 0.5399 | IC: 0.8836 | RankIC: 0.8772
2026-02-27 11:28:06,642 - root - INFO - Epoch [245/10000],
2026-02-27 11:28:06,643 - root - INFO - Train Results | R²: 0.9789 | RMSE: 0.1407 | IC: 0.9894 | RankIC: 0.9813
2026-02-27 11:28:06,643 - root - INFO - Valid Results | R²: 0.7043 | RMSE: 0.5397 | IC: 0.8840 | RankIC: 0.8772
2026-02-27 11:28:06,669 - root - INFO - Epoch [246/10000],
2026-02-27 11:28:06,670 - root - INFO - Train Results | R²: 0.9775 | RMSE: 0.1454 | IC: 0.9887 | RankIC: 0.9796
2026-02-27 11:28:06,671 - root - INFO - Valid Results | R²: 0.7084 | RMSE: 0.5360 | IC: 0.8864 | RankIC: 0.8772
2026-02-27 11:28:06,698 - root - INFO - Epoch [247/10000],
2026-02-27 11:28:06,698 - root - INFO - Train Results | R²: 0.9805 | RMSE: 0.1353 | IC: 0.9903 | RankIC: 0.9815
2026-02-27 11:28:06,698 - root - INFO - Valid Results | R²: 0.7032 | RMSE: 0.5407 | IC: 0.8821 | RankIC: 0.8772
2026-02-27 11:28:06,732 - root - INFO - Epoch [248/10000],
2026-02-27 11:28:06,733 - root - INFO - Train Results | R²: 0.9791 | RMSE: 0.1400 | IC: 0.9895 | RankIC: 0.9820
2026-02-27 11:28:06,733 - root - INFO - Valid Results | R²: 0.7039 | RMSE: 0.5401 | IC: 0.8834 | RankIC: 0.8772
2026-02-27 11:28:06,771 - root - INFO - Epoch [249/10000],
2026-02-27 11:28:06,771 - root - INFO - Train Results | R²: 0.9787 | RMSE: 0.1414 | IC: 0.9894 | RankIC: 0.9817
2026-02-27 11:28:06,772 - root - INFO - Valid Results | R²: 0.6994 | RMSE: 0.5441 | IC: 0.8809 | RankIC: 0.8772
2026-02-27 11:28:06,801 - root - INFO - Epoch [250/10000],
2026-02-27 11:28:06,802 - root - INFO - Train Results | R²: 0.9796 | RMSE: 0.1383 | IC: 0.9899 | RankIC: 0.9808
2026-02-27 11:28:06,802 - root - INFO - Valid Results | R²: 0.7051 | RMSE: 0.5390 | IC: 0.8845 | RankIC: 0.8772
2026-02-27 11:28:06,832 - root - INFO - Epoch [251/10000],
2026-02-27 11:28:06,832 - root - INFO - Train Results | R²: 0.9818 | RMSE: 0.1307 | IC: 0.9909 | RankIC: 0.9844
2026-02-27 11:28:06,832 - root - INFO - Valid Results | R²: 0.7049 | RMSE: 0.5392 | IC: 0.8853 | RankIC: 0.8772
2026-02-27 11:28:06,859 - root - INFO - Epoch [252/10000],
2026-02-27 11:28:06,860 - root - INFO - Train Results | R²: 0.9793 | RMSE: 0.1393 | IC: 0.9897 | RankIC: 0.9825
2026-02-27 11:28:06,860 - root - INFO - Valid Results | R²: 0.7041 | RMSE: 0.5399 | IC: 0.8844 | RankIC: 0.8772
2026-02-27 11:28:06,889 - root - INFO - Epoch [253/10000],
2026-02-27 11:28:06,890 - root - INFO - Train Results | R²: 0.9796 | RMSE: 0.1384 | IC: 0.9898 | RankIC: 0.9825
2026-02-27 11:28:06,890 - root - INFO - Valid Results | R²: 0.7022 | RMSE: 0.5416 | IC: 0.8836 | RankIC: 0.8754
2026-02-27 11:28:06,922 - root - INFO - Epoch [254/10000],
2026-02-27 11:28:06,922 - root - INFO - Train Results | R²: 0.9819 | RMSE: 0.1301 | IC: 0.9910 | RankIC: 0.9839
2026-02-27 11:28:06,923 - root - INFO - Valid Results | R²: 0.7021 | RMSE: 0.5417 | IC: 0.8823 | RankIC: 0.8754
2026-02-27 11:28:06,957 - root - INFO - Epoch [255/10000],
2026-02-27 11:28:06,957 - root - INFO - Train Results | R²: 0.9797 | RMSE: 0.1379 | IC: 0.9899 | RankIC: 0.9825
2026-02-27 11:28:06,957 - root - INFO - Valid Results | R²: 0.7053 | RMSE: 0.5388 | IC: 0.8849 | RankIC: 0.8754
2026-02-27 11:28:06,991 - root - INFO - Best model saved at epoch 256 with validation R2: 0.7103
2026-02-27 11:28:06,991 - root - INFO - Epoch [256/10000],
2026-02-27 11:28:06,991 - root - INFO - Train Results | R²: 0.9799 | RMSE: 0.1372 | IC: 0.9900 | RankIC: 0.9822
2026-02-27 11:28:06,992 - root - INFO - Valid Results | R²: 0.7103 | RMSE: 0.5342 | IC: 0.8876 | RankIC: 0.8754
2026-02-27 11:28:07,025 - root - INFO - Best model saved at epoch 257 with validation R2: 0.7110
2026-02-27 11:28:07,025 - root - INFO - Epoch [257/10000],
2026-02-27 11:28:07,026 - root - INFO - Train Results | R²: 0.9815 | RMSE: 0.1317 | IC: 0.9907 | RankIC: 0.9832
2026-02-27 11:28:07,026 - root - INFO - Valid Results | R²: 0.7110 | RMSE: 0.5335 | IC: 0.8884 | RankIC: 0.8754
2026-02-27 11:28:07,057 - root - INFO - Epoch [258/10000],
2026-02-27 11:28:07,057 - root - INFO - Train Results | R²: 0.9818 | RMSE: 0.1305 | IC: 0.9909 | RankIC: 0.9839
2026-02-27 11:28:07,057 - root - INFO - Valid Results | R²: 0.7092 | RMSE: 0.5352 | IC: 0.8874 | RankIC: 0.8754
2026-02-27 11:28:07,089 - root - INFO - Epoch [259/10000],
2026-02-27 11:28:07,089 - root - INFO - Train Results | R²: 0.9821 | RMSE: 0.1295 | IC: 0.9911 | RankIC: 0.9844
2026-02-27 11:28:07,089 - root - INFO - Valid Results | R²: 0.7108 | RMSE: 0.5338 | IC: 0.8874 | RankIC: 0.8754
2026-02-27 11:28:07,124 - root - INFO - Epoch [260/10000],
2026-02-27 11:28:07,124 - root - INFO - Train Results | R²: 0.9831 | RMSE: 0.1258 | IC: 0.9916 | RankIC: 0.9848
2026-02-27 11:28:07,124 - root - INFO - Valid Results | R²: 0.7079 | RMSE: 0.5364 | IC: 0.8865 | RankIC: 0.8754
2026-02-27 11:28:07,155 - root - INFO - Best model saved at epoch 261 with validation R2: 0.7113
2026-02-27 11:28:07,155 - root - INFO - Epoch [261/10000],
2026-02-27 11:28:07,155 - root - INFO - Train Results | R²: 0.9826 | RMSE: 0.1276 | IC: 0.9913 | RankIC: 0.9841
2026-02-27 11:28:07,155 - root - INFO - Valid Results | R²: 0.7113 | RMSE: 0.5333 | IC: 0.8872 | RankIC: 0.8754
2026-02-27 11:28:07,188 - root - INFO - Epoch [262/10000],
2026-02-27 11:28:07,188 - root - INFO - Train Results | R²: 0.9819 | RMSE: 0.1303 | IC: 0.9910 | RankIC: 0.9841
2026-02-27 11:28:07,188 - root - INFO - Valid Results | R²: 0.7091 | RMSE: 0.5353 | IC: 0.8869 | RankIC: 0.8754
2026-02-27 11:28:07,219 - root - INFO - Epoch [263/10000],
2026-02-27 11:28:07,219 - root - INFO - Train Results | R²: 0.9823 | RMSE: 0.1289 | IC: 0.9912 | RankIC: 0.9825
2026-02-27 11:28:07,219 - root - INFO - Valid Results | R²: 0.7078 | RMSE: 0.5365 | IC: 0.8864 | RankIC: 0.8754
2026-02-27 11:28:07,253 - root - INFO - Best model saved at epoch 264 with validation R2: 0.7121
2026-02-27 11:28:07,253 - root - INFO - Epoch [264/10000],
2026-02-27 11:28:07,253 - root - INFO - Train Results | R²: 0.9833 | RMSE: 0.1253 | IC: 0.9916 | RankIC: 0.9841
2026-02-27 11:28:07,253 - root - INFO - Valid Results | R²: 0.7121 | RMSE: 0.5325 | IC: 0.8891 | RankIC: 0.8754
2026-02-27 11:28:07,283 - root - INFO - Epoch [265/10000],
2026-02-27 11:28:07,283 - root - INFO - Train Results | R²: 0.9848 | RMSE: 0.1192 | IC: 0.9924 | RankIC: 0.9841
2026-02-27 11:28:07,283 - root - INFO - Valid Results | R²: 0.7095 | RMSE: 0.5349 | IC: 0.8881 | RankIC: 0.8754
2026-02-27 11:28:07,316 - root - INFO - Epoch [266/10000],
2026-02-27 11:28:07,316 - root - INFO - Train Results | R²: 0.9840 | RMSE: 0.1224 | IC: 0.9921 | RankIC: 0.9851
2026-02-27 11:28:07,316 - root - INFO - Valid Results | R²: 0.7101 | RMSE: 0.5344 | IC: 0.8877 | RankIC: 0.8754
2026-02-27 11:28:07,350 - root - INFO - Best model saved at epoch 267 with validation R2: 0.7129
2026-02-27 11:28:07,350 - root - INFO - Epoch [267/10000],
2026-02-27 11:28:07,351 - root - INFO - Train Results | R²: 0.9821 | RMSE: 0.1295 | IC: 0.9911 | RankIC: 0.9846
2026-02-27 11:28:07,351 - root - INFO - Valid Results | R²: 0.7129 | RMSE: 0.5318 | IC: 0.8894 | RankIC: 0.8754
2026-02-27 11:28:07,380 - root - INFO - Best model saved at epoch 268 with validation R2: 0.7150
2026-02-27 11:28:07,380 - root - INFO - Epoch [268/10000],
2026-02-27 11:28:07,381 - root - INFO - Train Results | R²: 0.9833 | RMSE: 0.1251 | IC: 0.9916 | RankIC: 0.9844
2026-02-27 11:28:07,381 - root - INFO - Valid Results | R²: 0.7150 | RMSE: 0.5299 | IC: 0.8906 | RankIC: 0.8754
2026-02-27 11:28:07,408 - root - INFO - Epoch [269/10000],
2026-02-27 11:28:07,408 - root - INFO - Train Results | R²: 0.9817 | RMSE: 0.1312 | IC: 0.9908 | RankIC: 0.9839
2026-02-27 11:28:07,408 - root - INFO - Valid Results | R²: 0.7085 | RMSE: 0.5359 | IC: 0.8856 | RankIC: 0.8754
2026-02-27 11:28:07,441 - root - INFO - Epoch [270/10000],
2026-02-27 11:28:07,441 - root - INFO - Train Results | R²: 0.9853 | RMSE: 0.1173 | IC: 0.9927 | RankIC: 0.9841
2026-02-27 11:28:07,441 - root - INFO - Valid Results | R²: 0.7136 | RMSE: 0.5312 | IC: 0.8895 | RankIC: 0.8754
2026-02-27 11:28:07,476 - root - INFO - Epoch [271/10000],
2026-02-27 11:28:07,476 - root - INFO - Train Results | R²: 0.9841 | RMSE: 0.1223 | IC: 0.9921 | RankIC: 0.9853
2026-02-27 11:28:07,476 - root - INFO - Valid Results | R²: 0.7140 | RMSE: 0.5308 | IC: 0.8897 | RankIC: 0.8754
2026-02-27 11:28:07,506 - root - INFO - Best model saved at epoch 272 with validation R2: 0.7162
2026-02-27 11:28:07,506 - root - INFO - Epoch [272/10000],
2026-02-27 11:28:07,507 - root - INFO - Train Results | R²: 0.9852 | RMSE: 0.1180 | IC: 0.9926 | RankIC: 0.9848
2026-02-27 11:28:07,507 - root - INFO - Valid Results | R²: 0.7162 | RMSE: 0.5287 | IC: 0.8913 | RankIC: 0.8754
2026-02-27 11:28:07,539 - root - INFO - Epoch [273/10000],
2026-02-27 11:28:07,539 - root - INFO - Train Results | R²: 0.9872 | RMSE: 0.1095 | IC: 0.9936 | RankIC: 0.9862
2026-02-27 11:28:07,539 - root - INFO - Valid Results | R²: 0.7127 | RMSE: 0.5320 | IC: 0.8885 | RankIC: 0.8754
2026-02-27 11:28:07,570 - root - INFO - Epoch [274/10000],
2026-02-27 11:28:07,571 - root - INFO - Train Results | R²: 0.9847 | RMSE: 0.1198 | IC: 0.9924 | RankIC: 0.9839
2026-02-27 11:28:07,571 - root - INFO - Valid Results | R²: 0.7162 | RMSE: 0.5287 | IC: 0.8912 | RankIC: 0.8754
2026-02-27 11:28:07,603 - root - INFO - Best model saved at epoch 275 with validation R2: 0.7173
2026-02-27 11:28:07,603 - root - INFO - Epoch [275/10000],
2026-02-27 11:28:07,603 - root - INFO - Train Results | R²: 0.9872 | RMSE: 0.1094 | IC: 0.9937 | RankIC: 0.9853
2026-02-27 11:28:07,603 - root - INFO - Valid Results | R²: 0.7173 | RMSE: 0.5277 | IC: 0.8928 | RankIC: 0.8754
2026-02-27 11:28:07,631 - root - INFO - Epoch [276/10000],
2026-02-27 11:28:07,632 - root - INFO - Train Results | R²: 0.9850 | RMSE: 0.1187 | IC: 0.9925 | RankIC: 0.9836
2026-02-27 11:28:07,632 - root - INFO - Valid Results | R²: 0.7111 | RMSE: 0.5334 | IC: 0.8873 | RankIC: 0.8754
2026-02-27 11:28:07,663 - root - INFO - Epoch [277/10000],
2026-02-27 11:28:07,663 - root - INFO - Train Results | R²: 0.9851 | RMSE: 0.1182 | IC: 0.9926 | RankIC: 0.9851
2026-02-27 11:28:07,663 - root - INFO - Valid Results | R²: 0.7162 | RMSE: 0.5287 | IC: 0.8909 | RankIC: 0.8754
2026-02-27 11:28:07,693 - root - INFO - Best model saved at epoch 278 with validation R2: 0.7195
2026-02-27 11:28:07,693 - root - INFO - Epoch [278/10000],
2026-02-27 11:28:07,693 - root - INFO - Train Results | R²: 0.9870 | RMSE: 0.1106 | IC: 0.9935 | RankIC: 0.9851
2026-02-27 11:28:07,693 - root - INFO - Valid Results | R²: 0.7195 | RMSE: 0.5257 | IC: 0.8913 | RankIC: 0.8754
2026-02-27 11:28:07,723 - root - INFO - Epoch [279/10000],
2026-02-27 11:28:07,724 - root - INFO - Train Results | R²: 0.9871 | RMSE: 0.1098 | IC: 0.9936 | RankIC: 0.9846
2026-02-27 11:28:07,724 - root - INFO - Valid Results | R²: 0.7156 | RMSE: 0.5293 | IC: 0.8888 | RankIC: 0.8719
2026-02-27 11:28:07,754 - root - INFO - Epoch [280/10000],
2026-02-27 11:28:07,754 - root - INFO - Train Results | R²: 0.9865 | RMSE: 0.1125 | IC: 0.9932 | RankIC: 0.9851
2026-02-27 11:28:07,754 - root - INFO - Valid Results | R²: 0.7154 | RMSE: 0.5295 | IC: 0.8889 | RankIC: 0.8719
2026-02-27 11:28:07,785 - root - INFO - Epoch [281/10000],
2026-02-27 11:28:07,785 - root - INFO - Train Results | R²: 0.9848 | RMSE: 0.1193 | IC: 0.9924 | RankIC: 0.9832
2026-02-27 11:28:07,785 - root - INFO - Valid Results | R²: 0.7173 | RMSE: 0.5277 | IC: 0.8904 | RankIC: 0.8719
2026-02-27 11:28:07,814 - root - INFO - Epoch [282/10000],
2026-02-27 11:28:07,814 - root - INFO - Train Results | R²: 0.9865 | RMSE: 0.1126 | IC: 0.9932 | RankIC: 0.9846
2026-02-27 11:28:07,815 - root - INFO - Valid Results | R²: 0.7165 | RMSE: 0.5284 | IC: 0.8904 | RankIC: 0.8719
2026-02-27 11:28:07,843 - root - INFO - Epoch [283/10000],
2026-02-27 11:28:07,843 - root - INFO - Train Results | R²: 0.9859 | RMSE: 0.1150 | IC: 0.9929 | RankIC: 0.9848
2026-02-27 11:28:07,843 - root - INFO - Valid Results | R²: 0.7187 | RMSE: 0.5264 | IC: 0.8921 | RankIC: 0.8719
2026-02-27 11:28:07,871 - root - INFO - Epoch [284/10000],
2026-02-27 11:28:07,872 - root - INFO - Train Results | R²: 0.9879 | RMSE: 0.1064 | IC: 0.9940 | RankIC: 0.9860
2026-02-27 11:28:07,872 - root - INFO - Valid Results | R²: 0.7158 | RMSE: 0.5291 | IC: 0.8911 | RankIC: 0.8719
2026-02-27 11:28:07,901 - root - INFO - Epoch [285/10000],
2026-02-27 11:28:07,901 - root - INFO - Train Results | R²: 0.9868 | RMSE: 0.1114 | IC: 0.9934 | RankIC: 0.9855
2026-02-27 11:28:07,901 - root - INFO - Valid Results | R²: 0.7194 | RMSE: 0.5258 | IC: 0.8936 | RankIC: 0.8719
2026-02-27 11:28:07,932 - root - INFO - Epoch [286/10000],
2026-02-27 11:28:07,933 - root - INFO - Train Results | R²: 0.9870 | RMSE: 0.1102 | IC: 0.9936 | RankIC: 0.9855
2026-02-27 11:28:07,933 - root - INFO - Valid Results | R²: 0.7149 | RMSE: 0.5299 | IC: 0.8900 | RankIC: 0.8719
2026-02-27 11:28:07,963 - root - INFO - Epoch [287/10000],
2026-02-27 11:28:07,963 - root - INFO - Train Results | R²: 0.9876 | RMSE: 0.1079 | IC: 0.9938 | RankIC: 0.9862
2026-02-27 11:28:07,963 - root - INFO - Valid Results | R²: 0.7156 | RMSE: 0.5293 | IC: 0.8910 | RankIC: 0.8719
2026-02-27 11:28:07,993 - root - INFO - Best model saved at epoch 288 with validation R2: 0.7230
2026-02-27 11:28:07,993 - root - INFO - Epoch [288/10000],
2026-02-27 11:28:07,993 - root - INFO - Train Results | R²: 0.9866 | RMSE: 0.1119 | IC: 0.9934 | RankIC: 0.9848
2026-02-27 11:28:07,993 - root - INFO - Valid Results | R²: 0.7230 | RMSE: 0.5224 | IC: 0.8950 | RankIC: 0.8719
2026-02-27 11:28:08,021 - root - INFO - Epoch [289/10000],
2026-02-27 11:28:08,021 - root - INFO - Train Results | R²: 0.9872 | RMSE: 0.1097 | IC: 0.9936 | RankIC: 0.9841
2026-02-27 11:28:08,021 - root - INFO - Valid Results | R²: 0.7188 | RMSE: 0.5263 | IC: 0.8923 | RankIC: 0.8719
2026-02-27 11:28:08,051 - root - INFO - Epoch [290/10000],
2026-02-27 11:28:08,052 - root - INFO - Train Results | R²: 0.9877 | RMSE: 0.1073 | IC: 0.9939 | RankIC: 0.9860
2026-02-27 11:28:08,052 - root - INFO - Valid Results | R²: 0.7192 | RMSE: 0.5260 | IC: 0.8929 | RankIC: 0.8719
2026-02-27 11:28:08,083 - root - INFO - Epoch [291/10000],
2026-02-27 11:28:08,083 - root - INFO - Train Results | R²: 0.9882 | RMSE: 0.1053 | IC: 0.9942 | RankIC: 0.9867
2026-02-27 11:28:08,084 - root - INFO - Valid Results | R²: 0.7175 | RMSE: 0.5275 | IC: 0.8900 | RankIC: 0.8719
2026-02-27 11:28:08,114 - root - INFO - Epoch [292/10000],
2026-02-27 11:28:08,115 - root - INFO - Train Results | R²: 0.9878 | RMSE: 0.1069 | IC: 0.9939 | RankIC: 0.9860
2026-02-27 11:28:08,115 - root - INFO - Valid Results | R²: 0.7216 | RMSE: 0.5237 | IC: 0.8932 | RankIC: 0.8719
2026-02-27 11:28:08,146 - root - INFO - Epoch [293/10000],
2026-02-27 11:28:08,147 - root - INFO - Train Results | R²: 0.9881 | RMSE: 0.1055 | IC: 0.9941 | RankIC: 0.9858
2026-02-27 11:28:08,147 - root - INFO - Valid Results | R²: 0.7170 | RMSE: 0.5280 | IC: 0.8889 | RankIC: 0.8719
2026-02-27 11:28:08,173 - root - INFO - Epoch [294/10000],
2026-02-27 11:28:08,174 - root - INFO - Train Results | R²: 0.9886 | RMSE: 0.1032 | IC: 0.9943 | RankIC: 0.9881
2026-02-27 11:28:08,174 - root - INFO - Valid Results | R²: 0.7206 | RMSE: 0.5246 | IC: 0.8926 | RankIC: 0.8719
2026-02-27 11:28:08,207 - root - INFO - Epoch [295/10000],
2026-02-27 11:28:08,207 - root - INFO - Train Results | R²: 0.9876 | RMSE: 0.1079 | IC: 0.9938 | RankIC: 0.9855
2026-02-27 11:28:08,207 - root - INFO - Valid Results | R²: 0.7194 | RMSE: 0.5258 | IC: 0.8912 | RankIC: 0.8719
2026-02-27 11:28:08,239 - root - INFO - Epoch [296/10000],
2026-02-27 11:28:08,239 - root - INFO - Train Results | R²: 0.9871 | RMSE: 0.1102 | IC: 0.9935 | RankIC: 0.9860
2026-02-27 11:28:08,239 - root - INFO - Valid Results | R²: 0.7196 | RMSE: 0.5255 | IC: 0.8917 | RankIC: 0.8719
2026-02-27 11:28:08,271 - root - INFO - Epoch [297/10000],
2026-02-27 11:28:08,272 - root - INFO - Train Results | R²: 0.9874 | RMSE: 0.1085 | IC: 0.9938 | RankIC: 0.9862
2026-02-27 11:28:08,272 - root - INFO - Valid Results | R²: 0.7155 | RMSE: 0.5294 | IC: 0.8896 | RankIC: 0.8719
2026-02-27 11:28:08,300 - root - INFO - Epoch [298/10000],
2026-02-27 11:28:08,300 - root - INFO - Train Results | R²: 0.9883 | RMSE: 0.1047 | IC: 0.9942 | RankIC: 0.9865
2026-02-27 11:28:08,300 - root - INFO - Valid Results | R²: 0.7199 | RMSE: 0.5253 | IC: 0.8910 | RankIC: 0.8719
2026-02-27 11:28:08,331 - root - INFO - Epoch [299/10000],
2026-02-27 11:28:08,331 - root - INFO - Train Results | R²: 0.9896 | RMSE: 0.0990 | IC: 0.9948 | RankIC: 0.9872
2026-02-27 11:28:08,331 - root - INFO - Valid Results | R²: 0.7214 | RMSE: 0.5239 | IC: 0.8932 | RankIC: 0.8719
2026-02-27 11:28:08,358 - root - INFO - Epoch [300/10000],
2026-02-27 11:28:08,359 - root - INFO - Train Results | R²: 0.9883 | RMSE: 0.1048 | IC: 0.9942 | RankIC: 0.9872
2026-02-27 11:28:08,359 - root - INFO - Valid Results | R²: 0.7210 | RMSE: 0.5243 | IC: 0.8933 | RankIC: 0.8719
2026-02-27 11:28:08,387 - root - INFO - Epoch [301/10000],
2026-02-27 11:28:08,388 - root - INFO - Train Results | R²: 0.9896 | RMSE: 0.0989 | IC: 0.9948 | RankIC: 0.9865
2026-02-27 11:28:08,388 - root - INFO - Valid Results | R²: 0.7224 | RMSE: 0.5229 | IC: 0.8933 | RankIC: 0.8719
2026-02-27 11:28:08,421 - root - INFO - Best model saved at epoch 302 with validation R2: 0.7232
2026-02-27 11:28:08,422 - root - INFO - Epoch [302/10000],
2026-02-27 11:28:08,422 - root - INFO - Train Results | R²: 0.9874 | RMSE: 0.1087 | IC: 0.9938 | RankIC: 0.9865
2026-02-27 11:28:08,422 - root - INFO - Valid Results | R²: 0.7232 | RMSE: 0.5222 | IC: 0.8929 | RankIC: 0.8719
2026-02-27 11:28:08,451 - root - INFO - Epoch [303/10000],
2026-02-27 11:28:08,451 - root - INFO - Train Results | R²: 0.9882 | RMSE: 0.1053 | IC: 0.9941 | RankIC: 0.9870
2026-02-27 11:28:08,451 - root - INFO - Valid Results | R²: 0.7192 | RMSE: 0.5259 | IC: 0.8915 | RankIC: 0.8719
2026-02-27 11:28:08,492 - root - INFO - Best model saved at epoch 304 with validation R2: 0.7238
2026-02-27 11:28:08,493 - root - INFO - Epoch [304/10000],
2026-02-27 11:28:08,493 - root - INFO - Train Results | R²: 0.9870 | RMSE: 0.1105 | IC: 0.9935 | RankIC: 0.9865
2026-02-27 11:28:08,493 - root - INFO - Valid Results | R²: 0.7238 | RMSE: 0.5216 | IC: 0.8934 | RankIC: 0.8719
2026-02-27 11:28:08,523 - root - INFO - Best model saved at epoch 305 with validation R2: 0.7259
2026-02-27 11:28:08,524 - root - INFO - Epoch [305/10000],
2026-02-27 11:28:08,524 - root - INFO - Train Results | R²: 0.9885 | RMSE: 0.1040 | IC: 0.9942 | RankIC: 0.9862
2026-02-27 11:28:08,524 - root - INFO - Valid Results | R²: 0.7259 | RMSE: 0.5196 | IC: 0.8943 | RankIC: 0.8719
2026-02-27 11:28:08,555 - root - INFO - Epoch [306/10000],
2026-02-27 11:28:08,555 - root - INFO - Train Results | R²: 0.9897 | RMSE: 0.0983 | IC: 0.9949 | RankIC: 0.9870
2026-02-27 11:28:08,555 - root - INFO - Valid Results | R²: 0.7224 | RMSE: 0.5229 | IC: 0.8940 | RankIC: 0.8719
2026-02-27 11:28:08,588 - root - INFO - Epoch [307/10000],
2026-02-27 11:28:08,589 - root - INFO - Train Results | R²: 0.9875 | RMSE: 0.1081 | IC: 0.9938 | RankIC: 0.9853
2026-02-27 11:28:08,589 - root - INFO - Valid Results | R²: 0.7235 | RMSE: 0.5219 | IC: 0.8924 | RankIC: 0.8719
2026-02-27 11:28:08,628 - root - INFO - Epoch [308/10000],
2026-02-27 11:28:08,629 - root - INFO - Train Results | R²: 0.9899 | RMSE: 0.0974 | IC: 0.9950 | RankIC: 0.9886
2026-02-27 11:28:08,629 - root - INFO - Valid Results | R²: 0.7256 | RMSE: 0.5199 | IC: 0.8944 | RankIC: 0.8719
2026-02-27 11:28:08,660 - root - INFO - Epoch [309/10000],
2026-02-27 11:28:08,661 - root - INFO - Train Results | R²: 0.9886 | RMSE: 0.1033 | IC: 0.9943 | RankIC: 0.9872
2026-02-27 11:28:08,661 - root - INFO - Valid Results | R²: 0.7197 | RMSE: 0.5255 | IC: 0.8899 | RankIC: 0.8719
2026-02-27 11:28:08,693 - root - INFO - Epoch [310/10000],
2026-02-27 11:28:08,694 - root - INFO - Train Results | R²: 0.9891 | RMSE: 0.1010 | IC: 0.9946 | RankIC: 0.9870
2026-02-27 11:28:08,694 - root - INFO - Valid Results | R²: 0.7222 | RMSE: 0.5231 | IC: 0.8917 | RankIC: 0.8719
2026-02-27 11:28:08,726 - root - INFO - Epoch [311/10000],
2026-02-27 11:28:08,726 - root - INFO - Train Results | R²: 0.9880 | RMSE: 0.1060 | IC: 0.9940 | RankIC: 0.9872
2026-02-27 11:28:08,726 - root - INFO - Valid Results | R²: 0.7233 | RMSE: 0.5221 | IC: 0.8927 | RankIC: 0.8719
2026-02-27 11:28:08,760 - root - INFO - Epoch [312/10000],
2026-02-27 11:28:08,760 - root - INFO - Train Results | R²: 0.9904 | RMSE: 0.0951 | IC: 0.9952 | RankIC: 0.9870
2026-02-27 11:28:08,761 - root - INFO - Valid Results | R²: 0.7236 | RMSE: 0.5218 | IC: 0.8941 | RankIC: 0.8719
2026-02-27 11:28:08,791 - root - INFO - Epoch [313/10000],
2026-02-27 11:28:08,791 - root - INFO - Train Results | R²: 0.9883 | RMSE: 0.1048 | IC: 0.9942 | RankIC: 0.9870
2026-02-27 11:28:08,792 - root - INFO - Valid Results | R²: 0.7191 | RMSE: 0.5261 | IC: 0.8912 | RankIC: 0.8719
2026-02-27 11:28:08,819 - root - INFO - Epoch [314/10000],
2026-02-27 11:28:08,820 - root - INFO - Train Results | R²: 0.9907 | RMSE: 0.0932 | IC: 0.9954 | RankIC: 0.9879
2026-02-27 11:28:08,820 - root - INFO - Valid Results | R²: 0.7236 | RMSE: 0.5218 | IC: 0.8927 | RankIC: 0.8719
2026-02-27 11:28:08,847 - root - INFO - Epoch [315/10000],
2026-02-27 11:28:08,847 - root - INFO - Train Results | R²: 0.9888 | RMSE: 0.1024 | IC: 0.9944 | RankIC: 0.9877
2026-02-27 11:28:08,847 - root - INFO - Valid Results | R²: 0.7211 | RMSE: 0.5241 | IC: 0.8917 | RankIC: 0.8719
2026-02-27 11:28:08,877 - root - INFO - Epoch [316/10000],
2026-02-27 11:28:08,878 - root - INFO - Train Results | R²: 0.9893 | RMSE: 0.1004 | IC: 0.9946 | RankIC: 0.9872
2026-02-27 11:28:08,878 - root - INFO - Valid Results | R²: 0.7226 | RMSE: 0.5227 | IC: 0.8933 | RankIC: 0.8719
2026-02-27 11:28:08,911 - root - INFO - Epoch [317/10000],
2026-02-27 11:28:08,911 - root - INFO - Train Results | R²: 0.9896 | RMSE: 0.0990 | IC: 0.9948 | RankIC: 0.9896
2026-02-27 11:28:08,911 - root - INFO - Valid Results | R²: 0.7226 | RMSE: 0.5227 | IC: 0.8922 | RankIC: 0.8719
2026-02-27 11:28:08,946 - root - INFO - Best model saved at epoch 318 with validation R2: 0.7295
2026-02-27 11:28:08,946 - root - INFO - Epoch [318/10000],
2026-02-27 11:28:08,946 - root - INFO - Train Results | R²: 0.9895 | RMSE: 0.0992 | IC: 0.9947 | RankIC: 0.9886
2026-02-27 11:28:08,947 - root - INFO - Valid Results | R²: 0.7295 | RMSE: 0.5162 | IC: 0.8964 | RankIC: 0.8719
2026-02-27 11:28:08,987 - root - INFO - Epoch [319/10000],
2026-02-27 11:28:08,987 - root - INFO - Train Results | R²: 0.9903 | RMSE: 0.0952 | IC: 0.9952 | RankIC: 0.9872
2026-02-27 11:28:08,987 - root - INFO - Valid Results | R²: 0.7229 | RMSE: 0.5224 | IC: 0.8924 | RankIC: 0.8719
2026-02-27 11:28:09,017 - root - INFO - Epoch [320/10000],
2026-02-27 11:28:09,018 - root - INFO - Train Results | R²: 0.9907 | RMSE: 0.0933 | IC: 0.9954 | RankIC: 0.9881
2026-02-27 11:28:09,018 - root - INFO - Valid Results | R²: 0.7210 | RMSE: 0.5243 | IC: 0.8911 | RankIC: 0.8719
2026-02-27 11:28:09,047 - root - INFO - Epoch [321/10000],
2026-02-27 11:28:09,048 - root - INFO - Train Results | R²: 0.9897 | RMSE: 0.0984 | IC: 0.9949 | RankIC: 0.9917
2026-02-27 11:28:09,048 - root - INFO - Valid Results | R²: 0.7220 | RMSE: 0.5233 | IC: 0.8921 | RankIC: 0.8719
2026-02-27 11:28:09,075 - root - INFO - Epoch [322/10000],
2026-02-27 11:28:09,076 - root - INFO - Train Results | R²: 0.9901 | RMSE: 0.0965 | IC: 0.9951 | RankIC: 0.9877
2026-02-27 11:28:09,076 - root - INFO - Valid Results | R²: 0.7267 | RMSE: 0.5189 | IC: 0.8954 | RankIC: 0.8719
2026-02-27 11:28:09,103 - root - INFO - Epoch [323/10000],
2026-02-27 11:28:09,105 - root - INFO - Train Results | R²: 0.9907 | RMSE: 0.0934 | IC: 0.9954 | RankIC: 0.9879
2026-02-27 11:28:09,105 - root - INFO - Valid Results | R²: 0.7256 | RMSE: 0.5199 | IC: 0.8935 | RankIC: 0.8754
2026-02-27 11:28:09,133 - root - INFO - Epoch [324/10000],
2026-02-27 11:28:09,134 - root - INFO - Train Results | R²: 0.9907 | RMSE: 0.0935 | IC: 0.9953 | RankIC: 0.9908
2026-02-27 11:28:09,134 - root - INFO - Valid Results | R²: 0.7246 | RMSE: 0.5208 | IC: 0.8932 | RankIC: 0.8719
2026-02-27 11:28:09,163 - root - INFO - Epoch [325/10000],
2026-02-27 11:28:09,163 - root - INFO - Train Results | R²: 0.9908 | RMSE: 0.0928 | IC: 0.9954 | RankIC: 0.9905
2026-02-27 11:28:09,164 - root - INFO - Valid Results | R²: 0.7261 | RMSE: 0.5194 | IC: 0.8936 | RankIC: 0.8719
2026-02-27 11:28:09,197 - root - INFO - Epoch [326/10000],
2026-02-27 11:28:09,198 - root - INFO - Train Results | R²: 0.9897 | RMSE: 0.0985 | IC: 0.9948 | RankIC: 0.9900
2026-02-27 11:28:09,198 - root - INFO - Valid Results | R²: 0.7266 | RMSE: 0.5189 | IC: 0.8950 | RankIC: 0.8719
2026-02-27 11:28:09,225 - root - INFO - Epoch [327/10000],
2026-02-27 11:28:09,226 - root - INFO - Train Results | R²: 0.9906 | RMSE: 0.0939 | IC: 0.9953 | RankIC: 0.9874
2026-02-27 11:28:09,226 - root - INFO - Valid Results | R²: 0.7247 | RMSE: 0.5208 | IC: 0.8936 | RankIC: 0.8719
2026-02-27 11:28:09,253 - root - INFO - Epoch [328/10000],
2026-02-27 11:28:09,254 - root - INFO - Train Results | R²: 0.9912 | RMSE: 0.0911 | IC: 0.9956 | RankIC: 0.9896
2026-02-27 11:28:09,254 - root - INFO - Valid Results | R²: 0.7242 | RMSE: 0.5212 | IC: 0.8923 | RankIC: 0.8719
2026-02-27 11:28:09,281 - root - INFO - Epoch [329/10000],
2026-02-27 11:28:09,281 - root - INFO - Train Results | R²: 0.9916 | RMSE: 0.0889 | IC: 0.9958 | RankIC: 0.9884
2026-02-27 11:28:09,282 - root - INFO - Valid Results | R²: 0.7228 | RMSE: 0.5226 | IC: 0.8910 | RankIC: 0.8719
2026-02-27 11:28:09,314 - root - INFO - Epoch [330/10000],
2026-02-27 11:28:09,314 - root - INFO - Train Results | R²: 0.9897 | RMSE: 0.0981 | IC: 0.9949 | RankIC: 0.9884
2026-02-27 11:28:09,314 - root - INFO - Valid Results | R²: 0.7232 | RMSE: 0.5222 | IC: 0.8919 | RankIC: 0.8719
2026-02-27 11:28:09,341 - root - INFO - Epoch [331/10000],
2026-02-27 11:28:09,343 - root - INFO - Train Results | R²: 0.9918 | RMSE: 0.0879 | IC: 0.9959 | RankIC: 0.9900
2026-02-27 11:28:09,343 - root - INFO - Valid Results | R²: 0.7234 | RMSE: 0.5220 | IC: 0.8926 | RankIC: 0.8719
2026-02-27 11:28:09,373 - root - INFO - Epoch [332/10000],
2026-02-27 11:28:09,374 - root - INFO - Train Results | R²: 0.9907 | RMSE: 0.0936 | IC: 0.9954 | RankIC: 0.9900
2026-02-27 11:28:09,375 - root - INFO - Valid Results | R²: 0.7240 | RMSE: 0.5214 | IC: 0.8927 | RankIC: 0.8719
2026-02-27 11:28:09,410 - root - INFO - Epoch [333/10000],
2026-02-27 11:28:09,410 - root - INFO - Train Results | R²: 0.9921 | RMSE: 0.0863 | IC: 0.9960 | RankIC: 0.9905
2026-02-27 11:28:09,411 - root - INFO - Valid Results | R²: 0.7178 | RMSE: 0.5273 | IC: 0.8886 | RankIC: 0.8719
2026-02-27 11:28:09,443 - root - INFO - Epoch [334/10000],
2026-02-27 11:28:09,443 - root - INFO - Train Results | R²: 0.9919 | RMSE: 0.0871 | IC: 0.9960 | RankIC: 0.9900
2026-02-27 11:28:09,443 - root - INFO - Valid Results | R²: 0.7259 | RMSE: 0.5196 | IC: 0.8923 | RankIC: 0.8719
2026-02-27 11:28:09,475 - root - INFO - Epoch [335/10000],
2026-02-27 11:28:09,476 - root - INFO - Train Results | R²: 0.9931 | RMSE: 0.0807 | IC: 0.9966 | RankIC: 0.9886
2026-02-27 11:28:09,476 - root - INFO - Valid Results | R²: 0.7281 | RMSE: 0.5175 | IC: 0.8960 | RankIC: 0.8719
2026-02-27 11:28:09,511 - root - INFO - Epoch [336/10000],
2026-02-27 11:28:09,511 - root - INFO - Train Results | R²: 0.9920 | RMSE: 0.0864 | IC: 0.9960 | RankIC: 0.9891
2026-02-27 11:28:09,512 - root - INFO - Valid Results | R²: 0.7243 | RMSE: 0.5212 | IC: 0.8931 | RankIC: 0.8719
2026-02-27 11:28:09,542 - root - INFO - Epoch [337/10000],
2026-02-27 11:28:09,543 - root - INFO - Train Results | R²: 0.9925 | RMSE: 0.0841 | IC: 0.9962 | RankIC: 0.9905
2026-02-27 11:28:09,543 - root - INFO - Valid Results | R²: 0.7277 | RMSE: 0.5179 | IC: 0.8950 | RankIC: 0.8719
2026-02-27 11:28:09,569 - root - INFO - Epoch [338/10000],
2026-02-27 11:28:09,569 - root - INFO - Train Results | R²: 0.9919 | RMSE: 0.0872 | IC: 0.9959 | RankIC: 0.9912
2026-02-27 11:28:09,570 - root - INFO - Valid Results | R²: 0.7271 | RMSE: 0.5184 | IC: 0.8941 | RankIC: 0.8719
2026-02-27 11:28:09,596 - root - INFO - Epoch [339/10000],
2026-02-27 11:28:09,596 - root - INFO - Train Results | R²: 0.9914 | RMSE: 0.0898 | IC: 0.9957 | RankIC: 0.9884
2026-02-27 11:28:09,596 - root - INFO - Valid Results | R²: 0.7260 | RMSE: 0.5195 | IC: 0.8926 | RankIC: 0.8719
2026-02-27 11:28:09,624 - root - INFO - Epoch [340/10000],
2026-02-27 11:28:09,624 - root - INFO - Train Results | R²: 0.9922 | RMSE: 0.0854 | IC: 0.9961 | RankIC: 0.9938
2026-02-27 11:28:09,624 - root - INFO - Valid Results | R²: 0.7244 | RMSE: 0.5210 | IC: 0.8908 | RankIC: 0.8719
2026-02-27 11:28:09,657 - root - INFO - Epoch [341/10000],
2026-02-27 11:28:09,658 - root - INFO - Train Results | R²: 0.9925 | RMSE: 0.0837 | IC: 0.9963 | RankIC: 0.9898
2026-02-27 11:28:09,658 - root - INFO - Valid Results | R²: 0.7273 | RMSE: 0.5183 | IC: 0.8941 | RankIC: 0.8719
2026-02-27 11:28:09,685 - root - INFO - Epoch [342/10000],
2026-02-27 11:28:09,686 - root - INFO - Train Results | R²: 0.9922 | RMSE: 0.0857 | IC: 0.9961 | RankIC: 0.9877
2026-02-27 11:28:09,686 - root - INFO - Valid Results | R²: 0.7248 | RMSE: 0.5207 | IC: 0.8931 | RankIC: 0.8719
2026-02-27 11:28:09,713 - root - INFO - Epoch [343/10000],
2026-02-27 11:28:09,713 - root - INFO - Train Results | R²: 0.9926 | RMSE: 0.0833 | IC: 0.9963 | RankIC: 0.9915
2026-02-27 11:28:09,713 - root - INFO - Valid Results | R²: 0.7237 | RMSE: 0.5217 | IC: 0.8925 | RankIC: 0.8719
2026-02-27 11:28:09,739 - root - INFO - Epoch [344/10000],
2026-02-27 11:28:09,739 - root - INFO - Train Results | R²: 0.9927 | RMSE: 0.0828 | IC: 0.9964 | RankIC: 0.9915
2026-02-27 11:28:09,740 - root - INFO - Valid Results | R²: 0.7273 | RMSE: 0.5183 | IC: 0.8936 | RankIC: 0.8719
2026-02-27 11:28:09,766 - root - INFO - Epoch [345/10000],
2026-02-27 11:28:09,766 - root - INFO - Train Results | R²: 0.9917 | RMSE: 0.0880 | IC: 0.9959 | RankIC: 0.9879
2026-02-27 11:28:09,767 - root - INFO - Valid Results | R²: 0.7256 | RMSE: 0.5199 | IC: 0.8927 | RankIC: 0.8719
2026-02-27 11:28:09,797 - root - INFO - Epoch [346/10000],
2026-02-27 11:28:09,798 - root - INFO - Train Results | R²: 0.9925 | RMSE: 0.0839 | IC: 0.9963 | RankIC: 0.9893
2026-02-27 11:28:09,798 - root - INFO - Valid Results | R²: 0.7255 | RMSE: 0.5200 | IC: 0.8924 | RankIC: 0.8719
2026-02-27 11:28:09,828 - root - INFO - Epoch [347/10000],
2026-02-27 11:28:09,829 - root - INFO - Train Results | R²: 0.9911 | RMSE: 0.0912 | IC: 0.9956 | RankIC: 0.9908
2026-02-27 11:28:09,829 - root - INFO - Valid Results | R²: 0.7257 | RMSE: 0.5198 | IC: 0.8939 | RankIC: 0.8807
2026-02-27 11:28:09,862 - root - INFO - Epoch [348/10000],
2026-02-27 11:28:09,862 - root - INFO - Train Results | R²: 0.9918 | RMSE: 0.0876 | IC: 0.9959 | RankIC: 0.9924
2026-02-27 11:28:09,863 - root - INFO - Valid Results | R²: 0.7242 | RMSE: 0.5213 | IC: 0.8912 | RankIC: 0.8719
2026-02-27 11:28:09,897 - root - INFO - Best model saved at epoch 349 with validation R2: 0.7302
2026-02-27 11:28:09,897 - root - INFO - Epoch [349/10000],
2026-02-27 11:28:09,898 - root - INFO - Train Results | R²: 0.9933 | RMSE: 0.0792 | IC: 0.9967 | RankIC: 0.9910
2026-02-27 11:28:09,898 - root - INFO - Valid Results | R²: 0.7302 | RMSE: 0.5155 | IC: 0.8950 | RankIC: 0.8719
2026-02-27 11:28:09,944 - root - INFO - Epoch [350/10000],
2026-02-27 11:28:09,944 - root - INFO - Train Results | R²: 0.9922 | RMSE: 0.0858 | IC: 0.9961 | RankIC: 0.9908
2026-02-27 11:28:09,944 - root - INFO - Valid Results | R²: 0.7300 | RMSE: 0.5157 | IC: 0.8958 | RankIC: 0.8719
2026-02-27 11:28:09,977 - root - INFO - Epoch [351/10000],
2026-02-27 11:28:09,977 - root - INFO - Train Results | R²: 0.9917 | RMSE: 0.0881 | IC: 0.9959 | RankIC: 0.9912
2026-02-27 11:28:09,977 - root - INFO - Valid Results | R²: 0.7299 | RMSE: 0.5158 | IC: 0.8955 | RankIC: 0.8719
2026-02-27 11:28:10,009 - root - INFO - Epoch [352/10000],
2026-02-27 11:28:10,010 - root - INFO - Train Results | R²: 0.9915 | RMSE: 0.0893 | IC: 0.9957 | RankIC: 0.9924
2026-02-27 11:28:10,010 - root - INFO - Valid Results | R²: 0.7286 | RMSE: 0.5170 | IC: 0.8949 | RankIC: 0.8719
2026-02-27 11:28:10,038 - root - INFO - Epoch [353/10000],
2026-02-27 11:28:10,039 - root - INFO - Train Results | R²: 0.9925 | RMSE: 0.0840 | IC: 0.9963 | RankIC: 0.9910
2026-02-27 11:28:10,039 - root - INFO - Valid Results | R²: 0.7249 | RMSE: 0.5206 | IC: 0.8921 | RankIC: 0.8719
2026-02-27 11:28:10,070 - root - INFO - Best model saved at epoch 354 with validation R2: 0.7322
2026-02-27 11:28:10,071 - root - INFO - Epoch [354/10000],
2026-02-27 11:28:10,071 - root - INFO - Train Results | R²: 0.9932 | RMSE: 0.0797 | IC: 0.9966 | RankIC: 0.9905
2026-02-27 11:28:10,071 - root - INFO - Valid Results | R²: 0.7322 | RMSE: 0.5136 | IC: 0.8983 | RankIC: 0.8719
2026-02-27 11:28:10,104 - root - INFO - Epoch [355/10000],
2026-02-27 11:28:10,104 - root - INFO - Train Results | R²: 0.9936 | RMSE: 0.0773 | IC: 0.9968 | RankIC: 0.9905
2026-02-27 11:28:10,105 - root - INFO - Valid Results | R²: 0.7265 | RMSE: 0.5191 | IC: 0.8942 | RankIC: 0.8807
2026-02-27 11:28:10,143 - root - INFO - Epoch [356/10000],
2026-02-27 11:28:10,143 - root - INFO - Train Results | R²: 0.9936 | RMSE: 0.0775 | IC: 0.9968 | RankIC: 0.9927
2026-02-27 11:28:10,144 - root - INFO - Valid Results | R²: 0.7250 | RMSE: 0.5204 | IC: 0.8928 | RankIC: 0.8719
2026-02-27 11:28:10,177 - root - INFO - Epoch [357/10000],
2026-02-27 11:28:10,178 - root - INFO - Train Results | R²: 0.9941 | RMSE: 0.0746 | IC: 0.9970 | RankIC: 0.9927
2026-02-27 11:28:10,178 - root - INFO - Valid Results | R²: 0.7289 | RMSE: 0.5168 | IC: 0.8957 | RankIC: 0.8719
2026-02-27 11:28:10,222 - root - INFO - Epoch [358/10000],
2026-02-27 11:28:10,222 - root - INFO - Train Results | R²: 0.9926 | RMSE: 0.0834 | IC: 0.9963 | RankIC: 0.9919
2026-02-27 11:28:10,222 - root - INFO - Valid Results | R²: 0.7277 | RMSE: 0.5179 | IC: 0.8951 | RankIC: 0.8807
2026-02-27 11:28:10,253 - root - INFO - Epoch [359/10000],
2026-02-27 11:28:10,253 - root - INFO - Train Results | R²: 0.9939 | RMSE: 0.0757 | IC: 0.9970 | RankIC: 0.9903
2026-02-27 11:28:10,253 - root - INFO - Valid Results | R²: 0.7260 | RMSE: 0.5196 | IC: 0.8931 | RankIC: 0.8719
2026-02-27 11:28:10,283 - root - INFO - Epoch [360/10000],
2026-02-27 11:28:10,284 - root - INFO - Train Results | R²: 0.9941 | RMSE: 0.0746 | IC: 0.9970 | RankIC: 0.9936
2026-02-27 11:28:10,284 - root - INFO - Valid Results | R²: 0.7315 | RMSE: 0.5143 | IC: 0.8966 | RankIC: 0.8719
2026-02-27 11:28:10,318 - root - INFO - Best model saved at epoch 361 with validation R2: 0.7352
2026-02-27 11:28:10,318 - root - INFO - Epoch [361/10000],
2026-02-27 11:28:10,319 - root - INFO - Train Results | R²: 0.9933 | RMSE: 0.0794 | IC: 0.9967 | RankIC: 0.9917
2026-02-27 11:28:10,319 - root - INFO - Valid Results | R²: 0.7352 | RMSE: 0.5108 | IC: 0.8984 | RankIC: 0.8807
2026-02-27 11:28:10,351 - root - INFO - Epoch [362/10000],
2026-02-27 11:28:10,351 - root - INFO - Train Results | R²: 0.9933 | RMSE: 0.0795 | IC: 0.9966 | RankIC: 0.9917
2026-02-27 11:28:10,351 - root - INFO - Valid Results | R²: 0.7289 | RMSE: 0.5168 | IC: 0.8949 | RankIC: 0.8719
2026-02-27 11:28:10,384 - root - INFO - Epoch [363/10000],
2026-02-27 11:28:10,384 - root - INFO - Train Results | R²: 0.9924 | RMSE: 0.0842 | IC: 0.9962 | RankIC: 0.9900
2026-02-27 11:28:10,384 - root - INFO - Valid Results | R²: 0.7300 | RMSE: 0.5158 | IC: 0.8941 | RankIC: 0.8807
2026-02-27 11:28:10,413 - root - INFO - Epoch [364/10000],
2026-02-27 11:28:10,413 - root - INFO - Train Results | R²: 0.9922 | RMSE: 0.0854 | IC: 0.9961 | RankIC: 0.9917
2026-02-27 11:28:10,413 - root - INFO - Valid Results | R²: 0.7280 | RMSE: 0.5176 | IC: 0.8937 | RankIC: 0.8719
2026-02-27 11:28:10,444 - root - INFO - Epoch [365/10000],
2026-02-27 11:28:10,444 - root - INFO - Train Results | R²: 0.9952 | RMSE: 0.0671 | IC: 0.9976 | RankIC: 0.9955
2026-02-27 11:28:10,444 - root - INFO - Valid Results | R²: 0.7297 | RMSE: 0.5160 | IC: 0.8951 | RankIC: 0.8807
2026-02-27 11:28:10,476 - root - INFO - Epoch [366/10000],
2026-02-27 11:28:10,476 - root - INFO - Train Results | R²: 0.9936 | RMSE: 0.0777 | IC: 0.9968 | RankIC: 0.9938
2026-02-27 11:28:10,476 - root - INFO - Valid Results | R²: 0.7293 | RMSE: 0.5163 | IC: 0.8945 | RankIC: 0.8807
2026-02-27 11:28:10,510 - root - INFO - Epoch [367/10000],
2026-02-27 11:28:10,511 - root - INFO - Train Results | R²: 0.9943 | RMSE: 0.0731 | IC: 0.9972 | RankIC: 0.9917
2026-02-27 11:28:10,511 - root - INFO - Valid Results | R²: 0.7270 | RMSE: 0.5186 | IC: 0.8933 | RankIC: 0.8719
2026-02-27 11:28:10,543 - root - INFO - Epoch [368/10000],
2026-02-27 11:28:10,543 - root - INFO - Train Results | R²: 0.9936 | RMSE: 0.0775 | IC: 0.9968 | RankIC: 0.9945
2026-02-27 11:28:10,543 - root - INFO - Valid Results | R²: 0.7310 | RMSE: 0.5147 | IC: 0.8961 | RankIC: 0.8807
2026-02-27 11:28:10,573 - root - INFO - Epoch [369/10000],
2026-02-27 11:28:10,574 - root - INFO - Train Results | R²: 0.9924 | RMSE: 0.0842 | IC: 0.9962 | RankIC: 0.9950
2026-02-27 11:28:10,574 - root - INFO - Valid Results | R²: 0.7324 | RMSE: 0.5134 | IC: 0.8977 | RankIC: 0.8807
2026-02-27 11:28:10,607 - root - INFO - Epoch [370/10000],
2026-02-27 11:28:10,607 - root - INFO - Train Results | R²: 0.9939 | RMSE: 0.0754 | IC: 0.9970 | RankIC: 0.9941
2026-02-27 11:28:10,608 - root - INFO - Valid Results | R²: 0.7292 | RMSE: 0.5165 | IC: 0.8942 | RankIC: 0.8807
2026-02-27 11:28:10,640 - root - INFO - Epoch [371/10000],
2026-02-27 11:28:10,641 - root - INFO - Train Results | R²: 0.9947 | RMSE: 0.0707 | IC: 0.9974 | RankIC: 0.9919
2026-02-27 11:28:10,641 - root - INFO - Valid Results | R²: 0.7322 | RMSE: 0.5136 | IC: 0.8968 | RankIC: 0.8807
2026-02-27 11:28:10,673 - root - INFO - Epoch [372/10000],
2026-02-27 11:28:10,674 - root - INFO - Train Results | R²: 0.9947 | RMSE: 0.0706 | IC: 0.9974 | RankIC: 0.9938
2026-02-27 11:28:10,674 - root - INFO - Valid Results | R²: 0.7305 | RMSE: 0.5153 | IC: 0.8953 | RankIC: 0.8719
2026-02-27 11:28:10,703 - root - INFO - Epoch [373/10000],
2026-02-27 11:28:10,703 - root - INFO - Train Results | R²: 0.9942 | RMSE: 0.0739 | IC: 0.9971 | RankIC: 0.9934
2026-02-27 11:28:10,704 - root - INFO - Valid Results | R²: 0.7285 | RMSE: 0.5171 | IC: 0.8940 | RankIC: 0.8807
2026-02-27 11:28:10,731 - root - INFO - Epoch [374/10000],
2026-02-27 11:28:10,732 - root - INFO - Train Results | R²: 0.9944 | RMSE: 0.0726 | IC: 0.9972 | RankIC: 0.9941
2026-02-27 11:28:10,732 - root - INFO - Valid Results | R²: 0.7297 | RMSE: 0.5160 | IC: 0.8948 | RankIC: 0.8719
2026-02-27 11:28:10,759 - root - INFO - Epoch [375/10000],
2026-02-27 11:28:10,759 - root - INFO - Train Results | R²: 0.9940 | RMSE: 0.0750 | IC: 0.9970 | RankIC: 0.9950
2026-02-27 11:28:10,760 - root - INFO - Valid Results | R²: 0.7286 | RMSE: 0.5170 | IC: 0.8945 | RankIC: 0.8719
2026-02-27 11:28:10,789 - root - INFO - Epoch [376/10000],
2026-02-27 11:28:10,790 - root - INFO - Train Results | R²: 0.9933 | RMSE: 0.0794 | IC: 0.9967 | RankIC: 0.9922
2026-02-27 11:28:10,790 - root - INFO - Valid Results | R²: 0.7288 | RMSE: 0.5169 | IC: 0.8943 | RankIC: 0.8719
2026-02-27 11:28:10,833 - root - INFO - Epoch [377/10000],
2026-02-27 11:28:10,833 - root - INFO - Train Results | R²: 0.9941 | RMSE: 0.0744 | IC: 0.9970 | RankIC: 0.9922
2026-02-27 11:28:10,833 - root - INFO - Valid Results | R²: 0.7287 | RMSE: 0.5170 | IC: 0.8924 | RankIC: 0.8719
2026-02-27 11:28:10,863 - root - INFO - Epoch [378/10000],
2026-02-27 11:28:10,863 - root - INFO - Train Results | R²: 0.9939 | RMSE: 0.0756 | IC: 0.9970 | RankIC: 0.9915
2026-02-27 11:28:10,863 - root - INFO - Valid Results | R²: 0.7328 | RMSE: 0.5131 | IC: 0.8958 | RankIC: 0.8719
2026-02-27 11:28:10,893 - root - INFO - Best model saved at epoch 379 with validation R2: 0.7373
2026-02-27 11:28:10,893 - root - INFO - Epoch [379/10000],
2026-02-27 11:28:10,893 - root - INFO - Train Results | R²: 0.9954 | RMSE: 0.0657 | IC: 0.9977 | RankIC: 0.9934
2026-02-27 11:28:10,894 - root - INFO - Valid Results | R²: 0.7373 | RMSE: 0.5087 | IC: 0.8989 | RankIC: 0.8807
2026-02-27 11:28:10,920 - root - INFO - Epoch [380/10000],
2026-02-27 11:28:10,921 - root - INFO - Train Results | R²: 0.9946 | RMSE: 0.0710 | IC: 0.9973 | RankIC: 0.9941
2026-02-27 11:28:10,921 - root - INFO - Valid Results | R²: 0.7352 | RMSE: 0.5108 | IC: 0.8970 | RankIC: 0.8807
2026-02-27 11:28:10,961 - root - INFO - Epoch [381/10000],
2026-02-27 11:28:10,961 - root - INFO - Train Results | R²: 0.9939 | RMSE: 0.0759 | IC: 0.9969 | RankIC: 0.9938
2026-02-27 11:28:10,961 - root - INFO - Valid Results | R²: 0.7346 | RMSE: 0.5113 | IC: 0.8971 | RankIC: 0.8807
2026-02-27 11:28:10,989 - root - INFO - Epoch [382/10000],
2026-02-27 11:28:10,990 - root - INFO - Train Results | R²: 0.9943 | RMSE: 0.0732 | IC: 0.9972 | RankIC: 0.9924
2026-02-27 11:28:10,990 - root - INFO - Valid Results | R²: 0.7315 | RMSE: 0.5143 | IC: 0.8963 | RankIC: 0.8807
2026-02-27 11:28:11,023 - root - INFO - Epoch [383/10000],
2026-02-27 11:28:11,023 - root - INFO - Train Results | R²: 0.9942 | RMSE: 0.0737 | IC: 0.9972 | RankIC: 0.9945
2026-02-27 11:28:11,023 - root - INFO - Valid Results | R²: 0.7272 | RMSE: 0.5184 | IC: 0.8925 | RankIC: 0.8807
2026-02-27 11:28:11,052 - root - INFO - Epoch [384/10000],
2026-02-27 11:28:11,052 - root - INFO - Train Results | R²: 0.9944 | RMSE: 0.0725 | IC: 0.9972 | RankIC: 0.9948
2026-02-27 11:28:11,053 - root - INFO - Valid Results | R²: 0.7318 | RMSE: 0.5140 | IC: 0.8967 | RankIC: 0.8807
2026-02-27 11:28:11,081 - root - INFO - Epoch [385/10000],
2026-02-27 11:28:11,082 - root - INFO - Train Results | R²: 0.9952 | RMSE: 0.0672 | IC: 0.9976 | RankIC: 0.9953
2026-02-27 11:28:11,082 - root - INFO - Valid Results | R²: 0.7295 | RMSE: 0.5162 | IC: 0.8940 | RankIC: 0.8807
2026-02-27 11:28:11,110 - root - INFO - Epoch [386/10000],
2026-02-27 11:28:11,110 - root - INFO - Train Results | R²: 0.9955 | RMSE: 0.0651 | IC: 0.9978 | RankIC: 0.9950
2026-02-27 11:28:11,111 - root - INFO - Valid Results | R²: 0.7319 | RMSE: 0.5139 | IC: 0.8972 | RankIC: 0.8719
2026-02-27 11:28:11,141 - root - INFO - Epoch [387/10000],
2026-02-27 11:28:11,141 - root - INFO - Train Results | R²: 0.9946 | RMSE: 0.0709 | IC: 0.9974 | RankIC: 0.9929
2026-02-27 11:28:11,141 - root - INFO - Valid Results | R²: 0.7326 | RMSE: 0.5133 | IC: 0.8969 | RankIC: 0.8807
2026-02-27 11:28:11,172 - root - INFO - Epoch [388/10000],
2026-02-27 11:28:11,172 - root - INFO - Train Results | R²: 0.9951 | RMSE: 0.0677 | IC: 0.9976 | RankIC: 0.9948
2026-02-27 11:28:11,173 - root - INFO - Valid Results | R²: 0.7343 | RMSE: 0.5116 | IC: 0.8984 | RankIC: 0.8807
2026-02-27 11:28:11,201 - root - INFO - Epoch [389/10000],
2026-02-27 11:28:11,201 - root - INFO - Train Results | R²: 0.9955 | RMSE: 0.0652 | IC: 0.9978 | RankIC: 0.9950
2026-02-27 11:28:11,201 - root - INFO - Valid Results | R²: 0.7347 | RMSE: 0.5112 | IC: 0.8975 | RankIC: 0.8807
2026-02-27 11:28:11,233 - root - INFO - Epoch [390/10000],
2026-02-27 11:28:11,234 - root - INFO - Train Results | R²: 0.9943 | RMSE: 0.0731 | IC: 0.9972 | RankIC: 0.9950
2026-02-27 11:28:11,234 - root - INFO - Valid Results | R²: 0.7333 | RMSE: 0.5126 | IC: 0.8963 | RankIC: 0.8807
2026-02-27 11:28:11,268 - root - INFO - Epoch [391/10000],
2026-02-27 11:28:11,268 - root - INFO - Train Results | R²: 0.9949 | RMSE: 0.0688 | IC: 0.9975 | RankIC: 0.9945
2026-02-27 11:28:11,268 - root - INFO - Valid Results | R²: 0.7342 | RMSE: 0.5117 | IC: 0.8967 | RankIC: 0.8842
2026-02-27 11:28:11,298 - root - INFO - Epoch [392/10000],
2026-02-27 11:28:11,298 - root - INFO - Train Results | R²: 0.9945 | RMSE: 0.0720 | IC: 0.9973 | RankIC: 0.9936
2026-02-27 11:28:11,298 - root - INFO - Valid Results | R²: 0.7332 | RMSE: 0.5126 | IC: 0.8961 | RankIC: 0.8807
2026-02-27 11:28:11,326 - root - INFO - Epoch [393/10000],
2026-02-27 11:28:11,326 - root - INFO - Train Results | R²: 0.9964 | RMSE: 0.0581 | IC: 0.9982 | RankIC: 0.9948
2026-02-27 11:28:11,326 - root - INFO - Valid Results | R²: 0.7334 | RMSE: 0.5124 | IC: 0.8957 | RankIC: 0.8807
2026-02-27 11:28:11,354 - root - INFO - Epoch [394/10000],
2026-02-27 11:28:11,355 - root - INFO - Train Results | R²: 0.9953 | RMSE: 0.0666 | IC: 0.9976 | RankIC: 0.9955
2026-02-27 11:28:11,355 - root - INFO - Valid Results | R²: 0.7357 | RMSE: 0.5103 | IC: 0.8978 | RankIC: 0.8807
2026-02-27 11:28:11,390 - root - INFO - Epoch [395/10000],
2026-02-27 11:28:11,391 - root - INFO - Train Results | R²: 0.9953 | RMSE: 0.0662 | IC: 0.9977 | RankIC: 0.9924
2026-02-27 11:28:11,391 - root - INFO - Valid Results | R²: 0.7351 | RMSE: 0.5108 | IC: 0.8970 | RankIC: 0.8807
2026-02-27 11:28:11,421 - root - INFO - Epoch [396/10000],
2026-02-27 11:28:11,421 - root - INFO - Train Results | R²: 0.9953 | RMSE: 0.0666 | IC: 0.9976 | RankIC: 0.9953
2026-02-27 11:28:11,421 - root - INFO - Valid Results | R²: 0.7292 | RMSE: 0.5165 | IC: 0.8931 | RankIC: 0.8807
2026-02-27 11:28:11,450 - root - INFO - Epoch [397/10000],
2026-02-27 11:28:11,451 - root - INFO - Train Results | R²: 0.9950 | RMSE: 0.0687 | IC: 0.9975 | RankIC: 0.9927
2026-02-27 11:28:11,451 - root - INFO - Valid Results | R²: 0.7306 | RMSE: 0.5151 | IC: 0.8952 | RankIC: 0.8807
2026-02-27 11:28:11,481 - root - INFO - Epoch [398/10000],
2026-02-27 11:28:11,481 - root - INFO - Train Results | R²: 0.9964 | RMSE: 0.0578 | IC: 0.9982 | RankIC: 0.9964
2026-02-27 11:28:11,482 - root - INFO - Valid Results | R²: 0.7362 | RMSE: 0.5098 | IC: 0.8981 | RankIC: 0.8807
2026-02-27 11:28:11,513 - root - INFO - Epoch [399/10000],
2026-02-27 11:28:11,514 - root - INFO - Train Results | R²: 0.9957 | RMSE: 0.0634 | IC: 0.9979 | RankIC: 0.9960
2026-02-27 11:28:11,514 - root - INFO - Valid Results | R²: 0.7320 | RMSE: 0.5138 | IC: 0.8972 | RankIC: 0.8807
2026-02-27 11:28:11,543 - root - INFO - Epoch [400/10000],
2026-02-27 11:28:11,543 - root - INFO - Train Results | R²: 0.9952 | RMSE: 0.0671 | IC: 0.9976 | RankIC: 0.9955
2026-02-27 11:28:11,544 - root - INFO - Valid Results | R²: 0.7325 | RMSE: 0.5133 | IC: 0.8953 | RankIC: 0.8807
2026-02-27 11:28:11,572 - root - INFO - Epoch [401/10000],
2026-02-27 11:28:11,572 - root - INFO - Train Results | R²: 0.9942 | RMSE: 0.0741 | IC: 0.9971 | RankIC: 0.9953
2026-02-27 11:28:11,573 - root - INFO - Valid Results | R²: 0.7361 | RMSE: 0.5098 | IC: 0.8972 | RankIC: 0.8807
2026-02-27 11:28:11,603 - root - INFO - Epoch [402/10000],
2026-02-27 11:28:11,603 - root - INFO - Train Results | R²: 0.9958 | RMSE: 0.0627 | IC: 0.9979 | RankIC: 0.9931
2026-02-27 11:28:11,603 - root - INFO - Valid Results | R²: 0.7348 | RMSE: 0.5111 | IC: 0.8969 | RankIC: 0.8807
2026-02-27 11:28:11,633 - root - INFO - Epoch [403/10000],
2026-02-27 11:28:11,633 - root - INFO - Train Results | R²: 0.9955 | RMSE: 0.0646 | IC: 0.9978 | RankIC: 0.9950
2026-02-27 11:28:11,634 - root - INFO - Valid Results | R²: 0.7353 | RMSE: 0.5106 | IC: 0.8966 | RankIC: 0.8842
2026-02-27 11:28:11,670 - root - INFO - Best model saved at epoch 404 with validation R2: 0.7405
2026-02-27 11:28:11,670 - root - INFO - Epoch [404/10000],
2026-02-27 11:28:11,670 - root - INFO - Train Results | R²: 0.9949 | RMSE: 0.0693 | IC: 0.9975 | RankIC: 0.9950
2026-02-27 11:28:11,670 - root - INFO - Valid Results | R²: 0.7405 | RMSE: 0.5056 | IC: 0.9002 | RankIC: 0.8842
2026-02-27 11:28:11,701 - root - INFO - Epoch [405/10000],
2026-02-27 11:28:11,701 - root - INFO - Train Results | R²: 0.9941 | RMSE: 0.0744 | IC: 0.9971 | RankIC: 0.9934
2026-02-27 11:28:11,701 - root - INFO - Valid Results | R²: 0.7336 | RMSE: 0.5123 | IC: 0.8945 | RankIC: 0.8807
2026-02-27 11:28:11,728 - root - INFO - Epoch [406/10000],
2026-02-27 11:28:11,728 - root - INFO - Train Results | R²: 0.9958 | RMSE: 0.0626 | IC: 0.9980 | RankIC: 0.9943
2026-02-27 11:28:11,728 - root - INFO - Valid Results | R²: 0.7354 | RMSE: 0.5106 | IC: 0.8968 | RankIC: 0.8807
2026-02-27 11:28:11,757 - root - INFO - Epoch [407/10000],
2026-02-27 11:28:11,758 - root - INFO - Train Results | R²: 0.9952 | RMSE: 0.0670 | IC: 0.9976 | RankIC: 0.9948
2026-02-27 11:28:11,758 - root - INFO - Valid Results | R²: 0.7314 | RMSE: 0.5144 | IC: 0.8937 | RankIC: 0.8807
2026-02-27 11:28:11,787 - root - INFO - Epoch [408/10000],
2026-02-27 11:28:11,788 - root - INFO - Train Results | R²: 0.9946 | RMSE: 0.0709 | IC: 0.9973 | RankIC: 0.9964
2026-02-27 11:28:11,788 - root - INFO - Valid Results | R²: 0.7357 | RMSE: 0.5103 | IC: 0.8976 | RankIC: 0.8807
2026-02-27 11:28:11,819 - root - INFO - Epoch [409/10000],
2026-02-27 11:28:11,820 - root - INFO - Train Results | R²: 0.9960 | RMSE: 0.0609 | IC: 0.9980 | RankIC: 0.9953
2026-02-27 11:28:11,820 - root - INFO - Valid Results | R²: 0.7340 | RMSE: 0.5119 | IC: 0.8958 | RankIC: 0.8807
2026-02-27 11:28:11,850 - root - INFO - Epoch [410/10000],
2026-02-27 11:28:11,851 - root - INFO - Train Results | R²: 0.9951 | RMSE: 0.0676 | IC: 0.9976 | RankIC: 0.9957
2026-02-27 11:28:11,851 - root - INFO - Valid Results | R²: 0.7330 | RMSE: 0.5128 | IC: 0.8958 | RankIC: 0.8807
2026-02-27 11:28:11,881 - root - INFO - Epoch [411/10000],
2026-02-27 11:28:11,881 - root - INFO - Train Results | R²: 0.9957 | RMSE: 0.0636 | IC: 0.9979 | RankIC: 0.9953
2026-02-27 11:28:11,881 - root - INFO - Valid Results | R²: 0.7368 | RMSE: 0.5091 | IC: 0.8975 | RankIC: 0.8807
2026-02-27 11:28:11,913 - root - INFO - Epoch [412/10000],
2026-02-27 11:28:11,913 - root - INFO - Train Results | R²: 0.9946 | RMSE: 0.0709 | IC: 0.9973 | RankIC: 0.9955
2026-02-27 11:28:11,913 - root - INFO - Valid Results | R²: 0.7307 | RMSE: 0.5151 | IC: 0.8924 | RankIC: 0.8807
2026-02-27 11:28:11,943 - root - INFO - Epoch [413/10000],
2026-02-27 11:28:11,943 - root - INFO - Train Results | R²: 0.9952 | RMSE: 0.0673 | IC: 0.9976 | RankIC: 0.9957
2026-02-27 11:28:11,944 - root - INFO - Valid Results | R²: 0.7359 | RMSE: 0.5101 | IC: 0.8978 | RankIC: 0.8842
2026-02-27 11:28:11,973 - root - INFO - Epoch [414/10000],
2026-02-27 11:28:11,974 - root - INFO - Train Results | R²: 0.9949 | RMSE: 0.0689 | IC: 0.9975 | RankIC: 0.9936
2026-02-27 11:28:11,974 - root - INFO - Valid Results | R²: 0.7373 | RMSE: 0.5087 | IC: 0.8971 | RankIC: 0.8807
2026-02-27 11:28:12,004 - root - INFO - Epoch [415/10000],
2026-02-27 11:28:12,004 - root - INFO - Train Results | R²: 0.9950 | RMSE: 0.0683 | IC: 0.9976 | RankIC: 0.9955
2026-02-27 11:28:12,004 - root - INFO - Valid Results | R²: 0.7324 | RMSE: 0.5134 | IC: 0.8938 | RankIC: 0.8807
2026-02-27 11:28:12,037 - root - INFO - Best model saved at epoch 416 with validation R2: 0.7407
2026-02-27 11:28:12,037 - root - INFO - Epoch [416/10000],
2026-02-27 11:28:12,038 - root - INFO - Train Results | R²: 0.9964 | RMSE: 0.0578 | IC: 0.9982 | RankIC: 0.9957
2026-02-27 11:28:12,038 - root - INFO - Valid Results | R²: 0.7407 | RMSE: 0.5054 | IC: 0.9000 | RankIC: 0.8807
2026-02-27 11:28:12,070 - root - INFO - Epoch [417/10000],
2026-02-27 11:28:12,071 - root - INFO - Train Results | R²: 0.9968 | RMSE: 0.0548 | IC: 0.9984 | RankIC: 0.9964
2026-02-27 11:28:12,071 - root - INFO - Valid Results | R²: 0.7392 | RMSE: 0.5069 | IC: 0.8978 | RankIC: 0.8807
2026-02-27 11:28:12,101 - root - INFO - Epoch [418/10000],
2026-02-27 11:28:12,101 - root - INFO - Train Results | R²: 0.9972 | RMSE: 0.0515 | IC: 0.9986 | RankIC: 0.9964
2026-02-27 11:28:12,101 - root - INFO - Valid Results | R²: 0.7372 | RMSE: 0.5088 | IC: 0.8975 | RankIC: 0.8807
2026-02-27 11:28:12,131 - root - INFO - Epoch [419/10000],
2026-02-27 11:28:12,132 - root - INFO - Train Results | R²: 0.9959 | RMSE: 0.0623 | IC: 0.9979 | RankIC: 0.9960
2026-02-27 11:28:12,132 - root - INFO - Valid Results | R²: 0.7360 | RMSE: 0.5099 | IC: 0.8956 | RankIC: 0.8807
2026-02-27 11:28:12,164 - root - INFO - Epoch [420/10000],
2026-02-27 11:28:12,164 - root - INFO - Train Results | R²: 0.9970 | RMSE: 0.0535 | IC: 0.9985 | RankIC: 0.9960
2026-02-27 11:28:12,165 - root - INFO - Valid Results | R²: 0.7391 | RMSE: 0.5069 | IC: 0.8985 | RankIC: 0.8807
2026-02-27 11:28:12,195 - root - INFO - Epoch [421/10000],
2026-02-27 11:28:12,195 - root - INFO - Train Results | R²: 0.9966 | RMSE: 0.0568 | IC: 0.9983 | RankIC: 0.9974
2026-02-27 11:28:12,196 - root - INFO - Valid Results | R²: 0.7389 | RMSE: 0.5071 | IC: 0.8995 | RankIC: 0.8807
2026-02-27 11:28:12,229 - root - INFO - Epoch [422/10000],
2026-02-27 11:28:12,230 - root - INFO - Train Results | R²: 0.9960 | RMSE: 0.0616 | IC: 0.9981 | RankIC: 0.9962
2026-02-27 11:28:12,230 - root - INFO - Valid Results | R²: 0.7402 | RMSE: 0.5058 | IC: 0.8993 | RankIC: 0.8807
2026-02-27 11:28:12,262 - root - INFO - Epoch [423/10000],
2026-02-27 11:28:12,263 - root - INFO - Train Results | R²: 0.9966 | RMSE: 0.0564 | IC: 0.9983 | RankIC: 0.9972
2026-02-27 11:28:12,263 - root - INFO - Valid Results | R²: 0.7371 | RMSE: 0.5089 | IC: 0.8971 | RankIC: 0.8807
2026-02-27 11:28:12,294 - root - INFO - Epoch [424/10000],
2026-02-27 11:28:12,294 - root - INFO - Train Results | R²: 0.9966 | RMSE: 0.0566 | IC: 0.9983 | RankIC: 0.9957
2026-02-27 11:28:12,295 - root - INFO - Valid Results | R²: 0.7344 | RMSE: 0.5115 | IC: 0.8946 | RankIC: 0.8807
2026-02-27 11:28:12,326 - root - INFO - Epoch [425/10000],
2026-02-27 11:28:12,326 - root - INFO - Train Results | R²: 0.9958 | RMSE: 0.0625 | IC: 0.9979 | RankIC: 0.9955
2026-02-27 11:28:12,327 - root - INFO - Valid Results | R²: 0.7328 | RMSE: 0.5130 | IC: 0.8945 | RankIC: 0.8807
2026-02-27 11:28:12,357 - root - INFO - Epoch [426/10000],
2026-02-27 11:28:12,358 - root - INFO - Train Results | R²: 0.9970 | RMSE: 0.0532 | IC: 0.9985 | RankIC: 0.9967
2026-02-27 11:28:12,358 - root - INFO - Valid Results | R²: 0.7363 | RMSE: 0.5097 | IC: 0.8954 | RankIC: 0.8807
2026-02-27 11:28:12,388 - root - INFO - Epoch [427/10000],
2026-02-27 11:28:12,388 - root - INFO - Train Results | R²: 0.9962 | RMSE: 0.0595 | IC: 0.9981 | RankIC: 0.9960
2026-02-27 11:28:12,388 - root - INFO - Valid Results | R²: 0.7383 | RMSE: 0.5077 | IC: 0.8968 | RankIC: 0.8807
2026-02-27 11:28:12,418 - root - INFO - Epoch [428/10000],
2026-02-27 11:28:12,418 - root - INFO - Train Results | R²: 0.9970 | RMSE: 0.0534 | IC: 0.9985 | RankIC: 0.9948
2026-02-27 11:28:12,418 - root - INFO - Valid Results | R²: 0.7372 | RMSE: 0.5088 | IC: 0.8962 | RankIC: 0.8807
2026-02-27 11:28:12,462 - root - INFO - Epoch [429/10000],
2026-02-27 11:28:12,462 - root - INFO - Train Results | R²: 0.9965 | RMSE: 0.0570 | IC: 0.9983 | RankIC: 0.9957
2026-02-27 11:28:12,463 - root - INFO - Valid Results | R²: 0.7405 | RMSE: 0.5056 | IC: 0.8986 | RankIC: 0.8807
2026-02-27 11:28:12,493 - root - INFO - Epoch [430/10000],
2026-02-27 11:28:12,493 - root - INFO - Train Results | R²: 0.9966 | RMSE: 0.0564 | IC: 0.9983 | RankIC: 0.9960
2026-02-27 11:28:12,493 - root - INFO - Valid Results | R²: 0.7371 | RMSE: 0.5089 | IC: 0.8958 | RankIC: 0.8807
2026-02-27 11:28:12,524 - root - INFO - Epoch [431/10000],
2026-02-27 11:28:12,524 - root - INFO - Train Results | R²: 0.9967 | RMSE: 0.0555 | IC: 0.9984 | RankIC: 0.9953
2026-02-27 11:28:12,525 - root - INFO - Valid Results | R²: 0.7379 | RMSE: 0.5081 | IC: 0.8972 | RankIC: 0.8807
2026-02-27 11:28:12,552 - root - INFO - Epoch [432/10000],
2026-02-27 11:28:12,553 - root - INFO - Train Results | R²: 0.9968 | RMSE: 0.0546 | IC: 0.9984 | RankIC: 0.9969
2026-02-27 11:28:12,553 - root - INFO - Valid Results | R²: 0.7382 | RMSE: 0.5078 | IC: 0.8968 | RankIC: 0.8807
2026-02-27 11:28:12,593 - root - INFO - Epoch [433/10000],
2026-02-27 11:28:12,593 - root - INFO - Train Results | R²: 0.9958 | RMSE: 0.0626 | IC: 0.9979 | RankIC: 0.9962
2026-02-27 11:28:12,593 - root - INFO - Valid Results | R²: 0.7367 | RMSE: 0.5093 | IC: 0.8959 | RankIC: 0.8807
2026-02-27 11:28:12,625 - root - INFO - Epoch [434/10000],
2026-02-27 11:28:12,626 - root - INFO - Train Results | R²: 0.9967 | RMSE: 0.0554 | IC: 0.9984 | RankIC: 0.9983
2026-02-27 11:28:12,626 - root - INFO - Valid Results | R²: 0.7334 | RMSE: 0.5124 | IC: 0.8943 | RankIC: 0.8807
2026-02-27 11:28:12,656 - root - INFO - Epoch [435/10000],
2026-02-27 11:28:12,657 - root - INFO - Train Results | R²: 0.9973 | RMSE: 0.0506 | IC: 0.9986 | RankIC: 0.9969
2026-02-27 11:28:12,657 - root - INFO - Valid Results | R²: 0.7382 | RMSE: 0.5078 | IC: 0.8988 | RankIC: 0.8807
2026-02-27 11:28:12,690 - root - INFO - Epoch [436/10000],
2026-02-27 11:28:12,691 - root - INFO - Train Results | R²: 0.9964 | RMSE: 0.0578 | IC: 0.9982 | RankIC: 0.9957
2026-02-27 11:28:12,691 - root - INFO - Valid Results | R²: 0.7361 | RMSE: 0.5098 | IC: 0.8961 | RankIC: 0.8807
2026-02-27 11:28:12,726 - root - INFO - Epoch [437/10000],
2026-02-27 11:28:12,727 - root - INFO - Train Results | R²: 0.9963 | RMSE: 0.0589 | IC: 0.9982 | RankIC: 0.9953
2026-02-27 11:28:12,727 - root - INFO - Valid Results | R²: 0.7385 | RMSE: 0.5075 | IC: 0.8966 | RankIC: 0.8807
2026-02-27 11:28:12,762 - root - INFO - Epoch [438/10000],
2026-02-27 11:28:12,762 - root - INFO - Train Results | R²: 0.9972 | RMSE: 0.0516 | IC: 0.9987 | RankIC: 0.9981
2026-02-27 11:28:12,762 - root - INFO - Valid Results | R²: 0.7341 | RMSE: 0.5118 | IC: 0.8952 | RankIC: 0.8719
2026-02-27 11:28:12,795 - root - INFO - Epoch [439/10000],
2026-02-27 11:28:12,795 - root - INFO - Train Results | R²: 0.9970 | RMSE: 0.0529 | IC: 0.9985 | RankIC: 0.9972
2026-02-27 11:28:12,796 - root - INFO - Valid Results | R²: 0.7316 | RMSE: 0.5142 | IC: 0.8933 | RankIC: 0.8807
2026-02-27 11:28:12,831 - root - INFO - Epoch [440/10000],
2026-02-27 11:28:12,831 - root - INFO - Train Results | R²: 0.9972 | RMSE: 0.0512 | IC: 0.9987 | RankIC: 0.9974
2026-02-27 11:28:12,831 - root - INFO - Valid Results | R²: 0.7399 | RMSE: 0.5062 | IC: 0.8976 | RankIC: 0.8807
2026-02-27 11:28:12,865 - root - INFO - Epoch [441/10000],
2026-02-27 11:28:12,866 - root - INFO - Train Results | R²: 0.9972 | RMSE: 0.0512 | IC: 0.9986 | RankIC: 0.9960
2026-02-27 11:28:12,866 - root - INFO - Valid Results | R²: 0.7404 | RMSE: 0.5057 | IC: 0.8984 | RankIC: 0.8807
2026-02-27 11:28:12,902 - root - INFO - Epoch [442/10000],
2026-02-27 11:28:12,903 - root - INFO - Train Results | R²: 0.9970 | RMSE: 0.0529 | IC: 0.9985 | RankIC: 0.9969
2026-02-27 11:28:12,903 - root - INFO - Valid Results | R²: 0.7374 | RMSE: 0.5086 | IC: 0.8963 | RankIC: 0.8807
2026-02-27 11:28:12,935 - root - INFO - Epoch [443/10000],
2026-02-27 11:28:12,935 - root - INFO - Train Results | R²: 0.9969 | RMSE: 0.0537 | IC: 0.9985 | RankIC: 0.9960
2026-02-27 11:28:12,936 - root - INFO - Valid Results | R²: 0.7372 | RMSE: 0.5088 | IC: 0.8964 | RankIC: 0.8807
2026-02-27 11:28:12,978 - root - INFO - Epoch [444/10000],
2026-02-27 11:28:12,979 - root - INFO - Train Results | R²: 0.9973 | RMSE: 0.0502 | IC: 0.9987 | RankIC: 0.9976
2026-02-27 11:28:12,979 - root - INFO - Valid Results | R²: 0.7366 | RMSE: 0.5094 | IC: 0.8961 | RankIC: 0.8807
2026-02-27 11:28:13,012 - root - INFO - Epoch [445/10000],
2026-02-27 11:28:13,013 - root - INFO - Train Results | R²: 0.9969 | RMSE: 0.0537 | IC: 0.9985 | RankIC: 0.9986
2026-02-27 11:28:13,013 - root - INFO - Valid Results | R²: 0.7395 | RMSE: 0.5065 | IC: 0.8996 | RankIC: 0.8807
2026-02-27 11:28:13,045 - root - INFO - Epoch [446/10000],
2026-02-27 11:28:13,045 - root - INFO - Train Results | R²: 0.9970 | RMSE: 0.0528 | IC: 0.9985 | RankIC: 0.9979
2026-02-27 11:28:13,045 - root - INFO - Valid Results | R²: 0.7365 | RMSE: 0.5094 | IC: 0.8965 | RankIC: 0.8807
2026-02-27 11:28:13,088 - root - INFO - Best model saved at epoch 447 with validation R2: 0.7415
2026-02-27 11:28:13,088 - root - INFO - Epoch [447/10000],
2026-02-27 11:28:13,088 - root - INFO - Train Results | R²: 0.9975 | RMSE: 0.0487 | IC: 0.9988 | RankIC: 0.9974
2026-02-27 11:28:13,089 - root - INFO - Valid Results | R²: 0.7415 | RMSE: 0.5046 | IC: 0.8995 | RankIC: 0.8807
2026-02-27 11:28:13,117 - root - INFO - Epoch [448/10000],
2026-02-27 11:28:13,117 - root - INFO - Train Results | R²: 0.9975 | RMSE: 0.0487 | IC: 0.9988 | RankIC: 0.9986
2026-02-27 11:28:13,117 - root - INFO - Valid Results | R²: 0.7372 | RMSE: 0.5088 | IC: 0.8955 | RankIC: 0.8807
2026-02-27 11:28:13,146 - root - INFO - Epoch [449/10000],
2026-02-27 11:28:13,146 - root - INFO - Train Results | R²: 0.9970 | RMSE: 0.0527 | IC: 0.9985 | RankIC: 0.9983
2026-02-27 11:28:13,146 - root - INFO - Valid Results | R²: 0.7365 | RMSE: 0.5094 | IC: 0.8958 | RankIC: 0.8807
2026-02-27 11:28:13,177 - root - INFO - Best model saved at epoch 450 with validation R2: 0.7420
2026-02-27 11:28:13,177 - root - INFO - Epoch [450/10000],
2026-02-27 11:28:13,177 - root - INFO - Train Results | R²: 0.9972 | RMSE: 0.0513 | IC: 0.9986 | RankIC: 0.9969
2026-02-27 11:28:13,177 - root - INFO - Valid Results | R²: 0.7420 | RMSE: 0.5042 | IC: 0.8995 | RankIC: 0.8842
2026-02-27 11:28:13,207 - root - INFO - Epoch [451/10000],
2026-02-27 11:28:13,207 - root - INFO - Train Results | R²: 0.9972 | RMSE: 0.0510 | IC: 0.9986 | RankIC: 0.9974
2026-02-27 11:28:13,207 - root - INFO - Valid Results | R²: 0.7397 | RMSE: 0.5064 | IC: 0.8977 | RankIC: 0.8807
2026-02-27 11:28:13,238 - root - INFO - Epoch [452/10000],
2026-02-27 11:28:13,238 - root - INFO - Train Results | R²: 0.9976 | RMSE: 0.0477 | IC: 0.9988 | RankIC: 0.9983
2026-02-27 11:28:13,239 - root - INFO - Valid Results | R²: 0.7386 | RMSE: 0.5075 | IC: 0.8977 | RankIC: 0.8807
2026-02-27 11:28:13,268 - root - INFO - Epoch [453/10000],
2026-02-27 11:28:13,268 - root - INFO - Train Results | R²: 0.9968 | RMSE: 0.0551 | IC: 0.9984 | RankIC: 0.9988
2026-02-27 11:28:13,269 - root - INFO - Valid Results | R²: 0.7354 | RMSE: 0.5105 | IC: 0.8951 | RankIC: 0.8807
2026-02-27 11:28:13,297 - root - INFO - Epoch [454/10000],
2026-02-27 11:28:13,297 - root - INFO - Train Results | R²: 0.9976 | RMSE: 0.0477 | IC: 0.9988 | RankIC: 0.9967
2026-02-27 11:28:13,297 - root - INFO - Valid Results | R²: 0.7387 | RMSE: 0.5073 | IC: 0.8966 | RankIC: 0.8807
2026-02-27 11:28:13,325 - root - INFO - Epoch [455/10000],
2026-02-27 11:28:13,327 - root - INFO - Train Results | R²: 0.9972 | RMSE: 0.0512 | IC: 0.9986 | RankIC: 0.9981
2026-02-27 11:28:13,327 - root - INFO - Valid Results | R²: 0.7409 | RMSE: 0.5052 | IC: 0.8984 | RankIC: 0.8807
2026-02-27 11:28:13,359 - root - INFO - Epoch [456/10000],
2026-02-27 11:28:13,359 - root - INFO - Train Results | R²: 0.9977 | RMSE: 0.0462 | IC: 0.9989 | RankIC: 0.9983
2026-02-27 11:28:13,359 - root - INFO - Valid Results | R²: 0.7362 | RMSE: 0.5097 | IC: 0.8953 | RankIC: 0.8807
2026-02-27 11:28:13,388 - root - INFO - Epoch [457/10000],
2026-02-27 11:28:13,388 - root - INFO - Train Results | R²: 0.9971 | RMSE: 0.0522 | IC: 0.9986 | RankIC: 0.9976
2026-02-27 11:28:13,388 - root - INFO - Valid Results | R²: 0.7394 | RMSE: 0.5067 | IC: 0.8972 | RankIC: 0.8807
2026-02-27 11:28:13,421 - root - INFO - Epoch [458/10000],
2026-02-27 11:28:13,421 - root - INFO - Train Results | R²: 0.9974 | RMSE: 0.0494 | IC: 0.9988 | RankIC: 0.9981
2026-02-27 11:28:13,421 - root - INFO - Valid Results | R²: 0.7396 | RMSE: 0.5064 | IC: 0.8976 | RankIC: 0.8807
2026-02-27 11:28:13,450 - root - INFO - Epoch [459/10000],
2026-02-27 11:28:13,450 - root - INFO - Train Results | R²: 0.9976 | RMSE: 0.0470 | IC: 0.9988 | RankIC: 0.9972
2026-02-27 11:28:13,450 - root - INFO - Valid Results | R²: 0.7397 | RMSE: 0.5064 | IC: 0.8971 | RankIC: 0.8807
2026-02-27 11:28:13,488 - root - INFO - Epoch [460/10000],
2026-02-27 11:28:13,488 - root - INFO - Train Results | R²: 0.9969 | RMSE: 0.0535 | IC: 0.9985 | RankIC: 0.9969
2026-02-27 11:28:13,489 - root - INFO - Valid Results | R²: 0.7403 | RMSE: 0.5058 | IC: 0.8967 | RankIC: 0.8807
2026-02-27 11:28:13,519 - root - INFO - Epoch [461/10000],
2026-02-27 11:28:13,519 - root - INFO - Train Results | R²: 0.9973 | RMSE: 0.0506 | IC: 0.9987 | RankIC: 0.9962
2026-02-27 11:28:13,519 - root - INFO - Valid Results | R²: 0.7406 | RMSE: 0.5055 | IC: 0.8968 | RankIC: 0.8807
2026-02-27 11:28:13,548 - root - INFO - Epoch [462/10000],
2026-02-27 11:28:13,549 - root - INFO - Train Results | R²: 0.9983 | RMSE: 0.0401 | IC: 0.9991 | RankIC: 0.9967
2026-02-27 11:28:13,549 - root - INFO - Valid Results | R²: 0.7391 | RMSE: 0.5070 | IC: 0.8962 | RankIC: 0.8807
2026-02-27 11:28:13,576 - root - INFO - Epoch [463/10000],
2026-02-27 11:28:13,577 - root - INFO - Train Results | R²: 0.9983 | RMSE: 0.0397 | IC: 0.9992 | RankIC: 0.9983
2026-02-27 11:28:13,577 - root - INFO - Valid Results | R²: 0.7410 | RMSE: 0.5051 | IC: 0.8964 | RankIC: 0.8842
2026-02-27 11:28:13,606 - root - INFO - Epoch [464/10000],
2026-02-27 11:28:13,606 - root - INFO - Train Results | R²: 0.9981 | RMSE: 0.0419 | IC: 0.9991 | RankIC: 0.9988
2026-02-27 11:28:13,606 - root - INFO - Valid Results | R²: 0.7354 | RMSE: 0.5106 | IC: 0.8939 | RankIC: 0.8807
2026-02-27 11:28:13,634 - root - INFO - Epoch [465/10000],
2026-02-27 11:28:13,634 - root - INFO - Train Results | R²: 0.9969 | RMSE: 0.0535 | IC: 0.9985 | RankIC: 0.9979
2026-02-27 11:28:13,634 - root - INFO - Valid Results | R²: 0.7396 | RMSE: 0.5064 | IC: 0.8957 | RankIC: 0.8807
2026-02-27 11:28:13,667 - root - INFO - Best model saved at epoch 466 with validation R2: 0.7444
2026-02-27 11:28:13,667 - root - INFO - Epoch [466/10000],
2026-02-27 11:28:13,667 - root - INFO - Train Results | R²: 0.9975 | RMSE: 0.0485 | IC: 0.9988 | RankIC: 0.9967
2026-02-27 11:28:13,667 - root - INFO - Valid Results | R²: 0.7444 | RMSE: 0.5017 | IC: 0.8999 | RankIC: 0.8807
2026-02-27 11:28:13,703 - root - INFO - Epoch [467/10000],
2026-02-27 11:28:13,703 - root - INFO - Train Results | R²: 0.9982 | RMSE: 0.0410 | IC: 0.9991 | RankIC: 0.9983
2026-02-27 11:28:13,704 - root - INFO - Valid Results | R²: 0.7438 | RMSE: 0.5024 | IC: 0.8986 | RankIC: 0.8807
2026-02-27 11:28:13,735 - root - INFO - Epoch [468/10000],
2026-02-27 11:28:13,735 - root - INFO - Train Results | R²: 0.9979 | RMSE: 0.0445 | IC: 0.9990 | RankIC: 0.9983
2026-02-27 11:28:13,735 - root - INFO - Valid Results | R²: 0.7399 | RMSE: 0.5062 | IC: 0.8972 | RankIC: 0.8807
2026-02-27 11:28:13,765 - root - INFO - Epoch [469/10000],
2026-02-27 11:28:13,765 - root - INFO - Train Results | R²: 0.9978 | RMSE: 0.0453 | IC: 0.9989 | RankIC: 0.9983
2026-02-27 11:28:13,766 - root - INFO - Valid Results | R²: 0.7398 | RMSE: 0.5062 | IC: 0.8962 | RankIC: 0.8807
2026-02-27 11:28:13,794 - root - INFO - Epoch [470/10000],
2026-02-27 11:28:13,795 - root - INFO - Train Results | R²: 0.9977 | RMSE: 0.0467 | IC: 0.9988 | RankIC: 0.9981
2026-02-27 11:28:13,795 - root - INFO - Valid Results | R²: 0.7406 | RMSE: 0.5055 | IC: 0.8978 | RankIC: 0.8807
2026-02-27 11:28:13,826 - root - INFO - Epoch [471/10000],
2026-02-27 11:28:13,826 - root - INFO - Train Results | R²: 0.9976 | RMSE: 0.0476 | IC: 0.9988 | RankIC: 0.9969
2026-02-27 11:28:13,826 - root - INFO - Valid Results | R²: 0.7407 | RMSE: 0.5054 | IC: 0.8969 | RankIC: 0.8807
2026-02-27 11:28:13,857 - root - INFO - Epoch [472/10000],
2026-02-27 11:28:13,858 - root - INFO - Train Results | R²: 0.9978 | RMSE: 0.0455 | IC: 0.9989 | RankIC: 0.9969
2026-02-27 11:28:13,858 - root - INFO - Valid Results | R²: 0.7401 | RMSE: 0.5060 | IC: 0.8973 | RankIC: 0.8807
2026-02-27 11:28:13,890 - root - INFO - Epoch [473/10000],
2026-02-27 11:28:13,891 - root - INFO - Train Results | R²: 0.9982 | RMSE: 0.0407 | IC: 0.9991 | RankIC: 0.9979
2026-02-27 11:28:13,891 - root - INFO - Valid Results | R²: 0.7424 | RMSE: 0.5038 | IC: 0.8989 | RankIC: 0.8807
2026-02-27 11:28:13,920 - root - INFO - Epoch [474/10000],
2026-02-27 11:28:13,920 - root - INFO - Train Results | R²: 0.9982 | RMSE: 0.0409 | IC: 0.9991 | RankIC: 0.9983
2026-02-27 11:28:13,920 - root - INFO - Valid Results | R²: 0.7402 | RMSE: 0.5059 | IC: 0.8970 | RankIC: 0.8807
2026-02-27 11:28:13,951 - root - INFO - Epoch [475/10000],
2026-02-27 11:28:13,951 - root - INFO - Train Results | R²: 0.9983 | RMSE: 0.0395 | IC: 0.9992 | RankIC: 0.9988
2026-02-27 11:28:13,951 - root - INFO - Valid Results | R²: 0.7415 | RMSE: 0.5046 | IC: 0.8976 | RankIC: 0.8807
2026-02-27 11:28:13,988 - root - INFO - Epoch [476/10000],
2026-02-27 11:28:13,988 - root - INFO - Train Results | R²: 0.9983 | RMSE: 0.0399 | IC: 0.9992 | RankIC: 0.9983
2026-02-27 11:28:13,988 - root - INFO - Valid Results | R²: 0.7400 | RMSE: 0.5061 | IC: 0.8971 | RankIC: 0.8807
2026-02-27 11:28:14,016 - root - INFO - Epoch [477/10000],
2026-02-27 11:28:14,016 - root - INFO - Train Results | R²: 0.9980 | RMSE: 0.0430 | IC: 0.9991 | RankIC: 0.9993
2026-02-27 11:28:14,016 - root - INFO - Valid Results | R²: 0.7406 | RMSE: 0.5055 | IC: 0.8967 | RankIC: 0.8807
2026-02-27 11:28:14,045 - root - INFO - Epoch [478/10000],
2026-02-27 11:28:14,045 - root - INFO - Train Results | R²: 0.9983 | RMSE: 0.0394 | IC: 0.9992 | RankIC: 0.9986
2026-02-27 11:28:14,046 - root - INFO - Valid Results | R²: 0.7405 | RMSE: 0.5056 | IC: 0.8972 | RankIC: 0.8807
2026-02-27 11:28:14,075 - root - INFO - Epoch [479/10000],
2026-02-27 11:28:14,076 - root - INFO - Train Results | R²: 0.9980 | RMSE: 0.0435 | IC: 0.9990 | RankIC: 0.9969
2026-02-27 11:28:14,076 - root - INFO - Valid Results | R²: 0.7420 | RMSE: 0.5042 | IC: 0.8980 | RankIC: 0.8807
2026-02-27 11:28:14,105 - root - INFO - Epoch [480/10000],
2026-02-27 11:28:14,105 - root - INFO - Train Results | R²: 0.9984 | RMSE: 0.0382 | IC: 0.9992 | RankIC: 0.9974
2026-02-27 11:28:14,106 - root - INFO - Valid Results | R²: 0.7378 | RMSE: 0.5082 | IC: 0.8944 | RankIC: 0.8807
2026-02-27 11:28:14,141 - root - INFO - Epoch [481/10000],
2026-02-27 11:28:14,141 - root - INFO - Train Results | R²: 0.9977 | RMSE: 0.0464 | IC: 0.9989 | RankIC: 0.9983
2026-02-27 11:28:14,141 - root - INFO - Valid Results | R²: 0.7382 | RMSE: 0.5079 | IC: 0.8950 | RankIC: 0.8807
2026-02-27 11:28:14,170 - root - INFO - Epoch [482/10000],
2026-02-27 11:28:14,170 - root - INFO - Train Results | R²: 0.9985 | RMSE: 0.0376 | IC: 0.9993 | RankIC: 0.9976
2026-02-27 11:28:14,170 - root - INFO - Valid Results | R²: 0.7384 | RMSE: 0.5077 | IC: 0.8959 | RankIC: 0.8842
2026-02-27 11:28:14,200 - root - INFO - Epoch [483/10000],
2026-02-27 11:28:14,200 - root - INFO - Train Results | R²: 0.9977 | RMSE: 0.0462 | IC: 0.9989 | RankIC: 0.9983
2026-02-27 11:28:14,200 - root - INFO - Valid Results | R²: 0.7379 | RMSE: 0.5081 | IC: 0.8950 | RankIC: 0.8807
2026-02-27 11:28:14,229 - root - INFO - Epoch [484/10000],
2026-02-27 11:28:14,229 - root - INFO - Train Results | R²: 0.9976 | RMSE: 0.0476 | IC: 0.9988 | RankIC: 0.9981
2026-02-27 11:28:14,229 - root - INFO - Valid Results | R²: 0.7362 | RMSE: 0.5097 | IC: 0.8939 | RankIC: 0.8807
2026-02-27 11:28:14,260 - root - INFO - Epoch [485/10000],
2026-02-27 11:28:14,260 - root - INFO - Train Results | R²: 0.9985 | RMSE: 0.0380 | IC: 0.9992 | RankIC: 0.9986
2026-02-27 11:28:14,261 - root - INFO - Valid Results | R²: 0.7398 | RMSE: 0.5063 | IC: 0.8967 | RankIC: 0.8807
2026-02-27 11:28:14,293 - root - INFO - Epoch [486/10000],
2026-02-27 11:28:14,293 - root - INFO - Train Results | R²: 0.9987 | RMSE: 0.0343 | IC: 0.9994 | RankIC: 0.9983
2026-02-27 11:28:14,293 - root - INFO - Valid Results | R²: 0.7393 | RMSE: 0.5068 | IC: 0.8961 | RankIC: 0.8842
2026-02-27 11:28:14,323 - root - INFO - Epoch [487/10000],
2026-02-27 11:28:14,323 - root - INFO - Train Results | R²: 0.9983 | RMSE: 0.0403 | IC: 0.9991 | RankIC: 0.9983
2026-02-27 11:28:14,323 - root - INFO - Valid Results | R²: 0.7433 | RMSE: 0.5029 | IC: 0.8973 | RankIC: 0.8807
2026-02-27 11:28:14,358 - root - INFO - Epoch [488/10000],
2026-02-27 11:28:14,359 - root - INFO - Train Results | R²: 0.9982 | RMSE: 0.0412 | IC: 0.9991 | RankIC: 0.9972
2026-02-27 11:28:14,359 - root - INFO - Valid Results | R²: 0.7396 | RMSE: 0.5065 | IC: 0.8966 | RankIC: 0.8807
2026-02-27 11:28:14,387 - root - INFO - Epoch [489/10000],
2026-02-27 11:28:14,387 - root - INFO - Train Results | R²: 0.9978 | RMSE: 0.0459 | IC: 0.9989 | RankIC: 0.9974
2026-02-27 11:28:14,388 - root - INFO - Valid Results | R²: 0.7381 | RMSE: 0.5079 | IC: 0.8947 | RankIC: 0.8842
2026-02-27 11:28:14,415 - root - INFO - Epoch [490/10000],
2026-02-27 11:28:14,416 - root - INFO - Train Results | R²: 0.9984 | RMSE: 0.0386 | IC: 0.9992 | RankIC: 0.9976
2026-02-27 11:28:14,416 - root - INFO - Valid Results | R²: 0.7431 | RMSE: 0.5031 | IC: 0.8982 | RankIC: 0.8807
2026-02-27 11:28:14,445 - root - INFO - Epoch [491/10000],
2026-02-27 11:28:14,447 - root - INFO - Train Results | R²: 0.9977 | RMSE: 0.0462 | IC: 0.9989 | RankIC: 0.9957
2026-02-27 11:28:14,447 - root - INFO - Valid Results | R²: 0.7443 | RMSE: 0.5019 | IC: 0.8981 | RankIC: 0.8807
2026-02-27 11:28:14,494 - root - INFO - Best model saved at epoch 492 with validation R2: 0.7446
2026-02-27 11:28:14,494 - root - INFO - Epoch [492/10000],
2026-02-27 11:28:14,495 - root - INFO - Train Results | R²: 0.9977 | RMSE: 0.0468 | IC: 0.9989 | RankIC: 0.9981
2026-02-27 11:28:14,495 - root - INFO - Valid Results | R²: 0.7446 | RMSE: 0.5015 | IC: 0.8984 | RankIC: 0.8807
2026-02-27 11:28:14,526 - root - INFO - Epoch [493/10000],
2026-02-27 11:28:14,527 - root - INFO - Train Results | R²: 0.9988 | RMSE: 0.0336 | IC: 0.9994 | RankIC: 0.9991
2026-02-27 11:28:14,527 - root - INFO - Valid Results | R²: 0.7425 | RMSE: 0.5036 | IC: 0.8971 | RankIC: 0.8807
2026-02-27 11:28:14,557 - root - INFO - Epoch [494/10000],
2026-02-27 11:28:14,557 - root - INFO - Train Results | R²: 0.9981 | RMSE: 0.0422 | IC: 0.9991 | RankIC: 0.9983
2026-02-27 11:28:14,557 - root - INFO - Valid Results | R²: 0.7441 | RMSE: 0.5021 | IC: 0.8983 | RankIC: 0.8842
2026-02-27 11:28:14,588 - root - INFO - Epoch [495/10000],
2026-02-27 11:28:14,588 - root - INFO - Train Results | R²: 0.9986 | RMSE: 0.0363 | IC: 0.9993 | RankIC: 0.9976
2026-02-27 11:28:14,588 - root - INFO - Valid Results | R²: 0.7425 | RMSE: 0.5037 | IC: 0.8969 | RankIC: 0.8807
2026-02-27 11:28:14,628 - root - INFO - Epoch [496/10000],
2026-02-27 11:28:14,628 - root - INFO - Train Results | R²: 0.9975 | RMSE: 0.0489 | IC: 0.9987 | RankIC: 0.9979
2026-02-27 11:28:14,629 - root - INFO - Valid Results | R²: 0.7406 | RMSE: 0.5055 | IC: 0.8977 | RankIC: 0.8807
2026-02-27 11:28:14,660 - root - INFO - Epoch [497/10000],
2026-02-27 11:28:14,661 - root - INFO - Train Results | R²: 0.9983 | RMSE: 0.0401 | IC: 0.9992 | RankIC: 0.9988
2026-02-27 11:28:14,661 - root - INFO - Valid Results | R²: 0.7401 | RMSE: 0.5060 | IC: 0.8963 | RankIC: 0.8807
2026-02-27 11:28:14,695 - root - INFO - Epoch [498/10000],
2026-02-27 11:28:14,695 - root - INFO - Train Results | R²: 0.9984 | RMSE: 0.0389 | IC: 0.9992 | RankIC: 0.9983
2026-02-27 11:28:14,695 - root - INFO - Valid Results | R²: 0.7429 | RMSE: 0.5033 | IC: 0.8981 | RankIC: 0.8807
2026-02-27 11:28:14,724 - root - INFO - Epoch [499/10000],
2026-02-27 11:28:14,725 - root - INFO - Train Results | R²: 0.9981 | RMSE: 0.0427 | IC: 0.9990 | RankIC: 0.9991
2026-02-27 11:28:14,725 - root - INFO - Valid Results | R²: 0.7394 | RMSE: 0.5067 | IC: 0.8958 | RankIC: 0.8842
2026-02-27 11:28:14,753 - root - INFO - Epoch [500/10000],
2026-02-27 11:28:14,753 - root - INFO - Train Results | R²: 0.9983 | RMSE: 0.0397 | IC: 0.9992 | RankIC: 0.9986
2026-02-27 11:28:14,753 - root - INFO - Valid Results | R²: 0.7402 | RMSE: 0.5059 | IC: 0.8951 | RankIC: 0.8807
2026-02-27 11:28:14,791 - root - INFO - Best model saved at epoch 501 with validation R2: 0.7482
2026-02-27 11:28:14,791 - root - INFO - Epoch [501/10000],
2026-02-27 11:28:14,792 - root - INFO - Train Results | R²: 0.9985 | RMSE: 0.0376 | IC: 0.9992 | RankIC: 0.9981
2026-02-27 11:28:14,792 - root - INFO - Valid Results | R²: 0.7482 | RMSE: 0.4980 | IC: 0.9001 | RankIC: 0.8807
2026-02-27 11:28:14,820 - root - INFO - Epoch [502/10000],
2026-02-27 11:28:14,821 - root - INFO - Train Results | R²: 0.9983 | RMSE: 0.0396 | IC: 0.9992 | RankIC: 0.9976
2026-02-27 11:28:14,821 - root - INFO - Valid Results | R²: 0.7470 | RMSE: 0.4992 | IC: 0.8987 | RankIC: 0.8807
2026-02-27 11:28:14,849 - root - INFO - Epoch [503/10000],
2026-02-27 11:28:14,850 - root - INFO - Train Results | R²: 0.9980 | RMSE: 0.0434 | IC: 0.9990 | RankIC: 0.9979
2026-02-27 11:28:14,850 - root - INFO - Valid Results | R²: 0.7411 | RMSE: 0.5050 | IC: 0.8952 | RankIC: 0.8842
2026-02-27 11:28:14,880 - root - INFO - Epoch [504/10000],
2026-02-27 11:28:14,880 - root - INFO - Train Results | R²: 0.9983 | RMSE: 0.0401 | IC: 0.9992 | RankIC: 0.9991
2026-02-27 11:28:14,880 - root - INFO - Valid Results | R²: 0.7416 | RMSE: 0.5045 | IC: 0.8960 | RankIC: 0.8807
2026-02-27 11:28:14,917 - root - INFO - Epoch [505/10000],
2026-02-27 11:28:14,917 - root - INFO - Train Results | R²: 0.9990 | RMSE: 0.0300 | IC: 0.9995 | RankIC: 0.9993
2026-02-27 11:28:14,917 - root - INFO - Valid Results | R²: 0.7414 | RMSE: 0.5048 | IC: 0.8953 | RankIC: 0.8807
2026-02-27 11:28:14,951 - root - INFO - Epoch [506/10000],
2026-02-27 11:28:14,952 - root - INFO - Train Results | R²: 0.9983 | RMSE: 0.0397 | IC: 0.9992 | RankIC: 0.9983
2026-02-27 11:28:14,952 - root - INFO - Valid Results | R²: 0.7385 | RMSE: 0.5075 | IC: 0.8949 | RankIC: 0.8807
2026-02-27 11:28:14,991 - root - INFO - Epoch [507/10000],
2026-02-27 11:28:14,992 - root - INFO - Train Results | R²: 0.9989 | RMSE: 0.0315 | IC: 0.9995 | RankIC: 0.9991
2026-02-27 11:28:14,992 - root - INFO - Valid Results | R²: 0.7378 | RMSE: 0.5083 | IC: 0.8942 | RankIC: 0.8807
2026-02-27 11:28:15,031 - root - INFO - Epoch [508/10000],
2026-02-27 11:28:15,031 - root - INFO - Train Results | R²: 0.9987 | RMSE: 0.0350 | IC: 0.9994 | RankIC: 0.9986
2026-02-27 11:28:15,032 - root - INFO - Valid Results | R²: 0.7404 | RMSE: 0.5057 | IC: 0.8966 | RankIC: 0.8807
2026-02-27 11:28:15,060 - root - INFO - Epoch [509/10000],
2026-02-27 11:28:15,060 - root - INFO - Train Results | R²: 0.9984 | RMSE: 0.0382 | IC: 0.9992 | RankIC: 0.9986
2026-02-27 11:28:15,061 - root - INFO - Valid Results | R²: 0.7454 | RMSE: 0.5008 | IC: 0.8994 | RankIC: 0.8807
2026-02-27 11:28:15,091 - root - INFO - Epoch [510/10000],
2026-02-27 11:28:15,092 - root - INFO - Train Results | R²: 0.9986 | RMSE: 0.0361 | IC: 0.9993 | RankIC: 0.9974
2026-02-27 11:28:15,092 - root - INFO - Valid Results | R²: 0.7400 | RMSE: 0.5061 | IC: 0.8960 | RankIC: 0.8807
2026-02-27 11:28:15,126 - root - INFO - Best model saved at epoch 511 with validation R2: 0.7485
2026-02-27 11:28:15,126 - root - INFO - Epoch [511/10000],
2026-02-27 11:28:15,127 - root - INFO - Train Results | R²: 0.9986 | RMSE: 0.0359 | IC: 0.9993 | RankIC: 0.9991
2026-02-27 11:28:15,127 - root - INFO - Valid Results | R²: 0.7485 | RMSE: 0.4977 | IC: 0.9003 | RankIC: 0.8807
2026-02-27 11:28:15,155 - root - INFO - Epoch [512/10000],
2026-02-27 11:28:15,155 - root - INFO - Train Results | R²: 0.9982 | RMSE: 0.0414 | IC: 0.9991 | RankIC: 0.9988
2026-02-27 11:28:15,156 - root - INFO - Valid Results | R²: 0.7429 | RMSE: 0.5033 | IC: 0.8964 | RankIC: 0.8807
2026-02-27 11:28:15,189 - root - INFO - Epoch [513/10000],
2026-02-27 11:28:15,190 - root - INFO - Train Results | R²: 0.9983 | RMSE: 0.0397 | IC: 0.9992 | RankIC: 0.9986
2026-02-27 11:28:15,190 - root - INFO - Valid Results | R²: 0.7423 | RMSE: 0.5038 | IC: 0.8956 | RankIC: 0.8807
2026-02-27 11:28:15,224 - root - INFO - Epoch [514/10000],
2026-02-27 11:28:15,225 - root - INFO - Train Results | R²: 0.9989 | RMSE: 0.0323 | IC: 0.9995 | RankIC: 0.9986
2026-02-27 11:28:15,225 - root - INFO - Valid Results | R²: 0.7424 | RMSE: 0.5037 | IC: 0.8965 | RankIC: 0.8807
2026-02-27 11:28:15,253 - root - INFO - Epoch [515/10000],
2026-02-27 11:28:15,253 - root - INFO - Train Results | R²: 0.9989 | RMSE: 0.0320 | IC: 0.9995 | RankIC: 0.9986
2026-02-27 11:28:15,253 - root - INFO - Valid Results | R²: 0.7433 | RMSE: 0.5029 | IC: 0.8961 | RankIC: 0.8807
2026-02-27 11:28:15,281 - root - INFO - Epoch [516/10000],
2026-02-27 11:28:15,281 - root - INFO - Train Results | R²: 0.9988 | RMSE: 0.0339 | IC: 0.9994 | RankIC: 0.9983
2026-02-27 11:28:15,281 - root - INFO - Valid Results | R²: 0.7408 | RMSE: 0.5053 | IC: 0.8953 | RankIC: 0.8807
2026-02-27 11:28:15,310 - root - INFO - Epoch [517/10000],
2026-02-27 11:28:15,310 - root - INFO - Train Results | R²: 0.9988 | RMSE: 0.0338 | IC: 0.9994 | RankIC: 0.9988
2026-02-27 11:28:15,310 - root - INFO - Valid Results | R²: 0.7391 | RMSE: 0.5070 | IC: 0.8940 | RankIC: 0.8807
2026-02-27 11:28:15,342 - root - INFO - Epoch [518/10000],
2026-02-27 11:28:15,344 - root - INFO - Train Results | R²: 0.9989 | RMSE: 0.0323 | IC: 0.9995 | RankIC: 0.9983
2026-02-27 11:28:15,344 - root - INFO - Valid Results | R²: 0.7437 | RMSE: 0.5024 | IC: 0.8971 | RankIC: 0.8807
2026-02-27 11:28:15,376 - root - INFO - Epoch [519/10000],
2026-02-27 11:28:15,376 - root - INFO - Train Results | R²: 0.9990 | RMSE: 0.0313 | IC: 0.9995 | RankIC: 0.9983
2026-02-27 11:28:15,377 - root - INFO - Valid Results | R²: 0.7430 | RMSE: 0.5031 | IC: 0.8961 | RankIC: 0.8807
2026-02-27 11:28:15,407 - root - INFO - Epoch [520/10000],
2026-02-27 11:28:15,408 - root - INFO - Train Results | R²: 0.9991 | RMSE: 0.0297 | IC: 0.9995 | RankIC: 0.9988
2026-02-27 11:28:15,408 - root - INFO - Valid Results | R²: 0.7421 | RMSE: 0.5041 | IC: 0.8950 | RankIC: 0.8807
2026-02-27 11:28:15,442 - root - INFO - Epoch [521/10000],
2026-02-27 11:28:15,442 - root - INFO - Train Results | R²: 0.9990 | RMSE: 0.0301 | IC: 0.9995 | RankIC: 0.9979
2026-02-27 11:28:15,442 - root - INFO - Valid Results | R²: 0.7407 | RMSE: 0.5054 | IC: 0.8946 | RankIC: 0.8807
2026-02-27 11:28:15,473 - root - INFO - Epoch [522/10000],
2026-02-27 11:28:15,474 - root - INFO - Train Results | R²: 0.9987 | RMSE: 0.0348 | IC: 0.9994 | RankIC: 0.9983
2026-02-27 11:28:15,474 - root - INFO - Valid Results | R²: 0.7421 | RMSE: 0.5040 | IC: 0.8961 | RankIC: 0.8842
2026-02-27 11:28:15,504 - root - INFO - Epoch [523/10000],
2026-02-27 11:28:15,505 - root - INFO - Train Results | R²: 0.9989 | RMSE: 0.0322 | IC: 0.9995 | RankIC: 0.9991
2026-02-27 11:28:15,505 - root - INFO - Valid Results | R²: 0.7427 | RMSE: 0.5034 | IC: 0.8970 | RankIC: 0.8807
2026-02-27 11:28:15,541 - root - INFO - Epoch [524/10000],
2026-02-27 11:28:15,542 - root - INFO - Train Results | R²: 0.9989 | RMSE: 0.0324 | IC: 0.9994 | RankIC: 0.9986
2026-02-27 11:28:15,542 - root - INFO - Valid Results | R²: 0.7442 | RMSE: 0.5020 | IC: 0.8956 | RankIC: 0.8807
2026-02-27 11:28:15,570 - root - INFO - Epoch [525/10000],
2026-02-27 11:28:15,571 - root - INFO - Train Results | R²: 0.9988 | RMSE: 0.0342 | IC: 0.9994 | RankIC: 0.9983
2026-02-27 11:28:15,571 - root - INFO - Valid Results | R²: 0.7433 | RMSE: 0.5029 | IC: 0.8961 | RankIC: 0.8807
2026-02-27 11:28:15,600 - root - INFO - Epoch [526/10000],
2026-02-27 11:28:15,601 - root - INFO - Train Results | R²: 0.9989 | RMSE: 0.0320 | IC: 0.9995 | RankIC: 0.9991
2026-02-27 11:28:15,601 - root - INFO - Valid Results | R²: 0.7423 | RMSE: 0.5038 | IC: 0.8959 | RankIC: 0.8807
2026-02-27 11:28:15,628 - root - INFO - Epoch [527/10000],
2026-02-27 11:28:15,628 - root - INFO - Train Results | R²: 0.9989 | RMSE: 0.0320 | IC: 0.9995 | RankIC: 0.9988
2026-02-27 11:28:15,629 - root - INFO - Valid Results | R²: 0.7432 | RMSE: 0.5030 | IC: 0.8951 | RankIC: 0.8807
2026-02-27 11:28:15,663 - root - INFO - Best model saved at epoch 528 with validation R2: 0.7487
2026-02-27 11:28:15,663 - root - INFO - Epoch [528/10000],
2026-02-27 11:28:15,663 - root - INFO - Train Results | R²: 0.9990 | RMSE: 0.0307 | IC: 0.9995 | RankIC: 0.9981
2026-02-27 11:28:15,663 - root - INFO - Valid Results | R²: 0.7487 | RMSE: 0.4976 | IC: 0.8995 | RankIC: 0.8807
2026-02-27 11:28:15,693 - root - INFO - Epoch [529/10000],
2026-02-27 11:28:15,693 - root - INFO - Train Results | R²: 0.9987 | RMSE: 0.0347 | IC: 0.9994 | RankIC: 0.9983
2026-02-27 11:28:15,693 - root - INFO - Valid Results | R²: 0.7430 | RMSE: 0.5031 | IC: 0.8963 | RankIC: 0.8807
2026-02-27 11:28:15,728 - root - INFO - Epoch [530/10000],
2026-02-27 11:28:15,728 - root - INFO - Train Results | R²: 0.9987 | RMSE: 0.0345 | IC: 0.9994 | RankIC: 0.9986
2026-02-27 11:28:15,728 - root - INFO - Valid Results | R²: 0.7393 | RMSE: 0.5067 | IC: 0.8946 | RankIC: 0.8807
2026-02-27 11:28:15,756 - root - INFO - Epoch [531/10000],
2026-02-27 11:28:15,756 - root - INFO - Train Results | R²: 0.9990 | RMSE: 0.0308 | IC: 0.9995 | RankIC: 0.9986
2026-02-27 11:28:15,756 - root - INFO - Valid Results | R²: 0.7421 | RMSE: 0.5040 | IC: 0.8964 | RankIC: 0.8807
2026-02-27 11:28:15,799 - root - INFO - Epoch [532/10000],
2026-02-27 11:28:15,799 - root - INFO - Train Results | R²: 0.9991 | RMSE: 0.0296 | IC: 0.9995 | RankIC: 0.9988
2026-02-27 11:28:15,800 - root - INFO - Valid Results | R²: 0.7396 | RMSE: 0.5065 | IC: 0.8956 | RankIC: 0.8807
2026-02-27 11:28:15,830 - root - INFO - Epoch [533/10000],
2026-02-27 11:28:15,830 - root - INFO - Train Results | R²: 0.9989 | RMSE: 0.0320 | IC: 0.9995 | RankIC: 0.9981
2026-02-27 11:28:15,831 - root - INFO - Valid Results | R²: 0.7384 | RMSE: 0.5076 | IC: 0.8948 | RankIC: 0.8807
2026-02-27 11:28:15,860 - root - INFO - Epoch [534/10000],
2026-02-27 11:28:15,861 - root - INFO - Train Results | R²: 0.9990 | RMSE: 0.0309 | IC: 0.9995 | RankIC: 0.9986
2026-02-27 11:28:15,861 - root - INFO - Valid Results | R²: 0.7384 | RMSE: 0.5077 | IC: 0.8948 | RankIC: 0.8807
2026-02-27 11:28:15,889 - root - INFO - Epoch [535/10000],
2026-02-27 11:28:15,889 - root - INFO - Train Results | R²: 0.9989 | RMSE: 0.0315 | IC: 0.9995 | RankIC: 0.9991
2026-02-27 11:28:15,889 - root - INFO - Valid Results | R²: 0.7413 | RMSE: 0.5048 | IC: 0.8956 | RankIC: 0.8807
2026-02-27 11:28:15,921 - root - INFO - Epoch [536/10000],
2026-02-27 11:28:15,922 - root - INFO - Train Results | R²: 0.9987 | RMSE: 0.0347 | IC: 0.9994 | RankIC: 0.9986
2026-02-27 11:28:15,922 - root - INFO - Valid Results | R²: 0.7388 | RMSE: 0.5072 | IC: 0.8949 | RankIC: 0.8807
2026-02-27 11:28:15,955 - root - INFO - Epoch [537/10000],
2026-02-27 11:28:15,955 - root - INFO - Train Results | R²: 0.9988 | RMSE: 0.0338 | IC: 0.9994 | RankIC: 0.9991
2026-02-27 11:28:15,955 - root - INFO - Valid Results | R²: 0.7419 | RMSE: 0.5042 | IC: 0.8951 | RankIC: 0.8807
2026-02-27 11:28:15,991 - root - INFO - Epoch [538/10000],
2026-02-27 11:28:15,992 - root - INFO - Train Results | R²: 0.9992 | RMSE: 0.0280 | IC: 0.9996 | RankIC: 0.9983
2026-02-27 11:28:15,992 - root - INFO - Valid Results | R²: 0.7456 | RMSE: 0.5006 | IC: 0.8966 | RankIC: 0.8807
2026-02-27 11:28:16,025 - root - INFO - Epoch [539/10000],
2026-02-27 11:28:16,026 - root - INFO - Train Results | R²: 0.9992 | RMSE: 0.0273 | IC: 0.9996 | RankIC: 0.9993
2026-02-27 11:28:16,026 - root - INFO - Valid Results | R²: 0.7448 | RMSE: 0.5014 | IC: 0.8957 | RankIC: 0.8807
2026-02-27 11:28:16,060 - root - INFO - Epoch [540/10000],
2026-02-27 11:28:16,061 - root - INFO - Train Results | R²: 0.9985 | RMSE: 0.0377 | IC: 0.9993 | RankIC: 0.9981
2026-02-27 11:28:16,061 - root - INFO - Valid Results | R²: 0.7471 | RMSE: 0.4991 | IC: 0.8990 | RankIC: 0.8842
2026-02-27 11:28:16,092 - root - INFO - Epoch [541/10000],
2026-02-27 11:28:16,093 - root - INFO - Train Results | R²: 0.9989 | RMSE: 0.0328 | IC: 0.9994 | RankIC: 0.9988
2026-02-27 11:28:16,093 - root - INFO - Valid Results | R²: 0.7471 | RMSE: 0.4991 | IC: 0.8977 | RankIC: 0.8807
2026-02-27 11:28:16,125 - root - INFO - Epoch [542/10000],
2026-02-27 11:28:16,125 - root - INFO - Train Results | R²: 0.9990 | RMSE: 0.0311 | IC: 0.9995 | RankIC: 0.9979
2026-02-27 11:28:16,126 - root - INFO - Valid Results | R²: 0.7423 | RMSE: 0.5038 | IC: 0.8956 | RankIC: 0.8807
2026-02-27 11:28:16,157 - root - INFO - Epoch [543/10000],
2026-02-27 11:28:16,158 - root - INFO - Train Results | R²: 0.9992 | RMSE: 0.0273 | IC: 0.9996 | RankIC: 0.9986
2026-02-27 11:28:16,158 - root - INFO - Valid Results | R²: 0.7454 | RMSE: 0.5008 | IC: 0.8973 | RankIC: 0.8807
2026-02-27 11:28:16,185 - root - INFO - Epoch [544/10000],
2026-02-27 11:28:16,185 - root - INFO - Train Results | R²: 0.9990 | RMSE: 0.0312 | IC: 0.9995 | RankIC: 0.9991
2026-02-27 11:28:16,185 - root - INFO - Valid Results | R²: 0.7416 | RMSE: 0.5045 | IC: 0.8960 | RankIC: 0.8807
2026-02-27 11:28:16,215 - root - INFO - Epoch [545/10000],
2026-02-27 11:28:16,215 - root - INFO - Train Results | R²: 0.9989 | RMSE: 0.0319 | IC: 0.9995 | RankIC: 0.9988
2026-02-27 11:28:16,215 - root - INFO - Valid Results | R²: 0.7396 | RMSE: 0.5065 | IC: 0.8936 | RankIC: 0.8807
2026-02-27 11:28:16,242 - root - INFO - Epoch [546/10000],
2026-02-27 11:28:16,243 - root - INFO - Train Results | R²: 0.9989 | RMSE: 0.0320 | IC: 0.9995 | RankIC: 0.9988
2026-02-27 11:28:16,243 - root - INFO - Valid Results | R²: 0.7423 | RMSE: 0.5038 | IC: 0.8960 | RankIC: 0.8807
2026-02-27 11:28:16,274 - root - INFO - Epoch [547/10000],
2026-02-27 11:28:16,275 - root - INFO - Train Results | R²: 0.9994 | RMSE: 0.0241 | IC: 0.9997 | RankIC: 0.9991
2026-02-27 11:28:16,275 - root - INFO - Valid Results | R²: 0.7376 | RMSE: 0.5084 | IC: 0.8927 | RankIC: 0.8807
2026-02-27 11:28:16,307 - root - INFO - Epoch [548/10000],
2026-02-27 11:28:16,308 - root - INFO - Train Results | R²: 0.9989 | RMSE: 0.0314 | IC: 0.9995 | RankIC: 0.9986
2026-02-27 11:28:16,308 - root - INFO - Valid Results | R²: 0.7486 | RMSE: 0.4976 | IC: 0.8994 | RankIC: 0.8807
2026-02-27 11:28:16,335 - root - INFO - Epoch [549/10000],
2026-02-27 11:28:16,335 - root - INFO - Train Results | R²: 0.9988 | RMSE: 0.0333 | IC: 0.9994 | RankIC: 0.9981
2026-02-27 11:28:16,335 - root - INFO - Valid Results | R²: 0.7417 | RMSE: 0.5044 | IC: 0.8940 | RankIC: 0.8807
2026-02-27 11:28:16,367 - root - INFO - Epoch [550/10000],
2026-02-27 11:28:16,369 - root - INFO - Train Results | R²: 0.9991 | RMSE: 0.0289 | IC: 0.9996 | RankIC: 0.9981
2026-02-27 11:28:16,369 - root - INFO - Valid Results | R²: 0.7439 | RMSE: 0.5023 | IC: 0.8954 | RankIC: 0.8842
2026-02-27 11:28:16,395 - root - INFO - Epoch [551/10000],
2026-02-27 11:28:16,396 - root - INFO - Train Results | R²: 0.9991 | RMSE: 0.0293 | IC: 0.9995 | RankIC: 0.9991
2026-02-27 11:28:16,396 - root - INFO - Valid Results | R²: 0.7461 | RMSE: 0.5001 | IC: 0.8971 | RankIC: 0.8807
2026-02-27 11:28:16,425 - root - INFO - Epoch [552/10000],
2026-02-27 11:28:16,425 - root - INFO - Train Results | R²: 0.9988 | RMSE: 0.0340 | IC: 0.9994 | RankIC: 0.9991
2026-02-27 11:28:16,425 - root - INFO - Valid Results | R²: 0.7420 | RMSE: 0.5041 | IC: 0.8951 | RankIC: 0.8842
2026-02-27 11:28:16,457 - root - INFO - Epoch [553/10000],
2026-02-27 11:28:16,458 - root - INFO - Train Results | R²: 0.9990 | RMSE: 0.0309 | IC: 0.9995 | RankIC: 0.9991
2026-02-27 11:28:16,458 - root - INFO - Valid Results | R²: 0.7453 | RMSE: 0.5009 | IC: 0.8964 | RankIC: 0.8807
2026-02-27 11:28:16,491 - root - INFO - Epoch [554/10000],
2026-02-27 11:28:16,491 - root - INFO - Train Results | R²: 0.9984 | RMSE: 0.0388 | IC: 0.9992 | RankIC: 0.9986
2026-02-27 11:28:16,491 - root - INFO - Valid Results | R²: 0.7481 | RMSE: 0.4981 | IC: 0.8990 | RankIC: 0.8807
2026-02-27 11:28:16,519 - root - INFO - Epoch [555/10000],
2026-02-27 11:28:16,520 - root - INFO - Train Results | R²: 0.9992 | RMSE: 0.0275 | IC: 0.9996 | RankIC: 0.9988
2026-02-27 11:28:16,520 - root - INFO - Valid Results | R²: 0.7448 | RMSE: 0.5014 | IC: 0.8965 | RankIC: 0.8807
2026-02-27 11:28:16,549 - root - INFO - Epoch [556/10000],
2026-02-27 11:28:16,550 - root - INFO - Train Results | R²: 0.9992 | RMSE: 0.0281 | IC: 0.9996 | RankIC: 0.9991
2026-02-27 11:28:16,550 - root - INFO - Valid Results | R²: 0.7441 | RMSE: 0.5020 | IC: 0.8953 | RankIC: 0.8807
2026-02-27 11:28:16,577 - root - INFO - Epoch [557/10000],
2026-02-27 11:28:16,577 - root - INFO - Train Results | R²: 0.9989 | RMSE: 0.0325 | IC: 0.9994 | RankIC: 0.9986
2026-02-27 11:28:16,577 - root - INFO - Valid Results | R²: 0.7464 | RMSE: 0.4998 | IC: 0.8978 | RankIC: 0.8807
2026-02-27 11:28:16,609 - root - INFO - Epoch [558/10000],
2026-02-27 11:28:16,609 - root - INFO - Train Results | R²: 0.9990 | RMSE: 0.0300 | IC: 0.9995 | RankIC: 0.9991
2026-02-27 11:28:16,609 - root - INFO - Valid Results | R²: 0.7411 | RMSE: 0.5050 | IC: 0.8940 | RankIC: 0.8807
2026-02-27 11:28:16,639 - root - INFO - Epoch [559/10000],
2026-02-27 11:28:16,639 - root - INFO - Train Results | R²: 0.9989 | RMSE: 0.0323 | IC: 0.9995 | RankIC: 0.9981
2026-02-27 11:28:16,639 - root - INFO - Valid Results | R²: 0.7402 | RMSE: 0.5059 | IC: 0.8948 | RankIC: 0.8807
2026-02-27 11:28:16,666 - root - INFO - Epoch [560/10000],
2026-02-27 11:28:16,666 - root - INFO - Train Results | R²: 0.9993 | RMSE: 0.0248 | IC: 0.9997 | RankIC: 0.9991
2026-02-27 11:28:16,667 - root - INFO - Valid Results | R²: 0.7401 | RMSE: 0.5060 | IC: 0.8942 | RankIC: 0.8807
2026-02-27 11:28:16,696 - root - INFO - Epoch [561/10000],
2026-02-27 11:28:16,697 - root - INFO - Train Results | R²: 0.9991 | RMSE: 0.0283 | IC: 0.9996 | RankIC: 0.9983
2026-02-27 11:28:16,697 - root - INFO - Valid Results | R²: 0.7447 | RMSE: 0.5015 | IC: 0.8979 | RankIC: 0.8807
2026-02-27 11:28:16,724 - root - INFO - Epoch [562/10000],
2026-02-27 11:28:16,725 - root - INFO - Train Results | R²: 0.9992 | RMSE: 0.0281 | IC: 0.9996 | RankIC: 0.9988
2026-02-27 11:28:16,725 - root - INFO - Valid Results | R²: 0.7409 | RMSE: 0.5052 | IC: 0.8943 | RankIC: 0.8807
2026-02-27 11:28:16,757 - root - INFO - Epoch [563/10000],
2026-02-27 11:28:16,757 - root - INFO - Train Results | R²: 0.9989 | RMSE: 0.0316 | IC: 0.9995 | RankIC: 0.9983
2026-02-27 11:28:16,758 - root - INFO - Valid Results | R²: 0.7457 | RMSE: 0.5005 | IC: 0.8965 | RankIC: 0.8807
2026-02-27 11:28:16,792 - root - INFO - Epoch [564/10000],
2026-02-27 11:28:16,792 - root - INFO - Train Results | R²: 0.9990 | RMSE: 0.0307 | IC: 0.9995 | RankIC: 0.9988
2026-02-27 11:28:16,792 - root - INFO - Valid Results | R²: 0.7447 | RMSE: 0.5015 | IC: 0.8963 | RankIC: 0.8807
2026-02-27 11:28:16,822 - root - INFO - Epoch [565/10000],
2026-02-27 11:28:16,823 - root - INFO - Train Results | R²: 0.9994 | RMSE: 0.0232 | IC: 0.9997 | RankIC: 0.9991
2026-02-27 11:28:16,823 - root - INFO - Valid Results | R²: 0.7445 | RMSE: 0.5017 | IC: 0.8955 | RankIC: 0.8842
2026-02-27 11:28:16,853 - root - INFO - Epoch [566/10000],
2026-02-27 11:28:16,854 - root - INFO - Train Results | R²: 0.9990 | RMSE: 0.0299 | IC: 0.9995 | RankIC: 0.9986
2026-02-27 11:28:16,854 - root - INFO - Valid Results | R²: 0.7415 | RMSE: 0.5046 | IC: 0.8942 | RankIC: 0.8807
2026-02-27 11:28:16,887 - root - INFO - Best model saved at epoch 567 with validation R2: 0.7489
2026-02-27 11:28:16,888 - root - INFO - Epoch [567/10000],
2026-02-27 11:28:16,888 - root - INFO - Train Results | R²: 0.9992 | RMSE: 0.0273 | IC: 0.9996 | RankIC: 0.9988
2026-02-27 11:28:16,888 - root - INFO - Valid Results | R²: 0.7489 | RMSE: 0.4973 | IC: 0.8985 | RankIC: 0.8807
2026-02-27 11:28:16,918 - root - INFO - Epoch [568/10000],
2026-02-27 11:28:16,918 - root - INFO - Train Results | R²: 0.9992 | RMSE: 0.0273 | IC: 0.9996 | RankIC: 0.9986
2026-02-27 11:28:16,918 - root - INFO - Valid Results | R²: 0.7417 | RMSE: 0.5044 | IC: 0.8939 | RankIC: 0.8807
2026-02-27 11:28:16,948 - root - INFO - Epoch [569/10000],
2026-02-27 11:28:16,949 - root - INFO - Train Results | R²: 0.9992 | RMSE: 0.0268 | IC: 0.9997 | RankIC: 0.9991
2026-02-27 11:28:16,949 - root - INFO - Valid Results | R²: 0.7465 | RMSE: 0.4997 | IC: 0.8976 | RankIC: 0.8807
2026-02-27 11:28:16,976 - root - INFO - Epoch [570/10000],
2026-02-27 11:28:16,977 - root - INFO - Train Results | R²: 0.9992 | RMSE: 0.0279 | IC: 0.9996 | RankIC: 0.9988
2026-02-27 11:28:16,977 - root - INFO - Valid Results | R²: 0.7421 | RMSE: 0.5040 | IC: 0.8950 | RankIC: 0.8807
2026-02-27 11:28:17,008 - root - INFO - Epoch [571/10000],
2026-02-27 11:28:17,008 - root - INFO - Train Results | R²: 0.9994 | RMSE: 0.0239 | IC: 0.9997 | RankIC: 0.9995
2026-02-27 11:28:17,009 - root - INFO - Valid Results | R²: 0.7420 | RMSE: 0.5041 | IC: 0.8952 | RankIC: 0.8807
2026-02-27 11:28:17,041 - root - INFO - Epoch [572/10000],
2026-02-27 11:28:17,042 - root - INFO - Train Results | R²: 0.9995 | RMSE: 0.0227 | IC: 0.9997 | RankIC: 0.9993
2026-02-27 11:28:17,042 - root - INFO - Valid Results | R²: 0.7366 | RMSE: 0.5094 | IC: 0.8917 | RankIC: 0.8807
2026-02-27 11:28:17,072 - root - INFO - Epoch [573/10000],
2026-02-27 11:28:17,072 - root - INFO - Train Results | R²: 0.9993 | RMSE: 0.0261 | IC: 0.9996 | RankIC: 0.9988
2026-02-27 11:28:17,073 - root - INFO - Valid Results | R²: 0.7455 | RMSE: 0.5007 | IC: 0.8979 | RankIC: 0.8842
2026-02-27 11:28:17,101 - root - INFO - Epoch [574/10000],
2026-02-27 11:28:17,101 - root - INFO - Train Results | R²: 0.9990 | RMSE: 0.0307 | IC: 0.9996 | RankIC: 0.9993
2026-02-27 11:28:17,101 - root - INFO - Valid Results | R²: 0.7411 | RMSE: 0.5050 | IC: 0.8944 | RankIC: 0.8807
2026-02-27 11:28:17,130 - root - INFO - Epoch [575/10000],
2026-02-27 11:28:17,131 - root - INFO - Train Results | R²: 0.9991 | RMSE: 0.0294 | IC: 0.9996 | RankIC: 0.9983
2026-02-27 11:28:17,131 - root - INFO - Valid Results | R²: 0.7446 | RMSE: 0.5015 | IC: 0.8967 | RankIC: 0.8842
2026-02-27 11:28:17,159 - root - INFO - Epoch [576/10000],
2026-02-27 11:28:17,160 - root - INFO - Train Results | R²: 0.9992 | RMSE: 0.0280 | IC: 0.9996 | RankIC: 0.9988
2026-02-27 11:28:17,160 - root - INFO - Valid Results | R²: 0.7423 | RMSE: 0.5038 | IC: 0.8941 | RankIC: 0.8807
2026-02-27 11:28:17,190 - root - INFO - Epoch [577/10000],
2026-02-27 11:28:17,191 - root - INFO - Train Results | R²: 0.9993 | RMSE: 0.0257 | IC: 0.9997 | RankIC: 0.9991
2026-02-27 11:28:17,191 - root - INFO - Valid Results | R²: 0.7441 | RMSE: 0.5021 | IC: 0.8952 | RankIC: 0.8842
2026-02-27 11:28:17,219 - root - INFO - Epoch [578/10000],
2026-02-27 11:28:17,219 - root - INFO - Train Results | R²: 0.9990 | RMSE: 0.0304 | IC: 0.9995 | RankIC: 0.9981
2026-02-27 11:28:17,220 - root - INFO - Valid Results | R²: 0.7445 | RMSE: 0.5017 | IC: 0.8954 | RankIC: 0.8807
2026-02-27 11:28:17,246 - root - INFO - Epoch [579/10000],
2026-02-27 11:28:17,247 - root - INFO - Train Results | R²: 0.9989 | RMSE: 0.0315 | IC: 0.9995 | RankIC: 0.9986
2026-02-27 11:28:17,247 - root - INFO - Valid Results | R²: 0.7454 | RMSE: 0.5008 | IC: 0.8971 | RankIC: 0.8807
2026-02-27 11:28:17,273 - root - INFO - Epoch [580/10000],
2026-02-27 11:28:17,273 - root - INFO - Train Results | R²: 0.9993 | RMSE: 0.0260 | IC: 0.9996 | RankIC: 0.9993
2026-02-27 11:28:17,274 - root - INFO - Valid Results | R²: 0.7449 | RMSE: 0.5013 | IC: 0.8961 | RankIC: 0.8842
2026-02-27 11:28:17,306 - root - INFO - Epoch [581/10000],
2026-02-27 11:28:17,306 - root - INFO - Train Results | R²: 0.9991 | RMSE: 0.0292 | IC: 0.9996 | RankIC: 0.9993
2026-02-27 11:28:17,308 - root - INFO - Valid Results | R²: 0.7419 | RMSE: 0.5042 | IC: 0.8937 | RankIC: 0.8842
2026-02-27 11:28:17,333 - root - INFO - Epoch [582/10000],
2026-02-27 11:28:17,334 - root - INFO - Train Results | R²: 0.9993 | RMSE: 0.0252 | IC: 0.9997 | RankIC: 0.9991
2026-02-27 11:28:17,334 - root - INFO - Valid Results | R²: 0.7424 | RMSE: 0.5038 | IC: 0.8946 | RankIC: 0.8807
2026-02-27 11:28:17,362 - root - INFO - Epoch [583/10000],
2026-02-27 11:28:17,362 - root - INFO - Train Results | R²: 0.9987 | RMSE: 0.0346 | IC: 0.9995 | RankIC: 0.9981
2026-02-27 11:28:17,362 - root - INFO - Valid Results | R²: 0.7401 | RMSE: 0.5059 | IC: 0.8934 | RankIC: 0.8807
2026-02-27 11:28:17,388 - root - INFO - Epoch [584/10000],
2026-02-27 11:28:17,388 - root - INFO - Train Results | R²: 0.9988 | RMSE: 0.0332 | IC: 0.9995 | RankIC: 0.9988
2026-02-27 11:28:17,388 - root - INFO - Valid Results | R²: 0.7458 | RMSE: 0.5004 | IC: 0.8973 | RankIC: 0.8807
2026-02-27 11:28:17,419 - root - INFO - Epoch [585/10000],
2026-02-27 11:28:17,420 - root - INFO - Train Results | R²: 0.9994 | RMSE: 0.0243 | IC: 0.9997 | RankIC: 0.9991
2026-02-27 11:28:17,420 - root - INFO - Valid Results | R²: 0.7452 | RMSE: 0.5010 | IC: 0.8963 | RankIC: 0.8807
2026-02-27 11:28:17,448 - root - INFO - Epoch [586/10000],
2026-02-27 11:28:17,449 - root - INFO - Train Results | R²: 0.9994 | RMSE: 0.0232 | IC: 0.9997 | RankIC: 0.9995
2026-02-27 11:28:17,449 - root - INFO - Valid Results | R²: 0.7399 | RMSE: 0.5061 | IC: 0.8933 | RankIC: 0.8807
2026-02-27 11:28:17,477 - root - INFO - Epoch [587/10000],
2026-02-27 11:28:17,477 - root - INFO - Train Results | R²: 0.9991 | RMSE: 0.0293 | IC: 0.9996 | RankIC: 0.9988
2026-02-27 11:28:17,477 - root - INFO - Valid Results | R²: 0.7445 | RMSE: 0.5017 | IC: 0.8965 | RankIC: 0.8842
2026-02-27 11:28:17,504 - root - INFO - Epoch [588/10000],
2026-02-27 11:28:17,505 - root - INFO - Train Results | R²: 0.9989 | RMSE: 0.0325 | IC: 0.9995 | RankIC: 0.9993
2026-02-27 11:28:17,505 - root - INFO - Valid Results | R²: 0.7426 | RMSE: 0.5035 | IC: 0.8953 | RankIC: 0.8807
2026-02-27 11:28:17,542 - root - INFO - Epoch [589/10000],
2026-02-27 11:28:17,542 - root - INFO - Train Results | R²: 0.9994 | RMSE: 0.0233 | IC: 0.9997 | RankIC: 0.9991
2026-02-27 11:28:17,543 - root - INFO - Valid Results | R²: 0.7447 | RMSE: 0.5015 | IC: 0.8972 | RankIC: 0.8842
2026-02-27 11:28:17,571 - root - INFO - Epoch [590/10000],
2026-02-27 11:28:17,572 - root - INFO - Train Results | R²: 0.9993 | RMSE: 0.0250 | IC: 0.9997 | RankIC: 0.9986
2026-02-27 11:28:17,572 - root - INFO - Valid Results | R²: 0.7464 | RMSE: 0.4998 | IC: 0.8972 | RankIC: 0.8842
2026-02-27 11:28:17,598 - root - INFO - Epoch [591/10000],
2026-02-27 11:28:17,598 - root - INFO - Train Results | R²: 0.9992 | RMSE: 0.0273 | IC: 0.9997 | RankIC: 0.9983
2026-02-27 11:28:17,599 - root - INFO - Valid Results | R²: 0.7461 | RMSE: 0.5001 | IC: 0.8965 | RankIC: 0.8842
2026-02-27 11:28:17,627 - root - INFO - Epoch [592/10000],
2026-02-27 11:28:17,627 - root - INFO - Train Results | R²: 0.9992 | RMSE: 0.0273 | IC: 0.9996 | RankIC: 0.9988
2026-02-27 11:28:17,627 - root - INFO - Valid Results | R²: 0.7446 | RMSE: 0.5015 | IC: 0.8944 | RankIC: 0.8807
2026-02-27 11:28:17,658 - root - INFO - Epoch [593/10000],
2026-02-27 11:28:17,658 - root - INFO - Train Results | R²: 0.9992 | RMSE: 0.0272 | IC: 0.9996 | RankIC: 0.9988
2026-02-27 11:28:17,658 - root - INFO - Valid Results | R²: 0.7429 | RMSE: 0.5033 | IC: 0.8937 | RankIC: 0.8807
2026-02-27 11:28:17,690 - root - INFO - Epoch [594/10000],
2026-02-27 11:28:17,691 - root - INFO - Train Results | R²: 0.9992 | RMSE: 0.0279 | IC: 0.9996 | RankIC: 0.9993
2026-02-27 11:28:17,691 - root - INFO - Valid Results | R²: 0.7476 | RMSE: 0.4986 | IC: 0.8972 | RankIC: 0.8807
2026-02-27 11:28:17,723 - root - INFO - Epoch [595/10000],
2026-02-27 11:28:17,724 - root - INFO - Train Results | R²: 0.9994 | RMSE: 0.0230 | IC: 0.9997 | RankIC: 0.9991
2026-02-27 11:28:17,724 - root - INFO - Valid Results | R²: 0.7416 | RMSE: 0.5045 | IC: 0.8939 | RankIC: 0.8807
2026-02-27 11:28:17,751 - root - INFO - Epoch [596/10000],
2026-02-27 11:28:17,752 - root - INFO - Train Results | R²: 0.9993 | RMSE: 0.0254 | IC: 0.9997 | RankIC: 0.9991
2026-02-27 11:28:17,752 - root - INFO - Valid Results | R²: 0.7462 | RMSE: 0.5000 | IC: 0.8975 | RankIC: 0.8807
2026-02-27 11:28:17,780 - root - INFO - Epoch [597/10000],
2026-02-27 11:28:17,781 - root - INFO - Train Results | R²: 0.9992 | RMSE: 0.0276 | IC: 0.9997 | RankIC: 0.9993
2026-02-27 11:28:17,781 - root - INFO - Valid Results | R²: 0.7441 | RMSE: 0.5020 | IC: 0.8956 | RankIC: 0.8807
2026-02-27 11:28:17,807 - root - INFO - Epoch [598/10000],
2026-02-27 11:28:17,808 - root - INFO - Train Results | R²: 0.9995 | RMSE: 0.0210 | IC: 0.9998 | RankIC: 0.9986
2026-02-27 11:28:17,808 - root - INFO - Valid Results | R²: 0.7455 | RMSE: 0.5007 | IC: 0.8965 | RankIC: 0.8807
2026-02-27 11:28:17,833 - root - INFO - Epoch [599/10000],
2026-02-27 11:28:17,834 - root - INFO - Train Results | R²: 0.9989 | RMSE: 0.0321 | IC: 0.9995 | RankIC: 0.9988
2026-02-27 11:28:17,834 - root - INFO - Valid Results | R²: 0.7437 | RMSE: 0.5025 | IC: 0.8954 | RankIC: 0.8807
2026-02-27 11:28:17,872 - root - INFO - Epoch [600/10000],
2026-02-27 11:28:17,872 - root - INFO - Train Results | R²: 0.9994 | RMSE: 0.0246 | IC: 0.9997 | RankIC: 0.9981
2026-02-27 11:28:17,873 - root - INFO - Valid Results | R²: 0.7455 | RMSE: 0.5007 | IC: 0.8964 | RankIC: 0.8842
2026-02-27 11:28:17,900 - root - INFO - Epoch [601/10000],
2026-02-27 11:28:17,901 - root - INFO - Train Results | R²: 0.9994 | RMSE: 0.0231 | IC: 0.9997 | RankIC: 0.9988
2026-02-27 11:28:17,901 - root - INFO - Valid Results | R²: 0.7425 | RMSE: 0.5036 | IC: 0.8942 | RankIC: 0.8807
2026-02-27 11:28:17,929 - root - INFO - Epoch [602/10000],
2026-02-27 11:28:17,930 - root - INFO - Train Results | R²: 0.9993 | RMSE: 0.0252 | IC: 0.9997 | RankIC: 0.9986
2026-02-27 11:28:17,930 - root - INFO - Valid Results | R²: 0.7465 | RMSE: 0.4997 | IC: 0.8963 | RankIC: 0.8842
2026-02-27 11:28:17,961 - root - INFO - Epoch [603/10000],
2026-02-27 11:28:17,962 - root - INFO - Train Results | R²: 0.9994 | RMSE: 0.0238 | IC: 0.9997 | RankIC: 0.9986
2026-02-27 11:28:17,962 - root - INFO - Valid Results | R²: 0.7455 | RMSE: 0.5007 | IC: 0.8970 | RankIC: 0.8807
2026-02-27 11:28:17,990 - root - INFO - Epoch [604/10000],
2026-02-27 11:28:17,991 - root - INFO - Train Results | R²: 0.9994 | RMSE: 0.0242 | IC: 0.9997 | RankIC: 0.9991
2026-02-27 11:28:17,991 - root - INFO - Valid Results | R²: 0.7453 | RMSE: 0.5009 | IC: 0.8958 | RankIC: 0.8842
2026-02-27 11:28:18,022 - root - INFO - Epoch [605/10000],
2026-02-27 11:28:18,023 - root - INFO - Train Results | R²: 0.9991 | RMSE: 0.0297 | IC: 0.9996 | RankIC: 0.9983
2026-02-27 11:28:18,023 - root - INFO - Valid Results | R²: 0.7408 | RMSE: 0.5053 | IC: 0.8929 | RankIC: 0.8807
2026-02-27 11:28:18,054 - root - INFO - Epoch [606/10000],
2026-02-27 11:28:18,054 - root - INFO - Train Results | R²: 0.9993 | RMSE: 0.0251 | IC: 0.9997 | RankIC: 0.9988
2026-02-27 11:28:18,055 - root - INFO - Valid Results | R²: 0.7413 | RMSE: 0.5048 | IC: 0.8948 | RankIC: 0.8842
2026-02-27 11:28:18,102 - root - INFO - Epoch [607/10000],
2026-02-27 11:28:18,102 - root - INFO - Train Results | R²: 0.9992 | RMSE: 0.0270 | IC: 0.9996 | RankIC: 0.9993
2026-02-27 11:28:18,102 - root - INFO - Valid Results | R²: 0.7422 | RMSE: 0.5039 | IC: 0.8943 | RankIC: 0.8807
2026-02-27 11:28:18,133 - root - INFO - Epoch [608/10000],
2026-02-27 11:28:18,134 - root - INFO - Train Results | R²: 0.9992 | RMSE: 0.0274 | IC: 0.9996 | RankIC: 0.9986
2026-02-27 11:28:18,134 - root - INFO - Valid Results | R²: 0.7438 | RMSE: 0.5024 | IC: 0.8963 | RankIC: 0.8807
2026-02-27 11:28:18,186 - root - INFO - Epoch [609/10000],
2026-02-27 11:28:18,187 - root - INFO - Train Results | R²: 0.9992 | RMSE: 0.0281 | IC: 0.9996 | RankIC: 0.9993
2026-02-27 11:28:18,187 - root - INFO - Valid Results | R²: 0.7428 | RMSE: 0.5034 | IC: 0.8942 | RankIC: 0.8807
2026-02-27 11:28:18,220 - root - INFO - Epoch [610/10000],
2026-02-27 11:28:18,220 - root - INFO - Train Results | R²: 0.9995 | RMSE: 0.0227 | IC: 0.9998 | RankIC: 0.9995
2026-02-27 11:28:18,221 - root - INFO - Valid Results | R²: 0.7445 | RMSE: 0.5017 | IC: 0.8958 | RankIC: 0.8807
2026-02-27 11:28:18,252 - root - INFO - Epoch [611/10000],
2026-02-27 11:28:18,252 - root - INFO - Train Results | R²: 0.9991 | RMSE: 0.0289 | IC: 0.9996 | RankIC: 0.9991
2026-02-27 11:28:18,252 - root - INFO - Valid Results | R²: 0.7456 | RMSE: 0.5006 | IC: 0.8954 | RankIC: 0.8807
2026-02-27 11:28:18,282 - root - INFO - Epoch [612/10000],
2026-02-27 11:28:18,283 - root - INFO - Train Results | R²: 0.9995 | RMSE: 0.0222 | IC: 0.9998 | RankIC: 0.9991
2026-02-27 11:28:18,283 - root - INFO - Valid Results | R²: 0.7437 | RMSE: 0.5025 | IC: 0.8939 | RankIC: 0.8807
2026-02-27 11:28:18,316 - root - INFO - Epoch [613/10000],
2026-02-27 11:28:18,316 - root - INFO - Train Results | R²: 0.9994 | RMSE: 0.0235 | IC: 0.9997 | RankIC: 0.9986
2026-02-27 11:28:18,316 - root - INFO - Valid Results | R²: 0.7476 | RMSE: 0.4986 | IC: 0.8965 | RankIC: 0.8807
2026-02-27 11:28:18,354 - root - INFO - Epoch [614/10000],
2026-02-27 11:28:18,354 - root - INFO - Train Results | R²: 0.9994 | RMSE: 0.0230 | IC: 0.9997 | RankIC: 0.9986
2026-02-27 11:28:18,354 - root - INFO - Valid Results | R²: 0.7460 | RMSE: 0.5002 | IC: 0.8956 | RankIC: 0.8807
2026-02-27 11:28:18,384 - root - INFO - Epoch [615/10000],
2026-02-27 11:28:18,385 - root - INFO - Train Results | R²: 0.9993 | RMSE: 0.0254 | IC: 0.9997 | RankIC: 0.9993
2026-02-27 11:28:18,385 - root - INFO - Valid Results | R²: 0.7427 | RMSE: 0.5035 | IC: 0.8936 | RankIC: 0.8807
2026-02-27 11:28:18,424 - root - INFO - Epoch [616/10000],
2026-02-27 11:28:18,424 - root - INFO - Train Results | R²: 0.9992 | RMSE: 0.0280 | IC: 0.9996 | RankIC: 0.9993
2026-02-27 11:28:18,424 - root - INFO - Valid Results | R²: 0.7450 | RMSE: 0.5012 | IC: 0.8961 | RankIC: 0.8807
2026-02-27 11:28:18,465 - root - INFO - Epoch [617/10000],
2026-02-27 11:28:18,465 - root - INFO - Train Results | R²: 0.9994 | RMSE: 0.0229 | IC: 0.9997 | RankIC: 0.9983
2026-02-27 11:28:18,465 - root - INFO - Valid Results | R²: 0.7443 | RMSE: 0.5018 | IC: 0.8960 | RankIC: 0.8807
2026-02-27 11:28:18,496 - root - INFO - Epoch [618/10000],
2026-02-27 11:28:18,497 - root - INFO - Train Results | R²: 0.9996 | RMSE: 0.0201 | IC: 0.9998 | RankIC: 0.9991
2026-02-27 11:28:18,497 - root - INFO - Valid Results | R²: 0.7475 | RMSE: 0.4987 | IC: 0.8988 | RankIC: 0.8807
2026-02-27 11:28:18,525 - root - INFO - Epoch [619/10000],
2026-02-27 11:28:18,526 - root - INFO - Train Results | R²: 0.9995 | RMSE: 0.0217 | IC: 0.9998 | RankIC: 0.9991
2026-02-27 11:28:18,526 - root - INFO - Valid Results | R²: 0.7412 | RMSE: 0.5049 | IC: 0.8939 | RankIC: 0.8807
2026-02-27 11:28:18,554 - root - INFO - Epoch [620/10000],
2026-02-27 11:28:18,555 - root - INFO - Train Results | R²: 0.9993 | RMSE: 0.0260 | IC: 0.9997 | RankIC: 0.9986
2026-02-27 11:28:18,555 - root - INFO - Valid Results | R²: 0.7421 | RMSE: 0.5040 | IC: 0.8941 | RankIC: 0.8807
2026-02-27 11:28:18,592 - root - INFO - Epoch [621/10000],
2026-02-27 11:28:18,592 - root - INFO - Train Results | R²: 0.9994 | RMSE: 0.0240 | IC: 0.9997 | RankIC: 0.9993
2026-02-27 11:28:18,592 - root - INFO - Valid Results | R²: 0.7451 | RMSE: 0.5011 | IC: 0.8966 | RankIC: 0.8807
2026-02-27 11:28:18,625 - root - INFO - Epoch [622/10000],
2026-02-27 11:28:18,626 - root - INFO - Train Results | R²: 0.9995 | RMSE: 0.0214 | IC: 0.9998 | RankIC: 0.9991
2026-02-27 11:28:18,626 - root - INFO - Valid Results | R²: 0.7389 | RMSE: 0.5072 | IC: 0.8919 | RankIC: 0.8807
2026-02-27 11:28:18,654 - root - INFO - Epoch [623/10000],
2026-02-27 11:28:18,654 - root - INFO - Train Results | R²: 0.9995 | RMSE: 0.0221 | IC: 0.9998 | RankIC: 0.9991
2026-02-27 11:28:18,654 - root - INFO - Valid Results | R²: 0.7447 | RMSE: 0.5015 | IC: 0.8961 | RankIC: 0.8842
2026-02-27 11:28:18,681 - root - INFO - Epoch [624/10000],
2026-02-27 11:28:18,682 - root - INFO - Train Results | R²: 0.9993 | RMSE: 0.0252 | IC: 0.9997 | RankIC: 0.9988
2026-02-27 11:28:18,682 - root - INFO - Valid Results | R²: 0.7398 | RMSE: 0.5062 | IC: 0.8918 | RankIC: 0.8807
2026-02-27 11:28:18,720 - root - INFO - Epoch [625/10000],
2026-02-27 11:28:18,721 - root - INFO - Train Results | R²: 0.9992 | RMSE: 0.0267 | IC: 0.9996 | RankIC: 0.9988
2026-02-27 11:28:18,721 - root - INFO - Valid Results | R²: 0.7454 | RMSE: 0.5008 | IC: 0.8964 | RankIC: 0.8807
2026-02-27 11:28:18,753 - root - INFO - Epoch [626/10000],
2026-02-27 11:28:18,753 - root - INFO - Train Results | R²: 0.9992 | RMSE: 0.0278 | IC: 0.9996 | RankIC: 0.9986
2026-02-27 11:28:18,754 - root - INFO - Valid Results | R²: 0.7445 | RMSE: 0.5017 | IC: 0.8952 | RankIC: 0.8842
2026-02-27 11:28:18,782 - root - INFO - Epoch [627/10000],
2026-02-27 11:28:18,783 - root - INFO - Train Results | R²: 0.9996 | RMSE: 0.0205 | IC: 0.9998 | RankIC: 0.9993
2026-02-27 11:28:18,784 - root - INFO - Valid Results | R²: 0.7436 | RMSE: 0.5026 | IC: 0.8947 | RankIC: 0.8807
2026-02-27 11:28:18,811 - root - INFO - Epoch [628/10000],
2026-02-27 11:28:18,811 - root - INFO - Train Results | R²: 0.9993 | RMSE: 0.0263 | IC: 0.9997 | RankIC: 0.9993
2026-02-27 11:28:18,812 - root - INFO - Valid Results | R²: 0.7457 | RMSE: 0.5005 | IC: 0.8949 | RankIC: 0.8807
2026-02-27 11:28:18,842 - root - INFO - Epoch [629/10000],
2026-02-27 11:28:18,843 - root - INFO - Train Results | R²: 0.9991 | RMSE: 0.0285 | IC: 0.9996 | RankIC: 0.9993
2026-02-27 11:28:18,843 - root - INFO - Valid Results | R²: 0.7454 | RMSE: 0.5008 | IC: 0.8960 | RankIC: 0.8807
2026-02-27 11:28:18,877 - root - INFO - Epoch [630/10000],
2026-02-27 11:28:18,877 - root - INFO - Train Results | R²: 0.9995 | RMSE: 0.0224 | IC: 0.9997 | RankIC: 0.9993
2026-02-27 11:28:18,877 - root - INFO - Valid Results | R²: 0.7433 | RMSE: 0.5028 | IC: 0.8941 | RankIC: 0.8842
2026-02-27 11:28:18,908 - root - INFO - Epoch [631/10000],
2026-02-27 11:28:18,908 - root - INFO - Train Results | R²: 0.9993 | RMSE: 0.0253 | IC: 0.9997 | RankIC: 0.9986
2026-02-27 11:28:18,909 - root - INFO - Valid Results | R²: 0.7423 | RMSE: 0.5038 | IC: 0.8930 | RankIC: 0.8842
2026-02-27 11:28:18,939 - root - INFO - Epoch [632/10000],
2026-02-27 11:28:18,939 - root - INFO - Train Results | R²: 0.9994 | RMSE: 0.0232 | IC: 0.9997 | RankIC: 0.9988
2026-02-27 11:28:18,939 - root - INFO - Valid Results | R²: 0.7461 | RMSE: 0.5001 | IC: 0.8960 | RankIC: 0.8807
2026-02-27 11:28:18,967 - root - INFO - Epoch [633/10000],
2026-02-27 11:28:18,967 - root - INFO - Train Results | R²: 0.9995 | RMSE: 0.0209 | IC: 0.9998 | RankIC: 0.9986
2026-02-27 11:28:18,968 - root - INFO - Valid Results | R²: 0.7434 | RMSE: 0.5028 | IC: 0.8945 | RankIC: 0.8842
2026-02-27 11:28:19,002 - root - INFO - Epoch [634/10000],
2026-02-27 11:28:19,002 - root - INFO - Train Results | R²: 0.9995 | RMSE: 0.0222 | IC: 0.9998 | RankIC: 0.9993
2026-02-27 11:28:19,002 - root - INFO - Valid Results | R²: 0.7406 | RMSE: 0.5055 | IC: 0.8933 | RankIC: 0.8807
2026-02-27 11:28:19,033 - root - INFO - Epoch [635/10000],
2026-02-27 11:28:19,033 - root - INFO - Train Results | R²: 0.9996 | RMSE: 0.0203 | IC: 0.9998 | RankIC: 0.9993
2026-02-27 11:28:19,033 - root - INFO - Valid Results | R²: 0.7438 | RMSE: 0.5024 | IC: 0.8954 | RankIC: 0.8807
2026-02-27 11:28:19,071 - root - INFO - Epoch [636/10000],
2026-02-27 11:28:19,072 - root - INFO - Train Results | R²: 0.9993 | RMSE: 0.0250 | IC: 0.9997 | RankIC: 0.9991
2026-02-27 11:28:19,072 - root - INFO - Valid Results | R²: 0.7430 | RMSE: 0.5031 | IC: 0.8947 | RankIC: 0.8807
2026-02-27 11:28:19,103 - root - INFO - Epoch [637/10000],
2026-02-27 11:28:19,103 - root - INFO - Train Results | R²: 0.9992 | RMSE: 0.0266 | IC: 0.9997 | RankIC: 0.9979
2026-02-27 11:28:19,103 - root - INFO - Valid Results | R²: 0.7429 | RMSE: 0.5032 | IC: 0.8952 | RankIC: 0.8807
2026-02-27 11:28:19,135 - root - INFO - Epoch [638/10000],
2026-02-27 11:28:19,136 - root - INFO - Train Results | R²: 0.9991 | RMSE: 0.0290 | IC: 0.9996 | RankIC: 0.9993
2026-02-27 11:28:19,136 - root - INFO - Valid Results | R²: 0.7451 | RMSE: 0.5011 | IC: 0.8953 | RankIC: 0.8807
2026-02-27 11:28:19,172 - root - INFO - Epoch [639/10000],
2026-02-27 11:28:19,172 - root - INFO - Train Results | R²: 0.9996 | RMSE: 0.0204 | IC: 0.9998 | RankIC: 0.9991
2026-02-27 11:28:19,172 - root - INFO - Valid Results | R²: 0.7442 | RMSE: 0.5020 | IC: 0.8946 | RankIC: 0.8807
2026-02-27 11:28:19,200 - root - INFO - Epoch [640/10000],
2026-02-27 11:28:19,201 - root - INFO - Train Results | R²: 0.9997 | RMSE: 0.0180 | IC: 0.9998 | RankIC: 0.9991
2026-02-27 11:28:19,201 - root - INFO - Valid Results | R²: 0.7465 | RMSE: 0.4997 | IC: 0.8968 | RankIC: 0.8807
2026-02-27 11:28:19,228 - root - INFO - Epoch [641/10000],
2026-02-27 11:28:19,229 - root - INFO - Train Results | R²: 0.9993 | RMSE: 0.0260 | IC: 0.9997 | RankIC: 0.9993
2026-02-27 11:28:19,229 - root - INFO - Valid Results | R²: 0.7455 | RMSE: 0.5007 | IC: 0.8951 | RankIC: 0.8807
2026-02-27 11:28:19,257 - root - INFO - Epoch [642/10000],
2026-02-27 11:28:19,258 - root - INFO - Train Results | R²: 0.9996 | RMSE: 0.0185 | IC: 0.9998 | RankIC: 0.9988
2026-02-27 11:28:19,258 - root - INFO - Valid Results | R²: 0.7451 | RMSE: 0.5011 | IC: 0.8959 | RankIC: 0.8842
2026-02-27 11:28:19,290 - root - INFO - Epoch [643/10000],
2026-02-27 11:28:19,291 - root - INFO - Train Results | R²: 0.9996 | RMSE: 0.0202 | IC: 0.9998 | RankIC: 0.9991
2026-02-27 11:28:19,291 - root - INFO - Valid Results | R²: 0.7423 | RMSE: 0.5038 | IC: 0.8953 | RankIC: 0.8842
2026-02-27 11:28:19,318 - root - INFO - Epoch [644/10000],
2026-02-27 11:28:19,318 - root - INFO - Train Results | R²: 0.9993 | RMSE: 0.0256 | IC: 0.9998 | RankIC: 0.9988
2026-02-27 11:28:19,318 - root - INFO - Valid Results | R²: 0.7401 | RMSE: 0.5060 | IC: 0.8927 | RankIC: 0.8807
2026-02-27 11:28:19,346 - root - INFO - Epoch [645/10000],
2026-02-27 11:28:19,347 - root - INFO - Train Results | R²: 0.9991 | RMSE: 0.0283 | IC: 0.9997 | RankIC: 0.9991
2026-02-27 11:28:19,347 - root - INFO - Valid Results | R²: 0.7428 | RMSE: 0.5033 | IC: 0.8940 | RankIC: 0.8807
2026-02-27 11:28:19,384 - root - INFO - Epoch [646/10000],
2026-02-27 11:28:19,384 - root - INFO - Train Results | R²: 0.9992 | RMSE: 0.0272 | IC: 0.9997 | RankIC: 0.9991
2026-02-27 11:28:19,385 - root - INFO - Valid Results | R²: 0.7471 | RMSE: 0.4992 | IC: 0.8968 | RankIC: 0.8807
2026-02-27 11:28:19,416 - root - INFO - Epoch [647/10000],
2026-02-27 11:28:19,416 - root - INFO - Train Results | R²: 0.9996 | RMSE: 0.0193 | IC: 0.9998 | RankIC: 0.9995
2026-02-27 11:28:19,416 - root - INFO - Valid Results | R²: 0.7465 | RMSE: 0.4997 | IC: 0.8967 | RankIC: 0.8842
2026-02-27 11:28:19,449 - root - INFO - Epoch [648/10000],
2026-02-27 11:28:19,449 - root - INFO - Train Results | R²: 0.9994 | RMSE: 0.0233 | IC: 0.9997 | RankIC: 0.9993
2026-02-27 11:28:19,449 - root - INFO - Valid Results | R²: 0.7448 | RMSE: 0.5014 | IC: 0.8937 | RankIC: 0.8842
2026-02-27 11:28:19,481 - root - INFO - Epoch [649/10000],
2026-02-27 11:28:19,481 - root - INFO - Train Results | R²: 0.9995 | RMSE: 0.0208 | IC: 0.9998 | RankIC: 0.9995
2026-02-27 11:28:19,482 - root - INFO - Valid Results | R²: 0.7475 | RMSE: 0.4987 | IC: 0.8968 | RankIC: 0.8807
2026-02-27 11:28:19,514 - root - INFO - Epoch [650/10000],
2026-02-27 11:28:19,514 - root - INFO - Train Results | R²: 0.9995 | RMSE: 0.0213 | IC: 0.9998 | RankIC: 0.9991
2026-02-27 11:28:19,515 - root - INFO - Valid Results | R²: 0.7470 | RMSE: 0.4993 | IC: 0.8969 | RankIC: 0.8807
2026-02-27 11:28:19,548 - root - INFO - Epoch [651/10000],
2026-02-27 11:28:19,549 - root - INFO - Train Results | R²: 0.9994 | RMSE: 0.0245 | IC: 0.9997 | RankIC: 0.9988
2026-02-27 11:28:19,549 - root - INFO - Valid Results | R²: 0.7413 | RMSE: 0.5049 | IC: 0.8924 | RankIC: 0.8807
2026-02-27 11:28:19,579 - root - INFO - Epoch [652/10000],
2026-02-27 11:28:19,580 - root - INFO - Train Results | R²: 0.9995 | RMSE: 0.0216 | IC: 0.9998 | RankIC: 0.9988
2026-02-27 11:28:19,580 - root - INFO - Valid Results | R²: 0.7398 | RMSE: 0.5063 | IC: 0.8938 | RankIC: 0.8807
2026-02-27 11:28:19,610 - root - INFO - Epoch [653/10000],
2026-02-27 11:28:19,610 - root - INFO - Train Results | R²: 0.9994 | RMSE: 0.0236 | IC: 0.9997 | RankIC: 0.9995
2026-02-27 11:28:19,610 - root - INFO - Valid Results | R²: 0.7456 | RMSE: 0.5006 | IC: 0.8981 | RankIC: 0.8807
2026-02-27 11:28:19,637 - root - INFO - Epoch [654/10000],
2026-02-27 11:28:19,637 - root - INFO - Train Results | R²: 0.9994 | RMSE: 0.0247 | IC: 0.9997 | RankIC: 0.9995
2026-02-27 11:28:19,638 - root - INFO - Valid Results | R²: 0.7478 | RMSE: 0.4984 | IC: 0.8989 | RankIC: 0.8807
2026-02-27 11:28:19,665 - root - INFO - Epoch [655/10000],
2026-02-27 11:28:19,665 - root - INFO - Train Results | R²: 0.9995 | RMSE: 0.0213 | IC: 0.9998 | RankIC: 0.9991
2026-02-27 11:28:19,665 - root - INFO - Valid Results | R²: 0.7465 | RMSE: 0.4997 | IC: 0.8967 | RankIC: 0.8807
2026-02-27 11:28:19,693 - root - INFO - Epoch [656/10000],
2026-02-27 11:28:19,693 - root - INFO - Train Results | R²: 0.9995 | RMSE: 0.0227 | IC: 0.9997 | RankIC: 0.9991
2026-02-27 11:28:19,694 - root - INFO - Valid Results | R²: 0.7484 | RMSE: 0.4978 | IC: 0.8973 | RankIC: 0.8842
2026-02-27 11:28:19,726 - root - INFO - Epoch [657/10000],
2026-02-27 11:28:19,726 - root - INFO - Train Results | R²: 0.9993 | RMSE: 0.0261 | IC: 0.9998 | RankIC: 0.9988
2026-02-27 11:28:19,727 - root - INFO - Valid Results | R²: 0.7458 | RMSE: 0.5004 | IC: 0.8956 | RankIC: 0.8807
2026-02-27 11:28:19,760 - root - INFO - Epoch [658/10000],
2026-02-27 11:28:19,761 - root - INFO - Train Results | R²: 0.9994 | RMSE: 0.0230 | IC: 0.9997 | RankIC: 0.9991
2026-02-27 11:28:19,761 - root - INFO - Valid Results | R²: 0.7463 | RMSE: 0.4999 | IC: 0.8963 | RankIC: 0.8807
2026-02-27 11:28:19,795 - root - INFO - Epoch [659/10000],
2026-02-27 11:28:19,796 - root - INFO - Train Results | R²: 0.9995 | RMSE: 0.0209 | IC: 0.9998 | RankIC: 0.9995
2026-02-27 11:28:19,796 - root - INFO - Valid Results | R²: 0.7434 | RMSE: 0.5027 | IC: 0.8946 | RankIC: 0.8807
2026-02-27 11:28:19,831 - root - INFO - Epoch [660/10000],
2026-02-27 11:28:19,831 - root - INFO - Train Results | R²: 0.9995 | RMSE: 0.0209 | IC: 0.9998 | RankIC: 0.9998
2026-02-27 11:28:19,832 - root - INFO - Valid Results | R²: 0.7449 | RMSE: 0.5013 | IC: 0.8952 | RankIC: 0.8807
2026-02-27 11:28:19,869 - root - INFO - Epoch [661/10000],
2026-02-27 11:28:19,869 - root - INFO - Train Results | R²: 0.9993 | RMSE: 0.0259 | IC: 0.9997 | RankIC: 0.9986
2026-02-27 11:28:19,869 - root - INFO - Valid Results | R²: 0.7483 | RMSE: 0.4979 | IC: 0.8981 | RankIC: 0.8842
2026-02-27 11:28:19,901 - root - INFO - Best model saved at epoch 662 with validation R2: 0.7495
2026-02-27 11:28:19,901 - root - INFO - Epoch [662/10000],
2026-02-27 11:28:19,901 - root - INFO - Train Results | R²: 0.9992 | RMSE: 0.0266 | IC: 0.9997 | RankIC: 0.9988
2026-02-27 11:28:19,902 - root - INFO - Valid Results | R²: 0.7495 | RMSE: 0.4967 | IC: 0.8987 | RankIC: 0.8842
2026-02-27 11:28:19,929 - root - INFO - Epoch [663/10000],
2026-02-27 11:28:19,930 - root - INFO - Train Results | R²: 0.9995 | RMSE: 0.0209 | IC: 0.9998 | RankIC: 0.9995
2026-02-27 11:28:19,930 - root - INFO - Valid Results | R²: 0.7470 | RMSE: 0.4992 | IC: 0.8967 | RankIC: 0.8842
2026-02-27 11:28:19,960 - root - INFO - Epoch [664/10000],
2026-02-27 11:28:19,960 - root - INFO - Train Results | R²: 0.9996 | RMSE: 0.0185 | IC: 0.9998 | RankIC: 0.9995
2026-02-27 11:28:19,961 - root - INFO - Valid Results | R²: 0.7446 | RMSE: 0.5016 | IC: 0.8951 | RankIC: 0.8807
2026-02-27 11:28:19,991 - root - INFO - Epoch [665/10000],
2026-02-27 11:28:19,992 - root - INFO - Train Results | R²: 0.9995 | RMSE: 0.0213 | IC: 0.9998 | RankIC: 0.9991
2026-02-27 11:28:19,992 - root - INFO - Valid Results | R²: 0.7441 | RMSE: 0.5021 | IC: 0.8954 | RankIC: 0.8807
2026-02-27 11:28:20,024 - root - INFO - Epoch [666/10000],
2026-02-27 11:28:20,024 - root - INFO - Train Results | R²: 0.9996 | RMSE: 0.0187 | IC: 0.9999 | RankIC: 0.9995
2026-02-27 11:28:20,024 - root - INFO - Valid Results | R²: 0.7491 | RMSE: 0.4971 | IC: 0.8981 | RankIC: 0.8807
2026-02-27 11:28:20,054 - root - INFO - Epoch [667/10000],
2026-02-27 11:28:20,054 - root - INFO - Train Results | R²: 0.9995 | RMSE: 0.0222 | IC: 0.9998 | RankIC: 0.9988
2026-02-27 11:28:20,054 - root - INFO - Valid Results | R²: 0.7443 | RMSE: 0.5018 | IC: 0.8947 | RankIC: 0.8807
2026-02-27 11:28:20,083 - root - INFO - Epoch [668/10000],
2026-02-27 11:28:20,083 - root - INFO - Train Results | R²: 0.9994 | RMSE: 0.0232 | IC: 0.9997 | RankIC: 0.9991
2026-02-27 11:28:20,083 - root - INFO - Valid Results | R²: 0.7406 | RMSE: 0.5055 | IC: 0.8926 | RankIC: 0.8807
2026-02-27 11:28:20,113 - root - INFO - Epoch [669/10000],
2026-02-27 11:28:20,114 - root - INFO - Train Results | R²: 0.9996 | RMSE: 0.0191 | IC: 0.9998 | RankIC: 0.9988
2026-02-27 11:28:20,114 - root - INFO - Valid Results | R²: 0.7427 | RMSE: 0.5035 | IC: 0.8942 | RankIC: 0.8807
2026-02-27 11:28:20,143 - root - INFO - Epoch [670/10000],
2026-02-27 11:28:20,145 - root - INFO - Train Results | R²: 0.9988 | RMSE: 0.0337 | IC: 0.9994 | RankIC: 0.9986
2026-02-27 11:28:20,145 - root - INFO - Valid Results | R²: 0.7419 | RMSE: 0.5042 | IC: 0.8940 | RankIC: 0.8807
2026-02-27 11:28:20,174 - root - INFO - Epoch [671/10000],
2026-02-27 11:28:20,175 - root - INFO - Train Results | R²: 0.9994 | RMSE: 0.0234 | IC: 0.9997 | RankIC: 0.9995
2026-02-27 11:28:20,175 - root - INFO - Valid Results | R²: 0.7451 | RMSE: 0.5011 | IC: 0.8965 | RankIC: 0.8842
2026-02-27 11:28:20,209 - root - INFO - Epoch [672/10000],
2026-02-27 11:28:20,209 - root - INFO - Train Results | R²: 0.9997 | RMSE: 0.0166 | IC: 0.9999 | RankIC: 0.9991
2026-02-27 11:28:20,209 - root - INFO - Valid Results | R²: 0.7486 | RMSE: 0.4976 | IC: 0.8971 | RankIC: 0.8807
2026-02-27 11:28:20,236 - root - INFO - Epoch [673/10000],
2026-02-27 11:28:20,237 - root - INFO - Train Results | R²: 0.9995 | RMSE: 0.0226 | IC: 0.9998 | RankIC: 0.9988
2026-02-27 11:28:20,237 - root - INFO - Valid Results | R²: 0.7448 | RMSE: 0.5014 | IC: 0.8947 | RankIC: 0.8842
2026-02-27 11:28:20,268 - root - INFO - Epoch [674/10000],
2026-02-27 11:28:20,268 - root - INFO - Train Results | R²: 0.9996 | RMSE: 0.0203 | IC: 0.9998 | RankIC: 0.9993
2026-02-27 11:28:20,268 - root - INFO - Valid Results | R²: 0.7449 | RMSE: 0.5013 | IC: 0.8952 | RankIC: 0.8842
2026-02-27 11:28:20,300 - root - INFO - Epoch [675/10000],
2026-02-27 11:28:20,300 - root - INFO - Train Results | R²: 0.9994 | RMSE: 0.0238 | IC: 0.9998 | RankIC: 0.9991
2026-02-27 11:28:20,300 - root - INFO - Valid Results | R²: 0.7459 | RMSE: 0.5003 | IC: 0.8950 | RankIC: 0.8842
2026-02-27 11:28:20,329 - root - INFO - Epoch [676/10000],
2026-02-27 11:28:20,329 - root - INFO - Train Results | R²: 0.9990 | RMSE: 0.0307 | IC: 0.9996 | RankIC: 0.9986
2026-02-27 11:28:20,329 - root - INFO - Valid Results | R²: 0.7467 | RMSE: 0.4995 | IC: 0.8965 | RankIC: 0.8842
2026-02-27 11:28:20,359 - root - INFO - Epoch [677/10000],
2026-02-27 11:28:20,360 - root - INFO - Train Results | R²: 0.9995 | RMSE: 0.0218 | IC: 0.9997 | RankIC: 0.9986
2026-02-27 11:28:20,360 - root - INFO - Valid Results | R²: 0.7474 | RMSE: 0.4988 | IC: 0.8973 | RankIC: 0.8807
2026-02-27 11:28:20,390 - root - INFO - Epoch [678/10000],
2026-02-27 11:28:20,391 - root - INFO - Train Results | R²: 0.9994 | RMSE: 0.0245 | IC: 0.9997 | RankIC: 0.9981
2026-02-27 11:28:20,391 - root - INFO - Valid Results | R²: 0.7451 | RMSE: 0.5011 | IC: 0.8947 | RankIC: 0.8807
2026-02-27 11:28:20,425 - root - INFO - Epoch [679/10000],
2026-02-27 11:28:20,426 - root - INFO - Train Results | R²: 0.9994 | RMSE: 0.0232 | IC: 0.9998 | RankIC: 0.9988
2026-02-27 11:28:20,426 - root - INFO - Valid Results | R²: 0.7470 | RMSE: 0.4992 | IC: 0.8966 | RankIC: 0.8807
2026-02-27 11:28:20,459 - root - INFO - Epoch [680/10000],
2026-02-27 11:28:20,459 - root - INFO - Train Results | R²: 0.9997 | RMSE: 0.0158 | IC: 0.9999 | RankIC: 0.9993
2026-02-27 11:28:20,460 - root - INFO - Valid Results | R²: 0.7433 | RMSE: 0.5029 | IC: 0.8943 | RankIC: 0.8807
2026-02-27 11:28:20,488 - root - INFO - Epoch [681/10000],
2026-02-27 11:28:20,489 - root - INFO - Train Results | R²: 0.9995 | RMSE: 0.0213 | IC: 0.9998 | RankIC: 0.9991
2026-02-27 11:28:20,489 - root - INFO - Valid Results | R²: 0.7495 | RMSE: 0.4967 | IC: 0.8979 | RankIC: 0.8807
2026-02-27 11:28:20,517 - root - INFO - Epoch [682/10000],
2026-02-27 11:28:20,517 - root - INFO - Train Results | R²: 0.9995 | RMSE: 0.0225 | IC: 0.9998 | RankIC: 0.9993
2026-02-27 11:28:20,517 - root - INFO - Valid Results | R²: 0.7444 | RMSE: 0.5018 | IC: 0.8948 | RankIC: 0.8842
2026-02-27 11:28:20,551 - root - INFO - Epoch [683/10000],
2026-02-27 11:28:20,552 - root - INFO - Train Results | R²: 0.9996 | RMSE: 0.0187 | IC: 0.9998 | RankIC: 0.9993
2026-02-27 11:28:20,552 - root - INFO - Valid Results | R²: 0.7470 | RMSE: 0.4992 | IC: 0.8965 | RankIC: 0.8807
2026-02-27 11:28:20,580 - root - INFO - Epoch [684/10000],
2026-02-27 11:28:20,581 - root - INFO - Train Results | R²: 0.9996 | RMSE: 0.0187 | IC: 0.9998 | RankIC: 0.9988
2026-02-27 11:28:20,581 - root - INFO - Valid Results | R²: 0.7427 | RMSE: 0.5034 | IC: 0.8936 | RankIC: 0.8807
2026-02-27 11:28:20,609 - root - INFO - Epoch [685/10000],
2026-02-27 11:28:20,609 - root - INFO - Train Results | R²: 0.9996 | RMSE: 0.0205 | IC: 0.9998 | RankIC: 0.9993
2026-02-27 11:28:20,609 - root - INFO - Valid Results | R²: 0.7460 | RMSE: 0.5002 | IC: 0.8968 | RankIC: 0.8807
2026-02-27 11:28:20,636 - root - INFO - Epoch [686/10000],
2026-02-27 11:28:20,637 - root - INFO - Train Results | R²: 0.9996 | RMSE: 0.0199 | IC: 0.9998 | RankIC: 0.9991
2026-02-27 11:28:20,637 - root - INFO - Valid Results | R²: 0.7432 | RMSE: 0.5030 | IC: 0.8944 | RankIC: 0.8807
2026-02-27 11:28:20,668 - root - INFO - Epoch [687/10000],
2026-02-27 11:28:20,668 - root - INFO - Train Results | R²: 0.9997 | RMSE: 0.0179 | IC: 0.9999 | RankIC: 0.9993
2026-02-27 11:28:20,668 - root - INFO - Valid Results | R²: 0.7447 | RMSE: 0.5015 | IC: 0.8943 | RankIC: 0.8807
2026-02-27 11:28:20,699 - root - INFO - Epoch [688/10000],
2026-02-27 11:28:20,700 - root - INFO - Train Results | R²: 0.9997 | RMSE: 0.0170 | IC: 0.9999 | RankIC: 0.9995
2026-02-27 11:28:20,700 - root - INFO - Valid Results | R²: 0.7440 | RMSE: 0.5022 | IC: 0.8948 | RankIC: 0.8807
2026-02-27 11:28:20,735 - root - INFO - Epoch [689/10000],
2026-02-27 11:28:20,735 - root - INFO - Train Results | R²: 0.9996 | RMSE: 0.0202 | IC: 0.9998 | RankIC: 0.9986
2026-02-27 11:28:20,735 - root - INFO - Valid Results | R²: 0.7429 | RMSE: 0.5032 | IC: 0.8928 | RankIC: 0.8807
2026-02-27 11:28:20,763 - root - INFO - Epoch [690/10000],
2026-02-27 11:28:20,763 - root - INFO - Train Results | R²: 0.9996 | RMSE: 0.0202 | IC: 0.9998 | RankIC: 0.9991
2026-02-27 11:28:20,763 - root - INFO - Valid Results | R²: 0.7474 | RMSE: 0.4988 | IC: 0.8969 | RankIC: 0.8807
2026-02-27 11:28:20,792 - root - INFO - Epoch [691/10000],
2026-02-27 11:28:20,793 - root - INFO - Train Results | R²: 0.9997 | RMSE: 0.0180 | IC: 0.9998 | RankIC: 0.9991
2026-02-27 11:28:20,793 - root - INFO - Valid Results | R²: 0.7470 | RMSE: 0.4992 | IC: 0.8967 | RankIC: 0.8807
2026-02-27 11:28:20,822 - root - INFO - Epoch [692/10000],
2026-02-27 11:28:20,822 - root - INFO - Train Results | R²: 0.9996 | RMSE: 0.0194 | IC: 0.9998 | RankIC: 0.9998
2026-02-27 11:28:20,822 - root - INFO - Valid Results | R²: 0.7457 | RMSE: 0.5005 | IC: 0.8952 | RankIC: 0.8807
2026-02-27 11:28:20,853 - root - INFO - Epoch [693/10000],
2026-02-27 11:28:20,855 - root - INFO - Train Results | R²: 0.9994 | RMSE: 0.0230 | IC: 0.9998 | RankIC: 0.9988
2026-02-27 11:28:20,855 - root - INFO - Valid Results | R²: 0.7472 | RMSE: 0.4990 | IC: 0.8966 | RankIC: 0.8842
2026-02-27 11:28:20,890 - root - INFO - Epoch [694/10000],
2026-02-27 11:28:20,890 - root - INFO - Train Results | R²: 0.9995 | RMSE: 0.0219 | IC: 0.9998 | RankIC: 0.9991
2026-02-27 11:28:20,890 - root - INFO - Valid Results | R²: 0.7431 | RMSE: 0.5030 | IC: 0.8939 | RankIC: 0.8807
2026-02-27 11:28:20,919 - root - INFO - Epoch [695/10000],
2026-02-27 11:28:20,919 - root - INFO - Train Results | R²: 0.9995 | RMSE: 0.0226 | IC: 0.9998 | RankIC: 0.9981
2026-02-27 11:28:20,919 - root - INFO - Valid Results | R²: 0.7450 | RMSE: 0.5012 | IC: 0.8946 | RankIC: 0.8807
2026-02-27 11:28:20,949 - root - INFO - Epoch [696/10000],
2026-02-27 11:28:20,949 - root - INFO - Train Results | R²: 0.9996 | RMSE: 0.0205 | IC: 0.9998 | RankIC: 0.9988
2026-02-27 11:28:20,949 - root - INFO - Valid Results | R²: 0.7449 | RMSE: 0.5012 | IC: 0.8955 | RankIC: 0.8807
2026-02-27 11:28:20,978 - root - INFO - Epoch [697/10000],
2026-02-27 11:28:20,979 - root - INFO - Train Results | R²: 0.9995 | RMSE: 0.0215 | IC: 0.9998 | RankIC: 0.9988
2026-02-27 11:28:20,979 - root - INFO - Valid Results | R²: 0.7439 | RMSE: 0.5023 | IC: 0.8954 | RankIC: 0.8807
2026-02-27 11:28:21,007 - root - INFO - Epoch [698/10000],
2026-02-27 11:28:21,007 - root - INFO - Train Results | R²: 0.9994 | RMSE: 0.0228 | IC: 0.9997 | RankIC: 0.9998
2026-02-27 11:28:21,009 - root - INFO - Valid Results | R²: 0.7455 | RMSE: 0.5007 | IC: 0.8967 | RankIC: 0.8807
2026-02-27 11:28:21,040 - root - INFO - Epoch [699/10000],
2026-02-27 11:28:21,040 - root - INFO - Train Results | R²: 0.9996 | RMSE: 0.0197 | IC: 0.9998 | RankIC: 0.9991
2026-02-27 11:28:21,041 - root - INFO - Valid Results | R²: 0.7455 | RMSE: 0.5006 | IC: 0.8961 | RankIC: 0.8807
2026-02-27 11:28:21,069 - root - INFO - Epoch [700/10000],
2026-02-27 11:28:21,070 - root - INFO - Train Results | R²: 0.9995 | RMSE: 0.0213 | IC: 0.9998 | RankIC: 0.9988
2026-02-27 11:28:21,071 - root - INFO - Valid Results | R²: 0.7461 | RMSE: 0.5001 | IC: 0.8965 | RankIC: 0.8807
2026-02-27 11:28:21,100 - root - INFO - Epoch [701/10000],
2026-02-27 11:28:21,100 - root - INFO - Train Results | R²: 0.9995 | RMSE: 0.0219 | IC: 0.9998 | RankIC: 0.9993
2026-02-27 11:28:21,100 - root - INFO - Valid Results | R²: 0.7458 | RMSE: 0.5004 | IC: 0.8963 | RankIC: 0.8807
2026-02-27 11:28:21,128 - root - INFO - Epoch [702/10000],
2026-02-27 11:28:21,129 - root - INFO - Train Results | R²: 0.9994 | RMSE: 0.0245 | IC: 0.9997 | RankIC: 0.9998
2026-02-27 11:28:21,129 - root - INFO - Valid Results | R²: 0.7424 | RMSE: 0.5037 | IC: 0.8931 | RankIC: 0.8807
2026-02-27 11:28:21,160 - root - INFO - Epoch [703/10000],
2026-02-27 11:28:21,160 - root - INFO - Train Results | R²: 0.9996 | RMSE: 0.0194 | IC: 0.9998 | RankIC: 0.9995
2026-02-27 11:28:21,161 - root - INFO - Valid Results | R²: 0.7467 | RMSE: 0.4995 | IC: 0.8960 | RankIC: 0.8807
2026-02-27 11:28:21,191 - root - INFO - Epoch [704/10000],
2026-02-27 11:28:21,191 - root - INFO - Train Results | R²: 0.9996 | RMSE: 0.0182 | IC: 0.9998 | RankIC: 0.9993
2026-02-27 11:28:21,192 - root - INFO - Valid Results | R²: 0.7496 | RMSE: 0.4966 | IC: 0.8977 | RankIC: 0.8807
2026-02-27 11:28:21,221 - root - INFO - Epoch [705/10000],
2026-02-27 11:28:21,221 - root - INFO - Train Results | R²: 0.9994 | RMSE: 0.0236 | IC: 0.9997 | RankIC: 0.9993
2026-02-27 11:28:21,222 - root - INFO - Valid Results | R²: 0.7407 | RMSE: 0.5054 | IC: 0.8925 | RankIC: 0.8807
2026-02-27 11:28:21,254 - root - INFO - Best model saved at epoch 706 with validation R2: 0.7511
2026-02-27 11:28:21,255 - root - INFO - Epoch [706/10000],
2026-02-27 11:28:21,255 - root - INFO - Train Results | R²: 0.9995 | RMSE: 0.0206 | IC: 0.9998 | RankIC: 0.9995
2026-02-27 11:28:21,255 - root - INFO - Valid Results | R²: 0.7511 | RMSE: 0.4951 | IC: 0.8992 | RankIC: 0.8807
2026-02-27 11:28:21,284 - root - INFO - Epoch [707/10000],
2026-02-27 11:28:21,285 - root - INFO - Train Results | R²: 0.9995 | RMSE: 0.0223 | IC: 0.9998 | RankIC: 0.9995
2026-02-27 11:28:21,285 - root - INFO - Valid Results | R²: 0.7464 | RMSE: 0.4998 | IC: 0.8959 | RankIC: 0.8842
2026-02-27 11:28:21,316 - root - INFO - Epoch [708/10000],
2026-02-27 11:28:21,317 - root - INFO - Train Results | R²: 0.9996 | RMSE: 0.0185 | IC: 0.9998 | RankIC: 0.9986
2026-02-27 11:28:21,317 - root - INFO - Valid Results | R²: 0.7472 | RMSE: 0.4990 | IC: 0.8954 | RankIC: 0.8807
2026-02-27 11:28:21,351 - root - INFO - Epoch [709/10000],
2026-02-27 11:28:21,351 - root - INFO - Train Results | R²: 0.9997 | RMSE: 0.0166 | IC: 0.9999 | RankIC: 0.9993
2026-02-27 11:28:21,351 - root - INFO - Valid Results | R²: 0.7449 | RMSE: 0.5013 | IC: 0.8951 | RankIC: 0.8807
2026-02-27 11:28:21,382 - root - INFO - Epoch [710/10000],
2026-02-27 11:28:21,382 - root - INFO - Train Results | R²: 0.9994 | RMSE: 0.0239 | IC: 0.9997 | RankIC: 0.9998
2026-02-27 11:28:21,382 - root - INFO - Valid Results | R²: 0.7421 | RMSE: 0.5040 | IC: 0.8931 | RankIC: 0.8807
2026-02-27 11:28:21,412 - root - INFO - Epoch [711/10000],
2026-02-27 11:28:21,413 - root - INFO - Train Results | R²: 0.9994 | RMSE: 0.0232 | IC: 0.9997 | RankIC: 0.9986
2026-02-27 11:28:21,413 - root - INFO - Valid Results | R²: 0.7460 | RMSE: 0.5002 | IC: 0.8961 | RankIC: 0.8807
2026-02-27 11:28:21,440 - root - INFO - Epoch [712/10000],
2026-02-27 11:28:21,441 - root - INFO - Train Results | R²: 0.9995 | RMSE: 0.0213 | IC: 0.9998 | RankIC: 0.9988
2026-02-27 11:28:21,441 - root - INFO - Valid Results | R²: 0.7452 | RMSE: 0.5010 | IC: 0.8958 | RankIC: 0.8842
2026-02-27 11:28:21,476 - root - INFO - Epoch [713/10000],
2026-02-27 11:28:21,476 - root - INFO - Train Results | R²: 0.9997 | RMSE: 0.0162 | IC: 0.9999 | RankIC: 0.9995
2026-02-27 11:28:21,476 - root - INFO - Valid Results | R²: 0.7464 | RMSE: 0.4999 | IC: 0.8961 | RankIC: 0.8807
2026-02-27 11:28:21,504 - root - INFO - Epoch [714/10000],
2026-02-27 11:28:21,504 - root - INFO - Train Results | R²: 0.9996 | RMSE: 0.0200 | IC: 0.9998 | RankIC: 0.9991
2026-02-27 11:28:21,505 - root - INFO - Valid Results | R²: 0.7457 | RMSE: 0.5005 | IC: 0.8955 | RankIC: 0.8807
2026-02-27 11:28:21,533 - root - INFO - Epoch [715/10000],
2026-02-27 11:28:21,533 - root - INFO - Train Results | R²: 0.9994 | RMSE: 0.0235 | IC: 0.9998 | RankIC: 0.9983
2026-02-27 11:28:21,533 - root - INFO - Valid Results | R²: 0.7461 | RMSE: 0.5001 | IC: 0.8957 | RankIC: 0.8807
2026-02-27 11:28:21,563 - root - INFO - Epoch [716/10000],
2026-02-27 11:28:21,564 - root - INFO - Train Results | R²: 0.9997 | RMSE: 0.0170 | IC: 0.9998 | RankIC: 0.9993
2026-02-27 11:28:21,564 - root - INFO - Valid Results | R²: 0.7440 | RMSE: 0.5021 | IC: 0.8940 | RankIC: 0.8807
2026-02-27 11:28:21,593 - root - INFO - Epoch [717/10000],
2026-02-27 11:28:21,593 - root - INFO - Train Results | R²: 0.9996 | RMSE: 0.0188 | IC: 0.9998 | RankIC: 0.9991
2026-02-27 11:28:21,594 - root - INFO - Valid Results | R²: 0.7449 | RMSE: 0.5013 | IC: 0.8942 | RankIC: 0.8807
2026-02-27 11:28:21,624 - root - INFO - Epoch [718/10000],
2026-02-27 11:28:21,624 - root - INFO - Train Results | R²: 0.9995 | RMSE: 0.0223 | IC: 0.9997 | RankIC: 0.9991
2026-02-27 11:28:21,624 - root - INFO - Valid Results | R²: 0.7463 | RMSE: 0.4999 | IC: 0.8957 | RankIC: 0.8842
2026-02-27 11:28:21,657 - root - INFO - Epoch [719/10000],
2026-02-27 11:28:21,657 - root - INFO - Train Results | R²: 0.9994 | RMSE: 0.0229 | IC: 0.9997 | RankIC: 0.9986
2026-02-27 11:28:21,658 - root - INFO - Valid Results | R²: 0.7461 | RMSE: 0.5001 | IC: 0.8953 | RankIC: 0.8807
2026-02-27 11:28:21,686 - root - INFO - Epoch [720/10000],
2026-02-27 11:28:21,686 - root - INFO - Train Results | R²: 0.9994 | RMSE: 0.0230 | IC: 0.9998 | RankIC: 0.9981
2026-02-27 11:28:21,687 - root - INFO - Valid Results | R²: 0.7437 | RMSE: 0.5025 | IC: 0.8938 | RankIC: 0.8807
2026-02-27 11:28:21,715 - root - INFO - Epoch [721/10000],
2026-02-27 11:28:21,716 - root - INFO - Train Results | R²: 0.9993 | RMSE: 0.0253 | IC: 0.9998 | RankIC: 0.9991
2026-02-27 11:28:21,716 - root - INFO - Valid Results | R²: 0.7449 | RMSE: 0.5013 | IC: 0.8955 | RankIC: 0.8842
2026-02-27 11:28:21,744 - root - INFO - Epoch [722/10000],
2026-02-27 11:28:21,744 - root - INFO - Train Results | R²: 0.9997 | RMSE: 0.0170 | IC: 0.9999 | RankIC: 0.9988
2026-02-27 11:28:21,744 - root - INFO - Valid Results | R²: 0.7431 | RMSE: 0.5031 | IC: 0.8940 | RankIC: 0.8807
2026-02-27 11:28:21,775 - root - INFO - Epoch [723/10000],
2026-02-27 11:28:21,776 - root - INFO - Train Results | R²: 0.9996 | RMSE: 0.0200 | IC: 0.9998 | RankIC: 0.9993
2026-02-27 11:28:21,776 - root - INFO - Valid Results | R²: 0.7447 | RMSE: 0.5015 | IC: 0.8951 | RankIC: 0.8807
2026-02-27 11:28:21,806 - root - INFO - Best model saved at epoch 724 with validation R2: 0.7527
2026-02-27 11:28:21,806 - root - INFO - Epoch [724/10000],
2026-02-27 11:28:21,806 - root - INFO - Train Results | R²: 0.9994 | RMSE: 0.0239 | IC: 0.9997 | RankIC: 0.9991
2026-02-27 11:28:21,807 - root - INFO - Valid Results | R²: 0.7527 | RMSE: 0.4936 | IC: 0.8997 | RankIC: 0.8842
2026-02-27 11:28:21,835 - root - INFO - Epoch [725/10000],
2026-02-27 11:28:21,835 - root - INFO - Train Results | R²: 0.9993 | RMSE: 0.0252 | IC: 0.9997 | RankIC: 0.9986
2026-02-27 11:28:21,835 - root - INFO - Valid Results | R²: 0.7463 | RMSE: 0.4999 | IC: 0.8961 | RankIC: 0.8807
2026-02-27 11:28:21,863 - root - INFO - Epoch [726/10000],
2026-02-27 11:28:21,863 - root - INFO - Train Results | R²: 0.9996 | RMSE: 0.0193 | IC: 0.9999 | RankIC: 0.9993
2026-02-27 11:28:21,863 - root - INFO - Valid Results | R²: 0.7425 | RMSE: 0.5036 | IC: 0.8929 | RankIC: 0.8807
2026-02-27 11:28:21,892 - root - INFO - Epoch [727/10000],
2026-02-27 11:28:21,893 - root - INFO - Train Results | R²: 0.9994 | RMSE: 0.0228 | IC: 0.9998 | RankIC: 0.9983
2026-02-27 11:28:21,893 - root - INFO - Valid Results | R²: 0.7466 | RMSE: 0.4996 | IC: 0.8963 | RankIC: 0.8807
2026-02-27 11:28:21,925 - root - INFO - Epoch [728/10000],
2026-02-27 11:28:21,926 - root - INFO - Train Results | R²: 0.9994 | RMSE: 0.0235 | IC: 0.9997 | RankIC: 0.9983
2026-02-27 11:28:21,926 - root - INFO - Valid Results | R²: 0.7451 | RMSE: 0.5011 | IC: 0.8945 | RankIC: 0.8807
2026-02-27 11:28:21,961 - root - INFO - Epoch [729/10000],
2026-02-27 11:28:21,961 - root - INFO - Train Results | R²: 0.9996 | RMSE: 0.0205 | IC: 0.9998 | RankIC: 0.9988
2026-02-27 11:28:21,962 - root - INFO - Valid Results | R²: 0.7474 | RMSE: 0.4989 | IC: 0.8955 | RankIC: 0.8842
2026-02-27 11:28:22,008 - root - INFO - Epoch [730/10000],
2026-02-27 11:28:22,009 - root - INFO - Train Results | R²: 0.9993 | RMSE: 0.0250 | IC: 0.9997 | RankIC: 0.9993
2026-02-27 11:28:22,009 - root - INFO - Valid Results | R²: 0.7469 | RMSE: 0.4993 | IC: 0.8958 | RankIC: 0.8807
2026-02-27 11:28:22,041 - root - INFO - Epoch [731/10000],
2026-02-27 11:28:22,041 - root - INFO - Train Results | R²: 0.9996 | RMSE: 0.0187 | IC: 0.9998 | RankIC: 0.9988
2026-02-27 11:28:22,042 - root - INFO - Valid Results | R²: 0.7436 | RMSE: 0.5025 | IC: 0.8945 | RankIC: 0.8842
2026-02-27 11:28:22,074 - root - INFO - Epoch [732/10000],
2026-02-27 11:28:22,075 - root - INFO - Train Results | R²: 0.9994 | RMSE: 0.0235 | IC: 0.9997 | RankIC: 0.9991
2026-02-27 11:28:22,075 - root - INFO - Valid Results | R²: 0.7435 | RMSE: 0.5027 | IC: 0.8939 | RankIC: 0.8807
2026-02-27 11:28:22,109 - root - INFO - Epoch [733/10000],
2026-02-27 11:28:22,109 - root - INFO - Train Results | R²: 0.9996 | RMSE: 0.0195 | IC: 0.9998 | RankIC: 0.9986
2026-02-27 11:28:22,109 - root - INFO - Valid Results | R²: 0.7393 | RMSE: 0.5067 | IC: 0.8911 | RankIC: 0.8877
2026-02-27 11:28:22,143 - root - INFO - Epoch [734/10000],
2026-02-27 11:28:22,143 - root - INFO - Train Results | R²: 0.9992 | RMSE: 0.0267 | IC: 0.9997 | RankIC: 0.9991
2026-02-27 11:28:22,143 - root - INFO - Valid Results | R²: 0.7436 | RMSE: 0.5026 | IC: 0.8939 | RankIC: 0.8807
2026-02-27 11:28:22,175 - root - INFO - Epoch [735/10000],
2026-02-27 11:28:22,176 - root - INFO - Train Results | R²: 0.9995 | RMSE: 0.0209 | IC: 0.9998 | RankIC: 0.9988
2026-02-27 11:28:22,176 - root - INFO - Valid Results | R²: 0.7451 | RMSE: 0.5011 | IC: 0.8954 | RankIC: 0.8807
2026-02-27 11:28:22,219 - root - INFO - Epoch [736/10000],
2026-02-27 11:28:22,220 - root - INFO - Train Results | R²: 0.9996 | RMSE: 0.0190 | IC: 0.9998 | RankIC: 0.9993
2026-02-27 11:28:22,220 - root - INFO - Valid Results | R²: 0.7425 | RMSE: 0.5036 | IC: 0.8939 | RankIC: 0.8807
2026-02-27 11:28:22,253 - root - INFO - Epoch [737/10000],
2026-02-27 11:28:22,254 - root - INFO - Train Results | R²: 0.9996 | RMSE: 0.0203 | IC: 0.9998 | RankIC: 0.9991
2026-02-27 11:28:22,254 - root - INFO - Valid Results | R²: 0.7438 | RMSE: 0.5024 | IC: 0.8936 | RankIC: 0.8807
2026-02-27 11:28:22,285 - root - INFO - Epoch [738/10000],
2026-02-27 11:28:22,286 - root - INFO - Train Results | R²: 0.9994 | RMSE: 0.0246 | IC: 0.9997 | RankIC: 0.9995
2026-02-27 11:28:22,286 - root - INFO - Valid Results | R²: 0.7447 | RMSE: 0.5014 | IC: 0.8938 | RankIC: 0.8807
2026-02-27 11:28:22,317 - root - INFO - Epoch [739/10000],
2026-02-27 11:28:22,317 - root - INFO - Train Results | R²: 0.9993 | RMSE: 0.0257 | IC: 0.9997 | RankIC: 0.9998
2026-02-27 11:28:22,317 - root - INFO - Valid Results | R²: 0.7482 | RMSE: 0.4980 | IC: 0.8966 | RankIC: 0.8807
2026-02-27 11:28:22,359 - root - INFO - Epoch [740/10000],
2026-02-27 11:28:22,360 - root - INFO - Train Results | R²: 0.9994 | RMSE: 0.0237 | IC: 0.9997 | RankIC: 0.9993
2026-02-27 11:28:22,360 - root - INFO - Valid Results | R²: 0.7453 | RMSE: 0.5009 | IC: 0.8942 | RankIC: 0.8842
2026-02-27 11:28:22,390 - root - INFO - Epoch [741/10000],
2026-02-27 11:28:22,391 - root - INFO - Train Results | R²: 0.9995 | RMSE: 0.0219 | IC: 0.9998 | RankIC: 0.9991
2026-02-27 11:28:22,391 - root - INFO - Valid Results | R²: 0.7472 | RMSE: 0.4990 | IC: 0.8951 | RankIC: 0.8807
2026-02-27 11:28:22,423 - root - INFO - Epoch [742/10000],
2026-02-27 11:28:22,423 - root - INFO - Train Results | R²: 0.9995 | RMSE: 0.0209 | IC: 0.9998 | RankIC: 0.9993
2026-02-27 11:28:22,424 - root - INFO - Valid Results | R²: 0.7457 | RMSE: 0.5005 | IC: 0.8960 | RankIC: 0.8807
2026-02-27 11:28:22,454 - root - INFO - Epoch [743/10000],
2026-02-27 11:28:22,455 - root - INFO - Train Results | R²: 0.9995 | RMSE: 0.0222 | IC: 0.9998 | RankIC: 0.9995
2026-02-27 11:28:22,456 - root - INFO - Valid Results | R²: 0.7476 | RMSE: 0.4986 | IC: 0.8966 | RankIC: 0.8807
2026-02-27 11:28:22,485 - root - INFO - Epoch [744/10000],
2026-02-27 11:28:22,486 - root - INFO - Train Results | R²: 0.9994 | RMSE: 0.0229 | IC: 0.9998 | RankIC: 0.9991
2026-02-27 11:28:22,486 - root - INFO - Valid Results | R²: 0.7453 | RMSE: 0.5009 | IC: 0.8955 | RankIC: 0.8807
2026-02-27 11:28:22,519 - root - INFO - Epoch [745/10000],
2026-02-27 11:28:22,519 - root - INFO - Train Results | R²: 0.9996 | RMSE: 0.0195 | IC: 0.9998 | RankIC: 0.9991
2026-02-27 11:28:22,520 - root - INFO - Valid Results | R²: 0.7439 | RMSE: 0.5023 | IC: 0.8945 | RankIC: 0.8807
2026-02-27 11:28:22,552 - root - INFO - Epoch [746/10000],
2026-02-27 11:28:22,552 - root - INFO - Train Results | R²: 0.9997 | RMSE: 0.0173 | IC: 0.9999 | RankIC: 0.9995
2026-02-27 11:28:22,552 - root - INFO - Valid Results | R²: 0.7443 | RMSE: 0.5018 | IC: 0.8949 | RankIC: 0.8842
2026-02-27 11:28:22,593 - root - INFO - Epoch [747/10000],
2026-02-27 11:28:22,593 - root - INFO - Train Results | R²: 0.9997 | RMSE: 0.0154 | IC: 0.9999 | RankIC: 0.9995
2026-02-27 11:28:22,593 - root - INFO - Valid Results | R²: 0.7404 | RMSE: 0.5057 | IC: 0.8935 | RankIC: 0.8807
2026-02-27 11:28:22,624 - root - INFO - Epoch [748/10000],
2026-02-27 11:28:22,624 - root - INFO - Train Results | R²: 0.9996 | RMSE: 0.0192 | IC: 0.9998 | RankIC: 0.9991
2026-02-27 11:28:22,624 - root - INFO - Valid Results | R²: 0.7408 | RMSE: 0.5053 | IC: 0.8935 | RankIC: 0.8807
2026-02-27 11:28:22,651 - root - INFO - Epoch [749/10000],
2026-02-27 11:28:22,652 - root - INFO - Train Results | R²: 0.9996 | RMSE: 0.0196 | IC: 0.9998 | RankIC: 0.9983
2026-02-27 11:28:22,652 - root - INFO - Valid Results | R²: 0.7459 | RMSE: 0.5003 | IC: 0.8959 | RankIC: 0.8807
2026-02-27 11:28:22,679 - root - INFO - Epoch [750/10000],
2026-02-27 11:28:22,679 - root - INFO - Train Results | R²: 0.9997 | RMSE: 0.0180 | IC: 0.9998 | RankIC: 0.9993
2026-02-27 11:28:22,679 - root - INFO - Valid Results | R²: 0.7485 | RMSE: 0.4977 | IC: 0.8974 | RankIC: 0.8807
2026-02-27 11:28:22,709 - root - INFO - Epoch [751/10000],
2026-02-27 11:28:22,710 - root - INFO - Train Results | R²: 0.9997 | RMSE: 0.0167 | IC: 0.9999 | RankIC: 0.9998
2026-02-27 11:28:22,710 - root - INFO - Valid Results | R²: 0.7437 | RMSE: 0.5024 | IC: 0.8945 | RankIC: 0.8807
2026-02-27 11:28:22,745 - root - INFO - Epoch [752/10000],
2026-02-27 11:28:22,746 - root - INFO - Train Results | R²: 0.9996 | RMSE: 0.0182 | IC: 0.9998 | RankIC: 0.9988
2026-02-27 11:28:22,746 - root - INFO - Valid Results | R²: 0.7433 | RMSE: 0.5028 | IC: 0.8933 | RankIC: 0.8842
2026-02-27 11:28:22,778 - root - INFO - Epoch [753/10000],
2026-02-27 11:28:22,778 - root - INFO - Train Results | R²: 0.9995 | RMSE: 0.0217 | IC: 0.9998 | RankIC: 0.9991
2026-02-27 11:28:22,779 - root - INFO - Valid Results | R²: 0.7463 | RMSE: 0.4999 | IC: 0.8964 | RankIC: 0.8807
2026-02-27 11:28:22,811 - root - INFO - Epoch [754/10000],
2026-02-27 11:28:22,812 - root - INFO - Train Results | R²: 0.9995 | RMSE: 0.0208 | IC: 0.9998 | RankIC: 0.9991
2026-02-27 11:28:22,812 - root - INFO - Valid Results | R²: 0.7479 | RMSE: 0.4983 | IC: 0.8956 | RankIC: 0.8807
2026-02-27 11:28:22,856 - root - INFO - Epoch [755/10000],
2026-02-27 11:28:22,856 - root - INFO - Train Results | R²: 0.9997 | RMSE: 0.0164 | IC: 0.9999 | RankIC: 0.9995
2026-02-27 11:28:22,856 - root - INFO - Valid Results | R²: 0.7447 | RMSE: 0.5015 | IC: 0.8939 | RankIC: 0.8842
2026-02-27 11:28:22,884 - root - INFO - Epoch [756/10000],
2026-02-27 11:28:22,885 - root - INFO - Train Results | R²: 0.9997 | RMSE: 0.0179 | IC: 0.9998 | RankIC: 0.9995
2026-02-27 11:28:22,885 - root - INFO - Valid Results | R²: 0.7422 | RMSE: 0.5039 | IC: 0.8933 | RankIC: 0.8842
2026-02-27 11:28:22,914 - root - INFO - Epoch [757/10000],
2026-02-27 11:28:22,914 - root - INFO - Train Results | R²: 0.9994 | RMSE: 0.0227 | IC: 0.9997 | RankIC: 0.9998
2026-02-27 11:28:22,914 - root - INFO - Valid Results | R²: 0.7481 | RMSE: 0.4981 | IC: 0.8971 | RankIC: 0.8807
2026-02-27 11:28:22,948 - root - INFO - Epoch [758/10000],
2026-02-27 11:28:22,948 - root - INFO - Train Results | R²: 0.9996 | RMSE: 0.0195 | IC: 0.9998 | RankIC: 0.9988
2026-02-27 11:28:22,949 - root - INFO - Valid Results | R²: 0.7441 | RMSE: 0.5021 | IC: 0.8936 | RankIC: 0.8807
2026-02-27 11:28:22,979 - root - INFO - Epoch [759/10000],
2026-02-27 11:28:22,979 - root - INFO - Train Results | R²: 0.9998 | RMSE: 0.0127 | IC: 0.9999 | RankIC: 0.9995
2026-02-27 11:28:22,980 - root - INFO - Valid Results | R²: 0.7450 | RMSE: 0.5012 | IC: 0.8954 | RankIC: 0.8842
2026-02-27 11:28:23,010 - root - INFO - Epoch [760/10000],
2026-02-27 11:28:23,011 - root - INFO - Train Results | R²: 0.9995 | RMSE: 0.0225 | IC: 0.9998 | RankIC: 0.9988
2026-02-27 11:28:23,011 - root - INFO - Valid Results | R²: 0.7463 | RMSE: 0.4999 | IC: 0.8962 | RankIC: 0.8842
2026-02-27 11:28:23,042 - root - INFO - Epoch [761/10000],
2026-02-27 11:28:23,042 - root - INFO - Train Results | R²: 0.9997 | RMSE: 0.0179 | IC: 0.9998 | RankIC: 0.9986
2026-02-27 11:28:23,043 - root - INFO - Valid Results | R²: 0.7424 | RMSE: 0.5037 | IC: 0.8932 | RankIC: 0.8807
2026-02-27 11:28:23,071 - root - INFO - Epoch [762/10000],
2026-02-27 11:28:23,072 - root - INFO - Train Results | R²: 0.9994 | RMSE: 0.0235 | IC: 0.9997 | RankIC: 0.9993
2026-02-27 11:28:23,072 - root - INFO - Valid Results | R²: 0.7405 | RMSE: 0.5056 | IC: 0.8918 | RankIC: 0.8842
2026-02-27 11:28:23,102 - root - INFO - Epoch [763/10000],
2026-02-27 11:28:23,103 - root - INFO - Train Results | R²: 0.9995 | RMSE: 0.0227 | IC: 0.9998 | RankIC: 0.9991
2026-02-27 11:28:23,104 - root - INFO - Valid Results | R²: 0.7485 | RMSE: 0.4977 | IC: 0.8973 | RankIC: 0.8807
2026-02-27 11:28:23,133 - root - INFO - Epoch [764/10000],
2026-02-27 11:28:23,133 - root - INFO - Train Results | R²: 0.9996 | RMSE: 0.0187 | IC: 0.9998 | RankIC: 0.9991
2026-02-27 11:28:23,135 - root - INFO - Valid Results | R²: 0.7485 | RMSE: 0.4977 | IC: 0.8967 | RankIC: 0.8807
2026-02-27 11:28:23,166 - root - INFO - Epoch [765/10000],
2026-02-27 11:28:23,166 - root - INFO - Train Results | R²: 0.9995 | RMSE: 0.0220 | IC: 0.9997 | RankIC: 0.9983
2026-02-27 11:28:23,166 - root - INFO - Valid Results | R²: 0.7496 | RMSE: 0.4966 | IC: 0.8959 | RankIC: 0.8807
2026-02-27 11:28:23,196 - root - INFO - Epoch [766/10000],
2026-02-27 11:28:23,197 - root - INFO - Train Results | R²: 0.9996 | RMSE: 0.0187 | IC: 0.9998 | RankIC: 0.9993
2026-02-27 11:28:23,197 - root - INFO - Valid Results | R²: 0.7442 | RMSE: 0.5020 | IC: 0.8928 | RankIC: 0.8807
2026-02-27 11:28:23,239 - root - INFO - Epoch [767/10000],
2026-02-27 11:28:23,240 - root - INFO - Train Results | R²: 0.9995 | RMSE: 0.0209 | IC: 0.9998 | RankIC: 0.9995
2026-02-27 11:28:23,240 - root - INFO - Valid Results | R²: 0.7508 | RMSE: 0.4954 | IC: 0.8972 | RankIC: 0.8807
2026-02-27 11:28:23,272 - root - INFO - Epoch [768/10000],
2026-02-27 11:28:23,272 - root - INFO - Train Results | R²: 0.9994 | RMSE: 0.0231 | IC: 0.9998 | RankIC: 0.9986
2026-02-27 11:28:23,272 - root - INFO - Valid Results | R²: 0.7495 | RMSE: 0.4967 | IC: 0.8964 | RankIC: 0.8807
2026-02-27 11:28:23,302 - root - INFO - Epoch [769/10000],
2026-02-27 11:28:23,302 - root - INFO - Train Results | R²: 0.9994 | RMSE: 0.0244 | IC: 0.9997 | RankIC: 0.9995
2026-02-27 11:28:23,302 - root - INFO - Valid Results | R²: 0.7451 | RMSE: 0.5011 | IC: 0.8947 | RankIC: 0.8807
2026-02-27 11:28:23,332 - root - INFO - Epoch [770/10000],
2026-02-27 11:28:23,332 - root - INFO - Train Results | R²: 0.9995 | RMSE: 0.0216 | IC: 0.9998 | RankIC: 0.9991
2026-02-27 11:28:23,333 - root - INFO - Valid Results | R²: 0.7462 | RMSE: 0.5000 | IC: 0.8963 | RankIC: 0.8807
2026-02-27 11:28:23,366 - root - INFO - Epoch [771/10000],
2026-02-27 11:28:23,366 - root - INFO - Train Results | R²: 0.9995 | RMSE: 0.0219 | IC: 0.9998 | RankIC: 0.9986
2026-02-27 11:28:23,366 - root - INFO - Valid Results | R²: 0.7479 | RMSE: 0.4984 | IC: 0.8982 | RankIC: 0.8807
2026-02-27 11:28:23,396 - root - INFO - Epoch [772/10000],
2026-02-27 11:28:23,397 - root - INFO - Train Results | R²: 0.9993 | RMSE: 0.0263 | IC: 0.9997 | RankIC: 0.9986
2026-02-27 11:28:23,397 - root - INFO - Valid Results | R²: 0.7453 | RMSE: 0.5009 | IC: 0.8973 | RankIC: 0.8807
2026-02-27 11:28:23,430 - root - INFO - Epoch [773/10000],
2026-02-27 11:28:23,431 - root - INFO - Train Results | R²: 0.9995 | RMSE: 0.0220 | IC: 0.9998 | RankIC: 0.9991
2026-02-27 11:28:23,431 - root - INFO - Valid Results | R²: 0.7454 | RMSE: 0.5008 | IC: 0.8964 | RankIC: 0.8807
2026-02-27 11:28:23,464 - root - INFO - Epoch [774/10000],
2026-02-27 11:28:23,464 - root - INFO - Train Results | R²: 0.9995 | RMSE: 0.0219 | IC: 0.9998 | RankIC: 0.9993
2026-02-27 11:28:23,464 - root - INFO - Valid Results | R²: 0.7459 | RMSE: 0.5003 | IC: 0.8952 | RankIC: 0.8807
2026-02-27 11:28:23,498 - root - INFO - Epoch [775/10000],
2026-02-27 11:28:23,499 - root - INFO - Train Results | R²: 0.9996 | RMSE: 0.0191 | IC: 0.9998 | RankIC: 0.9991
2026-02-27 11:28:23,499 - root - INFO - Valid Results | R²: 0.7514 | RMSE: 0.4948 | IC: 0.8986 | RankIC: 0.8807
2026-02-27 11:28:23,559 - root - INFO - Epoch [776/10000],
2026-02-27 11:28:23,559 - root - INFO - Train Results | R²: 0.9994 | RMSE: 0.0232 | IC: 0.9998 | RankIC: 0.9998
2026-02-27 11:28:23,559 - root - INFO - Valid Results | R²: 0.7445 | RMSE: 0.5016 | IC: 0.8928 | RankIC: 0.8807
2026-02-27 11:28:23,590 - root - INFO - Epoch [777/10000],
2026-02-27 11:28:23,590 - root - INFO - Train Results | R²: 0.9996 | RMSE: 0.0204 | IC: 0.9998 | RankIC: 0.9988
2026-02-27 11:28:23,591 - root - INFO - Valid Results | R²: 0.7473 | RMSE: 0.4989 | IC: 0.8963 | RankIC: 0.8807
2026-02-27 11:28:23,618 - root - INFO - Epoch [778/10000],
2026-02-27 11:28:23,618 - root - INFO - Train Results | R²: 0.9997 | RMSE: 0.0179 | IC: 0.9999 | RankIC: 0.9993
2026-02-27 11:28:23,618 - root - INFO - Valid Results | R²: 0.7488 | RMSE: 0.4975 | IC: 0.8958 | RankIC: 0.8842
2026-02-27 11:28:23,647 - root - INFO - Epoch [779/10000],
2026-02-27 11:28:23,648 - root - INFO - Train Results | R²: 0.9996 | RMSE: 0.0195 | IC: 0.9999 | RankIC: 0.9995
2026-02-27 11:28:23,648 - root - INFO - Valid Results | R²: 0.7490 | RMSE: 0.4972 | IC: 0.8968 | RankIC: 0.8807
2026-02-27 11:28:23,680 - root - INFO - Epoch [780/10000],
2026-02-27 11:28:23,681 - root - INFO - Train Results | R²: 0.9995 | RMSE: 0.0223 | IC: 0.9998 | RankIC: 0.9993
2026-02-27 11:28:23,681 - root - INFO - Valid Results | R²: 0.7434 | RMSE: 0.5027 | IC: 0.8943 | RankIC: 0.8807
2026-02-27 11:28:23,716 - root - INFO - Epoch [781/10000],
2026-02-27 11:28:23,716 - root - INFO - Train Results | R²: 0.9994 | RMSE: 0.0229 | IC: 0.9998 | RankIC: 0.9991
2026-02-27 11:28:23,716 - root - INFO - Valid Results | R²: 0.7464 | RMSE: 0.4998 | IC: 0.8961 | RankIC: 0.8807
2026-02-27 11:28:23,749 - root - INFO - Epoch [782/10000],
2026-02-27 11:28:23,749 - root - INFO - Train Results | R²: 0.9998 | RMSE: 0.0149 | IC: 0.9999 | RankIC: 0.9995
2026-02-27 11:28:23,750 - root - INFO - Valid Results | R²: 0.7468 | RMSE: 0.4994 | IC: 0.8968 | RankIC: 0.8807
2026-02-27 11:28:23,783 - root - INFO - Epoch [783/10000],
2026-02-27 11:28:23,783 - root - INFO - Train Results | R²: 0.9996 | RMSE: 0.0203 | IC: 0.9998 | RankIC: 0.9993
2026-02-27 11:28:23,784 - root - INFO - Valid Results | R²: 0.7484 | RMSE: 0.4978 | IC: 0.8959 | RankIC: 0.8877
2026-02-27 11:28:23,817 - root - INFO - Epoch [784/10000],
2026-02-27 11:28:23,817 - root - INFO - Train Results | R²: 0.9995 | RMSE: 0.0206 | IC: 0.9998 | RankIC: 0.9988
2026-02-27 11:28:23,818 - root - INFO - Valid Results | R²: 0.7445 | RMSE: 0.5017 | IC: 0.8948 | RankIC: 0.8877
2026-02-27 11:28:23,852 - root - INFO - Epoch [785/10000],
2026-02-27 11:28:23,852 - root - INFO - Train Results | R²: 0.9994 | RMSE: 0.0232 | IC: 0.9997 | RankIC: 0.9991
2026-02-27 11:28:23,853 - root - INFO - Valid Results | R²: 0.7498 | RMSE: 0.4964 | IC: 0.8971 | RankIC: 0.8807
2026-02-27 11:28:23,885 - root - INFO - Epoch [786/10000],
2026-02-27 11:28:23,885 - root - INFO - Train Results | R²: 0.9996 | RMSE: 0.0204 | IC: 0.9998 | RankIC: 0.9993
2026-02-27 11:28:23,885 - root - INFO - Valid Results | R²: 0.7453 | RMSE: 0.5009 | IC: 0.8953 | RankIC: 0.8807
2026-02-27 11:28:23,916 - root - INFO - Epoch [787/10000],
2026-02-27 11:28:23,916 - root - INFO - Train Results | R²: 0.9994 | RMSE: 0.0231 | IC: 0.9997 | RankIC: 0.9988
2026-02-27 11:28:23,916 - root - INFO - Valid Results | R²: 0.7465 | RMSE: 0.4997 | IC: 0.8948 | RankIC: 0.8807
2026-02-27 11:28:23,951 - root - INFO - Epoch [788/10000],
2026-02-27 11:28:23,951 - root - INFO - Train Results | R²: 0.9995 | RMSE: 0.0214 | IC: 0.9998 | RankIC: 0.9995
2026-02-27 11:28:23,951 - root - INFO - Valid Results | R²: 0.7467 | RMSE: 0.4995 | IC: 0.8952 | RankIC: 0.8842
2026-02-27 11:28:23,985 - root - INFO - Epoch [789/10000],
2026-02-27 11:28:23,986 - root - INFO - Train Results | R²: 0.9996 | RMSE: 0.0185 | IC: 0.9998 | RankIC: 0.9988
2026-02-27 11:28:23,986 - root - INFO - Valid Results | R²: 0.7460 | RMSE: 0.5002 | IC: 0.8945 | RankIC: 0.8807
2026-02-27 11:28:24,019 - root - INFO - Epoch [790/10000],
2026-02-27 11:28:24,019 - root - INFO - Train Results | R²: 0.9998 | RMSE: 0.0142 | IC: 0.9999 | RankIC: 0.9995
2026-02-27 11:28:24,020 - root - INFO - Valid Results | R²: 0.7400 | RMSE: 0.5060 | IC: 0.8912 | RankIC: 0.8807
2026-02-27 11:28:24,054 - root - INFO - Epoch [791/10000],
2026-02-27 11:28:24,055 - root - INFO - Train Results | R²: 0.9993 | RMSE: 0.0252 | IC: 0.9998 | RankIC: 0.9991
2026-02-27 11:28:24,055 - root - INFO - Valid Results | R²: 0.7482 | RMSE: 0.4980 | IC: 0.8961 | RankIC: 0.8842
2026-02-27 11:28:24,088 - root - INFO - Epoch [792/10000],
2026-02-27 11:28:24,088 - root - INFO - Train Results | R²: 0.9997 | RMSE: 0.0175 | IC: 0.9998 | RankIC: 0.9995
2026-02-27 11:28:24,089 - root - INFO - Valid Results | R²: 0.7479 | RMSE: 0.4983 | IC: 0.8968 | RankIC: 0.8807
2026-02-27 11:28:24,118 - root - INFO - Epoch [793/10000],
2026-02-27 11:28:24,119 - root - INFO - Train Results | R²: 0.9997 | RMSE: 0.0168 | IC: 0.9998 | RankIC: 0.9988
2026-02-27 11:28:24,119 - root - INFO - Valid Results | R²: 0.7472 | RMSE: 0.4990 | IC: 0.8954 | RankIC: 0.8842
2026-02-27 11:28:24,149 - root - INFO - Epoch [794/10000],
2026-02-27 11:28:24,149 - root - INFO - Train Results | R²: 0.9994 | RMSE: 0.0230 | IC: 0.9998 | RankIC: 0.9988
2026-02-27 11:28:24,149 - root - INFO - Valid Results | R²: 0.7497 | RMSE: 0.4966 | IC: 0.8978 | RankIC: 0.8842
2026-02-27 11:28:24,181 - root - INFO - Epoch [795/10000],
2026-02-27 11:28:24,181 - root - INFO - Train Results | R²: 0.9998 | RMSE: 0.0146 | IC: 0.9999 | RankIC: 0.9995
2026-02-27 11:28:24,181 - root - INFO - Valid Results | R²: 0.7435 | RMSE: 0.5026 | IC: 0.8932 | RankIC: 0.8807
2026-02-27 11:28:24,214 - root - INFO - Epoch [796/10000],
2026-02-27 11:28:24,215 - root - INFO - Train Results | R²: 0.9996 | RMSE: 0.0199 | IC: 0.9998 | RankIC: 0.9986
2026-02-27 11:28:24,215 - root - INFO - Valid Results | R²: 0.7476 | RMSE: 0.4987 | IC: 0.8955 | RankIC: 0.8807
2026-02-27 11:28:24,248 - root - INFO - Epoch [797/10000],
2026-02-27 11:28:24,248 - root - INFO - Train Results | R²: 0.9995 | RMSE: 0.0213 | IC: 0.9998 | RankIC: 0.9991
2026-02-27 11:28:24,249 - root - INFO - Valid Results | R²: 0.7486 | RMSE: 0.4976 | IC: 0.8967 | RankIC: 0.8842
2026-02-27 11:28:24,287 - root - INFO - Epoch [798/10000],
2026-02-27 11:28:24,288 - root - INFO - Train Results | R²: 0.9997 | RMSE: 0.0180 | IC: 0.9999 | RankIC: 0.9983
2026-02-27 11:28:24,288 - root - INFO - Valid Results | R²: 0.7462 | RMSE: 0.5000 | IC: 0.8967 | RankIC: 0.8807
2026-02-27 11:28:24,317 - root - INFO - Epoch [799/10000],
2026-02-27 11:28:24,318 - root - INFO - Train Results | R²: 0.9995 | RMSE: 0.0223 | IC: 0.9997 | RankIC: 0.9995
2026-02-27 11:28:24,318 - root - INFO - Valid Results | R²: 0.7497 | RMSE: 0.4966 | IC: 0.8978 | RankIC: 0.8807
2026-02-27 11:28:24,364 - root - INFO - Epoch [800/10000],
2026-02-27 11:28:24,364 - root - INFO - Train Results | R²: 0.9996 | RMSE: 0.0187 | IC: 0.9998 | RankIC: 0.9995
2026-02-27 11:28:24,364 - root - INFO - Valid Results | R²: 0.7459 | RMSE: 0.5003 | IC: 0.8964 | RankIC: 0.8807
2026-02-27 11:28:24,397 - root - INFO - Epoch [801/10000],
2026-02-27 11:28:24,399 - root - INFO - Train Results | R²: 0.9997 | RMSE: 0.0180 | IC: 0.9998 | RankIC: 0.9995
2026-02-27 11:28:24,399 - root - INFO - Valid Results | R²: 0.7422 | RMSE: 0.5039 | IC: 0.8942 | RankIC: 0.8807
2026-02-27 11:28:24,435 - root - INFO - Epoch [802/10000],
2026-02-27 11:28:24,435 - root - INFO - Train Results | R²: 0.9998 | RMSE: 0.0131 | IC: 0.9999 | RankIC: 0.9998
2026-02-27 11:28:24,436 - root - INFO - Valid Results | R²: 0.7503 | RMSE: 0.4960 | IC: 0.8986 | RankIC: 0.8807
2026-02-27 11:28:24,470 - root - INFO - Epoch [803/10000],
2026-02-27 11:28:24,471 - root - INFO - Train Results | R²: 0.9997 | RMSE: 0.0171 | IC: 0.9999 | RankIC: 0.9988
2026-02-27 11:28:24,471 - root - INFO - Valid Results | R²: 0.7473 | RMSE: 0.4989 | IC: 0.8960 | RankIC: 0.8807
2026-02-27 11:28:24,499 - root - INFO - Epoch [804/10000],
2026-02-27 11:28:24,499 - root - INFO - Train Results | R²: 0.9996 | RMSE: 0.0195 | IC: 0.9998 | RankIC: 0.9998
2026-02-27 11:28:24,499 - root - INFO - Valid Results | R²: 0.7483 | RMSE: 0.4979 | IC: 0.8966 | RankIC: 0.8842
2026-02-27 11:28:24,527 - root - INFO - Epoch [805/10000],
2026-02-27 11:28:24,528 - root - INFO - Train Results | R²: 0.9996 | RMSE: 0.0192 | IC: 0.9998 | RankIC: 0.9988
2026-02-27 11:28:24,528 - root - INFO - Valid Results | R²: 0.7514 | RMSE: 0.4949 | IC: 0.8972 | RankIC: 0.8807
2026-02-27 11:28:24,554 - root - INFO - Epoch [806/10000],
2026-02-27 11:28:24,554 - root - INFO - Train Results | R²: 0.9994 | RMSE: 0.0230 | IC: 0.9997 | RankIC: 0.9998
2026-02-27 11:28:24,554 - root - INFO - Valid Results | R²: 0.7476 | RMSE: 0.4986 | IC: 0.8949 | RankIC: 0.8807
2026-02-27 11:28:24,586 - root - INFO - Epoch [807/10000],
2026-02-27 11:28:24,586 - root - INFO - Train Results | R²: 0.9996 | RMSE: 0.0190 | IC: 0.9998 | RankIC: 1.0000
2026-02-27 11:28:24,586 - root - INFO - Valid Results | R²: 0.7462 | RMSE: 0.5000 | IC: 0.8947 | RankIC: 0.8807
2026-02-27 11:28:24,623 - root - INFO - Epoch [808/10000],
2026-02-27 11:28:24,624 - root - INFO - Train Results | R²: 0.9997 | RMSE: 0.0169 | IC: 0.9999 | RankIC: 0.9993
2026-02-27 11:28:24,624 - root - INFO - Valid Results | R²: 0.7449 | RMSE: 0.5013 | IC: 0.8946 | RankIC: 0.8807
2026-02-27 11:28:24,651 - root - INFO - Epoch [809/10000],
2026-02-27 11:28:24,652 - root - INFO - Train Results | R²: 0.9997 | RMSE: 0.0168 | IC: 0.9999 | RankIC: 0.9998
2026-02-27 11:28:24,652 - root - INFO - Valid Results | R²: 0.7444 | RMSE: 0.5018 | IC: 0.8951 | RankIC: 0.8807
2026-02-27 11:28:24,679 - root - INFO - Epoch [810/10000],
2026-02-27 11:28:24,680 - root - INFO - Train Results | R²: 0.9997 | RMSE: 0.0176 | IC: 0.9998 | RankIC: 0.9983
2026-02-27 11:28:24,680 - root - INFO - Valid Results | R²: 0.7410 | RMSE: 0.5051 | IC: 0.8931 | RankIC: 0.8807
2026-02-27 11:28:24,707 - root - INFO - Epoch [811/10000],
2026-02-27 11:28:24,708 - root - INFO - Train Results | R²: 0.9996 | RMSE: 0.0184 | IC: 0.9998 | RankIC: 0.9988
2026-02-27 11:28:24,708 - root - INFO - Valid Results | R²: 0.7429 | RMSE: 0.5033 | IC: 0.8938 | RankIC: 0.8807
2026-02-27 11:28:24,742 - root - INFO - Epoch [812/10000],
2026-02-27 11:28:24,742 - root - INFO - Train Results | R²: 0.9995 | RMSE: 0.0211 | IC: 0.9998 | RankIC: 0.9998
2026-02-27 11:28:24,742 - root - INFO - Valid Results | R²: 0.7482 | RMSE: 0.4980 | IC: 0.8971 | RankIC: 0.8807
2026-02-27 11:28:24,772 - root - INFO - Epoch [813/10000],
2026-02-27 11:28:24,772 - root - INFO - Train Results | R²: 0.9994 | RMSE: 0.0232 | IC: 0.9998 | RankIC: 0.9986
2026-02-27 11:28:24,772 - root - INFO - Valid Results | R²: 0.7414 | RMSE: 0.5047 | IC: 0.8913 | RankIC: 0.8807
2026-02-27 11:28:24,803 - root - INFO - Epoch [814/10000],
2026-02-27 11:28:24,803 - root - INFO - Train Results | R²: 0.9996 | RMSE: 0.0201 | IC: 0.9998 | RankIC: 0.9993
2026-02-27 11:28:24,803 - root - INFO - Valid Results | R²: 0.7470 | RMSE: 0.4993 | IC: 0.8950 | RankIC: 0.8807
2026-02-27 11:28:24,834 - root - INFO - Epoch [815/10000],
2026-02-27 11:28:24,834 - root - INFO - Train Results | R²: 0.9997 | RMSE: 0.0155 | IC: 0.9999 | RankIC: 0.9993
2026-02-27 11:28:24,834 - root - INFO - Valid Results | R²: 0.7447 | RMSE: 0.5015 | IC: 0.8942 | RankIC: 0.8807
2026-02-27 11:28:24,867 - root - INFO - Epoch [816/10000],
2026-02-27 11:28:24,867 - root - INFO - Train Results | R²: 0.9997 | RMSE: 0.0176 | IC: 0.9998 | RankIC: 0.9993
2026-02-27 11:28:24,867 - root - INFO - Valid Results | R²: 0.7416 | RMSE: 0.5045 | IC: 0.8935 | RankIC: 0.8807
2026-02-27 11:28:24,896 - root - INFO - Epoch [817/10000],
2026-02-27 11:28:24,897 - root - INFO - Train Results | R²: 0.9996 | RMSE: 0.0182 | IC: 0.9998 | RankIC: 0.9993
2026-02-27 11:28:24,897 - root - INFO - Valid Results | R²: 0.7448 | RMSE: 0.5014 | IC: 0.8938 | RankIC: 0.8807
2026-02-27 11:28:24,924 - root - INFO - Epoch [818/10000],
2026-02-27 11:28:24,925 - root - INFO - Train Results | R²: 0.9994 | RMSE: 0.0239 | IC: 0.9997 | RankIC: 0.9995
2026-02-27 11:28:24,925 - root - INFO - Valid Results | R²: 0.7406 | RMSE: 0.5055 | IC: 0.8919 | RankIC: 0.8807
2026-02-27 11:28:24,953 - root - INFO - Epoch [819/10000],
2026-02-27 11:28:24,953 - root - INFO - Train Results | R²: 0.9998 | RMSE: 0.0131 | IC: 0.9999 | RankIC: 0.9993
2026-02-27 11:28:24,954 - root - INFO - Valid Results | R²: 0.7437 | RMSE: 0.5024 | IC: 0.8936 | RankIC: 0.8842
2026-02-27 11:28:24,992 - root - INFO - Epoch [820/10000],
2026-02-27 11:28:24,993 - root - INFO - Train Results | R²: 0.9998 | RMSE: 0.0150 | IC: 0.9999 | RankIC: 0.9988
2026-02-27 11:28:24,993 - root - INFO - Valid Results | R²: 0.7470 | RMSE: 0.4993 | IC: 0.8956 | RankIC: 0.8842
2026-02-27 11:28:25,020 - root - INFO - Epoch [821/10000],
2026-02-27 11:28:25,020 - root - INFO - Train Results | R²: 0.9996 | RMSE: 0.0198 | IC: 0.9998 | RankIC: 0.9993
2026-02-27 11:28:25,021 - root - INFO - Valid Results | R²: 0.7468 | RMSE: 0.4994 | IC: 0.8953 | RankIC: 0.8807
2026-02-27 11:28:25,048 - root - INFO - Epoch [822/10000],
2026-02-27 11:28:25,048 - root - INFO - Train Results | R²: 0.9997 | RMSE: 0.0177 | IC: 0.9998 | RankIC: 0.9993
2026-02-27 11:28:25,049 - root - INFO - Valid Results | R²: 0.7444 | RMSE: 0.5018 | IC: 0.8947 | RankIC: 0.8807
2026-02-27 11:28:25,077 - root - INFO - Epoch [823/10000],
2026-02-27 11:28:25,077 - root - INFO - Train Results | R²: 0.9995 | RMSE: 0.0223 | IC: 0.9998 | RankIC: 0.9991
2026-02-27 11:28:25,077 - root - INFO - Valid Results | R²: 0.7449 | RMSE: 0.5012 | IC: 0.8944 | RankIC: 0.8807
2026-02-27 11:28:25,109 - root - INFO - Early stopping triggered at epoch 824. No improvement for 100 epochs.
2026-02-27 11:28:25,136 - root - INFO - Run 2 Test Results | R²: -0.1229 | RMSE: 1.2399 | IC: 0.1703 | RankIC: 0.2571
2026-02-27 11:28:25,137 - root - INFO - 
2026-02-27 11:28:25,137 - root - INFO - ============================================================
2026-02-27 11:28:25,137 - root - INFO - Causal-TSF Run 3/5 Starting...
2026-02-27 11:28:25,137 - root - INFO - ============================================================
2026-02-27 11:28:25,166 - root - INFO - Best model saved at epoch 1 with validation R2: -0.0086
2026-02-27 11:28:25,166 - root - INFO - Epoch [1/10000],
2026-02-27 11:28:25,167 - root - INFO - Train Results | R²: -0.0037 | RMSE: 0.9703 | IC: -0.5035 | RankIC: -0.5887
2026-02-27 11:28:25,167 - root - INFO - Valid Results | R²: -0.0086 | RMSE: 0.9968 | IC: -0.4091 | RankIC: -0.4211
2026-02-27 11:28:25,197 - root - INFO - Best model saved at epoch 2 with validation R2: -0.0081
2026-02-27 11:28:25,197 - root - INFO - Epoch [2/10000],
2026-02-27 11:28:25,198 - root - INFO - Train Results | R²: -0.0024 | RMSE: 0.9697 | IC: -0.3014 | RankIC: -0.3305
2026-02-27 11:28:25,198 - root - INFO - Valid Results | R²: -0.0081 | RMSE: 0.9965 | IC: -0.3194 | RankIC: -0.2667
2026-02-27 11:28:25,232 - root - INFO - Best model saved at epoch 3 with validation R2: -0.0076
2026-02-27 11:28:25,232 - root - INFO - Epoch [3/10000],
2026-02-27 11:28:25,232 - root - INFO - Train Results | R²: -0.0016 | RMSE: 0.9693 | IC: -0.0823 | RankIC: -0.0624
2026-02-27 11:28:25,232 - root - INFO - Valid Results | R²: -0.0076 | RMSE: 0.9963 | IC: -0.2301 | RankIC: -0.1491
2026-02-27 11:28:25,261 - root - INFO - Best model saved at epoch 4 with validation R2: -0.0072
2026-02-27 11:28:25,261 - root - INFO - Epoch [4/10000],
2026-02-27 11:28:25,263 - root - INFO - Train Results | R²: -0.0010 | RMSE: 0.9690 | IC: 0.1170 | RankIC: 0.1420
2026-02-27 11:28:25,263 - root - INFO - Valid Results | R²: -0.0072 | RMSE: 0.9960 | IC: -0.1235 | RankIC: -0.0246
2026-02-27 11:28:25,291 - root - INFO - Best model saved at epoch 5 with validation R2: -0.0066
2026-02-27 11:28:25,292 - root - INFO - Epoch [5/10000],
2026-02-27 11:28:25,292 - root - INFO - Train Results | R²: -0.0003 | RMSE: 0.9687 | IC: 0.3240 | RankIC: 0.3108
2026-02-27 11:28:25,292 - root - INFO - Valid Results | R²: -0.0066 | RMSE: 0.9958 | IC: 0.0504 | RankIC: 0.1684
2026-02-27 11:28:25,322 - root - INFO - Best model saved at epoch 6 with validation R2: -0.0064
2026-02-27 11:28:25,322 - root - INFO - Epoch [6/10000],
2026-02-27 11:28:25,322 - root - INFO - Train Results | R²: 0.0004 | RMSE: 0.9683 | IC: 0.4911 | RankIC: 0.4263
2026-02-27 11:28:25,322 - root - INFO - Valid Results | R²: -0.0064 | RMSE: 0.9957 | IC: 0.1290 | RankIC: 0.2702
2026-02-27 11:28:25,353 - root - INFO - Best model saved at epoch 7 with validation R2: -0.0060
2026-02-27 11:28:25,353 - root - INFO - Epoch [7/10000],
2026-02-27 11:28:25,353 - root - INFO - Train Results | R²: 0.0010 | RMSE: 0.9680 | IC: 0.5446 | RankIC: 0.5522
2026-02-27 11:28:25,354 - root - INFO - Valid Results | R²: -0.0060 | RMSE: 0.9955 | IC: 0.2759 | RankIC: 0.3912
2026-02-27 11:28:25,393 - root - INFO - Best model saved at epoch 8 with validation R2: -0.0054
2026-02-27 11:28:25,393 - root - INFO - Epoch [8/10000],
2026-02-27 11:28:25,393 - root - INFO - Train Results | R²: 0.0020 | RMSE: 0.9676 | IC: 0.6889 | RankIC: 0.7300
2026-02-27 11:28:25,393 - root - INFO - Valid Results | R²: -0.0054 | RMSE: 0.9952 | IC: 0.4542 | RankIC: 0.4982
2026-02-27 11:28:25,425 - root - INFO - Best model saved at epoch 9 with validation R2: -0.0049
2026-02-27 11:28:25,425 - root - INFO - Epoch [9/10000],
2026-02-27 11:28:25,425 - root - INFO - Train Results | R²: 0.0023 | RMSE: 0.9674 | IC: 0.7291 | RankIC: 0.7541
2026-02-27 11:28:25,425 - root - INFO - Valid Results | R²: -0.0049 | RMSE: 0.9949 | IC: 0.5714 | RankIC: 0.5860
2026-02-27 11:28:25,458 - root - INFO - Best model saved at epoch 10 with validation R2: -0.0047
2026-02-27 11:28:25,458 - root - INFO - Epoch [10/10000],
2026-02-27 11:28:25,459 - root - INFO - Train Results | R²: 0.0031 | RMSE: 0.9670 | IC: 0.7543 | RankIC: 0.7670
2026-02-27 11:28:25,459 - root - INFO - Valid Results | R²: -0.0047 | RMSE: 0.9948 | IC: 0.6393 | RankIC: 0.6298
2026-02-27 11:28:25,486 - root - INFO - Best model saved at epoch 11 with validation R2: -0.0040
2026-02-27 11:28:25,488 - root - INFO - Epoch [11/10000],
2026-02-27 11:28:25,488 - root - INFO - Train Results | R²: 0.0036 | RMSE: 0.9668 | IC: 0.7757 | RankIC: 0.8056
2026-02-27 11:28:25,488 - root - INFO - Valid Results | R²: -0.0040 | RMSE: 0.9945 | IC: 0.7349 | RankIC: 0.7684
2026-02-27 11:28:25,517 - root - INFO - Best model saved at epoch 12 with validation R2: -0.0036
2026-02-27 11:28:25,518 - root - INFO - Epoch [12/10000],
2026-02-27 11:28:25,518 - root - INFO - Train Results | R²: 0.0049 | RMSE: 0.9662 | IC: 0.8258 | RankIC: 0.8184
2026-02-27 11:28:25,518 - root - INFO - Valid Results | R²: -0.0036 | RMSE: 0.9943 | IC: 0.7602 | RankIC: 0.8123
2026-02-27 11:28:25,548 - root - INFO - Best model saved at epoch 13 with validation R2: -0.0033
2026-02-27 11:28:25,548 - root - INFO - Epoch [13/10000],
2026-02-27 11:28:25,548 - root - INFO - Train Results | R²: 0.0056 | RMSE: 0.9658 | IC: 0.8227 | RankIC: 0.8340
2026-02-27 11:28:25,548 - root - INFO - Valid Results | R²: -0.0033 | RMSE: 0.9942 | IC: 0.7921 | RankIC: 0.8316
2026-02-27 11:28:25,591 - root - INFO - Best model saved at epoch 14 with validation R2: -0.0025
2026-02-27 11:28:25,591 - root - INFO - Epoch [14/10000],
2026-02-27 11:28:25,591 - root - INFO - Train Results | R²: 0.0063 | RMSE: 0.9655 | IC: 0.8138 | RankIC: 0.8141
2026-02-27 11:28:25,591 - root - INFO - Valid Results | R²: -0.0025 | RMSE: 0.9938 | IC: 0.8286 | RankIC: 0.8614
2026-02-27 11:28:25,625 - root - INFO - Best model saved at epoch 15 with validation R2: -0.0021
2026-02-27 11:28:25,626 - root - INFO - Epoch [15/10000],
2026-02-27 11:28:25,626 - root - INFO - Train Results | R²: 0.0076 | RMSE: 0.9648 | IC: 0.8324 | RankIC: 0.8371
2026-02-27 11:28:25,626 - root - INFO - Valid Results | R²: -0.0021 | RMSE: 0.9935 | IC: 0.8372 | RankIC: 0.8614
2026-02-27 11:28:25,656 - root - INFO - Best model saved at epoch 16 with validation R2: -0.0017
2026-02-27 11:28:25,656 - root - INFO - Epoch [16/10000],
2026-02-27 11:28:25,656 - root - INFO - Train Results | R²: 0.0083 | RMSE: 0.9645 | IC: 0.8398 | RankIC: 0.8416
2026-02-27 11:28:25,656 - root - INFO - Valid Results | R²: -0.0017 | RMSE: 0.9933 | IC: 0.8440 | RankIC: 0.8702
2026-02-27 11:28:25,686 - root - INFO - Best model saved at epoch 17 with validation R2: -0.0010
2026-02-27 11:28:25,687 - root - INFO - Epoch [17/10000],
2026-02-27 11:28:25,687 - root - INFO - Train Results | R²: 0.0099 | RMSE: 0.9637 | IC: 0.8617 | RankIC: 0.8684
2026-02-27 11:28:25,687 - root - INFO - Valid Results | R²: -0.0010 | RMSE: 0.9930 | IC: 0.8590 | RankIC: 0.8684
2026-02-27 11:28:25,717 - root - INFO - Best model saved at epoch 18 with validation R2: -0.0002
2026-02-27 11:28:25,718 - root - INFO - Epoch [18/10000],
2026-02-27 11:28:25,718 - root - INFO - Train Results | R²: 0.0108 | RMSE: 0.9633 | IC: 0.8536 | RankIC: 0.8684
2026-02-27 11:28:25,718 - root - INFO - Valid Results | R²: -0.0002 | RMSE: 0.9926 | IC: 0.8650 | RankIC: 0.8807
2026-02-27 11:28:25,747 - root - INFO - Best model saved at epoch 19 with validation R2: 0.0008
2026-02-27 11:28:25,748 - root - INFO - Epoch [19/10000],
2026-02-27 11:28:25,748 - root - INFO - Train Results | R²: 0.0121 | RMSE: 0.9626 | IC: 0.8448 | RankIC: 0.8618
2026-02-27 11:28:25,748 - root - INFO - Valid Results | R²: 0.0008 | RMSE: 0.9921 | IC: 0.8826 | RankIC: 0.8982
2026-02-27 11:28:25,776 - root - INFO - Best model saved at epoch 20 with validation R2: 0.0016
2026-02-27 11:28:25,777 - root - INFO - Epoch [20/10000],
2026-02-27 11:28:25,777 - root - INFO - Train Results | R²: 0.0140 | RMSE: 0.9617 | IC: 0.8526 | RankIC: 0.8594
2026-02-27 11:28:25,777 - root - INFO - Valid Results | R²: 0.0016 | RMSE: 0.9917 | IC: 0.8786 | RankIC: 0.8632
2026-02-27 11:28:25,810 - root - INFO - Best model saved at epoch 21 with validation R2: 0.0025
2026-02-27 11:28:25,810 - root - INFO - Epoch [21/10000],
2026-02-27 11:28:25,810 - root - INFO - Train Results | R²: 0.0153 | RMSE: 0.9611 | IC: 0.8590 | RankIC: 0.8725
2026-02-27 11:28:25,810 - root - INFO - Valid Results | R²: 0.0025 | RMSE: 0.9913 | IC: 0.8780 | RankIC: 0.8649
2026-02-27 11:28:25,846 - root - INFO - Best model saved at epoch 22 with validation R2: 0.0034
2026-02-27 11:28:25,847 - root - INFO - Epoch [22/10000],
2026-02-27 11:28:25,847 - root - INFO - Train Results | R²: 0.0167 | RMSE: 0.9604 | IC: 0.8550 | RankIC: 0.8634
2026-02-27 11:28:25,847 - root - INFO - Valid Results | R²: 0.0034 | RMSE: 0.9908 | IC: 0.8777 | RankIC: 0.8825
2026-02-27 11:28:25,889 - root - INFO - Best model saved at epoch 23 with validation R2: 0.0050
2026-02-27 11:28:25,889 - root - INFO - Epoch [23/10000],
2026-02-27 11:28:25,889 - root - INFO - Train Results | R²: 0.0189 | RMSE: 0.9593 | IC: 0.8505 | RankIC: 0.8713
2026-02-27 11:28:25,890 - root - INFO - Valid Results | R²: 0.0050 | RMSE: 0.9900 | IC: 0.8788 | RankIC: 0.8842
2026-02-27 11:28:25,922 - root - INFO - Best model saved at epoch 24 with validation R2: 0.0059
2026-02-27 11:28:25,922 - root - INFO - Epoch [24/10000],
2026-02-27 11:28:25,922 - root - INFO - Train Results | R²: 0.0207 | RMSE: 0.9584 | IC: 0.8525 | RankIC: 0.8727
2026-02-27 11:28:25,922 - root - INFO - Valid Results | R²: 0.0059 | RMSE: 0.9896 | IC: 0.8766 | RankIC: 0.8807
2026-02-27 11:28:25,951 - root - INFO - Best model saved at epoch 25 with validation R2: 0.0072
2026-02-27 11:28:25,952 - root - INFO - Epoch [25/10000],
2026-02-27 11:28:25,952 - root - INFO - Train Results | R²: 0.0226 | RMSE: 0.9575 | IC: 0.8548 | RankIC: 0.8722
2026-02-27 11:28:25,952 - root - INFO - Valid Results | R²: 0.0072 | RMSE: 0.9889 | IC: 0.8775 | RankIC: 0.8754
2026-02-27 11:28:25,986 - root - INFO - Best model saved at epoch 26 with validation R2: 0.0086
2026-02-27 11:28:25,986 - root - INFO - Epoch [26/10000],
2026-02-27 11:28:25,986 - root - INFO - Train Results | R²: 0.0253 | RMSE: 0.9562 | IC: 0.8559 | RankIC: 0.8767
2026-02-27 11:28:25,987 - root - INFO - Valid Results | R²: 0.0086 | RMSE: 0.9882 | IC: 0.8751 | RankIC: 0.8526
2026-02-27 11:28:26,022 - root - INFO - Best model saved at epoch 27 with validation R2: 0.0103
2026-02-27 11:28:26,022 - root - INFO - Epoch [27/10000],
2026-02-27 11:28:26,023 - root - INFO - Train Results | R²: 0.0275 | RMSE: 0.9551 | IC: 0.8470 | RankIC: 0.8696
2026-02-27 11:28:26,023 - root - INFO - Valid Results | R²: 0.0103 | RMSE: 0.9874 | IC: 0.8821 | RankIC: 0.8632
2026-02-27 11:28:26,054 - root - INFO - Best model saved at epoch 28 with validation R2: 0.0123
2026-02-27 11:28:26,054 - root - INFO - Epoch [28/10000],
2026-02-27 11:28:26,054 - root - INFO - Train Results | R²: 0.0302 | RMSE: 0.9538 | IC: 0.8434 | RankIC: 0.8698
2026-02-27 11:28:26,054 - root - INFO - Valid Results | R²: 0.0123 | RMSE: 0.9864 | IC: 0.8812 | RankIC: 0.8526
2026-02-27 11:28:26,083 - root - INFO - Best model saved at epoch 29 with validation R2: 0.0137
2026-02-27 11:28:26,084 - root - INFO - Epoch [29/10000],
2026-02-27 11:28:26,084 - root - INFO - Train Results | R²: 0.0333 | RMSE: 0.9523 | IC: 0.8419 | RankIC: 0.8758
2026-02-27 11:28:26,084 - root - INFO - Valid Results | R²: 0.0137 | RMSE: 0.9857 | IC: 0.8802 | RankIC: 0.8474
2026-02-27 11:28:26,116 - root - INFO - Best model saved at epoch 30 with validation R2: 0.0161
2026-02-27 11:28:26,116 - root - INFO - Epoch [30/10000],
2026-02-27 11:28:26,116 - root - INFO - Train Results | R²: 0.0361 | RMSE: 0.9509 | IC: 0.8427 | RankIC: 0.8739
2026-02-27 11:28:26,117 - root - INFO - Valid Results | R²: 0.0161 | RMSE: 0.9845 | IC: 0.8719 | RankIC: 0.8509
2026-02-27 11:28:26,151 - root - INFO - Best model saved at epoch 31 with validation R2: 0.0176
2026-02-27 11:28:26,151 - root - INFO - Epoch [31/10000],
2026-02-27 11:28:26,151 - root - INFO - Train Results | R²: 0.0397 | RMSE: 0.9491 | IC: 0.8467 | RankIC: 0.8746
2026-02-27 11:28:26,152 - root - INFO - Valid Results | R²: 0.0176 | RMSE: 0.9837 | IC: 0.8767 | RankIC: 0.8614
2026-02-27 11:28:26,179 - root - INFO - Best model saved at epoch 32 with validation R2: 0.0201
2026-02-27 11:28:26,180 - root - INFO - Epoch [32/10000],
2026-02-27 11:28:26,180 - root - INFO - Train Results | R²: 0.0438 | RMSE: 0.9471 | IC: 0.8398 | RankIC: 0.8779
2026-02-27 11:28:26,180 - root - INFO - Valid Results | R²: 0.0201 | RMSE: 0.9825 | IC: 0.8773 | RankIC: 0.8614
2026-02-27 11:28:26,211 - root - INFO - Best model saved at epoch 33 with validation R2: 0.0226
2026-02-27 11:28:26,211 - root - INFO - Epoch [33/10000],
2026-02-27 11:28:26,211 - root - INFO - Train Results | R²: 0.0474 | RMSE: 0.9453 | IC: 0.8307 | RankIC: 0.8805
2026-02-27 11:28:26,211 - root - INFO - Valid Results | R²: 0.0226 | RMSE: 0.9812 | IC: 0.8719 | RankIC: 0.8614
2026-02-27 11:28:26,243 - root - INFO - Best model saved at epoch 34 with validation R2: 0.0253
2026-02-27 11:28:26,244 - root - INFO - Epoch [34/10000],
2026-02-27 11:28:26,244 - root - INFO - Train Results | R²: 0.0526 | RMSE: 0.9427 | IC: 0.8251 | RankIC: 0.8663
2026-02-27 11:28:26,244 - root - INFO - Valid Results | R²: 0.0253 | RMSE: 0.9798 | IC: 0.8657 | RankIC: 0.8684
2026-02-27 11:28:26,275 - root - INFO - Best model saved at epoch 35 with validation R2: 0.0285
2026-02-27 11:28:26,275 - root - INFO - Epoch [35/10000],
2026-02-27 11:28:26,276 - root - INFO - Train Results | R²: 0.0578 | RMSE: 0.9401 | IC: 0.8248 | RankIC: 0.8869
2026-02-27 11:28:26,276 - root - INFO - Valid Results | R²: 0.0285 | RMSE: 0.9782 | IC: 0.8653 | RankIC: 0.8614
2026-02-27 11:28:26,310 - root - INFO - Best model saved at epoch 36 with validation R2: 0.0315
2026-02-27 11:28:26,310 - root - INFO - Epoch [36/10000],
2026-02-27 11:28:26,311 - root - INFO - Train Results | R²: 0.0624 | RMSE: 0.9378 | IC: 0.8227 | RankIC: 0.8760
2026-02-27 11:28:26,311 - root - INFO - Valid Results | R²: 0.0315 | RMSE: 0.9768 | IC: 0.8553 | RankIC: 0.8579
2026-02-27 11:28:26,342 - root - INFO - Best model saved at epoch 37 with validation R2: 0.0358
2026-02-27 11:28:26,342 - root - INFO - Epoch [37/10000],
2026-02-27 11:28:26,343 - root - INFO - Train Results | R²: 0.0678 | RMSE: 0.9351 | IC: 0.8107 | RankIC: 0.8696
2026-02-27 11:28:26,343 - root - INFO - Valid Results | R²: 0.0358 | RMSE: 0.9746 | IC: 0.8528 | RankIC: 0.8579
2026-02-27 11:28:26,373 - root - INFO - Best model saved at epoch 38 with validation R2: 0.0388
2026-02-27 11:28:26,373 - root - INFO - Epoch [38/10000],
2026-02-27 11:28:26,373 - root - INFO - Train Results | R²: 0.0741 | RMSE: 0.9319 | IC: 0.8090 | RankIC: 0.8807
2026-02-27 11:28:26,374 - root - INFO - Valid Results | R²: 0.0388 | RMSE: 0.9731 | IC: 0.8438 | RankIC: 0.8561
2026-02-27 11:28:26,404 - root - INFO - Best model saved at epoch 39 with validation R2: 0.0427
2026-02-27 11:28:26,404 - root - INFO - Epoch [39/10000],
2026-02-27 11:28:26,404 - root - INFO - Train Results | R²: 0.0797 | RMSE: 0.9291 | IC: 0.8067 | RankIC: 0.8751
2026-02-27 11:28:26,404 - root - INFO - Valid Results | R²: 0.0427 | RMSE: 0.9711 | IC: 0.8428 | RankIC: 0.8491
2026-02-27 11:28:26,444 - root - INFO - Best model saved at epoch 40 with validation R2: 0.0474
2026-02-27 11:28:26,444 - root - INFO - Epoch [40/10000],
2026-02-27 11:28:26,445 - root - INFO - Train Results | R²: 0.0862 | RMSE: 0.9258 | IC: 0.8097 | RankIC: 0.8760
2026-02-27 11:28:26,445 - root - INFO - Valid Results | R²: 0.0474 | RMSE: 0.9687 | IC: 0.8441 | RankIC: 0.8579
2026-02-27 11:28:26,479 - root - INFO - Best model saved at epoch 41 with validation R2: 0.0516
2026-02-27 11:28:26,479 - root - INFO - Epoch [41/10000],
2026-02-27 11:28:26,479 - root - INFO - Train Results | R²: 0.0925 | RMSE: 0.9226 | IC: 0.8045 | RankIC: 0.8774
2026-02-27 11:28:26,479 - root - INFO - Valid Results | R²: 0.0516 | RMSE: 0.9665 | IC: 0.8309 | RankIC: 0.8421
2026-02-27 11:28:26,509 - root - INFO - Best model saved at epoch 42 with validation R2: 0.0574
2026-02-27 11:28:26,511 - root - INFO - Epoch [42/10000],
2026-02-27 11:28:26,511 - root - INFO - Train Results | R²: 0.0997 | RMSE: 0.9190 | IC: 0.8033 | RankIC: 0.8758
2026-02-27 11:28:26,511 - root - INFO - Valid Results | R²: 0.0574 | RMSE: 0.9636 | IC: 0.8349 | RankIC: 0.8456
2026-02-27 11:28:26,539 - root - INFO - Best model saved at epoch 43 with validation R2: 0.0623
2026-02-27 11:28:26,540 - root - INFO - Epoch [43/10000],
2026-02-27 11:28:26,540 - root - INFO - Train Results | R²: 0.1075 | RMSE: 0.9150 | IC: 0.8026 | RankIC: 0.8755
2026-02-27 11:28:26,540 - root - INFO - Valid Results | R²: 0.0623 | RMSE: 0.9611 | IC: 0.8243 | RankIC: 0.8368
2026-02-27 11:28:26,573 - root - INFO - Best model saved at epoch 44 with validation R2: 0.0677
2026-02-27 11:28:26,574 - root - INFO - Epoch [44/10000],
2026-02-27 11:28:26,574 - root - INFO - Train Results | R²: 0.1165 | RMSE: 0.9104 | IC: 0.8004 | RankIC: 0.8810
2026-02-27 11:28:26,574 - root - INFO - Valid Results | R²: 0.0677 | RMSE: 0.9583 | IC: 0.8253 | RankIC: 0.8421
2026-02-27 11:28:26,605 - root - INFO - Best model saved at epoch 45 with validation R2: 0.0736
2026-02-27 11:28:26,605 - root - INFO - Epoch [45/10000],
2026-02-27 11:28:26,605 - root - INFO - Train Results | R²: 0.1243 | RMSE: 0.9064 | IC: 0.8008 | RankIC: 0.8708
2026-02-27 11:28:26,605 - root - INFO - Valid Results | R²: 0.0736 | RMSE: 0.9553 | IC: 0.8246 | RankIC: 0.8368
2026-02-27 11:28:26,635 - root - INFO - Best model saved at epoch 46 with validation R2: 0.0797
2026-02-27 11:28:26,635 - root - INFO - Epoch [46/10000],
2026-02-27 11:28:26,636 - root - INFO - Train Results | R²: 0.1326 | RMSE: 0.9020 | IC: 0.7969 | RankIC: 0.8706
2026-02-27 11:28:26,636 - root - INFO - Valid Results | R²: 0.0797 | RMSE: 0.9521 | IC: 0.8240 | RankIC: 0.8316
2026-02-27 11:28:26,665 - root - INFO - Best model saved at epoch 47 with validation R2: 0.0867
2026-02-27 11:28:26,665 - root - INFO - Epoch [47/10000],
2026-02-27 11:28:26,665 - root - INFO - Train Results | R²: 0.1403 | RMSE: 0.8980 | IC: 0.7980 | RankIC: 0.8734
2026-02-27 11:28:26,665 - root - INFO - Valid Results | R²: 0.0867 | RMSE: 0.9485 | IC: 0.8221 | RankIC: 0.8316
2026-02-27 11:28:26,713 - root - INFO - Best model saved at epoch 48 with validation R2: 0.0936
2026-02-27 11:28:26,713 - root - INFO - Epoch [48/10000],
2026-02-27 11:28:26,714 - root - INFO - Train Results | R²: 0.1495 | RMSE: 0.8932 | IC: 0.7940 | RankIC: 0.8793
2026-02-27 11:28:26,714 - root - INFO - Valid Results | R²: 0.0936 | RMSE: 0.9449 | IC: 0.8227 | RankIC: 0.8316
2026-02-27 11:28:26,744 - root - INFO - Best model saved at epoch 49 with validation R2: 0.0995
2026-02-27 11:28:26,744 - root - INFO - Epoch [49/10000],
2026-02-27 11:28:26,745 - root - INFO - Train Results | R²: 0.1615 | RMSE: 0.8869 | IC: 0.7959 | RankIC: 0.8793
2026-02-27 11:28:26,745 - root - INFO - Valid Results | R²: 0.0995 | RMSE: 0.9418 | IC: 0.8204 | RankIC: 0.8316
2026-02-27 11:28:26,775 - root - INFO - Best model saved at epoch 50 with validation R2: 0.1064
2026-02-27 11:28:26,775 - root - INFO - Epoch [50/10000],
2026-02-27 11:28:26,775 - root - INFO - Train Results | R²: 0.1695 | RMSE: 0.8827 | IC: 0.7913 | RankIC: 0.8748
2026-02-27 11:28:26,776 - root - INFO - Valid Results | R²: 0.1064 | RMSE: 0.9382 | IC: 0.8165 | RankIC: 0.8316
2026-02-27 11:28:26,807 - root - INFO - Best model saved at epoch 51 with validation R2: 0.1136
2026-02-27 11:28:26,808 - root - INFO - Epoch [51/10000],
2026-02-27 11:28:26,808 - root - INFO - Train Results | R²: 0.1794 | RMSE: 0.8774 | IC: 0.7938 | RankIC: 0.8772
2026-02-27 11:28:26,808 - root - INFO - Valid Results | R²: 0.1136 | RMSE: 0.9344 | IC: 0.8147 | RankIC: 0.8316
2026-02-27 11:28:26,839 - root - INFO - Best model saved at epoch 52 with validation R2: 0.1230
2026-02-27 11:28:26,839 - root - INFO - Epoch [52/10000],
2026-02-27 11:28:26,839 - root - INFO - Train Results | R²: 0.1900 | RMSE: 0.8717 | IC: 0.7947 | RankIC: 0.8770
2026-02-27 11:28:26,839 - root - INFO - Valid Results | R²: 0.1230 | RMSE: 0.9295 | IC: 0.8200 | RankIC: 0.8316
2026-02-27 11:28:26,875 - root - INFO - Best model saved at epoch 53 with validation R2: 0.1301
2026-02-27 11:28:26,875 - root - INFO - Epoch [53/10000],
2026-02-27 11:28:26,875 - root - INFO - Train Results | R²: 0.1997 | RMSE: 0.8665 | IC: 0.7925 | RankIC: 0.8772
2026-02-27 11:28:26,875 - root - INFO - Valid Results | R²: 0.1301 | RMSE: 0.9257 | IC: 0.8171 | RankIC: 0.8316
2026-02-27 11:28:26,905 - root - INFO - Best model saved at epoch 54 with validation R2: 0.1378
2026-02-27 11:28:26,905 - root - INFO - Epoch [54/10000],
2026-02-27 11:28:26,905 - root - INFO - Train Results | R²: 0.2091 | RMSE: 0.8613 | IC: 0.7907 | RankIC: 0.8751
2026-02-27 11:28:26,906 - root - INFO - Valid Results | R²: 0.1378 | RMSE: 0.9216 | IC: 0.8126 | RankIC: 0.8386
2026-02-27 11:28:26,936 - root - INFO - Best model saved at epoch 55 with validation R2: 0.1459
2026-02-27 11:28:26,936 - root - INFO - Epoch [55/10000],
2026-02-27 11:28:26,937 - root - INFO - Train Results | R²: 0.2204 | RMSE: 0.8552 | IC: 0.7895 | RankIC: 0.8834
2026-02-27 11:28:26,937 - root - INFO - Valid Results | R²: 0.1459 | RMSE: 0.9172 | IC: 0.8125 | RankIC: 0.8316
2026-02-27 11:28:26,977 - root - INFO - Best model saved at epoch 56 with validation R2: 0.1553
2026-02-27 11:28:26,977 - root - INFO - Epoch [56/10000],
2026-02-27 11:28:26,977 - root - INFO - Train Results | R²: 0.2308 | RMSE: 0.8494 | IC: 0.7915 | RankIC: 0.8845
2026-02-27 11:28:26,978 - root - INFO - Valid Results | R²: 0.1553 | RMSE: 0.9122 | IC: 0.8120 | RankIC: 0.8316
2026-02-27 11:28:27,007 - root - INFO - Best model saved at epoch 57 with validation R2: 0.1634
2026-02-27 11:28:27,007 - root - INFO - Epoch [57/10000],
2026-02-27 11:28:27,007 - root - INFO - Train Results | R²: 0.2430 | RMSE: 0.8427 | IC: 0.7878 | RankIC: 0.8883
2026-02-27 11:28:27,007 - root - INFO - Valid Results | R²: 0.1634 | RMSE: 0.9078 | IC: 0.8125 | RankIC: 0.8316
2026-02-27 11:28:27,038 - root - INFO - Best model saved at epoch 58 with validation R2: 0.1726
2026-02-27 11:28:27,039 - root - INFO - Epoch [58/10000],
2026-02-27 11:28:27,039 - root - INFO - Train Results | R²: 0.2531 | RMSE: 0.8370 | IC: 0.7901 | RankIC: 0.8796
2026-02-27 11:28:27,039 - root - INFO - Valid Results | R²: 0.1726 | RMSE: 0.9028 | IC: 0.8095 | RankIC: 0.8316
2026-02-27 11:28:27,070 - root - INFO - Best model saved at epoch 59 with validation R2: 0.1824
2026-02-27 11:28:27,071 - root - INFO - Epoch [59/10000],
2026-02-27 11:28:27,071 - root - INFO - Train Results | R²: 0.2633 | RMSE: 0.8313 | IC: 0.7890 | RankIC: 0.8841
2026-02-27 11:28:27,071 - root - INFO - Valid Results | R²: 0.1824 | RMSE: 0.8974 | IC: 0.8115 | RankIC: 0.8316
2026-02-27 11:28:27,106 - root - INFO - Best model saved at epoch 60 with validation R2: 0.1912
2026-02-27 11:28:27,106 - root - INFO - Epoch [60/10000],
2026-02-27 11:28:27,106 - root - INFO - Train Results | R²: 0.2744 | RMSE: 0.8250 | IC: 0.7927 | RankIC: 0.8765
2026-02-27 11:28:27,107 - root - INFO - Valid Results | R²: 0.1912 | RMSE: 0.8926 | IC: 0.8088 | RankIC: 0.8368
2026-02-27 11:28:27,145 - root - INFO - Best model saved at epoch 61 with validation R2: 0.2004
2026-02-27 11:28:27,145 - root - INFO - Epoch [61/10000],
2026-02-27 11:28:27,145 - root - INFO - Train Results | R²: 0.2857 | RMSE: 0.8185 | IC: 0.7873 | RankIC: 0.8860
2026-02-27 11:28:27,145 - root - INFO - Valid Results | R²: 0.2004 | RMSE: 0.8875 | IC: 0.8098 | RankIC: 0.8316
2026-02-27 11:28:27,179 - root - INFO - Best model saved at epoch 62 with validation R2: 0.2095
2026-02-27 11:28:27,180 - root - INFO - Epoch [62/10000],
2026-02-27 11:28:27,180 - root - INFO - Train Results | R²: 0.2948 | RMSE: 0.8133 | IC: 0.7862 | RankIC: 0.8774
2026-02-27 11:28:27,180 - root - INFO - Valid Results | R²: 0.2095 | RMSE: 0.8824 | IC: 0.8078 | RankIC: 0.8316
2026-02-27 11:28:27,215 - root - INFO - Best model saved at epoch 63 with validation R2: 0.2192
2026-02-27 11:28:27,215 - root - INFO - Epoch [63/10000],
2026-02-27 11:28:27,215 - root - INFO - Train Results | R²: 0.3058 | RMSE: 0.8070 | IC: 0.7877 | RankIC: 0.8867
2026-02-27 11:28:27,216 - root - INFO - Valid Results | R²: 0.2192 | RMSE: 0.8770 | IC: 0.8097 | RankIC: 0.8316
2026-02-27 11:28:27,257 - root - INFO - Best model saved at epoch 64 with validation R2: 0.2280
2026-02-27 11:28:27,257 - root - INFO - Epoch [64/10000],
2026-02-27 11:28:27,257 - root - INFO - Train Results | R²: 0.3170 | RMSE: 0.8005 | IC: 0.7879 | RankIC: 0.8793
2026-02-27 11:28:27,258 - root - INFO - Valid Results | R²: 0.2280 | RMSE: 0.8721 | IC: 0.8100 | RankIC: 0.8316
2026-02-27 11:28:27,289 - root - INFO - Best model saved at epoch 65 with validation R2: 0.2366
2026-02-27 11:28:27,289 - root - INFO - Epoch [65/10000],
2026-02-27 11:28:27,290 - root - INFO - Train Results | R²: 0.3234 | RMSE: 0.7967 | IC: 0.7898 | RankIC: 0.8807
2026-02-27 11:28:27,290 - root - INFO - Valid Results | R²: 0.2366 | RMSE: 0.8672 | IC: 0.8059 | RankIC: 0.8368
2026-02-27 11:28:27,321 - root - INFO - Best model saved at epoch 66 with validation R2: 0.2451
2026-02-27 11:28:27,321 - root - INFO - Epoch [66/10000],
2026-02-27 11:28:27,321 - root - INFO - Train Results | R²: 0.3318 | RMSE: 0.7917 | IC: 0.7899 | RankIC: 0.8853
2026-02-27 11:28:27,321 - root - INFO - Valid Results | R²: 0.2451 | RMSE: 0.8623 | IC: 0.8065 | RankIC: 0.8368
2026-02-27 11:28:27,351 - root - INFO - Best model saved at epoch 67 with validation R2: 0.2547
2026-02-27 11:28:27,352 - root - INFO - Epoch [67/10000],
2026-02-27 11:28:27,352 - root - INFO - Train Results | R²: 0.3412 | RMSE: 0.7861 | IC: 0.7921 | RankIC: 0.8815
2026-02-27 11:28:27,352 - root - INFO - Valid Results | R²: 0.2547 | RMSE: 0.8568 | IC: 0.8095 | RankIC: 0.8316
2026-02-27 11:28:27,385 - root - INFO - Best model saved at epoch 68 with validation R2: 0.2616
2026-02-27 11:28:27,386 - root - INFO - Epoch [68/10000],
2026-02-27 11:28:27,386 - root - INFO - Train Results | R²: 0.3513 | RMSE: 0.7801 | IC: 0.7922 | RankIC: 0.8919
2026-02-27 11:28:27,386 - root - INFO - Valid Results | R²: 0.2616 | RMSE: 0.8528 | IC: 0.8060 | RankIC: 0.8281
2026-02-27 11:28:27,428 - root - INFO - Best model saved at epoch 69 with validation R2: 0.2709
2026-02-27 11:28:27,429 - root - INFO - Epoch [69/10000],
2026-02-27 11:28:27,429 - root - INFO - Train Results | R²: 0.3594 | RMSE: 0.7752 | IC: 0.7967 | RankIC: 0.8810
2026-02-27 11:28:27,429 - root - INFO - Valid Results | R²: 0.2709 | RMSE: 0.8474 | IC: 0.8097 | RankIC: 0.8368
2026-02-27 11:28:27,458 - root - INFO - Best model saved at epoch 70 with validation R2: 0.2789
2026-02-27 11:28:27,459 - root - INFO - Epoch [70/10000],
2026-02-27 11:28:27,459 - root - INFO - Train Results | R²: 0.3666 | RMSE: 0.7708 | IC: 0.7993 | RankIC: 0.8879
2026-02-27 11:28:27,459 - root - INFO - Valid Results | R²: 0.2789 | RMSE: 0.8428 | IC: 0.8102 | RankIC: 0.8368
2026-02-27 11:28:27,486 - root - INFO - Best model saved at epoch 71 with validation R2: 0.2851
2026-02-27 11:28:27,488 - root - INFO - Epoch [71/10000],
2026-02-27 11:28:27,488 - root - INFO - Train Results | R²: 0.3755 | RMSE: 0.7654 | IC: 0.8018 | RankIC: 0.8957
2026-02-27 11:28:27,488 - root - INFO - Valid Results | R²: 0.2851 | RMSE: 0.8392 | IC: 0.8131 | RankIC: 0.8351
2026-02-27 11:28:27,517 - root - INFO - Best model saved at epoch 72 with validation R2: 0.2923
2026-02-27 11:28:27,517 - root - INFO - Epoch [72/10000],
2026-02-27 11:28:27,517 - root - INFO - Train Results | R²: 0.3801 | RMSE: 0.7625 | IC: 0.8021 | RankIC: 0.8954
2026-02-27 11:28:27,517 - root - INFO - Valid Results | R²: 0.2923 | RMSE: 0.8350 | IC: 0.8132 | RankIC: 0.8368
2026-02-27 11:28:27,555 - root - INFO - Best model saved at epoch 73 with validation R2: 0.2974
2026-02-27 11:28:27,555 - root - INFO - Epoch [73/10000],
2026-02-27 11:28:27,556 - root - INFO - Train Results | R²: 0.3864 | RMSE: 0.7587 | IC: 0.8038 | RankIC: 0.8862
2026-02-27 11:28:27,556 - root - INFO - Valid Results | R²: 0.2974 | RMSE: 0.8319 | IC: 0.8115 | RankIC: 0.8368
2026-02-27 11:28:27,590 - root - INFO - Best model saved at epoch 74 with validation R2: 0.3041
2026-02-27 11:28:27,590 - root - INFO - Epoch [74/10000],
2026-02-27 11:28:27,591 - root - INFO - Train Results | R²: 0.3921 | RMSE: 0.7551 | IC: 0.8078 | RankIC: 0.8909
2026-02-27 11:28:27,591 - root - INFO - Valid Results | R²: 0.3041 | RMSE: 0.8280 | IC: 0.8152 | RankIC: 0.8351
2026-02-27 11:28:27,622 - root - INFO - Best model saved at epoch 75 with validation R2: 0.3111
2026-02-27 11:28:27,623 - root - INFO - Epoch [75/10000],
2026-02-27 11:28:27,623 - root - INFO - Train Results | R²: 0.3994 | RMSE: 0.7506 | IC: 0.8135 | RankIC: 0.8909
2026-02-27 11:28:27,623 - root - INFO - Valid Results | R²: 0.3111 | RMSE: 0.8238 | IC: 0.8188 | RankIC: 0.8368
2026-02-27 11:28:27,653 - root - INFO - Best model saved at epoch 76 with validation R2: 0.3136
2026-02-27 11:28:27,654 - root - INFO - Epoch [76/10000],
2026-02-27 11:28:27,654 - root - INFO - Train Results | R²: 0.4052 | RMSE: 0.7470 | IC: 0.8150 | RankIC: 0.8981
2026-02-27 11:28:27,654 - root - INFO - Valid Results | R²: 0.3136 | RMSE: 0.8223 | IC: 0.8160 | RankIC: 0.8281
2026-02-27 11:28:27,693 - root - INFO - Best model saved at epoch 77 with validation R2: 0.3184
2026-02-27 11:28:27,693 - root - INFO - Epoch [77/10000],
2026-02-27 11:28:27,693 - root - INFO - Train Results | R²: 0.4126 | RMSE: 0.7423 | IC: 0.8196 | RankIC: 0.8957
2026-02-27 11:28:27,693 - root - INFO - Valid Results | R²: 0.3184 | RMSE: 0.8194 | IC: 0.8165 | RankIC: 0.8368
2026-02-27 11:28:27,727 - root - INFO - Best model saved at epoch 78 with validation R2: 0.3234
2026-02-27 11:28:27,727 - root - INFO - Epoch [78/10000],
2026-02-27 11:28:27,728 - root - INFO - Train Results | R²: 0.4178 | RMSE: 0.7390 | IC: 0.8236 | RankIC: 0.8952
2026-02-27 11:28:27,728 - root - INFO - Valid Results | R²: 0.3234 | RMSE: 0.8164 | IC: 0.8197 | RankIC: 0.8316
2026-02-27 11:28:27,758 - root - INFO - Best model saved at epoch 79 with validation R2: 0.3290
2026-02-27 11:28:27,759 - root - INFO - Epoch [79/10000],
2026-02-27 11:28:27,759 - root - INFO - Train Results | R²: 0.4245 | RMSE: 0.7347 | IC: 0.8267 | RankIC: 0.8950
2026-02-27 11:28:27,759 - root - INFO - Valid Results | R²: 0.3290 | RMSE: 0.8130 | IC: 0.8239 | RankIC: 0.8368
2026-02-27 11:28:27,788 - root - INFO - Best model saved at epoch 80 with validation R2: 0.3352
2026-02-27 11:28:27,789 - root - INFO - Epoch [80/10000],
2026-02-27 11:28:27,789 - root - INFO - Train Results | R²: 0.4309 | RMSE: 0.7307 | IC: 0.8305 | RankIC: 0.9042
2026-02-27 11:28:27,789 - root - INFO - Valid Results | R²: 0.3352 | RMSE: 0.8092 | IC: 0.8265 | RankIC: 0.8614
2026-02-27 11:28:27,820 - root - INFO - Best model saved at epoch 81 with validation R2: 0.3398
2026-02-27 11:28:27,820 - root - INFO - Epoch [81/10000],
2026-02-27 11:28:27,821 - root - INFO - Train Results | R²: 0.4385 | RMSE: 0.7258 | IC: 0.8364 | RankIC: 0.9014
2026-02-27 11:28:27,821 - root - INFO - Valid Results | R²: 0.3398 | RMSE: 0.8065 | IC: 0.8276 | RankIC: 0.8614
2026-02-27 11:28:27,864 - root - INFO - Best model saved at epoch 82 with validation R2: 0.3449
2026-02-27 11:28:27,864 - root - INFO - Epoch [82/10000],
2026-02-27 11:28:27,865 - root - INFO - Train Results | R²: 0.4438 | RMSE: 0.7223 | IC: 0.8385 | RankIC: 0.9092
2026-02-27 11:28:27,865 - root - INFO - Valid Results | R²: 0.3449 | RMSE: 0.8033 | IC: 0.8286 | RankIC: 0.8474
2026-02-27 11:28:27,898 - root - INFO - Best model saved at epoch 83 with validation R2: 0.3491
2026-02-27 11:28:27,898 - root - INFO - Epoch [83/10000],
2026-02-27 11:28:27,899 - root - INFO - Train Results | R²: 0.4524 | RMSE: 0.7167 | IC: 0.8454 | RankIC: 0.9061
2026-02-27 11:28:27,899 - root - INFO - Valid Results | R²: 0.3491 | RMSE: 0.8007 | IC: 0.8302 | RankIC: 0.8561
2026-02-27 11:28:27,930 - root - INFO - Best model saved at epoch 84 with validation R2: 0.3544
2026-02-27 11:28:27,930 - root - INFO - Epoch [84/10000],
2026-02-27 11:28:27,931 - root - INFO - Train Results | R²: 0.4582 | RMSE: 0.7129 | IC: 0.8452 | RankIC: 0.8933
2026-02-27 11:28:27,931 - root - INFO - Valid Results | R²: 0.3544 | RMSE: 0.7975 | IC: 0.8315 | RankIC: 0.8614
2026-02-27 11:28:27,965 - root - INFO - Best model saved at epoch 85 with validation R2: 0.3619
2026-02-27 11:28:27,965 - root - INFO - Epoch [85/10000],
2026-02-27 11:28:27,966 - root - INFO - Train Results | R²: 0.4656 | RMSE: 0.7080 | IC: 0.8498 | RankIC: 0.9097
2026-02-27 11:28:27,966 - root - INFO - Valid Results | R²: 0.3619 | RMSE: 0.7928 | IC: 0.8338 | RankIC: 0.8667
2026-02-27 11:28:27,999 - root - INFO - Best model saved at epoch 86 with validation R2: 0.3648
2026-02-27 11:28:27,999 - root - INFO - Epoch [86/10000],
2026-02-27 11:28:27,999 - root - INFO - Train Results | R²: 0.4719 | RMSE: 0.7038 | IC: 0.8513 | RankIC: 0.9033
2026-02-27 11:28:27,999 - root - INFO - Valid Results | R²: 0.3648 | RMSE: 0.7910 | IC: 0.8351 | RankIC: 0.8526
2026-02-27 11:28:28,035 - root - INFO - Best model saved at epoch 87 with validation R2: 0.3703
2026-02-27 11:28:28,036 - root - INFO - Epoch [87/10000],
2026-02-27 11:28:28,036 - root - INFO - Train Results | R²: 0.4775 | RMSE: 0.7001 | IC: 0.8532 | RankIC: 0.8912
2026-02-27 11:28:28,036 - root - INFO - Valid Results | R²: 0.3703 | RMSE: 0.7876 | IC: 0.8357 | RankIC: 0.8579
2026-02-27 11:28:28,074 - root - INFO - Best model saved at epoch 88 with validation R2: 0.3773
2026-02-27 11:28:28,074 - root - INFO - Epoch [88/10000],
2026-02-27 11:28:28,075 - root - INFO - Train Results | R²: 0.4860 | RMSE: 0.6944 | IC: 0.8567 | RankIC: 0.8983
2026-02-27 11:28:28,075 - root - INFO - Valid Results | R²: 0.3773 | RMSE: 0.7832 | IC: 0.8381 | RankIC: 0.8684
2026-02-27 11:28:28,108 - root - INFO - Best model saved at epoch 89 with validation R2: 0.3830
2026-02-27 11:28:28,109 - root - INFO - Epoch [89/10000],
2026-02-27 11:28:28,109 - root - INFO - Train Results | R²: 0.4930 | RMSE: 0.6897 | IC: 0.8594 | RankIC: 0.9028
2026-02-27 11:28:28,109 - root - INFO - Valid Results | R²: 0.3830 | RMSE: 0.7796 | IC: 0.8384 | RankIC: 0.8684
2026-02-27 11:28:28,143 - root - INFO - Best model saved at epoch 90 with validation R2: 0.3904
2026-02-27 11:28:28,143 - root - INFO - Epoch [90/10000],
2026-02-27 11:28:28,143 - root - INFO - Train Results | R²: 0.5018 | RMSE: 0.6836 | IC: 0.8623 | RankIC: 0.9009
2026-02-27 11:28:28,144 - root - INFO - Valid Results | R²: 0.3904 | RMSE: 0.7749 | IC: 0.8411 | RankIC: 0.8702
2026-02-27 11:28:28,179 - root - INFO - Best model saved at epoch 91 with validation R2: 0.3974
2026-02-27 11:28:28,179 - root - INFO - Epoch [91/10000],
2026-02-27 11:28:28,179 - root - INFO - Train Results | R²: 0.5121 | RMSE: 0.6765 | IC: 0.8665 | RankIC: 0.9113
2026-02-27 11:28:28,179 - root - INFO - Valid Results | R²: 0.3974 | RMSE: 0.7704 | IC: 0.8433 | RankIC: 0.8596
2026-02-27 11:28:28,212 - root - INFO - Best model saved at epoch 92 with validation R2: 0.4041
2026-02-27 11:28:28,213 - root - INFO - Epoch [92/10000],
2026-02-27 11:28:28,213 - root - INFO - Train Results | R²: 0.5159 | RMSE: 0.6739 | IC: 0.8671 | RankIC: 0.9132
2026-02-27 11:28:28,213 - root - INFO - Valid Results | R²: 0.4041 | RMSE: 0.7661 | IC: 0.8444 | RankIC: 0.8667
2026-02-27 11:28:28,245 - root - INFO - Best model saved at epoch 93 with validation R2: 0.4109
2026-02-27 11:28:28,246 - root - INFO - Epoch [93/10000],
2026-02-27 11:28:28,246 - root - INFO - Train Results | R²: 0.5256 | RMSE: 0.6671 | IC: 0.8701 | RankIC: 0.9033
2026-02-27 11:28:28,246 - root - INFO - Valid Results | R²: 0.4109 | RMSE: 0.7617 | IC: 0.8459 | RankIC: 0.8737
2026-02-27 11:28:28,278 - root - INFO - Best model saved at epoch 94 with validation R2: 0.4183
2026-02-27 11:28:28,278 - root - INFO - Epoch [94/10000],
2026-02-27 11:28:28,278 - root - INFO - Train Results | R²: 0.5354 | RMSE: 0.6602 | IC: 0.8726 | RankIC: 0.9109
2026-02-27 11:28:28,279 - root - INFO - Valid Results | R²: 0.4183 | RMSE: 0.7570 | IC: 0.8474 | RankIC: 0.8667
2026-02-27 11:28:28,310 - root - INFO - Best model saved at epoch 95 with validation R2: 0.4264
2026-02-27 11:28:28,311 - root - INFO - Epoch [95/10000],
2026-02-27 11:28:28,311 - root - INFO - Train Results | R²: 0.5430 | RMSE: 0.6547 | IC: 0.8740 | RankIC: 0.9125
2026-02-27 11:28:28,311 - root - INFO - Valid Results | R²: 0.4264 | RMSE: 0.7517 | IC: 0.8505 | RankIC: 0.8895
2026-02-27 11:28:28,344 - root - INFO - Best model saved at epoch 96 with validation R2: 0.4331
2026-02-27 11:28:28,344 - root - INFO - Epoch [96/10000],
2026-02-27 11:28:28,344 - root - INFO - Train Results | R²: 0.5547 | RMSE: 0.6463 | IC: 0.8778 | RankIC: 0.9139
2026-02-27 11:28:28,344 - root - INFO - Valid Results | R²: 0.4331 | RMSE: 0.7473 | IC: 0.8528 | RankIC: 0.8877
2026-02-27 11:28:28,378 - root - INFO - Best model saved at epoch 97 with validation R2: 0.4412
2026-02-27 11:28:28,379 - root - INFO - Epoch [97/10000],
2026-02-27 11:28:28,379 - root - INFO - Train Results | R²: 0.5634 | RMSE: 0.6400 | IC: 0.8790 | RankIC: 0.9132
2026-02-27 11:28:28,379 - root - INFO - Valid Results | R²: 0.4412 | RMSE: 0.7419 | IC: 0.8531 | RankIC: 0.8930
2026-02-27 11:28:28,412 - root - INFO - Best model saved at epoch 98 with validation R2: 0.4481
2026-02-27 11:28:28,413 - root - INFO - Epoch [98/10000],
2026-02-27 11:28:28,413 - root - INFO - Train Results | R²: 0.5691 | RMSE: 0.6357 | IC: 0.8779 | RankIC: 0.9106
2026-02-27 11:28:28,413 - root - INFO - Valid Results | R²: 0.4481 | RMSE: 0.7374 | IC: 0.8544 | RankIC: 0.8930
2026-02-27 11:28:28,443 - root - INFO - Best model saved at epoch 99 with validation R2: 0.4579
2026-02-27 11:28:28,443 - root - INFO - Epoch [99/10000],
2026-02-27 11:28:28,443 - root - INFO - Train Results | R²: 0.5794 | RMSE: 0.6282 | IC: 0.8825 | RankIC: 0.9118
2026-02-27 11:28:28,443 - root - INFO - Valid Results | R²: 0.4579 | RMSE: 0.7307 | IC: 0.8577 | RankIC: 0.8930
2026-02-27 11:28:28,477 - root - INFO - Best model saved at epoch 100 with validation R2: 0.4638
2026-02-27 11:28:28,477 - root - INFO - Epoch [100/10000],
2026-02-27 11:28:28,477 - root - INFO - Train Results | R²: 0.5914 | RMSE: 0.6191 | IC: 0.8847 | RankIC: 0.9165
2026-02-27 11:28:28,477 - root - INFO - Valid Results | R²: 0.4638 | RMSE: 0.7268 | IC: 0.8572 | RankIC: 0.8912
2026-02-27 11:28:28,506 - root - INFO - Best model saved at epoch 101 with validation R2: 0.4709
2026-02-27 11:28:28,507 - root - INFO - Epoch [101/10000],
2026-02-27 11:28:28,507 - root - INFO - Train Results | R²: 0.5999 | RMSE: 0.6126 | IC: 0.8860 | RankIC: 0.9142
2026-02-27 11:28:28,507 - root - INFO - Valid Results | R²: 0.4709 | RMSE: 0.7220 | IC: 0.8586 | RankIC: 0.8912
2026-02-27 11:28:28,536 - root - INFO - Best model saved at epoch 102 with validation R2: 0.4804
2026-02-27 11:28:28,536 - root - INFO - Epoch [102/10000],
2026-02-27 11:28:28,536 - root - INFO - Train Results | R²: 0.6112 | RMSE: 0.6039 | IC: 0.8897 | RankIC: 0.9194
2026-02-27 11:28:28,537 - root - INFO - Valid Results | R²: 0.4804 | RMSE: 0.7154 | IC: 0.8614 | RankIC: 0.8930
2026-02-27 11:28:28,565 - root - INFO - Best model saved at epoch 103 with validation R2: 0.4878
2026-02-27 11:28:28,566 - root - INFO - Epoch [103/10000],
2026-02-27 11:28:28,566 - root - INFO - Train Results | R²: 0.6194 | RMSE: 0.5975 | IC: 0.8880 | RankIC: 0.9104
2026-02-27 11:28:28,566 - root - INFO - Valid Results | R²: 0.4878 | RMSE: 0.7103 | IC: 0.8626 | RankIC: 0.8912
2026-02-27 11:28:28,600 - root - INFO - Best model saved at epoch 104 with validation R2: 0.4979
2026-02-27 11:28:28,600 - root - INFO - Epoch [104/10000],
2026-02-27 11:28:28,600 - root - INFO - Train Results | R²: 0.6310 | RMSE: 0.5884 | IC: 0.8921 | RankIC: 0.9241
2026-02-27 11:28:28,601 - root - INFO - Valid Results | R²: 0.4979 | RMSE: 0.7033 | IC: 0.8660 | RankIC: 0.8895
2026-02-27 11:28:28,645 - root - INFO - Best model saved at epoch 105 with validation R2: 0.5053
2026-02-27 11:28:28,645 - root - INFO - Epoch [105/10000],
2026-02-27 11:28:28,646 - root - INFO - Train Results | R²: 0.6402 | RMSE: 0.5809 | IC: 0.8929 | RankIC: 0.9201
2026-02-27 11:28:28,646 - root - INFO - Valid Results | R²: 0.5053 | RMSE: 0.6980 | IC: 0.8668 | RankIC: 0.8912
2026-02-27 11:28:28,681 - root - INFO - Best model saved at epoch 106 with validation R2: 0.5125
2026-02-27 11:28:28,682 - root - INFO - Epoch [106/10000],
2026-02-27 11:28:28,682 - root - INFO - Train Results | R²: 0.6521 | RMSE: 0.5713 | IC: 0.8943 | RankIC: 0.9239
2026-02-27 11:28:28,682 - root - INFO - Valid Results | R²: 0.5125 | RMSE: 0.6929 | IC: 0.8679 | RankIC: 0.8912
2026-02-27 11:28:28,715 - root - INFO - Best model saved at epoch 107 with validation R2: 0.5224
2026-02-27 11:28:28,716 - root - INFO - Epoch [107/10000],
2026-02-27 11:28:28,716 - root - INFO - Train Results | R²: 0.6615 | RMSE: 0.5635 | IC: 0.8941 | RankIC: 0.9177
2026-02-27 11:28:28,716 - root - INFO - Valid Results | R²: 0.5224 | RMSE: 0.6859 | IC: 0.8715 | RankIC: 0.8912
2026-02-27 11:28:28,757 - root - INFO - Best model saved at epoch 108 with validation R2: 0.5308
2026-02-27 11:28:28,758 - root - INFO - Epoch [108/10000],
2026-02-27 11:28:28,758 - root - INFO - Train Results | R²: 0.6697 | RMSE: 0.5566 | IC: 0.8961 | RankIC: 0.9260
2026-02-27 11:28:28,758 - root - INFO - Valid Results | R²: 0.5308 | RMSE: 0.6799 | IC: 0.8727 | RankIC: 0.8930
2026-02-27 11:28:28,802 - root - INFO - Best model saved at epoch 109 with validation R2: 0.5379
2026-02-27 11:28:28,803 - root - INFO - Epoch [109/10000],
2026-02-27 11:28:28,803 - root - INFO - Train Results | R²: 0.6814 | RMSE: 0.5466 | IC: 0.8978 | RankIC: 0.9282
2026-02-27 11:28:28,803 - root - INFO - Valid Results | R²: 0.5379 | RMSE: 0.6746 | IC: 0.8735 | RankIC: 0.8895
2026-02-27 11:28:28,836 - root - INFO - Best model saved at epoch 110 with validation R2: 0.5459
2026-02-27 11:28:28,836 - root - INFO - Epoch [110/10000],
2026-02-27 11:28:28,836 - root - INFO - Train Results | R²: 0.6923 | RMSE: 0.5373 | IC: 0.9002 | RankIC: 0.9227
2026-02-27 11:28:28,836 - root - INFO - Valid Results | R²: 0.5459 | RMSE: 0.6688 | IC: 0.8746 | RankIC: 0.8930
2026-02-27 11:28:28,869 - root - INFO - Best model saved at epoch 111 with validation R2: 0.5569
2026-02-27 11:28:28,870 - root - INFO - Epoch [111/10000],
2026-02-27 11:28:28,870 - root - INFO - Train Results | R²: 0.7022 | RMSE: 0.5286 | IC: 0.9002 | RankIC: 0.9258
2026-02-27 11:28:28,870 - root - INFO - Valid Results | R²: 0.5569 | RMSE: 0.6607 | IC: 0.8783 | RankIC: 0.8912
2026-02-27 11:28:28,921 - root - INFO - Best model saved at epoch 112 with validation R2: 0.5659
2026-02-27 11:28:28,921 - root - INFO - Epoch [112/10000],
2026-02-27 11:28:28,922 - root - INFO - Train Results | R²: 0.7141 | RMSE: 0.5179 | IC: 0.9017 | RankIC: 0.9303
2026-02-27 11:28:28,922 - root - INFO - Valid Results | R²: 0.5659 | RMSE: 0.6539 | IC: 0.8807 | RankIC: 0.9035
2026-02-27 11:28:28,956 - root - INFO - Best model saved at epoch 113 with validation R2: 0.5757
2026-02-27 11:28:28,956 - root - INFO - Epoch [113/10000],
2026-02-27 11:28:28,957 - root - INFO - Train Results | R²: 0.7252 | RMSE: 0.5077 | IC: 0.9040 | RankIC: 0.9286
2026-02-27 11:28:28,957 - root - INFO - Valid Results | R²: 0.5757 | RMSE: 0.6465 | IC: 0.8829 | RankIC: 0.9070
2026-02-27 11:28:28,987 - root - INFO - Best model saved at epoch 114 with validation R2: 0.5853
2026-02-27 11:28:28,987 - root - INFO - Epoch [114/10000],
2026-02-27 11:28:28,987 - root - INFO - Train Results | R²: 0.7382 | RMSE: 0.4956 | IC: 0.9056 | RankIC: 0.9267
2026-02-27 11:28:28,987 - root - INFO - Valid Results | R²: 0.5853 | RMSE: 0.6392 | IC: 0.8835 | RankIC: 0.9053
2026-02-27 11:28:29,027 - root - INFO - Best model saved at epoch 115 with validation R2: 0.5976
2026-02-27 11:28:29,028 - root - INFO - Epoch [115/10000],
2026-02-27 11:28:29,028 - root - INFO - Train Results | R²: 0.7494 | RMSE: 0.4849 | IC: 0.9081 | RankIC: 0.9336
2026-02-27 11:28:29,028 - root - INFO - Valid Results | R²: 0.5976 | RMSE: 0.6296 | IC: 0.8872 | RankIC: 0.9035
2026-02-27 11:28:29,061 - root - INFO - Best model saved at epoch 116 with validation R2: 0.6079
2026-02-27 11:28:29,061 - root - INFO - Epoch [116/10000],
2026-02-27 11:28:29,061 - root - INFO - Train Results | R²: 0.7605 | RMSE: 0.4740 | IC: 0.9090 | RankIC: 0.9365
2026-02-27 11:28:29,062 - root - INFO - Valid Results | R²: 0.6079 | RMSE: 0.6215 | IC: 0.8902 | RankIC: 0.9018
2026-02-27 11:28:29,092 - root - INFO - Best model saved at epoch 117 with validation R2: 0.6174
2026-02-27 11:28:29,093 - root - INFO - Epoch [117/10000],
2026-02-27 11:28:29,093 - root - INFO - Train Results | R²: 0.7714 | RMSE: 0.4631 | IC: 0.9096 | RankIC: 0.9376
2026-02-27 11:28:29,093 - root - INFO - Valid Results | R²: 0.6174 | RMSE: 0.6139 | IC: 0.8917 | RankIC: 0.9035
2026-02-27 11:28:29,125 - root - INFO - Best model saved at epoch 118 with validation R2: 0.6275
2026-02-27 11:28:29,125 - root - INFO - Epoch [118/10000],
2026-02-27 11:28:29,126 - root - INFO - Train Results | R²: 0.7779 | RMSE: 0.4564 | IC: 0.9099 | RankIC: 0.9346
2026-02-27 11:28:29,126 - root - INFO - Valid Results | R²: 0.6275 | RMSE: 0.6058 | IC: 0.8928 | RankIC: 0.9053
2026-02-27 11:28:29,157 - root - INFO - Best model saved at epoch 119 with validation R2: 0.6357
2026-02-27 11:28:29,158 - root - INFO - Epoch [119/10000],
2026-02-27 11:28:29,158 - root - INFO - Train Results | R²: 0.7868 | RMSE: 0.4472 | IC: 0.9096 | RankIC: 0.9315
2026-02-27 11:28:29,158 - root - INFO - Valid Results | R²: 0.6357 | RMSE: 0.5990 | IC: 0.8955 | RankIC: 0.9035
2026-02-27 11:28:29,189 - root - INFO - Best model saved at epoch 120 with validation R2: 0.6391
2026-02-27 11:28:29,189 - root - INFO - Epoch [120/10000],
2026-02-27 11:28:29,189 - root - INFO - Train Results | R²: 0.7949 | RMSE: 0.4386 | IC: 0.9107 | RankIC: 0.9343
2026-02-27 11:28:29,189 - root - INFO - Valid Results | R²: 0.6391 | RMSE: 0.5963 | IC: 0.8925 | RankIC: 0.9018
2026-02-27 11:28:29,219 - root - INFO - Best model saved at epoch 121 with validation R2: 0.6548
2026-02-27 11:28:29,220 - root - INFO - Epoch [121/10000],
2026-02-27 11:28:29,220 - root - INFO - Train Results | R²: 0.8078 | RMSE: 0.4247 | IC: 0.9150 | RankIC: 0.9448
2026-02-27 11:28:29,220 - root - INFO - Valid Results | R²: 0.6548 | RMSE: 0.5831 | IC: 0.8970 | RankIC: 0.9053
2026-02-27 11:28:29,257 - root - INFO - Best model saved at epoch 122 with validation R2: 0.6620
2026-02-27 11:28:29,257 - root - INFO - Epoch [122/10000],
2026-02-27 11:28:29,257 - root - INFO - Train Results | R²: 0.8117 | RMSE: 0.4203 | IC: 0.9138 | RankIC: 0.9464
2026-02-27 11:28:29,257 - root - INFO - Valid Results | R²: 0.6620 | RMSE: 0.5770 | IC: 0.8996 | RankIC: 0.9053
2026-02-27 11:28:29,288 - root - INFO - Best model saved at epoch 123 with validation R2: 0.6677
2026-02-27 11:28:29,288 - root - INFO - Epoch [123/10000],
2026-02-27 11:28:29,288 - root - INFO - Train Results | R²: 0.8204 | RMSE: 0.4104 | IC: 0.9160 | RankIC: 0.9486
2026-02-27 11:28:29,289 - root - INFO - Valid Results | R²: 0.6677 | RMSE: 0.5721 | IC: 0.8991 | RankIC: 0.9018
2026-02-27 11:28:29,319 - root - INFO - Best model saved at epoch 124 with validation R2: 0.6772
2026-02-27 11:28:29,320 - root - INFO - Epoch [124/10000],
2026-02-27 11:28:29,320 - root - INFO - Train Results | R²: 0.8225 | RMSE: 0.4080 | IC: 0.9149 | RankIC: 0.9495
2026-02-27 11:28:29,320 - root - INFO - Valid Results | R²: 0.6772 | RMSE: 0.5639 | IC: 0.9020 | RankIC: 0.9123
2026-02-27 11:28:29,351 - root - INFO - Best model saved at epoch 125 with validation R2: 0.6812
2026-02-27 11:28:29,352 - root - INFO - Epoch [125/10000],
2026-02-27 11:28:29,352 - root - INFO - Train Results | R²: 0.8263 | RMSE: 0.4037 | IC: 0.9149 | RankIC: 0.9512
2026-02-27 11:28:29,352 - root - INFO - Valid Results | R²: 0.6812 | RMSE: 0.5604 | IC: 0.9017 | RankIC: 0.9088
2026-02-27 11:28:29,384 - root - INFO - Best model saved at epoch 126 with validation R2: 0.6867
2026-02-27 11:28:29,384 - root - INFO - Epoch [126/10000],
2026-02-27 11:28:29,384 - root - INFO - Train Results | R²: 0.8316 | RMSE: 0.3975 | IC: 0.9159 | RankIC: 0.9559
2026-02-27 11:28:29,384 - root - INFO - Valid Results | R²: 0.6867 | RMSE: 0.5555 | IC: 0.9029 | RankIC: 0.9175
2026-02-27 11:28:29,428 - root - INFO - Best model saved at epoch 127 with validation R2: 0.6942
2026-02-27 11:28:29,429 - root - INFO - Epoch [127/10000],
2026-02-27 11:28:29,429 - root - INFO - Train Results | R²: 0.8387 | RMSE: 0.3890 | IC: 0.9187 | RankIC: 0.9507
2026-02-27 11:28:29,429 - root - INFO - Valid Results | R²: 0.6942 | RMSE: 0.5489 | IC: 0.9051 | RankIC: 0.9193
2026-02-27 11:28:29,460 - root - INFO - Best model saved at epoch 128 with validation R2: 0.6953
2026-02-27 11:28:29,460 - root - INFO - Epoch [128/10000],
2026-02-27 11:28:29,460 - root - INFO - Train Results | R²: 0.8406 | RMSE: 0.3867 | IC: 0.9185 | RankIC: 0.9502
2026-02-27 11:28:29,460 - root - INFO - Valid Results | R²: 0.6953 | RMSE: 0.5478 | IC: 0.9041 | RankIC: 0.9175
2026-02-27 11:28:29,492 - root - INFO - Best model saved at epoch 129 with validation R2: 0.7016
2026-02-27 11:28:29,492 - root - INFO - Epoch [129/10000],
2026-02-27 11:28:29,493 - root - INFO - Train Results | R²: 0.8436 | RMSE: 0.3831 | IC: 0.9201 | RankIC: 0.9521
2026-02-27 11:28:29,493 - root - INFO - Valid Results | R²: 0.7016 | RMSE: 0.5422 | IC: 0.9048 | RankIC: 0.9193
2026-02-27 11:28:29,525 - root - INFO - Best model saved at epoch 130 with validation R2: 0.7047
2026-02-27 11:28:29,525 - root - INFO - Epoch [130/10000],
2026-02-27 11:28:29,525 - root - INFO - Train Results | R²: 0.8471 | RMSE: 0.3787 | IC: 0.9214 | RankIC: 0.9559
2026-02-27 11:28:29,525 - root - INFO - Valid Results | R²: 0.7047 | RMSE: 0.5393 | IC: 0.9053 | RankIC: 0.9193
2026-02-27 11:28:29,557 - root - INFO - Best model saved at epoch 131 with validation R2: 0.7092
2026-02-27 11:28:29,558 - root - INFO - Epoch [131/10000],
2026-02-27 11:28:29,558 - root - INFO - Train Results | R²: 0.8470 | RMSE: 0.3788 | IC: 0.9213 | RankIC: 0.9535
2026-02-27 11:28:29,558 - root - INFO - Valid Results | R²: 0.7092 | RMSE: 0.5352 | IC: 0.9077 | RankIC: 0.9193
2026-02-27 11:28:29,588 - root - INFO - Best model saved at epoch 132 with validation R2: 0.7114
2026-02-27 11:28:29,588 - root - INFO - Epoch [132/10000],
2026-02-27 11:28:29,588 - root - INFO - Train Results | R²: 0.8520 | RMSE: 0.3726 | IC: 0.9235 | RankIC: 0.9559
2026-02-27 11:28:29,589 - root - INFO - Valid Results | R²: 0.7114 | RMSE: 0.5331 | IC: 0.9077 | RankIC: 0.9193
2026-02-27 11:28:29,619 - root - INFO - Best model saved at epoch 133 with validation R2: 0.7153
2026-02-27 11:28:29,619 - root - INFO - Epoch [133/10000],
2026-02-27 11:28:29,619 - root - INFO - Train Results | R²: 0.8543 | RMSE: 0.3697 | IC: 0.9248 | RankIC: 0.9561
2026-02-27 11:28:29,620 - root - INFO - Valid Results | R²: 0.7153 | RMSE: 0.5295 | IC: 0.9096 | RankIC: 0.9211
2026-02-27 11:28:29,655 - root - INFO - Best model saved at epoch 134 with validation R2: 0.7163
2026-02-27 11:28:29,655 - root - INFO - Epoch [134/10000],
2026-02-27 11:28:29,655 - root - INFO - Train Results | R²: 0.8596 | RMSE: 0.3630 | IC: 0.9276 | RankIC: 0.9576
2026-02-27 11:28:29,655 - root - INFO - Valid Results | R²: 0.7163 | RMSE: 0.5286 | IC: 0.9083 | RankIC: 0.9211
2026-02-27 11:28:29,686 - root - INFO - Epoch [135/10000],
2026-02-27 11:28:29,686 - root - INFO - Train Results | R²: 0.8595 | RMSE: 0.3631 | IC: 0.9274 | RankIC: 0.9554
2026-02-27 11:28:29,686 - root - INFO - Valid Results | R²: 0.7162 | RMSE: 0.5287 | IC: 0.9092 | RankIC: 0.9123
2026-02-27 11:28:29,717 - root - INFO - Epoch [136/10000],
2026-02-27 11:28:29,717 - root - INFO - Train Results | R²: 0.8575 | RMSE: 0.3656 | IC: 0.9263 | RankIC: 0.9538
2026-02-27 11:28:29,717 - root - INFO - Valid Results | R²: 0.7164 | RMSE: 0.5285 | IC: 0.9079 | RankIC: 0.9158
2026-02-27 11:28:29,750 - root - INFO - Best model saved at epoch 137 with validation R2: 0.7217
2026-02-27 11:28:29,750 - root - INFO - Epoch [137/10000],
2026-02-27 11:28:29,750 - root - INFO - Train Results | R²: 0.8626 | RMSE: 0.3590 | IC: 0.9290 | RankIC: 0.9521
2026-02-27 11:28:29,751 - root - INFO - Valid Results | R²: 0.7217 | RMSE: 0.5236 | IC: 0.9110 | RankIC: 0.9193
2026-02-27 11:28:29,777 - root - INFO - Epoch [138/10000],
2026-02-27 11:28:29,777 - root - INFO - Train Results | R²: 0.8673 | RMSE: 0.3528 | IC: 0.9315 | RankIC: 0.9576
2026-02-27 11:28:29,777 - root - INFO - Valid Results | R²: 0.7197 | RMSE: 0.5254 | IC: 0.9090 | RankIC: 0.9105
2026-02-27 11:28:29,805 - root - INFO - Epoch [139/10000],
2026-02-27 11:28:29,807 - root - INFO - Train Results | R²: 0.8643 | RMSE: 0.3568 | IC: 0.9298 | RankIC: 0.9590
2026-02-27 11:28:29,807 - root - INFO - Valid Results | R²: 0.7187 | RMSE: 0.5264 | IC: 0.9092 | RankIC: 0.9088
2026-02-27 11:28:29,838 - root - INFO - Best model saved at epoch 140 with validation R2: 0.7232
2026-02-27 11:28:29,838 - root - INFO - Epoch [140/10000],
2026-02-27 11:28:29,838 - root - INFO - Train Results | R²: 0.8700 | RMSE: 0.3492 | IC: 0.9328 | RankIC: 0.9566
2026-02-27 11:28:29,838 - root - INFO - Valid Results | R²: 0.7232 | RMSE: 0.5222 | IC: 0.9107 | RankIC: 0.9088
2026-02-27 11:28:29,868 - root - INFO - Epoch [141/10000],
2026-02-27 11:28:29,868 - root - INFO - Train Results | R²: 0.8690 | RMSE: 0.3506 | IC: 0.9323 | RankIC: 0.9564
2026-02-27 11:28:29,869 - root - INFO - Valid Results | R²: 0.7228 | RMSE: 0.5225 | IC: 0.9118 | RankIC: 0.9140
2026-02-27 11:28:29,899 - root - INFO - Best model saved at epoch 142 with validation R2: 0.7241
2026-02-27 11:28:29,900 - root - INFO - Epoch [142/10000],
2026-02-27 11:28:29,900 - root - INFO - Train Results | R²: 0.8721 | RMSE: 0.3464 | IC: 0.9339 | RankIC: 0.9590
2026-02-27 11:28:29,900 - root - INFO - Valid Results | R²: 0.7241 | RMSE: 0.5214 | IC: 0.9127 | RankIC: 0.9175
2026-02-27 11:28:29,926 - root - INFO - Epoch [143/10000],
2026-02-27 11:28:29,926 - root - INFO - Train Results | R²: 0.8774 | RMSE: 0.3391 | IC: 0.9369 | RankIC: 0.9599
2026-02-27 11:28:29,927 - root - INFO - Valid Results | R²: 0.7234 | RMSE: 0.5219 | IC: 0.9119 | RankIC: 0.9123
2026-02-27 11:28:29,959 - root - INFO - Best model saved at epoch 144 with validation R2: 0.7253
2026-02-27 11:28:29,959 - root - INFO - Epoch [144/10000],
2026-02-27 11:28:29,959 - root - INFO - Train Results | R²: 0.8738 | RMSE: 0.3440 | IC: 0.9349 | RankIC: 0.9578
2026-02-27 11:28:29,960 - root - INFO - Valid Results | R²: 0.7253 | RMSE: 0.5202 | IC: 0.9136 | RankIC: 0.9053
2026-02-27 11:28:29,991 - root - INFO - Epoch [145/10000],
2026-02-27 11:28:29,992 - root - INFO - Train Results | R²: 0.8783 | RMSE: 0.3378 | IC: 0.9374 | RankIC: 0.9602
2026-02-27 11:28:29,992 - root - INFO - Valid Results | R²: 0.7241 | RMSE: 0.5213 | IC: 0.9130 | RankIC: 0.9070
2026-02-27 11:28:30,021 - root - INFO - Best model saved at epoch 146 with validation R2: 0.7278
2026-02-27 11:28:30,022 - root - INFO - Epoch [146/10000],
2026-02-27 11:28:30,022 - root - INFO - Train Results | R²: 0.8802 | RMSE: 0.3353 | IC: 0.9384 | RankIC: 0.9576
2026-02-27 11:28:30,022 - root - INFO - Valid Results | R²: 0.7278 | RMSE: 0.5178 | IC: 0.9160 | RankIC: 0.9175
2026-02-27 11:28:30,052 - root - INFO - Epoch [147/10000],
2026-02-27 11:28:30,052 - root - INFO - Train Results | R²: 0.8794 | RMSE: 0.3364 | IC: 0.9380 | RankIC: 0.9599
2026-02-27 11:28:30,053 - root - INFO - Valid Results | R²: 0.7250 | RMSE: 0.5205 | IC: 0.9147 | RankIC: 0.9228
2026-02-27 11:28:30,081 - root - INFO - Epoch [148/10000],
2026-02-27 11:28:30,081 - root - INFO - Train Results | R²: 0.8830 | RMSE: 0.3313 | IC: 0.9401 | RankIC: 0.9609
2026-02-27 11:28:30,081 - root - INFO - Valid Results | R²: 0.7249 | RMSE: 0.5206 | IC: 0.9146 | RankIC: 0.9246
2026-02-27 11:28:30,109 - root - INFO - Epoch [149/10000],
2026-02-27 11:28:30,109 - root - INFO - Train Results | R²: 0.8846 | RMSE: 0.3290 | IC: 0.9407 | RankIC: 0.9614
2026-02-27 11:28:30,109 - root - INFO - Valid Results | R²: 0.7278 | RMSE: 0.5178 | IC: 0.9158 | RankIC: 0.9228
2026-02-27 11:28:30,137 - root - INFO - Epoch [150/10000],
2026-02-27 11:28:30,137 - root - INFO - Train Results | R²: 0.8887 | RMSE: 0.3231 | IC: 0.9431 | RankIC: 0.9597
2026-02-27 11:28:30,138 - root - INFO - Valid Results | R²: 0.7266 | RMSE: 0.5190 | IC: 0.9152 | RankIC: 0.9228
2026-02-27 11:28:30,167 - root - INFO - Best model saved at epoch 151 with validation R2: 0.7300
2026-02-27 11:28:30,167 - root - INFO - Epoch [151/10000],
2026-02-27 11:28:30,168 - root - INFO - Train Results | R²: 0.8865 | RMSE: 0.3263 | IC: 0.9420 | RankIC: 0.9597
2026-02-27 11:28:30,168 - root - INFO - Valid Results | R²: 0.7300 | RMSE: 0.5157 | IC: 0.9187 | RankIC: 0.9228
2026-02-27 11:28:30,199 - root - INFO - Epoch [152/10000],
2026-02-27 11:28:30,199 - root - INFO - Train Results | R²: 0.8874 | RMSE: 0.3251 | IC: 0.9422 | RankIC: 0.9609
2026-02-27 11:28:30,200 - root - INFO - Valid Results | R²: 0.7273 | RMSE: 0.5183 | IC: 0.9167 | RankIC: 0.9246
2026-02-27 11:28:30,230 - root - INFO - Epoch [153/10000],
2026-02-27 11:28:30,230 - root - INFO - Train Results | R²: 0.8868 | RMSE: 0.3259 | IC: 0.9420 | RankIC: 0.9621
2026-02-27 11:28:30,231 - root - INFO - Valid Results | R²: 0.7265 | RMSE: 0.5190 | IC: 0.9171 | RankIC: 0.9158
2026-02-27 11:28:30,259 - root - INFO - Epoch [154/10000],
2026-02-27 11:28:30,259 - root - INFO - Train Results | R²: 0.8929 | RMSE: 0.3169 | IC: 0.9454 | RankIC: 0.9616
2026-02-27 11:28:30,259 - root - INFO - Valid Results | R²: 0.7282 | RMSE: 0.5174 | IC: 0.9165 | RankIC: 0.9158
2026-02-27 11:28:30,287 - root - INFO - Best model saved at epoch 155 with validation R2: 0.7311
2026-02-27 11:28:30,288 - root - INFO - Epoch [155/10000],
2026-02-27 11:28:30,288 - root - INFO - Train Results | R²: 0.8960 | RMSE: 0.3123 | IC: 0.9470 | RankIC: 0.9642
2026-02-27 11:28:30,288 - root - INFO - Valid Results | R²: 0.7311 | RMSE: 0.5146 | IC: 0.9172 | RankIC: 0.9246
2026-02-27 11:28:30,325 - root - INFO - Epoch [156/10000],
2026-02-27 11:28:30,326 - root - INFO - Train Results | R²: 0.8936 | RMSE: 0.3159 | IC: 0.9457 | RankIC: 0.9656
2026-02-27 11:28:30,326 - root - INFO - Valid Results | R²: 0.7311 | RMSE: 0.5147 | IC: 0.9193 | RankIC: 0.9246
2026-02-27 11:28:30,358 - root - INFO - Epoch [157/10000],
2026-02-27 11:28:30,359 - root - INFO - Train Results | R²: 0.9011 | RMSE: 0.3047 | IC: 0.9498 | RankIC: 0.9654
2026-02-27 11:28:30,359 - root - INFO - Valid Results | R²: 0.7308 | RMSE: 0.5150 | IC: 0.9190 | RankIC: 0.9246
2026-02-27 11:28:30,391 - root - INFO - Best model saved at epoch 158 with validation R2: 0.7354
2026-02-27 11:28:30,391 - root - INFO - Epoch [158/10000],
2026-02-27 11:28:30,391 - root - INFO - Train Results | R²: 0.9004 | RMSE: 0.3057 | IC: 0.9495 | RankIC: 0.9663
2026-02-27 11:28:30,392 - root - INFO - Valid Results | R²: 0.7354 | RMSE: 0.5105 | IC: 0.9215 | RankIC: 0.9228
2026-02-27 11:28:30,418 - root - INFO - Epoch [159/10000],
2026-02-27 11:28:30,419 - root - INFO - Train Results | R²: 0.9013 | RMSE: 0.3043 | IC: 0.9500 | RankIC: 0.9656
2026-02-27 11:28:30,419 - root - INFO - Valid Results | R²: 0.7331 | RMSE: 0.5128 | IC: 0.9209 | RankIC: 0.9246
2026-02-27 11:28:30,449 - root - INFO - Epoch [160/10000],
2026-02-27 11:28:30,449 - root - INFO - Train Results | R²: 0.9000 | RMSE: 0.3063 | IC: 0.9490 | RankIC: 0.9651
2026-02-27 11:28:30,449 - root - INFO - Valid Results | R²: 0.7339 | RMSE: 0.5120 | IC: 0.9209 | RankIC: 0.9246
2026-02-27 11:28:30,477 - root - INFO - Epoch [161/10000],
2026-02-27 11:28:30,477 - root - INFO - Train Results | R²: 0.9025 | RMSE: 0.3024 | IC: 0.9504 | RankIC: 0.9649
2026-02-27 11:28:30,477 - root - INFO - Valid Results | R²: 0.7342 | RMSE: 0.5117 | IC: 0.9212 | RankIC: 0.9246
2026-02-27 11:28:30,506 - root - INFO - Epoch [162/10000],
2026-02-27 11:28:30,506 - root - INFO - Train Results | R²: 0.9038 | RMSE: 0.3004 | IC: 0.9511 | RankIC: 0.9654
2026-02-27 11:28:30,507 - root - INFO - Valid Results | R²: 0.7338 | RMSE: 0.5121 | IC: 0.9219 | RankIC: 0.9228
2026-02-27 11:28:30,534 - root - INFO - Epoch [163/10000],
2026-02-27 11:28:30,534 - root - INFO - Train Results | R²: 0.9056 | RMSE: 0.2976 | IC: 0.9523 | RankIC: 0.9654
2026-02-27 11:28:30,534 - root - INFO - Valid Results | R²: 0.7343 | RMSE: 0.5116 | IC: 0.9216 | RankIC: 0.9246
2026-02-27 11:28:30,575 - root - INFO - Epoch [164/10000],
2026-02-27 11:28:30,576 - root - INFO - Train Results | R²: 0.9122 | RMSE: 0.2870 | IC: 0.9557 | RankIC: 0.9675
2026-02-27 11:28:30,576 - root - INFO - Valid Results | R²: 0.7351 | RMSE: 0.5108 | IC: 0.9212 | RankIC: 0.9246
2026-02-27 11:28:30,605 - root - INFO - Best model saved at epoch 165 with validation R2: 0.7364
2026-02-27 11:28:30,605 - root - INFO - Epoch [165/10000],
2026-02-27 11:28:30,605 - root - INFO - Train Results | R²: 0.9098 | RMSE: 0.2908 | IC: 0.9543 | RankIC: 0.9647
2026-02-27 11:28:30,607 - root - INFO - Valid Results | R²: 0.7364 | RMSE: 0.5095 | IC: 0.9224 | RankIC: 0.9246
2026-02-27 11:28:30,635 - root - INFO - Epoch [166/10000],
2026-02-27 11:28:30,635 - root - INFO - Train Results | R²: 0.9155 | RMSE: 0.2815 | IC: 0.9576 | RankIC: 0.9659
2026-02-27 11:28:30,636 - root - INFO - Valid Results | R²: 0.7358 | RMSE: 0.5102 | IC: 0.9220 | RankIC: 0.9246
2026-02-27 11:28:30,664 - root - INFO - Best model saved at epoch 167 with validation R2: 0.7386
2026-02-27 11:28:30,664 - root - INFO - Epoch [167/10000],
2026-02-27 11:28:30,664 - root - INFO - Train Results | R²: 0.9138 | RMSE: 0.2844 | IC: 0.9565 | RankIC: 0.9663
2026-02-27 11:28:30,665 - root - INFO - Valid Results | R²: 0.7386 | RMSE: 0.5074 | IC: 0.9244 | RankIC: 0.9246
2026-02-27 11:28:30,698 - root - INFO - Best model saved at epoch 168 with validation R2: 0.7397
2026-02-27 11:28:30,698 - root - INFO - Epoch [168/10000],
2026-02-27 11:28:30,698 - root - INFO - Train Results | R²: 0.9195 | RMSE: 0.2748 | IC: 0.9595 | RankIC: 0.9687
2026-02-27 11:28:30,698 - root - INFO - Valid Results | R²: 0.7397 | RMSE: 0.5063 | IC: 0.9249 | RankIC: 0.9211
2026-02-27 11:28:30,732 - root - INFO - Best model saved at epoch 169 with validation R2: 0.7443
2026-02-27 11:28:30,732 - root - INFO - Epoch [169/10000],
2026-02-27 11:28:30,732 - root - INFO - Train Results | R²: 0.9202 | RMSE: 0.2736 | IC: 0.9598 | RankIC: 0.9668
2026-02-27 11:28:30,733 - root - INFO - Valid Results | R²: 0.7443 | RMSE: 0.5019 | IC: 0.9274 | RankIC: 0.9246
2026-02-27 11:28:30,761 - root - INFO - Epoch [170/10000],
2026-02-27 11:28:30,762 - root - INFO - Train Results | R²: 0.9238 | RMSE: 0.2674 | IC: 0.9618 | RankIC: 0.9682
2026-02-27 11:28:30,762 - root - INFO - Valid Results | R²: 0.7413 | RMSE: 0.5048 | IC: 0.9245 | RankIC: 0.9246
2026-02-27 11:28:30,791 - root - INFO - Epoch [171/10000],
2026-02-27 11:28:30,791 - root - INFO - Train Results | R²: 0.9227 | RMSE: 0.2692 | IC: 0.9613 | RankIC: 0.9701
2026-02-27 11:28:30,791 - root - INFO - Valid Results | R²: 0.7423 | RMSE: 0.5038 | IC: 0.9262 | RankIC: 0.9193
2026-02-27 11:28:30,823 - root - INFO - Best model saved at epoch 172 with validation R2: 0.7445
2026-02-27 11:28:30,823 - root - INFO - Epoch [172/10000],
2026-02-27 11:28:30,824 - root - INFO - Train Results | R²: 0.9228 | RMSE: 0.2691 | IC: 0.9614 | RankIC: 0.9685
2026-02-27 11:28:30,824 - root - INFO - Valid Results | R²: 0.7445 | RMSE: 0.5017 | IC: 0.9269 | RankIC: 0.9246
2026-02-27 11:28:30,854 - root - INFO - Best model saved at epoch 173 with validation R2: 0.7450
2026-02-27 11:28:30,855 - root - INFO - Epoch [173/10000],
2026-02-27 11:28:30,855 - root - INFO - Train Results | R²: 0.9280 | RMSE: 0.2599 | IC: 0.9641 | RankIC: 0.9708
2026-02-27 11:28:30,855 - root - INFO - Valid Results | R²: 0.7450 | RMSE: 0.5012 | IC: 0.9271 | RankIC: 0.9211
2026-02-27 11:28:30,886 - root - INFO - Best model saved at epoch 174 with validation R2: 0.7459
2026-02-27 11:28:30,886 - root - INFO - Epoch [174/10000],
2026-02-27 11:28:30,886 - root - INFO - Train Results | R²: 0.9348 | RMSE: 0.2474 | IC: 0.9675 | RankIC: 0.9697
2026-02-27 11:28:30,886 - root - INFO - Valid Results | R²: 0.7459 | RMSE: 0.5003 | IC: 0.9283 | RankIC: 0.9193
2026-02-27 11:28:30,917 - root - INFO - Epoch [175/10000],
2026-02-27 11:28:30,918 - root - INFO - Train Results | R²: 0.9296 | RMSE: 0.2570 | IC: 0.9648 | RankIC: 0.9692
2026-02-27 11:28:30,918 - root - INFO - Valid Results | R²: 0.7448 | RMSE: 0.5014 | IC: 0.9274 | RankIC: 0.9193
2026-02-27 11:28:30,947 - root - INFO - Best model saved at epoch 176 with validation R2: 0.7490
2026-02-27 11:28:30,948 - root - INFO - Epoch [176/10000],
2026-02-27 11:28:30,948 - root - INFO - Train Results | R²: 0.9357 | RMSE: 0.2456 | IC: 0.9680 | RankIC: 0.9718
2026-02-27 11:28:30,948 - root - INFO - Valid Results | R²: 0.7490 | RMSE: 0.4972 | IC: 0.9286 | RankIC: 0.9193
2026-02-27 11:28:30,977 - root - INFO - Epoch [177/10000],
2026-02-27 11:28:30,977 - root - INFO - Train Results | R²: 0.9321 | RMSE: 0.2523 | IC: 0.9659 | RankIC: 0.9689
2026-02-27 11:28:30,977 - root - INFO - Valid Results | R²: 0.7468 | RMSE: 0.4995 | IC: 0.9278 | RankIC: 0.9193
2026-02-27 11:28:31,006 - root - INFO - Best model saved at epoch 178 with validation R2: 0.7511
2026-02-27 11:28:31,007 - root - INFO - Epoch [178/10000],
2026-02-27 11:28:31,007 - root - INFO - Train Results | R²: 0.9376 | RMSE: 0.2420 | IC: 0.9688 | RankIC: 0.9711
2026-02-27 11:28:31,007 - root - INFO - Valid Results | R²: 0.7511 | RMSE: 0.4952 | IC: 0.9280 | RankIC: 0.9193
2026-02-27 11:28:31,042 - root - INFO - Best model saved at epoch 179 with validation R2: 0.7515
2026-02-27 11:28:31,042 - root - INFO - Epoch [179/10000],
2026-02-27 11:28:31,042 - root - INFO - Train Results | R²: 0.9404 | RMSE: 0.2363 | IC: 0.9704 | RankIC: 0.9713
2026-02-27 11:28:31,043 - root - INFO - Valid Results | R²: 0.7515 | RMSE: 0.4948 | IC: 0.9293 | RankIC: 0.9193
2026-02-27 11:28:31,071 - root - INFO - Best model saved at epoch 180 with validation R2: 0.7545
2026-02-27 11:28:31,072 - root - INFO - Epoch [180/10000],
2026-02-27 11:28:31,072 - root - INFO - Train Results | R²: 0.9407 | RMSE: 0.2359 | IC: 0.9704 | RankIC: 0.9716
2026-02-27 11:28:31,072 - root - INFO - Valid Results | R²: 0.7545 | RMSE: 0.4918 | IC: 0.9306 | RankIC: 0.9211
2026-02-27 11:28:31,102 - root - INFO - Epoch [181/10000],
2026-02-27 11:28:31,102 - root - INFO - Train Results | R²: 0.9439 | RMSE: 0.2295 | IC: 0.9719 | RankIC: 0.9730
2026-02-27 11:28:31,103 - root - INFO - Valid Results | R²: 0.7502 | RMSE: 0.4960 | IC: 0.9285 | RankIC: 0.9193
2026-02-27 11:28:31,134 - root - INFO - Best model saved at epoch 182 with validation R2: 0.7553
2026-02-27 11:28:31,134 - root - INFO - Epoch [182/10000],
2026-02-27 11:28:31,134 - root - INFO - Train Results | R²: 0.9450 | RMSE: 0.2272 | IC: 0.9728 | RankIC: 0.9734
2026-02-27 11:28:31,135 - root - INFO - Valid Results | R²: 0.7553 | RMSE: 0.4910 | IC: 0.9307 | RankIC: 0.9193
2026-02-27 11:28:31,177 - root - INFO - Best model saved at epoch 183 with validation R2: 0.7562
2026-02-27 11:28:31,177 - root - INFO - Epoch [183/10000],
2026-02-27 11:28:31,178 - root - INFO - Train Results | R²: 0.9422 | RMSE: 0.2328 | IC: 0.9713 | RankIC: 0.9727
2026-02-27 11:28:31,178 - root - INFO - Valid Results | R²: 0.7562 | RMSE: 0.4901 | IC: 0.9320 | RankIC: 0.9193
2026-02-27 11:28:31,206 - root - INFO - Epoch [184/10000],
2026-02-27 11:28:31,207 - root - INFO - Train Results | R²: 0.9466 | RMSE: 0.2238 | IC: 0.9736 | RankIC: 0.9734
2026-02-27 11:28:31,207 - root - INFO - Valid Results | R²: 0.7551 | RMSE: 0.4912 | IC: 0.9305 | RankIC: 0.9211
2026-02-27 11:28:31,241 - root - INFO - Epoch [185/10000],
2026-02-27 11:28:31,241 - root - INFO - Train Results | R²: 0.9486 | RMSE: 0.2196 | IC: 0.9748 | RankIC: 0.9732
2026-02-27 11:28:31,242 - root - INFO - Valid Results | R²: 0.7546 | RMSE: 0.4916 | IC: 0.9298 | RankIC: 0.9175
2026-02-27 11:28:31,268 - root - INFO - Epoch [186/10000],
2026-02-27 11:28:31,269 - root - INFO - Train Results | R²: 0.9489 | RMSE: 0.2189 | IC: 0.9749 | RankIC: 0.9751
2026-02-27 11:28:31,269 - root - INFO - Valid Results | R²: 0.7551 | RMSE: 0.4912 | IC: 0.9304 | RankIC: 0.9175
2026-02-27 11:28:31,299 - root - INFO - Best model saved at epoch 187 with validation R2: 0.7591
2026-02-27 11:28:31,299 - root - INFO - Epoch [187/10000],
2026-02-27 11:28:31,299 - root - INFO - Train Results | R²: 0.9522 | RMSE: 0.2118 | IC: 0.9764 | RankIC: 0.9772
2026-02-27 11:28:31,300 - root - INFO - Valid Results | R²: 0.7591 | RMSE: 0.4871 | IC: 0.9316 | RankIC: 0.9211
2026-02-27 11:28:31,329 - root - INFO - Epoch [188/10000],
2026-02-27 11:28:31,329 - root - INFO - Train Results | R²: 0.9550 | RMSE: 0.2054 | IC: 0.9779 | RankIC: 0.9758
2026-02-27 11:28:31,329 - root - INFO - Valid Results | R²: 0.7577 | RMSE: 0.4885 | IC: 0.9320 | RankIC: 0.9175
2026-02-27 11:28:31,365 - root - INFO - Epoch [189/10000],
2026-02-27 11:28:31,366 - root - INFO - Train Results | R²: 0.9555 | RMSE: 0.2044 | IC: 0.9777 | RankIC: 0.9753
2026-02-27 11:28:31,366 - root - INFO - Valid Results | R²: 0.7589 | RMSE: 0.4873 | IC: 0.9319 | RankIC: 0.9228
2026-02-27 11:28:31,395 - root - INFO - Best model saved at epoch 190 with validation R2: 0.7593
2026-02-27 11:28:31,396 - root - INFO - Epoch [190/10000],
2026-02-27 11:28:31,396 - root - INFO - Train Results | R²: 0.9556 | RMSE: 0.2040 | IC: 0.9779 | RankIC: 0.9761
2026-02-27 11:28:31,396 - root - INFO - Valid Results | R²: 0.7593 | RMSE: 0.4869 | IC: 0.9326 | RankIC: 0.9193
2026-02-27 11:28:31,430 - root - INFO - Best model saved at epoch 191 with validation R2: 0.7595
2026-02-27 11:28:31,431 - root - INFO - Epoch [191/10000],
2026-02-27 11:28:31,431 - root - INFO - Train Results | R²: 0.9551 | RMSE: 0.2052 | IC: 0.9779 | RankIC: 0.9758
2026-02-27 11:28:31,431 - root - INFO - Valid Results | R²: 0.7595 | RMSE: 0.4867 | IC: 0.9317 | RankIC: 0.9193
2026-02-27 11:28:31,461 - root - INFO - Best model saved at epoch 192 with validation R2: 0.7643
2026-02-27 11:28:31,462 - root - INFO - Epoch [192/10000],
2026-02-27 11:28:31,462 - root - INFO - Train Results | R²: 0.9591 | RMSE: 0.1960 | IC: 0.9798 | RankIC: 0.9775
2026-02-27 11:28:31,462 - root - INFO - Valid Results | R²: 0.7643 | RMSE: 0.4819 | IC: 0.9336 | RankIC: 0.9193
2026-02-27 11:28:31,491 - root - INFO - Epoch [193/10000],
2026-02-27 11:28:31,491 - root - INFO - Train Results | R²: 0.9609 | RMSE: 0.1914 | IC: 0.9810 | RankIC: 0.9777
2026-02-27 11:28:31,491 - root - INFO - Valid Results | R²: 0.7589 | RMSE: 0.4873 | IC: 0.9302 | RankIC: 0.9193
2026-02-27 11:28:31,524 - root - INFO - Epoch [194/10000],
2026-02-27 11:28:31,524 - root - INFO - Train Results | R²: 0.9643 | RMSE: 0.1831 | IC: 0.9824 | RankIC: 0.9763
2026-02-27 11:28:31,524 - root - INFO - Valid Results | R²: 0.7607 | RMSE: 0.4855 | IC: 0.9321 | RankIC: 0.9211
2026-02-27 11:28:31,552 - root - INFO - Epoch [195/10000],
2026-02-27 11:28:31,553 - root - INFO - Train Results | R²: 0.9610 | RMSE: 0.1913 | IC: 0.9810 | RankIC: 0.9772
2026-02-27 11:28:31,553 - root - INFO - Valid Results | R²: 0.7619 | RMSE: 0.4842 | IC: 0.9337 | RankIC: 0.9193
2026-02-27 11:28:31,582 - root - INFO - Best model saved at epoch 196 with validation R2: 0.7655
2026-02-27 11:28:31,582 - root - INFO - Epoch [196/10000],
2026-02-27 11:28:31,582 - root - INFO - Train Results | R²: 0.9646 | RMSE: 0.1822 | IC: 0.9826 | RankIC: 0.9775
2026-02-27 11:28:31,582 - root - INFO - Valid Results | R²: 0.7655 | RMSE: 0.4807 | IC: 0.9334 | RankIC: 0.9211
2026-02-27 11:28:31,612 - root - INFO - Best model saved at epoch 197 with validation R2: 0.7666
2026-02-27 11:28:31,612 - root - INFO - Epoch [197/10000],
2026-02-27 11:28:31,613 - root - INFO - Train Results | R²: 0.9641 | RMSE: 0.1835 | IC: 0.9825 | RankIC: 0.9782
2026-02-27 11:28:31,613 - root - INFO - Valid Results | R²: 0.7666 | RMSE: 0.4795 | IC: 0.9340 | RankIC: 0.9193
2026-02-27 11:28:31,644 - root - INFO - Best model saved at epoch 198 with validation R2: 0.7677
2026-02-27 11:28:31,644 - root - INFO - Epoch [198/10000],
2026-02-27 11:28:31,644 - root - INFO - Train Results | R²: 0.9657 | RMSE: 0.1793 | IC: 0.9831 | RankIC: 0.9784
2026-02-27 11:28:31,644 - root - INFO - Valid Results | R²: 0.7677 | RMSE: 0.4783 | IC: 0.9343 | RankIC: 0.9211
2026-02-27 11:28:31,676 - root - INFO - Best model saved at epoch 199 with validation R2: 0.7720
2026-02-27 11:28:31,676 - root - INFO - Epoch [199/10000],
2026-02-27 11:28:31,676 - root - INFO - Train Results | R²: 0.9651 | RMSE: 0.1810 | IC: 0.9828 | RankIC: 0.9761
2026-02-27 11:28:31,677 - root - INFO - Valid Results | R²: 0.7720 | RMSE: 0.4740 | IC: 0.9352 | RankIC: 0.9211
2026-02-27 11:28:31,708 - root - INFO - Epoch [200/10000],
2026-02-27 11:28:31,709 - root - INFO - Train Results | R²: 0.9669 | RMSE: 0.1761 | IC: 0.9837 | RankIC: 0.9780
2026-02-27 11:28:31,709 - root - INFO - Valid Results | R²: 0.7710 | RMSE: 0.4750 | IC: 0.9339 | RankIC: 0.9193
2026-02-27 11:28:31,743 - root - INFO - Best model saved at epoch 201 with validation R2: 0.7727
2026-02-27 11:28:31,743 - root - INFO - Epoch [201/10000],
2026-02-27 11:28:31,743 - root - INFO - Train Results | R²: 0.9681 | RMSE: 0.1730 | IC: 0.9842 | RankIC: 0.9782
2026-02-27 11:28:31,743 - root - INFO - Valid Results | R²: 0.7727 | RMSE: 0.4732 | IC: 0.9352 | RankIC: 0.9140
2026-02-27 11:28:31,774 - root - INFO - Epoch [202/10000],
2026-02-27 11:28:31,774 - root - INFO - Train Results | R²: 0.9687 | RMSE: 0.1714 | IC: 0.9845 | RankIC: 0.9806
2026-02-27 11:28:31,774 - root - INFO - Valid Results | R²: 0.7720 | RMSE: 0.4739 | IC: 0.9354 | RankIC: 0.9211
2026-02-27 11:28:31,807 - root - INFO - Best model saved at epoch 203 with validation R2: 0.7729
2026-02-27 11:28:31,808 - root - INFO - Epoch [203/10000],
2026-02-27 11:28:31,808 - root - INFO - Train Results | R²: 0.9708 | RMSE: 0.1654 | IC: 0.9856 | RankIC: 0.9829
2026-02-27 11:28:31,808 - root - INFO - Valid Results | R²: 0.7729 | RMSE: 0.4730 | IC: 0.9354 | RankIC: 0.9211
2026-02-27 11:28:31,838 - root - INFO - Epoch [204/10000],
2026-02-27 11:28:31,838 - root - INFO - Train Results | R²: 0.9731 | RMSE: 0.1588 | IC: 0.9868 | RankIC: 0.9820
2026-02-27 11:28:31,839 - root - INFO - Valid Results | R²: 0.7728 | RMSE: 0.4731 | IC: 0.9353 | RankIC: 0.9193
2026-02-27 11:28:31,869 - root - INFO - Epoch [205/10000],
2026-02-27 11:28:31,869 - root - INFO - Train Results | R²: 0.9708 | RMSE: 0.1654 | IC: 0.9856 | RankIC: 0.9803
2026-02-27 11:28:31,870 - root - INFO - Valid Results | R²: 0.7715 | RMSE: 0.4744 | IC: 0.9344 | RankIC: 0.9211
2026-02-27 11:28:31,904 - root - INFO - Best model saved at epoch 206 with validation R2: 0.7735
2026-02-27 11:28:31,905 - root - INFO - Epoch [206/10000],
2026-02-27 11:28:31,905 - root - INFO - Train Results | R²: 0.9732 | RMSE: 0.1586 | IC: 0.9869 | RankIC: 0.9825
2026-02-27 11:28:31,905 - root - INFO - Valid Results | R²: 0.7735 | RMSE: 0.4724 | IC: 0.9344 | RankIC: 0.9193
2026-02-27 11:28:31,946 - root - INFO - Best model saved at epoch 207 with validation R2: 0.7757
2026-02-27 11:28:31,946 - root - INFO - Epoch [207/10000],
2026-02-27 11:28:31,947 - root - INFO - Train Results | R²: 0.9750 | RMSE: 0.1532 | IC: 0.9876 | RankIC: 0.9820
2026-02-27 11:28:31,947 - root - INFO - Valid Results | R²: 0.7757 | RMSE: 0.4701 | IC: 0.9357 | RankIC: 0.9140
2026-02-27 11:28:31,981 - root - INFO - Epoch [208/10000],
2026-02-27 11:28:31,981 - root - INFO - Train Results | R²: 0.9755 | RMSE: 0.1517 | IC: 0.9879 | RankIC: 0.9839
2026-02-27 11:28:31,981 - root - INFO - Valid Results | R²: 0.7745 | RMSE: 0.4713 | IC: 0.9344 | RankIC: 0.9193
2026-02-27 11:28:32,017 - root - INFO - Best model saved at epoch 209 with validation R2: 0.7772
2026-02-27 11:28:32,017 - root - INFO - Epoch [209/10000],
2026-02-27 11:28:32,017 - root - INFO - Train Results | R²: 0.9748 | RMSE: 0.1538 | IC: 0.9875 | RankIC: 0.9813
2026-02-27 11:28:32,017 - root - INFO - Valid Results | R²: 0.7772 | RMSE: 0.4685 | IC: 0.9353 | RankIC: 0.9158
2026-02-27 11:28:32,052 - root - INFO - Best model saved at epoch 210 with validation R2: 0.7813
2026-02-27 11:28:32,052 - root - INFO - Epoch [210/10000],
2026-02-27 11:28:32,052 - root - INFO - Train Results | R²: 0.9770 | RMSE: 0.1470 | IC: 0.9885 | RankIC: 0.9848
2026-02-27 11:28:32,053 - root - INFO - Valid Results | R²: 0.7813 | RMSE: 0.4641 | IC: 0.9375 | RankIC: 0.9193
2026-02-27 11:28:32,085 - root - INFO - Epoch [211/10000],
2026-02-27 11:28:32,086 - root - INFO - Train Results | R²: 0.9781 | RMSE: 0.1433 | IC: 0.9892 | RankIC: 0.9870
2026-02-27 11:28:32,086 - root - INFO - Valid Results | R²: 0.7771 | RMSE: 0.4686 | IC: 0.9356 | RankIC: 0.9140
2026-02-27 11:28:32,137 - root - INFO - Epoch [212/10000],
2026-02-27 11:28:32,137 - root - INFO - Train Results | R²: 0.9769 | RMSE: 0.1473 | IC: 0.9886 | RankIC: 0.9841
2026-02-27 11:28:32,138 - root - INFO - Valid Results | R²: 0.7777 | RMSE: 0.4679 | IC: 0.9354 | RankIC: 0.9228
2026-02-27 11:28:32,170 - root - INFO - Epoch [213/10000],
2026-02-27 11:28:32,171 - root - INFO - Train Results | R²: 0.9799 | RMSE: 0.1374 | IC: 0.9900 | RankIC: 0.9836
2026-02-27 11:28:32,171 - root - INFO - Valid Results | R²: 0.7754 | RMSE: 0.4703 | IC: 0.9357 | RankIC: 0.9158
2026-02-27 11:28:32,203 - root - INFO - Epoch [214/10000],
2026-02-27 11:28:32,203 - root - INFO - Train Results | R²: 0.9782 | RMSE: 0.1429 | IC: 0.9892 | RankIC: 0.9853
2026-02-27 11:28:32,203 - root - INFO - Valid Results | R²: 0.7753 | RMSE: 0.4705 | IC: 0.9346 | RankIC: 0.9140
2026-02-27 11:28:32,235 - root - INFO - Epoch [215/10000],
2026-02-27 11:28:32,235 - root - INFO - Train Results | R²: 0.9812 | RMSE: 0.1329 | IC: 0.9907 | RankIC: 0.9858
2026-02-27 11:28:32,236 - root - INFO - Valid Results | R²: 0.7779 | RMSE: 0.4678 | IC: 0.9361 | RankIC: 0.9140
2026-02-27 11:28:32,264 - root - INFO - Epoch [216/10000],
2026-02-27 11:28:32,264 - root - INFO - Train Results | R²: 0.9812 | RMSE: 0.1326 | IC: 0.9907 | RankIC: 0.9874
2026-02-27 11:28:32,265 - root - INFO - Valid Results | R²: 0.7750 | RMSE: 0.4708 | IC: 0.9325 | RankIC: 0.9140
2026-02-27 11:28:32,297 - root - INFO - Epoch [217/10000],
2026-02-27 11:28:32,298 - root - INFO - Train Results | R²: 0.9825 | RMSE: 0.1283 | IC: 0.9913 | RankIC: 0.9844
2026-02-27 11:28:32,298 - root - INFO - Valid Results | R²: 0.7797 | RMSE: 0.4659 | IC: 0.9354 | RankIC: 0.9158
2026-02-27 11:28:32,336 - root - INFO - Epoch [218/10000],
2026-02-27 11:28:32,336 - root - INFO - Train Results | R²: 0.9810 | RMSE: 0.1335 | IC: 0.9906 | RankIC: 0.9862
2026-02-27 11:28:32,336 - root - INFO - Valid Results | R²: 0.7798 | RMSE: 0.4658 | IC: 0.9357 | RankIC: 0.9193
2026-02-27 11:28:32,370 - root - INFO - Epoch [219/10000],
2026-02-27 11:28:32,371 - root - INFO - Train Results | R²: 0.9833 | RMSE: 0.1253 | IC: 0.9916 | RankIC: 0.9867
2026-02-27 11:28:32,371 - root - INFO - Valid Results | R²: 0.7788 | RMSE: 0.4668 | IC: 0.9344 | RankIC: 0.9140
2026-02-27 11:28:32,403 - root - INFO - Epoch [220/10000],
2026-02-27 11:28:32,403 - root - INFO - Train Results | R²: 0.9828 | RMSE: 0.1269 | IC: 0.9914 | RankIC: 0.9872
2026-02-27 11:28:32,403 - root - INFO - Valid Results | R²: 0.7783 | RMSE: 0.4673 | IC: 0.9326 | RankIC: 0.9158
2026-02-27 11:28:32,436 - root - INFO - Epoch [221/10000],
2026-02-27 11:28:32,437 - root - INFO - Train Results | R²: 0.9841 | RMSE: 0.1222 | IC: 0.9921 | RankIC: 0.9855
2026-02-27 11:28:32,437 - root - INFO - Valid Results | R²: 0.7783 | RMSE: 0.4674 | IC: 0.9333 | RankIC: 0.9158
2026-02-27 11:28:32,471 - root - INFO - Epoch [222/10000],
2026-02-27 11:28:32,471 - root - INFO - Train Results | R²: 0.9816 | RMSE: 0.1313 | IC: 0.9909 | RankIC: 0.9858
2026-02-27 11:28:32,471 - root - INFO - Valid Results | R²: 0.7801 | RMSE: 0.4654 | IC: 0.9347 | RankIC: 0.9140
2026-02-27 11:28:32,505 - root - INFO - Epoch [223/10000],
2026-02-27 11:28:32,506 - root - INFO - Train Results | R²: 0.9841 | RMSE: 0.1222 | IC: 0.9921 | RankIC: 0.9860
2026-02-27 11:28:32,506 - root - INFO - Valid Results | R²: 0.7795 | RMSE: 0.4660 | IC: 0.9339 | RankIC: 0.9158
2026-02-27 11:28:32,538 - root - INFO - Epoch [224/10000],
2026-02-27 11:28:32,538 - root - INFO - Train Results | R²: 0.9838 | RMSE: 0.1234 | IC: 0.9919 | RankIC: 0.9851
2026-02-27 11:28:32,538 - root - INFO - Valid Results | R²: 0.7760 | RMSE: 0.4697 | IC: 0.9327 | RankIC: 0.9158
2026-02-27 11:28:32,571 - root - INFO - Epoch [225/10000],
2026-02-27 11:28:32,571 - root - INFO - Train Results | R²: 0.9836 | RMSE: 0.1242 | IC: 0.9919 | RankIC: 0.9874
2026-02-27 11:28:32,572 - root - INFO - Valid Results | R²: 0.7813 | RMSE: 0.4642 | IC: 0.9350 | RankIC: 0.9193
2026-02-27 11:28:32,608 - root - INFO - Epoch [226/10000],
2026-02-27 11:28:32,609 - root - INFO - Train Results | R²: 0.9848 | RMSE: 0.1194 | IC: 0.9924 | RankIC: 0.9877
2026-02-27 11:28:32,609 - root - INFO - Valid Results | R²: 0.7786 | RMSE: 0.4670 | IC: 0.9329 | RankIC: 0.9158
2026-02-27 11:28:32,640 - root - INFO - Epoch [227/10000],
2026-02-27 11:28:32,640 - root - INFO - Train Results | R²: 0.9851 | RMSE: 0.1181 | IC: 0.9926 | RankIC: 0.9867
2026-02-27 11:28:32,642 - root - INFO - Valid Results | R²: 0.7806 | RMSE: 0.4649 | IC: 0.9350 | RankIC: 0.9193
2026-02-27 11:28:32,673 - root - INFO - Best model saved at epoch 228 with validation R2: 0.7846
2026-02-27 11:28:32,673 - root - INFO - Epoch [228/10000],
2026-02-27 11:28:32,673 - root - INFO - Train Results | R²: 0.9855 | RMSE: 0.1167 | IC: 0.9927 | RankIC: 0.9874
2026-02-27 11:28:32,673 - root - INFO - Valid Results | R²: 0.7846 | RMSE: 0.4606 | IC: 0.9346 | RankIC: 0.9193
2026-02-27 11:28:32,704 - root - INFO - Epoch [229/10000],
2026-02-27 11:28:32,704 - root - INFO - Train Results | R²: 0.9854 | RMSE: 0.1172 | IC: 0.9927 | RankIC: 0.9870
2026-02-27 11:28:32,705 - root - INFO - Valid Results | R²: 0.7798 | RMSE: 0.4658 | IC: 0.9336 | RankIC: 0.9193
2026-02-27 11:28:32,742 - root - INFO - Epoch [230/10000],
2026-02-27 11:28:32,742 - root - INFO - Train Results | R²: 0.9881 | RMSE: 0.1058 | IC: 0.9941 | RankIC: 0.9867
2026-02-27 11:28:32,742 - root - INFO - Valid Results | R²: 0.7772 | RMSE: 0.4684 | IC: 0.9324 | RankIC: 0.9140
2026-02-27 11:28:32,769 - root - INFO - Epoch [231/10000],
2026-02-27 11:28:32,769 - root - INFO - Train Results | R²: 0.9855 | RMSE: 0.1168 | IC: 0.9928 | RankIC: 0.9886
2026-02-27 11:28:32,769 - root - INFO - Valid Results | R²: 0.7817 | RMSE: 0.4637 | IC: 0.9344 | RankIC: 0.9158
2026-02-27 11:28:32,797 - root - INFO - Epoch [232/10000],
2026-02-27 11:28:32,798 - root - INFO - Train Results | R²: 0.9839 | RMSE: 0.1228 | IC: 0.9920 | RankIC: 0.9886
2026-02-27 11:28:32,798 - root - INFO - Valid Results | R²: 0.7831 | RMSE: 0.4622 | IC: 0.9343 | RankIC: 0.9175
2026-02-27 11:28:32,827 - root - INFO - Epoch [233/10000],
2026-02-27 11:28:32,828 - root - INFO - Train Results | R²: 0.9863 | RMSE: 0.1135 | IC: 0.9932 | RankIC: 0.9879
2026-02-27 11:28:32,828 - root - INFO - Valid Results | R²: 0.7839 | RMSE: 0.4614 | IC: 0.9350 | RankIC: 0.9158
2026-02-27 11:28:32,857 - root - INFO - Epoch [234/10000],
2026-02-27 11:28:32,857 - root - INFO - Train Results | R²: 0.9861 | RMSE: 0.1143 | IC: 0.9930 | RankIC: 0.9891
2026-02-27 11:28:32,858 - root - INFO - Valid Results | R²: 0.7819 | RMSE: 0.4635 | IC: 0.9347 | RankIC: 0.9175
2026-02-27 11:28:32,894 - root - INFO - Epoch [235/10000],
2026-02-27 11:28:32,894 - root - INFO - Train Results | R²: 0.9868 | RMSE: 0.1113 | IC: 0.9934 | RankIC: 0.9872
2026-02-27 11:28:32,895 - root - INFO - Valid Results | R²: 0.7816 | RMSE: 0.4638 | IC: 0.9336 | RankIC: 0.9193
2026-02-27 11:28:32,926 - root - INFO - Epoch [236/10000],
2026-02-27 11:28:32,927 - root - INFO - Train Results | R²: 0.9871 | RMSE: 0.1099 | IC: 0.9936 | RankIC: 0.9884
2026-02-27 11:28:32,927 - root - INFO - Valid Results | R²: 0.7815 | RMSE: 0.4639 | IC: 0.9344 | RankIC: 0.9158
2026-02-27 11:28:32,961 - root - INFO - Best model saved at epoch 237 with validation R2: 0.7848
2026-02-27 11:28:32,961 - root - INFO - Epoch [237/10000],
2026-02-27 11:28:32,961 - root - INFO - Train Results | R²: 0.9884 | RMSE: 0.1045 | IC: 0.9942 | RankIC: 0.9898
2026-02-27 11:28:32,961 - root - INFO - Valid Results | R²: 0.7848 | RMSE: 0.4604 | IC: 0.9355 | RankIC: 0.9193
2026-02-27 11:28:33,001 - root - INFO - Best model saved at epoch 238 with validation R2: 0.7863
2026-02-27 11:28:33,002 - root - INFO - Epoch [238/10000],
2026-02-27 11:28:33,002 - root - INFO - Train Results | R²: 0.9875 | RMSE: 0.1082 | IC: 0.9937 | RankIC: 0.9903
2026-02-27 11:28:33,003 - root - INFO - Valid Results | R²: 0.7863 | RMSE: 0.4589 | IC: 0.9355 | RankIC: 0.9175
2026-02-27 11:28:33,035 - root - INFO - Epoch [239/10000],
2026-02-27 11:28:33,036 - root - INFO - Train Results | R²: 0.9871 | RMSE: 0.1102 | IC: 0.9935 | RankIC: 0.9893
2026-02-27 11:28:33,036 - root - INFO - Valid Results | R²: 0.7828 | RMSE: 0.4626 | IC: 0.9344 | RankIC: 0.9193
2026-02-27 11:28:33,064 - root - INFO - Epoch [240/10000],
2026-02-27 11:28:33,064 - root - INFO - Train Results | R²: 0.9870 | RMSE: 0.1106 | IC: 0.9935 | RankIC: 0.9879
2026-02-27 11:28:33,064 - root - INFO - Valid Results | R²: 0.7807 | RMSE: 0.4648 | IC: 0.9324 | RankIC: 0.9158
2026-02-27 11:28:33,091 - root - INFO - Epoch [241/10000],
2026-02-27 11:28:33,092 - root - INFO - Train Results | R²: 0.9866 | RMSE: 0.1120 | IC: 0.9933 | RankIC: 0.9903
2026-02-27 11:28:33,092 - root - INFO - Valid Results | R²: 0.7813 | RMSE: 0.4641 | IC: 0.9335 | RankIC: 0.9158
2026-02-27 11:28:33,130 - root - INFO - Epoch [242/10000],
2026-02-27 11:28:33,130 - root - INFO - Train Results | R²: 0.9880 | RMSE: 0.1059 | IC: 0.9941 | RankIC: 0.9881
2026-02-27 11:28:33,130 - root - INFO - Valid Results | R²: 0.7824 | RMSE: 0.4630 | IC: 0.9333 | RankIC: 0.9193
2026-02-27 11:28:33,159 - root - INFO - Epoch [243/10000],
2026-02-27 11:28:33,159 - root - INFO - Train Results | R²: 0.9879 | RMSE: 0.1067 | IC: 0.9939 | RankIC: 0.9893
2026-02-27 11:28:33,160 - root - INFO - Valid Results | R²: 0.7833 | RMSE: 0.4620 | IC: 0.9343 | RankIC: 0.9193
2026-02-27 11:28:33,193 - root - INFO - Epoch [244/10000],
2026-02-27 11:28:33,193 - root - INFO - Train Results | R²: 0.9879 | RMSE: 0.1063 | IC: 0.9940 | RankIC: 0.9903
2026-02-27 11:28:33,194 - root - INFO - Valid Results | R²: 0.7816 | RMSE: 0.4638 | IC: 0.9327 | RankIC: 0.9158
2026-02-27 11:28:33,227 - root - INFO - Epoch [245/10000],
2026-02-27 11:28:33,228 - root - INFO - Train Results | R²: 0.9893 | RMSE: 0.1003 | IC: 0.9946 | RankIC: 0.9877
2026-02-27 11:28:33,228 - root - INFO - Valid Results | R²: 0.7859 | RMSE: 0.4592 | IC: 0.9353 | RankIC: 0.9158
2026-02-27 11:28:33,262 - root - INFO - Epoch [246/10000],
2026-02-27 11:28:33,262 - root - INFO - Train Results | R²: 0.9883 | RMSE: 0.1047 | IC: 0.9942 | RankIC: 0.9889
2026-02-27 11:28:33,262 - root - INFO - Valid Results | R²: 0.7852 | RMSE: 0.4600 | IC: 0.9338 | RankIC: 0.9158
2026-02-27 11:28:33,291 - root - INFO - Epoch [247/10000],
2026-02-27 11:28:33,291 - root - INFO - Train Results | R²: 0.9891 | RMSE: 0.1010 | IC: 0.9946 | RankIC: 0.9912
2026-02-27 11:28:33,292 - root - INFO - Valid Results | R²: 0.7822 | RMSE: 0.4632 | IC: 0.9340 | RankIC: 0.9158
2026-02-27 11:28:33,322 - root - INFO - Epoch [248/10000],
2026-02-27 11:28:33,323 - root - INFO - Train Results | R²: 0.9892 | RMSE: 0.1004 | IC: 0.9946 | RankIC: 0.9903
2026-02-27 11:28:33,323 - root - INFO - Valid Results | R²: 0.7836 | RMSE: 0.4617 | IC: 0.9332 | RankIC: 0.9175
2026-02-27 11:28:33,354 - root - INFO - Epoch [249/10000],
2026-02-27 11:28:33,355 - root - INFO - Train Results | R²: 0.9883 | RMSE: 0.1049 | IC: 0.9941 | RankIC: 0.9903
2026-02-27 11:28:33,355 - root - INFO - Valid Results | R²: 0.7826 | RMSE: 0.4627 | IC: 0.9341 | RankIC: 0.9158
2026-02-27 11:28:33,383 - root - INFO - Epoch [250/10000],
2026-02-27 11:28:33,384 - root - INFO - Train Results | R²: 0.9862 | RMSE: 0.1139 | IC: 0.9931 | RankIC: 0.9898
2026-02-27 11:28:33,384 - root - INFO - Valid Results | R²: 0.7847 | RMSE: 0.4606 | IC: 0.9345 | RankIC: 0.9193
2026-02-27 11:28:33,413 - root - INFO - Epoch [251/10000],
2026-02-27 11:28:33,413 - root - INFO - Train Results | R²: 0.9897 | RMSE: 0.0983 | IC: 0.9948 | RankIC: 0.9893
2026-02-27 11:28:33,413 - root - INFO - Valid Results | R²: 0.7811 | RMSE: 0.4643 | IC: 0.9334 | RankIC: 0.9158
2026-02-27 11:28:33,440 - root - INFO - Epoch [252/10000],
2026-02-27 11:28:33,441 - root - INFO - Train Results | R²: 0.9889 | RMSE: 0.1019 | IC: 0.9945 | RankIC: 0.9898
2026-02-27 11:28:33,441 - root - INFO - Valid Results | R²: 0.7817 | RMSE: 0.4637 | IC: 0.9332 | RankIC: 0.9158
2026-02-27 11:28:33,469 - root - INFO - Epoch [253/10000],
2026-02-27 11:28:33,470 - root - INFO - Train Results | R²: 0.9876 | RMSE: 0.1080 | IC: 0.9938 | RankIC: 0.9884
2026-02-27 11:28:33,470 - root - INFO - Valid Results | R²: 0.7842 | RMSE: 0.4611 | IC: 0.9341 | RankIC: 0.9193
2026-02-27 11:28:33,509 - root - INFO - Epoch [254/10000],
2026-02-27 11:28:33,509 - root - INFO - Train Results | R²: 0.9899 | RMSE: 0.0974 | IC: 0.9950 | RankIC: 0.9893
2026-02-27 11:28:33,509 - root - INFO - Valid Results | R²: 0.7819 | RMSE: 0.4635 | IC: 0.9328 | RankIC: 0.9158
2026-02-27 11:28:33,536 - root - INFO - Epoch [255/10000],
2026-02-27 11:28:33,536 - root - INFO - Train Results | R²: 0.9878 | RMSE: 0.1071 | IC: 0.9939 | RankIC: 0.9889
2026-02-27 11:28:33,537 - root - INFO - Valid Results | R²: 0.7837 | RMSE: 0.4616 | IC: 0.9332 | RankIC: 0.9140
2026-02-27 11:28:33,566 - root - INFO - Epoch [256/10000],
2026-02-27 11:28:33,566 - root - INFO - Train Results | R²: 0.9902 | RMSE: 0.0957 | IC: 0.9951 | RankIC: 0.9896
2026-02-27 11:28:33,566 - root - INFO - Valid Results | R²: 0.7816 | RMSE: 0.4638 | IC: 0.9328 | RankIC: 0.9158
2026-02-27 11:28:33,594 - root - INFO - Epoch [257/10000],
2026-02-27 11:28:33,596 - root - INFO - Train Results | R²: 0.9899 | RMSE: 0.0975 | IC: 0.9949 | RankIC: 0.9898
2026-02-27 11:28:33,596 - root - INFO - Valid Results | R²: 0.7818 | RMSE: 0.4636 | IC: 0.9329 | RankIC: 0.9193
2026-02-27 11:28:33,628 - root - INFO - Epoch [258/10000],
2026-02-27 11:28:33,629 - root - INFO - Train Results | R²: 0.9883 | RMSE: 0.1047 | IC: 0.9941 | RankIC: 0.9905
2026-02-27 11:28:33,629 - root - INFO - Valid Results | R²: 0.7836 | RMSE: 0.4617 | IC: 0.9339 | RankIC: 0.9158
2026-02-27 11:28:33,661 - root - INFO - Epoch [259/10000],
2026-02-27 11:28:33,661 - root - INFO - Train Results | R²: 0.9902 | RMSE: 0.0959 | IC: 0.9951 | RankIC: 0.9910
2026-02-27 11:28:33,661 - root - INFO - Valid Results | R²: 0.7815 | RMSE: 0.4639 | IC: 0.9328 | RankIC: 0.9158
2026-02-27 11:28:33,691 - root - INFO - Epoch [260/10000],
2026-02-27 11:28:33,691 - root - INFO - Train Results | R²: 0.9903 | RMSE: 0.0952 | IC: 0.9952 | RankIC: 0.9908
2026-02-27 11:28:33,692 - root - INFO - Valid Results | R²: 0.7811 | RMSE: 0.4644 | IC: 0.9317 | RankIC: 0.9088
2026-02-27 11:28:33,719 - root - INFO - Epoch [261/10000],
2026-02-27 11:28:33,719 - root - INFO - Train Results | R²: 0.9896 | RMSE: 0.0986 | IC: 0.9948 | RankIC: 0.9893
2026-02-27 11:28:33,720 - root - INFO - Valid Results | R²: 0.7820 | RMSE: 0.4634 | IC: 0.9327 | RankIC: 0.9193
2026-02-27 11:28:33,751 - root - INFO - Epoch [262/10000],
2026-02-27 11:28:33,752 - root - INFO - Train Results | R²: 0.9919 | RMSE: 0.0874 | IC: 0.9959 | RankIC: 0.9910
2026-02-27 11:28:33,752 - root - INFO - Valid Results | R²: 0.7809 | RMSE: 0.4646 | IC: 0.9326 | RankIC: 0.9193
2026-02-27 11:28:33,781 - root - INFO - Epoch [263/10000],
2026-02-27 11:28:33,782 - root - INFO - Train Results | R²: 0.9913 | RMSE: 0.0904 | IC: 0.9957 | RankIC: 0.9870
2026-02-27 11:28:33,782 - root - INFO - Valid Results | R²: 0.7822 | RMSE: 0.4632 | IC: 0.9329 | RankIC: 0.9158
2026-02-27 11:28:33,814 - root - INFO - Epoch [264/10000],
2026-02-27 11:28:33,814 - root - INFO - Train Results | R²: 0.9905 | RMSE: 0.0942 | IC: 0.9953 | RankIC: 0.9891
2026-02-27 11:28:33,815 - root - INFO - Valid Results | R²: 0.7827 | RMSE: 0.4627 | IC: 0.9325 | RankIC: 0.9070
2026-02-27 11:28:33,845 - root - INFO - Epoch [265/10000],
2026-02-27 11:28:33,847 - root - INFO - Train Results | R²: 0.9904 | RMSE: 0.0951 | IC: 0.9952 | RankIC: 0.9934
2026-02-27 11:28:33,847 - root - INFO - Valid Results | R²: 0.7842 | RMSE: 0.4611 | IC: 0.9349 | RankIC: 0.9088
2026-02-27 11:28:33,875 - root - INFO - Epoch [266/10000],
2026-02-27 11:28:33,875 - root - INFO - Train Results | R²: 0.9917 | RMSE: 0.0882 | IC: 0.9959 | RankIC: 0.9908
2026-02-27 11:28:33,875 - root - INFO - Valid Results | R²: 0.7806 | RMSE: 0.4649 | IC: 0.9323 | RankIC: 0.9158
2026-02-27 11:28:33,904 - root - INFO - Epoch [267/10000],
2026-02-27 11:28:33,904 - root - INFO - Train Results | R²: 0.9903 | RMSE: 0.0954 | IC: 0.9951 | RankIC: 0.9903
2026-02-27 11:28:33,905 - root - INFO - Valid Results | R²: 0.7818 | RMSE: 0.4636 | IC: 0.9325 | RankIC: 0.9193
2026-02-27 11:28:33,940 - root - INFO - Epoch [268/10000],
2026-02-27 11:28:33,941 - root - INFO - Train Results | R²: 0.9904 | RMSE: 0.0948 | IC: 0.9952 | RankIC: 0.9889
2026-02-27 11:28:33,941 - root - INFO - Valid Results | R²: 0.7837 | RMSE: 0.4616 | IC: 0.9330 | RankIC: 0.9193
2026-02-27 11:28:33,973 - root - INFO - Epoch [269/10000],
2026-02-27 11:28:33,974 - root - INFO - Train Results | R²: 0.9902 | RMSE: 0.0961 | IC: 0.9951 | RankIC: 0.9917
2026-02-27 11:28:33,974 - root - INFO - Valid Results | R²: 0.7851 | RMSE: 0.4601 | IC: 0.9336 | RankIC: 0.9158
2026-02-27 11:28:34,009 - root - INFO - Epoch [270/10000],
2026-02-27 11:28:34,009 - root - INFO - Train Results | R²: 0.9928 | RMSE: 0.0822 | IC: 0.9964 | RankIC: 0.9922
2026-02-27 11:28:34,009 - root - INFO - Valid Results | R²: 0.7840 | RMSE: 0.4613 | IC: 0.9329 | RankIC: 0.9088
2026-02-27 11:28:34,042 - root - INFO - Epoch [271/10000],
2026-02-27 11:28:34,042 - root - INFO - Train Results | R²: 0.9905 | RMSE: 0.0942 | IC: 0.9953 | RankIC: 0.9898
2026-02-27 11:28:34,042 - root - INFO - Valid Results | R²: 0.7815 | RMSE: 0.4639 | IC: 0.9318 | RankIC: 0.9088
2026-02-27 11:28:34,074 - root - INFO - Epoch [272/10000],
2026-02-27 11:28:34,075 - root - INFO - Train Results | R²: 0.9925 | RMSE: 0.0837 | IC: 0.9963 | RankIC: 0.9896
2026-02-27 11:28:34,075 - root - INFO - Valid Results | R²: 0.7828 | RMSE: 0.4625 | IC: 0.9326 | RankIC: 0.9193
2026-02-27 11:28:34,113 - root - INFO - Epoch [273/10000],
2026-02-27 11:28:34,113 - root - INFO - Train Results | R²: 0.9917 | RMSE: 0.0883 | IC: 0.9959 | RankIC: 0.9912
2026-02-27 11:28:34,113 - root - INFO - Valid Results | R²: 0.7849 | RMSE: 0.4603 | IC: 0.9335 | RankIC: 0.9193
2026-02-27 11:28:34,144 - root - INFO - Epoch [274/10000],
2026-02-27 11:28:34,145 - root - INFO - Train Results | R²: 0.9919 | RMSE: 0.0873 | IC: 0.9959 | RankIC: 0.9929
2026-02-27 11:28:34,145 - root - INFO - Valid Results | R²: 0.7818 | RMSE: 0.4636 | IC: 0.9339 | RankIC: 0.9193
2026-02-27 11:28:34,176 - root - INFO - Epoch [275/10000],
2026-02-27 11:28:34,176 - root - INFO - Train Results | R²: 0.9914 | RMSE: 0.0896 | IC: 0.9957 | RankIC: 0.9924
2026-02-27 11:28:34,176 - root - INFO - Valid Results | R²: 0.7802 | RMSE: 0.4653 | IC: 0.9327 | RankIC: 0.9158
2026-02-27 11:28:34,208 - root - INFO - Epoch [276/10000],
2026-02-27 11:28:34,209 - root - INFO - Train Results | R²: 0.9934 | RMSE: 0.0788 | IC: 0.9967 | RankIC: 0.9922
2026-02-27 11:28:34,209 - root - INFO - Valid Results | R²: 0.7794 | RMSE: 0.4662 | IC: 0.9319 | RankIC: 0.9193
2026-02-27 11:28:34,248 - root - INFO - Epoch [277/10000],
2026-02-27 11:28:34,249 - root - INFO - Train Results | R²: 0.9921 | RMSE: 0.0863 | IC: 0.9961 | RankIC: 0.9931
2026-02-27 11:28:34,249 - root - INFO - Valid Results | R²: 0.7809 | RMSE: 0.4646 | IC: 0.9333 | RankIC: 0.9193
2026-02-27 11:28:34,285 - root - INFO - Epoch [278/10000],
2026-02-27 11:28:34,286 - root - INFO - Train Results | R²: 0.9931 | RMSE: 0.0807 | IC: 0.9965 | RankIC: 0.9929
2026-02-27 11:28:34,286 - root - INFO - Valid Results | R²: 0.7825 | RMSE: 0.4629 | IC: 0.9328 | RankIC: 0.9053
2026-02-27 11:28:34,315 - root - INFO - Epoch [279/10000],
2026-02-27 11:28:34,316 - root - INFO - Train Results | R²: 0.9932 | RMSE: 0.0796 | IC: 0.9966 | RankIC: 0.9924
2026-02-27 11:28:34,316 - root - INFO - Valid Results | R²: 0.7832 | RMSE: 0.4622 | IC: 0.9329 | RankIC: 0.9193
2026-02-27 11:28:34,342 - root - INFO - Epoch [280/10000],
2026-02-27 11:28:34,343 - root - INFO - Train Results | R²: 0.9913 | RMSE: 0.0906 | IC: 0.9956 | RankIC: 0.9900
2026-02-27 11:28:34,343 - root - INFO - Valid Results | R²: 0.7831 | RMSE: 0.4623 | IC: 0.9337 | RankIC: 0.9193
2026-02-27 11:28:34,373 - root - INFO - Epoch [281/10000],
2026-02-27 11:28:34,374 - root - INFO - Train Results | R²: 0.9931 | RMSE: 0.0802 | IC: 0.9966 | RankIC: 0.9915
2026-02-27 11:28:34,374 - root - INFO - Valid Results | R²: 0.7838 | RMSE: 0.4615 | IC: 0.9334 | RankIC: 0.9158
2026-02-27 11:28:34,404 - root - INFO - Epoch [282/10000],
2026-02-27 11:28:34,404 - root - INFO - Train Results | R²: 0.9928 | RMSE: 0.0823 | IC: 0.9964 | RankIC: 0.9938
2026-02-27 11:28:34,405 - root - INFO - Valid Results | R²: 0.7851 | RMSE: 0.4600 | IC: 0.9355 | RankIC: 0.9158
2026-02-27 11:28:34,437 - root - INFO - Epoch [283/10000],
2026-02-27 11:28:34,437 - root - INFO - Train Results | R²: 0.9925 | RMSE: 0.0837 | IC: 0.9963 | RankIC: 0.9934
2026-02-27 11:28:34,437 - root - INFO - Valid Results | R²: 0.7841 | RMSE: 0.4612 | IC: 0.9348 | RankIC: 0.9211
2026-02-27 11:28:34,472 - root - INFO - Epoch [284/10000],
2026-02-27 11:28:34,472 - root - INFO - Train Results | R²: 0.9918 | RMSE: 0.0876 | IC: 0.9959 | RankIC: 0.9941
2026-02-27 11:28:34,473 - root - INFO - Valid Results | R²: 0.7829 | RMSE: 0.4624 | IC: 0.9328 | RankIC: 0.9088
2026-02-27 11:28:34,510 - root - INFO - Epoch [285/10000],
2026-02-27 11:28:34,511 - root - INFO - Train Results | R²: 0.9932 | RMSE: 0.0796 | IC: 0.9966 | RankIC: 0.9929
2026-02-27 11:28:34,511 - root - INFO - Valid Results | R²: 0.7844 | RMSE: 0.4608 | IC: 0.9350 | RankIC: 0.9211
2026-02-27 11:28:34,539 - root - INFO - Epoch [286/10000],
2026-02-27 11:28:34,539 - root - INFO - Train Results | R²: 0.9935 | RMSE: 0.0780 | IC: 0.9968 | RankIC: 0.9936
2026-02-27 11:28:34,540 - root - INFO - Valid Results | R²: 0.7832 | RMSE: 0.4622 | IC: 0.9342 | RankIC: 0.9193
2026-02-27 11:28:34,568 - root - INFO - Epoch [287/10000],
2026-02-27 11:28:34,568 - root - INFO - Train Results | R²: 0.9926 | RMSE: 0.0832 | IC: 0.9963 | RankIC: 0.9936
2026-02-27 11:28:34,569 - root - INFO - Valid Results | R²: 0.7843 | RMSE: 0.4610 | IC: 0.9354 | RankIC: 0.9193
2026-02-27 11:28:34,613 - root - INFO - Epoch [288/10000],
2026-02-27 11:28:34,613 - root - INFO - Train Results | R²: 0.9915 | RMSE: 0.0891 | IC: 0.9958 | RankIC: 0.9917
2026-02-27 11:28:34,613 - root - INFO - Valid Results | R²: 0.7832 | RMSE: 0.4621 | IC: 0.9340 | RankIC: 0.9193
2026-02-27 11:28:34,645 - root - INFO - Epoch [289/10000],
2026-02-27 11:28:34,645 - root - INFO - Train Results | R²: 0.9924 | RMSE: 0.0845 | IC: 0.9962 | RankIC: 0.9943
2026-02-27 11:28:34,645 - root - INFO - Valid Results | R²: 0.7788 | RMSE: 0.4668 | IC: 0.9327 | RankIC: 0.9158
2026-02-27 11:28:34,673 - root - INFO - Epoch [290/10000],
2026-02-27 11:28:34,673 - root - INFO - Train Results | R²: 0.9929 | RMSE: 0.0816 | IC: 0.9965 | RankIC: 0.9941
2026-02-27 11:28:34,673 - root - INFO - Valid Results | R²: 0.7815 | RMSE: 0.4640 | IC: 0.9319 | RankIC: 0.9158
2026-02-27 11:28:34,703 - root - INFO - Epoch [291/10000],
2026-02-27 11:28:34,704 - root - INFO - Train Results | R²: 0.9941 | RMSE: 0.0745 | IC: 0.9970 | RankIC: 0.9936
2026-02-27 11:28:34,704 - root - INFO - Valid Results | R²: 0.7811 | RMSE: 0.4644 | IC: 0.9328 | RankIC: 0.9088
2026-02-27 11:28:34,733 - root - INFO - Epoch [292/10000],
2026-02-27 11:28:34,733 - root - INFO - Train Results | R²: 0.9925 | RMSE: 0.0837 | IC: 0.9963 | RankIC: 0.9931
2026-02-27 11:28:34,733 - root - INFO - Valid Results | R²: 0.7832 | RMSE: 0.4622 | IC: 0.9341 | RankIC: 0.9158
2026-02-27 11:28:34,762 - root - INFO - Epoch [293/10000],
2026-02-27 11:28:34,762 - root - INFO - Train Results | R²: 0.9933 | RMSE: 0.0791 | IC: 0.9967 | RankIC: 0.9931
2026-02-27 11:28:34,763 - root - INFO - Valid Results | R²: 0.7821 | RMSE: 0.4633 | IC: 0.9333 | RankIC: 0.9158
2026-02-27 11:28:34,795 - root - INFO - Epoch [294/10000],
2026-02-27 11:28:34,796 - root - INFO - Train Results | R²: 0.9923 | RMSE: 0.0850 | IC: 0.9962 | RankIC: 0.9924
2026-02-27 11:28:34,796 - root - INFO - Valid Results | R²: 0.7824 | RMSE: 0.4629 | IC: 0.9330 | RankIC: 0.9193
2026-02-27 11:28:34,827 - root - INFO - Epoch [295/10000],
2026-02-27 11:28:34,827 - root - INFO - Train Results | R²: 0.9946 | RMSE: 0.0711 | IC: 0.9973 | RankIC: 0.9936
2026-02-27 11:28:34,827 - root - INFO - Valid Results | R²: 0.7804 | RMSE: 0.4651 | IC: 0.9338 | RankIC: 0.9193
2026-02-27 11:28:34,857 - root - INFO - Epoch [296/10000],
2026-02-27 11:28:34,858 - root - INFO - Train Results | R²: 0.9937 | RMSE: 0.0766 | IC: 0.9969 | RankIC: 0.9938
2026-02-27 11:28:34,858 - root - INFO - Valid Results | R²: 0.7813 | RMSE: 0.4642 | IC: 0.9339 | RankIC: 0.9175
2026-02-27 11:28:34,890 - root - INFO - Epoch [297/10000],
2026-02-27 11:28:34,890 - root - INFO - Train Results | R²: 0.9941 | RMSE: 0.0746 | IC: 0.9970 | RankIC: 0.9948
2026-02-27 11:28:34,891 - root - INFO - Valid Results | R²: 0.7777 | RMSE: 0.4679 | IC: 0.9322 | RankIC: 0.9158
2026-02-27 11:28:34,920 - root - INFO - Epoch [298/10000],
2026-02-27 11:28:34,920 - root - INFO - Train Results | R²: 0.9926 | RMSE: 0.0834 | IC: 0.9963 | RankIC: 0.9967
2026-02-27 11:28:34,920 - root - INFO - Valid Results | R²: 0.7775 | RMSE: 0.4681 | IC: 0.9322 | RankIC: 0.9193
2026-02-27 11:28:34,950 - root - INFO - Epoch [299/10000],
2026-02-27 11:28:34,950 - root - INFO - Train Results | R²: 0.9928 | RMSE: 0.0822 | IC: 0.9964 | RankIC: 0.9934
2026-02-27 11:28:34,950 - root - INFO - Valid Results | R²: 0.7792 | RMSE: 0.4664 | IC: 0.9318 | RankIC: 0.9193
2026-02-27 11:28:34,982 - root - INFO - Epoch [300/10000],
2026-02-27 11:28:34,982 - root - INFO - Train Results | R²: 0.9951 | RMSE: 0.0676 | IC: 0.9976 | RankIC: 0.9945
2026-02-27 11:28:34,982 - root - INFO - Valid Results | R²: 0.7824 | RMSE: 0.4630 | IC: 0.9340 | RankIC: 0.9193
2026-02-27 11:28:35,010 - root - INFO - Epoch [301/10000],
2026-02-27 11:28:35,010 - root - INFO - Train Results | R²: 0.9928 | RMSE: 0.0821 | IC: 0.9965 | RankIC: 0.9943
2026-02-27 11:28:35,010 - root - INFO - Valid Results | R²: 0.7799 | RMSE: 0.4656 | IC: 0.9319 | RankIC: 0.9193
2026-02-27 11:28:35,037 - root - INFO - Epoch [302/10000],
2026-02-27 11:28:35,037 - root - INFO - Train Results | R²: 0.9938 | RMSE: 0.0761 | IC: 0.9969 | RankIC: 0.9955
2026-02-27 11:28:35,038 - root - INFO - Valid Results | R²: 0.7826 | RMSE: 0.4627 | IC: 0.9332 | RankIC: 0.9193
2026-02-27 11:28:35,066 - root - INFO - Epoch [303/10000],
2026-02-27 11:28:35,066 - root - INFO - Train Results | R²: 0.9945 | RMSE: 0.0716 | IC: 0.9973 | RankIC: 0.9945
2026-02-27 11:28:35,066 - root - INFO - Valid Results | R²: 0.7790 | RMSE: 0.4666 | IC: 0.9326 | RankIC: 0.9193
2026-02-27 11:28:35,097 - root - INFO - Epoch [304/10000],
2026-02-27 11:28:35,098 - root - INFO - Train Results | R²: 0.9917 | RMSE: 0.0880 | IC: 0.9959 | RankIC: 0.9922
2026-02-27 11:28:35,098 - root - INFO - Valid Results | R²: 0.7777 | RMSE: 0.4679 | IC: 0.9323 | RankIC: 0.9158
2026-02-27 11:28:35,133 - root - INFO - Epoch [305/10000],
2026-02-27 11:28:35,134 - root - INFO - Train Results | R²: 0.9946 | RMSE: 0.0712 | IC: 0.9973 | RankIC: 0.9948
2026-02-27 11:28:35,134 - root - INFO - Valid Results | R²: 0.7788 | RMSE: 0.4668 | IC: 0.9316 | RankIC: 0.9158
2026-02-27 11:28:35,162 - root - INFO - Epoch [306/10000],
2026-02-27 11:28:35,163 - root - INFO - Train Results | R²: 0.9943 | RMSE: 0.0732 | IC: 0.9971 | RankIC: 0.9945
2026-02-27 11:28:35,163 - root - INFO - Valid Results | R²: 0.7771 | RMSE: 0.4686 | IC: 0.9323 | RankIC: 0.9158
2026-02-27 11:28:35,194 - root - INFO - Epoch [307/10000],
2026-02-27 11:28:35,195 - root - INFO - Train Results | R²: 0.9934 | RMSE: 0.0785 | IC: 0.9967 | RankIC: 0.9945
2026-02-27 11:28:35,195 - root - INFO - Valid Results | R²: 0.7791 | RMSE: 0.4665 | IC: 0.9333 | RankIC: 0.9175
2026-02-27 11:28:35,227 - root - INFO - Epoch [308/10000],
2026-02-27 11:28:35,227 - root - INFO - Train Results | R²: 0.9948 | RMSE: 0.0696 | IC: 0.9974 | RankIC: 0.9964
2026-02-27 11:28:35,228 - root - INFO - Valid Results | R²: 0.7801 | RMSE: 0.4654 | IC: 0.9339 | RankIC: 0.9158
2026-02-27 11:28:35,263 - root - INFO - Epoch [309/10000],
2026-02-27 11:28:35,263 - root - INFO - Train Results | R²: 0.9951 | RMSE: 0.0675 | IC: 0.9976 | RankIC: 0.9948
2026-02-27 11:28:35,263 - root - INFO - Valid Results | R²: 0.7784 | RMSE: 0.4672 | IC: 0.9319 | RankIC: 0.9193
2026-02-27 11:28:35,299 - root - INFO - Epoch [310/10000],
2026-02-27 11:28:35,299 - root - INFO - Train Results | R²: 0.9947 | RMSE: 0.0702 | IC: 0.9974 | RankIC: 0.9967
2026-02-27 11:28:35,299 - root - INFO - Valid Results | R²: 0.7805 | RMSE: 0.4650 | IC: 0.9332 | RankIC: 0.9193
2026-02-27 11:28:35,331 - root - INFO - Epoch [311/10000],
2026-02-27 11:28:35,331 - root - INFO - Train Results | R²: 0.9939 | RMSE: 0.0755 | IC: 0.9970 | RankIC: 0.9934
2026-02-27 11:28:35,331 - root - INFO - Valid Results | R²: 0.7773 | RMSE: 0.4684 | IC: 0.9335 | RankIC: 0.9175
2026-02-27 11:28:35,361 - root - INFO - Epoch [312/10000],
2026-02-27 11:28:35,361 - root - INFO - Train Results | R²: 0.9947 | RMSE: 0.0705 | IC: 0.9974 | RankIC: 0.9948
2026-02-27 11:28:35,361 - root - INFO - Valid Results | R²: 0.7758 | RMSE: 0.4699 | IC: 0.9313 | RankIC: 0.9053
2026-02-27 11:28:35,392 - root - INFO - Epoch [313/10000],
2026-02-27 11:28:35,392 - root - INFO - Train Results | R²: 0.9950 | RMSE: 0.0687 | IC: 0.9975 | RankIC: 0.9964
2026-02-27 11:28:35,392 - root - INFO - Valid Results | R²: 0.7808 | RMSE: 0.4647 | IC: 0.9339 | RankIC: 0.9193
2026-02-27 11:28:35,422 - root - INFO - Epoch [314/10000],
2026-02-27 11:28:35,423 - root - INFO - Train Results | R²: 0.9940 | RMSE: 0.0752 | IC: 0.9970 | RankIC: 0.9948
2026-02-27 11:28:35,423 - root - INFO - Valid Results | R²: 0.7772 | RMSE: 0.4684 | IC: 0.9310 | RankIC: 0.9053
2026-02-27 11:28:35,451 - root - INFO - Epoch [315/10000],
2026-02-27 11:28:35,452 - root - INFO - Train Results | R²: 0.9941 | RMSE: 0.0742 | IC: 0.9971 | RankIC: 0.9972
2026-02-27 11:28:35,452 - root - INFO - Valid Results | R²: 0.7798 | RMSE: 0.4657 | IC: 0.9333 | RankIC: 0.9193
2026-02-27 11:28:35,488 - root - INFO - Epoch [316/10000],
2026-02-27 11:28:35,489 - root - INFO - Train Results | R²: 0.9940 | RMSE: 0.0753 | IC: 0.9970 | RankIC: 0.9936
2026-02-27 11:28:35,489 - root - INFO - Valid Results | R²: 0.7774 | RMSE: 0.4682 | IC: 0.9325 | RankIC: 0.9193
2026-02-27 11:28:35,518 - root - INFO - Epoch [317/10000],
2026-02-27 11:28:35,518 - root - INFO - Train Results | R²: 0.9933 | RMSE: 0.0796 | IC: 0.9966 | RankIC: 0.9950
2026-02-27 11:28:35,518 - root - INFO - Valid Results | R²: 0.7778 | RMSE: 0.4679 | IC: 0.9316 | RankIC: 0.9211
2026-02-27 11:28:35,547 - root - INFO - Epoch [318/10000],
2026-02-27 11:28:35,547 - root - INFO - Train Results | R²: 0.9935 | RMSE: 0.0780 | IC: 0.9968 | RankIC: 0.9948
2026-02-27 11:28:35,548 - root - INFO - Valid Results | R²: 0.7786 | RMSE: 0.4670 | IC: 0.9325 | RankIC: 0.9158
2026-02-27 11:28:35,578 - root - INFO - Epoch [319/10000],
2026-02-27 11:28:35,579 - root - INFO - Train Results | R²: 0.9956 | RMSE: 0.0639 | IC: 0.9978 | RankIC: 0.9953
2026-02-27 11:28:35,579 - root - INFO - Valid Results | R²: 0.7781 | RMSE: 0.4675 | IC: 0.9329 | RankIC: 0.9158
2026-02-27 11:28:35,611 - root - INFO - Epoch [320/10000],
2026-02-27 11:28:35,611 - root - INFO - Train Results | R²: 0.9947 | RMSE: 0.0708 | IC: 0.9974 | RankIC: 0.9957
2026-02-27 11:28:35,612 - root - INFO - Valid Results | R²: 0.7784 | RMSE: 0.4672 | IC: 0.9323 | RankIC: 0.9158
2026-02-27 11:28:35,653 - root - INFO - Epoch [321/10000],
2026-02-27 11:28:35,654 - root - INFO - Train Results | R²: 0.9938 | RMSE: 0.0765 | IC: 0.9969 | RankIC: 0.9960
2026-02-27 11:28:35,654 - root - INFO - Valid Results | R²: 0.7796 | RMSE: 0.4659 | IC: 0.9334 | RankIC: 0.9193
2026-02-27 11:28:35,687 - root - INFO - Epoch [322/10000],
2026-02-27 11:28:35,687 - root - INFO - Train Results | R²: 0.9955 | RMSE: 0.0650 | IC: 0.9977 | RankIC: 0.9962
2026-02-27 11:28:35,687 - root - INFO - Valid Results | R²: 0.7792 | RMSE: 0.4663 | IC: 0.9336 | RankIC: 0.9158
2026-02-27 11:28:35,719 - root - INFO - Epoch [323/10000],
2026-02-27 11:28:35,720 - root - INFO - Train Results | R²: 0.9947 | RMSE: 0.0704 | IC: 0.9974 | RankIC: 0.9953
2026-02-27 11:28:35,720 - root - INFO - Valid Results | R²: 0.7784 | RMSE: 0.4672 | IC: 0.9329 | RankIC: 0.9158
2026-02-27 11:28:35,759 - root - INFO - Epoch [324/10000],
2026-02-27 11:28:35,760 - root - INFO - Train Results | R²: 0.9949 | RMSE: 0.0689 | IC: 0.9975 | RankIC: 0.9969
2026-02-27 11:28:35,760 - root - INFO - Valid Results | R²: 0.7794 | RMSE: 0.4661 | IC: 0.9323 | RankIC: 0.9158
2026-02-27 11:28:35,791 - root - INFO - Epoch [325/10000],
2026-02-27 11:28:35,791 - root - INFO - Train Results | R²: 0.9961 | RMSE: 0.0603 | IC: 0.9981 | RankIC: 0.9972
2026-02-27 11:28:35,792 - root - INFO - Valid Results | R²: 0.7776 | RMSE: 0.4680 | IC: 0.9320 | RankIC: 0.9158
2026-02-27 11:28:35,825 - root - INFO - Epoch [326/10000],
2026-02-27 11:28:35,826 - root - INFO - Train Results | R²: 0.9950 | RMSE: 0.0682 | IC: 0.9975 | RankIC: 0.9962
2026-02-27 11:28:35,826 - root - INFO - Valid Results | R²: 0.7791 | RMSE: 0.4665 | IC: 0.9338 | RankIC: 0.9193
2026-02-27 11:28:35,859 - root - INFO - Epoch [327/10000],
2026-02-27 11:28:35,859 - root - INFO - Train Results | R²: 0.9953 | RMSE: 0.0661 | IC: 0.9977 | RankIC: 0.9974
2026-02-27 11:28:35,860 - root - INFO - Valid Results | R²: 0.7752 | RMSE: 0.4706 | IC: 0.9321 | RankIC: 0.9053
2026-02-27 11:28:35,890 - root - INFO - Epoch [328/10000],
2026-02-27 11:28:35,891 - root - INFO - Train Results | R²: 0.9952 | RMSE: 0.0669 | IC: 0.9977 | RankIC: 0.9962
2026-02-27 11:28:35,891 - root - INFO - Valid Results | R²: 0.7765 | RMSE: 0.4693 | IC: 0.9323 | RankIC: 0.9088
2026-02-27 11:28:35,927 - root - INFO - Epoch [329/10000],
2026-02-27 11:28:35,927 - root - INFO - Train Results | R²: 0.9948 | RMSE: 0.0696 | IC: 0.9974 | RankIC: 0.9967
2026-02-27 11:28:35,927 - root - INFO - Valid Results | R²: 0.7755 | RMSE: 0.4703 | IC: 0.9314 | RankIC: 0.9088
2026-02-27 11:28:35,958 - root - INFO - Epoch [330/10000],
2026-02-27 11:28:35,958 - root - INFO - Train Results | R²: 0.9942 | RMSE: 0.0737 | IC: 0.9971 | RankIC: 0.9955
2026-02-27 11:28:35,959 - root - INFO - Valid Results | R²: 0.7793 | RMSE: 0.4663 | IC: 0.9334 | RankIC: 0.9158
2026-02-27 11:28:35,990 - root - INFO - Epoch [331/10000],
2026-02-27 11:28:35,990 - root - INFO - Train Results | R²: 0.9958 | RMSE: 0.0629 | IC: 0.9979 | RankIC: 0.9955
2026-02-27 11:28:35,991 - root - INFO - Valid Results | R²: 0.7823 | RMSE: 0.4630 | IC: 0.9349 | RankIC: 0.9158
2026-02-27 11:28:36,020 - root - INFO - Epoch [332/10000],
2026-02-27 11:28:36,020 - root - INFO - Train Results | R²: 0.9953 | RMSE: 0.0662 | IC: 0.9977 | RankIC: 0.9955
2026-02-27 11:28:36,021 - root - INFO - Valid Results | R²: 0.7810 | RMSE: 0.4644 | IC: 0.9344 | RankIC: 0.9053
2026-02-27 11:28:36,052 - root - INFO - Epoch [333/10000],
2026-02-27 11:28:36,052 - root - INFO - Train Results | R²: 0.9942 | RMSE: 0.0740 | IC: 0.9971 | RankIC: 0.9953
2026-02-27 11:28:36,053 - root - INFO - Valid Results | R²: 0.7747 | RMSE: 0.4711 | IC: 0.9309 | RankIC: 0.9158
2026-02-27 11:28:36,084 - root - INFO - Epoch [334/10000],
2026-02-27 11:28:36,085 - root - INFO - Train Results | R²: 0.9956 | RMSE: 0.0639 | IC: 0.9978 | RankIC: 0.9967
2026-02-27 11:28:36,085 - root - INFO - Valid Results | R²: 0.7782 | RMSE: 0.4674 | IC: 0.9332 | RankIC: 0.9053
2026-02-27 11:28:36,117 - root - INFO - Epoch [335/10000],
2026-02-27 11:28:36,118 - root - INFO - Train Results | R²: 0.9963 | RMSE: 0.0587 | IC: 0.9982 | RankIC: 0.9979
2026-02-27 11:28:36,118 - root - INFO - Valid Results | R²: 0.7768 | RMSE: 0.4689 | IC: 0.9329 | RankIC: 0.9158
2026-02-27 11:28:36,147 - root - INFO - Epoch [336/10000],
2026-02-27 11:28:36,148 - root - INFO - Train Results | R²: 0.9963 | RMSE: 0.0590 | IC: 0.9982 | RankIC: 0.9979
2026-02-27 11:28:36,148 - root - INFO - Valid Results | R²: 0.7760 | RMSE: 0.4697 | IC: 0.9326 | RankIC: 0.9158
2026-02-27 11:28:36,179 - root - INFO - Epoch [337/10000],
2026-02-27 11:28:36,179 - root - INFO - Train Results | R²: 0.9956 | RMSE: 0.0640 | IC: 0.9978 | RankIC: 0.9969
2026-02-27 11:28:36,180 - root - INFO - Valid Results | R²: 0.7754 | RMSE: 0.4703 | IC: 0.9311 | RankIC: 0.9088
2026-02-27 11:28:36,229 - root - INFO - Early stopping triggered at epoch 338. No improvement for 100 epochs.
2026-02-27 11:28:36,260 - root - INFO - Run 3 Test Results | R²: -0.1449 | RMSE: 1.2520 | IC: 0.1037 | RankIC: 0.2000
2026-02-27 11:28:36,261 - root - INFO - 
2026-02-27 11:28:36,261 - root - INFO - ============================================================
2026-02-27 11:28:36,261 - root - INFO - Causal-TSF Run 4/5 Starting...
2026-02-27 11:28:36,261 - root - INFO - ============================================================
2026-02-27 11:28:36,297 - root - INFO - Best model saved at epoch 1 with validation R2: -0.0647
2026-02-27 11:28:36,298 - root - INFO - Epoch [1/10000],
2026-02-27 11:28:36,298 - root - INFO - Train Results | R²: -0.0926 | RMSE: 1.0124 | IC: 0.4755 | RankIC: 0.2802
2026-02-27 11:28:36,298 - root - INFO - Valid Results | R²: -0.0647 | RMSE: 1.0241 | IC: 0.0809 | RankIC: 0.0561
2026-02-27 11:28:36,338 - root - INFO - Best model saved at epoch 2 with validation R2: -0.0637
2026-02-27 11:28:36,338 - root - INFO - Epoch [2/10000],
2026-02-27 11:28:36,339 - root - INFO - Train Results | R²: -0.0908 | RMSE: 1.0116 | IC: 0.5800 | RankIC: 0.3732
2026-02-27 11:28:36,339 - root - INFO - Valid Results | R²: -0.0637 | RMSE: 1.0236 | IC: 0.1883 | RankIC: 0.2070
2026-02-27 11:28:36,368 - root - INFO - Best model saved at epoch 3 with validation R2: -0.0623
2026-02-27 11:28:36,368 - root - INFO - Epoch [3/10000],
2026-02-27 11:28:36,368 - root - INFO - Train Results | R²: -0.0889 | RMSE: 1.0107 | IC: 0.6536 | RankIC: 0.4531
2026-02-27 11:28:36,368 - root - INFO - Valid Results | R²: -0.0623 | RMSE: 1.0230 | IC: 0.3393 | RankIC: 0.3474
2026-02-27 11:28:36,397 - root - INFO - Best model saved at epoch 4 with validation R2: -0.0618
2026-02-27 11:28:36,398 - root - INFO - Epoch [4/10000],
2026-02-27 11:28:36,398 - root - INFO - Train Results | R²: -0.0873 | RMSE: 1.0099 | IC: 0.7250 | RankIC: 0.5514
2026-02-27 11:28:36,398 - root - INFO - Valid Results | R²: -0.0618 | RMSE: 1.0227 | IC: 0.3583 | RankIC: 0.3772
2026-02-27 11:28:36,427 - root - INFO - Best model saved at epoch 5 with validation R2: -0.0603
2026-02-27 11:28:36,427 - root - INFO - Epoch [5/10000],
2026-02-27 11:28:36,427 - root - INFO - Train Results | R²: -0.0854 | RMSE: 1.0090 | IC: 0.7931 | RankIC: 0.7338
2026-02-27 11:28:36,428 - root - INFO - Valid Results | R²: -0.0603 | RMSE: 1.0220 | IC: 0.5355 | RankIC: 0.5263
2026-02-27 11:28:36,458 - root - INFO - Best model saved at epoch 6 with validation R2: -0.0594
2026-02-27 11:28:36,458 - root - INFO - Epoch [6/10000],
2026-02-27 11:28:36,459 - root - INFO - Train Results | R²: -0.0835 | RMSE: 1.0081 | IC: 0.8049 | RankIC: 0.7233
2026-02-27 11:28:36,459 - root - INFO - Valid Results | R²: -0.0594 | RMSE: 1.0216 | IC: 0.5298 | RankIC: 0.5649
2026-02-27 11:28:36,493 - root - INFO - Best model saved at epoch 7 with validation R2: -0.0577
2026-02-27 11:28:36,493 - root - INFO - Epoch [7/10000],
2026-02-27 11:28:36,494 - root - INFO - Train Results | R²: -0.0814 | RMSE: 1.0072 | IC: 0.8366 | RankIC: 0.7665
2026-02-27 11:28:36,494 - root - INFO - Valid Results | R²: -0.0577 | RMSE: 1.0207 | IC: 0.6327 | RankIC: 0.7123
2026-02-27 11:28:36,526 - root - INFO - Best model saved at epoch 8 with validation R2: -0.0566
2026-02-27 11:28:36,526 - root - INFO - Epoch [8/10000],
2026-02-27 11:28:36,527 - root - INFO - Train Results | R²: -0.0798 | RMSE: 1.0064 | IC: 0.8367 | RankIC: 0.7684
2026-02-27 11:28:36,527 - root - INFO - Valid Results | R²: -0.0566 | RMSE: 1.0202 | IC: 0.6465 | RankIC: 0.7175
2026-02-27 11:28:36,578 - root - INFO - Best model saved at epoch 9 with validation R2: -0.0556
2026-02-27 11:28:36,578 - root - INFO - Epoch [9/10000],
2026-02-27 11:28:36,578 - root - INFO - Train Results | R²: -0.0777 | RMSE: 1.0055 | IC: 0.8470 | RankIC: 0.7596
2026-02-27 11:28:36,579 - root - INFO - Valid Results | R²: -0.0556 | RMSE: 1.0197 | IC: 0.6758 | RankIC: 0.6965
2026-02-27 11:28:36,614 - root - INFO - Best model saved at epoch 10 with validation R2: -0.0538
2026-02-27 11:28:36,615 - root - INFO - Epoch [10/10000],
2026-02-27 11:28:36,615 - root - INFO - Train Results | R²: -0.0754 | RMSE: 1.0044 | IC: 0.8523 | RankIC: 0.8288
2026-02-27 11:28:36,615 - root - INFO - Valid Results | R²: -0.0538 | RMSE: 1.0189 | IC: 0.7331 | RankIC: 0.7509
2026-02-27 11:28:36,649 - root - INFO - Best model saved at epoch 11 with validation R2: -0.0525
2026-02-27 11:28:36,649 - root - INFO - Epoch [11/10000],
2026-02-27 11:28:36,649 - root - INFO - Train Results | R²: -0.0737 | RMSE: 1.0036 | IC: 0.8564 | RankIC: 0.8345
2026-02-27 11:28:36,649 - root - INFO - Valid Results | R²: -0.0525 | RMSE: 1.0182 | IC: 0.7380 | RankIC: 0.7860
2026-02-27 11:28:36,687 - root - INFO - Best model saved at epoch 12 with validation R2: -0.0518
2026-02-27 11:28:36,687 - root - INFO - Epoch [12/10000],
2026-02-27 11:28:36,688 - root - INFO - Train Results | R²: -0.0712 | RMSE: 1.0024 | IC: 0.8692 | RankIC: 0.8338
2026-02-27 11:28:36,688 - root - INFO - Valid Results | R²: -0.0518 | RMSE: 1.0179 | IC: 0.7326 | RankIC: 0.7737
2026-02-27 11:28:36,728 - root - INFO - Best model saved at epoch 13 with validation R2: -0.0499
2026-02-27 11:28:36,728 - root - INFO - Epoch [13/10000],
2026-02-27 11:28:36,728 - root - INFO - Train Results | R²: -0.0689 | RMSE: 1.0013 | IC: 0.8734 | RankIC: 0.8388
2026-02-27 11:28:36,728 - root - INFO - Valid Results | R²: -0.0499 | RMSE: 1.0170 | IC: 0.7700 | RankIC: 0.7772
2026-02-27 11:28:36,762 - root - INFO - Best model saved at epoch 14 with validation R2: -0.0481
2026-02-27 11:28:36,763 - root - INFO - Epoch [14/10000],
2026-02-27 11:28:36,763 - root - INFO - Train Results | R²: -0.0667 | RMSE: 1.0003 | IC: 0.8786 | RankIC: 0.8677
2026-02-27 11:28:36,763 - root - INFO - Valid Results | R²: -0.0481 | RMSE: 1.0161 | IC: 0.7681 | RankIC: 0.7825
2026-02-27 11:28:36,797 - root - INFO - Best model saved at epoch 15 with validation R2: -0.0468
2026-02-27 11:28:36,797 - root - INFO - Epoch [15/10000],
2026-02-27 11:28:36,797 - root - INFO - Train Results | R²: -0.0640 | RMSE: 0.9990 | IC: 0.8767 | RankIC: 0.8670
2026-02-27 11:28:36,797 - root - INFO - Valid Results | R²: -0.0468 | RMSE: 1.0155 | IC: 0.7807 | RankIC: 0.7825
2026-02-27 11:28:36,832 - root - INFO - Best model saved at epoch 16 with validation R2: -0.0447
2026-02-27 11:28:36,833 - root - INFO - Epoch [16/10000],
2026-02-27 11:28:36,833 - root - INFO - Train Results | R²: -0.0611 | RMSE: 0.9977 | IC: 0.8804 | RankIC: 0.8741
2026-02-27 11:28:36,833 - root - INFO - Valid Results | R²: -0.0447 | RMSE: 1.0144 | IC: 0.7833 | RankIC: 0.8105
2026-02-27 11:28:36,872 - root - INFO - Best model saved at epoch 17 with validation R2: -0.0436
2026-02-27 11:28:36,872 - root - INFO - Epoch [17/10000],
2026-02-27 11:28:36,872 - root - INFO - Train Results | R²: -0.0589 | RMSE: 0.9966 | IC: 0.8782 | RankIC: 0.8831
2026-02-27 11:28:36,872 - root - INFO - Valid Results | R²: -0.0436 | RMSE: 1.0139 | IC: 0.7930 | RankIC: 0.8035
2026-02-27 11:28:36,909 - root - INFO - Best model saved at epoch 18 with validation R2: -0.0415
2026-02-27 11:28:36,909 - root - INFO - Epoch [18/10000],
2026-02-27 11:28:36,909 - root - INFO - Train Results | R²: -0.0564 | RMSE: 0.9954 | IC: 0.8819 | RankIC: 0.8755
2026-02-27 11:28:36,909 - root - INFO - Valid Results | R²: -0.0415 | RMSE: 1.0129 | IC: 0.8033 | RankIC: 0.8123
2026-02-27 11:28:36,942 - root - INFO - Best model saved at epoch 19 with validation R2: -0.0393
2026-02-27 11:28:36,942 - root - INFO - Epoch [19/10000],
2026-02-27 11:28:36,942 - root - INFO - Train Results | R²: -0.0538 | RMSE: 0.9942 | IC: 0.8803 | RankIC: 0.8720
2026-02-27 11:28:36,942 - root - INFO - Valid Results | R²: -0.0393 | RMSE: 1.0118 | IC: 0.8053 | RankIC: 0.8035
2026-02-27 11:28:36,971 - root - INFO - Best model saved at epoch 20 with validation R2: -0.0379
2026-02-27 11:28:36,972 - root - INFO - Epoch [20/10000],
2026-02-27 11:28:36,972 - root - INFO - Train Results | R²: -0.0504 | RMSE: 0.9926 | IC: 0.8839 | RankIC: 0.8857
2026-02-27 11:28:36,972 - root - INFO - Valid Results | R²: -0.0379 | RMSE: 1.0111 | IC: 0.8062 | RankIC: 0.8105
2026-02-27 11:28:37,012 - root - INFO - Best model saved at epoch 21 with validation R2: -0.0353
2026-02-27 11:28:37,012 - root - INFO - Epoch [21/10000],
2026-02-27 11:28:37,013 - root - INFO - Train Results | R²: -0.0474 | RMSE: 0.9912 | IC: 0.8811 | RankIC: 0.8800
2026-02-27 11:28:37,013 - root - INFO - Valid Results | R²: -0.0353 | RMSE: 1.0099 | IC: 0.8122 | RankIC: 0.8175
2026-02-27 11:28:37,046 - root - INFO - Best model saved at epoch 22 with validation R2: -0.0338
2026-02-27 11:28:37,046 - root - INFO - Epoch [22/10000],
2026-02-27 11:28:37,047 - root - INFO - Train Results | R²: -0.0440 | RMSE: 0.9896 | IC: 0.8760 | RankIC: 0.8791
2026-02-27 11:28:37,047 - root - INFO - Valid Results | R²: -0.0338 | RMSE: 1.0091 | IC: 0.8112 | RankIC: 0.8088
2026-02-27 11:28:37,079 - root - INFO - Best model saved at epoch 23 with validation R2: -0.0313
2026-02-27 11:28:37,079 - root - INFO - Epoch [23/10000],
2026-02-27 11:28:37,079 - root - INFO - Train Results | R²: -0.0406 | RMSE: 0.9880 | IC: 0.8831 | RankIC: 0.8947
2026-02-27 11:28:37,079 - root - INFO - Valid Results | R²: -0.0313 | RMSE: 1.0079 | IC: 0.8113 | RankIC: 0.8140
2026-02-27 11:28:37,114 - root - INFO - Best model saved at epoch 24 with validation R2: -0.0284
2026-02-27 11:28:37,114 - root - INFO - Epoch [24/10000],
2026-02-27 11:28:37,114 - root - INFO - Train Results | R²: -0.0374 | RMSE: 0.9865 | IC: 0.8823 | RankIC: 0.8890
2026-02-27 11:28:37,114 - root - INFO - Valid Results | R²: -0.0284 | RMSE: 1.0065 | IC: 0.8123 | RankIC: 0.8193
2026-02-27 11:28:37,161 - root - INFO - Best model saved at epoch 25 with validation R2: -0.0264
2026-02-27 11:28:37,162 - root - INFO - Epoch [25/10000],
2026-02-27 11:28:37,162 - root - INFO - Train Results | R²: -0.0337 | RMSE: 0.9847 | IC: 0.8775 | RankIC: 0.8919
2026-02-27 11:28:37,162 - root - INFO - Valid Results | R²: -0.0264 | RMSE: 1.0055 | IC: 0.8041 | RankIC: 0.8140
2026-02-27 11:28:37,200 - root - INFO - Best model saved at epoch 26 with validation R2: -0.0243
2026-02-27 11:28:37,201 - root - INFO - Epoch [26/10000],
2026-02-27 11:28:37,201 - root - INFO - Train Results | R²: -0.0295 | RMSE: 0.9827 | IC: 0.8763 | RankIC: 0.8936
2026-02-27 11:28:37,201 - root - INFO - Valid Results | R²: -0.0243 | RMSE: 1.0045 | IC: 0.7941 | RankIC: 0.8193
2026-02-27 11:28:37,236 - root - INFO - Best model saved at epoch 27 with validation R2: -0.0212
2026-02-27 11:28:37,237 - root - INFO - Epoch [27/10000],
2026-02-27 11:28:37,237 - root - INFO - Train Results | R²: -0.0257 | RMSE: 0.9809 | IC: 0.8795 | RankIC: 0.9030
2026-02-27 11:28:37,238 - root - INFO - Valid Results | R²: -0.0212 | RMSE: 1.0030 | IC: 0.8136 | RankIC: 0.8509
2026-02-27 11:28:37,272 - root - INFO - Best model saved at epoch 28 with validation R2: -0.0185
2026-02-27 11:28:37,273 - root - INFO - Epoch [28/10000],
2026-02-27 11:28:37,273 - root - INFO - Train Results | R²: -0.0221 | RMSE: 0.9792 | IC: 0.8768 | RankIC: 0.8931
2026-02-27 11:28:37,273 - root - INFO - Valid Results | R²: -0.0185 | RMSE: 1.0016 | IC: 0.8094 | RankIC: 0.8474
2026-02-27 11:28:37,316 - root - INFO - Best model saved at epoch 29 with validation R2: -0.0157
2026-02-27 11:28:37,316 - root - INFO - Epoch [29/10000],
2026-02-27 11:28:37,316 - root - INFO - Train Results | R²: -0.0173 | RMSE: 0.9769 | IC: 0.8837 | RankIC: 0.9083
2026-02-27 11:28:37,317 - root - INFO - Valid Results | R²: -0.0157 | RMSE: 1.0003 | IC: 0.8021 | RankIC: 0.8140
2026-02-27 11:28:37,351 - root - INFO - Best model saved at epoch 30 with validation R2: -0.0126
2026-02-27 11:28:37,352 - root - INFO - Epoch [30/10000],
2026-02-27 11:28:37,352 - root - INFO - Train Results | R²: -0.0128 | RMSE: 0.9747 | IC: 0.8752 | RankIC: 0.9035
2026-02-27 11:28:37,352 - root - INFO - Valid Results | R²: -0.0126 | RMSE: 0.9988 | IC: 0.8109 | RankIC: 0.8386
2026-02-27 11:28:37,390 - root - INFO - Best model saved at epoch 31 with validation R2: -0.0101
2026-02-27 11:28:37,390 - root - INFO - Epoch [31/10000],
2026-02-27 11:28:37,390 - root - INFO - Train Results | R²: -0.0081 | RMSE: 0.9724 | IC: 0.8692 | RankIC: 0.8874
2026-02-27 11:28:37,391 - root - INFO - Valid Results | R²: -0.0101 | RMSE: 0.9975 | IC: 0.8010 | RankIC: 0.8123
2026-02-27 11:28:37,427 - root - INFO - Best model saved at epoch 32 with validation R2: -0.0064
2026-02-27 11:28:37,427 - root - INFO - Epoch [32/10000],
2026-02-27 11:28:37,428 - root - INFO - Train Results | R²: -0.0033 | RMSE: 0.9701 | IC: 0.8732 | RankIC: 0.9040
2026-02-27 11:28:37,428 - root - INFO - Valid Results | R²: -0.0064 | RMSE: 0.9957 | IC: 0.8123 | RankIC: 0.8404
2026-02-27 11:28:37,460 - root - INFO - Best model saved at epoch 33 with validation R2: -0.0038
2026-02-27 11:28:37,460 - root - INFO - Epoch [33/10000],
2026-02-27 11:28:37,460 - root - INFO - Train Results | R²: 0.0018 | RMSE: 0.9676 | IC: 0.8704 | RankIC: 0.8945
2026-02-27 11:28:37,460 - root - INFO - Valid Results | R²: -0.0038 | RMSE: 0.9944 | IC: 0.8005 | RankIC: 0.8579
2026-02-27 11:28:37,496 - root - INFO - Best model saved at epoch 34 with validation R2: 0.0004
2026-02-27 11:28:37,496 - root - INFO - Epoch [34/10000],
2026-02-27 11:28:37,497 - root - INFO - Train Results | R²: 0.0075 | RMSE: 0.9649 | IC: 0.8634 | RankIC: 0.8888
2026-02-27 11:28:37,497 - root - INFO - Valid Results | R²: 0.0004 | RMSE: 0.9923 | IC: 0.8021 | RankIC: 0.8368
2026-02-27 11:28:37,535 - root - INFO - Best model saved at epoch 35 with validation R2: 0.0044
2026-02-27 11:28:37,536 - root - INFO - Epoch [35/10000],
2026-02-27 11:28:37,536 - root - INFO - Train Results | R²: 0.0134 | RMSE: 0.9620 | IC: 0.8708 | RankIC: 0.9045
2026-02-27 11:28:37,536 - root - INFO - Valid Results | R²: 0.0044 | RMSE: 0.9903 | IC: 0.8094 | RankIC: 0.8509
2026-02-27 11:28:37,568 - root - INFO - Best model saved at epoch 36 with validation R2: 0.0084
2026-02-27 11:28:37,568 - root - INFO - Epoch [36/10000],
2026-02-27 11:28:37,568 - root - INFO - Train Results | R²: 0.0191 | RMSE: 0.9592 | IC: 0.8675 | RankIC: 0.8983
2026-02-27 11:28:37,568 - root - INFO - Valid Results | R²: 0.0084 | RMSE: 0.9883 | IC: 0.8113 | RankIC: 0.8509
2026-02-27 11:28:37,601 - root - INFO - Best model saved at epoch 37 with validation R2: 0.0122
2026-02-27 11:28:37,601 - root - INFO - Epoch [37/10000],
2026-02-27 11:28:37,601 - root - INFO - Train Results | R²: 0.0243 | RMSE: 0.9567 | IC: 0.8671 | RankIC: 0.9004
2026-02-27 11:28:37,602 - root - INFO - Valid Results | R²: 0.0122 | RMSE: 0.9864 | IC: 0.8031 | RankIC: 0.8439
2026-02-27 11:28:37,634 - root - INFO - Best model saved at epoch 38 with validation R2: 0.0166
2026-02-27 11:28:37,635 - root - INFO - Epoch [38/10000],
2026-02-27 11:28:37,635 - root - INFO - Train Results | R²: 0.0303 | RMSE: 0.9538 | IC: 0.8646 | RankIC: 0.9033
2026-02-27 11:28:37,635 - root - INFO - Valid Results | R²: 0.0166 | RMSE: 0.9842 | IC: 0.8043 | RankIC: 0.8404
2026-02-27 11:28:37,675 - root - INFO - Best model saved at epoch 39 with validation R2: 0.0205
2026-02-27 11:28:37,675 - root - INFO - Epoch [39/10000],
2026-02-27 11:28:37,675 - root - INFO - Train Results | R²: 0.0378 | RMSE: 0.9501 | IC: 0.8650 | RankIC: 0.8978
2026-02-27 11:28:37,675 - root - INFO - Valid Results | R²: 0.0205 | RMSE: 0.9823 | IC: 0.8027 | RankIC: 0.8140
2026-02-27 11:28:37,722 - root - INFO - Best model saved at epoch 40 with validation R2: 0.0248
2026-02-27 11:28:37,722 - root - INFO - Epoch [40/10000],
2026-02-27 11:28:37,722 - root - INFO - Train Results | R²: 0.0431 | RMSE: 0.9474 | IC: 0.8636 | RankIC: 0.9064
2026-02-27 11:28:37,723 - root - INFO - Valid Results | R²: 0.0248 | RMSE: 0.9801 | IC: 0.8040 | RankIC: 0.8386
2026-02-27 11:28:37,760 - root - INFO - Best model saved at epoch 41 with validation R2: 0.0299
2026-02-27 11:28:37,760 - root - INFO - Epoch [41/10000],
2026-02-27 11:28:37,760 - root - INFO - Train Results | R²: 0.0510 | RMSE: 0.9435 | IC: 0.8648 | RankIC: 0.9045
2026-02-27 11:28:37,760 - root - INFO - Valid Results | R²: 0.0299 | RMSE: 0.9775 | IC: 0.8063 | RankIC: 0.8649
2026-02-27 11:28:37,792 - root - INFO - Best model saved at epoch 42 with validation R2: 0.0348
2026-02-27 11:28:37,792 - root - INFO - Epoch [42/10000],
2026-02-27 11:28:37,794 - root - INFO - Train Results | R²: 0.0582 | RMSE: 0.9399 | IC: 0.8615 | RankIC: 0.9009
2026-02-27 11:28:37,794 - root - INFO - Valid Results | R²: 0.0348 | RMSE: 0.9751 | IC: 0.8040 | RankIC: 0.8596
2026-02-27 11:28:37,826 - root - INFO - Best model saved at epoch 43 with validation R2: 0.0390
2026-02-27 11:28:37,827 - root - INFO - Epoch [43/10000],
2026-02-27 11:28:37,827 - root - INFO - Train Results | R²: 0.0652 | RMSE: 0.9364 | IC: 0.8586 | RankIC: 0.8992
2026-02-27 11:28:37,827 - root - INFO - Valid Results | R²: 0.0390 | RMSE: 0.9730 | IC: 0.8058 | RankIC: 0.8719
2026-02-27 11:28:37,864 - root - INFO - Best model saved at epoch 44 with validation R2: 0.0454
2026-02-27 11:28:37,864 - root - INFO - Epoch [44/10000],
2026-02-27 11:28:37,865 - root - INFO - Train Results | R²: 0.0726 | RMSE: 0.9327 | IC: 0.8620 | RankIC: 0.9037
2026-02-27 11:28:37,865 - root - INFO - Valid Results | R²: 0.0454 | RMSE: 0.9697 | IC: 0.8053 | RankIC: 0.8737
2026-02-27 11:28:37,902 - root - INFO - Best model saved at epoch 45 with validation R2: 0.0508
2026-02-27 11:28:37,902 - root - INFO - Epoch [45/10000],
2026-02-27 11:28:37,903 - root - INFO - Train Results | R²: 0.0820 | RMSE: 0.9280 | IC: 0.8593 | RankIC: 0.9037
2026-02-27 11:28:37,903 - root - INFO - Valid Results | R²: 0.0508 | RMSE: 0.9670 | IC: 0.8021 | RankIC: 0.8491
2026-02-27 11:28:37,941 - root - INFO - Best model saved at epoch 46 with validation R2: 0.0583
2026-02-27 11:28:37,941 - root - INFO - Epoch [46/10000],
2026-02-27 11:28:37,942 - root - INFO - Train Results | R²: 0.0898 | RMSE: 0.9240 | IC: 0.8564 | RankIC: 0.9037
2026-02-27 11:28:37,942 - root - INFO - Valid Results | R²: 0.0583 | RMSE: 0.9631 | IC: 0.8098 | RankIC: 0.8561
2026-02-27 11:28:37,980 - root - INFO - Best model saved at epoch 47 with validation R2: 0.0635
2026-02-27 11:28:37,980 - root - INFO - Epoch [47/10000],
2026-02-27 11:28:37,981 - root - INFO - Train Results | R²: 0.0991 | RMSE: 0.9193 | IC: 0.8529 | RankIC: 0.9028
2026-02-27 11:28:37,981 - root - INFO - Valid Results | R²: 0.0635 | RMSE: 0.9605 | IC: 0.8027 | RankIC: 0.8526
2026-02-27 11:28:38,021 - root - INFO - Best model saved at epoch 48 with validation R2: 0.0691
2026-02-27 11:28:38,021 - root - INFO - Epoch [48/10000],
2026-02-27 11:28:38,022 - root - INFO - Train Results | R²: 0.1083 | RMSE: 0.9146 | IC: 0.8482 | RankIC: 0.9018
2026-02-27 11:28:38,022 - root - INFO - Valid Results | R²: 0.0691 | RMSE: 0.9576 | IC: 0.8065 | RankIC: 0.8719
2026-02-27 11:28:38,058 - root - INFO - Best model saved at epoch 49 with validation R2: 0.0750
2026-02-27 11:28:38,058 - root - INFO - Epoch [49/10000],
2026-02-27 11:28:38,059 - root - INFO - Train Results | R²: 0.1180 | RMSE: 0.9096 | IC: 0.8514 | RankIC: 0.9056
2026-02-27 11:28:38,059 - root - INFO - Valid Results | R²: 0.0750 | RMSE: 0.9546 | IC: 0.8001 | RankIC: 0.8614
2026-02-27 11:28:38,100 - root - INFO - Best model saved at epoch 50 with validation R2: 0.0823
2026-02-27 11:28:38,100 - root - INFO - Epoch [50/10000],
2026-02-27 11:28:38,100 - root - INFO - Train Results | R²: 0.1287 | RMSE: 0.9041 | IC: 0.8503 | RankIC: 0.9004
2026-02-27 11:28:38,100 - root - INFO - Valid Results | R²: 0.0823 | RMSE: 0.9508 | IC: 0.8015 | RankIC: 0.8596
2026-02-27 11:28:38,139 - root - INFO - Best model saved at epoch 51 with validation R2: 0.0901
2026-02-27 11:28:38,139 - root - INFO - Epoch [51/10000],
2026-02-27 11:28:38,139 - root - INFO - Train Results | R²: 0.1390 | RMSE: 0.8987 | IC: 0.8468 | RankIC: 0.9049
2026-02-27 11:28:38,139 - root - INFO - Valid Results | R²: 0.0901 | RMSE: 0.9468 | IC: 0.7997 | RankIC: 0.8491
2026-02-27 11:28:38,177 - root - INFO - Best model saved at epoch 52 with validation R2: 0.0974
2026-02-27 11:28:38,177 - root - INFO - Epoch [52/10000],
2026-02-27 11:28:38,177 - root - INFO - Train Results | R²: 0.1493 | RMSE: 0.8933 | IC: 0.8453 | RankIC: 0.9083
2026-02-27 11:28:38,177 - root - INFO - Valid Results | R²: 0.0974 | RMSE: 0.9430 | IC: 0.7965 | RankIC: 0.8614
2026-02-27 11:28:38,213 - root - INFO - Best model saved at epoch 53 with validation R2: 0.1049
2026-02-27 11:28:38,214 - root - INFO - Epoch [53/10000],
2026-02-27 11:28:38,214 - root - INFO - Train Results | R²: 0.1650 | RMSE: 0.8851 | IC: 0.8373 | RankIC: 0.9030
2026-02-27 11:28:38,214 - root - INFO - Valid Results | R²: 0.1049 | RMSE: 0.9390 | IC: 0.7978 | RankIC: 0.8596
2026-02-27 11:28:38,250 - root - INFO - Best model saved at epoch 54 with validation R2: 0.1137
2026-02-27 11:28:38,250 - root - INFO - Epoch [54/10000],
2026-02-27 11:28:38,250 - root - INFO - Train Results | R²: 0.1736 | RMSE: 0.8804 | IC: 0.8383 | RankIC: 0.9042
2026-02-27 11:28:38,251 - root - INFO - Valid Results | R²: 0.1137 | RMSE: 0.9344 | IC: 0.7948 | RankIC: 0.8789
2026-02-27 11:28:38,290 - root - INFO - Best model saved at epoch 55 with validation R2: 0.1231
2026-02-27 11:28:38,290 - root - INFO - Epoch [55/10000],
2026-02-27 11:28:38,291 - root - INFO - Train Results | R²: 0.1872 | RMSE: 0.8732 | IC: 0.8335 | RankIC: 0.9004
2026-02-27 11:28:38,291 - root - INFO - Valid Results | R²: 0.1231 | RMSE: 0.9294 | IC: 0.7998 | RankIC: 0.8789
2026-02-27 11:28:38,344 - root - INFO - Best model saved at epoch 56 with validation R2: 0.1319
2026-02-27 11:28:38,345 - root - INFO - Epoch [56/10000],
2026-02-27 11:28:38,345 - root - INFO - Train Results | R²: 0.2005 | RMSE: 0.8660 | IC: 0.8321 | RankIC: 0.9059
2026-02-27 11:28:38,345 - root - INFO - Valid Results | R²: 0.1319 | RMSE: 0.9247 | IC: 0.7911 | RankIC: 0.9000
2026-02-27 11:28:38,383 - root - INFO - Best model saved at epoch 57 with validation R2: 0.1434
2026-02-27 11:28:38,383 - root - INFO - Epoch [57/10000],
2026-02-27 11:28:38,383 - root - INFO - Train Results | R²: 0.2173 | RMSE: 0.8569 | IC: 0.8315 | RankIC: 0.9066
2026-02-27 11:28:38,383 - root - INFO - Valid Results | R²: 0.1434 | RMSE: 0.9186 | IC: 0.7913 | RankIC: 0.8737
2026-02-27 11:28:38,420 - root - INFO - Best model saved at epoch 58 with validation R2: 0.1535
2026-02-27 11:28:38,421 - root - INFO - Epoch [58/10000],
2026-02-27 11:28:38,421 - root - INFO - Train Results | R²: 0.2318 | RMSE: 0.8489 | IC: 0.8315 | RankIC: 0.9042
2026-02-27 11:28:38,421 - root - INFO - Valid Results | R²: 0.1535 | RMSE: 0.9132 | IC: 0.7908 | RankIC: 0.8737
2026-02-27 11:28:38,463 - root - INFO - Best model saved at epoch 59 with validation R2: 0.1651
2026-02-27 11:28:38,463 - root - INFO - Epoch [59/10000],
2026-02-27 11:28:38,464 - root - INFO - Train Results | R²: 0.2481 | RMSE: 0.8398 | IC: 0.8270 | RankIC: 0.9059
2026-02-27 11:28:38,464 - root - INFO - Valid Results | R²: 0.1651 | RMSE: 0.9069 | IC: 0.7878 | RankIC: 0.8667
2026-02-27 11:28:38,498 - root - INFO - Best model saved at epoch 60 with validation R2: 0.1777
2026-02-27 11:28:38,498 - root - INFO - Epoch [60/10000],
2026-02-27 11:28:38,498 - root - INFO - Train Results | R²: 0.2645 | RMSE: 0.8306 | IC: 0.8232 | RankIC: 0.8997
2026-02-27 11:28:38,499 - root - INFO - Valid Results | R²: 0.1777 | RMSE: 0.9000 | IC: 0.7878 | RankIC: 0.8737
2026-02-27 11:28:38,530 - root - INFO - Best model saved at epoch 61 with validation R2: 0.1898
2026-02-27 11:28:38,531 - root - INFO - Epoch [61/10000],
2026-02-27 11:28:38,531 - root - INFO - Train Results | R²: 0.2794 | RMSE: 0.8222 | IC: 0.8211 | RankIC: 0.9035
2026-02-27 11:28:38,531 - root - INFO - Valid Results | R²: 0.1898 | RMSE: 0.8933 | IC: 0.7883 | RankIC: 0.8737
2026-02-27 11:28:38,565 - root - INFO - Best model saved at epoch 62 with validation R2: 0.2021
2026-02-27 11:28:38,566 - root - INFO - Epoch [62/10000],
2026-02-27 11:28:38,566 - root - INFO - Train Results | R²: 0.3003 | RMSE: 0.8101 | IC: 0.8196 | RankIC: 0.9049
2026-02-27 11:28:38,567 - root - INFO - Valid Results | R²: 0.2021 | RMSE: 0.8866 | IC: 0.7834 | RankIC: 0.8596
2026-02-27 11:28:38,603 - root - INFO - Best model saved at epoch 63 with validation R2: 0.2144
2026-02-27 11:28:38,603 - root - INFO - Epoch [63/10000],
2026-02-27 11:28:38,603 - root - INFO - Train Results | R²: 0.3180 | RMSE: 0.7998 | IC: 0.8160 | RankIC: 0.8966
2026-02-27 11:28:38,604 - root - INFO - Valid Results | R²: 0.2144 | RMSE: 0.8797 | IC: 0.7853 | RankIC: 0.8877
2026-02-27 11:28:38,659 - root - INFO - Best model saved at epoch 64 with validation R2: 0.2280
2026-02-27 11:28:38,660 - root - INFO - Epoch [64/10000],
2026-02-27 11:28:38,660 - root - INFO - Train Results | R²: 0.3382 | RMSE: 0.7879 | IC: 0.8182 | RankIC: 0.9099
2026-02-27 11:28:38,660 - root - INFO - Valid Results | R²: 0.2280 | RMSE: 0.8720 | IC: 0.7824 | RankIC: 0.8737
2026-02-27 11:28:38,697 - root - INFO - Best model saved at epoch 65 with validation R2: 0.2410
2026-02-27 11:28:38,697 - root - INFO - Epoch [65/10000],
2026-02-27 11:28:38,698 - root - INFO - Train Results | R²: 0.3513 | RMSE: 0.7801 | IC: 0.8135 | RankIC: 0.9078
2026-02-27 11:28:38,698 - root - INFO - Valid Results | R²: 0.2410 | RMSE: 0.8647 | IC: 0.7794 | RankIC: 0.8614
2026-02-27 11:28:38,730 - root - INFO - Best model saved at epoch 66 with validation R2: 0.2569
2026-02-27 11:28:38,730 - root - INFO - Epoch [66/10000],
2026-02-27 11:28:38,730 - root - INFO - Train Results | R²: 0.3711 | RMSE: 0.7681 | IC: 0.8109 | RankIC: 0.9028
2026-02-27 11:28:38,730 - root - INFO - Valid Results | R²: 0.2569 | RMSE: 0.8555 | IC: 0.7865 | RankIC: 0.8877
2026-02-27 11:28:38,763 - root - INFO - Best model saved at epoch 67 with validation R2: 0.2689
2026-02-27 11:28:38,764 - root - INFO - Epoch [67/10000],
2026-02-27 11:28:38,764 - root - INFO - Train Results | R²: 0.3903 | RMSE: 0.7563 | IC: 0.8131 | RankIC: 0.9023
2026-02-27 11:28:38,764 - root - INFO - Valid Results | R²: 0.2689 | RMSE: 0.8486 | IC: 0.7828 | RankIC: 0.8614
2026-02-27 11:28:38,808 - root - INFO - Best model saved at epoch 68 with validation R2: 0.2826
2026-02-27 11:28:38,808 - root - INFO - Epoch [68/10000],
2026-02-27 11:28:38,808 - root - INFO - Train Results | R²: 0.4045 | RMSE: 0.7474 | IC: 0.8112 | RankIC: 0.9023
2026-02-27 11:28:38,809 - root - INFO - Valid Results | R²: 0.2826 | RMSE: 0.8407 | IC: 0.7782 | RankIC: 0.8614
2026-02-27 11:28:38,846 - root - INFO - Best model saved at epoch 69 with validation R2: 0.2962
2026-02-27 11:28:38,846 - root - INFO - Epoch [69/10000],
2026-02-27 11:28:38,846 - root - INFO - Train Results | R²: 0.4218 | RMSE: 0.7365 | IC: 0.8049 | RankIC: 0.9007
2026-02-27 11:28:38,847 - root - INFO - Valid Results | R²: 0.2962 | RMSE: 0.8326 | IC: 0.7793 | RankIC: 0.8544
2026-02-27 11:28:38,879 - root - INFO - Best model saved at epoch 70 with validation R2: 0.3082
2026-02-27 11:28:38,879 - root - INFO - Epoch [70/10000],
2026-02-27 11:28:38,879 - root - INFO - Train Results | R²: 0.4399 | RMSE: 0.7248 | IC: 0.8102 | RankIC: 0.9033
2026-02-27 11:28:38,880 - root - INFO - Valid Results | R²: 0.3082 | RMSE: 0.8255 | IC: 0.7786 | RankIC: 0.8737
2026-02-27 11:28:38,911 - root - INFO - Best model saved at epoch 71 with validation R2: 0.3205
2026-02-27 11:28:38,911 - root - INFO - Epoch [71/10000],
2026-02-27 11:28:38,911 - root - INFO - Train Results | R²: 0.4520 | RMSE: 0.7170 | IC: 0.8096 | RankIC: 0.8988
2026-02-27 11:28:38,911 - root - INFO - Valid Results | R²: 0.3205 | RMSE: 0.8181 | IC: 0.7757 | RankIC: 0.8684
2026-02-27 11:28:38,945 - root - INFO - Best model saved at epoch 72 with validation R2: 0.3318
2026-02-27 11:28:38,945 - root - INFO - Epoch [72/10000],
2026-02-27 11:28:38,945 - root - INFO - Train Results | R²: 0.4665 | RMSE: 0.7074 | IC: 0.8070 | RankIC: 0.9059
2026-02-27 11:28:38,945 - root - INFO - Valid Results | R²: 0.3318 | RMSE: 0.8113 | IC: 0.7753 | RankIC: 0.8789
2026-02-27 11:28:38,976 - root - INFO - Best model saved at epoch 73 with validation R2: 0.3453
2026-02-27 11:28:38,976 - root - INFO - Epoch [73/10000],
2026-02-27 11:28:38,976 - root - INFO - Train Results | R²: 0.4771 | RMSE: 0.7004 | IC: 0.8066 | RankIC: 0.8969
2026-02-27 11:28:38,976 - root - INFO - Valid Results | R²: 0.3453 | RMSE: 0.8031 | IC: 0.7741 | RankIC: 0.8789
2026-02-27 11:28:39,009 - root - INFO - Best model saved at epoch 74 with validation R2: 0.3573
2026-02-27 11:28:39,009 - root - INFO - Epoch [74/10000],
2026-02-27 11:28:39,009 - root - INFO - Train Results | R²: 0.4897 | RMSE: 0.6919 | IC: 0.8077 | RankIC: 0.9094
2026-02-27 11:28:39,009 - root - INFO - Valid Results | R²: 0.3573 | RMSE: 0.7957 | IC: 0.7779 | RankIC: 0.8684
2026-02-27 11:28:39,042 - root - INFO - Best model saved at epoch 75 with validation R2: 0.3653
2026-02-27 11:28:39,042 - root - INFO - Epoch [75/10000],
2026-02-27 11:28:39,042 - root - INFO - Train Results | R²: 0.5008 | RMSE: 0.6843 | IC: 0.8085 | RankIC: 0.9075
2026-02-27 11:28:39,042 - root - INFO - Valid Results | R²: 0.3653 | RMSE: 0.7907 | IC: 0.7752 | RankIC: 0.8719
2026-02-27 11:28:39,072 - root - INFO - Best model saved at epoch 76 with validation R2: 0.3743
2026-02-27 11:28:39,072 - root - INFO - Epoch [76/10000],
2026-02-27 11:28:39,072 - root - INFO - Train Results | R²: 0.5085 | RMSE: 0.6790 | IC: 0.8071 | RankIC: 0.9064
2026-02-27 11:28:39,073 - root - INFO - Valid Results | R²: 0.3743 | RMSE: 0.7851 | IC: 0.7729 | RankIC: 0.8561
2026-02-27 11:28:39,103 - root - INFO - Best model saved at epoch 77 with validation R2: 0.3832
2026-02-27 11:28:39,103 - root - INFO - Epoch [77/10000],
2026-02-27 11:28:39,103 - root - INFO - Train Results | R²: 0.5157 | RMSE: 0.6740 | IC: 0.8092 | RankIC: 0.9064
2026-02-27 11:28:39,103 - root - INFO - Valid Results | R²: 0.3832 | RMSE: 0.7794 | IC: 0.7733 | RankIC: 0.8491
2026-02-27 11:28:39,134 - root - INFO - Best model saved at epoch 78 with validation R2: 0.3909
2026-02-27 11:28:39,134 - root - INFO - Epoch [78/10000],
2026-02-27 11:28:39,135 - root - INFO - Train Results | R²: 0.5224 | RMSE: 0.6693 | IC: 0.8099 | RankIC: 0.9011
2026-02-27 11:28:39,135 - root - INFO - Valid Results | R²: 0.3909 | RMSE: 0.7746 | IC: 0.7736 | RankIC: 0.8789
2026-02-27 11:28:39,166 - root - INFO - Best model saved at epoch 79 with validation R2: 0.3955
2026-02-27 11:28:39,166 - root - INFO - Epoch [79/10000],
2026-02-27 11:28:39,166 - root - INFO - Train Results | R²: 0.5303 | RMSE: 0.6638 | IC: 0.8153 | RankIC: 0.9139
2026-02-27 11:28:39,167 - root - INFO - Valid Results | R²: 0.3955 | RMSE: 0.7716 | IC: 0.7744 | RankIC: 0.8789
2026-02-27 11:28:39,197 - root - INFO - Best model saved at epoch 80 with validation R2: 0.4024
2026-02-27 11:28:39,197 - root - INFO - Epoch [80/10000],
2026-02-27 11:28:39,197 - root - INFO - Train Results | R²: 0.5341 | RMSE: 0.6611 | IC: 0.8162 | RankIC: 0.9090
2026-02-27 11:28:39,197 - root - INFO - Valid Results | R²: 0.4024 | RMSE: 0.7673 | IC: 0.7749 | RankIC: 0.8719
2026-02-27 11:28:39,227 - root - INFO - Best model saved at epoch 81 with validation R2: 0.4086
2026-02-27 11:28:39,227 - root - INFO - Epoch [81/10000],
2026-02-27 11:28:39,227 - root - INFO - Train Results | R²: 0.5389 | RMSE: 0.6577 | IC: 0.8186 | RankIC: 0.9073
2026-02-27 11:28:39,228 - root - INFO - Valid Results | R²: 0.4086 | RMSE: 0.7633 | IC: 0.7776 | RankIC: 0.8719
2026-02-27 11:28:39,259 - root - INFO - Epoch [82/10000],
2026-02-27 11:28:39,259 - root - INFO - Train Results | R²: 0.5415 | RMSE: 0.6558 | IC: 0.8207 | RankIC: 0.9061
2026-02-27 11:28:39,260 - root - INFO - Valid Results | R²: 0.4082 | RMSE: 0.7635 | IC: 0.7750 | RankIC: 0.8667
2026-02-27 11:28:39,292 - root - INFO - Best model saved at epoch 83 with validation R2: 0.4119
2026-02-27 11:28:39,292 - root - INFO - Epoch [83/10000],
2026-02-27 11:28:39,292 - root - INFO - Train Results | R²: 0.5446 | RMSE: 0.6536 | IC: 0.8236 | RankIC: 0.9113
2026-02-27 11:28:39,292 - root - INFO - Valid Results | R²: 0.4119 | RMSE: 0.7611 | IC: 0.7758 | RankIC: 0.8667
2026-02-27 11:28:39,322 - root - INFO - Best model saved at epoch 84 with validation R2: 0.4153
2026-02-27 11:28:39,322 - root - INFO - Epoch [84/10000],
2026-02-27 11:28:39,324 - root - INFO - Train Results | R²: 0.5502 | RMSE: 0.6495 | IC: 0.8274 | RankIC: 0.9073
2026-02-27 11:28:39,324 - root - INFO - Valid Results | R²: 0.4153 | RMSE: 0.7589 | IC: 0.7759 | RankIC: 0.8719
2026-02-27 11:28:39,363 - root - INFO - Epoch [85/10000],
2026-02-27 11:28:39,363 - root - INFO - Train Results | R²: 0.5498 | RMSE: 0.6499 | IC: 0.8268 | RankIC: 0.8990
2026-02-27 11:28:39,363 - root - INFO - Valid Results | R²: 0.4147 | RMSE: 0.7593 | IC: 0.7753 | RankIC: 0.8719
2026-02-27 11:28:39,407 - root - INFO - Best model saved at epoch 86 with validation R2: 0.4172
2026-02-27 11:28:39,407 - root - INFO - Epoch [86/10000],
2026-02-27 11:28:39,407 - root - INFO - Train Results | R²: 0.5552 | RMSE: 0.6459 | IC: 0.8333 | RankIC: 0.9118
2026-02-27 11:28:39,407 - root - INFO - Valid Results | R²: 0.4172 | RMSE: 0.7577 | IC: 0.7775 | RankIC: 0.8719
2026-02-27 11:28:39,444 - root - INFO - Best model saved at epoch 87 with validation R2: 0.4193
2026-02-27 11:28:39,445 - root - INFO - Epoch [87/10000],
2026-02-27 11:28:39,445 - root - INFO - Train Results | R²: 0.5567 | RMSE: 0.6448 | IC: 0.8349 | RankIC: 0.9139
2026-02-27 11:28:39,445 - root - INFO - Valid Results | R²: 0.4193 | RMSE: 0.7564 | IC: 0.7767 | RankIC: 0.8719
2026-02-27 11:28:39,478 - root - INFO - Epoch [88/10000],
2026-02-27 11:28:39,479 - root - INFO - Train Results | R²: 0.5584 | RMSE: 0.6436 | IC: 0.8387 | RankIC: 0.9026
2026-02-27 11:28:39,479 - root - INFO - Valid Results | R²: 0.4193 | RMSE: 0.7563 | IC: 0.7776 | RankIC: 0.8596
2026-02-27 11:28:39,517 - root - INFO - Best model saved at epoch 89 with validation R2: 0.4213
2026-02-27 11:28:39,517 - root - INFO - Epoch [89/10000],
2026-02-27 11:28:39,517 - root - INFO - Train Results | R²: 0.5594 | RMSE: 0.6429 | IC: 0.8368 | RankIC: 0.9059
2026-02-27 11:28:39,518 - root - INFO - Valid Results | R²: 0.4213 | RMSE: 0.7550 | IC: 0.7778 | RankIC: 0.8719
2026-02-27 11:28:39,552 - root - INFO - Best model saved at epoch 90 with validation R2: 0.4225
2026-02-27 11:28:39,552 - root - INFO - Epoch [90/10000],
2026-02-27 11:28:39,552 - root - INFO - Train Results | R²: 0.5611 | RMSE: 0.6417 | IC: 0.8387 | RankIC: 0.9056
2026-02-27 11:28:39,552 - root - INFO - Valid Results | R²: 0.4225 | RMSE: 0.7542 | IC: 0.7785 | RankIC: 0.8719
2026-02-27 11:28:39,581 - root - INFO - Best model saved at epoch 91 with validation R2: 0.4241
2026-02-27 11:28:39,581 - root - INFO - Epoch [91/10000],
2026-02-27 11:28:39,581 - root - INFO - Train Results | R²: 0.5658 | RMSE: 0.6382 | IC: 0.8455 | RankIC: 0.9137
2026-02-27 11:28:39,582 - root - INFO - Valid Results | R²: 0.4241 | RMSE: 0.7532 | IC: 0.7784 | RankIC: 0.8719
2026-02-27 11:28:39,610 - root - INFO - Best model saved at epoch 92 with validation R2: 0.4243
2026-02-27 11:28:39,610 - root - INFO - Epoch [92/10000],
2026-02-27 11:28:39,610 - root - INFO - Train Results | R²: 0.5673 | RMSE: 0.6371 | IC: 0.8451 | RankIC: 0.9147
2026-02-27 11:28:39,610 - root - INFO - Valid Results | R²: 0.4243 | RMSE: 0.7531 | IC: 0.7780 | RankIC: 0.8702
2026-02-27 11:28:39,643 - root - INFO - Best model saved at epoch 93 with validation R2: 0.4282
2026-02-27 11:28:39,643 - root - INFO - Epoch [93/10000],
2026-02-27 11:28:39,643 - root - INFO - Train Results | R²: 0.5683 | RMSE: 0.6364 | IC: 0.8472 | RankIC: 0.9002
2026-02-27 11:28:39,643 - root - INFO - Valid Results | R²: 0.4282 | RMSE: 0.7505 | IC: 0.7806 | RankIC: 0.8632
2026-02-27 11:28:39,675 - root - INFO - Best model saved at epoch 94 with validation R2: 0.4308
2026-02-27 11:28:39,675 - root - INFO - Epoch [94/10000],
2026-02-27 11:28:39,676 - root - INFO - Train Results | R²: 0.5759 | RMSE: 0.6308 | IC: 0.8534 | RankIC: 0.9215
2026-02-27 11:28:39,676 - root - INFO - Valid Results | R²: 0.4308 | RMSE: 0.7488 | IC: 0.7815 | RankIC: 0.8719
2026-02-27 11:28:39,712 - root - INFO - Epoch [95/10000],
2026-02-27 11:28:39,713 - root - INFO - Train Results | R²: 0.5763 | RMSE: 0.6305 | IC: 0.8541 | RankIC: 0.9120
2026-02-27 11:28:39,713 - root - INFO - Valid Results | R²: 0.4300 | RMSE: 0.7493 | IC: 0.7782 | RankIC: 0.8719
2026-02-27 11:28:39,762 - root - INFO - Best model saved at epoch 96 with validation R2: 0.4348
2026-02-27 11:28:39,762 - root - INFO - Epoch [96/10000],
2026-02-27 11:28:39,763 - root - INFO - Train Results | R²: 0.5795 | RMSE: 0.6281 | IC: 0.8557 | RankIC: 0.9184
2026-02-27 11:28:39,763 - root - INFO - Valid Results | R²: 0.4348 | RMSE: 0.7461 | IC: 0.7802 | RankIC: 0.8719
2026-02-27 11:28:39,800 - root - INFO - Best model saved at epoch 97 with validation R2: 0.4350
2026-02-27 11:28:39,800 - root - INFO - Epoch [97/10000],
2026-02-27 11:28:39,800 - root - INFO - Train Results | R²: 0.5805 | RMSE: 0.6273 | IC: 0.8570 | RankIC: 0.9175
2026-02-27 11:28:39,800 - root - INFO - Valid Results | R²: 0.4350 | RMSE: 0.7461 | IC: 0.7782 | RankIC: 0.8719
2026-02-27 11:28:39,835 - root - INFO - Best model saved at epoch 98 with validation R2: 0.4386
2026-02-27 11:28:39,835 - root - INFO - Epoch [98/10000],
2026-02-27 11:28:39,836 - root - INFO - Train Results | R²: 0.5830 | RMSE: 0.6254 | IC: 0.8559 | RankIC: 0.9073
2026-02-27 11:28:39,836 - root - INFO - Valid Results | R²: 0.4386 | RMSE: 0.7436 | IC: 0.7814 | RankIC: 0.8719
2026-02-27 11:28:39,876 - root - INFO - Best model saved at epoch 99 with validation R2: 0.4399
2026-02-27 11:28:39,877 - root - INFO - Epoch [99/10000],
2026-02-27 11:28:39,877 - root - INFO - Train Results | R²: 0.5871 | RMSE: 0.6223 | IC: 0.8592 | RankIC: 0.9201
2026-02-27 11:28:39,877 - root - INFO - Valid Results | R²: 0.4399 | RMSE: 0.7428 | IC: 0.7811 | RankIC: 0.8789
2026-02-27 11:28:39,910 - root - INFO - Best model saved at epoch 100 with validation R2: 0.4424
2026-02-27 11:28:39,910 - root - INFO - Epoch [100/10000],
2026-02-27 11:28:39,910 - root - INFO - Train Results | R²: 0.5908 | RMSE: 0.6195 | IC: 0.8629 | RankIC: 0.9116
2026-02-27 11:28:39,910 - root - INFO - Valid Results | R²: 0.4424 | RMSE: 0.7411 | IC: 0.7808 | RankIC: 0.8702
2026-02-27 11:28:39,939 - root - INFO - Best model saved at epoch 101 with validation R2: 0.4440
2026-02-27 11:28:39,939 - root - INFO - Epoch [101/10000],
2026-02-27 11:28:39,940 - root - INFO - Train Results | R²: 0.5959 | RMSE: 0.6157 | IC: 0.8637 | RankIC: 0.9251
2026-02-27 11:28:39,940 - root - INFO - Valid Results | R²: 0.4440 | RMSE: 0.7401 | IC: 0.7817 | RankIC: 0.8632
2026-02-27 11:28:39,968 - root - INFO - Best model saved at epoch 102 with validation R2: 0.4484
2026-02-27 11:28:39,968 - root - INFO - Epoch [102/10000],
2026-02-27 11:28:39,969 - root - INFO - Train Results | R²: 0.5955 | RMSE: 0.6160 | IC: 0.8624 | RankIC: 0.9073
2026-02-27 11:28:39,969 - root - INFO - Valid Results | R²: 0.4484 | RMSE: 0.7371 | IC: 0.7818 | RankIC: 0.8719
2026-02-27 11:28:40,010 - root - INFO - Best model saved at epoch 103 with validation R2: 0.4517
2026-02-27 11:28:40,011 - root - INFO - Epoch [103/10000],
2026-02-27 11:28:40,011 - root - INFO - Train Results | R²: 0.5998 | RMSE: 0.6127 | IC: 0.8642 | RankIC: 0.9161
2026-02-27 11:28:40,011 - root - INFO - Valid Results | R²: 0.4517 | RMSE: 0.7349 | IC: 0.7832 | RankIC: 0.8719
2026-02-27 11:28:40,043 - root - INFO - Best model saved at epoch 104 with validation R2: 0.4533
2026-02-27 11:28:40,043 - root - INFO - Epoch [104/10000],
2026-02-27 11:28:40,043 - root - INFO - Train Results | R²: 0.6028 | RMSE: 0.6104 | IC: 0.8678 | RankIC: 0.9180
2026-02-27 11:28:40,044 - root - INFO - Valid Results | R²: 0.4533 | RMSE: 0.7338 | IC: 0.7817 | RankIC: 0.8719
2026-02-27 11:28:40,070 - root - INFO - Epoch [105/10000],
2026-02-27 11:28:40,071 - root - INFO - Train Results | R²: 0.6072 | RMSE: 0.6070 | IC: 0.8689 | RankIC: 0.9075
2026-02-27 11:28:40,071 - root - INFO - Valid Results | R²: 0.4533 | RMSE: 0.7339 | IC: 0.7804 | RankIC: 0.8632
2026-02-27 11:28:40,102 - root - INFO - Best model saved at epoch 106 with validation R2: 0.4591
2026-02-27 11:28:40,102 - root - INFO - Epoch [106/10000],
2026-02-27 11:28:40,102 - root - INFO - Train Results | R²: 0.6077 | RMSE: 0.6066 | IC: 0.8678 | RankIC: 0.9066
2026-02-27 11:28:40,103 - root - INFO - Valid Results | R²: 0.4591 | RMSE: 0.7299 | IC: 0.7858 | RankIC: 0.8789
2026-02-27 11:28:40,136 - root - INFO - Best model saved at epoch 107 with validation R2: 0.4602
2026-02-27 11:28:40,136 - root - INFO - Epoch [107/10000],
2026-02-27 11:28:40,137 - root - INFO - Train Results | R²: 0.6115 | RMSE: 0.6037 | IC: 0.8695 | RankIC: 0.9203
2026-02-27 11:28:40,137 - root - INFO - Valid Results | R²: 0.4602 | RMSE: 0.7292 | IC: 0.7847 | RankIC: 0.8632
2026-02-27 11:28:40,167 - root - INFO - Best model saved at epoch 108 with validation R2: 0.4637
2026-02-27 11:28:40,167 - root - INFO - Epoch [108/10000],
2026-02-27 11:28:40,167 - root - INFO - Train Results | R²: 0.6155 | RMSE: 0.6006 | IC: 0.8700 | RankIC: 0.9163
2026-02-27 11:28:40,167 - root - INFO - Valid Results | R²: 0.4637 | RMSE: 0.7268 | IC: 0.7841 | RankIC: 0.8632
2026-02-27 11:28:40,199 - root - INFO - Best model saved at epoch 109 with validation R2: 0.4670
2026-02-27 11:28:40,199 - root - INFO - Epoch [109/10000],
2026-02-27 11:28:40,199 - root - INFO - Train Results | R²: 0.6206 | RMSE: 0.5966 | IC: 0.8735 | RankIC: 0.9194
2026-02-27 11:28:40,199 - root - INFO - Valid Results | R²: 0.4670 | RMSE: 0.7246 | IC: 0.7854 | RankIC: 0.8772
2026-02-27 11:28:40,231 - root - INFO - Best model saved at epoch 110 with validation R2: 0.4682
2026-02-27 11:28:40,232 - root - INFO - Epoch [110/10000],
2026-02-27 11:28:40,232 - root - INFO - Train Results | R²: 0.6228 | RMSE: 0.5948 | IC: 0.8733 | RankIC: 0.9189
2026-02-27 11:28:40,232 - root - INFO - Valid Results | R²: 0.4682 | RMSE: 0.7238 | IC: 0.7856 | RankIC: 0.8702
2026-02-27 11:28:40,274 - root - INFO - Best model saved at epoch 111 with validation R2: 0.4698
2026-02-27 11:28:40,274 - root - INFO - Epoch [111/10000],
2026-02-27 11:28:40,274 - root - INFO - Train Results | R²: 0.6247 | RMSE: 0.5933 | IC: 0.8733 | RankIC: 0.9149
2026-02-27 11:28:40,275 - root - INFO - Valid Results | R²: 0.4698 | RMSE: 0.7227 | IC: 0.7864 | RankIC: 0.8719
2026-02-27 11:28:40,310 - root - INFO - Best model saved at epoch 112 with validation R2: 0.4715
2026-02-27 11:28:40,311 - root - INFO - Epoch [112/10000],
2026-02-27 11:28:40,311 - root - INFO - Train Results | R²: 0.6289 | RMSE: 0.5900 | IC: 0.8758 | RankIC: 0.9196
2026-02-27 11:28:40,311 - root - INFO - Valid Results | R²: 0.4715 | RMSE: 0.7215 | IC: 0.7862 | RankIC: 0.8789
2026-02-27 11:28:40,346 - root - INFO - Best model saved at epoch 113 with validation R2: 0.4743
2026-02-27 11:28:40,347 - root - INFO - Epoch [113/10000],
2026-02-27 11:28:40,347 - root - INFO - Train Results | R²: 0.6340 | RMSE: 0.5859 | IC: 0.8781 | RankIC: 0.9244
2026-02-27 11:28:40,347 - root - INFO - Valid Results | R²: 0.4743 | RMSE: 0.7196 | IC: 0.7862 | RankIC: 0.8719
2026-02-27 11:28:40,381 - root - INFO - Best model saved at epoch 114 with validation R2: 0.4774
2026-02-27 11:28:40,381 - root - INFO - Epoch [114/10000],
2026-02-27 11:28:40,381 - root - INFO - Train Results | R²: 0.6351 | RMSE: 0.5851 | IC: 0.8766 | RankIC: 0.9144
2026-02-27 11:28:40,382 - root - INFO - Valid Results | R²: 0.4774 | RMSE: 0.7175 | IC: 0.7891 | RankIC: 0.8789
2026-02-27 11:28:40,417 - root - INFO - Best model saved at epoch 115 with validation R2: 0.4797
2026-02-27 11:28:40,417 - root - INFO - Epoch [115/10000],
2026-02-27 11:28:40,418 - root - INFO - Train Results | R²: 0.6395 | RMSE: 0.5815 | IC: 0.8787 | RankIC: 0.9196
2026-02-27 11:28:40,418 - root - INFO - Valid Results | R²: 0.4797 | RMSE: 0.7159 | IC: 0.7889 | RankIC: 0.8772
2026-02-27 11:28:40,448 - root - INFO - Best model saved at epoch 116 with validation R2: 0.4835
2026-02-27 11:28:40,449 - root - INFO - Epoch [116/10000],
2026-02-27 11:28:40,449 - root - INFO - Train Results | R²: 0.6438 | RMSE: 0.5780 | IC: 0.8809 | RankIC: 0.9201
2026-02-27 11:28:40,449 - root - INFO - Valid Results | R²: 0.4835 | RMSE: 0.7133 | IC: 0.7909 | RankIC: 0.8754
2026-02-27 11:28:40,478 - root - INFO - Best model saved at epoch 117 with validation R2: 0.4859
2026-02-27 11:28:40,479 - root - INFO - Epoch [117/10000],
2026-02-27 11:28:40,479 - root - INFO - Train Results | R²: 0.6471 | RMSE: 0.5754 | IC: 0.8814 | RankIC: 0.9135
2026-02-27 11:28:40,479 - root - INFO - Valid Results | R²: 0.4859 | RMSE: 0.7117 | IC: 0.7914 | RankIC: 0.8842
2026-02-27 11:28:40,521 - root - INFO - Epoch [118/10000],
2026-02-27 11:28:40,521 - root - INFO - Train Results | R²: 0.6496 | RMSE: 0.5733 | IC: 0.8823 | RankIC: 0.9220
2026-02-27 11:28:40,521 - root - INFO - Valid Results | R²: 0.4857 | RMSE: 0.7117 | IC: 0.7905 | RankIC: 0.8895
2026-02-27 11:28:40,555 - root - INFO - Best model saved at epoch 119 with validation R2: 0.4880
2026-02-27 11:28:40,556 - root - INFO - Epoch [119/10000],
2026-02-27 11:28:40,556 - root - INFO - Train Results | R²: 0.6544 | RMSE: 0.5694 | IC: 0.8837 | RankIC: 0.9161
2026-02-27 11:28:40,556 - root - INFO - Valid Results | R²: 0.4880 | RMSE: 0.7102 | IC: 0.7921 | RankIC: 0.8719
2026-02-27 11:28:40,588 - root - INFO - Best model saved at epoch 120 with validation R2: 0.4927
2026-02-27 11:28:40,588 - root - INFO - Epoch [120/10000],
2026-02-27 11:28:40,589 - root - INFO - Train Results | R²: 0.6611 | RMSE: 0.5638 | IC: 0.8861 | RankIC: 0.9227
2026-02-27 11:28:40,589 - root - INFO - Valid Results | R²: 0.4927 | RMSE: 0.7069 | IC: 0.7945 | RankIC: 0.8772
2026-02-27 11:28:40,625 - root - INFO - Epoch [121/10000],
2026-02-27 11:28:40,625 - root - INFO - Train Results | R²: 0.6630 | RMSE: 0.5622 | IC: 0.8856 | RankIC: 0.9211
2026-02-27 11:28:40,626 - root - INFO - Valid Results | R²: 0.4927 | RMSE: 0.7069 | IC: 0.7952 | RankIC: 0.8754
2026-02-27 11:28:40,656 - root - INFO - Best model saved at epoch 122 with validation R2: 0.4973
2026-02-27 11:28:40,657 - root - INFO - Epoch [122/10000],
2026-02-27 11:28:40,657 - root - INFO - Train Results | R²: 0.6686 | RMSE: 0.5575 | IC: 0.8877 | RankIC: 0.9237
2026-02-27 11:28:40,657 - root - INFO - Valid Results | R²: 0.4973 | RMSE: 0.7037 | IC: 0.7966 | RankIC: 0.9070
2026-02-27 11:28:40,687 - root - INFO - Best model saved at epoch 123 with validation R2: 0.4998
2026-02-27 11:28:40,688 - root - INFO - Epoch [123/10000],
2026-02-27 11:28:40,688 - root - INFO - Train Results | R²: 0.6701 | RMSE: 0.5563 | IC: 0.8868 | RankIC: 0.9203
2026-02-27 11:28:40,688 - root - INFO - Valid Results | R²: 0.4998 | RMSE: 0.7020 | IC: 0.7972 | RankIC: 0.8842
2026-02-27 11:28:40,721 - root - INFO - Best model saved at epoch 124 with validation R2: 0.5024
2026-02-27 11:28:40,721 - root - INFO - Epoch [124/10000],
2026-02-27 11:28:40,722 - root - INFO - Train Results | R²: 0.6763 | RMSE: 0.5510 | IC: 0.8885 | RankIC: 0.9132
2026-02-27 11:28:40,722 - root - INFO - Valid Results | R²: 0.5024 | RMSE: 0.7001 | IC: 0.7989 | RankIC: 0.8842
2026-02-27 11:28:40,763 - root - INFO - Best model saved at epoch 125 with validation R2: 0.5033
2026-02-27 11:28:40,763 - root - INFO - Epoch [125/10000],
2026-02-27 11:28:40,764 - root - INFO - Train Results | R²: 0.6809 | RMSE: 0.5471 | IC: 0.8904 | RankIC: 0.9192
2026-02-27 11:28:40,764 - root - INFO - Valid Results | R²: 0.5033 | RMSE: 0.6995 | IC: 0.7984 | RankIC: 0.8737
2026-02-27 11:28:40,799 - root - INFO - Best model saved at epoch 126 with validation R2: 0.5084
2026-02-27 11:28:40,799 - root - INFO - Epoch [126/10000],
2026-02-27 11:28:40,799 - root - INFO - Train Results | R²: 0.6847 | RMSE: 0.5438 | IC: 0.8902 | RankIC: 0.9175
2026-02-27 11:28:40,799 - root - INFO - Valid Results | R²: 0.5084 | RMSE: 0.6959 | IC: 0.8005 | RankIC: 0.8895
2026-02-27 11:28:40,832 - root - INFO - Best model saved at epoch 127 with validation R2: 0.5126
2026-02-27 11:28:40,832 - root - INFO - Epoch [127/10000],
2026-02-27 11:28:40,832 - root - INFO - Train Results | R²: 0.6919 | RMSE: 0.5376 | IC: 0.8926 | RankIC: 0.9225
2026-02-27 11:28:40,833 - root - INFO - Valid Results | R²: 0.5126 | RMSE: 0.6929 | IC: 0.8021 | RankIC: 0.8895
2026-02-27 11:28:40,864 - root - INFO - Best model saved at epoch 128 with validation R2: 0.5140
2026-02-27 11:28:40,864 - root - INFO - Epoch [128/10000],
2026-02-27 11:28:40,865 - root - INFO - Train Results | R²: 0.6942 | RMSE: 0.5356 | IC: 0.8914 | RankIC: 0.9229
2026-02-27 11:28:40,865 - root - INFO - Valid Results | R²: 0.5140 | RMSE: 0.6919 | IC: 0.8031 | RankIC: 0.8947
2026-02-27 11:28:40,896 - root - INFO - Best model saved at epoch 129 with validation R2: 0.5178
2026-02-27 11:28:40,896 - root - INFO - Epoch [129/10000],
2026-02-27 11:28:40,896 - root - INFO - Train Results | R²: 0.7001 | RMSE: 0.5304 | IC: 0.8933 | RankIC: 0.9234
2026-02-27 11:28:40,896 - root - INFO - Valid Results | R²: 0.5178 | RMSE: 0.6892 | IC: 0.8040 | RankIC: 0.8895
2026-02-27 11:28:40,927 - root - INFO - Best model saved at epoch 130 with validation R2: 0.5199
2026-02-27 11:28:40,928 - root - INFO - Epoch [130/10000],
2026-02-27 11:28:40,928 - root - INFO - Train Results | R²: 0.7082 | RMSE: 0.5232 | IC: 0.8966 | RankIC: 0.9291
2026-02-27 11:28:40,928 - root - INFO - Valid Results | R²: 0.5199 | RMSE: 0.6877 | IC: 0.8042 | RankIC: 0.8842
2026-02-27 11:28:40,956 - root - INFO - Best model saved at epoch 131 with validation R2: 0.5231
2026-02-27 11:28:40,957 - root - INFO - Epoch [131/10000],
2026-02-27 11:28:40,957 - root - INFO - Train Results | R²: 0.7119 | RMSE: 0.5199 | IC: 0.8958 | RankIC: 0.9222
2026-02-27 11:28:40,957 - root - INFO - Valid Results | R²: 0.5231 | RMSE: 0.6854 | IC: 0.8060 | RankIC: 0.8895
2026-02-27 11:28:40,995 - root - INFO - Best model saved at epoch 132 with validation R2: 0.5267
2026-02-27 11:28:40,996 - root - INFO - Epoch [132/10000],
2026-02-27 11:28:40,996 - root - INFO - Train Results | R²: 0.7158 | RMSE: 0.5163 | IC: 0.8965 | RankIC: 0.9241
2026-02-27 11:28:40,996 - root - INFO - Valid Results | R²: 0.5267 | RMSE: 0.6828 | IC: 0.8076 | RankIC: 0.9035
2026-02-27 11:28:41,029 - root - INFO - Best model saved at epoch 133 with validation R2: 0.5320
2026-02-27 11:28:41,030 - root - INFO - Epoch [133/10000],
2026-02-27 11:28:41,030 - root - INFO - Train Results | R²: 0.7241 | RMSE: 0.5088 | IC: 0.8987 | RankIC: 0.9267
2026-02-27 11:28:41,030 - root - INFO - Valid Results | R²: 0.5320 | RMSE: 0.6790 | IC: 0.8108 | RankIC: 0.8965
2026-02-27 11:28:41,066 - root - INFO - Best model saved at epoch 134 with validation R2: 0.5328
2026-02-27 11:28:41,067 - root - INFO - Epoch [134/10000],
2026-02-27 11:28:41,067 - root - INFO - Train Results | R²: 0.7288 | RMSE: 0.5044 | IC: 0.8995 | RankIC: 0.9270
2026-02-27 11:28:41,067 - root - INFO - Valid Results | R²: 0.5328 | RMSE: 0.6784 | IC: 0.8122 | RankIC: 0.9053
2026-02-27 11:28:41,117 - root - INFO - Best model saved at epoch 135 with validation R2: 0.5362
2026-02-27 11:28:41,118 - root - INFO - Epoch [135/10000],
2026-02-27 11:28:41,118 - root - INFO - Train Results | R²: 0.7326 | RMSE: 0.5008 | IC: 0.9007 | RankIC: 0.9265
2026-02-27 11:28:41,118 - root - INFO - Valid Results | R²: 0.5362 | RMSE: 0.6759 | IC: 0.8110 | RankIC: 0.8895
2026-02-27 11:28:41,153 - root - INFO - Best model saved at epoch 136 with validation R2: 0.5418
2026-02-27 11:28:41,153 - root - INFO - Epoch [136/10000],
2026-02-27 11:28:41,154 - root - INFO - Train Results | R²: 0.7351 | RMSE: 0.4985 | IC: 0.8984 | RankIC: 0.9232
2026-02-27 11:28:41,154 - root - INFO - Valid Results | R²: 0.5418 | RMSE: 0.6718 | IC: 0.8150 | RankIC: 0.9035
2026-02-27 11:28:41,189 - root - INFO - Best model saved at epoch 137 with validation R2: 0.5466
2026-02-27 11:28:41,190 - root - INFO - Epoch [137/10000],
2026-02-27 11:28:41,190 - root - INFO - Train Results | R²: 0.7435 | RMSE: 0.4905 | IC: 0.9020 | RankIC: 0.9265
2026-02-27 11:28:41,190 - root - INFO - Valid Results | R²: 0.5466 | RMSE: 0.6683 | IC: 0.8165 | RankIC: 0.9035
2026-02-27 11:28:41,222 - root - INFO - Best model saved at epoch 138 with validation R2: 0.5496
2026-02-27 11:28:41,222 - root - INFO - Epoch [138/10000],
2026-02-27 11:28:41,223 - root - INFO - Train Results | R²: 0.7502 | RMSE: 0.4841 | IC: 0.9041 | RankIC: 0.9291
2026-02-27 11:28:41,223 - root - INFO - Valid Results | R²: 0.5496 | RMSE: 0.6660 | IC: 0.8176 | RankIC: 0.9035
2026-02-27 11:28:41,261 - root - INFO - Best model saved at epoch 139 with validation R2: 0.5512
2026-02-27 11:28:41,261 - root - INFO - Epoch [139/10000],
2026-02-27 11:28:41,262 - root - INFO - Train Results | R²: 0.7571 | RMSE: 0.4774 | IC: 0.9053 | RankIC: 0.9459
2026-02-27 11:28:41,262 - root - INFO - Valid Results | R²: 0.5512 | RMSE: 0.6649 | IC: 0.8181 | RankIC: 0.8895
2026-02-27 11:28:41,296 - root - INFO - Best model saved at epoch 140 with validation R2: 0.5543
2026-02-27 11:28:41,296 - root - INFO - Epoch [140/10000],
2026-02-27 11:28:41,296 - root - INFO - Train Results | R²: 0.7596 | RMSE: 0.4749 | IC: 0.9041 | RankIC: 0.9277
2026-02-27 11:28:41,297 - root - INFO - Valid Results | R²: 0.5543 | RMSE: 0.6626 | IC: 0.8192 | RankIC: 0.9035
2026-02-27 11:28:41,327 - root - INFO - Best model saved at epoch 141 with validation R2: 0.5588
2026-02-27 11:28:41,328 - root - INFO - Epoch [141/10000],
2026-02-27 11:28:41,328 - root - INFO - Train Results | R²: 0.7634 | RMSE: 0.4711 | IC: 0.9052 | RankIC: 0.9282
2026-02-27 11:28:41,328 - root - INFO - Valid Results | R²: 0.5588 | RMSE: 0.6593 | IC: 0.8222 | RankIC: 0.8947
2026-02-27 11:28:41,363 - root - INFO - Best model saved at epoch 142 with validation R2: 0.5609
2026-02-27 11:28:41,363 - root - INFO - Epoch [142/10000],
2026-02-27 11:28:41,363 - root - INFO - Train Results | R²: 0.7715 | RMSE: 0.4630 | IC: 0.9055 | RankIC: 0.9346
2026-02-27 11:28:41,364 - root - INFO - Valid Results | R²: 0.5609 | RMSE: 0.6577 | IC: 0.8223 | RankIC: 0.9123
2026-02-27 11:28:41,401 - root - INFO - Best model saved at epoch 143 with validation R2: 0.5658
2026-02-27 11:28:41,402 - root - INFO - Epoch [143/10000],
2026-02-27 11:28:41,402 - root - INFO - Train Results | R²: 0.7737 | RMSE: 0.4608 | IC: 0.9060 | RankIC: 0.9379
2026-02-27 11:28:41,402 - root - INFO - Valid Results | R²: 0.5658 | RMSE: 0.6540 | IC: 0.8233 | RankIC: 0.9053
2026-02-27 11:28:41,435 - root - INFO - Best model saved at epoch 144 with validation R2: 0.5691
2026-02-27 11:28:41,435 - root - INFO - Epoch [144/10000],
2026-02-27 11:28:41,435 - root - INFO - Train Results | R²: 0.7770 | RMSE: 0.4573 | IC: 0.9054 | RankIC: 0.9315
2026-02-27 11:28:41,435 - root - INFO - Valid Results | R²: 0.5691 | RMSE: 0.6515 | IC: 0.8260 | RankIC: 0.9070
2026-02-27 11:28:41,465 - root - INFO - Best model saved at epoch 145 with validation R2: 0.5723
2026-02-27 11:28:41,465 - root - INFO - Epoch [145/10000],
2026-02-27 11:28:41,466 - root - INFO - Train Results | R²: 0.7856 | RMSE: 0.4485 | IC: 0.9073 | RankIC: 0.9346
2026-02-27 11:28:41,466 - root - INFO - Valid Results | R²: 0.5723 | RMSE: 0.6491 | IC: 0.8274 | RankIC: 0.8912
2026-02-27 11:28:41,495 - root - INFO - Best model saved at epoch 146 with validation R2: 0.5755
2026-02-27 11:28:41,496 - root - INFO - Epoch [146/10000],
2026-02-27 11:28:41,496 - root - INFO - Train Results | R²: 0.7896 | RMSE: 0.4442 | IC: 0.9086 | RankIC: 0.9369
2026-02-27 11:28:41,496 - root - INFO - Valid Results | R²: 0.5755 | RMSE: 0.6466 | IC: 0.8281 | RankIC: 0.8982
2026-02-27 11:28:41,525 - root - INFO - Best model saved at epoch 147 with validation R2: 0.5766
2026-02-27 11:28:41,526 - root - INFO - Epoch [147/10000],
2026-02-27 11:28:41,526 - root - INFO - Train Results | R²: 0.7935 | RMSE: 0.4401 | IC: 0.9082 | RankIC: 0.9391
2026-02-27 11:28:41,526 - root - INFO - Valid Results | R²: 0.5766 | RMSE: 0.6458 | IC: 0.8286 | RankIC: 0.9140
2026-02-27 11:28:41,558 - root - INFO - Best model saved at epoch 148 with validation R2: 0.5813
2026-02-27 11:28:41,559 - root - INFO - Epoch [148/10000],
2026-02-27 11:28:41,559 - root - INFO - Train Results | R²: 0.7969 | RMSE: 0.4365 | IC: 0.9091 | RankIC: 0.9419
2026-02-27 11:28:41,559 - root - INFO - Valid Results | R²: 0.5813 | RMSE: 0.6422 | IC: 0.8317 | RankIC: 0.9246
2026-02-27 11:28:41,593 - root - INFO - Best model saved at epoch 149 with validation R2: 0.5823
2026-02-27 11:28:41,593 - root - INFO - Epoch [149/10000],
2026-02-27 11:28:41,594 - root - INFO - Train Results | R²: 0.8011 | RMSE: 0.4319 | IC: 0.9094 | RankIC: 0.9459
2026-02-27 11:28:41,594 - root - INFO - Valid Results | R²: 0.5823 | RMSE: 0.6414 | IC: 0.8314 | RankIC: 0.9105
2026-02-27 11:28:41,626 - root - INFO - Best model saved at epoch 150 with validation R2: 0.5872
2026-02-27 11:28:41,626 - root - INFO - Epoch [150/10000],
2026-02-27 11:28:41,627 - root - INFO - Train Results | R²: 0.8073 | RMSE: 0.4251 | IC: 0.9119 | RankIC: 0.9507
2026-02-27 11:28:41,627 - root - INFO - Valid Results | R²: 0.5872 | RMSE: 0.6377 | IC: 0.8332 | RankIC: 0.9228
2026-02-27 11:28:41,658 - root - INFO - Best model saved at epoch 151 with validation R2: 0.5907
2026-02-27 11:28:41,659 - root - INFO - Epoch [151/10000],
2026-02-27 11:28:41,659 - root - INFO - Train Results | R²: 0.8139 | RMSE: 0.4178 | IC: 0.9141 | RankIC: 0.9535
2026-02-27 11:28:41,659 - root - INFO - Valid Results | R²: 0.5907 | RMSE: 0.6350 | IC: 0.8365 | RankIC: 0.9105
2026-02-27 11:28:41,689 - root - INFO - Best model saved at epoch 152 with validation R2: 0.5916
2026-02-27 11:28:41,689 - root - INFO - Epoch [152/10000],
2026-02-27 11:28:41,689 - root - INFO - Train Results | R²: 0.8163 | RMSE: 0.4151 | IC: 0.9138 | RankIC: 0.9573
2026-02-27 11:28:41,689 - root - INFO - Valid Results | R²: 0.5916 | RMSE: 0.6343 | IC: 0.8367 | RankIC: 0.9193
2026-02-27 11:28:41,719 - root - INFO - Best model saved at epoch 153 with validation R2: 0.5961
2026-02-27 11:28:41,719 - root - INFO - Epoch [153/10000],
2026-02-27 11:28:41,719 - root - INFO - Train Results | R²: 0.8179 | RMSE: 0.4134 | IC: 0.9132 | RankIC: 0.9599
2026-02-27 11:28:41,720 - root - INFO - Valid Results | R²: 0.5961 | RMSE: 0.6307 | IC: 0.8384 | RankIC: 0.9263
2026-02-27 11:28:41,751 - root - INFO - Best model saved at epoch 154 with validation R2: 0.5987
2026-02-27 11:28:41,752 - root - INFO - Epoch [154/10000],
2026-02-27 11:28:41,752 - root - INFO - Train Results | R²: 0.8215 | RMSE: 0.4092 | IC: 0.9141 | RankIC: 0.9531
2026-02-27 11:28:41,752 - root - INFO - Valid Results | R²: 0.5987 | RMSE: 0.6288 | IC: 0.8398 | RankIC: 0.9298
2026-02-27 11:28:41,782 - root - INFO - Epoch [155/10000],
2026-02-27 11:28:41,782 - root - INFO - Train Results | R²: 0.8229 | RMSE: 0.4076 | IC: 0.9143 | RankIC: 0.9552
2026-02-27 11:28:41,782 - root - INFO - Valid Results | R²: 0.5987 | RMSE: 0.6288 | IC: 0.8386 | RankIC: 0.9175
2026-02-27 11:28:41,815 - root - INFO - Best model saved at epoch 156 with validation R2: 0.6019
2026-02-27 11:28:41,816 - root - INFO - Epoch [156/10000],
2026-02-27 11:28:41,816 - root - INFO - Train Results | R²: 0.8303 | RMSE: 0.3990 | IC: 0.9169 | RankIC: 0.9542
2026-02-27 11:28:41,816 - root - INFO - Valid Results | R²: 0.6019 | RMSE: 0.6262 | IC: 0.8402 | RankIC: 0.9263
2026-02-27 11:28:41,847 - root - INFO - Best model saved at epoch 157 with validation R2: 0.6024
2026-02-27 11:28:41,848 - root - INFO - Epoch [157/10000],
2026-02-27 11:28:41,848 - root - INFO - Train Results | R²: 0.8292 | RMSE: 0.4002 | IC: 0.9153 | RankIC: 0.9505
2026-02-27 11:28:41,848 - root - INFO - Valid Results | R²: 0.6024 | RMSE: 0.6259 | IC: 0.8407 | RankIC: 0.9263
2026-02-27 11:28:41,885 - root - INFO - Best model saved at epoch 158 with validation R2: 0.6075
2026-02-27 11:28:41,885 - root - INFO - Epoch [158/10000],
2026-02-27 11:28:41,886 - root - INFO - Train Results | R²: 0.8341 | RMSE: 0.3945 | IC: 0.9174 | RankIC: 0.9564
2026-02-27 11:28:41,886 - root - INFO - Valid Results | R²: 0.6075 | RMSE: 0.6218 | IC: 0.8437 | RankIC: 0.9333
2026-02-27 11:28:41,928 - root - INFO - Epoch [159/10000],
2026-02-27 11:28:41,929 - root - INFO - Train Results | R²: 0.8334 | RMSE: 0.3953 | IC: 0.9165 | RankIC: 0.9545
2026-02-27 11:28:41,929 - root - INFO - Valid Results | R²: 0.6069 | RMSE: 0.6223 | IC: 0.8436 | RankIC: 0.9281
2026-02-27 11:28:41,961 - root - INFO - Epoch [160/10000],
2026-02-27 11:28:41,961 - root - INFO - Train Results | R²: 0.8379 | RMSE: 0.3900 | IC: 0.9182 | RankIC: 0.9587
2026-02-27 11:28:41,962 - root - INFO - Valid Results | R²: 0.6076 | RMSE: 0.6217 | IC: 0.8435 | RankIC: 0.9263
2026-02-27 11:28:41,994 - root - INFO - Epoch [161/10000],
2026-02-27 11:28:41,994 - root - INFO - Train Results | R²: 0.8392 | RMSE: 0.3883 | IC: 0.9187 | RankIC: 0.9592
2026-02-27 11:28:41,994 - root - INFO - Valid Results | R²: 0.6069 | RMSE: 0.6223 | IC: 0.8437 | RankIC: 0.9246
2026-02-27 11:28:42,030 - root - INFO - Best model saved at epoch 162 with validation R2: 0.6118
2026-02-27 11:28:42,030 - root - INFO - Epoch [162/10000],
2026-02-27 11:28:42,031 - root - INFO - Train Results | R²: 0.8439 | RMSE: 0.3826 | IC: 0.9205 | RankIC: 0.9559
2026-02-27 11:28:42,031 - root - INFO - Valid Results | R²: 0.6118 | RMSE: 0.6184 | IC: 0.8458 | RankIC: 0.9351
2026-02-27 11:28:42,065 - root - INFO - Best model saved at epoch 163 with validation R2: 0.6123
2026-02-27 11:28:42,065 - root - INFO - Epoch [163/10000],
2026-02-27 11:28:42,065 - root - INFO - Train Results | R²: 0.8405 | RMSE: 0.3868 | IC: 0.9186 | RankIC: 0.9583
2026-02-27 11:28:42,065 - root - INFO - Valid Results | R²: 0.6123 | RMSE: 0.6179 | IC: 0.8456 | RankIC: 0.9333
2026-02-27 11:28:42,096 - root - INFO - Epoch [164/10000],
2026-02-27 11:28:42,096 - root - INFO - Train Results | R²: 0.8469 | RMSE: 0.3790 | IC: 0.9215 | RankIC: 0.9585
2026-02-27 11:28:42,097 - root - INFO - Valid Results | R²: 0.6117 | RMSE: 0.6184 | IC: 0.8454 | RankIC: 0.9246
2026-02-27 11:28:42,127 - root - INFO - Best model saved at epoch 165 with validation R2: 0.6130
2026-02-27 11:28:42,127 - root - INFO - Epoch [165/10000],
2026-02-27 11:28:42,127 - root - INFO - Train Results | R²: 0.8447 | RMSE: 0.3817 | IC: 0.9201 | RankIC: 0.9535
2026-02-27 11:28:42,127 - root - INFO - Valid Results | R²: 0.6130 | RMSE: 0.6174 | IC: 0.8456 | RankIC: 0.9368
2026-02-27 11:28:42,159 - root - INFO - Epoch [166/10000],
2026-02-27 11:28:42,159 - root - INFO - Train Results | R²: 0.8534 | RMSE: 0.3708 | IC: 0.9247 | RankIC: 0.9571
2026-02-27 11:28:42,160 - root - INFO - Valid Results | R²: 0.6130 | RMSE: 0.6174 | IC: 0.8473 | RankIC: 0.9368
2026-02-27 11:28:42,192 - root - INFO - Epoch [167/10000],
2026-02-27 11:28:42,193 - root - INFO - Train Results | R²: 0.8542 | RMSE: 0.3698 | IC: 0.9250 | RankIC: 0.9616
2026-02-27 11:28:42,193 - root - INFO - Valid Results | R²: 0.6112 | RMSE: 0.6189 | IC: 0.8481 | RankIC: 0.9298
2026-02-27 11:28:42,224 - root - INFO - Best model saved at epoch 168 with validation R2: 0.6167
2026-02-27 11:28:42,224 - root - INFO - Epoch [168/10000],
2026-02-27 11:28:42,224 - root - INFO - Train Results | R²: 0.8528 | RMSE: 0.3715 | IC: 0.9242 | RankIC: 0.9609
2026-02-27 11:28:42,224 - root - INFO - Valid Results | R²: 0.6167 | RMSE: 0.6145 | IC: 0.8514 | RankIC: 0.9351
2026-02-27 11:28:42,252 - root - INFO - Epoch [169/10000],
2026-02-27 11:28:42,252 - root - INFO - Train Results | R²: 0.8565 | RMSE: 0.3669 | IC: 0.9261 | RankIC: 0.9602
2026-02-27 11:28:42,254 - root - INFO - Valid Results | R²: 0.6149 | RMSE: 0.6159 | IC: 0.8488 | RankIC: 0.9281
2026-02-27 11:28:42,286 - root - INFO - Best model saved at epoch 170 with validation R2: 0.6175
2026-02-27 11:28:42,286 - root - INFO - Epoch [170/10000],
2026-02-27 11:28:42,286 - root - INFO - Train Results | R²: 0.8507 | RMSE: 0.3742 | IC: 0.9229 | RankIC: 0.9621
2026-02-27 11:28:42,286 - root - INFO - Valid Results | R²: 0.6175 | RMSE: 0.6138 | IC: 0.8515 | RankIC: 0.9263
2026-02-27 11:28:42,321 - root - INFO - Epoch [171/10000],
2026-02-27 11:28:42,322 - root - INFO - Train Results | R²: 0.8595 | RMSE: 0.3631 | IC: 0.9276 | RankIC: 0.9618
2026-02-27 11:28:42,322 - root - INFO - Valid Results | R²: 0.6164 | RMSE: 0.6147 | IC: 0.8513 | RankIC: 0.9351
2026-02-27 11:28:42,353 - root - INFO - Epoch [172/10000],
2026-02-27 11:28:42,353 - root - INFO - Train Results | R²: 0.8622 | RMSE: 0.3596 | IC: 0.9291 | RankIC: 0.9654
2026-02-27 11:28:42,354 - root - INFO - Valid Results | R²: 0.6172 | RMSE: 0.6141 | IC: 0.8516 | RankIC: 0.9281
2026-02-27 11:28:42,386 - root - INFO - Best model saved at epoch 173 with validation R2: 0.6200
2026-02-27 11:28:42,386 - root - INFO - Epoch [173/10000],
2026-02-27 11:28:42,386 - root - INFO - Train Results | R²: 0.8625 | RMSE: 0.3591 | IC: 0.9291 | RankIC: 0.9576
2026-02-27 11:28:42,387 - root - INFO - Valid Results | R²: 0.6200 | RMSE: 0.6118 | IC: 0.8517 | RankIC: 0.9175
2026-02-27 11:28:42,415 - root - INFO - Epoch [174/10000],
2026-02-27 11:28:42,415 - root - INFO - Train Results | R²: 0.8635 | RMSE: 0.3578 | IC: 0.9295 | RankIC: 0.9637
2026-02-27 11:28:42,416 - root - INFO - Valid Results | R²: 0.6158 | RMSE: 0.6152 | IC: 0.8500 | RankIC: 0.9193
2026-02-27 11:28:42,444 - root - INFO - Epoch [175/10000],
2026-02-27 11:28:42,444 - root - INFO - Train Results | R²: 0.8655 | RMSE: 0.3552 | IC: 0.9307 | RankIC: 0.9602
2026-02-27 11:28:42,444 - root - INFO - Valid Results | R²: 0.6175 | RMSE: 0.6138 | IC: 0.8514 | RankIC: 0.9246
2026-02-27 11:28:42,476 - root - INFO - Epoch [176/10000],
2026-02-27 11:28:42,476 - root - INFO - Train Results | R²: 0.8652 | RMSE: 0.3556 | IC: 0.9304 | RankIC: 0.9614
2026-02-27 11:28:42,476 - root - INFO - Valid Results | R²: 0.6160 | RMSE: 0.6150 | IC: 0.8517 | RankIC: 0.9053
2026-02-27 11:28:42,503 - root - INFO - Epoch [177/10000],
2026-02-27 11:28:42,505 - root - INFO - Train Results | R²: 0.8657 | RMSE: 0.3549 | IC: 0.9307 | RankIC: 0.9623
2026-02-27 11:28:42,505 - root - INFO - Valid Results | R²: 0.6188 | RMSE: 0.6128 | IC: 0.8538 | RankIC: 0.9193
2026-02-27 11:28:42,534 - root - INFO - Epoch [178/10000],
2026-02-27 11:28:42,535 - root - INFO - Train Results | R²: 0.8664 | RMSE: 0.3540 | IC: 0.9311 | RankIC: 0.9668
2026-02-27 11:28:42,535 - root - INFO - Valid Results | R²: 0.6187 | RMSE: 0.6129 | IC: 0.8537 | RankIC: 0.9193
2026-02-27 11:28:42,566 - root - INFO - Epoch [179/10000],
2026-02-27 11:28:42,566 - root - INFO - Train Results | R²: 0.8704 | RMSE: 0.3487 | IC: 0.9333 | RankIC: 0.9614
2026-02-27 11:28:42,566 - root - INFO - Valid Results | R²: 0.6175 | RMSE: 0.6138 | IC: 0.8524 | RankIC: 0.9281
2026-02-27 11:28:42,594 - root - INFO - Epoch [180/10000],
2026-02-27 11:28:42,594 - root - INFO - Train Results | R²: 0.8704 | RMSE: 0.3487 | IC: 0.9333 | RankIC: 0.9614
2026-02-27 11:28:42,594 - root - INFO - Valid Results | R²: 0.6193 | RMSE: 0.6124 | IC: 0.8538 | RankIC: 0.9193
2026-02-27 11:28:42,623 - root - INFO - Epoch [181/10000],
2026-02-27 11:28:42,623 - root - INFO - Train Results | R²: 0.8731 | RMSE: 0.3450 | IC: 0.9347 | RankIC: 0.9587
2026-02-27 11:28:42,623 - root - INFO - Valid Results | R²: 0.6155 | RMSE: 0.6154 | IC: 0.8537 | RankIC: 0.9140
2026-02-27 11:28:42,650 - root - INFO - Epoch [182/10000],
2026-02-27 11:28:42,650 - root - INFO - Train Results | R²: 0.8732 | RMSE: 0.3449 | IC: 0.9347 | RankIC: 0.9616
2026-02-27 11:28:42,650 - root - INFO - Valid Results | R²: 0.6195 | RMSE: 0.6123 | IC: 0.8546 | RankIC: 0.9193
2026-02-27 11:28:42,680 - root - INFO - Epoch [183/10000],
2026-02-27 11:28:42,680 - root - INFO - Train Results | R²: 0.8760 | RMSE: 0.3410 | IC: 0.9363 | RankIC: 0.9602
2026-02-27 11:28:42,680 - root - INFO - Valid Results | R²: 0.6178 | RMSE: 0.6136 | IC: 0.8553 | RankIC: 0.9211
2026-02-27 11:28:42,710 - root - INFO - Epoch [184/10000],
2026-02-27 11:28:42,711 - root - INFO - Train Results | R²: 0.8780 | RMSE: 0.3382 | IC: 0.9374 | RankIC: 0.9659
2026-02-27 11:28:42,711 - root - INFO - Valid Results | R²: 0.6186 | RMSE: 0.6130 | IC: 0.8566 | RankIC: 0.9140
2026-02-27 11:28:42,742 - root - INFO - Epoch [185/10000],
2026-02-27 11:28:42,743 - root - INFO - Train Results | R²: 0.8799 | RMSE: 0.3357 | IC: 0.9383 | RankIC: 0.9635
2026-02-27 11:28:42,743 - root - INFO - Valid Results | R²: 0.6139 | RMSE: 0.6167 | IC: 0.8531 | RankIC: 0.9035
2026-02-27 11:28:42,773 - root - INFO - Epoch [186/10000],
2026-02-27 11:28:42,773 - root - INFO - Train Results | R²: 0.8774 | RMSE: 0.3392 | IC: 0.9371 | RankIC: 0.9644
2026-02-27 11:28:42,773 - root - INFO - Valid Results | R²: 0.6119 | RMSE: 0.6183 | IC: 0.8538 | RankIC: 0.8982
2026-02-27 11:28:42,802 - root - INFO - Epoch [187/10000],
2026-02-27 11:28:42,802 - root - INFO - Train Results | R²: 0.8807 | RMSE: 0.3346 | IC: 0.9388 | RankIC: 0.9625
2026-02-27 11:28:42,802 - root - INFO - Valid Results | R²: 0.6154 | RMSE: 0.6155 | IC: 0.8540 | RankIC: 0.9123
2026-02-27 11:28:42,830 - root - INFO - Epoch [188/10000],
2026-02-27 11:28:42,831 - root - INFO - Train Results | R²: 0.8819 | RMSE: 0.3329 | IC: 0.9393 | RankIC: 0.9630
2026-02-27 11:28:42,831 - root - INFO - Valid Results | R²: 0.6185 | RMSE: 0.6130 | IC: 0.8561 | RankIC: 0.9175
2026-02-27 11:28:42,860 - root - INFO - Epoch [189/10000],
2026-02-27 11:28:42,861 - root - INFO - Train Results | R²: 0.8813 | RMSE: 0.3337 | IC: 0.9391 | RankIC: 0.9630
2026-02-27 11:28:42,861 - root - INFO - Valid Results | R²: 0.6183 | RMSE: 0.6132 | IC: 0.8558 | RankIC: 0.9193
2026-02-27 11:28:42,890 - root - INFO - Epoch [190/10000],
2026-02-27 11:28:42,891 - root - INFO - Train Results | R²: 0.8858 | RMSE: 0.3273 | IC: 0.9415 | RankIC: 0.9630
2026-02-27 11:28:42,891 - root - INFO - Valid Results | R²: 0.6178 | RMSE: 0.6136 | IC: 0.8550 | RankIC: 0.8965
2026-02-27 11:28:42,918 - root - INFO - Epoch [191/10000],
2026-02-27 11:28:42,919 - root - INFO - Train Results | R²: 0.8874 | RMSE: 0.3250 | IC: 0.9427 | RankIC: 0.9649
2026-02-27 11:28:42,919 - root - INFO - Valid Results | R²: 0.6175 | RMSE: 0.6138 | IC: 0.8567 | RankIC: 0.9193
2026-02-27 11:28:42,965 - root - INFO - Epoch [192/10000],
2026-02-27 11:28:42,965 - root - INFO - Train Results | R²: 0.8892 | RMSE: 0.3223 | IC: 0.9434 | RankIC: 0.9673
2026-02-27 11:28:42,966 - root - INFO - Valid Results | R²: 0.6185 | RMSE: 0.6130 | IC: 0.8562 | RankIC: 0.9000
2026-02-27 11:28:43,001 - root - INFO - Epoch [193/10000],
2026-02-27 11:28:43,001 - root - INFO - Train Results | R²: 0.8874 | RMSE: 0.3250 | IC: 0.9424 | RankIC: 0.9602
2026-02-27 11:28:43,002 - root - INFO - Valid Results | R²: 0.6169 | RMSE: 0.6143 | IC: 0.8562 | RankIC: 0.8982
2026-02-27 11:28:43,035 - root - INFO - Epoch [194/10000],
2026-02-27 11:28:43,036 - root - INFO - Train Results | R²: 0.8925 | RMSE: 0.3176 | IC: 0.9451 | RankIC: 0.9647
2026-02-27 11:28:43,036 - root - INFO - Valid Results | R²: 0.6180 | RMSE: 0.6134 | IC: 0.8571 | RankIC: 0.8930
2026-02-27 11:28:43,067 - root - INFO - Epoch [195/10000],
2026-02-27 11:28:43,067 - root - INFO - Train Results | R²: 0.8967 | RMSE: 0.3113 | IC: 0.9474 | RankIC: 0.9630
2026-02-27 11:28:43,067 - root - INFO - Valid Results | R²: 0.6172 | RMSE: 0.6141 | IC: 0.8583 | RankIC: 0.9000
2026-02-27 11:28:43,100 - root - INFO - Epoch [196/10000],
2026-02-27 11:28:43,100 - root - INFO - Train Results | R²: 0.8937 | RMSE: 0.3158 | IC: 0.9456 | RankIC: 0.9621
2026-02-27 11:28:43,101 - root - INFO - Valid Results | R²: 0.6185 | RMSE: 0.6130 | IC: 0.8573 | RankIC: 0.9088
2026-02-27 11:28:43,137 - root - INFO - Epoch [197/10000],
2026-02-27 11:28:43,138 - root - INFO - Train Results | R²: 0.8961 | RMSE: 0.3122 | IC: 0.9470 | RankIC: 0.9644
2026-02-27 11:28:43,138 - root - INFO - Valid Results | R²: 0.6181 | RMSE: 0.6133 | IC: 0.8577 | RankIC: 0.8965
2026-02-27 11:28:43,169 - root - INFO - Epoch [198/10000],
2026-02-27 11:28:43,170 - root - INFO - Train Results | R²: 0.9004 | RMSE: 0.3056 | IC: 0.9494 | RankIC: 0.9678
2026-02-27 11:28:43,170 - root - INFO - Valid Results | R²: 0.6172 | RMSE: 0.6141 | IC: 0.8569 | RankIC: 0.8982
2026-02-27 11:28:43,213 - root - INFO - Epoch [199/10000],
2026-02-27 11:28:43,213 - root - INFO - Train Results | R²: 0.8954 | RMSE: 0.3132 | IC: 0.9466 | RankIC: 0.9628
2026-02-27 11:28:43,213 - root - INFO - Valid Results | R²: 0.6169 | RMSE: 0.6143 | IC: 0.8573 | RankIC: 0.9018
2026-02-27 11:28:43,242 - root - INFO - Epoch [200/10000],
2026-02-27 11:28:43,243 - root - INFO - Train Results | R²: 0.8989 | RMSE: 0.3080 | IC: 0.9486 | RankIC: 0.9661
2026-02-27 11:28:43,243 - root - INFO - Valid Results | R²: 0.6165 | RMSE: 0.6146 | IC: 0.8569 | RankIC: 0.8930
2026-02-27 11:28:43,275 - root - INFO - Best model saved at epoch 201 with validation R2: 0.6212
2026-02-27 11:28:43,276 - root - INFO - Epoch [201/10000],
2026-02-27 11:28:43,276 - root - INFO - Train Results | R²: 0.9020 | RMSE: 0.3031 | IC: 0.9505 | RankIC: 0.9663
2026-02-27 11:28:43,276 - root - INFO - Valid Results | R²: 0.6212 | RMSE: 0.6108 | IC: 0.8611 | RankIC: 0.9000
2026-02-27 11:28:43,327 - root - INFO - Epoch [202/10000],
2026-02-27 11:28:43,328 - root - INFO - Train Results | R²: 0.9049 | RMSE: 0.2986 | IC: 0.9519 | RankIC: 0.9694
2026-02-27 11:28:43,328 - root - INFO - Valid Results | R²: 0.6195 | RMSE: 0.6122 | IC: 0.8592 | RankIC: 0.8930
2026-02-27 11:28:43,361 - root - INFO - Epoch [203/10000],
2026-02-27 11:28:43,361 - root - INFO - Train Results | R²: 0.9093 | RMSE: 0.2917 | IC: 0.9541 | RankIC: 0.9663
2026-02-27 11:28:43,362 - root - INFO - Valid Results | R²: 0.6180 | RMSE: 0.6134 | IC: 0.8580 | RankIC: 0.9070
2026-02-27 11:28:43,393 - root - INFO - Epoch [204/10000],
2026-02-27 11:28:43,393 - root - INFO - Train Results | R²: 0.9048 | RMSE: 0.2989 | IC: 0.9517 | RankIC: 0.9663
2026-02-27 11:28:43,393 - root - INFO - Valid Results | R²: 0.6158 | RMSE: 0.6152 | IC: 0.8551 | RankIC: 0.8982
2026-02-27 11:28:43,424 - root - INFO - Epoch [205/10000],
2026-02-27 11:28:43,425 - root - INFO - Train Results | R²: 0.9060 | RMSE: 0.2969 | IC: 0.9525 | RankIC: 0.9649
2026-02-27 11:28:43,425 - root - INFO - Valid Results | R²: 0.6179 | RMSE: 0.6135 | IC: 0.8571 | RankIC: 0.8982
2026-02-27 11:28:43,461 - root - INFO - Epoch [206/10000],
2026-02-27 11:28:43,461 - root - INFO - Train Results | R²: 0.9105 | RMSE: 0.2898 | IC: 0.9547 | RankIC: 0.9694
2026-02-27 11:28:43,461 - root - INFO - Valid Results | R²: 0.6187 | RMSE: 0.6129 | IC: 0.8580 | RankIC: 0.8930
2026-02-27 11:28:43,492 - root - INFO - Epoch [207/10000],
2026-02-27 11:28:43,493 - root - INFO - Train Results | R²: 0.9117 | RMSE: 0.2878 | IC: 0.9553 | RankIC: 0.9651
2026-02-27 11:28:43,493 - root - INFO - Valid Results | R²: 0.6205 | RMSE: 0.6114 | IC: 0.8590 | RankIC: 0.8930
2026-02-27 11:28:43,527 - root - INFO - Epoch [208/10000],
2026-02-27 11:28:43,528 - root - INFO - Train Results | R²: 0.9130 | RMSE: 0.2857 | IC: 0.9561 | RankIC: 0.9663
2026-02-27 11:28:43,528 - root - INFO - Valid Results | R²: 0.6181 | RMSE: 0.6133 | IC: 0.8593 | RankIC: 0.9018
2026-02-27 11:28:43,559 - root - INFO - Epoch [209/10000],
2026-02-27 11:28:43,559 - root - INFO - Train Results | R²: 0.9138 | RMSE: 0.2844 | IC: 0.9565 | RankIC: 0.9675
2026-02-27 11:28:43,560 - root - INFO - Valid Results | R²: 0.6178 | RMSE: 0.6136 | IC: 0.8581 | RankIC: 0.8930
2026-02-27 11:28:43,592 - root - INFO - Epoch [210/10000],
2026-02-27 11:28:43,593 - root - INFO - Train Results | R²: 0.9186 | RMSE: 0.2764 | IC: 0.9589 | RankIC: 0.9734
2026-02-27 11:28:43,593 - root - INFO - Valid Results | R²: 0.6141 | RMSE: 0.6166 | IC: 0.8578 | RankIC: 0.8895
2026-02-27 11:28:43,625 - root - INFO - Epoch [211/10000],
2026-02-27 11:28:43,625 - root - INFO - Train Results | R²: 0.9196 | RMSE: 0.2746 | IC: 0.9595 | RankIC: 0.9704
2026-02-27 11:28:43,626 - root - INFO - Valid Results | R²: 0.6185 | RMSE: 0.6130 | IC: 0.8577 | RankIC: 0.8895
2026-02-27 11:28:43,659 - root - INFO - Epoch [212/10000],
2026-02-27 11:28:43,659 - root - INFO - Train Results | R²: 0.9214 | RMSE: 0.2715 | IC: 0.9607 | RankIC: 0.9711
2026-02-27 11:28:43,660 - root - INFO - Valid Results | R²: 0.6167 | RMSE: 0.6144 | IC: 0.8589 | RankIC: 0.9018
2026-02-27 11:28:43,692 - root - INFO - Epoch [213/10000],
2026-02-27 11:28:43,692 - root - INFO - Train Results | R²: 0.9223 | RMSE: 0.2700 | IC: 0.9609 | RankIC: 0.9720
2026-02-27 11:28:43,692 - root - INFO - Valid Results | R²: 0.6187 | RMSE: 0.6129 | IC: 0.8596 | RankIC: 0.8860
2026-02-27 11:28:43,721 - root - INFO - Epoch [214/10000],
2026-02-27 11:28:43,722 - root - INFO - Train Results | R²: 0.9223 | RMSE: 0.2700 | IC: 0.9609 | RankIC: 0.9716
2026-02-27 11:28:43,722 - root - INFO - Valid Results | R²: 0.6167 | RMSE: 0.6145 | IC: 0.8579 | RankIC: 0.8825
2026-02-27 11:28:43,748 - root - INFO - Epoch [215/10000],
2026-02-27 11:28:43,749 - root - INFO - Train Results | R²: 0.9259 | RMSE: 0.2637 | IC: 0.9627 | RankIC: 0.9730
2026-02-27 11:28:43,749 - root - INFO - Valid Results | R²: 0.6195 | RMSE: 0.6122 | IC: 0.8590 | RankIC: 0.8895
2026-02-27 11:28:43,776 - root - INFO - Epoch [216/10000],
2026-02-27 11:28:43,776 - root - INFO - Train Results | R²: 0.9255 | RMSE: 0.2644 | IC: 0.9625 | RankIC: 0.9723
2026-02-27 11:28:43,777 - root - INFO - Valid Results | R²: 0.6197 | RMSE: 0.6120 | IC: 0.8604 | RankIC: 0.8982
2026-02-27 11:28:43,809 - root - INFO - Epoch [217/10000],
2026-02-27 11:28:43,810 - root - INFO - Train Results | R²: 0.9251 | RMSE: 0.2651 | IC: 0.9622 | RankIC: 0.9708
2026-02-27 11:28:43,810 - root - INFO - Valid Results | R²: 0.6160 | RMSE: 0.6151 | IC: 0.8578 | RankIC: 0.8930
2026-02-27 11:28:43,840 - root - INFO - Epoch [218/10000],
2026-02-27 11:28:43,841 - root - INFO - Train Results | R²: 0.9260 | RMSE: 0.2635 | IC: 0.9628 | RankIC: 0.9704
2026-02-27 11:28:43,841 - root - INFO - Valid Results | R²: 0.6162 | RMSE: 0.6149 | IC: 0.8584 | RankIC: 0.8825
2026-02-27 11:28:43,874 - root - INFO - Epoch [219/10000],
2026-02-27 11:28:43,874 - root - INFO - Train Results | R²: 0.9346 | RMSE: 0.2477 | IC: 0.9672 | RankIC: 0.9744
2026-02-27 11:28:43,874 - root - INFO - Valid Results | R²: 0.6152 | RMSE: 0.6157 | IC: 0.8583 | RankIC: 0.8895
2026-02-27 11:28:43,908 - root - INFO - Epoch [220/10000],
2026-02-27 11:28:43,908 - root - INFO - Train Results | R²: 0.9314 | RMSE: 0.2537 | IC: 0.9655 | RankIC: 0.9723
2026-02-27 11:28:43,909 - root - INFO - Valid Results | R²: 0.6181 | RMSE: 0.6133 | IC: 0.8591 | RankIC: 0.8895
2026-02-27 11:28:43,936 - root - INFO - Epoch [221/10000],
2026-02-27 11:28:43,937 - root - INFO - Train Results | R²: 0.9337 | RMSE: 0.2495 | IC: 0.9666 | RankIC: 0.9706
2026-02-27 11:28:43,937 - root - INFO - Valid Results | R²: 0.6143 | RMSE: 0.6164 | IC: 0.8573 | RankIC: 0.8930
2026-02-27 11:28:43,967 - root - INFO - Epoch [222/10000],
2026-02-27 11:28:43,967 - root - INFO - Train Results | R²: 0.9375 | RMSE: 0.2421 | IC: 0.9689 | RankIC: 0.9739
2026-02-27 11:28:43,967 - root - INFO - Valid Results | R²: 0.6145 | RMSE: 0.6162 | IC: 0.8580 | RankIC: 0.8895
2026-02-27 11:28:43,999 - root - INFO - Epoch [223/10000],
2026-02-27 11:28:43,999 - root - INFO - Train Results | R²: 0.9396 | RMSE: 0.2380 | IC: 0.9700 | RankIC: 0.9730
2026-02-27 11:28:43,999 - root - INFO - Valid Results | R²: 0.6150 | RMSE: 0.6158 | IC: 0.8580 | RankIC: 0.8895
2026-02-27 11:28:44,037 - root - INFO - Epoch [224/10000],
2026-02-27 11:28:44,037 - root - INFO - Train Results | R²: 0.9356 | RMSE: 0.2458 | IC: 0.9681 | RankIC: 0.9744
2026-02-27 11:28:44,037 - root - INFO - Valid Results | R²: 0.6147 | RMSE: 0.6160 | IC: 0.8581 | RankIC: 0.8860
2026-02-27 11:28:44,069 - root - INFO - Epoch [225/10000],
2026-02-27 11:28:44,069 - root - INFO - Train Results | R²: 0.9393 | RMSE: 0.2387 | IC: 0.9697 | RankIC: 0.9746
2026-02-27 11:28:44,070 - root - INFO - Valid Results | R²: 0.6161 | RMSE: 0.6150 | IC: 0.8581 | RankIC: 0.8825
2026-02-27 11:28:44,101 - root - INFO - Epoch [226/10000],
2026-02-27 11:28:44,102 - root - INFO - Train Results | R²: 0.9390 | RMSE: 0.2392 | IC: 0.9695 | RankIC: 0.9725
2026-02-27 11:28:44,102 - root - INFO - Valid Results | R²: 0.6115 | RMSE: 0.6186 | IC: 0.8554 | RankIC: 0.8825
2026-02-27 11:28:44,134 - root - INFO - Epoch [227/10000],
2026-02-27 11:28:44,134 - root - INFO - Train Results | R²: 0.9454 | RMSE: 0.2262 | IC: 0.9729 | RankIC: 0.9751
2026-02-27 11:28:44,135 - root - INFO - Valid Results | R²: 0.6149 | RMSE: 0.6159 | IC: 0.8574 | RankIC: 0.8895
2026-02-27 11:28:44,167 - root - INFO - Epoch [228/10000],
2026-02-27 11:28:44,167 - root - INFO - Train Results | R²: 0.9421 | RMSE: 0.2330 | IC: 0.9712 | RankIC: 0.9742
2026-02-27 11:28:44,168 - root - INFO - Valid Results | R²: 0.6194 | RMSE: 0.6123 | IC: 0.8583 | RankIC: 0.8895
2026-02-27 11:28:44,197 - root - INFO - Epoch [229/10000],
2026-02-27 11:28:44,197 - root - INFO - Train Results | R²: 0.9453 | RMSE: 0.2265 | IC: 0.9729 | RankIC: 0.9718
2026-02-27 11:28:44,198 - root - INFO - Valid Results | R²: 0.6139 | RMSE: 0.6167 | IC: 0.8564 | RankIC: 0.8912
2026-02-27 11:28:44,227 - root - INFO - Epoch [230/10000],
2026-02-27 11:28:44,228 - root - INFO - Train Results | R²: 0.9479 | RMSE: 0.2210 | IC: 0.9741 | RankIC: 0.9734
2026-02-27 11:28:44,228 - root - INFO - Valid Results | R²: 0.6178 | RMSE: 0.6136 | IC: 0.8587 | RankIC: 0.8895
2026-02-27 11:28:44,257 - root - INFO - Epoch [231/10000],
2026-02-27 11:28:44,257 - root - INFO - Train Results | R²: 0.9486 | RMSE: 0.2197 | IC: 0.9743 | RankIC: 0.9730
2026-02-27 11:28:44,258 - root - INFO - Valid Results | R²: 0.6184 | RMSE: 0.6131 | IC: 0.8591 | RankIC: 0.8877
2026-02-27 11:28:44,289 - root - INFO - Epoch [232/10000],
2026-02-27 11:28:44,290 - root - INFO - Train Results | R²: 0.9543 | RMSE: 0.2071 | IC: 0.9773 | RankIC: 0.9751
2026-02-27 11:28:44,290 - root - INFO - Valid Results | R²: 0.6148 | RMSE: 0.6160 | IC: 0.8569 | RankIC: 0.8877
2026-02-27 11:28:44,337 - root - INFO - Epoch [233/10000],
2026-02-27 11:28:44,337 - root - INFO - Train Results | R²: 0.9559 | RMSE: 0.2034 | IC: 0.9781 | RankIC: 0.9777
2026-02-27 11:28:44,338 - root - INFO - Valid Results | R²: 0.6155 | RMSE: 0.6154 | IC: 0.8570 | RankIC: 0.8912
2026-02-27 11:28:44,368 - root - INFO - Epoch [234/10000],
2026-02-27 11:28:44,369 - root - INFO - Train Results | R²: 0.9541 | RMSE: 0.2075 | IC: 0.9772 | RankIC: 0.9739
2026-02-27 11:28:44,369 - root - INFO - Valid Results | R²: 0.6134 | RMSE: 0.6171 | IC: 0.8574 | RankIC: 0.8737
2026-02-27 11:28:44,400 - root - INFO - Epoch [235/10000],
2026-02-27 11:28:44,401 - root - INFO - Train Results | R²: 0.9535 | RMSE: 0.2089 | IC: 0.9769 | RankIC: 0.9753
2026-02-27 11:28:44,401 - root - INFO - Valid Results | R²: 0.6140 | RMSE: 0.6167 | IC: 0.8574 | RankIC: 0.8825
2026-02-27 11:28:44,439 - root - INFO - Epoch [236/10000],
2026-02-27 11:28:44,439 - root - INFO - Train Results | R²: 0.9553 | RMSE: 0.2047 | IC: 0.9777 | RankIC: 0.9734
2026-02-27 11:28:44,440 - root - INFO - Valid Results | R²: 0.6140 | RMSE: 0.6166 | IC: 0.8564 | RankIC: 0.8754
2026-02-27 11:28:44,470 - root - INFO - Epoch [237/10000],
2026-02-27 11:28:44,471 - root - INFO - Train Results | R²: 0.9570 | RMSE: 0.2008 | IC: 0.9787 | RankIC: 0.9765
2026-02-27 11:28:44,471 - root - INFO - Valid Results | R²: 0.6168 | RMSE: 0.6144 | IC: 0.8583 | RankIC: 0.8754
2026-02-27 11:28:44,502 - root - INFO - Epoch [238/10000],
2026-02-27 11:28:44,502 - root - INFO - Train Results | R²: 0.9587 | RMSE: 0.1969 | IC: 0.9796 | RankIC: 0.9756
2026-02-27 11:28:44,502 - root - INFO - Valid Results | R²: 0.6116 | RMSE: 0.6186 | IC: 0.8578 | RankIC: 0.8754
2026-02-27 11:28:44,531 - root - INFO - Epoch [239/10000],
2026-02-27 11:28:44,532 - root - INFO - Train Results | R²: 0.9623 | RMSE: 0.1880 | IC: 0.9813 | RankIC: 0.9780
2026-02-27 11:28:44,532 - root - INFO - Valid Results | R²: 0.6100 | RMSE: 0.6198 | IC: 0.8554 | RankIC: 0.8807
2026-02-27 11:28:44,573 - root - INFO - Epoch [240/10000],
2026-02-27 11:28:44,573 - root - INFO - Train Results | R²: 0.9613 | RMSE: 0.1905 | IC: 0.9810 | RankIC: 0.9813
2026-02-27 11:28:44,574 - root - INFO - Valid Results | R²: 0.6132 | RMSE: 0.6173 | IC: 0.8570 | RankIC: 0.8877
2026-02-27 11:28:44,601 - root - INFO - Epoch [241/10000],
2026-02-27 11:28:44,601 - root - INFO - Train Results | R²: 0.9618 | RMSE: 0.1892 | IC: 0.9810 | RankIC: 0.9782
2026-02-27 11:28:44,601 - root - INFO - Valid Results | R²: 0.6109 | RMSE: 0.6191 | IC: 0.8557 | RankIC: 0.8825
2026-02-27 11:28:44,631 - root - INFO - Epoch [242/10000],
2026-02-27 11:28:44,631 - root - INFO - Train Results | R²: 0.9660 | RMSE: 0.1787 | IC: 0.9832 | RankIC: 0.9798
2026-02-27 11:28:44,631 - root - INFO - Valid Results | R²: 0.6087 | RMSE: 0.6208 | IC: 0.8540 | RankIC: 0.8930
2026-02-27 11:28:44,660 - root - INFO - Epoch [243/10000],
2026-02-27 11:28:44,660 - root - INFO - Train Results | R²: 0.9633 | RMSE: 0.1856 | IC: 0.9818 | RankIC: 0.9777
2026-02-27 11:28:44,660 - root - INFO - Valid Results | R²: 0.6124 | RMSE: 0.6179 | IC: 0.8557 | RankIC: 0.8912
2026-02-27 11:28:44,692 - root - INFO - Epoch [244/10000],
2026-02-27 11:28:44,692 - root - INFO - Train Results | R²: 0.9646 | RMSE: 0.1821 | IC: 0.9823 | RankIC: 0.9789
2026-02-27 11:28:44,692 - root - INFO - Valid Results | R²: 0.6126 | RMSE: 0.6178 | IC: 0.8562 | RankIC: 0.8842
2026-02-27 11:28:44,720 - root - INFO - Epoch [245/10000],
2026-02-27 11:28:44,720 - root - INFO - Train Results | R²: 0.9676 | RMSE: 0.1742 | IC: 0.9840 | RankIC: 0.9794
2026-02-27 11:28:44,720 - root - INFO - Valid Results | R²: 0.6090 | RMSE: 0.6206 | IC: 0.8540 | RankIC: 0.8754
2026-02-27 11:28:44,749 - root - INFO - Epoch [246/10000],
2026-02-27 11:28:44,749 - root - INFO - Train Results | R²: 0.9680 | RMSE: 0.1732 | IC: 0.9841 | RankIC: 0.9815
2026-02-27 11:28:44,750 - root - INFO - Valid Results | R²: 0.6100 | RMSE: 0.6198 | IC: 0.8536 | RankIC: 0.8737
2026-02-27 11:28:44,778 - root - INFO - Epoch [247/10000],
2026-02-27 11:28:44,779 - root - INFO - Train Results | R²: 0.9679 | RMSE: 0.1735 | IC: 0.9842 | RankIC: 0.9803
2026-02-27 11:28:44,779 - root - INFO - Valid Results | R²: 0.6099 | RMSE: 0.6199 | IC: 0.8540 | RankIC: 0.8912
2026-02-27 11:28:44,808 - root - INFO - Epoch [248/10000],
2026-02-27 11:28:44,808 - root - INFO - Train Results | R²: 0.9661 | RMSE: 0.1783 | IC: 0.9832 | RankIC: 0.9813
2026-02-27 11:28:44,809 - root - INFO - Valid Results | R²: 0.6138 | RMSE: 0.6168 | IC: 0.8564 | RankIC: 0.8825
2026-02-27 11:28:44,842 - root - INFO - Epoch [249/10000],
2026-02-27 11:28:44,842 - root - INFO - Train Results | R²: 0.9715 | RMSE: 0.1635 | IC: 0.9859 | RankIC: 0.9813
2026-02-27 11:28:44,842 - root - INFO - Valid Results | R²: 0.6057 | RMSE: 0.6232 | IC: 0.8512 | RankIC: 0.8825
2026-02-27 11:28:44,871 - root - INFO - Epoch [250/10000],
2026-02-27 11:28:44,871 - root - INFO - Train Results | R²: 0.9724 | RMSE: 0.1610 | IC: 0.9862 | RankIC: 0.9825
2026-02-27 11:28:44,871 - root - INFO - Valid Results | R²: 0.6054 | RMSE: 0.6235 | IC: 0.8517 | RankIC: 0.8842
2026-02-27 11:28:44,899 - root - INFO - Epoch [251/10000],
2026-02-27 11:28:44,900 - root - INFO - Train Results | R²: 0.9707 | RMSE: 0.1658 | IC: 0.9854 | RankIC: 0.9808
2026-02-27 11:28:44,900 - root - INFO - Valid Results | R²: 0.6070 | RMSE: 0.6222 | IC: 0.8519 | RankIC: 0.8930
2026-02-27 11:28:44,931 - root - INFO - Epoch [252/10000],
2026-02-27 11:28:44,931 - root - INFO - Train Results | R²: 0.9728 | RMSE: 0.1599 | IC: 0.9864 | RankIC: 0.9829
2026-02-27 11:28:44,931 - root - INFO - Valid Results | R²: 0.6070 | RMSE: 0.6222 | IC: 0.8525 | RankIC: 0.8825
2026-02-27 11:28:44,963 - root - INFO - Epoch [253/10000],
2026-02-27 11:28:44,963 - root - INFO - Train Results | R²: 0.9729 | RMSE: 0.1593 | IC: 0.9865 | RankIC: 0.9815
2026-02-27 11:28:44,963 - root - INFO - Valid Results | R²: 0.6075 | RMSE: 0.6218 | IC: 0.8525 | RankIC: 0.8842
2026-02-27 11:28:44,992 - root - INFO - Epoch [254/10000],
2026-02-27 11:28:44,992 - root - INFO - Train Results | R²: 0.9732 | RMSE: 0.1585 | IC: 0.9867 | RankIC: 0.9803
2026-02-27 11:28:44,993 - root - INFO - Valid Results | R²: 0.6082 | RMSE: 0.6213 | IC: 0.8527 | RankIC: 0.8860
2026-02-27 11:28:45,021 - root - INFO - Epoch [255/10000],
2026-02-27 11:28:45,022 - root - INFO - Train Results | R²: 0.9730 | RMSE: 0.1591 | IC: 0.9866 | RankIC: 0.9784
2026-02-27 11:28:45,022 - root - INFO - Valid Results | R²: 0.6076 | RMSE: 0.6217 | IC: 0.8513 | RankIC: 0.8596
2026-02-27 11:28:45,051 - root - INFO - Epoch [256/10000],
2026-02-27 11:28:45,051 - root - INFO - Train Results | R²: 0.9766 | RMSE: 0.1481 | IC: 0.9883 | RankIC: 0.9836
2026-02-27 11:28:45,051 - root - INFO - Valid Results | R²: 0.6068 | RMSE: 0.6223 | IC: 0.8511 | RankIC: 0.8842
2026-02-27 11:28:45,079 - root - INFO - Epoch [257/10000],
2026-02-27 11:28:45,080 - root - INFO - Train Results | R²: 0.9766 | RMSE: 0.1482 | IC: 0.9883 | RankIC: 0.9834
2026-02-27 11:28:45,080 - root - INFO - Valid Results | R²: 0.6087 | RMSE: 0.6208 | IC: 0.8515 | RankIC: 0.8842
2026-02-27 11:28:45,110 - root - INFO - Epoch [258/10000],
2026-02-27 11:28:45,110 - root - INFO - Train Results | R²: 0.9760 | RMSE: 0.1501 | IC: 0.9881 | RankIC: 0.9846
2026-02-27 11:28:45,110 - root - INFO - Valid Results | R²: 0.6029 | RMSE: 0.6255 | IC: 0.8495 | RankIC: 0.8842
2026-02-27 11:28:45,142 - root - INFO - Epoch [259/10000],
2026-02-27 11:28:45,142 - root - INFO - Train Results | R²: 0.9770 | RMSE: 0.1468 | IC: 0.9885 | RankIC: 0.9841
2026-02-27 11:28:45,142 - root - INFO - Valid Results | R²: 0.6038 | RMSE: 0.6248 | IC: 0.8491 | RankIC: 0.8684
2026-02-27 11:28:45,170 - root - INFO - Epoch [260/10000],
2026-02-27 11:28:45,170 - root - INFO - Train Results | R²: 0.9772 | RMSE: 0.1464 | IC: 0.9887 | RankIC: 0.9836
2026-02-27 11:28:45,170 - root - INFO - Valid Results | R²: 0.6026 | RMSE: 0.6257 | IC: 0.8487 | RankIC: 0.8579
2026-02-27 11:28:45,197 - root - INFO - Epoch [261/10000],
2026-02-27 11:28:45,199 - root - INFO - Train Results | R²: 0.9798 | RMSE: 0.1378 | IC: 0.9899 | RankIC: 0.9844
2026-02-27 11:28:45,199 - root - INFO - Valid Results | R²: 0.6059 | RMSE: 0.6230 | IC: 0.8519 | RankIC: 0.8684
2026-02-27 11:28:45,226 - root - INFO - Epoch [262/10000],
2026-02-27 11:28:45,227 - root - INFO - Train Results | R²: 0.9801 | RMSE: 0.1366 | IC: 0.9901 | RankIC: 0.9832
2026-02-27 11:28:45,227 - root - INFO - Valid Results | R²: 0.6033 | RMSE: 0.6251 | IC: 0.8501 | RankIC: 0.8684
2026-02-27 11:28:45,258 - root - INFO - Epoch [263/10000],
2026-02-27 11:28:45,259 - root - INFO - Train Results | R²: 0.9793 | RMSE: 0.1395 | IC: 0.9896 | RankIC: 0.9846
2026-02-27 11:28:45,259 - root - INFO - Valid Results | R²: 0.5991 | RMSE: 0.6284 | IC: 0.8473 | RankIC: 0.8684
2026-02-27 11:28:45,291 - root - INFO - Epoch [264/10000],
2026-02-27 11:28:45,292 - root - INFO - Train Results | R²: 0.9782 | RMSE: 0.1431 | IC: 0.9891 | RankIC: 0.9841
2026-02-27 11:28:45,292 - root - INFO - Valid Results | R²: 0.6048 | RMSE: 0.6239 | IC: 0.8492 | RankIC: 0.8702
2026-02-27 11:28:45,322 - root - INFO - Epoch [265/10000],
2026-02-27 11:28:45,322 - root - INFO - Train Results | R²: 0.9803 | RMSE: 0.1358 | IC: 0.9902 | RankIC: 0.9855
2026-02-27 11:28:45,323 - root - INFO - Valid Results | R²: 0.6039 | RMSE: 0.6246 | IC: 0.8502 | RankIC: 0.8684
2026-02-27 11:28:45,354 - root - INFO - Epoch [266/10000],
2026-02-27 11:28:45,354 - root - INFO - Train Results | R²: 0.9788 | RMSE: 0.1409 | IC: 0.9896 | RankIC: 0.9832
2026-02-27 11:28:45,354 - root - INFO - Valid Results | R²: 0.6010 | RMSE: 0.6269 | IC: 0.8470 | RankIC: 0.8684
2026-02-27 11:28:45,393 - root - INFO - Epoch [267/10000],
2026-02-27 11:28:45,393 - root - INFO - Train Results | R²: 0.9818 | RMSE: 0.1307 | IC: 0.9909 | RankIC: 0.9844
2026-02-27 11:28:45,394 - root - INFO - Valid Results | R²: 0.6010 | RMSE: 0.6269 | IC: 0.8467 | RankIC: 0.8702
2026-02-27 11:28:45,426 - root - INFO - Epoch [268/10000],
2026-02-27 11:28:45,426 - root - INFO - Train Results | R²: 0.9812 | RMSE: 0.1328 | IC: 0.9906 | RankIC: 0.9834
2026-02-27 11:28:45,426 - root - INFO - Valid Results | R²: 0.6035 | RMSE: 0.6250 | IC: 0.8465 | RankIC: 0.8667
2026-02-27 11:28:45,458 - root - INFO - Epoch [269/10000],
2026-02-27 11:28:45,458 - root - INFO - Train Results | R²: 0.9799 | RMSE: 0.1373 | IC: 0.9900 | RankIC: 0.9839
2026-02-27 11:28:45,458 - root - INFO - Valid Results | R²: 0.6051 | RMSE: 0.6237 | IC: 0.8475 | RankIC: 0.8702
2026-02-27 11:28:45,492 - root - INFO - Epoch [270/10000],
2026-02-27 11:28:45,493 - root - INFO - Train Results | R²: 0.9823 | RMSE: 0.1288 | IC: 0.9912 | RankIC: 0.9832
2026-02-27 11:28:45,493 - root - INFO - Valid Results | R²: 0.6051 | RMSE: 0.6237 | IC: 0.8479 | RankIC: 0.8596
2026-02-27 11:28:45,527 - root - INFO - Epoch [271/10000],
2026-02-27 11:28:45,528 - root - INFO - Train Results | R²: 0.9834 | RMSE: 0.1248 | IC: 0.9917 | RankIC: 0.9839
2026-02-27 11:28:45,528 - root - INFO - Valid Results | R²: 0.6036 | RMSE: 0.6249 | IC: 0.8466 | RankIC: 0.8684
2026-02-27 11:28:45,557 - root - INFO - Epoch [272/10000],
2026-02-27 11:28:45,557 - root - INFO - Train Results | R²: 0.9842 | RMSE: 0.1217 | IC: 0.9921 | RankIC: 0.9858
2026-02-27 11:28:45,557 - root - INFO - Valid Results | R²: 0.6014 | RMSE: 0.6266 | IC: 0.8462 | RankIC: 0.8702
2026-02-27 11:28:45,584 - root - INFO - Epoch [273/10000],
2026-02-27 11:28:45,585 - root - INFO - Train Results | R²: 0.9842 | RMSE: 0.1217 | IC: 0.9921 | RankIC: 0.9836
2026-02-27 11:28:45,585 - root - INFO - Valid Results | R²: 0.6018 | RMSE: 0.6263 | IC: 0.8466 | RankIC: 0.8684
2026-02-27 11:28:45,613 - root - INFO - Epoch [274/10000],
2026-02-27 11:28:45,613 - root - INFO - Train Results | R²: 0.9839 | RMSE: 0.1231 | IC: 0.9920 | RankIC: 0.9853
2026-02-27 11:28:45,613 - root - INFO - Valid Results | R²: 0.5994 | RMSE: 0.6281 | IC: 0.8449 | RankIC: 0.8702
2026-02-27 11:28:45,651 - root - INFO - Epoch [275/10000],
2026-02-27 11:28:45,651 - root - INFO - Train Results | R²: 0.9824 | RMSE: 0.1283 | IC: 0.9912 | RankIC: 0.9851
2026-02-27 11:28:45,652 - root - INFO - Valid Results | R²: 0.6023 | RMSE: 0.6259 | IC: 0.8459 | RankIC: 0.8667
2026-02-27 11:28:45,680 - root - INFO - Epoch [276/10000],
2026-02-27 11:28:45,680 - root - INFO - Train Results | R²: 0.9836 | RMSE: 0.1240 | IC: 0.9918 | RankIC: 0.9836
2026-02-27 11:28:45,680 - root - INFO - Valid Results | R²: 0.5964 | RMSE: 0.6306 | IC: 0.8456 | RankIC: 0.8684
2026-02-27 11:28:45,708 - root - INFO - Epoch [277/10000],
2026-02-27 11:28:45,709 - root - INFO - Train Results | R²: 0.9839 | RMSE: 0.1230 | IC: 0.9920 | RankIC: 0.9858
2026-02-27 11:28:45,709 - root - INFO - Valid Results | R²: 0.5996 | RMSE: 0.6280 | IC: 0.8451 | RankIC: 0.8684
2026-02-27 11:28:45,736 - root - INFO - Epoch [278/10000],
2026-02-27 11:28:45,736 - root - INFO - Train Results | R²: 0.9854 | RMSE: 0.1171 | IC: 0.9927 | RankIC: 0.9841
2026-02-27 11:28:45,736 - root - INFO - Valid Results | R²: 0.6028 | RMSE: 0.6255 | IC: 0.8476 | RankIC: 0.8702
2026-02-27 11:28:45,764 - root - INFO - Epoch [279/10000],
2026-02-27 11:28:45,764 - root - INFO - Train Results | R²: 0.9861 | RMSE: 0.1141 | IC: 0.9931 | RankIC: 0.9886
2026-02-27 11:28:45,764 - root - INFO - Valid Results | R²: 0.5981 | RMSE: 0.6292 | IC: 0.8450 | RankIC: 0.8702
2026-02-27 11:28:45,797 - root - INFO - Epoch [280/10000],
2026-02-27 11:28:45,797 - root - INFO - Train Results | R²: 0.9853 | RMSE: 0.1173 | IC: 0.9927 | RankIC: 0.9860
2026-02-27 11:28:45,798 - root - INFO - Valid Results | R²: 0.5997 | RMSE: 0.6279 | IC: 0.8443 | RankIC: 0.8702
2026-02-27 11:28:45,827 - root - INFO - Epoch [281/10000],
2026-02-27 11:28:45,828 - root - INFO - Train Results | R²: 0.9816 | RMSE: 0.1313 | IC: 0.9908 | RankIC: 0.9858
2026-02-27 11:28:45,828 - root - INFO - Valid Results | R²: 0.6001 | RMSE: 0.6277 | IC: 0.8447 | RankIC: 0.8667
2026-02-27 11:28:45,859 - root - INFO - Epoch [282/10000],
2026-02-27 11:28:45,859 - root - INFO - Train Results | R²: 0.9849 | RMSE: 0.1189 | IC: 0.9925 | RankIC: 0.9865
2026-02-27 11:28:45,859 - root - INFO - Valid Results | R²: 0.6006 | RMSE: 0.6273 | IC: 0.8450 | RankIC: 0.8702
2026-02-27 11:28:45,893 - root - INFO - Epoch [283/10000],
2026-02-27 11:28:45,893 - root - INFO - Train Results | R²: 0.9860 | RMSE: 0.1148 | IC: 0.9930 | RankIC: 0.9872
2026-02-27 11:28:45,893 - root - INFO - Valid Results | R²: 0.6013 | RMSE: 0.6267 | IC: 0.8442 | RankIC: 0.8684
2026-02-27 11:28:45,926 - root - INFO - Epoch [284/10000],
2026-02-27 11:28:45,926 - root - INFO - Train Results | R²: 0.9856 | RMSE: 0.1162 | IC: 0.9928 | RankIC: 0.9855
2026-02-27 11:28:45,926 - root - INFO - Valid Results | R²: 0.6026 | RMSE: 0.6257 | IC: 0.8432 | RankIC: 0.8702
2026-02-27 11:28:45,956 - root - INFO - Epoch [285/10000],
2026-02-27 11:28:45,956 - root - INFO - Train Results | R²: 0.9856 | RMSE: 0.1160 | IC: 0.9928 | RankIC: 0.9834
2026-02-27 11:28:45,957 - root - INFO - Valid Results | R²: 0.6018 | RMSE: 0.6263 | IC: 0.8449 | RankIC: 0.8684
2026-02-27 11:28:45,983 - root - INFO - Epoch [286/10000],
2026-02-27 11:28:45,984 - root - INFO - Train Results | R²: 0.9875 | RMSE: 0.1085 | IC: 0.9937 | RankIC: 0.9855
2026-02-27 11:28:45,984 - root - INFO - Valid Results | R²: 0.6043 | RMSE: 0.6244 | IC: 0.8455 | RankIC: 0.8684
2026-02-27 11:28:46,016 - root - INFO - Epoch [287/10000],
2026-02-27 11:28:46,016 - root - INFO - Train Results | R²: 0.9877 | RMSE: 0.1074 | IC: 0.9938 | RankIC: 0.9874
2026-02-27 11:28:46,016 - root - INFO - Valid Results | R²: 0.6009 | RMSE: 0.6270 | IC: 0.8421 | RankIC: 0.8684
2026-02-27 11:28:46,047 - root - INFO - Epoch [288/10000],
2026-02-27 11:28:46,048 - root - INFO - Train Results | R²: 0.9862 | RMSE: 0.1136 | IC: 0.9931 | RankIC: 0.9872
2026-02-27 11:28:46,048 - root - INFO - Valid Results | R²: 0.6029 | RMSE: 0.6254 | IC: 0.8449 | RankIC: 0.8614
2026-02-27 11:28:46,079 - root - INFO - Epoch [289/10000],
2026-02-27 11:28:46,079 - root - INFO - Train Results | R²: 0.9867 | RMSE: 0.1116 | IC: 0.9934 | RankIC: 0.9853
2026-02-27 11:28:46,079 - root - INFO - Valid Results | R²: 0.6002 | RMSE: 0.6276 | IC: 0.8431 | RankIC: 0.8684
2026-02-27 11:28:46,112 - root - INFO - Epoch [290/10000],
2026-02-27 11:28:46,113 - root - INFO - Train Results | R²: 0.9873 | RMSE: 0.1093 | IC: 0.9936 | RankIC: 0.9853
2026-02-27 11:28:46,113 - root - INFO - Valid Results | R²: 0.6029 | RMSE: 0.6254 | IC: 0.8460 | RankIC: 0.8702
2026-02-27 11:28:46,147 - root - INFO - Epoch [291/10000],
2026-02-27 11:28:46,147 - root - INFO - Train Results | R²: 0.9879 | RMSE: 0.1067 | IC: 0.9939 | RankIC: 0.9867
2026-02-27 11:28:46,147 - root - INFO - Valid Results | R²: 0.6015 | RMSE: 0.6265 | IC: 0.8454 | RankIC: 0.8684
2026-02-27 11:28:46,178 - root - INFO - Epoch [292/10000],
2026-02-27 11:28:46,179 - root - INFO - Train Results | R²: 0.9872 | RMSE: 0.1095 | IC: 0.9937 | RankIC: 0.9870
2026-02-27 11:28:46,179 - root - INFO - Valid Results | R²: 0.6021 | RMSE: 0.6261 | IC: 0.8441 | RankIC: 0.8702
2026-02-27 11:28:46,210 - root - INFO - Epoch [293/10000],
2026-02-27 11:28:46,210 - root - INFO - Train Results | R²: 0.9871 | RMSE: 0.1101 | IC: 0.9935 | RankIC: 0.9877
2026-02-27 11:28:46,211 - root - INFO - Valid Results | R²: 0.6025 | RMSE: 0.6257 | IC: 0.8438 | RankIC: 0.8702
2026-02-27 11:28:46,242 - root - INFO - Epoch [294/10000],
2026-02-27 11:28:46,242 - root - INFO - Train Results | R²: 0.9879 | RMSE: 0.1066 | IC: 0.9940 | RankIC: 0.9874
2026-02-27 11:28:46,243 - root - INFO - Valid Results | R²: 0.6034 | RMSE: 0.6250 | IC: 0.8448 | RankIC: 0.8684
2026-02-27 11:28:46,279 - root - INFO - Epoch [295/10000],
2026-02-27 11:28:46,279 - root - INFO - Train Results | R²: 0.9871 | RMSE: 0.1100 | IC: 0.9936 | RankIC: 0.9867
2026-02-27 11:28:46,280 - root - INFO - Valid Results | R²: 0.6048 | RMSE: 0.6239 | IC: 0.8434 | RankIC: 0.8684
2026-02-27 11:28:46,319 - root - INFO - Epoch [296/10000],
2026-02-27 11:28:46,319 - root - INFO - Train Results | R²: 0.9873 | RMSE: 0.1090 | IC: 0.9937 | RankIC: 0.9851
2026-02-27 11:28:46,319 - root - INFO - Valid Results | R²: 0.6020 | RMSE: 0.6262 | IC: 0.8423 | RankIC: 0.8614
2026-02-27 11:28:46,351 - root - INFO - Epoch [297/10000],
2026-02-27 11:28:46,351 - root - INFO - Train Results | R²: 0.9867 | RMSE: 0.1117 | IC: 0.9933 | RankIC: 0.9855
2026-02-27 11:28:46,351 - root - INFO - Valid Results | R²: 0.6047 | RMSE: 0.6240 | IC: 0.8449 | RankIC: 0.8684
2026-02-27 11:28:46,380 - root - INFO - Epoch [298/10000],
2026-02-27 11:28:46,380 - root - INFO - Train Results | R²: 0.9885 | RMSE: 0.1039 | IC: 0.9943 | RankIC: 0.9879
2026-02-27 11:28:46,381 - root - INFO - Valid Results | R²: 0.5998 | RMSE: 0.6279 | IC: 0.8412 | RankIC: 0.8702
2026-02-27 11:28:46,425 - root - INFO - Epoch [299/10000],
2026-02-27 11:28:46,425 - root - INFO - Train Results | R²: 0.9873 | RMSE: 0.1091 | IC: 0.9937 | RankIC: 0.9884
2026-02-27 11:28:46,425 - root - INFO - Valid Results | R²: 0.6056 | RMSE: 0.6233 | IC: 0.8442 | RankIC: 0.8596
2026-02-27 11:28:46,454 - root - INFO - Epoch [300/10000],
2026-02-27 11:28:46,455 - root - INFO - Train Results | R²: 0.9885 | RMSE: 0.1037 | IC: 0.9943 | RankIC: 0.9886
2026-02-27 11:28:46,455 - root - INFO - Valid Results | R²: 0.6038 | RMSE: 0.6247 | IC: 0.8446 | RankIC: 0.8596
2026-02-27 11:28:46,487 - root - INFO - Early stopping triggered at epoch 301. No improvement for 100 epochs.
2026-02-27 11:28:46,519 - root - INFO - Run 4 Test Results | R²: 0.0922 | RMSE: 1.1148 | IC: 0.3756 | RankIC: 0.4857
2026-02-27 11:28:46,521 - root - INFO - 
2026-02-27 11:28:46,522 - root - INFO - ============================================================
2026-02-27 11:28:46,522 - root - INFO - Causal-TSF Run 5/5 Starting...
2026-02-27 11:28:46,522 - root - INFO - ============================================================
2026-02-27 11:28:46,562 - root - INFO - Best model saved at epoch 1 with validation R2: -0.0535
2026-02-27 11:28:46,562 - root - INFO - Epoch [1/10000],
2026-02-27 11:28:46,562 - root - INFO - Train Results | R²: -0.0375 | RMSE: 0.9865 | IC: -0.5327 | RankIC: -0.6050
2026-02-27 11:28:46,562 - root - INFO - Valid Results | R²: -0.0535 | RMSE: 1.0187 | IC: -0.5616 | RankIC: -0.5579
2026-02-27 11:28:46,593 - root - INFO - Best model saved at epoch 2 with validation R2: -0.0530
2026-02-27 11:28:46,594 - root - INFO - Epoch [2/10000],
2026-02-27 11:28:46,594 - root - INFO - Train Results | R²: -0.0362 | RMSE: 0.9859 | IC: -0.2796 | RankIC: -0.3824
2026-02-27 11:28:46,594 - root - INFO - Valid Results | R²: -0.0530 | RMSE: 1.0184 | IC: -0.3913 | RankIC: -0.3649
2026-02-27 11:28:46,630 - root - INFO - Best model saved at epoch 3 with validation R2: -0.0528
2026-02-27 11:28:46,630 - root - INFO - Epoch [3/10000],
2026-02-27 11:28:46,630 - root - INFO - Train Results | R²: -0.0350 | RMSE: 0.9853 | IC: 0.1121 | RankIC: -0.0289
2026-02-27 11:28:46,631 - root - INFO - Valid Results | R²: -0.0528 | RMSE: 1.0183 | IC: -0.2415 | RankIC: -0.2982
2026-02-27 11:28:46,662 - root - INFO - Best model saved at epoch 4 with validation R2: -0.0523
2026-02-27 11:28:46,662 - root - INFO - Epoch [4/10000],
2026-02-27 11:28:46,663 - root - INFO - Train Results | R²: -0.0342 | RMSE: 0.9850 | IC: 0.4024 | RankIC: 0.1939
2026-02-27 11:28:46,663 - root - INFO - Valid Results | R²: -0.0523 | RMSE: 1.0181 | IC: 0.0168 | RankIC: -0.0930
2026-02-27 11:28:46,691 - root - INFO - Epoch [5/10000],
2026-02-27 11:28:46,692 - root - INFO - Train Results | R²: -0.0337 | RMSE: 0.9847 | IC: 0.5182 | RankIC: 0.3284
2026-02-27 11:28:46,692 - root - INFO - Valid Results | R²: -0.0523 | RMSE: 1.0181 | IC: 0.1686 | RankIC: -0.0175
2026-02-27 11:28:46,729 - root - INFO - Best model saved at epoch 6 with validation R2: -0.0517
2026-02-27 11:28:46,730 - root - INFO - Epoch [6/10000],
2026-02-27 11:28:46,730 - root - INFO - Train Results | R²: -0.0326 | RMSE: 0.9842 | IC: 0.6926 | RankIC: 0.6098
2026-02-27 11:28:46,731 - root - INFO - Valid Results | R²: -0.0517 | RMSE: 1.0179 | IC: 0.4979 | RankIC: 0.4754
2026-02-27 11:28:46,767 - root - INFO - Epoch [7/10000],
2026-02-27 11:28:46,767 - root - INFO - Train Results | R²: -0.0318 | RMSE: 0.9838 | IC: 0.7462 | RankIC: 0.6878
2026-02-27 11:28:46,767 - root - INFO - Valid Results | R²: -0.0518 | RMSE: 1.0179 | IC: 0.5473 | RankIC: 0.5298
2026-02-27 11:28:46,800 - root - INFO - Best model saved at epoch 8 with validation R2: -0.0513
2026-02-27 11:28:46,800 - root - INFO - Epoch [8/10000],
2026-02-27 11:28:46,800 - root - INFO - Train Results | R²: -0.0311 | RMSE: 0.9835 | IC: 0.8104 | RankIC: 0.7873
2026-02-27 11:28:46,800 - root - INFO - Valid Results | R²: -0.0513 | RMSE: 1.0176 | IC: 0.6696 | RankIC: 0.6754
2026-02-27 11:28:46,832 - root - INFO - Best model saved at epoch 9 with validation R2: -0.0511
2026-02-27 11:28:46,832 - root - INFO - Epoch [9/10000],
2026-02-27 11:28:46,832 - root - INFO - Train Results | R²: -0.0302 | RMSE: 0.9830 | IC: 0.8072 | RankIC: 0.8468
2026-02-27 11:28:46,833 - root - INFO - Valid Results | R²: -0.0511 | RMSE: 1.0176 | IC: 0.7612 | RankIC: 0.7456
2026-02-27 11:28:46,870 - root - INFO - Best model saved at epoch 10 with validation R2: -0.0506
2026-02-27 11:28:46,870 - root - INFO - Epoch [10/10000],
2026-02-27 11:28:46,870 - root - INFO - Train Results | R²: -0.0293 | RMSE: 0.9826 | IC: 0.8461 | RankIC: 0.8623
2026-02-27 11:28:46,871 - root - INFO - Valid Results | R²: -0.0506 | RMSE: 1.0173 | IC: 0.8282 | RankIC: 0.7825
2026-02-27 11:28:46,911 - root - INFO - Best model saved at epoch 11 with validation R2: -0.0504
2026-02-27 11:28:46,913 - root - INFO - Epoch [11/10000],
2026-02-27 11:28:46,913 - root - INFO - Train Results | R²: -0.0282 | RMSE: 0.9821 | IC: 0.8536 | RankIC: 0.8594
2026-02-27 11:28:46,914 - root - INFO - Valid Results | R²: -0.0504 | RMSE: 1.0172 | IC: 0.8533 | RankIC: 0.8088
2026-02-27 11:28:46,957 - root - INFO - Best model saved at epoch 12 with validation R2: -0.0502
2026-02-27 11:28:46,957 - root - INFO - Epoch [12/10000],
2026-02-27 11:28:46,957 - root - INFO - Train Results | R²: -0.0272 | RMSE: 0.9816 | IC: 0.8708 | RankIC: 0.8568
2026-02-27 11:28:46,958 - root - INFO - Valid Results | R²: -0.0502 | RMSE: 1.0171 | IC: 0.8665 | RankIC: 0.8316
2026-02-27 11:28:46,994 - root - INFO - Best model saved at epoch 13 with validation R2: -0.0500
2026-02-27 11:28:46,995 - root - INFO - Epoch [13/10000],
2026-02-27 11:28:46,995 - root - INFO - Train Results | R²: -0.0263 | RMSE: 0.9812 | IC: 0.8605 | RankIC: 0.8566
2026-02-27 11:28:46,995 - root - INFO - Valid Results | R²: -0.0500 | RMSE: 1.0170 | IC: 0.8978 | RankIC: 0.8368
2026-02-27 11:28:47,029 - root - INFO - Best model saved at epoch 14 with validation R2: -0.0494
2026-02-27 11:28:47,029 - root - INFO - Epoch [14/10000],
2026-02-27 11:28:47,029 - root - INFO - Train Results | R²: -0.0249 | RMSE: 0.9805 | IC: 0.8824 | RankIC: 0.8599
2026-02-27 11:28:47,029 - root - INFO - Valid Results | R²: -0.0494 | RMSE: 1.0167 | IC: 0.8974 | RankIC: 0.8579
2026-02-27 11:28:47,067 - root - INFO - Best model saved at epoch 15 with validation R2: -0.0493
2026-02-27 11:28:47,067 - root - INFO - Epoch [15/10000],
2026-02-27 11:28:47,068 - root - INFO - Train Results | R²: -0.0237 | RMSE: 0.9799 | IC: 0.8831 | RankIC: 0.8796
2026-02-27 11:28:47,068 - root - INFO - Valid Results | R²: -0.0493 | RMSE: 1.0167 | IC: 0.9104 | RankIC: 0.8825
2026-02-27 11:28:47,113 - root - INFO - Best model saved at epoch 16 with validation R2: -0.0484
2026-02-27 11:28:47,114 - root - INFO - Epoch [16/10000],
2026-02-27 11:28:47,114 - root - INFO - Train Results | R²: -0.0225 | RMSE: 0.9794 | IC: 0.8958 | RankIC: 0.8694
2026-02-27 11:28:47,115 - root - INFO - Valid Results | R²: -0.0484 | RMSE: 1.0163 | IC: 0.9080 | RankIC: 0.8684
2026-02-27 11:28:47,154 - root - INFO - Best model saved at epoch 17 with validation R2: -0.0478
2026-02-27 11:28:47,155 - root - INFO - Epoch [17/10000],
2026-02-27 11:28:47,155 - root - INFO - Train Results | R²: -0.0212 | RMSE: 0.9787 | IC: 0.8942 | RankIC: 0.8796
2026-02-27 11:28:47,155 - root - INFO - Valid Results | R²: -0.0478 | RMSE: 1.0159 | IC: 0.9084 | RankIC: 0.8842
2026-02-27 11:28:47,189 - root - INFO - Epoch [18/10000],
2026-02-27 11:28:47,190 - root - INFO - Train Results | R²: -0.0202 | RMSE: 0.9783 | IC: 0.8990 | RankIC: 0.8743
2026-02-27 11:28:47,190 - root - INFO - Valid Results | R²: -0.0477 | RMSE: 1.0159 | IC: 0.9083 | RankIC: 0.8684
2026-02-27 11:28:47,232 - root - INFO - Best model saved at epoch 19 with validation R2: -0.0465
2026-02-27 11:28:47,232 - root - INFO - Epoch [19/10000],
2026-02-27 11:28:47,233 - root - INFO - Train Results | R²: -0.0184 | RMSE: 0.9774 | IC: 0.8929 | RankIC: 0.8698
2026-02-27 11:28:47,233 - root - INFO - Valid Results | R²: -0.0465 | RMSE: 1.0153 | IC: 0.9144 | RankIC: 0.8947
2026-02-27 11:28:47,265 - root - INFO - Best model saved at epoch 20 with validation R2: -0.0461
2026-02-27 11:28:47,265 - root - INFO - Epoch [20/10000],
2026-02-27 11:28:47,266 - root - INFO - Train Results | R²: -0.0167 | RMSE: 0.9766 | IC: 0.8924 | RankIC: 0.8777
2026-02-27 11:28:47,266 - root - INFO - Valid Results | R²: -0.0461 | RMSE: 1.0151 | IC: 0.8957 | RankIC: 0.8719
2026-02-27 11:28:47,299 - root - INFO - Best model saved at epoch 21 with validation R2: -0.0449
2026-02-27 11:28:47,300 - root - INFO - Epoch [21/10000],
2026-02-27 11:28:47,300 - root - INFO - Train Results | R²: -0.0139 | RMSE: 0.9752 | IC: 0.8953 | RankIC: 0.8720
2026-02-27 11:28:47,300 - root - INFO - Valid Results | R²: -0.0449 | RMSE: 1.0145 | IC: 0.9066 | RankIC: 0.8807
2026-02-27 11:28:47,333 - root - INFO - Best model saved at epoch 22 with validation R2: -0.0442
2026-02-27 11:28:47,333 - root - INFO - Epoch [22/10000],
2026-02-27 11:28:47,334 - root - INFO - Train Results | R²: -0.0122 | RMSE: 0.9744 | IC: 0.9011 | RankIC: 0.8772
2026-02-27 11:28:47,334 - root - INFO - Valid Results | R²: -0.0442 | RMSE: 1.0142 | IC: 0.8930 | RankIC: 0.8684
2026-02-27 11:28:47,367 - root - INFO - Best model saved at epoch 23 with validation R2: -0.0430
2026-02-27 11:28:47,367 - root - INFO - Epoch [23/10000],
2026-02-27 11:28:47,367 - root - INFO - Train Results | R²: -0.0096 | RMSE: 0.9732 | IC: 0.9044 | RankIC: 0.8781
2026-02-27 11:28:47,368 - root - INFO - Valid Results | R²: -0.0430 | RMSE: 1.0136 | IC: 0.9180 | RankIC: 0.9018
2026-02-27 11:28:47,410 - root - INFO - Best model saved at epoch 24 with validation R2: -0.0414
2026-02-27 11:28:47,410 - root - INFO - Epoch [24/10000],
2026-02-27 11:28:47,411 - root - INFO - Train Results | R²: -0.0065 | RMSE: 0.9717 | IC: 0.9063 | RankIC: 0.8796
2026-02-27 11:28:47,411 - root - INFO - Valid Results | R²: -0.0414 | RMSE: 1.0129 | IC: 0.9013 | RankIC: 0.8702
2026-02-27 11:28:47,442 - root - INFO - Best model saved at epoch 25 with validation R2: -0.0401
2026-02-27 11:28:47,442 - root - INFO - Epoch [25/10000],
2026-02-27 11:28:47,442 - root - INFO - Train Results | R²: -0.0050 | RMSE: 0.9710 | IC: 0.9024 | RankIC: 0.8810
2026-02-27 11:28:47,442 - root - INFO - Valid Results | R²: -0.0401 | RMSE: 1.0122 | IC: 0.8973 | RankIC: 0.8737
2026-02-27 11:28:47,472 - root - INFO - Best model saved at epoch 26 with validation R2: -0.0391
2026-02-27 11:28:47,472 - root - INFO - Epoch [26/10000],
2026-02-27 11:28:47,473 - root - INFO - Train Results | R²: -0.0024 | RMSE: 0.9697 | IC: 0.9051 | RankIC: 0.8784
2026-02-27 11:28:47,473 - root - INFO - Valid Results | R²: -0.0391 | RMSE: 1.0117 | IC: 0.8949 | RankIC: 0.8702
2026-02-27 11:28:47,513 - root - INFO - Best model saved at epoch 27 with validation R2: -0.0372
2026-02-27 11:28:47,514 - root - INFO - Epoch [27/10000],
2026-02-27 11:28:47,514 - root - INFO - Train Results | R²: 0.0006 | RMSE: 0.9682 | IC: 0.9011 | RankIC: 0.8779
2026-02-27 11:28:47,514 - root - INFO - Valid Results | R²: -0.0372 | RMSE: 1.0108 | IC: 0.9088 | RankIC: 0.8825
2026-02-27 11:28:47,548 - root - INFO - Best model saved at epoch 28 with validation R2: -0.0353
2026-02-27 11:28:47,549 - root - INFO - Epoch [28/10000],
2026-02-27 11:28:47,549 - root - INFO - Train Results | R²: 0.0034 | RMSE: 0.9669 | IC: 0.8984 | RankIC: 0.8777
2026-02-27 11:28:47,549 - root - INFO - Valid Results | R²: -0.0353 | RMSE: 1.0099 | IC: 0.8985 | RankIC: 0.8702
2026-02-27 11:28:47,581 - root - INFO - Best model saved at epoch 29 with validation R2: -0.0338
2026-02-27 11:28:47,581 - root - INFO - Epoch [29/10000],
2026-02-27 11:28:47,581 - root - INFO - Train Results | R²: 0.0061 | RMSE: 0.9655 | IC: 0.8992 | RankIC: 0.8767
2026-02-27 11:28:47,581 - root - INFO - Valid Results | R²: -0.0338 | RMSE: 1.0091 | IC: 0.8988 | RankIC: 0.8614
2026-02-27 11:28:47,613 - root - INFO - Best model saved at epoch 30 with validation R2: -0.0315
2026-02-27 11:28:47,613 - root - INFO - Epoch [30/10000],
2026-02-27 11:28:47,614 - root - INFO - Train Results | R²: 0.0096 | RMSE: 0.9639 | IC: 0.8990 | RankIC: 0.8824
2026-02-27 11:28:47,614 - root - INFO - Valid Results | R²: -0.0315 | RMSE: 1.0080 | IC: 0.8989 | RankIC: 0.8614
2026-02-27 11:28:47,647 - root - INFO - Best model saved at epoch 31 with validation R2: -0.0292
2026-02-27 11:28:47,648 - root - INFO - Epoch [31/10000],
2026-02-27 11:28:47,648 - root - INFO - Train Results | R²: 0.0133 | RMSE: 0.9621 | IC: 0.9039 | RankIC: 0.8807
2026-02-27 11:28:47,648 - root - INFO - Valid Results | R²: -0.0292 | RMSE: 1.0069 | IC: 0.9050 | RankIC: 0.8719
2026-02-27 11:28:47,681 - root - INFO - Best model saved at epoch 32 with validation R2: -0.0268
2026-02-27 11:28:47,681 - root - INFO - Epoch [32/10000],
2026-02-27 11:28:47,681 - root - INFO - Train Results | R²: 0.0172 | RMSE: 0.9602 | IC: 0.9029 | RankIC: 0.8779
2026-02-27 11:28:47,681 - root - INFO - Valid Results | R²: -0.0268 | RMSE: 1.0057 | IC: 0.9020 | RankIC: 0.8596
2026-02-27 11:28:47,712 - root - INFO - Best model saved at epoch 33 with validation R2: -0.0241
2026-02-27 11:28:47,712 - root - INFO - Epoch [33/10000],
2026-02-27 11:28:47,712 - root - INFO - Train Results | R²: 0.0199 | RMSE: 0.9588 | IC: 0.8970 | RankIC: 0.8843
2026-02-27 11:28:47,712 - root - INFO - Valid Results | R²: -0.0241 | RMSE: 1.0044 | IC: 0.9019 | RankIC: 0.8737
2026-02-27 11:28:47,741 - root - INFO - Best model saved at epoch 34 with validation R2: -0.0214
2026-02-27 11:28:47,743 - root - INFO - Epoch [34/10000],
2026-02-27 11:28:47,743 - root - INFO - Train Results | R²: 0.0240 | RMSE: 0.9569 | IC: 0.9065 | RankIC: 0.8810
2026-02-27 11:28:47,743 - root - INFO - Valid Results | R²: -0.0214 | RMSE: 1.0031 | IC: 0.9012 | RankIC: 0.8719
2026-02-27 11:28:47,776 - root - INFO - Best model saved at epoch 35 with validation R2: -0.0184
2026-02-27 11:28:47,777 - root - INFO - Epoch [35/10000],
2026-02-27 11:28:47,777 - root - INFO - Train Results | R²: 0.0284 | RMSE: 0.9547 | IC: 0.9018 | RankIC: 0.8831
2026-02-27 11:28:47,777 - root - INFO - Valid Results | R²: -0.0184 | RMSE: 1.0016 | IC: 0.9103 | RankIC: 0.8719
2026-02-27 11:28:47,806 - root - INFO - Best model saved at epoch 36 with validation R2: -0.0149
2026-02-27 11:28:47,807 - root - INFO - Epoch [36/10000],
2026-02-27 11:28:47,807 - root - INFO - Train Results | R²: 0.0318 | RMSE: 0.9530 | IC: 0.9059 | RankIC: 0.8829
2026-02-27 11:28:47,808 - root - INFO - Valid Results | R²: -0.0149 | RMSE: 0.9999 | IC: 0.9035 | RankIC: 0.8719
2026-02-27 11:28:47,836 - root - INFO - Best model saved at epoch 37 with validation R2: -0.0132
2026-02-27 11:28:47,837 - root - INFO - Epoch [37/10000],
2026-02-27 11:28:47,837 - root - INFO - Train Results | R²: 0.0366 | RMSE: 0.9507 | IC: 0.9052 | RankIC: 0.8810
2026-02-27 11:28:47,837 - root - INFO - Valid Results | R²: -0.0132 | RMSE: 0.9990 | IC: 0.9018 | RankIC: 0.8649
2026-02-27 11:28:47,869 - root - INFO - Best model saved at epoch 38 with validation R2: -0.0089
2026-02-27 11:28:47,869 - root - INFO - Epoch [38/10000],
2026-02-27 11:28:47,869 - root - INFO - Train Results | R²: 0.0423 | RMSE: 0.9478 | IC: 0.9084 | RankIC: 0.8793
2026-02-27 11:28:47,870 - root - INFO - Valid Results | R²: -0.0089 | RMSE: 0.9969 | IC: 0.9050 | RankIC: 0.8719
2026-02-27 11:28:47,908 - root - INFO - Best model saved at epoch 39 with validation R2: -0.0048
2026-02-27 11:28:47,908 - root - INFO - Epoch [39/10000],
2026-02-27 11:28:47,908 - root - INFO - Train Results | R²: 0.0473 | RMSE: 0.9454 | IC: 0.9099 | RankIC: 0.8822
2026-02-27 11:28:47,909 - root - INFO - Valid Results | R²: -0.0048 | RMSE: 0.9949 | IC: 0.9075 | RankIC: 0.8719
2026-02-27 11:28:47,945 - root - INFO - Best model saved at epoch 40 with validation R2: -0.0013
2026-02-27 11:28:47,945 - root - INFO - Epoch [40/10000],
2026-02-27 11:28:47,945 - root - INFO - Train Results | R²: 0.0514 | RMSE: 0.9433 | IC: 0.9119 | RankIC: 0.8819
2026-02-27 11:28:47,945 - root - INFO - Valid Results | R²: -0.0013 | RMSE: 0.9932 | IC: 0.9046 | RankIC: 0.8614
2026-02-27 11:28:47,977 - root - INFO - Best model saved at epoch 41 with validation R2: 0.0021
2026-02-27 11:28:47,978 - root - INFO - Epoch [41/10000],
2026-02-27 11:28:47,978 - root - INFO - Train Results | R²: 0.0578 | RMSE: 0.9401 | IC: 0.9080 | RankIC: 0.8831
2026-02-27 11:28:47,978 - root - INFO - Valid Results | R²: 0.0021 | RMSE: 0.9915 | IC: 0.9069 | RankIC: 0.8719
2026-02-27 11:28:48,007 - root - INFO - Best model saved at epoch 42 with validation R2: 0.0064
2026-02-27 11:28:48,007 - root - INFO - Epoch [42/10000],
2026-02-27 11:28:48,007 - root - INFO - Train Results | R²: 0.0621 | RMSE: 0.9380 | IC: 0.9109 | RankIC: 0.8919
2026-02-27 11:28:48,007 - root - INFO - Valid Results | R²: 0.0064 | RMSE: 0.9893 | IC: 0.9095 | RankIC: 0.8737
2026-02-27 11:28:48,037 - root - INFO - Best model saved at epoch 43 with validation R2: 0.0105
2026-02-27 11:28:48,037 - root - INFO - Epoch [43/10000],
2026-02-27 11:28:48,037 - root - INFO - Train Results | R²: 0.0686 | RMSE: 0.9347 | IC: 0.9153 | RankIC: 0.8786
2026-02-27 11:28:48,038 - root - INFO - Valid Results | R²: 0.0105 | RMSE: 0.9873 | IC: 0.9090 | RankIC: 0.8719
2026-02-27 11:28:48,067 - root - INFO - Best model saved at epoch 44 with validation R2: 0.0149
2026-02-27 11:28:48,068 - root - INFO - Epoch [44/10000],
2026-02-27 11:28:48,068 - root - INFO - Train Results | R²: 0.0741 | RMSE: 0.9320 | IC: 0.9160 | RankIC: 0.8860
2026-02-27 11:28:48,068 - root - INFO - Valid Results | R²: 0.0149 | RMSE: 0.9851 | IC: 0.9091 | RankIC: 0.8526
2026-02-27 11:28:48,100 - root - INFO - Best model saved at epoch 45 with validation R2: 0.0191
2026-02-27 11:28:48,100 - root - INFO - Epoch [45/10000],
2026-02-27 11:28:48,100 - root - INFO - Train Results | R²: 0.0813 | RMSE: 0.9283 | IC: 0.9165 | RankIC: 0.8829
2026-02-27 11:28:48,101 - root - INFO - Valid Results | R²: 0.0191 | RMSE: 0.9830 | IC: 0.9108 | RankIC: 0.8649
2026-02-27 11:28:48,131 - root - INFO - Best model saved at epoch 46 with validation R2: 0.0249
2026-02-27 11:28:48,131 - root - INFO - Epoch [46/10000],
2026-02-27 11:28:48,131 - root - INFO - Train Results | R²: 0.0872 | RMSE: 0.9253 | IC: 0.9129 | RankIC: 0.8826
2026-02-27 11:28:48,132 - root - INFO - Valid Results | R²: 0.0249 | RMSE: 0.9801 | IC: 0.9145 | RankIC: 0.8807
2026-02-27 11:28:48,161 - root - INFO - Best model saved at epoch 47 with validation R2: 0.0289
2026-02-27 11:28:48,161 - root - INFO - Epoch [47/10000],
2026-02-27 11:28:48,161 - root - INFO - Train Results | R²: 0.0937 | RMSE: 0.9221 | IC: 0.9131 | RankIC: 0.8770
2026-02-27 11:28:48,161 - root - INFO - Valid Results | R²: 0.0289 | RMSE: 0.9780 | IC: 0.9097 | RankIC: 0.8649
2026-02-27 11:28:48,192 - root - INFO - Best model saved at epoch 48 with validation R2: 0.0349
2026-02-27 11:28:48,192 - root - INFO - Epoch [48/10000],
2026-02-27 11:28:48,192 - root - INFO - Train Results | R²: 0.1027 | RMSE: 0.9174 | IC: 0.9166 | RankIC: 0.8902
2026-02-27 11:28:48,192 - root - INFO - Valid Results | R²: 0.0349 | RMSE: 0.9750 | IC: 0.9103 | RankIC: 0.8649
2026-02-27 11:28:48,227 - root - INFO - Best model saved at epoch 49 with validation R2: 0.0394
2026-02-27 11:28:48,228 - root - INFO - Epoch [49/10000],
2026-02-27 11:28:48,228 - root - INFO - Train Results | R²: 0.1089 | RMSE: 0.9143 | IC: 0.9129 | RankIC: 0.8829
2026-02-27 11:28:48,228 - root - INFO - Valid Results | R²: 0.0394 | RMSE: 0.9728 | IC: 0.9113 | RankIC: 0.8789
2026-02-27 11:28:48,257 - root - INFO - Best model saved at epoch 50 with validation R2: 0.0451
2026-02-27 11:28:48,258 - root - INFO - Epoch [50/10000],
2026-02-27 11:28:48,258 - root - INFO - Train Results | R²: 0.1167 | RMSE: 0.9103 | IC: 0.9165 | RankIC: 0.8838
2026-02-27 11:28:48,258 - root - INFO - Valid Results | R²: 0.0451 | RMSE: 0.9699 | IC: 0.9130 | RankIC: 0.8649
2026-02-27 11:28:48,290 - root - INFO - Best model saved at epoch 51 with validation R2: 0.0515
2026-02-27 11:28:48,290 - root - INFO - Epoch [51/10000],
2026-02-27 11:28:48,290 - root - INFO - Train Results | R²: 0.1261 | RMSE: 0.9054 | IC: 0.9126 | RankIC: 0.8841
2026-02-27 11:28:48,291 - root - INFO - Valid Results | R²: 0.0515 | RMSE: 0.9666 | IC: 0.9138 | RankIC: 0.8789
2026-02-27 11:28:48,328 - root - INFO - Best model saved at epoch 52 with validation R2: 0.0582
2026-02-27 11:28:48,329 - root - INFO - Epoch [52/10000],
2026-02-27 11:28:48,329 - root - INFO - Train Results | R²: 0.1336 | RMSE: 0.9015 | IC: 0.9172 | RankIC: 0.8867
2026-02-27 11:28:48,329 - root - INFO - Valid Results | R²: 0.0582 | RMSE: 0.9632 | IC: 0.9190 | RankIC: 0.8702
2026-02-27 11:28:48,365 - root - INFO - Best model saved at epoch 53 with validation R2: 0.0640
2026-02-27 11:28:48,365 - root - INFO - Epoch [53/10000],
2026-02-27 11:28:48,365 - root - INFO - Train Results | R²: 0.1404 | RMSE: 0.8980 | IC: 0.9161 | RankIC: 0.8817
2026-02-27 11:28:48,365 - root - INFO - Valid Results | R²: 0.0640 | RMSE: 0.9602 | IC: 0.9143 | RankIC: 0.8789
2026-02-27 11:28:48,401 - root - INFO - Best model saved at epoch 54 with validation R2: 0.0707
2026-02-27 11:28:48,401 - root - INFO - Epoch [54/10000],
2026-02-27 11:28:48,401 - root - INFO - Train Results | R²: 0.1511 | RMSE: 0.8924 | IC: 0.9160 | RankIC: 0.8843
2026-02-27 11:28:48,401 - root - INFO - Valid Results | R²: 0.0707 | RMSE: 0.9568 | IC: 0.9129 | RankIC: 0.8772
2026-02-27 11:28:48,431 - root - INFO - Best model saved at epoch 55 with validation R2: 0.0775
2026-02-27 11:28:48,431 - root - INFO - Epoch [55/10000],
2026-02-27 11:28:48,431 - root - INFO - Train Results | R²: 0.1592 | RMSE: 0.8881 | IC: 0.9109 | RankIC: 0.8826
2026-02-27 11:28:48,431 - root - INFO - Valid Results | R²: 0.0775 | RMSE: 0.9533 | IC: 0.9145 | RankIC: 0.8789
2026-02-27 11:28:48,462 - root - INFO - Best model saved at epoch 56 with validation R2: 0.0847
2026-02-27 11:28:48,462 - root - INFO - Epoch [56/10000],
2026-02-27 11:28:48,463 - root - INFO - Train Results | R²: 0.1676 | RMSE: 0.8836 | IC: 0.9137 | RankIC: 0.8862
2026-02-27 11:28:48,463 - root - INFO - Valid Results | R²: 0.0847 | RMSE: 0.9495 | IC: 0.9148 | RankIC: 0.8702
2026-02-27 11:28:48,493 - root - INFO - Best model saved at epoch 57 with validation R2: 0.0931
2026-02-27 11:28:48,494 - root - INFO - Epoch [57/10000],
2026-02-27 11:28:48,494 - root - INFO - Train Results | R²: 0.1810 | RMSE: 0.8765 | IC: 0.9161 | RankIC: 0.8909
2026-02-27 11:28:48,494 - root - INFO - Valid Results | R²: 0.0931 | RMSE: 0.9452 | IC: 0.9161 | RankIC: 0.8789
2026-02-27 11:28:48,522 - root - INFO - Best model saved at epoch 58 with validation R2: 0.1010
2026-02-27 11:28:48,522 - root - INFO - Epoch [58/10000],
2026-02-27 11:28:48,523 - root - INFO - Train Results | R²: 0.1883 | RMSE: 0.8726 | IC: 0.9145 | RankIC: 0.8978
2026-02-27 11:28:48,523 - root - INFO - Valid Results | R²: 0.1010 | RMSE: 0.9411 | IC: 0.9148 | RankIC: 0.8684
2026-02-27 11:28:48,554 - root - INFO - Best model saved at epoch 59 with validation R2: 0.1088
2026-02-27 11:28:48,554 - root - INFO - Epoch [59/10000],
2026-02-27 11:28:48,554 - root - INFO - Train Results | R²: 0.1994 | RMSE: 0.8666 | IC: 0.9176 | RankIC: 0.8902
2026-02-27 11:28:48,555 - root - INFO - Valid Results | R²: 0.1088 | RMSE: 0.9370 | IC: 0.9176 | RankIC: 0.8789
2026-02-27 11:28:48,584 - root - INFO - Best model saved at epoch 60 with validation R2: 0.1171
2026-02-27 11:28:48,584 - root - INFO - Epoch [60/10000],
2026-02-27 11:28:48,584 - root - INFO - Train Results | R²: 0.2095 | RMSE: 0.8611 | IC: 0.9137 | RankIC: 0.8905
2026-02-27 11:28:48,585 - root - INFO - Valid Results | R²: 0.1171 | RMSE: 0.9326 | IC: 0.9148 | RankIC: 0.8702
2026-02-27 11:28:48,617 - root - INFO - Best model saved at epoch 61 with validation R2: 0.1261
2026-02-27 11:28:48,618 - root - INFO - Epoch [61/10000],
2026-02-27 11:28:48,618 - root - INFO - Train Results | R²: 0.2193 | RMSE: 0.8558 | IC: 0.9139 | RankIC: 0.8872
2026-02-27 11:28:48,618 - root - INFO - Valid Results | R²: 0.1261 | RMSE: 0.9278 | IC: 0.9142 | RankIC: 0.8719
2026-02-27 11:28:48,653 - root - INFO - Best model saved at epoch 62 with validation R2: 0.1349
2026-02-27 11:28:48,653 - root - INFO - Epoch [62/10000],
2026-02-27 11:28:48,653 - root - INFO - Train Results | R²: 0.2316 | RMSE: 0.8490 | IC: 0.9141 | RankIC: 0.8864
2026-02-27 11:28:48,653 - root - INFO - Valid Results | R²: 0.1349 | RMSE: 0.9231 | IC: 0.9125 | RankIC: 0.8684
2026-02-27 11:28:48,699 - root - INFO - Best model saved at epoch 63 with validation R2: 0.1455
2026-02-27 11:28:48,699 - root - INFO - Epoch [63/10000],
2026-02-27 11:28:48,699 - root - INFO - Train Results | R²: 0.2439 | RMSE: 0.8422 | IC: 0.9143 | RankIC: 0.8855
2026-02-27 11:28:48,699 - root - INFO - Valid Results | R²: 0.1455 | RMSE: 0.9174 | IC: 0.9135 | RankIC: 0.8684
2026-02-27 11:28:48,733 - root - INFO - Best model saved at epoch 64 with validation R2: 0.1530
2026-02-27 11:28:48,733 - root - INFO - Epoch [64/10000],
2026-02-27 11:28:48,733 - root - INFO - Train Results | R²: 0.2550 | RMSE: 0.8360 | IC: 0.9136 | RankIC: 0.8879
2026-02-27 11:28:48,733 - root - INFO - Valid Results | R²: 0.1530 | RMSE: 0.9134 | IC: 0.9141 | RankIC: 0.8719
2026-02-27 11:28:48,774 - root - INFO - Best model saved at epoch 65 with validation R2: 0.1627
2026-02-27 11:28:48,774 - root - INFO - Epoch [65/10000],
2026-02-27 11:28:48,774 - root - INFO - Train Results | R²: 0.2710 | RMSE: 0.8269 | IC: 0.9164 | RankIC: 0.8966
2026-02-27 11:28:48,774 - root - INFO - Valid Results | R²: 0.1627 | RMSE: 0.9082 | IC: 0.9129 | RankIC: 0.8737
2026-02-27 11:28:48,807 - root - INFO - Best model saved at epoch 66 with validation R2: 0.1739
2026-02-27 11:28:48,808 - root - INFO - Epoch [66/10000],
2026-02-27 11:28:48,808 - root - INFO - Train Results | R²: 0.2822 | RMSE: 0.8206 | IC: 0.9145 | RankIC: 0.8855
2026-02-27 11:28:48,808 - root - INFO - Valid Results | R²: 0.1739 | RMSE: 0.9021 | IC: 0.9131 | RankIC: 0.8684
2026-02-27 11:28:48,837 - root - INFO - Best model saved at epoch 67 with validation R2: 0.1856
2026-02-27 11:28:48,838 - root - INFO - Epoch [67/10000],
2026-02-27 11:28:48,838 - root - INFO - Train Results | R²: 0.2958 | RMSE: 0.8127 | IC: 0.9153 | RankIC: 0.9000
2026-02-27 11:28:48,838 - root - INFO - Valid Results | R²: 0.1856 | RMSE: 0.8957 | IC: 0.9144 | RankIC: 0.8719
2026-02-27 11:28:48,872 - root - INFO - Best model saved at epoch 68 with validation R2: 0.1956
2026-02-27 11:28:48,872 - root - INFO - Epoch [68/10000],
2026-02-27 11:28:48,873 - root - INFO - Train Results | R²: 0.3061 | RMSE: 0.8068 | IC: 0.9123 | RankIC: 0.8860
2026-02-27 11:28:48,873 - root - INFO - Valid Results | R²: 0.1956 | RMSE: 0.8902 | IC: 0.9123 | RankIC: 0.8737
2026-02-27 11:28:48,907 - root - INFO - Best model saved at epoch 69 with validation R2: 0.2086
2026-02-27 11:28:48,907 - root - INFO - Epoch [69/10000],
2026-02-27 11:28:48,907 - root - INFO - Train Results | R²: 0.3228 | RMSE: 0.7970 | IC: 0.9141 | RankIC: 0.8912
2026-02-27 11:28:48,908 - root - INFO - Valid Results | R²: 0.2086 | RMSE: 0.8829 | IC: 0.9136 | RankIC: 0.8719
2026-02-27 11:28:48,940 - root - INFO - Best model saved at epoch 70 with validation R2: 0.2179
2026-02-27 11:28:48,940 - root - INFO - Epoch [70/10000],
2026-02-27 11:28:48,940 - root - INFO - Train Results | R²: 0.3349 | RMSE: 0.7899 | IC: 0.9120 | RankIC: 0.8860
2026-02-27 11:28:48,940 - root - INFO - Valid Results | R²: 0.2179 | RMSE: 0.8777 | IC: 0.9099 | RankIC: 0.8719
2026-02-27 11:28:48,976 - root - INFO - Best model saved at epoch 71 with validation R2: 0.2304
2026-02-27 11:28:48,976 - root - INFO - Epoch [71/10000],
2026-02-27 11:28:48,976 - root - INFO - Train Results | R²: 0.3518 | RMSE: 0.7798 | IC: 0.9134 | RankIC: 0.8864
2026-02-27 11:28:48,976 - root - INFO - Valid Results | R²: 0.2304 | RMSE: 0.8707 | IC: 0.9120 | RankIC: 0.8737
2026-02-27 11:28:49,012 - root - INFO - Best model saved at epoch 72 with validation R2: 0.2429
2026-02-27 11:28:49,012 - root - INFO - Epoch [72/10000],
2026-02-27 11:28:49,012 - root - INFO - Train Results | R²: 0.3656 | RMSE: 0.7714 | IC: 0.9112 | RankIC: 0.8907
2026-02-27 11:28:49,013 - root - INFO - Valid Results | R²: 0.2429 | RMSE: 0.8636 | IC: 0.9096 | RankIC: 0.8737
2026-02-27 11:28:49,046 - root - INFO - Best model saved at epoch 73 with validation R2: 0.2547
2026-02-27 11:28:49,046 - root - INFO - Epoch [73/10000],
2026-02-27 11:28:49,047 - root - INFO - Train Results | R²: 0.3818 | RMSE: 0.7615 | IC: 0.9134 | RankIC: 0.8860
2026-02-27 11:28:49,047 - root - INFO - Valid Results | R²: 0.2547 | RMSE: 0.8568 | IC: 0.9083 | RankIC: 0.8719
2026-02-27 11:28:49,080 - root - INFO - Best model saved at epoch 74 with validation R2: 0.2682
2026-02-27 11:28:49,080 - root - INFO - Epoch [74/10000],
2026-02-27 11:28:49,080 - root - INFO - Train Results | R²: 0.3980 | RMSE: 0.7514 | IC: 0.9116 | RankIC: 0.8905
2026-02-27 11:28:49,080 - root - INFO - Valid Results | R²: 0.2682 | RMSE: 0.8490 | IC: 0.9096 | RankIC: 0.8719
2026-02-27 11:28:49,112 - root - INFO - Best model saved at epoch 75 with validation R2: 0.2814
2026-02-27 11:28:49,112 - root - INFO - Epoch [75/10000],
2026-02-27 11:28:49,113 - root - INFO - Train Results | R²: 0.4116 | RMSE: 0.7429 | IC: 0.9104 | RankIC: 0.8841
2026-02-27 11:28:49,113 - root - INFO - Valid Results | R²: 0.2814 | RMSE: 0.8413 | IC: 0.9103 | RankIC: 0.8719
2026-02-27 11:28:49,147 - root - INFO - Best model saved at epoch 76 with validation R2: 0.2951
2026-02-27 11:28:49,147 - root - INFO - Epoch [76/10000],
2026-02-27 11:28:49,147 - root - INFO - Train Results | R²: 0.4298 | RMSE: 0.7313 | IC: 0.9092 | RankIC: 0.8874
2026-02-27 11:28:49,148 - root - INFO - Valid Results | R²: 0.2951 | RMSE: 0.8333 | IC: 0.9087 | RankIC: 0.8702
2026-02-27 11:28:49,182 - root - INFO - Best model saved at epoch 77 with validation R2: 0.3094
2026-02-27 11:28:49,182 - root - INFO - Epoch [77/10000],
2026-02-27 11:28:49,182 - root - INFO - Train Results | R²: 0.4465 | RMSE: 0.7205 | IC: 0.9077 | RankIC: 0.8831
2026-02-27 11:28:49,182 - root - INFO - Valid Results | R²: 0.3094 | RMSE: 0.8248 | IC: 0.9108 | RankIC: 0.8772
2026-02-27 11:28:49,215 - root - INFO - Best model saved at epoch 78 with validation R2: 0.3216
2026-02-27 11:28:49,215 - root - INFO - Epoch [78/10000],
2026-02-27 11:28:49,215 - root - INFO - Train Results | R²: 0.4611 | RMSE: 0.7110 | IC: 0.9066 | RankIC: 0.8992
2026-02-27 11:28:49,215 - root - INFO - Valid Results | R²: 0.3216 | RMSE: 0.8175 | IC: 0.9090 | RankIC: 0.8807
2026-02-27 11:28:49,260 - root - INFO - Best model saved at epoch 79 with validation R2: 0.3368
2026-02-27 11:28:49,260 - root - INFO - Epoch [79/10000],
2026-02-27 11:28:49,260 - root - INFO - Train Results | R²: 0.4813 | RMSE: 0.6975 | IC: 0.9066 | RankIC: 0.8883
2026-02-27 11:28:49,261 - root - INFO - Valid Results | R²: 0.3368 | RMSE: 0.8083 | IC: 0.9089 | RankIC: 0.8789
2026-02-27 11:28:49,294 - root - INFO - Best model saved at epoch 80 with validation R2: 0.3499
2026-02-27 11:28:49,294 - root - INFO - Epoch [80/10000],
2026-02-27 11:28:49,294 - root - INFO - Train Results | R²: 0.4975 | RMSE: 0.6865 | IC: 0.9074 | RankIC: 0.8990
2026-02-27 11:28:49,294 - root - INFO - Valid Results | R²: 0.3499 | RMSE: 0.8003 | IC: 0.9086 | RankIC: 0.8789
2026-02-27 11:28:49,325 - root - INFO - Best model saved at epoch 81 with validation R2: 0.3675
2026-02-27 11:28:49,325 - root - INFO - Epoch [81/10000],
2026-02-27 11:28:49,325 - root - INFO - Train Results | R²: 0.5143 | RMSE: 0.6750 | IC: 0.9036 | RankIC: 0.8973
2026-02-27 11:28:49,326 - root - INFO - Valid Results | R²: 0.3675 | RMSE: 0.7893 | IC: 0.9087 | RankIC: 0.8789
2026-02-27 11:28:49,355 - root - INFO - Best model saved at epoch 82 with validation R2: 0.3797
2026-02-27 11:28:49,356 - root - INFO - Epoch [82/10000],
2026-02-27 11:28:49,356 - root - INFO - Train Results | R²: 0.5298 | RMSE: 0.6641 | IC: 0.9003 | RankIC: 0.8938
2026-02-27 11:28:49,356 - root - INFO - Valid Results | R²: 0.3797 | RMSE: 0.7817 | IC: 0.9087 | RankIC: 0.8789
2026-02-27 11:28:49,388 - root - INFO - Best model saved at epoch 83 with validation R2: 0.3943
2026-02-27 11:28:49,389 - root - INFO - Epoch [83/10000],
2026-02-27 11:28:49,389 - root - INFO - Train Results | R²: 0.5466 | RMSE: 0.6522 | IC: 0.8970 | RankIC: 0.8874
2026-02-27 11:28:49,389 - root - INFO - Valid Results | R²: 0.3943 | RMSE: 0.7724 | IC: 0.9065 | RankIC: 0.8789
2026-02-27 11:28:49,427 - root - INFO - Best model saved at epoch 84 with validation R2: 0.4071
2026-02-27 11:28:49,428 - root - INFO - Epoch [84/10000],
2026-02-27 11:28:49,428 - root - INFO - Train Results | R²: 0.5623 | RMSE: 0.6407 | IC: 0.8978 | RankIC: 0.8924
2026-02-27 11:28:49,428 - root - INFO - Valid Results | R²: 0.4071 | RMSE: 0.7642 | IC: 0.9066 | RankIC: 0.8789
2026-02-27 11:28:49,463 - root - INFO - Best model saved at epoch 85 with validation R2: 0.4229
2026-02-27 11:28:49,463 - root - INFO - Epoch [85/10000],
2026-02-27 11:28:49,464 - root - INFO - Train Results | R²: 0.5837 | RMSE: 0.6249 | IC: 0.8964 | RankIC: 0.8959
2026-02-27 11:28:49,464 - root - INFO - Valid Results | R²: 0.4229 | RMSE: 0.7540 | IC: 0.9056 | RankIC: 0.8789
2026-02-27 11:28:49,495 - root - INFO - Best model saved at epoch 86 with validation R2: 0.4380
2026-02-27 11:28:49,496 - root - INFO - Epoch [86/10000],
2026-02-27 11:28:49,496 - root - INFO - Train Results | R²: 0.6005 | RMSE: 0.6122 | IC: 0.8942 | RankIC: 0.8900
2026-02-27 11:28:49,496 - root - INFO - Valid Results | R²: 0.4380 | RMSE: 0.7440 | IC: 0.9062 | RankIC: 0.8860
2026-02-27 11:28:49,526 - root - INFO - Best model saved at epoch 87 with validation R2: 0.4522
2026-02-27 11:28:49,527 - root - INFO - Epoch [87/10000],
2026-02-27 11:28:49,527 - root - INFO - Train Results | R²: 0.6172 | RMSE: 0.5992 | IC: 0.8916 | RankIC: 0.8964
2026-02-27 11:28:49,527 - root - INFO - Valid Results | R²: 0.4522 | RMSE: 0.7346 | IC: 0.9063 | RankIC: 0.8772
2026-02-27 11:28:49,562 - root - INFO - Best model saved at epoch 88 with validation R2: 0.4667
2026-02-27 11:28:49,562 - root - INFO - Epoch [88/10000],
2026-02-27 11:28:49,562 - root - INFO - Train Results | R²: 0.6280 | RMSE: 0.5907 | IC: 0.8885 | RankIC: 0.8909
2026-02-27 11:28:49,563 - root - INFO - Valid Results | R²: 0.4667 | RMSE: 0.7248 | IC: 0.9047 | RankIC: 0.8807
2026-02-27 11:28:49,599 - root - INFO - Best model saved at epoch 89 with validation R2: 0.4798
2026-02-27 11:28:49,599 - root - INFO - Epoch [89/10000],
2026-02-27 11:28:49,599 - root - INFO - Train Results | R²: 0.6422 | RMSE: 0.5793 | IC: 0.8865 | RankIC: 0.8917
2026-02-27 11:28:49,599 - root - INFO - Valid Results | R²: 0.4798 | RMSE: 0.7158 | IC: 0.9031 | RankIC: 0.8789
2026-02-27 11:28:49,641 - root - INFO - Best model saved at epoch 90 with validation R2: 0.4928
2026-02-27 11:28:49,642 - root - INFO - Epoch [90/10000],
2026-02-27 11:28:49,642 - root - INFO - Train Results | R²: 0.6597 | RMSE: 0.5650 | IC: 0.8868 | RankIC: 0.8905
2026-02-27 11:28:49,642 - root - INFO - Valid Results | R²: 0.4928 | RMSE: 0.7068 | IC: 0.9021 | RankIC: 0.8772
2026-02-27 11:28:49,673 - root - INFO - Best model saved at epoch 91 with validation R2: 0.5067
2026-02-27 11:28:49,673 - root - INFO - Epoch [91/10000],
2026-02-27 11:28:49,673 - root - INFO - Train Results | R²: 0.6703 | RMSE: 0.5561 | IC: 0.8865 | RankIC: 0.8857
2026-02-27 11:28:49,673 - root - INFO - Valid Results | R²: 0.5067 | RMSE: 0.6971 | IC: 0.9050 | RankIC: 0.8807
2026-02-27 11:28:49,703 - root - INFO - Best model saved at epoch 92 with validation R2: 0.5187
2026-02-27 11:28:49,704 - root - INFO - Epoch [92/10000],
2026-02-27 11:28:49,704 - root - INFO - Train Results | R²: 0.6877 | RMSE: 0.5413 | IC: 0.8893 | RankIC: 0.8950
2026-02-27 11:28:49,704 - root - INFO - Valid Results | R²: 0.5187 | RMSE: 0.6885 | IC: 0.9018 | RankIC: 0.8842
2026-02-27 11:28:49,743 - root - INFO - Best model saved at epoch 93 with validation R2: 0.5304
2026-02-27 11:28:49,743 - root - INFO - Epoch [93/10000],
2026-02-27 11:28:49,743 - root - INFO - Train Results | R²: 0.7003 | RMSE: 0.5302 | IC: 0.8893 | RankIC: 0.8926
2026-02-27 11:28:49,743 - root - INFO - Valid Results | R²: 0.5304 | RMSE: 0.6802 | IC: 0.9015 | RankIC: 0.8789
2026-02-27 11:28:49,773 - root - INFO - Best model saved at epoch 94 with validation R2: 0.5429
2026-02-27 11:28:49,774 - root - INFO - Epoch [94/10000],
2026-02-27 11:28:49,774 - root - INFO - Train Results | R²: 0.7133 | RMSE: 0.5186 | IC: 0.8922 | RankIC: 0.9011
2026-02-27 11:28:49,774 - root - INFO - Valid Results | R²: 0.5429 | RMSE: 0.6710 | IC: 0.9021 | RankIC: 0.8772
2026-02-27 11:28:49,802 - root - INFO - Best model saved at epoch 95 with validation R2: 0.5561
2026-02-27 11:28:49,802 - root - INFO - Epoch [95/10000],
2026-02-27 11:28:49,803 - root - INFO - Train Results | R²: 0.7200 | RMSE: 0.5125 | IC: 0.8894 | RankIC: 0.8945
2026-02-27 11:28:49,803 - root - INFO - Valid Results | R²: 0.5561 | RMSE: 0.6613 | IC: 0.9031 | RankIC: 0.8772
2026-02-27 11:28:49,833 - root - INFO - Best model saved at epoch 96 with validation R2: 0.5665
2026-02-27 11:28:49,833 - root - INFO - Epoch [96/10000],
2026-02-27 11:28:49,834 - root - INFO - Train Results | R²: 0.7258 | RMSE: 0.5072 | IC: 0.8882 | RankIC: 0.8781
2026-02-27 11:28:49,834 - root - INFO - Valid Results | R²: 0.5665 | RMSE: 0.6535 | IC: 0.9014 | RankIC: 0.8772
2026-02-27 11:28:49,874 - root - INFO - Best model saved at epoch 97 with validation R2: 0.5754
2026-02-27 11:28:49,874 - root - INFO - Epoch [97/10000],
2026-02-27 11:28:49,875 - root - INFO - Train Results | R²: 0.7416 | RMSE: 0.4923 | IC: 0.8950 | RankIC: 0.8969
2026-02-27 11:28:49,875 - root - INFO - Valid Results | R²: 0.5754 | RMSE: 0.6467 | IC: 0.9022 | RankIC: 0.8789
2026-02-27 11:28:49,906 - root - INFO - Best model saved at epoch 98 with validation R2: 0.5867
2026-02-27 11:28:49,906 - root - INFO - Epoch [98/10000],
2026-02-27 11:28:49,906 - root - INFO - Train Results | R²: 0.7510 | RMSE: 0.4833 | IC: 0.8983 | RankIC: 0.8966
2026-02-27 11:28:49,907 - root - INFO - Valid Results | R²: 0.5867 | RMSE: 0.6381 | IC: 0.9026 | RankIC: 0.8719
2026-02-27 11:28:49,946 - root - INFO - Best model saved at epoch 99 with validation R2: 0.5962
2026-02-27 11:28:49,947 - root - INFO - Epoch [99/10000],
2026-02-27 11:28:49,947 - root - INFO - Train Results | R²: 0.7607 | RMSE: 0.4738 | IC: 0.8997 | RankIC: 0.8962
2026-02-27 11:28:49,947 - root - INFO - Valid Results | R²: 0.5962 | RMSE: 0.6307 | IC: 0.9032 | RankIC: 0.8825
2026-02-27 11:28:49,983 - root - INFO - Best model saved at epoch 100 with validation R2: 0.6019
2026-02-27 11:28:49,983 - root - INFO - Epoch [100/10000],
2026-02-27 11:28:49,983 - root - INFO - Train Results | R²: 0.7642 | RMSE: 0.4703 | IC: 0.9024 | RankIC: 0.8936
2026-02-27 11:28:49,983 - root - INFO - Valid Results | R²: 0.6019 | RMSE: 0.6262 | IC: 0.9024 | RankIC: 0.8860
2026-02-27 11:28:50,018 - root - INFO - Best model saved at epoch 101 with validation R2: 0.6101
2026-02-27 11:28:50,018 - root - INFO - Epoch [101/10000],
2026-02-27 11:28:50,018 - root - INFO - Train Results | R²: 0.7707 | RMSE: 0.4638 | IC: 0.9041 | RankIC: 0.8973
2026-02-27 11:28:50,019 - root - INFO - Valid Results | R²: 0.6101 | RMSE: 0.6198 | IC: 0.9024 | RankIC: 0.8860
2026-02-27 11:28:50,061 - root - INFO - Best model saved at epoch 102 with validation R2: 0.6148
2026-02-27 11:28:50,061 - root - INFO - Epoch [102/10000],
2026-02-27 11:28:50,061 - root - INFO - Train Results | R²: 0.7807 | RMSE: 0.4536 | IC: 0.9091 | RankIC: 0.8969
2026-02-27 11:28:50,061 - root - INFO - Valid Results | R²: 0.6148 | RMSE: 0.6160 | IC: 0.9003 | RankIC: 0.8825
2026-02-27 11:28:50,092 - root - INFO - Best model saved at epoch 103 with validation R2: 0.6205
2026-02-27 11:28:50,092 - root - INFO - Epoch [103/10000],
2026-02-27 11:28:50,092 - root - INFO - Train Results | R²: 0.7838 | RMSE: 0.4503 | IC: 0.9096 | RankIC: 0.8990
2026-02-27 11:28:50,092 - root - INFO - Valid Results | R²: 0.6205 | RMSE: 0.6114 | IC: 0.8996 | RankIC: 0.8772
2026-02-27 11:28:50,120 - root - INFO - Best model saved at epoch 104 with validation R2: 0.6269
2026-02-27 11:28:50,120 - root - INFO - Epoch [104/10000],
2026-02-27 11:28:50,120 - root - INFO - Train Results | R²: 0.7877 | RMSE: 0.4463 | IC: 0.9100 | RankIC: 0.8988
2026-02-27 11:28:50,121 - root - INFO - Valid Results | R²: 0.6269 | RMSE: 0.6062 | IC: 0.9009 | RankIC: 0.8789
2026-02-27 11:28:50,151 - root - INFO - Best model saved at epoch 105 with validation R2: 0.6309
2026-02-27 11:28:50,151 - root - INFO - Epoch [105/10000],
2026-02-27 11:28:50,152 - root - INFO - Train Results | R²: 0.7948 | RMSE: 0.4387 | IC: 0.9139 | RankIC: 0.9007
2026-02-27 11:28:50,152 - root - INFO - Valid Results | R²: 0.6309 | RMSE: 0.6030 | IC: 0.9009 | RankIC: 0.8825
2026-02-27 11:28:50,201 - root - INFO - Best model saved at epoch 106 with validation R2: 0.6377
2026-02-27 11:28:50,202 - root - INFO - Epoch [106/10000],
2026-02-27 11:28:50,202 - root - INFO - Train Results | R²: 0.7968 | RMSE: 0.4366 | IC: 0.9142 | RankIC: 0.8950
2026-02-27 11:28:50,202 - root - INFO - Valid Results | R²: 0.6377 | RMSE: 0.5974 | IC: 0.9017 | RankIC: 0.8842
2026-02-27 11:28:50,235 - root - INFO - Best model saved at epoch 107 with validation R2: 0.6402
2026-02-27 11:28:50,235 - root - INFO - Epoch [107/10000],
2026-02-27 11:28:50,235 - root - INFO - Train Results | R²: 0.7965 | RMSE: 0.4369 | IC: 0.9139 | RankIC: 0.8936
2026-02-27 11:28:50,236 - root - INFO - Valid Results | R²: 0.6402 | RMSE: 0.5953 | IC: 0.9001 | RankIC: 0.8842
2026-02-27 11:28:50,263 - root - INFO - Best model saved at epoch 108 with validation R2: 0.6448
2026-02-27 11:28:50,264 - root - INFO - Epoch [108/10000],
2026-02-27 11:28:50,264 - root - INFO - Train Results | R²: 0.8048 | RMSE: 0.4280 | IC: 0.9162 | RankIC: 0.9030
2026-02-27 11:28:50,264 - root - INFO - Valid Results | R²: 0.6448 | RMSE: 0.5915 | IC: 0.9014 | RankIC: 0.8842
2026-02-27 11:28:50,293 - root - INFO - Best model saved at epoch 109 with validation R2: 0.6477
2026-02-27 11:28:50,294 - root - INFO - Epoch [109/10000],
2026-02-27 11:28:50,294 - root - INFO - Train Results | R²: 0.8080 | RMSE: 0.4244 | IC: 0.9183 | RankIC: 0.8988
2026-02-27 11:28:50,294 - root - INFO - Valid Results | R²: 0.6477 | RMSE: 0.5891 | IC: 0.9003 | RankIC: 0.8825
2026-02-27 11:28:50,323 - root - INFO - Epoch [110/10000],
2026-02-27 11:28:50,325 - root - INFO - Train Results | R²: 0.8122 | RMSE: 0.4197 | IC: 0.9199 | RankIC: 0.8962
2026-02-27 11:28:50,325 - root - INFO - Valid Results | R²: 0.6478 | RMSE: 0.5890 | IC: 0.8988 | RankIC: 0.8842
2026-02-27 11:28:50,357 - root - INFO - Best model saved at epoch 111 with validation R2: 0.6490
2026-02-27 11:28:50,357 - root - INFO - Epoch [111/10000],
2026-02-27 11:28:50,357 - root - INFO - Train Results | R²: 0.8123 | RMSE: 0.4197 | IC: 0.9191 | RankIC: 0.9014
2026-02-27 11:28:50,358 - root - INFO - Valid Results | R²: 0.6490 | RMSE: 0.5880 | IC: 0.8984 | RankIC: 0.8860
2026-02-27 11:28:50,386 - root - INFO - Best model saved at epoch 112 with validation R2: 0.6545
2026-02-27 11:28:50,387 - root - INFO - Epoch [112/10000],
2026-02-27 11:28:50,387 - root - INFO - Train Results | R²: 0.8174 | RMSE: 0.4139 | IC: 0.9212 | RankIC: 0.9049
2026-02-27 11:28:50,387 - root - INFO - Valid Results | R²: 0.6545 | RMSE: 0.5833 | IC: 0.8993 | RankIC: 0.8842
2026-02-27 11:28:50,414 - root - INFO - Epoch [113/10000],
2026-02-27 11:28:50,414 - root - INFO - Train Results | R²: 0.8215 | RMSE: 0.4091 | IC: 0.9223 | RankIC: 0.9101
2026-02-27 11:28:50,414 - root - INFO - Valid Results | R²: 0.6545 | RMSE: 0.5834 | IC: 0.8986 | RankIC: 0.8842
2026-02-27 11:28:50,451 - root - INFO - Best model saved at epoch 114 with validation R2: 0.6566
2026-02-27 11:28:50,451 - root - INFO - Epoch [114/10000],
2026-02-27 11:28:50,451 - root - INFO - Train Results | R²: 0.8195 | RMSE: 0.4115 | IC: 0.9212 | RankIC: 0.8938
2026-02-27 11:28:50,451 - root - INFO - Valid Results | R²: 0.6566 | RMSE: 0.5816 | IC: 0.8987 | RankIC: 0.8842
2026-02-27 11:28:50,479 - root - INFO - Epoch [115/10000],
2026-02-27 11:28:50,479 - root - INFO - Train Results | R²: 0.8265 | RMSE: 0.4034 | IC: 0.9249 | RankIC: 0.9128
2026-02-27 11:28:50,479 - root - INFO - Valid Results | R²: 0.6562 | RMSE: 0.5819 | IC: 0.8964 | RankIC: 0.8842
2026-02-27 11:28:50,510 - root - INFO - Best model saved at epoch 116 with validation R2: 0.6602
2026-02-27 11:28:50,510 - root - INFO - Epoch [116/10000],
2026-02-27 11:28:50,510 - root - INFO - Train Results | R²: 0.8283 | RMSE: 0.4013 | IC: 0.9255 | RankIC: 0.9016
2026-02-27 11:28:50,510 - root - INFO - Valid Results | R²: 0.6602 | RMSE: 0.5786 | IC: 0.8988 | RankIC: 0.8842
2026-02-27 11:28:50,538 - root - INFO - Best model saved at epoch 117 with validation R2: 0.6603
2026-02-27 11:28:50,539 - root - INFO - Epoch [117/10000],
2026-02-27 11:28:50,539 - root - INFO - Train Results | R²: 0.8327 | RMSE: 0.3962 | IC: 0.9270 | RankIC: 0.9071
2026-02-27 11:28:50,539 - root - INFO - Valid Results | R²: 0.6603 | RMSE: 0.5785 | IC: 0.8989 | RankIC: 0.8895
2026-02-27 11:28:50,573 - root - INFO - Best model saved at epoch 118 with validation R2: 0.6616
2026-02-27 11:28:50,575 - root - INFO - Epoch [118/10000],
2026-02-27 11:28:50,575 - root - INFO - Train Results | R²: 0.8353 | RMSE: 0.3930 | IC: 0.9282 | RankIC: 0.9047
2026-02-27 11:28:50,575 - root - INFO - Valid Results | R²: 0.6616 | RMSE: 0.5774 | IC: 0.8975 | RankIC: 0.8754
2026-02-27 11:28:50,604 - root - INFO - Best model saved at epoch 119 with validation R2: 0.6627
2026-02-27 11:28:50,604 - root - INFO - Epoch [119/10000],
2026-02-27 11:28:50,604 - root - INFO - Train Results | R²: 0.8381 | RMSE: 0.3897 | IC: 0.9292 | RankIC: 0.9030
2026-02-27 11:28:50,604 - root - INFO - Valid Results | R²: 0.6627 | RMSE: 0.5765 | IC: 0.8973 | RankIC: 0.8842
2026-02-27 11:28:50,633 - root - INFO - Epoch [120/10000],
2026-02-27 11:28:50,633 - root - INFO - Train Results | R²: 0.8397 | RMSE: 0.3878 | IC: 0.9291 | RankIC: 0.8990
2026-02-27 11:28:50,634 - root - INFO - Valid Results | R²: 0.6599 | RMSE: 0.5788 | IC: 0.8954 | RankIC: 0.8825
2026-02-27 11:28:50,665 - root - INFO - Epoch [121/10000],
2026-02-27 11:28:50,665 - root - INFO - Train Results | R²: 0.8423 | RMSE: 0.3846 | IC: 0.9303 | RankIC: 0.9142
2026-02-27 11:28:50,666 - root - INFO - Valid Results | R²: 0.6625 | RMSE: 0.5766 | IC: 0.8958 | RankIC: 0.8842
2026-02-27 11:28:50,695 - root - INFO - Best model saved at epoch 122 with validation R2: 0.6638
2026-02-27 11:28:50,695 - root - INFO - Epoch [122/10000],
2026-02-27 11:28:50,695 - root - INFO - Train Results | R²: 0.8449 | RMSE: 0.3814 | IC: 0.9317 | RankIC: 0.9184
2026-02-27 11:28:50,695 - root - INFO - Valid Results | R²: 0.6638 | RMSE: 0.5755 | IC: 0.8975 | RankIC: 0.8842
2026-02-27 11:28:50,725 - root - INFO - Best model saved at epoch 123 with validation R2: 0.6642
2026-02-27 11:28:50,725 - root - INFO - Epoch [123/10000],
2026-02-27 11:28:50,726 - root - INFO - Train Results | R²: 0.8460 | RMSE: 0.3801 | IC: 0.9317 | RankIC: 0.9128
2026-02-27 11:28:50,726 - root - INFO - Valid Results | R²: 0.6642 | RMSE: 0.5751 | IC: 0.8971 | RankIC: 0.8807
2026-02-27 11:28:50,757 - root - INFO - Best model saved at epoch 124 with validation R2: 0.6664
2026-02-27 11:28:50,758 - root - INFO - Epoch [124/10000],
2026-02-27 11:28:50,758 - root - INFO - Train Results | R²: 0.8508 | RMSE: 0.3741 | IC: 0.9338 | RankIC: 0.9071
2026-02-27 11:28:50,758 - root - INFO - Valid Results | R²: 0.6664 | RMSE: 0.5732 | IC: 0.8974 | RankIC: 0.8842
2026-02-27 11:28:50,785 - root - INFO - Epoch [125/10000],
2026-02-27 11:28:50,785 - root - INFO - Train Results | R²: 0.8530 | RMSE: 0.3713 | IC: 0.9357 | RankIC: 0.9170
2026-02-27 11:28:50,785 - root - INFO - Valid Results | R²: 0.6635 | RMSE: 0.5757 | IC: 0.8951 | RankIC: 0.8895
2026-02-27 11:28:50,812 - root - INFO - Epoch [126/10000],
2026-02-27 11:28:50,812 - root - INFO - Train Results | R²: 0.8596 | RMSE: 0.3629 | IC: 0.9385 | RankIC: 0.9163
2026-02-27 11:28:50,812 - root - INFO - Valid Results | R²: 0.6650 | RMSE: 0.5745 | IC: 0.8957 | RankIC: 0.8842
2026-02-27 11:28:50,839 - root - INFO - Epoch [127/10000],
2026-02-27 11:28:50,839 - root - INFO - Train Results | R²: 0.8582 | RMSE: 0.3647 | IC: 0.9373 | RankIC: 0.9106
2026-02-27 11:28:50,841 - root - INFO - Valid Results | R²: 0.6644 | RMSE: 0.5749 | IC: 0.8944 | RankIC: 0.8807
2026-02-27 11:28:50,870 - root - INFO - Best model saved at epoch 128 with validation R2: 0.6690
2026-02-27 11:28:50,870 - root - INFO - Epoch [128/10000],
2026-02-27 11:28:50,870 - root - INFO - Train Results | R²: 0.8584 | RMSE: 0.3645 | IC: 0.9374 | RankIC: 0.9132
2026-02-27 11:28:50,870 - root - INFO - Valid Results | R²: 0.6690 | RMSE: 0.5710 | IC: 0.8964 | RankIC: 0.8895
2026-02-27 11:28:50,897 - root - INFO - Epoch [129/10000],
2026-02-27 11:28:50,897 - root - INFO - Train Results | R²: 0.8593 | RMSE: 0.3633 | IC: 0.9380 | RankIC: 0.9182
2026-02-27 11:28:50,897 - root - INFO - Valid Results | R²: 0.6661 | RMSE: 0.5735 | IC: 0.8950 | RankIC: 0.8860
2026-02-27 11:28:50,930 - root - INFO - Epoch [130/10000],
2026-02-27 11:28:50,931 - root - INFO - Train Results | R²: 0.8683 | RMSE: 0.3514 | IC: 0.9421 | RankIC: 0.9168
2026-02-27 11:28:50,931 - root - INFO - Valid Results | R²: 0.6659 | RMSE: 0.5736 | IC: 0.8940 | RankIC: 0.8930
2026-02-27 11:28:50,958 - root - INFO - Epoch [131/10000],
2026-02-27 11:28:50,958 - root - INFO - Train Results | R²: 0.8694 | RMSE: 0.3501 | IC: 0.9425 | RankIC: 0.9151
2026-02-27 11:28:50,960 - root - INFO - Valid Results | R²: 0.6668 | RMSE: 0.5729 | IC: 0.8946 | RankIC: 0.8930
2026-02-27 11:28:50,991 - root - INFO - Epoch [132/10000],
2026-02-27 11:28:50,991 - root - INFO - Train Results | R²: 0.8729 | RMSE: 0.3453 | IC: 0.9444 | RankIC: 0.9237
2026-02-27 11:28:50,992 - root - INFO - Valid Results | R²: 0.6685 | RMSE: 0.5714 | IC: 0.8956 | RankIC: 0.8860
2026-02-27 11:28:51,024 - root - INFO - Best model saved at epoch 133 with validation R2: 0.6697
2026-02-27 11:28:51,025 - root - INFO - Epoch [133/10000],
2026-02-27 11:28:51,025 - root - INFO - Train Results | R²: 0.8741 | RMSE: 0.3437 | IC: 0.9444 | RankIC: 0.9220
2026-02-27 11:28:51,025 - root - INFO - Valid Results | R²: 0.6697 | RMSE: 0.5704 | IC: 0.8961 | RankIC: 0.8965
2026-02-27 11:28:51,057 - root - INFO - Best model saved at epoch 134 with validation R2: 0.6739
2026-02-27 11:28:51,057 - root - INFO - Epoch [134/10000],
2026-02-27 11:28:51,058 - root - INFO - Train Results | R²: 0.8766 | RMSE: 0.3402 | IC: 0.9460 | RankIC: 0.9263
2026-02-27 11:28:51,058 - root - INFO - Valid Results | R²: 0.6739 | RMSE: 0.5668 | IC: 0.8972 | RankIC: 0.8930
2026-02-27 11:28:51,087 - root - INFO - Epoch [135/10000],
2026-02-27 11:28:51,088 - root - INFO - Train Results | R²: 0.8800 | RMSE: 0.3355 | IC: 0.9473 | RankIC: 0.9215
2026-02-27 11:28:51,088 - root - INFO - Valid Results | R²: 0.6692 | RMSE: 0.5708 | IC: 0.8945 | RankIC: 0.8930
2026-02-27 11:28:51,119 - root - INFO - Epoch [136/10000],
2026-02-27 11:28:51,119 - root - INFO - Train Results | R²: 0.8833 | RMSE: 0.3309 | IC: 0.9491 | RankIC: 0.9135
2026-02-27 11:28:51,119 - root - INFO - Valid Results | R²: 0.6690 | RMSE: 0.5710 | IC: 0.8924 | RankIC: 0.8807
2026-02-27 11:28:51,152 - root - INFO - Epoch [137/10000],
2026-02-27 11:28:51,152 - root - INFO - Train Results | R²: 0.8856 | RMSE: 0.3276 | IC: 0.9494 | RankIC: 0.9225
2026-02-27 11:28:51,152 - root - INFO - Valid Results | R²: 0.6699 | RMSE: 0.5702 | IC: 0.8922 | RankIC: 0.8807
2026-02-27 11:28:51,181 - root - INFO - Epoch [138/10000],
2026-02-27 11:28:51,182 - root - INFO - Train Results | R²: 0.8893 | RMSE: 0.3223 | IC: 0.9519 | RankIC: 0.9222
2026-02-27 11:28:51,182 - root - INFO - Valid Results | R²: 0.6726 | RMSE: 0.5679 | IC: 0.8950 | RankIC: 0.8965
2026-02-27 11:28:51,213 - root - INFO - Epoch [139/10000],
2026-02-27 11:28:51,213 - root - INFO - Train Results | R²: 0.8901 | RMSE: 0.3210 | IC: 0.9514 | RankIC: 0.9324
2026-02-27 11:28:51,213 - root - INFO - Valid Results | R²: 0.6714 | RMSE: 0.5689 | IC: 0.8928 | RankIC: 0.8825
2026-02-27 11:28:51,241 - root - INFO - Epoch [140/10000],
2026-02-27 11:28:51,242 - root - INFO - Train Results | R²: 0.8908 | RMSE: 0.3201 | IC: 0.9519 | RankIC: 0.9211
2026-02-27 11:28:51,242 - root - INFO - Valid Results | R²: 0.6690 | RMSE: 0.5710 | IC: 0.8899 | RankIC: 0.8825
2026-02-27 11:28:51,268 - root - INFO - Epoch [141/10000],
2026-02-27 11:28:51,269 - root - INFO - Train Results | R²: 0.8965 | RMSE: 0.3116 | IC: 0.9544 | RankIC: 0.9234
2026-02-27 11:28:51,269 - root - INFO - Valid Results | R²: 0.6739 | RMSE: 0.5668 | IC: 0.8924 | RankIC: 0.8825
2026-02-27 11:28:51,295 - root - INFO - Epoch [142/10000],
2026-02-27 11:28:51,296 - root - INFO - Train Results | R²: 0.8961 | RMSE: 0.3121 | IC: 0.9539 | RankIC: 0.9215
2026-02-27 11:28:51,296 - root - INFO - Valid Results | R²: 0.6737 | RMSE: 0.5670 | IC: 0.8931 | RankIC: 0.8789
2026-02-27 11:28:51,325 - root - INFO - Best model saved at epoch 143 with validation R2: 0.6747
2026-02-27 11:28:51,326 - root - INFO - Epoch [143/10000],
2026-02-27 11:28:51,326 - root - INFO - Train Results | R²: 0.9010 | RMSE: 0.3047 | IC: 0.9568 | RankIC: 0.9265
2026-02-27 11:28:51,326 - root - INFO - Valid Results | R²: 0.6747 | RMSE: 0.5661 | IC: 0.8919 | RankIC: 0.8825
2026-02-27 11:28:51,355 - root - INFO - Epoch [144/10000],
2026-02-27 11:28:51,356 - root - INFO - Train Results | R²: 0.9009 | RMSE: 0.3049 | IC: 0.9558 | RankIC: 0.9213
2026-02-27 11:28:51,356 - root - INFO - Valid Results | R²: 0.6731 | RMSE: 0.5675 | IC: 0.8902 | RankIC: 0.8842
2026-02-27 11:28:51,389 - root - INFO - Best model saved at epoch 145 with validation R2: 0.6750
2026-02-27 11:28:51,389 - root - INFO - Epoch [145/10000],
2026-02-27 11:28:51,390 - root - INFO - Train Results | R²: 0.9052 | RMSE: 0.2982 | IC: 0.9578 | RankIC: 0.9244
2026-02-27 11:28:51,390 - root - INFO - Valid Results | R²: 0.6750 | RMSE: 0.5658 | IC: 0.8910 | RankIC: 0.8825
2026-02-27 11:28:51,418 - root - INFO - Best model saved at epoch 146 with validation R2: 0.6769
2026-02-27 11:28:51,419 - root - INFO - Epoch [146/10000],
2026-02-27 11:28:51,419 - root - INFO - Train Results | R²: 0.9081 | RMSE: 0.2936 | IC: 0.9588 | RankIC: 0.9279
2026-02-27 11:28:51,419 - root - INFO - Valid Results | R²: 0.6769 | RMSE: 0.5642 | IC: 0.8911 | RankIC: 0.8842
2026-02-27 11:28:51,448 - root - INFO - Best model saved at epoch 147 with validation R2: 0.6780
2026-02-27 11:28:51,448 - root - INFO - Epoch [147/10000],
2026-02-27 11:28:51,448 - root - INFO - Train Results | R²: 0.9071 | RMSE: 0.2952 | IC: 0.9581 | RankIC: 0.9248
2026-02-27 11:28:51,449 - root - INFO - Valid Results | R²: 0.6780 | RMSE: 0.5632 | IC: 0.8911 | RankIC: 0.8842
2026-02-27 11:28:51,476 - root - INFO - Epoch [148/10000],
2026-02-27 11:28:51,477 - root - INFO - Train Results | R²: 0.9119 | RMSE: 0.2875 | IC: 0.9600 | RankIC: 0.9272
2026-02-27 11:28:51,477 - root - INFO - Valid Results | R²: 0.6773 | RMSE: 0.5638 | IC: 0.8908 | RankIC: 0.8842
2026-02-27 11:28:51,507 - root - INFO - Epoch [149/10000],
2026-02-27 11:28:51,508 - root - INFO - Train Results | R²: 0.9189 | RMSE: 0.2759 | IC: 0.9639 | RankIC: 0.9267
2026-02-27 11:28:51,508 - root - INFO - Valid Results | R²: 0.6770 | RMSE: 0.5641 | IC: 0.8890 | RankIC: 0.8825
2026-02-27 11:28:51,542 - root - INFO - Epoch [150/10000],
2026-02-27 11:28:51,542 - root - INFO - Train Results | R²: 0.9177 | RMSE: 0.2779 | IC: 0.9628 | RankIC: 0.9284
2026-02-27 11:28:51,542 - root - INFO - Valid Results | R²: 0.6778 | RMSE: 0.5634 | IC: 0.8890 | RankIC: 0.8860
2026-02-27 11:28:51,575 - root - INFO - Best model saved at epoch 151 with validation R2: 0.6806
2026-02-27 11:28:51,575 - root - INFO - Epoch [151/10000],
2026-02-27 11:28:51,576 - root - INFO - Train Results | R²: 0.9178 | RMSE: 0.2776 | IC: 0.9628 | RankIC: 0.9248
2026-02-27 11:28:51,576 - root - INFO - Valid Results | R²: 0.6806 | RMSE: 0.5609 | IC: 0.8906 | RankIC: 0.8860
2026-02-27 11:28:51,603 - root - INFO - Epoch [152/10000],
2026-02-27 11:28:51,603 - root - INFO - Train Results | R²: 0.9239 | RMSE: 0.2672 | IC: 0.9654 | RankIC: 0.9301
2026-02-27 11:28:51,603 - root - INFO - Valid Results | R²: 0.6795 | RMSE: 0.5619 | IC: 0.8893 | RankIC: 0.8842
2026-02-27 11:28:51,633 - root - INFO - Best model saved at epoch 153 with validation R2: 0.6814
2026-02-27 11:28:51,634 - root - INFO - Epoch [153/10000],
2026-02-27 11:28:51,634 - root - INFO - Train Results | R²: 0.9255 | RMSE: 0.2644 | IC: 0.9663 | RankIC: 0.9467
2026-02-27 11:28:51,634 - root - INFO - Valid Results | R²: 0.6814 | RMSE: 0.5602 | IC: 0.8886 | RankIC: 0.8860
2026-02-27 11:28:51,661 - root - INFO - Epoch [154/10000],
2026-02-27 11:28:51,662 - root - INFO - Train Results | R²: 0.9239 | RMSE: 0.2671 | IC: 0.9653 | RankIC: 0.9350
2026-02-27 11:28:51,663 - root - INFO - Valid Results | R²: 0.6794 | RMSE: 0.5619 | IC: 0.8877 | RankIC: 0.8842
2026-02-27 11:28:51,690 - root - INFO - Epoch [155/10000],
2026-02-27 11:28:51,691 - root - INFO - Train Results | R²: 0.9297 | RMSE: 0.2568 | IC: 0.9676 | RankIC: 0.9414
2026-02-27 11:28:51,691 - root - INFO - Valid Results | R²: 0.6811 | RMSE: 0.5605 | IC: 0.8871 | RankIC: 0.8930
2026-02-27 11:28:51,727 - root - INFO - Best model saved at epoch 156 with validation R2: 0.6835
2026-02-27 11:28:51,727 - root - INFO - Epoch [156/10000],
2026-02-27 11:28:51,727 - root - INFO - Train Results | R²: 0.9303 | RMSE: 0.2556 | IC: 0.9675 | RankIC: 0.9379
2026-02-27 11:28:51,728 - root - INFO - Valid Results | R²: 0.6835 | RMSE: 0.5584 | IC: 0.8896 | RankIC: 0.8930
2026-02-27 11:28:51,756 - root - INFO - Best model saved at epoch 157 with validation R2: 0.6837
2026-02-27 11:28:51,756 - root - INFO - Epoch [157/10000],
2026-02-27 11:28:51,756 - root - INFO - Train Results | R²: 0.9308 | RMSE: 0.2547 | IC: 0.9677 | RankIC: 0.9393
2026-02-27 11:28:51,757 - root - INFO - Valid Results | R²: 0.6837 | RMSE: 0.5582 | IC: 0.8882 | RankIC: 0.8860
2026-02-27 11:28:51,784 - root - INFO - Best model saved at epoch 158 with validation R2: 0.6843
2026-02-27 11:28:51,784 - root - INFO - Epoch [158/10000],
2026-02-27 11:28:51,785 - root - INFO - Train Results | R²: 0.9336 | RMSE: 0.2496 | IC: 0.9683 | RankIC: 0.9315
2026-02-27 11:28:51,785 - root - INFO - Valid Results | R²: 0.6843 | RMSE: 0.5576 | IC: 0.8878 | RankIC: 0.8860
2026-02-27 11:28:51,812 - root - INFO - Epoch [159/10000],
2026-02-27 11:28:51,812 - root - INFO - Train Results | R²: 0.9370 | RMSE: 0.2431 | IC: 0.9703 | RankIC: 0.9422
2026-02-27 11:28:51,812 - root - INFO - Valid Results | R²: 0.6823 | RMSE: 0.5594 | IC: 0.8855 | RankIC: 0.8860
2026-02-27 11:28:51,840 - root - INFO - Epoch [160/10000],
2026-02-27 11:28:51,840 - root - INFO - Train Results | R²: 0.9372 | RMSE: 0.2427 | IC: 0.9704 | RankIC: 0.9523
2026-02-27 11:28:51,840 - root - INFO - Valid Results | R²: 0.6839 | RMSE: 0.5580 | IC: 0.8874 | RankIC: 0.8947
2026-02-27 11:28:51,873 - root - INFO - Epoch [161/10000],
2026-02-27 11:28:51,873 - root - INFO - Train Results | R²: 0.9399 | RMSE: 0.2374 | IC: 0.9716 | RankIC: 0.9538
2026-02-27 11:28:51,873 - root - INFO - Valid Results | R²: 0.6838 | RMSE: 0.5581 | IC: 0.8853 | RankIC: 0.8930
2026-02-27 11:28:51,901 - root - INFO - Best model saved at epoch 162 with validation R2: 0.6849
2026-02-27 11:28:51,901 - root - INFO - Epoch [162/10000],
2026-02-27 11:28:51,901 - root - INFO - Train Results | R²: 0.9414 | RMSE: 0.2344 | IC: 0.9724 | RankIC: 0.9666
2026-02-27 11:28:51,901 - root - INFO - Valid Results | R²: 0.6849 | RMSE: 0.5572 | IC: 0.8863 | RankIC: 0.8930
2026-02-27 11:28:51,931 - root - INFO - Best model saved at epoch 163 with validation R2: 0.6869
2026-02-27 11:28:51,932 - root - INFO - Epoch [163/10000],
2026-02-27 11:28:51,932 - root - INFO - Train Results | R²: 0.9433 | RMSE: 0.2306 | IC: 0.9734 | RankIC: 0.9647
2026-02-27 11:28:51,932 - root - INFO - Valid Results | R²: 0.6869 | RMSE: 0.5553 | IC: 0.8870 | RankIC: 0.8930
2026-02-27 11:28:51,958 - root - INFO - Epoch [164/10000],
2026-02-27 11:28:51,959 - root - INFO - Train Results | R²: 0.9417 | RMSE: 0.2338 | IC: 0.9719 | RankIC: 0.9578
2026-02-27 11:28:51,959 - root - INFO - Valid Results | R²: 0.6849 | RMSE: 0.5571 | IC: 0.8837 | RankIC: 0.8930
2026-02-27 11:28:51,987 - root - INFO - Epoch [165/10000],
2026-02-27 11:28:51,987 - root - INFO - Train Results | R²: 0.9446 | RMSE: 0.2280 | IC: 0.9731 | RankIC: 0.9630
2026-02-27 11:28:51,987 - root - INFO - Valid Results | R²: 0.6865 | RMSE: 0.5557 | IC: 0.8839 | RankIC: 0.9000
2026-02-27 11:28:52,026 - root - INFO - Best model saved at epoch 166 with validation R2: 0.6875
2026-02-27 11:28:52,026 - root - INFO - Epoch [166/10000],
2026-02-27 11:28:52,026 - root - INFO - Train Results | R²: 0.9464 | RMSE: 0.2243 | IC: 0.9737 | RankIC: 0.9590
2026-02-27 11:28:52,026 - root - INFO - Valid Results | R²: 0.6875 | RMSE: 0.5548 | IC: 0.8846 | RankIC: 0.8930
2026-02-27 11:28:52,056 - root - INFO - Epoch [167/10000],
2026-02-27 11:28:52,056 - root - INFO - Train Results | R²: 0.9482 | RMSE: 0.2204 | IC: 0.9746 | RankIC: 0.9523
2026-02-27 11:28:52,056 - root - INFO - Valid Results | R²: 0.6864 | RMSE: 0.5558 | IC: 0.8841 | RankIC: 0.8930
2026-02-27 11:28:52,086 - root - INFO - Epoch [168/10000],
2026-02-27 11:28:52,087 - root - INFO - Train Results | R²: 0.9478 | RMSE: 0.2212 | IC: 0.9747 | RankIC: 0.9614
2026-02-27 11:28:52,087 - root - INFO - Valid Results | R²: 0.6867 | RMSE: 0.5555 | IC: 0.8826 | RankIC: 0.8930
2026-02-27 11:28:52,117 - root - INFO - Best model saved at epoch 169 with validation R2: 0.6894
2026-02-27 11:28:52,117 - root - INFO - Epoch [169/10000],
2026-02-27 11:28:52,118 - root - INFO - Train Results | R²: 0.9502 | RMSE: 0.2161 | IC: 0.9767 | RankIC: 0.9649
2026-02-27 11:28:52,118 - root - INFO - Valid Results | R²: 0.6894 | RMSE: 0.5532 | IC: 0.8845 | RankIC: 0.9018
2026-02-27 11:28:52,149 - root - INFO - Best model saved at epoch 170 with validation R2: 0.6901
2026-02-27 11:28:52,149 - root - INFO - Epoch [170/10000],
2026-02-27 11:28:52,149 - root - INFO - Train Results | R²: 0.9514 | RMSE: 0.2136 | IC: 0.9768 | RankIC: 0.9651
2026-02-27 11:28:52,149 - root - INFO - Valid Results | R²: 0.6901 | RMSE: 0.5525 | IC: 0.8850 | RankIC: 0.9018
2026-02-27 11:28:52,177 - root - INFO - Epoch [171/10000],
2026-02-27 11:28:52,178 - root - INFO - Train Results | R²: 0.9521 | RMSE: 0.2119 | IC: 0.9766 | RankIC: 0.9628
2026-02-27 11:28:52,178 - root - INFO - Valid Results | R²: 0.6872 | RMSE: 0.5551 | IC: 0.8806 | RankIC: 0.8930
2026-02-27 11:28:52,206 - root - INFO - Epoch [172/10000],
2026-02-27 11:28:52,207 - root - INFO - Train Results | R²: 0.9538 | RMSE: 0.2081 | IC: 0.9776 | RankIC: 0.9680
2026-02-27 11:28:52,208 - root - INFO - Valid Results | R²: 0.6889 | RMSE: 0.5536 | IC: 0.8827 | RankIC: 0.8930
2026-02-27 11:28:52,241 - root - INFO - Epoch [173/10000],
2026-02-27 11:28:52,241 - root - INFO - Train Results | R²: 0.9528 | RMSE: 0.2103 | IC: 0.9767 | RankIC: 0.9663
2026-02-27 11:28:52,241 - root - INFO - Valid Results | R²: 0.6901 | RMSE: 0.5526 | IC: 0.8816 | RankIC: 0.9000
2026-02-27 11:28:52,269 - root - INFO - Best model saved at epoch 174 with validation R2: 0.6906
2026-02-27 11:28:52,270 - root - INFO - Epoch [174/10000],
2026-02-27 11:28:52,270 - root - INFO - Train Results | R²: 0.9554 | RMSE: 0.2046 | IC: 0.9778 | RankIC: 0.9599
2026-02-27 11:28:52,270 - root - INFO - Valid Results | R²: 0.6906 | RMSE: 0.5521 | IC: 0.8823 | RankIC: 0.9018
2026-02-27 11:28:52,297 - root - INFO - Epoch [175/10000],
2026-02-27 11:28:52,297 - root - INFO - Train Results | R²: 0.9553 | RMSE: 0.2047 | IC: 0.9779 | RankIC: 0.9637
2026-02-27 11:28:52,298 - root - INFO - Valid Results | R²: 0.6893 | RMSE: 0.5532 | IC: 0.8804 | RankIC: 0.8930
2026-02-27 11:28:52,324 - root - INFO - Epoch [176/10000],
2026-02-27 11:28:52,324 - root - INFO - Train Results | R²: 0.9549 | RMSE: 0.2057 | IC: 0.9779 | RankIC: 0.9628
2026-02-27 11:28:52,324 - root - INFO - Valid Results | R²: 0.6897 | RMSE: 0.5528 | IC: 0.8803 | RankIC: 0.9018
2026-02-27 11:28:52,354 - root - INFO - Epoch [177/10000],
2026-02-27 11:28:52,355 - root - INFO - Train Results | R²: 0.9580 | RMSE: 0.1984 | IC: 0.9795 | RankIC: 0.9713
2026-02-27 11:28:52,355 - root - INFO - Valid Results | R²: 0.6892 | RMSE: 0.5533 | IC: 0.8805 | RankIC: 0.9018
2026-02-27 11:28:52,386 - root - INFO - Best model saved at epoch 178 with validation R2: 0.6907
2026-02-27 11:28:52,386 - root - INFO - Epoch [178/10000],
2026-02-27 11:28:52,387 - root - INFO - Train Results | R²: 0.9585 | RMSE: 0.1974 | IC: 0.9797 | RankIC: 0.9701
2026-02-27 11:28:52,387 - root - INFO - Valid Results | R²: 0.6907 | RMSE: 0.5520 | IC: 0.8804 | RankIC: 0.9018
2026-02-27 11:28:52,417 - root - INFO - Best model saved at epoch 179 with validation R2: 0.6913
2026-02-27 11:28:52,417 - root - INFO - Epoch [179/10000],
2026-02-27 11:28:52,417 - root - INFO - Train Results | R²: 0.9597 | RMSE: 0.1944 | IC: 0.9801 | RankIC: 0.9670
2026-02-27 11:28:52,417 - root - INFO - Valid Results | R²: 0.6913 | RMSE: 0.5514 | IC: 0.8800 | RankIC: 0.9018
2026-02-27 11:28:52,449 - root - INFO - Best model saved at epoch 180 with validation R2: 0.6930
2026-02-27 11:28:52,449 - root - INFO - Epoch [180/10000],
2026-02-27 11:28:52,449 - root - INFO - Train Results | R²: 0.9586 | RMSE: 0.1970 | IC: 0.9793 | RankIC: 0.9628
2026-02-27 11:28:52,450 - root - INFO - Valid Results | R²: 0.6930 | RMSE: 0.5499 | IC: 0.8807 | RankIC: 0.9018
2026-02-27 11:28:52,476 - root - INFO - Epoch [181/10000],
2026-02-27 11:28:52,477 - root - INFO - Train Results | R²: 0.9603 | RMSE: 0.1930 | IC: 0.9802 | RankIC: 0.9723
2026-02-27 11:28:52,477 - root - INFO - Valid Results | R²: 0.6922 | RMSE: 0.5506 | IC: 0.8793 | RankIC: 0.9018
2026-02-27 11:28:52,503 - root - INFO - Epoch [182/10000],
2026-02-27 11:28:52,503 - root - INFO - Train Results | R²: 0.9611 | RMSE: 0.1911 | IC: 0.9808 | RankIC: 0.9682
2026-02-27 11:28:52,504 - root - INFO - Valid Results | R²: 0.6899 | RMSE: 0.5527 | IC: 0.8785 | RankIC: 0.9053
2026-02-27 11:28:52,533 - root - INFO - Epoch [183/10000],
2026-02-27 11:28:52,533 - root - INFO - Train Results | R²: 0.9610 | RMSE: 0.1913 | IC: 0.9808 | RankIC: 0.9704
2026-02-27 11:28:52,533 - root - INFO - Valid Results | R²: 0.6929 | RMSE: 0.5500 | IC: 0.8797 | RankIC: 0.9018
2026-02-27 11:28:52,561 - root - INFO - Best model saved at epoch 184 with validation R2: 0.6933
2026-02-27 11:28:52,561 - root - INFO - Epoch [184/10000],
2026-02-27 11:28:52,561 - root - INFO - Train Results | R²: 0.9631 | RMSE: 0.1861 | IC: 0.9818 | RankIC: 0.9666
2026-02-27 11:28:52,562 - root - INFO - Valid Results | R²: 0.6933 | RMSE: 0.5497 | IC: 0.8800 | RankIC: 0.9035
2026-02-27 11:28:52,591 - root - INFO - Epoch [185/10000],
2026-02-27 11:28:52,591 - root - INFO - Train Results | R²: 0.9655 | RMSE: 0.1800 | IC: 0.9829 | RankIC: 0.9756
2026-02-27 11:28:52,591 - root - INFO - Valid Results | R²: 0.6912 | RMSE: 0.5515 | IC: 0.8782 | RankIC: 0.8982
2026-02-27 11:28:52,624 - root - INFO - Epoch [186/10000],
2026-02-27 11:28:52,625 - root - INFO - Train Results | R²: 0.9630 | RMSE: 0.1864 | IC: 0.9814 | RankIC: 0.9708
2026-02-27 11:28:52,625 - root - INFO - Valid Results | R²: 0.6918 | RMSE: 0.5510 | IC: 0.8779 | RankIC: 0.9053
2026-02-27 11:28:52,653 - root - INFO - Epoch [187/10000],
2026-02-27 11:28:52,653 - root - INFO - Train Results | R²: 0.9648 | RMSE: 0.1816 | IC: 0.9824 | RankIC: 0.9704
2026-02-27 11:28:52,653 - root - INFO - Valid Results | R²: 0.6882 | RMSE: 0.5542 | IC: 0.8752 | RankIC: 0.9000
2026-02-27 11:28:52,691 - root - INFO - Epoch [188/10000],
2026-02-27 11:28:52,692 - root - INFO - Train Results | R²: 0.9658 | RMSE: 0.1791 | IC: 0.9833 | RankIC: 0.9746
2026-02-27 11:28:52,692 - root - INFO - Valid Results | R²: 0.6878 | RMSE: 0.5545 | IC: 0.8748 | RankIC: 0.8965
2026-02-27 11:28:52,723 - root - INFO - Epoch [189/10000],
2026-02-27 11:28:52,724 - root - INFO - Train Results | R²: 0.9650 | RMSE: 0.1812 | IC: 0.9828 | RankIC: 0.9737
2026-02-27 11:28:52,724 - root - INFO - Valid Results | R²: 0.6901 | RMSE: 0.5525 | IC: 0.8757 | RankIC: 0.9035
2026-02-27 11:28:52,758 - root - INFO - Epoch [190/10000],
2026-02-27 11:28:52,759 - root - INFO - Train Results | R²: 0.9645 | RMSE: 0.1824 | IC: 0.9824 | RankIC: 0.9708
2026-02-27 11:28:52,759 - root - INFO - Valid Results | R²: 0.6851 | RMSE: 0.5569 | IC: 0.8725 | RankIC: 0.8965
2026-02-27 11:28:52,784 - root - INFO - Epoch [191/10000],
2026-02-27 11:28:52,785 - root - INFO - Train Results | R²: 0.9675 | RMSE: 0.1745 | IC: 0.9837 | RankIC: 0.9739
2026-02-27 11:28:52,785 - root - INFO - Valid Results | R²: 0.6899 | RMSE: 0.5527 | IC: 0.8746 | RankIC: 0.8947
2026-02-27 11:28:52,814 - root - INFO - Best model saved at epoch 192 with validation R2: 0.6939
2026-02-27 11:28:52,814 - root - INFO - Epoch [192/10000],
2026-02-27 11:28:52,814 - root - INFO - Train Results | R²: 0.9667 | RMSE: 0.1768 | IC: 0.9833 | RankIC: 0.9734
2026-02-27 11:28:52,814 - root - INFO - Valid Results | R²: 0.6939 | RMSE: 0.5491 | IC: 0.8775 | RankIC: 0.9053
2026-02-27 11:28:52,841 - root - INFO - Epoch [193/10000],
2026-02-27 11:28:52,841 - root - INFO - Train Results | R²: 0.9686 | RMSE: 0.1715 | IC: 0.9845 | RankIC: 0.9751
2026-02-27 11:28:52,842 - root - INFO - Valid Results | R²: 0.6915 | RMSE: 0.5513 | IC: 0.8755 | RankIC: 0.9000
2026-02-27 11:28:52,873 - root - INFO - Epoch [194/10000],
2026-02-27 11:28:52,873 - root - INFO - Train Results | R²: 0.9685 | RMSE: 0.1719 | IC: 0.9842 | RankIC: 0.9749
2026-02-27 11:28:52,874 - root - INFO - Valid Results | R²: 0.6879 | RMSE: 0.5544 | IC: 0.8735 | RankIC: 0.9035
2026-02-27 11:28:52,908 - root - INFO - Epoch [195/10000],
2026-02-27 11:28:52,909 - root - INFO - Train Results | R²: 0.9690 | RMSE: 0.1705 | IC: 0.9847 | RankIC: 0.9723
2026-02-27 11:28:52,909 - root - INFO - Valid Results | R²: 0.6909 | RMSE: 0.5518 | IC: 0.8749 | RankIC: 0.9070
2026-02-27 11:28:52,936 - root - INFO - Epoch [196/10000],
2026-02-27 11:28:52,936 - root - INFO - Train Results | R²: 0.9706 | RMSE: 0.1660 | IC: 0.9854 | RankIC: 0.9758
2026-02-27 11:28:52,937 - root - INFO - Valid Results | R²: 0.6908 | RMSE: 0.5519 | IC: 0.8748 | RankIC: 0.9035
2026-02-27 11:28:52,964 - root - INFO - Epoch [197/10000],
2026-02-27 11:28:52,964 - root - INFO - Train Results | R²: 0.9706 | RMSE: 0.1660 | IC: 0.9853 | RankIC: 0.9725
2026-02-27 11:28:52,964 - root - INFO - Valid Results | R²: 0.6916 | RMSE: 0.5512 | IC: 0.8753 | RankIC: 0.8947
2026-02-27 11:28:52,993 - root - INFO - Epoch [198/10000],
2026-02-27 11:28:52,993 - root - INFO - Train Results | R²: 0.9708 | RMSE: 0.1655 | IC: 0.9855 | RankIC: 0.9737
2026-02-27 11:28:52,994 - root - INFO - Valid Results | R²: 0.6921 | RMSE: 0.5507 | IC: 0.8752 | RankIC: 0.8982
2026-02-27 11:28:53,024 - root - INFO - Epoch [199/10000],
2026-02-27 11:28:53,024 - root - INFO - Train Results | R²: 0.9710 | RMSE: 0.1648 | IC: 0.9855 | RankIC: 0.9753
2026-02-27 11:28:53,024 - root - INFO - Valid Results | R²: 0.6894 | RMSE: 0.5531 | IC: 0.8728 | RankIC: 0.8947
2026-02-27 11:28:53,050 - root - INFO - Epoch [200/10000],
2026-02-27 11:28:53,051 - root - INFO - Train Results | R²: 0.9716 | RMSE: 0.1632 | IC: 0.9859 | RankIC: 0.9756
2026-02-27 11:28:53,051 - root - INFO - Valid Results | R²: 0.6893 | RMSE: 0.5532 | IC: 0.8725 | RankIC: 0.8947
2026-02-27 11:28:53,077 - root - INFO - Epoch [201/10000],
2026-02-27 11:28:53,077 - root - INFO - Train Results | R²: 0.9725 | RMSE: 0.1605 | IC: 0.9863 | RankIC: 0.9782
2026-02-27 11:28:53,078 - root - INFO - Valid Results | R²: 0.6888 | RMSE: 0.5537 | IC: 0.8720 | RankIC: 0.9053
2026-02-27 11:28:53,106 - root - INFO - Epoch [202/10000],
2026-02-27 11:28:53,106 - root - INFO - Train Results | R²: 0.9735 | RMSE: 0.1578 | IC: 0.9868 | RankIC: 0.9761
2026-02-27 11:28:53,106 - root - INFO - Valid Results | R²: 0.6908 | RMSE: 0.5519 | IC: 0.8739 | RankIC: 0.8965
2026-02-27 11:28:53,137 - root - INFO - Epoch [203/10000],
2026-02-27 11:28:53,137 - root - INFO - Train Results | R²: 0.9733 | RMSE: 0.1583 | IC: 0.9867 | RankIC: 0.9746
2026-02-27 11:28:53,137 - root - INFO - Valid Results | R²: 0.6877 | RMSE: 0.5546 | IC: 0.8713 | RankIC: 0.8982
2026-02-27 11:28:53,165 - root - INFO - Epoch [204/10000],
2026-02-27 11:28:53,165 - root - INFO - Train Results | R²: 0.9708 | RMSE: 0.1656 | IC: 0.9855 | RankIC: 0.9718
2026-02-27 11:28:53,165 - root - INFO - Valid Results | R²: 0.6880 | RMSE: 0.5543 | IC: 0.8721 | RankIC: 0.9053
2026-02-27 11:28:53,197 - root - INFO - Epoch [205/10000],
2026-02-27 11:28:53,197 - root - INFO - Train Results | R²: 0.9760 | RMSE: 0.1502 | IC: 0.9883 | RankIC: 0.9794
2026-02-27 11:28:53,197 - root - INFO - Valid Results | R²: 0.6854 | RMSE: 0.5567 | IC: 0.8687 | RankIC: 0.8877
2026-02-27 11:28:53,237 - root - INFO - Epoch [206/10000],
2026-02-27 11:28:53,237 - root - INFO - Train Results | R²: 0.9771 | RMSE: 0.1465 | IC: 0.9888 | RankIC: 0.9787
2026-02-27 11:28:53,237 - root - INFO - Valid Results | R²: 0.6867 | RMSE: 0.5555 | IC: 0.8704 | RankIC: 0.8947
2026-02-27 11:28:53,270 - root - INFO - Epoch [207/10000],
2026-02-27 11:28:53,271 - root - INFO - Train Results | R²: 0.9750 | RMSE: 0.1532 | IC: 0.9875 | RankIC: 0.9761
2026-02-27 11:28:53,271 - root - INFO - Valid Results | R²: 0.6917 | RMSE: 0.5510 | IC: 0.8734 | RankIC: 0.8930
2026-02-27 11:28:53,301 - root - INFO - Epoch [208/10000],
2026-02-27 11:28:53,301 - root - INFO - Train Results | R²: 0.9750 | RMSE: 0.1532 | IC: 0.9875 | RankIC: 0.9782
2026-02-27 11:28:53,301 - root - INFO - Valid Results | R²: 0.6878 | RMSE: 0.5546 | IC: 0.8697 | RankIC: 0.8982
2026-02-27 11:28:53,332 - root - INFO - Epoch [209/10000],
2026-02-27 11:28:53,333 - root - INFO - Train Results | R²: 0.9775 | RMSE: 0.1452 | IC: 0.9888 | RankIC: 0.9782
2026-02-27 11:28:53,333 - root - INFO - Valid Results | R²: 0.6888 | RMSE: 0.5537 | IC: 0.8708 | RankIC: 0.8965
2026-02-27 11:28:53,360 - root - INFO - Epoch [210/10000],
2026-02-27 11:28:53,361 - root - INFO - Train Results | R²: 0.9768 | RMSE: 0.1476 | IC: 0.9886 | RankIC: 0.9798
2026-02-27 11:28:53,361 - root - INFO - Valid Results | R²: 0.6873 | RMSE: 0.5550 | IC: 0.8700 | RankIC: 0.8912
2026-02-27 11:28:53,388 - root - INFO - Epoch [211/10000],
2026-02-27 11:28:53,388 - root - INFO - Train Results | R²: 0.9775 | RMSE: 0.1454 | IC: 0.9890 | RankIC: 0.9775
2026-02-27 11:28:53,388 - root - INFO - Valid Results | R²: 0.6853 | RMSE: 0.5568 | IC: 0.8685 | RankIC: 0.8965
2026-02-27 11:28:53,415 - root - INFO - Epoch [212/10000],
2026-02-27 11:28:53,416 - root - INFO - Train Results | R²: 0.9782 | RMSE: 0.1431 | IC: 0.9895 | RankIC: 0.9803
2026-02-27 11:28:53,416 - root - INFO - Valid Results | R²: 0.6879 | RMSE: 0.5545 | IC: 0.8714 | RankIC: 0.9000
2026-02-27 11:28:53,446 - root - INFO - Epoch [213/10000],
2026-02-27 11:28:53,447 - root - INFO - Train Results | R²: 0.9784 | RMSE: 0.1425 | IC: 0.9895 | RankIC: 0.9808
2026-02-27 11:28:53,447 - root - INFO - Valid Results | R²: 0.6847 | RMSE: 0.5573 | IC: 0.8681 | RankIC: 0.8754
2026-02-27 11:28:53,475 - root - INFO - Epoch [214/10000],
2026-02-27 11:28:53,476 - root - INFO - Train Results | R²: 0.9801 | RMSE: 0.1368 | IC: 0.9902 | RankIC: 0.9798
2026-02-27 11:28:53,476 - root - INFO - Valid Results | R²: 0.6869 | RMSE: 0.5554 | IC: 0.8695 | RankIC: 0.8912
2026-02-27 11:28:53,507 - root - INFO - Epoch [215/10000],
2026-02-27 11:28:53,507 - root - INFO - Train Results | R²: 0.9792 | RMSE: 0.1396 | IC: 0.9896 | RankIC: 0.9765
2026-02-27 11:28:53,508 - root - INFO - Valid Results | R²: 0.6887 | RMSE: 0.5538 | IC: 0.8712 | RankIC: 0.8947
2026-02-27 11:28:53,540 - root - INFO - Epoch [216/10000],
2026-02-27 11:28:53,541 - root - INFO - Train Results | R²: 0.9790 | RMSE: 0.1405 | IC: 0.9895 | RankIC: 0.9787
2026-02-27 11:28:53,541 - root - INFO - Valid Results | R²: 0.6865 | RMSE: 0.5557 | IC: 0.8697 | RankIC: 0.8930
2026-02-27 11:28:53,571 - root - INFO - Epoch [217/10000],
2026-02-27 11:28:53,572 - root - INFO - Train Results | R²: 0.9813 | RMSE: 0.1324 | IC: 0.9911 | RankIC: 0.9820
2026-02-27 11:28:53,572 - root - INFO - Valid Results | R²: 0.6870 | RMSE: 0.5553 | IC: 0.8697 | RankIC: 0.8895
2026-02-27 11:28:53,603 - root - INFO - Epoch [218/10000],
2026-02-27 11:28:53,603 - root - INFO - Train Results | R²: 0.9798 | RMSE: 0.1377 | IC: 0.9902 | RankIC: 0.9815
2026-02-27 11:28:53,603 - root - INFO - Valid Results | R²: 0.6838 | RMSE: 0.5581 | IC: 0.8676 | RankIC: 0.8912
2026-02-27 11:28:53,632 - root - INFO - Epoch [219/10000],
2026-02-27 11:28:53,632 - root - INFO - Train Results | R²: 0.9808 | RMSE: 0.1343 | IC: 0.9907 | RankIC: 0.9813
2026-02-27 11:28:53,633 - root - INFO - Valid Results | R²: 0.6853 | RMSE: 0.5568 | IC: 0.8686 | RankIC: 0.8947
2026-02-27 11:28:53,659 - root - INFO - Epoch [220/10000],
2026-02-27 11:28:53,660 - root - INFO - Train Results | R²: 0.9819 | RMSE: 0.1304 | IC: 0.9911 | RankIC: 0.9813
2026-02-27 11:28:53,660 - root - INFO - Valid Results | R²: 0.6884 | RMSE: 0.5540 | IC: 0.8713 | RankIC: 0.8912
2026-02-27 11:28:53,687 - root - INFO - Epoch [221/10000],
2026-02-27 11:28:53,688 - root - INFO - Train Results | R²: 0.9820 | RMSE: 0.1301 | IC: 0.9912 | RankIC: 0.9820
2026-02-27 11:28:53,688 - root - INFO - Valid Results | R²: 0.6851 | RMSE: 0.5569 | IC: 0.8681 | RankIC: 0.8947
2026-02-27 11:28:53,716 - root - INFO - Epoch [222/10000],
2026-02-27 11:28:53,716 - root - INFO - Train Results | R²: 0.9809 | RMSE: 0.1337 | IC: 0.9907 | RankIC: 0.9777
2026-02-27 11:28:53,716 - root - INFO - Valid Results | R²: 0.6847 | RMSE: 0.5573 | IC: 0.8679 | RankIC: 0.8860
2026-02-27 11:28:53,749 - root - INFO - Epoch [223/10000],
2026-02-27 11:28:53,750 - root - INFO - Train Results | R²: 0.9822 | RMSE: 0.1292 | IC: 0.9915 | RankIC: 0.9820
2026-02-27 11:28:53,750 - root - INFO - Valid Results | R²: 0.6870 | RMSE: 0.5552 | IC: 0.8695 | RankIC: 0.8947
2026-02-27 11:28:53,776 - root - INFO - Epoch [224/10000],
2026-02-27 11:28:53,776 - root - INFO - Train Results | R²: 0.9834 | RMSE: 0.1246 | IC: 0.9919 | RankIC: 0.9817
2026-02-27 11:28:53,776 - root - INFO - Valid Results | R²: 0.6843 | RMSE: 0.5576 | IC: 0.8682 | RankIC: 0.8807
2026-02-27 11:28:53,806 - root - INFO - Epoch [225/10000],
2026-02-27 11:28:53,807 - root - INFO - Train Results | R²: 0.9828 | RMSE: 0.1269 | IC: 0.9915 | RankIC: 0.9808
2026-02-27 11:28:53,807 - root - INFO - Valid Results | R²: 0.6849 | RMSE: 0.5571 | IC: 0.8693 | RankIC: 0.8912
2026-02-27 11:28:53,834 - root - INFO - Epoch [226/10000],
2026-02-27 11:28:53,834 - root - INFO - Train Results | R²: 0.9816 | RMSE: 0.1314 | IC: 0.9911 | RankIC: 0.9803
2026-02-27 11:28:53,835 - root - INFO - Valid Results | R²: 0.6852 | RMSE: 0.5569 | IC: 0.8696 | RankIC: 0.8895
2026-02-27 11:28:53,876 - root - INFO - Epoch [227/10000],
2026-02-27 11:28:53,877 - root - INFO - Train Results | R²: 0.9828 | RMSE: 0.1269 | IC: 0.9918 | RankIC: 0.9829
2026-02-27 11:28:53,877 - root - INFO - Valid Results | R²: 0.6838 | RMSE: 0.5581 | IC: 0.8691 | RankIC: 0.8825
2026-02-27 11:28:53,904 - root - INFO - Epoch [228/10000],
2026-02-27 11:28:53,904 - root - INFO - Train Results | R²: 0.9829 | RMSE: 0.1268 | IC: 0.9921 | RankIC: 0.9832
2026-02-27 11:28:53,905 - root - INFO - Valid Results | R²: 0.6846 | RMSE: 0.5574 | IC: 0.8688 | RankIC: 0.8947
2026-02-27 11:28:53,932 - root - INFO - Epoch [229/10000],
2026-02-27 11:28:53,933 - root - INFO - Train Results | R²: 0.9830 | RMSE: 0.1262 | IC: 0.9920 | RankIC: 0.9841
2026-02-27 11:28:53,933 - root - INFO - Valid Results | R²: 0.6860 | RMSE: 0.5562 | IC: 0.8692 | RankIC: 0.8912
2026-02-27 11:28:53,961 - root - INFO - Epoch [230/10000],
2026-02-27 11:28:53,962 - root - INFO - Train Results | R²: 0.9847 | RMSE: 0.1198 | IC: 0.9925 | RankIC: 0.9808
2026-02-27 11:28:53,962 - root - INFO - Valid Results | R²: 0.6827 | RMSE: 0.5591 | IC: 0.8660 | RankIC: 0.8912
2026-02-27 11:28:53,990 - root - INFO - Epoch [231/10000],
2026-02-27 11:28:53,992 - root - INFO - Train Results | R²: 0.9843 | RMSE: 0.1214 | IC: 0.9922 | RankIC: 0.9820
2026-02-27 11:28:53,992 - root - INFO - Valid Results | R²: 0.6837 | RMSE: 0.5582 | IC: 0.8678 | RankIC: 0.8912
2026-02-27 11:28:54,022 - root - INFO - Epoch [232/10000],
2026-02-27 11:28:54,022 - root - INFO - Train Results | R²: 0.9840 | RMSE: 0.1225 | IC: 0.9920 | RankIC: 0.9810
2026-02-27 11:28:54,023 - root - INFO - Valid Results | R²: 0.6798 | RMSE: 0.5616 | IC: 0.8652 | RankIC: 0.8912
2026-02-27 11:28:54,053 - root - INFO - Epoch [233/10000],
2026-02-27 11:28:54,053 - root - INFO - Train Results | R²: 0.9847 | RMSE: 0.1197 | IC: 0.9925 | RankIC: 0.9839
2026-02-27 11:28:54,053 - root - INFO - Valid Results | R²: 0.6794 | RMSE: 0.5620 | IC: 0.8646 | RankIC: 0.8912
2026-02-27 11:28:54,081 - root - INFO - Epoch [234/10000],
2026-02-27 11:28:54,082 - root - INFO - Train Results | R²: 0.9857 | RMSE: 0.1157 | IC: 0.9932 | RankIC: 0.9822
2026-02-27 11:28:54,083 - root - INFO - Valid Results | R²: 0.6798 | RMSE: 0.5616 | IC: 0.8646 | RankIC: 0.8930
2026-02-27 11:28:54,112 - root - INFO - Epoch [235/10000],
2026-02-27 11:28:54,112 - root - INFO - Train Results | R²: 0.9847 | RMSE: 0.1197 | IC: 0.9931 | RankIC: 0.9827
2026-02-27 11:28:54,114 - root - INFO - Valid Results | R²: 0.6831 | RMSE: 0.5587 | IC: 0.8672 | RankIC: 0.8825
2026-02-27 11:28:54,141 - root - INFO - Epoch [236/10000],
2026-02-27 11:28:54,141 - root - INFO - Train Results | R²: 0.9868 | RMSE: 0.1114 | IC: 0.9936 | RankIC: 0.9851
2026-02-27 11:28:54,141 - root - INFO - Valid Results | R²: 0.6820 | RMSE: 0.5596 | IC: 0.8664 | RankIC: 0.8912
2026-02-27 11:28:54,169 - root - INFO - Epoch [237/10000],
2026-02-27 11:28:54,170 - root - INFO - Train Results | R²: 0.9843 | RMSE: 0.1213 | IC: 0.9922 | RankIC: 0.9822
2026-02-27 11:28:54,170 - root - INFO - Valid Results | R²: 0.6833 | RMSE: 0.5586 | IC: 0.8657 | RankIC: 0.8947
2026-02-27 11:28:54,199 - root - INFO - Epoch [238/10000],
2026-02-27 11:28:54,199 - root - INFO - Train Results | R²: 0.9858 | RMSE: 0.1153 | IC: 0.9929 | RankIC: 0.9789
2026-02-27 11:28:54,199 - root - INFO - Valid Results | R²: 0.6782 | RMSE: 0.5630 | IC: 0.8633 | RankIC: 0.8912
2026-02-27 11:28:54,227 - root - INFO - Epoch [239/10000],
2026-02-27 11:28:54,228 - root - INFO - Train Results | R²: 0.9855 | RMSE: 0.1167 | IC: 0.9930 | RankIC: 0.9825
2026-02-27 11:28:54,228 - root - INFO - Valid Results | R²: 0.6802 | RMSE: 0.5613 | IC: 0.8645 | RankIC: 0.8825
2026-02-27 11:28:54,256 - root - INFO - Epoch [240/10000],
2026-02-27 11:28:54,257 - root - INFO - Train Results | R²: 0.9861 | RMSE: 0.1142 | IC: 0.9935 | RankIC: 0.9836
2026-02-27 11:28:54,257 - root - INFO - Valid Results | R²: 0.6767 | RMSE: 0.5643 | IC: 0.8632 | RankIC: 0.8807
2026-02-27 11:28:54,292 - root - INFO - Epoch [241/10000],
2026-02-27 11:28:54,292 - root - INFO - Train Results | R²: 0.9852 | RMSE: 0.1178 | IC: 0.9929 | RankIC: 0.9820
2026-02-27 11:28:54,293 - root - INFO - Valid Results | R²: 0.6765 | RMSE: 0.5645 | IC: 0.8634 | RankIC: 0.8912
2026-02-27 11:28:54,325 - root - INFO - Epoch [242/10000],
2026-02-27 11:28:54,325 - root - INFO - Train Results | R²: 0.9865 | RMSE: 0.1125 | IC: 0.9934 | RankIC: 0.9853
2026-02-27 11:28:54,326 - root - INFO - Valid Results | R²: 0.6779 | RMSE: 0.5633 | IC: 0.8631 | RankIC: 0.8912
2026-02-27 11:28:54,356 - root - INFO - Epoch [243/10000],
2026-02-27 11:28:54,356 - root - INFO - Train Results | R²: 0.9873 | RMSE: 0.1089 | IC: 0.9937 | RankIC: 0.9846
2026-02-27 11:28:54,357 - root - INFO - Valid Results | R²: 0.6807 | RMSE: 0.5608 | IC: 0.8652 | RankIC: 0.8947
2026-02-27 11:28:54,386 - root - INFO - Epoch [244/10000],
2026-02-27 11:28:54,386 - root - INFO - Train Results | R²: 0.9867 | RMSE: 0.1117 | IC: 0.9934 | RankIC: 0.9853
2026-02-27 11:28:54,386 - root - INFO - Valid Results | R²: 0.6817 | RMSE: 0.5600 | IC: 0.8663 | RankIC: 0.8947
2026-02-27 11:28:54,425 - root - INFO - Epoch [245/10000],
2026-02-27 11:28:54,426 - root - INFO - Train Results | R²: 0.9879 | RMSE: 0.1066 | IC: 0.9940 | RankIC: 0.9848
2026-02-27 11:28:54,426 - root - INFO - Valid Results | R²: 0.6800 | RMSE: 0.5615 | IC: 0.8643 | RankIC: 0.8877
2026-02-27 11:28:54,454 - root - INFO - Epoch [246/10000],
2026-02-27 11:28:54,454 - root - INFO - Train Results | R²: 0.9883 | RMSE: 0.1048 | IC: 0.9942 | RankIC: 0.9846
2026-02-27 11:28:54,454 - root - INFO - Valid Results | R²: 0.6758 | RMSE: 0.5651 | IC: 0.8624 | RankIC: 0.8947
2026-02-27 11:28:54,486 - root - INFO - Epoch [247/10000],
2026-02-27 11:28:54,486 - root - INFO - Train Results | R²: 0.9871 | RMSE: 0.1102 | IC: 0.9936 | RankIC: 0.9841
2026-02-27 11:28:54,486 - root - INFO - Valid Results | R²: 0.6789 | RMSE: 0.5624 | IC: 0.8642 | RankIC: 0.8860
2026-02-27 11:28:54,515 - root - INFO - Epoch [248/10000],
2026-02-27 11:28:54,516 - root - INFO - Train Results | R²: 0.9885 | RMSE: 0.1040 | IC: 0.9944 | RankIC: 0.9855
2026-02-27 11:28:54,516 - root - INFO - Valid Results | R²: 0.6778 | RMSE: 0.5634 | IC: 0.8627 | RankIC: 0.8912
2026-02-27 11:28:54,545 - root - INFO - Epoch [249/10000],
2026-02-27 11:28:54,545 - root - INFO - Train Results | R²: 0.9865 | RMSE: 0.1124 | IC: 0.9934 | RankIC: 0.9832
2026-02-27 11:28:54,546 - root - INFO - Valid Results | R²: 0.6784 | RMSE: 0.5628 | IC: 0.8632 | RankIC: 0.8877
2026-02-27 11:28:54,574 - root - INFO - Epoch [250/10000],
2026-02-27 11:28:54,574 - root - INFO - Train Results | R²: 0.9874 | RMSE: 0.1087 | IC: 0.9938 | RankIC: 0.9839
2026-02-27 11:28:54,575 - root - INFO - Valid Results | R²: 0.6730 | RMSE: 0.5676 | IC: 0.8597 | RankIC: 0.8842
2026-02-27 11:28:54,608 - root - INFO - Epoch [251/10000],
2026-02-27 11:28:54,608 - root - INFO - Train Results | R²: 0.9881 | RMSE: 0.1057 | IC: 0.9941 | RankIC: 0.9848
2026-02-27 11:28:54,609 - root - INFO - Valid Results | R²: 0.6774 | RMSE: 0.5637 | IC: 0.8617 | RankIC: 0.8684
2026-02-27 11:28:54,637 - root - INFO - Epoch [252/10000],
2026-02-27 11:28:54,638 - root - INFO - Train Results | R²: 0.9880 | RMSE: 0.1059 | IC: 0.9942 | RankIC: 0.9853
2026-02-27 11:28:54,638 - root - INFO - Valid Results | R²: 0.6786 | RMSE: 0.5627 | IC: 0.8635 | RankIC: 0.8947
2026-02-27 11:28:54,666 - root - INFO - Epoch [253/10000],
2026-02-27 11:28:54,666 - root - INFO - Train Results | R²: 0.9888 | RMSE: 0.1027 | IC: 0.9944 | RankIC: 0.9839
2026-02-27 11:28:54,666 - root - INFO - Valid Results | R²: 0.6748 | RMSE: 0.5660 | IC: 0.8598 | RankIC: 0.8877
2026-02-27 11:28:54,695 - root - INFO - Epoch [254/10000],
2026-02-27 11:28:54,695 - root - INFO - Train Results | R²: 0.9893 | RMSE: 0.1000 | IC: 0.9947 | RankIC: 0.9855
2026-02-27 11:28:54,695 - root - INFO - Valid Results | R²: 0.6768 | RMSE: 0.5642 | IC: 0.8623 | RankIC: 0.8877
2026-02-27 11:28:54,725 - root - INFO - Epoch [255/10000],
2026-02-27 11:28:54,725 - root - INFO - Train Results | R²: 0.9893 | RMSE: 0.1004 | IC: 0.9947 | RankIC: 0.9855
2026-02-27 11:28:54,725 - root - INFO - Valid Results | R²: 0.6774 | RMSE: 0.5637 | IC: 0.8633 | RankIC: 0.8965
2026-02-27 11:28:54,756 - root - INFO - Epoch [256/10000],
2026-02-27 11:28:54,757 - root - INFO - Train Results | R²: 0.9889 | RMSE: 0.1019 | IC: 0.9946 | RankIC: 0.9839
2026-02-27 11:28:54,757 - root - INFO - Valid Results | R²: 0.6758 | RMSE: 0.5651 | IC: 0.8628 | RankIC: 0.8912
2026-02-27 11:28:54,788 - root - INFO - Epoch [257/10000],
2026-02-27 11:28:54,788 - root - INFO - Train Results | R²: 0.9896 | RMSE: 0.0989 | IC: 0.9948 | RankIC: 0.9858
2026-02-27 11:28:54,788 - root - INFO - Valid Results | R²: 0.6745 | RMSE: 0.5662 | IC: 0.8611 | RankIC: 0.8912
2026-02-27 11:28:54,820 - root - INFO - Epoch [258/10000],
2026-02-27 11:28:54,820 - root - INFO - Train Results | R²: 0.9897 | RMSE: 0.0982 | IC: 0.9949 | RankIC: 0.9862
2026-02-27 11:28:54,821 - root - INFO - Valid Results | R²: 0.6700 | RMSE: 0.5702 | IC: 0.8563 | RankIC: 0.8965
2026-02-27 11:28:54,849 - root - INFO - Epoch [259/10000],
2026-02-27 11:28:54,849 - root - INFO - Train Results | R²: 0.9885 | RMSE: 0.1038 | IC: 0.9943 | RankIC: 0.9851
2026-02-27 11:28:54,850 - root - INFO - Valid Results | R²: 0.6703 | RMSE: 0.5699 | IC: 0.8588 | RankIC: 0.8807
2026-02-27 11:28:54,876 - root - INFO - Epoch [260/10000],
2026-02-27 11:28:54,876 - root - INFO - Train Results | R²: 0.9889 | RMSE: 0.1021 | IC: 0.9945 | RankIC: 0.9851
2026-02-27 11:28:54,877 - root - INFO - Valid Results | R²: 0.6713 | RMSE: 0.5690 | IC: 0.8581 | RankIC: 0.8947
2026-02-27 11:28:54,904 - root - INFO - Epoch [261/10000],
2026-02-27 11:28:54,905 - root - INFO - Train Results | R²: 0.9895 | RMSE: 0.0991 | IC: 0.9948 | RankIC: 0.9867
2026-02-27 11:28:54,905 - root - INFO - Valid Results | R²: 0.6751 | RMSE: 0.5657 | IC: 0.8616 | RankIC: 0.8825
2026-02-27 11:28:54,941 - root - INFO - Epoch [262/10000],
2026-02-27 11:28:54,942 - root - INFO - Train Results | R²: 0.9885 | RMSE: 0.1039 | IC: 0.9942 | RankIC: 0.9860
2026-02-27 11:28:54,942 - root - INFO - Valid Results | R²: 0.6730 | RMSE: 0.5676 | IC: 0.8599 | RankIC: 0.8877
2026-02-27 11:28:54,975 - root - INFO - Epoch [263/10000],
2026-02-27 11:28:54,975 - root - INFO - Train Results | R²: 0.9907 | RMSE: 0.0936 | IC: 0.9954 | RankIC: 0.9879
2026-02-27 11:28:54,975 - root - INFO - Valid Results | R²: 0.6706 | RMSE: 0.5696 | IC: 0.8585 | RankIC: 0.8947
2026-02-27 11:28:55,004 - root - INFO - Epoch [264/10000],
2026-02-27 11:28:55,004 - root - INFO - Train Results | R²: 0.9908 | RMSE: 0.0929 | IC: 0.9955 | RankIC: 0.9879
2026-02-27 11:28:55,004 - root - INFO - Valid Results | R²: 0.6720 | RMSE: 0.5685 | IC: 0.8609 | RankIC: 0.8947
2026-02-27 11:28:55,032 - root - INFO - Epoch [265/10000],
2026-02-27 11:28:55,032 - root - INFO - Train Results | R²: 0.9906 | RMSE: 0.0938 | IC: 0.9954 | RankIC: 0.9848
2026-02-27 11:28:55,033 - root - INFO - Valid Results | R²: 0.6724 | RMSE: 0.5680 | IC: 0.8586 | RankIC: 0.8842
2026-02-27 11:28:55,060 - root - INFO - Epoch [266/10000],
2026-02-27 11:28:55,060 - root - INFO - Train Results | R²: 0.9897 | RMSE: 0.0981 | IC: 0.9949 | RankIC: 0.9865
2026-02-27 11:28:55,061 - root - INFO - Valid Results | R²: 0.6738 | RMSE: 0.5669 | IC: 0.8608 | RankIC: 0.8912
2026-02-27 11:28:55,091 - root - INFO - Epoch [267/10000],
2026-02-27 11:28:55,091 - root - INFO - Train Results | R²: 0.9911 | RMSE: 0.0913 | IC: 0.9955 | RankIC: 0.9839
2026-02-27 11:28:55,091 - root - INFO - Valid Results | R²: 0.6730 | RMSE: 0.5675 | IC: 0.8604 | RankIC: 0.8877
2026-02-27 11:28:55,124 - root - INFO - Epoch [268/10000],
2026-02-27 11:28:55,125 - root - INFO - Train Results | R²: 0.9908 | RMSE: 0.0929 | IC: 0.9954 | RankIC: 0.9862
2026-02-27 11:28:55,125 - root - INFO - Valid Results | R²: 0.6713 | RMSE: 0.5690 | IC: 0.8594 | RankIC: 0.8807
2026-02-27 11:28:55,152 - root - INFO - Epoch [269/10000],
2026-02-27 11:28:55,153 - root - INFO - Train Results | R²: 0.9904 | RMSE: 0.0948 | IC: 0.9953 | RankIC: 0.9884
2026-02-27 11:28:55,153 - root - INFO - Valid Results | R²: 0.6684 | RMSE: 0.5715 | IC: 0.8571 | RankIC: 0.8807
2026-02-27 11:28:55,180 - root - INFO - Epoch [270/10000],
2026-02-27 11:28:55,181 - root - INFO - Train Results | R²: 0.9892 | RMSE: 0.1004 | IC: 0.9946 | RankIC: 0.9860
2026-02-27 11:28:55,181 - root - INFO - Valid Results | R²: 0.6682 | RMSE: 0.5717 | IC: 0.8581 | RankIC: 0.8912
2026-02-27 11:28:55,210 - root - INFO - Epoch [271/10000],
2026-02-27 11:28:55,211 - root - INFO - Train Results | R²: 0.9913 | RMSE: 0.0903 | IC: 0.9958 | RankIC: 0.9844
2026-02-27 11:28:55,211 - root - INFO - Valid Results | R²: 0.6677 | RMSE: 0.5721 | IC: 0.8574 | RankIC: 0.8877
2026-02-27 11:28:55,238 - root - INFO - Epoch [272/10000],
2026-02-27 11:28:55,238 - root - INFO - Train Results | R²: 0.9893 | RMSE: 0.1001 | IC: 0.9947 | RankIC: 0.9860
2026-02-27 11:28:55,238 - root - INFO - Valid Results | R²: 0.6709 | RMSE: 0.5694 | IC: 0.8579 | RankIC: 0.8807
2026-02-27 11:28:55,270 - root - INFO - Epoch [273/10000],
2026-02-27 11:28:55,271 - root - INFO - Train Results | R²: 0.9902 | RMSE: 0.0961 | IC: 0.9951 | RankIC: 0.9862
2026-02-27 11:28:55,271 - root - INFO - Valid Results | R²: 0.6694 | RMSE: 0.5707 | IC: 0.8579 | RankIC: 0.8807
2026-02-27 11:28:55,304 - root - INFO - Epoch [274/10000],
2026-02-27 11:28:55,304 - root - INFO - Train Results | R²: 0.9913 | RMSE: 0.0905 | IC: 0.9956 | RankIC: 0.9851
2026-02-27 11:28:55,305 - root - INFO - Valid Results | R²: 0.6703 | RMSE: 0.5699 | IC: 0.8584 | RankIC: 0.8912
2026-02-27 11:28:55,333 - root - INFO - Epoch [275/10000],
2026-02-27 11:28:55,334 - root - INFO - Train Results | R²: 0.9905 | RMSE: 0.0945 | IC: 0.9952 | RankIC: 0.9877
2026-02-27 11:28:55,334 - root - INFO - Valid Results | R²: 0.6679 | RMSE: 0.5719 | IC: 0.8573 | RankIC: 0.8877
2026-02-27 11:28:55,365 - root - INFO - Epoch [276/10000],
2026-02-27 11:28:55,365 - root - INFO - Train Results | R²: 0.9917 | RMSE: 0.0884 | IC: 0.9959 | RankIC: 0.9886
2026-02-27 11:28:55,365 - root - INFO - Valid Results | R²: 0.6724 | RMSE: 0.5681 | IC: 0.8604 | RankIC: 0.8877
2026-02-27 11:28:55,393 - root - INFO - Epoch [277/10000],
2026-02-27 11:28:55,393 - root - INFO - Train Results | R²: 0.9910 | RMSE: 0.0919 | IC: 0.9956 | RankIC: 0.9886
2026-02-27 11:28:55,393 - root - INFO - Valid Results | R²: 0.6682 | RMSE: 0.5717 | IC: 0.8575 | RankIC: 0.8930
2026-02-27 11:28:55,423 - root - INFO - Epoch [278/10000],
2026-02-27 11:28:55,424 - root - INFO - Train Results | R²: 0.9915 | RMSE: 0.0895 | IC: 0.9959 | RankIC: 0.9853
2026-02-27 11:28:55,424 - root - INFO - Valid Results | R²: 0.6706 | RMSE: 0.5696 | IC: 0.8578 | RankIC: 0.8842
2026-02-27 11:28:55,451 - root - INFO - Epoch [279/10000],
2026-02-27 11:28:55,451 - root - INFO - Train Results | R²: 0.9914 | RMSE: 0.0900 | IC: 0.9957 | RankIC: 0.9870
2026-02-27 11:28:55,452 - root - INFO - Valid Results | R²: 0.6691 | RMSE: 0.5709 | IC: 0.8579 | RankIC: 0.8842
2026-02-27 11:28:55,479 - root - INFO - Epoch [280/10000],
2026-02-27 11:28:55,479 - root - INFO - Train Results | R²: 0.9914 | RMSE: 0.0898 | IC: 0.9957 | RankIC: 0.9874
2026-02-27 11:28:55,480 - root - INFO - Valid Results | R²: 0.6690 | RMSE: 0.5710 | IC: 0.8569 | RankIC: 0.8825
2026-02-27 11:28:55,509 - root - INFO - Epoch [281/10000],
2026-02-27 11:28:55,509 - root - INFO - Train Results | R²: 0.9914 | RMSE: 0.0899 | IC: 0.9957 | RankIC: 0.9884
2026-02-27 11:28:55,509 - root - INFO - Valid Results | R²: 0.6716 | RMSE: 0.5687 | IC: 0.8586 | RankIC: 0.8842
2026-02-27 11:28:55,541 - root - INFO - Epoch [282/10000],
2026-02-27 11:28:55,541 - root - INFO - Train Results | R²: 0.9915 | RMSE: 0.0891 | IC: 0.9958 | RankIC: 0.9881
2026-02-27 11:28:55,542 - root - INFO - Valid Results | R²: 0.6716 | RMSE: 0.5688 | IC: 0.8594 | RankIC: 0.8895
2026-02-27 11:28:55,574 - root - INFO - Epoch [283/10000],
2026-02-27 11:28:55,575 - root - INFO - Train Results | R²: 0.9919 | RMSE: 0.0873 | IC: 0.9959 | RankIC: 0.9860
2026-02-27 11:28:55,575 - root - INFO - Valid Results | R²: 0.6693 | RMSE: 0.5708 | IC: 0.8579 | RankIC: 0.8807
2026-02-27 11:28:55,603 - root - INFO - Epoch [284/10000],
2026-02-27 11:28:55,603 - root - INFO - Train Results | R²: 0.9919 | RMSE: 0.0872 | IC: 0.9960 | RankIC: 0.9870
2026-02-27 11:28:55,605 - root - INFO - Valid Results | R²: 0.6689 | RMSE: 0.5711 | IC: 0.8582 | RankIC: 0.8895
2026-02-27 11:28:55,633 - root - INFO - Epoch [285/10000],
2026-02-27 11:28:55,633 - root - INFO - Train Results | R²: 0.9918 | RMSE: 0.0878 | IC: 0.9959 | RankIC: 0.9865
2026-02-27 11:28:55,634 - root - INFO - Valid Results | R²: 0.6678 | RMSE: 0.5721 | IC: 0.8575 | RankIC: 0.8842
2026-02-27 11:28:55,662 - root - INFO - Epoch [286/10000],
2026-02-27 11:28:55,662 - root - INFO - Train Results | R²: 0.9923 | RMSE: 0.0850 | IC: 0.9961 | RankIC: 0.9870
2026-02-27 11:28:55,663 - root - INFO - Valid Results | R²: 0.6701 | RMSE: 0.5701 | IC: 0.8594 | RankIC: 0.8860
2026-02-27 11:28:55,692 - root - INFO - Epoch [287/10000],
2026-02-27 11:28:55,692 - root - INFO - Train Results | R²: 0.9910 | RMSE: 0.0920 | IC: 0.9955 | RankIC: 0.9867
2026-02-27 11:28:55,692 - root - INFO - Valid Results | R²: 0.6668 | RMSE: 0.5729 | IC: 0.8576 | RankIC: 0.8807
2026-02-27 11:28:55,722 - root - INFO - Epoch [288/10000],
2026-02-27 11:28:55,723 - root - INFO - Train Results | R²: 0.9916 | RMSE: 0.0887 | IC: 0.9959 | RankIC: 0.9886
2026-02-27 11:28:55,723 - root - INFO - Valid Results | R²: 0.6678 | RMSE: 0.5721 | IC: 0.8572 | RankIC: 0.8877
2026-02-27 11:28:55,750 - root - INFO - Epoch [289/10000],
2026-02-27 11:28:55,750 - root - INFO - Train Results | R²: 0.9906 | RMSE: 0.0937 | IC: 0.9953 | RankIC: 0.9855
2026-02-27 11:28:55,751 - root - INFO - Valid Results | R²: 0.6654 | RMSE: 0.5741 | IC: 0.8577 | RankIC: 0.8684
2026-02-27 11:28:55,780 - root - INFO - Epoch [290/10000],
2026-02-27 11:28:55,781 - root - INFO - Train Results | R²: 0.9912 | RMSE: 0.0910 | IC: 0.9956 | RankIC: 0.9839
2026-02-27 11:28:55,781 - root - INFO - Valid Results | R²: 0.6704 | RMSE: 0.5698 | IC: 0.8591 | RankIC: 0.8860
2026-02-27 11:28:55,809 - root - INFO - Epoch [291/10000],
2026-02-27 11:28:55,810 - root - INFO - Train Results | R²: 0.9922 | RMSE: 0.0857 | IC: 0.9962 | RankIC: 0.9884
2026-02-27 11:28:55,810 - root - INFO - Valid Results | R²: 0.6681 | RMSE: 0.5717 | IC: 0.8582 | RankIC: 0.8912
2026-02-27 11:28:55,840 - root - INFO - Early stopping triggered at epoch 292. No improvement for 100 epochs.
2026-02-27 11:28:55,873 - root - INFO - Run 5 Test Results | R²: 0.0126 | RMSE: 1.1627 | IC: 0.4004 | RankIC: 0.4857
2026-02-27 11:28:55,874 - root - INFO - 
2026-02-27 11:28:55,874 - root - INFO - ============================================================
2026-02-27 11:28:55,874 - root - INFO - Causal-TSF Final Results (Avg ± Std over 5 runs):
2026-02-27 11:28:55,875 - root - INFO - R²:       -0.0250 ± 0.0928
2026-02-27 11:28:55,875 - root - INFO - RMSE:     1.1834 ± 0.0535
2026-02-27 11:28:55,875 - root - INFO - IC:       0.2822 ± 0.1211 ★
2026-02-27 11:28:55,875 - root - INFO - RankIC:   0.3714 ± 0.1199 ★
2026-02-27 11:28:55,878 - root - ERROR - Traceback (most recent call last):
2026-02-27 11:28:55,878 - root - ERROR -   File "D:\HuaweiMoveData\Users\86180\Desktop\new\main.py", line 74, in <module>
2026-02-27 11:28:55,879 - root - ERROR - model_tradition, metrics_tradition = train.train_tradition(filtered_earnings)
2026-02-27 11:28:55,879 - root - ERROR - ^
2026-02-27 11:28:55,879 - root - ERROR - ^
2026-02-27 11:28:55,879 - root - ERROR - ^
2026-02-27 11:28:55,879 - root - ERROR - ^
2026-02-27 11:28:55,880 - root - ERROR - ^
2026-02-27 11:28:55,880 - root - ERROR - ^
2026-02-27 11:28:55,880 - root - ERROR - ^
2026-02-27 11:28:55,880 - root - ERROR - ^
2026-02-27 11:28:55,880 - root - ERROR - ^
2026-02-27 11:28:55,880 - root - ERROR - ^
2026-02-27 11:28:55,880 - root - ERROR - ^
2026-02-27 11:28:55,881 - root - ERROR - ^
2026-02-27 11:28:55,881 - root - ERROR - ^
2026-02-27 11:28:55,881 - root - ERROR - ^
2026-02-27 11:28:55,881 - root - ERROR - ^
2026-02-27 11:28:55,881 - root - ERROR - ^
2026-02-27 11:28:55,881 - root - ERROR - ^
2026-02-27 11:28:55,881 - root - ERROR - ^
2026-02-27 11:28:55,881 - root - ERROR - ^
2026-02-27 11:28:55,882 - root - ERROR - ^
2026-02-27 11:28:55,882 - root - ERROR - ^
2026-02-27 11:28:55,882 - root - ERROR - ^
2026-02-27 11:28:55,882 - root - ERROR - ^
2026-02-27 11:28:55,882 - root - ERROR - ^
2026-02-27 11:28:55,882 - root - ERROR - ^
2026-02-27 11:28:55,882 - root - ERROR - ^
2026-02-27 11:28:55,882 - root - ERROR - ^
2026-02-27 11:28:55,882 - root - ERROR - ^
2026-02-27 11:28:55,883 - root - ERROR - ^
2026-02-27 11:28:55,883 - root - ERROR - ^
2026-02-27 11:28:55,883 - root - ERROR - ^
2026-02-27 11:28:55,883 - root - ERROR - ^
2026-02-27 11:28:55,883 - root - ERROR - ^
2026-02-27 11:28:55,883 - root - ERROR - ^
2026-02-27 11:28:55,883 - root - ERROR - ^
2026-02-27 11:28:55,884 - root - ERROR - ^
2026-02-27 11:28:55,884 - root - ERROR - ^
2026-02-27 11:28:55,884 - root - ERROR - ^
2026-02-27 11:28:55,884 - root - ERROR - ^
2026-02-27 11:28:55,884 - root - ERROR - ^
2026-02-27 11:28:55,884 - root - ERROR -   File "D:\HuaweiMoveData\Users\86180\Desktop\new\Trainer.py", line 303, in train_tradition
2026-02-27 11:28:55,885 - root - ERROR - x_train, y_train, x_valid, y_valid, x_test, y_test = prepare_time_series_data_for_tradition(earnings, seq_length, target_col, target_shift, train_ratio, valid_ratio)
2026-02-27 11:28:55,885 - root - ERROR - ^
2026-02-27 11:28:55,885 - root - ERROR - ^
2026-02-27 11:28:55,885 - root - ERROR - ^
2026-02-27 11:28:55,885 - root - ERROR - ^
2026-02-27 11:28:55,885 - root - ERROR - ^
2026-02-27 11:28:55,885 - root - ERROR - ^
2026-02-27 11:28:55,885 - root - ERROR - ^
2026-02-27 11:28:55,885 - root - ERROR - ^
2026-02-27 11:28:55,885 - root - ERROR - ^
2026-02-27 11:28:55,885 - root - ERROR - ^
2026-02-27 11:28:55,887 - root - ERROR - ^
2026-02-27 11:28:55,887 - root - ERROR - ^
2026-02-27 11:28:55,887 - root - ERROR - ^
2026-02-27 11:28:55,887 - root - ERROR - ^
2026-02-27 11:28:55,887 - root - ERROR - ^
2026-02-27 11:28:55,887 - root - ERROR - ^
2026-02-27 11:28:55,887 - root - ERROR - ^
2026-02-27 11:28:55,887 - root - ERROR - ^
2026-02-27 11:28:55,887 - root - ERROR - ^
2026-02-27 11:28:55,888 - root - ERROR - ^
2026-02-27 11:28:55,888 - root - ERROR - ^
2026-02-27 11:28:55,888 - root - ERROR - ^
2026-02-27 11:28:55,888 - root - ERROR - ^
2026-02-27 11:28:55,888 - root - ERROR - ^
2026-02-27 11:28:55,888 - root - ERROR - ^
2026-02-27 11:28:55,888 - root - ERROR - ^
2026-02-27 11:28:55,888 - root - ERROR - ^
2026-02-27 11:28:55,889 - root - ERROR - ^
2026-02-27 11:28:55,889 - root - ERROR - ^
2026-02-27 11:28:55,889 - root - ERROR - ^
2026-02-27 11:28:55,889 - root - ERROR - ^
2026-02-27 11:28:55,889 - root - ERROR - ^
2026-02-27 11:28:55,889 - root - ERROR - ^
2026-02-27 11:28:55,889 - root - ERROR - ^
2026-02-27 11:28:55,890 - root - ERROR - ^
2026-02-27 11:28:55,890 - root - ERROR - ^
2026-02-27 11:28:55,890 - root - ERROR - ^
2026-02-27 11:28:55,890 - root - ERROR - ^
2026-02-27 11:28:55,890 - root - ERROR - ^
2026-02-27 11:28:55,890 - root - ERROR - ^
2026-02-27 11:28:55,890 - root - ERROR - ^
2026-02-27 11:28:55,890 - root - ERROR - ^
2026-02-27 11:28:55,891 - root - ERROR - ^
2026-02-27 11:28:55,891 - root - ERROR - ^
2026-02-27 11:28:55,891 - root - ERROR - ^
2026-02-27 11:28:55,891 - root - ERROR - ^
2026-02-27 11:28:55,891 - root - ERROR - ^
2026-02-27 11:28:55,891 - root - ERROR - ^
2026-02-27 11:28:55,891 - root - ERROR - ^
2026-02-27 11:28:55,891 - root - ERROR - ^
2026-02-27 11:28:55,891 - root - ERROR - ^
2026-02-27 11:28:55,892 - root - ERROR - ^
2026-02-27 11:28:55,892 - root - ERROR - ^
2026-02-27 11:28:55,892 - root - ERROR - ^
2026-02-27 11:28:55,892 - root - ERROR - ^
2026-02-27 11:28:55,892 - root - ERROR - ^
2026-02-27 11:28:55,892 - root - ERROR - ^
2026-02-27 11:28:55,892 - root - ERROR - ^
2026-02-27 11:28:55,893 - root - ERROR - ^
2026-02-27 11:28:55,893 - root - ERROR - ^
2026-02-27 11:28:55,893 - root - ERROR - ^
2026-02-27 11:28:55,893 - root - ERROR - ^
2026-02-27 11:28:55,893 - root - ERROR - ^
2026-02-27 11:28:55,893 - root - ERROR - ^
2026-02-27 11:28:55,894 - root - ERROR - ^
2026-02-27 11:28:55,894 - root - ERROR - ^
2026-02-27 11:28:55,894 - root - ERROR - ^
2026-02-27 11:28:55,894 - root - ERROR - ^
2026-02-27 11:28:55,894 - root - ERROR - ^
2026-02-27 11:28:55,895 - root - ERROR - ^
2026-02-27 11:28:55,895 - root - ERROR - ^
2026-02-27 11:28:55,895 - root - ERROR - ^
2026-02-27 11:28:55,895 - root - ERROR - ^
2026-02-27 11:28:55,895 - root - ERROR - ^
2026-02-27 11:28:55,896 - root - ERROR - ^
2026-02-27 11:28:55,896 - root - ERROR - ^
2026-02-27 11:28:55,896 - root - ERROR - ^
2026-02-27 11:28:55,896 - root - ERROR - ^
2026-02-27 11:28:55,896 - root - ERROR - ^
2026-02-27 11:28:55,896 - root - ERROR - ^
2026-02-27 11:28:55,896 - root - ERROR - ^
2026-02-27 11:28:55,897 - root - ERROR - ^
2026-02-27 11:28:55,897 - root - ERROR - ^
2026-02-27 11:28:55,897 - root - ERROR - ^
2026-02-27 11:28:55,897 - root - ERROR - ^
2026-02-27 11:28:55,897 - root - ERROR - ^
2026-02-27 11:28:55,897 - root - ERROR - ^
2026-02-27 11:28:55,897 - root - ERROR - ^
2026-02-27 11:28:55,898 - root - ERROR - ^
2026-02-27 11:28:55,898 - root - ERROR - ^
2026-02-27 11:28:55,898 - root - ERROR - ^
2026-02-27 11:28:55,898 - root - ERROR - ^
2026-02-27 11:28:55,898 - root - ERROR - ^
2026-02-27 11:28:55,898 - root - ERROR - ^
2026-02-27 11:28:55,898 - root - ERROR - ^
2026-02-27 11:28:55,898 - root - ERROR - ^
2026-02-27 11:28:55,899 - root - ERROR - ^
2026-02-27 11:28:55,899 - root - ERROR - ^
2026-02-27 11:28:55,899 - root - ERROR - ^
2026-02-27 11:28:55,899 - root - ERROR - ^
2026-02-27 11:28:55,899 - root - ERROR - ^
2026-02-27 11:28:55,899 - root - ERROR - ^
2026-02-27 11:28:55,900 - root - ERROR - ^
2026-02-27 11:28:55,900 - root - ERROR - ^
2026-02-27 11:28:55,900 - root - ERROR - ^
2026-02-27 11:28:55,900 - root - ERROR - ^
2026-02-27 11:28:55,900 - root - ERROR - ^
2026-02-27 11:28:55,901 - root - ERROR - ^
2026-02-27 11:28:55,901 - root - ERROR - ^
2026-02-27 11:28:55,901 - root - ERROR - ^
2026-02-27 11:28:55,901 - root - ERROR - ^
2026-02-27 11:28:55,901 - root - ERROR - ^
2026-02-27 11:28:55,901 - root - ERROR -   File "D:\HuaweiMoveData\Users\86180\Desktop\new\Trainer.py", line 96, in prepare_time_series_data_for_tradition
2026-02-27 11:28:55,902 - root - ERROR - train_scaled = scaler.fit_transform(train_raw[all_features(target_col)])
2026-02-27 11:28:55,902 - root - ERROR - ^
2026-02-27 11:28:55,902 - root - ERROR - ^
2026-02-27 11:28:55,902 - root - ERROR - ^
2026-02-27 11:28:55,902 - root - ERROR - ^
2026-02-27 11:28:55,902 - root - ERROR - ^
2026-02-27 11:28:55,903 - root - ERROR - ^
2026-02-27 11:28:55,903 - root - ERROR - ^
2026-02-27 11:28:55,903 - root - ERROR - ^
2026-02-27 11:28:55,903 - root - ERROR - ^
2026-02-27 11:28:55,903 - root - ERROR - ^
2026-02-27 11:28:55,903 - root - ERROR - ^
2026-02-27 11:28:55,904 - root - ERROR - ^
2026-02-27 11:28:55,904 - root - ERROR - ^
2026-02-27 11:28:55,904 - root - ERROR - ^
2026-02-27 11:28:55,904 - root - ERROR - ^
2026-02-27 11:28:55,904 - root - ERROR - ^
2026-02-27 11:28:55,904 - root - ERROR - ^
2026-02-27 11:28:55,904 - root - ERROR - ^
2026-02-27 11:28:55,905 - root - ERROR - ^
2026-02-27 11:28:55,905 - root - ERROR - ^
2026-02-27 11:28:55,905 - root - ERROR - ^
2026-02-27 11:28:55,905 - root - ERROR - ^
2026-02-27 11:28:55,905 - root - ERROR - ^
2026-02-27 11:28:55,905 - root - ERROR - ^
2026-02-27 11:28:55,906 - root - ERROR - TypeError
2026-02-27 11:28:55,907 - root - ERROR - :
2026-02-27 11:28:55,910 - root - ERROR - 'list' object is not callable
