2026-02-22 19:46:12,647 - root - INFO - 合并后的价格数据预览：
2026-02-22 19:46:12,687 - root - INFO -               宁德时代  market_data_1_上证综指  market_data_2_深证成指  \
2026-02-22 19:46:12,687 - root - INFO - 日期
2026-02-22 19:46:12,688 - root - INFO - 2021-09-28  501.03             2376.58            14313.82
2026-02-22 19:46:12,688 - root - INFO - 2021-09-29  503.11             2399.09            14079.02
2026-02-22 19:46:12,688 - root - INFO - 2021-09-30  526.33             2371.58            14309.01
2026-02-22 19:46:12,689 - root - INFO - 2021-10-08  534.60             2460.35            14414.16
2026-02-22 19:46:12,689 - root - INFO - 2021-10-11  521.60             2555.36            14367.60
2026-02-22 19:46:12,689 - root - INFO - ...            ...                 ...                 ...
2026-02-22 19:46:12,690 - root - INFO - 2024-06-17  351.59             1546.69             9281.25
2026-02-22 19:46:12,690 - root - INFO - 2024-06-18  355.42             1544.19             9318.47
2026-02-22 19:46:12,690 - root - INFO - 2024-06-19  353.04             1552.94             9219.07
2026-02-22 19:46:12,690 - root - INFO - 2024-06-20  351.21             1540.44             9068.85
2026-02-22 19:46:12,691 - root - INFO - 2024-06-21  346.11             1534.19             9064.84
2026-02-22 19:46:12,691 - root - INFO - 
2026-02-22 19:46:12,691 - root - INFO -             market_data_3_创业板指  upstream_1_盛新锂能  upstream_2_天齐锂业  \
2026-02-22 19:46:12,691 - root - INFO - 日期
2026-02-22 19:46:12,692 - root - INFO - 2021-09-28             3211.45            94.64           786.82
2026-02-22 19:46:12,692 - root - INFO - 2021-09-29             3175.15            86.85           795.77
2026-02-22 19:46:12,692 - root - INFO - 2021-09-30             3244.65            95.52           843.32
2026-02-22 19:46:12,692 - root - INFO - 2021-10-08             3243.20            95.09           801.31
2026-02-22 19:46:12,693 - root - INFO - 2021-10-11             3196.19            94.39           795.00
2026-02-22 19:46:12,693 - root - INFO - ...                        ...              ...              ...
2026-02-22 19:46:12,693 - root - INFO - 2024-06-17             1806.19            25.49           292.57
2026-02-22 19:46:12,693 - root - INFO - 2024-06-18             1811.36            25.28           295.98
2026-02-22 19:46:12,693 - root - INFO - 2024-06-19             1788.50            24.80           290.18
2026-02-22 19:46:12,693 - root - INFO - 2024-06-20             1762.70            24.02           281.07
2026-02-22 19:46:12,693 - root - INFO - 2024-06-21             1755.88            23.42           274.59
2026-02-22 19:46:12,693 - root - INFO - 
2026-02-22 19:46:12,694 - root - INFO -             upstream_3_赣锋锂业  upstream_4_川恒股份  upstream_5_盐湖股份  \
2026-02-22 19:46:12,694 - root - INFO - 日期
2026-02-22 19:46:12,694 - root - INFO - 2021-09-28          1450.29            36.29           217.06
2026-02-22 19:46:12,694 - root - INFO - 2021-09-29          1389.81            33.25           209.72
2026-02-22 19:46:12,694 - root - INFO - 2021-09-30          1479.54            34.85           220.47
2026-02-22 19:46:12,695 - root - INFO - 2021-10-08          1425.18            33.82           215.16
2026-02-22 19:46:12,695 - root - INFO - 2021-10-11          1435.08            33.19           214.51
2026-02-22 19:46:12,695 - root - INFO - ...                     ...              ...              ...
2026-02-22 19:46:12,695 - root - INFO - 2024-06-17           427.29            21.64           135.75
2026-02-22 19:46:12,695 - root - INFO - 2024-06-18           429.68            22.20           136.08
2026-02-22 19:46:12,696 - root - INFO - 2024-06-19           419.10            21.77           134.31
2026-02-22 19:46:12,696 - root - INFO - 2024-06-20           404.86            21.11           133.00
2026-02-22 19:46:12,696 - root - INFO - 2024-06-21           396.92            20.89           139.03
2026-02-22 19:46:12,696 - root - INFO - 
2026-02-22 19:46:12,696 - root - INFO -             upstream_6_中远海控  upstream_7_湘潭电化  upstream_8_华友钴业  \
2026-02-22 19:46:12,696 - root - INFO - 日期
2026-02-22 19:46:12,697 - root - INFO - 2021-09-28            24.21            47.83           192.66
2026-02-22 19:46:12,697 - root - INFO - 2021-09-29            22.06            44.23           185.11
2026-02-22 19:46:12,697 - root - INFO - 2021-09-30            23.02            47.05           189.29
2026-02-22 19:46:12,697 - root - INFO - 2021-10-08            22.40            46.36           186.36
2026-02-22 19:46:12,698 - root - INFO - 2021-10-11            22.44            47.42           190.38
2026-02-22 19:46:12,698 - root - INFO - ...                     ...              ...              ...
2026-02-22 19:46:12,698 - root - INFO - 2024-06-17            26.30            43.91            62.26
2026-02-22 19:46:12,698 - root - INFO - 2024-06-18            27.02            44.94            61.98
2026-02-22 19:46:12,698 - root - INFO - 2024-06-19            27.03            44.86            60.65
2026-02-22 19:46:12,698 - root - INFO - 2024-06-20            27.91            43.18            58.40
2026-02-22 19:46:12,699 - root - INFO - 2024-06-21            27.94            42.69            58.07
2026-02-22 19:46:12,699 - root - INFO - 
2026-02-22 19:46:12,699 - root - INFO -             upstream_9_西藏珠峰  upstream_10_宁波韵升  upstream_11_中国卫星  \
2026-02-22 19:46:12,699 - root - INFO - 日期
2026-02-22 19:46:12,699 - root - INFO - 2021-09-28            62.74             78.41            528.38
2026-02-22 19:46:12,700 - root - INFO - 2021-09-29            58.31             76.83            507.93
2026-02-22 19:46:12,700 - root - INFO - 2021-09-30            63.93             79.57            509.54
2026-02-22 19:46:12,700 - root - INFO - 2021-10-08            62.62             80.05            514.55
2026-02-22 19:46:12,700 - root - INFO - 2021-10-11            59.73             83.06            519.56
2026-02-22 19:46:12,701 - root - INFO - ...                     ...               ...               ...
2026-02-22 19:46:12,701 - root - INFO - 2024-06-17            18.26             49.18            442.49
2026-02-22 19:46:12,701 - root - INFO - 2024-06-18            18.83             49.86            446.90
2026-02-22 19:46:12,702 - root - INFO - 2024-06-19            18.43             49.59            443.29
2026-02-22 19:46:12,702 - root - INFO - 2024-06-20            18.17             48.63            429.46
2026-02-22 19:46:12,702 - root - INFO - 2024-06-21            18.10             48.15            432.46
2026-02-22 19:46:12,702 - root - INFO - 
2026-02-22 19:46:12,703 - root - INFO -             upstream_12_贵研铂业  upstream_13_北方稀土  upstream_14_盛和资源  \
2026-02-22 19:46:12,703 - root - INFO - 日期
2026-02-22 19:46:12,703 - root - INFO - 2021-09-28            147.28            734.34             33.98
2026-02-22 19:46:12,703 - root - INFO - 2021-09-29            144.78            688.15             32.80
2026-02-22 19:46:12,703 - root - INFO - 2021-09-30            144.92            734.34             34.29
2026-02-22 19:46:12,704 - root - INFO - 2021-10-08            145.07            733.68             33.40
2026-02-22 19:46:12,704 - root - INFO - 2021-10-11            144.71            741.38             34.17
2026-02-22 19:46:12,704 - root - INFO - ...                      ...               ...               ...
2026-02-22 19:46:12,704 - root - INFO - 2024-06-17             93.14            311.98             28.48
2026-02-22 19:46:12,704 - root - INFO - 2024-06-18             95.00            315.75             28.31
2026-02-22 19:46:12,705 - root - INFO - 2024-06-19             93.52            311.49             28.02
2026-02-22 19:46:12,705 - root - INFO - 2024-06-20             91.75            302.64             28.05
2026-02-22 19:46:12,705 - root - INFO - 2024-06-21             91.47            301.66             27.98
2026-02-22 19:46:12,705 - root - INFO - 
2026-02-22 19:46:12,706 - root - INFO -             upstream_15_南山铝业  upstream_16_江西铜业  upstream_17_中国铝业  \
2026-02-22 19:46:12,706 - root - INFO - 日期
2026-02-22 19:46:12,706 - root - INFO - 2021-09-28             30.41             28.34              8.78
2026-02-22 19:46:12,706 - root - INFO - 2021-09-29             29.83             27.98              8.30
2026-02-22 19:46:12,707 - root - INFO - 2021-09-30             30.02             28.80              8.13
2026-02-22 19:46:12,707 - root - INFO - 2021-10-08             29.96             28.68              7.93
2026-02-22 19:46:12,707 - root - INFO - 2021-10-11             29.70             29.29              7.81
2026-02-22 19:46:12,707 - root - INFO - ...                      ...               ...               ...
2026-02-22 19:46:12,707 - root - INFO - 2024-06-17             27.18             29.15              7.94
2026-02-22 19:46:12,707 - root - INFO - 2024-06-18             27.64             29.54              8.00
2026-02-22 19:46:12,707 - root - INFO - 2024-06-19             27.64             29.67              8.09
2026-02-22 19:46:12,708 - root - INFO - 2024-06-20             27.77             29.62              8.09
2026-02-22 19:46:12,708 - root - INFO - 2024-06-21             27.83             29.50              8.03
2026-02-22 19:46:12,708 - root - INFO - 
2026-02-22 19:46:12,708 - root - INFO -             upstream_18_雅化集团  upstream_19_瑞泰科技  upstream_20_方大炭素  \
2026-02-22 19:46:12,708 - root - INFO - 日期
2026-02-22 19:46:12,709 - root - INFO - 2021-09-28            197.43            262.22            134.66
2026-02-22 19:46:12,709 - root - INFO - 2021-09-29            189.93            257.90            129.24
2026-02-22 19:46:12,709 - root - INFO - 2021-09-30            202.23            260.73            130.24
2026-02-22 19:46:12,709 - root - INFO - 2021-10-08            197.55            267.08            129.46
2026-02-22 19:46:12,709 - root - INFO - 2021-10-11            195.99            276.26            126.37
2026-02-22 19:46:12,710 - root - INFO - ...                      ...               ...               ...
2026-02-22 19:46:12,710 - root - INFO - 2024-06-17             64.47            141.99             67.18
2026-02-22 19:46:12,710 - root - INFO - 2024-06-18             64.29            143.21             67.74
2026-02-22 19:46:12,710 - root - INFO - 2024-06-19             63.69            142.67             67.30
2026-02-22 19:46:12,710 - root - INFO - 2024-06-20             64.65            142.13             66.63
2026-02-22 19:46:12,711 - root - INFO - 2024-06-21             61.83            143.88             66.52
2026-02-22 19:46:12,711 - root - INFO - 
2026-02-22 19:46:12,711 - root - INFO -             upstream_21_鹏辉能源  upstream_22_德方纳米  upstream_23_天华新能  \
2026-02-22 19:46:12,711 - root - INFO - 日期
2026-02-22 19:46:12,711 - root - INFO - 2021-09-28            115.91            856.41            634.96
2026-02-22 19:46:12,711 - root - INFO - 2021-09-29            120.05            800.11            563.08
2026-02-22 19:46:12,712 - root - INFO - 2021-09-30            124.73            874.00            646.18
2026-02-22 19:46:12,712 - root - INFO - 2021-10-08            123.83            834.63            646.48
2026-02-22 19:46:12,712 - root - INFO - 2021-10-11            125.18            848.76            618.28
2026-02-22 19:46:12,712 - root - INFO - ...                      ...               ...               ...
2026-02-22 19:46:12,712 - root - INFO - 2024-06-17             97.27            174.99            173.72
2026-02-22 19:46:12,713 - root - INFO - 2024-06-18             96.86            173.85            172.78
2026-02-22 19:46:12,713 - root - INFO - 2024-06-19             94.61            169.54            169.82
2026-02-22 19:46:12,713 - root - INFO - 2024-06-20             90.56            163.37            165.84
2026-02-22 19:46:12,713 - root - INFO - 2024-06-21             89.89            159.33            163.74
2026-02-22 19:46:12,713 - root - INFO - 
2026-02-22 19:46:12,713 - root - INFO -             upstream_24_容百科技  upstream_25_璞泰来  upstream_26_杉杉股份  \
2026-02-22 19:46:12,714 - root - INFO - 日期
2026-02-22 19:46:12,714 - root - INFO - 2021-09-28            109.18           250.79            990.52
2026-02-22 19:46:12,714 - root - INFO - 2021-09-29            105.73           236.79            977.58
2026-02-22 19:46:12,714 - root - INFO - 2021-09-30            108.26           242.39           1008.76
2026-02-22 19:46:12,714 - root - INFO - 2021-10-08            104.58           232.59            962.29
2026-02-22 19:46:12,715 - root - INFO - 2021-10-11            104.60           234.75            916.12
2026-02-22 19:46:12,715 - root - INFO - ...                      ...              ...               ...
2026-02-22 19:46:12,715 - root - INFO - 2024-06-17             27.92            71.17            328.79
2026-02-22 19:46:12,715 - root - INFO - 2024-06-18             27.48            69.39            317.91
2026-02-22 19:46:12,715 - root - INFO - 2024-06-19             26.74            66.91            308.21
2026-02-22 19:46:12,716 - root - INFO - 2024-06-20             25.94            64.68            302.32
2026-02-22 19:46:12,716 - root - INFO - 2024-06-21             25.16            64.31            300.27
2026-02-22 19:46:12,716 - root - INFO - 
2026-02-22 19:46:12,716 - root - INFO -             upstream_27_诺德股份  upstream_28_天赐材料  upstream_29_多氟多  \
2026-02-22 19:46:12,716 - root - INFO - 日期
2026-02-22 19:46:12,716 - root - INFO - 2021-09-28            260.67            956.69           282.79
2026-02-22 19:46:12,716 - root - INFO - 2021-09-29            248.00            943.02           264.22
2026-02-22 19:46:12,718 - root - INFO - 2021-09-30            273.21           1037.07           284.35
2026-02-22 19:46:12,718 - root - INFO - 2021-10-08            269.72            941.05           296.41
2026-02-22 19:46:12,718 - root - INFO - 2021-10-11            257.70            939.42           280.03
2026-02-22 19:46:12,718 - root - INFO - ...                      ...               ...              ...
2026-02-22 19:46:12,719 - root - INFO - 2024-06-17             42.00            297.49           114.37
2026-02-22 19:46:12,719 - root - INFO - 2024-06-18             41.87            290.83           114.00
2026-02-22 19:46:12,719 - root - INFO - 2024-06-19             40.58            284.30           111.89
2026-02-22 19:46:12,719 - root - INFO - 2024-06-20             39.28            274.51           109.13
2026-02-22 19:46:12,720 - root - INFO - 2024-06-21             38.90            269.34           108.11
2026-02-22 19:46:12,720 - root - INFO - 
2026-02-22 19:46:12,720 - root - INFO -             upstream_30_星源材质  upstream_31_先导智能  upstream_32_迈为股份  \
2026-02-22 19:46:12,720 - root - INFO - 日期
2026-02-22 19:46:12,721 - root - INFO - 2021-09-28            210.39           1329.33           1092.88
2026-02-22 19:46:12,721 - root - INFO - 2021-09-29            198.99           1296.36           1090.40
2026-02-22 19:46:12,721 - root - INFO - 2021-09-30            208.33           1350.80           1100.35
2026-02-22 19:46:12,721 - root - INFO - 2021-10-08            201.69           1356.17           1031.00
2026-02-22 19:46:12,722 - root - INFO - 2021-10-11            199.22           1364.22           1070.98
2026-02-22 19:46:12,722 - root - INFO - ...                      ...               ...               ...
2026-02-22 19:46:12,722 - root - INFO - 2024-06-17             67.49            409.50            641.46
2026-02-22 19:46:12,722 - root - INFO - 2024-06-18             67.49            412.95            651.97
2026-02-22 19:46:12,722 - root - INFO - 2024-06-19             66.46            403.56            641.23
2026-02-22 19:46:12,723 - root - INFO - 2024-06-20             64.47            389.18            630.95
2026-02-22 19:46:12,723 - root - INFO - 2024-06-21             63.44            384.20            625.52
2026-02-22 19:46:12,723 - root - INFO - 
2026-02-22 19:46:12,723 - root - INFO -             upstream_33_正业科技  upstream_34_罗博特科  upstream_35_永太科技  \
2026-02-22 19:46:12,723 - root - INFO - 日期
2026-02-22 19:46:12,723 - root - INFO - 2021-09-28             55.01             52.73            318.62
2026-02-22 19:46:12,723 - root - INFO - 2021-09-29             52.01             51.33            286.99
2026-02-22 19:46:12,725 - root - INFO - 2021-09-30             55.20             54.05            302.24
2026-02-22 19:46:12,725 - root - INFO - 2021-10-08             55.53             57.87            308.34
2026-02-22 19:46:12,725 - root - INFO - 2021-10-11             53.67             57.51            304.10
2026-02-22 19:46:12,725 - root - INFO - ...                      ...               ...               ...
2026-02-22 19:46:12,725 - root - INFO - 2024-06-17             25.91            164.39             52.32
2026-02-22 19:46:12,726 - root - INFO - 2024-06-18             26.77            165.90             52.43
2026-02-22 19:46:12,726 - root - INFO - 2024-06-19             26.63            162.88             51.13
2026-02-22 19:46:12,726 - root - INFO - 2024-06-20             25.53            166.83             49.66
2026-02-22 19:46:12,726 - root - INFO - 2024-06-21             25.53            165.57             49.89
2026-02-22 19:46:12,726 - root - INFO - 
2026-02-22 19:46:12,726 - root - INFO -             upstream_36_奥特维  upstream_37_派能科技  upstream_38_振江股份  \
2026-02-22 19:46:12,727 - root - INFO - 日期
2026-02-22 19:46:12,727 - root - INFO - 2021-09-28           191.60             87.69             36.08
2026-02-22 19:46:12,727 - root - INFO - 2021-09-29           190.51             82.52             34.00
2026-02-22 19:46:12,727 - root - INFO - 2021-09-30           192.78             85.89             35.33
2026-02-22 19:46:12,727 - root - INFO - 2021-10-08           189.60             83.70             34.47
2026-02-22 19:46:12,728 - root - INFO - 2021-10-11           185.34             83.27             33.69
2026-02-22 19:46:12,728 - root - INFO - ...                     ...               ...               ...
2026-02-22 19:46:12,728 - root - INFO - 2024-06-17           153.61             64.60             33.04
2026-02-22 19:46:12,728 - root - INFO - 2024-06-18           149.22             64.63             34.55
2026-02-22 19:46:12,728 - root - INFO - 2024-06-19           145.57             63.45             34.89
2026-02-22 19:46:12,728 - root - INFO - 2024-06-20           144.69             61.61             34.62
2026-02-22 19:46:12,729 - root - INFO - 2024-06-21           147.34             61.24             33.81
2026-02-22 19:46:12,729 - root - INFO - 
2026-02-22 19:46:12,729 - root - INFO -             upstream_39_欣锐科技  upstream_40_视源股份  upstream_41_德赛西威  \
2026-02-22 19:46:12,729 - root - INFO - 日期
2026-02-22 19:46:12,729 - root - INFO - 2021-09-28             35.11            133.97             81.05
2026-02-22 19:46:12,729 - root - INFO - 2021-09-29             35.14            133.13             81.65
2026-02-22 19:46:12,730 - root - INFO - 2021-09-30             34.74            130.05             85.08
2026-02-22 19:46:12,730 - root - INFO - 2021-10-08             34.98            133.68             86.57
2026-02-22 19:46:12,730 - root - INFO - 2021-10-11             34.88            129.66             91.00
2026-02-22 19:46:12,730 - root - INFO - ...                      ...               ...               ...
2026-02-22 19:46:12,730 - root - INFO - 2024-06-17             15.81             57.30            101.99
2026-02-22 19:46:12,730 - root - INFO - 2024-06-18             16.34             58.13            103.00
2026-02-22 19:46:12,731 - root - INFO - 2024-06-19             16.63             56.88             99.04
2026-02-22 19:46:12,731 - root - INFO - 2024-06-20             15.64             55.33             96.83
2026-02-22 19:46:12,731 - root - INFO - 2024-06-21             15.34             55.99             97.09
2026-02-22 19:46:12,731 - root - INFO - 
2026-02-22 19:46:12,731 - root - INFO -             upstream_42_当升科技  upstream_43_格林美  upstream_44_富临精工  \
2026-02-22 19:46:12,731 - root - INFO - 日期
2026-02-22 19:46:12,732 - root - INFO - 2021-09-28            327.41           258.62            226.76
2026-02-22 19:46:12,732 - root - INFO - 2021-09-29            316.25           252.22            190.34
2026-02-22 19:46:12,732 - root - INFO - 2021-09-30            330.61           259.76            210.74
2026-02-22 19:46:12,732 - root - INFO - 2021-10-08            323.81           260.67            196.31
2026-02-22 19:46:12,732 - root - INFO - 2021-10-11            332.85           267.07            202.38
2026-02-22 19:46:12,732 - root - INFO - ...                      ...              ...               ...
2026-02-22 19:46:12,733 - root - INFO - 2024-06-17            161.90           159.20             57.92
2026-02-22 19:46:12,733 - root - INFO - 2024-06-18            161.70           161.49             59.15
2026-02-22 19:46:12,733 - root - INFO - 2024-06-19            158.30           159.20             58.08
2026-02-22 19:46:12,733 - root - INFO - 2024-06-20            152.74           155.09             55.78
2026-02-22 19:46:12,733 - root - INFO - 2024-06-21            153.02           154.86             57.08
2026-02-22 19:46:12,734 - root - INFO - 
2026-02-22 19:46:12,734 - root - INFO -             upstream_45_中科三环  upstream_46_凯恩股份  upstream_47_新宙邦  \
2026-02-22 19:46:12,734 - root - INFO - 日期
2026-02-22 19:46:12,734 - root - INFO - 2021-09-28            147.16             23.54           484.31
2026-02-22 19:46:12,734 - root - INFO - 2021-09-29            142.23             22.31           468.56
2026-02-22 19:46:12,734 - root - INFO - 2021-09-30            144.96             22.57           502.32
2026-02-22 19:46:12,734 - root - INFO - 2021-10-08            146.90             23.03           451.06
2026-02-22 19:46:12,734 - root - INFO - 2021-10-11            148.07             23.14           466.71
2026-02-22 19:46:12,735 - root - INFO - ...                      ...               ...              ...
2026-02-22 19:46:12,735 - root - INFO - 2024-06-17            122.74             13.79           198.81
2026-02-22 19:46:12,736 - root - INFO - 2024-06-18            124.96             14.12           196.28
2026-02-22 19:46:12,736 - root - INFO - 2024-06-19            122.59             14.15           192.36
2026-02-22 19:46:12,737 - root - INFO - 2024-06-20            120.52             13.76           187.00
2026-02-22 19:46:12,737 - root - INFO - 2024-06-21            119.93             13.76           187.69
2026-02-22 19:46:12,737 - root - INFO - 
2026-02-22 19:46:12,738 - root - INFO -             upstream_48_中材科技  upstream_49_新纶新材  upstream_50_翔丰华  \
2026-02-22 19:46:12,738 - root - INFO - 日期
2026-02-22 19:46:12,738 - root - INFO - 2021-09-28            161.42             47.45            17.39
2026-02-22 19:46:12,739 - root - INFO - 2021-09-29            149.69             44.17            17.00
2026-02-22 19:46:12,739 - root - INFO - 2021-09-30            153.85             47.21            17.31
2026-02-22 19:46:12,739 - root - INFO - 2021-10-08            145.82             48.41            17.38
2026-02-22 19:46:12,739 - root - INFO - 2021-10-11            138.25             46.81            17.47
2026-02-22 19:46:12,739 - root - INFO - ...                      ...               ...              ...
2026-02-22 19:46:12,741 - root - INFO - 2024-06-17             72.92              8.73             8.33
2026-02-22 19:46:12,741 - root - INFO - 2024-06-18             73.58              9.05             8.58
2026-02-22 19:46:12,741 - root - INFO - 2024-06-19             72.75              9.45             8.53
2026-02-22 19:46:12,741 - root - INFO - 2024-06-20             70.13              9.05             8.31
2026-02-22 19:46:12,742 - root - INFO - 2024-06-21             69.96              8.73             8.24
2026-02-22 19:46:12,742 - root - INFO - 
2026-02-22 19:46:12,743 - root - INFO -             upstream_51_国轩高科  upstream_52_上海港湾  upstream_53_航天电子  \
2026-02-22 19:46:12,743 - root - INFO - 日期
2026-02-22 19:46:12,743 - root - INFO - 2021-09-28            215.89             40.17            377.52
2026-02-22 19:46:12,743 - root - INFO - 2021-09-29            206.34             39.23            357.03
2026-02-22 19:46:12,744 - root - INFO - 2021-09-30            214.89             40.69            359.72
2026-02-22 19:46:12,744 - root - INFO - 2021-10-08            208.87             40.36            362.96
2026-02-22 19:46:12,745 - root - INFO - 2021-10-11            208.97             41.33            371.05
2026-02-22 19:46:12,745 - root - INFO - ...                      ...               ...               ...
2026-02-22 19:46:12,745 - root - INFO - 2024-06-17             88.10             32.81            392.61
2026-02-22 19:46:12,746 - root - INFO - 2024-06-18             87.38             32.59            393.15
2026-02-22 19:46:12,746 - root - INFO - 2024-06-19             85.33             32.25            385.60
2026-02-22 19:46:12,746 - root - INFO - 2024-06-20             82.94             31.69            373.74
2026-02-22 19:46:12,747 - root - INFO - 2024-06-21             83.13             31.78            376.98
2026-02-22 19:46:12,747 - root - INFO - 
2026-02-22 19:46:12,747 - root - INFO -             upstream_54_普天科技  upstream_55_上海瀚讯  upstream_56_中科星图  \
2026-02-22 19:46:12,747 - root - INFO - 日期
2026-02-22 19:46:12,748 - root - INFO - 2021-09-28             88.96             68.03             62.30
2026-02-22 19:46:12,748 - root - INFO - 2021-09-29             87.58             65.47             61.24
2026-02-22 19:46:12,748 - root - INFO - 2021-09-30             90.82             65.82             63.83
2026-02-22 19:46:12,749 - root - INFO - 2021-10-08             97.00             66.11             63.78
2026-02-22 19:46:12,749 - root - INFO - 2021-10-11             98.32             67.16             64.18
2026-02-22 19:46:12,749 - root - INFO - ...                      ...               ...               ...
2026-02-22 19:46:12,749 - root - INFO - 2024-06-17            123.11             67.53             74.23
2026-02-22 19:46:12,750 - root - INFO - 2024-06-18            124.31             71.50             74.41
2026-02-22 19:46:12,750 - root - INFO - 2024-06-19            122.81             70.27             74.36
2026-02-22 19:46:12,750 - root - INFO - 2024-06-20            119.03             67.20             73.51
2026-02-22 19:46:12,750 - root - INFO - 2024-06-21            119.39             67.45             74.94
2026-02-22 19:46:12,751 - root - INFO - 
2026-02-22 19:46:12,751 - root - INFO -             upstream_57_光迅科技  upstream_58_海格通信  upstream_59_开普云  \
2026-02-22 19:46:12,751 - root - INFO - 日期
2026-02-22 19:46:12,752 - root - INFO - 2021-09-28             73.76             70.53            34.82
2026-02-22 19:46:12,752 - root - INFO - 2021-09-29             71.69             68.19            34.44
2026-02-22 19:46:12,752 - root - INFO - 2021-09-30             71.99             67.95            34.39
2026-02-22 19:46:12,752 - root - INFO - 2021-10-08             73.61             68.13            34.70
2026-02-22 19:46:12,753 - root - INFO - 2021-10-11             74.48             69.39            35.00
2026-02-22 19:46:12,753 - root - INFO - ...                      ...               ...              ...
2026-02-22 19:46:12,753 - root - INFO - 2024-06-17            109.85             72.09            41.21
2026-02-22 19:46:12,754 - root - INFO - 2024-06-18            112.85             73.29            41.98
2026-02-22 19:46:12,754 - root - INFO - 2024-06-19            111.17             72.39            41.77
2026-02-22 19:46:12,754 - root - INFO - 2024-06-20            108.80             71.01            41.49
2026-02-22 19:46:12,754 - root - INFO - 2024-06-21            115.94             71.25            41.02
2026-02-22 19:46:12,755 - root - INFO - 
2026-02-22 19:46:12,755 - root - INFO -             upstream_60_亿利洁能  upstream_61_特变电工  upstream_62_隆基绿能  \
2026-02-22 19:46:12,755 - root - INFO - 日期
2026-02-22 19:46:12,755 - root - INFO - 2021-09-28             16.75           1216.30           1121.06
2026-02-22 19:46:12,755 - root - INFO - 2021-09-29             16.10           1197.91           1114.32
2026-02-22 19:46:12,755 - root - INFO - 2021-09-30             16.02           1235.22           1133.72
2026-02-22 19:46:12,755 - root - INFO - 2021-10-08             15.70           1109.11           1093.40
2026-02-22 19:46:12,755 - root - INFO - 2021-10-11             15.44           1116.99           1078.27
2026-02-22 19:46:12,757 - root - INFO - ...                      ...               ...               ...
2026-02-22 19:46:12,757 - root - INFO - 2024-06-17              3.97           1042.17            332.22
2026-02-22 19:46:12,757 - root - INFO - 2024-06-18              3.89           1047.63            332.60
2026-02-22 19:46:12,757 - root - INFO - 2024-06-19              3.82           1027.14            325.28
2026-02-22 19:46:12,758 - root - INFO - 2024-06-20              3.75           1012.80            310.26
2026-02-22 19:46:12,758 - root - INFO - 2024-06-21              3.67           1008.70            307.94
2026-02-22 19:46:12,758 - root - INFO - 
2026-02-22 19:46:12,758 - root - INFO -             upstream_63_卧龙电驱  upstream_64_方正电机  upstream_65_大洋电机  \
2026-02-22 19:46:12,759 - root - INFO - 日期
2026-02-22 19:46:12,759 - root - INFO - 2021-09-28             64.71             27.55             82.64
2026-02-22 19:46:12,760 - root - INFO - 2021-09-29             63.22             26.71             80.50
2026-02-22 19:46:12,760 - root - INFO - 2021-09-30             64.27             26.86             82.24
2026-02-22 19:46:12,760 - root - INFO - 2021-10-08             64.93             26.97             81.22
2026-02-22 19:46:12,761 - root - INFO - 2021-10-11             63.87             24.44             81.32
2026-02-22 19:46:12,761 - root - INFO - ...                      ...               ...               ...
2026-02-22 19:46:12,761 - root - INFO - 2024-06-17             64.71             12.48             66.94
2026-02-22 19:46:12,761 - root - INFO - 2024-06-18             65.63             12.74             67.75
2026-02-22 19:46:12,762 - root - INFO - 2024-06-19             65.67             12.58             66.94
2026-02-22 19:46:12,762 - root - INFO - 2024-06-20             62.56             12.20             65.51
2026-02-22 19:46:12,762 - root - INFO - 2024-06-21             62.47             12.25             65.81
2026-02-22 19:46:12,763 - root - INFO - 
2026-02-22 19:46:12,763 - root - INFO -             upstream_66_汇川技术  upstream_67_蓝海华腾  upstream_68_禾望电气  \
2026-02-22 19:46:12,763 - root - INFO - 日期
2026-02-22 19:46:12,763 - root - INFO - 2021-09-28           1412.17             57.12             22.74
2026-02-22 19:46:12,764 - root - INFO - 2021-09-29           1386.55             55.48             21.12
2026-02-22 19:46:12,764 - root - INFO - 2021-09-30           1390.64             57.64             22.52
2026-02-22 19:46:12,764 - root - INFO - 2021-10-08           1415.62             58.28             22.41
2026-02-22 19:46:12,765 - root - INFO - 2021-10-11           1412.39             57.48             22.03
2026-02-22 19:46:12,765 - root - INFO - ...                      ...               ...               ...
2026-02-22 19:46:12,765 - root - INFO - 2024-06-17           1258.87             62.40             18.71
2026-02-22 19:46:12,765 - root - INFO - 2024-06-18           1256.50             64.80             18.98
2026-02-22 19:46:12,766 - root - INFO - 2024-06-19           1216.45             66.68             17.99
2026-02-22 19:46:12,766 - root - INFO - 2024-06-20           1171.02             62.20             17.11
2026-02-22 19:46:12,766 - root - INFO - 2024-06-21           1171.67             60.48             17.31
2026-02-22 19:46:12,767 - root - INFO - 
2026-02-22 19:46:12,767 - root - INFO -             upstream_69_特锐德  upstream_70_盛弘股份  upstream_71_科士达  \
2026-02-22 19:46:12,767 - root - INFO - 日期
2026-02-22 19:46:12,768 - root - INFO - 2021-09-28           171.69             77.45           131.56
2026-02-22 19:46:12,768 - root - INFO - 2021-09-29           168.85             77.00           128.12
2026-02-22 19:46:12,768 - root - INFO - 2021-09-30           171.43             84.07           140.26
2026-02-22 19:46:12,769 - root - INFO - 2021-10-08           175.45             82.29           140.11
2026-02-22 19:46:12,769 - root - INFO - 2021-10-11           173.14             80.58           133.67
2026-02-22 19:46:12,769 - root - INFO - ...                     ...               ...              ...
2026-02-22 19:46:12,769 - root - INFO - 2024-06-17           148.18             85.39           109.94
2026-02-22 19:46:12,770 - root - INFO - 2024-06-18           148.78             86.54           111.17
2026-02-22 19:46:12,770 - root - INFO - 2024-06-19           141.65             83.13           108.76
2026-02-22 19:46:12,770 - root - INFO - 2024-06-20           139.01             79.36           104.88
2026-02-22 19:46:12,770 - root - INFO - 2024-06-21           140.00             79.09           104.04
2026-02-22 19:46:12,770 - root - INFO - 
2026-02-22 19:46:12,771 - root - INFO -             upstream_72_通合科技  upstream_73_和顺电气  upstream_74_奥特迅  \
2026-02-22 19:46:12,771 - root - INFO - 日期
2026-02-22 19:46:12,771 - root - INFO - 2021-09-28             35.92             60.69            33.56
2026-02-22 19:46:12,771 - root - INFO - 2021-09-29             36.89             63.66            32.26
2026-02-22 19:46:12,771 - root - INFO - 2021-09-30             37.19             64.83            33.40
2026-02-22 19:46:12,771 - root - INFO - 2021-10-08             35.57             62.27            33.98
2026-02-22 19:46:12,771 - root - INFO - 2021-10-11             34.48             57.95            33.46
2026-02-22 19:46:12,772 - root - INFO - ...                      ...               ...              ...
2026-02-22 19:46:12,772 - root - INFO - 2024-06-17             28.34             38.00            18.60
2026-02-22 19:46:12,772 - root - INFO - 2024-06-18             28.97             37.23            18.32
2026-02-22 19:46:12,772 - root - INFO - 2024-06-19             28.54             35.75            17.52
2026-02-22 19:46:12,772 - root - INFO - 2024-06-20             27.55             35.88            17.10
2026-02-22 19:46:12,773 - root - INFO - 2024-06-21             27.35             34.98            16.70
2026-02-22 19:46:12,773 - root - INFO - 
2026-02-22 19:46:12,773 - root - INFO -             upstream_75_英可瑞  upstream_76_永贵电器  upstream_77_阳光电源  \
2026-02-22 19:46:12,773 - root - INFO - 日期
2026-02-22 19:46:12,773 - root - INFO - 2021-09-28            51.27             40.62            931.69
2026-02-22 19:46:12,774 - root - INFO - 2021-09-29            48.81             39.11            958.72
2026-02-22 19:46:12,774 - root - INFO - 2021-09-30            51.69             40.14            965.13
2026-02-22 19:46:12,774 - root - INFO - 2021-10-08            53.92             40.70            976.93
2026-02-22 19:46:12,774 - root - INFO - 2021-10-11            52.70             40.10            904.41
2026-02-22 19:46:12,775 - root - INFO - ...                     ...               ...               ...
2026-02-22 19:46:12,775 - root - INFO - 2024-06-17            41.47             71.67            626.53
2026-02-22 19:46:12,775 - root - INFO - 2024-06-18            40.94             72.75            641.10
2026-02-22 19:46:12,775 - root - INFO - 2024-06-19            39.75             71.67            630.60
2026-02-22 19:46:12,775 - root - INFO - 2024-06-20            37.25             68.89            626.26
2026-02-22 19:46:12,776 - root - INFO - 2024-06-21            36.99             68.41            622.55
2026-02-22 19:46:12,776 - root - INFO - 
2026-02-22 19:46:12,776 - root - INFO -             upstream_78_南都电源  upstream_79_中国电建  upstream_80_中国能建  \
2026-02-22 19:46:12,776 - root - INFO - 日期
2026-02-22 19:46:12,777 - root - INFO - 2021-09-28             29.90              9.25              2.75
2026-02-22 19:46:12,777 - root - INFO - 2021-09-29             29.20              9.40              3.03
2026-02-22 19:46:12,777 - root - INFO - 2021-09-30             30.66              9.36              3.02
2026-02-22 19:46:12,777 - root - INFO - 2021-10-08             30.69              8.51              2.75
2026-02-22 19:46:12,777 - root - INFO - 2021-10-11             29.97              7.87              2.48
2026-02-22 19:46:12,778 - root - INFO - ...                      ...               ...               ...
2026-02-22 19:46:12,778 - root - INFO - 2024-06-17             24.64              6.33              2.16
2026-02-22 19:46:12,778 - root - INFO - 2024-06-18             24.76              6.65              2.19
2026-02-22 19:46:12,779 - root - INFO - 2024-06-19             24.21              6.67              2.18
2026-02-22 19:46:12,779 - root - INFO - 2024-06-20             23.13              6.56              2.16
2026-02-22 19:46:12,779 - root - INFO - 2024-06-21             22.60              6.63              2.17
2026-02-22 19:46:12,779 - root - INFO - 
2026-02-22 19:46:12,779 - root - INFO -             upstream_81_平高电气  upstream_82_中天科技  upstream_83_士兰微  \
2026-02-22 19:46:12,779 - root - INFO - 日期
2026-02-22 19:46:12,780 - root - INFO - 2021-09-28             59.74             57.08           609.87
2026-02-22 19:46:12,780 - root - INFO - 2021-09-29             60.26             56.09           591.35
2026-02-22 19:46:12,780 - root - INFO - 2021-09-30             64.49             57.67           596.97
2026-02-22 19:46:12,780 - root - INFO - 2021-10-08             60.73             58.02           589.79
2026-02-22 19:46:12,781 - root - INFO - 2021-10-11             55.88             61.53           577.11
2026-02-22 19:46:12,781 - root - INFO - ...                      ...               ...              ...
2026-02-22 19:46:12,781 - root - INFO - 2024-06-17            106.32             95.57           205.31
2026-02-22 19:46:12,781 - root - INFO - 2024-06-18            108.82             97.04           204.58
2026-02-22 19:46:12,781 - root - INFO - 2024-06-19            106.48             96.63           201.67
2026-02-22 19:46:12,781 - root - INFO - 2024-06-20            106.95             96.98           200.31
2026-02-22 19:46:12,783 - root - INFO - 2024-06-21            106.32             98.09           197.71
2026-02-22 19:46:12,783 - root - INFO - 
2026-02-22 19:46:12,783 - root - INFO -             upstream_84_嘉化能源  upstream_85_恒顺醋业  upstream_86_祁连山  \
2026-02-22 19:46:12,783 - root - INFO - 日期
2026-02-22 19:46:12,783 - root - INFO - 2021-09-28             69.92            106.02           157.90
2026-02-22 19:46:12,783 - root - INFO - 2021-09-29             68.37            103.29           152.71
2026-02-22 19:46:12,784 - root - INFO - 2021-09-30             69.15            107.88           152.98
2026-02-22 19:46:12,784 - root - INFO - 2021-10-08             70.28            109.75           152.84
2026-02-22 19:46:12,784 - root - INFO - 2021-10-11             70.05            109.75           155.11
2026-02-22 19:46:12,785 - root - INFO - ...                      ...               ...              ...
2026-02-22 19:46:12,785 - root - INFO - 2024-06-17             53.18             58.17           140.96
2026-02-22 19:46:12,785 - root - INFO - 2024-06-18             52.41             58.17           143.75
2026-02-22 19:46:12,785 - root - INFO - 2024-06-19             51.19             57.70           146.02
2026-02-22 19:46:12,785 - root - INFO - 2024-06-20             50.78             56.64           140.56
2026-02-22 19:46:12,786 - root - INFO - 2024-06-21             50.78             55.97           143.22
2026-02-22 19:46:12,786 - root - INFO - 
2026-02-22 19:46:12,786 - root - INFO -             upstream_87_津膜科技  upstream_88_宁波中百  upstream_89_哈投股份  \
2026-02-22 19:46:12,786 - root - INFO - 日期
2026-02-22 19:46:12,787 - root - INFO - 2021-09-28             61.45             45.95             55.01
2026-02-22 19:46:12,787 - root - INFO - 2021-09-29             54.89             45.42             54.21
2026-02-22 19:46:12,787 - root - INFO - 2021-09-30             60.80             46.20             53.70
2026-02-22 19:46:12,787 - root - INFO - 2021-10-08             57.68             47.12             55.44
2026-02-22 19:46:12,788 - root - INFO - 2021-10-11             55.47             51.63             54.57
2026-02-22 19:46:12,788 - root - INFO - ...                      ...               ...               ...
2026-02-22 19:46:12,788 - root - INFO - 2024-06-17             32.26             31.25             45.46
2026-02-22 19:46:12,788 - root - INFO - 2024-06-18             32.33             31.78             46.04
2026-02-22 19:46:12,789 - root - INFO - 2024-06-19             31.68             31.59             45.75
2026-02-22 19:46:12,789 - root - INFO - 2024-06-20             30.90             31.06             44.81
2026-02-22 19:46:12,789 - root - INFO - 2024-06-21             31.03             30.72             44.95
2026-02-22 19:46:12,789 - root - INFO - 
2026-02-22 19:46:12,790 - root - INFO -             upstream_90_长江电力  upstream_91_三花智控  upstream_92_拓普集团  \
2026-02-22 19:46:12,790 - root - INFO - 日期
2026-02-22 19:46:12,790 - root - INFO - 2021-09-28             51.15            212.62             53.46
2026-02-22 19:46:12,790 - root - INFO - 2021-09-29             51.73            211.39             53.50
2026-02-22 19:46:12,790 - root - INFO - 2021-09-30             51.52            212.09             54.58
2026-02-22 19:46:12,791 - root - INFO - 2021-10-08             51.43            214.64             59.85
2026-02-22 19:46:12,791 - root - INFO - 2021-10-11             50.85            219.48             62.93
2026-02-22 19:46:12,791 - root - INFO - ...                      ...               ...               ...
2026-02-22 19:46:12,791 - root - INFO - 2024-06-17             64.75            220.96             87.97
2026-02-22 19:46:12,791 - root - INFO - 2024-06-18             64.59            224.03             91.33
2026-02-22 19:46:12,792 - root - INFO - 2024-06-19             65.01            216.47             89.29
2026-02-22 19:46:12,792 - root - INFO - 2024-06-20             65.54            210.23             87.03
2026-02-22 19:46:12,792 - root - INFO - 2024-06-21             65.52            209.36             88.06
2026-02-22 19:46:12,792 - root - INFO - 
2026-02-22 19:46:12,792 - root - INFO -             upstream_93_新泉股份  upstream_94_福耀玻璃  upstream_95_华域汽车  \
2026-02-22 19:46:12,793 - root - INFO - 日期
2026-02-22 19:46:12,793 - root - INFO - 2021-09-28             55.70           2596.15            827.05
2026-02-22 19:46:12,793 - root - INFO - 2021-09-29             53.48           2493.98            822.96
2026-02-22 19:46:12,793 - root - INFO - 2021-09-30             55.81           2514.91            820.78
2026-02-22 19:46:12,794 - root - INFO - 2021-10-08             55.70           2557.27            840.13
2026-02-22 19:46:12,794 - root - INFO - 2021-10-11             58.18           2694.33            851.30
2026-02-22 19:46:12,794 - root - INFO - ...                      ...               ...               ...
2026-02-22 19:46:12,794 - root - INFO - 2024-06-17            103.50           2889.70            685.08
2026-02-22 19:46:12,795 - root - INFO - 2024-06-18            108.40           2899.66            689.71
2026-02-22 19:46:12,795 - root - INFO - 2024-06-19            106.20           2856.30            686.71
2026-02-22 19:46:12,795 - root - INFO - 2024-06-20            103.88           2847.83            682.35
2026-02-22 19:46:12,795 - root - INFO - 2024-06-21            102.22           2837.37            686.99
2026-02-22 19:46:12,795 - root - INFO - 
2026-02-22 19:46:12,796 - root - INFO -             upstream_96_贵州茅台  upstream_97_五粮液  upstream_98_中国平安  \
2026-02-22 19:46:12,796 - root - INFO - 日期
2026-02-22 19:46:12,796 - root - INFO - 2021-09-28           9640.88          3586.05            120.79
2026-02-22 19:46:12,796 - root - INFO - 2021-09-29           9630.53          3613.26            120.65
2026-02-22 19:46:12,797 - root - INFO - 2021-09-30           9680.78          3624.37            118.99
2026-02-22 19:46:12,797 - root - INFO - 2021-10-08           9729.02          3762.45            126.47
2026-02-22 19:46:12,797 - root - INFO - 2021-10-11           9867.30          3755.89            127.75
2026-02-22 19:46:12,797 - root - INFO - ...                      ...              ...               ...
2026-02-22 19:46:12,797 - root - INFO - 2024-06-17           8676.33          2422.49            116.89
2026-02-22 19:46:12,797 - root - INFO - 2024-06-18           8575.84          2393.71            117.19
2026-02-22 19:46:12,798 - root - INFO - 2024-06-19           8627.97          2398.87            117.73
2026-02-22 19:46:12,798 - root - INFO - 2024-06-20           8623.45          2367.28            116.75
2026-02-22 19:46:12,798 - root - INFO - 2024-06-21           8477.23          2336.01            117.07
2026-02-22 19:46:12,798 - root - INFO - 
2026-02-22 19:46:12,798 - root - INFO -             upstream_99_招商银行  upstream_100_京东方A  upstream_101_恒瑞医药  \
2026-02-22 19:46:12,799 - root - INFO - 日期
2026-02-22 19:46:12,799 - root - INFO - 2021-09-28            222.80              17.86            2407.07
2026-02-22 19:46:12,799 - root - INFO - 2021-09-29            227.26              17.31            2384.94
2026-02-22 19:46:12,799 - root - INFO - 2021-09-30            222.92              17.37            2399.54
2026-02-22 19:46:12,800 - root - INFO - 2021-10-08            224.79              18.21            2585.96
2026-02-22 19:46:12,800 - root - INFO - 2021-10-11            232.89              17.92            2558.65
2026-02-22 19:46:12,800 - root - INFO - ...                      ...                ...                ...
2026-02-22 19:46:12,800 - root - INFO - 2024-06-17            170.28              15.11            2052.12
2026-02-22 19:46:12,800 - root - INFO - 2024-06-18            170.20              15.30            2025.76
2026-02-22 19:46:12,800 - root - INFO - 2024-06-19            171.93              15.30            1997.04
2026-02-22 19:46:12,801 - root - INFO - 2024-06-20            171.38              15.04            1961.26
2026-02-22 19:46:12,801 - root - INFO - 2024-06-21            170.17              15.11            1934.90
2026-02-22 19:46:12,801 - root - INFO - 
2026-02-22 19:46:12,801 - root - INFO -             upstream_102_药明康德  upstream_103_中国建筑  upstream_104_中国铁建  \
2026-02-22 19:46:12,801 - root - INFO - 日期
2026-02-22 19:46:12,802 - root - INFO - 2021-09-28             356.87               8.83              10.10
2026-02-22 19:46:12,802 - root - INFO - 2021-09-29             354.80               8.76               9.87
2026-02-22 19:46:12,802 - root - INFO - 2021-09-30             361.15               8.74               9.89
2026-02-22 19:46:12,802 - root - INFO - 2021-10-08             353.67               8.81              10.06
2026-02-22 19:46:12,802 - root - INFO - 2021-10-11             335.42               8.78               9.96
2026-02-22 19:46:12,803 - root - INFO - ...                       ...                ...                ...
2026-02-22 19:46:12,803 - root - INFO - 2024-06-17             108.50              10.34              10.93
2026-02-22 19:46:12,803 - root - INFO - 2024-06-18             105.11              10.45              11.11
2026-02-22 19:46:12,803 - root - INFO - 2024-06-19             103.72              10.48              11.15
2026-02-22 19:46:12,803 - root - INFO - 2024-06-20             101.72              10.36              11.03
2026-02-22 19:46:12,803 - root - INFO - 2024-06-21             100.31              10.39              11.09
2026-02-22 19:46:12,803 - root - INFO - 
2026-02-22 19:46:12,804 - root - INFO -             upstream_105_中信证券  upstream_106_中国神华  upstream_107_工商银行  \
2026-02-22 19:46:12,804 - root - INFO - 日期
2026-02-22 19:46:12,804 - root - INFO - 2021-09-28              93.05              36.39               7.97
2026-02-22 19:46:12,804 - root - INFO - 2021-09-29              92.30              35.75               7.99
2026-02-22 19:46:12,805 - root - INFO - 2021-09-30              91.31              36.24               7.97
2026-02-22 19:46:12,805 - root - INFO - 2021-10-08              92.72              34.98               8.02
2026-02-22 19:46:12,805 - root - INFO - 2021-10-11              92.45              36.00               8.05
2026-02-22 19:46:12,805 - root - INFO - ...                       ...                ...                ...
2026-02-22 19:46:12,805 - root - INFO - 2024-06-17              76.91              62.21               9.40
2026-02-22 19:46:12,806 - root - INFO - 2024-06-18              77.08              62.24               9.42
2026-02-22 19:46:12,806 - root - INFO - 2024-06-19              76.46              62.11               9.47
2026-02-22 19:46:12,806 - root - INFO - 2024-06-20              75.94              63.30               9.49
2026-02-22 19:46:12,806 - root - INFO - 2024-06-21              76.15              62.78               9.48
2026-02-22 19:46:12,806 - root - INFO - 
2026-02-22 19:46:12,807 - root - INFO -             upstream_108_浦发银行  upstream_109_山东黄金  upstream_110_中国银行  \
2026-02-22 19:46:12,807 - root - INFO - 日期
2026-02-22 19:46:12,807 - root - INFO - 2021-09-28              86.45             310.94               5.69
2026-02-22 19:46:12,807 - root - INFO - 2021-09-29              86.39             325.99               5.69
2026-02-22 19:46:12,807 - root - INFO - 2021-09-30              86.25             320.66               5.68
2026-02-22 19:46:12,807 - root - INFO - 2021-10-08              86.78             324.58               5.70
2026-02-22 19:46:12,808 - root - INFO - 2021-10-11              87.24             327.40               5.71
2026-02-22 19:46:12,808 - root - INFO - ...                       ...                ...                ...
2026-02-22 19:46:12,808 - root - INFO - 2024-06-17              85.13             446.26               7.69
2026-02-22 19:46:12,808 - root - INFO - 2024-06-18              85.07             450.49               7.70
2026-02-22 19:46:12,808 - root - INFO - 2024-06-19              85.92             456.92               7.75
2026-02-22 19:46:12,809 - root - INFO - 2024-06-20              85.79             453.94               7.76
2026-02-22 19:46:12,809 - root - INFO - 2024-06-21              85.59             453.63               7.74
2026-02-22 19:46:12,809 - root - INFO - 
2026-02-22 19:46:12,809 - root - INFO -             upstream_111_格力电器  upstream_112_云南白药  upstream_113_中兴通讯  \
2026-02-22 19:46:12,810 - root - INFO - 日期
2026-02-22 19:46:12,810 - root - INFO - 2021-09-28            6790.59            2033.58             464.41
2026-02-22 19:46:12,810 - root - INFO - 2021-09-29            6945.75            2010.67             444.20
2026-02-22 19:46:12,810 - root - INFO - 2021-09-30            6874.04            2009.05             450.46
2026-02-22 19:46:12,810 - root - INFO - 2021-10-08            7012.25            2030.15             459.98
2026-02-22 19:46:12,810 - root - INFO - 2021-10-11            7017.46            1995.16             469.63
2026-02-22 19:46:12,811 - root - INFO - ...                       ...                ...                ...
2026-02-22 19:46:12,811 - root - INFO - 2024-06-17            7735.90            1695.66             389.42
2026-02-22 19:46:12,811 - root - INFO - 2024-06-18            7742.42            1702.22             396.85
2026-02-22 19:46:12,811 - root - INFO - 2024-06-19            7686.35            1691.62             395.68
2026-02-22 19:46:12,812 - root - INFO - 2024-06-20            7658.97            1666.87             385.77
2026-02-22 19:46:12,812 - root - INFO - 2024-06-21            7651.15            1666.87             392.16
2026-02-22 19:46:12,812 - root - INFO - 
2026-02-22 19:46:12,812 - root - INFO -             upstream_114_立讯精密  upstream_115_歌尔股份  upstream_116_紫光国微  \
2026-02-22 19:46:12,812 - root - INFO - 日期
2026-02-22 19:46:12,812 - root - INFO - 2021-09-28            1182.19             953.49             630.08
2026-02-22 19:46:12,812 - root - INFO - 2021-09-29            1178.92             931.46             609.68
2026-02-22 19:46:12,812 - root - INFO - 2021-09-30            1178.92             948.74             623.33
2026-02-22 19:46:12,814 - root - INFO - 2021-10-08            1243.34             940.10             581.81
2026-02-22 19:46:12,814 - root - INFO - 2021-10-11            1239.74             942.48             602.63
2026-02-22 19:46:12,814 - root - INFO - ...                       ...                ...                ...
2026-02-22 19:46:12,814 - root - INFO - 2024-06-17            1228.95             428.59             251.75
2026-02-22 19:46:12,815 - root - INFO - 2024-06-18            1261.32             430.96             252.21
2026-02-22 19:46:12,815 - root - INFO - 2024-06-19            1263.94             429.02             250.45
2026-02-22 19:46:12,815 - root - INFO - 2024-06-20            1237.45             419.73             250.03
2026-02-22 19:46:12,815 - root - INFO - 2024-06-21            1252.50             426.43             244.57
2026-02-22 19:46:12,816 - root - INFO - 
2026-02-22 19:46:12,816 - root - INFO -             upstream_117_晶方科技  upstream_118_兆易创新  upstream_119_长飞光纤  \
2026-02-22 19:46:12,816 - root - INFO - 日期
2026-02-22 19:46:12,816 - root - INFO - 2021-09-28              74.14             844.54             116.33
2026-02-22 19:46:12,816 - root - INFO - 2021-09-29              72.39             812.33             116.73
2026-02-22 19:46:12,817 - root - INFO - 2021-09-30              72.26             801.08             116.66
2026-02-22 19:46:12,817 - root - INFO - 2021-10-08              73.65             826.93             117.91
2026-02-22 19:46:12,817 - root - INFO - 2021-10-11              75.13             814.03             118.28
2026-02-22 19:46:12,817 - root - INFO - ...                       ...                ...                ...
2026-02-22 19:46:12,818 - root - INFO - 2024-06-17              54.87             532.00             115.22
2026-02-22 19:46:12,818 - root - INFO - 2024-06-18              54.55             528.27             115.66
2026-02-22 19:46:12,818 - root - INFO - 2024-06-19              59.82             534.36             116.95
2026-02-22 19:46:12,818 - root - INFO - 2024-06-20              59.04             524.98             114.49
2026-02-22 19:46:12,818 - root - INFO - 2024-06-21              62.37             533.21             114.19
2026-02-22 19:46:12,819 - root - INFO - 
2026-02-22 19:46:12,819 - root - INFO -             upstream_120_洛阳钼业  upstream_121_长飞光纤  upstream_122_澜起科技  \
2026-02-22 19:46:12,819 - root - INFO - 日期
2026-02-22 19:46:12,819 - root - INFO - 2021-09-28              20.22             116.33              59.91
2026-02-22 19:46:12,819 - root - INFO - 2021-09-29              19.20             116.73              60.88
2026-02-22 19:46:12,819 - root - INFO - 2021-09-30              19.62             116.66              60.01
2026-02-22 19:46:12,819 - root - INFO - 2021-10-08              19.53             117.91              60.51
2026-02-22 19:46:12,820 - root - INFO - 2021-10-11              20.55             118.28              62.20
2026-02-22 19:46:12,820 - root - INFO - ...                       ...                ...                ...
2026-02-22 19:46:12,820 - root - INFO - 2024-06-17              26.53             115.22              55.33
2026-02-22 19:46:12,820 - root - INFO - 2024-06-18              26.38             115.66              55.88
2026-02-22 19:46:12,820 - root - INFO - 2024-06-19              27.16             116.95              56.67
2026-02-22 19:46:12,821 - root - INFO - 2024-06-20              27.31             114.49              57.58
2026-02-22 19:46:12,821 - root - INFO - 2024-06-21              26.95             114.19              58.31
2026-02-22 19:46:12,821 - root - INFO - 
2026-02-22 19:46:12,821 - root - INFO -             upstream_123_万集科技  upstream_124_雪峰科技  upstream_125_福耀玻璃  \
2026-02-22 19:46:12,821 - root - INFO - 日期
2026-02-22 19:46:12,822 - root - INFO - 2021-09-28             158.80              46.95            2596.15
2026-02-22 19:46:12,822 - root - INFO - 2021-09-29             155.59              46.52            2493.98
2026-02-22 19:46:12,822 - root - INFO - 2021-09-30             151.80              46.13            2514.91
2026-02-22 19:46:12,822 - root - INFO - 2021-10-08             154.18              46.99            2557.27
2026-02-22 19:46:12,822 - root - INFO - 2021-10-11             150.00              47.39            2694.33
2026-02-22 19:46:12,823 - root - INFO - ...                       ...                ...                ...
2026-02-22 19:46:12,823 - root - INFO - 2024-06-17             142.79              57.67            2889.70
2026-02-22 19:46:12,823 - root - INFO - 2024-06-18             143.47              57.55            2899.66
2026-02-22 19:46:12,823 - root - INFO - 2024-06-19             146.01              56.32            2856.30
2026-02-22 19:46:12,824 - root - INFO - 2024-06-20             148.58              54.29            2847.83
2026-02-22 19:46:12,824 - root - INFO - 2024-06-21             151.00              53.76            2837.37
2026-02-22 19:46:12,824 - root - INFO - 
2026-02-22 19:46:12,824 - root - INFO -             upstream_126_新筑股份  upstream_127_华贸物流  upstream_128_卫士通  \
2026-02-22 19:46:12,824 - root - INFO - 日期
2026-02-22 19:46:12,825 - root - INFO - 2021-09-28              19.46              17.05            355.16
2026-02-22 19:46:12,825 - root - INFO - 2021-09-29              18.86              16.16            335.23
2026-02-22 19:46:12,825 - root - INFO - 2021-09-30              19.06              16.70            344.78
2026-02-22 19:46:12,825 - root - INFO - 2021-10-08              19.26              16.40            338.60
2026-02-22 19:46:12,826 - root - INFO - 2021-10-11              18.94              14.83            343.38
2026-02-22 19:46:12,826 - root - INFO - ...                       ...                ...               ...
2026-02-22 19:46:12,826 - root - INFO - 2024-06-17              13.42               9.47            127.25
2026-02-22 19:46:12,826 - root - INFO - 2024-06-18              13.86               9.59            129.88
2026-02-22 19:46:12,827 - root - INFO - 2024-06-19              13.90               9.59            129.31
2026-02-22 19:46:12,827 - root - INFO - 2024-06-20              13.46               9.36            125.44
2026-02-22 19:46:12,827 - root - INFO - 2024-06-21              13.50               9.36            125.27
2026-02-22 19:46:12,827 - root - INFO - 
2026-02-22 19:46:12,827 - root - INFO -             upstream_129_浪潮信息  upstream_130_科大讯飞  upstream_131_深南电路  \
2026-02-22 19:46:12,828 - root - INFO - 日期
2026-02-22 19:46:12,828 - root - INFO - 2021-09-28             156.49             699.82             164.98
2026-02-22 19:46:12,828 - root - INFO - 2021-09-29             148.22             700.34             161.15
2026-02-22 19:46:12,828 - root - INFO - 2021-09-30             148.28             693.88             163.53
2026-02-22 19:46:12,828 - root - INFO - 2021-10-08             151.54             718.67             164.81
2026-02-22 19:46:12,828 - root - INFO - 2021-10-11             153.35             714.54             163.53
2026-02-22 19:46:12,829 - root - INFO - ...                       ...                ...                ...
2026-02-22 19:46:12,829 - root - INFO - 2024-06-17             195.45             567.37             193.62
2026-02-22 19:46:12,829 - root - INFO - 2024-06-18             200.98             576.41             191.32
2026-02-22 19:46:12,829 - root - INFO - 2024-06-19             209.83             569.18             189.37
2026-02-22 19:46:12,829 - root - INFO - 2024-06-20             202.90             557.04             187.94
2026-02-22 19:46:12,829 - root - INFO - 2024-06-21             204.18             565.17             189.46
2026-02-22 19:46:12,831 - root - INFO - 
2026-02-22 19:46:12,831 - root - INFO -             upstream_132_闻泰科技  upstream_133_生益科技  upstream_134_士兰微  \
2026-02-22 19:46:12,831 - root - INFO - 日期
2026-02-22 19:46:12,831 - root - INFO - 2021-09-28             277.31             139.19            609.87
2026-02-22 19:46:12,831 - root - INFO - 2021-09-29             270.73             137.43            591.35
2026-02-22 19:46:12,832 - root - INFO - 2021-09-30             272.07             137.98            596.97
2026-02-22 19:46:12,832 - root - INFO - 2021-10-08             278.44             140.90            589.79
2026-02-22 19:46:12,832 - root - INFO - 2021-10-11             286.21             141.95            577.11
2026-02-22 19:46:12,833 - root - INFO - ...                       ...                ...               ...
2026-02-22 19:46:12,833 - root - INFO - 2024-06-17              87.91             144.92            205.31
2026-02-22 19:46:12,833 - root - INFO - 2024-06-18              87.73             145.03            204.58
2026-02-22 19:46:12,833 - root - INFO - 2024-06-19              86.57             139.52            201.67
2026-02-22 19:46:12,834 - root - INFO - 2024-06-20              84.19             139.63            200.31
2026-02-22 19:46:12,834 - root - INFO - 2024-06-21              83.57             139.85            197.71
2026-02-22 19:46:12,834 - root - INFO - 
2026-02-22 19:46:12,834 - root - INFO -             upstream_135_恒顺醋业  upstream_136_新安股份  upstream_137_青岛海尔  \
2026-02-22 19:46:12,835 - root - INFO - 日期
2026-02-22 19:46:12,835 - root - INFO - 2021-09-28             106.02             209.56             923.87
2026-02-22 19:46:12,835 - root - INFO - 2021-09-29             103.29             195.41             936.90
2026-02-22 19:46:12,835 - root - INFO - 2021-09-30             107.88             204.86             940.81
2026-02-22 19:46:12,836 - root - INFO - 2021-10-08             109.75             198.05             958.72
2026-02-22 19:46:12,836 - root - INFO - 2021-10-11             109.75             199.64             959.70
2026-02-22 19:46:12,836 - root - INFO - ...                       ...                ...                ...
2026-02-22 19:46:12,836 - root - INFO - 2024-06-17              58.17              96.55            1106.87
2026-02-22 19:46:12,836 - root - INFO - 2024-06-18              58.17              97.37            1102.64
2026-02-22 19:46:12,837 - root - INFO - 2024-06-19              57.70              95.98            1086.68
2026-02-22 19:46:12,837 - root - INFO - 2024-06-20              56.64              93.51            1081.14
2026-02-22 19:46:12,837 - root - INFO - 2024-06-21              55.97              93.35            1073.00
2026-02-22 19:46:12,837 - root - INFO - 
2026-02-22 19:46:12,837 - root - INFO -             upstream_138_绿地控股  upstream_139_山西汾酒  upstream_140_厦门钨业  \
2026-02-22 19:46:12,838 - root - INFO - 日期
2026-02-22 19:46:12,838 - root - INFO - 2021-09-28             574.45            1285.82             231.23
2026-02-22 19:46:12,838 - root - INFO - 2021-09-29             569.22            1289.82             220.16
2026-02-22 19:46:12,838 - root - INFO - 2021-09-30             577.93            1279.81             224.90
2026-02-22 19:46:12,838 - root - INFO - 2021-10-08             577.93            1317.85             222.88
2026-02-22 19:46:12,839 - root - INFO - 2021-10-11             578.80            1288.22             223.23
2026-02-22 19:46:12,839 - root - INFO - ...                       ...                ...                ...
2026-02-22 19:46:12,839 - root - INFO - 2024-06-17             318.00             971.14             183.07
2026-02-22 19:46:12,839 - root - INFO - 2024-06-18             316.08             949.44             183.68
2026-02-22 19:46:12,839 - root - INFO - 2024-06-19             313.21             938.27             185.00
2026-02-22 19:46:12,840 - root - INFO - 2024-06-20             308.42             934.83             184.04
2026-02-22 19:46:12,840 - root - INFO - 2024-06-21             306.50             905.92             182.54
2026-02-22 19:46:12,840 - root - INFO - 
2026-02-22 19:46:12,840 - root - INFO -             upstream_141_恒瑞医药  upstream_142_招商银行  upstream_143_特变电工  \
2026-02-22 19:46:12,840 - root - INFO - 日期
2026-02-22 19:46:12,840 - root - INFO - 2021-09-28            2407.07             222.80            1216.30
2026-02-22 19:46:12,841 - root - INFO - 2021-09-29            2384.94             227.26            1197.91
2026-02-22 19:46:12,841 - root - INFO - 2021-09-30            2399.54             222.92            1235.22
2026-02-22 19:46:12,841 - root - INFO - 2021-10-08            2585.96             224.79            1109.11
2026-02-22 19:46:12,841 - root - INFO - 2021-10-11            2558.65             232.89            1116.99
2026-02-22 19:46:12,841 - root - INFO - ...                       ...                ...                ...
2026-02-22 19:46:12,842 - root - INFO - 2024-06-17            2052.12             170.28            1042.17
2026-02-22 19:46:12,842 - root - INFO - 2024-06-18            2025.76             170.20            1047.63
2026-02-22 19:46:12,842 - root - INFO - 2024-06-19            1997.04             171.93            1027.14
2026-02-22 19:46:12,842 - root - INFO - 2024-06-20            1961.26             171.38            1012.80
2026-02-22 19:46:12,842 - root - INFO - 2024-06-21            1934.90             170.17            1008.70
2026-02-22 19:46:12,842 - root - INFO - 
2026-02-22 19:46:12,843 - root - INFO -             upstream_144_上汽集团  upstream_145_五粮液  upstream_146_比亚迪  \
2026-02-22 19:46:12,843 - root - INFO - 日期
2026-02-22 19:46:12,843 - root - INFO - 2021-09-28             132.86           3586.05            248.01
2026-02-22 19:46:12,843 - root - INFO - 2021-09-29             131.46           3613.26            237.15
2026-02-22 19:46:12,843 - root - INFO - 2021-09-30             130.95           3624.37            250.66
2026-02-22 19:46:12,843 - root - INFO - 2021-10-08             132.95           3762.45            254.15
2026-02-22 19:46:12,844 - root - INFO - 2021-10-11             133.84           3755.89            256.90
2026-02-22 19:46:12,844 - root - INFO - ...                       ...               ...               ...
2026-02-22 19:46:12,844 - root - INFO - 2024-06-17             115.02           2422.49            259.61
2026-02-22 19:46:12,844 - root - INFO - 2024-06-18             115.19           2393.71            258.04
2026-02-22 19:46:12,844 - root - INFO - 2024-06-19             114.33           2398.87            256.40
2026-02-22 19:46:12,845 - root - INFO - 2024-06-20             113.74           2367.28            253.90
2026-02-22 19:46:12,845 - root - INFO - 2024-06-21             113.87           2336.01            253.07
2026-02-22 19:46:12,845 - root - INFO - 
2026-02-22 19:46:12,845 - root - INFO -             upstream_147_长城汽车  upstream_148_北方稀土  upstream_149_雅化集团  \
2026-02-22 19:46:12,845 - root - INFO - 日期
2026-02-22 19:46:12,846 - root - INFO - 2021-09-28             161.89             734.34             197.43
2026-02-22 19:46:12,846 - root - INFO - 2021-09-29             161.62             688.15             189.93
2026-02-22 19:46:12,846 - root - INFO - 2021-09-30             165.13             734.34             202.23
2026-02-22 19:46:12,846 - root - INFO - 2021-10-08             167.53             733.68             197.55
2026-02-22 19:46:12,847 - root - INFO - 2021-10-11             172.87             741.38             195.99
2026-02-22 19:46:12,847 - root - INFO - ...                       ...                ...                ...
2026-02-22 19:46:12,847 - root - INFO - 2024-06-17              86.38             311.98              64.47
2026-02-22 19:46:12,847 - root - INFO - 2024-06-18              87.64             315.75              64.29
2026-02-22 19:46:12,847 - root - INFO - 2024-06-19              87.70             311.49              63.69
2026-02-22 19:46:12,848 - root - INFO - 2024-06-20              86.32             302.64              64.65
2026-02-22 19:46:12,848 - root - INFO - 2024-06-21              88.18             301.66              61.83
2026-02-22 19:46:12,848 - root - INFO - 
2026-02-22 19:46:12,848 - root - INFO -             upstream_150_浪潮软件  upstream_151_长江电力  upstream_152_上证综指  \
2026-02-22 19:46:12,848 - root - INFO - 日期
2026-02-22 19:46:12,849 - root - INFO - 2021-09-28              57.08              51.15            2376.58
2026-02-22 19:46:12,849 - root - INFO - 2021-09-29              56.05              51.73            2399.09
2026-02-22 19:46:12,849 - root - INFO - 2021-09-30              56.23              51.52            2371.58
2026-02-22 19:46:12,849 - root - INFO - 2021-10-08              57.40              51.43            2460.35
2026-02-22 19:46:12,849 - root - INFO - 2021-10-11              57.31              50.85            2555.36
2026-02-22 19:46:12,850 - root - INFO - ...                       ...                ...                ...
2026-02-22 19:46:12,850 - root - INFO - 2024-06-17              45.35              64.75            1546.69
2026-02-22 19:46:12,850 - root - INFO - 2024-06-18              46.29              64.59            1544.19
2026-02-22 19:46:12,850 - root - INFO - 2024-06-19              46.76              65.01            1552.94
2026-02-22 19:46:12,850 - root - INFO - 2024-06-20              45.54              65.54            1540.44
2026-02-22 19:46:12,851 - root - INFO - 2024-06-21              45.07              65.52            1534.19
2026-02-22 19:46:12,851 - root - INFO - 
2026-02-22 19:46:12,851 - root - INFO -             upstream_153_中国石油  upstream_154_中国长城  upstream_155_中直股份  \
2026-02-22 19:46:12,851 - root - INFO - 日期
2026-02-22 19:46:12,851 - root - INFO - 2021-09-28               9.62             105.28             163.91
2026-02-22 19:46:12,851 - root - INFO - 2021-09-29               9.17             102.00             158.67
2026-02-22 19:46:12,852 - root - INFO - 2021-09-30               9.14             104.97             159.56
2026-02-22 19:46:12,852 - root - INFO - 2021-10-08               9.41             108.94             158.61
2026-02-22 19:46:12,852 - root - INFO - 2021-10-11               9.28             107.80             169.05
2026-02-22 19:46:12,852 - root - INFO - ...                       ...                ...                ...
2026-02-22 19:46:12,852 - root - INFO - 2024-06-17              13.51              76.16             121.02
2026-02-22 19:46:12,853 - root - INFO - 2024-06-18              13.62              76.23             123.53
2026-02-22 19:46:12,853 - root - INFO - 2024-06-19              13.75              75.47             121.13
2026-02-22 19:46:12,853 - root - INFO - 2024-06-20              13.92              74.17             118.95
2026-02-22 19:46:12,853 - root - INFO - 2024-06-21              13.83              73.79             119.79
2026-02-22 19:46:12,854 - root - INFO - 
2026-02-22 19:46:12,854 - root - INFO -             upstream_156_明星电力  upstream_157_浪潮软件  downstream_1_比亚迪  \
2026-02-22 19:46:12,854 - root - INFO - 日期
2026-02-22 19:46:12,854 - root - INFO - 2021-09-28              11.00              57.08            248.01
2026-02-22 19:46:12,854 - root - INFO - 2021-09-29              10.51              56.05            237.15
2026-02-22 19:46:12,855 - root - INFO - 2021-09-30              10.88              56.23            250.66
2026-02-22 19:46:12,855 - root - INFO - 2021-10-08              11.30              57.40            254.15
2026-02-22 19:46:12,855 - root - INFO - 2021-10-11              11.18              57.31            256.90
2026-02-22 19:46:12,855 - root - INFO - ...                       ...                ...               ...
2026-02-22 19:46:12,855 - root - INFO - 2024-06-17               5.06              45.35            259.61
2026-02-22 19:46:12,856 - root - INFO - 2024-06-18               5.20              46.29            258.04
2026-02-22 19:46:12,856 - root - INFO - 2024-06-19               5.08              46.76            256.40
2026-02-22 19:46:12,856 - root - INFO - 2024-06-20               4.96              45.54            253.90
2026-02-22 19:46:12,856 - root - INFO - 2024-06-21               4.99              45.07            253.07
2026-02-22 19:46:12,856 - root - INFO - 
2026-02-22 19:46:12,857 - root - INFO -             downstream_2_长城汽车  downstream_3_长安汽车  downstream_4_上汽集团
2026-02-22 19:46:12,857 - root - INFO - 日期
2026-02-22 19:46:12,857 - root - INFO - 2021-09-28             161.89             115.68             132.86
2026-02-22 19:46:12,857 - root - INFO - 2021-09-29             161.62             113.30             131.46
2026-02-22 19:46:12,857 - root - INFO - 2021-09-30             165.13             114.40             130.95
2026-02-22 19:46:12,858 - root - INFO - 2021-10-08             167.53             120.50             132.95
2026-02-22 19:46:12,858 - root - INFO - 2021-10-11             172.87             120.80             133.84
2026-02-22 19:46:12,858 - root - INFO - ...                       ...                ...                ...
2026-02-22 19:46:12,858 - root - INFO - 2024-06-17              86.38             129.40             115.02
2026-02-22 19:46:12,858 - root - INFO - 2024-06-18              87.64             131.69             115.19
2026-02-22 19:46:12,859 - root - INFO - 2024-06-19              87.70             130.43             114.33
2026-02-22 19:46:12,859 - root - INFO - 2024-06-20              86.32             128.60             113.74
2026-02-22 19:46:12,859 - root - INFO - 2024-06-21              88.18             129.47             113.87
2026-02-22 19:46:12,859 - root - INFO - 
2026-02-22 19:46:12,859 - root - INFO - [569 rows x 165 columns]
2026-02-22 19:46:12,863 - root - ERROR - D:\anaconda\Lib\site-packages\statsmodels\tsa\stattools.py:1545: FutureWarning: verbose is deprecated since functions should not print results
2026-02-22 19:46:12,863 - root - ERROR -   warnings.warn(
2026-02-22 19:52:30,791 - root - INFO - 因果矩阵已生成：
2026-02-22 19:52:30,821 - root - INFO -                      宁德时代  market_data_1_上证综指  market_data_2_深证成指  \
2026-02-22 19:52:30,822 - root - INFO - 宁德时代                False                True                True
2026-02-22 19:52:30,822 - root - INFO - market_data_1_上证综指  False               False               False
2026-02-22 19:52:30,823 - root - INFO - market_data_2_深证成指  False               False               False
2026-02-22 19:52:30,823 - root - INFO - market_data_3_创业板指  False               False                True
2026-02-22 19:52:30,823 - root - INFO - upstream_1_盛新锂能     False               False               False
2026-02-22 19:52:30,824 - root - INFO - ...                   ...                 ...                 ...
2026-02-22 19:52:30,824 - root - INFO - upstream_157_浪潮软件    True               False               False
2026-02-22 19:52:30,825 - root - INFO - downstream_1_比亚迪    False               False               False
2026-02-22 19:52:30,825 - root - INFO - downstream_2_长城汽车   False               False               False
2026-02-22 19:52:30,825 - root - INFO - downstream_3_长安汽车   False               False               False
2026-02-22 19:52:30,826 - root - INFO - downstream_4_上汽集团   False                True               False
2026-02-22 19:52:30,826 - root - INFO - 
2026-02-22 19:52:30,826 - root - INFO -                     market_data_3_创业板指  upstream_1_盛新锂能  upstream_2_天齐锂业  \
2026-02-22 19:52:30,827 - root - INFO - 宁德时代                              True             True             True
2026-02-22 19:52:30,827 - root - INFO - market_data_1_上证综指               False             True            False
2026-02-22 19:52:30,827 - root - INFO - market_data_2_深证成指                True            False             True
2026-02-22 19:52:30,827 - root - INFO - market_data_3_创业板指               False             True            False
2026-02-22 19:52:30,828 - root - INFO - upstream_1_盛新锂能                  False            False            False
2026-02-22 19:52:30,828 - root - INFO - ...                                ...              ...              ...
2026-02-22 19:52:30,828 - root - INFO - upstream_157_浪潮软件                 True            False            False
2026-02-22 19:52:30,828 - root - INFO - downstream_1_比亚迪                 False             True             True
2026-02-22 19:52:30,828 - root - INFO - downstream_2_长城汽车                False            False             True
2026-02-22 19:52:30,828 - root - INFO - downstream_3_长安汽车                False            False            False
2026-02-22 19:52:30,830 - root - INFO - downstream_4_上汽集团                False            False            False
2026-02-22 19:52:30,830 - root - INFO - 
2026-02-22 19:52:30,830 - root - INFO -                     upstream_3_赣锋锂业  upstream_4_川恒股份  upstream_5_盐湖股份  \
2026-02-22 19:52:30,830 - root - INFO - 宁德时代                           True             True            False
2026-02-22 19:52:30,830 - root - INFO - market_data_1_上证综指             True             True             True
2026-02-22 19:52:30,831 - root - INFO - market_data_2_深证成指             True            False            False
2026-02-22 19:52:30,831 - root - INFO - market_data_3_创业板指             True             True            False
2026-02-22 19:52:30,831 - root - INFO - upstream_1_盛新锂能                True            False            False
2026-02-22 19:52:30,831 - root - INFO - ...                             ...              ...              ...
2026-02-22 19:52:30,832 - root - INFO - upstream_157_浪潮软件             False            False            False
2026-02-22 19:52:30,832 - root - INFO - downstream_1_比亚迪               True            False             True
2026-02-22 19:52:30,833 - root - INFO - downstream_2_长城汽车              True            False             True
2026-02-22 19:52:30,833 - root - INFO - downstream_3_长安汽车             False            False            False
2026-02-22 19:52:30,833 - root - INFO - downstream_4_上汽集团             False             True            False
2026-02-22 19:52:30,833 - root - INFO - 
2026-02-22 19:52:30,834 - root - INFO -                     upstream_6_中远海控  upstream_7_湘潭电化  upstream_8_华友钴业  \
2026-02-22 19:52:30,834 - root - INFO - 宁德时代                           True            False             True
2026-02-22 19:52:30,834 - root - INFO - market_data_1_上证综指            False            False             True
2026-02-22 19:52:30,834 - root - INFO - market_data_2_深证成指            False            False            False
2026-02-22 19:52:30,835 - root - INFO - market_data_3_创业板指             True            False            False
2026-02-22 19:52:30,835 - root - INFO - upstream_1_盛新锂能                True            False             True
2026-02-22 19:52:30,835 - root - INFO - ...                             ...              ...              ...
2026-02-22 19:52:30,835 - root - INFO - upstream_157_浪潮软件             False            False            False
2026-02-22 19:52:30,836 - root - INFO - downstream_1_比亚迪               True            False             True
2026-02-22 19:52:30,836 - root - INFO - downstream_2_长城汽车              True            False            False
2026-02-22 19:52:30,836 - root - INFO - downstream_3_长安汽车             False             True            False
2026-02-22 19:52:30,836 - root - INFO - downstream_4_上汽集团             False            False            False
2026-02-22 19:52:30,836 - root - INFO - 
2026-02-22 19:52:30,838 - root - INFO -                     upstream_9_西藏珠峰  upstream_10_宁波韵升  upstream_11_中国卫星  \
2026-02-22 19:52:30,838 - root - INFO - 宁德时代                          False             False             False
2026-02-22 19:52:30,838 - root - INFO - market_data_1_上证综指            False             False             False
2026-02-22 19:52:30,838 - root - INFO - market_data_2_深证成指            False             False             False
2026-02-22 19:52:30,839 - root - INFO - market_data_3_创业板指            False             False             False
2026-02-22 19:52:30,839 - root - INFO - upstream_1_盛新锂能               False             False             False
2026-02-22 19:52:30,839 - root - INFO - ...                             ...               ...               ...
2026-02-22 19:52:30,839 - root - INFO - upstream_157_浪潮软件             False             False             False
2026-02-22 19:52:30,840 - root - INFO - downstream_1_比亚迪              False             False             False
2026-02-22 19:52:30,842 - root - INFO - downstream_2_长城汽车              True             False             False
2026-02-22 19:52:30,847 - root - INFO - downstream_3_长安汽车             False              True             False
2026-02-22 19:52:30,847 - root - INFO - downstream_4_上汽集团              True              True             False
2026-02-22 19:52:30,847 - root - INFO - 
2026-02-22 19:52:30,848 - root - INFO -                     upstream_12_贵研铂业  upstream_13_北方稀土  upstream_14_盛和资源  \
2026-02-22 19:52:30,848 - root - INFO - 宁德时代                           False             False              True
2026-02-22 19:52:30,848 - root - INFO - market_data_1_上证综指             False              True              True
2026-02-22 19:52:30,848 - root - INFO - market_data_2_深证成指             False             False             False
2026-02-22 19:52:30,848 - root - INFO - market_data_3_创业板指             False             False             False
2026-02-22 19:52:30,849 - root - INFO - upstream_1_盛新锂能                False              True             False
2026-02-22 19:52:30,849 - root - INFO - ...                              ...               ...               ...
2026-02-22 19:52:30,849 - root - INFO - upstream_157_浪潮软件              False             False             False
2026-02-22 19:52:30,849 - root - INFO - downstream_1_比亚迪                True             False              True
2026-02-22 19:52:30,850 - root - INFO - downstream_2_长城汽车               True             False             False
2026-02-22 19:52:30,850 - root - INFO - downstream_3_长安汽车              False             False             False
2026-02-22 19:52:30,850 - root - INFO - downstream_4_上汽集团              False              True              True
2026-02-22 19:52:30,850 - root - INFO - 
2026-02-22 19:52:30,850 - root - INFO -                     upstream_15_南山铝业  upstream_16_江西铜业  upstream_17_中国铝业  \
2026-02-22 19:52:30,850 - root - INFO - 宁德时代                           False             False              True
2026-02-22 19:52:30,851 - root - INFO - market_data_1_上证综指             False             False             False
2026-02-22 19:52:30,851 - root - INFO - market_data_2_深证成指             False             False             False
2026-02-22 19:52:30,851 - root - INFO - market_data_3_创业板指             False             False              True
2026-02-22 19:52:30,851 - root - INFO - upstream_1_盛新锂能                 True             False              True
2026-02-22 19:52:30,851 - root - INFO - ...                              ...               ...               ...
2026-02-22 19:52:30,852 - root - INFO - upstream_157_浪潮软件              False             False             False
2026-02-22 19:52:30,852 - root - INFO - downstream_1_比亚迪               False             False             False
2026-02-22 19:52:30,852 - root - INFO - downstream_2_长城汽车              False             False             False
2026-02-22 19:52:30,852 - root - INFO - downstream_3_长安汽车              False             False             False
2026-02-22 19:52:30,852 - root - INFO - downstream_4_上汽集团              False             False              True
2026-02-22 19:52:30,853 - root - INFO - 
2026-02-22 19:52:30,853 - root - INFO -                     upstream_18_雅化集团  upstream_19_瑞泰科技  upstream_20_方大炭素  \
2026-02-22 19:52:30,853 - root - INFO - 宁德时代                           False             False             False
2026-02-22 19:52:30,853 - root - INFO - market_data_1_上证综指              True              True              True
2026-02-22 19:52:30,854 - root - INFO - market_data_2_深证成指              True             False             False
2026-02-22 19:52:30,854 - root - INFO - market_data_3_创业板指             False             False             False
2026-02-22 19:52:30,854 - root - INFO - upstream_1_盛新锂能                False              True             False
2026-02-22 19:52:30,854 - root - INFO - ...                              ...               ...               ...
2026-02-22 19:52:30,855 - root - INFO - upstream_157_浪潮软件              False             False             False
2026-02-22 19:52:30,855 - root - INFO - downstream_1_比亚迪               False             False             False
2026-02-22 19:52:30,855 - root - INFO - downstream_2_长城汽车              False             False              True
2026-02-22 19:52:30,855 - root - INFO - downstream_3_长安汽车              False             False             False
2026-02-22 19:52:30,856 - root - INFO - downstream_4_上汽集团              False             False             False
2026-02-22 19:52:30,856 - root - INFO - 
2026-02-22 19:52:30,856 - root - INFO -                     upstream_21_鹏辉能源  upstream_22_德方纳米  upstream_23_天华新能  \
2026-02-22 19:52:30,856 - root - INFO - 宁德时代                           False             False              True
2026-02-22 19:52:30,857 - root - INFO - market_data_1_上证综指             False              True              True
2026-02-22 19:52:30,857 - root - INFO - market_data_2_深证成指             False             False             False
2026-02-22 19:52:30,857 - root - INFO - market_data_3_创业板指             False             False             False
2026-02-22 19:52:30,857 - root - INFO - upstream_1_盛新锂能                False             False              True
2026-02-22 19:52:30,858 - root - INFO - ...                              ...               ...               ...
2026-02-22 19:52:30,858 - root - INFO - upstream_157_浪潮软件              False             False             False
2026-02-22 19:52:30,858 - root - INFO - downstream_1_比亚迪               False              True             False
2026-02-22 19:52:30,859 - root - INFO - downstream_2_长城汽车              False             False              True
2026-02-22 19:52:30,859 - root - INFO - downstream_3_长安汽车              False             False             False
2026-02-22 19:52:30,859 - root - INFO - downstream_4_上汽集团              False             False             False
2026-02-22 19:52:30,859 - root - INFO - 
2026-02-22 19:52:30,860 - root - INFO -                     upstream_24_容百科技  upstream_25_璞泰来  upstream_26_杉杉股份  \
2026-02-22 19:52:30,860 - root - INFO - 宁德时代                            True             True              True
2026-02-22 19:52:30,860 - root - INFO - market_data_1_上证综指              True             True             False
2026-02-22 19:52:30,860 - root - INFO - market_data_2_深证成指              True             True             False
2026-02-22 19:52:30,861 - root - INFO - market_data_3_创业板指             False            False             False
2026-02-22 19:52:30,861 - root - INFO - upstream_1_盛新锂能                 True             True              True
2026-02-22 19:52:30,861 - root - INFO - ...                              ...              ...               ...
2026-02-22 19:52:30,861 - root - INFO - upstream_157_浪潮软件              False             True             False
2026-02-22 19:52:30,862 - root - INFO - downstream_1_比亚迪                True            False             False
2026-02-22 19:52:30,862 - root - INFO - downstream_2_长城汽车              False             True             False
2026-02-22 19:52:30,862 - root - INFO - downstream_3_长安汽车              False            False             False
2026-02-22 19:52:30,863 - root - INFO - downstream_4_上汽集团               True             True             False
2026-02-22 19:52:30,863 - root - INFO - 
2026-02-22 19:52:30,863 - root - INFO -                     upstream_27_诺德股份  upstream_28_天赐材料  upstream_29_多氟多  \
2026-02-22 19:52:30,864 - root - INFO - 宁德时代                            True              True             True
2026-02-22 19:52:30,864 - root - INFO - market_data_1_上证综指              True             False             True
2026-02-22 19:52:30,864 - root - INFO - market_data_2_深证成指             False              True            False
2026-02-22 19:52:30,864 - root - INFO - market_data_3_创业板指             False              True            False
2026-02-22 19:52:30,865 - root - INFO - upstream_1_盛新锂能                 True              True            False
2026-02-22 19:52:30,865 - root - INFO - ...                              ...               ...              ...
2026-02-22 19:52:30,865 - root - INFO - upstream_157_浪潮软件              False             False            False
2026-02-22 19:52:30,865 - root - INFO - downstream_1_比亚迪               False             False            False
2026-02-22 19:52:30,866 - root - INFO - downstream_2_长城汽车               True             False            False
2026-02-22 19:52:30,866 - root - INFO - downstream_3_长安汽车              False             False            False
2026-02-22 19:52:30,867 - root - INFO - downstream_4_上汽集团               True              True            False
2026-02-22 19:52:30,867 - root - INFO - 
2026-02-22 19:52:30,868 - root - INFO -                     upstream_30_星源材质  upstream_31_先导智能  upstream_32_迈为股份  \
2026-02-22 19:52:30,868 - root - INFO - 宁德时代                            True             False             False
2026-02-22 19:52:30,869 - root - INFO - market_data_1_上证综指              True             False              True
2026-02-22 19:52:30,869 - root - INFO - market_data_2_深证成指              True             False             False
2026-02-22 19:52:30,870 - root - INFO - market_data_3_创业板指              True             False             False
2026-02-22 19:52:30,871 - root - INFO - upstream_1_盛新锂能                False             False             False
2026-02-22 19:52:30,871 - root - INFO - ...                              ...               ...               ...
2026-02-22 19:52:30,872 - root - INFO - upstream_157_浪潮软件              False              True             False
2026-02-22 19:52:30,872 - root - INFO - downstream_1_比亚迪                True             False             False
2026-02-22 19:52:30,873 - root - INFO - downstream_2_长城汽车              False              True             False
2026-02-22 19:52:30,873 - root - INFO - downstream_3_长安汽车              False             False             False
2026-02-22 19:52:30,874 - root - INFO - downstream_4_上汽集团              False             False              True
2026-02-22 19:52:30,874 - root - INFO - 
2026-02-22 19:52:30,874 - root - INFO -                     upstream_33_正业科技  upstream_34_罗博特科  upstream_35_永太科技  \
2026-02-22 19:52:30,875 - root - INFO - 宁德时代                           False             False              True
2026-02-22 19:52:30,875 - root - INFO - market_data_1_上证综指             False             False              True
2026-02-22 19:52:30,875 - root - INFO - market_data_2_深证成指             False             False             False
2026-02-22 19:52:30,876 - root - INFO - market_data_3_创业板指             False             False             False
2026-02-22 19:52:30,876 - root - INFO - upstream_1_盛新锂能                False             False              True
2026-02-22 19:52:30,876 - root - INFO - ...                              ...               ...               ...
2026-02-22 19:52:30,877 - root - INFO - upstream_157_浪潮软件              False             False             False
2026-02-22 19:52:30,877 - root - INFO - downstream_1_比亚迪               False             False             False
2026-02-22 19:52:30,877 - root - INFO - downstream_2_长城汽车              False             False              True
2026-02-22 19:52:30,878 - root - INFO - downstream_3_长安汽车              False             False             False
2026-02-22 19:52:30,878 - root - INFO - downstream_4_上汽集团               True             False             False
2026-02-22 19:52:30,879 - root - INFO - 
2026-02-22 19:52:30,880 - root - INFO -                     upstream_36_奥特维  upstream_37_派能科技  upstream_38_振江股份  \
2026-02-22 19:52:30,880 - root - INFO - 宁德时代                          False             False             False
2026-02-22 19:52:30,881 - root - INFO - market_data_1_上证综指            False             False             False
2026-02-22 19:52:30,881 - root - INFO - market_data_2_深证成指            False             False             False
2026-02-22 19:52:30,882 - root - INFO - market_data_3_创业板指            False             False             False
2026-02-22 19:52:30,882 - root - INFO - upstream_1_盛新锂能               False              True             False
2026-02-22 19:52:30,883 - root - INFO - ...                             ...               ...               ...
2026-02-22 19:52:30,883 - root - INFO - upstream_157_浪潮软件             False             False             False
2026-02-22 19:52:30,884 - root - INFO - downstream_1_比亚迪              False             False              True
2026-02-22 19:52:30,884 - root - INFO - downstream_2_长城汽车             False             False              True
2026-02-22 19:52:30,886 - root - INFO - downstream_3_长安汽车             False             False              True
2026-02-22 19:52:30,886 - root - INFO - downstream_4_上汽集团             False             False              True
2026-02-22 19:52:30,887 - root - INFO - 
2026-02-22 19:52:30,887 - root - INFO -                     upstream_39_欣锐科技  upstream_40_视源股份  upstream_41_德赛西威  \
2026-02-22 19:52:30,888 - root - INFO - 宁德时代                            True              True             False
2026-02-22 19:52:30,888 - root - INFO - market_data_1_上证综指             False              True             False
2026-02-22 19:52:30,889 - root - INFO - market_data_2_深证成指              True             False             False
2026-02-22 19:52:30,889 - root - INFO - market_data_3_创业板指              True             False             False
2026-02-22 19:52:30,890 - root - INFO - upstream_1_盛新锂能                False             False             False
2026-02-22 19:52:30,890 - root - INFO - ...                              ...               ...               ...
2026-02-22 19:52:30,891 - root - INFO - upstream_157_浪潮软件              False             False             False
2026-02-22 19:52:30,891 - root - INFO - downstream_1_比亚迪                True             False             False
2026-02-22 19:52:30,892 - root - INFO - downstream_2_长城汽车               True              True             False
2026-02-22 19:52:30,892 - root - INFO - downstream_3_长安汽车              False             False             False
2026-02-22 19:52:30,892 - root - INFO - downstream_4_上汽集团               True              True             False
2026-02-22 19:52:30,893 - root - INFO - 
2026-02-22 19:52:30,893 - root - INFO -                     upstream_42_当升科技  upstream_43_格林美  upstream_44_富临精工  \
2026-02-22 19:52:30,893 - root - INFO - 宁德时代                           False             True             False
2026-02-22 19:52:30,894 - root - INFO - market_data_1_上证综指             False             True              True
2026-02-22 19:52:30,894 - root - INFO - market_data_2_深证成指             False            False             False
2026-02-22 19:52:30,894 - root - INFO - market_data_3_创业板指             False            False              True
2026-02-22 19:52:30,895 - root - INFO - upstream_1_盛新锂能                False            False             False
2026-02-22 19:52:30,895 - root - INFO - ...                              ...              ...               ...
2026-02-22 19:52:30,895 - root - INFO - upstream_157_浪潮软件              False            False             False
2026-02-22 19:52:30,896 - root - INFO - downstream_1_比亚迪               False            False              True
2026-02-22 19:52:30,896 - root - INFO - downstream_2_长城汽车              False            False              True
2026-02-22 19:52:30,896 - root - INFO - downstream_3_长安汽车              False            False             False
2026-02-22 19:52:30,896 - root - INFO - downstream_4_上汽集团               True            False             False
2026-02-22 19:52:30,897 - root - INFO - 
2026-02-22 19:52:30,897 - root - INFO -                     upstream_45_中科三环  upstream_46_凯恩股份  upstream_47_新宙邦  \
2026-02-22 19:52:30,898 - root - INFO - 宁德时代                           False             False            False
2026-02-22 19:52:30,898 - root - INFO - market_data_1_上证综指             False             False            False
2026-02-22 19:52:30,898 - root - INFO - market_data_2_深证成指             False             False            False
2026-02-22 19:52:30,899 - root - INFO - market_data_3_创业板指             False             False            False
2026-02-22 19:52:30,900 - root - INFO - upstream_1_盛新锂能                False             False            False
2026-02-22 19:52:30,900 - root - INFO - ...                              ...               ...              ...
2026-02-22 19:52:30,901 - root - INFO - upstream_157_浪潮软件              False             False            False
2026-02-22 19:52:30,901 - root - INFO - downstream_1_比亚迪               False             False            False
2026-02-22 19:52:30,901 - root - INFO - downstream_2_长城汽车              False             False            False
2026-02-22 19:52:30,901 - root - INFO - downstream_3_长安汽车               True             False            False
2026-02-22 19:52:30,902 - root - INFO - downstream_4_上汽集团              False             False             True
2026-02-22 19:52:30,902 - root - INFO - 
2026-02-22 19:52:30,903 - root - INFO -                     upstream_48_中材科技  upstream_49_新纶新材  upstream_50_翔丰华  \
2026-02-22 19:52:30,903 - root - INFO - 宁德时代                           False             False            False
2026-02-22 19:52:30,904 - root - INFO - market_data_1_上证综指             False             False            False
2026-02-22 19:52:30,904 - root - INFO - market_data_2_深证成指             False             False            False
2026-02-22 19:52:30,904 - root - INFO - market_data_3_创业板指             False             False            False
2026-02-22 19:52:30,906 - root - INFO - upstream_1_盛新锂能                False             False            False
2026-02-22 19:52:30,906 - root - INFO - ...                              ...               ...              ...
2026-02-22 19:52:30,906 - root - INFO - upstream_157_浪潮软件              False             False            False
2026-02-22 19:52:30,907 - root - INFO - downstream_1_比亚迪               False             False            False
2026-02-22 19:52:30,907 - root - INFO - downstream_2_长城汽车              False              True             True
2026-02-22 19:52:30,907 - root - INFO - downstream_3_长安汽车               True             False             True
2026-02-22 19:52:30,908 - root - INFO - downstream_4_上汽集团               True              True             True
2026-02-22 19:52:30,908 - root - INFO - 
2026-02-22 19:52:30,908 - root - INFO -                     upstream_51_国轩高科  upstream_52_上海港湾  upstream_53_航天电子  \
2026-02-22 19:52:30,909 - root - INFO - 宁德时代                            True             False             False
2026-02-22 19:52:30,909 - root - INFO - market_data_1_上证综指             False             False             False
2026-02-22 19:52:30,909 - root - INFO - market_data_2_深证成指              True             False             False
2026-02-22 19:52:30,910 - root - INFO - market_data_3_创业板指              True             False             False
2026-02-22 19:52:30,910 - root - INFO - upstream_1_盛新锂能                False             False             False
2026-02-22 19:52:30,911 - root - INFO - ...                              ...               ...               ...
2026-02-22 19:52:30,911 - root - INFO - upstream_157_浪潮软件              False             False             False
2026-02-22 19:52:30,912 - root - INFO - downstream_1_比亚迪                True             False             False
2026-02-22 19:52:30,912 - root - INFO - downstream_2_长城汽车              False             False             False
2026-02-22 19:52:30,912 - root - INFO - downstream_3_长安汽车              False             False             False
2026-02-22 19:52:30,913 - root - INFO - downstream_4_上汽集团               True              True             False
2026-02-22 19:52:30,913 - root - INFO - 
2026-02-22 19:52:30,913 - root - INFO -                     upstream_54_普天科技  upstream_55_上海瀚讯  upstream_56_中科星图  \
2026-02-22 19:52:30,914 - root - INFO - 宁德时代                           False             False             False
2026-02-22 19:52:30,914 - root - INFO - market_data_1_上证综指              True             False             False
2026-02-22 19:52:30,914 - root - INFO - market_data_2_深证成指             False             False             False
2026-02-22 19:52:30,915 - root - INFO - market_data_3_创业板指             False             False             False
2026-02-22 19:52:30,915 - root - INFO - upstream_1_盛新锂能                False             False             False
2026-02-22 19:52:30,915 - root - INFO - ...                              ...               ...               ...
2026-02-22 19:52:30,915 - root - INFO - upstream_157_浪潮软件              False             False             False
2026-02-22 19:52:30,916 - root - INFO - downstream_1_比亚迪               False             False             False
2026-02-22 19:52:30,916 - root - INFO - downstream_2_长城汽车              False             False             False
2026-02-22 19:52:30,916 - root - INFO - downstream_3_长安汽车              False             False             False
2026-02-22 19:52:30,917 - root - INFO - downstream_4_上汽集团               True             False             False
2026-02-22 19:52:30,917 - root - INFO - 
2026-02-22 19:52:30,917 - root - INFO -                     upstream_57_光迅科技  upstream_58_海格通信  upstream_59_开普云  \
2026-02-22 19:52:30,918 - root - INFO - 宁德时代                           False             False            False
2026-02-22 19:52:30,918 - root - INFO - market_data_1_上证综指             False             False            False
2026-02-22 19:52:30,918 - root - INFO - market_data_2_深证成指             False             False            False
2026-02-22 19:52:30,918 - root - INFO - market_data_3_创业板指             False             False            False
2026-02-22 19:52:30,919 - root - INFO - upstream_1_盛新锂能                False             False            False
2026-02-22 19:52:30,920 - root - INFO - ...                              ...               ...              ...
2026-02-22 19:52:30,920 - root - INFO - upstream_157_浪潮软件              False             False             True
2026-02-22 19:52:30,921 - root - INFO - downstream_1_比亚迪               False             False            False
2026-02-22 19:52:30,921 - root - INFO - downstream_2_长城汽车              False             False            False
2026-02-22 19:52:30,921 - root - INFO - downstream_3_长安汽车              False             False            False
2026-02-22 19:52:30,922 - root - INFO - downstream_4_上汽集团              False             False            False
2026-02-22 19:52:30,922 - root - INFO - 
2026-02-22 19:52:30,922 - root - INFO -                     upstream_60_亿利洁能  upstream_61_特变电工  upstream_62_隆基绿能  \
2026-02-22 19:52:30,923 - root - INFO - 宁德时代                           False             False              True
2026-02-22 19:52:30,923 - root - INFO - market_data_1_上证综指              True             False             False
2026-02-22 19:52:30,923 - root - INFO - market_data_2_深证成指              True             False             False
2026-02-22 19:52:30,924 - root - INFO - market_data_3_创业板指              True             False              True
2026-02-22 19:52:30,924 - root - INFO - upstream_1_盛新锂能                 True              True              True
2026-02-22 19:52:30,924 - root - INFO - ...                              ...               ...               ...
2026-02-22 19:52:30,925 - root - INFO - upstream_157_浪潮软件              False             False             False
2026-02-22 19:52:30,925 - root - INFO - downstream_1_比亚迪               False             False              True
2026-02-22 19:52:30,925 - root - INFO - downstream_2_长城汽车               True             False              True
2026-02-22 19:52:30,926 - root - INFO - downstream_3_长安汽车              False             False             False
2026-02-22 19:52:30,926 - root - INFO - downstream_4_上汽集团              False             False              True
2026-02-22 19:52:30,926 - root - INFO - 
2026-02-22 19:52:30,926 - root - INFO -                     upstream_63_卧龙电驱  upstream_64_方正电机  upstream_65_大洋电机  \
2026-02-22 19:52:30,926 - root - INFO - 宁德时代                           False             False              True
2026-02-22 19:52:30,927 - root - INFO - market_data_1_上证综指             False              True              True
2026-02-22 19:52:30,927 - root - INFO - market_data_2_深证成指             False              True              True
2026-02-22 19:52:30,927 - root - INFO - market_data_3_创业板指              True              True              True
2026-02-22 19:52:30,927 - root - INFO - upstream_1_盛新锂能                False             False             False
2026-02-22 19:52:30,928 - root - INFO - ...                              ...               ...               ...
2026-02-22 19:52:30,928 - root - INFO - upstream_157_浪潮软件              False             False             False
2026-02-22 19:52:30,928 - root - INFO - downstream_1_比亚迪               False              True             False
2026-02-22 19:52:30,929 - root - INFO - downstream_2_长城汽车              False             False             False
2026-02-22 19:52:30,929 - root - INFO - downstream_3_长安汽车              False             False             False
2026-02-22 19:52:30,929 - root - INFO - downstream_4_上汽集团               True              True              True
2026-02-22 19:52:30,930 - root - INFO - 
2026-02-22 19:52:30,930 - root - INFO -                     upstream_66_汇川技术  upstream_67_蓝海华腾  upstream_68_禾望电气  \
2026-02-22 19:52:30,930 - root - INFO - 宁德时代                           False             False             False
2026-02-22 19:52:30,931 - root - INFO - market_data_1_上证综指             False             False              True
2026-02-22 19:52:30,931 - root - INFO - market_data_2_深证成指             False             False             False
2026-02-22 19:52:30,931 - root - INFO - market_data_3_创业板指             False             False             False
2026-02-22 19:52:30,931 - root - INFO - upstream_1_盛新锂能                False             False             False
2026-02-22 19:52:30,933 - root - INFO - ...                              ...               ...               ...
2026-02-22 19:52:30,933 - root - INFO - upstream_157_浪潮软件               True             False             False
2026-02-22 19:52:30,933 - root - INFO - downstream_1_比亚迪               False             False             False
2026-02-22 19:52:30,934 - root - INFO - downstream_2_长城汽车              False             False             False
2026-02-22 19:52:30,934 - root - INFO - downstream_3_长安汽车              False              True             False
2026-02-22 19:52:30,934 - root - INFO - downstream_4_上汽集团              False             False              True
2026-02-22 19:52:30,934 - root - INFO - 
2026-02-22 19:52:30,934 - root - INFO -                     upstream_69_特锐德  upstream_70_盛弘股份  upstream_71_科士达  \
2026-02-22 19:52:30,935 - root - INFO - 宁德时代                          False             False            False
2026-02-22 19:52:30,935 - root - INFO - market_data_1_上证综指            False             False            False
2026-02-22 19:52:30,935 - root - INFO - market_data_2_深证成指            False             False            False
2026-02-22 19:52:30,936 - root - INFO - market_data_3_创业板指            False             False            False
2026-02-22 19:52:30,936 - root - INFO - upstream_1_盛新锂能               False             False            False
2026-02-22 19:52:30,936 - root - INFO - ...                             ...               ...              ...
2026-02-22 19:52:30,937 - root - INFO - upstream_157_浪潮软件             False             False            False
2026-02-22 19:52:30,937 - root - INFO - downstream_1_比亚迪              False              True            False
2026-02-22 19:52:30,937 - root - INFO - downstream_2_长城汽车             False             False            False
2026-02-22 19:52:30,938 - root - INFO - downstream_3_长安汽车             False             False            False
2026-02-22 19:52:30,938 - root - INFO - downstream_4_上汽集团             False             False            False
2026-02-22 19:52:30,939 - root - INFO - 
2026-02-22 19:52:30,939 - root - INFO -                     upstream_72_通合科技  upstream_73_和顺电气  upstream_74_奥特迅  \
2026-02-22 19:52:30,939 - root - INFO - 宁德时代                           False             False            False
2026-02-22 19:52:30,940 - root - INFO - market_data_1_上证综指             False             False            False
2026-02-22 19:52:30,940 - root - INFO - market_data_2_深证成指             False             False            False
2026-02-22 19:52:30,940 - root - INFO - market_data_3_创业板指             False             False            False
2026-02-22 19:52:30,942 - root - INFO - upstream_1_盛新锂能                False             False            False
2026-02-22 19:52:30,942 - root - INFO - ...                              ...               ...              ...
2026-02-22 19:52:30,942 - root - INFO - upstream_157_浪潮软件              False             False            False
2026-02-22 19:52:30,942 - root - INFO - downstream_1_比亚迪               False             False             True
2026-02-22 19:52:30,943 - root - INFO - downstream_2_长城汽车              False             False            False
2026-02-22 19:52:30,943 - root - INFO - downstream_3_长安汽车              False             False            False
2026-02-22 19:52:30,943 - root - INFO - downstream_4_上汽集团              False              True             True
2026-02-22 19:52:30,944 - root - INFO - 
2026-02-22 19:52:30,944 - root - INFO -                     upstream_75_英可瑞  upstream_76_永贵电器  upstream_77_阳光电源  \
2026-02-22 19:52:30,944 - root - INFO - 宁德时代                          False             False             False
2026-02-22 19:52:30,944 - root - INFO - market_data_1_上证综指            False             False             False
2026-02-22 19:52:30,945 - root - INFO - market_data_2_深证成指            False             False             False
2026-02-22 19:52:30,945 - root - INFO - market_data_3_创业板指            False             False             False
2026-02-22 19:52:30,945 - root - INFO - upstream_1_盛新锂能               False             False             False
2026-02-22 19:52:30,946 - root - INFO - ...                             ...               ...               ...
2026-02-22 19:52:30,946 - root - INFO - upstream_157_浪潮软件             False             False             False
2026-02-22 19:52:30,946 - root - INFO - downstream_1_比亚迪              False              True              True
2026-02-22 19:52:30,947 - root - INFO - downstream_2_长城汽车             False             False             False
2026-02-22 19:52:30,947 - root - INFO - downstream_3_长安汽车             False             False             False
2026-02-22 19:52:30,947 - root - INFO - downstream_4_上汽集团             False             False             False
2026-02-22 19:52:30,948 - root - INFO - 
2026-02-22 19:52:30,948 - root - INFO -                     upstream_78_南都电源  upstream_79_中国电建  upstream_80_中国能建  \
2026-02-22 19:52:30,948 - root - INFO - 宁德时代                           False              True              True
2026-02-22 19:52:30,948 - root - INFO - market_data_1_上证综指             False             False             False
2026-02-22 19:52:30,949 - root - INFO - market_data_2_深证成指             False              True             False
2026-02-22 19:52:30,949 - root - INFO - market_data_3_创业板指             False              True              True
2026-02-22 19:52:30,950 - root - INFO - upstream_1_盛新锂能                False              True             False
2026-02-22 19:52:30,950 - root - INFO - ...                              ...               ...               ...
2026-02-22 19:52:30,950 - root - INFO - upstream_157_浪潮软件              False             False             False
2026-02-22 19:52:30,950 - root - INFO - downstream_1_比亚迪               False             False             False
2026-02-22 19:52:30,951 - root - INFO - downstream_2_长城汽车              False             False             False
2026-02-22 19:52:30,951 - root - INFO - downstream_3_长安汽车              False             False             False
2026-02-22 19:52:30,952 - root - INFO - downstream_4_上汽集团              False             False             False
2026-02-22 19:52:30,952 - root - INFO - 
2026-02-22 19:52:30,952 - root - INFO -                     upstream_81_平高电气  upstream_82_中天科技  upstream_83_士兰微  \
2026-02-22 19:52:30,953 - root - INFO - 宁德时代                           False             False             True
2026-02-22 19:52:30,953 - root - INFO - market_data_1_上证综指             False             False            False
2026-02-22 19:52:30,953 - root - INFO - market_data_2_深证成指             False             False            False
2026-02-22 19:52:30,954 - root - INFO - market_data_3_创业板指             False             False            False
2026-02-22 19:52:30,954 - root - INFO - upstream_1_盛新锂能                False             False             True
2026-02-22 19:52:30,954 - root - INFO - ...                              ...               ...              ...
2026-02-22 19:52:30,954 - root - INFO - upstream_157_浪潮软件              False             False            False
2026-02-22 19:52:30,955 - root - INFO - downstream_1_比亚迪               False             False             True
2026-02-22 19:52:30,955 - root - INFO - downstream_2_长城汽车              False             False             True
2026-02-22 19:52:30,955 - root - INFO - downstream_3_长安汽车              False             False            False
2026-02-22 19:52:30,956 - root - INFO - downstream_4_上汽集团              False             False             True
2026-02-22 19:52:30,956 - root - INFO - 
2026-02-22 19:52:30,956 - root - INFO -                     upstream_84_嘉化能源  upstream_85_恒顺醋业  upstream_86_祁连山  \
2026-02-22 19:52:30,957 - root - INFO - 宁德时代                           False             False            False
2026-02-22 19:52:30,957 - root - INFO - market_data_1_上证综指             False             False            False
2026-02-22 19:52:30,957 - root - INFO - market_data_2_深证成指             False             False            False
2026-02-22 19:52:30,957 - root - INFO - market_data_3_创业板指             False             False            False
2026-02-22 19:52:30,958 - root - INFO - upstream_1_盛新锂能                False             False            False
2026-02-22 19:52:30,958 - root - INFO - ...                              ...               ...              ...
2026-02-22 19:52:30,958 - root - INFO - upstream_157_浪潮软件              False              True            False
2026-02-22 19:52:30,958 - root - INFO - downstream_1_比亚迪               False             False            False
2026-02-22 19:52:30,959 - root - INFO - downstream_2_长城汽车              False             False            False
2026-02-22 19:52:30,959 - root - INFO - downstream_3_长安汽车              False             False            False
2026-02-22 19:52:30,959 - root - INFO - downstream_4_上汽集团              False              True            False
2026-02-22 19:52:30,960 - root - INFO - 
2026-02-22 19:52:30,960 - root - INFO -                     upstream_87_津膜科技  upstream_88_宁波中百  upstream_89_哈投股份  \
2026-02-22 19:52:30,960 - root - INFO - 宁德时代                           False             False             False
2026-02-22 19:52:30,961 - root - INFO - market_data_1_上证综指              True             False             False
2026-02-22 19:52:30,961 - root - INFO - market_data_2_深证成指             False             False              True
2026-02-22 19:52:30,961 - root - INFO - market_data_3_创业板指             False             False              True
2026-02-22 19:52:30,961 - root - INFO - upstream_1_盛新锂能                False             False             False
2026-02-22 19:52:30,962 - root - INFO - ...                              ...               ...               ...
2026-02-22 19:52:30,962 - root - INFO - upstream_157_浪潮软件              False             False             False
2026-02-22 19:52:30,962 - root - INFO - downstream_1_比亚迪               False             False              True
2026-02-22 19:52:30,963 - root - INFO - downstream_2_长城汽车               True             False             False
2026-02-22 19:52:30,963 - root - INFO - downstream_3_长安汽车              False             False             False
2026-02-22 19:52:30,963 - root - INFO - downstream_4_上汽集团               True              True             False
2026-02-22 19:52:30,963 - root - INFO - 
2026-02-22 19:52:30,963 - root - INFO -                     upstream_90_长江电力  upstream_91_三花智控  upstream_92_拓普集团  \
2026-02-22 19:52:30,964 - root - INFO - 宁德时代                           False             False              True
2026-02-22 19:52:30,964 - root - INFO - market_data_1_上证综指             False             False             False
2026-02-22 19:52:30,964 - root - INFO - market_data_2_深证成指              True             False             False
2026-02-22 19:52:30,965 - root - INFO - market_data_3_创业板指              True             False             False
2026-02-22 19:52:30,965 - root - INFO - upstream_1_盛新锂能                 True             False             False
2026-02-22 19:52:30,965 - root - INFO - ...                              ...               ...               ...
2026-02-22 19:52:30,966 - root - INFO - upstream_157_浪潮软件               True             False             False
2026-02-22 19:52:30,966 - root - INFO - downstream_1_比亚迪               False              True             False
2026-02-22 19:52:30,966 - root - INFO - downstream_2_长城汽车              False             False             False
2026-02-22 19:52:30,967 - root - INFO - downstream_3_长安汽车              False             False             False
2026-02-22 19:52:30,967 - root - INFO - downstream_4_上汽集团              False             False             False
2026-02-22 19:52:30,967 - root - INFO - 
2026-02-22 19:52:30,968 - root - INFO -                     upstream_93_新泉股份  upstream_94_福耀玻璃  upstream_95_华域汽车  \
2026-02-22 19:52:30,968 - root - INFO - 宁德时代                           False              True              True
2026-02-22 19:52:30,969 - root - INFO - market_data_1_上证综指             False             False             False
2026-02-22 19:52:30,969 - root - INFO - market_data_2_深证成指             False              True             False
2026-02-22 19:52:30,969 - root - INFO - market_data_3_创业板指             False              True             False
2026-02-22 19:52:30,969 - root - INFO - upstream_1_盛新锂能                False              True             False
2026-02-22 19:52:30,970 - root - INFO - ...                              ...               ...               ...
2026-02-22 19:52:30,970 - root - INFO - upstream_157_浪潮软件              False             False             False
2026-02-22 19:52:30,970 - root - INFO - downstream_1_比亚迪                True              True             False
2026-02-22 19:52:30,971 - root - INFO - downstream_2_长城汽车              False             False              True
2026-02-22 19:52:30,971 - root - INFO - downstream_3_长安汽车              False             False             False
2026-02-22 19:52:30,971 - root - INFO - downstream_4_上汽集团              False              True              True
2026-02-22 19:52:30,971 - root - INFO - 
2026-02-22 19:52:30,972 - root - INFO -                     upstream_96_贵州茅台  upstream_97_五粮液  upstream_98_中国平安  \
2026-02-22 19:52:30,972 - root - INFO - 宁德时代                           False            False             False
2026-02-22 19:52:30,972 - root - INFO - market_data_1_上证综指             False            False             False
2026-02-22 19:52:30,973 - root - INFO - market_data_2_深证成指             False            False             False
2026-02-22 19:52:30,973 - root - INFO - market_data_3_创业板指             False            False             False
2026-02-22 19:52:30,973 - root - INFO - upstream_1_盛新锂能                False            False             False
2026-02-22 19:52:30,973 - root - INFO - ...                              ...              ...               ...
2026-02-22 19:52:30,973 - root - INFO - upstream_157_浪潮软件              False             True             False
2026-02-22 19:52:30,975 - root - INFO - downstream_1_比亚迪               False            False             False
2026-02-22 19:52:30,975 - root - INFO - downstream_2_长城汽车              False            False             False
2026-02-22 19:52:30,975 - root - INFO - downstream_3_长安汽车              False            False             False
2026-02-22 19:52:30,976 - root - INFO - downstream_4_上汽集团              False            False             False
2026-02-22 19:52:30,976 - root - INFO - 
2026-02-22 19:52:30,976 - root - INFO -                     upstream_99_招商银行  upstream_100_京东方A  upstream_101_恒瑞医药  \
2026-02-22 19:52:30,977 - root - INFO - 宁德时代                           False              False              False
2026-02-22 19:52:30,977 - root - INFO - market_data_1_上证综指             False              False              False
2026-02-22 19:52:30,977 - root - INFO - market_data_2_深证成指             False              False               True
2026-02-22 19:52:30,977 - root - INFO - market_data_3_创业板指             False              False               True
2026-02-22 19:52:30,978 - root - INFO - upstream_1_盛新锂能                False              False               True
2026-02-22 19:52:30,978 - root - INFO - ...                              ...                ...                ...
2026-02-22 19:52:30,978 - root - INFO - upstream_157_浪潮软件              False              False              False
2026-02-22 19:52:30,979 - root - INFO - downstream_1_比亚迪               False              False              False
2026-02-22 19:52:30,979 - root - INFO - downstream_2_长城汽车              False              False              False
2026-02-22 19:52:30,979 - root - INFO - downstream_3_长安汽车              False              False              False
2026-02-22 19:52:30,980 - root - INFO - downstream_4_上汽集团              False              False              False
2026-02-22 19:52:30,980 - root - INFO - 
2026-02-22 19:52:30,980 - root - INFO -                     upstream_102_药明康德  upstream_103_中国建筑  upstream_104_中国铁建  \
2026-02-22 19:52:30,981 - root - INFO - 宁德时代                             True              False              False
2026-02-22 19:52:30,981 - root - INFO - market_data_1_上证综指              False              False              False
2026-02-22 19:52:30,981 - root - INFO - market_data_2_深证成指               True               True              False
2026-02-22 19:52:30,981 - root - INFO - market_data_3_创业板指              False               True               True
2026-02-22 19:52:30,982 - root - INFO - upstream_1_盛新锂能                  True               True              False
2026-02-22 19:52:30,982 - root - INFO - ...                               ...                ...                ...
2026-02-22 19:52:30,983 - root - INFO - upstream_157_浪潮软件               False              False              False
2026-02-22 19:52:30,983 - root - INFO - downstream_1_比亚迪                 True              False              False
2026-02-22 19:52:30,983 - root - INFO - downstream_2_长城汽车                True              False              False
2026-02-22 19:52:30,984 - root - INFO - downstream_3_长安汽车               False              False              False
2026-02-22 19:52:30,984 - root - INFO - downstream_4_上汽集团                True              False              False
2026-02-22 19:52:30,984 - root - INFO - 
2026-02-22 19:52:30,985 - root - INFO -                     upstream_105_中信证券  upstream_106_中国神华  upstream_107_工商银行  \
2026-02-22 19:52:30,985 - root - INFO - 宁德时代                            False               True              False
2026-02-22 19:52:30,985 - root - INFO - market_data_1_上证综指              False              False              False
2026-02-22 19:52:30,986 - root - INFO - market_data_2_深证成指              False              False              False
2026-02-22 19:52:30,986 - root - INFO - market_data_3_创业板指              False              False              False
2026-02-22 19:52:30,986 - root - INFO - upstream_1_盛新锂能                 False              False              False
2026-02-22 19:52:30,986 - root - INFO - ...                               ...                ...                ...
2026-02-22 19:52:30,987 - root - INFO - upstream_157_浪潮软件               False              False              False
2026-02-22 19:52:30,987 - root - INFO - downstream_1_比亚迪                False              False              False
2026-02-22 19:52:30,987 - root - INFO - downstream_2_长城汽车               False              False              False
2026-02-22 19:52:30,988 - root - INFO - downstream_3_长安汽车               False              False              False
2026-02-22 19:52:30,988 - root - INFO - downstream_4_上汽集团               False               True              False
2026-02-22 19:52:30,988 - root - INFO - 
2026-02-22 19:52:30,989 - root - INFO -                     upstream_108_浦发银行  upstream_109_山东黄金  upstream_110_中国银行  \
2026-02-22 19:52:30,989 - root - INFO - 宁德时代                            False              False              False
2026-02-22 19:52:30,989 - root - INFO - market_data_1_上证综指              False              False              False
2026-02-22 19:52:30,989 - root - INFO - market_data_2_深证成指              False              False              False
2026-02-22 19:52:30,990 - root - INFO - market_data_3_创业板指              False              False              False
2026-02-22 19:52:30,990 - root - INFO - upstream_1_盛新锂能                 False              False              False
2026-02-22 19:52:30,990 - root - INFO - ...                               ...                ...                ...
2026-02-22 19:52:30,990 - root - INFO - upstream_157_浪潮软件               False              False              False
2026-02-22 19:52:30,991 - root - INFO - downstream_1_比亚迪                False              False              False
2026-02-22 19:52:30,991 - root - INFO - downstream_2_长城汽车               False              False              False
2026-02-22 19:52:30,991 - root - INFO - downstream_3_长安汽车               False              False              False
2026-02-22 19:52:30,992 - root - INFO - downstream_4_上汽集团               False              False              False
2026-02-22 19:52:30,992 - root - INFO - 
2026-02-22 19:52:30,992 - root - INFO -                     upstream_111_格力电器  upstream_112_云南白药  upstream_113_中兴通讯  \
2026-02-22 19:52:30,993 - root - INFO - 宁德时代                            False               True              False
2026-02-22 19:52:30,993 - root - INFO - market_data_1_上证综指              False              False              False
2026-02-22 19:52:30,993 - root - INFO - market_data_2_深证成指              False              False              False
2026-02-22 19:52:30,994 - root - INFO - market_data_3_创业板指              False              False              False
2026-02-22 19:52:30,994 - root - INFO - upstream_1_盛新锂能                 False              False              False
2026-02-22 19:52:30,994 - root - INFO - ...                               ...                ...                ...
2026-02-22 19:52:30,995 - root - INFO - upstream_157_浪潮软件               False              False              False
2026-02-22 19:52:30,995 - root - INFO - downstream_1_比亚迪                False              False              False
2026-02-22 19:52:30,995 - root - INFO - downstream_2_长城汽车               False               True              False
2026-02-22 19:52:30,995 - root - INFO - downstream_3_长安汽车               False              False              False
2026-02-22 19:52:30,995 - root - INFO - downstream_4_上汽集团               False              False              False
2026-02-22 19:52:30,997 - root - INFO - 
2026-02-22 19:52:30,997 - root - INFO -                     upstream_114_立讯精密  upstream_115_歌尔股份  upstream_116_紫光国微  \
2026-02-22 19:52:30,998 - root - INFO - 宁德时代                            False              False              False
2026-02-22 19:52:30,998 - root - INFO - market_data_1_上证综指              False              False              False
2026-02-22 19:52:30,998 - root - INFO - market_data_2_深证成指              False              False              False
2026-02-22 19:52:30,999 - root - INFO - market_data_3_创业板指               True              False               True
2026-02-22 19:52:30,999 - root - INFO - upstream_1_盛新锂能                 False              False              False
2026-02-22 19:52:30,999 - root - INFO - ...                               ...                ...                ...
2026-02-22 19:52:31,000 - root - INFO - upstream_157_浪潮软件               False              False              False
2026-02-22 19:52:31,000 - root - INFO - downstream_1_比亚迪                 True              False              False
2026-02-22 19:52:31,000 - root - INFO - downstream_2_长城汽车               False               True              False
2026-02-22 19:52:31,001 - root - INFO - downstream_3_长安汽车               False              False              False
2026-02-22 19:52:31,001 - root - INFO - downstream_4_上汽集团               False               True              False
2026-02-22 19:52:31,001 - root - INFO - 
2026-02-22 19:52:31,002 - root - INFO -                     upstream_117_晶方科技  upstream_118_兆易创新  upstream_119_长飞光纤  \
2026-02-22 19:52:31,002 - root - INFO - 宁德时代                            False              False              False
2026-02-22 19:52:31,002 - root - INFO - market_data_1_上证综指              False              False              False
2026-02-22 19:52:31,003 - root - INFO - market_data_2_深证成指              False              False              False
2026-02-22 19:52:31,003 - root - INFO - market_data_3_创业板指               True              False              False
2026-02-22 19:52:31,003 - root - INFO - upstream_1_盛新锂能                 False              False              False
2026-02-22 19:52:31,004 - root - INFO - ...                               ...                ...                ...
2026-02-22 19:52:31,004 - root - INFO - upstream_157_浪潮软件               False              False              False
2026-02-22 19:52:31,004 - root - INFO - downstream_1_比亚迪                 True              False              False
2026-02-22 19:52:31,005 - root - INFO - downstream_2_长城汽车                True               True              False
2026-02-22 19:52:31,005 - root - INFO - downstream_3_长安汽车                True              False              False
2026-02-22 19:52:31,005 - root - INFO - downstream_4_上汽集团               False               True              False
2026-02-22 19:52:31,006 - root - INFO - 
2026-02-22 19:52:31,006 - root - INFO -                     upstream_120_洛阳钼业  upstream_121_长飞光纤  upstream_122_澜起科技  \
2026-02-22 19:52:31,006 - root - INFO - 宁德时代                            False              False              False
2026-02-22 19:52:31,006 - root - INFO - market_data_1_上证综指              False              False               True
2026-02-22 19:52:31,007 - root - INFO - market_data_2_深证成指              False              False              False
2026-02-22 19:52:31,007 - root - INFO - market_data_3_创业板指              False              False              False
2026-02-22 19:52:31,007 - root - INFO - upstream_1_盛新锂能                 False              False              False
2026-02-22 19:52:31,008 - root - INFO - ...                               ...                ...                ...
2026-02-22 19:52:31,008 - root - INFO - upstream_157_浪潮软件               False              False              False
2026-02-22 19:52:31,008 - root - INFO - downstream_1_比亚迪                False              False              False
2026-02-22 19:52:31,009 - root - INFO - downstream_2_长城汽车               False              False              False
2026-02-22 19:52:31,009 - root - INFO - downstream_3_长安汽车               False              False              False
2026-02-22 19:52:31,009 - root - INFO - downstream_4_上汽集团               False              False               True
2026-02-22 19:52:31,010 - root - INFO - 
2026-02-22 19:52:31,010 - root - INFO -                     upstream_123_万集科技  upstream_124_雪峰科技  upstream_125_福耀玻璃  \
2026-02-22 19:52:31,010 - root - INFO - 宁德时代                            False              False               True
2026-02-22 19:52:31,010 - root - INFO - market_data_1_上证综指              False              False              False
2026-02-22 19:52:31,011 - root - INFO - market_data_2_深证成指              False              False               True
2026-02-22 19:52:31,011 - root - INFO - market_data_3_创业板指              False              False               True
2026-02-22 19:52:31,011 - root - INFO - upstream_1_盛新锂能                 False              False               True
2026-02-22 19:52:31,011 - root - INFO - ...                               ...                ...                ...
2026-02-22 19:52:31,011 - root - INFO - upstream_157_浪潮软件                True              False              False
2026-02-22 19:52:31,013 - root - INFO - downstream_1_比亚迪                False              False               True
2026-02-22 19:52:31,013 - root - INFO - downstream_2_长城汽车               False              False              False
2026-02-22 19:52:31,014 - root - INFO - downstream_3_长安汽车               False              False              False
2026-02-22 19:52:31,014 - root - INFO - downstream_4_上汽集团               False              False               True
2026-02-22 19:52:31,014 - root - INFO - 
2026-02-22 19:52:31,015 - root - INFO -                     upstream_126_新筑股份  upstream_127_华贸物流  upstream_128_卫士通  \
2026-02-22 19:52:31,015 - root - INFO - 宁德时代                            False               True             False
2026-02-22 19:52:31,015 - root - INFO - market_data_1_上证综指              False              False              True
2026-02-22 19:52:31,016 - root - INFO - market_data_2_深证成指               True               True             False
2026-02-22 19:52:31,016 - root - INFO - market_data_3_创业板指               True               True             False
2026-02-22 19:52:31,016 - root - INFO - upstream_1_盛新锂能                 False              False             False
2026-02-22 19:52:31,017 - root - INFO - ...                               ...                ...               ...
2026-02-22 19:52:31,017 - root - INFO - upstream_157_浪潮软件               False              False             False
2026-02-22 19:52:31,017 - root - INFO - downstream_1_比亚迪                 True               True             False
2026-02-22 19:52:31,018 - root - INFO - downstream_2_长城汽车                True              False             False
2026-02-22 19:52:31,018 - root - INFO - downstream_3_长安汽车               False               True             False
2026-02-22 19:52:31,019 - root - INFO - downstream_4_上汽集团               False              False             False
2026-02-22 19:52:31,019 - root - INFO - 
2026-02-22 19:52:31,019 - root - INFO -                     upstream_129_浪潮信息  upstream_130_科大讯飞  upstream_131_深南电路  \
2026-02-22 19:52:31,020 - root - INFO - 宁德时代                            False              False              False
2026-02-22 19:52:31,020 - root - INFO - market_data_1_上证综指              False              False              False
2026-02-22 19:52:31,020 - root - INFO - market_data_2_深证成指              False              False              False
2026-02-22 19:52:31,021 - root - INFO - market_data_3_创业板指              False              False              False
2026-02-22 19:52:31,021 - root - INFO - upstream_1_盛新锂能                 False              False              False
2026-02-22 19:52:31,021 - root - INFO - ...                               ...                ...                ...
2026-02-22 19:52:31,022 - root - INFO - upstream_157_浪潮软件               False              False              False
2026-02-22 19:52:31,022 - root - INFO - downstream_1_比亚迪                False              False              False
2026-02-22 19:52:31,022 - root - INFO - downstream_2_长城汽车               False              False              False
2026-02-22 19:52:31,023 - root - INFO - downstream_3_长安汽车               False              False              False
2026-02-22 19:52:31,023 - root - INFO - downstream_4_上汽集团               False              False              False
2026-02-22 19:52:31,024 - root - INFO - 
2026-02-22 19:52:31,024 - root - INFO -                     upstream_132_闻泰科技  upstream_133_生益科技  upstream_134_士兰微  \
2026-02-22 19:52:31,024 - root - INFO - 宁德时代                            False              False              True
2026-02-22 19:52:31,025 - root - INFO - market_data_1_上证综指              False              False             False
2026-02-22 19:52:31,025 - root - INFO - market_data_2_深证成指              False              False             False
2026-02-22 19:52:31,025 - root - INFO - market_data_3_创业板指              False              False             False
2026-02-22 19:52:31,025 - root - INFO - upstream_1_盛新锂能                 False              False              True
2026-02-22 19:52:31,026 - root - INFO - ...                               ...                ...               ...
2026-02-22 19:52:31,026 - root - INFO - upstream_157_浪潮软件               False              False             False
2026-02-22 19:52:31,026 - root - INFO - downstream_1_比亚迪                False              False              True
2026-02-22 19:52:31,027 - root - INFO - downstream_2_长城汽车               False              False              True
2026-02-22 19:52:31,027 - root - INFO - downstream_3_长安汽车               False              False             False
2026-02-22 19:52:31,027 - root - INFO - downstream_4_上汽集团                True              False              True
2026-02-22 19:52:31,027 - root - INFO - 
2026-02-22 19:52:31,027 - root - INFO -                     upstream_135_恒顺醋业  upstream_136_新安股份  upstream_137_青岛海尔  \
2026-02-22 19:52:31,028 - root - INFO - 宁德时代                            False              False              False
2026-02-22 19:52:31,028 - root - INFO - market_data_1_上证综指              False              False              False
2026-02-22 19:52:31,030 - root - INFO - market_data_2_深证成指              False              False              False
2026-02-22 19:52:31,030 - root - INFO - market_data_3_创业板指              False              False              False
2026-02-22 19:52:31,030 - root - INFO - upstream_1_盛新锂能                 False               True              False
2026-02-22 19:52:31,031 - root - INFO - ...                               ...                ...                ...
2026-02-22 19:52:31,031 - root - INFO - upstream_157_浪潮软件                True              False              False
2026-02-22 19:52:31,031 - root - INFO - downstream_1_比亚迪                False               True              False
2026-02-22 19:52:31,032 - root - INFO - downstream_2_长城汽车               False              False              False
2026-02-22 19:52:31,032 - root - INFO - downstream_3_长安汽车               False              False              False
2026-02-22 19:52:31,032 - root - INFO - downstream_4_上汽集团                True               True               True
2026-02-22 19:52:31,033 - root - INFO - 
2026-02-22 19:52:31,033 - root - INFO -                     upstream_138_绿地控股  upstream_139_山西汾酒  upstream_140_厦门钨业  \
2026-02-22 19:52:31,033 - root - INFO - 宁德时代                             True              False              False
2026-02-22 19:52:31,034 - root - INFO - market_data_1_上证综指               True              False              False
2026-02-22 19:52:31,034 - root - INFO - market_data_2_深证成指              False              False              False
2026-02-22 19:52:31,034 - root - INFO - market_data_3_创业板指               True              False              False
2026-02-22 19:52:31,035 - root - INFO - upstream_1_盛新锂能                  True              False              False
2026-02-22 19:52:31,035 - root - INFO - ...                               ...                ...                ...
2026-02-22 19:52:31,035 - root - INFO - upstream_157_浪潮软件               False               True              False
2026-02-22 19:52:31,036 - root - INFO - downstream_1_比亚迪                False              False              False
2026-02-22 19:52:31,036 - root - INFO - downstream_2_长城汽车               False              False              False
2026-02-22 19:52:31,036 - root - INFO - downstream_3_长安汽车               False              False              False
2026-02-22 19:52:31,037 - root - INFO - downstream_4_上汽集团               False              False              False
2026-02-22 19:52:31,037 - root - INFO - 
2026-02-22 19:52:31,037 - root - INFO -                     upstream_141_恒瑞医药  upstream_142_招商银行  upstream_143_特变电工  \
2026-02-22 19:52:31,038 - root - INFO - 宁德时代                            False              False              False
2026-02-22 19:52:31,038 - root - INFO - market_data_1_上证综指              False              False              False
2026-02-22 19:52:31,038 - root - INFO - market_data_2_深证成指               True              False              False
2026-02-22 19:52:31,038 - root - INFO - market_data_3_创业板指               True              False              False
2026-02-22 19:52:31,038 - root - INFO - upstream_1_盛新锂能                  True              False               True
2026-02-22 19:52:31,039 - root - INFO - ...                               ...                ...                ...
2026-02-22 19:52:31,039 - root - INFO - upstream_157_浪潮软件               False              False              False
2026-02-22 19:52:31,039 - root - INFO - downstream_1_比亚迪                False              False              False
2026-02-22 19:52:31,040 - root - INFO - downstream_2_长城汽车               False              False              False
2026-02-22 19:52:31,040 - root - INFO - downstream_3_长安汽车               False              False              False
2026-02-22 19:52:31,040 - root - INFO - downstream_4_上汽集团               False              False              False
2026-02-22 19:52:31,041 - root - INFO - 
2026-02-22 19:52:31,041 - root - INFO -                     upstream_144_上汽集团  upstream_145_五粮液  upstream_146_比亚迪  \
2026-02-22 19:52:31,041 - root - INFO - 宁德时代                            False             False             False
2026-02-22 19:52:31,042 - root - INFO - market_data_1_上证综指              False             False             False
2026-02-22 19:52:31,042 - root - INFO - market_data_2_深证成指              False             False             False
2026-02-22 19:52:31,042 - root - INFO - market_data_3_创业板指              False             False             False
2026-02-22 19:52:31,042 - root - INFO - upstream_1_盛新锂能                 False             False             False
2026-02-22 19:52:31,043 - root - INFO - ...                               ...               ...               ...
2026-02-22 19:52:31,043 - root - INFO - upstream_157_浪潮软件               False              True             False
2026-02-22 19:52:31,043 - root - INFO - downstream_1_比亚迪                 True             False             False
2026-02-22 19:52:31,043 - root - INFO - downstream_2_长城汽车               False             False             False
2026-02-22 19:52:31,043 - root - INFO - downstream_3_长安汽车               False             False             False
2026-02-22 19:52:31,045 - root - INFO - downstream_4_上汽集团               False             False              True
2026-02-22 19:52:31,045 - root - INFO - 
2026-02-22 19:52:31,045 - root - INFO -                     upstream_147_长城汽车  upstream_148_北方稀土  upstream_149_雅化集团  \
2026-02-22 19:52:31,046 - root - INFO - 宁德时代                             True              False              False
2026-02-22 19:52:31,046 - root - INFO - market_data_1_上证综指              False               True               True
2026-02-22 19:52:31,046 - root - INFO - market_data_2_深证成指              False              False               True
2026-02-22 19:52:31,047 - root - INFO - market_data_3_创业板指              False              False              False
2026-02-22 19:52:31,047 - root - INFO - upstream_1_盛新锂能                 False               True              False
2026-02-22 19:52:31,048 - root - INFO - ...                               ...                ...                ...
2026-02-22 19:52:31,048 - root - INFO - upstream_157_浪潮软件               False              False              False
2026-02-22 19:52:31,048 - root - INFO - downstream_1_比亚迪                False              False              False
2026-02-22 19:52:31,048 - root - INFO - downstream_2_长城汽车               False              False              False
2026-02-22 19:52:31,049 - root - INFO - downstream_3_长安汽车               False              False              False
2026-02-22 19:52:31,049 - root - INFO - downstream_4_上汽集团                True               True              False
2026-02-22 19:52:31,050 - root - INFO - 
2026-02-22 19:52:31,050 - root - INFO -                     upstream_150_浪潮软件  upstream_151_长江电力  upstream_152_上证综指  \
2026-02-22 19:52:31,050 - root - INFO - 宁德时代                            False              False               True
2026-02-22 19:52:31,051 - root - INFO - market_data_1_上证综指              False              False              False
2026-02-22 19:52:31,051 - root - INFO - market_data_2_深证成指              False               True              False
2026-02-22 19:52:31,052 - root - INFO - market_data_3_创业板指               True               True              False
2026-02-22 19:52:31,052 - root - INFO - upstream_1_盛新锂能                 False               True              False
2026-02-22 19:52:31,052 - root - INFO - ...                               ...                ...                ...
2026-02-22 19:52:31,052 - root - INFO - upstream_157_浪潮软件               False               True              False
2026-02-22 19:52:31,053 - root - INFO - downstream_1_比亚迪                False              False              False
2026-02-22 19:52:31,053 - root - INFO - downstream_2_长城汽车               False              False              False
2026-02-22 19:52:31,053 - root - INFO - downstream_3_长安汽车               False              False              False
2026-02-22 19:52:31,054 - root - INFO - downstream_4_上汽集团               False              False               True
2026-02-22 19:52:31,054 - root - INFO - 
2026-02-22 19:52:31,054 - root - INFO -                     upstream_153_中国石油  upstream_154_中国长城  upstream_155_中直股份  \
2026-02-22 19:52:31,055 - root - INFO - 宁德时代                            False              False              False
2026-02-22 19:52:31,055 - root - INFO - market_data_1_上证综指              False              False              False
2026-02-22 19:52:31,055 - root - INFO - market_data_2_深证成指              False              False              False
2026-02-22 19:52:31,055 - root - INFO - market_data_3_创业板指              False              False              False
2026-02-22 19:52:31,056 - root - INFO - upstream_1_盛新锂能                 False              False              False
2026-02-22 19:52:31,056 - root - INFO - ...                               ...                ...                ...
2026-02-22 19:52:31,056 - root - INFO - upstream_157_浪潮软件               False              False              False
2026-02-22 19:52:31,057 - root - INFO - downstream_1_比亚迪                False              False              False
2026-02-22 19:52:31,057 - root - INFO - downstream_2_长城汽车               False              False              False
2026-02-22 19:52:31,057 - root - INFO - downstream_3_长安汽车               False              False               True
2026-02-22 19:52:31,057 - root - INFO - downstream_4_上汽集团               False              False              False
2026-02-22 19:52:31,058 - root - INFO - 
2026-02-22 19:52:31,058 - root - INFO -                     upstream_156_明星电力  upstream_157_浪潮软件  downstream_1_比亚迪  \
2026-02-22 19:52:31,058 - root - INFO - 宁德时代                            False              False             False
2026-02-22 19:52:31,059 - root - INFO - market_data_1_上证综指              False              False             False
2026-02-22 19:52:31,059 - root - INFO - market_data_2_深证成指               True              False             False
2026-02-22 19:52:31,059 - root - INFO - market_data_3_创业板指               True               True             False
2026-02-22 19:52:31,059 - root - INFO - upstream_1_盛新锂能                 False              False             False
2026-02-22 19:52:31,059 - root - INFO - ...                               ...                ...               ...
2026-02-22 19:52:31,060 - root - INFO - upstream_157_浪潮软件               False              False             False
2026-02-22 19:52:31,060 - root - INFO - downstream_1_比亚迪                False              False             False
2026-02-22 19:52:31,060 - root - INFO - downstream_2_长城汽车               False              False             False
2026-02-22 19:52:31,060 - root - INFO - downstream_3_长安汽车               False              False             False
2026-02-22 19:52:31,062 - root - INFO - downstream_4_上汽集团               False              False              True
2026-02-22 19:52:31,062 - root - INFO - 
2026-02-22 19:52:31,063 - root - INFO -                     downstream_2_长城汽车  downstream_3_长安汽车  downstream_4_上汽集团
2026-02-22 19:52:31,063 - root - INFO - 宁德时代                             True              False              False
2026-02-22 19:52:31,063 - root - INFO - market_data_1_上证综指              False              False              False
2026-02-22 19:52:31,064 - root - INFO - market_data_2_深证成指              False              False              False
2026-02-22 19:52:31,064 - root - INFO - market_data_3_创业板指              False              False              False
2026-02-22 19:52:31,064 - root - INFO - upstream_1_盛新锂能                 False               True              False
2026-02-22 19:52:31,065 - root - INFO - ...                               ...                ...                ...
2026-02-22 19:52:31,065 - root - INFO - upstream_157_浪潮软件               False              False              False
2026-02-22 19:52:31,065 - root - INFO - downstream_1_比亚迪                False              False               True
2026-02-22 19:52:31,066 - root - INFO - downstream_2_长城汽车               False              False              False
2026-02-22 19:52:31,066 - root - INFO - downstream_3_长安汽车               False              False              False
2026-02-22 19:52:31,067 - root - INFO - downstream_4_上汽集团                True              False              False
2026-02-22 19:52:31,068 - root - INFO - 
2026-02-22 19:52:31,068 - root - INFO - [165 rows x 165 columns]
2026-02-22 19:52:31,069 - root - INFO - 影响目标变量的因果变量为：
2026-02-22 19:52:31,070 - root - INFO - ['downstream_1_比亚迪', 'downstream_2_长城汽车', 'downstream_3_长安汽车', 'downstream_4_上汽集团', 'market_data_1_上证综指', 'market_data_2_深证成指', 'market_data_3_创业板指', 'upstream_100_京东方A', 'upstream_101_恒瑞医药', 'upstream_102_药明康德', 'upstream_103_中国建筑', 'upstream_104_中国铁建', 'upstream_105_中信证券', 'upstream_106_中国神华', 'upstream_107_工商银行', 'upstream_108_浦发银行', 'upstream_109_山东黄金', 'upstream_10_宁波韵升', 'upstream_110_中国银行', 'upstream_111_格力电器', 'upstream_112_云南白药', 'upstream_113_中兴通讯', 'upstream_114_立讯精密', 'upstream_115_歌尔股份', 'upstream_116_紫光国微', 'upstream_117_晶方科技', 'upstream_118_兆易创新', 'upstream_119_长飞光纤', 'upstream_11_中国卫星', 'upstream_120_洛阳钼业', 'upstream_121_长飞光纤', 'upstream_122_澜起科技', 'upstream_123_万集科技', 'upstream_124_雪峰科技', 'upstream_125_福耀玻璃', 'upstream_126_新筑股份', 'upstream_127_华贸物流', 'upstream_128_卫士通', 'upstream_129_浪潮信息', 'upstream_12_贵研铂业', 'upstream_130_科大讯飞', 'upstream_131_深南电路', 'upstream_132_闻泰科技', 'upstream_133_生益科技', 'upstream_134_士兰微', 'upstream_135_恒顺醋业', 'upstream_136_新安股份', 'upstream_137_青岛海尔', 'upstream_138_绿地控股', 'upstream_139_山西汾酒', 'upstream_13_北方稀土', 'upstream_140_厦门钨业', 'upstream_141_恒瑞医药', 'upstream_142_招商银行', 'upstream_143_特变电工', 'upstream_144_上汽集团', 'upstream_145_五粮液', 'upstream_146_比亚迪', 'upstream_147_长城汽车', 'upstream_148_北方稀土', 'upstream_149_雅化集团', 'upstream_14_盛和资源', 'upstream_150_浪潮软件', 'upstream_151_长江电力', 'upstream_152_上证综指', 'upstream_153_中国石油', 'upstream_154_中国长城', 'upstream_155_中直股份', 'upstream_156_明星电力', 'upstream_157_浪潮软件', 'upstream_15_南山铝业', 'upstream_16_江西铜业', 'upstream_17_中国铝业', 'upstream_18_雅化集团', 'upstream_19_瑞泰科技', 'upstream_1_盛新锂能', 'upstream_20_方大炭素', 'upstream_21_鹏辉能源', 'upstream_22_德方纳米', 'upstream_23_天华新能', 'upstream_24_容百科技', 'upstream_25_璞泰来', 'upstream_26_杉杉股份', 'upstream_27_诺德股份', 'upstream_28_天赐材料', 'upstream_29_多氟多', 'upstream_2_天齐锂业', 'upstream_30_星源材质', 'upstream_31_先导智能', 'upstream_32_迈为股份', 'upstream_33_正业科技', 'upstream_34_罗博特科', 'upstream_35_永太科技', 'upstream_36_奥特维', 'upstream_37_派能科技', 'upstream_38_振江股份', 'upstream_39_欣锐科技', 'upstream_3_赣锋锂业', 'upstream_40_视源股份', 'upstream_41_德赛西威', 'upstream_42_当升科技', 'upstream_43_格林美', 'upstream_44_富临精工', 'upstream_45_中科三环', 'upstream_46_凯恩股份', 'upstream_47_新宙邦', 'upstream_48_中材科技', 'upstream_49_新纶新材', 'upstream_4_川恒股份', 'upstream_50_翔丰华', 'upstream_51_国轩高科', 'upstream_52_上海港湾', 'upstream_53_航天电子', 'upstream_54_普天科技', 'upstream_55_上海瀚讯', 'upstream_56_中科星图', 'upstream_57_光迅科技', 'upstream_58_海格通信', 'upstream_59_开普云', 'upstream_5_盐湖股份', 'upstream_60_亿利洁能', 'upstream_61_特变电工', 'upstream_62_隆基绿能', 'upstream_63_卧龙电驱', 'upstream_64_方正电机', 'upstream_65_大洋电机', 'upstream_66_汇川技术', 'upstream_67_蓝海华腾', 'upstream_68_禾望电气', 'upstream_69_特锐德', 'upstream_6_中远海控', 'upstream_70_盛弘股份', 'upstream_71_科士达', 'upstream_72_通合科技', 'upstream_73_和顺电气', 'upstream_74_奥特迅', 'upstream_75_英可瑞', 'upstream_76_永贵电器', 'upstream_77_阳光电源', 'upstream_78_南都电源', 'upstream_79_中国电建', 'upstream_7_湘潭电化', 'upstream_80_中国能建', 'upstream_81_平高电气', 'upstream_82_中天科技', 'upstream_83_士兰微', 'upstream_84_嘉化能源', 'upstream_85_恒顺醋业', 'upstream_86_祁连山', 'upstream_87_津膜科技', 'upstream_88_宁波中百', 'upstream_89_哈投股份', 'upstream_8_华友钴业', 'upstream_90_长江电力', 'upstream_91_三花智控', 'upstream_92_拓普集团', 'upstream_93_新泉股份', 'upstream_94_福耀玻璃', 'upstream_95_华域汽车', 'upstream_96_贵州茅台', 'upstream_97_五粮液', 'upstream_98_中国平安', 'upstream_99_招商银行', 'upstream_9_西藏珠峰', '宁德时代']
2026-02-22 19:53:14,117 - root - INFO - Best model saved at epoch 1 with validation R2: -1.5766
2026-02-22 19:53:14,117 - root - INFO - Epoch [1/10000], Train Loss: 0.9424, R2: -0.3032, RMSE: 0.9708 | Valid Loss: 0.7417, R2: -1.5766, RMSE: 0.8612
2026-02-22 19:53:14,291 - root - INFO - Epoch [2/10000], Train Loss: 0.9355, R2: -0.2937, RMSE: 0.9672 | Valid Loss: 0.7473, R2: -1.5961, RMSE: 0.8645
2026-02-22 19:53:14,480 - root - INFO - Epoch [3/10000], Train Loss: 0.9299, R2: -0.2860, RMSE: 0.9643 | Valid Loss: 0.7526, R2: -1.6146, RMSE: 0.8675
2026-02-22 19:53:14,684 - root - INFO - Epoch [4/10000], Train Loss: 0.9239, R2: -0.2776, RMSE: 0.9612 | Valid Loss: 0.7582, R2: -1.6337, RMSE: 0.8707
2026-02-22 19:53:14,886 - root - INFO - Epoch [5/10000], Train Loss: 0.9173, R2: -0.2685, RMSE: 0.9578 | Valid Loss: 0.7637, R2: -1.6531, RMSE: 0.8739
2026-02-22 19:53:15,104 - root - INFO - Epoch [6/10000], Train Loss: 0.9104, R2: -0.2589, RMSE: 0.9541 | Valid Loss: 0.7695, R2: -1.6731, RMSE: 0.8772
2026-02-22 19:53:15,311 - root - INFO - Epoch [7/10000], Train Loss: 0.9029, R2: -0.2486, RMSE: 0.9502 | Valid Loss: 0.7749, R2: -1.6920, RMSE: 0.8803
2026-02-22 19:53:15,542 - root - INFO - Epoch [8/10000], Train Loss: 0.8952, R2: -0.2380, RMSE: 0.9462 | Valid Loss: 0.7801, R2: -1.7098, RMSE: 0.8832
2026-02-22 19:53:15,765 - root - INFO - Epoch [9/10000], Train Loss: 0.8868, R2: -0.2263, RMSE: 0.9417 | Valid Loss: 0.7850, R2: -1.7270, RMSE: 0.8860
2026-02-22 19:53:15,982 - root - INFO - Epoch [10/10000], Train Loss: 0.8778, R2: -0.2140, RMSE: 0.9369 | Valid Loss: 0.7897, R2: -1.7433, RMSE: 0.8886
2026-02-22 19:53:16,192 - root - INFO - Epoch [11/10000], Train Loss: 0.8683, R2: -0.2008, RMSE: 0.9318 | Valid Loss: 0.7939, R2: -1.7579, RMSE: 0.8910
2026-02-22 19:53:16,410 - root - INFO - Epoch [12/10000], Train Loss: 0.8580, R2: -0.1865, RMSE: 0.9263 | Valid Loss: 0.7975, R2: -1.7705, RMSE: 0.8930
2026-02-22 19:53:16,620 - root - INFO - Epoch [13/10000], Train Loss: 0.8474, R2: -0.1718, RMSE: 0.9205 | Valid Loss: 0.8006, R2: -1.7813, RMSE: 0.8948
2026-02-22 19:53:16,848 - root - INFO - Epoch [14/10000], Train Loss: 0.8358, R2: -0.1559, RMSE: 0.9142 | Valid Loss: 0.8034, R2: -1.7910, RMSE: 0.8963
2026-02-22 19:53:17,065 - root - INFO - Epoch [15/10000], Train Loss: 0.8227, R2: -0.1378, RMSE: 0.9071 | Valid Loss: 0.8056, R2: -1.7986, RMSE: 0.8975
2026-02-22 19:53:17,283 - root - INFO - Epoch [16/10000], Train Loss: 0.8076, R2: -0.1169, RMSE: 0.8987 | Valid Loss: 0.8072, R2: -1.8041, RMSE: 0.8984
2026-02-22 19:53:17,505 - root - INFO - Epoch [17/10000], Train Loss: 0.7897, R2: -0.0920, RMSE: 0.8886 | Valid Loss: 0.8081, R2: -1.8074, RMSE: 0.8990
2026-02-22 19:53:17,729 - root - INFO - Epoch [18/10000], Train Loss: 0.7686, R2: -0.0628, RMSE: 0.8767 | Valid Loss: 0.8085, R2: -1.8088, RMSE: 0.8992
2026-02-22 19:53:17,943 - root - INFO - Epoch [19/10000], Train Loss: 0.7457, R2: -0.0312, RMSE: 0.8635 | Valid Loss: 0.8080, R2: -1.8069, RMSE: 0.8989
2026-02-22 19:53:18,164 - root - INFO - Epoch [20/10000], Train Loss: 0.7197, R2: 0.0047, RMSE: 0.8484 | Valid Loss: 0.8074, R2: -1.8048, RMSE: 0.8985
2026-02-22 19:53:18,380 - root - INFO - Epoch [21/10000], Train Loss: 0.6902, R2: 0.0455, RMSE: 0.8308 | Valid Loss: 0.8062, R2: -1.8007, RMSE: 0.8979
2026-02-22 19:53:18,596 - root - INFO - Epoch [22/10000], Train Loss: 0.6558, R2: 0.0932, RMSE: 0.8098 | Valid Loss: 0.8048, R2: -1.7959, RMSE: 0.8971
2026-02-22 19:53:18,814 - root - INFO - Epoch [23/10000], Train Loss: 0.6151, R2: 0.1493, RMSE: 0.7843 | Valid Loss: 0.8034, R2: -1.7909, RMSE: 0.8963
2026-02-22 19:53:19,041 - root - INFO - Epoch [24/10000], Train Loss: 0.5669, R2: 0.2160, RMSE: 0.7530 | Valid Loss: 0.8019, R2: -1.7857, RMSE: 0.8955
2026-02-22 19:53:19,275 - root - INFO - Epoch [25/10000], Train Loss: 0.5135, R2: 0.2899, RMSE: 0.7166 | Valid Loss: 0.7997, R2: -1.7783, RMSE: 0.8943
2026-02-22 19:53:19,496 - root - INFO - Epoch [26/10000], Train Loss: 0.4559, R2: 0.3696, RMSE: 0.6752 | Valid Loss: 0.7965, R2: -1.7669, RMSE: 0.8925
2026-02-22 19:53:19,717 - root - INFO - Epoch [27/10000], Train Loss: 0.3946, R2: 0.4543, RMSE: 0.6282 | Valid Loss: 0.7913, R2: -1.7488, RMSE: 0.8895
2026-02-22 19:53:19,934 - root - INFO - Epoch [28/10000], Train Loss: 0.3359, R2: 0.5355, RMSE: 0.5795 | Valid Loss: 0.7834, R2: -1.7216, RMSE: 0.8851
2026-02-22 19:53:20,154 - root - INFO - Epoch [29/10000], Train Loss: 0.2824, R2: 0.6095, RMSE: 0.5314 | Valid Loss: 0.7725, R2: -1.6836, RMSE: 0.8789
2026-02-22 19:53:20,363 - root - INFO - Epoch [30/10000], Train Loss: 0.2398, R2: 0.6684, RMSE: 0.4897 | Valid Loss: 0.7581, R2: -1.6335, RMSE: 0.8707
2026-02-22 19:53:20,587 - root - INFO - Best model saved at epoch 31 with validation R2: -1.5757
2026-02-22 19:53:20,588 - root - INFO - Epoch [31/10000], Train Loss: 0.2079, R2: 0.7125, RMSE: 0.4560 | Valid Loss: 0.7414, R2: -1.5757, RMSE: 0.8611
2026-02-22 19:53:20,810 - root - INFO - Best model saved at epoch 32 with validation R2: -1.5151
2026-02-22 19:53:20,810 - root - INFO - Epoch [32/10000], Train Loss: 0.1840, R2: 0.7456, RMSE: 0.4289 | Valid Loss: 0.7240, R2: -1.5151, RMSE: 0.8509
2026-02-22 19:53:21,043 - root - INFO - Best model saved at epoch 33 with validation R2: -1.4567
2026-02-22 19:53:21,043 - root - INFO - Epoch [33/10000], Train Loss: 0.1662, R2: 0.7701, RMSE: 0.4077 | Valid Loss: 0.7072, R2: -1.4567, RMSE: 0.8409
2026-02-22 19:53:21,282 - root - INFO - Best model saved at epoch 34 with validation R2: -1.4043
2026-02-22 19:53:21,282 - root - INFO - Epoch [34/10000], Train Loss: 0.1531, R2: 0.7883, RMSE: 0.3913 | Valid Loss: 0.6921, R2: -1.4043, RMSE: 0.8319
2026-02-22 19:53:21,496 - root - INFO - Best model saved at epoch 35 with validation R2: -1.3597
2026-02-22 19:53:21,497 - root - INFO - Epoch [35/10000], Train Loss: 0.1435, R2: 0.8015, RMSE: 0.3788 | Valid Loss: 0.6793, R2: -1.3597, RMSE: 0.8242
2026-02-22 19:53:21,716 - root - INFO - Best model saved at epoch 36 with validation R2: -1.3163
2026-02-22 19:53:21,717 - root - INFO - Epoch [36/10000], Train Loss: 0.1356, R2: 0.8125, RMSE: 0.3682 | Valid Loss: 0.6668, R2: -1.3163, RMSE: 0.8166
2026-02-22 19:53:21,934 - root - INFO - Best model saved at epoch 37 with validation R2: -1.2725
2026-02-22 19:53:21,935 - root - INFO - Epoch [37/10000], Train Loss: 0.1297, R2: 0.8206, RMSE: 0.3602 | Valid Loss: 0.6542, R2: -1.2725, RMSE: 0.8088
2026-02-22 19:53:22,150 - root - INFO - Best model saved at epoch 38 with validation R2: -1.2283
2026-02-22 19:53:22,151 - root - INFO - Epoch [38/10000], Train Loss: 0.1248, R2: 0.8274, RMSE: 0.3533 | Valid Loss: 0.6414, R2: -1.2283, RMSE: 0.8009
2026-02-22 19:53:22,363 - root - INFO - Best model saved at epoch 39 with validation R2: -1.1847
2026-02-22 19:53:22,363 - root - INFO - Epoch [39/10000], Train Loss: 0.1198, R2: 0.8344, RMSE: 0.3461 | Valid Loss: 0.6289, R2: -1.1847, RMSE: 0.7930
2026-02-22 19:53:22,580 - root - INFO - Best model saved at epoch 40 with validation R2: -1.1427
2026-02-22 19:53:22,580 - root - INFO - Epoch [40/10000], Train Loss: 0.1160, R2: 0.8396, RMSE: 0.3405 | Valid Loss: 0.6168, R2: -1.1427, RMSE: 0.7854
2026-02-22 19:53:22,807 - root - INFO - Best model saved at epoch 41 with validation R2: -1.1019
2026-02-22 19:53:22,808 - root - INFO - Epoch [41/10000], Train Loss: 0.1125, R2: 0.8444, RMSE: 0.3354 | Valid Loss: 0.6051, R2: -1.1019, RMSE: 0.7779
2026-02-22 19:53:23,044 - root - INFO - Best model saved at epoch 42 with validation R2: -1.0644
2026-02-22 19:53:23,045 - root - INFO - Epoch [42/10000], Train Loss: 0.1102, R2: 0.8477, RMSE: 0.3319 | Valid Loss: 0.5943, R2: -1.0644, RMSE: 0.7709
2026-02-22 19:53:23,280 - root - INFO - Best model saved at epoch 43 with validation R2: -1.0297
2026-02-22 19:53:23,280 - root - INFO - Epoch [43/10000], Train Loss: 0.1084, R2: 0.8501, RMSE: 0.3292 | Valid Loss: 0.5843, R2: -1.0297, RMSE: 0.7644
2026-02-22 19:53:23,525 - root - INFO - Best model saved at epoch 44 with validation R2: -0.9965
2026-02-22 19:53:23,525 - root - INFO - Epoch [44/10000], Train Loss: 0.1058, R2: 0.8537, RMSE: 0.3252 | Valid Loss: 0.5747, R2: -0.9965, RMSE: 0.7581
2026-02-22 19:53:23,774 - root - INFO - Best model saved at epoch 45 with validation R2: -0.9662
2026-02-22 19:53:23,774 - root - INFO - Epoch [45/10000], Train Loss: 0.1037, R2: 0.8566, RMSE: 0.3221 | Valid Loss: 0.5660, R2: -0.9662, RMSE: 0.7523
2026-02-22 19:53:24,018 - root - INFO - Best model saved at epoch 46 with validation R2: -0.9368
2026-02-22 19:53:24,018 - root - INFO - Epoch [46/10000], Train Loss: 0.1026, R2: 0.8582, RMSE: 0.3203 | Valid Loss: 0.5575, R2: -0.9368, RMSE: 0.7467
2026-02-22 19:53:24,259 - root - INFO - Best model saved at epoch 47 with validation R2: -0.9098
2026-02-22 19:53:24,261 - root - INFO - Epoch [47/10000], Train Loss: 0.1019, R2: 0.8591, RMSE: 0.3192 | Valid Loss: 0.5498, R2: -0.9098, RMSE: 0.7415
2026-02-22 19:53:24,485 - root - INFO - Best model saved at epoch 48 with validation R2: -0.8848
2026-02-22 19:53:24,486 - root - INFO - Epoch [48/10000], Train Loss: 0.1010, R2: 0.8604, RMSE: 0.3178 | Valid Loss: 0.5426, R2: -0.8848, RMSE: 0.7366
2026-02-22 19:53:24,713 - root - INFO - Best model saved at epoch 49 with validation R2: -0.8594
2026-02-22 19:53:24,713 - root - INFO - Epoch [49/10000], Train Loss: 0.0986, R2: 0.8637, RMSE: 0.3140 | Valid Loss: 0.5352, R2: -0.8594, RMSE: 0.7316
2026-02-22 19:53:24,956 - root - INFO - Best model saved at epoch 50 with validation R2: -0.8361
2026-02-22 19:53:24,957 - root - INFO - Epoch [50/10000], Train Loss: 0.0982, R2: 0.8642, RMSE: 0.3133 | Valid Loss: 0.5285, R2: -0.8361, RMSE: 0.7270
2026-02-22 19:53:25,184 - root - INFO - Best model saved at epoch 51 with validation R2: -0.8156
2026-02-22 19:53:25,184 - root - INFO - Epoch [51/10000], Train Loss: 0.0972, R2: 0.8656, RMSE: 0.3118 | Valid Loss: 0.5226, R2: -0.8156, RMSE: 0.7229
2026-02-22 19:53:25,406 - root - INFO - Best model saved at epoch 52 with validation R2: -0.7962
2026-02-22 19:53:25,407 - root - INFO - Epoch [52/10000], Train Loss: 0.0967, R2: 0.8663, RMSE: 0.3110 | Valid Loss: 0.5171, R2: -0.7962, RMSE: 0.7191
2026-02-22 19:53:25,634 - root - INFO - Best model saved at epoch 53 with validation R2: -0.7768
2026-02-22 19:53:25,635 - root - INFO - Epoch [53/10000], Train Loss: 0.0966, R2: 0.8665, RMSE: 0.3108 | Valid Loss: 0.5115, R2: -0.7768, RMSE: 0.7152
2026-02-22 19:53:25,861 - root - INFO - Best model saved at epoch 54 with validation R2: -0.7599
2026-02-22 19:53:25,862 - root - INFO - Epoch [54/10000], Train Loss: 0.0957, R2: 0.8677, RMSE: 0.3094 | Valid Loss: 0.5066, R2: -0.7599, RMSE: 0.7118
2026-02-22 19:53:26,072 - root - INFO - Best model saved at epoch 55 with validation R2: -0.7432
2026-02-22 19:53:26,072 - root - INFO - Epoch [55/10000], Train Loss: 0.0955, R2: 0.8679, RMSE: 0.3091 | Valid Loss: 0.5018, R2: -0.7432, RMSE: 0.7084
2026-02-22 19:53:26,285 - root - INFO - Best model saved at epoch 56 with validation R2: -0.7282
2026-02-22 19:53:26,286 - root - INFO - Epoch [56/10000], Train Loss: 0.0945, R2: 0.8693, RMSE: 0.3075 | Valid Loss: 0.4975, R2: -0.7282, RMSE: 0.7053
2026-02-22 19:53:26,498 - root - INFO - Best model saved at epoch 57 with validation R2: -0.7141
2026-02-22 19:53:26,499 - root - INFO - Epoch [57/10000], Train Loss: 0.0947, R2: 0.8690, RMSE: 0.3078 | Valid Loss: 0.4934, R2: -0.7141, RMSE: 0.7024
2026-02-22 19:53:26,713 - root - INFO - Best model saved at epoch 58 with validation R2: -0.7022
2026-02-22 19:53:26,713 - root - INFO - Epoch [58/10000], Train Loss: 0.0947, R2: 0.8690, RMSE: 0.3077 | Valid Loss: 0.4900, R2: -0.7022, RMSE: 0.7000
2026-02-22 19:53:26,930 - root - INFO - Best model saved at epoch 59 with validation R2: -0.6879
2026-02-22 19:53:26,931 - root - INFO - Epoch [59/10000], Train Loss: 0.0935, R2: 0.8707, RMSE: 0.3058 | Valid Loss: 0.4859, R2: -0.6879, RMSE: 0.6970
2026-02-22 19:53:27,149 - root - INFO - Best model saved at epoch 60 with validation R2: -0.6770
2026-02-22 19:53:27,150 - root - INFO - Epoch [60/10000], Train Loss: 0.0930, R2: 0.8714, RMSE: 0.3050 | Valid Loss: 0.4828, R2: -0.6770, RMSE: 0.6948
2026-02-22 19:53:27,365 - root - INFO - Best model saved at epoch 61 with validation R2: -0.6657
2026-02-22 19:53:27,365 - root - INFO - Epoch [61/10000], Train Loss: 0.0936, R2: 0.8705, RMSE: 0.3060 | Valid Loss: 0.4795, R2: -0.6657, RMSE: 0.6925
2026-02-22 19:53:27,596 - root - INFO - Best model saved at epoch 62 with validation R2: -0.6550
2026-02-22 19:53:27,598 - root - INFO - Epoch [62/10000], Train Loss: 0.0931, R2: 0.8712, RMSE: 0.3052 | Valid Loss: 0.4764, R2: -0.6550, RMSE: 0.6902
2026-02-22 19:53:27,811 - root - INFO - Best model saved at epoch 63 with validation R2: -0.6445
2026-02-22 19:53:27,811 - root - INFO - Epoch [63/10000], Train Loss: 0.0919, R2: 0.8729, RMSE: 0.3032 | Valid Loss: 0.4734, R2: -0.6445, RMSE: 0.6880
2026-02-22 19:53:28,034 - root - INFO - Best model saved at epoch 64 with validation R2: -0.6342
2026-02-22 19:53:28,035 - root - INFO - Epoch [64/10000], Train Loss: 0.0914, R2: 0.8736, RMSE: 0.3024 | Valid Loss: 0.4704, R2: -0.6342, RMSE: 0.6859
2026-02-22 19:53:28,275 - root - INFO - Best model saved at epoch 65 with validation R2: -0.6250
2026-02-22 19:53:28,275 - root - INFO - Epoch [65/10000], Train Loss: 0.0914, R2: 0.8736, RMSE: 0.3024 | Valid Loss: 0.4678, R2: -0.6250, RMSE: 0.6839
2026-02-22 19:53:28,513 - root - INFO - Best model saved at epoch 66 with validation R2: -0.6162
2026-02-22 19:53:28,513 - root - INFO - Epoch [66/10000], Train Loss: 0.0915, R2: 0.8734, RMSE: 0.3025 | Valid Loss: 0.4652, R2: -0.6162, RMSE: 0.6821
2026-02-22 19:53:28,754 - root - INFO - Best model saved at epoch 67 with validation R2: -0.6069
2026-02-22 19:53:28,755 - root - INFO - Epoch [67/10000], Train Loss: 0.0913, R2: 0.8738, RMSE: 0.3021 | Valid Loss: 0.4626, R2: -0.6069, RMSE: 0.6801
2026-02-22 19:53:28,978 - root - INFO - Best model saved at epoch 68 with validation R2: -0.5991
2026-02-22 19:53:28,978 - root - INFO - Epoch [68/10000], Train Loss: 0.0901, R2: 0.8754, RMSE: 0.3001 | Valid Loss: 0.4603, R2: -0.5991, RMSE: 0.6785
2026-02-22 19:53:29,196 - root - INFO - Best model saved at epoch 69 with validation R2: -0.5910
2026-02-22 19:53:29,196 - root - INFO - Epoch [69/10000], Train Loss: 0.0904, R2: 0.8750, RMSE: 0.3006 | Valid Loss: 0.4580, R2: -0.5910, RMSE: 0.6768
2026-02-22 19:53:29,413 - root - INFO - Best model saved at epoch 70 with validation R2: -0.5821
2026-02-22 19:53:29,413 - root - INFO - Epoch [70/10000], Train Loss: 0.0909, R2: 0.8743, RMSE: 0.3015 | Valid Loss: 0.4554, R2: -0.5821, RMSE: 0.6749
2026-02-22 19:53:29,643 - root - INFO - Best model saved at epoch 71 with validation R2: -0.5735
2026-02-22 19:53:29,644 - root - INFO - Epoch [71/10000], Train Loss: 0.0902, R2: 0.8753, RMSE: 0.3003 | Valid Loss: 0.4530, R2: -0.5735, RMSE: 0.6730
2026-02-22 19:53:29,862 - root - INFO - Best model saved at epoch 72 with validation R2: -0.5671
2026-02-22 19:53:29,863 - root - INFO - Epoch [72/10000], Train Loss: 0.0892, R2: 0.8766, RMSE: 0.2987 | Valid Loss: 0.4511, R2: -0.5671, RMSE: 0.6716
2026-02-22 19:53:30,082 - root - INFO - Best model saved at epoch 73 with validation R2: -0.5592
2026-02-22 19:53:30,082 - root - INFO - Epoch [73/10000], Train Loss: 0.0899, R2: 0.8757, RMSE: 0.2998 | Valid Loss: 0.4488, R2: -0.5592, RMSE: 0.6699
2026-02-22 19:53:30,301 - root - INFO - Best model saved at epoch 74 with validation R2: -0.5532
2026-02-22 19:53:30,303 - root - INFO - Epoch [74/10000], Train Loss: 0.0885, R2: 0.8777, RMSE: 0.2974 | Valid Loss: 0.4471, R2: -0.5532, RMSE: 0.6687
2026-02-22 19:53:30,513 - root - INFO - Best model saved at epoch 75 with validation R2: -0.5452
2026-02-22 19:53:30,513 - root - INFO - Epoch [75/10000], Train Loss: 0.0890, R2: 0.8769, RMSE: 0.2983 | Valid Loss: 0.4448, R2: -0.5452, RMSE: 0.6669
2026-02-22 19:53:30,730 - root - INFO - Best model saved at epoch 76 with validation R2: -0.5383
2026-02-22 19:53:30,730 - root - INFO - Epoch [76/10000], Train Loss: 0.0887, R2: 0.8774, RMSE: 0.2978 | Valid Loss: 0.4428, R2: -0.5383, RMSE: 0.6654
2026-02-22 19:53:30,947 - root - INFO - Best model saved at epoch 77 with validation R2: -0.5310
2026-02-22 19:53:30,949 - root - INFO - Epoch [77/10000], Train Loss: 0.0885, R2: 0.8776, RMSE: 0.2975 | Valid Loss: 0.4407, R2: -0.5310, RMSE: 0.6639
2026-02-22 19:53:31,166 - root - INFO - Best model saved at epoch 78 with validation R2: -0.5246
2026-02-22 19:53:31,166 - root - INFO - Epoch [78/10000], Train Loss: 0.0884, R2: 0.8777, RMSE: 0.2974 | Valid Loss: 0.4389, R2: -0.5246, RMSE: 0.6625
2026-02-22 19:53:31,390 - root - INFO - Best model saved at epoch 79 with validation R2: -0.5186
2026-02-22 19:53:31,390 - root - INFO - Epoch [79/10000], Train Loss: 0.0882, R2: 0.8780, RMSE: 0.2970 | Valid Loss: 0.4371, R2: -0.5186, RMSE: 0.6612
2026-02-22 19:53:31,621 - root - INFO - Best model saved at epoch 80 with validation R2: -0.5127
2026-02-22 19:53:31,621 - root - INFO - Epoch [80/10000], Train Loss: 0.0877, R2: 0.8788, RMSE: 0.2961 | Valid Loss: 0.4355, R2: -0.5127, RMSE: 0.6599
2026-02-22 19:53:31,840 - root - INFO - Best model saved at epoch 81 with validation R2: -0.5077
2026-02-22 19:53:31,841 - root - INFO - Epoch [81/10000], Train Loss: 0.0884, R2: 0.8778, RMSE: 0.2973 | Valid Loss: 0.4340, R2: -0.5077, RMSE: 0.6588
2026-02-22 19:53:32,059 - root - INFO - Best model saved at epoch 82 with validation R2: -0.5020
2026-02-22 19:53:32,060 - root - INFO - Epoch [82/10000], Train Loss: 0.0875, R2: 0.8789, RMSE: 0.2959 | Valid Loss: 0.4324, R2: -0.5020, RMSE: 0.6575
2026-02-22 19:53:32,285 - root - INFO - Best model saved at epoch 83 with validation R2: -0.4949
2026-02-22 19:53:32,286 - root - INFO - Epoch [83/10000], Train Loss: 0.0869, R2: 0.8798, RMSE: 0.2948 | Valid Loss: 0.4303, R2: -0.4949, RMSE: 0.6560
2026-02-22 19:53:32,570 - root - INFO - Best model saved at epoch 84 with validation R2: -0.4893
2026-02-22 19:53:32,570 - root - INFO - Epoch [84/10000], Train Loss: 0.0859, R2: 0.8812, RMSE: 0.2931 | Valid Loss: 0.4287, R2: -0.4893, RMSE: 0.6548
2026-02-22 19:53:32,802 - root - INFO - Best model saved at epoch 85 with validation R2: -0.4843
2026-02-22 19:53:32,803 - root - INFO - Epoch [85/10000], Train Loss: 0.0869, R2: 0.8798, RMSE: 0.2948 | Valid Loss: 0.4273, R2: -0.4843, RMSE: 0.6537
2026-02-22 19:53:33,036 - root - INFO - Best model saved at epoch 86 with validation R2: -0.4779
2026-02-22 19:53:33,037 - root - INFO - Epoch [86/10000], Train Loss: 0.0862, R2: 0.8807, RMSE: 0.2937 | Valid Loss: 0.4254, R2: -0.4779, RMSE: 0.6523
2026-02-22 19:53:33,262 - root - INFO - Best model saved at epoch 87 with validation R2: -0.4724
2026-02-22 19:53:33,262 - root - INFO - Epoch [87/10000], Train Loss: 0.0863, R2: 0.8807, RMSE: 0.2938 | Valid Loss: 0.4238, R2: -0.4724, RMSE: 0.6510
2026-02-22 19:53:33,491 - root - INFO - Best model saved at epoch 88 with validation R2: -0.4686
2026-02-22 19:53:33,491 - root - INFO - Epoch [88/10000], Train Loss: 0.0867, R2: 0.8801, RMSE: 0.2945 | Valid Loss: 0.4228, R2: -0.4686, RMSE: 0.6502
2026-02-22 19:53:33,710 - root - INFO - Best model saved at epoch 89 with validation R2: -0.4647
2026-02-22 19:53:33,711 - root - INFO - Epoch [89/10000], Train Loss: 0.0862, R2: 0.8808, RMSE: 0.2936 | Valid Loss: 0.4216, R2: -0.4647, RMSE: 0.6493
2026-02-22 19:53:33,930 - root - INFO - Best model saved at epoch 90 with validation R2: -0.4596
2026-02-22 19:53:33,930 - root - INFO - Epoch [90/10000], Train Loss: 0.0861, R2: 0.8809, RMSE: 0.2935 | Valid Loss: 0.4202, R2: -0.4596, RMSE: 0.6482
2026-02-22 19:53:34,146 - root - INFO - Best model saved at epoch 91 with validation R2: -0.4532
2026-02-22 19:53:34,147 - root - INFO - Epoch [91/10000], Train Loss: 0.0858, R2: 0.8814, RMSE: 0.2929 | Valid Loss: 0.4183, R2: -0.4532, RMSE: 0.6468
2026-02-22 19:53:34,362 - root - INFO - Best model saved at epoch 92 with validation R2: -0.4488
2026-02-22 19:53:34,363 - root - INFO - Epoch [92/10000], Train Loss: 0.0855, R2: 0.8818, RMSE: 0.2924 | Valid Loss: 0.4171, R2: -0.4488, RMSE: 0.6458
2026-02-22 19:53:34,574 - root - INFO - Best model saved at epoch 93 with validation R2: -0.4448
2026-02-22 19:53:34,579 - root - INFO - Epoch [93/10000], Train Loss: 0.0859, R2: 0.8812, RMSE: 0.2931 | Valid Loss: 0.4159, R2: -0.4448, RMSE: 0.6449
2026-02-22 19:53:34,804 - root - INFO - Best model saved at epoch 94 with validation R2: -0.4404
2026-02-22 19:53:34,805 - root - INFO - Epoch [94/10000], Train Loss: 0.0856, R2: 0.8817, RMSE: 0.2925 | Valid Loss: 0.4146, R2: -0.4404, RMSE: 0.6439
2026-02-22 19:53:35,022 - root - INFO - Best model saved at epoch 95 with validation R2: -0.4367
2026-02-22 19:53:35,022 - root - INFO - Epoch [95/10000], Train Loss: 0.0843, R2: 0.8834, RMSE: 0.2904 | Valid Loss: 0.4136, R2: -0.4367, RMSE: 0.6431
2026-02-22 19:53:35,256 - root - INFO - Best model saved at epoch 96 with validation R2: -0.4314
2026-02-22 19:53:35,256 - root - INFO - Epoch [96/10000], Train Loss: 0.0845, R2: 0.8831, RMSE: 0.2907 | Valid Loss: 0.4120, R2: -0.4314, RMSE: 0.6419
2026-02-22 19:53:35,482 - root - INFO - Best model saved at epoch 97 with validation R2: -0.4271
2026-02-22 19:53:35,482 - root - INFO - Epoch [97/10000], Train Loss: 0.0838, R2: 0.8841, RMSE: 0.2895 | Valid Loss: 0.4108, R2: -0.4271, RMSE: 0.6409
2026-02-22 19:53:35,697 - root - INFO - Best model saved at epoch 98 with validation R2: -0.4231
2026-02-22 19:53:35,698 - root - INFO - Epoch [98/10000], Train Loss: 0.0838, R2: 0.8841, RMSE: 0.2895 | Valid Loss: 0.4097, R2: -0.4231, RMSE: 0.6400
2026-02-22 19:53:35,912 - root - INFO - Best model saved at epoch 99 with validation R2: -0.4181
2026-02-22 19:53:35,913 - root - INFO - Epoch [99/10000], Train Loss: 0.0833, R2: 0.8848, RMSE: 0.2887 | Valid Loss: 0.4082, R2: -0.4181, RMSE: 0.6389
2026-02-22 19:53:36,131 - root - INFO - Best model saved at epoch 100 with validation R2: -0.4124
2026-02-22 19:53:36,131 - root - INFO - Epoch [100/10000], Train Loss: 0.0837, R2: 0.8843, RMSE: 0.2893 | Valid Loss: 0.4066, R2: -0.4124, RMSE: 0.6376
2026-02-22 19:53:36,363 - root - INFO - Best model saved at epoch 101 with validation R2: -0.4094
2026-02-22 19:53:36,363 - root - INFO - Epoch [101/10000], Train Loss: 0.0827, R2: 0.8857, RMSE: 0.2875 | Valid Loss: 0.4057, R2: -0.4094, RMSE: 0.6369
2026-02-22 19:53:36,587 - root - INFO - Best model saved at epoch 102 with validation R2: -0.4046
2026-02-22 19:53:36,588 - root - INFO - Epoch [102/10000], Train Loss: 0.0840, R2: 0.8839, RMSE: 0.2898 | Valid Loss: 0.4043, R2: -0.4046, RMSE: 0.6359
2026-02-22 19:53:36,821 - root - INFO - Best model saved at epoch 103 with validation R2: -0.4017
2026-02-22 19:53:36,821 - root - INFO - Epoch [103/10000], Train Loss: 0.0832, R2: 0.8849, RMSE: 0.2885 | Valid Loss: 0.4035, R2: -0.4017, RMSE: 0.6352
2026-02-22 19:53:37,063 - root - INFO - Best model saved at epoch 104 with validation R2: -0.3977
2026-02-22 19:53:37,063 - root - INFO - Epoch [104/10000], Train Loss: 0.0836, R2: 0.8843, RMSE: 0.2892 | Valid Loss: 0.4023, R2: -0.3977, RMSE: 0.6343
2026-02-22 19:53:37,295 - root - INFO - Best model saved at epoch 105 with validation R2: -0.3941
2026-02-22 19:53:37,296 - root - INFO - Epoch [105/10000], Train Loss: 0.0819, R2: 0.8867, RMSE: 0.2862 | Valid Loss: 0.4013, R2: -0.3941, RMSE: 0.6335
2026-02-22 19:53:37,530 - root - INFO - Best model saved at epoch 106 with validation R2: -0.3912
2026-02-22 19:53:37,530 - root - INFO - Epoch [106/10000], Train Loss: 0.0831, R2: 0.8851, RMSE: 0.2883 | Valid Loss: 0.4005, R2: -0.3912, RMSE: 0.6328
2026-02-22 19:53:37,746 - root - INFO - Best model saved at epoch 107 with validation R2: -0.3858
2026-02-22 19:53:37,747 - root - INFO - Epoch [107/10000], Train Loss: 0.0826, R2: 0.8857, RMSE: 0.2875 | Valid Loss: 0.3989, R2: -0.3858, RMSE: 0.6316
2026-02-22 19:53:37,960 - root - INFO - Best model saved at epoch 108 with validation R2: -0.3826
2026-02-22 19:53:37,961 - root - INFO - Epoch [108/10000], Train Loss: 0.0825, R2: 0.8858, RMSE: 0.2873 | Valid Loss: 0.3980, R2: -0.3826, RMSE: 0.6309
2026-02-22 19:53:38,182 - root - INFO - Best model saved at epoch 109 with validation R2: -0.3811
2026-02-22 19:53:38,183 - root - INFO - Epoch [109/10000], Train Loss: 0.0818, R2: 0.8868, RMSE: 0.2861 | Valid Loss: 0.3976, R2: -0.3811, RMSE: 0.6305
2026-02-22 19:53:38,412 - root - INFO - Best model saved at epoch 110 with validation R2: -0.3777
2026-02-22 19:53:38,413 - root - INFO - Epoch [110/10000], Train Loss: 0.0829, R2: 0.8854, RMSE: 0.2879 | Valid Loss: 0.3966, R2: -0.3777, RMSE: 0.6298
2026-02-22 19:53:38,636 - root - INFO - Best model saved at epoch 111 with validation R2: -0.3728
2026-02-22 19:53:38,637 - root - INFO - Epoch [111/10000], Train Loss: 0.0828, R2: 0.8855, RMSE: 0.2877 | Valid Loss: 0.3952, R2: -0.3728, RMSE: 0.6286
2026-02-22 19:53:38,878 - root - INFO - Best model saved at epoch 112 with validation R2: -0.3694
2026-02-22 19:53:38,878 - root - INFO - Epoch [112/10000], Train Loss: 0.0821, R2: 0.8865, RMSE: 0.2865 | Valid Loss: 0.3942, R2: -0.3694, RMSE: 0.6279
2026-02-22 19:53:39,091 - root - INFO - Best model saved at epoch 113 with validation R2: -0.3661
2026-02-22 19:53:39,093 - root - INFO - Epoch [113/10000], Train Loss: 0.0821, R2: 0.8865, RMSE: 0.2865 | Valid Loss: 0.3932, R2: -0.3661, RMSE: 0.6271
2026-02-22 19:53:39,308 - root - INFO - Best model saved at epoch 114 with validation R2: -0.3623
2026-02-22 19:53:39,308 - root - INFO - Epoch [114/10000], Train Loss: 0.0812, R2: 0.8877, RMSE: 0.2850 | Valid Loss: 0.3922, R2: -0.3623, RMSE: 0.6262
2026-02-22 19:53:39,518 - root - INFO - Best model saved at epoch 115 with validation R2: -0.3582
2026-02-22 19:53:39,518 - root - INFO - Epoch [115/10000], Train Loss: 0.0820, R2: 0.8866, RMSE: 0.2863 | Valid Loss: 0.3910, R2: -0.3582, RMSE: 0.6253
2026-02-22 19:53:39,742 - root - INFO - Best model saved at epoch 116 with validation R2: -0.3533
2026-02-22 19:53:39,743 - root - INFO - Epoch [116/10000], Train Loss: 0.0821, R2: 0.8865, RMSE: 0.2865 | Valid Loss: 0.3896, R2: -0.3533, RMSE: 0.6241
2026-02-22 19:53:39,957 - root - INFO - Best model saved at epoch 117 with validation R2: -0.3500
2026-02-22 19:53:39,957 - root - INFO - Epoch [117/10000], Train Loss: 0.0817, R2: 0.8871, RMSE: 0.2858 | Valid Loss: 0.3886, R2: -0.3500, RMSE: 0.6234
2026-02-22 19:53:40,181 - root - INFO - Best model saved at epoch 118 with validation R2: -0.3467
2026-02-22 19:53:40,181 - root - INFO - Epoch [118/10000], Train Loss: 0.0816, R2: 0.8872, RMSE: 0.2856 | Valid Loss: 0.3877, R2: -0.3467, RMSE: 0.6226
2026-02-22 19:53:40,396 - root - INFO - Best model saved at epoch 119 with validation R2: -0.3449
2026-02-22 19:53:40,397 - root - INFO - Epoch [119/10000], Train Loss: 0.0814, R2: 0.8874, RMSE: 0.2853 | Valid Loss: 0.3871, R2: -0.3449, RMSE: 0.6222
2026-02-22 19:53:40,631 - root - INFO - Best model saved at epoch 120 with validation R2: -0.3402
2026-02-22 19:53:40,631 - root - INFO - Epoch [120/10000], Train Loss: 0.0804, R2: 0.8889, RMSE: 0.2835 | Valid Loss: 0.3858, R2: -0.3402, RMSE: 0.6211
2026-02-22 19:53:40,844 - root - INFO - Best model saved at epoch 121 with validation R2: -0.3377
2026-02-22 19:53:40,844 - root - INFO - Epoch [121/10000], Train Loss: 0.0796, R2: 0.8900, RMSE: 0.2821 | Valid Loss: 0.3851, R2: -0.3377, RMSE: 0.6206
2026-02-22 19:53:41,063 - root - INFO - Best model saved at epoch 122 with validation R2: -0.3341
2026-02-22 19:53:41,063 - root - INFO - Epoch [122/10000], Train Loss: 0.0798, R2: 0.8897, RMSE: 0.2825 | Valid Loss: 0.3840, R2: -0.3341, RMSE: 0.6197
2026-02-22 19:53:41,296 - root - INFO - Best model saved at epoch 123 with validation R2: -0.3312
2026-02-22 19:53:41,297 - root - INFO - Epoch [123/10000], Train Loss: 0.0807, R2: 0.8884, RMSE: 0.2841 | Valid Loss: 0.3832, R2: -0.3312, RMSE: 0.6190
2026-02-22 19:53:41,511 - root - INFO - Best model saved at epoch 124 with validation R2: -0.3284
2026-02-22 19:53:41,512 - root - INFO - Epoch [124/10000], Train Loss: 0.0801, R2: 0.8893, RMSE: 0.2830 | Valid Loss: 0.3824, R2: -0.3284, RMSE: 0.6184
2026-02-22 19:53:41,728 - root - INFO - Best model saved at epoch 125 with validation R2: -0.3253
2026-02-22 19:53:41,730 - root - INFO - Epoch [125/10000], Train Loss: 0.0796, R2: 0.8900, RMSE: 0.2821 | Valid Loss: 0.3815, R2: -0.3253, RMSE: 0.6177
2026-02-22 19:53:41,946 - root - INFO - Best model saved at epoch 126 with validation R2: -0.3205
2026-02-22 19:53:41,946 - root - INFO - Epoch [126/10000], Train Loss: 0.0791, R2: 0.8906, RMSE: 0.2813 | Valid Loss: 0.3801, R2: -0.3205, RMSE: 0.6165
2026-02-22 19:53:42,161 - root - INFO - Best model saved at epoch 127 with validation R2: -0.3185
2026-02-22 19:53:42,161 - root - INFO - Epoch [127/10000], Train Loss: 0.0798, R2: 0.8896, RMSE: 0.2825 | Valid Loss: 0.3795, R2: -0.3185, RMSE: 0.6161
2026-02-22 19:53:42,383 - root - INFO - Best model saved at epoch 128 with validation R2: -0.3147
2026-02-22 19:53:42,384 - root - INFO - Epoch [128/10000], Train Loss: 0.0796, R2: 0.8899, RMSE: 0.2821 | Valid Loss: 0.3785, R2: -0.3147, RMSE: 0.6152
2026-02-22 19:53:42,606 - root - INFO - Best model saved at epoch 129 with validation R2: -0.3115
2026-02-22 19:53:42,607 - root - INFO - Epoch [129/10000], Train Loss: 0.0795, R2: 0.8901, RMSE: 0.2819 | Valid Loss: 0.3775, R2: -0.3115, RMSE: 0.6144
2026-02-22 19:53:42,821 - root - INFO - Best model saved at epoch 130 with validation R2: -0.3080
2026-02-22 19:53:42,828 - root - INFO - Epoch [130/10000], Train Loss: 0.0796, R2: 0.8899, RMSE: 0.2821 | Valid Loss: 0.3765, R2: -0.3080, RMSE: 0.6136
2026-02-22 19:53:43,054 - root - INFO - Best model saved at epoch 131 with validation R2: -0.3053
2026-02-22 19:53:43,055 - root - INFO - Epoch [131/10000], Train Loss: 0.0791, R2: 0.8906, RMSE: 0.2812 | Valid Loss: 0.3757, R2: -0.3053, RMSE: 0.6130
2026-02-22 19:53:43,289 - root - INFO - Best model saved at epoch 132 with validation R2: -0.3028
2026-02-22 19:53:43,290 - root - INFO - Epoch [132/10000], Train Loss: 0.0782, R2: 0.8918, RMSE: 0.2797 | Valid Loss: 0.3750, R2: -0.3028, RMSE: 0.6124
2026-02-22 19:53:43,518 - root - INFO - Best model saved at epoch 133 with validation R2: -0.2978
2026-02-22 19:53:43,518 - root - INFO - Epoch [133/10000], Train Loss: 0.0789, R2: 0.8909, RMSE: 0.2809 | Valid Loss: 0.3736, R2: -0.2978, RMSE: 0.6112
2026-02-22 19:53:43,743 - root - INFO - Best model saved at epoch 134 with validation R2: -0.2961
2026-02-22 19:53:43,743 - root - INFO - Epoch [134/10000], Train Loss: 0.0790, R2: 0.8907, RMSE: 0.2811 | Valid Loss: 0.3731, R2: -0.2961, RMSE: 0.6108
2026-02-22 19:53:43,973 - root - INFO - Best model saved at epoch 135 with validation R2: -0.2916
2026-02-22 19:53:43,973 - root - INFO - Epoch [135/10000], Train Loss: 0.0788, R2: 0.8911, RMSE: 0.2807 | Valid Loss: 0.3718, R2: -0.2916, RMSE: 0.6097
2026-02-22 19:53:44,199 - root - INFO - Best model saved at epoch 136 with validation R2: -0.2887
2026-02-22 19:53:44,200 - root - INFO - Epoch [136/10000], Train Loss: 0.0772, R2: 0.8932, RMSE: 0.2779 | Valid Loss: 0.3710, R2: -0.2887, RMSE: 0.6091
2026-02-22 19:53:44,421 - root - INFO - Best model saved at epoch 137 with validation R2: -0.2862
2026-02-22 19:53:44,421 - root - INFO - Epoch [137/10000], Train Loss: 0.0778, R2: 0.8924, RMSE: 0.2789 | Valid Loss: 0.3702, R2: -0.2862, RMSE: 0.6085
2026-02-22 19:53:44,640 - root - INFO - Best model saved at epoch 138 with validation R2: -0.2832
2026-02-22 19:53:44,640 - root - INFO - Epoch [138/10000], Train Loss: 0.0779, R2: 0.8923, RMSE: 0.2790 | Valid Loss: 0.3694, R2: -0.2832, RMSE: 0.6078
2026-02-22 19:53:44,863 - root - INFO - Best model saved at epoch 139 with validation R2: -0.2778
2026-02-22 19:53:44,863 - root - INFO - Epoch [139/10000], Train Loss: 0.0772, R2: 0.8932, RMSE: 0.2779 | Valid Loss: 0.3678, R2: -0.2778, RMSE: 0.6065
2026-02-22 19:53:45,089 - root - INFO - Best model saved at epoch 140 with validation R2: -0.2763
2026-02-22 19:53:45,089 - root - INFO - Epoch [140/10000], Train Loss: 0.0780, R2: 0.8922, RMSE: 0.2792 | Valid Loss: 0.3674, R2: -0.2763, RMSE: 0.6061
2026-02-22 19:53:45,313 - root - INFO - Best model saved at epoch 141 with validation R2: -0.2715
2026-02-22 19:53:45,313 - root - INFO - Epoch [141/10000], Train Loss: 0.0769, R2: 0.8936, RMSE: 0.2773 | Valid Loss: 0.3660, R2: -0.2715, RMSE: 0.6050
2026-02-22 19:53:45,533 - root - INFO - Best model saved at epoch 142 with validation R2: -0.2686
2026-02-22 19:53:45,533 - root - INFO - Epoch [142/10000], Train Loss: 0.0762, R2: 0.8947, RMSE: 0.2760 | Valid Loss: 0.3652, R2: -0.2686, RMSE: 0.6043
2026-02-22 19:53:45,749 - root - INFO - Best model saved at epoch 143 with validation R2: -0.2654
2026-02-22 19:53:45,750 - root - INFO - Epoch [143/10000], Train Loss: 0.0774, R2: 0.8929, RMSE: 0.2782 | Valid Loss: 0.3642, R2: -0.2654, RMSE: 0.6035
2026-02-22 19:53:45,966 - root - INFO - Best model saved at epoch 144 with validation R2: -0.2634
2026-02-22 19:53:45,966 - root - INFO - Epoch [144/10000], Train Loss: 0.0761, R2: 0.8948, RMSE: 0.2758 | Valid Loss: 0.3637, R2: -0.2634, RMSE: 0.6031
2026-02-22 19:53:46,188 - root - INFO - Best model saved at epoch 145 with validation R2: -0.2591
2026-02-22 19:53:46,189 - root - INFO - Epoch [145/10000], Train Loss: 0.0768, R2: 0.8938, RMSE: 0.2772 | Valid Loss: 0.3624, R2: -0.2591, RMSE: 0.6020
2026-02-22 19:53:46,405 - root - INFO - Best model saved at epoch 146 with validation R2: -0.2570
2026-02-22 19:53:46,406 - root - INFO - Epoch [146/10000], Train Loss: 0.0767, R2: 0.8940, RMSE: 0.2769 | Valid Loss: 0.3618, R2: -0.2570, RMSE: 0.6015
2026-02-22 19:53:46,687 - root - INFO - Best model saved at epoch 147 with validation R2: -0.2545
2026-02-22 19:53:46,688 - root - INFO - Epoch [147/10000], Train Loss: 0.0761, R2: 0.8948, RMSE: 0.2758 | Valid Loss: 0.3611, R2: -0.2545, RMSE: 0.6009
2026-02-22 19:53:46,921 - root - INFO - Best model saved at epoch 148 with validation R2: -0.2497
2026-02-22 19:53:46,921 - root - INFO - Epoch [148/10000], Train Loss: 0.0760, R2: 0.8950, RMSE: 0.2756 | Valid Loss: 0.3597, R2: -0.2497, RMSE: 0.5998
2026-02-22 19:53:47,148 - root - INFO - Best model saved at epoch 149 with validation R2: -0.2456
2026-02-22 19:53:47,149 - root - INFO - Epoch [149/10000], Train Loss: 0.0754, R2: 0.8958, RMSE: 0.2746 | Valid Loss: 0.3586, R2: -0.2456, RMSE: 0.5988
2026-02-22 19:53:47,364 - root - INFO - Best model saved at epoch 150 with validation R2: -0.2441
2026-02-22 19:53:47,364 - root - INFO - Epoch [150/10000], Train Loss: 0.0758, R2: 0.8952, RMSE: 0.2753 | Valid Loss: 0.3581, R2: -0.2441, RMSE: 0.5984
2026-02-22 19:53:47,580 - root - INFO - Best model saved at epoch 151 with validation R2: -0.2415
2026-02-22 19:53:47,580 - root - INFO - Epoch [151/10000], Train Loss: 0.0760, R2: 0.8949, RMSE: 0.2757 | Valid Loss: 0.3574, R2: -0.2415, RMSE: 0.5978
2026-02-22 19:53:47,810 - root - INFO - Best model saved at epoch 152 with validation R2: -0.2368
2026-02-22 19:53:47,811 - root - INFO - Epoch [152/10000], Train Loss: 0.0761, R2: 0.8947, RMSE: 0.2759 | Valid Loss: 0.3560, R2: -0.2368, RMSE: 0.5967
2026-02-22 19:53:48,021 - root - INFO - Best model saved at epoch 153 with validation R2: -0.2338
2026-02-22 19:53:48,028 - root - INFO - Epoch [153/10000], Train Loss: 0.0750, R2: 0.8962, RMSE: 0.2739 | Valid Loss: 0.3552, R2: -0.2338, RMSE: 0.5960
2026-02-22 19:53:48,254 - root - INFO - Best model saved at epoch 154 with validation R2: -0.2310
2026-02-22 19:53:48,254 - root - INFO - Epoch [154/10000], Train Loss: 0.0751, R2: 0.8961, RMSE: 0.2741 | Valid Loss: 0.3543, R2: -0.2310, RMSE: 0.5953
2026-02-22 19:53:48,468 - root - INFO - Best model saved at epoch 155 with validation R2: -0.2284
2026-02-22 19:53:48,468 - root - INFO - Epoch [155/10000], Train Loss: 0.0748, R2: 0.8965, RMSE: 0.2735 | Valid Loss: 0.3536, R2: -0.2284, RMSE: 0.5946
2026-02-22 19:53:48,696 - root - INFO - Best model saved at epoch 156 with validation R2: -0.2237
2026-02-22 19:53:48,696 - root - INFO - Epoch [156/10000], Train Loss: 0.0747, R2: 0.8967, RMSE: 0.2734 | Valid Loss: 0.3523, R2: -0.2237, RMSE: 0.5935
2026-02-22 19:53:48,924 - root - INFO - Best model saved at epoch 157 with validation R2: -0.2214
2026-02-22 19:53:48,925 - root - INFO - Epoch [157/10000], Train Loss: 0.0746, R2: 0.8968, RMSE: 0.2732 | Valid Loss: 0.3516, R2: -0.2214, RMSE: 0.5930
2026-02-22 19:53:49,161 - root - INFO - Best model saved at epoch 158 with validation R2: -0.2188
2026-02-22 19:53:49,162 - root - INFO - Epoch [158/10000], Train Loss: 0.0746, R2: 0.8968, RMSE: 0.2732 | Valid Loss: 0.3509, R2: -0.2188, RMSE: 0.5923
2026-02-22 19:53:49,393 - root - INFO - Best model saved at epoch 159 with validation R2: -0.2170
2026-02-22 19:53:49,394 - root - INFO - Epoch [159/10000], Train Loss: 0.0731, R2: 0.8989, RMSE: 0.2704 | Valid Loss: 0.3503, R2: -0.2170, RMSE: 0.5919
2026-02-22 19:53:49,632 - root - INFO - Best model saved at epoch 160 with validation R2: -0.2147
2026-02-22 19:53:49,633 - root - INFO - Epoch [160/10000], Train Loss: 0.0728, R2: 0.8994, RMSE: 0.2698 | Valid Loss: 0.3497, R2: -0.2147, RMSE: 0.5913
2026-02-22 19:53:49,878 - root - INFO - Best model saved at epoch 161 with validation R2: -0.2097
2026-02-22 19:53:49,880 - root - INFO - Epoch [161/10000], Train Loss: 0.0731, R2: 0.8989, RMSE: 0.2703 | Valid Loss: 0.3482, R2: -0.2097, RMSE: 0.5901
2026-02-22 19:53:50,104 - root - INFO - Best model saved at epoch 162 with validation R2: -0.2070
2026-02-22 19:53:50,105 - root - INFO - Epoch [162/10000], Train Loss: 0.0747, R2: 0.8967, RMSE: 0.2734 | Valid Loss: 0.3475, R2: -0.2070, RMSE: 0.5895
2026-02-22 19:53:50,334 - root - INFO - Best model saved at epoch 163 with validation R2: -0.2016
2026-02-22 19:53:50,334 - root - INFO - Epoch [163/10000], Train Loss: 0.0732, R2: 0.8988, RMSE: 0.2706 | Valid Loss: 0.3459, R2: -0.2016, RMSE: 0.5881
2026-02-22 19:53:50,557 - root - INFO - Best model saved at epoch 164 with validation R2: -0.2008
2026-02-22 19:53:50,557 - root - INFO - Epoch [164/10000], Train Loss: 0.0740, R2: 0.8976, RMSE: 0.2721 | Valid Loss: 0.3457, R2: -0.2008, RMSE: 0.5879
2026-02-22 19:53:50,766 - root - INFO - Best model saved at epoch 165 with validation R2: -0.1962
2026-02-22 19:53:50,766 - root - INFO - Epoch [165/10000], Train Loss: 0.0726, R2: 0.8997, RMSE: 0.2694 | Valid Loss: 0.3443, R2: -0.1962, RMSE: 0.5868
2026-02-22 19:53:50,989 - root - INFO - Best model saved at epoch 166 with validation R2: -0.1912
2026-02-22 19:53:50,990 - root - INFO - Epoch [166/10000], Train Loss: 0.0735, R2: 0.8983, RMSE: 0.2712 | Valid Loss: 0.3429, R2: -0.1912, RMSE: 0.5856
2026-02-22 19:53:51,214 - root - INFO - Best model saved at epoch 167 with validation R2: -0.1895
2026-02-22 19:53:51,214 - root - INFO - Epoch [167/10000], Train Loss: 0.0718, R2: 0.9007, RMSE: 0.2679 | Valid Loss: 0.3424, R2: -0.1895, RMSE: 0.5852
2026-02-22 19:53:51,422 - root - INFO - Best model saved at epoch 168 with validation R2: -0.1836
2026-02-22 19:53:51,422 - root - INFO - Epoch [168/10000], Train Loss: 0.0724, R2: 0.8999, RMSE: 0.2691 | Valid Loss: 0.3407, R2: -0.1836, RMSE: 0.5837
2026-02-22 19:53:51,663 - root - INFO - Best model saved at epoch 169 with validation R2: -0.1834
2026-02-22 19:53:51,663 - root - INFO - Epoch [169/10000], Train Loss: 0.0724, R2: 0.8998, RMSE: 0.2691 | Valid Loss: 0.3406, R2: -0.1834, RMSE: 0.5837
2026-02-22 19:53:51,880 - root - INFO - Best model saved at epoch 170 with validation R2: -0.1815
2026-02-22 19:53:51,881 - root - INFO - Epoch [170/10000], Train Loss: 0.0724, R2: 0.8999, RMSE: 0.2690 | Valid Loss: 0.3401, R2: -0.1815, RMSE: 0.5832
2026-02-22 19:53:52,098 - root - INFO - Best model saved at epoch 171 with validation R2: -0.1771
2026-02-22 19:53:52,099 - root - INFO - Epoch [171/10000], Train Loss: 0.0711, R2: 0.9017, RMSE: 0.2666 | Valid Loss: 0.3388, R2: -0.1771, RMSE: 0.5821
2026-02-22 19:53:52,318 - root - INFO - Best model saved at epoch 172 with validation R2: -0.1750
2026-02-22 19:53:52,318 - root - INFO - Epoch [172/10000], Train Loss: 0.0729, R2: 0.8991, RMSE: 0.2701 | Valid Loss: 0.3382, R2: -0.1750, RMSE: 0.5816
2026-02-22 19:53:52,541 - root - INFO - Best model saved at epoch 173 with validation R2: -0.1748
2026-02-22 19:53:52,541 - root - INFO - Epoch [173/10000], Train Loss: 0.0713, R2: 0.9014, RMSE: 0.2670 | Valid Loss: 0.3382, R2: -0.1748, RMSE: 0.5815
2026-02-22 19:53:52,765 - root - INFO - Best model saved at epoch 174 with validation R2: -0.1719
2026-02-22 19:53:52,765 - root - INFO - Epoch [174/10000], Train Loss: 0.0717, R2: 0.9009, RMSE: 0.2677 | Valid Loss: 0.3374, R2: -0.1719, RMSE: 0.5808
2026-02-22 19:53:52,997 - root - INFO - Best model saved at epoch 175 with validation R2: -0.1648
2026-02-22 19:53:52,998 - root - INFO - Epoch [175/10000], Train Loss: 0.0710, R2: 0.9018, RMSE: 0.2665 | Valid Loss: 0.3353, R2: -0.1648, RMSE: 0.5790
2026-02-22 19:53:53,212 - root - INFO - Epoch [176/10000], Train Loss: 0.0716, R2: 0.9009, RMSE: 0.2677 | Valid Loss: 0.3358, R2: -0.1666, RMSE: 0.5795
2026-02-22 19:53:53,436 - root - INFO - Best model saved at epoch 177 with validation R2: -0.1624
2026-02-22 19:53:53,437 - root - INFO - Epoch [177/10000], Train Loss: 0.0694, R2: 0.9040, RMSE: 0.2635 | Valid Loss: 0.3346, R2: -0.1624, RMSE: 0.5784
2026-02-22 19:53:53,663 - root - INFO - Best model saved at epoch 178 with validation R2: -0.1562
2026-02-22 19:53:53,663 - root - INFO - Epoch [178/10000], Train Loss: 0.0706, R2: 0.9023, RMSE: 0.2657 | Valid Loss: 0.3328, R2: -0.1562, RMSE: 0.5769
2026-02-22 19:53:53,893 - root - INFO - Best model saved at epoch 179 with validation R2: -0.1553
2026-02-22 19:53:53,893 - root - INFO - Epoch [179/10000], Train Loss: 0.0712, R2: 0.9015, RMSE: 0.2669 | Valid Loss: 0.3326, R2: -0.1553, RMSE: 0.5767
2026-02-22 19:53:54,113 - root - INFO - Best model saved at epoch 180 with validation R2: -0.1534
2026-02-22 19:53:54,113 - root - INFO - Epoch [180/10000], Train Loss: 0.0700, R2: 0.9032, RMSE: 0.2646 | Valid Loss: 0.3320, R2: -0.1534, RMSE: 0.5762
2026-02-22 19:53:54,334 - root - INFO - Best model saved at epoch 181 with validation R2: -0.1506
2026-02-22 19:53:54,334 - root - INFO - Epoch [181/10000], Train Loss: 0.0701, R2: 0.9030, RMSE: 0.2648 | Valid Loss: 0.3312, R2: -0.1506, RMSE: 0.5755
2026-02-22 19:53:54,557 - root - INFO - Best model saved at epoch 182 with validation R2: -0.1457
2026-02-22 19:53:54,557 - root - INFO - Epoch [182/10000], Train Loss: 0.0706, R2: 0.9023, RMSE: 0.2658 | Valid Loss: 0.3298, R2: -0.1457, RMSE: 0.5743
2026-02-22 19:53:54,778 - root - INFO - Best model saved at epoch 183 with validation R2: -0.1418
2026-02-22 19:53:54,779 - root - INFO - Epoch [183/10000], Train Loss: 0.0701, R2: 0.9030, RMSE: 0.2649 | Valid Loss: 0.3287, R2: -0.1418, RMSE: 0.5733
2026-02-22 19:53:55,011 - root - INFO - Best model saved at epoch 184 with validation R2: -0.1393
2026-02-22 19:53:55,011 - root - INFO - Epoch [184/10000], Train Loss: 0.0698, R2: 0.9035, RMSE: 0.2642 | Valid Loss: 0.3280, R2: -0.1393, RMSE: 0.5727
2026-02-22 19:53:55,235 - root - INFO - Epoch [185/10000], Train Loss: 0.0680, R2: 0.9059, RMSE: 0.2608 | Valid Loss: 0.3283, R2: -0.1405, RMSE: 0.5730
2026-02-22 19:53:55,461 - root - INFO - Best model saved at epoch 186 with validation R2: -0.1387
2026-02-22 19:53:55,461 - root - INFO - Epoch [186/10000], Train Loss: 0.0694, R2: 0.9040, RMSE: 0.2634 | Valid Loss: 0.3278, R2: -0.1387, RMSE: 0.5725
2026-02-22 19:53:55,688 - root - INFO - Best model saved at epoch 187 with validation R2: -0.1340
2026-02-22 19:53:55,688 - root - INFO - Epoch [187/10000], Train Loss: 0.0696, R2: 0.9038, RMSE: 0.2638 | Valid Loss: 0.3264, R2: -0.1340, RMSE: 0.5713
2026-02-22 19:53:55,901 - root - INFO - Best model saved at epoch 188 with validation R2: -0.1290
2026-02-22 19:53:55,902 - root - INFO - Epoch [188/10000], Train Loss: 0.0686, R2: 0.9051, RMSE: 0.2620 | Valid Loss: 0.3250, R2: -0.1290, RMSE: 0.5701
2026-02-22 19:53:56,113 - root - INFO - Best model saved at epoch 189 with validation R2: -0.1272
2026-02-22 19:53:56,113 - root - INFO - Epoch [189/10000], Train Loss: 0.0684, R2: 0.9054, RMSE: 0.2616 | Valid Loss: 0.3245, R2: -0.1272, RMSE: 0.5696
2026-02-22 19:53:56,338 - root - INFO - Best model saved at epoch 190 with validation R2: -0.1225
2026-02-22 19:53:56,339 - root - INFO - Epoch [190/10000], Train Loss: 0.0680, R2: 0.9060, RMSE: 0.2607 | Valid Loss: 0.3231, R2: -0.1225, RMSE: 0.5684
2026-02-22 19:53:56,558 - root - INFO - Best model saved at epoch 191 with validation R2: -0.1202
2026-02-22 19:53:56,558 - root - INFO - Epoch [191/10000], Train Loss: 0.0678, R2: 0.9063, RMSE: 0.2604 | Valid Loss: 0.3225, R2: -0.1202, RMSE: 0.5679
2026-02-22 19:53:56,780 - root - INFO - Best model saved at epoch 192 with validation R2: -0.1190
2026-02-22 19:53:56,781 - root - INFO - Epoch [192/10000], Train Loss: 0.0689, R2: 0.9047, RMSE: 0.2626 | Valid Loss: 0.3221, R2: -0.1190, RMSE: 0.5676
2026-02-22 19:53:56,997 - root - INFO - Best model saved at epoch 193 with validation R2: -0.1151
2026-02-22 19:53:56,998 - root - INFO - Epoch [193/10000], Train Loss: 0.0691, R2: 0.9045, RMSE: 0.2628 | Valid Loss: 0.3210, R2: -0.1151, RMSE: 0.5666
2026-02-22 19:53:57,244 - root - INFO - Best model saved at epoch 194 with validation R2: -0.1146
2026-02-22 19:53:57,244 - root - INFO - Epoch [194/10000], Train Loss: 0.0674, R2: 0.9068, RMSE: 0.2595 | Valid Loss: 0.3209, R2: -0.1146, RMSE: 0.5664
2026-02-22 19:53:57,506 - root - INFO - Best model saved at epoch 195 with validation R2: -0.1137
2026-02-22 19:53:57,507 - root - INFO - Epoch [195/10000], Train Loss: 0.0682, R2: 0.9056, RMSE: 0.2612 | Valid Loss: 0.3206, R2: -0.1137, RMSE: 0.5662
2026-02-22 19:53:57,744 - root - INFO - Best model saved at epoch 196 with validation R2: -0.1090
2026-02-22 19:53:57,745 - root - INFO - Epoch [196/10000], Train Loss: 0.0670, R2: 0.9074, RMSE: 0.2588 | Valid Loss: 0.3192, R2: -0.1090, RMSE: 0.5650
2026-02-22 19:53:57,972 - root - INFO - Best model saved at epoch 197 with validation R2: -0.1044
2026-02-22 19:53:57,972 - root - INFO - Epoch [197/10000], Train Loss: 0.0674, R2: 0.9068, RMSE: 0.2596 | Valid Loss: 0.3179, R2: -0.1044, RMSE: 0.5638
2026-02-22 19:53:58,204 - root - INFO - Best model saved at epoch 198 with validation R2: -0.1032
2026-02-22 19:53:58,204 - root - INFO - Epoch [198/10000], Train Loss: 0.0666, R2: 0.9079, RMSE: 0.2581 | Valid Loss: 0.3176, R2: -0.1032, RMSE: 0.5635
2026-02-22 19:53:58,429 - root - INFO - Best model saved at epoch 199 with validation R2: -0.1021
2026-02-22 19:53:58,429 - root - INFO - Epoch [199/10000], Train Loss: 0.0672, R2: 0.9071, RMSE: 0.2592 | Valid Loss: 0.3172, R2: -0.1021, RMSE: 0.5632
2026-02-22 19:53:58,660 - root - INFO - Best model saved at epoch 200 with validation R2: -0.1018
2026-02-22 19:53:58,661 - root - INFO - Epoch [200/10000], Train Loss: 0.0661, R2: 0.9085, RMSE: 0.2572 | Valid Loss: 0.3172, R2: -0.1018, RMSE: 0.5632
2026-02-22 19:53:58,894 - root - INFO - Best model saved at epoch 201 with validation R2: -0.0951
2026-02-22 19:53:58,895 - root - INFO - Epoch [201/10000], Train Loss: 0.0671, R2: 0.9072, RMSE: 0.2591 | Valid Loss: 0.3152, R2: -0.0951, RMSE: 0.5614
2026-02-22 19:53:59,113 - root - INFO - Best model saved at epoch 202 with validation R2: -0.0915
2026-02-22 19:53:59,113 - root - INFO - Epoch [202/10000], Train Loss: 0.0664, R2: 0.9081, RMSE: 0.2578 | Valid Loss: 0.3142, R2: -0.0915, RMSE: 0.5605
2026-02-22 19:53:59,330 - root - INFO - Epoch [203/10000], Train Loss: 0.0674, R2: 0.9068, RMSE: 0.2596 | Valid Loss: 0.3144, R2: -0.0921, RMSE: 0.5607
2026-02-22 19:53:59,554 - root - INFO - Best model saved at epoch 204 with validation R2: -0.0873
2026-02-22 19:53:59,555 - root - INFO - Epoch [204/10000], Train Loss: 0.0649, R2: 0.9103, RMSE: 0.2547 | Valid Loss: 0.3130, R2: -0.0873, RMSE: 0.5595
2026-02-22 19:53:59,778 - root - INFO - Best model saved at epoch 205 with validation R2: -0.0836
2026-02-22 19:53:59,778 - root - INFO - Epoch [205/10000], Train Loss: 0.0650, R2: 0.9102, RMSE: 0.2549 | Valid Loss: 0.3119, R2: -0.0836, RMSE: 0.5585
2026-02-22 19:53:59,992 - root - INFO - Best model saved at epoch 206 with validation R2: -0.0822
2026-02-22 19:53:59,992 - root - INFO - Epoch [206/10000], Train Loss: 0.0663, R2: 0.9083, RMSE: 0.2575 | Valid Loss: 0.3115, R2: -0.0822, RMSE: 0.5581
2026-02-22 19:54:00,213 - root - INFO - Best model saved at epoch 207 with validation R2: -0.0797
2026-02-22 19:54:00,222 - root - INFO - Epoch [207/10000], Train Loss: 0.0652, R2: 0.9098, RMSE: 0.2554 | Valid Loss: 0.3108, R2: -0.0797, RMSE: 0.5575
2026-02-22 19:54:00,448 - root - INFO - Best model saved at epoch 208 with validation R2: -0.0795
2026-02-22 19:54:00,448 - root - INFO - Epoch [208/10000], Train Loss: 0.0651, R2: 0.9100, RMSE: 0.2551 | Valid Loss: 0.3108, R2: -0.0795, RMSE: 0.5575
2026-02-22 19:54:00,661 - root - INFO - Best model saved at epoch 209 with validation R2: -0.0735
2026-02-22 19:54:00,662 - root - INFO - Epoch [209/10000], Train Loss: 0.0668, R2: 0.9076, RMSE: 0.2585 | Valid Loss: 0.3090, R2: -0.0735, RMSE: 0.5559
2026-02-22 19:54:00,883 - root - INFO - Best model saved at epoch 210 with validation R2: -0.0670
2026-02-22 19:54:00,884 - root - INFO - Epoch [210/10000], Train Loss: 0.0646, R2: 0.9107, RMSE: 0.2542 | Valid Loss: 0.3071, R2: -0.0670, RMSE: 0.5542
2026-02-22 19:54:01,094 - root - INFO - Epoch [211/10000], Train Loss: 0.0660, R2: 0.9087, RMSE: 0.2570 | Valid Loss: 0.3088, R2: -0.0726, RMSE: 0.5557
2026-02-22 19:54:01,308 - root - INFO - Best model saved at epoch 212 with validation R2: -0.0653
2026-02-22 19:54:01,308 - root - INFO - Epoch [212/10000], Train Loss: 0.0650, R2: 0.9101, RMSE: 0.2550 | Valid Loss: 0.3067, R2: -0.0653, RMSE: 0.5538
2026-02-22 19:54:01,530 - root - INFO - Best model saved at epoch 213 with validation R2: -0.0641
2026-02-22 19:54:01,530 - root - INFO - Epoch [213/10000], Train Loss: 0.0646, R2: 0.9107, RMSE: 0.2541 | Valid Loss: 0.3063, R2: -0.0641, RMSE: 0.5535
2026-02-22 19:54:01,747 - root - INFO - Epoch [214/10000], Train Loss: 0.0623, R2: 0.9139, RMSE: 0.2496 | Valid Loss: 0.3067, R2: -0.0654, RMSE: 0.5538
2026-02-22 19:54:01,963 - root - INFO - Best model saved at epoch 215 with validation R2: -0.0589
2026-02-22 19:54:01,963 - root - INFO - Epoch [215/10000], Train Loss: 0.0653, R2: 0.9097, RMSE: 0.2555 | Valid Loss: 0.3048, R2: -0.0589, RMSE: 0.5521
2026-02-22 19:54:02,179 - root - INFO - Best model saved at epoch 216 with validation R2: -0.0559
2026-02-22 19:54:02,180 - root - INFO - Epoch [216/10000], Train Loss: 0.0653, R2: 0.9097, RMSE: 0.2555 | Valid Loss: 0.3040, R2: -0.0559, RMSE: 0.5513
2026-02-22 19:54:02,396 - root - INFO - Best model saved at epoch 217 with validation R2: -0.0548
2026-02-22 19:54:02,396 - root - INFO - Epoch [217/10000], Train Loss: 0.0645, R2: 0.9108, RMSE: 0.2540 | Valid Loss: 0.3036, R2: -0.0548, RMSE: 0.5510
2026-02-22 19:54:02,622 - root - INFO - Epoch [218/10000], Train Loss: 0.0646, R2: 0.9106, RMSE: 0.2542 | Valid Loss: 0.3037, R2: -0.0550, RMSE: 0.5511
2026-02-22 19:54:02,841 - root - INFO - Best model saved at epoch 219 with validation R2: -0.0494
2026-02-22 19:54:02,842 - root - INFO - Epoch [219/10000], Train Loss: 0.0641, R2: 0.9113, RMSE: 0.2532 | Valid Loss: 0.3021, R2: -0.0494, RMSE: 0.5496
2026-02-22 19:54:03,066 - root - INFO - Epoch [220/10000], Train Loss: 0.0630, R2: 0.9129, RMSE: 0.2510 | Valid Loss: 0.3021, R2: -0.0494, RMSE: 0.5496
2026-02-22 19:54:03,283 - root - INFO - Best model saved at epoch 221 with validation R2: -0.0463
2026-02-22 19:54:03,284 - root - INFO - Epoch [221/10000], Train Loss: 0.0625, R2: 0.9136, RMSE: 0.2500 | Valid Loss: 0.3012, R2: -0.0463, RMSE: 0.5488
2026-02-22 19:54:03,502 - root - INFO - Best model saved at epoch 222 with validation R2: -0.0436
2026-02-22 19:54:03,502 - root - INFO - Epoch [222/10000], Train Loss: 0.0644, R2: 0.9109, RMSE: 0.2538 | Valid Loss: 0.3004, R2: -0.0436, RMSE: 0.5481
2026-02-22 19:54:03,717 - root - INFO - Epoch [223/10000], Train Loss: 0.0622, R2: 0.9140, RMSE: 0.2493 | Valid Loss: 0.3008, R2: -0.0449, RMSE: 0.5484
2026-02-22 19:54:03,966 - root - INFO - Best model saved at epoch 224 with validation R2: -0.0395
2026-02-22 19:54:03,967 - root - INFO - Epoch [224/10000], Train Loss: 0.0637, R2: 0.9118, RMSE: 0.2525 | Valid Loss: 0.2992, R2: -0.0395, RMSE: 0.5470
2026-02-22 19:54:04,206 - root - INFO - Best model saved at epoch 225 with validation R2: -0.0376
2026-02-22 19:54:04,207 - root - INFO - Epoch [225/10000], Train Loss: 0.0644, R2: 0.9109, RMSE: 0.2538 | Valid Loss: 0.2987, R2: -0.0376, RMSE: 0.5465
2026-02-22 19:54:04,442 - root - INFO - Best model saved at epoch 226 with validation R2: -0.0336
2026-02-22 19:54:04,443 - root - INFO - Epoch [226/10000], Train Loss: 0.0622, R2: 0.9139, RMSE: 0.2495 | Valid Loss: 0.2975, R2: -0.0336, RMSE: 0.5455
2026-02-22 19:54:04,670 - root - INFO - Best model saved at epoch 227 with validation R2: -0.0317
2026-02-22 19:54:04,670 - root - INFO - Epoch [227/10000], Train Loss: 0.0611, R2: 0.9156, RMSE: 0.2471 | Valid Loss: 0.2970, R2: -0.0317, RMSE: 0.5450
2026-02-22 19:54:04,890 - root - INFO - Epoch [228/10000], Train Loss: 0.0632, R2: 0.9125, RMSE: 0.2515 | Valid Loss: 0.2971, R2: -0.0320, RMSE: 0.5451
2026-02-22 19:54:05,112 - root - INFO - Best model saved at epoch 229 with validation R2: -0.0298
2026-02-22 19:54:05,112 - root - INFO - Epoch [229/10000], Train Loss: 0.0619, R2: 0.9145, RMSE: 0.2487 | Valid Loss: 0.2965, R2: -0.0298, RMSE: 0.5445
2026-02-22 19:54:05,331 - root - INFO - Best model saved at epoch 230 with validation R2: -0.0290
2026-02-22 19:54:05,331 - root - INFO - Epoch [230/10000], Train Loss: 0.0622, R2: 0.9140, RMSE: 0.2493 | Valid Loss: 0.2962, R2: -0.0290, RMSE: 0.5442
2026-02-22 19:54:05,546 - root - INFO - Best model saved at epoch 231 with validation R2: -0.0230
2026-02-22 19:54:05,546 - root - INFO - Epoch [231/10000], Train Loss: 0.0622, R2: 0.9140, RMSE: 0.2493 | Valid Loss: 0.2945, R2: -0.0230, RMSE: 0.5427
2026-02-22 19:54:05,778 - root - INFO - Best model saved at epoch 232 with validation R2: -0.0167
2026-02-22 19:54:05,778 - root - INFO - Epoch [232/10000], Train Loss: 0.0610, R2: 0.9156, RMSE: 0.2470 | Valid Loss: 0.2927, R2: -0.0167, RMSE: 0.5410
2026-02-22 19:54:06,002 - root - INFO - Best model saved at epoch 233 with validation R2: -0.0143
2026-02-22 19:54:06,003 - root - INFO - Epoch [233/10000], Train Loss: 0.0608, R2: 0.9160, RMSE: 0.2465 | Valid Loss: 0.2920, R2: -0.0143, RMSE: 0.5403
2026-02-22 19:54:06,221 - root - INFO - Best model saved at epoch 234 with validation R2: -0.0130
2026-02-22 19:54:06,221 - root - INFO - Epoch [234/10000], Train Loss: 0.0617, R2: 0.9147, RMSE: 0.2483 | Valid Loss: 0.2916, R2: -0.0130, RMSE: 0.5400
2026-02-22 19:54:06,437 - root - INFO - Epoch [235/10000], Train Loss: 0.0618, R2: 0.9145, RMSE: 0.2487 | Valid Loss: 0.2932, R2: -0.0184, RMSE: 0.5414
2026-02-22 19:54:06,656 - root - INFO - Best model saved at epoch 236 with validation R2: -0.0087
2026-02-22 19:54:06,656 - root - INFO - Epoch [236/10000], Train Loss: 0.0621, R2: 0.9141, RMSE: 0.2492 | Valid Loss: 0.2904, R2: -0.0087, RMSE: 0.5389
2026-02-22 19:54:06,868 - root - INFO - Epoch [237/10000], Train Loss: 0.0603, R2: 0.9166, RMSE: 0.2455 | Valid Loss: 0.2917, R2: -0.0132, RMSE: 0.5401
2026-02-22 19:54:07,099 - root - INFO - Best model saved at epoch 238 with validation R2: -0.0055
2026-02-22 19:54:07,099 - root - INFO - Epoch [238/10000], Train Loss: 0.0615, R2: 0.9149, RMSE: 0.2480 | Valid Loss: 0.2894, R2: -0.0055, RMSE: 0.5380
2026-02-22 19:54:07,312 - root - INFO - Epoch [239/10000], Train Loss: 0.0604, R2: 0.9165, RMSE: 0.2458 | Valid Loss: 0.2896, R2: -0.0060, RMSE: 0.5381
2026-02-22 19:54:07,524 - root - INFO - Best model saved at epoch 240 with validation R2: -0.0030
2026-02-22 19:54:07,524 - root - INFO - Epoch [240/10000], Train Loss: 0.0612, R2: 0.9154, RMSE: 0.2474 | Valid Loss: 0.2887, R2: -0.0030, RMSE: 0.5373
2026-02-22 19:54:07,746 - root - INFO - Epoch [241/10000], Train Loss: 0.0596, R2: 0.9175, RMSE: 0.2442 | Valid Loss: 0.2889, R2: -0.0035, RMSE: 0.5375
2026-02-22 19:54:07,962 - root - INFO - Best model saved at epoch 242 with validation R2: 0.0053
2026-02-22 19:54:07,962 - root - INFO - Epoch [242/10000], Train Loss: 0.0594, R2: 0.9179, RMSE: 0.2437 | Valid Loss: 0.2863, R2: 0.0053, RMSE: 0.5351
2026-02-22 19:54:08,179 - root - INFO - Best model saved at epoch 243 with validation R2: 0.0057
2026-02-22 19:54:08,180 - root - INFO - Epoch [243/10000], Train Loss: 0.0604, R2: 0.9165, RMSE: 0.2457 | Valid Loss: 0.2862, R2: 0.0057, RMSE: 0.5350
2026-02-22 19:54:08,397 - root - INFO - Best model saved at epoch 244 with validation R2: 0.0063
2026-02-22 19:54:08,398 - root - INFO - Epoch [244/10000], Train Loss: 0.0604, R2: 0.9165, RMSE: 0.2457 | Valid Loss: 0.2860, R2: 0.0063, RMSE: 0.5348
2026-02-22 19:54:08,612 - root - INFO - Best model saved at epoch 245 with validation R2: 0.0093
2026-02-22 19:54:08,613 - root - INFO - Epoch [245/10000], Train Loss: 0.0583, R2: 0.9194, RMSE: 0.2414 | Valid Loss: 0.2852, R2: 0.0093, RMSE: 0.5340
2026-02-22 19:54:08,833 - root - INFO - Epoch [246/10000], Train Loss: 0.0589, R2: 0.9185, RMSE: 0.2427 | Valid Loss: 0.2855, R2: 0.0083, RMSE: 0.5343
2026-02-22 19:54:09,064 - root - INFO - Best model saved at epoch 247 with validation R2: 0.0122
2026-02-22 19:54:09,064 - root - INFO - Epoch [247/10000], Train Loss: 0.0579, R2: 0.9199, RMSE: 0.2407 | Valid Loss: 0.2843, R2: 0.0122, RMSE: 0.5332
2026-02-22 19:54:09,280 - root - INFO - Epoch [248/10000], Train Loss: 0.0584, R2: 0.9192, RMSE: 0.2417 | Valid Loss: 0.2845, R2: 0.0118, RMSE: 0.5334
2026-02-22 19:54:09,494 - root - INFO - Best model saved at epoch 249 with validation R2: 0.0138
2026-02-22 19:54:09,495 - root - INFO - Epoch [249/10000], Train Loss: 0.0588, R2: 0.9187, RMSE: 0.2424 | Valid Loss: 0.2839, R2: 0.0138, RMSE: 0.5328
2026-02-22 19:54:09,711 - root - INFO - Epoch [250/10000], Train Loss: 0.0594, R2: 0.9178, RMSE: 0.2438 | Valid Loss: 0.2842, R2: 0.0126, RMSE: 0.5331
2026-02-22 19:54:09,918 - root - INFO - Best model saved at epoch 251 with validation R2: 0.0157
2026-02-22 19:54:09,918 - root - INFO - Epoch [251/10000], Train Loss: 0.0599, R2: 0.9172, RMSE: 0.2447 | Valid Loss: 0.2833, R2: 0.0157, RMSE: 0.5323
2026-02-22 19:54:10,141 - root - INFO - Epoch [252/10000], Train Loss: 0.0577, R2: 0.9202, RMSE: 0.2402 | Valid Loss: 0.2843, R2: 0.0124, RMSE: 0.5332
2026-02-22 19:54:10,363 - root - INFO - Best model saved at epoch 253 with validation R2: 0.0195
2026-02-22 19:54:10,363 - root - INFO - Epoch [253/10000], Train Loss: 0.0594, R2: 0.9179, RMSE: 0.2437 | Valid Loss: 0.2823, R2: 0.0195, RMSE: 0.5313
2026-02-22 19:54:10,591 - root - INFO - Best model saved at epoch 254 with validation R2: 0.0215
2026-02-22 19:54:10,591 - root - INFO - Epoch [254/10000], Train Loss: 0.0578, R2: 0.9200, RMSE: 0.2405 | Valid Loss: 0.2817, R2: 0.0215, RMSE: 0.5307
2026-02-22 19:54:10,813 - root - INFO - Best model saved at epoch 255 with validation R2: 0.0234
2026-02-22 19:54:10,813 - root - INFO - Epoch [255/10000], Train Loss: 0.0581, R2: 0.9197, RMSE: 0.2410 | Valid Loss: 0.2811, R2: 0.0234, RMSE: 0.5302
2026-02-22 19:54:11,040 - root - INFO - Best model saved at epoch 256 with validation R2: 0.0275
2026-02-22 19:54:11,041 - root - INFO - Epoch [256/10000], Train Loss: 0.0587, R2: 0.9188, RMSE: 0.2423 | Valid Loss: 0.2799, R2: 0.0275, RMSE: 0.5291
2026-02-22 19:54:11,278 - root - INFO - Best model saved at epoch 257 with validation R2: 0.0293
2026-02-22 19:54:11,278 - root - INFO - Epoch [257/10000], Train Loss: 0.0588, R2: 0.9187, RMSE: 0.2424 | Valid Loss: 0.2794, R2: 0.0293, RMSE: 0.5286
2026-02-22 19:54:11,532 - root - INFO - Best model saved at epoch 258 with validation R2: 0.0315
2026-02-22 19:54:11,532 - root - INFO - Epoch [258/10000], Train Loss: 0.0586, R2: 0.9189, RMSE: 0.2422 | Valid Loss: 0.2788, R2: 0.0315, RMSE: 0.5280
2026-02-22 19:54:11,754 - root - INFO - Epoch [259/10000], Train Loss: 0.0562, R2: 0.9222, RMSE: 0.2371 | Valid Loss: 0.2793, R2: 0.0296, RMSE: 0.5285
2026-02-22 19:54:11,956 - root - INFO - Best model saved at epoch 260 with validation R2: 0.0341
2026-02-22 19:54:11,957 - root - INFO - Epoch [260/10000], Train Loss: 0.0567, R2: 0.9215, RMSE: 0.2382 | Valid Loss: 0.2780, R2: 0.0341, RMSE: 0.5273
2026-02-22 19:54:12,158 - root - INFO - Epoch [261/10000], Train Loss: 0.0576, R2: 0.9203, RMSE: 0.2400 | Valid Loss: 0.2784, R2: 0.0330, RMSE: 0.5276
2026-02-22 19:54:12,366 - root - INFO - Epoch [262/10000], Train Loss: 0.0575, R2: 0.9205, RMSE: 0.2398 | Valid Loss: 0.2780, R2: 0.0342, RMSE: 0.5273
2026-02-22 19:54:12,589 - root - INFO - Best model saved at epoch 263 with validation R2: 0.0366
2026-02-22 19:54:12,590 - root - INFO - Epoch [263/10000], Train Loss: 0.0568, R2: 0.9214, RMSE: 0.2384 | Valid Loss: 0.2773, R2: 0.0366, RMSE: 0.5266
2026-02-22 19:54:12,812 - root - INFO - Best model saved at epoch 264 with validation R2: 0.0371
2026-02-22 19:54:12,813 - root - INFO - Epoch [264/10000], Train Loss: 0.0573, R2: 0.9208, RMSE: 0.2393 | Valid Loss: 0.2772, R2: 0.0371, RMSE: 0.5265
2026-02-22 19:54:13,032 - root - INFO - Epoch [265/10000], Train Loss: 0.0584, R2: 0.9192, RMSE: 0.2418 | Valid Loss: 0.2774, R2: 0.0364, RMSE: 0.5267
2026-02-22 19:54:13,248 - root - INFO - Best model saved at epoch 266 with validation R2: 0.0417
2026-02-22 19:54:13,249 - root - INFO - Epoch [266/10000], Train Loss: 0.0553, R2: 0.9236, RMSE: 0.2351 | Valid Loss: 0.2759, R2: 0.0417, RMSE: 0.5252
2026-02-22 19:54:13,467 - root - INFO - Best model saved at epoch 267 with validation R2: 0.0434
2026-02-22 19:54:13,468 - root - INFO - Epoch [267/10000], Train Loss: 0.0566, R2: 0.9217, RMSE: 0.2379 | Valid Loss: 0.2754, R2: 0.0434, RMSE: 0.5248
2026-02-22 19:54:13,692 - root - INFO - Best model saved at epoch 268 with validation R2: 0.0440
2026-02-22 19:54:13,692 - root - INFO - Epoch [268/10000], Train Loss: 0.0559, R2: 0.9227, RMSE: 0.2364 | Valid Loss: 0.2752, R2: 0.0440, RMSE: 0.5246
2026-02-22 19:54:13,916 - root - INFO - Best model saved at epoch 269 with validation R2: 0.0457
2026-02-22 19:54:13,916 - root - INFO - Epoch [269/10000], Train Loss: 0.0561, R2: 0.9225, RMSE: 0.2368 | Valid Loss: 0.2747, R2: 0.0457, RMSE: 0.5241
2026-02-22 19:54:14,139 - root - INFO - Epoch [270/10000], Train Loss: 0.0556, R2: 0.9231, RMSE: 0.2358 | Valid Loss: 0.2754, R2: 0.0433, RMSE: 0.5248
2026-02-22 19:54:14,373 - root - INFO - Epoch [271/10000], Train Loss: 0.0561, R2: 0.9224, RMSE: 0.2368 | Valid Loss: 0.2752, R2: 0.0440, RMSE: 0.5246
2026-02-22 19:54:14,600 - root - INFO - Best model saved at epoch 272 with validation R2: 0.0506
2026-02-22 19:54:14,600 - root - INFO - Epoch [272/10000], Train Loss: 0.0559, R2: 0.9227, RMSE: 0.2365 | Valid Loss: 0.2733, R2: 0.0506, RMSE: 0.5228
2026-02-22 19:54:14,814 - root - INFO - Best model saved at epoch 273 with validation R2: 0.0519
2026-02-22 19:54:14,814 - root - INFO - Epoch [273/10000], Train Loss: 0.0565, R2: 0.9219, RMSE: 0.2377 | Valid Loss: 0.2729, R2: 0.0519, RMSE: 0.5224
2026-02-22 19:54:15,029 - root - INFO - Epoch [274/10000], Train Loss: 0.0561, R2: 0.9225, RMSE: 0.2368 | Valid Loss: 0.2734, R2: 0.0503, RMSE: 0.5229
2026-02-22 19:54:15,260 - root - INFO - Best model saved at epoch 275 with validation R2: 0.0535
2026-02-22 19:54:15,261 - root - INFO - Epoch [275/10000], Train Loss: 0.0550, R2: 0.9240, RMSE: 0.2345 | Valid Loss: 0.2725, R2: 0.0535, RMSE: 0.5220
2026-02-22 19:54:15,482 - root - INFO - Epoch [276/10000], Train Loss: 0.0557, R2: 0.9230, RMSE: 0.2360 | Valid Loss: 0.2728, R2: 0.0525, RMSE: 0.5223
2026-02-22 19:54:15,712 - root - INFO - Best model saved at epoch 277 with validation R2: 0.0569
2026-02-22 19:54:15,713 - root - INFO - Epoch [277/10000], Train Loss: 0.0545, R2: 0.9247, RMSE: 0.2334 | Valid Loss: 0.2715, R2: 0.0569, RMSE: 0.5210
2026-02-22 19:54:15,959 - root - INFO - Best model saved at epoch 278 with validation R2: 0.0583
2026-02-22 19:54:15,960 - root - INFO - Epoch [278/10000], Train Loss: 0.0541, R2: 0.9252, RMSE: 0.2326 | Valid Loss: 0.2711, R2: 0.0583, RMSE: 0.5206
2026-02-22 19:54:16,207 - root - INFO - Best model saved at epoch 279 with validation R2: 0.0630
2026-02-22 19:54:16,208 - root - INFO - Epoch [279/10000], Train Loss: 0.0568, R2: 0.9214, RMSE: 0.2383 | Valid Loss: 0.2697, R2: 0.0630, RMSE: 0.5193
2026-02-22 19:54:16,430 - root - INFO - Best model saved at epoch 280 with validation R2: 0.0645
2026-02-22 19:54:16,430 - root - INFO - Epoch [280/10000], Train Loss: 0.0545, R2: 0.9247, RMSE: 0.2334 | Valid Loss: 0.2693, R2: 0.0645, RMSE: 0.5189
2026-02-22 19:54:16,646 - root - INFO - Epoch [281/10000], Train Loss: 0.0566, R2: 0.9217, RMSE: 0.2380 | Valid Loss: 0.2696, R2: 0.0633, RMSE: 0.5193
2026-02-22 19:54:16,860 - root - INFO - Best model saved at epoch 282 with validation R2: 0.0652
2026-02-22 19:54:16,862 - root - INFO - Epoch [282/10000], Train Loss: 0.0552, R2: 0.9236, RMSE: 0.2350 | Valid Loss: 0.2691, R2: 0.0652, RMSE: 0.5187
2026-02-22 19:54:17,080 - root - INFO - Epoch [283/10000], Train Loss: 0.0560, R2: 0.9225, RMSE: 0.2367 | Valid Loss: 0.2691, R2: 0.0650, RMSE: 0.5188
2026-02-22 19:54:17,294 - root - INFO - Epoch [284/10000], Train Loss: 0.0550, R2: 0.9240, RMSE: 0.2345 | Valid Loss: 0.2692, R2: 0.0648, RMSE: 0.5188
2026-02-22 19:54:17,509 - root - INFO - Epoch [285/10000], Train Loss: 0.0562, R2: 0.9223, RMSE: 0.2371 | Valid Loss: 0.2699, R2: 0.0623, RMSE: 0.5195
2026-02-22 19:54:17,731 - root - INFO - Best model saved at epoch 286 with validation R2: 0.0654
2026-02-22 19:54:17,732 - root - INFO - Epoch [286/10000], Train Loss: 0.0544, R2: 0.9247, RMSE: 0.2333 | Valid Loss: 0.2690, R2: 0.0654, RMSE: 0.5187
2026-02-22 19:54:17,959 - root - INFO - Best model saved at epoch 287 with validation R2: 0.0682
2026-02-22 19:54:17,960 - root - INFO - Epoch [287/10000], Train Loss: 0.0533, R2: 0.9262, RMSE: 0.2309 | Valid Loss: 0.2682, R2: 0.0682, RMSE: 0.5179
2026-02-22 19:54:18,184 - root - INFO - Best model saved at epoch 288 with validation R2: 0.0690
2026-02-22 19:54:18,184 - root - INFO - Epoch [288/10000], Train Loss: 0.0543, R2: 0.9249, RMSE: 0.2330 | Valid Loss: 0.2680, R2: 0.0690, RMSE: 0.5177
2026-02-22 19:54:18,398 - root - INFO - Best model saved at epoch 289 with validation R2: 0.0694
2026-02-22 19:54:18,398 - root - INFO - Epoch [289/10000], Train Loss: 0.0547, R2: 0.9243, RMSE: 0.2340 | Valid Loss: 0.2679, R2: 0.0694, RMSE: 0.5176
2026-02-22 19:54:18,618 - root - INFO - Best model saved at epoch 290 with validation R2: 0.0719
2026-02-22 19:54:18,619 - root - INFO - Epoch [290/10000], Train Loss: 0.0555, R2: 0.9232, RMSE: 0.2356 | Valid Loss: 0.2672, R2: 0.0719, RMSE: 0.5169
2026-02-22 19:54:18,833 - root - INFO - Epoch [291/10000], Train Loss: 0.0527, R2: 0.9271, RMSE: 0.2296 | Valid Loss: 0.2682, R2: 0.0684, RMSE: 0.5178
2026-02-22 19:54:19,047 - root - INFO - Epoch [292/10000], Train Loss: 0.0547, R2: 0.9244, RMSE: 0.2338 | Valid Loss: 0.2678, R2: 0.0696, RMSE: 0.5175
2026-02-22 19:54:19,263 - root - INFO - Best model saved at epoch 293 with validation R2: 0.0750
2026-02-22 19:54:19,263 - root - INFO - Epoch [293/10000], Train Loss: 0.0541, R2: 0.9252, RMSE: 0.2325 | Valid Loss: 0.2663, R2: 0.0750, RMSE: 0.5160
2026-02-22 19:54:19,470 - root - INFO - Epoch [294/10000], Train Loss: 0.0528, R2: 0.9270, RMSE: 0.2298 | Valid Loss: 0.2678, R2: 0.0697, RMSE: 0.5175
2026-02-22 19:54:19,690 - root - INFO - Epoch [295/10000], Train Loss: 0.0542, R2: 0.9250, RMSE: 0.2329 | Valid Loss: 0.2665, R2: 0.0743, RMSE: 0.5162
2026-02-22 19:54:19,903 - root - INFO - Best model saved at epoch 296 with validation R2: 0.0807
2026-02-22 19:54:19,903 - root - INFO - Epoch [296/10000], Train Loss: 0.0533, R2: 0.9263, RMSE: 0.2309 | Valid Loss: 0.2646, R2: 0.0807, RMSE: 0.5144
2026-02-22 19:54:20,113 - root - INFO - Epoch [297/10000], Train Loss: 0.0539, R2: 0.9255, RMSE: 0.2321 | Valid Loss: 0.2658, R2: 0.0767, RMSE: 0.5155
2026-02-22 19:54:20,337 - root - INFO - Best model saved at epoch 298 with validation R2: 0.0812
2026-02-22 19:54:20,338 - root - INFO - Epoch [298/10000], Train Loss: 0.0527, R2: 0.9271, RMSE: 0.2295 | Valid Loss: 0.2645, R2: 0.0812, RMSE: 0.5143
2026-02-22 19:54:20,554 - root - INFO - Epoch [299/10000], Train Loss: 0.0517, R2: 0.9285, RMSE: 0.2274 | Valid Loss: 0.2652, R2: 0.0787, RMSE: 0.5150
2026-02-22 19:54:20,794 - root - INFO - Best model saved at epoch 300 with validation R2: 0.0830
2026-02-22 19:54:20,795 - root - INFO - Epoch [300/10000], Train Loss: 0.0528, R2: 0.9270, RMSE: 0.2298 | Valid Loss: 0.2640, R2: 0.0830, RMSE: 0.5138
2026-02-22 19:54:21,022 - root - INFO - Best model saved at epoch 301 with validation R2: 0.0857
2026-02-22 19:54:21,022 - root - INFO - Epoch [301/10000], Train Loss: 0.0535, R2: 0.9260, RMSE: 0.2313 | Valid Loss: 0.2632, R2: 0.0857, RMSE: 0.5130
2026-02-22 19:54:21,262 - root - INFO - Best model saved at epoch 302 with validation R2: 0.0863
2026-02-22 19:54:21,263 - root - INFO - Epoch [302/10000], Train Loss: 0.0518, R2: 0.9283, RMSE: 0.2277 | Valid Loss: 0.2630, R2: 0.0863, RMSE: 0.5129
2026-02-22 19:54:21,477 - root - INFO - Epoch [303/10000], Train Loss: 0.0541, R2: 0.9252, RMSE: 0.2325 | Valid Loss: 0.2643, R2: 0.0820, RMSE: 0.5141
2026-02-22 19:54:21,717 - root - INFO - Best model saved at epoch 304 with validation R2: 0.0878
2026-02-22 19:54:21,717 - root - INFO - Epoch [304/10000], Train Loss: 0.0523, R2: 0.9276, RMSE: 0.2288 | Valid Loss: 0.2626, R2: 0.0878, RMSE: 0.5124
2026-02-22 19:54:21,957 - root - INFO - Epoch [305/10000], Train Loss: 0.0520, R2: 0.9281, RMSE: 0.2279 | Valid Loss: 0.2645, R2: 0.0813, RMSE: 0.5143
2026-02-22 19:54:22,165 - root - INFO - Epoch [306/10000], Train Loss: 0.0518, R2: 0.9283, RMSE: 0.2277 | Valid Loss: 0.2636, R2: 0.0844, RMSE: 0.5134
2026-02-22 19:54:22,394 - root - INFO - Epoch [307/10000], Train Loss: 0.0535, R2: 0.9261, RMSE: 0.2312 | Valid Loss: 0.2637, R2: 0.0839, RMSE: 0.5135
2026-02-22 19:54:22,610 - root - INFO - Epoch [308/10000], Train Loss: 0.0517, R2: 0.9285, RMSE: 0.2274 | Valid Loss: 0.2630, R2: 0.0863, RMSE: 0.5129
2026-02-22 19:54:22,821 - root - INFO - Best model saved at epoch 309 with validation R2: 0.0914
2026-02-22 19:54:22,821 - root - INFO - Epoch [309/10000], Train Loss: 0.0524, R2: 0.9276, RMSE: 0.2289 | Valid Loss: 0.2616, R2: 0.0914, RMSE: 0.5114
2026-02-22 19:54:23,059 - root - INFO - Best model saved at epoch 310 with validation R2: 0.0917
2026-02-22 19:54:23,059 - root - INFO - Epoch [310/10000], Train Loss: 0.0507, R2: 0.9299, RMSE: 0.2252 | Valid Loss: 0.2615, R2: 0.0917, RMSE: 0.5113
2026-02-22 19:54:23,280 - root - INFO - Best model saved at epoch 311 with validation R2: 0.0921
2026-02-22 19:54:23,280 - root - INFO - Epoch [311/10000], Train Loss: 0.0526, R2: 0.9273, RMSE: 0.2292 | Valid Loss: 0.2613, R2: 0.0921, RMSE: 0.5112
2026-02-22 19:54:23,496 - root - INFO - Best model saved at epoch 312 with validation R2: 0.0956
2026-02-22 19:54:23,497 - root - INFO - Epoch [312/10000], Train Loss: 0.0512, R2: 0.9291, RMSE: 0.2264 | Valid Loss: 0.2603, R2: 0.0956, RMSE: 0.5102
2026-02-22 19:54:23,717 - root - INFO - Epoch [313/10000], Train Loss: 0.0542, R2: 0.9251, RMSE: 0.2327 | Valid Loss: 0.2619, R2: 0.0901, RMSE: 0.5118
2026-02-22 19:54:23,936 - root - INFO - Epoch [314/10000], Train Loss: 0.0517, R2: 0.9285, RMSE: 0.2274 | Valid Loss: 0.2612, R2: 0.0925, RMSE: 0.5111
2026-02-22 19:54:24,165 - root - INFO - Epoch [315/10000], Train Loss: 0.0506, R2: 0.9300, RMSE: 0.2250 | Valid Loss: 0.2611, R2: 0.0929, RMSE: 0.5110
2026-02-22 19:54:24,411 - root - INFO - Best model saved at epoch 316 with validation R2: 0.0965
2026-02-22 19:54:24,412 - root - INFO - Epoch [316/10000], Train Loss: 0.0519, R2: 0.9283, RMSE: 0.2277 | Valid Loss: 0.2601, R2: 0.0965, RMSE: 0.5100
2026-02-22 19:54:24,630 - root - INFO - Best model saved at epoch 317 with validation R2: 0.0983
2026-02-22 19:54:24,630 - root - INFO - Epoch [317/10000], Train Loss: 0.0517, R2: 0.9285, RMSE: 0.2273 | Valid Loss: 0.2596, R2: 0.0983, RMSE: 0.5095
2026-02-22 19:54:24,835 - root - INFO - Epoch [318/10000], Train Loss: 0.0519, R2: 0.9282, RMSE: 0.2278 | Valid Loss: 0.2613, R2: 0.0923, RMSE: 0.5112
2026-02-22 19:54:25,041 - root - INFO - Epoch [319/10000], Train Loss: 0.0514, R2: 0.9289, RMSE: 0.2267 | Valid Loss: 0.2607, R2: 0.0943, RMSE: 0.5106
2026-02-22 19:54:25,263 - root - INFO - Best model saved at epoch 320 with validation R2: 0.1013
2026-02-22 19:54:25,263 - root - INFO - Epoch [320/10000], Train Loss: 0.0521, R2: 0.9280, RMSE: 0.2282 | Valid Loss: 0.2587, R2: 0.1013, RMSE: 0.5086
2026-02-22 19:54:25,486 - root - INFO - Epoch [321/10000], Train Loss: 0.0521, R2: 0.9280, RMSE: 0.2282 | Valid Loss: 0.2592, R2: 0.0996, RMSE: 0.5091
2026-02-22 19:54:25,713 - root - INFO - Epoch [322/10000], Train Loss: 0.0509, R2: 0.9297, RMSE: 0.2255 | Valid Loss: 0.2609, R2: 0.0937, RMSE: 0.5108
2026-02-22 19:54:25,924 - root - INFO - Epoch [323/10000], Train Loss: 0.0509, R2: 0.9295, RMSE: 0.2257 | Valid Loss: 0.2591, R2: 0.0999, RMSE: 0.5090
2026-02-22 19:54:26,138 - root - INFO - Epoch [324/10000], Train Loss: 0.0506, R2: 0.9300, RMSE: 0.2250 | Valid Loss: 0.2609, R2: 0.0936, RMSE: 0.5108
2026-02-22 19:54:26,355 - root - INFO - Epoch [325/10000], Train Loss: 0.0507, R2: 0.9299, RMSE: 0.2251 | Valid Loss: 0.2608, R2: 0.0941, RMSE: 0.5107
2026-02-22 19:54:26,573 - root - INFO - Epoch [326/10000], Train Loss: 0.0499, R2: 0.9309, RMSE: 0.2235 | Valid Loss: 0.2605, R2: 0.0952, RMSE: 0.5104
2026-02-22 19:54:26,806 - root - INFO - Epoch [327/10000], Train Loss: 0.0504, R2: 0.9302, RMSE: 0.2246 | Valid Loss: 0.2604, R2: 0.0955, RMSE: 0.5103
2026-02-22 19:54:27,022 - root - INFO - Epoch [328/10000], Train Loss: 0.0504, R2: 0.9303, RMSE: 0.2245 | Valid Loss: 0.2599, R2: 0.0970, RMSE: 0.5098
2026-02-22 19:54:27,257 - root - INFO - Best model saved at epoch 329 with validation R2: 0.1020
2026-02-22 19:54:27,258 - root - INFO - Epoch [329/10000], Train Loss: 0.0512, R2: 0.9293, RMSE: 0.2262 | Valid Loss: 0.2585, R2: 0.1020, RMSE: 0.5084
2026-02-22 19:54:27,470 - root - INFO - Epoch [330/10000], Train Loss: 0.0497, R2: 0.9313, RMSE: 0.2229 | Valid Loss: 0.2593, R2: 0.0992, RMSE: 0.5092
2026-02-22 19:54:27,691 - root - INFO - Best model saved at epoch 331 with validation R2: 0.1033
2026-02-22 19:54:27,692 - root - INFO - Epoch [331/10000], Train Loss: 0.0500, R2: 0.9308, RMSE: 0.2237 | Valid Loss: 0.2581, R2: 0.1033, RMSE: 0.5080
2026-02-22 19:54:27,907 - root - INFO - Best model saved at epoch 332 with validation R2: 0.1035
2026-02-22 19:54:27,907 - root - INFO - Epoch [332/10000], Train Loss: 0.0497, R2: 0.9312, RMSE: 0.2230 | Valid Loss: 0.2581, R2: 0.1035, RMSE: 0.5080
2026-02-22 19:54:28,117 - root - INFO - Epoch [333/10000], Train Loss: 0.0497, R2: 0.9313, RMSE: 0.2229 | Valid Loss: 0.2587, R2: 0.1014, RMSE: 0.5086
2026-02-22 19:54:28,339 - root - INFO - Best model saved at epoch 334 with validation R2: 0.1057
2026-02-22 19:54:28,339 - root - INFO - Epoch [334/10000], Train Loss: 0.0503, R2: 0.9304, RMSE: 0.2243 | Valid Loss: 0.2574, R2: 0.1057, RMSE: 0.5074
2026-02-22 19:54:28,561 - root - INFO - Best model saved at epoch 335 with validation R2: 0.1070
2026-02-22 19:54:28,561 - root - INFO - Epoch [335/10000], Train Loss: 0.0496, R2: 0.9315, RMSE: 0.2226 | Valid Loss: 0.2571, R2: 0.1070, RMSE: 0.5070
2026-02-22 19:54:28,787 - root - INFO - Best model saved at epoch 336 with validation R2: 0.1097
2026-02-22 19:54:28,787 - root - INFO - Epoch [336/10000], Train Loss: 0.0496, R2: 0.9314, RMSE: 0.2227 | Valid Loss: 0.2563, R2: 0.1097, RMSE: 0.5062
2026-02-22 19:54:29,007 - root - INFO - Epoch [337/10000], Train Loss: 0.0512, R2: 0.9292, RMSE: 0.2263 | Valid Loss: 0.2572, R2: 0.1066, RMSE: 0.5071
2026-02-22 19:54:29,225 - root - INFO - Epoch [338/10000], Train Loss: 0.0504, R2: 0.9303, RMSE: 0.2245 | Valid Loss: 0.2567, R2: 0.1084, RMSE: 0.5066
2026-02-22 19:54:29,439 - root - INFO - Epoch [339/10000], Train Loss: 0.0501, R2: 0.9308, RMSE: 0.2238 | Valid Loss: 0.2563, R2: 0.1095, RMSE: 0.5063
2026-02-22 19:54:29,654 - root - INFO - Best model saved at epoch 340 with validation R2: 0.1099
2026-02-22 19:54:29,655 - root - INFO - Epoch [340/10000], Train Loss: 0.0498, R2: 0.9311, RMSE: 0.2231 | Valid Loss: 0.2562, R2: 0.1099, RMSE: 0.5062
2026-02-22 19:54:29,891 - root - INFO - Best model saved at epoch 341 with validation R2: 0.1125
2026-02-22 19:54:29,891 - root - INFO - Epoch [341/10000], Train Loss: 0.0487, R2: 0.9326, RMSE: 0.2208 | Valid Loss: 0.2555, R2: 0.1125, RMSE: 0.5055
2026-02-22 19:54:30,140 - root - INFO - Best model saved at epoch 342 with validation R2: 0.1129
2026-02-22 19:54:30,140 - root - INFO - Epoch [342/10000], Train Loss: 0.0490, R2: 0.9322, RMSE: 0.2215 | Valid Loss: 0.2554, R2: 0.1129, RMSE: 0.5053
2026-02-22 19:54:30,384 - root - INFO - Epoch [343/10000], Train Loss: 0.0503, R2: 0.9305, RMSE: 0.2242 | Valid Loss: 0.2559, R2: 0.1109, RMSE: 0.5059
2026-02-22 19:54:30,595 - root - INFO - Epoch [344/10000], Train Loss: 0.0479, R2: 0.9338, RMSE: 0.2188 | Valid Loss: 0.2565, R2: 0.1089, RMSE: 0.5065
2026-02-22 19:54:30,799 - root - INFO - Best model saved at epoch 345 with validation R2: 0.1134
2026-02-22 19:54:30,799 - root - INFO - Epoch [345/10000], Train Loss: 0.0477, R2: 0.9340, RMSE: 0.2185 | Valid Loss: 0.2552, R2: 0.1134, RMSE: 0.5052
2026-02-22 19:54:31,006 - root - INFO - Epoch [346/10000], Train Loss: 0.0493, R2: 0.9319, RMSE: 0.2219 | Valid Loss: 0.2564, R2: 0.1093, RMSE: 0.5064
2026-02-22 19:54:31,221 - root - INFO - Epoch [347/10000], Train Loss: 0.0502, R2: 0.9305, RMSE: 0.2241 | Valid Loss: 0.2553, R2: 0.1131, RMSE: 0.5053
2026-02-22 19:54:31,443 - root - INFO - Best model saved at epoch 348 with validation R2: 0.1138
2026-02-22 19:54:31,443 - root - INFO - Epoch [348/10000], Train Loss: 0.0490, R2: 0.9323, RMSE: 0.2213 | Valid Loss: 0.2551, R2: 0.1138, RMSE: 0.5051
2026-02-22 19:54:31,670 - root - INFO - Best model saved at epoch 349 with validation R2: 0.1160
2026-02-22 19:54:31,670 - root - INFO - Epoch [349/10000], Train Loss: 0.0476, R2: 0.9341, RMSE: 0.2182 | Valid Loss: 0.2545, R2: 0.1160, RMSE: 0.5044
2026-02-22 19:54:31,913 - root - INFO - Epoch [350/10000], Train Loss: 0.0480, R2: 0.9337, RMSE: 0.2190 | Valid Loss: 0.2548, R2: 0.1150, RMSE: 0.5047
2026-02-22 19:54:32,133 - root - INFO - Best model saved at epoch 351 with validation R2: 0.1205
2026-02-22 19:54:32,133 - root - INFO - Epoch [351/10000], Train Loss: 0.0489, R2: 0.9323, RMSE: 0.2212 | Valid Loss: 0.2532, R2: 0.1205, RMSE: 0.5032
2026-02-22 19:54:32,365 - root - INFO - Epoch [352/10000], Train Loss: 0.0480, R2: 0.9336, RMSE: 0.2191 | Valid Loss: 0.2539, R2: 0.1178, RMSE: 0.5039
2026-02-22 19:54:32,589 - root - INFO - Epoch [353/10000], Train Loss: 0.0482, R2: 0.9334, RMSE: 0.2195 | Valid Loss: 0.2539, R2: 0.1178, RMSE: 0.5039
2026-02-22 19:54:32,808 - root - INFO - Epoch [354/10000], Train Loss: 0.0490, R2: 0.9322, RMSE: 0.2214 | Valid Loss: 0.2546, R2: 0.1157, RMSE: 0.5045
2026-02-22 19:54:33,022 - root - INFO - Epoch [355/10000], Train Loss: 0.0479, R2: 0.9337, RMSE: 0.2189 | Valid Loss: 0.2542, R2: 0.1170, RMSE: 0.5042
2026-02-22 19:54:33,258 - root - INFO - Best model saved at epoch 356 with validation R2: 0.1211
2026-02-22 19:54:33,258 - root - INFO - Epoch [356/10000], Train Loss: 0.0474, R2: 0.9344, RMSE: 0.2177 | Valid Loss: 0.2530, R2: 0.1211, RMSE: 0.5030
2026-02-22 19:54:33,477 - root - INFO - Epoch [357/10000], Train Loss: 0.0472, R2: 0.9348, RMSE: 0.2172 | Valid Loss: 0.2548, R2: 0.1149, RMSE: 0.5048
2026-02-22 19:54:33,695 - root - INFO - Epoch [358/10000], Train Loss: 0.0457, R2: 0.9368, RMSE: 0.2138 | Valid Loss: 0.2530, R2: 0.1210, RMSE: 0.5030
2026-02-22 19:54:33,917 - root - INFO - Best model saved at epoch 359 with validation R2: 0.1221
2026-02-22 19:54:33,917 - root - INFO - Epoch [359/10000], Train Loss: 0.0475, R2: 0.9344, RMSE: 0.2178 | Valid Loss: 0.2527, R2: 0.1221, RMSE: 0.5027
2026-02-22 19:54:34,141 - root - INFO - Epoch [360/10000], Train Loss: 0.0479, R2: 0.9338, RMSE: 0.2188 | Valid Loss: 0.2538, R2: 0.1184, RMSE: 0.5038
2026-02-22 19:54:34,366 - root - INFO - Epoch [361/10000], Train Loss: 0.0471, R2: 0.9349, RMSE: 0.2170 | Valid Loss: 0.2546, R2: 0.1154, RMSE: 0.5046
2026-02-22 19:54:34,595 - root - INFO - Epoch [362/10000], Train Loss: 0.0467, R2: 0.9354, RMSE: 0.2161 | Valid Loss: 0.2537, R2: 0.1185, RMSE: 0.5037
2026-02-22 19:54:34,831 - root - INFO - Best model saved at epoch 363 with validation R2: 0.1229
2026-02-22 19:54:34,832 - root - INFO - Epoch [363/10000], Train Loss: 0.0474, R2: 0.9345, RMSE: 0.2176 | Valid Loss: 0.2525, R2: 0.1229, RMSE: 0.5025
2026-02-22 19:54:35,061 - root - INFO - Best model saved at epoch 364 with validation R2: 0.1270
2026-02-22 19:54:35,061 - root - INFO - Epoch [364/10000], Train Loss: 0.0476, R2: 0.9342, RMSE: 0.2182 | Valid Loss: 0.2513, R2: 0.1270, RMSE: 0.5013
2026-02-22 19:54:35,291 - root - INFO - Epoch [365/10000], Train Loss: 0.0463, R2: 0.9359, RMSE: 0.2153 | Valid Loss: 0.2522, R2: 0.1241, RMSE: 0.5021
2026-02-22 19:54:35,518 - root - INFO - Epoch [366/10000], Train Loss: 0.0486, R2: 0.9328, RMSE: 0.2204 | Valid Loss: 0.2520, R2: 0.1246, RMSE: 0.5020
2026-02-22 19:54:35,748 - root - INFO - Best model saved at epoch 367 with validation R2: 0.1291
2026-02-22 19:54:35,748 - root - INFO - Epoch [367/10000], Train Loss: 0.0474, R2: 0.9345, RMSE: 0.2177 | Valid Loss: 0.2507, R2: 0.1291, RMSE: 0.5007
2026-02-22 19:54:35,961 - root - INFO - Epoch [368/10000], Train Loss: 0.0458, R2: 0.9366, RMSE: 0.2141 | Valid Loss: 0.2520, R2: 0.1248, RMSE: 0.5019
2026-02-22 19:54:36,182 - root - INFO - Epoch [369/10000], Train Loss: 0.0481, R2: 0.9335, RMSE: 0.2192 | Valid Loss: 0.2518, R2: 0.1253, RMSE: 0.5018
2026-02-22 19:54:36,408 - root - INFO - Epoch [370/10000], Train Loss: 0.0472, R2: 0.9348, RMSE: 0.2172 | Valid Loss: 0.2509, R2: 0.1284, RMSE: 0.5009
2026-02-22 19:54:36,620 - root - INFO - Epoch [371/10000], Train Loss: 0.0461, R2: 0.9362, RMSE: 0.2148 | Valid Loss: 0.2514, R2: 0.1266, RMSE: 0.5014
2026-02-22 19:54:36,831 - root - INFO - Epoch [372/10000], Train Loss: 0.0469, R2: 0.9352, RMSE: 0.2165 | Valid Loss: 0.2516, R2: 0.1261, RMSE: 0.5015
2026-02-22 19:54:37,055 - root - INFO - Epoch [373/10000], Train Loss: 0.0467, R2: 0.9354, RMSE: 0.2162 | Valid Loss: 0.2508, R2: 0.1287, RMSE: 0.5008
2026-02-22 19:54:37,280 - root - INFO - Best model saved at epoch 374 with validation R2: 0.1316
2026-02-22 19:54:37,280 - root - INFO - Epoch [374/10000], Train Loss: 0.0455, R2: 0.9370, RMSE: 0.2134 | Valid Loss: 0.2500, R2: 0.1316, RMSE: 0.5000
2026-02-22 19:54:37,493 - root - INFO - Epoch [375/10000], Train Loss: 0.0477, R2: 0.9341, RMSE: 0.2183 | Valid Loss: 0.2512, R2: 0.1272, RMSE: 0.5012
2026-02-22 19:54:37,710 - root - INFO - Epoch [376/10000], Train Loss: 0.0470, R2: 0.9350, RMSE: 0.2168 | Valid Loss: 0.2502, R2: 0.1308, RMSE: 0.5002
2026-02-22 19:54:37,918 - root - INFO - Epoch [377/10000], Train Loss: 0.0479, R2: 0.9338, RMSE: 0.2188 | Valid Loss: 0.2511, R2: 0.1276, RMSE: 0.5011
2026-02-22 19:54:38,142 - root - INFO - Epoch [378/10000], Train Loss: 0.0447, R2: 0.9382, RMSE: 0.2114 | Valid Loss: 0.2521, R2: 0.1242, RMSE: 0.5021
2026-02-22 19:54:38,363 - root - INFO - Best model saved at epoch 379 with validation R2: 0.1320
2026-02-22 19:54:38,366 - root - INFO - Epoch [379/10000], Train Loss: 0.0445, R2: 0.9385, RMSE: 0.2109 | Valid Loss: 0.2499, R2: 0.1320, RMSE: 0.4999
2026-02-22 19:54:38,588 - root - INFO - Epoch [380/10000], Train Loss: 0.0448, R2: 0.9381, RMSE: 0.2116 | Valid Loss: 0.2505, R2: 0.1297, RMSE: 0.5005
2026-02-22 19:54:38,821 - root - INFO - Epoch [381/10000], Train Loss: 0.0455, R2: 0.9370, RMSE: 0.2134 | Valid Loss: 0.2502, R2: 0.1309, RMSE: 0.5002
2026-02-22 19:54:39,090 - root - INFO - Epoch [382/10000], Train Loss: 0.0466, R2: 0.9355, RMSE: 0.2160 | Valid Loss: 0.2512, R2: 0.1272, RMSE: 0.5012
2026-02-22 19:54:39,316 - root - INFO - Best model saved at epoch 383 with validation R2: 0.1375
2026-02-22 19:54:39,316 - root - INFO - Epoch [383/10000], Train Loss: 0.0452, R2: 0.9375, RMSE: 0.2125 | Valid Loss: 0.2483, R2: 0.1375, RMSE: 0.4983
2026-02-22 19:54:39,547 - root - INFO - Epoch [384/10000], Train Loss: 0.0454, R2: 0.9372, RMSE: 0.2131 | Valid Loss: 0.2492, R2: 0.1344, RMSE: 0.4992
2026-02-22 19:54:39,760 - root - INFO - Best model saved at epoch 385 with validation R2: 0.1382
2026-02-22 19:54:39,761 - root - INFO - Epoch [385/10000], Train Loss: 0.0449, R2: 0.9379, RMSE: 0.2119 | Valid Loss: 0.2481, R2: 0.1382, RMSE: 0.4981
2026-02-22 19:54:39,978 - root - INFO - Epoch [386/10000], Train Loss: 0.0454, R2: 0.9372, RMSE: 0.2131 | Valid Loss: 0.2483, R2: 0.1375, RMSE: 0.4983
2026-02-22 19:54:40,193 - root - INFO - Epoch [387/10000], Train Loss: 0.0469, R2: 0.9351, RMSE: 0.2166 | Valid Loss: 0.2481, R2: 0.1380, RMSE: 0.4981
2026-02-22 19:54:40,427 - root - INFO - Best model saved at epoch 388 with validation R2: 0.1389
2026-02-22 19:54:40,427 - root - INFO - Epoch [388/10000], Train Loss: 0.0441, R2: 0.9391, RMSE: 0.2099 | Valid Loss: 0.2479, R2: 0.1389, RMSE: 0.4979
2026-02-22 19:54:40,646 - root - INFO - Best model saved at epoch 389 with validation R2: 0.1425
2026-02-22 19:54:40,646 - root - INFO - Epoch [389/10000], Train Loss: 0.0464, R2: 0.9358, RMSE: 0.2154 | Valid Loss: 0.2468, R2: 0.1425, RMSE: 0.4968
2026-02-22 19:54:40,871 - root - INFO - Epoch [390/10000], Train Loss: 0.0462, R2: 0.9361, RMSE: 0.2150 | Valid Loss: 0.2473, R2: 0.1409, RMSE: 0.4973
2026-02-22 19:54:41,087 - root - INFO - Epoch [391/10000], Train Loss: 0.0447, R2: 0.9382, RMSE: 0.2115 | Valid Loss: 0.2473, R2: 0.1409, RMSE: 0.4973
2026-02-22 19:54:41,308 - root - INFO - Epoch [392/10000], Train Loss: 0.0440, R2: 0.9392, RMSE: 0.2097 | Valid Loss: 0.2473, R2: 0.1410, RMSE: 0.4973
2026-02-22 19:54:41,518 - root - INFO - Epoch [393/10000], Train Loss: 0.0458, R2: 0.9367, RMSE: 0.2140 | Valid Loss: 0.2488, R2: 0.1358, RMSE: 0.4988
2026-02-22 19:54:41,734 - root - INFO - Epoch [394/10000], Train Loss: 0.0460, R2: 0.9365, RMSE: 0.2144 | Valid Loss: 0.2476, R2: 0.1397, RMSE: 0.4976
2026-02-22 19:54:41,973 - root - INFO - Epoch [395/10000], Train Loss: 0.0438, R2: 0.9395, RMSE: 0.2092 | Valid Loss: 0.2477, R2: 0.1394, RMSE: 0.4977
2026-02-22 19:54:42,190 - root - INFO - Best model saved at epoch 396 with validation R2: 0.1459
2026-02-22 19:54:42,190 - root - INFO - Epoch [396/10000], Train Loss: 0.0447, R2: 0.9381, RMSE: 0.2115 | Valid Loss: 0.2459, R2: 0.1459, RMSE: 0.4958
2026-02-22 19:54:42,405 - root - INFO - Epoch [397/10000], Train Loss: 0.0449, R2: 0.9379, RMSE: 0.2119 | Valid Loss: 0.2462, R2: 0.1448, RMSE: 0.4962
2026-02-22 19:54:42,622 - root - INFO - Epoch [398/10000], Train Loss: 0.0449, R2: 0.9379, RMSE: 0.2120 | Valid Loss: 0.2461, R2: 0.1452, RMSE: 0.4961
2026-02-22 19:54:42,843 - root - INFO - Best model saved at epoch 399 with validation R2: 0.1473
2026-02-22 19:54:42,844 - root - INFO - Epoch [399/10000], Train Loss: 0.0440, R2: 0.9391, RMSE: 0.2099 | Valid Loss: 0.2455, R2: 0.1473, RMSE: 0.4954
2026-02-22 19:54:43,070 - root - INFO - Epoch [400/10000], Train Loss: 0.0437, R2: 0.9395, RMSE: 0.2091 | Valid Loss: 0.2460, R2: 0.1455, RMSE: 0.4960
2026-02-22 19:54:43,295 - root - INFO - Epoch [401/10000], Train Loss: 0.0444, R2: 0.9386, RMSE: 0.2106 | Valid Loss: 0.2471, R2: 0.1417, RMSE: 0.4971
2026-02-22 19:54:43,523 - root - INFO - Epoch [402/10000], Train Loss: 0.0433, R2: 0.9401, RMSE: 0.2081 | Valid Loss: 0.2472, R2: 0.1411, RMSE: 0.4972
2026-02-22 19:54:43,738 - root - INFO - Epoch [403/10000], Train Loss: 0.0455, R2: 0.9370, RMSE: 0.2134 | Valid Loss: 0.2466, R2: 0.1432, RMSE: 0.4966
2026-02-22 19:54:43,955 - root - INFO - Epoch [404/10000], Train Loss: 0.0450, R2: 0.9377, RMSE: 0.2122 | Valid Loss: 0.2464, R2: 0.1441, RMSE: 0.4964
2026-02-22 19:54:44,165 - root - INFO - Epoch [405/10000], Train Loss: 0.0425, R2: 0.9412, RMSE: 0.2061 | Valid Loss: 0.2472, R2: 0.1413, RMSE: 0.4972
2026-02-22 19:54:44,383 - root - INFO - Epoch [406/10000], Train Loss: 0.0438, R2: 0.9394, RMSE: 0.2093 | Valid Loss: 0.2475, R2: 0.1403, RMSE: 0.4975
2026-02-22 19:54:44,595 - root - INFO - Best model saved at epoch 407 with validation R2: 0.1479
2026-02-22 19:54:44,595 - root - INFO - Epoch [407/10000], Train Loss: 0.0437, R2: 0.9396, RMSE: 0.2089 | Valid Loss: 0.2453, R2: 0.1479, RMSE: 0.4953
2026-02-22 19:54:44,809 - root - INFO - Epoch [408/10000], Train Loss: 0.0427, R2: 0.9409, RMSE: 0.2067 | Valid Loss: 0.2453, R2: 0.1480, RMSE: 0.4952
2026-02-22 19:54:45,022 - root - INFO - Best model saved at epoch 409 with validation R2: 0.1493
2026-02-22 19:54:45,028 - root - INFO - Epoch [409/10000], Train Loss: 0.0453, R2: 0.9374, RMSE: 0.2127 | Valid Loss: 0.2449, R2: 0.1493, RMSE: 0.4949
2026-02-22 19:54:45,254 - root - INFO - Epoch [410/10000], Train Loss: 0.0438, R2: 0.9394, RMSE: 0.2093 | Valid Loss: 0.2453, R2: 0.1478, RMSE: 0.4953
2026-02-22 19:54:45,484 - root - INFO - Epoch [411/10000], Train Loss: 0.0425, R2: 0.9412, RMSE: 0.2061 | Valid Loss: 0.2454, R2: 0.1476, RMSE: 0.4954
2026-02-22 19:54:45,701 - root - INFO - Best model saved at epoch 412 with validation R2: 0.1522
2026-02-22 19:54:45,702 - root - INFO - Epoch [412/10000], Train Loss: 0.0435, R2: 0.9398, RMSE: 0.2086 | Valid Loss: 0.2441, R2: 0.1522, RMSE: 0.4940
2026-02-22 19:54:45,917 - root - INFO - Epoch [413/10000], Train Loss: 0.0449, R2: 0.9379, RMSE: 0.2119 | Valid Loss: 0.2445, R2: 0.1505, RMSE: 0.4945
2026-02-22 19:54:46,153 - root - INFO - Epoch [414/10000], Train Loss: 0.0436, R2: 0.9397, RMSE: 0.2088 | Valid Loss: 0.2458, R2: 0.1461, RMSE: 0.4958
2026-02-22 19:54:46,366 - root - INFO - Epoch [415/10000], Train Loss: 0.0430, R2: 0.9406, RMSE: 0.2073 | Valid Loss: 0.2446, R2: 0.1503, RMSE: 0.4946
2026-02-22 19:54:46,586 - root - INFO - Epoch [416/10000], Train Loss: 0.0429, R2: 0.9407, RMSE: 0.2071 | Valid Loss: 0.2461, R2: 0.1450, RMSE: 0.4961
2026-02-22 19:54:46,809 - root - INFO - Epoch [417/10000], Train Loss: 0.0438, R2: 0.9394, RMSE: 0.2094 | Valid Loss: 0.2450, R2: 0.1489, RMSE: 0.4950
2026-02-22 19:54:47,028 - root - INFO - Epoch [418/10000], Train Loss: 0.0424, R2: 0.9414, RMSE: 0.2059 | Valid Loss: 0.2448, R2: 0.1496, RMSE: 0.4948
2026-02-22 19:54:47,262 - root - INFO - Best model saved at epoch 419 with validation R2: 0.1544
2026-02-22 19:54:47,262 - root - INFO - Epoch [419/10000], Train Loss: 0.0429, R2: 0.9407, RMSE: 0.2070 | Valid Loss: 0.2434, R2: 0.1544, RMSE: 0.4934
2026-02-22 19:54:47,469 - root - INFO - Epoch [420/10000], Train Loss: 0.0421, R2: 0.9418, RMSE: 0.2051 | Valid Loss: 0.2437, R2: 0.1534, RMSE: 0.4937
2026-02-22 19:54:47,693 - root - INFO - Best model saved at epoch 421 with validation R2: 0.1569
2026-02-22 19:54:47,693 - root - INFO - Epoch [421/10000], Train Loss: 0.0427, R2: 0.9409, RMSE: 0.2067 | Valid Loss: 0.2427, R2: 0.1569, RMSE: 0.4926
2026-02-22 19:54:47,910 - root - INFO - Epoch [422/10000], Train Loss: 0.0427, R2: 0.9409, RMSE: 0.2068 | Valid Loss: 0.2428, R2: 0.1567, RMSE: 0.4927
2026-02-22 19:54:48,137 - root - INFO - Epoch [423/10000], Train Loss: 0.0441, R2: 0.9390, RMSE: 0.2100 | Valid Loss: 0.2446, R2: 0.1502, RMSE: 0.4946
2026-02-22 19:54:48,355 - root - INFO - Epoch [424/10000], Train Loss: 0.0432, R2: 0.9403, RMSE: 0.2078 | Valid Loss: 0.2438, R2: 0.1529, RMSE: 0.4938
2026-02-22 19:54:48,584 - root - INFO - Epoch [425/10000], Train Loss: 0.0433, R2: 0.9401, RMSE: 0.2081 | Valid Loss: 0.2445, R2: 0.1508, RMSE: 0.4944
2026-02-22 19:54:48,810 - root - INFO - Epoch [426/10000], Train Loss: 0.0426, R2: 0.9411, RMSE: 0.2064 | Valid Loss: 0.2442, R2: 0.1517, RMSE: 0.4942
2026-02-22 19:54:49,021 - root - INFO - Epoch [427/10000], Train Loss: 0.0431, R2: 0.9405, RMSE: 0.2075 | Valid Loss: 0.2437, R2: 0.1534, RMSE: 0.4936
2026-02-22 19:54:49,246 - root - INFO - Epoch [428/10000], Train Loss: 0.0421, R2: 0.9418, RMSE: 0.2051 | Valid Loss: 0.2451, R2: 0.1486, RMSE: 0.4951
2026-02-22 19:54:49,462 - root - INFO - Epoch [429/10000], Train Loss: 0.0423, R2: 0.9416, RMSE: 0.2056 | Valid Loss: 0.2435, R2: 0.1540, RMSE: 0.4935
2026-02-22 19:54:49,712 - root - INFO - Epoch [430/10000], Train Loss: 0.0415, R2: 0.9426, RMSE: 0.2037 | Valid Loss: 0.2437, R2: 0.1535, RMSE: 0.4936
2026-02-22 19:54:49,943 - root - INFO - Epoch [431/10000], Train Loss: 0.0409, R2: 0.9434, RMSE: 0.2023 | Valid Loss: 0.2429, R2: 0.1562, RMSE: 0.4928
2026-02-22 19:54:50,174 - root - INFO - Epoch [432/10000], Train Loss: 0.0421, R2: 0.9418, RMSE: 0.2052 | Valid Loss: 0.2428, R2: 0.1565, RMSE: 0.4928
2026-02-22 19:54:50,397 - root - INFO - Epoch [433/10000], Train Loss: 0.0403, R2: 0.9442, RMSE: 0.2008 | Valid Loss: 0.2439, R2: 0.1528, RMSE: 0.4938
2026-02-22 19:54:50,622 - root - INFO - Epoch [434/10000], Train Loss: 0.0415, R2: 0.9426, RMSE: 0.2037 | Valid Loss: 0.2431, R2: 0.1554, RMSE: 0.4931
2026-02-22 19:54:50,835 - root - INFO - Best model saved at epoch 435 with validation R2: 0.1594
2026-02-22 19:54:50,835 - root - INFO - Epoch [435/10000], Train Loss: 0.0422, R2: 0.9416, RMSE: 0.2054 | Valid Loss: 0.2420, R2: 0.1594, RMSE: 0.4919
2026-02-22 19:54:51,059 - root - INFO - Best model saved at epoch 436 with validation R2: 0.1609
2026-02-22 19:54:51,060 - root - INFO - Epoch [436/10000], Train Loss: 0.0410, R2: 0.9433, RMSE: 0.2026 | Valid Loss: 0.2415, R2: 0.1609, RMSE: 0.4915
2026-02-22 19:54:51,268 - root - INFO - Epoch [437/10000], Train Loss: 0.0415, R2: 0.9426, RMSE: 0.2038 | Valid Loss: 0.2420, R2: 0.1594, RMSE: 0.4919
2026-02-22 19:54:51,489 - root - INFO - Epoch [438/10000], Train Loss: 0.0408, R2: 0.9435, RMSE: 0.2021 | Valid Loss: 0.2433, R2: 0.1548, RMSE: 0.4933
2026-02-22 19:54:51,711 - root - INFO - Epoch [439/10000], Train Loss: 0.0414, R2: 0.9427, RMSE: 0.2035 | Valid Loss: 0.2436, R2: 0.1538, RMSE: 0.4935
2026-02-22 19:54:51,930 - root - INFO - Epoch [440/10000], Train Loss: 0.0413, R2: 0.9429, RMSE: 0.2032 | Valid Loss: 0.2429, R2: 0.1563, RMSE: 0.4928
2026-02-22 19:54:52,145 - root - INFO - Epoch [441/10000], Train Loss: 0.0417, R2: 0.9423, RMSE: 0.2042 | Valid Loss: 0.2426, R2: 0.1573, RMSE: 0.4925
2026-02-22 19:54:52,360 - root - INFO - Epoch [442/10000], Train Loss: 0.0407, R2: 0.9437, RMSE: 0.2018 | Valid Loss: 0.2420, R2: 0.1595, RMSE: 0.4919
2026-02-22 19:54:52,595 - root - INFO - Epoch [443/10000], Train Loss: 0.0432, R2: 0.9403, RMSE: 0.2078 | Valid Loss: 0.2429, R2: 0.1562, RMSE: 0.4928
2026-02-22 19:54:52,830 - root - INFO - Epoch [444/10000], Train Loss: 0.0416, R2: 0.9425, RMSE: 0.2040 | Valid Loss: 0.2419, R2: 0.1598, RMSE: 0.4918
2026-02-22 19:54:53,080 - root - INFO - Epoch [445/10000], Train Loss: 0.0408, R2: 0.9435, RMSE: 0.2021 | Valid Loss: 0.2429, R2: 0.1560, RMSE: 0.4929
2026-02-22 19:54:53,306 - root - INFO - Epoch [446/10000], Train Loss: 0.0409, R2: 0.9434, RMSE: 0.2023 | Valid Loss: 0.2417, R2: 0.1603, RMSE: 0.4916
2026-02-22 19:54:53,518 - root - INFO - Epoch [447/10000], Train Loss: 0.0410, R2: 0.9433, RMSE: 0.2026 | Valid Loss: 0.2420, R2: 0.1591, RMSE: 0.4920
2026-02-22 19:54:53,741 - root - INFO - Best model saved at epoch 448 with validation R2: 0.1648
2026-02-22 19:54:53,742 - root - INFO - Epoch [448/10000], Train Loss: 0.0414, R2: 0.9427, RMSE: 0.2035 | Valid Loss: 0.2404, R2: 0.1648, RMSE: 0.4903
2026-02-22 19:54:53,953 - root - INFO - Epoch [449/10000], Train Loss: 0.0411, R2: 0.9432, RMSE: 0.2027 | Valid Loss: 0.2414, R2: 0.1614, RMSE: 0.4913
2026-02-22 19:54:54,187 - root - INFO - Epoch [450/10000], Train Loss: 0.0404, R2: 0.9442, RMSE: 0.2010 | Valid Loss: 0.2423, R2: 0.1582, RMSE: 0.4923
2026-02-22 19:54:54,401 - root - INFO - Epoch [451/10000], Train Loss: 0.0409, R2: 0.9434, RMSE: 0.2023 | Valid Loss: 0.2420, R2: 0.1594, RMSE: 0.4919
2026-02-22 19:54:54,612 - root - INFO - Epoch [452/10000], Train Loss: 0.0412, R2: 0.9431, RMSE: 0.2029 | Valid Loss: 0.2420, R2: 0.1592, RMSE: 0.4920
2026-02-22 19:54:54,840 - root - INFO - Epoch [453/10000], Train Loss: 0.0405, R2: 0.9440, RMSE: 0.2013 | Valid Loss: 0.2417, R2: 0.1603, RMSE: 0.4916
2026-02-22 19:54:55,054 - root - INFO - Epoch [454/10000], Train Loss: 0.0403, R2: 0.9442, RMSE: 0.2008 | Valid Loss: 0.2432, R2: 0.1552, RMSE: 0.4931
2026-02-22 19:54:55,280 - root - INFO - Epoch [455/10000], Train Loss: 0.0412, R2: 0.9430, RMSE: 0.2030 | Valid Loss: 0.2434, R2: 0.1545, RMSE: 0.4933
2026-02-22 19:54:55,524 - root - INFO - Epoch [456/10000], Train Loss: 0.0406, R2: 0.9439, RMSE: 0.2015 | Valid Loss: 0.2433, R2: 0.1546, RMSE: 0.4933
2026-02-22 19:54:55,774 - root - INFO - Epoch [457/10000], Train Loss: 0.0412, R2: 0.9430, RMSE: 0.2030 | Valid Loss: 0.2428, R2: 0.1565, RMSE: 0.4927
2026-02-22 19:54:56,005 - root - INFO - Epoch [458/10000], Train Loss: 0.0398, R2: 0.9450, RMSE: 0.1995 | Valid Loss: 0.2423, R2: 0.1582, RMSE: 0.4923
2026-02-22 19:54:56,247 - root - INFO - Epoch [459/10000], Train Loss: 0.0413, R2: 0.9429, RMSE: 0.2031 | Valid Loss: 0.2424, R2: 0.1580, RMSE: 0.4923
2026-02-22 19:54:56,468 - root - INFO - Epoch [460/10000], Train Loss: 0.0400, R2: 0.9447, RMSE: 0.1999 | Valid Loss: 0.2421, R2: 0.1591, RMSE: 0.4920
2026-02-22 19:54:56,705 - root - INFO - Epoch [461/10000], Train Loss: 0.0392, R2: 0.9459, RMSE: 0.1979 | Valid Loss: 0.2409, R2: 0.1631, RMSE: 0.4908
2026-02-22 19:54:56,942 - root - INFO - Epoch [462/10000], Train Loss: 0.0387, R2: 0.9465, RMSE: 0.1967 | Valid Loss: 0.2422, R2: 0.1587, RMSE: 0.4921
2026-02-22 19:54:57,176 - root - INFO - Epoch [463/10000], Train Loss: 0.0401, R2: 0.9445, RMSE: 0.2003 | Valid Loss: 0.2418, R2: 0.1599, RMSE: 0.4918
2026-02-22 19:54:57,412 - root - INFO - Epoch [464/10000], Train Loss: 0.0398, R2: 0.9449, RMSE: 0.1996 | Valid Loss: 0.2423, R2: 0.1584, RMSE: 0.4922
2026-02-22 19:54:57,638 - root - INFO - Epoch [465/10000], Train Loss: 0.0395, R2: 0.9454, RMSE: 0.1987 | Valid Loss: 0.2421, R2: 0.1589, RMSE: 0.4921
2026-02-22 19:54:57,869 - root - INFO - Epoch [466/10000], Train Loss: 0.0407, R2: 0.9437, RMSE: 0.2018 | Valid Loss: 0.2431, R2: 0.1554, RMSE: 0.4931
2026-02-22 19:54:58,105 - root - INFO - Epoch [467/10000], Train Loss: 0.0391, R2: 0.9460, RMSE: 0.1977 | Valid Loss: 0.2433, R2: 0.1549, RMSE: 0.4932
2026-02-22 19:54:58,336 - root - INFO - Epoch [468/10000], Train Loss: 0.0396, R2: 0.9452, RMSE: 0.1991 | Valid Loss: 0.2438, R2: 0.1532, RMSE: 0.4937
2026-02-22 19:54:58,565 - root - INFO - Epoch [469/10000], Train Loss: 0.0392, R2: 0.9458, RMSE: 0.1980 | Valid Loss: 0.2436, R2: 0.1538, RMSE: 0.4935
2026-02-22 19:54:58,801 - root - INFO - Epoch [470/10000], Train Loss: 0.0398, R2: 0.9450, RMSE: 0.1994 | Valid Loss: 0.2435, R2: 0.1542, RMSE: 0.4934
2026-02-22 19:54:59,012 - root - INFO - Epoch [471/10000], Train Loss: 0.0404, R2: 0.9442, RMSE: 0.2009 | Valid Loss: 0.2424, R2: 0.1580, RMSE: 0.4923
2026-02-22 19:54:59,249 - root - INFO - Epoch [472/10000], Train Loss: 0.0388, R2: 0.9463, RMSE: 0.1970 | Valid Loss: 0.2415, R2: 0.1612, RMSE: 0.4914
2026-02-22 19:54:59,499 - root - INFO - Epoch [473/10000], Train Loss: 0.0421, R2: 0.9418, RMSE: 0.2051 | Valid Loss: 0.2414, R2: 0.1613, RMSE: 0.4914
2026-02-22 19:54:59,732 - root - INFO - Epoch [474/10000], Train Loss: 0.0400, R2: 0.9447, RMSE: 0.2001 | Valid Loss: 0.2438, R2: 0.1532, RMSE: 0.4937
2026-02-22 19:54:59,951 - root - INFO - Epoch [475/10000], Train Loss: 0.0404, R2: 0.9441, RMSE: 0.2010 | Valid Loss: 0.2443, R2: 0.1512, RMSE: 0.4943
2026-02-22 19:55:00,165 - root - INFO - Epoch [476/10000], Train Loss: 0.0399, R2: 0.9448, RMSE: 0.1998 | Valid Loss: 0.2435, R2: 0.1540, RMSE: 0.4935
2026-02-22 19:55:00,393 - root - INFO - Epoch [477/10000], Train Loss: 0.0383, R2: 0.9470, RMSE: 0.1957 | Valid Loss: 0.2438, R2: 0.1531, RMSE: 0.4938
2026-02-22 19:55:00,631 - root - INFO - Epoch [478/10000], Train Loss: 0.0395, R2: 0.9454, RMSE: 0.1987 | Valid Loss: 0.2430, R2: 0.1560, RMSE: 0.4929
2026-02-22 19:55:00,856 - root - INFO - Epoch [479/10000], Train Loss: 0.0404, R2: 0.9441, RMSE: 0.2010 | Valid Loss: 0.2428, R2: 0.1566, RMSE: 0.4927
2026-02-22 19:55:01,070 - root - INFO - Epoch [480/10000], Train Loss: 0.0415, R2: 0.9427, RMSE: 0.2036 | Valid Loss: 0.2435, R2: 0.1540, RMSE: 0.4935
2026-02-22 19:55:01,302 - root - INFO - Epoch [481/10000], Train Loss: 0.0393, R2: 0.9456, RMSE: 0.1983 | Valid Loss: 0.2439, R2: 0.1528, RMSE: 0.4938
2026-02-22 19:55:01,546 - root - INFO - Epoch [482/10000], Train Loss: 0.0387, R2: 0.9464, RMSE: 0.1968 | Valid Loss: 0.2434, R2: 0.1544, RMSE: 0.4934
2026-02-22 19:55:01,774 - root - INFO - Epoch [483/10000], Train Loss: 0.0414, R2: 0.9428, RMSE: 0.2034 | Valid Loss: 0.2443, R2: 0.1512, RMSE: 0.4943
2026-02-22 19:55:01,996 - root - INFO - Epoch [484/10000], Train Loss: 0.0397, R2: 0.9451, RMSE: 0.1992 | Valid Loss: 0.2443, R2: 0.1514, RMSE: 0.4942
2026-02-22 19:55:02,212 - root - INFO - Epoch [485/10000], Train Loss: 0.0377, R2: 0.9479, RMSE: 0.1941 | Valid Loss: 0.2429, R2: 0.1560, RMSE: 0.4929
2026-02-22 19:55:02,454 - root - INFO - Epoch [486/10000], Train Loss: 0.0395, R2: 0.9453, RMSE: 0.1988 | Valid Loss: 0.2443, R2: 0.1512, RMSE: 0.4943
2026-02-22 19:55:02,684 - root - INFO - Epoch [487/10000], Train Loss: 0.0390, R2: 0.9461, RMSE: 0.1975 | Valid Loss: 0.2426, R2: 0.1572, RMSE: 0.4925
2026-02-22 19:55:02,926 - root - INFO - Epoch [488/10000], Train Loss: 0.0391, R2: 0.9459, RMSE: 0.1978 | Valid Loss: 0.2430, R2: 0.1560, RMSE: 0.4929
2026-02-22 19:55:03,177 - root - INFO - Epoch [489/10000], Train Loss: 0.0396, R2: 0.9453, RMSE: 0.1989 | Valid Loss: 0.2435, R2: 0.1541, RMSE: 0.4935
2026-02-22 19:55:03,434 - root - INFO - Epoch [490/10000], Train Loss: 0.0397, R2: 0.9451, RMSE: 0.1993 | Valid Loss: 0.2422, R2: 0.1586, RMSE: 0.4921
2026-02-22 19:55:03,656 - root - INFO - Epoch [491/10000], Train Loss: 0.0387, R2: 0.9465, RMSE: 0.1967 | Valid Loss: 0.2441, R2: 0.1521, RMSE: 0.4941
2026-02-22 19:55:03,886 - root - INFO - Epoch [492/10000], Train Loss: 0.0386, R2: 0.9466, RMSE: 0.1966 | Valid Loss: 0.2448, R2: 0.1498, RMSE: 0.4947
2026-02-22 19:55:04,117 - root - INFO - Epoch [493/10000], Train Loss: 0.0387, R2: 0.9465, RMSE: 0.1968 | Valid Loss: 0.2438, R2: 0.1532, RMSE: 0.4937
2026-02-22 19:55:04,354 - root - INFO - Epoch [494/10000], Train Loss: 0.0400, R2: 0.9447, RMSE: 0.2000 | Valid Loss: 0.2440, R2: 0.1522, RMSE: 0.4940
2026-02-22 19:55:04,610 - root - INFO - Epoch [495/10000], Train Loss: 0.0388, R2: 0.9464, RMSE: 0.1970 | Valid Loss: 0.2435, R2: 0.1540, RMSE: 0.4935
2026-02-22 19:55:04,837 - root - INFO - Epoch [496/10000], Train Loss: 0.0381, R2: 0.9474, RMSE: 0.1951 | Valid Loss: 0.2444, R2: 0.1510, RMSE: 0.4944
2026-02-22 19:55:05,074 - root - INFO - Epoch [497/10000], Train Loss: 0.0393, R2: 0.9456, RMSE: 0.1983 | Valid Loss: 0.2454, R2: 0.1475, RMSE: 0.4954
2026-02-22 19:55:05,302 - root - INFO - Epoch [498/10000], Train Loss: 0.0382, R2: 0.9472, RMSE: 0.1954 | Valid Loss: 0.2450, R2: 0.1490, RMSE: 0.4950
2026-02-22 19:55:05,518 - root - INFO - Epoch [499/10000], Train Loss: 0.0392, R2: 0.9458, RMSE: 0.1980 | Valid Loss: 0.2456, R2: 0.1467, RMSE: 0.4956
2026-02-22 19:55:05,778 - root - INFO - Epoch [500/10000], Train Loss: 0.0395, R2: 0.9454, RMSE: 0.1987 | Valid Loss: 0.2469, R2: 0.1424, RMSE: 0.4969
2026-02-22 19:55:05,993 - root - INFO - Epoch [501/10000], Train Loss: 0.0403, R2: 0.9443, RMSE: 0.2006 | Valid Loss: 0.2464, R2: 0.1441, RMSE: 0.4964
2026-02-22 19:55:06,213 - root - INFO - Epoch [502/10000], Train Loss: 0.0397, R2: 0.9451, RMSE: 0.1993 | Valid Loss: 0.2469, R2: 0.1422, RMSE: 0.4969
2026-02-22 19:55:06,445 - root - INFO - Epoch [503/10000], Train Loss: 0.0418, R2: 0.9422, RMSE: 0.2045 | Valid Loss: 0.2465, R2: 0.1437, RMSE: 0.4965
2026-02-22 19:55:06,679 - root - INFO - Epoch [504/10000], Train Loss: 0.0410, R2: 0.9433, RMSE: 0.2025 | Valid Loss: 0.2451, R2: 0.1485, RMSE: 0.4951
2026-02-22 19:55:06,909 - root - INFO - Epoch [505/10000], Train Loss: 0.0444, R2: 0.9386, RMSE: 0.2107 | Valid Loss: 0.2464, R2: 0.1439, RMSE: 0.4964
2026-02-22 19:55:07,137 - root - INFO - Epoch [506/10000], Train Loss: 0.0409, R2: 0.9434, RMSE: 0.2023 | Valid Loss: 0.2464, R2: 0.1440, RMSE: 0.4964
2026-02-22 19:55:07,353 - root - INFO - Epoch [507/10000], Train Loss: 0.0420, R2: 0.9420, RMSE: 0.2049 | Valid Loss: 0.2465, R2: 0.1435, RMSE: 0.4965
2026-02-22 19:55:07,586 - root - INFO - Epoch [508/10000], Train Loss: 0.0418, R2: 0.9422, RMSE: 0.2044 | Valid Loss: 0.2479, R2: 0.1389, RMSE: 0.4979
2026-02-22 19:55:07,841 - root - INFO - Epoch [509/10000], Train Loss: 0.0429, R2: 0.9407, RMSE: 0.2071 | Valid Loss: 0.2477, R2: 0.1394, RMSE: 0.4977
2026-02-22 19:55:08,080 - root - INFO - Epoch [510/10000], Train Loss: 0.0414, R2: 0.9427, RMSE: 0.2036 | Valid Loss: 0.2476, R2: 0.1399, RMSE: 0.4976
2026-02-22 19:55:08,318 - root - INFO - Epoch [511/10000], Train Loss: 0.0419, R2: 0.9420, RMSE: 0.2048 | Valid Loss: 0.2476, R2: 0.1399, RMSE: 0.4976
2026-02-22 19:55:08,526 - root - INFO - Epoch [512/10000], Train Loss: 0.0409, R2: 0.9434, RMSE: 0.2023 | Valid Loss: 0.2480, R2: 0.1384, RMSE: 0.4980
2026-02-22 19:55:08,773 - root - INFO - Epoch [513/10000], Train Loss: 0.0421, R2: 0.9418, RMSE: 0.2051 | Valid Loss: 0.2479, R2: 0.1387, RMSE: 0.4979
2026-02-22 19:55:09,005 - root - INFO - Epoch [514/10000], Train Loss: 0.0408, R2: 0.9436, RMSE: 0.2019 | Valid Loss: 0.2475, R2: 0.1401, RMSE: 0.4975
2026-02-22 19:55:09,258 - root - INFO - Epoch [515/10000], Train Loss: 0.0411, R2: 0.9431, RMSE: 0.2028 | Valid Loss: 0.2477, R2: 0.1395, RMSE: 0.4977
2026-02-22 19:55:09,502 - root - INFO - Epoch [516/10000], Train Loss: 0.0394, R2: 0.9455, RMSE: 0.1985 | Valid Loss: 0.2480, R2: 0.1385, RMSE: 0.4980
2026-02-22 19:55:09,717 - root - INFO - Epoch [517/10000], Train Loss: 0.0396, R2: 0.9453, RMSE: 0.1990 | Valid Loss: 0.2484, R2: 0.1370, RMSE: 0.4984
2026-02-22 19:55:09,972 - root - INFO - Epoch [518/10000], Train Loss: 0.0401, R2: 0.9445, RMSE: 0.2003 | Valid Loss: 0.2493, R2: 0.1340, RMSE: 0.4993
2026-02-22 19:55:10,222 - root - INFO - Epoch [519/10000], Train Loss: 0.0405, R2: 0.9439, RMSE: 0.2014 | Valid Loss: 0.2487, R2: 0.1359, RMSE: 0.4987
2026-02-22 19:55:10,481 - root - INFO - Epoch [520/10000], Train Loss: 0.0386, R2: 0.9467, RMSE: 0.1964 | Valid Loss: 0.2500, R2: 0.1316, RMSE: 0.5000
2026-02-22 19:55:10,736 - root - INFO - Epoch [521/10000], Train Loss: 0.0390, R2: 0.9460, RMSE: 0.1975 | Valid Loss: 0.2485, R2: 0.1368, RMSE: 0.4985
2026-02-22 19:55:11,006 - root - INFO - Epoch [522/10000], Train Loss: 0.0385, R2: 0.9467, RMSE: 0.1963 | Valid Loss: 0.2509, R2: 0.1284, RMSE: 0.5009
2026-02-22 19:55:11,240 - root - INFO - Epoch [523/10000], Train Loss: 0.0394, R2: 0.9455, RMSE: 0.1985 | Valid Loss: 0.2499, R2: 0.1319, RMSE: 0.4999
2026-02-22 19:55:11,470 - root - INFO - Epoch [524/10000], Train Loss: 0.0394, R2: 0.9455, RMSE: 0.1985 | Valid Loss: 0.2496, R2: 0.1328, RMSE: 0.4996
2026-02-22 19:55:11,698 - root - INFO - Epoch [525/10000], Train Loss: 0.0394, R2: 0.9455, RMSE: 0.1986 | Valid Loss: 0.2493, R2: 0.1340, RMSE: 0.4993
2026-02-22 19:55:11,936 - root - INFO - Epoch [526/10000], Train Loss: 0.0373, R2: 0.9484, RMSE: 0.1932 | Valid Loss: 0.2495, R2: 0.1331, RMSE: 0.4995
2026-02-22 19:55:12,172 - root - INFO - Epoch [527/10000], Train Loss: 0.0386, R2: 0.9467, RMSE: 0.1964 | Valid Loss: 0.2493, R2: 0.1341, RMSE: 0.4993
2026-02-22 19:55:12,404 - root - INFO - Epoch [528/10000], Train Loss: 0.0370, R2: 0.9488, RMSE: 0.1924 | Valid Loss: 0.2498, R2: 0.1324, RMSE: 0.4998
2026-02-22 19:55:12,651 - root - INFO - Epoch [529/10000], Train Loss: 0.0389, R2: 0.9462, RMSE: 0.1973 | Valid Loss: 0.2490, R2: 0.1350, RMSE: 0.4990
2026-02-22 19:55:12,878 - root - INFO - Epoch [530/10000], Train Loss: 0.0377, R2: 0.9479, RMSE: 0.1941 | Valid Loss: 0.2492, R2: 0.1342, RMSE: 0.4992
2026-02-22 19:55:13,131 - root - INFO - Epoch [531/10000], Train Loss: 0.0375, R2: 0.9481, RMSE: 0.1936 | Valid Loss: 0.2487, R2: 0.1360, RMSE: 0.4987
2026-02-22 19:55:13,365 - root - INFO - Epoch [532/10000], Train Loss: 0.0372, R2: 0.9486, RMSE: 0.1928 | Valid Loss: 0.2485, R2: 0.1368, RMSE: 0.4985
2026-02-22 19:55:13,614 - root - INFO - Epoch [533/10000], Train Loss: 0.0374, R2: 0.9482, RMSE: 0.1934 | Valid Loss: 0.2497, R2: 0.1325, RMSE: 0.4997
2026-02-22 19:55:13,842 - root - INFO - Epoch [534/10000], Train Loss: 0.0367, R2: 0.9493, RMSE: 0.1915 | Valid Loss: 0.2496, R2: 0.1328, RMSE: 0.4996
2026-02-22 19:55:14,057 - root - INFO - Epoch [535/10000], Train Loss: 0.0371, R2: 0.9487, RMSE: 0.1926 | Valid Loss: 0.2487, R2: 0.1360, RMSE: 0.4987
2026-02-22 19:55:14,289 - root - INFO - Epoch [536/10000], Train Loss: 0.0358, R2: 0.9505, RMSE: 0.1893 | Valid Loss: 0.2507, R2: 0.1291, RMSE: 0.5007
2026-02-22 19:55:14,536 - root - INFO - Epoch [537/10000], Train Loss: 0.0377, R2: 0.9478, RMSE: 0.1942 | Valid Loss: 0.2493, R2: 0.1341, RMSE: 0.4993
2026-02-22 19:55:14,772 - root - INFO - Epoch [538/10000], Train Loss: 0.0376, R2: 0.9480, RMSE: 0.1938 | Valid Loss: 0.2484, R2: 0.1370, RMSE: 0.4984
2026-02-22 19:55:15,036 - root - INFO - Epoch [539/10000], Train Loss: 0.0382, R2: 0.9472, RMSE: 0.1955 | Valid Loss: 0.2497, R2: 0.1325, RMSE: 0.4997
2026-02-22 19:55:15,269 - root - INFO - Epoch [540/10000], Train Loss: 0.0363, R2: 0.9498, RMSE: 0.1905 | Valid Loss: 0.2497, R2: 0.1325, RMSE: 0.4997
2026-02-22 19:55:15,508 - root - INFO - Epoch [541/10000], Train Loss: 0.0362, R2: 0.9499, RMSE: 0.1903 | Valid Loss: 0.2486, R2: 0.1363, RMSE: 0.4986
2026-02-22 19:55:15,748 - root - INFO - Epoch [542/10000], Train Loss: 0.0371, R2: 0.9486, RMSE: 0.1927 | Valid Loss: 0.2478, R2: 0.1392, RMSE: 0.4978
2026-02-22 19:55:15,987 - root - INFO - Epoch [543/10000], Train Loss: 0.0375, R2: 0.9482, RMSE: 0.1936 | Valid Loss: 0.2488, R2: 0.1358, RMSE: 0.4988
2026-02-22 19:55:16,236 - root - INFO - Epoch [544/10000], Train Loss: 0.0361, R2: 0.9501, RMSE: 0.1900 | Valid Loss: 0.2481, R2: 0.1382, RMSE: 0.4981
2026-02-22 19:55:16,469 - root - INFO - Epoch [545/10000], Train Loss: 0.0364, R2: 0.9496, RMSE: 0.1909 | Valid Loss: 0.2473, R2: 0.1408, RMSE: 0.4973
2026-02-22 19:55:16,709 - root - INFO - Epoch [546/10000], Train Loss: 0.0366, R2: 0.9494, RMSE: 0.1912 | Valid Loss: 0.2484, R2: 0.1371, RMSE: 0.4984
2026-02-22 19:55:16,953 - root - INFO - Epoch [547/10000], Train Loss: 0.0360, R2: 0.9503, RMSE: 0.1896 | Valid Loss: 0.2483, R2: 0.1374, RMSE: 0.4983
2026-02-22 19:55:17,204 - root - INFO - Early stopping triggered at epoch 548. No improvement for 100 epochs.
2026-02-22 19:55:17,263 - root - INFO - Test Loss: 0.5174, R2 Score: -1.7656, RMSE: 0.7193
2026-02-22 19:55:17,365 - root - INFO - Epoch [1/10000], Train Loss: 1.2465, R2: -0.7238, RMSE: 1.1165 | Valid Loss: 0.4683, R2: -0.6269, RMSE: 0.6843
2026-02-22 19:55:17,462 - root - INFO - Epoch [2/10000], Train Loss: 1.2360, R2: -0.7093, RMSE: 1.1118 | Valid Loss: 0.4706, R2: -0.6347, RMSE: 0.6860
2026-02-22 19:55:17,562 - root - INFO - Epoch [3/10000], Train Loss: 1.2263, R2: -0.6959, RMSE: 1.1074 | Valid Loss: 0.4732, R2: -0.6439, RMSE: 0.6879
2026-02-22 19:55:17,657 - root - INFO - Epoch [4/10000], Train Loss: 1.2162, R2: -0.6819, RMSE: 1.1028 | Valid Loss: 0.4761, R2: -0.6539, RMSE: 0.6900
2026-02-22 19:55:17,753 - root - INFO - Epoch [5/10000], Train Loss: 1.2062, R2: -0.6680, RMSE: 1.0983 | Valid Loss: 0.4792, R2: -0.6648, RMSE: 0.6923
2026-02-22 19:55:17,847 - root - INFO - Epoch [6/10000], Train Loss: 1.1959, R2: -0.6538, RMSE: 1.0936 | Valid Loss: 0.4829, R2: -0.6775, RMSE: 0.6949
2026-02-22 19:55:17,934 - root - INFO - Epoch [7/10000], Train Loss: 1.1840, R2: -0.6373, RMSE: 1.0881 | Valid Loss: 0.4870, R2: -0.6917, RMSE: 0.6978
2026-02-22 19:55:18,024 - root - INFO - Epoch [8/10000], Train Loss: 1.1687, R2: -0.6162, RMSE: 1.0811 | Valid Loss: 0.4911, R2: -0.7062, RMSE: 0.7008
2026-02-22 19:55:18,118 - root - INFO - Epoch [9/10000], Train Loss: 1.1535, R2: -0.5952, RMSE: 1.0740 | Valid Loss: 0.4947, R2: -0.7184, RMSE: 0.7033
2026-02-22 19:55:18,206 - root - INFO - Epoch [10/10000], Train Loss: 1.1397, R2: -0.5761, RMSE: 1.0676 | Valid Loss: 0.4976, R2: -0.7284, RMSE: 0.7054
2026-02-22 19:55:18,298 - root - INFO - Epoch [11/10000], Train Loss: 1.1267, R2: -0.5581, RMSE: 1.0614 | Valid Loss: 0.5005, R2: -0.7386, RMSE: 0.7074
2026-02-22 19:55:18,389 - root - INFO - Epoch [12/10000], Train Loss: 1.1127, R2: -0.5387, RMSE: 1.0548 | Valid Loss: 0.5028, R2: -0.7468, RMSE: 0.7091
2026-02-22 19:55:18,482 - root - INFO - Epoch [13/10000], Train Loss: 1.0978, R2: -0.5182, RMSE: 1.0478 | Valid Loss: 0.5047, R2: -0.7533, RMSE: 0.7104
2026-02-22 19:55:18,575 - root - INFO - Epoch [14/10000], Train Loss: 1.0819, R2: -0.4962, RMSE: 1.0402 | Valid Loss: 0.5071, R2: -0.7617, RMSE: 0.7121
2026-02-22 19:55:18,662 - root - INFO - Epoch [15/10000], Train Loss: 1.0608, R2: -0.4670, RMSE: 1.0300 | Valid Loss: 0.5088, R2: -0.7677, RMSE: 0.7133
2026-02-22 19:55:18,757 - root - INFO - Epoch [16/10000], Train Loss: 1.0299, R2: -0.4243, RMSE: 1.0149 | Valid Loss: 0.5105, R2: -0.7734, RMSE: 0.7145
2026-02-22 19:55:18,850 - root - INFO - Epoch [17/10000], Train Loss: 0.9950, R2: -0.3760, RMSE: 0.9975 | Valid Loss: 0.5129, R2: -0.7819, RMSE: 0.7162
2026-02-22 19:55:18,942 - root - INFO - Epoch [18/10000], Train Loss: 0.9537, R2: -0.3189, RMSE: 0.9766 | Valid Loss: 0.5156, R2: -0.7913, RMSE: 0.7181
2026-02-22 19:55:19,037 - root - INFO - Epoch [19/10000], Train Loss: 0.9062, R2: -0.2532, RMSE: 0.9519 | Valid Loss: 0.5199, R2: -0.8061, RMSE: 0.7211
2026-02-22 19:55:19,131 - root - INFO - Epoch [20/10000], Train Loss: 0.8490, R2: -0.1741, RMSE: 0.9214 | Valid Loss: 0.5250, R2: -0.8239, RMSE: 0.7246
2026-02-22 19:55:19,222 - root - INFO - Epoch [21/10000], Train Loss: 0.7800, R2: -0.0787, RMSE: 0.8832 | Valid Loss: 0.5319, R2: -0.8477, RMSE: 0.7293
2026-02-22 19:55:19,314 - root - INFO - Epoch [22/10000], Train Loss: 0.7018, R2: 0.0295, RMSE: 0.8377 | Valid Loss: 0.5408, R2: -0.8786, RMSE: 0.7354
2026-02-22 19:55:19,407 - root - INFO - Epoch [23/10000], Train Loss: 0.6205, R2: 0.1420, RMSE: 0.7877 | Valid Loss: 0.5538, R2: -0.9239, RMSE: 0.7442
2026-02-22 19:55:19,500 - root - INFO - Epoch [24/10000], Train Loss: 0.5338, R2: 0.2618, RMSE: 0.7306 | Valid Loss: 0.5669, R2: -0.9694, RMSE: 0.7529
2026-02-22 19:55:19,589 - root - INFO - Epoch [25/10000], Train Loss: 0.4649, R2: 0.3571, RMSE: 0.6818 | Valid Loss: 0.5791, R2: -1.0118, RMSE: 0.7610
2026-02-22 19:55:19,682 - root - INFO - Epoch [26/10000], Train Loss: 0.4101, R2: 0.4329, RMSE: 0.6404 | Valid Loss: 0.5813, R2: -1.0194, RMSE: 0.7624
2026-02-22 19:55:19,765 - root - INFO - Epoch [27/10000], Train Loss: 0.3709, R2: 0.4870, RMSE: 0.6090 | Valid Loss: 0.5730, R2: -0.9905, RMSE: 0.7570
2026-02-22 19:55:19,862 - root - INFO - Epoch [28/10000], Train Loss: 0.3371, R2: 0.5339, RMSE: 0.5806 | Valid Loss: 0.5547, R2: -0.9268, RMSE: 0.7448
2026-02-22 19:55:19,950 - root - INFO - Epoch [29/10000], Train Loss: 0.3065, R2: 0.5761, RMSE: 0.5537 | Valid Loss: 0.5335, R2: -0.8532, RMSE: 0.7304
2026-02-22 19:55:20,049 - root - INFO - Epoch [30/10000], Train Loss: 0.2788, R2: 0.6144, RMSE: 0.5280 | Valid Loss: 0.5146, R2: -0.7877, RMSE: 0.7174
2026-02-22 19:55:20,142 - root - INFO - Epoch [31/10000], Train Loss: 0.2536, R2: 0.6493, RMSE: 0.5036 | Valid Loss: 0.4955, R2: -0.7212, RMSE: 0.7039
2026-02-22 19:55:20,233 - root - INFO - Epoch [32/10000], Train Loss: 0.2312, R2: 0.6803, RMSE: 0.4808 | Valid Loss: 0.4786, R2: -0.6625, RMSE: 0.6918
2026-02-22 19:55:20,329 - root - INFO - Epoch [33/10000], Train Loss: 0.2103, R2: 0.7091, RMSE: 0.4586 | Valid Loss: 0.4636, R2: -0.6104, RMSE: 0.6809
2026-02-22 19:55:20,419 - root - INFO - Epoch [34/10000], Train Loss: 0.1932, R2: 0.7328, RMSE: 0.4396 | Valid Loss: 0.4528, R2: -0.5730, RMSE: 0.6729
2026-02-22 19:55:20,512 - root - INFO - Epoch [35/10000], Train Loss: 0.1786, R2: 0.7530, RMSE: 0.4226 | Valid Loss: 0.4426, R2: -0.5376, RMSE: 0.6653
2026-02-22 19:55:20,606 - root - INFO - Epoch [36/10000], Train Loss: 0.1666, R2: 0.7696, RMSE: 0.4082 | Valid Loss: 0.4334, R2: -0.5056, RMSE: 0.6583
2026-02-22 19:55:20,700 - root - INFO - Epoch [37/10000], Train Loss: 0.1555, R2: 0.7850, RMSE: 0.3943 | Valid Loss: 0.4244, R2: -0.4745, RMSE: 0.6515
2026-02-22 19:55:20,794 - root - INFO - Epoch [38/10000], Train Loss: 0.1472, R2: 0.7964, RMSE: 0.3837 | Valid Loss: 0.4164, R2: -0.4465, RMSE: 0.6453
2026-02-22 19:55:20,888 - root - INFO - Epoch [39/10000], Train Loss: 0.1399, R2: 0.8065, RMSE: 0.3741 | Valid Loss: 0.4086, R2: -0.4194, RMSE: 0.6392
2026-02-22 19:55:20,979 - root - INFO - Epoch [40/10000], Train Loss: 0.1333, R2: 0.8156, RMSE: 0.3652 | Valid Loss: 0.4014, R2: -0.3943, RMSE: 0.6335
2026-02-22 19:55:21,072 - root - INFO - Epoch [41/10000], Train Loss: 0.1282, R2: 0.8228, RMSE: 0.3580 | Valid Loss: 0.3949, R2: -0.3718, RMSE: 0.6284
2026-02-22 19:55:21,166 - root - INFO - Epoch [42/10000], Train Loss: 0.1241, R2: 0.8283, RMSE: 0.3523 | Valid Loss: 0.3900, R2: -0.3547, RMSE: 0.6245
2026-02-22 19:55:21,257 - root - INFO - Epoch [43/10000], Train Loss: 0.1200, R2: 0.8341, RMSE: 0.3464 | Valid Loss: 0.3851, R2: -0.3377, RMSE: 0.6205
2026-02-22 19:55:21,350 - root - INFO - Epoch [44/10000], Train Loss: 0.1168, R2: 0.8385, RMSE: 0.3417 | Valid Loss: 0.3805, R2: -0.3217, RMSE: 0.6168
2026-02-22 19:55:21,445 - root - INFO - Epoch [45/10000], Train Loss: 0.1144, R2: 0.8419, RMSE: 0.3382 | Valid Loss: 0.3769, R2: -0.3093, RMSE: 0.6139
2026-02-22 19:55:21,537 - root - INFO - Epoch [46/10000], Train Loss: 0.1115, R2: 0.8458, RMSE: 0.3340 | Valid Loss: 0.3739, R2: -0.2990, RMSE: 0.6115
2026-02-22 19:55:21,637 - root - INFO - Epoch [47/10000], Train Loss: 0.1094, R2: 0.8487, RMSE: 0.3308 | Valid Loss: 0.3716, R2: -0.2910, RMSE: 0.6096
2026-02-22 19:55:21,731 - root - INFO - Epoch [48/10000], Train Loss: 0.1075, R2: 0.8513, RMSE: 0.3279 | Valid Loss: 0.3686, R2: -0.2806, RMSE: 0.6072
2026-02-22 19:55:21,822 - root - INFO - Epoch [49/10000], Train Loss: 0.1051, R2: 0.8546, RMSE: 0.3243 | Valid Loss: 0.3667, R2: -0.2740, RMSE: 0.6056
2026-02-22 19:55:21,918 - root - INFO - Epoch [50/10000], Train Loss: 0.1038, R2: 0.8565, RMSE: 0.3221 | Valid Loss: 0.3644, R2: -0.2658, RMSE: 0.6036
2026-02-22 19:55:22,009 - root - INFO - Epoch [51/10000], Train Loss: 0.1020, R2: 0.8590, RMSE: 0.3193 | Valid Loss: 0.3630, R2: -0.2611, RMSE: 0.6025
2026-02-22 19:55:22,102 - root - INFO - Epoch [52/10000], Train Loss: 0.1005, R2: 0.8610, RMSE: 0.3170 | Valid Loss: 0.3613, R2: -0.2551, RMSE: 0.6011
2026-02-22 19:55:22,197 - root - INFO - Epoch [53/10000], Train Loss: 0.0991, R2: 0.8629, RMSE: 0.3148 | Valid Loss: 0.3597, R2: -0.2497, RMSE: 0.5998
2026-02-22 19:55:22,288 - root - INFO - Epoch [54/10000], Train Loss: 0.0977, R2: 0.8648, RMSE: 0.3126 | Valid Loss: 0.3587, R2: -0.2461, RMSE: 0.5989
2026-02-22 19:55:22,384 - root - INFO - Epoch [55/10000], Train Loss: 0.0964, R2: 0.8667, RMSE: 0.3105 | Valid Loss: 0.3574, R2: -0.2417, RMSE: 0.5979
2026-02-22 19:55:22,476 - root - INFO - Epoch [56/10000], Train Loss: 0.0956, R2: 0.8677, RMSE: 0.3093 | Valid Loss: 0.3560, R2: -0.2368, RMSE: 0.5967
2026-02-22 19:55:22,572 - root - INFO - Epoch [57/10000], Train Loss: 0.0942, R2: 0.8697, RMSE: 0.3069 | Valid Loss: 0.3550, R2: -0.2332, RMSE: 0.5958
2026-02-22 19:55:22,666 - root - INFO - Epoch [58/10000], Train Loss: 0.0938, R2: 0.8702, RMSE: 0.3063 | Valid Loss: 0.3539, R2: -0.2295, RMSE: 0.5949
2026-02-22 19:55:22,760 - root - INFO - Epoch [59/10000], Train Loss: 0.0924, R2: 0.8722, RMSE: 0.3040 | Valid Loss: 0.3531, R2: -0.2265, RMSE: 0.5942
2026-02-22 19:55:22,857 - root - INFO - Epoch [60/10000], Train Loss: 0.0916, R2: 0.8733, RMSE: 0.3027 | Valid Loss: 0.3518, R2: -0.2220, RMSE: 0.5931
2026-02-22 19:55:22,952 - root - INFO - Epoch [61/10000], Train Loss: 0.0907, R2: 0.8745, RMSE: 0.3012 | Valid Loss: 0.3505, R2: -0.2176, RMSE: 0.5920
2026-02-22 19:55:23,046 - root - INFO - Epoch [62/10000], Train Loss: 0.0899, R2: 0.8756, RMSE: 0.2999 | Valid Loss: 0.3489, R2: -0.2120, RMSE: 0.5907
2026-02-22 19:55:23,140 - root - INFO - Epoch [63/10000], Train Loss: 0.0892, R2: 0.8767, RMSE: 0.2986 | Valid Loss: 0.3479, R2: -0.2084, RMSE: 0.5898
2026-02-22 19:55:23,241 - root - INFO - Epoch [64/10000], Train Loss: 0.0889, R2: 0.8771, RMSE: 0.2981 | Valid Loss: 0.3467, R2: -0.2043, RMSE: 0.5888
2026-02-22 19:55:23,334 - root - INFO - Epoch [65/10000], Train Loss: 0.0878, R2: 0.8786, RMSE: 0.2963 | Valid Loss: 0.3450, R2: -0.1986, RMSE: 0.5874
2026-02-22 19:55:23,434 - root - INFO - Epoch [66/10000], Train Loss: 0.0874, R2: 0.8792, RMSE: 0.2956 | Valid Loss: 0.3440, R2: -0.1951, RMSE: 0.5865
2026-02-22 19:55:23,543 - root - INFO - Epoch [67/10000], Train Loss: 0.0869, R2: 0.8799, RMSE: 0.2947 | Valid Loss: 0.3429, R2: -0.1913, RMSE: 0.5856
2026-02-22 19:55:23,654 - root - INFO - Epoch [68/10000], Train Loss: 0.0863, R2: 0.8806, RMSE: 0.2938 | Valid Loss: 0.3413, R2: -0.1857, RMSE: 0.5842
2026-02-22 19:55:23,759 - root - INFO - Epoch [69/10000], Train Loss: 0.0869, R2: 0.8799, RMSE: 0.2948 | Valid Loss: 0.3396, R2: -0.1797, RMSE: 0.5828
2026-02-22 19:55:23,862 - root - INFO - Epoch [70/10000], Train Loss: 0.0852, R2: 0.8822, RMSE: 0.2918 | Valid Loss: 0.3392, R2: -0.1784, RMSE: 0.5824
2026-02-22 19:55:23,960 - root - INFO - Epoch [71/10000], Train Loss: 0.0855, R2: 0.8818, RMSE: 0.2924 | Valid Loss: 0.3381, R2: -0.1747, RMSE: 0.5815
2026-02-22 19:55:24,051 - root - INFO - Epoch [72/10000], Train Loss: 0.0842, R2: 0.8836, RMSE: 0.2902 | Valid Loss: 0.3366, R2: -0.1692, RMSE: 0.5801
2026-02-22 19:55:24,142 - root - INFO - Epoch [73/10000], Train Loss: 0.0838, R2: 0.8841, RMSE: 0.2895 | Valid Loss: 0.3346, R2: -0.1624, RMSE: 0.5785
2026-02-22 19:55:24,232 - root - INFO - Epoch [74/10000], Train Loss: 0.0834, R2: 0.8847, RMSE: 0.2887 | Valid Loss: 0.3336, R2: -0.1589, RMSE: 0.5776
2026-02-22 19:55:24,321 - root - INFO - Epoch [75/10000], Train Loss: 0.0831, R2: 0.8850, RMSE: 0.2883 | Valid Loss: 0.3325, R2: -0.1550, RMSE: 0.5766
2026-02-22 19:55:24,409 - root - INFO - Epoch [76/10000], Train Loss: 0.0825, R2: 0.8859, RMSE: 0.2872 | Valid Loss: 0.3310, R2: -0.1499, RMSE: 0.5753
2026-02-22 19:55:24,500 - root - INFO - Epoch [77/10000], Train Loss: 0.0824, R2: 0.8861, RMSE: 0.2870 | Valid Loss: 0.3304, R2: -0.1476, RMSE: 0.5748
2026-02-22 19:55:24,595 - root - INFO - Epoch [78/10000], Train Loss: 0.0822, R2: 0.8864, RMSE: 0.2866 | Valid Loss: 0.3301, R2: -0.1467, RMSE: 0.5745
2026-02-22 19:55:24,686 - root - INFO - Epoch [79/10000], Train Loss: 0.0817, R2: 0.8870, RMSE: 0.2859 | Valid Loss: 0.3285, R2: -0.1412, RMSE: 0.5732
2026-02-22 19:55:24,778 - root - INFO - Epoch [80/10000], Train Loss: 0.0812, R2: 0.8877, RMSE: 0.2850 | Valid Loss: 0.3272, R2: -0.1367, RMSE: 0.5720
2026-02-22 19:55:24,870 - root - INFO - Epoch [81/10000], Train Loss: 0.0810, R2: 0.8879, RMSE: 0.2847 | Valid Loss: 0.3262, R2: -0.1333, RMSE: 0.5712
2026-02-22 19:55:24,988 - root - INFO - Epoch [82/10000], Train Loss: 0.0806, R2: 0.8885, RMSE: 0.2840 | Valid Loss: 0.3246, R2: -0.1276, RMSE: 0.5697
2026-02-22 19:55:25,086 - root - INFO - Epoch [83/10000], Train Loss: 0.0802, R2: 0.8890, RMSE: 0.2833 | Valid Loss: 0.3227, R2: -0.1209, RMSE: 0.5680
2026-02-22 19:55:25,182 - root - INFO - Epoch [84/10000], Train Loss: 0.0800, R2: 0.8893, RMSE: 0.2829 | Valid Loss: 0.3215, R2: -0.1168, RMSE: 0.5670
2026-02-22 19:55:25,281 - root - INFO - Epoch [85/10000], Train Loss: 0.0799, R2: 0.8896, RMSE: 0.2826 | Valid Loss: 0.3208, R2: -0.1143, RMSE: 0.5664
2026-02-22 19:55:25,378 - root - INFO - Epoch [86/10000], Train Loss: 0.0799, R2: 0.8895, RMSE: 0.2827 | Valid Loss: 0.3203, R2: -0.1126, RMSE: 0.5659
2026-02-22 19:55:25,470 - root - INFO - Epoch [87/10000], Train Loss: 0.0798, R2: 0.8897, RMSE: 0.2825 | Valid Loss: 0.3188, R2: -0.1074, RMSE: 0.5646
2026-02-22 19:55:25,573 - root - INFO - Epoch [88/10000], Train Loss: 0.0793, R2: 0.8903, RMSE: 0.2816 | Valid Loss: 0.3178, R2: -0.1041, RMSE: 0.5638
2026-02-22 19:55:25,669 - root - INFO - Epoch [89/10000], Train Loss: 0.0786, R2: 0.8913, RMSE: 0.2804 | Valid Loss: 0.3166, R2: -0.0999, RMSE: 0.5627
2026-02-22 19:55:25,765 - root - INFO - Epoch [90/10000], Train Loss: 0.0784, R2: 0.8916, RMSE: 0.2799 | Valid Loss: 0.3151, R2: -0.0947, RMSE: 0.5614
2026-02-22 19:55:25,862 - root - INFO - Epoch [91/10000], Train Loss: 0.0782, R2: 0.8919, RMSE: 0.2796 | Valid Loss: 0.3140, R2: -0.0908, RMSE: 0.5604
2026-02-22 19:55:25,962 - root - INFO - Epoch [92/10000], Train Loss: 0.0782, R2: 0.8919, RMSE: 0.2796 | Valid Loss: 0.3127, R2: -0.0861, RMSE: 0.5592
2026-02-22 19:55:26,059 - root - INFO - Epoch [93/10000], Train Loss: 0.0775, R2: 0.8929, RMSE: 0.2783 | Valid Loss: 0.3115, R2: -0.0820, RMSE: 0.5581
2026-02-22 19:55:26,155 - root - INFO - Epoch [94/10000], Train Loss: 0.0778, R2: 0.8924, RMSE: 0.2790 | Valid Loss: 0.3102, R2: -0.0776, RMSE: 0.5569
2026-02-22 19:55:26,252 - root - INFO - Epoch [95/10000], Train Loss: 0.0770, R2: 0.8935, RMSE: 0.2775 | Valid Loss: 0.3088, R2: -0.0729, RMSE: 0.5557
2026-02-22 19:55:26,348 - root - INFO - Epoch [96/10000], Train Loss: 0.0770, R2: 0.8936, RMSE: 0.2774 | Valid Loss: 0.3073, R2: -0.0674, RMSE: 0.5543
2026-02-22 19:55:26,444 - root - INFO - Epoch [97/10000], Train Loss: 0.0766, R2: 0.8940, RMSE: 0.2768 | Valid Loss: 0.3061, R2: -0.0635, RMSE: 0.5533
2026-02-22 19:55:26,537 - root - INFO - Epoch [98/10000], Train Loss: 0.0768, R2: 0.8938, RMSE: 0.2771 | Valid Loss: 0.3055, R2: -0.0612, RMSE: 0.5527
2026-02-22 19:55:26,631 - root - INFO - Epoch [99/10000], Train Loss: 0.0761, R2: 0.8948, RMSE: 0.2758 | Valid Loss: 0.3044, R2: -0.0574, RMSE: 0.5517
2026-02-22 19:55:26,718 - root - INFO - Epoch [100/10000], Train Loss: 0.0762, R2: 0.8946, RMSE: 0.2760 | Valid Loss: 0.3037, R2: -0.0551, RMSE: 0.5511
2026-02-22 19:55:26,814 - root - INFO - Epoch [101/10000], Train Loss: 0.0766, R2: 0.8940, RMSE: 0.2768 | Valid Loss: 0.3034, R2: -0.0541, RMSE: 0.5509
2026-02-22 19:55:26,910 - root - INFO - Epoch [102/10000], Train Loss: 0.0754, R2: 0.8957, RMSE: 0.2747 | Valid Loss: 0.3021, R2: -0.0496, RMSE: 0.5497
2026-02-22 19:55:27,003 - root - INFO - Epoch [103/10000], Train Loss: 0.0757, R2: 0.8953, RMSE: 0.2751 | Valid Loss: 0.3015, R2: -0.0472, RMSE: 0.5490
2026-02-22 19:55:27,097 - root - INFO - Epoch [104/10000], Train Loss: 0.0751, R2: 0.8961, RMSE: 0.2741 | Valid Loss: 0.3000, R2: -0.0423, RMSE: 0.5478
2026-02-22 19:55:27,187 - root - INFO - Epoch [105/10000], Train Loss: 0.0749, R2: 0.8965, RMSE: 0.2736 | Valid Loss: 0.2997, R2: -0.0410, RMSE: 0.5474
2026-02-22 19:55:27,281 - root - INFO - Epoch [106/10000], Train Loss: 0.0749, R2: 0.8964, RMSE: 0.2737 | Valid Loss: 0.2979, R2: -0.0350, RMSE: 0.5458
2026-02-22 19:55:27,373 - root - INFO - Epoch [107/10000], Train Loss: 0.0751, R2: 0.8961, RMSE: 0.2741 | Valid Loss: 0.2975, R2: -0.0336, RMSE: 0.5455
2026-02-22 19:55:27,466 - root - INFO - Epoch [108/10000], Train Loss: 0.0746, R2: 0.8968, RMSE: 0.2732 | Valid Loss: 0.2960, R2: -0.0281, RMSE: 0.5440
2026-02-22 19:55:27,557 - root - INFO - Epoch [109/10000], Train Loss: 0.0744, R2: 0.8971, RMSE: 0.2728 | Valid Loss: 0.2956, R2: -0.0270, RMSE: 0.5437
2026-02-22 19:55:27,649 - root - INFO - Epoch [110/10000], Train Loss: 0.0748, R2: 0.8965, RMSE: 0.2736 | Valid Loss: 0.2947, R2: -0.0237, RMSE: 0.5428
2026-02-22 19:55:27,746 - root - INFO - Epoch [111/10000], Train Loss: 0.0736, R2: 0.8983, RMSE: 0.2712 | Valid Loss: 0.2937, R2: -0.0202, RMSE: 0.5419
2026-02-22 19:55:27,839 - root - INFO - Epoch [112/10000], Train Loss: 0.0748, R2: 0.8965, RMSE: 0.2736 | Valid Loss: 0.2928, R2: -0.0173, RMSE: 0.5411
2026-02-22 19:55:27,932 - root - INFO - Epoch [113/10000], Train Loss: 0.0733, R2: 0.8986, RMSE: 0.2708 | Valid Loss: 0.2924, R2: -0.0157, RMSE: 0.5407
2026-02-22 19:55:28,027 - root - INFO - Epoch [114/10000], Train Loss: 0.0736, R2: 0.8982, RMSE: 0.2713 | Valid Loss: 0.2917, R2: -0.0134, RMSE: 0.5401
2026-02-22 19:55:28,121 - root - INFO - Epoch [115/10000], Train Loss: 0.0733, R2: 0.8986, RMSE: 0.2707 | Valid Loss: 0.2904, R2: -0.0089, RMSE: 0.5389
2026-02-22 19:55:28,213 - root - INFO - Epoch [116/10000], Train Loss: 0.0731, R2: 0.8989, RMSE: 0.2704 | Valid Loss: 0.2891, R2: -0.0045, RMSE: 0.5377
2026-02-22 19:55:28,308 - root - INFO - Epoch [117/10000], Train Loss: 0.0726, R2: 0.8997, RMSE: 0.2694 | Valid Loss: 0.2882, R2: -0.0011, RMSE: 0.5368
2026-02-22 19:55:28,403 - root - INFO - Epoch [118/10000], Train Loss: 0.0725, R2: 0.8997, RMSE: 0.2693 | Valid Loss: 0.2873, R2: 0.0018, RMSE: 0.5360
2026-02-22 19:55:28,496 - root - INFO - Epoch [119/10000], Train Loss: 0.0723, R2: 0.9000, RMSE: 0.2690 | Valid Loss: 0.2868, R2: 0.0036, RMSE: 0.5356
2026-02-22 19:55:28,590 - root - INFO - Epoch [120/10000], Train Loss: 0.0721, R2: 0.9003, RMSE: 0.2685 | Valid Loss: 0.2859, R2: 0.0067, RMSE: 0.5347
2026-02-22 19:55:28,687 - root - INFO - Epoch [121/10000], Train Loss: 0.0718, R2: 0.9006, RMSE: 0.2680 | Valid Loss: 0.2853, R2: 0.0090, RMSE: 0.5341
2026-02-22 19:55:28,782 - root - INFO - Epoch [122/10000], Train Loss: 0.0718, R2: 0.9008, RMSE: 0.2679 | Valid Loss: 0.2838, R2: 0.0140, RMSE: 0.5328
2026-02-22 19:55:28,877 - root - INFO - Epoch [123/10000], Train Loss: 0.0714, R2: 0.9012, RMSE: 0.2672 | Valid Loss: 0.2827, R2: 0.0178, RMSE: 0.5317
2026-02-22 19:55:28,969 - root - INFO - Epoch [124/10000], Train Loss: 0.0713, R2: 0.9013, RMSE: 0.2671 | Valid Loss: 0.2817, R2: 0.0214, RMSE: 0.5308
2026-02-22 19:55:29,061 - root - INFO - Epoch [125/10000], Train Loss: 0.0712, R2: 0.9016, RMSE: 0.2668 | Valid Loss: 0.2806, R2: 0.0254, RMSE: 0.5297
2026-02-22 19:55:29,153 - root - INFO - Epoch [126/10000], Train Loss: 0.0710, R2: 0.9018, RMSE: 0.2664 | Valid Loss: 0.2796, R2: 0.0287, RMSE: 0.5288
2026-02-22 19:55:29,249 - root - INFO - Epoch [127/10000], Train Loss: 0.0708, R2: 0.9021, RMSE: 0.2660 | Valid Loss: 0.2784, R2: 0.0329, RMSE: 0.5276
2026-02-22 19:55:29,340 - root - INFO - Epoch [128/10000], Train Loss: 0.0706, R2: 0.9024, RMSE: 0.2657 | Valid Loss: 0.2779, R2: 0.0347, RMSE: 0.5271
2026-02-22 19:55:29,435 - root - INFO - Epoch [129/10000], Train Loss: 0.0705, R2: 0.9025, RMSE: 0.2655 | Valid Loss: 0.2772, R2: 0.0369, RMSE: 0.5265
2026-02-22 19:55:29,525 - root - INFO - Epoch [130/10000], Train Loss: 0.0703, R2: 0.9028, RMSE: 0.2652 | Valid Loss: 0.2768, R2: 0.0383, RMSE: 0.5261
2026-02-22 19:55:29,620 - root - INFO - Epoch [131/10000], Train Loss: 0.0702, R2: 0.9029, RMSE: 0.2650 | Valid Loss: 0.2761, R2: 0.0407, RMSE: 0.5255
2026-02-22 19:55:29,710 - root - INFO - Epoch [132/10000], Train Loss: 0.0699, R2: 0.9033, RMSE: 0.2644 | Valid Loss: 0.2747, R2: 0.0456, RMSE: 0.5241
2026-02-22 19:55:29,804 - root - INFO - Epoch [133/10000], Train Loss: 0.0699, R2: 0.9033, RMSE: 0.2644 | Valid Loss: 0.2742, R2: 0.0474, RMSE: 0.5236
2026-02-22 19:55:29,896 - root - INFO - Epoch [134/10000], Train Loss: 0.0695, R2: 0.9039, RMSE: 0.2636 | Valid Loss: 0.2730, R2: 0.0515, RMSE: 0.5225
2026-02-22 19:55:29,987 - root - INFO - Epoch [135/10000], Train Loss: 0.0694, R2: 0.9040, RMSE: 0.2635 | Valid Loss: 0.2725, R2: 0.0534, RMSE: 0.5220
2026-02-22 19:55:30,080 - root - INFO - Epoch [136/10000], Train Loss: 0.0695, R2: 0.9039, RMSE: 0.2636 | Valid Loss: 0.2708, R2: 0.0591, RMSE: 0.5204
2026-02-22 19:55:30,172 - root - INFO - Epoch [137/10000], Train Loss: 0.0700, R2: 0.9032, RMSE: 0.2646 | Valid Loss: 0.2706, R2: 0.0599, RMSE: 0.5202
2026-02-22 19:55:30,262 - root - INFO - Epoch [138/10000], Train Loss: 0.0696, R2: 0.9038, RMSE: 0.2638 | Valid Loss: 0.2690, R2: 0.0656, RMSE: 0.5186
2026-02-22 19:55:30,360 - root - INFO - Epoch [139/10000], Train Loss: 0.0688, R2: 0.9049, RMSE: 0.2622 | Valid Loss: 0.2689, R2: 0.0657, RMSE: 0.5186
2026-02-22 19:55:30,454 - root - INFO - Epoch [140/10000], Train Loss: 0.0690, R2: 0.9046, RMSE: 0.2627 | Valid Loss: 0.2682, R2: 0.0683, RMSE: 0.5179
2026-02-22 19:55:30,550 - root - INFO - Epoch [141/10000], Train Loss: 0.0687, R2: 0.9050, RMSE: 0.2622 | Valid Loss: 0.2674, R2: 0.0710, RMSE: 0.5171
2026-02-22 19:55:30,642 - root - INFO - Epoch [142/10000], Train Loss: 0.0683, R2: 0.9056, RMSE: 0.2613 | Valid Loss: 0.2666, R2: 0.0737, RMSE: 0.5164
2026-02-22 19:55:30,738 - root - INFO - Epoch [143/10000], Train Loss: 0.0683, R2: 0.9056, RMSE: 0.2613 | Valid Loss: 0.2659, R2: 0.0762, RMSE: 0.5157
2026-02-22 19:55:30,833 - root - INFO - Epoch [144/10000], Train Loss: 0.0684, R2: 0.9055, RMSE: 0.2615 | Valid Loss: 0.2652, R2: 0.0788, RMSE: 0.5149
2026-02-22 19:55:30,925 - root - INFO - Epoch [145/10000], Train Loss: 0.0679, R2: 0.9061, RMSE: 0.2606 | Valid Loss: 0.2644, R2: 0.0816, RMSE: 0.5142
2026-02-22 19:55:31,020 - root - INFO - Epoch [146/10000], Train Loss: 0.0677, R2: 0.9064, RMSE: 0.2602 | Valid Loss: 0.2629, R2: 0.0866, RMSE: 0.5128
2026-02-22 19:55:31,118 - root - INFO - Epoch [147/10000], Train Loss: 0.0674, R2: 0.9068, RMSE: 0.2596 | Valid Loss: 0.2621, R2: 0.0896, RMSE: 0.5119
2026-02-22 19:55:31,214 - root - INFO - Epoch [148/10000], Train Loss: 0.0673, R2: 0.9069, RMSE: 0.2595 | Valid Loss: 0.2605, R2: 0.0952, RMSE: 0.5103
2026-02-22 19:55:31,304 - root - INFO - Epoch [149/10000], Train Loss: 0.0672, R2: 0.9071, RMSE: 0.2592 | Valid Loss: 0.2592, R2: 0.0995, RMSE: 0.5091
2026-02-22 19:55:31,398 - root - INFO - Epoch [150/10000], Train Loss: 0.0671, R2: 0.9072, RMSE: 0.2591 | Valid Loss: 0.2591, R2: 0.1000, RMSE: 0.5090
2026-02-22 19:55:31,494 - root - INFO - Epoch [151/10000], Train Loss: 0.0669, R2: 0.9075, RMSE: 0.2587 | Valid Loss: 0.2586, R2: 0.1018, RMSE: 0.5085
2026-02-22 19:55:31,594 - root - INFO - Epoch [152/10000], Train Loss: 0.0676, R2: 0.9065, RMSE: 0.2600 | Valid Loss: 0.2584, R2: 0.1023, RMSE: 0.5084
2026-02-22 19:55:31,687 - root - INFO - Epoch [153/10000], Train Loss: 0.0666, R2: 0.9079, RMSE: 0.2581 | Valid Loss: 0.2564, R2: 0.1092, RMSE: 0.5064
2026-02-22 19:55:31,790 - root - INFO - Epoch [154/10000], Train Loss: 0.0665, R2: 0.9080, RMSE: 0.2580 | Valid Loss: 0.2559, R2: 0.1110, RMSE: 0.5059
2026-02-22 19:55:31,884 - root - INFO - Epoch [155/10000], Train Loss: 0.0666, R2: 0.9078, RMSE: 0.2581 | Valid Loss: 0.2557, R2: 0.1119, RMSE: 0.5056
2026-02-22 19:55:31,979 - root - INFO - Epoch [156/10000], Train Loss: 0.0668, R2: 0.9076, RMSE: 0.2585 | Valid Loss: 0.2548, R2: 0.1150, RMSE: 0.5047
2026-02-22 19:55:32,069 - root - INFO - Epoch [157/10000], Train Loss: 0.0662, R2: 0.9084, RMSE: 0.2573 | Valid Loss: 0.2537, R2: 0.1187, RMSE: 0.5037
2026-02-22 19:55:32,165 - root - INFO - Epoch [158/10000], Train Loss: 0.0659, R2: 0.9089, RMSE: 0.2566 | Valid Loss: 0.2531, R2: 0.1208, RMSE: 0.5031
2026-02-22 19:55:32,264 - root - INFO - Epoch [159/10000], Train Loss: 0.0656, R2: 0.9093, RMSE: 0.2562 | Valid Loss: 0.2527, R2: 0.1220, RMSE: 0.5027
2026-02-22 19:55:32,361 - root - INFO - Epoch [160/10000], Train Loss: 0.0655, R2: 0.9094, RMSE: 0.2560 | Valid Loss: 0.2517, R2: 0.1258, RMSE: 0.5017
2026-02-22 19:55:32,457 - root - INFO - Epoch [161/10000], Train Loss: 0.0654, R2: 0.9096, RMSE: 0.2557 | Valid Loss: 0.2508, R2: 0.1287, RMSE: 0.5008
2026-02-22 19:55:32,554 - root - INFO - Epoch [162/10000], Train Loss: 0.0653, R2: 0.9097, RMSE: 0.2556 | Valid Loss: 0.2504, R2: 0.1302, RMSE: 0.5004
2026-02-22 19:55:32,662 - root - INFO - Epoch [163/10000], Train Loss: 0.0652, R2: 0.9098, RMSE: 0.2554 | Valid Loss: 0.2499, R2: 0.1318, RMSE: 0.4999
2026-02-22 19:55:32,761 - root - INFO - Epoch [164/10000], Train Loss: 0.0650, R2: 0.9101, RMSE: 0.2550 | Valid Loss: 0.2495, R2: 0.1334, RMSE: 0.4995
2026-02-22 19:55:32,860 - root - INFO - Epoch [165/10000], Train Loss: 0.0656, R2: 0.9093, RMSE: 0.2561 | Valid Loss: 0.2475, R2: 0.1401, RMSE: 0.4975
2026-02-22 19:55:32,962 - root - INFO - Epoch [166/10000], Train Loss: 0.0650, R2: 0.9102, RMSE: 0.2549 | Valid Loss: 0.2465, R2: 0.1435, RMSE: 0.4965
2026-02-22 19:55:33,061 - root - INFO - Epoch [167/10000], Train Loss: 0.0647, R2: 0.9106, RMSE: 0.2543 | Valid Loss: 0.2458, R2: 0.1463, RMSE: 0.4957
2026-02-22 19:55:33,153 - root - INFO - Epoch [168/10000], Train Loss: 0.0645, R2: 0.9108, RMSE: 0.2540 | Valid Loss: 0.2451, R2: 0.1486, RMSE: 0.4951
2026-02-22 19:55:33,257 - root - INFO - Epoch [169/10000], Train Loss: 0.0642, R2: 0.9113, RMSE: 0.2533 | Valid Loss: 0.2443, R2: 0.1512, RMSE: 0.4943
2026-02-22 19:55:33,353 - root - INFO - Epoch [170/10000], Train Loss: 0.0639, R2: 0.9117, RMSE: 0.2527 | Valid Loss: 0.2431, R2: 0.1555, RMSE: 0.4930
2026-02-22 19:55:33,446 - root - INFO - Epoch [171/10000], Train Loss: 0.0643, R2: 0.9111, RMSE: 0.2535 | Valid Loss: 0.2423, R2: 0.1582, RMSE: 0.4923
2026-02-22 19:55:33,542 - root - INFO - Epoch [172/10000], Train Loss: 0.0636, R2: 0.9120, RMSE: 0.2522 | Valid Loss: 0.2416, R2: 0.1608, RMSE: 0.4915
2026-02-22 19:55:33,636 - root - INFO - Epoch [173/10000], Train Loss: 0.0636, R2: 0.9120, RMSE: 0.2523 | Valid Loss: 0.2406, R2: 0.1642, RMSE: 0.4905
2026-02-22 19:55:33,730 - root - INFO - Epoch [174/10000], Train Loss: 0.0645, R2: 0.9107, RMSE: 0.2541 | Valid Loss: 0.2397, R2: 0.1674, RMSE: 0.4896
2026-02-22 19:55:33,824 - root - INFO - Epoch [175/10000], Train Loss: 0.0636, R2: 0.9120, RMSE: 0.2523 | Valid Loss: 0.2397, R2: 0.1672, RMSE: 0.4896
2026-02-22 19:55:33,918 - root - INFO - Epoch [176/10000], Train Loss: 0.0636, R2: 0.9120, RMSE: 0.2522 | Valid Loss: 0.2387, R2: 0.1709, RMSE: 0.4885
2026-02-22 19:55:34,014 - root - INFO - Epoch [177/10000], Train Loss: 0.0630, R2: 0.9129, RMSE: 0.2510 | Valid Loss: 0.2381, R2: 0.1729, RMSE: 0.4880
2026-02-22 19:55:34,108 - root - INFO - Epoch [178/10000], Train Loss: 0.0630, R2: 0.9129, RMSE: 0.2509 | Valid Loss: 0.2375, R2: 0.1748, RMSE: 0.4874
2026-02-22 19:55:34,204 - root - INFO - Epoch [179/10000], Train Loss: 0.0630, R2: 0.9129, RMSE: 0.2510 | Valid Loss: 0.2366, R2: 0.1780, RMSE: 0.4864
2026-02-22 19:55:34,299 - root - INFO - Epoch [180/10000], Train Loss: 0.0628, R2: 0.9131, RMSE: 0.2507 | Valid Loss: 0.2368, R2: 0.1775, RMSE: 0.4866
2026-02-22 19:55:34,393 - root - INFO - Epoch [181/10000], Train Loss: 0.0626, R2: 0.9135, RMSE: 0.2501 | Valid Loss: 0.2361, R2: 0.1799, RMSE: 0.4859
2026-02-22 19:55:34,487 - root - INFO - Epoch [182/10000], Train Loss: 0.0625, R2: 0.9136, RMSE: 0.2500 | Valid Loss: 0.2345, R2: 0.1855, RMSE: 0.4842
2026-02-22 19:55:34,585 - root - INFO - Epoch [183/10000], Train Loss: 0.0625, R2: 0.9136, RMSE: 0.2500 | Valid Loss: 0.2331, R2: 0.1904, RMSE: 0.4828
2026-02-22 19:55:34,678 - root - INFO - Epoch [184/10000], Train Loss: 0.0622, R2: 0.9140, RMSE: 0.2494 | Valid Loss: 0.2330, R2: 0.1906, RMSE: 0.4827
2026-02-22 19:55:34,769 - root - INFO - Epoch [185/10000], Train Loss: 0.0620, R2: 0.9143, RMSE: 0.2489 | Valid Loss: 0.2316, R2: 0.1953, RMSE: 0.4813
2026-02-22 19:55:34,862 - root - INFO - Epoch [186/10000], Train Loss: 0.0618, R2: 0.9146, RMSE: 0.2485 | Valid Loss: 0.2321, R2: 0.1938, RMSE: 0.4817
2026-02-22 19:55:34,954 - root - INFO - Epoch [187/10000], Train Loss: 0.0621, R2: 0.9141, RMSE: 0.2492 | Valid Loss: 0.2319, R2: 0.1945, RMSE: 0.4815
2026-02-22 19:55:35,044 - root - INFO - Epoch [188/10000], Train Loss: 0.0613, R2: 0.9152, RMSE: 0.2476 | Valid Loss: 0.2313, R2: 0.1964, RMSE: 0.4810
2026-02-22 19:55:35,136 - root - INFO - Epoch [189/10000], Train Loss: 0.0616, R2: 0.9149, RMSE: 0.2481 | Valid Loss: 0.2301, R2: 0.2008, RMSE: 0.4796
2026-02-22 19:55:35,230 - root - INFO - Epoch [190/10000], Train Loss: 0.0618, R2: 0.9146, RMSE: 0.2485 | Valid Loss: 0.2290, R2: 0.2044, RMSE: 0.4786
2026-02-22 19:55:35,324 - root - INFO - Epoch [191/10000], Train Loss: 0.0614, R2: 0.9150, RMSE: 0.2479 | Valid Loss: 0.2283, R2: 0.2068, RMSE: 0.4778
2026-02-22 19:55:35,413 - root - INFO - Epoch [192/10000], Train Loss: 0.0614, R2: 0.9151, RMSE: 0.2478 | Valid Loss: 0.2257, R2: 0.2161, RMSE: 0.4750
2026-02-22 19:55:35,512 - root - INFO - Epoch [193/10000], Train Loss: 0.0611, R2: 0.9155, RMSE: 0.2473 | Valid Loss: 0.2256, R2: 0.2162, RMSE: 0.4750
2026-02-22 19:55:35,609 - root - INFO - Epoch [194/10000], Train Loss: 0.0608, R2: 0.9159, RMSE: 0.2466 | Valid Loss: 0.2246, R2: 0.2197, RMSE: 0.4739
2026-02-22 19:55:35,704 - root - INFO - Epoch [195/10000], Train Loss: 0.0622, R2: 0.9139, RMSE: 0.2495 | Valid Loss: 0.2242, R2: 0.2213, RMSE: 0.4735
2026-02-22 19:55:35,800 - root - INFO - Epoch [196/10000], Train Loss: 0.0611, R2: 0.9155, RMSE: 0.2472 | Valid Loss: 0.2250, R2: 0.2183, RMSE: 0.4744
2026-02-22 19:55:35,895 - root - INFO - Epoch [197/10000], Train Loss: 0.0604, R2: 0.9165, RMSE: 0.2458 | Valid Loss: 0.2228, R2: 0.2260, RMSE: 0.4720
2026-02-22 19:55:35,989 - root - INFO - Epoch [198/10000], Train Loss: 0.0606, R2: 0.9162, RMSE: 0.2462 | Valid Loss: 0.2219, R2: 0.2292, RMSE: 0.4711
2026-02-22 19:55:36,086 - root - INFO - Epoch [199/10000], Train Loss: 0.0601, R2: 0.9169, RMSE: 0.2452 | Valid Loss: 0.2218, R2: 0.2296, RMSE: 0.4709
2026-02-22 19:55:36,182 - root - INFO - Epoch [200/10000], Train Loss: 0.0609, R2: 0.9158, RMSE: 0.2468 | Valid Loss: 0.2211, R2: 0.2318, RMSE: 0.4702
2026-02-22 19:55:36,270 - root - INFO - Epoch [201/10000], Train Loss: 0.0598, R2: 0.9173, RMSE: 0.2445 | Valid Loss: 0.2202, R2: 0.2351, RMSE: 0.4693
2026-02-22 19:55:36,366 - root - INFO - Epoch [202/10000], Train Loss: 0.0599, R2: 0.9172, RMSE: 0.2446 | Valid Loss: 0.2198, R2: 0.2366, RMSE: 0.4688
2026-02-22 19:55:36,457 - root - INFO - Epoch [203/10000], Train Loss: 0.0599, R2: 0.9172, RMSE: 0.2448 | Valid Loss: 0.2197, R2: 0.2366, RMSE: 0.4688
2026-02-22 19:55:36,550 - root - INFO - Epoch [204/10000], Train Loss: 0.0595, R2: 0.9177, RMSE: 0.2440 | Valid Loss: 0.2180, R2: 0.2427, RMSE: 0.4669
2026-02-22 19:55:36,641 - root - INFO - Epoch [205/10000], Train Loss: 0.0593, R2: 0.9179, RMSE: 0.2436 | Valid Loss: 0.2181, R2: 0.2423, RMSE: 0.4670
2026-02-22 19:55:36,734 - root - INFO - Epoch [206/10000], Train Loss: 0.0593, R2: 0.9180, RMSE: 0.2435 | Valid Loss: 0.2172, R2: 0.2455, RMSE: 0.4660
2026-02-22 19:55:36,828 - root - INFO - Epoch [207/10000], Train Loss: 0.0593, R2: 0.9180, RMSE: 0.2435 | Valid Loss: 0.2164, R2: 0.2483, RMSE: 0.4652
2026-02-22 19:55:36,923 - root - INFO - Epoch [208/10000], Train Loss: 0.0592, R2: 0.9181, RMSE: 0.2434 | Valid Loss: 0.2153, R2: 0.2520, RMSE: 0.4640
2026-02-22 19:55:37,013 - root - INFO - Epoch [209/10000], Train Loss: 0.0588, R2: 0.9186, RMSE: 0.2426 | Valid Loss: 0.2150, R2: 0.2531, RMSE: 0.4637
2026-02-22 19:55:37,112 - root - INFO - Epoch [210/10000], Train Loss: 0.0589, R2: 0.9186, RMSE: 0.2426 | Valid Loss: 0.2132, R2: 0.2594, RMSE: 0.4617
2026-02-22 19:55:37,204 - root - INFO - Epoch [211/10000], Train Loss: 0.0586, R2: 0.9189, RMSE: 0.2421 | Valid Loss: 0.2125, R2: 0.2619, RMSE: 0.4609
2026-02-22 19:55:37,295 - root - INFO - Epoch [212/10000], Train Loss: 0.0586, R2: 0.9190, RMSE: 0.2421 | Valid Loss: 0.2123, R2: 0.2625, RMSE: 0.4608
2026-02-22 19:55:37,384 - root - INFO - Epoch [213/10000], Train Loss: 0.0586, R2: 0.9189, RMSE: 0.2421 | Valid Loss: 0.2125, R2: 0.2618, RMSE: 0.4610
2026-02-22 19:55:37,477 - root - INFO - Epoch [214/10000], Train Loss: 0.0584, R2: 0.9193, RMSE: 0.2416 | Valid Loss: 0.2118, R2: 0.2642, RMSE: 0.4602
2026-02-22 19:55:37,568 - root - INFO - Epoch [215/10000], Train Loss: 0.0584, R2: 0.9192, RMSE: 0.2417 | Valid Loss: 0.2118, R2: 0.2642, RMSE: 0.4602
2026-02-22 19:55:37,660 - root - INFO - Epoch [216/10000], Train Loss: 0.0581, R2: 0.9197, RMSE: 0.2410 | Valid Loss: 0.2104, R2: 0.2691, RMSE: 0.4587
2026-02-22 19:55:37,754 - root - INFO - Epoch [217/10000], Train Loss: 0.0584, R2: 0.9193, RMSE: 0.2416 | Valid Loss: 0.2097, R2: 0.2714, RMSE: 0.4580
2026-02-22 19:55:37,846 - root - INFO - Epoch [218/10000], Train Loss: 0.0579, R2: 0.9199, RMSE: 0.2406 | Valid Loss: 0.2089, R2: 0.2743, RMSE: 0.4570
2026-02-22 19:55:37,937 - root - INFO - Epoch [219/10000], Train Loss: 0.0582, R2: 0.9196, RMSE: 0.2411 | Valid Loss: 0.2074, R2: 0.2793, RMSE: 0.4555
2026-02-22 19:55:38,028 - root - INFO - Epoch [220/10000], Train Loss: 0.0576, R2: 0.9203, RMSE: 0.2401 | Valid Loss: 0.2069, R2: 0.2813, RMSE: 0.4549
2026-02-22 19:55:38,124 - root - INFO - Epoch [221/10000], Train Loss: 0.0576, R2: 0.9203, RMSE: 0.2401 | Valid Loss: 0.2065, R2: 0.2826, RMSE: 0.4544
2026-02-22 19:55:38,213 - root - INFO - Epoch [222/10000], Train Loss: 0.0573, R2: 0.9208, RMSE: 0.2394 | Valid Loss: 0.2051, R2: 0.2877, RMSE: 0.4528
2026-02-22 19:55:38,307 - root - INFO - Epoch [223/10000], Train Loss: 0.0572, R2: 0.9209, RMSE: 0.2392 | Valid Loss: 0.2053, R2: 0.2869, RMSE: 0.4531
2026-02-22 19:55:38,398 - root - INFO - Epoch [224/10000], Train Loss: 0.0572, R2: 0.9209, RMSE: 0.2392 | Valid Loss: 0.2043, R2: 0.2903, RMSE: 0.4520
2026-02-22 19:55:38,491 - root - INFO - Epoch [225/10000], Train Loss: 0.0570, R2: 0.9211, RMSE: 0.2388 | Valid Loss: 0.2042, R2: 0.2906, RMSE: 0.4519
2026-02-22 19:55:38,584 - root - INFO - Epoch [226/10000], Train Loss: 0.0570, R2: 0.9212, RMSE: 0.2388 | Valid Loss: 0.2026, R2: 0.2961, RMSE: 0.4501
2026-02-22 19:55:38,677 - root - INFO - Epoch [227/10000], Train Loss: 0.0568, R2: 0.9214, RMSE: 0.2384 | Valid Loss: 0.2019, R2: 0.2988, RMSE: 0.4493
2026-02-22 19:55:38,768 - root - INFO - Epoch [228/10000], Train Loss: 0.0565, R2: 0.9219, RMSE: 0.2377 | Valid Loss: 0.2020, R2: 0.2984, RMSE: 0.4494
2026-02-22 19:55:38,859 - root - INFO - Epoch [229/10000], Train Loss: 0.0569, R2: 0.9213, RMSE: 0.2385 | Valid Loss: 0.2021, R2: 0.2980, RMSE: 0.4495
2026-02-22 19:55:38,956 - root - INFO - Epoch [230/10000], Train Loss: 0.0565, R2: 0.9218, RMSE: 0.2378 | Valid Loss: 0.2013, R2: 0.3008, RMSE: 0.4486
2026-02-22 19:55:39,050 - root - INFO - Epoch [231/10000], Train Loss: 0.0563, R2: 0.9221, RMSE: 0.2374 | Valid Loss: 0.1998, R2: 0.3059, RMSE: 0.4470
2026-02-22 19:55:39,154 - root - INFO - Epoch [232/10000], Train Loss: 0.0562, R2: 0.9223, RMSE: 0.2370 | Valid Loss: 0.1995, R2: 0.3071, RMSE: 0.4466
2026-02-22 19:55:39,247 - root - INFO - Epoch [233/10000], Train Loss: 0.0565, R2: 0.9218, RMSE: 0.2378 | Valid Loss: 0.1991, R2: 0.3084, RMSE: 0.4462
2026-02-22 19:55:39,345 - root - INFO - Epoch [234/10000], Train Loss: 0.0565, R2: 0.9219, RMSE: 0.2376 | Valid Loss: 0.1980, R2: 0.3123, RMSE: 0.4449
2026-02-22 19:55:39,438 - root - INFO - Epoch [235/10000], Train Loss: 0.0560, R2: 0.9226, RMSE: 0.2366 | Valid Loss: 0.1964, R2: 0.3176, RMSE: 0.4432
2026-02-22 19:55:39,534 - root - INFO - Epoch [236/10000], Train Loss: 0.0560, R2: 0.9226, RMSE: 0.2366 | Valid Loss: 0.1962, R2: 0.3184, RMSE: 0.4430
2026-02-22 19:55:39,628 - root - INFO - Epoch [237/10000], Train Loss: 0.0555, R2: 0.9232, RMSE: 0.2357 | Valid Loss: 0.1950, R2: 0.3225, RMSE: 0.4416
2026-02-22 19:55:39,716 - root - INFO - Epoch [238/10000], Train Loss: 0.0556, R2: 0.9231, RMSE: 0.2358 | Valid Loss: 0.1950, R2: 0.3227, RMSE: 0.4416
2026-02-22 19:55:39,813 - root - INFO - Epoch [239/10000], Train Loss: 0.0554, R2: 0.9234, RMSE: 0.2354 | Valid Loss: 0.1940, R2: 0.3262, RMSE: 0.4404
2026-02-22 19:55:39,909 - root - INFO - Epoch [240/10000], Train Loss: 0.0558, R2: 0.9229, RMSE: 0.2362 | Valid Loss: 0.1921, R2: 0.3327, RMSE: 0.4383
2026-02-22 19:55:40,027 - root - INFO - Epoch [241/10000], Train Loss: 0.0555, R2: 0.9232, RMSE: 0.2356 | Valid Loss: 0.1919, R2: 0.3334, RMSE: 0.4380
2026-02-22 19:55:40,117 - root - INFO - Epoch [242/10000], Train Loss: 0.0550, R2: 0.9239, RMSE: 0.2346 | Valid Loss: 0.1914, R2: 0.3350, RMSE: 0.4375
2026-02-22 19:55:40,222 - root - INFO - Epoch [243/10000], Train Loss: 0.0552, R2: 0.9237, RMSE: 0.2349 | Valid Loss: 0.1914, R2: 0.3351, RMSE: 0.4375
2026-02-22 19:55:40,317 - root - INFO - Epoch [244/10000], Train Loss: 0.0548, R2: 0.9242, RMSE: 0.2342 | Valid Loss: 0.1910, R2: 0.3365, RMSE: 0.4370
2026-02-22 19:55:40,410 - root - INFO - Epoch [245/10000], Train Loss: 0.0553, R2: 0.9235, RMSE: 0.2352 | Valid Loss: 0.1901, R2: 0.3395, RMSE: 0.4361
2026-02-22 19:55:40,505 - root - INFO - Epoch [246/10000], Train Loss: 0.0549, R2: 0.9241, RMSE: 0.2343 | Valid Loss: 0.1901, R2: 0.3397, RMSE: 0.4360
2026-02-22 19:55:40,600 - root - INFO - Epoch [247/10000], Train Loss: 0.0548, R2: 0.9242, RMSE: 0.2341 | Valid Loss: 0.1897, R2: 0.3411, RMSE: 0.4355
2026-02-22 19:55:40,696 - root - INFO - Epoch [248/10000], Train Loss: 0.0545, R2: 0.9246, RMSE: 0.2335 | Valid Loss: 0.1883, R2: 0.3460, RMSE: 0.4339
2026-02-22 19:55:40,790 - root - INFO - Epoch [249/10000], Train Loss: 0.0546, R2: 0.9244, RMSE: 0.2337 | Valid Loss: 0.1873, R2: 0.3495, RMSE: 0.4327
2026-02-22 19:55:40,886 - root - INFO - Epoch [250/10000], Train Loss: 0.0549, R2: 0.9241, RMSE: 0.2342 | Valid Loss: 0.1861, R2: 0.3535, RMSE: 0.4314
2026-02-22 19:55:40,979 - root - INFO - Epoch [251/10000], Train Loss: 0.0543, R2: 0.9249, RMSE: 0.2330 | Valid Loss: 0.1862, R2: 0.3532, RMSE: 0.4315
2026-02-22 19:55:41,070 - root - INFO - Epoch [252/10000], Train Loss: 0.0542, R2: 0.9250, RMSE: 0.2329 | Valid Loss: 0.1859, R2: 0.3543, RMSE: 0.4311
2026-02-22 19:55:41,173 - root - INFO - Epoch [253/10000], Train Loss: 0.0545, R2: 0.9247, RMSE: 0.2334 | Valid Loss: 0.1855, R2: 0.3557, RMSE: 0.4307
2026-02-22 19:55:41,269 - root - INFO - Epoch [254/10000], Train Loss: 0.0540, R2: 0.9253, RMSE: 0.2324 | Valid Loss: 0.1852, R2: 0.3566, RMSE: 0.4304
2026-02-22 19:55:41,364 - root - INFO - Epoch [255/10000], Train Loss: 0.0546, R2: 0.9244, RMSE: 0.2338 | Valid Loss: 0.1850, R2: 0.3574, RMSE: 0.4301
2026-02-22 19:55:41,467 - root - INFO - Epoch [256/10000], Train Loss: 0.0547, R2: 0.9243, RMSE: 0.2339 | Valid Loss: 0.1843, R2: 0.3597, RMSE: 0.4293
2026-02-22 19:55:41,562 - root - INFO - Epoch [257/10000], Train Loss: 0.0536, R2: 0.9259, RMSE: 0.2314 | Valid Loss: 0.1847, R2: 0.3583, RMSE: 0.4298
2026-02-22 19:55:41,660 - root - INFO - Epoch [258/10000], Train Loss: 0.0542, R2: 0.9250, RMSE: 0.2328 | Valid Loss: 0.1834, R2: 0.3629, RMSE: 0.4283
2026-02-22 19:55:41,755 - root - INFO - Epoch [259/10000], Train Loss: 0.0538, R2: 0.9255, RMSE: 0.2320 | Valid Loss: 0.1814, R2: 0.3699, RMSE: 0.4259
2026-02-22 19:55:41,850 - root - INFO - Epoch [260/10000], Train Loss: 0.0535, R2: 0.9260, RMSE: 0.2313 | Valid Loss: 0.1815, R2: 0.3696, RMSE: 0.4260
2026-02-22 19:55:41,944 - root - INFO - Epoch [261/10000], Train Loss: 0.0537, R2: 0.9258, RMSE: 0.2316 | Valid Loss: 0.1826, R2: 0.3658, RMSE: 0.4273
2026-02-22 19:55:42,039 - root - INFO - Epoch [262/10000], Train Loss: 0.0537, R2: 0.9258, RMSE: 0.2317 | Valid Loss: 0.1811, R2: 0.3708, RMSE: 0.4256
2026-02-22 19:55:42,133 - root - INFO - Epoch [263/10000], Train Loss: 0.0531, R2: 0.9266, RMSE: 0.2304 | Valid Loss: 0.1809, R2: 0.3715, RMSE: 0.4253
2026-02-22 19:55:42,227 - root - INFO - Epoch [264/10000], Train Loss: 0.0529, R2: 0.9268, RMSE: 0.2301 | Valid Loss: 0.1800, R2: 0.3747, RMSE: 0.4243
2026-02-22 19:55:42,319 - root - INFO - Epoch [265/10000], Train Loss: 0.0531, R2: 0.9266, RMSE: 0.2305 | Valid Loss: 0.1786, R2: 0.3795, RMSE: 0.4226
2026-02-22 19:55:42,412 - root - INFO - Epoch [266/10000], Train Loss: 0.0530, R2: 0.9267, RMSE: 0.2302 | Valid Loss: 0.1785, R2: 0.3799, RMSE: 0.4225
2026-02-22 19:55:42,505 - root - INFO - Epoch [267/10000], Train Loss: 0.0540, R2: 0.9254, RMSE: 0.2323 | Valid Loss: 0.1785, R2: 0.3799, RMSE: 0.4225
2026-02-22 19:55:42,601 - root - INFO - Epoch [268/10000], Train Loss: 0.0547, R2: 0.9244, RMSE: 0.2338 | Valid Loss: 0.1797, R2: 0.3758, RMSE: 0.4239
2026-02-22 19:55:42,693 - root - INFO - Epoch [269/10000], Train Loss: 0.0523, R2: 0.9277, RMSE: 0.2287 | Valid Loss: 0.1785, R2: 0.3798, RMSE: 0.4225
2026-02-22 19:55:42,787 - root - INFO - Epoch [270/10000], Train Loss: 0.0528, R2: 0.9270, RMSE: 0.2298 | Valid Loss: 0.1784, R2: 0.3801, RMSE: 0.4224
2026-02-22 19:55:42,880 - root - INFO - Epoch [271/10000], Train Loss: 0.0524, R2: 0.9275, RMSE: 0.2290 | Valid Loss: 0.1775, R2: 0.3833, RMSE: 0.4213
2026-02-22 19:55:42,964 - root - INFO - Epoch [272/10000], Train Loss: 0.0523, R2: 0.9277, RMSE: 0.2287 | Valid Loss: 0.1779, R2: 0.3821, RMSE: 0.4218
2026-02-22 19:55:43,059 - root - INFO - Epoch [273/10000], Train Loss: 0.0526, R2: 0.9272, RMSE: 0.2294 | Valid Loss: 0.1774, R2: 0.3836, RMSE: 0.4212
2026-02-22 19:55:43,152 - root - INFO - Epoch [274/10000], Train Loss: 0.0521, R2: 0.9279, RMSE: 0.2283 | Valid Loss: 0.1764, R2: 0.3871, RMSE: 0.4200
2026-02-22 19:55:43,257 - root - INFO - Epoch [275/10000], Train Loss: 0.0520, R2: 0.9280, RMSE: 0.2281 | Valid Loss: 0.1753, R2: 0.3909, RMSE: 0.4187
2026-02-22 19:55:43,353 - root - INFO - Epoch [276/10000], Train Loss: 0.0525, R2: 0.9273, RMSE: 0.2292 | Valid Loss: 0.1756, R2: 0.3900, RMSE: 0.4190
2026-02-22 19:55:43,446 - root - INFO - Epoch [277/10000], Train Loss: 0.0519, R2: 0.9282, RMSE: 0.2279 | Valid Loss: 0.1765, R2: 0.3869, RMSE: 0.4201
2026-02-22 19:55:43,539 - root - INFO - Epoch [278/10000], Train Loss: 0.0517, R2: 0.9285, RMSE: 0.2274 | Valid Loss: 0.1754, R2: 0.3905, RMSE: 0.4189
2026-02-22 19:55:43,630 - root - INFO - Epoch [279/10000], Train Loss: 0.0520, R2: 0.9281, RMSE: 0.2281 | Valid Loss: 0.1753, R2: 0.3910, RMSE: 0.4187
2026-02-22 19:55:43,723 - root - INFO - Epoch [280/10000], Train Loss: 0.0515, R2: 0.9287, RMSE: 0.2270 | Valid Loss: 0.1754, R2: 0.3907, RMSE: 0.4188
2026-02-22 19:55:43,812 - root - INFO - Epoch [281/10000], Train Loss: 0.0514, R2: 0.9290, RMSE: 0.2266 | Valid Loss: 0.1735, R2: 0.3971, RMSE: 0.4166
2026-02-22 19:55:43,917 - root - INFO - Epoch [282/10000], Train Loss: 0.0513, R2: 0.9290, RMSE: 0.2266 | Valid Loss: 0.1736, R2: 0.3970, RMSE: 0.4166
2026-02-22 19:55:44,014 - root - INFO - Epoch [283/10000], Train Loss: 0.0512, R2: 0.9292, RMSE: 0.2263 | Valid Loss: 0.1735, R2: 0.3974, RMSE: 0.4165
2026-02-22 19:55:44,107 - root - INFO - Epoch [284/10000], Train Loss: 0.0511, R2: 0.9293, RMSE: 0.2261 | Valid Loss: 0.1720, R2: 0.4026, RMSE: 0.4147
2026-02-22 19:55:44,200 - root - INFO - Epoch [285/10000], Train Loss: 0.0517, R2: 0.9286, RMSE: 0.2273 | Valid Loss: 0.1733, R2: 0.3981, RMSE: 0.4162
2026-02-22 19:55:44,293 - root - INFO - Epoch [286/10000], Train Loss: 0.0516, R2: 0.9286, RMSE: 0.2273 | Valid Loss: 0.1742, R2: 0.3948, RMSE: 0.4174
2026-02-22 19:55:44,385 - root - INFO - Epoch [287/10000], Train Loss: 0.0516, R2: 0.9286, RMSE: 0.2272 | Valid Loss: 0.1731, R2: 0.3985, RMSE: 0.4161
2026-02-22 19:55:44,481 - root - INFO - Epoch [288/10000], Train Loss: 0.0511, R2: 0.9293, RMSE: 0.2261 | Valid Loss: 0.1729, R2: 0.3994, RMSE: 0.4158
2026-02-22 19:55:44,576 - root - INFO - Epoch [289/10000], Train Loss: 0.0509, R2: 0.9296, RMSE: 0.2256 | Valid Loss: 0.1728, R2: 0.3997, RMSE: 0.4157
2026-02-22 19:55:44,670 - root - INFO - Epoch [290/10000], Train Loss: 0.0510, R2: 0.9295, RMSE: 0.2258 | Valid Loss: 0.1714, R2: 0.4045, RMSE: 0.4140
2026-02-22 19:55:44,766 - root - INFO - Epoch [291/10000], Train Loss: 0.0515, R2: 0.9288, RMSE: 0.2270 | Valid Loss: 0.1713, R2: 0.4049, RMSE: 0.4139
2026-02-22 19:55:44,857 - root - INFO - Epoch [292/10000], Train Loss: 0.0505, R2: 0.9302, RMSE: 0.2247 | Valid Loss: 0.1699, R2: 0.4099, RMSE: 0.4122
2026-02-22 19:55:44,953 - root - INFO - Epoch [293/10000], Train Loss: 0.0504, R2: 0.9303, RMSE: 0.2245 | Valid Loss: 0.1705, R2: 0.4078, RMSE: 0.4129
2026-02-22 19:55:45,045 - root - INFO - Epoch [294/10000], Train Loss: 0.0504, R2: 0.9304, RMSE: 0.2244 | Valid Loss: 0.1701, R2: 0.4092, RMSE: 0.4124
2026-02-22 19:55:45,137 - root - INFO - Epoch [295/10000], Train Loss: 0.0505, R2: 0.9301, RMSE: 0.2248 | Valid Loss: 0.1694, R2: 0.4115, RMSE: 0.4116
2026-02-22 19:55:45,230 - root - INFO - Epoch [296/10000], Train Loss: 0.0500, R2: 0.9308, RMSE: 0.2237 | Valid Loss: 0.1691, R2: 0.4125, RMSE: 0.4113
2026-02-22 19:55:45,325 - root - INFO - Epoch [297/10000], Train Loss: 0.0501, R2: 0.9308, RMSE: 0.2237 | Valid Loss: 0.1691, R2: 0.4126, RMSE: 0.4112
2026-02-22 19:55:45,422 - root - INFO - Epoch [298/10000], Train Loss: 0.0503, R2: 0.9304, RMSE: 0.2243 | Valid Loss: 0.1689, R2: 0.4131, RMSE: 0.4110
2026-02-22 19:55:45,523 - root - INFO - Epoch [299/10000], Train Loss: 0.0501, R2: 0.9307, RMSE: 0.2239 | Valid Loss: 0.1671, R2: 0.4196, RMSE: 0.4087
2026-02-22 19:55:45,616 - root - INFO - Epoch [300/10000], Train Loss: 0.0498, R2: 0.9311, RMSE: 0.2232 | Valid Loss: 0.1690, R2: 0.4129, RMSE: 0.4111
2026-02-22 19:55:45,712 - root - INFO - Epoch [301/10000], Train Loss: 0.0502, R2: 0.9306, RMSE: 0.2240 | Valid Loss: 0.1683, R2: 0.4153, RMSE: 0.4103
2026-02-22 19:55:45,808 - root - INFO - Epoch [302/10000], Train Loss: 0.0503, R2: 0.9304, RMSE: 0.2243 | Valid Loss: 0.1667, R2: 0.4208, RMSE: 0.4083
2026-02-22 19:55:45,906 - root - INFO - Epoch [303/10000], Train Loss: 0.0497, R2: 0.9313, RMSE: 0.2229 | Valid Loss: 0.1677, R2: 0.4173, RMSE: 0.4096
2026-02-22 19:55:46,001 - root - INFO - Epoch [304/10000], Train Loss: 0.0501, R2: 0.9307, RMSE: 0.2238 | Valid Loss: 0.1672, R2: 0.4191, RMSE: 0.4089
2026-02-22 19:55:46,097 - root - INFO - Epoch [305/10000], Train Loss: 0.0496, R2: 0.9314, RMSE: 0.2227 | Valid Loss: 0.1662, R2: 0.4227, RMSE: 0.4077
2026-02-22 19:55:46,188 - root - INFO - Epoch [306/10000], Train Loss: 0.0492, R2: 0.9319, RMSE: 0.2219 | Valid Loss: 0.1672, R2: 0.4193, RMSE: 0.4088
2026-02-22 19:55:46,282 - root - INFO - Epoch [307/10000], Train Loss: 0.0493, R2: 0.9318, RMSE: 0.2221 | Valid Loss: 0.1650, R2: 0.4267, RMSE: 0.4062
2026-02-22 19:55:46,377 - root - INFO - Epoch [308/10000], Train Loss: 0.0492, R2: 0.9320, RMSE: 0.2217 | Valid Loss: 0.1642, R2: 0.4297, RMSE: 0.4052
2026-02-22 19:55:46,479 - root - INFO - Epoch [309/10000], Train Loss: 0.0491, R2: 0.9321, RMSE: 0.2216 | Valid Loss: 0.1659, R2: 0.4238, RMSE: 0.4073
2026-02-22 19:55:46,608 - root - INFO - Epoch [310/10000], Train Loss: 0.0489, R2: 0.9324, RMSE: 0.2211 | Valid Loss: 0.1651, R2: 0.4266, RMSE: 0.4063
2026-02-22 19:55:46,753 - root - INFO - Epoch [311/10000], Train Loss: 0.0492, R2: 0.9320, RMSE: 0.2218 | Valid Loss: 0.1658, R2: 0.4241, RMSE: 0.4071
2026-02-22 19:55:46,886 - root - INFO - Epoch [312/10000], Train Loss: 0.0488, R2: 0.9326, RMSE: 0.2208 | Valid Loss: 0.1655, R2: 0.4249, RMSE: 0.4069
2026-02-22 19:55:47,029 - root - INFO - Epoch [313/10000], Train Loss: 0.0490, R2: 0.9322, RMSE: 0.2214 | Valid Loss: 0.1654, R2: 0.4255, RMSE: 0.4067
2026-02-22 19:55:47,164 - root - INFO - Epoch [314/10000], Train Loss: 0.0490, R2: 0.9323, RMSE: 0.2213 | Valid Loss: 0.1641, R2: 0.4301, RMSE: 0.4050
2026-02-22 19:55:47,292 - root - INFO - Epoch [315/10000], Train Loss: 0.0487, R2: 0.9327, RMSE: 0.2206 | Valid Loss: 0.1637, R2: 0.4312, RMSE: 0.4047
2026-02-22 19:55:47,422 - root - INFO - Epoch [316/10000], Train Loss: 0.0487, R2: 0.9327, RMSE: 0.2207 | Valid Loss: 0.1626, R2: 0.4350, RMSE: 0.4033
2026-02-22 19:55:47,556 - root - INFO - Epoch [317/10000], Train Loss: 0.0486, R2: 0.9328, RMSE: 0.2204 | Valid Loss: 0.1632, R2: 0.4332, RMSE: 0.4039
2026-02-22 19:55:47,700 - root - INFO - Epoch [318/10000], Train Loss: 0.0485, R2: 0.9329, RMSE: 0.2203 | Valid Loss: 0.1637, R2: 0.4313, RMSE: 0.4046
2026-02-22 19:55:47,842 - root - INFO - Epoch [319/10000], Train Loss: 0.0485, R2: 0.9329, RMSE: 0.2203 | Valid Loss: 0.1631, R2: 0.4334, RMSE: 0.4039
2026-02-22 19:55:47,996 - root - INFO - Epoch [320/10000], Train Loss: 0.0484, R2: 0.9331, RMSE: 0.2200 | Valid Loss: 0.1638, R2: 0.4309, RMSE: 0.4048
2026-02-22 19:55:48,155 - root - INFO - Epoch [321/10000], Train Loss: 0.0483, R2: 0.9332, RMSE: 0.2198 | Valid Loss: 0.1628, R2: 0.4345, RMSE: 0.4035
2026-02-22 19:55:48,321 - root - INFO - Epoch [322/10000], Train Loss: 0.0485, R2: 0.9329, RMSE: 0.2203 | Valid Loss: 0.1623, R2: 0.4362, RMSE: 0.4029
2026-02-22 19:55:48,488 - root - INFO - Epoch [323/10000], Train Loss: 0.0480, R2: 0.9337, RMSE: 0.2190 | Valid Loss: 0.1621, R2: 0.4370, RMSE: 0.4026
2026-02-22 19:55:48,633 - root - INFO - Epoch [324/10000], Train Loss: 0.0482, R2: 0.9333, RMSE: 0.2196 | Valid Loss: 0.1620, R2: 0.4371, RMSE: 0.4025
2026-02-22 19:55:48,791 - root - INFO - Epoch [325/10000], Train Loss: 0.0479, R2: 0.9337, RMSE: 0.2190 | Valid Loss: 0.1609, R2: 0.4409, RMSE: 0.4012
2026-02-22 19:55:48,939 - root - INFO - Epoch [326/10000], Train Loss: 0.0480, R2: 0.9336, RMSE: 0.2191 | Valid Loss: 0.1616, R2: 0.4386, RMSE: 0.4020
2026-02-22 19:55:49,069 - root - INFO - Epoch [327/10000], Train Loss: 0.0482, R2: 0.9334, RMSE: 0.2195 | Valid Loss: 0.1612, R2: 0.4399, RMSE: 0.4015
2026-02-22 19:55:49,204 - root - INFO - Epoch [328/10000], Train Loss: 0.0478, R2: 0.9339, RMSE: 0.2187 | Valid Loss: 0.1617, R2: 0.4384, RMSE: 0.4021
2026-02-22 19:55:49,343 - root - INFO - Epoch [329/10000], Train Loss: 0.0476, R2: 0.9341, RMSE: 0.2182 | Valid Loss: 0.1619, R2: 0.4375, RMSE: 0.4024
2026-02-22 19:55:49,489 - root - INFO - Epoch [330/10000], Train Loss: 0.0476, R2: 0.9342, RMSE: 0.2182 | Valid Loss: 0.1619, R2: 0.4376, RMSE: 0.4023
2026-02-22 19:55:49,635 - root - INFO - Epoch [331/10000], Train Loss: 0.0477, R2: 0.9341, RMSE: 0.2183 | Valid Loss: 0.1611, R2: 0.4405, RMSE: 0.4013
2026-02-22 19:55:49,774 - root - INFO - Epoch [332/10000], Train Loss: 0.0480, R2: 0.9336, RMSE: 0.2191 | Valid Loss: 0.1617, R2: 0.4384, RMSE: 0.4021
2026-02-22 19:55:49,907 - root - INFO - Epoch [333/10000], Train Loss: 0.0479, R2: 0.9338, RMSE: 0.2188 | Valid Loss: 0.1604, R2: 0.4428, RMSE: 0.4005
2026-02-22 19:55:50,053 - root - INFO - Epoch [334/10000], Train Loss: 0.0473, R2: 0.9345, RMSE: 0.2176 | Valid Loss: 0.1623, R2: 0.4364, RMSE: 0.4028
2026-02-22 19:55:50,225 - root - INFO - Epoch [335/10000], Train Loss: 0.0475, R2: 0.9343, RMSE: 0.2179 | Valid Loss: 0.1609, R2: 0.4409, RMSE: 0.4012
2026-02-22 19:55:50,385 - root - INFO - Epoch [336/10000], Train Loss: 0.0472, R2: 0.9347, RMSE: 0.2172 | Valid Loss: 0.1601, R2: 0.4440, RMSE: 0.4001
2026-02-22 19:55:50,542 - root - INFO - Epoch [337/10000], Train Loss: 0.0471, R2: 0.9348, RMSE: 0.2171 | Valid Loss: 0.1596, R2: 0.4456, RMSE: 0.3995
2026-02-22 19:55:50,694 - root - INFO - Epoch [338/10000], Train Loss: 0.0470, R2: 0.9351, RMSE: 0.2167 | Valid Loss: 0.1586, R2: 0.4491, RMSE: 0.3982
2026-02-22 19:55:50,868 - root - INFO - Epoch [339/10000], Train Loss: 0.0474, R2: 0.9345, RMSE: 0.2177 | Valid Loss: 0.1581, R2: 0.4507, RMSE: 0.3977
2026-02-22 19:55:51,004 - root - INFO - Epoch [340/10000], Train Loss: 0.0467, R2: 0.9355, RMSE: 0.2160 | Valid Loss: 0.1611, R2: 0.4403, RMSE: 0.4014
2026-02-22 19:55:51,118 - root - INFO - Epoch [341/10000], Train Loss: 0.0473, R2: 0.9346, RMSE: 0.2174 | Valid Loss: 0.1600, R2: 0.4442, RMSE: 0.4000
2026-02-22 19:55:51,223 - root - INFO - Epoch [342/10000], Train Loss: 0.0470, R2: 0.9350, RMSE: 0.2167 | Valid Loss: 0.1594, R2: 0.4463, RMSE: 0.3992
2026-02-22 19:55:51,331 - root - INFO - Epoch [343/10000], Train Loss: 0.0468, R2: 0.9353, RMSE: 0.2163 | Valid Loss: 0.1597, R2: 0.4454, RMSE: 0.3996
2026-02-22 19:55:51,432 - root - INFO - Epoch [344/10000], Train Loss: 0.0467, R2: 0.9354, RMSE: 0.2161 | Valid Loss: 0.1578, R2: 0.4517, RMSE: 0.3973
2026-02-22 19:55:51,530 - root - INFO - Epoch [345/10000], Train Loss: 0.0466, R2: 0.9356, RMSE: 0.2158 | Valid Loss: 0.1573, R2: 0.4537, RMSE: 0.3966
2026-02-22 19:55:51,632 - root - INFO - Epoch [346/10000], Train Loss: 0.0466, R2: 0.9356, RMSE: 0.2159 | Valid Loss: 0.1572, R2: 0.4539, RMSE: 0.3965
2026-02-22 19:55:51,731 - root - INFO - Epoch [347/10000], Train Loss: 0.0465, R2: 0.9357, RMSE: 0.2156 | Valid Loss: 0.1576, R2: 0.4527, RMSE: 0.3969
2026-02-22 19:55:51,830 - root - INFO - Epoch [348/10000], Train Loss: 0.0468, R2: 0.9353, RMSE: 0.2163 | Valid Loss: 0.1598, R2: 0.4448, RMSE: 0.3998
2026-02-22 19:55:51,960 - root - INFO - Epoch [349/10000], Train Loss: 0.0466, R2: 0.9355, RMSE: 0.2159 | Valid Loss: 0.1582, R2: 0.4503, RMSE: 0.3978
2026-02-22 19:55:52,080 - root - INFO - Epoch [350/10000], Train Loss: 0.0466, R2: 0.9356, RMSE: 0.2158 | Valid Loss: 0.1568, R2: 0.4553, RMSE: 0.3960
2026-02-22 19:55:52,192 - root - INFO - Epoch [351/10000], Train Loss: 0.0467, R2: 0.9354, RMSE: 0.2162 | Valid Loss: 0.1575, R2: 0.4528, RMSE: 0.3969
2026-02-22 19:55:52,306 - root - INFO - Epoch [352/10000], Train Loss: 0.0461, R2: 0.9362, RMSE: 0.2147 | Valid Loss: 0.1575, R2: 0.4530, RMSE: 0.3968
2026-02-22 19:55:52,414 - root - INFO - Epoch [353/10000], Train Loss: 0.0464, R2: 0.9358, RMSE: 0.2154 | Valid Loss: 0.1571, R2: 0.4542, RMSE: 0.3964
2026-02-22 19:55:52,525 - root - INFO - Epoch [354/10000], Train Loss: 0.0461, R2: 0.9362, RMSE: 0.2148 | Valid Loss: 0.1566, R2: 0.4559, RMSE: 0.3957
2026-02-22 19:55:52,635 - root - INFO - Epoch [355/10000], Train Loss: 0.0460, R2: 0.9364, RMSE: 0.2145 | Valid Loss: 0.1571, R2: 0.4543, RMSE: 0.3963
2026-02-22 19:55:52,745 - root - INFO - Epoch [356/10000], Train Loss: 0.0461, R2: 0.9362, RMSE: 0.2148 | Valid Loss: 0.1574, R2: 0.4531, RMSE: 0.3968
2026-02-22 19:55:52,855 - root - INFO - Epoch [357/10000], Train Loss: 0.0460, R2: 0.9364, RMSE: 0.2145 | Valid Loss: 0.1564, R2: 0.4567, RMSE: 0.3955
2026-02-22 19:55:52,962 - root - INFO - Epoch [358/10000], Train Loss: 0.0459, R2: 0.9365, RMSE: 0.2143 | Valid Loss: 0.1567, R2: 0.4556, RMSE: 0.3959
2026-02-22 19:55:53,086 - root - INFO - Epoch [359/10000], Train Loss: 0.0458, R2: 0.9367, RMSE: 0.2140 | Valid Loss: 0.1569, R2: 0.4551, RMSE: 0.3961
2026-02-22 19:55:53,233 - root - INFO - Epoch [360/10000], Train Loss: 0.0458, R2: 0.9367, RMSE: 0.2140 | Valid Loss: 0.1561, R2: 0.4576, RMSE: 0.3951
2026-02-22 19:55:53,402 - root - INFO - Epoch [361/10000], Train Loss: 0.0459, R2: 0.9366, RMSE: 0.2141 | Valid Loss: 0.1555, R2: 0.4598, RMSE: 0.3943
2026-02-22 19:55:53,579 - root - INFO - Epoch [362/10000], Train Loss: 0.0456, R2: 0.9370, RMSE: 0.2134 | Valid Loss: 0.1564, R2: 0.4567, RMSE: 0.3955
2026-02-22 19:55:53,749 - root - INFO - Epoch [363/10000], Train Loss: 0.0456, R2: 0.9369, RMSE: 0.2136 | Valid Loss: 0.1557, R2: 0.4590, RMSE: 0.3946
2026-02-22 19:55:53,891 - root - INFO - Epoch [364/10000], Train Loss: 0.0460, R2: 0.9364, RMSE: 0.2144 | Valid Loss: 0.1563, R2: 0.4571, RMSE: 0.3953
2026-02-22 19:55:54,022 - root - INFO - Epoch [365/10000], Train Loss: 0.0460, R2: 0.9364, RMSE: 0.2145 | Valid Loss: 0.1557, R2: 0.4590, RMSE: 0.3946
2026-02-22 19:55:54,140 - root - INFO - Epoch [366/10000], Train Loss: 0.0456, R2: 0.9369, RMSE: 0.2135 | Valid Loss: 0.1545, R2: 0.4631, RMSE: 0.3931
2026-02-22 19:55:54,255 - root - INFO - Epoch [367/10000], Train Loss: 0.0458, R2: 0.9367, RMSE: 0.2140 | Valid Loss: 0.1528, R2: 0.4693, RMSE: 0.3908
2026-02-22 19:55:54,362 - root - INFO - Epoch [368/10000], Train Loss: 0.0453, R2: 0.9373, RMSE: 0.2129 | Valid Loss: 0.1551, R2: 0.4614, RMSE: 0.3938
2026-02-22 19:55:54,469 - root - INFO - Epoch [369/10000], Train Loss: 0.0453, R2: 0.9374, RMSE: 0.2128 | Valid Loss: 0.1548, R2: 0.4622, RMSE: 0.3935
2026-02-22 19:55:54,574 - root - INFO - Epoch [370/10000], Train Loss: 0.0451, R2: 0.9376, RMSE: 0.2125 | Valid Loss: 0.1559, R2: 0.4583, RMSE: 0.3949
2026-02-22 19:55:54,677 - root - INFO - Epoch [371/10000], Train Loss: 0.0450, R2: 0.9377, RMSE: 0.2122 | Valid Loss: 0.1556, R2: 0.4595, RMSE: 0.3944
2026-02-22 19:55:54,773 - root - INFO - Epoch [372/10000], Train Loss: 0.0453, R2: 0.9373, RMSE: 0.2129 | Valid Loss: 0.1548, R2: 0.4623, RMSE: 0.3934
2026-02-22 19:55:54,871 - root - INFO - Epoch [373/10000], Train Loss: 0.0455, R2: 0.9371, RMSE: 0.2132 | Valid Loss: 0.1551, R2: 0.4612, RMSE: 0.3938
2026-02-22 19:55:54,971 - root - INFO - Epoch [374/10000], Train Loss: 0.0453, R2: 0.9374, RMSE: 0.2128 | Valid Loss: 0.1535, R2: 0.4669, RMSE: 0.3917
2026-02-22 19:55:55,067 - root - INFO - Epoch [375/10000], Train Loss: 0.0449, R2: 0.9379, RMSE: 0.2119 | Valid Loss: 0.1538, R2: 0.4658, RMSE: 0.3921
2026-02-22 19:55:55,172 - root - INFO - Epoch [376/10000], Train Loss: 0.0449, R2: 0.9379, RMSE: 0.2120 | Valid Loss: 0.1532, R2: 0.4677, RMSE: 0.3914
2026-02-22 19:55:55,287 - root - INFO - Epoch [377/10000], Train Loss: 0.0447, R2: 0.9381, RMSE: 0.2115 | Valid Loss: 0.1544, R2: 0.4636, RMSE: 0.3930
2026-02-22 19:55:55,391 - root - INFO - Epoch [378/10000], Train Loss: 0.0450, R2: 0.9378, RMSE: 0.2120 | Valid Loss: 0.1538, R2: 0.4658, RMSE: 0.3921
2026-02-22 19:55:55,495 - root - INFO - Epoch [379/10000], Train Loss: 0.0447, R2: 0.9381, RMSE: 0.2115 | Valid Loss: 0.1548, R2: 0.4622, RMSE: 0.3935
2026-02-22 19:55:55,607 - root - INFO - Epoch [380/10000], Train Loss: 0.0446, R2: 0.9383, RMSE: 0.2112 | Valid Loss: 0.1529, R2: 0.4687, RMSE: 0.3911
2026-02-22 19:55:55,716 - root - INFO - Epoch [381/10000], Train Loss: 0.0448, R2: 0.9381, RMSE: 0.2116 | Valid Loss: 0.1533, R2: 0.4675, RMSE: 0.3915
2026-02-22 19:55:55,841 - root - INFO - Epoch [382/10000], Train Loss: 0.0452, R2: 0.9374, RMSE: 0.2127 | Valid Loss: 0.1530, R2: 0.4685, RMSE: 0.3912
2026-02-22 19:55:55,998 - root - INFO - Epoch [383/10000], Train Loss: 0.0446, R2: 0.9383, RMSE: 0.2113 | Valid Loss: 0.1536, R2: 0.4665, RMSE: 0.3919
2026-02-22 19:55:56,122 - root - INFO - Epoch [384/10000], Train Loss: 0.0444, R2: 0.9386, RMSE: 0.2107 | Valid Loss: 0.1536, R2: 0.4664, RMSE: 0.3919
2026-02-22 19:55:56,234 - root - INFO - Epoch [385/10000], Train Loss: 0.0443, R2: 0.9388, RMSE: 0.2104 | Valid Loss: 0.1543, R2: 0.4641, RMSE: 0.3928
2026-02-22 19:55:56,341 - root - INFO - Epoch [386/10000], Train Loss: 0.0451, R2: 0.9377, RMSE: 0.2123 | Valid Loss: 0.1557, R2: 0.4590, RMSE: 0.3946
2026-02-22 19:55:56,444 - root - INFO - Epoch [387/10000], Train Loss: 0.0440, R2: 0.9392, RMSE: 0.2097 | Valid Loss: 0.1543, R2: 0.4640, RMSE: 0.3928
2026-02-22 19:55:56,558 - root - INFO - Epoch [388/10000], Train Loss: 0.0446, R2: 0.9383, RMSE: 0.2113 | Valid Loss: 0.1555, R2: 0.4597, RMSE: 0.3944
2026-02-22 19:55:56,690 - root - INFO - Epoch [389/10000], Train Loss: 0.0439, R2: 0.9393, RMSE: 0.2096 | Valid Loss: 0.1545, R2: 0.4632, RMSE: 0.3931
2026-02-22 19:55:56,799 - root - INFO - Epoch [390/10000], Train Loss: 0.0443, R2: 0.9387, RMSE: 0.2105 | Valid Loss: 0.1547, R2: 0.4625, RMSE: 0.3934
2026-02-22 19:55:56,908 - root - INFO - Epoch [391/10000], Train Loss: 0.0441, R2: 0.9391, RMSE: 0.2099 | Valid Loss: 0.1533, R2: 0.4673, RMSE: 0.3916
2026-02-22 19:55:57,017 - root - INFO - Epoch [392/10000], Train Loss: 0.0440, R2: 0.9392, RMSE: 0.2097 | Valid Loss: 0.1530, R2: 0.4685, RMSE: 0.3912
2026-02-22 19:55:57,127 - root - INFO - Epoch [393/10000], Train Loss: 0.0439, R2: 0.9393, RMSE: 0.2095 | Valid Loss: 0.1525, R2: 0.4703, RMSE: 0.3905
2026-02-22 19:55:57,229 - root - INFO - Epoch [394/10000], Train Loss: 0.0439, R2: 0.9394, RMSE: 0.2094 | Valid Loss: 0.1534, R2: 0.4673, RMSE: 0.3916
2026-02-22 19:55:57,321 - root - INFO - Epoch [395/10000], Train Loss: 0.0444, R2: 0.9386, RMSE: 0.2107 | Valid Loss: 0.1525, R2: 0.4701, RMSE: 0.3905
2026-02-22 19:55:57,425 - root - INFO - Epoch [396/10000], Train Loss: 0.0439, R2: 0.9394, RMSE: 0.2094 | Valid Loss: 0.1511, R2: 0.4750, RMSE: 0.3888
2026-02-22 19:55:57,522 - root - INFO - Epoch [397/10000], Train Loss: 0.0440, R2: 0.9391, RMSE: 0.2098 | Valid Loss: 0.1528, R2: 0.4690, RMSE: 0.3910
2026-02-22 19:55:57,626 - root - INFO - Epoch [398/10000], Train Loss: 0.0440, R2: 0.9391, RMSE: 0.2098 | Valid Loss: 0.1522, R2: 0.4714, RMSE: 0.3901
2026-02-22 19:55:57,716 - root - INFO - Epoch [399/10000], Train Loss: 0.0438, R2: 0.9394, RMSE: 0.2093 | Valid Loss: 0.1532, R2: 0.4677, RMSE: 0.3914
2026-02-22 19:55:57,812 - root - INFO - Epoch [400/10000], Train Loss: 0.0436, R2: 0.9397, RMSE: 0.2088 | Valid Loss: 0.1524, R2: 0.4707, RMSE: 0.3903
2026-02-22 19:55:57,907 - root - INFO - Epoch [401/10000], Train Loss: 0.0434, R2: 0.9400, RMSE: 0.2084 | Valid Loss: 0.1524, R2: 0.4706, RMSE: 0.3904
2026-02-22 19:55:58,002 - root - INFO - Epoch [402/10000], Train Loss: 0.0438, R2: 0.9394, RMSE: 0.2094 | Valid Loss: 0.1520, R2: 0.4719, RMSE: 0.3899
2026-02-22 19:55:58,097 - root - INFO - Epoch [403/10000], Train Loss: 0.0435, R2: 0.9399, RMSE: 0.2085 | Valid Loss: 0.1510, R2: 0.4753, RMSE: 0.3886
2026-02-22 19:55:58,192 - root - INFO - Epoch [404/10000], Train Loss: 0.0432, R2: 0.9403, RMSE: 0.2078 | Valid Loss: 0.1526, R2: 0.4700, RMSE: 0.3906
2026-02-22 19:55:58,286 - root - INFO - Epoch [405/10000], Train Loss: 0.0439, R2: 0.9393, RMSE: 0.2095 | Valid Loss: 0.1526, R2: 0.4697, RMSE: 0.3907
2026-02-22 19:55:58,382 - root - INFO - Epoch [406/10000], Train Loss: 0.0441, R2: 0.9390, RMSE: 0.2101 | Valid Loss: 0.1528, R2: 0.4691, RMSE: 0.3909
2026-02-22 19:55:58,483 - root - INFO - Epoch [407/10000], Train Loss: 0.0442, R2: 0.9389, RMSE: 0.2102 | Valid Loss: 0.1557, R2: 0.4593, RMSE: 0.3945
2026-02-22 19:55:58,582 - root - INFO - Epoch [408/10000], Train Loss: 0.0434, R2: 0.9400, RMSE: 0.2083 | Valid Loss: 0.1524, R2: 0.4704, RMSE: 0.3904
2026-02-22 19:55:58,684 - root - INFO - Epoch [409/10000], Train Loss: 0.0433, R2: 0.9401, RMSE: 0.2082 | Valid Loss: 0.1531, R2: 0.4682, RMSE: 0.3913
2026-02-22 19:55:58,781 - root - INFO - Epoch [410/10000], Train Loss: 0.0430, R2: 0.9406, RMSE: 0.2073 | Valid Loss: 0.1515, R2: 0.4736, RMSE: 0.3893
2026-02-22 19:55:58,873 - root - INFO - Epoch [411/10000], Train Loss: 0.0432, R2: 0.9403, RMSE: 0.2078 | Valid Loss: 0.1533, R2: 0.4675, RMSE: 0.3915
2026-02-22 19:55:58,965 - root - INFO - Epoch [412/10000], Train Loss: 0.0431, R2: 0.9403, RMSE: 0.2077 | Valid Loss: 0.1547, R2: 0.4625, RMSE: 0.3933
2026-02-22 19:55:59,064 - root - INFO - Epoch [413/10000], Train Loss: 0.0435, R2: 0.9399, RMSE: 0.2085 | Valid Loss: 0.1557, R2: 0.4591, RMSE: 0.3946
2026-02-22 19:55:59,157 - root - INFO - Epoch [414/10000], Train Loss: 0.0428, R2: 0.9408, RMSE: 0.2069 | Valid Loss: 0.1548, R2: 0.4624, RMSE: 0.3934
2026-02-22 19:55:59,250 - root - INFO - Epoch [415/10000], Train Loss: 0.0427, R2: 0.9410, RMSE: 0.2066 | Valid Loss: 0.1521, R2: 0.4717, RMSE: 0.3900
2026-02-22 19:55:59,346 - root - INFO - Epoch [416/10000], Train Loss: 0.0430, R2: 0.9405, RMSE: 0.2075 | Valid Loss: 0.1525, R2: 0.4701, RMSE: 0.3906
2026-02-22 19:55:59,439 - root - INFO - Epoch [417/10000], Train Loss: 0.0435, R2: 0.9399, RMSE: 0.2085 | Valid Loss: 0.1542, R2: 0.4643, RMSE: 0.3927
2026-02-22 19:55:59,532 - root - INFO - Epoch [418/10000], Train Loss: 0.0428, R2: 0.9409, RMSE: 0.2068 | Valid Loss: 0.1520, R2: 0.4719, RMSE: 0.3899
2026-02-22 19:55:59,625 - root - INFO - Epoch [419/10000], Train Loss: 0.0430, R2: 0.9405, RMSE: 0.2074 | Valid Loss: 0.1527, R2: 0.4694, RMSE: 0.3908
2026-02-22 19:55:59,721 - root - INFO - Epoch [420/10000], Train Loss: 0.0428, R2: 0.9408, RMSE: 0.2069 | Valid Loss: 0.1518, R2: 0.4728, RMSE: 0.3896
2026-02-22 19:55:59,824 - root - INFO - Epoch [421/10000], Train Loss: 0.0423, R2: 0.9415, RMSE: 0.2056 | Valid Loss: 0.1511, R2: 0.4749, RMSE: 0.3888
2026-02-22 19:55:59,918 - root - INFO - Epoch [422/10000], Train Loss: 0.0429, R2: 0.9407, RMSE: 0.2071 | Valid Loss: 0.1528, R2: 0.4693, RMSE: 0.3909
2026-02-22 19:56:00,017 - root - INFO - Epoch [423/10000], Train Loss: 0.0428, R2: 0.9409, RMSE: 0.2068 | Valid Loss: 0.1540, R2: 0.4650, RMSE: 0.3924
2026-02-22 19:56:00,121 - root - INFO - Epoch [424/10000], Train Loss: 0.0426, R2: 0.9411, RMSE: 0.2065 | Valid Loss: 0.1520, R2: 0.4719, RMSE: 0.3899
2026-02-22 19:56:00,217 - root - INFO - Epoch [425/10000], Train Loss: 0.0425, R2: 0.9412, RMSE: 0.2063 | Valid Loss: 0.1520, R2: 0.4719, RMSE: 0.3899
2026-02-22 19:56:00,307 - root - INFO - Epoch [426/10000], Train Loss: 0.0423, R2: 0.9415, RMSE: 0.2056 | Valid Loss: 0.1513, R2: 0.4743, RMSE: 0.3890
2026-02-22 19:56:00,405 - root - INFO - Epoch [427/10000], Train Loss: 0.0425, R2: 0.9412, RMSE: 0.2062 | Valid Loss: 0.1513, R2: 0.4743, RMSE: 0.3890
2026-02-22 19:56:00,501 - root - INFO - Epoch [428/10000], Train Loss: 0.0425, R2: 0.9412, RMSE: 0.2061 | Valid Loss: 0.1541, R2: 0.4648, RMSE: 0.3925
2026-02-22 19:56:00,599 - root - INFO - Epoch [429/10000], Train Loss: 0.0420, R2: 0.9419, RMSE: 0.2050 | Valid Loss: 0.1518, R2: 0.4726, RMSE: 0.3896
2026-02-22 19:56:00,698 - root - INFO - Epoch [430/10000], Train Loss: 0.0421, R2: 0.9418, RMSE: 0.2051 | Valid Loss: 0.1515, R2: 0.4735, RMSE: 0.3893
2026-02-22 19:56:00,793 - root - INFO - Epoch [431/10000], Train Loss: 0.0419, R2: 0.9421, RMSE: 0.2047 | Valid Loss: 0.1514, R2: 0.4741, RMSE: 0.3891
2026-02-22 19:56:00,890 - root - INFO - Epoch [432/10000], Train Loss: 0.0419, R2: 0.9420, RMSE: 0.2048 | Valid Loss: 0.1509, R2: 0.4759, RMSE: 0.3884
2026-02-22 19:56:00,994 - root - INFO - Epoch [433/10000], Train Loss: 0.0418, R2: 0.9421, RMSE: 0.2046 | Valid Loss: 0.1499, R2: 0.4792, RMSE: 0.3872
2026-02-22 19:56:01,093 - root - INFO - Epoch [434/10000], Train Loss: 0.0418, R2: 0.9421, RMSE: 0.2045 | Valid Loss: 0.1505, R2: 0.4773, RMSE: 0.3879
2026-02-22 19:56:01,190 - root - INFO - Epoch [435/10000], Train Loss: 0.0418, R2: 0.9422, RMSE: 0.2045 | Valid Loss: 0.1507, R2: 0.4765, RMSE: 0.3882
2026-02-22 19:56:01,287 - root - INFO - Epoch [436/10000], Train Loss: 0.0419, R2: 0.9421, RMSE: 0.2047 | Valid Loss: 0.1512, R2: 0.4746, RMSE: 0.3889
2026-02-22 19:56:01,384 - root - INFO - Epoch [437/10000], Train Loss: 0.0421, R2: 0.9418, RMSE: 0.2052 | Valid Loss: 0.1538, R2: 0.4658, RMSE: 0.3921
2026-02-22 19:56:01,482 - root - INFO - Epoch [438/10000], Train Loss: 0.0418, R2: 0.9422, RMSE: 0.2044 | Valid Loss: 0.1507, R2: 0.4766, RMSE: 0.3882
2026-02-22 19:56:01,578 - root - INFO - Epoch [439/10000], Train Loss: 0.0427, R2: 0.9410, RMSE: 0.2065 | Valid Loss: 0.1522, R2: 0.4714, RMSE: 0.3901
2026-02-22 19:56:01,672 - root - INFO - Epoch [440/10000], Train Loss: 0.0417, R2: 0.9424, RMSE: 0.2041 | Valid Loss: 0.1514, R2: 0.4740, RMSE: 0.3891
2026-02-22 19:56:01,771 - root - INFO - Epoch [441/10000], Train Loss: 0.0421, R2: 0.9418, RMSE: 0.2051 | Valid Loss: 0.1521, R2: 0.4716, RMSE: 0.3900
2026-02-22 19:56:01,862 - root - INFO - Epoch [442/10000], Train Loss: 0.0417, R2: 0.9423, RMSE: 0.2042 | Valid Loss: 0.1521, R2: 0.4715, RMSE: 0.3900
2026-02-22 19:56:01,966 - root - INFO - Epoch [443/10000], Train Loss: 0.0416, R2: 0.9425, RMSE: 0.2040 | Valid Loss: 0.1494, R2: 0.4811, RMSE: 0.3865
2026-02-22 19:56:02,057 - root - INFO - Epoch [444/10000], Train Loss: 0.0413, R2: 0.9429, RMSE: 0.2031 | Valid Loss: 0.1508, R2: 0.4761, RMSE: 0.3883
2026-02-22 19:56:02,153 - root - INFO - Epoch [445/10000], Train Loss: 0.0414, R2: 0.9428, RMSE: 0.2034 | Valid Loss: 0.1504, R2: 0.4775, RMSE: 0.3878
2026-02-22 19:56:02,248 - root - INFO - Epoch [446/10000], Train Loss: 0.0411, R2: 0.9431, RMSE: 0.2028 | Valid Loss: 0.1502, R2: 0.4783, RMSE: 0.3875
2026-02-22 19:56:02,358 - root - INFO - Epoch [447/10000], Train Loss: 0.0417, R2: 0.9423, RMSE: 0.2042 | Valid Loss: 0.1518, R2: 0.4728, RMSE: 0.3896
2026-02-22 19:56:02,490 - root - INFO - Epoch [448/10000], Train Loss: 0.0416, R2: 0.9425, RMSE: 0.2040 | Valid Loss: 0.1503, R2: 0.4779, RMSE: 0.3877
2026-02-22 19:56:02,621 - root - INFO - Epoch [449/10000], Train Loss: 0.0418, R2: 0.9423, RMSE: 0.2043 | Valid Loss: 0.1503, R2: 0.4780, RMSE: 0.3876
2026-02-22 19:56:02,772 - root - INFO - Epoch [450/10000], Train Loss: 0.0410, R2: 0.9433, RMSE: 0.2024 | Valid Loss: 0.1515, R2: 0.4735, RMSE: 0.3893
2026-02-22 19:56:02,916 - root - INFO - Epoch [451/10000], Train Loss: 0.0411, R2: 0.9431, RMSE: 0.2028 | Valid Loss: 0.1519, R2: 0.4723, RMSE: 0.3898
2026-02-22 19:56:03,051 - root - INFO - Epoch [452/10000], Train Loss: 0.0414, R2: 0.9427, RMSE: 0.2035 | Valid Loss: 0.1517, R2: 0.4729, RMSE: 0.3895
2026-02-22 19:56:03,180 - root - INFO - Epoch [453/10000], Train Loss: 0.0415, R2: 0.9427, RMSE: 0.2036 | Valid Loss: 0.1509, R2: 0.4759, RMSE: 0.3884
2026-02-22 19:56:03,308 - root - INFO - Epoch [454/10000], Train Loss: 0.0425, R2: 0.9412, RMSE: 0.2061 | Valid Loss: 0.1509, R2: 0.4758, RMSE: 0.3884
2026-02-22 19:56:03,452 - root - INFO - Epoch [455/10000], Train Loss: 0.0429, R2: 0.9406, RMSE: 0.2072 | Valid Loss: 0.1497, R2: 0.4799, RMSE: 0.3869
2026-02-22 19:56:03,583 - root - INFO - Epoch [456/10000], Train Loss: 0.0412, R2: 0.9430, RMSE: 0.2030 | Valid Loss: 0.1504, R2: 0.4775, RMSE: 0.3878
2026-02-22 19:56:03,699 - root - INFO - Epoch [457/10000], Train Loss: 0.0410, R2: 0.9433, RMSE: 0.2024 | Valid Loss: 0.1525, R2: 0.4702, RMSE: 0.3905
2026-02-22 19:56:03,822 - root - INFO - Epoch [458/10000], Train Loss: 0.0413, R2: 0.9429, RMSE: 0.2033 | Valid Loss: 0.1533, R2: 0.4674, RMSE: 0.3916
2026-02-22 19:56:03,927 - root - INFO - Epoch [459/10000], Train Loss: 0.0406, R2: 0.9438, RMSE: 0.2015 | Valid Loss: 0.1521, R2: 0.4718, RMSE: 0.3899
2026-02-22 19:56:04,030 - root - INFO - Epoch [460/10000], Train Loss: 0.0406, R2: 0.9439, RMSE: 0.2015 | Valid Loss: 0.1512, R2: 0.4748, RMSE: 0.3888
2026-02-22 19:56:04,140 - root - INFO - Epoch [461/10000], Train Loss: 0.0406, R2: 0.9438, RMSE: 0.2015 | Valid Loss: 0.1497, R2: 0.4800, RMSE: 0.3869
2026-02-22 19:56:04,260 - root - INFO - Epoch [462/10000], Train Loss: 0.0405, R2: 0.9440, RMSE: 0.2012 | Valid Loss: 0.1488, R2: 0.4832, RMSE: 0.3857
2026-02-22 19:56:04,362 - root - INFO - Epoch [463/10000], Train Loss: 0.0406, R2: 0.9438, RMSE: 0.2016 | Valid Loss: 0.1509, R2: 0.4756, RMSE: 0.3885
2026-02-22 19:56:04,467 - root - INFO - Epoch [464/10000], Train Loss: 0.0417, R2: 0.9423, RMSE: 0.2042 | Valid Loss: 0.1507, R2: 0.4764, RMSE: 0.3882
2026-02-22 19:56:04,567 - root - INFO - Epoch [465/10000], Train Loss: 0.0421, R2: 0.9418, RMSE: 0.2051 | Valid Loss: 0.1507, R2: 0.4766, RMSE: 0.3882
2026-02-22 19:56:04,671 - root - INFO - Epoch [466/10000], Train Loss: 0.0416, R2: 0.9425, RMSE: 0.2039 | Valid Loss: 0.1512, R2: 0.4749, RMSE: 0.3888
2026-02-22 19:56:04,777 - root - INFO - Epoch [467/10000], Train Loss: 0.0402, R2: 0.9444, RMSE: 0.2006 | Valid Loss: 0.1487, R2: 0.4835, RMSE: 0.3856
2026-02-22 19:56:04,877 - root - INFO - Epoch [468/10000], Train Loss: 0.0403, R2: 0.9443, RMSE: 0.2007 | Valid Loss: 0.1487, R2: 0.4835, RMSE: 0.3856
2026-02-22 19:56:04,975 - root - INFO - Epoch [469/10000], Train Loss: 0.0400, R2: 0.9446, RMSE: 0.2001 | Valid Loss: 0.1507, R2: 0.4763, RMSE: 0.3883
2026-02-22 19:56:05,072 - root - INFO - Epoch [470/10000], Train Loss: 0.0400, R2: 0.9447, RMSE: 0.2001 | Valid Loss: 0.1502, R2: 0.4781, RMSE: 0.3876
2026-02-22 19:56:05,171 - root - INFO - Epoch [471/10000], Train Loss: 0.0400, R2: 0.9446, RMSE: 0.2001 | Valid Loss: 0.1507, R2: 0.4764, RMSE: 0.3882
2026-02-22 19:56:05,272 - root - INFO - Epoch [472/10000], Train Loss: 0.0401, R2: 0.9446, RMSE: 0.2002 | Valid Loss: 0.1499, R2: 0.4793, RMSE: 0.3872
2026-02-22 19:56:05,373 - root - INFO - Epoch [473/10000], Train Loss: 0.0404, R2: 0.9441, RMSE: 0.2010 | Valid Loss: 0.1500, R2: 0.4788, RMSE: 0.3873
2026-02-22 19:56:05,470 - root - INFO - Epoch [474/10000], Train Loss: 0.0404, R2: 0.9441, RMSE: 0.2010 | Valid Loss: 0.1500, R2: 0.4790, RMSE: 0.3873
2026-02-22 19:56:05,566 - root - INFO - Epoch [475/10000], Train Loss: 0.0402, R2: 0.9444, RMSE: 0.2006 | Valid Loss: 0.1496, R2: 0.4802, RMSE: 0.3868
2026-02-22 19:56:05,659 - root - INFO - Epoch [476/10000], Train Loss: 0.0405, R2: 0.9440, RMSE: 0.2013 | Valid Loss: 0.1503, R2: 0.4780, RMSE: 0.3876
2026-02-22 19:56:05,754 - root - INFO - Epoch [477/10000], Train Loss: 0.0402, R2: 0.9443, RMSE: 0.2006 | Valid Loss: 0.1473, R2: 0.4881, RMSE: 0.3839
2026-02-22 19:56:05,848 - root - INFO - Epoch [478/10000], Train Loss: 0.0399, R2: 0.9448, RMSE: 0.1997 | Valid Loss: 0.1500, R2: 0.4789, RMSE: 0.3873
2026-02-22 19:56:05,962 - root - INFO - Epoch [479/10000], Train Loss: 0.0399, R2: 0.9448, RMSE: 0.1998 | Valid Loss: 0.1505, R2: 0.4772, RMSE: 0.3879
2026-02-22 19:56:06,081 - root - INFO - Epoch [480/10000], Train Loss: 0.0395, R2: 0.9454, RMSE: 0.1988 | Valid Loss: 0.1492, R2: 0.4816, RMSE: 0.3863
2026-02-22 19:56:06,188 - root - INFO - Epoch [481/10000], Train Loss: 0.0396, R2: 0.9452, RMSE: 0.1991 | Valid Loss: 0.1500, R2: 0.4788, RMSE: 0.3873
2026-02-22 19:56:06,286 - root - INFO - Epoch [482/10000], Train Loss: 0.0397, R2: 0.9451, RMSE: 0.1993 | Valid Loss: 0.1471, R2: 0.4891, RMSE: 0.3835
2026-02-22 19:56:06,388 - root - INFO - Epoch [483/10000], Train Loss: 0.0396, R2: 0.9452, RMSE: 0.1990 | Valid Loss: 0.1471, R2: 0.4891, RMSE: 0.3835
2026-02-22 19:56:06,485 - root - INFO - Epoch [484/10000], Train Loss: 0.0396, R2: 0.9453, RMSE: 0.1989 | Valid Loss: 0.1474, R2: 0.4880, RMSE: 0.3839
2026-02-22 19:56:06,584 - root - INFO - Epoch [485/10000], Train Loss: 0.0398, R2: 0.9450, RMSE: 0.1994 | Valid Loss: 0.1491, R2: 0.4819, RMSE: 0.3862
2026-02-22 19:56:06,684 - root - INFO - Epoch [486/10000], Train Loss: 0.0394, R2: 0.9455, RMSE: 0.1986 | Valid Loss: 0.1483, R2: 0.4848, RMSE: 0.3851
2026-02-22 19:56:06,783 - root - INFO - Epoch [487/10000], Train Loss: 0.0395, R2: 0.9453, RMSE: 0.1988 | Valid Loss: 0.1485, R2: 0.4841, RMSE: 0.3854
2026-02-22 19:56:06,872 - root - INFO - Epoch [488/10000], Train Loss: 0.0394, R2: 0.9455, RMSE: 0.1986 | Valid Loss: 0.1479, R2: 0.4863, RMSE: 0.3846
2026-02-22 19:56:06,968 - root - INFO - Epoch [489/10000], Train Loss: 0.0406, R2: 0.9439, RMSE: 0.2014 | Valid Loss: 0.1473, R2: 0.4883, RMSE: 0.3838
2026-02-22 19:56:07,058 - root - INFO - Epoch [490/10000], Train Loss: 0.0393, R2: 0.9456, RMSE: 0.1984 | Valid Loss: 0.1478, R2: 0.4864, RMSE: 0.3845
2026-02-22 19:56:07,154 - root - INFO - Epoch [491/10000], Train Loss: 0.0390, R2: 0.9461, RMSE: 0.1975 | Valid Loss: 0.1459, R2: 0.4933, RMSE: 0.3819
2026-02-22 19:56:07,248 - root - INFO - Epoch [492/10000], Train Loss: 0.0393, R2: 0.9456, RMSE: 0.1983 | Valid Loss: 0.1470, R2: 0.4894, RMSE: 0.3834
2026-02-22 19:56:07,345 - root - INFO - Epoch [493/10000], Train Loss: 0.0390, R2: 0.9461, RMSE: 0.1975 | Valid Loss: 0.1486, R2: 0.4839, RMSE: 0.3854
2026-02-22 19:56:07,439 - root - INFO - Epoch [494/10000], Train Loss: 0.0390, R2: 0.9460, RMSE: 0.1976 | Valid Loss: 0.1479, R2: 0.4862, RMSE: 0.3846
2026-02-22 19:56:07,533 - root - INFO - Epoch [495/10000], Train Loss: 0.0395, R2: 0.9454, RMSE: 0.1987 | Valid Loss: 0.1459, R2: 0.4933, RMSE: 0.3819
2026-02-22 19:56:07,624 - root - INFO - Epoch [496/10000], Train Loss: 0.0392, R2: 0.9458, RMSE: 0.1980 | Valid Loss: 0.1473, R2: 0.4884, RMSE: 0.3838
2026-02-22 19:56:07,717 - root - INFO - Epoch [497/10000], Train Loss: 0.0388, R2: 0.9464, RMSE: 0.1969 | Valid Loss: 0.1472, R2: 0.4886, RMSE: 0.3837
2026-02-22 19:56:07,813 - root - INFO - Epoch [498/10000], Train Loss: 0.0391, R2: 0.9459, RMSE: 0.1977 | Valid Loss: 0.1461, R2: 0.4926, RMSE: 0.3822
2026-02-22 19:56:07,904 - root - INFO - Epoch [499/10000], Train Loss: 0.0389, R2: 0.9462, RMSE: 0.1973 | Valid Loss: 0.1459, R2: 0.4930, RMSE: 0.3820
2026-02-22 19:56:07,998 - root - INFO - Epoch [500/10000], Train Loss: 0.0388, R2: 0.9464, RMSE: 0.1969 | Valid Loss: 0.1461, R2: 0.4923, RMSE: 0.3823
2026-02-22 19:56:08,090 - root - INFO - Epoch [501/10000], Train Loss: 0.0390, R2: 0.9461, RMSE: 0.1974 | Valid Loss: 0.1456, R2: 0.4942, RMSE: 0.3816
2026-02-22 19:56:08,184 - root - INFO - Epoch [502/10000], Train Loss: 0.0390, R2: 0.9461, RMSE: 0.1974 | Valid Loss: 0.1466, R2: 0.4908, RMSE: 0.3829
2026-02-22 19:56:08,274 - root - INFO - Epoch [503/10000], Train Loss: 0.0385, R2: 0.9467, RMSE: 0.1963 | Valid Loss: 0.1463, R2: 0.4917, RMSE: 0.3825
2026-02-22 19:56:08,373 - root - INFO - Epoch [504/10000], Train Loss: 0.0387, R2: 0.9465, RMSE: 0.1966 | Valid Loss: 0.1458, R2: 0.4935, RMSE: 0.3819
2026-02-22 19:56:08,466 - root - INFO - Epoch [505/10000], Train Loss: 0.0383, R2: 0.9470, RMSE: 0.1958 | Valid Loss: 0.1461, R2: 0.4923, RMSE: 0.3823
2026-02-22 19:56:08,559 - root - INFO - Epoch [506/10000], Train Loss: 0.0392, R2: 0.9458, RMSE: 0.1981 | Valid Loss: 0.1466, R2: 0.4908, RMSE: 0.3829
2026-02-22 19:56:08,659 - root - INFO - Epoch [507/10000], Train Loss: 0.0399, R2: 0.9448, RMSE: 0.1998 | Valid Loss: 0.1453, R2: 0.4954, RMSE: 0.3811
2026-02-22 19:56:08,755 - root - INFO - Epoch [508/10000], Train Loss: 0.0395, R2: 0.9454, RMSE: 0.1988 | Valid Loss: 0.1436, R2: 0.5010, RMSE: 0.3790
2026-02-22 19:56:08,851 - root - INFO - Epoch [509/10000], Train Loss: 0.0382, R2: 0.9472, RMSE: 0.1954 | Valid Loss: 0.1470, R2: 0.4892, RMSE: 0.3834
2026-02-22 19:56:08,944 - root - INFO - Epoch [510/10000], Train Loss: 0.0385, R2: 0.9467, RMSE: 0.1963 | Valid Loss: 0.1471, R2: 0.4890, RMSE: 0.3835
2026-02-22 19:56:09,039 - root - INFO - Epoch [511/10000], Train Loss: 0.0394, R2: 0.9456, RMSE: 0.1984 | Valid Loss: 0.1478, R2: 0.4867, RMSE: 0.3844
2026-02-22 19:56:09,133 - root - INFO - Epoch [512/10000], Train Loss: 0.0394, R2: 0.9456, RMSE: 0.1984 | Valid Loss: 0.1449, R2: 0.4967, RMSE: 0.3806
2026-02-22 19:56:09,224 - root - INFO - Epoch [513/10000], Train Loss: 0.0381, R2: 0.9473, RMSE: 0.1951 | Valid Loss: 0.1460, R2: 0.4928, RMSE: 0.3821
2026-02-22 19:56:09,317 - root - INFO - Epoch [514/10000], Train Loss: 0.0383, R2: 0.9470, RMSE: 0.1957 | Valid Loss: 0.1480, R2: 0.4858, RMSE: 0.3847
2026-02-22 19:56:09,411 - root - INFO - Epoch [515/10000], Train Loss: 0.0378, R2: 0.9477, RMSE: 0.1945 | Valid Loss: 0.1469, R2: 0.4897, RMSE: 0.3833
2026-02-22 19:56:09,504 - root - INFO - Epoch [516/10000], Train Loss: 0.0379, R2: 0.9476, RMSE: 0.1946 | Valid Loss: 0.1459, R2: 0.4933, RMSE: 0.3819
2026-02-22 19:56:09,598 - root - INFO - Epoch [517/10000], Train Loss: 0.0384, R2: 0.9469, RMSE: 0.1959 | Valid Loss: 0.1452, R2: 0.4954, RMSE: 0.3811
2026-02-22 19:56:09,691 - root - INFO - Epoch [518/10000], Train Loss: 0.0379, R2: 0.9475, RMSE: 0.1948 | Valid Loss: 0.1472, R2: 0.4885, RMSE: 0.3837
2026-02-22 19:56:09,784 - root - INFO - Epoch [519/10000], Train Loss: 0.0381, R2: 0.9473, RMSE: 0.1953 | Valid Loss: 0.1481, R2: 0.4855, RMSE: 0.3849
2026-02-22 19:56:09,880 - root - INFO - Epoch [520/10000], Train Loss: 0.0380, R2: 0.9475, RMSE: 0.1948 | Valid Loss: 0.1468, R2: 0.4901, RMSE: 0.3831
2026-02-22 19:56:09,971 - root - INFO - Epoch [521/10000], Train Loss: 0.0381, R2: 0.9473, RMSE: 0.1952 | Valid Loss: 0.1459, R2: 0.4930, RMSE: 0.3820
2026-02-22 19:56:10,062 - root - INFO - Epoch [522/10000], Train Loss: 0.0376, R2: 0.9480, RMSE: 0.1939 | Valid Loss: 0.1445, R2: 0.4980, RMSE: 0.3801
2026-02-22 19:56:10,154 - root - INFO - Epoch [523/10000], Train Loss: 0.0376, R2: 0.9480, RMSE: 0.1940 | Valid Loss: 0.1455, R2: 0.4946, RMSE: 0.3814
2026-02-22 19:56:10,246 - root - INFO - Epoch [524/10000], Train Loss: 0.0378, R2: 0.9477, RMSE: 0.1944 | Valid Loss: 0.1467, R2: 0.4904, RMSE: 0.3830
2026-02-22 19:56:10,337 - root - INFO - Epoch [525/10000], Train Loss: 0.0376, R2: 0.9480, RMSE: 0.1939 | Valid Loss: 0.1452, R2: 0.4956, RMSE: 0.3810
2026-02-22 19:56:10,430 - root - INFO - Epoch [526/10000], Train Loss: 0.0375, R2: 0.9481, RMSE: 0.1937 | Valid Loss: 0.1451, R2: 0.4960, RMSE: 0.3809
2026-02-22 19:56:10,517 - root - INFO - Epoch [527/10000], Train Loss: 0.0378, R2: 0.9478, RMSE: 0.1943 | Valid Loss: 0.1444, R2: 0.4984, RMSE: 0.3800
2026-02-22 19:56:10,615 - root - INFO - Epoch [528/10000], Train Loss: 0.0374, R2: 0.9483, RMSE: 0.1933 | Valid Loss: 0.1436, R2: 0.5012, RMSE: 0.3789
2026-02-22 19:56:10,707 - root - INFO - Epoch [529/10000], Train Loss: 0.0375, R2: 0.9482, RMSE: 0.1936 | Valid Loss: 0.1450, R2: 0.4963, RMSE: 0.3808
2026-02-22 19:56:10,799 - root - INFO - Epoch [530/10000], Train Loss: 0.0372, R2: 0.9485, RMSE: 0.1930 | Valid Loss: 0.1449, R2: 0.4966, RMSE: 0.3807
2026-02-22 19:56:10,891 - root - INFO - Epoch [531/10000], Train Loss: 0.0374, R2: 0.9483, RMSE: 0.1933 | Valid Loss: 0.1447, R2: 0.4973, RMSE: 0.3804
2026-02-22 19:56:10,983 - root - INFO - Epoch [532/10000], Train Loss: 0.0373, R2: 0.9484, RMSE: 0.1931 | Valid Loss: 0.1443, R2: 0.4987, RMSE: 0.3799
2026-02-22 19:56:11,072 - root - INFO - Epoch [533/10000], Train Loss: 0.0377, R2: 0.9478, RMSE: 0.1942 | Valid Loss: 0.1452, R2: 0.4956, RMSE: 0.3810
2026-02-22 19:56:11,165 - root - INFO - Epoch [534/10000], Train Loss: 0.0371, R2: 0.9487, RMSE: 0.1926 | Valid Loss: 0.1439, R2: 0.5002, RMSE: 0.3793
2026-02-22 19:56:11,260 - root - INFO - Epoch [535/10000], Train Loss: 0.0380, R2: 0.9474, RMSE: 0.1950 | Valid Loss: 0.1461, R2: 0.4926, RMSE: 0.3822
2026-02-22 19:56:11,351 - root - INFO - Epoch [536/10000], Train Loss: 0.0375, R2: 0.9481, RMSE: 0.1937 | Valid Loss: 0.1454, R2: 0.4947, RMSE: 0.3814
2026-02-22 19:56:11,442 - root - INFO - Epoch [537/10000], Train Loss: 0.0377, R2: 0.9479, RMSE: 0.1941 | Valid Loss: 0.1450, R2: 0.4964, RMSE: 0.3807
2026-02-22 19:56:11,537 - root - INFO - Epoch [538/10000], Train Loss: 0.0370, R2: 0.9488, RMSE: 0.1925 | Valid Loss: 0.1436, R2: 0.5013, RMSE: 0.3789
2026-02-22 19:56:11,635 - root - INFO - Epoch [539/10000], Train Loss: 0.0368, R2: 0.9490, RMSE: 0.1919 | Valid Loss: 0.1433, R2: 0.5022, RMSE: 0.3786
2026-02-22 19:56:11,728 - root - INFO - Epoch [540/10000], Train Loss: 0.0368, R2: 0.9491, RMSE: 0.1919 | Valid Loss: 0.1441, R2: 0.4995, RMSE: 0.3796
2026-02-22 19:56:11,820 - root - INFO - Epoch [541/10000], Train Loss: 0.0371, R2: 0.9487, RMSE: 0.1927 | Valid Loss: 0.1445, R2: 0.4979, RMSE: 0.3802
2026-02-22 19:56:11,912 - root - INFO - Epoch [542/10000], Train Loss: 0.0368, R2: 0.9490, RMSE: 0.1920 | Valid Loss: 0.1437, R2: 0.5007, RMSE: 0.3791
2026-02-22 19:56:12,006 - root - INFO - Epoch [543/10000], Train Loss: 0.0370, R2: 0.9488, RMSE: 0.1924 | Valid Loss: 0.1426, R2: 0.5047, RMSE: 0.3776
2026-02-22 19:56:12,112 - root - INFO - Epoch [544/10000], Train Loss: 0.0368, R2: 0.9491, RMSE: 0.1918 | Valid Loss: 0.1439, R2: 0.5000, RMSE: 0.3794
2026-02-22 19:56:12,224 - root - INFO - Epoch [545/10000], Train Loss: 0.0370, R2: 0.9489, RMSE: 0.1923 | Valid Loss: 0.1431, R2: 0.5029, RMSE: 0.3783
2026-02-22 19:56:12,321 - root - INFO - Epoch [546/10000], Train Loss: 0.0371, R2: 0.9488, RMSE: 0.1925 | Valid Loss: 0.1447, R2: 0.4973, RMSE: 0.3804
2026-02-22 19:56:12,421 - root - INFO - Epoch [547/10000], Train Loss: 0.0364, R2: 0.9496, RMSE: 0.1908 | Valid Loss: 0.1428, R2: 0.5038, RMSE: 0.3779
2026-02-22 19:56:12,512 - root - INFO - Epoch [548/10000], Train Loss: 0.0366, R2: 0.9494, RMSE: 0.1913 | Valid Loss: 0.1414, R2: 0.5089, RMSE: 0.3760
2026-02-22 19:56:12,608 - root - INFO - Epoch [549/10000], Train Loss: 0.0367, R2: 0.9492, RMSE: 0.1916 | Valid Loss: 0.1415, R2: 0.5083, RMSE: 0.3762
2026-02-22 19:56:12,700 - root - INFO - Epoch [550/10000], Train Loss: 0.0380, R2: 0.9475, RMSE: 0.1949 | Valid Loss: 0.1427, R2: 0.5044, RMSE: 0.3777
2026-02-22 19:56:12,789 - root - INFO - Epoch [551/10000], Train Loss: 0.0376, R2: 0.9480, RMSE: 0.1939 | Valid Loss: 0.1404, R2: 0.5122, RMSE: 0.3747
2026-02-22 19:56:12,878 - root - INFO - Epoch [552/10000], Train Loss: 0.0365, R2: 0.9495, RMSE: 0.1912 | Valid Loss: 0.1422, R2: 0.5059, RMSE: 0.3771
2026-02-22 19:56:12,977 - root - INFO - Epoch [553/10000], Train Loss: 0.0364, R2: 0.9496, RMSE: 0.1909 | Valid Loss: 0.1399, R2: 0.5141, RMSE: 0.3740
2026-02-22 19:56:13,072 - root - INFO - Epoch [554/10000], Train Loss: 0.0376, R2: 0.9480, RMSE: 0.1939 | Valid Loss: 0.1422, R2: 0.5059, RMSE: 0.3771
2026-02-22 19:56:13,167 - root - INFO - Epoch [555/10000], Train Loss: 0.0371, R2: 0.9486, RMSE: 0.1927 | Valid Loss: 0.1406, R2: 0.5117, RMSE: 0.3749
2026-02-22 19:56:13,257 - root - INFO - Epoch [556/10000], Train Loss: 0.0368, R2: 0.9492, RMSE: 0.1917 | Valid Loss: 0.1435, R2: 0.5015, RMSE: 0.3788
2026-02-22 19:56:13,346 - root - INFO - Epoch [557/10000], Train Loss: 0.0377, R2: 0.9479, RMSE: 0.1940 | Valid Loss: 0.1426, R2: 0.5044, RMSE: 0.3777
2026-02-22 19:56:13,441 - root - INFO - Epoch [558/10000], Train Loss: 0.0366, R2: 0.9494, RMSE: 0.1912 | Valid Loss: 0.1412, R2: 0.5095, RMSE: 0.3757
2026-02-22 19:56:13,534 - root - INFO - Epoch [559/10000], Train Loss: 0.0362, R2: 0.9499, RMSE: 0.1903 | Valid Loss: 0.1394, R2: 0.5159, RMSE: 0.3733
2026-02-22 19:56:13,623 - root - INFO - Epoch [560/10000], Train Loss: 0.0360, R2: 0.9502, RMSE: 0.1897 | Valid Loss: 0.1437, R2: 0.5009, RMSE: 0.3790
2026-02-22 19:56:13,717 - root - INFO - Epoch [561/10000], Train Loss: 0.0360, R2: 0.9503, RMSE: 0.1896 | Valid Loss: 0.1406, R2: 0.5116, RMSE: 0.3750
2026-02-22 19:56:13,810 - root - INFO - Epoch [562/10000], Train Loss: 0.0360, R2: 0.9502, RMSE: 0.1897 | Valid Loss: 0.1420, R2: 0.5066, RMSE: 0.3769
2026-02-22 19:56:13,900 - root - INFO - Epoch [563/10000], Train Loss: 0.0362, R2: 0.9500, RMSE: 0.1902 | Valid Loss: 0.1414, R2: 0.5088, RMSE: 0.3760
2026-02-22 19:56:13,992 - root - INFO - Epoch [564/10000], Train Loss: 0.0366, R2: 0.9494, RMSE: 0.1912 | Valid Loss: 0.1395, R2: 0.5154, RMSE: 0.3735
2026-02-22 19:56:14,083 - root - INFO - Epoch [565/10000], Train Loss: 0.0364, R2: 0.9496, RMSE: 0.1909 | Valid Loss: 0.1414, R2: 0.5087, RMSE: 0.3761
2026-02-22 19:56:14,188 - root - INFO - Epoch [566/10000], Train Loss: 0.0355, R2: 0.9509, RMSE: 0.1885 | Valid Loss: 0.1398, R2: 0.5145, RMSE: 0.3738
2026-02-22 19:56:14,286 - root - INFO - Epoch [567/10000], Train Loss: 0.0363, R2: 0.9498, RMSE: 0.1905 | Valid Loss: 0.1392, R2: 0.5165, RMSE: 0.3731
2026-02-22 19:56:14,382 - root - INFO - Epoch [568/10000], Train Loss: 0.0356, R2: 0.9508, RMSE: 0.1887 | Valid Loss: 0.1388, R2: 0.5180, RMSE: 0.3725
2026-02-22 19:56:14,474 - root - INFO - Epoch [569/10000], Train Loss: 0.0358, R2: 0.9505, RMSE: 0.1891 | Valid Loss: 0.1381, R2: 0.5203, RMSE: 0.3716
2026-02-22 19:56:14,562 - root - INFO - Epoch [570/10000], Train Loss: 0.0356, R2: 0.9508, RMSE: 0.1887 | Valid Loss: 0.1388, R2: 0.5180, RMSE: 0.3725
2026-02-22 19:56:14,652 - root - INFO - Epoch [571/10000], Train Loss: 0.0354, R2: 0.9510, RMSE: 0.1883 | Valid Loss: 0.1390, R2: 0.5170, RMSE: 0.3729
2026-02-22 19:56:14,744 - root - INFO - Epoch [572/10000], Train Loss: 0.0353, R2: 0.9512, RMSE: 0.1879 | Valid Loss: 0.1404, R2: 0.5122, RMSE: 0.3747
2026-02-22 19:56:14,834 - root - INFO - Epoch [573/10000], Train Loss: 0.0352, R2: 0.9514, RMSE: 0.1875 | Valid Loss: 0.1392, R2: 0.5164, RMSE: 0.3731
2026-02-22 19:56:14,924 - root - INFO - Epoch [574/10000], Train Loss: 0.0353, R2: 0.9512, RMSE: 0.1879 | Valid Loss: 0.1389, R2: 0.5176, RMSE: 0.3726
2026-02-22 19:56:15,017 - root - INFO - Epoch [575/10000], Train Loss: 0.0352, R2: 0.9513, RMSE: 0.1876 | Valid Loss: 0.1370, R2: 0.5240, RMSE: 0.3701
2026-02-22 19:56:15,108 - root - INFO - Epoch [576/10000], Train Loss: 0.0355, R2: 0.9510, RMSE: 0.1883 | Valid Loss: 0.1377, R2: 0.5217, RMSE: 0.3710
2026-02-22 19:56:15,200 - root - INFO - Epoch [577/10000], Train Loss: 0.0360, R2: 0.9503, RMSE: 0.1896 | Valid Loss: 0.1380, R2: 0.5207, RMSE: 0.3714
2026-02-22 19:56:15,292 - root - INFO - Epoch [578/10000], Train Loss: 0.0361, R2: 0.9501, RMSE: 0.1899 | Valid Loss: 0.1394, R2: 0.5156, RMSE: 0.3734
2026-02-22 19:56:15,386 - root - INFO - Epoch [579/10000], Train Loss: 0.0357, R2: 0.9507, RMSE: 0.1889 | Valid Loss: 0.1373, R2: 0.5230, RMSE: 0.3706
2026-02-22 19:56:15,485 - root - INFO - Epoch [580/10000], Train Loss: 0.0355, R2: 0.9509, RMSE: 0.1885 | Valid Loss: 0.1381, R2: 0.5203, RMSE: 0.3716
2026-02-22 19:56:15,582 - root - INFO - Epoch [581/10000], Train Loss: 0.0365, R2: 0.9496, RMSE: 0.1910 | Valid Loss: 0.1376, R2: 0.5219, RMSE: 0.3710
2026-02-22 19:56:15,685 - root - INFO - Epoch [582/10000], Train Loss: 0.0351, R2: 0.9514, RMSE: 0.1874 | Valid Loss: 0.1386, R2: 0.5186, RMSE: 0.3723
2026-02-22 19:56:15,788 - root - INFO - Epoch [583/10000], Train Loss: 0.0359, R2: 0.9504, RMSE: 0.1894 | Valid Loss: 0.1374, R2: 0.5225, RMSE: 0.3707
2026-02-22 19:56:15,883 - root - INFO - Epoch [584/10000], Train Loss: 0.0383, R2: 0.9470, RMSE: 0.1957 | Valid Loss: 0.1407, R2: 0.5111, RMSE: 0.3751
2026-02-22 19:56:15,981 - root - INFO - Epoch [585/10000], Train Loss: 0.0392, R2: 0.9458, RMSE: 0.1980 | Valid Loss: 0.1367, R2: 0.5250, RMSE: 0.3698
2026-02-22 19:56:16,073 - root - INFO - Epoch [586/10000], Train Loss: 0.0364, R2: 0.9496, RMSE: 0.1909 | Valid Loss: 0.1383, R2: 0.5195, RMSE: 0.3719
2026-02-22 19:56:16,172 - root - INFO - Epoch [587/10000], Train Loss: 0.0356, R2: 0.9508, RMSE: 0.1887 | Valid Loss: 0.1388, R2: 0.5178, RMSE: 0.3726
2026-02-22 19:56:16,282 - root - INFO - Epoch [588/10000], Train Loss: 0.0350, R2: 0.9516, RMSE: 0.1871 | Valid Loss: 0.1396, R2: 0.5149, RMSE: 0.3737
2026-02-22 19:56:16,382 - root - INFO - Epoch [589/10000], Train Loss: 0.0345, R2: 0.9522, RMSE: 0.1858 | Valid Loss: 0.1401, R2: 0.5133, RMSE: 0.3743
2026-02-22 19:56:16,482 - root - INFO - Epoch [590/10000], Train Loss: 0.0347, R2: 0.9520, RMSE: 0.1863 | Valid Loss: 0.1382, R2: 0.5198, RMSE: 0.3718
2026-02-22 19:56:16,576 - root - INFO - Epoch [591/10000], Train Loss: 0.0346, R2: 0.9522, RMSE: 0.1860 | Valid Loss: 0.1396, R2: 0.5151, RMSE: 0.3736
2026-02-22 19:56:16,671 - root - INFO - Epoch [592/10000], Train Loss: 0.0350, R2: 0.9516, RMSE: 0.1870 | Valid Loss: 0.1407, R2: 0.5112, RMSE: 0.3751
2026-02-22 19:56:16,777 - root - INFO - Epoch [593/10000], Train Loss: 0.0348, R2: 0.9518, RMSE: 0.1866 | Valid Loss: 0.1376, R2: 0.5220, RMSE: 0.3709
2026-02-22 19:56:16,869 - root - INFO - Epoch [594/10000], Train Loss: 0.0345, R2: 0.9523, RMSE: 0.1857 | Valid Loss: 0.1399, R2: 0.5140, RMSE: 0.3740
2026-02-22 19:56:16,960 - root - INFO - Epoch [595/10000], Train Loss: 0.0346, R2: 0.9521, RMSE: 0.1861 | Valid Loss: 0.1390, R2: 0.5173, RMSE: 0.3728
2026-02-22 19:56:17,051 - root - INFO - Epoch [596/10000], Train Loss: 0.0353, R2: 0.9512, RMSE: 0.1878 | Valid Loss: 0.1391, R2: 0.5168, RMSE: 0.3730
2026-02-22 19:56:17,144 - root - INFO - Epoch [597/10000], Train Loss: 0.0346, R2: 0.9521, RMSE: 0.1860 | Valid Loss: 0.1379, R2: 0.5209, RMSE: 0.3714
2026-02-22 19:56:17,237 - root - INFO - Epoch [598/10000], Train Loss: 0.0343, R2: 0.9526, RMSE: 0.1852 | Valid Loss: 0.1367, R2: 0.5250, RMSE: 0.3698
2026-02-22 19:56:17,330 - root - INFO - Epoch [599/10000], Train Loss: 0.0343, R2: 0.9526, RMSE: 0.1851 | Valid Loss: 0.1376, R2: 0.5218, RMSE: 0.3710
2026-02-22 19:56:17,423 - root - INFO - Epoch [600/10000], Train Loss: 0.0344, R2: 0.9524, RMSE: 0.1855 | Valid Loss: 0.1385, R2: 0.5189, RMSE: 0.3721
2026-02-22 19:56:17,517 - root - INFO - Epoch [601/10000], Train Loss: 0.0344, R2: 0.9525, RMSE: 0.1853 | Valid Loss: 0.1384, R2: 0.5192, RMSE: 0.3720
2026-02-22 19:56:17,611 - root - INFO - Epoch [602/10000], Train Loss: 0.0346, R2: 0.9522, RMSE: 0.1860 | Valid Loss: 0.1364, R2: 0.5262, RMSE: 0.3693
2026-02-22 19:56:17,702 - root - INFO - Epoch [603/10000], Train Loss: 0.0341, R2: 0.9529, RMSE: 0.1846 | Valid Loss: 0.1397, R2: 0.5146, RMSE: 0.3738
2026-02-22 19:56:17,792 - root - INFO - Epoch [604/10000], Train Loss: 0.0342, R2: 0.9527, RMSE: 0.1849 | Valid Loss: 0.1369, R2: 0.5245, RMSE: 0.3700
2026-02-22 19:56:17,884 - root - INFO - Epoch [605/10000], Train Loss: 0.0344, R2: 0.9524, RMSE: 0.1855 | Valid Loss: 0.1382, R2: 0.5198, RMSE: 0.3718
2026-02-22 19:56:17,978 - root - INFO - Epoch [606/10000], Train Loss: 0.0338, R2: 0.9532, RMSE: 0.1840 | Valid Loss: 0.1387, R2: 0.5182, RMSE: 0.3724
2026-02-22 19:56:18,072 - root - INFO - Epoch [607/10000], Train Loss: 0.0339, R2: 0.9531, RMSE: 0.1842 | Valid Loss: 0.1369, R2: 0.5245, RMSE: 0.3700
2026-02-22 19:56:18,165 - root - INFO - Epoch [608/10000], Train Loss: 0.0339, R2: 0.9531, RMSE: 0.1842 | Valid Loss: 0.1372, R2: 0.5235, RMSE: 0.3704
2026-02-22 19:56:18,257 - root - INFO - Epoch [609/10000], Train Loss: 0.0337, R2: 0.9533, RMSE: 0.1837 | Valid Loss: 0.1358, R2: 0.5283, RMSE: 0.3685
2026-02-22 19:56:18,350 - root - INFO - Epoch [610/10000], Train Loss: 0.0339, R2: 0.9531, RMSE: 0.1842 | Valid Loss: 0.1364, R2: 0.5262, RMSE: 0.3693
2026-02-22 19:56:18,441 - root - INFO - Epoch [611/10000], Train Loss: 0.0342, R2: 0.9527, RMSE: 0.1850 | Valid Loss: 0.1365, R2: 0.5259, RMSE: 0.3694
2026-02-22 19:56:18,537 - root - INFO - Epoch [612/10000], Train Loss: 0.0342, R2: 0.9528, RMSE: 0.1848 | Valid Loss: 0.1346, R2: 0.5325, RMSE: 0.3669
2026-02-22 19:56:18,632 - root - INFO - Epoch [613/10000], Train Loss: 0.0344, R2: 0.9525, RMSE: 0.1854 | Valid Loss: 0.1364, R2: 0.5261, RMSE: 0.3693
2026-02-22 19:56:18,729 - root - INFO - Epoch [614/10000], Train Loss: 0.0341, R2: 0.9529, RMSE: 0.1845 | Valid Loss: 0.1380, R2: 0.5207, RMSE: 0.3714
2026-02-22 19:56:18,827 - root - INFO - Epoch [615/10000], Train Loss: 0.0338, R2: 0.9532, RMSE: 0.1839 | Valid Loss: 0.1360, R2: 0.5275, RMSE: 0.3688
2026-02-22 19:56:18,917 - root - INFO - Epoch [616/10000], Train Loss: 0.0338, R2: 0.9532, RMSE: 0.1840 | Valid Loss: 0.1340, R2: 0.5345, RMSE: 0.3661
2026-02-22 19:56:19,012 - root - INFO - Epoch [617/10000], Train Loss: 0.0345, R2: 0.9523, RMSE: 0.1856 | Valid Loss: 0.1358, R2: 0.5283, RMSE: 0.3685
2026-02-22 19:56:19,102 - root - INFO - Epoch [618/10000], Train Loss: 0.0336, R2: 0.9535, RMSE: 0.1834 | Valid Loss: 0.1330, R2: 0.5381, RMSE: 0.3647
2026-02-22 19:56:19,194 - root - INFO - Epoch [619/10000], Train Loss: 0.0339, R2: 0.9531, RMSE: 0.1842 | Valid Loss: 0.1351, R2: 0.5307, RMSE: 0.3675
2026-02-22 19:56:19,306 - root - INFO - Epoch [620/10000], Train Loss: 0.0375, R2: 0.9482, RMSE: 0.1936 | Valid Loss: 0.1320, R2: 0.5414, RMSE: 0.3633
2026-02-22 19:56:19,402 - root - INFO - Epoch [621/10000], Train Loss: 0.0342, R2: 0.9526, RMSE: 0.1850 | Valid Loss: 0.1340, R2: 0.5345, RMSE: 0.3661
2026-02-22 19:56:19,498 - root - INFO - Epoch [622/10000], Train Loss: 0.0344, R2: 0.9525, RMSE: 0.1853 | Valid Loss: 0.1324, R2: 0.5402, RMSE: 0.3638
2026-02-22 19:56:19,592 - root - INFO - Epoch [623/10000], Train Loss: 0.0336, R2: 0.9535, RMSE: 0.1833 | Valid Loss: 0.1347, R2: 0.5319, RMSE: 0.3671
2026-02-22 19:56:19,688 - root - INFO - Epoch [624/10000], Train Loss: 0.0335, R2: 0.9536, RMSE: 0.1831 | Valid Loss: 0.1367, R2: 0.5252, RMSE: 0.3697
2026-02-22 19:56:19,781 - root - INFO - Epoch [625/10000], Train Loss: 0.0336, R2: 0.9536, RMSE: 0.1833 | Valid Loss: 0.1354, R2: 0.5298, RMSE: 0.3679
2026-02-22 19:56:19,877 - root - INFO - Epoch [626/10000], Train Loss: 0.0334, R2: 0.9538, RMSE: 0.1827 | Valid Loss: 0.1352, R2: 0.5304, RMSE: 0.3677
2026-02-22 19:56:19,968 - root - INFO - Epoch [627/10000], Train Loss: 0.0335, R2: 0.9536, RMSE: 0.1831 | Valid Loss: 0.1360, R2: 0.5274, RMSE: 0.3688
2026-02-22 19:56:20,062 - root - INFO - Epoch [628/10000], Train Loss: 0.0334, R2: 0.9538, RMSE: 0.1827 | Valid Loss: 0.1354, R2: 0.5296, RMSE: 0.3680
2026-02-22 19:56:20,157 - root - INFO - Epoch [629/10000], Train Loss: 0.0332, R2: 0.9540, RMSE: 0.1823 | Valid Loss: 0.1341, R2: 0.5342, RMSE: 0.3662
2026-02-22 19:56:20,255 - root - INFO - Epoch [630/10000], Train Loss: 0.0345, R2: 0.9523, RMSE: 0.1858 | Valid Loss: 0.1316, R2: 0.5427, RMSE: 0.3628
2026-02-22 19:56:20,348 - root - INFO - Epoch [631/10000], Train Loss: 0.0335, R2: 0.9537, RMSE: 0.1829 | Valid Loss: 0.1345, R2: 0.5328, RMSE: 0.3667
2026-02-22 19:56:20,441 - root - INFO - Epoch [632/10000], Train Loss: 0.0333, R2: 0.9539, RMSE: 0.1825 | Valid Loss: 0.1332, R2: 0.5371, RMSE: 0.3650
2026-02-22 19:56:20,537 - root - INFO - Epoch [633/10000], Train Loss: 0.0330, R2: 0.9544, RMSE: 0.1816 | Valid Loss: 0.1312, R2: 0.5443, RMSE: 0.3622
2026-02-22 19:56:20,632 - root - INFO - Epoch [634/10000], Train Loss: 0.0331, R2: 0.9543, RMSE: 0.1818 | Valid Loss: 0.1352, R2: 0.5303, RMSE: 0.3677
2026-02-22 19:56:20,725 - root - INFO - Epoch [635/10000], Train Loss: 0.0332, R2: 0.9541, RMSE: 0.1822 | Valid Loss: 0.1350, R2: 0.5311, RMSE: 0.3674
2026-02-22 19:56:20,818 - root - INFO - Epoch [636/10000], Train Loss: 0.0331, R2: 0.9542, RMSE: 0.1819 | Valid Loss: 0.1336, R2: 0.5359, RMSE: 0.3655
2026-02-22 19:56:20,910 - root - INFO - Epoch [637/10000], Train Loss: 0.0340, R2: 0.9530, RMSE: 0.1843 | Valid Loss: 0.1324, R2: 0.5402, RMSE: 0.3638
2026-02-22 19:56:21,001 - root - INFO - Epoch [638/10000], Train Loss: 0.0336, R2: 0.9536, RMSE: 0.1832 | Valid Loss: 0.1329, R2: 0.5382, RMSE: 0.3646
2026-02-22 19:56:21,098 - root - INFO - Epoch [639/10000], Train Loss: 0.0341, R2: 0.9529, RMSE: 0.1846 | Valid Loss: 0.1345, R2: 0.5326, RMSE: 0.3668
2026-02-22 19:56:21,193 - root - INFO - Epoch [640/10000], Train Loss: 0.0337, R2: 0.9534, RMSE: 0.1836 | Valid Loss: 0.1305, R2: 0.5467, RMSE: 0.3612
2026-02-22 19:56:21,289 - root - INFO - Epoch [641/10000], Train Loss: 0.0337, R2: 0.9534, RMSE: 0.1835 | Valid Loss: 0.1305, R2: 0.5466, RMSE: 0.3613
2026-02-22 19:56:21,382 - root - INFO - Epoch [642/10000], Train Loss: 0.0328, R2: 0.9546, RMSE: 0.1812 | Valid Loss: 0.1324, R2: 0.5401, RMSE: 0.3639
2026-02-22 19:56:21,473 - root - INFO - Epoch [643/10000], Train Loss: 0.0337, R2: 0.9534, RMSE: 0.1836 | Valid Loss: 0.1340, R2: 0.5344, RMSE: 0.3661
2026-02-22 19:56:21,572 - root - INFO - Epoch [644/10000], Train Loss: 0.0327, R2: 0.9548, RMSE: 0.1807 | Valid Loss: 0.1304, R2: 0.5470, RMSE: 0.3611
2026-02-22 19:56:21,667 - root - INFO - Epoch [645/10000], Train Loss: 0.0334, R2: 0.9538, RMSE: 0.1827 | Valid Loss: 0.1311, R2: 0.5445, RMSE: 0.3621
2026-02-22 19:56:21,763 - root - INFO - Epoch [646/10000], Train Loss: 0.0325, R2: 0.9550, RMSE: 0.1803 | Valid Loss: 0.1313, R2: 0.5439, RMSE: 0.3624
2026-02-22 19:56:21,856 - root - INFO - Epoch [647/10000], Train Loss: 0.0324, R2: 0.9552, RMSE: 0.1800 | Valid Loss: 0.1331, R2: 0.5378, RMSE: 0.3648
2026-02-22 19:56:21,950 - root - INFO - Epoch [648/10000], Train Loss: 0.0328, R2: 0.9546, RMSE: 0.1812 | Valid Loss: 0.1327, R2: 0.5391, RMSE: 0.3642
2026-02-22 19:56:22,042 - root - INFO - Epoch [649/10000], Train Loss: 0.0325, R2: 0.9550, RMSE: 0.1803 | Valid Loss: 0.1319, R2: 0.5418, RMSE: 0.3632
2026-02-22 19:56:22,140 - root - INFO - Epoch [650/10000], Train Loss: 0.0324, R2: 0.9552, RMSE: 0.1800 | Valid Loss: 0.1303, R2: 0.5473, RMSE: 0.3610
2026-02-22 19:56:22,233 - root - INFO - Epoch [651/10000], Train Loss: 0.0332, R2: 0.9541, RMSE: 0.1821 | Valid Loss: 0.1316, R2: 0.5430, RMSE: 0.3627
2026-02-22 19:56:22,324 - root - INFO - Epoch [652/10000], Train Loss: 0.0328, R2: 0.9546, RMSE: 0.1811 | Valid Loss: 0.1304, R2: 0.5472, RMSE: 0.3610
2026-02-22 19:56:22,417 - root - INFO - Epoch [653/10000], Train Loss: 0.0335, R2: 0.9536, RMSE: 0.1831 | Valid Loss: 0.1284, R2: 0.5540, RMSE: 0.3583
2026-02-22 19:56:22,512 - root - INFO - Epoch [654/10000], Train Loss: 0.0333, R2: 0.9540, RMSE: 0.1824 | Valid Loss: 0.1298, R2: 0.5492, RMSE: 0.3602
2026-02-22 19:56:22,606 - root - INFO - Epoch [655/10000], Train Loss: 0.0324, R2: 0.9552, RMSE: 0.1800 | Valid Loss: 0.1293, R2: 0.5509, RMSE: 0.3596
2026-02-22 19:56:22,709 - root - INFO - Epoch [656/10000], Train Loss: 0.0337, R2: 0.9534, RMSE: 0.1836 | Valid Loss: 0.1296, R2: 0.5499, RMSE: 0.3600
2026-02-22 19:56:22,804 - root - INFO - Epoch [657/10000], Train Loss: 0.0346, R2: 0.9522, RMSE: 0.1860 | Valid Loss: 0.1281, R2: 0.5549, RMSE: 0.3579
2026-02-22 19:56:22,899 - root - INFO - Epoch [658/10000], Train Loss: 0.0326, R2: 0.9549, RMSE: 0.1805 | Valid Loss: 0.1312, R2: 0.5444, RMSE: 0.3622
2026-02-22 19:56:22,992 - root - INFO - Epoch [659/10000], Train Loss: 0.0331, R2: 0.9542, RMSE: 0.1820 | Valid Loss: 0.1329, R2: 0.5384, RMSE: 0.3645
2026-02-22 19:56:23,086 - root - INFO - Epoch [660/10000], Train Loss: 0.0338, R2: 0.9532, RMSE: 0.1839 | Valid Loss: 0.1288, R2: 0.5524, RMSE: 0.3589
2026-02-22 19:56:23,179 - root - INFO - Epoch [661/10000], Train Loss: 0.0326, R2: 0.9550, RMSE: 0.1804 | Valid Loss: 0.1303, R2: 0.5473, RMSE: 0.3610
2026-02-22 19:56:23,269 - root - INFO - Epoch [662/10000], Train Loss: 0.0325, R2: 0.9550, RMSE: 0.1804 | Valid Loss: 0.1326, R2: 0.5394, RMSE: 0.3641
2026-02-22 19:56:23,366 - root - INFO - Epoch [663/10000], Train Loss: 0.0326, R2: 0.9549, RMSE: 0.1805 | Valid Loss: 0.1301, R2: 0.5479, RMSE: 0.3607
2026-02-22 19:56:23,465 - root - INFO - Epoch [664/10000], Train Loss: 0.0323, R2: 0.9553, RMSE: 0.1799 | Valid Loss: 0.1279, R2: 0.5556, RMSE: 0.3577
2026-02-22 19:56:23,560 - root - INFO - Epoch [665/10000], Train Loss: 0.0331, R2: 0.9542, RMSE: 0.1820 | Valid Loss: 0.1300, R2: 0.5484, RMSE: 0.3605
2026-02-22 19:56:23,653 - root - INFO - Epoch [666/10000], Train Loss: 0.0323, R2: 0.9553, RMSE: 0.1798 | Valid Loss: 0.1338, R2: 0.5352, RMSE: 0.3658
2026-02-22 19:56:23,746 - root - INFO - Epoch [667/10000], Train Loss: 0.0321, R2: 0.9557, RMSE: 0.1790 | Valid Loss: 0.1311, R2: 0.5447, RMSE: 0.3620
2026-02-22 19:56:23,840 - root - INFO - Epoch [668/10000], Train Loss: 0.0320, R2: 0.9557, RMSE: 0.1789 | Valid Loss: 0.1324, R2: 0.5399, RMSE: 0.3639
2026-02-22 19:56:23,935 - root - INFO - Epoch [669/10000], Train Loss: 0.0318, R2: 0.9560, RMSE: 0.1784 | Valid Loss: 0.1300, R2: 0.5485, RMSE: 0.3605
2026-02-22 19:56:24,029 - root - INFO - Epoch [670/10000], Train Loss: 0.0320, R2: 0.9558, RMSE: 0.1788 | Valid Loss: 0.1285, R2: 0.5535, RMSE: 0.3585
2026-02-22 19:56:24,121 - root - INFO - Epoch [671/10000], Train Loss: 0.0317, R2: 0.9561, RMSE: 0.1781 | Valid Loss: 0.1304, R2: 0.5472, RMSE: 0.3610
2026-02-22 19:56:24,213 - root - INFO - Epoch [672/10000], Train Loss: 0.0317, R2: 0.9562, RMSE: 0.1780 | Valid Loss: 0.1284, R2: 0.5541, RMSE: 0.3583
2026-02-22 19:56:24,305 - root - INFO - Epoch [673/10000], Train Loss: 0.0321, R2: 0.9556, RMSE: 0.1792 | Valid Loss: 0.1310, R2: 0.5448, RMSE: 0.3620
2026-02-22 19:56:24,400 - root - INFO - Epoch [674/10000], Train Loss: 0.0321, R2: 0.9556, RMSE: 0.1792 | Valid Loss: 0.1308, R2: 0.5456, RMSE: 0.3617
2026-02-22 19:56:24,496 - root - INFO - Epoch [675/10000], Train Loss: 0.0319, R2: 0.9559, RMSE: 0.1786 | Valid Loss: 0.1288, R2: 0.5527, RMSE: 0.3588
2026-02-22 19:56:24,589 - root - INFO - Epoch [676/10000], Train Loss: 0.0318, R2: 0.9561, RMSE: 0.1782 | Valid Loss: 0.1273, R2: 0.5578, RMSE: 0.3568
2026-02-22 19:56:24,681 - root - INFO - Epoch [677/10000], Train Loss: 0.0316, R2: 0.9563, RMSE: 0.1778 | Valid Loss: 0.1288, R2: 0.5526, RMSE: 0.3589
2026-02-22 19:56:24,778 - root - INFO - Epoch [678/10000], Train Loss: 0.0317, R2: 0.9562, RMSE: 0.1779 | Valid Loss: 0.1305, R2: 0.5467, RMSE: 0.3612
2026-02-22 19:56:24,870 - root - INFO - Epoch [679/10000], Train Loss: 0.0315, R2: 0.9564, RMSE: 0.1775 | Valid Loss: 0.1291, R2: 0.5517, RMSE: 0.3592
2026-02-22 19:56:24,963 - root - INFO - Epoch [680/10000], Train Loss: 0.0316, R2: 0.9563, RMSE: 0.1778 | Valid Loss: 0.1287, R2: 0.5528, RMSE: 0.3588
2026-02-22 19:56:25,055 - root - INFO - Epoch [681/10000], Train Loss: 0.0319, R2: 0.9559, RMSE: 0.1785 | Valid Loss: 0.1296, R2: 0.5498, RMSE: 0.3600
2026-02-22 19:56:25,148 - root - INFO - Epoch [682/10000], Train Loss: 0.0316, R2: 0.9563, RMSE: 0.1778 | Valid Loss: 0.1274, R2: 0.5575, RMSE: 0.3569
2026-02-22 19:56:25,243 - root - INFO - Epoch [683/10000], Train Loss: 0.0315, R2: 0.9565, RMSE: 0.1775 | Valid Loss: 0.1279, R2: 0.5556, RMSE: 0.3577
2026-02-22 19:56:25,336 - root - INFO - Epoch [684/10000], Train Loss: 0.0313, R2: 0.9567, RMSE: 0.1769 | Valid Loss: 0.1282, R2: 0.5545, RMSE: 0.3581
2026-02-22 19:56:25,431 - root - INFO - Epoch [685/10000], Train Loss: 0.0319, R2: 0.9559, RMSE: 0.1786 | Valid Loss: 0.1262, R2: 0.5615, RMSE: 0.3553
2026-02-22 19:56:25,526 - root - INFO - Epoch [686/10000], Train Loss: 0.0319, R2: 0.9559, RMSE: 0.1787 | Valid Loss: 0.1264, R2: 0.5610, RMSE: 0.3555
2026-02-22 19:56:25,619 - root - INFO - Epoch [687/10000], Train Loss: 0.0314, R2: 0.9566, RMSE: 0.1772 | Valid Loss: 0.1300, R2: 0.5484, RMSE: 0.3606
2026-02-22 19:56:25,712 - root - INFO - Epoch [688/10000], Train Loss: 0.0317, R2: 0.9561, RMSE: 0.1782 | Valid Loss: 0.1273, R2: 0.5578, RMSE: 0.3568
2026-02-22 19:56:25,806 - root - INFO - Epoch [689/10000], Train Loss: 0.0318, R2: 0.9560, RMSE: 0.1783 | Valid Loss: 0.1293, R2: 0.5507, RMSE: 0.3596
2026-02-22 19:56:25,900 - root - INFO - Epoch [690/10000], Train Loss: 0.0319, R2: 0.9559, RMSE: 0.1786 | Valid Loss: 0.1247, R2: 0.5669, RMSE: 0.3531
2026-02-22 19:56:25,995 - root - INFO - Epoch [691/10000], Train Loss: 0.0315, R2: 0.9565, RMSE: 0.1774 | Valid Loss: 0.1263, R2: 0.5612, RMSE: 0.3554
2026-02-22 19:56:26,087 - root - INFO - Epoch [692/10000], Train Loss: 0.0323, R2: 0.9553, RMSE: 0.1797 | Valid Loss: 0.1256, R2: 0.5637, RMSE: 0.3544
2026-02-22 19:56:26,184 - root - INFO - Epoch [693/10000], Train Loss: 0.0324, R2: 0.9552, RMSE: 0.1801 | Valid Loss: 0.1250, R2: 0.5656, RMSE: 0.3536
2026-02-22 19:56:26,280 - root - INFO - Epoch [694/10000], Train Loss: 0.0314, R2: 0.9566, RMSE: 0.1772 | Valid Loss: 0.1246, R2: 0.5671, RMSE: 0.3530
2026-02-22 19:56:26,374 - root - INFO - Epoch [695/10000], Train Loss: 0.0311, R2: 0.9570, RMSE: 0.1763 | Valid Loss: 0.1284, R2: 0.5540, RMSE: 0.3583
2026-02-22 19:56:26,478 - root - INFO - Epoch [696/10000], Train Loss: 0.0312, R2: 0.9568, RMSE: 0.1767 | Valid Loss: 0.1265, R2: 0.5605, RMSE: 0.3557
2026-02-22 19:56:26,567 - root - INFO - Epoch [697/10000], Train Loss: 0.0315, R2: 0.9564, RMSE: 0.1775 | Valid Loss: 0.1248, R2: 0.5666, RMSE: 0.3532
2026-02-22 19:56:26,662 - root - INFO - Epoch [698/10000], Train Loss: 0.0314, R2: 0.9566, RMSE: 0.1771 | Valid Loss: 0.1272, R2: 0.5581, RMSE: 0.3566
2026-02-22 19:56:26,762 - root - INFO - Epoch [699/10000], Train Loss: 0.0322, R2: 0.9554, RMSE: 0.1795 | Valid Loss: 0.1260, R2: 0.5624, RMSE: 0.3549
2026-02-22 19:56:26,858 - root - INFO - Epoch [700/10000], Train Loss: 0.0309, R2: 0.9572, RMSE: 0.1759 | Valid Loss: 0.1244, R2: 0.5678, RMSE: 0.3527
2026-02-22 19:56:26,951 - root - INFO - Epoch [701/10000], Train Loss: 0.0315, R2: 0.9564, RMSE: 0.1776 | Valid Loss: 0.1257, R2: 0.5635, RMSE: 0.3545
2026-02-22 19:56:27,043 - root - INFO - Epoch [702/10000], Train Loss: 0.0316, R2: 0.9563, RMSE: 0.1777 | Valid Loss: 0.1265, R2: 0.5605, RMSE: 0.3557
2026-02-22 19:56:27,137 - root - INFO - Epoch [703/10000], Train Loss: 0.0310, R2: 0.9572, RMSE: 0.1760 | Valid Loss: 0.1252, R2: 0.5650, RMSE: 0.3539
2026-02-22 19:56:27,228 - root - INFO - Epoch [704/10000], Train Loss: 0.0312, R2: 0.9569, RMSE: 0.1766 | Valid Loss: 0.1251, R2: 0.5653, RMSE: 0.3537
2026-02-22 19:56:27,317 - root - INFO - Epoch [705/10000], Train Loss: 0.0310, R2: 0.9571, RMSE: 0.1761 | Valid Loss: 0.1271, R2: 0.5585, RMSE: 0.3565
2026-02-22 19:56:27,407 - root - INFO - Epoch [706/10000], Train Loss: 0.0318, R2: 0.9560, RMSE: 0.1784 | Valid Loss: 0.1254, R2: 0.5644, RMSE: 0.3541
2026-02-22 19:56:27,500 - root - INFO - Epoch [707/10000], Train Loss: 0.0316, R2: 0.9563, RMSE: 0.1777 | Valid Loss: 0.1255, R2: 0.5639, RMSE: 0.3543
2026-02-22 19:56:27,594 - root - INFO - Epoch [708/10000], Train Loss: 0.0312, R2: 0.9569, RMSE: 0.1766 | Valid Loss: 0.1283, R2: 0.5543, RMSE: 0.3582
2026-02-22 19:56:27,686 - root - INFO - Epoch [709/10000], Train Loss: 0.0314, R2: 0.9566, RMSE: 0.1771 | Valid Loss: 0.1237, R2: 0.5703, RMSE: 0.3517
2026-02-22 19:56:27,779 - root - INFO - Epoch [710/10000], Train Loss: 0.0317, R2: 0.9562, RMSE: 0.1780 | Valid Loss: 0.1237, R2: 0.5704, RMSE: 0.3516
2026-02-22 19:56:27,871 - root - INFO - Epoch [711/10000], Train Loss: 0.0314, R2: 0.9566, RMSE: 0.1772 | Valid Loss: 0.1277, R2: 0.5564, RMSE: 0.3573
2026-02-22 19:56:27,965 - root - INFO - Epoch [712/10000], Train Loss: 0.0313, R2: 0.9567, RMSE: 0.1770 | Valid Loss: 0.1269, R2: 0.5591, RMSE: 0.3563
2026-02-22 19:56:28,056 - root - INFO - Epoch [713/10000], Train Loss: 0.0319, R2: 0.9558, RMSE: 0.1787 | Valid Loss: 0.1268, R2: 0.5596, RMSE: 0.3561
2026-02-22 19:56:28,158 - root - INFO - Epoch [714/10000], Train Loss: 0.0306, R2: 0.9577, RMSE: 0.1748 | Valid Loss: 0.1243, R2: 0.5682, RMSE: 0.3525
2026-02-22 19:56:28,246 - root - INFO - Epoch [715/10000], Train Loss: 0.0309, R2: 0.9572, RMSE: 0.1759 | Valid Loss: 0.1278, R2: 0.5559, RMSE: 0.3575
2026-02-22 19:56:28,337 - root - INFO - Epoch [716/10000], Train Loss: 0.0317, R2: 0.9561, RMSE: 0.1782 | Valid Loss: 0.1253, R2: 0.5647, RMSE: 0.3540
2026-02-22 19:56:28,428 - root - INFO - Epoch [717/10000], Train Loss: 0.0310, R2: 0.9571, RMSE: 0.1761 | Valid Loss: 0.1235, R2: 0.5710, RMSE: 0.3514
2026-02-22 19:56:28,517 - root - INFO - Epoch [718/10000], Train Loss: 0.0305, R2: 0.9579, RMSE: 0.1746 | Valid Loss: 0.1236, R2: 0.5706, RMSE: 0.3516
2026-02-22 19:56:28,622 - root - INFO - Epoch [719/10000], Train Loss: 0.0305, R2: 0.9578, RMSE: 0.1747 | Valid Loss: 0.1259, R2: 0.5626, RMSE: 0.3548
2026-02-22 19:56:28,739 - root - INFO - Epoch [720/10000], Train Loss: 0.0304, R2: 0.9579, RMSE: 0.1744 | Valid Loss: 0.1268, R2: 0.5594, RMSE: 0.3561
2026-02-22 19:56:28,842 - root - INFO - Epoch [721/10000], Train Loss: 0.0307, R2: 0.9575, RMSE: 0.1754 | Valid Loss: 0.1233, R2: 0.5716, RMSE: 0.3512
2026-02-22 19:56:28,940 - root - INFO - Epoch [722/10000], Train Loss: 0.0325, R2: 0.9551, RMSE: 0.1802 | Valid Loss: 0.1245, R2: 0.5676, RMSE: 0.3528
2026-02-22 19:56:29,044 - root - INFO - Epoch [723/10000], Train Loss: 0.0311, R2: 0.9570, RMSE: 0.1763 | Valid Loss: 0.1224, R2: 0.5747, RMSE: 0.3499
2026-02-22 19:56:29,142 - root - INFO - Epoch [724/10000], Train Loss: 0.0313, R2: 0.9567, RMSE: 0.1769 | Valid Loss: 0.1218, R2: 0.5769, RMSE: 0.3490
2026-02-22 19:56:29,243 - root - INFO - Epoch [725/10000], Train Loss: 0.0321, R2: 0.9556, RMSE: 0.1792 | Valid Loss: 0.1244, R2: 0.5677, RMSE: 0.3528
2026-02-22 19:56:29,337 - root - INFO - Epoch [726/10000], Train Loss: 0.0304, R2: 0.9579, RMSE: 0.1744 | Valid Loss: 0.1235, R2: 0.5709, RMSE: 0.3514
2026-02-22 19:56:29,431 - root - INFO - Epoch [727/10000], Train Loss: 0.0301, R2: 0.9583, RMSE: 0.1736 | Valid Loss: 0.1232, R2: 0.5720, RMSE: 0.3510
2026-02-22 19:56:29,524 - root - INFO - Epoch [728/10000], Train Loss: 0.0305, R2: 0.9579, RMSE: 0.1746 | Valid Loss: 0.1230, R2: 0.5728, RMSE: 0.3507
2026-02-22 19:56:29,630 - root - INFO - Epoch [729/10000], Train Loss: 0.0303, R2: 0.9581, RMSE: 0.1741 | Valid Loss: 0.1241, R2: 0.5689, RMSE: 0.3523
2026-02-22 19:56:29,737 - root - INFO - Epoch [730/10000], Train Loss: 0.0302, R2: 0.9582, RMSE: 0.1739 | Valid Loss: 0.1227, R2: 0.5739, RMSE: 0.3502
2026-02-22 19:56:29,848 - root - INFO - Epoch [731/10000], Train Loss: 0.0302, R2: 0.9582, RMSE: 0.1738 | Valid Loss: 0.1231, R2: 0.5724, RMSE: 0.3509
2026-02-22 19:56:29,963 - root - INFO - Epoch [732/10000], Train Loss: 0.0302, R2: 0.9582, RMSE: 0.1738 | Valid Loss: 0.1214, R2: 0.5781, RMSE: 0.3485
2026-02-22 19:56:30,078 - root - INFO - Epoch [733/10000], Train Loss: 0.0304, R2: 0.9580, RMSE: 0.1742 | Valid Loss: 0.1238, R2: 0.5699, RMSE: 0.3519
2026-02-22 19:56:30,194 - root - INFO - Epoch [734/10000], Train Loss: 0.0300, R2: 0.9585, RMSE: 0.1733 | Valid Loss: 0.1195, R2: 0.5849, RMSE: 0.3457
2026-02-22 19:56:30,312 - root - INFO - Epoch [735/10000], Train Loss: 0.0302, R2: 0.9582, RMSE: 0.1739 | Valid Loss: 0.1199, R2: 0.5833, RMSE: 0.3463
2026-02-22 19:56:30,431 - root - INFO - Epoch [736/10000], Train Loss: 0.0299, R2: 0.9586, RMSE: 0.1730 | Valid Loss: 0.1222, R2: 0.5756, RMSE: 0.3495
2026-02-22 19:56:30,547 - root - INFO - Epoch [737/10000], Train Loss: 0.0301, R2: 0.9584, RMSE: 0.1735 | Valid Loss: 0.1231, R2: 0.5723, RMSE: 0.3509
2026-02-22 19:56:30,657 - root - INFO - Epoch [738/10000], Train Loss: 0.0305, R2: 0.9578, RMSE: 0.1747 | Valid Loss: 0.1208, R2: 0.5803, RMSE: 0.3476
2026-02-22 19:56:30,763 - root - INFO - Epoch [739/10000], Train Loss: 0.0302, R2: 0.9583, RMSE: 0.1736 | Valid Loss: 0.1236, R2: 0.5707, RMSE: 0.3515
2026-02-22 19:56:30,863 - root - INFO - Epoch [740/10000], Train Loss: 0.0311, R2: 0.9570, RMSE: 0.1762 | Valid Loss: 0.1224, R2: 0.5747, RMSE: 0.3499
2026-02-22 19:56:30,972 - root - INFO - Epoch [741/10000], Train Loss: 0.0307, R2: 0.9575, RMSE: 0.1752 | Valid Loss: 0.1188, R2: 0.5873, RMSE: 0.3447
2026-02-22 19:56:31,067 - root - INFO - Epoch [742/10000], Train Loss: 0.0300, R2: 0.9585, RMSE: 0.1731 | Valid Loss: 0.1203, R2: 0.5820, RMSE: 0.3469
2026-02-22 19:56:31,166 - root - INFO - Epoch [743/10000], Train Loss: 0.0305, R2: 0.9579, RMSE: 0.1746 | Valid Loss: 0.1200, R2: 0.5830, RMSE: 0.3465
2026-02-22 19:56:31,262 - root - INFO - Epoch [744/10000], Train Loss: 0.0304, R2: 0.9579, RMSE: 0.1745 | Valid Loss: 0.1202, R2: 0.5823, RMSE: 0.3468
2026-02-22 19:56:31,357 - root - INFO - Epoch [745/10000], Train Loss: 0.0299, R2: 0.9586, RMSE: 0.1729 | Valid Loss: 0.1213, R2: 0.5786, RMSE: 0.3483
2026-02-22 19:56:31,451 - root - INFO - Epoch [746/10000], Train Loss: 0.0298, R2: 0.9588, RMSE: 0.1727 | Valid Loss: 0.1231, R2: 0.5722, RMSE: 0.3509
2026-02-22 19:56:31,548 - root - INFO - Epoch [747/10000], Train Loss: 0.0302, R2: 0.9582, RMSE: 0.1738 | Valid Loss: 0.1199, R2: 0.5836, RMSE: 0.3462
2026-02-22 19:56:31,648 - root - INFO - Epoch [748/10000], Train Loss: 0.0302, R2: 0.9583, RMSE: 0.1737 | Valid Loss: 0.1177, R2: 0.5910, RMSE: 0.3431
2026-02-22 19:56:31,742 - root - INFO - Epoch [749/10000], Train Loss: 0.0297, R2: 0.9589, RMSE: 0.1724 | Valid Loss: 0.1220, R2: 0.5760, RMSE: 0.3493
2026-02-22 19:56:31,836 - root - INFO - Epoch [750/10000], Train Loss: 0.0303, R2: 0.9581, RMSE: 0.1740 | Valid Loss: 0.1189, R2: 0.5868, RMSE: 0.3449
2026-02-22 19:56:31,934 - root - INFO - Epoch [751/10000], Train Loss: 0.0309, R2: 0.9572, RMSE: 0.1759 | Valid Loss: 0.1212, R2: 0.5789, RMSE: 0.3482
2026-02-22 19:56:32,028 - root - INFO - Epoch [752/10000], Train Loss: 0.0307, R2: 0.9575, RMSE: 0.1754 | Valid Loss: 0.1176, R2: 0.5913, RMSE: 0.3430
2026-02-22 19:56:32,122 - root - INFO - Epoch [753/10000], Train Loss: 0.0296, R2: 0.9590, RMSE: 0.1721 | Valid Loss: 0.1195, R2: 0.5848, RMSE: 0.3457
2026-02-22 19:56:32,216 - root - INFO - Epoch [754/10000], Train Loss: 0.0297, R2: 0.9589, RMSE: 0.1725 | Valid Loss: 0.1196, R2: 0.5845, RMSE: 0.3459
2026-02-22 19:56:32,312 - root - INFO - Epoch [755/10000], Train Loss: 0.0296, R2: 0.9590, RMSE: 0.1722 | Valid Loss: 0.1218, R2: 0.5770, RMSE: 0.3490
2026-02-22 19:56:32,403 - root - INFO - Epoch [756/10000], Train Loss: 0.0299, R2: 0.9587, RMSE: 0.1728 | Valid Loss: 0.1194, R2: 0.5852, RMSE: 0.3455
2026-02-22 19:56:32,495 - root - INFO - Epoch [757/10000], Train Loss: 0.0298, R2: 0.9589, RMSE: 0.1725 | Valid Loss: 0.1193, R2: 0.5857, RMSE: 0.3453
2026-02-22 19:56:32,604 - root - INFO - Epoch [758/10000], Train Loss: 0.0300, R2: 0.9584, RMSE: 0.1733 | Valid Loss: 0.1183, R2: 0.5889, RMSE: 0.3440
2026-02-22 19:56:32,699 - root - INFO - Epoch [759/10000], Train Loss: 0.0295, R2: 0.9593, RMSE: 0.1716 | Valid Loss: 0.1180, R2: 0.5900, RMSE: 0.3436
2026-02-22 19:56:32,804 - root - INFO - Epoch [760/10000], Train Loss: 0.0295, R2: 0.9591, RMSE: 0.1719 | Valid Loss: 0.1182, R2: 0.5895, RMSE: 0.3438
2026-02-22 19:56:32,903 - root - INFO - Epoch [761/10000], Train Loss: 0.0297, R2: 0.9589, RMSE: 0.1724 | Valid Loss: 0.1177, R2: 0.5911, RMSE: 0.3431
2026-02-22 19:56:33,003 - root - INFO - Epoch [762/10000], Train Loss: 0.0296, R2: 0.9591, RMSE: 0.1720 | Valid Loss: 0.1196, R2: 0.5845, RMSE: 0.3458
2026-02-22 19:56:33,095 - root - INFO - Epoch [763/10000], Train Loss: 0.0294, R2: 0.9593, RMSE: 0.1716 | Valid Loss: 0.1199, R2: 0.5835, RMSE: 0.3462
2026-02-22 19:56:33,192 - root - INFO - Epoch [764/10000], Train Loss: 0.0299, R2: 0.9587, RMSE: 0.1729 | Valid Loss: 0.1198, R2: 0.5840, RMSE: 0.3461
2026-02-22 19:56:33,286 - root - INFO - Epoch [765/10000], Train Loss: 0.0292, R2: 0.9597, RMSE: 0.1707 | Valid Loss: 0.1183, R2: 0.5891, RMSE: 0.3439
2026-02-22 19:56:33,384 - root - INFO - Epoch [766/10000], Train Loss: 0.0293, R2: 0.9594, RMSE: 0.1713 | Valid Loss: 0.1162, R2: 0.5964, RMSE: 0.3409
2026-02-22 19:56:33,487 - root - INFO - Epoch [767/10000], Train Loss: 0.0298, R2: 0.9588, RMSE: 0.1726 | Valid Loss: 0.1163, R2: 0.5959, RMSE: 0.3410
2026-02-22 19:56:33,586 - root - INFO - Epoch [768/10000], Train Loss: 0.0305, R2: 0.9578, RMSE: 0.1747 | Valid Loss: 0.1159, R2: 0.5973, RMSE: 0.3405
2026-02-22 19:56:33,681 - root - INFO - Epoch [769/10000], Train Loss: 0.0296, R2: 0.9590, RMSE: 0.1722 | Valid Loss: 0.1202, R2: 0.5825, RMSE: 0.3467
2026-02-22 19:56:33,778 - root - INFO - Epoch [770/10000], Train Loss: 0.0316, R2: 0.9563, RMSE: 0.1778 | Valid Loss: 0.1179, R2: 0.5903, RMSE: 0.3434
2026-02-22 19:56:33,889 - root - INFO - Epoch [771/10000], Train Loss: 0.0313, R2: 0.9567, RMSE: 0.1769 | Valid Loss: 0.1170, R2: 0.5934, RMSE: 0.3421
2026-02-22 19:56:33,996 - root - INFO - Epoch [772/10000], Train Loss: 0.0297, R2: 0.9590, RMSE: 0.1722 | Valid Loss: 0.1196, R2: 0.5846, RMSE: 0.3458
2026-02-22 19:56:34,101 - root - INFO - Epoch [773/10000], Train Loss: 0.0292, R2: 0.9596, RMSE: 0.1709 | Valid Loss: 0.1162, R2: 0.5963, RMSE: 0.3409
2026-02-22 19:56:34,205 - root - INFO - Epoch [774/10000], Train Loss: 0.0294, R2: 0.9594, RMSE: 0.1714 | Valid Loss: 0.1163, R2: 0.5960, RMSE: 0.3410
2026-02-22 19:56:34,293 - root - INFO - Epoch [775/10000], Train Loss: 0.0292, R2: 0.9596, RMSE: 0.1709 | Valid Loss: 0.1182, R2: 0.5894, RMSE: 0.3438
2026-02-22 19:56:34,380 - root - INFO - Epoch [776/10000], Train Loss: 0.0292, R2: 0.9596, RMSE: 0.1710 | Valid Loss: 0.1174, R2: 0.5920, RMSE: 0.3427
2026-02-22 19:56:34,467 - root - INFO - Epoch [777/10000], Train Loss: 0.0293, R2: 0.9595, RMSE: 0.1711 | Valid Loss: 0.1160, R2: 0.5972, RMSE: 0.3405
2026-02-22 19:56:34,559 - root - INFO - Epoch [778/10000], Train Loss: 0.0296, R2: 0.9591, RMSE: 0.1720 | Valid Loss: 0.1156, R2: 0.5984, RMSE: 0.3400
2026-02-22 19:56:34,650 - root - INFO - Epoch [779/10000], Train Loss: 0.0298, R2: 0.9588, RMSE: 0.1727 | Valid Loss: 0.1148, R2: 0.6013, RMSE: 0.3388
2026-02-22 19:56:34,743 - root - INFO - Epoch [780/10000], Train Loss: 0.0294, R2: 0.9593, RMSE: 0.1715 | Valid Loss: 0.1159, R2: 0.5975, RMSE: 0.3404
2026-02-22 19:56:34,835 - root - INFO - Epoch [781/10000], Train Loss: 0.0292, R2: 0.9597, RMSE: 0.1708 | Valid Loss: 0.1154, R2: 0.5990, RMSE: 0.3397
2026-02-22 19:56:34,931 - root - INFO - Epoch [782/10000], Train Loss: 0.0295, R2: 0.9592, RMSE: 0.1718 | Valid Loss: 0.1158, R2: 0.5977, RMSE: 0.3403
2026-02-22 19:56:35,034 - root - INFO - Epoch [783/10000], Train Loss: 0.0293, R2: 0.9595, RMSE: 0.1712 | Valid Loss: 0.1145, R2: 0.6022, RMSE: 0.3384
2026-02-22 19:56:35,129 - root - INFO - Epoch [784/10000], Train Loss: 0.0300, R2: 0.9585, RMSE: 0.1733 | Valid Loss: 0.1161, R2: 0.5967, RMSE: 0.3407
2026-02-22 19:56:35,223 - root - INFO - Epoch [785/10000], Train Loss: 0.0293, R2: 0.9594, RMSE: 0.1713 | Valid Loss: 0.1153, R2: 0.5996, RMSE: 0.3395
2026-02-22 19:56:35,317 - root - INFO - Epoch [786/10000], Train Loss: 0.0291, R2: 0.9598, RMSE: 0.1705 | Valid Loss: 0.1132, R2: 0.6069, RMSE: 0.3364
2026-02-22 19:56:35,417 - root - INFO - Epoch [787/10000], Train Loss: 0.0289, R2: 0.9601, RMSE: 0.1699 | Valid Loss: 0.1144, R2: 0.6028, RMSE: 0.3382
2026-02-22 19:56:35,512 - root - INFO - Epoch [788/10000], Train Loss: 0.0289, R2: 0.9600, RMSE: 0.1701 | Valid Loss: 0.1147, R2: 0.6014, RMSE: 0.3387
2026-02-22 19:56:35,607 - root - INFO - Epoch [789/10000], Train Loss: 0.0291, R2: 0.9597, RMSE: 0.1707 | Valid Loss: 0.1137, R2: 0.6049, RMSE: 0.3372
2026-02-22 19:56:35,701 - root - INFO - Epoch [790/10000], Train Loss: 0.0289, R2: 0.9601, RMSE: 0.1699 | Valid Loss: 0.1135, R2: 0.6056, RMSE: 0.3369
2026-02-22 19:56:35,798 - root - INFO - Epoch [791/10000], Train Loss: 0.0287, R2: 0.9602, RMSE: 0.1696 | Valid Loss: 0.1119, R2: 0.6112, RMSE: 0.3345
2026-02-22 19:56:35,892 - root - INFO - Epoch [792/10000], Train Loss: 0.0295, R2: 0.9592, RMSE: 0.1719 | Valid Loss: 0.1107, R2: 0.6155, RMSE: 0.3327
2026-02-22 19:56:35,986 - root - INFO - Epoch [793/10000], Train Loss: 0.0297, R2: 0.9589, RMSE: 0.1724 | Valid Loss: 0.1138, R2: 0.6045, RMSE: 0.3374
2026-02-22 19:56:36,081 - root - INFO - Epoch [794/10000], Train Loss: 0.0298, R2: 0.9588, RMSE: 0.1726 | Valid Loss: 0.1132, R2: 0.6068, RMSE: 0.3364
2026-02-22 19:56:36,172 - root - INFO - Epoch [795/10000], Train Loss: 0.0296, R2: 0.9591, RMSE: 0.1719 | Valid Loss: 0.1139, R2: 0.6044, RMSE: 0.3375
2026-02-22 19:56:36,262 - root - INFO - Epoch [796/10000], Train Loss: 0.0294, R2: 0.9593, RMSE: 0.1716 | Valid Loss: 0.1118, R2: 0.6118, RMSE: 0.3343
2026-02-22 19:56:36,361 - root - INFO - Epoch [797/10000], Train Loss: 0.0288, R2: 0.9602, RMSE: 0.1696 | Valid Loss: 0.1136, R2: 0.6054, RMSE: 0.3370
2026-02-22 19:56:36,457 - root - INFO - Epoch [798/10000], Train Loss: 0.0286, R2: 0.9604, RMSE: 0.1691 | Valid Loss: 0.1139, R2: 0.6043, RMSE: 0.3375
2026-02-22 19:56:36,551 - root - INFO - Epoch [799/10000], Train Loss: 0.0298, R2: 0.9588, RMSE: 0.1726 | Valid Loss: 0.1131, R2: 0.6070, RMSE: 0.3364
2026-02-22 19:56:36,650 - root - INFO - Epoch [800/10000], Train Loss: 0.0290, R2: 0.9599, RMSE: 0.1703 | Valid Loss: 0.1108, R2: 0.6152, RMSE: 0.3328
2026-02-22 19:56:36,748 - root - INFO - Epoch [801/10000], Train Loss: 0.0291, R2: 0.9598, RMSE: 0.1705 | Valid Loss: 0.1124, R2: 0.6096, RMSE: 0.3352
2026-02-22 19:56:36,844 - root - INFO - Epoch [802/10000], Train Loss: 0.0290, R2: 0.9599, RMSE: 0.1702 | Valid Loss: 0.1119, R2: 0.6113, RMSE: 0.3345
2026-02-22 19:56:36,939 - root - INFO - Epoch [803/10000], Train Loss: 0.0295, R2: 0.9592, RMSE: 0.1718 | Valid Loss: 0.1100, R2: 0.6179, RMSE: 0.3317
2026-02-22 19:56:37,032 - root - INFO - Epoch [804/10000], Train Loss: 0.0296, R2: 0.9591, RMSE: 0.1720 | Valid Loss: 0.1156, R2: 0.5984, RMSE: 0.3400
2026-02-22 19:56:37,129 - root - INFO - Epoch [805/10000], Train Loss: 0.0290, R2: 0.9599, RMSE: 0.1703 | Valid Loss: 0.1106, R2: 0.6159, RMSE: 0.3325
2026-02-22 19:56:37,222 - root - INFO - Epoch [806/10000], Train Loss: 0.0292, R2: 0.9597, RMSE: 0.1707 | Valid Loss: 0.1104, R2: 0.6165, RMSE: 0.3323
2026-02-22 19:56:37,311 - root - INFO - Epoch [807/10000], Train Loss: 0.0292, R2: 0.9596, RMSE: 0.1708 | Valid Loss: 0.1116, R2: 0.6123, RMSE: 0.3341
2026-02-22 19:56:37,407 - root - INFO - Epoch [808/10000], Train Loss: 0.0301, R2: 0.9584, RMSE: 0.1735 | Valid Loss: 0.1120, R2: 0.6108, RMSE: 0.3347
2026-02-22 19:56:37,499 - root - INFO - Epoch [809/10000], Train Loss: 0.0293, R2: 0.9594, RMSE: 0.1713 | Valid Loss: 0.1132, R2: 0.6068, RMSE: 0.3364
2026-02-22 19:56:37,591 - root - INFO - Epoch [810/10000], Train Loss: 0.0283, R2: 0.9608, RMSE: 0.1683 | Valid Loss: 0.1116, R2: 0.6123, RMSE: 0.3341
2026-02-22 19:56:37,685 - root - INFO - Epoch [811/10000], Train Loss: 0.0284, R2: 0.9607, RMSE: 0.1685 | Valid Loss: 0.1128, R2: 0.6082, RMSE: 0.3358
2026-02-22 19:56:37,779 - root - INFO - Epoch [812/10000], Train Loss: 0.0300, R2: 0.9586, RMSE: 0.1731 | Valid Loss: 0.1111, R2: 0.6140, RMSE: 0.3333
2026-02-22 19:56:37,871 - root - INFO - Epoch [813/10000], Train Loss: 0.0282, R2: 0.9611, RMSE: 0.1678 | Valid Loss: 0.1132, R2: 0.6067, RMSE: 0.3365
2026-02-22 19:56:37,966 - root - INFO - Epoch [814/10000], Train Loss: 0.0284, R2: 0.9607, RMSE: 0.1685 | Valid Loss: 0.1101, R2: 0.6176, RMSE: 0.3318
2026-02-22 19:56:38,058 - root - INFO - Epoch [815/10000], Train Loss: 0.0287, R2: 0.9603, RMSE: 0.1694 | Valid Loss: 0.1109, R2: 0.6149, RMSE: 0.3330
2026-02-22 19:56:38,151 - root - INFO - Epoch [816/10000], Train Loss: 0.0290, R2: 0.9600, RMSE: 0.1702 | Valid Loss: 0.1105, R2: 0.6161, RMSE: 0.3324
2026-02-22 19:56:38,243 - root - INFO - Epoch [817/10000], Train Loss: 0.0292, R2: 0.9597, RMSE: 0.1708 | Valid Loss: 0.1105, R2: 0.6161, RMSE: 0.3324
2026-02-22 19:56:38,338 - root - INFO - Epoch [818/10000], Train Loss: 0.0287, R2: 0.9603, RMSE: 0.1694 | Valid Loss: 0.1091, R2: 0.6209, RMSE: 0.3303
2026-02-22 19:56:38,432 - root - INFO - Epoch [819/10000], Train Loss: 0.0284, R2: 0.9607, RMSE: 0.1686 | Valid Loss: 0.1064, R2: 0.6302, RMSE: 0.3263
2026-02-22 19:56:38,525 - root - INFO - Epoch [820/10000], Train Loss: 0.0283, R2: 0.9609, RMSE: 0.1682 | Valid Loss: 0.1097, R2: 0.6188, RMSE: 0.3313
2026-02-22 19:56:38,616 - root - INFO - Epoch [821/10000], Train Loss: 0.0283, R2: 0.9608, RMSE: 0.1683 | Valid Loss: 0.1116, R2: 0.6123, RMSE: 0.3341
2026-02-22 19:56:38,714 - root - INFO - Epoch [822/10000], Train Loss: 0.0285, R2: 0.9605, RMSE: 0.1689 | Valid Loss: 0.1084, R2: 0.6234, RMSE: 0.3293
2026-02-22 19:56:38,810 - root - INFO - Epoch [823/10000], Train Loss: 0.0286, R2: 0.9605, RMSE: 0.1691 | Valid Loss: 0.1057, R2: 0.6328, RMSE: 0.3251
2026-02-22 19:56:38,905 - root - INFO - Epoch [824/10000], Train Loss: 0.0293, R2: 0.9595, RMSE: 0.1711 | Valid Loss: 0.1078, R2: 0.6256, RMSE: 0.3283
2026-02-22 19:56:39,001 - root - INFO - Epoch [825/10000], Train Loss: 0.0287, R2: 0.9604, RMSE: 0.1693 | Valid Loss: 0.1090, R2: 0.6213, RMSE: 0.3302
2026-02-22 19:56:39,097 - root - INFO - Epoch [826/10000], Train Loss: 0.0291, R2: 0.9598, RMSE: 0.1705 | Valid Loss: 0.1073, R2: 0.6271, RMSE: 0.3276
2026-02-22 19:56:39,192 - root - INFO - Epoch [827/10000], Train Loss: 0.0294, R2: 0.9594, RMSE: 0.1714 | Valid Loss: 0.1070, R2: 0.6282, RMSE: 0.3271
2026-02-22 19:56:39,285 - root - INFO - Epoch [828/10000], Train Loss: 0.0283, R2: 0.9609, RMSE: 0.1682 | Valid Loss: 0.1074, R2: 0.6269, RMSE: 0.3277
2026-02-22 19:56:39,379 - root - INFO - Epoch [829/10000], Train Loss: 0.0282, R2: 0.9610, RMSE: 0.1679 | Valid Loss: 0.1075, R2: 0.6266, RMSE: 0.3279
2026-02-22 19:56:39,472 - root - INFO - Epoch [830/10000], Train Loss: 0.0284, R2: 0.9607, RMSE: 0.1685 | Valid Loss: 0.1086, R2: 0.6228, RMSE: 0.3295
2026-02-22 19:56:39,567 - root - INFO - Epoch [831/10000], Train Loss: 0.0290, R2: 0.9599, RMSE: 0.1703 | Valid Loss: 0.1053, R2: 0.6341, RMSE: 0.3246
2026-02-22 19:56:39,660 - root - INFO - Epoch [832/10000], Train Loss: 0.0280, R2: 0.9612, RMSE: 0.1674 | Valid Loss: 0.1040, R2: 0.6387, RMSE: 0.3225
2026-02-22 19:56:39,752 - root - INFO - Epoch [833/10000], Train Loss: 0.0296, R2: 0.9590, RMSE: 0.1721 | Valid Loss: 0.1077, R2: 0.6260, RMSE: 0.3281
2026-02-22 19:56:39,844 - root - INFO - Epoch [834/10000], Train Loss: 0.0295, R2: 0.9592, RMSE: 0.1717 | Valid Loss: 0.1065, R2: 0.6302, RMSE: 0.3263
2026-02-22 19:56:39,937 - root - INFO - Epoch [835/10000], Train Loss: 0.0306, R2: 0.9577, RMSE: 0.1749 | Valid Loss: 0.1072, R2: 0.6275, RMSE: 0.3275
2026-02-22 19:56:40,027 - root - INFO - Epoch [836/10000], Train Loss: 0.0281, R2: 0.9612, RMSE: 0.1676 | Valid Loss: 0.1069, R2: 0.6286, RMSE: 0.3270
2026-02-22 19:56:40,120 - root - INFO - Epoch [837/10000], Train Loss: 0.0305, R2: 0.9578, RMSE: 0.1746 | Valid Loss: 0.1074, R2: 0.6270, RMSE: 0.3277
2026-02-22 19:56:40,216 - root - INFO - Epoch [838/10000], Train Loss: 0.0279, R2: 0.9614, RMSE: 0.1670 | Valid Loss: 0.1056, R2: 0.6333, RMSE: 0.3249
2026-02-22 19:56:40,310 - root - INFO - Epoch [839/10000], Train Loss: 0.0282, R2: 0.9611, RMSE: 0.1678 | Valid Loss: 0.1077, R2: 0.6259, RMSE: 0.3281
2026-02-22 19:56:40,403 - root - INFO - Epoch [840/10000], Train Loss: 0.0281, R2: 0.9612, RMSE: 0.1675 | Valid Loss: 0.1089, R2: 0.6218, RMSE: 0.3300
2026-02-22 19:56:40,499 - root - INFO - Epoch [841/10000], Train Loss: 0.0278, R2: 0.9616, RMSE: 0.1667 | Valid Loss: 0.1094, R2: 0.6201, RMSE: 0.3307
2026-02-22 19:56:40,592 - root - INFO - Epoch [842/10000], Train Loss: 0.0281, R2: 0.9612, RMSE: 0.1676 | Valid Loss: 0.1070, R2: 0.6284, RMSE: 0.3271
2026-02-22 19:56:40,685 - root - INFO - Epoch [843/10000], Train Loss: 0.0282, R2: 0.9611, RMSE: 0.1678 | Valid Loss: 0.1076, R2: 0.6261, RMSE: 0.3281
2026-02-22 19:56:40,773 - root - INFO - Epoch [844/10000], Train Loss: 0.0282, R2: 0.9610, RMSE: 0.1679 | Valid Loss: 0.1056, R2: 0.6333, RMSE: 0.3249
2026-02-22 19:56:40,869 - root - INFO - Epoch [845/10000], Train Loss: 0.0281, R2: 0.9611, RMSE: 0.1678 | Valid Loss: 0.1055, R2: 0.6335, RMSE: 0.3248
2026-02-22 19:56:40,961 - root - INFO - Epoch [846/10000], Train Loss: 0.0279, R2: 0.9614, RMSE: 0.1670 | Valid Loss: 0.1079, R2: 0.6251, RMSE: 0.3285
2026-02-22 19:56:41,054 - root - INFO - Epoch [847/10000], Train Loss: 0.0280, R2: 0.9612, RMSE: 0.1675 | Valid Loss: 0.1064, R2: 0.6302, RMSE: 0.3263
2026-02-22 19:56:41,144 - root - INFO - Epoch [848/10000], Train Loss: 0.0281, R2: 0.9612, RMSE: 0.1676 | Valid Loss: 0.1047, R2: 0.6363, RMSE: 0.3236
2026-02-22 19:56:41,234 - root - INFO - Epoch [849/10000], Train Loss: 0.0283, R2: 0.9609, RMSE: 0.1681 | Valid Loss: 0.1044, R2: 0.6372, RMSE: 0.3231
2026-02-22 19:56:41,325 - root - INFO - Epoch [850/10000], Train Loss: 0.0281, R2: 0.9612, RMSE: 0.1676 | Valid Loss: 0.1051, R2: 0.6347, RMSE: 0.3243
2026-02-22 19:56:41,418 - root - INFO - Epoch [851/10000], Train Loss: 0.0284, R2: 0.9607, RMSE: 0.1687 | Valid Loss: 0.1052, R2: 0.6347, RMSE: 0.3243
2026-02-22 19:56:41,508 - root - INFO - Epoch [852/10000], Train Loss: 0.0278, R2: 0.9616, RMSE: 0.1666 | Valid Loss: 0.1053, R2: 0.6343, RMSE: 0.3244
2026-02-22 19:56:41,603 - root - INFO - Epoch [853/10000], Train Loss: 0.0280, R2: 0.9612, RMSE: 0.1675 | Valid Loss: 0.1040, R2: 0.6388, RMSE: 0.3225
2026-02-22 19:56:41,699 - root - INFO - Epoch [854/10000], Train Loss: 0.0280, R2: 0.9613, RMSE: 0.1673 | Valid Loss: 0.1036, R2: 0.6400, RMSE: 0.3219
2026-02-22 19:56:41,794 - root - INFO - Epoch [855/10000], Train Loss: 0.0282, R2: 0.9609, RMSE: 0.1680 | Valid Loss: 0.1017, R2: 0.6466, RMSE: 0.3190
2026-02-22 19:56:41,886 - root - INFO - Epoch [856/10000], Train Loss: 0.0276, R2: 0.9618, RMSE: 0.1663 | Valid Loss: 0.1037, R2: 0.6397, RMSE: 0.3220
2026-02-22 19:56:41,978 - root - INFO - Epoch [857/10000], Train Loss: 0.0281, R2: 0.9611, RMSE: 0.1677 | Valid Loss: 0.1070, R2: 0.6282, RMSE: 0.3271
2026-02-22 19:56:42,069 - root - INFO - Epoch [858/10000], Train Loss: 0.0287, R2: 0.9602, RMSE: 0.1695 | Valid Loss: 0.1024, R2: 0.6441, RMSE: 0.3201
2026-02-22 19:56:42,161 - root - INFO - Epoch [859/10000], Train Loss: 0.0287, R2: 0.9603, RMSE: 0.1695 | Valid Loss: 0.1001, R2: 0.6523, RMSE: 0.3164
2026-02-22 19:56:42,256 - root - INFO - Epoch [860/10000], Train Loss: 0.0281, R2: 0.9612, RMSE: 0.1676 | Valid Loss: 0.0997, R2: 0.6536, RMSE: 0.3158
2026-02-22 19:56:42,350 - root - INFO - Epoch [861/10000], Train Loss: 0.0291, R2: 0.9598, RMSE: 0.1706 | Valid Loss: 0.1071, R2: 0.6281, RMSE: 0.3272
2026-02-22 19:56:42,443 - root - INFO - Epoch [862/10000], Train Loss: 0.0276, R2: 0.9618, RMSE: 0.1661 | Valid Loss: 0.1035, R2: 0.6403, RMSE: 0.3218
2026-02-22 19:56:42,536 - root - INFO - Epoch [863/10000], Train Loss: 0.0282, R2: 0.9610, RMSE: 0.1680 | Valid Loss: 0.1012, R2: 0.6485, RMSE: 0.3181
2026-02-22 19:56:42,631 - root - INFO - Epoch [864/10000], Train Loss: 0.0290, R2: 0.9599, RMSE: 0.1702 | Valid Loss: 0.1013, R2: 0.6480, RMSE: 0.3183
2026-02-22 19:56:42,721 - root - INFO - Epoch [865/10000], Train Loss: 0.0279, R2: 0.9614, RMSE: 0.1672 | Valid Loss: 0.1023, R2: 0.6447, RMSE: 0.3198
2026-02-22 19:56:42,816 - root - INFO - Epoch [866/10000], Train Loss: 0.0276, R2: 0.9619, RMSE: 0.1660 | Valid Loss: 0.1046, R2: 0.6366, RMSE: 0.3234
2026-02-22 19:56:42,908 - root - INFO - Epoch [867/10000], Train Loss: 0.0277, R2: 0.9616, RMSE: 0.1666 | Valid Loss: 0.1009, R2: 0.6496, RMSE: 0.3176
2026-02-22 19:56:43,003 - root - INFO - Epoch [868/10000], Train Loss: 0.0294, R2: 0.9593, RMSE: 0.1716 | Valid Loss: 0.1018, R2: 0.6463, RMSE: 0.3191
2026-02-22 19:56:43,098 - root - INFO - Epoch [869/10000], Train Loss: 0.0275, R2: 0.9620, RMSE: 0.1658 | Valid Loss: 0.1021, R2: 0.6454, RMSE: 0.3195
2026-02-22 19:56:43,189 - root - INFO - Epoch [870/10000], Train Loss: 0.0276, R2: 0.9618, RMSE: 0.1662 | Valid Loss: 0.1035, R2: 0.6404, RMSE: 0.3217
2026-02-22 19:56:43,280 - root - INFO - Epoch [871/10000], Train Loss: 0.0281, R2: 0.9612, RMSE: 0.1676 | Valid Loss: 0.1025, R2: 0.6439, RMSE: 0.3202
2026-02-22 19:56:43,371 - root - INFO - Epoch [872/10000], Train Loss: 0.0300, R2: 0.9585, RMSE: 0.1733 | Valid Loss: 0.1037, R2: 0.6397, RMSE: 0.3221
2026-02-22 19:56:43,469 - root - INFO - Epoch [873/10000], Train Loss: 0.0284, R2: 0.9608, RMSE: 0.1684 | Valid Loss: 0.0977, R2: 0.6607, RMSE: 0.3125
2026-02-22 19:56:43,565 - root - INFO - Epoch [874/10000], Train Loss: 0.0300, R2: 0.9585, RMSE: 0.1732 | Valid Loss: 0.1012, R2: 0.6483, RMSE: 0.3182
2026-02-22 19:56:43,661 - root - INFO - Epoch [875/10000], Train Loss: 0.0289, R2: 0.9600, RMSE: 0.1701 | Valid Loss: 0.1040, R2: 0.6389, RMSE: 0.3224
2026-02-22 19:56:43,756 - root - INFO - Epoch [876/10000], Train Loss: 0.0272, R2: 0.9623, RMSE: 0.1651 | Valid Loss: 0.1031, R2: 0.6417, RMSE: 0.3211
2026-02-22 19:56:43,852 - root - INFO - Epoch [877/10000], Train Loss: 0.0273, R2: 0.9622, RMSE: 0.1654 | Valid Loss: 0.1016, R2: 0.6472, RMSE: 0.3187
2026-02-22 19:56:43,945 - root - INFO - Epoch [878/10000], Train Loss: 0.0275, R2: 0.9620, RMSE: 0.1658 | Valid Loss: 0.1017, R2: 0.6466, RMSE: 0.3190
2026-02-22 19:56:44,037 - root - INFO - Epoch [879/10000], Train Loss: 0.0273, R2: 0.9623, RMSE: 0.1651 | Valid Loss: 0.1004, R2: 0.6513, RMSE: 0.3168
2026-02-22 19:56:44,130 - root - INFO - Epoch [880/10000], Train Loss: 0.0276, R2: 0.9619, RMSE: 0.1660 | Valid Loss: 0.1013, R2: 0.6481, RMSE: 0.3183
2026-02-22 19:56:44,219 - root - INFO - Epoch [881/10000], Train Loss: 0.0273, R2: 0.9623, RMSE: 0.1652 | Valid Loss: 0.1026, R2: 0.6435, RMSE: 0.3203
2026-02-22 19:56:44,311 - root - INFO - Epoch [882/10000], Train Loss: 0.0272, R2: 0.9624, RMSE: 0.1649 | Valid Loss: 0.0985, R2: 0.6577, RMSE: 0.3139
2026-02-22 19:56:44,403 - root - INFO - Epoch [883/10000], Train Loss: 0.0273, R2: 0.9622, RMSE: 0.1653 | Valid Loss: 0.1000, R2: 0.6525, RMSE: 0.3163
2026-02-22 19:56:44,496 - root - INFO - Epoch [884/10000], Train Loss: 0.0272, R2: 0.9624, RMSE: 0.1649 | Valid Loss: 0.1018, R2: 0.6465, RMSE: 0.3190
2026-02-22 19:56:44,588 - root - INFO - Epoch [885/10000], Train Loss: 0.0277, R2: 0.9617, RMSE: 0.1665 | Valid Loss: 0.1000, R2: 0.6527, RMSE: 0.3162
2026-02-22 19:56:44,679 - root - INFO - Epoch [886/10000], Train Loss: 0.0272, R2: 0.9624, RMSE: 0.1649 | Valid Loss: 0.0986, R2: 0.6576, RMSE: 0.3140
2026-02-22 19:56:44,771 - root - INFO - Epoch [887/10000], Train Loss: 0.0276, R2: 0.9618, RMSE: 0.1662 | Valid Loss: 0.1008, R2: 0.6498, RMSE: 0.3175
2026-02-22 19:56:44,861 - root - INFO - Epoch [888/10000], Train Loss: 0.0277, R2: 0.9618, RMSE: 0.1663 | Valid Loss: 0.0998, R2: 0.6533, RMSE: 0.3159
2026-02-22 19:56:44,957 - root - INFO - Epoch [889/10000], Train Loss: 0.0280, R2: 0.9613, RMSE: 0.1674 | Valid Loss: 0.1009, R2: 0.6495, RMSE: 0.3177
2026-02-22 19:56:45,057 - root - INFO - Epoch [890/10000], Train Loss: 0.0278, R2: 0.9616, RMSE: 0.1666 | Valid Loss: 0.0978, R2: 0.6604, RMSE: 0.3127
2026-02-22 19:56:45,155 - root - INFO - Epoch [891/10000], Train Loss: 0.0303, R2: 0.9582, RMSE: 0.1739 | Valid Loss: 0.1008, R2: 0.6497, RMSE: 0.3176
2026-02-22 19:56:45,248 - root - INFO - Epoch [892/10000], Train Loss: 0.0289, R2: 0.9601, RMSE: 0.1699 | Valid Loss: 0.1002, R2: 0.6519, RMSE: 0.3166
2026-02-22 19:56:45,342 - root - INFO - Epoch [893/10000], Train Loss: 0.0273, R2: 0.9623, RMSE: 0.1651 | Valid Loss: 0.1010, R2: 0.6491, RMSE: 0.3178
2026-02-22 19:56:45,438 - root - INFO - Epoch [894/10000], Train Loss: 0.0272, R2: 0.9624, RMSE: 0.1650 | Valid Loss: 0.1014, R2: 0.6478, RMSE: 0.3184
2026-02-22 19:56:45,539 - root - INFO - Epoch [895/10000], Train Loss: 0.0269, R2: 0.9627, RMSE: 0.1641 | Valid Loss: 0.0968, R2: 0.6638, RMSE: 0.3111
2026-02-22 19:56:45,639 - root - INFO - Epoch [896/10000], Train Loss: 0.0270, R2: 0.9626, RMSE: 0.1644 | Valid Loss: 0.0969, R2: 0.6633, RMSE: 0.3113
2026-02-22 19:56:45,733 - root - INFO - Epoch [897/10000], Train Loss: 0.0272, R2: 0.9624, RMSE: 0.1650 | Valid Loss: 0.0983, R2: 0.6586, RMSE: 0.3135
2026-02-22 19:56:45,829 - root - INFO - Epoch [898/10000], Train Loss: 0.0271, R2: 0.9625, RMSE: 0.1647 | Valid Loss: 0.0964, R2: 0.6650, RMSE: 0.3105
2026-02-22 19:56:45,945 - root - INFO - Epoch [899/10000], Train Loss: 0.0267, R2: 0.9631, RMSE: 0.1634 | Valid Loss: 0.0967, R2: 0.6641, RMSE: 0.3110
2026-02-22 19:56:46,046 - root - INFO - Epoch [900/10000], Train Loss: 0.0269, R2: 0.9628, RMSE: 0.1639 | Valid Loss: 0.0966, R2: 0.6644, RMSE: 0.3108
2026-02-22 19:56:46,145 - root - INFO - Epoch [901/10000], Train Loss: 0.0275, R2: 0.9619, RMSE: 0.1660 | Valid Loss: 0.0966, R2: 0.6646, RMSE: 0.3107
2026-02-22 19:56:46,245 - root - INFO - Epoch [902/10000], Train Loss: 0.0274, R2: 0.9622, RMSE: 0.1654 | Valid Loss: 0.0978, R2: 0.6603, RMSE: 0.3127
2026-02-22 19:56:46,338 - root - INFO - Epoch [903/10000], Train Loss: 0.0270, R2: 0.9627, RMSE: 0.1643 | Valid Loss: 0.0969, R2: 0.6634, RMSE: 0.3113
2026-02-22 19:56:46,437 - root - INFO - Epoch [904/10000], Train Loss: 0.0274, R2: 0.9621, RMSE: 0.1656 | Valid Loss: 0.0973, R2: 0.6618, RMSE: 0.3120
2026-02-22 19:56:46,534 - root - INFO - Epoch [905/10000], Train Loss: 0.0277, R2: 0.9617, RMSE: 0.1663 | Valid Loss: 0.0966, R2: 0.6643, RMSE: 0.3108
2026-02-22 19:56:46,634 - root - INFO - Epoch [906/10000], Train Loss: 0.0273, R2: 0.9622, RMSE: 0.1654 | Valid Loss: 0.0949, R2: 0.6703, RMSE: 0.3081
2026-02-22 19:56:46,730 - root - INFO - Epoch [907/10000], Train Loss: 0.0272, R2: 0.9624, RMSE: 0.1648 | Valid Loss: 0.0973, R2: 0.6620, RMSE: 0.3119
2026-02-22 19:56:46,828 - root - INFO - Epoch [908/10000], Train Loss: 0.0270, R2: 0.9627, RMSE: 0.1643 | Valid Loss: 0.0946, R2: 0.6714, RMSE: 0.3075
2026-02-22 19:56:46,926 - root - INFO - Epoch [909/10000], Train Loss: 0.0284, R2: 0.9607, RMSE: 0.1686 | Valid Loss: 0.0978, R2: 0.6601, RMSE: 0.3128
2026-02-22 19:56:47,018 - root - INFO - Epoch [910/10000], Train Loss: 0.0267, R2: 0.9631, RMSE: 0.1634 | Valid Loss: 0.0965, R2: 0.6649, RMSE: 0.3106
2026-02-22 19:56:47,117 - root - INFO - Epoch [911/10000], Train Loss: 0.0275, R2: 0.9619, RMSE: 0.1659 | Valid Loss: 0.0971, R2: 0.6629, RMSE: 0.3115
2026-02-22 19:56:47,210 - root - INFO - Epoch [912/10000], Train Loss: 0.0268, R2: 0.9629, RMSE: 0.1638 | Valid Loss: 0.0944, R2: 0.6721, RMSE: 0.3072
2026-02-22 19:56:47,304 - root - INFO - Epoch [913/10000], Train Loss: 0.0272, R2: 0.9624, RMSE: 0.1648 | Valid Loss: 0.0959, R2: 0.6669, RMSE: 0.3097
2026-02-22 19:56:47,398 - root - INFO - Epoch [914/10000], Train Loss: 0.0286, R2: 0.9604, RMSE: 0.1693 | Valid Loss: 0.0983, R2: 0.6587, RMSE: 0.3134
2026-02-22 19:56:47,491 - root - INFO - Epoch [915/10000], Train Loss: 0.0272, R2: 0.9624, RMSE: 0.1648 | Valid Loss: 0.0945, R2: 0.6718, RMSE: 0.3073
2026-02-22 19:56:47,587 - root - INFO - Epoch [916/10000], Train Loss: 0.0288, R2: 0.9602, RMSE: 0.1696 | Valid Loss: 0.0943, R2: 0.6723, RMSE: 0.3071
2026-02-22 19:56:47,682 - root - INFO - Epoch [917/10000], Train Loss: 0.0265, R2: 0.9634, RMSE: 0.1627 | Valid Loss: 0.0952, R2: 0.6694, RMSE: 0.3085
2026-02-22 19:56:47,774 - root - INFO - Epoch [918/10000], Train Loss: 0.0266, R2: 0.9633, RMSE: 0.1630 | Valid Loss: 0.0977, R2: 0.6604, RMSE: 0.3126
2026-02-22 19:56:47,870 - root - INFO - Epoch [919/10000], Train Loss: 0.0266, R2: 0.9632, RMSE: 0.1632 | Valid Loss: 0.0938, R2: 0.6740, RMSE: 0.3063
2026-02-22 19:56:47,962 - root - INFO - Epoch [920/10000], Train Loss: 0.0268, R2: 0.9629, RMSE: 0.1639 | Valid Loss: 0.0959, R2: 0.6669, RMSE: 0.3097
2026-02-22 19:56:48,054 - root - INFO - Epoch [921/10000], Train Loss: 0.0269, R2: 0.9629, RMSE: 0.1639 | Valid Loss: 0.0945, R2: 0.6716, RMSE: 0.3075
2026-02-22 19:56:48,151 - root - INFO - Epoch [922/10000], Train Loss: 0.0266, R2: 0.9632, RMSE: 0.1632 | Valid Loss: 0.0977, R2: 0.6605, RMSE: 0.3126
2026-02-22 19:56:48,243 - root - INFO - Epoch [923/10000], Train Loss: 0.0275, R2: 0.9619, RMSE: 0.1659 | Valid Loss: 0.0928, R2: 0.6777, RMSE: 0.3046
2026-02-22 19:56:48,335 - root - INFO - Epoch [924/10000], Train Loss: 0.0265, R2: 0.9633, RMSE: 0.1629 | Valid Loss: 0.0934, R2: 0.6755, RMSE: 0.3056
2026-02-22 19:56:48,426 - root - INFO - Epoch [925/10000], Train Loss: 0.0267, R2: 0.9631, RMSE: 0.1634 | Valid Loss: 0.0928, R2: 0.6775, RMSE: 0.3047
2026-02-22 19:56:48,516 - root - INFO - Epoch [926/10000], Train Loss: 0.0265, R2: 0.9633, RMSE: 0.1629 | Valid Loss: 0.0940, R2: 0.6734, RMSE: 0.3066
2026-02-22 19:56:48,612 - root - INFO - Epoch [927/10000], Train Loss: 0.0267, R2: 0.9631, RMSE: 0.1633 | Valid Loss: 0.0916, R2: 0.6819, RMSE: 0.3026
2026-02-22 19:56:48,711 - root - INFO - Epoch [928/10000], Train Loss: 0.0265, R2: 0.9633, RMSE: 0.1628 | Valid Loss: 0.0909, R2: 0.6841, RMSE: 0.3016
2026-02-22 19:56:48,807 - root - INFO - Epoch [929/10000], Train Loss: 0.0272, R2: 0.9624, RMSE: 0.1649 | Valid Loss: 0.0950, R2: 0.6699, RMSE: 0.3083
2026-02-22 19:56:48,902 - root - INFO - Epoch [930/10000], Train Loss: 0.0263, R2: 0.9636, RMSE: 0.1623 | Valid Loss: 0.0912, R2: 0.6831, RMSE: 0.3020
2026-02-22 19:56:48,997 - root - INFO - Epoch [931/10000], Train Loss: 0.0287, R2: 0.9604, RMSE: 0.1693 | Valid Loss: 0.0911, R2: 0.6835, RMSE: 0.3018
2026-02-22 19:56:49,092 - root - INFO - Epoch [932/10000], Train Loss: 0.0292, R2: 0.9596, RMSE: 0.1709 | Valid Loss: 0.0902, R2: 0.6865, RMSE: 0.3004
2026-02-22 19:56:49,187 - root - INFO - Epoch [933/10000], Train Loss: 0.0270, R2: 0.9627, RMSE: 0.1642 | Valid Loss: 0.0939, R2: 0.6739, RMSE: 0.3064
2026-02-22 19:56:49,278 - root - INFO - Epoch [934/10000], Train Loss: 0.0264, R2: 0.9635, RMSE: 0.1625 | Valid Loss: 0.0925, R2: 0.6787, RMSE: 0.3041
2026-02-22 19:56:49,372 - root - INFO - Epoch [935/10000], Train Loss: 0.0269, R2: 0.9627, RMSE: 0.1642 | Valid Loss: 0.0923, R2: 0.6795, RMSE: 0.3038
2026-02-22 19:56:49,467 - root - INFO - Epoch [936/10000], Train Loss: 0.0266, R2: 0.9632, RMSE: 0.1632 | Valid Loss: 0.0912, R2: 0.6831, RMSE: 0.3020
2026-02-22 19:56:49,561 - root - INFO - Epoch [937/10000], Train Loss: 0.0267, R2: 0.9631, RMSE: 0.1633 | Valid Loss: 0.0904, R2: 0.6858, RMSE: 0.3007
2026-02-22 19:56:49,656 - root - INFO - Epoch [938/10000], Train Loss: 0.0266, R2: 0.9632, RMSE: 0.1630 | Valid Loss: 0.0911, R2: 0.6836, RMSE: 0.3018
2026-02-22 19:56:49,746 - root - INFO - Epoch [939/10000], Train Loss: 0.0268, R2: 0.9629, RMSE: 0.1637 | Valid Loss: 0.0929, R2: 0.6773, RMSE: 0.3048
2026-02-22 19:56:49,836 - root - INFO - Epoch [940/10000], Train Loss: 0.0267, R2: 0.9631, RMSE: 0.1633 | Valid Loss: 0.0919, R2: 0.6808, RMSE: 0.3031
2026-02-22 19:56:49,934 - root - INFO - Epoch [941/10000], Train Loss: 0.0262, R2: 0.9637, RMSE: 0.1619 | Valid Loss: 0.0917, R2: 0.6813, RMSE: 0.3029
2026-02-22 19:56:50,022 - root - INFO - Epoch [942/10000], Train Loss: 0.0261, R2: 0.9639, RMSE: 0.1616 | Valid Loss: 0.0896, R2: 0.6887, RMSE: 0.2993
2026-02-22 19:56:50,122 - root - INFO - Epoch [943/10000], Train Loss: 0.0264, R2: 0.9635, RMSE: 0.1625 | Valid Loss: 0.0902, R2: 0.6866, RMSE: 0.3003
2026-02-22 19:56:50,216 - root - INFO - Epoch [944/10000], Train Loss: 0.0265, R2: 0.9633, RMSE: 0.1629 | Valid Loss: 0.0927, R2: 0.6781, RMSE: 0.3044
2026-02-22 19:56:50,311 - root - INFO - Epoch [945/10000], Train Loss: 0.0261, R2: 0.9638, RMSE: 0.1617 | Valid Loss: 0.0888, R2: 0.6916, RMSE: 0.2979
2026-02-22 19:56:50,407 - root - INFO - Epoch [946/10000], Train Loss: 0.0263, R2: 0.9636, RMSE: 0.1623 | Valid Loss: 0.0877, R2: 0.6954, RMSE: 0.2961
2026-02-22 19:56:50,503 - root - INFO - Epoch [947/10000], Train Loss: 0.0271, R2: 0.9625, RMSE: 0.1646 | Valid Loss: 0.0892, R2: 0.6900, RMSE: 0.2987
2026-02-22 19:56:50,599 - root - INFO - Epoch [948/10000], Train Loss: 0.0278, R2: 0.9615, RMSE: 0.1668 | Valid Loss: 0.0918, R2: 0.6810, RMSE: 0.3030
2026-02-22 19:56:50,695 - root - INFO - Epoch [949/10000], Train Loss: 0.0276, R2: 0.9619, RMSE: 0.1660 | Valid Loss: 0.0886, R2: 0.6922, RMSE: 0.2977
2026-02-22 19:56:50,787 - root - INFO - Epoch [950/10000], Train Loss: 0.0261, R2: 0.9639, RMSE: 0.1616 | Valid Loss: 0.0902, R2: 0.6867, RMSE: 0.3003
2026-02-22 19:56:50,883 - root - INFO - Epoch [951/10000], Train Loss: 0.0268, R2: 0.9629, RMSE: 0.1638 | Valid Loss: 0.0867, R2: 0.6989, RMSE: 0.2944
2026-02-22 19:56:50,979 - root - INFO - Epoch [952/10000], Train Loss: 0.0268, R2: 0.9630, RMSE: 0.1636 | Valid Loss: 0.0899, R2: 0.6877, RMSE: 0.2998
2026-02-22 19:56:51,071 - root - INFO - Epoch [953/10000], Train Loss: 0.0264, R2: 0.9635, RMSE: 0.1624 | Valid Loss: 0.0906, R2: 0.6852, RMSE: 0.3010
2026-02-22 19:56:51,168 - root - INFO - Epoch [954/10000], Train Loss: 0.0261, R2: 0.9640, RMSE: 0.1614 | Valid Loss: 0.0879, R2: 0.6945, RMSE: 0.2966
2026-02-22 19:56:51,262 - root - INFO - Epoch [955/10000], Train Loss: 0.0273, R2: 0.9622, RMSE: 0.1653 | Valid Loss: 0.0896, R2: 0.6887, RMSE: 0.2994
2026-02-22 19:56:51,356 - root - INFO - Epoch [956/10000], Train Loss: 0.0260, R2: 0.9641, RMSE: 0.1611 | Valid Loss: 0.0878, R2: 0.6951, RMSE: 0.2963
2026-02-22 19:56:51,451 - root - INFO - Epoch [957/10000], Train Loss: 0.0266, R2: 0.9632, RMSE: 0.1631 | Valid Loss: 0.0896, R2: 0.6888, RMSE: 0.2993
2026-02-22 19:56:51,548 - root - INFO - Epoch [958/10000], Train Loss: 0.0278, R2: 0.9615, RMSE: 0.1668 | Valid Loss: 0.0865, R2: 0.6995, RMSE: 0.2941
2026-02-22 19:56:51,651 - root - INFO - Epoch [959/10000], Train Loss: 0.0264, R2: 0.9635, RMSE: 0.1625 | Valid Loss: 0.0861, R2: 0.7008, RMSE: 0.2935
2026-02-22 19:56:51,743 - root - INFO - Epoch [960/10000], Train Loss: 0.0263, R2: 0.9636, RMSE: 0.1622 | Valid Loss: 0.0862, R2: 0.7004, RMSE: 0.2936
2026-02-22 19:56:51,836 - root - INFO - Epoch [961/10000], Train Loss: 0.0265, R2: 0.9633, RMSE: 0.1629 | Valid Loss: 0.0865, R2: 0.6996, RMSE: 0.2941
2026-02-22 19:56:51,932 - root - INFO - Epoch [962/10000], Train Loss: 0.0263, R2: 0.9636, RMSE: 0.1623 | Valid Loss: 0.0887, R2: 0.6918, RMSE: 0.2979
2026-02-22 19:56:52,034 - root - INFO - Epoch [963/10000], Train Loss: 0.0262, R2: 0.9637, RMSE: 0.1620 | Valid Loss: 0.0873, R2: 0.6968, RMSE: 0.2954
2026-02-22 19:56:52,134 - root - INFO - Epoch [964/10000], Train Loss: 0.0265, R2: 0.9634, RMSE: 0.1628 | Valid Loss: 0.0878, R2: 0.6950, RMSE: 0.2963
2026-02-22 19:56:52,228 - root - INFO - Epoch [965/10000], Train Loss: 0.0265, R2: 0.9634, RMSE: 0.1627 | Valid Loss: 0.0857, R2: 0.7022, RMSE: 0.2928
2026-02-22 19:56:52,322 - root - INFO - Epoch [966/10000], Train Loss: 0.0265, R2: 0.9634, RMSE: 0.1627 | Valid Loss: 0.0865, R2: 0.6995, RMSE: 0.2941
2026-02-22 19:56:52,416 - root - INFO - Epoch [967/10000], Train Loss: 0.0285, R2: 0.9606, RMSE: 0.1688 | Valid Loss: 0.0886, R2: 0.6923, RMSE: 0.2976
2026-02-22 19:56:52,515 - root - INFO - Epoch [968/10000], Train Loss: 0.0283, R2: 0.9608, RMSE: 0.1683 | Valid Loss: 0.0850, R2: 0.7046, RMSE: 0.2916
2026-02-22 19:56:52,611 - root - INFO - Epoch [969/10000], Train Loss: 0.0272, R2: 0.9624, RMSE: 0.1650 | Valid Loss: 0.0878, R2: 0.6949, RMSE: 0.2963
2026-02-22 19:56:52,706 - root - INFO - Epoch [970/10000], Train Loss: 0.0277, R2: 0.9617, RMSE: 0.1664 | Valid Loss: 0.0871, R2: 0.6974, RMSE: 0.2952
2026-02-22 19:56:52,803 - root - INFO - Epoch [971/10000], Train Loss: 0.0280, R2: 0.9613, RMSE: 0.1672 | Valid Loss: 0.0832, R2: 0.7108, RMSE: 0.2885
2026-02-22 19:56:52,898 - root - INFO - Epoch [972/10000], Train Loss: 0.0268, R2: 0.9629, RMSE: 0.1638 | Valid Loss: 0.0871, R2: 0.6975, RMSE: 0.2951
2026-02-22 19:56:52,999 - root - INFO - Epoch [973/10000], Train Loss: 0.0266, R2: 0.9633, RMSE: 0.1630 | Valid Loss: 0.0865, R2: 0.6994, RMSE: 0.2942
2026-02-22 19:56:53,097 - root - INFO - Epoch [974/10000], Train Loss: 0.0260, R2: 0.9641, RMSE: 0.1611 | Valid Loss: 0.0886, R2: 0.6923, RMSE: 0.2976
2026-02-22 19:56:53,193 - root - INFO - Epoch [975/10000], Train Loss: 0.0263, R2: 0.9636, RMSE: 0.1622 | Valid Loss: 0.0834, R2: 0.7102, RMSE: 0.2888
2026-02-22 19:56:53,292 - root - INFO - Epoch [976/10000], Train Loss: 0.0270, R2: 0.9627, RMSE: 0.1643 | Valid Loss: 0.0845, R2: 0.7064, RMSE: 0.2907
2026-02-22 19:56:53,390 - root - INFO - Epoch [977/10000], Train Loss: 0.0260, R2: 0.9641, RMSE: 0.1611 | Valid Loss: 0.0855, R2: 0.7029, RMSE: 0.2925
2026-02-22 19:56:53,483 - root - INFO - Epoch [978/10000], Train Loss: 0.0257, R2: 0.9644, RMSE: 0.1605 | Valid Loss: 0.0846, R2: 0.7063, RMSE: 0.2908
2026-02-22 19:56:53,587 - root - INFO - Epoch [979/10000], Train Loss: 0.0257, R2: 0.9645, RMSE: 0.1603 | Valid Loss: 0.0869, R2: 0.6980, RMSE: 0.2948
2026-02-22 19:56:53,682 - root - INFO - Epoch [980/10000], Train Loss: 0.0256, R2: 0.9646, RMSE: 0.1599 | Valid Loss: 0.0846, R2: 0.7062, RMSE: 0.2908
2026-02-22 19:56:53,774 - root - INFO - Epoch [981/10000], Train Loss: 0.0265, R2: 0.9633, RMSE: 0.1629 | Valid Loss: 0.0849, R2: 0.7052, RMSE: 0.2913
2026-02-22 19:56:53,867 - root - INFO - Epoch [982/10000], Train Loss: 0.0266, R2: 0.9632, RMSE: 0.1631 | Valid Loss: 0.0839, R2: 0.7085, RMSE: 0.2897
2026-02-22 19:56:53,966 - root - INFO - Epoch [983/10000], Train Loss: 0.0257, R2: 0.9645, RMSE: 0.1603 | Valid Loss: 0.0853, R2: 0.7036, RMSE: 0.2921
2026-02-22 19:56:54,061 - root - INFO - Epoch [984/10000], Train Loss: 0.0257, R2: 0.9644, RMSE: 0.1604 | Valid Loss: 0.0834, R2: 0.7103, RMSE: 0.2888
2026-02-22 19:56:54,157 - root - INFO - Epoch [985/10000], Train Loss: 0.0257, R2: 0.9645, RMSE: 0.1602 | Valid Loss: 0.0824, R2: 0.7137, RMSE: 0.2871
2026-02-22 19:56:54,251 - root - INFO - Epoch [986/10000], Train Loss: 0.0254, R2: 0.9648, RMSE: 0.1595 | Valid Loss: 0.0846, R2: 0.7062, RMSE: 0.2908
2026-02-22 19:56:54,344 - root - INFO - Epoch [987/10000], Train Loss: 0.0261, R2: 0.9640, RMSE: 0.1614 | Valid Loss: 0.0856, R2: 0.7025, RMSE: 0.2926
2026-02-22 19:56:54,440 - root - INFO - Epoch [988/10000], Train Loss: 0.0256, R2: 0.9647, RMSE: 0.1598 | Valid Loss: 0.0832, R2: 0.7109, RMSE: 0.2885
2026-02-22 19:56:54,536 - root - INFO - Epoch [989/10000], Train Loss: 0.0264, R2: 0.9635, RMSE: 0.1624 | Valid Loss: 0.0805, R2: 0.7202, RMSE: 0.2838
2026-02-22 19:56:54,632 - root - INFO - Epoch [990/10000], Train Loss: 0.0255, R2: 0.9648, RMSE: 0.1596 | Valid Loss: 0.0829, R2: 0.7121, RMSE: 0.2879
2026-02-22 19:56:54,725 - root - INFO - Epoch [991/10000], Train Loss: 0.0257, R2: 0.9645, RMSE: 0.1602 | Valid Loss: 0.0826, R2: 0.7131, RMSE: 0.2874
2026-02-22 19:56:54,820 - root - INFO - Epoch [992/10000], Train Loss: 0.0262, R2: 0.9638, RMSE: 0.1617 | Valid Loss: 0.0848, R2: 0.7052, RMSE: 0.2913
2026-02-22 19:56:54,917 - root - INFO - Epoch [993/10000], Train Loss: 0.0254, R2: 0.9649, RMSE: 0.1593 | Valid Loss: 0.0843, R2: 0.7070, RMSE: 0.2904
2026-02-22 19:56:55,011 - root - INFO - Epoch [994/10000], Train Loss: 0.0258, R2: 0.9643, RMSE: 0.1608 | Valid Loss: 0.0837, R2: 0.7093, RMSE: 0.2893
2026-02-22 19:56:55,103 - root - INFO - Epoch [995/10000], Train Loss: 0.0255, R2: 0.9647, RMSE: 0.1598 | Valid Loss: 0.0826, R2: 0.7130, RMSE: 0.2875
2026-02-22 19:56:55,210 - root - INFO - Epoch [996/10000], Train Loss: 0.0260, R2: 0.9640, RMSE: 0.1613 | Valid Loss: 0.0827, R2: 0.7129, RMSE: 0.2875
2026-02-22 19:56:55,312 - root - INFO - Epoch [997/10000], Train Loss: 0.0270, R2: 0.9627, RMSE: 0.1643 | Valid Loss: 0.0847, R2: 0.7059, RMSE: 0.2910
2026-02-22 19:56:55,405 - root - INFO - Epoch [998/10000], Train Loss: 0.0260, R2: 0.9641, RMSE: 0.1612 | Valid Loss: 0.0846, R2: 0.7063, RMSE: 0.2908
2026-02-22 19:56:55,504 - root - INFO - Epoch [999/10000], Train Loss: 0.0264, R2: 0.9634, RMSE: 0.1626 | Valid Loss: 0.0792, R2: 0.7249, RMSE: 0.2814
2026-02-22 19:56:55,603 - root - INFO - Epoch [1000/10000], Train Loss: 0.0266, R2: 0.9632, RMSE: 0.1632 | Valid Loss: 0.0822, R2: 0.7146, RMSE: 0.2866
2026-02-22 19:56:55,701 - root - INFO - Epoch [1001/10000], Train Loss: 0.0254, R2: 0.9649, RMSE: 0.1593 | Valid Loss: 0.0819, R2: 0.7156, RMSE: 0.2861
2026-02-22 19:56:55,797 - root - INFO - Epoch [1002/10000], Train Loss: 0.0258, R2: 0.9644, RMSE: 0.1605 | Valid Loss: 0.0850, R2: 0.7047, RMSE: 0.2916
2026-02-22 19:56:55,893 - root - INFO - Epoch [1003/10000], Train Loss: 0.0256, R2: 0.9646, RMSE: 0.1600 | Valid Loss: 0.0835, R2: 0.7098, RMSE: 0.2890
2026-02-22 19:56:55,989 - root - INFO - Epoch [1004/10000], Train Loss: 0.0254, R2: 0.9648, RMSE: 0.1595 | Valid Loss: 0.0805, R2: 0.7205, RMSE: 0.2837
2026-02-22 19:56:56,087 - root - INFO - Epoch [1005/10000], Train Loss: 0.0257, R2: 0.9645, RMSE: 0.1602 | Valid Loss: 0.0797, R2: 0.7231, RMSE: 0.2823
2026-02-22 19:56:56,188 - root - INFO - Epoch [1006/10000], Train Loss: 0.0274, R2: 0.9621, RMSE: 0.1655 | Valid Loss: 0.0815, R2: 0.7169, RMSE: 0.2855
2026-02-22 19:56:56,283 - root - INFO - Epoch [1007/10000], Train Loss: 0.0263, R2: 0.9636, RMSE: 0.1622 | Valid Loss: 0.0806, R2: 0.7201, RMSE: 0.2839
2026-02-22 19:56:56,378 - root - INFO - Epoch [1008/10000], Train Loss: 0.0254, R2: 0.9648, RMSE: 0.1595 | Valid Loss: 0.0791, R2: 0.7251, RMSE: 0.2813
2026-02-22 19:56:56,476 - root - INFO - Epoch [1009/10000], Train Loss: 0.0252, R2: 0.9651, RMSE: 0.1588 | Valid Loss: 0.0787, R2: 0.7266, RMSE: 0.2805
2026-02-22 19:56:56,574 - root - INFO - Epoch [1010/10000], Train Loss: 0.0253, R2: 0.9650, RMSE: 0.1592 | Valid Loss: 0.0780, R2: 0.7290, RMSE: 0.2793
2026-02-22 19:56:56,671 - root - INFO - Epoch [1011/10000], Train Loss: 0.0256, R2: 0.9646, RMSE: 0.1599 | Valid Loss: 0.0805, R2: 0.7203, RMSE: 0.2837
2026-02-22 19:56:56,766 - root - INFO - Epoch [1012/10000], Train Loss: 0.0255, R2: 0.9648, RMSE: 0.1596 | Valid Loss: 0.0803, R2: 0.7209, RMSE: 0.2834
2026-02-22 19:56:56,859 - root - INFO - Epoch [1013/10000], Train Loss: 0.0256, R2: 0.9646, RMSE: 0.1599 | Valid Loss: 0.0801, R2: 0.7217, RMSE: 0.2830
2026-02-22 19:56:56,954 - root - INFO - Epoch [1014/10000], Train Loss: 0.0252, R2: 0.9652, RMSE: 0.1587 | Valid Loss: 0.0776, R2: 0.7304, RMSE: 0.2786
2026-02-22 19:56:57,049 - root - INFO - Epoch [1015/10000], Train Loss: 0.0258, R2: 0.9644, RMSE: 0.1605 | Valid Loss: 0.0804, R2: 0.7207, RMSE: 0.2835
2026-02-22 19:56:57,147 - root - INFO - Epoch [1016/10000], Train Loss: 0.0261, R2: 0.9640, RMSE: 0.1614 | Valid Loss: 0.0790, R2: 0.7255, RMSE: 0.2811
2026-02-22 19:56:57,241 - root - INFO - Epoch [1017/10000], Train Loss: 0.0252, R2: 0.9652, RMSE: 0.1587 | Valid Loss: 0.0789, R2: 0.7259, RMSE: 0.2809
2026-02-22 19:56:57,336 - root - INFO - Epoch [1018/10000], Train Loss: 0.0251, R2: 0.9652, RMSE: 0.1585 | Valid Loss: 0.0808, R2: 0.7194, RMSE: 0.2842
2026-02-22 19:56:57,430 - root - INFO - Epoch [1019/10000], Train Loss: 0.0260, R2: 0.9640, RMSE: 0.1613 | Valid Loss: 0.0814, R2: 0.7171, RMSE: 0.2854
2026-02-22 19:56:57,521 - root - INFO - Epoch [1020/10000], Train Loss: 0.0266, R2: 0.9632, RMSE: 0.1631 | Valid Loss: 0.0793, R2: 0.7245, RMSE: 0.2816
2026-02-22 19:56:57,621 - root - INFO - Epoch [1021/10000], Train Loss: 0.0255, R2: 0.9648, RMSE: 0.1596 | Valid Loss: 0.0793, R2: 0.7244, RMSE: 0.2817
2026-02-22 19:56:57,717 - root - INFO - Epoch [1022/10000], Train Loss: 0.0262, R2: 0.9638, RMSE: 0.1618 | Valid Loss: 0.0804, R2: 0.7206, RMSE: 0.2836
2026-02-22 19:56:57,813 - root - INFO - Epoch [1023/10000], Train Loss: 0.0256, R2: 0.9645, RMSE: 0.1601 | Valid Loss: 0.0813, R2: 0.7174, RMSE: 0.2852
2026-02-22 19:56:57,905 - root - INFO - Epoch [1024/10000], Train Loss: 0.0254, R2: 0.9649, RMSE: 0.1593 | Valid Loss: 0.0788, R2: 0.7263, RMSE: 0.2807
2026-02-22 19:56:58,002 - root - INFO - Epoch [1025/10000], Train Loss: 0.0254, R2: 0.9649, RMSE: 0.1593 | Valid Loss: 0.0763, R2: 0.7349, RMSE: 0.2762
2026-02-22 19:56:58,099 - root - INFO - Epoch [1026/10000], Train Loss: 0.0253, R2: 0.9651, RMSE: 0.1589 | Valid Loss: 0.0786, R2: 0.7270, RMSE: 0.2803
2026-02-22 19:56:58,198 - root - INFO - Epoch [1027/10000], Train Loss: 0.0268, R2: 0.9630, RMSE: 0.1636 | Valid Loss: 0.0796, R2: 0.7235, RMSE: 0.2821
2026-02-22 19:56:58,293 - root - INFO - Epoch [1028/10000], Train Loss: 0.0260, R2: 0.9641, RMSE: 0.1611 | Valid Loss: 0.0785, R2: 0.7273, RMSE: 0.2802
2026-02-22 19:56:58,392 - root - INFO - Epoch [1029/10000], Train Loss: 0.0255, R2: 0.9647, RMSE: 0.1598 | Valid Loss: 0.0761, R2: 0.7358, RMSE: 0.2758
2026-02-22 19:56:58,512 - root - INFO - Epoch [1030/10000], Train Loss: 0.0261, R2: 0.9639, RMSE: 0.1616 | Valid Loss: 0.0796, R2: 0.7236, RMSE: 0.2821
2026-02-22 19:56:58,611 - root - INFO - Epoch [1031/10000], Train Loss: 0.0252, R2: 0.9652, RMSE: 0.1587 | Valid Loss: 0.0770, R2: 0.7325, RMSE: 0.2775
2026-02-22 19:56:58,711 - root - INFO - Epoch [1032/10000], Train Loss: 0.0254, R2: 0.9649, RMSE: 0.1594 | Valid Loss: 0.0793, R2: 0.7244, RMSE: 0.2817
2026-02-22 19:56:58,811 - root - INFO - Epoch [1033/10000], Train Loss: 0.0254, R2: 0.9648, RMSE: 0.1595 | Valid Loss: 0.0782, R2: 0.7282, RMSE: 0.2797
2026-02-22 19:56:58,917 - root - INFO - Epoch [1034/10000], Train Loss: 0.0253, R2: 0.9650, RMSE: 0.1591 | Valid Loss: 0.0754, R2: 0.7381, RMSE: 0.2746
2026-02-22 19:56:59,012 - root - INFO - Epoch [1035/10000], Train Loss: 0.0265, R2: 0.9633, RMSE: 0.1628 | Valid Loss: 0.0759, R2: 0.7365, RMSE: 0.2754
2026-02-22 19:56:59,109 - root - INFO - Epoch [1036/10000], Train Loss: 0.0284, R2: 0.9607, RMSE: 0.1685 | Valid Loss: 0.0782, R2: 0.7282, RMSE: 0.2797
2026-02-22 19:56:59,203 - root - INFO - Epoch [1037/10000], Train Loss: 0.0251, R2: 0.9653, RMSE: 0.1583 | Valid Loss: 0.0789, R2: 0.7258, RMSE: 0.2809
2026-02-22 19:56:59,297 - root - INFO - Epoch [1038/10000], Train Loss: 0.0252, R2: 0.9651, RMSE: 0.1588 | Valid Loss: 0.0775, R2: 0.7308, RMSE: 0.2784
2026-02-22 19:56:59,390 - root - INFO - Epoch [1039/10000], Train Loss: 0.0249, R2: 0.9655, RMSE: 0.1579 | Valid Loss: 0.0769, R2: 0.7330, RMSE: 0.2772
2026-02-22 19:56:59,487 - root - INFO - Epoch [1040/10000], Train Loss: 0.0250, R2: 0.9654, RMSE: 0.1582 | Valid Loss: 0.0768, R2: 0.7333, RMSE: 0.2771
2026-02-22 19:56:59,587 - root - INFO - Epoch [1041/10000], Train Loss: 0.0256, R2: 0.9646, RMSE: 0.1601 | Valid Loss: 0.0749, R2: 0.7398, RMSE: 0.2737
2026-02-22 19:56:59,683 - root - INFO - Epoch [1042/10000], Train Loss: 0.0250, R2: 0.9655, RMSE: 0.1580 | Valid Loss: 0.0810, R2: 0.7186, RMSE: 0.2846
2026-02-22 19:56:59,782 - root - INFO - Epoch [1043/10000], Train Loss: 0.0252, R2: 0.9651, RMSE: 0.1589 | Valid Loss: 0.0759, R2: 0.7364, RMSE: 0.2754
2026-02-22 19:56:59,871 - root - INFO - Epoch [1044/10000], Train Loss: 0.0252, R2: 0.9651, RMSE: 0.1589 | Valid Loss: 0.0749, R2: 0.7397, RMSE: 0.2737
2026-02-22 19:56:59,974 - root - INFO - Epoch [1045/10000], Train Loss: 0.0251, R2: 0.9653, RMSE: 0.1584 | Valid Loss: 0.0773, R2: 0.7316, RMSE: 0.2780
2026-02-22 19:57:00,078 - root - INFO - Epoch [1046/10000], Train Loss: 0.0250, R2: 0.9654, RMSE: 0.1581 | Valid Loss: 0.0744, R2: 0.7415, RMSE: 0.2728
2026-02-22 19:57:00,172 - root - INFO - Epoch [1047/10000], Train Loss: 0.0251, R2: 0.9653, RMSE: 0.1584 | Valid Loss: 0.0802, R2: 0.7215, RMSE: 0.2831
2026-02-22 19:57:00,266 - root - INFO - Epoch [1048/10000], Train Loss: 0.0252, R2: 0.9652, RMSE: 0.1587 | Valid Loss: 0.0756, R2: 0.7374, RMSE: 0.2749
2026-02-22 19:57:00,361 - root - INFO - Epoch [1049/10000], Train Loss: 0.0252, R2: 0.9651, RMSE: 0.1588 | Valid Loss: 0.0751, R2: 0.7391, RMSE: 0.2740
2026-02-22 19:57:00,454 - root - INFO - Epoch [1050/10000], Train Loss: 0.0250, R2: 0.9655, RMSE: 0.1580 | Valid Loss: 0.0759, R2: 0.7363, RMSE: 0.2755
2026-02-22 19:57:00,551 - root - INFO - Epoch [1051/10000], Train Loss: 0.0250, R2: 0.9654, RMSE: 0.1583 | Valid Loss: 0.0740, R2: 0.7430, RMSE: 0.2720
2026-02-22 19:57:00,646 - root - INFO - Epoch [1052/10000], Train Loss: 0.0247, R2: 0.9658, RMSE: 0.1572 | Valid Loss: 0.0756, R2: 0.7375, RMSE: 0.2749
2026-02-22 19:57:00,741 - root - INFO - Epoch [1053/10000], Train Loss: 0.0246, R2: 0.9660, RMSE: 0.1568 | Valid Loss: 0.0741, R2: 0.7426, RMSE: 0.2722
2026-02-22 19:57:00,837 - root - INFO - Epoch [1054/10000], Train Loss: 0.0250, R2: 0.9654, RMSE: 0.1581 | Valid Loss: 0.0750, R2: 0.7396, RMSE: 0.2738
2026-02-22 19:57:00,933 - root - INFO - Epoch [1055/10000], Train Loss: 0.0247, R2: 0.9658, RMSE: 0.1573 | Valid Loss: 0.0749, R2: 0.7397, RMSE: 0.2737
2026-02-22 19:57:01,029 - root - INFO - Epoch [1056/10000], Train Loss: 0.0254, R2: 0.9649, RMSE: 0.1592 | Valid Loss: 0.0775, R2: 0.7309, RMSE: 0.2783
2026-02-22 19:57:01,122 - root - INFO - Epoch [1057/10000], Train Loss: 0.0259, R2: 0.9642, RMSE: 0.1608 | Valid Loss: 0.0721, R2: 0.7497, RMSE: 0.2684
2026-02-22 19:57:01,221 - root - INFO - Epoch [1058/10000], Train Loss: 0.0254, R2: 0.9649, RMSE: 0.1594 | Valid Loss: 0.0742, R2: 0.7421, RMSE: 0.2725
2026-02-22 19:57:01,317 - root - INFO - Epoch [1059/10000], Train Loss: 0.0247, R2: 0.9659, RMSE: 0.1571 | Valid Loss: 0.0735, R2: 0.7448, RMSE: 0.2710
2026-02-22 19:57:01,410 - root - INFO - Epoch [1060/10000], Train Loss: 0.0247, R2: 0.9658, RMSE: 0.1573 | Valid Loss: 0.0752, R2: 0.7386, RMSE: 0.2743
2026-02-22 19:57:01,507 - root - INFO - Epoch [1061/10000], Train Loss: 0.0248, R2: 0.9657, RMSE: 0.1575 | Valid Loss: 0.0745, R2: 0.7412, RMSE: 0.2729
2026-02-22 19:57:01,600 - root - INFO - Epoch [1062/10000], Train Loss: 0.0251, R2: 0.9653, RMSE: 0.1585 | Valid Loss: 0.0725, R2: 0.7480, RMSE: 0.2693
2026-02-22 19:57:01,694 - root - INFO - Epoch [1063/10000], Train Loss: 0.0246, R2: 0.9660, RMSE: 0.1567 | Valid Loss: 0.0723, R2: 0.7488, RMSE: 0.2689
2026-02-22 19:57:01,789 - root - INFO - Epoch [1064/10000], Train Loss: 0.0249, R2: 0.9656, RMSE: 0.1577 | Valid Loss: 0.0709, R2: 0.7538, RMSE: 0.2662
2026-02-22 19:57:01,885 - root - INFO - Epoch [1065/10000], Train Loss: 0.0250, R2: 0.9654, RMSE: 0.1583 | Valid Loss: 0.0751, R2: 0.7393, RMSE: 0.2740
2026-02-22 19:57:01,985 - root - INFO - Epoch [1066/10000], Train Loss: 0.0254, R2: 0.9648, RMSE: 0.1595 | Valid Loss: 0.0728, R2: 0.7471, RMSE: 0.2698
2026-02-22 19:57:02,079 - root - INFO - Epoch [1067/10000], Train Loss: 0.0251, R2: 0.9653, RMSE: 0.1584 | Valid Loss: 0.0744, R2: 0.7414, RMSE: 0.2728
2026-02-22 19:57:02,179 - root - INFO - Epoch [1068/10000], Train Loss: 0.0259, R2: 0.9642, RMSE: 0.1608 | Valid Loss: 0.0716, R2: 0.7513, RMSE: 0.2676
2026-02-22 19:57:02,271 - root - INFO - Epoch [1069/10000], Train Loss: 0.0251, R2: 0.9653, RMSE: 0.1583 | Valid Loss: 0.0734, R2: 0.7450, RMSE: 0.2709
2026-02-22 19:57:02,361 - root - INFO - Epoch [1070/10000], Train Loss: 0.0252, R2: 0.9651, RMSE: 0.1588 | Valid Loss: 0.0748, R2: 0.7401, RMSE: 0.2735
2026-02-22 19:57:02,458 - root - INFO - Epoch [1071/10000], Train Loss: 0.0253, R2: 0.9650, RMSE: 0.1592 | Valid Loss: 0.0706, R2: 0.7548, RMSE: 0.2657
2026-02-22 19:57:02,556 - root - INFO - Epoch [1072/10000], Train Loss: 0.0249, R2: 0.9656, RMSE: 0.1577 | Valid Loss: 0.0714, R2: 0.7518, RMSE: 0.2673
2026-02-22 19:57:02,654 - root - INFO - Epoch [1073/10000], Train Loss: 0.0246, R2: 0.9660, RMSE: 0.1567 | Valid Loss: 0.0735, R2: 0.7447, RMSE: 0.2711
2026-02-22 19:57:02,748 - root - INFO - Epoch [1074/10000], Train Loss: 0.0248, R2: 0.9657, RMSE: 0.1576 | Valid Loss: 0.0726, R2: 0.7479, RMSE: 0.2694
2026-02-22 19:57:02,844 - root - INFO - Epoch [1075/10000], Train Loss: 0.0247, R2: 0.9658, RMSE: 0.1572 | Valid Loss: 0.0728, R2: 0.7473, RMSE: 0.2697
2026-02-22 19:57:02,940 - root - INFO - Epoch [1076/10000], Train Loss: 0.0246, R2: 0.9660, RMSE: 0.1567 | Valid Loss: 0.0707, R2: 0.7543, RMSE: 0.2659
2026-02-22 19:57:03,036 - root - INFO - Epoch [1077/10000], Train Loss: 0.0244, R2: 0.9663, RMSE: 0.1561 | Valid Loss: 0.0711, R2: 0.7529, RMSE: 0.2667
2026-02-22 19:57:03,129 - root - INFO - Epoch [1078/10000], Train Loss: 0.0243, R2: 0.9663, RMSE: 0.1560 | Valid Loss: 0.0719, R2: 0.7501, RMSE: 0.2682
2026-02-22 19:57:03,223 - root - INFO - Epoch [1079/10000], Train Loss: 0.0244, R2: 0.9663, RMSE: 0.1561 | Valid Loss: 0.0707, R2: 0.7543, RMSE: 0.2660
2026-02-22 19:57:03,316 - root - INFO - Epoch [1080/10000], Train Loss: 0.0246, R2: 0.9659, RMSE: 0.1570 | Valid Loss: 0.0713, R2: 0.7524, RMSE: 0.2670
2026-02-22 19:57:03,413 - root - INFO - Epoch [1081/10000], Train Loss: 0.0243, R2: 0.9664, RMSE: 0.1559 | Valid Loss: 0.0724, R2: 0.7486, RMSE: 0.2690
2026-02-22 19:57:03,511 - root - INFO - Epoch [1082/10000], Train Loss: 0.0254, R2: 0.9648, RMSE: 0.1595 | Valid Loss: 0.0684, R2: 0.7624, RMSE: 0.2615
2026-02-22 19:57:03,610 - root - INFO - Epoch [1083/10000], Train Loss: 0.0246, R2: 0.9660, RMSE: 0.1569 | Valid Loss: 0.0704, R2: 0.7556, RMSE: 0.2653
2026-02-22 19:57:03,707 - root - INFO - Epoch [1084/10000], Train Loss: 0.0244, R2: 0.9663, RMSE: 0.1562 | Valid Loss: 0.0715, R2: 0.7515, RMSE: 0.2675
2026-02-22 19:57:03,813 - root - INFO - Epoch [1085/10000], Train Loss: 0.0244, R2: 0.9663, RMSE: 0.1561 | Valid Loss: 0.0723, R2: 0.7488, RMSE: 0.2689
2026-02-22 19:57:03,918 - root - INFO - Epoch [1086/10000], Train Loss: 0.0257, R2: 0.9644, RMSE: 0.1604 | Valid Loss: 0.0710, R2: 0.7535, RMSE: 0.2664
2026-02-22 19:57:04,025 - root - INFO - Epoch [1087/10000], Train Loss: 0.0246, R2: 0.9660, RMSE: 0.1567 | Valid Loss: 0.0708, R2: 0.7542, RMSE: 0.2660
2026-02-22 19:57:04,138 - root - INFO - Epoch [1088/10000], Train Loss: 0.0242, R2: 0.9665, RMSE: 0.1556 | Valid Loss: 0.0694, R2: 0.7588, RMSE: 0.2635
2026-02-22 19:57:04,244 - root - INFO - Epoch [1089/10000], Train Loss: 0.0245, R2: 0.9662, RMSE: 0.1564 | Valid Loss: 0.0718, R2: 0.7505, RMSE: 0.2680
2026-02-22 19:57:04,349 - root - INFO - Epoch [1090/10000], Train Loss: 0.0275, R2: 0.9619, RMSE: 0.1659 | Valid Loss: 0.0714, R2: 0.7521, RMSE: 0.2671
2026-02-22 19:57:04,446 - root - INFO - Epoch [1091/10000], Train Loss: 0.0250, R2: 0.9654, RMSE: 0.1581 | Valid Loss: 0.0701, R2: 0.7565, RMSE: 0.2648
2026-02-22 19:57:04,549 - root - INFO - Epoch [1092/10000], Train Loss: 0.0248, R2: 0.9657, RMSE: 0.1574 | Valid Loss: 0.0695, R2: 0.7586, RMSE: 0.2636
2026-02-22 19:57:04,649 - root - INFO - Epoch [1093/10000], Train Loss: 0.0246, R2: 0.9659, RMSE: 0.1570 | Valid Loss: 0.0720, R2: 0.7498, RMSE: 0.2683
2026-02-22 19:57:04,748 - root - INFO - Epoch [1094/10000], Train Loss: 0.0244, R2: 0.9663, RMSE: 0.1562 | Valid Loss: 0.0710, R2: 0.7535, RMSE: 0.2664
2026-02-22 19:57:04,846 - root - INFO - Epoch [1095/10000], Train Loss: 0.0243, R2: 0.9664, RMSE: 0.1559 | Valid Loss: 0.0699, R2: 0.7573, RMSE: 0.2643
2026-02-22 19:57:04,950 - root - INFO - Epoch [1096/10000], Train Loss: 0.0246, R2: 0.9660, RMSE: 0.1568 | Valid Loss: 0.0665, R2: 0.7688, RMSE: 0.2580
2026-02-22 19:57:05,049 - root - INFO - Epoch [1097/10000], Train Loss: 0.0256, R2: 0.9646, RMSE: 0.1600 | Valid Loss: 0.0710, R2: 0.7533, RMSE: 0.2665
2026-02-22 19:57:05,145 - root - INFO - Epoch [1098/10000], Train Loss: 0.0258, R2: 0.9643, RMSE: 0.1607 | Valid Loss: 0.0681, R2: 0.7633, RMSE: 0.2610
2026-02-22 19:57:05,239 - root - INFO - Epoch [1099/10000], Train Loss: 0.0258, R2: 0.9643, RMSE: 0.1606 | Valid Loss: 0.0679, R2: 0.7641, RMSE: 0.2606
2026-02-22 19:57:05,338 - root - INFO - Epoch [1100/10000], Train Loss: 0.0250, R2: 0.9655, RMSE: 0.1580 | Valid Loss: 0.0720, R2: 0.7500, RMSE: 0.2683
2026-02-22 19:57:05,434 - root - INFO - Epoch [1101/10000], Train Loss: 0.0242, R2: 0.9666, RMSE: 0.1555 | Valid Loss: 0.0692, R2: 0.7597, RMSE: 0.2630
2026-02-22 19:57:05,531 - root - INFO - Epoch [1102/10000], Train Loss: 0.0244, R2: 0.9663, RMSE: 0.1561 | Valid Loss: 0.0704, R2: 0.7554, RMSE: 0.2654
2026-02-22 19:57:05,630 - root - INFO - Epoch [1103/10000], Train Loss: 0.0247, R2: 0.9659, RMSE: 0.1571 | Valid Loss: 0.0667, R2: 0.7684, RMSE: 0.2582
2026-02-22 19:57:05,726 - root - INFO - Epoch [1104/10000], Train Loss: 0.0242, R2: 0.9666, RMSE: 0.1555 | Valid Loss: 0.0678, R2: 0.7646, RMSE: 0.2603
2026-02-22 19:57:05,822 - root - INFO - Epoch [1105/10000], Train Loss: 0.0246, R2: 0.9659, RMSE: 0.1569 | Valid Loss: 0.0711, R2: 0.7530, RMSE: 0.2666
2026-02-22 19:57:05,918 - root - INFO - Epoch [1106/10000], Train Loss: 0.0245, R2: 0.9661, RMSE: 0.1565 | Valid Loss: 0.0671, R2: 0.7670, RMSE: 0.2590
2026-02-22 19:57:06,011 - root - INFO - Epoch [1107/10000], Train Loss: 0.0245, R2: 0.9661, RMSE: 0.1567 | Valid Loss: 0.0662, R2: 0.7701, RMSE: 0.2572
2026-02-22 19:57:06,106 - root - INFO - Epoch [1108/10000], Train Loss: 0.0241, R2: 0.9667, RMSE: 0.1552 | Valid Loss: 0.0678, R2: 0.7643, RMSE: 0.2605
2026-02-22 19:57:06,200 - root - INFO - Epoch [1109/10000], Train Loss: 0.0242, R2: 0.9666, RMSE: 0.1555 | Valid Loss: 0.0688, R2: 0.7612, RMSE: 0.2622
2026-02-22 19:57:06,298 - root - INFO - Epoch [1110/10000], Train Loss: 0.0241, R2: 0.9667, RMSE: 0.1553 | Valid Loss: 0.0693, R2: 0.7594, RMSE: 0.2632
2026-02-22 19:57:06,394 - root - INFO - Epoch [1111/10000], Train Loss: 0.0243, R2: 0.9664, RMSE: 0.1560 | Valid Loss: 0.0658, R2: 0.7715, RMSE: 0.2564
2026-02-22 19:57:06,489 - root - INFO - Epoch [1112/10000], Train Loss: 0.0241, R2: 0.9666, RMSE: 0.1553 | Valid Loss: 0.0669, R2: 0.7674, RMSE: 0.2587
2026-02-22 19:57:06,587 - root - INFO - Epoch [1113/10000], Train Loss: 0.0241, R2: 0.9666, RMSE: 0.1553 | Valid Loss: 0.0698, R2: 0.7576, RMSE: 0.2642
2026-02-22 19:57:06,687 - root - INFO - Epoch [1114/10000], Train Loss: 0.0246, R2: 0.9660, RMSE: 0.1568 | Valid Loss: 0.0685, R2: 0.7622, RMSE: 0.2617
2026-02-22 19:57:06,788 - root - INFO - Epoch [1115/10000], Train Loss: 0.0239, R2: 0.9669, RMSE: 0.1547 | Valid Loss: 0.0644, R2: 0.7763, RMSE: 0.2538
2026-02-22 19:57:06,888 - root - INFO - Epoch [1116/10000], Train Loss: 0.0240, R2: 0.9668, RMSE: 0.1549 | Valid Loss: 0.0655, R2: 0.7724, RMSE: 0.2560
2026-02-22 19:57:06,988 - root - INFO - Epoch [1117/10000], Train Loss: 0.0241, R2: 0.9667, RMSE: 0.1552 | Valid Loss: 0.0674, R2: 0.7660, RMSE: 0.2595
2026-02-22 19:57:07,084 - root - INFO - Epoch [1118/10000], Train Loss: 0.0239, R2: 0.9669, RMSE: 0.1547 | Valid Loss: 0.0666, R2: 0.7687, RMSE: 0.2581
2026-02-22 19:57:07,177 - root - INFO - Epoch [1119/10000], Train Loss: 0.0243, R2: 0.9664, RMSE: 0.1559 | Valid Loss: 0.0655, R2: 0.7725, RMSE: 0.2559
2026-02-22 19:57:07,271 - root - INFO - Epoch [1120/10000], Train Loss: 0.0241, R2: 0.9667, RMSE: 0.1551 | Valid Loss: 0.0651, R2: 0.7739, RMSE: 0.2551
2026-02-22 19:57:07,371 - root - INFO - Epoch [1121/10000], Train Loss: 0.0245, R2: 0.9661, RMSE: 0.1566 | Valid Loss: 0.0688, R2: 0.7609, RMSE: 0.2624
2026-02-22 19:57:07,466 - root - INFO - Epoch [1122/10000], Train Loss: 0.0243, R2: 0.9664, RMSE: 0.1558 | Valid Loss: 0.0644, R2: 0.7762, RMSE: 0.2538
2026-02-22 19:57:07,561 - root - INFO - Epoch [1123/10000], Train Loss: 0.0248, R2: 0.9657, RMSE: 0.1574 | Valid Loss: 0.0653, R2: 0.7731, RMSE: 0.2556
2026-02-22 19:57:07,658 - root - INFO - Epoch [1124/10000], Train Loss: 0.0250, R2: 0.9655, RMSE: 0.1581 | Valid Loss: 0.0649, R2: 0.7747, RMSE: 0.2547
2026-02-22 19:57:07,754 - root - INFO - Epoch [1125/10000], Train Loss: 0.0239, R2: 0.9670, RMSE: 0.1545 | Valid Loss: 0.0643, R2: 0.7767, RMSE: 0.2535
2026-02-22 19:57:07,849 - root - INFO - Epoch [1126/10000], Train Loss: 0.0240, R2: 0.9668, RMSE: 0.1549 | Valid Loss: 0.0652, R2: 0.7734, RMSE: 0.2554
2026-02-22 19:57:07,946 - root - INFO - Epoch [1127/10000], Train Loss: 0.0240, R2: 0.9668, RMSE: 0.1549 | Valid Loss: 0.0644, R2: 0.7764, RMSE: 0.2537
2026-02-22 19:57:08,042 - root - INFO - Epoch [1128/10000], Train Loss: 0.0252, R2: 0.9652, RMSE: 0.1587 | Valid Loss: 0.0634, R2: 0.7799, RMSE: 0.2517
2026-02-22 19:57:08,138 - root - INFO - Epoch [1129/10000], Train Loss: 0.0249, R2: 0.9656, RMSE: 0.1577 | Valid Loss: 0.0661, R2: 0.7705, RMSE: 0.2570
2026-02-22 19:57:08,234 - root - INFO - Epoch [1130/10000], Train Loss: 0.0240, R2: 0.9668, RMSE: 0.1550 | Valid Loss: 0.0635, R2: 0.7792, RMSE: 0.2521
2026-02-22 19:57:08,329 - root - INFO - Epoch [1131/10000], Train Loss: 0.0246, R2: 0.9659, RMSE: 0.1569 | Valid Loss: 0.0639, R2: 0.7780, RMSE: 0.2528
2026-02-22 19:57:08,420 - root - INFO - Epoch [1132/10000], Train Loss: 0.0244, R2: 0.9662, RMSE: 0.1562 | Valid Loss: 0.0671, R2: 0.7669, RMSE: 0.2590
2026-02-22 19:57:08,511 - root - INFO - Epoch [1133/10000], Train Loss: 0.0245, R2: 0.9661, RMSE: 0.1566 | Valid Loss: 0.0636, R2: 0.7790, RMSE: 0.2522
2026-02-22 19:57:08,609 - root - INFO - Epoch [1134/10000], Train Loss: 0.0244, R2: 0.9663, RMSE: 0.1560 | Valid Loss: 0.0631, R2: 0.7808, RMSE: 0.2512
2026-02-22 19:57:08,711 - root - INFO - Epoch [1135/10000], Train Loss: 0.0246, R2: 0.9660, RMSE: 0.1568 | Valid Loss: 0.0633, R2: 0.7801, RMSE: 0.2516
2026-02-22 19:57:08,811 - root - INFO - Epoch [1136/10000], Train Loss: 0.0240, R2: 0.9667, RMSE: 0.1551 | Valid Loss: 0.0627, R2: 0.7821, RMSE: 0.2505
2026-02-22 19:57:08,910 - root - INFO - Epoch [1137/10000], Train Loss: 0.0241, R2: 0.9666, RMSE: 0.1553 | Valid Loss: 0.0624, R2: 0.7831, RMSE: 0.2499
2026-02-22 19:57:09,006 - root - INFO - Epoch [1138/10000], Train Loss: 0.0240, R2: 0.9669, RMSE: 0.1548 | Valid Loss: 0.0640, R2: 0.7778, RMSE: 0.2529
2026-02-22 19:57:09,102 - root - INFO - Epoch [1139/10000], Train Loss: 0.0248, R2: 0.9657, RMSE: 0.1574 | Valid Loss: 0.0623, R2: 0.7837, RMSE: 0.2495
2026-02-22 19:57:09,200 - root - INFO - Epoch [1140/10000], Train Loss: 0.0247, R2: 0.9658, RMSE: 0.1573 | Valid Loss: 0.0638, R2: 0.7783, RMSE: 0.2526
2026-02-22 19:57:09,302 - root - INFO - Epoch [1141/10000], Train Loss: 0.0247, R2: 0.9659, RMSE: 0.1570 | Valid Loss: 0.0617, R2: 0.7858, RMSE: 0.2483
2026-02-22 19:57:09,396 - root - INFO - Epoch [1142/10000], Train Loss: 0.0237, R2: 0.9672, RMSE: 0.1539 | Valid Loss: 0.0621, R2: 0.7844, RMSE: 0.2491
2026-02-22 19:57:09,490 - root - INFO - Epoch [1143/10000], Train Loss: 0.0246, R2: 0.9660, RMSE: 0.1569 | Valid Loss: 0.0643, R2: 0.7767, RMSE: 0.2535
2026-02-22 19:57:09,586 - root - INFO - Epoch [1144/10000], Train Loss: 0.0241, R2: 0.9667, RMSE: 0.1552 | Valid Loss: 0.0614, R2: 0.7867, RMSE: 0.2478
2026-02-22 19:57:09,681 - root - INFO - Epoch [1145/10000], Train Loss: 0.0239, R2: 0.9669, RMSE: 0.1548 | Valid Loss: 0.0609, R2: 0.7883, RMSE: 0.2468
2026-02-22 19:57:09,778 - root - INFO - Epoch [1146/10000], Train Loss: 0.0257, R2: 0.9645, RMSE: 0.1603 | Valid Loss: 0.0667, R2: 0.7681, RMSE: 0.2584
2026-02-22 19:57:09,875 - root - INFO - Epoch [1147/10000], Train Loss: 0.0243, R2: 0.9664, RMSE: 0.1560 | Valid Loss: 0.0583, R2: 0.7975, RMSE: 0.2415
2026-02-22 19:57:09,973 - root - INFO - Epoch [1148/10000], Train Loss: 0.0240, R2: 0.9667, RMSE: 0.1551 | Valid Loss: 0.0618, R2: 0.7852, RMSE: 0.2487
2026-02-22 19:57:10,066 - root - INFO - Epoch [1149/10000], Train Loss: 0.0241, R2: 0.9667, RMSE: 0.1551 | Valid Loss: 0.0613, R2: 0.7869, RMSE: 0.2477
2026-02-22 19:57:10,159 - root - INFO - Epoch [1150/10000], Train Loss: 0.0243, R2: 0.9663, RMSE: 0.1560 | Valid Loss: 0.0623, R2: 0.7837, RMSE: 0.2495
2026-02-22 19:57:10,254 - root - INFO - Epoch [1151/10000], Train Loss: 0.0238, R2: 0.9670, RMSE: 0.1544 | Valid Loss: 0.0620, R2: 0.7845, RMSE: 0.2491
2026-02-22 19:57:10,351 - root - INFO - Epoch [1152/10000], Train Loss: 0.0247, R2: 0.9659, RMSE: 0.1570 | Valid Loss: 0.0609, R2: 0.7884, RMSE: 0.2468
2026-02-22 19:57:10,444 - root - INFO - Epoch [1153/10000], Train Loss: 0.0235, R2: 0.9675, RMSE: 0.1532 | Valid Loss: 0.0627, R2: 0.7821, RMSE: 0.2505
2026-02-22 19:57:10,540 - root - INFO - Epoch [1154/10000], Train Loss: 0.0250, R2: 0.9654, RMSE: 0.1581 | Valid Loss: 0.0608, R2: 0.7887, RMSE: 0.2466
2026-02-22 19:57:10,633 - root - INFO - Epoch [1155/10000], Train Loss: 0.0237, R2: 0.9672, RMSE: 0.1541 | Valid Loss: 0.0624, R2: 0.7831, RMSE: 0.2499
2026-02-22 19:57:10,728 - root - INFO - Epoch [1156/10000], Train Loss: 0.0243, R2: 0.9664, RMSE: 0.1559 | Valid Loss: 0.0597, R2: 0.7926, RMSE: 0.2443
2026-02-22 19:57:10,822 - root - INFO - Epoch [1157/10000], Train Loss: 0.0254, R2: 0.9648, RMSE: 0.1595 | Valid Loss: 0.0628, R2: 0.7817, RMSE: 0.2507
2026-02-22 19:57:10,923 - root - INFO - Epoch [1158/10000], Train Loss: 0.0242, R2: 0.9665, RMSE: 0.1555 | Valid Loss: 0.0592, R2: 0.7943, RMSE: 0.2433
2026-02-22 19:57:11,016 - root - INFO - Epoch [1159/10000], Train Loss: 0.0240, R2: 0.9668, RMSE: 0.1550 | Valid Loss: 0.0621, R2: 0.7843, RMSE: 0.2492
2026-02-22 19:57:11,112 - root - INFO - Epoch [1160/10000], Train Loss: 0.0240, R2: 0.9668, RMSE: 0.1550 | Valid Loss: 0.0634, R2: 0.7798, RMSE: 0.2518
2026-02-22 19:57:11,211 - root - INFO - Epoch [1161/10000], Train Loss: 0.0248, R2: 0.9657, RMSE: 0.1575 | Valid Loss: 0.0626, R2: 0.7826, RMSE: 0.2502
2026-02-22 19:57:11,309 - root - INFO - Epoch [1162/10000], Train Loss: 0.0243, R2: 0.9664, RMSE: 0.1558 | Valid Loss: 0.0641, R2: 0.7774, RMSE: 0.2532
2026-02-22 19:57:11,402 - root - INFO - Epoch [1163/10000], Train Loss: 0.0240, R2: 0.9667, RMSE: 0.1551 | Valid Loss: 0.0617, R2: 0.7857, RMSE: 0.2484
2026-02-22 19:57:11,497 - root - INFO - Epoch [1164/10000], Train Loss: 0.0236, R2: 0.9674, RMSE: 0.1535 | Valid Loss: 0.0606, R2: 0.7894, RMSE: 0.2462
2026-02-22 19:57:11,591 - root - INFO - Epoch [1165/10000], Train Loss: 0.0235, R2: 0.9675, RMSE: 0.1534 | Valid Loss: 0.0613, R2: 0.7871, RMSE: 0.2476
2026-02-22 19:57:11,686 - root - INFO - Epoch [1166/10000], Train Loss: 0.0237, R2: 0.9672, RMSE: 0.1540 | Valid Loss: 0.0618, R2: 0.7852, RMSE: 0.2486
2026-02-22 19:57:11,779 - root - INFO - Epoch [1167/10000], Train Loss: 0.0238, R2: 0.9670, RMSE: 0.1544 | Valid Loss: 0.0586, R2: 0.7963, RMSE: 0.2422
2026-02-22 19:57:11,871 - root - INFO - Epoch [1168/10000], Train Loss: 0.0236, R2: 0.9673, RMSE: 0.1537 | Valid Loss: 0.0607, R2: 0.7892, RMSE: 0.2464
2026-02-22 19:57:11,991 - root - INFO - Epoch [1169/10000], Train Loss: 0.0240, R2: 0.9669, RMSE: 0.1548 | Valid Loss: 0.0605, R2: 0.7900, RMSE: 0.2459
2026-02-22 19:57:12,091 - root - INFO - Epoch [1170/10000], Train Loss: 0.0237, R2: 0.9673, RMSE: 0.1538 | Valid Loss: 0.0600, R2: 0.7916, RMSE: 0.2449
2026-02-22 19:57:12,188 - root - INFO - Epoch [1171/10000], Train Loss: 0.0240, R2: 0.9668, RMSE: 0.1549 | Valid Loss: 0.0596, R2: 0.7929, RMSE: 0.2441
2026-02-22 19:57:12,289 - root - INFO - Epoch [1172/10000], Train Loss: 0.0237, R2: 0.9672, RMSE: 0.1539 | Valid Loss: 0.0592, R2: 0.7943, RMSE: 0.2434
2026-02-22 19:57:12,392 - root - INFO - Epoch [1173/10000], Train Loss: 0.0233, R2: 0.9678, RMSE: 0.1527 | Valid Loss: 0.0599, R2: 0.7920, RMSE: 0.2447
2026-02-22 19:57:12,492 - root - INFO - Epoch [1174/10000], Train Loss: 0.0248, R2: 0.9657, RMSE: 0.1574 | Valid Loss: 0.0598, R2: 0.7923, RMSE: 0.2445
2026-02-22 19:57:12,585 - root - INFO - Epoch [1175/10000], Train Loss: 0.0236, R2: 0.9673, RMSE: 0.1537 | Valid Loss: 0.0599, R2: 0.7918, RMSE: 0.2448
2026-02-22 19:57:12,681 - root - INFO - Epoch [1176/10000], Train Loss: 0.0236, R2: 0.9673, RMSE: 0.1537 | Valid Loss: 0.0588, R2: 0.7958, RMSE: 0.2425
2026-02-22 19:57:12,772 - root - INFO - Epoch [1177/10000], Train Loss: 0.0237, R2: 0.9673, RMSE: 0.1538 | Valid Loss: 0.0597, R2: 0.7926, RMSE: 0.2443
2026-02-22 19:57:12,873 - root - INFO - Epoch [1178/10000], Train Loss: 0.0248, R2: 0.9657, RMSE: 0.1576 | Valid Loss: 0.0625, R2: 0.7831, RMSE: 0.2499
2026-02-22 19:57:12,970 - root - INFO - Epoch [1179/10000], Train Loss: 0.0249, R2: 0.9655, RMSE: 0.1579 | Valid Loss: 0.0595, R2: 0.7933, RMSE: 0.2440
2026-02-22 19:57:13,066 - root - INFO - Epoch [1180/10000], Train Loss: 0.0237, R2: 0.9672, RMSE: 0.1540 | Valid Loss: 0.0573, R2: 0.8011, RMSE: 0.2393
2026-02-22 19:57:13,164 - root - INFO - Epoch [1181/10000], Train Loss: 0.0241, R2: 0.9667, RMSE: 0.1552 | Valid Loss: 0.0592, R2: 0.7944, RMSE: 0.2433
2026-02-22 19:57:13,258 - root - INFO - Epoch [1182/10000], Train Loss: 0.0239, R2: 0.9670, RMSE: 0.1545 | Valid Loss: 0.0586, R2: 0.7964, RMSE: 0.2421
2026-02-22 19:57:13,354 - root - INFO - Epoch [1183/10000], Train Loss: 0.0238, R2: 0.9670, RMSE: 0.1544 | Valid Loss: 0.0573, R2: 0.8008, RMSE: 0.2394
2026-02-22 19:57:13,454 - root - INFO - Epoch [1184/10000], Train Loss: 0.0237, R2: 0.9672, RMSE: 0.1539 | Valid Loss: 0.0604, R2: 0.7902, RMSE: 0.2458
2026-02-22 19:57:13,550 - root - INFO - Epoch [1185/10000], Train Loss: 0.0244, R2: 0.9662, RMSE: 0.1563 | Valid Loss: 0.0584, R2: 0.7972, RMSE: 0.2416
2026-02-22 19:57:13,650 - root - INFO - Epoch [1186/10000], Train Loss: 0.0242, R2: 0.9666, RMSE: 0.1555 | Valid Loss: 0.0582, R2: 0.7978, RMSE: 0.2413
2026-02-22 19:57:13,751 - root - INFO - Epoch [1187/10000], Train Loss: 0.0240, R2: 0.9668, RMSE: 0.1549 | Valid Loss: 0.0582, R2: 0.7977, RMSE: 0.2413
2026-02-22 19:57:13,851 - root - INFO - Epoch [1188/10000], Train Loss: 0.0239, R2: 0.9669, RMSE: 0.1546 | Valid Loss: 0.0591, R2: 0.7946, RMSE: 0.2431
2026-02-22 19:57:13,947 - root - INFO - Epoch [1189/10000], Train Loss: 0.0244, R2: 0.9663, RMSE: 0.1561 | Valid Loss: 0.0583, R2: 0.7974, RMSE: 0.2415
2026-02-22 19:57:14,042 - root - INFO - Epoch [1190/10000], Train Loss: 0.0240, R2: 0.9668, RMSE: 0.1550 | Valid Loss: 0.0602, R2: 0.7910, RMSE: 0.2453
2026-02-22 19:57:14,138 - root - INFO - Epoch [1191/10000], Train Loss: 0.0235, R2: 0.9675, RMSE: 0.1534 | Valid Loss: 0.0584, R2: 0.7970, RMSE: 0.2417
2026-02-22 19:57:14,232 - root - INFO - Epoch [1192/10000], Train Loss: 0.0233, R2: 0.9677, RMSE: 0.1528 | Valid Loss: 0.0602, R2: 0.7910, RMSE: 0.2453
2026-02-22 19:57:14,329 - root - INFO - Epoch [1193/10000], Train Loss: 0.0235, R2: 0.9675, RMSE: 0.1532 | Valid Loss: 0.0568, R2: 0.8027, RMSE: 0.2383
2026-02-22 19:57:14,425 - root - INFO - Epoch [1194/10000], Train Loss: 0.0236, R2: 0.9674, RMSE: 0.1536 | Valid Loss: 0.0578, R2: 0.7990, RMSE: 0.2405
2026-02-22 19:57:14,522 - root - INFO - Epoch [1195/10000], Train Loss: 0.0234, R2: 0.9676, RMSE: 0.1530 | Valid Loss: 0.0584, R2: 0.7970, RMSE: 0.2417
2026-02-22 19:57:14,616 - root - INFO - Epoch [1196/10000], Train Loss: 0.0235, R2: 0.9676, RMSE: 0.1532 | Valid Loss: 0.0563, R2: 0.8044, RMSE: 0.2373
2026-02-22 19:57:14,716 - root - INFO - Epoch [1197/10000], Train Loss: 0.0239, R2: 0.9669, RMSE: 0.1547 | Valid Loss: 0.0589, R2: 0.7953, RMSE: 0.2427
2026-02-22 19:57:14,811 - root - INFO - Epoch [1198/10000], Train Loss: 0.0239, R2: 0.9670, RMSE: 0.1546 | Valid Loss: 0.0560, R2: 0.8056, RMSE: 0.2366
2026-02-22 19:57:14,911 - root - INFO - Epoch [1199/10000], Train Loss: 0.0238, R2: 0.9671, RMSE: 0.1542 | Valid Loss: 0.0555, R2: 0.8072, RMSE: 0.2356
2026-02-22 19:57:15,009 - root - INFO - Epoch [1200/10000], Train Loss: 0.0239, R2: 0.9669, RMSE: 0.1547 | Valid Loss: 0.0561, R2: 0.8050, RMSE: 0.2369
2026-02-22 19:57:15,102 - root - INFO - Epoch [1201/10000], Train Loss: 0.0236, R2: 0.9674, RMSE: 0.1536 | Valid Loss: 0.0568, R2: 0.8028, RMSE: 0.2382
2026-02-22 19:57:15,199 - root - INFO - Epoch [1202/10000], Train Loss: 0.0238, R2: 0.9671, RMSE: 0.1543 | Valid Loss: 0.0587, R2: 0.7961, RMSE: 0.2423
2026-02-22 19:57:15,294 - root - INFO - Epoch [1203/10000], Train Loss: 0.0252, R2: 0.9652, RMSE: 0.1586 | Valid Loss: 0.0553, R2: 0.8079, RMSE: 0.2352
2026-02-22 19:57:15,390 - root - INFO - Epoch [1204/10000], Train Loss: 0.0263, R2: 0.9636, RMSE: 0.1622 | Valid Loss: 0.0546, R2: 0.8104, RMSE: 0.2336
2026-02-22 19:57:15,490 - root - INFO - Epoch [1205/10000], Train Loss: 0.0233, R2: 0.9678, RMSE: 0.1526 | Valid Loss: 0.0560, R2: 0.8053, RMSE: 0.2367
2026-02-22 19:57:15,587 - root - INFO - Epoch [1206/10000], Train Loss: 0.0241, R2: 0.9667, RMSE: 0.1551 | Valid Loss: 0.0560, R2: 0.8054, RMSE: 0.2367
2026-02-22 19:57:15,680 - root - INFO - Epoch [1207/10000], Train Loss: 0.0245, R2: 0.9661, RMSE: 0.1566 | Valid Loss: 0.0558, R2: 0.8060, RMSE: 0.2363
2026-02-22 19:57:15,772 - root - INFO - Epoch [1208/10000], Train Loss: 0.0236, R2: 0.9674, RMSE: 0.1535 | Valid Loss: 0.0565, R2: 0.8038, RMSE: 0.2376
2026-02-22 19:57:15,870 - root - INFO - Epoch [1209/10000], Train Loss: 0.0240, R2: 0.9668, RMSE: 0.1550 | Valid Loss: 0.0552, R2: 0.8081, RMSE: 0.2350
2026-02-22 19:57:15,970 - root - INFO - Epoch [1210/10000], Train Loss: 0.0239, R2: 0.9669, RMSE: 0.1547 | Valid Loss: 0.0555, R2: 0.8072, RMSE: 0.2356
2026-02-22 19:57:16,062 - root - INFO - Epoch [1211/10000], Train Loss: 0.0237, R2: 0.9673, RMSE: 0.1538 | Valid Loss: 0.0548, R2: 0.8095, RMSE: 0.2342
2026-02-22 19:57:16,156 - root - INFO - Epoch [1212/10000], Train Loss: 0.0237, R2: 0.9672, RMSE: 0.1539 | Valid Loss: 0.0541, R2: 0.8120, RMSE: 0.2327
2026-02-22 19:57:16,251 - root - INFO - Epoch [1213/10000], Train Loss: 0.0233, R2: 0.9677, RMSE: 0.1527 | Valid Loss: 0.0558, R2: 0.8063, RMSE: 0.2361
2026-02-22 19:57:16,348 - root - INFO - Epoch [1214/10000], Train Loss: 0.0236, R2: 0.9674, RMSE: 0.1535 | Valid Loss: 0.0556, R2: 0.8070, RMSE: 0.2357
2026-02-22 19:57:16,442 - root - INFO - Epoch [1215/10000], Train Loss: 0.0233, R2: 0.9677, RMSE: 0.1527 | Valid Loss: 0.0554, R2: 0.8074, RMSE: 0.2354
2026-02-22 19:57:16,540 - root - INFO - Epoch [1216/10000], Train Loss: 0.0234, R2: 0.9677, RMSE: 0.1529 | Valid Loss: 0.0557, R2: 0.8066, RMSE: 0.2359
2026-02-22 19:57:16,639 - root - INFO - Epoch [1217/10000], Train Loss: 0.0247, R2: 0.9659, RMSE: 0.1570 | Valid Loss: 0.0577, R2: 0.7995, RMSE: 0.2402
2026-02-22 19:57:16,740 - root - INFO - Epoch [1218/10000], Train Loss: 0.0242, R2: 0.9665, RMSE: 0.1557 | Valid Loss: 0.0534, R2: 0.8146, RMSE: 0.2310
2026-02-22 19:57:16,841 - root - INFO - Epoch [1219/10000], Train Loss: 0.0239, R2: 0.9669, RMSE: 0.1547 | Valid Loss: 0.0530, R2: 0.8160, RMSE: 0.2301
2026-02-22 19:57:16,941 - root - INFO - Epoch [1220/10000], Train Loss: 0.0234, R2: 0.9677, RMSE: 0.1529 | Valid Loss: 0.0562, R2: 0.8049, RMSE: 0.2370
2026-02-22 19:57:17,038 - root - INFO - Epoch [1221/10000], Train Loss: 0.0242, R2: 0.9666, RMSE: 0.1554 | Valid Loss: 0.0544, R2: 0.8109, RMSE: 0.2333
2026-02-22 19:57:17,144 - root - INFO - Epoch [1222/10000], Train Loss: 0.0231, R2: 0.9680, RMSE: 0.1521 | Valid Loss: 0.0529, R2: 0.8164, RMSE: 0.2299
2026-02-22 19:57:17,242 - root - INFO - Epoch [1223/10000], Train Loss: 0.0235, R2: 0.9675, RMSE: 0.1534 | Valid Loss: 0.0554, R2: 0.8075, RMSE: 0.2354
2026-02-22 19:57:17,335 - root - INFO - Epoch [1224/10000], Train Loss: 0.0236, R2: 0.9673, RMSE: 0.1537 | Valid Loss: 0.0538, R2: 0.8132, RMSE: 0.2319
2026-02-22 19:57:17,431 - root - INFO - Epoch [1225/10000], Train Loss: 0.0241, R2: 0.9667, RMSE: 0.1552 | Valid Loss: 0.0541, R2: 0.8122, RMSE: 0.2325
2026-02-22 19:57:17,529 - root - INFO - Epoch [1226/10000], Train Loss: 0.0236, R2: 0.9673, RMSE: 0.1537 | Valid Loss: 0.0535, R2: 0.8140, RMSE: 0.2314
2026-02-22 19:57:17,620 - root - INFO - Epoch [1227/10000], Train Loss: 0.0236, R2: 0.9674, RMSE: 0.1535 | Valid Loss: 0.0546, R2: 0.8104, RMSE: 0.2336
2026-02-22 19:57:17,721 - root - INFO - Epoch [1228/10000], Train Loss: 0.0236, R2: 0.9674, RMSE: 0.1536 | Valid Loss: 0.0550, R2: 0.8090, RMSE: 0.2345
2026-02-22 19:57:17,816 - root - INFO - Epoch [1229/10000], Train Loss: 0.0232, R2: 0.9679, RMSE: 0.1524 | Valid Loss: 0.0529, R2: 0.8163, RMSE: 0.2300
2026-02-22 19:57:17,911 - root - INFO - Epoch [1230/10000], Train Loss: 0.0238, R2: 0.9671, RMSE: 0.1542 | Valid Loss: 0.0525, R2: 0.8177, RMSE: 0.2291
2026-02-22 19:57:18,004 - root - INFO - Epoch [1231/10000], Train Loss: 0.0235, R2: 0.9675, RMSE: 0.1533 | Valid Loss: 0.0547, R2: 0.8098, RMSE: 0.2340
2026-02-22 19:57:18,097 - root - INFO - Epoch [1232/10000], Train Loss: 0.0234, R2: 0.9677, RMSE: 0.1529 | Valid Loss: 0.0532, R2: 0.8153, RMSE: 0.2306
2026-02-22 19:57:18,187 - root - INFO - Epoch [1233/10000], Train Loss: 0.0244, R2: 0.9662, RMSE: 0.1563 | Valid Loss: 0.0530, R2: 0.8160, RMSE: 0.2301
2026-02-22 19:57:18,282 - root - INFO - Epoch [1234/10000], Train Loss: 0.0238, R2: 0.9671, RMSE: 0.1543 | Valid Loss: 0.0528, R2: 0.8166, RMSE: 0.2298
2026-02-22 19:57:18,377 - root - INFO - Epoch [1235/10000], Train Loss: 0.0237, R2: 0.9672, RMSE: 0.1540 | Valid Loss: 0.0531, R2: 0.8157, RMSE: 0.2303
2026-02-22 19:57:18,474 - root - INFO - Epoch [1236/10000], Train Loss: 0.0233, R2: 0.9678, RMSE: 0.1525 | Valid Loss: 0.0520, R2: 0.8193, RMSE: 0.2281
2026-02-22 19:57:18,569 - root - INFO - Epoch [1237/10000], Train Loss: 0.0235, R2: 0.9675, RMSE: 0.1534 | Valid Loss: 0.0528, R2: 0.8167, RMSE: 0.2297
2026-02-22 19:57:18,666 - root - INFO - Epoch [1238/10000], Train Loss: 0.0234, R2: 0.9677, RMSE: 0.1529 | Valid Loss: 0.0509, R2: 0.8232, RMSE: 0.2256
2026-02-22 19:57:18,761 - root - INFO - Epoch [1239/10000], Train Loss: 0.0233, R2: 0.9678, RMSE: 0.1527 | Valid Loss: 0.0515, R2: 0.8210, RMSE: 0.2270
2026-02-22 19:57:18,861 - root - INFO - Epoch [1240/10000], Train Loss: 0.0247, R2: 0.9659, RMSE: 0.1570 | Valid Loss: 0.0521, R2: 0.8188, RMSE: 0.2284
2026-02-22 19:57:18,959 - root - INFO - Epoch [1241/10000], Train Loss: 0.0240, R2: 0.9668, RMSE: 0.1550 | Valid Loss: 0.0508, R2: 0.8236, RMSE: 0.2253
2026-02-22 19:57:19,057 - root - INFO - Epoch [1242/10000], Train Loss: 0.0233, R2: 0.9677, RMSE: 0.1527 | Valid Loss: 0.0530, R2: 0.8158, RMSE: 0.2303
2026-02-22 19:57:19,155 - root - INFO - Epoch [1243/10000], Train Loss: 0.0233, R2: 0.9678, RMSE: 0.1525 | Valid Loss: 0.0522, R2: 0.8188, RMSE: 0.2284
2026-02-22 19:57:19,250 - root - INFO - Epoch [1244/10000], Train Loss: 0.0240, R2: 0.9669, RMSE: 0.1548 | Valid Loss: 0.0524, R2: 0.8180, RMSE: 0.2289
2026-02-22 19:57:19,348 - root - INFO - Epoch [1245/10000], Train Loss: 0.0237, R2: 0.9672, RMSE: 0.1540 | Valid Loss: 0.0509, R2: 0.8230, RMSE: 0.2257
2026-02-22 19:57:19,444 - root - INFO - Epoch [1246/10000], Train Loss: 0.0240, R2: 0.9668, RMSE: 0.1549 | Valid Loss: 0.0516, R2: 0.8206, RMSE: 0.2273
2026-02-22 19:57:19,540 - root - INFO - Epoch [1247/10000], Train Loss: 0.0232, R2: 0.9679, RMSE: 0.1523 | Valid Loss: 0.0532, R2: 0.8152, RMSE: 0.2306
2026-02-22 19:57:19,634 - root - INFO - Epoch [1248/10000], Train Loss: 0.0231, R2: 0.9680, RMSE: 0.1520 | Valid Loss: 0.0520, R2: 0.8195, RMSE: 0.2280
2026-02-22 19:57:19,729 - root - INFO - Epoch [1249/10000], Train Loss: 0.0237, R2: 0.9672, RMSE: 0.1541 | Valid Loss: 0.0509, R2: 0.8233, RMSE: 0.2256
2026-02-22 19:57:19,825 - root - INFO - Epoch [1250/10000], Train Loss: 0.0235, R2: 0.9675, RMSE: 0.1533 | Valid Loss: 0.0502, R2: 0.8255, RMSE: 0.2241
2026-02-22 19:57:19,918 - root - INFO - Epoch [1251/10000], Train Loss: 0.0234, R2: 0.9677, RMSE: 0.1528 | Valid Loss: 0.0521, R2: 0.8189, RMSE: 0.2283
2026-02-22 19:57:20,014 - root - INFO - Epoch [1252/10000], Train Loss: 0.0236, R2: 0.9673, RMSE: 0.1538 | Valid Loss: 0.0526, R2: 0.8172, RMSE: 0.2294
2026-02-22 19:57:20,111 - root - INFO - Epoch [1253/10000], Train Loss: 0.0233, R2: 0.9678, RMSE: 0.1527 | Valid Loss: 0.0482, R2: 0.8326, RMSE: 0.2195
2026-02-22 19:57:20,210 - root - INFO - Epoch [1254/10000], Train Loss: 0.0230, R2: 0.9682, RMSE: 0.1517 | Valid Loss: 0.0529, R2: 0.8164, RMSE: 0.2299
2026-02-22 19:57:20,302 - root - INFO - Epoch [1255/10000], Train Loss: 0.0232, R2: 0.9680, RMSE: 0.1522 | Valid Loss: 0.0508, R2: 0.8234, RMSE: 0.2254
2026-02-22 19:57:20,396 - root - INFO - Epoch [1256/10000], Train Loss: 0.0247, R2: 0.9658, RMSE: 0.1572 | Valid Loss: 0.0515, R2: 0.8212, RMSE: 0.2268
2026-02-22 19:57:20,492 - root - INFO - Epoch [1257/10000], Train Loss: 0.0232, R2: 0.9679, RMSE: 0.1524 | Valid Loss: 0.0504, R2: 0.8250, RMSE: 0.2244
2026-02-22 19:57:20,587 - root - INFO - Epoch [1258/10000], Train Loss: 0.0236, R2: 0.9674, RMSE: 0.1535 | Valid Loss: 0.0534, R2: 0.8144, RMSE: 0.2311
2026-02-22 19:57:20,684 - root - INFO - Epoch [1259/10000], Train Loss: 0.0231, R2: 0.9681, RMSE: 0.1519 | Valid Loss: 0.0518, R2: 0.8202, RMSE: 0.2275
2026-02-22 19:57:20,776 - root - INFO - Epoch [1260/10000], Train Loss: 0.0229, R2: 0.9684, RMSE: 0.1512 | Valid Loss: 0.0508, R2: 0.8237, RMSE: 0.2253
2026-02-22 19:57:20,869 - root - INFO - Epoch [1261/10000], Train Loss: 0.0231, R2: 0.9680, RMSE: 0.1521 | Valid Loss: 0.0507, R2: 0.8238, RMSE: 0.2252
2026-02-22 19:57:20,969 - root - INFO - Epoch [1262/10000], Train Loss: 0.0250, R2: 0.9654, RMSE: 0.1582 | Valid Loss: 0.0525, R2: 0.8176, RMSE: 0.2292
2026-02-22 19:57:21,061 - root - INFO - Epoch [1263/10000], Train Loss: 0.0232, R2: 0.9680, RMSE: 0.1522 | Valid Loss: 0.0499, R2: 0.8267, RMSE: 0.2233
2026-02-22 19:57:21,154 - root - INFO - Epoch [1264/10000], Train Loss: 0.0230, R2: 0.9682, RMSE: 0.1517 | Valid Loss: 0.0521, R2: 0.8190, RMSE: 0.2282
2026-02-22 19:57:21,246 - root - INFO - Epoch [1265/10000], Train Loss: 0.0232, R2: 0.9679, RMSE: 0.1524 | Valid Loss: 0.0512, R2: 0.8223, RMSE: 0.2262
2026-02-22 19:57:21,343 - root - INFO - Epoch [1266/10000], Train Loss: 0.0231, R2: 0.9681, RMSE: 0.1519 | Valid Loss: 0.0514, R2: 0.8216, RMSE: 0.2266
2026-02-22 19:57:21,436 - root - INFO - Epoch [1267/10000], Train Loss: 0.0234, R2: 0.9677, RMSE: 0.1528 | Valid Loss: 0.0486, R2: 0.8312, RMSE: 0.2204
2026-02-22 19:57:21,532 - root - INFO - Epoch [1268/10000], Train Loss: 0.0247, R2: 0.9658, RMSE: 0.1573 | Valid Loss: 0.0511, R2: 0.8226, RMSE: 0.2260
2026-02-22 19:57:21,620 - root - INFO - Epoch [1269/10000], Train Loss: 0.0245, R2: 0.9662, RMSE: 0.1564 | Valid Loss: 0.0511, R2: 0.8224, RMSE: 0.2261
2026-02-22 19:57:21,716 - root - INFO - Epoch [1270/10000], Train Loss: 0.0228, R2: 0.9684, RMSE: 0.1511 | Valid Loss: 0.0506, R2: 0.8242, RMSE: 0.2249
2026-02-22 19:57:21,811 - root - INFO - Epoch [1271/10000], Train Loss: 0.0228, R2: 0.9684, RMSE: 0.1512 | Valid Loss: 0.0489, R2: 0.8302, RMSE: 0.2211
2026-02-22 19:57:21,902 - root - INFO - Epoch [1272/10000], Train Loss: 0.0233, R2: 0.9677, RMSE: 0.1528 | Valid Loss: 0.0503, R2: 0.8254, RMSE: 0.2242
2026-02-22 19:57:21,994 - root - INFO - Epoch [1273/10000], Train Loss: 0.0239, R2: 0.9670, RMSE: 0.1546 | Valid Loss: 0.0500, R2: 0.8264, RMSE: 0.2236
2026-02-22 19:57:22,086 - root - INFO - Epoch [1274/10000], Train Loss: 0.0233, R2: 0.9678, RMSE: 0.1525 | Valid Loss: 0.0475, R2: 0.8351, RMSE: 0.2179
2026-02-22 19:57:22,178 - root - INFO - Epoch [1275/10000], Train Loss: 0.0231, R2: 0.9681, RMSE: 0.1520 | Valid Loss: 0.0480, R2: 0.8333, RMSE: 0.2191
2026-02-22 19:57:22,272 - root - INFO - Epoch [1276/10000], Train Loss: 0.0232, R2: 0.9679, RMSE: 0.1523 | Valid Loss: 0.0499, R2: 0.8267, RMSE: 0.2233
2026-02-22 19:57:22,361 - root - INFO - Epoch [1277/10000], Train Loss: 0.0239, R2: 0.9669, RMSE: 0.1546 | Valid Loss: 0.0511, R2: 0.8226, RMSE: 0.2260
2026-02-22 19:57:22,456 - root - INFO - Epoch [1278/10000], Train Loss: 0.0235, R2: 0.9675, RMSE: 0.1532 | Valid Loss: 0.0473, R2: 0.8356, RMSE: 0.2175
2026-02-22 19:57:22,550 - root - INFO - Epoch [1279/10000], Train Loss: 0.0228, R2: 0.9684, RMSE: 0.1511 | Valid Loss: 0.0501, R2: 0.8258, RMSE: 0.2239
2026-02-22 19:57:22,647 - root - INFO - Epoch [1280/10000], Train Loss: 0.0231, R2: 0.9681, RMSE: 0.1519 | Valid Loss: 0.0497, R2: 0.8273, RMSE: 0.2230
2026-02-22 19:57:22,741 - root - INFO - Epoch [1281/10000], Train Loss: 0.0237, R2: 0.9672, RMSE: 0.1540 | Valid Loss: 0.0486, R2: 0.8313, RMSE: 0.2204
2026-02-22 19:57:22,839 - root - INFO - Epoch [1282/10000], Train Loss: 0.0232, R2: 0.9679, RMSE: 0.1523 | Valid Loss: 0.0472, R2: 0.8361, RMSE: 0.2172
2026-02-22 19:57:22,935 - root - INFO - Epoch [1283/10000], Train Loss: 0.0234, R2: 0.9677, RMSE: 0.1529 | Valid Loss: 0.0506, R2: 0.8242, RMSE: 0.2250
2026-02-22 19:57:23,032 - root - INFO - Epoch [1284/10000], Train Loss: 0.0242, R2: 0.9666, RMSE: 0.1554 | Valid Loss: 0.0508, R2: 0.8237, RMSE: 0.2253
2026-02-22 19:57:23,128 - root - INFO - Epoch [1285/10000], Train Loss: 0.0248, R2: 0.9657, RMSE: 0.1574 | Valid Loss: 0.0491, R2: 0.8293, RMSE: 0.2216
2026-02-22 19:57:23,218 - root - INFO - Epoch [1286/10000], Train Loss: 0.0233, R2: 0.9677, RMSE: 0.1528 | Valid Loss: 0.0480, R2: 0.8332, RMSE: 0.2191
2026-02-22 19:57:23,308 - root - INFO - Epoch [1287/10000], Train Loss: 0.0230, R2: 0.9683, RMSE: 0.1515 | Valid Loss: 0.0499, R2: 0.8268, RMSE: 0.2233
2026-02-22 19:57:23,404 - root - INFO - Epoch [1288/10000], Train Loss: 0.0229, R2: 0.9683, RMSE: 0.1515 | Valid Loss: 0.0484, R2: 0.8318, RMSE: 0.2201
2026-02-22 19:57:23,501 - root - INFO - Epoch [1289/10000], Train Loss: 0.0232, R2: 0.9679, RMSE: 0.1523 | Valid Loss: 0.0476, R2: 0.8346, RMSE: 0.2182
2026-02-22 19:57:23,596 - root - INFO - Epoch [1290/10000], Train Loss: 0.0232, R2: 0.9679, RMSE: 0.1523 | Valid Loss: 0.0468, R2: 0.8374, RMSE: 0.2164
2026-02-22 19:57:23,697 - root - INFO - Epoch [1291/10000], Train Loss: 0.0231, R2: 0.9681, RMSE: 0.1518 | Valid Loss: 0.0461, R2: 0.8400, RMSE: 0.2146
2026-02-22 19:57:23,790 - root - INFO - Epoch [1292/10000], Train Loss: 0.0233, R2: 0.9678, RMSE: 0.1526 | Valid Loss: 0.0468, R2: 0.8375, RMSE: 0.2163
2026-02-22 19:57:23,887 - root - INFO - Epoch [1293/10000], Train Loss: 0.0231, R2: 0.9681, RMSE: 0.1520 | Valid Loss: 0.0480, R2: 0.8334, RMSE: 0.2190
2026-02-22 19:57:23,980 - root - INFO - Epoch [1294/10000], Train Loss: 0.0231, R2: 0.9680, RMSE: 0.1521 | Valid Loss: 0.0472, R2: 0.8359, RMSE: 0.2173
2026-02-22 19:57:24,071 - root - INFO - Epoch [1295/10000], Train Loss: 0.0238, R2: 0.9670, RMSE: 0.1544 | Valid Loss: 0.0442, R2: 0.8464, RMSE: 0.2103
2026-02-22 19:57:24,172 - root - INFO - Epoch [1296/10000], Train Loss: 0.0242, R2: 0.9665, RMSE: 0.1556 | Valid Loss: 0.0477, R2: 0.8341, RMSE: 0.2185
2026-02-22 19:57:24,266 - root - INFO - Epoch [1297/10000], Train Loss: 0.0231, R2: 0.9681, RMSE: 0.1519 | Valid Loss: 0.0471, R2: 0.8365, RMSE: 0.2169
2026-02-22 19:57:24,361 - root - INFO - Epoch [1298/10000], Train Loss: 0.0228, R2: 0.9684, RMSE: 0.1511 | Valid Loss: 0.0453, R2: 0.8428, RMSE: 0.2127
2026-02-22 19:57:24,460 - root - INFO - Epoch [1299/10000], Train Loss: 0.0231, R2: 0.9681, RMSE: 0.1519 | Valid Loss: 0.0459, R2: 0.8406, RMSE: 0.2142
2026-02-22 19:57:24,555 - root - INFO - Epoch [1300/10000], Train Loss: 0.0257, R2: 0.9644, RMSE: 0.1604 | Valid Loss: 0.0476, R2: 0.8346, RMSE: 0.2182
2026-02-22 19:57:24,657 - root - INFO - Epoch [1301/10000], Train Loss: 0.0246, R2: 0.9659, RMSE: 0.1570 | Valid Loss: 0.0433, R2: 0.8494, RMSE: 0.2082
2026-02-22 19:57:24,755 - root - INFO - Epoch [1302/10000], Train Loss: 0.0241, R2: 0.9667, RMSE: 0.1552 | Valid Loss: 0.0480, R2: 0.8333, RMSE: 0.2191
2026-02-22 19:57:24,850 - root - INFO - Epoch [1303/10000], Train Loss: 0.0236, R2: 0.9674, RMSE: 0.1536 | Valid Loss: 0.0457, R2: 0.8413, RMSE: 0.2138
2026-02-22 19:57:24,947 - root - INFO - Epoch [1304/10000], Train Loss: 0.0240, R2: 0.9668, RMSE: 0.1550 | Valid Loss: 0.0461, R2: 0.8397, RMSE: 0.2148
2026-02-22 19:57:25,067 - root - INFO - Epoch [1305/10000], Train Loss: 0.0232, R2: 0.9679, RMSE: 0.1523 | Valid Loss: 0.0461, R2: 0.8399, RMSE: 0.2147
2026-02-22 19:57:25,171 - root - INFO - Epoch [1306/10000], Train Loss: 0.0249, R2: 0.9656, RMSE: 0.1578 | Valid Loss: 0.0441, R2: 0.8469, RMSE: 0.2099
2026-02-22 19:57:25,271 - root - INFO - Epoch [1307/10000], Train Loss: 0.0233, R2: 0.9677, RMSE: 0.1528 | Valid Loss: 0.0463, R2: 0.8393, RMSE: 0.2151
2026-02-22 19:57:25,373 - root - INFO - Epoch [1308/10000], Train Loss: 0.0228, R2: 0.9685, RMSE: 0.1510 | Valid Loss: 0.0457, R2: 0.8412, RMSE: 0.2138
2026-02-22 19:57:25,476 - root - INFO - Epoch [1309/10000], Train Loss: 0.0229, R2: 0.9684, RMSE: 0.1512 | Valid Loss: 0.0452, R2: 0.8430, RMSE: 0.2126
2026-02-22 19:57:25,578 - root - INFO - Epoch [1310/10000], Train Loss: 0.0233, R2: 0.9677, RMSE: 0.1527 | Valid Loss: 0.0462, R2: 0.8397, RMSE: 0.2148
2026-02-22 19:57:25,671 - root - INFO - Epoch [1311/10000], Train Loss: 0.0233, R2: 0.9677, RMSE: 0.1528 | Valid Loss: 0.0446, R2: 0.8452, RMSE: 0.2111
2026-02-22 19:57:25,770 - root - INFO - Epoch [1312/10000], Train Loss: 0.0229, R2: 0.9684, RMSE: 0.1512 | Valid Loss: 0.0449, R2: 0.8441, RMSE: 0.2119
2026-02-22 19:57:25,866 - root - INFO - Epoch [1313/10000], Train Loss: 0.0232, R2: 0.9679, RMSE: 0.1524 | Valid Loss: 0.0448, R2: 0.8443, RMSE: 0.2117
2026-02-22 19:57:25,964 - root - INFO - Epoch [1314/10000], Train Loss: 0.0234, R2: 0.9676, RMSE: 0.1530 | Valid Loss: 0.0446, R2: 0.8451, RMSE: 0.2112
2026-02-22 19:57:26,057 - root - INFO - Epoch [1315/10000], Train Loss: 0.0230, R2: 0.9682, RMSE: 0.1517 | Valid Loss: 0.0445, R2: 0.8455, RMSE: 0.2109
2026-02-22 19:57:26,155 - root - INFO - Epoch [1316/10000], Train Loss: 0.0228, R2: 0.9684, RMSE: 0.1511 | Valid Loss: 0.0456, R2: 0.8417, RMSE: 0.2135
2026-02-22 19:57:26,249 - root - INFO - Epoch [1317/10000], Train Loss: 0.0233, R2: 0.9678, RMSE: 0.1526 | Valid Loss: 0.0448, R2: 0.8443, RMSE: 0.2117
2026-02-22 19:57:26,342 - root - INFO - Epoch [1318/10000], Train Loss: 0.0233, R2: 0.9678, RMSE: 0.1527 | Valid Loss: 0.0449, R2: 0.8441, RMSE: 0.2118
2026-02-22 19:57:26,440 - root - INFO - Epoch [1319/10000], Train Loss: 0.0232, R2: 0.9679, RMSE: 0.1524 | Valid Loss: 0.0433, R2: 0.8496, RMSE: 0.2081
2026-02-22 19:57:26,537 - root - INFO - Epoch [1320/10000], Train Loss: 0.0235, R2: 0.9675, RMSE: 0.1534 | Valid Loss: 0.0452, R2: 0.8430, RMSE: 0.2126
2026-02-22 19:57:26,634 - root - INFO - Epoch [1321/10000], Train Loss: 0.0235, R2: 0.9675, RMSE: 0.1532 | Valid Loss: 0.0447, R2: 0.8447, RMSE: 0.2115
2026-02-22 19:57:26,732 - root - INFO - Epoch [1322/10000], Train Loss: 0.0231, R2: 0.9681, RMSE: 0.1520 | Valid Loss: 0.0442, R2: 0.8465, RMSE: 0.2102
2026-02-22 19:57:26,833 - root - INFO - Epoch [1323/10000], Train Loss: 0.0234, R2: 0.9676, RMSE: 0.1530 | Valid Loss: 0.0428, R2: 0.8514, RMSE: 0.2068
2026-02-22 19:57:26,929 - root - INFO - Epoch [1324/10000], Train Loss: 0.0227, R2: 0.9686, RMSE: 0.1506 | Valid Loss: 0.0435, R2: 0.8490, RMSE: 0.2085
2026-02-22 19:57:27,022 - root - INFO - Epoch [1325/10000], Train Loss: 0.0237, R2: 0.9672, RMSE: 0.1540 | Valid Loss: 0.0432, R2: 0.8499, RMSE: 0.2079
2026-02-22 19:57:27,121 - root - INFO - Epoch [1326/10000], Train Loss: 0.0234, R2: 0.9677, RMSE: 0.1529 | Valid Loss: 0.0451, R2: 0.8435, RMSE: 0.2123
2026-02-22 19:57:27,216 - root - INFO - Epoch [1327/10000], Train Loss: 0.0243, R2: 0.9664, RMSE: 0.1560 | Valid Loss: 0.0424, R2: 0.8528, RMSE: 0.2059
2026-02-22 19:57:27,311 - root - INFO - Epoch [1328/10000], Train Loss: 0.0232, R2: 0.9679, RMSE: 0.1524 | Valid Loss: 0.0449, R2: 0.8441, RMSE: 0.2119
2026-02-22 19:57:27,404 - root - INFO - Epoch [1329/10000], Train Loss: 0.0232, R2: 0.9679, RMSE: 0.1524 | Valid Loss: 0.0445, R2: 0.8455, RMSE: 0.2109
2026-02-22 19:57:27,499 - root - INFO - Epoch [1330/10000], Train Loss: 0.0238, R2: 0.9671, RMSE: 0.1544 | Valid Loss: 0.0435, R2: 0.8488, RMSE: 0.2086
2026-02-22 19:57:27,594 - root - INFO - Epoch [1331/10000], Train Loss: 0.0232, R2: 0.9679, RMSE: 0.1523 | Valid Loss: 0.0465, R2: 0.8385, RMSE: 0.2156
2026-02-22 19:57:27,686 - root - INFO - Epoch [1332/10000], Train Loss: 0.0253, R2: 0.9651, RMSE: 0.1590 | Valid Loss: 0.0422, R2: 0.8533, RMSE: 0.2055
2026-02-22 19:57:27,780 - root - INFO - Epoch [1333/10000], Train Loss: 0.0240, R2: 0.9668, RMSE: 0.1550 | Valid Loss: 0.0446, R2: 0.8452, RMSE: 0.2111
2026-02-22 19:57:27,875 - root - INFO - Epoch [1334/10000], Train Loss: 0.0255, R2: 0.9647, RMSE: 0.1598 | Valid Loss: 0.0445, R2: 0.8456, RMSE: 0.2109
2026-02-22 19:57:27,969 - root - INFO - Epoch [1335/10000], Train Loss: 0.0231, R2: 0.9681, RMSE: 0.1519 | Valid Loss: 0.0422, R2: 0.8533, RMSE: 0.2055
2026-02-22 19:57:28,062 - root - INFO - Epoch [1336/10000], Train Loss: 0.0232, R2: 0.9680, RMSE: 0.1522 | Valid Loss: 0.0431, R2: 0.8503, RMSE: 0.2076
2026-02-22 19:57:28,160 - root - INFO - Epoch [1337/10000], Train Loss: 0.0228, R2: 0.9685, RMSE: 0.1509 | Valid Loss: 0.0446, R2: 0.8450, RMSE: 0.2112
2026-02-22 19:57:28,254 - root - INFO - Epoch [1338/10000], Train Loss: 0.0232, R2: 0.9679, RMSE: 0.1523 | Valid Loss: 0.0440, R2: 0.8471, RMSE: 0.2098
2026-02-22 19:57:28,350 - root - INFO - Epoch [1339/10000], Train Loss: 0.0231, R2: 0.9680, RMSE: 0.1521 | Valid Loss: 0.0434, R2: 0.8492, RMSE: 0.2083
2026-02-22 19:57:28,444 - root - INFO - Epoch [1340/10000], Train Loss: 0.0236, R2: 0.9674, RMSE: 0.1536 | Valid Loss: 0.0412, R2: 0.8567, RMSE: 0.2031
2026-02-22 19:57:28,539 - root - INFO - Epoch [1341/10000], Train Loss: 0.0230, R2: 0.9681, RMSE: 0.1518 | Valid Loss: 0.0424, R2: 0.8527, RMSE: 0.2059
2026-02-22 19:57:28,638 - root - INFO - Epoch [1342/10000], Train Loss: 0.0229, R2: 0.9683, RMSE: 0.1514 | Valid Loss: 0.0431, R2: 0.8504, RMSE: 0.2075
2026-02-22 19:57:28,732 - root - INFO - Epoch [1343/10000], Train Loss: 0.0229, R2: 0.9683, RMSE: 0.1514 | Valid Loss: 0.0441, R2: 0.8469, RMSE: 0.2099
2026-02-22 19:57:28,829 - root - INFO - Epoch [1344/10000], Train Loss: 0.0228, R2: 0.9685, RMSE: 0.1509 | Valid Loss: 0.0436, R2: 0.8485, RMSE: 0.2089
2026-02-22 19:57:28,921 - root - INFO - Epoch [1345/10000], Train Loss: 0.0228, R2: 0.9684, RMSE: 0.1511 | Valid Loss: 0.0423, R2: 0.8531, RMSE: 0.2057
2026-02-22 19:57:29,016 - root - INFO - Epoch [1346/10000], Train Loss: 0.0229, R2: 0.9684, RMSE: 0.1513 | Valid Loss: 0.0420, R2: 0.8540, RMSE: 0.2050
2026-02-22 19:57:29,111 - root - INFO - Epoch [1347/10000], Train Loss: 0.0229, R2: 0.9683, RMSE: 0.1513 | Valid Loss: 0.0412, R2: 0.8568, RMSE: 0.2030
2026-02-22 19:57:29,209 - root - INFO - Epoch [1348/10000], Train Loss: 0.0230, R2: 0.9682, RMSE: 0.1517 | Valid Loss: 0.0417, R2: 0.8553, RMSE: 0.2041
2026-02-22 19:57:29,302 - root - INFO - Epoch [1349/10000], Train Loss: 0.0230, R2: 0.9681, RMSE: 0.1518 | Valid Loss: 0.0445, R2: 0.8454, RMSE: 0.2110
2026-02-22 19:57:29,395 - root - INFO - Epoch [1350/10000], Train Loss: 0.0233, R2: 0.9678, RMSE: 0.1526 | Valid Loss: 0.0433, R2: 0.8494, RMSE: 0.2082
2026-02-22 19:57:29,490 - root - INFO - Epoch [1351/10000], Train Loss: 0.0229, R2: 0.9684, RMSE: 0.1512 | Valid Loss: 0.0421, R2: 0.8536, RMSE: 0.2053
2026-02-22 19:57:29,585 - root - INFO - Epoch [1352/10000], Train Loss: 0.0233, R2: 0.9677, RMSE: 0.1528 | Valid Loss: 0.0390, R2: 0.8647, RMSE: 0.1974
2026-02-22 19:57:29,679 - root - INFO - Epoch [1353/10000], Train Loss: 0.0227, R2: 0.9686, RMSE: 0.1507 | Valid Loss: 0.0436, R2: 0.8485, RMSE: 0.2088
2026-02-22 19:57:29,766 - root - INFO - Epoch [1354/10000], Train Loss: 0.0229, R2: 0.9683, RMSE: 0.1515 | Valid Loss: 0.0431, R2: 0.8502, RMSE: 0.2077
2026-02-22 19:57:29,859 - root - INFO - Epoch [1355/10000], Train Loss: 0.0229, R2: 0.9684, RMSE: 0.1512 | Valid Loss: 0.0419, R2: 0.8545, RMSE: 0.2047
2026-02-22 19:57:29,953 - root - INFO - Epoch [1356/10000], Train Loss: 0.0227, R2: 0.9686, RMSE: 0.1507 | Valid Loss: 0.0424, R2: 0.8526, RMSE: 0.2060
2026-02-22 19:57:30,050 - root - INFO - Epoch [1357/10000], Train Loss: 0.0232, R2: 0.9679, RMSE: 0.1523 | Valid Loss: 0.0448, R2: 0.8445, RMSE: 0.2116
2026-02-22 19:57:30,145 - root - INFO - Epoch [1358/10000], Train Loss: 0.0238, R2: 0.9672, RMSE: 0.1541 | Valid Loss: 0.0411, R2: 0.8573, RMSE: 0.2027
2026-02-22 19:57:30,242 - root - INFO - Epoch [1359/10000], Train Loss: 0.0226, R2: 0.9687, RMSE: 0.1504 | Valid Loss: 0.0430, R2: 0.8507, RMSE: 0.2073
2026-02-22 19:57:30,336 - root - INFO - Epoch [1360/10000], Train Loss: 0.0238, R2: 0.9670, RMSE: 0.1544 | Valid Loss: 0.0408, R2: 0.8583, RMSE: 0.2019
2026-02-22 19:57:30,432 - root - INFO - Epoch [1361/10000], Train Loss: 0.0240, R2: 0.9668, RMSE: 0.1549 | Valid Loss: 0.0422, R2: 0.8533, RMSE: 0.2055
2026-02-22 19:57:30,527 - root - INFO - Epoch [1362/10000], Train Loss: 0.0223, R2: 0.9692, RMSE: 0.1492 | Valid Loss: 0.0406, R2: 0.8591, RMSE: 0.2014
2026-02-22 19:57:30,618 - root - INFO - Epoch [1363/10000], Train Loss: 0.0233, R2: 0.9678, RMSE: 0.1527 | Valid Loss: 0.0395, R2: 0.8626, RMSE: 0.1989
2026-02-22 19:57:30,711 - root - INFO - Epoch [1364/10000], Train Loss: 0.0234, R2: 0.9676, RMSE: 0.1530 | Valid Loss: 0.0408, R2: 0.8581, RMSE: 0.2021
2026-02-22 19:57:30,805 - root - INFO - Epoch [1365/10000], Train Loss: 0.0243, R2: 0.9664, RMSE: 0.1558 | Valid Loss: 0.0406, R2: 0.8591, RMSE: 0.2014
2026-02-22 19:57:30,898 - root - INFO - Epoch [1366/10000], Train Loss: 0.0246, R2: 0.9660, RMSE: 0.1568 | Valid Loss: 0.0415, R2: 0.8559, RMSE: 0.2036
2026-02-22 19:57:30,988 - root - INFO - Epoch [1367/10000], Train Loss: 0.0239, R2: 0.9669, RMSE: 0.1547 | Valid Loss: 0.0432, R2: 0.8500, RMSE: 0.2078
2026-02-22 19:57:31,083 - root - INFO - Epoch [1368/10000], Train Loss: 0.0232, R2: 0.9680, RMSE: 0.1522 | Valid Loss: 0.0405, R2: 0.8592, RMSE: 0.2014
2026-02-22 19:57:31,179 - root - INFO - Epoch [1369/10000], Train Loss: 0.0227, R2: 0.9686, RMSE: 0.1507 | Valid Loss: 0.0397, R2: 0.8622, RMSE: 0.1992
2026-02-22 19:57:31,281 - root - INFO - Epoch [1370/10000], Train Loss: 0.0227, R2: 0.9687, RMSE: 0.1505 | Valid Loss: 0.0432, R2: 0.8500, RMSE: 0.2078
2026-02-22 19:57:31,379 - root - INFO - Epoch [1371/10000], Train Loss: 0.0231, R2: 0.9680, RMSE: 0.1520 | Valid Loss: 0.0431, R2: 0.8503, RMSE: 0.2076
2026-02-22 19:57:31,477 - root - INFO - Epoch [1372/10000], Train Loss: 0.0233, R2: 0.9678, RMSE: 0.1527 | Valid Loss: 0.0417, R2: 0.8553, RMSE: 0.2041
2026-02-22 19:57:31,573 - root - INFO - Epoch [1373/10000], Train Loss: 0.0227, R2: 0.9685, RMSE: 0.1508 | Valid Loss: 0.0412, R2: 0.8569, RMSE: 0.2030
2026-02-22 19:57:31,679 - root - INFO - Epoch [1374/10000], Train Loss: 0.0230, R2: 0.9682, RMSE: 0.1516 | Valid Loss: 0.0428, R2: 0.8514, RMSE: 0.2068
2026-02-22 19:57:31,783 - root - INFO - Epoch [1375/10000], Train Loss: 0.0226, R2: 0.9687, RMSE: 0.1505 | Valid Loss: 0.0416, R2: 0.8556, RMSE: 0.2039
2026-02-22 19:57:31,896 - root - INFO - Epoch [1376/10000], Train Loss: 0.0230, R2: 0.9682, RMSE: 0.1516 | Valid Loss: 0.0421, R2: 0.8539, RMSE: 0.2051
2026-02-22 19:57:31,995 - root - INFO - Epoch [1377/10000], Train Loss: 0.0241, R2: 0.9666, RMSE: 0.1554 | Valid Loss: 0.0425, R2: 0.8523, RMSE: 0.2062
2026-02-22 19:57:32,089 - root - INFO - Epoch [1378/10000], Train Loss: 0.0259, R2: 0.9642, RMSE: 0.1609 | Valid Loss: 0.0420, R2: 0.8542, RMSE: 0.2049
2026-02-22 19:57:32,189 - root - INFO - Epoch [1379/10000], Train Loss: 0.0268, R2: 0.9629, RMSE: 0.1637 | Valid Loss: 0.0409, R2: 0.8580, RMSE: 0.2022
2026-02-22 19:57:32,284 - root - INFO - Epoch [1380/10000], Train Loss: 0.0238, R2: 0.9670, RMSE: 0.1544 | Valid Loss: 0.0409, R2: 0.8580, RMSE: 0.2022
2026-02-22 19:57:32,380 - root - INFO - Epoch [1381/10000], Train Loss: 0.0239, R2: 0.9670, RMSE: 0.1545 | Valid Loss: 0.0434, R2: 0.8491, RMSE: 0.2084
2026-02-22 19:57:32,473 - root - INFO - Epoch [1382/10000], Train Loss: 0.0231, R2: 0.9681, RMSE: 0.1518 | Valid Loss: 0.0416, R2: 0.8556, RMSE: 0.2039
2026-02-22 19:57:32,571 - root - INFO - Epoch [1383/10000], Train Loss: 0.0231, R2: 0.9681, RMSE: 0.1519 | Valid Loss: 0.0440, R2: 0.8472, RMSE: 0.2097
2026-02-22 19:57:32,661 - root - INFO - Epoch [1384/10000], Train Loss: 0.0241, R2: 0.9667, RMSE: 0.1552 | Valid Loss: 0.0414, R2: 0.8562, RMSE: 0.2035
2026-02-22 19:57:32,761 - root - INFO - Epoch [1385/10000], Train Loss: 0.0229, R2: 0.9683, RMSE: 0.1514 | Valid Loss: 0.0407, R2: 0.8587, RMSE: 0.2017
2026-02-22 19:57:32,857 - root - INFO - Epoch [1386/10000], Train Loss: 0.0227, R2: 0.9685, RMSE: 0.1508 | Valid Loss: 0.0427, R2: 0.8518, RMSE: 0.2065
2026-02-22 19:57:32,951 - root - INFO - Epoch [1387/10000], Train Loss: 0.0228, R2: 0.9684, RMSE: 0.1512 | Valid Loss: 0.0433, R2: 0.8496, RMSE: 0.2081
2026-02-22 19:57:33,049 - root - INFO - Epoch [1388/10000], Train Loss: 0.0243, R2: 0.9664, RMSE: 0.1558 | Valid Loss: 0.0436, R2: 0.8485, RMSE: 0.2088
2026-02-22 19:57:33,144 - root - INFO - Epoch [1389/10000], Train Loss: 0.0239, R2: 0.9669, RMSE: 0.1546 | Valid Loss: 0.0417, R2: 0.8551, RMSE: 0.2042
2026-02-22 19:57:33,235 - root - INFO - Epoch [1390/10000], Train Loss: 0.0229, R2: 0.9683, RMSE: 0.1513 | Valid Loss: 0.0424, R2: 0.8526, RMSE: 0.2060
2026-02-22 19:57:33,331 - root - INFO - Epoch [1391/10000], Train Loss: 0.0228, R2: 0.9685, RMSE: 0.1510 | Valid Loss: 0.0419, R2: 0.8545, RMSE: 0.2046
2026-02-22 19:57:33,429 - root - INFO - Epoch [1392/10000], Train Loss: 0.0226, R2: 0.9687, RMSE: 0.1504 | Valid Loss: 0.0429, R2: 0.8511, RMSE: 0.2071
2026-02-22 19:57:33,531 - root - INFO - Epoch [1393/10000], Train Loss: 0.0229, R2: 0.9684, RMSE: 0.1513 | Valid Loss: 0.0409, R2: 0.8579, RMSE: 0.2023
2026-02-22 19:57:33,631 - root - INFO - Epoch [1394/10000], Train Loss: 0.0231, R2: 0.9681, RMSE: 0.1519 | Valid Loss: 0.0415, R2: 0.8560, RMSE: 0.2036
2026-02-22 19:57:33,731 - root - INFO - Epoch [1395/10000], Train Loss: 0.0224, R2: 0.9690, RMSE: 0.1497 | Valid Loss: 0.0407, R2: 0.8586, RMSE: 0.2017
2026-02-22 19:57:33,827 - root - INFO - Epoch [1396/10000], Train Loss: 0.0232, R2: 0.9679, RMSE: 0.1523 | Valid Loss: 0.0424, R2: 0.8528, RMSE: 0.2058
2026-02-22 19:57:33,918 - root - INFO - Epoch [1397/10000], Train Loss: 0.0232, R2: 0.9679, RMSE: 0.1524 | Valid Loss: 0.0439, R2: 0.8474, RMSE: 0.2096
2026-02-22 19:57:34,016 - root - INFO - Epoch [1398/10000], Train Loss: 0.0237, R2: 0.9672, RMSE: 0.1539 | Valid Loss: 0.0415, R2: 0.8559, RMSE: 0.2037
2026-02-22 19:57:34,111 - root - INFO - Epoch [1399/10000], Train Loss: 0.0227, R2: 0.9686, RMSE: 0.1508 | Valid Loss: 0.0412, R2: 0.8570, RMSE: 0.2029
2026-02-22 19:57:34,206 - root - INFO - Epoch [1400/10000], Train Loss: 0.0232, R2: 0.9680, RMSE: 0.1522 | Valid Loss: 0.0422, R2: 0.8534, RMSE: 0.2055
2026-02-22 19:57:34,302 - root - INFO - Epoch [1401/10000], Train Loss: 0.0228, R2: 0.9684, RMSE: 0.1511 | Valid Loss: 0.0425, R2: 0.8524, RMSE: 0.2061
2026-02-22 19:57:34,396 - root - INFO - Epoch [1402/10000], Train Loss: 0.0233, R2: 0.9678, RMSE: 0.1527 | Valid Loss: 0.0404, R2: 0.8598, RMSE: 0.2009
2026-02-22 19:57:34,488 - root - INFO - Epoch [1403/10000], Train Loss: 0.0234, R2: 0.9676, RMSE: 0.1530 | Valid Loss: 0.0396, R2: 0.8626, RMSE: 0.1989
2026-02-22 19:57:34,579 - root - INFO - Epoch [1404/10000], Train Loss: 0.0235, R2: 0.9676, RMSE: 0.1532 | Valid Loss: 0.0440, R2: 0.8470, RMSE: 0.2099
2026-02-22 19:57:34,670 - root - INFO - Epoch [1405/10000], Train Loss: 0.0234, R2: 0.9677, RMSE: 0.1529 | Valid Loss: 0.0402, R2: 0.8604, RMSE: 0.2004
2026-02-22 19:57:34,761 - root - INFO - Epoch [1406/10000], Train Loss: 0.0226, R2: 0.9687, RMSE: 0.1505 | Valid Loss: 0.0398, R2: 0.8616, RMSE: 0.1996
2026-02-22 19:57:34,854 - root - INFO - Epoch [1407/10000], Train Loss: 0.0228, R2: 0.9685, RMSE: 0.1510 | Valid Loss: 0.0413, R2: 0.8565, RMSE: 0.2033
2026-02-22 19:57:34,946 - root - INFO - Epoch [1408/10000], Train Loss: 0.0227, R2: 0.9686, RMSE: 0.1506 | Valid Loss: 0.0400, R2: 0.8610, RMSE: 0.2000
2026-02-22 19:57:35,043 - root - INFO - Epoch [1409/10000], Train Loss: 0.0237, R2: 0.9673, RMSE: 0.1539 | Valid Loss: 0.0408, R2: 0.8584, RMSE: 0.2019
2026-02-22 19:57:35,136 - root - INFO - Epoch [1410/10000], Train Loss: 0.0244, R2: 0.9663, RMSE: 0.1561 | Valid Loss: 0.0409, R2: 0.8578, RMSE: 0.2023
2026-02-22 19:57:35,228 - root - INFO - Epoch [1411/10000], Train Loss: 0.0227, R2: 0.9686, RMSE: 0.1508 | Valid Loss: 0.0397, R2: 0.8620, RMSE: 0.1993
2026-02-22 19:57:35,321 - root - INFO - Epoch [1412/10000], Train Loss: 0.0230, R2: 0.9683, RMSE: 0.1515 | Valid Loss: 0.0420, R2: 0.8542, RMSE: 0.2049
2026-02-22 19:57:35,415 - root - INFO - Epoch [1413/10000], Train Loss: 0.0227, R2: 0.9687, RMSE: 0.1505 | Valid Loss: 0.0397, R2: 0.8621, RMSE: 0.1992
2026-02-22 19:57:35,511 - root - INFO - Epoch [1414/10000], Train Loss: 0.0229, R2: 0.9684, RMSE: 0.1512 | Valid Loss: 0.0418, R2: 0.8549, RMSE: 0.2044
2026-02-22 19:57:35,603 - root - INFO - Epoch [1415/10000], Train Loss: 0.0229, R2: 0.9683, RMSE: 0.1513 | Valid Loss: 0.0392, R2: 0.8639, RMSE: 0.1980
2026-02-22 19:57:35,697 - root - INFO - Epoch [1416/10000], Train Loss: 0.0227, R2: 0.9686, RMSE: 0.1508 | Valid Loss: 0.0414, R2: 0.8562, RMSE: 0.2034
2026-02-22 19:57:35,790 - root - INFO - Epoch [1417/10000], Train Loss: 0.0228, R2: 0.9685, RMSE: 0.1510 | Valid Loss: 0.0416, R2: 0.8556, RMSE: 0.2039
2026-02-22 19:57:35,883 - root - INFO - Epoch [1418/10000], Train Loss: 0.0229, R2: 0.9683, RMSE: 0.1515 | Valid Loss: 0.0403, R2: 0.8599, RMSE: 0.2008
2026-02-22 19:57:35,976 - root - INFO - Epoch [1419/10000], Train Loss: 0.0230, R2: 0.9682, RMSE: 0.1517 | Valid Loss: 0.0408, R2: 0.8583, RMSE: 0.2020
2026-02-22 19:57:36,069 - root - INFO - Epoch [1420/10000], Train Loss: 0.0226, R2: 0.9688, RMSE: 0.1503 | Valid Loss: 0.0403, R2: 0.8599, RMSE: 0.2008
2026-02-22 19:57:36,163 - root - INFO - Epoch [1421/10000], Train Loss: 0.0230, R2: 0.9682, RMSE: 0.1516 | Valid Loss: 0.0417, R2: 0.8552, RMSE: 0.2041
2026-02-22 19:57:36,256 - root - INFO - Epoch [1422/10000], Train Loss: 0.0224, R2: 0.9691, RMSE: 0.1496 | Valid Loss: 0.0406, R2: 0.8589, RMSE: 0.2015
2026-02-22 19:57:36,349 - root - INFO - Epoch [1423/10000], Train Loss: 0.0231, R2: 0.9681, RMSE: 0.1520 | Valid Loss: 0.0396, R2: 0.8623, RMSE: 0.1991
2026-02-22 19:57:36,440 - root - INFO - Epoch [1424/10000], Train Loss: 0.0237, R2: 0.9673, RMSE: 0.1539 | Valid Loss: 0.0421, R2: 0.8536, RMSE: 0.2053
2026-02-22 19:57:36,536 - root - INFO - Epoch [1425/10000], Train Loss: 0.0237, R2: 0.9672, RMSE: 0.1541 | Valid Loss: 0.0405, R2: 0.8594, RMSE: 0.2012
2026-02-22 19:57:36,633 - root - INFO - Epoch [1426/10000], Train Loss: 0.0233, R2: 0.9678, RMSE: 0.1526 | Valid Loss: 0.0378, R2: 0.8688, RMSE: 0.1943
2026-02-22 19:57:36,730 - root - INFO - Epoch [1427/10000], Train Loss: 0.0225, R2: 0.9688, RMSE: 0.1502 | Valid Loss: 0.0403, R2: 0.8602, RMSE: 0.2006
2026-02-22 19:57:36,830 - root - INFO - Epoch [1428/10000], Train Loss: 0.0227, R2: 0.9686, RMSE: 0.1506 | Valid Loss: 0.0405, R2: 0.8595, RMSE: 0.2011
2026-02-22 19:57:36,921 - root - INFO - Epoch [1429/10000], Train Loss: 0.0238, R2: 0.9671, RMSE: 0.1542 | Valid Loss: 0.0375, R2: 0.8697, RMSE: 0.1937
2026-02-22 19:57:37,019 - root - INFO - Epoch [1430/10000], Train Loss: 0.0232, R2: 0.9679, RMSE: 0.1524 | Valid Loss: 0.0393, R2: 0.8634, RMSE: 0.1983
2026-02-22 19:57:37,116 - root - INFO - Epoch [1431/10000], Train Loss: 0.0232, R2: 0.9679, RMSE: 0.1524 | Valid Loss: 0.0411, R2: 0.8573, RMSE: 0.2027
2026-02-22 19:57:37,211 - root - INFO - Epoch [1432/10000], Train Loss: 0.0231, R2: 0.9681, RMSE: 0.1519 | Valid Loss: 0.0373, R2: 0.8705, RMSE: 0.1931
2026-02-22 19:57:37,308 - root - INFO - Epoch [1433/10000], Train Loss: 0.0237, R2: 0.9673, RMSE: 0.1538 | Valid Loss: 0.0426, R2: 0.8521, RMSE: 0.2064
2026-02-22 19:57:37,400 - root - INFO - Epoch [1434/10000], Train Loss: 0.0241, R2: 0.9667, RMSE: 0.1552 | Valid Loss: 0.0417, R2: 0.8552, RMSE: 0.2041
2026-02-22 19:57:37,493 - root - INFO - Epoch [1435/10000], Train Loss: 0.0229, R2: 0.9683, RMSE: 0.1513 | Valid Loss: 0.0395, R2: 0.8628, RMSE: 0.1987
2026-02-22 19:57:37,587 - root - INFO - Epoch [1436/10000], Train Loss: 0.0248, R2: 0.9657, RMSE: 0.1574 | Valid Loss: 0.0390, R2: 0.8645, RMSE: 0.1975
2026-02-22 19:57:37,696 - root - INFO - Epoch [1437/10000], Train Loss: 0.0239, R2: 0.9670, RMSE: 0.1545 | Valid Loss: 0.0395, R2: 0.8626, RMSE: 0.1988
2026-02-22 19:57:37,801 - root - INFO - Epoch [1438/10000], Train Loss: 0.0228, R2: 0.9685, RMSE: 0.1509 | Valid Loss: 0.0395, R2: 0.8629, RMSE: 0.1987
2026-02-22 19:57:37,905 - root - INFO - Epoch [1439/10000], Train Loss: 0.0233, R2: 0.9677, RMSE: 0.1527 | Valid Loss: 0.0400, R2: 0.8609, RMSE: 0.2001
2026-02-22 19:57:38,002 - root - INFO - Epoch [1440/10000], Train Loss: 0.0232, R2: 0.9679, RMSE: 0.1523 | Valid Loss: 0.0400, R2: 0.8612, RMSE: 0.1999
2026-02-22 19:57:38,097 - root - INFO - Epoch [1441/10000], Train Loss: 0.0232, R2: 0.9680, RMSE: 0.1522 | Valid Loss: 0.0396, R2: 0.8624, RMSE: 0.1990
2026-02-22 19:57:38,187 - root - INFO - Epoch [1442/10000], Train Loss: 0.0224, R2: 0.9690, RMSE: 0.1497 | Valid Loss: 0.0407, R2: 0.8588, RMSE: 0.2016
2026-02-22 19:57:38,273 - root - INFO - Epoch [1443/10000], Train Loss: 0.0233, R2: 0.9678, RMSE: 0.1527 | Valid Loss: 0.0398, R2: 0.8619, RMSE: 0.1994
2026-02-22 19:57:38,362 - root - INFO - Epoch [1444/10000], Train Loss: 0.0229, R2: 0.9683, RMSE: 0.1514 | Valid Loss: 0.0376, R2: 0.8692, RMSE: 0.1940
2026-02-22 19:57:38,449 - root - INFO - Epoch [1445/10000], Train Loss: 0.0240, R2: 0.9668, RMSE: 0.1549 | Valid Loss: 0.0394, R2: 0.8630, RMSE: 0.1986
2026-02-22 19:57:38,537 - root - INFO - Epoch [1446/10000], Train Loss: 0.0229, R2: 0.9684, RMSE: 0.1512 | Valid Loss: 0.0419, R2: 0.8545, RMSE: 0.2047
2026-02-22 19:57:38,632 - root - INFO - Epoch [1447/10000], Train Loss: 0.0225, R2: 0.9688, RMSE: 0.1501 | Valid Loss: 0.0413, R2: 0.8564, RMSE: 0.2033
2026-02-22 19:57:38,723 - root - INFO - Epoch [1448/10000], Train Loss: 0.0227, R2: 0.9686, RMSE: 0.1508 | Valid Loss: 0.0373, R2: 0.8706, RMSE: 0.1930
2026-02-22 19:57:38,814 - root - INFO - Epoch [1449/10000], Train Loss: 0.0227, R2: 0.9686, RMSE: 0.1507 | Valid Loss: 0.0403, R2: 0.8599, RMSE: 0.2008
2026-02-22 19:57:38,902 - root - INFO - Epoch [1450/10000], Train Loss: 0.0246, R2: 0.9659, RMSE: 0.1569 | Valid Loss: 0.0409, R2: 0.8579, RMSE: 0.2022
2026-02-22 19:57:38,993 - root - INFO - Epoch [1451/10000], Train Loss: 0.0230, R2: 0.9681, RMSE: 0.1518 | Valid Loss: 0.0408, R2: 0.8581, RMSE: 0.2021
2026-02-22 19:57:39,086 - root - INFO - Epoch [1452/10000], Train Loss: 0.0231, R2: 0.9680, RMSE: 0.1521 | Valid Loss: 0.0383, R2: 0.8668, RMSE: 0.1958
2026-02-22 19:57:39,179 - root - INFO - Epoch [1453/10000], Train Loss: 0.0227, R2: 0.9686, RMSE: 0.1506 | Valid Loss: 0.0402, R2: 0.8603, RMSE: 0.2005
2026-02-22 19:57:39,272 - root - INFO - Epoch [1454/10000], Train Loss: 0.0232, R2: 0.9679, RMSE: 0.1524 | Valid Loss: 0.0407, R2: 0.8587, RMSE: 0.2017
2026-02-22 19:57:39,365 - root - INFO - Epoch [1455/10000], Train Loss: 0.0226, R2: 0.9687, RMSE: 0.1504 | Valid Loss: 0.0399, R2: 0.8615, RMSE: 0.1996
2026-02-22 19:57:39,458 - root - INFO - Epoch [1456/10000], Train Loss: 0.0227, R2: 0.9686, RMSE: 0.1506 | Valid Loss: 0.0425, R2: 0.8522, RMSE: 0.2062
2026-02-22 19:57:39,554 - root - INFO - Epoch [1457/10000], Train Loss: 0.0228, R2: 0.9685, RMSE: 0.1510 | Valid Loss: 0.0388, R2: 0.8652, RMSE: 0.1970
2026-02-22 19:57:39,646 - root - INFO - Epoch [1458/10000], Train Loss: 0.0236, R2: 0.9674, RMSE: 0.1535 | Valid Loss: 0.0388, R2: 0.8652, RMSE: 0.1970
2026-02-22 19:57:39,738 - root - INFO - Epoch [1459/10000], Train Loss: 0.0227, R2: 0.9686, RMSE: 0.1506 | Valid Loss: 0.0401, R2: 0.8608, RMSE: 0.2002
2026-02-22 19:57:39,852 - root - INFO - Epoch [1460/10000], Train Loss: 0.0231, R2: 0.9681, RMSE: 0.1519 | Valid Loss: 0.0404, R2: 0.8596, RMSE: 0.2010
2026-02-22 19:57:39,947 - root - INFO - Epoch [1461/10000], Train Loss: 0.0228, R2: 0.9685, RMSE: 0.1510 | Valid Loss: 0.0375, R2: 0.8697, RMSE: 0.1937
2026-02-22 19:57:40,046 - root - INFO - Epoch [1462/10000], Train Loss: 0.0227, R2: 0.9686, RMSE: 0.1507 | Valid Loss: 0.0424, R2: 0.8526, RMSE: 0.2060
2026-02-22 19:57:40,139 - root - INFO - Epoch [1463/10000], Train Loss: 0.0226, R2: 0.9687, RMSE: 0.1505 | Valid Loss: 0.0402, R2: 0.8603, RMSE: 0.2005
2026-02-22 19:57:40,236 - root - INFO - Epoch [1464/10000], Train Loss: 0.0232, R2: 0.9680, RMSE: 0.1522 | Valid Loss: 0.0365, R2: 0.8732, RMSE: 0.1911
2026-02-22 19:57:40,329 - root - INFO - Epoch [1465/10000], Train Loss: 0.0227, R2: 0.9686, RMSE: 0.1507 | Valid Loss: 0.0406, R2: 0.8590, RMSE: 0.2015
2026-02-22 19:57:40,422 - root - INFO - Epoch [1466/10000], Train Loss: 0.0235, R2: 0.9675, RMSE: 0.1534 | Valid Loss: 0.0392, R2: 0.8639, RMSE: 0.1979
2026-02-22 19:57:40,519 - root - INFO - Epoch [1467/10000], Train Loss: 0.0232, R2: 0.9679, RMSE: 0.1524 | Valid Loss: 0.0370, R2: 0.8715, RMSE: 0.1923
2026-02-22 19:57:40,613 - root - INFO - Epoch [1468/10000], Train Loss: 0.0237, R2: 0.9672, RMSE: 0.1540 | Valid Loss: 0.0394, R2: 0.8631, RMSE: 0.1985
2026-02-22 19:57:40,707 - root - INFO - Epoch [1469/10000], Train Loss: 0.0234, R2: 0.9676, RMSE: 0.1530 | Valid Loss: 0.0373, R2: 0.8706, RMSE: 0.1930
2026-02-22 19:57:40,803 - root - INFO - Epoch [1470/10000], Train Loss: 0.0236, R2: 0.9674, RMSE: 0.1536 | Valid Loss: 0.0382, R2: 0.8672, RMSE: 0.1955
2026-02-22 19:57:40,896 - root - INFO - Epoch [1471/10000], Train Loss: 0.0246, R2: 0.9659, RMSE: 0.1570 | Valid Loss: 0.0410, R2: 0.8577, RMSE: 0.2024
2026-02-22 19:57:40,994 - root - INFO - Epoch [1472/10000], Train Loss: 0.0233, R2: 0.9678, RMSE: 0.1526 | Valid Loss: 0.0387, R2: 0.8654, RMSE: 0.1968
2026-02-22 19:57:41,083 - root - INFO - Epoch [1473/10000], Train Loss: 0.0231, R2: 0.9681, RMSE: 0.1519 | Valid Loss: 0.0387, R2: 0.8655, RMSE: 0.1967
2026-02-22 19:57:41,177 - root - INFO - Epoch [1474/10000], Train Loss: 0.0226, R2: 0.9688, RMSE: 0.1503 | Valid Loss: 0.0383, R2: 0.8668, RMSE: 0.1958
2026-02-22 19:57:41,271 - root - INFO - Epoch [1475/10000], Train Loss: 0.0227, R2: 0.9687, RMSE: 0.1505 | Valid Loss: 0.0388, R2: 0.8653, RMSE: 0.1969
2026-02-22 19:57:41,366 - root - INFO - Epoch [1476/10000], Train Loss: 0.0230, R2: 0.9682, RMSE: 0.1516 | Valid Loss: 0.0389, R2: 0.8649, RMSE: 0.1972
2026-02-22 19:57:41,463 - root - INFO - Epoch [1477/10000], Train Loss: 0.0232, R2: 0.9679, RMSE: 0.1525 | Valid Loss: 0.0399, R2: 0.8615, RMSE: 0.1997
2026-02-22 19:57:41,560 - root - INFO - Epoch [1478/10000], Train Loss: 0.0227, R2: 0.9686, RMSE: 0.1506 | Valid Loss: 0.0391, R2: 0.8642, RMSE: 0.1977
2026-02-22 19:57:41,657 - root - INFO - Epoch [1479/10000], Train Loss: 0.0237, R2: 0.9673, RMSE: 0.1538 | Valid Loss: 0.0384, R2: 0.8666, RMSE: 0.1959
2026-02-22 19:57:41,751 - root - INFO - Epoch [1480/10000], Train Loss: 0.0229, R2: 0.9683, RMSE: 0.1514 | Valid Loss: 0.0381, R2: 0.8677, RMSE: 0.1951
2026-02-22 19:57:41,846 - root - INFO - Epoch [1481/10000], Train Loss: 0.0223, R2: 0.9691, RMSE: 0.1495 | Valid Loss: 0.0395, R2: 0.8628, RMSE: 0.1987
2026-02-22 19:57:41,938 - root - INFO - Epoch [1482/10000], Train Loss: 0.0228, R2: 0.9685, RMSE: 0.1509 | Valid Loss: 0.0388, R2: 0.8653, RMSE: 0.1969
2026-02-22 19:57:42,030 - root - INFO - Epoch [1483/10000], Train Loss: 0.0227, R2: 0.9686, RMSE: 0.1508 | Valid Loss: 0.0399, R2: 0.8613, RMSE: 0.1998
2026-02-22 19:57:42,117 - root - INFO - Epoch [1484/10000], Train Loss: 0.0225, R2: 0.9688, RMSE: 0.1501 | Valid Loss: 0.0390, R2: 0.8646, RMSE: 0.1974
2026-02-22 19:57:42,212 - root - INFO - Epoch [1485/10000], Train Loss: 0.0226, R2: 0.9688, RMSE: 0.1502 | Valid Loss: 0.0382, R2: 0.8674, RMSE: 0.1954
2026-02-22 19:57:42,300 - root - INFO - Epoch [1486/10000], Train Loss: 0.0226, R2: 0.9687, RMSE: 0.1504 | Valid Loss: 0.0406, R2: 0.8590, RMSE: 0.2014
2026-02-22 19:57:42,392 - root - INFO - Epoch [1487/10000], Train Loss: 0.0228, R2: 0.9685, RMSE: 0.1509 | Valid Loss: 0.0380, R2: 0.8679, RMSE: 0.1950
2026-02-22 19:57:42,487 - root - INFO - Epoch [1488/10000], Train Loss: 0.0233, R2: 0.9678, RMSE: 0.1525 | Valid Loss: 0.0381, R2: 0.8676, RMSE: 0.1952
2026-02-22 19:57:42,581 - root - INFO - Epoch [1489/10000], Train Loss: 0.0227, R2: 0.9686, RMSE: 0.1506 | Valid Loss: 0.0393, R2: 0.8636, RMSE: 0.1982
2026-02-22 19:57:42,673 - root - INFO - Epoch [1490/10000], Train Loss: 0.0227, R2: 0.9686, RMSE: 0.1508 | Valid Loss: 0.0381, R2: 0.8678, RMSE: 0.1951
2026-02-22 19:57:42,766 - root - INFO - Epoch [1491/10000], Train Loss: 0.0230, R2: 0.9682, RMSE: 0.1516 | Valid Loss: 0.0362, R2: 0.8741, RMSE: 0.1903
2026-02-22 19:57:42,858 - root - INFO - Epoch [1492/10000], Train Loss: 0.0229, R2: 0.9684, RMSE: 0.1512 | Valid Loss: 0.0378, R2: 0.8687, RMSE: 0.1944
2026-02-22 19:57:42,958 - root - INFO - Epoch [1493/10000], Train Loss: 0.0226, R2: 0.9688, RMSE: 0.1502 | Valid Loss: 0.0365, R2: 0.8731, RMSE: 0.1911
2026-02-22 19:57:43,055 - root - INFO - Epoch [1494/10000], Train Loss: 0.0223, R2: 0.9691, RMSE: 0.1495 | Valid Loss: 0.0380, R2: 0.8680, RMSE: 0.1949
2026-02-22 19:57:43,153 - root - INFO - Epoch [1495/10000], Train Loss: 0.0225, R2: 0.9689, RMSE: 0.1499 | Valid Loss: 0.0376, R2: 0.8693, RMSE: 0.1940
2026-02-22 19:57:43,244 - root - INFO - Epoch [1496/10000], Train Loss: 0.0228, R2: 0.9684, RMSE: 0.1511 | Valid Loss: 0.0372, R2: 0.8706, RMSE: 0.1930
2026-02-22 19:57:43,335 - root - INFO - Epoch [1497/10000], Train Loss: 0.0226, R2: 0.9688, RMSE: 0.1502 | Valid Loss: 0.0383, R2: 0.8669, RMSE: 0.1958
2026-02-22 19:57:43,427 - root - INFO - Epoch [1498/10000], Train Loss: 0.0228, R2: 0.9685, RMSE: 0.1510 | Valid Loss: 0.0381, R2: 0.8677, RMSE: 0.1951
2026-02-22 19:57:43,525 - root - INFO - Epoch [1499/10000], Train Loss: 0.0226, R2: 0.9687, RMSE: 0.1504 | Valid Loss: 0.0363, R2: 0.8738, RMSE: 0.1906
2026-02-22 19:57:43,620 - root - INFO - Epoch [1500/10000], Train Loss: 0.0230, R2: 0.9681, RMSE: 0.1518 | Valid Loss: 0.0374, R2: 0.8702, RMSE: 0.1933
2026-02-22 19:57:43,731 - root - INFO - Epoch [1501/10000], Train Loss: 0.0224, R2: 0.9691, RMSE: 0.1496 | Valid Loss: 0.0385, R2: 0.8662, RMSE: 0.1963
2026-02-22 19:57:43,832 - root - INFO - Epoch [1502/10000], Train Loss: 0.0224, R2: 0.9690, RMSE: 0.1497 | Valid Loss: 0.0374, R2: 0.8701, RMSE: 0.1934
2026-02-22 19:57:43,927 - root - INFO - Epoch [1503/10000], Train Loss: 0.0227, R2: 0.9686, RMSE: 0.1506 | Valid Loss: 0.0396, R2: 0.8625, RMSE: 0.1990
2026-02-22 19:57:44,021 - root - INFO - Epoch [1504/10000], Train Loss: 0.0233, R2: 0.9678, RMSE: 0.1525 | Valid Loss: 0.0368, R2: 0.8723, RMSE: 0.1917
2026-02-22 19:57:44,118 - root - INFO - Epoch [1505/10000], Train Loss: 0.0225, R2: 0.9689, RMSE: 0.1501 | Valid Loss: 0.0367, R2: 0.8725, RMSE: 0.1916
2026-02-22 19:57:44,213 - root - INFO - Epoch [1506/10000], Train Loss: 0.0223, R2: 0.9691, RMSE: 0.1495 | Valid Loss: 0.0386, R2: 0.8661, RMSE: 0.1964
2026-02-22 19:57:44,309 - root - INFO - Epoch [1507/10000], Train Loss: 0.0225, R2: 0.9689, RMSE: 0.1500 | Valid Loss: 0.0376, R2: 0.8693, RMSE: 0.1939
2026-02-22 19:57:44,406 - root - INFO - Epoch [1508/10000], Train Loss: 0.0230, R2: 0.9681, RMSE: 0.1518 | Valid Loss: 0.0378, R2: 0.8687, RMSE: 0.1944
2026-02-22 19:57:44,499 - root - INFO - Epoch [1509/10000], Train Loss: 0.0229, R2: 0.9684, RMSE: 0.1512 | Valid Loss: 0.0379, R2: 0.8683, RMSE: 0.1947
2026-02-22 19:57:44,592 - root - INFO - Epoch [1510/10000], Train Loss: 0.0226, R2: 0.9688, RMSE: 0.1503 | Valid Loss: 0.0368, R2: 0.8722, RMSE: 0.1918
2026-02-22 19:57:44,690 - root - INFO - Epoch [1511/10000], Train Loss: 0.0229, R2: 0.9683, RMSE: 0.1514 | Valid Loss: 0.0372, R2: 0.8706, RMSE: 0.1930
2026-02-22 19:57:44,786 - root - INFO - Epoch [1512/10000], Train Loss: 0.0224, R2: 0.9690, RMSE: 0.1498 | Valid Loss: 0.0364, R2: 0.8737, RMSE: 0.1907
2026-02-22 19:57:44,879 - root - INFO - Epoch [1513/10000], Train Loss: 0.0231, R2: 0.9681, RMSE: 0.1519 | Valid Loss: 0.0383, R2: 0.8668, RMSE: 0.1958
2026-02-22 19:57:44,975 - root - INFO - Epoch [1514/10000], Train Loss: 0.0227, R2: 0.9686, RMSE: 0.1506 | Valid Loss: 0.0381, R2: 0.8677, RMSE: 0.1951
2026-02-22 19:57:45,071 - root - INFO - Epoch [1515/10000], Train Loss: 0.0229, R2: 0.9683, RMSE: 0.1513 | Valid Loss: 0.0362, R2: 0.8742, RMSE: 0.1903
2026-02-22 19:57:45,166 - root - INFO - Epoch [1516/10000], Train Loss: 0.0228, R2: 0.9685, RMSE: 0.1509 | Valid Loss: 0.0361, R2: 0.8745, RMSE: 0.1900
2026-02-22 19:57:45,262 - root - INFO - Epoch [1517/10000], Train Loss: 0.0227, R2: 0.9686, RMSE: 0.1507 | Valid Loss: 0.0394, R2: 0.8633, RMSE: 0.1984
2026-02-22 19:57:45,353 - root - INFO - Epoch [1518/10000], Train Loss: 0.0231, R2: 0.9681, RMSE: 0.1519 | Valid Loss: 0.0366, R2: 0.8728, RMSE: 0.1913
2026-02-22 19:57:45,447 - root - INFO - Epoch [1519/10000], Train Loss: 0.0227, R2: 0.9686, RMSE: 0.1507 | Valid Loss: 0.0365, R2: 0.8733, RMSE: 0.1910
2026-02-22 19:57:45,547 - root - INFO - Epoch [1520/10000], Train Loss: 0.0228, R2: 0.9684, RMSE: 0.1512 | Valid Loss: 0.0399, R2: 0.8614, RMSE: 0.1997
2026-02-22 19:57:45,643 - root - INFO - Epoch [1521/10000], Train Loss: 0.0228, R2: 0.9685, RMSE: 0.1510 | Valid Loss: 0.0351, R2: 0.8779, RMSE: 0.1874
2026-02-22 19:57:45,739 - root - INFO - Epoch [1522/10000], Train Loss: 0.0224, R2: 0.9690, RMSE: 0.1497 | Valid Loss: 0.0395, R2: 0.8630, RMSE: 0.1986
2026-02-22 19:57:45,836 - root - INFO - Epoch [1523/10000], Train Loss: 0.0234, R2: 0.9677, RMSE: 0.1528 | Valid Loss: 0.0380, R2: 0.8679, RMSE: 0.1950
2026-02-22 19:57:45,931 - root - INFO - Epoch [1524/10000], Train Loss: 0.0232, R2: 0.9679, RMSE: 0.1523 | Valid Loss: 0.0363, R2: 0.8738, RMSE: 0.1906
2026-02-22 19:57:46,021 - root - INFO - Epoch [1525/10000], Train Loss: 0.0229, R2: 0.9684, RMSE: 0.1512 | Valid Loss: 0.0355, R2: 0.8768, RMSE: 0.1883
2026-02-22 19:57:46,122 - root - INFO - Epoch [1526/10000], Train Loss: 0.0231, R2: 0.9680, RMSE: 0.1521 | Valid Loss: 0.0392, R2: 0.8637, RMSE: 0.1981
2026-02-22 19:57:46,216 - root - INFO - Epoch [1527/10000], Train Loss: 0.0231, R2: 0.9680, RMSE: 0.1520 | Valid Loss: 0.0362, R2: 0.8742, RMSE: 0.1903
2026-02-22 19:57:46,311 - root - INFO - Epoch [1528/10000], Train Loss: 0.0230, R2: 0.9682, RMSE: 0.1515 | Valid Loss: 0.0360, R2: 0.8749, RMSE: 0.1898
2026-02-22 19:57:46,402 - root - INFO - Epoch [1529/10000], Train Loss: 0.0224, R2: 0.9690, RMSE: 0.1498 | Valid Loss: 0.0362, R2: 0.8743, RMSE: 0.1903
2026-02-22 19:57:46,495 - root - INFO - Epoch [1530/10000], Train Loss: 0.0228, R2: 0.9685, RMSE: 0.1509 | Valid Loss: 0.0348, R2: 0.8792, RMSE: 0.1865
2026-02-22 19:57:46,590 - root - INFO - Epoch [1531/10000], Train Loss: 0.0224, R2: 0.9690, RMSE: 0.1498 | Valid Loss: 0.0356, R2: 0.8762, RMSE: 0.1888
2026-02-22 19:57:46,690 - root - INFO - Epoch [1532/10000], Train Loss: 0.0227, R2: 0.9686, RMSE: 0.1506 | Valid Loss: 0.0368, R2: 0.8721, RMSE: 0.1919
2026-02-22 19:57:46,786 - root - INFO - Epoch [1533/10000], Train Loss: 0.0223, R2: 0.9692, RMSE: 0.1493 | Valid Loss: 0.0371, R2: 0.8712, RMSE: 0.1926
2026-02-22 19:57:46,890 - root - INFO - Epoch [1534/10000], Train Loss: 0.0225, R2: 0.9688, RMSE: 0.1502 | Valid Loss: 0.0348, R2: 0.8792, RMSE: 0.1864
2026-02-22 19:57:46,985 - root - INFO - Epoch [1535/10000], Train Loss: 0.0230, R2: 0.9682, RMSE: 0.1518 | Valid Loss: 0.0369, R2: 0.8719, RMSE: 0.1921
2026-02-22 19:57:47,080 - root - INFO - Epoch [1536/10000], Train Loss: 0.0226, R2: 0.9688, RMSE: 0.1503 | Valid Loss: 0.0356, R2: 0.8763, RMSE: 0.1887
2026-02-22 19:57:47,173 - root - INFO - Epoch [1537/10000], Train Loss: 0.0226, R2: 0.9687, RMSE: 0.1505 | Valid Loss: 0.0363, R2: 0.8738, RMSE: 0.1906
2026-02-22 19:57:47,269 - root - INFO - Epoch [1538/10000], Train Loss: 0.0229, R2: 0.9683, RMSE: 0.1513 | Valid Loss: 0.0361, R2: 0.8745, RMSE: 0.1901
2026-02-22 19:57:47,366 - root - INFO - Epoch [1539/10000], Train Loss: 0.0232, R2: 0.9679, RMSE: 0.1523 | Valid Loss: 0.0352, R2: 0.8776, RMSE: 0.1877
2026-02-22 19:57:47,459 - root - INFO - Epoch [1540/10000], Train Loss: 0.0228, R2: 0.9685, RMSE: 0.1509 | Valid Loss: 0.0358, R2: 0.8758, RMSE: 0.1891
2026-02-22 19:57:47,557 - root - INFO - Epoch [1541/10000], Train Loss: 0.0225, R2: 0.9689, RMSE: 0.1500 | Valid Loss: 0.0362, R2: 0.8743, RMSE: 0.1902
2026-02-22 19:57:47,653 - root - INFO - Epoch [1542/10000], Train Loss: 0.0226, R2: 0.9687, RMSE: 0.1503 | Valid Loss: 0.0370, R2: 0.8716, RMSE: 0.1923
2026-02-22 19:57:47,747 - root - INFO - Epoch [1543/10000], Train Loss: 0.0238, R2: 0.9671, RMSE: 0.1542 | Valid Loss: 0.0359, R2: 0.8754, RMSE: 0.1894
2026-02-22 19:57:47,835 - root - INFO - Epoch [1544/10000], Train Loss: 0.0232, R2: 0.9679, RMSE: 0.1523 | Valid Loss: 0.0360, R2: 0.8748, RMSE: 0.1898
2026-02-22 19:57:47,930 - root - INFO - Epoch [1545/10000], Train Loss: 0.0232, R2: 0.9679, RMSE: 0.1524 | Valid Loss: 0.0347, R2: 0.8795, RMSE: 0.1862
2026-02-22 19:57:48,021 - root - INFO - Epoch [1546/10000], Train Loss: 0.0225, R2: 0.9688, RMSE: 0.1501 | Valid Loss: 0.0362, R2: 0.8743, RMSE: 0.1902
2026-02-22 19:57:48,117 - root - INFO - Epoch [1547/10000], Train Loss: 0.0230, R2: 0.9682, RMSE: 0.1516 | Valid Loss: 0.0350, R2: 0.8784, RMSE: 0.1871
2026-02-22 19:57:48,213 - root - INFO - Epoch [1548/10000], Train Loss: 0.0239, R2: 0.9670, RMSE: 0.1545 | Valid Loss: 0.0356, R2: 0.8762, RMSE: 0.1888
2026-02-22 19:57:48,304 - root - INFO - Epoch [1549/10000], Train Loss: 0.0233, R2: 0.9678, RMSE: 0.1525 | Valid Loss: 0.0359, R2: 0.8753, RMSE: 0.1894
2026-02-22 19:57:48,398 - root - INFO - Epoch [1550/10000], Train Loss: 0.0226, R2: 0.9687, RMSE: 0.1503 | Valid Loss: 0.0360, R2: 0.8749, RMSE: 0.1898
2026-02-22 19:57:48,492 - root - INFO - Epoch [1551/10000], Train Loss: 0.0224, R2: 0.9690, RMSE: 0.1498 | Valid Loss: 0.0372, R2: 0.8706, RMSE: 0.1930
2026-02-22 19:57:48,588 - root - INFO - Epoch [1552/10000], Train Loss: 0.0230, R2: 0.9681, RMSE: 0.1518 | Valid Loss: 0.0356, R2: 0.8765, RMSE: 0.1886
2026-02-22 19:57:48,682 - root - INFO - Epoch [1553/10000], Train Loss: 0.0228, R2: 0.9685, RMSE: 0.1508 | Valid Loss: 0.0374, R2: 0.8700, RMSE: 0.1934
2026-02-22 19:57:48,781 - root - INFO - Epoch [1554/10000], Train Loss: 0.0231, R2: 0.9680, RMSE: 0.1521 | Valid Loss: 0.0364, R2: 0.8737, RMSE: 0.1907
2026-02-22 19:57:48,869 - root - INFO - Epoch [1555/10000], Train Loss: 0.0246, R2: 0.9660, RMSE: 0.1568 | Valid Loss: 0.0364, R2: 0.8736, RMSE: 0.1908
2026-02-22 19:57:48,963 - root - INFO - Epoch [1556/10000], Train Loss: 0.0239, R2: 0.9669, RMSE: 0.1547 | Valid Loss: 0.0350, R2: 0.8784, RMSE: 0.1871
2026-02-22 19:57:49,056 - root - INFO - Epoch [1557/10000], Train Loss: 0.0228, R2: 0.9684, RMSE: 0.1511 | Valid Loss: 0.0363, R2: 0.8740, RMSE: 0.1904
2026-02-22 19:57:49,150 - root - INFO - Epoch [1558/10000], Train Loss: 0.0225, R2: 0.9689, RMSE: 0.1500 | Valid Loss: 0.0360, R2: 0.8749, RMSE: 0.1898
2026-02-22 19:57:49,241 - root - INFO - Epoch [1559/10000], Train Loss: 0.0227, R2: 0.9687, RMSE: 0.1505 | Valid Loss: 0.0390, R2: 0.8645, RMSE: 0.1975
2026-02-22 19:57:49,335 - root - INFO - Epoch [1560/10000], Train Loss: 0.0237, R2: 0.9673, RMSE: 0.1538 | Valid Loss: 0.0356, R2: 0.8765, RMSE: 0.1886
2026-02-22 19:57:49,433 - root - INFO - Epoch [1561/10000], Train Loss: 0.0237, R2: 0.9672, RMSE: 0.1539 | Valid Loss: 0.0347, R2: 0.8794, RMSE: 0.1863
2026-02-22 19:57:49,528 - root - INFO - Epoch [1562/10000], Train Loss: 0.0225, R2: 0.9689, RMSE: 0.1499 | Valid Loss: 0.0365, R2: 0.8732, RMSE: 0.1911
2026-02-22 19:57:49,623 - root - INFO - Epoch [1563/10000], Train Loss: 0.0225, R2: 0.9689, RMSE: 0.1500 | Valid Loss: 0.0367, R2: 0.8724, RMSE: 0.1917
2026-02-22 19:57:49,720 - root - INFO - Epoch [1564/10000], Train Loss: 0.0232, R2: 0.9680, RMSE: 0.1522 | Valid Loss: 0.0354, R2: 0.8769, RMSE: 0.1883
2026-02-22 19:57:49,818 - root - INFO - Epoch [1565/10000], Train Loss: 0.0232, R2: 0.9679, RMSE: 0.1524 | Valid Loss: 0.0343, R2: 0.8809, RMSE: 0.1852
2026-02-22 19:57:49,911 - root - INFO - Epoch [1566/10000], Train Loss: 0.0231, R2: 0.9681, RMSE: 0.1519 | Valid Loss: 0.0370, R2: 0.8714, RMSE: 0.1924
2026-02-22 19:57:50,009 - root - INFO - Epoch [1567/10000], Train Loss: 0.0228, R2: 0.9685, RMSE: 0.1509 | Valid Loss: 0.0357, R2: 0.8761, RMSE: 0.1888
2026-02-22 19:57:50,102 - root - INFO - Epoch [1568/10000], Train Loss: 0.0227, R2: 0.9687, RMSE: 0.1505 | Valid Loss: 0.0349, R2: 0.8789, RMSE: 0.1867
2026-02-22 19:57:50,199 - root - INFO - Epoch [1569/10000], Train Loss: 0.0240, R2: 0.9669, RMSE: 0.1548 | Valid Loss: 0.0340, R2: 0.8819, RMSE: 0.1844
2026-02-22 19:57:50,298 - root - INFO - Epoch [1570/10000], Train Loss: 0.0223, R2: 0.9691, RMSE: 0.1494 | Valid Loss: 0.0354, R2: 0.8770, RMSE: 0.1881
2026-02-22 19:57:50,395 - root - INFO - Epoch [1571/10000], Train Loss: 0.0224, R2: 0.9690, RMSE: 0.1497 | Valid Loss: 0.0361, R2: 0.8746, RMSE: 0.1900
2026-02-22 19:57:50,490 - root - INFO - Epoch [1572/10000], Train Loss: 0.0236, R2: 0.9674, RMSE: 0.1535 | Valid Loss: 0.0358, R2: 0.8758, RMSE: 0.1891
2026-02-22 19:57:50,588 - root - INFO - Epoch [1573/10000], Train Loss: 0.0226, R2: 0.9688, RMSE: 0.1503 | Valid Loss: 0.0361, R2: 0.8744, RMSE: 0.1901
2026-02-22 19:57:50,686 - root - INFO - Epoch [1574/10000], Train Loss: 0.0237, R2: 0.9672, RMSE: 0.1540 | Valid Loss: 0.0351, R2: 0.8781, RMSE: 0.1873
2026-02-22 19:57:50,779 - root - INFO - Epoch [1575/10000], Train Loss: 0.0232, R2: 0.9679, RMSE: 0.1524 | Valid Loss: 0.0354, R2: 0.8769, RMSE: 0.1882
2026-02-22 19:57:50,874 - root - INFO - Epoch [1576/10000], Train Loss: 0.0226, R2: 0.9687, RMSE: 0.1504 | Valid Loss: 0.0369, R2: 0.8718, RMSE: 0.1921
2026-02-22 19:57:50,969 - root - INFO - Epoch [1577/10000], Train Loss: 0.0225, R2: 0.9688, RMSE: 0.1501 | Valid Loss: 0.0351, R2: 0.8780, RMSE: 0.1874
2026-02-22 19:57:51,061 - root - INFO - Epoch [1578/10000], Train Loss: 0.0231, R2: 0.9681, RMSE: 0.1520 | Valid Loss: 0.0364, R2: 0.8736, RMSE: 0.1908
2026-02-22 19:57:51,161 - root - INFO - Epoch [1579/10000], Train Loss: 0.0226, R2: 0.9688, RMSE: 0.1502 | Valid Loss: 0.0366, R2: 0.8727, RMSE: 0.1914
2026-02-22 19:57:51,250 - root - INFO - Epoch [1580/10000], Train Loss: 0.0225, R2: 0.9688, RMSE: 0.1502 | Valid Loss: 0.0362, R2: 0.8741, RMSE: 0.1904
2026-02-22 19:57:51,344 - root - INFO - Epoch [1581/10000], Train Loss: 0.0225, R2: 0.9689, RMSE: 0.1499 | Valid Loss: 0.0345, R2: 0.8803, RMSE: 0.1857
2026-02-22 19:57:51,434 - root - INFO - Epoch [1582/10000], Train Loss: 0.0222, R2: 0.9693, RMSE: 0.1489 | Valid Loss: 0.0359, R2: 0.8751, RMSE: 0.1896
2026-02-22 19:57:51,530 - root - INFO - Epoch [1583/10000], Train Loss: 0.0225, R2: 0.9689, RMSE: 0.1500 | Valid Loss: 0.0369, R2: 0.8720, RMSE: 0.1920
2026-02-22 19:57:51,628 - root - INFO - Epoch [1584/10000], Train Loss: 0.0233, R2: 0.9678, RMSE: 0.1526 | Valid Loss: 0.0350, R2: 0.8784, RMSE: 0.1871
2026-02-22 19:57:51,721 - root - INFO - Epoch [1585/10000], Train Loss: 0.0223, R2: 0.9692, RMSE: 0.1494 | Valid Loss: 0.0366, R2: 0.8730, RMSE: 0.1912
2026-02-22 19:57:51,815 - root - INFO - Epoch [1586/10000], Train Loss: 0.0242, R2: 0.9665, RMSE: 0.1556 | Valid Loss: 0.0344, R2: 0.8804, RMSE: 0.1855
2026-02-22 19:57:51,908 - root - INFO - Epoch [1587/10000], Train Loss: 0.0223, R2: 0.9692, RMSE: 0.1493 | Valid Loss: 0.0349, R2: 0.8787, RMSE: 0.1869
2026-02-22 19:57:52,004 - root - INFO - Epoch [1588/10000], Train Loss: 0.0227, R2: 0.9686, RMSE: 0.1507 | Valid Loss: 0.0357, R2: 0.8761, RMSE: 0.1888
2026-02-22 19:57:52,101 - root - INFO - Epoch [1589/10000], Train Loss: 0.0226, R2: 0.9688, RMSE: 0.1502 | Valid Loss: 0.0353, R2: 0.8774, RMSE: 0.1879
2026-02-22 19:57:52,195 - root - INFO - Epoch [1590/10000], Train Loss: 0.0224, R2: 0.9691, RMSE: 0.1495 | Valid Loss: 0.0345, R2: 0.8801, RMSE: 0.1858
2026-02-22 19:57:52,286 - root - INFO - Epoch [1591/10000], Train Loss: 0.0224, R2: 0.9690, RMSE: 0.1496 | Valid Loss: 0.0347, R2: 0.8796, RMSE: 0.1862
2026-02-22 19:57:52,381 - root - INFO - Epoch [1592/10000], Train Loss: 0.0228, R2: 0.9685, RMSE: 0.1510 | Valid Loss: 0.0352, R2: 0.8778, RMSE: 0.1876
2026-02-22 19:57:52,475 - root - INFO - Epoch [1593/10000], Train Loss: 0.0224, R2: 0.9690, RMSE: 0.1497 | Valid Loss: 0.0347, R2: 0.8796, RMSE: 0.1862
2026-02-22 19:57:52,575 - root - INFO - Epoch [1594/10000], Train Loss: 0.0226, R2: 0.9687, RMSE: 0.1504 | Valid Loss: 0.0354, R2: 0.8772, RMSE: 0.1880
2026-02-22 19:57:52,683 - root - INFO - Epoch [1595/10000], Train Loss: 0.0227, R2: 0.9686, RMSE: 0.1507 | Valid Loss: 0.0342, R2: 0.8810, RMSE: 0.1850
2026-02-22 19:57:52,777 - root - INFO - Epoch [1596/10000], Train Loss: 0.0234, R2: 0.9676, RMSE: 0.1531 | Valid Loss: 0.0350, R2: 0.8785, RMSE: 0.1870
2026-02-22 19:57:52,874 - root - INFO - Epoch [1597/10000], Train Loss: 0.0245, R2: 0.9661, RMSE: 0.1565 | Valid Loss: 0.0340, R2: 0.8817, RMSE: 0.1845
2026-02-22 19:57:52,971 - root - INFO - Epoch [1598/10000], Train Loss: 0.0238, R2: 0.9670, RMSE: 0.1544 | Valid Loss: 0.0356, R2: 0.8765, RMSE: 0.1886
2026-02-22 19:57:53,066 - root - INFO - Epoch [1599/10000], Train Loss: 0.0244, R2: 0.9663, RMSE: 0.1561 | Valid Loss: 0.0357, R2: 0.8759, RMSE: 0.1890
2026-02-22 19:57:53,172 - root - INFO - Epoch [1600/10000], Train Loss: 0.0231, R2: 0.9680, RMSE: 0.1520 | Valid Loss: 0.0340, R2: 0.8818, RMSE: 0.1845
2026-02-22 19:57:53,266 - root - INFO - Epoch [1601/10000], Train Loss: 0.0243, R2: 0.9664, RMSE: 0.1558 | Valid Loss: 0.0362, R2: 0.8743, RMSE: 0.1902
2026-02-22 19:57:53,361 - root - INFO - Epoch [1602/10000], Train Loss: 0.0230, R2: 0.9682, RMSE: 0.1515 | Valid Loss: 0.0374, R2: 0.8702, RMSE: 0.1933
2026-02-22 19:57:53,477 - root - INFO - Epoch [1603/10000], Train Loss: 0.0229, R2: 0.9683, RMSE: 0.1515 | Valid Loss: 0.0354, R2: 0.8772, RMSE: 0.1880
2026-02-22 19:57:53,582 - root - INFO - Epoch [1604/10000], Train Loss: 0.0231, R2: 0.9681, RMSE: 0.1518 | Valid Loss: 0.0351, R2: 0.8780, RMSE: 0.1874
2026-02-22 19:57:53,683 - root - INFO - Epoch [1605/10000], Train Loss: 0.0226, R2: 0.9688, RMSE: 0.1502 | Valid Loss: 0.0354, R2: 0.8772, RMSE: 0.1880
2026-02-22 19:57:53,790 - root - INFO - Epoch [1606/10000], Train Loss: 0.0234, R2: 0.9676, RMSE: 0.1531 | Valid Loss: 0.0343, R2: 0.8807, RMSE: 0.1853
2026-02-22 19:57:53,886 - root - INFO - Epoch [1607/10000], Train Loss: 0.0230, R2: 0.9681, RMSE: 0.1518 | Valid Loss: 0.0372, R2: 0.8708, RMSE: 0.1929
2026-02-22 19:57:53,986 - root - INFO - Epoch [1608/10000], Train Loss: 0.0226, R2: 0.9688, RMSE: 0.1502 | Valid Loss: 0.0371, R2: 0.8711, RMSE: 0.1926
2026-02-22 19:57:54,083 - root - INFO - Epoch [1609/10000], Train Loss: 0.0224, R2: 0.9691, RMSE: 0.1495 | Valid Loss: 0.0379, R2: 0.8683, RMSE: 0.1947
2026-02-22 19:57:54,177 - root - INFO - Epoch [1610/10000], Train Loss: 0.0229, R2: 0.9683, RMSE: 0.1514 | Valid Loss: 0.0354, R2: 0.8769, RMSE: 0.1883
2026-02-22 19:57:54,273 - root - INFO - Epoch [1611/10000], Train Loss: 0.0225, R2: 0.9688, RMSE: 0.1502 | Valid Loss: 0.0364, R2: 0.8735, RMSE: 0.1909
2026-02-22 19:57:54,366 - root - INFO - Epoch [1612/10000], Train Loss: 0.0223, R2: 0.9691, RMSE: 0.1494 | Valid Loss: 0.0359, R2: 0.8752, RMSE: 0.1895
2026-02-22 19:57:54,467 - root - INFO - Epoch [1613/10000], Train Loss: 0.0224, R2: 0.9690, RMSE: 0.1497 | Valid Loss: 0.0336, R2: 0.8834, RMSE: 0.1832
2026-02-22 19:57:54,592 - root - INFO - Epoch [1614/10000], Train Loss: 0.0234, R2: 0.9677, RMSE: 0.1529 | Valid Loss: 0.0342, R2: 0.8811, RMSE: 0.1850
2026-02-22 19:57:54,693 - root - INFO - Epoch [1615/10000], Train Loss: 0.0232, R2: 0.9680, RMSE: 0.1522 | Valid Loss: 0.0376, R2: 0.8692, RMSE: 0.1940
2026-02-22 19:57:54,789 - root - INFO - Epoch [1616/10000], Train Loss: 0.0231, R2: 0.9680, RMSE: 0.1521 | Valid Loss: 0.0344, R2: 0.8804, RMSE: 0.1855
2026-02-22 19:57:54,889 - root - INFO - Epoch [1617/10000], Train Loss: 0.0227, R2: 0.9686, RMSE: 0.1506 | Valid Loss: 0.0349, R2: 0.8789, RMSE: 0.1867
2026-02-22 19:57:54,989 - root - INFO - Epoch [1618/10000], Train Loss: 0.0230, R2: 0.9682, RMSE: 0.1517 | Valid Loss: 0.0349, R2: 0.8787, RMSE: 0.1869
2026-02-22 19:57:55,090 - root - INFO - Epoch [1619/10000], Train Loss: 0.0228, R2: 0.9685, RMSE: 0.1510 | Valid Loss: 0.0343, R2: 0.8808, RMSE: 0.1853
2026-02-22 19:57:55,188 - root - INFO - Epoch [1620/10000], Train Loss: 0.0233, R2: 0.9677, RMSE: 0.1528 | Valid Loss: 0.0381, R2: 0.8676, RMSE: 0.1952
2026-02-22 19:57:55,286 - root - INFO - Epoch [1621/10000], Train Loss: 0.0258, R2: 0.9643, RMSE: 0.1607 | Valid Loss: 0.0330, R2: 0.8854, RMSE: 0.1817
2026-02-22 19:57:55,378 - root - INFO - Epoch [1622/10000], Train Loss: 0.0236, R2: 0.9673, RMSE: 0.1537 | Valid Loss: 0.0336, R2: 0.8834, RMSE: 0.1832
2026-02-22 19:57:55,468 - root - INFO - Epoch [1623/10000], Train Loss: 0.0235, R2: 0.9676, RMSE: 0.1532 | Valid Loss: 0.0367, R2: 0.8725, RMSE: 0.1915
2026-02-22 19:57:55,568 - root - INFO - Epoch [1624/10000], Train Loss: 0.0229, R2: 0.9684, RMSE: 0.1513 | Valid Loss: 0.0324, R2: 0.8873, RMSE: 0.1801
2026-02-22 19:57:55,661 - root - INFO - Epoch [1625/10000], Train Loss: 0.0233, R2: 0.9678, RMSE: 0.1525 | Valid Loss: 0.0365, R2: 0.8731, RMSE: 0.1912
2026-02-22 19:57:55,757 - root - INFO - Epoch [1626/10000], Train Loss: 0.0227, R2: 0.9687, RMSE: 0.1505 | Valid Loss: 0.0342, R2: 0.8812, RMSE: 0.1849
2026-02-22 19:57:55,853 - root - INFO - Epoch [1627/10000], Train Loss: 0.0225, R2: 0.9689, RMSE: 0.1500 | Valid Loss: 0.0330, R2: 0.8853, RMSE: 0.1817
2026-02-22 19:57:55,945 - root - INFO - Epoch [1628/10000], Train Loss: 0.0226, R2: 0.9688, RMSE: 0.1503 | Valid Loss: 0.0354, R2: 0.8769, RMSE: 0.1883
2026-02-22 19:57:56,038 - root - INFO - Epoch [1629/10000], Train Loss: 0.0221, R2: 0.9694, RMSE: 0.1488 | Valid Loss: 0.0353, R2: 0.8773, RMSE: 0.1879
2026-02-22 19:57:56,130 - root - INFO - Epoch [1630/10000], Train Loss: 0.0231, R2: 0.9681, RMSE: 0.1518 | Valid Loss: 0.0341, R2: 0.8817, RMSE: 0.1846
2026-02-22 19:57:56,216 - root - INFO - Epoch [1631/10000], Train Loss: 0.0223, R2: 0.9691, RMSE: 0.1494 | Valid Loss: 0.0350, R2: 0.8784, RMSE: 0.1871
2026-02-22 19:57:56,311 - root - INFO - Epoch [1632/10000], Train Loss: 0.0237, R2: 0.9672, RMSE: 0.1540 | Valid Loss: 0.0338, R2: 0.8824, RMSE: 0.1840
2026-02-22 19:57:56,407 - root - INFO - Epoch [1633/10000], Train Loss: 0.0228, R2: 0.9685, RMSE: 0.1509 | Valid Loss: 0.0329, R2: 0.8857, RMSE: 0.1814
2026-02-22 19:57:56,499 - root - INFO - Epoch [1634/10000], Train Loss: 0.0227, R2: 0.9686, RMSE: 0.1508 | Valid Loss: 0.0365, R2: 0.8733, RMSE: 0.1909
2026-02-22 19:57:56,591 - root - INFO - Epoch [1635/10000], Train Loss: 0.0227, R2: 0.9686, RMSE: 0.1506 | Valid Loss: 0.0357, R2: 0.8760, RMSE: 0.1889
2026-02-22 19:57:56,687 - root - INFO - Epoch [1636/10000], Train Loss: 0.0226, R2: 0.9688, RMSE: 0.1502 | Valid Loss: 0.0336, R2: 0.8832, RMSE: 0.1833
2026-02-22 19:57:56,783 - root - INFO - Epoch [1637/10000], Train Loss: 0.0235, R2: 0.9675, RMSE: 0.1532 | Valid Loss: 0.0353, R2: 0.8773, RMSE: 0.1880
2026-02-22 19:57:56,880 - root - INFO - Epoch [1638/10000], Train Loss: 0.0233, R2: 0.9677, RMSE: 0.1527 | Valid Loss: 0.0329, R2: 0.8857, RMSE: 0.1814
2026-02-22 19:57:56,976 - root - INFO - Epoch [1639/10000], Train Loss: 0.0229, R2: 0.9684, RMSE: 0.1512 | Valid Loss: 0.0355, R2: 0.8767, RMSE: 0.1884
2026-02-22 19:57:57,071 - root - INFO - Epoch [1640/10000], Train Loss: 0.0242, R2: 0.9666, RMSE: 0.1554 | Valid Loss: 0.0355, R2: 0.8768, RMSE: 0.1883
2026-02-22 19:57:57,169 - root - INFO - Epoch [1641/10000], Train Loss: 0.0238, R2: 0.9671, RMSE: 0.1543 | Valid Loss: 0.0344, R2: 0.8806, RMSE: 0.1854
2026-02-22 19:57:57,262 - root - INFO - Epoch [1642/10000], Train Loss: 0.0224, R2: 0.9691, RMSE: 0.1496 | Valid Loss: 0.0357, R2: 0.8758, RMSE: 0.1891
2026-02-22 19:57:57,361 - root - INFO - Epoch [1643/10000], Train Loss: 0.0224, R2: 0.9690, RMSE: 0.1498 | Valid Loss: 0.0344, R2: 0.8805, RMSE: 0.1855
2026-02-22 19:57:57,455 - root - INFO - Epoch [1644/10000], Train Loss: 0.0228, R2: 0.9685, RMSE: 0.1510 | Valid Loss: 0.0342, R2: 0.8813, RMSE: 0.1848
2026-02-22 19:57:57,548 - root - INFO - Epoch [1645/10000], Train Loss: 0.0223, R2: 0.9691, RMSE: 0.1494 | Valid Loss: 0.0350, R2: 0.8784, RMSE: 0.1871
2026-02-22 19:57:57,640 - root - INFO - Epoch [1646/10000], Train Loss: 0.0224, R2: 0.9690, RMSE: 0.1497 | Valid Loss: 0.0359, R2: 0.8753, RMSE: 0.1894
2026-02-22 19:57:57,733 - root - INFO - Epoch [1647/10000], Train Loss: 0.0223, R2: 0.9692, RMSE: 0.1492 | Valid Loss: 0.0337, R2: 0.8830, RMSE: 0.1835
2026-02-22 19:57:57,824 - root - INFO - Epoch [1648/10000], Train Loss: 0.0228, R2: 0.9684, RMSE: 0.1510 | Valid Loss: 0.0328, R2: 0.8861, RMSE: 0.1811
2026-02-22 19:57:57,911 - root - INFO - Epoch [1649/10000], Train Loss: 0.0232, R2: 0.9679, RMSE: 0.1525 | Valid Loss: 0.0346, R2: 0.8798, RMSE: 0.1860
2026-02-22 19:57:58,007 - root - INFO - Epoch [1650/10000], Train Loss: 0.0238, R2: 0.9671, RMSE: 0.1543 | Valid Loss: 0.0351, R2: 0.8782, RMSE: 0.1873
2026-02-22 19:57:58,098 - root - INFO - Epoch [1651/10000], Train Loss: 0.0230, R2: 0.9682, RMSE: 0.1517 | Valid Loss: 0.0328, R2: 0.8862, RMSE: 0.1810
2026-02-22 19:57:58,188 - root - INFO - Epoch [1652/10000], Train Loss: 0.0230, R2: 0.9682, RMSE: 0.1516 | Valid Loss: 0.0336, R2: 0.8832, RMSE: 0.1833
2026-02-22 19:57:58,281 - root - INFO - Epoch [1653/10000], Train Loss: 0.0231, R2: 0.9680, RMSE: 0.1521 | Valid Loss: 0.0357, R2: 0.8758, RMSE: 0.1891
2026-02-22 19:57:58,376 - root - INFO - Epoch [1654/10000], Train Loss: 0.0222, R2: 0.9692, RMSE: 0.1491 | Valid Loss: 0.0338, R2: 0.8828, RMSE: 0.1837
2026-02-22 19:57:58,470 - root - INFO - Epoch [1655/10000], Train Loss: 0.0230, R2: 0.9682, RMSE: 0.1516 | Valid Loss: 0.0331, R2: 0.8850, RMSE: 0.1820
2026-02-22 19:57:58,561 - root - INFO - Epoch [1656/10000], Train Loss: 0.0224, R2: 0.9690, RMSE: 0.1497 | Valid Loss: 0.0334, R2: 0.8840, RMSE: 0.1828
2026-02-22 19:57:58,657 - root - INFO - Epoch [1657/10000], Train Loss: 0.0225, R2: 0.9689, RMSE: 0.1499 | Valid Loss: 0.0344, R2: 0.8807, RMSE: 0.1853
2026-02-22 19:57:58,763 - root - INFO - Epoch [1658/10000], Train Loss: 0.0229, R2: 0.9684, RMSE: 0.1512 | Valid Loss: 0.0339, R2: 0.8821, RMSE: 0.1842
2026-02-22 19:57:58,861 - root - INFO - Epoch [1659/10000], Train Loss: 0.0225, R2: 0.9689, RMSE: 0.1501 | Valid Loss: 0.0340, R2: 0.8818, RMSE: 0.1845
2026-02-22 19:57:58,969 - root - INFO - Epoch [1660/10000], Train Loss: 0.0228, R2: 0.9685, RMSE: 0.1509 | Valid Loss: 0.0322, R2: 0.8882, RMSE: 0.1794
2026-02-22 19:57:59,061 - root - INFO - Epoch [1661/10000], Train Loss: 0.0244, R2: 0.9662, RMSE: 0.1563 | Valid Loss: 0.0340, R2: 0.8817, RMSE: 0.1845
2026-02-22 19:57:59,158 - root - INFO - Epoch [1662/10000], Train Loss: 0.0236, R2: 0.9674, RMSE: 0.1536 | Valid Loss: 0.0340, R2: 0.8818, RMSE: 0.1844
2026-02-22 19:57:59,248 - root - INFO - Epoch [1663/10000], Train Loss: 0.0234, R2: 0.9677, RMSE: 0.1529 | Valid Loss: 0.0349, R2: 0.8789, RMSE: 0.1867
2026-02-22 19:57:59,334 - root - INFO - Epoch [1664/10000], Train Loss: 0.0222, R2: 0.9693, RMSE: 0.1489 | Valid Loss: 0.0333, R2: 0.8842, RMSE: 0.1825
2026-02-22 19:57:59,432 - root - INFO - Epoch [1665/10000], Train Loss: 0.0226, R2: 0.9688, RMSE: 0.1503 | Valid Loss: 0.0339, R2: 0.8823, RMSE: 0.1840
2026-02-22 19:57:59,530 - root - INFO - Epoch [1666/10000], Train Loss: 0.0227, R2: 0.9686, RMSE: 0.1508 | Valid Loss: 0.0354, R2: 0.8770, RMSE: 0.1882
2026-02-22 19:57:59,622 - root - INFO - Epoch [1667/10000], Train Loss: 0.0222, R2: 0.9693, RMSE: 0.1491 | Valid Loss: 0.0328, R2: 0.8859, RMSE: 0.1812
2026-02-22 19:57:59,716 - root - INFO - Epoch [1668/10000], Train Loss: 0.0224, R2: 0.9690, RMSE: 0.1498 | Valid Loss: 0.0323, R2: 0.8877, RMSE: 0.1798
2026-02-22 19:57:59,811 - root - INFO - Epoch [1669/10000], Train Loss: 0.0226, R2: 0.9687, RMSE: 0.1504 | Valid Loss: 0.0329, R2: 0.8857, RMSE: 0.1814
2026-02-22 19:57:59,900 - root - INFO - Epoch [1670/10000], Train Loss: 0.0225, R2: 0.9689, RMSE: 0.1500 | Valid Loss: 0.0325, R2: 0.8871, RMSE: 0.1803
2026-02-22 19:57:59,992 - root - INFO - Epoch [1671/10000], Train Loss: 0.0224, R2: 0.9691, RMSE: 0.1496 | Valid Loss: 0.0332, R2: 0.8847, RMSE: 0.1822
2026-02-22 19:58:00,089 - root - INFO - Epoch [1672/10000], Train Loss: 0.0226, R2: 0.9687, RMSE: 0.1504 | Valid Loss: 0.0319, R2: 0.8891, RMSE: 0.1786
2026-02-22 19:58:00,181 - root - INFO - Epoch [1673/10000], Train Loss: 0.0224, R2: 0.9691, RMSE: 0.1496 | Valid Loss: 0.0334, R2: 0.8840, RMSE: 0.1828
2026-02-22 19:58:00,273 - root - INFO - Epoch [1674/10000], Train Loss: 0.0225, R2: 0.9689, RMSE: 0.1499 | Valid Loss: 0.0339, R2: 0.8821, RMSE: 0.1842
2026-02-22 19:58:00,370 - root - INFO - Epoch [1675/10000], Train Loss: 0.0226, R2: 0.9688, RMSE: 0.1502 | Valid Loss: 0.0319, R2: 0.8893, RMSE: 0.1785
2026-02-22 19:58:00,462 - root - INFO - Epoch [1676/10000], Train Loss: 0.0227, R2: 0.9686, RMSE: 0.1508 | Valid Loss: 0.0319, R2: 0.8890, RMSE: 0.1787
2026-02-22 19:58:00,559 - root - INFO - Epoch [1677/10000], Train Loss: 0.0227, R2: 0.9686, RMSE: 0.1506 | Valid Loss: 0.0342, R2: 0.8811, RMSE: 0.1850
2026-02-22 19:58:00,655 - root - INFO - Epoch [1678/10000], Train Loss: 0.0223, R2: 0.9691, RMSE: 0.1494 | Valid Loss: 0.0327, R2: 0.8863, RMSE: 0.1809
2026-02-22 19:58:00,745 - root - INFO - Epoch [1679/10000], Train Loss: 0.0226, R2: 0.9687, RMSE: 0.1503 | Valid Loss: 0.0331, R2: 0.8849, RMSE: 0.1820
2026-02-22 19:58:00,835 - root - INFO - Epoch [1680/10000], Train Loss: 0.0234, R2: 0.9677, RMSE: 0.1528 | Valid Loss: 0.0340, R2: 0.8819, RMSE: 0.1844
2026-02-22 19:58:00,928 - root - INFO - Epoch [1681/10000], Train Loss: 0.0232, R2: 0.9680, RMSE: 0.1522 | Valid Loss: 0.0338, R2: 0.8825, RMSE: 0.1839
2026-02-22 19:58:01,019 - root - INFO - Epoch [1682/10000], Train Loss: 0.0228, R2: 0.9684, RMSE: 0.1511 | Valid Loss: 0.0319, R2: 0.8891, RMSE: 0.1787
2026-02-22 19:58:01,111 - root - INFO - Epoch [1683/10000], Train Loss: 0.0225, R2: 0.9688, RMSE: 0.1501 | Valid Loss: 0.0330, R2: 0.8852, RMSE: 0.1818
2026-02-22 19:58:01,203 - root - INFO - Epoch [1684/10000], Train Loss: 0.0229, R2: 0.9683, RMSE: 0.1514 | Valid Loss: 0.0333, R2: 0.8842, RMSE: 0.1826
2026-02-22 19:58:01,293 - root - INFO - Epoch [1685/10000], Train Loss: 0.0229, R2: 0.9683, RMSE: 0.1514 | Valid Loss: 0.0361, R2: 0.8748, RMSE: 0.1899
2026-02-22 19:58:01,387 - root - INFO - Epoch [1686/10000], Train Loss: 0.0232, R2: 0.9679, RMSE: 0.1523 | Valid Loss: 0.0315, R2: 0.8906, RMSE: 0.1775
2026-02-22 19:58:01,481 - root - INFO - Epoch [1687/10000], Train Loss: 0.0231, R2: 0.9681, RMSE: 0.1519 | Valid Loss: 0.0323, R2: 0.8877, RMSE: 0.1798
2026-02-22 19:58:01,566 - root - INFO - Epoch [1688/10000], Train Loss: 0.0225, R2: 0.9689, RMSE: 0.1499 | Valid Loss: 0.0332, R2: 0.8846, RMSE: 0.1823
2026-02-22 19:58:01,665 - root - INFO - Epoch [1689/10000], Train Loss: 0.0230, R2: 0.9681, RMSE: 0.1518 | Valid Loss: 0.0322, R2: 0.8882, RMSE: 0.1794
2026-02-22 19:58:01,761 - root - INFO - Epoch [1690/10000], Train Loss: 0.0234, R2: 0.9677, RMSE: 0.1528 | Valid Loss: 0.0327, R2: 0.8862, RMSE: 0.1810
2026-02-22 19:58:01,851 - root - INFO - Epoch [1691/10000], Train Loss: 0.0226, R2: 0.9687, RMSE: 0.1503 | Valid Loss: 0.0317, R2: 0.8897, RMSE: 0.1782
2026-02-22 19:58:01,944 - root - INFO - Epoch [1692/10000], Train Loss: 0.0224, R2: 0.9691, RMSE: 0.1495 | Valid Loss: 0.0336, R2: 0.8833, RMSE: 0.1833
2026-02-22 19:58:02,032 - root - INFO - Epoch [1693/10000], Train Loss: 0.0223, R2: 0.9691, RMSE: 0.1494 | Valid Loss: 0.0338, R2: 0.8827, RMSE: 0.1837
2026-02-22 19:58:02,125 - root - INFO - Epoch [1694/10000], Train Loss: 0.0228, R2: 0.9685, RMSE: 0.1510 | Valid Loss: 0.0314, R2: 0.8909, RMSE: 0.1772
2026-02-22 19:58:02,219 - root - INFO - Epoch [1695/10000], Train Loss: 0.0225, R2: 0.9689, RMSE: 0.1500 | Valid Loss: 0.0338, R2: 0.8827, RMSE: 0.1838
2026-02-22 19:58:02,311 - root - INFO - Epoch [1696/10000], Train Loss: 0.0231, R2: 0.9681, RMSE: 0.1519 | Valid Loss: 0.0327, R2: 0.8864, RMSE: 0.1808
2026-02-22 19:58:02,402 - root - INFO - Epoch [1697/10000], Train Loss: 0.0222, R2: 0.9693, RMSE: 0.1491 | Valid Loss: 0.0331, R2: 0.8849, RMSE: 0.1820
2026-02-22 19:58:02,494 - root - INFO - Epoch [1698/10000], Train Loss: 0.0223, R2: 0.9691, RMSE: 0.1494 | Valid Loss: 0.0338, R2: 0.8826, RMSE: 0.1839
2026-02-22 19:58:02,586 - root - INFO - Epoch [1699/10000], Train Loss: 0.0236, R2: 0.9673, RMSE: 0.1537 | Valid Loss: 0.0320, R2: 0.8888, RMSE: 0.1789
2026-02-22 19:58:02,680 - root - INFO - Epoch [1700/10000], Train Loss: 0.0222, R2: 0.9693, RMSE: 0.1491 | Valid Loss: 0.0318, R2: 0.8894, RMSE: 0.1784
2026-02-22 19:58:02,770 - root - INFO - Epoch [1701/10000], Train Loss: 0.0225, R2: 0.9689, RMSE: 0.1499 | Valid Loss: 0.0318, R2: 0.8896, RMSE: 0.1783
2026-02-22 19:58:02,859 - root - INFO - Epoch [1702/10000], Train Loss: 0.0224, R2: 0.9691, RMSE: 0.1495 | Valid Loss: 0.0330, R2: 0.8854, RMSE: 0.1816
2026-02-22 19:58:02,949 - root - INFO - Epoch [1703/10000], Train Loss: 0.0223, R2: 0.9692, RMSE: 0.1492 | Valid Loss: 0.0329, R2: 0.8856, RMSE: 0.1815
2026-02-22 19:58:03,044 - root - INFO - Epoch [1704/10000], Train Loss: 0.0231, R2: 0.9681, RMSE: 0.1519 | Valid Loss: 0.0312, R2: 0.8917, RMSE: 0.1765
2026-02-22 19:58:03,134 - root - INFO - Epoch [1705/10000], Train Loss: 0.0234, R2: 0.9676, RMSE: 0.1530 | Valid Loss: 0.0312, R2: 0.8917, RMSE: 0.1766
2026-02-22 19:58:03,227 - root - INFO - Epoch [1706/10000], Train Loss: 0.0242, R2: 0.9666, RMSE: 0.1555 | Valid Loss: 0.0353, R2: 0.8774, RMSE: 0.1879
2026-02-22 19:58:03,316 - root - INFO - Epoch [1707/10000], Train Loss: 0.0237, R2: 0.9672, RMSE: 0.1540 | Valid Loss: 0.0316, R2: 0.8902, RMSE: 0.1778
2026-02-22 19:58:03,409 - root - INFO - Epoch [1708/10000], Train Loss: 0.0239, R2: 0.9670, RMSE: 0.1545 | Valid Loss: 0.0308, R2: 0.8930, RMSE: 0.1755
2026-02-22 19:58:03,503 - root - INFO - Epoch [1709/10000], Train Loss: 0.0227, R2: 0.9686, RMSE: 0.1508 | Valid Loss: 0.0333, R2: 0.8843, RMSE: 0.1825
2026-02-22 19:58:03,598 - root - INFO - Epoch [1710/10000], Train Loss: 0.0231, R2: 0.9680, RMSE: 0.1520 | Valid Loss: 0.0314, R2: 0.8908, RMSE: 0.1773
2026-02-22 19:58:03,687 - root - INFO - Epoch [1711/10000], Train Loss: 0.0224, R2: 0.9690, RMSE: 0.1497 | Valid Loss: 0.0327, R2: 0.8863, RMSE: 0.1809
2026-02-22 19:58:03,787 - root - INFO - Epoch [1712/10000], Train Loss: 0.0225, R2: 0.9688, RMSE: 0.1501 | Valid Loss: 0.0300, R2: 0.8957, RMSE: 0.1733
2026-02-22 19:58:03,881 - root - INFO - Epoch [1713/10000], Train Loss: 0.0224, R2: 0.9691, RMSE: 0.1495 | Valid Loss: 0.0313, R2: 0.8912, RMSE: 0.1769
2026-02-22 19:58:03,972 - root - INFO - Epoch [1714/10000], Train Loss: 0.0228, R2: 0.9685, RMSE: 0.1509 | Valid Loss: 0.0320, R2: 0.8889, RMSE: 0.1788
2026-02-22 19:58:04,068 - root - INFO - Epoch [1715/10000], Train Loss: 0.0226, R2: 0.9687, RMSE: 0.1504 | Valid Loss: 0.0294, R2: 0.8979, RMSE: 0.1715
2026-02-22 19:58:04,161 - root - INFO - Epoch [1716/10000], Train Loss: 0.0224, R2: 0.9691, RMSE: 0.1495 | Valid Loss: 0.0308, R2: 0.8930, RMSE: 0.1755
2026-02-22 19:58:04,258 - root - INFO - Epoch [1717/10000], Train Loss: 0.0227, R2: 0.9686, RMSE: 0.1506 | Valid Loss: 0.0339, R2: 0.8821, RMSE: 0.1842
2026-02-22 19:58:04,350 - root - INFO - Epoch [1718/10000], Train Loss: 0.0229, R2: 0.9683, RMSE: 0.1515 | Valid Loss: 0.0317, R2: 0.8898, RMSE: 0.1781
2026-02-22 19:58:04,441 - root - INFO - Epoch [1719/10000], Train Loss: 0.0226, R2: 0.9688, RMSE: 0.1502 | Valid Loss: 0.0325, R2: 0.8870, RMSE: 0.1804
2026-02-22 19:58:04,536 - root - INFO - Epoch [1720/10000], Train Loss: 0.0222, R2: 0.9692, RMSE: 0.1491 | Valid Loss: 0.0317, R2: 0.8899, RMSE: 0.1781
2026-02-22 19:58:04,631 - root - INFO - Epoch [1721/10000], Train Loss: 0.0238, R2: 0.9672, RMSE: 0.1541 | Valid Loss: 0.0322, R2: 0.8882, RMSE: 0.1794
2026-02-22 19:58:04,728 - root - INFO - Epoch [1722/10000], Train Loss: 0.0241, R2: 0.9666, RMSE: 0.1553 | Valid Loss: 0.0328, R2: 0.8859, RMSE: 0.1812
2026-02-22 19:58:04,821 - root - INFO - Epoch [1723/10000], Train Loss: 0.0234, R2: 0.9676, RMSE: 0.1530 | Valid Loss: 0.0319, R2: 0.8891, RMSE: 0.1787
2026-02-22 19:58:04,911 - root - INFO - Epoch [1724/10000], Train Loss: 0.0232, R2: 0.9679, RMSE: 0.1524 | Valid Loss: 0.0333, R2: 0.8842, RMSE: 0.1826
2026-02-22 19:58:05,009 - root - INFO - Epoch [1725/10000], Train Loss: 0.0229, R2: 0.9683, RMSE: 0.1513 | Valid Loss: 0.0322, R2: 0.8880, RMSE: 0.1795
2026-02-22 19:58:05,102 - root - INFO - Epoch [1726/10000], Train Loss: 0.0228, R2: 0.9684, RMSE: 0.1511 | Valid Loss: 0.0311, R2: 0.8921, RMSE: 0.1763
2026-02-22 19:58:05,197 - root - INFO - Epoch [1727/10000], Train Loss: 0.0226, R2: 0.9687, RMSE: 0.1505 | Valid Loss: 0.0319, R2: 0.8893, RMSE: 0.1785
2026-02-22 19:58:05,289 - root - INFO - Epoch [1728/10000], Train Loss: 0.0239, R2: 0.9669, RMSE: 0.1547 | Valid Loss: 0.0329, R2: 0.8858, RMSE: 0.1813
2026-02-22 19:58:05,383 - root - INFO - Epoch [1729/10000], Train Loss: 0.0229, R2: 0.9683, RMSE: 0.1514 | Valid Loss: 0.0321, R2: 0.8885, RMSE: 0.1791
2026-02-22 19:58:05,477 - root - INFO - Epoch [1730/10000], Train Loss: 0.0226, R2: 0.9688, RMSE: 0.1503 | Valid Loss: 0.0334, R2: 0.8840, RMSE: 0.1827
2026-02-22 19:58:05,566 - root - INFO - Epoch [1731/10000], Train Loss: 0.0231, R2: 0.9681, RMSE: 0.1519 | Valid Loss: 0.0318, R2: 0.8895, RMSE: 0.1783
2026-02-22 19:58:05,663 - root - INFO - Epoch [1732/10000], Train Loss: 0.0232, R2: 0.9679, RMSE: 0.1524 | Valid Loss: 0.0329, R2: 0.8857, RMSE: 0.1814
2026-02-22 19:58:05,752 - root - INFO - Epoch [1733/10000], Train Loss: 0.0230, R2: 0.9682, RMSE: 0.1516 | Valid Loss: 0.0324, R2: 0.8873, RMSE: 0.1801
2026-02-22 19:58:05,847 - root - INFO - Epoch [1734/10000], Train Loss: 0.0233, R2: 0.9678, RMSE: 0.1527 | Valid Loss: 0.0301, R2: 0.8954, RMSE: 0.1735
2026-02-22 19:58:05,940 - root - INFO - Epoch [1735/10000], Train Loss: 0.0226, R2: 0.9687, RMSE: 0.1503 | Valid Loss: 0.0323, R2: 0.8877, RMSE: 0.1798
2026-02-22 19:58:06,035 - root - INFO - Epoch [1736/10000], Train Loss: 0.0234, R2: 0.9677, RMSE: 0.1529 | Valid Loss: 0.0315, R2: 0.8906, RMSE: 0.1775
2026-02-22 19:58:06,130 - root - INFO - Epoch [1737/10000], Train Loss: 0.0247, R2: 0.9658, RMSE: 0.1572 | Valid Loss: 0.0340, R2: 0.8819, RMSE: 0.1844
2026-02-22 19:58:06,216 - root - INFO - Epoch [1738/10000], Train Loss: 0.0244, R2: 0.9662, RMSE: 0.1563 | Valid Loss: 0.0319, R2: 0.8890, RMSE: 0.1787
2026-02-22 19:58:06,310 - root - INFO - Epoch [1739/10000], Train Loss: 0.0229, R2: 0.9683, RMSE: 0.1515 | Valid Loss: 0.0316, R2: 0.8904, RMSE: 0.1776
2026-02-22 19:58:06,398 - root - INFO - Epoch [1740/10000], Train Loss: 0.0223, R2: 0.9692, RMSE: 0.1493 | Valid Loss: 0.0328, R2: 0.8860, RMSE: 0.1811
2026-02-22 19:58:06,488 - root - INFO - Epoch [1741/10000], Train Loss: 0.0222, R2: 0.9693, RMSE: 0.1491 | Valid Loss: 0.0311, R2: 0.8919, RMSE: 0.1764
2026-02-22 19:58:06,581 - root - INFO - Epoch [1742/10000], Train Loss: 0.0223, R2: 0.9691, RMSE: 0.1494 | Valid Loss: 0.0326, R2: 0.8868, RMSE: 0.1805
2026-02-22 19:58:06,666 - root - INFO - Epoch [1743/10000], Train Loss: 0.0225, R2: 0.9688, RMSE: 0.1501 | Valid Loss: 0.0332, R2: 0.8846, RMSE: 0.1823
2026-02-22 19:58:06,761 - root - INFO - Epoch [1744/10000], Train Loss: 0.0233, R2: 0.9678, RMSE: 0.1526 | Valid Loss: 0.0330, R2: 0.8853, RMSE: 0.1817
2026-02-22 19:58:06,856 - root - INFO - Epoch [1745/10000], Train Loss: 0.0230, R2: 0.9682, RMSE: 0.1516 | Valid Loss: 0.0320, R2: 0.8889, RMSE: 0.1788
2026-02-22 19:58:06,946 - root - INFO - Epoch [1746/10000], Train Loss: 0.0226, R2: 0.9688, RMSE: 0.1502 | Valid Loss: 0.0331, R2: 0.8849, RMSE: 0.1820
2026-02-22 19:58:07,041 - root - INFO - Epoch [1747/10000], Train Loss: 0.0231, R2: 0.9681, RMSE: 0.1519 | Valid Loss: 0.0343, R2: 0.8810, RMSE: 0.1851
2026-02-22 19:58:07,136 - root - INFO - Epoch [1748/10000], Train Loss: 0.0227, R2: 0.9685, RMSE: 0.1508 | Valid Loss: 0.0321, R2: 0.8886, RMSE: 0.1791
2026-02-22 19:58:07,233 - root - INFO - Epoch [1749/10000], Train Loss: 0.0223, R2: 0.9692, RMSE: 0.1493 | Valid Loss: 0.0333, R2: 0.8844, RMSE: 0.1824
2026-02-22 19:58:07,329 - root - INFO - Epoch [1750/10000], Train Loss: 0.0225, R2: 0.9689, RMSE: 0.1499 | Valid Loss: 0.0319, R2: 0.8891, RMSE: 0.1787
2026-02-22 19:58:07,423 - root - INFO - Epoch [1751/10000], Train Loss: 0.0226, R2: 0.9688, RMSE: 0.1502 | Valid Loss: 0.0323, R2: 0.8877, RMSE: 0.1798
2026-02-22 19:58:07,519 - root - INFO - Epoch [1752/10000], Train Loss: 0.0224, R2: 0.9690, RMSE: 0.1497 | Valid Loss: 0.0319, R2: 0.8893, RMSE: 0.1785
2026-02-22 19:58:07,611 - root - INFO - Epoch [1753/10000], Train Loss: 0.0233, R2: 0.9678, RMSE: 0.1527 | Valid Loss: 0.0322, R2: 0.8883, RMSE: 0.1793
2026-02-22 19:58:07,705 - root - INFO - Epoch [1754/10000], Train Loss: 0.0227, R2: 0.9687, RMSE: 0.1505 | Valid Loss: 0.0315, R2: 0.8904, RMSE: 0.1776
2026-02-22 19:58:07,801 - root - INFO - Epoch [1755/10000], Train Loss: 0.0227, R2: 0.9686, RMSE: 0.1507 | Valid Loss: 0.0316, R2: 0.8904, RMSE: 0.1777
2026-02-22 19:58:07,893 - root - INFO - Epoch [1756/10000], Train Loss: 0.0226, R2: 0.9687, RMSE: 0.1504 | Valid Loss: 0.0326, R2: 0.8868, RMSE: 0.1806
2026-02-22 19:58:07,983 - root - INFO - Epoch [1757/10000], Train Loss: 0.0225, R2: 0.9689, RMSE: 0.1500 | Valid Loss: 0.0308, R2: 0.8928, RMSE: 0.1756
2026-02-22 19:58:08,073 - root - INFO - Epoch [1758/10000], Train Loss: 0.0229, R2: 0.9683, RMSE: 0.1514 | Valid Loss: 0.0333, R2: 0.8844, RMSE: 0.1824
2026-02-22 19:58:08,164 - root - INFO - Epoch [1759/10000], Train Loss: 0.0222, R2: 0.9692, RMSE: 0.1491 | Valid Loss: 0.0332, R2: 0.8847, RMSE: 0.1821
2026-02-22 19:58:08,256 - root - INFO - Epoch [1760/10000], Train Loss: 0.0225, R2: 0.9689, RMSE: 0.1500 | Valid Loss: 0.0307, R2: 0.8935, RMSE: 0.1751
2026-02-22 19:58:08,346 - root - INFO - Epoch [1761/10000], Train Loss: 0.0235, R2: 0.9674, RMSE: 0.1534 | Valid Loss: 0.0317, R2: 0.8900, RMSE: 0.1780
2026-02-22 19:58:08,434 - root - INFO - Epoch [1762/10000], Train Loss: 0.0230, R2: 0.9682, RMSE: 0.1518 | Valid Loss: 0.0342, R2: 0.8812, RMSE: 0.1849
2026-02-22 19:58:08,547 - root - INFO - Epoch [1763/10000], Train Loss: 0.0225, R2: 0.9689, RMSE: 0.1499 | Valid Loss: 0.0328, R2: 0.8860, RMSE: 0.1812
2026-02-22 19:58:08,645 - root - INFO - Epoch [1764/10000], Train Loss: 0.0229, R2: 0.9684, RMSE: 0.1512 | Valid Loss: 0.0305, R2: 0.8939, RMSE: 0.1748
2026-02-22 19:58:08,741 - root - INFO - Epoch [1765/10000], Train Loss: 0.0227, R2: 0.9685, RMSE: 0.1508 | Valid Loss: 0.0338, R2: 0.8827, RMSE: 0.1837
2026-02-22 19:58:08,841 - root - INFO - Epoch [1766/10000], Train Loss: 0.0222, R2: 0.9693, RMSE: 0.1490 | Valid Loss: 0.0324, R2: 0.8875, RMSE: 0.1800
2026-02-22 19:58:08,933 - root - INFO - Epoch [1767/10000], Train Loss: 0.0222, R2: 0.9692, RMSE: 0.1491 | Valid Loss: 0.0336, R2: 0.8833, RMSE: 0.1833
2026-02-22 19:58:09,027 - root - INFO - Epoch [1768/10000], Train Loss: 0.0223, R2: 0.9691, RMSE: 0.1494 | Valid Loss: 0.0331, R2: 0.8851, RMSE: 0.1819
2026-02-22 19:58:09,122 - root - INFO - Epoch [1769/10000], Train Loss: 0.0223, R2: 0.9691, RMSE: 0.1494 | Valid Loss: 0.0324, R2: 0.8874, RMSE: 0.1800
2026-02-22 19:58:09,215 - root - INFO - Epoch [1770/10000], Train Loss: 0.0224, R2: 0.9691, RMSE: 0.1496 | Valid Loss: 0.0329, R2: 0.8856, RMSE: 0.1815
2026-02-22 19:58:09,311 - root - INFO - Epoch [1771/10000], Train Loss: 0.0235, R2: 0.9675, RMSE: 0.1532 | Valid Loss: 0.0316, R2: 0.8901, RMSE: 0.1779
2026-02-22 19:58:09,405 - root - INFO - Epoch [1772/10000], Train Loss: 0.0230, R2: 0.9682, RMSE: 0.1517 | Valid Loss: 0.0324, R2: 0.8876, RMSE: 0.1799
2026-02-22 19:58:09,498 - root - INFO - Epoch [1773/10000], Train Loss: 0.0226, R2: 0.9688, RMSE: 0.1502 | Valid Loss: 0.0310, R2: 0.8923, RMSE: 0.1761
2026-02-22 19:58:09,591 - root - INFO - Epoch [1774/10000], Train Loss: 0.0234, R2: 0.9677, RMSE: 0.1529 | Valid Loss: 0.0321, R2: 0.8885, RMSE: 0.1792
2026-02-22 19:58:09,686 - root - INFO - Epoch [1775/10000], Train Loss: 0.0237, R2: 0.9672, RMSE: 0.1540 | Valid Loss: 0.0337, R2: 0.8828, RMSE: 0.1837
2026-02-22 19:58:09,781 - root - INFO - Epoch [1776/10000], Train Loss: 0.0224, R2: 0.9690, RMSE: 0.1498 | Valid Loss: 0.0324, R2: 0.8874, RMSE: 0.1801
2026-02-22 19:58:09,876 - root - INFO - Epoch [1777/10000], Train Loss: 0.0224, R2: 0.9690, RMSE: 0.1496 | Valid Loss: 0.0315, R2: 0.8904, RMSE: 0.1776
2026-02-22 19:58:09,970 - root - INFO - Epoch [1778/10000], Train Loss: 0.0223, R2: 0.9692, RMSE: 0.1492 | Valid Loss: 0.0317, R2: 0.8898, RMSE: 0.1781
2026-02-22 19:58:10,062 - root - INFO - Epoch [1779/10000], Train Loss: 0.0223, R2: 0.9692, RMSE: 0.1492 | Valid Loss: 0.0319, R2: 0.8891, RMSE: 0.1787
2026-02-22 19:58:10,156 - root - INFO - Epoch [1780/10000], Train Loss: 0.0225, R2: 0.9689, RMSE: 0.1499 | Valid Loss: 0.0314, R2: 0.8909, RMSE: 0.1772
2026-02-22 19:58:10,249 - root - INFO - Epoch [1781/10000], Train Loss: 0.0222, R2: 0.9693, RMSE: 0.1489 | Valid Loss: 0.0319, R2: 0.8893, RMSE: 0.1785
2026-02-22 19:58:10,339 - root - INFO - Epoch [1782/10000], Train Loss: 0.0224, R2: 0.9690, RMSE: 0.1496 | Valid Loss: 0.0318, R2: 0.8897, RMSE: 0.1782
2026-02-22 19:58:10,430 - root - INFO - Epoch [1783/10000], Train Loss: 0.0226, R2: 0.9688, RMSE: 0.1502 | Valid Loss: 0.0316, R2: 0.8901, RMSE: 0.1778
2026-02-22 19:58:10,523 - root - INFO - Epoch [1784/10000], Train Loss: 0.0222, R2: 0.9693, RMSE: 0.1489 | Valid Loss: 0.0338, R2: 0.8826, RMSE: 0.1838
2026-02-22 19:58:10,616 - root - INFO - Epoch [1785/10000], Train Loss: 0.0227, R2: 0.9686, RMSE: 0.1507 | Valid Loss: 0.0308, R2: 0.8929, RMSE: 0.1756
2026-02-22 19:58:10,707 - root - INFO - Epoch [1786/10000], Train Loss: 0.0229, R2: 0.9683, RMSE: 0.1513 | Valid Loss: 0.0313, R2: 0.8914, RMSE: 0.1768
2026-02-22 19:58:10,802 - root - INFO - Epoch [1787/10000], Train Loss: 0.0224, R2: 0.9690, RMSE: 0.1497 | Valid Loss: 0.0324, R2: 0.8875, RMSE: 0.1800
2026-02-22 19:58:10,894 - root - INFO - Epoch [1788/10000], Train Loss: 0.0229, R2: 0.9684, RMSE: 0.1512 | Valid Loss: 0.0315, R2: 0.8906, RMSE: 0.1775
2026-02-22 19:58:10,983 - root - INFO - Epoch [1789/10000], Train Loss: 0.0224, R2: 0.9690, RMSE: 0.1498 | Valid Loss: 0.0306, R2: 0.8936, RMSE: 0.1750
2026-02-22 19:58:11,074 - root - INFO - Epoch [1790/10000], Train Loss: 0.0226, R2: 0.9687, RMSE: 0.1504 | Valid Loss: 0.0317, R2: 0.8898, RMSE: 0.1781
2026-02-22 19:58:11,166 - root - INFO - Epoch [1791/10000], Train Loss: 0.0224, R2: 0.9690, RMSE: 0.1498 | Valid Loss: 0.0318, R2: 0.8896, RMSE: 0.1783
2026-02-22 19:58:11,260 - root - INFO - Epoch [1792/10000], Train Loss: 0.0231, R2: 0.9681, RMSE: 0.1520 | Valid Loss: 0.0310, R2: 0.8924, RMSE: 0.1760
2026-02-22 19:58:11,351 - root - INFO - Epoch [1793/10000], Train Loss: 0.0225, R2: 0.9689, RMSE: 0.1500 | Valid Loss: 0.0306, R2: 0.8938, RMSE: 0.1748
2026-02-22 19:58:11,446 - root - INFO - Epoch [1794/10000], Train Loss: 0.0224, R2: 0.9691, RMSE: 0.1496 | Valid Loss: 0.0321, R2: 0.8884, RMSE: 0.1793
2026-02-22 19:58:11,539 - root - INFO - Epoch [1795/10000], Train Loss: 0.0225, R2: 0.9688, RMSE: 0.1501 | Valid Loss: 0.0322, R2: 0.8880, RMSE: 0.1796
2026-02-22 19:58:11,634 - root - INFO - Epoch [1796/10000], Train Loss: 0.0248, R2: 0.9657, RMSE: 0.1575 | Valid Loss: 0.0309, R2: 0.8926, RMSE: 0.1758
2026-02-22 19:58:11,726 - root - INFO - Epoch [1797/10000], Train Loss: 0.0248, R2: 0.9657, RMSE: 0.1574 | Valid Loss: 0.0306, R2: 0.8937, RMSE: 0.1749
2026-02-22 19:58:11,821 - root - INFO - Epoch [1798/10000], Train Loss: 0.0227, R2: 0.9686, RMSE: 0.1506 | Valid Loss: 0.0315, R2: 0.8907, RMSE: 0.1774
2026-02-22 19:58:11,913 - root - INFO - Epoch [1799/10000], Train Loss: 0.0227, R2: 0.9687, RMSE: 0.1505 | Valid Loss: 0.0322, R2: 0.8881, RMSE: 0.1794
2026-02-22 19:58:12,004 - root - INFO - Epoch [1800/10000], Train Loss: 0.0229, R2: 0.9683, RMSE: 0.1514 | Valid Loss: 0.0335, R2: 0.8838, RMSE: 0.1829
2026-02-22 19:58:12,097 - root - INFO - Epoch [1801/10000], Train Loss: 0.0239, R2: 0.9669, RMSE: 0.1547 | Valid Loss: 0.0309, R2: 0.8926, RMSE: 0.1758
2026-02-22 19:58:12,184 - root - INFO - Epoch [1802/10000], Train Loss: 0.0227, R2: 0.9687, RMSE: 0.1505 | Valid Loss: 0.0296, R2: 0.8971, RMSE: 0.1721
2026-02-22 19:58:12,275 - root - INFO - Epoch [1803/10000], Train Loss: 0.0225, R2: 0.9688, RMSE: 0.1501 | Valid Loss: 0.0330, R2: 0.8854, RMSE: 0.1816
2026-02-22 19:58:12,370 - root - INFO - Epoch [1804/10000], Train Loss: 0.0224, R2: 0.9690, RMSE: 0.1497 | Valid Loss: 0.0312, R2: 0.8915, RMSE: 0.1767
2026-02-22 19:58:12,461 - root - INFO - Epoch [1805/10000], Train Loss: 0.0222, R2: 0.9693, RMSE: 0.1489 | Valid Loss: 0.0302, R2: 0.8952, RMSE: 0.1737
2026-02-22 19:58:12,557 - root - INFO - Epoch [1806/10000], Train Loss: 0.0225, R2: 0.9688, RMSE: 0.1501 | Valid Loss: 0.0304, R2: 0.8945, RMSE: 0.1743
2026-02-22 19:58:12,648 - root - INFO - Epoch [1807/10000], Train Loss: 0.0222, R2: 0.9694, RMSE: 0.1489 | Valid Loss: 0.0305, R2: 0.8939, RMSE: 0.1748
2026-02-22 19:58:12,739 - root - INFO - Epoch [1808/10000], Train Loss: 0.0226, R2: 0.9687, RMSE: 0.1504 | Valid Loss: 0.0307, R2: 0.8933, RMSE: 0.1752
2026-02-22 19:58:12,833 - root - INFO - Epoch [1809/10000], Train Loss: 0.0226, R2: 0.9687, RMSE: 0.1504 | Valid Loss: 0.0318, R2: 0.8894, RMSE: 0.1784
2026-02-22 19:58:12,929 - root - INFO - Epoch [1810/10000], Train Loss: 0.0224, R2: 0.9691, RMSE: 0.1496 | Valid Loss: 0.0308, R2: 0.8929, RMSE: 0.1756
2026-02-22 19:58:13,019 - root - INFO - Epoch [1811/10000], Train Loss: 0.0222, R2: 0.9693, RMSE: 0.1491 | Valid Loss: 0.0317, R2: 0.8900, RMSE: 0.1779
2026-02-22 19:58:13,112 - root - INFO - Epoch [1812/10000], Train Loss: 0.0225, R2: 0.9689, RMSE: 0.1500 | Valid Loss: 0.0308, R2: 0.8931, RMSE: 0.1755
2026-02-22 19:58:13,207 - root - INFO - Epoch [1813/10000], Train Loss: 0.0228, R2: 0.9685, RMSE: 0.1509 | Valid Loss: 0.0295, R2: 0.8974, RMSE: 0.1719
2026-02-22 19:58:13,299 - root - INFO - Epoch [1814/10000], Train Loss: 0.0225, R2: 0.9688, RMSE: 0.1501 | Valid Loss: 0.0315, R2: 0.8907, RMSE: 0.1774
2026-02-22 19:58:13,390 - root - INFO - Early stopping triggered at epoch 1815. No improvement for 100 epochs.
2026-02-22 19:58:13,436 - root - INFO - Test Loss: 0.0239, R2 Score: 0.8721, RMSE: 0.1547
