date,code,open,high,low,close,preclose,volume,amount
2019-01-02,sh.603005,16.3300,16.5800,16.1700,16.4200,16.4200,2158286,35309632.0000
2019-01-03,sh.603005,16.6500,17.2500,16.0900,16.0900,16.4200,4524373,75657196.0000
2019-01-04,sh.603005,15.6800,16.6200,15.3000,16.6000,16.0900,4184298,67179353.0000
2019-01-07,sh.603005,16.7800,17.7000,16.5000,17.3000,16.6000,6178915,105638076.0000
2019-01-08,sh.603005,17.1700,17.3800,16.9300,17.0900,17.3000,3401809,58178012.0000
2019-01-09,sh.603005,17.0200,17.5800,16.9600,17.1800,17.0900,5175058,89393353.0000
2019-01-10,sh.603005,16.4000,16.6000,16.2500,16.3200,17.1800,6252159,102838201.0000
2019-01-11,sh.603005,16.2500,16.4100,15.9800,16.3800,16.3200,3011619,48917527.0000
2019-01-14,sh.603005,16.2800,16.4900,16.2000,16.3700,16.3800,1887559,30843601.0000
2019-01-15,sh.603005,16.3500,16.4700,16.0200,16.3600,16.3700,2441346,39663726.0000
2019-01-16,sh.603005,16.3300,16.4900,16.1100,16.1800,16.3600,2200425,35877758.0000
2019-01-17,sh.603005,16.1700,16.1700,15.6500,15.7500,16.1800,2598400,41244552.0000
2019-01-18,sh.603005,15.7700,15.9800,15.6000,15.9400,15.7500,1821148,28810812.0000
2019-01-21,sh.603005,15.8700,16.2100,15.8700,16.0500,15.9400,1746477,28022448.0000
2019-01-22,sh.603005,15.9500,16.0300,15.7600,15.9000,16.0500,1256590,19968576.0000
2019-01-23,sh.603005,15.8500,15.8700,15.6900,15.8100,15.9000,969848,15286246.0000
2019-01-24,sh.603005,15.8100,16.5700,15.7500,16.2600,15.8100,3970526,64734205.0000
2019-01-25,sh.603005,16.3900,16.6400,16.1600,16.2500,16.2600,3650738,60022715.0000
2019-01-28,sh.603005,16.3800,16.4900,15.9000,15.9300,16.2500,2241948,36281110.0000
2019-01-29,sh.603005,15.6400,15.8200,14.9000,15.0400,15.9300,3100821,47055726.0000
2019-01-30,sh.603005,15.0000,15.1400,14.8300,14.9000,15.0400,1276639,19113714.0000
2019-01-31,sh.603005,14.9300,14.9900,14.3500,14.4100,14.9000,1742485,25632322.0000
2019-02-01,sh.603005,14.4000,14.9500,14.3500,14.9000,14.4100,1137400,16809802.0000
2019-02-11,sh.603005,14.9600,15.5000,14.9600,15.4400,14.9000,1643400,25181603.0000
2019-02-12,sh.603005,15.4000,15.7100,15.4000,15.6100,15.4400,1590700,24798901.0000
2019-02-13,sh.603005,15.6200,16.5200,15.6200,16.4300,15.6100,5395959,87791843.0000
2019-02-14,sh.603005,16.3900,16.4000,16.1800,16.2500,16.4300,3225015,52507248.0000
2019-02-15,sh.603005,16.2800,16.6800,16.2800,16.4700,16.2500,3921266,64601334.0000
2019-02-18,sh.603005,16.4000,18.1200,16.3500,18.1200,16.4700,5249617,91287811.0000
2019-02-19,sh.603005,19.7700,19.7700,18.6000,18.9100,18.1200,18237742,350345466.0000
2019-02-20,sh.603005,18.4900,18.7800,18.0800,18.2500,18.9100,8502607,156323874.0000
2019-02-21,sh.603005,18.2000,19.8000,18.2000,18.6800,18.2500,13848653,263796630.0000
2019-02-22,sh.603005,18.7300,19.4200,18.7200,19.1500,18.6800,9053264,172485602.0000
2019-02-25,sh.603005,19.2500,20.5300,19.2500,20.0000,19.1500,12830155,254930527.0000
2019-02-26,sh.603005,19.9200,19.9200,19.2100,19.3100,20.0000,9611812,187604395.0000
2019-02-27,sh.603005,19.3100,19.6000,18.7000,18.9800,19.3100,6447278,123370669.0000
2019-02-28,sh.603005,18.8000,19.3800,18.7500,19.2000,18.9800,4134723,78867356.0000
2019-03-01,sh.603005,19.2600,19.3000,18.7600,18.9700,19.2000,3830023,72441086.0000
2019-03-04,sh.603005,19.2200,19.5300,19.0000,19.1500,18.9700,8672603,167160130.0000
2019-03-05,sh.603005,19.0000,21.0600,18.8100,20.9400,19.1500,14483489,291292866.0000
2019-03-06,sh.603005,20.7400,20.8400,20.0900,20.6800,20.9400,11070876,226196181.0000
2019-03-07,sh.603005,20.6000,21.3000,20.2100,20.8600,20.6800,8944690,185134756.0000
2019-03-08,sh.603005,20.4700,22.8500,20.1600,21.1100,20.8600,14817701,324837678.0000
2019-03-11,sh.603005,22.1800,23.1100,21.6100,22.4300,21.1100,14473545,322961422.0000
2019-03-12,sh.603005,22.5500,24.1900,22.0100,24.0800,22.4300,15590129,355647005.0000
2019-03-13,sh.603005,23.6700,24.4500,22.3800,22.8800,24.0800,13177446,310077180.0000
2019-03-14,sh.603005,22.2600,22.6700,21.2600,21.5400,22.8800,8018202,174983344.0000
2019-03-15,sh.603005,21.7700,22.0000,21.0300,21.3700,21.5400,5886921,127052012.0000
2019-03-18,sh.603005,21.4400,21.6900,20.6000,21.6100,21.3700,5144229,109232191.0000
2019-03-19,sh.603005,21.5500,22.0000,21.2400,21.5400,21.6100,4990310,107823753.0000
2019-03-20,sh.603005,21.5100,21.9900,20.7600,21.9700,21.5400,6567462,140717565.0000
2019-03-21,sh.603005,21.7800,22.7000,21.6500,22.1600,21.9700,8331492,184584459.0000
2019-03-22,sh.603005,22.1900,22.7000,21.8900,22.5600,22.1600,7279748,162851598.0000
2019-03-25,sh.603005,21.9800,22.4600,21.5200,21.6800,22.5600,6522202,143849642.0000
2019-03-26,sh.603005,21.7300,21.9000,20.6300,20.6800,21.6800,5421089,115137569.0000
2019-03-27,sh.603005,20.8100,21.0000,19.7000,20.7100,20.6800,4452664,91423215.0000
2019-03-28,sh.603005,20.6800,21.5400,20.4300,20.6900,20.7100,4563973,96377492.0000
2019-03-29,sh.603005,20.3600,21.3900,20.3600,21.3100,20.6900,4464691,93790134.0000
2019-04-01,sh.603005,21.3400,22.1800,21.2700,21.9500,21.3100,5627183,122812256.0000
2019-04-02,sh.603005,22.2200,22.6600,21.9300,22.0700,21.9500,5803180,129038418.0000
2019-04-03,sh.603005,21.9700,22.2800,21.6900,22.1600,22.0700,3906467,85981875.0000
2019-04-04,sh.603005,22.1600,22.3800,21.8500,22.0000,22.1600,4210739,92894752.0000
2019-04-08,sh.603005,22.0600,22.0900,21.0900,21.2600,22.0000,5582786,119946851.0000
2019-04-09,sh.603005,21.2500,21.6600,20.9000,21.3400,21.2600,3339828,71269889.0000
2019-04-10,sh.603005,21.2900,21.3000,20.9000,20.9800,21.3400,3309726,69635958.0000
2019-04-11,sh.603005,21.2500,21.2700,20.7000,20.7900,20.9800,2737436,57385318.0000
2019-04-12,sh.603005,20.7000,20.8800,20.5000,20.7100,20.7900,2423045,50047663.0000
2019-04-15,sh.603005,21.1000,21.2800,20.3000,20.3000,20.6400,3056732,63497530.0000
2019-04-16,sh.603005,20.1100,20.8600,19.7900,20.8100,20.3000,3894000,78896738.0000
2019-04-17,sh.603005,20.8000,21.3400,20.7000,20.8700,20.8100,3675700,77351073.0000
2019-04-18,sh.603005,20.8700,20.8700,20.4100,20.5800,20.8700,2443800,50507674.0000
2019-04-19,sh.603005,20.5800,20.7600,20.4400,20.7300,20.5800,2284307,47107234.0000
2019-04-22,sh.603005,20.7000,21.1300,20.6000,20.8700,20.7300,3077100,64265816.0000
2019-04-23,sh.603005,20.7000,20.9400,20.0200,20.0800,20.8700,2326141,47253058.0000
2019-04-24,sh.603005,20.0200,20.7300,19.8800,20.7100,20.0800,2829738,57719133.0000
2019-04-25,sh.603005,20.6500,20.6700,19.7500,19.7500,20.7100,3586292,72178660.0000
2019-04-26,sh.603005,19.7800,20.1700,19.5800,19.7900,19.7500,2117999,42122924.0000
2019-04-29,sh.603005,19.9000,19.9600,18.7000,18.8000,19.7900,2942223,56060189.0000
2019-04-30,sh.603005,17.8800,18.2600,17.6600,17.9400,18.8000,3840213,69018103.0000
2019-05-06,sh.603005,17.2000,17.7000,16.1500,16.1700,17.9400,3922293,65605866.0000
2019-05-07,sh.603005,16.0800,16.4800,16.0000,16.3100,16.1700,2220001,36200300.0000
2019-05-08,sh.603005,16.0000,16.8700,15.8100,16.5100,16.3100,2760560,45512259.0000
2019-05-09,sh.603005,16.9900,18.1600,16.9900,18.1300,16.5100,8682659,155012056.0000
2019-05-10,sh.603005,17.5800,19.3600,17.3400,18.6000,18.1300,9370797,170900905.0000
2019-05-13,sh.603005,18.1600,18.5000,17.7800,17.8900,18.6000,4551747,82579668.0000
2019-05-14,sh.603005,17.6500,18.1700,17.4900,17.5400,17.8900,2818002,50037701.0000
2019-05-15,sh.603005,17.7400,18.0200,17.5700,17.7300,17.5400,2679642,47494984.0000
2019-05-16,sh.603005,17.8700,17.9300,17.5800,17.8200,17.7300,2716300,48144081.0000
2019-05-17,sh.603005,18.1000,18.4800,17.5800,17.6700,17.8200,4799831,86859320.0000
2019-05-20,sh.603005,18.0000,19.2700,17.7800,18.8400,17.6700,6356343,118466425.0000
2019-05-21,sh.603005,18.4600,18.4900,17.8600,18.3200,18.8400,6772525,123153168.0000
2019-05-22,sh.603005,18.2900,18.6000,18.1100,18.4900,18.3200,4184040,76895618.0000
2019-05-23,sh.603005,18.7100,19.5200,18.4500,19.1200,18.4900,9732517,184055872.0000
2019-05-24,sh.603005,18.6000,18.8300,17.6300,17.9000,19.1200,5618497,102384609.0000
2019-05-27,sh.603005,17.7900,19.1800,17.5200,18.9500,17.9000,6901932,128722599.0000
2019-05-28,sh.603005,18.8500,19.2600,18.6400,18.7300,18.9500,6320315,119477268.0000
2019-05-29,sh.603005,18.7000,19.7800,18.4500,19.2800,18.7300,7230842,138794261.0000
2019-05-30,sh.603005,19.0200,19.0900,18.4200,18.7800,19.2800,4563779,85161313.0000
2019-05-31,sh.603005,18.7000,19.2600,18.6300,18.8400,18.7800,4026701,76358574.0000
2019-06-03,sh.603005,18.9500,19.1000,18.2500,18.3800,18.8400,3270384,60546503.0000
2019-06-04,sh.603005,18.3800,18.6800,17.7000,17.9300,18.3800,3534420,64385199.0000
2019-06-05,sh.603005,18.1300,18.3900,17.8000,18.0000,17.9300,2593900,47008701.0000
2019-06-06,sh.603005,18.0100,18.0200,17.4200,17.4200,18.0000,2701075,47636657.0000
2019-06-10,sh.603005,17.5300,17.9400,17.1000,17.5700,17.4200,2113500,37275900.0000
2019-06-11,sh.603005,17.5500,18.2700,17.3100,18.2300,17.5700,3434501,61537926.0000
2019-06-12,sh.603005,18.1800,19.7800,18.1000,19.2400,18.2300,8415801,160276421.0000
2019-06-13,sh.603005,19.1700,19.3000,18.6600,18.9400,19.2400,5428447,102704636.0000
2019-06-14,sh.603005,18.9700,18.9800,18.1300,18.1700,18.9400,3545675,65747127.0000
2019-06-17,sh.603005,18.2000,18.4700,18.0400,18.2000,18.1700,1949000,35559020.0000
2019-06-18,sh.603005,18.3700,18.3700,18.0000,18.0600,18.2000,1833101,33240450.0000
2019-06-19,sh.603005,18.5000,18.9300,18.3800,18.6200,18.0600,4246075,79384353.0000
2019-06-20,sh.603005,18.5400,19.0000,18.5000,18.7500,18.6200,3825740,71780463.0000
2019-06-21,sh.603005,18.9000,19.2500,18.7800,18.9500,18.7500,4481300,85287165.0000
2019-06-24,sh.603005,18.9500,19.0500,18.6100,18.8800,18.9500,2503400,47036547.0000
2019-06-25,sh.603005,18.9000,18.9000,18.2900,18.4500,18.8800,2710521,50184106.0000
2019-06-26,sh.603005,18.3200,18.6300,18.2700,18.3300,18.4500,1739100,32080190.0000
2019-06-27,sh.603005,18.3300,18.9700,18.3300,18.9200,18.3300,3744447,70356759.0000
2019-06-28,sh.603005,18.9000,18.9800,18.3500,18.6800,18.9200,2977400,55350399.0000
2019-07-01,sh.603005,19.0000,19.5000,18.8800,19.3700,18.6800,5934204,114210053.0000
2019-07-02,sh.603005,19.5000,19.5000,19.0700,19.1800,19.3700,3427300,65860127.0000
2019-07-03,sh.603005,19.1500,19.1500,18.8500,18.8700,19.1800,2279500,43185078.0000
2019-07-04,sh.603005,18.8900,19.5900,18.7200,19.2400,18.8700,3569100,68200160.0000
2019-07-05,sh.603005,19.2000,20.5000,19.1000,19.8000,19.2400,9032645,179677694.0000
2019-07-08,sh.603005,19.6000,20.3300,19.4000,19.4000,19.8000,8578577,170020213.0000
2019-07-09,sh.603005,19.6400,20.4500,19.4600,20.3400,19.4000,9683683,194121903.0000
2019-07-10,sh.603005,20.0800,20.9100,19.9200,20.5000,20.3400,9357807,191267265.0000
2019-07-11,sh.603005,20.5900,20.5900,19.7200,19.9400,20.5000,6569831,132123000.0000
2019-07-12,sh.603005,19.8300,20.0900,19.6000,19.6100,19.9400,4755701,94140877.0000
2019-07-15,sh.603005,19.6000,19.6000,18.8000,19.3500,19.6100,5032430,96636003.0000
2019-07-16,sh.603005,19.3000,19.5700,19.1000,19.1700,19.3500,3790082,73233116.0000
2019-07-17,sh.603005,18.3000,18.5400,17.7600,18.2300,19.1700,8148466,148207758.0000
2019-07-18,sh.603005,18.0000,18.1400,17.3400,17.5000,18.2300,5881171,104150333.0000
2019-07-19,sh.603005,17.4900,17.7500,17.4900,17.5300,17.5000,2955400,52039186.0000
2019-07-22,sh.603005,17.6800,17.7900,16.9800,17.0200,17.5300,2752966,47385033.0000
2019-07-23,sh.603005,17.0500,17.4400,16.9500,17.3300,17.0200,2245915,38752860.0000
2019-07-24,sh.603005,17.4400,17.7400,17.3500,17.6900,17.3300,3188948,56225310.0000
2019-07-25,sh.603005,17.7800,17.9700,17.6100,17.7700,17.6900,2614900,46484582.0000
2019-07-26,sh.603005,17.8700,18.3100,17.7300,17.8500,17.7700,2783501,50124075.0000
2019-07-29,sh.603005,17.8500,18.3900,17.7500,18.2100,17.8500,3333800,60596797.0000
2019-07-30,sh.603005,18.1400,18.1400,17.9200,17.9600,18.2100,2464700,44395541.0000
2019-07-31,sh.603005,17.9700,18.1700,17.9200,17.9400,17.9600,2313813,41738568.0000
2019-08-01,sh.603005,17.8600,18.0100,17.6600,17.8900,17.9400,1881313,33504385.0000
2019-08-02,sh.603005,17.4900,17.5700,17.2900,17.3800,17.8900,2322270,40424078.0000
2019-08-05,sh.603005,17.3500,17.7600,17.2800,17.3500,17.3800,1768449,31022400.0000
2019-08-06,sh.603005,16.8000,16.9900,16.2200,16.7700,17.3500,2657638,44307023.0000
2019-08-07,sh.603005,16.8100,17.1000,16.7000,16.8100,16.7700,1713300,28889417.0000
2019-08-08,sh.603005,16.9700,17.2800,16.8000,16.9700,16.8100,2243737,38142783.0000
2019-08-09,sh.603005,17.1600,17.1600,16.6100,16.6800,16.9700,2095938,35357556.0000
2019-08-12,sh.603005,16.6900,17.1700,16.5000,17.1500,16.6800,2178183,36821788.0000
2019-08-13,sh.603005,16.9000,17.0800,16.8100,17.0400,17.1500,1615910,27421394.0000
2019-08-14,sh.603005,17.3000,17.5600,17.1600,17.2300,17.0400,2353599,40902761.0000
2019-08-15,sh.603005,16.8000,17.7200,16.6500,17.7200,17.2300,3070906,53097268.0000
2019-08-16,sh.603005,17.7900,17.7900,17.4800,17.5600,17.7200,2853299,50321049.0000
2019-08-19,sh.603005,17.7300,18.1500,17.5600,18.0800,17.5600,3877417,69583723.0000
2019-08-20,sh.603005,18.0100,18.3500,17.9100,17.9900,18.0800,3131526,56801882.0000
2019-08-21,sh.603005,17.9300,18.2000,17.8000,17.9300,17.9900,2997986,53981522.0000
2019-08-22,sh.603005,18.0500,18.5000,18.0000,18.0900,17.9300,3776026,68768405.0000
2019-08-23,sh.603005,18.0900,18.1500,17.6800,17.7900,18.0900,2944539,52685901.0000
2019-08-26,sh.603005,17.5000,18.4100,17.4100,18.2000,17.7900,4103169,74101927.0000
2019-08-27,sh.603005,18.2600,18.6000,18.1100,18.3800,18.2000,4370700,80266629.0000
2019-08-28,sh.603005,18.3000,18.9600,18.2200,18.7900,18.3800,6285500,117141933.0000
2019-08-29,sh.603005,18.6900,18.7700,18.4300,18.5400,18.7900,4565300,84731724.0000
2019-08-30,sh.603005,18.6800,18.9400,18.3000,18.4600,18.5400,5116073,95464007.0000
2019-09-02,sh.603005,18.3300,18.9700,18.2900,18.8800,18.4600,4593434,85829206.0000
2019-09-03,sh.603005,18.9600,19.4200,18.8500,19.1900,18.8800,5026903,96170580.0000
2019-09-04,sh.603005,19.1400,19.9800,19.0200,19.6400,19.1900,7146993,140260591.0000
2019-09-05,sh.603005,19.7000,20.4500,19.7000,19.9800,19.6400,8586240,173257793.0000
2019-09-06,sh.603005,19.9900,20.8600,19.9000,20.7000,19.9800,9260045,189791323.0000
2019-09-09,sh.603005,20.8300,22.4900,20.5700,22.2500,20.7000,14528495,311933745.0000
2019-09-10,sh.603005,22.3000,24.4800,22.3000,24.4800,22.2500,24594303,585198838.0000
2019-09-11,sh.603005,24.3700,24.3900,22.9000,23.0700,24.4800,16160941,380821549.0000
2019-09-12,sh.603005,23.3300,24.2400,23.2900,23.7300,23.0700,11667950,277775766.0000
2019-09-16,sh.603005,23.6700,24.4500,22.9700,24.0900,23.7300,9493541,225518378.0000
2019-09-17,sh.603005,23.6700,24.0000,22.3900,22.6200,24.0900,11774404,271302083.0000
2019-09-18,sh.603005,23.0000,23.1300,22.1800,22.6200,22.6200,8743566,198487231.0000
2019-09-19,sh.603005,22.9300,24.8700,22.7500,24.1600,22.6200,14018909,335999228.0000
2019-09-20,sh.603005,24.3900,25.9900,24.3500,25.0900,24.1600,15215261,384109864.0000
2019-09-23,sh.603005,25.3000,25.5000,24.0900,24.6000,25.0900,11545431,285165230.0000
2019-09-24,sh.603005,24.5100,24.9500,23.6600,23.9300,24.6000,13533999,327364563.0000
2019-09-25,sh.603005,23.7800,23.9800,22.7400,23.0000,23.9300,10155444,235297582.0000
2019-09-26,sh.603005,23.1400,23.3000,21.7800,21.9400,23.0000,8367225,187334888.0000
2019-09-27,sh.603005,22.1600,22.6100,21.7000,22.2000,21.9400,6926444,153944596.0000
2019-09-30,sh.603005,22.2200,22.4400,21.3500,21.5800,22.2000,5351606,116608734.0000
2019-10-08,sh.603005,21.7300,21.9500,20.8800,21.0500,21.5800,5329788,113610577.0000
2019-10-09,sh.603005,21.0600,21.4700,20.6000,21.2600,21.0500,4787300,101380318.0000
2019-10-10,sh.603005,21.2800,21.5600,21.0000,21.4100,21.2600,5256931,112072627.0000
2019-10-11,sh.603005,21.4500,21.6000,20.8500,21.0400,21.4100,4893483,103595727.0000
2019-10-14,sh.603005,21.3000,21.9500,21.1600,21.5500,21.0400,6770519,145812830.0000
2019-10-15,sh.603005,21.5900,21.5900,20.5400,20.6800,21.5500,5077361,106199081.0000
2019-10-16,sh.603005,20.6800,20.9600,20.4000,20.5100,20.6800,3441288,71238246.0000
2019-10-17,sh.603005,20.5700,20.8700,20.3000,20.6100,20.5100,3120128,64175637.0000
2019-10-18,sh.603005,20.6200,20.8300,20.0500,20.1000,20.6100,3925327,80081696.0000
2019-10-21,sh.603005,20.1100,20.4000,19.7500,20.3300,20.1000,3381516,68237055.0000
2019-10-22,sh.603005,20.5400,20.7200,20.1500,20.6200,20.3300,3448029,70666615.0000
2019-10-23,sh.603005,20.5800,20.6800,20.2200,20.2900,20.6200,2665030,54456826.0000
2019-10-24,sh.603005,20.2000,20.6500,20.1700,20.6000,20.2900,3506800,71722613.0000
2019-10-25,sh.603005,20.5700,21.9000,20.3600,21.6900,20.6000,9090927,193158501.0000
2019-10-28,sh.603005,21.7500,23.3600,21.7500,23.0300,21.6900,11165943,255386666.0000
2019-10-29,sh.603005,22.8000,22.8800,22.0700,22.3100,23.0300,8231610,184337175.0000
2019-10-30,sh.603005,22.0000,22.6500,21.9300,22.2000,22.3100,5178146,115705602.0000
2019-10-31,sh.603005,22.3600,22.8500,21.8900,22.0200,22.2000,5646923,126591702.0000
2019-11-01,sh.603005,21.9300,22.7400,21.7000,22.5800,22.0200,5821290,130831947.0000
2019-11-04,sh.603005,22.5000,23.3000,22.5000,22.6600,22.5800,5878771,134676233.0000
2019-11-05,sh.603005,22.9000,23.3100,22.5000,22.8500,22.6600,6496308,149103450.0000
2019-11-06,sh.603005,23.2600,23.8500,22.7300,22.8300,22.8500,8353090,194409852.0000
2019-11-07,sh.603005,22.6600,23.1500,22.5000,22.6200,22.8300,5468766,124522197.0000
2019-11-08,sh.603005,22.9200,23.1900,22.7000,22.7200,22.6200,4175461,95625763.0000
2019-11-11,sh.603005,22.3000,22.5400,21.9100,21.9800,22.7200,4282239,94753276.0000
2019-11-12,sh.603005,22.0100,22.7500,21.7600,22.7500,21.9800,4232001,93890083.0000
2019-11-13,sh.603005,22.6100,23.7700,22.2400,23.5900,22.7500,8943887,208282918.0000
2019-11-14,sh.603005,23.5100,25.9500,23.3300,25.5200,23.5900,17561244,439174095.0000
2019-11-15,sh.603005,25.4700,25.8800,25.0100,25.0300,25.5200,9890549,250538870.0000
2019-11-18,sh.603005,24.9700,26.9000,24.8900,25.2100,25.0300,13096919,336157441.0000
2019-11-19,sh.603005,24.9200,25.6500,24.5300,25.4900,25.2100,8894834,224419817.0000
2019-11-20,sh.603005,25.5000,25.9400,25.0600,25.3200,25.4900,6896843,175191087.0000
2019-11-21,sh.603005,25.1300,26.5800,24.9200,25.9300,25.3200,9383447,243605699.0000
2019-11-22,sh.603005,25.6400,26.2000,24.7200,24.8200,25.9300,9366194,237905251.0000
2019-11-25,sh.603005,24.9700,25.0600,22.9000,23.3000,24.8200,9132924,215583469.0000
2019-11-26,sh.603005,23.4600,24.8800,23.4600,23.8000,23.3000,7819200,188858763.0000
2019-11-27,sh.603005,24.1600,26.1800,24.1600,26.1800,23.8000,10107330,260251345.0000
2019-11-28,sh.603005,27.5600,28.8000,27.0500,28.0400,26.1800,24863885,697390621.0000
2019-11-29,sh.603005,27.9900,30.8400,27.9900,30.0000,28.0400,29469532,883594674.0000
2019-12-02,sh.603005,29.4900,30.5000,28.3200,29.6300,30.0000,24034354,709065550.0000
2019-12-03,sh.603005,29.2200,29.6100,28.2800,29.4000,29.6300,18322368,529309387.0000
2019-12-04,sh.603005,29.1200,30.2800,28.6000,28.9600,29.4000,16049565,471413744.0000
2019-12-05,sh.603005,29.1000,31.8600,28.9600,31.4200,28.9600,22342714,689862091.0000
2019-12-06,sh.603005,31.0000,32.0900,30.6200,31.4200,31.4200,17824280,558185366.0000
2019-12-09,sh.603005,32.0000,34.3300,31.2100,31.8200,31.4200,21310897,697374919.0000
2019-12-10,sh.603005,31.9700,35.0000,31.9700,35.0000,31.8200,19054757,641806609.0000
2019-12-11,sh.603005,36.6800,38.5000,36.2200,38.5000,35.0000,23782295,893681998.0000
2019-12-12,sh.603005,40.3500,42.3500,40.3500,42.3500,38.5000,9127142,380611678.0000
2019-12-13,sh.603005,45.3000,46.5800,40.7100,42.9000,42.3500,43629095,1905416042.0000
2019-12-16,sh.603005,42.8300,47.1900,42.8300,47.1900,42.9000,37223500,1717892422.0000
2019-12-17,sh.603005,47.4800,48.8700,44.5500,46.5700,47.1900,37238271,1722775644.0000
2019-12-18,sh.603005,45.7500,48.4800,44.9000,46.5300,46.5700,27757850,1295967101.0000
2019-12-19,sh.603005,44.9000,45.3000,43.2000,43.8200,46.5300,25364680,1114101486.0000
2019-12-20,sh.603005,43.7200,46.7200,42.5000,45.2500,43.8200,27818755,1237886654.0000
2019-12-23,sh.603005,42.0000,43.6000,40.7300,40.7300,45.2500,22298455,928376453.0000
2019-12-24,sh.603005,40.7100,42.3800,40.2000,41.9000,40.7300,16508462,683541360.0000
2019-12-25,sh.603005,41.9100,45.6000,41.4900,43.7900,41.9000,22790655,996964052.0000
2019-12-26,sh.603005,43.8000,45.5000,42.3300,43.5500,43.7900,19315990,843793629.0000
2019-12-27,sh.603005,43.4500,45.4800,41.8000,42.2000,43.5500,20221379,882654907.0000
2019-12-30,sh.603005,40.0800,41.0000,37.9800,39.3700,42.2000,20111345,793067344.0000
2019-12-31,sh.603005,39.9300,40.4800,38.6100,39.3800,39.3700,13620896,536844722.0000
2020-01-02,sh.603005,40.5000,43.3200,39.6000,43.3200,39.3800,19538803,819958374.0000
2020-01-03,sh.603005,45.2000,47.6500,44.2300,45.8700,43.3200,36392786,1676572331.0000
2020-01-06,sh.603005,46.0400,50.4600,46.0400,50.4600,45.8700,24631956,1217844189.0000
2020-01-07,sh.603005,54.0000,55.5100,53.0500,55.5100,50.4600,13419921,739826051.0000
2020-01-08,sh.603005,55.7000,56.1000,49.9600,51.0000,55.5100,33112998,1718855754.0000
2020-01-09,sh.603005,51.5000,52.2800,49.4500,50.8500,51.0000,21726415,1103466230.0000
2020-01-10,sh.603005,50.5000,55.1100,50.5000,51.9000,50.8500,25732475,1362383712.0000
2020-01-13,sh.603005,49.7000,55.3800,49.5000,54.7000,51.9000,24316266,1298979877.0000
2020-01-14,sh.603005,54.5300,60.1700,53.7000,60.1700,54.7000,26919932,1562401746.0000
2020-01-15,sh.603005,59.4600,63.5000,57.5800,62.4000,60.1700,24450139,1468583985.0000
2020-01-16,sh.603005,61.0000,68.4600,60.7900,61.9000,62.4000,25930526,1673227922.0000
2020-01-17,sh.603005,63.0000,65.8000,61.6600,65.6900,61.9000,23258528,1490241208.0000
2020-01-20,sh.603005,64.0000,72.2600,63.6900,72.2600,65.6900,22040068,1522943694.0000
2020-01-21,sh.603005,72.1300,79.2000,71.1300,77.2500,72.2600,23182916,1735678323.0000
2020-01-22,sh.603005,75.0000,84.9800,74.1000,84.9800,77.2500,17943697,1456874415.0000
2020-01-23,sh.603005,80.9300,88.4500,76.6000,80.9000,84.9800,26950945,2225834900.0000
2020-02-03,sh.603005,72.8100,72.8100,72.8100,72.8100,80.9000,1055900,76880079.0000
2020-02-04,sh.603005,68.0000,79.0000,68.0000,73.9700,72.8100,27450569,2036052420.0000
2020-02-05,sh.603005,73.9700,81.3700,72.6800,81.3700,73.9700,27856376,2139332118.0000
2020-02-06,sh.603005,79.8900,88.2000,79.0300,84.3500,81.3700,23866480,2023588013.0000
2020-02-07,sh.603005,83.5000,87.0000,81.0000,85.6600,84.3500,19564560,1658601178.0000
2020-02-10,sh.603005,84.5000,86.7000,77.0900,78.4000,85.6600,23942562,1941593026.0000
2020-02-11,sh.603005,78.0000,86.2400,77.1200,86.2400,78.4000,23475483,1951916357.0000
2020-02-12,sh.603005,86.6700,89.6600,81.0000,86.8800,86.2400,25789222,2212430735.0000
2020-02-13,sh.603005,85.0000,95.5000,84.7000,90.8000,86.8800,26174789,2362048823.0000
2020-02-14,sh.603005,89.9800,97.8800,89.8000,95.0000,90.8000,22802398,2164480514.0000
2020-02-17,sh.603005,95.0000,104.5000,95.0000,104.5000,95.0000,21193000,2136659417.0000
2020-02-18,sh.603005,108.0000,114.9500,108.0000,114.9500,104.5000,19365385,2175857937.0000
2020-02-19,sh.603005,112.4000,118.8000,105.0000,110.8100,114.9500,25385465,2858168573.0000
2020-02-20,sh.603005,110.6700,121.6000,105.3000,116.9900,110.8100,22973426,2591280875.0000
2020-02-21,sh.603005,116.9800,128.6900,114.9200,128.6900,116.9900,20316393,2509704633.0000
2020-02-24,sh.603005,133.0000,138.5400,126.0000,135.7000,128.6900,23774759,3168176053.0000
2020-02-25,sh.603005,131.0000,137.0000,122.5000,132.0000,135.7000,25026641,3281388930.0000
2020-02-26,sh.603005,129.2600,129.2600,118.8000,118.8000,132.0000,20305162,2469247913.0000
2020-02-27,sh.603005,117.0000,119.8800,106.9200,106.9200,118.8000,26671545,2917157019.0000
2020-02-28,sh.603005,97.9600,116.7700,97.9600,110.5000,106.9200,34146291,3588293043.0000
2020-03-02,sh.603005,115.1200,116.0000,107.6600,110.0000,110.5000,22933000,2578040218.0000
2020-03-03,sh.603005,109.5500,116.2000,106.8900,107.9500,110.0000,24136643,2677107238.0000
2020-03-04,sh.603005,103.6600,104.7000,97.2200,100.2700,107.9500,23860345,2408530247.0000
2020-03-05,sh.603005,101.9600,110.3000,95.8600,109.9800,100.2700,31823099,3286819433.0000
2020-03-06,sh.603005,105.3000,108.2500,101.7200,102.3800,109.9800,20280322,2132649228.0000
2020-03-09,sh.603005,99.1100,106.5000,98.0100,100.0100,102.3800,19831845,2029246805.0000
2020-03-10,sh.603005,105.0000,110.0100,103.0100,110.0100,100.0100,29073649,3152368362.0000
2020-03-11,sh.603005,115.0000,115.7900,102.0100,103.0000,110.0100,32831430,3621551114.0000
2020-03-12,sh.603005,96.7400,103.3300,96.7000,100.0800,103.0000,20961263,2075809487.0000
2020-03-13,sh.603005,96.5000,104.4500,93.5100,100.5000,100.0800,19508831,1951121430.0000
2020-03-16,sh.603005,100.4800,100.4800,90.4500,90.4500,100.5000,20013594,1894111258.0000
2020-03-17,sh.603005,93.0000,94.0000,87.6100,91.8900,90.4500,15531098,1414435361.0000
2020-03-18,sh.603005,93.0000,94.8800,85.9100,86.8000,91.8900,18307734,1663090424.0000
2020-03-19,sh.603005,87.7100,92.4800,85.9400,91.4900,86.8000,18911770,1687733151.0000
2020-03-20,sh.603005,93.0000,93.4800,85.3600,88.2700,91.4900,16595627,1470454898.0000
2020-03-23,sh.603005,85.6800,89.8900,83.3800,85.0000,88.2700,14843332,1283507217.0000
2020-03-24,sh.603005,87.5200,90.6900,82.0000,89.6900,85.0000,18151334,1568766643.0000
2020-03-25,sh.603005,92.0400,92.2000,87.5000,88.8000,89.6900,18360881,1650644635.0000
2020-03-26,sh.603005,86.0400,88.5800,85.0000,85.2300,88.8000,12384424,1066356740.0000
2020-03-27,sh.603005,86.3000,91.1000,85.4100,87.8100,85.2300,19247034,1695015561.0000
2020-03-30,sh.603005,84.1700,91.5100,82.0100,90.8000,87.8100,18702647,1638141015.0000
2020-03-31,sh.603005,91.8900,94.2800,88.9100,90.0600,90.8000,15092055,1380168597.0000
2020-04-01,sh.603005,88.4000,94.9900,88.4000,91.9900,90.0600,17496778,1622322601.0000
2020-04-02,sh.603005,91.2500,101.0200,90.4500,100.3000,91.9900,21179648,2028691681.0000
2020-04-03,sh.603005,98.2700,98.8800,95.1400,96.0200,100.3000,17466528,1691669003.0000
2020-04-07,sh.603005,98.5000,98.9500,96.5000,96.9600,96.0200,12654392,1232071017.0000
2020-04-08,sh.603005,95.7500,98.4900,95.0500,95.6300,96.9600,10759945,1037066966.0000
2020-04-09,sh.603005,96.4000,96.4000,92.8000,93.2400,95.6300,10130921,951989894.0000
2020-04-10,sh.603005,93.0000,93.2200,85.0000,85.1100,93.2400,14583837,1285704965.0000
2020-04-13,sh.603005,83.0000,83.0100,78.6000,80.0100,85.1100,12606381,1017247401.0000
2020-04-14,sh.603005,81.0000,82.7900,80.0000,82.5900,80.0100,9550675,776109386.0000
2020-04-15,sh.603005,82.0000,86.0000,81.5800,82.8200,82.5900,12026486,1007925277.0000
2020-04-16,sh.603005,81.0000,83.6800,80.1100,82.7900,82.8200,7935112,652035876.0000
2020-04-17,sh.603005,84.8000,87.8500,83.7100,84.0700,82.7900,14179372,1215595514.0000
2020-04-20,sh.603005,84.0000,87.5000,83.1300,85.8200,84.0700,10932190,932928226.0000
2020-04-21,sh.603005,84.4000,84.8000,81.1800,82.7900,85.8200,10752351,887952997.0000
2020-04-22,sh.603005,81.6200,84.0700,81.6000,83.6200,82.7900,7056375,587559729.0000
2020-04-23,sh.603005,83.6200,87.8500,82.2400,84.7000,83.6200,12502283,1066364546.0000
2020-04-24,sh.603005,84.4800,85.6000,80.7800,82.2800,84.7000,8456656,700827572.0000
2020-04-27,sh.603005,82.3400,84.3500,79.0100,83.6600,82.2800,8416144,695552434.0000
2020-04-28,sh.603005,85.0000,92.0300,84.3800,92.0300,83.6600,16686235,1475981141.0000
2020-04-29,sh.603005,94.0000,99.8800,93.0200,95.0000,92.0300,24354843,2344027567.0000
2020-04-30,sh.603005,97.4400,104.0000,95.9500,101.4900,95.0000,22330180,2236296642.0000
2020-05-06,sh.603005,98.0000,104.9500,94.8800,103.2800,101.4900,23127852,2315525476.0000
2020-05-07,sh.603005,102.9700,106.5400,101.5000,102.8500,103.2800,15650698,1618047761.0000
2020-05-08,sh.603005,103.0200,109.8900,103.0200,106.2700,102.8500,15993050,1702949797.0000
2020-05-11,sh.603005,107.2200,107.3800,101.6600,102.9900,106.2700,13828133,1437911025.0000
2020-05-12,sh.603005,102.6000,105.3900,99.0600,104.6100,102.9900,11693679,1192518318.0000
2020-05-13,sh.603005,104.5000,104.9600,100.7800,102.2400,104.6100,10270181,1051460208.0000
2020-05-14,sh.603005,101.0000,104.3000,100.3100,101.4000,102.2400,10288119,1055736230.0000
2020-05-15,sh.603005,102.0200,109.5900,100.5000,105.9000,101.4000,17227688,1814248964.0000
2020-05-18,sh.603005,107.0000,108.8800,100.5000,102.1000,105.9000,15390904,1598742640.0000
2020-05-19,sh.603005,73.9800,78.6000,72.1800,77.8100,72.8600,15736894,1201043468.0000
2020-05-20,sh.603005,76.0500,77.2500,73.0900,74.5000,77.8100,18777992,1411896011.0000
2020-05-21,sh.603005,74.5000,74.5100,68.0000,68.3500,74.5000,18066147,1273514837.0000
2020-05-22,sh.603005,67.0000,70.7100,66.0400,69.0900,68.3500,14337829,979667038.0000
2020-05-25,sh.603005,68.2000,70.2000,66.8500,68.7000,69.0900,7964464,547093373.0000
2020-05-26,sh.603005,69.5000,70.4900,68.3100,69.0200,68.7000,10857317,751256245.0000
2020-05-27,sh.603005,68.0000,68.0800,64.7700,65.8100,69.0200,14302212,948617729.0000
2020-05-28,sh.603005,65.1000,66.3400,62.9600,65.4800,65.8100,12387509,799189612.0000
2020-05-29,sh.603005,64.3200,65.3800,63.6000,63.7500,65.4800,10104856,650642250.0000
2020-06-01,sh.603005,64.4200,66.9800,64.2300,66.3900,63.7500,13197120,869854421.0000
2020-06-02,sh.603005,66.6800,66.9400,65.4500,66.3000,66.3900,10832695,715877131.0000
2020-06-03,sh.603005,67.0000,71.0000,65.8200,68.4100,66.3000,21392232,1459974147.0000
2020-06-04,sh.603005,68.6100,68.9000,65.9100,66.0000,68.4100,14240191,952494728.0000
2020-06-05,sh.603005,66.0000,67.1800,65.7600,66.1500,66.0000,9405031,625033767.0000
2020-06-08,sh.603005,67.1000,70.7800,67.1000,68.0200,66.1500,18472989,1269101206.0000
2020-06-09,sh.603005,67.2000,68.1000,66.2500,68.0600,68.0200,11479469,771211140.0000
2020-06-10,sh.603005,67.6600,67.6600,66.2800,67.1100,68.0600,8878235,594897735.0000
2020-06-11,sh.603005,67.1000,73.8200,66.6500,71.9800,67.1100,33627648,2414121334.0000
2020-06-12,sh.603005,69.0000,73.9000,68.8800,71.9600,71.9800,26636183,1907706992.0000
2020-06-15,sh.603005,70.0000,70.7800,68.2800,68.4000,71.9600,18681120,1297325564.0000
2020-06-16,sh.603005,69.9000,70.5000,68.1700,69.1100,68.4000,11989072,830952416.0000
2020-06-17,sh.603005,69.0100,69.0100,66.2100,67.7500,69.1100,12930945,871696042.0000
2020-06-18,sh.603005,67.0000,68.9800,66.9500,68.1800,67.7500,9487189,647635071.0000
2020-06-19,sh.603005,68.2000,70.0700,66.6800,68.7100,68.1800,13305822,909387462.0000
2020-06-22,sh.603005,69.0000,73.1000,69.0000,71.6200,68.7100,21038682,1501497502.0000
2020-06-23,sh.603005,71.4000,71.4000,69.8800,70.9200,71.6200,12468445,881028708.0000
2020-06-24,sh.603005,70.9800,75.2700,70.5000,74.9100,70.9200,26347244,1942999759.0000
2020-06-29,sh.603005,74.7500,81.0000,74.1500,77.9500,74.9100,27453385,2132165611.0000
2020-06-30,sh.603005,78.9000,79.3000,77.1800,78.6600,77.9500,19393396,1515690024.0000
2020-07-01,sh.603005,78.5900,82.5000,77.8000,79.4200,78.6600,22816552,1820414113.0000
2020-07-02,sh.603005,79.5500,82.0200,78.1500,81.1300,79.4200,21125846,1702795103.0000
2020-07-03,sh.603005,82.5200,83.0000,78.2100,79.4000,81.1300,19644840,1570672998.0000
2020-07-06,sh.603005,79.0000,85.0000,78.5100,84.8900,79.4000,25911389,2138585505.0000
2020-07-07,sh.603005,85.1300,89.2000,84.0800,84.2500,84.8900,29536132,2567349790.0000
2020-07-08,sh.603005,82.9000,85.1600,82.4600,85.1500,84.2500,21210181,1781200303.0000
2020-07-09,sh.603005,86.7000,93.6700,86.6500,93.6700,85.1500,31514247,2862631343.0000
2020-07-10,sh.603005,93.6900,98.6100,90.8800,97.1100,93.6700,30070174,2841194244.0000
2020-07-13,sh.603005,96.5000,100.4500,93.5300,99.0600,97.1100,24302183,2341141341.0000
2020-07-14,sh.603005,102.0000,106.0000,95.4200,100.8000,99.0600,28148619,2865233694.0000
2020-07-15,sh.603005,98.6000,99.9000,90.7200,90.7200,100.8000,27699710,2602750792.0000
2020-07-16,sh.603005,90.0000,90.0000,81.6500,81.6500,90.7200,25134879,2134761473.0000
2020-07-17,sh.603005,80.5900,83.4000,79.4000,80.5200,81.6500,15898415,1293228332.0000
2020-07-20,sh.603005,82.5000,83.9800,79.6000,83.9500,80.5200,13527636,1111080847.0000
2020-07-21,sh.603005,83.7000,85.3600,82.2000,82.7700,83.9500,10933515,913809506.5200
2020-07-22,sh.603005,83.0600,84.9500,82.1000,83.3000,82.7700,11911464,996468409.3600
2020-07-23,sh.603005,81.8000,82.7400,76.6700,80.1700,83.3000,19091404,1520624890.3500
2020-07-24,sh.603005,78.9600,81.2700,74.5900,74.9000,80.1700,15049744,1165111562.3600
2020-07-27,sh.603005,75.4700,77.8800,74.3100,76.4000,74.9000,10798500,822700779.8800
2020-07-28,sh.603005,77.4000,77.8000,75.2800,76.0000,76.4000,8304578,633822648.7900
2020-07-29,sh.603005,76.3800,81.1000,75.5000,80.5000,76.0000,14395741,1132161702.1600
2020-07-30,sh.603005,80.5800,80.9700,78.4000,78.8300,80.5000,10719759,848792139.4400
2020-07-31,sh.603005,78.7700,81.1900,78.7400,80.2600,78.8300,11918950,953200494.5200
2020-08-03,sh.603005,82.7800,83.8000,81.1200,83.1800,80.2600,14358657,1189937587.7200
2020-08-04,sh.603005,83.5000,89.6100,82.5000,88.0700,83.1800,22006707,1899833913.3700
2020-08-05,sh.603005,91.2000,94.8000,89.8900,89.9700,88.0700,24937341,2297587658.7800
2020-08-06,sh.603005,88.2000,94.0000,86.7700,92.2700,89.9700,22056025,1998716878.0500
2020-08-07,sh.603005,91.5000,92.8000,87.0900,89.9800,92.2700,17834517,1595561157.3400
2020-08-10,sh.603005,87.0000,87.5000,83.5000,83.9500,89.9800,18156316,1546565714.9600
2020-08-11,sh.603005,83.7900,84.8000,80.0000,80.1600,83.9500,14115977,1157042623.6600
2020-08-12,sh.603005,79.2000,82.1900,77.0000,81.9000,80.1600,12816666,1010266909.1500
2020-08-13,sh.603005,81.9100,82.2000,79.4400,79.6100,81.9000,7763395,625390399.1400
2020-08-14,sh.603005,75.9400,78.9800,74.5800,78.0000,79.6100,12494288,956515498.3100
2020-08-17,sh.603005,77.8000,80.1600,76.7300,79.8200,78.0000,9328860,735851243.6400
2020-08-18,sh.603005,80.4900,80.4900,78.9000,79.1800,79.8200,6848676,544380407.6300
2020-08-19,sh.603005,79.1000,79.1000,76.0800,76.2600,79.1800,8123194,629076449.3300
2020-08-20,sh.603005,75.2400,77.6100,74.5000,76.7100,76.2600,6083065,465810239.6900
2020-08-21,sh.603005,77.7000,78.5000,75.8500,76.7300,76.7100,5855963,451893018.2800
2020-08-24,sh.603005,76.7300,79.3000,75.5500,78.8000,76.7300,8825254,685899081.4400
2020-08-25,sh.603005,78.9200,79.1700,76.8000,76.8700,78.8000,6987371,542834887.0700
2020-08-26,sh.603005,77.0000,77.1000,72.8000,73.1200,76.8700,9467978,706450274.4200
2020-08-27,sh.603005,73.0000,74.5000,71.5000,73.4300,73.1200,6694434,489555043.6500
2020-08-28,sh.603005,73.4400,74.7700,72.9200,74.6000,73.4300,5152840,380982084.4000
2020-08-31,sh.603005,75.4900,76.1500,74.1600,74.1600,74.6000,5745935,433026667.1100
2020-09-01,sh.603005,73.3700,74.1000,72.3500,73.8800,74.1600,5232516,383418601.0100
2020-09-02,sh.603005,74.3000,74.7400,72.0300,72.2600,73.8800,6503406,473978754.8600
2020-09-03,sh.603005,72.2600,72.2600,69.3300,70.9900,72.2600,7980895,563840308.7500
2020-09-04,sh.603005,69.6900,73.4100,69.5000,72.1500,70.9900,8155553,588820665.5200
2020-09-07,sh.603005,71.5500,72.4000,69.2600,69.3000,72.1500,7175737,507058445.8700
2020-09-08,sh.603005,69.0000,69.8000,66.1300,66.5200,69.3000,7858652,526953477.2000
2020-09-09,sh.603005,65.2600,65.2700,62.1200,62.1700,66.5200,8608047,544149658.6000
2020-09-10,sh.603005,63.2300,63.8800,61.0000,61.2900,62.1700,6064091,379461852.7100
2020-09-11,sh.603005,61.2900,64.8000,61.0800,63.9800,61.2900,8321955,526649227.8800
2020-09-14,sh.603005,64.6100,65.3800,63.2200,64.6800,63.9800,6316255,407759967.2900
2020-09-15,sh.603005,64.5000,65.8500,63.5100,65.0600,64.6800,5495917,355613236.5000
2020-09-16,sh.603005,65.0000,65.4000,63.5000,64.0800,65.0600,4450013,286220351.0600
2020-09-17,sh.603005,63.5900,67.6700,63.2200,66.7000,64.0800,8992556,591613424.0100
2020-09-18,sh.603005,66.0000,67.3500,65.9600,67.1100,66.7000,6048309,402929411.9000
2020-09-21,sh.603005,67.3000,68.8800,66.9000,67.1500,67.1100,6078084,411931468.1500
2020-09-22,sh.603005,66.3600,66.4000,64.6400,64.8000,67.1500,6009565,393223165.7000
2020-09-23,sh.603005,65.3700,66.1300,64.5300,65.8300,64.8000,5192095,340019178.3700
2020-09-24,sh.603005,65.0300,65.3000,63.8800,63.9500,65.8300,4262299,274833118.7200
2020-09-25,sh.603005,64.4800,64.6500,63.0100,63.2500,63.9500,3144648,199706750.4000
2020-09-28,sh.603005,63.0000,63.7200,61.8100,62.6000,63.2500,3265271,204450311.6100
2020-09-29,sh.603005,62.9900,64.8000,62.9900,63.5900,62.6000,4128937,264186323.8500
2020-09-30,sh.603005,63.9800,64.2000,63.2700,63.6300,63.5900,2661369,169443194.0600
2020-10-09,sh.603005,64.7000,66.3000,64.7000,66.2500,63.6300,5444530,356983141.1300
2020-10-12,sh.603005,66.9000,69.5100,66.3800,69.3300,66.2500,8124165,555501648.6200
2020-10-13,sh.603005,69.3300,69.5000,68.0200,68.8200,69.3300,5726834,393019313.8700
2020-10-14,sh.603005,68.3300,68.7000,66.6800,66.9500,68.8200,5185390,349547338.8800
2020-10-15,sh.603005,66.9400,68.3000,66.9000,67.5000,66.9500,4403640,298388483.1600
2020-10-16,sh.603005,67.8100,68.8100,67.2100,68.6100,67.5000,5988433,408285446.2200
2020-10-19,sh.603005,70.7600,70.9200,67.8100,67.9200,68.6100,9272966,640540044.6200
2020-10-20,sh.603005,67.2000,69.0000,66.3200,68.6000,67.9200,5688940,383308743.2100
2020-10-21,sh.603005,68.3300,68.6900,66.4000,66.8000,68.6000,4692586,315240173.1300
2020-10-22,sh.603005,66.0000,68.8500,65.2500,67.5000,66.8000,5482550,370441637.4500
2020-10-23,sh.603005,67.5000,68.6000,66.1600,66.3600,67.5000,4254499,285826151.6000
2020-10-26,sh.603005,65.6000,66.3500,64.5000,65.1600,66.3600,3640215,238323711.3600
2020-10-27,sh.603005,65.4500,66.2300,64.8800,66.0500,65.1600,3182894,208577920.7900
2020-10-28,sh.603005,65.8600,65.9900,63.7400,64.9200,66.0500,5153672,333131122.3500
2020-10-29,sh.603005,63.5000,64.4200,63.2800,64.0100,64.9200,4370572,279113615.6100
2020-10-30,sh.603005,64.8000,68.5000,64.2000,66.7200,64.0100,12162343,813055441.8100
2020-11-02,sh.603005,66.6300,69.5500,65.8500,69.3400,66.7200,12163667,828784804.1400
2020-11-03,sh.603005,70.5000,70.7000,68.4500,68.8800,69.3400,11180113,774909129.4300
2020-11-04,sh.603005,68.3000,68.6800,66.1000,66.7000,68.8800,10878944,730813292.6000
2020-11-05,sh.603005,67.5000,68.1800,66.3500,67.9700,66.7000,8491765,572857950.9100
2020-11-06,sh.603005,68.3000,70.5900,66.7100,70.4800,67.9700,13281281,911933844.6900
2020-11-09,sh.603005,71.9400,77.4500,71.9300,77.2000,70.4800,23451041,1763058511.2600
2020-11-10,sh.603005,75.4000,78.8700,74.8000,75.8000,77.2000,17990563,1382767621.8300
2020-11-11,sh.603005,74.8100,75.8700,71.0000,71.3300,75.8000,13747876,1001343223.6900
2020-11-12,sh.603005,72.5200,72.6800,69.4700,70.2000,71.3300,9250571,655605453.8100
2020-11-13,sh.603005,69.5100,71.5500,68.5500,70.9800,70.2000,7765635,545972623.6900
2020-11-16,sh.603005,71.0200,71.0500,69.2800,69.8300,70.9800,5448360,380332559.4900
2020-11-17,sh.603005,69.4000,72.1000,66.8600,71.9300,69.8300,11304940,780379112.6000
2020-11-18,sh.603005,71.0000,72.6800,70.6100,71.0500,71.9300,7188443,513635667.4400
2020-11-19,sh.603005,70.0000,72.4600,69.4000,71.4500,71.0500,6717308,480794778.2400
2020-11-20,sh.603005,71.3000,71.9900,70.5000,70.6500,71.4500,4269413,302771148.8500
2020-11-23,sh.603005,70.0000,71.6000,69.4800,70.4100,70.6500,5369809,377976039.6800
2020-11-24,sh.603005,70.3000,72.8600,70.2600,71.2100,70.4100,8535643,612827872.7100
2020-11-25,sh.603005,71.2300,72.9900,70.6800,71.8200,71.2100,10076194,726426165.0300
2020-11-26,sh.603005,71.8800,73.9000,71.5000,73.9000,71.8200,13015394,951722965.3700
2020-11-27,sh.603005,73.3700,74.4600,72.3600,73.5000,73.9000,8788178,644155046.5700
2020-11-30,sh.603005,74.2900,74.9200,71.8000,71.8000,73.5000,12954894,945420492.8600
2020-12-01,sh.603005,71.0000,71.6800,70.1200,71.3200,71.8000,8148099,577748912.0700
2020-12-02,sh.603005,71.6600,72.5800,70.2000,71.2000,71.3200,8441300,604846688.1900
2020-12-03,sh.603005,71.0100,72.4800,70.1700,70.7800,71.2000,9182944,653876919.0100
2020-12-04,sh.603005,70.1600,71.5000,70.0000,70.4100,70.7800,5576685,393832963.8900
2020-12-07,sh.603005,71.6000,73.7000,71.0300,72.9200,70.4100,12457058,899689511.7400
2020-12-08,sh.603005,72.0100,72.7200,71.8700,72.1000,72.9200,6221433,448912978.1800
2020-12-09,sh.603005,71.5500,71.8400,69.2000,69.3000,72.1000,7662781,541172241.6100
2020-12-10,sh.603005,69.0000,70.9600,68.4900,70.3300,69.3000,6047655,423384566.8500
2020-12-11,sh.603005,70.1300,70.2800,67.0300,67.7400,70.3300,10965211,745637521.4400
2020-12-14,sh.603005,67.8200,68.3000,66.4300,67.1600,67.7400,5720799,385227517.4700
2020-12-15,sh.603005,67.3200,68.2800,67.1600,67.5200,67.1600,3920037,265359559.6100
2020-12-16,sh.603005,67.3000,67.4200,64.1100,64.6900,67.5200,6901871,450797372.2200
2020-12-17,sh.603005,64.9000,65.2900,63.3100,64.7000,64.6900,5517818,355152349.0300
2020-12-18,sh.603005,66.3300,67.2200,64.7500,64.7500,64.7000,6069526,400085548.7400
2020-12-21,sh.603005,64.1100,66.6000,63.3500,65.8500,64.7500,6332306,414281244.9700
2020-12-22,sh.603005,65.1000,65.3500,63.2600,63.2800,65.8500,6390977,411734706.5800
2020-12-23,sh.603005,63.2800,65.7000,62.6200,65.2000,63.2800,8537544,548476226.6800
2020-12-24,sh.603005,64.9900,66.3600,64.1200,64.6900,65.2000,5116132,333003790.1100
2020-12-25,sh.603005,64.1000,64.8000,63.3400,63.6300,64.6900,4402908,281324880.5000
2020-12-28,sh.603005,63.5400,63.5500,61.4900,61.6900,63.6300,5765775,359148269.1000
2020-12-29,sh.603005,61.8000,64.0000,61.8000,62.5000,61.6900,5688115,359072845.3700
2020-12-30,sh.603005,62.2000,63.2000,61.8000,62.8900,62.5000,4955121,310226023.3400
2020-12-31,sh.603005,62.8900,64.4800,62.8900,64.3600,62.8900,7177160,458602163.3300
2021-01-04,sh.603005,64.6000,64.9200,63.4300,64.4300,64.3600,7477759,480525827.8900
2021-01-05,sh.603005,64.4800,70.8700,64.2000,70.8700,64.4300,16874480,1138653853.1000
2021-01-06,sh.603005,73.5000,75.3300,70.1000,71.3000,70.8700,25547261,1864888938.5600
2021-01-07,sh.603005,71.1100,73.3500,68.6900,72.7800,71.3000,16959606,1204998725.6400
2021-01-08,sh.603005,72.0100,74.3700,71.2000,72.1000,72.7800,12089742,878976451.8200
2021-01-11,sh.603005,72.0100,77.7000,72.0100,76.1700,72.1000,19952077,1494711521.9400
2021-01-12,sh.603005,75.1000,75.9700,73.5000,75.6100,76.1700,12968007,971747738.5800
2021-01-13,sh.603005,76.9000,81.2800,74.4700,78.9000,75.6100,23084788,1800230560.9800
2021-01-14,sh.603005,80.8800,86.7900,80.8800,86.7900,78.9000,28682915,2449429035.5700
2021-01-15,sh.603005,89.6100,89.6100,79.8100,80.5000,86.7900,34443812,2909286923.1100
2021-01-18,sh.603005,79.0000,88.5500,78.0500,87.3700,80.5000,31946924,2712690538.1800
2021-01-19,sh.603005,87.7700,91.8800,85.4600,86.3200,87.3700,28896201,2560798114.7400
2021-01-20,sh.603005,85.8300,89.5900,82.7600,88.9000,86.3200,20648897,1774808554.8200
2021-01-21,sh.603005,88.0000,88.7400,84.6100,87.1700,88.9000,18364693,1590015345.0000
2021-01-22,sh.603005,86.2100,87.7600,81.9700,82.9100,87.1700,19516671,1639340836.7800
2021-01-25,sh.603005,79.6600,81.8000,75.7600,80.1000,82.9100,26777603,2106727979.7900
2021-01-26,sh.603005,79.4000,81.6900,75.8200,76.4800,80.1000,17089638,1329976781.9200
2021-01-27,sh.603005,75.4200,76.7900,73.0800,73.8400,76.4800,12797992,951720620.7200
2021-01-28,sh.603005,72.9500,74.5900,70.8000,70.8400,73.8400,10451310,757291375.6700
2021-01-29,sh.603005,71.9300,72.6800,69.9500,71.1000,70.8400,10728390,764545188.0800
2021-02-01,sh.603005,71.1200,75.0000,70.8100,74.5600,71.1000,11746019,861743551.7500
2021-02-02,sh.603005,74.1100,76.6100,73.3000,75.5900,74.5600,9877296,739925410.7100
2021-02-03,sh.603005,75.0000,75.9700,68.0300,68.0300,75.5900,19836756,1398557654.8200
2021-02-04,sh.603005,66.0100,70.9900,63.6100,70.1700,68.0300,21164379,1407690785.9600
2021-02-05,sh.603005,68.8000,69.3000,65.8800,65.8900,70.1700,11617027,781134176.1700
2021-02-08,sh.603005,66.0600,69.5000,66.0600,67.8800,65.8900,9775579,666074915.8500
2021-02-09,sh.603005,68.8500,71.7100,68.0500,70.2700,67.8800,8739855,613234631.9700
2021-02-10,sh.603005,70.6900,71.2000,69.6000,70.0200,70.2700,6527635,458053247.4300
2021-02-18,sh.603005,71.3900,75.1100,71.3900,73.5900,70.0200,12694795,937074588.2900
2021-02-19,sh.603005,73.9000,75.7000,72.1800,75.1000,73.5900,11097832,822939374.8100
2021-02-22,sh.603005,74.7600,74.8500,70.9800,71.0100,75.1000,10538230,768180547.1800
2021-02-23,sh.603005,69.9600,71.0100,67.8600,68.5400,71.0100,7424295,512474627.9200
2021-02-24,sh.603005,68.5600,71.3500,68.1000,69.3000,68.5400,9626801,670996162.6800
2021-02-25,sh.603005,69.9600,69.9600,68.0000,68.5700,69.3000,5103428,351103159.9800
2021-02-26,sh.603005,67.3000,68.0400,66.3500,66.6500,68.5700,6363347,426346899.3000
2021-03-01,sh.603005,67.9000,70.3300,67.5000,70.0000,66.6500,7403267,511911155.7100
2021-03-02,sh.603005,71.1000,72.0400,69.3000,70.3900,70.0000,8294888,587057886.6000
2021-03-03,sh.603005,69.8500,70.2200,68.0000,70.2000,70.3900,6461597,447323321.8300
2021-03-04,sh.603005,69.7300,71.3200,68.2000,68.5600,70.2000,6330282,439303312.6800
2021-03-05,sh.603005,67.1000,69.4600,67.0800,68.9600,68.5600,4198521,288178956.3100
2021-03-08,sh.603005,69.9500,69.9500,67.1600,67.1600,68.9600,5012545,341703762.7200
2021-03-09,sh.603005,67.0000,67.0100,62.6600,63.0000,67.1600,6938379,446914472.4200
2021-03-10,sh.603005,64.0600,64.5000,62.6200,63.0900,63.0000,3743578,237498710.9700
2021-03-11,sh.603005,63.0000,66.8800,62.7500,65.5500,63.0900,6053142,391777164.8200
2021-03-12,sh.603005,63.9900,63.9900,60.0100,60.7000,65.5500,13021300,801222870.4700
2021-03-15,sh.603005,59.8200,59.8200,56.7100,56.7100,60.7000,9402520,542102689.0300
2021-03-16,sh.603005,57.2000,57.4000,52.8000,54.2600,56.7100,12318374,672240459.1700
2021-03-17,sh.603005,54.1000,55.6600,54.0100,55.4800,54.2600,6831325,375437399.1300
2021-03-18,sh.603005,55.5000,58.3600,55.1500,56.0500,55.4800,8096581,458632871.6800
2021-03-19,sh.603005,54.5100,56.6100,54.0000,55.5000,56.0500,5203197,288963334.5000
2021-03-22,sh.603005,55.2000,56.8000,54.8500,56.7200,55.5000,4795337,267885914.1800
2021-03-23,sh.603005,56.8800,59.4500,56.8800,57.9000,56.7200,7908902,461201387.1000
2021-03-24,sh.603005,57.5900,59.9900,55.8300,59.2800,57.9000,7827453,452731905.6100
2021-03-25,sh.603005,58.3300,60.2500,58.2600,58.5000,59.2800,5933454,351871986.5000
2021-03-26,sh.603005,58.6900,60.4400,58.2000,59.9800,58.5000,6385448,379359874.3200
2021-03-29,sh.603005,60.7000,60.7000,59.1400,59.2500,59.9800,5695384,340699570.0900
2021-03-30,sh.603005,59.0700,59.8100,57.9000,59.1000,59.2500,4822558,283836835.2100
2021-03-31,sh.603005,58.6700,59.8900,58.2000,59.3300,59.1000,3797792,224303629.6700
2021-04-01,sh.603005,59.8200,62.3000,59.5000,61.6600,59.3300,9868674,605803025.6600
2021-04-02,sh.603005,62.7000,67.5900,62.7000,67.0000,61.6600,15421833,1016134119.0400
2021-04-06,sh.603005,68.5000,69.1700,66.2900,67.3600,67.0000,10824787,730875890.1700
2021-04-07,sh.603005,66.6000,66.8800,63.8500,64.8300,67.3600,11259931,728403378.0700
2021-04-08,sh.603005,64.5000,65.5000,63.7300,63.8400,64.8300,6410527,412496946.3100
2021-04-09,sh.603005,63.6000,64.5100,63.1000,64.0600,63.8400,5376613,342941390.6600
2021-04-12,sh.603005,62.7000,64.2400,60.5200,60.7000,64.0600,7432206,462107318.4000
2021-04-13,sh.603005,60.7000,62.6600,60.2500,61.7500,60.7000,5672129,348730815.5300
2021-04-14,sh.603005,62.7800,64.4600,61.8800,62.3100,61.7500,6925137,435904355.0300
2021-04-15,sh.603005,61.7400,62.9700,60.8800,62.9600,62.3100,6072580,375833834.1600
2021-04-16,sh.603005,63.0000,63.1800,61.2700,62.0100,62.9600,4991640,309482105.3200
2021-04-19,sh.603005,61.5800,63.3600,60.8800,63.0600,62.0100,8160019,511332728.2000
2021-04-20,sh.603005,62.6000,63.3100,61.6000,62.3600,63.0600,5871586,366967962.2900
2021-04-21,sh.603005,61.9900,62.9600,61.5000,62.2900,62.3600,4074832,254019877.4900
2021-04-22,sh.603005,62.5500,64.3600,62.5500,63.5500,62.2900,6449656,410936952.3200
2021-04-23,sh.603005,63.4000,64.1600,62.6100,63.8800,63.5500,5617501,356672019.1900
2021-04-26,sh.603005,64.5900,65.1500,62.8000,62.9800,63.8800,8750330,561438288.8600
2021-04-27,sh.603005,62.5400,62.5500,59.2400,59.4000,62.9800,9111368,549766920.2700
2021-04-28,sh.603005,59.4900,64.0000,59.0000,63.9900,59.4000,10180320,629474920.7300
2021-04-29,sh.603005,64.0900,66.0900,63.0100,63.4900,63.9900,11079608,716253856.1800
2021-04-30,sh.603005,64.0800,64.9100,62.6500,64.1600,63.4900,8040717,514830412.9900
2021-05-06,sh.603005,63.1200,64.2300,61.8700,62.5000,64.1600,5803247,365771715.1800
2021-05-07,sh.603005,62.4200,63.3700,59.7300,60.0200,62.5000,7740294,471651747.1000
2021-05-10,sh.603005,59.6000,59.6000,57.5000,58.0900,60.0200,6326218,368526126.9600
2021-05-11,sh.603005,57.2000,58.5000,56.8200,57.9100,58.0900,4828049,277466160.6200
2021-05-12,sh.603005,57.5900,59.6800,57.0200,59.3900,57.9100,4428661,260362147.2900
2021-05-13,sh.603005,58.5000,60.6500,58.1900,59.1500,59.3900,3983612,237346610.2700
2021-05-14,sh.603005,59.9500,60.3000,58.6000,60.0200,59.1500,4015866,239641304.0300
2021-05-17,sh.603005,60.5300,61.8500,60.3700,60.3900,60.0200,5454476,333186207.3100
2021-05-18,sh.603005,59.0000,60.8000,58.6200,60.6100,60.3900,4254256,254996849.8200
2021-05-19,sh.603005,60.6200,61.2600,59.7000,59.9200,60.6100,4306458,260339547.6100
2021-05-20,sh.603005,59.6000,60.2900,58.8100,58.9200,59.9200,3898298,231208561.8900
2021-05-21,sh.603005,59.5900,59.8800,57.6000,57.9000,58.9200,4199129,245597266.8800
2021-05-24,sh.603005,57.5100,58.9800,57.3100,58.7900,57.9000,4094579,238540174.7800
2021-05-25,sh.603005,59.1000,61.5300,58.9000,61.5000,58.7900,8590336,519830530.8100
2021-05-26,sh.603005,61.9000,63.5000,61.0000,61.0000,61.5000,8291685,514064993.7200
2021-05-27,sh.603005,60.8000,64.6900,60.6800,63.1000,61.0000,13838705,875163683.9400
2021-05-28,sh.603005,62.7000,62.8000,61.6900,62.0900,63.1000,8186685,509341676.4700
2021-05-31,sh.603005,62.9800,63.4400,61.9000,62.8000,62.0900,7296481,456303519.8800
2021-06-01,sh.603005,62.2000,64.4000,61.7600,63.9000,62.8000,9517760,605787900.2400
2021-06-02,sh.603005,64.3900,64.3900,61.4400,61.8900,63.9000,9226163,578805443.9900
2021-06-03,sh.603005,61.9000,62.7300,60.7000,61.6300,61.8900,8337737,514406374.6400
2021-06-04,sh.603005,61.0100,63.4600,60.6800,62.7400,61.6300,9921453,615455615.0400
2021-06-07,sh.603005,64.8600,66.2100,63.8500,64.9600,62.7400,15964458,1038611203.5500
2021-06-08,sh.603005,65.5000,65.9500,63.4700,63.5500,64.9600,10059160,647132298.4800
2021-06-09,sh.603005,63.5000,64.8800,63.1500,63.9800,63.5500,7274925,464664902.2200
2021-06-10,sh.603005,63.4500,64.2000,62.3000,63.2900,63.9800,10181409,641786771.1700
2021-06-11,sh.603005,62.8000,62.8000,60.0400,60.6300,63.2900,12876872,783464471.6600
2021-06-15,sh.603005,50.7800,51.3300,49.6300,49.7700,50.3300,7060433,357985277.7400
2021-06-16,sh.603005,49.8000,50.6900,47.1500,47.3800,49.7700,12831354,624699326.3000
2021-06-17,sh.603005,47.4000,51.8700,47.2500,51.4000,47.3800,20721008,1034897402.4000
2021-06-18,sh.603005,51.5000,53.7500,50.7000,53.0900,51.4000,21541884,1128378178.6400
2021-06-21,sh.603005,52.6100,53.5000,52.1600,52.5000,53.0900,14515354,765492789.8300
2021-06-22,sh.603005,52.8500,55.7500,51.8000,53.9500,52.5000,18934990,1016033182.3900
2021-06-23,sh.603005,53.9000,57.6000,53.8200,56.5000,53.9500,25667735,1436706138.2600
2021-06-24,sh.603005,56.5200,57.6800,55.5500,56.9300,56.5000,18846675,1066337851.7700
2021-06-25,sh.603005,56.9400,58.7300,55.8000,57.2000,56.9300,22189986,1272131369.5300
2021-06-28,sh.603005,57.3000,57.6400,55.9200,56.4600,57.2000,20290391,1150126237.2100
2021-06-29,sh.603005,55.9900,57.0000,54.4300,55.3800,56.4600,14474433,801302301.7100
2021-06-30,sh.603005,56.6000,59.8800,55.8100,59.2300,55.3800,27774357,1613564945.2100
2021-07-01,sh.603005,58.5000,59.4000,57.2000,57.2200,59.2300,18100290,1053927017.0600
2021-07-02,sh.603005,57.0600,58.2500,55.2000,55.9000,57.2200,16900460,951765039.4200
2021-07-05,sh.603005,56.6900,57.2500,54.5000,56.8400,55.9000,18220398,1013004712.5900
2021-07-06,sh.603005,56.2000,56.3800,53.6800,54.2800,56.8400,19186512,1054149806.7600
2021-07-07,sh.603005,53.3000,54.7900,51.8900,54.5100,54.2800,15682787,839927038.4800
2021-07-08,sh.603005,54.5200,56.5000,54.0200,56.0000,54.5100,15576105,867078462.0400
2021-07-09,sh.603005,55.3100,58.8800,54.0700,58.2400,56.0000,24440629,1389868101.9400
2021-07-12,sh.603005,58.5100,59.1600,56.8000,58.2700,58.2400,24099122,1398689242.5700
2021-07-13,sh.603005,56.9000,56.9800,53.4800,54.1800,58.2700,29750432,1630807203.4200
2021-07-14,sh.603005,53.8000,54.6100,53.1800,53.4200,54.1800,12508038,674369478.9700
2021-07-15,sh.603005,53.0300,53.8800,52.7700,53.7000,53.4200,9876771,526883675.0700
2021-07-16,sh.603005,53.2300,54.3400,52.4100,52.4500,53.7000,11921551,635165719.9000
2021-07-19,sh.603005,51.8400,52.0800,50.3500,50.5900,52.4500,12987966,663792207.7100
2021-07-20,sh.603005,50.5000,51.8300,50.4800,51.8000,50.5900,8519691,437836273.0800
2021-07-21,sh.603005,51.8100,53.3400,51.5500,52.5200,51.8000,13211194,694580199.6700
2021-07-22,sh.603005,53.3300,54.5500,53.0000,54.2400,52.5200,17790219,960285778.3200
2021-07-23,sh.603005,55.0300,55.2500,52.6000,52.8500,54.2400,14170202,760537079.5800
2021-07-26,sh.603005,52.6800,55.6900,51.3200,55.5000,52.8500,21096978,1140227080.4700
2021-07-27,sh.603005,55.4800,59.9000,55.0000,56.4500,55.5000,39469886,2271413604.4400
2021-07-28,sh.603005,55.7300,55.7300,51.9900,53.3200,56.4500,21156832,1135685365.6200
2021-07-29,sh.603005,54.3100,58.2800,54.0000,57.3500,53.3200,29042739,1649273601.3400
2021-07-30,sh.603005,57.3900,59.8500,56.7700,59.5900,57.3500,34859403,2049004326.6900
2021-08-02,sh.603005,60.2600,63.5000,58.4700,61.8700,59.5900,34396336,2100737664.0800
2021-08-03,sh.603005,60.0000,61.2200,56.5500,57.3000,61.8700,26627105,1566882855.9400
2021-08-04,sh.603005,57.3000,58.9400,57.1100,58.4300,57.3000,18978755,1104498479.7600
2021-08-05,sh.603005,58.0000,58.8600,56.4900,56.5500,58.4300,18684197,1071799297.8600
2021-08-06,sh.603005,57.3300,59.8900,56.2000,57.7800,56.5500,21365713,1239588663.8500
2021-08-09,sh.603005,56.6000,56.6000,55.3000,56.2600,57.7800,14611428,817549587.1200
2021-08-10,sh.603005,57.3000,57.7800,55.8800,56.8200,56.2600,12864782,730682972.6000
2021-08-11,sh.603005,56.9600,57.6700,56.1300,56.6000,56.8200,11353451,645356746.6700
2021-08-12,sh.603005,56.7100,57.9400,56.5200,56.8900,56.6000,12311761,703002576.1100
2021-08-13,sh.603005,56.5200,56.5700,53.3600,53.4800,56.8900,22511766,1227256668.8100
2021-08-16,sh.603005,53.2800,54.3600,52.5000,53.9500,53.4800,10533890,564922189.5800
2021-08-17,sh.603005,53.6700,53.9000,51.0000,51.2200,53.9500,15490363,807905281.2100
2021-08-18,sh.603005,51.5000,51.8900,50.8000,51.2700,51.2200,9301925,476467141.7600
2021-08-19,sh.603005,51.7800,52.2800,51.3100,51.5200,51.2700,9093772,471155364.6900
2021-08-20,sh.603005,52.2600,52.5400,51.5000,52.2600,51.5200,9767308,508426617.7500
2021-08-23,sh.603005,52.2700,53.0000,51.0000,52.9900,52.2600,10783399,564063376.0700
2021-08-24,sh.603005,53.0000,53.2900,52.2400,52.6600,52.9900,8750241,462149795.1700
2021-08-25,sh.603005,52.6700,52.9000,51.4800,51.6300,52.6600,9677727,501694372.9900
2021-08-26,sh.603005,51.9800,52.4000,51.0100,51.0300,51.6300,7896419,408418143.8800
2021-08-27,sh.603005,51.1000,51.8800,49.8600,51.8200,51.0300,9698514,492568335.6800
2021-08-30,sh.603005,51.7000,52.7700,51.0000,51.1200,51.8200,9925352,514950802.7900
2021-08-31,sh.603005,50.5000,50.8600,48.1500,50.2400,51.1200,14581422,720512681.8500
2021-09-01,sh.603005,49.9900,50.3900,48.3000,49.2600,50.2400,9465830,463779233.0500
2021-09-02,sh.603005,48.9900,49.1500,47.8000,47.8900,49.2600,9900417,478490948.8600
2021-09-03,sh.603005,47.9000,48.9800,47.8600,48.4500,47.8900,8405708,407385855.6400
2021-09-06,sh.603005,48.4500,49.3600,47.8300,49.3600,48.4500,8154040,398514873.7100
2021-09-07,sh.603005,49.3700,49.6200,48.7200,49.1100,49.3600,6077078,298316402.1300
2021-09-08,sh.603005,49.1100,50.2000,48.7300,50.0600,49.1100,11224571,553131135.7500
2021-09-09,sh.603005,49.9600,49.9900,48.9000,49.0300,50.0600,7237793,356932882.5600
2021-09-10,sh.603005,49.0400,50.6000,48.6300,49.9300,49.0300,11038971,549987872.8500
2021-09-13,sh.603005,49.8000,50.1600,48.8400,49.0100,49.9300,7132182,351090875.5600
2021-09-14,sh.603005,49.0500,49.6200,47.9100,48.1100,49.0100,7489186,365655299.6000
2021-09-15,sh.603005,48.1200,48.1300,46.8400,46.8900,48.1100,8319970,392662462.2700
2021-09-16,sh.603005,46.9000,47.2300,45.3900,45.4000,46.8900,8042767,371678924.9600
2021-09-17,sh.603005,45.6400,46.2900,44.6300,44.9800,45.4000,7016291,316983091.6500
2021-09-22,sh.603005,44.7000,45.3900,44.5000,44.7900,44.9800,5607355,251822007.6100
2021-09-23,sh.603005,44.9600,45.7500,44.7200,45.2400,44.7900,7844233,355504611.5400
2021-09-24,sh.603005,45.2400,45.4200,44.1200,44.1200,45.2400,8495900,379531910.7600
2021-09-27,sh.603005,44.4300,44.8200,43.4500,43.8300,44.1200,7306576,322335080.9300
2021-09-28,sh.603005,43.8000,44.4800,43.3300,43.4900,43.8300,6335874,277285997.5900
2021-09-29,sh.603005,43.0000,43.4300,42.0100,42.4500,43.4900,7842168,334225395.2000
2021-09-30,sh.603005,42.3400,42.8900,42.3400,42.3700,42.4500,4968688,211404417.7100
2021-10-08,sh.603005,42.9500,43.7600,42.6100,43.2000,42.3700,5837698,252023794.8200
2021-10-11,sh.603005,43.2100,44.2000,43.2100,44.0800,43.2000,6803874,297616269.7600
2021-10-12,sh.603005,44.1200,44.3800,42.5000,42.7800,44.0800,6199031,268310163.6300
2021-10-13,sh.603005,42.7800,43.6400,42.7700,43.5300,42.7800,4943463,214162652.4700
2021-10-14,sh.603005,43.5200,43.6900,43.1100,43.3800,43.5300,4395283,190469379.8700
2021-10-15,sh.603005,43.8400,46.4900,43.4200,45.9300,43.3800,19736262,893273656.6700
2021-10-18,sh.603005,44.4800,44.6900,43.8100,44.2700,45.9300,12995536,574478944.2700
2021-10-19,sh.603005,44.0400,44.4300,43.6100,44.1300,44.2700,6250800,275060960.2900
2021-10-20,sh.603005,44.1800,44.2900,43.3000,43.3100,44.1300,6947052,303164862.6900
2021-10-21,sh.603005,43.5900,43.5900,42.5100,42.5900,43.3100,5716738,245044153.9400
2021-10-22,sh.603005,42.5900,43.8600,42.5800,43.2400,42.5900,7729774,335581355.5600
2021-10-25,sh.603005,43.4000,43.4000,42.2000,42.9100,43.2400,5882543,250447455.5700
2021-10-26,sh.603005,42.7700,44.4700,42.7100,43.9900,42.9100,10170618,444424686.8500
2021-10-27,sh.603005,43.8300,43.8300,42.1300,42.2600,43.9900,9149997,390247895.3200
2021-10-28,sh.603005,42.2000,43.0800,40.8200,40.9600,42.2600,7900044,329209905.5200
2021-10-29,sh.603005,41.2000,42.3800,41.1200,41.3800,40.9600,8199850,341921169.9500
2021-11-01,sh.603005,41.4900,42.1800,41.0000,42.0200,41.3800,7658283,319388902.3800
2021-11-02,sh.603005,42.0200,44.6600,41.8900,43.6300,42.0200,17604721,770458437.7000
2021-11-03,sh.603005,43.8800,44.1300,43.0300,43.4300,43.6300,7787376,338637126.6500
2021-11-04,sh.603005,43.2500,44.5000,43.2500,43.8900,43.4300,9818779,432666787.5000
2021-11-05,sh.603005,44.3500,45.1900,43.7300,43.8600,43.8900,10534401,466454048.3200
2021-11-08,sh.603005,43.5900,43.5900,42.2200,42.9400,43.8600,7842870,334470242.2800
2021-11-09,sh.603005,42.9400,44.7300,42.7900,44.5500,42.9400,11684105,513823158.3200
2021-11-10,sh.603005,44.0000,45.4900,43.9000,45.1800,44.5500,12752132,572780712.1400
2021-11-11,sh.603005,45.1800,46.0200,44.6600,45.3700,45.1800,13388309,607138889.5100
2021-11-12,sh.603005,45.0000,45.6500,44.6600,45.1000,45.3700,9424986,425545586.8900
2021-11-15,sh.603005,45.0000,45.5800,44.4600,44.5300,45.1000,8693439,390720883.6300
2021-11-16,sh.603005,44.2900,45.3500,44.0700,44.3200,44.5300,7838528,350800148.2800
2021-11-17,sh.603005,44.3200,45.9700,43.7000,45.5200,44.3200,11551358,519429950.1400
2021-11-18,sh.603005,45.4900,48.4900,45.1500,47.5700,45.5200,26425814,1254121438.9700
2021-11-19,sh.603005,47.5600,47.9500,46.6200,47.3200,47.5700,12838109,605663219.5600
2021-11-22,sh.603005,47.2500,52.0500,47.0600,52.0500,47.3200,23683078,1206170998.7100
2021-11-23,sh.603005,53.9000,57.1500,53.8800,55.1500,52.0500,65596996,3631690108.1200
2021-11-24,sh.603005,54.8500,58.1200,54.8500,57.3000,55.1500,40774449,2323733861.2100
2021-11-25,sh.603005,57.1100,61.6900,56.4900,60.6000,57.3000,39781107,2383995096.7900
2021-11-26,sh.603005,58.3000,60.9000,57.6800,58.8800,60.6000,30543488,1805592910.0500
2021-11-29,sh.603005,58.1100,59.5000,56.8000,57.9000,58.8800,23665285,1371363984.1400
2021-11-30,sh.603005,58.0000,60.5000,58.0000,59.3700,57.9000,23409336,1394507609.0900
2021-12-01,sh.603005,59.7700,59.7700,57.5000,57.6000,59.3700,14123007,822181142.8000
2021-12-02,sh.603005,57.6000,61.3200,56.8000,58.9600,57.6000,20370655,1197358484.9800
2021-12-03,sh.603005,59.1500,64.3000,59.1500,62.8500,58.9600,29526367,1833452119.2400
2021-12-06,sh.603005,61.9800,62.6500,59.8000,59.9200,62.8500,18853772,1143578383.0300
2021-12-07,sh.603005,60.0000,60.9200,57.3500,58.2000,59.9200,16648154,972711326.5800
2021-12-08,sh.603005,59.0000,59.5900,57.4200,57.9900,58.2000,15191121,882808866.8400
2021-12-09,sh.603005,57.5800,57.9600,55.6000,56.1200,57.9900,15421914,867672116.0100
2021-12-10,sh.603005,56.0800,56.3900,55.1600,55.8800,56.1200,11424014,637800081.1100
2021-12-13,sh.603005,55.9100,55.9300,54.8000,54.9600,55.8800,10012230,552529476.8400
2021-12-14,sh.603005,54.7700,55.5000,54.3700,54.7500,54.9600,10932047,600299413.0600
2021-12-15,sh.603005,54.7500,56.4000,54.1200,54.4900,54.7500,13828774,760742774.7100
2021-12-16,sh.603005,55.0000,55.3900,53.9000,54.3500,54.4900,8277329,448979886.7800
2021-12-17,sh.603005,54.4000,54.5500,52.9000,52.9400,54.3500,10181924,544535544.7200
2021-12-20,sh.603005,52.9100,54.2400,52.0800,52.3200,52.9400,11418357,604846794.8900
2021-12-21,sh.603005,52.4100,54.4000,52.2700,54.3800,52.3200,11371600,605806243.2200
2021-12-22,sh.603005,54.6800,59.8200,54.4200,58.5000,54.3800,35270812,2042735087.4500
2021-12-23,sh.603005,57.7700,58.8200,56.3300,57.7600,58.5000,16617908,957499906.0300
2021-12-24,sh.603005,58.0000,59.4800,56.5000,56.8600,57.7600,12385507,716391439.6500
2021-12-27,sh.603005,56.8500,57.8400,55.8600,55.9700,56.8600,7590501,430583492.8600
2021-12-28,sh.603005,56.9500,57.9000,54.4700,56.1000,55.9700,9197939,513391024.4000
2021-12-29,sh.603005,55.5100,56.7800,54.9500,56.2000,56.1000,8207988,458666139.1300
2021-12-30,sh.603005,55.8000,57.3500,55.4100,55.4800,56.2000,8258450,463578000.8700
2021-12-31,sh.603005,55.0100,55.6500,53.8000,55.0900,55.4800,9093466,495748438.2800
2022-01-04,sh.603005,54.9200,54.9900,53.1300,53.8000,55.0900,6695789,360409248.2000
2022-01-05,sh.603005,53.8400,53.8800,50.6100,51.9200,53.8000,9949943,517375536.9400
2022-01-06,sh.603005,51.0200,51.8000,49.4200,50.2500,51.9200,11484509,578111169.3900
2022-01-07,sh.603005,50.2500,50.5400,48.0100,48.0100,50.2500,12235535,597277001.3400
2022-01-10,sh.603005,47.9500,47.9500,46.1500,46.5000,48.0100,19189364,898562727.3400
2022-01-11,sh.603005,46.4900,46.6000,44.7700,44.9800,46.5000,14294894,650086543.3300
2022-01-12,sh.603005,45.3900,45.9400,45.0300,45.5800,44.9800,11705351,531966682.8200
2022-01-13,sh.603005,45.6000,45.7900,44.5000,44.6900,45.5800,8108762,365345556.0000
2022-01-14,sh.603005,44.8000,47.6100,44.2000,46.1500,44.6900,20945539,961939232.2700
2022-01-17,sh.603005,46.1600,47.9700,46.0400,47.6500,46.1500,16960593,801070733.3000
2022-01-18,sh.603005,47.5000,48.8000,46.8000,47.0900,47.6500,11301459,538380111.3500
2022-01-19,sh.603005,46.6500,47.3000,45.9100,46.5500,47.0900,8501571,395485094.5400
2022-01-20,sh.603005,46.5600,46.8700,45.1100,45.2100,46.5500,8393188,383821511.6900
2022-01-21,sh.603005,45.2100,45.6700,43.9400,44.3000,45.2100,8646840,386394440.5500
2022-01-24,sh.603005,44.3000,45.2500,44.0100,44.8300,44.3000,8088959,362212237.3300
2022-01-25,sh.603005,44.6100,44.9800,42.6400,42.7100,44.8300,11511610,499913997.5200
2022-01-26,sh.603005,43.0500,44.1400,42.9000,43.6000,42.7100,7419272,322129034.6300
2022-01-27,sh.603005,43.6000,44.3000,42.5100,42.5200,43.6000,8205074,354260317.3900
2022-01-28,sh.603005,43.0000,43.2300,41.7000,42.2300,42.5200,7175439,304888195.1000
2022-02-07,sh.603005,43.1000,43.2300,41.9500,42.3000,42.2300,7021335,298491388.1300
2022-02-08,sh.603005,42.3000,42.4500,39.9400,41.2500,42.3000,14229102,580667727.1500
2022-02-09,sh.603005,41.2400,41.7000,40.7000,41.6900,41.2500,8350428,344600233.5800
2022-02-10,sh.603005,42.0000,42.1600,40.5900,41.2000,41.6900,9942948,410670177.7900
2022-02-11,sh.603005,40.8700,41.5000,40.5700,40.7000,41.2000,7685927,314058178.9200
2022-02-14,sh.603005,40.3600,40.9000,39.3600,39.9900,40.7000,8854500,354935280.0400
2022-02-15,sh.603005,40.0600,41.5900,40.0600,41.5800,39.9900,10651645,437783009.8500
2022-02-16,sh.603005,42.0400,42.1000,40.8800,41.0200,41.5800,8399797,345834970.8600
2022-02-17,sh.603005,40.8000,41.6700,40.7000,41.1600,41.0200,7607839,313432792.4600
2022-02-18,sh.603005,40.5600,41.1000,40.3100,41.1000,41.1600,5713581,232688955.5600
2022-02-21,sh.603005,41.1000,41.4900,40.9000,41.3300,41.1000,6187855,254752526.5100
2022-02-22,sh.603005,41.0100,41.7100,40.0800,41.5800,41.3300,8781193,360086423.7800
2022-02-23,sh.603005,41.6100,45.7400,41.5000,45.7400,41.5800,25568962,1125995955.4200
2022-02-24,sh.603005,46.0000,46.0000,43.1500,44.4600,45.7400,25171504,1120381911.7200
2022-02-25,sh.603005,45.0000,45.4800,43.9300,44.2400,44.4600,14685318,653366013.8300
2022-02-28,sh.603005,43.8900,44.3800,43.3700,43.8300,44.2400,10421281,455973760.0000
2022-03-01,sh.603005,43.8500,44.4800,43.5300,44.4800,43.8300,9822397,431714304.0000
2022-03-02,sh.603005,43.9600,44.1800,43.5000,43.9000,44.4800,8763838,383949072.0000
2022-03-03,sh.603005,44.1000,44.3400,43.0400,43.2300,43.9000,6973346,304255664.0000
2022-03-04,sh.603005,42.6800,44.7200,42.5100,43.5200,43.2300,11974523,525019184.0000
2022-03-07,sh.603005,42.7900,42.7900,40.5000,40.8200,43.5200,13304802,548212752.0000
2022-03-08,sh.603005,40.7500,42.2800,39.8800,41.0600,40.8200,10981400,450668752.0000
2022-03-09,sh.603005,41.2500,41.8800,39.5000,41.1900,41.0600,10900318,445480976.0000
2022-03-10,sh.603005,41.9600,42.2300,40.7400,40.8000,41.1900,11480710,474564464.0000
2022-03-11,sh.603005,40.0000,41.1600,39.6100,41.1200,40.8000,8464810,341494368.0000
2022-03-14,sh.603005,40.4600,41.4500,40.2900,40.4600,41.1200,5637898,230337172.0000
2022-03-15,sh.603005,40.0000,41.0100,37.7500,37.9700,40.4600,11541155,457226992.0000
2022-03-16,sh.603005,38.6000,39.2700,36.2000,39.1100,37.9700,13298183,504480464.0000
2022-03-17,sh.603005,39.3600,40.8600,39.3600,40.2000,39.1100,13345109,537526720.0000
2022-03-18,sh.603005,39.7500,40.3800,39.4200,40.0900,40.2000,6072831,242617627.0400
2022-03-21,sh.603005,40.1000,40.4600,39.5000,39.7800,40.0900,6868564,274182960.0200
2022-03-22,sh.603005,40.1300,40.6700,39.2700,39.4600,39.7800,10172396,407706350.5800
2022-03-23,sh.603005,39.6000,41.4000,38.9100,40.9400,39.4600,14739848,594586030.4600
2022-03-24,sh.603005,40.3000,40.3700,39.6000,39.7500,40.9400,9328675,372181336.5100
2022-03-25,sh.603005,40.1000,40.9700,39.3800,39.4100,39.7500,9625149,386304547.5200
2022-03-28,sh.603005,38.7000,39.1500,37.8800,38.2500,39.4100,8761890,337549381.6300
2022-03-29,sh.603005,38.6000,38.6400,37.0200,37.1300,38.2500,7695595,288940869.1700
2022-03-30,sh.603005,37.3500,38.1700,37.1100,38.0700,37.1300,8775402,331180536.8100
2022-03-31,sh.603005,37.9600,37.9700,36.9400,37.0200,38.0700,6643038,248551648.8800
2022-04-01,sh.603005,37.0300,37.4800,36.5600,36.7200,37.0200,5838692,215409186.9400
2022-04-06,sh.603005,36.7200,36.7300,34.9900,35.4000,36.7200,11375130,404617429.2700
2022-04-07,sh.603005,35.0000,35.6800,34.5700,34.7000,35.4000,6440266,225343946.3600
2022-04-08,sh.603005,34.8000,35.3500,33.8900,35.2000,34.7000,7301994,253582969.8100
2022-04-11,sh.603005,36.4000,36.6400,33.7800,34.1000,35.2000,13392847,470721817.2200
2022-04-12,sh.603005,33.7000,34.5200,33.2000,34.4800,34.1000,7974791,271138803.8100
2022-04-13,sh.603005,34.2600,34.4500,33.3800,33.6000,34.4800,7107123,240548781.5800
2022-04-14,sh.603005,34.0500,34.4800,33.3600,33.9700,33.6000,10315676,349802710.3200
2022-04-15,sh.603005,33.3000,33.9600,32.9100,33.4900,33.9700,7946218,266185227.5500
2022-04-18,sh.603005,33.4900,35.4300,33.2600,35.3800,33.4900,13866923,481088414.7500
2022-04-19,sh.603005,35.0000,35.4500,34.7600,35.1600,35.3800,8162696,285647679.5800
2022-04-20,sh.603005,35.1600,35.7300,34.6300,34.7800,35.1600,7273896,256058368.6500
2022-04-21,sh.603005,34.6000,35.5000,33.7000,33.9000,34.7800,8064261,279020074.9800
2022-04-22,sh.603005,33.3400,34.0600,32.3200,32.3500,33.9000,9173545,301990720.1500
2022-04-25,sh.603005,31.4900,31.4900,29.2500,29.2500,32.3500,9811022,299399386.8400
2022-04-26,sh.603005,29.3600,29.8900,27.5100,27.7100,29.2500,11080724,317832919.4700
2022-04-27,sh.603005,27.0200,29.7400,27.0100,29.4500,27.7100,12470888,357784653.2400
2022-04-28,sh.603005,29.0100,29.6500,28.6600,28.9500,29.4500,9003108,261435686.0200
2022-04-29,sh.603005,28.0100,29.8600,28.0100,29.7400,28.9500,13180298,383372515.4800
2022-05-05,sh.603005,29.1000,30.0900,28.9700,29.2800,29.7400,11203447,329098726.8400
2022-05-06,sh.603005,28.3600,28.5200,27.7700,28.0800,29.2800,9383777,263777504.0000
2022-05-09,sh.603005,28.2300,28.4500,27.4700,27.7300,28.0800,8236770,229624748.7900
2022-05-10,sh.603005,27.1500,28.8200,27.0200,28.5100,27.7300,12288136,347300263.6700
2022-05-11,sh.603005,28.8600,31.3600,28.8300,30.5000,28.5100,23776010,731882156.7400
2022-05-12,sh.603005,30.5500,31.7300,30.3700,31.0000,30.5000,21829652,678078800.0200
2022-05-13,sh.603005,31.1100,31.2600,30.2900,30.8500,31.0000,12465433,382315113.8000
2022-05-16,sh.603005,31.2300,31.4000,30.0900,30.2400,30.8500,11536005,353240382.6700
2022-05-17,sh.603005,30.5600,31.9800,30.3000,31.6700,30.2400,18212930,569278474.3800
2022-05-18,sh.603005,31.9000,32.1600,31.4000,31.7200,31.6700,12362041,391578235.1200
2022-05-19,sh.603005,31.0500,32.2400,30.8400,32.2100,31.7200,13864546,438031830.7700
2022-05-20,sh.603005,20.0700,20.7000,19.7600,20.5800,19.9500,18072204,364865734.8900
2022-05-23,sh.603005,20.2500,20.4000,19.9600,20.3000,20.5800,19742561,398273844.1400
2022-05-24,sh.603005,20.0800,20.4500,19.1100,19.1500,20.3000,22475271,446249849.8600
2022-05-25,sh.603005,19.4100,19.7600,19.1800,19.3800,19.1500,14258649,276898668.8000
2022-05-26,sh.603005,19.3800,19.4500,18.8000,19.3100,19.3800,13812995,264364852.5400
2022-05-27,sh.603005,19.4800,19.7100,18.9100,19.1200,19.3100,14494320,279610131.1300
2022-05-30,sh.603005,19.1600,19.7100,18.9600,19.4600,19.1200,13458439,260853841.9100
2022-05-31,sh.603005,19.4600,19.9500,19.0000,19.9500,19.4600,21651118,423592278.0700
2022-06-01,sh.603005,19.8800,19.9300,19.5500,19.6800,19.9500,14830233,292597662.1100
2022-06-02,sh.603005,19.6800,20.2000,19.4100,20.1200,19.6800,25301945,504637699.6200
2022-06-06,sh.603005,20.0900,22.1300,20.0000,22.1300,20.1200,48894655,1021024997.9100
2022-06-07,sh.603005,22.5500,22.5600,21.5600,21.8300,22.1300,46396973,1020544117.4300
2022-06-08,sh.603005,21.7100,22.2000,21.2000,21.6600,21.8300,29882826,648218735.6900
2022-06-09,sh.603005,21.5800,21.6900,20.3900,20.5100,21.6600,30928309,644302281.5100
2022-06-10,sh.603005,20.2600,21.1600,20.2600,21.1000,20.5100,25752006,537828419.8400
2022-06-13,sh.603005,20.8000,21.1400,20.6400,20.9600,21.1000,20151517,420537164.7600
2022-06-14,sh.603005,20.7300,20.8300,19.9000,20.6200,20.9600,24551315,498900268.9800
2022-06-15,sh.603005,20.6300,21.4900,20.6300,21.0900,20.6200,35455739,748666204.2000
2022-06-16,sh.603005,21.1500,22.2600,21.0600,21.9800,21.0900,40970022,891909215.4400
2022-06-17,sh.603005,21.6800,21.9300,21.2000,21.7900,21.9800,27069746,585201596.4500
2022-06-20,sh.603005,21.8200,23.3700,21.6000,23.1200,21.7900,44759107,1004360857.5300
2022-06-21,sh.603005,22.8000,23.3500,22.5300,22.8700,23.1200,31405783,719903392.3000
2022-06-22,sh.603005,22.9800,23.2400,21.8500,21.8600,22.8700,27929278,624082627.7500
2022-06-23,sh.603005,21.7200,22.5000,21.7000,22.4300,21.8600,23514768,523502554.5900
2022-06-24,sh.603005,22.4400,22.9300,22.1600,22.7400,22.4300,28856413,652187950.8700
2022-06-27,sh.603005,22.6800,23.1500,22.5100,22.7800,22.7400,27942958,637522224.5700
2022-06-28,sh.603005,22.8000,25.0600,22.3200,25.0600,22.7800,42741709,1008923397.5000
2022-06-29,sh.603005,26.0000,27.5700,25.7000,27.5700,25.0600,108841456,2958094129.2100
2022-06-30,sh.603005,27.5000,30.2000,25.8500,28.3900,27.5700,143521679,4030514086.4600
2022-07-01,sh.603005,28.0800,28.3400,26.7100,26.9100,28.3900,82000860,2235961831.4000
2022-07-04,sh.603005,26.0000,27.9400,25.2000,27.4400,26.9100,73148157,1944633719.4300
2022-07-05,sh.603005,26.9000,27.8500,26.2600,26.7300,27.4400,56923380,1537038072.7200
2022-07-06,sh.603005,26.4100,28.0500,26.1400,27.3900,26.7300,62285984,1704677199.9500
2022-07-07,sh.603005,27.3000,28.0400,26.3800,27.9500,27.3900,55649435,1517481286.9000
2022-07-08,sh.603005,27.9600,29.5000,27.2000,27.2100,27.9500,75895770,2166861315.0200
2022-07-11,sh.603005,26.6200,26.6200,25.4300,25.5600,27.2100,50316282,1305159250.6500
2022-07-12,sh.603005,25.6000,25.9800,25.0800,25.1100,25.5600,31467239,800902009.8000
2022-07-13,sh.603005,25.1400,25.4600,24.4600,24.5300,25.1100,32030504,792397160.2700
2022-07-14,sh.603005,24.4200,24.9400,24.2700,24.4800,24.5300,26769791,659725146.6400
2022-07-15,sh.603005,24.5300,25.1500,24.0700,24.6500,24.4800,31438374,778765788.1300
2022-07-18,sh.603005,24.7000,25.6700,24.1200,25.4300,24.6500,31783774,791215429.2500
2022-07-19,sh.603005,25.5900,25.9800,25.1500,25.9800,25.4300,32774422,839931164.7600
2022-07-20,sh.603005,26.1500,27.1800,25.3100,25.3900,25.9800,45030845,1185586208.8900
2022-07-21,sh.603005,25.0100,26.6000,24.5800,26.6000,25.3900,52365022,1369218427.4000
2022-07-22,sh.603005,26.7000,26.7100,25.6800,25.9900,26.6000,31622900,824339545.9300
2022-07-25,sh.603005,25.6500,26.0700,24.9800,25.0000,25.9900,20498129,519291067.0900
2022-07-26,sh.603005,25.0100,25.2500,24.4500,25.1800,25.0000,17039787,424370115.2800
2022-07-27,sh.603005,24.9800,25.1400,24.5100,24.6600,25.1800,17692418,437336682.8000
2022-07-28,sh.603005,24.9900,25.7700,24.9400,25.0200,24.6600,32256426,818260375.2600
2022-07-29,sh.603005,24.7800,25.0000,23.6700,23.7500,25.0200,36163206,878184868.3100
2022-08-01,sh.603005,23.5800,24.4400,23.2100,24.2400,23.7500,22067767,530342576.7800
2022-08-02,sh.603005,23.8000,24.1900,22.8300,23.3000,24.2400,26582876,625782527.1600
2022-08-03,sh.603005,23.4000,24.5500,23.4000,23.8000,23.3000,33439907,800333620.5200
2022-08-04,sh.603005,24.0500,24.7500,23.9500,24.3600,23.8000,34224075,831373870.0000
2022-08-05,sh.603005,24.5900,26.8000,24.5000,26.8000,24.3600,62092813,1629370582.0000
2022-08-08,sh.603005,27.9100,29.0100,27.1000,28.4100,26.8000,116382519,3276903241.0000
2022-08-09,sh.603005,27.8900,31.2000,27.6100,30.3200,28.4100,97405866,2792545506.0000
2022-08-10,sh.603005,29.2000,31.1700,28.6100,29.1900,30.3200,98913356,2962839599.0000
2022-08-11,sh.603005,29.5000,29.9600,29.0000,29.0700,29.1900,65763642,1931986515.0000
2022-08-12,sh.603005,28.8300,29.7000,28.6200,28.7000,29.0700,52050804,1514877788.0000
2022-08-15,sh.603005,28.7000,28.9800,27.9000,27.9600,28.7000,44311100,1251157016.1000
2022-08-16,sh.603005,27.9700,28.5100,27.7600,28.5100,27.9600,44655868,1258830696.9300
2022-08-17,sh.603005,28.5000,29.0100,27.9600,28.7400,28.5100,42568436,1213342135.5000
2022-08-18,sh.603005,28.3000,29.3900,28.0000,28.8400,28.7400,44934406,1287978654.2200
2022-08-19,sh.603005,28.6600,29.4200,27.5000,27.5700,28.8400,40866370,1158528724.4300
2022-08-22,sh.603005,27.5200,27.9900,27.0200,27.8000,27.5700,22866764,632501847.2100
2022-08-23,sh.603005,27.5100,27.8900,27.2100,27.4800,27.8000,20256703,556352718.7900
2022-08-24,sh.603005,27.6000,27.6500,25.4700,25.5000,27.4800,42267080,1107212984.1500
2022-08-25,sh.603005,25.6000,25.8000,24.7600,25.1200,25.5000,23906804,602100560.6900
2022-08-26,sh.603005,25.4200,25.5000,24.3400,24.4100,25.1200,22379068,555586485.1600
2022-08-29,sh.603005,23.7800,24.6600,23.6600,23.9700,24.4100,18476348,445343746.9400
2022-08-30,sh.603005,24.0500,24.5900,23.8100,24.1200,23.9700,19934944,481707301.9700
2022-08-31,sh.603005,23.9000,24.1400,23.3500,23.6500,24.1200,18527028,439736173.4000
2022-09-01,sh.603005,23.9000,24.4500,23.5100,23.7800,23.6500,19132899,459377857.6200
2022-09-02,sh.603005,23.6100,24.5900,23.6100,24.4100,23.7800,24537175,596192807.6100
2022-09-05,sh.603005,24.2500,24.5600,23.7000,24.0500,24.4100,16084809,386834857.0800
2022-09-06,sh.603005,24.0500,24.2700,23.7600,24.2600,24.0500,16849151,405287536.1500
2022-09-07,sh.603005,24.2600,25.2500,24.1900,25.0000,24.2600,27988005,698067263.7700
2022-09-08,sh.603005,24.9600,24.9600,24.4600,24.5100,25.0000,15625615,384738195.9000
2022-09-09,sh.603005,24.4800,24.6500,24.1000,24.6000,24.5100,12370882,301166674.0700
2022-09-13,sh.603005,24.7900,24.9900,24.3000,24.3100,24.6000,12317104,303096588.4300
2022-09-14,sh.603005,23.7100,24.1000,23.6000,23.7700,24.3100,13052542,310629284.2900
2022-09-15,sh.603005,22.9900,22.9900,21.3900,21.3900,23.7700,40521438,881838565.8200
2022-09-16,sh.603005,21.0000,21.4900,20.6900,20.7600,21.3900,17771315,374367640.2600
2022-09-19,sh.603005,20.8600,21.0900,20.5200,20.7000,20.7600,11808730,245580706.0300
2022-09-20,sh.603005,20.7300,21.0800,20.5800,21.0000,20.7000,10735848,224069730.8600
2022-09-21,sh.603005,20.9400,20.9400,20.3200,20.7300,21.0000,11014012,227779471.1100
2022-09-22,sh.603005,20.5800,20.8600,20.3900,20.4800,20.7300,11340010,233786986.7600
2022-09-23,sh.603005,20.4100,20.7000,19.6300,19.8500,20.4800,16193097,323848363.3300
2022-09-26,sh.603005,19.7300,20.1300,19.5400,19.8600,19.8500,12443834,247884557.4300
2022-09-27,sh.603005,19.8000,20.2000,19.7600,20.1900,19.8600,10644018,213260261.6900
2022-09-28,sh.603005,20.2000,20.2000,19.4800,19.4800,20.1900,9707866,192245680.9300
2022-09-29,sh.603005,19.6900,19.9600,19.2600,19.4000,19.4800,9025842,176860668.1800
2022-09-30,sh.603005,19.4100,19.6000,18.9000,18.9100,19.4000,7519724,144298562.6200
2022-10-10,sh.603005,18.9100,18.9100,17.8900,17.9400,18.9100,12543800,228752939.9400
2022-10-11,sh.603005,18.0300,18.1000,17.7200,17.8600,17.9400,9429813,168655460.4700
2022-10-12,sh.603005,17.9500,18.8400,17.8200,18.8000,17.8600,16158414,295588263.8700
2022-10-13,sh.603005,18.7400,19.2900,18.5900,18.9400,18.8000,13303562,252559936.1700
2022-10-14,sh.603005,19.2000,19.5000,18.9600,19.4400,18.9400,13563056,261683896.4600
2022-10-17,sh.603005,19.2700,19.9300,19.2000,19.8600,19.4400,14568377,286914973.6400
2022-10-18,sh.603005,19.9500,19.9900,19.5000,19.6700,19.8600,11676680,229956694.5700
2022-10-19,sh.603005,19.6100,19.8400,19.4000,19.4700,19.6700,9722886,190883887.0200
2022-10-20,sh.603005,19.3300,20.8500,19.1400,20.5500,19.4700,38054919,770216853.8100
2022-10-21,sh.603005,20.2600,20.4800,19.6500,19.9700,20.5500,22099144,441564535.7500
2022-10-24,sh.603005,20.0000,20.5900,19.6200,19.8300,19.9700,17299675,348815890.1800
2022-10-25,sh.603005,19.7100,19.9200,19.1000,19.4000,19.8300,15532978,302724911.8000
2022-10-26,sh.603005,19.5000,20.3600,19.2200,20.0500,19.4000,19909807,396695099.9100
2022-10-27,sh.603005,19.9600,21.4800,19.9100,20.7400,20.0500,33158583,684357327.6500
2022-10-28,sh.603005,20.3700,21.0400,19.8800,19.8800,20.7400,25965244,534615953.0200
2022-10-31,sh.603005,19.3100,20.3900,19.1000,20.1900,19.8800,19983931,400238535.9900
2022-11-01,sh.603005,20.1800,20.5900,19.7800,20.5300,20.1900,18965967,384872992.7400
2022-11-02,sh.603005,20.6500,21.5200,20.6500,20.9400,20.5300,31628097,669141904.5000
2022-11-03,sh.603005,20.6000,21.7300,20.6000,21.6200,20.9400,31322642,665497198.7600
2022-11-04,sh.603005,21.4600,21.8800,21.1600,21.6200,21.6200,26862754,578237705.8600
2022-11-07,sh.603005,21.6200,21.8900,21.2100,21.3500,21.6200,19949062,429012121.0200
2022-11-08,sh.603005,21.4500,21.5000,20.9500,21.0200,21.3500,13843769,292013424.9500
2022-11-09,sh.603005,21.0600,21.2800,20.9000,21.2800,21.0200,12629425,266571337.3400
2022-11-10,sh.603005,21.0400,21.2600,20.6200,20.6300,21.2800,18715299,390804922.3400
2022-11-11,sh.603005,21.2000,21.4800,20.8000,20.8100,20.6300,19295372,407901839.0500
2022-11-14,sh.603005,20.8200,21.2000,20.5500,20.7600,20.8100,13507734,282056931.5600
2022-11-15,sh.603005,20.5200,21.9600,20.5200,21.9500,20.7600,38821034,836464861.6500
2022-11-16,sh.603005,21.9900,22.0400,21.5000,21.6400,21.9500,22955617,499112009.2400
2022-11-17,sh.603005,21.5000,22.5700,21.2200,22.4300,21.6400,33528979,736982142.8100
2022-11-18,sh.603005,22.1600,22.5600,21.8400,21.8900,22.4300,20625040,456797422.0300
2022-11-21,sh.603005,21.7500,22.1100,21.6300,22.0900,21.8900,12919133,283234624.2200
2022-11-22,sh.603005,21.9200,22.3600,21.6000,21.6900,22.0900,15873565,348740413.4900
2022-11-23,sh.603005,21.6900,21.7700,20.9300,21.2900,21.6900,13189955,281290857.3200
2022-11-24,sh.603005,21.3100,21.5700,21.0000,21.0100,21.2900,10399097,219770606.6900
2022-11-25,sh.603005,20.9000,21.3200,20.5000,20.5500,21.0100,11392151,238111116.3500
2022-11-28,sh.603005,20.1300,20.4500,20.0000,20.2700,20.5500,9738838,196909691.7900
2022-11-29,sh.603005,20.3600,20.7400,20.2700,20.5600,20.2700,10467848,214905832.5600
2022-11-30,sh.603005,20.5600,20.9300,20.4100,20.5200,20.5600,8573384,176664870.1900
2022-12-01,sh.603005,20.7000,21.0700,20.5700,20.6800,20.5200,11203601,232983696.5100
2022-12-02,sh.603005,20.5200,20.8900,20.5100,20.6400,20.6800,7303254,151011325.3000
2022-12-05,sh.603005,20.7400,20.8500,20.5400,20.8200,20.6400,10583246,219139713.8300
2022-12-06,sh.603005,20.7800,21.5100,20.7100,21.4000,20.8200,20158561,428550902.4400
2022-12-07,sh.603005,21.3000,21.3000,21.0800,21.1300,21.4000,10577887,223703415.0600
2022-12-08,sh.603005,21.0800,21.1000,20.5000,20.5100,21.1300,11732994,243063861.2500
2022-12-09,sh.603005,20.4600,20.8000,20.3800,20.4600,20.5100,10930204,224569354.8400
2022-12-12,sh.603005,19.8600,20.4300,19.4800,20.1700,20.4600,19251473,384229995.0000
2022-12-13,sh.603005,20.1000,20.1300,19.6000,19.6900,20.1700,10823455,214721861.5600
2022-12-14,sh.603005,20.5800,21.6600,20.4100,21.2000,19.6900,58485553,1239443995.5100
2022-12-15,sh.603005,20.9400,22.6000,20.7800,22.0000,21.2000,59615625,1313465366.2100
2022-12-16,sh.603005,21.7000,21.7900,21.0100,21.2100,22.0000,34485632,732711992.2200
2022-12-19,sh.603005,21.2100,21.2100,20.3000,20.3900,21.2100,20480481,423699251.5600
2022-12-20,sh.603005,20.3900,21.2300,20.2000,20.5900,20.3900,19405990,402067957.4600
2022-12-21,sh.603005,20.3200,20.7400,19.6900,20.0200,20.5900,25080242,504965069.8300
2022-12-22,sh.603005,19.9900,20.1100,19.3500,19.4300,20.0200,16471640,323201527.1500
2022-12-23,sh.603005,19.1100,19.3700,18.6600,18.7700,19.4300,15447266,292489517.2400
2022-12-26,sh.603005,18.7900,19.4300,18.7900,19.3500,18.7700,12360569,237562718.3100
2022-12-27,sh.603005,19.3800,19.3800,18.9600,19.3100,19.3500,13271583,254036257.6700
2022-12-28,sh.603005,19.3000,19.3000,18.9200,18.9300,19.3100,8574928,162979734.0200
2022-12-29,sh.603005,18.8800,18.9900,18.4600,18.5500,18.9300,13552261,253229874.3600
2022-12-30,sh.603005,18.7000,18.8800,18.4300,18.5500,18.5500,7801827,145117282.3900
2023-01-03,sh.603005,18.5400,19.0200,18.4700,18.9900,18.5500,9930292,186976849.3000
2023-01-04,sh.603005,19.0900,19.5500,18.8800,19.0400,18.9900,14527594,278570336.9300
2023-01-05,sh.603005,18.8800,19.3100,18.8300,19.1800,19.0400,10994618,210048584.5700
2023-01-06,sh.603005,19.1000,19.4600,19.0000,19.2200,19.1800,10834546,208666515.2600
2023-01-09,sh.603005,19.3300,19.5300,19.1700,19.2300,19.2200,10137554,195939129.6300
2023-01-10,sh.603005,19.2800,19.6000,19.2500,19.4700,19.2300,14346421,279451265.2600
2023-01-11,sh.603005,19.4700,19.9700,19.2700,19.2800,19.4700,16298539,320310811.9800
2023-01-12,sh.603005,19.3400,19.4100,19.0500,19.1700,19.2800,9731235,187233999.6500
2023-01-13,sh.603005,19.2000,19.2900,19.0600,19.2200,19.1700,7579080,145189961.0500
2023-01-16,sh.603005,19.0300,19.8800,18.9800,19.6900,19.2200,16862707,330034651.1200
2023-01-17,sh.603005,19.7000,20.2000,19.6900,19.8500,19.6900,15030524,299900200.0000
2023-01-18,sh.603005,19.8800,20.1500,19.7000,19.9500,19.8500,11173689,223103374.8700
2023-01-19,sh.603005,19.8500,20.4400,19.8000,20.4000,19.9500,15667635,316817730.5200
2023-01-20,sh.603005,20.4000,20.5600,20.3100,20.5500,20.4000,13169887,269408081.7600
2023-01-30,sh.603005,20.7900,21.0000,20.4500,20.5000,20.5500,14827199,305932564.5600
2023-01-31,sh.603005,20.3000,20.4500,20.1000,20.1800,20.5000,15282299,309025675.0500
2023-02-01,sh.603005,20.1800,20.7900,20.1600,20.6900,20.1800,17844345,367426372.8700
2023-02-02,sh.603005,20.7800,21.3000,20.7800,20.9500,20.6900,22965528,481669844.8500
2023-02-03,sh.603005,20.8800,21.2500,20.7100,21.2000,20.9500,19338259,405833109.0300
2023-02-06,sh.603005,21.0500,21.2000,20.8100,20.9400,21.2000,10874736,227873718.2000
2023-02-07,sh.603005,21.1600,21.3000,20.9800,21.2200,20.9400,13589338,287001610.2300
2023-02-08,sh.603005,21.2200,21.4500,20.8300,20.8400,21.2200,16082918,338679387.3800
2023-02-09,sh.603005,20.7500,21.6000,20.5000,21.6000,20.8400,27648924,588240979.5400
2023-02-10,sh.603005,21.6000,21.8900,21.3900,21.6000,21.6000,21782421,471650306.7200
2023-02-13,sh.603005,21.6300,21.8500,21.4500,21.7000,21.6000,15116628,326962821.9500
2023-02-14,sh.603005,21.7100,22.4800,21.5500,21.7300,21.7000,25531449,560870518.1400
2023-02-15,sh.603005,21.6000,22.1500,21.4400,22.0600,21.7300,21121164,461679176.5800
2023-02-16,sh.603005,22.0600,22.2700,21.1100,21.3000,22.0600,23422693,509230035.7600
2023-02-17,sh.603005,21.4500,21.5000,20.6600,20.6700,21.3000,19103298,400768437.6700
2023-02-20,sh.603005,20.6600,21.2500,20.4900,21.1900,20.6700,15499285,322601382.7300
2023-02-21,sh.603005,21.0700,21.4400,20.7600,20.9900,21.1900,12489508,263210410.3100
2023-02-22,sh.603005,20.8000,21.2000,20.7300,20.9500,20.9900,8805104,184255751.5600
2023-02-23,sh.603005,20.9000,21.0500,20.6000,20.7200,20.9500,9576711,199234397.3800
2023-02-24,sh.603005,20.8600,21.0800,20.5800,20.7700,20.7200,11325595,235710969.2600
2023-02-27,sh.603005,20.6100,20.7500,20.1900,20.3500,20.7700,10600285,216872585.6500
2023-02-28,sh.603005,20.4000,20.7700,20.1300,20.4800,20.3500,10423104,212903957.3900
2023-03-01,sh.603005,20.4800,20.9500,20.4000,20.8300,20.4800,12918032,267724028.1900
2023-03-02,sh.603005,20.9100,21.0800,20.5100,20.7000,20.8300,10695928,223251749.8300
2023-03-03,sh.603005,21.0900,21.4800,20.8500,21.4800,20.7000,28914723,614828990.9400
2023-03-06,sh.603005,21.6000,21.7500,21.1300,21.3300,21.4800,18712451,399882538.7800
2023-03-07,sh.603005,21.1900,21.4100,20.4500,20.5000,21.3300,16975193,354437088.5400
2023-03-08,sh.603005,20.4100,22.2400,20.3700,21.8200,20.5000,37461449,808393739.1900
2023-03-09,sh.603005,21.8200,22.2300,21.6600,21.8700,21.8200,35548051,781140993.7900
2023-03-10,sh.603005,21.5300,22.0500,21.4500,21.5600,21.8700,24249106,527689414.3600
2023-03-13,sh.603005,21.4800,21.6500,21.1000,21.4000,21.5600,16170399,344678554.3600
2023-03-14,sh.603005,21.4100,23.5400,21.0500,23.5400,21.4000,57680181,1292199296.2000
2023-03-15,sh.603005,24.2900,25.6400,23.8900,25.3000,23.5400,115588693,2877288302.5000
2023-03-16,sh.603005,25.3100,26.5500,24.8000,25.0900,25.3000,102525900,2613619918.3000
2023-03-17,sh.603005,24.6200,25.8800,24.3300,25.8100,25.0900,95615100,2410108824.5000
2023-03-20,sh.603005,25.4000,26.4900,25.2400,25.2400,25.8100,78462784,2023846578.2800
2023-03-21,sh.603005,24.9200,25.3800,24.2500,24.7400,25.2400,57944788,1432242806.8800
2023-03-22,sh.603005,24.7300,24.9700,24.3200,24.8500,24.7400,39456915,974236398.8900
2023-03-23,sh.603005,24.5000,25.6800,24.4500,25.6100,24.8500,70925712,1783960657.8700
2023-03-24,sh.603005,25.3000,25.5300,24.9300,25.1100,25.6100,49696208,1251110500.3400
2023-03-27,sh.603005,24.9700,25.8500,24.8000,24.8400,25.1100,52037128,1313236539.7600
2023-03-28,sh.603005,24.9900,25.3400,24.5000,24.7700,24.8400,37664852,937235899.0600
2023-03-29,sh.603005,24.5200,24.9700,23.7600,24.4100,24.7700,48437086,1178363410.2200
2023-03-30,sh.603005,24.3900,25.3500,24.3000,24.6600,24.4100,45486029,1133348957.5500
2023-03-31,sh.603005,24.5100,24.9200,24.2800,24.6800,24.6600,30950798,759871079.6900
2023-04-03,sh.603005,24.8900,25.6900,24.8700,25.5400,24.6800,56909200,1439854646.7100
2023-04-04,sh.603005,25.5100,26.2800,25.2600,25.5900,25.5400,64471869,1661942279.3000
2023-04-06,sh.603005,25.5500,28.0500,25.3800,27.1900,25.5900,90858440,2452053682.8400
2023-04-07,sh.603005,27.1900,27.3800,26.3800,26.7300,27.1900,51613596,1381404506.6800
2023-04-10,sh.603005,27.8000,29.2700,27.6300,28.0000,26.7300,106172224,3019866989.7100
2023-04-11,sh.603005,27.9100,28.5100,27.1900,28.1800,28.0000,61779526,1724166551.8800
2023-04-12,sh.603005,28.2000,28.2200,26.5200,27.2600,28.1800,59379650,1622184904.1000
2023-04-13,sh.603005,26.8600,27.2100,25.9000,26.0000,27.2600,44407203,1176656398.3700
2023-04-14,sh.603005,26.2400,28.6000,25.2500,28.6000,26.0000,80880629,2198576049.2900
2023-04-17,sh.603005,29.5000,29.6500,28.2000,28.4200,28.6000,86591199,2499033735.4500
2023-04-18,sh.603005,28.2900,28.4100,27.3600,27.6600,28.4200,48213210,1335348975.1000
2023-04-19,sh.603005,27.7500,28.6900,27.5100,27.5700,27.6600,59459918,1669273651.8500
2023-04-20,sh.603005,27.0000,28.1800,26.8900,27.5700,27.5700,53348407,1477575352.4800
2023-04-21,sh.603005,27.1500,27.3600,25.3500,25.3700,27.5700,57570353,1509470965.3600
2023-04-24,sh.603005,25.1800,25.7400,24.1000,24.3100,25.3700,45085463,1115951728.2800
2023-04-25,sh.603005,24.0000,24.2500,22.8000,23.0300,24.3100,43677353,1024404214.1300
2023-04-26,sh.603005,22.8600,23.2000,22.0400,22.3300,23.0300,37687316,849958741.5600
2023-04-27,sh.603005,22.2200,22.8300,22.1000,22.3900,22.3300,26840601,603055601.4400
2023-04-28,sh.603005,22.3500,22.7800,22.2200,22.5500,22.3900,27190640,614354981.5200
2023-05-04,sh.603005,22.2500,22.4400,21.5300,21.6600,22.5500,28775478,627848657.2100
2023-05-05,sh.603005,21.7400,22.1400,21.3000,21.8300,21.6600,24940141,543148964.7800
2023-05-08,sh.603005,22.0100,22.2200,21.7100,22.1300,21.8300,21130379,465837531.0000
2023-05-09,sh.603005,22.0600,22.9400,21.8600,22.7000,22.1300,37888350,849621473.4100
2023-05-10,sh.603005,22.5400,22.6300,21.8500,22.3000,22.7000,22875320,507810462.7700
2023-05-11,sh.603005,22.3800,22.8500,22.3500,22.7500,22.3000,25602087,579812122.0400
2023-05-12,sh.603005,22.6000,23.4900,22.6000,22.8100,22.7500,27203043,625925391.1600
2023-05-15,sh.603005,22.5900,22.6500,22.0700,22.4500,22.8100,21749342,484969392.8100
2023-05-16,sh.603005,22.3100,22.7500,21.7000,22.6200,22.4500,27465847,612534742.7400
2023-05-17,sh.603005,22.2500,23.0900,22.2000,22.6700,22.6200,21346220,485593975.7200
2023-05-18,sh.603005,22.6700,22.8700,22.5000,22.7300,22.6700,18919576,429311989.7200
2023-05-19,sh.603005,22.7000,23.8600,22.6600,23.7100,22.7300,44518984,1041628991.1600
2023-05-22,sh.603005,23.9100,24.0000,23.0100,23.0600,23.7100,33278570,774617639.3900
2023-05-23,sh.603005,22.9100,22.9200,22.2500,22.2500,23.0600,20739869,468475045.6900
2023-05-24,sh.603005,22.1200,22.9800,22.0600,22.6500,22.2500,23179487,524974266.1200
2023-05-25,sh.603005,22.5000,22.9800,22.2000,22.7600,22.6500,19900739,448972181.8200
2023-05-26,sh.603005,22.7800,23.1200,22.6000,22.9100,22.7600,20052979,459257738.9000
2023-05-29,sh.603005,23.0900,23.4300,22.8800,22.9200,22.9100,25285291,586087612.2000
2023-05-30,sh.603005,22.7800,22.8300,22.2000,22.7400,22.9200,22558709,506552379.2400
2023-05-31,sh.603005,22.7500,23.1000,22.4900,22.9200,22.7400,22538535,513289003.9100
2023-06-01,sh.603005,22.0000,22.0000,20.6300,21.2300,22.9200,64281057,1347963081.7500
2023-06-02,sh.603005,21.2300,21.4300,20.9200,21.2000,21.2300,29482739,624163170.3000
2023-06-05,sh.603005,21.2000,21.6500,21.2000,21.3000,21.2000,19268846,412607797.6700
2023-06-06,sh.603005,21.2800,21.3000,20.4800,20.5300,21.3000,21051228,438478088.9800
2023-06-07,sh.603005,20.5000,21.1600,20.4500,21.0600,20.5300,20105275,421338905.9200
2023-06-08,sh.603005,20.8400,20.9400,20.4000,20.4600,21.0600,15692451,323093638.7400
2023-06-09,sh.603005,20.4600,20.5700,20.0200,20.5500,20.4600,23421986,475004064.9400
2023-06-12,sh.603005,20.4700,20.8600,20.3800,20.8200,20.5500,15116156,313437015.5600
2023-06-13,sh.603005,20.8000,21.2600,20.5200,21.1900,20.8200,19753734,415040443.0000
2023-06-14,sh.603005,21.1900,21.3200,20.8900,21.2000,21.1900,16735704,353353629.2300
2023-06-15,sh.603005,21.1400,21.3500,21.0200,21.1000,21.2000,14417686,305213472.4200
2023-06-16,sh.603005,21.1200,21.3700,20.9200,21.2500,21.1000,14857984,314921088.2000
2023-06-19,sh.603005,21.2500,21.6200,21.1400,21.4500,21.2500,18808572,402655504.0200
2023-06-20,sh.603005,21.4000,21.5900,21.2600,21.4300,21.4500,14502886,310604321.1600
2023-06-21,sh.603005,21.3200,21.3700,20.7800,20.7900,21.4300,15831566,332696240.6100
2023-06-26,sh.603005,20.4800,20.7800,20.1200,20.1600,20.7900,15242888,310092018.9700
2023-06-27,sh.603005,20.3000,20.4000,20.0800,20.2500,20.1600,10460011,211267100.1900
2023-06-28,sh.603005,20.2100,20.2100,19.4700,19.8600,20.2500,16561099,327956333.4800
2023-06-29,sh.603005,19.8000,20.2100,19.7000,20.0200,19.8600,9978779,200246602.9400
2023-06-30,sh.603005,19.9600,20.2700,19.8900,20.2000,20.0200,12008531,241518534.0800
2023-07-03,sh.603005,20.2800,20.5400,20.2100,20.2600,20.2000,11780057,239390542.4200
2023-07-04,sh.603005,20.3900,20.9800,20.3100,20.7200,20.2600,21132586,436092448.2700
2023-07-05,sh.603005,20.7000,20.8800,20.5000,20.5300,20.7200,12713984,263113525.8800
2023-07-06,sh.603005,20.4100,20.8500,20.3100,20.5900,20.5300,10266423,211894253.4500
2023-07-07,sh.603005,20.5900,20.6500,20.1000,20.1700,20.5900,10828431,219493752.6100
2023-07-10,sh.603005,20.1000,20.2200,19.9400,20.0500,20.1000,7212071,144754832.3700
2023-07-11,sh.603005,20.1300,21.0600,20.0200,20.8600,20.0500,21817642,449502909.3100
2023-07-12,sh.603005,20.8000,21.4900,20.4000,20.4400,20.8600,23866736,499786208.7100
2023-07-13,sh.603005,20.6300,21.2000,20.4800,20.8900,20.4400,20353380,425436930.5100
2023-07-14,sh.603005,21.0700,21.9100,21.0700,21.1600,20.8900,31801903,682493386.2200
2023-07-17,sh.603005,21.2000,21.8000,20.8300,21.7000,21.1600,33995794,725774601.3400
2023-07-18,sh.603005,22.9000,23.8700,22.9000,23.8700,21.7000,27071907,642251241.7700
2023-07-19,sh.603005,24.0100,25.0000,23.7400,23.7900,23.8700,118962556,2890814888.4700
2023-07-20,sh.603005,23.5500,24.5700,23.1300,24.4300,23.7900,96755193,2313165529.3400
2023-07-21,sh.603005,23.9300,25.7800,23.7100,23.8100,24.4300,85343399,2088527051.2300
2023-07-24,sh.603005,23.1300,24.3500,22.7100,23.5900,23.8100,60506690,1442083552.7700
2023-07-25,sh.603005,23.9500,24.1800,23.2600,23.7700,23.5900,45149833,1070481795.5900
2023-07-26,sh.603005,23.9200,24.1200,23.2700,23.3600,23.7700,36440610,858867166.0500
2023-07-27,sh.603005,23.0000,23.5500,22.2700,22.3400,23.3600,48429746,1102033997.4900
2023-07-28,sh.603005,22.6100,22.7600,21.8700,22.3800,22.3400,32315381,719957117.6100
2023-07-31,sh.603005,22.1800,22.6200,21.9200,22.5000,22.3800,24865579,557479651.2300
2023-08-01,sh.603005,22.3900,22.6800,22.2800,22.3400,22.5000,24029659,539045768.7800
2023-08-02,sh.603005,22.1600,22.5500,22.0800,22.5000,22.3400,21530974,481900525.3400
2023-08-03,sh.603005,22.4500,22.4500,21.9400,22.0300,22.5000,27144083,600272039.0200
2023-08-04,sh.603005,22.0000,22.2300,21.7700,22.1200,22.0300,23894955,526716535.7500
2023-08-07,sh.603005,22.0800,22.2200,21.9100,22.1600,22.1200,15758210,347617795.2400
2023-08-08,sh.603005,22.2000,22.4500,21.7700,21.9000,22.1600,20204837,445259803.0700
2023-08-09,sh.603005,21.7700,21.8200,21.2800,21.3000,21.9000,21377493,459572993.4300
2023-08-10,sh.603005,21.2500,21.4000,21.1000,21.1500,21.3000,11797751,250439847.1700
2023-08-11,sh.603005,21.0900,21.1700,20.4500,20.5000,21.1500,17646299,366483003.6600
2023-08-14,sh.603005,20.2600,20.3900,20.0200,20.3900,20.5000,13104304,265070076.0900
2023-08-15,sh.603005,20.3900,20.5400,19.9600,20.1300,20.3900,10678033,215479477.0100
2023-08-16,sh.603005,20.0000,20.1800,19.6300,19.6900,20.1300,13682755,272046993.3100
2023-08-17,sh.603005,19.5100,19.9800,19.4500,19.8500,19.6900,12363806,244414830.1400
2023-08-18,sh.603005,19.8500,19.9900,19.2700,19.2700,19.8500,15988151,313918584.5300
2023-08-21,sh.603005,19.2200,19.4200,18.8800,18.8900,19.2700,14263336,272898171.7200
2023-08-22,sh.603005,18.9700,19.2800,18.7000,19.2100,18.8900,13890826,263942389.9800
2023-08-23,sh.603005,19.1200,19.1200,18.6100,18.6200,19.2100,11142123,210118952.2800
2023-08-24,sh.603005,18.8000,19.1200,18.5700,18.8000,18.6200,12208905,230198524.9700
2023-08-25,sh.603005,18.5800,18.6100,17.9800,18.0800,18.8000,15582006,284591939.9800
2023-08-28,sh.603005,19.2500,19.2500,18.3200,18.3800,18.0800,18319371,343759754.4100
2023-08-29,sh.603005,18.2900,19.0400,18.2900,18.9800,18.3800,16533079,310601430.9500
2023-08-30,sh.603005,19.2000,19.8800,19.1200,19.4000,18.9800,30731501,599083485.4200
2023-08-31,sh.603005,19.3000,21.3400,19.2200,21.3400,19.4000,45445635,916457057.7000
2023-09-01,sh.603005,21.9700,22.2400,21.1000,21.4400,21.3400,74067670,1602865990.5300
2023-09-04,sh.603005,21.3000,22.2100,21.2800,22.1200,21.4400,60645330,1317639517.4600
2023-09-05,sh.603005,21.7400,22.3600,21.5600,21.6800,22.1200,53713856,1178592952.8900
2023-09-06,sh.603005,21.4900,23.6500,21.4200,22.7500,21.6800,84274885,1898267552.2600
2023-09-07,sh.603005,22.2100,22.2100,21.6600,21.6800,22.7500,50930355,1115740202.6200
2023-09-08,sh.603005,21.9000,23.0300,21.8600,22.4300,21.6800,66121634,1481783125.9000
2023-09-11,sh.603005,22.7000,23.2100,22.2200,22.4100,22.4300,58002426,1313279757.4400
2023-09-12,sh.603005,22.3900,22.8400,22.0000,22.1000,22.4100,43360554,966667509.2700
2023-09-13,sh.603005,22.0000,22.2100,21.4800,21.6600,22.1000,37085619,805505756.7000
2023-09-14,sh.603005,21.6800,21.7800,21.2100,21.5100,21.6600,24836837,532736932.7400
2023-09-15,sh.603005,21.6900,23.6600,21.3300,23.6600,21.5100,75728183,1724894665.3200
2023-09-18,sh.603005,23.1500,25.6600,22.9000,23.6900,23.6600,128918996,3052760855.8300
2023-09-19,sh.603005,23.0700,23.2800,22.5000,22.7600,23.6900,63716845,1453493156.7400
2023-09-20,sh.603005,22.7800,22.8600,21.7800,21.8100,22.7600,54252997,1201408207.2500
2023-09-21,sh.603005,21.8500,22.7700,21.6800,22.3600,21.8100,53897600,1194057450.0100
2023-09-22,sh.603005,22.0300,22.8000,22.0000,22.6800,22.3600,53254450,1200410633.2900
2023-09-25,sh.603005,22.4900,23.0800,22.2400,22.6000,22.6800,50744638,1151637966.6700
2023-09-26,sh.603005,22.2600,22.4700,21.8000,21.8300,22.6000,39252272,863997046.8200
2023-09-27,sh.603005,21.7200,21.9400,21.4400,21.4500,21.8300,30049057,650757978.9500
2023-09-28,sh.603005,21.4000,21.9000,21.1300,21.6000,21.4500,32723994,704138533.4500
2023-10-09,sh.603005,21.4700,22.0500,21.4000,21.8100,21.6000,27962480,610181442.3800
2023-10-10,sh.603005,21.9000,23.1500,21.7500,22.7400,21.8100,58771864,1321438980.6100
2023-10-11,sh.603005,22.6000,24.7200,22.4800,23.6800,22.7400,85322022,2008427247.8400
2023-10-12,sh.603005,23.6300,23.8800,23.1000,23.3400,23.6800,45484143,1062824624.3600
2023-10-13,sh.603005,23.2300,24.5000,23.1500,23.8700,23.3400,64556378,1536996587.8900
2023-10-16,sh.603005,24.0000,24.1800,22.9600,23.4700,23.8700,46710902,1091376401.3900
2023-10-17,sh.603005,23.2200,23.3400,22.6100,23.1200,23.4700,31856504,732380911.0600
2023-10-18,sh.603005,22.8800,23.4000,22.5100,22.5800,23.1200,28241459,645246143.3300
2023-10-19,sh.603005,22.4200,24.8400,22.3100,24.3600,22.5800,115786096,2823964560.6600
2023-10-20,sh.603005,23.8300,24.1200,22.9500,23.3100,24.3600,76780729,1813288004.9500
2023-10-23,sh.603005,23.1200,23.7800,22.5900,22.9100,23.3100,47251606,1090019527.1000
2023-10-24,sh.603005,22.9000,23.0000,20.6200,20.6200,22.9100,82686013,1729716467.4900
2023-10-25,sh.603005,20.4200,22.6800,20.3700,22.6800,20.6200,88644662,1978635851.1700
2023-10-26,sh.603005,22.6500,23.4000,22.2300,22.6500,22.6800,74846421,1705661512.3500
2023-10-27,sh.603005,22.6500,23.3300,21.9000,23.0500,22.6500,56462322,1283063225.0500
2023-10-30,sh.603005,23.0600,24.1300,23.0000,23.9600,23.0500,70032968,1654452361.0700
2023-10-31,sh.603005,23.8000,24.1100,23.4600,23.7400,23.9600,50741759,1204585011.0700
2023-11-01,sh.603005,23.6000,23.8800,23.1900,23.2100,23.7400,32501942,760649625.7600
2023-11-02,sh.603005,23.3300,23.5100,22.8000,22.8700,23.2100,25528865,587947298.6500
2023-11-03,sh.603005,22.9200,24.3800,22.5000,24.0500,22.8700,67474827,1592382007.9400
2023-11-06,sh.603005,24.3000,24.8900,23.8800,24.6400,24.0500,70101272,1707400117.7700
2023-11-07,sh.603005,24.5800,26.1500,24.4700,25.5300,24.6400,87973813,2233196307.0000
2023-11-08,sh.603005,25.2300,25.8300,25.0500,25.4300,25.5300,58029040,1474709347.4400
2023-11-09,sh.603005,25.4300,25.7800,24.7200,24.7400,25.4300,47255999,1186694263.3300
2023-11-10,sh.603005,24.6000,25.4000,24.5200,24.6700,24.7400,35376976,880866793.2600
2023-11-13,sh.603005,25.1000,25.1300,24.4800,24.6300,24.6700,31510262,777346975.0600
2023-11-14,sh.603005,24.5800,25.2800,24.4000,25.1200,24.6300,40584420,1012566691.1900
2023-11-15,sh.603005,25.5800,25.6800,24.7100,24.8400,25.1200,38848741,972576707.6700
2023-11-16,sh.603005,24.5500,24.8400,24.2200,24.4700,24.8400,22986959,564278517.9800
2023-11-17,sh.603005,24.4600,24.7500,24.3600,24.6100,24.4700,22604913,554746776.6000
2023-11-20,sh.603005,25.1700,26.4000,25.0000,25.8500,24.6100,69261596,1778170905.3900
2023-11-21,sh.603005,25.5200,25.6100,24.6200,24.7200,25.8500,47943126,1202246704.1600
2023-11-22,sh.603005,24.4900,26.8800,24.4200,25.4600,24.7200,68470223,1755259380.9600
2023-11-23,sh.603005,25.2200,25.8400,25.2000,25.5100,25.4600,42015905,1071359295.5900
2023-11-24,sh.603005,25.3100,25.3100,24.0700,24.1600,25.5100,41609488,1021252655.4100
2023-11-27,sh.603005,23.9600,24.6500,23.5000,24.3700,24.1600,29529851,710741276.5500
2023-11-28,sh.603005,24.3500,25.1000,23.8100,24.6500,24.3700,31534239,769305995.2000
2023-11-29,sh.603005,24.3800,24.9800,24.0500,24.0600,24.6500,26414816,648757875.9800
2023-11-30,sh.603005,23.9500,23.9800,23.0400,23.3500,24.0600,31331787,733600027.5500
2023-12-01,sh.603005,23.3000,23.6800,23.1700,23.5900,23.3500,21424688,501259822.9500
2023-12-04,sh.603005,23.4100,23.8300,23.4100,23.4800,23.5900,17194806,405462340.7000
2023-12-05,sh.603005,23.2000,23.2200,22.2500,22.2900,23.4800,31164541,702858935.1100
2023-12-06,sh.603005,22.2600,22.5400,22.2200,22.3300,22.2900,14782329,330575577.8800
2023-12-07,sh.603005,22.3600,22.4800,21.8100,21.9700,22.3300,19799305,437753486.1400
2023-12-08,sh.603005,22.1000,22.7300,22.0800,22.6300,21.9700,28744364,648060128.2200
2023-12-11,sh.603005,22.4200,22.9900,22.2400,22.9900,22.6300,22380462,507779156.9900
2023-12-12,sh.603005,22.9800,23.0500,22.7800,22.9200,22.9900,15125684,346332002.0400
2023-12-13,sh.603005,22.8800,23.0300,22.5100,22.5100,22.9200,13813722,313970096.3300
2023-12-14,sh.603005,22.5600,22.8500,22.4400,22.5400,22.5100,11830897,267645285.5500
2023-12-15,sh.603005,22.5500,22.7000,22.1800,22.2300,22.5400,12947115,290048731.5700
2023-12-18,sh.603005,22.1000,22.2000,21.6300,21.6700,22.2300,16030535,349955936.2400
2023-12-19,sh.603005,21.5300,22.0800,21.5200,21.7800,21.6700,11540299,251972771.3500
2023-12-20,sh.603005,21.7700,22.0000,21.5700,21.6000,21.7800,13556800,295071486.5800
2023-12-21,sh.603005,21.4000,21.8300,21.2100,21.6300,21.6000,12138280,261029497.7400
2023-12-22,sh.603005,21.6300,21.7400,21.0500,21.1300,21.6300,16051127,342355872.2200
2023-12-25,sh.603005,21.0000,21.4500,21.0000,21.2700,21.1300,7438065,158278038.2700
2023-12-26,sh.603005,21.2700,21.3500,20.6400,20.7000,21.2700,12919271,269437336.6400
2023-12-27,sh.603005,20.7400,21.5000,20.7300,21.3200,20.7000,19474407,412476604.6400
2023-12-28,sh.603005,21.2200,21.7700,21.0900,21.6500,21.3200,18958290,408083921.9300
2023-12-29,sh.603005,21.5700,22.1000,21.5400,21.9600,21.6500,16466750,361052811.1900
2024-01-02,sh.603005,21.9300,21.9600,21.6000,21.6100,21.9600,10878585,236549491.5200
2024-01-03,sh.603005,21.6100,21.7500,21.1200,21.3800,21.6100,12472603,267116423.7900
2024-01-04,sh.603005,21.2500,21.3600,20.9200,21.0100,21.3800,10090616,212836129.3600
2024-01-05,sh.603005,21.0000,21.2800,20.4000,20.5100,21.0100,12406528,257859890.6300
2024-01-08,sh.603005,20.5100,20.5800,19.8500,19.8500,20.5100,13061046,262029726.1200
2024-01-09,sh.603005,19.9200,20.3300,19.7600,19.9500,19.8500,10659583,213582606.4800
2024-01-10,sh.603005,19.9000,19.9700,19.3500,19.5000,19.9500,10260714,201665401.8400
2024-01-11,sh.603005,19.3700,19.9400,19.3600,19.8900,19.5000,10894672,215224025.8600
2024-01-12,sh.603005,19.8500,19.8900,19.5100,19.5100,19.8900,8699997,171233206.8300
2024-01-15,sh.603005,19.4000,20.2000,19.2900,19.7900,19.5100,14186653,281505955.9900
2024-01-16,sh.603005,19.7900,19.8700,19.3000,19.7600,19.7900,10902947,213118591.8800
2024-01-17,sh.603005,19.6300,19.8100,19.0600,19.0700,19.7600,10162688,197592877.2200
2024-01-18,sh.603005,19.0700,19.4100,18.5800,19.3500,19.0700,16880881,319625604.5700
2024-01-19,sh.603005,19.4400,20.0000,19.1400,19.1500,19.3500,16622375,325532983.6500
2024-01-22,sh.603005,19.1800,19.3500,17.8200,17.9600,19.1500,18748866,348157365.1500
2024-01-23,sh.603005,17.9800,18.3900,17.6500,18.2000,17.9600,14238298,258513138.0200
2024-01-24,sh.603005,18.2900,18.3600,17.4700,18.2100,18.2000,15961567,286243968.0500
2024-01-25,sh.603005,18.2100,18.7800,18.0300,18.7700,18.2100,17656738,326899965.6800
2024-01-26,sh.603005,18.5700,18.9600,18.3400,18.3700,18.7700,17692149,328314586.0900
2024-01-29,sh.603005,18.3500,18.6300,17.6800,17.7100,18.3700,13579257,244456392.1000
2024-01-30,sh.603005,17.5800,17.8800,16.9400,16.9800,17.7100,14904225,258919531.1500
2024-01-31,sh.603005,16.9300,17.2000,16.0900,16.1200,16.9800,20763235,343764429.8400
2024-02-01,sh.603005,16.0000,16.5400,15.8100,16.1600,16.1200,16627579,269037009.9200
2024-02-02,sh.603005,16.2400,16.4400,14.5400,15.0300,16.1600,26415415,404803489.6600
2024-02-05,sh.603005,14.9800,15.0200,13.5300,13.7300,15.0300,32743532,458014307.6300
2024-02-06,sh.603005,13.6500,14.8800,13.4400,14.7700,13.7300,27508137,391361084.5100
2024-02-07,sh.603005,14.8300,16.1700,14.8300,15.7200,14.7700,32879189,517684745.4500
2024-02-08,sh.603005,15.7200,16.6800,15.7100,16.6000,15.7200,26919507,440900627.1100
2024-02-19,sh.603005,17.0000,17.1100,16.3100,16.8300,16.6000,27599785,460813703.9500
2024-02-20,sh.603005,16.6000,16.8500,16.3300,16.7500,16.8300,18874697,312464826.1200
2024-02-21,sh.603005,16.5200,17.3100,16.4500,16.8300,16.7500,25328800,431250298.6100
2024-02-22,sh.603005,16.7700,17.3400,16.7300,17.2400,16.8300,21953758,376066344.9300
2024-02-23,sh.603005,17.3800,17.5700,17.0300,17.5500,17.2400,21681415,376459950.9100
2024-02-26,sh.603005,17.4600,18.2000,17.4500,17.8400,17.5500,25388852,453238568.4000
2024-02-27,sh.603005,17.7000,18.6400,17.6400,18.6300,17.8400,25397909,462228863.8900
2024-02-28,sh.603005,18.6300,18.8300,17.2200,17.2400,18.6300,38509603,697342693.4200
2024-02-29,sh.603005,17.0800,18.6400,17.0600,18.5200,17.2400,43482850,789904216.9100
2024-03-01,sh.603005,18.7000,18.8800,18.4000,18.7900,18.5200,40259490,751878936.9900
2024-03-04,sh.603005,18.9100,19.4500,18.3900,19.1500,18.7900,44353699,840830083.2300
2024-03-05,sh.603005,18.9100,19.6100,18.8400,19.0200,19.1500,41688195,802747897.2300
2024-03-06,sh.603005,18.8100,18.9800,18.3700,18.7200,19.0200,28534533,533202699.6700
2024-03-07,sh.603005,19.0400,19.3800,18.4000,18.4100,18.7200,25247313,477060547.6500
2024-03-08,sh.603005,18.4500,19.1300,18.2600,18.8500,18.4100,27284573,512492972.9100
2024-03-11,sh.603005,18.6600,18.9800,18.4000,18.9600,18.8500,20758521,389746546.5700
2024-03-12,sh.603005,18.9500,19.4000,18.8400,19.0500,18.9600,22985749,439412106.2700
2024-03-13,sh.603005,19.1500,19.4600,19.0100,19.1600,19.0500,29906949,575142710.7800
2024-03-14,sh.603005,18.9100,19.1000,18.5500,18.8000,19.1600,22093551,416642174.6900
2024-03-15,sh.603005,18.8000,18.9800,18.5500,18.9400,18.8000,15296758,286796498.8500
2024-03-18,sh.603005,19.0900,19.4300,18.9600,19.4300,18.9400,24114439,463873377.0800
2024-03-19,sh.603005,19.4300,19.6400,19.2700,19.3000,19.4300,21087465,409725732.8700
2024-03-20,sh.603005,19.2500,19.5000,19.1900,19.4100,19.3000,17903098,346833256.5600
2024-03-21,sh.603005,19.5100,19.7800,19.2600,19.4400,19.4100,20922237,408331009.1000
2024-03-22,sh.603005,19.3500,19.7700,19.2400,19.2700,19.4400,28210245,549657107.4900
2024-03-25,sh.603005,19.0500,19.3500,18.4600,18.4900,19.2700,23857022,452172983.8700
2024-03-26,sh.603005,18.5200,18.9000,18.0100,18.2500,18.4900,20662273,380396291.4100
2024-03-27,sh.603005,18.3000,18.3400,17.1100,17.1600,18.2500,21065823,370534880.3600
2024-03-28,sh.603005,17.2400,18.0500,17.1100,17.8500,17.1600,22622652,400925508.8800
2024-03-29,sh.603005,17.8200,17.9200,17.4000,17.7900,17.8500,12711087,223900427.8400
2024-04-01,sh.603005,17.8900,18.1500,17.8900,18.1500,17.7900,12225762,220755867.5000
2024-04-02,sh.603005,18.2500,18.2900,17.6600,17.8100,18.1500,14494371,258926145.8800
2024-04-03,sh.603005,17.8600,17.9000,17.2600,17.5700,17.8100,14573675,256048151.0600
2024-04-08,sh.603005,17.3600,17.5600,17.0000,17.0100,17.5700,11317184,194841870.3100
2024-04-09,sh.603005,16.9700,17.3100,16.9000,17.2700,17.0100,13604852,233275231.2000
2024-04-10,sh.603005,17.1700,17.2000,16.4300,16.5400,17.2700,15188440,253425781.3300
2024-04-11,sh.603005,16.4600,16.8900,16.3800,16.5100,16.5400,12148412,202733726.2900
2024-04-12,sh.603005,16.5900,16.8700,16.4200,16.5800,16.5100,12973755,216522037.6300
2024-04-15,sh.603005,16.6000,16.8200,15.9700,16.3000,16.5800,15655215,256363498.1100
2024-04-16,sh.603005,16.1400,16.3100,15.4400,15.4700,16.3000,17933351,282681985.4800
2024-04-17,sh.603005,15.7000,16.2700,15.7000,16.2700,15.4700,14535640,233811759.9300
2024-04-18,sh.603005,16.1900,16.5000,15.9200,16.1900,16.2700,13935317,226514397.7800
2024-04-19,sh.603005,16.0600,16.1800,15.7000,15.8600,16.1900,12005997,190850063.1300
2024-04-22,sh.603005,15.9900,16.2200,15.4600,16.0400,15.8600,13349268,212752078.4000
2024-04-23,sh.603005,16.1800,16.3500,16.0500,16.1700,16.0400,10459919,169357009.7300
2024-04-24,sh.603005,16.2000,16.4900,16.1800,16.4800,16.1700,12108299,198448621.5400
2024-04-25,sh.603005,16.3000,16.7400,16.2400,16.5200,16.4800,11779853,194718009.1400
2024-04-26,sh.603005,16.5000,17.0300,16.5000,17.0100,16.5200,14534215,245251786.9000
2024-04-29,sh.603005,17.1500,17.6400,17.1300,17.5600,17.0100,15123827,264136611.5100
2024-04-30,sh.603005,17.9000,17.9800,17.5400,17.7100,17.5600,16250789,288356899.3300
2024-05-06,sh.603005,18.0000,18.1400,17.8500,17.9200,17.7100,13970345,251547142.1700
2024-05-07,sh.603005,17.8500,18.0200,17.7300,17.8200,17.9200,10618690,189470873.0000
2024-05-08,sh.603005,17.8600,17.8600,17.2700,17.3100,17.8200,12439142,217369805.2100
2024-05-09,sh.603005,17.3000,17.7500,17.3000,17.7400,17.3100,11287873,198889179.9200
2024-05-10,sh.603005,17.7400,19.2000,17.7400,17.9500,17.7400,42282718,772630926.4100
2024-05-13,sh.603005,17.6200,17.9600,17.2100,17.5700,17.9500,20861225,368179862.0000
2024-05-14,sh.603005,17.7100,17.9500,17.4700,17.6200,17.5700,12825199,226446338.2600
2024-05-15,sh.603005,17.7500,18.2600,17.4500,17.7800,17.6200,28897706,517737690.7300
2024-05-16,sh.603005,17.8700,17.9500,17.3500,17.4000,17.7800,24508653,430420552.6500
2024-05-17,sh.603005,17.2400,18.0700,17.1800,17.8200,17.4000,22535176,395961788.1400
2024-05-20,sh.603005,17.9000,18.1700,17.8000,18.0200,17.8200,22085638,397206867.6000
2024-05-21,sh.603005,17.9000,17.9500,17.6400,17.7000,18.0200,12671004,225211517.6800
2024-05-22,sh.603005,17.9900,18.2000,17.6700,18.0000,17.7000,19491320,349273637.1500
2024-05-23,sh.603005,18.1100,18.1100,17.5800,17.6500,18.0000,17669961,313887834.0900
2024-05-24,sh.603005,17.7900,18.0800,17.1100,17.1200,17.6000,18355419,321094802.1300
2024-05-27,sh.603005,17.0700,17.9100,16.7100,17.9100,17.1200,29422078,510294931.4200
2024-05-28,sh.603005,18.0800,19.2000,17.8900,18.6000,17.9100,71175207,1325294764.8200
2024-05-29,sh.603005,18.2800,18.6800,18.2100,18.3100,18.6000,36902184,679891945.8600
2024-05-30,sh.603005,18.1800,18.9600,18.0600,18.7700,18.3100,45884310,853950500.9500
2024-05-31,sh.603005,18.7800,18.9200,18.4800,18.6300,18.7700,33144053,619540778.8000
2024-06-03,sh.603005,18.5700,18.8600,18.3500,18.6200,18.6300,29839685,555790116.8800
2024-06-04,sh.603005,18.4100,18.4600,17.9400,18.1900,18.6200,25704287,465726559.2000
2024-06-05,sh.603005,18.0900,18.5300,18.0600,18.0700,18.1900,21926465,402408411.7100
2024-06-06,sh.603005,18.2800,18.6800,18.0700,18.2200,18.0700,31839835,584621750.4100
2024-06-07,sh.603005,18.2800,19.0000,17.8800,19.0000,18.2200,50597471,942609713.7500
2024-06-11,sh.603005,19.0000,20.0800,18.8900,19.8600,19.0000,70954493,1383454069.2000
2024-06-12,sh.603005,19.6000,19.7500,19.3300,19.5200,19.8600,44424172,866608588.0000
2024-06-13,sh.603005,19.5500,20.0000,19.4000,19.4100,19.5200,51432592,1013745838.0500
2024-06-14,sh.603005,19.1800,19.3400,18.8300,19.2600,19.4100,35821146,683620880.7800
2024-06-17,sh.603005,19.0700,19.8400,19.0100,19.7200,19.2600,35601469,696184774.4100
2024-06-18,sh.603005,19.7800,19.8500,19.4500,19.6000,19.7200,29000126,569227430.4400
2024-06-19,sh.603005,19.6300,21.5600,19.3200,21.5600,19.6000,50434748,1036228806.7900
2024-06-20,sh.603005,21.9300,22.8800,20.9400,21.2700,21.5600,126572438,2780781400.3100
2024-06-21,sh.603005,21.0000,22.7500,20.7300,22.5100,21.2700,108221348,2377035744.5100
2024-06-24,sh.603005,22.0000,23.0700,21.6000,21.7800,22.5100,92785779,2072896144.8800
2024-06-25,sh.603005,21.5000,21.8000,20.1300,20.2700,21.7800,85888621,1790788411.5100
2024-06-26,sh.603005,20.3000,20.7700,19.6000,20.6900,20.2700,65766325,1328479494.2100
2024-06-27,sh.603005,20.5000,20.7300,19.8100,19.8600,20.6900,56336613,1137495218.4200
2024-06-28,sh.603005,19.8500,21.0500,19.6000,20.3800,19.8600,58933191,1199261722.1000
2024-07-01,sh.603005,20.3900,20.5800,19.8500,20.3800,20.3800,38772305,782890162.8500
2024-07-02,sh.603005,20.2800,20.3700,19.6600,19.6800,20.3800,34335638,687687242.0100
2024-07-03,sh.603005,19.6800,20.3500,18.9600,19.9900,19.6800,50578739,997540832.2800
2024-07-04,sh.603005,19.8800,20.1500,19.3800,19.4400,19.9900,33419506,659925752.7900
2024-07-05,sh.603005,19.3000,19.4000,18.7100,19.0400,19.4400,34990019,665548946.5500
2024-07-08,sh.603005,19.3000,19.5000,18.8000,18.8700,19.0400,29577063,568356863.5600
2024-07-09,sh.603005,18.8700,20.7600,18.8700,20.7600,18.8700,39818928,813812482.6400
2024-07-10,sh.603005,21.0000,21.5200,20.8600,21.2800,20.7600,94832566,2011732017.6600
2024-07-11,sh.603005,21.5900,21.6500,20.9000,21.3700,21.2800,70105392,1491333122.0700
2024-07-12,sh.603005,21.0500,21.8400,21.0100,21.5200,21.3700,57987803,1242151987.0800
2024-07-15,sh.603005,21.7000,21.8300,21.3500,21.5700,21.5200,45071081,971336919.1000
2024-07-16,sh.603005,21.3800,22.0000,21.1000,21.8000,21.5700,55429082,1196119510.9200
2024-07-17,sh.603005,21.6500,21.9700,21.1100,21.1300,21.8000,48026341,1034043335.0300
2024-07-18,sh.603005,20.8000,22.7900,20.7000,22.3300,21.1300,86620035,1885311291.1500
2024-07-19,sh.603005,22.0000,22.9300,21.8900,22.1300,22.3300,93065917,2094883056.3300
2024-07-22,sh.603005,22.1300,22.4800,21.9400,22.3900,22.1300,59190776,1316605434.9300
2024-07-23,sh.603005,22.1900,24.1300,22.1300,22.7500,22.3900,102717922,2386639741.4600
2024-07-24,sh.603005,21.0000,21.4800,20.4800,20.4800,22.7500,94428152,1971006071.5400
2024-07-25,sh.603005,19.8000,20.9600,19.7900,19.9900,20.4800,51967299,1053500928.6200
2024-07-26,sh.603005,20.0200,20.1800,19.5500,20.1100,19.9900,41565847,827917977.2800
2024-07-29,sh.603005,19.9700,20.3200,19.8600,19.9300,20.1100,32982602,662196333.1400
2024-07-30,sh.603005,19.8000,20.7200,19.2400,20.6800,19.9300,51850020,1036402402.4600
2024-07-31,sh.603005,20.3400,21.3800,20.2500,21.0600,20.6800,58753726,1228066285.1900
2024-08-01,sh.603005,21.0600,21.6600,20.8800,21.2200,21.0600,54051236,1147511068.1800
2024-08-02,sh.603005,20.9000,21.1100,20.3500,20.4500,21.2200,39095652,810674078.1700
2024-08-05,sh.603005,20.2500,20.4400,19.2000,19.2100,20.4500,39627921,784384031.7000
2024-08-06,sh.603005,19.6500,19.7700,18.9100,19.3500,19.2100,26491373,508853796.0700
2024-08-07,sh.603005,19.3300,19.4400,19.1000,19.1100,19.3500,19152060,369120161.0900
2024-08-08,sh.603005,18.8800,19.5000,18.3000,19.1700,19.1100,28590451,543997993.5700
2024-08-09,sh.603005,19.4800,19.6000,19.0300,19.0900,19.1700,24881794,481054435.8000
2024-08-12,sh.603005,19.0000,19.1400,18.7000,18.7800,19.0900,15154539,285795676.7600
2024-08-13,sh.603005,18.8000,19.0800,18.7000,19.0600,18.7800,14302994,270506824.8200
2024-08-14,sh.603005,19.0700,19.1800,18.7900,18.8100,19.0600,16331256,310390530.1600
2024-08-15,sh.603005,18.6000,19.2000,18.5400,18.9700,18.8100,20540460,389573743.2800
2024-08-16,sh.603005,19.0000,19.1800,18.7900,18.8100,18.9700,19748078,375180805.7200
2024-08-19,sh.603005,18.7200,19.3700,18.6000,19.1800,18.8100,27263836,520563817.5400
2024-08-20,sh.603005,19.1000,19.1200,18.5800,18.6400,19.1800,20716983,389163368.9300
2024-08-21,sh.603005,18.5000,18.8000,18.1800,18.1900,18.6400,21784610,401570191.6000
2024-08-22,sh.603005,18.1800,18.3000,17.8800,17.9700,18.1900,19546956,352485979.0800
2024-08-23,sh.603005,17.9500,18.0500,17.7200,17.8000,17.9700,15983942,285741964.6600
2024-08-26,sh.603005,17.8600,18.0600,17.6200,17.8400,17.8000,16584109,295812167.3300
2024-08-27,sh.603005,17.6900,17.6900,17.4000,17.4400,17.8400,14188209,248379080.8000
2024-08-28,sh.603005,17.3900,17.5600,17.2500,17.4200,17.4400,12263701,213596209.5800
2024-08-29,sh.603005,17.2200,17.9400,17.2200,17.7900,17.4200,16538111,292650662.9600
2024-08-30,sh.603005,17.7900,18.6500,17.7400,18.4800,17.7900,25900108,475850698.2300
2024-09-02,sh.603005,18.5500,18.7400,17.8000,17.8200,18.4800,20821785,378785248.3200
2024-09-03,sh.603005,17.7900,18.0700,17.7900,17.9200,17.8200,12436760,222986130.1600
2024-09-04,sh.603005,17.7200,18.0100,17.5900,17.7900,17.9200,11995236,213547703.0900
2024-09-05,sh.603005,17.8600,18.1400,17.7400,18.0000,17.7900,11682816,209554858.7600
2024-09-06,sh.603005,17.9700,18.0800,17.5500,17.5900,18.0000,14073120,250177411.4800
2024-09-09,sh.603005,17.4700,17.8200,17.4500,17.5700,17.5900,10042384,177048646.6800
2024-09-10,sh.603005,17.6100,17.9000,17.2700,17.7200,17.5700,12946863,227150760.0600
2024-09-11,sh.603005,17.6100,17.8000,17.5000,17.7700,17.7200,9719716,172035538.0000
2024-09-12,sh.603005,17.8600,17.9200,17.3300,17.3500,17.7700,13831335,243195225.5700
2024-09-13,sh.603005,17.3500,17.4600,17.0700,17.0700,17.3500,10791016,186048736.5100
2024-09-18,sh.603005,17.6000,17.7400,17.1300,17.4700,17.0700,20130098,350542376.2400
2024-09-19,sh.603005,17.4800,17.8800,17.2300,17.6200,17.4700,23824012,419001121.9100
2024-09-20,sh.603005,17.6200,17.7300,17.3100,17.5100,17.6200,15554838,272717167.7800
2024-09-23,sh.603005,17.3000,17.8500,17.2200,17.6500,17.5100,20512934,361416077.0700
2024-09-24,sh.603005,17.7200,18.3000,17.4600,18.2900,17.6500,32684072,586486535.1300
2024-09-25,sh.603005,18.3800,18.7500,18.2200,18.2200,18.2900,36259024,669912921.4000
2024-09-26,sh.603005,18.1000,18.8800,18.0900,18.8800,18.2200,32458141,601027103.2400
2024-09-27,sh.603005,19.1400,19.9400,19.0400,19.9300,18.8800,32685908,637588232.4800
2024-09-30,sh.603005,20.9000,21.9200,20.3000,21.9200,19.9300,68907539,1470341746.3200
2024-10-08,sh.603005,24.1100,24.1100,22.9700,24.1100,21.9200,71591879,1716754067.2800
2024-10-09,sh.603005,24.2000,25.6700,23.0000,24.0400,24.1100,110798063,2726450162.6200
2024-10-10,sh.603005,23.8600,24.0300,22.1600,23.0500,24.0400,60510630,1407577306.7900
2024-10-11,sh.603005,22.5600,23.2800,21.3200,21.6300,23.0500,50451481,1113646198.9800
2024-10-14,sh.603005,21.6300,22.6900,21.3000,22.5700,21.6300,44554290,979778680.9300
2024-10-15,sh.603005,22.4800,23.1300,22.1800,22.2400,22.5700,43556185,987096791.0300
2024-10-16,sh.603005,21.7300,22.5800,21.6500,22.1100,22.2400,29209118,647892569.5300
2024-10-17,sh.603005,22.3100,22.5600,21.9300,21.9500,22.1100,27969730,621999775.6100
2024-10-18,sh.603005,21.9000,23.8700,21.8600,23.2900,21.9500,66360367,1524919866.1100
2024-10-21,sh.603005,23.8000,24.7300,23.5000,23.9100,23.2900,80860075,1951547529.1800
2024-10-22,sh.603005,23.9100,24.3500,23.5000,23.7600,23.9100,53289263,1272356874.7600
2024-10-23,sh.603005,23.5600,23.9400,23.3300,23.4800,23.7600,37864473,895831540.6000
2024-10-24,sh.603005,23.4000,25.8300,23.1000,25.1800,23.4800,129905263,3239711629.9800
2024-10-25,sh.603005,25.4000,25.5300,24.6800,24.9900,25.1800,88654873,2222008558.7000
2024-10-28,sh.603005,24.7200,25.3100,24.3600,24.9500,24.9900,60392082,1492688119.4300
2024-10-29,sh.603005,24.9500,26.4600,24.7700,25.2800,24.9500,88706961,2279330817.7900
2024-10-30,sh.603005,25.5000,27.6600,25.2900,26.7900,25.2800,93667160,2494492800.4500
2024-10-31,sh.603005,26.5000,29.1200,25.7200,28.1000,26.7900,110040225,2997415771.6400
2024-11-01,sh.603005,28.0000,29.1000,25.8000,25.8700,28.1000,92588826,2513178098.0300
2024-11-04,sh.603005,25.5800,26.6800,25.5600,25.9000,25.8700,55087902,1435469934.1700
2024-11-05,sh.603005,25.8100,26.9500,25.6700,26.7200,25.9000,65773267,1738537690.3000
2024-11-06,sh.603005,27.5500,27.8800,26.5900,27.0200,26.7200,75542143,2054529071.9200
2024-11-07,sh.603005,26.7000,27.5600,26.5000,27.0200,27.0200,54683220,1475168453.5000
2024-11-08,sh.603005,27.2800,28.8000,27.2800,28.4400,27.0200,85797496,2395638361.6900
2024-11-11,sh.603005,29.5000,31.2800,29.4000,31.2800,28.4400,42654451,1308255044.1700
2024-11-12,sh.603005,33.6000,34.4100,33.1000,34.4100,31.2800,202100909,6913762855.3600
2024-11-13,sh.603005,35.7800,36.7700,33.6800,34.4900,34.4100,210791185,7400581863.1800
2024-11-14,sh.603005,34.4700,35.3500,32.1800,32.1800,34.4900,142291752,4708542318.2900
2024-11-15,sh.603005,31.0600,32.1500,29.5700,29.5700,32.1800,118205114,3636718721.4600
2024-11-18,sh.603005,29.5700,29.7700,27.2200,27.5000,29.5700,81330885,2273650572.5000
2024-11-19,sh.603005,27.5000,29.1500,27.3500,28.4400,27.5000,92476111,2602134503.5200
2024-11-20,sh.603005,28.4700,29.1800,28.0700,28.9100,28.4400,73925963,2116883691.6500
2024-11-21,sh.603005,28.6700,29.9800,28.4300,29.4900,28.9100,80555022,2358413840.2700
2024-11-22,sh.603005,30.0000,30.4800,28.3100,28.5000,29.4900,84338435,2493787348.8700
2024-11-25,sh.603005,28.4900,28.9900,26.9200,27.6800,28.5000,62634363,1736844462.9700
2024-11-26,sh.603005,27.6800,28.1600,27.1200,27.2100,27.6800,36241600,1000874829.3600
2024-11-27,sh.603005,27.0500,27.6000,26.1800,27.5800,27.2100,52291225,1407869411.1600
2024-11-28,sh.603005,27.5900,27.9500,27.0500,27.1900,27.5800,44043849,1208402159.9500
2024-11-29,sh.603005,26.9000,27.8300,26.3300,27.4300,27.1900,59091055,1603473840.2500
2024-12-02,sh.603005,27.4300,28.6700,27.3000,28.6700,27.4300,61863530,1744981658.3300
2024-12-03,sh.603005,29.0000,29.4300,28.1800,28.6100,28.6700,61387431,1768482254.7400
2024-12-04,sh.603005,29.3400,30.0000,28.4900,28.6700,28.6100,59929864,1753849489.2300
2024-12-05,sh.603005,28.3000,29.1100,28.2100,28.8700,28.6700,36939479,1062954884.0300
2024-12-06,sh.603005,28.8000,29.0400,28.0000,28.7300,28.8700,43643886,1248613373.6100
2024-12-09,sh.603005,28.5100,28.6700,27.5500,27.7200,28.7300,38583327,1080767798.4700
2024-12-10,sh.603005,28.7400,28.9300,27.7100,27.7300,27.7200,42393005,1195661153.7900
2024-12-11,sh.603005,27.6000,28.3900,27.5600,27.9000,27.7300,28607997,799041582.4200
2024-12-12,sh.603005,27.8000,28.0000,27.3000,27.8900,27.9000,32735514,905299955.8000
2024-12-13,sh.603005,27.8000,29.1500,27.3000,28.3900,27.8900,65965790,1860399075.7300
2024-12-16,sh.603005,28.3800,28.3800,27.2300,27.4000,28.3900,38782798,1075310779.3600
2024-12-17,sh.603005,27.1400,27.8900,26.5700,26.6900,27.4000,33504618,907285752.0000
2024-12-18,sh.603005,26.7200,27.8000,26.4500,27.6000,26.6900,43162122,1176420220.1700
2024-12-19,sh.603005,27.0800,28.4900,26.8200,28.2600,27.6000,49472774,1374839892.2300
2024-12-20,sh.603005,28.2300,29.7000,28.0000,29.3000,28.2600,74901946,2178029543.9500
2024-12-23,sh.603005,29.3000,29.6400,28.5400,29.2100,29.3000,61533555,1796936160.2900
2024-12-24,sh.603005,29.2500,29.7000,28.4000,29.6400,29.2100,52958904,1539512299.7900
2024-12-25,sh.603005,29.6500,30.1600,29.2600,29.6700,29.6400,52239009,1552845796.2700
2024-12-26,sh.603005,29.3400,30.3300,28.9800,30.2400,29.6700,58517723,1749175093.4300
2024-12-27,sh.603005,30.1600,30.8000,29.2300,29.2300,30.2400,57167547,1715040938.7100
2024-12-30,sh.603005,29.0300,29.7500,29.0000,29.4000,29.2300,37161719,1088850589.7000
2024-12-31,sh.603005,29.3500,30.6500,28.0000,28.2500,29.4000,57180521,1687584766.2800
2025-01-02,sh.603005,28.0700,28.2000,25.9100,26.2600,28.2500,55985756,1513882201.0400
2025-01-03,sh.603005,26.3800,26.5000,24.6600,24.7400,26.2600,44996111,1144582302.5700
2025-01-06,sh.603005,24.5400,25.1500,24.0000,24.2300,24.7400,36631257,895296856.1900
2025-01-07,sh.603005,24.3100,25.9600,24.3100,25.9300,24.2300,54932562,1389681374.2300
2025-01-08,sh.603005,25.8000,26.8000,24.9500,26.2600,25.9300,47471047,1225310490.3200
2025-01-09,sh.603005,26.1900,27.0700,26.1000,26.4300,26.2600,36460470,973047327.2100
2025-01-10,sh.603005,26.2700,27.4200,26.1000,26.3900,26.4300,44956598,1210413968.2200
2025-01-13,sh.603005,25.9900,26.9800,25.5300,26.4800,26.3900,30992825,811961607.5500
2025-01-14,sh.603005,26.3900,27.9300,26.3000,27.8000,26.4800,45157712,1232084502.1100
2025-01-15,sh.603005,27.6100,28.5000,27.5100,28.0100,27.8000,40468205,1137813275.7600
2025-01-16,sh.603005,28.3300,29.2500,27.2800,28.6600,28.0100,57003982,1607766428.8200
2025-01-17,sh.603005,28.3900,29.2500,27.8600,28.4900,28.6600,53160918,1517641589.5300
2025-01-20,sh.603005,28.6600,29.1000,28.3200,28.6400,28.4900,36277018,1038995961.4300
2025-01-21,sh.603005,29.0000,29.5600,28.5300,29.4000,28.6400,50582657,1472868101.8700
2025-01-22,sh.603005,29.1200,29.3300,28.6400,28.7300,29.4000,38656260,1119394026.8700
2025-01-23,sh.603005,29.1000,29.4200,28.2100,28.2100,28.7300,37134325,1069185536.5400
2025-01-24,sh.603005,28.1500,29.1100,28.1000,28.9500,28.2100,31254493,899533413.8200
2025-01-27,sh.603005,28.9600,29.0900,27.9600,28.0000,28.9500,25550751,727469150.4800
2025-02-05,sh.603005,28.4500,28.9200,28.2800,28.4000,28.0000,23430888,668569240.0900
2025-02-06,sh.603005,28.3000,30.6900,28.2300,30.5300,28.4000,62157646,1845447400.4400
2025-02-07,sh.603005,30.5300,31.5200,30.0200,30.7700,30.5300,74166388,2291427545.1200
2025-02-10,sh.603005,31.3000,32.1800,31.0600,31.3800,30.7700,50520769,1593900104.8000
2025-02-11,sh.603005,32.0000,33.7300,32.0000,32.6500,31.3800,81848255,2686006637.3400
2025-02-12,sh.603005,31.8800,35.9200,31.4700,34.6600,32.6500,119709533,4017195144.4500
2025-02-13,sh.603005,34.5200,35.1600,33.6100,34.0500,34.6600,81510241,2810203638.5600
2025-02-14,sh.603005,33.8200,35.1600,33.3100,34.7500,34.0500,62395312,2137853678.0000
2025-02-17,sh.603005,34.3200,35.1800,33.4200,34.0000,34.7500,50252127,1715290652.1300
2025-02-18,sh.603005,33.6000,35.2600,33.0100,33.5000,34.0000,58381010,1984958204.8000
2025-02-19,sh.603005,33.3000,36.8500,33.3000,36.2900,33.5000,94652384,3412829779.6700
2025-02-20,sh.603005,35.9000,36.0600,34.8800,35.9000,36.2900,67929185,2407339434.5700
2025-02-21,sh.603005,35.6000,37.5500,35.4200,36.8700,35.9000,61536061,2247943046.2700
2025-02-24,sh.603005,36.5100,38.2000,36.1300,37.4000,36.8700,53841224,1999807270.4600
2025-02-25,sh.603005,36.6500,37.6700,36.1100,36.2900,37.4000,44023986,1616254447.0100
2025-02-26,sh.603005,36.2900,36.6500,35.5000,36.1200,36.2900,36354419,1310999773.1400
2025-02-27,sh.603005,36.1200,36.3000,33.8500,34.5700,36.1200,51798895,1802590964.5900
2025-02-28,sh.603005,34.7000,34.8100,33.5000,33.6500,34.5700,30735834,1046646414.4700
2025-03-03,sh.603005,34.0000,35.0800,33.1600,34.0500,33.6500,33479026,1147806249.5500
2025-03-04,sh.603005,33.6900,35.2600,33.5800,34.6900,34.0500,32984048,1144317999.5600
2025-03-05,sh.603005,34.7000,35.3700,34.5600,34.9600,34.6900,23211814,810308295.2700
2025-03-06,sh.603005,35.0000,36.5800,35.0000,35.7300,34.9600,35368006,1267506668.9900
2025-03-07,sh.603005,35.7300,35.9500,35.1300,35.3600,35.7300,22268714,791999047.2200
2025-03-10,sh.603005,35.2200,35.4900,34.3500,34.7800,35.3600,20070291,697429567.4600
2025-03-11,sh.603005,34.2300,34.4800,33.3500,33.6300,34.7800,27245912,918868549.6200
2025-03-12,sh.603005,33.9800,34.2800,33.4200,33.5900,33.6300,20814589,703463837.1000
2025-03-13,sh.603005,33.7000,33.7000,31.5000,31.6800,33.5900,41599658,1338600134.3400
2025-03-14,sh.603005,31.8000,32.4800,31.7000,32.2800,31.6800,20257206,652100103.3100
2025-03-17,sh.603005,32.3000,32.6500,32.0000,32.1900,32.2800,16248928,524895383.5800
2025-03-18,sh.603005,32.2000,32.6300,32.1000,32.1000,32.1900,16437870,531022825.0200
2025-03-19,sh.603005,32.0200,32.2900,31.6800,31.7600,32.1000,17122465,545124202.3000
2025-03-20,sh.603005,31.7300,33.1200,31.4600,32.0300,31.7600,26743279,861809654.3100
2025-03-21,sh.603005,31.8800,32.0200,30.6600,30.7300,32.0300,24962869,777892755.1200
2025-03-24,sh.603005,30.7300,31.0000,29.7500,30.6000,30.7300,19248199,585310003.4400
2025-03-25,sh.603005,30.6300,30.8300,29.6600,29.8400,30.6000,15156628,456549141.8700
2025-03-26,sh.603005,29.8300,30.2400,29.8200,29.8400,29.8400,13085542,392696033.6000
2025-03-27,sh.603005,29.8000,31.1500,29.6900,30.7900,29.8400,29438520,903708810.4900
2025-03-28,sh.603005,30.9300,31.2000,30.4600,30.4800,30.7900,18879235,580604144.9900
2025-03-31,sh.603005,30.2000,30.9000,30.1200,30.7100,30.4800,20847454,636188869.7800
2025-04-01,sh.603005,30.9400,31.4800,30.6100,30.8100,30.7100,24680400,764608405.6200
2025-04-02,sh.603005,30.8100,30.9500,30.3000,30.3300,30.8100,17335834,528885183.3900
2025-04-03,sh.603005,29.8000,30.5400,29.6000,29.8900,30.3300,17619032,527653293.2400
2025-04-07,sh.603005,27.0900,28.1800,26.9000,26.9000,29.8900,23284954,632028971.6000
2025-04-08,sh.603005,26.7400,27.2500,24.8900,25.6200,26.9000,47619284,1224123369.8800
2025-04-09,sh.603005,24.9200,26.8000,23.8200,26.4900,25.6200,42518237,1096096275.8200
2025-04-10,sh.603005,27.1900,27.8000,26.5100,26.5800,26.4900,36444058,988211252.9100
2025-04-11,sh.603005,26.5000,28.5100,26.2600,27.7200,26.5800,45383164,1254070139.0100
2025-04-14,sh.603005,28.5000,28.5100,27.5200,27.8200,27.7200,32957359,919201353.8000
2025-04-15,sh.603005,27.7000,27.9000,27.3000,27.5500,27.8200,16315690,448796257.7400
2025-04-16,sh.603005,27.5500,27.8100,26.6500,27.0000,27.5500,18511238,502468312.9800
2025-04-17,sh.603005,26.7200,27.3400,26.5800,26.5800,27.0000,25624639,690254230.0200
2025-04-18,sh.603005,26.4500,26.8400,26.2500,26.7200,26.5800,14097397,373766326.4900
2025-04-21,sh.603005,26.8100,28.2200,26.7200,28.0300,26.7200,31234852,864717812.2900
2025-04-22,sh.603005,27.9900,28.0000,27.5000,27.6400,28.0300,20653115,573043962.9500
2025-04-23,sh.603005,27.8100,28.0500,27.6400,27.8700,27.6400,19838247,552833301.4900
2025-04-24,sh.603005,27.9400,27.9700,27.2700,27.3300,27.8700,17582005,484793359.0600
2025-04-25,sh.603005,27.4500,28.0800,27.2400,27.9400,27.3300,19367861,536526057.3100
2025-04-28,sh.603005,27.8600,28.1000,27.4500,27.8300,27.9400,17256217,479109366.0800
2025-04-29,sh.603005,27.6000,27.9900,27.2000,27.7800,27.8300,22028578,609401831.9900
2025-04-30,sh.603005,27.9400,28.9600,27.8600,28.6500,27.7800,34212580,973305658.7300
2025-05-06,sh.603005,28.7000,29.9600,28.7000,29.8100,28.6500,32183386,949367669.3200
2025-05-07,sh.603005,30.0000,30.2600,29.0700,29.3200,29.8100,33887464,999181546.2500
2025-05-08,sh.603005,29.3200,29.7000,29.1600,29.3400,29.3200,21227542,623345791.6000
2025-05-09,sh.603005,29.3000,29.3000,28.2700,28.4600,29.3400,22469340,641772039.3800
2025-05-12,sh.603005,28.7900,29.5500,28.7800,29.3800,28.4600,27716048,810388139.2600
2025-05-13,sh.603005,29.8000,29.8800,28.8200,28.9200,29.3800,20924534,610598141.9800
2025-05-14,sh.603005,28.9500,29.1200,28.4400,28.7800,28.9200,20269584,582715513.7800
2025-05-15,sh.603005,28.7600,28.7700,27.6200,27.7000,28.7800,22798224,638056239.5300
2025-05-16,sh.603005,27.5100,27.9600,27.4900,27.5500,27.7000,19121819,529781919.1300
2025-05-19,sh.603005,27.4000,27.7100,27.2500,27.6500,27.5500,13631391,375029708.5200
2025-05-20,sh.603005,27.7100,27.8600,27.5100,27.7700,27.6500,12343518,341946471.2600
2025-05-21,sh.603005,27.7700,27.7800,27.2700,27.4600,27.7700,12169223,334174998.3000
2025-05-22,sh.603005,27.3200,28.1000,27.1400,27.1700,27.4600,16815122,462806983.8600
2025-05-23,sh.603005,27.0700,27.3200,26.6700,26.6800,27.1700,15434214,416751265.2800
2025-05-26,sh.603005,26.7500,27.1300,26.7500,27.0400,26.6800,11717903,316018393.8500
2025-05-27,sh.603005,27.0700,27.0900,26.4200,26.5200,27.0400,13328799,354634799.1700
2025-05-28,sh.603005,26.5900,26.7300,26.2600,26.3100,26.5200,9382884,247956961.4000
2025-05-29,sh.603005,26.3100,26.8800,26.2800,26.7900,26.3100,14684445,392336305.9200
2025-05-30,sh.603005,26.7600,26.7600,26.0300,26.2000,26.7900,15384948,404068930.4900
2025-06-03,sh.603005,26.0300,26.4400,25.9500,26.0700,26.2000,13968123,366205674.6700
2025-06-04,sh.603005,25.9800,26.4500,25.9800,26.3200,26.0700,11372506,299132530.6200
2025-06-05,sh.603005,26.3600,26.8700,26.2300,26.8000,26.3200,17034225,453461675.6400
2025-06-06,sh.603005,26.3000,26.5000,25.4000,26.3400,26.8000,36270853,941089432.9500
2025-06-09,sh.603005,26.3500,26.9900,26.3200,26.9200,26.3400,24034298,642554668.4000
2025-06-10,sh.603005,26.9000,27.2500,26.0500,26.2400,26.9200,23672224,627567046.7900
2025-06-11,sh.603005,26.1000,26.5900,26.1000,26.3300,26.2400,12584208,332329574.5000
2025-06-12,sh.603005,26.2500,26.6200,26.0600,26.1500,26.3300,13223299,347660533.8400
2025-06-13,sh.603005,26.0200,26.2900,25.6000,25.7200,26.1500,14398482,372579595.9900
2025-06-16,sh.603005,25.4700,26.0500,25.4200,25.7500,25.7200,10944759,282575566.7800
2025-06-17,sh.603005,25.8400,25.9300,25.4200,25.6400,25.7500,11079798,284020977.4000
2025-06-18,sh.603005,25.5000,25.8300,25.3600,25.6600,25.6400,15564382,398523859.8600
2025-06-19,sh.603005,25.6500,26.2900,25.5500,25.8700,25.6600,24186007,627138906.2500
2025-06-20,sh.603005,25.8300,26.2500,25.6100,25.7700,25.8700,20061714,520042021.5200
2025-06-23,sh.603005,25.4600,28.3500,25.4000,27.4500,25.7700,79364073,2185366352.0800
2025-06-24,sh.603005,27.1000,27.7000,26.9000,27.6200,27.4500,48454864,1330126943.6900
2025-06-25,sh.603005,27.6700,28.1100,27.2600,28.0400,27.6200,39300278,1092656402.5700
2025-06-26,sh.603005,28.1200,28.2000,27.6200,27.6200,28.0400,29628198,825715547.6500
2025-06-27,sh.603005,27.9800,28.4000,27.5300,27.9900,27.6200,34872500,976967693.1000
2025-06-30,sh.603005,28.3500,28.6600,28.2000,28.3900,27.9900,33043121,939669510.7500
2025-07-01,sh.603005,28.3900,29.2700,28.0700,28.5100,28.3900,43934471,1260910263.3900
2025-07-02,sh.603005,28.1500,28.1700,27.5800,27.7100,28.5100,29795213,828222906.2600
2025-07-03,sh.603005,27.7200,27.9300,27.5300,27.8200,27.7100,18296143,507572124.0900
2025-07-04,sh.603005,27.7500,27.8200,27.1300,27.3200,27.7400,20629107,565562899.5700
2025-07-07,sh.603005,27.2900,27.5000,27.1100,27.1700,27.3200,11556031,314978376.1000
2025-07-08,sh.603005,27.2000,27.6800,27.2000,27.5700,27.1700,16784920,461888530.0600
2025-07-09,sh.603005,27.6600,27.6700,27.1600,27.2900,27.5700,15193214,416367781.3500
2025-07-10,sh.603005,27.2500,27.3800,26.9800,27.3100,27.2900,17613865,478719287.9900
2025-07-11,sh.603005,27.3300,28.0500,27.1000,27.8400,27.3100,27959933,774137278.3600
2025-07-14,sh.603005,28.0000,28.2500,27.7900,27.9100,27.8400,19818929,553648936.5600
2025-07-15,sh.603005,27.9000,28.2200,27.5600,27.9400,27.9100,23713820,660546973.4000
2025-07-16,sh.603005,27.9900,28.4300,27.8100,28.3400,27.9400,29444780,830920006.1800
2025-07-17,sh.603005,28.1900,28.5700,28.0200,28.4800,28.3400,25037592,709263543.7600
2025-07-18,sh.603005,28.5700,28.5800,28.1800,28.4000,28.4800,20986551,595297258.6200
2025-07-21,sh.603005,28.3900,28.4000,28.0000,28.1900,28.4000,21638074,609844255.8400
2025-07-22,sh.603005,28.2000,28.4500,28.0500,28.2000,28.1900,20902618,590088408.3100
2025-07-23,sh.603005,28.1400,28.3800,27.9300,27.9600,28.2000,21433608,603135106.4700
2025-07-24,sh.603005,28.0000,28.8100,28.0000,28.8000,27.9600,38006580,1084516436.3400
2025-07-25,sh.603005,28.9700,29.1000,28.5700,29.0600,28.8000,30312299,873365874.5100
2025-07-28,sh.603005,29.2300,29.3000,28.8500,29.0100,29.0600,27887831,810306293.4600
2025-07-29,sh.603005,28.8900,29.4600,28.8500,29.2300,29.0100,27317714,797016897.9300
2025-07-30,sh.603005,29.2200,29.2500,28.4700,28.7500,29.2300,25192081,727407504.5800
2025-07-31,sh.603005,28.6100,29.1500,28.2500,28.3800,28.7500,29579739,850842776.2000
2025-08-01,sh.603005,28.3800,28.7600,27.9100,28.0500,28.3800,23589772,665398187.9000
2025-08-04,sh.603005,27.8600,28.1700,27.8000,28.1000,28.0500,16672754,466673569.9500
2025-08-05,sh.603005,28.1200,29.1600,28.0400,28.7400,28.1000,31983389,915607870.0400
2025-08-06,sh.603005,28.6000,31.6100,28.4000,30.3500,28.7400,76689626,2300749513.1700
2025-08-07,sh.603005,30.1600,30.7000,29.9800,30.2700,30.3500,56441183,1710502321.0600
2025-08-08,sh.603005,30.0900,30.2000,29.4800,29.4800,30.2700,35333882,1049997272.5100
2025-08-11,sh.603005,29.6700,30.1400,29.5100,29.9900,29.4800,31167722,931630150.3900
2025-08-12,sh.603005,29.9900,30.7400,29.7200,30.6000,29.9900,51745845,1568846621.5800
2025-08-13,sh.603005,30.6800,31.0300,30.3900,30.7000,30.6000,46191023,1419273753.1300
2025-08-14,sh.603005,30.7100,31.1800,30.0000,30.0800,30.7000,46920308,1436645442.4200
2025-08-15,sh.603005,29.9300,30.7400,29.9200,30.6800,30.0800,35545084,1082316992.2000
2025-08-18,sh.603005,30.8000,31.5700,30.6200,31.3100,30.6800,49576363,1546692252.5500
2025-08-19,sh.603005,31.5000,32.0800,31.0100,31.2800,31.3100,46397677,1460294210.8700
2025-08-20,sh.603005,31.2700,31.7500,30.6500,31.7500,31.2800,44554737,1390389547.8900
2025-08-21,sh.603005,31.8000,31.9900,31.0000,31.1500,31.7500,36466584,1147193867.5600
2025-08-22,sh.603005,31.1500,32.3900,31.1000,32.2900,31.1500,61141967,1953856189.8000
2025-08-25,sh.603005,32.8800,33.4200,31.8700,32.2000,32.2900,67534439,2192869770.1000
2025-08-26,sh.603005,32.0000,32.9900,31.8000,32.4800,32.2000,44698114,1445860135.5400
2025-08-27,sh.603005,32.3500,33.3300,31.5300,31.5300,32.4800,62603005,2038001379.1400
2025-08-28,sh.603005,31.5300,32.4600,31.1400,32.4500,31.5300,55265452,1765972319.8400
2025-08-29,sh.603005,32.5000,33.3300,31.7500,32.9800,32.4500,64014423,2094408711.7500
2025-09-01,sh.603005,33.5000,33.7800,32.4200,32.9300,32.9800,50333030,1657381050.6100
2025-09-02,sh.603005,32.7500,33.0000,31.3500,31.5700,32.9300,44819604,1430325658.7200
2025-09-03,sh.603005,31.6000,31.8600,30.5800,30.7100,31.5700,41613234,1293791155.5800
2025-09-04,sh.603005,30.7000,30.9100,29.0100,29.4500,30.7100,40219317,1203997955.9200
2025-09-05,sh.603005,29.6500,30.2600,29.3000,30.0800,29.4500,29899455,894003009.8700
2025-09-08,sh.603005,30.1100,30.5900,29.9100,30.3000,30.0800,25050089,757479821.3800
2025-09-09,sh.603005,30.0600,30.1000,29.4800,29.5800,30.3000,23026871,685304022.8200
2025-09-10,sh.603005,29.6000,29.9500,29.4100,29.4400,29.5800,18461470,546807878.3600
2025-09-11,sh.603005,29.6500,30.6400,29.3500,30.6300,29.4400,37361696,1130106651.2200
2025-09-12,sh.603005,30.5500,31.2800,30.4000,30.8600,30.6300,33933175,1050120802.7800
2025-09-15,sh.603005,31.3500,31.5000,30.5800,30.6000,30.8600,26376376,813279389.6800
2025-09-16,sh.603005,30.4800,30.8800,30.3500,30.5900,30.6000,23118288,706710290.6100
2025-09-17,sh.603005,30.7000,31.4900,30.5500,31.1000,30.5900,33790240,1050940602.4700
2025-09-18,sh.603005,31.0200,32.1100,30.5200,31.0300,31.1000,59133794,1861386971.7600
2025-09-19,sh.603005,31.0000,31.9900,30.9000,31.5900,31.0300,49947179,1576595809.2200
2025-09-22,sh.603005,31.7000,31.9000,31.3200,31.7100,31.5900,35897143,1137346368.4900
2025-09-23,sh.603005,31.7100,32.1300,30.1500,32.0500,31.7100,53901501,1672756993.3200
2025-09-24,sh.603005,31.8800,33.4900,31.7600,33.0200,32.0500,100904334,3309906361.2000
2025-09-25,sh.603005,32.9000,33.5800,32.3500,32.9800,33.0200,64663922,2125713763.0100
2025-09-26,sh.603005,32.7900,33.0900,31.8100,31.8100,32.9800,45529229,1476724662.6500
2025-09-29,sh.603005,31.7900,32.2200,31.3800,31.6500,31.8100,34911592,1106772648.6600
2025-09-30,sh.603005,31.8100,32.7600,31.7500,32.3500,31.6500,42206566,1359245405.3800
2025-10-09,sh.603005,32.9900,33.9800,32.5800,33.4200,32.3500,77600758,2586485931.9200
2025-10-10,sh.603005,32.7000,33.1000,31.6300,31.7300,33.4200,54104371,1731201821.5800
2025-10-13,sh.603005,29.8000,32.6800,29.8000,32.3000,31.7300,54787714,1737543409.3700
2025-10-14,sh.603005,32.5500,32.6000,29.8100,30.0800,32.3000,67688514,2097474610.1100
2025-10-15,sh.603005,30.1000,30.2300,29.2400,29.8800,30.0800,39631956,1176488462.2600
2025-10-16,sh.603005,29.7000,30.1200,29.3800,29.4900,29.8800,27752112,822768112.6700
2025-10-17,sh.603005,29.4500,29.4500,27.9400,28.0400,29.4900,33199747,948638788.5600
2025-10-20,sh.603005,28.6000,28.7700,28.1900,28.4500,28.0400,18825004,536083142.9100
2025-10-21,sh.603005,28.4500,30.6500,28.3500,30.0300,28.4500,50929613,1514201769.6300
2025-10-22,sh.603005,29.6800,29.8300,29.3000,29.4700,30.0300,22839591,674373550.5800
2025-10-23,sh.603005,29.2900,29.3700,28.5500,29.0500,29.4700,19921952,574207358.8500
2025-10-24,sh.603005,29.3400,29.8900,29.2300,29.8400,29.0500,24387199,724276809.7700
2025-10-27,sh.603005,30.2500,30.4900,29.8000,30.3100,29.8400,35443762,1070822218.7500
2025-10-28,sh.603005,30.0700,31.0000,30.0100,30.5400,30.3100,35249448,1081567369.4500
2025-10-29,sh.603005,30.6000,30.7200,30.0500,30.4600,30.5400,25224041,766177530.0900
2025-10-30,sh.603005,30.4100,30.4100,29.8100,29.8600,30.4600,24080584,724098865.8600
2025-10-31,sh.603005,29.8800,30.0400,29.3600,29.3900,29.8600,21727989,643402085.6700
2025-11-03,sh.603005,29.4000,29.4000,28.4500,29.3200,29.3900,24259064,700535124.5200
2025-11-04,sh.603005,29.2200,29.4000,28.5600,28.7300,29.3200,20324418,586871329.4900
2025-11-05,sh.603005,28.3900,28.8100,28.2800,28.5700,28.7300,15511576,442479889.3300
2025-11-06,sh.603005,28.8100,29.0300,28.5900,28.9400,28.5700,17848089,515337417.5400
2025-11-07,sh.603005,28.7000,28.9800,28.4500,28.7700,28.9400,13922691,399709529.8500
2025-11-10,sh.603005,28.9300,29.2500,28.7600,28.9900,28.7700,18587564,538755568.7400
2025-11-11,sh.603005,29.0400,29.2600,28.7100,28.7500,28.9900,15468473,447959653.6300
2025-11-12,sh.603005,28.6000,28.6500,28.0200,28.1800,28.7500,16743037,473270442.7600
2025-11-13,sh.603005,28.1600,28.4600,28.1200,28.3000,28.1800,13204265,373207430.7000
2025-11-14,sh.603005,28.0800,28.1100,27.5100,27.5200,28.3000,20421559,567380573.4000
2025-11-17,sh.603005,27.4700,27.6800,27.2800,27.6000,27.5200,15062045,413390991.2700
2025-11-18,sh.603005,27.4700,27.7100,27.3300,27.4200,27.6000,15034728,413538067.4900
2025-11-19,sh.603005,27.3500,27.5500,27.0100,27.0700,27.4200,12831044,349085455.2400
2025-11-20,sh.603005,27.3500,27.5300,26.8800,26.8800,27.0700,12833876,349297570.4200
2025-11-21,sh.603005,26.6000,26.8500,26.0200,26.1400,26.8800,18951284,500120125.9700
2025-11-24,sh.603005,26.2700,26.6300,26.0500,26.4200,26.1400,13561795,356881802.8100
2025-11-25,sh.603005,26.5800,27.1500,26.5500,26.7400,26.4200,14574476,391473456.8900
2025-11-26,sh.603005,26.6100,26.8800,26.5600,26.6200,26.7400,10402851,277931780.0200
2025-11-27,sh.603005,26.6200,27.0800,26.6200,26.6800,26.6200,12393623,333137432.2100
2025-11-28,sh.603005,26.6600,27.0700,26.5400,27.0200,26.6800,12065067,323980085.9100
2025-12-01,sh.603005,27.1800,27.5300,27.0100,27.5300,27.0200,15379761,420007354.6800
2025-12-02,sh.603005,27.5100,27.5100,27.1000,27.1400,27.5300,10363378,282190413.9200
2025-12-03,sh.603005,27.2300,27.3200,26.8100,26.9600,27.1400,9974826,268999978.7800
2025-12-04,sh.603005,26.9000,27.1300,26.6800,27.0300,26.9600,7599544,204712861.1500
2025-12-05,sh.603005,27.0300,27.4700,26.7100,27.4700,27.0300,13899987,377753169.0000
2025-12-08,sh.603005,27.5800,27.6200,27.4000,27.4500,27.4700,17518343,481665168.4600
2025-12-09,sh.603005,27.4000,28.1000,27.3200,27.5500,27.4500,18331255,506945240.0900
2025-12-10,sh.603005,27.4000,27.6500,27.1200,27.6000,27.5500,12194592,334004687.0800
2025-12-11,sh.603005,27.6200,27.6600,27.1800,27.2100,27.6000,9535717,261377490.4900
2025-12-12,sh.603005,27.2100,27.6800,27.0600,27.5500,27.2100,13362160,366881454.1800
2025-12-15,sh.603005,27.3800,27.5500,27.1200,27.1400,27.5500,10199213,278521748.6300
2025-12-16,sh.603005,27.1300,27.2000,26.6100,26.7400,27.1400,9978591,267342867.6600
2025-12-17,sh.603005,26.7300,27.2100,26.4500,27.1600,26.7400,11753595,315429545.5400
2025-12-18,sh.603005,26.9000,27.6200,26.8800,27.2600,27.1600,13082296,358566506.6000
2025-12-19,sh.603005,27.4000,27.5400,27.2800,27.3500,27.2600,11742668,321972390.5400
2025-12-22,sh.603005,27.3100,27.8800,27.3100,27.8300,27.3500,15430859,428298662.1100
2025-12-23,sh.603005,27.6800,27.9300,27.6000,27.7200,27.8300,12162415,337780402.8200
2025-12-24,sh.603005,27.6900,28.0700,27.6500,28.0000,27.7200,14799809,413182687.5600
2025-12-25,sh.603005,28.0100,28.1000,27.7600,28.0700,28.0000,14053720,393083490.4300
2025-12-26,sh.603005,28.1000,28.1800,27.7300,27.8500,28.0700,13617108,380833743.2000
2025-12-29,sh.603005,27.8500,28.0800,27.6000,27.7000,27.8500,11144888,310073319.0500
2025-12-30,sh.603005,27.6200,28.0200,27.6100,27.8400,27.7000,11647493,324611868.8200
2025-12-31,sh.603005,27.8900,27.9600,27.6200,27.6600,27.8400,10272391,285228842.0900
