date,code,open,high,low,close,preclose,volume,amount
2019-01-02,sz.002196,5.0700,5.1200,5.0300,5.0500,5.0700,1143160,5786426.2000
2019-01-03,sz.002196,5.0500,5.1000,5.0400,5.1000,5.0500,1096802,5564579.2400
2019-01-04,sz.002196,5.1200,5.3100,5.0800,5.2800,5.1000,3123160,16307599.6000
2019-01-07,sz.002196,5.2800,5.4000,5.2500,5.3600,5.2800,3211581,17152802.0600
2019-01-08,sz.002196,5.3600,5.4800,5.3300,5.4600,5.3600,2469573,13399730.2700
2019-01-09,sz.002196,5.5000,5.6200,5.4600,5.4900,5.4600,4127100,22904495.2900
2019-01-10,sz.002196,5.4700,5.5700,5.4600,5.4700,5.4900,2512660,13855121.9000
2019-01-11,sz.002196,5.5300,5.7700,5.4500,5.5900,5.4700,4957881,27840536.1900
2019-01-14,sz.002196,5.5200,5.6800,5.4100,5.4400,5.5900,3941847,21789521.8900
2019-01-15,sz.002196,4.9000,5.0700,4.9000,4.9700,5.4400,16189491,79946482.5800
2019-01-16,sz.002196,4.9100,5.3800,4.9000,5.1800,4.9700,16156121,82775148.8600
2019-01-17,sz.002196,5.1800,5.3200,5.1000,5.1800,5.1800,9603244,50073449.6000
2019-01-18,sz.002196,5.2000,5.2800,5.1200,5.2100,5.1800,6103535,31808764.8500
2019-01-21,sz.002196,5.2500,5.3600,5.2100,5.2600,5.2100,5555506,29448136.7700
2019-01-22,sz.002196,5.3100,5.3300,5.1500,5.1600,5.2600,3270150,17052533.8000
2019-01-23,sz.002196,5.1800,5.2300,5.1200,5.2000,5.1600,2635977,13666575.7200
2019-01-24,sz.002196,5.1900,5.2700,5.1400,5.1800,5.2000,3668036,19091677.4200
2019-01-25,sz.002196,5.1500,5.2200,5.1500,5.1500,5.1800,2370238,12279049.0800
2019-01-28,sz.002196,5.1600,5.2000,5.0500,5.0700,5.1500,3869989,19753914.6100
2019-01-29,sz.002196,5.0000,5.0800,4.9100,4.9600,5.0700,3417147,17006776.1400
2019-01-30,sz.002196,4.9300,5.0700,4.9300,4.9800,4.9600,1902633,9529744.4200
2019-01-31,sz.002196,4.9800,5.0300,4.7500,4.8100,4.9800,2884992,14128787.0800
2019-02-01,sz.002196,4.8900,5.0400,4.8300,5.0000,4.8100,2110027,10471549.9600
2019-02-11,sz.002196,5.0500,5.1500,5.0200,5.1400,5.0000,2316798,11841746.2400
2019-02-12,sz.002196,5.1200,5.2600,5.1100,5.2300,5.1400,2663406,13819757.4400
2019-02-13,sz.002196,5.2100,5.3500,5.2100,5.3100,5.2300,5278230,27993752.7000
2019-02-14,sz.002196,5.3000,5.5300,5.2500,5.4900,5.3100,7260718,39406589.2500
2019-02-15,sz.002196,5.5000,5.5300,5.4100,5.5000,5.4900,4055624,22207171.9000
2019-02-18,sz.002196,5.5000,5.8700,5.5000,5.8100,5.5000,7765943,44506000.6800
2019-02-19,sz.002196,5.7800,5.9700,5.6800,5.7500,5.8100,8733792,50813650.1800
2019-02-20,sz.002196,5.8500,5.9300,5.7100,5.8200,5.7500,5467592,31828676.0200
2019-02-21,sz.002196,5.8000,5.8900,5.7300,5.7500,5.8200,6469354,37579483.2800
2019-02-22,sz.002196,5.7700,5.8500,5.7000,5.8500,5.7500,5605538,32354864.2600
2019-02-25,sz.002196,5.8000,6.1200,5.7500,6.0700,5.8500,10177224,60906927.5700
2019-02-26,sz.002196,6.1000,6.1100,5.9400,6.0200,6.0700,7559654,45623156.5200
2019-02-27,sz.002196,6.0200,6.0500,5.8600,5.9000,6.0200,6063060,36200640.6000
2019-02-28,sz.002196,5.9000,6.0300,5.8900,5.9600,5.9000,4814202,28748677.4700
2019-03-01,sz.002196,5.9700,5.9700,5.8300,5.9000,5.9600,4279367,25183306.5800
2019-03-04,sz.002196,5.9400,6.0300,5.8800,5.9400,5.9000,6593500,39308153.1000
2019-03-05,sz.002196,5.9400,6.0500,5.8300,6.0500,5.9400,7772026,46338294.0900
2019-03-06,sz.002196,6.0600,6.3100,5.9700,6.2200,6.0500,12216626,74853818.5500
2019-03-07,sz.002196,6.1800,6.2500,6.0800,6.2100,6.2200,9969631,61352480.4100
2019-03-08,sz.002196,6.1400,6.2500,5.9400,6.0100,6.2100,9903195,60338657.9700
2019-03-11,sz.002196,6.1900,6.3800,6.0700,6.3000,6.0100,14942104,93038072.1700
2019-03-12,sz.002196,6.3100,6.4900,6.2100,6.3200,6.3000,16105430,101945018.6400
2019-03-13,sz.002196,6.2700,6.4000,6.1300,6.1600,6.3200,9877755,61961654.7000
2019-03-14,sz.002196,6.1400,6.2300,5.8900,5.9900,6.1600,7627572,46043609.6100
2019-03-15,sz.002196,6.0000,6.4500,6.0000,6.2700,5.9900,10971950,67736249.2500
2019-03-18,sz.002196,6.2500,6.2700,6.0800,6.2300,6.2700,5852757,36210974.3600
2019-03-19,sz.002196,6.2300,6.7000,6.1500,6.4100,6.2300,17562601,112992496.8300
2019-03-20,sz.002196,6.3400,6.3800,6.1700,6.2600,6.4100,10802946,67554822.1100
2019-03-21,sz.002196,6.2600,6.3200,6.2200,6.2700,6.2600,6073324,38102964.7600
2019-03-22,sz.002196,6.2700,6.2800,6.1600,6.2800,6.2700,5611310,34894479.6900
2019-03-25,sz.002196,6.1900,6.2600,6.0900,6.2100,6.2800,4214815,26179684.3500
2019-03-26,sz.002196,6.1800,6.2500,5.9800,6.0300,6.2100,7795155,47573791.5000
2019-03-27,sz.002196,6.0500,6.0900,5.9200,6.0500,6.0300,4649773,27896011.2800
2019-03-28,sz.002196,6.0000,6.1600,5.9200,5.9900,6.0500,4285140,25932620.3000
2019-03-29,sz.002196,5.9900,6.1500,5.9100,6.1400,5.9900,5203312,31407601.6400
2019-04-01,sz.002196,6.1400,6.3000,6.1100,6.2700,6.1400,8017401,50072940.2000
2019-04-02,sz.002196,6.3000,6.3500,6.2100,6.2900,6.2700,8713106,54764262.8300
2019-04-03,sz.002196,6.2900,6.4400,6.2500,6.3600,6.2900,9410864,60010393.8500
2019-04-04,sz.002196,6.3500,7.0000,6.3400,6.8600,6.3600,24877060,166964194.8100
2019-04-08,sz.002196,6.8600,6.8900,6.5400,6.6900,6.8600,18096570,121507390.3900
2019-04-09,sz.002196,6.6200,6.6800,6.5500,6.6300,6.6900,6530272,43118703.9000
2019-04-10,sz.002196,6.6300,6.8500,6.5000,6.6700,6.6300,7349295,49351328.5200
2019-04-11,sz.002196,6.6900,6.8100,6.6300,6.7100,6.6700,6962044,46770249.2200
2019-04-12,sz.002196,6.7100,6.7300,6.5400,6.6800,6.7100,4628087,30692545.1600
2019-04-15,sz.002196,6.6800,6.7700,6.6300,6.6500,6.6800,3993378,26809257.4200
2019-04-16,sz.002196,6.6600,6.9500,6.5500,6.8800,6.6500,8324317,56644332.8000
2019-04-17,sz.002196,6.8200,7.2000,6.8000,7.0100,6.8800,10728301,75327399.4900
2019-04-18,sz.002196,6.9900,7.5400,6.9400,7.2200,7.0100,16019241,117018322.5500
2019-04-19,sz.002196,7.2600,7.4200,7.1200,7.3800,7.2200,10012167,73078649.0400
2019-04-22,sz.002196,7.4000,7.5500,7.1100,7.2500,7.3800,11108949,81252180.1100
2019-04-23,sz.002196,7.2300,7.3200,7.0400,7.1800,7.2500,7818731,56210371.4100
2019-04-24,sz.002196,7.1200,7.1200,6.8200,6.9800,7.1800,8685470,60573944.8400
2019-04-25,sz.002196,6.9700,7.0600,6.7600,6.7600,6.9800,6349627,43839686.9400
2019-04-26,sz.002196,6.7200,6.9300,6.7000,6.7800,6.7600,5202075,35531115.3200
2019-04-29,sz.002196,6.7500,6.8500,6.4100,6.5500,6.7800,6226544,41514780.3100
2019-04-30,sz.002196,6.5400,6.6500,6.4600,6.4900,6.5500,3086494,20210353.2500
2019-05-06,sz.002196,6.2000,6.8200,6.0600,6.2200,6.4900,8317650,53156500.5000
2019-05-07,sz.002196,6.2700,6.4800,6.2700,6.4600,6.2200,5594756,35746174.2800
2019-05-08,sz.002196,6.4100,6.7400,6.2900,6.7000,6.4600,6389667,42213909.0000
2019-05-09,sz.002196,6.5900,6.8500,6.4700,6.5700,6.7000,4659099,30922224.0000
2019-05-10,sz.002196,6.5800,7.0500,6.5800,7.0500,6.5700,9833050,67501096.8700
2019-05-13,sz.002196,7.0500,7.1400,6.8700,7.1000,7.0500,4785221,33738313.0700
2019-05-14,sz.002196,7.0800,7.1200,6.8600,6.9000,7.1000,4918072,34232666.6000
2019-05-15,sz.002196,6.9000,6.9700,6.8900,6.9100,6.9000,3557781,24640367.0300
2019-05-16,sz.002196,6.9100,6.9900,6.8900,6.9500,6.9100,2539447,17586051.5700
2019-05-17,sz.002196,6.9600,6.9700,6.4600,6.5600,6.9500,5934167,39857194.6200
2019-05-20,sz.002196,6.5600,6.6200,6.3700,6.5000,6.5600,2750340,17772456.3000
2019-05-21,sz.002196,6.5400,6.6600,6.4600,6.6500,6.5000,2644603,17483903.3200
2019-05-22,sz.002196,6.6300,6.6800,6.3800,6.4900,6.6500,4773340,30980089.5000
2019-05-23,sz.002196,6.4700,6.4700,6.3500,6.3900,6.4900,3108872,19882233.5800
2019-05-24,sz.002196,6.4200,6.4400,6.3000,6.3100,6.3900,2170050,13763043.4000
2019-05-27,sz.002196,6.3100,6.7100,6.3100,6.6600,6.3100,4881780,32078446.1900
2019-05-28,sz.002196,6.6600,6.7400,6.5200,6.5500,6.6600,3377937,22263359.3100
2019-05-29,sz.002196,6.5500,6.8100,6.4600,6.7500,6.5500,3539137,23595475.6800
2019-05-30,sz.002196,6.7500,6.8600,6.6700,6.7200,6.7500,3607090,24312423.8000
2019-05-31,sz.002196,6.7200,7.0700,6.6200,6.9100,6.7200,7511595,52025430.7700
2019-06-03,sz.002196,6.9800,7.0000,6.8400,6.9600,6.9100,3699990,25563134.8500
2019-06-04,sz.002196,6.9800,6.9800,6.5700,6.6200,6.9600,5185910,35141969.0700
2019-06-05,sz.002196,6.6800,6.7700,6.6100,6.6200,6.6200,2284250,15266930.9000
2019-06-06,sz.002196,6.6200,6.6500,5.9600,6.0000,6.6200,14705304,89165825.0900
2019-06-10,sz.002196,5.9500,6.3300,5.9200,6.2200,6.0000,6559285,40554081.7300
2019-06-11,sz.002196,6.3700,6.6100,6.2600,6.5500,6.2200,6113365,39557797.7300
2019-06-12,sz.002196,6.5300,6.8000,6.4400,6.4600,6.5500,4873119,32058190.6300
2019-06-13,sz.002196,6.5900,6.5900,6.4100,6.4400,6.4600,3170628,20495268.4000
2019-06-14,sz.002196,6.5500,6.5500,6.2100,6.3000,6.4400,4589390,29082900.5000
2019-06-17,sz.002196,6.2700,6.4400,6.2100,6.2800,6.3000,4165839,26262869.7400
2019-06-18,sz.002196,6.2600,6.5000,6.1800,6.4000,6.2800,5556421,35136054.2400
2019-06-19,sz.002196,6.4600,6.6900,6.4500,6.6600,6.4000,7520243,49345908.7000
2019-06-20,sz.002196,6.7500,6.9600,6.4300,6.5100,6.6600,16526821,110064809.3600
2019-06-21,sz.002196,6.4500,6.6100,6.4500,6.5100,6.5100,6583884,43049105.4300
2019-06-24,sz.002196,6.5200,6.5900,6.4100,6.4300,6.5100,3166780,20442289.5000
2019-06-25,sz.002196,6.4300,6.4500,6.2900,6.3500,6.4300,3398330,21589683.4000
2019-06-26,sz.002196,6.3000,6.4200,6.2600,6.4000,6.3500,2154630,13714024.5000
2019-06-27,sz.002196,6.7000,6.8000,6.5500,6.6000,6.4000,10246164,68135577.4100
2019-06-28,sz.002196,6.6300,6.6800,6.3500,6.3800,6.6000,4915070,31673248.1000
2019-07-01,sz.002196,6.4700,6.5900,6.4200,6.4500,6.3800,5043890,32741869.0800
2019-07-02,sz.002196,6.4400,6.5400,6.3700,6.4600,6.4500,3112172,20090642.3600
2019-07-03,sz.002196,6.4600,6.5400,6.4100,6.5000,6.4600,3516310,22809070.0000
2019-07-04,sz.002196,6.5100,6.5100,6.4200,6.4200,6.5000,2276890,14678902.3000
2019-07-05,sz.002196,6.4500,6.4800,6.3800,6.4200,6.4200,1965012,12622053.0400
2019-07-08,sz.002196,6.4600,6.4700,6.2600,6.3000,6.4200,3252787,20695846.5500
2019-07-09,sz.002196,6.3100,6.3100,6.0900,6.1700,6.3000,3146081,19434067.6900
2019-07-10,sz.002196,6.1700,6.2500,6.1400,6.1600,6.1700,2436710,15080426.3000
2019-07-11,sz.002196,6.2300,6.2700,6.0800,6.1000,6.1600,2144500,13159478.0000
2019-07-12,sz.002196,6.1500,6.1500,5.5100,6.1300,6.1000,4764860,28481540.9000
2019-07-15,sz.002196,6.0600,6.0600,5.9400,6.0100,6.1300,3075713,18428618.3700
2019-07-16,sz.002196,6.0300,6.0600,5.9600,5.9900,6.0100,1430940,8577015.6000
2019-07-17,sz.002196,6.0000,6.0300,5.9600,6.0200,5.9900,1883372,11275869.0100
2019-07-18,sz.002196,6.0100,6.0100,5.8300,5.8500,6.0200,2236830,13181940.5000
2019-07-19,sz.002196,5.8700,5.9800,5.8600,5.8700,5.8500,1204261,7116008.3700
2019-07-22,sz.002196,5.9900,5.9900,5.6600,5.6700,5.8700,2268796,13013695.6400
2019-07-23,sz.002196,5.6800,5.7800,5.6000,5.7200,5.6700,1379900,7874943.0000
2019-07-24,sz.002196,5.7500,5.8300,5.7000,5.7900,5.7200,1219616,7058180.6400
2019-07-25,sz.002196,5.7800,5.8200,5.7200,5.8000,5.7900,1266692,7310751.7400
2019-07-26,sz.002196,5.7900,6.1900,5.7700,6.1300,5.8000,5348742,32256317.7600
2019-07-29,sz.002196,6.7000,6.7000,6.0900,6.1300,6.1300,8303220,52607349.8000
2019-07-30,sz.002196,6.0000,6.2500,5.5200,6.0900,6.1300,5653889,34435126.1100
2019-07-31,sz.002196,6.0900,6.0900,5.9000,5.9200,6.0900,3161410,18930234.0000
2019-08-01,sz.002196,5.8300,5.9500,5.7800,5.8600,5.9200,2347939,13772725.3900
2019-08-02,sz.002196,5.6900,5.7600,5.5500,5.7000,5.8600,3136100,17772916.1000
2019-08-05,sz.002196,5.6500,5.7900,5.6100,5.6400,5.7000,1499792,8531095.7800
2019-08-06,sz.002196,5.6000,5.6000,5.3500,5.4200,5.6400,2668799,14557638.3000
2019-08-07,sz.002196,5.4900,5.5200,5.3800,5.3900,5.4200,1219250,6611338.4000
2019-08-08,sz.002196,5.3000,5.4500,5.2600,5.3800,5.3900,1115090,6023572.7000
2019-08-09,sz.002196,5.4300,5.4400,5.2800,5.3100,5.3800,1114210,5962888.4000
2019-08-12,sz.002196,5.3100,5.6000,5.2900,5.6000,5.3100,1343800,7212607.2000
2019-08-13,sz.002196,5.5500,5.5500,5.3800,5.4300,5.6000,1825660,9933491.4000
2019-08-14,sz.002196,5.4500,5.5000,5.3900,5.4100,5.4300,1406900,7675862.3000
2019-08-15,sz.002196,5.3100,5.3600,5.2200,5.3400,5.4100,2001586,10573979.2400
2019-08-16,sz.002196,5.3200,5.3700,5.2900,5.3400,5.3400,1630840,8711454.7000
2019-08-19,sz.002196,5.3700,5.4300,5.3300,5.4300,5.3400,4461204,23951111.8400
2019-08-20,sz.002196,5.4300,5.4900,5.3800,5.4900,5.4300,3391809,18412482.6900
2019-08-21,sz.002196,5.4500,5.4900,5.4200,5.4400,5.4900,1792920,9789567.4000
2019-08-22,sz.002196,5.4500,5.4800,5.3800,5.4200,5.4400,1428970,7733737.8000
2019-08-23,sz.002196,5.4100,5.6000,5.3700,5.5100,5.4200,3418924,18839221.8800
2019-08-26,sz.002196,5.4300,5.9200,5.3800,5.6400,5.5100,5265452,29988952.5200
2019-08-27,sz.002196,5.6500,5.8500,5.6300,5.7100,5.6400,2911335,16688359.3500
2019-08-28,sz.002196,5.7000,5.8300,5.7000,5.7000,5.7100,2805290,16153104.7000
2019-08-29,sz.002196,5.7000,5.7500,5.6000,5.6400,5.7000,2628110,14920461.4000
2019-08-30,sz.002196,5.6900,5.7800,5.4300,5.4900,5.6400,3055262,17098244.1400
2019-09-02,sz.002196,5.5400,5.6900,5.4700,5.6800,5.4900,2857542,15998378.0000
2019-09-03,sz.002196,5.7100,5.7200,5.6300,5.6600,5.6800,1691232,9609407.0000
2019-09-04,sz.002196,5.7200,5.7200,5.6100,5.7000,5.6600,2076880,11773372.3000
2019-09-05,sz.002196,5.7100,5.7700,5.6800,5.7000,5.7000,3408570,19512013.9000
2019-09-06,sz.002196,5.7000,5.7400,5.6200,5.6600,5.7000,2426030,13732146.6000
2019-09-09,sz.002196,5.7200,5.7800,5.6600,5.7700,5.6600,3444790,19713239.0000
2019-09-10,sz.002196,5.8000,5.8000,5.6900,5.7700,5.7700,2589140,14865870.0000
2019-09-11,sz.002196,5.7100,5.8200,5.7100,5.7600,5.7700,2766236,15975680.8800
2019-09-12,sz.002196,5.7400,5.8100,5.7100,5.8000,5.7600,1978400,11409053.9000
2019-09-16,sz.002196,5.8400,5.8500,5.7800,5.8000,5.8000,2087230,12128482.7000
2019-09-17,sz.002196,5.8000,5.8000,5.5300,5.6400,5.8000,3553710,20105943.6000
2019-09-18,sz.002196,5.6300,5.7600,5.6300,5.7500,5.6400,2102172,11978366.6200
2019-09-19,sz.002196,5.7100,5.7600,5.6800,5.7100,5.7500,2072320,11820979.9000
2019-09-20,sz.002196,5.7500,5.8200,5.6800,5.6900,5.7100,2324510,13315790.7000
2019-09-23,sz.002196,5.6900,5.7400,5.5500,5.5800,5.6900,2072390,11611960.3000
2019-09-24,sz.002196,5.6600,5.7200,5.5700,5.6000,5.5800,2251470,12694346.7000
2019-09-25,sz.002196,5.5900,5.6200,5.4000,5.4100,5.6000,2599810,14277723.2000
2019-09-26,sz.002196,5.4200,5.4900,5.2700,5.3400,5.4100,2820954,15113432.0400
2019-09-27,sz.002196,5.3000,5.4100,5.2900,5.3500,5.3400,2187049,11676076.7600
2019-09-30,sz.002196,5.3200,5.3600,5.1600,5.1900,5.3500,3054542,15997177.3800
2019-10-08,sz.002196,5.1900,5.2200,5.1500,5.1600,5.1900,1387830,7195607.7500
2019-10-09,sz.002196,5.1700,5.2400,5.1200,5.2400,5.1600,1444922,7494604.9400
2019-10-10,sz.002196,5.2500,5.3200,5.2300,5.2800,5.2400,1456320,7666298.9000
2019-10-11,sz.002196,5.2900,5.3200,5.2300,5.2900,5.2800,1120753,5931114.6000
2019-10-14,sz.002196,5.3300,5.4400,5.3300,5.4000,5.2900,1990450,10731522.6000
2019-10-15,sz.002196,5.4000,5.4100,5.2500,5.3200,5.4000,1600785,8474724.5000
2019-10-16,sz.002196,5.3000,5.4300,5.3000,5.4200,5.3200,2258868,12142295.5100
2019-10-17,sz.002196,5.4300,5.4400,5.2500,5.2500,5.4200,1964776,10449616.7600
2019-10-18,sz.002196,5.2800,5.3000,5.1000,5.2300,5.2500,2430210,12645181.9000
2019-10-21,sz.002196,5.2300,5.2400,5.0800,5.1200,5.2300,1646788,8457358.9000
2019-10-22,sz.002196,5.1000,5.2100,5.0900,5.2000,5.1200,1256500,6479318.5000
2019-10-23,sz.002196,5.2000,5.2100,5.1000,5.1800,5.2000,1089580,5620471.2000
2019-10-24,sz.002196,5.1900,5.1900,5.1100,5.1200,5.1800,1059150,5438639.7000
2019-10-25,sz.002196,5.1100,5.2700,5.1000,5.2700,5.1200,2194200,11435977.3000
2019-10-28,sz.002196,5.2700,5.3200,5.2000,5.2900,5.2700,1725747,9116810.3500
2019-10-29,sz.002196,5.2900,5.3700,5.2500,5.2800,5.2900,2356690,12499112.3000
2019-10-30,sz.002196,5.2600,5.2800,5.1400,5.1500,5.2800,1737887,9002292.5700
2019-10-31,sz.002196,5.1500,5.2000,5.1100,5.1200,5.1500,1040640,5365130.6000
2019-11-01,sz.002196,5.2100,5.2100,5.0100,5.1200,5.1200,1183780,6057565.8000
2019-11-04,sz.002196,5.1500,5.1500,5.0900,5.1400,5.1200,1101550,5640572.1000
2019-11-05,sz.002196,5.1100,5.1500,5.0800,5.1200,5.1400,1272340,6508588.7000
2019-11-06,sz.002196,5.1200,5.1700,5.0300,5.0300,5.1200,1574630,8000648.6000
2019-11-07,sz.002196,5.0300,5.0900,4.9800,5.0300,5.0300,2211663,11092441.1300
2019-11-08,sz.002196,5.0700,5.0800,4.9600,4.9700,5.0300,2146124,10743734.0800
2019-11-11,sz.002196,4.9600,4.9600,4.8400,4.8800,4.9700,1511567,7379992.0800
2019-11-12,sz.002196,4.8700,4.9400,4.8500,4.8900,4.8800,1805507,8801462.7200
2019-11-13,sz.002196,4.8900,4.9100,4.7800,4.8600,4.8900,1573000,7626943.8000
2019-11-14,sz.002196,4.8500,4.8600,4.8000,4.8200,4.8600,1363390,6574382.8000
2019-11-15,sz.002196,4.8200,4.8200,4.6800,4.8200,4.8200,3000454,14285898.4000
2019-11-18,sz.002196,4.7800,4.8600,4.7500,4.8400,4.8200,1200382,5775718.4500
2019-11-19,sz.002196,4.8100,4.9700,4.7900,4.9700,4.8400,1842610,9056659.6600
2019-11-20,sz.002196,5.0000,5.0000,4.8800,4.9100,4.9700,1240570,6119630.9900
2019-11-21,sz.002196,4.9000,4.9200,4.7900,4.8100,4.9100,2221532,10774169.2800
2019-11-22,sz.002196,4.8100,4.9500,4.7700,4.8200,4.8100,2620139,12732918.3100
2019-11-25,sz.002196,4.8300,4.8500,4.7400,4.7600,4.8200,2062754,9870183.9600
2019-11-26,sz.002196,4.7700,4.8100,4.7500,4.7600,4.7600,1442470,6897885.2000
2019-11-27,sz.002196,4.7900,4.7900,4.7100,4.7500,4.7600,1651120,7826348.3000
2019-11-28,sz.002196,4.7200,4.7700,4.6700,4.6900,4.7500,1720180,8106261.6000
2019-11-29,sz.002196,4.7000,4.7400,4.6400,4.7300,4.6900,1077205,5045540.7000
2019-12-02,sz.002196,4.7300,4.9300,4.7100,4.8300,4.7300,2881934,13895456.1700
2019-12-03,sz.002196,4.7800,5.2100,4.7100,4.9700,4.8300,5975784,29583048.4800
2019-12-04,sz.002196,4.9000,5.0100,4.8200,4.8800,4.9700,3262624,16037026.4400
2019-12-05,sz.002196,4.9000,4.9400,4.8600,4.9000,4.8800,1900315,9295689.6000
2019-12-06,sz.002196,4.9000,4.9300,4.8400,4.9100,4.9000,1764819,8630682.7700
2019-12-09,sz.002196,4.9800,5.4000,4.9800,5.4000,4.9100,6044925,32319686.0500
2019-12-10,sz.002196,5.9400,5.9400,5.9400,5.9400,5.4000,5060548,30059655.1200
2019-12-11,sz.002196,6.3000,6.3000,5.7400,5.7900,5.9400,34399355,208390290.1500
2019-12-12,sz.002196,5.5100,5.6800,5.4100,5.4300,5.7900,20861040,115108427.0500
2019-12-13,sz.002196,5.4000,5.4700,5.3300,5.3800,5.4300,11653055,62833382.2500
2019-12-16,sz.002196,5.3800,5.4800,5.3700,5.4500,5.3800,8564580,46429073.4500
2019-12-17,sz.002196,5.4800,5.4800,5.3600,5.4300,5.4500,8484390,45938693.9000
2019-12-18,sz.002196,5.4400,5.6500,5.4000,5.6500,5.4300,15202085,84443228.4900
2019-12-19,sz.002196,5.6000,5.8100,5.5500,5.6300,5.6500,8815498,49830390.2000
2019-12-20,sz.002196,5.6000,5.6200,5.3800,5.4000,5.6300,7722087,42491893.2300
2019-12-23,sz.002196,5.3600,5.4000,5.2300,5.2700,5.4000,4887990,25946488.4000
2019-12-24,sz.002196,5.2500,5.4100,5.2500,5.4100,5.2700,3973135,21270224.4500
2019-12-25,sz.002196,5.4000,5.6200,5.3600,5.4500,5.4100,6488905,35740933.3000
2019-12-26,sz.002196,5.4200,5.5400,5.4000,5.4800,5.4500,4355050,23764515.8000
2019-12-27,sz.002196,5.4900,5.5300,5.3900,5.4000,5.4800,4730538,25778410.1200
2019-12-30,sz.002196,5.3400,5.4000,5.2700,5.3600,5.4000,3382126,18048228.2200
2019-12-31,sz.002196,5.3700,5.4300,5.3000,5.3400,5.3600,2684430,14401788.0000
2020-01-02,sz.002196,5.4100,5.5500,5.3800,5.5000,5.3400,4381265,23999023.7500
2020-01-03,sz.002196,5.5100,5.5200,5.4400,5.4900,5.5000,3215940,17618069.2000
2020-01-06,sz.002196,5.4400,5.6700,5.4400,5.6500,5.4900,8542785,47868561.5000
2020-01-07,sz.002196,5.6100,5.7700,5.5800,5.6300,5.6500,7573246,42731201.6000
2020-01-08,sz.002196,5.6500,5.9000,5.5700,5.7900,5.6300,13463491,77580121.6400
2020-01-09,sz.002196,5.8200,6.0100,5.7200,5.7700,5.7900,8946477,52177326.8100
2020-01-10,sz.002196,5.7500,5.8100,5.6000,5.6500,5.7700,6157283,34880577.6000
2020-01-13,sz.002196,5.6500,5.7200,5.6000,5.6800,5.6500,4558900,25821908.6000
2020-01-14,sz.002196,5.7200,5.9800,5.6100,5.8600,5.6800,12855830,75277228.1000
2020-01-15,sz.002196,5.8000,5.8900,5.6900,5.7800,5.8600,5733860,32990881.7000
2020-01-16,sz.002196,5.7400,5.8000,5.6200,5.6300,5.7800,4286130,24367237.7000
2020-01-17,sz.002196,5.6300,5.6400,5.4700,5.5100,5.6300,5522834,30545921.0600
2020-01-20,sz.002196,5.4900,5.5300,5.4400,5.5100,5.5100,4403618,24146854.2600
2020-01-21,sz.002196,5.5300,5.5400,5.3500,5.3900,5.5100,5648330,30511064.8000
2020-01-22,sz.002196,5.4000,5.4800,5.2000,5.4500,5.3900,5033937,26900154.4100
2020-01-23,sz.002196,5.4100,5.5300,5.2500,5.3200,5.4500,5333472,28719273.2400
2020-02-03,sz.002196,4.7900,4.8500,4.7900,4.7900,5.3200,4383100,21009482.8000
2020-02-04,sz.002196,4.7800,5.0100,4.7800,4.9300,4.7900,7447550,36676131.8200
2020-02-05,sz.002196,4.9500,5.1400,4.9400,4.9700,4.9300,8643560,43428249.6000
2020-02-06,sz.002196,4.9500,5.0200,4.8400,4.9900,4.9700,9140612,45012900.7600
2020-02-07,sz.002196,4.9900,5.0200,4.9100,4.9900,4.9900,7124186,35292307.1400
2020-02-10,sz.002196,4.9800,5.2200,4.9400,5.2200,4.9900,8333952,42323911.4000
2020-02-11,sz.002196,5.2900,5.2900,5.0700,5.0900,5.2200,8465982,43703404.7800
2020-02-12,sz.002196,5.1200,5.2800,5.1000,5.2800,5.0900,7559528,39447240.9600
2020-02-13,sz.002196,5.2200,5.3300,5.1500,5.1700,5.2800,6204190,32388925.1000
2020-02-14,sz.002196,5.1400,5.2000,5.0800,5.1400,5.1700,3829599,19674922.1200
2020-02-17,sz.002196,5.1200,5.2900,5.1200,5.2900,5.1400,7128999,37305175.9800
2020-02-18,sz.002196,5.2900,5.4300,5.2400,5.3800,5.2900,7671560,41121594.1200
2020-02-19,sz.002196,5.3800,5.5800,5.3300,5.4300,5.3800,10978128,60038097.0200
2020-02-20,sz.002196,5.4000,5.6600,5.3600,5.5900,5.4300,12735245,70814493.4700
2020-02-21,sz.002196,5.5700,5.6400,5.4700,5.5600,5.5900,11635219,64745334.3600
2020-02-24,sz.002196,5.7400,6.1200,5.5600,6.0000,5.5600,25418893,149198593.1900
2020-02-25,sz.002196,5.8100,5.8600,5.5300,5.8100,6.0000,18545257,106791281.9500
2020-02-26,sz.002196,5.7200,5.8000,5.5700,5.6200,5.8100,10016610,56883542.9000
2020-02-27,sz.002196,5.6400,5.6500,5.5300,5.5600,5.6200,8115324,45361836.7900
2020-02-28,sz.002196,5.4100,5.4500,5.1500,5.2100,5.5600,9976820,52666573.6000
2020-03-02,sz.002196,5.2500,5.3800,5.2300,5.3600,5.2100,7376501,39105858.9800
2020-03-03,sz.002196,5.4400,5.5400,5.3600,5.4200,5.3600,7030550,38416095.3600
2020-03-04,sz.002196,5.3800,5.4500,5.3300,5.4500,5.4200,4433532,23939660.1600
2020-03-05,sz.002196,5.5100,5.6000,5.4500,5.5600,5.4500,7364825,40630897.8300
2020-03-06,sz.002196,5.4800,5.7000,5.4500,5.6100,5.5600,8571619,47993051.1500
2020-03-09,sz.002196,5.5000,5.5700,5.3400,5.3600,5.6100,7622730,41436284.4000
2020-03-10,sz.002196,5.2800,5.4600,5.1800,5.4600,5.3600,7488767,39984708.9300
2020-03-11,sz.002196,5.5000,5.6200,5.4500,5.4800,5.4600,8113284,44937131.5400
2020-03-12,sz.002196,5.3900,5.4400,5.2900,5.3100,5.4800,4770345,25528245.9100
2020-03-13,sz.002196,4.9800,5.2500,4.9100,5.1800,5.3100,7213071,36854220.2800
2020-03-16,sz.002196,5.2500,5.3400,5.0300,5.0300,5.1800,5598379,29076620.1700
2020-03-17,sz.002196,5.0600,5.1200,4.9500,5.0800,5.0300,4578330,23112646.5300
2020-03-18,sz.002196,5.1200,5.2200,5.0000,5.0000,5.0800,3427207,17498315.3900
2020-03-19,sz.002196,5.0100,5.1000,4.9700,5.0800,5.0000,3837220,19323399.4100
2020-03-20,sz.002196,5.1400,5.1700,5.0300,5.1100,5.0800,3192330,16263543.0500
2020-03-23,sz.002196,5.0400,5.0400,4.9100,4.9100,5.1100,3243900,16125852.4000
2020-03-24,sz.002196,4.9900,5.0200,4.8900,4.9900,4.9100,2837880,14095360.7000
2020-03-25,sz.002196,5.0700,5.1100,5.0300,5.0600,4.9900,3773182,19104043.7400
2020-03-26,sz.002196,5.0600,5.0700,4.9500,4.9800,5.0600,2985025,14913599.3000
2020-03-27,sz.002196,5.0200,5.0300,4.9400,4.9500,4.9800,2378540,11850021.0000
2020-03-30,sz.002196,4.9100,4.9100,4.7700,4.8300,4.9500,2906190,14057955.8000
2020-03-31,sz.002196,4.8600,4.9100,4.8200,4.8200,4.8300,2008120,9752492.0000
2020-04-01,sz.002196,4.8400,5.3000,4.8400,5.3000,4.8200,6942025,36686261.5000
2020-04-02,sz.002196,5.1700,5.5800,5.0500,5.4000,5.3000,19041729,100905500.9900
2020-04-03,sz.002196,5.2200,5.3300,5.2000,5.2300,5.4000,9584979,50302648.7300
2020-04-07,sz.002196,5.3000,5.4700,5.2000,5.4500,5.2300,12292649,65516581.7900
2020-04-08,sz.002196,5.3600,5.4100,5.2100,5.3800,5.4500,7302682,39134166.4200
2020-04-09,sz.002196,5.4100,5.4100,5.3000,5.3300,5.3800,5824305,31169645.4500
2020-04-10,sz.002196,5.3900,5.4200,5.1700,5.1900,5.3300,5787142,30499456.6200
2020-04-13,sz.002196,5.1500,5.1700,5.0500,5.0800,5.1900,4487585,22916579.6500
2020-04-14,sz.002196,5.1500,5.2800,5.0900,5.2000,5.0800,4654075,24102538.0500
2020-04-15,sz.002196,5.1700,5.4500,5.1300,5.2500,5.2000,7962310,42153912.2800
2020-04-16,sz.002196,5.1400,5.2200,5.0700,5.1900,5.2500,5584490,28759304.5000
2020-04-17,sz.002196,5.2800,5.2800,5.1100,5.1500,5.1900,5636406,29156338.2200
2020-04-20,sz.002196,5.1600,5.1800,5.0600,5.1000,5.1500,4180370,21342064.8000
2020-04-21,sz.002196,5.0700,5.0800,5.0100,5.0300,5.1000,3601550,18100424.7000
2020-04-22,sz.002196,5.0300,5.1100,5.0000,5.1000,5.0300,2504535,12703906.3200
2020-04-23,sz.002196,5.1300,5.1300,5.0200,5.0300,5.1000,2888633,14606071.1900
2020-04-24,sz.002196,5.0500,5.0500,4.9300,4.9600,5.0300,3021700,15041147.5000
2020-04-27,sz.002196,4.9600,5.1000,4.9000,5.0000,4.9600,2157525,10791129.6500
2020-04-28,sz.002196,4.9900,4.9900,4.7800,4.8600,5.0000,3785022,18463058.9200
2020-04-29,sz.002196,4.8200,4.9000,4.8200,4.8500,4.8600,1962932,9533444.4000
2020-04-30,sz.002196,4.8600,4.9800,4.8400,4.9500,4.8500,2435542,12024178.8600
2020-05-06,sz.002196,4.8500,5.0200,4.8500,5.0200,4.9500,3210510,15950207.0000
2020-05-07,sz.002196,5.0200,5.0200,4.9200,4.9200,5.0200,2380680,11773762.4000
2020-05-08,sz.002196,4.9500,4.9800,4.9300,4.9500,4.9200,2176348,10781475.4200
2020-05-11,sz.002196,4.9600,5.0000,4.9300,5.0000,4.9500,2496088,12395391.2600
2020-05-12,sz.002196,5.0000,5.0100,4.8800,4.9000,5.0000,2059957,10144957.5000
2020-05-13,sz.002196,4.9000,4.9500,4.8500,4.9400,4.9000,1777230,8713720.2000
2020-05-14,sz.002196,4.9000,4.9200,4.8600,4.8600,4.9400,1868583,9123332.1100
2020-05-15,sz.002196,4.8600,4.9000,4.8300,4.8900,4.8600,1491363,7264611.8400
2020-05-18,sz.002196,4.8800,4.8900,4.8400,4.8800,4.8900,1523520,7413580.4000
2020-05-19,sz.002196,4.8900,4.9400,4.8300,4.9000,4.8800,3437379,16740675.3700
2020-05-20,sz.002196,4.9100,4.9100,4.8000,4.8200,4.9000,2983935,14416105.3000
2020-05-21,sz.002196,4.8300,4.8600,4.8000,4.8200,4.8200,1925371,9291617.8000
2020-05-22,sz.002196,4.8200,4.8200,4.6500,4.6600,4.8200,3440875,16203927.3000
2020-05-25,sz.002196,4.6700,4.6800,4.6000,4.6400,4.6600,1703610,7916622.0000
2020-05-26,sz.002196,4.6600,4.7300,4.6500,4.7100,4.6400,1704620,8017927.4000
2020-05-27,sz.002196,4.7400,5.1000,4.7200,4.8900,4.7100,8390679,41563125.9000
2020-05-28,sz.002196,4.8400,4.9200,4.8200,4.9000,4.8900,3634955,17684486.2000
2020-05-29,sz.002196,4.9400,5.0100,4.8700,4.9000,4.9000,3226173,15873106.6600
2020-06-01,sz.002196,4.8900,4.9800,4.8700,4.9400,4.9000,3469355,17109301.6500
2020-06-02,sz.002196,4.9400,5.0400,4.9100,4.9800,4.9400,4156601,20734594.5200
2020-06-03,sz.002196,4.9800,4.9800,4.8800,4.9100,4.9800,3346865,16524645.4300
2020-06-04,sz.002196,4.9500,5.2000,4.8900,5.1000,4.9100,10123519,51303921.6200
2020-06-05,sz.002196,5.1200,5.3000,5.0400,5.2300,5.1000,12726594,66306611.1600
2020-06-08,sz.002196,5.2400,5.4000,5.1800,5.2200,5.2300,13886212,73392015.0200
2020-06-09,sz.002196,5.1900,5.2500,5.0100,5.0700,5.2200,10198895,52126276.8000
2020-06-10,sz.002196,5.0800,5.1000,4.9400,4.9500,5.0700,5404510,26932600.2000
2020-06-11,sz.002196,4.9500,5.0300,4.9100,4.9600,4.9500,4353320,21612591.0000
2020-06-12,sz.002196,4.8700,4.9300,4.8100,4.8800,4.9600,4505012,21882417.8600
2020-06-15,sz.002196,4.8400,4.9200,4.8200,4.8300,4.8800,2925710,14211520.7000
2020-06-16,sz.002196,4.8600,4.9000,4.8500,4.8800,4.8300,2454912,11958587.6400
2020-06-17,sz.002196,4.8800,4.9000,4.8500,4.8800,4.8800,2232900,10875910.2000
2020-06-18,sz.002196,4.9700,5.3700,4.9100,5.3700,4.8800,16523784,87982539.8800
2020-06-19,sz.002196,5.3600,5.4600,5.2100,5.2600,5.3700,24553902,130087197.3900
2020-06-22,sz.002196,5.2100,5.2900,5.1200,5.1200,5.2600,12065375,62351838.7000
2020-06-23,sz.002196,5.1800,5.1900,5.0600,5.0600,5.1200,7827933,39960188.3000
2020-06-24,sz.002196,5.0700,5.1200,5.0200,5.0800,5.0600,7907875,40069366.5000
2020-06-29,sz.002196,5.0800,5.1600,4.9600,5.0100,5.0800,7569455,38362495.4000
2020-06-30,sz.002196,5.0100,5.0600,4.9900,5.0400,5.0100,5074500,25476453.0000
2020-07-01,sz.002196,5.0900,5.1800,5.0300,5.0700,5.0400,6852623,34955498.4400
2020-07-02,sz.002196,5.0400,5.1400,4.9900,5.1300,5.0700,7579690,38475907.7000
2020-07-03,sz.002196,5.1100,5.1600,5.0700,5.1200,5.1300,7431142,38041323.1600
2020-07-06,sz.002196,5.1800,5.3200,5.1300,5.3000,5.1200,15699853,82060701.7200
2020-07-07,sz.002196,5.3000,5.3700,5.2100,5.3200,5.3000,14615605,77464650.3200
2020-07-08,sz.002196,5.3300,5.3600,5.2700,5.3500,5.3200,11012078,58590216.1800
2020-07-09,sz.002196,5.2900,5.4700,5.2300,5.4100,5.3500,20893817,111854407.4700
2020-07-10,sz.002196,5.4300,5.4300,5.2400,5.2600,5.4100,13585461,72077928.6100
2020-07-13,sz.002196,5.2600,5.5400,5.2600,5.4900,5.2600,17499430,94431550.8700
2020-07-14,sz.002196,5.5000,5.5600,5.3100,5.4000,5.4900,14366932,77964560.0600
2020-07-15,sz.002196,5.4500,5.4700,5.2100,5.2800,5.4000,10341202,54984807.2300
2020-07-16,sz.002196,5.3000,5.7400,5.2000,5.2000,5.2800,18138638,98113353.2100
2020-07-17,sz.002196,5.2400,5.2500,5.0700,5.1900,5.2000,7987850,41177414.4000
2020-07-20,sz.002196,5.1900,5.3400,5.1900,5.3300,5.1900,6969800,36774181.1000
2020-07-21,sz.002196,5.3500,5.3500,5.2500,5.3400,5.3300,5745370,30474386.2000
2020-07-22,sz.002196,5.3600,5.5500,5.3200,5.3900,5.3400,12236450,66300163.5000
2020-07-23,sz.002196,5.3200,5.3500,5.1900,5.3000,5.3900,8280759,43603748.6300
2020-07-24,sz.002196,5.2700,5.5900,5.2600,5.4400,5.3000,19469235,105485531.3500
2020-07-27,sz.002196,5.5400,5.5700,5.1600,5.3000,5.4400,11748907,62855754.2700
2020-07-28,sz.002196,5.3300,5.8000,5.3000,5.5500,5.3000,18848395,105127484.9100
2020-07-29,sz.002196,5.5600,5.5600,5.3900,5.5300,5.5500,11763445,64478689.7500
2020-07-30,sz.002196,5.5000,5.5700,5.4200,5.5000,5.5300,9878750,54050498.9400
2020-07-31,sz.002196,5.5500,5.7300,5.4300,5.5200,5.5000,10578797,58642596.9000
2020-08-03,sz.002196,5.5200,5.6800,5.5000,5.6700,5.5200,12714732,71328634.5800
2020-08-04,sz.002196,5.6700,5.7000,5.5400,5.6000,5.6700,10146445,56699775.7000
2020-08-05,sz.002196,5.6200,5.6600,5.4900,5.5500,5.6000,7359402,40799727.0800
2020-08-06,sz.002196,5.5500,5.5700,5.3900,5.4600,5.5500,7874990,42973129.1000
2020-08-07,sz.002196,5.4300,5.4800,5.3000,5.3600,5.4600,7317144,39345384.2100
2020-08-10,sz.002196,5.3500,5.5000,5.3500,5.4400,5.3600,7158690,39034416.1500
2020-08-11,sz.002196,5.4500,5.4600,5.2600,5.2600,5.4400,7515407,40285065.4600
2020-08-12,sz.002196,5.2400,5.3500,5.2200,5.3200,5.2600,6267750,33030240.6200
2020-08-13,sz.002196,5.3200,5.4100,5.3100,5.3500,5.3200,5064918,27163898.5000
2020-08-14,sz.002196,5.3600,5.3800,5.2900,5.3700,5.3500,4032510,21527280.3000
2020-08-17,sz.002196,5.4700,5.5900,5.4200,5.4900,5.3700,10535176,58044704.4600
2020-08-18,sz.002196,5.4900,5.7000,5.4300,5.5500,5.4900,13695478,76441419.3400
2020-08-19,sz.002196,5.5900,5.5900,5.4200,5.4400,5.5500,9336510,51398100.8000
2020-08-20,sz.002196,5.4000,5.4100,5.2500,5.3000,5.4400,7817060,41742877.4000
2020-08-21,sz.002196,5.3300,5.3700,5.2800,5.3600,5.3000,6171373,32858111.9900
2020-08-24,sz.002196,5.3600,5.4600,5.2600,5.3600,5.3600,7194210,38462875.3000
2020-08-25,sz.002196,5.3400,5.3900,5.3000,5.3300,5.3600,5213402,27809504.8200
2020-08-26,sz.002196,5.3200,5.3600,5.1500,5.1600,5.3300,8676580,45390582.9000
2020-08-27,sz.002196,5.1800,5.3200,5.1600,5.3200,5.1600,7059210,37044908.7000
2020-08-28,sz.002196,5.2600,5.3100,5.1800,5.2400,5.3200,8420094,44110264.8400
2020-08-31,sz.002196,5.2600,5.3000,5.1800,5.2000,5.2400,5844470,30624848.4000
2020-09-01,sz.002196,5.1800,5.2600,5.1700,5.2600,5.2000,3603636,18780385.9600
2020-09-02,sz.002196,5.2800,5.3000,5.1700,5.2300,5.2600,4834912,25286736.8800
2020-09-03,sz.002196,5.2100,5.2400,5.1100,5.1400,5.2300,5412898,28011028.0600
2020-09-04,sz.002196,5.0700,5.1900,5.0200,5.1500,5.1400,5647240,28793221.7600
2020-09-07,sz.002196,5.1500,5.2700,5.0900,5.1000,5.1500,6187280,32029682.2000
2020-09-08,sz.002196,5.1000,5.2600,5.0500,5.1900,5.1000,6105010,31529508.7000
2020-09-09,sz.002196,5.1600,5.2500,5.1300,5.1500,5.1900,6851445,35541078.9000
2020-09-10,sz.002196,5.1600,5.1900,4.9100,4.9500,5.1500,9605560,48537436.6000
2020-09-11,sz.002196,4.9400,5.1200,4.9000,5.1000,4.9500,6071570,30552870.0000
2020-09-14,sz.002196,5.0800,5.6100,5.0800,5.6100,5.1000,44523043,244080599.4700
2020-09-15,sz.002196,5.4500,5.6000,5.3500,5.3700,5.6100,27448656,148626992.8900
2020-09-16,sz.002196,5.4300,5.6100,5.3800,5.4500,5.3700,18673479,102304742.6600
2020-09-17,sz.002196,5.4600,5.5400,5.4000,5.4600,5.4500,12570986,68768827.5400
2020-09-18,sz.002196,5.4500,5.6100,5.4100,5.5800,5.4600,13709876,75822917.7000
2020-09-21,sz.002196,5.5500,5.8500,5.5400,5.6200,5.5800,18820856,106660074.6000
2020-09-22,sz.002196,5.6200,5.7200,5.5300,5.6400,5.6200,12273322,69111014.8600
2020-09-23,sz.002196,5.6400,5.7000,5.5000,5.5000,5.6400,10464064,58292124.7800
2020-09-24,sz.002196,5.5200,5.5400,5.3300,5.3500,5.5000,8552646,46314308.0400
2020-09-25,sz.002196,5.3900,5.4100,5.2100,5.2400,5.3500,6064052,32031070.1600
2020-09-28,sz.002196,5.2600,5.3100,5.1100,5.1400,5.2400,5781676,30015556.5600
2020-09-29,sz.002196,5.2000,5.3600,5.1500,5.1600,5.1400,6185750,32248343.3000
2020-09-30,sz.002196,5.1700,5.2100,5.0900,5.1400,5.1600,4352344,22406265.9400
2020-10-09,sz.002196,5.2600,5.4000,5.2000,5.3800,5.1400,8650870,45952332.8000
2020-10-12,sz.002196,5.4600,5.7400,5.4200,5.6900,5.3800,15825294,88615796.7600
2020-10-13,sz.002196,5.8000,6.0500,5.6700,5.8000,5.6900,31832266,186159564.1100
2020-10-14,sz.002196,5.8700,6.3800,5.6700,6.3800,5.8000,54408180,331311749.3900
2020-10-15,sz.002196,7.0200,7.0200,6.5600,7.0200,6.3800,53033319,371462501.5800
2020-10-16,sz.002196,6.9700,7.0400,6.3200,6.3200,7.0200,95149364,623166192.2800
2020-10-19,sz.002196,6.0100,6.8800,5.9700,6.7900,6.3200,68689389,446391449.5000
2020-10-20,sz.002196,6.6600,7.3700,6.6600,7.0800,6.7900,75890956,531432755.3600
2020-10-21,sz.002196,6.9200,7.0300,6.5700,6.7600,7.0800,48719095,332943602.4500
2020-10-22,sz.002196,6.7600,7.4400,6.6000,7.1800,6.7600,71989448,513456651.3300
2020-10-23,sz.002196,7.1800,7.3700,6.8600,6.9200,7.1800,53167929,378098615.4300
2020-10-26,sz.002196,6.8000,7.0500,6.7000,6.8600,6.9200,31577330,216620840.0000
2020-10-27,sz.002196,6.7000,6.7500,6.1700,6.3200,6.8600,51619819,328511362.8300
2020-10-28,sz.002196,6.3300,6.5600,6.2500,6.4800,6.3200,29321618,188740087.4000
2020-10-29,sz.002196,6.3300,7.1100,6.2300,6.8300,6.4800,36219146,242635731.9900
2020-10-30,sz.002196,7.1000,7.2500,6.7500,6.9100,6.8300,42691687,299010827.2600
2020-11-02,sz.002196,7.1900,7.5000,7.0200,7.4500,6.9100,43143692,314235095.7600
2020-11-03,sz.002196,7.3200,7.7400,7.1500,7.3000,7.4500,34847390,255239619.1000
2020-11-04,sz.002196,7.2800,7.3200,6.8400,7.0400,7.3000,30589415,215654965.9000
2020-11-05,sz.002196,7.1000,7.7400,7.0100,7.7400,7.0400,48609459,369481454.8100
2020-11-06,sz.002196,8.1700,8.3600,7.2000,7.2800,7.7400,69844829,535455093.0200
2020-11-09,sz.002196,7.2700,7.5000,7.1200,7.2200,7.2800,49125662,358122089.9600
2020-11-10,sz.002196,7.1500,7.1500,6.5400,6.5800,7.2200,49151734,331728176.7000
2020-11-11,sz.002196,6.5000,6.6400,6.3400,6.3700,6.5800,25773080,166010497.5900
2020-11-12,sz.002196,6.3400,6.6400,6.3000,6.4700,6.3700,23127684,150469221.0600
2020-11-13,sz.002196,6.6000,6.6500,6.3500,6.4300,6.4700,15517948,100733647.4900
2020-11-16,sz.002196,6.4000,6.5400,6.2100,6.4900,6.4300,17450084,110906088.0800
2020-11-17,sz.002196,6.4900,6.7900,6.3300,6.5600,6.4900,23566990,154640516.2000
2020-11-18,sz.002196,6.5100,6.6400,6.4000,6.4300,6.5600,15841716,102616043.9600
2020-11-19,sz.002196,6.4800,6.5900,6.3500,6.3600,6.4300,13803676,88711800.1200
2020-11-20,sz.002196,6.6200,7.0000,6.6200,7.0000,6.3600,30526100,208178274.5000
2020-11-23,sz.002196,7.1000,7.6000,6.8800,7.2600,7.0000,54922325,397674751.1900
2020-11-24,sz.002196,7.2800,7.5600,7.0800,7.2500,7.2600,33628880,244902020.4700
2020-11-25,sz.002196,7.2400,7.5900,7.1600,7.3900,7.2500,34135972,253170623.2000
2020-11-26,sz.002196,7.3800,7.3800,6.8500,7.0300,7.3900,29841458,210110857.0000
2020-11-27,sz.002196,7.1000,7.1500,6.6900,6.8300,7.0300,24020504,165679964.9000
2020-11-30,sz.002196,6.7900,6.8800,6.6400,6.6700,6.8300,18925442,127549172.9200
2020-12-01,sz.002196,6.6400,7.3400,6.5800,7.3400,6.6700,35515299,255391604.4600
2020-12-02,sz.002196,7.5900,8.0700,7.5200,8.0700,7.3400,88487294,697618165.3100
2020-12-03,sz.002196,8.4000,8.8800,8.2200,8.8800,8.0700,58732270,513146766.6800
2020-12-04,sz.002196,8.8600,9.5600,8.0000,8.1500,8.8800,116688827,1009446566.2200
2020-12-07,sz.002196,8.7300,8.9700,8.7300,8.9700,8.1500,19637241,175610657.7700
2020-12-08,sz.002196,9.5000,9.5000,8.1300,8.4400,8.9700,109637716,950756408.2400
2020-12-09,sz.002196,8.2100,8.3800,7.8000,7.9500,8.4400,66213635,536018458.1000
2020-12-10,sz.002196,7.7700,8.1700,7.6000,7.9400,7.9500,43146589,339343910.2700
2020-12-11,sz.002196,7.8000,8.0500,7.6500,7.8100,7.9400,33321288,259424554.2400
2020-12-14,sz.002196,7.8800,8.4000,7.7000,8.1900,7.8100,48722378,393217340.8800
2020-12-15,sz.002196,8.1800,8.2900,7.7500,7.9300,8.1900,40087524,319887007.4800
2020-12-16,sz.002196,7.9600,7.9600,7.5400,7.7000,7.9300,32299300,248411703.8000
2020-12-17,sz.002196,7.5600,7.8400,7.4100,7.8200,7.7000,28589730,218205002.0000
2020-12-18,sz.002196,7.7000,8.1900,7.6300,7.8300,7.8200,33779655,267768693.2400
2020-12-21,sz.002196,7.7700,8.2800,7.6700,8.1500,7.8300,39901447,320187935.9500
2020-12-22,sz.002196,8.0500,8.1200,7.6300,7.6400,8.1500,36735514,289541075.3300
2020-12-23,sz.002196,7.5500,7.8800,7.5100,7.7100,7.6400,25367343,195712930.2200
2020-12-24,sz.002196,7.6500,7.7200,7.2800,7.3600,7.7100,29523662,219790314.1600
2020-12-25,sz.002196,7.3600,7.4800,7.2400,7.4300,7.3600,18578648,137142173.2600
2020-12-28,sz.002196,7.5500,7.5600,7.1000,7.4500,7.4300,23876877,175707508.6200
2020-12-29,sz.002196,7.6700,8.2000,7.6700,7.8200,7.4500,61856741,497897862.2200
2020-12-30,sz.002196,7.4900,8.1500,7.2300,7.7100,7.8200,52540404,401657396.7600
2020-12-31,sz.002196,7.7700,7.8300,7.4800,7.5400,7.7100,33863110,258347118.4300
2021-01-04,sz.002196,7.5100,8.2000,7.5100,8.0300,7.5400,45143781,351534317.0700
2021-01-05,sz.002196,7.9500,8.3500,7.8100,8.2700,8.0300,55844471,453833429.3400
2021-01-06,sz.002196,8.1900,8.2000,7.8300,7.8400,8.2700,35678313,284449108.5000
2021-01-07,sz.002196,7.7100,8.0500,7.4500,7.8900,7.8400,26980792,209689496.9700
2021-01-08,sz.002196,7.9500,7.9500,7.5500,7.5600,7.8900,21065673,161206886.6600
2021-01-11,sz.002196,7.6000,7.7300,6.8700,6.9700,7.5600,33473778,243454103.4100
2021-01-12,sz.002196,6.7300,6.8700,6.5200,6.6800,6.9700,27857355,185439952.8200
2021-01-13,sz.002196,6.5600,6.6900,6.1700,6.2500,6.6800,28158813,181408663.4900
2021-01-14,sz.002196,6.1900,6.2000,5.7100,5.7200,6.2500,29783723,174436311.3400
2021-01-15,sz.002196,5.6800,6.2900,5.6800,6.2900,5.7200,9664021,59566847.6900
2021-01-18,sz.002196,6.1700,6.7400,6.0600,6.5600,6.2900,32632452,210853010.9200
2021-01-19,sz.002196,6.5400,6.5600,6.3100,6.3300,6.5600,17294817,110395000.6100
2021-01-20,sz.002196,6.3400,6.5000,6.2900,6.3700,6.3300,13699621,87414996.6200
2021-01-21,sz.002196,6.3700,6.4200,6.2500,6.3500,6.3700,14514840,91805246.9100
2021-01-22,sz.002196,6.3500,6.6900,6.2000,6.4300,6.3500,20593501,133449042.5800
2021-01-25,sz.002196,6.3000,6.3100,6.1000,6.1500,6.4300,16251455,100765462.6500
2021-01-26,sz.002196,6.2200,6.3400,6.1300,6.2600,6.1500,11608369,72139890.6300
2021-01-27,sz.002196,6.1600,6.5800,6.1300,6.4400,6.2600,18646110,119037676.6500
2021-01-28,sz.002196,6.3400,6.6600,6.3200,6.4600,6.4400,15196591,98804070.8800
2021-01-29,sz.002196,6.4200,6.4200,6.1000,6.1600,6.4600,13579547,84272442.0000
2021-02-01,sz.002196,5.5400,5.8300,5.5400,5.5800,6.1600,24554960,138321921.5400
2021-02-02,sz.002196,5.6100,6.1400,5.5300,6.1400,5.5800,16293801,95120657.8300
2021-02-03,sz.002196,6.1300,6.2200,5.9300,6.0400,6.1400,18590560,112944961.8600
2021-02-04,sz.002196,6.0400,6.1600,5.8100,5.9800,6.0400,13030883,77631423.7300
2021-02-05,sz.002196,5.8800,5.9900,5.7500,5.8100,5.9800,10931291,64041742.1400
2021-02-08,sz.002196,5.9900,6.3900,5.9000,6.3900,5.8100,23572736,148899907.8100
2021-02-09,sz.002196,6.3200,6.9700,6.3000,6.6800,6.3900,32211296,216547210.2400
2021-02-10,sz.002196,6.7000,7.0100,6.6300,6.9000,6.6800,24324765,165289550.0700
2021-02-18,sz.002196,6.9700,7.4500,6.9700,7.2300,6.9000,22414423,162144281.5200
2021-02-19,sz.002196,7.2000,7.3700,7.0900,7.2300,7.2300,18365471,132711626.3200
2021-02-22,sz.002196,7.1300,7.3100,7.0500,7.1400,7.2300,19298990,138875041.2000
2021-02-23,sz.002196,7.0600,7.4900,6.8700,7.3400,7.1400,24666058,178477243.8200
2021-02-24,sz.002196,7.2700,7.4600,7.1000,7.1800,7.3400,12165855,87859425.8000
2021-02-25,sz.002196,7.1800,7.2000,6.7400,6.8000,7.1800,17795795,123057833.7900
2021-02-26,sz.002196,6.6800,6.8900,6.5000,6.6000,6.8000,18039144,119903943.3000
2021-03-01,sz.002196,6.7500,7.1900,6.7200,6.9700,6.6000,16685347,115829179.4100
2021-03-02,sz.002196,7.0500,7.1100,6.7500,6.7900,6.9700,12777021,87516897.6800
2021-03-03,sz.002196,6.7500,6.8900,6.6800,6.8700,6.7900,8608677,58440347.9000
2021-03-04,sz.002196,6.8900,7.0100,6.7000,6.7100,6.8700,10392775,70822905.5400
2021-03-05,sz.002196,6.6500,7.3800,6.6500,7.1900,6.7100,44101439,318081607.6700
2021-03-08,sz.002196,6.9700,7.1000,6.8200,6.8200,7.1900,27273605,190290816.9000
2021-03-09,sz.002196,6.7800,6.8300,6.2200,6.5000,6.8200,20283813,132510779.6900
2021-03-10,sz.002196,6.6000,6.6000,6.2800,6.3500,6.5000,13739083,87652251.7400
2021-03-11,sz.002196,6.3300,6.5100,6.2600,6.4500,6.3500,8201641,52544109.4100
2021-03-12,sz.002196,6.4500,6.5400,6.3500,6.4700,6.4500,7214061,46454074.5600
2021-03-15,sz.002196,6.4200,6.9000,6.3100,6.8100,6.4700,15783441,106002602.8400
2021-03-16,sz.002196,6.8100,7.0900,6.7300,7.0300,6.8100,15597818,108746286.7500
2021-03-17,sz.002196,7.0500,7.1200,6.8000,6.9000,7.0300,15436041,106719232.4500
2021-03-18,sz.002196,6.8600,6.9900,6.7800,6.9000,6.9000,9991590,68763404.3000
2021-03-19,sz.002196,6.8700,7.0800,6.7200,6.9300,6.9000,11022380,76612262.6000
2021-03-22,sz.002196,6.9500,7.3300,6.8000,7.1800,6.9300,17260007,122903219.1100
2021-03-23,sz.002196,7.0700,7.1700,6.9400,7.0500,7.1800,14678236,103474708.8400
2021-03-24,sz.002196,7.0200,7.1000,6.8600,6.8800,7.0500,9829379,68184715.5200
2021-03-25,sz.002196,6.8300,6.8800,6.6400,6.7000,6.8800,9707661,65354945.6200
2021-03-26,sz.002196,6.6600,7.1000,6.6300,6.9800,6.7000,13595980,92767435.9300
2021-03-29,sz.002196,7.0500,7.1400,6.8400,7.0900,6.9800,15266108,106677483.6600
2021-03-30,sz.002196,7.5500,7.8000,7.0400,7.1200,7.0900,42633956,317302804.2300
2021-03-31,sz.002196,6.8600,7.0400,6.6800,6.7100,7.1200,25622431,174429083.7400
2021-04-01,sz.002196,6.7400,7.2100,6.5400,6.7900,6.7100,19345948,132108086.6300
2021-04-02,sz.002196,6.7600,7.3300,6.6200,7.1200,6.7900,28963320,202615228.4500
2021-04-06,sz.002196,7.2500,7.2600,7.0600,7.0800,7.1200,15101640,107729924.6400
2021-04-07,sz.002196,7.0200,7.1200,6.9200,7.0100,7.0800,11713340,81997028.9000
2021-04-08,sz.002196,7.0100,7.3400,6.8700,7.1500,7.0100,24914966,177260082.5400
2021-04-09,sz.002196,7.0900,7.2000,6.9500,6.9600,7.1500,14691069,103334783.2000
2021-04-12,sz.002196,6.9100,7.0500,6.8300,6.8400,6.9600,12316128,84998198.3400
2021-04-13,sz.002196,6.8400,6.9600,6.7100,6.8900,6.8400,9418013,64350287.4000
2021-04-14,sz.002196,6.8800,6.9900,6.8200,6.8800,6.8900,9832893,67742458.1700
2021-04-15,sz.002196,6.8500,6.9000,6.7200,6.8300,6.8800,7253357,49237199.0200
2021-04-16,sz.002196,6.8300,6.9600,6.7800,6.8700,6.8300,8509052,58404871.0600
2021-04-19,sz.002196,6.9100,7.5600,6.8800,7.2000,6.8700,37776169,273767899.6200
2021-04-20,sz.002196,7.0900,7.3000,7.0500,7.0800,7.2000,29477978,211167861.7500
2021-04-21,sz.002196,7.0400,7.1200,6.8700,6.8700,7.0800,18243430,126408896.6100
2021-04-22,sz.002196,6.8900,6.9700,6.8100,6.9100,6.8700,8771635,60525269.9800
2021-04-23,sz.002196,6.8600,6.9500,6.7400,6.7500,6.9100,15595126,106223273.7600
2021-04-26,sz.002196,6.7500,6.7600,6.5900,6.5900,6.7500,15363655,102286458.5000
2021-04-27,sz.002196,6.5900,6.6300,6.4500,6.4800,6.5900,10772342,70113246.0400
2021-04-28,sz.002196,6.4500,6.6500,6.4500,6.5700,6.4800,8025697,52754749.7400
2021-04-29,sz.002196,6.6300,6.6500,6.5200,6.5700,6.5700,5669305,37274509.4800
2021-04-30,sz.002196,6.5300,6.9300,6.5300,6.8800,6.5700,16025565,109060408.4600
2021-05-06,sz.002196,6.8700,7.0700,6.8300,6.9700,6.8800,11763363,81955409.4900
2021-05-07,sz.002196,6.9700,7.2000,6.9200,7.0500,6.9700,20576041,145600610.0500
2021-05-10,sz.002196,7.0000,7.1500,6.9600,7.0700,7.0500,13732915,97118499.0000
2021-05-11,sz.002196,7.0600,7.1200,7.0000,7.0700,7.0700,11437794,80941839.2700
2021-05-12,sz.002196,7.0600,7.1900,6.9800,7.0900,7.0700,11225126,79393642.2800
2021-05-13,sz.002196,7.0100,7.1200,6.8800,6.9000,7.0900,14234811,99341980.8400
2021-05-14,sz.002196,6.9300,6.9600,6.7400,6.8200,6.9000,12981488,88720790.8200
2021-05-17,sz.002196,6.7600,6.8000,6.6500,6.7100,6.8200,13030146,87304037.0000
2021-05-18,sz.002196,6.6800,7.0500,6.5700,6.9700,6.7100,21710556,149235831.4900
2021-05-19,sz.002196,6.9900,7.0900,6.8800,6.9800,6.9700,13068582,91460872.2400
2021-05-20,sz.002196,6.9800,7.3300,6.9800,7.2400,6.9800,28545770,205967194.3400
2021-05-21,sz.002196,7.2800,7.6800,7.2600,7.3700,7.2400,29532058,220397942.0800
2021-05-24,sz.002196,7.3200,7.7900,7.3100,7.7000,7.3700,28615205,218522338.8100
2021-05-25,sz.002196,7.7200,8.3800,7.7200,8.0700,7.7000,37195166,301218563.1800
2021-05-26,sz.002196,8.0900,8.2000,7.9500,8.0800,8.0700,21772332,175687836.5400
2021-05-27,sz.002196,8.0900,8.6300,8.0500,8.5500,8.0800,28706500,242357839.4000
2021-05-28,sz.002196,8.5000,8.5800,8.3200,8.4600,8.5500,17580824,148356159.9300
2021-05-31,sz.002196,8.4700,8.6800,8.3300,8.4000,8.4600,16255955,137359515.8000
2021-06-01,sz.002196,8.3700,8.6000,8.3400,8.4300,8.4000,12609941,106074558.3200
2021-06-02,sz.002196,8.4500,8.9800,8.4400,8.4800,8.4300,21796137,187943609.3500
2021-06-03,sz.002196,8.4200,8.6400,8.2700,8.3700,8.4800,14619354,123580965.8000
2021-06-04,sz.002196,8.3300,8.7000,8.3000,8.5700,8.3700,18555561,158329307.9600
2021-06-07,sz.002196,8.5700,8.6300,8.1900,8.3800,8.5700,22681755,189329944.5800
2021-06-08,sz.002196,8.3900,8.5900,8.1500,8.2000,8.3800,15287750,126940696.9100
2021-06-09,sz.002196,8.1900,8.3300,8.0000,8.1300,8.2000,14543190,118266703.8700
2021-06-10,sz.002196,8.1200,8.2300,8.0200,8.0700,8.1300,11883686,96302576.2000
2021-06-11,sz.002196,8.1000,8.4000,7.9600,7.9900,8.0700,14674902,119801984.0000
2021-06-15,sz.002196,8.0000,8.0800,7.8100,7.8900,7.9900,11185236,88613326.4200
2021-06-16,sz.002196,7.9100,7.9100,7.5100,7.5600,7.8900,12528570,95996449.5000
2021-06-17,sz.002196,7.5600,7.6600,7.4400,7.5100,7.5600,11306004,85096797.7500
2021-06-18,sz.002196,7.5400,7.8300,7.4400,7.7100,7.5100,10926103,84050711.2300
2021-06-21,sz.002196,7.7400,7.8900,7.6400,7.7300,7.7100,10069420,78172697.3000
2021-06-22,sz.002196,7.8200,8.0800,7.7400,7.7900,7.7300,14349670,113102371.2000
2021-06-23,sz.002196,7.8000,8.1100,7.5800,8.0300,7.7900,14043394,111080567.3800
2021-06-24,sz.002196,8.0700,8.2300,7.9600,8.1100,8.0300,12415460,100680680.1000
2021-06-25,sz.002196,8.1200,8.2000,7.9000,8.1900,8.1100,12760853,102806366.4800
2021-06-28,sz.002196,8.3200,8.8800,8.2300,8.7800,8.1900,35687605,307030421.0900
2021-06-29,sz.002196,9.0600,9.3800,8.3100,8.4400,8.7800,49714439,433497462.4600
2021-06-30,sz.002196,8.4300,8.6200,7.9100,8.5500,8.4400,42102658,346581341.7800
2021-07-01,sz.002196,8.4100,8.4300,7.8000,7.8000,8.5500,41284882,331055980.6100
2021-07-02,sz.002196,7.6800,8.0800,7.5700,7.8600,7.8000,21307228,167143389.7200
2021-07-05,sz.002196,7.8600,8.1900,7.8300,7.9800,7.8600,19199127,154170483.3500
2021-07-06,sz.002196,7.9400,8.0000,7.7200,7.8500,7.9800,14456335,113403932.2000
2021-07-07,sz.002196,7.8200,8.0500,7.7600,7.9500,7.8500,12730337,100317149.8400
2021-07-08,sz.002196,8.0000,8.6200,7.9100,8.5100,7.9500,32324701,270025090.2900
2021-07-09,sz.002196,8.7900,9.3600,8.5100,9.3600,8.5100,50337715,463742842.7300
2021-07-12,sz.002196,9.6200,9.8500,9.3000,9.5500,9.3600,79305740,758590095.9800
2021-07-13,sz.002196,9.3400,9.4900,9.0000,9.3100,9.5500,39143848,362387351.4600
2021-07-14,sz.002196,9.3500,9.7000,9.0700,9.0900,9.3100,47251755,442190709.1900
2021-07-15,sz.002196,8.8400,9.1900,8.8000,8.9200,9.0900,33629153,301045172.2000
2021-07-16,sz.002196,8.9900,9.6500,8.8400,9.3500,8.9200,37739741,351400763.4900
2021-07-19,sz.002196,9.3700,9.6500,9.1400,9.4600,9.3500,25668841,239937719.2200
2021-07-20,sz.002196,9.3300,9.9900,9.2200,9.7600,9.4600,38400906,370646323.6900
2021-07-21,sz.002196,9.7000,10.2000,9.6500,10.0600,9.7600,36034193,361396999.0400
2021-07-22,sz.002196,10.4300,10.4300,9.6700,9.6700,10.0600,39679042,392338403.6900
2021-07-23,sz.002196,9.8700,9.9400,9.5700,9.6400,9.6700,25630088,249679419.5900
2021-07-26,sz.002196,9.5200,9.7100,9.0800,9.2700,9.6400,25596505,239380856.3500
2021-07-27,sz.002196,9.2700,9.4800,9.0500,9.0800,9.2700,22756950,211945429.3800
2021-07-28,sz.002196,9.0000,9.2800,8.4700,8.9200,9.0800,23097544,205683674.3600
2021-07-29,sz.002196,9.0600,9.2400,8.9500,9.1600,8.9200,15018785,136663920.5400
2021-07-30,sz.002196,9.2500,9.8000,9.0900,9.6000,9.1600,23561580,223767407.8800
2021-08-02,sz.002196,9.6200,9.9700,9.4700,9.7100,9.6000,18368475,178274224.9500
2021-08-03,sz.002196,9.6600,9.9100,9.4200,9.5000,9.7100,14027350,135195457.2500
2021-08-04,sz.002196,9.3300,9.9100,9.2700,9.8200,9.5000,17285090,167241671.5800
2021-08-05,sz.002196,9.8200,10.0000,9.4800,9.5100,9.8200,13889550,133388522.0000
2021-08-06,sz.002196,9.6300,9.7300,9.3000,9.6900,9.5100,20504061,195980096.3000
2021-08-09,sz.002196,9.7300,9.7800,9.1000,9.5100,9.6900,18979997,178806264.0600
2021-08-10,sz.002196,9.4600,9.6400,9.2000,9.3300,9.5100,17117560,161115039.0000
2021-08-11,sz.002196,9.3100,9.7700,9.2500,9.6600,9.3300,18613540,177941134.7000
2021-08-12,sz.002196,9.7600,9.8100,9.3600,9.7000,9.6600,17818553,171412535.5100
2021-08-13,sz.002196,9.7500,10.6700,9.6000,10.6700,9.7000,44317124,457635744.1200
2021-08-16,sz.002196,10.9800,10.9900,9.6400,9.7100,10.6700,55745652,568636493.9100
2021-08-17,sz.002196,9.7300,9.7800,9.0000,9.0400,9.7100,35358847,327619129.5100
2021-08-18,sz.002196,8.9700,9.5900,8.8300,9.4500,9.0400,28884236,269417147.8100
2021-08-19,sz.002196,9.4000,9.4700,9.1000,9.3000,9.4500,16546480,153896163.9000
2021-08-20,sz.002196,9.2800,9.4000,9.0300,9.3300,9.3000,14862570,137360332.3300
2021-08-23,sz.002196,9.3700,9.7800,9.2600,9.7600,9.3300,21053027,201793608.4700
2021-08-24,sz.002196,9.8800,9.9200,9.4300,9.4700,9.7600,18652926,179136840.5900
2021-08-25,sz.002196,9.4100,9.4700,9.2800,9.3900,9.4700,12098334,113295648.6300
2021-08-26,sz.002196,9.5200,9.5500,9.1300,9.1500,9.3900,16051928,148864184.5200
2021-08-27,sz.002196,9.1200,9.5500,9.0600,9.5400,9.1500,18862071,176864267.9900
2021-08-30,sz.002196,9.4200,10.2800,9.4100,9.8700,9.5400,33945832,336737897.9600
2021-08-31,sz.002196,9.8600,10.3300,9.6400,10.1700,9.8700,27804337,281104966.2000
2021-09-01,sz.002196,10.1700,10.1800,9.4000,9.6800,10.1700,28156405,273361652.6700
2021-09-02,sz.002196,10.1000,10.6500,9.8700,10.2500,9.6800,50893926,518259128.1400
2021-09-03,sz.002196,10.0200,10.3600,9.6000,9.6900,10.2500,38234537,377213594.0000
2021-09-06,sz.002196,9.6000,9.6500,9.2800,9.5100,9.6900,19674898,185916900.9900
2021-09-07,sz.002196,9.5100,9.8500,9.4400,9.7000,9.5100,16552848,159386654.3500
2021-09-08,sz.002196,9.7000,9.9500,9.6000,9.9000,9.7000,17632868,172988683.4300
2021-09-09,sz.002196,9.8100,10.1500,9.7500,9.9300,9.9000,22737344,226660025.1800
2021-09-10,sz.002196,9.9300,10.0000,9.5800,9.8400,9.9300,19048579,185953892.5900
2021-09-13,sz.002196,9.8700,10.1100,9.6800,10.1000,9.8400,26253390,261885349.4400
2021-09-14,sz.002196,10.0900,10.6000,10.0700,10.3300,10.1000,34526681,357984453.5000
2021-09-15,sz.002196,10.2700,10.4800,10.1300,10.3900,10.3300,19878152,204970855.6900
2021-09-16,sz.002196,10.3600,10.3700,9.7600,9.7800,10.3900,22467952,225397906.8800
2021-09-17,sz.002196,9.7600,9.9700,9.5700,9.7700,9.7800,13903289,135473941.8100
2021-09-22,sz.002196,9.5800,10.0700,9.5700,9.8800,9.7700,11505640,113214633.5200
2021-09-23,sz.002196,9.8900,10.0400,9.7600,9.8400,9.8800,11737720,116084529.1000
2021-09-24,sz.002196,9.7900,10.6300,9.7000,10.5000,9.8400,39243400,404479125.5000
2021-09-27,sz.002196,10.5500,10.6500,9.7400,9.7500,10.5000,26438650,266557225.1200
2021-09-28,sz.002196,9.6800,10.5900,9.6500,10.1100,9.7500,20682927,210312754.7200
2021-09-29,sz.002196,10.0400,10.1100,9.7600,9.7800,10.1100,14955990,147528003.4500
2021-09-30,sz.002196,9.8100,9.9300,9.6200,9.8400,9.7800,14635764,142657921.1200
2021-10-08,sz.002196,9.8700,10.2900,9.8000,9.8800,9.8400,17433495,174259397.7500
2021-10-11,sz.002196,9.8500,9.8900,8.8900,8.8900,9.8800,26860605,246335789.6000
2021-10-12,sz.002196,8.7100,8.7400,8.0000,8.0700,8.8900,29219640,242153048.5700
2021-10-13,sz.002196,8.2100,8.2400,8.0000,8.1400,8.0700,10187276,82763055.2400
2021-10-14,sz.002196,8.3300,8.9500,8.2800,8.9500,8.1400,32016479,280633476.6500
2021-10-15,sz.002196,8.7500,8.8000,8.3300,8.4200,8.9500,28076931,238780198.7900
2021-10-18,sz.002196,8.5900,8.6200,8.3300,8.4700,8.4200,12498009,105523811.7100
2021-10-19,sz.002196,8.4300,8.7000,8.4300,8.6300,8.4700,10309590,88666158.5000
2021-10-20,sz.002196,8.6300,8.7400,8.4900,8.5200,8.6300,11384704,98112271.6000
2021-10-21,sz.002196,8.4900,8.5400,8.3300,8.4300,8.5200,7474801,63070348.4400
2021-10-22,sz.002196,8.4200,8.5800,8.2000,8.2000,8.4300,9927124,82673094.2400
2021-10-25,sz.002196,8.1900,8.3800,8.1800,8.3000,8.2000,7077640,58704243.0000
2021-10-26,sz.002196,8.4100,8.6500,8.2600,8.3000,8.3000,10892870,91773403.8000
2021-10-27,sz.002196,8.4400,8.7700,8.3100,8.3700,8.3000,15910614,135764478.1400
2021-10-28,sz.002196,8.3100,8.4400,7.9400,7.9800,8.3700,14111444,114151636.3200
2021-10-29,sz.002196,8.0200,8.1800,7.7100,8.0300,7.9800,12198844,97077984.2300
2021-11-01,sz.002196,8.0300,8.3200,7.9100,8.2600,8.0300,11977206,98313673.8400
2021-11-02,sz.002196,8.2600,8.3800,7.9700,8.0500,8.2600,11146140,90894661.0000
2021-11-03,sz.002196,8.0100,8.1200,7.8300,8.0700,8.0500,8826152,70083027.8400
2021-11-04,sz.002196,8.1100,8.3200,8.0600,8.2300,8.0700,11100330,90888227.4000
2021-11-05,sz.002196,8.2300,8.3700,8.1000,8.1100,8.2300,8644600,70956461.0000
2021-11-08,sz.002196,8.1300,8.3000,8.1100,8.2600,8.1100,8136870,67014245.1000
2021-11-09,sz.002196,8.3000,8.3800,8.2100,8.3400,8.2600,8867977,73635174.0200
2021-11-10,sz.002196,8.4000,8.8800,8.3300,8.6500,8.3400,18942724,162585259.0600
2021-11-11,sz.002196,8.5900,8.6500,8.4500,8.5300,8.6500,9450170,80565228.0200
2021-11-12,sz.002196,8.5800,9.2900,8.5300,9.1600,8.5300,28091467,253804224.6200
2021-11-15,sz.002196,9.3300,10.0800,9.3000,9.7000,9.1600,51098668,502156709.6500
2021-11-16,sz.002196,9.6300,9.8500,9.2900,9.3400,9.7000,27707728,261869482.6600
2021-11-17,sz.002196,9.3300,9.6600,9.3100,9.5900,9.3400,16632387,157995919.2000
2021-11-18,sz.002196,9.5100,10.5500,9.5000,10.5500,9.5900,33735242,350968593.4000
2021-11-19,sz.002196,10.3400,10.5000,9.9100,10.0300,10.5500,46892929,472089647.9000
2021-11-22,sz.002196,9.9400,10.5400,9.8500,10.4200,10.0300,35260689,357470152.9000
2021-11-23,sz.002196,10.9900,11.4000,10.1900,10.2400,10.4200,54088315,573936321.3000
2021-11-24,sz.002196,10.1900,10.2900,9.9200,9.9900,10.2400,28983634,291513158.0200
2021-11-25,sz.002196,9.9600,10.1300,9.9000,9.9500,9.9900,18675070,186821409.2800
2021-11-26,sz.002196,9.9000,10.0300,9.7500,9.8500,9.9500,15624270,154400950.0000
2021-11-29,sz.002196,9.6500,10.8400,9.6000,10.8400,9.8500,57084405,604613715.2200
2021-11-30,sz.002196,11.2700,11.6000,10.8400,10.9300,10.8400,64750588,723735645.6600
2021-12-01,sz.002196,11.0600,11.1200,10.5500,10.7700,10.9300,33642354,360565949.3700
2021-12-02,sz.002196,10.8600,11.8500,10.6400,11.8500,10.7700,37420032,430429195.9000
2021-12-03,sz.002196,11.7300,11.7300,10.8800,11.1200,11.8500,51748874,578928551.5100
2021-12-06,sz.002196,11.1700,11.3100,10.9300,10.9900,11.1200,27558200,304956528.7000
2021-12-07,sz.002196,11.0500,11.0900,10.5700,10.7500,10.9900,22722490,245201747.0000
2021-12-08,sz.002196,10.8400,11.2500,10.6900,11.0600,10.7500,26932338,296555943.9800
2021-12-09,sz.002196,11.1600,11.8400,11.1400,11.2600,11.0600,38925466,444161913.5300
2021-12-10,sz.002196,11.2000,11.3300,10.9200,11.1000,11.2600,19920970,222012472.8000
2021-12-13,sz.002196,11.0800,11.0900,10.7000,10.8100,11.1000,20270550,219758909.7000
2021-12-14,sz.002196,10.7800,10.9900,10.6800,10.9000,10.8100,12081126,130529696.2200
2021-12-15,sz.002196,10.8400,10.9000,10.6200,10.7800,10.9000,12166330,131030083.7000
2021-12-16,sz.002196,10.9100,11.5900,10.9000,10.9400,10.7800,27942980,312794009.7000
2021-12-17,sz.002196,11.0800,11.1000,10.0700,10.0800,10.9400,35896975,371525481.8000
2021-12-20,sz.002196,10.1100,10.2000,9.8700,9.9700,10.0800,13595450,136204482.0000
2021-12-21,sz.002196,9.8800,10.0600,9.8600,10.0400,9.9700,9050780,90295424.6000
2021-12-22,sz.002196,9.9000,10.0400,9.7500,9.9500,10.0400,12827450,127338217.9000
2021-12-23,sz.002196,9.9600,10.3800,9.8800,10.1800,9.9500,14711110,150071772.8000
2021-12-24,sz.002196,10.2900,10.2900,9.8100,9.8600,10.1800,11961700,119314032.7000
2021-12-27,sz.002196,9.8200,10.8500,9.6800,10.6400,9.8600,35187999,368188113.5800
2021-12-28,sz.002196,10.6500,11.6800,10.2800,11.2500,10.6400,37267307,407478806.2400
2021-12-29,sz.002196,11.0000,11.7700,10.9300,11.2500,11.2500,29487389,336828864.3200
2021-12-30,sz.002196,11.4600,12.1000,11.4300,11.7700,11.2500,36038620,423682551.4000
2021-12-31,sz.002196,11.7900,11.9900,11.5300,11.6800,11.7700,23672745,279054206.2500
2022-01-04,sz.002196,11.9000,12.2800,11.5900,11.6200,11.6800,23714372,282014779.7400
2022-01-05,sz.002196,11.5600,11.7200,11.1600,11.4300,11.6200,21076071,239530297.1400
2022-01-06,sz.002196,11.4300,12.4500,11.3000,11.9300,11.4300,30769052,368490804.0400
2022-01-07,sz.002196,11.9100,12.0900,11.3000,11.3800,11.9300,17610050,202729596.2400
2022-01-10,sz.002196,11.3800,11.3900,10.9400,11.1700,11.3800,13503940,150035864.4000
2022-01-11,sz.002196,11.1700,11.2200,10.6800,10.7100,11.1700,15237200,165104694.6000
2022-01-12,sz.002196,11.0000,11.7500,10.7400,11.3300,10.7100,26601056,301222106.4100
2022-01-13,sz.002196,11.3400,11.9800,11.1700,11.4100,11.3300,18627292,215420786.4500
2022-01-14,sz.002196,11.4500,12.5500,11.2000,12.2200,11.4100,67002852,827022253.1600
2022-01-17,sz.002196,12.0600,13.4400,11.9200,13.4400,12.2200,62107900,788711878.8000
2022-01-18,sz.002196,13.1700,14.1400,13.0300,13.5600,13.4400,44907998,610910073.5200
2022-01-19,sz.002196,13.4400,13.5500,12.9700,13.0600,13.5600,24165898,318778297.3500
2022-01-20,sz.002196,13.2700,13.2800,12.4900,12.6600,13.0600,22215989,283950802.4000
2022-01-21,sz.002196,12.5300,13.6400,12.4000,13.0800,12.6600,25246678,332282981.7000
2022-01-24,sz.002196,13.0800,13.3000,12.5100,12.8800,13.0800,22938194,294215306.9600
2022-01-25,sz.002196,12.7700,13.2100,12.2800,12.4200,12.8800,20566330,257947754.1000
2022-01-26,sz.002196,12.3300,12.7900,11.9100,12.2100,12.4200,17466231,214341873.2700
2022-01-27,sz.002196,12.1500,12.3500,11.3400,11.4400,12.2100,17929989,210273282.9200
2022-01-28,sz.002196,11.5800,11.7300,10.8000,11.2000,11.4400,18187142,204451975.7700
2022-02-07,sz.002196,11.5300,12.0400,11.4600,11.7800,11.2000,14941124,175390262.8700
2022-02-08,sz.002196,11.7600,11.8400,11.3200,11.7900,11.7800,11912950,138365758.8000
2022-02-09,sz.002196,11.7900,12.9700,11.4500,12.9700,11.7900,26836749,333189469.6100
2022-02-10,sz.002196,12.7500,13.4700,12.4200,12.6000,12.9700,26061953,332463507.5300
2022-02-11,sz.002196,12.6100,12.7400,11.9500,12.0200,12.6000,18894346,232835583.2300
2022-02-14,sz.002196,12.0100,12.7800,11.5600,12.3400,12.0200,17379304,214365544.8100
2022-02-15,sz.002196,12.4800,12.8600,12.0200,12.8000,12.3400,18551660,232687428.0000
2022-02-16,sz.002196,12.6000,13.0200,12.5000,12.5700,12.8000,11014367,139962062.3400
2022-02-17,sz.002196,12.5900,12.8800,12.3600,12.4500,12.5700,12741012,160520970.2400
2022-02-18,sz.002196,12.2800,12.3200,11.9700,12.0800,12.4500,12187910,147476769.5000
2022-02-21,sz.002196,12.1000,12.1400,11.7300,11.9100,12.0800,10602100,126107113.8700
2022-02-22,sz.002196,11.8200,12.3000,11.6800,12.0400,11.9100,11768810,140492619.5000
2022-02-23,sz.002196,11.9100,12.3000,11.9100,12.1800,12.0400,12777646,155689522.3000
2022-02-24,sz.002196,12.1000,12.6600,11.6600,11.8400,12.1800,19221871,234096033.8300
2022-02-25,sz.002196,11.9900,12.4800,11.9000,12.0700,11.8400,11629861,141756895.3400
2022-02-28,sz.002196,12.0600,12.3400,11.6200,12.3300,12.0700,14928511,180432811.0000
2022-03-01,sz.002196,12.3900,12.5500,12.1700,12.4300,12.3300,11571925,143135873.0000
2022-03-02,sz.002196,12.3400,12.3800,11.9300,12.0800,12.4300,11170272,135127469.0000
2022-03-03,sz.002196,12.1500,12.2000,11.9500,12.1000,12.0800,9397060,113561845.0000
2022-03-04,sz.002196,11.9500,12.0100,10.8900,10.8900,12.1000,26238174,296157456.0000
2022-03-07,sz.002196,10.5900,10.7900,10.2700,10.4700,10.8900,18284473,192277693.0000
2022-03-08,sz.002196,10.4800,11.0500,10.1600,10.4900,10.4700,19090928,201623868.0000
2022-03-09,sz.002196,10.6500,10.7500,10.0900,10.5300,10.4900,12042180,125594039.0000
2022-03-10,sz.002196,10.8000,11.4500,10.7400,11.3500,10.5300,26008735,289170512.0000
2022-03-11,sz.002196,11.2200,11.3400,10.9200,11.2000,11.3500,11510173,128067415.0000
2022-03-14,sz.002196,11.1500,11.2200,10.8100,10.8200,11.2000,8681230,95583838.0000
2022-03-15,sz.002196,10.7000,11.1900,10.3900,10.4000,10.8200,14178331,152780997.0000
2022-03-16,sz.002196,10.6200,10.9400,10.0900,10.9000,10.4000,18361202,194398896.0000
2022-03-17,sz.002196,11.0200,11.2400,10.9400,11.0000,10.9000,11416359,126297113.0000
2022-03-18,sz.002196,10.9100,11.0600,10.7000,10.8700,11.0000,7008494,76143795.1900
2022-03-21,sz.002196,10.8900,11.1100,10.7200,10.8900,10.8700,9159757,100178585.4100
2022-03-22,sz.002196,10.8900,10.9200,10.3000,10.5000,10.8900,13488051,141974279.3700
2022-03-23,sz.002196,10.5200,10.6900,10.4100,10.4900,10.5000,6319017,66592959.9600
2022-03-24,sz.002196,10.4700,10.5400,10.0800,10.1200,10.4900,11248930,114728218.4000
2022-03-25,sz.002196,10.2000,10.2200,9.8900,9.9100,10.1200,8648653,86527473.4800
2022-03-28,sz.002196,9.9100,9.9100,9.6000,9.8400,9.9100,6852041,66726369.7000
2022-03-29,sz.002196,9.8400,10.0000,9.5600,9.6500,9.8400,6584693,64043272.4400
2022-03-30,sz.002196,9.7600,9.8400,9.3300,9.8100,9.6500,12530429,120681224.6400
2022-03-31,sz.002196,9.7400,9.7500,9.2600,9.4300,9.8100,12175896,115153216.6400
2022-04-01,sz.002196,9.3700,9.4800,9.2800,9.4200,9.4300,4776922,44901357.0800
2022-04-06,sz.002196,9.4200,9.4500,9.1100,9.3200,9.4200,7010933,64618798.6800
2022-04-07,sz.002196,9.2300,9.3100,8.7200,8.8200,9.3200,12236425,109640647.9500
2022-04-08,sz.002196,8.8500,8.9700,8.5500,8.6200,8.8200,9785900,84861094.0000
2022-04-11,sz.002196,8.6200,8.6200,7.9100,8.0300,8.6200,18288218,149351210.5000
2022-04-12,sz.002196,8.0500,8.2000,7.9300,8.1500,8.0300,14252142,115399051.4400
2022-04-13,sz.002196,8.1700,8.2000,7.8300,7.8500,8.1500,8658450,68581871.6000
2022-04-14,sz.002196,7.9800,8.0100,7.6300,7.7700,7.8500,16508445,128627441.9400
2022-04-15,sz.002196,7.7000,7.9600,7.4100,7.9000,7.7700,22364263,171665561.2900
2022-04-18,sz.002196,7.9300,8.2300,7.7400,8.2200,7.9000,17761487,143236349.3800
2022-04-19,sz.002196,8.3000,8.5200,8.1000,8.1600,8.2200,11881510,98485067.0000
2022-04-20,sz.002196,8.1500,8.3000,8.0000,8.0200,8.1600,8475410,69077462.4000
2022-04-21,sz.002196,8.0000,8.1300,7.6800,7.7200,8.0200,9345553,73397874.5300
2022-04-22,sz.002196,7.6100,7.8200,7.5100,7.7100,7.7200,6829100,52311463.0000
2022-04-25,sz.002196,7.4800,7.5000,6.9400,6.9400,7.7100,11704211,84064701.0600
2022-04-26,sz.002196,6.9100,6.9500,6.5200,6.5300,6.9400,11612411,78033853.7700
2022-04-27,sz.002196,6.6000,6.9300,6.3600,6.9000,6.5300,13760869,91437541.1800
2022-04-28,sz.002196,6.8800,7.0300,6.6800,6.7900,6.9000,8507970,58102696.4000
2022-04-29,sz.002196,6.8900,7.2000,6.7900,7.1500,6.7900,11541410,80660945.0900
2022-05-05,sz.002196,7.1500,7.5300,7.0700,7.3700,7.1500,9812842,72198268.8600
2022-05-06,sz.002196,7.2000,7.4400,7.0500,7.3700,7.3700,8240660,60177793.0000
2022-05-09,sz.002196,7.4000,7.4000,7.1100,7.1700,7.3700,8371900,60467991.0000
2022-05-10,sz.002196,7.0700,7.4800,7.0600,7.3900,7.1700,9570550,70254933.0000
2022-05-11,sz.002196,7.4100,8.1300,7.4100,8.0600,7.3900,20345230,162252308.3000
2022-05-12,sz.002196,8.0400,8.1800,7.7200,7.8300,8.0600,19668100,155622827.3800
2022-05-13,sz.002196,7.8500,8.0700,7.7800,8.0100,7.8300,12275287,97380056.6800
2022-05-16,sz.002196,8.0600,8.1400,7.9100,7.9600,8.0100,7670449,61370116.4400
2022-05-17,sz.002196,7.9200,8.3800,7.8300,8.3600,7.9600,11401334,91631509.5400
2022-05-18,sz.002196,8.2000,8.3500,8.1000,8.2200,8.3600,15616549,128171429.3100
2022-05-19,sz.002196,8.0600,8.5300,7.9900,8.4500,8.2200,14909385,123087918.2200
2022-05-20,sz.002196,8.5200,8.6000,8.3000,8.5500,8.4500,10309797,87341769.6000
2022-05-23,sz.002196,8.5700,8.7100,8.4500,8.6600,8.5500,6920048,59308299.7400
2022-05-24,sz.002196,8.6300,8.8400,8.1500,8.1800,8.6600,13238770,112185639.6000
2022-05-25,sz.002196,8.1700,8.3800,8.1000,8.3600,8.1800,8564951,70818188.1400
2022-05-26,sz.002196,8.4200,8.4400,8.1200,8.2500,8.3600,5447505,45002993.3000
2022-05-27,sz.002196,8.2800,8.4200,8.0400,8.1600,8.2500,7806395,64142331.3500
2022-05-30,sz.002196,8.2000,8.2900,8.0200,8.2700,8.1600,6111400,50044358.2000
2022-05-31,sz.002196,8.2900,8.5500,8.1100,8.4600,8.2700,9640127,80317168.3100
2022-06-01,sz.002196,8.4900,9.2400,8.4000,9.0900,8.4600,20562421,183137701.2500
2022-06-02,sz.002196,9.0400,9.4000,8.9600,9.2200,9.0900,14008477,128650368.4900
2022-06-06,sz.002196,9.2200,9.3200,9.0500,9.2200,9.2200,11911230,109439125.4000
2022-06-07,sz.002196,9.2200,9.3800,8.7800,8.9500,9.2200,11125549,100100641.0400
2022-06-08,sz.002196,8.9000,9.2000,8.7100,8.9400,8.9500,8895894,79282291.8400
2022-06-09,sz.002196,8.9400,8.9400,8.5200,8.6000,8.9400,7759405,67506042.8900
2022-06-10,sz.002196,8.5800,9.3700,8.5100,9.2300,8.6000,15183034,137702983.8600
2022-06-13,sz.002196,9.1200,9.3500,9.0700,9.2500,9.2300,9923208,91291183.6000
2022-06-14,sz.002196,9.1200,10.1800,8.9300,9.7700,9.2500,27634150,262752757.6400
2022-06-15,sz.002196,9.7700,10.1000,9.6300,9.6300,9.7700,21591999,212248803.6500
2022-06-16,sz.002196,9.6100,9.8800,9.6000,9.6300,9.6300,13866491,134751570.0500
2022-06-17,sz.002196,9.5800,9.8600,9.5200,9.7900,9.6300,9612216,93789596.0200
2022-06-20,sz.002196,9.8000,9.9700,9.7400,9.8600,9.7900,10360060,102285192.4000
2022-06-21,sz.002196,9.8600,9.9000,9.4300,9.6000,9.8600,9898090,95143408.8000
2022-06-22,sz.002196,9.5300,9.9600,9.5300,9.7000,9.6000,10887303,106680317.5000
2022-06-23,sz.002196,9.7500,10.5700,9.6200,10.5100,9.7000,24991036,254098493.3100
2022-06-24,sz.002196,10.5300,10.7500,10.3700,10.4100,10.5100,13924281,146512751.5000
2022-06-27,sz.002196,10.4100,10.5200,10.2500,10.3200,10.4100,9141408,94579142.0000
2022-06-28,sz.002196,10.2900,10.8300,10.1700,10.6500,10.3200,13684283,143432573.6900
2022-06-29,sz.002196,10.5000,10.6000,9.9900,10.0200,10.6500,15024115,153531201.4100
2022-06-30,sz.002196,9.9700,10.1100,9.6600,9.7600,10.0200,16203167,159601684.6100
2022-07-01,sz.002196,9.7600,9.9900,9.6900,9.7700,9.7600,8876276,86787239.1500
2022-07-04,sz.002196,9.7100,10.0900,9.5500,9.9500,9.7700,10176323,100744159.8000
2022-07-05,sz.002196,10.0200,10.2100,9.4600,9.5500,9.9500,13289519,128939786.8600
2022-07-06,sz.002196,9.5000,9.9700,9.4500,9.8800,9.5500,14622875,142774750.3500
2022-07-07,sz.002196,9.8800,10.1500,9.8700,10.0900,9.8800,9719860,97653892.3200
2022-07-08,sz.002196,10.1400,10.1900,9.7600,9.7800,10.0900,8222950,81816855.5000
2022-07-11,sz.002196,9.7000,9.8700,9.4800,9.7300,9.7800,9537526,92192272.3400
2022-07-12,sz.002196,9.7000,10.2500,9.6100,9.7400,9.7300,17614340,175232420.2500
2022-07-13,sz.002196,9.6200,10.0700,9.4600,9.9100,9.7400,15191138,148949847.6500
2022-07-14,sz.002196,9.9300,10.2800,9.8000,10.2000,9.9100,14334927,145491895.9900
2022-07-15,sz.002196,10.0100,10.4800,9.9200,10.2400,10.2000,22969582,234635923.9200
2022-07-18,sz.002196,10.2000,11.0000,10.2000,10.7700,10.2400,27434776,293070563.1300
2022-07-19,sz.002196,10.7800,11.8500,10.7000,11.1600,10.7700,32152581,365080849.1700
2022-07-20,sz.002196,11.1100,11.8000,10.8500,11.2500,11.1600,27657250,312139806.1400
2022-07-21,sz.002196,11.0900,11.1000,10.6900,10.7800,11.2500,16276755,177001915.4900
2022-07-22,sz.002196,10.8200,10.9100,10.6000,10.7100,10.7800,8838197,94963376.4500
2022-07-25,sz.002196,10.7500,10.9000,10.3500,10.4900,10.7100,10937363,114842939.2800
2022-07-26,sz.002196,10.5500,10.9300,10.3500,10.7200,10.4900,12020020,128855351.5000
2022-07-27,sz.002196,10.7100,11.1500,10.7100,11.0900,10.7200,14702605,161891433.3800
2022-07-28,sz.002196,11.0900,11.1700,10.8500,10.8900,11.0900,9329500,102124232.0200
2022-07-29,sz.002196,10.9200,11.2300,10.8600,10.9600,10.8900,13534307,148876616.6000
2022-08-01,sz.002196,10.9100,11.4000,10.7300,11.1600,10.9600,15489288,171712666.3400
2022-08-02,sz.002196,10.8900,11.0600,10.5000,10.8000,11.1600,18872090,203845001.4100
2022-08-03,sz.002196,10.9000,11.1800,10.6700,10.7400,10.8000,12450925,136458239.0300
2022-08-04,sz.002196,10.7800,10.9400,10.1600,10.4800,10.7400,15742441,164894247.9400
2022-08-05,sz.002196,10.5800,10.6900,10.0900,10.3700,10.4800,11175863,115668347.7100
2022-08-08,sz.002196,10.3300,10.6700,10.0300,10.6300,10.3700,11054578,115561553.9200
2022-08-09,sz.002196,10.6500,11.0300,10.6400,10.8500,10.6300,13050379,142088989.2700
2022-08-10,sz.002196,10.7200,10.9300,10.5900,10.6600,10.8500,7810059,83802944.9300
2022-08-11,sz.002196,10.7000,10.7600,10.4600,10.5300,10.6600,7401880,77896262.6000
2022-08-12,sz.002196,10.5300,10.6800,10.2000,10.2200,10.5300,10994937,113693265.5600
2022-08-15,sz.002196,10.1800,10.2800,10.1000,10.1800,10.2200,7627553,77735304.5900
2022-08-16,sz.002196,10.1800,10.5500,10.1800,10.5100,10.1800,11932883,124511551.7100
2022-08-17,sz.002196,10.5000,10.6800,10.4500,10.5400,10.5100,7298946,76822795.4500
2022-08-18,sz.002196,10.5600,10.9800,10.4600,10.8900,10.5400,14317534,154986749.6300
2022-08-19,sz.002196,10.8000,10.9700,10.4700,10.6900,10.8900,12767110,135828131.2000
2022-08-22,sz.002196,10.6400,10.9800,10.3300,10.8900,10.6900,18837967,201923765.8600
2022-08-23,sz.002196,10.9300,11.2100,10.7900,11.0700,10.8900,18806388,208161532.6600
2022-08-24,sz.002196,11.1000,11.1200,10.3000,10.3900,11.0700,16475900,174461750.5600
2022-08-25,sz.002196,10.4800,10.5000,9.5800,9.7900,10.3900,21055098,209121257.2200
2022-08-26,sz.002196,9.8200,9.9300,9.5100,9.5400,9.7900,11899374,115255978.0200
2022-08-29,sz.002196,9.3800,9.5900,9.2200,9.4100,9.5400,9418677,88547761.9600
2022-08-30,sz.002196,9.4200,9.4500,8.9100,8.9600,9.4100,14226944,129797515.4200
2022-08-31,sz.002196,8.9800,9.0400,8.2600,8.3500,8.9600,18311354,155723040.2800
2022-09-01,sz.002196,8.3500,8.6000,8.1500,8.2900,8.3500,18942112,157937714.7200
2022-09-02,sz.002196,8.2900,8.4100,8.1500,8.3100,8.2900,9006070,74717800.0800
2022-09-05,sz.002196,8.3100,8.4200,8.2100,8.2900,8.3100,8245500,68591042.0000
2022-09-06,sz.002196,8.3500,8.3800,8.1800,8.3800,8.2900,11898216,98732714.4800
2022-09-07,sz.002196,8.3500,8.6100,8.3000,8.5900,8.3800,13735850,116483824.8000
2022-09-08,sz.002196,8.5900,8.8300,8.5000,8.5100,8.5900,11430237,98582014.8200
2022-09-09,sz.002196,8.5100,8.7000,8.3300,8.6200,8.5100,8869682,75566627.9400
2022-09-13,sz.002196,8.6200,8.8500,8.6200,8.8000,8.6200,9752474,85277969.4600
2022-09-14,sz.002196,8.6800,8.8300,8.4100,8.6400,8.8000,7987548,69175273.8900
2022-09-15,sz.002196,8.6900,8.7000,7.9800,8.0500,8.6400,17619570,144723053.2000
2022-09-16,sz.002196,8.1600,8.1800,7.9100,8.0900,8.0500,9270653,74839383.6200
2022-09-19,sz.002196,8.0900,8.1700,7.9200,8.0800,8.0900,9082780,72833498.2800
2022-09-20,sz.002196,8.1200,8.4900,8.0900,8.4300,8.0800,12354718,103391725.8000
2022-09-21,sz.002196,8.3900,8.5000,8.3000,8.4300,8.4300,7227717,60804490.6200
2022-09-22,sz.002196,8.4000,8.7800,8.3400,8.6400,8.4300,10094142,87147744.3500
2022-09-23,sz.002196,8.6900,8.7900,8.2500,8.4100,8.6400,10021625,85022672.2500
2022-09-26,sz.002196,8.4000,8.5300,8.2500,8.2800,8.4100,7978293,66715606.4500
2022-09-27,sz.002196,8.2900,8.4200,8.1500,8.3800,8.2800,5986360,49506327.1000
2022-09-28,sz.002196,8.3800,8.3800,8.0000,8.0000,8.3800,8351831,67650605.1100
2022-09-29,sz.002196,8.0700,8.1400,7.8700,8.1000,8.0000,9809165,78526298.4300
2022-09-30,sz.002196,8.1000,8.1000,8.1000,8.1000,8.1000,,
2022-10-10,sz.002196,8.1000,8.1000,8.1000,8.1000,8.1000,,
2022-10-11,sz.002196,8.1000,8.1000,8.1000,8.1000,8.1000,,
2022-10-12,sz.002196,8.1000,8.1000,8.1000,8.1000,8.1000,,
2022-10-13,sz.002196,8.1000,8.1000,8.1000,8.1000,8.1000,,
2022-10-14,sz.002196,8.9100,8.9100,8.9100,8.9100,8.1000,2409270,21466595.7000
2022-10-17,sz.002196,9.3500,9.5800,8.8900,8.9500,8.9100,34648416,315919360.8400
2022-10-18,sz.002196,8.8700,9.2500,8.7000,9.1600,8.9500,28707669,256705477.8600
2022-10-19,sz.002196,9.0200,9.2500,8.9000,9.0000,9.1600,18993222,172837533.4800
2022-10-20,sz.002196,8.9500,8.9500,8.4300,8.6300,9.0000,21805739,188428479.5100
2022-10-21,sz.002196,8.6300,8.7200,8.2500,8.2700,8.6300,14409191,121280190.8200
2022-10-24,sz.002196,8.2000,8.5000,8.0500,8.1400,8.2700,12635847,104527851.2200
2022-10-25,sz.002196,8.1700,8.2500,7.8500,8.2400,8.1400,11874947,95659978.3100
2022-10-26,sz.002196,8.1500,8.2400,7.9500,8.0600,8.2400,16195973,130972230.0300
2022-10-27,sz.002196,8.0600,8.2400,7.9000,7.9400,8.0600,11374069,92260406.6300
2022-10-28,sz.002196,7.8300,7.8800,7.1600,7.1800,7.9400,17738696,131978259.7600
2022-10-31,sz.002196,7.1900,7.5800,7.1900,7.5000,7.1800,12535640,93140882.1500
2022-11-01,sz.002196,7.4900,7.8000,7.4700,7.8000,7.5000,9996063,76849868.8300
2022-11-02,sz.002196,7.7800,7.8900,7.7300,7.8500,7.8000,8812434,68917216.2200
2022-11-03,sz.002196,7.8000,8.0500,7.7500,7.9800,7.8500,7958336,63270220.1800
2022-11-04,sz.002196,8.0000,8.2300,7.9800,8.2100,7.9800,8991383,73298672.3100
2022-11-07,sz.002196,8.2000,8.4300,8.1700,8.2200,8.2100,9247838,76560574.7000
2022-11-08,sz.002196,8.1700,8.2800,8.1000,8.2100,8.2200,5806470,47416102.5100
2022-11-09,sz.002196,8.1800,8.2500,8.0900,8.1300,8.2100,5144292,41897167.9600
2022-11-10,sz.002196,8.1600,8.1600,7.9300,7.9600,8.1300,7019514,56132825.1500
2022-11-11,sz.002196,8.1400,8.1900,7.9000,7.9100,7.9600,8883202,71077549.6800
2022-11-14,sz.002196,7.9100,7.9900,7.8100,7.8300,7.9100,6697300,52753479.0000
2022-11-15,sz.002196,7.8400,8.0100,7.7800,8.0000,7.8300,5931733,47038495.1100
2022-11-16,sz.002196,8.0000,8.0900,7.9600,8.0400,8.0000,6572555,52780313.2500
2022-11-17,sz.002196,8.0800,8.0800,7.8100,7.8900,8.0400,6736014,53077969.0200
2022-11-18,sz.002196,7.9300,7.9600,7.8100,7.8200,7.8900,5092431,40037664.9300
2022-11-21,sz.002196,7.8000,7.8900,7.7100,7.8700,7.8200,4618021,36097421.8100
2022-11-22,sz.002196,7.8700,7.9100,7.6700,7.6800,7.8700,5889458,45791777.0200
2022-11-23,sz.002196,7.6800,7.7700,7.5600,7.6800,7.6800,4456586,34120317.6200
2022-11-24,sz.002196,7.7000,7.8300,7.6800,7.7100,7.6800,4366100,33815319.0000
2022-11-25,sz.002196,7.7000,7.7100,7.5600,7.5600,7.7100,3893400,29601843.0000
2022-11-28,sz.002196,7.5400,7.5500,7.3600,7.5500,7.5600,4628289,34628069.4100
2022-11-29,sz.002196,7.5500,7.6400,7.5300,7.6100,7.5500,4759291,36151225.8700
2022-11-30,sz.002196,7.6500,7.8000,7.5500,7.7500,7.6100,7212164,55607308.6900
2022-12-01,sz.002196,7.8500,7.8900,7.7000,7.7300,7.7500,8171191,63753990.8000
2022-12-02,sz.002196,7.7200,7.8200,7.6900,7.7900,7.7300,4432959,34415148.2000
2022-12-05,sz.002196,7.8500,7.9000,7.8000,7.8700,7.7900,7155000,56163778.5000
2022-12-06,sz.002196,7.8700,7.9000,7.7700,7.8300,7.8700,5963009,46673747.5600
2022-12-07,sz.002196,7.8200,7.9300,7.7600,7.8500,7.8300,4584362,36035393.9400
2022-12-08,sz.002196,7.8000,7.8700,7.6900,7.7600,7.8500,5314997,41335809.5600
2022-12-09,sz.002196,7.7600,7.8100,7.6000,7.6200,7.7600,6281903,48146459.3000
2022-12-12,sz.002196,7.6700,7.6800,7.5000,7.5300,7.6200,4318340,32571726.2000
2022-12-13,sz.002196,7.5300,7.5900,7.4300,7.4400,7.5300,3974200,29769473.0000
2022-12-14,sz.002196,7.4500,7.4900,7.3600,7.3700,7.4400,4189900,31037122.0000
2022-12-15,sz.002196,7.3600,7.6100,7.3300,7.5700,7.3700,7163865,53781660.6900
2022-12-16,sz.002196,7.5500,7.5800,7.3800,7.4100,7.5700,5030400,37520594.0000
2022-12-19,sz.002196,7.4200,7.4600,7.2700,7.3000,7.4100,3901170,28684583.4000
2022-12-20,sz.002196,7.3100,7.4100,7.2100,7.3600,7.3000,3842400,28121592.0000
2022-12-21,sz.002196,7.4000,7.4200,7.1600,7.2000,7.3600,4773095,34525579.8800
2022-12-22,sz.002196,7.2000,7.3100,7.0800,7.1000,7.2000,5325798,38228048.8700
2022-12-23,sz.002196,7.0500,7.2900,7.0400,7.1300,7.1000,4634629,33192922.2500
2022-12-26,sz.002196,7.1500,7.3900,7.0700,7.3800,7.1300,5750708,42012352.0400
2022-12-27,sz.002196,7.4200,7.5400,7.3800,7.5000,7.3800,6054570,45239615.6000
2022-12-28,sz.002196,7.4800,7.4900,7.3400,7.3700,7.5000,5019469,37238087.4300
2022-12-29,sz.002196,7.4100,7.4300,7.1800,7.1900,7.3700,5232714,37858921.0400
2022-12-30,sz.002196,7.2200,7.3300,7.2200,7.2600,7.1900,3750200,27239657.0000
2023-01-03,sz.002196,7.2300,7.3500,7.1600,7.3400,7.2600,6526322,47449820.0200
2023-01-04,sz.002196,7.3600,7.3900,7.2400,7.2700,7.3400,4646153,33914270.8100
2023-01-05,sz.002196,7.2700,8.0000,7.2300,8.0000,7.2700,16858062,130520851.2300
2023-01-06,sz.002196,8.7800,8.8000,8.0000,8.1500,8.0000,52871857,443534825.0400
2023-01-09,sz.002196,8.1700,8.3300,8.0800,8.1800,8.1500,30727525,251872684.1000
2023-01-10,sz.002196,8.1900,8.5100,8.0900,8.3700,8.1800,30193500,250343613.1100
2023-01-11,sz.002196,8.4500,8.8800,8.3200,8.3600,8.3700,38030704,324902335.0900
2023-01-12,sz.002196,8.3700,8.7200,8.3100,8.4100,8.3600,28220602,238453660.3200
2023-01-13,sz.002196,8.3200,8.4700,8.1100,8.1800,8.4100,23319092,192795259.3400
2023-01-16,sz.002196,8.3100,8.4000,8.1600,8.2800,8.1800,18896833,156728722.5800
2023-01-17,sz.002196,8.3000,8.5800,8.2500,8.4900,8.2800,19785688,166674050.7200
2023-01-18,sz.002196,8.4200,8.4700,8.2500,8.3000,8.4900,16512381,137538372.0200
2023-01-19,sz.002196,8.2300,8.3200,8.1500,8.2000,8.3000,10144900,83327308.8600
2023-01-20,sz.002196,8.0500,8.2300,8.0000,8.1900,8.2000,16139976,131583658.4900
2023-01-30,sz.002196,8.3300,8.6200,8.3200,8.5000,8.1900,21628845,184388390.6900
2023-01-31,sz.002196,8.4600,8.5500,8.4200,8.5200,8.5000,9344670,79359832.0000
2023-02-01,sz.002196,8.5000,8.7000,8.4700,8.6200,8.5200,11669925,100417920.5000
2023-02-02,sz.002196,8.6000,8.6300,8.5100,8.5400,8.6200,6713931,57387344.7300
2023-02-03,sz.002196,8.5400,8.5500,8.3300,8.4800,8.5400,10563253,88780569.1500
2023-02-06,sz.002196,8.5000,8.5300,8.3600,8.3900,8.4800,5863930,49360089.6000
2023-02-07,sz.002196,8.3600,8.6700,8.3000,8.5600,8.3900,10620280,90030646.2000
2023-02-08,sz.002196,8.5600,8.5900,8.4300,8.5200,8.5600,6636370,56424565.8000
2023-02-09,sz.002196,8.5300,8.5500,8.4400,8.5200,8.5200,5942070,50553113.2700
2023-02-10,sz.002196,8.5100,8.5200,8.3300,8.3900,8.5200,7017840,58976202.4000
2023-02-13,sz.002196,8.4100,8.5000,8.3600,8.4300,8.3900,6869189,58008760.4200
2023-02-14,sz.002196,8.4600,8.4600,8.3400,8.3900,8.4300,4675800,39212059.4500
2023-02-15,sz.002196,8.3900,8.5000,8.3500,8.4100,8.3900,7740714,65190348.4400
2023-02-16,sz.002196,8.4400,8.4400,8.0600,8.1300,8.4100,8771000,72503527.2300
2023-02-17,sz.002196,8.1300,8.2200,8.0800,8.1100,8.1300,4812192,39224064.5900
2023-02-20,sz.002196,8.1000,8.1300,7.9300,8.1300,8.1100,7416461,59558469.6300
2023-02-21,sz.002196,8.1100,8.2200,8.1100,8.1600,8.1300,4720392,38526086.0000
2023-02-22,sz.002196,8.1100,8.3500,8.0700,8.2800,8.1600,7709100,63631973.0000
2023-02-23,sz.002196,8.3500,8.5000,8.3000,8.3100,8.2800,8426200,70704678.0000
2023-02-24,sz.002196,8.3500,8.3700,8.2200,8.2800,8.3100,4872280,40310650.7800
2023-02-27,sz.002196,8.2300,8.2400,8.0700,8.1300,8.2800,4943100,40219254.0000
2023-02-28,sz.002196,8.1400,8.2300,8.0700,8.1100,8.1300,4832350,39242175.0000
2023-03-01,sz.002196,8.1100,8.1500,8.0500,8.1200,8.1100,4230921,34183238.1000
2023-03-02,sz.002196,8.1400,8.1700,7.9500,7.9700,8.1200,7368300,58971264.0000
2023-03-03,sz.002196,7.9600,8.0300,7.8800,7.8900,7.9700,4846000,38408434.0000
2023-03-06,sz.002196,7.8700,7.9000,7.7500,7.8600,7.8900,6156130,48178012.3000
2023-03-07,sz.002196,7.8500,7.8600,7.6100,7.6300,7.8600,5832900,45001011.0000
2023-03-08,sz.002196,7.6200,7.7700,7.6000,7.6900,7.6300,4316900,33193711.0000
2023-03-09,sz.002196,7.7000,7.7100,7.5900,7.6000,7.6900,3757800,28662470.0000
2023-03-10,sz.002196,7.6000,7.6000,7.4500,7.5200,7.6000,4422320,33220113.4000
2023-03-13,sz.002196,7.4700,7.5400,7.3800,7.4400,7.5200,4366933,32453913.6400
2023-03-14,sz.002196,7.5000,7.5100,7.2200,7.3100,7.4400,5208520,38200738.6000
2023-03-15,sz.002196,7.3900,7.4100,7.3100,7.3300,7.3100,3628420,26717436.6000
2023-03-16,sz.002196,7.3300,7.3900,7.1800,7.2200,7.3300,4342282,31543731.7000
2023-03-17,sz.002196,7.3000,7.3300,7.1700,7.2300,7.2200,4967140,35941191.4000
2023-03-20,sz.002196,7.2800,7.3600,7.2000,7.3300,7.2300,7087790,51702213.2000
2023-03-21,sz.002196,7.3300,7.4000,7.2600,7.3800,7.3300,5510489,40336826.1700
2023-03-22,sz.002196,7.3900,7.4600,7.3400,7.3700,7.3800,4972700,36759296.0000
2023-03-23,sz.002196,7.3700,7.4500,7.3100,7.3700,7.3700,5685900,41843603.0000
2023-03-24,sz.002196,7.3900,7.4800,7.3400,7.3800,7.3700,6376700,47260800.0000
2023-03-27,sz.002196,7.3600,7.8600,7.3000,7.6500,7.3800,21402941,162732793.2600
2023-03-28,sz.002196,7.5000,7.5500,7.3200,7.3500,7.6500,11159360,82650230.2000
2023-03-29,sz.002196,7.3200,7.3700,7.2000,7.2100,7.3500,6074782,44177525.2200
2023-03-30,sz.002196,7.2100,7.2700,7.1300,7.1300,7.2100,5688250,40853421.5000
2023-03-31,sz.002196,7.1300,7.3000,7.1300,7.3000,7.1300,5534937,40169021.5900
2023-04-03,sz.002196,7.3500,7.3500,7.2500,7.3000,7.3000,4248445,30981886.3500
2023-04-04,sz.002196,7.2800,7.3200,7.1400,7.1500,7.3000,6778916,48680828.2400
2023-04-06,sz.002196,7.2000,7.2000,7.0600,7.1200,7.1500,4316700,30644233.0000
2023-04-07,sz.002196,7.1200,7.1700,7.0700,7.0900,7.1200,4012400,28536316.0000
2023-04-10,sz.002196,7.1400,7.1500,7.0600,7.0900,7.0900,4257482,30251262.7400
2023-04-11,sz.002196,7.0800,7.1000,6.9600,7.0000,7.0900,4136687,28970540.7600
2023-04-12,sz.002196,6.9800,7.0400,6.9700,7.0200,7.0000,2653172,18598013.6000
2023-04-13,sz.002196,7.0500,7.0600,6.8500,6.8700,7.0200,6222490,43048500.3000
2023-04-14,sz.002196,6.8800,6.9700,6.8600,6.9500,6.8700,3913403,27087970.2500
2023-04-17,sz.002196,6.9600,7.1600,6.9100,7.0000,6.9500,5676933,40000947.0000
2023-04-18,sz.002196,7.0400,7.0400,6.9000,6.9100,7.0000,3499900,24285165.0000
2023-04-19,sz.002196,6.9000,6.9000,6.7600,6.7800,6.9100,4360500,29661862.0000
2023-04-20,sz.002196,6.7600,6.7700,6.6000,6.6500,6.7800,6844971,45467792.9400
2023-04-21,sz.002196,6.6500,6.7200,6.4800,6.5100,6.6500,4597900,30283437.0000
2023-04-24,sz.002196,6.5800,6.6500,6.4100,6.5400,6.5100,4426949,28930115.0100
2023-04-25,sz.002196,6.5300,6.5400,6.2500,6.3500,6.5400,7066072,45091555.1200
2023-04-26,sz.002196,6.3500,6.5200,6.3200,6.4600,6.3500,7934540,51238541.6000
2023-04-27,sz.002196,6.4400,6.5400,6.3900,6.3900,6.4600,5118570,32976962.2000
2023-04-28,sz.002196,6.4000,6.4600,6.3400,6.4600,6.3900,4362224,27897803.5600
2023-05-04,sz.002196,6.4500,6.6000,6.4300,6.5600,6.4600,5524940,36171659.2000
2023-05-05,sz.002196,6.5500,6.6500,6.4300,6.6300,6.5600,7219350,47372147.0000
2023-05-08,sz.002196,6.6400,6.6600,6.5900,6.6100,6.6300,4468900,29614987.0000
2023-05-09,sz.002196,6.5800,6.6200,6.5000,6.5000,6.6100,4164191,27265773.7000
2023-05-10,sz.002196,6.5000,6.8100,6.4600,6.7500,6.5000,6789535,45301199.5700
2023-05-11,sz.002196,6.7600,6.8900,6.7200,6.8800,6.7500,6105250,41681179.3000
2023-05-12,sz.002196,6.8800,6.9200,6.7400,6.7400,6.8800,3523741,23904066.4500
2023-05-15,sz.002196,6.7900,6.8900,6.7300,6.7900,6.7400,4677140,31805428.1000
2023-05-16,sz.002196,6.8300,6.9700,6.7900,6.9300,6.7900,9379299,64835012.0200
2023-05-17,sz.002196,6.8800,7.1000,6.8700,7.1000,6.9300,9035383,63269698.8600
2023-05-18,sz.002196,7.1000,7.4000,7.0700,7.3900,7.1000,15119179,109765128.5000
2023-05-19,sz.002196,7.3900,7.3900,7.0500,7.0800,7.3900,12340040,88192816.8000
2023-05-22,sz.002196,7.0700,7.1000,6.9700,6.9800,7.0800,9475343,66440818.4200
2023-05-23,sz.002196,6.9700,7.0500,6.9400,6.9400,6.9800,4334200,30308604.0000
2023-05-24,sz.002196,6.9000,7.0500,6.8800,7.0100,6.9400,5578000,39078276.0000
2023-05-25,sz.002196,7.0600,7.0700,6.9900,7.0600,7.0100,6376140,44799292.0000
2023-05-26,sz.002196,7.0100,7.0900,6.9100,7.0800,7.0600,5599866,39182099.2100
2023-05-29,sz.002196,7.1000,7.1000,6.8300,6.8700,7.0800,6882282,47483497.2600
2023-05-30,sz.002196,6.8800,6.9500,6.7800,6.8500,6.8700,4829800,33087466.0000
2023-05-31,sz.002196,6.8400,6.8400,6.7000,6.7300,6.8500,4371671,29528937.8000
2023-06-01,sz.002196,6.7400,6.7600,6.6000,6.6000,6.7300,7751011,51628665.2700
2023-06-02,sz.002196,6.6000,6.8100,6.6000,6.7600,6.6000,6811425,45963714.2500
2023-06-05,sz.002196,6.8000,6.8600,6.6800,6.8100,6.7600,4668055,31651836.4500
2023-06-06,sz.002196,6.7800,6.7800,6.4700,6.4700,6.8100,7861910,51712109.8000
2023-06-07,sz.002196,6.4700,6.5100,6.2800,6.3000,6.4700,7227659,45899893.1100
2023-06-08,sz.002196,6.3000,6.4200,6.2500,6.2800,6.3000,5342310,33752584.6000
2023-06-09,sz.002196,6.3200,6.4600,6.3000,6.4100,6.2800,4978030,31778356.2000
2023-06-12,sz.002196,6.3900,6.7900,6.3600,6.7500,6.4100,13564557,90692653.0700
2023-06-13,sz.002196,6.7500,6.8600,6.7000,6.8500,6.7500,8192202,55928237.2900
2023-06-14,sz.002196,6.9000,6.9100,6.7300,6.7300,6.8500,5979477,40545639.0100
2023-06-15,sz.002196,6.7300,6.8300,6.7000,6.8000,6.7300,5661570,38415874.3000
2023-06-16,sz.002196,6.8500,6.9000,6.7700,6.7900,6.8000,7352117,50039241.4300
2023-06-19,sz.002196,6.7700,6.8600,6.6900,6.7000,6.7900,5632700,38154217.8300
2023-06-20,sz.002196,6.7000,6.8300,6.6500,6.7500,6.7000,7726600,52179356.0000
2023-06-21,sz.002196,6.7900,6.9600,6.6900,6.7100,6.7500,10131410,68859065.9400
2023-06-26,sz.002196,6.6900,6.8000,6.5300,6.5400,6.7100,8830370,58754677.3000
2023-06-27,sz.002196,5.8900,6.4200,5.8900,6.3100,6.5400,33707380,205868667.1500
2023-06-28,sz.002196,6.5000,6.6900,6.1800,6.4000,6.3100,22134410,141354358.4700
2023-06-29,sz.002196,7.0400,7.0400,7.0400,7.0400,6.4000,9885385,69593110.4000
2023-06-30,sz.002196,7.0600,7.1600,6.5700,7.0400,7.0400,46198172,323086662.7800
2023-07-03,sz.002196,7.0000,7.1800,6.8600,6.8800,7.0400,29440404,205114872.6100
2023-07-04,sz.002196,7.2000,7.5700,7.0600,7.5700,6.8800,46351375,344062463.5100
2023-07-05,sz.002196,7.5600,7.5600,7.0400,7.0500,7.5700,58107194,419893003.6400
2023-07-06,sz.002196,7.0100,7.2700,6.9300,7.1700,7.0500,35692866,254977042.8800
2023-07-07,sz.002196,7.4200,7.7700,7.3200,7.3400,7.1700,54486043,406863376.2400
2023-07-10,sz.002196,7.3600,7.4500,7.0600,7.1200,7.3400,34465337,248689889.1300
2023-07-11,sz.002196,7.0900,7.4500,7.0600,7.4100,7.1200,33774896,246870277.7200
2023-07-12,sz.002196,7.4100,8.1500,7.3500,8.1500,7.4100,61596643,483806776.5500
2023-07-13,sz.002196,7.9100,8.1500,7.8000,8.1100,8.1500,81441290,647636672.8700
2023-07-14,sz.002196,7.9500,7.9700,7.7600,7.7800,8.1100,40509353,317318211.2800
2023-07-17,sz.002196,7.7000,7.7200,7.5500,7.6600,7.7800,23794792,181541463.0000
2023-07-18,sz.002196,7.6800,7.9000,7.5100,7.8000,7.6600,49347635,380395840.0800
2023-07-19,sz.002196,7.7400,7.8000,7.5700,7.6900,7.8000,20444723,156524427.4300
2023-07-20,sz.002196,7.6600,7.6700,7.4500,7.6200,7.6900,22611655,170964510.9500
2023-07-21,sz.002196,7.5500,7.6200,7.3600,7.4900,7.6200,17276770,129071766.7000
2023-07-24,sz.002196,7.4300,7.5100,7.3200,7.5100,7.4900,12183060,90543784.3000
2023-07-25,sz.002196,7.6000,7.7500,7.5200,7.6000,7.5100,18218586,138544586.3600
2023-07-26,sz.002196,7.5500,7.7400,7.4700,7.6100,7.6000,14140570,107556002.6000
2023-07-27,sz.002196,8.3700,8.3700,7.4500,7.8200,7.6100,98211246,797048652.1700
2023-07-28,sz.002196,7.4900,7.4900,7.1700,7.2800,7.8200,53333607,390169247.2100
2023-07-31,sz.002196,7.2500,7.5500,7.1500,7.3000,7.2800,29263485,215714961.2000
2023-08-01,sz.002196,7.2000,7.3400,7.1000,7.2100,7.3000,27280003,196198114.8800
2023-08-02,sz.002196,7.1700,7.3100,7.1100,7.2100,7.2100,13955735,100579248.5500
2023-08-03,sz.002196,7.1500,7.1800,7.0000,7.0300,7.2100,16888030,119711073.7000
2023-08-04,sz.002196,6.9500,7.0600,6.9200,6.9400,7.0300,18053270,125761270.2000
2023-08-07,sz.002196,6.9300,7.0000,6.8500,6.8800,6.9400,11633100,80429916.0000
2023-08-08,sz.002196,6.8800,6.9400,6.7700,6.8300,6.8800,11591800,79229227.0000
2023-08-09,sz.002196,6.8200,6.8200,6.6900,6.7200,6.8300,8199700,55244697.8700
2023-08-10,sz.002196,6.7000,6.7500,6.6600,6.6900,6.7200,6404440,42904855.4000
2023-08-11,sz.002196,6.7200,6.7300,6.6000,6.6000,6.6900,6732500,44905676.2600
2023-08-14,sz.002196,6.5500,6.6600,6.5200,6.6500,6.6000,6465760,42538384.3800
2023-08-15,sz.002196,6.6700,6.7500,6.6000,6.7000,6.6500,9550911,63793930.3300
2023-08-16,sz.002196,6.6700,6.6700,6.4600,6.4700,6.7000,12642000,82503455.0000
2023-08-17,sz.002196,6.4900,6.7600,6.4600,6.6800,6.4700,15377640,102122825.9000
2023-08-18,sz.002196,6.7000,6.7500,6.5900,6.6000,6.6800,8670450,57964898.5000
2023-08-21,sz.002196,6.6300,6.6600,6.4900,6.5200,6.6000,7833400,51314450.0000
2023-08-22,sz.002196,6.4800,6.6000,6.3600,6.4900,6.5200,10677900,68866155.0000
2023-08-23,sz.002196,6.4400,6.4800,6.3500,6.3600,6.4900,9109100,58351605.0000
2023-08-24,sz.002196,6.3800,6.4300,6.2700,6.3200,6.3600,8901340,56474285.8000
2023-08-25,sz.002196,6.2800,6.3800,6.2000,6.2200,6.3200,7459200,46770581.0000
2023-08-28,sz.002196,6.5000,6.5800,6.2000,6.2300,6.2200,15513499,99015923.5200
2023-08-29,sz.002196,6.2400,6.5800,6.1900,6.5500,6.2300,17299569,111972841.1900
2023-08-30,sz.002196,6.5500,6.7500,6.5200,6.6600,6.5500,14061039,93689400.2400
2023-08-31,sz.002196,6.6300,6.6300,6.5200,6.5500,6.6600,6700900,43912292.0000
2023-09-01,sz.002196,6.8900,6.9500,6.6600,6.7600,6.5500,33781069,228959141.0400
2023-09-04,sz.002196,6.7300,6.7500,6.5800,6.7000,6.7600,16787100,111668084.0000
2023-09-05,sz.002196,6.6700,6.6800,6.5800,6.6200,6.7000,11954210,79079551.7000
2023-09-06,sz.002196,6.6000,6.6700,6.5700,6.6600,6.6200,9822580,65139999.8000
2023-09-07,sz.002196,6.6600,6.6600,6.4900,6.4900,6.6600,9693540,63468173.8000
2023-09-08,sz.002196,6.4800,6.5600,6.4600,6.5400,6.4900,7023102,45878080.0800
2023-09-11,sz.002196,6.5200,6.6500,6.5000,6.6100,6.5400,9488000,62419363.0000
2023-09-12,sz.002196,6.6300,6.7000,6.6000,6.6500,6.6100,8475646,56356174.0600
2023-09-13,sz.002196,6.6300,6.6600,6.4900,6.5500,6.6500,8359540,54796737.6000
2023-09-14,sz.002196,6.5400,6.5400,6.3900,6.4200,6.5500,7522767,48429300.7300
2023-09-15,sz.002196,6.4100,6.5000,6.3800,6.4300,6.4200,6355187,40917246.7100
2023-09-18,sz.002196,6.4000,6.7200,6.3600,6.6400,6.4300,14156030,93771442.8000
2023-09-19,sz.002196,6.6100,6.6400,6.5100,6.5600,6.6400,7344283,48216630.2400
2023-09-20,sz.002196,6.5200,6.5600,6.4600,6.4600,6.5600,6202500,40312349.0000
2023-09-21,sz.002196,6.4500,6.4900,6.3800,6.3900,6.4600,5783400,37168099.0000
2023-09-22,sz.002196,6.3700,6.5500,6.3600,6.5200,6.3900,6095075,39397423.2000
2023-09-25,sz.002196,6.5000,6.6100,6.4900,6.5500,6.5200,7229140,47311842.8000
2023-09-26,sz.002196,6.5200,6.6600,6.4700,6.6100,6.5500,10106180,66454383.1100
2023-09-27,sz.002196,6.5700,6.6200,6.4500,6.4600,6.6100,11385700,74343478.0000
2023-09-28,sz.002196,6.4800,6.6200,6.4600,6.5700,6.4600,9167760,60200106.0000
2023-10-09,sz.002196,6.5500,6.6700,6.5400,6.6400,6.5700,8265100,54729671.0000
2023-10-10,sz.002196,6.6500,6.6800,6.5700,6.6100,6.6400,7316872,48411227.5400
2023-10-11,sz.002196,6.6500,6.6500,6.5300,6.5900,6.6100,7601300,50067132.0000
2023-10-12,sz.002196,6.5900,6.7500,6.5800,6.7300,6.5900,11596093,77519530.6900
2023-10-13,sz.002196,6.6900,6.8100,6.6700,6.7300,6.7300,8427475,56744674.2500
2023-10-16,sz.002196,6.7200,6.7500,6.6200,6.6600,6.7300,6618000,44167416.0000
2023-10-17,sz.002196,6.6800,6.7000,6.5300,6.5800,6.6600,6020600,39609443.0000
2023-10-18,sz.002196,6.5400,6.6200,6.5100,6.5300,6.5800,5511200,36178829.0000
2023-10-19,sz.002196,6.4800,6.5200,6.3900,6.4000,6.5300,6272470,40390832.1000
2023-10-20,sz.002196,6.3700,6.5900,6.3400,6.4400,6.4000,7849780,50887577.2000
2023-10-23,sz.002196,6.4600,6.6300,6.2900,6.3300,6.4400,9582200,61655855.0000
2023-10-24,sz.002196,6.3300,6.4900,6.2900,6.4300,6.3300,6638766,42491516.8000
2023-10-25,sz.002196,6.4700,6.5900,6.4500,6.5000,6.4300,7198766,47055320.6600
2023-10-26,sz.002196,6.4600,6.6500,6.3600,6.6500,6.5000,8941610,58181296.6000
2023-10-27,sz.002196,6.7900,7.0300,6.7700,6.8300,6.6500,26165404,179967989.6900
2023-10-30,sz.002196,6.7900,6.8800,6.7400,6.8300,6.8300,17742785,120823895.5500
2023-10-31,sz.002196,6.7900,6.8600,6.6900,6.7400,6.8300,10817000,73011090.0000
2023-11-01,sz.002196,6.7400,6.9000,6.6900,6.8500,6.7400,12343370,84283185.2000
2023-11-02,sz.002196,6.8600,6.9000,6.7900,6.7900,6.8500,8001300,54697266.0000
2023-11-03,sz.002196,6.8400,7.2400,6.8400,7.1500,6.7900,34884953,247107072.0900
2023-11-06,sz.002196,7.1500,7.2600,7.0600,7.2300,7.1500,26598095,190792865.4000
2023-11-07,sz.002196,7.1600,7.3700,7.1200,7.3000,7.2300,22024990,160463053.1000
2023-11-08,sz.002196,7.2600,7.3300,7.1600,7.2100,7.3000,15147402,109387100.4600
2023-11-09,sz.002196,7.1800,7.2500,7.1000,7.1500,7.2100,13113740,93966820.3000
2023-11-10,sz.002196,7.2000,7.8600,7.1000,7.3100,7.1500,48796260,364732375.0800
2023-11-13,sz.002196,7.3400,7.4500,7.1300,7.2800,7.3100,28636350,207912998.0000
2023-11-14,sz.002196,7.2600,7.3100,7.1900,7.2800,7.2800,17864000,129297100.0000
2023-11-15,sz.002196,7.3100,7.4200,7.2200,7.3400,7.2800,17477840,127996224.1000
2023-11-16,sz.002196,7.3100,7.4500,7.3000,7.3600,7.3400,18732436,138253467.2400
2023-11-17,sz.002196,7.3200,7.4700,7.2600,7.4100,7.3600,14859100,109895611.9800
2023-11-20,sz.002196,7.4600,7.6600,7.4000,7.6000,7.4100,21778400,164284822.0000
2023-11-21,sz.002196,7.5600,7.5800,7.4200,7.4300,7.6000,15604180,116624399.4000
2023-11-22,sz.002196,7.3500,7.4500,7.3000,7.3100,7.4300,12945950,95481207.8000
2023-11-23,sz.002196,7.2900,7.5500,7.2900,7.4900,7.3100,13305100,99232896.0000
2023-11-24,sz.002196,7.4800,7.4900,7.3300,7.3400,7.4900,10664280,78694275.2000
2023-11-27,sz.002196,7.2800,7.4300,7.2700,7.3900,7.3400,10540580,77851970.3000
2023-11-28,sz.002196,7.3900,7.5200,7.3800,7.5100,7.3900,9776038,73108801.9800
2023-11-29,sz.002196,7.5100,7.5700,7.4500,7.5000,7.5100,10343700,77752084.0000
2023-11-30,sz.002196,7.5000,7.5000,7.3300,7.4300,7.5000,10401600,76898885.0000
2023-12-01,sz.002196,7.4500,7.4500,7.2700,7.3300,7.4300,8369180,61252759.4000
2023-12-04,sz.002196,7.3700,7.4400,7.3500,7.4100,7.3300,9001050,66633669.5000
2023-12-05,sz.002196,7.4000,7.4200,7.2700,7.2800,7.4100,9491370,69576332.5000
2023-12-06,sz.002196,7.2000,7.4200,7.2000,7.2800,7.2800,8613130,63265641.4000
2023-12-07,sz.002196,7.2700,7.3300,7.1200,7.1500,7.2800,10868844,78020593.2400
2023-12-08,sz.002196,7.1500,7.2400,7.0800,7.0900,7.1500,9159544,65323141.2200
2023-12-11,sz.002196,7.0300,7.1900,6.9600,7.1900,7.0900,9195940,65286337.4000
2023-12-12,sz.002196,7.1700,7.2000,7.0600,7.0800,7.1900,7483840,53194341.6000
2023-12-13,sz.002196,7.0900,7.2700,7.0500,7.1300,7.0800,9753900,69787828.0000
2023-12-14,sz.002196,7.1600,7.2300,7.1200,7.1400,7.1300,5608400,40186745.0000
2023-12-15,sz.002196,7.1300,7.2200,7.0800,7.1200,7.1400,6520266,46546701.2600
2023-12-18,sz.002196,7.0800,7.1300,7.0100,7.0400,7.1200,6970565,49279371.3000
2023-12-19,sz.002196,7.0400,7.0400,6.9500,7.0300,7.0400,6044000,42266524.8000
2023-12-20,sz.002196,7.0300,7.1100,6.9400,6.9500,7.0300,4549990,31956136.5000
2023-12-21,sz.002196,6.9100,7.0200,6.8100,7.0100,6.9500,7486500,51724130.0000
2023-12-22,sz.002196,7.0000,7.0300,6.9100,6.9500,7.0100,5637115,39204207.9500
2023-12-25,sz.002196,6.9500,6.9800,6.8600,6.9600,6.9500,5260990,36376524.8000
2023-12-26,sz.002196,6.9500,6.9500,6.8000,6.8200,6.9600,4690370,32088948.6000
2023-12-27,sz.002196,6.9200,6.9200,6.7900,6.9000,6.8200,4850640,33242475.7000
2023-12-28,sz.002196,6.8900,7.1100,6.8100,7.0800,6.9000,6462880,45249358.2000
2023-12-29,sz.002196,7.0800,7.1900,7.0400,7.1800,7.0800,6329716,45223856.7200
2024-01-02,sz.002196,7.1800,7.2900,7.1400,7.2200,7.1800,7043500,51113273.0000
2024-01-03,sz.002196,7.2700,7.2800,7.1100,7.1600,7.2200,6218102,44612399.4400
2024-01-04,sz.002196,7.1600,7.1900,7.1100,7.1400,7.1600,4531008,32401730.2000
2024-01-05,sz.002196,7.1300,7.2200,6.9600,6.9900,7.1400,6266347,44430339.5300
2024-01-08,sz.002196,6.9800,7.0200,6.8500,6.8700,6.9900,6265100,43361014.0000
2024-01-09,sz.002196,6.8600,7.0200,6.8300,6.8800,6.8700,7703600,53248328.0000
2024-01-10,sz.002196,6.8900,6.8900,6.7000,6.7800,6.8800,6668308,45365280.4800
2024-01-11,sz.002196,6.7800,6.9200,6.7400,6.8900,6.7800,6278700,42848862.0000
2024-01-12,sz.002196,6.8800,7.0000,6.8500,6.8900,6.8900,6163300,42694906.0000
2024-01-15,sz.002196,6.8800,6.8800,6.7500,6.8200,6.8900,6166810,42039932.1000
2024-01-16,sz.002196,6.8600,6.8700,6.6900,6.8000,6.8200,5791100,39204193.0000
2024-01-17,sz.002196,6.7800,6.8000,6.5500,6.5800,6.8000,5910600,39461632.0000
2024-01-18,sz.002196,6.5800,6.6200,6.2800,6.4800,6.5800,10149700,65040381.0000
2024-01-19,sz.002196,6.4800,6.5200,6.3500,6.3700,6.4800,6250000,40114650.0000
2024-01-22,sz.002196,6.3500,6.4200,5.8100,5.9100,6.3700,14179800,86358921.0000
2024-01-23,sz.002196,5.8700,5.9900,5.6800,5.8200,5.9100,12965650,75093323.5000
2024-01-24,sz.002196,5.8400,5.9900,5.6200,5.8800,5.8200,12394300,71947353.0000
2024-01-25,sz.002196,5.8800,6.1300,5.8100,6.1100,5.8800,8448650,50668587.0000
2024-01-26,sz.002196,6.1300,6.2100,6.0700,6.1000,6.1100,6763000,41532424.0000
2024-01-29,sz.002196,6.2000,6.2000,5.7300,5.7800,6.1000,15913200,93549693.0000
2024-01-30,sz.002196,5.8000,5.8700,5.6000,5.6500,5.7800,10359102,59343726.4400
2024-01-31,sz.002196,5.6500,5.6500,5.2600,5.2900,5.6500,13497000,73059871.0000
2024-02-01,sz.002196,5.2900,5.3200,5.0800,5.1600,5.2900,12362600,64157646.3000
2024-02-02,sz.002196,5.2500,5.3500,4.6700,4.8500,5.1600,21285200,106095625.0000
2024-02-05,sz.002196,4.8000,4.8100,4.3700,4.3700,4.8500,21917300,97381921.5000
2024-02-06,sz.002196,4.1600,4.4100,3.9300,4.2200,4.3700,31880900,130571109.0000
2024-02-07,sz.002196,4.2200,4.2700,3.8000,4.0100,4.2200,40093762,159639299.9000
2024-02-08,sz.002196,4.0000,4.3200,3.7300,4.2900,4.0100,39617908,159344587.9300
2024-02-19,sz.002196,4.3400,4.5300,4.3000,4.4400,4.2900,25472620,112189435.5200
2024-02-20,sz.002196,4.4400,4.5200,4.3300,4.4900,4.4400,16480297,73190099.0500
2024-02-21,sz.002196,4.4600,4.7900,4.4300,4.6100,4.4900,22149319,103127747.4900
2024-02-22,sz.002196,4.6100,4.7900,4.5900,4.7900,4.6100,16641900,78210777.0000
2024-02-23,sz.002196,4.8100,5.1400,4.8000,5.1100,4.7900,28500348,141487336.6700
2024-02-26,sz.002196,5.1400,5.3800,5.1300,5.2100,5.1100,28848464,150549949.3500
2024-02-27,sz.002196,5.2500,5.5400,5.2500,5.5000,5.2100,29297344,158358283.3200
2024-02-28,sz.002196,5.4500,5.5500,4.9500,4.9700,5.5000,45342932,239654082.3400
2024-02-29,sz.002196,4.8700,5.1900,4.8500,5.1900,4.9700,23628532,119641058.4000
2024-03-01,sz.002196,5.1900,5.3200,5.1400,5.3200,5.1900,21487701,112846237.3000
2024-03-04,sz.002196,5.2900,5.3400,5.0500,5.2900,5.3200,22463908,117265940.4100
2024-03-05,sz.002196,5.2700,5.3200,5.1000,5.1200,5.2900,17948952,93399977.7200
2024-03-06,sz.002196,5.1000,5.3000,5.0800,5.2100,5.1200,15173529,79100026.0600
2024-03-07,sz.002196,5.3000,5.3400,5.1700,5.1900,5.2100,16758600,88310217.0000
2024-03-08,sz.002196,5.1500,5.2500,5.1100,5.2100,5.1900,11440600,59145495.0000
2024-03-11,sz.002196,5.2100,5.3400,5.1600,5.3400,5.2100,15380294,81016566.2000
2024-03-12,sz.002196,5.3400,5.4100,5.2900,5.4000,5.3400,16017949,85875470.4200
2024-03-13,sz.002196,5.3800,5.5500,5.3800,5.4400,5.4000,17717730,96482156.8000
2024-03-14,sz.002196,5.4200,5.4800,5.2900,5.3900,5.4400,14354030,77189924.0000
2024-03-15,sz.002196,5.3500,5.4400,5.3200,5.4400,5.3900,12056080,64866054.6000
2024-03-18,sz.002196,5.4800,5.9800,5.4800,5.9800,5.4400,28994463,165154499.7200
2024-03-19,sz.002196,6.1500,6.5800,6.0900,6.5800,5.9800,63690872,410323722.1000
2024-03-20,sz.002196,6.7800,7.2000,6.4600,6.7200,6.5800,120964014,822430669.2600
2024-03-21,sz.002196,6.5200,6.6000,6.3200,6.3400,6.7200,71665543,459012268.9400
2024-03-22,sz.002196,6.3100,6.3200,6.0300,6.0900,6.3400,49761027,304833242.9900
2024-03-25,sz.002196,6.1200,6.1500,5.7400,5.7600,6.0900,40154622,238585040.1200
2024-03-26,sz.002196,5.7100,6.0800,5.7000,6.0700,5.7600,42506941,252709254.7700
2024-03-27,sz.002196,5.9700,6.0200,5.7700,5.7700,6.0700,24437794,143757117.3000
2024-03-28,sz.002196,5.7700,5.9800,5.7500,5.9300,5.7700,21974218,129452388.5400
2024-03-29,sz.002196,5.8900,6.0000,5.8200,5.9900,5.9300,19485863,115595977.3100
2024-04-01,sz.002196,6.0100,6.0700,5.9300,6.0400,5.9900,19768998,118842041.0200
2024-04-02,sz.002196,6.0000,6.1100,5.9000,6.0300,6.0400,22650946,136102058.3100
2024-04-03,sz.002196,6.0300,6.0300,5.8000,5.8600,6.0300,18209200,106933204.0000
2024-04-08,sz.002196,5.7900,5.8600,5.6100,5.7300,5.8600,19710043,112606847.3300
2024-04-09,sz.002196,5.8300,6.3000,5.7800,6.3000,5.7300,30268492,185717376.9400
2024-04-10,sz.002196,6.0700,6.2800,5.9600,6.1200,6.3000,45555290,277168889.9500
2024-04-11,sz.002196,6.0700,6.0900,5.8400,5.9400,6.1200,23652268,140720614.7000
2024-04-12,sz.002196,5.9100,6.0000,5.7600,5.7900,5.9400,19512000,114369937.0000
2024-04-15,sz.002196,5.7100,5.7500,5.2200,5.3400,5.7900,33771864,182506700.1100
2024-04-16,sz.002196,5.2900,5.3000,4.8100,4.8100,5.3400,25144400,123464330.0000
2024-04-17,sz.002196,4.8200,5.1500,4.8200,5.1400,4.8100,24443768,123555493.7000
2024-04-18,sz.002196,5.1100,5.3700,5.0200,5.2100,5.1400,23602212,123537746.3200
2024-04-19,sz.002196,5.1800,5.2500,5.0400,5.0800,5.2100,16629562,85168127.1000
2024-04-22,sz.002196,5.0800,5.0800,4.8300,4.9900,5.0800,13940542,69417082.5800
2024-04-23,sz.002196,5.0600,5.1100,4.9900,5.0600,4.9900,9782492,49408224.9400
2024-04-24,sz.002196,5.0500,5.1800,5.0300,5.1700,5.0600,10349170,53061974.8000
2024-04-25,sz.002196,5.2000,5.3300,5.1700,5.2500,5.1700,12142000,63776466.0000
2024-04-26,sz.002196,5.2100,5.3600,5.2000,5.3200,5.2500,14648700,77665609.3000
2024-04-29,sz.002196,5.2800,5.5500,5.2500,5.5500,5.3200,16508892,90101744.4800
2024-04-30,sz.002196,5.4500,5.4900,5.2200,5.2800,5.5500,21570054,114800216.2400
2024-05-06,sz.002196,5.4400,5.4400,5.3100,5.3600,5.2800,14160042,75952648.4600
2024-05-07,sz.002196,5.3800,5.3900,5.3100,5.3500,5.3600,10555700,56431843.0000
2024-05-08,sz.002196,5.3600,5.3600,5.2000,5.2100,5.3500,12241600,64413266.0000
2024-05-09,sz.002196,5.1900,5.3900,5.1900,5.3300,5.2100,14967770,79759539.4000
2024-05-10,sz.002196,5.3400,5.3600,5.2000,5.2100,5.3300,10929510,57175371.2000
2024-05-13,sz.002196,5.1500,5.1600,5.0300,5.0500,5.2100,11635430,59149367.2000
2024-05-14,sz.002196,5.0400,5.1400,5.0400,5.1100,5.0500,8835600,45073212.3000
2024-05-15,sz.002196,5.1000,5.1600,5.0400,5.0600,5.1100,7132900,36339985.9000
2024-05-16,sz.002196,5.0600,5.1100,5.0300,5.0700,5.0600,8996700,45637356.0000
2024-05-17,sz.002196,5.0700,5.1300,5.0000,5.1300,5.0700,7782710,39513285.3000
2024-05-20,sz.002196,5.1300,5.1400,5.0300,5.0400,5.1300,10271940,52109118.7000
2024-05-21,sz.002196,5.4000,5.5400,5.2800,5.2800,5.0400,53285430,288830637.3000
2024-05-22,sz.002196,5.2700,5.3200,5.1000,5.1300,5.2800,33027888,169865311.9800
2024-05-23,sz.002196,5.0800,5.0900,4.9200,4.9300,5.1300,21252978,105707039.6600
2024-05-24,sz.002196,4.6300,4.8800,4.6200,4.7400,4.9300,21220870,101035676.4000
2024-05-27,sz.002196,4.7300,4.7900,4.6200,4.7000,4.7400,10129114,47267699.1000
2024-05-28,sz.002196,4.6800,4.7500,4.6300,4.7100,4.7000,7673699,36092469.6900
2024-05-29,sz.002196,4.7200,4.8400,4.6800,4.8000,4.7100,8301160,39549620.2000
2024-05-30,sz.002196,4.7800,4.8200,4.7500,4.7600,4.8000,6793399,32538070.2000
2024-05-31,sz.002196,4.7800,4.8500,4.7600,4.8300,4.7600,6631820,31914889.7000
2024-06-03,sz.002196,4.8400,4.8400,4.5000,4.5400,4.8300,18607359,85507054.1300
2024-06-04,sz.002196,4.5000,4.5600,4.3400,4.4100,4.5400,13298589,58391292.8400
2024-06-05,sz.002196,4.2800,4.3000,4.0900,4.1900,4.4100,14621471,61797864.0000
2024-06-06,sz.002196,4.1900,4.2200,3.9000,3.9800,4.1900,19903450,79904054.1000
2024-06-07,sz.002196,4.1900,4.2600,4.0800,4.1700,3.9800,12715499,52836026.8400
2024-06-11,sz.002196,4.2000,4.2100,4.0600,4.1800,4.1700,7691280,31777779.8000
2024-06-12,sz.002196,4.1700,4.2700,4.1200,4.2700,4.1800,6888900,29155736.0000
2024-06-13,sz.002196,4.2400,4.2900,4.1800,4.2000,4.2700,7447819,31379690.4200
2024-06-14,sz.002196,4.2200,4.2200,4.1300,4.2000,4.2000,5125000,21455962.0000
2024-06-17,sz.002196,4.2000,4.2500,4.1600,4.2000,4.2000,4504900,18940819.0000
2024-06-18,sz.002196,4.2000,4.3300,4.1800,4.3000,4.2000,7160400,30627074.0000
2024-06-19,sz.002196,4.3500,4.3500,4.2300,4.2400,4.3000,5890470,25194805.5000
2024-06-20,sz.002196,4.2500,4.2500,4.0900,4.0900,4.2400,6941200,28745715.0000
2024-06-21,sz.002196,4.0700,4.1500,4.0600,4.1100,4.0900,4477900,18402653.0000
2024-06-24,sz.002196,4.0100,4.0900,3.9200,3.9400,4.1100,6869400,27338003.0000
2024-06-25,sz.002196,3.9500,4.0800,3.9400,4.0200,3.9400,6546430,26429387.8000
2024-06-26,sz.002196,4.0100,4.2600,3.9700,4.2300,4.0200,12078860,50172803.9200
2024-06-27,sz.002196,4.1800,4.2300,4.1200,4.1300,4.2300,8387543,35042448.6300
2024-06-28,sz.002196,4.1200,4.3300,4.1000,4.1900,4.1300,9413349,39858565.1400
2024-07-01,sz.002196,4.2500,4.2500,4.0800,4.1900,4.1900,6744650,27955827.4000
2024-07-02,sz.002196,4.2000,4.2500,4.1700,4.2200,4.1900,6519341,27561532.0900
2024-07-03,sz.002196,4.2200,4.2700,4.1700,4.1800,4.2200,4422561,18629219.9800
2024-07-04,sz.002196,4.1800,4.2200,4.0600,4.0700,4.1800,5240700,21653686.0000
2024-07-05,sz.002196,4.0700,4.1600,3.9900,4.1400,4.0700,5600445,22855241.2500
2024-07-08,sz.002196,4.1000,4.1000,3.9500,3.9800,4.1400,6471301,25847812.4400
2024-07-09,sz.002196,3.9500,4.0700,3.9100,4.0500,3.9800,6562400,26207254.0000
2024-07-10,sz.002196,4.0200,4.1000,3.9700,3.9800,4.0500,5392100,21718990.0000
2024-07-11,sz.002196,4.0300,4.1400,4.0300,4.1300,3.9800,8916420,36489526.0000
2024-07-12,sz.002196,4.1300,4.1900,4.0800,4.1300,4.1300,5483200,22721123.0000
2024-07-15,sz.002196,4.0900,4.1300,4.0200,4.0300,4.1300,5154900,20884637.0000
2024-07-16,sz.002196,4.0000,4.0700,4.0000,4.0400,4.0300,4398079,17721238.3700
2024-07-17,sz.002196,4.0700,4.0700,3.9600,3.9600,4.0400,5170100,20567514.0000
2024-07-18,sz.002196,3.9600,3.9600,3.8200,3.9200,3.9600,5926030,22997310.0000
2024-07-19,sz.002196,3.9400,4.0200,3.9200,3.9800,3.9200,4461100,17744228.0000
2024-07-22,sz.002196,3.9800,4.0100,3.9500,3.9900,3.9800,3564900,14178239.0000
2024-07-23,sz.002196,3.9900,4.1100,3.9500,3.9600,3.9900,6871200,27702969.0000
2024-07-24,sz.002196,3.9100,3.9500,3.8400,3.8500,3.9600,6282300,24387479.2000
2024-07-25,sz.002196,3.8200,3.9700,3.8100,3.9400,3.8500,5772380,22591551.2000
2024-07-26,sz.002196,3.9700,4.0300,3.9700,4.0300,3.9400,4859570,19484019.4000
2024-07-29,sz.002196,4.0500,4.0700,3.9800,4.0500,4.0300,5037500,20350580.0000
2024-07-30,sz.002196,4.0100,4.4600,3.9900,4.4600,4.0500,19661580,84404344.9000
2024-07-31,sz.002196,4.6300,4.9100,4.5100,4.9100,4.4600,41201120,195997468.2000
2024-08-01,sz.002196,5.4000,5.4000,5.0600,5.4000,4.9100,97782111,521478988.1100
2024-08-02,sz.002196,5.0500,5.8600,4.9100,5.2400,5.4000,125773935,672197448.0400
2024-08-05,sz.002196,4.9800,5.0500,4.7200,4.7200,5.2400,72033689,347258590.8000
2024-08-06,sz.002196,4.6200,4.7100,4.3900,4.4600,4.7200,57842354,258740422.3600
2024-08-07,sz.002196,4.4600,4.5500,4.4100,4.4800,4.4600,36933907,165114494.7200
2024-08-08,sz.002196,4.4800,4.5900,4.3200,4.4200,4.4800,35173853,155594951.9600
2024-08-09,sz.002196,4.4000,4.4600,4.3400,4.4200,4.4200,26481261,116229855.1400
2024-08-12,sz.002196,4.4200,4.4700,4.2100,4.2500,4.4200,25549363,110837973.8600
2024-08-13,sz.002196,4.2600,4.3300,4.1900,4.2800,4.2500,18327743,78013190.7500
2024-08-14,sz.002196,4.2900,4.3800,4.2700,4.3200,4.2800,18300753,79285976.4200
2024-08-15,sz.002196,4.3400,4.4500,4.2600,4.4100,4.3200,21748835,95096470.7300
2024-08-16,sz.002196,4.4000,4.4200,4.2900,4.2900,4.4100,19848972,86125005.3200
2024-08-19,sz.002196,4.2800,4.3400,4.2500,4.3200,4.2900,12704203,54552945.9000
2024-08-20,sz.002196,4.3400,4.3400,4.2000,4.2100,4.3200,13850653,58774405.4500
2024-08-21,sz.002196,4.2600,4.3200,4.2300,4.2600,4.2100,15489100,66136481.0000
2024-08-22,sz.002196,4.2800,4.2900,4.1600,4.1700,4.2600,15598555,65612834.9000
2024-08-23,sz.002196,4.1700,4.1900,4.0800,4.0800,4.1700,15172690,62461536.3000
2024-08-26,sz.002196,4.1000,4.2200,4.0800,4.1800,4.0800,12580103,52591795.3900
2024-08-27,sz.002196,4.1700,4.1800,4.0800,4.0900,4.1800,10201200,41950536.0000
2024-08-28,sz.002196,4.1000,4.2000,4.0700,4.1500,4.0900,10012600,41539390.0000
2024-08-29,sz.002196,4.1200,4.2600,4.1000,4.2400,4.1500,11763700,49509900.0000
2024-08-30,sz.002196,4.2200,4.3500,4.2200,4.3000,4.2400,15945300,68728701.0000
2024-09-02,sz.002196,4.3500,4.4200,4.2600,4.2900,4.3000,15976900,69459133.0000
2024-09-03,sz.002196,4.2800,4.4200,4.2600,4.3500,4.2900,12077700,52646450.0000
2024-09-04,sz.002196,4.3100,4.4200,4.3000,4.3300,4.3500,10605200,46179557.0000
2024-09-05,sz.002196,4.3300,4.5800,4.3200,4.4500,4.3300,27236370,120690842.3800
2024-09-06,sz.002196,4.4000,4.4300,4.2900,4.3000,4.4500,18193252,79162105.5200
2024-09-09,sz.002196,4.2700,4.3600,4.2400,4.3300,4.3000,10335472,44606509.3200
2024-09-10,sz.002196,4.3500,4.3900,4.2900,4.3900,4.3300,10034500,43560342.0000
2024-09-11,sz.002196,4.3800,4.4300,4.3400,4.3800,4.3900,8976640,39364880.6000
2024-09-12,sz.002196,4.3800,4.4300,4.3400,4.3400,4.3800,8182600,35881974.0000
2024-09-13,sz.002196,4.3400,4.3600,4.2700,4.2800,4.3400,8227563,35404225.0100
2024-09-18,sz.002196,4.2800,4.3000,4.1500,4.2300,4.2800,8798670,37010717.1000
2024-09-19,sz.002196,4.2500,4.3800,4.2300,4.3500,4.2300,10374100,44900556.0000
2024-09-20,sz.002196,4.3700,4.3800,4.2600,4.3000,4.3500,7407082,31864649.1400
2024-09-23,sz.002196,4.2700,4.3700,4.2600,4.3500,4.3000,7640900,33155820.0000
2024-09-24,sz.002196,4.3700,4.4800,4.3300,4.4800,4.3500,15597160,68914702.1000
2024-09-25,sz.002196,4.5500,4.6200,4.4800,4.5200,4.4800,19281155,87750441.2000
2024-09-26,sz.002196,4.5100,4.7300,4.4600,4.6800,4.5200,23394470,108157683.8700
2024-09-27,sz.002196,4.7300,5.0300,4.6500,4.9300,4.6800,39294372,190025535.7200
2024-09-30,sz.002196,5.0700,5.3700,4.9000,5.3300,4.9300,55668789,287415145.1300
2024-10-08,sz.002196,5.8500,5.8600,5.1300,5.5000,5.3300,58787031,324462048.7200
2024-10-09,sz.002196,5.3000,5.3000,4.9600,4.9600,5.5000,34468350,177273182.1000
2024-10-10,sz.002196,4.9800,5.1500,4.9300,5.0300,4.9600,20257791,102400421.7100
2024-10-11,sz.002196,4.9800,5.0200,4.7500,4.8100,5.0300,18675120,90861072.3000
2024-10-14,sz.002196,4.8100,4.9300,4.7700,4.9000,4.8100,14447770,70231230.7000
2024-10-15,sz.002196,4.9000,4.9600,4.8100,4.8400,4.9000,14813866,72268735.1700
2024-10-16,sz.002196,4.7500,4.8300,4.7200,4.7800,4.8400,13165581,62761617.6200
2024-10-17,sz.002196,4.7800,4.8900,4.7400,4.7500,4.7800,13090414,63119315.4800
2024-10-18,sz.002196,4.7300,4.9200,4.7300,4.8700,4.7500,19339788,93503277.6200
2024-10-21,sz.002196,4.9100,4.9200,4.8200,4.8700,4.8700,16404736,79945597.0800
2024-10-22,sz.002196,5.0700,5.2800,5.0100,5.1800,4.8700,44178293,227385657.7200
2024-10-23,sz.002196,5.1100,5.1800,5.0800,5.1000,5.1800,26322039,134789377.8600
2024-10-24,sz.002196,5.0700,5.2900,5.0600,5.2100,5.1000,31904298,165831313.8900
2024-10-25,sz.002196,5.3000,5.3500,5.2200,5.2500,5.2100,26681559,140394206.3500
2024-10-28,sz.002196,5.2500,5.3400,5.2000,5.3400,5.2500,27670208,146203546.2000
2024-10-29,sz.002196,5.3400,5.5500,5.2900,5.2900,5.3400,29165600,157460567.2000
2024-10-30,sz.002196,5.2000,5.3300,5.1500,5.2300,5.2900,24275967,127319504.1000
2024-10-31,sz.002196,5.2300,5.3400,5.2100,5.2700,5.2300,21623630,114367086.5000
2024-11-01,sz.002196,5.2600,5.3100,5.0800,5.1500,5.2700,20048830,103734109.9000
2024-11-04,sz.002196,5.1300,5.5400,5.1300,5.4500,5.1500,42751270,231435456.0000
2024-11-05,sz.002196,5.5400,5.7700,5.4400,5.6500,5.4500,52753132,294374307.7900
2024-11-06,sz.002196,5.6200,5.8000,5.5400,5.6900,5.6500,46508982,263897838.0800
2024-11-07,sz.002196,5.6300,5.7300,5.5900,5.7200,5.6900,32163450,182478208.1500
2024-11-08,sz.002196,6.0600,6.2900,5.8700,6.2900,5.7200,70167025,433081744.1000
2024-11-11,sz.002196,6.2900,6.3500,6.0600,6.1400,6.2900,76623044,472442920.7600
2024-11-12,sz.002196,6.1700,6.4900,5.9800,6.0600,6.1400,58776326,366149439.0300
2024-11-13,sz.002196,5.9500,6.1000,5.7800,5.9700,6.0600,35293330,208526589.7000
2024-11-14,sz.002196,5.9300,5.9700,5.7300,5.7700,5.9700,20486945,119679694.0600
2024-11-15,sz.002196,5.7700,5.7700,5.5600,5.5700,5.7700,20273190,114815836.2000
2024-11-18,sz.002196,5.6500,5.7300,5.4300,5.4700,5.5700,22980297,127391698.4700
2024-11-19,sz.002196,5.5000,5.7400,5.4800,5.7200,5.4700,23626381,132175266.2600
2024-11-20,sz.002196,5.7100,5.8800,5.6400,5.8600,5.7200,21727940,126026654.8200
2024-11-21,sz.002196,5.8500,5.9000,5.7200,5.8800,5.8600,19063124,110959470.5300
2024-11-22,sz.002196,5.8100,5.9400,5.6500,5.6500,5.8800,23674240,137333589.6000
2024-11-25,sz.002196,5.7000,6.0400,5.5800,5.9900,5.6500,28546412,165225217.2200
2024-11-26,sz.002196,5.9500,6.2300,5.8600,5.9300,5.9900,36221922,217782196.3600
2024-11-27,sz.002196,5.8500,6.1000,5.7500,6.0900,5.9300,32873520,196623941.8000
2024-11-28,sz.002196,6.0800,6.1900,5.9700,6.0300,6.0900,24640976,149075351.7600
2024-11-29,sz.002196,5.9900,6.1200,5.9200,6.0400,6.0300,22681039,136698187.2000
2024-12-02,sz.002196,6.0500,6.6000,6.0500,6.4000,6.0400,50176161,320306532.0500
2024-12-03,sz.002196,6.3900,6.5800,6.3100,6.3200,6.4000,35816978,229753932.9500
2024-12-04,sz.002196,6.2900,6.5200,6.2400,6.3000,6.3200,28200072,179265207.4600
2024-12-05,sz.002196,6.3000,6.5500,6.2800,6.4000,6.3000,27015202,173088142.7400
2024-12-06,sz.002196,6.4000,6.5400,6.3300,6.4100,6.4000,29053885,186580283.0000
2024-12-09,sz.002196,6.4000,6.7000,6.3700,6.5300,6.4100,38409076,251520373.5500
2024-12-10,sz.002196,6.7000,6.7800,6.5000,6.5100,6.5300,38848220,257281634.4000
2024-12-11,sz.002196,6.4800,6.6000,6.3800,6.5400,6.5100,27029060,175925120.0000
2024-12-12,sz.002196,6.5200,6.6100,6.3900,6.5100,6.5400,25318842,164240406.0800
2024-12-13,sz.002196,6.4100,6.4800,6.2700,6.2900,6.5100,23246960,147755802.6000
2024-12-16,sz.002196,6.3500,6.4200,6.2300,6.2900,6.2900,13187502,83161278.5400
2024-12-17,sz.002196,6.2300,6.3000,5.9100,5.9500,6.2900,22713172,137753869.1800
2024-12-18,sz.002196,6.0000,6.0100,5.8300,5.9900,5.9500,13290976,79039127.3800
2024-12-19,sz.002196,5.8900,6.0200,5.8600,5.9400,5.9900,11643850,69103671.5000
2024-12-20,sz.002196,6.0000,6.1100,5.9400,6.0100,5.9400,12611600,75799114.0000
2024-12-23,sz.002196,5.9800,6.0300,5.5100,5.5700,6.0100,22160157,126876487.3900
2024-12-24,sz.002196,5.6800,6.1300,5.6400,5.8900,5.5700,52374282,312007085.1200
2024-12-25,sz.002196,5.8700,5.9200,5.5000,5.6200,5.8900,38454000,217600322.7000
2024-12-26,sz.002196,5.6200,5.7800,5.5600,5.6700,5.6200,19077227,108591069.1800
2024-12-27,sz.002196,5.6600,5.8900,5.6400,5.7800,5.6700,17598573,101930182.7900
2024-12-30,sz.002196,5.7300,5.7800,5.5200,5.6000,5.7800,17181500,96416771.0000
2024-12-31,sz.002196,5.5900,5.6400,5.3500,5.3600,5.6000,18678776,101842647.6600
2025-01-02,sz.002196,5.3600,5.4500,5.2200,5.2700,5.3600,13418436,71696174.5200
2025-01-03,sz.002196,5.3000,5.3200,5.0300,5.0600,5.2700,14763000,75998039.0000
2025-01-06,sz.002196,5.0600,5.1000,4.8300,5.0100,5.0600,11331310,56570432.1000
2025-01-07,sz.002196,5.0600,5.2000,5.0500,5.1900,5.0100,10783900,55406422.8000
2025-01-08,sz.002196,5.1700,5.2200,4.9700,5.1800,5.1900,12155270,62127256.5000
2025-01-09,sz.002196,5.1800,5.3200,5.1500,5.2900,5.1800,10429500,54771787.0000
2025-01-10,sz.002196,5.2800,5.4600,5.2300,5.2400,5.2900,14592762,78004518.5600
2025-01-13,sz.002196,5.1200,5.3800,5.0300,5.2900,5.2400,12693982,66244896.2400
2025-01-14,sz.002196,5.3100,5.6100,5.3000,5.6100,5.2900,18085340,99685217.2000
2025-01-15,sz.002196,5.6100,5.6900,5.5400,5.6600,5.6100,15462600,87113811.0000
2025-01-16,sz.002196,5.6700,5.7700,5.5700,5.6500,5.6600,14086310,79881180.4000
2025-01-17,sz.002196,5.6400,5.6800,5.5700,5.6300,5.6500,8224843,46242258.2000
2025-01-20,sz.002196,5.6600,5.7300,5.6300,5.6700,5.6300,8322153,47242525.0400
2025-01-21,sz.002196,5.7100,6.2400,5.6000,6.2400,5.6700,39604754,237706964.7200
2025-01-22,sz.002196,6.3000,6.5000,6.0200,6.0500,6.2400,81792795,508143437.3100
2025-01-23,sz.002196,6.1400,6.1900,5.9500,5.9600,6.0500,46259150,278915902.0000
2025-01-24,sz.002196,5.9200,6.0500,5.8300,6.0100,5.9600,27747020,165010853.4000
2025-01-27,sz.002196,5.9100,5.9700,5.6600,5.6600,6.0100,26964610,155039119.5900
2025-02-05,sz.002196,5.7700,5.8900,5.7000,5.8400,5.6600,16721640,97101797.2000
2025-02-06,sz.002196,5.8400,6.1000,5.8100,6.0800,5.8400,27323115,164336200.3500
2025-02-07,sz.002196,6.0800,6.5100,6.0300,6.2900,6.0800,57340962,355891720.0600
2025-02-10,sz.002196,6.2600,6.2800,6.1300,6.1900,6.2900,32431505,200714639.6500
2025-02-11,sz.002196,6.1700,6.2700,6.1100,6.1700,6.1900,25249500,155971853.0000
2025-02-12,sz.002196,6.2100,6.2400,6.1500,6.1700,6.1700,22179300,137242532.0000
2025-02-13,sz.002196,6.1500,6.1900,6.0000,6.0200,6.1700,23820480,144660872.0000
2025-02-14,sz.002196,6.0100,6.0200,5.9000,5.9400,6.0200,15562820,92709708.2000
2025-02-17,sz.002196,5.9300,6.0800,5.9100,6.0600,5.9400,15642420,94095279.8000
2025-02-18,sz.002196,6.0700,6.2400,5.9800,6.0200,6.0600,21320915,130038588.3000
2025-02-19,sz.002196,5.9900,6.3200,5.9900,6.2800,6.0200,36523356,227287256.1000
2025-02-20,sz.002196,6.2900,6.6900,6.2800,6.5800,6.2800,62820789,408658593.4000
2025-02-21,sz.002196,6.5500,6.7800,6.4800,6.6000,6.5800,50373155,333839171.9800
2025-02-24,sz.002196,6.6400,7.0600,6.5000,6.8900,6.6000,68518116,468849977.1900
2025-02-25,sz.002196,6.7200,7.0500,6.7000,6.8100,6.8900,35412934,242392077.4400
2025-02-26,sz.002196,6.8800,7.2000,6.8300,7.0300,6.8100,45771352,322856737.1000
2025-02-27,sz.002196,7.0300,7.2400,6.9400,7.1300,7.0300,50341793,357736499.9800
2025-02-28,sz.002196,7.0500,7.0900,6.6100,6.6500,7.1300,41577830,281810774.9000
2025-03-03,sz.002196,6.7500,6.7700,6.5000,6.5600,6.6500,26831783,177772816.9400
2025-03-04,sz.002196,6.4800,6.7500,6.4000,6.6400,6.5600,22964827,152302883.7400
2025-03-05,sz.002196,6.6100,7.3000,6.5800,7.3000,6.6400,49121462,349169952.3200
2025-03-06,sz.002196,7.4400,7.6300,7.1800,7.2800,7.3000,116910895,862480696.2200
2025-03-07,sz.002196,7.4800,8.0100,7.4700,8.0100,7.2800,84934902,675399459.3700
2025-03-10,sz.002196,8.8100,8.8100,8.8100,8.8100,8.0100,7652703,67420313.4300
2025-03-11,sz.002196,8.9600,9.6900,8.9600,9.6900,8.8100,53137818,492361713.8200
2025-03-12,sz.002196,10.6600,10.6600,9.8000,9.9400,9.6900,206590887,2120047868.0200
2025-03-13,sz.002196,10.4300,10.9300,10.1900,10.6200,9.9400,205403141,2186918393.4700
2025-03-14,sz.002196,10.1500,11.3300,9.5600,10.8300,10.6200,192409735,1996747845.0200
2025-03-17,sz.002196,11.0200,11.3000,10.3800,10.7100,10.8300,152158430,1637626033.3500
2025-03-18,sz.002196,10.7100,11.7800,10.4400,11.7800,10.7100,149957585,1680349621.7300
2025-03-19,sz.002196,12.2900,12.8400,11.3700,11.9000,11.7800,217569961,2664202257.2400
2025-03-20,sz.002196,11.6900,12.9900,11.4000,12.4600,11.9000,186995617,2270233514.0700
2025-03-21,sz.002196,12.0000,12.2900,11.2100,11.3500,12.4600,145189767,1681694811.7400
2025-03-24,sz.002196,10.7100,10.8300,10.2200,10.2200,11.3500,71178688,740508153.9600
2025-03-25,sz.002196,9.9000,10.3000,9.3200,9.3600,10.2200,105704104,1020287919.5000
2025-03-26,sz.002196,9.3600,9.9700,9.2800,9.6600,9.3600,89551572,870579837.2800
2025-03-27,sz.002196,9.4200,9.6600,9.1000,9.1100,9.6600,76886471,713065721.0400
2025-03-28,sz.002196,9.1700,9.2900,8.9300,9.0000,9.1100,48199551,437893012.3600
2025-03-31,sz.002196,8.9600,9.1400,8.5000,9.0100,9.0000,63531400,557639670.6000
2025-04-01,sz.002196,9.0500,9.1700,8.7900,8.8300,9.0100,45235470,404905867.0000
2025-04-02,sz.002196,8.8300,9.2500,8.7600,9.0400,8.8300,58406720,526132556.4000
2025-04-03,sz.002196,8.8100,9.0000,8.5900,8.6300,9.0400,47501770,415949034.8000
2025-04-07,sz.002196,7.7900,8.0900,7.7700,7.7700,8.6300,18505100,144888078.5000
2025-04-08,sz.002196,7.3000,7.5400,6.9900,7.0000,7.7700,65127320,464126853.2000
2025-04-09,sz.002196,6.8000,7.3500,6.4000,7.2700,7.0000,63925556,445090317.4200
2025-04-10,sz.002196,7.4900,7.8100,7.4000,7.5900,7.2700,50248450,383672014.0000
2025-04-11,sz.002196,7.5200,7.9500,7.4500,7.8000,7.5900,46333090,361218155.7000
2025-04-14,sz.002196,7.9600,8.3000,7.8800,8.0700,7.8000,43874380,354432767.5000
2025-04-15,sz.002196,8.0700,8.2800,7.9000,8.0300,8.0700,40424500,325578644.0000
2025-04-16,sz.002196,7.7800,7.9300,7.5000,7.6400,8.0300,40879480,315302073.6000
2025-04-17,sz.002196,7.7000,7.9100,7.6200,7.6200,7.6400,33289060,257557418.3000
2025-04-18,sz.002196,7.5900,7.7800,7.4900,7.7300,7.6200,30140100,230065303.0000
2025-04-21,sz.002196,7.9800,8.4300,7.8200,8.1800,7.7300,71528460,578980059.2300
2025-04-22,sz.002196,8.1900,8.2600,7.9700,8.0200,8.1800,44708070,361212331.4000
2025-04-23,sz.002196,8.1000,8.8200,8.0800,8.8200,8.0200,35234272,303208338.5400
2025-04-24,sz.002196,9.7000,9.7000,9.7000,9.7000,8.8200,9122120,88484564.0000
2025-04-25,sz.002196,9.7000,10.5900,9.5000,9.9100,9.7000,153916790,1538980975.3600
2025-04-28,sz.002196,9.6800,10.1600,9.3300,9.4000,9.9100,92060487,885713742.9000
2025-04-29,sz.002196,9.1100,10.3400,9.1100,10.3400,9.4000,75614893,743855227.3300
2025-04-30,sz.002196,10.4600,11.3000,10.0100,10.5100,10.3400,143854780,1509378368.3100
2025-05-06,sz.002196,10.8200,10.8600,10.4000,10.7400,10.5100,100010414,1067842034.4200
2025-05-07,sz.002196,10.8800,11.2500,10.6700,10.9900,10.7400,103256489,1131364041.2400
2025-05-08,sz.002196,10.7200,11.2900,10.5800,10.7100,10.9900,84910965,921389461.4000
2025-05-09,sz.002196,10.4900,10.6200,10.1500,10.3200,10.7100,68658354,709272834.7400
2025-05-12,sz.002196,10.5000,10.6000,10.3000,10.4600,10.3200,50235290,523812246.4000
2025-05-13,sz.002196,10.5800,10.7000,10.4000,10.4500,10.4600,47219509,497453398.8700
2025-05-14,sz.002196,10.2600,11.0300,10.1200,10.5500,10.4500,82013830,862559997.2000
2025-05-15,sz.002196,10.2100,10.2900,9.9600,10.0000,10.5500,53550612,538600061.9000
2025-05-16,sz.002196,9.9000,10.5600,9.8600,10.2600,10.0000,57929885,597797035.8500
2025-05-19,sz.002196,10.3100,10.3300,9.7400,10.0400,10.2600,43681200,433593848.0000
2025-05-20,sz.002196,10.0600,10.0800,9.8000,9.9100,10.0400,32989602,327574293.8200
2025-05-21,sz.002196,9.8600,9.9500,9.5700,9.6600,9.9100,34547600,333990887.0000
2025-05-22,sz.002196,9.8700,10.1500,9.5200,9.5500,9.6600,45452300,444507534.0000
2025-05-23,sz.002196,9.4800,9.6900,9.3500,9.3700,9.5500,36430810,346618722.2800
2025-05-26,sz.002196,9.3200,9.4400,9.2200,9.4000,9.3700,27478413,255824748.2000
2025-05-27,sz.002196,9.4100,9.5900,9.2000,9.4600,9.4000,33196313,312053944.2900
2025-05-28,sz.002196,9.4100,9.6600,9.3200,9.3900,9.4600,29044340,274590917.8100
2025-05-29,sz.002196,9.3200,9.6800,9.3100,9.3900,9.3900,32448380,305882554.5000
2025-05-30,sz.002196,9.3200,9.3200,8.9300,8.9700,9.3900,34939590,316263663.8000
2025-06-03,sz.002196,8.8300,9.0400,8.8300,9.0100,8.9700,20451345,183562196.8700
2025-06-04,sz.002196,9.0200,9.2500,8.9600,9.0900,9.0100,23115760,210647437.1800
2025-06-05,sz.002196,9.1200,9.4500,8.9500,9.2700,9.0900,41345060,382461969.6000
2025-06-06,sz.002196,9.2000,9.2700,9.0600,9.1100,9.2700,20825580,190137907.4000
2025-06-09,sz.002196,9.1000,9.2500,9.0700,9.1200,9.1100,22287850,204248536.9800
2025-06-10,sz.002196,9.0700,9.3000,8.8800,9.0800,9.1200,41007540,371079781.5200
2025-06-11,sz.002196,9.0400,9.4400,9.0000,9.3100,9.0800,52432802,484787905.2000
2025-06-12,sz.002196,9.1900,9.2000,9.0200,9.0300,9.3100,34434730,312637940.2000
2025-06-13,sz.002196,9.0000,9.0000,8.6600,8.7000,9.0300,29263279,257040549.8700
2025-06-16,sz.002196,8.6000,8.7900,8.5000,8.7200,8.7000,15127000,131681700.9000
2025-06-17,sz.002196,8.6800,8.7800,8.6300,8.7400,8.7200,14489370,126309124.0000
2025-06-18,sz.002196,8.6800,8.7500,8.6000,8.7400,8.7400,17119600,148426108.0000
2025-06-19,sz.002196,8.7400,9.0900,8.7100,8.8200,8.7400,43313479,386408814.0100
2025-06-20,sz.002196,8.7400,8.7400,8.4200,8.4500,8.8200,28585120,244037198.3000
2025-06-23,sz.002196,8.3100,8.5600,8.2700,8.5500,8.4500,17867992,151844827.7600
2025-06-24,sz.002196,8.5900,9.2900,8.5700,9.0200,8.5500,55711270,502005928.4000
2025-06-25,sz.002196,9.0100,9.2300,8.9500,9.0800,9.0200,37798750,342122337.0000
2025-06-26,sz.002196,9.0300,9.2600,9.0300,9.0600,9.0800,32342100,295812789.0000
2025-06-27,sz.002196,9.1000,9.1600,8.9500,8.9900,9.0600,22461100,202273379.0000
2025-06-30,sz.002196,8.9700,9.1700,8.9400,9.1700,8.9900,24084740,218911956.8000
2025-07-01,sz.002196,9.2100,9.3300,9.1300,9.1900,9.1700,28106590,259047701.3000
2025-07-02,sz.002196,9.1900,9.2000,9.0100,9.0700,9.1900,17320890,157254795.1000
2025-07-03,sz.002196,9.0800,9.1200,8.9800,9.0600,9.0700,13676512,123620928.5400
2025-07-04,sz.002196,9.0800,9.0900,8.9200,8.9300,9.0600,14592800,130880387.0000
2025-07-07,sz.002196,8.8600,8.8800,8.7400,8.8600,8.9300,15586030,137321119.9600
2025-07-08,sz.002196,8.8600,9.0400,8.7900,9.0100,8.8600,17678902,158044948.9300
2025-07-09,sz.002196,9.1000,9.3600,8.8800,8.9000,9.0100,36955650,336021400.5000
2025-07-10,sz.002196,8.9400,8.9600,8.7100,8.7800,8.9000,22969502,201941080.8100
2025-07-11,sz.002196,8.7800,8.9400,8.7000,8.8700,8.7800,17479387,154071581.0200
2025-07-14,sz.002196,8.9100,9.7600,8.9000,9.5300,8.8700,99465699,945420892.5600
2025-07-15,sz.002196,9.2100,9.2800,8.9100,9.0800,9.5300,65483340,592675900.4000
2025-07-16,sz.002196,9.0200,9.3400,8.9800,9.2000,9.0800,43745900,402488030.9800
2025-07-17,sz.002196,9.1600,9.2900,9.0600,9.2100,9.2000,31059130,285746657.6000
2025-07-18,sz.002196,9.2000,9.2400,9.0600,9.1000,9.2100,22242602,202660208.1800
2025-07-21,sz.002196,9.1500,9.3800,9.1300,9.3400,9.1000,38756370,359932141.0000
2025-07-22,sz.002196,9.3000,9.3300,9.1100,9.1600,9.3400,28313900,259908350.0000
2025-07-23,sz.002196,9.1500,9.2800,8.9400,8.9400,9.1600,30183820,271586609.5000
2025-07-24,sz.002196,8.9200,9.0000,8.8600,8.9700,8.9400,18582450,166143104.5000
2025-07-25,sz.002196,8.9500,8.9600,8.8200,8.9000,8.9700,18731810,166162451.8000
2025-07-28,sz.002196,8.9400,8.9700,8.8600,8.9100,8.9000,13976700,124580823.0000
2025-07-29,sz.002196,8.9100,8.9100,8.7400,8.8700,8.9100,16704570,147297019.0000
2025-07-30,sz.002196,8.8400,8.8400,8.6500,8.6800,8.8700,18258500,159330342.0000
2025-07-31,sz.002196,8.6300,8.7400,8.5400,8.5500,8.6800,14922610,128707345.5000
2025-08-01,sz.002196,8.5700,8.6500,8.5400,8.6100,8.5500,10779320,92775427.1000
2025-08-04,sz.002196,8.5100,8.8100,8.4900,8.8100,8.6100,16922500,147261165.0000
2025-08-05,sz.002196,8.8100,8.9400,8.7400,8.8300,8.8100,17103600,150960402.0000
2025-08-06,sz.002196,8.8000,9.1000,8.7800,9.0400,8.8300,38597680,347377560.8000
2025-08-07,sz.002196,9.0100,9.0100,8.8100,8.8700,9.0400,22258900,197526761.6000
2025-08-08,sz.002196,8.8500,9.1300,8.7600,8.9300,8.8700,27982334,250158143.8800
2025-08-11,sz.002196,8.8800,9.1500,8.8800,9.0600,8.9300,29854890,271046033.6000
2025-08-12,sz.002196,9.1000,9.1500,8.9400,9.0000,9.0600,19981100,180164770.0000
2025-08-13,sz.002196,8.9900,9.1400,8.9000,9.0700,9.0000,29600595,267356409.3500
2025-08-14,sz.002196,9.1000,9.5000,8.8200,9.2400,9.0700,68833449,633481088.4300
2025-08-15,sz.002196,9.1400,9.3900,9.1000,9.2600,9.2400,43330134,399788384.8800
2025-08-18,sz.002196,9.3100,9.5000,9.2900,9.3300,9.2600,49315410,462875876.3700
2025-08-19,sz.002196,9.3000,10.1500,9.1900,9.7000,9.3300,78614238,752994088.8200
2025-08-20,sz.002196,9.6300,9.8200,9.5100,9.5900,9.7000,42030280,404221956.5000
2025-08-21,sz.002196,9.6000,9.6000,9.3100,9.3600,9.5900,30923674,291006412.8200
2025-08-22,sz.002196,9.3300,9.4000,9.2600,9.3000,9.3600,23272060,216447540.7900
2025-08-25,sz.002196,9.3100,9.4300,9.2200,9.3500,9.3000,29836520,278310285.1000
2025-08-26,sz.002196,9.3100,9.3300,9.2100,9.2500,9.3500,21446320,198539178.7000
2025-08-27,sz.002196,9.2400,9.3800,9.0000,9.0100,9.2500,33593500,309563379.0000
2025-08-28,sz.002196,9.0000,9.0700,8.6400,8.9400,9.0100,31468950,279206106.6500
2025-08-29,sz.002196,8.9500,9.0600,8.8100,8.9200,8.9400,18488222,165000953.3000
2025-09-01,sz.002196,8.8800,9.0200,8.8500,8.9600,8.9200,16817827,150571707.3800
2025-09-02,sz.002196,9.0000,9.2400,8.7200,9.1200,8.9600,35664541,320663349.6200
2025-09-03,sz.002196,9.1000,9.4800,8.8000,8.8200,9.1200,27477708,247746813.6800
2025-09-04,sz.002196,8.8100,8.9300,8.5400,8.6800,8.8200,22175087,194367185.9500
2025-09-05,sz.002196,8.6800,8.9400,8.6400,8.9400,8.6800,20068420,177166251.0000
2025-09-08,sz.002196,8.9100,9.1800,8.9100,9.1800,8.9400,29579400,269120333.0000
2025-09-09,sz.002196,9.3000,9.3100,9.1200,9.1500,9.1800,22059500,202704915.0000
2025-09-10,sz.002196,9.1000,9.1800,8.9900,9.0200,9.1500,16885260,152954264.6000
2025-09-11,sz.002196,8.9700,9.2800,8.8600,9.2000,9.0200,27374331,249293751.3400
2025-09-12,sz.002196,9.2100,9.8200,9.1300,9.3900,9.2000,57245091,542074554.0700
2025-09-15,sz.002196,9.6500,10.3300,9.5800,10.3300,9.3900,64479827,646700631.4200
2025-09-16,sz.002196,10.3300,10.8800,9.9300,10.6100,10.3300,139263629,1462101640.2500
2025-09-17,sz.002196,10.5000,10.8800,10.3000,10.3500,10.6100,96670374,1015949056.5600
2025-09-18,sz.002196,10.3500,11.1000,10.2800,10.5400,10.3500,98270429,1035147479.8300
2025-09-19,sz.002196,10.3400,10.3500,9.6600,9.7300,10.5400,73977893,730648873.1100
2025-09-22,sz.002196,9.8400,9.9800,9.7100,9.7900,9.7300,39337120,387130060.9000
2025-09-23,sz.002196,9.7500,10.0900,9.6700,10.0200,9.7900,56799060,560966362.9000
2025-09-24,sz.002196,9.9000,10.0000,9.7000,9.9600,10.0200,44639000,439716763.0000
2025-09-25,sz.002196,9.9600,10.3500,9.8900,9.9800,9.9600,40585410,409494423.8000
2025-09-26,sz.002196,9.8400,10.1400,9.8000,9.9600,9.9800,37543150,375775553.0000
2025-09-29,sz.002196,9.9100,10.3300,9.7800,10.2400,9.9600,45086170,455943615.4000
2025-09-30,sz.002196,10.2500,10.3800,10.1100,10.1600,10.2400,36632730,374838653.1000
2025-10-09,sz.002196,10.1100,10.1500,9.8800,10.0100,10.1600,26946020,268898833.4000
2025-10-10,sz.002196,9.9800,10.1800,9.8100,9.8300,10.0100,27407600,272342914.0000
2025-10-13,sz.002196,9.3800,9.6200,9.0600,9.5600,9.8300,30497470,286532384.6000
2025-10-14,sz.002196,9.6800,9.8300,9.3200,9.3700,9.5600,26924870,256539074.6000
2025-10-15,sz.002196,9.3700,9.5600,9.2800,9.5500,9.3700,19916470,188044603.3000
2025-10-16,sz.002196,9.5000,9.7500,9.4300,9.5800,9.5500,21857492,209715132.5600
2025-10-17,sz.002196,9.1000,9.2800,8.6200,8.6200,9.5800,53225500,468294195.7000
2025-10-20,sz.002196,8.6200,8.8900,8.4300,8.8300,8.6200,37983040,332030340.7000
2025-10-21,sz.002196,8.8200,8.9500,8.6800,8.9400,8.8300,21136600,186829210.0000
2025-10-22,sz.002196,8.9400,9.3300,8.8300,9.0300,8.9400,27483300,250321771.0000
2025-10-23,sz.002196,9.0100,9.0400,8.8100,9.0200,9.0300,16888510,150492708.0000
2025-10-24,sz.002196,9.0800,9.1100,8.9500,8.9800,9.0200,15785810,142519296.7000
2025-10-27,sz.002196,8.9800,9.1000,8.8700,9.0200,8.9800,17828440,160054680.6000
2025-10-28,sz.002196,9.9200,9.9200,9.6900,9.9200,9.0200,34933814,345461197.8400
2025-10-29,sz.002196,10.3900,10.3900,9.7700,9.9400,9.9200,109075436,1086819708.4400
2025-10-30,sz.002196,10.1000,10.9300,10.1000,10.9300,9.9400,62147820,664866975.2000
2025-10-31,sz.002196,10.9300,11.9400,10.5000,11.3300,10.9300,156805445,1765425269.5200
2025-11-03,sz.002196,10.9900,12.3300,10.8000,11.6400,11.3300,128254659,1468370121.4500
2025-11-04,sz.002196,11.6500,11.7600,11.1300,11.2300,11.6400,91116980,1033811610.8300
2025-11-05,sz.002196,11.0600,12.1700,11.0000,11.6600,11.2300,113743166,1332101821.0700
2025-11-06,sz.002196,11.8600,12.8300,11.5600,12.8300,11.6600,117703692,1423005670.7800
2025-11-07,sz.002196,14.1100,14.1100,13.8700,14.1100,12.8300,99973923,1409838134.0300
2025-11-10,sz.002196,14.0100,15.2800,13.8800,14.5300,14.1100,204598909,2995929249.5900
2025-11-11,sz.002196,15.3000,15.9800,14.6200,15.9800,14.5300,175134935,2710298276.7400
2025-11-12,sz.002196,15.9600,17.5000,15.8000,16.9200,15.9800,199058423,3359205572.9400
2025-11-13,sz.002196,16.0000,16.1600,15.2300,15.5800,16.9200,187554489,2927001739.5000
2025-11-14,sz.002196,15.0000,15.1100,14.0200,14.3000,15.5800,165417624,2383684386.3600
2025-11-17,sz.002196,13.6600,14.3400,13.5900,13.6900,14.3000,110326129,1527964725.0000
2025-11-18,sz.002196,13.4300,14.8200,13.1200,14.4500,13.6900,154598918,2175569261.5400
2025-11-19,sz.002196,13.9100,14.1300,13.4000,13.6900,14.4500,97651244,1342677262.8900
2025-11-20,sz.002196,13.6500,14.0000,13.1200,13.2000,13.6900,76068247,1025082941.6600
2025-11-21,sz.002196,12.9400,13.9400,12.8000,13.1900,13.2000,104725684,1395768657.0900
2025-11-24,sz.002196,12.8500,13.1400,12.5300,12.8900,13.1900,75745203,969098868.0200
2025-11-25,sz.002196,13.1300,13.4800,12.9700,13.3400,12.8900,70373810,933761055.7200
2025-11-26,sz.002196,13.1500,14.5400,12.9300,14.1900,13.3400,142579194,1977637886.1900
2025-11-27,sz.002196,13.6600,14.0200,13.5800,13.6300,14.1900,88385105,1215770341.6200
2025-11-28,sz.002196,13.4900,13.5700,13.0200,13.3300,13.6300,72598114,963911163.8600
2025-12-01,sz.002196,13.4000,13.5100,13.0700,13.1300,13.3300,62715502,831165706.0900
2025-12-02,sz.002196,13.0000,13.2200,12.8100,13.0800,13.1300,48963383,636787122.3700
2025-12-03,sz.002196,12.9000,13.0500,12.5000,12.5500,13.0800,55407063,700815863.8300
2025-12-04,sz.002196,13.2000,13.7900,12.9000,12.9100,12.5500,117043175,1551770072.9700
2025-12-05,sz.002196,12.8000,12.9400,12.3900,12.7800,12.9100,78280049,992201179.5200
2025-12-08,sz.002196,12.7800,13.2000,12.7400,13.1500,12.7800,66356513,866082987.9400
2025-12-09,sz.002196,13.0600,13.2700,12.8800,12.8800,13.1500,43146622,561707326.6700
2025-12-10,sz.002196,12.8800,12.9300,12.5700,12.7200,12.8800,35503120,451427571.0000
2025-12-11,sz.002196,12.8000,12.8300,12.3800,12.3900,12.7200,33755200,422964463.0000
2025-12-12,sz.002196,12.4000,12.5600,12.2500,12.4700,12.3900,31330742,389194914.1900
2025-12-15,sz.002196,12.2800,12.4100,12.1700,12.2200,12.4700,28406765,348282835.1300
2025-12-16,sz.002196,12.1200,12.3000,11.6000,11.8000,12.2200,39841722,471012663.0000
2025-12-17,sz.002196,11.7000,12.0100,11.6000,11.9200,11.8000,31985420,377151252.0000
2025-12-18,sz.002196,11.8100,12.1500,11.7200,11.9100,11.9200,23611914,283032605.7200
2025-12-19,sz.002196,11.9900,12.3400,11.9600,12.2800,11.9100,37284114,454012342.5800
2025-12-22,sz.002196,12.4000,12.8400,12.3700,12.6200,12.2800,56517695,713986406.0500
2025-12-23,sz.002196,12.4000,12.5200,12.2000,12.2800,12.6200,44293900,545513001.0000
2025-12-24,sz.002196,12.1500,12.4500,12.1200,12.4000,12.2800,26443660,325987360.4000
2025-12-25,sz.002196,12.4100,13.6400,12.4100,13.6400,12.4000,131847500,1758323155.2000
2025-12-26,sz.002196,14.3100,14.5000,13.6200,13.6800,13.6400,152181318,2125598574.3400
2025-12-29,sz.002196,13.8000,14.3200,13.6700,14.0300,13.6800,121796712,1711019145.7000
2025-12-30,sz.002196,13.6900,15.4300,13.6000,15.4300,14.0300,135574328,1977801013.3000
2025-12-31,sz.002196,15.4300,16.9000,15.0500,15.8700,15.4300,182316769,2887507230.1600
