date,code,open,high,low,close,preclose,volume,amount
2019-01-02,sh.600096,4.9900,5.0000,4.9200,4.9300,5.0100,2176985,10761191.0000
2019-01-03,sh.600096,4.9600,5.0000,4.9300,4.9300,4.9300,1934682,9597675.0000
2019-01-04,sh.600096,4.8800,5.0300,4.8500,5.0300,4.9300,3307349,16391214.0000
2019-01-07,sh.600096,5.0300,5.1000,5.0000,5.1000,5.0300,3253648,16452002.0000
2019-01-08,sh.600096,5.0900,5.0900,5.0300,5.0700,5.1000,1688900,8555533.0000
2019-01-09,sh.600096,5.0700,5.1700,5.0500,5.0700,5.0700,2996761,15357020.0000
2019-01-10,sh.600096,5.0600,5.1500,5.0600,5.0800,5.0700,2607200,13313214.0000
2019-01-11,sh.600096,5.1000,5.1600,5.0100,5.1500,5.0800,4128600,21049541.0000
2019-01-14,sh.600096,5.1500,5.1600,5.0700,5.0800,5.1500,2808300,14341129.0000
2019-01-15,sh.600096,5.0700,5.1500,5.0700,5.1400,5.0800,2315102,11824673.0000
2019-01-16,sh.600096,5.2000,5.3400,5.1800,5.3200,5.1400,9144241,48233110.0000
2019-01-17,sh.600096,5.3200,5.4100,5.2900,5.3500,5.3200,5946438,31823475.0000
2019-01-18,sh.600096,5.4800,5.6700,5.4500,5.5500,5.3500,15306042,85071506.0000
2019-01-21,sh.600096,5.5200,5.8000,5.5000,5.7500,5.5500,18467396,105392395.0000
2019-01-22,sh.600096,5.7100,6.0200,5.6500,5.6700,5.7500,18795201,109260378.0000
2019-01-23,sh.600096,5.7200,5.9900,5.5800,5.9000,5.6700,21837760,126794615.0000
2019-01-24,sh.600096,5.8100,5.9400,5.5700,5.7600,5.9000,19102049,110013884.0000
2019-01-25,sh.600096,5.6300,5.7700,5.5500,5.6500,5.7600,10559736,59642294.0000
2019-01-28,sh.600096,5.6400,5.7200,5.5100,5.5400,5.6500,5840100,32669422.0000
2019-01-29,sh.600096,5.5200,5.7000,5.4100,5.6500,5.5400,8224847,46010535.0000
2019-01-30,sh.600096,5.5800,5.7200,5.5100,5.5600,5.6500,4285700,24187055.0000
2019-01-31,sh.600096,5.5200,5.6500,5.4500,5.6000,5.5600,6444503,35767666.0000
2019-02-01,sh.600096,5.6200,5.6600,5.5800,5.6000,5.6000,4949396,27783676.0000
2019-02-11,sh.600096,5.6000,5.7900,5.5700,5.7700,5.6000,6202836,35482085.0000
2019-02-12,sh.600096,5.7700,6.0300,5.7300,6.0300,5.7700,8653364,51260325.0000
2019-02-13,sh.600096,6.0000,6.1600,5.9500,6.0900,6.0300,9126102,55304013.0000
2019-02-14,sh.600096,6.0700,6.0800,5.9200,6.0400,6.0900,7650165,45806070.0000
2019-02-15,sh.600096,6.0100,6.0300,5.8700,5.8800,6.0400,4298543,25603693.0000
2019-02-18,sh.600096,5.9400,6.1300,5.9400,6.0600,5.8800,6619637,40005594.0000
2019-02-19,sh.600096,6.0500,6.1600,5.9600,6.1600,6.0600,7146114,43436270.0000
2019-02-20,sh.600096,6.2300,6.3300,6.0600,6.1200,6.1600,7193858,44415250.0000
2019-02-21,sh.600096,6.0600,6.1400,5.9600,5.9800,6.1200,5408313,32773621.0000
2019-02-22,sh.600096,5.9500,6.0600,5.9000,6.0300,5.9800,6952772,41702486.0000
2019-02-25,sh.600096,6.1000,6.3600,6.0600,6.3200,6.0300,11623668,72518143.0000
2019-02-26,sh.600096,6.3500,6.4800,6.2300,6.3100,6.3200,10788632,68805981.0000
2019-02-27,sh.600096,6.3200,6.4300,6.2300,6.2900,6.3100,9567569,60369861.0000
2019-02-28,sh.600096,6.3000,6.4200,6.2300,6.3200,6.2900,6697718,42447322.0000
2019-03-01,sh.600096,6.4600,6.6200,6.3200,6.4700,6.3200,12903613,83368817.0000
2019-03-04,sh.600096,6.4700,6.7200,6.4700,6.5600,6.4700,12541920,82588331.0000
2019-03-05,sh.600096,6.5600,6.6000,6.4700,6.5700,6.5600,8409508,54952902.0000
2019-03-06,sh.600096,6.6200,6.7300,6.5300,6.7200,6.5700,10075546,66907488.0000
2019-03-07,sh.600096,6.6600,6.9500,6.6200,6.8200,6.7200,12700987,86446968.0000
2019-03-08,sh.600096,6.7400,7.0400,6.5800,6.5800,6.8200,15104906,103336540.0000
2019-03-11,sh.600096,6.5500,7.1200,6.5400,6.8900,6.5800,15498225,106259880.0000
2019-03-12,sh.600096,7.0100,7.0500,6.7300,6.8000,6.8900,16669963,114395178.0000
2019-03-13,sh.600096,6.8100,6.9300,6.6500,6.7000,6.8000,12980164,87856067.0000
2019-03-14,sh.600096,6.6600,6.7500,6.4700,6.5800,6.7000,9405703,61791521.0000
2019-03-15,sh.600096,6.5800,6.6900,6.4500,6.5500,6.5800,9270246,60957018.0000
2019-03-18,sh.600096,6.5400,6.6700,6.5200,6.6600,6.5500,9894327,65364051.0000
2019-03-19,sh.600096,6.6500,6.6900,6.4900,6.5800,6.6600,10238506,67296048.0000
2019-03-20,sh.600096,6.6000,7.0900,6.5200,6.9900,6.5800,22854248,155368172.0000
2019-03-21,sh.600096,6.7600,7.3000,6.7000,7.0700,6.9900,29967251,208913631.0000
2019-03-22,sh.600096,6.9200,7.0200,6.7600,6.9100,7.0700,18178955,125112378.0000
2019-03-25,sh.600096,6.7500,6.9900,6.6700,6.7400,6.9100,10975621,75131718.0000
2019-03-26,sh.600096,6.8600,7.2500,6.6600,7.1200,6.7400,23083106,159944677.0000
2019-03-27,sh.600096,6.9500,7.8300,6.8900,7.7100,7.1200,62025754,471608035.0000
2019-03-28,sh.600096,7.1000,7.2900,6.9400,6.9400,7.7100,45955112,324786333.0000
2019-03-29,sh.600096,6.6700,6.9000,6.5600,6.7800,6.9400,25540447,172584438.0000
2019-04-01,sh.600096,6.8200,7.0600,6.8100,7.0200,6.7800,17960551,125345127.0000
2019-04-02,sh.600096,7.0900,7.1400,6.9000,6.9900,7.0200,21042515,147517238.0000
2019-04-03,sh.600096,6.9500,7.0200,6.8700,6.9900,6.9900,14340860,99600816.0000
2019-04-04,sh.600096,7.0500,7.3600,6.9900,7.3600,6.9900,28711623,206774046.0000
2019-04-08,sh.600096,7.7800,8.1000,7.4900,7.7500,7.3600,57164735,445403290.0000
2019-04-09,sh.600096,7.7400,7.7500,7.3800,7.5800,7.7500,23806942,179366994.0000
2019-04-10,sh.600096,7.5000,7.8800,7.2800,7.7200,7.5800,28592692,218088261.0000
2019-04-11,sh.600096,7.7500,7.8000,7.3100,7.3200,7.7200,20137887,152729850.0000
2019-04-12,sh.600096,7.3500,7.4900,7.1500,7.2800,7.3200,12445760,91244403.0000
2019-04-15,sh.600096,7.3900,7.4300,7.0500,7.1000,7.2800,15263335,110733759.0000
2019-04-16,sh.600096,7.0900,7.4400,7.0500,7.4100,7.1000,14187429,103273650.0000
2019-04-17,sh.600096,7.4500,7.6400,7.2800,7.5600,7.4100,19151920,143658222.0000
2019-04-18,sh.600096,7.7500,8.3200,7.6200,7.9000,7.5600,59077544,475951974.0000
2019-04-19,sh.600096,7.7500,7.9500,7.5000,7.6800,7.9000,33511576,258090804.0000
2019-04-22,sh.600096,7.6200,8.0500,7.5800,7.8600,7.6800,30371596,235835912.0000
2019-04-23,sh.600096,7.7500,8.2500,7.7500,7.8600,7.8600,30283056,242951098.0000
2019-04-24,sh.600096,8.0000,8.0100,7.6900,7.9200,7.8600,16344775,128338455.0000
2019-04-25,sh.600096,7.8500,8.0800,7.5100,7.5700,7.9200,20273781,158922136.0000
2019-04-26,sh.600096,7.5000,8.2800,7.4300,7.9300,7.5700,27701339,216550715.0000
2019-04-29,sh.600096,8.0100,8.0200,7.1400,7.1400,7.9300,31003790,232904027.0000
2019-04-30,sh.600096,6.9700,7.3000,6.8200,6.9700,7.1400,16295919,114716708.0000
2019-05-06,sh.600096,6.6400,6.7800,6.4200,6.5000,6.9700,20020650,132152103.0000
2019-05-07,sh.600096,6.6000,6.6700,6.2000,6.4800,6.5000,15578617,99913480.0000
2019-05-08,sh.600096,6.2900,6.5100,6.2500,6.2800,6.4800,10485102,66746387.0000
2019-05-09,sh.600096,6.2000,6.3900,6.1400,6.2800,6.2800,9005215,56283533.0000
2019-05-10,sh.600096,6.3500,6.5400,6.1400,6.4600,6.2800,13131620,83745434.0000
2019-05-13,sh.600096,6.4000,6.4900,6.2800,6.4500,6.4600,7093758,45373417.0000
2019-05-14,sh.600096,6.3500,6.4600,6.3100,6.3500,6.4500,5213226,33305711.0000
2019-05-15,sh.600096,6.3800,6.4600,6.3500,6.4200,6.3500,6910617,44347336.0000
2019-05-16,sh.600096,6.4200,6.5600,6.2800,6.5000,6.4200,12643123,81104296.0000
2019-05-17,sh.600096,6.4800,6.4800,6.1900,6.2200,6.5000,8654192,54734591.0000
2019-05-20,sh.600096,6.2200,6.2600,5.8600,6.0500,6.2200,9801427,59042062.0000
2019-05-21,sh.600096,6.0500,6.2900,6.0100,6.2500,6.0500,5984003,36951539.0000
2019-05-22,sh.600096,6.2300,6.3300,6.1500,6.1800,6.2500,4313909,26795785.0000
2019-05-23,sh.600096,6.2000,6.2000,5.9000,5.9200,6.1800,8060337,48618800.0000
2019-05-24,sh.600096,5.9700,6.1400,5.9600,6.0400,5.9200,7327900,44290244.0000
2019-05-27,sh.600096,6.0300,6.2600,5.9800,6.2300,6.0400,7443090,45868032.0000
2019-05-28,sh.600096,6.2600,6.4100,6.2200,6.2800,6.2300,8044512,50864266.0000
2019-05-29,sh.600096,6.3000,6.4500,6.2900,6.3800,6.2800,7218794,46048892.0000
2019-05-30,sh.600096,6.3400,6.5000,6.2100,6.4600,6.3800,7315136,46451459.0000
2019-05-31,sh.600096,6.4900,6.4900,6.2900,6.3700,6.4600,5860269,37402378.0000
2019-06-03,sh.600096,6.3500,6.4000,6.1400,6.1600,6.3700,7345321,45772322.0000
2019-06-04,sh.600096,6.2400,6.2500,6.0900,6.1700,6.1600,4496207,27731499.0000
2019-06-05,sh.600096,6.2300,6.2900,6.1400,6.1900,6.1700,4243700,26376861.0000
2019-06-06,sh.600096,6.2000,6.2000,5.9800,5.9900,6.1900,6168372,37504459.0000
2019-06-10,sh.600096,6.0600,6.1600,5.9800,6.1200,5.9900,5560979,33868692.0000
2019-06-11,sh.600096,6.1500,6.2800,6.0900,6.2800,6.1200,9394016,58424122.0000
2019-06-12,sh.600096,6.2500,6.2600,6.1600,6.1900,6.2800,7649586,47472586.0000
2019-06-13,sh.600096,6.1500,6.2500,6.0300,6.1700,6.1900,9998856,61213773.0000
2019-06-14,sh.600096,6.1600,6.1900,5.9400,5.9600,6.1700,9047510,54745039.0000
2019-06-17,sh.600096,5.9700,6.0200,5.7500,5.7700,5.9600,12466870,73053698.0000
2019-06-18,sh.600096,5.8300,5.8800,5.7700,5.8300,5.7700,8319514,48351135.0000
2019-06-19,sh.600096,5.9500,6.1100,5.8800,6.0400,5.8300,13239040,79621782.0000
2019-06-20,sh.600096,5.9600,6.1100,5.9500,6.0800,6.0400,11556100,69862852.0000
2019-06-21,sh.600096,6.1100,6.2200,6.0700,6.1600,6.0800,9217742,56611829.0000
2019-06-24,sh.600096,6.1600,6.2400,6.1300,6.1700,6.1600,6363468,39300172.0000
2019-06-25,sh.600096,6.1500,6.1600,5.9700,6.0200,6.1700,8789638,53109802.0000
2019-06-26,sh.600096,6.0400,6.1300,6.0000,6.0100,6.0200,8756988,52933838.0000
2019-06-27,sh.600096,6.0500,6.1100,5.9800,6.0300,6.0100,7658733,46293261.0000
2019-06-28,sh.600096,6.0500,6.0500,5.9000,5.9600,6.0300,5842700,34852998.0000
2019-07-01,sh.600096,6.0500,6.2000,6.0300,6.1900,5.9600,9575016,58690375.0000
2019-07-02,sh.600096,6.2000,6.2200,6.0500,6.1000,6.1900,9096060,55642012.0000
2019-07-03,sh.600096,6.1100,6.1100,6.0100,6.0400,6.1000,5591748,33784925.0000
2019-07-04,sh.600096,6.0400,6.0700,5.9500,6.0000,6.0400,5428400,32623140.0000
2019-07-05,sh.600096,6.0000,6.0400,5.9600,6.0300,6.0000,3328879,20013520.0000
2019-07-08,sh.600096,6.0300,6.0400,5.7500,5.7900,6.0300,7467185,43603326.0000
2019-07-09,sh.600096,5.8300,6.0200,5.7600,5.9800,5.7900,7337734,43224756.0000
2019-07-10,sh.600096,6.1900,6.3800,6.0600,6.1000,5.9800,22004161,136320210.0000
2019-07-11,sh.600096,6.0500,6.2800,5.9900,6.2600,6.1000,24861100,153852994.0000
2019-07-12,sh.600096,6.5900,6.8900,6.4200,6.8700,6.2600,50781709,337755905.0000
2019-07-15,sh.600096,6.7000,6.7600,6.4700,6.6400,6.8700,42857247,283441268.0000
2019-07-16,sh.600096,6.5900,6.8200,6.5400,6.7600,6.6400,35992135,240629544.0000
2019-07-17,sh.600096,6.6700,6.6900,6.4500,6.4800,6.7600,32661124,213752936.0000
2019-07-18,sh.600096,6.4900,6.5400,6.2700,6.2800,6.4800,27045044,172426221.0000
2019-07-19,sh.600096,6.3100,6.3500,6.1800,6.2400,6.2800,21865311,136993837.0000
2019-07-22,sh.600096,6.2500,6.2500,5.9400,6.0300,6.2400,17643628,106676085.0000
2019-07-23,sh.600096,5.8500,6.1600,5.8500,6.0800,6.0300,18435705,111291919.0000
2019-07-24,sh.600096,6.0700,6.1600,6.0300,6.0900,6.0800,15697502,95525269.0000
2019-07-25,sh.600096,6.0600,6.0600,5.9300,5.9600,6.0900,13006714,77952957.0000
2019-07-26,sh.600096,5.9700,6.0100,5.9200,6.0000,5.9600,8708876,52016612.0000
2019-07-29,sh.600096,5.9800,5.9900,5.8900,5.9200,6.0000,9005024,53451972.0000
2019-07-30,sh.600096,5.9200,5.9900,5.9000,5.9300,5.9200,10023723,59537471.0000
2019-07-31,sh.600096,5.9300,5.9300,5.8100,5.8300,5.9300,12634069,73935004.0000
2019-08-01,sh.600096,5.8200,5.8500,5.7600,5.8400,5.8300,6744674,39204075.0000
2019-08-02,sh.600096,5.7700,5.7800,5.5500,5.6200,5.8400,14302103,81027736.0000
2019-08-05,sh.600096,5.5900,5.5900,5.5100,5.5300,5.6200,9125700,50589198.0000
2019-08-06,sh.600096,5.4000,5.4000,4.9800,5.2200,5.5300,14391858,74963828.0000
2019-08-07,sh.600096,5.2500,5.3000,5.1600,5.1800,5.2200,7004851,36812642.0000
2019-08-08,sh.600096,5.2300,5.2800,5.2100,5.2400,5.1800,4405650,23065292.0000
2019-08-09,sh.600096,5.2800,5.2800,5.1200,5.1400,5.2400,5862644,30484832.0000
2019-08-12,sh.600096,5.2100,5.2700,5.1500,5.1900,5.1400,8575021,44552345.0000
2019-08-13,sh.600096,5.1500,5.2100,5.0700,5.1700,5.1900,8332460,42954573.0000
2019-08-14,sh.600096,5.2600,5.2800,5.2000,5.2000,5.1700,7314715,38296618.0000
2019-08-15,sh.600096,5.0300,5.2800,5.0300,5.2700,5.2000,8967408,46549030.0000
2019-08-16,sh.600096,5.2300,5.3100,5.2200,5.2400,5.2700,6985750,36718523.0000
2019-08-19,sh.600096,5.2600,5.3900,5.2600,5.3800,5.2400,8508234,45387215.0000
2019-08-20,sh.600096,5.4000,5.4100,5.3100,5.3400,5.3800,7264123,38942816.0000
2019-08-21,sh.600096,5.3600,5.6800,5.3500,5.5600,5.3400,20437123,113579072.0000
2019-08-22,sh.600096,5.5200,5.5800,5.3400,5.4500,5.5600,15895814,86411742.0000
2019-08-23,sh.600096,5.4400,5.4500,5.3600,5.4000,5.4500,7499276,40429137.0000
2019-08-26,sh.600096,5.2900,5.3400,5.2200,5.3000,5.4000,6478539,34263564.0000
2019-08-27,sh.600096,5.3400,5.4400,5.3200,5.4000,5.3000,7689028,41450319.0000
2019-08-28,sh.600096,5.3700,5.4900,5.3700,5.4300,5.4000,7886387,42842803.0000
2019-08-29,sh.600096,5.5300,5.5700,5.3800,5.4000,5.4300,10475400,57127864.0000
2019-08-30,sh.600096,5.4200,5.5200,5.2400,5.2900,5.4000,10404138,56086709.0000
2019-09-02,sh.600096,5.3400,5.3800,5.2400,5.3800,5.2900,7773874,41575346.0000
2019-09-03,sh.600096,5.4600,5.6300,5.4600,5.5100,5.3800,18437928,102063663.0000
2019-09-04,sh.600096,5.5000,5.5500,5.4700,5.5200,5.5100,12674951,69819031.0000
2019-09-05,sh.600096,5.5500,5.6300,5.5100,5.5900,5.5200,16129078,89961033.0000
2019-09-06,sh.600096,5.5800,5.6200,5.4900,5.5500,5.5900,11200848,62119206.0000
2019-09-09,sh.600096,5.5800,5.6100,5.5300,5.6100,5.5500,14706246,81894040.0000
2019-09-10,sh.600096,5.6000,5.6800,5.5700,5.6500,5.6100,15641312,87981228.0000
2019-09-11,sh.600096,5.6600,5.6800,5.5900,5.6000,5.6500,11091523,62455021.0000
2019-09-12,sh.600096,5.6100,5.6800,5.5600,5.6600,5.6000,11207935,63020801.0000
2019-09-16,sh.600096,5.6600,5.7100,5.5900,5.6300,5.6600,9392923,53057359.0000
2019-09-17,sh.600096,5.6000,5.6200,5.4500,5.4700,5.6300,10425724,57576047.0000
2019-09-18,sh.600096,5.4800,5.5200,5.4400,5.4500,5.4700,5813316,31801193.0000
2019-09-19,sh.600096,5.4500,5.4900,5.4300,5.4900,5.4500,5343189,29205083.0000
2019-09-20,sh.600096,5.4800,5.5300,5.4600,5.5200,5.4900,5402847,29662355.0000
2019-09-23,sh.600096,5.4900,5.4900,5.3700,5.4100,5.5200,8167938,44104506.0000
2019-09-24,sh.600096,5.4200,5.4300,5.3700,5.3900,5.4100,6806001,36747955.0000
2019-09-25,sh.600096,5.3400,5.3500,5.2500,5.2500,5.3900,6612841,34938764.0000
2019-09-26,sh.600096,5.2500,5.2900,5.1100,5.1300,5.2500,7594451,39484620.0000
2019-09-27,sh.600096,5.1500,5.2300,5.1400,5.1700,5.1300,3595715,18641132.0000
2019-09-30,sh.600096,5.1800,5.2200,5.1400,5.1400,5.1700,3412783,17704028.0000
2019-10-08,sh.600096,5.1600,5.2700,5.1300,5.1500,5.1400,4192541,21798951.0000
2019-10-09,sh.600096,5.1300,5.2700,5.1300,5.2700,5.1500,5188123,27069884.0000
2019-10-10,sh.600096,5.3100,5.3400,5.2400,5.2900,5.2700,5208675,27566739.0000
2019-10-11,sh.600096,5.2800,5.3500,5.2700,5.3100,5.2900,6890935,36605651.0000
2019-10-14,sh.600096,5.3400,5.3900,5.3200,5.3700,5.3100,6475356,34711894.0000
2019-10-15,sh.600096,5.3500,5.3700,5.3100,5.3200,5.3700,4234824,22569329.0000
2019-10-16,sh.600096,5.3400,5.3900,5.2800,5.2900,5.3200,4224782,22577165.0000
2019-10-17,sh.600096,5.2600,5.3300,5.2600,5.2600,5.2900,3931170,20772145.0000
2019-10-18,sh.600096,5.2800,5.3000,5.1500,5.2000,5.2600,4365600,22838103.0000
2019-10-21,sh.600096,5.2100,5.2100,5.1200,5.1700,5.2000,3932600,20219419.0000
2019-10-22,sh.600096,5.1700,5.6900,5.1500,5.6900,5.1700,38490138,217438526.0000
2019-10-23,sh.600096,5.4600,5.6200,5.4500,5.5000,5.6900,41118568,227217248.0000
2019-10-24,sh.600096,5.4100,5.4600,5.2900,5.3500,5.5000,20697646,111339962.0000
2019-10-25,sh.600096,5.3600,5.7800,5.3600,5.6200,5.3500,34813788,193961287.0000
2019-10-28,sh.600096,5.5000,5.6400,5.4400,5.6000,5.6200,23260063,129121495.0000
2019-10-29,sh.600096,5.5500,5.9300,5.5000,5.6600,5.6000,27304172,155107155.0000
2019-10-30,sh.600096,5.6000,5.8300,5.5200,5.6600,5.6600,23492500,133292023.0000
2019-10-31,sh.600096,5.6300,5.7200,5.4600,5.5500,5.6600,15200354,84528618.0000
2019-11-01,sh.600096,5.5200,5.5700,5.4300,5.5500,5.5500,9414919,51917940.0000
2019-11-04,sh.600096,5.5500,5.6200,5.4700,5.5500,5.5500,11257191,62499835.0000
2019-11-05,sh.600096,5.5500,5.5600,5.4500,5.4900,5.5500,13935934,76658609.0000
2019-11-06,sh.600096,5.4900,5.5000,5.2200,5.2700,5.4900,16964636,90595172.0000
2019-11-07,sh.600096,5.2500,5.3000,5.1900,5.2800,5.2700,7089503,37276403.0000
2019-11-08,sh.600096,5.3200,5.3200,5.2200,5.2200,5.2800,6519450,34273862.0000
2019-11-11,sh.600096,5.2000,5.2100,4.9900,5.0200,5.2200,11313238,57494093.0000
2019-11-12,sh.600096,5.0400,5.0500,4.9500,5.0500,5.0200,6300466,31561997.0000
2019-11-13,sh.600096,5.0500,5.0800,5.0000,5.0400,5.0500,4392781,22102275.0000
2019-11-14,sh.600096,5.0400,5.0600,5.0100,5.0400,5.0400,3609844,18176059.0000
2019-11-15,sh.600096,5.0400,5.0700,4.9900,4.9900,5.0400,4141857,20782670.0000
2019-11-18,sh.600096,4.9800,5.0200,4.9200,5.0000,4.9900,4676574,23259794.0000
2019-11-19,sh.600096,5.0000,5.0800,4.9800,5.0800,5.0000,5541007,27986677.0000
2019-11-20,sh.600096,5.0700,5.1000,5.0300,5.0600,5.0800,4143446,20983896.0000
2019-11-21,sh.600096,5.0400,5.0900,5.0100,5.0700,5.0600,3502613,17688812.0000
2019-11-22,sh.600096,5.0700,5.1300,5.0200,5.0300,5.0700,5638241,28586084.0000
2019-11-25,sh.600096,5.0600,5.2600,4.9600,5.1600,5.0300,9981265,51227658.0000
2019-11-26,sh.600096,5.1500,5.1500,5.0700,5.0900,5.1600,5095794,26007763.0000
2019-11-27,sh.600096,5.0800,5.0900,5.0300,5.0500,5.0900,4290798,21696420.0000
2019-11-28,sh.600096,5.0600,5.0700,5.0100,5.0200,5.0500,3445461,17327947.0000
2019-11-29,sh.600096,5.0100,5.0400,4.9800,5.0200,5.0200,3002230,15048327.0000
2019-12-02,sh.600096,5.0200,5.0500,5.0100,5.0400,5.0200,3543184,17838581.0000
2019-12-03,sh.600096,5.0400,5.1700,5.0100,5.1100,5.0400,6947398,35356007.0000
2019-12-04,sh.600096,5.1000,5.1100,5.0400,5.0900,5.1100,4025960,20431793.0000
2019-12-05,sh.600096,5.0900,5.1700,5.0800,5.1300,5.0900,5488138,28061994.0000
2019-12-06,sh.600096,5.1300,5.1500,5.0900,5.1400,5.1300,4159812,21293627.0000
2019-12-09,sh.600096,5.1500,5.1700,5.1100,5.1300,5.1400,5168841,26555226.0000
2019-12-10,sh.600096,5.1400,5.2000,5.1000,5.1700,5.1300,5920660,30534911.0000
2019-12-11,sh.600096,5.1500,5.1800,5.1200,5.1300,5.1700,3940648,20271303.0000
2019-12-12,sh.600096,5.1300,5.1400,5.0500,5.0500,5.1300,6231132,31646531.0000
2019-12-13,sh.600096,5.0700,5.1600,5.0600,5.1100,5.0500,6747681,34466687.0000
2019-12-16,sh.600096,5.0800,5.1400,5.0600,5.1300,5.1100,8682232,44307605.0000
2019-12-17,sh.600096,5.1200,5.2200,5.1000,5.2100,5.1300,12383663,64248193.0000
2019-12-18,sh.600096,5.2100,5.3000,5.1900,5.2400,5.2100,9939957,52043035.0000
2019-12-19,sh.600096,5.2400,5.3100,5.2100,5.2600,5.2400,8532959,44909642.0000
2019-12-20,sh.600096,5.2600,5.3100,5.2000,5.2200,5.2600,8648000,45459650.0000
2019-12-23,sh.600096,5.2000,5.2500,5.1200,5.1400,5.2200,8517405,44229762.0000
2019-12-24,sh.600096,5.1400,5.2400,5.1200,5.2200,5.1400,7915358,41125999.0000
2019-12-25,sh.600096,5.2100,5.2800,5.1600,5.2400,5.2200,8698641,45368430.0000
2019-12-26,sh.600096,5.2200,5.2800,5.2000,5.2700,5.2400,8838033,46340881.0000
2019-12-27,sh.600096,5.2700,5.3300,5.2400,5.2400,5.2700,11449200,60495122.0000
2019-12-30,sh.600096,5.1900,5.2800,5.1200,5.2700,5.2400,10969835,57068100.0000
2019-12-31,sh.600096,5.2500,5.3300,5.2500,5.3000,5.2700,7961535,42124743.0000
2020-01-02,sh.600096,5.3500,5.3800,5.3100,5.3700,5.3000,10959472,58713526.0000
2020-01-03,sh.600096,5.3800,5.5100,5.3300,5.4700,5.3700,15617470,85026417.0000
2020-01-06,sh.600096,5.4500,5.5400,5.3500,5.5200,5.4700,16322447,89098716.0000
2020-01-07,sh.600096,5.4600,5.5300,5.4300,5.5000,5.5200,14040919,76960745.0000
2020-01-08,sh.600096,5.4400,5.4800,5.3500,5.3800,5.5000,13579604,73631182.0000
2020-01-09,sh.600096,5.4300,5.4500,5.3700,5.4300,5.3800,9480493,51345574.0000
2020-01-10,sh.600096,5.4300,5.7100,5.3900,5.5800,5.4300,26082105,145155477.0000
2020-01-13,sh.600096,5.5700,5.6400,5.5200,5.6100,5.5800,12486170,69827252.0000
2020-01-14,sh.600096,5.6100,5.6500,5.5000,5.6300,5.6100,12985504,72736564.0000
2020-01-15,sh.600096,5.6100,5.6200,5.4800,5.5100,5.6300,10196795,56381501.0000
2020-01-16,sh.600096,5.5300,5.8000,5.5200,5.6100,5.5100,16601536,93881500.0000
2020-01-17,sh.600096,5.6000,5.6700,5.4800,5.5000,5.6100,10330620,57413947.0000
2020-01-20,sh.600096,5.5000,5.5000,5.4300,5.5000,5.5000,7454903,40785143.0000
2020-01-21,sh.600096,5.4600,5.5000,5.4000,5.4100,5.5000,7391677,40194143.0000
2020-01-22,sh.600096,5.3800,5.4000,5.2700,5.3900,5.4100,7348135,39238648.0000
2020-01-23,sh.600096,5.3300,5.3800,5.1200,5.1800,5.3900,10135707,53090471.0000
2020-02-03,sh.600096,4.6600,4.6600,4.6600,4.6600,5.1800,2958000,13784280.0000
2020-02-04,sh.600096,4.2600,4.5700,4.2600,4.4800,4.6600,17494450,78223723.0000
2020-02-05,sh.600096,4.5000,4.6700,4.4900,4.5800,4.4800,14559088,66568651.0000
2020-02-06,sh.600096,4.6000,4.7300,4.5600,4.7000,4.5800,12984149,60455916.0000
2020-02-07,sh.600096,4.6800,4.7300,4.6100,4.6600,4.7000,10177989,47430606.0000
2020-02-10,sh.600096,4.6100,4.9000,4.6100,4.8900,4.6600,17944327,86053155.0000
2020-02-11,sh.600096,4.8900,4.8900,4.8000,4.8200,4.8900,10259449,49680498.0000
2020-02-12,sh.600096,4.8200,5.0600,4.8000,5.0600,4.8200,18076947,89759335.0000
2020-02-13,sh.600096,5.3800,5.5700,5.2800,5.5700,5.0600,44597762,247228882.0000
2020-02-14,sh.600096,5.6300,6.1000,5.4600,5.9900,5.5700,89057636,510666917.0000
2020-02-17,sh.600096,5.8800,6.3000,5.7800,6.0500,5.9900,79398330,483338056.0000
2020-02-18,sh.600096,5.9000,5.9700,5.7100,5.9000,6.0500,49563004,288739063.0000
2020-02-19,sh.600096,5.9200,5.9200,5.6600,5.7000,5.9000,39631855,227535421.0000
2020-02-20,sh.600096,5.7000,5.7700,5.5700,5.6900,5.7000,33235036,188646974.0000
2020-02-21,sh.600096,5.6900,5.8400,5.6800,5.7800,5.6900,39039989,225104966.0000
2020-02-24,sh.600096,5.6800,6.0000,5.6200,5.8100,5.7800,37777406,218305458.0000
2020-02-25,sh.600096,5.6000,5.7500,5.5200,5.6500,5.8100,27570494,155719824.0000
2020-02-26,sh.600096,5.6200,5.9000,5.5700,5.7000,5.6500,34394013,197898924.0000
2020-02-27,sh.600096,5.7300,6.0000,5.6600,5.8900,5.7000,39101883,227733960.0000
2020-02-28,sh.600096,5.5200,5.9800,5.5200,5.5900,5.8900,41989899,243293042.0000
2020-03-02,sh.600096,5.5600,6.0900,5.5600,6.0300,5.5900,47321815,280310391.0000
2020-03-03,sh.600096,6.1500,6.2800,5.9000,6.0700,6.0300,49167256,297302568.0000
2020-03-04,sh.600096,6.0600,6.1500,5.8000,6.1400,6.0700,42359427,253819189.0000
2020-03-05,sh.600096,6.1900,6.3700,6.1000,6.3000,6.1400,53464639,333754202.0000
2020-03-06,sh.600096,6.2200,6.4100,6.1500,6.1600,6.3000,34709167,216695594.0000
2020-03-09,sh.600096,6.0600,6.1300,5.7800,5.7800,6.1600,34853897,206701604.0000
2020-03-10,sh.600096,5.6300,5.8000,5.4400,5.7300,5.7800,32121922,180909216.0000
2020-03-11,sh.600096,5.7000,5.7900,5.5800,5.6100,5.7300,19775543,112466347.0000
2020-03-12,sh.600096,5.5100,5.5900,5.3300,5.3700,5.6100,21014246,114276618.0000
2020-03-13,sh.600096,5.0700,5.2900,5.0100,5.2200,5.3700,18526078,95533026.0000
2020-03-16,sh.600096,5.2900,5.3800,5.0300,5.0400,5.2200,16494577,86296615.0000
2020-03-17,sh.600096,5.0600,5.1700,4.8900,5.0900,5.0400,14266563,71910887.0000
2020-03-18,sh.600096,5.1300,5.2100,4.9800,4.9900,5.0900,13993395,71566535.0000
2020-03-19,sh.600096,4.9900,5.1600,4.9000,5.1300,4.9900,14852781,75175632.0000
2020-03-20,sh.600096,5.1200,5.2100,5.1000,5.2000,5.1300,12242321,63105419.0000
2020-03-23,sh.600096,5.1200,5.1600,5.0000,5.0300,5.2000,9440057,47931697.0000
2020-03-24,sh.600096,5.1100,5.1500,5.0300,5.1400,5.0300,9101990,46423633.0000
2020-03-25,sh.600096,5.2000,5.2300,5.1600,5.2200,5.1400,13023210,67683949.0000
2020-03-26,sh.600096,5.2000,5.3200,5.1500,5.2400,5.2200,16332704,85792834.0000
2020-03-27,sh.600096,5.2800,5.3100,5.1600,5.1600,5.2400,10542892,55156576.0000
2020-03-30,sh.600096,5.1300,5.3500,5.0700,5.3000,5.1600,19713842,103390012.0000
2020-03-31,sh.600096,5.3100,5.6600,5.2500,5.6000,5.3000,30113941,164720929.0000
2020-04-01,sh.600096,5.6000,5.7000,5.3600,5.3700,5.6000,22670040,124636048.0000
2020-04-02,sh.600096,5.3400,5.3700,5.1600,5.3600,5.3700,14630077,77278931.0000
2020-04-03,sh.600096,5.3100,5.5200,5.2600,5.4100,5.3600,19316516,104360037.0000
2020-04-07,sh.600096,5.5100,5.8200,5.4200,5.7100,5.4100,33750663,191282829.0000
2020-04-08,sh.600096,5.6600,5.7300,5.5100,5.5800,5.7100,23043917,129433275.0000
2020-04-09,sh.600096,5.5900,5.6500,5.5100,5.5400,5.5800,16804864,93627197.0000
2020-04-10,sh.600096,5.5200,5.5600,5.2900,5.3000,5.5400,17725539,95430031.0000
2020-04-13,sh.600096,5.2700,5.3300,5.1800,5.2500,5.3000,11051500,57974654.0000
2020-04-14,sh.600096,5.2500,5.3200,5.2300,5.3100,5.2500,8941645,47173287.0000
2020-04-15,sh.600096,5.3000,5.3100,5.2100,5.2200,5.3100,9650693,50661360.0000
2020-04-16,sh.600096,5.2000,5.2300,5.1500,5.2100,5.2200,8953988,46510888.0000
2020-04-17,sh.600096,5.2300,5.2900,5.1500,5.1500,5.2100,9413088,48972292.0000
2020-04-20,sh.600096,5.1800,5.2400,5.1300,5.1900,5.1500,7703357,39925013.0000
2020-04-21,sh.600096,5.1700,5.1700,5.0400,5.0800,5.1900,9976878,50679118.0000
2020-04-22,sh.600096,5.0700,5.2500,5.0400,5.2000,5.0800,11803698,61035086.0000
2020-04-23,sh.600096,5.2100,5.4100,5.1800,5.3400,5.2000,22266398,118555614.0000
2020-04-24,sh.600096,5.2900,5.3700,5.1500,5.1700,5.3400,14040699,73699232.0000
2020-04-27,sh.600096,5.1500,5.2300,5.0800,5.1100,5.1700,8567952,44159654.0000
2020-04-28,sh.600096,5.0600,5.1000,4.7700,4.9400,5.1100,15206225,75136769.0000
2020-04-29,sh.600096,4.9300,4.9800,4.6900,4.7300,4.9400,17742053,85340964.0000
2020-04-30,sh.600096,4.7500,4.8000,4.7000,4.7800,4.7300,10724700,51118299.0000
2020-05-06,sh.600096,4.7400,4.8400,4.6800,4.8300,4.7800,7513032,36003056.0000
2020-05-07,sh.600096,4.8300,4.9100,4.8000,4.8300,4.8300,8103836,39295148.0000
2020-05-08,sh.600096,4.8500,4.9000,4.8200,4.8800,4.8300,8091311,39345705.0000
2020-05-11,sh.600096,4.9000,4.9200,4.7600,4.8100,4.8800,8723416,42154382.0000
2020-05-12,sh.600096,4.8200,4.8200,4.6900,4.7400,4.8100,8213543,38926874.0000
2020-05-13,sh.600096,4.7300,4.8900,4.6800,4.8600,4.7400,10139946,48697744.0000
2020-05-14,sh.600096,4.8300,4.8600,4.7100,4.7300,4.8600,7701711,36738661.0000
2020-05-15,sh.600096,4.7500,4.7800,4.7300,4.7600,4.7300,4894354,23274663.0000
2020-05-18,sh.600096,4.7700,4.8900,4.7200,4.8500,4.7600,9111476,43971245.0000
2020-05-19,sh.600096,4.8900,4.8900,4.8200,4.8600,4.8500,6031479,29255602.0000
2020-05-20,sh.600096,4.8300,4.9200,4.8100,4.8700,4.8600,6844716,33312790.0000
2020-05-21,sh.600096,4.8700,4.9100,4.7300,4.7800,4.8700,6943561,33360233.0000
2020-05-22,sh.600096,4.7700,4.7800,4.6800,4.7300,4.7800,4988119,23598803.0000
2020-05-25,sh.600096,4.7100,4.7500,4.6800,4.7100,4.7300,3968947,18714846.0000
2020-05-26,sh.600096,4.7100,4.7900,4.7100,4.7600,4.7100,3997401,18995196.0000
2020-05-27,sh.600096,4.7700,4.8700,4.7300,4.8100,4.7600,7452379,35900286.0000
2020-05-28,sh.600096,4.8300,4.8500,4.7100,4.7800,4.8100,4801181,22914165.0000
2020-05-29,sh.600096,4.7700,4.8500,4.7100,4.7900,4.7800,4531778,21695778.0000
2020-06-01,sh.600096,4.8000,4.9000,4.7900,4.9000,4.7900,9782372,47518164.0000
2020-06-02,sh.600096,4.8800,4.9200,4.8600,4.9000,4.9000,6921759,33856362.0000
2020-06-03,sh.600096,4.9200,4.9400,4.8600,4.8700,4.9000,6707805,32873541.0000
2020-06-04,sh.600096,4.8700,4.9300,4.8200,4.8800,4.8700,7213622,35196499.0000
2020-06-05,sh.600096,4.8800,4.9200,4.8400,4.8900,4.8800,6699984,32700406.0000
2020-06-08,sh.600096,4.9200,4.9300,4.8000,4.8100,4.8900,7786859,37752575.0000
2020-06-09,sh.600096,4.8100,4.8400,4.7500,4.7900,4.8100,5199615,24923227.0000
2020-06-10,sh.600096,4.7900,4.9300,4.7600,4.9000,4.7900,10789815,52548287.0000
2020-06-11,sh.600096,4.9000,4.9500,4.8300,4.8300,4.9000,8135800,39725459.0000
2020-06-12,sh.600096,4.7500,4.8300,4.7100,4.8000,4.8300,8090060,38546159.0000
2020-06-15,sh.600096,4.8200,4.8300,4.7300,4.7400,4.8000,5655400,27014090.0000
2020-06-16,sh.600096,4.7600,4.8000,4.7500,4.7800,4.7400,4644800,22162948.0000
2020-06-17,sh.600096,4.7800,4.7900,4.7100,4.7600,4.7800,5855874,27775049.0000
2020-06-18,sh.600096,4.7600,4.7900,4.7300,4.7700,4.7600,6356736,30276975.0000
2020-06-19,sh.600096,4.7700,4.7800,4.7400,4.7800,4.7700,5413497,25804830.0000
2020-06-22,sh.600096,4.7800,4.8500,4.7600,4.8300,4.7800,7507573,36098605.0000
2020-06-23,sh.600096,4.8400,4.8400,4.7700,4.7800,4.8300,4468174,21439456.0000
2020-06-24,sh.600096,4.8000,4.8000,4.7200,4.7400,4.7800,5554802,26361885.0000
2020-06-29,sh.600096,4.7400,4.7600,4.7100,4.7200,4.7400,4799700,22678870.0000
2020-06-30,sh.600096,4.7200,4.7600,4.7200,4.7500,4.7200,4368800,20688378.0000
2020-07-01,sh.600096,4.7300,4.7500,4.7200,4.7500,4.7500,4656744,22061316.0000
2020-07-02,sh.600096,4.7500,4.8500,4.7300,4.8400,4.7500,10954662,52636360.0000
2020-07-03,sh.600096,4.8500,5.0000,4.8400,4.9600,4.8400,15855949,78125454.0000
2020-07-06,sh.600096,4.9900,5.1500,4.9600,5.1300,4.9600,19005265,96561585.0000
2020-07-07,sh.600096,5.2000,5.2400,5.0700,5.1100,5.1300,18414434,94795925.0000
2020-07-08,sh.600096,5.0500,5.1800,5.0000,5.1700,5.1100,24425049,124444789.0000
2020-07-09,sh.600096,5.1800,5.2800,5.1600,5.2500,5.1700,22183021,115866726.0000
2020-07-10,sh.600096,5.2500,5.2800,5.1300,5.1400,5.2500,18914602,98453672.0000
2020-07-13,sh.600096,5.1400,5.3700,5.1300,5.3400,5.1400,19614231,103539250.0000
2020-07-14,sh.600096,5.3400,5.4300,5.2000,5.2900,5.3400,16086176,85154037.0000
2020-07-15,sh.600096,5.3200,5.4600,5.2000,5.2700,5.2900,21222179,112618166.0000
2020-07-16,sh.600096,5.4100,5.5300,5.1600,5.1600,5.2700,27792602,148367202.0000
2020-07-17,sh.600096,5.1700,5.2400,5.0500,5.0900,5.1600,15456715,79332714.0000
2020-07-20,sh.600096,5.0800,5.4800,5.0800,5.3400,5.0900,23447280,123486575.0000
2020-07-21,sh.600096,5.3000,5.4500,5.3000,5.3500,5.3400,20788739,111627720.5500
2020-07-22,sh.600096,5.3500,5.4500,5.2600,5.2900,5.3500,22794145,121915773.2900
2020-07-23,sh.600096,5.2900,5.2900,5.1000,5.1800,5.2900,16533843,85710597.4100
2020-07-24,sh.600096,5.1700,5.2500,5.0100,5.0600,5.1800,16126600,82623107.0000
2020-07-27,sh.600096,5.0900,5.1700,4.9700,5.1400,5.0600,12253597,62487372.4000
2020-07-28,sh.600096,5.1400,5.2700,5.1200,5.1700,5.1400,10628201,55260677.9300
2020-07-29,sh.600096,5.1800,5.2200,5.1000,5.2200,5.1700,10464568,54104140.1000
2020-07-30,sh.600096,5.2300,5.3100,5.2000,5.2500,5.2200,15027602,78952748.3200
2020-07-31,sh.600096,5.2400,5.2900,5.1500,5.2400,5.2500,12992089,67768563.7500
2020-08-03,sh.600096,5.3000,5.7600,5.2900,5.7600,5.2400,51785305,289497588.1700
2020-08-04,sh.600096,5.7800,6.0500,5.6400,5.6900,5.7600,42422741,246730272.7400
2020-08-05,sh.600096,5.6700,5.7800,5.5900,5.6800,5.6900,29139662,165510291.1300
2020-08-06,sh.600096,5.6800,5.6900,5.4700,5.5300,5.6800,23211267,128997572.4300
2020-08-07,sh.600096,5.5900,5.6000,5.3600,5.4600,5.5300,29085331,158426727.6700
2020-08-10,sh.600096,5.4200,5.5900,5.4100,5.5300,5.4600,20423553,112534692.7300
2020-08-11,sh.600096,5.5400,5.7200,5.4400,5.5000,5.5300,25436864,141371695.4300
2020-08-12,sh.600096,5.4800,5.7200,5.4600,5.7100,5.5000,31314690,175729958.8900
2020-08-13,sh.600096,5.7100,5.9700,5.6200,5.8300,5.7100,41898419,243325449.5100
2020-08-14,sh.600096,5.7900,5.9100,5.6600,5.7200,5.8300,30319207,174733871.8200
2020-08-17,sh.600096,5.7000,6.0900,5.6200,5.9700,5.7200,36039210,212630541.7800
2020-08-18,sh.600096,5.9100,6.2200,5.8300,6.1500,5.9700,49578888,300283367.6700
2020-08-19,sh.600096,6.1200,6.2900,6.0000,6.0100,6.1500,33837736,207712517.7000
2020-08-20,sh.600096,5.9900,6.1400,5.8800,5.9700,6.0100,16922947,101588448.7800
2020-08-21,sh.600096,6.0400,6.0600,5.8700,5.9200,5.9700,11704689,69662952.1200
2020-08-24,sh.600096,5.9700,6.0900,5.8800,5.9500,5.9200,11846955,70757231.6000
2020-08-25,sh.600096,5.9700,6.0200,5.8100,5.8300,5.9500,13382200,78685361.0800
2020-08-26,sh.600096,5.8000,5.8800,5.6400,5.6700,5.8300,14672151,84181046.3300
2020-08-27,sh.600096,5.7000,5.7600,5.6100,5.6900,5.6700,7337999,41804091.3600
2020-08-28,sh.600096,5.6900,5.7400,5.6300,5.7400,5.6900,7089418,40315096.3600
2020-08-31,sh.600096,5.7800,5.8400,5.7000,5.7100,5.7400,7129511,41147689.8600
2020-09-01,sh.600096,5.7400,5.7500,5.5100,5.6500,5.7100,12239858,68574967.9000
2020-09-02,sh.600096,5.6600,5.7000,5.5800,5.6500,5.6500,6905377,38992208.9600
2020-09-03,sh.600096,5.6500,5.6600,5.5600,5.5800,5.6500,6827505,38265492.1500
2020-09-04,sh.600096,5.5000,5.5400,5.4500,5.5200,5.5800,5715501,31356958.8000
2020-09-07,sh.600096,5.5200,5.5600,5.4000,5.4200,5.5200,6994900,38399094.0000
2020-09-08,sh.600096,5.4300,5.4600,5.3600,5.4600,5.4200,9128451,49443506.1900
2020-09-09,sh.600096,5.4000,5.5400,5.3600,5.4200,5.4600,8628555,47026761.1500
2020-09-10,sh.600096,5.4500,5.4800,5.2300,5.2500,5.4200,8639697,46220628.8100
2020-09-11,sh.600096,5.2500,5.2800,5.1800,5.2800,5.2500,6679297,34933005.2900
2020-09-14,sh.600096,5.3000,5.3200,5.2000,5.2800,5.2800,8640996,45491662.9200
2020-09-15,sh.600096,5.2900,5.2900,5.2100,5.2400,5.2800,4963200,25980775.0000
2020-09-16,sh.600096,5.2300,5.2600,5.1500,5.1800,5.2400,6138658,31888595.5800
2020-09-17,sh.600096,5.1900,5.2500,5.1500,5.1900,5.1800,5893704,30574654.4100
2020-09-18,sh.600096,5.1900,5.3000,5.1800,5.2800,5.1900,6797589,35616166.1100
2020-09-21,sh.600096,5.2800,5.3400,5.2500,5.2600,5.2800,6135427,32412445.1200
2020-09-22,sh.600096,5.2700,5.2700,5.0900,5.1200,5.2600,8360567,43252478.8100
2020-09-23,sh.600096,5.1100,5.1400,5.0500,5.0800,5.1200,6181933,31499885.8200
2020-09-24,sh.600096,5.0000,5.0700,4.9600,5.0000,5.0800,8516002,42639494.0200
2020-09-25,sh.600096,5.0000,5.0400,4.9500,4.9900,5.0000,4298041,21462859.3500
2020-09-28,sh.600096,4.9800,5.0500,4.9200,4.9300,4.9900,4469901,22180449.9200
2020-09-29,sh.600096,4.9500,4.9900,4.9300,4.9400,4.9300,3782201,18715411.9300
2020-09-30,sh.600096,4.9400,4.9700,4.9000,4.9600,4.9400,3970038,19600411.1700
2020-10-09,sh.600096,5.0200,5.0900,5.0000,5.0500,4.9600,4949031,24994923.6200
2020-10-12,sh.600096,5.0600,5.1700,5.0500,5.1600,5.0500,6879413,35239005.5400
2020-10-13,sh.600096,5.1600,5.1600,5.0800,5.1200,5.1600,4199159,21469466.6300
2020-10-14,sh.600096,5.0900,5.1200,5.0400,5.0600,5.1200,3614813,18333429.6900
2020-10-15,sh.600096,5.0400,5.1100,5.0400,5.0800,5.0600,3016619,15309731.3600
2020-10-16,sh.600096,5.0800,5.0800,5.0200,5.0500,5.0800,3089055,15587392.9500
2020-10-19,sh.600096,5.0900,5.1400,5.0500,5.1200,5.0500,5181926,26391032.8100
2020-10-20,sh.600096,5.1000,5.1200,5.0600,5.1100,5.1200,3104500,15785187.0000
2020-10-21,sh.600096,5.1000,5.1200,4.9900,5.0500,5.1100,4766784,23986066.8400
2020-10-22,sh.600096,5.0300,5.0400,4.9800,5.0000,5.0500,2396700,12009043.0000
2020-10-23,sh.600096,5.0200,5.0400,4.9300,4.9400,5.0000,5277429,26226843.9700
2020-10-26,sh.600096,4.9400,4.9800,4.9000,4.9600,4.9400,2963224,14656304.0000
2020-10-27,sh.600096,4.9400,4.9700,4.8900,4.9700,4.9600,3297100,16258804.0000
2020-10-28,sh.600096,4.9800,5.2300,4.9800,5.1800,4.9700,18107788,93035177.7800
2020-10-29,sh.600096,5.1300,5.1300,5.0300,5.0500,5.1800,9999033,50762271.3600
2020-10-30,sh.600096,5.0600,5.1400,4.9900,5.0300,5.0500,10199712,51643267.6000
2020-11-02,sh.600096,5.0000,5.0900,4.9400,5.0700,5.0300,9625929,48337377.4900
2020-11-03,sh.600096,5.0800,5.1700,5.0600,5.1600,5.0700,12084113,61852637.7300
2020-11-04,sh.600096,5.1700,5.1700,5.0400,5.0900,5.1600,8313864,42293950.2300
2020-11-05,sh.600096,5.1100,5.1700,5.1100,5.1300,5.0900,9265302,47528897.2500
2020-11-06,sh.600096,5.1500,5.2900,5.1000,5.2700,5.1300,17040350,88415297.6500
2020-11-09,sh.600096,5.3100,5.3800,5.2400,5.3200,5.2700,18631792,98816308.9700
2020-11-10,sh.600096,5.3200,5.4600,5.3000,5.3600,5.3200,15471375,83281876.0600
2020-11-11,sh.600096,5.3600,5.5100,5.3300,5.4500,5.3600,19123605,104055567.2400
2020-11-12,sh.600096,5.4500,5.8000,5.4000,5.7800,5.4500,34304881,193465168.6000
2020-11-13,sh.600096,5.6700,5.7300,5.5600,5.6400,5.7800,21616638,122013162.8900
2020-11-16,sh.600096,5.6700,5.8200,5.5700,5.7900,5.6400,27261207,155263394.3700
2020-11-17,sh.600096,5.7600,5.7600,5.5100,5.5700,5.7900,18799592,106140938.4100
2020-11-18,sh.600096,5.5600,5.7900,5.5600,5.7300,5.5700,19370960,110075121.0200
2020-11-19,sh.600096,5.7300,5.7800,5.5700,5.6600,5.7300,14889612,83972070.7500
2020-11-20,sh.600096,5.6700,5.7200,5.5100,5.6800,5.6600,16815543,94657738.9800
2020-11-23,sh.600096,5.8300,5.9100,5.7100,5.7600,5.6800,27513417,159807606.0900
2020-11-24,sh.600096,5.7900,5.9200,5.7200,5.9000,5.7600,25087635,146194080.1500
2020-11-25,sh.600096,5.8600,5.8800,5.6000,5.6000,5.9000,24388055,139551449.7000
2020-11-26,sh.600096,5.5800,5.6600,5.5400,5.5600,5.6000,11312971,63174430.4600
2020-11-27,sh.600096,5.5500,5.6100,5.4000,5.5000,5.5600,14800719,81292275.3000
2020-11-30,sh.600096,5.5900,5.9000,5.5400,5.6800,5.5000,27409489,156421313.8800
2020-12-01,sh.600096,5.6900,5.7500,5.5200,5.7100,5.6800,18388101,103723875.7000
2020-12-02,sh.600096,5.7500,5.7700,5.6200,5.6500,5.7100,13708844,77863132.0600
2020-12-03,sh.600096,5.6800,5.8800,5.6400,5.7000,5.6500,18928124,108233522.3600
2020-12-04,sh.600096,5.6300,5.9000,5.6000,5.9000,5.7000,23799575,137241627.7000
2020-12-07,sh.600096,5.9000,6.1600,5.8500,6.0400,5.9000,41884201,252654032.3700
2020-12-08,sh.600096,6.0300,6.0400,5.9000,5.9100,6.0400,19667177,117252113.7000
2020-12-09,sh.600096,5.9300,5.9900,5.7000,5.7300,5.9100,19806200,115560237.0000
2020-12-10,sh.600096,5.7200,5.8200,5.6800,5.7300,5.7300,13543641,78041906.1500
2020-12-11,sh.600096,5.7300,5.9000,5.5900,5.7500,5.7300,17920794,103239225.5900
2020-12-14,sh.600096,5.7500,5.7600,5.5000,5.5800,5.7500,15607701,87709584.1800
2020-12-15,sh.600096,5.5700,5.6300,5.5100,5.6100,5.5800,9155279,51056578.8200
2020-12-16,sh.600096,5.5700,5.7800,5.4300,5.7100,5.6100,18011482,101471642.9000
2020-12-17,sh.600096,5.6900,5.7500,5.5300,5.7100,5.7100,12463923,70524587.9200
2020-12-18,sh.600096,5.7000,5.9500,5.6900,5.9100,5.7100,19529962,113985133.0600
2020-12-21,sh.600096,5.8800,6.1100,5.8200,6.0200,5.9100,26080221,156709994.6100
2020-12-22,sh.600096,5.9700,6.1000,5.8700,5.9000,6.0200,25236034,150482452.8900
2020-12-23,sh.600096,5.8900,6.0600,5.8300,6.0000,5.9000,24411502,145450691.8700
2020-12-24,sh.600096,6.0000,6.0600,5.8200,5.9400,6.0000,22718387,134654954.8600
2020-12-25,sh.600096,5.9000,5.9000,5.6700,5.8100,5.9400,22055125,127401009.2000
2020-12-28,sh.600096,5.8000,6.2500,5.7100,5.8600,5.8100,47559580,283052246.2100
2020-12-29,sh.600096,5.7500,5.8200,5.5600,5.6300,5.8600,28210679,160250784.1200
2020-12-30,sh.600096,5.6200,6.1900,5.6000,6.0700,5.6300,72773895,439964708.5900
2020-12-31,sh.600096,6.0700,6.1400,5.9900,6.0700,6.0700,42470823,257329579.0200
2021-01-04,sh.600096,6.0600,6.2600,6.0400,6.1600,6.0700,38502509,237413977.3500
2021-01-05,sh.600096,6.2000,6.2800,6.0800,6.2400,6.1600,30551638,188673185.3900
2021-01-06,sh.600096,6.2800,6.2800,5.9200,6.0100,6.2400,34730887,209180914.1400
2021-01-07,sh.600096,5.9800,6.1200,5.8700,5.9400,6.0100,28897894,172857699.5500
2021-01-08,sh.600096,5.9500,5.9900,5.7100,5.9000,5.9400,22636658,132112759.7900
2021-01-11,sh.600096,5.8600,5.9300,5.6000,5.6600,5.9000,24478238,140902915.2200
2021-01-12,sh.600096,5.6800,5.8700,5.6400,5.7500,5.6600,16727269,96545519.3600
2021-01-13,sh.600096,5.7500,6.1600,5.7500,5.9200,5.7500,28884620,172524138.9700
2021-01-14,sh.600096,5.8500,6.1400,5.8000,5.9800,5.9200,28551419,171257001.0000
2021-01-15,sh.600096,6.0000,6.0300,5.7400,5.8700,5.9800,26680556,156423287.5200
2021-01-18,sh.600096,5.8600,6.4600,5.8400,6.4600,5.8700,36425021,231426796.9800
2021-01-19,sh.600096,6.6500,6.7800,6.3400,6.3700,6.4600,70817912,464555677.7100
2021-01-20,sh.600096,6.2900,6.5000,6.2600,6.4300,6.3700,41389227,263798874.3400
2021-01-21,sh.600096,6.4300,6.6800,6.3900,6.4700,6.4300,43767877,286317115.0500
2021-01-22,sh.600096,6.3500,6.7700,6.3300,6.6700,6.4700,55796481,365420182.7700
2021-01-25,sh.600096,6.6000,7.1700,6.5700,7.0100,6.6700,70176571,485560329.6100
2021-01-26,sh.600096,6.9600,7.2100,6.8500,6.8900,7.0100,54627760,382888122.6300
2021-01-27,sh.600096,6.8900,7.2800,6.8800,7.2100,6.8900,49482137,351983230.5900
2021-01-28,sh.600096,7.1000,7.1600,6.7600,6.7700,7.2100,46310997,320748152.9100
2021-01-29,sh.600096,6.7900,6.9900,6.5700,6.7900,6.7700,37159841,252814339.2700
2021-02-01,sh.600096,6.7700,7.1100,6.7300,7.0600,6.7900,37502744,261091810.5200
2021-02-02,sh.600096,7.0000,7.0800,6.7000,6.8700,7.0600,38270279,261882835.4100
2021-02-03,sh.600096,6.8700,7.4700,6.7400,7.2400,6.8700,62026303,440239769.4200
2021-02-04,sh.600096,7.1500,7.6000,7.0300,7.5100,7.2400,67757163,492605280.0100
2021-02-05,sh.600096,7.4100,7.4500,6.7600,6.7600,7.5100,62809277,445353351.2700
2021-02-08,sh.600096,6.7600,7.2200,6.6800,7.0400,6.7600,43478761,303117978.3700
2021-02-09,sh.600096,7.1000,7.4000,7.0600,7.3100,7.0400,43989955,318276856.9000
2021-02-10,sh.600096,7.2700,7.6500,7.2000,7.5400,7.3100,45483783,339470171.9000
2021-02-18,sh.600096,7.8200,8.1500,7.6600,8.0800,7.5400,61853152,490880816.0300
2021-02-19,sh.600096,8.0600,8.2000,7.7800,8.0200,8.0800,48816639,390161113.6200
2021-02-22,sh.600096,8.4600,8.8200,8.2200,8.3200,8.0200,100508794,866511593.4200
2021-02-23,sh.600096,8.3500,9.1500,8.2500,9.1500,8.3200,88309721,781909635.2600
2021-02-24,sh.600096,9.0000,9.5300,8.6300,9.3700,9.1500,85943724,772981870.7900
2021-02-25,sh.600096,9.3800,9.4800,8.7000,8.9900,9.3700,72668350,653176761.6600
2021-02-26,sh.600096,8.5600,8.7900,8.3100,8.4500,8.9900,48871387,417512578.6300
2021-03-01,sh.600096,8.4900,8.8700,8.4300,8.8400,8.4500,39921199,348114069.2300
2021-03-02,sh.600096,8.9800,9.0000,8.0000,8.1500,8.8400,49962915,418178499.2200
2021-03-03,sh.600096,8.1800,8.5500,8.1800,8.4400,8.1500,35355115,297160114.7900
2021-03-04,sh.600096,8.3700,8.4700,7.9600,8.1700,8.4400,40821233,334696681.7700
2021-03-05,sh.600096,8.2200,8.3000,7.8000,8.1100,8.1700,31988894,257838738.6100
2021-03-08,sh.600096,8.2000,8.4700,7.9000,7.9100,8.1100,33730094,275108370.1200
2021-03-09,sh.600096,7.9900,8.0200,7.3400,7.7200,7.9100,30960231,239716455.8000
2021-03-10,sh.600096,7.7900,7.8200,7.3800,7.5000,7.7200,26678257,202581287.5100
2021-03-11,sh.600096,7.5100,7.7800,7.5100,7.7400,7.5000,22861700,175606421.4100
2021-03-12,sh.600096,7.8900,8.0500,7.5700,7.9500,7.7400,30033058,235526056.2400
2021-03-15,sh.600096,7.8400,8.2000,7.7800,7.9800,7.9500,42894820,343018896.6700
2021-03-16,sh.600096,8.1000,8.3400,8.0000,8.1200,7.9800,48382171,395982478.0600
2021-03-17,sh.600096,8.2300,8.3000,7.9800,8.0500,8.1200,33530265,272458504.2300
2021-03-18,sh.600096,8.1000,8.3700,7.8800,8.2300,8.0500,40151768,329406016.9500
2021-03-19,sh.600096,8.0400,8.1000,7.6300,7.6500,8.2300,43129752,336817523.8000
2021-03-22,sh.600096,7.5500,7.9700,7.5500,7.8500,7.6500,35555611,279063498.4900
2021-03-23,sh.600096,7.8300,7.9000,7.1800,7.2800,7.8500,46287786,342423666.1000
2021-03-24,sh.600096,7.2000,7.3000,6.7500,6.8200,7.2800,41909727,292279447.5600
2021-03-25,sh.600096,6.8000,6.9300,6.7400,6.7900,6.8200,20718034,141610972.1800
2021-03-26,sh.600096,6.8000,6.9000,6.7400,6.8500,6.7900,25180085,171906607.4600
2021-03-29,sh.600096,6.8600,7.1700,6.7000,7.0700,6.8500,34147893,238411835.3200
2021-03-30,sh.600096,6.9900,7.2300,6.6400,7.0900,7.0700,43417535,301013108.9900
2021-03-31,sh.600096,7.0100,7.4000,6.8800,7.3400,7.0900,38882182,278644427.0500
2021-04-01,sh.600096,8.0700,8.0700,8.0700,8.0700,7.3400,8707894,70272704.5800
2021-04-02,sh.600096,8.1500,8.8800,8.0700,8.3700,8.0700,129470566,1099778198.4700
2021-04-06,sh.600096,8.3600,9.0400,8.3600,8.7200,8.3700,90758187,793908952.7400
2021-04-07,sh.600096,8.7800,9.0500,8.6300,8.9100,8.7200,78013393,692908649.4200
2021-04-08,sh.600096,8.7800,9.1900,8.7400,8.7700,8.9100,68399428,607209020.6900
2021-04-09,sh.600096,8.8000,8.8600,8.6500,8.7000,8.7700,38551285,336393257.2700
2021-04-12,sh.600096,8.7100,8.7600,8.1800,8.2300,8.7000,52089307,436263020.3900
2021-04-13,sh.600096,8.4000,8.4200,7.9900,8.0400,8.2300,32471231,263546531.1700
2021-04-14,sh.600096,8.0500,8.2000,8.0100,8.0700,8.0400,25040558,202951027.1300
2021-04-15,sh.600096,8.0900,8.1400,7.8900,8.1100,8.0700,22599094,181174565.4600
2021-04-16,sh.600096,8.2100,8.4100,7.9600,8.0500,8.1100,61527615,502294671.3100
2021-04-19,sh.600096,7.9800,8.1200,7.7100,8.0700,8.0500,43543761,347751926.5100
2021-04-20,sh.600096,7.9900,8.1600,7.9100,7.9100,8.0700,41579815,333390583.8000
2021-04-21,sh.600096,7.8500,7.9600,7.7000,7.8200,7.9100,27623328,216016989.2300
2021-04-22,sh.600096,7.9200,8.2500,7.8600,7.9500,7.8200,54721317,437627278.2100
2021-04-23,sh.600096,7.9300,7.9400,7.6000,7.7400,7.9500,40393088,312795136.1800
2021-04-26,sh.600096,7.6600,7.8400,7.5600,7.7500,7.7400,37181301,287839514.6200
2021-04-27,sh.600096,7.7100,7.8000,7.5500,7.7600,7.7500,22940993,175631717.8500
2021-04-28,sh.600096,7.7700,7.8000,7.5500,7.6500,7.7600,23933146,183419094.3500
2021-04-29,sh.600096,7.6100,7.6600,7.5000,7.6000,7.6500,22212845,168366372.8800
2021-04-30,sh.600096,7.6500,7.7300,7.5100,7.6700,7.6000,22318172,170373321.4400
2021-05-06,sh.600096,7.6300,8.0300,7.6000,7.9700,7.6700,55716641,439979628.4100
2021-05-07,sh.600096,7.9400,8.6500,7.9100,8.4500,7.9700,80965523,676527283.7900
2021-05-10,sh.600096,8.4500,9.1500,8.4500,9.1400,8.4500,82294231,733192516.7900
2021-05-11,sh.600096,9.0500,9.2200,8.7400,9.1300,9.1400,65531221,588743694.5600
2021-05-12,sh.600096,9.0600,9.6600,8.8900,9.6000,9.1300,68763274,645250850.3600
2021-05-13,sh.600096,9.4100,9.6600,9.2000,9.2800,9.6000,58386643,547575753.1400
2021-05-14,sh.600096,9.4100,9.4900,8.9400,8.9800,9.2800,55321588,504054116.7400
2021-05-17,sh.600096,9.1000,9.1000,8.7900,8.8600,8.9800,34271674,305735103.1000
2021-05-18,sh.600096,8.9500,9.0600,8.7300,8.9000,8.8600,31854136,283370412.5900
2021-05-19,sh.600096,8.9900,9.0300,8.7000,8.9400,8.9000,34690578,308259980.0300
2021-05-20,sh.600096,8.7000,9.0300,8.3100,8.8700,8.9400,55307962,480942606.3100
2021-05-21,sh.600096,8.8800,9.2200,8.8300,9.0800,8.8700,50801504,460960275.8600
2021-05-24,sh.600096,9.1900,9.5400,8.9500,9.2200,9.0800,62228180,575570028.3300
2021-05-25,sh.600096,9.3500,9.4500,9.0500,9.3000,9.2200,39973551,369176514.5400
2021-05-26,sh.600096,9.3200,10.2300,9.2300,10.2300,9.3000,70734027,693968957.6700
2021-05-27,sh.600096,10.3000,11.2300,10.2300,10.7200,10.2300,117976480,1258297106.4200
2021-05-28,sh.600096,10.5900,10.6800,10.3100,10.4000,10.7200,67160071,702604385.8500
2021-05-31,sh.600096,10.4500,10.7600,10.3400,10.4600,10.4000,57432304,606160923.5100
2021-06-01,sh.600096,10.5500,11.0100,10.2100,10.8500,10.4600,88206774,936393095.9900
2021-06-02,sh.600096,10.8900,11.4800,10.7300,10.9900,10.8500,82439895,915168171.4400
2021-06-03,sh.600096,10.9300,11.3000,10.5000,10.5600,10.9900,73700137,799899967.5100
2021-06-04,sh.600096,10.5900,10.9500,10.4600,10.6800,10.5600,53611631,575553626.9400
2021-06-07,sh.600096,10.9500,11.7500,10.8900,11.7500,10.6800,75963344,864690151.6200
2021-06-08,sh.600096,12.1000,12.2900,11.7000,11.7500,11.7500,86196455,1033300901.0500
2021-06-09,sh.600096,11.7400,12.9300,11.5100,12.6800,11.7500,118187487,1478655867.7900
2021-06-10,sh.600096,12.6800,13.2500,12.5400,12.8700,12.6800,91769965,1183733145.5300
2021-06-11,sh.600096,12.9500,14.1600,12.7900,14.1600,12.8700,119405775,1661647399.7700
2021-06-15,sh.600096,14.2000,14.3800,13.4900,13.7000,14.1600,96511516,1341686856.8100
2021-06-16,sh.600096,13.7800,14.1000,13.3300,13.6000,13.7000,68366620,933173282.2800
2021-06-17,sh.600096,13.1400,14.4000,12.6000,14.0200,13.6000,79689425,1096721006.7200
2021-06-18,sh.600096,13.9600,13.9800,12.7200,12.9200,14.0200,102126706,1340833833.3400
2021-06-21,sh.600096,12.7900,13.1500,12.3900,12.9000,12.9200,63541438,817748962.4700
2021-06-22,sh.600096,12.9400,14.1900,12.9400,13.8400,12.9000,99625416,1374118863.5500
2021-06-23,sh.600096,13.9300,14.2000,13.4900,14.1100,13.8400,71066401,986099483.2500
2021-06-24,sh.600096,14.1100,15.1000,13.8000,14.0000,14.1100,72242712,1037440061.7800
2021-06-25,sh.600096,14.3300,14.8100,13.9900,14.6800,14.0000,63514840,917358803.6900
2021-06-28,sh.600096,14.5100,15.2100,13.7000,14.2500,14.6800,84952787,1227560654.9700
2021-06-29,sh.600096,13.8600,14.2700,13.3300,13.5900,14.2500,64655136,885191306.1400
2021-06-30,sh.600096,13.7200,14.5600,13.6100,14.0400,13.5900,59152124,836179887.9100
2021-07-01,sh.600096,14.0700,14.1900,13.2100,13.3900,14.0400,45716406,621303705.8500
2021-07-02,sh.600096,13.3800,13.5700,12.7100,13.0000,13.3900,53592570,701600056.3800
2021-07-05,sh.600096,13.2000,13.7400,12.6900,13.4100,13.0000,64395766,852344631.2200
2021-07-06,sh.600096,13.5900,14.0900,12.8400,13.4700,13.4100,94224476,1278528944.1800
2021-07-07,sh.600096,13.2300,14.0700,13.1700,13.4000,13.4700,85599528,1163961896.6900
2021-07-08,sh.600096,13.2100,13.3900,12.7600,12.8000,13.4000,66022762,859905895.9300
2021-07-09,sh.600096,12.6300,14.0000,12.0900,13.6700,12.8000,103877847,1359539209.7100
2021-07-12,sh.600096,14.4000,15.0400,14.3000,15.0400,13.6700,81377398,1212578888.2600
2021-07-13,sh.600096,15.6400,15.8900,15.0500,15.6400,15.0400,146791758,2278948264.9500
2021-07-14,sh.600096,15.5000,15.7000,14.8500,14.9300,15.6400,87006171,1329883875.2500
2021-07-15,sh.600096,14.9000,16.4200,14.2600,16.0000,14.9300,203788311,3183197078.8600
2021-07-16,sh.600096,16.0700,17.6000,15.8800,17.6000,16.0000,187123326,3241500240.9300
2021-07-19,sh.600096,18.1000,18.3000,15.9300,16.2400,17.6000,230391855,3944457491.6800
2021-07-20,sh.600096,16.5100,17.5900,15.4000,17.2900,16.2400,190903971,3211977486.9800
2021-07-21,sh.600096,17.3600,18.2100,16.9700,17.6800,17.2900,152603157,2691979105.2400
2021-07-22,sh.600096,17.6900,18.0000,17.1700,17.4600,17.6800,118702160,2081599913.8800
2021-07-23,sh.600096,17.4500,18.5000,17.1900,17.9500,17.4600,138338920,2472618670.7600
2021-07-26,sh.600096,17.9800,18.2800,16.5500,17.1100,17.9500,121510758,2118713196.7100
2021-07-27,sh.600096,17.1100,17.4600,15.6700,15.8200,17.1100,124778631,2059423272.0300
2021-07-28,sh.600096,15.4800,15.7300,14.4100,15.1200,15.8200,99272177,1497702358.9300
2021-07-29,sh.600096,15.6000,16.1800,15.2800,16.1500,15.1200,94548823,1493647106.0400
2021-07-30,sh.600096,15.6000,15.7800,14.9400,15.2400,16.1500,111668035,1699861584.0000
2021-08-02,sh.600096,15.1000,15.7200,15.0000,15.6400,15.2400,91406678,1412089511.3400
2021-08-03,sh.600096,15.6000,15.6000,14.1800,14.3700,15.6400,106540435,1572604222.0400
2021-08-04,sh.600096,14.3600,15.1900,14.3600,15.0000,14.3700,74914394,1112930640.4400
2021-08-05,sh.600096,14.6000,14.8700,14.1800,14.5900,15.0000,79505508,1151415785.5900
2021-08-06,sh.600096,14.5900,16.0500,14.4900,16.0500,14.5900,122432457,1881913373.0100
2021-08-09,sh.600096,15.8300,16.8300,15.6800,16.4800,16.0500,122291578,2000105424.0200
2021-08-10,sh.600096,16.2900,16.3200,15.8000,16.0500,16.4800,83994208,1343123461.1200
2021-08-11,sh.600096,16.0100,16.8700,15.8100,16.4200,16.0500,93132433,1534019500.1400
2021-08-12,sh.600096,16.2600,17.5000,16.2100,17.4000,16.4200,127702722,2189093574.8500
2021-08-13,sh.600096,17.4100,19.1300,17.1500,19.0000,17.4000,149503447,2730841916.1900
2021-08-16,sh.600096,19.5400,19.8800,17.9700,19.1600,19.0000,154688321,2906245223.9500
2021-08-17,sh.600096,18.3800,18.8700,17.3800,17.5300,19.1600,125956670,2273991696.0400
2021-08-18,sh.600096,17.3300,18.5600,17.2400,17.6500,17.5300,99614099,1788647995.5600
2021-08-19,sh.600096,17.2900,17.6500,16.8600,17.2200,17.6500,73431209,1264018070.5500
2021-08-20,sh.600096,17.1000,17.7800,16.8700,17.4200,17.2200,74458366,1293370032.5500
2021-08-23,sh.600096,17.7800,18.3100,17.5100,18.1900,17.4200,93267335,1683858437.9900
2021-08-24,sh.600096,18.1700,19.2000,17.8600,18.4500,18.1900,96555062,1791071226.2700
2021-08-25,sh.600096,18.1500,19.2900,17.7100,19.1700,18.4500,111330584,2073562689.3500
2021-08-26,sh.600096,19.0000,19.7000,18.4600,18.5700,19.1700,93391927,1780399004.9200
2021-08-27,sh.600096,18.2300,20.4300,18.2200,20.4300,18.5700,145054718,2877397418.0700
2021-08-30,sh.600096,21.5900,22.4700,21.4000,22.4700,20.4300,149644514,3334876474.3900
2021-08-31,sh.600096,23.0600,24.7200,22.3900,24.7200,22.4700,157871121,3763118067.0300
2021-09-01,sh.600096,24.3300,26.4000,22.2500,23.3000,24.7200,270059040,6481695822.3200
2021-09-02,sh.600096,23.4600,25.6300,23.1800,25.6300,23.3000,156862718,3857093395.3100
2021-09-03,sh.600096,26.4000,27.3800,23.7000,24.7000,25.6300,218776008,5593237152.9600
2021-09-06,sh.600096,24.4500,26.1900,22.6000,23.9300,24.7000,176195853,4205987443.8600
2021-09-07,sh.600096,23.7300,26.3200,23.0000,26.3200,23.9300,183114561,4567187440.0400
2021-09-08,sh.600096,26.3600,28.9500,25.8000,28.9500,26.3200,184130838,5152380166.5000
2021-09-09,sh.600096,29.6300,30.1000,28.0100,29.2500,28.9500,176065420,5146051608.0000
2021-09-10,sh.600096,28.8300,32.0500,28.6000,31.1900,29.2500,164836499,5029405897.5600
2021-09-13,sh.600096,31.6000,34.3100,31.6000,34.3100,31.1900,131071866,4350014438.3100
2021-09-14,sh.600096,33.5000,37.2500,32.0000,35.3800,34.3100,205981325,7120240136.3000
2021-09-15,sh.600096,34.1000,36.4300,33.5200,34.2400,35.3800,155251766,5374648180.2900
2021-09-16,sh.600096,34.2900,35.8400,32.4600,34.3500,34.2400,166993372,5732628237.3600
2021-09-17,sh.600096,33.8600,36.3000,31.5200,32.9700,34.3500,185245627,6296194555.3600
2021-09-22,sh.600096,32.9600,34.0000,31.5900,33.6500,32.9700,144925004,4800861029.3500
2021-09-23,sh.600096,34.3100,34.5500,30.2900,30.2900,33.6500,160992993,5027965956.0000
2021-09-24,sh.600096,29.3000,30.4500,28.4100,28.6400,30.2900,173339940,5094375952.4300
2021-09-27,sh.600096,28.4000,28.7400,25.7800,25.7800,28.6400,145253453,3900262934.8300
2021-09-28,sh.600096,26.0800,26.9000,25.9000,26.2000,25.7800,114684219,3021777054.9600
2021-09-29,sh.600096,25.4100,25.9800,23.5800,23.5800,26.2000,115915831,2847786885.1600
2021-09-30,sh.600096,23.6100,24.9900,23.0300,24.2800,23.5800,141026403,3400012058.1000
2021-10-08,sh.600096,24.9300,25.0000,22.2200,23.3900,24.2800,132356460,3097866821.5400
2021-10-11,sh.600096,23.4300,23.9700,22.5800,22.6900,23.3900,101493097,2351668798.1700
2021-10-12,sh.600096,23.1000,24.2400,22.3500,23.9100,22.6900,207315726,4832716910.5700
2021-10-13,sh.600096,23.3000,23.5700,22.0000,23.0000,23.9100,164525315,3752536862.8800
2021-10-14,sh.600096,22.5000,23.9500,21.7800,23.4200,23.0000,136765310,3146940715.4500
2021-10-15,sh.600096,23.1100,24.6700,22.6100,24.2000,23.4200,151096523,3579740694.7100
2021-10-18,sh.600096,23.8800,26.3200,23.7100,26.1800,24.2000,181560144,4527431798.5600
2021-10-19,sh.600096,25.7000,26.9700,25.0900,25.6200,26.1800,161252827,4176362342.4900
2021-10-20,sh.600096,24.2000,26.5200,23.5500,25.8400,25.6200,155886453,3918286348.2500
2021-10-21,sh.600096,25.8500,28.2600,25.8500,27.3500,25.8400,183623024,4972854480.4700
2021-10-22,sh.600096,27.6000,29.9900,26.9100,28.3100,27.3500,205626053,5881846031.5800
2021-10-25,sh.600096,27.8700,30.6500,27.7200,30.6400,28.3100,184007468,5396067381.8400
2021-10-26,sh.600096,30.8900,30.8900,28.8000,29.0600,30.6400,169694790,5032438010.3100
2021-10-27,sh.600096,28.5600,30.7700,28.4000,29.9200,29.0600,173466822,5204897525.8800
2021-10-28,sh.600096,29.3100,29.9700,26.9300,26.9300,29.9200,174881168,4909799846.7200
2021-10-29,sh.600096,26.9300,27.9900,25.6700,27.9300,26.9300,176047177,4757252642.3200
2021-11-01,sh.600096,29.1300,30.7200,28.7500,30.7200,27.9300,185818111,5573756807.9900
2021-11-02,sh.600096,30.9800,31.3900,28.0100,28.9900,30.7200,217896726,6469923063.7300
2021-11-03,sh.600096,28.5500,28.5500,26.5500,27.0300,28.9900,146825226,4002960370.5300
2021-11-04,sh.600096,27.1200,27.9200,26.0000,27.3800,27.0300,128349330,3475568853.7500
2021-11-05,sh.600096,26.7400,26.7400,24.6400,24.7300,27.3800,165208577,4188485854.9000
2021-11-08,sh.600096,24.1500,25.6700,23.6100,25.2900,24.7300,109225033,2718783850.9200
2021-11-09,sh.600096,24.6800,26.6100,24.6000,26.4900,25.2900,137736525,3550263972.7100
2021-11-10,sh.600096,25.7700,26.4900,25.2500,25.9600,26.4900,102910305,2671903809.6800
2021-11-11,sh.600096,25.9800,26.5100,25.1600,25.9600,25.9600,106059318,2752995516.1400
2021-11-12,sh.600096,25.6800,27.0000,25.4300,26.1700,25.9600,102196856,2684784675.1200
2021-11-15,sh.600096,25.6200,25.7200,23.5500,23.5500,26.1700,130124845,3109360307.0100
2021-11-16,sh.600096,22.6000,23.2300,22.0000,22.1400,23.5500,107498261,2417372209.3700
2021-11-17,sh.600096,22.1000,23.0500,22.1000,22.6500,22.1400,81402830,1839531519.2200
2021-11-18,sh.600096,22.3900,23.1600,22.1000,22.6900,22.6500,70186731,1589151884.0600
2021-11-19,sh.600096,22.4800,23.0600,22.2000,22.8000,22.6900,61140016,1388799484.8300
2021-11-22,sh.600096,22.8800,24.5800,22.8600,24.1000,22.8000,99778489,2365788406.1600
2021-11-23,sh.600096,24.1700,24.5700,23.4400,23.5300,24.1000,81810966,1957755810.1200
2021-11-24,sh.600096,23.3800,23.8900,22.9000,23.0500,23.5300,58337092,1359282457.4200
2021-11-25,sh.600096,23.1600,23.4400,22.7000,23.0400,23.0500,51584435,1188385789.3800
2021-11-26,sh.600096,22.8500,23.5800,22.7000,23.2700,23.0400,58039082,1346968422.0100
2021-11-29,sh.600096,22.7600,23.8000,22.3700,23.3200,23.2700,64015049,1490922005.3900
2021-11-30,sh.600096,23.6000,24.6500,23.3900,23.9100,23.3200,84515193,2028405029.7300
2021-12-01,sh.600096,23.7700,25.7600,23.4700,25.3900,23.9100,133295993,3275859743.1600
2021-12-02,sh.600096,25.4000,25.5500,24.5600,24.5900,25.3900,113909821,2844538132.8300
2021-12-03,sh.600096,24.3200,24.5400,23.8000,24.0000,24.5900,69691260,1679731424.7100
2021-12-06,sh.600096,24.0600,24.5900,23.7700,23.8900,24.0000,55406062,1338608982.5400
2021-12-07,sh.600096,23.8800,24.1400,22.4500,22.8400,23.8900,69429074,1601724721.5700
2021-12-08,sh.600096,22.8500,23.3100,22.8000,23.1300,22.8400,46270484,1066583609.7500
2021-12-09,sh.600096,23.3000,23.4800,22.9100,23.0600,23.1300,43213648,1000035073.8200
2021-12-10,sh.600096,23.0000,24.1800,22.8300,23.9800,23.0600,93096326,2215414468.3000
2021-12-13,sh.600096,23.8400,24.4400,23.7000,23.9300,23.9800,58087336,1395650401.5500
2021-12-14,sh.600096,24.0100,24.1500,23.1400,23.2400,23.9300,51702092,1209901121.9800
2021-12-15,sh.600096,23.1600,23.5000,22.9200,23.0000,23.2400,42109951,974849209.6200
2021-12-16,sh.600096,23.0200,23.3900,22.8300,23.2200,23.0000,37360247,863768699.0500
2021-12-17,sh.600096,23.0100,23.1900,22.2200,22.3500,23.2200,59447349,1339421773.3800
2021-12-20,sh.600096,22.0300,22.0500,20.1200,20.1300,22.3500,102040030,2114992652.1700
2021-12-21,sh.600096,19.8100,20.4800,19.6100,20.1700,20.1300,59098895,1182016102.0200
2021-12-22,sh.600096,20.2800,20.3800,20.0300,20.2200,20.1700,40753958,824121085.2100
2021-12-23,sh.600096,20.1300,20.3800,19.9500,20.0500,20.2200,38013175,765977235.6700
2021-12-24,sh.600096,19.9900,20.0100,18.7100,19.0400,20.0500,76439319,1466644310.3100
2021-12-27,sh.600096,19.0000,19.2500,18.8000,19.0200,19.0400,34800152,661949529.5400
2021-12-28,sh.600096,19.0000,19.6600,18.9900,19.6000,19.0200,54004338,1047946814.1000
2021-12-29,sh.600096,19.4900,20.1500,19.3500,19.5200,19.6000,46450716,917321383.7700
2021-12-30,sh.600096,19.5200,19.7800,19.2300,19.2900,19.5200,37678543,732117472.4700
2021-12-31,sh.600096,19.3500,20.0000,19.3300,19.6200,19.2900,43852190,858078787.9900
2022-01-04,sh.600096,19.6600,19.8100,18.8000,19.5300,19.6200,53018842,1025489479.8200
2022-01-05,sh.600096,19.2800,19.4300,18.7300,18.8200,19.5300,38595201,733657407.3400
2022-01-06,sh.600096,18.7500,19.6900,18.6800,19.3400,18.8200,44046416,846678987.4300
2022-01-07,sh.600096,19.2600,19.4500,18.7500,18.7900,19.3400,39512611,749565269.3700
2022-01-10,sh.600096,18.6100,18.9900,17.8700,18.8800,18.7900,48665548,900711243.1900
2022-01-11,sh.600096,19.2500,20.7700,19.1600,20.7700,18.8800,131201066,2610019583.5200
2022-01-12,sh.600096,21.0000,21.0000,20.1500,20.4300,20.7700,113996219,2338473831.1300
2022-01-13,sh.600096,20.1400,20.5500,19.5300,19.5700,20.4300,78598320,1560432082.5600
2022-01-14,sh.600096,19.3100,19.7900,19.0000,19.1100,19.5700,63388023,1225019001.7100
2022-01-17,sh.600096,18.9000,19.3500,18.5100,19.2600,19.1100,44704709,851687594.9100
2022-01-18,sh.600096,19.0800,19.4300,18.9000,18.9800,19.2600,42446516,811275531.8700
2022-01-19,sh.600096,18.9000,18.9300,18.1500,18.5200,18.9800,45629438,843646703.8100
2022-01-20,sh.600096,18.4800,18.7900,18.0000,18.0200,18.5200,35960982,654622156.5600
2022-01-21,sh.600096,17.9400,18.1700,17.7000,17.7200,18.0200,32664803,584453130.1800
2022-01-24,sh.600096,17.4700,18.7300,17.1100,18.3900,17.7200,52380209,947351209.2200
2022-01-25,sh.600096,18.2100,18.4400,17.5800,17.6100,18.3900,32705279,588009626.9200
2022-01-26,sh.600096,17.7500,18.0700,17.2300,17.8900,17.6100,29504703,521224322.4000
2022-01-27,sh.600096,17.8000,18.5000,17.6100,17.7100,17.8900,46984312,847457892.1600
2022-01-28,sh.600096,17.6900,17.7600,16.4000,16.8200,17.7100,56257968,948506836.7600
2022-02-07,sh.600096,17.1000,17.9200,17.1000,17.7300,16.8200,46539380,820017613.0700
2022-02-08,sh.600096,17.8000,17.9700,17.1000,17.8900,17.7300,44245701,777442545.2900
2022-02-09,sh.600096,17.7700,18.4200,17.7000,18.2700,17.8900,50932126,925549507.0500
2022-02-10,sh.600096,18.3600,18.7400,18.1300,18.3800,18.2700,50085288,924013304.1300
2022-02-11,sh.600096,18.1200,19.2000,18.0500,18.4500,18.3800,68844850,1283458621.4800
2022-02-14,sh.600096,18.1200,18.9500,18.0800,18.3500,18.4500,47221387,875053577.5300
2022-02-15,sh.600096,18.2300,18.8100,17.8400,18.7300,18.3500,45273820,832502578.4300
2022-02-16,sh.600096,18.8000,19.6700,18.7100,19.3700,18.7300,80709901,1558058968.5100
2022-02-17,sh.600096,20.3500,21.3100,20.0000,21.3100,19.3700,113314710,2360221717.3000
2022-02-18,sh.600096,22.0000,22.6600,21.4500,21.7300,21.3100,199055101,4384704681.4600
2022-02-21,sh.600096,21.4500,21.5100,20.5800,20.9500,21.7300,134576768,2816176151.0800
2022-02-22,sh.600096,20.6700,22.9400,20.4600,22.3000,20.9500,159754609,3432961336.4000
2022-02-23,sh.600096,22.4300,24.5300,22.3300,24.5300,22.3000,182439083,4283974885.2500
2022-02-24,sh.600096,24.5200,25.7600,23.3600,24.3000,24.5300,221182416,5439496860.9300
2022-02-25,sh.600096,24.2900,25.4100,23.7800,24.5900,24.3000,140872951,3453616027.8700
2022-02-28,sh.600096,24.2400,26.4800,24.2400,25.8500,24.5900,151656844,3887183760.0000
2022-03-01,sh.600096,25.5600,25.7500,24.5900,24.8600,25.8500,121439030,3036092352.0000
2022-03-02,sh.600096,24.4700,25.3500,24.1200,24.5900,24.8600,99920645,2475063856.0000
2022-03-03,sh.600096,24.5500,25.0900,23.7000,23.7000,24.5900,115733163,2814262144.0000
2022-03-04,sh.600096,23.3400,24.1300,22.7500,22.8800,23.7000,122328250,2852552208.0000
2022-03-07,sh.600096,23.1100,24.0900,22.7600,23.4400,22.8800,122633101,2886479328.0000
2022-03-08,sh.600096,23.7900,24.5900,22.3000,23.9200,23.4400,148907506,3496839952.0000
2022-03-09,sh.600096,23.8000,23.9100,22.0100,23.1000,23.9200,112358807,2583609920.0000
2022-03-10,sh.600096,23.7000,24.9500,22.8500,24.3200,23.1000,137417013,3301321344.0000
2022-03-11,sh.600096,23.8500,26.7500,23.6000,26.1400,24.3200,202745913,5117916416.0000
2022-03-14,sh.600096,25.7000,25.8200,24.6000,24.8000,26.1400,132365611,3339120512.0000
2022-03-15,sh.600096,24.2200,25.3000,23.6100,23.6700,24.8000,113868650,2759170096.0000
2022-03-16,sh.600096,24.3700,25.8800,23.6100,25.1700,23.6700,141843456,3502015376.0000
2022-03-17,sh.600096,25.3800,25.5800,23.8800,23.8800,25.1700,177936987,4383296768.0000
2022-03-18,sh.600096,23.2000,23.8800,22.5900,23.3200,23.8800,107770391,2494579689.0200
2022-03-21,sh.600096,23.3800,24.2100,22.9000,23.5700,23.3200,86897599,2050385641.0100
2022-03-22,sh.600096,23.0100,23.9200,23.0000,23.1400,23.5700,65837789,1535234526.4700
2022-03-23,sh.600096,23.0600,24.1000,23.0100,23.7300,23.1400,79787752,1893569690.6700
2022-03-24,sh.600096,23.5500,25.7300,23.5100,24.9800,23.7300,147070595,3641476074.2100
2022-03-25,sh.600096,24.7900,25.7900,24.6100,24.8100,24.9800,115128594,2898171744.4500
2022-03-28,sh.600096,24.7000,25.4000,23.6600,25.1100,24.8100,108018437,2667960724.2400
2022-03-29,sh.600096,24.8000,27.5800,24.8000,27.1000,25.1100,196186610,5210874752.9700
2022-03-30,sh.600096,26.4000,27.2200,26.2000,26.9600,27.1000,144814794,3870911514.9800
2022-03-31,sh.600096,26.7400,27.0000,25.3500,25.3500,26.9600,130876985,3392148072.2100
2022-04-01,sh.600096,25.0000,26.4000,24.7800,25.6500,25.3500,98385905,2550417443.5900
2022-04-06,sh.600096,25.7000,27.0400,25.7000,26.6300,25.6500,97153014,2580985977.1600
2022-04-07,sh.600096,27.4600,28.5000,26.7000,27.6200,26.6300,171804543,4762731957.5900
2022-04-08,sh.600096,27.8500,30.1900,27.7700,28.9700,27.6200,187735813,5445240015.4400
2022-04-11,sh.600096,28.9800,29.7600,28.2700,28.7800,28.9700,141139842,4118210582.4800
2022-04-12,sh.600096,28.3000,29.2200,27.2800,28.6900,28.7800,105935281,3018857024.1800
2022-04-13,sh.600096,28.3000,29.7300,27.3000,27.6300,28.6900,137042572,3893132655.9900
2022-04-14,sh.600096,27.0100,29.7900,26.5800,29.4100,27.6300,145633647,4116110579.5500
2022-04-15,sh.600096,29.5100,29.7700,27.7500,27.8000,29.4100,107599807,3082961333.4800
2022-04-18,sh.600096,27.1500,29.4300,27.0800,28.1800,27.8000,99152932,2827182207.5200
2022-04-19,sh.600096,28.2300,28.7500,27.2300,28.6300,28.1800,93957727,2645967351.7100
2022-04-20,sh.600096,28.3600,28.7800,27.0000,27.3800,28.6300,96297127,2685857463.8600
2022-04-21,sh.600096,27.0200,27.2800,24.6400,24.6400,27.3800,122484381,3128887032.3500
2022-04-22,sh.600096,23.6400,24.8000,23.5300,23.9000,24.6400,83057714,2000244037.6900
2022-04-25,sh.600096,23.4000,23.4200,21.5100,21.5100,23.9000,106515134,2365767705.7400
2022-04-26,sh.600096,21.0100,21.5000,19.9300,20.2500,21.5100,105377647,2181750406.3100
2022-04-27,sh.600096,19.7900,22.2800,19.7500,22.2800,20.2500,100441949,2152153580.5600
2022-04-28,sh.600096,22.7200,24.0400,22.3500,23.3400,22.2800,116496946,2714378056.2900
2022-04-29,sh.600096,23.6600,24.0100,23.0500,23.8500,23.3400,87126757,2054131103.6300
2022-05-05,sh.600096,23.8400,25.6000,23.7000,25.0100,23.8500,91773630,2282963121.0300
2022-05-06,sh.600096,24.1800,25.9200,24.1300,24.8500,25.0100,91977258,2312515539.4700
2022-05-09,sh.600096,24.8200,25.3400,24.3800,25.0300,24.8500,63673847,1579010564.0500
2022-05-10,sh.600096,24.4500,25.0500,24.0600,24.7700,25.0300,65862242,1617578979.8300
2022-05-11,sh.600096,24.6500,25.8600,24.6500,24.9600,24.7700,89721131,2275458677.2500
2022-05-12,sh.600096,25.1400,25.5500,23.9700,24.0900,24.9600,85703932,2103997727.3500
2022-05-13,sh.600096,24.1200,25.8200,24.1200,25.5200,24.0900,117431587,2979389596.7300
2022-05-16,sh.600096,26.0000,26.8700,25.7000,26.2300,25.5200,113596893,2991611945.8200
2022-05-17,sh.600096,26.3300,27.3500,26.0000,26.9400,26.2300,96502319,2573991732.6900
2022-05-18,sh.600096,26.9200,26.9200,25.8200,26.0300,26.9400,81530689,2136073083.1500
2022-05-19,sh.600096,25.5000,25.9600,25.2400,25.8600,26.0300,71571880,1833528873.1500
2022-05-20,sh.600096,26.3000,26.4800,25.7100,26.1200,25.8600,74724154,1951296757.0800
2022-05-23,sh.600096,26.3600,27.8700,26.2800,27.8100,26.1200,122485261,3339505641.9000
2022-05-24,sh.600096,27.6000,27.7400,25.8000,25.8500,27.8100,138772554,3727266745.6900
2022-05-25,sh.600096,26.1600,26.9200,25.8900,26.3500,25.8500,79752814,2109226917.5200
2022-05-26,sh.600096,26.1500,26.8000,25.2600,26.5500,26.3500,82651088,2156278941.6900
2022-05-27,sh.600096,26.7400,27.6000,26.4900,26.9000,26.5500,98477620,2667270670.3100
2022-05-30,sh.600096,26.8300,27.1700,25.9600,26.7900,26.9000,70064684,1857058189.8600
2022-05-31,sh.600096,27.0700,27.3300,26.6100,27.1000,26.7900,70984796,1915241524.0500
2022-06-01,sh.600096,27.0000,28.5400,26.9600,27.6600,27.1000,116721780,3259623048.1100
2022-06-02,sh.600096,27.2200,27.2700,26.5000,26.9000,27.6600,90830368,2432870047.8100
2022-06-06,sh.600096,26.6500,28.0800,26.5100,27.8500,26.9000,107315932,2953643687.7200
2022-06-07,sh.600096,28.2200,28.7800,27.4000,28.0200,27.8500,106654416,2994163913.4200
2022-06-08,sh.600096,28.1200,29.8800,27.9500,29.6700,28.0200,150633868,4360335106.9700
2022-06-09,sh.600096,29.6600,30.7700,29.1300,29.9900,29.6700,130758235,3914115778.2700
2022-06-10,sh.600096,29.4900,31.6200,29.2000,31.3300,29.9900,131974886,4025515750.3600
2022-06-13,sh.600096,31.1800,33.8800,31.1800,32.9600,31.3300,134412359,4388679012.9500
2022-06-14,sh.600096,32.6000,34.6200,31.7900,34.6200,32.9600,141433751,4662800984.2300
2022-06-15,sh.600096,35.0000,35.0900,31.1600,31.2800,34.6200,199021477,6539922987.3500
2022-06-16,sh.600096,31.2800,31.7400,29.8600,30.5500,31.2800,170785215,5251255829.8100
2022-06-17,sh.600096,30.1900,32.0000,30.0200,31.6200,30.5500,143347107,4462997541.4600
2022-06-20,sh.600096,31.2700,31.3900,29.2200,29.7500,31.6200,158327756,4749992075.2800
2022-06-21,sh.600096,29.5400,30.3500,29.4400,30.0100,29.7500,92624046,2766138839.4700
2022-06-22,sh.600096,29.9000,31.3600,29.3000,30.3000,30.0100,112556181,3444891702.6400
2022-06-23,sh.600096,30.5800,30.7000,28.1700,29.6400,30.3000,152430268,4439137689.9000
2022-06-24,sh.600096,29.0000,30.3300,28.7200,29.4100,29.6400,121571597,3583297053.7300
2022-06-27,sh.600096,29.3100,30.4900,28.6800,30.0600,29.4100,122204269,3654378192.4700
2022-06-28,sh.600096,30.6900,31.8800,30.3400,31.8300,30.0600,145794590,4546908135.7800
2022-06-29,sh.600096,31.5000,32.2700,30.5800,31.2300,31.8300,134497825,4228618519.0700
2022-06-30,sh.600096,31.5000,31.9600,31.0000,31.4800,31.2300,85435280,2697815464.8500
2022-07-01,sh.600096,31.6000,32.9100,31.0500,32.9000,31.4800,117945995,3810972603.4200
2022-07-04,sh.600096,33.5100,34.1100,32.6000,33.4200,32.9000,123056568,4098477218.9900
2022-07-05,sh.600096,33.5500,36.2800,33.1000,36.0500,33.4200,172945451,6057262846.2100
2022-07-06,sh.600096,35.1100,35.2600,32.6000,32.6500,36.0500,180226292,6098183273.8000
2022-07-07,sh.600096,31.9000,34.0000,31.6800,32.8100,32.6500,117264585,3863963389.0900
2022-07-08,sh.600096,33.0500,33.2000,30.9300,31.4400,32.8100,125160375,3988666365.1100
2022-07-11,sh.600096,30.9600,31.2700,29.8100,30.4100,31.4400,89302666,2713710487.0700
2022-07-12,sh.600096,29.8000,30.4000,29.0700,29.1600,30.4100,100265979,2962611562.4800
2022-07-13,sh.600096,29.4000,30.0900,29.0900,29.9400,29.1600,77729626,2301384938.9800
2022-07-14,sh.600096,29.6500,30.1100,29.1700,29.6500,29.9400,64712833,1921030275.3800
2022-07-15,sh.600096,29.3300,30.7500,29.2500,29.5700,29.6500,80982754,2442025503.3300
2022-07-18,sh.600096,29.6000,30.0800,29.0900,30.0800,29.5700,67753729,2010412630.2300
2022-07-19,sh.600096,30.4000,31.3900,30.4000,30.8300,30.0800,97458439,3011844682.9900
2022-07-20,sh.600096,30.5000,30.7000,30.1000,30.3400,30.8300,68598660,2076981288.3300
2022-07-21,sh.600096,30.1700,30.1800,28.4200,28.5300,30.3400,115459869,3352851648.4400
2022-07-22,sh.600096,28.3600,28.8300,27.0200,27.4000,28.5300,103446312,2865786206.3800
2022-07-25,sh.600096,27.2200,27.6300,26.8000,27.3300,27.4000,54672316,1490788619.2700
2022-07-26,sh.600096,27.3400,27.8600,27.0300,27.6500,27.3300,49419484,1363281748.8400
2022-07-27,sh.600096,27.6500,27.6500,26.8800,26.9200,27.6500,59007490,1597246216.7000
2022-07-28,sh.600096,27.2000,27.2900,26.5300,26.7200,26.9200,53659408,1443511846.7300
2022-07-29,sh.600096,26.6900,26.9100,26.0200,26.0700,26.7200,59224837,1558650491.5800
2022-08-01,sh.600096,25.9900,27.1500,25.5300,27.1500,26.0700,75269231,2009176526.9000
2022-08-02,sh.600096,26.6900,26.7000,25.7500,25.8300,27.1500,66085904,1725852786.2100
2022-08-03,sh.600096,25.9500,26.6000,25.6100,25.7500,25.8300,50349182,1315708208.0700
2022-08-04,sh.600096,25.9900,26.4700,25.7000,26.1000,25.7500,46986558,1224972051.0000
2022-08-05,sh.600096,26.0200,26.2800,25.3000,26.2700,26.1000,69277701,1782775282.0000
2022-08-08,sh.600096,26.0000,26.6800,25.8900,26.4500,26.2700,49073505,1294951504.0000
2022-08-09,sh.600096,26.4400,27.5800,26.2700,27.4500,26.4500,86876735,2359617128.0000
2022-08-10,sh.600096,27.4000,27.7000,26.7600,27.0000,27.4500,57202850,1550455683.0000
2022-08-11,sh.600096,27.0100,28.0800,26.8100,27.9700,27.0000,85266975,2352752978.0000
2022-08-12,sh.600096,28.0000,28.3700,27.7400,27.7600,27.9700,59049282,1653658041.0000
2022-08-15,sh.600096,27.5800,28.3800,27.5800,27.9600,27.7600,54707232,1534668432.8500
2022-08-16,sh.600096,27.9800,28.2000,27.1000,27.1200,27.9600,71508582,1958134948.3300
2022-08-17,sh.600096,26.9000,26.9900,26.0100,26.4400,27.1200,75776593,1994283069.4100
2022-08-18,sh.600096,26.3800,26.6500,26.2700,26.3800,26.4400,35250048,931952829.3100
2022-08-19,sh.600096,26.3800,26.5000,26.0100,26.1500,26.3800,37449405,981206109.8300
2022-08-22,sh.600096,26.0000,27.3500,25.6000,27.3500,26.1500,79725207,2131757203.4100
2022-08-23,sh.600096,27.1000,27.4900,26.8000,27.2600,27.3500,56525805,1532299991.3300
2022-08-24,sh.600096,27.2600,27.6700,26.0600,26.2200,27.2600,72627474,1953910704.5800
2022-08-25,sh.600096,26.3300,27.1500,26.0100,26.8700,26.2200,61914181,1646899565.7800
2022-08-26,sh.600096,26.8600,27.8400,26.6800,27.4200,26.8700,82340569,2265889990.1100
2022-08-29,sh.600096,26.9000,27.2900,26.3500,27.2200,27.4200,50847262,1366498282.5500
2022-08-30,sh.600096,26.9200,26.9300,26.1500,26.2300,27.2200,55109635,1456196001.3400
2022-08-31,sh.600096,26.0500,26.6400,26.0100,26.5000,26.2300,50540121,1328989972.4500
2022-09-01,sh.600096,26.1700,26.4800,25.7700,25.7800,26.5000,40104907,1044564476.7600
2022-09-02,sh.600096,25.7700,25.9500,24.4400,24.6100,25.7800,65005550,1624532302.6200
2022-09-05,sh.600096,24.1000,25.3400,23.5800,25.0300,24.6100,59468723,1454065588.5900
2022-09-06,sh.600096,25.4000,26.6700,25.2100,26.3800,25.0300,90680709,2375990965.4100
2022-09-07,sh.600096,26.3800,26.3800,25.6000,26.1300,26.3800,51881174,1351711453.9800
2022-09-08,sh.600096,26.0900,26.3500,25.6500,25.6600,26.1300,40370535,1048843701.0600
2022-09-09,sh.600096,25.8200,26.4300,25.7000,26.1000,25.6600,39313954,1023330235.7700
2022-09-13,sh.600096,26.1000,26.3200,25.8100,25.8700,26.1000,30359939,789649417.3400
2022-09-14,sh.600096,25.3000,25.5300,24.8000,25.0300,25.8700,46315506,1164592719.0300
2022-09-15,sh.600096,25.2800,25.4500,23.7200,24.1900,25.0300,54302335,1323053842.8200
2022-09-16,sh.600096,24.0400,24.1900,23.0900,23.5700,24.1900,43165972,1014027237.8800
2022-09-19,sh.600096,23.2600,23.9500,23.0100,23.6600,23.5700,32311740,762170685.2000
2022-09-20,sh.600096,23.9900,24.3300,23.7300,23.9000,23.6600,37709086,906594754.9600
2022-09-21,sh.600096,23.7800,24.1100,23.4600,23.9500,23.9000,28561510,681111551.1800
2022-09-22,sh.600096,23.8000,25.4800,23.7100,25.2200,23.9500,76296468,1885766695.2400
2022-09-23,sh.600096,25.1000,26.5200,25.1000,25.5900,25.2200,93469298,2433465237.9800
2022-09-26,sh.600096,25.5800,25.6200,24.7400,24.8400,25.5900,52275849,1312631286.3700
2022-09-27,sh.600096,24.9500,25.1900,24.4000,24.8700,24.8400,40065956,992689447.1400
2022-09-28,sh.600096,24.8000,24.9000,23.0600,23.1900,24.8700,54284645,1291485701.4300
2022-09-29,sh.600096,23.8000,24.3400,23.2500,23.4900,23.1900,46102742,1095669662.6600
2022-09-30,sh.600096,23.4300,24.4000,23.4300,23.7300,23.4900,45940269,1101111838.3500
2022-10-10,sh.600096,23.8400,23.9000,22.6000,22.8400,23.7300,45510011,1047968580.4100
2022-10-11,sh.600096,22.8900,23.2000,22.2400,22.7200,22.8400,45636007,1036294355.2200
2022-10-12,sh.600096,22.7000,23.1000,21.8400,23.0900,22.7200,53218803,1195008918.9700
2022-10-13,sh.600096,22.7700,23.0500,22.5900,22.7000,23.0900,35383331,807703256.6100
2022-10-14,sh.600096,23.0000,23.6500,22.7900,23.4800,22.7000,51899369,1205899695.0000
2022-10-17,sh.600096,23.1500,23.4400,22.8000,23.3700,23.4800,42842943,990813088.4000
2022-10-18,sh.600096,23.4400,23.7500,23.0300,23.0600,23.3700,36263841,844491113.2100
2022-10-19,sh.600096,22.9600,23.2300,22.4700,22.4900,23.0600,34176727,779271344.1500
2022-10-20,sh.600096,22.2500,22.5500,21.8800,22.0800,22.4900,31782290,703384294.3500
2022-10-21,sh.600096,22.3100,22.3100,21.2200,21.4300,22.0800,37851264,823293189.1200
2022-10-24,sh.600096,21.5000,21.9600,21.0000,21.2200,21.4300,31419484,675615399.3800
2022-10-25,sh.600096,21.1200,21.4300,20.5300,21.2500,21.2200,28316455,592723620.3700
2022-10-26,sh.600096,21.1500,21.6400,21.0800,21.2700,21.2500,34246551,731312691.5900
2022-10-27,sh.600096,21.3800,21.5500,21.0500,21.1200,21.2700,27125432,578712113.5900
2022-10-28,sh.600096,20.9100,20.9500,19.9000,19.9300,21.1200,40861197,830123048.6900
2022-10-31,sh.600096,19.6900,20.3900,19.3800,20.1600,19.9300,29508394,593070000.3500
2022-11-01,sh.600096,20.2200,20.6900,20.1200,20.6900,20.1600,34810234,713591946.6600
2022-11-02,sh.600096,20.5500,21.1500,20.5100,20.9400,20.6900,39493530,822180038.6900
2022-11-03,sh.600096,20.6800,21.3500,20.6500,21.0900,20.9400,31760129,669749737.0200
2022-11-04,sh.600096,20.9500,22.0900,20.9000,22.0100,21.0900,70372846,1530884834.8300
2022-11-07,sh.600096,22.0100,22.8800,22.0100,22.3600,22.0100,62313464,1396029579.4500
2022-11-08,sh.600096,22.2500,22.5600,22.1300,22.4300,22.3600,37666120,839593477.8800
2022-11-09,sh.600096,22.5500,22.7000,22.0300,22.0300,22.4300,36016158,802771826.5400
2022-11-10,sh.600096,21.9200,22.1100,21.7000,21.9100,22.0300,27588937,603993296.8100
2022-11-11,sh.600096,22.5000,22.6000,22.1200,22.2200,21.9100,36901755,822561411.9800
2022-11-14,sh.600096,22.2900,22.5500,21.6200,21.6700,22.2200,35479525,781659900.5600
2022-11-15,sh.600096,21.7200,22.2000,21.4500,22.1700,21.6700,32127808,703768903.5600
2022-11-16,sh.600096,22.1800,22.3500,21.7400,21.8000,22.1700,26315509,577773777.7500
2022-11-17,sh.600096,21.0000,21.1800,20.0200,20.3700,21.8000,79478218,1612993194.6300
2022-11-18,sh.600096,20.2600,20.4600,19.9800,20.0000,20.3700,45240887,909368549.1700
2022-11-21,sh.600096,19.8500,20.3900,19.5100,20.3100,20.0000,31959937,641347604.5800
2022-11-22,sh.600096,20.2000,20.5000,20.0800,20.1500,20.3100,27726959,561571546.8100
2022-11-23,sh.600096,20.1500,20.7300,20.1500,20.6600,20.1500,42193066,865500893.4500
2022-11-24,sh.600096,20.6600,21.1800,20.5200,20.9300,20.6600,34600225,721638426.3900
2022-11-25,sh.600096,20.9300,20.9800,20.5900,20.6300,20.9300,24114430,500536954.5600
2022-11-28,sh.600096,20.3900,20.7700,20.1100,20.6200,20.6300,21761841,445412937.4700
2022-11-29,sh.600096,20.7000,21.1600,20.7000,20.9800,20.6200,28170292,590141542.9900
2022-11-30,sh.600096,20.9800,21.3100,20.8400,21.1500,20.9800,30554849,645483264.0100
2022-12-01,sh.600096,21.2700,21.5500,21.2000,21.2700,21.1500,31637100,676304251.3600
2022-12-02,sh.600096,21.2700,21.9800,21.0900,21.6900,21.2700,44584285,959563028.8700
2022-12-05,sh.600096,21.6900,21.9300,21.3800,21.8100,21.6900,40398372,874753407.0700
2022-12-06,sh.600096,21.6100,23.5400,21.6100,23.3900,21.8100,107955054,2449856344.4600
2022-12-07,sh.600096,23.0900,23.5000,22.8200,22.9900,23.3900,70314013,1622087256.3300
2022-12-08,sh.600096,23.1200,24.4800,22.8600,23.9600,22.9900,104320070,2493229691.5200
2022-12-09,sh.600096,23.9300,24.1800,23.7000,24.0400,23.9600,52961232,1267343035.7800
2022-12-12,sh.600096,23.8800,24.0400,23.3300,23.6200,24.0400,50135312,1186803535.2500
2022-12-13,sh.600096,23.6000,24.2900,23.4900,23.6400,23.6200,51248102,1224122803.3100
2022-12-14,sh.600096,23.6000,24.2800,23.4800,23.9600,23.6400,47273738,1128611849.7600
2022-12-15,sh.600096,23.8500,24.1800,23.5000,23.8300,23.9600,32737711,777100949.0100
2022-12-16,sh.600096,23.7000,23.9800,23.1900,23.2500,23.8300,41506274,973050730.9200
2022-12-19,sh.600096,23.1100,23.6500,22.9000,23.0000,23.2500,29272355,680610234.7300
2022-12-20,sh.600096,22.9400,23.2500,22.6800,22.9900,23.0000,21496749,494719488.3500
2022-12-21,sh.600096,22.9600,23.3800,22.6400,23.1000,22.9900,31359396,723134797.3500
2022-12-22,sh.600096,23.1800,23.2200,21.7000,21.7900,23.1000,52325319,1163502120.6600
2022-12-23,sh.600096,21.6800,21.7800,21.2200,21.4300,21.7900,24458763,525844649.5900
2022-12-26,sh.600096,21.5100,22.2400,21.4400,22.1600,21.4300,23908240,526555344.1800
2022-12-27,sh.600096,22.0800,22.3800,21.8400,22.2500,22.1600,23352193,517096828.3300
2022-12-28,sh.600096,22.0400,22.0800,21.5000,21.6100,22.2500,21051561,457008003.5200
2022-12-29,sh.600096,21.5400,21.7300,21.2400,21.2400,21.6100,19138375,408927393.0200
2022-12-30,sh.600096,21.3400,21.5000,20.7700,21.0400,21.2400,26266310,553559308.8100
2023-01-03,sh.600096,20.9900,20.9900,20.6000,20.9200,21.0400,30026457,624829283.3400
2023-01-04,sh.600096,20.9300,20.9300,20.2700,20.4200,20.9200,36613212,752561723.1000
2023-01-05,sh.600096,20.4500,20.8800,20.3800,20.7300,20.4200,31964434,661569566.0300
2023-01-06,sh.600096,20.4000,21.1900,20.3800,20.9300,20.7300,43807439,917143058.2000
2023-01-09,sh.600096,20.9500,21.4600,20.9500,21.3500,20.9300,40211343,855914344.8600
2023-01-10,sh.600096,21.4500,21.4500,20.9000,21.2100,21.3500,28327664,596419670.6500
2023-01-11,sh.600096,21.0200,21.8500,20.9800,21.5100,21.2100,42816210,917282585.6400
2023-01-12,sh.600096,21.4500,21.5100,21.1000,21.1300,21.5100,28383601,603130034.3700
2023-01-13,sh.600096,21.0800,21.3400,20.8100,21.0100,21.1300,25744728,540732222.4600
2023-01-16,sh.600096,20.8600,21.5500,20.8600,21.3900,21.0100,35089284,748249315.0800
2023-01-17,sh.600096,21.3100,21.7800,21.3100,21.4600,21.3900,24059796,516698202.5700
2023-01-18,sh.600096,21.4600,21.9000,21.4600,21.6500,21.4600,25200285,546733512.7300
2023-01-19,sh.600096,21.6300,21.9900,21.4100,21.9500,21.6500,33237786,721304482.3800
2023-01-20,sh.600096,21.9900,22.3700,21.8700,22.3400,21.9500,35500484,787980148.5700
2023-01-30,sh.600096,22.6900,22.7500,22.1300,22.1500,22.3400,46841967,1049204319.5100
2023-01-31,sh.600096,22.1100,23.3000,22.0300,23.2000,22.1500,69597449,1591078386.7200
2023-02-01,sh.600096,23.2000,23.3500,23.0400,23.3100,23.2000,43523088,1009578317.3800
2023-02-02,sh.600096,23.3500,23.5200,23.1000,23.2800,23.3100,34409076,801954796.8400
2023-02-03,sh.600096,23.2300,23.2500,22.4100,22.7600,23.2800,44922498,1019901916.9100
2023-02-06,sh.600096,22.5000,22.7600,22.3400,22.5300,22.7600,25116328,565087041.1000
2023-02-07,sh.600096,22.5000,22.6400,22.3800,22.5400,22.5300,22552051,507825301.1700
2023-02-08,sh.600096,22.5600,22.6800,22.3300,22.3300,22.5400,21782002,490620331.2900
2023-02-09,sh.600096,22.3000,22.5800,22.1900,22.5400,22.3300,22142452,497740350.6400
2023-02-10,sh.600096,22.4800,23.1300,22.3800,22.9200,22.5400,41675540,951034058.1400
2023-02-13,sh.600096,22.9000,23.0900,22.8200,22.8900,22.9200,28098576,644062812.1700
2023-02-14,sh.600096,23.0200,23.2600,22.6000,22.7500,22.8900,26733336,610110698.7700
2023-02-15,sh.600096,22.7200,22.8400,22.3300,22.4000,22.7500,27940600,628222939.0400
2023-02-16,sh.600096,22.3500,22.6000,21.6800,21.9400,22.4000,32561559,724249852.5500
2023-02-17,sh.600096,21.8900,22.3000,21.8300,21.9100,21.9400,22538740,497068486.3600
2023-02-20,sh.600096,21.8800,22.9000,21.3800,22.8400,21.9100,54066959,1207921054.9100
2023-02-21,sh.600096,23.1300,24.1000,23.0500,23.6100,22.8400,93543130,2213071735.4800
2023-02-22,sh.600096,23.4700,24.1200,23.2300,23.6500,23.6100,60830063,1445695373.2600
2023-02-23,sh.600096,23.5700,23.6000,23.0300,23.2000,23.6500,40041114,932036715.2600
2023-02-24,sh.600096,23.1100,23.3500,22.9000,23.2200,23.2000,31527644,728671578.7200
2023-02-27,sh.600096,23.0700,24.7900,23.0000,24.4500,23.2200,116476006,2816001724.3200
2023-02-28,sh.600096,24.3800,24.4000,23.9000,24.2600,24.4500,53338562,1287426778.1100
2023-03-01,sh.600096,24.3400,24.3400,23.9100,24.1300,24.2600,42576455,1025084329.9200
2023-03-02,sh.600096,24.1200,24.6100,23.8800,23.9700,24.1300,42603194,1030688462.7300
2023-03-03,sh.600096,23.8800,24.2100,23.6900,24.2000,23.9700,35737010,855316730.6600
2023-03-06,sh.600096,24.2100,24.2600,23.4800,23.5100,24.2000,37009784,877234814.0500
2023-03-07,sh.600096,23.5100,23.8300,23.0000,23.0600,23.5100,34848649,816172188.2300
2023-03-08,sh.600096,23.0000,23.3200,22.8400,23.2000,23.0600,21276929,490835444.7500
2023-03-09,sh.600096,23.0400,23.1100,22.6300,22.7000,23.2000,30029983,685853324.0900
2023-03-10,sh.600096,22.5000,22.6500,22.0500,22.2000,22.7000,33706806,751326787.9100
2023-03-13,sh.600096,22.1900,22.4900,21.9500,22.4300,22.2000,31545078,700557974.1700
2023-03-14,sh.600096,22.3100,22.3500,21.6800,22.0900,22.4300,25186803,554898838.3700
2023-03-15,sh.600096,22.1700,22.4400,22.0100,22.1200,22.0900,21195320,470661532.3300
2023-03-16,sh.600096,22.0100,22.0300,21.1000,21.2000,22.1200,37998968,817245036.6800
2023-03-17,sh.600096,21.4700,21.5300,21.1800,21.2700,21.2000,23243368,496017796.4900
2023-03-20,sh.600096,21.2700,21.3900,21.0200,21.1200,21.2700,20751042,438571358.5600
2023-03-21,sh.600096,21.2000,21.5200,21.1100,21.5200,21.1200,23102953,492008755.8700
2023-03-22,sh.600096,21.5200,21.6700,21.3800,21.4300,21.5200,21041835,452228417.6600
2023-03-23,sh.600096,21.3000,21.3200,21.0500,21.1700,21.4300,28652398,605976108.0800
2023-03-24,sh.600096,21.1300,21.5000,20.9100,21.2300,21.1700,27447283,582551700.8400
2023-03-27,sh.600096,21.2200,21.2400,21.0000,21.0600,21.2300,21595304,454576108.3000
2023-03-28,sh.600096,21.0800,21.4900,21.0700,21.4600,21.0600,31452750,671503951.3500
2023-03-29,sh.600096,21.5100,21.5700,21.2400,21.3200,21.4600,19681633,420264236.5800
2023-03-30,sh.600096,21.3000,21.3500,21.0300,21.3300,21.3200,19626797,415510557.1400
2023-03-31,sh.600096,21.3900,21.4800,21.1500,21.2200,21.3300,20813475,443351952.2100
2023-04-03,sh.600096,21.2500,21.3800,21.0000,21.3000,21.2200,31518945,667959365.1700
2023-04-04,sh.600096,21.2800,21.2800,20.6100,20.7100,21.3000,43837770,912691764.4400
2023-04-06,sh.600096,20.6400,20.8300,20.3400,20.8000,20.7100,24992817,516231648.4100
2023-04-07,sh.600096,20.7800,20.8500,20.5600,20.6600,20.8000,23729347,490605152.7100
2023-04-10,sh.600096,20.5900,20.5900,20.1900,20.5400,20.6600,28633367,582635235.4900
2023-04-11,sh.600096,20.2400,20.2500,19.8400,19.9800,20.5400,40106033,800255077.7200
2023-04-12,sh.600096,19.9400,20.0800,19.6400,19.8600,19.9800,28813341,571438991.3800
2023-04-13,sh.600096,19.8200,20.0700,19.6400,19.9800,19.8600,23491992,467358523.4800
2023-04-14,sh.600096,19.9700,20.3600,19.8800,20.2800,19.9800,28580665,577446096.1300
2023-04-17,sh.600096,20.5500,21.0400,20.5500,20.7200,20.2800,40161453,834926381.6500
2023-04-18,sh.600096,20.7500,20.9200,20.5100,20.5600,20.7200,24691616,509751563.7100
2023-04-19,sh.600096,20.5600,20.5600,20.1100,20.2300,20.5600,25218372,510870509.3200
2023-04-20,sh.600096,20.1300,20.2300,19.8800,20.0100,20.2300,21867918,436727424.2500
2023-04-21,sh.600096,19.9500,20.1500,19.4700,19.5400,20.0100,24855396,492025845.9900
2023-04-24,sh.600096,19.4200,19.4600,18.7900,18.9800,19.5400,27085774,515251129.4400
2023-04-25,sh.600096,18.9400,18.9700,18.1100,18.3900,18.9800,34532211,634901985.4800
2023-04-26,sh.600096,18.2500,18.9400,18.1900,18.7500,18.3900,25106238,468100893.8400
2023-04-27,sh.600096,18.7000,18.7800,18.4500,18.5300,18.7500,16628792,308735642.3300
2023-04-28,sh.600096,18.6000,19.1500,18.5900,19.1300,18.5300,25609037,486139268.8400
2023-05-04,sh.600096,18.9400,19.2300,18.8600,19.1600,19.1300,15800006,301291643.2400
2023-05-05,sh.600096,19.1900,19.1900,18.5800,18.5800,19.1600,22480035,421473822.3000
2023-05-08,sh.600096,18.5700,18.9800,18.4900,18.9100,18.5800,19480836,365438219.0000
2023-05-09,sh.600096,18.9500,19.0900,18.6700,18.7200,18.9100,19110310,359894460.5900
2023-05-10,sh.600096,18.6500,19.6500,18.6500,19.3200,18.7200,38007389,736158789.3900
2023-05-11,sh.600096,19.3000,19.3000,19.0100,19.1400,19.3200,15895559,304284661.8300
2023-05-12,sh.600096,19.1200,19.2100,18.8200,18.8700,19.1400,13877217,262628836.6200
2023-05-15,sh.600096,18.9500,19.4100,18.9500,19.4100,18.8700,23556474,453352755.6300
2023-05-16,sh.600096,19.5000,19.5600,19.2200,19.4300,19.4100,17132300,332197484.6400
2023-05-17,sh.600096,19.4500,19.5200,19.2700,19.4500,19.4300,15179217,294360247.2500
2023-05-18,sh.600096,19.4500,19.4800,19.1400,19.2500,19.4500,17899912,345013360.5700
2023-05-19,sh.600096,18.2500,18.3400,17.9000,18.2000,18.2500,13100120,237873915.9600
2023-05-22,sh.600096,18.2000,18.3500,18.1500,18.2300,18.2000,9662737,176338798.6200
2023-05-23,sh.600096,18.2000,18.2900,18.0500,18.0500,18.2300,11562760,209791152.7500
2023-05-24,sh.600096,17.9800,18.0700,17.7800,17.8300,18.0500,13001085,232506545.1900
2023-05-25,sh.600096,17.8100,17.8100,17.2200,17.4300,17.8300,25398591,443414990.9800
2023-05-26,sh.600096,17.3600,17.4700,17.1100,17.3000,17.4300,13492935,232378158.7900
2023-05-29,sh.600096,17.3000,17.3700,17.0000,17.0300,17.3000,16353149,280159449.2400
2023-05-30,sh.600096,17.0300,17.0800,16.6400,16.9300,17.0300,18646798,313606473.0300
2023-05-31,sh.600096,16.8600,16.8600,16.6100,16.6600,16.9300,14381191,240175620.2200
2023-06-01,sh.600096,16.5800,17.1600,16.4900,16.9700,16.6600,20767749,351157023.0700
2023-06-02,sh.600096,17.0000,17.5000,16.9800,17.4800,16.9700,23821252,413779955.9100
2023-06-05,sh.600096,17.5000,17.7100,17.4000,17.4900,17.4800,14708058,257705912.7200
2023-06-06,sh.600096,17.4700,17.6500,17.2900,17.3300,17.4900,14777118,258123215.3900
2023-06-07,sh.600096,17.3000,17.3800,16.8900,16.9700,17.3300,15038230,256614051.6100
2023-06-08,sh.600096,16.9000,17.2500,16.9000,17.0600,16.9700,11308918,193247840.0300
2023-06-09,sh.600096,17.1000,17.1800,16.9400,17.0100,17.0600,10849780,184753523.5000
2023-06-12,sh.600096,17.0000,17.1800,16.8800,17.1100,17.0100,10019217,170736358.7000
2023-06-13,sh.600096,17.0500,17.1000,16.9000,16.9600,17.1100,11899073,201748397.3100
2023-06-14,sh.600096,16.9700,17.0800,16.7700,16.8100,16.9600,14509225,245062277.9300
2023-06-15,sh.600096,16.7800,17.2100,16.6500,17.1900,16.8100,21850741,371888549.9800
2023-06-16,sh.600096,17.2300,17.4000,17.1500,17.2800,17.1900,20271381,349912144.6800
2023-06-19,sh.600096,17.2900,17.4300,17.0800,17.1200,17.2800,15960263,274599925.3100
2023-06-20,sh.600096,17.1300,17.1600,16.9200,16.9200,17.1200,14329604,243432059.0000
2023-06-21,sh.600096,16.9000,17.1400,16.6700,16.6800,16.9200,17308798,291229873.9000
2023-06-26,sh.600096,16.6000,16.7500,16.2600,16.4700,16.6800,16915656,279393040.5300
2023-06-27,sh.600096,16.4200,17.1300,16.4100,17.0800,16.4700,26519742,449260271.5700
2023-06-28,sh.600096,17.1200,17.2200,16.8400,16.9600,17.0800,15500361,263296159.9700
2023-06-29,sh.600096,17.0600,17.0800,16.6200,16.7200,16.9600,19861682,332988892.5300
2023-06-30,sh.600096,16.6400,17.2000,16.6400,17.0700,16.7200,24904236,424935480.3000
2023-07-03,sh.600096,17.0500,17.3400,17.0500,17.2400,17.0700,19749579,341061792.1500
2023-07-04,sh.600096,17.2800,17.4800,17.2300,17.3200,17.2400,22205504,385366519.4400
2023-07-05,sh.600096,17.2600,17.3000,17.1000,17.1900,17.3200,13352200,229521756.6600
2023-07-06,sh.600096,17.1500,17.1700,16.9500,17.0800,17.1900,12620925,215304063.2000
2023-07-07,sh.600096,17.0000,17.0900,16.8000,16.9800,17.0800,11032874,186843586.4800
2023-07-10,sh.600096,17.0500,17.5700,17.0500,17.4500,16.9800,28229466,491176777.6800
2023-07-11,sh.600096,17.3800,17.3800,17.0300,17.1900,17.4500,24297798,416828693.3000
2023-07-12,sh.600096,17.1800,17.7200,17.1200,17.4600,17.1900,35679483,623338694.3100
2023-07-13,sh.600096,17.7000,17.7000,17.4500,17.5700,17.4600,24183448,424658909.4800
2023-07-14,sh.600096,17.5100,17.6400,17.3900,17.4300,17.5700,16946514,296263303.6000
2023-07-17,sh.600096,17.4000,17.6800,17.2600,17.4100,17.4300,17925022,312541891.9600
2023-07-18,sh.600096,17.5000,18.2400,17.4000,18.1200,17.4100,61726726,1105396795.7000
2023-07-19,sh.600096,18.0000,18.6000,17.9200,18.2700,18.1200,58533584,1070070804.0300
2023-07-20,sh.600096,18.3400,19.3800,18.3400,18.9500,18.2700,97730207,1861904965.7600
2023-07-21,sh.600096,18.8800,18.9000,18.3700,18.6500,18.9500,51901353,968295101.1600
2023-07-24,sh.600096,18.5700,18.6500,17.8500,17.9400,18.6500,41912265,756739103.9100
2023-07-25,sh.600096,18.1000,18.4900,18.0000,18.0300,17.9400,42498055,771550529.7700
2023-07-26,sh.600096,18.2600,19.0500,18.1800,18.7200,18.0300,70660082,1313879384.6400
2023-07-27,sh.600096,18.7000,18.7100,18.2600,18.3200,18.7200,40162744,741178063.6600
2023-07-28,sh.600096,18.5000,18.6000,18.1900,18.5300,18.3200,31559285,583101410.9100
2023-07-31,sh.600096,18.6900,18.6900,18.2800,18.4600,18.5300,41243940,760741817.3200
2023-08-01,sh.600096,18.4600,18.4600,17.9800,18.4000,18.4600,40076322,727988665.5600
2023-08-02,sh.600096,18.4200,18.8300,18.2000,18.2700,18.4000,29074107,536773608.4400
2023-08-03,sh.600096,18.2000,18.3800,18.1300,18.2200,18.2700,18723781,340843879.3200
2023-08-04,sh.600096,18.2600,18.3200,17.9500,17.9600,18.2200,29539857,534973435.4900
2023-08-07,sh.600096,17.8700,17.8700,17.6600,17.8200,17.9600,19829335,352073226.8500
2023-08-08,sh.600096,17.7500,18.2300,17.5100,18.2000,17.8200,28851931,517906312.9700
2023-08-09,sh.600096,18.0800,18.2300,17.9700,18.1500,18.2000,16406536,297101223.9900
2023-08-10,sh.600096,18.2100,18.4600,18.1800,18.1900,18.1500,20849104,381895983.9900
2023-08-11,sh.600096,18.2400,18.2500,17.8100,17.8600,18.1900,16534038,297548068.8200
2023-08-14,sh.600096,17.6000,17.8000,17.4000,17.7600,17.8600,17635766,310084731.2100
2023-08-15,sh.600096,17.7000,17.8000,17.2600,17.3800,17.7600,19161146,334676478.5100
2023-08-16,sh.600096,17.3900,17.4800,17.2000,17.2500,17.3800,11413185,197561106.3400
2023-08-17,sh.600096,17.1700,17.2300,16.9800,17.2300,17.2500,11791081,201789851.4400
2023-08-18,sh.600096,17.2300,17.2900,16.8500,16.8600,17.2300,14325490,244036552.5400
2023-08-21,sh.600096,16.7500,17.1200,16.7000,16.8000,16.8600,10009490,169202117.6000
2023-08-22,sh.600096,16.9000,16.9500,16.4200,16.7300,16.8000,15830161,263883443.3600
2023-08-23,sh.600096,16.9300,16.9900,16.6300,16.7500,16.7300,14717567,247533595.2800
2023-08-24,sh.600096,16.6800,16.8700,16.5800,16.7400,16.7500,12283774,205339995.2000
2023-08-25,sh.600096,16.6800,16.7400,16.3600,16.4100,16.7400,15343549,253239707.6900
2023-08-28,sh.600096,17.0700,17.3500,16.8800,16.9300,16.4100,36211298,618796105.4400
2023-08-29,sh.600096,16.8700,17.3000,16.7700,17.1900,16.9300,26089490,445740891.3900
2023-08-30,sh.600096,17.1000,17.2500,17.0700,17.1800,17.1900,14465723,248411237.8500
2023-08-31,sh.600096,17.2000,17.2800,17.0100,17.2400,17.1800,15899812,273219814.7700
2023-09-01,sh.600096,17.2300,17.6500,17.1700,17.5100,17.2400,21676559,379169663.1500
2023-09-04,sh.600096,17.5500,18.0900,17.4800,17.9300,17.5100,31340489,560044740.6200
2023-09-05,sh.600096,17.9200,17.9200,17.6900,17.8000,17.9300,19550021,347453026.8300
2023-09-06,sh.600096,17.7200,17.8000,17.5800,17.7600,17.8000,14177383,250668560.7900
2023-09-07,sh.600096,17.6900,17.9300,17.5500,17.5600,17.7600,14849549,262759371.9500
2023-09-08,sh.600096,17.4700,17.6000,17.3100,17.3400,17.5600,12021473,209485682.7400
2023-09-11,sh.600096,17.8500,18.2500,17.6900,17.7800,17.3400,38718886,696441409.8100
2023-09-12,sh.600096,17.9100,17.9400,17.7000,17.8700,17.7800,15879345,283446298.5300
2023-09-13,sh.600096,17.7900,17.8800,17.6200,17.7300,17.8700,12316017,218206053.7400
2023-09-14,sh.600096,17.6500,17.7900,17.5100,17.5800,17.7300,9265329,163217827.8700
2023-09-15,sh.600096,17.6800,17.7500,17.3700,17.4200,17.5800,11306978,197606929.7400
2023-09-18,sh.600096,17.3000,17.6600,17.1500,17.6200,17.4200,15105100,264181925.3000
2023-09-19,sh.600096,17.5400,17.7400,17.5000,17.5500,17.6200,8103834,142397109.6600
2023-09-20,sh.600096,17.5200,17.5600,17.4200,17.5200,17.5500,8616605,150747338.5000
2023-09-21,sh.600096,17.4300,17.6500,17.3500,17.5700,17.5200,12243860,214826656.1200
2023-09-22,sh.600096,17.5200,17.6900,17.4200,17.6800,17.5700,11898295,208874088.7100
2023-09-25,sh.600096,17.5600,17.6500,17.2800,17.3800,17.6800,12426863,216779773.9800
2023-09-26,sh.600096,17.3700,17.4100,17.1900,17.1900,17.3800,9535769,164755199.2600
2023-09-27,sh.600096,17.1700,17.4600,17.0900,17.1200,17.1900,13055553,224971572.8300
2023-09-28,sh.600096,17.0900,17.2100,17.0200,17.0900,17.1200,9737897,166446542.9100
2023-10-09,sh.600096,17.0500,17.1500,16.9300,17.0100,17.0900,7398789,125848974.7600
2023-10-10,sh.600096,17.1000,17.2400,16.9500,17.0000,17.0100,8644131,147560925.3500
2023-10-11,sh.600096,16.9600,17.0700,16.7700,16.8400,17.0000,9867000,166786023.3100
2023-10-12,sh.600096,16.9300,17.2200,16.9000,17.1500,16.8400,15859204,271287693.3100
2023-10-13,sh.600096,17.0700,17.0700,16.7800,16.9400,17.1500,10427549,176223605.5100
2023-10-16,sh.600096,16.9600,16.9700,16.6600,16.7000,16.9400,9980208,166921806.9400
2023-10-17,sh.600096,16.7100,16.7700,16.5800,16.6700,16.7000,7377800,122938194.5800
2023-10-18,sh.600096,16.6300,16.6400,16.4500,16.5200,16.6700,7631787,125921277.8900
2023-10-19,sh.600096,16.4000,16.4900,16.1500,16.2000,16.5200,12123696,197215945.2100
2023-10-20,sh.600096,16.0000,16.3300,16.0000,16.1600,16.2000,8539675,138017924.0300
2023-10-23,sh.600096,16.1600,16.1600,15.5300,15.6100,16.1600,11396558,179796653.7600
2023-10-24,sh.600096,15.6700,15.9500,15.6500,15.7700,15.6100,10608135,167465057.7000
2023-10-25,sh.600096,15.9300,16.1500,15.8700,16.0000,15.7700,11207977,179719801.3500
2023-10-26,sh.600096,15.9400,15.9400,15.7000,15.9400,16.0000,9495182,150051716.9900
2023-10-27,sh.600096,15.8600,16.2600,15.7300,16.1700,15.9400,14989910,241889682.4500
2023-10-30,sh.600096,16.2000,16.6900,16.1900,16.5900,16.1700,20828206,343747672.9400
2023-10-31,sh.600096,16.5700,16.6800,16.4000,16.6500,16.5900,14326615,237245386.1700
2023-11-01,sh.600096,16.6700,16.7300,16.5100,16.6600,16.6500,8936914,148635132.3500
2023-11-02,sh.600096,16.6500,16.7300,16.5100,16.5600,16.6600,10847515,180326537.2800
2023-11-03,sh.600096,16.6700,16.8300,16.6100,16.7800,16.5600,11404307,191065833.4600
2023-11-06,sh.600096,16.8700,16.9800,16.7800,16.8600,16.7800,12078519,203593902.5000
2023-11-07,sh.600096,16.8600,16.9000,16.7100,16.8200,16.8600,12774320,214815125.4100
2023-11-08,sh.600096,16.7400,16.8200,16.5300,16.6600,16.8200,13399892,223190688.5000
2023-11-09,sh.600096,16.7300,16.9000,16.6200,16.7600,16.6600,13613538,228336471.7600
2023-11-10,sh.600096,16.7100,16.8100,16.5800,16.6600,16.7600,9087249,151648404.5600
2023-11-13,sh.600096,16.7000,16.7700,16.5500,16.6400,16.6600,11702980,194557784.9700
2023-11-14,sh.600096,16.6500,16.6700,16.4100,16.4500,16.6400,15251169,251724841.1100
2023-11-15,sh.600096,16.5800,16.6800,16.4800,16.5800,16.4500,14027266,232565479.0000
2023-11-16,sh.600096,16.5600,16.5600,16.3200,16.4300,16.5800,10623431,174342983.2600
2023-11-17,sh.600096,16.3300,16.4900,16.3100,16.3300,16.4300,8615701,141045766.5800
2023-11-20,sh.600096,16.3400,16.3900,16.1300,16.2400,16.3300,14098656,228926356.0100
2023-11-21,sh.600096,16.2500,16.6000,16.2500,16.3400,16.2400,16640395,273752982.7100
2023-11-22,sh.600096,16.3100,16.3500,16.1300,16.1500,16.3400,11673777,189120352.3400
2023-11-23,sh.600096,16.1400,16.1900,16.0500,16.1900,16.1500,9200849,148468792.9500
2023-11-24,sh.600096,16.1300,16.2200,16.0100,16.0600,16.1900,9570308,154091816.8700
2023-11-27,sh.600096,16.0000,16.0500,15.7600,15.8800,16.0600,10786791,171262867.7600
2023-11-28,sh.600096,15.8200,15.9900,15.7100,15.9700,15.8800,8908512,141650957.9000
2023-11-29,sh.600096,15.9500,16.1300,15.8500,15.9000,15.9700,9972011,159273059.0100
2023-11-30,sh.600096,15.9000,15.9000,15.6700,15.7200,15.9000,10479413,165232485.4000
2023-12-01,sh.600096,15.7200,15.7800,15.5300,15.7100,15.7200,12827460,200834432.6800
2023-12-04,sh.600096,15.9000,16.1700,15.8900,15.9500,15.7100,19806713,317539938.7700
2023-12-05,sh.600096,15.9600,16.0900,15.7000,15.7100,15.9500,13340483,211774927.2500
2023-12-06,sh.600096,15.6000,16.0100,15.6000,15.7900,15.7100,13204198,209678469.1600
2023-12-07,sh.600096,15.7100,15.7700,15.4500,15.5600,15.7900,14765083,229383141.6900
2023-12-08,sh.600096,15.5600,15.6500,15.4700,15.4700,15.5600,10323553,160425344.3200
2023-12-11,sh.600096,15.3100,15.5000,15.1600,15.4500,15.4700,14321773,218970444.0000
2023-12-12,sh.600096,15.4000,15.4300,15.2600,15.3700,15.4500,9194122,141020152.6200
2023-12-13,sh.600096,15.3500,15.3500,15.0300,15.0700,15.3700,12846147,194534705.9300
2023-12-14,sh.600096,15.1400,15.2200,14.8100,14.8100,15.0700,15196415,227547393.9600
2023-12-15,sh.600096,14.8300,15.0400,14.6000,14.6000,14.8100,17232276,254617080.1100
2023-12-18,sh.600096,14.5100,14.5900,14.1600,14.2000,14.6000,20681631,295476928.0400
2023-12-19,sh.600096,14.1600,14.3300,14.1000,14.2200,14.2000,10596724,150595364.3500
2023-12-20,sh.600096,14.2100,14.3500,14.1700,14.2200,14.2200,8869492,126437173.5200
2023-12-21,sh.600096,14.1100,14.3800,14.0900,14.3800,14.2200,13406556,191237179.0300
2023-12-22,sh.600096,14.4100,15.0600,14.2300,14.9300,14.3800,31859978,470188235.7500
2023-12-25,sh.600096,14.9200,15.0500,14.7100,15.0100,14.9300,17154048,256019087.4100
2023-12-26,sh.600096,14.9200,15.8200,14.9200,15.4400,15.0100,42438856,658529692.3800
2023-12-27,sh.600096,15.2100,15.4400,15.0200,15.3200,15.4400,28497437,433924056.6100
2023-12-28,sh.600096,15.2800,15.6400,15.2400,15.5700,15.3200,24720936,383022327.4000
2023-12-29,sh.600096,15.5000,15.8000,15.4000,15.6000,15.5700,20763649,324331695.2600
2024-01-02,sh.600096,15.6200,15.9200,15.5200,15.7900,15.6000,21294828,335774985.4500
2024-01-03,sh.600096,15.8000,16.7800,15.7000,16.2600,15.7900,57308324,933785699.3000
2024-01-04,sh.600096,16.2500,16.6900,16.2500,16.3300,16.2600,46891393,772019197.2700
2024-01-05,sh.600096,16.1400,16.4300,16.0100,16.1000,16.3300,33455293,541441642.8100
2024-01-08,sh.600096,16.0500,16.3400,15.8600,16.0700,16.1000,29955953,482604829.2800
2024-01-09,sh.600096,15.9500,16.3000,15.7600,16.0400,16.0700,28062121,450053732.0800
2024-01-10,sh.600096,15.9900,16.2200,15.9200,15.9600,16.0400,17733175,284834841.5800
2024-01-11,sh.600096,15.8100,16.0500,15.7200,15.9100,15.9600,20849517,330933968.1100
2024-01-12,sh.600096,15.8400,16.3800,15.8100,16.1800,15.9100,27701127,448445490.3300
2024-01-15,sh.600096,16.1000,16.2800,16.0000,16.0100,16.1800,16528700,266337215.0000
2024-01-16,sh.600096,15.9900,15.9900,15.5900,15.8800,16.0100,19560231,308402914.5100
2024-01-17,sh.600096,15.8700,16.0000,15.6900,15.6900,15.8800,15382006,244285814.8800
2024-01-18,sh.600096,15.5600,15.7400,15.1700,15.7000,15.6900,21317707,329410805.5700
2024-01-19,sh.600096,15.7000,15.9500,15.4400,15.4600,15.7000,11920871,186341088.5500
2024-01-22,sh.600096,15.3600,15.3800,14.5500,14.6100,15.4600,27179532,405718395.5700
2024-01-23,sh.600096,14.5600,15.1300,14.3500,15.0400,14.6100,17927020,265989754.6700
2024-01-24,sh.600096,15.1200,15.4400,14.8100,15.3200,15.0400,18279478,277443341.4000
2024-01-25,sh.600096,15.3200,15.6500,15.2800,15.6500,15.3200,18928535,293561098.2800
2024-01-26,sh.600096,15.5000,15.7600,15.4800,15.5900,15.6500,13325127,207956805.6400
2024-01-29,sh.600096,15.5500,15.7900,15.5000,15.5900,15.5900,17241160,269728712.0900
2024-01-30,sh.600096,15.5800,16.3500,15.4400,15.9100,15.5900,36179418,580459279.1300
2024-01-31,sh.600096,15.9200,16.1100,15.6200,15.7600,15.9100,27277606,433175058.6200
2024-02-01,sh.600096,15.7100,16.0200,15.6500,15.7900,15.7600,18353794,291196555.4600
2024-02-02,sh.600096,15.7800,15.8800,15.0000,15.4600,15.7900,23400558,362250380.3700
2024-02-05,sh.600096,15.3800,15.8800,14.6900,15.5900,15.4600,38369059,589016861.9600
2024-02-06,sh.600096,15.2600,16.5900,15.2600,16.5000,15.5900,36637287,589942195.4100
2024-02-07,sh.600096,16.4500,17.4000,16.4200,17.2900,16.5000,49723426,851138730.0400
2024-02-08,sh.600096,17.3100,17.9500,16.9100,16.9500,17.2900,48692893,846879020.3300
2024-02-19,sh.600096,17.0000,17.2500,16.7800,17.2200,16.9500,35947257,613431768.3600
2024-02-20,sh.600096,17.3000,18.1800,17.1500,18.0700,17.2200,58003973,1033989581.6800
2024-02-21,sh.600096,17.8300,18.2800,17.7500,17.9100,18.0700,49927988,902585260.9700
2024-02-22,sh.600096,17.8100,18.1000,17.7400,18.0600,17.9100,30298459,542892058.6600
2024-02-23,sh.600096,18.0700,18.3500,17.9500,18.1400,18.0600,30014033,544684942.5100
2024-02-26,sh.600096,18.0000,18.2600,17.8600,18.0600,18.1400,27992788,506226587.0300
2024-02-27,sh.600096,18.0000,18.0500,17.7800,18.0300,18.0600,32333332,578925786.4300
2024-02-28,sh.600096,18.0500,18.4800,17.9100,17.9100,18.0300,40671951,739855038.6100
2024-02-29,sh.600096,17.9000,18.2400,17.8800,18.2400,17.9100,32709287,591989793.2200
2024-03-01,sh.600096,18.1500,18.8800,18.1500,18.6800,18.2400,44080694,820976226.4300
2024-03-04,sh.600096,18.5000,19.1200,18.5000,19.0800,18.6800,45882230,866493127.0900
2024-03-05,sh.600096,18.9800,19.1900,18.8200,19.0600,19.0800,28828238,548360303.7800
2024-03-06,sh.600096,19.0800,19.5000,18.8300,19.3000,19.0600,37250187,717398523.2500
2024-03-07,sh.600096,19.2200,19.9400,19.2200,19.4900,19.3000,41056395,806670485.1300
2024-03-08,sh.600096,19.5900,19.8900,19.2600,19.5700,19.4900,27923320,544307919.4500
2024-03-11,sh.600096,19.5100,19.7100,19.2200,19.5800,19.5700,22726037,441825960.7200
2024-03-12,sh.600096,19.5700,19.7200,19.1300,19.2100,19.5800,30402568,586444024.9100
2024-03-13,sh.600096,19.3300,19.3500,18.8000,19.2100,19.2100,25146154,479382573.9100
2024-03-14,sh.600096,19.1200,19.4000,19.0100,19.1900,19.2100,17785473,340832462.2200
2024-03-15,sh.600096,19.2000,19.6200,18.9600,19.6200,19.1900,24109007,466194285.7100
2024-03-18,sh.600096,19.5800,19.6000,19.1000,19.4900,19.6200,24425265,472763776.7900
2024-03-19,sh.600096,19.5000,19.6900,19.3900,19.4000,19.4900,17836804,348499684.8200
2024-03-20,sh.600096,19.2900,19.4000,19.0200,19.2000,19.4000,18825795,361287673.9100
2024-03-21,sh.600096,19.2100,19.3200,19.0100,19.1200,19.2000,16384676,313599984.2000
2024-03-22,sh.600096,19.1900,19.2000,18.4500,18.5000,19.1200,31735007,592524420.1800
2024-03-25,sh.600096,18.6000,19.0900,18.4000,18.6900,18.5000,26391803,497932625.8900
2024-03-26,sh.600096,19.0400,19.2400,18.8500,19.0300,18.6900,28976541,551998159.8800
2024-03-27,sh.600096,18.9200,19.1000,18.4900,18.4900,19.0300,23328414,436850943.5700
2024-03-28,sh.600096,18.5200,18.7900,18.4100,18.5300,18.4900,16623784,309037669.4700
2024-03-29,sh.600096,18.5300,19.0000,18.5000,18.9800,18.5300,17119205,322564100.5100
2024-04-01,sh.600096,18.8500,19.4000,18.2500,19.3100,18.9800,29835485,568799377.2800
2024-04-02,sh.600096,19.2900,19.5900,19.2100,19.4600,19.3100,24659366,479827029.7300
2024-04-03,sh.600096,19.4400,19.9300,19.4100,19.8000,19.4600,34385389,677745070.9700
2024-04-08,sh.600096,19.7600,20.2000,19.3000,19.3900,19.8000,38964514,772418132.3000
2024-04-09,sh.600096,19.3000,19.4800,19.1700,19.2900,19.3900,22066730,425591568.4000
2024-04-10,sh.600096,19.3100,19.6800,19.2100,19.3600,19.2900,20389866,396026917.0500
2024-04-11,sh.600096,19.2000,19.6300,18.9400,19.4000,19.3600,20789596,401589724.5600
2024-04-12,sh.600096,19.5000,19.5600,19.1300,19.3500,19.4000,15634195,302571844.5700
2024-04-15,sh.600096,20.1900,21.0000,19.9700,20.9500,19.3500,74504874,1533611984.1300
2024-04-16,sh.600096,20.9100,21.5000,20.3800,20.5400,20.9500,60985137,1270661353.1000
2024-04-17,sh.600096,20.5800,21.1000,20.3000,21.0500,20.5400,45828402,950047346.7500
2024-04-18,sh.600096,20.8600,21.3300,20.6700,20.8200,21.0500,35805521,749501660.7300
2024-04-19,sh.600096,20.7000,21.8700,20.7000,21.5200,20.8200,73605913,1583027234.2700
2024-04-22,sh.600096,21.5200,21.6500,20.6600,20.6700,21.5200,56007546,1180230699.2300
2024-04-23,sh.600096,20.3900,20.5600,20.0000,20.0600,20.6700,42667971,863320102.5700
2024-04-24,sh.600096,19.9500,20.2700,19.7800,20.2600,20.0600,28554469,572141348.1000
2024-04-25,sh.600096,20.1200,20.6000,19.9600,20.3000,20.2600,30077360,612731927.3000
2024-04-26,sh.600096,20.1200,20.6000,20.0600,20.4900,20.3000,37709733,769064413.7200
2024-04-29,sh.600096,20.4900,20.8300,20.3300,20.7700,20.4900,40862229,841403103.1800
2024-04-30,sh.600096,20.7000,21.0000,20.2000,20.2500,20.7700,35049690,721812056.6600
2024-05-06,sh.600096,20.4700,21.4400,20.3300,21.4000,20.2500,58510408,1230755359.9700
2024-05-07,sh.600096,21.4000,21.7900,21.2500,21.5600,21.4000,62775977,1351727962.7400
2024-05-08,sh.600096,21.5000,21.8900,21.1000,21.1600,21.5600,41535579,888078457.9800
2024-05-09,sh.600096,21.0100,21.6500,21.0000,21.5200,21.1600,35940248,771101597.6900
2024-05-10,sh.600096,21.5200,21.7900,21.2500,21.5000,21.5200,25016408,537285132.0800
2024-05-13,sh.600096,21.2500,22.0300,21.1000,21.7500,21.5000,40927338,883405044.4400
2024-05-14,sh.600096,21.7500,21.8400,21.3500,21.3800,21.7500,26353035,567178796.4000
2024-05-15,sh.600096,21.2600,21.5900,21.1500,21.2800,21.3800,22617345,483059561.6500
2024-05-16,sh.600096,21.3000,22.0200,21.3000,21.5600,21.2800,43117225,936795251.1500
2024-05-17,sh.600096,21.4600,21.7100,20.9000,21.3700,21.5600,37079194,785911301.1300
2024-05-20,sh.600096,21.7500,22.1000,21.5900,21.9800,21.3700,49489478,1082047531.3800
2024-05-21,sh.600096,22.0000,22.0000,21.3000,21.5000,21.9800,33726115,726698332.6000
2024-05-22,sh.600096,20.5900,20.7400,20.3500,20.4300,20.5100,28071457,576236514.6900
2024-05-23,sh.600096,20.2400,20.3100,20.0600,20.2700,20.4300,26876160,542571163.4200
2024-05-24,sh.600096,20.2600,20.5700,20.1800,20.2300,20.2700,18227001,371050857.6100
2024-05-27,sh.600096,20.2300,20.7500,20.2300,20.4800,20.2300,24456898,502032221.1200
2024-05-28,sh.600096,20.5700,20.7400,20.3800,20.5100,20.4800,27765080,571922649.9200
2024-05-29,sh.600096,20.5100,21.0700,20.3300,20.9800,20.5100,34361361,716357858.5700
2024-05-30,sh.600096,21.0500,22.0000,21.0500,21.2000,20.9800,68404920,1485147438.9600
2024-05-31,sh.600096,21.2100,21.2400,20.5200,20.7300,21.2000,37609845,783632145.3900
2024-06-03,sh.600096,20.6800,20.7500,20.3100,20.4900,20.7300,34313200,704476775.1500
2024-06-04,sh.600096,20.4900,21.0000,20.4000,20.8500,20.4900,33343671,693840156.2100
2024-06-05,sh.600096,20.8300,21.2100,20.6500,20.8600,20.8500,27359091,572689940.2100
2024-06-06,sh.600096,20.8900,21.7200,20.8800,21.4500,20.8600,41884495,896591212.1700
2024-06-07,sh.600096,21.4600,21.6400,21.0400,21.2400,21.4500,25893189,550598482.1800
2024-06-11,sh.600096,21.0000,21.1000,20.1800,20.4900,21.2400,36193396,742891844.3400
2024-06-12,sh.600096,20.2600,20.7800,20.2600,20.6700,20.4900,18017930,371145874.3000
2024-06-13,sh.600096,20.5800,20.6900,19.8100,20.0000,20.6700,36910321,742664554.0200
2024-06-14,sh.600096,19.8500,20.1500,19.8500,20.0000,20.0000,17563994,351404236.6200
2024-06-17,sh.600096,20.0600,20.2300,19.8500,20.0300,20.0000,18513326,370513616.0600
2024-06-18,sh.600096,20.0800,20.5400,19.8000,20.5100,20.0300,22313899,452849919.7000
2024-06-19,sh.600096,20.5100,20.7200,20.2800,20.2800,20.5100,13163200,269028574.8000
2024-06-20,sh.600096,20.3500,20.4700,19.8900,19.9200,20.2800,17687265,355908741.8700
2024-06-21,sh.600096,19.8000,20.3500,19.8000,19.8200,19.9200,20072720,402983734.1900
2024-06-24,sh.600096,19.9300,20.0200,19.4500,19.7400,19.8200,22867654,450520839.3000
2024-06-25,sh.600096,19.7000,20.1900,19.5100,19.9000,19.7400,18645551,370632508.7100
2024-06-26,sh.600096,19.8000,20.0200,19.4300,19.9900,19.9000,20866806,411338393.6000
2024-06-27,sh.600096,19.8500,19.8500,19.3000,19.3500,19.9900,22568054,438752981.2200
2024-06-28,sh.600096,19.3500,19.6700,19.2800,19.4200,19.3500,22422028,436041369.1600
2024-07-01,sh.600096,19.4300,20.6000,19.3600,20.4300,19.4200,40049707,807215963.6600
2024-07-02,sh.600096,20.3400,20.5100,19.7800,19.9400,20.4300,24069023,482344639.6000
2024-07-03,sh.600096,19.9400,20.0300,19.7700,19.8100,19.9400,12012923,238598200.7800
2024-07-04,sh.600096,19.8800,20.1400,19.5900,19.6500,19.8100,18224424,361225050.4600
2024-07-05,sh.600096,19.6600,19.9100,19.3900,19.8600,19.6500,14751090,289640611.6000
2024-07-08,sh.600096,20.1500,20.2500,19.2300,19.2800,19.8600,24225198,472976789.7700
2024-07-09,sh.600096,19.2000,19.9300,19.2000,19.8200,19.2800,22573632,442425229.5200
2024-07-10,sh.600096,20.4000,21.0100,20.2900,20.4800,19.8200,52010817,1075999031.6000
2024-07-11,sh.600096,20.6800,21.1600,20.5100,20.9500,20.4800,28638595,598571543.1100
2024-07-12,sh.600096,20.8000,21.0500,20.6700,20.7800,20.9500,16093845,334798458.2600
2024-07-15,sh.600096,20.7100,21.1200,20.6300,21.0200,20.7800,18534816,388878639.9600
2024-07-16,sh.600096,21.0800,21.2200,20.8000,21.2000,21.0200,21174200,445911733.0000
2024-07-17,sh.600096,21.1900,21.3400,20.8800,20.9400,21.2000,15653581,328957591.5500
2024-07-18,sh.600096,20.7700,21.0400,20.6900,20.9500,20.9400,15767116,328964262.6000
2024-07-19,sh.600096,20.8700,20.8700,20.3800,20.4300,20.9500,23062754,474421208.1000
2024-07-22,sh.600096,20.4900,20.5100,20.1500,20.3600,20.4300,19896497,404145873.4200
2024-07-23,sh.600096,20.4600,20.4800,19.3000,19.3000,20.3600,35341894,693530853.1600
2024-07-24,sh.600096,19.2500,19.2800,18.3600,18.9100,19.3000,40441865,760375330.7800
2024-07-25,sh.600096,18.7800,18.9800,18.5800,18.8500,18.9100,18334798,345004033.8400
2024-07-26,sh.600096,18.8000,19.5000,18.7900,19.2500,18.8500,18576762,357761530.4300
2024-07-29,sh.600096,19.3000,19.3200,18.8100,18.8400,19.2500,14367348,272383609.6200
2024-07-30,sh.600096,18.9300,18.9800,18.5400,18.8300,18.8400,12356054,232032862.0200
2024-07-31,sh.600096,18.8000,19.6000,18.5700,19.5900,18.8300,25619546,493975891.2500
2024-08-01,sh.600096,19.5800,19.9300,19.3900,19.4200,19.5900,14186812,277381744.0400
2024-08-02,sh.600096,19.2900,19.6900,19.2200,19.3700,19.4200,10782429,209982932.3400
2024-08-05,sh.600096,19.2900,19.6400,18.9200,18.9200,19.3700,20188500,387879902.7800
2024-08-06,sh.600096,19.2100,19.3800,19.0100,19.2300,18.9200,13642824,261962601.7600
2024-08-07,sh.600096,19.2000,19.7800,19.0300,19.6000,19.2300,15279644,297902266.6600
2024-08-08,sh.600096,19.5100,19.7800,19.4800,19.7200,19.6000,10425900,204797524.9800
2024-08-09,sh.600096,19.7300,19.9800,19.6600,19.7100,19.7200,10498504,208094649.8600
2024-08-12,sh.600096,19.6000,19.8500,19.5500,19.6600,19.7100,11148043,219171683.9600
2024-08-13,sh.600096,19.6900,20.0300,18.9500,20.0000,19.6600,27760054,544177074.5100
2024-08-14,sh.600096,20.0000,20.6100,19.9300,20.2400,20.0000,26566505,540461478.1200
2024-08-15,sh.600096,20.2000,20.5200,20.1600,20.4600,20.2400,17812456,363234103.4000
2024-08-16,sh.600096,20.5000,20.5400,20.1500,20.2700,20.4600,13561166,275596375.7300
2024-08-19,sh.600096,20.2700,20.7800,20.2700,20.5200,20.2700,15256300,313929919.0000
2024-08-20,sh.600096,20.5500,20.6800,20.2000,20.3500,20.5200,13791700,281293167.0000
2024-08-21,sh.600096,20.3100,20.5800,20.2200,20.4200,20.3500,10645840,217825307.5000
2024-08-22,sh.600096,20.4500,20.5800,20.2000,20.4500,20.4200,11836060,241983492.4300
2024-08-23,sh.600096,20.4100,20.9500,20.3500,20.6800,20.4500,18076064,374445696.3500
2024-08-26,sh.600096,20.7000,20.9500,20.4900,20.8800,20.6800,15928374,331292366.6800
2024-08-27,sh.600096,20.8800,21.0500,20.7300,20.9100,20.8800,12173457,254341964.2600
2024-08-28,sh.600096,20.7800,21.2500,20.7800,20.9100,20.9100,17276291,363250619.6100
2024-08-29,sh.600096,20.8000,21.1000,20.7100,20.8500,20.9100,14329640,299411984.8000
2024-08-30,sh.600096,20.8200,20.9300,20.2300,20.6400,20.8500,31616484,651636942.5200
2024-09-02,sh.600096,20.5900,21.0500,20.5200,20.8400,20.6400,24878734,519971784.0000
2024-09-03,sh.600096,20.8300,21.0000,20.6000,20.8000,20.8400,15637537,326415869.0300
2024-09-04,sh.600096,20.6900,20.9300,20.4500,20.5200,20.8000,15606753,322459889.9400
2024-09-05,sh.600096,20.4600,20.6500,20.0900,20.3600,20.5200,17717000,359546226.0000
2024-09-06,sh.600096,20.3900,20.5100,20.2300,20.2900,20.3600,9770200,199081365.0700
2024-09-09,sh.600096,20.2400,20.3200,19.9400,20.0400,20.2900,14644402,293912408.2700
2024-09-10,sh.600096,20.0300,20.1000,19.2100,19.3400,20.0400,23847222,465060048.4000
2024-09-11,sh.600096,19.2100,19.4000,19.1600,19.3000,19.3400,13593154,261700810.1800
2024-09-12,sh.600096,19.2500,19.5800,18.9400,18.9800,19.3000,17226000,329508268.0000
2024-09-13,sh.600096,18.9800,19.0600,18.5100,18.5800,18.9800,16905249,316322788.3200
2024-09-18,sh.600096,18.5300,18.7300,18.3500,18.6300,18.5800,15219079,281867699.8600
2024-09-19,sh.600096,18.7600,18.9100,18.2200,18.7000,18.6300,24086783,448143389.0100
2024-09-20,sh.600096,18.7000,18.7100,18.2500,18.5100,18.7000,22871238,421961932.0800
2024-09-23,sh.600096,18.4800,19.0100,18.4400,18.6700,18.5100,23799485,446403165.2800
2024-09-24,sh.600096,18.7900,19.6300,18.4800,19.6300,18.6700,41238609,789484893.1800
2024-09-25,sh.600096,19.8000,20.1600,19.4800,19.5200,19.6300,35784441,709225078.1300
2024-09-26,sh.600096,19.4200,20.0800,19.4200,20.0800,19.5200,25588914,506173619.0000
2024-09-27,sh.600096,20.3700,20.7500,20.3500,20.7100,20.0800,26812441,551777435.2700
2024-09-30,sh.600096,21.7500,22.7000,21.3300,22.6300,20.7100,71704653,1583115634.3500
2024-10-08,sh.600096,24.8000,24.8900,22.3000,23.1300,22.6300,94744970,2232094615.6300
2024-10-09,sh.600096,22.6800,23.2300,21.8000,22.0700,23.1300,64277626,1445191593.9000
2024-10-10,sh.600096,22.4000,23.3200,22.2600,22.7400,22.0700,51058858,1164953851.9400
2024-10-11,sh.600096,22.8400,22.8800,21.8100,22.3600,22.7400,37410542,833005365.9000
2024-10-14,sh.600096,22.3000,22.7300,22.0000,22.6900,22.3600,42072680,943351833.4400
2024-10-15,sh.600096,23.4000,23.8200,22.8900,22.9500,22.6900,74019262,1724054076.3100
2024-10-16,sh.600096,22.6400,23.5200,22.6100,22.9000,22.9500,43452364,1003101830.4300
2024-10-17,sh.600096,23.0800,23.2100,22.4000,22.4200,22.9000,31473400,716784383.3000
2024-10-18,sh.600096,22.4500,23.2200,22.3500,22.7400,22.4200,40457026,922083782.7100
2024-10-21,sh.600096,22.8500,23.0300,22.4300,22.9300,22.7400,41373715,942507001.5000
2024-10-22,sh.600096,23.0000,23.2300,22.7300,23.1700,22.9300,34605644,797097398.5000
2024-10-23,sh.600096,23.1900,23.5200,22.8500,23.3500,23.1700,40752430,946737992.3700
2024-10-24,sh.600096,23.3500,23.6500,23.0500,23.1600,23.3500,27207309,632352093.8400
2024-10-25,sh.600096,23.1900,24.0900,23.0600,24.0000,23.1600,59763673,1417494431.6900
2024-10-28,sh.600096,24.1800,24.2500,23.1500,23.7900,24.0000,46479722,1098445408.3700
2024-10-29,sh.600096,23.7900,23.9200,23.3000,23.4300,23.7900,34714096,818656574.8500
2024-10-30,sh.600096,23.4000,23.9000,23.1400,23.3100,23.4300,25946391,607965453.1800
2024-10-31,sh.600096,23.1500,23.3300,22.9300,23.0200,23.3100,32731050,754451019.4200
2024-11-01,sh.600096,22.9000,23.8200,22.8300,23.3500,23.0200,46259060,1082265286.4300
2024-11-04,sh.600096,23.4300,23.4500,23.0000,23.2900,23.3500,33504901,776714600.6900
2024-11-05,sh.600096,23.1400,23.6000,22.9500,23.4900,23.2900,41957318,976994488.9000
2024-11-06,sh.600096,23.4200,23.8100,23.3000,23.4000,23.4900,39104609,920080260.4200
2024-11-07,sh.600096,23.2900,24.1300,23.1100,23.7500,23.4000,48454548,1147849043.8900
2024-11-08,sh.600096,23.7500,24.0300,23.1300,23.4100,23.7500,51461706,1208922049.8600
2024-11-11,sh.600096,23.2300,23.2400,22.6900,23.0100,23.4100,46411354,1063721732.4800
2024-11-12,sh.600096,23.0200,23.5500,22.8300,22.9600,23.0100,45828585,1065772399.0100
2024-11-13,sh.600096,22.8300,23.3300,22.6800,22.9000,22.9600,29073942,665047211.5300
2024-11-14,sh.600096,22.8200,23.2500,22.6100,22.6100,22.9000,32500075,743408517.5900
2024-11-15,sh.600096,22.6100,22.9000,22.3500,22.3600,22.6100,24513437,553420582.8600
2024-11-18,sh.600096,22.4600,22.5600,21.8800,22.0100,22.3600,29210993,650580796.6500
2024-11-19,sh.600096,22.1600,22.3000,21.8700,22.2700,22.0100,20556489,454568770.8500
2024-11-20,sh.600096,22.1100,22.9800,22.1000,22.8400,22.2700,36674983,834259686.1500
2024-11-21,sh.600096,22.9100,23.2900,22.7600,23.0200,22.8400,33495842,769678606.2700
2024-11-22,sh.600096,23.0000,23.0200,22.0500,22.0800,23.0200,30318264,680678981.0800
2024-11-25,sh.600096,21.9900,22.6500,21.9300,22.1700,22.0800,26434356,586197354.9600
2024-11-26,sh.600096,22.1300,22.1300,21.8000,21.9000,22.1700,18061024,395876400.6000
2024-11-27,sh.600096,21.8300,22.0500,21.5500,22.0400,21.9000,19413472,423880598.6000
2024-11-28,sh.600096,22.0400,22.0400,21.5800,21.7200,22.0400,23212522,505253818.0400
2024-11-29,sh.600096,21.7800,22.1600,21.7300,21.9600,21.7200,23359070,513294026.4500
2024-12-02,sh.600096,21.9300,22.0900,21.8100,21.9700,21.9600,26495812,580919002.2100
2024-12-03,sh.600096,21.9000,22.1500,21.7700,22.0100,21.9700,17764298,389789651.7000
2024-12-04,sh.600096,22.0000,22.0300,21.6000,21.7200,22.0100,28525839,620001696.1400
2024-12-05,sh.600096,21.6500,21.6500,21.3200,21.4500,21.7200,22555070,483934167.9400
2024-12-06,sh.600096,21.4700,21.7200,21.4000,21.5900,21.4500,18705898,403440667.4700
2024-12-09,sh.600096,21.5900,21.8400,21.5400,21.6400,21.5900,19967734,432516227.3900
2024-12-10,sh.600096,22.1100,22.2600,21.6800,21.7100,21.6400,31906159,702548119.6200
2024-12-11,sh.600096,21.6600,22.2600,21.6100,22.2000,21.7100,31149623,688189065.7000
2024-12-12,sh.600096,22.2600,22.5800,22.1800,22.4800,22.2000,22400541,502632279.0200
2024-12-13,sh.600096,22.4900,22.5700,22.0200,22.1300,22.4800,24165605,536682233.8100
2024-12-16,sh.600096,22.2100,22.2800,21.6800,21.9900,22.1300,17670174,387673757.6200
2024-12-17,sh.600096,21.9000,22.9400,21.8600,22.5700,21.9900,42329886,951876331.3900
2024-12-18,sh.600096,22.6600,22.8700,22.3700,22.4600,22.5700,24990902,565146411.0700
2024-12-19,sh.600096,22.2800,22.4100,22.0000,22.3300,22.4600,22158985,492561479.3600
2024-12-20,sh.600096,22.3000,22.4000,22.0000,22.0000,22.3300,20464735,452163973.7900
2024-12-23,sh.600096,22.0200,22.8200,22.0200,22.5500,22.0000,40421170,911837173.1300
2024-12-24,sh.600096,22.5000,22.9500,22.4000,22.7100,22.5500,23670612,535352919.3800
2024-12-25,sh.600096,22.7000,22.8400,22.4800,22.7100,22.7100,14945213,339090199.1600
2024-12-26,sh.600096,22.6900,22.9000,22.4300,22.5000,22.7100,16976433,383611676.9500
2024-12-27,sh.600096,22.5500,22.8700,22.5000,22.8100,22.5000,20406549,464149523.5100
2024-12-30,sh.600096,22.8300,23.1300,22.7700,22.8300,22.8100,20124522,461353530.0900
2024-12-31,sh.600096,22.8200,22.9800,22.2700,22.3000,22.8300,22549658,508480259.4400
2025-01-02,sh.600096,22.3000,22.5000,21.7600,21.9500,22.3000,22650943,502065483.2100
2025-01-03,sh.600096,21.9500,22.4600,21.9200,22.0300,21.9500,23024020,509696734.5100
2025-01-06,sh.600096,22.0300,22.4400,21.8700,22.1600,22.0300,21835585,484629590.4500
2025-01-07,sh.600096,22.1700,22.2100,21.5600,21.7700,22.1600,23363014,510346841.0800
2025-01-08,sh.600096,21.9000,21.9500,20.9500,21.5000,21.7700,33274607,710411662.0400
2025-01-09,sh.600096,21.4000,21.7500,21.3000,21.3800,21.5000,18864319,406009797.0000
2025-01-10,sh.600096,21.3600,21.5300,20.9600,21.2500,21.3800,20561031,436460511.9300
2025-01-13,sh.600096,21.0100,21.4800,21.0100,21.1400,21.2500,15551102,330584503.5500
2025-01-14,sh.600096,21.1600,21.6500,21.0600,21.6000,21.1400,18498301,396421852.0900
2025-01-15,sh.600096,21.5500,21.7000,21.4100,21.5100,21.6000,12635174,272548805.4900
2025-01-16,sh.600096,21.6100,21.7800,21.2900,21.4000,21.5100,15576850,335496513.7600
2025-01-17,sh.600096,21.6000,22.1500,21.6000,21.9600,21.4000,26564059,581669694.7400
2025-01-20,sh.600096,22.1300,22.2200,21.9100,21.9900,21.9600,16763837,369227588.9500
2025-01-21,sh.600096,22.0500,22.0900,21.7900,21.8500,21.9900,11280900,246850321.3100
2025-01-22,sh.600096,21.7700,21.8500,21.5100,21.7600,21.8500,11305058,245462075.3000
2025-01-23,sh.600096,21.8600,21.9800,21.4000,21.5800,21.7600,23305984,505272791.3500
2025-01-24,sh.600096,21.7000,22.9500,21.7000,22.8500,21.5800,46448296,1043624782.3700
2025-01-27,sh.600096,22.9500,23.2700,22.8600,23.0600,22.8500,27772087,641292108.1200
2025-02-05,sh.600096,23.0200,23.0200,22.2200,22.3200,23.0600,35724427,799674306.3300
2025-02-06,sh.600096,22.3300,22.4100,22.0600,22.2900,22.3200,26042770,578606202.2100
2025-02-07,sh.600096,22.3200,22.5400,22.0800,22.3800,22.2900,24894555,556790978.1900
2025-02-10,sh.600096,22.3300,22.4000,22.0800,22.1700,22.3800,27810063,616292223.4800
2025-02-11,sh.600096,22.1800,22.4700,22.1200,22.3500,22.1700,23825243,531273427.3000
2025-02-12,sh.600096,22.3000,22.6200,22.2500,22.3800,22.3500,25486381,572095814.5000
2025-02-13,sh.600096,22.4200,22.7200,22.2500,22.2700,22.3800,25291066,567548356.1900
2025-02-14,sh.600096,22.3400,22.3400,21.9000,22.0300,22.2700,23770398,524784846.0000
2025-02-17,sh.600096,22.1000,22.1000,21.5100,21.6400,22.0300,33597404,727247429.8000
2025-02-18,sh.600096,21.6300,21.7000,21.3500,21.3900,21.6400,22273588,480062506.4300
2025-02-19,sh.600096,21.3800,21.4500,21.2500,21.4200,21.3900,21950775,468171756.9000
2025-02-20,sh.600096,21.4300,21.4500,21.1300,21.3500,21.4200,22825202,485434821.2400
2025-02-21,sh.600096,21.3100,21.3600,21.0500,21.1400,21.3500,32380807,685038143.6000
2025-02-24,sh.600096,21.1300,21.6500,21.1300,21.3000,21.1400,38853364,831776756.3400
2025-02-25,sh.600096,21.2900,21.2900,20.6000,20.6500,21.3000,46120875,962791003.2500
2025-02-26,sh.600096,20.6400,20.9200,20.6300,20.9200,20.6500,24253953,504686279.0200
2025-02-27,sh.600096,20.9300,20.9800,20.7800,20.8900,20.9200,19656300,410336649.0000
2025-02-28,sh.600096,20.8200,21.2500,20.7700,20.9000,20.8900,29394777,617984499.3700
2025-03-03,sh.600096,21.0200,21.5000,21.0200,21.1300,20.9000,34627335,736956228.7900
2025-03-04,sh.600096,21.0900,21.2700,20.9600,21.1400,21.1300,18327905,386718922.1700
2025-03-05,sh.600096,21.1900,21.1900,20.7800,20.9800,21.1400,19821643,414605361.3900
2025-03-06,sh.600096,20.9200,20.9800,20.7700,20.8900,20.9800,25235658,526374049.5300
2025-03-07,sh.600096,20.8700,21.2300,20.8400,21.1500,20.8900,30208161,637677474.0300
2025-03-10,sh.600096,21.1700,21.3200,21.0900,21.2400,21.1500,20395557,432422008.7300
2025-03-11,sh.600096,21.1100,21.8500,20.9000,21.8300,21.2400,52286826,1125465985.8700
2025-03-12,sh.600096,21.8800,22.4800,21.8000,22.2700,21.8300,53734742,1193840699.9100
2025-03-13,sh.600096,22.2600,22.3800,21.9500,22.1500,22.2700,27748960,614662448.3100
2025-03-14,sh.600096,22.2000,22.3600,22.0100,22.2400,22.1500,29159975,647127906.8400
2025-03-17,sh.600096,22.2500,22.6000,22.2400,22.3300,22.2400,28265611,634265316.9300
2025-03-18,sh.600096,22.3500,22.5500,22.1800,22.3600,22.3300,19859001,442928387.2600
2025-03-19,sh.600096,22.3200,22.4200,22.2200,22.3000,22.3600,14820503,330644528.6400
2025-03-20,sh.600096,22.3000,22.3700,22.1900,22.2000,22.3000,16577001,369522817.6100
2025-03-21,sh.600096,22.1800,22.4900,21.9100,22.1100,22.2000,28698001,636021500.1600
2025-03-24,sh.600096,22.1800,23.1500,22.0900,22.9200,22.1100,64009364,1458099020.8600
2025-03-25,sh.600096,23.0000,23.8800,22.6900,23.6800,22.9200,89717719,2098209161.0400
2025-03-26,sh.600096,23.6800,23.9400,23.4200,23.5200,23.6800,66493120,1575500892.9200
2025-03-27,sh.600096,23.4400,24.1500,23.4400,23.8500,23.5200,50340331,1199837760.9000
2025-03-28,sh.600096,23.8100,23.8800,23.1100,23.2400,23.8500,42882641,1002536520.6500
2025-03-31,sh.600096,23.1000,23.2900,22.7700,22.8600,23.2400,31644201,728126810.5500
2025-04-01,sh.600096,22.9500,23.2200,22.8700,22.9500,22.8600,27467091,632992657.4700
2025-04-02,sh.600096,23.0500,23.1900,22.8500,22.9000,22.9500,19474890,447723033.7600
2025-04-03,sh.600096,22.7600,22.8500,22.6000,22.6900,22.9000,19339104,439213211.5300
2025-04-07,sh.600096,21.9000,21.9800,20.8000,21.2200,22.6900,49107228,1053423419.4700
2025-04-08,sh.600096,21.5000,22.1900,21.3900,22.1900,21.2200,46834609,1023298471.5100
2025-04-09,sh.600096,22.1200,22.1900,21.6300,22.1900,22.1900,52489088,1150626125.0200
2025-04-10,sh.600096,22.4000,22.5300,22.0800,22.3000,22.1900,38835941,865580025.8900
2025-04-11,sh.600096,22.2800,22.2800,21.9400,22.0700,22.3000,26032169,574568650.5000
2025-04-14,sh.600096,22.0900,22.5200,21.9800,22.3400,22.0700,34272477,759790761.9400
2025-04-15,sh.600096,22.3300,22.5300,22.1300,22.2400,22.3400,23852414,531673331.0000
2025-04-16,sh.600096,22.2000,22.2100,21.9000,22.0800,22.2400,22292310,490192666.6100
2025-04-17,sh.600096,22.0000,22.2000,21.9300,22.0800,22.0800,16555752,365451292.8500
2025-04-18,sh.600096,22.0900,22.0900,21.8700,21.9600,22.0800,12296101,270139908.0100
2025-04-21,sh.600096,21.9400,22.0800,21.7900,22.0500,21.9600,19689268,432070211.1400
2025-04-22,sh.600096,21.9700,22.2100,21.9300,22.0900,22.0500,18453509,407997797.0100
2025-04-23,sh.600096,22.1300,22.4300,22.0500,22.2700,22.0900,19321715,429636000.2900
2025-04-24,sh.600096,22.2300,22.5200,22.2200,22.4000,22.2700,18351696,410947528.5300
2025-04-25,sh.600096,22.3300,22.6500,22.2500,22.5300,22.4000,20966630,472070051.7100
2025-04-28,sh.600096,22.3800,22.9000,22.0300,22.7900,22.5300,29089556,657970967.6600
2025-04-29,sh.600096,22.6100,22.8000,22.1300,22.2800,22.7900,27087170,606862400.3700
2025-04-30,sh.600096,22.3000,22.8800,22.2600,22.3300,22.2800,30041961,678265580.0900
2025-05-06,sh.600096,22.5800,22.6600,22.2300,22.3100,22.3300,33413044,747826445.6300
2025-05-07,sh.600096,22.5500,23.3100,22.4800,23.1400,22.3100,54205153,1239877107.9300
2025-05-08,sh.600096,23.0500,23.0900,22.8000,22.9100,23.1400,27858828,638229431.6700
2025-05-09,sh.600096,22.9000,23.2400,22.9000,22.9600,22.9100,25526011,589147784.7500
2025-05-12,sh.600096,23.0000,23.1000,22.7300,22.9100,22.9600,24405365,558259690.9800
2025-05-13,sh.600096,23.0000,23.0300,22.7300,22.9900,22.9100,22039238,504397262.4000
2025-05-14,sh.600096,22.9400,23.4000,22.8700,23.3100,22.9900,31547405,731760722.0500
2025-05-15,sh.600096,23.3100,23.6700,23.3000,23.4000,23.3100,26991813,634341266.3100
2025-05-16,sh.600096,23.5000,23.9400,23.3600,23.9200,23.4000,29716190,704099337.8700
2025-05-19,sh.600096,23.9000,23.9800,23.2300,23.9600,23.9200,37921220,899242449.0200
2025-05-20,sh.600096,23.9900,24.3100,23.7400,23.8100,23.9600,36164141,866729056.4800
2025-05-21,sh.600096,23.8300,24.0900,23.7800,24.0600,23.8100,34416084,826081632.4800
2025-05-22,sh.600096,22.6900,22.8700,22.3500,22.3800,22.6700,28079409,631803457.6800
2025-05-23,sh.600096,22.3900,22.6400,22.2100,22.2300,22.3800,24372752,545376068.2800
2025-05-26,sh.600096,22.2500,22.3300,22.0000,22.0900,22.2300,15734280,348220579.6000
2025-05-27,sh.600096,22.1300,22.1400,21.8600,22.0600,22.0900,12890979,283497867.9900
2025-05-28,sh.600096,22.1000,22.1200,21.7600,21.8000,22.0600,15439171,338000284.8700
2025-05-29,sh.600096,21.7800,21.8900,21.6700,21.7800,21.8000,16828352,366490693.0400
2025-05-30,sh.600096,21.7100,22.0500,21.6800,21.8000,21.7800,16802928,367302758.4700
2025-06-03,sh.600096,21.7500,21.8000,21.5500,21.7200,21.8000,16947912,366822666.0000
2025-06-04,sh.600096,21.7200,22.0400,21.6900,22.0400,21.7200,19502422,427467867.0800
2025-06-05,sh.600096,22.0400,22.5600,22.0200,22.4800,22.0400,24531422,549833277.1100
2025-06-06,sh.600096,22.4800,22.5700,22.2500,22.2500,22.4800,11831206,264938358.7400
2025-06-09,sh.600096,22.2100,22.4500,22.1100,22.1800,22.2500,13953664,309784560.5200
2025-06-10,sh.600096,22.2200,22.3300,21.9800,22.0900,22.1800,12978658,287555189.9000
2025-06-11,sh.600096,22.1100,22.2600,22.0000,22.1000,22.0900,13720113,304079156.0800
2025-06-12,sh.600096,22.1500,22.3600,22.0300,22.3000,22.1000,15758809,349266780.4400
2025-06-13,sh.600096,22.2600,22.8500,22.2500,22.8300,22.3000,37252063,844533811.1800
2025-06-16,sh.600096,22.7300,23.0400,22.5900,22.6000,22.8300,18863588,429810709.4800
2025-06-17,sh.600096,22.6500,22.8800,22.5300,22.7000,22.6000,13307122,302076571.9400
2025-06-18,sh.600096,22.7200,22.8000,22.5100,22.6400,22.7000,9221900,208419767.9800
2025-06-19,sh.600096,22.6600,22.6900,22.3600,22.4300,22.6400,9422481,212100210.0000
2025-06-20,sh.600096,22.4200,22.5300,22.2600,22.3000,22.4300,14652933,328097921.4700
2025-06-23,sh.600096,22.3000,22.5400,22.1200,22.1800,22.3000,13090558,291546028.5500
2025-06-24,sh.600096,22.1800,22.4000,22.1200,22.2600,22.1800,15294011,340399202.5000
2025-06-25,sh.600096,22.2600,22.3500,21.8300,22.0000,22.2600,29659775,652509773.3000
2025-06-26,sh.600096,22.0100,22.1400,21.8500,21.9100,22.0000,23197227,508653584.9600
2025-06-27,sh.600096,21.9600,22.6600,21.9000,22.4400,21.9100,34647060,775557036.7200
2025-06-30,sh.600096,22.3800,22.4400,21.9500,21.9700,22.4400,35208421,776546446.9600
2025-07-01,sh.600096,22.0100,22.1100,21.9100,22.0800,21.9700,17379676,383061497.2400
2025-07-02,sh.600096,22.0800,22.4800,22.0500,22.3800,22.0800,22287720,496898567.6800
2025-07-03,sh.600096,22.3500,22.4900,22.2100,22.4300,22.3800,14897578,333236573.7300
2025-07-04,sh.600096,22.4500,22.4500,22.0800,22.1900,22.4300,15783123,349760070.6900
2025-07-07,sh.600096,22.2000,22.3900,21.8900,22.3700,22.1900,15649533,347870944.6700
2025-07-08,sh.600096,22.3600,22.6500,22.3100,22.5200,22.3700,17122161,385318697.9300
2025-07-09,sh.600096,22.5500,22.5700,22.3000,22.3900,22.5200,13059898,292285451.9800
2025-07-10,sh.600096,22.4100,22.9600,22.3300,22.9400,22.3900,29810388,676706011.6600
2025-07-11,sh.600096,22.9400,22.9800,22.5900,22.6100,22.9400,23907764,544663501.1200
2025-07-14,sh.600096,22.7000,22.9400,22.5800,22.7000,22.6100,18110068,411613454.4100
2025-07-15,sh.600096,22.7000,23.2600,22.7000,22.8700,22.7000,31260790,719740745.3400
2025-07-16,sh.600096,22.8500,23.0100,22.6700,22.7000,22.8700,17831950,406115185.0200
2025-07-17,sh.600096,22.7100,22.8200,22.4600,22.5300,22.7000,23711132,534720671.0200
2025-07-18,sh.600096,22.5200,23.1500,22.5200,23.0800,22.5300,32788821,751905791.7400
2025-07-21,sh.600096,23.2500,24.5200,23.2500,24.4500,23.0800,67118427,1629095487.8500
2025-07-22,sh.600096,24.4700,25.0700,24.3400,25.0500,24.4500,49621683,1227126012.8200
2025-07-23,sh.600096,25.1900,25.5900,24.8300,24.8800,25.0500,42999435,1080073534.0300
2025-07-24,sh.600096,24.7100,24.9200,24.3900,24.7500,24.8800,33390772,822508739.5700
2025-07-25,sh.600096,24.8800,25.1600,24.7100,24.7500,24.7500,27597080,687824498.2500
2025-07-28,sh.600096,24.5200,24.8000,24.2900,24.7000,24.7500,22422598,550744640.9700
2025-07-29,sh.600096,24.6400,24.7300,24.1500,24.5100,24.7000,21355900,521725462.5600
2025-07-30,sh.600096,24.4200,25.5500,24.4200,25.2000,24.5100,37802361,952585331.8600
2025-07-31,sh.600096,25.0000,25.2300,24.6200,24.6600,25.2000,23569415,585910673.2400
2025-08-01,sh.600096,24.6300,24.7900,24.1700,24.2200,24.6600,18680853,456202432.7300
2025-08-04,sh.600096,24.0700,24.5000,24.0000,24.2600,24.2200,14814044,359294152.6100
2025-08-05,sh.600096,24.3200,24.4100,24.1500,24.2400,24.2600,15865178,384634496.7600
2025-08-06,sh.600096,24.2500,24.7400,24.2400,24.5600,24.2400,16253133,398833367.6700
2025-08-07,sh.600096,24.6000,24.8300,24.3000,24.4400,24.5600,14170200,347434654.6600
2025-08-08,sh.600096,24.4600,24.8300,24.4100,24.8200,24.4400,19348389,477284549.9900
2025-08-11,sh.600096,24.9900,25.1800,24.6700,24.9000,24.8200,24060620,599829772.7500
2025-08-12,sh.600096,24.8900,25.6600,24.7800,25.3000,24.9000,27185932,687062941.4600
2025-08-13,sh.600096,25.4800,25.9000,25.2200,25.7100,25.3000,25504380,652441433.0600
2025-08-14,sh.600096,25.7800,25.7800,25.1600,25.2600,25.7100,18190526,462190492.2100
2025-08-15,sh.600096,25.2000,26.3000,25.1300,26.0200,25.2600,32193101,834955847.3200
2025-08-18,sh.600096,26.1800,26.3500,25.7600,25.8200,26.0200,29381420,760314326.5200
2025-08-19,sh.600096,25.9000,25.9400,25.4400,25.6000,25.8200,23956499,614286070.3300
2025-08-20,sh.600096,26.1800,27.2900,26.1100,26.9500,25.6000,49090776,1317753514.2400
2025-08-21,sh.600096,26.9000,27.0700,26.5400,26.5900,26.9500,36277579,970986132.9800
2025-08-22,sh.600096,26.6900,26.8100,26.2500,26.4600,26.5900,39857691,1055399796.5900
2025-08-25,sh.600096,26.7600,27.3100,26.6200,27.2100,26.4600,39067953,1056689618.1400
2025-08-26,sh.600096,27.2300,28.3700,27.0600,27.9200,27.2100,40729969,1136137041.5100
2025-08-27,sh.600096,27.7700,27.9200,27.1900,27.1900,27.9200,33318910,917552518.1700
2025-08-28,sh.600096,27.1900,27.4400,26.5800,27.2000,27.1900,29310751,791018413.8700
2025-08-29,sh.600096,27.3800,27.5500,27.0000,27.2100,27.2000,37375370,1020161650.7900
2025-09-01,sh.600096,27.0500,27.7400,26.9500,27.3400,27.2100,33597149,919641820.3900
2025-09-02,sh.600096,27.4800,27.4800,26.6700,27.0000,27.3400,32697842,883089163.1000
2025-09-03,sh.600096,27.0400,27.2500,26.3200,26.4600,27.0000,26505052,704453921.0300
2025-09-04,sh.600096,26.3900,26.5000,25.8800,26.1600,26.4600,28618588,747714542.8600
2025-09-05,sh.600096,26.1700,26.4300,26.1200,26.2800,26.1600,24952460,655692234.8100
2025-09-08,sh.600096,26.3400,27.1100,26.1400,27.0000,26.2800,36045421,966766455.9300
2025-09-09,sh.600096,26.9700,28.5800,26.9200,27.7000,27.0000,48350879,1347089798.3800
2025-09-10,sh.600096,27.5500,27.9300,26.8400,27.3400,27.7000,27698179,754694399.0300
2025-09-11,sh.600096,27.2200,27.5900,27.1500,27.5300,27.3400,22418353,614315989.4000
2025-09-12,sh.600096,27.5500,27.5500,26.9800,27.2200,27.5300,26899577,732201320.7100
2025-09-15,sh.600096,27.2500,27.2900,26.8500,26.9400,27.2200,19924002,538642279.5500
2025-09-16,sh.600096,27.1300,27.7000,26.3800,26.6500,26.9400,27920953,748242157.0900
2025-09-17,sh.600096,26.6000,26.8500,26.3400,26.6000,26.6500,15727372,417629254.2800
2025-09-18,sh.600096,26.6500,26.6500,25.6900,25.8000,26.6000,30679755,802869795.8200
2025-09-19,sh.600096,25.8000,26.1500,25.8000,26.0800,25.6000,20055510,521543281.5400
2025-09-22,sh.600096,26.0200,26.0700,25.3800,25.5900,26.0800,20705438,529465508.8900
2025-09-23,sh.600096,25.5000,25.7200,25.0400,25.4300,25.5900,20177948,512107013.0400
2025-09-24,sh.600096,25.4600,25.9500,25.2600,25.9100,25.4300,17776785,456498614.3800
2025-09-25,sh.600096,25.8800,26.1000,25.6300,25.6300,25.9100,18067131,465786516.3500
2025-09-26,sh.600096,25.6000,26.2400,25.6000,25.9600,25.6300,20530846,533678263.0800
2025-09-29,sh.600096,26.0100,26.2300,25.6600,26.1800,25.9600,24025946,622893433.9800
2025-09-30,sh.600096,26.4500,27.0300,26.3000,26.8000,26.1800,44475267,1187198562.3000
2025-10-09,sh.600096,27.1200,28.6500,27.0400,28.5600,26.8000,67806297,1885155673.0400
2025-10-10,sh.600096,28.2500,29.3700,28.1300,28.7400,28.5600,58137016,1677815575.0300
2025-10-13,sh.600096,27.8500,29.2700,27.8500,28.7700,28.7400,50198207,1439911762.4800
2025-10-14,sh.600096,29.2000,29.7200,28.6600,28.9300,28.7700,56304269,1646973706.4300
2025-10-15,sh.600096,28.9300,29.5700,28.5100,29.1100,28.9300,40598355,1175964154.6300
2025-10-16,sh.600096,29.1200,29.1700,27.8000,27.9500,29.1100,41959919,1187162265.3500
2025-10-17,sh.600096,28.0800,28.3900,27.4400,27.5000,27.9500,32728409,910660295.9800
2025-10-20,sh.600096,27.8100,27.9500,27.2300,27.4700,27.5000,24259603,665712338.8400
2025-10-21,sh.600096,27.5200,28.3800,27.2500,28.1200,27.4700,29416267,820913814.0800
2025-10-22,sh.600096,27.9800,28.1600,27.4000,27.4800,28.1200,23266193,643260472.0300
2025-10-23,sh.600096,27.6600,28.0300,27.1500,27.9700,27.4800,23925474,661082820.9000
2025-10-24,sh.600096,28.0000,28.3100,27.4800,27.7800,27.9700,20999656,583546875.1500
2025-10-27,sh.600096,27.8100,28.5200,27.8100,28.0400,27.7800,27578325,778963863.2600
2025-10-28,sh.600096,28.0500,28.1800,27.6100,27.8400,28.0400,26609743,740694193.8400
2025-10-29,sh.600096,28.5000,29.9300,28.5000,29.8000,27.8400,65359816,1911049717.6200
2025-10-30,sh.600096,29.8000,29.9200,28.7900,29.0900,29.8000,39869440,1165126185.1800
2025-10-31,sh.600096,29.2000,29.4700,28.6800,28.7600,29.0900,40247699,1168751669.5600
2025-11-03,sh.600096,28.9000,29.6200,28.6100,29.5900,28.7600,46112357,1343429370.8900
2025-11-04,sh.600096,29.4000,29.8300,28.7700,29.3000,29.5900,40507163,1183179750.9300
2025-11-05,sh.600096,28.7600,29.7600,28.1700,29.5100,29.3000,53723570,1559304372.4900
2025-11-06,sh.600096,29.4400,32.4600,29.4400,32.4600,29.5100,106692069,3392387969.3000
2025-11-07,sh.600096,33.1000,34.9300,32.7600,34.3700,32.4600,142507436,4828068167.3600
2025-11-10,sh.600096,35.6800,37.8100,34.9900,35.2300,34.3700,181254429,6542606309.5500
2025-11-11,sh.600096,35.3700,35.9600,34.9000,35.5100,35.2300,101787979,3607997260.0000
2025-11-12,sh.600096,34.9100,35.1200,33.5600,34.6100,35.5100,80271345,2763846180.0200
2025-11-13,sh.600096,34.6100,36.3600,34.6100,35.8700,34.6100,101498450,3621931658.9000
2025-11-14,sh.600096,35.1800,36.0500,34.5900,34.6000,35.8700,69389911,2442908345.5200
2025-11-17,sh.600096,35.0000,35.5500,34.2600,34.3800,34.6000,60139951,2096784396.6500
2025-11-18,sh.600096,34.2000,34.9000,32.7300,32.9500,34.3800,80957591,2702430212.8300
2025-11-19,sh.600096,32.7700,33.4700,32.3000,32.7300,32.9500,49049186,1607496379.2300
2025-11-20,sh.600096,32.9500,33.6400,32.3900,32.4000,32.7300,53796829,1773380865.3400
2025-11-21,sh.600096,32.0000,32.2300,30.8000,30.8500,32.4000,64948747,2030002268.6300
2025-11-24,sh.600096,31.0500,31.2000,30.0000,30.1100,30.8500,47901586,1452469152.7000
2025-11-25,sh.600096,30.4200,30.6900,30.0000,30.5000,30.1100,41282053,1254718785.1100
2025-11-26,sh.600096,30.5100,30.6800,30.2000,30.3100,30.5000,34907274,1063092402.6600
2025-11-27,sh.600096,30.3300,31.1000,30.3300,30.6600,30.3100,38830897,1194877860.4800
2025-11-28,sh.600096,30.5500,31.2100,30.4200,30.9700,30.6600,49539119,1527791364.0900
2025-12-01,sh.600096,31.1000,31.5600,30.7700,30.9300,30.9700,51881623,1609949191.3300
2025-12-02,sh.600096,30.8800,31.0000,30.5100,30.6900,30.9300,33038587,1014738094.3700
2025-12-03,sh.600096,30.8000,31.3600,30.4900,30.6700,30.6900,52423187,1621597350.6100
2025-12-04,sh.600096,30.3200,31.0500,30.3200,30.6000,30.6700,40280646,1234359065.9700
2025-12-05,sh.600096,30.6300,31.6500,30.5600,31.4500,30.6000,51549830,1605996989.7100
2025-12-08,sh.600096,31.6000,31.7400,30.9000,31.2900,31.4500,43061177,1343240434.6100
2025-12-09,sh.600096,31.1300,31.2500,30.7100,30.8500,31.2900,31679640,978801808.0700
2025-12-10,sh.600096,30.6100,30.8600,30.3200,30.6100,30.8500,26459580,809155108.0800
2025-12-11,sh.600096,30.8400,31.5500,30.6100,30.6800,30.6100,41019203,1273572234.5500
2025-12-12,sh.600096,30.6000,30.7700,29.7100,29.7200,30.6800,69943569,2095922218.8300
2025-12-15,sh.600096,29.5000,30.0700,29.3200,29.7200,29.7200,37334370,1111871423.2500
2025-12-16,sh.600096,29.7000,29.7200,28.6000,28.7700,29.7200,34446117,996710897.8100
2025-12-17,sh.600096,28.7100,29.7600,28.7100,29.6300,28.7700,35605880,1042742018.5900
2025-12-18,sh.600096,29.4800,29.9800,29.2800,29.7700,29.6300,31071240,924154044.5300
2025-12-19,sh.600096,29.7400,30.2100,29.4800,29.8500,29.7700,35184753,1052429783.0700
2025-12-22,sh.600096,30.0900,30.8200,30.0800,30.7100,29.8500,38756174,1181732297.3300
2025-12-23,sh.600096,30.7100,31.0300,30.3000,30.8100,30.7100,35428099,1087322409.9700
2025-12-24,sh.600096,30.8200,30.8300,30.3200,30.7900,30.8100,28447478,869964445.0300
2025-12-25,sh.600096,31.5000,32.2000,30.8300,31.5500,30.7900,58167636,1831959051.4800
2025-12-26,sh.600096,31.6900,32.8000,31.3600,32.8000,31.5500,60987502,1961341572.1800
2025-12-29,sh.600096,33.0100,33.5500,32.3000,32.5800,32.8000,64677120,2121988979.6800
2025-12-30,sh.600096,32.1900,34.3900,31.9500,33.8200,32.5800,67103873,2245203984.1900
2025-12-31,sh.600096,33.6600,33.7700,33.1400,33.4100,33.8200,41056930,1370789785.8000
