date,code,open,high,low,close,preclose,volume,amount
2019-01-02,sh.600596,10.7000,10.8600,10.6500,10.7200,10.6900,8264183,88846477.0000
2019-01-03,sh.600596,10.7800,10.8600,10.6400,10.6600,10.7200,7935980,85222913.0000
2019-01-04,sh.600596,10.5000,10.9400,10.3300,10.9000,10.6600,15641223,167339839.0000
2019-01-07,sh.600596,10.9900,11.1100,10.8700,11.0500,10.9000,16273098,178416285.0000
2019-01-08,sh.600596,11.0200,11.0700,10.8800,10.9600,11.0500,9065996,99637738.0000
2019-01-09,sh.600596,10.9700,11.3700,10.9500,11.0600,10.9600,18395157,205810717.0000
2019-01-10,sh.600596,11.0800,11.1600,10.9300,11.0300,11.0600,9816396,108457800.0000
2019-01-11,sh.600596,11.0200,11.1600,10.9700,11.0900,11.0300,8705708,96315098.0000
2019-01-14,sh.600596,11.1400,11.2500,11.0600,11.0800,11.0900,8588788,95765459.0000
2019-01-15,sh.600596,11.0400,11.3300,11.0300,11.3000,11.0800,12657479,141677571.0000
2019-01-16,sh.600596,11.0600,11.1600,10.5300,10.7700,11.3000,42452215,461920738.0000
2019-01-17,sh.600596,10.6900,10.6900,10.2800,10.3000,10.7700,34237873,357481961.0000
2019-01-18,sh.600596,10.2900,10.5800,10.2300,10.5200,10.3000,32227331,335415948.0000
2019-01-21,sh.600596,10.4700,10.6700,10.3400,10.6700,10.5200,29404756,309604787.0000
2019-01-22,sh.600596,10.6300,10.6900,10.3600,10.4500,10.6700,20624166,217001211.0000
2019-01-23,sh.600596,10.3900,10.9400,10.3800,10.8400,10.4500,31155940,332180258.0000
2019-01-24,sh.600596,10.7600,10.8000,10.5000,10.6800,10.8400,23537791,251272781.0000
2019-01-25,sh.600596,10.6800,10.9300,10.5700,10.7400,10.6800,28358229,305292251.0000
2019-01-28,sh.600596,10.8000,10.8700,10.5100,10.5800,10.7400,19703011,209795950.0000
2019-01-29,sh.600596,10.5300,10.5900,10.2400,10.3700,10.5800,16267954,168701282.0000
2019-01-30,sh.600596,10.3600,10.6500,10.2500,10.4800,10.3700,19496243,203459526.0000
2019-01-31,sh.600596,10.4200,10.6400,10.4100,10.5600,10.4800,20729341,218772652.0000
2019-02-01,sh.600596,10.6100,10.7200,10.5100,10.7100,10.5600,20018376,212937653.0000
2019-02-11,sh.600596,10.7300,11.0000,10.6800,11.0000,10.7100,29786939,323605408.0000
2019-02-12,sh.600596,11.0100,11.1600,10.9600,11.1000,11.0000,29965967,330961107.0000
2019-02-13,sh.600596,11.0500,11.3400,10.9600,11.2600,11.1000,38837061,433824986.0000
2019-02-14,sh.600596,11.2400,11.3000,11.1300,11.2200,11.2600,25740024,288409988.0000
2019-02-15,sh.600596,11.2000,11.2200,11.0200,11.0300,11.2200,23685734,263023732.0000
2019-02-18,sh.600596,11.1200,11.5800,11.0800,11.5800,11.0300,41951902,478253186.0000
2019-02-19,sh.600596,11.6000,11.7000,11.3300,11.7000,11.5800,40055938,460617994.0000
2019-02-20,sh.600596,11.9400,12.2500,11.7900,11.9400,11.7000,52880618,633497793.0000
2019-02-21,sh.600596,11.8200,12.0300,11.6400,11.6900,11.9400,41032436,487113635.0000
2019-02-22,sh.600596,11.6700,11.9600,11.6100,11.9500,11.6900,34106266,404347402.0000
2019-02-25,sh.600596,11.9300,12.5800,11.9300,12.5100,11.9500,64072414,785851442.0000
2019-02-26,sh.600596,12.4500,13.5000,12.2900,12.7400,12.5100,71582762,913345592.0000
2019-02-27,sh.600596,12.7800,13.0700,12.3900,12.5400,12.7400,51890185,661584032.0000
2019-02-28,sh.600596,12.5500,12.7400,12.4700,12.6200,12.5400,27171143,341699998.0000
2019-03-01,sh.600596,12.7000,12.7700,12.3800,12.6400,12.6200,29847190,374498530.0000
2019-03-04,sh.600596,12.6800,12.9600,12.5600,12.6900,12.6400,55647144,709149092.0000
2019-03-05,sh.600596,12.6000,12.7800,12.4400,12.7600,12.6900,38707665,487581698.0000
2019-03-06,sh.600596,12.9000,13.0900,12.7800,13.0300,12.7600,56620727,733157667.0000
2019-03-07,sh.600596,12.9500,13.3500,12.8800,13.1500,13.0300,55434367,727363613.0000
2019-03-08,sh.600596,12.9000,12.9400,12.2100,12.2300,13.1500,53245024,673306851.0000
2019-03-11,sh.600596,12.2600,12.6700,12.2200,12.6600,12.2300,30847865,384448391.0000
2019-03-12,sh.600596,12.7600,12.8700,12.4800,12.6800,12.6600,39740133,505227899.0000
2019-03-13,sh.600596,12.6700,12.6700,12.3800,12.4500,12.6800,26609409,332886066.0000
2019-03-14,sh.600596,12.3900,13.3900,12.3700,13.3500,12.4500,85971081,1113990537.0000
2019-03-15,sh.600596,13.4500,13.7400,13.1000,13.5100,13.3500,82475612,1103158652.0000
2019-03-18,sh.600596,13.5800,14.0600,13.5800,13.8900,13.5100,76112438,1052099907.0000
2019-03-19,sh.600596,14.2000,14.2000,13.6100,13.8300,13.8900,66587014,926819819.0000
2019-03-20,sh.600596,13.7000,13.9200,13.3700,13.8100,13.8300,46442522,634682714.0000
2019-03-21,sh.600596,13.7200,13.8600,13.5800,13.7300,13.8100,40234875,552085612.0000
2019-03-22,sh.600596,13.7400,14.2400,13.6200,14.1700,13.7300,63552579,887151195.0000
2019-03-25,sh.600596,13.8300,14.0900,13.6600,13.6600,14.1700,44986757,622343427.0000
2019-03-26,sh.600596,13.7100,13.7900,13.1200,13.1600,13.6600,34157319,456281393.0000
2019-03-27,sh.600596,13.3000,13.7000,13.1200,13.7000,13.1600,31897195,427736267.0000
2019-03-28,sh.600596,13.5100,13.6800,13.2700,13.4500,13.7000,28247419,381667430.0000
2019-03-29,sh.600596,13.4900,14.1400,13.3300,14.0800,13.4500,53107542,735590938.0000
2019-04-01,sh.600596,14.0900,15.0600,14.0100,14.6800,14.0800,75813619,1109497544.0000
2019-04-02,sh.600596,14.7000,15.1400,14.5300,15.0800,14.6800,72784352,1080320368.0000
2019-04-03,sh.600596,14.8900,14.9500,14.6800,14.8600,15.0800,43174603,639769200.0000
2019-04-04,sh.600596,15.0600,15.7700,15.0100,15.2800,14.8600,84723860,1300771677.0000
2019-04-08,sh.600596,16.7400,16.8100,16.1500,16.8100,15.2800,122087909,2035614844.0000
2019-04-09,sh.600596,16.5800,16.5800,15.5200,15.7700,16.8100,87054168,1383628830.0000
2019-04-10,sh.600596,15.4500,16.2000,15.1400,15.7200,15.7700,56241304,872812470.0000
2019-04-11,sh.600596,15.5500,15.5900,15.0000,15.0100,15.7200,41014664,625041974.0000
2019-04-12,sh.600596,14.9100,15.2300,14.8600,15.1100,15.0100,23856324,359774348.0000
2019-04-15,sh.600596,15.3900,15.4800,14.7500,14.7600,15.1100,31683648,480866896.0000
2019-04-16,sh.600596,14.1500,14.2600,13.6000,14.2500,14.7600,65848431,916366596.0000
2019-04-17,sh.600596,14.1000,14.5600,14.0200,14.4500,14.2500,45331192,647031248.0000
2019-04-18,sh.600596,14.4500,14.4600,14.0700,14.1400,14.4500,32341648,459718190.0000
2019-04-19,sh.600596,14.0500,14.2000,13.7600,14.0300,14.1400,31000103,432532466.0000
2019-04-22,sh.600596,14.0000,14.0000,13.7000,13.7400,14.0300,23170536,320490300.0000
2019-04-23,sh.600596,13.7800,13.8900,13.6100,13.8400,13.7400,18856635,259836827.0000
2019-04-24,sh.600596,13.7200,13.8000,13.3200,13.6000,13.8400,25505769,345034839.0000
2019-04-25,sh.600596,13.5500,13.5700,13.0300,13.0500,13.6000,23374910,310504707.0000
2019-04-26,sh.600596,13.0500,13.1900,12.8600,12.9700,13.0500,17116212,223028695.0000
2019-04-29,sh.600596,12.8600,12.9400,12.3800,12.4300,12.9700,21531493,270896423.0000
2019-04-30,sh.600596,12.3700,12.6400,12.1700,12.5500,12.4300,14633084,182875291.0000
2019-05-06,sh.600596,12.2100,12.2100,11.3000,11.3000,12.5500,28323069,329006684.0000
2019-05-07,sh.600596,11.3300,11.4600,10.9500,11.2400,11.3000,20465077,230010178.0000
2019-05-08,sh.600596,10.9200,11.2500,10.8400,11.1300,11.2400,15282749,169452786.0000
2019-05-09,sh.600596,11.0100,11.2000,10.9600,11.0900,11.1300,12352508,136844614.0000
2019-05-10,sh.600596,11.1200,11.4000,10.8700,11.3600,11.0900,22656265,255085645.0000
2019-05-13,sh.600596,11.2500,11.2800,11.1100,11.1700,11.3600,11247072,125822247.0000
2019-05-14,sh.600596,11.0200,11.1700,10.9500,11.0300,11.1700,11003693,121721852.0000
2019-05-15,sh.600596,11.1400,11.3900,11.0900,11.3800,11.0300,18675740,210034361.0000
2019-05-16,sh.600596,11.3100,11.9700,11.2400,11.8000,11.3800,32357577,377719613.0000
2019-05-17,sh.600596,11.7600,11.7600,11.1500,11.2200,11.8000,22847755,262331705.0000
2019-05-20,sh.600596,11.2000,11.2000,10.8500,11.1100,11.2200,12277738,135131303.0000
2019-05-21,sh.600596,11.1000,11.5300,11.0500,11.4800,11.1100,15429658,175331264.0000
2019-05-22,sh.600596,11.4700,11.4700,11.3100,11.3800,11.4800,10422243,118653863.0000
2019-05-23,sh.600596,11.3000,11.3200,11.0400,11.1300,11.3800,8717596,97379519.0000
2019-05-24,sh.600596,11.0500,11.1500,11.0300,11.1100,11.1300,7347962,81520103.0000
2019-05-27,sh.600596,11.1400,11.4200,11.1100,11.3800,11.1100,10806122,122042391.0000
2019-05-28,sh.600596,11.4000,11.4800,11.3100,11.3500,11.3800,11743929,133847066.0000
2019-05-29,sh.600596,11.3000,11.4200,11.2800,11.3100,11.3500,7894742,89550810.0000
2019-05-30,sh.600596,11.2700,11.4600,11.1000,11.3700,11.3100,12401858,139573296.0000
2019-05-31,sh.600596,11.3100,11.3500,11.1800,11.1900,11.3700,10839829,122081784.0000
2019-06-03,sh.600596,11.1200,11.2200,10.9400,10.9500,11.1900,9447688,104239032.0000
2019-06-04,sh.600596,10.8900,11.0300,10.8700,11.0200,10.9500,9270329,101386015.0000
2019-06-05,sh.600596,11.1700,11.2100,11.0800,11.1000,11.0200,9264815,103247956.0000
2019-06-06,sh.600596,11.1000,11.1600,10.9200,10.9300,11.1000,7555066,83457060.0000
2019-06-10,sh.600596,10.9500,11.1500,10.9400,11.0900,10.9300,6023973,66519159.0000
2019-06-11,sh.600596,11.1100,11.5000,11.1000,11.4500,11.0900,15452149,175694311.0000
2019-06-12,sh.600596,11.4100,11.6000,11.3700,11.4700,11.4500,14194712,162918478.0000
2019-06-13,sh.600596,10.9300,10.9300,10.7500,10.8300,10.9400,11587789,125601821.0000
2019-06-14,sh.600596,10.8400,10.8900,10.4400,10.4600,10.8300,11111741,118412394.0000
2019-06-17,sh.600596,10.4900,10.5900,10.4300,10.5600,10.4600,4935188,51835338.0000
2019-06-18,sh.600596,10.5100,10.5600,10.4200,10.4700,10.5600,4112142,43162992.0000
2019-06-19,sh.600596,10.6700,10.7500,10.5100,10.5200,10.4700,7856816,83372089.0000
2019-06-20,sh.600596,10.5000,10.7700,10.4900,10.7400,10.5200,10510727,112161254.0000
2019-06-21,sh.600596,10.7800,10.9600,10.7600,10.8500,10.7400,15729985,171014493.0000
2019-06-24,sh.600596,10.8800,10.9500,10.7900,10.9300,10.8500,10552730,114877819.0000
2019-06-25,sh.600596,10.9000,10.9000,10.5800,10.7300,10.9300,9583356,102705796.0000
2019-06-26,sh.600596,10.6800,10.9300,10.6200,10.8700,10.7300,9041520,97736717.0000
2019-06-27,sh.600596,10.8700,10.9200,10.7800,10.8200,10.8700,10062612,109137966.0000
2019-06-28,sh.600596,10.8100,10.8400,10.7200,10.7600,10.8200,7214847,77648530.0000
2019-07-01,sh.600596,10.9300,11.0800,10.8600,11.0700,10.7600,18264120,200527569.0000
2019-07-02,sh.600596,11.0500,11.2000,10.9600,11.0800,11.0700,13444538,148809642.0000
2019-07-03,sh.600596,11.0800,11.0800,10.8500,10.8900,11.0800,10053962,109688384.0000
2019-07-04,sh.600596,10.8700,10.9700,10.8200,10.9500,10.8900,9158477,99859394.0000
2019-07-05,sh.600596,10.9300,10.9500,10.8600,10.9000,10.9500,5159775,56275737.0000
2019-07-08,sh.600596,10.5900,10.5900,9.8500,9.9900,10.9000,27936566,282415808.0000
2019-07-09,sh.600596,9.9400,10.0200,9.7900,9.9700,9.9900,11406222,112635866.0000
2019-07-10,sh.600596,10.0000,10.1500,9.8900,9.9700,9.9700,7802168,78239612.0000
2019-07-11,sh.600596,10.0100,10.0900,9.9500,10.0600,9.9700,6155652,61704377.0000
2019-07-12,sh.600596,10.1300,10.4700,10.1200,10.4700,10.0600,21334562,220964660.0000
2019-07-15,sh.600596,10.4500,10.5200,10.2100,10.4300,10.4700,17042181,176934648.0000
2019-07-16,sh.600596,10.4400,10.5600,10.3300,10.4400,10.4300,11778173,122971202.0000
2019-07-17,sh.600596,10.4400,10.9400,10.4000,10.8600,10.4400,29329333,314919674.0000
2019-07-18,sh.600596,10.5800,10.7800,10.5300,10.6100,10.8600,19485481,206891205.0000
2019-07-19,sh.600596,10.7000,10.8200,10.6300,10.6700,10.6100,18843597,202376449.0000
2019-07-22,sh.600596,10.6800,10.7300,10.2600,10.2600,10.6700,13619198,141634877.0000
2019-07-23,sh.600596,10.2900,10.4400,10.1500,10.3700,10.2600,10631421,109249685.0000
2019-07-24,sh.600596,10.4900,10.5300,10.3000,10.3500,10.3700,11552219,120399372.0000
2019-07-25,sh.600596,10.3800,10.4800,10.3700,10.4100,10.3500,8704229,90615356.0000
2019-07-26,sh.600596,10.3500,10.3900,10.2400,10.3800,10.4100,7716900,79643145.0000
2019-07-29,sh.600596,10.4700,10.4800,10.3300,10.3600,10.3800,5684068,59004513.0000
2019-07-30,sh.600596,10.3300,10.5300,10.3000,10.4700,10.3600,9619060,100694530.0000
2019-07-31,sh.600596,10.4100,10.4500,10.3300,10.3600,10.4700,7457994,77291791.0000
2019-08-01,sh.600596,10.3800,10.7500,10.3300,10.7300,10.3600,24005541,254442699.0000
2019-08-02,sh.600596,10.4700,10.8400,10.4100,10.7200,10.7300,21609797,230556680.0000
2019-08-05,sh.600596,10.7200,10.7200,10.3100,10.3600,10.7200,16231538,170475210.0000
2019-08-06,sh.600596,10.0300,10.1400,9.8900,10.0300,10.3600,15811736,158036573.0000
2019-08-07,sh.600596,10.0600,10.1300,9.9800,9.9900,10.0300,6622452,66599422.0000
2019-08-08,sh.600596,10.0100,10.0700,9.9300,9.9700,9.9900,7507223,74999951.0000
2019-08-09,sh.600596,10.0300,10.0400,9.6200,9.6200,9.9700,11219779,109852750.0000
2019-08-12,sh.600596,9.6300,9.7000,9.5100,9.7000,9.6200,5775940,55471729.0000
2019-08-13,sh.600596,9.6000,9.6500,9.5700,9.6000,9.7000,3759268,36113317.0000
2019-08-14,sh.600596,9.7200,9.7500,9.5500,9.6000,9.6000,5408076,52277585.0000
2019-08-15,sh.600596,9.3900,9.6000,9.3100,9.5300,9.6000,5954658,56067708.0000
2019-08-16,sh.600596,9.5100,9.6100,9.4500,9.4500,9.5300,7045173,67165712.0000
2019-08-19,sh.600596,9.5000,9.7000,9.4700,9.7000,9.4500,10287701,98840806.0000
2019-08-20,sh.600596,9.7000,9.8400,9.6000,9.6300,9.7000,9578188,92935800.0000
2019-08-21,sh.600596,9.6400,9.7900,9.6300,9.7000,9.6300,9265620,89990443.0000
2019-08-22,sh.600596,9.7100,9.7100,9.5800,9.6500,9.7000,6678978,64295554.0000
2019-08-23,sh.600596,9.6400,9.6900,9.4800,9.5100,9.6500,8404010,80296231.0000
2019-08-26,sh.600596,9.3300,9.3900,9.2300,9.3700,9.5100,7366469,68748315.0000
2019-08-27,sh.600596,9.3700,9.6000,9.3600,9.5600,9.3700,8706499,83013163.0000
2019-08-28,sh.600596,9.5200,9.5700,9.4800,9.5300,9.5600,5485975,52238293.0000
2019-08-29,sh.600596,9.6600,10.2600,9.6600,10.1000,9.5300,29603000,294196257.0000
2019-08-30,sh.600596,10.6000,11.1100,10.4500,10.6900,10.1000,69995994,763181523.0000
2019-09-02,sh.600596,10.5900,10.6000,10.3200,10.5400,10.6900,39697482,414785605.0000
2019-09-03,sh.600596,10.4600,10.7000,10.3100,10.4100,10.5400,28185502,294218290.0000
2019-09-04,sh.600596,10.3400,10.5200,10.3000,10.5100,10.4100,20592454,214296221.0000
2019-09-05,sh.600596,10.5200,10.5700,10.4100,10.4200,10.5100,22970111,241054418.0000
2019-09-06,sh.600596,10.4500,10.4600,10.3100,10.3500,10.4200,12012716,124493393.0000
2019-09-09,sh.600596,10.4500,10.5600,10.3800,10.5300,10.3500,16340380,171318332.0000
2019-09-10,sh.600596,10.5000,10.6200,10.4500,10.5800,10.5300,13851166,146137814.0000
2019-09-11,sh.600596,10.6600,10.6700,10.3800,10.4000,10.5800,14129152,148441419.0000
2019-09-12,sh.600596,10.4700,10.5900,10.3500,10.5400,10.4000,11675254,122198222.0000
2019-09-16,sh.600596,10.5400,10.6300,10.4300,10.4800,10.5400,11822400,124438830.0000
2019-09-17,sh.600596,10.4700,10.4800,10.1100,10.1400,10.4800,13581698,139439810.0000
2019-09-18,sh.600596,10.1300,10.2100,10.0500,10.0700,10.1400,6727844,68073460.0000
2019-09-19,sh.600596,10.0800,10.1700,10.0500,10.1400,10.0700,6085620,61551397.0000
2019-09-20,sh.600596,10.1500,10.1900,10.0600,10.1000,10.1400,5829019,58862844.0000
2019-09-23,sh.600596,10.0900,10.1000,9.7600,9.8200,10.1000,9637571,95153111.0000
2019-09-24,sh.600596,9.8200,9.8800,9.7800,9.7800,9.8200,6944509,68187717.0000
2019-09-25,sh.600596,9.7500,10.1500,9.5900,10.0300,9.7800,17088225,169066155.0000
2019-09-26,sh.600596,9.9500,10.2800,9.9300,10.0000,10.0300,17949271,181476063.0000
2019-09-27,sh.600596,9.9000,10.0200,9.8300,9.8500,10.0000,7672249,76109028.0000
2019-09-30,sh.600596,9.8500,9.8900,9.7000,9.7000,9.8500,5392896,52746828.0000
2019-10-08,sh.600596,9.7000,9.7900,9.5700,9.6000,9.7000,5050937,48812263.0000
2019-10-09,sh.600596,9.5700,9.6100,9.5000,9.5800,9.6000,5718436,54625166.0000
2019-10-10,sh.600596,9.6000,9.6700,9.5800,9.6600,9.5800,5132468,49439072.0000
2019-10-11,sh.600596,9.6600,9.7300,9.6000,9.7000,9.6600,5589346,54041813.0000
2019-10-14,sh.600596,9.7600,9.8700,9.7400,9.8000,9.7000,6828366,66962235.0000
2019-10-15,sh.600596,9.7800,9.7900,9.5300,9.6300,9.8000,8507445,81959352.0000
2019-10-16,sh.600596,9.6200,9.6600,9.5300,9.5400,9.6300,4476992,42922748.0000
2019-10-17,sh.600596,9.5500,9.6000,9.5300,9.5300,9.5400,2924352,27929273.0000
2019-10-18,sh.600596,9.5500,9.6700,9.5200,9.5800,9.5300,4599968,44086156.0000
2019-10-21,sh.600596,9.5500,9.5800,9.4000,9.4600,9.5800,4188239,39575787.0000
2019-10-22,sh.600596,9.4600,9.5000,9.4000,9.4800,9.4600,3230789,30541648.0000
2019-10-23,sh.600596,9.4600,9.4800,9.4000,9.4000,9.4800,4748713,44735333.0000
2019-10-24,sh.600596,9.4000,9.4400,9.3500,9.3700,9.4000,3064050,28727671.0000
2019-10-25,sh.600596,9.3400,9.4000,9.2800,9.3800,9.3700,4215060,39350109.0000
2019-10-28,sh.600596,9.3700,9.5200,9.3300,9.5100,9.3800,5086469,48068512.0000
2019-10-29,sh.600596,9.4800,9.6300,9.3300,9.3600,9.5100,7108731,67279428.0000
2019-10-30,sh.600596,9.3600,9.3900,9.2200,9.2400,9.3600,5670333,52587622.0000
2019-10-31,sh.600596,9.2700,9.2700,9.1500,9.1600,9.2400,4976277,45727379.0000
2019-11-01,sh.600596,9.1000,9.2300,9.0000,9.2000,9.1600,4393286,40060066.0000
2019-11-04,sh.600596,9.2000,9.2500,9.1500,9.1800,9.2000,3336580,30702494.0000
2019-11-05,sh.600596,9.1800,9.2400,9.1000,9.2000,9.1800,3200760,29377541.0000
2019-11-06,sh.600596,9.2300,9.4300,9.1800,9.3200,9.2000,7547166,70448822.0000
2019-11-07,sh.600596,9.3300,9.3500,9.2500,9.3100,9.3200,3641211,33829436.0000
2019-11-08,sh.600596,9.3200,9.3800,9.2200,9.2400,9.3100,2845100,26429484.0000
2019-11-11,sh.600596,9.2000,9.2000,9.0000,9.0000,9.2400,5395955,48843395.0000
2019-11-12,sh.600596,8.9700,9.0300,8.8800,8.9400,9.0000,4208254,37610760.0000
2019-11-13,sh.600596,8.9400,8.9600,8.8600,8.8800,8.9400,3346942,29793832.0000
2019-11-14,sh.600596,8.8600,8.9500,8.8400,8.8800,8.8800,2843135,25282219.0000
2019-11-15,sh.600596,8.8800,8.9400,8.8600,8.8600,8.8800,2756400,24517986.0000
2019-11-18,sh.600596,8.8600,8.9000,8.7400,8.8300,8.8600,3647699,32118603.0000
2019-11-19,sh.600596,8.8300,8.9200,8.7700,8.9100,8.8300,3848582,34160492.0000
2019-11-20,sh.600596,8.8900,8.9600,8.8700,8.9000,8.9100,3348481,29843886.0000
2019-11-21,sh.600596,8.8400,8.9000,8.7800,8.8700,8.9000,2776542,24568561.0000
2019-11-22,sh.600596,8.8700,9.0500,8.8400,8.9300,8.8700,6114754,54748734.0000
2019-11-25,sh.600596,8.9000,9.4000,8.8700,9.2400,8.9300,13640589,125915548.0000
2019-11-26,sh.600596,9.2500,9.2700,9.0400,9.0500,9.2400,6944606,63238925.0000
2019-11-27,sh.600596,9.0700,9.1400,9.0000,9.0400,9.0500,4080746,36999970.0000
2019-11-28,sh.600596,9.0200,9.1000,9.0200,9.0700,9.0400,3028892,27448448.0000
2019-11-29,sh.600596,9.0900,9.0900,8.9500,8.9900,9.0700,3875498,34936946.0000
2019-12-02,sh.600596,9.0500,9.0500,8.9500,8.9700,8.9900,2620602,23554995.0000
2019-12-03,sh.600596,8.9500,8.9900,8.8500,8.9700,8.9700,3225276,28717077.0000
2019-12-04,sh.600596,8.9400,8.9700,8.8900,8.9600,8.9700,2189863,19566828.0000
2019-12-05,sh.600596,8.9900,9.0900,8.9700,9.0900,8.9600,4147265,37472503.0000
2019-12-06,sh.600596,9.0700,9.0900,9.0200,9.0800,9.0900,3316726,30020112.0000
2019-12-09,sh.600596,9.1000,9.2200,9.0600,9.1900,9.0800,6337535,58011034.0000
2019-12-10,sh.600596,9.1700,9.2900,9.1500,9.2500,9.1900,8265106,76253373.0000
2019-12-11,sh.600596,9.2500,9.2800,9.2000,9.2000,9.2500,6207050,57334919.0000
2019-12-12,sh.600596,9.1900,9.3500,9.1800,9.2200,9.2000,6987732,64728172.0000
2019-12-13,sh.600596,9.2900,9.3400,9.2200,9.2900,9.2200,5747678,53296049.0000
2019-12-16,sh.600596,9.2900,9.3800,9.2500,9.3700,9.2900,9101214,84731313.0000
2019-12-17,sh.600596,9.3800,9.6000,9.3800,9.4800,9.3700,13044025,124012881.0000
2019-12-18,sh.600596,9.5000,9.5400,9.4100,9.4200,9.4800,7738914,73233816.0000
2019-12-19,sh.600596,9.4400,9.5100,9.4000,9.4700,9.4200,6390279,60375956.0000
2019-12-20,sh.600596,9.4800,9.5600,9.3200,9.3300,9.4700,8364149,78882353.0000
2019-12-23,sh.600596,9.3300,9.3800,9.1200,9.1600,9.3300,7833245,72460476.0000
2019-12-24,sh.600596,9.1600,9.2700,9.1500,9.2500,9.1600,5228216,48150985.0000
2019-12-25,sh.600596,9.2600,9.4100,9.2000,9.2900,9.2500,7214708,67083207.0000
2019-12-26,sh.600596,9.2900,9.5200,9.2600,9.5200,9.2900,10503750,98986471.0000
2019-12-27,sh.600596,9.5200,9.5500,9.4000,9.4200,9.5200,10596656,100404395.0000
2019-12-30,sh.600596,9.3900,9.6100,9.3700,9.6000,9.4200,14141646,134771531.0000
2019-12-31,sh.600596,9.7000,10.0700,9.6700,9.8400,9.6000,31552318,312529061.0000
2020-01-02,sh.600596,9.9400,10.0100,9.7500,9.9900,9.8400,19662960,194873162.0000
2020-01-03,sh.600596,10.0600,10.5400,9.9900,10.4500,9.9900,48370472,497201995.0000
2020-01-06,sh.600596,10.8300,10.9200,10.4400,10.5000,10.4500,50966957,542439329.0000
2020-01-07,sh.600596,10.3000,10.3500,10.1600,10.2500,10.5000,36829411,377017273.0000
2020-01-08,sh.600596,10.1800,10.2000,9.8500,9.9300,10.2500,26435080,265148667.0000
2020-01-09,sh.600596,10.0500,10.2100,9.9900,10.0600,9.9300,18477258,186279086.0000
2020-01-10,sh.600596,10.0800,10.1600,9.9700,10.0800,10.0600,11737005,118103035.0000
2020-01-13,sh.600596,10.0800,10.0900,9.9800,10.0700,10.0800,9828921,98551180.0000
2020-01-14,sh.600596,10.1100,10.3600,10.0800,10.2900,10.0700,26443703,270658309.0000
2020-01-15,sh.600596,10.2100,10.3400,10.0800,10.1300,10.2900,11769331,119716619.0000
2020-01-16,sh.600596,10.1300,10.2100,9.9600,10.0000,10.1300,9847138,98892031.0000
2020-01-17,sh.600596,10.0200,10.0900,9.9200,9.9400,10.0000,8063414,80581891.0000
2020-01-20,sh.600596,9.9300,9.9900,9.9000,9.9900,9.9400,7741449,77021697.0000
2020-01-21,sh.600596,9.9800,10.0500,9.6700,9.6800,9.9900,14151934,139322458.0000
2020-01-22,sh.600596,9.6500,9.7900,9.6400,9.7500,9.6800,10053678,97726567.0000
2020-01-23,sh.600596,9.5900,9.6700,9.1400,9.2600,9.7500,15504797,145839974.0000
2020-02-03,sh.600596,8.3300,8.3300,8.3300,8.3300,9.2600,2482200,20676726.0000
2020-02-04,sh.600596,7.9000,8.2200,7.9000,8.1300,8.3300,16991328,137462781.0000
2020-02-05,sh.600596,8.2300,8.4600,8.1600,8.3000,8.1300,11039628,91690415.0000
2020-02-06,sh.600596,8.2900,8.7800,8.2100,8.7100,8.3000,23030962,196237778.0000
2020-02-07,sh.600596,9.0800,9.3000,8.8800,9.0000,8.7100,29108375,264572781.0000
2020-02-10,sh.600596,8.9600,9.2400,8.7600,9.1600,9.0000,22330295,201897694.0000
2020-02-11,sh.600596,9.2200,9.2200,8.8700,8.9300,9.1600,15983269,143776895.0000
2020-02-12,sh.600596,8.9900,9.1700,8.9500,9.1000,8.9300,14282449,129815698.0000
2020-02-13,sh.600596,9.2000,9.5300,9.2000,9.2800,9.1000,26479619,248024982.0000
2020-02-14,sh.600596,9.3400,9.7800,9.1200,9.6400,9.2800,37754243,359078775.0000
2020-02-17,sh.600596,9.9900,10.3100,9.9800,10.1300,9.6400,51793847,525629693.0000
2020-02-18,sh.600596,9.8000,9.8800,9.6700,9.7700,10.1300,40402498,394790965.0000
2020-02-19,sh.600596,9.7500,9.7600,9.5700,9.6000,9.7700,22088490,212918994.0000
2020-02-20,sh.600596,9.6600,9.7100,9.5400,9.6800,9.6000,17530765,168473250.0000
2020-02-21,sh.600596,9.6500,9.6700,9.5400,9.5700,9.6800,16685930,160158709.0000
2020-02-24,sh.600596,9.5800,9.7600,9.4900,9.6800,9.5700,20611856,198186773.0000
2020-02-25,sh.600596,9.4900,9.5400,9.2400,9.4300,9.6800,22427074,211127820.0000
2020-02-26,sh.600596,9.3300,9.6200,9.3200,9.4300,9.4300,17152374,163052540.0000
2020-02-27,sh.600596,9.5800,9.6000,9.3800,9.4500,9.4300,11693464,111073832.0000
2020-02-28,sh.600596,9.2300,9.2600,8.8900,8.9000,9.4500,20184254,182883179.0000
2020-03-02,sh.600596,8.9300,9.3300,8.9300,9.2600,8.9000,14965973,137461752.0000
2020-03-03,sh.600596,9.3900,9.5500,9.3000,9.4500,9.2600,18435219,173512717.0000
2020-03-04,sh.600596,9.4400,9.6300,9.4000,9.6000,9.4500,20215207,193016875.0000
2020-03-05,sh.600596,9.6500,9.7500,9.5500,9.6900,9.6000,23542979,227478888.0000
2020-03-06,sh.600596,9.7600,9.9500,9.6800,9.7000,9.6900,28559106,280123784.0000
2020-03-09,sh.600596,9.4900,9.5200,9.2100,9.2700,9.7000,21089107,197205440.0000
2020-03-10,sh.600596,9.1700,9.3400,9.0100,9.3000,9.2700,15860321,145661142.0000
2020-03-11,sh.600596,9.3500,9.4700,9.1700,9.1900,9.3000,12395435,115417259.0000
2020-03-12,sh.600596,9.1000,9.1200,8.8900,8.9400,9.1900,12434572,111803927.0000
2020-03-13,sh.600596,8.4500,8.8700,8.4000,8.7400,8.9400,12043451,104548675.0000
2020-03-16,sh.600596,8.8800,8.9200,8.4500,8.5100,8.7400,11229372,97949188.0000
2020-03-17,sh.600596,8.5300,8.6100,8.1800,8.4000,8.5100,9200039,77208240.0000
2020-03-18,sh.600596,8.5000,8.6100,8.3600,8.3700,8.4000,7032782,59732122.0000
2020-03-19,sh.600596,8.3600,8.4800,8.2200,8.4200,8.3700,8226021,68767727.0000
2020-03-20,sh.600596,8.4900,8.5500,8.4000,8.5000,8.4200,6564091,55691676.0000
2020-03-23,sh.600596,8.3100,8.4800,8.2600,8.2800,8.5000,6245600,52191315.0000
2020-03-24,sh.600596,8.4100,8.4600,8.2800,8.4600,8.2800,6163011,51701368.0000
2020-03-25,sh.600596,8.5700,8.6000,8.4600,8.5400,8.4600,8889142,75875825.0000
2020-03-26,sh.600596,8.5000,8.7200,8.4800,8.6400,8.5400,11846588,102139620.0000
2020-03-27,sh.600596,8.6800,8.7000,8.5100,8.5200,8.6400,8411553,72480543.0000
2020-03-30,sh.600596,8.5000,8.5100,8.3000,8.4000,8.5200,6553199,55149703.0000
2020-03-31,sh.600596,8.4800,8.6700,8.4200,8.6500,8.4000,12191627,104666130.0000
2020-04-01,sh.600596,8.6300,8.6500,8.4800,8.4900,8.6500,8235330,70431944.0000
2020-04-02,sh.600596,8.4500,8.5400,8.4000,8.5400,8.4900,5192706,44004993.0000
2020-04-03,sh.600596,8.5300,8.6000,8.4600,8.4800,8.5400,5268883,44933862.0000
2020-04-07,sh.600596,8.5600,8.7500,8.5400,8.7000,8.4800,12868958,111295871.0000
2020-04-08,sh.600596,8.6600,8.7100,8.5900,8.6400,8.7000,9854340,85094837.0000
2020-04-09,sh.600596,8.6900,8.7000,8.6200,8.6400,8.6400,6763887,58528030.0000
2020-04-10,sh.600596,8.6400,8.6500,8.3000,8.3800,8.6400,10775295,91152788.0000
2020-04-13,sh.600596,8.4600,8.8100,8.4400,8.7300,8.3800,21685489,188314525.0000
2020-04-14,sh.600596,8.6600,8.6800,8.5300,8.6700,8.7300,15107805,129910778.0000
2020-04-15,sh.600596,8.6700,8.6700,8.5100,8.5500,8.6700,9755782,83614774.0000
2020-04-16,sh.600596,8.5400,8.5400,8.4100,8.4500,8.5500,9380915,79315741.0000
2020-04-17,sh.600596,8.5000,8.5200,8.4400,8.4900,8.4500,8403949,71223375.0000
2020-04-20,sh.600596,8.4900,8.4900,8.4900,8.4900,8.4900,0,0.0000
2020-04-21,sh.600596,8.4900,8.4900,8.4900,8.4900,8.4900,0,0.0000
2020-04-22,sh.600596,8.4900,8.4900,8.4900,8.4900,8.4900,0,0.0000
2020-04-23,sh.600596,8.4900,8.4900,8.4900,8.4900,8.4900,0,0.0000
2020-04-24,sh.600596,8.4900,8.4900,8.4900,8.4900,8.4900,0,0.0000
2020-04-27,sh.600596,8.4900,8.4900,8.4900,8.4900,8.4900,0,0.0000
2020-04-28,sh.600596,8.4900,8.4900,8.4900,8.4900,8.4900,0,0.0000
2020-04-29,sh.600596,8.3400,8.3400,7.8200,7.9900,8.4900,15506911,124869982.0000
2020-04-30,sh.600596,7.9400,8.0700,7.9400,8.0200,7.9900,8716775,69732582.0000
2020-05-06,sh.600596,7.9200,8.0300,7.9000,8.0200,8.0200,6735106,53705301.0000
2020-05-07,sh.600596,8.0000,8.1500,7.9400,8.0800,8.0200,7024476,56617601.0000
2020-05-08,sh.600596,8.1100,8.1300,8.0500,8.1200,8.0800,6568198,53148605.0000
2020-05-11,sh.600596,8.1000,8.1500,8.0500,8.0800,8.1200,4896975,39627260.0000
2020-05-12,sh.600596,8.0800,8.1600,7.9700,8.1600,8.0800,7408097,59839632.0000
2020-05-13,sh.600596,8.1600,8.2500,8.0900,8.2300,8.1600,7057144,57724779.0000
2020-05-14,sh.600596,8.2000,8.4300,8.1600,8.4300,8.2300,13786478,115022941.0000
2020-05-15,sh.600596,8.5000,8.6400,8.3300,8.3400,8.4300,13674507,115748292.0000
2020-05-18,sh.600596,8.3000,8.3900,8.1800,8.3900,8.3400,9329359,77145701.0000
2020-05-19,sh.600596,8.4200,8.5700,8.4200,8.4600,8.3900,9358165,79363524.0000
2020-05-20,sh.600596,8.4600,8.4900,8.2700,8.3000,8.4600,7385226,61697709.0000
2020-05-21,sh.600596,8.3200,8.3400,8.0600,8.0700,8.3000,8762321,71624410.0000
2020-05-22,sh.600596,8.0700,8.1700,7.9900,8.0700,8.0700,6052250,48838497.0000
2020-05-25,sh.600596,8.0800,8.0800,7.8400,7.9800,8.0700,4151533,33128297.0000
2020-05-26,sh.600596,7.9400,8.0500,7.9400,8.0200,7.9800,4536510,36348536.0000
2020-05-27,sh.600596,8.0000,8.1700,8.0000,8.1000,8.0200,7089398,57402363.0000
2020-05-28,sh.600596,8.1100,8.1400,8.0200,8.0500,8.1000,4949410,39921722.0000
2020-05-29,sh.600596,8.0600,8.1000,8.0000,8.0200,8.0500,5006233,40279649.0000
2020-06-01,sh.600596,8.0200,8.3900,8.0200,8.3400,8.0200,13867537,114108713.0000
2020-06-02,sh.600596,8.3000,8.4000,8.2600,8.3400,8.3400,11991861,99922945.0000
2020-06-03,sh.600596,8.3500,8.3800,8.2100,8.2100,8.3400,8378900,69329022.0000
2020-06-04,sh.600596,8.2700,8.4000,8.2300,8.3100,8.2100,12005087,100115563.0000
2020-06-05,sh.600596,8.2800,8.4300,8.1800,8.4100,8.3100,15223398,126513257.0000
2020-06-08,sh.600596,8.3900,8.4500,8.3200,8.3700,8.4100,8018277,67204019.0000
2020-06-09,sh.600596,8.3700,8.4100,8.2800,8.3300,8.3700,5663201,47140637.0000
2020-06-10,sh.600596,8.3100,8.3300,8.2300,8.2600,8.3300,4556413,37737991.0000
2020-06-11,sh.600596,8.3100,8.3500,8.2600,8.3200,8.2600,6438898,53498044.0000
2020-06-12,sh.600596,8.2200,8.3100,8.1600,8.2200,8.3200,6772385,55802715.0000
2020-06-15,sh.600596,8.2000,8.2700,8.0800,8.1100,8.2200,7009711,57358752.0000
2020-06-16,sh.600596,8.1500,8.2200,8.1100,8.2100,8.1100,5201974,42468478.0000
2020-06-17,sh.600596,8.2100,8.6900,8.2000,8.5900,8.2100,26665403,226323313.0000
2020-06-18,sh.600596,8.6300,8.7600,8.5100,8.7100,8.5900,21062468,182299243.0000
2020-06-19,sh.600596,8.7500,8.7500,8.5000,8.5200,8.7100,14653178,125644877.0000
2020-06-22,sh.600596,8.5800,8.7500,8.4800,8.6300,8.5200,14354265,123329337.0000
2020-06-23,sh.600596,8.5400,8.7000,8.5400,8.6200,8.6300,11747364,101255290.0000
2020-06-24,sh.600596,8.6800,8.8500,8.5800,8.7700,8.6200,21529355,188247607.0000
2020-06-29,sh.600596,8.7300,8.7400,8.5500,8.5800,8.7700,9921846,85498994.0000
2020-06-30,sh.600596,8.6000,8.7000,8.5600,8.6000,8.5800,8654877,74641194.0000
2020-07-01,sh.600596,8.6000,8.6800,8.5400,8.6600,8.6000,7696321,66217291.0000
2020-07-02,sh.600596,8.5000,8.5700,8.4300,8.5600,8.4600,11620689,99026839.0000
2020-07-03,sh.600596,8.5600,8.7400,8.5400,8.6400,8.5600,14792663,127479749.0000
2020-07-06,sh.600596,8.6900,8.9700,8.6700,8.9600,8.6400,23864831,211439573.0000
2020-07-07,sh.600596,8.9900,9.0700,8.8000,8.8900,8.9600,20781476,185565924.0000
2020-07-08,sh.600596,8.8400,9.0700,8.8400,9.0400,8.8900,17427825,156427098.0000
2020-07-09,sh.600596,9.0700,9.2500,8.9500,9.2100,9.0400,23779979,216438718.0000
2020-07-10,sh.600596,9.1600,9.2800,9.0000,9.0500,9.2100,19569598,178297809.0000
2020-07-13,sh.600596,9.0100,9.2900,9.0100,9.2400,9.0500,21126250,193831652.0000
2020-07-14,sh.600596,9.2500,9.2900,8.9800,9.1100,9.2400,20270176,185370774.0000
2020-07-15,sh.600596,9.1600,9.2200,8.9900,9.0900,9.1100,19700709,179611460.0000
2020-07-16,sh.600596,9.0900,9.1200,8.5500,8.5800,9.0900,18279760,161915010.0000
2020-07-17,sh.600596,8.5800,8.6800,8.4700,8.5000,8.5800,8399799,72010390.0000
2020-07-20,sh.600596,8.6100,9.3500,8.5800,9.3500,8.5000,53350415,490819637.0000
2020-07-21,sh.600596,9.3700,9.5600,9.2200,9.3300,9.3500,34760421,325960386.8400
2020-07-22,sh.600596,9.4200,9.4500,9.0900,9.1000,9.3300,28481443,261828749.8100
2020-07-23,sh.600596,9.0400,9.0800,8.7400,8.9800,9.1000,22456650,200467095.6000
2020-07-24,sh.600596,9.0000,9.3700,8.7700,8.8400,8.9800,28660350,259784086.0700
2020-07-27,sh.600596,8.8300,8.8900,8.3400,8.4300,8.8400,27456245,232311078.5500
2020-07-28,sh.600596,8.4600,8.7000,8.3900,8.5900,8.4300,13366043,113408063.4100
2020-07-29,sh.600596,8.5400,8.6900,8.3900,8.6700,8.5900,13002544,111458044.7100
2020-07-30,sh.600596,8.7100,9.3500,8.7000,9.1000,8.6700,40628085,369759458.0000
2020-07-31,sh.600596,9.0500,9.1400,8.9500,9.0800,9.1000,20360724,184050941.3200
2020-08-03,sh.600596,9.0800,9.1700,9.0400,9.1300,9.0800,21065534,191527956.7400
2020-08-04,sh.600596,9.1300,9.2900,9.1000,9.1500,9.1300,21368054,196439464.7700
2020-08-05,sh.600596,9.1000,9.3500,9.0400,9.2200,9.1500,21747903,200182405.3900
2020-08-06,sh.600596,9.2100,9.2900,9.0000,9.1200,9.2200,15990137,145814865.5000
2020-08-07,sh.600596,9.1300,9.3300,9.0400,9.2600,9.1200,23213045,213851425.4500
2020-08-10,sh.600596,9.2900,9.6100,9.1900,9.4600,9.2600,32445375,305459947.6600
2020-08-11,sh.600596,9.5800,9.6000,9.0300,9.0700,9.4600,32717999,301991240.7200
2020-08-12,sh.600596,8.8800,9.0700,8.8200,8.9800,9.0700,15608493,139456320.2900
2020-08-13,sh.600596,9.0200,9.2500,8.9800,9.1100,8.9800,15564354,141892283.1700
2020-08-14,sh.600596,9.1200,9.1500,8.9400,9.0600,9.1100,10524231,95049208.7800
2020-08-17,sh.600596,9.1000,9.2600,9.0600,9.2200,9.0600,16027099,147268745.8300
2020-08-18,sh.600596,9.2800,9.6000,9.1800,9.5500,9.2200,40462259,382997066.6900
2020-08-19,sh.600596,9.7500,9.9300,9.3400,9.3600,9.5500,45384935,437891090.6600
2020-08-20,sh.600596,9.3700,10.3000,9.3700,9.7700,9.3600,97410170,978398337.3400
2020-08-21,sh.600596,9.3000,9.6600,9.1700,9.5000,9.7700,63468070,595375840.3300
2020-08-24,sh.600596,9.3900,9.4000,9.2200,9.2900,9.5000,25779432,239764533.3300
2020-08-25,sh.600596,9.2500,9.6200,9.2200,9.4700,9.2900,31507565,295826700.9100
2020-08-26,sh.600596,9.4700,9.4700,9.1600,9.2700,9.4700,19194112,178371150.4500
2020-08-27,sh.600596,9.3200,9.7100,9.3000,9.6000,9.2700,43283601,413284387.7800
2020-08-28,sh.600596,9.6000,9.6500,9.4500,9.6400,9.6000,15788288,150497572.5100
2020-08-31,sh.600596,9.6400,9.7100,9.4900,9.6300,9.6400,20658136,197727994.2400
2020-09-01,sh.600596,9.5700,9.7000,9.5000,9.6600,9.6300,16199340,155622621.4100
2020-09-02,sh.600596,9.7000,9.8500,9.6000,9.7700,9.6600,16920676,164544978.4800
2020-09-03,sh.600596,9.8000,9.8200,9.5900,9.6300,9.7700,13331763,129050732.8800
2020-09-04,sh.600596,9.4900,9.6900,9.4400,9.6500,9.6300,11504002,110153503.8500
2020-09-07,sh.600596,9.6100,9.8300,9.6000,9.6400,9.6500,16679383,162264691.2100
2020-09-08,sh.600596,9.6800,9.7100,9.4800,9.6300,9.6400,13413859,128365355.6400
2020-09-09,sh.600596,9.5600,9.6000,9.3200,9.5000,9.6300,13473199,127540190.1400
2020-09-10,sh.600596,9.4900,9.5400,9.1300,9.1300,9.5000,11984314,111399612.6400
2020-09-11,sh.600596,9.1200,9.3300,9.1200,9.2600,9.1300,5068060,46739630.2000
2020-09-14,sh.600596,9.2400,9.3100,9.1700,9.2500,9.2600,4736301,43756024.1700
2020-09-15,sh.600596,9.2600,9.2700,9.1500,9.1800,9.2500,4903880,45064226.5500
2020-09-16,sh.600596,9.1800,9.2200,8.9800,9.0200,9.1800,8220600,74507095.9700
2020-09-17,sh.600596,9.1000,9.1500,9.0300,9.1000,9.0200,4557498,41407658.9000
2020-09-18,sh.600596,9.0600,9.3600,9.0600,9.3200,9.1000,8385965,77072674.7000
2020-09-21,sh.600596,9.3200,9.3700,9.2200,9.3500,9.3200,4475955,41679929.7200
2020-09-22,sh.600596,9.3000,9.3100,9.1200,9.1200,9.3500,5114100,47069681.4400
2020-09-23,sh.600596,9.1200,9.1200,9.1200,9.1200,9.1200,0,0.0000
2020-09-24,sh.600596,9.1800,9.3200,8.9800,9.0000,9.1200,7167555,65255379.1100
2020-09-25,sh.600596,9.0600,9.0600,8.6900,8.7300,9.0000,5911587,52190242.1400
2020-09-28,sh.600596,8.7600,8.8000,8.5400,8.5600,8.7300,3404916,29528652.6200
2020-09-29,sh.600596,8.6000,8.6800,8.6000,8.6400,8.5600,2575763,22253241.6200
2020-09-30,sh.600596,8.6400,8.6900,8.5700,8.6200,8.6400,2801202,24136205.4700
2020-10-09,sh.600596,8.7500,8.8800,8.7000,8.8200,8.6200,4063940,35786632.8500
2020-10-12,sh.600596,8.8300,8.9900,8.8100,8.9500,8.8200,5080818,45326400.9800
2020-10-13,sh.600596,8.9600,8.9600,8.8500,8.8800,8.9500,4550354,40386950.8000
2020-10-14,sh.600596,8.8600,8.8600,8.7800,8.7900,8.8800,2965795,26111045.1000
2020-10-15,sh.600596,8.7900,8.8200,8.5400,8.5700,8.7900,12064884,104148253.8200
2020-10-16,sh.600596,8.5900,8.6200,8.4500,8.4800,8.5700,5897599,50225380.3600
2020-10-19,sh.600596,8.4900,8.6500,8.4900,8.6400,8.4800,5028100,43218693.3000
2020-10-20,sh.600596,8.6400,8.6800,8.4900,8.6200,8.6400,5001801,42815258.5200
2020-10-21,sh.600596,8.5700,8.9200,8.5700,8.8600,8.6200,13119620,114677420.4500
2020-10-22,sh.600596,8.8400,8.8500,8.6700,8.7000,8.8600,6286729,54859708.1500
2020-10-23,sh.600596,8.6800,8.7800,8.6600,8.7400,8.7000,6853194,59701886.8600
2020-10-26,sh.600596,8.7600,8.9200,8.7100,8.7800,8.7400,7306700,64512686.0200
2020-10-27,sh.600596,8.7600,8.8300,8.7300,8.7900,8.7800,4305876,37814024.2100
2020-10-28,sh.600596,8.7900,9.0400,8.7800,9.0000,8.7900,11009630,98534421.6800
2020-10-29,sh.600596,8.9700,9.2800,8.9100,9.1100,9.0000,16509450,150640272.2200
2020-10-30,sh.600596,9.1300,9.2600,8.8900,9.0800,9.1100,14932397,135428387.2800
2020-11-02,sh.600596,9.0900,9.3400,9.0900,9.2100,9.0800,15270835,140803170.7100
2020-11-03,sh.600596,9.2200,9.3500,9.1700,9.2500,9.2100,12579400,116621936.8400
2020-11-04,sh.600596,9.3000,9.3500,9.2000,9.2900,9.2500,10122454,93807144.7500
2020-11-05,sh.600596,9.4500,9.6700,9.3600,9.6600,9.2900,30878075,295370282.7200
2020-11-06,sh.600596,9.7400,9.9900,9.7000,9.7800,9.6600,37902917,371677983.5800
2020-11-09,sh.600596,10.0000,10.7600,10.0000,10.7600,9.7800,115405731,1219073398.0700
2020-11-10,sh.600596,10.9100,11.0100,10.5000,10.6800,10.7600,73747914,792537185.1800
2020-11-11,sh.600596,10.9500,11.1600,10.6700,10.7000,10.6800,77378354,844985302.6000
2020-11-12,sh.600596,10.8200,11.7700,10.6400,11.7700,10.7000,91814179,1030779142.8100
2020-11-13,sh.600596,12.0500,12.7500,11.7500,12.3300,11.7700,108898620,1324411287.1400
2020-11-16,sh.600596,12.2000,13.5600,12.0600,12.9600,12.3300,129146170,1706222561.2600
2020-11-17,sh.600596,12.8800,13.8700,12.6000,13.2400,12.9600,107121102,1415897543.2100
2020-11-18,sh.600596,13.6800,14.5600,13.1800,14.5600,13.2400,102204522,1425294576.8300
2020-11-19,sh.600596,15.5500,16.0200,14.5800,15.0600,14.5600,194297876,2989058790.5700
2020-11-20,sh.600596,15.0100,15.4700,14.3800,15.0000,15.0600,144159011,2153519455.9800
2020-11-23,sh.600596,15.5000,16.5000,15.2100,15.5000,15.0000,146054731,2322279533.1000
2020-11-24,sh.600596,15.0900,16.1800,14.9000,16.1000,15.5000,133375494,2085555252.2000
2020-11-25,sh.600596,16.0000,16.2000,14.6500,15.5000,16.1000,128307668,1974236347.5700
2020-11-26,sh.600596,15.3500,16.6800,14.8100,16.6800,15.5000,119315456,1861208449.6900
2020-11-27,sh.600596,16.0300,16.8000,15.0700,15.0700,16.6800,132294904,2085769569.5400
2020-11-30,sh.600596,15.2000,15.7500,14.7200,14.7200,15.0700,104916801,1605104739.1200
2020-12-01,sh.600596,14.3200,14.4600,13.5800,14.2000,14.7200,138522172,1943391679.4800
2020-12-02,sh.600596,14.3000,14.3500,13.6300,13.7400,14.2000,95136376,1323064224.7900
2020-12-03,sh.600596,13.6000,13.7800,13.1900,13.4000,13.7400,78908683,1061515492.3000
2020-12-04,sh.600596,13.4500,13.8900,13.2500,13.6700,13.4000,87887380,1192217574.8500
2020-12-07,sh.600596,13.6900,13.8400,13.1000,13.4000,13.6700,73657105,988319959.9100
2020-12-08,sh.600596,13.2900,13.5000,13.0500,13.3000,13.4000,59234200,786154961.8800
2020-12-09,sh.600596,13.2800,13.6200,13.0900,13.3900,13.3000,71517566,958358880.7400
2020-12-10,sh.600596,13.3300,13.3600,12.5100,12.7100,13.3900,76559014,980935277.6700
2020-12-11,sh.600596,12.7500,12.8900,12.1000,12.4100,12.7100,62790468,782372401.0100
2020-12-14,sh.600596,12.3000,12.4500,12.1800,12.3900,12.4100,39347660,484858625.4500
2020-12-15,sh.600596,12.4300,12.4900,12.0500,12.4900,12.3900,46681405,572625457.6700
2020-12-16,sh.600596,12.3800,12.4800,12.0700,12.1800,12.4900,43625363,533642916.8300
2020-12-17,sh.600596,12.1000,12.6600,11.8600,12.4400,12.1800,79193268,979790803.3800
2020-12-18,sh.600596,12.3200,12.6100,12.2200,12.3300,12.4400,54790165,678668817.3700
2020-12-21,sh.600596,12.3800,12.7000,12.2700,12.5700,12.3300,63117409,787472125.7300
2020-12-22,sh.600596,12.4500,12.4600,11.5700,11.5800,12.5700,77170832,923193929.2900
2020-12-23,sh.600596,11.6000,11.8000,11.4500,11.5800,11.5800,44602571,518778270.4100
2020-12-24,sh.600596,11.4900,11.7900,11.3800,11.5700,11.5800,38545819,445343308.8400
2020-12-25,sh.600596,11.4400,11.7400,11.1500,11.6600,11.5700,44258021,507271705.7800
2020-12-28,sh.600596,11.3000,11.3900,10.5700,10.8200,11.6600,72951669,791393136.3200
2020-12-29,sh.600596,10.7200,10.8800,10.6300,10.7200,10.8200,36712436,394096626.1100
2020-12-30,sh.600596,10.6900,10.9200,10.5900,10.7900,10.7200,32756276,352852283.4800
2020-12-31,sh.600596,10.7600,11.0200,10.7300,10.8500,10.7900,34279152,372521817.5700
2021-01-04,sh.600596,10.9000,11.0900,10.7000,10.9200,10.8500,41498981,453508387.6100
2021-01-05,sh.600596,10.9900,11.1200,10.7500,10.9700,10.9200,41079043,450384709.2700
2021-01-06,sh.600596,10.9400,11.0500,10.6300,10.9900,10.9700,39778401,432588974.9800
2021-01-07,sh.600596,11.0000,11.2500,10.6500,10.8400,10.9900,46594156,509381705.0400
2021-01-08,sh.600596,10.7000,11.0000,10.2100,10.9500,10.8400,44673301,475077951.5400
2021-01-11,sh.600596,11.3100,11.4800,10.8300,10.9300,10.9500,53564483,596938644.7100
2021-01-12,sh.600596,10.7300,10.8800,10.2400,10.5200,10.9300,46874596,492446460.8400
2021-01-13,sh.600596,10.4300,11.2600,10.3800,10.9000,10.5200,56780390,622275230.6600
2021-01-14,sh.600596,10.8500,10.8900,10.4000,10.6600,10.9000,37870763,401983042.6800
2021-01-15,sh.600596,10.6000,10.6100,10.0900,10.4100,10.6600,35265490,365079178.0400
2021-01-18,sh.600596,10.3300,11.1200,10.2600,11.0000,10.4100,52091219,566000111.7000
2021-01-19,sh.600596,11.0600,11.7300,10.9800,11.5400,11.0000,77866946,893468594.8900
2021-01-20,sh.600596,11.5200,11.6500,11.1600,11.3300,11.5400,39285230,444805756.9100
2021-01-21,sh.600596,11.3700,11.6400,11.1400,11.4200,11.3300,37605261,429255018.5900
2021-01-22,sh.600596,11.3400,12.0200,11.2200,11.8500,11.4200,55399561,647438577.9200
2021-01-25,sh.600596,11.8600,11.8700,10.9500,11.0900,11.8500,70049855,790208310.7700
2021-01-26,sh.600596,10.9900,11.0400,10.5500,10.6200,11.0900,30347145,326375927.5900
2021-01-27,sh.600596,10.5900,10.8000,10.4200,10.6700,10.6200,21734011,230883284.1700
2021-01-28,sh.600596,10.5000,10.6500,10.0300,10.0800,10.6700,31131788,320925481.3900
2021-01-29,sh.600596,10.1400,10.2700,9.9900,10.1500,10.0800,20855086,210708438.4100
2021-02-01,sh.600596,10.1600,10.6000,9.9600,10.5300,10.1500,31844574,328469602.5400
2021-02-02,sh.600596,10.4900,10.6500,10.2900,10.5600,10.5300,22911052,239805211.2500
2021-02-03,sh.600596,10.5400,11.6200,10.4600,11.6200,10.5600,54261484,607011343.8900
2021-02-04,sh.600596,11.7300,12.1700,11.2000,11.4900,11.6200,80060380,937650653.6200
2021-02-05,sh.600596,11.5000,11.6700,10.3800,10.4000,11.4900,57021284,627906799.1300
2021-02-08,sh.600596,10.5600,11.4400,10.2300,11.3400,10.4000,64659884,713608547.5700
2021-02-09,sh.600596,11.2500,11.6900,11.1800,11.5000,11.3400,52846276,606923587.1300
2021-02-10,sh.600596,11.5000,12.1900,11.3300,12.0000,11.5000,52726320,621688113.7800
2021-02-18,sh.600596,12.2000,12.8700,12.0400,12.4900,12.0000,67690309,839845345.4000
2021-02-19,sh.600596,12.4200,12.9500,12.3400,12.8100,12.4900,59986367,761624073.5100
2021-02-22,sh.600596,12.9300,13.5500,12.7300,12.8000,12.8100,75485689,987402578.5500
2021-02-23,sh.600596,13.1000,13.2000,12.6600,12.8800,12.8000,52145492,673021857.2800
2021-02-24,sh.600596,12.7900,12.9400,12.1000,12.3200,12.8800,63238045,790116407.4800
2021-02-25,sh.600596,12.6000,12.6400,11.6900,11.9000,12.3200,51798913,627964191.1100
2021-02-26,sh.600596,11.7000,12.3800,11.6300,12.0300,11.9000,43159188,519990825.9600
2021-03-01,sh.600596,12.0400,13.2300,12.0400,13.2300,12.0300,66077069,847476115.6300
2021-03-02,sh.600596,13.1900,13.3900,12.8100,13.0600,13.2300,57780255,755638970.1900
2021-03-03,sh.600596,12.9900,13.8500,12.7900,13.7000,13.0600,70641044,943482366.0000
2021-03-04,sh.600596,13.4800,13.8000,13.3200,13.7800,13.7000,55835417,758121885.1300
2021-03-05,sh.600596,13.6500,13.7100,12.5400,12.7700,13.7800,60840305,798582136.5500
2021-03-08,sh.600596,12.9600,13.6000,12.7500,12.7800,12.7700,40662889,534066708.9900
2021-03-09,sh.600596,12.5800,12.9600,12.0000,12.4600,12.7800,37633391,472148861.6700
2021-03-10,sh.600596,12.6100,12.7900,12.1800,12.3100,12.4600,30361974,379107938.1200
2021-03-11,sh.600596,12.3300,13.1500,12.3300,13.1100,12.3100,36959106,475440911.9900
2021-03-12,sh.600596,13.1100,13.3600,12.7800,13.2300,13.1100,35181089,459764687.5100
2021-03-15,sh.600596,13.3300,13.8500,13.2700,13.5100,13.2300,45972055,623411313.8900
2021-03-16,sh.600596,13.4000,13.6000,13.1700,13.4000,13.5100,25339616,338329695.9200
2021-03-17,sh.600596,13.3800,13.6700,12.8900,13.5000,13.4000,31223476,415086630.7900
2021-03-18,sh.600596,13.6000,14.0600,13.6000,13.8300,13.5000,48173556,666919356.1000
2021-03-19,sh.600596,13.4100,13.5200,13.0100,13.0800,13.8300,39533133,524341992.2000
2021-03-22,sh.600596,13.2900,13.9100,13.1900,13.7400,13.0800,40025089,543487125.5500
2021-03-23,sh.600596,13.6800,13.6800,12.6800,12.9000,13.7400,46611015,606982810.4500
2021-03-24,sh.600596,12.7000,12.7300,12.1000,12.2000,12.9000,28397514,350590611.1300
2021-03-25,sh.600596,12.1400,12.5300,12.1400,12.2200,12.2000,15544548,191575296.5100
2021-03-26,sh.600596,12.2200,12.4200,12.0900,12.3300,12.2200,15232051,187300914.0000
2021-03-29,sh.600596,12.3400,12.8000,12.2800,12.6500,12.3300,23722038,297032187.8300
2021-03-30,sh.600596,12.6400,12.6900,12.2500,12.5100,12.6500,18216578,227795760.1000
2021-03-31,sh.600596,12.7200,12.8300,12.5100,12.5900,12.5100,15706000,198426193.1700
2021-04-01,sh.600596,12.8100,13.0400,12.7500,13.0000,12.5900,26982002,348367719.0700
2021-04-02,sh.600596,12.8800,13.0300,12.7400,12.9900,13.0000,21992809,284307634.0600
2021-04-06,sh.600596,12.9300,13.4000,12.9200,13.2900,12.9900,26153733,345112004.7600
2021-04-07,sh.600596,13.5800,13.6000,12.9100,13.0300,13.2900,50100344,659961612.5000
2021-04-08,sh.600596,13.0000,13.0700,12.7700,12.8400,13.0300,30882371,398961863.4100
2021-04-09,sh.600596,12.7500,12.9200,12.6800,12.8200,12.8400,16411376,210181094.2000
2021-04-12,sh.600596,12.8200,12.8300,11.8800,11.9800,12.8200,35418534,434121953.5000
2021-04-13,sh.600596,11.9800,12.1400,11.8700,12.0100,11.9800,18451480,221510282.0700
2021-04-14,sh.600596,11.9600,12.3400,11.9600,12.2700,12.0100,17115493,208999750.5500
2021-04-15,sh.600596,12.2700,12.2700,11.9600,12.1300,12.2700,12923701,156045239.0800
2021-04-16,sh.600596,12.1300,12.2400,12.0500,12.1100,12.1300,13091352,158888132.3200
2021-04-19,sh.600596,12.0800,12.2400,11.8700,12.2000,12.1100,19483847,236348215.7600
2021-04-20,sh.600596,12.1600,12.2300,11.8800,11.8900,12.2000,21488242,258676720.1300
2021-04-21,sh.600596,11.8700,12.3300,11.6600,12.2400,11.8900,30179441,363918181.6600
2021-04-22,sh.600596,12.3100,12.4100,12.1900,12.3300,12.2400,18857924,231544007.7000
2021-04-23,sh.600596,12.2500,12.6900,12.2000,12.6000,12.3300,27037809,337616597.5300
2021-04-26,sh.600596,12.7500,12.8500,12.2900,12.3000,12.6000,30085744,377576306.2900
2021-04-27,sh.600596,12.1600,12.5500,12.0200,12.5200,12.3000,24366753,299465779.7700
2021-04-28,sh.600596,12.4100,12.7900,12.2700,12.7100,12.5200,26791046,338722006.8500
2021-04-29,sh.600596,12.6500,12.7500,12.4100,12.5500,12.7100,19265362,242168694.5300
2021-04-30,sh.600596,12.4700,12.6500,12.2000,12.4100,12.5500,18761085,233723809.8200
2021-05-06,sh.600596,12.4200,13.0600,12.4200,12.9000,12.4100,42474073,547291489.4400
2021-05-07,sh.600596,12.9100,13.3300,12.9000,13.1400,12.9000,43676927,573321404.7500
2021-05-10,sh.600596,13.3000,14.4300,13.3000,14.2800,13.1400,84819670,1192723982.9700
2021-05-11,sh.600596,14.1400,14.1600,13.1400,13.5300,14.2800,59051901,798138005.0600
2021-05-12,sh.600596,13.3800,14.0600,13.3700,13.7800,13.5300,33230633,456983359.2700
2021-05-13,sh.600596,13.5200,13.6400,13.1900,13.4000,13.7800,29955121,400362921.7800
2021-05-14,sh.600596,13.4100,13.7800,13.3400,13.5600,13.4000,25916257,351750667.1700
2021-05-17,sh.600596,13.5000,13.9600,13.3300,13.8300,13.5600,33607297,461796632.0900
2021-05-18,sh.600596,13.8500,14.1100,13.7300,14.0400,13.8300,31290961,436566936.5800
2021-05-19,sh.600596,14.1200,14.7000,13.9500,14.4200,14.0400,50751608,726520826.7800
2021-05-20,sh.600596,14.1100,14.8000,13.7100,14.4100,14.4200,64867513,929510365.8800
2021-05-21,sh.600596,14.4000,14.7600,14.1500,14.3500,14.4100,40145511,579777323.9100
2021-05-24,sh.600596,14.3000,14.5400,13.7000,13.9400,14.3500,42977319,602757713.5100
2021-05-25,sh.600596,14.0400,14.8000,13.9600,14.6100,13.9400,53166718,767728660.6800
2021-05-26,sh.600596,14.4700,15.0800,14.3000,15.0000,14.6100,48008586,705245885.5000
2021-05-27,sh.600596,15.1000,16.2500,15.1000,15.6400,15.0000,71299797,1127987612.9600
2021-05-28,sh.600596,15.8700,16.2200,15.3500,15.5200,15.6400,41843219,657733705.2800
2021-05-31,sh.600596,15.6100,15.7900,15.2700,15.3400,15.5200,35528204,547909615.9300
2021-06-01,sh.600596,15.3200,16.1900,15.0000,16.1400,15.3400,57143125,888311255.7500
2021-06-02,sh.600596,15.9500,16.5000,15.7300,16.4000,16.1400,52962792,852414510.2000
2021-06-03,sh.600596,16.3800,16.8000,15.8300,15.9500,16.4000,42502003,693517285.3700
2021-06-04,sh.600596,15.5500,16.8800,15.5200,16.6100,15.7000,39888505,653152956.4300
2021-06-07,sh.600596,16.7000,17.7500,16.6000,17.5600,16.6100,43508373,744764924.9800
2021-06-08,sh.600596,17.3500,17.6100,16.7200,17.6000,17.5600,37105851,639865004.9700
2021-06-09,sh.600596,17.9300,18.2700,17.4100,17.4800,17.6000,39297032,700899873.9000
2021-06-10,sh.600596,17.6700,17.8000,16.8700,17.4900,17.4800,35460349,611415982.9700
2021-06-11,sh.600596,17.7500,18.1600,17.4500,17.9400,17.4900,37601016,668712950.4400
2021-06-15,sh.600596,17.7500,18.1800,17.1500,17.2300,17.9400,33314287,583874391.7600
2021-06-16,sh.600596,17.2800,17.3400,16.2700,16.5300,17.2300,47493621,787871953.0700
2021-06-17,sh.600596,16.6000,17.2200,16.2200,16.7000,16.5300,35065444,589156901.3200
2021-06-18,sh.600596,16.7000,17.2000,16.2300,16.8000,16.7000,47064648,791264780.3100
2021-06-21,sh.600596,16.6300,17.1300,16.4700,16.7300,16.8000,32706608,549127135.6200
2021-06-22,sh.600596,16.7100,17.4700,16.7100,16.8300,16.7300,30452471,518580247.9600
2021-06-23,sh.600596,16.8700,17.0100,16.6100,16.8300,16.8300,24700165,415798808.8900
2021-06-24,sh.600596,16.7700,17.4400,16.1000,17.0000,16.8300,32561827,551086820.4400
2021-06-25,sh.600596,16.9900,18.0500,16.7600,17.7900,17.0000,41939118,733834244.3100
2021-06-28,sh.600596,17.8200,18.1100,17.5000,17.7500,17.7900,31099180,552075445.7500
2021-06-29,sh.600596,17.9000,18.3400,17.6300,18.0400,17.7500,39063119,702837445.9100
2021-06-30,sh.600596,18.2200,18.3000,17.2500,17.7200,18.0400,38979716,687923151.5200
2021-07-01,sh.600596,17.7100,17.7500,16.3900,16.4500,17.7200,49581615,837506036.2700
2021-07-02,sh.600596,16.4700,16.8500,16.3000,16.3200,16.4500,31635961,522827212.9400
2021-07-05,sh.600596,16.5100,17.0700,16.4500,16.7800,16.3200,29906842,501258166.2700
2021-07-06,sh.600596,17.2900,18.4600,17.1500,17.9600,16.7800,84215036,1518155353.2800
2021-07-07,sh.600596,18.0000,18.8500,17.6600,18.6800,17.9600,59074499,1083867511.5000
2021-07-08,sh.600596,18.8800,19.0500,18.3500,18.4100,18.6800,37413735,697300985.4800
2021-07-09,sh.600596,18.6000,19.2200,18.2000,19.0300,18.4100,44590453,839669619.9100
2021-07-12,sh.600596,19.9000,20.0000,19.1700,19.3700,19.0300,67565525,1323824635.1400
2021-07-13,sh.600596,19.4000,20.5200,19.1800,20.3900,19.3700,56321606,1133163528.5100
2021-07-14,sh.600596,20.3000,21.5900,20.1700,20.6000,20.3900,59012091,1235478031.6800
2021-07-15,sh.600596,20.3700,21.1500,20.1100,20.8300,20.6000,41447084,858286173.1700
2021-07-16,sh.600596,20.7900,22.2500,20.4900,21.6300,20.8300,51977571,1123698974.7400
2021-07-19,sh.600596,21.5600,22.2700,21.3000,21.4400,21.6300,44079020,956938459.2700
2021-07-20,sh.600596,21.0000,21.8200,20.5200,21.6600,21.4400,34190426,725382177.6400
2021-07-21,sh.600596,21.9900,22.1700,21.1900,21.9500,21.6600,34482596,749148822.8100
2021-07-22,sh.600596,22.1200,24.1500,22.0300,24.1500,21.9500,71243633,1689529970.2000
2021-07-23,sh.600596,24.1100,24.3500,23.5300,24.0200,24.1500,54438752,1304790841.2700
2021-07-26,sh.600596,23.8900,24.9000,23.3000,24.0500,24.0200,51363135,1238781044.4500
2021-07-27,sh.600596,24.0900,24.8000,21.6500,21.6500,24.0500,69679491,1602789051.7200
2021-07-28,sh.600596,21.1500,22.1900,20.5100,21.8400,21.6500,51022527,1105364524.7900
2021-07-29,sh.600596,22.2000,22.8500,21.9100,22.6000,21.8400,36887271,829924372.5400
2021-07-30,sh.600596,22.1500,22.4200,21.3100,22.0000,22.6000,32929794,716926863.8100
2021-08-02,sh.600596,21.6600,23.6600,21.4100,23.6300,22.0000,44931357,1022251629.0300
2021-08-03,sh.600596,23.2700,25.3600,22.8100,24.1500,23.6300,62924269,1537854487.2100
2021-08-04,sh.600596,23.3500,24.0300,22.8200,23.7600,24.1500,50601325,1187395220.2300
2021-08-05,sh.600596,23.7000,23.7900,21.3800,21.4100,23.7600,67258132,1483320303.0600
2021-08-06,sh.600596,21.6000,22.9000,21.6000,22.7300,21.4100,45332527,1009712965.0700
2021-08-09,sh.600596,22.7000,23.2000,22.1600,22.5900,22.7300,28394740,640714870.2700
2021-08-10,sh.600596,22.5900,23.0200,21.7000,22.2500,22.5900,28519752,638816568.0200
2021-08-11,sh.600596,22.4000,24.4800,22.1000,24.4800,22.2500,62222569,1478347344.9800
2021-08-12,sh.600596,24.7700,26.9300,24.6200,26.9300,24.4800,72513249,1902976354.2100
2021-08-13,sh.600596,26.9600,28.4500,26.9600,27.9900,26.9300,68499573,1906821306.9800
2021-08-16,sh.600596,30.0000,30.7600,27.9600,28.4500,27.9900,88145187,2569764146.2600
2021-08-17,sh.600596,28.9100,29.4800,27.0000,27.5000,28.4500,53907332,1516014477.6600
2021-08-18,sh.600596,28.1900,30.2500,28.1700,30.2500,27.5000,45142818,1340166039.1100
2021-08-19,sh.600596,31.3700,31.7600,27.5000,28.9500,30.2500,102827292,3007543268.5500
2021-08-20,sh.600596,28.4900,31.8500,28.2000,31.8500,28.9500,85124012,2581410708.5700
2021-08-23,sh.600596,31.9000,34.5500,31.8700,33.3900,31.8500,111524347,3714610366.0200
2021-08-24,sh.600596,33.2200,35.0500,32.6000,33.6800,33.3900,88759625,3002657215.7800
2021-08-25,sh.600596,33.1000,37.0500,32.9500,37.0500,33.6800,86194757,3040932025.0800
2021-08-26,sh.600596,37.1600,39.5000,36.5300,37.2000,37.0500,108894170,4123617028.9700
2021-08-27,sh.600596,36.3200,39.9300,35.7300,38.4400,37.2000,70206444,2640779632.7600
2021-08-30,sh.600596,39.3000,42.2800,39.1000,41.6900,38.4400,96394082,3954490415.4300
2021-08-31,sh.600596,41.9800,44.7800,40.1100,44.3700,41.6900,77844829,3354821523.8300
2021-09-01,sh.600596,44.0000,45.4000,39.9300,39.9300,44.3700,101974208,4214402543.7200
2021-09-02,sh.600596,40.2500,43.7400,40.2500,43.6800,39.9300,78236507,3312927766.8300
2021-09-03,sh.600596,43.0000,47.5000,40.3800,42.4400,43.6800,105385062,4612001254.5500
2021-09-06,sh.600596,41.7200,42.4900,38.2000,38.2100,42.4400,71561678,2791291408.7700
2021-09-07,sh.600596,39.0000,40.8300,38.0800,40.1800,38.2100,63795770,2537609785.1200
2021-09-08,sh.600596,40.8200,41.0000,38.6900,39.3200,40.1800,60485105,2396400025.9700
2021-09-09,sh.600596,39.5000,40.5000,36.6000,38.3000,39.3200,74705585,2845239219.9700
2021-09-10,sh.600596,39.0900,41.3300,38.0000,39.9700,38.3000,79704869,3159126326.1300
2021-09-13,sh.600596,39.7800,43.9700,37.5500,43.1400,39.9700,116177112,4795816044.2500
2021-09-14,sh.600596,42.8000,45.8800,41.5100,44.7700,43.1400,104070577,4600335866.1800
2021-09-15,sh.600596,43.1100,47.3900,42.2800,46.6100,44.7700,79944016,3576394009.8900
2021-09-16,sh.600596,45.4400,47.3500,41.9500,42.5200,46.6100,85004838,3736758438.9400
2021-09-17,sh.600596,41.4000,43.4800,38.2700,39.5500,42.5200,80197897,3247476673.7700
2021-09-22,sh.600596,39.2400,41.8400,39.0100,40.8800,39.5500,64900870,2615666813.7700
2021-09-23,sh.600596,41.4000,41.4000,36.8000,37.0600,40.8800,81874595,3121813863.0300
2021-09-24,sh.600596,37.2000,37.4400,35.5300,35.7900,37.0600,65098246,2360639353.3400
2021-09-27,sh.600596,35.1000,36.0700,32.7500,33.9800,35.7900,70247532,2390792572.6500
2021-09-28,sh.600596,34.5000,34.7500,31.8600,32.2900,33.9800,49975845,1633752652.8000
2021-09-29,sh.600596,32.4200,32.4900,29.4400,29.8800,32.2900,61922692,1894020874.1400
2021-09-30,sh.600596,30.8300,32.2500,30.2000,31.4900,29.8800,49445875,1552410343.1400
2021-10-08,sh.600596,32.0000,32.2000,29.8600,30.3300,31.4900,46343813,1416713048.7700
2021-10-11,sh.600596,30.8100,32.3000,30.3800,30.6000,30.3300,53178348,1656674536.9900
2021-10-12,sh.600596,30.5900,31.3000,29.0200,29.5000,30.6000,57054959,1699986543.8900
2021-10-13,sh.600596,29.5900,29.8500,28.9100,29.6000,29.5000,31433565,925440793.2700
2021-10-14,sh.600596,29.1800,30.6400,28.7400,30.4500,29.6000,39649636,1185516761.1400
2021-10-15,sh.600596,30.6000,31.4500,29.9000,30.9400,30.4500,47431229,1455759363.3200
2021-10-18,sh.600596,30.5500,31.9000,29.7000,31.8000,30.9400,53954675,1667146695.9800
2021-10-19,sh.600596,31.2200,32.4400,30.6800,31.8500,31.8000,48398006,1528534515.7800
2021-10-20,sh.600596,31.0000,33.4300,30.6600,32.8200,31.8500,63627954,2061663850.0400
2021-10-21,sh.600596,32.6900,34.3500,32.5200,33.3300,32.8200,67204288,2262213552.3700
2021-10-22,sh.600596,32.7800,33.8800,31.9100,32.1100,33.3300,56181796,1838660251.3500
2021-10-25,sh.600596,31.8000,33.0700,31.7500,32.3600,32.1100,41678983,1350812340.0300
2021-10-26,sh.600596,32.2900,32.8500,31.6700,31.7000,32.3600,37776459,1211029722.7800
2021-10-27,sh.600596,31.6900,32.6500,31.3900,31.5600,31.7000,44457970,1422985126.8500
2021-10-28,sh.600596,31.3000,32.4900,29.3300,29.4600,31.5600,60549113,1860689665.7300
2021-10-29,sh.600596,29.8900,30.4000,26.9500,27.7500,29.4600,77794042,2178460708.9800
2021-11-01,sh.600596,27.9500,28.4200,27.1900,28.1100,27.7500,54867741,1534052090.6300
2021-11-02,sh.600596,28.1100,28.3000,26.4400,27.1000,28.1100,47211181,1284727572.3600
2021-11-03,sh.600596,27.1200,27.6700,26.4500,27.6700,27.1000,36884299,1002312027.5200
2021-11-04,sh.600596,27.6500,27.7300,26.9200,27.0600,27.6700,28970030,788687496.4700
2021-11-05,sh.600596,27.2400,27.2600,25.3900,25.5000,27.0600,53826042,1402666952.0100
2021-11-08,sh.600596,25.5000,26.1700,25.4400,25.9700,25.5000,28816316,745790036.0000
2021-11-09,sh.600596,26.1400,26.5500,25.7000,26.5500,25.9700,27454693,721427958.0200
2021-11-10,sh.600596,26.4000,26.5000,25.5500,26.0300,26.5500,29033016,754082087.9300
2021-11-11,sh.600596,26.1700,26.8500,25.9200,26.5400,26.0300,36064252,956044905.3500
2021-11-12,sh.600596,26.5800,27.3900,26.3000,27.2000,26.5400,51060314,1381542419.4000
2021-11-15,sh.600596,27.2800,27.3500,24.8000,26.0000,27.2000,56542627,1459838858.4500
2021-11-16,sh.600596,25.8200,26.1500,25.0000,25.1900,26.0000,29379577,751081354.3800
2021-11-17,sh.600596,25.2500,25.6900,24.9300,25.5800,25.1900,24534128,622598726.0700
2021-11-18,sh.600596,25.6000,26.2200,25.3200,25.7700,25.5800,26549495,684503343.0000
2021-11-19,sh.600596,25.5300,26.4000,25.2900,26.2700,25.7700,29465713,763889045.1000
2021-11-22,sh.600596,26.7400,27.3400,26.3500,27.1000,26.2700,35845325,962312256.8300
2021-11-23,sh.600596,27.1400,27.7000,26.8600,26.9600,27.1000,34689990,943760738.5000
2021-11-24,sh.600596,26.7900,27.3400,26.5900,26.7300,26.9600,22269314,598629599.7200
2021-11-25,sh.600596,26.8000,27.2700,26.5300,26.6600,26.7300,21826387,585855641.5000
2021-11-26,sh.600596,26.9200,27.5900,26.6800,27.1400,26.6600,35272507,961080056.1600
2021-11-29,sh.600596,26.6500,26.9000,25.9000,26.5500,27.1400,35450673,935427236.6800
2021-11-30,sh.600596,26.6100,27.5500,26.5200,26.9000,26.5500,29965250,806643523.3500
2021-12-01,sh.600596,26.8600,28.1400,25.9200,27.7500,26.9000,53303032,1436259378.8400
2021-12-02,sh.600596,27.4500,27.4500,26.0800,26.3800,27.7500,58236253,1545355054.5300
2021-12-03,sh.600596,26.3300,27.0900,25.8400,27.0000,26.3800,38282871,1016193412.1300
2021-12-06,sh.600596,26.9500,29.4900,26.8000,28.0600,27.0000,74759882,2128098187.8500
2021-12-07,sh.600596,28.3300,30.0200,28.2600,28.9000,28.0600,81665444,2384210985.1800
2021-12-08,sh.600596,28.9300,29.4800,27.9300,29.1100,28.9000,46307040,1327886915.5300
2021-12-09,sh.600596,28.9000,29.0100,27.8000,27.9900,29.1100,48277054,1358629685.3300
2021-12-10,sh.600596,27.8100,29.5000,27.6600,29.0800,27.9900,46896486,1348061602.0800
2021-12-13,sh.600596,29.1100,29.2000,28.3800,28.4900,29.0800,33705888,963807901.1900
2021-12-14,sh.600596,28.3000,28.3400,27.0900,27.2200,28.4900,40941554,1125292142.5500
2021-12-15,sh.600596,27.3000,27.3700,26.5700,26.7400,27.2200,24458446,658758021.8400
2021-12-16,sh.600596,26.7400,27.5300,26.6300,27.3500,26.7400,21458285,583378959.2600
2021-12-17,sh.600596,27.3500,27.4500,26.6800,26.7800,27.3500,15812328,425558396.4300
2021-12-20,sh.600596,26.4500,26.6300,25.2100,25.3600,26.7800,27589618,710542525.0900
2021-12-21,sh.600596,25.3300,25.5600,24.9300,25.4700,25.3600,16308134,412189785.6000
2021-12-22,sh.600596,25.5000,25.7800,25.2100,25.6800,25.4700,12521238,320361125.8900
2021-12-23,sh.600596,25.7800,25.7800,25.2600,25.4500,25.6800,13596003,346171762.4200
2021-12-24,sh.600596,25.4500,25.5300,24.0000,24.4400,25.4500,24389642,599769895.0400
2021-12-27,sh.600596,24.3800,24.8100,24.2100,24.3800,24.4400,12837191,314935294.4700
2021-12-28,sh.600596,24.4600,25.4200,24.3300,25.2500,24.3800,23164399,579848978.5600
2021-12-29,sh.600596,25.1500,25.5400,24.9900,25.1300,25.2500,17464372,440991410.1500
2021-12-30,sh.600596,25.0300,25.3200,24.3900,24.4500,25.1300,23188014,575401670.8000
2021-12-31,sh.600596,24.5700,25.1000,24.4600,24.9900,24.4500,15358052,382219869.0800
2022-01-04,sh.600596,25.2700,25.2800,24.2300,24.6600,24.9900,15658650,384706423.1100
2022-01-05,sh.600596,24.5600,24.6300,23.4500,23.8000,24.6600,22207373,530416281.5700
2022-01-06,sh.600596,23.7000,24.3000,23.5800,24.2500,23.8000,12432079,299179727.6100
2022-01-07,sh.600596,24.2000,24.3600,23.6000,23.8400,24.2500,13369318,320837729.5800
2022-01-10,sh.600596,23.8300,24.9200,23.6600,24.5400,23.8400,19194031,468326633.6000
2022-01-11,sh.600596,25.4800,25.7700,24.5400,25.3800,24.5400,48081252,1217452220.2600
2022-01-12,sh.600596,25.4000,25.7800,25.1800,25.3000,25.3800,27126285,688804083.0000
2022-01-13,sh.600596,25.3500,25.4700,24.0000,24.0500,25.3000,34080375,841961350.4600
2022-01-14,sh.600596,23.8800,25.2900,23.6000,24.6100,24.0500,26835690,662637110.7800
2022-01-17,sh.600596,24.6900,24.6900,24.1100,24.4400,24.6100,15292910,372467463.5300
2022-01-18,sh.600596,24.3500,24.5200,23.9700,24.1600,24.4400,15966406,387440174.1700
2022-01-19,sh.600596,24.0800,24.1500,23.5100,23.6800,24.1600,16361941,388637533.5700
2022-01-20,sh.600596,23.6500,23.9000,22.6200,22.7900,23.6800,20582152,475386151.9500
2022-01-21,sh.600596,22.6500,22.9300,22.1300,22.2700,22.7900,15656477,351608604.0500
2022-01-24,sh.600596,22.1100,23.3800,22.1100,23.0300,22.2700,16154814,367371709.7500
2022-01-25,sh.600596,22.7500,23.1400,22.0800,22.1100,23.0300,13216107,298455786.3800
2022-01-26,sh.600596,22.4100,23.2700,22.4100,23.1300,22.1100,22595822,519619727.3100
2022-01-27,sh.600596,22.9500,23.3800,22.5200,22.5600,23.1300,16150901,369543598.4000
2022-01-28,sh.600596,22.8000,22.9500,21.3000,21.6700,22.5600,22689228,495399036.2200
2022-02-07,sh.600596,22.0600,22.8700,22.0600,22.6600,21.6700,18522668,418800339.1000
2022-02-08,sh.600596,22.7300,23.2600,22.3800,23.2400,22.6600,19209218,438879637.6400
2022-02-09,sh.600596,23.2600,23.6900,23.0800,23.5900,23.2400,20866118,490683866.2500
2022-02-10,sh.600596,23.5100,24.4400,23.5100,23.9000,23.5900,21661865,518019232.4700
2022-02-11,sh.600596,23.7700,24.1900,23.5600,23.6100,23.9000,16251468,387218377.5500
2022-02-14,sh.600596,23.9700,24.6900,23.7900,24.1400,23.6100,31524259,766313343.2500
2022-02-15,sh.600596,24.1200,24.4000,23.7100,24.1900,24.1400,17284911,415933864.0800
2022-02-16,sh.600596,24.2300,25.4900,24.2300,24.9600,24.1900,35622015,890495022.8500
2022-02-17,sh.600596,24.8400,25.8800,24.6500,25.5300,24.9600,43590804,1103266427.4400
2022-02-18,sh.600596,25.3000,25.5800,25.0400,25.2700,25.5300,23504842,593630045.9500
2022-02-21,sh.600596,25.3000,25.8600,25.1300,25.8200,25.2700,25526380,650266940.0200
2022-02-22,sh.600596,25.5500,25.7700,24.8800,25.7500,25.8200,26091421,660736076.9000
2022-02-23,sh.600596,26.0000,27.6700,26.0000,27.3200,25.7500,59274435,1597066393.9600
2022-02-24,sh.600596,27.0400,28.8700,26.9100,27.6500,27.3200,79342332,2218632512.5700
2022-02-25,sh.600596,27.9300,28.3500,26.9800,27.1500,27.6500,43140571,1187179667.3200
2022-02-28,sh.600596,26.8100,27.5700,26.4400,27.3800,27.1500,34229418,927861360.0000
2022-03-01,sh.600596,27.5400,27.7500,26.8900,27.4800,27.3800,35312075,964747328.0000
2022-03-02,sh.600596,27.5500,28.6800,27.1600,28.3900,27.4800,47627778,1331764704.0000
2022-03-03,sh.600596,28.5000,29.2000,27.9200,27.9700,28.3900,40091752,1144254192.0000
2022-03-04,sh.600596,27.5100,28.2400,26.9500,27.2000,27.9700,35246035,963744304.0000
2022-03-07,sh.600596,27.1800,28.1300,27.0200,27.4800,27.2000,37591870,1041333952.0000
2022-03-08,sh.600596,27.4000,27.4000,26.1500,26.5000,27.4800,31038682,832723248.0000
2022-03-09,sh.600596,26.8000,26.9700,23.9700,25.2200,26.5000,43328984,1097302784.0000
2022-03-10,sh.600596,25.9400,27.4500,25.8100,27.4500,25.2200,49534129,1329793616.0000
2022-03-11,sh.600596,27.1800,27.1800,25.9800,26.9900,27.4500,51547974,1370594336.0000
2022-03-14,sh.600596,26.6600,27.4400,25.9000,25.9100,26.9900,36175397,960982784.0000
2022-03-15,sh.600596,25.5900,26.1900,24.9100,24.9100,25.9100,32802764,838970176.0000
2022-03-16,sh.600596,25.5300,26.0900,24.0000,25.9700,24.9100,32287729,813016160.0000
2022-03-17,sh.600596,26.2800,26.4700,25.4700,25.5700,25.9700,35684214,928147920.0000
2022-03-18,sh.600596,25.3800,27.3600,25.2600,27.1900,25.5700,43198280,1147592052.2800
2022-03-21,sh.600596,27.1900,27.6400,26.5900,27.1600,27.1900,36334684,988057333.6700
2022-03-22,sh.600596,28.1000,28.9700,27.4300,27.7600,27.1600,66335198,1862307710.3700
2022-03-23,sh.600596,27.6400,28.1700,27.2600,27.5000,27.7600,33447194,925479216.8500
2022-03-24,sh.600596,27.2600,28.1500,26.8300,28.0600,27.5000,41374904,1144129411.0500
2022-03-25,sh.600596,27.9800,28.6100,27.7300,27.9300,28.0600,38268149,1075652257.0600
2022-03-28,sh.600596,28.0000,28.2400,27.0100,28.0000,27.9300,31268357,865852103.2400
2022-03-29,sh.600596,27.9000,29.1900,27.6400,28.5900,28.0000,54617583,1556872626.5100
2022-03-30,sh.600596,28.1300,28.1300,27.6100,27.8200,28.5900,41151777,1146107551.2700
2022-03-31,sh.600596,27.5100,27.6200,25.9200,26.2200,27.8200,47774640,1271549998.9800
2022-04-01,sh.600596,25.8500,27.4500,25.8500,27.1900,26.2200,39523812,1066026778.0900
2022-04-06,sh.600596,27.0100,27.4000,26.4500,26.9000,27.1900,22434530,602774925.0200
2022-04-07,sh.600596,26.8300,27.9100,26.7100,27.0400,26.9000,27185950,743157599.7200
2022-04-08,sh.600596,27.0000,28.6600,26.8300,28.3000,27.0400,55933247,1568383807.4500
2022-04-11,sh.600596,28.3000,28.3800,27.2200,27.7100,28.3000,41319128,1149979145.0100
2022-04-12,sh.600596,27.6900,27.8400,26.7100,27.3500,27.7100,26494171,718839698.9900
2022-04-13,sh.600596,27.2100,28.0400,27.0400,27.3400,27.3500,28794496,797525410.6800
2022-04-14,sh.600596,27.4500,28.0400,26.6200,27.7700,27.3400,34574435,943219615.0700
2022-04-15,sh.600596,27.4900,28.9500,27.2400,28.2300,27.7700,46698262,1319309613.4100
2022-04-18,sh.600596,28.1900,28.6300,27.4000,27.5300,28.2300,33982671,949201103.8300
2022-04-19,sh.600596,27.7100,29.6500,27.6900,29.2400,27.5300,66522976,1928534789.7200
2022-04-20,sh.600596,29.5200,29.6800,28.3200,28.8900,29.2400,58763851,1705671646.2300
2022-04-21,sh.600596,28.9300,29.2000,27.1000,27.2000,28.8900,47446988,1323508732.7100
2022-04-22,sh.600596,26.6500,27.4700,26.2700,27.1100,27.2000,27486082,739284664.0400
2022-04-25,sh.600596,26.4900,27.4300,26.1100,26.2200,27.1100,37329174,996768350.6100
2022-04-26,sh.600596,26.1800,26.5500,23.6000,23.9200,26.2200,41048990,1007520630.7300
2022-04-27,sh.600596,16.5200,17.7000,16.3000,17.6500,16.7300,32978431,568555226.0100
2022-04-28,sh.600596,17.3100,17.5600,16.7900,16.9600,17.6500,43967448,753726853.3200
2022-04-29,sh.600596,17.1400,17.4500,16.6100,17.2600,16.9600,52532089,894500601.2500
2022-05-05,sh.600596,17.0300,18.2000,16.9500,17.9400,17.2600,55531071,988144484.6900
2022-05-06,sh.600596,17.4500,18.1100,17.3200,17.6100,17.9400,39870730,705089760.6100
2022-05-09,sh.600596,17.3200,17.5000,17.0300,17.3000,17.6100,32574001,560903465.1000
2022-05-10,sh.600596,17.0300,17.2600,16.7200,17.2000,17.3000,40213037,684130980.2000
2022-05-11,sh.600596,17.2700,17.9500,17.1800,17.4100,17.2000,50044324,878826940.2400
2022-05-12,sh.600596,17.2100,17.4700,16.9000,17.1900,17.4100,38059084,652861185.6900
2022-05-13,sh.600596,17.1500,17.8100,17.1500,17.3900,17.1900,38883468,681386646.5500
2022-05-16,sh.600596,17.6600,18.2300,17.6300,18.0100,17.3900,53364250,957141150.7500
2022-05-17,sh.600596,18.0100,18.3300,17.7100,18.1800,18.0100,43766392,790092803.1800
2022-05-18,sh.600596,18.1900,18.2500,17.7400,17.8000,18.1800,37719285,674979548.1400
2022-05-19,sh.600596,17.4100,18.4800,17.3400,18.4400,17.8000,55931635,1002624841.5000
2022-05-20,sh.600596,18.5000,18.6800,18.1800,18.5400,18.4400,53426396,986259905.6100
2022-05-23,sh.600596,18.5300,19.1900,18.4200,19.1100,18.5400,52994906,1000242371.9100
2022-05-24,sh.600596,18.7100,18.7200,17.8100,17.9500,19.1100,84570648,1540793271.5100
2022-05-25,sh.600596,17.9900,18.1100,17.5500,17.9600,17.9500,35586203,636113052.1800
2022-05-26,sh.600596,17.9000,18.2400,17.4200,17.9500,17.9600,39549587,704361886.8600
2022-05-27,sh.600596,18.0200,18.7400,18.0200,18.3200,17.9500,59119203,1086768349.4700
2022-05-30,sh.600596,18.5000,19.0900,17.9200,18.8000,18.3200,67405654,1251811487.8100
2022-05-31,sh.600596,19.1600,19.2900,18.6600,18.7900,18.8000,53694231,1014547068.4400
2022-06-01,sh.600596,18.7300,19.0400,18.4500,18.5600,18.7900,41356502,773777192.0900
2022-06-02,sh.600596,18.4700,18.5700,18.2500,18.3700,18.5600,35739086,656481441.1400
2022-06-06,sh.600596,18.4500,19.4500,18.3600,19.3500,18.3700,76974429,1457327440.9700
2022-06-07,sh.600596,19.2600,19.7900,19.1700,19.5100,19.3500,72085114,1404424012.5300
2022-06-08,sh.600596,19.3800,20.4100,19.2500,20.0800,19.5100,77379046,1526242488.7100
2022-06-09,sh.600596,20.1000,22.0900,20.0200,21.3800,20.0800,154667412,3280381774.5900
2022-06-10,sh.600596,21.1000,23.2400,20.9500,22.6500,21.3800,141892989,3137546073.0700
2022-06-13,sh.600596,22.6700,23.8000,22.6500,23.4500,22.6500,138426911,3218980374.1800
2022-06-14,sh.600596,23.0100,24.8300,22.9000,24.4000,23.4500,130636331,3119404544.3900
2022-06-15,sh.600596,24.7800,24.8900,22.7000,22.8000,24.4000,143656926,3371499161.7300
2022-06-16,sh.600596,22.8000,23.3000,22.0800,22.2900,22.8000,98524250,2232940264.8300
2022-06-17,sh.600596,21.9700,23.1000,21.9300,22.8500,22.2900,86469577,1964314793.9300
2022-06-20,sh.600596,22.7000,23.0700,21.6800,22.2000,22.8500,85113272,1891711242.0600
2022-06-21,sh.600596,22.0100,22.3000,21.1000,21.4000,22.2000,73768649,1584879585.2900
2022-06-22,sh.600596,21.5100,22.0500,21.1700,21.2800,21.4000,64206372,1386073813.4800
2022-06-23,sh.600596,21.5700,21.6700,20.7500,21.6500,21.2800,70435477,1493086604.3900
2022-06-24,sh.600596,21.5600,22.2600,21.3400,22.0400,21.6500,80652912,1768651863.3500
2022-06-27,sh.600596,22.2400,22.2400,21.3200,21.6800,22.0400,69788781,1514484226.3900
2022-06-28,sh.600596,21.7500,22.2200,21.4600,22.0600,21.6800,65531868,1437777216.8100
2022-06-29,sh.600596,21.8200,21.9000,20.8300,20.8300,22.0600,80417672,1713603410.8600
2022-06-30,sh.600596,21.0500,21.8800,20.9000,21.6500,20.8300,63648448,1361572581.0400
2022-07-01,sh.600596,22.5000,23.7900,21.8600,23.4300,21.6500,143978167,3287889801.0700
2022-07-04,sh.600596,23.4900,23.5500,22.6600,23.3000,23.4300,92064912,2136873348.4000
2022-07-05,sh.600596,23.6600,24.4800,23.1800,24.0700,23.3000,102761721,2443128467.7500
2022-07-06,sh.600596,23.8900,23.8900,22.5400,22.8000,24.0700,88240618,2030628512.9800
2022-07-07,sh.600596,22.6100,23.0000,22.0400,22.5000,22.8000,52139394,1178060325.2800
2022-07-08,sh.600596,22.3900,22.5600,21.6000,21.6200,22.5000,65730375,1443070487.8200
2022-07-11,sh.600596,21.5400,21.7800,20.9100,21.2700,21.6200,42551563,902818624.7300
2022-07-12,sh.600596,21.2600,21.4300,21.0000,21.3500,21.2700,32864763,697830977.9100
2022-07-13,sh.600596,21.2800,21.4600,20.9100,21.4600,21.3500,34360184,729650392.2100
2022-07-14,sh.600596,21.4100,21.4700,21.1000,21.2800,21.4600,31605710,673065119.9400
2022-07-15,sh.600596,21.2200,21.8300,21.1500,21.2000,21.2800,34955728,751850311.0100
2022-07-18,sh.600596,21.2000,21.3900,20.8900,21.3900,21.2000,34945332,738540802.6100
2022-07-19,sh.600596,21.2500,21.8200,21.2100,21.5800,21.3900,36151965,780965832.7800
2022-07-20,sh.600596,21.6400,21.6500,21.2400,21.3500,21.5800,28720563,613874961.9600
2022-07-21,sh.600596,21.5000,21.5000,20.4200,20.4400,21.3500,48995415,1020233743.3800
2022-07-22,sh.600596,20.3300,20.5800,19.6200,19.7800,20.4400,43785963,874615343.8700
2022-07-25,sh.600596,19.6500,19.9800,19.4100,19.4800,19.7800,26820478,527996400.8800
2022-07-26,sh.600596,19.5300,19.9400,19.3600,19.7800,19.4800,23798238,469646575.1600
2022-07-27,sh.600596,19.6800,19.9600,19.3800,19.9600,19.7800,27306218,536855157.9300
2022-07-28,sh.600596,20.1200,20.1800,19.8300,19.9000,19.9600,22498484,449352229.8200
2022-07-29,sh.600596,19.8300,20.0200,19.4200,19.4500,19.9000,25178729,494171408.6900
2022-08-01,sh.600596,19.4100,19.6600,19.0400,19.6000,19.4500,23466444,454331095.2200
2022-08-02,sh.600596,19.3700,19.3800,18.1800,18.3900,19.6000,38282786,714862079.6900
2022-08-03,sh.600596,18.3800,19.0900,18.3100,18.5800,18.3900,32992729,618866959.5700
2022-08-04,sh.600596,18.6000,19.4500,18.5400,19.2800,18.5800,36793542,703087649.0000
2022-08-05,sh.600596,19.2900,19.3600,18.9000,19.3000,19.2800,25182504,481516509.0000
2022-08-08,sh.600596,19.2500,19.4200,19.0600,19.3300,19.3000,18053787,347565955.0000
2022-08-09,sh.600596,19.3600,20.1600,19.2700,20.1400,19.3300,51761915,1029754212.0000
2022-08-10,sh.600596,20.1800,20.1900,19.8200,19.8900,20.1400,31590676,630118964.0000
2022-08-11,sh.600596,20.0200,20.7700,19.9100,20.5000,19.8900,54930063,1124704815.0000
2022-08-12,sh.600596,20.4600,20.6900,20.2900,20.4300,20.5000,30862387,632628861.0000
2022-08-15,sh.600596,20.3500,21.2900,20.3100,21.2000,20.4300,54622393,1143235603.2500
2022-08-16,sh.600596,21.2500,21.4200,20.9000,21.2700,21.2000,40839722,864658797.1700
2022-08-17,sh.600596,21.2800,21.2800,20.3700,20.4600,21.2700,54949178,1132601221.8100
2022-08-18,sh.600596,20.3300,20.6600,20.2200,20.4300,20.4600,23629423,483740916.5600
2022-08-19,sh.600596,20.3500,20.4500,20.0100,20.0200,20.4300,25812701,521066696.7900
2022-08-22,sh.600596,19.8800,20.4700,19.6000,20.4500,20.0200,28169194,567727299.4700
2022-08-23,sh.600596,20.3900,20.6600,20.2800,20.6500,20.4500,28115203,577168423.3000
2022-08-24,sh.600596,20.6500,20.6800,19.8500,19.8900,20.6500,32409670,653283418.6600
2022-08-25,sh.600596,20.0400,20.0800,19.2600,19.9100,19.8900,27127536,534006580.6200
2022-08-26,sh.600596,20.0400,20.7500,19.9800,20.2300,19.9100,32697987,667645578.3200
2022-08-29,sh.600596,19.9900,20.4300,19.7000,20.4200,20.2300,25070012,504614090.1700
2022-08-30,sh.600596,20.2900,20.2900,19.7000,19.8100,20.4200,31582976,627448621.0400
2022-08-31,sh.600596,19.7000,19.8900,18.8500,18.9000,19.8100,29113106,559717306.1900
2022-09-01,sh.600596,18.7800,19.0500,18.7000,18.7300,18.9000,17511692,330311568.8500
2022-09-02,sh.600596,18.7300,19.2700,18.6100,18.8800,18.7300,17201420,325225994.8000
2022-09-05,sh.600596,18.8700,18.9000,18.5600,18.7800,18.8800,14364541,269115604.8800
2022-09-06,sh.600596,18.8000,19.4000,18.7600,19.3300,18.7800,28455128,547792567.5700
2022-09-07,sh.600596,19.1800,19.4400,19.0900,19.2100,19.3300,21502461,413949240.5100
2022-09-08,sh.600596,19.2000,19.2500,18.7500,18.8200,19.2100,21860411,414263954.9300
2022-09-09,sh.600596,18.7800,19.3000,18.7100,19.0200,18.8200,17229505,328537490.9800
2022-09-13,sh.600596,19.1400,19.2000,18.8400,18.8800,19.0200,14438575,273914521.2300
2022-09-14,sh.600596,18.5800,18.6600,18.2900,18.4400,18.8800,18737995,346201815.9600
2022-09-15,sh.600596,18.5200,18.6400,17.5000,17.7800,18.4400,26903947,482610841.6800
2022-09-16,sh.600596,17.7000,17.7700,17.0500,17.0700,17.7800,19201028,333295249.9800
2022-09-19,sh.600596,17.0100,17.6600,17.0000,17.3500,17.0700,18270530,318469646.3900
2022-09-20,sh.600596,17.4500,17.6400,17.3400,17.4100,17.3500,15236372,266432982.8400
2022-09-21,sh.600596,17.3500,17.4000,17.1000,17.3300,17.4100,10775288,185979521.9400
2022-09-22,sh.600596,17.1900,17.5400,17.1300,17.4400,17.3300,13656699,237455772.1100
2022-09-23,sh.600596,17.4500,17.5800,16.8700,16.9900,17.4400,16724760,286757404.4000
2022-09-26,sh.600596,16.6700,17.1000,16.5000,16.5700,16.9900,13472451,225670068.1500
2022-09-27,sh.600596,16.6100,16.7400,16.2900,16.7100,16.5700,17445540,288394355.2700
2022-09-28,sh.600596,16.5700,16.6600,15.8800,15.9000,16.7100,22740731,367658057.1000
2022-09-29,sh.600596,16.1500,16.3300,15.9600,16.0900,15.9000,15947340,257672736.0200
2022-09-30,sh.600596,16.0900,16.3800,15.8200,15.8200,16.0900,15160192,243050022.6600
2022-10-10,sh.600596,15.8200,15.9300,15.4200,15.4800,15.8200,14343323,225062866.4000
2022-10-11,sh.600596,15.5100,15.7900,15.4200,15.7900,15.4800,15149886,236882616.6800
2022-10-12,sh.600596,15.7700,16.1200,15.3100,16.1100,15.7900,20582517,323981719.5900
2022-10-13,sh.600596,15.9700,16.1700,15.8500,15.9600,16.1100,18289926,292459680.0600
2022-10-14,sh.600596,16.1200,16.4900,16.0300,16.4600,15.9600,25730507,419102511.4200
2022-10-17,sh.600596,16.3100,16.4300,16.1100,16.4000,16.4600,17820638,290175221.1100
2022-10-18,sh.600596,16.4700,16.5100,16.2500,16.2500,16.4000,16229459,265154517.8800
2022-10-19,sh.600596,16.2600,16.2800,15.9500,16.0100,16.2500,20385217,328425935.3300
2022-10-20,sh.600596,15.9900,16.2200,15.6800,16.0700,16.0100,18928237,302420604.8800
2022-10-21,sh.600596,16.0600,16.1300,15.7100,15.7700,16.0700,13657862,217180060.0100
2022-10-24,sh.600596,15.8300,16.0900,15.3300,15.4400,15.7700,17373594,273360667.1700
2022-10-25,sh.600596,15.4800,15.5700,14.9900,15.3900,15.4400,13458618,205522682.7800
2022-10-26,sh.600596,15.4600,15.9300,15.4400,15.7100,15.3900,16370405,257341613.9700
2022-10-27,sh.600596,15.7700,15.9800,15.6800,15.7500,15.7100,13742619,217442547.8200
2022-10-28,sh.600596,15.7000,15.7200,15.0400,15.1500,15.7500,16720365,255989210.5200
2022-10-31,sh.600596,15.0700,15.1500,14.6800,14.9300,15.1500,14055407,209600637.8200
2022-11-01,sh.600596,14.7500,15.3600,14.7500,15.3500,14.9300,18081441,273713038.5800
2022-11-02,sh.600596,15.3700,15.6400,15.2000,15.4800,15.3500,18366261,283258563.4400
2022-11-03,sh.600596,15.3600,15.7500,15.3000,15.6600,15.4800,15113909,235921182.4000
2022-11-04,sh.600596,15.7100,16.3600,15.6400,16.2900,15.6600,30344201,489550910.9800
2022-11-07,sh.600596,16.3300,16.6800,16.2700,16.4300,16.2900,27326239,450935227.2400
2022-11-08,sh.600596,16.4100,16.5600,16.1200,16.3100,16.4300,16142687,262950568.8800
2022-11-09,sh.600596,16.3600,16.3600,16.1500,16.1600,16.3100,11714468,190160893.4100
2022-11-10,sh.600596,16.1000,16.1000,15.8100,15.8900,16.1600,16643238,264692142.0000
2022-11-11,sh.600596,16.3000,16.3400,16.0800,16.1700,15.8900,20598096,333617806.4300
2022-11-14,sh.600596,16.2500,16.4900,16.0300,16.0700,16.1700,19202809,311916907.0400
2022-11-15,sh.600596,16.1300,16.6200,16.0000,16.6100,16.0700,25195143,412410804.3500
2022-11-16,sh.600596,16.6100,16.9300,16.4000,16.4100,16.6100,19725154,327331417.5400
2022-11-17,sh.600596,16.3500,16.3700,16.0500,16.1900,16.4100,14623323,236354228.1200
2022-11-18,sh.600596,16.1500,16.2200,15.9500,15.9800,16.1900,12849032,206577713.4600
2022-11-21,sh.600596,15.9000,16.0600,15.7000,16.0200,15.9800,10829313,172278815.7500
2022-11-22,sh.600596,16.0400,16.1100,15.8000,15.8300,16.0200,12060381,192367898.7600
2022-11-23,sh.600596,15.7900,15.9300,15.6600,15.7800,15.8300,11506667,181792399.4900
2022-11-24,sh.600596,15.8300,16.1500,15.7900,16.0200,15.7800,15841840,253592876.9700
2022-11-25,sh.600596,16.0400,16.0400,15.7600,15.8000,16.0200,9597164,151980796.7000
2022-11-28,sh.600596,15.6700,15.6800,15.3000,15.5200,15.8000,13259834,205129445.3000
2022-11-29,sh.600596,15.5500,16.1000,15.5500,16.0400,15.5200,20153252,321394164.8900
2022-11-30,sh.600596,16.0400,16.1900,15.9200,15.9500,16.0400,11585595,185945167.5500
2022-12-01,sh.600596,16.0800,16.2900,16.0300,16.0400,15.9500,13993859,225847505.1700
2022-12-02,sh.600596,16.0500,16.1200,15.9500,16.0700,16.0400,12792724,204967632.1600
2022-12-05,sh.600596,16.1400,16.3500,16.0400,16.3400,16.0700,18726587,303975104.0000
2022-12-06,sh.600596,16.2900,16.8100,16.2000,16.7900,16.3400,33287442,551371635.6400
2022-12-07,sh.600596,16.7600,16.8800,16.4800,16.5200,16.7900,21491906,357086754.3600
2022-12-08,sh.600596,16.4500,17.1100,16.3500,16.8200,16.5200,31722088,533739197.1000
2022-12-09,sh.600596,16.8000,16.9000,16.6500,16.8300,16.8200,19537161,328160212.8200
2022-12-12,sh.600596,16.8100,16.8100,16.3800,16.3800,16.8300,16386011,270906639.7800
2022-12-13,sh.600596,16.4200,16.5900,16.3500,16.3700,16.3800,10362807,170453714.7500
2022-12-14,sh.600596,16.3400,16.4900,16.2100,16.2900,16.3700,10831305,176734941.1900
2022-12-15,sh.600596,16.2800,16.3400,16.0900,16.2500,16.2900,9122460,147689267.2700
2022-12-16,sh.600596,16.1300,16.1900,15.8700,15.9500,16.2500,13647599,218501685.2500
2022-12-19,sh.600596,15.9300,16.0800,15.5300,15.6800,15.9500,10869642,171535506.3800
2022-12-20,sh.600596,15.6500,15.7700,15.5500,15.6600,15.6800,6875501,107721647.6800
2022-12-21,sh.600596,15.6500,15.9100,15.4600,15.7200,15.6600,8899523,139670776.1300
2022-12-22,sh.600596,15.8200,16.1600,15.3000,15.3700,15.7200,13870341,217243840.1600
2022-12-23,sh.600596,15.3000,15.3000,15.0000,15.0700,15.3700,9777863,148101664.6300
2022-12-26,sh.600596,15.1100,15.3000,15.1000,15.2700,15.0700,6168376,93862472.9600
2022-12-27,sh.600596,15.2600,15.5800,15.2500,15.5600,15.2700,9351954,144177666.8100
2022-12-28,sh.600596,15.4800,15.4800,15.1800,15.2200,15.5600,8448562,129358763.4000
2022-12-29,sh.600596,15.1500,15.2500,15.0600,15.0700,15.2200,7148982,108215328.2200
2022-12-30,sh.600596,15.0700,15.1400,15.0000,15.1400,15.0700,9716059,146436349.9900
2023-01-03,sh.600596,15.0500,15.2900,15.0200,15.2600,15.1400,8227430,124868364.9300
2023-01-04,sh.600596,15.3500,15.6800,15.3000,15.4700,15.2600,13162242,204006848.9800
2023-01-05,sh.600596,15.4900,15.5800,15.3700,15.5400,15.4700,9156228,141930577.7000
2023-01-06,sh.600596,15.5000,16.0000,15.4600,15.8100,15.5400,17859562,282139196.2900
2023-01-09,sh.600596,15.8200,15.9500,15.7000,15.7400,15.8100,10618761,167914052.1500
2023-01-10,sh.600596,15.5800,15.5800,15.2100,15.3600,15.7400,14696981,225641409.8200
2023-01-11,sh.600596,15.3600,15.5900,15.3300,15.4000,15.3600,9576504,147829461.8100
2023-01-12,sh.600596,15.4300,15.4900,15.3100,15.3400,15.4000,7334534,112762730.9500
2023-01-13,sh.600596,15.3800,15.4400,15.2600,15.3900,15.3400,7442894,114297914.7200
2023-01-16,sh.600596,15.4000,15.7100,15.3800,15.5700,15.3900,12592755,196257049.0900
2023-01-17,sh.600596,15.6100,15.6700,15.5000,15.6700,15.5700,6930336,108149030.4400
2023-01-18,sh.600596,15.6900,15.9300,15.6800,15.7100,15.6700,9601051,151451777.4000
2023-01-19,sh.600596,15.6200,15.8100,15.5600,15.7700,15.7100,9096014,142719495.9200
2023-01-20,sh.600596,15.7800,16.2400,15.7800,16.2300,15.7700,22217126,356940767.4900
2023-01-30,sh.600596,16.3600,16.4500,16.1600,16.1700,16.2300,19669857,320233677.0600
2023-01-31,sh.600596,16.1400,16.4000,16.0700,16.3800,16.1700,15349071,250090437.4500
2023-02-01,sh.600596,16.3600,16.5200,16.3000,16.5000,16.3800,17702005,290782944.0200
2023-02-02,sh.600596,16.5800,16.5800,16.3100,16.3500,16.5000,14710125,241030099.2600
2023-02-03,sh.600596,16.3100,16.3400,16.0000,16.2100,16.3500,17503027,282371439.7200
2023-02-06,sh.600596,16.1100,16.2000,16.0200,16.1000,16.2100,9507256,153010064.8500
2023-02-07,sh.600596,16.1200,16.2100,16.0500,16.2000,16.1000,10290495,166117045.7900
2023-02-08,sh.600596,16.1600,16.2000,16.0300,16.0400,16.2000,9685768,156026532.2500
2023-02-09,sh.600596,16.0300,16.4700,16.0000,16.4100,16.0400,20297579,331872450.2600
2023-02-10,sh.600596,16.3800,16.4100,16.2100,16.2900,16.4100,11934787,194561260.2000
2023-02-13,sh.600596,16.3000,16.4500,16.2500,16.4300,16.2900,16542113,271398873.6300
2023-02-14,sh.600596,16.4300,16.5200,16.3900,16.4600,16.4300,12586949,207005812.6600
2023-02-15,sh.600596,16.5300,16.5300,16.2100,16.2300,16.4600,14169199,231197187.9800
2023-02-16,sh.600596,16.2600,16.3300,15.7600,15.8700,16.2300,18455391,296746987.7300
2023-02-17,sh.600596,15.8300,16.0800,15.8300,15.9200,15.8700,11826175,188723023.7300
2023-02-20,sh.600596,15.9200,16.2100,15.8300,16.1900,15.9200,12492164,200594138.9400
2023-02-21,sh.600596,16.2300,16.7400,16.1900,16.6700,16.1900,36653320,608456612.7100
2023-02-22,sh.600596,16.5900,16.7600,16.4700,16.6200,16.6700,17000890,282292676.3100
2023-02-23,sh.600596,16.6100,16.6500,16.3700,16.4600,16.6200,16103681,265241371.1100
2023-02-24,sh.600596,16.4600,16.4900,16.2600,16.3400,16.4600,9872565,161277545.4900
2023-02-27,sh.600596,16.2700,16.9600,16.1600,16.8000,16.3400,36356358,608148240.9200
2023-02-28,sh.600596,16.8000,16.8000,16.5000,16.7100,16.8000,20949301,348140425.3700
2023-03-01,sh.600596,16.6900,16.7000,16.5600,16.7000,16.7100,16214702,269454105.2300
2023-03-02,sh.600596,16.7200,16.8300,16.5600,16.6100,16.7000,15978455,266546724.0000
2023-03-03,sh.600596,16.6300,16.6300,16.3600,16.5200,16.6100,14963580,246494828.8100
2023-03-06,sh.600596,16.4800,16.5200,16.3000,16.4500,16.5200,12761609,209318305.5700
2023-03-07,sh.600596,16.4600,16.5700,16.1100,16.1200,16.4500,15184286,247936456.8300
2023-03-08,sh.600596,16.0500,16.2100,16.0200,16.1700,16.1200,8121058,130910628.1400
2023-03-09,sh.600596,16.1900,16.2000,16.0400,16.0800,16.1700,7400060,119185920.0000
2023-03-10,sh.600596,16.0000,16.0100,15.6800,15.7000,16.0800,13516680,213197486.9300
2023-03-13,sh.600596,15.5600,15.7700,15.4500,15.6800,15.7000,9097506,142016578.3000
2023-03-14,sh.600596,15.6600,15.6700,15.3600,15.4800,15.6800,9544510,147945884.6100
2023-03-15,sh.600596,15.5600,15.7000,15.5600,15.5900,15.4800,6893934,107705841.8900
2023-03-16,sh.600596,15.5600,15.6000,15.3900,15.4000,15.5900,8286328,128107042.5400
2023-03-17,sh.600596,15.5000,15.6500,15.4600,15.5600,15.4000,7736817,120397084.0700
2023-03-20,sh.600596,15.5800,15.5900,15.4200,15.5100,15.5600,7210571,111756391.1100
2023-03-21,sh.600596,15.5200,15.7000,15.5000,15.6900,15.5100,7523796,117487809.0300
2023-03-22,sh.600596,15.7100,15.7400,15.5400,15.6100,15.6900,8646226,135271347.8000
2023-03-23,sh.600596,15.6100,15.6200,15.3700,15.4900,15.6100,11565381,178721110.3100
2023-03-24,sh.600596,15.4600,15.5100,15.3400,15.3500,15.4900,11079783,170644584.5500
2023-03-27,sh.600596,15.3000,15.3200,15.0000,15.0900,15.3500,14467592,218308888.5800
2023-03-28,sh.600596,15.2000,15.2600,15.1200,15.1800,15.0900,8228606,124987475.9600
2023-03-29,sh.600596,15.1800,15.2200,15.0500,15.0600,15.1800,7038921,106316913.4400
2023-03-30,sh.600596,15.1100,15.1200,14.9000,15.1000,15.0600,9268581,138840584.5700
2023-03-31,sh.600596,15.1400,15.2500,15.1000,15.1800,15.1000,7203823,109473174.3600
2023-04-03,sh.600596,15.1900,15.2800,15.0800,15.2700,15.1800,10373356,157591446.2200
2023-04-04,sh.600596,15.2400,15.2500,15.0000,15.0400,15.2700,12304815,185283094.0700
2023-04-06,sh.600596,15.0200,15.1400,14.9200,15.0500,15.0400,9526308,143293414.4100
2023-04-07,sh.600596,15.0200,15.1900,15.0100,15.1200,15.0500,8304055,125646233.2200
2023-04-10,sh.600596,15.0300,15.1000,14.9700,15.0300,15.1200,7623830,114501381.8200
2023-04-11,sh.600596,14.9400,14.9500,14.4200,14.4500,15.0300,28188949,410117917.3400
2023-04-12,sh.600596,14.4300,14.4900,14.1100,14.1500,14.4500,22366895,317920326.9800
2023-04-13,sh.600596,14.1000,14.2600,14.0100,14.1900,14.1500,10611323,150394354.8300
2023-04-14,sh.600596,14.2100,14.3400,14.1800,14.3000,14.1900,11139489,158982610.3600
2023-04-17,sh.600596,13.0000,13.3300,13.0000,13.2900,14.3000,42853261,565153085.4900
2023-04-18,sh.600596,13.2300,13.3300,13.1500,13.1600,13.2900,16341139,215931403.9300
2023-04-19,sh.600596,13.1600,13.2500,13.0100,13.2400,13.1600,16465301,215780803.9500
2023-04-20,sh.600596,13.2500,13.2500,12.9500,12.9500,13.2400,13863960,180785080.5500
2023-04-21,sh.600596,12.8800,12.9000,12.2000,12.3800,12.9500,29299138,365129571.4500
2023-04-24,sh.600596,12.4000,12.7200,12.3400,12.5400,12.3800,17331253,217752763.1600
2023-04-25,sh.600596,12.5400,12.5400,12.1600,12.3300,12.5400,13079403,160889729.1800
2023-04-26,sh.600596,12.3300,12.5900,12.2900,12.4900,12.3300,9415852,117280690.9600
2023-04-27,sh.600596,12.4600,12.5300,12.2900,12.3400,12.4900,9433586,116855281.0000
2023-04-28,sh.600596,12.3300,12.5200,12.3300,12.5000,12.3400,8309680,103510137.2100
2023-05-04,sh.600596,12.4400,12.5700,12.4000,12.5100,12.5000,7791564,97301819.0000
2023-05-05,sh.600596,12.4800,12.4800,12.2200,12.2400,12.5100,8690255,106909927.9900
2023-05-08,sh.600596,12.2500,12.3500,12.1600,12.2100,12.2400,9422237,115123920.0000
2023-05-09,sh.600596,12.2100,12.5400,12.0500,12.4900,12.2100,18773467,232207362.0200
2023-05-10,sh.600596,12.4900,12.5800,12.4000,12.4800,12.4900,11743278,146575303.0000
2023-05-11,sh.600596,12.9000,13.0700,12.6100,12.7300,12.4800,20294242,260812684.8600
2023-05-12,sh.600596,12.6400,12.7900,12.5200,12.7200,12.7300,11946653,151232861.6700
2023-05-15,sh.600596,12.6800,13.0000,12.6500,12.7400,12.7200,22179229,283590502.6800
2023-05-16,sh.600596,13.1200,13.1200,12.7300,12.7400,12.7400,23901156,306946579.3200
2023-05-17,sh.600596,12.7400,12.7900,12.1800,12.2900,12.7400,19665795,243668997.9600
2023-05-18,sh.600596,12.2900,12.3000,12.0900,12.1000,12.2900,11252751,136663410.2600
2023-05-19,sh.600596,12.1000,12.2100,12.0800,12.2100,12.1000,5609751,68224785.0200
2023-05-22,sh.600596,12.1600,12.2500,12.1400,12.2200,12.2100,5642491,68850513.0200
2023-05-23,sh.600596,12.2500,12.2700,12.1600,12.1600,12.2200,5418232,66211378.5800
2023-05-24,sh.600596,12.1100,12.1800,12.0600,12.0700,12.1600,6325400,76482438.2900
2023-05-25,sh.600596,12.0700,12.0900,11.6600,11.7100,12.0700,12610829,148817559.3900
2023-05-26,sh.600596,11.7200,11.7700,11.4000,11.6500,11.7100,10119687,116979080.8600
2023-05-29,sh.600596,11.6500,11.7000,11.4100,11.4200,11.6500,6805366,78219213.8400
2023-05-30,sh.600596,11.4600,11.4700,11.2000,11.3700,11.4200,9007430,101714932.8100
2023-05-31,sh.600596,11.3200,11.3300,11.1500,11.1600,11.3700,8029954,89864788.9600
2023-06-01,sh.600596,11.1600,11.3300,11.0700,11.2400,11.1600,6872684,77190996.0000
2023-06-02,sh.600596,11.2800,11.6800,11.2800,11.6500,11.2400,13724084,158115432.7400
2023-06-05,sh.600596,11.6600,11.7400,11.5100,11.5500,11.6500,6851350,79460411.8500
2023-06-06,sh.600596,11.5800,11.5800,11.2400,11.2600,11.5500,7507101,85335338.6000
2023-06-07,sh.600596,11.3200,11.3400,11.2000,11.2300,11.2600,3912967,44026474.7600
2023-06-08,sh.600596,11.1900,11.3000,11.1500,11.1900,11.2300,4982496,55839677.0000
2023-06-09,sh.600596,11.2200,11.2600,11.0900,11.1300,11.1900,5869635,65488998.8000
2023-06-12,sh.600596,11.1200,11.3000,11.0300,11.2600,11.1300,7911464,88479240.4800
2023-06-13,sh.600596,11.2800,11.2900,11.1600,11.1600,11.2600,5959802,66731544.2100
2023-06-14,sh.600596,11.1600,11.2700,11.0600,11.2200,11.1600,6845880,76628662.4000
2023-06-15,sh.600596,11.2800,11.5100,11.2500,11.5000,11.2200,13389921,152827573.9600
2023-06-16,sh.600596,11.5300,11.6700,11.5000,11.5300,11.5000,8721869,100725935.7900
2023-06-19,sh.600596,11.7000,11.7600,11.5500,11.5900,11.5300,10070957,116986142.3600
2023-06-20,sh.600596,11.5600,11.7200,11.5000,11.7100,11.5900,11703922,136103980.0200
2023-06-21,sh.600596,10.9600,10.9700,10.6600,10.6700,10.9600,14620747,157250854.4800
2023-06-26,sh.600596,10.6300,10.8100,10.5600,10.6800,10.6700,6646020,70987345.3000
2023-06-27,sh.600596,10.6700,10.9500,10.6700,10.9000,10.6800,7682887,83534305.5900
2023-06-28,sh.600596,10.8400,10.9300,10.7600,10.8100,10.9000,5215658,56432557.0300
2023-06-29,sh.600596,10.8200,10.8600,10.6200,10.6400,10.8100,7017680,75012924.2800
2023-06-30,sh.600596,10.6100,10.9600,10.6100,10.9300,10.6400,11440777,124466685.0400
2023-07-03,sh.600596,10.8700,11.1300,10.8700,11.0300,10.9300,8305604,91796903.3800
2023-07-04,sh.600596,11.0300,11.0500,10.9500,10.9700,11.0300,5431423,59676742.1700
2023-07-05,sh.600596,10.9200,11.0600,10.9200,10.9800,10.9700,4627310,50889054.5300
2023-07-06,sh.600596,11.0000,11.0100,10.8100,10.8400,10.9800,5499454,59736168.9400
2023-07-07,sh.600596,10.8300,10.9100,10.7600,10.8600,10.8400,4964881,53767042.5900
2023-07-10,sh.600596,10.9000,11.1800,10.8800,11.1200,10.8600,9985744,110705554.6400
2023-07-11,sh.600596,11.1300,11.1700,10.9300,11.1000,11.1200,6972073,76992313.9600
2023-07-12,sh.600596,11.0900,11.3900,11.0400,11.3500,11.1000,16507972,185960459.5600
2023-07-13,sh.600596,11.3500,11.4600,11.2900,11.3600,11.3500,10415694,118258803.5400
2023-07-14,sh.600596,11.3600,11.3700,11.2300,11.2700,11.3600,8333939,94164183.6100
2023-07-17,sh.600596,11.6600,11.8000,11.3700,11.5500,11.2700,31863123,369421397.9500
2023-07-18,sh.600596,11.5600,11.8600,11.3800,11.7800,11.5500,29642249,346204616.3500
2023-07-19,sh.600596,11.7600,11.8800,11.6300,11.7500,11.7800,13595345,159721989.5000
2023-07-20,sh.600596,11.7200,11.9300,11.7100,11.8100,11.7500,16856980,199506977.9700
2023-07-21,sh.600596,11.8800,12.0900,11.7000,12.0700,11.8100,23788999,284665847.9900
2023-07-24,sh.600596,12.0700,12.0700,11.4600,11.4800,12.0700,23534826,275774657.1000
2023-07-25,sh.600596,11.6000,11.9000,11.5500,11.6300,11.4800,15147096,176905033.4300
2023-07-26,sh.600596,11.7100,11.9800,11.6500,11.7900,11.6300,17365931,205383389.5900
2023-07-27,sh.600596,11.7500,11.7900,11.5100,11.5400,11.7900,12692762,147506062.8400
2023-07-28,sh.600596,11.5300,11.7400,11.5000,11.6600,11.5400,9270790,107828263.1900
2023-07-31,sh.600596,11.7900,11.9000,11.7000,11.7400,11.6600,9568985,112770150.7000
2023-08-01,sh.600596,11.6800,11.7300,11.5700,11.6000,11.7400,8292971,96398399.3200
2023-08-02,sh.600596,11.6000,11.6600,11.4400,11.4600,11.6000,8414820,96775058.2000
2023-08-03,sh.600596,11.4200,11.5000,11.3600,11.4500,11.4600,7629460,87153939.8000
2023-08-04,sh.600596,11.5000,11.5700,11.4000,11.4000,11.4500,7328725,84039590.7000
2023-08-07,sh.600596,11.4000,11.4400,11.3100,11.3500,11.4000,5558700,63094579.6000
2023-08-08,sh.600596,11.3200,11.4900,11.1100,11.4200,11.3500,11085408,125012303.1700
2023-08-09,sh.600596,11.4000,11.4400,11.3000,11.3600,11.4200,4438062,50395324.1500
2023-08-10,sh.600596,11.3900,11.4200,11.2600,11.2900,11.3600,4678529,52990538.9700
2023-08-11,sh.600596,11.3400,11.3400,11.1300,11.1300,11.2900,5665875,63458014.2900
2023-08-14,sh.600596,11.0800,11.1300,10.9200,11.0300,11.1300,8096960,89058922.8000
2023-08-15,sh.600596,11.0700,11.1100,10.8800,10.9600,11.0300,5834677,64052734.4300
2023-08-16,sh.600596,10.9400,11.0300,10.8900,10.9100,10.9600,3478926,38095968.3800
2023-08-17,sh.600596,10.8800,10.9200,10.7600,10.8600,10.9100,5265484,57053648.8800
2023-08-18,sh.600596,10.8600,10.9100,10.6100,10.6100,10.8600,7365196,79029693.2400
2023-08-21,sh.600596,10.6600,10.7600,10.4800,10.5100,10.6100,6052514,64142895.5300
2023-08-22,sh.600596,10.5400,10.6000,10.1700,10.2900,10.5100,10886305,112399363.9900
2023-08-23,sh.600596,10.3000,10.3200,10.1100,10.1100,10.2900,6640443,67675309.7200
2023-08-24,sh.600596,10.1300,10.2800,10.0700,10.1500,10.1100,6651672,67757702.3200
2023-08-25,sh.600596,10.1000,10.2300,10.0200,10.0400,10.1500,6774690,68593421.8700
2023-08-28,sh.600596,10.5600,10.6200,10.0900,10.1100,10.0400,11666042,120774901.0100
2023-08-29,sh.600596,10.1000,10.3400,10.0800,10.2800,10.1100,10031441,102440775.7300
2023-08-30,sh.600596,10.2700,10.3300,10.2000,10.2200,10.2800,6762320,69426548.2000
2023-08-31,sh.600596,10.2000,10.2200,10.0700,10.0700,10.2200,5665540,57291179.2000
2023-09-01,sh.600596,10.0800,10.2900,10.0800,10.2400,10.0700,6869502,70100448.6500
2023-09-04,sh.600596,10.2600,10.6400,10.2600,10.5500,10.2400,13083700,137433121.4000
2023-09-05,sh.600596,10.5100,10.5800,10.4500,10.5400,10.5500,6025981,63331661.7200
2023-09-06,sh.600596,10.5200,10.6200,10.4100,10.5800,10.5400,5740580,60272852.8000
2023-09-07,sh.600596,10.6000,10.6000,10.3400,10.3400,10.5800,6933923,72220451.1400
2023-09-08,sh.600596,10.3400,10.4600,10.3200,10.3200,10.3400,4216180,43738524.2000
2023-09-11,sh.600596,10.3300,10.5100,10.3200,10.4200,10.3200,4710920,49151847.6100
2023-09-12,sh.600596,10.3700,10.6000,10.3700,10.5400,10.4200,6312633,66330875.2400
2023-09-13,sh.600596,10.5000,10.5700,10.3700,10.4000,10.5400,4814080,50323424.8000
2023-09-14,sh.600596,10.4000,10.4400,10.3400,10.3800,10.4000,3372559,35048224.0000
2023-09-15,sh.600596,10.4500,10.4500,10.2600,10.3500,10.3800,4022809,41684606.5400
2023-09-18,sh.600596,10.4200,10.5000,10.2700,10.4500,10.3500,5152610,53694059.9400
2023-09-19,sh.600596,10.4200,10.5000,10.3200,10.3400,10.4500,4051920,42105885.6000
2023-09-20,sh.600596,10.3200,10.3400,10.2700,10.2800,10.3400,3596740,37063310.2000
2023-09-21,sh.600596,10.3200,10.3200,10.1800,10.1800,10.2800,3826920,39127852.9200
2023-09-22,sh.600596,10.2000,10.3600,10.1100,10.3400,10.1800,4358334,44714452.5200
2023-09-25,sh.600596,10.3400,10.3400,10.2200,10.2300,10.3400,4367190,44808412.7000
2023-09-26,sh.600596,10.2500,10.2500,10.0800,10.0900,10.2300,5216310,52894821.6000
2023-09-27,sh.600596,10.1000,10.2600,10.0600,10.1400,10.0900,4698470,47770125.0000
2023-09-28,sh.600596,10.1500,10.2200,10.1000,10.1300,10.1400,4844077,49109931.8400
2023-10-09,sh.600596,10.1100,10.1300,9.9700,10.0200,10.1300,7637273,76462056.9500
2023-10-10,sh.600596,10.0000,10.1400,9.9400,9.9500,10.0200,6029900,60379195.8000
2023-10-11,sh.600596,10.0000,10.0400,9.9000,9.9200,9.9500,6154000,61335916.4000
2023-10-12,sh.600596,9.9600,10.2200,9.9300,10.2000,9.9200,11024401,111465172.1300
2023-10-13,sh.600596,10.1400,10.1400,9.9800,9.9900,10.2000,6634500,66574887.8000
2023-10-16,sh.600596,9.9700,10.0700,9.8000,9.8600,9.9900,8380820,82697640.4000
2023-10-17,sh.600596,9.8500,9.9300,9.8100,9.9100,9.8600,3363860,33246937.2000
2023-10-18,sh.600596,9.9100,9.9500,9.8000,9.9000,9.9100,5325654,52489324.4000
2023-10-19,sh.600596,9.8800,9.8800,9.5000,9.5200,9.9000,11632766,111817022.6300
2023-10-20,sh.600596,9.5200,9.7600,9.5000,9.5600,9.5200,7430316,71517662.0700
2023-10-23,sh.600596,9.5700,9.6000,9.2400,9.2800,9.5600,7867719,73611637.4200
2023-10-24,sh.600596,9.3400,9.3900,9.2800,9.3600,9.2800,5957796,55625122.0400
2023-10-25,sh.600596,9.4200,9.6200,9.3900,9.5400,9.3600,6129362,58461978.7400
2023-10-26,sh.600596,9.5300,9.5800,9.4200,9.5500,9.5400,4357612,41304845.7400
2023-10-27,sh.600596,9.4900,9.8200,9.4800,9.7600,9.5500,7253119,70516215.8300
2023-10-30,sh.600596,9.7000,9.8600,9.6700,9.7700,9.7600,6789421,66478565.8100
2023-10-31,sh.600596,9.7800,9.8300,9.6800,9.7800,9.7700,7040343,68623381.2300
2023-11-01,sh.600596,9.8100,9.8300,9.7300,9.7600,9.7800,5026200,49089714.6000
2023-11-02,sh.600596,9.7800,9.8200,9.6700,9.6700,9.7600,3781040,36780253.8000
2023-11-03,sh.600596,9.6800,9.8000,9.6800,9.7700,9.6700,4372868,42700030.8400
2023-11-06,sh.600596,9.8200,9.9200,9.7900,9.9000,9.7700,5801431,57305566.5000
2023-11-07,sh.600596,9.8800,9.9000,9.8100,9.8500,9.9000,4819123,47480264.0200
2023-11-08,sh.600596,9.8600,9.8600,9.6800,9.7500,9.8500,6785471,66234318.7900
2023-11-09,sh.600596,9.7700,9.8800,9.7300,9.7900,9.7500,7004204,68684527.4000
2023-11-10,sh.600596,9.7300,9.7800,9.6600,9.7300,9.7900,5279347,51334394.0200
2023-11-13,sh.600596,9.7800,9.8000,9.6200,9.7200,9.7300,6517840,63126425.4000
2023-11-14,sh.600596,9.6800,9.7700,9.6300,9.6800,9.7200,5452202,52850124.7800
2023-11-15,sh.600596,9.7400,9.8600,9.7200,9.7900,9.6800,7968482,78041084.8800
2023-11-16,sh.600596,9.7900,9.8000,9.6400,9.6600,9.7900,7302740,70845801.4000
2023-11-17,sh.600596,9.6900,9.7400,9.5900,9.7100,9.6600,5714013,55279980.4000
2023-11-20,sh.600596,9.7100,9.7700,9.6200,9.7700,9.7100,6279201,60993403.3600
2023-11-21,sh.600596,9.7700,9.8500,9.7400,9.7500,9.7700,6006600,58930074.5900
2023-11-22,sh.600596,9.7300,9.8200,9.6800,9.6800,9.7500,6672236,64886166.0800
2023-11-23,sh.600596,9.7000,9.7200,9.6400,9.6800,9.6800,4748410,45981248.5000
2023-11-24,sh.600596,9.6800,9.7300,9.5500,9.5900,9.6800,6521544,62675139.6800
2023-11-27,sh.600596,9.5500,9.6000,9.4000,9.4400,9.5900,7626711,72119606.4700
2023-11-28,sh.600596,9.4000,9.5400,9.3400,9.5100,9.4400,6149521,58156609.9200
2023-11-29,sh.600596,9.5500,9.5900,9.4800,9.5300,9.5100,5332500,50813926.9200
2023-11-30,sh.600596,9.5000,9.5200,9.3200,9.3500,9.5300,5498100,51669469.0000
2023-12-01,sh.600596,9.3500,9.3900,9.2600,9.3300,9.3500,5026769,46765560.8300
2023-12-04,sh.600596,9.3200,9.4400,9.3000,9.3000,9.3300,5382420,50288946.8000
2023-12-05,sh.600596,9.3300,9.3300,9.1000,9.1000,9.3000,7056036,64831792.4500
2023-12-06,sh.600596,9.2000,9.4700,9.1300,9.2900,9.1000,11233898,105023497.3800
2023-12-07,sh.600596,9.2800,9.3000,9.0600,9.1400,9.2900,10106871,92175636.1200
2023-12-08,sh.600596,9.1500,9.1700,9.0200,9.0300,9.1400,8244225,74725468.7500
2023-12-11,sh.600596,9.0300,9.1400,8.8700,9.1300,9.0300,9128675,81986120.0200
2023-12-12,sh.600596,9.1300,9.1300,9.0600,9.1100,9.1300,4152320,37735665.8000
2023-12-13,sh.600596,9.0700,9.1100,8.9700,8.9700,9.1100,4434980,40007554.2000
2023-12-14,sh.600596,9.0200,9.0800,8.9400,8.9500,8.9700,3629348,32648383.2600
2023-12-15,sh.600596,8.9600,9.0400,8.8900,8.9100,8.9500,4115100,36799301.0000
2023-12-18,sh.600596,8.8800,8.9000,8.6900,8.7000,8.9100,8564280,75084598.8000
2023-12-19,sh.600596,8.7800,8.7800,8.6400,8.7000,8.7000,3497925,30438673.9600
2023-12-20,sh.600596,8.7400,8.7700,8.6300,8.6300,8.7000,3849390,33457983.8000
2023-12-21,sh.600596,8.6300,8.7300,8.5500,8.7000,8.6300,5535051,47865629.6600
2023-12-22,sh.600596,8.7200,8.8400,8.5900,8.7700,8.7000,6684699,58420681.5500
2023-12-25,sh.600596,8.7700,8.8200,8.6800,8.8000,8.7700,4387094,38379451.0500
2023-12-26,sh.600596,8.8100,8.9700,8.7500,8.8800,8.8000,6979740,62047195.0400
2023-12-27,sh.600596,8.8800,8.8900,8.7200,8.8200,8.8800,4024305,35374835.2500
2023-12-28,sh.600596,8.8000,9.0900,8.7700,9.0600,8.8200,8955244,80576138.3900
2023-12-29,sh.600596,9.0700,9.1300,9.0400,9.1200,9.0600,5890333,53531879.0400
2024-01-02,sh.600596,9.1100,9.1500,9.0500,9.0900,9.1200,3892041,35445936.3100
2024-01-03,sh.600596,9.0900,9.3200,9.0600,9.2300,9.0900,9036845,83236938.0600
2024-01-04,sh.600596,9.1400,9.3200,9.0800,9.1100,9.2300,6152458,56401796.5400
2024-01-05,sh.600596,9.0800,9.1700,8.9600,8.9900,9.1100,5645320,51134883.2000
2024-01-08,sh.600596,8.9600,9.0200,8.8000,8.8100,8.9900,7429542,65919215.3200
2024-01-09,sh.600596,8.8300,8.9800,8.7100,8.8100,8.8100,4860222,42887298.0000
2024-01-10,sh.600596,8.8400,8.9500,8.7200,8.8500,8.8100,4053595,35908622.4100
2024-01-11,sh.600596,8.8500,9.0600,8.8100,9.0000,8.8500,5204661,46488706.9600
2024-01-12,sh.600596,8.9900,9.1700,8.9600,9.0400,9.0000,5074380,46054748.8000
2024-01-15,sh.600596,9.0400,9.0600,8.8700,8.9100,9.0400,4628933,41357762.9500
2024-01-16,sh.600596,8.9600,8.9600,8.7500,8.8300,8.9100,9432864,83396842.9200
2024-01-17,sh.600596,8.8100,8.9500,8.6600,8.6600,8.8300,7056639,62231143.6700
2024-01-18,sh.600596,8.5800,8.6100,8.2600,8.5400,8.6600,12391453,104447124.9100
2024-01-19,sh.600596,8.5400,8.7000,8.4400,8.4800,8.5400,6288460,53752698.4000
2024-01-22,sh.600596,8.4600,8.4600,7.8900,7.9600,8.4800,9095360,74173186.9300
2024-01-23,sh.600596,7.9800,8.1400,7.7800,8.0900,7.9600,8599374,68646957.8300
2024-01-24,sh.600596,8.0900,8.2400,7.8900,8.1800,8.0900,6958845,56326218.4000
2024-01-25,sh.600596,8.1600,8.4700,8.1500,8.4700,8.1800,8248263,68873938.3200
2024-01-26,sh.600596,8.4800,8.5900,8.4200,8.4600,8.4700,5825200,49542719.0000
2024-01-29,sh.600596,8.4600,8.4900,8.1500,8.1700,8.4600,9024561,74720420.0200
2024-01-30,sh.600596,8.2200,8.2200,7.9400,7.9700,8.1700,5887520,47611788.1200
2024-01-31,sh.600596,7.9500,7.9900,7.6300,7.6500,7.9700,8908017,69185174.3900
2024-02-01,sh.600596,7.6100,7.7400,7.4800,7.5600,7.6500,7231693,54952339.7100
2024-02-02,sh.600596,7.5600,7.6300,6.8000,7.1000,7.5600,14846988,107051091.2800
2024-02-05,sh.600596,7.0100,7.0800,6.5000,6.7400,7.1000,16932274,114497595.3000
2024-02-06,sh.600596,6.7000,7.4100,6.6400,7.3600,6.7400,19154149,136772992.0900
2024-02-07,sh.600596,7.3800,7.9200,7.3600,7.8300,7.3600,20300471,157308601.3100
2024-02-08,sh.600596,7.9000,8.2800,7.8500,8.1000,7.8300,19057556,155195712.2600
2024-02-19,sh.600596,8.1900,8.2500,7.9500,8.0400,8.1000,13687178,110706503.1300
2024-02-20,sh.600596,8.0400,8.0400,7.8700,7.9500,8.0400,7595598,60301302.1200
2024-02-21,sh.600596,7.9400,8.2500,7.8500,8.0200,7.9500,11849043,95858282.0000
2024-02-22,sh.600596,8.0400,8.1400,7.9700,8.0500,8.0200,7350316,59065332.3700
2024-02-23,sh.600596,8.0900,8.1500,7.9400,8.0600,8.0500,9621610,77149926.4000
2024-02-26,sh.600596,8.0600,8.1400,7.9700,8.0400,8.0600,9572064,77111356.9400
2024-02-27,sh.600596,8.0800,8.1700,8.0000,8.1700,8.0400,9480580,76600196.0000
2024-02-28,sh.600596,8.1900,8.4900,8.0600,8.0600,8.1700,19082421,158412784.6600
2024-02-29,sh.600596,8.0500,8.4300,8.0100,8.4300,8.0600,20214378,168297157.4100
2024-03-01,sh.600596,8.5100,8.9600,8.5000,8.7100,8.4300,30803660,269778971.2300
2024-03-04,sh.600596,8.6600,8.7200,8.3800,8.4300,8.7100,19813486,167950599.4400
2024-03-05,sh.600596,8.3600,8.4000,8.2300,8.2600,8.4300,11454650,94969926.8900
2024-03-06,sh.600596,8.2200,8.3800,8.1900,8.2600,8.2600,9007337,74552379.6300
2024-03-07,sh.600596,8.2700,8.3900,8.1800,8.1900,8.2600,9550460,79013708.8000
2024-03-08,sh.600596,8.1600,8.2500,8.1000,8.1900,8.1900,6833030,55803523.1000
2024-03-11,sh.600596,8.1500,8.3400,8.1500,8.3400,8.1900,9406934,77820047.3500
2024-03-12,sh.600596,8.3600,8.3800,8.2600,8.3300,8.3400,7318031,60836396.7600
2024-03-13,sh.600596,8.3300,8.3500,8.2600,8.2900,8.3300,6063178,50279879.0100
2024-03-14,sh.600596,8.3200,8.4200,8.1700,8.2300,8.2900,9421540,78107716.8900
2024-03-15,sh.600596,8.2300,8.4400,8.1500,8.4300,8.2300,15057384,125530394.7600
2024-03-18,sh.600596,8.4100,8.5100,8.3200,8.4500,8.4300,11679600,98037240.0000
2024-03-19,sh.600596,8.4200,8.5600,8.4000,8.4600,8.4500,10958991,93172686.3900
2024-03-20,sh.600596,8.4700,8.5200,8.4200,8.5200,8.4600,8079000,68430436.0000
2024-03-21,sh.600596,8.4900,8.5600,8.4000,8.4600,8.5200,7736242,65591057.1400
2024-03-22,sh.600596,8.4600,8.4600,8.2200,8.2600,8.4600,8695515,72231781.8400
2024-03-25,sh.600596,8.2900,8.2900,8.0300,8.0400,8.2600,10450102,85130688.0300
2024-03-26,sh.600596,8.0800,8.1100,7.9100,8.1000,8.0400,8796801,70582468.5500
2024-03-27,sh.600596,8.0800,8.3800,8.0000,8.0100,8.1000,14476200,118979370.3600
2024-03-28,sh.600596,8.0000,8.1300,7.9700,8.0600,8.0100,10342894,83278635.7200
2024-03-29,sh.600596,8.1200,8.1200,8.0100,8.0800,8.0600,5453740,43876973.8000
2024-04-01,sh.600596,8.1100,8.3200,8.1000,8.2900,8.0800,12629100,104077705.1900
2024-04-02,sh.600596,8.2800,8.8000,8.2500,8.6600,8.2900,33977586,292178831.8800
2024-04-03,sh.600596,8.6600,8.8000,8.5700,8.7100,8.6600,21523976,186694012.8800
2024-04-08,sh.600596,8.6600,8.9600,8.6100,8.6500,8.7100,20370116,178687149.4600
2024-04-09,sh.600596,8.6000,8.8300,8.6000,8.8100,8.6500,13764844,120588467.6600
2024-04-10,sh.600596,8.7900,8.8900,8.6500,8.7000,8.8100,11623632,101712123.2900
2024-04-11,sh.600596,8.6000,8.8200,8.5700,8.6700,8.7000,11096605,96409913.4200
2024-04-12,sh.600596,8.6700,8.7000,8.3900,8.4700,8.6700,13412178,113964351.9200
2024-04-15,sh.600596,8.4600,8.5400,8.1800,8.3100,8.4700,14005940,116783388.6000
2024-04-16,sh.600596,8.2800,8.3300,7.9100,7.9200,8.3100,15260033,123048557.2900
2024-04-17,sh.600596,7.9200,8.2100,7.9200,8.1800,7.9200,11572540,94069685.0400
2024-04-18,sh.600596,8.1800,8.3100,8.1100,8.1800,8.1800,9090660,74593777.1800
2024-04-19,sh.600596,8.1700,8.7300,8.1100,8.6100,8.1800,26186056,223388311.2100
2024-04-22,sh.600596,8.5600,8.6300,8.3700,8.4100,8.6100,14222600,120251196.8700
2024-04-23,sh.600596,8.3400,8.4000,8.1000,8.1900,8.4100,15895514,130446689.2800
2024-04-24,sh.600596,8.2100,8.2200,8.0500,8.1400,8.1900,11457628,93042765.8400
2024-04-25,sh.600596,8.1100,8.5200,8.0900,8.4400,8.1400,19201325,161291213.9100
2024-04-26,sh.600596,8.4400,8.6100,8.3600,8.6000,8.4400,17979933,152806087.6800
2024-04-29,sh.600596,8.6100,8.9600,8.5600,8.9500,8.6000,23996940,211732541.7100
2024-04-30,sh.600596,8.9300,9.0700,8.8400,8.9600,8.9500,17528971,156995225.2800
2024-05-06,sh.600596,9.0200,9.4700,8.9500,9.2900,8.9600,29179609,269651749.5400
2024-05-07,sh.600596,9.2600,9.5300,9.2500,9.4900,9.2900,24038801,225947472.4400
2024-05-08,sh.600596,9.4900,9.5300,9.2200,9.2500,9.4900,17449648,162742844.8200
2024-05-09,sh.600596,9.2600,9.3900,9.2200,9.2600,9.2500,15002736,139447559.4800
2024-05-10,sh.600596,9.3300,9.3300,9.1000,9.1900,9.2600,13621582,125081044.9200
2024-05-13,sh.600596,9.1000,9.1700,8.9900,9.1400,9.1900,15068800,136669130.6000
2024-05-14,sh.600596,9.1700,9.3100,9.1200,9.1400,9.1400,13665811,125841293.8700
2024-05-15,sh.600596,9.1300,9.2700,9.0300,9.1700,9.1400,11601428,106329288.9800
2024-05-16,sh.600596,9.1700,9.3500,9.0900,9.1300,9.1700,10582423,97449324.8400
2024-05-17,sh.600596,9.1400,9.2600,9.0900,9.2600,9.1300,9274195,85145668.7900
2024-05-20,sh.600596,9.2800,9.4200,9.2200,9.2900,9.2600,11661117,108484170.2000
2024-05-21,sh.600596,9.3300,9.3300,9.0600,9.1100,9.2900,10542920,96496264.4000
2024-05-22,sh.600596,9.1100,9.1700,9.0300,9.0600,9.1100,8545680,77629251.6000
2024-05-23,sh.600596,9.0400,9.0700,8.8200,8.8300,9.0600,11904637,105639572.5300
2024-05-24,sh.600596,8.8800,9.2000,8.8700,8.9500,8.8300,15741998,142237716.3800
2024-05-27,sh.600596,8.9900,8.9900,8.8100,8.9900,8.9500,9179708,81562905.3200
2024-05-28,sh.600596,8.9100,8.9100,8.7400,8.7900,8.9900,12071404,106534442.6300
2024-05-29,sh.600596,8.7900,8.9100,8.7700,8.8600,8.7900,7873374,69771948.6100
2024-05-30,sh.600596,8.7500,9.3400,8.7500,8.9000,8.7600,25763163,233522788.0200
2024-05-31,sh.600596,8.9000,8.9700,8.6500,8.7300,8.9000,16051340,140260947.1100
2024-06-03,sh.600596,8.6900,8.7200,8.4200,8.4900,8.7300,10711690,91367928.0900
2024-06-04,sh.600596,8.4900,8.5800,8.3600,8.5800,8.4900,6906259,58626047.6400
2024-06-05,sh.600596,8.5200,8.6500,8.4900,8.5100,8.5800,7527880,64624085.2000
2024-06-06,sh.600596,8.5600,8.6300,8.2800,8.3800,8.5100,10222472,85934842.8400
2024-06-07,sh.600596,8.4500,8.4800,8.3200,8.3300,8.3800,8354831,70037029.4300
2024-06-11,sh.600596,8.3400,8.3400,8.2100,8.2900,8.3300,6054600,50036371.3100
2024-06-12,sh.600596,8.3100,8.3400,8.2400,8.2800,8.2900,5388185,44631592.8000
2024-06-13,sh.600596,8.2800,8.3400,8.0800,8.0900,8.2800,9435158,76770334.2800
2024-06-14,sh.600596,8.0700,8.1500,7.9700,8.1000,8.0900,8431059,67909605.0900
2024-06-17,sh.600596,8.0000,8.1600,8.0000,8.1100,8.1000,8574699,69478538.4600
2024-06-18,sh.600596,8.0700,8.2300,8.0600,8.2100,8.1100,9661454,78856098.0500
2024-06-19,sh.600596,8.2500,8.2900,8.0300,8.0400,8.2100,10073400,81668682.5600
2024-06-20,sh.600596,7.9800,8.1000,7.7200,7.7400,8.0400,13834877,108866769.9700
2024-06-21,sh.600596,7.7500,7.8400,7.7000,7.7200,7.7400,7525789,58393428.1500
2024-06-24,sh.600596,7.6900,7.6900,7.4500,7.4900,7.7200,9061128,68336058.5300
2024-06-25,sh.600596,7.5000,7.6500,7.4700,7.5800,7.4900,6851622,51856448.9400
2024-06-26,sh.600596,7.5400,7.8400,7.4900,7.8300,7.5800,7595196,58207498.6800
2024-06-27,sh.600596,7.8100,7.8500,7.5700,7.5800,7.8300,8661855,66368806.5500
2024-06-28,sh.600596,7.5300,7.7600,7.5300,7.6000,7.5800,6837105,52384677.0000
2024-07-01,sh.600596,7.5800,7.8300,7.5800,7.8000,7.6000,8034492,61941200.0400
2024-07-02,sh.600596,7.7900,7.8000,7.7200,7.7600,7.8000,5553091,43075323.9200
2024-07-03,sh.600596,7.7600,7.8300,7.7200,7.7700,7.7600,5228760,40654108.7600
2024-07-04,sh.600596,7.7800,7.8000,7.6000,7.6200,7.7700,5407140,41583391.8000
2024-07-05,sh.600596,7.6000,7.7200,7.5500,7.6900,7.6200,4617100,35310801.8000
2024-07-08,sh.600596,7.6800,7.6900,7.4300,7.4700,7.6900,7640887,57517216.4000
2024-07-09,sh.600596,7.4600,7.6100,7.3500,7.5700,7.4700,7047320,52910105.5500
2024-07-10,sh.600596,7.5700,7.7000,7.5400,7.5900,7.5700,6690820,51095753.4000
2024-07-11,sh.600596,7.7000,7.8700,7.6700,7.8500,7.5900,9685768,75544069.5200
2024-07-12,sh.600596,7.8600,7.8600,7.7700,7.8200,7.8500,5428468,42432106.4400
2024-07-15,sh.600596,7.8100,7.8100,7.6900,7.7200,7.8200,5443880,42112760.2000
2024-07-16,sh.600596,7.7100,7.7300,7.5900,7.6100,7.7200,5156978,39355065.4800
2024-07-17,sh.600596,7.6200,7.6900,7.5700,7.6400,7.6100,6152740,46922214.2000
2024-07-18,sh.600596,7.5800,7.6800,7.5000,7.6600,7.6400,6060085,46014953.9100
2024-07-19,sh.600596,7.6500,7.7300,7.5600,7.6700,7.6600,5949185,45506370.0100
2024-07-22,sh.600596,7.6800,7.7000,7.5400,7.5500,7.6700,6487500,49334050.0000
2024-07-23,sh.600596,7.5600,7.5600,7.3200,7.3200,7.5500,7254109,53897315.0800
2024-07-24,sh.600596,7.3300,7.3500,7.1800,7.2200,7.3200,6618320,48021251.8000
2024-07-25,sh.600596,7.2200,7.4000,7.1800,7.3200,7.2200,5501861,40232201.8800
2024-07-26,sh.600596,7.3500,7.5300,7.3300,7.4600,7.3200,6683058,49864907.9700
2024-07-29,sh.600596,7.4600,7.4900,7.3600,7.4000,7.4600,4509146,33403251.9400
2024-07-30,sh.600596,7.4100,7.4800,7.3300,7.4500,7.4000,3876103,28777874.9200
2024-07-31,sh.600596,7.4300,7.7700,7.4200,7.7600,7.4500,11266569,86435539.7400
2024-08-01,sh.600596,7.9200,8.2300,7.7300,7.8300,7.7600,18518292,146655902.7500
2024-08-02,sh.600596,7.7100,7.9000,7.6900,7.7300,7.8300,9047089,70645813.6500
2024-08-05,sh.600596,7.7200,7.8500,7.6200,7.6500,7.7300,9931636,76873598.4800
2024-08-06,sh.600596,7.7200,7.8200,7.6700,7.7800,7.6500,6567088,50839750.8500
2024-08-07,sh.600596,7.7500,7.7800,7.6700,7.7100,7.7800,6131286,47300259.0900
2024-08-08,sh.600596,7.6800,7.8000,7.6700,7.7800,7.7100,6039340,46779957.6000
2024-08-09,sh.600596,7.7800,7.8500,7.7100,7.7300,7.7800,5243320,40845469.4000
2024-08-12,sh.600596,7.7400,7.7600,7.6700,7.7000,7.7300,4193640,32286681.4000
2024-08-13,sh.600596,7.6900,7.7800,7.6200,7.7600,7.7000,4583840,35359477.8000
2024-08-14,sh.600596,7.7800,7.8000,7.6500,7.6700,7.7600,4099180,31522161.2000
2024-08-15,sh.600596,7.6500,7.8200,7.6100,7.7500,7.6700,6696210,51819973.7000
2024-08-16,sh.600596,7.7700,7.7900,7.6600,7.6700,7.7500,4406111,33945210.8500
2024-08-19,sh.600596,7.7200,7.7700,7.6500,7.7500,7.6700,3638808,28159488.3800
2024-08-20,sh.600596,7.7800,7.7900,7.6200,7.6600,7.7500,6226131,47893212.2500
2024-08-21,sh.600596,7.6500,7.6600,7.5500,7.5900,7.6600,5765257,43739141.6000
2024-08-22,sh.600596,7.5700,7.6100,7.1500,7.1500,7.5900,18350705,132887033.5400
2024-08-23,sh.600596,7.1500,7.3000,7.1100,7.1400,7.1500,6967643,50005080.3800
2024-08-26,sh.600596,7.1600,7.3000,7.1400,7.1800,7.1400,5603611,40465316.1800
2024-08-27,sh.600596,7.1800,7.2500,7.1200,7.1800,7.1800,4955040,35551860.9800
2024-08-28,sh.600596,7.1700,7.2500,7.1300,7.1500,7.1800,4803604,34515653.6100
2024-08-29,sh.600596,7.1300,7.3100,7.1000,7.2900,7.1500,7309635,52882236.8200
2024-08-30,sh.600596,7.2800,7.4800,7.2300,7.3900,7.2900,7275611,53771484.6800
2024-09-02,sh.600596,7.3700,7.5000,7.3600,7.3700,7.3900,7298485,54161177.5300
2024-09-03,sh.600596,7.4100,7.6200,7.3700,7.5100,7.3700,9686730,72815823.5000
2024-09-04,sh.600596,7.4700,7.5600,7.4500,7.4800,7.5100,5579652,41908745.2400
2024-09-05,sh.600596,7.5000,7.5700,7.3600,7.4000,7.4800,5541674,41232625.9800
2024-09-06,sh.600596,7.4100,7.4100,7.2100,7.2200,7.4000,5221000,38001101.8000
2024-09-09,sh.600596,7.1700,7.2500,7.0100,7.0300,7.2200,7620179,54207823.2200
2024-09-10,sh.600596,7.0300,7.0700,6.7700,6.9100,7.0300,12291720,84366067.0000
2024-09-11,sh.600596,6.9100,7.0900,6.8900,7.0200,6.9100,7747920,54201628.6000
2024-09-12,sh.600596,7.0200,7.1000,6.9600,6.9700,7.0200,5534122,38842821.6000
2024-09-13,sh.600596,6.9900,7.0000,6.8600,6.8800,6.9700,3970230,27457946.8000
2024-09-18,sh.600596,6.8800,6.9100,6.7500,6.8400,6.8800,4584124,31217567.8800
2024-09-19,sh.600596,6.8800,7.0700,6.8000,7.0000,6.8400,7053272,49152060.2300
2024-09-20,sh.600596,7.0400,7.0400,6.9100,6.9700,7.0000,5228417,36371287.0300
2024-09-23,sh.600596,6.9700,7.0000,6.8800,6.9000,6.9700,4595700,31859765.6000
2024-09-24,sh.600596,6.9600,7.3000,6.9400,7.2900,6.9000,13974098,99841705.9700
2024-09-25,sh.600596,7.3500,7.5500,7.3400,7.3700,7.2900,12987843,96829027.4000
2024-09-26,sh.600596,7.3400,7.6600,7.3400,7.6600,7.3700,12357678,92925437.1900
2024-09-27,sh.600596,7.7800,8.0500,7.7600,8.0300,7.6600,15407379,121934947.9500
2024-09-30,sh.600596,8.4000,8.8300,8.3700,8.7800,8.0300,39280075,339697298.5300
2024-10-08,sh.600596,9.6600,9.6600,8.7800,9.1300,8.7800,51466700,473498196.0700
2024-10-09,sh.600596,9.0200,9.0200,8.3100,8.3800,9.1300,35791597,309358710.2600
2024-10-10,sh.600596,8.3800,8.6300,8.3000,8.3300,8.3800,20193378,170785350.3700
2024-10-11,sh.600596,8.3400,8.3700,7.9800,8.0500,8.3300,17844202,144935526.8900
2024-10-14,sh.600596,8.0700,8.1300,7.9000,8.0700,8.0500,15991814,128372819.5500
2024-10-15,sh.600596,8.0700,8.0900,7.9000,7.9000,8.0700,14821812,118266375.2000
2024-10-16,sh.600596,7.8300,7.9700,7.8000,7.8600,7.9000,13571933,106987102.8700
2024-10-17,sh.600596,7.8800,7.9400,7.7000,7.7100,7.8600,12756889,99496547.4400
2024-10-18,sh.600596,7.7100,8.0700,7.6500,7.9500,7.7100,20514416,161389740.2700
2024-10-21,sh.600596,7.9900,8.0100,7.8500,7.8900,7.9500,21624908,171349633.8900
2024-10-22,sh.600596,7.8500,7.9600,7.8200,7.9600,7.8900,15655578,123618494.9200
2024-10-23,sh.600596,7.9700,8.2700,7.9200,8.2500,7.9600,31151574,253110500.8400
2024-10-24,sh.600596,8.2000,8.2900,8.0800,8.1900,8.2500,16442285,134121413.1900
2024-10-25,sh.600596,8.1700,8.6200,8.1700,8.6100,8.1900,33621034,284067250.6800
2024-10-28,sh.600596,8.7000,8.9600,8.5100,8.8100,8.6100,36109870,315788253.3700
2024-10-29,sh.600596,9.0000,9.0100,8.3400,8.3700,8.8100,41105562,351327550.3300
2024-10-30,sh.600596,8.4600,8.4900,8.2300,8.3400,8.3700,19158260,159928999.6700
2024-10-31,sh.600596,8.3500,8.3800,8.2400,8.3400,8.3400,17354461,144336374.3200
2024-11-01,sh.600596,8.3400,8.4800,8.2200,8.2500,8.3400,17990708,149948971.0900
2024-11-04,sh.600596,8.2300,8.3000,8.1900,8.3000,8.2500,12475142,102834368.2300
2024-11-05,sh.600596,8.2800,8.5000,8.2600,8.4700,8.3000,20822707,175317677.9300
2024-11-06,sh.600596,8.4800,8.5700,8.4100,8.4700,8.4700,21937120,186228101.0400
2024-11-07,sh.600596,8.4600,8.8100,8.4200,8.7500,8.4700,30966696,269395097.9300
2024-11-08,sh.600596,8.7900,8.8600,8.5800,8.6100,8.7500,26762280,233149552.5600
2024-11-11,sh.600596,8.6100,8.7800,8.5300,8.7600,8.6100,21400510,185179040.8800
2024-11-12,sh.600596,8.7700,8.9600,8.6300,8.7100,8.7600,23474424,206927935.6400
2024-11-13,sh.600596,8.6500,8.8200,8.5400,8.6500,8.7100,15900747,137397700.3100
2024-11-14,sh.600596,8.6600,8.7100,8.4000,8.4300,8.6500,13942747,118962229.9300
2024-11-15,sh.600596,8.4200,8.4800,8.2300,8.2600,8.4300,12507390,104638796.9800
2024-11-18,sh.600596,8.3400,8.6800,8.3400,8.4100,8.2600,25513805,217096553.4300
2024-11-19,sh.600596,8.4800,8.6000,8.3300,8.5700,8.4100,17675639,149830272.7500
2024-11-20,sh.600596,8.5300,8.8100,8.5200,8.7500,8.5700,26332601,229383041.7800
2024-11-21,sh.600596,8.7500,8.8600,8.5800,8.7200,8.7500,18380592,159692346.9600
2024-11-22,sh.600596,8.6700,8.7300,8.3100,8.3300,8.7200,17591285,149876853.3600
2024-11-25,sh.600596,8.3800,8.5300,8.3200,8.5000,8.3300,11954322,100946322.9300
2024-11-26,sh.600596,8.5200,8.5300,8.3400,8.3600,8.5000,10211175,85767612.4100
2024-11-27,sh.600596,8.3500,8.5300,8.1400,8.5300,8.3600,13764677,114411576.4200
2024-11-28,sh.600596,8.5100,8.6400,8.4300,8.5400,8.5300,13896730,118797998.1600
2024-11-29,sh.600596,8.5700,8.7200,8.4200,8.6800,8.5400,18092505,155915719.8600
2024-12-02,sh.600596,8.7000,9.0000,8.6400,8.8800,8.6800,31059533,275104086.3200
2024-12-03,sh.600596,8.8800,8.9500,8.8100,8.9000,8.8800,17858672,158889329.6400
2024-12-04,sh.600596,8.8800,8.8900,8.7500,8.7800,8.9000,14505659,127833522.4500
2024-12-05,sh.600596,8.7700,9.1200,8.7200,9.0000,8.7800,33149580,297608353.8500
2024-12-06,sh.600596,8.9600,9.0000,8.8000,8.9500,9.0000,18790104,167377207.7800
2024-12-09,sh.600596,8.9400,9.0600,8.9000,9.0000,8.9500,16288486,146257802.9800
2024-12-10,sh.600596,9.1800,9.2900,8.9900,8.9900,9.0000,24187880,221393676.7300
2024-12-11,sh.600596,8.9600,9.1000,8.9500,8.9800,8.9900,16691880,150320008.8000
2024-12-12,sh.600596,8.9800,8.9900,8.8600,8.9200,8.9800,15753020,140286671.8400
2024-12-13,sh.600596,8.8800,8.8900,8.6600,8.7300,8.9200,14408471,126079697.0100
2024-12-16,sh.600596,8.7400,8.7900,8.6500,8.7200,8.7300,9408221,81880099.0800
2024-12-17,sh.600596,8.6800,8.7200,8.5100,8.5800,8.7200,11738501,101013066.1700
2024-12-18,sh.600596,8.6000,8.6500,8.5500,8.5700,8.5800,6367548,54780104.2800
2024-12-19,sh.600596,8.5100,8.6400,8.4300,8.6200,8.5700,10753701,91669120.7800
2024-12-20,sh.600596,8.6200,8.6300,8.5200,8.5900,8.6200,8525254,73199946.9000
2024-12-23,sh.600596,8.5400,8.7900,8.5300,8.6200,8.5900,13614209,118346707.0900
2024-12-24,sh.600596,8.6000,8.8400,8.6000,8.7900,8.6200,13848170,120989778.2900
2024-12-25,sh.600596,8.8000,8.9600,8.6900,8.8700,8.7900,16884353,149120486.9600
2024-12-26,sh.600596,8.8800,9.1400,8.8300,8.9900,8.8700,19753476,178110036.7600
2024-12-27,sh.600596,9.0200,9.0800,8.9100,8.9900,8.9900,11288435,101366646.7000
2024-12-30,sh.600596,8.9800,9.0900,8.8800,8.9300,8.9900,12954475,116048071.0500
2024-12-31,sh.600596,8.9400,9.0500,8.7700,8.7800,8.9300,11979028,106686787.0500
2025-01-02,sh.600596,8.7900,8.8700,8.5700,8.6800,8.7800,13514716,118005507.3200
2025-01-03,sh.600596,8.7000,8.9700,8.6000,8.7100,8.6800,17678355,155778723.8000
2025-01-06,sh.600596,8.6300,8.7900,8.5000,8.6000,8.7100,13414409,116125441.8600
2025-01-07,sh.600596,8.5900,8.6400,8.2600,8.4400,8.6000,16119812,135417174.2400
2025-01-08,sh.600596,8.4000,8.4200,7.9500,8.0200,8.4400,24590233,199070708.1200
2025-01-09,sh.600596,8.0000,8.1600,7.9300,7.9900,8.0200,10634560,85582509.0000
2025-01-10,sh.600596,8.0000,8.0200,7.7800,7.7800,7.9900,10352449,81370713.7800
2025-01-13,sh.600596,7.7700,7.9100,7.7300,7.9000,7.7800,9284809,72739633.1400
2025-01-14,sh.600596,7.9000,8.0700,7.8500,8.0400,7.9000,12505140,99840386.6200
2025-01-15,sh.600596,8.0100,8.0200,7.9000,7.9500,8.0400,8097980,64381801.2000
2025-01-16,sh.600596,7.9600,8.1200,7.9300,7.9700,7.9500,8867160,71175301.0000
2025-01-17,sh.600596,7.9600,8.0900,7.9000,8.0800,7.9700,8734628,70115046.6400
2025-01-20,sh.600596,8.1200,8.1700,8.0400,8.1200,8.0800,8262542,66938409.0600
2025-01-21,sh.600596,8.1200,8.1500,7.9500,8.0200,8.1200,6476900,51902240.8000
2025-01-22,sh.600596,8.0000,8.0300,7.9200,7.9800,8.0200,4367092,34780320.3200
2025-01-23,sh.600596,8.0300,8.1100,7.9500,7.9600,7.9800,6979731,56079905.8800
2025-01-24,sh.600596,7.9600,8.0400,7.9200,8.0300,7.9600,6400639,51181931.5800
2025-01-27,sh.600596,7.9100,8.1800,7.9000,8.0200,8.0300,14635849,117900656.6500
2025-02-05,sh.600596,8.0800,8.1000,7.9400,7.9600,8.0200,10340680,82740874.8000
2025-02-06,sh.600596,7.9200,8.0900,7.8900,8.0800,7.9600,10000437,80164703.9500
2025-02-07,sh.600596,8.0800,8.3400,8.0300,8.2900,8.0800,15077408,124022881.8800
2025-02-10,sh.600596,8.3000,8.3300,8.1800,8.1900,8.2900,9995000,82103377.0000
2025-02-11,sh.600596,8.2200,8.7500,8.0700,8.6700,8.1900,40582792,345558885.2400
2025-02-12,sh.600596,8.6000,9.2800,8.6000,9.0200,8.6700,73281555,664838518.5800
2025-02-13,sh.600596,8.9700,9.0500,8.8900,8.9500,9.0200,23320924,209096785.6600
2025-02-14,sh.600596,9.0000,9.0500,8.7700,8.8700,8.9500,18618305,165378590.2200
2025-02-17,sh.600596,8.8700,8.9800,8.7900,8.8700,8.8700,17733034,157311218.3000
2025-02-18,sh.600596,8.8700,8.9800,8.6500,8.7200,8.8700,17593760,155104032.8400
2025-02-19,sh.600596,8.7100,8.8600,8.6600,8.8200,8.7200,13858484,121373305.6200
2025-02-20,sh.600596,8.8200,9.1800,8.7300,9.0600,8.8200,30372597,273303670.2200
2025-02-21,sh.600596,9.1000,9.2200,8.9700,9.0500,9.0600,28162970,256369410.5500
2025-02-24,sh.600596,9.1000,9.1400,8.9000,9.0200,9.0500,21578370,194549085.8200
2025-02-25,sh.600596,8.9300,9.0800,8.8000,8.8600,9.0200,17210796,153305234.0900
2025-02-26,sh.600596,8.8700,9.0300,8.8700,9.0200,8.8600,14513025,130272691.4000
2025-02-27,sh.600596,9.0100,9.0400,8.8300,8.9400,9.0200,12786394,114334759.5400
2025-02-28,sh.600596,8.9400,8.9600,8.7900,8.8100,8.9400,11544410,102216339.1200
2025-03-03,sh.600596,8.8400,8.9900,8.8200,8.8500,8.8100,12022805,107135930.0500
2025-03-04,sh.600596,8.8800,8.9900,8.8000,8.9300,8.8500,12421675,110578295.2300
2025-03-05,sh.600596,8.9200,8.9600,8.6700,8.7400,8.9300,15138723,132546013.2400
2025-03-06,sh.600596,8.7500,8.7600,8.6300,8.6800,8.7400,16852798,146295016.7200
2025-03-07,sh.600596,8.6700,8.7600,8.6100,8.6500,8.6800,11291630,98049186.7600
2025-03-10,sh.600596,8.6400,8.6800,8.4700,8.4800,8.6500,16403756,140144245.4100
2025-03-11,sh.600596,8.4200,8.5700,8.3600,8.5600,8.4800,11037004,93506503.2500
2025-03-12,sh.600596,8.5600,8.8400,8.5300,8.6700,8.5600,16769868,145826590.2000
2025-03-13,sh.600596,8.6700,8.6900,8.5300,8.6300,8.6700,10150328,87236121.3200
2025-03-14,sh.600596,8.6100,8.9100,8.5400,8.8600,8.6300,20546381,179483449.4400
2025-03-17,sh.600596,8.8000,8.9400,8.7700,8.8600,8.8600,21734073,192208633.6200
2025-03-18,sh.600596,8.8700,8.8800,8.7500,8.8000,8.8600,10555120,92916681.8000
2025-03-19,sh.600596,8.8300,8.9700,8.7100,8.7600,8.8000,14709403,129905600.6900
2025-03-20,sh.600596,8.7400,8.8300,8.7000,8.7600,8.7600,10666638,93696970.9400
2025-03-21,sh.600596,8.7600,8.7900,8.6100,8.6500,8.7600,9846962,85631842.3600
2025-03-24,sh.600596,8.6500,8.7200,8.5500,8.6800,8.6500,11304808,97567522.0700
2025-03-25,sh.600596,8.6900,8.8500,8.5800,8.8200,8.6800,17819004,156289972.4000
2025-03-26,sh.600596,8.9000,9.0500,8.8600,8.9800,8.8200,27662217,247621734.5700
2025-03-27,sh.600596,8.9300,9.0300,8.8800,8.9000,8.9800,17289443,154764495.9100
2025-03-28,sh.600596,8.8900,8.9100,8.5500,8.6000,8.9000,17871360,154984574.8000
2025-03-31,sh.600596,8.5500,8.5700,8.3200,8.3300,8.6000,13730514,115367116.3600
2025-04-01,sh.600596,8.3700,8.4600,8.3500,8.4200,8.3300,9779953,82218631.6500
2025-04-02,sh.600596,8.4000,8.4500,8.3400,8.3600,8.4200,6229030,52179295.6000
2025-04-03,sh.600596,8.3100,8.4000,8.2700,8.3500,8.3600,7290249,60699033.8300
2025-04-07,sh.600596,8.0600,8.1600,7.5200,7.5200,8.3500,23188800,179942556.9600
2025-04-08,sh.600596,7.5200,7.8700,7.5200,7.8700,7.5200,22692006,176143883.6500
2025-04-09,sh.600596,7.7900,7.8100,7.5300,7.7400,7.8700,17917140,137939693.4600
2025-04-10,sh.600596,7.8300,7.9300,7.7700,7.7900,7.7400,15525016,121723414.8800
2025-04-11,sh.600596,7.7700,7.8400,7.7100,7.7500,7.7900,10919680,84891553.2000
2025-04-14,sh.600596,7.8100,7.9200,7.7900,7.9000,7.7500,12292779,96494322.1900
2025-04-15,sh.600596,7.8700,7.9100,7.8200,7.8800,7.9000,8156903,64123931.4100
2025-04-16,sh.600596,7.8800,7.8800,7.7000,7.7400,7.8800,8244540,63933062.8000
2025-04-17,sh.600596,7.7400,7.7700,7.6700,7.6800,7.7400,9432300,72778133.4900
2025-04-18,sh.600596,7.6700,7.6900,7.5500,7.6300,7.6800,8510343,64807584.3500
2025-04-21,sh.600596,7.6300,7.6900,7.6000,7.6600,7.6300,8078108,61746109.5200
2025-04-22,sh.600596,7.6500,7.7700,7.6200,7.7500,7.6600,9428545,72573814.5800
2025-04-23,sh.600596,7.7400,7.7800,7.7100,7.7300,7.7500,6968054,53892278.3000
2025-04-24,sh.600596,7.7400,7.7800,7.6400,7.7200,7.7300,7092212,54758431.2400
2025-04-25,sh.600596,7.7400,7.7600,7.6500,7.6600,7.7200,7888673,60639898.9800
2025-04-28,sh.600596,7.6500,7.6500,7.5200,7.5300,7.6600,7262943,54892221.7400
2025-04-29,sh.600596,7.5500,7.5900,7.5200,7.5500,7.5300,5608800,42414161.0000
2025-04-30,sh.600596,7.5200,7.6500,7.5200,7.5800,7.5500,7136400,54205121.8000
2025-05-06,sh.600596,7.6200,7.7000,7.6200,7.7000,7.5800,9163763,70329701.2700
2025-05-07,sh.600596,7.7700,7.9600,7.7200,7.8200,7.7000,14118097,110311956.8300
2025-05-08,sh.600596,7.8000,7.8400,7.7600,7.8100,7.8200,7175436,55986467.8200
2025-05-09,sh.600596,7.8100,7.8400,7.6900,7.7100,7.8100,7716920,59702919.6000
2025-05-12,sh.600596,7.7300,7.8700,7.7300,7.8600,7.7100,8245096,64297202.1900
2025-05-13,sh.600596,7.9800,8.0700,7.8900,7.9100,7.8600,18405846,146633634.3700
2025-05-14,sh.600596,7.9400,7.9700,7.8500,7.9200,7.9100,10564432,83462550.6400
2025-05-15,sh.600596,7.9000,8.0200,7.8900,7.9000,7.9200,9869220,78360023.4000
2025-05-16,sh.600596,7.8800,8.3500,7.8800,8.3300,7.9000,30961964,252210256.6500
2025-05-19,sh.600596,8.2500,8.2500,7.8500,8.1500,8.3300,32035501,258554905.3200
2025-05-20,sh.600596,8.1500,8.1800,8.0300,8.0700,8.1500,13995846,113055573.0300
2025-05-21,sh.600596,8.0200,8.1100,7.9700,8.0600,8.0700,11365040,91427523.2000
2025-05-22,sh.600596,8.0400,8.0500,7.9200,7.9300,8.0600,8826982,70384536.7000
2025-05-23,sh.600596,7.9400,8.1400,7.9100,7.9400,7.9300,12096820,97250467.2000
2025-05-26,sh.600596,8.0000,8.0300,7.9000,7.9300,7.9400,7481500,59490066.6000
2025-05-27,sh.600596,7.9100,8.1800,7.8300,8.1500,7.9300,22690990,182354924.8000
2025-05-28,sh.600596,8.2700,8.2700,8.0000,8.0300,8.1500,19787214,160832544.0800
2025-05-29,sh.600596,7.9800,8.0500,7.9200,8.0400,8.0300,10215706,81797310.2800
2025-05-30,sh.600596,8.0100,8.0200,7.9000,7.9200,8.0400,11247935,89431499.9700
2025-06-03,sh.600596,7.9000,8.1400,7.9000,8.0300,7.9200,20295981,163537843.2500
2025-06-04,sh.600596,8.0300,8.0500,7.9800,8.0300,8.0300,8509774,68199051.6000
2025-06-05,sh.600596,8.0400,8.0900,8.0000,8.0300,8.0300,7296639,58638307.9900
2025-06-06,sh.600596,8.0300,8.1300,8.0200,8.1100,8.0300,10651613,86106967.9300
2025-06-09,sh.600596,8.1000,8.1600,8.0800,8.1200,8.1100,9933840,80632525.0000
2025-06-10,sh.600596,8.1400,8.1600,8.0200,8.0700,8.1200,12726824,102899413.3600
2025-06-11,sh.600596,8.0100,8.0400,7.9700,8.0100,7.9700,7902720,63212822.2000
2025-06-12,sh.600596,8.1000,8.3200,8.0600,8.2600,8.0100,26255194,214969990.8100
2025-06-13,sh.600596,8.2100,8.3300,8.1300,8.1300,8.2600,17037840,139960805.2800
2025-06-16,sh.600596,8.1600,8.1700,7.9900,8.0300,8.1300,15392138,123950003.6400
2025-06-17,sh.600596,8.0100,8.2500,8.0100,8.0800,8.0300,13686692,111198398.5300
2025-06-18,sh.600596,8.0300,8.1200,7.9500,7.9600,8.0800,11033494,88105267.1000
2025-06-19,sh.600596,7.9300,8.0000,7.8300,7.8800,7.9600,9632053,76095434.8800
2025-06-20,sh.600596,7.8700,7.9600,7.8600,7.9200,7.8800,7228155,57252756.4000
2025-06-23,sh.600596,7.9100,7.9800,7.9000,7.9500,7.9200,6342288,50359315.7600
2025-06-24,sh.600596,7.9700,8.0600,7.9300,8.0500,7.9500,8131248,65189766.6000
2025-06-25,sh.600596,8.0600,8.0800,8.0000,8.0800,8.0500,9430640,75911260.0000
2025-06-26,sh.600596,8.0800,8.1000,8.0300,8.0500,8.0800,7253529,58462051.7900
2025-06-27,sh.600596,8.0500,8.1300,8.0400,8.0700,8.0500,7621863,61629594.1000
2025-06-30,sh.600596,8.0700,8.1100,8.0600,8.1000,8.0700,7710810,62341743.7500
2025-07-01,sh.600596,8.1300,8.2200,8.0800,8.1900,8.1000,14087860,115153674.6000
2025-07-02,sh.600596,8.1900,8.4000,8.1800,8.3500,8.1900,26253203,217737879.0700
2025-07-03,sh.600596,8.4000,8.6500,8.3700,8.5300,8.3500,34388631,292531789.1500
2025-07-04,sh.600596,8.5000,8.5300,8.3200,8.3400,8.5300,14902729,125118054.0600
2025-07-07,sh.600596,8.3400,8.3800,8.3000,8.3400,8.3400,8493003,70850040.9400
2025-07-08,sh.600596,8.3600,8.6200,8.3300,8.5700,8.3400,19400661,164888387.3300
2025-07-09,sh.600596,8.5500,8.6700,8.4800,8.5100,8.5700,15396524,131768023.8600
2025-07-10,sh.600596,8.7200,8.8200,8.6000,8.7600,8.5100,30153981,263104892.5100
2025-07-11,sh.600596,8.8600,8.9000,8.7100,8.7400,8.7600,24457620,214822392.8000
2025-07-14,sh.600596,8.6600,8.8400,8.6600,8.8000,8.7400,16708910,146386385.1600
2025-07-15,sh.600596,8.7900,8.8800,8.7200,8.7600,8.8000,18031142,158742618.7600
2025-07-16,sh.600596,8.7500,8.7600,8.6100,8.6400,8.7600,12853746,111473394.6400
2025-07-17,sh.600596,8.6700,8.8400,8.6500,8.8400,8.6400,13933264,121760388.8400
2025-07-18,sh.600596,8.8200,9.0000,8.7900,8.9400,8.8400,22347820,198999305.7800
2025-07-21,sh.600596,9.6200,9.8300,9.6200,9.8300,8.9400,87752923,860440959.1900
2025-07-22,sh.600596,9.8000,9.9900,9.6700,9.9100,9.8300,108100698,1064478204.8000
2025-07-23,sh.600596,10.1000,10.4100,9.7500,9.8100,9.9100,71171815,711088967.0500
2025-07-24,sh.600596,9.6600,10.0700,9.6600,10.0500,9.8100,45459775,449197628.8600
2025-07-25,sh.600596,10.1100,10.5800,10.0800,10.2800,10.0500,79242820,820116796.0700
2025-07-28,sh.600596,10.0900,10.4500,9.8800,10.3500,10.2800,54864618,559854229.7100
2025-07-29,sh.600596,10.2800,10.5500,10.0300,10.5300,10.3500,54939045,563683965.0500
2025-07-30,sh.600596,10.6100,10.9600,10.4100,10.5600,10.5300,64360033,685403650.1700
2025-07-31,sh.600596,10.4100,10.4800,10.0800,10.1400,10.5600,47580140,486999701.9300
2025-08-01,sh.600596,10.1300,10.2600,9.9800,10.0000,10.1400,26865201,271171915.1500
2025-08-04,sh.600596,9.9900,9.9900,9.8000,9.8700,10.0000,26887262,265318022.3600
2025-08-05,sh.600596,9.9200,10.0400,9.8400,9.9800,9.8700,19719920,196388718.4000
2025-08-06,sh.600596,9.9800,10.2400,9.9000,10.2200,9.9800,29513777,298261603.9500
2025-08-07,sh.600596,10.2100,10.2300,9.9100,9.9200,10.2200,23929005,239273165.0500
2025-08-08,sh.600596,9.9400,10.1900,9.8800,10.0500,9.9200,24190064,243799127.4000
2025-08-11,sh.600596,10.1900,10.2000,10.0500,10.1600,10.0500,19282692,195271796.5600
2025-08-12,sh.600596,10.0000,10.1200,9.9800,10.0900,10.1600,15362657,154158184.0300
2025-08-13,sh.600596,10.0900,10.1700,9.9300,10.0100,10.0900,21203601,212355972.7200
2025-08-14,sh.600596,10.0400,10.0500,9.6700,9.6700,10.0100,27826732,273524139.0300
2025-08-15,sh.600596,9.6600,10.0200,9.6300,10.0200,9.6700,25264823,250634271.3200
2025-08-18,sh.600596,10.0200,10.0900,9.8900,9.9700,10.0200,21915664,218481489.3900
2025-08-19,sh.600596,9.9600,10.3100,9.9400,10.2800,9.9700,36668611,372739339.5700
2025-08-20,sh.600596,10.2300,10.8300,10.1300,10.7100,10.2800,46131112,483027128.8300
2025-08-21,sh.600596,10.7000,10.8000,10.5900,10.7100,10.7100,29394738,314397541.6600
2025-08-22,sh.600596,10.6300,10.7000,10.1800,10.3300,10.7100,50060426,518901967.8400
2025-08-25,sh.600596,10.4800,10.5600,10.3000,10.4800,10.3300,40091914,418884950.4600
2025-08-26,sh.600596,10.4400,10.9300,10.3900,10.8600,10.4800,42610782,457412127.6300
2025-08-27,sh.600596,10.8500,10.9000,10.4200,10.4400,10.8600,30301416,323439734.9900
2025-08-28,sh.600596,10.4200,10.5500,10.2500,10.5000,10.4400,32634467,339770994.5200
2025-08-29,sh.600596,10.5100,10.8800,10.4300,10.6000,10.5000,34079124,363830457.8700
2025-09-01,sh.600596,10.6500,11.6600,10.6300,11.3400,10.6000,89680928,1024302556.8500
2025-09-02,sh.600596,11.2500,11.3800,10.5500,10.7100,11.3400,63616310,688665440.7500
2025-09-03,sh.600596,10.7100,10.8100,10.3900,10.6100,10.7100,30185707,319330447.1500
2025-09-04,sh.600596,10.7400,11.1500,10.6500,10.8600,10.6100,58179945,637232923.2800
2025-09-05,sh.600596,11.0100,11.4200,10.9700,11.2700,10.8600,53091128,595115839.0700
2025-09-08,sh.600596,11.2400,11.5000,11.0300,11.4800,11.2700,44999397,507989243.3800
2025-09-09,sh.600596,11.4100,11.6200,11.3000,11.4600,11.4800,32866699,376853692.1000
2025-09-10,sh.600596,11.4000,11.4600,11.0600,11.1800,11.4600,26422903,296026445.7500
2025-09-11,sh.600596,11.1100,11.2200,11.0500,11.1300,11.1800,23254208,258383747.3600
2025-09-12,sh.600596,11.1500,11.1600,10.8200,11.0300,11.1300,28429428,311616758.2400
2025-09-15,sh.600596,10.9900,11.0000,10.7700,10.7800,11.0300,22728703,246987398.6100
2025-09-16,sh.600596,10.8100,11.0400,10.6000,10.7400,10.7800,25901184,278921246.3200
2025-09-17,sh.600596,10.7000,10.8300,10.5600,10.7500,10.7400,28743629,307370920.1300
2025-09-18,sh.600596,10.7600,10.9900,10.5000,10.6600,10.7500,27369098,295503679.5700
2025-09-19,sh.600596,10.6900,10.9000,10.6600,10.8100,10.6600,22686571,245100664.4200
2025-09-22,sh.600596,10.7300,10.7900,10.2900,10.4600,10.8100,23154537,242161585.3500
2025-09-23,sh.600596,10.4200,10.4800,10.0500,10.1600,10.4600,21911476,222756910.3200
2025-09-24,sh.600596,10.1400,10.3800,10.0800,10.3700,10.1600,12491146,127860880.5300
2025-09-25,sh.600596,10.3500,10.3900,10.1000,10.1500,10.3700,15961912,163207157.7500
2025-09-26,sh.600596,10.1300,10.5200,10.1000,10.2800,10.1500,19732386,204154033.8000
2025-09-29,sh.600596,10.3500,10.7100,10.1400,10.6800,10.2800,23611411,247889323.6500
2025-09-30,sh.600596,10.5900,10.7800,10.5800,10.6900,10.6800,13887142,148221482.8900
2025-10-09,sh.600596,10.6800,10.8000,10.4600,10.7800,10.6900,20496587,218053501.5500
2025-10-10,sh.600596,10.7400,11.1000,10.6900,10.9100,10.7800,23658202,258066607.2400
2025-10-13,sh.600596,10.4800,10.9600,10.4000,10.8600,10.9100,25696947,277716075.6100
2025-10-14,sh.600596,10.8600,10.9900,10.4500,10.5000,10.8600,19436674,207313598.7200
2025-10-15,sh.600596,10.4700,10.6000,10.3500,10.4900,10.5000,14958415,156510597.9900
2025-10-16,sh.600596,10.4600,10.4900,10.0600,10.1200,10.4900,31519345,320021589.8000
2025-10-17,sh.600596,10.1400,10.3500,9.9700,9.9800,10.1200,13823934,139819600.0600
2025-10-20,sh.600596,10.0500,10.0800,9.7700,9.8500,9.9800,16216964,160234637.5400
2025-10-21,sh.600596,9.8400,9.9000,9.7700,9.8600,9.8500,13187595,129682033.6100
2025-10-22,sh.600596,9.8500,9.9100,9.7500,9.8400,9.8600,10918532,107467991.3800
2025-10-23,sh.600596,9.7800,10.0400,9.6700,10.0300,9.8400,13845989,136454338.9300
2025-10-24,sh.600596,10.0300,10.1600,9.8700,9.9400,10.0300,10890478,108479905.7600
2025-10-27,sh.600596,9.9700,10.2000,9.9700,10.0900,9.9400,16096553,163028135.4500
2025-10-28,sh.600596,10.1100,10.2000,10.0000,10.1000,10.0900,9957260,100575896.0000
2025-10-29,sh.600596,10.0300,10.1800,9.8500,10.1200,10.1000,16730560,167605767.2000
2025-10-30,sh.600596,10.1500,10.1500,9.9600,10.0200,10.1200,12888707,129509198.8200
2025-10-31,sh.600596,10.0300,10.3000,10.0000,10.0800,10.0200,18338909,186624261.5200
2025-11-03,sh.600596,10.0500,10.1500,9.8300,9.9500,10.0800,16475314,163550600.5700
2025-11-04,sh.600596,9.9400,9.9700,9.5600,9.6400,9.9500,19074397,185533094.7500
2025-11-05,sh.600596,9.5100,9.8000,9.5000,9.7000,9.6400,15429359,148748269.7600
2025-11-06,sh.600596,9.7000,10.1500,9.6700,10.0400,9.7000,24838898,248534057.2000
2025-11-07,sh.600596,10.0200,11.0400,9.9500,10.7500,10.0400,93647581,1010464492.1200
2025-11-10,sh.600596,10.9200,11.3800,10.8000,11.2300,10.7500,89993739,1001857747.3100
2025-11-11,sh.600596,11.1100,11.4800,11.1100,11.4000,11.2300,58119439,656681304.2200
2025-11-12,sh.600596,11.3900,11.5000,11.0700,11.2600,11.4000,40910357,460412371.6800
2025-11-13,sh.600596,11.5000,12.3900,11.5000,12.3900,11.2600,80741012,991105598.6500
2025-11-14,sh.600596,12.2700,12.9600,12.2100,12.2800,12.3900,126132750,1582530407.3400
2025-11-17,sh.600596,12.3500,12.7100,12.0000,12.4700,12.2800,89361556,1104101626.2300
2025-11-18,sh.600596,12.3000,12.7200,11.8500,12.0200,12.4700,76398557,929956839.3700
2025-11-19,sh.600596,11.8600,12.6000,11.5700,12.2800,12.0200,97692916,1174103963.1600
2025-11-20,sh.600596,12.1900,12.4900,11.6700,11.7300,12.2800,76045800,913717225.0700
2025-11-21,sh.600596,11.5000,11.6000,10.9100,11.0200,11.7300,58880197,659234346.7100
2025-11-24,sh.600596,11.2000,11.2300,10.6800,10.8000,11.0200,37073158,402572690.6200
2025-11-25,sh.600596,10.9000,10.9600,10.7100,10.7800,10.8000,33255977,360185860.9400
2025-11-26,sh.600596,10.7700,10.8400,10.4700,10.5000,10.7800,35505822,376764219.8000
2025-11-27,sh.600596,10.3800,11.1000,10.3600,10.9800,10.5000,43761660,476383194.3100
2025-11-28,sh.600596,10.8800,11.3900,10.8400,11.2900,10.9800,44032538,495249189.6200
2025-12-01,sh.600596,11.2900,11.3500,11.0400,11.1200,11.2900,26171688,292001020.9200
2025-12-02,sh.600596,11.0900,11.2300,10.9500,11.1100,11.1200,20726946,229390995.2900
2025-12-03,sh.600596,11.1500,11.3000,11.0200,11.0800,11.1100,19095301,212718245.7500
2025-12-04,sh.600596,11.1000,11.2500,10.8800,11.0300,11.0800,18607343,205458648.0900
2025-12-05,sh.600596,11.0400,11.7400,10.9800,11.6900,11.0300,41532134,475944744.4200
2025-12-08,sh.600596,11.7700,11.8300,11.2300,11.3800,11.6900,40242809,457660492.2000
2025-12-09,sh.600596,11.3900,11.4300,11.0800,11.2700,11.3800,21981199,246424510.0500
2025-12-10,sh.600596,11.2200,11.2400,10.9800,11.0200,11.2700,19868688,219644513.0800
2025-12-11,sh.600596,11.0100,11.1000,10.8000,10.8100,11.0200,19351110,211221953.5000
2025-12-12,sh.600596,10.8700,10.9600,10.7000,10.7100,10.8100,16679560,180087914.0000
2025-12-15,sh.600596,10.7800,11.1300,10.7100,10.9500,10.7100,22044384,241649106.9900
2025-12-16,sh.600596,10.9500,10.9500,10.5200,10.5800,10.9500,17603111,187440145.4600
2025-12-17,sh.600596,10.5800,10.9100,10.5000,10.8200,10.5800,16677163,178393623.1500
2025-12-18,sh.600596,10.7900,11.2700,10.7200,10.8600,10.8200,25125923,277312177.0800
2025-12-19,sh.600596,10.8800,11.1200,10.8000,11.0200,10.8600,18000794,197544766.5800
2025-12-22,sh.600596,10.9700,11.2500,10.9700,11.0200,11.0200,19321331,214460150.1400
2025-12-23,sh.600596,11.0400,11.2700,10.8800,11.1100,11.0200,21654451,240115515.6000
2025-12-24,sh.600596,11.2200,11.3000,10.9000,11.2800,11.1100,23139850,258301118.6800
2025-12-25,sh.600596,11.2000,11.6300,11.1300,11.4400,11.2800,23982403,273798332.3100
2025-12-26,sh.600596,11.5000,11.6600,11.3800,11.5500,11.4400,28762128,331802859.9600
2025-12-29,sh.600596,11.5100,11.7200,11.2800,11.6300,11.5500,31710746,366189016.5600
2025-12-30,sh.600596,11.4300,11.8800,11.3500,11.6500,11.6300,26005118,303586433.5000
2025-12-31,sh.600596,11.7000,11.7300,11.3500,11.4700,11.6500,20637702,236984545.8200
