date,code,open,high,low,close,preclose,volume,amount
2019-01-02,sz.000155,3.6000,3.6400,3.5300,3.5700,3.6000,3260501,11670765.5800
2019-01-03,sz.000155,3.5800,3.6200,3.5600,3.5800,3.5700,3461100,12427914.0000
2019-01-04,sz.000155,3.5700,3.7000,3.5500,3.6800,3.5800,4840600,17654910.0000
2019-01-07,sz.000155,3.7200,3.7900,3.7000,3.7600,3.6800,5138302,19276201.5100
2019-01-08,sz.000155,3.7900,3.7900,3.6600,3.6800,3.7600,4985525,18426966.7500
2019-01-09,sz.000155,3.6700,3.7500,3.6500,3.6600,3.6800,3854702,14272583.4400
2019-01-10,sz.000155,3.6500,3.7500,3.6500,3.6800,3.6600,3567000,13167401.9900
2019-01-11,sz.000155,3.6800,3.7400,3.6500,3.7100,3.6800,3398900,12582977.0000
2019-01-14,sz.000155,3.7000,3.7300,3.6400,3.6600,3.7100,3451600,12730272.4900
2019-01-15,sz.000155,3.6700,3.7200,3.6500,3.7000,3.6600,4672322,17218865.9600
2019-01-16,sz.000155,3.7100,3.7400,3.6600,3.6800,3.7000,3681500,13600580.9900
2019-01-17,sz.000155,3.6600,3.6900,3.6200,3.6300,3.6800,2655100,9694138.9800
2019-01-18,sz.000155,3.6100,3.7600,3.6100,3.6800,3.6300,4929758,18093267.9600
2019-01-21,sz.000155,3.6500,3.7200,3.6500,3.7000,3.6800,3823060,14069512.2000
2019-01-22,sz.000155,3.7000,3.7700,3.6600,3.6600,3.7000,5436793,20154511.1700
2019-01-23,sz.000155,3.6500,3.6800,3.6200,3.6700,3.6600,4215493,15427060.6600
2019-01-24,sz.000155,3.7200,3.8200,3.6800,3.6900,3.6700,5482706,20391022.3000
2019-01-25,sz.000155,3.7100,3.7400,3.6400,3.6600,3.6900,3892259,14323792.5300
2019-01-28,sz.000155,3.6600,3.6900,3.5500,3.5500,3.6600,3887725,14138489.5000
2019-01-29,sz.000155,3.5600,3.5900,3.4500,3.4900,3.5500,5822569,20387910.0500
2019-01-30,sz.000155,3.4900,3.6000,3.4800,3.5000,3.4900,5143700,18194700.0000
2019-01-31,sz.000155,3.5000,3.5600,3.3800,3.4200,3.5000,4530353,15658406.8000
2019-02-01,sz.000155,3.4400,3.5100,3.4300,3.4900,3.4200,3950910,13761237.9000
2019-02-11,sz.000155,3.5000,3.5900,3.5000,3.5800,3.4900,4186400,14884262.0000
2019-02-12,sz.000155,3.5900,3.6800,3.5600,3.6400,3.5800,4344993,15728754.4500
2019-02-13,sz.000155,3.6400,3.7600,3.6100,3.7100,3.6400,7663536,28289730.5500
2019-02-14,sz.000155,3.7000,3.7800,3.6900,3.7400,3.7100,5550101,20744059.7100
2019-02-15,sz.000155,3.7300,3.8300,3.7000,3.7400,3.7400,7177537,26992962.1000
2019-02-18,sz.000155,3.7400,3.9300,3.7400,3.9000,3.7400,11774766,45251933.4800
2019-02-19,sz.000155,3.8700,4.0000,3.8400,3.8700,3.9000,12123322,47363494.9200
2019-02-20,sz.000155,3.8700,4.0500,3.8700,3.9600,3.8700,11833043,46920323.5100
2019-02-21,sz.000155,3.9300,3.9800,3.8800,3.8900,3.9600,9343100,36653162.0000
2019-02-22,sz.000155,3.9000,3.9500,3.8100,3.9300,3.8900,9325857,36276460.9900
2019-02-25,sz.000155,4.0100,4.0800,3.9200,4.0600,3.9300,23256814,93375499.4700
2019-02-26,sz.000155,4.0600,4.1200,3.9700,4.0000,4.0600,20660520,83568034.5400
2019-02-27,sz.000155,3.9700,4.0400,3.9300,3.9800,4.0000,16746353,66708288.5400
2019-02-28,sz.000155,3.9800,4.0900,3.9600,4.0000,3.9800,15402856,61910238.0200
2019-03-01,sz.000155,4.0300,4.0400,3.9700,4.0100,4.0000,11099567,44513828.3900
2019-03-04,sz.000155,4.0000,4.1400,4.0000,4.0800,4.0100,20246239,82644910.5900
2019-03-05,sz.000155,4.0900,4.1800,4.0300,4.1700,4.0800,15842924,65265605.0200
2019-03-06,sz.000155,4.2000,4.4100,4.1700,4.3700,4.1700,29666871,128480097.1900
2019-03-07,sz.000155,4.3700,4.7400,4.3200,4.6300,4.3700,30375380,138949920.0400
2019-03-08,sz.000155,4.5100,4.6800,4.3800,4.4600,4.6300,24924848,113186907.5000
2019-03-11,sz.000155,4.4700,4.7700,4.4500,4.6600,4.4600,22250875,101780177.1200
2019-03-12,sz.000155,4.6700,4.7400,4.5000,4.6200,4.6600,21067337,97770861.1100
2019-03-13,sz.000155,4.6400,4.6800,4.5000,4.5100,4.6200,15164401,69145306.1200
2019-03-14,sz.000155,4.4100,4.5700,4.2900,4.3400,4.5100,17019892,75034120.8200
2019-03-15,sz.000155,4.3300,4.6600,4.3300,4.5600,4.3400,21531574,97340704.6600
2019-03-18,sz.000155,4.5900,4.7800,4.5100,4.6800,4.5600,16667652,77663580.3200
2019-03-19,sz.000155,4.7100,4.7900,4.6500,4.7300,4.6800,17369204,81748225.6000
2019-03-20,sz.000155,4.7100,4.7800,4.6200,4.7000,4.7300,14594619,68624004.1100
2019-03-21,sz.000155,4.7000,5.1700,4.6700,5.1200,4.7000,53785752,270698860.5600
2019-03-22,sz.000155,5.1800,5.3800,5.0600,5.1800,5.1200,40274796,209120557.5000
2019-03-25,sz.000155,5.0800,5.1300,4.9400,4.9500,5.1800,18266523,91924497.8900
2019-03-26,sz.000155,4.9600,5.0200,4.6900,4.7100,4.9500,19485033,93619442.3000
2019-03-27,sz.000155,4.7800,4.8000,4.5800,4.7100,4.7100,13638976,63659457.4000
2019-03-28,sz.000155,4.7100,4.8000,4.6300,4.7000,4.7100,10201519,48091681.8600
2019-03-29,sz.000155,4.7000,4.8100,4.5700,4.7900,4.7000,9879021,46601385.0600
2019-04-01,sz.000155,4.7700,4.9200,4.7400,4.8700,4.7900,14086892,68598235.4700
2019-04-02,sz.000155,4.9300,5.0900,4.8700,5.0800,4.8700,19101980,95941907.3000
2019-04-03,sz.000155,5.0400,5.4600,5.0000,5.3000,5.0800,29225364,150916452.1300
2019-04-04,sz.000155,5.3000,5.3200,5.0700,5.2000,5.3000,26384863,136744195.8600
2019-04-08,sz.000155,5.2200,5.3100,5.0900,5.1400,5.2000,16284501,84316648.2300
2019-04-09,sz.000155,5.1200,5.1800,5.0700,5.1200,5.1400,10727902,55061640.2300
2019-04-10,sz.000155,5.0500,5.2100,5.0100,5.1600,5.1200,12915527,66033282.3000
2019-04-11,sz.000155,5.1600,5.2100,4.9900,4.9900,5.1600,11108803,56511458.0800
2019-04-12,sz.000155,4.9700,5.0400,4.9200,4.9700,4.9900,7640820,38045302.8000
2019-04-15,sz.000155,5.2200,5.3300,5.0800,5.1000,4.9700,15690299,81209834.8600
2019-04-16,sz.000155,5.1300,5.1400,4.9200,5.1100,5.1000,13764462,69154763.1200
2019-04-17,sz.000155,5.1100,5.2500,5.0500,5.1500,5.1100,15688801,80836625.1700
2019-04-18,sz.000155,5.1700,5.1700,5.0000,5.0100,5.1500,10964143,55472898.4600
2019-04-19,sz.000155,5.0300,5.1100,4.8600,5.0300,5.0100,18756600,92790986.0000
2019-04-22,sz.000155,5.4500,5.4600,5.1400,5.1900,5.0300,40188889,212542012.7900
2019-04-23,sz.000155,5.1300,5.2700,4.9300,5.1100,5.1900,26937245,137258863.7500
2019-04-24,sz.000155,5.1000,5.1100,4.8200,5.0500,5.1100,28986658,143395143.2300
2019-04-25,sz.000155,5.0400,5.0700,4.8200,4.8200,5.0500,22466299,110685232.9200
2019-04-26,sz.000155,4.8200,4.9000,4.7100,4.8100,4.8200,13419260,64352878.0600
2019-04-29,sz.000155,4.8400,4.8600,4.6600,4.7200,4.8100,14026256,66889694.2600
2019-04-30,sz.000155,4.7600,4.8900,4.7300,4.7700,4.7200,9528020,45746043.2000
2019-05-06,sz.000155,4.6500,4.6500,4.2900,4.2900,4.7700,18390600,81982966.6600
2019-05-07,sz.000155,4.3300,4.4900,4.2200,4.4200,4.2900,20230520,88174274.7200
2019-05-08,sz.000155,4.3700,4.4600,4.2500,4.3500,4.4200,11768800,51432286.0000
2019-05-09,sz.000155,4.3400,4.3900,4.2700,4.2900,4.3500,8234300,35517548.0000
2019-05-10,sz.000155,4.3500,4.4400,4.1800,4.4000,4.2900,10891309,47466365.4000
2019-05-13,sz.000155,4.3300,4.4100,4.3300,4.3700,4.4000,8009210,34998557.5900
2019-05-14,sz.000155,4.3500,4.4200,4.3100,4.3200,4.3700,8132000,35461254.0000
2019-05-15,sz.000155,4.3700,4.4700,4.3300,4.4300,4.3200,10491540,46228220.8600
2019-05-16,sz.000155,4.4300,4.5500,4.3800,4.4900,4.4300,10279638,45929784.8200
2019-05-17,sz.000155,4.4400,4.5000,4.0800,4.1500,4.4900,17205238,73948372.4800
2019-05-20,sz.000155,4.1800,4.1900,4.0600,4.1000,4.1500,8016323,33083808.2900
2019-05-21,sz.000155,4.1500,4.2700,4.1100,4.2200,4.1000,8657501,36409803.2000
2019-05-22,sz.000155,4.2100,4.2400,4.0800,4.1300,4.2200,6571108,27271652.8000
2019-05-23,sz.000155,4.1000,4.2800,4.0500,4.1600,4.1300,11606200,48702009.0100
2019-05-24,sz.000155,4.1800,4.2400,4.1200,4.1600,4.1600,7996000,33308645.0000
2019-05-27,sz.000155,4.2000,4.2600,4.1400,4.2500,4.1600,8426335,35428214.3000
2019-05-28,sz.000155,4.2600,4.4200,4.2200,4.3300,4.2500,13194925,57395001.5000
2019-05-29,sz.000155,4.2800,4.5400,4.2800,4.4600,4.3300,11179801,49530431.9600
2019-05-30,sz.000155,4.4900,4.7400,4.3800,4.6500,4.4600,17637251,79827922.5100
2019-05-31,sz.000155,4.5600,4.6700,4.4700,4.4800,4.6500,13984500,63885642.0000
2019-06-03,sz.000155,4.5400,4.5400,4.3400,4.3600,4.4800,10272024,45390688.0400
2019-06-04,sz.000155,4.4000,4.4200,4.2500,4.3100,4.3600,8051524,34899833.4800
2019-06-05,sz.000155,4.3600,4.3900,4.2700,4.3300,4.3100,6058819,26277791.0700
2019-06-06,sz.000155,4.3300,4.3700,4.1900,4.1900,4.3300,5999770,25741320.6500
2019-06-10,sz.000155,4.2200,4.3800,4.1900,4.3100,4.1900,8867012,38199158.3500
2019-06-11,sz.000155,4.3400,4.5200,4.3200,4.4800,4.3100,9361139,41594256.8000
2019-06-12,sz.000155,4.4900,4.5200,4.3700,4.4200,4.4800,7804101,34679617.4900
2019-06-13,sz.000155,4.4200,4.4700,4.3500,4.4100,4.4200,7729298,34063871.6100
2019-06-14,sz.000155,4.4200,4.4600,4.2000,4.2200,4.4100,10755920,46069404.8000
2019-06-17,sz.000155,4.2400,4.3100,4.1600,4.2000,4.2200,8015400,33870793.0000
2019-06-18,sz.000155,4.2000,4.6200,4.1600,4.4100,4.2000,27115211,120176173.2900
2019-06-19,sz.000155,4.4600,4.5200,4.3300,4.4100,4.4100,22176116,97402452.2800
2019-06-20,sz.000155,4.3600,4.4500,4.3000,4.3600,4.4100,14829425,64789252.0800
2019-06-21,sz.000155,4.3800,4.4600,4.3600,4.4400,4.3600,13577635,59863994.7000
2019-06-24,sz.000155,4.4600,4.4600,4.3100,4.3500,4.4400,9813771,42828646.0100
2019-06-25,sz.000155,4.3600,4.3900,4.2900,4.3100,4.3500,8049300,34831411.0000
2019-06-26,sz.000155,4.2900,4.3500,4.2500,4.2700,4.3100,6447300,27732199.0100
2019-06-27,sz.000155,4.2700,4.3600,4.2500,4.2800,4.2700,6766900,29136213.0000
2019-06-28,sz.000155,4.3000,4.3000,4.1800,4.2500,4.2800,8921290,37711942.3900
2019-07-01,sz.000155,4.3100,4.3500,4.2900,4.3300,4.2500,9120020,39379676.1000
2019-07-02,sz.000155,4.3300,4.3300,4.1700,4.2100,4.3300,14388200,60905623.0000
2019-07-03,sz.000155,4.2000,4.2500,4.1700,4.2000,4.2100,6633947,27884443.1800
2019-07-04,sz.000155,4.2100,4.2300,4.1200,4.1300,4.2000,7675800,31862643.0000
2019-07-05,sz.000155,4.1200,4.2200,4.1100,4.1700,4.1300,7816001,32647460.1900
2019-07-08,sz.000155,4.1700,4.2000,3.9900,4.0400,4.1700,9930905,40482094.2000
2019-07-09,sz.000155,4.0100,4.1000,4.0100,4.0600,4.0400,6687336,27155132.1300
2019-07-10,sz.000155,4.0800,4.1000,4.0500,4.0500,4.0600,4724520,19238878.6000
2019-07-11,sz.000155,4.0600,4.1300,4.0500,4.1300,4.0500,5223800,21382286.0000
2019-07-12,sz.000155,4.1200,4.1300,4.0700,4.1200,4.1300,4398351,18049085.1000
2019-07-15,sz.000155,4.1400,4.2000,4.0800,4.1900,4.1200,11221365,46515262.5200
2019-07-16,sz.000155,4.1500,4.2600,4.1300,4.2300,4.1900,9856756,41190344.2000
2019-07-17,sz.000155,4.1900,4.1900,4.1300,4.1400,4.2300,7113367,29539321.0500
2019-07-18,sz.000155,4.1300,4.1300,4.0400,4.0500,4.1400,5508000,22413225.0000
2019-07-19,sz.000155,4.0500,4.1500,4.0500,4.0800,4.0500,4412130,18138879.6000
2019-07-22,sz.000155,4.1000,4.1300,4.0000,4.0100,4.0800,6135130,24738096.2000
2019-07-23,sz.000155,4.0000,4.0300,3.9800,4.0100,4.0100,5251200,21027961.0000
2019-07-24,sz.000155,4.0200,4.0500,4.0000,4.0300,4.0100,4938602,19917296.0500
2019-07-25,sz.000155,4.0400,4.0400,3.9800,4.0000,4.0300,6010900,24043150.0000
2019-07-26,sz.000155,4.0900,4.3000,4.0600,4.2700,4.0000,25153752,106063516.9000
2019-07-29,sz.000155,4.2000,4.2500,4.1600,4.1700,4.2700,11187200,46895764.0000
2019-07-30,sz.000155,4.1500,4.1800,4.1300,4.1500,4.1700,8194801,34088491.9700
2019-07-31,sz.000155,4.1500,4.1600,4.0800,4.0800,4.1500,5910600,24289588.0000
2019-08-01,sz.000155,4.0500,4.1600,4.0500,4.1100,4.0800,6877200,28223772.0000
2019-08-02,sz.000155,4.0400,4.0800,4.0000,4.0400,4.1100,7701400,31059173.0000
2019-08-05,sz.000155,4.0200,4.0700,3.9500,3.9600,4.0400,7977299,31938734.9600
2019-08-06,sz.000155,3.8600,3.9000,3.6500,3.8000,3.9600,10777044,40815972.2400
2019-08-07,sz.000155,3.8200,3.8500,3.7500,3.7700,3.8000,4566600,17380246.0000
2019-08-08,sz.000155,3.8000,3.8000,3.7400,3.7900,3.7700,3769100,14244194.0000
2019-08-09,sz.000155,3.8100,3.8200,3.7000,3.7100,3.7900,4199900,15739077.0000
2019-08-12,sz.000155,3.7300,3.7900,3.7100,3.7800,3.7100,5995350,22514134.5000
2019-08-13,sz.000155,3.7600,3.8000,3.7300,3.7900,3.7800,4720949,17848283.7200
2019-08-14,sz.000155,3.8300,3.8600,3.7900,3.8100,3.7900,4514860,17257265.0000
2019-08-15,sz.000155,3.7100,3.8100,3.6400,3.7900,3.8100,9660205,35948781.7000
2019-08-16,sz.000155,3.7800,3.8000,3.7400,3.7700,3.7900,5872905,22193887.8000
2019-08-19,sz.000155,3.8000,3.9100,3.7700,3.9100,3.7700,8745620,33596546.2000
2019-08-20,sz.000155,3.8900,3.9900,3.8700,3.9300,3.9100,6714600,26465312.0000
2019-08-21,sz.000155,3.9000,4.0300,3.9000,4.0100,3.9300,7352502,29294766.9800
2019-08-22,sz.000155,4.0000,4.1000,3.9700,4.0800,4.0100,10139847,40878808.1200
2019-08-23,sz.000155,4.1000,4.1000,3.9700,4.0200,4.0800,11455307,46353454.6000
2019-08-26,sz.000155,3.9000,4.0400,3.8400,4.0300,4.0200,9705200,38517385.5600
2019-08-27,sz.000155,4.0600,4.0600,3.9900,4.0300,4.0300,8232410,33144496.0000
2019-08-28,sz.000155,4.0100,4.0400,3.9800,4.0300,4.0300,6955557,27869873.4300
2019-08-29,sz.000155,4.0400,4.0400,3.9700,3.9900,4.0300,5851701,23403795.0200
2019-08-30,sz.000155,4.0000,4.0200,3.9200,3.9300,3.9900,5522200,21952215.0000
2019-09-02,sz.000155,3.9500,4.0400,3.9200,4.0300,3.9300,7903813,31664261.7400
2019-09-03,sz.000155,4.0300,4.0300,3.9800,4.0100,4.0300,4831944,19314848.1200
2019-09-04,sz.000155,3.9900,4.0100,3.9600,4.0000,4.0100,6501590,25914094.0800
2019-09-05,sz.000155,4.0200,4.0900,4.0000,4.0100,4.0000,10186006,41149055.6400
2019-09-06,sz.000155,4.0300,4.0300,3.9600,4.0000,4.0100,7167645,28608041.1100
2019-09-09,sz.000155,4.0300,4.0600,4.0000,4.0500,4.0000,10751347,43360862.9400
2019-09-10,sz.000155,4.0600,4.1100,4.0100,4.0700,4.0500,13607301,55277412.7600
2019-09-11,sz.000155,4.0700,4.2800,4.0500,4.2400,4.0700,24834812,103562112.9000
2019-09-12,sz.000155,4.2100,4.2500,4.1500,4.1600,4.2400,14279572,59790260.5200
2019-09-16,sz.000155,4.1700,4.2900,4.1400,4.2500,4.1600,13817200,58258395.0000
2019-09-17,sz.000155,4.2500,4.2600,4.1400,4.1500,4.2500,9799395,41007821.5300
2019-09-18,sz.000155,4.1300,4.2200,4.1100,4.1500,4.1500,8786401,36568458.1400
2019-09-19,sz.000155,4.1600,4.2000,4.1500,4.1800,4.1500,4588968,19159146.2700
2019-09-20,sz.000155,4.2000,4.5000,4.1900,4.2100,4.1800,27536067,118241274.4200
2019-09-23,sz.000155,4.2200,4.2300,4.1200,4.1500,4.2100,8765300,36470176.0000
2019-09-24,sz.000155,4.1700,4.1700,4.0900,4.1100,4.1500,10062167,41397639.3600
2019-09-25,sz.000155,4.1000,4.1000,4.0300,4.0600,4.1100,8040661,32631101.4500
2019-09-26,sz.000155,4.0700,4.0800,3.9000,3.9100,4.0600,11256262,44733432.6800
2019-09-27,sz.000155,3.9300,4.0100,3.9200,4.0000,3.9100,6156867,24512151.6600
2019-09-30,sz.000155,3.9900,4.0400,3.9700,4.0000,4.0000,4407467,17665400.3400
2019-10-08,sz.000155,3.9900,4.0400,3.9600,3.9700,4.0000,3147596,12601217.9600
2019-10-09,sz.000155,3.9700,4.0000,3.9400,3.9900,3.9700,3174400,12587741.0000
2019-10-10,sz.000155,4.0100,4.0500,3.9800,4.0400,3.9900,4295600,17275236.0000
2019-10-11,sz.000155,4.0400,4.1300,4.0300,4.1100,4.0400,6433595,26239222.6200
2019-10-14,sz.000155,4.1500,4.1800,4.1200,4.1600,4.1100,6976253,28999124.6300
2019-10-15,sz.000155,4.1700,4.1800,4.1000,4.1200,4.1600,6707700,27704382.0000
2019-10-16,sz.000155,4.1200,4.1600,4.0400,4.0600,4.1200,6213683,25431553.1500
2019-10-17,sz.000155,4.0700,4.0900,4.0200,4.0400,4.0600,4377283,17750406.4900
2019-10-18,sz.000155,4.0400,4.0600,3.9600,3.9900,4.0400,5024974,20149049.5200
2019-10-21,sz.000155,4.0000,4.0000,3.8400,3.9300,3.9900,8145700,31756209.0000
2019-10-22,sz.000155,3.9800,4.0100,3.9400,3.9800,3.9300,7206900,28683085.0000
2019-10-23,sz.000155,4.0000,4.0000,3.9000,3.9100,3.9800,6293401,24748820.9200
2019-10-24,sz.000155,3.9200,3.9500,3.9100,3.9300,3.9100,4496000,17662624.0000
2019-10-25,sz.000155,3.9500,3.9500,3.8700,3.9300,3.9300,4812601,18807667.9000
2019-10-28,sz.000155,3.9300,3.9800,3.9100,3.9800,3.9300,6352675,25056379.2700
2019-10-29,sz.000155,3.9700,3.9900,3.8900,3.8900,3.9800,6508000,25454711.0000
2019-10-30,sz.000155,3.8900,3.9000,3.8500,3.8600,3.8900,4480400,17324708.0000
2019-10-31,sz.000155,3.8500,3.8800,3.8000,3.8000,3.8600,4521425,17317785.2500
2019-11-01,sz.000155,3.8000,3.8400,3.7600,3.8200,3.8000,3356700,12772802.0000
2019-11-04,sz.000155,3.8400,3.8400,3.8000,3.8200,3.8200,3878500,14811154.0000
2019-11-05,sz.000155,3.8100,3.8700,3.7800,3.8700,3.8200,5871746,22479280.3800
2019-11-06,sz.000155,3.8600,3.8600,3.8100,3.8200,3.8700,5220783,19972733.9400
2019-11-07,sz.000155,3.8200,3.8400,3.7900,3.8200,3.8200,3791471,14451573.5100
2019-11-08,sz.000155,3.8300,3.8800,3.8300,3.8400,3.8200,3931305,15122346.1500
2019-11-11,sz.000155,3.8300,3.8700,3.7600,3.7700,3.8400,5225305,19885024.0000
2019-11-12,sz.000155,3.7600,3.7800,3.6500,3.7400,3.7700,5619664,20891747.9500
2019-11-13,sz.000155,3.7200,3.7400,3.6600,3.6800,3.7400,3668800,13544375.0000
2019-11-14,sz.000155,3.6800,3.7200,3.6800,3.7100,3.6800,3706700,13719261.0000
2019-11-15,sz.000155,3.7000,3.7700,3.6700,3.7600,3.7100,4468358,16699803.2300
2019-11-18,sz.000155,3.7800,3.7900,3.7400,3.7700,3.7600,3464500,13039537.0000
2019-11-19,sz.000155,3.7700,3.8200,3.7500,3.7900,3.7700,3660129,13852439.8700
2019-11-20,sz.000155,3.7800,3.8600,3.7800,3.8200,3.7900,5025466,19237907.4400
2019-11-21,sz.000155,3.8000,3.8400,3.7900,3.8200,3.8200,2796274,10662718.4600
2019-11-22,sz.000155,3.9300,4.1000,3.8700,3.8900,3.8200,22292184,88508435.6400
2019-11-25,sz.000155,3.8400,3.8700,3.7200,3.8100,3.8900,12913158,49042193.1800
2019-11-26,sz.000155,3.7800,3.8400,3.7800,3.8200,3.8100,4554700,17356528.0000
2019-11-27,sz.000155,3.8200,3.8900,3.7800,3.8500,3.8200,5527700,21247278.2600
2019-11-28,sz.000155,3.8600,4.0500,3.7500,3.8200,3.8500,18079474,70752208.9000
2019-11-29,sz.000155,3.8500,3.9400,3.8400,3.9300,3.8200,8313655,32402666.9500
2019-12-02,sz.000155,3.9300,4.0300,3.9200,3.9500,3.9300,9721133,38642442.0200
2019-12-03,sz.000155,3.9200,3.9700,3.9200,3.9500,3.9500,4989633,19698633.3500
2019-12-04,sz.000155,3.9500,3.9800,3.9300,3.9600,3.9500,5466333,21613489.0200
2019-12-05,sz.000155,3.9600,3.9800,3.9400,3.9700,3.9600,4693043,18607004.2800
2019-12-06,sz.000155,3.9700,3.9700,3.9000,3.9200,3.9700,5996056,23532214.9600
2019-12-09,sz.000155,3.9200,3.9600,3.8800,3.9000,3.9200,6439400,25200464.0000
2019-12-10,sz.000155,3.9000,3.9100,3.8600,3.9000,3.9000,4157344,16161315.2800
2019-12-11,sz.000155,3.9000,3.9500,3.8800,3.9100,3.9000,4913067,19275765.6300
2019-12-12,sz.000155,3.9300,4.0200,3.9100,3.9900,3.9100,10692340,42611983.3400
2019-12-13,sz.000155,3.9900,4.0300,3.9600,4.0100,3.9900,8565394,34309780.0600
2019-12-16,sz.000155,4.0200,4.0400,3.9800,4.0200,4.0100,8457100,33947328.0000
2019-12-17,sz.000155,4.0200,4.1000,4.0000,4.0500,4.0200,12983500,52667912.0500
2019-12-18,sz.000155,4.0500,4.2500,4.0300,4.1100,4.0500,20320400,84294689.0000
2019-12-19,sz.000155,4.0800,4.3000,4.0800,4.3000,4.1100,20427700,85847919.4800
2019-12-20,sz.000155,4.3800,4.7300,4.3000,4.6100,4.3000,69712715,316134374.0900
2019-12-23,sz.000155,4.4800,4.4900,4.1500,4.2000,4.6100,44387079,190805159.1200
2019-12-24,sz.000155,4.2000,4.4000,4.1400,4.2700,4.2000,24373706,103567188.7200
2019-12-25,sz.000155,4.2800,4.3000,4.1900,4.2700,4.2700,13939300,59017064.0000
2019-12-26,sz.000155,4.2600,4.3600,4.2400,4.2900,4.2700,15015718,64391284.3500
2019-12-27,sz.000155,4.2900,4.3200,4.1900,4.2300,4.2900,17109705,72956245.4000
2019-12-30,sz.000155,4.1600,4.2400,4.1200,4.2200,4.2300,13070110,54682494.9000
2019-12-31,sz.000155,4.2000,4.3900,4.2000,4.3300,4.2200,18208834,78703726.6000
2020-01-02,sz.000155,4.3800,4.3800,4.2900,4.3400,4.3300,16149506,70031530.8300
2020-01-03,sz.000155,4.3300,4.3500,4.2800,4.3400,4.3400,9678816,41763044.7600
2020-01-06,sz.000155,4.3500,4.5100,4.3200,4.4300,4.3400,26009088,115307348.5600
2020-01-07,sz.000155,4.4100,4.5000,4.3900,4.4300,4.4300,13642945,60494216.3200
2020-01-08,sz.000155,4.4400,4.6400,4.3900,4.4900,4.4300,27592785,124409963.2200
2020-01-09,sz.000155,4.5100,4.5600,4.4300,4.5000,4.4900,14848199,66562355.7900
2020-01-10,sz.000155,4.5000,4.5100,4.3700,4.4400,4.5000,14747300,65134641.0000
2020-01-13,sz.000155,4.4200,4.5100,4.4000,4.4300,4.4400,14676596,65185629.9200
2020-01-14,sz.000155,4.4600,4.8500,4.4200,4.7000,4.4300,58478549,272532547.3300
2020-01-15,sz.000155,4.7300,4.9800,4.5400,4.7800,4.7000,50933031,242475800.2600
2020-01-16,sz.000155,4.7600,4.9200,4.6700,4.8300,4.7800,34976848,167940018.8700
2020-01-17,sz.000155,4.8300,5.1500,4.7700,5.0200,4.8300,47968366,239445045.7800
2020-01-20,sz.000155,5.0100,5.2900,5.0100,5.2400,5.0200,46718774,241849607.0200
2020-01-21,sz.000155,5.2300,5.3300,5.0900,5.1700,5.2400,43115447,225518412.8600
2020-01-22,sz.000155,5.1000,5.1400,4.8100,5.0500,5.1700,33275152,167136006.1400
2020-01-23,sz.000155,4.9900,5.0700,4.6200,4.7300,5.0500,37584565,181652323.5500
2020-02-03,sz.000155,4.2600,4.2600,4.2600,4.2600,4.7300,1899000,8089740.0000
2020-02-04,sz.000155,3.9100,4.6100,3.9100,4.4900,4.2600,46109799,199703233.0200
2020-02-05,sz.000155,4.5300,4.8300,4.4500,4.5400,4.4900,34959525,161617189.6400
2020-02-06,sz.000155,4.4700,4.6800,4.4500,4.6400,4.5400,22161678,102089079.6400
2020-02-07,sz.000155,4.5700,4.6700,4.4900,4.5800,4.6400,22883443,104494927.2600
2020-02-10,sz.000155,4.5300,4.8400,4.4800,4.8100,4.5800,32050649,151764510.2200
2020-02-11,sz.000155,4.8900,4.9100,4.6700,4.7100,4.8100,27288599,129922515.4300
2020-02-12,sz.000155,4.6500,5.1300,4.6500,4.9900,4.7100,38075029,188025616.3400
2020-02-13,sz.000155,5.0100,5.0600,4.8500,4.9100,4.9900,32881777,162943557.4400
2020-02-14,sz.000155,4.8900,4.9900,4.8300,4.9400,4.9100,25689210,126292486.0200
2020-02-17,sz.000155,4.9000,5.0400,4.8800,5.0400,4.9400,28670396,142198018.6500
2020-02-18,sz.000155,5.0200,5.1900,4.9900,5.0700,5.0400,23681986,120618528.6700
2020-02-19,sz.000155,5.1700,5.3500,4.8800,4.8900,5.0700,41633200,212167883.0100
2020-02-20,sz.000155,5.0000,5.0400,4.8800,4.9600,4.8900,23158377,114573887.1400
2020-02-21,sz.000155,4.9600,4.9700,4.8000,4.8700,4.9600,30250940,147790045.6000
2020-02-24,sz.000155,4.8100,4.8100,4.6200,4.7100,4.8700,44139494,206835999.0600
2020-02-25,sz.000155,4.6000,4.8200,4.5300,4.7900,4.7100,33540501,156231205.5900
2020-02-26,sz.000155,4.7000,4.7500,4.6000,4.6500,4.7900,22014145,103165459.1500
2020-02-27,sz.000155,4.6800,4.7300,4.6200,4.6800,4.6500,13359628,62529898.0400
2020-02-28,sz.000155,4.5100,4.6100,4.4300,4.4900,4.6800,19046253,85963673.8500
2020-03-02,sz.000155,4.5000,4.6500,4.4600,4.6100,4.4900,15323669,70059161.0400
2020-03-03,sz.000155,4.6600,4.7200,4.5500,4.5800,4.6100,19837034,92132455.0900
2020-03-04,sz.000155,4.5500,4.6200,4.5000,4.6200,4.5800,14206981,64668834.1600
2020-03-05,sz.000155,4.6500,4.6800,4.6000,4.6700,4.6200,18930610,88034734.8200
2020-03-06,sz.000155,4.6000,4.6500,4.5900,4.6000,4.6700,13000931,59979028.4700
2020-03-09,sz.000155,4.5500,4.5500,4.2800,4.2900,4.6000,22923926,101153722.1100
2020-03-10,sz.000155,4.2600,4.3700,4.1600,4.3700,4.2900,17497841,74654929.0500
2020-03-11,sz.000155,4.3800,4.3900,4.2800,4.2800,4.3700,10573306,45914231.1600
2020-03-12,sz.000155,4.2700,4.2700,4.1200,4.1700,4.2800,15381834,64248976.9400
2020-03-13,sz.000155,3.9700,4.1300,3.9100,4.1000,4.1700,17830035,71702476.7800
2020-03-16,sz.000155,4.1100,4.1900,3.9700,3.9800,4.1000,13955906,57076359.8400
2020-03-17,sz.000155,4.0200,4.1400,3.9100,4.1300,3.9800,13345566,53670803.3500
2020-03-18,sz.000155,4.1200,4.1800,4.0200,4.0300,4.1300,10307900,42402463.0000
2020-03-19,sz.000155,4.0100,4.0800,3.9300,4.0800,4.0300,10241801,40954444.0300
2020-03-20,sz.000155,4.0800,4.1300,4.0300,4.0800,4.0800,7316521,29799977.2500
2020-03-23,sz.000155,3.9800,4.0200,3.9400,3.9400,4.0800,7135700,28339272.0000
2020-03-24,sz.000155,3.9900,4.0500,3.9100,4.0400,3.9400,10237461,40833041.7600
2020-03-25,sz.000155,4.1000,4.1100,4.0500,4.0900,4.0400,8747265,35692279.8600
2020-03-26,sz.000155,4.0500,4.0700,4.0100,4.0300,4.0900,6285604,25385470.5000
2020-03-27,sz.000155,4.0800,4.1000,4.0100,4.0200,4.0300,5503072,22248526.3200
2020-03-30,sz.000155,3.9900,3.9900,3.9100,3.9500,4.0200,6642795,26110653.6500
2020-03-31,sz.000155,3.9600,3.9900,3.9300,3.9400,3.9500,4904000,19407991.0000
2020-04-01,sz.000155,3.9300,4.0300,3.9200,3.9500,3.9400,8272196,32794586.1500
2020-04-02,sz.000155,3.9200,4.0000,3.9100,4.0000,3.9500,7694901,30367857.9800
2020-04-03,sz.000155,3.9800,4.0000,3.9300,3.9300,4.0000,5578200,22050257.0000
2020-04-07,sz.000155,3.9800,4.0400,3.9500,4.0200,3.9300,10337396,41356266.1400
2020-04-08,sz.000155,4.0200,4.0400,3.9900,4.0200,4.0200,5633500,22607532.0000
2020-04-09,sz.000155,4.0100,4.0600,4.0100,4.0500,4.0200,6742373,27247200.1900
2020-04-10,sz.000155,4.0600,4.0600,3.9300,3.9300,4.0500,7704007,30772567.5100
2020-04-13,sz.000155,3.9200,3.9300,3.8300,3.8600,3.9300,6784200,26239761.0000
2020-04-14,sz.000155,3.8900,4.0600,3.8700,4.0500,3.8600,12617473,50411563.5600
2020-04-15,sz.000155,4.0500,4.0600,3.9800,3.9900,4.0500,5767250,23173319.3600
2020-04-16,sz.000155,3.9800,4.0100,3.9500,3.9800,3.9900,4353600,17327515.0000
2020-04-17,sz.000155,4.0300,4.0300,3.9600,3.9700,3.9800,5523513,22072459.4800
2020-04-20,sz.000155,3.9800,3.9900,3.9500,3.9800,3.9700,4199855,16652900.8000
2020-04-21,sz.000155,3.9600,3.9600,3.9000,3.9400,3.9800,6273799,24601733.0600
2020-04-22,sz.000155,3.9000,3.9800,3.8900,3.9500,3.9400,5945899,23383608.0900
2020-04-23,sz.000155,3.9800,3.9800,3.9100,3.9400,3.9500,6913200,27209402.0000
2020-04-24,sz.000155,3.9100,3.9300,3.8600,3.8900,3.9400,6572601,25571971.9100
2020-04-27,sz.000155,3.8800,3.9000,3.7900,3.7900,3.8900,7501400,28801422.0000
2020-04-28,sz.000155,3.7900,3.7900,3.5500,3.6700,3.7900,11513784,42189536.9900
2020-04-29,sz.000155,3.6400,3.7500,3.6300,3.7200,3.6700,6421901,23804225.6400
2020-04-30,sz.000155,3.7600,3.9100,3.7500,3.9000,3.7200,9639500,36977558.0900
2020-05-06,sz.000155,3.8500,3.9500,3.8000,3.9300,3.9000,7084900,27675885.0000
2020-05-07,sz.000155,3.9300,3.9400,3.8400,3.8500,3.9300,5936753,23036351.5000
2020-05-08,sz.000155,3.8800,3.9400,3.8400,3.9000,3.8500,7597336,29576636.8000
2020-05-11,sz.000155,3.8900,3.9200,3.8500,3.8700,3.9000,6296200,24426889.7000
2020-05-12,sz.000155,3.8700,3.8700,3.7900,3.8100,3.8700,5659800,21614968.7000
2020-05-13,sz.000155,3.8000,3.8400,3.7700,3.8300,3.8100,4262960,16280959.1900
2020-05-14,sz.000155,3.8100,3.8100,3.7700,3.7800,3.8300,4538900,17182374.0700
2020-05-15,sz.000155,3.8000,3.8200,3.7800,3.7900,3.7800,3510000,13321152.0700
2020-05-18,sz.000155,3.8300,3.8600,3.7800,3.8400,3.7900,5324628,20358832.2400
2020-05-19,sz.000155,3.8800,3.9000,3.8500,3.8700,3.8400,4485600,17362992.0000
2020-05-20,sz.000155,3.8700,3.9000,3.8000,3.8200,3.8700,8411200,32453659.0000
2020-05-21,sz.000155,3.8100,3.8400,3.7400,3.7600,3.8200,6257400,23735219.0000
2020-05-22,sz.000155,3.7900,3.7900,3.6800,3.7400,3.7600,5500560,20455435.0000
2020-05-25,sz.000155,3.7400,3.7400,3.7400,3.7400,3.7400,0,0.0000
2020-05-26,sz.000155,3.7400,3.7400,3.7400,3.7400,3.7400,0,0.0000
2020-05-27,sz.000155,3.7400,3.7400,3.7400,3.7400,3.7400,0,0.0000
2020-05-28,sz.000155,3.7400,3.7400,3.7400,3.7400,3.7400,0,0.0000
2020-05-29,sz.000155,3.7400,3.7400,3.7400,3.7400,3.7400,0,0.0000
2020-06-01,sz.000155,3.7400,3.7400,3.7400,3.7400,3.7400,0,0.0000
2020-06-02,sz.000155,3.7400,3.7400,3.7400,3.7400,3.7400,0,0.0000
2020-06-03,sz.000155,3.7400,3.7400,3.7400,3.7400,3.7400,0,0.0000
2020-06-04,sz.000155,3.7400,3.7400,3.7400,3.7400,3.7400,0,0.0000
2020-06-05,sz.000155,3.7400,3.7400,3.7400,3.7400,3.7400,0,0.0000
2020-06-08,sz.000155,4.1100,4.1100,4.1100,4.1100,3.7400,878185,3609340.3500
2020-06-09,sz.000155,4.5200,4.5200,4.1900,4.2400,4.1100,58267872,255262389.4600
2020-06-10,sz.000155,4.0100,4.0800,3.9400,4.0100,4.2400,27424865,110134138.2300
2020-06-11,sz.000155,3.9400,4.2800,3.9400,4.1800,4.0100,29486042,122396651.3200
2020-06-12,sz.000155,4.1000,4.1400,4.0500,4.0900,4.1800,15099400,61831692.0100
2020-06-15,sz.000155,4.0900,4.3000,4.0300,4.2400,4.0900,23530041,98890896.1200
2020-06-16,sz.000155,4.2800,4.3100,4.1700,4.2200,4.2400,14645934,61771799.4600
2020-06-17,sz.000155,4.2300,4.2500,4.1000,4.1600,4.2200,13702045,57071683.4400
2020-06-18,sz.000155,4.1700,4.2700,4.1300,4.2700,4.1600,11705603,49014111.5000
2020-06-19,sz.000155,4.2400,4.7000,4.2000,4.7000,4.2700,36226568,163322357.3800
2020-06-22,sz.000155,5.1700,5.1700,5.1700,5.1700,4.7000,7929401,40995003.1700
2020-06-23,sz.000155,5.3000,5.6900,5.1100,5.1700,5.1700,120921182,650367117.3400
2020-06-24,sz.000155,4.9500,5.1500,4.8000,4.8000,5.1700,64477576,318451362.2800
2020-06-29,sz.000155,5.0000,5.2100,4.9000,4.9100,4.8000,44284364,222503818.2800
2020-06-30,sz.000155,4.9300,5.0000,4.8000,4.9300,4.9100,28827706,141329224.2200
2020-07-01,sz.000155,4.9400,5.0200,4.7700,5.0200,4.9300,30268770,147568931.0000
2020-07-02,sz.000155,5.0800,5.5200,5.0700,5.3800,5.0200,66608912,353836667.3800
2020-07-03,sz.000155,5.3000,5.4500,5.2500,5.2700,5.3800,38066288,202078265.7200
2020-07-06,sz.000155,5.2200,5.5100,5.1800,5.4200,5.2700,43713022,232481253.6200
2020-07-07,sz.000155,5.4800,5.7900,5.4800,5.5600,5.4200,47815554,270752587.8200
2020-07-08,sz.000155,5.6500,5.7400,5.4200,5.5900,5.5600,37555413,208631560.2100
2020-07-09,sz.000155,5.6000,5.6300,5.4800,5.6100,5.5900,31891180,177183816.0200
2020-07-10,sz.000155,5.5900,5.5900,5.3500,5.3700,5.6100,32176001,174640119.3000
2020-07-13,sz.000155,5.4400,5.6900,5.3800,5.6300,5.3700,43107865,238690622.2000
2020-07-14,sz.000155,5.6000,6.0600,5.5500,5.8000,5.6300,48902337,283627237.5000
2020-07-15,sz.000155,5.8000,5.8500,5.4100,5.4600,5.8000,35881193,199419681.6600
2020-07-16,sz.000155,5.4500,5.5500,5.1000,5.1700,5.4600,27530189,146469703.9500
2020-07-17,sz.000155,5.2100,5.2600,5.0600,5.1800,5.1700,16184599,83368220.8500
2020-07-20,sz.000155,5.2300,5.4700,5.2300,5.4200,5.1800,20903896,112199124.2400
2020-07-21,sz.000155,5.4300,5.6000,5.4000,5.4600,5.4200,20919898,114503130.2800
2020-07-22,sz.000155,5.4500,5.4500,5.3300,5.3500,5.4600,18514938,99736176.1600
2020-07-23,sz.000155,5.3600,5.4100,5.0900,5.4000,5.3500,22475650,117174167.0000
2020-07-24,sz.000155,5.4300,5.4500,5.0800,5.0800,5.4000,19028291,99375702.8800
2020-07-27,sz.000155,5.1000,5.1700,5.0000,5.1000,5.0800,15748419,80135835.5800
2020-07-28,sz.000155,5.1000,5.2500,5.1000,5.2300,5.1000,14933918,77703800.8000
2020-07-29,sz.000155,5.2000,5.3200,5.1500,5.3100,5.2300,15461414,81236141.2000
2020-07-30,sz.000155,5.3700,5.3700,5.2200,5.2600,5.3100,11586600,61150036.0000
2020-07-31,sz.000155,5.3300,5.6500,5.3300,5.5100,5.2600,40803924,224973104.2100
2020-08-03,sz.000155,5.4900,5.6700,5.4600,5.5800,5.5100,25723104,143771170.4400
2020-08-04,sz.000155,5.5700,5.6100,5.4700,5.6000,5.5800,16918393,93486818.0700
2020-08-05,sz.000155,5.5500,5.5500,5.3500,5.5100,5.6000,18499176,100833313.1600
2020-08-06,sz.000155,5.6000,5.6600,5.4200,5.5600,5.5100,22044648,122190688.0000
2020-08-07,sz.000155,5.5000,5.5000,5.2400,5.3900,5.5600,19464801,104823800.8800
2020-08-10,sz.000155,5.3300,5.4100,5.2700,5.3000,5.3900,11382589,60579087.2700
2020-08-11,sz.000155,5.3500,5.3500,5.1100,5.1500,5.3000,16596145,86809564.1500
2020-08-12,sz.000155,5.1600,5.1800,4.9100,5.1700,5.1500,23291285,117773323.6500
2020-08-13,sz.000155,5.1900,5.2100,5.1000,5.1300,5.1700,13494801,69529419.1400
2020-08-14,sz.000155,5.1100,5.1800,5.0000,5.1500,5.1300,15356450,78154175.0000
2020-08-17,sz.000155,5.1700,5.2600,5.1200,5.2300,5.1500,14402974,74843489.3000
2020-08-18,sz.000155,5.2200,5.4000,5.1800,5.3700,5.2300,20676174,110301569.4200
2020-08-19,sz.000155,5.3800,5.4400,5.2600,5.3100,5.3700,19268000,102788738.0000
2020-08-20,sz.000155,5.2700,5.2800,5.0900,5.1500,5.3100,14800200,76604103.0000
2020-08-21,sz.000155,5.1600,5.2000,5.0900,5.1800,5.1500,11047600,56901043.0000
2020-08-24,sz.000155,5.1800,5.2700,5.1300,5.2700,5.1800,10072304,52397387.9200
2020-08-25,sz.000155,5.2600,5.2700,5.1200,5.1500,5.2700,9555800,49456663.0000
2020-08-26,sz.000155,5.1300,5.1300,4.9500,4.9700,5.1500,14574900,73335348.0000
2020-08-27,sz.000155,4.9800,5.0600,4.9400,5.0500,4.9700,6386544,31952969.7600
2020-08-28,sz.000155,5.0000,5.0300,4.9200,4.9800,5.0500,9784330,48489332.5000
2020-08-31,sz.000155,5.0000,5.0300,4.9000,4.9000,4.9800,12208301,60426260.9000
2020-09-01,sz.000155,4.9100,4.9600,4.8000,4.9500,4.9000,9093537,44300987.3300
2020-09-02,sz.000155,4.9400,4.9800,4.8500,4.8900,4.9500,7912900,38800007.0000
2020-09-03,sz.000155,4.8900,4.9300,4.8300,4.8500,4.8900,7217251,35201129.8500
2020-09-04,sz.000155,4.7900,4.9100,4.7000,4.8900,4.8500,9728550,46809211.5000
2020-09-07,sz.000155,4.8500,4.9200,4.7400,4.7800,4.8900,8545901,41283114.8900
2020-09-08,sz.000155,4.7700,4.8400,4.7100,4.8300,4.7800,8251106,39498711.2600
2020-09-09,sz.000155,4.7700,4.8300,4.7400,4.7700,4.8300,9600107,45878320.3200
2020-09-10,sz.000155,4.8100,4.8400,4.6000,4.6300,4.7700,9556911,45014955.0200
2020-09-11,sz.000155,4.6600,4.6900,4.5700,4.6700,4.6300,5477320,25375138.2000
2020-09-14,sz.000155,4.7100,4.8500,4.6500,4.7000,4.6700,6748400,31837825.0000
2020-09-15,sz.000155,4.6900,4.7800,4.6500,4.7800,4.7000,8424873,39828128.7700
2020-09-16,sz.000155,4.7600,4.7900,4.7100,4.7600,4.7800,6592610,31313046.3000
2020-09-17,sz.000155,4.7600,4.7800,4.7000,4.7600,4.7600,4740400,22487287.0000
2020-09-18,sz.000155,4.7600,4.8600,4.7400,4.8400,4.7600,9805024,47182921.2000
2020-09-21,sz.000155,4.8900,4.8900,4.8000,4.8300,4.8400,7677020,37224601.8000
2020-09-22,sz.000155,4.7800,4.8300,4.7200,4.7400,4.8300,6387000,30506033.0000
2020-09-23,sz.000155,4.7400,4.7900,4.7100,4.7400,4.7400,6415751,30502350.2300
2020-09-24,sz.000155,4.7300,4.7600,4.5000,4.5400,4.7400,10739852,49611833.3200
2020-09-25,sz.000155,4.5600,4.6000,4.4300,4.4600,4.5400,5413572,24327726.1200
2020-09-28,sz.000155,4.4900,4.6700,4.4400,4.5100,4.4600,9132100,41503569.6400
2020-09-29,sz.000155,4.6000,4.7100,4.5500,4.6100,4.5100,9977100,46379011.0000
2020-09-30,sz.000155,4.6500,4.6700,4.5800,4.6300,4.6100,5948510,27498409.2200
2020-10-09,sz.000155,4.7000,4.9300,4.6900,4.8500,4.6300,12801998,61817767.6800
2020-10-12,sz.000155,4.8800,4.9300,4.8500,4.8700,4.8500,12666644,61813812.7100
2020-10-13,sz.000155,4.8500,4.8800,4.8000,4.8600,4.8700,9981466,48318986.4600
2020-10-14,sz.000155,4.8600,5.0500,4.7600,4.9500,4.8600,21157572,104088572.2900
2020-10-15,sz.000155,4.9100,5.0000,4.8100,4.8500,4.9500,12206760,59777531.7000
2020-10-16,sz.000155,4.8300,4.8600,4.7700,4.8500,4.8500,6375208,30712290.4000
2020-10-19,sz.000155,4.8500,5.0900,4.8400,4.9500,4.8500,18428600,92051187.9100
2020-10-20,sz.000155,4.9000,4.9400,4.8300,4.9100,4.9500,12198139,59548298.1400
2020-10-21,sz.000155,4.9200,4.9200,4.7800,4.8100,4.9100,7831201,37788454.8000
2020-10-22,sz.000155,4.8000,4.9300,4.7500,4.8500,4.8100,8080901,39148704.8700
2020-10-23,sz.000155,4.8200,4.9700,4.7800,4.8700,4.8500,12826543,62702539.9800
2020-10-26,sz.000155,4.8400,4.8900,4.8000,4.8500,4.8700,8621009,41674488.2100
2020-10-27,sz.000155,4.8100,5.2800,4.8100,5.1800,4.8500,41578156,213284447.8800
2020-10-28,sz.000155,5.1900,5.2900,5.1300,5.1800,5.1800,29775250,154917953.9200
2020-10-29,sz.000155,5.1400,5.2600,5.1100,5.1300,5.1800,23335750,120864335.0000
2020-10-30,sz.000155,5.1000,5.2600,5.0800,5.1600,5.1300,21356573,110445050.4000
2020-11-02,sz.000155,5.1600,5.3000,5.1000,5.3000,5.1600,27986413,146232416.3200
2020-11-03,sz.000155,5.3300,5.5800,5.2800,5.3100,5.3000,29558789,159409663.9300
2020-11-04,sz.000155,5.3000,5.4100,5.1300,5.2200,5.3100,21180500,111444931.0000
2020-11-05,sz.000155,5.2800,5.6300,5.2100,5.6100,5.2200,48769957,267852915.2700
2020-11-06,sz.000155,5.6000,5.7800,5.3800,5.4900,5.6100,41762819,231667070.7900
2020-11-09,sz.000155,5.4900,5.7600,5.4500,5.6700,5.4900,36817044,205786471.3600
2020-11-10,sz.000155,5.6700,5.7900,5.5000,5.6100,5.6700,25601870,143754400.1400
2020-11-11,sz.000155,5.6100,5.7200,5.5100,5.6900,5.6100,27032029,152240500.4300
2020-11-12,sz.000155,5.6700,6.0300,5.6000,5.8000,5.6900,43439005,252011718.7500
2020-11-13,sz.000155,6.3800,6.3800,6.3800,6.3800,5.8000,6705000,42777900.0000
2020-11-16,sz.000155,6.8000,7.0200,6.4900,7.0200,6.3800,97015767,659433347.7300
2020-11-17,sz.000155,7.0200,7.7200,6.9500,7.5000,7.0200,147868124,1085905637.2100
2020-11-18,sz.000155,7.6800,8.2400,7.2000,7.6000,7.5000,148515525,1145032601.4500
2020-11-19,sz.000155,7.6000,7.6100,7.0300,7.2300,7.6000,101395692,732207803.0700
2020-11-20,sz.000155,7.2000,7.4800,7.0400,7.2400,7.2300,100460748,730078595.8100
2020-11-23,sz.000155,7.2900,7.8600,7.1200,7.4200,7.2400,113352012,844184577.5500
2020-11-24,sz.000155,7.4900,7.8600,7.3500,7.5300,7.4200,105877352,799683340.6300
2020-11-25,sz.000155,7.4100,8.0800,7.2200,7.6900,7.5300,98800095,749988639.6000
2020-11-26,sz.000155,7.6200,7.6800,7.3600,7.6600,7.6900,63382143,476453776.1500
2020-11-27,sz.000155,7.6000,7.6000,6.8900,7.1600,7.6600,96122233,680595498.6100
2020-11-30,sz.000155,7.1000,7.1700,6.7500,6.9600,7.1600,45102251,314544651.5900
2020-12-01,sz.000155,6.9000,7.0600,6.7700,6.8000,6.9600,43538720,299173516.6000
2020-12-02,sz.000155,6.8600,6.8600,6.4400,6.4800,6.8000,58630495,387619133.2500
2020-12-03,sz.000155,6.4900,6.5000,6.3000,6.3300,6.4800,36369043,231626097.7000
2020-12-04,sz.000155,6.3200,6.6400,6.2800,6.4600,6.3300,45723623,295167421.0800
2020-12-07,sz.000155,6.6000,6.6600,6.4200,6.5500,6.4600,45888054,300874411.8000
2020-12-08,sz.000155,6.4800,6.6300,6.2000,6.5600,6.5500,64213935,414307093.8600
2020-12-09,sz.000155,6.5200,6.7000,6.2400,6.2600,6.5600,41734700,270508655.9800
2020-12-10,sz.000155,6.1200,6.3900,5.9400,6.3700,6.2600,41598974,255755193.2000
2020-12-11,sz.000155,6.2900,6.4400,6.0600,6.3000,6.3700,33791317,211260346.2800
2020-12-14,sz.000155,6.3000,6.3800,6.2500,6.3600,6.3000,22610240,143040178.7200
2020-12-15,sz.000155,6.3600,6.4100,6.0700,6.3600,6.3600,35162243,219344437.0200
2020-12-16,sz.000155,6.3100,6.3600,6.1300,6.1900,6.3600,30422001,189259106.2100
2020-12-17,sz.000155,6.2000,6.8100,6.1800,6.8100,6.1900,79039407,522219245.7300
2020-12-18,sz.000155,7.0000,7.4700,6.9900,7.1400,6.8100,115247923,825062225.6000
2020-12-21,sz.000155,7.1300,7.8500,6.8900,7.6000,7.1400,109446713,806108418.4900
2020-12-22,sz.000155,7.5000,8.3600,7.4100,8.0200,7.6000,172213197,1383111924.2900
2020-12-23,sz.000155,8.1800,8.7800,7.9800,8.0000,8.0200,149927789,1237782684.9600
2020-12-24,sz.000155,7.9900,8.2200,7.7700,7.9500,8.0000,95732543,763010609.7400
2020-12-25,sz.000155,7.8000,8.4500,7.6200,8.3300,7.9500,108078642,878935372.6800
2020-12-28,sz.000155,8.4700,8.6700,8.1000,8.3500,8.3300,104724982,875150812.2300
2020-12-29,sz.000155,8.2300,8.2500,7.5200,7.5200,8.3500,96995596,747373943.8400
2020-12-30,sz.000155,7.8100,8.2700,7.7700,8.1000,7.5200,165848476,1347475883.2000
2020-12-31,sz.000155,8.0200,8.4000,7.8000,8.3000,8.1000,144331476,1169610988.4000
2021-01-04,sz.000155,8.5600,8.7800,8.2500,8.5700,8.3000,128539636,1101731985.3200
2021-01-05,sz.000155,8.7000,9.4300,8.6600,9.4300,8.5700,133199786,1229460118.9800
2021-01-06,sz.000155,10.3700,10.3700,9.0100,9.5300,9.4300,187699596,1808996329.0800
2021-01-07,sz.000155,9.7700,10.4200,9.4300,10.0400,9.5300,158632002,1576538071.7700
2021-01-08,sz.000155,9.9100,9.9500,9.0400,9.6500,10.0400,121398077,1155359423.6900
2021-01-11,sz.000155,9.8000,9.9400,8.6900,8.6900,9.6500,126522110,1161160914.7600
2021-01-12,sz.000155,8.9100,9.5600,8.9100,9.5600,8.6900,104281472,971149976.5200
2021-01-13,sz.000155,10.0900,10.5200,9.9600,10.2500,9.5600,188980481,1955970970.0400
2021-01-14,sz.000155,10.2200,11.2800,10.2200,10.5500,10.2500,203910140,2207731903.4500
2021-01-15,sz.000155,10.1200,11.6100,9.9100,11.6100,10.5500,173216524,1854024451.4000
2021-01-18,sz.000155,12.4400,12.7700,12.1800,12.7700,11.6100,89930849,1136810170.8000
2021-01-19,sz.000155,13.5000,14.0500,12.4100,12.8400,12.7700,228336354,3066076472.8900
2021-01-20,sz.000155,12.6600,14.1200,12.4100,14.1200,12.8400,201588606,2660610386.2500
2021-01-21,sz.000155,13.7000,15.3000,13.3500,14.0200,14.1200,203620041,2894997431.2800
2021-01-22,sz.000155,13.8200,15.4200,13.8200,15.4200,14.0200,178477639,2659655504.1600
2021-01-25,sz.000155,15.5000,16.7900,15.2000,15.9400,15.4200,231823866,3715567707.0900
2021-01-26,sz.000155,15.6300,17.5300,15.1000,17.1300,15.9400,204109433,3367484621.4100
2021-01-27,sz.000155,16.8200,17.4800,15.8700,16.8000,17.1300,184700798,3100970447.0000
2021-01-28,sz.000155,16.0100,16.7800,15.1200,15.1200,16.8000,185423804,2913254004.3600
2021-01-29,sz.000155,15.6100,16.1700,14.1500,15.6300,15.1200,189270726,2903537596.6700
2021-02-01,sz.000155,15.5600,15.7100,14.2500,14.4200,15.6300,147404644,2197156856.0500
2021-02-02,sz.000155,14.3100,15.8600,14.2000,15.8600,14.4200,185022693,2798005900.2600
2021-02-03,sz.000155,16.1100,17.1900,15.7100,16.5100,15.8600,206321539,3409299106.5600
2021-02-04,sz.000155,16.2500,16.8000,14.8800,15.6000,16.5100,169457204,2660283121.4600
2021-02-05,sz.000155,15.6500,15.6500,14.0400,14.0400,15.6000,140150727,2047049410.0700
2021-02-08,sz.000155,14.1100,14.4800,13.5400,14.1100,14.0400,120383206,1703512354.7000
2021-02-09,sz.000155,14.0600,15.5200,13.6800,15.5200,14.1100,171033969,2551735316.8800
2021-02-10,sz.000155,15.4000,15.4800,14.3300,15.1000,15.5200,152219668,2275884991.0100
2021-02-18,sz.000155,15.7800,15.9600,14.3300,15.5000,15.1000,161697399,2470996532.0300
2021-02-19,sz.000155,14.9000,14.9600,13.9500,14.4100,15.5000,139003995,1998136499.8200
2021-02-22,sz.000155,14.5200,15.6000,14.3000,14.7200,14.4100,155581459,2342713701.7000
2021-02-23,sz.000155,14.0000,14.0600,13.2600,13.5000,14.7200,133375280,1818106691.8600
2021-02-24,sz.000155,13.3000,13.4600,12.3000,12.6000,13.5000,111073339,1421340585.3700
2021-02-25,sz.000155,12.8000,12.8700,12.2500,12.3000,12.6000,73831868,923969048.7100
2021-02-26,sz.000155,11.7800,12.1500,11.6800,11.8100,12.3000,69322851,823587103.7500
2021-03-01,sz.000155,12.0100,12.3000,11.8500,12.2100,11.8100,59246655,717381605.0000
2021-03-02,sz.000155,12.2000,12.2000,11.5500,11.7200,12.2100,63478967,750228802.3100
2021-03-03,sz.000155,11.7100,12.8900,11.5500,12.7200,11.7200,138764048,1732095679.2600
2021-03-04,sz.000155,12.1000,12.4000,11.8400,11.9700,12.7200,93988613,1134095907.3900
2021-03-05,sz.000155,11.7800,12.4900,11.6200,12.0800,11.9700,74389156,907780616.0100
2021-03-08,sz.000155,11.9000,12.3300,11.7000,11.8200,12.0800,68845163,829892650.9400
2021-03-09,sz.000155,11.9500,11.9800,10.6400,11.3000,11.8200,80156702,904972526.0800
2021-03-10,sz.000155,11.6600,11.7900,11.1500,11.3100,11.3000,59966270,685061071.5600
2021-03-11,sz.000155,11.0000,11.6800,10.9100,11.5000,11.3100,66037018,750491047.5500
2021-03-12,sz.000155,11.5600,11.6600,11.0600,11.3300,11.5000,62040077,702519370.5500
2021-03-15,sz.000155,11.4700,12.2000,11.3800,11.6500,11.3300,95275120,1124189340.0700
2021-03-16,sz.000155,11.5000,11.6300,11.0000,11.2400,11.6500,63517423,713412905.8900
2021-03-17,sz.000155,11.3000,11.8800,11.1500,11.6300,11.2400,80454901,936137593.1100
2021-03-18,sz.000155,11.6100,12.1300,11.5100,11.7800,11.6300,74707321,883193180.8700
2021-03-19,sz.000155,11.3500,11.6300,11.1600,11.5000,11.7800,55979421,638337508.6800
2021-03-22,sz.000155,11.5300,12.5800,11.3600,12.1600,11.5000,97596335,1166910904.5000
2021-03-23,sz.000155,12.1000,12.1000,11.3100,11.4800,12.1600,75473479,880883780.2300
2021-03-24,sz.000155,11.2700,11.7600,11.2400,11.5200,11.4800,53728078,618508985.9000
2021-03-25,sz.000155,11.5000,11.5000,10.9800,11.0700,11.5200,50189582,560608935.5400
2021-03-26,sz.000155,11.1500,11.9100,11.0100,11.7600,11.0700,93012485,1080900207.7400
2021-03-29,sz.000155,11.7100,12.1000,11.6100,11.7800,11.7600,76186498,904772544.1200
2021-03-30,sz.000155,11.8300,12.6100,11.5100,12.3600,11.7800,100481766,1219905825.4800
2021-03-31,sz.000155,12.1600,12.8800,12.0700,12.3400,12.3600,88940999,1108992705.0100
2021-04-01,sz.000155,12.3400,12.5700,11.9000,12.2000,12.3400,66632848,811215181.7100
2021-04-02,sz.000155,12.1400,12.1700,11.6300,11.9400,12.2000,51465633,611755427.4400
2021-04-06,sz.000155,11.9400,12.2900,11.8200,11.8800,11.9400,41410764,496509005.6300
2021-04-07,sz.000155,11.9000,12.0300,11.5700,11.6800,11.8800,42458901,496974188.6900
2021-04-08,sz.000155,11.5100,11.6900,11.2100,11.3300,11.6800,44853121,509314730.0400
2021-04-09,sz.000155,11.4300,11.9500,11.2000,11.4700,11.3300,54271222,627409757.8200
2021-04-12,sz.000155,11.2900,11.3800,10.6700,10.8400,11.4700,53672043,590780815.0600
2021-04-13,sz.000155,10.7300,10.9000,10.3300,10.4000,10.8400,38860300,409202285.0000
2021-04-14,sz.000155,10.5000,11.0500,10.3700,10.9600,10.4000,59992422,644795236.3200
2021-04-15,sz.000155,10.8500,10.8500,10.3700,10.5000,10.9600,45863624,483830929.7100
2021-04-16,sz.000155,10.5000,10.6500,10.3600,10.5600,10.5000,28987154,304116998.7000
2021-04-19,sz.000155,10.6000,11.5800,10.5100,11.4200,10.5600,92868415,1041122365.6600
2021-04-20,sz.000155,11.3000,12.3500,11.1200,12.0300,11.4200,116894807,1375406394.0700
2021-04-21,sz.000155,11.9900,12.6800,11.7800,12.3700,12.0300,109626355,1337536450.5400
2021-04-22,sz.000155,12.5100,13.4700,12.3300,12.6600,12.3700,132478221,1701870921.4600
2021-04-23,sz.000155,12.3300,13.1500,12.3300,12.8200,12.6600,112274365,1434696834.3500
2021-04-26,sz.000155,12.6300,13.0500,12.3100,12.5000,12.8200,88903669,1123851620.1900
2021-04-27,sz.000155,12.4700,12.5100,11.6700,12.0200,12.5000,80614595,968163907.0900
2021-04-28,sz.000155,12.1000,12.6500,11.8400,12.2000,12.0200,73960333,909436320.6000
2021-04-29,sz.000155,12.1900,12.6700,11.8500,12.3300,12.2000,90886865,1115663049.8300
2021-04-30,sz.000155,12.2400,13.4500,12.0100,13.0700,12.3300,129319774,1662764821.8800
2021-05-06,sz.000155,13.1900,14.3800,12.8300,14.3800,13.0700,184156366,2520963152.5000
2021-05-07,sz.000155,14.2000,14.8100,13.9500,14.1100,14.3800,149818951,2154840672.7300
2021-05-10,sz.000155,14.0000,15.5200,13.9600,15.3900,14.1100,154944791,2332464723.5900
2021-05-11,sz.000155,14.9300,14.9300,13.8500,14.2600,15.3900,142788837,2046369556.8500
2021-05-12,sz.000155,14.5100,14.9800,14.0000,14.6900,14.2600,96812358,1408758292.0900
2021-05-13,sz.000155,14.0900,14.8600,13.8500,14.4400,14.6900,86355837,1236441980.1900
2021-05-14,sz.000155,14.4200,15.4900,14.0600,15.2100,14.4400,119430215,1782122102.4100
2021-05-17,sz.000155,15.0400,15.8600,14.6500,14.7500,15.2100,117258255,1772742579.2400
2021-05-18,sz.000155,14.8000,15.7100,14.8000,15.5500,14.7500,116504868,1789114183.0600
2021-05-19,sz.000155,15.2000,17.0000,15.0500,16.3000,15.5500,136611976,2189949811.4100
2021-05-20,sz.000155,15.9800,16.3500,15.5900,15.9500,16.3000,86682814,1385112995.4700
2021-05-21,sz.000155,15.8100,16.5000,15.3600,16.2800,15.9500,93977898,1500050661.6600
2021-05-24,sz.000155,16.0000,16.5900,15.6300,15.9100,16.2800,67577213,1083457292.1500
2021-05-25,sz.000155,15.7500,15.8700,14.8300,15.1900,15.9100,99741986,1521755249.7400
2021-05-26,sz.000155,15.0900,15.4700,15.0100,15.1600,15.1900,56581881,861576384.1500
2021-05-27,sz.000155,15.0600,15.2600,14.7100,14.8200,15.1600,63913854,955640251.7500
2021-05-28,sz.000155,14.8200,15.5500,14.8200,15.1400,14.8200,79397719,1211040483.4700
2021-05-31,sz.000155,15.1000,15.8300,15.0000,15.7100,15.1400,87096656,1354420789.2000
2021-06-01,sz.000155,15.4000,15.4600,14.6200,14.9700,15.7100,79949892,1202927031.6300
2021-06-02,sz.000155,14.8500,15.3500,14.2800,14.4200,14.9700,71140621,1056587493.9700
2021-06-03,sz.000155,14.1900,14.5000,13.7800,14.1500,14.4200,60780011,859849175.4300
2021-06-04,sz.000155,13.9100,14.8000,13.8200,14.4700,14.1500,75560178,1091570530.2400
2021-06-07,sz.000155,14.4800,14.7500,14.1700,14.3100,14.4700,54745301,789048181.1300
2021-06-08,sz.000155,14.1400,14.6200,13.5600,13.7800,14.3100,62777376,877746715.9100
2021-06-09,sz.000155,13.7900,13.9400,13.4100,13.8600,13.7800,44554216,611943564.8600
2021-06-10,sz.000155,13.9100,14.3500,13.7500,14.0000,13.8600,63287672,892024208.3600
2021-06-11,sz.000155,13.8800,14.0900,13.4500,14.0300,14.0000,53720461,738291729.9700
2021-06-15,sz.000155,13.9700,14.1200,13.1900,13.2800,14.0300,52534846,710342299.4000
2021-06-16,sz.000155,13.1200,13.3800,12.2500,12.3800,13.2800,54882917,696822246.9400
2021-06-17,sz.000155,12.4800,12.8100,12.4200,12.6200,12.3800,38179628,482391234.9600
2021-06-18,sz.000155,12.5000,13.1700,12.3800,12.9900,12.6200,52899958,680331492.1100
2021-06-21,sz.000155,12.8300,13.4400,12.7400,13.0700,12.9900,42763561,562362366.1100
2021-06-22,sz.000155,13.3500,13.3600,12.9100,13.1800,13.0700,34555053,454753351.8600
2021-06-23,sz.000155,13.1500,13.8500,13.0000,13.5900,13.1800,60711644,819809938.4600
2021-06-24,sz.000155,13.5100,13.6900,13.1600,13.1600,13.5900,38042524,508932246.3600
2021-06-25,sz.000155,13.1500,13.3400,13.0500,13.1900,13.1600,26878552,354374677.2800
2021-06-28,sz.000155,13.2500,13.6100,13.1100,13.4700,13.1900,31091694,418690646.6600
2021-06-29,sz.000155,13.5700,14.0200,13.3200,13.6500,13.4700,51781678,711463135.4400
2021-06-30,sz.000155,13.4800,13.9500,13.3900,13.8100,13.6500,46937989,644370709.5700
2021-07-01,sz.000155,13.8000,13.9000,13.1300,13.2900,13.8100,46665400,627786496.3200
2021-07-02,sz.000155,13.2800,14.3000,13.1100,14.0800,13.2900,85916635,1192922400.0900
2021-07-05,sz.000155,14.4700,15.4100,14.2200,15.1500,14.0800,107446518,1609427305.1700
2021-07-06,sz.000155,15.0100,15.0600,13.9500,14.3600,15.1500,100038742,1456800791.0600
2021-07-07,sz.000155,14.0500,15.7500,13.7200,15.1400,14.3600,113910483,1706369897.9800
2021-07-08,sz.000155,15.1600,15.7200,15.0000,15.1900,15.1400,91785952,1404845250.4800
2021-07-09,sz.000155,14.8600,16.2800,14.7300,15.9300,15.1900,138613519,2184587692.3600
2021-07-12,sz.000155,16.2000,17.5200,16.1900,17.2100,15.9300,182963112,3112611870.7200
2021-07-13,sz.000155,16.9300,18.9300,16.7000,18.9300,17.2100,201945896,3603149298.5400
2021-07-14,sz.000155,18.8000,18.8200,17.0400,17.4600,18.9300,182801483,3251207594.3700
2021-07-15,sz.000155,17.0300,18.2000,16.5800,17.8700,17.4600,142255603,2473784028.7900
2021-07-16,sz.000155,17.7000,19.5500,17.5300,18.2100,17.8700,143700758,2689836067.5800
2021-07-19,sz.000155,17.8100,18.8800,17.0000,17.2900,18.2100,138828512,2480771026.2400
2021-07-20,sz.000155,17.0900,19.0200,17.0100,19.0200,17.2900,193590543,3626725553.5400
2021-07-21,sz.000155,19.6500,20.6900,19.2600,20.3500,19.0200,199581365,4002140603.8200
2021-07-22,sz.000155,20.8100,21.4000,20.3500,21.0200,20.3500,162128477,3380194613.8000
2021-07-23,sz.000155,20.5500,22.2400,20.1100,21.1600,21.0200,137576029,2910856422.4900
2021-07-26,sz.000155,21.4500,22.1000,20.1700,21.7700,21.1600,124216973,2628130341.4500
2021-07-27,sz.000155,21.5200,22.6000,19.5900,19.5900,21.7700,158469452,3336068384.1900
2021-07-28,sz.000155,18.4000,19.5000,17.6400,18.7500,19.5900,105644326,1973703274.1200
2021-07-29,sz.000155,19.4900,20.3400,19.0200,19.5800,18.7500,111395167,2190033392.7200
2021-07-30,sz.000155,20.3300,21.3000,19.8000,20.8900,19.5800,132317095,2726224267.6800
2021-08-02,sz.000155,21.4000,22.2000,19.9500,20.8000,20.8900,128755017,2726891121.3100
2021-08-03,sz.000155,20.4200,21.5600,19.5800,20.0000,20.8000,90985771,1864303882.9600
2021-08-04,sz.000155,19.9200,22.0000,19.7800,22.0000,20.0000,117791148,2490844143.6800
2021-08-05,sz.000155,22.5700,24.2000,21.8800,24.2000,22.0000,162183905,3756918444.6900
2021-08-06,sz.000155,25.4000,26.2000,24.5900,25.4100,24.2000,127219394,3222560124.8100
2021-08-09,sz.000155,25.3000,25.4700,22.9000,24.0300,25.4100,124367558,2956010227.1200
2021-08-10,sz.000155,23.6200,25.4600,22.5900,24.9300,24.0300,131672908,3172835934.0300
2021-08-11,sz.000155,24.3300,26.8600,24.1800,26.1700,24.9300,129914964,3309242608.4500
2021-08-12,sz.000155,25.5200,26.3600,24.4500,25.5700,26.1700,90056944,2282866315.5300
2021-08-13,sz.000155,24.6000,28.1300,24.5000,27.5000,25.5700,159924248,4385417043.6200
2021-08-16,sz.000155,27.0200,27.1700,24.7800,24.9400,27.5000,129004010,3329356978.7000
2021-08-17,sz.000155,24.4600,25.2300,23.4200,23.9000,24.9400,89173995,2168578293.7000
2021-08-18,sz.000155,23.9200,24.8500,23.2000,24.1500,23.9000,72907892,1755449999.6200
2021-08-19,sz.000155,23.7800,26.5700,23.5600,25.8800,24.1500,138416370,3537463969.6400
2021-08-20,sz.000155,25.6300,28.4700,25.5000,28.4700,25.8800,147654553,4095591261.1800
2021-08-23,sz.000155,30.0000,30.9900,28.6700,30.0800,28.4700,146432512,4386514020.9500
2021-08-24,sz.000155,30.1200,32.4300,30.1200,30.9000,30.0800,105384757,3278991187.6900
2021-08-25,sz.000155,30.8800,33.9900,30.3100,33.4000,30.9000,131107397,4239859192.4700
2021-08-26,sz.000155,32.1300,32.5000,30.6600,31.6900,33.4000,98290468,3127950355.9200
2021-08-27,sz.000155,31.8600,34.8600,30.5800,34.4600,31.6900,118245253,3907646665.2400
2021-08-30,sz.000155,33.6100,36.4800,32.2800,32.9900,34.4600,153558147,5261705408.8900
2021-08-31,sz.000155,32.9900,35.0000,32.7300,34.6500,32.9900,99680145,3388919410.1900
2021-09-01,sz.000155,34.6200,35.9900,31.2000,32.7200,34.6500,108529071,3654142607.4600
2021-09-02,sz.000155,32.7500,35.3000,32.7100,33.7800,32.7200,86918549,2951910131.3200
2021-09-03,sz.000155,33.0900,34.4300,30.4000,30.5900,33.7800,110150567,3479629658.1100
2021-09-06,sz.000155,29.5000,30.2900,27.5800,29.0700,30.5900,110719803,3195730544.9200
2021-09-07,sz.000155,29.1900,30.6000,28.5000,29.6000,29.0700,98238147,2901628407.7400
2021-09-08,sz.000155,29.3600,31.9300,29.0600,31.5700,29.6000,106147860,3266726516.3900
2021-09-09,sz.000155,31.4100,33.2100,31.0300,32.7700,31.5700,87698328,2834214910.0800
2021-09-10,sz.000155,32.3000,35.2900,31.4800,34.5000,32.7700,107820935,3590988474.3400
2021-09-13,sz.000155,35.0800,37.5000,33.5000,37.4100,34.5000,119186839,4189720987.7500
2021-09-14,sz.000155,36.1100,38.5900,35.1000,36.0000,37.4100,107353812,3943837943.2800
2021-09-15,sz.000155,36.9700,37.1200,35.0800,36.2500,36.0000,81143101,2947445820.7900
2021-09-16,sz.000155,35.3100,35.8900,32.7100,33.9400,36.2500,98801589,3380995891.7900
2021-09-17,sz.000155,34.1000,37.3300,32.6800,37.3300,33.9400,123063566,4350744982.3800
2021-09-22,sz.000155,37.6500,37.6500,35.4900,36.3000,37.3300,103513947,3806517826.6300
2021-09-23,sz.000155,36.8400,39.2600,35.8900,36.9900,36.3000,117292127,4424714689.3200
2021-09-24,sz.000155,36.0100,37.3900,34.0600,35.3500,36.9900,94430586,3385196145.7300
2021-09-27,sz.000155,36.0000,36.1000,31.8200,31.8200,35.3500,67137792,2189299834.1900
2021-09-28,sz.000155,29.5900,30.6500,28.8000,29.0000,31.8200,89145863,2641118648.8500
2021-09-29,sz.000155,28.6000,29.3000,26.7300,26.8500,29.0000,94356138,2633688250.5200
2021-09-30,sz.000155,27.5100,29.3200,27.5100,28.7500,26.8500,84086560,2409928520.4300
2021-10-08,sz.000155,29.5400,29.8000,26.2000,27.0000,28.7500,77628173,2125629603.1000
2021-10-11,sz.000155,27.0100,27.0900,25.0000,26.1900,27.0000,56062349,1463849627.0700
2021-10-12,sz.000155,26.1300,26.6200,24.3500,24.9500,26.1900,62458252,1574233202.4200
2021-10-13,sz.000155,25.2300,25.6700,24.5500,25.2400,24.9500,44373888,1118480517.6000
2021-10-14,sz.000155,24.5000,25.3000,24.1200,24.7600,25.2400,43436245,1074065185.0100
2021-10-15,sz.000155,24.7600,25.4000,23.8000,24.8600,24.7600,58688182,1446275722.5000
2021-10-18,sz.000155,24.8400,26.6400,24.7800,26.2200,24.8600,74825285,1931034549.7200
2021-10-19,sz.000155,26.0000,27.5200,25.8400,27.4100,26.2200,75658958,2043665397.7200
2021-10-20,sz.000155,27.4100,30.1500,27.0100,30.1500,27.4100,37599448,1098029756.4500
2021-10-21,sz.000155,31.4000,32.3700,30.4000,31.6900,30.1500,119583475,3763787261.5900
2021-10-22,sz.000155,32.0300,32.3200,30.1800,30.4700,31.6900,91660453,2871686997.6200
2021-10-25,sz.000155,31.1100,31.5900,30.2100,31.0500,30.4700,69882362,2164649673.3000
2021-10-26,sz.000155,30.5800,32.2000,30.0100,30.1000,31.0500,92963608,2878057825.2400
2021-10-27,sz.000155,30.0900,30.7000,29.5100,30.2400,30.1000,65409119,1967950756.1900
2021-10-28,sz.000155,29.6400,29.9500,27.3900,27.4800,30.2400,90349824,2557267548.8000
2021-10-29,sz.000155,28.5100,29.9000,28.2600,28.4700,27.4800,75080952,2175303116.7000
2021-11-01,sz.000155,28.8600,28.9700,27.3600,27.5800,28.4700,58335664,1629981448.0000
2021-11-02,sz.000155,27.7000,28.4100,26.3800,26.9000,27.5800,61018294,1670122410.5800
2021-11-03,sz.000155,26.9300,27.0200,26.0300,26.7000,26.9000,43907716,1158360308.9100
2021-11-04,sz.000155,26.7200,27.5000,26.1200,27.1000,26.7000,63838409,1710814675.8200
2021-11-05,sz.000155,27.3500,27.9900,25.7800,26.1400,27.1000,67092206,1813106114.7200
2021-11-08,sz.000155,25.5100,27.9800,25.4400,27.5800,26.1400,75252271,2038976102.4200
2021-11-09,sz.000155,27.9800,28.4100,27.2800,27.7200,27.5800,60382018,1678225156.5300
2021-11-10,sz.000155,27.0700,27.4000,25.6700,26.2600,27.7200,57155894,1507592370.9000
2021-11-11,sz.000155,26.4300,26.4500,25.6300,25.9000,26.2600,37219457,970380726.1100
2021-11-12,sz.000155,26.3000,26.3000,25.5000,25.6000,25.9000,34211279,882249468.0100
2021-11-15,sz.000155,25.5000,25.9800,24.7200,25.7900,25.6000,47514245,1199303635.5400
2021-11-16,sz.000155,25.5800,25.7800,24.2000,24.2500,25.7900,44742000,1111532530.6800
2021-11-17,sz.000155,24.7500,26.1700,24.5000,25.4700,24.2500,64531698,1645733325.9700
2021-11-18,sz.000155,25.4600,28.0200,25.0000,28.0200,25.4700,130731855,3567084076.7500
2021-11-19,sz.000155,27.8500,28.0900,26.5600,27.3800,28.0200,105031768,2877882552.8300
2021-11-22,sz.000155,27.2000,28.4300,27.1000,27.8500,27.3800,73350838,2050560273.4800
2021-11-23,sz.000155,27.8600,28.2000,27.2300,27.4600,27.8500,55916951,1548711145.0600
2021-11-24,sz.000155,27.1700,27.8200,26.8800,27.1100,27.4600,40882658,1114078450.2600
2021-11-25,sz.000155,27.1000,28.2800,26.8900,27.9800,27.1100,56702647,1570762289.9300
2021-11-26,sz.000155,28.0000,29.6300,27.8000,28.2800,27.9800,87322630,2504505017.4500
2021-11-29,sz.000155,27.7000,30.0000,27.4900,29.9900,28.2800,97498267,2856465037.8400
2021-11-30,sz.000155,30.3000,30.3000,29.0300,29.8000,29.9900,70183649,2070887738.8800
2021-12-01,sz.000155,29.9000,29.9600,28.6600,29.6000,29.8000,59214069,1741959610.0600
2021-12-02,sz.000155,29.6000,29.8600,29.0500,29.6400,29.6000,48267761,1424989880.7800
2021-12-03,sz.000155,29.5900,30.0900,28.6900,29.1100,29.6400,53363751,1570036069.7600
2021-12-06,sz.000155,29.0000,29.2000,27.6600,27.7000,29.1100,59057995,1670523197.2100
2021-12-07,sz.000155,27.9000,27.9800,25.7700,26.2400,27.7000,59892618,1585329443.1200
2021-12-08,sz.000155,26.4000,26.7500,26.0700,26.5000,26.2400,37633764,995731759.1700
2021-12-09,sz.000155,26.3500,26.5800,25.9700,26.4100,26.5000,33231063,874022685.0700
2021-12-10,sz.000155,26.0600,27.6800,25.8000,27.4200,26.4100,58137567,1577532894.0900
2021-12-13,sz.000155,27.7200,28.5700,27.4400,27.5000,27.4200,47830296,1332183914.2100
2021-12-14,sz.000155,27.2000,27.6500,26.3000,26.8100,27.5000,43973211,1177983411.8300
2021-12-15,sz.000155,26.6500,27.1300,26.2500,26.4800,26.8100,30108761,800411432.7100
2021-12-16,sz.000155,26.5000,26.6300,25.8700,26.2700,26.4800,30837743,806117566.7200
2021-12-17,sz.000155,26.5000,27.2500,26.2300,26.2800,26.2700,39043819,1038484619.1600
2021-12-20,sz.000155,26.2800,26.7300,25.1400,25.3500,26.2800,37611940,967291713.9900
2021-12-21,sz.000155,25.3600,25.7400,24.8600,25.4700,25.3500,25608499,647366874.0800
2021-12-22,sz.000155,25.6100,25.7900,25.0600,25.4900,25.4700,21376188,544023171.0200
2021-12-23,sz.000155,25.5300,25.6300,24.8500,25.1500,25.4900,23390683,589401550.0600
2021-12-24,sz.000155,25.1500,25.2800,24.0000,24.0600,25.1500,34631152,846872188.4200
2021-12-27,sz.000155,24.1000,24.4800,23.2000,23.7400,24.0600,30335664,726690757.5100
2021-12-28,sz.000155,23.7400,25.2900,23.7400,25.2000,23.7400,47391646,1170778306.0600
2021-12-29,sz.000155,25.0800,26.6600,24.9600,26.2000,25.2000,67807098,1755144687.2600
2021-12-30,sz.000155,26.7000,26.9300,25.3300,25.5200,26.2000,56114233,1459835099.1400
2021-12-31,sz.000155,25.1200,26.8000,25.1200,26.5300,25.5200,58664816,1538701066.3000
2022-01-04,sz.000155,26.5600,26.5900,24.4600,24.6800,26.5300,61650821,1548862401.3200
2022-01-05,sz.000155,24.6600,24.6600,23.8000,24.0300,24.6800,28273397,680111519.5300
2022-01-06,sz.000155,23.8400,24.9900,23.7500,24.4900,24.0300,26598925,649541512.9400
2022-01-07,sz.000155,24.3300,24.6500,23.5000,23.5400,24.4900,27393302,652998792.7800
2022-01-10,sz.000155,23.5400,23.9500,23.1400,23.6600,23.5400,18920098,447305379.9800
2022-01-11,sz.000155,23.4700,23.8100,22.5500,22.7100,23.6600,29583185,681907060.8000
2022-01-12,sz.000155,23.3600,23.5800,22.8100,23.2000,22.7100,21418690,496769985.1000
2022-01-13,sz.000155,23.6000,24.1000,23.0300,23.3800,23.2000,32044046,756397271.4400
2022-01-14,sz.000155,23.1000,23.3800,22.7100,22.9200,23.3800,19730967,452907173.8400
2022-01-17,sz.000155,22.7000,22.9800,22.2300,22.8200,22.9200,17379575,394667261.3500
2022-01-18,sz.000155,22.8600,23.2500,22.5800,22.9800,22.8200,17315700,398852130.9300
2022-01-19,sz.000155,22.9400,22.9400,21.4300,21.6700,22.9800,29135286,641042985.8800
2022-01-20,sz.000155,21.3100,21.6600,20.4200,20.4500,21.6700,33848451,705438334.6900
2022-01-21,sz.000155,20.5000,21.3300,20.5000,20.6200,20.4500,26155636,546551509.2400
2022-01-24,sz.000155,20.3300,22.2000,20.2600,21.8700,20.6200,36238994,776527025.9100
2022-01-25,sz.000155,21.7800,22.0800,21.1700,21.1800,21.8700,26199361,568208190.9900
2022-01-26,sz.000155,21.5000,21.8200,20.4400,20.8400,21.1800,21154170,443365536.2600
2022-01-27,sz.000155,20.9000,21.3000,20.3100,20.3800,20.8400,21633958,450922596.8500
2022-01-28,sz.000155,20.5500,20.7600,19.7100,20.1600,20.3800,22995932,464122208.5800
2022-02-07,sz.000155,20.7600,21.3000,20.4200,20.5400,20.1600,20453387,424514400.5600
2022-02-08,sz.000155,20.5000,20.8500,20.0000,20.8500,20.5400,19107810,390632555.6200
2022-02-09,sz.000155,20.8000,21.6000,20.5000,21.3600,20.8500,27163902,574195564.0700
2022-02-10,sz.000155,21.3000,21.6100,20.9200,21.1400,21.3600,21985603,466406028.3900
2022-02-11,sz.000155,20.9200,21.8500,20.6700,21.1400,21.1400,30224841,647569048.7000
2022-02-14,sz.000155,20.8900,22.0900,20.7100,21.5800,21.1400,31558642,683030555.1700
2022-02-15,sz.000155,21.5500,21.8000,20.7700,21.7800,21.5800,27615655,589978207.8900
2022-02-16,sz.000155,21.8000,22.3800,21.6400,21.7500,21.7800,31686186,695730485.8600
2022-02-17,sz.000155,21.5000,23.4600,21.4500,22.9100,21.7500,64898547,1471993867.9700
2022-02-18,sz.000155,22.4100,22.8000,22.3600,22.5900,22.9100,27840677,627742560.8200
2022-02-21,sz.000155,22.5000,23.3700,22.3600,23.0700,22.5900,38969044,892765955.9900
2022-02-22,sz.000155,23.8000,23.9800,23.0000,23.6200,23.0700,49446009,1163349847.6400
2022-02-23,sz.000155,23.3700,23.8500,23.2800,23.7900,23.6200,34116673,805918328.7900
2022-02-24,sz.000155,23.3200,23.6300,22.0400,22.5000,23.7900,48488743,1109665040.5200
2022-02-25,sz.000155,23.0100,23.5200,22.7800,23.1000,22.5000,35370322,819687086.8500
2022-02-28,sz.000155,23.0000,25.4100,22.9500,25.4100,23.1000,59864084,1460919280.0000
2022-03-01,sz.000155,25.4000,25.6200,24.3600,24.8300,25.4100,83727422,2093615584.0000
2022-03-02,sz.000155,24.6500,25.9700,24.5600,25.4500,24.8300,74653613,1891450368.0000
2022-03-03,sz.000155,25.3500,26.1500,25.0100,25.6400,25.4500,54639751,1396734448.0000
2022-03-04,sz.000155,25.1900,25.6400,24.3600,24.4000,25.6400,43668977,1084449200.0000
2022-03-07,sz.000155,24.3900,24.8900,23.9000,24.1000,24.4000,29382977,715786528.0000
2022-03-08,sz.000155,24.1000,24.3100,21.8700,22.2800,24.1000,47233605,1075934624.0000
2022-03-09,sz.000155,22.5100,22.6600,20.7600,21.9700,22.2800,37609440,820723760.0000
2022-03-10,sz.000155,22.5000,22.9000,21.9300,22.3700,21.9700,33658041,753084272.0000
2022-03-11,sz.000155,21.8800,22.2000,21.3000,21.9600,22.3700,25657249,559074912.0000
2022-03-14,sz.000155,21.7500,22.4900,21.3800,21.5200,21.9600,29018454,632786656.0000
2022-03-15,sz.000155,21.2000,21.8200,20.3600,20.3600,21.5200,31542167,666747744.0000
2022-03-16,sz.000155,20.7700,21.6700,20.1000,21.5900,20.3600,41039642,861961392.0000
2022-03-17,sz.000155,22.0000,22.6000,21.6000,21.6800,21.5900,43156630,954516000.0000
2022-03-18,sz.000155,21.6500,22.6000,21.3500,22.6000,21.6800,35169916,771593981.2300
2022-03-21,sz.000155,22.2000,22.8800,22.0000,22.2300,22.6000,36026439,805062309.6000
2022-03-22,sz.000155,22.1000,22.6900,21.9300,21.9900,22.2300,28590719,636035654.4700
2022-03-23,sz.000155,22.1800,22.3800,21.7200,21.7700,21.9900,19605769,431412973.6300
2022-03-24,sz.000155,21.4000,21.8600,20.9200,21.6900,21.7700,24242787,517658255.3500
2022-03-25,sz.000155,21.6700,22.2800,21.0300,21.1100,21.6900,25701909,552948301.4600
2022-03-28,sz.000155,20.8500,20.9200,20.1200,20.3100,21.1100,22816089,465714215.2100
2022-03-29,sz.000155,20.4000,20.6700,19.9000,20.2500,20.3100,17530062,355599276.9500
2022-03-30,sz.000155,20.2500,20.7000,20.2500,20.5000,20.2500,17994601,368727484.0000
2022-03-31,sz.000155,20.4600,20.4600,19.4100,19.4800,20.5000,32627693,645591228.2000
2022-04-01,sz.000155,19.2600,19.6900,19.1800,19.3600,19.4800,18393732,357849500.3000
2022-04-06,sz.000155,19.2000,19.2300,18.6600,19.1300,19.3600,19741342,373100004.4300
2022-04-07,sz.000155,18.9300,19.5000,18.6000,19.3200,19.1300,29634050,565734421.5100
2022-04-08,sz.000155,19.3300,19.3600,18.5400,18.6500,19.3200,19799593,372909319.7200
2022-04-11,sz.000155,18.3700,18.4000,17.2400,17.2800,18.6500,28310738,498288821.2300
2022-04-12,sz.000155,17.3300,17.8400,17.3300,17.8200,17.2800,18730931,329821697.7800
2022-04-13,sz.000155,17.7700,18.5300,17.5900,17.8100,17.8200,22158036,399004809.2800
2022-04-14,sz.000155,17.8800,18.2100,17.7500,17.9400,17.8100,15284463,273945678.6000
2022-04-15,sz.000155,17.8800,17.8800,17.2600,17.3800,17.9400,14683746,257136187.0900
2022-04-18,sz.000155,17.2500,17.4500,16.6900,17.4000,17.3800,13400246,229680316.4400
2022-04-19,sz.000155,17.5000,17.6900,16.9400,17.2000,17.4000,15559525,268739151.3100
2022-04-20,sz.000155,17.2100,17.3000,16.5000,16.5600,17.2000,17451391,293315708.6800
2022-04-21,sz.000155,16.5800,16.7300,15.4600,15.6300,16.5600,27918334,446640613.3400
2022-04-22,sz.000155,15.4000,15.8000,15.1000,15.3300,15.6300,22539635,347058925.7600
2022-04-25,sz.000155,15.0800,15.3000,14.5900,15.0800,15.3300,41048161,615633720.7800
2022-04-26,sz.000155,15.5000,15.5500,14.1900,14.2100,15.0800,43810866,647307306.4800
2022-04-27,sz.000155,13.9600,15.6300,13.7900,15.6300,14.2100,51562752,766992916.7200
2022-04-28,sz.000155,15.3800,16.6400,15.3100,15.9800,15.6300,54856107,875304133.8400
2022-04-29,sz.000155,15.9500,17.1000,15.6600,16.7500,15.9800,50296126,817668121.4100
2022-05-05,sz.000155,16.7100,17.1200,16.5800,16.8000,16.7500,32774996,552640305.5200
2022-05-06,sz.000155,16.1400,16.8600,16.0500,16.8000,16.8000,24867784,411998354.5000
2022-05-09,sz.000155,16.6600,16.9400,16.6100,16.8200,16.8000,19548810,328301394.6900
2022-05-10,sz.000155,16.5000,17.7700,16.4000,17.5800,16.8200,36734468,633047785.6400
2022-05-11,sz.000155,17.4500,18.3000,17.3600,17.5100,17.5800,46701811,832251497.3500
2022-05-12,sz.000155,17.4900,18.2000,17.4000,17.7000,17.5100,35150411,626703824.2500
2022-05-13,sz.000155,17.7000,18.1400,17.4400,17.9900,17.7000,30566691,543148951.6700
2022-05-16,sz.000155,17.9900,17.9900,17.9900,17.9900,17.9900,,
2022-05-17,sz.000155,17.9900,17.9900,17.9900,17.9900,17.9900,,
2022-05-18,sz.000155,17.9900,17.9900,17.9900,17.9900,17.9900,,
2022-05-19,sz.000155,17.9900,17.9900,17.9900,17.9900,17.9900,,
2022-05-20,sz.000155,17.9900,17.9900,17.9900,17.9900,17.9900,,
2022-05-23,sz.000155,17.9900,17.9900,17.9900,17.9900,17.9900,,
2022-05-24,sz.000155,17.9900,17.9900,17.9900,17.9900,17.9900,,
2022-05-25,sz.000155,17.9900,17.9900,17.9900,17.9900,17.9900,,
2022-05-26,sz.000155,17.9900,17.9900,17.9900,17.9900,17.9900,,
2022-05-27,sz.000155,17.9900,17.9900,17.9900,17.9900,17.9900,,
2022-05-30,sz.000155,19.7000,19.7900,19.0200,19.7900,17.9900,32240688,631144409.5800
2022-05-31,sz.000155,20.9000,21.7700,19.8100,20.2000,19.7900,95046863,1965763141.5600
2022-06-01,sz.000155,19.6200,19.8000,19.1300,19.3600,20.2000,53946232,1044308536.0700
2022-06-02,sz.000155,19.2100,20.8800,19.1500,20.3900,19.3600,62355403,1251319570.9700
2022-06-06,sz.000155,20.0500,22.1900,20.0500,21.7900,20.3900,67277011,1439129576.4600
2022-06-07,sz.000155,21.7000,21.9900,21.0800,21.4300,21.7900,46390511,998300093.1000
2022-06-08,sz.000155,21.7000,22.8900,21.6400,22.3300,21.4300,68784084,1522950662.1900
2022-06-09,sz.000155,22.0400,22.4900,21.5600,21.9000,22.3300,40857420,896700324.2100
2022-06-10,sz.000155,21.3300,21.9700,21.1200,21.7700,21.9000,34042274,737840833.3900
2022-06-13,sz.000155,21.4500,22.4800,21.3200,22.3700,21.7700,44198032,976842338.1500
2022-06-14,sz.000155,23.0000,24.0000,22.6000,23.1300,22.3700,65363016,1520682703.2400
2022-06-15,sz.000155,23.0000,23.8200,22.8000,22.9800,23.1300,52486333,1224718687.7200
2022-06-16,sz.000155,22.6500,23.0500,22.0800,22.1300,22.9800,44568618,999861787.5700
2022-06-17,sz.000155,21.7000,23.3200,21.4200,22.9800,22.1300,53887685,1217463394.2900
2022-06-20,sz.000155,23.0800,23.3500,22.6600,22.7700,22.9800,43939860,1010007417.1900
2022-06-21,sz.000155,22.5500,22.6800,21.6500,21.8800,22.7700,36375722,801935300.5300
2022-06-22,sz.000155,21.7500,22.2700,21.4100,21.4500,21.8800,27295940,595617572.2800
2022-06-23,sz.000155,22.0900,22.3600,21.5000,22.2900,21.4500,40246641,887742725.1100
2022-06-24,sz.000155,22.3900,22.5400,21.9400,22.2200,22.2900,31991022,710135928.6000
2022-06-27,sz.000155,22.3000,23.7800,22.1300,23.0900,22.2200,58673430,1353432902.5900
2022-06-28,sz.000155,23.1000,23.1900,22.6900,22.9900,23.0900,36333304,834220049.0400
2022-06-29,sz.000155,22.9000,22.9800,21.5500,21.6900,22.9900,39078945,868413254.1000
2022-06-30,sz.000155,21.6900,22.3500,21.6900,22.1500,21.6900,25886571,573502513.3100
2022-07-01,sz.000155,22.1100,23.5000,21.8000,23.1900,22.1500,55371821,1269236591.2600
2022-07-04,sz.000155,23.1800,24.3500,23.0200,24.1600,23.1900,72608631,1732440001.9400
2022-07-05,sz.000155,24.1900,24.5900,23.6000,24.1100,24.1600,50272946,1206638098.6600
2022-07-06,sz.000155,23.9400,24.0400,23.1600,23.4500,24.1100,35842208,845185955.9200
2022-07-07,sz.000155,23.4000,24.1500,22.9000,24.0000,23.4500,42294135,1003227213.8700
2022-07-08,sz.000155,24.2600,24.4600,23.3500,23.4700,24.0000,36167742,861677099.3800
2022-07-11,sz.000155,23.0100,23.3500,21.6300,21.8600,23.4700,43604150,961971881.1500
2022-07-12,sz.000155,21.6100,22.1500,21.1200,21.3300,21.8600,27565435,594796994.7700
2022-07-13,sz.000155,21.1500,21.7200,20.6700,21.4300,21.3300,27408400,580023808.9800
2022-07-14,sz.000155,21.4000,23.5700,21.2200,23.5700,21.4300,86449764,2002650001.0200
2022-07-15,sz.000155,23.4500,24.0900,23.2700,23.7100,23.5700,75551366,1790860316.7200
2022-07-18,sz.000155,23.5000,25.0000,23.3000,24.7400,23.7100,80943466,1967185695.1900
2022-07-19,sz.000155,24.8500,25.4900,24.4400,24.5000,24.7400,63995912,1593198065.2900
2022-07-20,sz.000155,24.7700,25.4500,24.6300,24.9100,24.5000,41251692,1030361403.0900
2022-07-21,sz.000155,24.7300,25.4400,24.1600,24.9800,24.9100,51700490,1291784395.2600
2022-07-22,sz.000155,25.0000,25.2700,24.3000,24.7400,24.9800,34985052,867746682.1200
2022-07-25,sz.000155,24.5800,25.9900,24.4200,24.6400,24.7400,41337933,1037534661.8300
2022-07-26,sz.000155,24.5000,25.5900,24.3200,25.1200,24.6400,40679575,1019624207.9400
2022-07-27,sz.000155,24.9100,24.9800,24.0900,24.2000,25.1200,39819235,971091431.8200
2022-07-28,sz.000155,24.2000,24.3900,23.5800,23.6500,24.2000,31891519,760024080.9700
2022-07-29,sz.000155,23.6600,23.8400,23.2800,23.4200,23.6500,23078587,542777650.7200
2022-08-01,sz.000155,23.2200,23.3100,22.1200,22.9700,23.4200,39368988,891779324.8800
2022-08-02,sz.000155,22.7000,22.9300,21.3300,21.5300,22.9700,41487124,904206767.5800
2022-08-03,sz.000155,21.5200,22.4400,20.7900,20.8200,21.5300,39152042,842144969.1500
2022-08-04,sz.000155,21.0000,21.6600,20.8500,21.2600,20.8200,27417553,582067645.8700
2022-08-05,sz.000155,21.3000,21.5600,20.6200,21.4700,21.2600,34414270,725289732.5800
2022-08-08,sz.000155,21.4000,22.1000,21.3000,21.9700,21.4700,33270664,725179389.5800
2022-08-09,sz.000155,21.9700,22.2000,21.7500,21.8400,21.9700,26529320,583395279.6200
2022-08-10,sz.000155,21.8000,22.0900,21.4100,21.4700,21.8400,22174199,481298969.5300
2022-08-11,sz.000155,21.6300,21.6800,21.2100,21.6600,21.4700,18461563,396755096.6000
2022-08-12,sz.000155,21.4000,22.0400,21.3500,21.8000,21.6600,18205546,396918442.4800
2022-08-15,sz.000155,21.8700,22.7500,21.8100,22.7000,21.8000,38284757,860221806.1900
2022-08-16,sz.000155,23.0000,23.2400,22.4300,22.6200,22.7000,29761892,674157809.8300
2022-08-17,sz.000155,22.3500,22.5000,21.8600,22.2000,22.6200,28648305,633320387.3300
2022-08-18,sz.000155,22.3100,22.5000,22.0000,22.1000,22.2000,18898277,418865723.7400
2022-08-19,sz.000155,21.9000,22.7800,21.5600,22.5000,22.1000,31305134,695060741.2600
2022-08-22,sz.000155,22.4500,23.1200,21.5700,23.0900,22.5000,40865297,920217381.9200
2022-08-23,sz.000155,22.8000,23.2000,22.5300,22.5500,23.0900,23851175,542452925.4600
2022-08-24,sz.000155,22.7000,22.9000,21.7000,21.7800,22.5500,23326087,520114666.1500
2022-08-25,sz.000155,21.7800,21.9800,20.8900,21.2000,21.7800,21135466,450520456.7600
2022-08-26,sz.000155,21.2700,22.6500,21.1200,21.8300,21.2000,29439991,646660932.7100
2022-08-29,sz.000155,21.4500,21.5400,21.0200,21.4200,21.8300,17856376,379809175.8800
2022-08-30,sz.000155,21.3700,21.5100,21.0500,21.1600,21.4200,14400314,305438141.1500
2022-08-31,sz.000155,21.1500,21.3500,20.1700,20.3500,21.1600,22121385,455368811.9900
2022-09-01,sz.000155,20.3400,20.5500,19.5000,19.6100,20.3500,18981432,377972829.7100
2022-09-02,sz.000155,19.7000,19.8800,19.4000,19.5600,19.6100,11515487,225435091.0900
2022-09-05,sz.000155,19.5400,19.6200,19.1600,19.3800,19.5600,11279680,218401988.0500
2022-09-06,sz.000155,19.4700,20.4800,19.4300,20.2000,19.3800,21161711,423835589.1600
2022-09-07,sz.000155,20.1900,20.2300,19.9000,20.0100,20.2000,16273945,326294109.3800
2022-09-08,sz.000155,20.0200,20.1100,19.5500,19.6300,20.0100,12435173,246518477.4300
2022-09-09,sz.000155,19.7800,20.7400,19.6300,20.3700,19.6300,21668160,439035841.0900
2022-09-13,sz.000155,20.5200,20.8600,20.2800,20.5500,20.3700,15810609,325487612.7100
2022-09-14,sz.000155,20.1200,20.6000,20.0000,20.2000,20.5500,13165203,265946940.1900
2022-09-15,sz.000155,20.5000,20.7600,19.6200,19.6600,20.2000,18677807,374667217.1100
2022-09-16,sz.000155,19.4700,19.4700,18.6200,18.7400,19.6600,16914493,320776240.2500
2022-09-19,sz.000155,18.8300,19.1400,18.5500,18.8700,18.7400,9898209,187003378.2100
2022-09-20,sz.000155,19.7700,20.7600,19.5100,20.7600,18.8700,17436079,354047958.4600
2022-09-21,sz.000155,20.3800,21.6800,20.0100,21.0700,20.7600,43131349,909163191.6900
2022-09-22,sz.000155,20.8800,21.1800,20.6800,20.9100,21.0700,21294134,445697879.6300
2022-09-23,sz.000155,20.8600,20.9900,20.1100,20.3200,20.9100,18294515,375195007.4900
2022-09-26,sz.000155,20.1600,20.6800,20.0000,20.0200,20.3200,17718312,360702731.4500
2022-09-27,sz.000155,20.0300,20.2400,19.5000,19.9500,20.0200,16874444,334219740.6900
2022-09-28,sz.000155,19.9300,19.9800,18.6400,18.7000,19.9500,19609254,375197543.1500
2022-09-29,sz.000155,18.9200,19.2600,18.6600,18.7700,18.7000,14696377,278458613.0400
2022-09-30,sz.000155,18.6500,19.1400,18.6100,18.8300,18.7700,13045042,245935943.6700
2022-10-10,sz.000155,18.8200,18.9900,18.0200,18.1300,18.8300,11415879,210400212.1200
2022-10-11,sz.000155,18.1200,18.6200,18.1200,18.4900,18.1300,10312096,190312804.5800
2022-10-12,sz.000155,18.6000,18.7000,17.6100,18.7000,18.4900,18545298,337105768.8300
2022-10-13,sz.000155,18.4000,18.7200,18.3000,18.4600,18.7000,12197971,226343886.1800
2022-10-14,sz.000155,18.6800,19.3500,18.6500,19.1500,18.4600,18611454,354093334.7500
2022-10-17,sz.000155,18.9900,19.2900,18.9200,19.2300,19.1500,10582539,202355068.9600
2022-10-18,sz.000155,19.5000,19.5800,18.9600,19.0400,19.2300,11692082,224456107.5900
2022-10-19,sz.000155,19.0300,19.5600,18.9600,19.0100,19.0400,12353525,237597704.8000
2022-10-20,sz.000155,18.9000,19.0100,18.3000,18.5900,19.0100,11694661,217443853.7000
2022-10-21,sz.000155,18.6900,18.9700,18.3900,18.4500,18.5900,10087991,188642456.9300
2022-10-24,sz.000155,18.5700,19.0700,18.0600,18.1000,18.4500,14570944,271252518.6700
2022-10-25,sz.000155,18.1000,18.2500,17.5000,18.2100,18.1000,11790962,211247993.1000
2022-10-26,sz.000155,18.3600,18.8500,18.2900,18.7500,18.2100,16157727,301005139.0800
2022-10-27,sz.000155,18.7800,20.1900,18.7800,19.3000,18.7500,25337789,496323190.1200
2022-10-28,sz.000155,19.0000,19.2700,18.4500,18.6300,19.3000,14534412,274334661.4600
2022-10-31,sz.000155,18.5000,19.0900,18.3500,18.8300,18.6300,12062836,227163277.1200
2022-11-01,sz.000155,18.9600,20.0300,18.8800,19.7900,18.8300,23520277,462367810.4700
2022-11-02,sz.000155,19.6000,20.1100,19.5300,19.9900,19.7900,17500128,348825303.4900
2022-11-03,sz.000155,19.9900,21.6600,19.8500,21.1700,19.9900,39371496,834394826.4200
2022-11-04,sz.000155,21.5700,23.2900,21.3900,23.0500,21.1700,65378922,1470878592.5600
2022-11-07,sz.000155,23.3000,23.4000,22.8000,22.9500,23.0500,49346880,1137632603.7700
2022-11-08,sz.000155,22.9000,23.4900,22.7100,23.0000,22.9500,27143062,625025607.1400
2022-11-09,sz.000155,23.2500,23.5900,23.0100,23.2000,23.0000,26264768,611295492.8500
2022-11-10,sz.000155,22.9200,23.1000,22.4000,22.5600,23.2000,25623582,580741610.2400
2022-11-11,sz.000155,23.5000,23.5500,22.0000,22.0800,22.5600,29836489,671915521.2200
2022-11-14,sz.000155,21.7500,22.1900,20.8000,21.1800,22.0800,34442367,737701837.9500
2022-11-15,sz.000155,21.1800,21.3900,20.8500,21.3100,21.1800,22205482,470376768.3700
2022-11-16,sz.000155,21.2300,21.4300,20.7900,20.8700,21.3100,17724456,372851736.9300
2022-11-17,sz.000155,20.9000,21.0800,20.5900,20.8100,20.8700,16402105,340865189.0800
2022-11-18,sz.000155,20.8700,20.9900,20.3300,20.5800,20.8100,14899408,308812130.1600
2022-11-21,sz.000155,20.3700,20.8200,20.2600,20.6500,20.5800,13346478,275458205.5400
2022-11-22,sz.000155,20.7000,20.7800,20.2400,20.3700,20.6500,12933375,265099105.9200
2022-11-23,sz.000155,20.3900,20.8100,20.2800,20.6500,20.3700,16035171,329241064.2800
2022-11-24,sz.000155,20.6900,21.2300,20.5100,20.8100,20.6500,19762436,412493729.5300
2022-11-25,sz.000155,20.7100,20.7800,20.3000,20.3200,20.8100,10859116,221942741.3600
2022-11-28,sz.000155,19.8500,20.3900,19.7500,20.3500,20.3200,12120164,244694728.0700
2022-11-29,sz.000155,20.3500,20.4800,20.0800,20.3900,20.3500,14417537,292551987.4900
2022-11-30,sz.000155,20.3500,20.8600,20.1200,20.8200,20.3900,21085921,432585534.5700
2022-12-01,sz.000155,20.7700,20.8400,20.5800,20.6600,20.8200,12022833,249028881.9600
2022-12-02,sz.000155,20.5600,20.9300,20.5500,20.7800,20.6600,12412777,258103105.6300
2022-12-05,sz.000155,20.7100,20.8900,20.5000,20.6700,20.7800,13273155,274091042.3300
2022-12-06,sz.000155,20.6400,20.7400,20.1500,20.3900,20.6700,16940577,346104886.3400
2022-12-07,sz.000155,20.3000,20.6500,20.1100,20.1900,20.3900,14107973,287120886.2300
2022-12-08,sz.000155,20.1000,20.2900,19.6200,19.9500,20.1900,15084974,301825256.0900
2022-12-09,sz.000155,19.9500,20.1900,19.4800,19.8800,19.9500,28271688,558208864.8100
2022-12-12,sz.000155,19.6400,19.6500,18.8600,19.0200,19.8800,25158623,480050577.0200
2022-12-13,sz.000155,19.0400,19.2400,18.9800,19.0200,19.0200,10033843,191411738.3100
2022-12-14,sz.000155,19.0500,19.3700,18.9500,19.0200,19.0200,9053758,173030864.0300
2022-12-15,sz.000155,18.9900,19.2000,18.6600,19.1800,19.0200,12063076,228684182.6200
2022-12-16,sz.000155,19.0700,19.1800,18.6700,18.9300,19.1800,9892166,186699268.0400
2022-12-19,sz.000155,18.8500,19.3900,18.5000,18.6600,18.9300,16165518,306764322.4000
2022-12-20,sz.000155,18.5000,18.8000,18.3300,18.7500,18.6600,7589297,141089930.7900
2022-12-21,sz.000155,18.6100,18.8900,18.4500,18.5100,18.7500,7087914,131838760.1900
2022-12-22,sz.000155,18.6400,18.6500,17.9000,18.0000,18.5100,10626826,193176236.0200
2022-12-23,sz.000155,17.9000,18.2000,17.8300,18.0800,18.0000,6394772,115439958.2600
2022-12-26,sz.000155,18.0800,18.3100,18.0400,18.2900,18.0800,6721623,122576946.2900
2022-12-27,sz.000155,18.3000,18.3900,18.1900,18.2400,18.2900,6096967,111332751.1700
2022-12-28,sz.000155,18.2300,18.5900,17.9200,18.1000,18.2400,10359795,188704388.7000
2022-12-29,sz.000155,18.0300,18.1900,17.8000,17.8700,18.1000,7524437,135099091.7100
2022-12-30,sz.000155,18.0100,18.1900,17.8300,17.8400,17.8700,5836943,104775277.6300
2023-01-03,sz.000155,17.7000,18.3300,17.6600,18.2700,17.8400,10092193,182023866.0700
2023-01-04,sz.000155,18.2800,18.3300,17.9300,18.0100,18.2700,7877545,142698432.8200
2023-01-05,sz.000155,18.1000,18.5000,18.1000,18.3800,18.0100,11695808,214475737.3200
2023-01-06,sz.000155,18.3500,19.1300,18.2100,18.7800,18.3800,19885156,374181701.0000
2023-01-09,sz.000155,18.8300,19.0800,18.7100,18.8200,18.7800,12060848,227968133.9300
2023-01-10,sz.000155,18.9200,18.9500,18.6000,18.7600,18.8200,9185683,172289803.9000
2023-01-11,sz.000155,18.7600,18.8500,18.3900,18.4600,18.7600,8987506,167031790.4100
2023-01-12,sz.000155,18.4500,18.9700,18.4300,18.5200,18.4600,8825133,165003215.5900
2023-01-13,sz.000155,18.5400,18.8000,18.3100,18.4900,18.5200,7172600,132800047.4300
2023-01-16,sz.000155,18.5100,18.9400,18.4000,18.8200,18.4900,10766201,202016914.9400
2023-01-17,sz.000155,19.3000,19.3800,18.9400,18.9700,18.8200,12530593,238872331.7300
2023-01-18,sz.000155,19.0000,19.1800,18.8900,18.9300,18.9700,7324946,139228916.5200
2023-01-19,sz.000155,18.9500,18.9900,18.7300,18.9300,18.9300,7081557,133664150.2800
2023-01-20,sz.000155,18.9600,19.5100,18.9600,19.3500,18.9300,13964444,269210823.8500
2023-01-30,sz.000155,19.7000,20.0100,19.5600,19.6300,19.3500,18378198,363765309.6800
2023-01-31,sz.000155,19.5300,19.7800,19.4900,19.7600,19.6300,9714374,191041895.1000
2023-02-01,sz.000155,19.7300,19.9400,19.6600,19.8100,19.7600,11907904,235870960.8200
2023-02-02,sz.000155,19.8200,19.8200,19.4300,19.4700,19.8100,13782915,269879070.6100
2023-02-03,sz.000155,19.4700,19.4900,19.0000,19.2400,19.4700,11401520,218929768.1600
2023-02-06,sz.000155,19.1200,19.2300,19.0100,19.1500,19.2400,7458358,142559308.0000
2023-02-07,sz.000155,18.9600,19.0000,18.1800,18.5200,19.1500,30912848,571054722.3100
2023-02-08,sz.000155,18.5200,18.9500,18.4200,18.5700,18.5200,19773790,370349515.7200
2023-02-09,sz.000155,18.4100,18.5000,17.9500,18.4800,18.5700,25852064,470737093.3600
2023-02-10,sz.000155,18.4000,18.4500,18.1900,18.2800,18.4800,12505666,228866253.7100
2023-02-13,sz.000155,18.2400,18.3400,18.1200,18.2000,18.2800,13248466,241293945.3100
2023-02-14,sz.000155,18.2000,18.3000,18.1300,18.2600,18.2000,11385069,207257764.6900
2023-02-15,sz.000155,18.2500,18.3400,18.0100,18.1100,18.2600,13342921,242113538.9000
2023-02-16,sz.000155,18.1000,18.1700,17.6600,17.8000,18.1100,20798015,372476507.5600
2023-02-17,sz.000155,17.7600,17.8300,17.6000,17.7000,17.8000,11532695,204374389.0900
2023-02-20,sz.000155,17.5100,17.7600,17.3000,17.7500,17.7000,14212650,249266355.3000
2023-02-21,sz.000155,17.7200,18.1100,17.6900,17.9500,17.7500,13082654,234699704.8300
2023-02-22,sz.000155,17.9000,17.9300,17.7300,17.7900,17.9500,8362848,148949399.3800
2023-02-23,sz.000155,17.7600,17.9000,17.7600,17.8300,17.7900,6764210,120453519.9900
2023-02-24,sz.000155,17.8700,17.9900,17.8000,17.9700,17.8300,8329549,149074969.7800
2023-02-27,sz.000155,18.1000,18.3600,18.0100,18.2900,17.9700,18577123,338461717.5900
2023-02-28,sz.000155,18.3800,18.3800,18.0300,18.2100,18.2900,11046303,200353840.4600
2023-03-01,sz.000155,18.1900,18.2100,18.0500,18.1800,18.2100,9777543,177059594.3300
2023-03-02,sz.000155,18.1300,18.1500,17.8400,17.8600,18.1800,12153920,218236602.4700
2023-03-03,sz.000155,17.8600,17.9700,17.7500,17.8100,17.8600,6716365,119767443.3500
2023-03-06,sz.000155,17.8200,17.9300,17.6800,17.8900,17.8100,7999858,142695293.4300
2023-03-07,sz.000155,17.8500,17.8800,17.5000,17.5000,17.8900,8512900,150480218.8900
2023-03-08,sz.000155,17.5000,17.6500,17.4100,17.6500,17.5000,4769739,83677778.1000
2023-03-09,sz.000155,17.6400,17.7600,17.5500,17.5600,17.6500,4995042,88134175.0300
2023-03-10,sz.000155,17.5000,17.5400,16.9900,17.0300,17.5600,11673184,200330840.6900
2023-03-13,sz.000155,17.0000,17.1000,16.4100,16.5900,17.0300,13292649,220762557.3300
2023-03-14,sz.000155,16.5900,16.6000,15.8000,16.1000,16.5900,21957386,353258332.5100
2023-03-15,sz.000155,16.1000,16.2800,15.8600,15.8800,16.1000,15105874,241761377.2800
2023-03-16,sz.000155,15.8000,16.0100,15.3500,15.3800,15.8800,15982464,249498812.0300
2023-03-17,sz.000155,15.5100,15.7800,15.4000,15.4900,15.3800,15390737,239798723.8900
2023-03-20,sz.000155,15.4300,15.6600,15.2500,15.4700,15.4900,11765296,181448746.5700
2023-03-21,sz.000155,15.5800,16.0000,15.5700,15.9900,15.4700,15592472,246460771.6800
2023-03-22,sz.000155,16.0600,16.2000,15.8500,16.0000,15.9900,11639608,186520583.3700
2023-03-23,sz.000155,15.9200,16.0900,15.8700,15.9800,16.0000,8543424,136436148.2400
2023-03-24,sz.000155,16.0300,16.1000,15.8700,15.9300,15.9800,9270396,148105241.7200
2023-03-27,sz.000155,15.9000,15.9400,15.7200,15.8200,15.9300,11734132,185551281.0300
2023-03-28,sz.000155,15.9300,15.9300,15.6500,15.7000,15.8200,8286800,130506484.0000
2023-03-29,sz.000155,15.7100,15.9300,15.5600,15.5800,15.7000,9057277,142344893.9700
2023-03-30,sz.000155,15.5800,15.7500,15.4500,15.7000,15.5800,9609887,150132510.5400
2023-03-31,sz.000155,15.7500,16.0800,15.7400,15.9200,15.7000,12688563,202010716.1400
2023-04-03,sz.000155,15.9200,16.3500,15.7200,16.2200,15.9200,19713327,317104717.8900
2023-04-04,sz.000155,16.2500,16.2500,15.8500,16.0400,16.2200,15534313,248371724.0200
2023-04-06,sz.000155,15.9500,16.2500,15.7900,16.0300,16.0400,12411977,199621419.8200
2023-04-07,sz.000155,16.0000,16.1500,15.6400,15.6700,16.0300,17490889,276327646.0100
2023-04-10,sz.000155,15.7200,15.7800,15.5600,15.6800,15.6700,11147989,174815308.2500
2023-04-11,sz.000155,15.6500,15.7900,15.5000,15.7600,15.6800,10493590,164348173.4400
2023-04-12,sz.000155,15.7600,15.8000,15.4300,15.4600,15.7600,12086089,187670908.1400
2023-04-13,sz.000155,15.4600,15.5300,15.2500,15.2500,15.4600,10510890,161120456.6600
2023-04-14,sz.000155,15.1000,16.0000,15.0600,15.8200,15.2500,24711574,386917702.5800
2023-04-17,sz.000155,15.8200,15.9500,15.7400,15.8800,15.8200,11681835,184985334.2600
2023-04-18,sz.000155,15.9000,16.2700,15.6700,15.7200,15.8800,18692397,298455494.9800
2023-04-19,sz.000155,15.6600,15.6900,15.4700,15.4900,15.7200,10794798,167777398.9400
2023-04-20,sz.000155,15.4800,15.4900,15.0100,15.0800,15.4900,13037762,197430140.8500
2023-04-21,sz.000155,15.0300,15.2200,14.4400,14.4600,15.0800,17311735,255374359.0200
2023-04-24,sz.000155,14.4200,15.1900,14.2200,14.8700,14.4600,15126364,223884640.7200
2023-04-25,sz.000155,14.7800,14.8000,13.8600,14.1100,14.8700,19944386,281941606.5800
2023-04-26,sz.000155,14.1300,14.9200,13.9700,14.5400,14.1100,16521402,240214682.1000
2023-04-27,sz.000155,14.4600,14.6300,14.3200,14.5000,14.5400,10773400,155728885.7000
2023-04-28,sz.000155,14.6300,14.8500,14.4500,14.6400,14.5000,12612104,184416013.0500
2023-05-04,sz.000155,14.6400,14.9100,14.5500,14.7100,14.6400,13035013,191922149.6500
2023-05-05,sz.000155,14.6900,14.7100,14.3100,14.4100,14.7100,11339563,164055230.8200
2023-05-08,sz.000155,14.4600,14.6900,14.4300,14.5700,14.4100,9556473,139080029.3200
2023-05-09,sz.000155,14.5500,14.7000,14.3200,14.4400,14.5700,10542300,152739293.7800
2023-05-10,sz.000155,14.4200,14.8000,14.3900,14.7000,14.4400,10915100,159740407.2100
2023-05-11,sz.000155,14.7700,14.9100,14.6400,14.8200,14.7000,9525970,140940683.3500
2023-05-12,sz.000155,14.7900,15.0700,14.5400,14.5700,14.8200,12338489,181490175.0200
2023-05-15,sz.000155,14.6100,15.6300,14.6100,15.6300,14.5700,36327007,555222200.4600
2023-05-16,sz.000155,15.6300,15.6300,15.2200,15.3300,15.6300,23455751,360685806.8600
2023-05-17,sz.000155,15.3300,15.4800,15.1100,15.3900,15.3300,13528741,206985786.0500
2023-05-18,sz.000155,15.3900,15.3900,14.9600,15.1300,15.3900,15062960,227901351.7600
2023-05-19,sz.000155,15.1100,15.1100,14.8300,14.9400,15.1300,8616367,128693047.3100
2023-05-22,sz.000155,14.9500,15.2300,14.8100,15.1500,14.9400,12672476,191360354.9600
2023-05-23,sz.000155,15.1600,15.2800,14.9400,14.9600,15.1500,11013790,166145396.1500
2023-05-24,sz.000155,14.8100,15.0200,14.6800,14.7000,14.9600,11035281,163629887.1700
2023-05-25,sz.000155,14.6000,14.8200,14.4100,14.6900,14.7000,11095636,162542348.4800
2023-05-26,sz.000155,14.7000,14.7500,14.2200,14.2900,14.6900,13658140,196218735.4400
2023-05-29,sz.000155,14.2700,14.3500,13.9800,13.9900,14.2900,12934326,182201415.9600
2023-05-30,sz.000155,14.0100,14.3400,13.9800,14.1600,13.9900,11713089,165542832.2900
2023-05-31,sz.000155,14.1000,14.1200,13.8100,14.0100,14.1600,10972356,152508493.9200
2023-06-01,sz.000155,13.9400,14.1200,13.7900,14.0300,14.0100,9378966,131542377.1400
2023-06-02,sz.000155,14.0400,15.2000,14.0200,14.8900,14.0300,32424285,476484168.5500
2023-06-05,sz.000155,14.8200,15.0800,14.7400,14.9100,14.8900,16516167,246229925.4500
2023-06-06,sz.000155,14.9100,14.9100,14.3300,14.3800,14.9100,13000515,189369824.3500
2023-06-07,sz.000155,14.4700,14.5700,14.1000,14.1800,14.3800,8611141,122606827.1100
2023-06-08,sz.000155,14.1900,14.5600,14.1800,14.2200,14.1800,12512847,179531984.7600
2023-06-09,sz.000155,14.1800,14.4600,14.1100,14.2500,14.2200,13813208,196933270.2800
2023-06-12,sz.000155,14.2500,14.3200,14.0700,14.2700,14.2500,9696033,137520388.5800
2023-06-13,sz.000155,14.2600,14.3300,14.1600,14.1800,14.2700,8308200,118085470.0900
2023-06-14,sz.000155,14.2200,14.2600,14.0000,14.0300,14.1800,10014460,140997418.8600
2023-06-15,sz.000155,14.0400,14.4400,13.9500,14.4100,14.0300,16556211,236039199.4000
2023-06-16,sz.000155,14.3900,14.5100,14.2600,14.4300,14.4100,11707544,168418590.9200
2023-06-19,sz.000155,14.3900,14.4200,14.1900,14.2000,14.4300,9280034,132423748.1800
2023-06-20,sz.000155,14.2200,14.2700,14.1000,14.1300,14.2000,7795589,110375785.8300
2023-06-21,sz.000155,14.1600,14.2700,13.8600,13.8800,14.1300,12843017,180065016.7000
2023-06-26,sz.000155,13.8600,14.1800,13.8000,13.9700,13.8800,11625615,162751449.9000
2023-06-27,sz.000155,13.9900,14.3200,13.8000,14.3100,13.9700,17719218,249536456.4900
2023-06-28,sz.000155,14.2000,14.4200,14.1500,14.2900,14.3100,11486032,164182217.9000
2023-06-29,sz.000155,14.2100,14.2800,14.0900,14.1000,14.2900,8901434,125921514.3500
2023-06-30,sz.000155,14.1000,14.4600,14.1000,14.4000,14.1000,15531519,222920145.2800
2023-07-03,sz.000155,14.4800,14.6500,14.4200,14.4900,14.4000,12979771,188477483.2100
2023-07-04,sz.000155,14.4800,14.5500,14.3400,14.5100,14.4900,11531565,166482914.1900
2023-07-05,sz.000155,14.5900,15.3000,14.5900,15.0900,14.5100,38402350,577219998.5500
2023-07-06,sz.000155,15.0200,15.0600,14.7500,14.9000,15.0900,19533499,290212583.6900
2023-07-07,sz.000155,14.8000,15.0200,14.7100,14.7900,14.9000,13438744,199685477.3600
2023-07-10,sz.000155,14.9900,15.3500,14.9600,15.1500,14.7900,21472261,326046067.5500
2023-07-11,sz.000155,15.1500,15.1600,14.8000,15.0000,15.1500,13800286,205876842.7600
2023-07-12,sz.000155,14.9200,15.0200,14.8000,14.8100,15.0000,11938193,177629504.8000
2023-07-13,sz.000155,14.8800,15.0000,14.8100,14.8600,14.8100,8438173,125522753.6400
2023-07-14,sz.000155,14.8000,14.8000,14.5500,14.6100,14.8600,10858846,158808664.7800
2023-07-17,sz.000155,14.6500,14.8000,14.5900,14.6900,14.6100,7316660,107452484.4700
2023-07-18,sz.000155,14.6100,14.7200,14.4500,14.6600,14.6900,9091919,132489907.8500
2023-07-19,sz.000155,14.5700,14.7700,14.5600,14.6300,14.6600,5514102,80729027.9400
2023-07-20,sz.000155,14.6600,14.9800,14.6400,14.8600,14.6300,14718885,218308211.3400
2023-07-21,sz.000155,14.7600,14.8400,14.5800,14.6800,14.8600,9173591,134826639.1800
2023-07-24,sz.000155,14.6700,14.6800,14.0900,14.1000,14.6800,13968936,198965008.2000
2023-07-25,sz.000155,14.2500,14.4800,14.2500,14.4000,14.1000,14789640,212840267.1400
2023-07-26,sz.000155,14.4000,14.5700,14.3000,14.3800,14.4000,8234300,118927497.0600
2023-07-27,sz.000155,14.4800,14.4800,14.1200,14.2000,14.3800,8665775,123808492.3700
2023-07-28,sz.000155,14.1600,14.3600,14.0700,14.3300,14.2000,6307804,89911537.9200
2023-07-31,sz.000155,14.3800,14.7000,14.3500,14.5800,14.3300,12255258,178399169.6000
2023-08-01,sz.000155,14.5000,14.5700,14.4500,14.5400,14.5800,6302300,91444352.0000
2023-08-02,sz.000155,14.5200,14.5300,14.3700,14.3900,14.5400,5948689,85824401.6100
2023-08-03,sz.000155,14.3900,14.5100,14.3300,14.4200,14.3900,6850440,98840373.0000
2023-08-04,sz.000155,14.5000,14.6100,14.4300,14.4800,14.4200,8314035,120621943.4000
2023-08-07,sz.000155,14.5700,14.5800,14.4300,14.5300,14.4800,5845285,84753703.6100
2023-08-08,sz.000155,14.5400,14.5400,14.2600,14.3900,14.5300,6749742,97081902.3000
2023-08-09,sz.000155,14.3300,14.4200,14.2800,14.3200,14.3900,4614300,66096303.0000
2023-08-10,sz.000155,14.4000,14.5500,14.3600,14.3800,14.3200,4605300,66421788.6600
2023-08-11,sz.000155,14.4600,14.4900,14.0300,14.0700,14.3800,9312441,132117976.6000
2023-08-14,sz.000155,14.0000,14.0600,13.8800,13.9800,14.0700,8565044,119418150.4800
2023-08-15,sz.000155,13.9600,14.0300,13.6700,13.7900,13.9800,7546456,104549630.5600
2023-08-16,sz.000155,13.7600,13.8600,13.6700,13.7900,13.7900,4889796,67441066.4500
2023-08-17,sz.000155,13.7800,13.9000,13.5500,13.8600,13.7900,6635947,91119886.5500
2023-08-18,sz.000155,13.8500,13.9300,13.5600,13.5700,13.8600,5557817,76231406.1300
2023-08-21,sz.000155,13.5700,13.6600,13.2400,13.2500,13.5700,7222226,97055862.5000
2023-08-22,sz.000155,13.2700,13.3900,12.6300,12.9400,13.2500,14725233,190234634.8900
2023-08-23,sz.000155,12.9500,12.9600,12.4800,12.4800,12.9400,9297805,117704099.8400
2023-08-24,sz.000155,12.4800,12.6500,12.3300,12.4600,12.4800,6698679,83778586.4100
2023-08-25,sz.000155,12.4200,12.6300,12.2800,12.3200,12.4600,7656597,95021333.6600
2023-08-28,sz.000155,13.0500,13.1300,12.6000,12.6500,12.3200,19536737,252863246.7500
2023-08-29,sz.000155,12.6500,12.8800,12.5900,12.8100,12.6500,10019800,127590285.0600
2023-08-30,sz.000155,12.8800,12.9400,12.7100,12.7700,12.8100,7171700,91832560.0000
2023-08-31,sz.000155,12.7700,12.7900,12.5900,12.6300,12.7700,6497032,82212862.1600
2023-09-01,sz.000155,12.6300,12.7300,12.5300,12.7300,12.6300,5059116,63955009.9200
2023-09-04,sz.000155,12.8100,13.0600,12.7200,12.9600,12.7300,11088446,143302852.8000
2023-09-05,sz.000155,12.9100,12.9900,12.8300,12.9500,12.9600,6700745,86610896.7200
2023-09-06,sz.000155,12.9000,13.0200,12.8600,12.9900,12.9500,6763700,87533659.0000
2023-09-07,sz.000155,13.1400,13.1700,12.5300,12.5400,12.9900,13516600,172132792.0000
2023-09-08,sz.000155,12.3700,12.6400,12.3600,12.5500,12.5400,5455886,68361127.3000
2023-09-11,sz.000155,12.5500,12.8200,12.4800,12.7300,12.5500,6753600,85747763.0000
2023-09-12,sz.000155,12.7200,13.1000,12.6900,12.8200,12.7300,9781600,126213646.0000
2023-09-13,sz.000155,12.8200,12.8600,12.6300,12.7200,12.8200,5336628,67976297.4300
2023-09-14,sz.000155,12.7100,12.7700,12.5700,12.6000,12.7200,4500601,56833703.6700
2023-09-15,sz.000155,12.5900,12.6500,12.4900,12.4900,12.6000,5103243,64038199.8700
2023-09-18,sz.000155,12.4400,12.7300,12.3800,12.6000,12.4900,6967200,87729646.2500
2023-09-19,sz.000155,12.5500,12.6100,12.3100,12.4400,12.6000,7565802,93968091.0500
2023-09-20,sz.000155,12.3200,12.4300,12.2100,12.2200,12.4400,6243001,76692889.2400
2023-09-21,sz.000155,12.2000,12.2700,12.0100,12.0300,12.2200,6171634,74749934.4600
2023-09-22,sz.000155,12.0300,12.1700,11.9800,12.1700,12.0300,6845611,82817387.4600
2023-09-25,sz.000155,12.1700,12.1800,11.8400,11.9300,12.1700,8688374,104132071.3400
2023-09-26,sz.000155,11.9300,11.9400,11.6100,11.6300,11.9300,8832057,103419297.4800
2023-09-27,sz.000155,11.5900,11.9000,11.5300,11.7100,11.6300,9545674,111894222.2900
2023-09-28,sz.000155,11.7600,12.0300,11.7200,11.9000,11.7100,8039035,95549077.8500
2023-10-09,sz.000155,11.8900,11.9000,11.7100,11.7900,11.9000,5327841,62793185.6900
2023-10-10,sz.000155,11.8300,12.1500,11.8300,11.8500,11.7900,8480461,101298734.6800
2023-10-11,sz.000155,11.9900,12.0000,11.8000,11.8200,11.8500,5619662,66761082.7000
2023-10-12,sz.000155,11.8800,12.3600,11.8600,12.3000,11.8200,19116572,232792587.5400
2023-10-13,sz.000155,12.2300,12.3100,12.0600,12.1200,12.3000,8554407,103856625.0500
2023-10-16,sz.000155,12.1100,12.1200,11.7100,11.7900,12.1200,9362126,110790523.6800
2023-10-17,sz.000155,11.8300,11.9500,11.7700,11.7900,11.7900,6184000,73195285.7400
2023-10-18,sz.000155,11.7800,11.7800,11.4500,11.4800,11.7900,8057318,93195292.6300
2023-10-19,sz.000155,11.3700,11.5400,11.2600,11.2800,11.4800,8367601,95074911.9200
2023-10-20,sz.000155,11.2100,11.8000,11.1400,11.6000,11.2800,15307056,176952124.3100
2023-10-23,sz.000155,11.5800,11.5800,11.1500,11.1800,11.6000,11605671,130842156.7800
2023-10-24,sz.000155,11.2700,11.5400,11.2500,11.4700,11.1800,11041461,126000089.5600
2023-10-25,sz.000155,11.5400,11.6500,11.4200,11.5400,11.4700,8276405,95818286.0500
2023-10-26,sz.000155,11.4500,11.4700,11.1800,11.4000,11.5400,9646471,108874031.8600
2023-10-27,sz.000155,11.3100,11.8500,11.2800,11.8100,11.4000,16209967,189662287.3200
2023-10-30,sz.000155,11.7500,11.8700,11.6800,11.8600,11.8100,9656354,113938872.6200
2023-10-31,sz.000155,11.9300,11.9300,11.6500,11.7200,11.8600,7877000,92297577.0000
2023-11-01,sz.000155,11.7500,11.7800,11.5600,11.6400,11.7200,6798079,79181682.1900
2023-11-02,sz.000155,11.7200,11.7300,11.4900,11.4900,11.6400,6794920,78644571.3600
2023-11-03,sz.000155,11.5000,11.6600,11.5000,11.6000,11.4900,7111140,82490513.1100
2023-11-06,sz.000155,11.6300,11.9800,11.6200,11.8800,11.6000,13257833,156986483.3500
2023-11-07,sz.000155,11.8600,11.8600,11.6000,11.6900,11.8800,12727478,148623804.7600
2023-11-08,sz.000155,11.6300,11.7200,11.5000,11.6500,11.6900,11434339,132904157.8900
2023-11-09,sz.000155,11.6200,11.8000,11.5700,11.6700,11.6500,9836362,115106372.3000
2023-11-10,sz.000155,11.6200,11.6500,11.4500,11.5500,11.6700,7644975,88136826.7500
2023-11-13,sz.000155,11.5500,11.6700,11.4900,11.5600,11.5500,6776651,78306730.6200
2023-11-14,sz.000155,11.5500,11.6100,11.3600,11.4400,11.5600,11253019,128979409.6900
2023-11-15,sz.000155,11.5000,12.5800,11.5000,12.5800,11.4400,45154096,549896955.4900
2023-11-16,sz.000155,12.5800,12.6900,12.3100,12.3900,12.5800,46699441,581562402.8500
2023-11-17,sz.000155,12.3400,13.2500,12.3400,12.9100,12.3900,62378783,805281980.1300
2023-11-20,sz.000155,12.9800,13.0500,12.7200,12.8500,12.9100,27415321,352074912.6200
2023-11-21,sz.000155,12.8800,12.9600,12.6000,12.6500,12.8500,20337302,258701827.3100
2023-11-22,sz.000155,12.5400,12.7600,12.4600,12.4900,12.6500,15359821,192767394.4300
2023-11-23,sz.000155,12.4100,12.6400,12.3400,12.6400,12.4900,15578100,194857554.0000
2023-11-24,sz.000155,12.5900,12.6000,12.3100,12.3400,12.6400,12472882,154583733.3400
2023-11-27,sz.000155,12.3000,12.3200,12.0400,12.1300,12.3400,12446625,151099800.1700
2023-11-28,sz.000155,12.0700,12.1700,11.9600,12.1700,12.1300,10224730,123593292.6800
2023-11-29,sz.000155,12.2600,12.2700,11.9100,11.9500,12.1700,10652705,128052894.7000
2023-11-30,sz.000155,11.9200,12.0300,11.6600,11.6600,11.9500,19233588,226175563.7200
2023-12-01,sz.000155,11.6900,11.7800,11.5500,11.6500,11.6600,13185199,153617212.4500
2023-12-04,sz.000155,11.6600,11.8800,11.6100,11.7400,11.6500,12798000,150507199.3000
2023-12-05,sz.000155,11.6400,12.9100,11.6300,12.9100,11.7400,45646379,579380598.6700
2023-12-06,sz.000155,12.8900,14.1000,12.7000,13.4000,12.9100,106625698,1428155160.0600
2023-12-07,sz.000155,13.0700,13.1000,12.7800,12.9400,13.4000,56554658,732425722.5100
2023-12-08,sz.000155,13.0200,13.1300,12.7500,12.7700,12.9400,31738820,408398352.5000
2023-12-11,sz.000155,12.6800,12.8600,12.3600,12.7300,12.7700,31477380,395952465.3300
2023-12-12,sz.000155,12.5800,12.8500,12.5200,12.6900,12.7300,21024700,265501033.6800
2023-12-13,sz.000155,12.6300,12.7000,12.3200,12.3600,12.6900,22499399,281160440.5500
2023-12-14,sz.000155,12.5600,12.6400,12.3400,12.3700,12.3600,24837401,309570893.5800
2023-12-15,sz.000155,12.3200,12.8800,12.2800,12.7800,12.3700,42709788,542257358.1800
2023-12-18,sz.000155,12.6800,12.9200,12.5100,12.6600,12.7800,28045832,356559953.5100
2023-12-19,sz.000155,12.5200,12.9800,12.3300,12.9200,12.6600,35034601,447736717.3400
2023-12-20,sz.000155,12.9400,13.1000,12.7600,12.8500,12.9200,30845236,398962271.2000
2023-12-21,sz.000155,12.6100,13.1500,12.5100,13.0500,12.8500,31708944,407330971.5700
2023-12-22,sz.000155,13.0000,13.4900,12.7800,13.3800,13.0500,47339163,623893436.1200
2023-12-25,sz.000155,13.2800,13.6400,13.1800,13.2100,13.3800,35955426,481543250.5000
2023-12-26,sz.000155,13.1400,13.2000,12.8600,12.8600,13.2100,25433747,329804962.1400
2023-12-27,sz.000155,12.8500,12.9600,12.3500,12.4800,12.8600,27266652,342249027.8000
2023-12-28,sz.000155,12.4800,13.7300,12.4400,13.3100,12.4800,51656845,681665694.4500
2023-12-29,sz.000155,13.1800,13.3800,13.1500,13.2900,13.3100,30493885,405084248.4200
2024-01-02,sz.000155,13.2500,13.4500,13.1100,13.3300,13.2900,28517278,380030436.5600
2024-01-03,sz.000155,13.2300,13.9000,13.1900,13.8700,13.3300,54522232,741279297.6300
2024-01-04,sz.000155,13.7100,13.7500,13.4700,13.6200,13.8700,31632382,430014865.2900
2024-01-05,sz.000155,13.5000,13.8000,13.0300,13.3000,13.6200,30870916,414780910.5100
2024-01-08,sz.000155,13.2100,13.5500,13.1100,13.3000,13.3000,21261096,284918480.5400
2024-01-09,sz.000155,13.2900,13.7300,13.1500,13.7000,13.3000,31918109,432544619.3900
2024-01-10,sz.000155,13.5700,13.9500,13.3200,13.3400,13.7000,38009860,519495990.0300
2024-01-11,sz.000155,13.2500,13.8800,13.1300,13.7400,13.3400,40539590,551772477.3600
2024-01-12,sz.000155,13.6100,13.8100,13.4600,13.5000,13.7400,27100517,369417119.6900
2024-01-15,sz.000155,13.3800,13.6500,13.3200,13.3400,13.5000,18187231,244154124.3000
2024-01-16,sz.000155,13.3400,13.4900,12.7900,13.1100,13.3400,30530496,399714422.7800
2024-01-17,sz.000155,12.9900,13.0000,12.3700,12.3900,13.1100,23656201,299518114.1900
2024-01-18,sz.000155,12.2000,12.6900,11.9100,12.6600,12.3900,23150477,284409137.1800
2024-01-19,sz.000155,12.6000,12.8500,12.2000,12.2200,12.6600,17039362,213672192.1600
2024-01-22,sz.000155,12.1000,12.1600,11.2700,11.4100,12.2200,25101327,292846322.6500
2024-01-23,sz.000155,11.4300,11.6400,11.1400,11.5400,11.4100,14064152,161429547.1900
2024-01-24,sz.000155,11.5600,11.6700,11.0200,11.5300,11.5400,18385715,209123266.8700
2024-01-25,sz.000155,11.5000,12.0000,11.3500,11.9900,11.5300,21773499,255141853.3900
2024-01-26,sz.000155,11.8600,12.0300,11.8100,11.8500,11.9900,14060451,167627980.0500
2024-01-29,sz.000155,11.8400,11.9200,11.3100,11.3400,11.8500,15112837,174674247.1500
2024-01-30,sz.000155,11.2800,11.5400,11.0700,11.1100,11.3400,12769941,144298260.1300
2024-01-31,sz.000155,11.0200,11.2000,10.0000,10.0000,11.1100,30514528,317510943.1000
2024-02-01,sz.000155,9.8500,10.1700,9.7700,9.8200,10.0000,18043299,179376526.3600
2024-02-02,sz.000155,9.8600,10.0500,9.1000,9.4000,9.8200,22690835,216409454.6400
2024-02-05,sz.000155,9.3100,9.3200,8.4600,8.6400,9.4000,28287433,249667872.2200
2024-02-06,sz.000155,8.6500,9.5000,8.6500,9.5000,8.6400,26736822,245635822.8000
2024-02-07,sz.000155,9.6300,10.3000,9.6000,10.1900,9.5000,31605854,318919713.6100
2024-02-08,sz.000155,10.2200,10.9800,10.1500,10.6100,10.1900,26851498,287340711.5100
2024-02-19,sz.000155,10.8500,10.8500,10.3700,10.5200,10.6100,17199737,181763384.5200
2024-02-20,sz.000155,10.5200,10.5200,10.2800,10.4500,10.5200,12830814,133229311.3800
2024-02-21,sz.000155,10.4000,10.8800,10.3200,10.5900,10.4500,18642853,198649985.9800
2024-02-22,sz.000155,10.5800,10.7200,10.5000,10.6700,10.5900,13181470,139984828.7000
2024-02-23,sz.000155,10.6900,10.9100,10.6000,10.8800,10.6700,15437385,166629345.5900
2024-02-26,sz.000155,10.9100,11.1000,10.7700,10.8300,10.8800,15921240,173517153.9400
2024-02-27,sz.000155,10.7500,11.0700,10.7400,11.0700,10.8300,15876915,173338203.2200
2024-02-28,sz.000155,11.1700,11.5800,10.8400,10.8500,11.0700,29983306,338165723.2200
2024-02-29,sz.000155,10.7800,11.4200,10.7700,11.4100,10.8500,24051502,269389136.9800
2024-03-01,sz.000155,11.4100,11.5200,11.2300,11.3700,11.4100,15075073,171301426.0800
2024-03-04,sz.000155,11.3700,11.5100,11.2400,11.3200,11.3700,14011295,158932281.8700
2024-03-05,sz.000155,11.2000,11.2700,11.0600,11.1200,11.3200,12396314,138141612.5800
2024-03-06,sz.000155,11.0500,11.3200,10.9500,11.1600,11.1200,13702785,152305592.3000
2024-03-07,sz.000155,11.1600,11.2400,10.9400,10.9400,11.1600,11695350,129980522.5000
2024-03-08,sz.000155,10.9200,11.1200,10.8400,10.9900,10.9400,10705800,117601235.0000
2024-03-11,sz.000155,11.0800,11.5200,11.0500,11.4700,10.9900,23639958,268558058.7400
2024-03-12,sz.000155,11.5100,11.5700,11.3200,11.3600,11.4700,17467903,198767744.0000
2024-03-13,sz.000155,11.3700,11.4200,11.2600,11.3700,11.3600,12465136,141384505.7200
2024-03-14,sz.000155,11.2900,11.4200,11.1300,11.2400,11.3700,10432700,117821566.4400
2024-03-15,sz.000155,11.1800,11.3700,11.1200,11.3600,11.2400,10522806,118546442.4400
2024-03-18,sz.000155,11.3400,11.5300,11.3400,11.4900,11.3600,15951122,182599742.6500
2024-03-19,sz.000155,11.5200,11.6500,11.3900,11.3900,11.4900,12712508,146092701.2100
2024-03-20,sz.000155,11.3800,11.4700,11.3300,11.4300,11.3900,8935129,101963575.4300
2024-03-21,sz.000155,11.4600,11.4800,11.2600,11.2900,11.4300,10244301,116180425.6100
2024-03-22,sz.000155,11.2900,11.3100,10.8800,10.9200,11.2900,15449492,170324423.8300
2024-03-25,sz.000155,10.8600,11.2500,10.7600,10.7800,10.9200,14920277,163569322.3400
2024-03-26,sz.000155,10.7400,10.9300,10.5600,10.8200,10.7800,12277393,131929271.1500
2024-03-27,sz.000155,10.7800,10.8600,10.3000,10.3200,10.8200,11058125,116706843.4500
2024-03-28,sz.000155,10.2900,10.5600,10.2700,10.4300,10.3200,9915264,103621958.0800
2024-03-29,sz.000155,10.4200,10.5900,10.4100,10.5500,10.4300,7617500,80080167.0000
2024-04-01,sz.000155,10.6900,11.0300,10.5600,10.9600,10.5500,14429800,157682971.0000
2024-04-02,sz.000155,11.0600,11.3100,10.9200,11.2400,10.9600,19631720,218706065.7200
2024-04-03,sz.000155,11.2200,11.3100,11.0200,11.0900,11.2400,14903136,166200109.0500
2024-04-08,sz.000155,11.0000,11.2500,10.9700,10.9800,11.0900,13172800,146150433.7300
2024-04-09,sz.000155,10.9400,11.3200,10.9300,11.2100,10.9800,17031987,190853286.8700
2024-04-10,sz.000155,11.2200,11.2500,11.0100,11.0700,11.2100,13469534,149407825.9700
2024-04-11,sz.000155,10.9900,11.1700,10.8300,11.0400,11.0700,12502845,137807478.8500
2024-04-12,sz.000155,11.1800,11.1900,10.8700,10.8800,11.0400,12120000,133073448.0000
2024-04-15,sz.000155,10.8200,11.0000,10.5200,10.8100,10.8800,13561272,146008900.4800
2024-04-16,sz.000155,10.6800,10.8000,10.0800,10.1000,10.8100,18732562,194279187.3100
2024-04-17,sz.000155,10.2000,10.6700,10.2000,10.6500,10.1000,16399745,172800081.3300
2024-04-18,sz.000155,10.6600,10.7200,10.4000,10.5200,10.6500,10759567,113687485.1500
2024-04-19,sz.000155,10.4500,10.4900,10.1900,10.1900,10.5200,10714028,110331405.6100
2024-04-22,sz.000155,10.1800,10.2800,10.0400,10.0900,10.1900,8239800,83516863.0000
2024-04-23,sz.000155,10.1100,10.1800,9.9300,9.9900,10.0900,7828700,78550045.0000
2024-04-24,sz.000155,9.9100,10.0200,9.6300,9.9600,9.9900,11015755,108443579.1500
2024-04-25,sz.000155,9.9900,10.3100,9.9700,10.1800,9.9600,11400800,115997057.0000
2024-04-26,sz.000155,10.1800,10.3800,10.1000,10.3700,10.1800,12090401,124103705.2900
2024-04-29,sz.000155,10.8000,11.4100,10.7900,11.4100,10.3700,24391743,274794262.8100
2024-04-30,sz.000155,11.5400,11.8600,11.4100,11.6300,11.4100,49504973,576782681.4500
2024-05-06,sz.000155,11.7800,12.0500,11.5700,11.6500,11.6300,31476583,369160238.7700
2024-05-07,sz.000155,11.7000,11.9000,11.6300,11.8800,11.6500,23973742,282243607.4800
2024-05-08,sz.000155,11.8800,12.1200,11.7300,11.7600,11.8800,32939643,393042625.8200
2024-05-09,sz.000155,11.7700,12.1100,11.7700,11.9700,11.7600,27983066,335297388.3300
2024-05-10,sz.000155,11.9500,12.5000,11.9300,12.3600,11.9700,41360247,508833468.0700
2024-05-13,sz.000155,12.2900,12.5500,12.0100,12.2800,12.3600,34023966,419375000.1000
2024-05-14,sz.000155,12.1800,12.2800,12.0600,12.0900,12.2800,26348405,319530494.0700
2024-05-15,sz.000155,12.0400,12.1500,11.7600,11.7900,12.0900,23044537,274092945.1500
2024-05-16,sz.000155,11.8700,11.9600,11.6700,11.7200,11.7900,13782437,162711711.7500
2024-05-17,sz.000155,11.6700,11.8400,11.6700,11.8300,11.7200,12137065,142859570.9500
2024-05-20,sz.000155,11.8300,12.0300,11.7400,12.0000,11.8300,18020521,215025105.2200
2024-05-21,sz.000155,11.9500,11.9500,11.7500,11.7800,12.0000,11974600,141341140.0000
2024-05-22,sz.000155,11.7500,12.0200,11.7500,11.9100,11.7800,13467200,160146433.0000
2024-05-23,sz.000155,11.8700,11.8800,11.5400,11.5800,11.9100,13673052,159565114.8800
2024-05-24,sz.000155,11.4800,11.9100,11.4800,11.6900,11.5800,17034068,200679523.4000
2024-05-27,sz.000155,11.6600,11.8000,11.5400,11.7100,11.6900,14208000,165628911.9800
2024-05-28,sz.000155,11.6500,12.1100,11.6300,11.9900,11.7100,31685077,377813587.8100
2024-05-29,sz.000155,11.9900,12.0000,11.5900,11.7000,11.9900,26426807,311310673.1800
2024-05-30,sz.000155,11.7100,11.9200,11.5900,11.6300,11.7000,19179125,225164284.2000
2024-05-31,sz.000155,11.6000,11.8500,11.6000,11.7500,11.6300,15791867,185421188.6700
2024-06-03,sz.000155,11.7000,11.7400,11.4700,11.5800,11.7500,15660797,180750434.2900
2024-06-04,sz.000155,11.5300,11.7100,11.4000,11.6900,11.5800,13056053,151415236.9200
2024-06-05,sz.000155,11.6600,11.8000,11.6000,11.6400,11.6900,11691971,136932799.8400
2024-06-06,sz.000155,11.6900,11.8300,11.5600,11.5700,11.6400,16958376,198697377.0200
2024-06-07,sz.000155,11.5800,11.7000,11.3500,11.5800,11.5700,16611531,190561925.0000
2024-06-11,sz.000155,11.4600,11.5900,11.4100,11.5600,11.5800,8757588,100651542.1800
2024-06-12,sz.000155,11.5400,11.8500,11.5400,11.7700,11.5600,13492349,158393087.5700
2024-06-13,sz.000155,11.7700,11.9000,11.5200,11.8900,11.7700,18737893,219798260.6400
2024-06-14,sz.000155,11.9000,11.9000,11.6800,11.8300,11.8900,14262102,168266406.0300
2024-06-17,sz.000155,11.7500,11.9800,11.5600,11.5700,11.8300,15418650,180863560.2500
2024-06-18,sz.000155,11.5500,11.6000,11.2500,11.5600,11.5700,13324304,152671436.6600
2024-06-19,sz.000155,11.5000,11.5500,11.3100,11.3300,11.5600,9122821,103800810.7700
2024-06-20,sz.000155,11.3300,11.4000,11.0000,11.0500,11.3300,12561017,139781723.8700
2024-06-21,sz.000155,11.0500,11.4700,11.0100,11.2000,11.0500,15148395,171285454.2500
2024-06-24,sz.000155,11.0500,11.1500,10.8000,10.9000,11.2000,11593255,126895484.1000
2024-06-25,sz.000155,10.8900,10.9800,10.6400,10.7200,10.9000,8927756,96286164.8800
2024-06-26,sz.000155,10.7400,11.1000,10.6700,11.1000,10.7200,11806201,128654937.8500
2024-06-27,sz.000155,11.0500,11.0800,10.7000,10.7400,11.1000,10288100,111682592.0000
2024-06-28,sz.000155,10.7300,10.9100,10.6900,10.7700,10.7400,10260200,111072085.0000
2024-07-01,sz.000155,10.7000,11.0000,10.7000,10.9500,10.7700,10298800,112312333.0000
2024-07-02,sz.000155,10.9500,10.9700,10.8200,10.8500,10.9500,8376900,91191291.0000
2024-07-03,sz.000155,10.8500,10.9500,10.7600,10.8300,10.8500,8297900,90127420.0000
2024-07-04,sz.000155,10.8500,10.8800,10.5000,10.5300,10.8300,7025365,74902006.7000
2024-07-05,sz.000155,10.5600,10.6400,10.4600,10.5900,10.5300,5314113,56185769.1500
2024-07-08,sz.000155,10.5800,10.5900,10.3600,10.4000,10.5900,6097000,63656677.0000
2024-07-09,sz.000155,10.4100,10.6900,10.2100,10.5800,10.4000,8817793,92311900.0100
2024-07-10,sz.000155,10.5500,10.8500,10.4700,10.4900,10.5800,9494300,101186585.0000
2024-07-11,sz.000155,10.6800,10.8900,10.6200,10.8200,10.4900,11987124,129235870.9600
2024-07-12,sz.000155,10.7900,10.8300,10.6600,10.6900,10.8200,7527600,80750338.0000
2024-07-15,sz.000155,10.7000,10.7700,10.3300,10.4000,10.6900,12686213,132514015.9400
2024-07-16,sz.000155,10.3700,10.4400,10.2000,10.2800,10.4000,7976591,82033235.5100
2024-07-17,sz.000155,10.2800,10.3100,10.1300,10.1400,10.2800,7589300,77319921.0000
2024-07-18,sz.000155,10.1200,10.2500,9.9500,10.2100,10.1400,7174140,72557409.8000
2024-07-19,sz.000155,10.2100,10.2400,10.0600,10.0900,10.2100,8196300,83019779.0000
2024-07-22,sz.000155,10.1000,10.2000,9.9900,10.0100,10.0900,8264800,83186869.0000
2024-07-23,sz.000155,10.0500,10.0900,9.7000,9.7300,10.0100,9572100,94295101.0000
2024-07-24,sz.000155,9.7100,9.8500,9.6100,9.6200,9.7300,7852500,76116932.0000
2024-07-25,sz.000155,9.6200,9.9500,9.6000,9.8300,9.6200,10380262,101783303.6000
2024-07-26,sz.000155,9.8300,10.0600,9.8000,9.9100,9.8300,9373662,93181188.0400
2024-07-29,sz.000155,9.9500,9.9500,9.7100,9.8100,9.9100,5983446,58590488.8000
2024-07-30,sz.000155,9.8100,9.8300,9.6900,9.7700,9.8100,5662487,55231417.2500
2024-07-31,sz.000155,9.7700,10.0900,9.7100,10.0800,9.7700,13052946,130329714.9400
2024-08-01,sz.000155,10.0800,10.1700,9.8800,9.9200,10.0800,11505484,114760255.0500
2024-08-02,sz.000155,9.9000,9.9800,9.8000,9.8100,9.9200,7809800,77182987.0000
2024-08-05,sz.000155,9.7800,9.9800,9.6500,9.6600,9.8100,9443697,92522138.2400
2024-08-06,sz.000155,9.7600,9.8700,9.6800,9.7800,9.6600,7702500,75281267.0000
2024-08-07,sz.000155,9.7900,9.8700,9.6700,9.8200,9.7800,6281820,61486929.2000
2024-08-08,sz.000155,9.7600,9.8400,9.6300,9.7800,9.8200,6493271,63141817.4400
2024-08-09,sz.000155,9.8200,9.8700,9.7000,9.7100,9.7800,6529562,63757495.9800
2024-08-12,sz.000155,9.7200,9.7900,9.6100,9.6200,9.7100,5646256,54528004.8200
2024-08-13,sz.000155,9.6000,9.6600,9.4000,9.6300,9.6200,7158300,68376058.3800
2024-08-14,sz.000155,9.6300,9.6700,9.4600,9.4600,9.6300,5169400,49244140.0000
2024-08-15,sz.000155,9.4500,9.6400,9.3200,9.5400,9.4600,7923119,75324674.6000
2024-08-16,sz.000155,9.5600,9.5600,9.3800,9.4100,9.5400,6055400,57168050.0000
2024-08-19,sz.000155,9.4000,9.4900,9.2500,9.3000,9.4100,8089800,75665646.0000
2024-08-20,sz.000155,9.2800,9.3700,9.1400,9.1700,9.3000,6261000,57696739.9900
2024-08-21,sz.000155,9.1400,9.2800,9.1000,9.1800,9.1700,6408000,58900794.0000
2024-08-22,sz.000155,9.1400,9.2100,8.9600,8.9800,9.1800,7637300,69050199.0000
2024-08-23,sz.000155,8.9500,9.0200,8.9000,8.9200,8.9800,4726756,42259312.6400
2024-08-26,sz.000155,8.9800,9.2000,8.9800,9.1500,8.9200,6890801,62910294.1300
2024-08-27,sz.000155,9.1000,9.1400,8.9000,9.0100,9.1500,5635119,50615045.1400
2024-08-28,sz.000155,9.1700,9.2500,9.0800,9.2400,9.0100,8586846,78880022.1400
2024-08-29,sz.000155,9.2000,9.3700,9.1700,9.3000,9.2400,8850500,82104747.0000
2024-08-30,sz.000155,9.3700,9.5900,9.2900,9.5000,9.3000,13570385,128500625.5000
2024-09-02,sz.000155,9.4900,9.5100,9.3100,9.3100,9.5000,8404800,78929987.0000
2024-09-03,sz.000155,9.3100,9.5300,9.2700,9.4000,9.3100,7479700,70357432.0000
2024-09-04,sz.000155,9.3900,9.4400,9.2800,9.3600,9.4000,6453700,60483207.0000
2024-09-05,sz.000155,9.3700,9.4900,9.3100,9.3600,9.3600,5968100,56030133.0000
2024-09-06,sz.000155,9.3500,9.4100,9.2600,9.2600,9.3600,8060264,75331219.4800
2024-09-09,sz.000155,9.2000,9.3200,9.1600,9.1800,9.2600,4970200,45851976.0000
2024-09-10,sz.000155,9.2200,9.3000,9.1000,9.2600,9.1800,5399796,49643438.3200
2024-09-11,sz.000155,9.2600,9.5200,9.2000,9.4100,9.2600,12097283,113684656.3700
2024-09-12,sz.000155,9.3800,9.5000,9.3100,9.3900,9.4100,7563300,71148976.1700
2024-09-13,sz.000155,9.3900,9.4200,9.2100,9.3900,9.3900,8586700,79946154.0000
2024-09-18,sz.000155,9.3700,9.4300,9.1500,9.2300,9.3900,6618956,61249445.7700
2024-09-19,sz.000155,9.2700,9.4800,9.2100,9.4000,9.2300,8100421,75944613.5600
2024-09-20,sz.000155,9.3800,9.4100,9.2700,9.3400,9.4000,4652700,43402368.0000
2024-09-23,sz.000155,9.2800,9.3700,9.2200,9.2600,9.3400,4654600,43230615.0000
2024-09-24,sz.000155,9.3000,9.6300,9.3000,9.6300,9.2600,13673688,129864115.5200
2024-09-25,sz.000155,9.7300,9.9100,9.6400,9.6600,9.6300,14443748,141322852.9800
2024-09-26,sz.000155,9.6600,9.9600,9.6000,9.9600,9.6600,14730059,144245132.9800
2024-09-27,sz.000155,10.1000,10.7800,10.1000,10.7000,9.9600,30141191,315816692.0000
2024-09-30,sz.000155,11.2000,11.7700,10.9600,11.7500,10.7000,42564415,486973510.4900
2024-10-08,sz.000155,12.9300,12.9300,11.9300,12.6000,11.7500,52272394,655264544.8900
2024-10-09,sz.000155,12.2400,12.2800,11.4000,11.4100,12.6000,38274784,453046511.5700
2024-10-10,sz.000155,11.4000,11.8000,11.3400,11.4200,11.4100,23459805,270840165.7700
2024-10-11,sz.000155,11.3600,11.3900,10.7800,10.9500,11.4200,16735630,184457233.0000
2024-10-14,sz.000155,10.9400,11.0900,10.6900,11.0400,10.7900,18250672,199450380.2100
2024-10-15,sz.000155,11.0500,11.2800,10.8700,10.9200,11.0400,16739688,185394207.4400
2024-10-16,sz.000155,10.8200,12.0000,10.7600,11.9800,10.9200,61263788,714098672.4800
2024-10-17,sz.000155,12.0200,12.0700,11.4000,11.4000,11.9800,47349415,548708354.8000
2024-10-18,sz.000155,11.1900,11.6800,10.9500,11.4300,11.4000,37919341,426757141.4900
2024-10-21,sz.000155,11.4400,11.7500,11.2300,11.3700,11.4300,34998426,401180908.1600
2024-10-22,sz.000155,11.3800,11.4300,11.2100,11.3900,11.3700,20223907,228930200.3800
2024-10-23,sz.000155,11.3900,11.6500,11.3000,11.5000,11.3900,25646901,294189793.4600
2024-10-24,sz.000155,11.4800,11.4800,11.1800,11.2300,11.5000,16606387,187574462.3400
2024-10-25,sz.000155,11.2300,11.8600,11.2300,11.7300,11.2300,35968309,417539362.0900
2024-10-28,sz.000155,11.8800,11.8800,11.5600,11.7700,11.7300,28479362,334112804.3200
2024-10-29,sz.000155,11.8000,12.0500,11.4600,11.5400,11.7700,22354800,261097467.0000
2024-10-30,sz.000155,11.5000,11.6000,11.2700,11.4600,11.5400,16686600,190773218.0000
2024-10-31,sz.000155,11.5000,11.8200,11.4600,11.7500,11.4600,31203663,363544641.7800
2024-11-01,sz.000155,11.7500,12.1100,11.3800,11.6400,11.7500,34561605,405827590.7500
2024-11-04,sz.000155,11.5500,11.8000,11.3800,11.6700,11.6400,19288223,224142842.3400
2024-11-05,sz.000155,11.6800,11.8700,11.6000,11.8300,11.6700,32707241,385853480.7700
2024-11-06,sz.000155,11.8300,12.1000,11.7300,11.8700,11.8300,32076543,382540571.6200
2024-11-07,sz.000155,11.7300,12.0800,11.6800,12.0600,11.8700,33971514,405758192.9800
2024-11-08,sz.000155,12.1000,12.2800,11.7200,11.8000,12.0600,37570259,449690787.6100
2024-11-11,sz.000155,11.7400,12.0500,11.6800,12.0200,11.8000,29122608,347068687.1400
2024-11-12,sz.000155,12.1000,12.7200,12.1000,12.2900,12.0200,58978612,732629289.7800
2024-11-13,sz.000155,12.2100,12.7300,11.8900,12.2400,12.2900,36093796,441827131.0200
2024-11-14,sz.000155,12.2400,12.3800,11.6700,11.6800,12.2400,28391054,339320417.3000
2024-11-15,sz.000155,11.6000,11.7000,11.2200,11.2300,11.6800,23515323,269402767.0400
2024-11-18,sz.000155,11.2900,11.4500,11.0600,11.1300,11.2300,17041102,191676042.2000
2024-11-19,sz.000155,11.1000,11.6700,11.0000,11.6700,11.1300,23564175,267734577.7700
2024-11-20,sz.000155,11.6600,11.6900,11.4500,11.5500,11.6700,17297302,199920119.1900
2024-11-21,sz.000155,11.5000,11.5900,11.2600,11.3900,11.5500,14843390,169054469.3200
2024-11-22,sz.000155,11.3800,11.4500,10.9100,10.9200,11.3900,18335800,204876475.0000
2024-11-25,sz.000155,10.9000,11.1200,10.8400,11.0100,10.9200,12353000,135670143.6700
2024-11-26,sz.000155,11.0100,11.0200,10.7300,10.7700,11.0100,12188778,132051415.9800
2024-11-27,sz.000155,10.7100,10.9100,10.4600,10.9000,10.7700,13494405,144234724.7500
2024-11-28,sz.000155,10.9500,10.9600,10.7700,10.8300,10.9000,10383700,112886509.7800
2024-11-29,sz.000155,10.8100,11.0200,10.7000,10.8900,10.8300,11789421,128257057.7300
2024-12-02,sz.000155,11.9800,11.9800,11.9800,11.9800,10.8900,8685596,104053440.0800
2024-12-03,sz.000155,13.1800,13.1800,12.6100,13.1800,11.9800,130302957,1701198583.7300
2024-12-04,sz.000155,13.2000,14.4000,12.8600,13.1100,13.1800,147960434,1999830919.7500
2024-12-05,sz.000155,12.7000,12.9200,12.4000,12.4400,13.1100,89485930,1125585599.1300
2024-12-06,sz.000155,12.3000,12.3900,12.0200,12.2300,12.4400,53957089,657333225.5900
2024-12-09,sz.000155,12.2300,12.6900,12.1200,12.4000,12.2300,56629048,702622924.4000
2024-12-10,sz.000155,12.7700,12.8200,12.1600,12.1800,12.4000,50991515,631426083.7300
2024-12-11,sz.000155,12.1400,12.2600,12.1100,12.2000,12.1800,24617821,299977293.4500
2024-12-12,sz.000155,12.1500,12.2000,12.0200,12.1800,12.2000,25359284,307083434.6600
2024-12-13,sz.000155,12.1500,12.6400,11.9600,12.4200,12.1800,57265336,707399995.3800
2024-12-16,sz.000155,12.4600,12.5000,12.0500,12.1500,12.4200,28882217,353401599.5100
2024-12-17,sz.000155,12.1000,12.2600,11.8200,11.8600,12.1500,24038774,288705945.6200
2024-12-18,sz.000155,11.8600,12.0400,11.8000,11.8800,11.8600,16529206,197091102.6400
2024-12-19,sz.000155,11.7500,11.7700,11.5300,11.6800,11.8800,18917501,220303406.5400
2024-12-20,sz.000155,11.6800,11.7800,11.6300,11.7000,11.6800,13436006,157134520.4300
2024-12-23,sz.000155,11.6400,11.7000,11.3000,11.3100,11.7000,18432156,211384380.8800
2024-12-24,sz.000155,11.3000,11.4300,11.2300,11.3400,11.3100,12689266,143689861.5400
2024-12-25,sz.000155,11.3500,11.3500,11.0600,11.1900,11.3400,11663781,130258524.6800
2024-12-26,sz.000155,11.1300,11.2500,11.1100,11.1200,11.1900,12652086,141326607.4600
2024-12-27,sz.000155,11.1000,11.3500,11.0800,11.2600,11.1200,14193971,159469566.2000
2024-12-30,sz.000155,11.1600,11.2500,10.8000,10.8600,11.2600,37229202,406912500.9600
2024-12-31,sz.000155,10.9600,11.0500,10.6200,10.6800,10.8600,26782019,290063135.3900
2025-01-02,sz.000155,10.7200,10.8600,10.4300,10.5100,10.6800,22968215,244310177.6000
2025-01-03,sz.000155,10.6700,10.9200,10.5600,10.6700,10.5100,27465767,294633031.5900
2025-01-06,sz.000155,10.7200,11.0200,10.7000,10.9500,10.6700,26956976,293190624.0800
2025-01-07,sz.000155,10.8400,10.9200,10.6100,10.9100,10.9500,22220966,239134776.9900
2025-01-08,sz.000155,10.8600,11.1300,10.8300,11.1100,10.9100,30177100,332377562.1500
2025-01-09,sz.000155,11.0000,11.0300,10.8800,10.9400,11.1100,17571759,192316048.5100
2025-01-10,sz.000155,10.8700,10.9000,10.5800,10.6200,10.9400,20080877,214216558.3100
2025-01-13,sz.000155,10.5000,10.7200,10.3600,10.7200,10.6200,15244848,160897803.9200
2025-01-14,sz.000155,10.6700,10.9800,10.6700,10.9400,10.7200,19175594,208092052.9600
2025-01-15,sz.000155,10.9600,11.0600,10.8500,10.8800,10.9400,16530540,180892564.9100
2025-01-16,sz.000155,10.9400,11.0200,10.8200,10.9400,10.8800,15134984,165268054.3800
2025-01-17,sz.000155,10.8900,11.0000,10.8600,10.9800,10.9400,12719790,139180333.0000
2025-01-20,sz.000155,11.0100,11.0900,10.9500,10.9800,10.9800,11986520,131684791.6000
2025-01-21,sz.000155,11.0000,11.0200,10.8700,10.9400,10.9800,11834057,129210818.5100
2025-01-22,sz.000155,10.8300,11.0900,10.8300,10.9800,10.9400,15969634,175241553.6600
2025-01-23,sz.000155,11.0500,11.0900,10.8500,10.8700,10.9800,18732464,205424931.0800
2025-01-24,sz.000155,10.8000,10.9100,10.7300,10.9000,10.8700,13097752,142255041.7000
2025-01-27,sz.000155,10.9900,11.0900,10.9500,11.0000,10.9000,21807463,240084886.8900
2025-02-05,sz.000155,11.0000,11.0800,10.9600,11.0600,11.0000,15922200,175438276.0000
2025-02-06,sz.000155,11.0100,11.3000,11.0000,11.2800,11.0600,21817528,244520196.9100
2025-02-07,sz.000155,11.2100,11.3500,11.0700,11.2100,11.2800,32511013,365192439.7400
2025-02-10,sz.000155,11.2200,11.2700,11.1600,11.2400,11.2100,19871630,222971595.0700
2025-02-11,sz.000155,11.2400,11.2500,10.9700,11.0000,11.2400,21534900,238022295.0000
2025-02-12,sz.000155,10.9300,11.1200,10.8600,11.0600,11.0000,22224498,243977329.3300
2025-02-13,sz.000155,10.9900,11.1300,10.9800,11.0100,11.0600,15139497,167141387.2700
2025-02-14,sz.000155,10.9800,11.1300,10.9500,11.0400,11.0100,14882499,164322697.0000
2025-02-17,sz.000155,11.0400,11.1800,10.9900,11.1500,11.0400,27214061,301752657.9100
2025-02-18,sz.000155,11.2000,11.2300,10.8900,10.9100,11.1500,22265100,246025939.0000
2025-02-19,sz.000155,10.8600,10.9300,10.8300,10.9200,10.9100,18407635,200276076.2300
2025-02-20,sz.000155,10.9000,10.9000,10.7700,10.8100,10.9200,19033203,205944353.9500
2025-02-21,sz.000155,10.8300,11.8000,10.8200,11.4700,10.8100,71450562,812775776.9900
2025-02-24,sz.000155,11.5900,11.6600,11.4400,11.5100,11.4700,39933587,461181315.4500
2025-02-25,sz.000155,11.4500,11.7800,11.3300,11.6300,11.5100,40925556,473942957.7000
2025-02-26,sz.000155,11.6200,11.7000,11.4900,11.5600,11.6300,28882954,334334796.8100
2025-02-27,sz.000155,11.5600,11.6600,11.2500,11.2800,11.5600,28191098,320248158.8800
2025-02-28,sz.000155,11.2800,11.3800,10.9200,10.9700,11.2800,27677400,308066928.0000
2025-03-03,sz.000155,11.0400,11.2500,11.0200,11.0600,10.9700,21602113,240604191.0800
2025-03-04,sz.000155,11.0100,11.1000,10.9000,11.0900,11.0600,16158340,177636257.2000
2025-03-05,sz.000155,11.0700,11.1500,10.9200,11.0100,11.0900,13441841,147610712.8400
2025-03-06,sz.000155,11.0800,11.1400,11.0400,11.1200,11.0100,18832043,208876492.8500
2025-03-07,sz.000155,11.1200,11.1500,10.9700,11.0000,11.1200,17197952,190058894.1800
2025-03-10,sz.000155,11.0000,11.0700,10.9400,11.0300,11.0000,12852962,141414590.7600
2025-03-11,sz.000155,10.9200,11.0000,10.8700,11.0000,11.0300,16381503,179203012.9400
2025-03-12,sz.000155,11.0200,11.0400,10.9200,10.9700,11.0000,16389062,179750963.4300
2025-03-13,sz.000155,10.9500,11.0500,10.8900,11.0000,10.9700,20756544,227661121.1200
2025-03-14,sz.000155,10.9900,11.1100,10.9700,11.1000,11.0000,22115758,244630893.7700
2025-03-17,sz.000155,11.0700,11.2400,11.0500,11.1700,11.1000,21151489,236319273.4400
2025-03-18,sz.000155,11.2000,11.2300,11.1300,11.1800,11.1700,18347146,205045734.0700
2025-03-19,sz.000155,11.1800,11.2700,11.0700,11.2300,11.1800,22232882,248662466.2000
2025-03-20,sz.000155,11.2200,11.2200,11.0000,11.0300,11.2300,24678300,274296556.0000
2025-03-21,sz.000155,11.0200,11.2300,10.9500,11.0400,11.0300,22495182,249279005.7200
2025-03-24,sz.000155,11.0500,11.0500,10.7900,10.9500,11.0400,21911711,238864216.5800
2025-03-25,sz.000155,10.9400,11.4000,10.8600,11.3100,10.9500,46745175,524514732.5100
2025-03-26,sz.000155,11.3900,11.6600,11.3600,11.4900,11.3100,60679026,701159631.9700
2025-03-27,sz.000155,11.4900,11.9600,11.3600,11.8000,11.4900,62850590,728543319.0000
2025-03-28,sz.000155,11.7700,11.7700,11.3200,11.3300,11.8000,42133060,484475895.1700
2025-03-31,sz.000155,11.3300,11.5700,11.2500,11.2700,11.3300,31248590,355929659.5000
2025-04-01,sz.000155,11.2700,11.5500,11.2400,11.5400,11.2700,30124243,345379029.3600
2025-04-02,sz.000155,11.5500,11.6000,11.3300,11.3700,11.5400,26162672,298903189.0000
2025-04-03,sz.000155,11.2800,11.4900,11.2500,11.3700,11.3700,20657950,235203058.0000
2025-04-07,sz.000155,10.8000,11.0000,10.2300,10.2300,11.3700,36966401,386542901.4500
2025-04-08,sz.000155,10.1600,10.3500,9.8500,10.2300,10.2300,36064563,365764430.4000
2025-04-09,sz.000155,10.0900,10.1900,9.5200,10.1300,10.2300,33541182,332135608.8500
2025-04-10,sz.000155,10.2900,10.4100,10.1400,10.1500,10.1300,31233840,320794574.4000
2025-04-11,sz.000155,10.0600,10.2100,10.0100,10.1000,10.1500,18903250,191231289.5000
2025-04-14,sz.000155,10.1800,10.5300,10.1800,10.4200,10.1000,25858740,267401921.6000
2025-04-15,sz.000155,10.4800,10.4800,10.2900,10.3500,10.4200,15649400,161836154.0000
2025-04-16,sz.000155,10.3000,10.6600,10.2600,10.4500,10.3500,24376718,255233258.2200
2025-04-17,sz.000155,10.3800,10.4800,10.2800,10.3500,10.4500,14851934,154470435.5800
2025-04-18,sz.000155,10.3300,10.3500,10.1500,10.1800,10.3500,17203020,175601987.6000
2025-04-21,sz.000155,10.2200,10.4700,10.1800,10.3600,10.1800,15453298,159974044.2800
2025-04-22,sz.000155,10.3400,10.4200,10.3000,10.3600,10.3600,12830864,132932131.3200
2025-04-23,sz.000155,10.3900,10.4200,10.3200,10.3400,10.3600,11992000,124291292.0000
2025-04-24,sz.000155,10.3000,10.5700,10.3000,10.3700,10.3400,19581300,203854160.0000
2025-04-25,sz.000155,10.4300,10.7800,10.4000,10.7000,10.3700,35956434,383177590.8400
2025-04-28,sz.000155,10.8700,10.8700,10.5100,10.5100,10.7000,28342140,301827410.6000
2025-04-29,sz.000155,10.5200,10.7000,10.3600,10.5500,10.5100,22203328,232984554.9600
2025-04-30,sz.000155,10.4000,10.4600,10.1900,10.2200,10.5500,26065000,267924793.0000
2025-05-06,sz.000155,10.2700,10.5000,10.2700,10.4400,10.2200,20521982,212946058.6200
2025-05-07,sz.000155,10.5100,10.5900,10.4000,10.4900,10.4400,18804457,196860545.5900
2025-05-08,sz.000155,10.4200,10.5600,10.4000,10.5100,10.4900,14756620,154977292.4500
2025-05-09,sz.000155,10.5200,10.6100,10.4500,10.4600,10.5100,15027892,158155074.7600
2025-05-12,sz.000155,10.5800,10.5800,10.4100,10.4700,10.4600,14940548,156418449.1200
2025-05-13,sz.000155,10.4800,10.5200,10.3600,10.4200,10.4700,14805792,154248031.0400
2025-05-14,sz.000155,10.3700,10.4300,10.2700,10.3900,10.4200,15676900,162144980.0000
2025-05-15,sz.000155,10.3600,10.3700,10.2200,10.2200,10.3900,13895200,142766081.0000
2025-05-16,sz.000155,10.2000,10.2800,10.1700,10.1800,10.2200,11622458,118625200.6300
2025-05-19,sz.000155,10.1900,10.2400,10.0800,10.2000,10.1800,11933140,121144591.1800
2025-05-20,sz.000155,10.2000,10.2300,10.1300,10.2100,10.2000,11250715,114502200.7500
2025-05-21,sz.000155,10.1900,10.2800,10.1700,10.2000,10.2100,13856315,141725133.1000
2025-05-22,sz.000155,10.1700,10.1800,10.0000,10.0200,10.2000,19319692,194406546.9200
2025-05-23,sz.000155,10.0200,10.2500,9.9800,10.0900,10.0200,20227334,205173667.4200
2025-05-26,sz.000155,10.0700,10.0700,10.0000,10.0400,10.0900,9960700,99889982.0000
2025-05-27,sz.000155,10.0500,10.0900,9.9900,10.0700,10.0400,9224406,92581719.7900
2025-05-28,sz.000155,10.0700,10.0900,10.0000,10.0100,10.0700,7583272,76011966.0000
2025-05-29,sz.000155,10.0200,10.0700,9.9700,10.0500,10.0100,11037399,110782149.9800
2025-05-30,sz.000155,10.0700,10.2400,10.0500,10.0900,10.0500,14753898,149283564.7600
2025-06-03,sz.000155,10.0500,10.0800,9.9800,10.0000,10.0900,10634888,106445137.1300
2025-06-04,sz.000155,10.0200,10.0600,9.9800,10.0200,10.0000,8144260,81598945.8000
2025-06-05,sz.000155,10.0300,10.0900,10.0000,10.0500,10.0200,9573254,96168134.0700
2025-06-06,sz.000155,10.0700,10.1100,10.0400,10.0900,10.0500,8984849,90512412.4300
2025-06-09,sz.000155,10.1100,10.1200,10.0800,10.1000,10.0900,9829837,99318579.3300
2025-06-10,sz.000155,10.1100,10.1200,9.9200,10.0200,10.1000,14965000,149877494.0000
2025-06-11,sz.000155,10.0000,10.1500,9.9900,10.0900,10.0200,14255088,143919404.3600
2025-06-12,sz.000155,10.0700,10.0800,10.0000,10.0200,10.0900,9687600,97064814.0000
2025-06-13,sz.000155,10.0100,10.0400,9.9100,9.9700,10.0200,17736711,176885936.1700
2025-06-16,sz.000155,9.9500,9.9700,9.9100,9.9300,9.9700,8779700,87232833.0000
2025-06-17,sz.000155,9.9300,9.9400,9.7600,9.8500,9.9300,12410886,122141693.3800
2025-06-18,sz.000155,9.8100,9.8500,9.6800,9.7400,9.8500,11868601,115609328.6800
2025-06-19,sz.000155,9.7100,9.8100,9.6500,9.6500,9.7400,10577900,102699935.0000
2025-06-20,sz.000155,9.6600,9.7700,9.6100,9.6500,9.6500,9018003,87243591.8900
2025-06-23,sz.000155,9.6100,9.6700,9.5600,9.6500,9.6500,9297031,89435589.9100
2025-06-24,sz.000155,9.6500,9.8000,9.6400,9.7900,9.6500,11434933,111364567.7600
2025-06-25,sz.000155,9.8000,9.9100,9.7400,9.8800,9.7900,14942328,146827456.5600
2025-06-26,sz.000155,9.8700,9.9400,9.8300,9.8300,9.8800,12722660,125735211.4000
2025-06-27,sz.000155,9.8300,9.9100,9.8200,9.8400,9.8300,8786163,86598076.4400
2025-06-30,sz.000155,9.8500,9.8700,9.7700,9.8200,9.8400,12501255,122632822.5000
2025-07-01,sz.000155,9.8200,9.8400,9.7600,9.8100,9.8200,8776401,86044658.7600
2025-07-02,sz.000155,9.8100,9.8600,9.7600,9.8600,9.8100,14235260,139636553.6400
2025-07-03,sz.000155,9.8900,9.9400,9.8200,9.9100,9.8600,13684973,135224022.1100
2025-07-04,sz.000155,9.9000,9.9600,9.8600,9.8600,9.9100,13404600,132826955.0000
2025-07-07,sz.000155,9.9500,10.1500,9.9000,10.1000,9.8600,31917540,320749523.1800
2025-07-08,sz.000155,10.1300,10.1300,10.0100,10.1000,10.1000,19980398,201175193.4500
2025-07-09,sz.000155,10.1100,10.1600,10.0400,10.0600,10.1000,13962600,140907256.0000
2025-07-10,sz.000155,10.0600,10.0900,10.0300,10.0700,10.0600,9877000,99375818.8300
2025-07-11,sz.000155,10.0700,10.1500,10.0100,10.0800,10.0700,15187238,153139367.9800
2025-07-14,sz.000155,10.1300,10.3000,10.1000,10.1600,10.0800,20819808,212893402.2000
2025-07-15,sz.000155,10.0600,10.0700,9.8300,9.9100,10.1600,26104657,259327409.3200
2025-07-16,sz.000155,9.9000,9.9400,9.8600,9.8900,9.9100,11739332,116127045.3000
2025-07-17,sz.000155,9.9000,9.9200,9.8400,9.9000,9.8900,13153523,129934217.4700
2025-07-18,sz.000155,9.9000,10.0700,9.8800,10.0600,9.9000,22537213,225723887.4500
2025-07-21,sz.000155,10.0800,10.1500,10.0700,10.1400,10.0600,19331411,195562169.0900
2025-07-22,sz.000155,10.1800,10.3400,10.0800,10.3000,10.1400,33814348,346254026.2700
2025-07-23,sz.000155,10.3300,10.3900,10.1600,10.1800,10.3000,21833163,223861028.7700
2025-07-24,sz.000155,10.1800,10.7500,10.1300,10.5900,10.1800,60446068,635270151.2700
2025-07-25,sz.000155,10.7800,10.8100,10.4900,10.5000,10.5900,39003745,413514587.2900
2025-07-28,sz.000155,10.4200,10.4600,10.3200,10.3900,10.5000,21994301,228279341.3200
2025-07-29,sz.000155,10.3600,10.4400,10.2500,10.3300,10.3900,15961911,164671744.3000
2025-07-30,sz.000155,10.3400,10.3800,10.2000,10.2600,10.3300,17195924,177142929.5300
2025-07-31,sz.000155,10.2400,10.2400,10.0000,10.0200,10.2600,28417215,286727983.1300
2025-08-01,sz.000155,10.0300,10.0900,10.0200,10.0800,10.0200,12078408,121412765.2400
2025-08-04,sz.000155,10.0500,10.0800,9.9800,10.0700,10.0800,8483201,85215525.0200
2025-08-05,sz.000155,10.0900,10.1100,10.0400,10.1000,10.0700,10053355,101392478.4000
2025-08-06,sz.000155,10.1000,10.1100,10.0300,10.0700,10.1000,11741600,118120320.5400
2025-08-07,sz.000155,10.0800,10.1100,10.0100,10.0800,10.0700,14630900,147283063.4600
2025-08-08,sz.000155,10.0800,10.2200,10.0600,10.1800,10.0800,18508336,187947705.2000
2025-08-11,sz.000155,10.5500,10.6300,10.3100,10.4700,10.1800,39411963,411060386.6700
2025-08-12,sz.000155,10.4700,10.4800,10.2800,10.3500,10.4700,23987733,248074022.9100
2025-08-13,sz.000155,10.3300,10.3600,10.2800,10.3100,10.3500,17434635,179907781.1500
2025-08-14,sz.000155,10.3300,10.3600,10.1500,10.1600,10.3100,17580830,179939252.2000
2025-08-15,sz.000155,10.1600,10.2800,10.1300,10.2500,10.1600,15118406,154629070.7000
2025-08-18,sz.000155,10.3300,10.3800,10.2500,10.2600,10.2500,22809734,235080558.2000
2025-08-19,sz.000155,10.2800,10.2900,10.2100,10.2200,10.2600,18085320,185288903.0000
2025-08-20,sz.000155,10.2000,10.4100,10.1500,10.3500,10.2200,25023981,257890944.1000
2025-08-21,sz.000155,10.3400,10.3600,10.2600,10.2800,10.3500,18488200,190456464.0000
2025-08-22,sz.000155,10.2900,10.3500,10.2600,10.3400,10.2800,17663401,182114037.3000
2025-08-25,sz.000155,10.3500,10.4100,10.3000,10.3800,10.3400,27592394,285808880.6000
2025-08-26,sz.000155,10.3600,10.4100,10.3200,10.3800,10.3800,20484095,212603709.3400
2025-08-27,sz.000155,10.3900,10.4300,10.1400,10.1400,10.3800,29498744,303753539.2000
2025-08-28,sz.000155,10.1600,10.2200,10.0000,10.1900,10.1400,26810300,271157409.9900
2025-08-29,sz.000155,10.1900,10.3300,10.1400,10.1900,10.1900,21575900,220615406.0000
2025-09-01,sz.000155,10.1900,10.2200,10.1200,10.1600,10.1900,17344174,176268034.3200
2025-09-02,sz.000155,10.1700,10.1900,10.0300,10.0700,10.1600,20267609,204501859.3500
2025-09-03,sz.000155,10.0700,10.1400,9.9300,9.9600,10.0700,19707767,197303609.3200
2025-09-04,sz.000155,9.9500,10.2400,9.9400,10.1200,9.9600,30660611,310672180.8400
2025-09-05,sz.000155,10.1100,10.4400,10.0900,10.4100,10.1200,46479125,480621013.1000
2025-09-08,sz.000155,10.4600,10.5400,10.3700,10.5000,10.4100,38570352,404163370.0200
2025-09-09,sz.000155,10.4500,10.6100,10.4100,10.4900,10.5000,27657019,290901537.7500
2025-09-10,sz.000155,10.4000,10.4500,10.2600,10.3400,10.4900,25186507,260282479.1000
2025-09-11,sz.000155,10.3200,10.3400,10.2100,10.3300,10.3400,21200212,217772799.9600
2025-09-12,sz.000155,10.3600,10.8100,10.2400,10.6500,10.3300,66784218,707729856.2000
2025-09-15,sz.000155,10.6700,10.8500,10.5700,10.5900,10.6500,32540041,346881311.4200
2025-09-16,sz.000155,10.5900,10.6000,10.3700,10.4700,10.5900,26071339,272468936.1900
2025-09-17,sz.000155,10.4800,10.5700,10.4100,10.5700,10.4700,22338050,234575033.9100
2025-09-18,sz.000155,10.5400,10.6200,10.2700,10.3300,10.5700,35318591,368886374.2000
2025-09-19,sz.000155,10.3500,10.5400,10.3200,10.3900,10.3300,26068856,271861817.8700
2025-09-22,sz.000155,10.4100,10.4500,10.1800,10.2300,10.3900,20278045,207633928.3900
2025-09-23,sz.000155,10.2300,10.2500,10.0100,10.1400,10.2300,18980596,191645629.5500
2025-09-24,sz.000155,10.1000,10.2900,10.1000,10.2900,10.1400,16259883,165775788.7200
2025-09-25,sz.000155,10.2500,10.4800,10.2000,10.2100,10.2900,21123300,217719866.0000
2025-09-26,sz.000155,10.1700,10.3600,10.1500,10.1900,10.2100,17543411,180177237.5100
2025-09-29,sz.000155,10.2500,10.4300,10.2200,10.3900,10.1900,24029743,248541261.1800
2025-09-30,sz.000155,10.4100,10.5400,10.3400,10.4900,10.3900,24839018,259918228.3700
2025-10-09,sz.000155,10.5900,10.9500,10.5600,10.9200,10.4900,63390557,688543689.6700
2025-10-10,sz.000155,10.9000,10.9000,10.6700,10.7100,10.9200,33374788,358888894.7400
2025-10-13,sz.000155,10.3600,10.7300,10.3400,10.7200,10.7100,31826985,335445160.4600
2025-10-14,sz.000155,10.7000,10.8000,10.5000,10.5500,10.5500,31027204,330346040.3200
2025-10-15,sz.000155,10.6300,10.7300,10.4900,10.5800,10.5500,23063334,244309271.3000
2025-10-16,sz.000155,10.5800,10.5900,10.4400,10.4800,10.5800,19636108,205963007.8400
2025-10-17,sz.000155,10.4600,10.7100,10.3400,10.3700,10.4800,28081913,294771403.6800
2025-10-20,sz.000155,10.4700,10.5600,10.4000,10.4700,10.3700,20096463,210435734.1000
2025-10-21,sz.000155,10.5100,10.7000,10.4600,10.6000,10.4700,30096397,319896969.3000
2025-10-22,sz.000155,10.5600,10.6100,10.4400,10.4500,10.6000,19119300,200568345.0000
2025-10-23,sz.000155,10.4500,11.1200,10.3800,10.9300,10.4500,64215533,692952635.1500
2025-10-24,sz.000155,10.9200,11.2600,10.8400,10.9900,10.9300,58170760,644383540.8000
2025-10-27,sz.000155,11.2100,11.2700,11.0000,11.0500,10.9900,39778399,440733870.0200
2025-10-28,sz.000155,11.0600,11.2500,11.0200,11.0900,11.0500,43317698,483085808.7600
2025-10-29,sz.000155,11.1500,12.2000,11.1300,12.2000,11.0900,78585777,921463240.8000
2025-10-30,sz.000155,12.5200,12.6800,12.2500,12.3600,12.2000,141164435,1754681873.3500
2025-10-31,sz.000155,12.4500,12.6200,12.2200,12.2900,12.3600,85822912,1063958838.0500
2025-11-03,sz.000155,12.2700,12.4600,12.0000,12.1600,12.2900,52312376,634372941.1300
2025-11-04,sz.000155,12.0700,12.1600,11.7000,11.8000,12.1600,52914448,629229448.1500
2025-11-05,sz.000155,11.7100,12.2000,11.6400,12.1200,11.8000,55887551,667489847.1300
2025-11-06,sz.000155,12.1200,12.5800,12.1200,12.3300,12.1200,66701100,825555082.3700
2025-11-07,sz.000155,12.3500,12.9000,12.3300,12.6700,12.3300,70790182,891672713.9600
2025-11-10,sz.000155,12.8700,12.9300,12.6200,12.6600,12.6700,65317703,832428341.5700
2025-11-11,sz.000155,12.6700,12.7700,12.4300,12.5000,12.6600,40558732,509892326.8200
2025-11-12,sz.000155,12.4100,12.4300,12.1100,12.2700,12.5000,38440932,470920997.1600
2025-11-13,sz.000155,12.3400,13.1200,12.3400,12.9600,12.2700,73611475,947836414.0300
2025-11-14,sz.000155,12.9200,13.0000,12.5500,12.6200,12.9600,44191397,562518861.2900
2025-11-17,sz.000155,12.9500,13.5400,12.8800,13.3300,12.6200,85953021,1137707074.8700
2025-11-18,sz.000155,13.4500,13.8000,13.0800,13.1900,13.3300,86373830,1157277630.9300
2025-11-19,sz.000155,13.3900,14.5100,13.3300,13.8800,13.1900,146796216,2063324084.8000
2025-11-20,sz.000155,13.8800,14.4400,13.6700,14.0500,13.8800,135109361,1906727328.2400
2025-11-21,sz.000155,13.2700,13.4000,12.6500,12.6500,14.0500,72382185,928556575.3800
2025-11-24,sz.000155,12.3000,12.3900,11.4200,11.7500,12.6500,101842852,1196161279.4600
2025-11-25,sz.000155,11.9700,12.3300,11.7500,12.2200,11.7500,62718468,755208377.2500
2025-11-26,sz.000155,12.4100,12.5200,12.1100,12.1200,12.2200,48607500,596626977.5500
2025-11-27,sz.000155,12.1000,12.4500,12.0700,12.1100,12.1200,36953003,451660259.0000
2025-11-28,sz.000155,12.1100,12.5200,12.0900,12.3600,12.1100,36675039,453836502.2400
2025-12-01,sz.000155,12.4400,12.8400,12.3600,12.4100,12.3600,38531665,482589088.3400
2025-12-02,sz.000155,12.3000,12.3200,12.0300,12.0400,12.4100,28353841,342858850.6300
2025-12-03,sz.000155,12.0600,12.1400,11.6800,11.7400,12.0400,31156897,368798612.7900
2025-12-04,sz.000155,11.7000,11.8200,11.5000,11.5700,11.7400,24837300,289103337.9900
2025-12-05,sz.000155,11.6100,11.6900,11.3800,11.6000,11.5700,27250324,314728749.6400
2025-12-08,sz.000155,11.6300,11.9300,11.5700,11.8400,11.6000,34338923,403659796.9300
2025-12-09,sz.000155,11.7600,11.7700,11.3500,11.3600,11.8400,36656187,422010557.8700
2025-12-10,sz.000155,11.3600,11.6200,11.2600,11.5500,11.3600,30935191,354678438.4100
2025-12-11,sz.000155,11.7000,11.7500,11.4500,11.4800,11.5500,28516400,331031497.6400
2025-12-12,sz.000155,11.6000,11.6900,11.3400,11.5600,11.4800,32420422,373451815.4700
2025-12-15,sz.000155,11.4800,11.6700,11.3700,11.4300,11.5600,20443826,234530170.3300
2025-12-16,sz.000155,11.4200,11.5200,11.1000,11.3200,11.4300,27503924,309968566.5400
2025-12-17,sz.000155,11.6500,11.8800,11.4700,11.8200,11.3200,56536907,663273759.1600
2025-12-18,sz.000155,11.7000,11.8800,11.4400,11.4400,11.8200,34634982,402837774.6100
2025-12-19,sz.000155,11.4400,11.8400,11.3600,11.7400,11.4400,37913864,440158249.3200
2025-12-22,sz.000155,11.9000,12.2400,11.8800,11.9100,11.7400,39392883,473104120.9800
2025-12-23,sz.000155,11.9100,12.1700,11.8300,12.0000,11.9100,39391867,472733313.9300
2025-12-24,sz.000155,12.0300,12.2400,11.9500,12.0400,12.0000,37914407,457171941.4400
2025-12-25,sz.000155,11.9000,11.9100,11.6600,11.8300,12.0400,37474400,440823626.4000
2025-12-26,sz.000155,12.1100,12.4000,12.1000,12.2700,11.8300,59323990,726273906.6700
2025-12-29,sz.000155,12.2700,12.2800,11.7500,11.7700,12.2700,53094928,633022103.2100
2025-12-30,sz.000155,11.6700,11.9100,11.4600,11.7600,11.7700,33498671,391197970.0900
2025-12-31,sz.000155,11.7400,11.9000,11.6100,11.6500,11.7600,26169000,306386139.9100
