date,code,open,high,low,close,preclose,volume,amount
2019-01-02,sz.002580,5.0700,5.2500,5.0400,5.2500,5.0600,4528343,23232415.0400
2019-01-03,sz.002580,5.2300,5.3500,5.1600,5.1800,5.2500,5429909,28566439.6200
2019-01-04,sz.002580,5.0900,5.3400,5.0200,5.3000,5.1800,6138258,32026791.6000
2019-01-07,sz.002580,5.3300,5.4800,5.2800,5.4300,5.3000,7107830,38361725.3900
2019-01-08,sz.002580,5.3800,5.5700,5.3800,5.4700,5.4300,6381470,34980972.2300
2019-01-09,sz.002580,5.4500,5.5800,5.4100,5.4800,5.4700,7640851,42019920.2100
2019-01-10,sz.002580,5.4600,5.8200,5.4500,5.5100,5.4800,9049445,50690849.1700
2019-01-11,sz.002580,5.3600,5.8500,5.3600,5.7500,5.5100,14515962,82279454.7100
2019-01-14,sz.002580,5.7000,5.7400,5.4900,5.5400,5.7500,9274827,51932248.7800
2019-01-15,sz.002580,5.5300,6.0900,5.5000,6.0900,5.5400,29060573,173112677.3400
2019-01-16,sz.002580,6.0000,6.1600,5.7900,5.8300,6.0900,27283105,161814317.1700
2019-01-17,sz.002580,5.8300,5.9000,5.6900,5.7500,5.8300,15872221,91484195.0700
2019-01-18,sz.002580,5.7600,5.8000,5.5900,5.6700,5.7500,10319720,58552900.4200
2019-01-21,sz.002580,5.7300,5.9500,5.7000,5.7700,5.6700,12551112,73219173.4400
2019-01-22,sz.002580,5.7300,5.7600,5.5500,5.5700,5.7700,8913351,50132909.5400
2019-01-23,sz.002580,5.5600,5.8500,5.5600,5.7500,5.5700,11401900,65350952.2300
2019-01-24,sz.002580,5.7000,5.7700,5.6200,5.6700,5.7500,8019869,45654539.8200
2019-01-25,sz.002580,5.6300,5.8500,5.6000,5.7300,5.6700,10919214,62485568.1600
2019-01-28,sz.002580,5.6900,5.7500,5.4200,5.5200,5.7300,12411505,68844475.2500
2019-01-29,sz.002580,5.5200,5.5300,5.0900,5.2400,5.5200,7946940,41768769.0000
2019-01-30,sz.002580,5.1600,5.3100,5.1600,5.1800,5.2400,3807948,19852039.0000
2019-01-31,sz.002580,5.2200,5.2300,4.9000,5.0000,5.1800,5452040,27685540.2000
2019-02-01,sz.002580,4.9600,5.3200,4.9600,5.2300,5.0000,4882880,25422447.8400
2019-02-11,sz.002580,5.3600,5.4300,5.2900,5.3800,5.2300,4477516,24099861.7600
2019-02-12,sz.002580,5.4000,5.4800,5.3500,5.4200,5.3800,5225833,28263597.3400
2019-02-13,sz.002580,5.4100,5.5200,5.3500,5.5000,5.4200,7999473,43652632.2300
2019-02-14,sz.002580,5.4800,5.5800,5.4400,5.5600,5.5000,7183513,39718554.7500
2019-02-15,sz.002580,5.5700,5.5700,5.4800,5.5300,5.5600,6578236,36361044.8000
2019-02-18,sz.002580,5.5600,5.7000,5.5500,5.7000,5.5300,8897944,50306147.4800
2019-02-19,sz.002580,5.6900,5.7600,5.6000,5.7300,5.7000,8752954,49706331.7800
2019-02-20,sz.002580,5.7000,5.7700,5.6500,5.7400,5.7300,7912163,45245522.2200
2019-02-21,sz.002580,5.7400,5.8400,5.6600,5.6700,5.7400,10254613,59016493.0000
2019-02-22,sz.002580,5.6500,5.7700,5.6000,5.7600,5.6700,9745973,55682351.5700
2019-02-25,sz.002580,5.8500,6.0400,5.7800,5.9900,5.7600,14915148,88221212.4300
2019-02-26,sz.002580,5.9900,6.1100,5.9100,5.9700,5.9900,15818355,94907996.8500
2019-02-27,sz.002580,5.9500,6.0200,5.8000,5.8600,5.9700,12265296,72723234.8400
2019-02-28,sz.002580,5.9300,6.1200,5.8500,5.9300,5.8600,10853360,64579873.7500
2019-03-01,sz.002580,5.9200,5.9700,5.8200,5.9000,5.9300,9538562,56178484.8900
2019-03-04,sz.002580,5.9600,6.0800,5.8500,5.9900,5.9000,14110791,84487151.0500
2019-03-05,sz.002580,5.9900,6.2500,5.9400,6.2000,5.9900,18720395,115082517.7600
2019-03-06,sz.002580,6.2300,6.3300,6.1000,6.2900,6.2000,18312078,114091814.2100
2019-03-07,sz.002580,6.2900,6.5200,6.2500,6.3800,6.2900,17111557,109280055.1900
2019-03-08,sz.002580,6.2800,6.5000,6.0000,6.0700,6.3800,17133014,106723924.3100
2019-03-11,sz.002580,5.9800,6.6000,5.9800,6.6000,6.0700,23502074,148335934.6800
2019-03-12,sz.002580,6.6000,6.7200,6.4100,6.5900,6.6000,25879815,169409731.4400
2019-03-13,sz.002580,6.7500,7.2500,6.7200,7.0700,6.5900,62817428,445690138.5600
2019-03-14,sz.002580,6.7300,6.7600,6.3600,6.3600,7.0700,38517849,249644227.5200
2019-03-15,sz.002580,6.3700,6.5300,6.3300,6.4600,6.3600,20801311,133510485.5200
2019-03-18,sz.002580,6.4600,6.4900,6.2900,6.4700,6.4600,14409752,92070004.6000
2019-03-19,sz.002580,6.4600,6.5700,6.3600,6.5200,6.4700,16689738,107683678.4100
2019-03-20,sz.002580,6.4800,6.4800,6.3000,6.4000,6.5200,11909968,76130871.1100
2019-03-21,sz.002580,6.4600,6.4700,6.3600,6.4100,6.4000,12992891,83483949.5400
2019-03-22,sz.002580,6.4000,6.4600,6.2900,6.4400,6.4100,10973478,70064437.9700
2019-03-25,sz.002580,6.3500,6.4400,6.2600,6.3900,6.4400,7659104,48813008.3100
2019-03-26,sz.002580,6.4300,6.4800,6.1300,6.2100,6.3900,11359149,71750243.9900
2019-03-27,sz.002580,6.2600,6.2600,5.9700,6.1500,6.2100,8471254,51933368.1000
2019-03-28,sz.002580,6.1200,6.2100,6.0400,6.1100,6.1500,5720085,35115127.7000
2019-03-29,sz.002580,6.1500,6.3200,6.0600,6.2900,6.1100,8417584,52176092.7500
2019-04-01,sz.002580,6.2900,6.4900,6.2900,6.4900,6.2900,11835903,76002532.8000
2019-04-02,sz.002580,6.5000,6.6800,6.4600,6.5300,6.4900,14327880,93886931.6000
2019-04-03,sz.002580,6.5000,6.6600,6.4600,6.6100,6.5300,12130028,80046091.3200
2019-04-04,sz.002580,6.6100,6.7900,6.5200,6.7000,6.6100,15457081,102952982.5300
2019-04-08,sz.002580,6.7000,6.7900,6.4200,6.5300,6.7000,13161094,86780177.7500
2019-04-09,sz.002580,6.5300,6.6100,6.4600,6.6100,6.5300,9036593,59158916.2000
2019-04-10,sz.002580,6.6100,6.6100,6.4500,6.5200,6.6100,8896344,58135060.1400
2019-04-11,sz.002580,6.6400,7.0700,6.6000,6.6400,6.5200,22188995,150337851.4400
2019-04-12,sz.002580,6.5100,6.6300,6.4500,6.6000,6.6400,10830879,70648764.0800
2019-04-15,sz.002580,6.6700,6.9000,6.6000,6.7300,6.6000,18536612,124698068.5200
2019-04-16,sz.002580,6.6500,7.2400,6.6300,7.1400,6.7300,30930838,215454216.1900
2019-04-17,sz.002580,7.0300,7.6600,7.0000,7.1300,7.1400,33288554,242210774.9700
2019-04-18,sz.002580,7.0800,7.1300,6.8600,6.8600,7.1300,18527411,129091415.0000
2019-04-19,sz.002580,6.8900,7.2700,6.8100,7.2500,6.8600,19348290,136431263.3600
2019-04-22,sz.002580,7.1100,7.1800,6.8300,6.8600,7.2500,17473149,122364480.8700
2019-04-23,sz.002580,6.8300,6.9300,6.4800,6.5600,6.8600,13244783,88420688.1000
2019-04-24,sz.002580,6.6100,6.7900,6.5800,6.7600,6.5600,8825459,59119711.7800
2019-04-25,sz.002580,6.7300,6.7300,6.2500,6.2500,6.7600,12272977,79592092.3400
2019-04-26,sz.002580,6.3400,6.3700,6.2100,6.2600,6.2500,5954679,37499724.9900
2019-04-29,sz.002580,6.2500,6.4500,5.8500,5.9100,6.2600,7863085,47453337.1400
2019-04-30,sz.002580,5.9300,6.1300,5.9200,6.0400,5.9100,4900320,29611643.0000
2019-05-06,sz.002580,5.9000,5.9000,5.4400,5.4500,6.0400,8558223,47885313.4200
2019-05-07,sz.002580,5.5500,5.5800,5.3900,5.5400,5.4500,5080959,27904813.2600
2019-05-08,sz.002580,5.4100,5.6400,5.3800,5.5700,5.5400,5419403,29958647.1300
2019-05-09,sz.002580,5.5000,5.5900,5.4500,5.5000,5.5700,4902246,27127709.2000
2019-05-10,sz.002580,5.5300,5.7100,5.4500,5.6900,5.5000,6539400,36778879.0000
2019-05-13,sz.002580,5.6300,5.7200,5.6300,5.7000,5.6900,3929514,22315819.1600
2019-05-14,sz.002580,5.6500,5.7500,5.5900,5.6500,5.7000,3980054,22583773.3100
2019-05-15,sz.002580,5.6900,5.7700,5.6700,5.7500,5.6500,4257131,24396032.0100
2019-05-16,sz.002580,5.7500,5.9000,5.7300,5.8300,5.7500,4570338,26633449.1800
2019-05-17,sz.002580,5.8300,5.8700,5.4800,5.5500,5.8300,5673737,32303416.0800
2019-05-20,sz.002580,5.5300,5.5700,5.3800,5.5700,5.5500,4206918,23121888.2900
2019-05-21,sz.002580,5.5300,5.7200,5.5100,5.6900,5.5700,3659614,20688249.1400
2019-05-22,sz.002580,5.6900,5.8000,5.5800,5.6900,5.6900,4501517,25668047.0800
2019-05-23,sz.002580,5.6700,5.6800,5.4000,5.4500,5.6900,5001468,27595751.2200
2019-05-24,sz.002580,5.4200,5.5500,5.4200,5.4900,5.4500,2711123,14882771.2600
2019-05-27,sz.002580,5.4800,5.7200,5.4500,5.7200,5.4900,4602767,25664386.0000
2019-05-28,sz.002580,5.8800,6.1000,5.7900,5.8000,5.7200,13335459,79151283.7500
2019-05-29,sz.002580,5.7700,5.9300,5.7000,5.8700,5.8000,6858184,39984781.6400
2019-05-30,sz.002580,5.8000,5.8200,5.6600,5.7500,5.8700,5779730,33144716.1000
2019-05-31,sz.002580,5.7700,5.8100,5.6800,5.7000,5.7500,4699955,26984440.3000
2019-06-03,sz.002580,5.7000,5.7600,5.6500,5.7000,5.7000,4486702,25579130.3400
2019-06-04,sz.002580,5.7000,5.7000,5.4800,5.5200,5.7000,4171912,23161687.9600
2019-06-05,sz.002580,5.5800,5.6000,5.5200,5.5300,5.5200,2648346,14729481.2200
2019-06-06,sz.002580,5.5600,5.5600,5.3800,5.3900,5.5300,3389820,18572301.0000
2019-06-10,sz.002580,5.4200,5.5200,5.3900,5.4800,5.3900,2296540,12542631.2000
2019-06-11,sz.002580,5.4800,5.6600,5.4500,5.6600,5.4800,5047823,28231856.1400
2019-06-12,sz.002580,5.6700,5.6800,5.5800,5.6000,5.6600,3519124,19825399.1900
2019-06-13,sz.002580,5.6300,5.7200,5.5700,5.7000,5.6000,4536601,25629887.1900
2019-06-14,sz.002580,5.7000,5.7400,5.4800,5.5200,5.7000,3924879,21940113.5000
2019-06-17,sz.002580,5.4800,5.5400,5.4500,5.5200,5.5200,2090238,11508649.7600
2019-06-18,sz.002580,5.4900,5.5400,5.4500,5.5200,5.5200,1702424,9350279.4800
2019-06-19,sz.002580,5.6000,5.6500,5.5400,5.5400,5.5200,3486300,19509149.7700
2019-06-20,sz.002580,5.5400,5.6400,5.5000,5.6300,5.5400,4586637,25595519.3900
2019-06-21,sz.002580,5.7000,5.9000,5.6700,5.7700,5.6300,8647076,49806156.3400
2019-06-24,sz.002580,5.7400,5.8000,5.7000,5.7600,5.7700,3683230,21174191.0500
2019-06-25,sz.002580,5.7800,5.7800,5.6000,5.7200,5.7600,4127383,23409075.1700
2019-06-26,sz.002580,5.6900,5.7600,5.6300,5.6900,5.7200,2443156,13948501.4400
2019-06-27,sz.002580,5.6900,5.8800,5.6900,5.7200,5.6900,3214636,18430149.7200
2019-06-28,sz.002580,5.6700,5.7500,5.5700,5.6600,5.7200,2869048,16178483.8500
2019-07-01,sz.002580,5.7300,5.8200,5.7200,5.8100,5.6600,6759668,39095577.5400
2019-07-02,sz.002580,5.8700,5.9300,5.7600,5.7900,5.8100,5880847,34321515.0200
2019-07-03,sz.002580,5.7400,5.7400,5.6400,5.7000,5.7900,3391804,19311044.3600
2019-07-04,sz.002580,5.7400,5.7400,5.6300,5.6700,5.7000,3128183,17739243.6400
2019-07-05,sz.002580,5.6700,5.7100,5.6300,5.6900,5.6700,2050142,11627297.1400
2019-07-08,sz.002580,5.6700,5.6700,5.3600,5.4300,5.6900,4869881,26573690.6300
2019-07-09,sz.002580,5.4000,5.4800,5.3500,5.4700,5.4300,2484584,13439464.4500
2019-07-10,sz.002580,5.4600,5.4700,5.3600,5.4100,5.4700,2158460,11672939.8000
2019-07-11,sz.002580,5.4200,5.5500,5.4000,5.4300,5.4100,2750982,14992160.7800
2019-07-12,sz.002580,5.4500,5.4700,5.4000,5.4600,5.4300,1941846,10566938.6200
2019-07-15,sz.002580,5.4600,5.5400,5.3400,5.5200,5.4600,2832218,15498789.9800
2019-07-16,sz.002580,5.5200,5.5500,5.4900,5.5500,5.5200,1805880,9962627.2000
2019-07-17,sz.002580,5.5300,5.6400,5.5200,5.6200,5.5500,4027945,22529064.6000
2019-07-18,sz.002580,5.5900,5.5900,5.4500,5.4500,5.6200,2532399,13935330.3500
2019-07-19,sz.002580,5.4700,5.6300,5.4700,5.5700,5.4500,3236786,18043308.0400
2019-07-22,sz.002580,5.5700,5.6100,5.3500,5.4300,5.5700,2478960,13534418.2000
2019-07-23,sz.002580,5.3500,5.4800,5.3500,5.4800,5.4300,1761643,9594459.0600
2019-07-24,sz.002580,5.5000,5.5800,5.4600,5.5100,5.4800,2739980,15166493.0500
2019-07-25,sz.002580,5.5100,5.5400,5.4700,5.4900,5.5100,2018277,11107889.3300
2019-07-26,sz.002580,5.4900,5.5600,5.4500,5.5500,5.4900,1946740,10712048.8000
2019-07-29,sz.002580,5.5400,5.5500,5.4900,5.5000,5.5500,1869322,10325079.5300
2019-07-30,sz.002580,5.5100,5.5800,5.5100,5.5400,5.5000,2343436,12992591.6800
2019-07-31,sz.002580,5.5200,5.5300,5.4300,5.4700,5.5400,2690220,14697267.9600
2019-08-01,sz.002580,5.5000,5.5000,5.4300,5.4500,5.4700,1627085,8875547.6500
2019-08-02,sz.002580,5.4100,5.4100,5.2800,5.3500,5.4500,3141123,16773039.8200
2019-08-05,sz.002580,5.3600,5.3900,5.2700,5.2900,5.3500,1688625,8988719.6500
2019-08-06,sz.002580,5.2500,5.2500,5.0300,5.1300,5.2900,4678460,23829982.7200
2019-08-07,sz.002580,5.1300,5.2700,5.0800,5.1100,5.1300,1659054,8515517.3400
2019-08-08,sz.002580,5.1100,5.2000,5.1000,5.1300,5.1100,1952551,10066293.7600
2019-08-09,sz.002580,5.1600,5.2000,5.0800,5.1200,5.1300,1980640,10189688.6000
2019-08-12,sz.002580,5.1200,5.1900,5.0700,5.1800,5.1200,1716396,8807938.3200
2019-08-13,sz.002580,5.1300,5.1600,5.0900,5.1100,5.1800,1441100,7370611.6000
2019-08-14,sz.002580,5.1700,5.2500,5.1500,5.1700,5.1100,2004783,10402055.3200
2019-08-15,sz.002580,5.1000,5.1500,5.0100,5.1300,5.1700,1892660,9628917.8000
2019-08-16,sz.002580,5.1000,5.1800,5.1000,5.1600,5.1300,1483243,7634594.4200
2019-08-19,sz.002580,5.2000,5.2800,5.1500,5.2600,5.1600,3365947,17578690.9400
2019-08-20,sz.002580,5.2800,5.3400,5.2400,5.2500,5.2600,2509560,13236798.0000
2019-08-21,sz.002580,5.2700,5.3500,5.2300,5.2900,5.2500,2363523,12489263.6400
2019-08-22,sz.002580,5.3200,5.4000,5.2900,5.3500,5.2900,3260882,17407336.6800
2019-08-23,sz.002580,5.5000,5.8500,5.4200,5.4500,5.3500,9719127,54349391.9400
2019-08-26,sz.002580,5.2900,5.3800,5.2600,5.3200,5.4500,5741584,30411534.2800
2019-08-27,sz.002580,5.3600,5.4500,5.3200,5.4000,5.3200,4357741,23487175.5700
2019-08-28,sz.002580,5.4000,5.5500,5.3700,5.4700,5.4000,4111451,22482681.6200
2019-08-29,sz.002580,5.4600,5.6000,5.3800,5.4200,5.4700,3402767,18463318.0000
2019-08-30,sz.002580,5.4500,5.4600,5.2500,5.2900,5.4200,3166758,16978790.9400
2019-09-02,sz.002580,5.3300,5.5500,5.3000,5.4800,5.2900,6458740,35336258.6800
2019-09-03,sz.002580,5.4400,5.6300,5.4400,5.5300,5.4800,7268306,40349338.1200
2019-09-04,sz.002580,5.5600,5.5800,5.4800,5.5300,5.5300,3704291,20449798.9200
2019-09-05,sz.002580,5.5500,5.6200,5.5200,5.5400,5.5300,7262589,40432224.6600
2019-09-06,sz.002580,5.5400,5.5800,5.5000,5.5300,5.5400,3831120,21224505.6000
2019-09-09,sz.002580,5.5800,5.7000,5.5300,5.6500,5.5300,8179579,45982590.9500
2019-09-10,sz.002580,5.6500,5.7200,5.6000,5.6800,5.6500,6332923,35875682.1000
2019-09-11,sz.002580,5.6900,5.7300,5.6100,5.6300,5.6800,4259393,24168281.7300
2019-09-12,sz.002580,5.6400,5.6800,5.5800,5.6400,5.6300,4413692,24821754.9200
2019-09-16,sz.002580,5.6400,5.7400,5.6400,5.6800,5.6400,3876522,22093391.8500
2019-09-17,sz.002580,5.6800,5.6800,5.4600,5.5000,5.6800,5229083,28994819.5500
2019-09-18,sz.002580,5.5000,5.5800,5.5000,5.5100,5.5000,3066360,16935531.6000
2019-09-19,sz.002580,5.5600,5.6100,5.4700,5.5900,5.5100,3538640,19622311.2700
2019-09-20,sz.002580,5.5900,5.6500,5.5300,5.5800,5.5900,3642838,20426640.0800
2019-09-23,sz.002580,5.5900,5.6000,5.4700,5.5200,5.5800,2633752,14493403.3600
2019-09-24,sz.002580,5.5200,5.6100,5.5000,5.5600,5.5200,4090864,22775302.5600
2019-09-25,sz.002580,5.5600,5.5700,5.4100,5.4500,5.5600,4431100,24326676.5600
2019-09-26,sz.002580,5.4200,5.4800,5.2600,5.2600,5.4500,3720828,19886653.8200
2019-09-27,sz.002580,5.2600,5.3700,5.2600,5.3200,5.2600,2745660,14600431.2000
2019-09-30,sz.002580,5.3600,5.4300,5.2600,5.2800,5.3200,2474448,13212449.1900
2019-10-08,sz.002580,5.3300,5.3400,5.2200,5.2500,5.2800,2012560,10620515.4000
2019-10-09,sz.002580,5.2500,5.3200,5.2200,5.3200,5.2500,1620460,8541584.8000
2019-10-10,sz.002580,5.3400,5.4000,5.3000,5.3900,5.3200,1842470,9898433.8000
2019-10-11,sz.002580,5.4100,5.4200,5.3400,5.3900,5.3900,1868032,10046695.1200
2019-10-14,sz.002580,5.4200,5.5100,5.4100,5.4700,5.3900,2265361,12376984.0600
2019-10-15,sz.002580,5.5300,5.5300,5.4400,5.4800,5.4700,3198855,17538647.9500
2019-10-16,sz.002580,5.4600,5.5100,5.4100,5.4900,5.4800,2672981,14579801.4400
2019-10-17,sz.002580,5.4800,5.5600,5.3900,5.5500,5.4900,4095884,22456126.1800
2019-10-18,sz.002580,5.5100,5.5100,5.3400,5.4000,5.5500,3292252,17838699.4200
2019-10-21,sz.002580,5.4400,5.4800,5.3100,5.4300,5.4000,3385112,18272364.8800
2019-10-22,sz.002580,5.4300,5.4400,5.3300,5.4200,5.4300,2123663,11444129.1700
2019-10-23,sz.002580,5.4200,5.4300,5.3700,5.3700,5.4200,1363858,7368507.2400
2019-10-24,sz.002580,5.3500,5.4600,5.3500,5.3900,5.3700,2101023,11368349.2300
2019-10-25,sz.002580,5.4000,5.5000,5.3600,5.4700,5.3900,2846609,15480047.9000
2019-10-28,sz.002580,5.4800,5.5800,5.4600,5.5600,5.4700,4398801,24386838.0100
2019-10-29,sz.002580,5.5800,5.5800,5.4500,5.4900,5.5600,3338211,18393908.0700
2019-10-30,sz.002580,5.4600,5.4900,5.3400,5.3600,5.4900,3180120,17103541.2000
2019-10-31,sz.002580,5.3500,5.3900,5.2500,5.2700,5.3600,2624600,13933548.8000
2019-11-01,sz.002580,5.2700,5.3200,5.1700,5.3000,5.2700,2603683,13702352.2800
2019-11-04,sz.002580,5.3000,5.3300,5.2000,5.2400,5.3000,2677500,14113136.4400
2019-11-05,sz.002580,5.2400,5.2800,5.1300,5.2700,5.2400,2587062,13501281.7600
2019-11-06,sz.002580,5.2600,5.3100,5.2100,5.2400,5.2700,2096600,11034133.0000
2019-11-07,sz.002580,5.2000,5.2700,5.1900,5.2300,5.2400,1846265,9639589.5500
2019-11-08,sz.002580,5.2300,5.2700,5.1500,5.1600,5.2300,2120581,11056425.1500
2019-11-11,sz.002580,5.1300,5.1900,4.9700,4.9900,5.1600,3511885,17692545.9500
2019-11-12,sz.002580,4.9700,5.0900,4.9700,5.0700,4.9900,2052893,10310083.9500
2019-11-13,sz.002580,5.0500,5.0800,5.0200,5.0300,5.0700,818957,4132773.1400
2019-11-14,sz.002580,5.0100,5.0500,4.9700,5.0100,5.0300,2679200,13409173.0000
2019-11-15,sz.002580,5.0300,5.0300,4.9600,4.9700,5.0100,1609898,8042699.4000
2019-11-18,sz.002580,4.9800,5.0000,4.9500,4.9700,4.9700,1357857,6750731.9200
2019-11-19,sz.002580,4.9700,5.0500,4.9600,5.0500,4.9700,1781080,8942644.6000
2019-11-20,sz.002580,5.0300,5.0500,4.9700,4.9900,5.0500,2015230,10079662.6000
2019-11-21,sz.002580,4.9600,5.0200,4.9600,4.9900,4.9900,838860,4188015.0000
2019-11-22,sz.002580,4.9900,5.0900,4.9800,5.0200,4.9900,2100865,10563918.9500
2019-11-25,sz.002580,5.0500,5.0500,4.9800,5.0300,5.0200,1777571,8917581.0100
2019-11-26,sz.002580,5.0300,5.0400,4.9900,5.0300,5.0300,1477886,7414075.6100
2019-11-27,sz.002580,5.0300,5.0500,5.0000,5.0300,5.0300,1269922,6380225.3500
2019-11-28,sz.002580,5.0300,5.0400,4.9700,4.9800,5.0300,1745060,8744098.8000
2019-11-29,sz.002580,4.9600,5.0200,4.9500,5.0100,4.9800,1452363,7243834.5700
2019-12-02,sz.002580,5.0200,5.0400,4.9800,5.0000,5.0100,1232126,6177281.3400
2019-12-03,sz.002580,4.9800,5.1200,4.9800,5.0700,5.0000,2356362,11871313.6800
2019-12-04,sz.002580,5.0600,5.0700,5.0300,5.0600,5.0700,1089039,5502028.5500
2019-12-05,sz.002580,5.0800,5.1100,5.0700,5.0900,5.0600,1613897,8218230.3600
2019-12-06,sz.002580,5.1100,5.1400,5.0700,5.1400,5.0900,1359145,6936254.4400
2019-12-09,sz.002580,5.1500,5.1500,5.0900,5.0900,5.1400,1358597,6938928.7300
2019-12-10,sz.002580,5.1100,5.1100,5.0200,5.0800,5.0900,2342598,11841087.0800
2019-12-11,sz.002580,5.0800,5.0800,5.0300,5.0500,5.0800,1464970,7402334.8000
2019-12-12,sz.002580,5.0600,5.0700,4.9900,5.0200,5.0500,3244080,16309409.6000
2019-12-13,sz.002580,5.0400,5.0800,5.0200,5.0700,5.0200,2561345,12926365.1800
2019-12-16,sz.002580,5.0900,5.1400,5.0400,5.1300,5.0700,3498347,17838949.2000
2019-12-17,sz.002580,5.1200,5.2300,5.1200,5.1700,5.1300,4198031,21726877.8200
2019-12-18,sz.002580,5.1600,5.2100,5.1400,5.2100,5.1700,3343228,17349655.8300
2019-12-19,sz.002580,5.2000,5.2400,5.1500,5.2400,5.2100,2521100,13131691.4000
2019-12-20,sz.002580,5.2400,5.2700,5.1600,5.1700,5.2400,3063460,15952380.5800
2019-12-23,sz.002580,5.1800,5.1900,5.0700,5.0800,5.1700,2813150,14437800.5000
2019-12-24,sz.002580,5.0800,5.4100,5.0800,5.3100,5.0800,7329078,38627183.0400
2019-12-25,sz.002580,5.3100,5.3100,5.1700,5.2100,5.3100,4709000,24630097.6400
2019-12-26,sz.002580,5.2100,5.3500,5.1900,5.3300,5.2100,6316980,33452109.8000
2019-12-27,sz.002580,5.3000,5.3600,5.2500,5.2800,5.3300,4010240,21253844.8000
2019-12-30,sz.002580,5.2300,5.3800,5.1600,5.3400,5.2800,4339921,22873896.4100
2019-12-31,sz.002580,5.3500,5.4000,5.2700,5.4000,5.3400,5391825,28840317.2600
2020-01-02,sz.002580,5.4100,5.4600,5.3700,5.4000,5.4000,5844235,31624102.1500
2020-01-03,sz.002580,5.3900,5.4300,5.3400,5.3900,5.4000,5176977,27887860.7800
2020-01-06,sz.002580,5.3700,5.4800,5.3500,5.4200,5.3900,5681040,30810159.0000
2020-01-07,sz.002580,5.3800,5.4700,5.3800,5.4500,5.4200,5496683,29846909.2000
2020-01-08,sz.002580,5.4000,5.5900,5.3800,5.4200,5.4500,8807783,48418429.5000
2020-01-09,sz.002580,5.5000,5.5300,5.4200,5.4900,5.4200,6034538,33003533.4600
2020-01-10,sz.002580,5.5000,5.5400,5.4200,5.5100,5.4900,5539816,30260845.8800
2020-01-13,sz.002580,5.4900,5.7800,5.4500,5.6500,5.5100,12308611,69194294.8400
2020-01-14,sz.002580,5.6200,5.8700,5.5800,5.7800,5.6500,15930284,91615179.4100
2020-01-15,sz.002580,5.7100,5.7600,5.5900,5.6600,5.7800,9248504,52257715.2100
2020-01-16,sz.002580,5.6300,5.6600,5.5100,5.5400,5.6600,6205579,34508826.7000
2020-01-17,sz.002580,5.5400,5.5900,5.4400,5.4700,5.5400,4568121,25109942.5900
2020-01-20,sz.002580,5.4500,5.5000,5.4100,5.5000,5.4700,4418575,24150501.8900
2020-01-21,sz.002580,5.5000,5.5000,5.3500,5.3900,5.5000,4389170,23748474.6400
2020-01-22,sz.002580,5.3600,5.4400,5.2500,5.4100,5.3900,4459438,23953593.0000
2020-01-23,sz.002580,5.3600,5.4100,5.1100,5.2100,5.4100,5419289,28459118.9500
2020-02-03,sz.002580,4.6900,4.6900,4.6900,4.6900,5.2100,1273400,5972246.0000
2020-02-04,sz.002580,4.3000,4.8000,4.3000,4.6100,4.6900,7908975,35820655.0900
2020-02-05,sz.002580,4.6400,4.8100,4.5900,4.7000,4.6100,5379280,25404872.0000
2020-02-06,sz.002580,4.6600,4.7700,4.6500,4.7300,4.7000,4485380,21122461.6000
2020-02-07,sz.002580,4.6200,4.7900,4.6200,4.7800,4.7300,5015960,23656600.8000
2020-02-10,sz.002580,4.7500,4.9000,4.7400,4.8800,4.7800,4661630,22478655.8000
2020-02-11,sz.002580,4.8400,4.9500,4.8300,4.8600,4.8800,3487339,17039722.0800
2020-02-12,sz.002580,4.8500,5.0900,4.8200,5.0800,4.8600,9332951,46829785.2100
2020-02-13,sz.002580,4.9400,5.0500,4.9200,4.9500,5.0800,8418552,41850685.7500
2020-02-14,sz.002580,4.9300,4.9900,4.8800,4.9300,4.9500,4417169,21789906.4000
2020-02-17,sz.002580,4.9700,5.0800,4.9500,5.0700,4.9300,5527024,27821324.2800
2020-02-18,sz.002580,5.1000,5.2200,5.0700,5.1700,5.0700,6909850,35490415.7900
2020-02-19,sz.002580,5.6900,5.6900,5.6900,5.6900,5.1700,5131301,29197102.6900
2020-02-20,sz.002580,5.9800,6.2600,5.7500,6.0700,5.6900,64180869,385423887.8600
2020-02-21,sz.002580,5.7300,5.9300,5.7200,5.7700,6.0700,37992970,220310174.6600
2020-02-24,sz.002580,5.6700,5.7000,5.4700,5.5400,5.7700,26447122,147061392.0500
2020-02-25,sz.002580,5.3500,6.0900,5.2600,5.9000,5.5400,33140760,185720927.7800
2020-02-26,sz.002580,5.6900,5.8300,5.5600,5.6000,5.9000,18125255,103173557.9400
2020-02-27,sz.002580,5.6100,5.7000,5.5200,5.5400,5.6000,11123739,62333918.7800
2020-02-28,sz.002580,5.4000,5.4700,5.2000,5.2000,5.5400,12150198,64983373.4300
2020-03-02,sz.002580,5.2500,5.4800,5.2500,5.4100,5.2000,7699801,41454221.8000
2020-03-03,sz.002580,5.5000,5.5800,5.3500,5.4100,5.4100,10509966,57619262.6600
2020-03-04,sz.002580,5.3500,5.4700,5.3200,5.4500,5.4100,5724749,30978500.9600
2020-03-05,sz.002580,5.5200,5.7000,5.5200,5.5700,5.4500,13515186,75749519.9000
2020-03-06,sz.002580,5.5800,5.9500,5.5300,5.7500,5.5700,18407032,105716638.7100
2020-03-09,sz.002580,5.5600,5.7500,5.5100,5.5400,5.7500,13293691,74431727.5800
2020-03-10,sz.002580,5.4500,5.7400,5.3700,5.7400,5.5400,13849646,77053486.5600
2020-03-11,sz.002580,5.8100,5.9300,5.6400,5.6600,5.7400,18432998,106355424.6400
2020-03-12,sz.002580,5.5600,6.0200,5.5100,5.9100,5.6600,23379534,135394794.8200
2020-03-13,sz.002580,5.6100,6.4400,5.5800,6.1400,5.9100,34796160,209957892.5400
2020-03-16,sz.002580,6.2300,6.2500,5.6000,5.8000,6.1400,24908344,147916818.2500
2020-03-17,sz.002580,5.9000,5.9500,5.4100,5.6400,5.8000,15430492,86919862.2500
2020-03-18,sz.002580,5.7600,6.0000,5.6000,5.6400,5.6400,18004465,104747022.5500
2020-03-19,sz.002580,5.4700,5.6200,5.3600,5.5200,5.6400,14461775,79323500.4700
2020-03-20,sz.002580,5.5800,5.6200,5.4400,5.5400,5.5200,10209807,56432158.9100
2020-03-23,sz.002580,5.3500,5.4200,5.1700,5.1900,5.5400,10765453,56770123.3900
2020-03-24,sz.002580,5.2600,5.3500,5.0500,5.2800,5.1900,7315691,38186973.2000
2020-03-25,sz.002580,5.3400,5.4400,5.3000,5.4100,5.2800,7451869,40080943.3300
2020-03-26,sz.002580,5.3800,5.4200,5.3200,5.3300,5.4100,4773280,25612570.8000
2020-03-27,sz.002580,5.3900,5.4200,5.2900,5.3000,5.3300,5388980,28869052.6000
2020-03-30,sz.002580,5.2100,5.2300,5.0700,5.0900,5.3000,5874537,30026454.5900
2020-03-31,sz.002580,5.1600,5.1600,4.9600,4.9700,5.0900,4407740,22231216.3600
2020-04-01,sz.002580,5.0000,5.0700,4.9600,4.9700,4.9700,2848057,14264776.7400
2020-04-02,sz.002580,4.9500,5.1000,4.9000,5.1000,4.9700,2862840,14397418.6000
2020-04-03,sz.002580,5.0800,5.1000,4.9800,5.0000,5.1000,3231560,16268177.8000
2020-04-07,sz.002580,5.0600,5.1600,5.0600,5.1500,5.0000,3850012,19715277.6400
2020-04-08,sz.002580,5.1400,5.2200,5.1100,5.1900,5.1500,3738376,19370868.8000
2020-04-09,sz.002580,5.2100,5.3000,5.1900,5.2500,5.1900,4251728,22339945.3600
2020-04-10,sz.002580,5.2700,5.2700,5.1000,5.1400,5.2500,4742580,24490049.2000
2020-04-13,sz.002580,5.0800,5.1200,4.9900,5.0500,5.1400,2855340,14403473.2000
2020-04-14,sz.002580,5.0800,5.1900,5.0500,5.1800,5.0500,2640280,13546948.4000
2020-04-15,sz.002580,5.1700,5.2800,5.1400,5.1700,5.1800,5181642,26910754.6600
2020-04-16,sz.002580,5.1400,5.2200,5.1000,5.1600,5.1700,3894903,20110955.5000
2020-04-17,sz.002580,5.1700,5.2600,5.1400,5.2300,5.1600,5755680,29917386.6000
2020-04-20,sz.002580,5.2300,5.2300,5.1500,5.2000,5.2300,3211600,16650334.6000
2020-04-21,sz.002580,5.1800,5.1800,5.0500,5.1000,5.2000,4337440,22140285.2000
2020-04-22,sz.002580,5.0600,5.1400,5.0300,5.1400,5.1000,3293288,16806181.7200
2020-04-23,sz.002580,5.1100,5.1900,5.0500,5.0800,5.1400,3919500,19984280.6000
2020-04-24,sz.002580,5.0800,5.2200,5.0600,5.1300,5.0800,4781829,24525800.6300
2020-04-27,sz.002580,5.1300,5.2700,5.1100,5.2500,5.1300,6992040,36472361.4200
2020-04-28,sz.002580,5.2400,5.3600,5.0200,5.1900,5.2500,7132800,37153492.6000
2020-04-29,sz.002580,5.1400,5.2900,5.0800,5.1000,5.1900,6092574,31603134.6000
2020-04-30,sz.002580,5.1200,5.2500,5.1100,5.2400,5.1000,5775760,30034608.8000
2020-05-06,sz.002580,5.2100,5.4300,5.1700,5.3900,5.2400,8425307,45015015.0400
2020-05-07,sz.002580,5.3900,5.5000,5.2800,5.3500,5.3900,5927160,31758598.2000
2020-05-08,sz.002580,5.3300,5.4100,5.3200,5.3500,5.3500,4495300,24070493.0000
2020-05-11,sz.002580,5.3900,5.4900,5.3100,5.4800,5.3500,8036963,43379323.5600
2020-05-12,sz.002580,5.4800,5.5400,5.3300,5.3900,5.4800,6403660,34635811.5100
2020-05-13,sz.002580,5.3900,5.4600,5.3200,5.3600,5.3900,3873060,20747709.8000
2020-05-14,sz.002580,5.3700,5.3900,5.2800,5.3400,5.3600,4051680,21573971.0000
2020-05-15,sz.002580,5.3700,5.4500,5.3200,5.3400,5.3400,4110960,22142049.6000
2020-05-18,sz.002580,5.3700,5.3700,5.2500,5.2900,5.3400,4107380,21697088.8000
2020-05-19,sz.002580,5.3500,5.3500,5.2100,5.2700,5.2900,5608720,29631886.0000
2020-05-20,sz.002580,5.3300,5.3300,5.2100,5.2600,5.2700,3140983,16487936.2900
2020-05-21,sz.002580,5.2800,5.4000,5.2600,5.3300,5.2600,5919070,31633549.8000
2020-05-22,sz.002580,5.3000,5.3200,5.0400,5.1000,5.3300,7918520,40555202.2000
2020-05-25,sz.002580,5.0600,5.1100,5.0000,5.0400,5.1000,2882603,14545000.0000
2020-05-26,sz.002580,5.1500,5.1500,5.0700,5.1200,5.0400,2308056,11776260.8400
2020-05-27,sz.002580,5.1300,5.1400,5.0700,5.1000,5.1200,2074863,10577070.1000
2020-05-28,sz.002580,5.1500,5.1500,5.0700,5.1400,5.1000,2633940,13465173.1600
2020-05-29,sz.002580,5.1600,5.2400,5.1300,5.1700,5.1400,1966540,10159065.2400
2020-06-01,sz.002580,5.1600,5.3000,5.1400,5.2900,5.1700,3878503,20389621.4100
2020-06-02,sz.002580,5.3400,5.5500,5.2800,5.5200,5.2900,11170437,60577490.1700
2020-06-03,sz.002580,5.9000,5.9000,5.4800,5.4800,5.5000,19380083,109547369.6200
2020-06-04,sz.002580,5.5100,5.6800,5.4400,5.5300,5.4800,10203913,56433971.8000
2020-06-05,sz.002580,5.4800,5.5200,5.3400,5.4000,5.5300,7033460,37947018.4000
2020-06-08,sz.002580,5.4400,5.4400,5.3200,5.3500,5.4000,4150360,22213127.5800
2020-06-09,sz.002580,5.3600,5.4000,5.3400,5.4000,5.3500,3008931,16161952.4500
2020-06-10,sz.002580,5.3900,5.5500,5.3500,5.4300,5.4000,3983020,21674239.2900
2020-06-11,sz.002580,5.4400,5.4800,5.3500,5.3600,5.4300,3698936,20005873.7200
2020-06-12,sz.002580,5.2500,5.3600,5.2200,5.3100,5.3600,3387220,17918639.2000
2020-06-15,sz.002580,5.3000,5.3600,5.2500,5.2600,5.3100,2939054,15587169.9000
2020-06-16,sz.002580,5.2800,5.3400,5.2600,5.3300,5.2600,2659080,14106080.4000
2020-06-17,sz.002580,5.3400,5.3500,5.2500,5.2900,5.3300,3521540,18604768.8000
2020-06-18,sz.002580,5.3300,5.3300,5.2600,5.2600,5.2900,2565300,13536605.8300
2020-06-19,sz.002580,5.2700,5.3200,5.2400,5.3000,5.2600,2736037,14449861.2200
2020-06-22,sz.002580,5.3200,5.3300,5.2600,5.2900,5.3000,2743814,14540024.4600
2020-06-23,sz.002580,5.3000,5.3100,5.2600,5.3100,5.2900,2514048,13272810.7500
2020-06-24,sz.002580,5.3000,5.3900,5.2800,5.3700,5.3100,4873837,26040707.0000
2020-06-29,sz.002580,5.3600,5.4500,5.3200,5.4200,5.3700,5168579,27908804.0700
2020-06-30,sz.002580,5.4500,5.5500,5.4200,5.4800,5.4200,6577960,36079629.6000
2020-07-01,sz.002580,5.4800,5.5600,5.4100,5.4900,5.4800,5716940,31367077.3200
2020-07-02,sz.002580,5.4400,5.5400,5.4300,5.5100,5.4900,5813143,31973633.0100
2020-07-03,sz.002580,5.5100,5.5300,5.4600,5.5200,5.5100,5685028,31262102.7600
2020-07-06,sz.002580,5.5500,5.7000,5.5300,5.6600,5.5200,8770970,49331067.0600
2020-07-07,sz.002580,5.7200,5.7900,5.5800,5.6200,5.6600,10554257,59828226.6600
2020-07-08,sz.002580,5.6400,5.7500,5.6200,5.7200,5.6200,7639516,43374673.8400
2020-07-09,sz.002580,5.7200,5.8500,5.6900,5.8300,5.7200,9581248,55232981.0800
2020-07-10,sz.002580,5.8000,5.8700,5.6700,5.7000,5.8300,7323920,42311352.1700
2020-07-13,sz.002580,5.7000,5.8500,5.6900,5.8500,5.7000,8793678,51108357.0400
2020-07-14,sz.002580,5.8400,5.9800,5.7700,5.9300,5.8500,11580980,68342321.0000
2020-07-15,sz.002580,5.9500,6.0000,5.7000,5.7100,5.9300,7894920,45874149.2300
2020-07-16,sz.002580,5.6800,5.8400,5.5000,5.5500,5.7100,6222671,35289962.2100
2020-07-17,sz.002580,5.5600,5.6500,5.4500,5.5300,5.5500,5151800,28578596.9600
2020-07-20,sz.002580,5.6000,5.8000,5.5700,5.8000,5.5300,6291999,36087079.7000
2020-07-21,sz.002580,5.8300,5.9500,5.7600,5.8200,5.8000,5340120,31049724.4800
2020-07-22,sz.002580,5.8300,5.8800,5.7000,5.7700,5.8200,5426920,31545379.7700
2020-07-23,sz.002580,5.7800,5.8100,5.6000,5.7700,5.7700,5499236,31498692.4000
2020-07-24,sz.002580,5.9500,6.0900,5.6800,5.6900,5.7700,19218045,113756564.9800
2020-07-27,sz.002580,5.6200,5.6700,5.4200,5.5300,5.6900,7954700,44096077.6000
2020-07-28,sz.002580,5.6200,5.9500,5.5600,5.7900,5.5300,12181567,70761552.0300
2020-07-29,sz.002580,5.8200,5.8800,5.7500,5.8500,5.7900,8978460,52303356.2600
2020-07-30,sz.002580,5.9300,6.0200,5.8100,5.8300,5.8500,8535278,50244928.9500
2020-07-31,sz.002580,5.8000,6.1400,5.7800,6.0800,5.8300,15492440,92485905.7200
2020-08-03,sz.002580,6.2000,6.2000,6.0000,6.1700,6.0800,15359337,93897608.6500
2020-08-04,sz.002580,6.1500,6.1500,6.0100,6.0400,6.1700,9981609,60549522.1800
2020-08-05,sz.002580,6.0600,6.2000,6.0300,6.1000,6.0400,8831526,54041005.4800
2020-08-06,sz.002580,6.1900,6.1900,5.9400,6.0300,6.1000,8375517,50458453.2500
2020-08-07,sz.002580,6.0300,6.0600,5.8500,5.9600,6.0300,6295647,37415528.1800
2020-08-10,sz.002580,5.9800,6.0800,5.9000,6.0000,5.9600,5023287,30263768.5300
2020-08-11,sz.002580,6.0300,6.0300,5.7800,5.7800,6.0000,7538264,44483346.4800
2020-08-12,sz.002580,5.7800,5.7800,5.7800,5.7800,5.7800,0,0.0000
2020-08-13,sz.002580,5.7800,5.7800,5.7800,5.7800,5.7800,0,0.0000
2020-08-14,sz.002580,6.3200,6.3200,5.9000,5.9800,5.7800,25193735,153909428.4400
2020-08-17,sz.002580,5.8100,5.9200,5.6800,5.9000,5.9800,15607542,90828383.5800
2020-08-18,sz.002580,5.9000,6.4200,5.8200,6.2600,5.9000,21403757,130502611.3200
2020-08-19,sz.002580,6.2600,6.3500,6.0300,6.0600,6.2600,13909792,86162217.4400
2020-08-20,sz.002580,5.9800,6.6700,5.9700,6.6700,6.0600,14793516,96130478.5600
2020-08-21,sz.002580,6.8000,7.1700,6.4000,6.5300,6.6700,46681446,314510240.4500
2020-08-24,sz.002580,6.5300,6.6800,6.3600,6.4700,6.5300,23963675,155386151.6000
2020-08-25,sz.002580,6.4300,6.5500,6.2100,6.2900,6.4700,16141129,101797402.1300
2020-08-26,sz.002580,6.3700,6.3700,6.0700,6.0900,6.2900,11148940,68886352.5800
2020-08-27,sz.002580,6.1200,6.2000,6.0500,6.1700,6.0900,6613491,40507957.7100
2020-08-28,sz.002580,6.1700,6.1900,6.0100,6.1000,6.1700,7921252,48096802.1600
2020-08-31,sz.002580,6.0700,6.2700,6.0600,6.1800,6.1000,8231687,50811950.2500
2020-09-01,sz.002580,6.1600,6.2200,6.0400,6.2200,6.1800,6912142,42427065.9000
2020-09-02,sz.002580,6.1900,6.2700,6.1000,6.2700,6.2200,9606071,59477520.1600
2020-09-03,sz.002580,6.2500,6.2900,6.0800,6.0800,6.2700,7395065,45722236.8000
2020-09-04,sz.002580,6.0300,6.1700,5.9200,6.1100,6.0800,5824445,35449689.4200
2020-09-07,sz.002580,6.1500,6.2000,6.0200,6.0600,6.1100,6609345,40500939.7500
2020-09-08,sz.002580,6.0600,6.1400,6.0400,6.1300,6.0600,4480597,27328249.1400
2020-09-09,sz.002580,6.1000,6.2600,6.0800,6.1300,6.1300,8231565,50892302.9500
2020-09-10,sz.002580,6.1600,6.2000,5.7500,5.7700,6.1300,8659800,51508823.8000
2020-09-11,sz.002580,5.7000,5.8700,5.6900,5.8500,5.7700,3580982,20694899.3800
2020-09-14,sz.002580,5.8500,5.9500,5.8500,5.9300,5.8500,3811560,22539997.4000
2020-09-15,sz.002580,5.8600,5.9600,5.8400,5.8600,5.9300,3683080,21680178.0000
2020-09-16,sz.002580,5.8800,5.8900,5.7600,5.8000,5.8600,3321296,19315425.8400
2020-09-17,sz.002580,5.8000,5.8600,5.7000,5.8200,5.8000,3119560,18070248.6000
2020-09-18,sz.002580,5.8200,6.0800,5.8100,6.0500,5.8200,8513744,50709901.5600
2020-09-21,sz.002580,6.0200,6.1800,5.9900,6.1800,6.0500,9866196,60221776.2400
2020-09-22,sz.002580,6.0600,6.1300,5.9500,5.9900,6.1800,10143120,61065693.7800
2020-09-23,sz.002580,6.0000,6.1700,5.9800,6.0800,5.9900,6473577,39402931.1700
2020-09-24,sz.002580,6.0400,6.1100,5.9400,5.9600,6.0800,5684917,34206704.4300
2020-09-25,sz.002580,6.0000,6.0200,5.7900,5.8000,5.9600,4119820,24142603.0000
2020-09-28,sz.002580,5.8200,5.8200,5.7000,5.7100,5.8000,2692499,15440789.4100
2020-09-29,sz.002580,5.7100,5.8100,5.6600,5.7700,5.7100,2644675,15217581.5000
2020-09-30,sz.002580,5.8000,5.8000,5.6900,5.7100,5.7700,1871042,10762741.8200
2020-10-09,sz.002580,5.7900,6.1000,5.7900,6.0400,5.7100,6272215,37522148.9200
2020-10-12,sz.002580,6.0600,6.1900,6.0600,6.1600,6.0400,8726314,53549559.8600
2020-10-13,sz.002580,6.1600,6.2000,6.1000,6.1700,6.1600,6718630,41357664.7000
2020-10-14,sz.002580,6.1900,6.2800,6.1200,6.1400,6.1700,5919020,36604321.4000
2020-10-15,sz.002580,6.1700,6.3100,6.1400,6.1800,6.1400,10270900,63900869.4000
2020-10-16,sz.002580,6.1800,6.2500,6.1100,6.2400,6.1800,6296282,38987778.2700
2020-10-19,sz.002580,6.2400,6.2800,6.1200,6.1400,6.2400,5401793,33516261.1600
2020-10-20,sz.002580,6.1200,6.2000,6.0900,6.1900,6.1400,4533472,27875010.4500
2020-10-21,sz.002580,6.1700,6.1900,6.0300,6.0600,6.1900,5868700,35724711.2000
2020-10-22,sz.002580,6.0500,6.1800,5.9800,6.1300,6.0600,4603356,28117710.7800
2020-10-23,sz.002580,6.1100,6.2000,6.0500,6.0700,6.1300,4161920,25457627.9100
2020-10-26,sz.002580,6.0800,6.2200,6.0200,6.2000,6.0700,5408525,33257047.5500
2020-10-27,sz.002580,6.1900,6.2500,6.1100,6.1500,6.2000,4793930,29567014.2800
2020-10-28,sz.002580,6.1300,6.2800,5.9900,6.2700,6.1500,8277683,51159584.0200
2020-10-29,sz.002580,6.1900,6.2600,6.1200,6.1400,6.2700,7684696,47547329.7200
2020-10-30,sz.002580,6.1400,6.1600,5.9000,5.9400,6.1400,6970451,42081249.6700
2020-11-02,sz.002580,5.9400,6.2300,5.8400,6.1900,5.9400,10980871,67203736.6500
2020-11-03,sz.002580,6.2500,6.2600,6.1700,6.2500,6.1900,8120560,50512046.4100
2020-11-04,sz.002580,6.2600,6.3800,6.1900,6.2800,6.2500,10791920,67720567.1200
2020-11-05,sz.002580,6.3200,6.4900,6.2600,6.4600,6.2800,15634056,99830414.2000
2020-11-06,sz.002580,6.4400,6.6600,6.2900,6.3800,6.4600,19910617,129021045.5900
2020-11-09,sz.002580,6.3900,6.5000,6.3700,6.4500,6.3800,10526336,67812369.6400
2020-11-10,sz.002580,6.4500,6.4600,6.2500,6.2800,6.4500,7360114,46526078.3200
2020-11-11,sz.002580,6.2500,6.2800,6.0700,6.0900,6.2800,8736994,53817539.9600
2020-11-12,sz.002580,6.1200,6.2100,6.0700,6.1700,6.0900,5032384,30893972.6000
2020-11-13,sz.002580,6.1900,6.2000,6.1100,6.1900,6.1700,3612800,22259247.0000
2020-11-16,sz.002580,6.2000,6.2400,6.1500,6.2400,6.1900,3937684,24380001.5600
2020-11-17,sz.002580,6.2700,6.2800,6.1600,6.2300,6.2400,5173021,32174364.4500
2020-11-18,sz.002580,6.2300,6.2400,6.1200,6.1800,6.2300,4843240,29862132.0000
2020-11-19,sz.002580,6.1400,6.1800,6.1100,6.1600,6.1800,2959400,18187099.0000
2020-11-20,sz.002580,6.1600,6.2100,6.0800,6.1900,6.1600,4756558,29257896.5200
2020-11-23,sz.002580,6.2200,6.2300,6.1200,6.1700,6.1900,3404896,21035298.0400
2020-11-24,sz.002580,6.1900,6.2200,6.1200,6.1300,6.1700,3693740,22735766.4000
2020-11-25,sz.002580,6.1700,6.2300,6.1400,6.1800,6.1300,6043713,37414713.3500
2020-11-26,sz.002580,6.1800,6.1800,6.0100,6.0800,6.1800,5774735,35060782.7900
2020-11-27,sz.002580,6.1000,6.1000,6.0000,6.0500,6.0800,4041964,24433378.9200
2020-11-30,sz.002580,6.0300,6.0700,5.9700,5.9800,6.0500,3364900,20284399.7200
2020-12-01,sz.002580,6.0000,6.1000,5.9800,6.0700,5.9800,3342200,20200998.6000
2020-12-02,sz.002580,6.1000,6.1200,6.0500,6.1100,6.0700,3113709,18955964.0500
2020-12-03,sz.002580,6.1000,6.1100,6.0500,6.0800,6.1100,1841760,11195337.2000
2020-12-04,sz.002580,6.0800,6.1300,6.0600,6.1100,6.0800,2555377,15579245.4200
2020-12-07,sz.002580,6.0900,6.1100,6.0500,6.0900,6.1100,2557700,15543476.0000
2020-12-08,sz.002580,6.0800,6.1100,6.0600,6.1000,6.0900,2132723,12979449.0700
2020-12-09,sz.002580,6.1000,6.1000,5.9200,5.9500,6.1000,4267220,25574333.2000
2020-12-10,sz.002580,5.9800,6.0600,5.9600,5.9800,5.9500,3009212,18065613.3600
2020-12-11,sz.002580,5.9500,5.9700,5.7700,5.8300,5.9800,4617148,26951945.1400
2020-12-14,sz.002580,5.9000,5.9800,5.8100,5.9400,5.8300,3406258,20085404.9600
2020-12-15,sz.002580,5.9700,5.9700,5.7900,5.8000,5.9400,3122272,18242246.2800
2020-12-16,sz.002580,5.7800,5.8000,5.7000,5.7000,5.8000,2499000,14326932.8000
2020-12-17,sz.002580,5.7000,5.7900,5.5700,5.7700,5.7000,3378095,19143743.6500
2020-12-18,sz.002580,5.7900,5.8500,5.7000,5.7400,5.7700,2228620,12840715.0000
2020-12-21,sz.002580,5.7300,5.9400,5.7300,5.8900,5.7400,4264760,24985224.0000
2020-12-22,sz.002580,5.8600,5.9900,5.7900,5.7900,5.8900,4730959,27926330.9500
2020-12-23,sz.002580,5.7900,6.0300,5.7900,5.9900,5.7900,7485948,44703765.1800
2020-12-24,sz.002580,5.9800,6.1400,5.9100,5.9800,5.9900,6994174,42145088.8800
2020-12-25,sz.002580,5.9400,6.1800,5.9200,6.1800,5.9800,7966408,48789890.4800
2020-12-28,sz.002580,6.2000,6.2900,6.0600,6.1600,6.1800,7348286,45231886.9600
2020-12-29,sz.002580,6.1000,6.2400,5.9800,5.9800,6.1600,5513534,33324952.0800
2020-12-30,sz.002580,6.1000,6.2400,5.9800,6.1700,5.9800,8324806,51175576.2200
2020-12-31,sz.002580,6.1800,6.2700,6.1400,6.2600,6.1700,11696712,72787569.1200
2021-01-04,sz.002580,6.2800,6.4600,6.1800,6.3500,6.2600,14942072,94372250.9600
2021-01-05,sz.002580,6.3200,6.3200,6.1600,6.2400,6.3500,11412864,71044504.2400
2021-01-06,sz.002580,6.2300,6.2800,6.0300,6.1300,6.2400,9321176,57000329.2200
2021-01-07,sz.002580,6.1300,6.7400,6.0800,6.7400,6.1300,10736201,71003127.7800
2021-01-08,sz.002580,7.4100,7.4100,7.4100,7.4100,6.7400,5945847,44058726.2700
2021-01-11,sz.002580,8.1500,8.1500,7.2500,7.2700,7.4100,77804629,603391727.2900
2021-01-12,sz.002580,7.2700,7.5800,6.5500,6.6600,7.2700,67261911,468057659.9100
2021-01-13,sz.002580,6.4300,6.5300,5.9900,5.9900,6.6600,53480518,334360459.0100
2021-01-14,sz.002580,5.8300,5.9200,5.5300,5.6100,5.9900,30039885,170912527.7500
2021-01-15,sz.002580,5.5600,5.7700,5.5100,5.6200,5.6100,19363280,109289465.8000
2021-01-18,sz.002580,5.6600,5.9000,5.5900,5.7700,5.6200,20766810,119079326.3000
2021-01-19,sz.002580,5.7100,5.8200,5.6600,5.7100,5.7700,15229965,87180268.9000
2021-01-20,sz.002580,5.7100,5.8500,5.6500,5.7300,5.7100,12147040,69688373.6000
2021-01-21,sz.002580,5.7500,5.8300,5.6900,5.7200,5.7300,12412640,71300584.2000
2021-01-22,sz.002580,5.7300,5.9600,5.5000,5.8700,5.7200,28981012,165500132.9500
2021-01-25,sz.002580,5.9800,6.1000,5.7900,5.8300,5.8700,22014923,130242231.5100
2021-01-26,sz.002580,5.7800,5.8000,5.6100,5.6200,5.8300,12906080,73246128.6000
2021-01-27,sz.002580,5.6200,5.6800,5.5700,5.6200,5.6200,8054400,45304638.6000
2021-01-28,sz.002580,5.5900,5.6100,5.3800,5.4000,5.6200,10721800,58905034.5600
2021-01-29,sz.002580,5.4200,5.4700,5.2100,5.2600,5.4000,8794651,46478090.5500
2021-02-01,sz.002580,5.2000,5.2800,5.0700,5.1100,5.2600,7395189,38010488.8200
2021-02-02,sz.002580,5.1500,5.2700,5.1200,5.1800,5.1100,6556100,34012098.0000
2021-02-03,sz.002580,5.2300,5.2500,5.1000,5.1600,5.1800,5066561,26201828.0700
2021-02-04,sz.002580,5.2100,5.2100,4.9600,5.0100,5.1600,6182251,31168866.7100
2021-02-05,sz.002580,5.0400,5.0600,4.9000,4.9100,5.0100,4640140,23051946.8000
2021-02-08,sz.002580,4.9200,4.9600,4.8200,4.9100,4.9100,3199716,15656354.6000
2021-02-09,sz.002580,4.9100,5.0400,4.8500,4.9800,4.9100,4306571,21317318.5200
2021-02-10,sz.002580,5.0000,5.1200,4.9700,5.0600,4.9800,4709963,23760450.2700
2021-02-18,sz.002580,5.1000,5.2000,5.0700,5.1900,5.0600,5440611,27980125.5600
2021-02-19,sz.002580,5.2100,5.3300,5.1600,5.3200,5.1900,7109705,37448998.1000
2021-02-22,sz.002580,5.3500,5.5200,5.2900,5.3600,5.3200,11297909,61166797.9000
2021-02-23,sz.002580,5.4000,5.4000,5.2700,5.3600,5.3600,6243011,33334973.1600
2021-02-24,sz.002580,5.3800,5.4800,5.3100,5.4800,5.3600,7009055,37830678.8000
2021-02-25,sz.002580,5.5400,5.5400,5.3200,5.3600,5.4800,6876605,37071037.5500
2021-02-26,sz.002580,5.3100,5.4200,5.2900,5.3700,5.3600,4771805,25632333.7500
2021-03-01,sz.002580,5.3800,5.4500,5.3400,5.4400,5.3700,5597435,30177575.9500
2021-03-02,sz.002580,5.4400,5.4800,5.3800,5.4100,5.4400,4367116,23668063.1400
2021-03-03,sz.002580,5.3700,5.4900,5.3600,5.4600,5.4100,4788151,25939005.9600
2021-03-04,sz.002580,5.4000,5.5700,5.4000,5.5600,5.4600,9914775,54504020.3500
2021-03-05,sz.002580,5.5000,5.6100,5.4600,5.5800,5.5600,8920465,49514727.1500
2021-03-08,sz.002580,5.5800,5.6300,5.4600,5.4900,5.5800,7532960,41785859.4000
2021-03-09,sz.002580,5.4600,5.5100,5.2500,5.3400,5.4900,6272828,33678920.1000
2021-03-10,sz.002580,5.3600,5.4100,5.1800,5.2000,5.3400,4491900,23644410.4000
2021-03-11,sz.002580,5.2400,5.3400,5.1200,5.3300,5.2000,3962720,20824124.6000
2021-03-12,sz.002580,5.3300,5.6400,5.2800,5.5300,5.3300,10120720,55460960.4000
2021-03-15,sz.002580,5.6800,5.6800,5.4200,5.5200,5.5300,7410080,40893554.0000
2021-03-16,sz.002580,5.5200,5.6200,5.5000,5.5800,5.5200,6604940,36796592.0000
2021-03-17,sz.002580,5.7200,5.9200,5.6300,5.8100,5.5800,18997228,109486441.2400
2021-03-18,sz.002580,5.7700,6.0800,5.6500,5.9300,5.8100,18207965,106430654.2000
2021-03-19,sz.002580,5.8300,6.0500,5.7800,5.8400,5.9300,14134700,83571020.1900
2021-03-22,sz.002580,5.8300,5.9100,5.7800,5.8500,5.8400,10295752,60212057.4700
2021-03-23,sz.002580,5.8200,5.8400,5.6500,5.7100,5.8500,9796076,56015044.4800
2021-03-24,sz.002580,5.7000,5.8600,5.6300,5.8400,5.7100,10693416,61572987.4800
2021-03-25,sz.002580,5.7900,5.9400,5.7300,5.8100,5.8400,10866576,63218691.0400
2021-03-26,sz.002580,5.7700,5.8400,5.6300,5.7800,5.8100,11284431,64984335.4700
2021-03-29,sz.002580,5.7700,5.9900,5.6800,5.9500,5.7800,15210976,88814156.4400
2021-03-30,sz.002580,5.9000,5.9200,5.6600,5.7200,5.9500,11578933,66479089.0700
2021-03-31,sz.002580,5.7000,5.7300,5.6000,5.7000,5.7200,4582480,25976318.4000
2021-04-01,sz.002580,5.7000,5.8300,5.6100,5.8200,5.7000,8086978,46407205.8200
2021-04-02,sz.002580,5.8400,6.4000,5.8400,6.4000,5.8200,12825515,79692899.5800
2021-04-06,sz.002580,6.5000,6.7000,6.1400,6.2000,6.4000,30077454,189842886.7200
2021-04-07,sz.002580,6.0200,6.2800,6.0200,6.2200,6.2000,17451534,107495625.4200
2021-04-08,sz.002580,6.1300,6.8400,6.1100,6.4000,6.2200,29663763,192542952.9200
2021-04-09,sz.002580,6.3100,6.4800,6.2300,6.2500,6.4000,17185715,108198964.9800
2021-04-12,sz.002580,6.2300,6.3200,6.1000,6.2100,6.2500,10981575,67850061.9700
2021-04-13,sz.002580,6.2200,6.2300,5.9800,6.0300,6.2100,9883040,60087095.2000
2021-04-14,sz.002580,6.0100,6.4800,6.0100,6.3100,6.0300,15318265,95547471.0700
2021-04-15,sz.002580,6.2700,6.3800,6.1600,6.2200,6.3100,12702045,79543453.4000
2021-04-16,sz.002580,6.2000,6.2500,6.1200,6.2300,6.2200,10560885,65289346.4000
2021-04-19,sz.002580,6.1800,6.3100,6.1100,6.2600,6.2300,9918231,61680521.7800
2021-04-20,sz.002580,6.2400,6.8900,6.1400,6.6300,6.2600,53390045,357184916.5900
2021-04-21,sz.002580,6.5000,6.7100,6.4000,6.6900,6.6300,38095444,250061232.9600
2021-04-22,sz.002580,7.3600,7.3600,6.9900,7.3600,6.6900,88349253,643595209.9700
2021-04-23,sz.002580,6.9800,7.1700,6.7300,6.8000,7.3600,62814492,436811203.8000
2021-04-26,sz.002580,6.6100,6.7800,6.4700,6.4700,6.8000,36538602,241721932.4100
2021-04-27,sz.002580,6.4400,6.4500,5.9600,6.0200,6.4700,32510774,198909046.4400
2021-04-28,sz.002580,5.9600,6.0100,5.8700,5.9300,6.0200,16333563,96641830.2700
2021-04-29,sz.002580,5.9100,5.9600,5.8300,5.8900,5.9300,12973590,76398049.1000
2021-04-30,sz.002580,5.8500,5.9300,5.7000,5.7000,5.8900,11862107,68841060.1500
2021-05-06,sz.002580,5.6800,5.8300,5.6500,5.7700,5.7000,9723260,55814316.0000
2021-05-07,sz.002580,5.7300,5.8700,5.7100,5.7900,5.7700,8332920,48417904.3000
2021-05-10,sz.002580,5.7700,5.9200,5.7200,5.9000,5.7900,8839860,51720044.0000
2021-05-11,sz.002580,5.8800,5.9000,5.7600,5.8500,5.9000,8322758,48540927.2600
2021-05-12,sz.002580,5.8400,5.9100,5.7800,5.8900,5.8500,7816660,45722061.8400
2021-05-13,sz.002580,5.8700,5.9800,5.8100,5.8600,5.8900,9274366,54650720.6000
2021-05-14,sz.002580,5.8600,5.9700,5.8300,5.9300,5.8600,10049906,59270792.2800
2021-05-17,sz.002580,5.8900,5.9500,5.5800,5.6700,5.9300,12849452,73218024.0400
2021-05-18,sz.002580,5.6600,5.7200,5.5500,5.7100,5.6700,6877302,38821971.0800
2021-05-19,sz.002580,5.6600,5.7500,5.6600,5.7400,5.7100,5758754,32916110.6000
2021-05-20,sz.002580,5.7000,5.8200,5.6400,5.7500,5.7200,7004880,40148146.3500
2021-05-21,sz.002580,5.7900,5.8400,5.7100,5.7900,5.7500,6271258,36233024.3600
2021-05-24,sz.002580,6.3700,6.3700,6.3700,6.3700,5.7900,6183760,39390551.2000
2021-05-25,sz.002580,6.9000,7.0100,6.5200,6.5700,6.3700,77879112,533762764.4500
2021-05-26,sz.002580,6.3200,6.5700,6.2500,6.3900,6.5700,45828590,291589577.2400
2021-05-27,sz.002580,6.3100,6.5200,6.2700,6.2800,6.3900,28037971,178193910.1600
2021-05-28,sz.002580,6.2900,6.8800,6.2500,6.6600,6.2800,45094052,296292823.7300
2021-05-31,sz.002580,6.5800,6.9300,6.5200,6.7800,6.6600,38367451,259947649.4800
2021-06-01,sz.002580,6.7100,6.7400,6.5500,6.6700,6.7800,23511788,155720160.1400
2021-06-02,sz.002580,6.6800,6.7300,6.5000,6.6100,6.6700,19147080,126553631.0000
2021-06-03,sz.002580,6.5500,6.7300,6.4800,6.5900,6.6100,16752944,110531965.8800
2021-06-04,sz.002580,6.5500,6.9500,6.4800,6.8500,6.5900,32363936,218887215.2500
2021-06-07,sz.002580,6.8000,6.8000,6.5600,6.6700,6.8500,21290123,142070812.9200
2021-06-08,sz.002580,6.6200,7.0500,6.5600,6.8800,6.6700,27697507,189011279.0500
2021-06-09,sz.002580,6.8300,6.8800,6.6700,6.8400,6.8800,18344520,124109569.4000
2021-06-10,sz.002580,6.8200,6.8400,6.6700,6.6900,6.8400,14834780,99884543.6000
2021-06-11,sz.002580,6.6600,6.7700,6.4700,6.5300,6.6900,17207567,113836850.7700
2021-06-15,sz.002580,6.5400,7.0500,6.4900,6.8600,6.5300,28898292,196416507.8200
2021-06-16,sz.002580,6.8400,6.9600,6.6400,6.6700,6.8600,19498045,132290113.8500
2021-06-17,sz.002580,6.7200,6.7600,6.3000,6.4200,6.6700,21919303,142548627.2200
2021-06-18,sz.002580,6.4000,7.0600,6.3700,7.0600,6.4200,43865859,303912783.7100
2021-06-21,sz.002580,7.2000,7.4000,7.0000,7.1800,7.0600,57134212,410791050.5500
2021-06-22,sz.002580,7.1900,7.2100,7.0400,7.0900,7.1800,25326505,180014319.6200
2021-06-23,sz.002580,7.1600,7.3500,7.0800,7.1600,7.0900,27628291,198026897.2100
2021-06-24,sz.002580,7.0600,7.3400,6.9500,7.2300,7.1600,29623300,211869013.4000
2021-06-25,sz.002580,7.2300,7.2300,6.8600,7.0400,7.2300,26590055,186038494.0500
2021-06-28,sz.002580,7.0500,7.1400,6.9500,6.9900,7.0400,14148600,99439495.4000
2021-06-29,sz.002580,7.0000,7.3600,6.9600,7.1000,6.9900,24342128,175079264.9600
2021-06-30,sz.002580,6.9400,7.1500,6.8500,6.9800,7.1000,20483862,143550850.0000
2021-07-01,sz.002580,6.9700,6.9900,6.5600,6.6000,6.9800,21677229,145872852.6400
2021-07-02,sz.002580,6.5700,6.8000,6.5100,6.6800,6.6000,14212116,94981162.5200
2021-07-05,sz.002580,6.6600,7.3500,6.6600,7.3500,6.6800,21901236,157594344.2000
2021-07-06,sz.002580,7.5100,7.6600,7.2800,7.3900,7.3500,48700346,361647583.0100
2021-07-07,sz.002580,7.3300,7.5800,7.2400,7.4800,7.3900,34988596,260371266.5200
2021-07-08,sz.002580,7.5100,7.8800,7.4100,7.5600,7.4800,40371956,306303025.4800
2021-07-09,sz.002580,7.4500,7.8500,7.3900,7.7100,7.5600,34873322,266500931.6200
2021-07-12,sz.002580,7.7500,8.1000,7.6900,7.9700,7.7100,38823462,305701743.7900
2021-07-13,sz.002580,7.8300,7.8700,7.6100,7.8000,7.9700,27846456,215172879.6600
2021-07-14,sz.002580,7.7600,8.3300,7.5400,8.0000,7.8000,43680896,345469051.3800
2021-07-15,sz.002580,7.9000,8.1800,7.7000,8.1800,8.0000,37463122,297710456.2800
2021-07-16,sz.002580,8.5400,9.0000,8.5000,9.0000,8.1800,29233763,261204958.7800
2021-07-19,sz.002580,9.3400,9.9000,8.6200,8.6600,9.0000,102379577,958225243.7900
2021-07-20,sz.002580,8.0000,9.5300,8.0000,9.5300,8.6600,82134783,719890753.0900
2021-07-21,sz.002580,9.7000,10.4200,9.5200,10.0400,9.5300,84329139,843178605.5500
2021-07-22,sz.002580,9.7800,10.5600,9.5500,10.3900,10.0400,70983456,707900038.8100
2021-07-23,sz.002580,10.0300,11.2700,10.0000,10.5400,10.3900,68289187,731400026.6500
2021-07-26,sz.002580,10.5500,11.5900,10.5500,11.5900,10.5400,72214028,802740470.7200
2021-07-27,sz.002580,11.8300,11.8500,10.4300,10.4300,11.5900,76050178,839135373.3600
2021-07-28,sz.002580,10.0000,11.4700,9.9300,11.4700,10.4300,86920146,959254894.5000
2021-07-29,sz.002580,12.0300,12.5600,11.3700,11.8800,11.4700,108798860,1293561901.7700
2021-07-30,sz.002580,11.7500,12.3400,11.5500,12.3000,11.8800,88653555,1067713017.7400
2021-08-02,sz.002580,12.2300,12.2300,11.1900,11.8000,12.3000,75488084,887556403.3900
2021-08-03,sz.002580,11.7000,11.7000,10.6200,10.6200,11.8000,56596312,618816745.7300
2021-08-04,sz.002580,10.3200,11.1500,10.2900,10.9000,10.6200,45780619,496401790.3900
2021-08-05,sz.002580,10.8000,11.1000,10.3000,10.7100,10.9000,45373412,488227990.6400
2021-08-06,sz.002580,10.7100,11.0900,10.5200,10.7900,10.7100,39791496,430003633.6800
2021-08-09,sz.002580,10.8200,11.1900,10.3000,11.0200,10.7900,48151566,518778173.4600
2021-08-10,sz.002580,10.8700,11.2000,10.5200,10.7200,11.0200,46298945,503378187.5600
2021-08-11,sz.002580,10.7200,11.7900,10.3500,11.7900,10.7200,79121004,893847765.2700
2021-08-12,sz.002580,11.7300,12.7000,11.2200,11.9800,11.7900,88930157,1059647071.2000
2021-08-13,sz.002580,11.8000,12.4800,11.5800,11.7000,11.9800,63996733,768298941.2700
2021-08-16,sz.002580,11.4200,11.5700,10.6600,10.7900,11.7000,52542774,577424675.3200
2021-08-17,sz.002580,10.6000,10.7800,9.8800,10.0200,10.7900,45500307,469251353.2700
2021-08-18,sz.002580,10.0100,10.2400,9.8000,9.9200,10.0200,28415410,284096516.4800
2021-08-19,sz.002580,9.8800,10.1200,9.5600,9.9200,9.9200,27284603,267504464.9300
2021-08-20,sz.002580,9.7900,9.7900,9.2900,9.5400,9.9200,28147389,267965494.8000
2021-08-23,sz.002580,9.5600,9.9800,9.5400,9.8800,9.5400,26751020,262169171.6000
2021-08-24,sz.002580,9.8900,10.2100,9.7300,10.1800,9.8800,30218136,304431198.1600
2021-08-25,sz.002580,10.1900,10.1900,9.8200,10.0400,10.1800,23597570,235449203.4000
2021-08-26,sz.002580,11.0000,11.0400,10.8500,11.0400,10.0400,22623685,249610178.4000
2021-08-27,sz.002580,11.0000,11.4200,10.4400,11.1500,11.0400,73927402,819572792.0400
2021-08-30,sz.002580,10.9400,11.4800,10.5900,11.0200,11.1500,46186926,505367025.1300
2021-08-31,sz.002580,11.0100,11.0100,10.3800,10.5900,11.0200,36409035,386649895.9800
2021-09-01,sz.002580,10.6500,10.7200,9.7200,9.8800,10.5900,32959770,335578463.6400
2021-09-02,sz.002580,9.6700,10.1900,9.6200,10.0500,9.8800,22492439,223752874.1000
2021-09-03,sz.002580,10.2500,10.3500,9.7000,9.9200,10.0500,19897202,199044874.9000
2021-09-06,sz.002580,9.9100,9.9900,9.5100,9.9300,9.9200,17313507,169134571.6200
2021-09-07,sz.002580,9.9200,10.2000,9.8000,10.1100,9.9300,19683808,197991012.8800
2021-09-08,sz.002580,10.0600,10.2000,9.9200,10.0100,10.1100,17356496,173941482.7200
2021-09-09,sz.002580,10.0200,10.3400,9.8500,10.1500,10.0100,19193216,194476751.6000
2021-09-10,sz.002580,10.0200,10.1200,9.8000,9.8600,10.1500,17907812,177626652.3800
2021-09-13,sz.002580,9.8500,9.8500,9.6200,9.6900,9.8600,14728552,142895159.1200
2021-09-14,sz.002580,9.6100,10.1100,9.4700,9.9100,9.6900,27432628,271144869.0400
2021-09-15,sz.002580,9.8500,10.6600,9.7200,10.5100,9.9100,41464716,428015599.0200
2021-09-16,sz.002580,10.3000,10.3300,9.7000,9.7300,10.5100,33217710,331661372.8400
2021-09-17,sz.002580,9.5600,9.8900,9.3200,9.4900,9.7300,17753811,169956448.4400
2021-09-22,sz.002580,9.3000,9.3700,9.0500,9.1200,9.4900,18370088,168541659.2000
2021-09-23,sz.002580,9.1300,9.2200,8.8500,8.8700,9.1200,18553400,166348077.2800
2021-09-24,sz.002580,8.8700,8.9600,8.5800,8.8000,8.8700,14292692,125384237.4800
2021-09-27,sz.002580,8.8000,8.8100,8.0700,8.2300,8.8000,16571373,138748924.4000
2021-09-28,sz.002580,8.2300,8.5000,8.1900,8.4400,8.2300,10955860,91914704.1700
2021-09-29,sz.002580,8.3800,8.6400,8.2700,8.3300,8.4400,12411420,105383141.6000
2021-09-30,sz.002580,8.3300,8.7100,8.3300,8.6700,8.3300,9641520,82671188.6000
2021-10-08,sz.002580,8.7200,8.8300,8.5400,8.6000,8.6700,7908762,68135053.3200
2021-10-11,sz.002580,8.6000,8.6500,8.2300,8.3900,8.6000,7182280,60168095.4000
2021-10-12,sz.002580,8.4000,8.4600,7.9800,8.0900,8.3900,9357860,76393322.8200
2021-10-13,sz.002580,8.1100,8.1900,7.9300,8.1500,8.0900,5759200,46538789.0000
2021-10-14,sz.002580,8.1400,8.4400,8.0100,8.3900,8.1500,10519820,87333940.0000
2021-10-15,sz.002580,8.3300,8.4300,8.2200,8.2900,8.3900,6625230,55033586.1000
2021-10-18,sz.002580,8.2900,8.5100,8.2700,8.4900,8.2900,7274181,61381529.4500
2021-10-19,sz.002580,8.5900,9.3400,8.5700,9.3400,8.4900,21471048,196372372.1200
2021-10-20,sz.002580,9.4800,9.4800,8.9900,9.3000,9.3400,37908724,350388088.4800
2021-10-21,sz.002580,9.1000,9.3400,9.0400,9.1300,9.3000,19061888,174553859.5200
2021-10-22,sz.002580,9.1000,9.1300,8.7800,8.8000,9.1300,15504088,138647463.2000
2021-10-25,sz.002580,8.9500,9.1900,8.8700,9.1500,8.8000,17673420,160644075.4000
2021-10-26,sz.002580,9.1600,9.3800,9.0100,9.1100,9.1500,18195500,167068916.3000
2021-10-27,sz.002580,9.1200,9.2000,8.9700,9.1000,9.1100,12323062,112145421.5600
2021-10-28,sz.002580,9.1000,9.1000,8.6200,8.6600,9.1000,12483690,109666201.4000
2021-10-29,sz.002580,8.6600,8.8500,8.3800,8.8300,8.6600,11368270,98609962.1000
2021-11-01,sz.002580,8.7000,9.2200,8.6200,9.2000,8.8300,17244934,155511305.2000
2021-11-02,sz.002580,9.3000,9.3000,8.7500,8.8700,9.2000,16322500,146472706.2000
2021-11-03,sz.002580,8.8500,8.9800,8.5000,8.6500,8.8700,11506774,99637524.0000
2021-11-04,sz.002580,8.6900,9.1600,8.6900,9.1100,8.6500,19163540,172238753.8000
2021-11-05,sz.002580,9.0000,9.0600,8.7100,8.7100,9.1100,13638640,121099000.2000
2021-11-08,sz.002580,8.6700,8.9000,8.5700,8.8200,8.7100,8789528,77231475.3600
2021-11-09,sz.002580,8.9500,8.9700,8.6800,8.8400,8.8200,10400540,91698974.2000
2021-11-10,sz.002580,8.7500,8.7800,8.4000,8.7000,8.8400,13154193,113076430.7000
2021-11-11,sz.002580,8.7200,8.9600,8.6200,8.6700,8.7000,15114568,133124058.3600
2021-11-12,sz.002580,8.6100,8.7600,8.5500,8.6600,8.6700,9188166,79719763.5600
2021-11-15,sz.002580,8.6600,8.6800,8.3500,8.4500,8.6600,13185232,111512125.0000
2021-11-16,sz.002580,8.4400,8.4500,8.1100,8.1400,8.4500,12324599,101545277.8000
2021-11-17,sz.002580,8.1700,8.3600,8.1400,8.3600,8.1400,9546950,79078171.4000
2021-11-18,sz.002580,8.2600,8.5100,8.2000,8.3600,8.3600,11535720,96749552.2000
2021-11-19,sz.002580,8.3400,8.5300,8.2600,8.4500,8.3600,10380260,87196172.6000
2021-11-22,sz.002580,8.5000,8.6800,8.4500,8.6800,8.4500,12895620,110958331.0000
2021-11-23,sz.002580,8.6700,9.0900,8.5600,8.9800,8.6800,23681336,210323790.8800
2021-11-24,sz.002580,8.9800,8.9800,8.6700,8.7600,8.9800,15332012,134851820.6000
2021-11-25,sz.002580,8.7100,8.8600,8.6700,8.7200,8.7600,8910740,77991750.4000
2021-11-26,sz.002580,8.7100,8.9700,8.6600,8.8100,8.7200,12486400,110348354.4000
2021-11-29,sz.002580,8.5900,9.0000,8.5200,8.9900,8.8100,17773780,157810767.4000
2021-11-30,sz.002580,9.0200,9.0800,8.8100,8.9100,8.9900,15016440,134291884.4000
2021-12-01,sz.002580,8.9400,8.9700,8.7800,8.9100,8.9100,11300280,100035494.2000
2021-12-02,sz.002580,8.9100,8.9400,8.6800,8.6800,8.9100,11239120,98454765.8000
2021-12-03,sz.002580,8.6500,8.7700,8.5700,8.6800,8.6800,8592700,74598695.4000
2021-12-06,sz.002580,8.7500,8.7700,8.4000,8.4100,8.6800,11674060,99936777.8000
2021-12-07,sz.002580,8.4600,8.5000,8.1600,8.2500,8.4100,10596736,87493403.0000
2021-12-08,sz.002580,8.3100,8.9900,8.2500,8.7200,8.2500,24213580,210938013.6000
2021-12-09,sz.002580,8.6200,8.6400,7.8900,8.4400,8.7200,18237060,153763006.8000
2021-12-10,sz.002580,8.4400,8.5900,8.3600,8.4600,8.4400,8532697,72338868.9600
2021-12-13,sz.002580,8.5100,8.5500,8.3300,8.3500,8.4600,9206357,77055481.7500
2021-12-14,sz.002580,8.3300,8.3900,8.3000,8.3600,8.3500,5530240,46178061.0000
2021-12-15,sz.002580,8.3500,8.4400,8.2700,8.3400,8.3600,7474060,62447397.4000
2021-12-16,sz.002580,8.3500,8.4000,8.3100,8.3800,8.3400,6823186,56968716.7300
2021-12-17,sz.002580,8.3500,8.4900,8.2900,8.3500,8.3800,7888586,66269713.1600
2021-12-20,sz.002580,8.3500,8.3500,8.0400,8.0600,8.3500,10782228,87637797.9200
2021-12-21,sz.002580,8.0900,8.1700,8.0700,8.1400,8.0600,4499000,36528269.8000
2021-12-22,sz.002580,8.2000,8.2500,8.1200,8.1500,8.1400,5013847,40949839.5100
2021-12-23,sz.002580,8.1600,8.2300,8.0700,8.1700,8.1500,6268931,50920949.6900
2021-12-24,sz.002580,8.1900,8.1900,7.9200,7.9200,8.1700,10274515,82212382.6800
2021-12-27,sz.002580,7.9200,7.9900,7.8500,7.8600,7.9200,4583800,36231577.8000
2021-12-28,sz.002580,7.8500,7.9400,7.8500,7.9000,7.8600,3966807,31368508.8900
2021-12-29,sz.002580,7.9900,8.0700,7.9000,7.9200,7.9000,5347160,42660010.4000
2021-12-30,sz.002580,7.9100,8.0000,7.8800,7.9400,7.9200,4737982,37564826.6400
2021-12-31,sz.002580,7.9400,8.2100,7.9100,8.1800,7.9400,9757628,78926379.9500
2022-01-04,sz.002580,8.2600,8.2600,8.0600,8.1300,8.1800,7913539,64166026.3700
2022-01-05,sz.002580,8.1300,8.1500,7.9800,7.9900,8.1300,5392976,43330450.6400
2022-01-06,sz.002580,7.9100,8.0700,7.9000,7.9900,7.9900,3874776,30963596.5200
2022-01-07,sz.002580,7.9800,8.0600,7.8600,7.8800,7.9900,5437957,43080206.0200
2022-01-10,sz.002580,7.8500,7.8600,7.7200,7.7900,7.8800,4409610,34306001.8000
2022-01-11,sz.002580,7.7900,7.8800,7.7600,7.7900,7.7900,2934460,22917165.4000
2022-01-12,sz.002580,7.8200,7.9300,7.8200,7.9200,7.7900,4727740,37194204.4000
2022-01-13,sz.002580,7.9300,7.9300,7.8100,7.8100,7.9200,3518700,27631634.0000
2022-01-14,sz.002580,7.8200,7.8500,7.7200,7.7400,7.8100,3607340,28001224.2000
2022-01-17,sz.002580,7.7100,7.8500,7.7000,7.8100,7.7400,3707215,28851569.4500
2022-01-18,sz.002580,7.8400,7.8900,7.7100,7.7700,7.8100,3453851,26849227.5500
2022-01-19,sz.002580,7.7100,7.7900,7.6600,7.6800,7.7700,3858380,29754368.2000
2022-01-20,sz.002580,7.6700,7.7300,7.3000,7.3100,7.6800,7733855,57538340.5000
2022-01-21,sz.002580,7.3100,7.3800,7.2100,7.3200,7.3100,3047420,22260702.4000
2022-01-24,sz.002580,7.2900,7.3800,7.2500,7.3500,7.3200,2794060,20509372.2000
2022-01-25,sz.002580,7.3200,7.3400,6.9400,6.9400,7.3500,5543240,39347720.0000
2022-01-26,sz.002580,6.9200,7.1100,6.9200,7.0700,6.9400,4245360,29922863.8000
2022-01-27,sz.002580,7.1100,7.1100,6.9000,6.9000,7.0700,5687660,39554596.8000
2022-01-28,sz.002580,6.9100,7.0300,6.8200,6.9200,6.9000,5013440,34828815.6000
2022-02-07,sz.002580,7.0000,7.1400,6.9800,7.0200,6.9200,3632060,25589038.0000
2022-02-08,sz.002580,7.1000,7.1300,6.9800,7.1300,7.0200,5147280,36388464.0000
2022-02-09,sz.002580,7.1500,7.3000,7.0800,7.2900,7.1300,5673840,40865839.8000
2022-02-10,sz.002580,7.2800,7.2900,7.1400,7.1800,7.2900,4244820,30557470.0000
2022-02-11,sz.002580,7.1300,7.2400,7.0900,7.1200,7.1800,3999656,28574402.2000
2022-02-14,sz.002580,7.0500,7.1700,6.9800,7.1100,7.1200,3778720,26879381.0000
2022-02-15,sz.002580,7.1100,7.1500,7.0400,7.1000,7.1100,3184500,22571771.8000
2022-02-16,sz.002580,7.1400,7.2700,7.1200,7.2000,7.1000,3912480,28215239.8000
2022-02-17,sz.002580,7.2100,7.4000,7.1800,7.2900,7.2000,6795668,49715838.9200
2022-02-18,sz.002580,7.3100,7.3300,7.2200,7.3100,7.2900,3810332,27711199.6800
2022-02-21,sz.002580,7.2900,8.0400,7.2700,7.7000,7.3100,17772083,135870263.1800
2022-02-22,sz.002580,7.7000,7.9800,7.5300,7.7900,7.7000,20022937,154483016.5600
2022-02-23,sz.002580,7.6800,7.8000,7.6100,7.7500,7.7900,12978000,100310485.0000
2022-02-24,sz.002580,7.8000,7.8900,7.5400,7.6300,7.7500,15631809,120886389.6400
2022-02-25,sz.002580,7.7400,7.8400,7.6100,7.6500,7.6300,6673640,51303186.9600
2022-02-28,sz.002580,7.6600,7.6600,7.5400,7.5800,7.6500,6387947,48548728.0000
2022-03-01,sz.002580,7.5900,7.7900,7.5800,7.7500,7.5800,7908420,60925213.0000
2022-03-02,sz.002580,7.6800,8.3800,7.6500,8.1900,7.7500,34401275,279580256.0000
2022-03-03,sz.002580,8.1600,8.2500,8.1000,8.1600,8.1900,18408564,150216248.0000
2022-03-04,sz.002580,8.0900,8.1100,7.8800,7.9100,8.1600,13910176,111199423.0000
2022-03-07,sz.002580,7.7800,7.8900,7.6100,7.6600,7.9100,10428700,80630798.0000
2022-03-08,sz.002580,7.6600,7.7100,7.2700,7.3500,7.6600,10467020,78051579.0000
2022-03-09,sz.002580,7.3500,7.4800,6.9600,7.2900,7.3500,9320316,67953201.0000
2022-03-10,sz.002580,7.4800,7.5500,7.3300,7.3700,7.2900,7551332,56113636.0000
2022-03-11,sz.002580,7.2700,7.3700,7.1000,7.3500,7.3700,6245180,45121077.0000
2022-03-14,sz.002580,7.3500,7.3600,7.0500,7.0700,7.3500,5981640,42891214.0000
2022-03-15,sz.002580,7.0700,7.0700,6.5600,6.5700,7.0700,7346887,50088035.0000
2022-03-16,sz.002580,6.6900,6.8300,6.4500,6.8100,6.5700,7586580,50772379.0000
2022-03-17,sz.002580,6.8600,7.0800,6.8600,6.9000,6.8100,7990620,55846009.0000
2022-03-18,sz.002580,6.9500,7.0500,6.9000,7.0100,6.9000,4570860,32001386.4000
2022-03-21,sz.002580,7.0600,7.3200,6.9800,7.2500,7.0100,7955975,56724940.3000
2022-03-22,sz.002580,7.5800,7.9800,7.3100,7.9800,7.2500,22912665,177119470.0200
2022-03-23,sz.002580,8.2200,8.5200,8.0800,8.1200,7.9800,58282604,484996076.9500
2022-03-24,sz.002580,7.9200,8.2500,7.6200,7.6200,8.1200,34124895,266831732.4400
2022-03-25,sz.002580,7.6000,7.7000,7.4400,7.4400,7.6200,18245760,137529274.1300
2022-03-28,sz.002580,7.4000,7.4400,7.1900,7.2200,7.4400,12152660,88721341.8000
2022-03-29,sz.002580,7.3400,7.3900,7.0600,7.0900,7.2200,8823880,63227500.2000
2022-03-30,sz.002580,7.1900,7.3500,7.1400,7.2600,7.0900,11110732,80709441.3200
2022-03-31,sz.002580,7.2400,7.2600,7.1200,7.2000,7.2600,8707357,62602696.0600
2022-04-01,sz.002580,7.2400,7.2400,7.1100,7.1400,7.2000,6185700,44245991.0000
2022-04-06,sz.002580,7.1000,7.2200,7.0700,7.2100,7.1400,4822022,34602260.8100
2022-04-07,sz.002580,7.2000,7.2000,6.9600,6.9600,7.2100,8191232,57691546.7200
2022-04-08,sz.002580,6.9900,7.0400,6.8500,6.9600,6.9600,5665000,39344795.8000
2022-04-11,sz.002580,6.8900,6.9400,6.6300,6.6800,6.9600,7530116,50776338.8800
2022-04-12,sz.002580,6.6800,6.8300,6.6300,6.8000,6.6800,4197300,28272478.0000
2022-04-13,sz.002580,6.8300,6.8300,6.6800,6.6900,6.8000,5234060,35291807.8000
2022-04-14,sz.002580,6.9600,7.0700,6.8700,6.9700,6.6900,10487010,72958693.3700
2022-04-15,sz.002580,6.9300,6.9300,6.7200,6.7300,6.9700,8388833,57109532.5900
2022-04-18,sz.002580,6.6600,6.9300,6.5800,6.9200,6.7300,7187440,49075949.6000
2022-04-19,sz.002580,6.9200,7.1000,6.9200,7.1000,6.9200,6787550,47945757.3900
2022-04-20,sz.002580,7.0600,7.1400,6.9900,7.0400,7.1000,5168816,36538370.4400
2022-04-21,sz.002580,6.9900,7.0900,6.7400,6.7400,7.0400,5448100,37532359.0000
2022-04-22,sz.002580,6.7200,6.8900,6.7000,6.7500,6.7400,5268920,35691531.2000
2022-04-25,sz.002580,6.5800,6.6100,6.0800,6.0800,6.7500,9301552,58546387.0800
2022-04-26,sz.002580,6.1400,6.1900,5.8300,5.8500,6.0800,6134960,36780313.4000
2022-04-27,sz.002580,5.5800,6.3300,5.5800,6.2800,5.8500,10138160,61285551.6000
2022-04-28,sz.002580,6.2000,6.3600,6.0700,6.1700,6.2800,6009393,37405614.3000
2022-04-29,sz.002580,6.2100,6.4100,6.2100,6.3800,6.1700,5356940,33904218.0000
2022-05-05,sz.002580,6.3700,6.4700,6.2400,6.4100,6.3800,4993620,31887856.6000
2022-05-06,sz.002580,6.2300,6.4200,6.0000,6.3700,6.4100,4707680,29720035.4000
2022-05-09,sz.002580,6.3700,6.4900,6.3300,6.4600,6.3700,3599660,23151016.6000
2022-05-10,sz.002580,6.3900,6.6700,6.3000,6.6000,6.4600,5955254,39021728.3200
2022-05-11,sz.002580,6.8800,7.1100,6.7200,6.7200,6.6000,11866663,81945323.1300
2022-05-12,sz.002580,6.7800,6.9000,6.6300,6.7300,6.7200,7785275,52527176.7500
2022-05-13,sz.002580,6.7100,6.9000,6.7000,6.8000,6.7300,5796540,39379500.4000
2022-05-16,sz.002580,6.7900,6.8700,6.7400,6.8400,6.8000,8165200,55492181.0000
2022-05-17,sz.002580,6.7600,6.8700,6.7100,6.8200,6.8400,6489500,44174567.0000
2022-05-18,sz.002580,6.8500,7.0100,6.7800,6.9300,6.8200,8379500,58000970.0000
2022-05-19,sz.002580,7.3500,7.5000,7.0700,7.1500,6.9300,20551540,147961092.6900
2022-05-20,sz.002580,7.2900,7.4400,7.1500,7.2400,7.1500,15240349,110509360.0700
2022-05-23,sz.002580,7.2500,7.3000,7.1800,7.2500,7.2400,10046500,72796394.0000
2022-05-24,sz.002580,7.2600,7.4500,7.1700,7.1700,7.2500,12622240,92341797.2000
2022-05-25,sz.002580,7.1100,7.5000,7.0800,7.4700,7.1700,15704060,115292882.6000
2022-05-26,sz.002580,7.3100,7.4500,7.2600,7.3700,7.4700,12598965,92695800.2000
2022-05-27,sz.002580,7.4100,7.8800,7.3800,7.6000,7.3700,19805575,150416077.0000
2022-05-30,sz.002580,7.5900,8.3600,7.5500,8.3600,7.6000,36328171,292911942.9600
2022-05-31,sz.002580,8.5000,8.7000,7.9600,7.9800,8.3600,63010873,523244320.2600
2022-06-01,sz.002580,7.6200,8.2800,7.6000,8.0800,7.9800,40736294,319777622.8300
2022-06-02,sz.002580,7.8400,8.5100,7.8100,8.0800,8.0800,41596534,341260057.7300
2022-06-06,sz.002580,8.0100,8.3600,8.0100,8.3300,8.0800,37216608,307061893.2400
2022-06-07,sz.002580,8.2800,8.6500,8.1700,8.2400,8.3300,37509550,312925061.0800
2022-06-08,sz.002580,8.1800,8.2700,7.8700,8.1500,8.2400,27489256,222101067.3200
2022-06-09,sz.002580,8.1200,8.1500,7.8700,7.8900,8.1500,15544084,124189825.1900
2022-06-10,sz.002580,7.8700,8.2200,7.8000,8.1700,7.8900,19193723,155832005.8700
2022-06-13,sz.002580,8.1000,8.2700,8.0000,8.2200,8.1700,17298383,140868571.7700
2022-06-14,sz.002580,8.1100,8.1900,7.8800,8.1700,8.2200,15263565,122773680.7000
2022-06-15,sz.002580,8.1600,8.2400,7.9900,7.9900,8.1700,12660290,102235491.4000
2022-06-16,sz.002580,7.9800,8.0600,7.8000,7.8800,7.9900,12492060,98940256.0000
2022-06-17,sz.002580,7.7800,8.1100,7.7100,8.0300,7.8800,11360120,90871239.8000
2022-06-20,sz.002580,8.0200,8.3100,8.0000,8.2500,8.0300,17627832,145075447.8400
2022-06-21,sz.002580,8.2600,8.3000,7.9400,8.0700,8.2500,13837572,111577228.6000
2022-06-22,sz.002580,8.0800,8.4900,8.0000,8.1900,8.0700,24503052,202860728.1300
2022-06-23,sz.002580,8.1900,8.5200,8.1700,8.5100,8.1900,28387680,238032316.0000
2022-06-24,sz.002580,8.5200,8.8000,8.3600,8.6900,8.5100,34242758,293460210.2800
2022-06-27,sz.002580,8.7000,8.8600,8.4700,8.8500,8.6900,32397176,281209408.2000
2022-06-28,sz.002580,8.7300,8.8100,8.5600,8.6800,8.8500,25926460,224791513.2000
2022-06-29,sz.002580,8.6700,8.7900,8.2500,8.2800,8.6800,24849598,209838382.6600
2022-06-30,sz.002580,8.2500,8.4700,8.1200,8.4100,8.2800,17425480,145140753.4000
2022-07-01,sz.002580,8.3000,9.2000,8.2800,8.6800,8.4100,34312996,298919072.1600
2022-07-04,sz.002580,8.7700,8.9800,8.5000,8.8100,8.6800,29987261,262017223.1100
2022-07-05,sz.002580,8.8200,9.1100,8.6500,8.7600,8.8100,32321660,286887388.8000
2022-07-06,sz.002580,8.6200,8.8400,8.4400,8.5600,8.7600,19811629,170303799.1000
2022-07-07,sz.002580,8.6200,9.1000,8.4800,9.0000,8.5600,34054172,303743635.9200
2022-07-08,sz.002580,8.9500,9.0800,8.6800,8.7000,9.0000,21322600,188267373.4000
2022-07-11,sz.002580,8.9100,8.9800,8.5000,8.7500,8.7000,21619723,188546116.5300
2022-07-12,sz.002580,8.6900,8.7000,8.2800,8.3200,8.7500,19383801,164479022.2800
2022-07-13,sz.002580,8.2800,8.7000,8.2200,8.6400,8.3200,20754330,177030178.8000
2022-07-14,sz.002580,8.6300,9.5000,8.5600,9.5000,8.6400,41725705,383353795.7000
2022-07-15,sz.002580,9.4900,9.8600,9.2500,9.4000,9.5000,72205624,690754449.8200
2022-07-18,sz.002580,9.3800,9.7000,9.3200,9.5700,9.4000,42999608,408569977.6400
2022-07-19,sz.002580,9.5200,9.9500,9.4100,9.4400,9.5700,42074663,406181898.8300
2022-07-20,sz.002580,9.5200,9.5500,9.2100,9.4500,9.4400,27165140,255638081.0000
2022-07-21,sz.002580,9.3500,9.4900,9.1200,9.1500,9.4500,24554866,227152160.6700
2022-07-22,sz.002580,9.2400,9.4400,8.9100,9.0600,9.1500,27593780,253033025.9800
2022-07-25,sz.002580,9.2300,9.3600,8.7700,8.7900,9.0600,26605590,239239231.8100
2022-07-26,sz.002580,8.7300,8.8800,8.3900,8.8800,8.7900,21325282,184194589.3700
2022-07-27,sz.002580,8.7800,9.2700,8.7200,9.2200,8.8800,26993362,244931710.0000
2022-07-28,sz.002580,9.2800,9.5000,9.1200,9.3700,9.2200,29705576,276034974.5200
2022-07-29,sz.002580,9.3600,9.5500,9.2700,9.3700,9.3700,22264696,208826425.0400
2022-08-01,sz.002580,9.1800,9.7000,9.1700,9.5100,9.3700,32355795,304850513.9400
2022-08-02,sz.002580,9.3000,9.4100,8.8600,9.1800,9.5100,31137146,284728707.1600
2022-08-03,sz.002580,9.6700,10.1000,9.6700,10.1000,9.1800,18633758,187574133.8000
2022-08-04,sz.002580,10.9700,10.9700,9.7900,9.9600,10.1000,101128045,1038963796.2700
2022-08-05,sz.002580,9.8600,10.0100,9.2900,9.4200,9.9600,61038686,585142199.8100
2022-08-08,sz.002580,9.2300,10.2500,8.9700,9.9200,9.4200,52082795,502265265.2000
2022-08-09,sz.002580,9.9100,10.2200,9.7700,10.0500,9.9200,40952604,411038813.7600
2022-08-10,sz.002580,10.1600,11.0600,10.1500,11.0600,10.0500,75740613,819861683.3800
2022-08-11,sz.002580,10.6800,10.9800,10.5300,10.9300,11.0600,74055039,798365409.0100
2022-08-12,sz.002580,10.8300,11.1000,10.4400,10.5700,10.9300,45270677,483493048.3600
2022-08-15,sz.002580,10.5100,10.8100,10.4000,10.5400,10.5700,33147952,351034679.8000
2022-08-16,sz.002580,10.5300,11.0300,10.4200,10.8600,10.5400,40486735,437083430.9700
2022-08-17,sz.002580,10.7500,11.3000,10.5900,10.6900,10.8600,39258036,424837047.8700
2022-08-18,sz.002580,11.0100,11.7600,10.8800,11.7600,10.6900,43992469,512097043.9500
2022-08-19,sz.002580,12.3600,12.9400,12.3100,12.9400,11.7600,109456591,1401624287.5800
2022-08-22,sz.002580,12.7200,13.7700,12.1200,12.1500,12.9400,107317969,1359060822.2400
2022-08-23,sz.002580,12.3500,13.3700,12.1500,13.3700,12.1500,81252807,1040072041.9300
2022-08-24,sz.002580,13.5100,14.5100,13.0300,13.1200,13.3700,115058748,1571700670.1000
2022-08-25,sz.002580,13.4900,13.7800,12.6800,13.3300,13.1200,87203763,1151179911.3700
2022-08-26,sz.002580,13.0100,14.4200,12.9400,13.0000,13.3300,99451620,1359860991.6400
2022-08-29,sz.002580,12.1500,13.3500,12.1500,12.9100,13.0000,76396252,975999569.0000
2022-08-30,sz.002580,13.0100,13.2800,11.6200,11.9600,12.9100,72969573,891445995.5300
2022-08-31,sz.002580,11.8400,11.9500,10.7600,10.7600,11.9600,42862721,475322745.0600
2022-09-01,sz.002580,10.3900,10.4100,9.9600,9.9700,10.7600,62025400,630091505.8900
2022-09-02,sz.002580,10.1000,10.3900,9.7500,10.1800,9.9700,43543719,441932066.6100
2022-09-05,sz.002580,10.4100,10.9900,10.2000,10.2700,10.1800,46808018,491555683.9800
2022-09-06,sz.002580,10.4100,11.3000,10.0800,11.3000,10.2700,41783518,446007384.4800
2022-09-07,sz.002580,11.3700,12.0900,11.3000,11.6500,11.3000,70281289,816007944.5100
2022-09-08,sz.002580,11.6700,11.9900,11.3000,11.3900,11.6500,49064580,570542820.6000
2022-09-09,sz.002580,11.4200,11.5400,10.7900,11.0800,11.3900,38584635,424649599.9500
2022-09-13,sz.002580,11.0800,11.2500,10.6900,10.7800,11.0800,24684161,267540562.5200
2022-09-14,sz.002580,10.5100,10.9000,10.3100,10.5000,10.7800,25754680,271533630.4000
2022-09-15,sz.002580,10.6600,10.7600,9.4500,9.4500,10.5000,49115670,481997322.0800
2022-09-16,sz.002580,9.3900,9.6400,9.2300,9.2700,9.4500,33011263,311133322.2000
2022-09-19,sz.002580,9.4000,9.6700,9.2300,9.3200,9.2700,29765060,280422180.4000
2022-09-20,sz.002580,9.5300,9.8700,9.4000,9.7000,9.3200,35902620,346743951.8000
2022-09-21,sz.002580,9.6000,10.1500,9.4600,9.9400,9.7000,37730580,372979201.8000
2022-09-22,sz.002580,9.8500,10.4400,9.7300,10.0100,9.9400,36382615,368142657.6500
2022-09-23,sz.002580,10.0100,10.2400,9.7100,9.8900,10.0100,32665511,323761056.5200
2022-09-26,sz.002580,9.7800,10.2900,9.7100,9.9700,9.8900,40597270,409467738.4200
2022-09-27,sz.002580,10.1200,10.3300,9.8100,10.1200,9.9700,32733742,328053814.5900
2022-09-28,sz.002580,9.9900,10.1900,9.5500,9.5900,10.1200,32769371,319007643.1400
2022-09-29,sz.002580,9.7000,9.7400,9.2500,9.3700,9.5900,22733520,214111515.4400
2022-09-30,sz.002580,9.3300,9.4500,8.8300,8.8700,9.3700,26108084,236301498.4000
2022-10-10,sz.002580,8.8800,9.1800,8.7600,8.8400,8.8700,19462880,173631785.6800
2022-10-11,sz.002580,8.9900,9.7200,8.7400,9.7200,8.8400,26217393,243600976.8600
2022-10-12,sz.002580,9.7800,10.2400,9.5000,10.2000,9.7200,50925901,501712210.3900
2022-10-13,sz.002580,10.1500,10.2100,9.9500,9.9900,10.2000,33258903,334642352.8900
2022-10-14,sz.002580,10.4300,10.7800,10.0900,10.2400,9.9900,49295307,506771992.5900
2022-10-17,sz.002580,10.1800,10.3300,10.0200,10.2600,10.2400,28626406,291500937.9200
2022-10-18,sz.002580,10.2000,11.1100,10.1600,10.6600,10.2600,64294596,684950041.1400
2022-10-19,sz.002580,10.7000,11.7300,10.7000,11.3600,10.6600,84313381,956768030.0400
2022-10-20,sz.002580,11.0700,11.0900,10.7100,10.8600,11.3600,57694760,628996507.1500
2022-10-21,sz.002580,10.7500,11.3400,10.6100,11.1000,10.8600,51663878,573943516.8700
2022-10-24,sz.002580,11.2000,11.8000,10.7900,11.6400,11.1000,66703312,760752681.6600
2022-10-25,sz.002580,11.4000,12.8000,11.3500,11.9300,11.6400,79966818,962659557.1200
2022-10-26,sz.002580,11.7000,12.7500,11.6300,12.2800,11.9300,74030339,899468110.8600
2022-10-27,sz.002580,12.1600,12.4000,11.4500,11.4600,12.2800,66477466,789997794.6300
2022-10-28,sz.002580,11.3800,11.5800,10.8300,10.9200,11.4600,47564359,529920111.7500
2022-10-31,sz.002580,10.7500,11.0600,10.6000,10.7400,10.9200,36744150,397101712.0200
2022-11-01,sz.002580,10.7000,11.3000,10.6700,11.2100,10.7400,42191166,468376962.3300
2022-11-02,sz.002580,11.0800,11.3900,10.9500,11.3000,11.2100,40198579,449027740.8500
2022-11-03,sz.002580,11.1000,11.6300,11.1000,11.4200,11.3000,34751022,397253323.5200
2022-11-04,sz.002580,11.5600,11.8800,11.4200,11.7800,11.4200,42947989,502618504.7900
2022-11-07,sz.002580,11.6800,12.0500,11.5800,11.7700,11.7800,39650200,467944872.7900
2022-11-08,sz.002580,11.6000,11.7100,11.3200,11.5700,11.7700,29384472,336884418.5700
2022-11-09,sz.002580,11.5200,11.6400,11.3500,11.3900,11.5700,19801137,227243307.4000
2022-11-10,sz.002580,11.1800,11.3400,10.9500,10.9600,11.3900,26649227,294926980.0200
2022-11-11,sz.002580,11.3700,11.4400,10.8600,10.9500,10.9600,30244321,336422699.8200
2022-11-14,sz.002580,10.7300,10.8800,10.2700,10.3000,10.9500,30124551,316964069.6800
2022-11-15,sz.002580,10.3000,11.0600,10.3000,11.0500,10.3000,31947020,342492466.6400
2022-11-16,sz.002580,11.0300,11.2100,10.7600,11.0500,11.0500,29690973,326102100.0200
2022-11-17,sz.002580,10.9800,11.1000,10.6000,10.9000,11.0500,20105574,217860160.7500
2022-11-18,sz.002580,11.0300,11.1800,10.5700,10.6600,10.9000,28936932,315411844.5200
2022-11-21,sz.002580,10.5100,11.1000,10.4600,10.8600,10.6600,22979757,249467191.6400
2022-11-22,sz.002580,10.7500,10.7900,10.4200,10.4800,10.8600,20199046,214006284.2000
2022-11-23,sz.002580,10.4800,10.8800,10.2800,10.8000,10.4800,25941033,275730563.7400
2022-11-24,sz.002580,10.7500,11.4600,10.7000,11.2800,10.8000,48760895,546515331.4500
2022-11-25,sz.002580,11.1100,11.1600,10.7100,10.7400,11.2800,28783613,312744242.4600
2022-11-28,sz.002580,10.4900,10.9300,10.4100,10.8000,10.7400,17204791,184271697.1100
2022-11-29,sz.002580,10.7500,11.0400,10.6000,11.0200,10.8000,22179741,240256862.6500
2022-11-30,sz.002580,11.0600,11.3800,10.8800,10.9300,11.0200,30920170,343330326.6000
2022-12-01,sz.002580,11.0300,11.2300,10.9100,11.0400,10.9300,26756317,296315612.4300
2022-12-02,sz.002580,11.0300,11.4800,10.9800,11.4500,11.0400,45508376,516881618.2600
2022-12-05,sz.002580,11.5000,11.5500,11.1500,11.3100,11.4500,33566218,377816824.5300
2022-12-06,sz.002580,11.2200,11.3300,10.9800,11.2200,11.3100,22815033,254505988.8300
2022-12-07,sz.002580,11.1100,11.3100,10.9500,11.0600,11.2200,22284772,247808200.1900
2022-12-08,sz.002580,10.9000,11.0900,10.7000,10.7400,11.0600,19912401,216050569.3000
2022-12-09,sz.002580,10.7000,10.8800,10.5900,10.7600,10.7400,15212918,163387991.3200
2022-12-12,sz.002580,10.7600,10.7600,10.3500,10.4300,10.7600,15907110,166409648.8300
2022-12-13,sz.002580,10.4300,10.5800,10.2800,10.4800,10.4300,12676030,132182710.3700
2022-12-14,sz.002580,10.4000,10.6000,10.3700,10.4300,10.4800,10055918,105212085.8600
2022-12-15,sz.002580,10.5000,10.6000,10.3800,10.6000,10.4300,11687856,122726793.7500
2022-12-16,sz.002580,10.4600,10.5000,9.5500,9.6800,10.6000,32381221,320835252.5500
2022-12-19,sz.002580,9.6100,9.7900,9.4700,9.5600,9.6800,12330142,118624490.8600
2022-12-20,sz.002580,9.5000,9.7100,9.4200,9.6800,9.5600,9051831,86924872.6600
2022-12-21,sz.002580,9.6300,9.6700,9.3900,9.5100,9.6800,9154986,87132365.9600
2022-12-22,sz.002580,9.5100,9.5900,9.1800,9.2100,9.5100,11688804,109104672.2000
2022-12-23,sz.002580,9.1700,9.3100,9.0500,9.2000,9.2100,7706015,70773868.3000
2022-12-26,sz.002580,9.2500,9.7400,9.1500,9.7300,9.2000,16338155,156327345.4500
2022-12-27,sz.002580,9.7200,9.9300,9.6500,9.9100,9.7300,15304202,150196927.4400
2022-12-28,sz.002580,9.8600,9.9300,9.7100,9.8500,9.9100,9788379,96174846.5900
2022-12-29,sz.002580,9.7800,9.9500,9.6500,9.6600,9.8500,8994100,88023521.0000
2022-12-30,sz.002580,9.7300,9.8000,9.5000,9.6000,9.6600,8334236,80377547.4000
2023-01-03,sz.002580,9.3800,9.8500,9.3000,9.8000,9.6000,15821535,152288575.2600
2023-01-04,sz.002580,9.8000,9.8200,9.5200,9.6200,9.8000,11327545,109388089.5500
2023-01-05,sz.002580,9.6900,9.9500,9.6000,9.8800,9.6200,15858808,155801184.9800
2023-01-06,sz.002580,9.8300,10.3300,9.8000,10.2300,9.8800,24934553,253536400.9300
2023-01-09,sz.002580,10.2500,10.3100,10.0000,10.0900,10.2300,17033176,173011385.2400
2023-01-10,sz.002580,10.0900,10.1500,9.9700,10.0700,10.0900,10260835,103353183.6600
2023-01-11,sz.002580,10.0500,10.1800,9.9500,10.0000,10.0700,10496900,105487433.0000
2023-01-12,sz.002580,10.0600,10.2700,10.0000,10.0700,10.0000,12604841,127844770.7300
2023-01-13,sz.002580,10.1200,10.2300,9.9500,10.0500,10.0700,11172902,112449056.1600
2023-01-16,sz.002580,10.0500,10.0800,9.8900,9.9700,10.0500,11737464,117197036.3800
2023-01-17,sz.002580,9.9700,10.1300,9.9500,10.0000,9.9700,9889700,99171225.9400
2023-01-18,sz.002580,10.0800,10.2500,9.9900,10.1500,10.0000,11477890,116525073.5600
2023-01-19,sz.002580,10.8000,10.8800,10.2000,10.3100,10.1500,27591204,285851020.9400
2023-01-20,sz.002580,10.3300,10.3800,10.2000,10.3100,10.3100,18134480,186678877.3900
2023-01-30,sz.002580,10.4200,10.6900,10.4200,10.5300,10.3100,22259646,235117500.3700
2023-01-31,sz.002580,10.4600,11.0300,10.4600,11.0000,10.5300,34805683,377307519.4400
2023-02-01,sz.002580,10.8800,11.0000,10.8200,11.0000,11.0000,25456839,277970502.9900
2023-02-02,sz.002580,11.0000,11.0000,10.7900,10.8800,11.0000,18394937,199614442.7800
2023-02-03,sz.002580,10.7800,10.8300,10.5600,10.7300,10.8800,15860568,169465697.1800
2023-02-06,sz.002580,10.6900,10.8400,10.6800,10.7200,10.7300,12021610,129251965.5000
2023-02-07,sz.002580,10.7100,10.8500,10.7100,10.8300,10.7200,13197312,142409623.7900
2023-02-08,sz.002580,10.7700,11.0900,10.7500,11.0000,10.8300,28865508,317100594.8700
2023-02-09,sz.002580,10.9400,11.1600,10.8400,11.0800,11.0000,24380250,269311478.0400
2023-02-10,sz.002580,11.0700,11.0700,10.7700,10.8600,11.0800,17489680,190415788.4800
2023-02-13,sz.002580,10.8000,11.1000,10.8000,11.0300,10.8600,17076983,187819316.4800
2023-02-14,sz.002580,11.0900,11.1000,10.8800,11.0500,11.0300,16754525,184499579.7000
2023-02-15,sz.002580,11.0500,11.0800,10.8500,10.9200,11.0500,15423732,168466095.7600
2023-02-16,sz.002580,10.8700,10.9900,10.3900,10.4500,10.9200,21008190,224620094.9400
2023-02-17,sz.002580,10.4900,10.6000,10.2800,10.2900,10.4500,11008374,114565771.0400
2023-02-20,sz.002580,10.3200,10.3700,10.1600,10.3500,10.2900,9557804,98167918.0000
2023-02-21,sz.002580,10.3100,10.4100,10.2600,10.3400,10.3500,8661480,89478628.8400
2023-02-22,sz.002580,10.3200,10.4100,10.1700,10.2300,10.3400,11028336,113143191.2800
2023-02-23,sz.002580,10.1800,10.2700,10.1300,10.2000,10.2300,8641195,88039781.7200
2023-02-24,sz.002580,10.1900,10.2100,10.0300,10.1200,10.2000,7553188,76345715.4400
2023-02-27,sz.002580,10.0600,10.2200,10.0300,10.0500,10.1200,7353538,74314185.0500
2023-02-28,sz.002580,10.0800,10.1300,9.9200,10.1300,10.0500,9182322,92007927.2200
2023-03-01,sz.002580,10.1100,10.1500,10.0100,10.1400,10.1300,8067151,81270185.8200
2023-03-02,sz.002580,10.1800,10.1900,9.8700,9.9300,10.1400,14610396,146316234.5200
2023-03-03,sz.002580,9.9300,9.9800,9.7900,9.8900,9.9300,8248032,81531868.4000
2023-03-06,sz.002580,9.9100,10.0300,9.8400,10.0200,9.8900,8005400,79646208.0000
2023-03-07,sz.002580,10.0200,10.0200,9.7800,9.7800,10.0200,8296836,81790135.6800
2023-03-08,sz.002580,9.7300,9.9000,9.6900,9.8600,9.7800,4735180,46435177.4000
2023-03-09,sz.002580,9.8500,9.8800,9.7000,9.7200,9.8600,4877080,47627983.3500
2023-03-10,sz.002580,9.6800,9.7500,9.5700,9.6600,9.7200,6519132,62862067.1200
2023-03-13,sz.002580,9.6000,9.7100,9.4700,9.6000,9.6600,5136580,49116102.2000
2023-03-14,sz.002580,9.5900,9.5900,9.2300,9.4100,9.6000,7900040,74170303.2400
2023-03-15,sz.002580,9.4600,9.7900,9.4600,9.7100,9.4100,10435016,100656886.6400
2023-03-16,sz.002580,9.6900,9.7700,9.4600,9.4900,9.7100,8484200,81566806.2800
2023-03-17,sz.002580,9.5400,9.6100,9.4500,9.4900,9.4900,6090578,57957938.1000
2023-03-20,sz.002580,9.4800,9.6200,9.2800,9.5000,9.4900,7379888,69695986.8800
2023-03-21,sz.002580,9.6000,9.7400,9.5100,9.7300,9.5000,8328164,80169278.9200
2023-03-22,sz.002580,9.7800,9.8500,9.6800,9.7400,9.7300,7581400,74005498.0000
2023-03-23,sz.002580,9.7300,9.7400,9.6200,9.6900,9.7400,5825520,56282512.8000
2023-03-24,sz.002580,9.6700,9.8300,9.6300,9.7200,9.6900,7794678,75888784.8400
2023-03-27,sz.002580,9.7300,9.8200,9.6400,9.7800,9.7200,7696843,74977840.7100
2023-03-28,sz.002580,9.7900,9.8300,9.4500,9.4800,9.7800,10787524,103491341.8800
2023-03-29,sz.002580,9.5000,9.6000,9.4400,9.4800,9.4800,5815748,55282363.3600
2023-03-30,sz.002580,9.5100,9.5100,9.3000,9.4500,9.4800,5515600,51777669.2000
2023-03-31,sz.002580,9.4000,9.5800,9.4000,9.5200,9.4500,4609833,43805909.2600
2023-04-03,sz.002580,9.5400,9.5600,9.3500,9.5500,9.5200,7408228,70031282.2300
2023-04-04,sz.002580,9.6500,9.6700,9.2300,9.2700,9.5500,11686000,109581594.0000
2023-04-06,sz.002580,9.8000,10.2000,9.7500,10.1300,9.2700,52276167,525632832.5200
2023-04-07,sz.002580,9.9000,10.0100,9.8000,9.8800,10.1300,30900344,305730833.1000
2023-04-10,sz.002580,9.9200,10.4500,9.8800,10.2700,9.8800,41417966,423817444.8900
2023-04-11,sz.002580,10.2000,10.2400,10.0500,10.1300,10.2700,21254128,214626086.4100
2023-04-12,sz.002580,10.1300,10.1500,9.8600,10.0100,10.1300,19710074,196551911.9100
2023-04-13,sz.002580,10.0200,10.0900,9.8400,9.8500,10.0100,14108515,140168409.3800
2023-04-14,sz.002580,9.8500,9.9800,9.8100,9.9100,9.8500,12383298,122735868.3000
2023-04-17,sz.002580,9.9200,9.9600,9.8300,9.9000,9.9100,9794299,96944371.1600
2023-04-18,sz.002580,9.8500,10.0800,9.8500,10.0300,9.9000,14321415,143267563.8000
2023-04-19,sz.002580,9.9500,9.9800,9.7100,9.7400,10.0300,14095829,138160208.0400
2023-04-20,sz.002580,9.7200,9.8300,9.4300,9.7800,9.7400,13562143,130691189.4700
2023-04-21,sz.002580,9.6900,9.8500,9.4800,9.5000,9.7800,11272673,109045362.5500
2023-04-24,sz.002580,9.4700,9.5400,9.2900,9.4600,9.5000,7624157,71831503.8500
2023-04-25,sz.002580,9.5800,9.6500,8.9900,9.0500,9.4600,14892014,137508288.6900
2023-04-26,sz.002580,9.0000,9.4400,8.9800,9.3300,9.0500,11653567,108166356.8100
2023-04-27,sz.002580,9.3200,9.3700,9.1200,9.1600,9.3300,8258349,76074607.6100
2023-04-28,sz.002580,9.1700,9.3700,9.1600,9.3500,9.1600,7274276,67403931.9300
2023-05-04,sz.002580,9.3000,9.5400,9.2600,9.4200,9.3500,7347820,69330903.4000
2023-05-05,sz.002580,9.3900,9.3900,9.1300,9.2300,9.4200,6989896,64335417.8900
2023-05-08,sz.002580,9.2300,9.3000,9.2000,9.2400,9.2300,5249136,48491949.5600
2023-05-09,sz.002580,9.2500,9.2600,9.0500,9.1000,9.2400,6562141,59663703.7000
2023-05-10,sz.002580,9.0800,9.2800,9.0200,9.2100,9.1000,5618797,51401989.1100
2023-05-11,sz.002580,9.2100,9.3400,9.1300,9.2800,9.2100,6108540,56549620.4000
2023-05-12,sz.002580,9.2500,9.3500,9.1200,9.1300,9.2800,4751892,43681140.1400
2023-05-15,sz.002580,9.2000,9.3800,9.1500,9.3600,9.1300,8003900,74545451.2200
2023-05-16,sz.002580,9.4000,9.6600,9.3700,9.5100,9.3600,14423960,137754102.0500
2023-05-17,sz.002580,9.5600,9.5600,9.3700,9.5400,9.5100,7350155,69580188.7000
2023-05-18,sz.002580,9.5500,9.5900,9.4300,9.5000,9.5400,6154345,58402807.6900
2023-05-19,sz.002580,9.4900,9.5300,9.4000,9.4500,9.5000,4430119,41924565.9500
2023-05-22,sz.002580,9.4200,9.5500,9.4100,9.4900,9.4500,4671391,44327646.7000
2023-05-23,sz.002580,9.5000,9.5300,9.3500,9.3600,9.4900,5017100,47350583.0000
2023-05-24,sz.002580,9.3400,9.5000,9.2700,9.3900,9.3600,4780461,45084265.4300
2023-05-25,sz.002580,9.4000,9.6000,9.3500,9.5400,9.3900,8504967,80939929.3800
2023-05-26,sz.002580,9.5600,9.5800,9.2700,9.4200,9.5400,7292557,68365628.8000
2023-05-29,sz.002580,9.3900,9.4300,9.1800,9.1900,9.4200,7304137,67665692.2900
2023-05-30,sz.002580,9.2300,9.2500,9.0600,9.1800,9.1900,5715500,52246711.0000
2023-05-31,sz.002580,9.2000,9.2000,9.0400,9.1000,9.1800,5632593,51250973.3000
2023-06-01,sz.002580,9.0900,9.1800,9.0700,9.1000,9.1000,4816600,43934131.0000
2023-06-02,sz.002580,9.1300,9.3100,9.1300,9.2600,9.1000,6200217,57322856.0800
2023-06-05,sz.002580,9.2800,9.3000,9.1500,9.2100,9.2600,4877880,44873615.2000
2023-06-06,sz.002580,9.2100,9.2300,8.9900,9.0300,9.2100,6621402,60120028.0700
2023-06-07,sz.002580,9.0900,9.0900,8.7500,8.7800,9.0300,8935280,78937146.6000
2023-06-08,sz.002580,8.8000,8.8800,8.6700,8.7800,8.7800,5755480,50533885.0000
2023-06-09,sz.002580,8.7300,8.8300,8.7200,8.8000,8.7800,4005433,35202301.1200
2023-06-12,sz.002580,8.8000,8.9200,8.7200,8.8800,8.8000,4592736,40549662.7300
2023-06-13,sz.002580,8.9100,8.9400,8.8400,8.8900,8.8800,3715763,33036877.6700
2023-06-14,sz.002580,8.8900,8.9200,8.8000,8.8300,8.8900,4128780,36533000.8000
2023-06-15,sz.002580,8.8400,9.0500,8.7700,9.0400,8.8300,7166684,64226889.8800
2023-06-16,sz.002580,9.0200,9.0900,8.9700,9.0700,9.0200,8157740,73658666.6400
2023-06-19,sz.002580,9.0800,9.1400,9.0300,9.0900,9.0700,5468523,49685488.6700
2023-06-20,sz.002580,9.0600,9.1300,9.0300,9.0600,9.0900,3749620,33981978.6600
2023-06-21,sz.002580,9.0600,9.1400,8.8900,8.8900,9.0600,6341932,57180362.2400
2023-06-26,sz.002580,8.8900,8.9500,8.7800,8.8000,8.8900,5376076,47608829.2000
2023-06-27,sz.002580,8.8000,9.0800,8.7800,9.0600,8.8000,5761454,51843393.0400
2023-06-28,sz.002580,9.0700,9.0800,8.8900,9.0600,9.0600,4969860,44744223.4000
2023-06-29,sz.002580,9.0400,9.2000,9.0100,9.1600,9.0600,6490041,59406058.5600
2023-06-30,sz.002580,9.2000,9.3900,9.1500,9.3900,9.1600,10755024,99830795.8200
2023-07-03,sz.002580,9.3800,9.6400,9.3300,9.5900,9.3900,17445433,166718553.4100
2023-07-04,sz.002580,9.5800,9.6400,9.4600,9.6400,9.5900,11067897,105925091.5400
2023-07-05,sz.002580,9.5900,9.6400,9.4800,9.5400,9.6400,7061510,67388280.7000
2023-07-06,sz.002580,9.6100,9.7600,9.5300,9.5700,9.5400,23402993,224806993.7000
2023-07-07,sz.002580,9.5700,9.6000,9.4700,9.5100,9.5700,9894740,94371136.6000
2023-07-10,sz.002580,9.5300,9.7100,9.5200,9.6400,9.5100,11347000,109544479.0000
2023-07-11,sz.002580,9.6400,9.7200,9.5900,9.7000,9.6400,7766500,75016625.0000
2023-07-12,sz.002580,9.7400,9.7800,9.6100,9.6300,9.7000,7334631,71068775.0400
2023-07-13,sz.002580,9.6300,9.7200,9.6000,9.6400,9.6300,6814676,65687816.7100
2023-07-14,sz.002580,9.6800,9.6900,9.5200,9.5300,9.6400,7386020,70661865.6000
2023-07-17,sz.002580,9.5500,9.6000,9.4900,9.5900,9.5300,5651136,53950491.8000
2023-07-18,sz.002580,9.5900,9.6700,9.4700,9.6300,9.5900,5694722,54526165.6600
2023-07-19,sz.002580,9.6000,9.6500,9.4900,9.5500,9.6300,4676763,44658287.0200
2023-07-20,sz.002580,9.5800,9.5900,9.4100,9.4300,9.5500,6228860,59179564.5800
2023-07-21,sz.002580,9.3900,9.4400,9.2800,9.3200,9.4300,5698500,53243003.8000
2023-07-24,sz.002580,9.3200,9.3700,9.2300,9.2600,9.3200,3562251,33127188.1200
2023-07-25,sz.002580,9.3100,9.4300,9.3100,9.4200,9.2600,4865600,45626715.8300
2023-07-26,sz.002580,9.4200,9.4200,9.2500,9.2800,9.4200,4468151,41575436.7700
2023-07-27,sz.002580,9.2600,9.3800,9.1900,9.2100,9.2800,3600000,33425466.0000
2023-07-28,sz.002580,9.1900,9.3200,9.1000,9.3000,9.2100,3982399,36709163.0100
2023-07-31,sz.002580,9.3300,9.4300,9.2800,9.4000,9.3000,4274267,40098106.1500
2023-08-01,sz.002580,9.4300,9.4300,9.2800,9.3100,9.4000,4537436,42261535.1600
2023-08-02,sz.002580,9.3500,9.3600,9.2100,9.3100,9.3100,2676810,24893873.5300
2023-08-03,sz.002580,9.3200,9.3200,9.1900,9.2400,9.3100,4409324,40676819.5600
2023-08-04,sz.002580,9.2400,9.3200,9.2200,9.2800,9.2400,3412251,31632909.4800
2023-08-07,sz.002580,9.2800,9.2800,9.1200,9.1600,9.2800,3914619,35839341.9300
2023-08-08,sz.002580,9.1800,9.2000,9.0700,9.1400,9.1600,3570600,32597243.0000
2023-08-09,sz.002580,9.1400,9.1400,9.0000,9.0300,9.1400,3861000,34946910.0000
2023-08-10,sz.002580,9.0300,9.1700,9.0100,9.0800,9.0300,3198800,29065453.0000
2023-08-11,sz.002580,9.0700,9.1100,8.9000,8.9200,9.0800,3555500,31969208.0000
2023-08-14,sz.002580,8.8500,8.9800,8.7600,8.9700,8.9200,4780822,42389790.4800
2023-08-15,sz.002580,8.9600,8.9700,8.8300,8.8700,8.9700,3002660,26686808.6000
2023-08-16,sz.002580,8.8600,8.9500,8.8000,8.8300,8.8700,3339700,29640873.0000
2023-08-17,sz.002580,8.7900,8.9700,8.7300,8.9400,8.8300,4274774,37883719.3800
2023-08-18,sz.002580,8.9300,9.0000,8.8600,8.8600,8.9400,4015652,35873527.6000
2023-08-21,sz.002580,8.8700,8.9700,8.7700,8.8100,8.8600,4654870,41196411.1000
2023-08-22,sz.002580,8.8300,8.8600,8.5600,8.7300,8.8100,5747230,49928368.8300
2023-08-23,sz.002580,8.7200,8.7200,8.5700,8.5900,8.7300,3604300,31110909.2100
2023-08-24,sz.002580,8.6300,8.6900,8.4500,8.5400,8.5900,3293380,28213876.4000
2023-08-25,sz.002580,8.5000,8.5900,8.3900,8.4300,8.5400,3766000,31879984.0000
2023-08-28,sz.002580,8.8200,8.9200,8.5000,8.5300,8.4300,6871200,59866759.4000
2023-08-29,sz.002580,8.5100,8.8300,8.5000,8.7900,8.5300,4967900,43337072.0000
2023-08-30,sz.002580,8.8100,8.9100,8.7500,8.8400,8.7900,4706298,41625566.3200
2023-08-31,sz.002580,8.8300,8.8300,8.7100,8.7500,8.8400,3168390,27707045.5400
2023-09-01,sz.002580,8.7800,8.8000,8.6800,8.7300,8.7500,3799882,33185785.5800
2023-09-04,sz.002580,8.7500,8.8600,8.7300,8.8600,8.7300,4467400,39321891.0000
2023-09-05,sz.002580,8.8500,8.9300,8.8000,8.8800,8.8600,3994894,35462171.0200
2023-09-06,sz.002580,8.8500,8.9500,8.8200,8.9400,8.8800,3894359,34627474.5800
2023-09-07,sz.002580,8.9400,8.9400,8.7200,8.7500,8.9400,4009980,35269118.0000
2023-09-08,sz.002580,8.7600,8.8000,8.6800,8.7100,8.7500,2292800,19993045.0000
2023-09-11,sz.002580,8.7100,8.8000,8.6300,8.7700,8.7100,3081860,26929082.2000
2023-09-12,sz.002580,8.8000,8.8300,8.7000,8.7900,8.7700,2787420,24461674.6000
2023-09-13,sz.002580,8.7600,8.8100,8.6300,8.6600,8.7900,3627692,31536033.5200
2023-09-14,sz.002580,8.6500,8.6700,8.5300,8.5800,8.6600,2525600,21693539.0000
2023-09-15,sz.002580,8.6000,8.6400,8.5200,8.5900,8.5800,2373527,20360764.1500
2023-09-18,sz.002580,8.5600,8.7700,8.5000,8.7300,8.5900,4357747,37893745.0400
2023-09-19,sz.002580,8.7300,8.7300,8.5900,8.6300,8.7300,3141500,27148222.0000
2023-09-20,sz.002580,8.6300,8.6800,8.5500,8.5700,8.6300,2481700,21382090.0000
2023-09-21,sz.002580,8.5500,8.5800,8.4600,8.4700,8.5700,3573200,30407164.0000
2023-09-22,sz.002580,8.5000,8.6500,8.4200,8.6400,8.4700,2978300,25557937.0000
2023-09-25,sz.002580,8.6500,8.6700,8.5400,8.6000,8.6400,2481720,21328066.8400
2023-09-26,sz.002580,8.6000,8.6300,8.4700,8.4800,8.6000,2494416,21282435.2800
2023-09-27,sz.002580,8.5100,8.5700,8.3700,8.4000,8.4800,5155960,43693803.0000
2023-09-28,sz.002580,8.4700,8.5100,8.4000,8.4600,8.4000,4757866,40275299.9900
2023-10-09,sz.002580,8.5200,8.5700,8.4200,8.4800,8.4600,5251804,44548968.7100
2023-10-10,sz.002580,8.5400,8.5400,8.3600,8.3800,8.4800,5330259,44944036.9800
2023-10-11,sz.002580,8.3700,8.4700,8.3500,8.3800,8.3800,4781060,40174967.8400
2023-10-12,sz.002580,8.3900,8.5200,8.3200,8.5000,8.3800,7637877,64411004.3500
2023-10-13,sz.002580,8.4600,8.4700,8.2200,8.2500,8.5000,7464860,61947944.8000
2023-10-16,sz.002580,8.2800,8.3000,8.1500,8.2000,8.2500,5128200,42008710.6000
2023-10-17,sz.002580,8.2000,8.2600,8.1700,8.2200,8.2000,3431800,28186784.0000
2023-10-18,sz.002580,8.1900,8.1900,7.9600,7.9600,8.2200,6142321,49391110.5900
2023-10-19,sz.002580,7.9300,8.0900,7.9200,7.9400,7.9600,4244154,33932258.0000
2023-10-20,sz.002580,7.9000,8.1100,7.8600,8.0000,7.9400,4968455,39941375.1300
2023-10-23,sz.002580,7.9800,8.0600,7.7500,7.7900,8.0000,4489814,35219891.0600
2023-10-24,sz.002580,7.7300,7.9400,7.7100,7.9000,7.7900,4357665,34178687.0300
2023-10-25,sz.002580,7.8900,8.0700,7.8800,8.0300,7.9000,4228278,33900720.7800
2023-10-26,sz.002580,7.9500,8.8300,7.7400,8.8300,8.0300,26134130,221405191.7800
2023-10-27,sz.002580,9.1400,9.7100,8.8000,9.7100,8.8300,47355362,441871062.6200
2023-10-30,sz.002580,10.5900,10.6800,9.6800,9.7000,9.7100,126553726,1314187857.7200
2023-10-31,sz.002580,9.0100,9.2300,8.8800,8.9700,9.7000,88010651,796924648.1600
2023-11-01,sz.002580,9.0100,9.0500,8.7100,8.8000,8.9700,41040843,363231581.1500
2023-11-02,sz.002580,8.8500,8.9300,8.6000,8.6000,8.8000,31973178,278461771.5400
2023-11-03,sz.002580,8.5800,8.7200,8.5600,8.6400,8.6000,22813614,197648494.3900
2023-11-06,sz.002580,8.6700,8.9500,8.6600,8.9000,8.6400,31158048,275831265.1100
2023-11-07,sz.002580,8.8500,9.0000,8.7900,8.9000,8.9000,25231742,224498001.2600
2023-11-08,sz.002580,8.9100,8.9600,8.8100,8.8800,8.9000,21470252,190738470.7600
2023-11-09,sz.002580,8.8800,8.9700,8.8300,8.9100,8.8800,19609355,174494451.9900
2023-11-10,sz.002580,8.8500,8.8700,8.7900,8.8200,8.9100,11466695,101247825.3900
2023-11-13,sz.002580,8.8200,8.9400,8.8200,8.9200,8.8200,12282910,109130646.7400
2023-11-14,sz.002580,8.9000,8.9700,8.8900,8.9300,8.9200,10939120,97567454.2200
2023-11-15,sz.002580,8.9600,9.0700,8.9500,8.9900,8.9300,18115235,163063874.7100
2023-11-16,sz.002580,8.9500,8.9900,8.8600,8.8700,8.9900,12120121,108086271.3600
2023-11-17,sz.002580,8.8300,9.0000,8.8300,8.9800,8.8700,11119844,99409917.8000
2023-11-20,sz.002580,9.0300,9.0500,8.9400,9.0200,8.9800,11605666,104428620.9400
2023-11-21,sz.002580,9.0500,9.0600,8.9300,8.9500,9.0200,13270514,119577150.1600
2023-11-22,sz.002580,8.9600,8.9700,8.7300,8.7400,8.9500,14693717,129765054.6000
2023-11-23,sz.002580,8.7200,8.9300,8.7000,8.9200,8.7400,14744858,130679125.1400
2023-11-24,sz.002580,8.8900,8.9000,8.7100,8.7200,8.9200,11780294,103334063.5000
2023-11-27,sz.002580,8.7200,8.8300,8.7200,8.7900,8.7200,10231069,89825334.8200
2023-11-28,sz.002580,8.7900,8.9600,8.7300,8.9500,8.7900,11908633,105878143.3700
2023-11-29,sz.002580,8.9500,8.9800,8.8700,8.8800,8.9500,9276313,82774836.7000
2023-11-30,sz.002580,8.8600,8.9000,8.5800,8.6900,8.8800,11264857,98106278.3100
2023-12-01,sz.002580,8.6900,8.7300,8.6100,8.7000,8.6900,5955341,51587234.8300
2023-12-04,sz.002580,8.7200,8.7300,8.6000,8.6100,8.7000,6895600,59648814.0000
2023-12-05,sz.002580,8.5900,8.6100,8.4300,8.4300,8.6100,8559300,72947834.0000
2023-12-06,sz.002580,8.4300,8.7400,8.4000,8.6200,8.4300,12523856,108371232.3800
2023-12-07,sz.002580,8.6000,8.6400,8.4400,8.4800,8.6200,7449685,63419406.1900
2023-12-08,sz.002580,8.5000,8.6300,8.3500,8.3600,8.4800,7071214,59728327.7400
2023-12-11,sz.002580,8.3400,8.3900,8.1900,8.3600,8.3600,8336301,69239632.3300
2023-12-12,sz.002580,8.4000,8.4500,8.3600,8.4100,8.3600,6415600,53913992.0000
2023-12-13,sz.002580,8.4200,8.5500,8.3600,8.4000,8.4100,8729495,73806593.3200
2023-12-14,sz.002580,8.4900,8.5400,8.3800,8.3900,8.4000,6637720,56185223.8000
2023-12-15,sz.002580,8.4100,8.5800,8.4100,8.4400,8.3900,8552416,72556919.8400
2023-12-18,sz.002580,8.4500,8.4600,8.1900,8.2100,8.4400,8752195,72394101.7000
2023-12-19,sz.002580,8.2000,8.2700,8.1500,8.2300,8.2100,4954165,40664848.8500
2023-12-20,sz.002580,8.2400,8.2900,8.1000,8.1100,8.2300,4925987,40345696.2700
2023-12-21,sz.002580,8.1100,8.3000,8.0200,8.2500,8.1100,8895287,72711397.2300
2023-12-22,sz.002580,8.2600,8.3800,8.1100,8.3200,8.2500,10800407,89144641.4900
2023-12-25,sz.002580,8.3500,8.3500,8.1900,8.2600,8.3200,6932300,57192502.0000
2023-12-26,sz.002580,8.2400,8.2400,8.0900,8.1000,8.2600,5630816,45832823.6000
2023-12-27,sz.002580,8.1800,8.3500,8.0400,8.0800,8.1000,7965348,64555809.9200
2023-12-28,sz.002580,8.0600,8.6000,8.0300,8.5700,8.0800,17674580,149036131.6100
2023-12-29,sz.002580,8.5200,8.6800,8.4500,8.6700,8.5700,12108240,104256421.6000
2024-01-02,sz.002580,8.6400,8.7100,8.5800,8.6700,8.6700,8705239,75322998.7900
2024-01-03,sz.002580,8.6400,8.7000,8.5800,8.6800,8.6700,6928539,59896516.5200
2024-01-04,sz.002580,8.6900,8.7000,8.6100,8.6800,8.6800,6729349,58257908.1200
2024-01-05,sz.002580,8.6900,8.8000,8.4300,8.5000,8.6800,8826800,76081713.0000
2024-01-08,sz.002580,8.5000,8.5300,8.3100,8.3200,8.5000,6363539,53544706.9400
2024-01-09,sz.002580,8.4000,8.5500,8.3100,8.4200,8.3200,6762500,56918468.0000
2024-01-10,sz.002580,8.4200,8.5800,8.2800,8.4200,8.4200,7703639,65268214.1600
2024-01-11,sz.002580,8.3500,8.6700,8.3100,8.6300,8.4200,10091633,86208207.3400
2024-01-12,sz.002580,8.5900,8.7400,8.5700,8.6000,8.6300,9012600,77992577.0000
2024-01-15,sz.002580,8.5200,8.5900,8.4600,8.5400,8.6000,5422260,46288754.6000
2024-01-16,sz.002580,8.5300,8.6700,8.4300,8.5900,8.5400,8023353,68537711.8500
2024-01-17,sz.002580,8.5700,8.5700,8.3000,8.3200,8.5900,6193200,52341241.0000
2024-01-18,sz.002580,8.3000,8.3500,7.9700,8.2100,8.3200,9573680,77990114.0000
2024-01-19,sz.002580,8.2000,8.3200,8.0300,8.0400,8.2100,7339680,59566285.2000
2024-01-22,sz.002580,8.0300,8.0300,7.3000,7.3800,8.0400,10734907,82189852.3700
2024-01-23,sz.002580,7.3500,7.3900,7.1100,7.3200,7.3800,9516687,69176055.7500
2024-01-24,sz.002580,7.3600,7.4400,7.0700,7.3700,7.3200,9848611,71563173.5900
2024-01-25,sz.002580,7.3700,7.6700,7.3000,7.6400,7.3700,9099240,68411365.0000
2024-01-26,sz.002580,7.6400,7.7900,7.6100,7.6600,7.6400,6735700,51910074.0000
2024-01-29,sz.002580,7.7200,7.7200,7.3000,7.3000,7.6600,7554760,56207901.4000
2024-01-30,sz.002580,7.3000,7.3800,7.0600,7.0700,7.3000,6063860,43710504.6000
2024-01-31,sz.002580,7.1000,7.1000,6.5800,6.5800,7.0700,10239726,69648484.1300
2024-02-01,sz.002580,6.5800,6.6800,6.3500,6.4800,6.5800,8378182,54467583.1800
2024-02-02,sz.002580,6.5000,6.6100,5.8300,6.0200,6.4800,14626913,89914377.2900
2024-02-05,sz.002580,5.9700,6.0200,5.4200,5.4200,6.0200,16581000,91232497.6000
2024-02-06,sz.002580,5.3000,5.6000,4.9700,5.4600,5.4200,26219629,136871042.1300
2024-02-07,sz.002580,5.4600,5.5000,5.1500,5.2800,5.4600,24234413,129303691.0500
2024-02-08,sz.002580,5.3700,5.8100,5.3000,5.8100,5.2800,26305874,147070088.6200
2024-02-19,sz.002580,5.9800,6.3100,5.8800,6.1100,5.8100,23079759,140386300.5600
2024-02-20,sz.002580,6.1200,6.1700,5.9900,6.1300,6.1100,12360557,75231183.7400
2024-02-21,sz.002580,6.0800,6.4400,6.0000,6.2500,6.1300,16678492,104530420.9800
2024-02-22,sz.002580,6.2400,6.4000,6.1700,6.3900,6.2500,11947233,75509377.9500
2024-02-23,sz.002580,6.4400,6.7000,6.4100,6.7000,6.3900,14241051,93388644.5500
2024-02-26,sz.002580,6.7300,6.9300,6.6500,6.7500,6.7000,15755262,106877263.9400
2024-02-27,sz.002580,6.7000,6.9200,6.6700,6.9200,6.7500,11367660,77336263.4000
2024-02-28,sz.002580,7.0200,7.2300,6.4200,6.4300,6.9200,24969419,171851404.0100
2024-02-29,sz.002580,6.4000,6.8300,6.3900,6.8100,6.4300,15681634,104525698.2600
2024-03-01,sz.002580,6.8400,6.9300,6.6800,6.8500,6.8100,12385215,84366116.3000
2024-03-04,sz.002580,6.8900,7.0200,6.7200,6.8200,6.8500,10707804,73095420.0000
2024-03-05,sz.002580,6.7600,6.7600,6.5900,6.6300,6.8200,11051618,73834302.2100
2024-03-06,sz.002580,6.5500,6.9000,6.5500,6.8200,6.6300,11594935,78331935.5500
2024-03-07,sz.002580,6.8200,6.8900,6.7200,6.7400,6.8200,8541779,58066321.5800
2024-03-08,sz.002580,6.7600,6.8600,6.7000,6.8400,6.7400,8147244,55275328.8800
2024-03-11,sz.002580,7.0500,7.4300,6.9900,7.2500,6.8400,26182301,187524594.8100
2024-03-12,sz.002580,7.2000,7.2800,7.0700,7.1100,7.2500,20485413,146289200.1700
2024-03-13,sz.002580,7.1100,7.1200,7.0200,7.0800,7.1100,11370384,80293559.3600
2024-03-14,sz.002580,7.0600,7.1200,6.9100,7.0100,7.0800,9365703,65826977.7600
2024-03-15,sz.002580,6.9800,7.1000,6.9600,7.1000,7.0100,8393019,59095590.8600
2024-03-18,sz.002580,7.1800,7.2400,7.1300,7.2300,7.1000,11123922,79970288.6000
2024-03-19,sz.002580,7.2300,7.5100,7.2200,7.3300,7.2300,15587925,114979167.5500
2024-03-20,sz.002580,7.2800,7.4000,7.2500,7.3900,7.3300,9871228,72437795.3600
2024-03-21,sz.002580,7.4100,7.5300,7.2800,7.4100,7.3900,10464468,77218568.6700
2024-03-22,sz.002580,7.3700,7.4200,7.2200,7.2400,7.4100,10241796,74637499.0000
2024-03-25,sz.002580,7.1900,7.2900,7.0500,7.0700,7.2400,8713000,62486258.0000
2024-03-26,sz.002580,7.0800,7.2300,6.9900,7.1900,7.0700,9041800,64441881.0000
2024-03-27,sz.002580,7.1800,7.1900,6.8600,6.8700,7.1900,9785200,68724993.0000
2024-03-28,sz.002580,6.8700,7.1700,6.8500,7.0500,6.8700,8673380,61116410.4000
2024-03-29,sz.002580,7.0500,7.1400,7.0100,7.1300,7.0500,5969019,42322234.9300
2024-04-01,sz.002580,7.1300,7.3900,7.1200,7.3900,7.1300,12174175,89045760.1500
2024-04-02,sz.002580,7.3900,7.5300,7.3200,7.4500,7.3900,12617660,93771020.0600
2024-04-03,sz.002580,7.4900,7.4900,7.3200,7.3800,7.4500,9317972,68709089.2400
2024-04-08,sz.002580,7.3900,7.4200,7.0900,7.1500,7.3800,9701658,70296576.1400
2024-04-09,sz.002580,7.1600,7.3800,7.1100,7.3700,7.1500,10074616,73563576.4400
2024-04-10,sz.002580,7.3800,7.3800,7.0600,7.1400,7.3700,9686400,69428541.0000
2024-04-11,sz.002580,7.0800,7.2400,6.9800,7.1300,7.1400,7180113,51295331.9700
2024-04-12,sz.002580,7.2100,7.2700,7.1100,7.1300,7.1300,7080200,50828479.0000
2024-04-15,sz.002580,7.0900,7.2400,6.8200,6.9500,7.1300,12918100,90608123.0000
2024-04-16,sz.002580,6.8600,6.9000,6.2600,6.2600,6.9500,16334100,105007370.4000
2024-04-17,sz.002580,6.3900,6.8500,6.3900,6.8300,6.2600,13242320,88148200.7200
2024-04-18,sz.002580,6.8300,6.9000,6.6800,6.8300,6.8300,8521126,58114804.0000
2024-04-19,sz.002580,6.8400,6.9700,6.7700,6.9400,6.8300,9713035,67077274.4500
2024-04-22,sz.002580,6.7600,6.8100,6.4900,6.5300,6.9400,15878619,104618201.6900
2024-04-23,sz.002580,6.5300,6.6700,6.5300,6.6000,6.5300,8012464,52942632.1200
2024-04-24,sz.002580,6.6000,6.7700,6.5600,6.7600,6.6000,7690441,51535310.2200
2024-04-25,sz.002580,6.7400,7.0500,6.7000,6.9300,6.7600,11331540,78375135.0000
2024-04-26,sz.002580,6.9000,7.0000,6.7600,6.9900,6.9300,10999060,76096358.0000
2024-04-29,sz.002580,7.1000,7.2200,7.0300,7.2000,6.9900,10069780,72090562.8000
2024-04-30,sz.002580,7.1900,7.2100,7.0900,7.1600,7.2000,8317500,59459205.0000
2024-05-06,sz.002580,7.3300,7.3300,7.2300,7.2700,7.1600,8850079,64342919.7500
2024-05-07,sz.002580,7.2700,7.3100,7.2200,7.3000,7.2700,7707939,56061125.9200
2024-05-08,sz.002580,7.2900,7.3700,7.1800,7.2100,7.3000,8610700,62652710.0000
2024-05-09,sz.002580,7.2000,7.4900,7.2000,7.4200,7.2100,15519511,115297093.8000
2024-05-10,sz.002580,7.4000,7.4400,7.2600,7.3700,7.4200,10389392,76339774.0400
2024-05-13,sz.002580,7.3000,7.3200,7.1600,7.1900,7.3700,9104633,65785288.7200
2024-05-14,sz.002580,7.1600,7.2800,7.1500,7.2000,7.1900,6681120,48242515.4000
2024-05-15,sz.002580,7.1900,7.2600,7.1100,7.1200,7.2000,6341100,45533470.0000
2024-05-16,sz.002580,7.1100,7.1800,7.0300,7.0500,7.1200,7077779,50275215.4800
2024-05-17,sz.002580,7.0600,7.1700,7.0000,7.1700,7.0500,6205700,44017831.0000
2024-05-20,sz.002580,7.1700,7.2300,7.1300,7.1800,7.1700,6656500,47783229.0000
2024-05-21,sz.002580,7.1500,7.2000,7.0800,7.1100,7.1800,5519300,39305632.0000
2024-05-22,sz.002580,7.1200,7.2900,7.1100,7.2800,7.1100,10053501,72529220.2800
2024-05-23,sz.002580,7.2500,7.2500,7.0000,7.0500,7.2800,10040421,71308137.1000
2024-05-24,sz.002580,7.0600,7.1800,7.0300,7.0700,7.0500,6843300,48689817.0000
2024-05-27,sz.002580,7.1100,7.1500,7.0000,7.1500,7.0700,5621821,39747498.0100
2024-05-28,sz.002580,7.1000,7.2400,7.0800,7.1400,7.1500,6073900,43537690.0000
2024-05-29,sz.002580,7.1400,7.2600,7.0700,7.1600,7.1400,5644420,40473527.8000
2024-05-30,sz.002580,7.1800,7.3600,7.1600,7.2300,7.1600,14888020,108239365.0000
2024-05-31,sz.002580,7.1500,7.1900,7.0800,7.1100,7.2300,10742500,76589434.0000
2024-06-03,sz.002580,7.1100,7.1100,6.7800,6.8700,7.1100,12290051,84698655.7500
2024-06-04,sz.002580,6.8700,6.8700,6.6600,6.8000,6.8700,7472414,50267325.2400
2024-06-05,sz.002580,6.7600,6.7800,6.5600,6.5800,6.8000,6675780,44432196.8000
2024-06-06,sz.002580,6.5700,6.6100,6.1700,6.2300,6.5800,12940028,81728703.7800
2024-06-07,sz.002580,6.3000,6.4400,6.3000,6.4000,6.2300,8431000,53605407.0000
2024-06-11,sz.002580,6.3700,6.4300,6.2500,6.4300,6.4000,4853000,30774637.0000
2024-06-12,sz.002580,6.4200,6.4900,6.3800,6.4700,6.4300,5311580,34241635.8000
2024-06-13,sz.002580,6.4900,6.5100,6.3900,6.4300,6.4700,4629600,29828958.2000
2024-06-14,sz.002580,6.4000,6.5100,6.3600,6.4700,6.4300,4273700,27558014.0000
2024-06-17,sz.002580,6.4500,6.5600,6.3800,6.4900,6.4700,5009900,32565304.0000
2024-06-18,sz.002580,6.4900,6.5700,6.4200,6.5600,6.4900,4261300,27768228.0000
2024-06-19,sz.002580,6.5600,6.6000,6.4900,6.5000,6.5600,3860100,25199112.4000
2024-06-20,sz.002580,6.4800,6.5000,6.2600,6.2800,6.5000,5330380,33891919.2000
2024-06-21,sz.002580,6.2500,6.2800,6.1300,6.1400,6.2200,5595500,34647178.0000
2024-06-24,sz.002580,6.0900,6.1200,5.8500,5.8800,6.1400,7587000,45193487.0000
2024-06-25,sz.002580,5.8800,6.0900,5.8800,5.9700,5.8800,6139207,36662401.0700
2024-06-26,sz.002580,5.9600,6.1600,5.8600,6.1500,5.9700,5449503,32888921.7900
2024-06-27,sz.002580,6.1600,6.2000,6.0400,6.0500,6.1500,4211100,25762525.0000
2024-06-28,sz.002580,6.0800,6.2600,6.0300,6.1500,6.0500,5269500,32565567.0000
2024-07-01,sz.002580,6.1500,6.2400,6.0700,6.2000,6.1500,4640500,28515442.0000
2024-07-02,sz.002580,6.1700,6.2300,6.1300,6.1800,6.2000,3977403,24606668.5400
2024-07-03,sz.002580,6.2000,6.2500,6.1200,6.1400,6.1800,4174521,25816966.1500
2024-07-04,sz.002580,6.1300,6.1700,5.9400,5.9500,6.1400,5159031,31113419.3300
2024-07-05,sz.002580,5.9400,6.0200,5.8800,6.0000,5.9500,3325200,19783799.0000
2024-07-08,sz.002580,6.0000,6.0000,5.7700,5.8000,6.0000,4569540,26700202.0000
2024-07-09,sz.002580,5.8000,6.0000,5.7100,5.9700,5.8000,5095140,29836733.2000
2024-07-10,sz.002580,5.9200,6.0500,5.8800,5.9100,5.9700,5444464,32434260.7600
2024-07-11,sz.002580,6.0100,6.1600,6.0100,6.1500,5.9100,7209300,44025381.4000
2024-07-12,sz.002580,6.2000,6.2400,6.1500,6.2000,6.1500,5545848,34361149.5600
2024-07-15,sz.002580,6.1300,6.1800,5.9900,6.0200,6.2000,5458442,33023370.9000
2024-07-16,sz.002580,6.0200,6.0700,5.9600,6.0200,6.0200,3364160,20215341.6000
2024-07-17,sz.002580,6.0300,6.0300,5.9200,5.9300,6.0200,3340844,19896563.3600
2024-07-18,sz.002580,5.9100,5.9700,5.7800,5.9500,5.9300,4657300,27300928.0000
2024-07-19,sz.002580,5.9000,6.0100,5.8800,5.9900,5.9500,3212720,19169812.8000
2024-07-22,sz.002580,5.9600,6.0100,5.9400,5.9900,5.9900,2747400,16438454.0000
2024-07-23,sz.002580,5.9900,6.0300,5.8600,5.8700,5.9900,3257699,19409179.9900
2024-07-24,sz.002580,5.8700,5.9200,5.7700,5.7900,5.8700,4558846,26613185.8000
2024-07-25,sz.002580,5.7900,5.9600,5.7500,5.9000,5.7900,4844780,28457020.4000
2024-07-26,sz.002580,5.9000,6.0400,5.8900,6.0300,5.9000,4526886,27169428.0800
2024-07-29,sz.002580,6.0400,6.0700,5.9300,5.9800,6.0300,3567926,21342248.9200
2024-07-30,sz.002580,5.9600,5.9900,5.8900,5.9500,5.9800,3541400,21022443.0000
2024-07-31,sz.002580,5.9600,6.1500,5.9400,6.1500,5.9500,6184700,37626626.0000
2024-08-01,sz.002580,6.1500,6.1900,6.1100,6.1500,6.1500,4088800,25169203.0000
2024-08-02,sz.002580,6.1100,6.1700,6.0400,6.0700,6.1500,4254800,25974722.0000
2024-08-05,sz.002580,6.0000,6.1200,5.9000,5.9100,6.0700,4814200,28900042.0000
2024-08-06,sz.002580,5.9600,6.0700,5.9600,6.0700,5.9100,4293180,25861233.0000
2024-08-07,sz.002580,6.1000,6.1200,6.0300,6.0900,6.0700,3533500,21519391.0000
2024-08-08,sz.002580,6.0800,6.1000,5.9800,6.0600,6.0900,3186100,19271405.0000
2024-08-09,sz.002580,6.0800,6.1200,6.0300,6.0300,6.0600,3290216,19986046.1200
2024-08-12,sz.002580,6.0400,6.0800,5.9400,5.9500,6.0300,3734500,22379731.0000
2024-08-13,sz.002580,5.9600,6.0600,5.9200,6.0500,5.9500,3599241,21565160.6000
2024-08-14,sz.002580,6.0500,6.0900,5.9900,6.0000,6.0500,2951056,17767385.7600
2024-08-15,sz.002580,5.9900,6.0700,5.9400,6.0500,6.0000,4115256,24765817.8800
2024-08-16,sz.002580,6.0400,6.0900,6.0100,6.0200,6.0500,3958167,23947126.4700
2024-08-19,sz.002580,6.0400,6.0600,5.9700,5.9900,6.0200,3748320,22506195.6000
2024-08-20,sz.002580,5.9800,5.9900,5.7400,5.7800,5.9900,6042081,35245988.4800
2024-08-21,sz.002580,5.7300,5.8600,5.7100,5.8100,5.7800,3676400,21356559.0000
2024-08-22,sz.002580,5.8200,5.9100,5.7500,5.8000,5.8100,5257200,30656865.0000
2024-08-23,sz.002580,5.7500,5.7600,5.5900,5.6500,5.8000,5805236,32774641.7600
2024-08-26,sz.002580,5.7300,6.2200,5.7300,6.2200,5.6500,21103247,129086773.6400
2024-08-27,sz.002580,6.2700,6.3800,6.1300,6.1700,6.2200,34233815,213955077.1600
2024-08-28,sz.002580,6.1300,6.2200,6.0600,6.1500,6.1700,18092671,110752074.3200
2024-08-29,sz.002580,6.0900,6.3300,6.0900,6.2500,6.1500,23437912,146151600.7800
2024-08-30,sz.002580,6.2000,6.3900,6.1900,6.3100,6.2500,22687220,143218440.4000
2024-09-02,sz.002580,6.5000,6.5700,6.3100,6.3200,6.3100,25614464,164888918.8300
2024-09-03,sz.002580,6.2800,6.4800,6.2700,6.4100,6.3200,15490556,98923416.9600
2024-09-04,sz.002580,6.3600,6.6900,6.3400,6.5900,6.4100,25940280,169617075.5900
2024-09-05,sz.002580,6.5800,6.5800,6.3700,6.4600,6.5900,17628446,113638439.0600
2024-09-06,sz.002580,6.3700,6.4600,6.2500,6.2900,6.4600,13556034,86166170.5200
2024-09-09,sz.002580,6.2000,6.3700,6.2000,6.2900,6.2900,8423561,53046215.7700
2024-09-10,sz.002580,6.3500,6.3800,6.2300,6.3600,6.2900,6902400,43511561.0000
2024-09-11,sz.002580,6.3400,6.4900,6.3100,6.4200,6.3600,11955484,76690457.0800
2024-09-12,sz.002580,6.3300,6.4300,6.3200,6.3400,6.4200,7962200,50740113.0000
2024-09-13,sz.002580,6.3200,6.3600,6.2200,6.2200,6.3400,6467420,40473207.0800
2024-09-18,sz.002580,6.2200,6.3000,6.1300,6.2400,6.2200,5900124,36624868.7200
2024-09-19,sz.002580,6.2800,6.4100,6.2500,6.4100,6.2400,8531940,54251279.0000
2024-09-20,sz.002580,6.4400,6.5100,6.3800,6.4500,6.4100,12424318,80081545.3800
2024-09-23,sz.002580,6.3800,6.5400,6.3600,6.5100,6.4500,8685736,56261497.7700
2024-09-24,sz.002580,6.5100,6.6300,6.4100,6.6300,6.5100,14360450,94030707.1800
2024-09-25,sz.002580,6.6900,6.8000,6.5700,6.5800,6.6300,20226700,134932634.5000
2024-09-26,sz.002580,6.5600,6.6800,6.5300,6.6800,6.5800,12563158,83104327.5800
2024-09-27,sz.002580,6.7600,7.0900,6.6900,6.9800,6.6800,20058824,138030808.8400
2024-09-30,sz.002580,7.2600,7.6600,7.0700,7.6100,6.9800,30567026,225861341.5600
2024-10-08,sz.002580,8.3700,8.3700,7.7500,8.2200,7.6100,38688434,312691732.7400
2024-10-09,sz.002580,8.0100,8.1300,7.6900,7.8800,8.2200,29599466,233743623.5400
2024-10-10,sz.002580,7.9800,8.0300,7.6800,7.7200,7.8800,17996704,141093776.9200
2024-10-11,sz.002580,7.7500,7.7500,7.2100,7.3100,7.7200,14799900,109879862.7600
2024-10-14,sz.002580,7.3200,7.4500,7.2600,7.4200,7.3100,9229822,68065407.1400
2024-10-15,sz.002580,7.4200,7.4700,7.2800,7.2800,7.4200,8800760,64840182.0000
2024-10-16,sz.002580,7.2000,7.3100,7.1600,7.2100,7.2800,7185474,51942026.1400
2024-10-17,sz.002580,7.2500,7.3300,7.0900,7.1000,7.2100,8850080,63841161.0000
2024-10-18,sz.002580,7.1400,7.3700,7.1100,7.2800,7.1000,11700306,84756300.4900
2024-10-21,sz.002580,7.3400,7.4600,7.2500,7.3600,7.2800,12034900,88469221.0000
2024-10-22,sz.002580,7.3600,7.5400,7.3400,7.5400,7.3600,12361931,92359981.3800
2024-10-23,sz.002580,7.5300,7.8100,7.4900,7.6800,7.5400,18686878,143790010.1600
2024-10-24,sz.002580,7.6000,7.8000,7.5100,7.7200,7.6800,10525294,80443604.8800
2024-10-25,sz.002580,7.7200,8.0400,7.6800,7.9400,7.7200,21851661,172503330.7600
2024-10-28,sz.002580,7.9800,8.0100,7.7900,7.9600,7.9400,15958967,125742375.9100
2024-10-29,sz.002580,7.9400,7.9800,7.6700,7.6700,7.9600,17512686,136141827.4400
2024-10-30,sz.002580,7.6200,7.7500,7.5300,7.6400,7.6700,11414415,87087406.0400
2024-10-31,sz.002580,7.6900,7.8200,7.6700,7.7500,7.6400,11693528,90621597.5500
2024-11-01,sz.002580,7.7500,7.9600,7.6200,7.6400,7.7500,16466941,128176604.8300
2024-11-04,sz.002580,7.6000,7.7600,7.6000,7.7200,7.6400,8470560,65133627.6000
2024-11-05,sz.002580,7.7000,7.9500,7.6500,7.9500,7.7200,16920419,132908982.6900
2024-11-06,sz.002580,8.0000,8.1500,7.9800,8.0900,7.9500,19403476,156643166.9600
2024-11-07,sz.002580,8.2000,8.3000,8.0000,8.1600,8.0900,23051700,187695758.8400
2024-11-08,sz.002580,8.1400,8.5300,8.1400,8.2700,8.1600,26955155,225569592.8000
2024-11-11,sz.002580,8.1800,8.3100,8.1000,8.3100,8.2700,16880400,138947868.6000
2024-11-12,sz.002580,8.3000,8.3500,8.0000,8.1500,8.3100,15257380,125521023.4000
2024-11-13,sz.002580,8.0700,8.6600,8.0700,8.4500,8.1500,23898256,200861146.2400
2024-11-14,sz.002580,8.5400,8.7200,8.2100,8.2300,8.4500,22039561,186805970.9900
2024-11-15,sz.002580,8.1700,8.4600,8.1000,8.2800,8.2300,20692327,171603013.4100
2024-11-18,sz.002580,8.3400,8.4500,7.9600,8.0300,8.2800,19081396,156197640.3700
2024-11-19,sz.002580,8.0200,8.2900,7.9200,8.2900,8.0300,15546263,125240091.4000
2024-11-20,sz.002580,8.2000,8.5600,8.1700,8.5200,8.2900,22398140,188739644.8000
2024-11-21,sz.002580,8.5100,8.9500,8.4200,8.7500,8.5200,34064373,298062656.4200
2024-11-22,sz.002580,8.6900,8.7500,8.2800,8.2900,8.7500,22373342,190698786.2800
2024-11-25,sz.002580,8.3600,9.1200,8.2800,9.1200,8.2900,34883099,311266320.8800
2024-11-26,sz.002580,9.6300,10.0300,9.3700,10.0300,9.1200,108217628,1062922441.0700
2024-11-27,sz.002580,9.8000,9.9200,9.0300,9.5900,10.0300,110022037,1028983131.7800
2024-11-28,sz.002580,9.2600,9.2600,8.8300,8.8800,9.5900,75203477,680967347.7400
2024-11-29,sz.002580,8.7500,8.9500,8.5600,8.8200,8.8800,51252083,449069821.6400
2024-12-02,sz.002580,8.7900,9.2500,8.7100,9.0800,8.8200,51472696,462131249.3000
2024-12-03,sz.002580,9.0500,9.0500,8.8100,8.9300,9.0800,32962558,293509452.9800
2024-12-04,sz.002580,8.8400,9.1400,8.7900,8.8500,8.9300,32639778,291363826.4600
2024-12-05,sz.002580,8.8200,8.9900,8.7000,8.9700,8.8500,28350338,251497142.9000
2024-12-06,sz.002580,8.9300,8.9900,8.7800,8.9100,8.9700,24288899,215819495.4300
2024-12-09,sz.002580,8.8800,9.0100,8.8100,8.9500,8.9100,20811921,185806150.7200
2024-12-10,sz.002580,9.0700,9.1700,8.9200,8.9500,8.9500,29300269,263610373.4300
2024-12-11,sz.002580,8.9200,9.0900,8.8900,9.0300,8.9500,23616936,212637269.3500
2024-12-12,sz.002580,9.0300,9.0400,8.8000,8.9400,9.0300,24207814,215747119.6900
2024-12-13,sz.002580,8.8800,8.8800,8.5900,8.5900,8.9400,25044200,217987462.0000
2024-12-16,sz.002580,8.5500,8.6700,8.3800,8.4500,8.5900,19111323,162420652.5500
2024-12-17,sz.002580,8.4100,8.4400,8.0800,8.1100,8.4500,15619316,128793036.9000
2024-12-18,sz.002580,8.1400,8.1900,8.0300,8.0600,8.1100,13786300,111779718.0000
2024-12-19,sz.002580,7.9900,8.0900,7.8700,8.0800,8.0600,12227200,97552606.0000
2024-12-20,sz.002580,8.0800,8.1800,8.0500,8.1200,8.0800,11099070,90069448.0000
2024-12-23,sz.002580,8.1300,8.5400,8.0600,8.2400,8.1200,23183285,191851061.3900
2024-12-24,sz.002580,8.2600,8.6300,8.2600,8.4300,8.2400,19421206,162997935.4700
2024-12-25,sz.002580,8.3600,8.3600,7.9900,8.0400,8.4300,17270421,140221037.2100
2024-12-26,sz.002580,7.9900,8.8000,7.9800,8.6000,8.0400,36441627,311102372.1200
2024-12-27,sz.002580,8.5500,8.7000,8.4700,8.5000,8.6000,25487340,218475112.6000
2024-12-30,sz.002580,8.5000,9.3500,8.2500,8.9600,8.5000,73210260,661307730.2200
2024-12-31,sz.002580,8.8300,9.1000,8.4800,8.4800,8.9600,45553354,396586587.7400
2025-01-02,sz.002580,8.4800,9.3200,8.4700,8.5700,8.4800,40222805,349944707.4000
2025-01-03,sz.002580,8.5800,9.2800,8.1300,8.7900,8.5700,64495466,562973741.1300
2025-01-06,sz.002580,8.7200,9.1900,8.6500,9.1800,8.7900,67908415,612040301.7500
2025-01-07,sz.002580,9.0000,9.7000,8.8600,9.6500,9.1800,81532801,763449337.1100
2025-01-08,sz.002580,9.4100,9.6000,9.0900,9.4000,9.6500,59646505,556967506.7200
2025-01-09,sz.002580,9.3100,9.7000,9.2200,9.3300,9.4000,42982527,404193953.4100
2025-01-10,sz.002580,9.2400,9.2500,8.4000,8.4000,9.3300,52261528,457143081.9400
2025-01-13,sz.002580,7.8800,7.9800,7.6200,7.7600,8.4000,36119710,280716624.6800
2025-01-14,sz.002580,7.8000,8.3100,7.7900,8.2500,7.7600,33683455,272613964.0800
2025-01-15,sz.002580,8.2100,8.2800,8.0000,8.0400,8.2500,23190400,187335216.0000
2025-01-16,sz.002580,8.0800,8.8400,8.0500,8.4600,8.0400,54589965,466713897.2500
2025-01-17,sz.002580,8.3400,8.4700,8.2000,8.3300,8.4600,32847092,272774150.8800
2025-01-20,sz.002580,8.5000,9.1600,8.4700,9.1600,8.3300,43519286,394615108.5600
2025-01-21,sz.002580,9.1600,9.4600,8.9700,9.0600,9.1600,75632378,693904852.8700
2025-01-22,sz.002580,9.0700,9.3000,8.8500,9.2400,9.0600,62435205,567555896.7500
2025-01-23,sz.002580,9.1800,9.5500,9.0100,9.0200,9.2400,55494800,512261593.0600
2025-01-24,sz.002580,8.9200,9.1200,8.9200,8.9700,9.0200,30815600,277595289.0000
2025-01-27,sz.002580,8.9900,9.0800,8.6300,8.6300,8.9700,22610537,199021102.6100
2025-02-05,sz.002580,8.6400,8.7100,8.4500,8.6100,8.6300,19622647,168362985.2000
2025-02-06,sz.002580,8.6000,8.8300,8.5400,8.8200,8.6100,22084200,193053908.0000
2025-02-07,sz.002580,8.8500,8.9800,8.7300,8.9000,8.8200,30990240,275425038.0000
2025-02-10,sz.002580,8.8700,9.0400,8.8500,8.9600,8.9000,23306620,207946645.6000
2025-02-11,sz.002580,8.9200,8.9600,8.8300,8.8800,8.9600,17725120,157297913.8000
2025-02-12,sz.002580,8.9100,9.2700,8.9000,9.1600,8.8800,35144580,320398056.4000
2025-02-13,sz.002580,9.0800,9.2600,9.0600,9.1500,9.1600,35400300,325230569.0000
2025-02-14,sz.002580,9.1200,9.3500,9.0500,9.1600,9.1500,34349900,315588085.7100
2025-02-17,sz.002580,9.3000,9.8700,9.3000,9.6700,9.1600,64287905,619937993.1500
2025-02-18,sz.002580,9.8000,9.9000,9.3500,9.3500,9.6700,48938316,470884241.3200
2025-02-19,sz.002580,9.4200,9.5400,9.2600,9.4800,9.3500,30781020,289832453.2000
2025-02-20,sz.002580,9.4700,9.6800,9.3100,9.6300,9.4800,35157170,333708038.2400
2025-02-21,sz.002580,9.6000,10.5900,9.6000,10.5900,9.6300,60053890,621286283.5000
2025-02-24,sz.002580,11.0100,11.6500,10.9000,11.6500,10.5900,81742759,942603510.4300
2025-02-25,sz.002580,12.0200,12.8200,12.0200,12.8200,11.6500,48541792,612033071.7400
2025-02-26,sz.002580,14.1000,14.1000,14.1000,14.1000,12.8200,6042796,85203423.6000
2025-02-27,sz.002580,15.5100,15.5100,15.1300,15.5100,14.1000,90058897,1396107548.2600
2025-02-28,sz.002580,15.7200,16.9000,14.6000,14.9300,15.5100,224721489,3539720172.2000
2025-03-03,sz.002580,15.0000,15.3300,13.4400,13.7200,14.9300,160834342,2314037611.1400
2025-03-04,sz.002580,13.0000,14.3000,12.9500,14.3000,13.7200,141895005,1916854385.1400
2025-03-05,sz.002580,14.6600,14.9700,14.1600,14.5300,14.3000,106250062,1550284692.4300
2025-03-06,sz.002580,14.8200,15.1100,14.3600,14.5300,14.5300,94884644,1395137728.5000
2025-03-07,sz.002580,14.6600,15.0100,13.8000,14.0000,14.5300,85775738,1243315974.9600
2025-03-10,sz.002580,14.5200,15.1400,14.3000,15.0600,14.0000,90311173,1337530864.7200
2025-03-11,sz.002580,14.4000,15.7500,14.0000,15.4100,15.0600,100472113,1521561554.5300
2025-03-12,sz.002580,15.3000,16.1600,15.0900,15.6300,15.4100,100602042,1574359980.0600
2025-03-13,sz.002580,15.4000,16.7400,15.0900,15.9000,15.6300,92548710,1465939031.6600
2025-03-14,sz.002580,15.2700,15.6000,14.3100,15.2800,15.9000,76942028,1146879524.3000
2025-03-17,sz.002580,15.1600,16.8100,14.8100,16.3300,15.2800,114145944,1867331014.6400
2025-03-18,sz.002580,17.1600,17.9600,17.1500,17.9600,16.3300,111270698,1977655918.2300
2025-03-19,sz.002580,18.0200,18.4900,17.1000,17.5200,17.9600,109846203,1929531690.3200
2025-03-20,sz.002580,17.4000,17.8000,16.6000,16.9500,17.5200,82825243,1427755926.1800
2025-03-21,sz.002580,16.2000,16.4300,15.2600,15.5600,16.9500,87273483,1370265523.4800
2025-03-24,sz.002580,15.2800,15.5300,14.0100,14.4700,15.5600,74840103,1092778428.0100
2025-03-25,sz.002580,14.4000,14.7100,13.5200,13.6200,14.4700,53747376,744197143.8500
2025-03-26,sz.002580,13.5800,13.8700,13.5600,13.6000,13.6200,29142640,398504586.6000
2025-03-27,sz.002580,13.4600,13.7900,13.1000,13.1600,13.6000,40801420,545935297.2000
2025-03-28,sz.002580,13.1400,13.2700,12.8800,13.1000,13.1600,32174177,421212030.7300
2025-03-31,sz.002580,13.0100,13.6800,12.5500,13.5600,13.1000,58340416,770102003.1900
2025-04-01,sz.002580,13.4500,13.9200,13.3700,13.5900,13.5600,42042031,570538163.4700
2025-04-02,sz.002580,13.5900,14.0100,13.4500,13.6500,13.5900,32572659,445045768.5500
2025-04-03,sz.002580,13.1200,13.3900,12.7100,12.9600,13.6500,36078563,470825758.5800
2025-04-07,sz.002580,11.6600,12.1000,11.6600,11.6600,12.9600,17458600,204304584.8000
2025-04-08,sz.002580,11.4800,11.5500,10.4900,10.7000,11.6600,54109636,583955764.9200
2025-04-09,sz.002580,10.5500,11.3300,9.8000,11.2200,10.7000,47575025,510963445.0500
2025-04-10,sz.002580,11.3800,11.9200,11.2800,11.3100,11.2200,56657880,654208237.4400
2025-04-11,sz.002580,11.0200,11.7800,11.0200,11.6300,11.3100,34002680,394206611.6000
2025-04-14,sz.002580,11.9000,12.1800,11.7100,11.8300,11.6300,30083700,358517105.0000
2025-04-15,sz.002580,11.9800,12.5800,11.9100,12.0500,11.8300,59005365,719704580.7000
2025-04-16,sz.002580,11.6800,11.9500,11.3000,11.4000,12.0500,42696361,494422848.0700
2025-04-17,sz.002580,11.3600,11.6300,11.2500,11.2500,11.4000,27592801,314655842.3100
2025-04-18,sz.002580,11.3600,11.4300,11.1600,11.3400,11.2500,18798304,212536295.4800
2025-04-21,sz.002580,11.3600,11.7900,11.2600,11.7800,11.3400,23271444,269280052.4000
2025-04-22,sz.002580,11.7800,12.1300,11.5700,11.6300,11.7800,28170169,332095686.6500
2025-04-23,sz.002580,11.7500,12.1200,11.7200,11.8600,11.6300,29605170,351952734.1000
2025-04-24,sz.002580,11.8500,11.9900,11.2900,11.4100,11.8600,32058573,369097895.2800
2025-04-25,sz.002580,11.4100,12.2500,11.3900,11.9200,11.4100,51602381,613947554.4000
2025-04-28,sz.002580,11.7000,11.7800,11.3600,11.5900,11.9200,35518903,409872130.6900
2025-04-29,sz.002580,11.5700,11.7400,11.4000,11.6300,11.5900,22542461,262294288.2100
2025-04-30,sz.002580,11.6800,12.0900,11.6000,11.9700,11.6300,31339821,373714457.9400
2025-05-06,sz.002580,12.1200,12.5500,12.1200,12.5500,11.9700,40943253,507549521.2700
2025-05-07,sz.002580,12.7300,12.7500,12.2800,12.4400,12.5500,40112700,500555478.8000
2025-05-08,sz.002580,12.5000,12.7300,12.3500,12.6100,12.4400,39779970,501255863.6000
2025-05-09,sz.002580,12.7000,12.7500,12.1900,12.3800,12.6100,34241616,422980229.6200
2025-05-12,sz.002580,12.6100,13.0100,12.6000,12.9200,12.3800,55906397,715403348.6200
2025-05-13,sz.002580,12.8200,12.9200,12.4800,12.5700,12.9200,46618800,589958301.2000
2025-05-14,sz.002580,12.4800,13.5900,12.3700,12.9600,12.5700,75052702,987144299.2800
2025-05-15,sz.002580,12.9000,12.9400,12.4100,12.4200,12.9600,45007836,563512006.6800
2025-05-16,sz.002580,12.2100,12.7700,12.2100,12.5000,12.4200,27944532,349419015.1600
2025-05-19,sz.002580,12.4900,12.4900,12.1300,12.2900,12.5000,25219743,308975229.8100
2025-05-20,sz.002580,12.2800,12.4500,12.1100,12.3800,12.2900,21559300,265839282.0000
2025-05-21,sz.002580,12.3000,13.6200,12.2300,13.6200,12.3800,64276728,843565757.5600
2025-05-22,sz.002580,14.0200,14.5300,13.6000,13.6300,13.6200,136611399,1920521469.9100
2025-05-23,sz.002580,13.6000,14.9900,13.1400,14.3000,13.6300,108112201,1489376452.3100
2025-05-26,sz.002580,13.8000,14.2400,13.7000,13.9600,14.3000,77105630,1074842299.5000
2025-05-27,sz.002580,13.8000,14.7100,13.4900,14.4200,13.9600,88969921,1260660386.9000
2025-05-28,sz.002580,14.1300,14.7400,13.9500,14.1600,14.4200,72372065,1037333800.2200
2025-05-29,sz.002580,13.8500,14.8800,13.7500,14.4500,14.1600,67147571,960560788.1800
2025-05-30,sz.002580,14.3100,14.8500,14.0300,14.6900,14.4500,67987389,982285062.4700
2025-06-03,sz.002580,14.4600,15.3600,14.4300,15.1000,14.6900,69040567,1032841682.6700
2025-06-04,sz.002580,15.0000,16.6100,14.8600,15.6800,15.1000,121634023,1939040574.1500
2025-06-05,sz.002580,15.3000,15.6100,14.8000,14.8000,15.6800,91277788,1376318355.5200
2025-06-06,sz.002580,14.6000,15.1900,14.1500,14.1800,14.8000,72385027,1051667078.0600
2025-06-09,sz.002580,14.5300,14.7800,14.3000,14.6100,14.1800,58460164,851550902.0000
2025-06-10,sz.002580,14.4000,14.9400,14.0200,14.1300,14.6100,68119528,988703922.3100
2025-06-11,sz.002580,14.0300,14.3900,13.8200,13.9400,14.1300,52252449,733393775.0500
2025-06-12,sz.002580,13.8100,14.0900,13.6100,13.9500,13.9400,38153011,528675696.1100
2025-06-13,sz.002580,13.8100,13.8100,13.2900,13.3100,13.9500,41838101,563036330.2800
2025-06-16,sz.002580,13.2400,13.4500,13.2400,13.3800,13.3100,21905236,292476242.8800
2025-06-17,sz.002580,13.3800,13.6400,13.3500,13.5400,13.3800,31087320,419441241.6400
2025-06-18,sz.002580,13.4100,13.4800,13.0600,13.2900,13.5400,31643581,418329481.7200
2025-06-19,sz.002580,13.2000,13.5900,13.0400,13.0600,13.2900,31625803,421631813.8900
2025-06-20,sz.002580,12.9500,13.4600,12.9100,13.2600,13.0600,30683587,407780251.7900
2025-06-23,sz.002580,13.0400,13.8600,12.8200,13.8600,13.2600,42479988,573227845.4000
2025-06-24,sz.002580,13.8600,14.4800,13.7000,14.4300,13.8600,67188044,952092010.5200
2025-06-25,sz.002580,14.4000,14.8400,14.2700,14.4300,14.4300,67980688,985754806.0000
2025-06-26,sz.002580,14.2900,14.7400,14.1800,14.2100,14.4300,55830480,806704847.6000
2025-06-27,sz.002580,14.3700,14.4700,13.9000,13.9800,14.1700,40992840,578615526.8000
2025-06-30,sz.002580,13.9800,14.3100,13.9200,14.1300,13.9800,28494685,400684927.6000
2025-07-01,sz.002580,14.1200,14.1500,13.6700,13.9100,14.1300,30194660,419622193.8000
2025-07-02,sz.002580,13.8300,13.9400,13.6600,13.7000,13.9100,19177380,263758971.4000
2025-07-03,sz.002580,13.7400,13.8500,13.4900,13.7800,13.7000,25142216,343990100.7200
2025-07-04,sz.002580,13.7300,13.8000,13.4000,13.4300,13.7800,23527100,317910974.0000
2025-07-07,sz.002580,13.4300,13.5800,13.3600,13.4900,13.4300,12153880,163681390.8000
2025-07-08,sz.002580,13.5000,13.5900,13.4200,13.5700,13.4900,16767220,227021701.8000
2025-07-09,sz.002580,13.6000,13.7900,13.3700,13.4100,13.5700,25615116,348110596.2000
2025-07-10,sz.002580,13.4200,13.4800,13.3100,13.4200,13.4100,15450532,206847829.5200
2025-07-11,sz.002580,13.4400,13.5000,13.2900,13.4400,13.4200,16358200,219345455.8400
2025-07-14,sz.002580,13.4700,13.6200,13.4500,13.5900,13.4400,15956053,215968311.0400
2025-07-15,sz.002580,13.5700,13.6700,13.2900,13.4200,13.5900,19837233,266488111.4200
2025-07-16,sz.002580,13.4500,14.1900,13.4400,13.8800,13.4200,50800167,708401416.8700
2025-07-17,sz.002580,13.7900,13.9200,13.7100,13.9000,13.8800,27733000,383262379.0000
2025-07-18,sz.002580,13.9000,14.1200,13.8800,13.9700,13.9000,30474900,426369580.0000
2025-07-21,sz.002580,13.9200,13.9600,13.8000,13.9000,13.9700,20751830,287974634.5000
2025-07-22,sz.002580,13.8600,14.2000,13.7200,14.1700,13.9000,40113420,563106730.4600
2025-07-23,sz.002580,14.0800,14.0900,13.7500,13.7700,14.1700,28542582,395732273.7300
2025-07-24,sz.002580,13.7600,13.8900,13.7300,13.8200,13.7700,18301959,252412018.0400
2025-07-25,sz.002580,13.8200,13.8800,13.6500,13.6700,13.8200,18743269,257160817.1000
2025-07-28,sz.002580,13.7100,14.0300,13.6900,13.8600,13.6700,21095540,292740812.0000
2025-07-29,sz.002580,13.8000,13.9400,13.6900,13.8100,13.8600,14820373,204110252.4200
2025-07-30,sz.002580,13.8100,13.8300,13.2500,13.4000,13.8100,25298470,341418065.5900
2025-07-31,sz.002580,13.3500,13.5600,13.3100,13.3400,13.4000,13862148,186113327.5600
2025-08-01,sz.002580,13.3500,13.3600,13.2200,13.2900,13.3400,9357320,124293659.4000
2025-08-04,sz.002580,13.2000,13.3900,13.1000,13.3900,13.2900,10807496,143340087.4500
2025-08-05,sz.002580,13.3900,13.5400,13.3700,13.4400,13.3900,11910091,160041979.4700
2025-08-06,sz.002580,13.4500,13.6900,13.3400,13.6400,13.4400,18518409,250972929.4200
2025-08-07,sz.002580,13.6400,14.1700,13.5200,13.9100,13.6400,39715568,553551730.8000
2025-08-08,sz.002580,13.9200,13.9500,13.6600,13.6900,13.9100,20014208,275187311.5600
2025-08-11,sz.002580,13.7800,14.1400,13.7400,14.0200,13.6900,29670977,414108205.5500
2025-08-12,sz.002580,14.0000,14.0000,13.8000,13.8800,14.0200,17831200,247110443.0400
2025-08-13,sz.002580,13.8800,13.9800,13.7700,13.9300,13.8800,22115320,307058053.2400
2025-08-14,sz.002580,13.9700,14.5000,13.9500,14.0900,13.9300,49700373,709081844.5900
2025-08-15,sz.002580,14.0600,14.4600,14.0100,14.3500,14.0900,36845765,526984640.0700
2025-08-18,sz.002580,14.6200,14.6600,14.4000,14.5800,14.3500,39831497,578858990.9200
2025-08-19,sz.002580,14.4700,14.9100,14.4200,14.7600,14.5800,43287535,635106865.2400
2025-08-20,sz.002580,14.6700,14.7500,14.4700,14.7200,14.7600,25145061,367887633.4500
2025-08-21,sz.002580,14.7500,14.7500,14.2100,14.3000,14.7200,29991700,431774698.9900
2025-08-22,sz.002580,14.2500,14.3700,14.1400,14.2500,14.3000,20019145,285025938.5300
2025-08-25,sz.002580,14.6700,15.3100,14.6200,14.7700,14.2500,54421173,809552311.0100
2025-08-26,sz.002580,14.7800,14.8000,14.4400,14.4700,14.7700,32578557,474565005.4100
2025-08-27,sz.002580,14.4800,14.6200,14.0000,14.0400,14.4700,31070718,446864526.9400
2025-08-28,sz.002580,14.1500,14.1600,13.4400,14.0000,14.0400,31701603,438875476.0500
2025-08-29,sz.002580,13.9600,15.1200,13.9000,14.5200,14.0000,65187212,952532006.7900
2025-09-01,sz.002580,14.6000,14.8300,14.4600,14.7100,14.5200,39664794,581701376.4000
2025-09-02,sz.002580,14.7000,14.9600,14.4200,14.5000,14.7100,40627926,594876646.4000
2025-09-03,sz.002580,14.5000,15.9500,14.4200,15.1100,14.5000,94126988,1427493235.9700
2025-09-04,sz.002580,15.2600,15.6000,14.6300,14.9900,15.1100,83406826,1266395955.3300
2025-09-05,sz.002580,14.8100,15.9200,14.8100,15.8900,14.9900,97693441,1522757223.0700
2025-09-08,sz.002580,15.9200,15.9600,15.3200,15.6800,15.8900,70124665,1091287554.6900
2025-09-09,sz.002580,15.5100,16.1000,15.4400,15.9400,15.6800,70898562,1124818334.5400
2025-09-10,sz.002580,15.7000,15.7000,15.0700,15.2500,15.9400,54207540,829227041.7600
2025-09-11,sz.002580,15.1100,15.2500,14.7100,15.2400,15.2500,37653570,564131503.9000
2025-09-12,sz.002580,15.1000,15.4500,14.7800,15.1700,15.2400,39606948,597763337.1600
2025-09-15,sz.002580,15.1800,15.6700,14.9600,14.9700,15.1700,43185906,662861025.4000
2025-09-16,sz.002580,14.8600,14.8700,14.4100,14.7400,14.9700,43233365,632612901.3200
2025-09-17,sz.002580,14.6200,14.8600,14.5300,14.7400,14.7400,26961468,396472680.2800
2025-09-18,sz.002580,14.6900,14.7700,14.1700,14.3900,14.7400,34124972,494664087.0100
2025-09-19,sz.002580,14.3000,14.5200,14.2300,14.3100,14.3900,19040241,273743427.1300
2025-09-22,sz.002580,14.3300,14.5800,14.2200,14.4400,14.3100,14130330,203235379.6700
2025-09-23,sz.002580,14.4000,14.6500,14.0000,14.2300,14.4400,24914075,356869533.0600
2025-09-24,sz.002580,14.1100,14.4800,13.9500,14.4300,14.2300,24945451,354553307.6800
2025-09-25,sz.002580,14.3500,14.4500,14.1600,14.1700,14.4300,18640289,266338215.3800
2025-09-26,sz.002580,14.0300,14.1500,13.8000,13.8000,14.1700,17845475,249826053.0400
2025-09-29,sz.002580,13.9600,14.2400,13.9600,14.1800,13.8000,18146889,256462344.8600
2025-09-30,sz.002580,14.1400,14.5500,14.1300,14.4200,14.1800,21629093,311627465.8500
2025-10-09,sz.002580,14.5900,14.6300,14.3900,14.4200,14.4200,21057097,304853722.6500
2025-10-10,sz.002580,14.3500,14.3700,13.9700,13.9700,14.4200,20110158,283054086.0100
2025-10-13,sz.002580,13.3500,13.7400,13.2500,13.6900,13.9700,16168691,218490372.1000
2025-10-14,sz.002580,13.6900,13.9400,13.4400,13.4700,13.6900,14098984,192377677.7500
2025-10-15,sz.002580,13.4800,13.6400,13.3400,13.6200,13.4700,10616667,143479211.6600
2025-10-16,sz.002580,13.6000,13.6500,13.3800,13.4100,13.6200,10506303,141661216.7700
2025-10-17,sz.002580,13.4000,13.5300,13.0500,13.0500,13.4100,13414540,177356411.5900
2025-10-20,sz.002580,13.1800,13.2800,13.0700,13.1900,13.0500,8111007,106835875.1400
2025-10-21,sz.002580,13.1900,13.3300,13.1300,13.3300,13.1900,8032679,106502815.2100
2025-10-22,sz.002580,13.2600,13.3700,13.2000,13.2200,13.3300,6259520,83088399.0000
2025-10-23,sz.002580,13.2300,13.3800,13.1000,13.3800,13.2200,9355763,124091713.5000
2025-10-24,sz.002580,13.4300,13.5400,13.3800,13.4800,13.3800,9035971,121544980.6400
2025-10-27,sz.002580,13.5500,13.6900,13.5200,13.6700,13.4800,11280261,153471185.6500
2025-10-28,sz.002580,13.6500,13.7000,13.5400,13.5700,13.6700,8953503,121900083.3500
2025-10-29,sz.002580,13.5800,13.6800,13.5000,13.6700,13.5700,9505653,129593790.4000
2025-10-30,sz.002580,13.7000,14.1000,13.6300,13.8500,13.6700,22441184,311929580.5100
2025-10-31,sz.002580,13.5000,13.8400,13.3900,13.6600,13.8500,20424882,279203944.9800
2025-11-03,sz.002580,13.6400,13.6400,13.2500,13.5100,13.6600,14499898,194167831.3200
2025-11-04,sz.002580,13.5200,13.8300,13.3100,13.3800,13.5100,9480270,127811101.6400
2025-11-05,sz.002580,13.3000,14.2400,13.2300,14.1400,13.3800,40556422,564363892.5400
2025-11-06,sz.002580,14.1800,14.4900,14.0000,14.2800,14.1400,35740638,509118678.9900
2025-11-07,sz.002580,14.2500,14.4800,14.1000,14.3400,14.2800,21811706,311756405.8400
2025-11-10,sz.002580,14.4000,14.4500,14.0800,14.1700,14.3400,17788420,253112830.0700
2025-11-11,sz.002580,14.1600,14.4700,14.1200,14.2300,14.1700,17086700,244187704.0000
2025-11-12,sz.002580,14.2300,14.2400,13.7500,13.9100,14.2300,18024063,251170922.7000
2025-11-13,sz.002580,13.8800,14.5300,13.8600,14.4500,13.9100,30945891,443586996.7600
2025-11-14,sz.002580,14.2900,14.4000,14.1200,14.1200,14.4500,16300060,232433621.5800
2025-11-17,sz.002580,14.1800,14.2000,13.8300,13.9400,14.1200,14914400,208065583.2700
2025-11-18,sz.002580,14.3500,14.8000,13.8500,13.9600,13.9400,35630441,506312480.3800
2025-11-19,sz.002580,13.8600,14.4800,13.5000,13.6300,13.9600,21545331,296559079.5200
2025-11-20,sz.002580,13.7100,13.9200,13.4500,13.4800,13.6300,14586770,198803406.8100
2025-11-21,sz.002580,13.3100,13.3500,12.4500,12.4500,13.4800,23569800,301562488.0000
2025-11-24,sz.002580,12.6500,12.6700,12.2400,12.5100,12.4500,10325216,128284582.4800
2025-11-25,sz.002580,12.5500,12.7600,12.5200,12.6800,12.5100,8670536,109808630.1200
2025-11-26,sz.002580,12.6800,12.7600,12.5100,12.5500,12.6800,7778460,98218096.2000
2025-11-27,sz.002580,12.6000,12.8800,12.5500,12.7300,12.5500,11003755,140546626.4200
2025-11-28,sz.002580,12.7300,12.8100,12.6300,12.7500,12.7300,7112887,90765114.2500
2025-12-01,sz.002580,12.8200,12.8800,12.7300,12.8200,12.7500,7175875,91838966.0000
2025-12-02,sz.002580,12.8200,12.8200,12.6100,12.6200,12.8200,6438185,81518400.2900
2025-12-03,sz.002580,12.6200,12.6800,12.4000,12.4300,12.6200,7600100,94938469.6500
2025-12-04,sz.002580,12.4300,12.4800,12.2600,12.3200,12.4300,6022207,74256453.0600
2025-12-05,sz.002580,12.3300,12.4800,12.1500,12.4800,12.3200,5643700,69715853.0000
2025-12-08,sz.002580,12.4800,12.6200,12.4400,12.5400,12.4800,7546399,94609380.4600
2025-12-09,sz.002580,12.5100,12.5900,12.3800,12.4000,12.5400,5949166,74134235.4000
2025-12-10,sz.002580,12.3800,12.4600,12.2300,12.4100,12.4000,5208847,64353418.2500
2025-12-11,sz.002580,12.4800,12.4900,12.1900,12.1900,12.4100,6664711,82191287.9700
2025-12-12,sz.002580,12.2200,12.4100,12.2100,12.3200,12.1900,5319907,65551752.6400
2025-12-15,sz.002580,12.2800,12.6700,12.2300,12.4600,12.3200,8169534,101809051.7200
2025-12-16,sz.002580,12.4200,12.4300,12.1500,12.2100,12.4600,6669380,81649927.6000
2025-12-17,sz.002580,12.1800,12.2800,11.9300,12.2400,12.2100,8189772,99277553.5200
2025-12-18,sz.002580,12.1300,12.3600,12.0900,12.1900,12.2400,5578493,68369474.6200
2025-12-19,sz.002580,12.2300,12.4000,12.2300,12.3800,12.1900,5070811,62605833.1100
2025-12-22,sz.002580,12.3900,12.5400,12.3500,12.5000,12.3800,5804247,72487263.1700
2025-12-23,sz.002580,12.4800,12.6500,12.4300,12.5500,12.5000,7108617,89182950.8000
2025-12-24,sz.002580,12.6100,12.7200,12.5300,12.6600,12.5500,6937390,87856432.9000
2025-12-25,sz.002580,12.6600,12.6600,12.5300,12.6200,12.6600,6304937,79440910.0600
2025-12-26,sz.002580,12.6200,12.7500,12.5600,12.6200,12.6200,7672203,97146117.6200
2025-12-29,sz.002580,12.6200,12.6900,12.4900,12.5200,12.6200,6115900,76773097.2000
2025-12-30,sz.002580,12.4800,12.6200,12.4000,12.5400,12.5200,6257294,78306536.5800
2025-12-31,sz.002580,12.5600,12.6400,12.4100,12.4400,12.5400,6676247,83168428.8100
