date,code,open,high,low,close,preclose,volume,amount
2019-01-02,sh.600720,6.4900,6.5100,6.3600,6.3900,6.4500,4116598,26500298.0000
2019-01-03,sh.600720,6.4100,6.4600,6.3200,6.3300,6.3900,6202275,39469377.0000
2019-01-04,sh.600720,6.3100,6.4800,6.2400,6.4600,6.3300,7871025,50181052.0000
2019-01-07,sh.600720,6.5000,6.5400,6.4600,6.5300,6.4600,9148684,59445724.0000
2019-01-08,sh.600720,6.5100,6.7900,6.4400,6.6400,6.5300,15910843,105620130.0000
2019-01-09,sh.600720,6.6000,6.7300,6.5600,6.6200,6.6400,9318430,62100238.0000
2019-01-10,sh.600720,6.6000,6.6500,6.5700,6.5800,6.6200,4683990,30934984.0000
2019-01-11,sh.600720,6.6000,6.6700,6.5300,6.6500,6.5800,7152221,47261369.0000
2019-01-14,sh.600720,6.6700,6.7300,6.6300,6.6500,6.6500,5883623,39289830.0000
2019-01-15,sh.600720,6.6500,6.7100,6.6200,6.6900,6.6500,6849241,45699513.0000
2019-01-16,sh.600720,6.6700,6.7200,6.6600,6.6800,6.6900,5862838,39195000.0000
2019-01-17,sh.600720,6.7000,6.7100,6.6300,6.6500,6.6800,5492734,36626741.0000
2019-01-18,sh.600720,6.6700,6.8400,6.6500,6.8100,6.6500,14399854,97337154.0000
2019-01-21,sh.600720,6.8900,6.8900,6.7500,6.8000,6.8100,8039541,54793153.0000
2019-01-22,sh.600720,6.8000,6.8100,6.6300,6.6500,6.8000,6779918,45449730.0000
2019-01-23,sh.600720,6.6400,6.7000,6.6100,6.6800,6.6500,3636629,24237132.0000
2019-01-24,sh.600720,6.7000,6.7100,6.6200,6.6800,6.6800,5094224,33940400.0000
2019-01-25,sh.600720,6.6600,6.7600,6.6600,6.6900,6.6800,6123776,41070148.0000
2019-01-28,sh.600720,6.7000,6.7800,6.6500,6.6500,6.6900,7816885,52497211.0000
2019-01-29,sh.600720,6.6700,6.7900,6.5600,6.7800,6.6500,11391763,76714845.0000
2019-01-30,sh.600720,6.7000,6.8000,6.6200,6.6700,6.7800,7149853,47885590.0000
2019-01-31,sh.600720,6.7000,6.8100,6.6700,6.7400,6.6700,8467565,57057942.0000
2019-02-01,sh.600720,6.7400,6.8800,6.7100,6.8800,6.7400,10223053,69634289.0000
2019-02-11,sh.600720,6.8900,7.0200,6.8900,7.0200,6.8800,11606551,80728062.0000
2019-02-12,sh.600720,7.0000,7.0500,6.9200,6.9900,7.0200,12648665,88290412.0000
2019-02-13,sh.600720,6.9900,7.0800,6.9400,7.0600,6.9900,17321840,121580971.0000
2019-02-14,sh.600720,7.0300,7.1200,7.0000,7.0400,7.0600,14013979,98785838.0000
2019-02-15,sh.600720,7.0200,7.0600,6.9200,6.9300,7.0400,10696610,74563244.0000
2019-02-18,sh.600720,6.9300,7.1400,6.9300,7.1200,6.9300,20140983,142228687.0000
2019-02-19,sh.600720,7.1500,7.3200,7.0800,7.3000,7.1200,25355594,181779176.0000
2019-02-20,sh.600720,7.3000,7.3000,7.1800,7.2200,7.3000,15158775,109489043.0000
2019-02-21,sh.600720,7.2200,7.3300,7.1600,7.1700,7.2200,15746694,113839345.0000
2019-02-22,sh.600720,7.1600,7.2400,7.1200,7.2100,7.1700,12477859,89475120.0000
2019-02-25,sh.600720,7.2500,7.5300,7.1700,7.5100,7.2100,26651951,196721138.0000
2019-02-26,sh.600720,7.4800,7.8300,7.4100,7.6200,7.5100,31274187,238175991.0000
2019-02-27,sh.600720,7.5800,7.6600,7.4700,7.5400,7.6200,18176924,137730878.0000
2019-02-28,sh.600720,7.5200,7.6900,7.5000,7.6100,7.5400,15668353,119049089.0000
2019-03-01,sh.600720,7.6200,8.3600,7.6200,8.1500,7.6100,49890989,402436387.0000
2019-03-04,sh.600720,8.2300,8.3700,8.0900,8.1800,8.1500,42955448,353588585.0000
2019-03-05,sh.600720,8.2000,8.2200,8.0500,8.2000,8.1800,22062953,179400121.0000
2019-03-06,sh.600720,8.2000,8.3100,8.0800,8.2400,8.2000,27512099,224949671.0000
2019-03-07,sh.600720,8.1700,8.2200,8.0500,8.1500,8.2400,31601458,256619382.0000
2019-03-08,sh.600720,8.0400,8.0400,7.5900,7.5900,8.1500,28894439,227156190.0000
2019-03-11,sh.600720,7.5500,7.8100,7.5500,7.7900,7.5900,24714389,189514247.0000
2019-03-12,sh.600720,7.8100,7.9300,7.6900,7.8400,7.7900,25042380,196248303.0000
2019-03-13,sh.600720,7.8300,7.8600,7.6600,7.7900,7.8400,21078824,163585914.0000
2019-03-14,sh.600720,7.8000,8.5700,7.8000,8.5700,7.7900,112091375,949861741.0000
2019-03-15,sh.600720,8.8600,8.8600,8.3700,8.4400,8.5700,98043665,839811237.0000
2019-03-18,sh.600720,8.3700,8.8800,8.3100,8.7400,8.4400,84407940,730055453.0000
2019-03-19,sh.600720,8.6600,9.1700,8.5100,9.0700,8.7400,74449987,655940679.0000
2019-03-20,sh.600720,8.9200,9.5300,8.7600,9.1600,9.0700,96533733,880651070.0000
2019-03-21,sh.600720,9.3000,9.4600,9.0200,9.0200,9.1600,67721605,620455810.0000
2019-03-22,sh.600720,8.9600,8.9800,8.6600,8.7800,9.0200,45100170,395190016.0000
2019-03-25,sh.600720,8.6300,8.8400,8.6000,8.6300,8.7800,34927160,304519918.0000
2019-03-26,sh.600720,8.6800,8.7500,8.4600,8.5000,8.6300,27691363,237674898.0000
2019-03-27,sh.600720,8.5600,8.8900,8.4100,8.8800,8.5000,37821539,327938987.0000
2019-03-28,sh.600720,8.7200,8.8700,8.4900,8.5200,8.8800,27481979,238961256.0000
2019-03-29,sh.600720,8.5400,8.7500,8.3600,8.7200,8.5200,29821160,256321326.0000
2019-04-01,sh.600720,8.7800,9.1000,8.7800,8.9800,8.7200,53885988,483178878.0000
2019-04-02,sh.600720,9.0000,9.1800,8.9200,9.0700,8.9800,47463310,430624240.0000
2019-04-03,sh.600720,9.0200,9.3000,8.9500,9.2500,9.0700,43256843,394321402.0000
2019-04-04,sh.600720,9.3000,9.5800,9.1000,9.1600,9.2500,60655738,565319831.0000
2019-04-08,sh.600720,9.2600,9.6700,9.1400,9.6700,9.1600,65532138,614771007.0000
2019-04-09,sh.600720,9.7000,9.7700,9.3300,9.4700,9.6700,53787848,512396058.0000
2019-04-10,sh.600720,9.5300,9.7000,9.2900,9.3100,9.4700,42832980,405627258.0000
2019-04-11,sh.600720,9.3100,9.3500,8.9900,9.0400,9.3100,30916162,281310357.0000
2019-04-12,sh.600720,9.0500,9.0800,8.8300,9.0500,9.0400,24407533,218935675.0000
2019-04-15,sh.600720,9.1500,9.3500,9.0000,9.0000,9.0500,25922577,237622205.0000
2019-04-16,sh.600720,8.8900,9.2200,8.8300,9.1900,9.0000,20496173,186097093.0000
2019-04-17,sh.600720,9.2000,9.2500,9.0800,9.1700,9.1900,20769323,190605168.0000
2019-04-18,sh.600720,9.2200,9.4400,9.1100,9.3200,9.1700,40034712,372489794.0000
2019-04-19,sh.600720,9.2900,9.3200,9.0200,9.2300,9.3200,25507104,233493608.0000
2019-04-22,sh.600720,9.0700,9.1800,8.8000,8.8300,9.2300,37369376,334056312.0000
2019-04-23,sh.600720,8.8200,8.8200,8.4600,8.5000,8.8300,24219316,208338998.0000
2019-04-24,sh.600720,8.5500,8.6000,8.4500,8.5700,8.5000,14243182,121247607.0000
2019-04-25,sh.600720,8.5200,8.5600,8.1000,8.1300,8.5700,23911922,198669484.0000
2019-04-26,sh.600720,8.1200,8.1600,7.9900,7.9900,8.1300,14146151,114018049.0000
2019-04-29,sh.600720,7.9900,8.0600,7.7600,7.8400,7.9900,15839157,124978606.0000
2019-04-30,sh.600720,7.8400,7.9700,7.8000,7.8800,7.8400,10716180,84477687.0000
2019-05-06,sh.600720,7.6800,7.7000,7.1600,7.2800,7.8800,21541332,161121295.0000
2019-05-07,sh.600720,7.3300,7.5100,7.3200,7.4700,7.2800,15674651,116238478.0000
2019-05-08,sh.600720,7.3000,7.6200,7.2600,7.4900,7.4700,12483767,93467260.0000
2019-05-09,sh.600720,7.4200,7.7900,7.4100,7.6800,7.4900,17106602,131628159.0000
2019-05-10,sh.600720,7.7200,7.9700,7.6800,7.9500,7.6800,15242067,119305793.0000
2019-05-13,sh.600720,7.8900,8.0900,7.8400,7.9800,7.9500,10857382,86808350.0000
2019-05-14,sh.600720,7.8700,8.0000,7.8100,7.8700,7.9800,7082446,56101110.0000
2019-05-15,sh.600720,8.0000,8.0700,7.9200,8.0200,7.8700,7939120,63526031.0000
2019-05-16,sh.600720,8.1000,8.4400,8.0600,8.2800,8.0200,19408293,160724009.0000
2019-05-17,sh.600720,8.2400,8.3400,8.1100,8.1200,8.2800,14427541,118718570.0000
2019-05-20,sh.600720,8.2200,8.2600,8.0300,8.2300,8.1200,9025460,73713033.0000
2019-05-21,sh.600720,8.2200,8.6800,8.1700,8.5700,8.2300,19656832,167357462.0000
2019-05-22,sh.600720,8.5500,8.6000,8.4300,8.5400,8.5700,8192023,69665213.0000
2019-05-23,sh.600720,8.5100,8.5800,8.4000,8.4100,8.5400,7439456,63075971.0000
2019-05-24,sh.600720,8.4000,8.5100,8.2700,8.3500,8.4100,8286732,69681223.0000
2019-05-27,sh.600720,8.4600,8.5800,8.3700,8.5700,8.3500,11007937,93694271.0000
2019-05-28,sh.600720,8.6700,8.6700,8.4400,8.4600,8.5700,9702081,83140226.0000
2019-05-29,sh.600720,8.4300,8.7400,8.4000,8.6500,8.4600,10581894,91543677.0000
2019-05-30,sh.600720,8.6500,8.6500,8.4400,8.5000,8.6500,9053678,77151892.0000
2019-05-31,sh.600720,8.1500,8.3000,7.9600,8.0800,8.2000,11744781,95131805.0000
2019-06-03,sh.600720,8.0100,8.2500,8.0100,8.1500,8.0800,9236625,75425016.0000
2019-06-04,sh.600720,8.1600,8.1900,7.9200,7.9300,8.1500,7630960,61150064.0000
2019-06-05,sh.600720,8.0000,8.1800,8.0000,8.0900,7.9300,7189310,58303553.0000
2019-06-06,sh.600720,8.1500,8.1500,7.8300,7.8900,8.0900,8025000,63907408.0000
2019-06-10,sh.600720,7.9000,8.1000,7.8600,8.0300,7.8900,5732445,45970850.0000
2019-06-11,sh.600720,8.2900,8.8300,8.2900,8.8300,8.0300,29317853,255988246.0000
2019-06-12,sh.600720,9.1600,9.1700,8.8200,8.9000,8.8300,64203457,578859198.0000
2019-06-13,sh.600720,8.7800,8.8800,8.5600,8.7000,8.9000,35564701,308668318.0000
2019-06-14,sh.600720,8.6900,8.8800,8.5000,8.5000,8.7000,27449531,238113783.0000
2019-06-17,sh.600720,8.5400,8.6800,8.4700,8.6300,8.5000,13685336,117463646.0000
2019-06-18,sh.600720,8.7000,8.7200,8.4100,8.4800,8.6300,15269789,130178884.0000
2019-06-19,sh.600720,8.6500,8.7000,8.5300,8.5700,8.4800,13945970,120027511.0000
2019-06-20,sh.600720,8.5800,8.7800,8.5200,8.7700,8.5700,20934282,182342074.0000
2019-06-21,sh.600720,8.7200,8.8000,8.6000,8.7200,8.7700,19156960,166567237.0000
2019-06-24,sh.600720,8.6100,8.6900,8.5500,8.5900,8.7200,11001858,94731328.0000
2019-06-25,sh.600720,8.6000,8.6200,8.4200,8.5000,8.5900,9784250,83187929.0000
2019-06-26,sh.600720,8.4800,8.6000,8.4500,8.5000,8.5000,6877463,58742687.0000
2019-06-27,sh.600720,8.4900,8.6200,8.4600,8.6200,8.5000,7982241,68412846.0000
2019-06-28,sh.600720,8.6500,8.9300,8.5500,8.7900,8.6200,26359241,231451571.0000
2019-07-01,sh.600720,8.9300,8.9700,8.7000,8.8600,8.7900,21556788,191109087.0000
2019-07-02,sh.600720,8.8100,9.0300,8.8000,8.9100,8.8600,15005103,133941222.0000
2019-07-03,sh.600720,8.8600,8.9300,8.6200,8.7000,8.9100,14222400,124498422.0000
2019-07-04,sh.600720,8.7000,9.1400,8.7000,8.9300,8.7000,28414277,255473131.0000
2019-07-05,sh.600720,8.9400,9.0500,8.8900,9.0000,8.9300,15046264,135379304.0000
2019-07-08,sh.600720,9.1300,9.1400,8.6900,8.8300,9.0000,16671509,148243288.0000
2019-07-09,sh.600720,8.7800,8.9700,8.7400,8.9000,8.8300,10125168,89579147.0000
2019-07-10,sh.600720,9.1800,9.2000,8.5800,8.6700,8.9000,33989390,301810020.0000
2019-07-11,sh.600720,8.6200,9.0700,8.6200,8.8900,8.6700,35813605,319648692.0000
2019-07-12,sh.600720,9.0500,9.0500,8.8700,8.9000,8.8900,17375699,155237747.0000
2019-07-15,sh.600720,8.9700,9.3000,8.8800,9.2800,8.9000,34645794,316719492.0000
2019-07-16,sh.600720,9.2400,9.4300,9.1600,9.2800,9.2800,26140183,242871702.0000
2019-07-17,sh.600720,9.3100,9.3600,9.2000,9.2900,9.2800,18232761,169066277.0000
2019-07-18,sh.600720,9.2300,9.2600,9.0600,9.0900,9.2900,17639510,161222087.0000
2019-07-19,sh.600720,9.1200,9.2100,8.9700,9.0100,9.0900,17316888,157419302.0000
2019-07-22,sh.600720,9.0500,9.0600,8.7700,8.8000,9.0100,16128985,143662790.0000
2019-07-23,sh.600720,8.8600,8.8900,8.7200,8.8400,8.8000,10259114,90357017.0000
2019-07-24,sh.600720,8.8600,8.9200,8.7300,8.7800,8.8400,18928624,167004025.0000
2019-07-25,sh.600720,8.7700,8.8000,8.6300,8.7400,8.7800,15812677,137324679.0000
2019-07-26,sh.600720,8.7200,8.8600,8.6400,8.8500,8.7400,15741606,138211326.0000
2019-07-29,sh.600720,8.8400,8.8600,8.7800,8.8300,8.8500,10216969,90017616.0000
2019-07-30,sh.600720,8.8300,8.8800,8.7500,8.8000,8.8300,11359040,100145358.0000
2019-07-31,sh.600720,8.7200,8.7500,8.4700,8.5300,8.8000,18323539,156775394.0000
2019-08-01,sh.600720,8.5000,8.5000,8.3600,8.4500,8.5300,11917463,100450427.0000
2019-08-02,sh.600720,8.2300,8.3400,8.1800,8.2300,8.4500,14070085,115982122.0000
2019-08-05,sh.600720,8.2600,8.3900,8.2000,8.2200,8.2300,9688733,80509167.0000
2019-08-06,sh.600720,8.0500,8.2900,8.0200,8.2500,8.2200,13202668,107638250.0000
2019-08-07,sh.600720,8.2600,8.3600,8.1200,8.2100,8.2500,8728079,71921551.0000
2019-08-08,sh.600720,8.2400,8.3200,8.1500,8.1800,8.2100,8799390,72274588.0000
2019-08-09,sh.600720,8.2300,8.3200,8.0200,8.0600,8.1800,10327673,84085203.0000
2019-08-12,sh.600720,8.1000,8.1900,8.0200,8.1900,8.0600,6195686,50217184.0000
2019-08-13,sh.600720,8.1300,8.3500,8.1100,8.3400,8.1900,10635603,87753793.0000
2019-08-14,sh.600720,8.4200,8.4300,8.2500,8.3700,8.3400,13912130,116089625.0000
2019-08-15,sh.600720,8.1900,8.4800,8.1000,8.4400,8.3700,19242795,160890032.0000
2019-08-16,sh.600720,8.5200,8.7600,8.4600,8.7000,8.4400,25576285,220847346.0000
2019-08-19,sh.600720,8.7500,8.9400,8.6500,8.8600,8.7000,24272973,213892686.0000
2019-08-20,sh.600720,8.9000,9.1000,8.8800,9.0300,8.8600,23497768,211490481.0000
2019-08-21,sh.600720,9.1000,9.3500,8.9800,9.0700,9.0300,31593322,288882847.0000
2019-08-22,sh.600720,9.0900,9.1700,9.0100,9.0300,9.0700,20389204,184883439.0000
2019-08-23,sh.600720,9.1000,9.1900,9.0300,9.0700,9.0300,14601443,132925304.0000
2019-08-26,sh.600720,8.8700,9.1200,8.8600,9.0600,9.0700,16008465,144185981.0000
2019-08-27,sh.600720,9.0700,9.1900,9.0400,9.1000,9.0600,15744523,143311603.0000
2019-08-28,sh.600720,9.0700,9.1100,8.9800,9.0300,9.1000,13258079,119895782.0000
2019-08-29,sh.600720,9.0400,9.1000,8.9700,8.9700,9.0300,9926582,89603598.0000
2019-08-30,sh.600720,9.0400,9.0700,8.7600,8.7900,8.9700,11451358,101738747.0000
2019-09-02,sh.600720,8.7800,9.1900,8.7700,9.1600,8.7900,22928750,208405686.0000
2019-09-03,sh.600720,9.1900,9.4700,9.1000,9.3200,9.1600,24988469,232847226.0000
2019-09-04,sh.600720,9.5000,9.6500,9.3800,9.6300,9.3200,37796163,360650397.0000
2019-09-05,sh.600720,9.9200,9.9800,9.4200,9.4300,9.6300,44090841,426220947.0000
2019-09-06,sh.600720,9.4500,9.5300,9.2600,9.3900,9.4300,18151220,170378981.0000
2019-09-09,sh.600720,9.4800,9.5100,9.3400,9.4000,9.3900,22511159,211592146.0000
2019-09-10,sh.600720,9.3900,9.4800,9.2900,9.4200,9.4000,18559472,174628892.0000
2019-09-11,sh.600720,9.4800,9.4800,9.2900,9.3700,9.4200,14222257,133150469.0000
2019-09-12,sh.600720,9.3900,9.5700,9.3600,9.5000,9.3700,17624675,166949802.0000
2019-09-16,sh.600720,9.5000,9.5300,9.3300,9.4200,9.5000,14644276,137758727.0000
2019-09-17,sh.600720,9.3700,9.3900,9.1800,9.2400,9.4200,13931351,129007618.0000
2019-09-18,sh.600720,9.2800,9.3200,9.2100,9.3000,9.2400,9087113,84099387.0000
2019-09-19,sh.600720,9.3200,9.3700,9.2500,9.3600,9.3000,10652348,99205191.0000
2019-09-20,sh.600720,9.4100,9.6200,9.3800,9.4800,9.3600,19161317,182014731.0000
2019-09-23,sh.600720,9.3900,9.4000,9.1000,9.2000,9.4800,16896515,155685859.0000
2019-09-24,sh.600720,9.1700,9.4200,9.1400,9.2700,9.2000,12342774,114504879.0000
2019-09-25,sh.600720,9.2600,9.3600,9.2000,9.2600,9.2700,9839693,91340352.0000
2019-09-26,sh.600720,9.2700,9.3500,9.1800,9.2000,9.2600,11681030,108346386.0000
2019-09-27,sh.600720,9.1900,9.3000,9.1100,9.3000,9.2000,8394625,77303427.0000
2019-09-30,sh.600720,9.2900,9.5700,9.2700,9.4600,9.3000,18338197,173362821.0000
2019-10-08,sh.600720,9.4300,9.9400,9.4100,9.8500,9.4600,34695751,338472234.0000
2019-10-09,sh.600720,9.7000,9.8800,9.6400,9.8800,9.8500,19685831,191685851.0000
2019-10-10,sh.600720,9.8600,9.8800,9.6300,9.8100,9.8800,26162717,254354117.0000
2019-10-11,sh.600720,9.9100,10.3200,9.9000,10.1300,9.8100,52587690,532534484.0000
2019-10-14,sh.600720,10.2300,10.4700,10.1400,10.3600,10.1300,42037171,433703071.0000
2019-10-15,sh.600720,10.2700,10.3800,10.1500,10.2000,10.3600,27979014,287013190.0000
2019-10-16,sh.600720,10.3000,10.4600,10.2500,10.3400,10.2000,21285551,220137114.0000
2019-10-17,sh.600720,10.2700,10.3300,10.0700,10.1900,10.3400,21875600,223627193.0000
2019-10-18,sh.600720,10.3500,10.4100,10.0600,10.1800,10.1900,21684135,222115442.0000
2019-10-21,sh.600720,10.1700,10.2400,9.9300,10.2200,10.1800,21204642,214511546.0000
2019-10-22,sh.600720,10.3600,10.3900,10.0000,10.1500,10.2200,24528645,248295483.0000
2019-10-23,sh.600720,10.1300,10.7500,10.0900,10.6300,10.1500,45076554,474426731.0000
2019-10-24,sh.600720,10.5400,10.5800,10.3600,10.4300,10.6300,25036916,261971388.0000
2019-10-25,sh.600720,10.4200,10.6400,10.2700,10.5200,10.4300,21793462,228511444.0000
2019-10-28,sh.600720,10.4500,10.4600,10.1000,10.3400,10.5200,22186502,227682460.0000
2019-10-29,sh.600720,10.2500,10.4100,10.2100,10.2100,10.3400,15725312,161657571.0000
2019-10-30,sh.600720,10.2300,10.4900,10.0600,10.4800,10.2100,24559920,252074802.0000
2019-10-31,sh.600720,10.3800,10.4500,10.0000,10.0200,10.4800,18803598,191965622.0000
2019-11-01,sh.600720,10.0300,10.2600,10.0200,10.1900,10.0200,16614847,168766003.0000
2019-11-04,sh.600720,10.2000,10.9300,10.2000,10.8100,10.1900,42637128,454896738.0000
2019-11-05,sh.600720,10.8400,11.0800,10.7100,11.0100,10.8100,32011691,350524461.0000
2019-11-06,sh.600720,11.1500,11.1600,10.7500,10.8100,11.0100,21086753,228993838.0000
2019-11-07,sh.600720,10.8400,11.0800,10.7600,10.8300,10.8100,18558137,201719894.0000
2019-11-08,sh.600720,10.9300,10.9400,10.6300,10.6600,10.8300,16458633,176826220.0000
2019-11-11,sh.600720,10.6000,10.7700,10.5200,10.6100,10.6600,17340408,184578992.0000
2019-11-12,sh.600720,10.5500,10.6700,10.3100,10.5300,10.6100,17280818,180910431.0000
2019-11-13,sh.600720,10.5500,10.5800,10.3500,10.4500,10.5300,11414212,119078228.0000
2019-11-14,sh.600720,10.5200,11.0400,10.5100,10.8600,10.4500,25933353,281496343.0000
2019-11-15,sh.600720,10.8300,10.8300,10.3700,10.3900,10.8600,25329477,266573736.0000
2019-11-18,sh.600720,10.4500,10.4800,10.2100,10.4000,10.3900,14270352,147796988.0000
2019-11-19,sh.600720,10.3900,10.9700,10.3900,10.8000,10.4000,34511164,370452587.0000
2019-11-20,sh.600720,10.8800,10.8800,10.5600,10.5900,10.8000,19596531,209303500.0000
2019-11-21,sh.600720,10.5000,10.6200,10.4200,10.4900,10.5900,16848709,176775670.0000
2019-11-22,sh.600720,10.5400,10.7500,10.3600,10.4400,10.4900,19747190,208232430.0000
2019-11-25,sh.600720,10.5400,11.0700,10.5200,11.0500,10.4400,44997654,490546494.0000
2019-11-26,sh.600720,11.0700,11.0700,10.6400,10.8200,11.0500,33926501,365513659.0000
2019-11-27,sh.600720,10.8200,11.0100,10.7200,10.9000,10.8200,19692414,214301740.0000
2019-11-28,sh.600720,10.9000,11.0400,10.7000,10.8000,10.9000,15731152,170619079.0000
2019-11-29,sh.600720,10.7400,10.8200,10.6200,10.7000,10.8000,12718905,136111134.0000
2019-12-02,sh.600720,10.8300,11.0500,10.7000,10.7400,10.7000,15845305,171542034.0000
2019-12-03,sh.600720,10.6500,10.7300,10.5700,10.7200,10.7400,10763158,114856904.0000
2019-12-04,sh.600720,10.6600,10.6700,10.3700,10.4100,10.7200,19457117,203457514.0000
2019-12-05,sh.600720,10.4600,10.5500,10.4000,10.5000,10.4100,13340271,139902849.0000
2019-12-06,sh.600720,10.5200,10.5700,10.3900,10.4400,10.5000,10776059,112567743.0000
2019-12-09,sh.600720,10.4900,10.7800,10.4800,10.7200,10.4400,18387611,196211544.0000
2019-12-10,sh.600720,10.6800,10.7100,10.6000,10.7000,10.7200,11041970,117735148.0000
2019-12-11,sh.600720,10.6700,10.9000,10.6500,10.7600,10.7000,14079937,151938847.0000
2019-12-12,sh.600720,10.8000,10.8200,10.6200,10.6500,10.7600,10043905,107204389.0000
2019-12-13,sh.600720,10.7600,10.9300,10.7100,10.8900,10.6500,19153061,207788310.0000
2019-12-16,sh.600720,10.9800,11.0600,10.8600,11.0500,10.8900,18971405,208648362.0000
2019-12-17,sh.600720,11.0600,11.2400,10.9400,11.1500,11.0500,18990588,210485416.0000
2019-12-18,sh.600720,11.0800,11.3400,11.0700,11.2200,11.1500,13856627,155558677.0000
2019-12-19,sh.600720,11.2200,11.5300,11.2000,11.3800,11.2200,16673939,190179407.0000
2019-12-20,sh.600720,11.3700,11.6200,11.3100,11.5000,11.3800,17379202,199753277.0000
2019-12-23,sh.600720,11.5100,11.9000,11.5100,11.5300,11.5000,24246039,283582591.0000
2019-12-24,sh.600720,11.5000,11.6600,11.2800,11.6200,11.5300,17628447,202186017.0000
2019-12-25,sh.600720,11.6300,11.6900,11.4200,11.5900,11.6200,12749505,147061498.0000
2019-12-26,sh.600720,11.5900,11.7900,11.5700,11.7300,11.5900,13594164,158932592.0000
2019-12-27,sh.600720,11.7300,11.8200,11.5400,11.5400,11.7300,15394175,179349826.0000
2019-12-30,sh.600720,11.7100,12.4700,11.7100,12.2700,11.5400,34545570,419570419.0000
2019-12-31,sh.600720,12.3500,12.7300,11.9700,12.5500,12.2700,32922671,409409006.0000
2020-01-02,sh.600720,12.8000,13.1000,12.5900,12.7600,12.5500,34553617,442050106.0000
2020-01-03,sh.600720,12.6300,12.8400,12.5300,12.6400,12.7600,19614283,247766312.0000
2020-01-06,sh.600720,12.5400,12.7500,12.4400,12.5900,12.6400,17279244,217520255.0000
2020-01-07,sh.600720,12.5300,12.9200,12.5300,12.7400,12.5900,17109781,217349010.0000
2020-01-08,sh.600720,12.6400,12.6400,12.2000,12.2800,12.7400,26367575,326001065.0000
2020-01-09,sh.600720,12.4900,12.5300,12.3600,12.4300,12.2800,12819794,159457956.0000
2020-01-10,sh.600720,12.4900,12.7500,12.4200,12.6800,12.4300,19467923,245417418.0000
2020-01-13,sh.600720,12.6400,12.6500,12.2600,12.5900,12.6800,17634483,218729586.0000
2020-01-14,sh.600720,12.5500,12.7800,12.4200,12.4700,12.5900,14890927,187027093.0000
2020-01-15,sh.600720,12.4500,12.5500,12.3100,12.4100,12.4700,11993230,148557639.0000
2020-01-16,sh.600720,12.4900,12.5200,12.2200,12.4100,12.4100,11041373,136981925.0000
2020-01-17,sh.600720,12.4500,12.5200,12.3500,12.4000,12.4100,9240871,114888724.0000
2020-01-20,sh.600720,12.4000,12.7400,12.4000,12.7000,12.4000,13988560,176979071.0000
2020-01-21,sh.600720,12.6800,12.7100,11.9600,12.0000,12.7000,26573987,324118247.0000
2020-01-22,sh.600720,11.9300,12.1900,11.8000,12.1400,12.0000,12424564,149899383.0000
2020-01-23,sh.600720,12.0700,12.1000,11.4200,11.5400,12.1400,17899532,210227716.0000
2020-02-03,sh.600720,10.3900,10.3900,10.3900,10.3900,11.5400,6290800,65361412.0000
2020-02-04,sh.600720,9.8500,11.2600,9.8500,10.9600,10.3900,31890964,344308401.0000
2020-02-05,sh.600720,10.9700,11.1600,10.8500,10.9300,10.9600,19578928,215234039.0000
2020-02-06,sh.600720,10.9600,11.0900,10.7200,11.0200,10.9300,16584891,181057340.0000
2020-02-07,sh.600720,10.9300,10.9500,10.7500,10.9000,11.0200,13443451,145956181.0000
2020-02-10,sh.600720,10.8000,11.9900,10.7700,11.9600,10.9000,35003899,404770990.0000
2020-02-11,sh.600720,11.9500,11.9500,11.6500,11.8100,11.9600,25759920,304011470.0000
2020-02-12,sh.600720,11.7700,11.9000,11.6800,11.8400,11.8100,18195376,214689363.0000
2020-02-13,sh.600720,11.8900,12.2500,11.7700,11.8300,11.8400,24205479,290139425.0000
2020-02-14,sh.600720,11.7300,12.1700,11.7100,12.0600,11.8300,23679576,283396146.0000
2020-02-17,sh.600720,12.0700,12.2600,11.9700,12.2600,12.0600,25033558,304168049.0000
2020-02-18,sh.600720,12.3400,12.3900,11.9600,12.1600,12.2600,23853552,289088135.0000
2020-02-19,sh.600720,12.0700,12.7200,12.0000,12.3800,12.1600,33454894,416369215.0000
2020-02-20,sh.600720,12.3300,12.4500,12.0800,12.4200,12.3800,22714608,278681106.0000
2020-02-21,sh.600720,12.3100,12.5300,12.2500,12.4100,12.4200,22003046,272218770.0000
2020-02-24,sh.600720,12.3900,12.8200,12.3400,12.5800,12.4100,28347365,355912587.0000
2020-02-25,sh.600720,12.3000,12.3500,11.9000,12.2300,12.5800,26178612,319192427.0000
2020-02-26,sh.600720,12.0200,12.8500,11.9800,12.4800,12.2300,45418932,571491035.0000
2020-02-27,sh.600720,12.6900,13.4000,12.5400,12.8700,12.4800,43997872,570623324.0000
2020-02-28,sh.600720,12.4700,13.1100,12.3600,12.3900,12.8700,36194586,459796612.0000
2020-03-02,sh.600720,12.4400,13.6300,12.4400,13.6300,12.3900,65856654,884217028.0000
2020-03-03,sh.600720,14.1000,14.2700,13.2600,13.8800,13.6300,74388234,1024477449.0000
2020-03-04,sh.600720,13.5900,14.4100,13.5500,14.1500,13.8800,55355305,774838489.0000
2020-03-05,sh.600720,14.0000,14.3700,13.8500,13.9600,14.1500,44219611,620534880.0000
2020-03-06,sh.600720,13.7500,13.9500,13.4600,13.5200,13.9600,31870577,434306344.0000
2020-03-09,sh.600720,13.2900,13.4500,12.7400,12.8500,13.5200,30218418,394410839.0000
2020-03-10,sh.600720,12.5600,13.3500,12.5600,13.2100,12.8500,28297274,368511138.0000
2020-03-11,sh.600720,13.1700,13.1900,12.8100,12.8400,13.2100,20503429,266262200.0000
2020-03-12,sh.600720,12.6200,12.8000,12.3500,12.4700,12.8400,19621356,245796919.0000
2020-03-13,sh.600720,11.7000,12.3500,11.6600,12.1100,12.4700,22704364,272201058.0000
2020-03-16,sh.600720,12.2100,12.4500,11.6100,11.6700,12.1100,28656321,345258441.0000
2020-03-17,sh.600720,11.8700,12.0600,11.2400,11.9400,11.6700,23426911,274908370.0000
2020-03-18,sh.600720,11.9700,12.5300,11.9700,12.0100,11.9400,28921582,354723667.0000
2020-03-19,sh.600720,12.0000,12.3100,11.6900,12.3000,12.0100,25223765,303079825.0000
2020-03-20,sh.600720,12.4700,12.6200,12.1400,12.5900,12.3000,36637727,454008064.0000
2020-03-23,sh.600720,12.2300,13.1600,12.1800,12.8900,12.5900,44739461,574237047.0000
2020-03-24,sh.600720,13.1200,13.4100,12.7500,13.2200,12.8900,37751068,495031700.0000
2020-03-25,sh.600720,13.5000,13.5900,12.9600,13.2200,13.2200,35377368,466517545.0000
2020-03-26,sh.600720,13.0100,13.2400,12.8100,12.9000,13.2200,23649681,307184307.0000
2020-03-27,sh.600720,13.0200,13.4000,12.8200,13.1700,12.9000,29883056,394108436.0000
2020-03-30,sh.600720,12.9100,13.4600,12.8200,13.3200,13.1700,33418376,443470935.0000
2020-03-31,sh.600720,13.4000,13.4500,13.0000,13.0400,13.3200,21069035,276826503.0000
2020-04-01,sh.600720,13.1000,13.6800,13.0300,13.4000,13.0400,39868185,532954504.0000
2020-04-02,sh.600720,13.2500,13.4200,13.1300,13.3700,13.4000,28224129,374479907.0000
2020-04-03,sh.600720,13.2800,13.5300,13.0000,13.0600,13.3700,26800667,353815290.0000
2020-04-07,sh.600720,13.3100,13.8600,13.2000,13.7000,13.0600,53970061,731207455.0000
2020-04-08,sh.600720,13.5800,13.6000,13.3500,13.4900,13.7000,31480839,423173990.0000
2020-04-09,sh.600720,13.5500,13.6300,13.2600,13.4300,13.4900,22748633,305578988.0000
2020-04-10,sh.600720,13.4700,13.5300,12.9100,12.9900,13.4300,25751982,339257082.0000
2020-04-13,sh.600720,12.9100,13.4700,12.8800,13.3000,12.9900,28326673,377083812.0000
2020-04-14,sh.600720,13.3900,14.0000,13.3000,13.9900,13.3000,48410429,664963179.0000
2020-04-15,sh.600720,13.9000,14.3600,13.8700,14.0000,13.9900,37274536,524950084.0000
2020-04-16,sh.600720,13.8200,13.9600,13.5400,13.8300,14.0000,25337535,348271684.0000
2020-04-17,sh.600720,13.8400,15.2100,13.8100,14.8300,13.8300,56774053,827636111.0000
2020-04-20,sh.600720,15.2700,15.4500,14.9000,14.9600,14.8300,69153933,1047527442.0000
2020-04-21,sh.600720,15.0000,15.9400,14.9600,15.6200,14.9600,68349833,1068718218.0000
2020-04-22,sh.600720,15.5800,15.9500,15.4100,15.6300,15.6200,36007553,564514674.0000
2020-04-23,sh.600720,15.6000,15.8000,15.2200,15.2800,15.6300,24625607,379596035.0000
2020-04-24,sh.600720,15.5000,15.5400,14.9600,15.2400,15.2800,30079101,459671322.0000
2020-04-27,sh.600720,15.4600,15.9600,15.2200,15.5000,15.2400,33609819,525026158.0000
2020-04-28,sh.600720,15.6300,15.8200,15.2300,15.5800,15.5000,22098683,344419105.0000
2020-04-29,sh.600720,15.8000,17.1400,15.6500,17.1400,15.5800,39406904,659018161.0000
2020-04-30,sh.600720,17.1300,17.1400,16.3000,16.5100,17.1400,40079210,664410104.0000
2020-05-06,sh.600720,16.2100,16.7600,15.7500,16.2100,16.5100,52313102,842350003.0000
2020-05-07,sh.600720,16.2600,17.1200,16.2600,16.9000,16.2100,44116958,739176831.0000
2020-05-08,sh.600720,16.7000,17.4500,16.7000,17.0000,16.9000,25477009,434290025.0000
2020-05-11,sh.600720,17.3400,18.1000,17.1100,17.5900,17.0000,40160987,709128415.0000
2020-05-12,sh.600720,17.5900,18.0300,17.3800,17.7300,17.5900,25474147,450193250.0000
2020-05-13,sh.600720,17.7500,17.7800,17.2900,17.5500,17.7300,19998626,349492032.0000
2020-05-14,sh.600720,17.6300,17.8800,17.1600,17.1800,17.5500,24311263,422869139.0000
2020-05-15,sh.600720,17.2800,17.4100,16.5400,16.8400,17.1800,43414009,734407917.0000
2020-05-18,sh.600720,17.6600,17.9500,16.5600,16.7000,16.8400,44603125,765190681.0000
2020-05-19,sh.600720,16.8300,17.0600,16.6000,17.0100,16.7000,25827818,435601490.0000
2020-05-20,sh.600720,16.9200,16.9600,16.5000,16.6700,17.0100,25120680,419188008.0000
2020-05-21,sh.600720,16.7000,17.1900,16.5200,16.7500,16.6700,24224460,407265647.0000
2020-05-22,sh.600720,16.7000,16.8900,15.8700,16.1800,16.7500,29729642,485173880.0000
2020-05-25,sh.600720,16.3400,16.5100,15.9500,16.4200,16.1800,20277712,331181145.0000
2020-05-26,sh.600720,16.6500,16.6600,16.1900,16.5000,16.4200,22254864,365130061.0000
2020-05-27,sh.600720,16.4500,16.6900,16.3000,16.4100,16.5000,19883290,327638719.0000
2020-05-28,sh.600720,16.2900,17.4400,16.1800,17.0000,16.4100,36254892,615766833.0000
2020-05-29,sh.600720,16.3100,16.3500,15.6500,15.9800,16.4200,28948762,460622333.0000
2020-06-01,sh.600720,16.0700,17.1600,16.0700,17.0400,15.9800,40009217,673334605.0000
2020-06-02,sh.600720,17.1800,17.3700,16.7500,17.2600,17.0400,22385642,382796066.0000
2020-06-03,sh.600720,17.2500,17.2500,16.3900,16.4500,17.2600,32303843,538261716.0000
2020-06-04,sh.600720,16.4500,16.5300,16.0000,16.3500,16.4500,20821054,336764522.0000
2020-06-05,sh.600720,16.2900,16.4800,16.2000,16.3700,16.3500,12100554,197577415.0000
2020-06-08,sh.600720,16.3000,16.4800,15.7100,16.0900,16.3700,24419540,392738576.0000
2020-06-09,sh.600720,16.1000,16.3400,15.8700,16.3000,16.0900,16465318,266084153.0000
2020-06-10,sh.600720,16.1800,17.5800,16.1800,17.3000,16.3000,41958839,716938897.0000
2020-06-11,sh.600720,17.3900,17.5300,16.8000,17.0000,17.3000,26587841,456274996.0000
2020-06-12,sh.600720,16.5700,17.0100,16.5500,16.8500,17.0000,14455555,243112894.0000
2020-06-15,sh.600720,16.7000,17.1200,16.3800,16.6500,16.8500,17582739,293439679.0000
2020-06-16,sh.600720,16.7000,17.7000,16.4100,17.6700,16.6500,41466239,713806274.0000
2020-06-17,sh.600720,17.5400,17.9100,16.7500,17.4800,17.6700,43588350,756343343.0000
2020-06-18,sh.600720,17.2600,17.3300,16.9100,17.0900,17.4800,21676111,371151138.0000
2020-06-19,sh.600720,17.2800,17.4400,16.8000,17.0200,17.0900,22647971,384017984.0000
2020-06-22,sh.600720,16.9300,16.9500,16.2300,16.3500,17.0200,36643868,601398107.0000
2020-06-23,sh.600720,16.2600,16.2600,15.8700,16.0900,16.3500,28776122,460371034.0000
2020-06-24,sh.600720,16.0900,16.2600,16.0000,16.0400,16.0900,15981462,257760599.0000
2020-06-29,sh.600720,16.0000,16.0000,15.5000,15.7300,16.0400,24253473,379895272.0000
2020-06-30,sh.600720,15.9100,16.4800,15.9100,16.2500,15.7300,25828656,417777989.0000
2020-07-01,sh.600720,16.3800,17.1400,16.1500,17.0900,16.2500,41221197,693554831.0000
2020-07-02,sh.600720,17.2300,17.8800,17.2300,17.6000,17.0900,52677141,928234872.0000
2020-07-03,sh.600720,17.6500,18.4900,17.4700,17.8700,17.6000,37602298,676628200.0000
2020-07-06,sh.600720,18.0000,18.5200,17.8400,18.3200,17.8700,38893150,708838387.0000
2020-07-07,sh.600720,18.2600,18.5000,17.7100,17.8900,18.3200,37691570,677877338.0000
2020-07-08,sh.600720,17.8500,18.2600,17.6400,18.1000,17.8900,27978362,503275082.0000
2020-07-09,sh.600720,18.2100,18.5800,17.8100,18.3900,18.1000,38178353,692403696.0000
2020-07-10,sh.600720,18.3700,18.9800,17.8600,18.0200,18.3900,36779098,677161595.0000
2020-07-13,sh.600720,17.9700,19.7800,17.9700,19.6400,18.0200,44351193,851967164.0000
2020-07-14,sh.600720,20.0000,20.2500,19.4000,20.0500,19.6400,36843525,733283468.0000
2020-07-15,sh.600720,20.2000,20.3900,19.7500,19.7700,20.0500,28147970,563459665.0000
2020-07-16,sh.600720,19.8200,20.5600,18.5700,18.8000,19.7700,40765290,799295092.0000
2020-07-17,sh.600720,19.0600,20.5000,19.0600,19.8400,18.8000,40653030,807446887.0000
2020-07-20,sh.600720,20.4900,21.6000,19.9000,21.5700,19.8400,63023627,1321507469.0000
2020-07-21,sh.600720,21.4600,22.2600,20.8000,22.0400,21.5700,43205823,935529735.7800
2020-07-22,sh.600720,21.7400,22.2900,21.5800,21.6800,22.0400,26534880,579424753.6900
2020-07-23,sh.600720,21.4600,21.9700,21.0900,21.8100,21.6800,20660571,445782838.9000
2020-07-24,sh.600720,21.7900,21.9700,20.4800,20.5000,21.8100,24915418,524731950.1200
2020-07-27,sh.600720,21.3500,22.1000,20.0100,20.7500,20.5000,33356882,706274279.3100
2020-07-28,sh.600720,20.6700,20.9200,19.8800,20.2200,20.7500,25860362,525286116.5300
2020-07-29,sh.600720,20.2200,20.8500,20.0000,20.7300,20.2200,23070914,474728214.3800
2020-07-30,sh.600720,20.6000,21.9300,20.5700,21.2500,20.7300,28794220,614381365.3100
2020-07-31,sh.600720,21.2600,21.7000,21.0000,21.3400,21.2500,22394547,477420557.8300
2020-08-03,sh.600720,21.5000,21.9900,21.0000,21.1500,21.3400,30616934,650695830.9600
2020-08-04,sh.600720,21.0100,21.1000,20.0500,20.4500,21.1500,40772793,834719352.0100
2020-08-05,sh.600720,20.3500,20.8300,19.8500,20.7800,20.4500,28522443,583906097.0200
2020-08-06,sh.600720,20.6100,20.9300,20.3500,20.7900,20.7800,17737786,366392668.7400
2020-08-07,sh.600720,20.8000,21.5600,20.6000,21.5200,20.7900,37200386,786890787.1900
2020-08-10,sh.600720,22.2900,22.4600,20.0000,20.0300,21.5200,54141768,1120112910.7800
2020-08-11,sh.600720,20.0000,20.0200,18.8700,19.2800,20.0300,42945883,828880330.2000
2020-08-12,sh.600720,19.2500,19.8300,18.8400,19.6700,19.2800,26778715,516034354.5700
2020-08-13,sh.600720,19.6800,20.1000,19.4900,19.6700,19.6700,18186376,359788197.6000
2020-08-14,sh.600720,19.6100,19.9900,19.5800,19.9100,19.6700,12855610,254690779.6300
2020-08-17,sh.600720,19.9100,20.5600,19.8100,20.4000,19.9100,18792796,380933738.3500
2020-08-18,sh.600720,20.5000,20.5100,20.1000,20.2500,20.4000,11324078,229381196.1800
2020-08-19,sh.600720,20.2500,20.7600,20.2000,20.5400,20.2500,17127663,351401066.7500
2020-08-20,sh.600720,20.6900,20.7000,19.6800,19.7000,20.5400,23918511,481542275.7600
2020-08-21,sh.600720,20.0400,20.6500,19.4900,19.7200,19.7000,26528997,532362573.7000
2020-08-24,sh.600720,19.8400,20.2500,19.6000,19.9900,19.7200,18647198,373012249.8500
2020-08-25,sh.600720,20.0300,20.3900,19.7300,19.8500,19.9900,16072177,322139297.4300
2020-08-26,sh.600720,19.8700,20.0100,19.3500,19.5700,19.8500,13775631,270323758.0100
2020-08-27,sh.600720,19.6500,19.7000,19.1000,19.3400,19.5700,11678908,225749074.4100
2020-08-28,sh.600720,19.4100,20.3000,19.1200,20.2000,19.3400,32046338,640307983.9100
2020-08-31,sh.600720,20.8000,20.9800,20.2400,20.2900,20.2000,23388609,483184045.1800
2020-09-01,sh.600720,20.3000,20.4900,19.7200,19.9700,20.2900,14962356,297893500.0500
2020-09-02,sh.600720,19.9700,20.1000,19.5800,19.7600,19.9700,11939378,235647127.7700
2020-09-03,sh.600720,19.8400,20.0300,19.3400,19.5100,19.7600,16062080,315080995.7700
2020-09-04,sh.600720,19.2100,19.3500,19.0700,19.2000,19.5100,10833678,207980184.3900
2020-09-07,sh.600720,19.0800,19.3200,17.2800,17.2800,19.2000,53663511,962309226.5600
2020-09-08,sh.600720,17.2800,17.5100,16.6500,17.2600,17.2800,29214333,498540855.0600
2020-09-09,sh.600720,16.8900,17.1200,16.2500,16.4700,17.2600,27702349,457879817.5700
2020-09-10,sh.600720,16.6100,16.8700,16.2700,16.3600,16.4700,23373437,387436887.0400
2020-09-11,sh.600720,16.3600,16.7300,16.2600,16.7000,16.3600,12893648,213025495.7300
2020-09-14,sh.600720,16.7900,16.9300,16.2400,16.4400,16.7000,22441251,370408863.4100
2020-09-15,sh.600720,16.4500,16.6200,16.0000,16.6000,16.4400,24590243,401260577.0000
2020-09-16,sh.600720,16.6400,16.6400,16.2600,16.3900,16.6000,14173888,232746145.1900
2020-09-17,sh.600720,16.2700,16.3400,16.0700,16.1500,16.3900,17538517,283790285.6100
2020-09-18,sh.600720,16.2400,16.7500,16.1100,16.6700,16.1500,22485834,370611569.1000
2020-09-21,sh.600720,16.7000,16.7100,16.3400,16.4500,16.6700,17163787,282391426.8600
2020-09-22,sh.600720,16.2500,16.3700,16.0500,16.1500,16.4500,13319841,215878561.9800
2020-09-23,sh.600720,16.1700,16.2200,15.9400,16.0500,16.1500,12516033,200844611.9300
2020-09-24,sh.600720,15.9200,15.9200,15.3800,15.4500,16.0500,20454082,319241697.0200
2020-09-25,sh.600720,15.5600,15.6100,15.2900,15.5600,15.4500,14261059,220406550.8100
2020-09-28,sh.600720,15.6400,15.7800,15.4200,15.4900,15.5600,12688189,197362097.5200
2020-09-29,sh.600720,15.5000,15.6500,15.1800,15.2000,15.4900,22994649,352433997.3700
2020-09-30,sh.600720,15.1900,15.7700,15.1200,15.1600,15.2000,26965270,415429463.3500
2020-10-09,sh.600720,15.2700,15.6300,15.2400,15.5000,15.1600,20793303,322022282.4800
2020-10-12,sh.600720,15.6100,16.1900,15.5400,16.1300,15.5000,23608254,376787600.8700
2020-10-13,sh.600720,16.4900,16.5300,16.0900,16.1700,16.1300,28826125,468129890.7700
2020-10-14,sh.600720,16.1500,16.1500,15.6600,15.7000,16.1700,22305284,352272030.2100
2020-10-15,sh.600720,15.7300,15.9300,15.6800,15.7900,15.7000,16297842,257657680.6500
2020-10-16,sh.600720,15.7800,15.8000,15.4800,15.5300,15.7900,15438656,240404516.7100
2020-10-19,sh.600720,15.5600,15.9600,15.5600,15.6500,15.5300,22549193,355179946.7100
2020-10-20,sh.600720,15.6500,15.6500,15.1600,15.4100,15.6500,22402790,343671945.2800
2020-10-21,sh.600720,15.4400,15.5000,14.6800,14.8000,15.4100,30461063,456379440.5700
2020-10-22,sh.600720,14.7200,15.0400,14.4400,14.9000,14.8000,22134227,327352057.6400
2020-10-23,sh.600720,14.9000,15.0500,14.5300,14.6500,14.9000,15383077,226421199.3300
2020-10-26,sh.600720,14.6300,14.7200,14.4200,14.5700,14.6500,16683245,242700112.2200
2020-10-27,sh.600720,14.5700,14.9000,14.4700,14.8200,14.5700,17829612,263129371.1600
2020-10-28,sh.600720,14.7500,15.0600,14.6600,14.9500,14.8200,16133633,239819741.1700
2020-10-29,sh.600720,14.7500,15.2900,14.6600,15.1500,14.9500,24737933,373577129.3100
2020-10-30,sh.600720,15.1500,15.1900,14.4200,14.4600,15.1500,26155546,385032051.5600
2020-11-02,sh.600720,14.5000,14.6200,13.9600,14.0100,14.4600,28973340,412646358.5900
2020-11-03,sh.600720,14.1000,15.3100,14.0500,15.1200,14.0100,48326536,717465991.3300
2020-11-04,sh.600720,15.1400,15.6100,14.9600,15.5100,15.1200,42349413,650513648.4600
2020-11-05,sh.600720,15.8000,15.9000,15.4700,15.5800,15.5100,35377250,552445700.6900
2020-11-06,sh.600720,15.6500,15.9400,15.3300,15.8100,15.5800,34732266,543631069.0600
2020-11-09,sh.600720,16.0000,16.0600,15.7000,15.9600,15.8100,42431916,673812275.5500
2020-11-10,sh.600720,15.9800,16.3300,15.8400,15.8800,15.9600,32274047,517675919.2200
2020-11-11,sh.600720,15.8200,16.9500,15.7600,16.5500,15.8800,60799883,1000780772.1400
2020-11-12,sh.600720,16.4800,16.7500,16.2200,16.6400,16.5500,36307762,597647712.0500
2020-11-13,sh.600720,16.5000,16.5000,15.9100,16.1100,16.6400,30099934,486474728.1400
2020-11-16,sh.600720,16.1600,16.8500,16.1300,16.7300,16.1100,38254853,633937093.5500
2020-11-17,sh.600720,16.7400,17.1800,16.5600,16.6500,16.7300,47174654,797713536.2800
2020-11-18,sh.600720,16.5400,16.8700,16.4000,16.5800,16.6500,31453302,521482423.2600
2020-11-19,sh.600720,16.5000,16.5900,16.0800,16.3200,16.5800,27069502,439978749.3200
2020-11-20,sh.600720,16.2500,16.2600,15.9300,16.1600,16.3200,23256872,374070012.9900
2020-11-23,sh.600720,16.1800,16.8500,16.1300,16.6500,16.1600,41594351,688890143.1600
2020-11-24,sh.600720,16.5200,16.5200,16.0600,16.1100,16.6500,35566237,576840395.0800
2020-11-25,sh.600720,16.1500,16.2300,15.7500,15.7600,16.1100,24666661,393822817.8700
2020-11-26,sh.600720,15.6800,15.7500,15.2500,15.4200,15.7600,23204507,358155899.1600
2020-11-27,sh.600720,15.4200,15.5900,15.0400,15.4000,15.4200,20030462,307166842.2100
2020-11-30,sh.600720,15.3900,15.6500,15.2100,15.2300,15.4000,23075496,356577808.3600
2020-12-01,sh.600720,15.1400,15.4400,15.0700,15.4000,15.2300,18639295,285018908.0700
2020-12-02,sh.600720,15.4000,15.7000,15.2500,15.5200,15.4000,20444185,316157972.3700
2020-12-03,sh.600720,15.5900,15.6000,15.2100,15.3000,15.5200,18041530,276364900.6000
2020-12-04,sh.600720,15.2600,15.3000,15.0700,15.2500,15.3000,15925521,241891852.7900
2020-12-07,sh.600720,15.2200,15.2200,14.8900,14.9400,15.2500,19962540,299719611.8300
2020-12-08,sh.600720,14.8700,15.0700,14.8400,14.9500,14.9400,11304737,168621434.3400
2020-12-09,sh.600720,14.9600,15.0200,14.6500,14.6900,14.9500,12132253,179494906.3900
2020-12-10,sh.600720,14.7900,14.7900,14.5000,14.5900,14.6900,13708388,200624323.1100
2020-12-11,sh.600720,14.5800,14.7200,14.1500,14.2300,14.5900,21666291,311196224.0700
2020-12-14,sh.600720,14.2300,14.2600,14.0600,14.2000,14.2300,14338065,202668420.4000
2020-12-15,sh.600720,14.1900,14.7000,14.0200,14.6000,14.2000,23015665,333040927.4300
2020-12-16,sh.600720,14.5800,14.5800,14.2200,14.2600,14.6000,12022094,172515261.9300
2020-12-17,sh.600720,14.3000,14.4900,14.0600,14.4500,14.2600,15508829,222121232.7900
2020-12-18,sh.600720,14.4600,14.7000,14.3800,14.4400,14.4500,12952491,187974731.7000
2020-12-21,sh.600720,14.3300,14.4000,14.1200,14.2900,14.4400,14831180,211591675.2000
2020-12-22,sh.600720,14.2000,14.2700,13.9100,13.9400,14.2900,18504737,260498137.9800
2020-12-23,sh.600720,13.9500,13.9500,13.4500,13.6000,13.9400,27901211,380056819.0300
2020-12-24,sh.600720,13.6000,13.7600,13.4300,13.5000,13.6000,13053008,177135797.1000
2020-12-25,sh.600720,13.4600,13.6100,13.3100,13.5200,13.5000,10898022,147204676.4000
2020-12-28,sh.600720,13.5300,13.5600,13.0500,13.0800,13.5200,20618579,271597457.1500
2020-12-29,sh.600720,13.1300,13.7000,12.9900,13.5300,13.0800,26266933,351444156.1200
2020-12-30,sh.600720,13.4600,13.4700,13.1800,13.3900,13.5300,14972253,199345299.0000
2020-12-31,sh.600720,13.3300,13.7500,13.3300,13.5800,13.3900,15024237,203835031.8200
2021-01-04,sh.600720,13.5200,13.8600,13.3800,13.8600,13.5800,22873836,311878739.8800
2021-01-05,sh.600720,13.8600,13.8900,13.6600,13.8100,13.8600,18496872,254500345.2000
2021-01-06,sh.600720,13.7900,14.8600,13.7600,14.7600,13.8100,54464079,789680356.5000
2021-01-07,sh.600720,14.5000,14.5100,14.0800,14.2600,14.7600,34489439,491885142.5900
2021-01-08,sh.600720,14.1800,14.5000,14.1000,14.3400,14.2600,22868623,327767597.0600
2021-01-11,sh.600720,14.4600,14.5200,14.0200,14.1500,14.3400,20291742,289242464.0600
2021-01-12,sh.600720,14.1500,14.2700,13.9000,14.0600,14.1500,21764159,305555133.4400
2021-01-13,sh.600720,14.0000,14.3600,13.7500,14.1600,14.0600,22483827,317552842.3200
2021-01-14,sh.600720,14.0600,14.5000,13.8600,14.4200,14.1600,25767534,368245506.6100
2021-01-15,sh.600720,14.3000,14.4100,14.1100,14.2200,14.4200,15709579,223690192.8200
2021-01-18,sh.600720,14.1000,14.1500,13.9600,14.0700,14.2200,19329291,271312293.3500
2021-01-19,sh.600720,14.0800,14.1500,13.8800,14.0500,14.0700,16938478,237134057.9700
2021-01-20,sh.600720,14.0200,14.0600,13.6000,13.6300,14.0500,25399185,349387647.7800
2021-01-21,sh.600720,13.5500,13.7800,13.4600,13.6800,13.6300,21285436,289942839.9100
2021-01-22,sh.600720,13.6300,13.6600,13.1500,13.1700,13.6800,28378295,376688035.2400
2021-01-25,sh.600720,13.0500,13.0900,12.6300,12.7900,13.1700,34327441,439436720.9700
2021-01-26,sh.600720,12.6500,12.8700,12.5100,12.5600,12.7900,22795456,287803055.9400
2021-01-27,sh.600720,12.5100,12.6900,12.5000,12.6100,12.5600,17857920,224702808.8300
2021-01-28,sh.600720,12.5000,12.5600,12.3300,12.3600,12.6100,13993878,173933386.7800
2021-01-29,sh.600720,12.4400,12.7100,12.3600,12.5400,12.3600,19666474,246435406.0200
2021-02-01,sh.600720,12.5900,12.6600,12.2000,12.6100,12.5400,13928447,173877734.8400
2021-02-02,sh.600720,12.5800,12.9400,12.5800,12.7900,12.6100,19097313,244502600.1600
2021-02-03,sh.600720,12.8000,12.8800,12.6000,12.6200,12.7900,11225106,142431259.3700
2021-02-04,sh.600720,12.5600,12.5600,12.1400,12.2200,12.6200,16001033,196610272.7000
2021-02-05,sh.600720,12.2400,12.5300,12.2400,12.3600,12.2200,15039937,186349430.0700
2021-02-08,sh.600720,12.4000,13.1600,12.2800,12.9600,12.3600,25436256,328093370.2200
2021-02-09,sh.600720,12.9400,13.2100,12.8500,13.1900,12.9600,21159453,275739884.2700
2021-02-10,sh.600720,13.2500,13.6700,13.1100,13.6400,13.1900,26046776,352508714.6300
2021-02-18,sh.600720,13.8800,14.1200,13.6100,13.8700,13.6400,30875458,428496034.0900
2021-02-19,sh.600720,13.9100,14.8500,13.8800,14.7200,13.8700,49829787,719326305.6200
2021-02-22,sh.600720,14.9300,15.4300,14.8000,14.8000,14.7200,61642230,930762676.3900
2021-02-23,sh.600720,14.7900,15.1400,14.6200,14.7300,14.8000,38259727,567060378.4000
2021-02-24,sh.600720,14.8600,15.2700,14.7100,14.9200,14.7300,36846955,553601382.5400
2021-02-25,sh.600720,15.0700,15.2400,14.7000,15.0000,14.9200,38452623,577829582.8400
2021-02-26,sh.600720,14.6700,14.9300,14.4300,14.6600,15.0000,27863836,409589552.7700
2021-03-01,sh.600720,14.7300,14.8900,14.5900,14.8100,14.6600,23098904,340492476.4100
2021-03-02,sh.600720,14.8100,15.1800,14.7100,15.0700,14.8100,31608129,473845503.8200
2021-03-03,sh.600720,15.2500,15.3500,15.0100,15.2100,15.0700,34031263,516091929.7100
2021-03-04,sh.600720,15.0200,15.3500,14.9100,15.0700,15.2100,26795231,404451155.1000
2021-03-05,sh.600720,14.9000,14.9000,14.0600,14.2900,15.0700,37584307,541003769.7100
2021-03-08,sh.600720,14.4000,14.8300,14.2400,14.3400,14.2900,28457880,414808058.6800
2021-03-09,sh.600720,14.2900,14.4500,13.6400,13.9100,14.3400,25476098,357853360.0100
2021-03-10,sh.600720,14.0400,14.0900,13.6800,13.7400,13.9100,15385644,212525020.9900
2021-03-11,sh.600720,13.8600,14.8800,13.8600,14.8600,13.7400,48350780,704451335.2500
2021-03-12,sh.600720,14.9900,15.4800,14.8600,15.2800,14.8600,57423052,872443500.2500
2021-03-15,sh.600720,15.1500,15.9800,15.1000,15.6100,15.2800,50980697,794908118.6200
2021-03-16,sh.600720,15.6900,15.7000,15.1600,15.5500,15.6100,35642697,550920093.4900
2021-03-17,sh.600720,15.4400,15.4900,15.0300,15.2400,15.5500,26682668,405791111.5400
2021-03-18,sh.600720,15.2300,15.3400,15.1400,15.2100,15.2400,21564386,328229622.0500
2021-03-19,sh.600720,15.0300,15.2000,14.9100,15.0800,15.2100,21200554,318242590.4200
2021-03-22,sh.600720,14.1200,14.5500,14.0300,14.4300,15.0800,49867462,714480077.3100
2021-03-23,sh.600720,14.5500,15.0700,14.4500,14.5500,14.4300,38808167,570306059.8800
2021-03-24,sh.600720,14.3600,14.4100,14.0400,14.0400,14.5500,27813297,393409070.4900
2021-03-25,sh.600720,14.0400,14.0800,13.7600,13.8500,14.0400,18396375,255425443.1000
2021-03-26,sh.600720,13.9300,14.2500,13.8600,14.1700,13.8500,22468382,315610077.8100
2021-03-29,sh.600720,14.4300,14.7700,14.3000,14.4900,14.1700,36249934,527139122.4800
2021-03-30,sh.600720,14.4000,14.6700,14.3400,14.5500,14.4900,20364012,295244558.2800
2021-03-31,sh.600720,14.5600,14.7500,14.4100,14.7200,14.5500,21934874,320878690.6200
2021-04-01,sh.600720,14.7100,14.8500,14.6100,14.7900,14.7200,20911785,307772071.1700
2021-04-02,sh.600720,14.7500,14.8000,14.5600,14.6200,14.7900,16213553,237487604.7900
2021-04-06,sh.600720,14.6300,14.6700,14.5100,14.6100,14.6200,10643511,155404905.0400
2021-04-07,sh.600720,14.5900,14.7600,14.4700,14.7600,14.6100,14330952,209733049.8700
2021-04-08,sh.600720,14.8500,14.9700,14.6000,14.6400,14.7600,22282782,328825782.7900
2021-04-09,sh.600720,14.5400,14.7200,14.5100,14.6500,14.6400,14007308,204327018.4800
2021-04-12,sh.600720,14.5900,14.7000,14.1200,14.1200,14.6500,17238558,246849100.1900
2021-04-13,sh.600720,14.1400,14.7800,14.1300,14.2900,14.1200,21211375,306620568.5900
2021-04-14,sh.600720,14.3100,14.4900,14.2000,14.4000,14.2900,11879445,170076958.3500
2021-04-15,sh.600720,14.4000,14.5000,14.2200,14.3900,14.4000,11540891,165838230.5600
2021-04-16,sh.600720,14.4500,14.6000,14.3900,14.5600,14.3900,12942192,187663325.0400
2021-04-19,sh.600720,14.5200,14.6200,14.4300,14.5600,14.5600,19561106,284311406.8500
2021-04-20,sh.600720,14.5100,14.5800,14.1800,14.3000,14.5600,24424661,349384371.7000
2021-04-21,sh.600720,14.2100,14.3000,14.1000,14.1900,14.3000,9658681,137063174.7200
2021-04-22,sh.600720,14.1900,14.2700,14.1500,14.1700,14.1900,7605269,107901361.4600
2021-04-23,sh.600720,14.1900,14.1900,13.9000,13.9600,14.1700,14532011,203546400.2900
2021-04-26,sh.600720,13.9700,14.0200,13.6000,13.6000,13.9600,13280032,183857769.2700
2021-04-27,sh.600720,13.6600,13.6800,13.1000,13.3000,13.6000,17145443,227725375.7300
2021-04-28,sh.600720,13.2700,13.4800,13.2300,13.3200,13.3000,7825386,104379292.8000
2021-04-29,sh.600720,13.3000,13.3500,13.1500,13.2700,13.3200,7271513,96282918.6800
2021-04-30,sh.600720,13.2700,13.3400,13.0300,13.1400,13.2700,9757320,128265417.1800
2021-05-06,sh.600720,13.1700,13.3900,13.1300,13.2800,13.1400,8277189,109779017.2200
2021-05-07,sh.600720,13.3200,13.7700,13.3000,13.6700,13.2800,15803320,214553461.4700
2021-05-10,sh.600720,13.7000,13.8500,13.5400,13.7300,13.6700,11902007,162450963.2000
2021-05-11,sh.600720,13.6000,13.6000,13.2600,13.4800,13.7300,10368718,139373931.8200
2021-05-12,sh.600720,13.4400,13.6400,13.4100,13.5500,13.4800,7489024,101169298.7400
2021-05-13,sh.600720,13.4400,13.5200,13.3700,13.4500,13.5500,8244136,110805475.1100
2021-05-14,sh.600720,13.4700,13.5900,13.4100,13.5800,13.4500,7912533,106905666.4200
2021-05-17,sh.600720,13.6300,13.7600,13.5200,13.5400,13.5800,10361217,141392499.8500
2021-05-18,sh.600720,13.5900,13.5900,13.3100,13.4100,13.5400,7687339,102804720.6900
2021-05-19,sh.600720,13.5200,13.7400,13.4200,13.6100,13.4100,12041489,163565406.7700
2021-05-20,sh.600720,13.5600,13.6700,13.4100,13.6200,13.6100,8281735,112369026.0500
2021-05-21,sh.600720,13.6100,13.7400,13.5600,13.6800,13.6200,7566078,103489667.9300
2021-05-24,sh.600720,13.7900,13.7900,13.6400,13.7000,13.6800,9230539,126442767.7200
2021-05-25,sh.600720,13.6900,13.8000,13.5800,13.8000,13.7000,14455406,198288235.6300
2021-05-26,sh.600720,13.7900,13.7900,13.6400,13.6900,13.8000,12903507,176979012.1100
2021-05-27,sh.600720,12.9800,12.9800,12.7300,12.8400,13.0100,15405576,197881119.6100
2021-05-28,sh.600720,12.8500,12.8800,12.6000,12.6300,12.8400,16169754,205008115.7000
2021-05-31,sh.600720,12.5600,12.6000,12.4100,12.4400,12.6300,12643814,157711748.5800
2021-06-01,sh.600720,12.4200,12.5500,12.3600,12.4700,12.4400,10645929,132238330.8900
2021-06-02,sh.600720,12.4500,12.4500,12.2000,12.2200,12.4700,12393175,152603547.7300
2021-06-03,sh.600720,12.2700,12.3000,12.1600,12.1700,12.2200,9064729,110862308.0000
2021-06-04,sh.600720,12.1500,12.1500,11.8500,11.8700,12.1700,28332618,338855131.5500
2021-06-07,sh.600720,11.8700,12.0900,11.7000,12.0900,11.8700,26106584,310824858.0500
2021-06-08,sh.600720,12.0100,12.1900,11.9700,12.1100,12.0900,13836756,167379023.1200
2021-06-09,sh.600720,12.1500,12.2200,11.9700,11.9900,12.1100,10441634,126164753.7800
2021-06-10,sh.600720,11.9900,12.0200,11.8600,11.8900,11.9900,9297704,110921547.4500
2021-06-11,sh.600720,11.8900,11.9600,11.7300,11.7300,11.8900,11067016,130990831.2800
2021-06-15,sh.600720,11.7200,11.7300,11.3700,11.4500,11.7300,13641625,156911176.0500
2021-06-16,sh.600720,11.4300,11.6600,11.4000,11.4700,11.4500,7657892,88229172.5300
2021-06-17,sh.600720,11.4500,11.4500,10.9700,11.1000,11.4700,18557638,207847167.7400
2021-06-18,sh.600720,11.0900,11.2500,10.8800,11.1700,11.1000,16481872,181539005.8100
2021-06-21,sh.600720,11.1100,11.1100,10.8700,10.8900,11.1700,12591401,137553371.2500
2021-06-22,sh.600720,10.8900,11.0200,10.8600,10.9300,10.8900,9668208,105716526.0700
2021-06-23,sh.600720,10.9200,10.9500,10.8100,10.8300,10.9300,9988024,108345348.2400
2021-06-24,sh.600720,10.8300,10.8800,10.6500,10.8700,10.8300,11034042,119159970.9800
2021-06-25,sh.600720,10.8300,11.0300,10.8000,11.0200,10.8700,12991993,142417910.0800
2021-06-28,sh.600720,11.0700,11.0700,10.8800,10.8900,11.0200,9635922,105495640.6800
2021-06-29,sh.600720,10.8900,10.9100,10.6700,10.6800,10.8900,9228673,99043613.8600
2021-06-30,sh.600720,10.6800,10.7700,10.0000,10.5400,10.6800,9938843,104650694.5800
2021-07-01,sh.600720,10.5000,11.0400,10.4000,10.8500,10.5400,18821397,203233129.2200
2021-07-02,sh.600720,10.7800,10.7800,10.5200,10.5300,10.8500,10906750,115740444.2000
2021-07-05,sh.600720,10.5300,10.7500,10.4400,10.5700,10.5300,7859352,83253019.3700
2021-07-06,sh.600720,10.5500,10.8100,10.5200,10.7700,10.5700,10432215,112003305.7500
2021-07-07,sh.600720,10.7100,10.8400,10.6600,10.7800,10.7700,6653595,71547147.7400
2021-07-08,sh.600720,10.7800,10.7900,10.5500,10.5600,10.7800,8912300,94748477.5200
2021-07-09,sh.600720,10.5600,10.6400,10.4800,10.5800,10.5600,5902090,62198659.4500
2021-07-12,sh.600720,10.6200,10.7500,10.6200,10.6700,10.5800,8165502,87307095.2100
2021-07-13,sh.600720,10.6900,10.6900,10.5800,10.6600,10.6700,7497434,79705111.0000
2021-07-14,sh.600720,10.6700,10.7500,10.5200,10.5300,10.6600,7242483,76873170.4000
2021-07-15,sh.600720,10.5000,10.6600,10.4600,10.6400,10.5300,7979374,84297982.9500
2021-07-16,sh.600720,10.6000,10.6500,10.5400,10.5600,10.6400,6630860,70166042.0000
2021-07-19,sh.600720,10.5500,10.5500,10.3800,10.3800,10.5600,8084043,84394172.9400
2021-07-20,sh.600720,10.3400,10.4100,10.1500,10.3700,10.3800,8822084,90407608.2100
2021-07-21,sh.600720,10.3700,10.6700,10.3700,10.4600,10.3700,8468744,89338945.1500
2021-07-22,sh.600720,10.4100,10.8300,10.3000,10.7500,10.4600,19289598,205890454.2400
2021-07-23,sh.600720,10.7300,10.7800,10.6000,10.6600,10.7500,12266327,130941029.9400
2021-07-26,sh.600720,10.6800,10.6900,10.3000,10.4200,10.6600,11399256,119406839.6300
2021-07-27,sh.600720,10.4300,10.5200,10.0500,10.0500,10.4200,11015563,112368822.4500
2021-07-28,sh.600720,9.9800,10.0600,9.7000,9.7000,10.0500,9921619,97383849.5700
2021-07-29,sh.600720,9.7600,9.8600,9.6200,9.7300,9.7000,7234818,70268952.1700
2021-07-30,sh.600720,9.7100,9.7400,9.5100,9.6300,9.7300,7062429,67832122.3500
2021-08-02,sh.600720,9.5800,10.4800,9.4100,10.3400,9.6300,21979798,220608282.4500
2021-08-03,sh.600720,10.2800,10.5400,10.2100,10.3700,10.3400,14163843,147248186.3400
2021-08-04,sh.600720,10.3600,10.4300,10.2800,10.3100,10.3700,7713423,79737733.9500
2021-08-05,sh.600720,10.3200,10.6700,10.2900,10.3900,10.3100,12153735,127464743.8700
2021-08-06,sh.600720,10.3100,10.3200,10.1200,10.2700,10.3900,10763889,109825408.5200
2021-08-09,sh.600720,10.2100,10.7400,10.1700,10.6000,10.2700,18938549,200843202.1300
2021-08-10,sh.600720,10.5500,10.8500,10.4900,10.8200,10.6000,18400131,196857015.4000
2021-08-11,sh.600720,10.8100,11.0200,10.7200,10.7900,10.8200,15522234,168238478.4700
2021-08-12,sh.600720,10.8000,10.9300,10.7500,10.8700,10.7900,12369725,134107113.2800
2021-08-13,sh.600720,10.8700,10.9500,10.7500,10.9200,10.8700,9771376,106176405.8700
2021-08-16,sh.600720,10.9900,11.2900,10.9900,11.1000,10.9200,14364812,160100965.9300
2021-08-17,sh.600720,11.0600,11.2800,10.8700,10.9000,11.1000,19533295,216721620.1700
2021-08-18,sh.600720,10.9000,11.3000,10.8300,11.3000,10.9000,23472573,262121818.5600
2021-08-19,sh.600720,11.3700,11.4300,11.0800,11.1000,11.3000,16215047,181447109.2100
2021-08-20,sh.600720,10.7800,11.4400,10.5900,11.3000,11.1000,32358090,356946959.1200
2021-08-23,sh.600720,11.2900,11.2900,11.0100,11.0700,11.3000,23453944,259994837.4400
2021-08-24,sh.600720,11.0000,11.0000,10.7200,10.8000,11.0700,19062400,206265308.2300
2021-08-25,sh.600720,10.7600,10.8500,10.7200,10.8200,10.8000,8790868,94826406.7000
2021-08-26,sh.600720,10.8200,10.8200,10.6700,10.6800,10.8200,9963540,106869753.5900
2021-08-27,sh.600720,10.6500,10.8200,10.6300,10.7200,10.6800,6621732,70850344.0700
2021-08-30,sh.600720,10.7000,10.7000,10.0700,10.1000,10.7200,21328085,219259403.0000
2021-08-31,sh.600720,10.1000,10.5600,10.0800,10.4100,10.1000,15304557,158661058.4300
2021-09-01,sh.600720,10.4500,11.2400,10.4200,11.2400,10.4100,49204813,541001870.8200
2021-09-02,sh.600720,11.3000,11.4600,11.0100,11.4300,11.2400,46855254,529800914.9000
2021-09-03,sh.600720,11.3700,11.4500,11.2200,11.2900,11.4300,25891476,292815971.0800
2021-09-06,sh.600720,11.2900,11.7500,11.2900,11.7100,11.2900,42373156,492025276.5100
2021-09-07,sh.600720,11.7100,11.9000,11.5700,11.7800,11.7100,28263132,331935181.3400
2021-09-08,sh.600720,11.7200,11.8800,11.6200,11.7500,11.7800,22244791,261269307.2700
2021-09-09,sh.600720,11.7000,12.9300,11.5900,12.9300,11.7500,83016043,1041058099.2400
2021-09-10,sh.600720,12.8900,13.9800,12.7400,12.8800,12.9300,97179936,1291949624.6200
2021-09-13,sh.600720,12.8600,13.2300,12.7200,13.0600,12.8800,59909033,777493844.7000
2021-09-14,sh.600720,13.0000,13.0000,12.1500,12.3000,13.0600,53192025,666702420.9400
2021-09-15,sh.600720,12.3500,12.4200,11.9000,11.9800,12.3000,34745809,420348017.0300
2021-09-16,sh.600720,12.0500,12.4800,11.9200,11.9800,11.9800,33596044,408676626.2800
2021-09-17,sh.600720,12.0800,12.4500,11.9300,12.1800,11.9800,28966875,352930989.4200
2021-09-22,sh.600720,12.0000,12.4600,12.0000,12.3300,12.1800,28261918,347171661.7000
2021-09-23,sh.600720,12.4400,12.7300,12.1800,12.4100,12.3300,30609773,380584140.2400
2021-09-24,sh.600720,12.4300,12.4300,11.4500,11.4900,12.4100,38672981,456937821.6900
2021-09-27,sh.600720,11.4200,11.6100,10.8300,11.0600,11.4900,20449558,227458919.6700
2021-09-28,sh.600720,11.0200,11.2200,10.9800,11.1600,11.0600,10154956,112801113.5500
2021-09-29,sh.600720,10.9800,11.0400,10.7000,10.7700,11.1600,11990865,130090732.0500
2021-09-30,sh.600720,10.8000,10.9600,10.7400,10.7900,10.7700,8323525,90083119.8200
2021-10-08,sh.600720,10.9100,10.9800,10.7000,10.7800,10.7900,11796547,127639844.4700
2021-10-11,sh.600720,10.8000,11.1000,10.7900,10.9500,10.7800,11972687,131483267.6600
2021-10-12,sh.600720,10.9100,10.9500,10.4500,10.6200,10.9500,11639247,123988993.8900
2021-10-13,sh.600720,10.6100,10.6200,10.3300,10.5300,10.6200,8502031,88853287.5200
2021-10-14,sh.600720,10.4900,10.5900,10.4100,10.5500,10.5300,5015911,52820891.8100
2021-10-15,sh.600720,10.5600,10.7000,10.5100,10.5600,10.5500,6578875,69676432.4200
2021-10-18,sh.600720,10.5400,10.6500,10.3400,10.6500,10.5600,6965345,73125927.8000
2021-10-19,sh.600720,10.5700,10.5900,10.3600,10.4000,10.6500,14801201,154232845.4900
2021-10-20,sh.600720,10.3700,10.4500,10.1900,10.2200,10.4000,10618883,108837389.3000
2021-10-21,sh.600720,10.2000,10.3600,10.1900,10.2000,10.2200,7674334,78574287.9200
2021-10-22,sh.600720,10.2700,10.4600,10.2000,10.2000,10.2000,9495518,97817901.4600
2021-10-25,sh.600720,10.0900,10.1000,9.8900,10.0100,10.2000,10178203,101598399.4000
2021-10-26,sh.600720,9.9800,10.1000,9.8800,9.9400,10.0100,8535995,85003161.8400
2021-10-27,sh.600720,9.8000,9.8200,9.6900,9.7000,9.9400,11162643,108655315.0400
2021-10-28,sh.600720,9.6000,9.7800,9.5800,9.5800,9.7000,7375502,71090457.8300
2021-10-29,sh.600720,9.5900,9.7000,9.5100,9.6700,9.5800,5469372,52635017.9900
2021-11-01,sh.600720,9.6400,9.7800,9.6200,9.7400,9.6700,5885904,57205310.0700
2021-11-02,sh.600720,9.7100,9.7900,9.4200,9.4900,9.7400,8034862,76983339.2300
2021-11-03,sh.600720,9.4600,9.6200,9.4600,9.5900,9.4900,5244146,50052149.6900
2021-11-04,sh.600720,9.5700,9.6100,9.5100,9.5800,9.5900,5324387,50890188.5400
2021-11-05,sh.600720,9.5400,9.5900,9.4300,9.4400,9.5800,5924103,56271633.5600
2021-11-08,sh.600720,9.4100,9.5800,9.4100,9.5700,9.4400,4277158,40698463.8600
2021-11-09,sh.600720,9.5700,9.8500,9.5500,9.7600,9.5700,8347352,81332750.5700
2021-11-10,sh.600720,9.7700,9.8000,9.5500,9.6800,9.7600,5993514,57670246.5400
2021-11-11,sh.600720,9.6500,10.1800,9.6400,10.0800,9.6800,17288454,172694688.9500
2021-11-12,sh.600720,10.0200,10.0700,9.8900,9.9500,10.0800,8501725,84598517.2400
2021-11-15,sh.600720,9.9400,10.0300,9.9000,10.0100,9.9500,6483428,64623547.6500
2021-11-16,sh.600720,9.9300,10.0400,9.8500,9.8600,10.0100,5136352,50995539.1400
2021-11-17,sh.600720,9.8100,9.9200,9.8000,9.8800,9.8600,4207783,41496801.3300
2021-11-18,sh.600720,9.8200,9.9100,9.8200,9.8200,9.8800,4853096,47792907.6100
2021-11-19,sh.600720,9.8000,9.8900,9.7500,9.8900,9.8200,5186920,50899520.5100
2021-11-22,sh.600720,9.8500,9.9000,9.8000,9.8600,9.8900,4987864,49039974.7700
2021-11-23,sh.600720,9.8200,9.9500,9.8000,9.9100,9.8600,5601597,55429934.8700
2021-11-24,sh.600720,9.8700,10.0600,9.8400,10.0300,9.9100,8124925,80906141.1000
2021-11-25,sh.600720,10.0200,10.0800,9.9500,10.0700,10.0300,7095667,71093081.1900
2021-11-26,sh.600720,10.0700,10.0900,9.9600,9.9700,10.0700,4649941,46441259.0000
2021-11-29,sh.600720,9.8000,9.8500,9.6800,9.7200,9.9700,8034016,78443691.6200
2021-11-30,sh.600720,9.7300,9.9000,9.7200,9.7500,9.7200,5764980,56508818.0000
2021-12-01,sh.600720,9.7800,9.8400,9.7200,9.8400,9.7500,4820381,47190368.1700
2021-12-02,sh.600720,9.7900,10.3000,9.7900,10.1100,9.8400,22799894,230235577.4500
2021-12-03,sh.600720,10.0400,10.2500,9.9500,10.1400,10.1100,12723832,128265453.2400
2021-12-06,sh.600720,10.2500,10.2600,10.0200,10.0400,10.1400,9046312,91613432.9900
2021-12-07,sh.600720,10.1200,10.2400,10.0400,10.1600,10.0400,10786514,109248465.0500
2021-12-08,sh.600720,10.1300,10.1400,10.0100,10.0900,10.1600,8183501,82351529.0600
2021-12-09,sh.600720,10.0500,10.2000,10.0500,10.1500,10.0900,9226900,93569696.9600
2021-12-10,sh.600720,10.0900,10.1300,10.0300,10.0500,10.1500,6871016,69099262.4800
2021-12-13,sh.600720,10.1000,10.3500,10.1000,10.1600,10.0500,19543316,200364523.2700
2021-12-14,sh.600720,10.0800,10.1500,10.0400,10.0700,10.1600,8114696,81769794.1800
2021-12-15,sh.600720,10.0700,10.3200,10.0400,10.1600,10.0700,11601090,118247891.3500
2021-12-16,sh.600720,10.1700,10.3800,10.1300,10.3300,10.1600,16021585,164869162.2100
2021-12-17,sh.600720,10.3300,10.4900,10.2800,10.4200,10.3300,14683475,152457163.5000
2021-12-20,sh.600720,10.3800,10.4500,10.2300,10.3900,10.4200,11197180,115898421.4000
2021-12-21,sh.600720,10.3400,10.6800,10.3200,10.6300,10.3900,18388031,194568739.1900
2021-12-22,sh.600720,10.6000,10.6900,10.4700,10.6300,10.6300,10982960,115935012.9500
2021-12-23,sh.600720,10.5700,10.6000,10.4500,10.4700,10.6300,8781210,92193957.9900
2021-12-24,sh.600720,10.4500,10.4700,10.2500,10.2500,10.4700,8319437,85817021.8200
2021-12-27,sh.600720,10.2400,10.5300,10.1700,10.4000,10.2500,9129473,95087383.6200
2021-12-28,sh.600720,10.4000,10.4700,10.2700,10.3600,10.4000,6181262,63969465.8000
2021-12-29,sh.600720,10.3200,10.4200,10.3000,10.3000,10.3600,5194881,53694278.9000
2021-12-30,sh.600720,10.3400,10.4700,10.3200,10.3400,10.3000,7114893,73821019.3700
2021-12-31,sh.600720,10.3100,10.4200,10.2900,10.4000,10.3400,5853840,60736238.6200
2022-01-04,sh.600720,10.3800,10.5600,10.3800,10.5600,10.4000,12051490,126706677.0700
2022-01-05,sh.600720,10.5100,10.7300,10.5100,10.6900,10.5600,16152411,171415562.6300
2022-01-06,sh.600720,10.6300,11.0400,10.6100,10.8800,10.6900,24542385,267600177.9600
2022-01-07,sh.600720,10.8800,11.1400,10.8500,10.9500,10.8800,23087401,254700128.6000
2022-01-10,sh.600720,10.9100,11.1100,10.8500,10.9200,10.9500,13991274,153023074.3800
2022-01-11,sh.600720,10.9500,11.0800,10.8300,10.8900,10.9200,11329758,123959330.6100
2022-01-12,sh.600720,10.8800,10.8900,10.5800,10.7000,10.8900,15735301,168247217.7100
2022-01-13,sh.600720,10.7000,10.8400,10.6000,10.6400,10.7000,10431392,111674904.8400
2022-01-14,sh.600720,10.5800,10.6100,10.2500,10.2800,10.6400,17043223,176998459.4100
2022-01-17,sh.600720,10.2400,10.3600,10.2300,10.3200,10.2800,6924763,71343585.3300
2022-01-18,sh.600720,10.3100,10.5300,10.2500,10.4200,10.3200,10066262,104729823.0000
2022-01-19,sh.600720,10.4200,11.0000,10.4100,10.8600,10.4200,29700525,321657144.5100
2022-01-20,sh.600720,10.8600,10.9400,10.6400,10.6800,10.8600,14793004,158963051.1600
2022-01-21,sh.600720,10.6700,10.7100,10.3500,10.3800,10.6800,12796601,133866820.4200
2022-01-24,sh.600720,10.4900,10.5600,10.2700,10.3700,10.3800,8118819,84543721.9500
2022-01-25,sh.600720,10.3300,10.4100,9.9200,9.9400,10.3700,17768547,180420530.5600
2022-01-26,sh.600720,9.9600,10.2500,9.9000,10.1300,9.9400,8594571,86708999.4300
2022-01-27,sh.600720,10.1900,10.1900,9.9400,9.9800,10.1300,7041275,70566286.8800
2022-01-28,sh.600720,10.0400,10.0800,9.8000,9.9400,9.9800,8116095,80647250.2300
2022-02-07,sh.600720,10.0800,10.6100,10.0500,10.6100,9.9400,27052680,283094298.6200
2022-02-08,sh.600720,10.5800,10.8000,10.5400,10.7700,10.6100,18339418,195717477.1500
2022-02-09,sh.600720,10.7300,11.0400,10.6800,10.7200,10.7700,16268966,175317023.0700
2022-02-10,sh.600720,10.7300,10.9600,10.6600,10.9300,10.7200,21888701,238317833.6400
2022-02-11,sh.600720,10.9200,11.1400,10.8900,10.9600,10.9300,24278358,267700039.8400
2022-02-14,sh.600720,10.9000,11.0600,10.7100,10.7600,10.9600,14693586,159263370.6200
2022-02-15,sh.600720,10.8900,11.0300,10.7100,10.8200,10.7600,13657272,148361959.0900
2022-02-16,sh.600720,10.8100,11.0900,10.8100,11.0100,10.8200,17466846,192112735.1900
2022-02-17,sh.600720,11.0700,11.1000,10.8700,11.0100,11.0100,16492257,180978183.5000
2022-02-18,sh.600720,10.9500,11.2900,10.9000,11.2600,11.0100,24955439,278632755.4400
2022-02-21,sh.600720,11.2700,11.2700,11.0800,11.2200,11.2600,16820851,187640109.7500
2022-02-22,sh.600720,11.0900,11.2100,10.9500,11.0400,11.2200,16123734,178257117.1300
2022-02-23,sh.600720,11.0800,11.1200,10.8900,11.0400,11.0400,14778314,162312927.5800
2022-02-24,sh.600720,11.0000,11.0100,10.5000,10.6300,11.0400,17823077,191301746.9700
2022-02-25,sh.600720,10.7100,10.8900,10.6500,10.6800,10.6300,11049407,119040804.9500
2022-02-28,sh.600720,10.6800,10.8100,10.6000,10.7300,10.6800,8555039,91472179.0000
2022-03-01,sh.600720,10.7400,11.1200,10.7400,10.9700,10.7300,16221627,177936189.0000
2022-03-02,sh.600720,10.9500,11.1300,10.9000,11.0000,10.9700,9519715,104808306.0000
2022-03-03,sh.600720,11.0200,11.2600,11.0200,11.1300,11.0000,15424141,172016747.0000
2022-03-04,sh.600720,11.1000,11.1000,10.8800,11.0100,11.1300,11488564,126382789.0000
2022-03-07,sh.600720,10.9300,11.1100,10.9200,11.0100,11.0100,11634303,128030595.0000
2022-03-08,sh.600720,11.0000,11.0300,10.6900,10.7800,11.0100,11312021,122917924.0000
2022-03-09,sh.600720,10.8200,10.8800,10.0200,10.5400,10.7800,13219351,138902928.0000
2022-03-10,sh.600720,10.6900,10.7600,10.4800,10.5800,10.5400,8401610,89451368.0000
2022-03-11,sh.600720,10.4900,10.5200,10.2000,10.5000,10.5800,9144310,94895717.0000
2022-03-14,sh.600720,10.4300,10.6500,10.3300,10.3300,10.5000,8241500,86607792.0000
2022-03-15,sh.600720,10.2400,10.4000,9.5700,9.6000,10.3300,14986794,148736226.0000
2022-03-16,sh.600720,9.7900,9.8400,9.3300,9.8200,9.6000,11937804,115074817.0000
2022-03-17,sh.600720,9.9500,10.0600,9.8700,9.9000,9.8200,10617255,105728872.0000
2022-03-18,sh.600720,9.7000,10.0500,9.6000,9.9900,9.9000,13435376,133081836.8500
2022-03-21,sh.600720,9.9900,10.1200,9.8200,9.9300,9.9900,10026546,99556111.8800
2022-03-22,sh.600720,9.9400,9.9500,9.7100,9.8800,9.9300,12022504,118244730.3400
2022-03-23,sh.600720,9.8800,9.9200,9.7800,9.8200,9.8800,6899059,67917534.9700
2022-03-24,sh.600720,9.8000,9.8000,9.6400,9.6700,9.8200,8211961,79613697.5000
2022-03-25,sh.600720,9.6400,9.8200,9.6300,9.7200,9.6700,7126134,69339468.3500
2022-03-28,sh.600720,9.6800,10.2800,9.5400,10.2600,9.7200,27822615,280462007.4700
2022-03-29,sh.600720,10.1400,10.4800,10.1100,10.2400,10.2600,17523302,180325081.8300
2022-03-30,sh.600720,10.2800,10.6100,10.2100,10.4900,10.2400,15630674,163074154.6300
2022-03-31,sh.600720,10.4600,10.8700,10.4100,10.7200,10.4900,21338377,227879877.6600
2022-04-01,sh.600720,10.6000,10.7200,10.5100,10.6000,10.7200,13382688,141635321.8000
2022-04-06,sh.600720,10.6900,10.9000,10.6000,10.8400,10.6000,15188066,163434055.8900
2022-04-07,sh.600720,10.8400,11.4000,10.7600,11.0400,10.8400,35752538,398255218.7600
2022-04-08,sh.600720,10.7600,11.0700,10.7000,10.9800,11.0400,32542847,355520194.3000
2022-04-11,sh.600720,10.9400,11.0000,10.6300,10.6800,10.9800,19642421,212490794.3700
2022-04-12,sh.600720,10.6500,10.8400,10.4600,10.7500,10.6800,15325188,163724021.8200
2022-04-13,sh.600720,10.6200,10.7000,10.4300,10.4300,10.7500,13780992,145094718.8200
2022-04-14,sh.600720,10.4600,10.6200,10.3700,10.5700,10.4300,10304656,108234583.3200
2022-04-15,sh.600720,10.7600,11.1800,10.7100,10.8700,10.5700,31871827,350146377.8600
2022-04-18,sh.600720,10.8000,11.2000,10.7800,10.9200,10.8700,20729184,228824268.5000
2022-04-19,sh.600720,10.9400,11.2700,10.7400,11.1900,10.9200,27934490,308249427.2400
2022-04-20,sh.600720,11.1000,11.1900,10.7700,10.8500,11.1900,20261991,222398711.1400
2022-04-21,sh.600720,10.9400,10.9500,10.3600,10.3800,10.8500,15651192,166060882.1200
2022-04-22,sh.600720,10.3900,10.9200,10.1500,10.7000,10.3800,15989702,169354056.6600
2022-04-25,sh.600720,10.7000,10.7000,10.7000,10.7000,10.7000,,
2022-04-26,sh.600720,10.7000,10.7000,10.7000,10.7000,10.7000,,
2022-04-27,sh.600720,10.7000,10.7000,10.7000,10.7000,10.7000,,
2022-04-28,sh.600720,10.7000,10.7000,10.7000,10.7000,10.7000,,
2022-04-29,sh.600720,10.7000,10.7000,10.7000,10.7000,10.7000,,
2022-05-05,sh.600720,10.7000,10.7000,10.7000,10.7000,10.7000,,
2022-05-06,sh.600720,10.7000,10.7000,10.7000,10.7000,10.7000,,
2022-05-09,sh.600720,10.7000,10.7000,10.7000,10.7000,10.7000,,
2022-05-10,sh.600720,10.7000,10.7000,10.7000,10.7000,10.7000,,
2022-05-11,sh.600720,10.7000,10.7000,10.7000,10.7000,10.7000,,
2022-05-12,sh.600720,11.7700,11.7700,11.7700,11.7700,10.7000,5408861,63662293.9700
2022-05-13,sh.600720,12.9500,12.9500,12.9500,12.9500,11.7700,5229516,67722232.2000
2022-05-16,sh.600720,14.2500,14.2500,14.2500,14.2500,12.9500,19123593,272511200.2500
2022-05-17,sh.600720,15.6400,15.6400,14.1100,15.2000,14.2500,226882672,3397772333.9800
2022-05-18,sh.600720,15.0000,16.7200,14.8500,16.7200,15.2000,167505400,2697570764.6800
2022-05-19,sh.600720,16.7000,17.0000,15.0500,15.0500,16.7200,194994548,3042873436.9200
2022-05-20,sh.600720,14.6000,15.8000,14.4200,15.6200,15.0500,147071097,2241168584.8100
2022-05-23,sh.600720,15.2000,15.6900,14.6600,15.2000,15.6200,121365165,1837761562.4700
2022-05-24,sh.600720,15.3000,15.4600,13.6800,13.6800,15.2000,130058210,1849779343.8700
2022-05-25,sh.600720,13.2500,13.7800,12.9800,13.5800,13.6800,73410102,986581534.9600
2022-05-26,sh.600720,13.4000,14.0000,13.3800,13.5500,13.5800,58441835,798774124.4800
2022-05-27,sh.600720,13.4200,14.0700,13.4000,13.7500,13.5500,63425095,869933925.3700
2022-05-30,sh.600720,13.9100,14.4700,13.4300,14.1000,13.7500,88106220,1234275107.6000
2022-05-31,sh.600720,14.0400,14.1800,13.5200,13.8300,14.1000,61206191,847180192.8700
2022-06-01,sh.600720,13.7400,13.9200,13.5500,13.6300,13.8300,43948848,601504440.0800
2022-06-02,sh.600720,13.7400,14.5500,13.5400,13.8300,13.6300,70657627,987774419.7200
2022-06-06,sh.600720,13.9800,13.9900,13.1700,13.6300,13.8300,58533647,792499520.3000
2022-06-07,sh.600720,13.5000,13.6600,13.2300,13.3300,13.6300,35314857,473017017.1900
2022-06-08,sh.600720,13.1200,13.3500,12.8300,12.9800,13.3300,48582781,632499247.8800
2022-06-09,sh.600720,12.9100,13.1200,12.5600,12.5800,12.9800,41221738,527343952.1700
2022-06-10,sh.600720,12.1000,12.2900,12.0600,12.1100,12.1300,35958864,437068150.8800
2022-06-13,sh.600720,12.0100,12.2900,11.9100,12.2100,12.1100,30397904,367595387.6300
2022-06-14,sh.600720,12.2400,12.2500,11.7300,12.2300,12.2100,32607904,391512659.4600
2022-06-15,sh.600720,12.3900,13.0300,12.2000,12.5900,12.2300,62361788,792483751.5200
2022-06-16,sh.600720,12.5100,12.6600,12.2700,12.3200,12.5900,32698717,406393994.7300
2022-06-17,sh.600720,12.1400,12.2200,11.9300,12.1500,12.3200,28919144,348876867.2200
2022-06-20,sh.600720,12.1500,12.2800,11.9900,12.0100,12.1500,26814725,325051187.4900
2022-06-21,sh.600720,12.1100,12.2700,11.9100,12.0500,12.0100,27610306,333831135.7500
2022-06-22,sh.600720,12.0100,12.0300,11.6700,11.7100,12.0500,26306607,310462410.1200
2022-06-23,sh.600720,11.7800,11.8300,11.6000,11.7300,11.7100,21965848,257196401.7600
2022-06-24,sh.600720,11.7100,11.7700,11.6000,11.7200,11.7300,17735767,207211617.9900
2022-06-27,sh.600720,11.6800,11.9500,11.6000,11.8100,11.7200,22165511,261663636.1400
2022-06-28,sh.600720,11.7800,11.8600,11.6200,11.7300,11.8100,19592170,229729405.5000
2022-06-29,sh.600720,11.7200,12.6400,11.6600,12.3100,11.7300,74571820,916932157.1300
2022-06-30,sh.600720,12.1300,12.5800,12.0100,12.4000,12.3100,46465485,573859574.5300
2022-07-01,sh.600720,12.4000,12.6900,12.2100,12.3800,12.4000,28559817,355091610.5300
2022-07-04,sh.600720,12.3900,12.5200,12.1100,12.2900,12.3800,27103809,332093861.6900
2022-07-05,sh.600720,12.3000,12.3500,11.9700,12.1000,12.2900,23026065,278881127.6300
2022-07-06,sh.600720,12.0800,12.0800,11.5300,11.5900,12.1000,27931289,327222366.6600
2022-07-07,sh.600720,11.6300,11.8100,11.5900,11.7400,11.5900,12837914,150255666.1200
2022-07-08,sh.600720,11.6900,11.8600,11.6500,11.6800,11.7400,12805275,150448144.9400
2022-07-11,sh.600720,11.6700,11.7900,11.4800,11.6200,11.6800,9582857,111318042.8400
2022-07-12,sh.600720,11.6200,12.3800,11.5700,12.1100,11.6200,34715835,419061361.8900
2022-07-13,sh.600720,12.2700,12.5300,12.1000,12.4800,12.1100,34214990,423459801.2200
2022-07-14,sh.600720,12.3100,12.4000,12.1000,12.1500,12.4800,19994577,243897037.3900
2022-07-15,sh.600720,12.0800,12.1400,11.6700,11.6800,12.1500,17957640,213034646.7000
2022-07-18,sh.600720,11.7100,11.9500,11.7000,11.8800,11.6800,10684230,126698918.0900
2022-07-19,sh.600720,11.9800,12.3400,11.8800,12.2300,11.8800,21020579,256117834.6100
2022-07-20,sh.600720,12.3000,12.3000,11.9700,12.0100,12.2300,17223774,208067803.5900
2022-07-21,sh.600720,11.9600,11.9900,11.6800,11.6900,12.0100,24160678,283818842.3500
2022-07-22,sh.600720,11.7100,11.8400,11.5600,11.7300,11.6900,12451143,145427731.6100
2022-07-25,sh.600720,11.6700,11.7500,11.4900,11.5000,11.7300,12581754,145856227.5000
2022-07-26,sh.600720,11.4700,11.6100,11.2800,11.5200,11.5000,11347575,130155531.8700
2022-07-27,sh.600720,11.5100,11.6400,11.4500,11.5400,11.5200,7640356,88042456.1400
2022-07-28,sh.600720,11.5800,11.6500,11.4600,11.4700,11.5400,9326342,107769288.0000
2022-07-29,sh.600720,11.4500,11.5400,11.3400,11.3500,11.4700,10018289,114253984.5800
2022-08-01,sh.600720,11.3100,11.3700,11.1600,11.2100,11.3500,11492870,129032965.1900
2022-08-02,sh.600720,11.1100,11.1200,10.5400,10.6800,11.2100,22018207,236450222.2700
2022-08-03,sh.600720,10.6300,10.9000,10.6300,10.8100,10.6800,12362216,133683606.5800
2022-08-04,sh.600720,10.8800,10.9400,10.7100,10.8500,10.8100,7899490,85620145.0000
2022-08-05,sh.600720,10.8600,10.9200,10.7300,10.9000,10.8500,8172837,88421159.0000
2022-08-08,sh.600720,10.8100,11.1400,10.8100,11.0000,10.9000,7728249,85020003.0000
2022-08-09,sh.600720,10.9800,11.1100,10.8800,11.0600,11.0000,6441698,70745112.0000
2022-08-10,sh.600720,11.0500,11.1700,10.9300,10.9900,11.0600,5577030,61570117.0000
2022-08-11,sh.600720,10.9500,11.4700,10.9500,11.3700,10.9900,17313085,195599251.0000
2022-08-12,sh.600720,11.3800,11.4400,11.3000,11.3500,11.3700,9982259,113307653.0000
2022-08-15,sh.600720,11.3000,11.4500,11.2700,11.4200,11.3500,8717452,99122117.8900
2022-08-16,sh.600720,11.4200,11.6800,11.4000,11.4500,11.4200,9223033,106002456.7200
2022-08-17,sh.600720,11.5000,11.5000,11.3900,11.4000,11.4500,8178202,93549629.7800
2022-08-18,sh.600720,11.3800,11.3900,11.1900,11.2200,11.4000,11036201,124195567.6000
2022-08-19,sh.600720,11.2500,11.3700,11.1500,11.1800,11.2200,8265359,92871217.7400
2022-08-22,sh.600720,11.1900,11.8900,11.1900,11.7900,11.1800,32352840,378774496.7000
2022-08-23,sh.600720,11.7900,11.8200,11.4500,11.6700,11.7900,22036907,254948333.9400
2022-08-24,sh.600720,11.6000,11.6400,11.3500,11.3500,11.6700,13499955,154867101.5400
2022-08-25,sh.600720,11.4300,11.6300,11.3000,11.5900,11.3500,12710080,146310430.8300
2022-08-26,sh.600720,11.5100,11.6200,11.4400,11.4600,11.5900,8867445,102134686.1200
2022-08-29,sh.600720,11.3500,11.4400,11.2300,11.4200,11.4600,9572835,108831953.2100
2022-08-30,sh.600720,11.3800,11.6600,11.3800,11.5500,11.4200,10365376,119776506.1200
2022-08-31,sh.600720,11.5000,11.8500,11.4900,11.6700,11.5500,20076997,235409177.3400
2022-09-01,sh.600720,11.6700,11.9300,11.5100,11.7400,11.6700,15867820,186806768.3800
2022-09-02,sh.600720,11.7300,11.7700,11.4800,11.5700,11.7400,11601856,134555988.9400
2022-09-05,sh.600720,11.5200,11.8200,11.4900,11.7800,11.5700,14933501,174484567.0700
2022-09-06,sh.600720,11.7700,11.8700,11.7100,11.7600,11.7800,10515466,123753679.1800
2022-09-07,sh.600720,11.7300,11.7500,11.6000,11.6400,11.7600,9040708,105332910.0400
2022-09-08,sh.600720,11.6400,11.9500,11.5800,11.8400,11.6400,16203444,191057168.4800
2022-09-09,sh.600720,11.8000,12.1900,11.7800,11.9400,11.8400,22662741,271445282.0600
2022-09-13,sh.600720,12.0900,12.1400,11.8000,11.8200,11.9400,18147085,216741952.2200
2022-09-14,sh.600720,11.6600,11.8400,11.6300,11.7400,11.8200,10902326,127800840.5600
2022-09-15,sh.600720,11.7900,11.9400,11.5600,11.8200,11.7400,17684975,208686345.7800
2022-09-16,sh.600720,11.8100,11.8200,11.3900,11.4400,11.8200,15760368,182652368.4500
2022-09-19,sh.600720,11.3500,11.3800,10.9700,10.9800,11.4400,15150826,167820605.0300
2022-09-20,sh.600720,11.0600,11.3800,11.0600,11.3400,10.9800,15241567,171866283.3300
2022-09-21,sh.600720,11.3600,11.4000,11.0600,11.3700,11.3400,10694005,120135751.3900
2022-09-22,sh.600720,11.2800,11.4300,11.2000,11.2600,11.3700,7508613,85013056.3700
2022-09-23,sh.600720,11.2500,11.3300,11.0900,11.1100,11.2600,7255514,81293900.5200
2022-09-26,sh.600720,11.0300,11.2000,10.7200,10.7400,11.1100,12867042,140837785.7900
2022-09-27,sh.600720,10.8400,11.1200,10.7800,11.0200,10.7400,8950468,97880572.2500
2022-09-28,sh.600720,11.0200,11.0700,10.6600,10.6800,11.0200,7457624,80596575.5700
2022-09-29,sh.600720,10.8000,10.8900,10.4000,10.5000,10.6800,9136744,96793313.8200
2022-09-30,sh.600720,10.4800,10.5700,10.3900,10.4500,10.5000,5903793,61886732.8600
2022-10-10,sh.600720,10.4900,10.6900,10.3000,10.3600,10.4500,8362600,87838600.0000
2022-10-11,sh.600720,10.3900,10.4300,10.1800,10.3600,10.3600,5267315,54306321.4900
2022-10-12,sh.600720,10.4100,10.4600,10.1400,10.4300,10.3600,7883400,81427302.7400
2022-10-13,sh.600720,10.3600,10.4400,10.2700,10.3000,10.4300,7543486,77882114.5300
2022-10-14,sh.600720,10.3300,10.5000,10.3300,10.3900,10.3000,12484910,130238088.6400
2022-10-17,sh.600720,10.3200,10.4300,10.2700,10.4200,10.3900,9285804,96266029.4400
2022-10-18,sh.600720,10.4500,10.5200,10.3600,10.4500,10.4200,9143600,95424930.0000
2022-10-19,sh.600720,10.4200,10.4600,10.2200,10.2300,10.4500,9956340,102871303.2000
2022-10-20,sh.600720,10.1600,10.2500,9.9600,9.9900,10.2300,11846792,119448874.2400
2022-10-21,sh.600720,9.9800,10.1800,9.9500,9.9900,9.9900,7959853,80059028.4200
2022-10-24,sh.600720,9.9700,10.1000,9.7700,9.8500,9.9900,10195239,101168037.4500
2022-10-25,sh.600720,9.8500,9.9300,9.7200,9.8600,9.8500,5995288,58919051.5400
2022-10-26,sh.600720,9.8800,10.0900,9.8200,9.9700,9.8600,7942233,79375788.9000
2022-10-27,sh.600720,9.9800,10.1300,9.9800,10.0900,9.9700,7168175,72306392.9400
2022-10-28,sh.600720,10.0500,10.0700,9.7500,9.7900,10.0900,10680667,105704109.7300
2022-10-31,sh.600720,9.7900,9.8100,9.5300,9.6600,9.7900,9581167,92594856.4300
2022-11-01,sh.600720,9.6600,9.8600,9.6400,9.8600,9.6600,8854537,86527910.1900
2022-11-02,sh.600720,9.8200,10.0000,9.7800,9.9800,9.8600,7828942,77814163.6000
2022-11-03,sh.600720,9.9000,10.0800,9.8900,10.0400,9.9800,6650288,66528759.8600
2022-11-04,sh.600720,10.0300,10.2300,9.9700,10.2100,10.0400,9256195,94006634.1700
2022-11-07,sh.600720,10.2000,10.3000,10.1300,10.2200,10.2100,7949198,81294165.6700
2022-11-08,sh.600720,10.1600,10.4600,10.1500,10.3300,10.2200,10180375,105044349.1900
2022-11-09,sh.600720,10.3300,10.5200,10.3000,10.3200,10.3300,7118326,73982773.1900
2022-11-10,sh.600720,10.2600,10.4200,10.1800,10.3800,10.3200,5963550,61633634.6900
2022-11-11,sh.600720,10.5500,10.6500,10.4400,10.5600,10.3800,14094912,148767598.1200
2022-11-14,sh.600720,10.6900,10.7500,10.4000,10.4400,10.5600,12233997,129088045.9700
2022-11-15,sh.600720,10.4500,10.5500,10.3800,10.5300,10.4400,8577007,90079518.4800
2022-11-16,sh.600720,10.5400,10.6100,10.4600,10.5000,10.5300,6421252,67610801.2600
2022-11-17,sh.600720,10.5000,10.6200,10.4300,10.6000,10.5000,7193561,76043426.6000
2022-11-18,sh.600720,10.5600,10.6800,10.5100,10.5400,10.6000,6994117,74138986.7200
2022-11-21,sh.600720,10.5500,10.6200,10.4300,10.6200,10.5400,6279436,66236718.7200
2022-11-22,sh.600720,10.6200,10.9200,10.5700,10.7800,10.6200,10960019,117862992.0500
2022-11-23,sh.600720,10.8500,11.3500,10.8000,11.1800,10.7800,24960669,277606953.1000
2022-11-24,sh.600720,11.1100,11.1700,10.8300,10.8800,11.1800,17978854,197182013.4300
2022-11-25,sh.600720,10.8500,11.0800,10.8100,10.9900,10.8800,11233285,123300703.3900
2022-11-28,sh.600720,10.7500,11.0500,10.5000,10.9900,10.9900,10034856,109377028.3000
2022-11-29,sh.600720,11.0800,11.2900,11.0200,11.1900,10.9900,13411311,149648427.5800
2022-11-30,sh.600720,11.1900,11.2500,11.0800,11.0900,11.1900,10881573,121477365.0000
2022-12-01,sh.600720,11.1200,11.2900,11.1200,11.1500,11.0900,9916442,110990605.4900
2022-12-02,sh.600720,11.1800,11.1800,11.0000,11.0900,11.1500,7180036,79442216.1900
2022-12-05,sh.600720,11.1500,11.5500,11.1300,11.4600,11.0900,17382914,198062495.3900
2022-12-06,sh.600720,11.4900,11.5400,11.3000,11.3600,11.4600,9750847,111117179.3800
2022-12-07,sh.600720,11.3900,11.3900,11.1500,11.2300,11.3600,7778372,87325047.4900
2022-12-08,sh.600720,11.1400,11.3800,11.0800,11.2200,11.2300,7969577,89322518.3900
2022-12-09,sh.600720,11.2400,11.3900,11.1400,11.3600,11.2200,10261585,115767527.0900
2022-12-12,sh.600720,11.3000,11.3300,11.0600,11.0700,11.3600,8737854,97491851.3000
2022-12-13,sh.600720,11.0600,11.2500,11.0500,11.2000,11.0700,6706912,74927587.7100
2022-12-14,sh.600720,11.2000,11.2000,11.0300,11.0800,11.2000,6395701,70922557.0000
2022-12-15,sh.600720,11.0500,11.2500,11.0200,11.0600,11.0800,6934992,76950026.3600
2022-12-16,sh.600720,11.0100,11.5300,11.0000,11.2900,11.0600,17269911,195689349.1300
2022-12-19,sh.600720,11.3000,11.4200,10.9200,10.9700,11.2900,10814670,120326505.7700
2022-12-20,sh.600720,10.9300,11.0900,10.8700,10.9200,10.9700,7053139,77257596.5200
2022-12-21,sh.600720,10.9400,11.0000,10.8200,10.9300,10.9200,5117302,55856702.1400
2022-12-22,sh.600720,10.9300,11.2500,10.8000,10.8300,10.9300,8720700,96280703.9300
2022-12-23,sh.600720,10.8300,10.8800,10.6400,10.6700,10.8300,5347291,57409499.3500
2022-12-26,sh.600720,10.7000,10.7900,10.6300,10.7300,10.6700,4589500,49143394.0000
2022-12-27,sh.600720,10.7400,11.0900,10.7200,11.0400,10.7300,8157112,89423617.1000
2022-12-28,sh.600720,11.1100,11.1200,10.8700,10.9300,11.0400,6766124,74207818.1300
2022-12-29,sh.600720,11.5100,11.5100,10.0000,10.0900,10.9300,50724221,538153967.6400
2022-12-30,sh.600720,9.8200,10.1100,9.7900,9.9300,10.0900,21818780,217153538.6000
2023-01-03,sh.600720,9.9100,10.0000,9.7900,9.9300,9.9300,14855651,147186702.6300
2023-01-04,sh.600720,9.9400,10.1200,9.8700,10.0100,9.9300,17529135,175421394.2100
2023-01-05,sh.600720,9.9900,10.1000,9.9700,10.0300,10.0100,11927153,119716946.1300
2023-01-06,sh.600720,10.0300,10.2500,10.0200,10.0900,10.0300,12281990,124630509.6000
2023-01-09,sh.600720,10.1100,10.1400,9.9900,10.0400,10.0900,10976135,110202954.6500
2023-01-10,sh.600720,10.0100,10.0200,9.8400,9.8900,10.0400,13366113,132438127.8800
2023-01-11,sh.600720,9.8800,10.1700,9.8500,10.0400,9.8900,13589157,136679184.8600
2023-01-12,sh.600720,10.1000,10.1300,9.9000,9.9600,10.0400,7012900,69836287.4000
2023-01-13,sh.600720,9.9100,10.0300,9.9100,9.9900,9.9600,5315302,52972646.4400
2023-01-16,sh.600720,9.9800,10.0700,9.9500,10.0300,9.9900,9035104,90490072.2500
2023-01-17,sh.600720,10.0200,10.0800,9.9200,9.9800,10.0300,6631141,66179119.3900
2023-01-18,sh.600720,10.0100,10.0600,9.9200,10.0000,9.9800,5888310,58833643.1000
2023-01-19,sh.600720,9.9500,10.0200,9.9300,10.0100,10.0000,5279528,52674520.6600
2023-01-20,sh.600720,10.0300,10.1500,9.9900,10.1300,10.0100,9878873,99817963.7500
2023-01-30,sh.600720,10.2300,10.2800,10.1500,10.1600,10.1300,11680415,119220976.1200
2023-01-31,sh.600720,10.1700,10.3400,10.1200,10.3200,10.1600,9478966,97144513.7900
2023-02-01,sh.600720,10.3300,10.7500,10.2800,10.6400,10.3200,19733845,207875665.2900
2023-02-02,sh.600720,10.8400,11.6600,10.7100,11.2100,10.6400,46976872,529279998.1600
2023-02-03,sh.600720,11.3200,11.3300,10.9700,11.0800,11.2100,21407979,237203785.1600
2023-02-06,sh.600720,11.0700,11.2600,10.9400,11.1900,11.0800,17442318,194260791.4600
2023-02-07,sh.600720,11.1800,11.2300,11.1100,11.2200,11.1900,12223500,136466353.0000
2023-02-08,sh.600720,11.2200,11.3000,11.1700,11.2200,11.2200,13679984,153689686.1400
2023-02-09,sh.600720,11.2100,11.4500,11.1800,11.4000,11.2200,14425961,163495487.2700
2023-02-10,sh.600720,11.4100,11.4500,11.2600,11.4100,11.4000,13677948,155103373.1100
2023-02-13,sh.600720,11.5800,11.6400,11.1200,11.5800,11.4100,22145784,253913715.8900
2023-02-14,sh.600720,11.7800,12.1500,11.7500,11.8500,11.5800,31356616,373096396.5800
2023-02-15,sh.600720,11.9300,11.9600,11.7600,11.7900,11.8500,17388030,206108111.9900
2023-02-16,sh.600720,11.8000,12.0700,11.6200,11.6900,11.7900,25163685,299017412.2000
2023-02-17,sh.600720,11.7100,11.9900,11.6500,11.7600,11.6900,17466680,205793324.2700
2023-02-20,sh.600720,11.7600,12.0500,11.6700,11.9400,11.7600,21116249,251493786.2900
2023-02-21,sh.600720,11.9500,12.0800,11.8600,11.9600,11.9400,19265414,230506302.3200
2023-02-22,sh.600720,11.9500,12.1000,11.8000,12.0400,11.9600,16800739,202008490.9500
2023-02-23,sh.600720,12.0500,12.0800,11.9300,12.0000,12.0400,12072447,144667605.1100
2023-02-24,sh.600720,12.0500,12.3400,11.9900,12.2900,12.0000,25883075,315294291.4500
2023-02-27,sh.600720,12.2800,12.2800,11.9000,11.9200,12.2900,21226434,255074088.6500
2023-02-28,sh.600720,11.9100,12.1100,11.9000,12.0900,11.9200,15131813,181737322.7200
2023-03-01,sh.600720,12.2600,12.3000,11.9900,12.1100,12.0900,19486118,237177764.2800
2023-03-02,sh.600720,12.1600,12.1800,12.0200,12.0900,12.1100,14594585,176680304.9300
2023-03-03,sh.600720,12.0900,12.3000,12.0400,12.2400,12.0900,16728005,204175772.9800
2023-03-06,sh.600720,12.2700,12.2900,11.9800,12.0700,12.2400,15369767,185612622.2800
2023-03-07,sh.600720,12.0500,12.2100,11.9400,11.9500,12.0700,13982729,168909260.9200
2023-03-08,sh.600720,11.8900,12.0800,11.8000,12.0500,11.9500,15308589,182495408.1900
2023-03-09,sh.600720,11.9900,12.0700,11.8000,12.0400,12.0500,12098800,144424174.8200
2023-03-10,sh.600720,12.1800,12.1800,11.7700,11.9900,12.0400,21534290,257251493.5600
2023-03-13,sh.600720,12.0000,12.2500,11.4800,11.6400,11.9900,30951805,361712457.2800
2023-03-14,sh.600720,11.6400,11.7500,11.3000,11.3900,11.6400,17173847,196791416.6100
2023-03-15,sh.600720,11.4100,11.7900,11.3200,11.6900,11.3900,16405920,190059382.4300
2023-03-16,sh.600720,11.5700,11.7600,11.4400,11.4800,11.6900,12291878,142304963.5800
2023-03-17,sh.600720,11.5900,11.7400,11.5200,11.6200,11.4800,11666961,135911488.2500
2023-03-20,sh.600720,11.7200,12.2800,11.6300,11.8500,11.6200,23843032,285193266.0800
2023-03-21,sh.600720,11.8700,11.9500,11.6000,11.7000,11.8500,10827535,126957729.3000
2023-03-22,sh.600720,11.6500,11.7000,11.3100,11.6500,11.7000,27412432,314581533.6800
2023-03-23,sh.600720,11.5900,11.6500,11.3700,11.3800,11.6500,16277500,186626729.0800
2023-03-24,sh.600720,11.4500,11.4500,11.0100,11.0900,11.3800,18080939,200832359.5100
2023-03-27,sh.600720,11.0700,11.1000,10.5800,10.6300,11.0900,22893924,245916691.6700
2023-03-28,sh.600720,10.5900,10.7100,10.3800,10.5700,10.6300,18496356,194920762.0500
2023-03-29,sh.600720,10.5600,10.6700,10.4800,10.6100,10.5700,14049920,148631061.2200
2023-03-30,sh.600720,10.5700,10.7900,10.5100,10.5500,10.6100,10578167,112158590.1500
2023-03-31,sh.600720,10.5200,10.6700,10.5200,10.5900,10.5500,6366460,67340709.0600
2023-04-03,sh.600720,10.5300,10.7400,10.4800,10.6700,10.5900,10815450,114978201.4200
2023-04-04,sh.600720,10.6300,11.1500,10.6300,10.8600,10.6700,19081168,208513002.0600
2023-04-06,sh.600720,10.8400,10.9400,10.7400,10.8400,10.8600,8626314,93436195.7300
2023-04-07,sh.600720,10.8100,10.9400,10.8100,10.9200,10.8400,6143037,66805926.7700
2023-04-10,sh.600720,10.9100,11.0100,10.8200,10.8800,10.9200,8373700,91281110.0000
2023-04-11,sh.600720,10.9200,11.1000,10.7800,10.9600,10.8800,9093568,99568010.3700
2023-04-12,sh.600720,11.0000,11.0800,10.9200,10.9800,10.9600,8910192,98033520.7500
2023-04-13,sh.600720,10.9700,11.3000,10.8800,11.2400,10.9800,17238981,191948704.0700
2023-04-14,sh.600720,11.2400,11.6500,11.1300,11.1600,11.2400,20500221,231737027.1000
2023-04-17,sh.600720,11.1900,11.5300,11.1500,11.4000,11.1600,18369906,208447975.1300
2023-04-18,sh.600720,11.3600,11.4700,11.2900,11.3500,11.4000,7337535,83368541.9800
2023-04-19,sh.600720,11.3000,11.3500,11.0400,11.0400,11.3500,10788629,120284058.3900
2023-04-20,sh.600720,11.0700,11.3100,10.8600,11.2500,11.0400,12760467,141168916.0900
2023-04-21,sh.600720,11.2300,11.2500,10.9200,10.9500,11.2500,8043400,88984830.0000
2023-04-24,sh.600720,10.8900,11.0900,10.8600,11.0900,10.9500,9456241,103782971.1000
2023-04-25,sh.600720,11.0800,11.1000,10.6800,10.7700,11.0900,12180650,131964555.8500
2023-04-26,sh.600720,10.8100,11.0500,10.8000,10.9700,10.7700,10662869,116950447.7600
2023-04-27,sh.600720,10.9300,11.0000,10.8500,10.9700,10.9700,7828373,85488949.5400
2023-04-28,sh.600720,10.9600,11.3000,10.9300,11.2700,10.9700,9814044,109800885.9600
2023-05-04,sh.600720,11.2900,11.4900,11.2100,11.3600,11.2700,11910041,134995193.3900
2023-05-05,sh.600720,11.3700,12.1300,11.2300,12.0900,11.3600,42638755,503752186.5200
2023-05-08,sh.600720,12.3200,12.9000,12.3000,12.8800,12.0900,61529355,778521140.0000
2023-05-09,sh.600720,13.2400,13.4700,12.6100,12.7000,12.8800,60963650,793107927.5400
2023-05-10,sh.600720,12.5300,12.8600,12.4000,12.4800,12.7000,26925592,339464626.1900
2023-05-11,sh.600720,12.5700,12.7000,12.3100,12.3800,12.4800,17558511,218807691.0700
2023-05-12,sh.600720,12.4700,12.6800,12.1800,12.2000,12.3800,20411741,253008130.1700
2023-05-15,sh.600720,12.2500,12.2900,11.0200,11.5200,12.2000,47776415,542524597.7300
2023-05-16,sh.600720,11.5200,11.5600,11.1200,11.2000,11.5200,19001303,213947073.9100
2023-05-17,sh.600720,11.1600,11.5600,11.0500,11.4200,11.2000,13470909,152758095.7100
2023-05-18,sh.600720,11.4300,11.4300,11.2100,11.2400,11.4200,10649482,120389172.0900
2023-05-19,sh.600720,11.2000,11.3000,10.9200,11.1500,11.2400,12797103,141723519.8800
2023-05-22,sh.600720,11.0800,11.1400,10.9400,11.0200,11.1500,11096589,122113604.6000
2023-05-23,sh.600720,10.9900,11.1800,10.9800,10.9900,11.0200,9148097,101157118.6800
2023-05-24,sh.600720,10.9800,11.1200,10.9000,11.0300,10.9900,7374821,81177722.9500
2023-05-25,sh.600720,10.9900,11.1900,10.9600,11.1900,11.0300,9481505,105232181.8200
2023-05-26,sh.600720,11.2200,11.2900,11.0300,11.2700,11.1900,9508143,106353933.1800
2023-05-29,sh.600720,11.2500,11.5000,11.1800,11.3900,11.2700,10713862,121974852.9800
2023-05-30,sh.600720,11.3100,11.4800,11.2100,11.3900,11.3900,7201907,81669091.2200
2023-05-31,sh.600720,11.1700,11.1900,10.9200,11.1000,11.3900,10948309,121084264.7200
2023-06-01,sh.600720,11.0200,11.1200,10.9500,11.0400,11.1000,8407060,92894951.1700
2023-06-02,sh.600720,11.0200,11.3800,11.0100,11.3400,11.0400,9069167,101931963.0800
2023-06-05,sh.600720,11.3800,11.7000,11.3500,11.4600,11.3400,10096936,116343466.0500
2023-06-06,sh.600720,11.4600,11.5000,11.1400,11.1600,11.4600,8591175,97085090.8900
2023-06-07,sh.600720,11.1600,11.3100,11.1100,11.2100,11.1600,4277093,47958008.2800
2023-06-08,sh.600720,11.2000,11.4100,11.1200,11.4000,11.2100,7368800,83244997.6400
2023-06-09,sh.600720,11.4400,11.4700,11.1500,11.1700,11.4000,7389223,83032130.1300
2023-06-12,sh.600720,11.1500,11.3600,11.0500,11.2000,11.1700,5649404,63045978.5500
2023-06-13,sh.600720,11.1800,11.2600,11.1200,11.1300,11.2000,5164900,57668620.2800
2023-06-14,sh.600720,11.1200,11.1600,11.0000,11.0000,11.1300,6528107,72102135.9400
2023-06-15,sh.600720,11.0100,11.0700,11.0000,11.0400,11.0000,4415756,48717083.9600
2023-06-16,sh.600720,11.0900,11.7400,11.0900,11.3700,11.0400,17630538,201692748.0100
2023-06-19,sh.600720,11.3900,11.7500,11.2600,11.5400,11.3700,13329382,153623472.0000
2023-06-20,sh.600720,11.5000,11.5000,11.1500,11.1600,11.5400,11972351,135376949.6300
2023-06-21,sh.600720,11.1500,11.2100,11.0100,11.0300,11.1600,9250182,102592128.0800
2023-06-26,sh.600720,11.0200,11.0300,10.7800,10.8100,11.0300,9172985,99617041.9900
2023-06-27,sh.600720,10.8500,11.0100,10.8000,10.9700,10.8100,4413361,48286503.7700
2023-06-28,sh.600720,10.9700,10.9900,10.8000,10.9100,10.9700,4834102,52496789.7200
2023-06-29,sh.600720,10.8800,10.9400,10.7800,10.8300,10.9100,4449924,48292843.5600
2023-06-30,sh.600720,10.9100,11.5500,10.8900,11.3700,10.8300,16238106,183642179.7800
2023-07-03,sh.600720,11.4000,12.0000,11.2700,11.7200,11.3700,22335365,260958030.7400
2023-07-04,sh.600720,11.8000,11.8000,11.5100,11.5400,11.7200,13126200,152716452.4900
2023-07-05,sh.600720,11.5100,11.6100,11.4000,11.4500,11.5400,6081351,69744453.9000
2023-07-06,sh.600720,11.4000,11.5000,11.2500,11.2600,11.4500,7605579,86143640.7500
2023-07-07,sh.600720,11.2800,11.3600,11.2500,11.3000,11.2600,4542900,51299658.0000
2023-07-10,sh.600720,11.3400,11.3800,11.2500,11.3700,11.3000,5975405,67643850.9600
2023-07-11,sh.600720,11.4100,11.4800,11.3100,11.3900,11.3700,4452640,50598678.8600
2023-07-12,sh.600720,11.4100,11.4200,11.2000,11.2400,11.3900,5773503,65117669.6900
2023-07-13,sh.600720,11.0800,11.2400,11.0400,11.1200,11.2400,6741237,75084041.0800
2023-07-14,sh.600720,11.1600,11.1900,11.0700,11.0900,11.1200,4821292,53535523.2800
2023-07-17,sh.600720,11.0500,11.1400,11.0100,11.1400,11.0900,3604312,39898072.8400
2023-07-18,sh.600720,11.1200,11.2100,11.0800,11.1700,11.1400,3533936,39418140.0100
2023-07-19,sh.600720,11.1900,11.4600,11.1700,11.3400,11.1700,7893273,89548699.8400
2023-07-20,sh.600720,11.3200,11.4200,11.2900,11.3000,11.3400,5817443,66074451.2700
2023-07-21,sh.600720,11.3100,11.3500,11.2300,11.3300,11.3000,4621585,52168431.8100
2023-07-24,sh.600720,11.4000,11.4200,11.2400,11.2600,11.3300,4303196,48658877.3300
2023-07-25,sh.600720,11.3200,11.5100,11.3200,11.4800,11.2600,8549513,98073268.6700
2023-07-26,sh.600720,11.5000,11.6800,11.4800,11.5800,11.4800,10176223,117952702.1300
2023-07-27,sh.600720,11.5100,11.6600,11.4600,11.5900,11.5800,9461150,109863137.0000
2023-07-28,sh.600720,11.7300,11.9200,11.6600,11.8500,11.5900,15974615,188381031.9400
2023-07-31,sh.600720,11.9000,12.0900,11.8300,11.9500,11.8500,14628509,174742689.3000
2023-08-01,sh.600720,11.9200,11.9700,11.8300,11.8700,11.9500,9298919,110590211.2300
2023-08-02,sh.600720,11.8300,11.9800,11.7700,11.8500,11.8700,6997426,82939240.2000
2023-08-03,sh.600720,11.8400,11.9300,11.7400,11.8300,11.8500,5537468,65424155.8800
2023-08-04,sh.600720,11.9000,11.9000,11.7400,11.8100,11.8300,5912035,69864378.5500
2023-08-07,sh.600720,11.7800,11.8400,11.4800,11.5200,11.8100,8881731,102845768.1200
2023-08-08,sh.600720,11.5500,11.6100,11.4800,11.5200,11.5200,4701862,54230514.0500
2023-08-09,sh.600720,11.5000,11.5800,11.3800,11.4200,11.5200,7431832,85158112.1300
2023-08-10,sh.600720,11.5200,11.5200,11.4100,11.4800,11.4200,3219236,36870000.9200
2023-08-11,sh.600720,11.4800,11.5300,11.2500,11.2700,11.4800,7127943,80846289.1500
2023-08-14,sh.600720,11.2000,11.4500,11.1200,11.3600,11.2700,7250610,81685645.2800
2023-08-15,sh.600720,11.3700,11.3800,11.1500,11.2900,11.3600,4221572,47567450.0400
2023-08-16,sh.600720,11.2400,11.3700,11.1900,11.2800,11.2900,3762514,42456963.1400
2023-08-17,sh.600720,11.2100,11.3200,11.1600,11.3000,11.2800,4327400,48632504.0000
2023-08-18,sh.600720,11.3900,11.5900,11.2200,11.2300,11.3000,7712709,87829197.0600
2023-08-21,sh.600720,11.2000,11.3800,11.1300,11.1400,11.2300,6602201,74048169.2400
2023-08-22,sh.600720,11.1700,11.3200,11.0800,11.1900,11.1400,8418794,94297416.2700
2023-08-23,sh.600720,11.3300,11.3700,11.1000,11.1200,11.1900,8725734,97673721.8800
2023-08-24,sh.600720,11.1500,11.1700,10.7100,10.8800,11.1200,12130540,132349713.6000
2023-08-25,sh.600720,10.8100,11.0000,10.8000,10.9000,10.8800,5896927,64255138.2400
2023-08-28,sh.600720,11.3000,11.3600,11.0800,11.1200,10.9000,13038713,146757154.1600
2023-08-29,sh.600720,11.1200,11.2500,11.0800,11.2100,11.1200,8749312,97589303.9200
2023-08-30,sh.600720,11.3400,11.3400,11.1000,11.1500,11.2100,5336680,59557370.3900
2023-08-31,sh.600720,11.1500,11.2400,11.1000,11.1500,11.1500,4176168,46539519.9100
2023-09-01,sh.600720,11.1800,11.2500,11.1300,11.2100,11.1500,4055400,45441204.0000
2023-09-04,sh.600720,11.2200,11.3800,11.2000,11.3600,11.2100,7087506,80303529.0800
2023-09-05,sh.600720,11.3500,11.3500,11.2600,11.3000,11.3600,4417300,49883317.9900
2023-09-06,sh.600720,11.2900,11.3300,11.2000,11.3100,11.3000,3981400,44849789.0000
2023-09-07,sh.600720,11.2400,11.3200,11.1000,11.1200,11.3100,6773900,75857941.0000
2023-09-08,sh.600720,11.1000,11.1400,11.0300,11.0700,11.1200,3846542,42559873.5200
2023-09-11,sh.600720,11.1100,11.2400,11.0600,11.2300,11.0700,5961230,66439805.7000
2023-09-12,sh.600720,11.2300,11.2300,11.1300,11.1500,11.2300,3105320,34710960.6000
2023-09-13,sh.600720,11.1100,11.2300,11.1100,11.1300,11.1500,4152014,46339588.4500
2023-09-14,sh.600720,11.1300,11.3000,11.0800,11.2700,11.1300,6369369,71643149.6000
2023-09-15,sh.600720,11.3300,11.4300,11.2600,11.3500,11.2700,8993840,101971156.9000
2023-09-18,sh.600720,11.3400,11.3500,11.1700,11.2100,11.3500,6009705,67389773.0500
2023-09-19,sh.600720,11.3000,11.5200,11.2200,11.4000,11.2100,10213240,116321510.7400
2023-09-20,sh.600720,11.5100,11.5300,11.3100,11.4000,11.4000,6571539,75158183.1800
2023-09-21,sh.600720,11.4100,11.4400,11.3500,11.4000,11.4000,4242881,48352694.3600
2023-09-22,sh.600720,11.4100,11.5000,11.3300,11.4800,11.4000,7929200,90676092.0000
2023-09-25,sh.600720,11.4800,11.6200,11.4400,11.5000,11.4800,10840292,124820679.2400
2023-09-26,sh.600720,11.5000,11.6400,11.4300,11.5000,11.5000,10422511,120180717.3200
2023-09-27,sh.600720,11.5300,11.5300,11.1000,11.1000,11.5000,14236959,159608802.0800
2023-09-28,sh.600720,11.1200,11.2600,11.0600,11.2500,11.1000,7323203,81723877.4200
2023-10-09,sh.600720,11.2300,11.2300,11.0700,11.1700,11.2500,5640690,62865890.7400
2023-10-10,sh.600720,11.2000,11.2400,10.9300,10.9500,11.1700,7541044,83330659.8400
2023-10-11,sh.600720,10.9800,11.0600,10.9500,11.0000,10.9500,3382492,37185558.2400
2023-10-12,sh.600720,11.0100,11.1200,10.9500,11.1100,11.0000,5619444,62017932.5600
2023-10-13,sh.600720,11.1100,11.1100,11.0000,11.0200,11.1100,3302000,36399503.0000
2023-10-16,sh.600720,11.0500,11.1600,10.9900,11.0400,11.0200,4319084,47780454.2000
2023-10-17,sh.600720,11.0400,11.1100,11.0100,11.1000,11.0400,3538800,39126611.0000
2023-10-18,sh.600720,11.0800,11.2200,11.0500,11.1100,11.1000,5985552,66670100.7600
2023-10-19,sh.600720,11.0800,11.0900,10.9300,10.9300,11.1100,4935198,54340556.3400
2023-10-20,sh.600720,10.8500,10.9500,10.8300,10.8500,10.9300,3446081,37486919.3300
2023-10-23,sh.600720,10.8600,10.8700,10.2200,10.2900,10.8500,6526789,68395026.1100
2023-10-24,sh.600720,10.3800,10.4600,10.2800,10.4300,10.2900,3415574,35496927.0800
2023-10-25,sh.600720,10.7400,11.0900,10.7300,10.8200,10.4300,10177334,110769692.2900
2023-10-26,sh.600720,10.8000,10.8100,10.4800,10.6500,10.8200,5378600,57086229.0000
2023-10-27,sh.600720,10.6500,10.7900,10.5400,10.7900,10.6500,4163327,44576863.8200
2023-10-30,sh.600720,10.7200,10.9900,10.7200,10.8500,10.7900,4879454,53113739.2200
2023-10-31,sh.600720,11.0500,11.0500,10.8000,10.8500,10.8500,6072674,66082768.7400
2023-11-01,sh.600720,10.9800,10.9900,10.6600,10.6800,10.8500,4567200,49131985.0000
2023-11-02,sh.600720,10.6500,10.7800,10.5500,10.6400,10.6800,3574600,38040352.0000
2023-11-03,sh.600720,10.6000,10.7300,10.6000,10.6600,10.6400,2955093,31542347.0300
2023-11-06,sh.600720,10.6900,10.7500,10.6500,10.7300,10.6600,3901500,41744121.0000
2023-11-07,sh.600720,10.6900,10.7400,10.5500,10.6300,10.7300,5179630,54994584.4000
2023-11-08,sh.600720,10.6400,10.6600,10.5500,10.5800,10.6300,4297678,45558919.4000
2023-11-09,sh.600720,10.5600,10.7000,10.5500,10.6100,10.5800,4246281,45078218.5900
2023-11-10,sh.600720,10.5700,10.6100,10.4700,10.5100,10.6100,4105200,43129466.0000
2023-11-13,sh.600720,10.4900,10.6300,10.4500,10.6100,10.5100,3954400,41683822.0000
2023-11-14,sh.600720,10.6000,10.6600,10.4900,10.5300,10.6100,3716238,39197720.5800
2023-11-15,sh.600720,10.5900,10.6500,10.5500,10.6000,10.5300,4247807,44978232.3900
2023-11-16,sh.600720,10.5900,10.5900,10.5100,10.5500,10.6000,2677285,28219849.9200
2023-11-17,sh.600720,10.5500,10.5700,10.4700,10.5600,10.5500,2905627,30569729.8500
2023-11-20,sh.600720,10.5600,10.5900,10.5000,10.5600,10.5600,4197977,44235121.6300
2023-11-21,sh.600720,10.5600,10.6600,10.5300,10.6100,10.5600,5198672,55194052.5000
2023-11-22,sh.600720,10.6200,10.6200,10.4700,10.4800,10.6100,3564400,37506467.4900
2023-11-23,sh.600720,10.4900,10.6100,10.4100,10.5900,10.4800,4476200,47101253.0000
2023-11-24,sh.600720,10.7200,10.8500,10.4800,10.5100,10.5900,8938600,94921604.0000
2023-11-27,sh.600720,10.4800,10.5300,10.3600,10.5000,10.5100,5905297,61607248.5000
2023-11-28,sh.600720,10.4600,10.5700,10.4300,10.5700,10.5000,3083297,32447889.4100
2023-11-29,sh.600720,10.5100,10.5800,10.4000,10.4200,10.5700,3444207,36075644.5500
2023-11-30,sh.600720,10.3700,10.4400,10.3100,10.3300,10.4200,3254801,33733961.9400
2023-12-01,sh.600720,10.4200,10.5400,10.2800,10.4900,10.3300,6085421,63571378.7100
2023-12-04,sh.600720,10.5800,10.6400,10.4400,10.5400,10.4900,6386570,67393677.7500
2023-12-05,sh.600720,10.4800,10.5300,10.3500,10.3600,10.5400,4994800,51962492.0000
2023-12-06,sh.600720,10.4500,10.4500,10.2800,10.3200,10.3600,3791700,39242872.7300
2023-12-07,sh.600720,10.2300,10.4200,10.1800,10.3700,10.3200,6213981,64188126.7800
2023-12-08,sh.600720,10.3600,10.3900,10.1400,10.1800,10.3700,10230724,104670212.2200
2023-12-11,sh.600720,10.1800,10.2600,9.9800,10.1900,10.1800,7520525,76205092.0000
2023-12-12,sh.600720,10.1700,10.2400,10.0800,10.2100,10.1900,5371050,54598526.5900
2023-12-13,sh.600720,10.2200,10.2200,10.0500,10.0500,10.2100,4164706,42142056.9400
2023-12-14,sh.600720,10.1200,10.1800,10.0500,10.0600,10.0500,3827597,38675572.7600
2023-12-15,sh.600720,10.0800,10.1800,10.0600,10.1200,10.0600,2866415,28955719.8200
2023-12-18,sh.600720,10.1700,10.1800,9.9600,10.0000,10.1200,3971800,39895078.0000
2023-12-19,sh.600720,10.2500,10.3500,10.0600,10.1300,10.0000,8620638,87919584.1800
2023-12-20,sh.600720,10.1000,10.1500,9.9800,10.0100,10.1300,5347710,53738880.0000
2023-12-21,sh.600720,10.0600,10.1300,9.9800,10.1300,10.0100,4052740,40873407.4200
2023-12-22,sh.600720,10.1400,10.2300,10.0100,10.1900,10.1300,5961453,60404769.5100
2023-12-25,sh.600720,10.1400,10.1900,10.0600,10.1300,10.1900,4144507,41963359.5600
2023-12-26,sh.600720,10.1300,10.2000,10.1000,10.1600,10.1300,3460900,35127971.0000
2023-12-27,sh.600720,10.1400,10.2500,10.1000,10.2300,10.1600,4147904,42263631.7800
2023-12-28,sh.600720,10.2000,10.2400,9.9700,10.1200,10.2300,9716398,98012076.2600
2023-12-29,sh.600720,10.1000,10.1800,10.0400,10.0800,10.1200,6513734,65730042.1400
2024-01-02,sh.600720,10.0700,10.0800,10.0100,10.0300,10.0800,4363500,43809132.4500
2024-01-03,sh.600720,10.0100,10.0500,9.7800,9.8000,10.0300,8575086,84739416.3300
2024-01-04,sh.600720,9.7100,9.7600,9.3200,9.3900,9.8000,11454313,107994905.0000
2024-01-05,sh.600720,9.3600,9.6600,9.3100,9.4600,9.3900,9021983,85695353.2100
2024-01-08,sh.600720,9.4800,9.5400,9.2700,9.2700,9.4600,5023400,46995848.9900
2024-01-09,sh.600720,9.2700,9.3200,9.0700,9.1000,9.2700,6048560,55482229.3500
2024-01-10,sh.600720,9.1100,9.1300,8.9800,9.0500,9.1000,5752500,52002540.0000
2024-01-11,sh.600720,9.0300,9.1600,9.0200,9.1400,9.0500,4221212,38381106.1100
2024-01-12,sh.600720,9.1300,9.2400,9.1100,9.1600,9.1400,3789518,34804024.9200
2024-01-15,sh.600720,9.1800,9.2500,9.0800,9.1900,9.1600,3399401,31182721.2600
2024-01-16,sh.600720,9.2300,9.2300,9.0600,9.1600,9.1900,2981523,27239422.2000
2024-01-17,sh.600720,9.1600,9.1600,8.9100,8.9100,9.1600,3406110,30790448.2000
2024-01-18,sh.600720,8.8900,8.9400,8.3900,8.6400,8.9100,8736048,75213886.2700
2024-01-19,sh.600720,8.6400,8.7000,8.5200,8.5900,8.6400,5895190,50771160.0000
2024-01-22,sh.600720,8.5900,8.6300,8.0000,8.1400,8.5900,9791992,81128809.8300
2024-01-23,sh.600720,8.0700,8.3300,7.9000,8.2600,8.1400,6639633,53993817.5200
2024-01-24,sh.600720,8.3000,8.6200,8.1400,8.6100,8.2600,7733172,64859812.1600
2024-01-25,sh.600720,8.6000,9.1700,8.5200,9.1000,8.6100,14644223,131507976.3500
2024-01-26,sh.600720,9.2100,9.5200,9.1300,9.2200,9.1000,14372189,133911460.4900
2024-01-29,sh.600720,9.6000,9.9400,9.4300,9.6300,9.2200,27397711,263817928.2500
2024-01-30,sh.600720,9.4500,9.7200,9.2600,9.2900,9.6300,16714247,158312614.3700
2024-01-31,sh.600720,9.2200,9.3900,9.0500,9.1100,9.2900,9859586,90740463.4700
2024-02-01,sh.600720,9.0500,9.1100,8.8200,8.8600,9.1100,10075732,90231661.4800
2024-02-02,sh.600720,8.9500,9.1500,8.6100,8.7800,8.8600,11138192,99021659.8200
2024-02-05,sh.600720,8.7000,8.7100,8.1600,8.3400,8.7800,11987224,101138542.6500
2024-02-06,sh.600720,8.3400,9.1300,8.2200,9.1000,8.3400,12222384,106843231.2000
2024-02-07,sh.600720,9.1000,9.3900,9.0100,9.3100,9.1000,15632624,144323503.9700
2024-02-08,sh.600720,9.4500,9.7100,9.2400,9.4900,9.3100,13347201,127410406.4300
2024-02-19,sh.600720,9.5000,9.8300,9.5000,9.7000,9.4900,13625793,132054611.4100
2024-02-20,sh.600720,9.7000,9.7000,9.4300,9.5500,9.7000,6792456,64648275.5600
2024-02-21,sh.600720,9.4700,9.7900,9.4000,9.5900,9.5500,8727584,84311745.0800
2024-02-22,sh.600720,9.5700,9.6500,9.4400,9.5400,9.5900,7060270,67166520.1000
2024-02-23,sh.600720,9.5400,9.5500,9.3700,9.4600,9.5400,7666129,72209744.3600
2024-02-26,sh.600720,9.5100,9.6500,9.4700,9.5500,9.4600,10116963,96662562.7900
2024-02-27,sh.600720,9.5500,9.9100,9.4500,9.8900,9.5500,11371700,110854914.1000
2024-02-28,sh.600720,9.8700,9.9600,9.5800,9.5800,9.8900,11028698,108146798.3400
2024-02-29,sh.600720,9.5300,9.7900,9.4800,9.7800,9.5800,7481020,72602294.6600
2024-03-01,sh.600720,9.9000,9.9000,9.7200,9.8000,9.7800,5850219,57300119.6600
2024-03-04,sh.600720,9.8600,9.8600,9.6000,9.6800,9.8000,7334800,70866308.0000
2024-03-05,sh.600720,9.7000,9.7300,9.6100,9.6400,9.6800,5821433,56191507.7100
2024-03-06,sh.600720,9.6200,9.7000,9.5400,9.6500,9.6400,4578811,44093655.1500
2024-03-07,sh.600720,9.6100,9.8500,9.6100,9.6800,9.6500,6562684,63980083.8000
2024-03-08,sh.600720,9.7000,9.8300,9.6200,9.8200,9.6800,4649001,45290236.3000
2024-03-11,sh.600720,9.8200,9.9300,9.7300,9.8500,9.8200,5225838,51318391.8100
2024-03-12,sh.600720,9.9400,10.0600,9.8600,9.9000,9.8500,7940592,78721445.9600
2024-03-13,sh.600720,9.8600,9.9700,9.8000,9.8700,9.9000,5339759,52766791.9200
2024-03-14,sh.600720,9.8900,9.9600,9.8500,9.9400,9.8700,5769186,57245285.9600
2024-03-15,sh.600720,9.8900,9.9800,9.8400,9.9800,9.9400,7238700,71940582.0000
2024-03-18,sh.600720,9.9500,10.0800,9.9100,10.0800,9.9800,7657359,76509404.7700
2024-03-19,sh.600720,10.1500,10.1900,10.0000,10.0000,10.0800,6804200,68490735.5500
2024-03-20,sh.600720,9.9000,10.0300,9.9000,9.9800,10.0000,5541068,55263808.2800
2024-03-21,sh.600720,10.0300,10.0600,9.9200,9.9600,9.9800,3630501,36192625.4700
2024-03-22,sh.600720,9.9200,9.9900,9.8200,9.8300,9.9600,5545354,54849941.7600
2024-03-25,sh.600720,9.8000,9.9900,9.7200,9.8100,9.8300,6467514,63864724.3000
2024-03-26,sh.600720,9.7800,9.9000,9.7200,9.8800,9.8100,5110326,50091373.7400
2024-03-27,sh.600720,9.6700,9.7200,9.1800,9.2200,9.8800,14261233,134221320.6200
2024-03-28,sh.600720,9.1300,9.5200,9.1300,9.4700,9.2200,12541615,118102882.5400
2024-03-29,sh.600720,9.5000,9.8000,9.4900,9.7600,9.4700,10796884,104070122.7200
2024-04-01,sh.600720,9.8500,10.1500,9.7900,10.1400,9.7600,15522716,154999283.4000
2024-04-02,sh.600720,10.0300,10.1800,9.9800,10.0700,10.1400,7951290,79964868.5800
2024-04-03,sh.600720,10.0500,10.0900,9.8800,9.9900,10.0700,6622818,66156277.1800
2024-04-08,sh.600720,9.9900,10.0100,9.8600,9.8600,9.9900,6635407,65888952.9400
2024-04-09,sh.600720,9.8600,9.9700,9.8300,9.8700,9.8600,5155650,51029071.2000
2024-04-10,sh.600720,9.8200,9.8800,9.5800,9.7000,9.8700,6361824,61951155.1700
2024-04-11,sh.600720,9.6500,10.0100,9.5600,9.8900,9.7000,5991343,59129787.4000
2024-04-12,sh.600720,9.9100,10.0000,9.8000,9.8200,9.8900,3964901,39246360.9000
2024-04-15,sh.600720,9.8100,10.1400,9.6400,10.0300,9.8200,12181718,121518975.0900
2024-04-16,sh.600720,10.1500,11.0300,10.0300,10.6600,10.0300,44712488,471242561.9200
2024-04-17,sh.600720,10.3000,11.4800,10.2100,11.2700,10.6600,59828914,653605140.1900
2024-04-18,sh.600720,10.9800,11.8800,10.8800,11.1300,11.2700,71063731,800340362.6300
2024-04-19,sh.600720,11.0500,12.2400,11.0200,11.9500,11.1300,85829091,1000255936.0600
2024-04-22,sh.600720,11.8800,12.4900,11.2900,12.1100,11.9500,84251768,1005773553.3900
2024-04-23,sh.600720,11.7300,12.0300,11.4400,11.5000,12.1100,67257694,788912668.4900
2024-04-24,sh.600720,11.3300,11.8600,11.2800,11.5400,11.5000,58518535,679902925.9800
2024-04-25,sh.600720,11.6000,11.8300,11.4200,11.5100,11.5400,44307268,514497002.1700
2024-04-26,sh.600720,11.3800,12.2500,11.3100,11.8300,11.5100,79749581,943196889.8600
2024-04-29,sh.600720,11.6500,11.6600,11.2600,11.4700,11.8300,50381519,576553374.0300
2024-04-30,sh.600720,11.3500,11.4400,10.7100,10.8200,11.4700,44916835,491239145.5200
2024-05-06,sh.600720,10.9800,11.0300,10.8300,11.0000,10.8200,25420609,277827371.0600
2024-05-07,sh.600720,10.9400,11.1500,10.8600,10.9100,11.0000,25102651,275920259.3300
2024-05-08,sh.600720,10.8600,10.9200,10.4600,10.5400,10.9100,24876909,263519675.9600
2024-05-09,sh.600720,10.5000,10.8800,10.5000,10.7900,10.5400,23149052,247047742.8400
2024-05-10,sh.600720,10.8100,10.8200,10.5500,10.6400,10.7900,14897999,158389359.3300
2024-05-13,sh.600720,10.4800,10.5900,10.2500,10.4500,10.6400,18062552,187835401.4000
2024-05-14,sh.600720,10.4800,10.5900,10.4200,10.5700,10.4500,12694400,133486158.0000
2024-05-15,sh.600720,10.5100,10.7100,10.4700,10.5500,10.5700,14065904,149011627.5200
2024-05-16,sh.600720,10.4900,10.9800,10.4700,10.8700,10.5500,33903557,365819318.8600
2024-05-17,sh.600720,11.0900,11.2100,10.8000,11.0000,10.8700,37250483,407907732.7600
2024-05-20,sh.600720,10.8800,10.9200,10.5700,10.7800,11.0000,29392140,315808280.4600
2024-05-21,sh.600720,10.7800,10.8000,10.5300,10.6000,10.7800,14251571,151426395.6400
2024-05-22,sh.600720,10.5300,10.7400,10.5200,10.6000,10.6000,14947312,158795778.0800
2024-05-23,sh.600720,10.5700,10.5800,10.1000,10.1600,10.6000,20039276,205934353.4800
2024-05-24,sh.600720,10.1000,10.2000,10.0200,10.0200,10.1600,11156901,112598126.1300
2024-05-27,sh.600720,10.0000,10.0700,9.8200,10.0000,10.0200,11544984,114318145.6000
2024-05-28,sh.600720,9.9500,9.9900,9.7400,9.7500,10.0000,9822509,96502636.0500
2024-05-29,sh.600720,9.7700,9.9000,9.6700,9.7100,9.7500,8128851,79518028.8000
2024-05-30,sh.600720,9.7100,9.7700,9.6100,9.6500,9.7100,7866364,76251442.9200
2024-05-31,sh.600720,9.6500,9.7700,9.6500,9.7500,9.6500,6175239,60042706.3000
2024-06-03,sh.600720,9.7500,9.7700,9.4800,9.5600,9.7500,9111700,87481439.0000
2024-06-04,sh.600720,9.6100,9.9700,9.5700,9.9500,9.5600,15525200,152480354.0000
2024-06-05,sh.600720,10.0000,10.0000,9.7700,9.7900,9.9500,10165430,100585982.8400
2024-06-06,sh.600720,9.8200,9.8400,9.5800,9.6100,9.7900,9365400,90626015.0000
2024-06-07,sh.600720,9.6800,9.7900,9.6100,9.7300,9.6100,6360428,61696997.1400
2024-06-11,sh.600720,9.7200,9.7300,9.3900,9.5100,9.7300,9421562,89427531.5600
2024-06-12,sh.600720,9.5200,9.6200,9.4500,9.5700,9.5100,5548620,53093304.0000
2024-06-13,sh.600720,9.2900,9.2900,9.0300,9.0600,9.2000,7661181,69888240.5600
2024-06-14,sh.600720,9.0100,9.1800,8.9600,9.1600,9.0600,5908229,53850265.2400
2024-06-17,sh.600720,9.1500,9.2100,9.0600,9.0700,9.1600,4606630,42056378.2000
2024-06-18,sh.600720,9.0800,9.3200,9.0700,9.2800,9.0700,8048841,74307733.7800
2024-06-19,sh.600720,9.2900,9.6800,9.2900,9.4500,9.2800,18212001,173125256.8600
2024-06-20,sh.600720,9.5000,9.5200,9.0100,9.0400,9.4500,14081276,129390218.1600
2024-06-21,sh.600720,9.0100,9.3000,9.0100,9.2400,9.0400,10540101,97146628.2400
2024-06-24,sh.600720,9.2000,9.2000,8.8500,8.8600,9.2400,9418400,84391968.1000
2024-06-25,sh.600720,8.8600,8.9900,8.7900,8.8600,8.8600,6308490,56111353.7000
2024-06-26,sh.600720,8.8200,9.0500,8.7200,9.0400,8.8600,6510840,57921732.9000
2024-06-27,sh.600720,8.9700,9.0300,8.7600,8.7700,9.0400,6889700,60969022.0000
2024-06-28,sh.600720,8.7500,9.0300,8.7400,8.9000,8.7700,7786281,69692654.9600
2024-07-01,sh.600720,8.9800,9.0700,8.9100,9.0400,8.9000,5407980,48745681.0000
2024-07-02,sh.600720,9.0100,9.0400,8.8400,8.9000,9.0400,6416510,57287346.7000
2024-07-03,sh.600720,8.8600,8.9300,8.8100,8.8300,8.9000,3444200,30486121.0000
2024-07-04,sh.600720,8.8800,8.9000,8.6700,8.7200,8.8300,5197200,45539342.0000
2024-07-05,sh.600720,8.6600,8.7700,8.6000,8.7200,8.7200,4077645,35411446.5000
2024-07-08,sh.600720,8.7200,8.7700,8.4500,8.4900,8.7200,6214461,53126458.6700
2024-07-09,sh.600720,8.8000,8.9800,8.6700,8.9400,8.4900,16203450,143253743.2000
2024-07-10,sh.600720,8.9000,9.1200,8.8600,8.9200,8.9400,10932300,98401327.0000
2024-07-11,sh.600720,9.0800,9.2000,9.0000,9.1200,8.9200,9620700,87399119.0000
2024-07-12,sh.600720,9.1500,9.1700,8.9900,9.0200,9.1200,6830200,61936973.0000
2024-07-15,sh.600720,8.9500,9.0900,8.9000,9.0000,9.0200,5672600,51065002.0000
2024-07-16,sh.600720,8.9400,9.1400,8.8900,9.0800,9.0000,7074400,63824773.0000
2024-07-17,sh.600720,9.1200,9.1500,9.0200,9.0500,9.0800,4950400,44892766.0000
2024-07-18,sh.600720,9.0500,9.0800,8.9000,9.0700,9.0500,6322811,57029717.0700
2024-07-19,sh.600720,9.0500,9.1700,9.0200,9.1500,9.0700,7015428,64026101.0000
2024-07-22,sh.600720,9.1500,9.1900,8.9200,8.9900,9.1500,7549200,68169658.0000
2024-07-23,sh.600720,8.9900,9.0300,8.7700,8.7700,8.9900,6264020,55858754.1000
2024-07-24,sh.600720,8.7600,8.8700,8.6500,8.6800,8.7700,5078844,44359883.4400
2024-07-25,sh.600720,8.6400,8.7600,8.6000,8.6900,8.6800,4455900,38649683.3100
2024-07-26,sh.600720,8.7200,8.8700,8.6600,8.7900,8.6900,4045359,35587349.0200
2024-07-29,sh.600720,8.7900,8.8600,8.6800,8.7800,8.7900,3690325,32412805.4200
2024-07-30,sh.600720,8.7800,8.8700,8.7100,8.8300,8.7800,4295935,37803365.9400
2024-07-31,sh.600720,8.8300,9.1400,8.8300,9.1400,8.8300,9417501,85064457.4400
2024-08-01,sh.600720,9.2300,9.2900,9.1000,9.1600,9.1400,6949250,63820161.0200
2024-08-02,sh.600720,9.1800,9.3300,9.0700,9.1700,9.1600,9554848,88255007.0500
2024-08-05,sh.600720,9.1000,9.2400,9.0000,9.0000,9.1700,8669778,79016300.0400
2024-08-06,sh.600720,9.0500,9.1500,8.9200,9.0400,9.0000,5245927,47323649.2000
2024-08-07,sh.600720,9.0500,9.0800,8.9500,8.9800,9.0400,4491982,40459585.7400
2024-08-08,sh.600720,8.9700,9.0600,8.9100,9.0100,8.9800,4545490,40859202.0000
2024-08-09,sh.600720,9.0000,9.1500,8.9500,8.9900,9.0100,5312029,48191582.7100
2024-08-12,sh.600720,9.0400,9.0600,8.8300,8.8700,8.9900,4926147,43911769.4100
2024-08-13,sh.600720,8.8600,8.9800,8.8100,8.9600,8.8700,3841100,34212895.0000
2024-08-14,sh.600720,9.0000,9.1800,8.9700,8.9800,8.9600,7352106,66591285.9400
2024-08-15,sh.600720,8.9100,9.0600,8.8200,8.9900,8.9800,5642733,50567921.4800
2024-08-16,sh.600720,9.0000,9.0200,8.8200,8.8300,8.9900,4861345,43184202.9000
2024-08-19,sh.600720,8.8000,8.9200,8.7800,8.8200,8.8300,3143252,27796885.1600
2024-08-20,sh.600720,8.8000,8.8300,8.5600,8.6200,8.8200,5890476,50871842.4400
2024-08-21,sh.600720,8.5800,8.6200,8.5100,8.5100,8.6200,2935490,25070832.8000
2024-08-22,sh.600720,8.5300,8.5700,8.3200,8.3500,8.5100,5449000,45818686.5000
2024-08-23,sh.600720,8.2900,8.5000,8.2900,8.4600,8.3500,5210301,43783629.4600
2024-08-26,sh.600720,8.5100,8.8000,8.4900,8.6500,8.4600,7206917,62416114.5900
2024-08-27,sh.600720,8.5800,8.7200,8.4600,8.6800,8.6500,6112834,52349512.2200
2024-08-28,sh.600720,8.5900,8.6300,8.4100,8.4200,8.6800,5324463,45263349.9100
2024-08-29,sh.600720,8.4500,8.5800,8.4000,8.5300,8.4200,4923090,41781501.5000
2024-08-30,sh.600720,8.5700,8.7400,8.2300,8.5800,8.5300,12362564,105027925.8400
2024-09-02,sh.600720,8.6200,8.6200,8.3000,8.3000,8.5800,7537900,63382511.0000
2024-09-03,sh.600720,8.3000,8.4200,8.2900,8.3300,8.3000,4637600,38686146.0000
2024-09-04,sh.600720,8.2900,8.2900,7.9500,8.0200,8.3300,11518301,93091925.0200
2024-09-05,sh.600720,8.0300,8.1400,8.0100,8.0900,8.0200,3778700,30540813.0000
2024-09-06,sh.600720,8.1000,8.1500,7.9200,7.9200,8.0900,5199675,41693429.5300
2024-09-09,sh.600720,7.9400,7.9400,7.7600,7.8000,7.9200,5381338,42152074.8000
2024-09-10,sh.600720,7.8700,7.9700,7.7100,7.9400,7.8000,7108800,55652156.4000
2024-09-11,sh.600720,7.9000,7.9600,7.8400,7.9400,7.9400,4060402,32088639.7800
2024-09-12,sh.600720,7.9300,8.0800,7.9100,7.9500,7.9400,4624002,36947317.8800
2024-09-13,sh.600720,7.9000,8.0400,7.9000,7.9800,7.9500,3989874,31856652.7800
2024-09-18,sh.600720,7.9200,8.0300,7.8100,8.0100,7.9800,3967900,31429756.3000
2024-09-19,sh.600720,8.0200,8.2500,7.9700,8.2500,8.0100,7328100,59834227.0000
2024-09-20,sh.600720,8.2400,8.2400,8.0900,8.2100,8.2500,5526530,45081869.9000
2024-09-23,sh.600720,8.2100,8.2500,8.1000,8.2300,8.2100,4251800,34806410.5000
2024-09-24,sh.600720,8.2500,8.6500,8.2500,8.6400,8.2300,12043542,101929243.5400
2024-09-25,sh.600720,8.6800,8.9000,8.6600,8.7100,8.6400,10058300,88513924.0000
2024-09-26,sh.600720,8.7200,9.0300,8.6700,9.0100,8.7100,9604210,85222328.6600
2024-09-27,sh.600720,9.1400,9.2800,9.1000,9.2600,9.0100,8601669,79308660.4900
2024-09-30,sh.600720,9.5000,10.1000,9.4900,9.9900,9.2600,28126967,276705148.8600
2024-10-08,sh.600720,10.9500,10.9900,9.8100,10.3000,9.9900,32901370,340440116.9700
2024-10-09,sh.600720,10.1200,10.1200,9.3500,9.3800,10.3000,25462046,245545275.7700
2024-10-10,sh.600720,9.2900,10.3000,9.2800,9.9600,9.3800,34580623,343476898.9300
2024-10-11,sh.600720,9.9800,9.9900,9.3400,9.4500,9.9600,19595669,187661046.9200
2024-10-14,sh.600720,9.4900,9.8700,9.4100,9.8000,9.4500,18344522,177466385.6100
2024-10-15,sh.600720,9.7700,9.7800,9.4600,9.4700,9.8000,15719540,151114260.9000
2024-10-16,sh.600720,9.4000,9.9000,9.3900,9.7400,9.4700,17129577,166206241.7500
2024-10-17,sh.600720,9.8000,9.8400,9.5000,9.5200,9.7400,13379260,129269852.9200
2024-10-18,sh.600720,9.5200,9.7800,9.3400,9.6200,9.5200,16247463,155409288.2200
2024-10-21,sh.600720,9.6700,9.7800,9.5600,9.7200,9.6200,16499984,159898232.5400
2024-10-22,sh.600720,9.7500,9.7500,9.5600,9.6400,9.7200,11388065,109632457.3400
2024-10-23,sh.600720,9.7000,9.9300,9.6500,9.8400,9.6400,19945713,196200655.2300
2024-10-24,sh.600720,9.8300,9.8300,9.5600,9.6500,9.8400,10536702,101645534.2100
2024-10-25,sh.600720,9.6200,9.7500,9.6100,9.7000,9.6500,11887430,115111618.0000
2024-10-28,sh.600720,9.7100,9.9800,9.6700,9.9400,9.7000,15316009,151244716.1400
2024-10-29,sh.600720,9.9900,10.0700,9.6700,9.6900,9.9400,14316385,140713341.3500
2024-10-30,sh.600720,9.7000,9.8500,9.5800,9.6800,9.6900,12267647,118941391.0000
2024-10-31,sh.600720,9.5600,9.7300,9.4200,9.6800,9.6800,18232331,174499649.1900
2024-11-01,sh.600720,9.6600,9.7700,9.4300,9.5700,9.6800,17532567,168172590.4300
2024-11-04,sh.600720,9.6600,9.6600,9.4800,9.6400,9.5700,9374980,89605710.8000
2024-11-05,sh.600720,9.6500,9.7700,9.6000,9.7700,9.6400,14905655,144724403.7100
2024-11-06,sh.600720,9.8700,10.5400,9.7500,10.2800,9.7700,48254239,490783253.2600
2024-11-07,sh.600720,10.2400,10.4300,10.1000,10.3500,10.2800,30105576,309696990.3600
2024-11-08,sh.600720,10.4300,10.4900,10.0100,10.0700,10.3500,25436556,258802160.8400
2024-11-11,sh.600720,10.1000,10.1100,9.8300,10.0200,10.0700,20427211,202953724.1600
2024-11-12,sh.600720,10.0100,10.0700,9.8000,9.8800,10.0200,18951355,188526535.9000
2024-11-13,sh.600720,9.8600,10.0200,9.8000,9.9200,9.8800,13284431,131486549.1000
2024-11-14,sh.600720,9.9000,9.9500,9.7000,9.7000,9.9200,12610563,123592686.4200
2024-11-15,sh.600720,9.7000,9.9300,9.5500,9.5600,9.7000,12076017,117493127.8800
2024-11-18,sh.600720,9.6600,9.9000,9.5300,9.5800,9.5600,14932005,144924121.1400
2024-11-19,sh.600720,9.6200,9.6900,9.4000,9.6000,9.5800,12352679,117720749.4300
2024-11-20,sh.600720,9.5600,9.6300,9.5000,9.6100,9.6000,10861125,103874649.8700
2024-11-21,sh.600720,9.5900,9.6200,9.4100,9.5000,9.6100,11983608,113928618.1700
2024-11-22,sh.600720,9.5000,9.6300,9.2800,9.3100,9.5000,12008565,113641576.7500
2024-11-25,sh.600720,9.3100,9.4700,9.2200,9.3700,9.3100,9135435,85276898.9500
2024-11-26,sh.600720,9.3400,9.3800,9.2500,9.3200,9.3700,6981518,65091397.0000
2024-11-27,sh.600720,9.2800,9.4200,9.1300,9.4100,9.3200,9860476,91602250.4000
2024-11-28,sh.600720,9.4000,9.4600,9.3400,9.3700,9.4100,8248460,77571665.0000
2024-11-29,sh.600720,9.3600,9.5500,9.3200,9.4700,9.3700,10235035,96700605.8000
2024-12-02,sh.600720,9.4600,9.5600,9.4300,9.5200,9.4700,11228180,106638783.4000
2024-12-03,sh.600720,9.5300,9.6000,9.4600,9.5200,9.5200,9392360,89502718.7200
2024-12-04,sh.600720,9.5100,9.5100,9.2900,9.3300,9.5200,11648773,109162657.4000
2024-12-05,sh.600720,9.2900,9.3500,9.2900,9.3400,9.3300,5786590,53969430.6000
2024-12-06,sh.600720,9.3700,9.5300,9.3600,9.4800,9.3400,12008366,113761389.0400
2024-12-09,sh.600720,9.4800,9.5100,9.3200,9.4100,9.4800,8725100,82056931.9000
2024-12-10,sh.600720,9.6000,9.6500,9.4500,9.4700,9.4100,12831228,122506216.8900
2024-12-11,sh.600720,9.4600,9.5800,9.4200,9.5100,9.4700,7950211,75601841.3400
2024-12-12,sh.600720,9.5800,9.6000,9.4900,9.5300,9.5100,14245718,135834988.3000
2024-12-13,sh.600720,9.5200,9.5300,9.2100,9.2700,9.5300,25453569,237318529.8500
2024-12-16,sh.600720,9.2200,9.2600,9.0600,9.0800,9.2700,11854679,108480509.7000
2024-12-17,sh.600720,9.0900,9.1200,8.9500,8.9900,9.0800,8958354,80893224.5800
2024-12-18,sh.600720,9.0800,9.1200,9.0100,9.0600,8.9900,6041537,54854663.4100
2024-12-19,sh.600720,8.9900,9.0600,8.9000,9.0000,9.0600,6071156,54652678.0900
2024-12-20,sh.600720,9.0000,9.0300,8.8900,8.9100,9.0000,7346414,65760909.8700
2024-12-23,sh.600720,8.9100,8.9500,8.8000,8.8300,8.9100,6183844,54812362.1200
2024-12-24,sh.600720,8.8300,9.0300,8.8300,9.0200,8.8300,8246707,73913222.0900
2024-12-25,sh.600720,9.0200,9.0200,8.8900,8.9300,9.0200,4242580,37886530.2000
2024-12-26,sh.600720,8.9500,8.9600,8.8800,8.8900,8.9300,4118800,36692529.0000
2024-12-27,sh.600720,8.8800,8.9700,8.8600,8.9500,8.8900,4917062,43883559.0200
2024-12-30,sh.600720,8.9400,9.0100,8.9100,8.9700,8.9500,4003930,35920140.1000
2024-12-31,sh.600720,8.9900,9.0300,8.7800,8.8600,8.9700,10228414,90979251.3100
2025-01-02,sh.600720,8.8600,8.9300,8.6200,8.6700,8.8600,5988295,52478983.9000
2025-01-03,sh.600720,8.6700,8.7300,8.4800,8.5000,8.6700,6177618,53127382.5200
2025-01-06,sh.600720,8.5100,8.5900,8.4100,8.5600,8.5000,4884373,41572207.4200
2025-01-07,sh.600720,8.5600,8.6500,8.5000,8.6400,8.5600,5124651,44062197.6900
2025-01-08,sh.600720,8.6500,8.6500,8.4000,8.5200,8.6400,4198490,35764752.6000
2025-01-09,sh.600720,8.4700,8.5300,8.3900,8.4200,8.5200,5902268,49756260.9100
2025-01-10,sh.600720,8.4000,8.4300,8.2600,8.2700,8.4200,5988563,49825850.7300
2025-01-13,sh.600720,8.2400,8.3600,8.2000,8.3300,8.2700,3694166,30624745.2000
2025-01-14,sh.600720,8.3300,8.5000,8.3200,8.4900,8.3300,5690305,47996999.5000
2025-01-15,sh.600720,8.4700,8.4800,8.4000,8.4600,8.4900,4310923,36373683.3500
2025-01-16,sh.600720,8.4800,8.5900,8.4400,8.4600,8.4600,4194472,35694832.8700
2025-01-17,sh.600720,8.4700,8.5400,8.4100,8.4800,8.4600,3718021,31525059.0700
2025-01-20,sh.600720,8.5400,8.5500,8.4700,8.4700,8.4800,4306401,36650058.5200
2025-01-21,sh.600720,8.5200,8.5200,8.3800,8.4300,8.4700,2831493,23832352.6500
2025-01-22,sh.600720,8.4500,8.4500,8.3300,8.3900,8.4300,2968774,24828655.3800
2025-01-23,sh.600720,8.4500,8.5700,8.4000,8.4000,8.3900,5180235,43956695.9000
2025-01-24,sh.600720,8.3700,8.4700,8.3700,8.4300,8.4000,3776990,31832791.7000
2025-01-27,sh.600720,8.4800,8.5800,8.4600,8.5100,8.4300,4427582,37750412.3600
2025-02-05,sh.600720,8.5800,8.5800,8.3800,8.4000,8.5100,4470299,37705158.9000
2025-02-06,sh.600720,8.4100,8.4700,8.3300,8.4500,8.4000,4333913,36456313.5500
2025-02-07,sh.600720,8.4500,8.6100,8.4100,8.5500,8.4500,8315750,70947651.0000
2025-02-10,sh.600720,8.5600,8.6200,8.5400,8.6100,8.5500,6146313,52813233.1300
2025-02-11,sh.600720,8.6400,8.6400,8.5000,8.5600,8.6100,4885804,41709088.5000
2025-02-12,sh.600720,8.5500,8.6100,8.5100,8.5800,8.5600,4242001,36316694.5700
2025-02-13,sh.600720,8.6100,8.8200,8.5400,8.6300,8.5800,14637562,127052562.8500
2025-02-14,sh.600720,8.6500,8.7900,8.6300,8.7800,8.6300,11105309,96687188.9900
2025-02-17,sh.600720,8.8400,8.9000,8.6700,8.7000,8.7800,10788500,94259298.0000
2025-02-18,sh.600720,8.7000,8.7600,8.6000,8.6300,8.7000,7806089,67646978.9100
2025-02-19,sh.600720,8.5800,8.8200,8.5800,8.7100,8.6300,8200587,71623436.1300
2025-02-20,sh.600720,8.7000,8.7000,8.5700,8.6400,8.7100,7399655,63731862.5700
2025-02-21,sh.600720,8.6200,8.6600,8.5300,8.6100,8.6400,6352902,54532692.0000
2025-02-24,sh.600720,8.6300,8.9000,8.6200,8.8600,8.6100,16749769,147515584.4600
2025-02-25,sh.600720,8.8000,8.8300,8.6900,8.7400,8.8600,8635700,75735368.0000
2025-02-26,sh.600720,8.7500,8.9000,8.7400,8.8500,8.7400,9029084,79577303.8800
2025-02-27,sh.600720,8.9200,8.9200,8.7400,8.8200,8.8500,7695601,67763423.0600
2025-02-28,sh.600720,8.7800,8.8600,8.7100,8.7500,8.8200,9029768,79221291.9700
2025-03-03,sh.600720,8.7500,8.8300,8.7000,8.7300,8.7500,6547164,57428186.4200
2025-03-04,sh.600720,8.7600,8.7900,8.7000,8.7700,8.7300,4680711,40978289.4000
2025-03-05,sh.600720,8.7700,8.7700,8.6400,8.6800,8.7700,5223506,45390127.8400
2025-03-06,sh.600720,8.7200,8.7900,8.6400,8.7700,8.6800,6545524,57153610.7800
2025-03-07,sh.600720,8.7900,8.8000,8.7000,8.7300,8.7700,5398993,47236105.3200
2025-03-10,sh.600720,8.7000,8.7400,8.6200,8.6400,8.7300,5338356,46269616.5400
2025-03-11,sh.600720,8.6000,8.6200,8.5000,8.6200,8.6400,6090254,52095257.7800
2025-03-12,sh.600720,8.6300,8.7400,8.5800,8.6100,8.6200,5787800,50059253.0000
2025-03-13,sh.600720,8.5900,8.6100,8.5100,8.5500,8.6100,5616824,48053319.2000
2025-03-14,sh.600720,8.5300,8.6800,8.5300,8.6800,8.5500,6399756,55242295.1500
2025-03-17,sh.600720,8.6600,8.9200,8.6600,8.7900,8.6800,10176200,89665283.0000
2025-03-18,sh.600720,8.8100,8.8100,8.7100,8.7700,8.7900,4811302,42095083.4400
2025-03-19,sh.600720,8.7400,8.7900,8.6900,8.7500,8.7700,5557326,48519258.5000
2025-03-20,sh.600720,8.7500,8.7700,8.6500,8.6900,8.7500,4228431,36889171.8500
2025-03-21,sh.600720,8.7000,8.8500,8.6600,8.7700,8.6900,9537158,83700609.2500
2025-03-24,sh.600720,8.8000,8.8000,8.5300,8.6700,8.7700,9921409,85726561.9900
2025-03-25,sh.600720,8.6400,8.7000,8.6000,8.7000,8.6700,4302202,37244849.3600
2025-03-26,sh.600720,8.6900,8.7000,8.6300,8.6500,8.7000,4768930,41328908.8000
2025-03-27,sh.600720,8.6500,8.6700,8.5600,8.6000,8.6500,4372600,37685476.0000
2025-03-28,sh.600720,8.7000,8.7000,8.5100,8.5800,8.6000,6781300,58178383.0000
2025-03-31,sh.600720,8.5200,8.6100,8.4300,8.4800,8.5800,6418890,54649975.2000
2025-04-01,sh.600720,8.4900,8.6000,8.4900,8.5700,8.4800,5807459,49733360.6300
2025-04-02,sh.600720,8.5800,8.6000,8.4900,8.5000,8.5700,4669484,39863548.3600
2025-04-03,sh.600720,8.4700,8.5500,8.4300,8.4800,8.5000,4939903,41906291.5100
2025-04-07,sh.600720,8.2000,8.2200,7.6300,7.6300,8.4800,15139485,118606763.2800
2025-04-08,sh.600720,7.7100,7.9600,7.7100,7.9200,7.6300,13768168,108319230.4900
2025-04-09,sh.600720,7.8800,8.0600,7.7100,8.0500,7.9200,9586161,75541578.5400
2025-04-10,sh.600720,8.1100,8.3400,8.0200,8.1800,8.0500,10205507,83373842.7900
2025-04-11,sh.600720,8.0400,8.1500,7.9900,8.0800,8.1800,7042930,56884430.4000
2025-04-14,sh.600720,8.1300,8.1300,8.0400,8.0600,8.0800,5264764,42532033.2900
2025-04-15,sh.600720,8.0900,8.1100,8.0100,8.0900,8.0600,4040500,32548319.0000
2025-04-16,sh.600720,8.1000,8.1100,8.0000,8.0400,8.0900,3550483,28534806.1500
2025-04-17,sh.600720,8.0300,8.1000,8.0000,8.0300,8.0400,3934501,31714218.0300
2025-04-18,sh.600720,8.0100,8.0700,8.0000,8.0400,8.0300,3586903,28805625.0600
2025-04-21,sh.600720,7.8100,7.9100,7.7700,7.7700,8.0400,20287382,158582652.5800
2025-04-22,sh.600720,7.8100,8.0000,7.7600,7.9800,7.7700,21153359,166779501.7200
2025-04-23,sh.600720,7.9500,8.0500,7.9100,7.9100,7.9800,10049327,80035861.5900
2025-04-24,sh.600720,7.9100,8.1400,7.8700,8.1100,7.9100,12034685,96248047.9900
2025-04-25,sh.600720,8.0400,8.4200,8.0400,8.1200,8.1100,12163245,100042455.3200
2025-04-28,sh.600720,8.0500,8.0700,7.8300,7.8900,8.1200,16225057,128062804.3100
2025-04-29,sh.600720,7.8900,7.9100,7.8400,7.8900,7.8900,7332401,57724167.8900
2025-04-30,sh.600720,7.9000,7.9300,7.8000,7.8000,7.8900,7431767,58283237.3600
2025-05-06,sh.600720,7.8400,7.8700,7.8000,7.8600,7.8000,8821739,69130453.6900
2025-05-07,sh.600720,7.9000,7.9600,7.8600,7.9200,7.8600,12515212,98799686.3000
2025-05-08,sh.600720,7.9200,7.9500,7.8600,7.9500,7.9200,11284349,89258784.2100
2025-05-09,sh.600720,7.9500,7.9500,7.8900,7.9100,7.9500,8929421,70637556.9000
2025-05-12,sh.600720,7.9500,7.9700,7.9100,7.9600,7.9100,9286781,73727434.2100
2025-05-13,sh.600720,8.0400,8.1100,7.9700,8.0900,7.9600,13507486,108358364.2900
2025-05-14,sh.600720,8.0800,8.1200,8.0200,8.1200,8.0900,9835524,79408615.4000
2025-05-15,sh.600720,8.1300,8.1300,8.0300,8.0600,8.1200,8529501,68797368.0400
2025-05-16,sh.600720,8.2800,8.2800,8.0300,8.0800,8.0600,13681821,110869593.3200
2025-05-19,sh.600720,8.0500,8.3000,8.0400,8.2400,8.0800,17868327,146358279.1300
2025-05-20,sh.600720,8.2400,8.2500,8.1600,8.1800,8.2400,9735473,79644567.8100
2025-05-21,sh.600720,8.1700,8.2000,8.1100,8.1600,8.1800,8874587,72261588.5100
2025-05-22,sh.600720,8.1600,8.1600,8.1000,8.1200,8.1600,7833778,63614391.2100
2025-05-23,sh.600720,8.1100,8.1300,7.9400,7.9700,8.1200,12363016,99365074.4900
2025-05-26,sh.600720,7.9600,7.9800,7.9100,7.9200,7.9700,6143400,48755315.0000
2025-05-27,sh.600720,7.9500,7.9500,7.8300,7.9000,7.9200,8193749,64528763.3900
2025-05-28,sh.600720,7.9000,7.9300,7.8600,7.9100,7.9000,4370215,34507971.3500
2025-05-29,sh.600720,7.8900,7.9800,7.8900,7.9600,7.9100,5854459,46538698.3200
2025-05-30,sh.600720,7.9600,8.0000,7.9000,7.9800,7.9600,6196940,49281388.8400
2025-06-03,sh.600720,7.9300,7.9600,7.9000,7.9500,7.9800,4670951,37062279.1300
2025-06-04,sh.600720,7.9400,8.0400,7.9300,8.0300,7.9500,8143380,65061360.5000
2025-06-05,sh.600720,8.0600,8.0600,7.9700,8.0000,8.0300,7807688,62436021.1200
2025-06-06,sh.600720,7.9900,8.0600,7.9700,7.9900,8.0000,7047185,56353319.3000
2025-06-09,sh.600720,7.9900,8.0200,7.9700,7.9800,7.9900,7512284,59985197.4900
2025-06-10,sh.600720,7.9900,8.0000,7.8400,7.8900,7.9800,8140276,64502483.4000
2025-06-11,sh.600720,7.9000,7.9400,7.8700,7.8900,7.8900,7606754,60119183.0500
2025-06-12,sh.600720,7.8900,7.8900,7.8300,7.8500,7.8900,7180561,56362660.2400
2025-06-13,sh.600720,7.8300,7.8500,7.7800,7.8200,7.8500,6099337,47662116.0800
2025-06-16,sh.600720,7.8100,7.8300,7.7200,7.7700,7.8200,10946250,84944313.6400
2025-06-17,sh.600720,7.7500,7.7800,7.7100,7.7300,7.7700,7924730,61342225.9000
2025-06-18,sh.600720,7.7300,7.7500,7.6600,7.6800,7.7300,7240614,55661539.3800
2025-06-19,sh.600720,7.6800,7.6900,7.6300,7.6500,7.6800,6649164,50911299.3600
2025-06-20,sh.600720,7.6500,7.6900,7.6400,7.6500,7.6500,6315920,48377478.1000
2025-06-23,sh.600720,7.6200,7.6500,7.5900,7.6300,7.6500,6992663,53273587.6900
2025-06-24,sh.600720,7.6500,7.7500,7.6400,7.7400,7.6300,10659697,82301295.1500
2025-06-25,sh.600720,7.7500,7.7600,7.6900,7.7500,7.7400,7904800,61066608.6900
2025-06-26,sh.600720,7.7400,7.7500,7.7100,7.7200,7.7500,5217883,40346905.6400
2025-06-27,sh.600720,7.7400,7.7800,7.7200,7.7400,7.7200,5850971,45320285.8600
2025-06-30,sh.600720,7.7500,7.7500,7.7200,7.7300,7.7400,5238518,40511098.6900
2025-07-01,sh.600720,7.7300,7.7400,7.7000,7.7200,7.7300,4707134,36280120.1400
2025-07-02,sh.600720,7.7100,7.7700,7.7100,7.7700,7.7200,7667648,59423550.4700
2025-07-03,sh.600720,7.7700,7.7900,7.7200,7.7500,7.7700,3566214,27632261.0800
2025-07-04,sh.600720,7.7400,7.7600,7.6600,7.6800,7.7500,8779851,67702056.0400
2025-07-07,sh.600720,7.6800,7.7700,7.6600,7.7500,7.6800,6734997,52050824.3500
2025-07-08,sh.600720,7.7400,7.7800,7.7300,7.7700,7.7500,5890372,45711081.2700
2025-07-09,sh.600720,7.7800,7.8700,7.7700,7.8400,7.7700,11294922,88576966.3000
2025-07-10,sh.600720,7.8500,7.9000,7.8200,7.8900,7.8400,7925790,62343680.2000
2025-07-11,sh.600720,7.9000,7.9600,7.8600,7.9100,7.8900,9114825,72105058.1000
2025-07-14,sh.600720,7.9100,7.9400,7.8900,7.9100,7.9100,5978460,47362126.2000
2025-07-15,sh.600720,7.9000,7.9300,7.8100,7.8700,7.9100,8537108,67114890.7000
2025-07-16,sh.600720,7.8700,7.9100,7.8400,7.8700,7.8700,4598401,36202454.8800
2025-07-17,sh.600720,7.8800,7.9400,7.8500,7.8800,7.8700,6819868,53782754.3600
2025-07-18,sh.600720,7.9100,7.9500,7.8900,7.9500,7.8800,8412433,66662242.8400
2025-07-21,sh.600720,8.5000,8.7500,8.3000,8.7500,7.9500,98415982,845903489.4700
2025-07-22,sh.600720,8.7600,9.4000,8.5000,9.0000,8.7500,148320068,1309827510.2600
2025-07-23,sh.600720,8.9900,8.9900,8.4100,8.4500,9.0000,96193595,827345103.5000
2025-07-24,sh.600720,8.3100,8.4600,8.2600,8.4200,8.4500,49126436,411501035.0700
2025-07-25,sh.600720,8.5000,8.5400,8.2700,8.3000,8.4200,37065113,309446758.4900
2025-07-28,sh.600720,8.3000,8.3300,8.1800,8.1900,8.3000,26143643,214830168.6900
2025-07-29,sh.600720,8.1800,8.2600,8.1300,8.2500,8.1900,22450497,183896894.9200
2025-07-30,sh.600720,8.2100,8.2900,8.1800,8.2100,8.2500,19418338,159902837.6100
2025-07-31,sh.600720,8.1800,8.2000,8.0800,8.1000,8.2100,19025383,154528757.5000
2025-08-01,sh.600720,8.1400,8.1500,8.0900,8.1500,8.1000,10630900,86322201.0000
2025-08-04,sh.600720,8.1000,8.1300,8.0800,8.0900,8.1500,11832030,95779138.0000
2025-08-05,sh.600720,8.0700,8.1100,8.0600,8.0900,8.0900,12109223,97779791.8400
2025-08-06,sh.600720,8.0800,8.0800,8.0000,8.0400,8.0900,18374101,147534399.1100
2025-08-07,sh.600720,8.0800,8.1200,8.0400,8.0500,8.0400,12352341,99632578.8500
2025-08-08,sh.600720,8.0900,8.1700,8.0600,8.1500,8.0500,19165327,155615749.7500
2025-08-11,sh.600720,8.1700,8.2000,8.1500,8.1700,8.1500,16482100,134740221.0000
2025-08-12,sh.600720,8.1700,8.1800,8.1100,8.1300,8.1700,11254323,91482587.5300
2025-08-13,sh.600720,8.1600,8.1600,8.1100,8.1500,8.1300,11014895,89527085.0700
2025-08-14,sh.600720,8.1500,8.1600,8.0400,8.0500,8.1500,12734700,103064960.0000
2025-08-15,sh.600720,8.0300,8.1400,8.0300,8.1400,8.0500,11223381,90952600.4800
2025-08-18,sh.600720,7.9400,7.9600,7.9000,7.9100,7.9100,15349913,121511012.7000
2025-08-19,sh.600720,7.9100,7.9200,7.8700,7.9100,7.9100,12711309,100222397.5400
2025-08-20,sh.600720,7.9000,7.9200,7.8400,7.9200,7.9100,11287845,89012651.2800
2025-08-21,sh.600720,7.9100,7.9700,7.9100,7.9500,7.9200,14862241,118179424.1500
2025-08-22,sh.600720,7.9600,7.9900,7.9200,7.9700,7.9500,13609865,108211009.6000
2025-08-25,sh.600720,7.9900,8.0300,7.9700,8.0200,7.9700,19038360,152262594.2700
2025-08-26,sh.600720,8.0000,8.0200,7.9800,8.0000,8.0200,12164955,97360057.0100
2025-08-27,sh.600720,8.0000,8.0000,7.8400,7.8400,8.0000,16927172,134350713.5000
2025-08-28,sh.600720,7.8500,7.8800,7.6700,7.8100,7.8400,18373692,142970504.2600
2025-08-29,sh.600720,7.8100,7.8800,7.7200,7.7400,7.8100,15841580,123508532.5100
2025-09-01,sh.600720,7.7400,7.7600,7.7100,7.7600,7.7400,9998972,77415520.1400
2025-09-02,sh.600720,7.7600,7.7700,7.6800,7.7200,7.7600,10539414,81201416.1000
2025-09-03,sh.600720,7.7200,7.7600,7.5700,7.5700,7.7200,13551761,103497678.7400
2025-09-04,sh.600720,7.5900,7.6600,7.5700,7.6200,7.5700,8914419,67871155.9100
2025-09-05,sh.600720,7.6300,7.6900,7.6000,7.6900,7.6200,7488564,57260684.1900
2025-09-08,sh.600720,7.7000,7.7200,7.6700,7.7200,7.6900,8161250,62853784.0000
2025-09-09,sh.600720,7.7000,7.7200,7.6500,7.6800,7.7200,6587846,50645054.0500
2025-09-10,sh.600720,7.6800,7.7100,7.6600,7.6800,7.6800,5385936,41362476.0900
2025-09-11,sh.600720,7.6700,7.7500,7.6400,7.7400,7.6800,9539072,73455296.8600
2025-09-12,sh.600720,7.7600,7.7900,7.7300,7.7700,7.7400,9118172,70761601.9900
2025-09-15,sh.600720,7.7800,7.7900,7.6900,7.7300,7.7700,8249334,63748706.4800
2025-09-16,sh.600720,7.7400,7.7500,7.6700,7.7100,7.7300,8188894,63060553.1000
2025-09-17,sh.600720,7.7100,7.7200,7.6600,7.7100,7.7100,7739586,59549829.9000
2025-09-18,sh.600720,7.7100,7.7100,7.6100,7.6100,7.7100,11800524,90418735.0200
2025-09-19,sh.600720,7.6100,7.6700,7.6100,7.6600,7.6100,7882121,60161893.6100
2025-09-22,sh.600720,7.6600,7.6600,7.5700,7.5800,7.6600,7294400,55398804.0000
2025-09-23,sh.600720,7.5900,7.6100,7.4500,7.5500,7.5800,9321781,70063817.9700
2025-09-24,sh.600720,7.5500,7.5800,7.5100,7.5700,7.5500,6247401,47188658.5600
2025-09-25,sh.600720,7.5700,7.5800,7.5100,7.5200,7.5700,5364885,40474144.5900
2025-09-26,sh.600720,7.5100,7.5500,7.4900,7.5100,7.5200,4622721,34765590.2100
2025-09-29,sh.600720,7.5200,7.5700,7.4600,7.5600,7.5100,5777677,43365423.7300
2025-09-30,sh.600720,7.5500,7.5700,7.5000,7.5300,7.5600,6247591,47144601.3100
2025-10-09,sh.600720,7.5500,7.6400,7.5300,7.6400,7.5300,9395945,71395014.5400
2025-10-10,sh.600720,7.6200,7.7000,7.6100,7.6900,7.6400,9061140,69510643.1300
2025-10-13,sh.600720,7.5600,7.6900,7.5100,7.6800,7.6900,8953987,68152305.4300
2025-10-14,sh.600720,7.6800,7.7500,7.6700,7.6900,7.6800,11429931,88137276.4900
2025-10-15,sh.600720,7.7100,7.7600,7.7000,7.7500,7.6900,10538603,81497803.1200
2025-10-16,sh.600720,7.7500,7.7600,7.6500,7.6700,7.7500,7379572,56704421.4000
2025-10-17,sh.600720,7.6800,7.7000,7.5800,7.6000,7.6700,6928792,52911358.8700
2025-10-20,sh.600720,7.6200,7.6400,7.5600,7.6200,7.6000,6741223,51181137.6800
2025-10-21,sh.600720,7.6300,7.7300,7.6200,7.7200,7.6200,9367320,72031264.2500
2025-10-22,sh.600720,7.7000,7.7800,7.6900,7.7500,7.7200,11851322,91831652.4100
2025-10-23,sh.600720,7.7600,7.8200,7.7300,7.8200,7.7500,11985530,93160379.9200
2025-10-24,sh.600720,7.8100,7.8400,7.7600,7.8000,7.8200,10841623,84445380.3900
2025-10-27,sh.600720,7.8400,7.8700,7.7600,7.8600,7.8000,15244255,119336763.4000
2025-10-28,sh.600720,7.8600,7.8800,7.8200,7.8300,7.8600,9398217,73730521.6700
2025-10-29,sh.600720,7.8300,7.8500,7.7600,7.8400,7.8300,9953022,77732669.9200
2025-10-30,sh.600720,7.8400,7.8700,7.7700,7.7700,7.8400,10880036,85151895.2000
2025-10-31,sh.600720,7.7400,7.7600,7.6500,7.6700,7.7700,13404400,103333073.1000
2025-11-03,sh.600720,7.6900,7.7000,7.6600,7.6900,7.6700,7952135,61048179.1000
2025-11-04,sh.600720,7.6800,7.7000,7.6100,7.6400,7.6900,8804339,67378653.5200
2025-11-05,sh.600720,7.6100,7.6600,7.6000,7.6300,7.6400,7815498,59651036.1600
2025-11-06,sh.600720,7.6300,7.6600,7.5900,7.6300,7.6300,9419754,71834816.5300
2025-11-07,sh.600720,7.6300,7.6800,7.6100,7.6600,7.6300,8044922,61609197.1200
2025-11-10,sh.600720,7.6700,7.7100,7.6300,7.7100,7.6600,9293400,71395744.0000
2025-11-11,sh.600720,7.7100,7.7500,7.7000,7.7400,7.7100,8605269,66472840.3900
2025-11-12,sh.600720,7.7500,7.7500,7.6700,7.7000,7.7400,7767281,59837078.9100
2025-11-13,sh.600720,7.6800,7.7100,7.6500,7.7000,7.7000,6124300,47080546.0000
2025-11-14,sh.600720,7.7000,7.7400,7.6800,7.7100,7.7000,9231073,71267260.8300
2025-11-17,sh.600720,7.7000,7.7300,7.6500,7.7100,7.7100,11371340,87450022.4000
2025-11-18,sh.600720,7.7000,7.7500,7.6200,7.6400,7.7100,9538684,73139213.3200
2025-11-19,sh.600720,7.6400,7.6400,7.5700,7.5900,7.6400,7584791,57587842.8700
2025-11-20,sh.600720,7.5900,7.6400,7.5800,7.6100,7.5900,6571660,49992618.5100
2025-11-21,sh.600720,7.5900,7.5900,7.4200,7.4300,7.6100,10670457,79906519.1400
2025-11-24,sh.600720,7.4500,7.5200,7.4200,7.4600,7.4300,8516283,63621910.3500
2025-11-25,sh.600720,7.4600,7.5000,7.4100,7.4600,7.4600,7962977,59446085.4400
2025-11-26,sh.600720,7.4900,7.5300,7.4300,7.4300,7.4600,6234900,46580377.0000
2025-11-27,sh.600720,7.4200,7.4500,7.4100,7.4200,7.4300,5021096,37296930.3600
2025-11-28,sh.600720,7.4400,7.4900,7.4100,7.4900,7.4200,5903296,44037846.1200
2025-12-01,sh.600720,7.5100,7.5200,7.4700,7.4900,7.4900,5807900,43510237.3100
2025-12-02,sh.600720,7.4800,7.5100,7.4400,7.5000,7.4900,5312153,39737839.5600
2025-12-03,sh.600720,7.5100,7.5100,7.4600,7.4600,7.5000,4722180,35316626.4000
2025-12-04,sh.600720,7.4600,7.4700,7.4200,7.4500,7.4600,4524468,33682635.6000
2025-12-05,sh.600720,7.4500,7.4900,7.4200,7.4800,7.4500,5085625,37899006.2900
2025-12-08,sh.600720,7.4900,7.5000,7.4500,7.4600,7.4800,5075070,37927766.6200
2025-12-09,sh.600720,7.4500,7.4600,7.4200,7.4300,7.4600,5602334,41629385.2800
2025-12-10,sh.600720,7.4600,7.5000,7.4200,7.5000,7.4300,6125662,45683407.3500
2025-12-11,sh.600720,7.5000,7.5100,7.4100,7.4200,7.5000,8266000,61484112.0000
2025-12-12,sh.600720,7.4200,7.4800,7.3900,7.4400,7.4200,8820901,65599189.4900
2025-12-15,sh.600720,7.4300,7.4900,7.4100,7.4400,7.4400,4875380,36344948.4400
2025-12-16,sh.600720,7.4600,7.4600,7.3200,7.3500,7.4400,8941186,65901512.2400
2025-12-17,sh.600720,7.3300,7.3900,7.2800,7.3400,7.3500,7473530,54724126.9000
2025-12-18,sh.600720,7.3200,7.3600,7.3200,7.3300,7.3400,3861297,28359887.5800
2025-12-19,sh.600720,7.3400,7.3900,7.3100,7.3700,7.3300,4807547,35388238.0200
2025-12-22,sh.600720,7.3800,7.4100,7.3500,7.3800,7.3700,4052512,29934662.8000
2025-12-23,sh.600720,7.4000,7.4300,7.3500,7.3700,7.3800,3521300,25972245.2800
2025-12-24,sh.600720,7.3700,7.4000,7.3500,7.3800,7.3700,4064300,29997464.0000
2025-12-25,sh.600720,7.3800,7.4000,7.3600,7.3800,7.3800,5021470,37053524.6000
2025-12-26,sh.600720,7.3900,7.4000,7.3300,7.3500,7.3800,6797637,50101222.9500
2025-12-29,sh.600720,7.3500,7.3600,7.3300,7.3300,7.3500,6872708,50466763.7200
2025-12-30,sh.600720,7.3300,7.3400,7.2900,7.3000,7.3300,6196101,45318452.0200
2025-12-31,sh.600720,7.3100,7.3300,7.2200,7.2200,7.3000,8904600,64551247.0000
