date,code,open,high,low,close,preclose,volume,amount
2019-01-02,sz.300080,4.3500,4.3500,4.3500,4.3500,4.3500,0,0.0000
2019-01-03,sz.300080,4.3500,4.3500,4.3500,4.3500,4.3500,0,0.0000
2019-01-04,sz.300080,4.3500,4.3500,4.3500,4.3500,4.3500,0,0.0000
2019-01-07,sz.300080,4.3500,4.3500,4.3500,4.3500,4.3500,0,0.0000
2019-01-08,sz.300080,4.3500,4.3500,4.3500,4.3500,4.3500,0,0.0000
2019-01-09,sz.300080,4.3500,4.3500,4.3500,4.3500,4.3500,0,0.0000
2019-01-10,sz.300080,4.7900,4.7900,4.7900,4.7900,4.3500,198300,949857.0000
2019-01-11,sz.300080,5.2700,5.2700,5.2700,5.2700,4.7900,652661,3439523.4700
2019-01-14,sz.300080,5.8000,5.8000,5.8000,5.8000,5.2700,476589,2764216.2000
2019-01-15,sz.300080,6.3800,6.3800,6.3800,6.3800,5.8000,799560,5101192.8000
2019-01-16,sz.300080,7.0200,7.0200,6.8800,7.0200,6.3800,38288556,268450272.1900
2019-01-17,sz.300080,7.3900,7.6900,6.9100,7.2100,7.0200,101204987,729912206.6000
2019-01-18,sz.300080,7.2000,7.8800,7.0300,7.2600,7.2100,85116812,631353655.8800
2019-01-21,sz.300080,7.5500,7.9900,7.4800,7.9900,7.2600,25729461,199699910.6100
2019-01-22,sz.300080,8.2800,8.5000,7.2000,7.2500,7.9900,83286500,647473453.5600
2019-01-23,sz.300080,7.4500,7.9000,7.1600,7.8600,7.2500,72746823,548302082.6200
2019-01-24,sz.300080,7.5800,7.6800,7.2600,7.4700,7.8600,51695639,384918248.2700
2019-01-25,sz.300080,7.3900,7.5000,6.7200,6.7200,7.4700,51312649,359843903.8600
2019-01-28,sz.300080,6.6900,6.7800,6.1700,6.3000,6.7200,40742925,261190701.8500
2019-01-29,sz.300080,6.3000,6.3900,6.0600,6.1500,6.3000,26898240,166918921.6000
2019-01-30,sz.300080,6.0400,6.1800,5.7400,5.8000,6.1500,28749300,170907077.2000
2019-01-31,sz.300080,5.8700,5.9200,5.2800,5.4800,5.8000,36537930,203807315.1700
2019-02-01,sz.300080,5.5400,5.6200,5.4400,5.5700,5.4800,25909798,143612923.3100
2019-02-11,sz.300080,5.6300,5.8500,5.5700,5.8400,5.5700,25893937,147849051.6500
2019-02-12,sz.300080,5.8000,6.0500,5.7300,5.9700,5.8400,30157336,177108977.6900
2019-02-13,sz.300080,5.8900,6.0500,5.8000,6.0300,5.9700,29842781,176925254.4900
2019-02-14,sz.300080,5.9700,6.2800,5.9000,6.1200,6.0300,28569178,174209324.3200
2019-02-15,sz.300080,6.1200,6.3500,6.0400,6.3300,6.1200,37171442,230769156.2300
2019-02-18,sz.300080,6.2800,6.7100,6.2500,6.5800,6.3300,39761030,257237233.7700
2019-02-19,sz.300080,6.5500,7.0400,6.4000,6.8200,6.5800,44567066,294638860.0400
2019-02-20,sz.300080,6.7000,6.9800,6.6400,6.8400,6.8200,34530152,235705616.1000
2019-02-21,sz.300080,6.7900,6.9500,6.6400,6.6400,6.8400,36377769,246996183.9200
2019-02-22,sz.300080,6.5000,7.1000,6.4500,7.1000,6.6400,41814675,284195765.2500
2019-02-25,sz.300080,7.2500,7.3900,6.9600,7.1800,7.1000,48283406,347514977.9500
2019-02-26,sz.300080,7.1400,7.5700,7.0100,7.1500,7.1800,44913870,326542804.6300
2019-02-27,sz.300080,7.0500,7.2400,6.6800,6.8000,7.1500,37659876,262824985.1900
2019-02-28,sz.300080,6.7800,7.0300,6.7400,6.7600,6.8000,20140492,138502216.3600
2019-03-01,sz.300080,6.7800,6.8400,6.4700,6.5600,6.7600,25484382,169171605.4500
2019-03-04,sz.300080,6.7100,6.8500,6.5900,6.6700,6.5600,28387745,190621547.2700
2019-03-05,sz.300080,6.7600,7.0900,6.7000,7.0100,6.6700,30055049,208491857.8400
2019-03-06,sz.300080,7.0300,7.2900,6.8500,7.1000,7.0100,36385417,256661231.0100
2019-03-07,sz.300080,7.1300,7.6700,6.9800,7.5300,7.1000,52054233,383907436.2100
2019-03-08,sz.300080,7.2700,7.3200,6.7800,6.7800,7.5300,36512436,257572463.2700
2019-03-11,sz.300080,6.7100,7.0600,6.6100,6.9800,6.7800,24903506,170040920.4200
2019-03-12,sz.300080,7.0700,7.0900,6.8000,6.9900,6.9800,27472779,191161019.3100
2019-03-13,sz.300080,6.8800,7.0700,6.8300,6.9200,6.9900,18882289,130971666.6600
2019-03-14,sz.300080,6.9000,6.9600,6.2300,6.2400,6.9200,30270775,195191361.4100
2019-03-15,sz.300080,6.1500,6.3900,6.1500,6.3100,6.2400,16072134,101379752.8000
2019-03-18,sz.300080,6.3200,6.5600,6.3200,6.5300,6.3100,14662887,95164417.6900
2019-03-19,sz.300080,6.5600,6.6800,6.5400,6.5900,6.5300,12844470,84981429.3100
2019-03-20,sz.300080,6.5600,6.6200,6.3500,6.5000,6.5900,13376841,86749207.8100
2019-03-21,sz.300080,6.6300,7.1500,6.6300,7.1500,6.5000,32356358,227474831.8300
2019-03-22,sz.300080,7.1500,7.3300,6.9500,7.1700,7.1500,45623153,325753214.2700
2019-03-25,sz.300080,6.9800,7.0200,6.8600,6.8800,7.1700,22497001,155731288.9000
2019-03-26,sz.300080,6.9800,7.0500,6.4300,6.5000,6.8800,19684500,132178189.8100
2019-03-27,sz.300080,6.4700,6.6400,6.4500,6.5100,6.5000,12871780,84072318.2000
2019-03-28,sz.300080,6.4700,6.5500,6.3200,6.3600,6.5100,12190700,78467384.0000
2019-03-29,sz.300080,6.4400,6.7000,6.3400,6.6500,6.3600,12061860,78441447.5000
2019-04-01,sz.300080,6.6000,6.9400,6.5900,6.9200,6.6500,16955370,115768684.8000
2019-04-02,sz.300080,6.9000,7.3400,6.8100,7.2800,6.9200,32831822,231719817.2300
2019-04-03,sz.300080,7.1600,7.2000,7.0200,7.0900,7.2800,21982251,155927439.8400
2019-04-04,sz.300080,7.1000,7.3000,7.0500,7.0800,7.0900,21823770,156278998.6000
2019-04-08,sz.300080,7.1100,7.6600,7.1100,7.3000,7.0800,37947460,279584325.6100
2019-04-09,sz.300080,7.2000,7.2000,6.9200,7.0900,7.3000,21444360,151471429.2800
2019-04-10,sz.300080,6.9600,7.6700,6.9400,7.3700,7.0900,30545911,226748149.7700
2019-04-11,sz.300080,7.3900,7.5800,7.1100,7.1700,7.3700,21069002,153975533.6700
2019-04-12,sz.300080,7.1200,7.8900,7.0300,7.7500,7.1700,41435192,315838094.9900
2019-04-15,sz.300080,8.1300,8.2400,7.3600,7.3800,7.7500,45579200,355668760.4900
2019-04-16,sz.300080,7.2800,7.3800,7.0500,7.3300,7.3800,20195039,145680273.7500
2019-04-17,sz.300080,7.3000,7.5500,7.2300,7.2400,7.3300,17822453,131345730.5100
2019-04-18,sz.300080,7.2000,7.2700,7.0600,7.1000,7.2400,14730900,105108492.0000
2019-04-19,sz.300080,7.1200,7.3800,6.9500,7.2400,7.1000,15069856,108036163.4800
2019-04-22,sz.300080,7.3700,7.3700,7.0400,7.1000,7.2400,13756552,98458911.2000
2019-04-23,sz.300080,7.0500,7.1000,6.6900,6.7100,7.1000,14247501,97987827.7400
2019-04-24,sz.300080,6.7500,6.9000,6.7000,6.8200,6.7100,9334800,63451348.9000
2019-04-25,sz.300080,6.8200,7.0100,6.5600,6.5600,6.8200,11829868,80507688.5800
2019-04-26,sz.300080,6.6000,6.7000,6.4400,6.5400,6.5600,8718450,57088152.5600
2019-04-29,sz.300080,6.4200,6.4200,5.9500,6.0800,6.5400,11688100,72751708.1600
2019-04-30,sz.300080,6.1300,6.2700,6.0900,6.2000,6.0800,6453278,40095661.9600
2019-05-06,sz.300080,6.0600,6.1400,5.6900,5.7400,6.2000,10806500,63817939.0000
2019-05-07,sz.300080,5.8100,5.9800,5.7500,5.8900,5.7400,5836298,34293419.2200
2019-05-08,sz.300080,5.7900,5.9500,5.6800,5.8400,5.8900,5343301,31209195.8400
2019-05-09,sz.300080,5.8300,5.9200,5.7700,5.8000,5.8400,4342253,25444523.4100
2019-05-10,sz.300080,5.8500,6.0200,5.6800,5.9800,5.8000,7394009,43822172.0100
2019-05-13,sz.300080,5.9000,5.9800,5.8700,5.8800,5.9800,5550843,32787917.2700
2019-05-14,sz.300080,5.8300,5.9000,5.7100,5.8300,5.8800,4885010,28469216.0000
2019-05-15,sz.300080,5.8900,5.9700,5.8100,5.9400,5.8300,5805210,34165424.0000
2019-05-16,sz.300080,5.9600,6.0700,5.9200,5.9800,5.9400,6354390,38072369.2000
2019-05-17,sz.300080,6.0000,6.0500,5.7200,5.7600,5.9800,6261881,36928359.2300
2019-05-20,sz.300080,5.7600,5.8300,5.4500,5.5900,5.7600,6648600,37180061.0000
2019-05-21,sz.300080,5.5900,5.7500,5.5200,5.7300,5.5900,6134100,34711113.0000
2019-05-22,sz.300080,5.7200,5.9000,5.6900,5.8600,5.7300,7552700,43660464.0000
2019-05-23,sz.300080,5.7900,5.9700,5.7500,5.8500,5.8600,7307920,42856036.8000
2019-05-24,sz.300080,5.7700,5.9800,5.7100,5.7900,5.8500,3755700,21881239.0000
2019-05-27,sz.300080,5.7900,5.9600,5.7300,5.9300,5.7900,4673701,27365613.7800
2019-05-28,sz.300080,5.9500,5.9700,5.7700,5.8400,5.9300,5102200,30103191.0000
2019-05-29,sz.300080,5.7700,5.9000,5.7700,5.8900,5.8400,3719400,21760140.0000
2019-05-30,sz.300080,5.8600,5.8600,5.7300,5.7900,5.8900,3691735,21406747.3500
2019-05-31,sz.300080,5.7900,5.9700,5.7600,5.9400,5.7900,5332698,31487202.7600
2019-06-03,sz.300080,5.9200,5.9200,5.7100,5.7400,5.9400,5675135,32946095.7500
2019-06-04,sz.300080,5.7400,5.7400,5.5000,5.6000,5.7400,5052661,28219187.5000
2019-06-05,sz.300080,5.6200,5.7300,5.5600,5.5700,5.6000,2832606,15925540.8300
2019-06-06,sz.300080,5.5900,5.6200,5.3500,5.3500,5.5700,4377896,23782754.9600
2019-06-10,sz.300080,5.3500,5.4200,5.3100,5.3600,5.3500,2700800,14496249.0000
2019-06-11,sz.300080,5.3700,5.5800,5.3700,5.5400,5.3600,3126300,17181637.0000
2019-06-12,sz.300080,5.5700,5.6900,5.5300,5.5300,5.5400,4145001,23219141.6400
2019-06-13,sz.300080,5.5700,5.6500,5.5100,5.6100,5.5300,2850500,15947211.0000
2019-06-14,sz.300080,5.6000,5.6600,5.5200,5.5300,5.6100,3090200,17306380.0000
2019-06-17,sz.300080,5.5500,5.5900,5.4100,5.4200,5.5300,3444830,18904260.6000
2019-06-18,sz.300080,5.4300,5.6900,5.4200,5.5900,5.4200,4822203,26864465.8900
2019-06-19,sz.300080,5.6600,5.7100,5.5500,5.5500,5.5900,3868930,21754879.5000
2019-06-20,sz.300080,5.5300,5.6100,5.3900,5.5200,5.5500,5822400,32026128.0000
2019-06-21,sz.300080,6.0000,6.0000,5.7000,5.7400,5.5200,9827700,57072259.0000
2019-06-24,sz.300080,5.7500,5.8400,5.7100,5.7600,5.7400,4635527,26711892.4100
2019-06-25,sz.300080,5.7400,5.7500,5.5900,5.6300,5.7600,3811700,21500951.0000
2019-06-26,sz.300080,5.7000,6.1800,5.6700,6.0100,5.6300,13071315,77944443.9400
2019-06-27,sz.300080,5.9200,5.9700,5.8600,5.9200,6.0100,5801603,34341010.3600
2019-06-28,sz.300080,5.9000,6.0900,5.8900,6.0000,5.9200,5934700,35433340.0000
2019-07-01,sz.300080,6.0800,6.1300,6.0000,6.0700,6.0000,6244052,37913343.6400
2019-07-02,sz.300080,6.0300,6.0800,6.0100,6.0600,6.0700,3299501,19941193.0300
2019-07-03,sz.300080,6.0600,6.0900,5.9000,5.9100,6.0600,4802100,28622151.0000
2019-07-04,sz.300080,5.9300,6.0100,5.9000,5.9500,5.9100,3108931,18495286.5400
2019-07-05,sz.300080,5.9300,5.9700,5.8700,5.9700,5.9500,3186883,18878080.9300
2019-07-08,sz.300080,5.9500,5.9600,5.6800,5.8400,5.9700,4424039,25676039.3100
2019-07-09,sz.300080,5.7300,6.2900,5.7300,6.0600,5.8400,7446579,44997533.2100
2019-07-10,sz.300080,6.0600,6.1100,5.9300,5.9800,6.0600,3476484,20845939.2200
2019-07-11,sz.300080,6.1000,6.5700,6.0600,6.3300,5.9800,15596499,98797977.0800
2019-07-12,sz.300080,6.4000,6.5500,6.3300,6.4900,6.3300,9032000,58449148.4200
2019-07-15,sz.300080,6.4700,6.7700,6.4200,6.7600,6.4900,9943500,66350757.0000
2019-07-16,sz.300080,6.8500,6.9600,6.6900,6.7000,6.7600,13139200,89138943.6000
2019-07-17,sz.300080,6.7000,6.7000,6.7000,6.7000,6.7000,0,0.0000
2019-07-18,sz.300080,6.6500,6.6500,6.0300,6.0600,6.7000,14113178,88039926.3500
2019-07-19,sz.300080,6.1700,6.3600,6.0800,6.3200,6.0600,11187520,70022487.0200
2019-07-22,sz.300080,6.4500,6.4500,5.8000,5.9100,6.3200,12646532,75920382.0800
2019-07-23,sz.300080,5.8600,5.9800,5.8500,5.9200,5.9100,3766400,22261650.8000
2019-07-24,sz.300080,5.9200,6.0700,5.9000,6.0100,5.9200,5556414,33285670.9200
2019-07-25,sz.300080,5.9800,5.9900,5.8500,5.8700,6.0100,4654321,27458367.9000
2019-07-26,sz.300080,5.8900,5.9700,5.8300,5.9400,5.8700,2592718,15364211.3800
2019-07-29,sz.300080,5.9400,6.5300,5.8900,6.5300,5.9400,5785222,37420000.5900
2019-07-30,sz.300080,6.5300,6.7000,6.2700,6.2900,6.5300,23745556,154904963.9600
2019-07-31,sz.300080,6.3200,6.3500,6.1600,6.2200,6.2900,9617200,59841634.0000
2019-08-01,sz.300080,6.1700,6.4000,6.1300,6.3400,6.2200,10555001,66290986.6900
2019-08-02,sz.300080,6.1400,6.4600,6.0600,6.3600,6.3400,10511288,65644749.1200
2019-08-05,sz.300080,6.3200,6.3700,6.1900,6.2100,6.3600,5673000,35612800.0000
2019-08-06,sz.300080,6.0700,6.1000,5.7000,5.8100,6.2100,11321281,66577261.5500
2019-08-07,sz.300080,5.8100,5.9400,5.7800,5.7800,5.8100,4605900,26980967.0000
2019-08-08,sz.300080,5.8500,5.9000,5.7900,5.8500,5.7800,3185041,18600746.0400
2019-08-09,sz.300080,5.9000,6.0800,5.8400,5.8700,5.8500,3888300,23065841.0000
2019-08-12,sz.300080,5.8600,5.9100,5.8000,5.8800,5.8700,3004500,17551206.0000
2019-08-13,sz.300080,5.8200,5.8500,5.7000,5.7500,5.8800,3274660,18882603.6000
2019-08-14,sz.300080,5.8100,5.9500,5.8000,5.8300,5.7500,3376720,19802866.1900
2019-08-15,sz.300080,5.7000,5.7500,5.6200,5.7200,5.8300,4116100,23347888.0000
2019-08-16,sz.300080,5.7100,5.8000,5.6900,5.7600,5.7200,2755204,15869903.1000
2019-08-19,sz.300080,5.8000,5.8900,5.7500,5.8700,5.7600,4393720,25585045.8000
2019-08-20,sz.300080,5.8600,5.9300,5.8200,5.8300,5.8700,3610055,21210169.6500
2019-08-21,sz.300080,5.8300,6.0400,5.7600,5.9500,5.8300,5877960,34709412.0000
2019-08-22,sz.300080,5.8300,5.8400,5.6300,5.6800,5.9500,10456115,59677651.9200
2019-08-23,sz.300080,5.5100,5.6800,5.3800,5.5400,5.6800,9732933,53537263.1300
2019-08-26,sz.300080,5.4000,5.4400,5.3400,5.4300,5.5400,5189214,27963467.4800
2019-08-27,sz.300080,5.4900,5.5200,5.4500,5.5100,5.4300,3790235,20812073.7900
2019-08-28,sz.300080,5.4900,5.5100,5.4500,5.4600,5.5100,2189100,11988575.9800
2019-08-29,sz.300080,5.4800,5.6300,5.4600,5.5000,5.4600,3951580,21878865.6000
2019-08-30,sz.300080,5.5000,5.5500,5.3600,5.3800,5.5000,4099280,22296894.5800
2019-09-02,sz.300080,5.3500,5.5200,5.3500,5.4800,5.3800,3285353,17954086.9700
2019-09-03,sz.300080,5.4900,5.6000,5.4600,5.5700,5.4800,3238961,17861584.3700
2019-09-04,sz.300080,5.6000,5.6300,5.5200,5.6200,5.5700,4467523,24870224.1800
2019-09-05,sz.300080,5.6200,5.7600,5.5700,5.6800,5.6200,6145924,34822072.3800
2019-09-06,sz.300080,5.6700,6.0000,5.6200,5.8400,5.6800,9691990,56433780.2500
2019-09-09,sz.300080,5.8700,5.9600,5.8300,5.9200,5.8400,5358144,31515226.5700
2019-09-10,sz.300080,5.9000,5.9900,5.8700,5.9800,5.9200,4020349,23885546.0400
2019-09-11,sz.300080,5.9800,6.0900,5.9500,6.0200,5.9800,4851251,29192727.0400
2019-09-12,sz.300080,6.6200,6.6200,6.6200,6.6200,6.0200,2986158,19768365.9600
2019-09-16,sz.300080,7.1900,7.1900,6.4500,6.7100,6.6200,37862029,258106239.2500
2019-09-17,sz.300080,6.5200,6.5800,6.1800,6.2400,6.7100,18778029,119418315.2600
2019-09-18,sz.300080,6.1400,6.2400,6.1100,6.1200,6.2400,7192651,44333123.6700
2019-09-19,sz.300080,6.2000,6.7300,6.1800,6.3800,6.1200,14091581,91000223.4600
2019-09-20,sz.300080,6.3500,6.5300,6.2600,6.3500,6.3800,10139752,64428619.4500
2019-09-23,sz.300080,6.3000,6.3000,6.1500,6.1700,6.3500,6700660,41518385.9900
2019-09-24,sz.300080,6.1700,6.2400,6.1100,6.1100,6.1700,4914458,30256843.3600
2019-09-25,sz.300080,6.0900,6.0900,5.9700,5.9700,6.1100,6462801,38833911.8700
2019-09-26,sz.300080,5.9800,6.0300,5.8100,5.8200,5.9700,4918200,29097188.0000
2019-09-27,sz.300080,5.8100,5.9000,5.8000,5.8400,5.8200,2857701,16732695.8500
2019-09-30,sz.300080,5.8000,5.8800,5.8000,5.8200,5.8400,2372700,13870382.0000
2019-10-08,sz.300080,5.8500,6.0400,5.8400,5.9700,5.8200,4565190,27246633.3000
2019-10-09,sz.300080,5.9400,6.0900,5.9300,6.0800,5.9700,3862950,23257718.9000
2019-10-10,sz.300080,6.1000,6.3700,6.0700,6.3500,6.0800,9014602,56611081.0800
2019-10-11,sz.300080,6.4100,6.4300,6.2700,6.4000,6.3500,8435974,53654814.5100
2019-10-14,sz.300080,6.4000,6.5200,6.3500,6.4200,6.4000,6485433,41813201.2900
2019-10-15,sz.300080,6.4000,6.4600,6.2300,6.2600,6.4200,8703795,54867952.2100
2019-10-16,sz.300080,6.3400,6.3600,6.1100,6.1200,6.2600,5898599,36681891.8600
2019-10-17,sz.300080,6.1300,6.1700,5.9600,5.9800,6.1200,4962699,29978287.0000
2019-10-18,sz.300080,5.9800,6.1000,5.8300,5.8800,5.9800,4793700,28479304.0000
2019-10-21,sz.300080,6.0600,6.0600,5.7500,5.8500,5.8800,5533300,32589307.0000
2019-10-22,sz.300080,5.8500,5.9900,5.8200,5.9700,5.8500,4673037,27808178.1500
2019-10-23,sz.300080,5.9800,6.0400,5.8600,5.8900,5.9700,2942000,17484169.0000
2019-10-24,sz.300080,5.9100,6.0500,5.8700,5.9100,5.8900,3011068,17893107.1800
2019-10-25,sz.300080,5.9100,5.9300,5.8400,5.8900,5.9100,2994307,17619667.0900
2019-10-28,sz.300080,5.8900,5.8900,5.8900,5.8900,5.8900,0,0.0000
2019-10-29,sz.300080,5.8900,5.8900,5.8900,5.8900,5.8900,0,0.0000
2019-10-30,sz.300080,5.8900,5.8900,5.8900,5.8900,5.8900,0,0.0000
2019-10-31,sz.300080,5.8900,5.8900,5.8900,5.8900,5.8900,0,0.0000
2019-11-01,sz.300080,5.8900,5.8900,5.8900,5.8900,5.8900,0,0.0000
2019-11-04,sz.300080,5.8900,5.8900,5.8900,5.8900,5.8900,0,0.0000
2019-11-05,sz.300080,5.8900,5.8900,5.8900,5.8900,5.8900,0,0.0000
2019-11-06,sz.300080,5.8900,5.8900,5.8900,5.8900,5.8900,0,0.0000
2019-11-07,sz.300080,5.8700,5.8700,5.3000,5.6100,5.8900,10300906,57456911.1500
2019-11-08,sz.300080,5.5400,6.1600,5.5400,5.8900,5.6100,11550226,68140232.7600
2019-11-11,sz.300080,5.8000,5.8600,5.6100,5.6500,5.8900,6414432,36675676.1200
2019-11-12,sz.300080,5.6300,5.7000,5.5100,5.6300,5.6500,3868097,21659191.6800
2019-11-13,sz.300080,5.6600,5.7300,5.5300,5.6200,5.6300,4035305,22747364.5700
2019-11-14,sz.300080,5.6000,5.6400,5.5200,5.5500,5.6200,3784428,21053035.2800
2019-11-15,sz.300080,5.5400,5.5400,5.4100,5.4100,5.5500,3317419,18116160.9400
2019-11-18,sz.300080,5.3500,5.4200,5.1700,5.2000,5.4100,7685625,40552644.4000
2019-11-19,sz.300080,5.2200,5.3600,5.2100,5.3100,5.2000,5280255,28022992.7000
2019-11-20,sz.300080,5.3400,5.3400,5.2300,5.2300,5.3100,3227917,17080678.0900
2019-11-21,sz.300080,5.2000,5.2700,5.2000,5.2300,5.2300,3003010,15723558.2000
2019-11-22,sz.300080,5.2300,5.3800,5.0600,5.1600,5.2300,4644801,24292574.1400
2019-11-25,sz.300080,5.1500,5.2100,5.0600,5.1500,5.1600,3133300,16136594.0000
2019-11-26,sz.300080,5.1700,5.1900,5.0300,5.0700,5.1500,2793200,14235680.0000
2019-11-27,sz.300080,5.0500,5.1300,5.0100,5.0600,5.0700,2887200,14621112.1000
2019-11-28,sz.300080,5.0600,5.1900,5.0600,5.1100,5.0600,2965300,15180252.0000
2019-11-29,sz.300080,5.1000,5.1700,5.0600,5.1400,5.1100,2665800,13662538.0000
2019-12-02,sz.300080,5.1600,5.2400,5.1400,5.1900,5.1400,3350601,17383996.1600
2019-12-03,sz.300080,5.1500,5.2000,5.0600,5.1900,5.1900,2689190,13797278.7000
2019-12-04,sz.300080,5.1600,5.1700,5.1000,5.1300,5.1900,2308690,11869741.6000
2019-12-05,sz.300080,5.1700,5.2200,5.1300,5.1900,5.1300,2974300,15410359.0000
2019-12-06,sz.300080,5.2000,5.2000,5.1300,5.1700,5.1900,2249600,11609076.0000
2019-12-09,sz.300080,5.1500,5.2100,5.1500,5.1700,5.1700,3962920,20543034.6000
2019-12-10,sz.300080,5.1700,5.1800,5.1000,5.1400,5.1700,3069980,15766072.6000
2019-12-11,sz.300080,5.1300,5.1800,5.1200,5.1200,5.1400,2592020,13326835.4000
2019-12-12,sz.300080,5.1300,5.1600,5.0600,5.0700,5.1200,3182710,16277032.9000
2019-12-13,sz.300080,5.1000,5.1600,5.0800,5.1500,5.0700,3484193,17860844.5300
2019-12-16,sz.300080,5.1500,5.2500,5.1200,5.2300,5.1500,5314500,27540576.0000
2019-12-17,sz.300080,5.2200,5.7100,5.2000,5.5300,5.2300,14428743,79972929.2300
2019-12-18,sz.300080,5.4500,5.4900,5.4100,5.4400,5.5300,6923201,37726234.4300
2019-12-19,sz.300080,5.4400,5.5300,5.3900,5.4700,5.4400,4973464,27174250.4100
2019-12-20,sz.300080,5.4500,5.4800,5.4100,5.4200,5.4700,3790800,20647358.0000
2019-12-23,sz.300080,5.4000,5.4100,5.2200,5.2200,5.4200,4652662,24687754.8900
2019-12-24,sz.300080,5.2200,5.3400,5.2200,5.3200,5.2200,3964769,21029536.0800
2019-12-25,sz.300080,5.3200,5.3400,5.2700,5.2900,5.3200,3143740,16703788.8000
2019-12-26,sz.300080,5.3000,5.4200,5.2700,5.3800,5.2900,4410331,23654982.5600
2019-12-27,sz.300080,5.3800,5.4500,5.3500,5.3600,5.3800,4867100,26240961.0000
2019-12-30,sz.300080,5.2400,5.3200,5.1900,5.2900,5.3600,5488800,28796416.0000
2019-12-31,sz.300080,5.2900,5.3100,5.2300,5.2600,5.2900,3768841,19855130.8500
2020-01-02,sz.300080,5.3200,5.3800,5.2500,5.3600,5.2600,5922904,31561415.4400
2020-01-03,sz.300080,5.3900,5.5400,5.3700,5.4600,5.3600,8021877,43821714.8700
2020-01-06,sz.300080,5.4000,5.5100,5.3700,5.4400,5.4600,7076903,38561360.3600
2020-01-07,sz.300080,5.4600,5.7800,5.4600,5.7100,5.4400,16379614,92717000.2000
2020-01-08,sz.300080,5.6500,5.7500,5.5300,5.5400,5.7100,13345712,75430989.4800
2020-01-09,sz.300080,5.6100,5.6500,5.5300,5.5600,5.5400,7620000,42542260.0000
2020-01-10,sz.300080,5.6000,5.6100,5.4700,5.4800,5.5600,5867000,32426802.0000
2020-01-13,sz.300080,5.4800,5.5600,5.4300,5.5500,5.4800,5561500,30590914.0000
2020-01-14,sz.300080,5.5000,5.6900,5.4900,5.5800,5.5500,9432600,52825185.0000
2020-01-15,sz.300080,5.5400,5.6000,5.4400,5.4600,5.5800,5748811,31609317.0600
2020-01-16,sz.300080,5.4800,5.5200,5.3700,5.3800,5.4600,4933600,26757601.0000
2020-01-17,sz.300080,5.4400,5.4400,5.3800,5.3800,5.3800,3490010,18840071.3400
2020-01-20,sz.300080,5.3800,5.4200,5.3400,5.4000,5.3800,4708344,25305572.0200
2020-01-21,sz.300080,5.4200,5.4200,5.2000,5.2000,5.4000,5564175,29465103.5200
2020-01-22,sz.300080,5.1500,5.2700,5.1500,5.2000,5.2000,4543861,23693884.4000
2020-01-23,sz.300080,5.1900,5.2700,4.9100,5.0200,5.2000,6355780,32549772.4700
2020-02-03,sz.300080,4.5200,4.5200,4.5200,4.5200,5.0200,1286100,5813172.0000
2020-02-04,sz.300080,4.0700,4.3500,4.0700,4.2200,4.5200,12065121,50987163.1400
2020-02-05,sz.300080,4.2500,4.4200,4.1800,4.2800,4.2200,9078480,39068624.6000
2020-02-06,sz.300080,4.2500,4.3500,4.1100,4.3100,4.2800,9720390,41331581.5000
2020-02-07,sz.300080,4.3000,4.4000,4.2500,4.3600,4.3100,6807387,29529862.5700
2020-02-10,sz.300080,4.3000,4.4800,4.2800,4.4600,4.3600,7739339,34004687.0600
2020-02-11,sz.300080,4.4600,4.4900,4.4000,4.4300,4.4600,4961069,22030579.0000
2020-02-12,sz.300080,4.4800,4.8300,4.4200,4.7400,4.4300,17010646,79490609.2500
2020-02-13,sz.300080,4.6300,5.2100,4.6300,5.2100,4.7400,30244388,151780699.2600
2020-02-14,sz.300080,5.1000,5.6000,5.0500,5.4700,5.2100,33908935,182969629.3100
2020-02-17,sz.300080,5.5200,5.9800,5.5000,5.8400,5.4700,23728794,136539338.4900
2020-02-18,sz.300080,5.7500,5.9400,5.5700,5.7900,5.8400,22229903,127723943.0200
2020-02-19,sz.300080,5.6700,5.8800,5.6700,5.7000,5.7900,12695708,73058813.6400
2020-02-20,sz.300080,5.6800,6.2700,5.5500,6.0100,5.7000,45897461,276386902.3700
2020-02-21,sz.300080,5.8500,5.8900,5.6700,5.7700,6.0100,43529591,249766200.3200
2020-02-24,sz.300080,5.7100,5.7100,5.4900,5.6300,5.7700,23961719,134394902.7600
2020-02-25,sz.300080,5.4300,5.6000,5.2200,5.4500,5.6300,24111281,130637623.7100
2020-02-26,sz.300080,5.2900,5.8700,5.2900,5.7800,5.4500,36474367,205036677.3200
2020-02-27,sz.300080,5.6800,6.3600,5.6400,6.3600,5.7800,43654944,263794765.1600
2020-02-28,sz.300080,6.1300,6.4900,5.9400,5.9600,6.3600,33510142,208820016.3100
2020-03-02,sz.300080,5.9500,6.4400,5.9500,6.4000,5.9600,23227318,145182099.0800
2020-03-03,sz.300080,6.3300,6.8400,6.3300,6.4700,6.4000,24763210,162400940.9600
2020-03-04,sz.300080,6.3500,6.4300,6.0600,6.2500,6.4700,14212103,88761212.6700
2020-03-05,sz.300080,6.4000,6.4000,6.2000,6.2500,6.2500,9939157,62544018.8900
2020-03-06,sz.300080,6.1300,6.6400,6.1200,6.3800,6.2500,13950035,89503994.6000
2020-03-09,sz.300080,6.2700,6.5700,6.2200,6.2300,6.3800,11789420,75136990.1000
2020-03-10,sz.300080,6.1600,6.3300,5.9200,6.2900,6.2300,12688160,78187330.8900
2020-03-11,sz.300080,6.3000,6.3600,6.0000,6.0000,6.2900,11085993,68157534.1500
2020-03-12,sz.300080,5.9400,5.9800,5.7200,5.8000,6.0000,8439050,49270315.0000
2020-03-13,sz.300080,5.4200,5.7700,5.4200,5.6500,5.8000,9365800,52532847.0000
2020-03-16,sz.300080,5.7400,5.7400,5.3500,5.4100,5.6500,7400911,41042269.1400
2020-03-17,sz.300080,5.4400,5.5500,5.1600,5.3600,5.4100,6124931,32755759.6500
2020-03-18,sz.300080,5.4200,5.5600,5.2000,5.2100,5.3600,6569942,35517496.6400
2020-03-19,sz.300080,5.1900,5.3500,5.1000,5.2700,5.2100,6390645,33388683.9600
2020-03-20,sz.300080,5.3200,5.3700,5.2400,5.3200,5.2700,4535554,24021591.2400
2020-03-23,sz.300080,5.1600,5.2000,4.9900,5.0000,5.3200,6708962,34164208.9800
2020-03-24,sz.300080,5.1200,5.1500,4.9100,5.0600,5.0000,4994289,25150600.7700
2020-03-25,sz.300080,5.1500,5.2600,5.1300,5.2400,5.0600,4874450,25311215.5000
2020-03-26,sz.300080,5.2000,5.4800,5.1600,5.4500,5.2400,9041499,48167212.2000
2020-03-27,sz.300080,5.4900,5.5600,5.3600,5.5000,5.4500,7654203,41854242.3900
2020-03-30,sz.300080,5.4000,5.5600,5.3000,5.4000,5.5000,4397600,23843517.0000
2020-03-31,sz.300080,5.4400,5.7700,5.4400,5.6700,5.4000,8749702,49082138.3000
2020-04-01,sz.300080,5.6100,5.7700,5.4300,5.5500,5.6700,7565500,42574430.0000
2020-04-02,sz.300080,5.5000,5.6900,5.4100,5.6900,5.5500,6039202,33566921.0000
2020-04-03,sz.300080,5.7100,5.7300,5.4800,5.5100,5.6900,4105500,22905401.0000
2020-04-07,sz.300080,5.5300,5.7500,5.5200,5.7500,5.5100,8264130,46810479.6000
2020-04-08,sz.300080,5.7000,5.9400,5.6600,5.9000,5.7500,7437800,43456121.0000
2020-04-09,sz.300080,5.8800,5.9700,5.8200,5.8800,5.9000,5533006,32584482.9800
2020-04-10,sz.300080,5.8500,5.9800,5.8000,5.9000,5.8800,5900400,34725888.0000
2020-04-13,sz.300080,5.7000,6.1700,5.7000,6.1100,5.9000,9344430,56499135.5000
2020-04-14,sz.300080,6.1000,6.2500,6.0800,6.1800,6.1100,6592689,40742899.1800
2020-04-15,sz.300080,6.1700,6.2300,6.0900,6.1000,6.1800,5019838,30800378.5600
2020-04-16,sz.300080,6.1000,6.1200,6.0000,6.0500,6.1000,4629571,28100881.0000
2020-04-17,sz.300080,6.0800,6.0900,5.9100,5.9100,6.0500,4706910,28187652.9000
2020-04-20,sz.300080,5.9000,6.0500,5.8100,5.8400,5.9100,6148910,36247055.1000
2020-04-21,sz.300080,5.8900,5.9500,5.6300,5.7000,5.8400,5453500,31561902.0000
2020-04-22,sz.300080,5.7100,5.7400,5.5400,5.6100,5.7000,5853200,32879261.9000
2020-04-23,sz.300080,5.6500,5.7700,5.6400,5.6500,5.6100,4705990,26812495.5000
2020-04-24,sz.300080,5.6400,6.2100,5.6400,5.9700,5.6500,13123651,78596223.5800
2020-04-27,sz.300080,5.9500,5.9600,5.7900,5.8600,5.9700,7678391,45046614.6700
2020-04-28,sz.300080,5.8600,5.9200,5.4800,5.6900,5.8600,5829410,33216039.9000
2020-04-29,sz.300080,5.6100,5.7200,5.4200,5.4900,5.6900,5304410,29496096.2000
2020-04-30,sz.300080,5.5300,5.6100,5.4800,5.4800,5.4900,3781030,20907435.3000
2020-05-06,sz.300080,5.4000,5.6000,5.4000,5.4700,5.4800,3866680,21290747.4000
2020-05-07,sz.300080,5.4700,5.5400,5.2600,5.3500,5.4700,5613000,30113230.4500
2020-05-08,sz.300080,5.3300,5.5600,5.3300,5.5300,5.3500,4462838,24289782.1400
2020-05-11,sz.300080,5.5400,6.0800,5.5400,6.0800,5.5300,10461550,62011752.9000
2020-05-12,sz.300080,6.3300,6.6900,6.2900,6.6900,6.0800,48742196,317345048.0200
2020-05-13,sz.300080,6.6000,7.0200,6.3400,6.5100,6.6900,56462952,371078382.3300
2020-05-14,sz.300080,6.4500,7.1600,6.3900,7.1600,6.5100,77340224,537003037.7600
2020-05-15,sz.300080,7.0900,7.2900,6.6800,6.6800,7.1600,91031276,627090271.4300
2020-05-18,sz.300080,6.3600,6.3800,6.0100,6.0100,6.6800,32223233,197115944.3300
2020-05-19,sz.300080,5.7300,5.9800,5.6100,5.8100,6.0100,39004913,225327052.7900
2020-05-20,sz.300080,5.8400,6.3900,5.8400,6.3900,5.8100,43141688,263260103.8100
2020-05-21,sz.300080,6.3500,6.3500,5.7500,5.7500,6.3900,76848728,460005768.3700
2020-05-22,sz.300080,5.4800,5.5400,5.1800,5.1800,5.7500,35771652,186854340.9800
2020-05-25,sz.300080,4.8000,5.0500,4.6600,4.7900,5.1800,40472234,195377625.6900
2020-05-26,sz.300080,4.8400,4.8700,4.7300,4.8300,4.7900,19402482,93253340.7600
2020-05-27,sz.300080,4.7700,4.8500,4.6300,4.6800,4.8300,18858794,88971821.2000
2020-05-28,sz.300080,4.7000,4.7800,4.6300,4.7500,4.6800,15119997,71115792.9900
2020-05-29,sz.300080,4.7000,4.7900,4.6600,4.6900,4.7500,12702900,60126144.0000
2020-06-01,sz.300080,4.6900,4.8400,4.6900,4.8000,4.6900,14500401,69422522.7600
2020-06-02,sz.300080,4.8000,5.0000,4.7800,4.9100,4.8000,16619271,81507348.7500
2020-06-03,sz.300080,4.9000,4.9500,4.8400,4.8500,4.9100,13671451,66983517.9400
2020-06-04,sz.300080,4.8700,4.8800,4.7500,4.7600,4.8500,11957106,57439530.7100
2020-06-05,sz.300080,4.7600,4.8000,4.7400,4.7500,4.7600,9134600,43505353.0000
2020-06-08,sz.300080,4.7800,4.9300,4.7100,4.8500,4.7500,13475800,64935793.0000
2020-06-09,sz.300080,4.8600,4.8800,4.8100,4.8200,4.8500,8455803,40883698.4300
2020-06-10,sz.300080,4.8300,4.9200,4.7600,4.8400,4.8200,6950288,33566291.0400
2020-06-11,sz.300080,4.8600,4.8600,4.7500,4.7600,4.8400,8822900,42375907.0000
2020-06-12,sz.300080,4.6300,4.7400,4.5700,4.7000,4.7600,8371200,39144310.0000
2020-06-15,sz.300080,4.6700,4.7400,4.6200,4.6200,4.7000,8360688,39098245.9600
2020-06-16,sz.300080,4.6700,4.7500,4.6300,4.7500,4.6200,7562460,35472290.8800
2020-06-17,sz.300080,4.7600,4.7800,4.6600,4.6900,4.7500,7391258,34797816.8000
2020-06-18,sz.300080,4.7000,4.7000,4.6400,4.6700,4.6900,5966500,27864560.0000
2020-06-19,sz.300080,4.6400,4.7100,4.6400,4.6600,4.6700,5250715,24552475.9000
2020-06-22,sz.300080,4.6800,4.7400,4.6600,4.7400,4.6600,8321104,39121662.6800
2020-06-23,sz.300080,4.7300,4.7300,4.6400,4.6400,4.7400,7852830,36666739.4000
2020-06-24,sz.300080,4.6400,4.6600,4.4600,4.5100,4.6400,10233221,46685911.6800
2020-06-29,sz.300080,4.5100,4.5800,4.4200,4.5300,4.5100,5956118,26824151.1000
2020-06-30,sz.300080,4.5400,4.5900,4.4800,4.5000,4.5300,6847300,31111946.0000
2020-07-01,sz.300080,4.5100,4.5600,4.4800,4.5200,4.5000,6205700,28047401.0000
2020-07-02,sz.300080,4.5500,4.6400,4.5200,4.6200,4.5200,10166731,46855311.9800
2020-07-03,sz.300080,4.6300,4.7800,4.6200,4.7600,4.6200,13316313,62704738.0800
2020-07-06,sz.300080,4.7900,5.0200,4.7600,4.9900,4.7600,20016544,98050622.3900
2020-07-07,sz.300080,5.0000,5.0700,4.9000,4.9600,4.9900,22517285,112130972.3400
2020-07-08,sz.300080,4.9700,5.0500,4.9000,5.0400,4.9600,16946596,84368478.0800
2020-07-09,sz.300080,5.0500,5.2400,5.0100,5.1500,5.0400,19634621,100185808.5400
2020-07-10,sz.300080,5.1400,5.2400,5.0800,5.0900,5.1500,17016090,87571004.4000
2020-07-13,sz.300080,5.0900,5.2100,5.0400,5.1900,5.0900,19136927,98167018.8500
2020-07-14,sz.300080,5.2000,5.3200,5.0500,5.1300,5.1900,17201175,88894982.9700
2020-07-15,sz.300080,5.0600,5.1800,4.8800,4.9000,5.1300,18616459,92770317.2200
2020-07-16,sz.300080,4.9000,4.9500,4.6900,4.7000,4.9000,14468955,70066114.1600
2020-07-17,sz.300080,4.7400,4.7600,4.6300,4.6500,4.7000,8054750,37758306.5000
2020-07-20,sz.300080,4.6700,5.1200,4.6700,5.1200,4.6500,11624152,58775810.2800
2020-07-21,sz.300080,5.2800,5.5600,5.1600,5.3900,5.1200,55741835,295963396.2200
2020-07-22,sz.300080,5.2400,5.3500,5.1800,5.2300,5.3900,29727630,156453023.7700
2020-07-23,sz.300080,5.1800,5.2700,5.0500,5.1800,5.2300,20523892,105813761.4300
2020-07-24,sz.300080,5.1300,5.3200,5.1000,5.2000,5.1800,23022795,120370315.0200
2020-07-27,sz.300080,5.3500,5.5000,5.1900,5.2800,5.2000,24255554,129015399.2000
2020-07-28,sz.300080,5.2300,5.2800,5.0800,5.2300,5.2800,18145850,93664949.0000
2020-07-29,sz.300080,5.2400,5.3500,5.1500,5.3100,5.2300,18295485,96227663.7200
2020-07-30,sz.300080,5.4400,5.4400,5.2500,5.2500,5.3100,20110892,107303282.2700
2020-07-31,sz.300080,5.2300,5.3300,5.1500,5.2400,5.2500,15400996,80395180.3400
2020-08-03,sz.300080,5.2700,5.3800,5.2500,5.3400,5.2400,19438392,103337499.8400
2020-08-04,sz.300080,5.3400,5.3700,5.1800,5.2600,5.3400,16511010,86757645.9000
2020-08-05,sz.300080,5.2900,5.5000,5.2500,5.4800,5.2600,28451455,153584071.0500
2020-08-06,sz.300080,5.4500,5.5100,5.3000,5.4000,5.4800,18207058,97933593.5400
2020-08-07,sz.300080,5.3900,5.4100,5.2000,5.2300,5.4000,15168819,79809186.1800
2020-08-10,sz.300080,5.2900,5.3900,5.2500,5.2800,5.2300,11192900,59399726.5400
2020-08-11,sz.300080,5.2700,5.3000,5.0200,5.0700,5.2800,15643431,80801151.5400
2020-08-12,sz.300080,5.0700,5.1700,4.9300,5.1600,5.0700,12449176,62830326.8500
2020-08-13,sz.300080,5.1500,5.2800,5.1300,5.1700,5.1600,11242699,58594847.8500
2020-08-14,sz.300080,5.1800,5.2100,5.0300,5.1500,5.1700,8284603,42456396.8500
2020-08-17,sz.300080,5.1600,5.2900,5.1100,5.2200,5.1500,9012134,46992984.7400
2020-08-18,sz.300080,5.2700,5.2700,5.1800,5.2200,5.2200,8520230,44419002.6000
2020-08-19,sz.300080,5.2200,5.2700,5.1100,5.1400,5.2200,8761780,45254332.4000
2020-08-20,sz.300080,5.1300,5.1400,5.0300,5.0700,5.1400,6285970,31930360.5000
2020-08-21,sz.300080,5.0600,5.1900,5.0600,5.1400,5.0700,8001940,41010034.6000
2020-08-24,sz.300080,5.1400,5.2900,5.0200,5.2300,5.1400,11740731,60689145.5200
2020-08-25,sz.300080,5.2200,5.5500,5.1800,5.4000,5.2300,27294175,146643553.7100
2020-08-26,sz.300080,5.4600,5.5600,5.3400,5.4200,5.4000,25219083,137059028.1900
2020-08-27,sz.300080,5.3800,5.7800,5.2400,5.7000,5.4200,37313838,208182175.3800
2020-08-28,sz.300080,5.6300,5.7500,5.5200,5.6400,5.7000,23916994,134051039.7100
2020-08-31,sz.300080,5.6000,5.6500,5.4000,5.4100,5.6400,20954284,115117667.5800
2020-09-01,sz.300080,5.3900,5.5900,5.3300,5.5900,5.4100,19623942,107716922.1300
2020-09-02,sz.300080,5.6200,5.9800,5.5500,5.8400,5.5900,39088243,227367319.9400
2020-09-03,sz.300080,5.8000,6.3000,5.7400,6.0900,5.8400,44123968,264956235.5300
2020-09-04,sz.300080,5.9200,7.1900,5.9100,6.6500,6.0900,75844162,496957200.0100
2020-09-07,sz.300080,7.1500,7.2800,6.5800,6.6100,6.6500,86430518,594979956.2100
2020-09-08,sz.300080,6.4700,7.0500,6.4700,6.9700,6.6100,70144026,476690394.6800
2020-09-09,sz.300080,6.8000,6.8900,5.9200,5.9700,6.9700,70075868,457473403.2400
2020-09-10,sz.300080,5.8700,6.0500,5.0800,5.2200,5.9700,50966710,279534733.3900
2020-09-11,sz.300080,5.0900,5.6900,5.0900,5.5400,5.2200,36642768,197544242.3800
2020-09-14,sz.300080,5.7400,6.1700,5.7000,6.1600,5.5400,48120282,288521956.0400
2020-09-15,sz.300080,6.1500,6.2500,5.9000,6.0200,6.1600,33150941,200089848.9800
2020-09-16,sz.300080,6.0000,6.1500,5.8500,5.9700,6.0200,27246400,163273086.5100
2020-09-17,sz.300080,5.9800,6.1000,5.8100,5.9400,5.9700,25132892,150056430.0800
2020-09-18,sz.300080,5.9000,6.0100,5.7400,5.9100,5.9400,22896659,134014283.6500
2020-09-21,sz.300080,5.9400,5.9400,5.6500,5.6900,5.9100,22901878,131706701.6500
2020-09-22,sz.300080,5.5900,5.6800,5.4500,5.5200,5.6900,17111700,95108012.0000
2020-09-23,sz.300080,5.5700,6.6200,5.5600,6.6200,5.5200,52240418,328037297.1900
2020-09-24,sz.300080,7.0000,7.1900,6.1100,6.3100,6.6200,96956164,649554945.0600
2020-09-25,sz.300080,6.3300,6.6200,6.0100,6.2200,6.3100,60906532,380484688.9600
2020-09-28,sz.300080,6.2400,6.5200,6.0300,6.3700,6.2200,56566249,356002036.3700
2020-09-29,sz.300080,6.2400,6.3600,5.5700,6.0900,6.3700,52400778,312191354.0600
2020-09-30,sz.300080,6.0000,7.1600,6.0000,6.6800,6.0900,100534202,683649056.7600
2020-10-09,sz.300080,7.2000,7.6900,6.8300,7.0200,6.6800,109093294,784580650.6300
2020-10-12,sz.300080,7.0400,8.0600,6.7000,7.8400,7.0200,125584350,911739040.7800
2020-10-13,sz.300080,7.4400,7.6600,7.3000,7.4200,7.8400,96218096,718205283.1600
2020-10-14,sz.300080,7.3000,7.6900,7.1800,7.4400,7.4200,75613229,564343939.0300
2020-10-15,sz.300080,7.2300,7.2300,6.7200,6.8000,7.4400,62676269,435432791.9100
2020-10-16,sz.300080,6.7600,6.9600,6.6600,6.7900,6.8000,45347635,308866955.6800
2020-10-19,sz.300080,6.6900,7.3900,6.6600,7.1100,6.7900,70350554,500511653.3400
2020-10-20,sz.300080,7.0200,7.2200,6.7800,7.1600,7.1100,39942023,278900887.9000
2020-10-21,sz.300080,7.0500,7.7600,6.9200,6.9900,7.1600,53606700,388659531.2900
2020-10-22,sz.300080,6.8200,7.0500,6.6700,6.8900,6.9900,33512275,229805819.6200
2020-10-23,sz.300080,7.0300,7.5600,6.9000,6.9100,6.8900,50152629,358982167.3900
2020-10-26,sz.300080,6.7800,7.1100,6.6800,7.1000,6.9100,38010237,261994473.5800
2020-10-27,sz.300080,6.9800,7.1800,6.7500,6.8600,7.1000,36572967,253276844.5900
2020-10-28,sz.300080,6.7900,6.8800,6.3600,6.6400,6.8600,35936536,236034319.8300
2020-10-29,sz.300080,6.4800,6.7700,6.4100,6.5600,6.6400,26482800,175282771.0000
2020-10-30,sz.300080,6.4800,6.6300,6.1600,6.2100,6.5600,34039300,216224431.6000
2020-11-02,sz.300080,6.2000,6.3500,6.1200,6.2500,6.2100,17669401,110015140.2000
2020-11-03,sz.300080,6.2500,6.4400,6.2200,6.4000,6.2500,17756931,112970506.8200
2020-11-04,sz.300080,6.5000,6.6200,6.3000,6.3500,6.4000,21041854,135410951.3400
2020-11-05,sz.300080,6.3200,6.5500,6.3100,6.4900,6.3500,20190601,130471550.5000
2020-11-06,sz.300080,6.4500,6.5300,6.1300,6.2300,6.4900,19473832,122853969.9400
2020-11-09,sz.300080,6.2300,6.4700,6.2300,6.4100,6.2300,19567082,125218195.2000
2020-11-10,sz.300080,6.3900,6.4200,6.1500,6.1800,6.4100,18936740,118302434.0000
2020-11-11,sz.300080,6.1000,6.2000,5.8500,5.8800,6.1800,20489729,122119248.5200
2020-11-12,sz.300080,5.9100,5.9400,5.6800,5.7600,5.8800,14081900,81359037.0000
2020-11-13,sz.300080,5.7000,5.8200,5.6900,5.7700,5.7600,11030500,63425593.0000
2020-11-16,sz.300080,5.7800,5.8200,5.6400,5.7000,5.7700,10883200,62031761.5700
2020-11-17,sz.300080,5.7200,5.7700,5.5200,5.5900,5.7000,13269708,74042259.0900
2020-11-18,sz.300080,5.6000,5.7300,5.5700,5.6800,5.5900,14255954,80452264.6800
2020-11-19,sz.300080,5.7200,5.8300,5.6500,5.7900,5.6800,21567000,123958221.0000
2020-11-20,sz.300080,5.7700,5.7800,5.6400,5.7000,5.7900,14770235,84187157.2000
2020-11-23,sz.300080,5.6900,5.7900,5.5700,5.7200,5.7000,17543500,99756475.3200
2020-11-24,sz.300080,5.7200,5.8600,5.6300,5.8200,5.7200,19025699,110214711.0200
2020-11-25,sz.300080,5.8700,6.0000,5.7700,5.8100,5.8200,21341348,125462350.8400
2020-11-26,sz.300080,5.8500,5.8500,5.6200,5.6600,5.8100,13802477,78601372.7400
2020-11-27,sz.300080,5.6000,5.6800,5.5100,5.5900,5.6600,11729201,65477838.5200
2020-11-30,sz.300080,5.6500,5.7800,5.5900,5.6900,5.5900,12624620,71765639.0000
2020-12-01,sz.300080,5.6500,5.7700,5.6100,5.7200,5.6900,11662688,66537220.1600
2020-12-02,sz.300080,5.7400,5.7600,5.5900,5.6100,5.7200,13122700,73995902.9000
2020-12-03,sz.300080,5.5000,5.5000,5.2500,5.2800,5.6100,23539600,125361134.2300
2020-12-04,sz.300080,5.2800,5.3400,5.2000,5.2800,5.2800,9203477,48597574.7900
2020-12-07,sz.300080,5.3200,5.4400,5.2700,5.4200,5.2800,12400200,66650684.0000
2020-12-08,sz.300080,5.3600,5.4700,5.3200,5.3200,5.4200,8267100,44328026.0000
2020-12-09,sz.300080,5.2900,5.3700,5.1800,5.2400,5.3200,10752000,56744774.0000
2020-12-10,sz.300080,5.2700,6.0800,5.2500,5.9400,5.2400,50827077,292942413.9900
2020-12-11,sz.300080,5.8000,6.0100,5.6500,5.7600,5.9400,35202379,203496116.4600
2020-12-14,sz.300080,5.7900,6.1800,5.6700,5.9900,5.7600,35311885,210608573.2200
2020-12-15,sz.300080,5.8200,5.9900,5.7500,5.8600,5.9900,21649707,126425191.3700
2020-12-16,sz.300080,5.8200,6.1300,5.7900,5.8800,5.8600,34320257,205446880.1400
2020-12-17,sz.300080,5.8100,5.9400,5.6800,5.7200,5.8800,29605901,170627754.8000
2020-12-18,sz.300080,5.7200,6.0300,5.6700,5.8900,5.7200,36804109,215921931.0500
2020-12-21,sz.300080,5.9600,6.0900,5.8900,5.9200,5.8900,37975252,227287412.0600
2020-12-22,sz.300080,5.8700,5.9300,5.5400,5.5400,5.9200,34215482,196196862.3000
2020-12-23,sz.300080,5.5000,6.3500,5.4600,6.0400,5.5400,58204572,348923901.3200
2020-12-24,sz.300080,5.9300,6.0400,5.8100,5.9900,6.0400,38043581,225643234.6600
2020-12-25,sz.300080,6.0300,6.6000,5.9400,6.4800,5.9900,73856506,470340613.4600
2020-12-28,sz.300080,6.4100,6.6100,6.2200,6.6000,6.4800,56240629,357497278.0900
2020-12-29,sz.300080,6.4800,6.5100,6.0700,6.1500,6.6000,43970870,274705360.5000
2020-12-30,sz.300080,6.1000,6.4600,6.0900,6.1700,6.1500,39566468,249841416.7200
2020-12-31,sz.300080,6.1200,6.3200,6.0000,6.1200,6.1700,34945503,214545884.9400
2021-01-04,sz.300080,6.1100,6.4600,6.0600,6.2800,6.1200,42068512,265893162.5700
2021-01-05,sz.300080,6.2400,6.2700,5.9500,6.1300,6.2800,38902846,236694951.5300
2021-01-06,sz.300080,6.1000,6.1400,5.7200,5.8800,6.1300,32783601,191833349.8100
2021-01-07,sz.300080,5.8800,5.9200,5.6300,5.6500,5.8800,25766495,148332826.6100
2021-01-08,sz.300080,5.4600,5.5800,5.2000,5.4800,5.6500,25825237,140407130.3200
2021-01-11,sz.300080,5.4900,5.5300,5.0200,5.0800,5.4800,29810057,155584351.5200
2021-01-12,sz.300080,5.0400,5.2000,5.0100,5.1200,5.0800,15705645,79760307.3500
2021-01-13,sz.300080,5.0900,5.1500,4.8300,4.8600,5.1200,21494812,105720118.4200
2021-01-14,sz.300080,4.8500,4.9000,4.7100,4.8100,4.8600,12860089,61786521.1900
2021-01-15,sz.300080,4.7900,5.0200,4.7900,4.9200,4.8100,12828300,63190443.0000
2021-01-18,sz.300080,4.9600,5.0900,4.9300,5.0000,4.9200,12590000,63082190.0000
2021-01-19,sz.300080,5.0000,5.1500,4.9700,5.0500,5.0000,14127135,71514215.9000
2021-01-20,sz.300080,5.0300,5.3300,4.9600,5.1400,5.0500,17316111,88723274.3500
2021-01-21,sz.300080,5.0700,5.1700,5.0300,5.0900,5.1400,14780800,75417279.0200
2021-01-22,sz.300080,5.0600,5.1500,4.9400,4.9500,5.0900,13868430,69473252.4000
2021-01-25,sz.300080,4.9100,5.2900,4.8800,5.1500,4.9500,24245620,124662202.6000
2021-01-26,sz.300080,5.0600,5.2200,5.0200,5.0300,5.1500,15234928,77661324.0700
2021-01-27,sz.300080,4.9600,5.0500,4.8600,5.0400,5.0300,12277224,60887191.0000
2021-01-28,sz.300080,4.9200,5.0400,4.8200,4.8300,5.0400,13253700,65122610.0000
2021-01-29,sz.300080,4.8100,4.8800,4.5700,4.6600,4.8300,14333549,67570243.3400
2021-02-01,sz.300080,4.6000,4.6900,4.4300,4.4700,4.6600,12171610,54984567.5000
2021-02-02,sz.300080,4.4800,4.5700,4.3500,4.4500,4.4700,9672566,43029315.5200
2021-02-03,sz.300080,4.4500,4.4500,4.3300,4.3500,4.4500,8823288,38680521.7200
2021-02-04,sz.300080,4.3400,4.3900,4.2000,4.2700,4.3500,8514549,36507618.6500
2021-02-05,sz.300080,4.2700,4.4500,4.2200,4.2200,4.2700,6960300,29986284.0000
2021-02-08,sz.300080,4.2300,4.2800,4.1500,4.2300,4.2200,6175839,26141876.3700
2021-02-09,sz.300080,4.2300,4.3600,4.2300,4.3200,4.2300,6399600,27554287.0000
2021-02-10,sz.300080,4.3200,4.3800,4.2600,4.2700,4.3200,7158200,30789901.0000
2021-02-18,sz.300080,4.3400,4.4800,4.3000,4.4400,4.2700,9125089,40227255.6000
2021-02-19,sz.300080,4.4300,4.6300,4.4100,4.6100,4.4400,11005179,49812801.8200
2021-02-22,sz.300080,4.6200,4.8300,4.6200,4.6700,4.6100,14017000,66159148.9900
2021-02-23,sz.300080,4.6700,4.7600,4.5700,4.6400,4.6700,10145800,47296057.0000
2021-02-24,sz.300080,4.6100,4.7800,4.6100,4.7400,4.6400,12125700,57026686.0000
2021-02-25,sz.300080,4.8800,4.9600,4.6100,4.6200,4.7400,12961330,61110554.8700
2021-02-26,sz.300080,4.5600,4.6500,4.5400,4.6100,4.6200,6740050,31054564.2000
2021-03-01,sz.300080,4.6600,4.7300,4.6100,4.7100,4.6100,8712362,40664794.4900
2021-03-02,sz.300080,4.7300,4.7500,4.5800,4.6200,4.7100,8233100,38301534.5300
2021-03-03,sz.300080,4.6500,5.1700,4.5900,5.0100,4.6200,28505150,139217047.8000
2021-03-04,sz.300080,4.9000,5.0300,4.8300,4.8900,5.0100,20390299,100378937.3700
2021-03-05,sz.300080,4.8200,5.0700,4.8200,4.9000,4.8900,14131830,69970705.1200
2021-03-08,sz.300080,4.9000,5.1000,4.8900,5.0200,4.9000,20059177,100055614.3000
2021-03-09,sz.300080,4.9500,5.1300,4.6400,4.9000,5.0200,20471373,99908153.9000
2021-03-10,sz.300080,4.9100,4.9400,4.6800,4.7200,4.9000,11796583,56469646.5000
2021-03-11,sz.300080,4.7500,4.9100,4.6400,4.8400,4.7200,11909417,57060153.3600
2021-03-12,sz.300080,4.8400,4.9400,4.7500,4.8200,4.8400,8989822,43511932.1600
2021-03-15,sz.300080,4.8100,5.0800,4.7800,5.0400,4.8200,19872660,98163687.9300
2021-03-16,sz.300080,5.1000,5.1700,4.9400,5.0400,5.0400,19127958,96478007.1500
2021-03-17,sz.300080,5.0200,5.5800,4.9700,5.3200,5.0400,35940478,190019527.0900
2021-03-18,sz.300080,5.2700,5.4300,5.1300,5.3500,5.3200,32527164,171849778.6500
2021-03-19,sz.300080,5.2200,5.2700,5.1100,5.1500,5.3500,19574023,101584170.5900
2021-03-22,sz.300080,5.1300,5.2400,5.1100,5.1500,5.1500,14053240,72698362.5400
2021-03-23,sz.300080,5.1300,5.1700,4.8800,4.8800,5.1500,16257278,80921002.1900
2021-03-24,sz.300080,4.8300,4.9200,4.8100,4.8600,4.8800,8143330,39570817.9400
2021-03-25,sz.300080,4.8600,4.9200,4.7500,4.7600,4.8600,7800900,37530851.0000
2021-03-26,sz.300080,4.7700,4.8700,4.7300,4.8200,4.7600,6939628,33431072.5800
2021-03-29,sz.300080,4.8200,5.0600,4.8100,5.0300,4.8200,15446326,76558193.2100
2021-03-30,sz.300080,4.9000,4.9200,4.6200,4.6800,5.0300,18909785,89230455.5400
2021-03-31,sz.300080,4.6500,4.6800,4.4900,4.5200,4.6800,11139471,50811208.1100
2021-04-01,sz.300080,4.4800,4.5500,4.4500,4.5400,4.5200,6014830,27095774.1000
2021-04-02,sz.300080,4.5000,4.5300,4.4600,4.4700,4.5400,7260061,32544251.0600
2021-04-06,sz.300080,4.4900,4.6000,4.4800,4.5900,4.4700,6720081,30625576.8900
2021-04-07,sz.300080,4.5600,4.6400,4.5500,4.6100,4.5900,5212934,23964063.0600
2021-04-08,sz.300080,4.6600,5.5300,4.6600,5.1800,4.6100,57128256,300118901.8600
2021-04-09,sz.300080,5.0100,5.1400,4.8800,5.0100,5.1800,36184377,180009916.1600
2021-04-12,sz.300080,4.9700,5.0000,4.7900,4.8100,5.0100,20391479,99361617.2100
2021-04-13,sz.300080,4.8100,4.8500,4.6400,4.6900,4.8100,13946051,65568805.7300
2021-04-14,sz.300080,4.6500,4.8800,4.6500,4.7800,4.6900,14483351,69246718.0200
2021-04-15,sz.300080,4.7300,4.7400,4.6600,4.6800,4.7800,9182183,43126013.9700
2021-04-16,sz.300080,4.7300,4.7800,4.6800,4.7700,4.6800,7673734,36406967.0400
2021-04-19,sz.300080,4.7500,4.9000,4.7400,4.8500,4.7700,10207900,49372901.0000
2021-04-20,sz.300080,4.8600,4.9400,4.7800,4.8600,4.8500,12380751,60067152.3500
2021-04-21,sz.300080,4.8500,4.8500,4.7100,4.7500,4.8600,6313360,30054285.6000
2021-04-22,sz.300080,4.7700,4.8800,4.7600,4.8200,4.7500,7179732,34560484.9600
2021-04-23,sz.300080,4.8400,4.8400,4.6100,4.6600,4.8200,9717993,45611301.9800
2021-04-26,sz.300080,4.6400,4.7000,4.5900,4.6200,4.6600,6046864,28078460.6800
2021-04-27,sz.300080,4.6000,4.6000,4.4900,4.4900,4.6200,8055000,36377874.1000
2021-04-28,sz.300080,4.4600,4.5900,4.4600,4.5500,4.4900,4044145,18353973.8500
2021-04-29,sz.300080,4.5200,4.6300,4.5100,4.6100,4.5500,4897871,22445032.9400
2021-04-30,sz.300080,4.5800,4.6300,4.5300,4.5600,4.6100,4919093,22522930.2500
2021-05-06,sz.300080,4.5000,4.6500,4.4900,4.5800,4.5600,4321100,19843128.4600
2021-05-07,sz.300080,4.6100,4.8800,4.6000,4.7300,4.5800,11778684,55967777.3200
2021-05-10,sz.300080,4.7300,4.8300,4.6200,4.8300,4.7300,11679823,55488577.1100
2021-05-11,sz.300080,4.8300,4.8500,4.6800,4.7500,4.8300,9341215,44298776.5000
2021-05-12,sz.300080,4.7000,4.7700,4.6600,4.7700,4.7500,6030503,28406165.9300
2021-05-13,sz.300080,4.7300,4.7600,4.6700,4.6900,4.7700,5709100,26910901.0000
2021-05-14,sz.300080,4.6900,4.7700,4.6800,4.7700,4.6900,6986122,33026418.1800
2021-05-17,sz.300080,4.7700,4.7700,4.6800,4.6900,4.7700,6019659,28465010.6000
2021-05-18,sz.300080,4.6800,4.7400,4.6200,4.6700,4.6900,4508410,21080025.5000
2021-05-19,sz.300080,4.6600,4.6800,4.6000,4.6500,4.6700,4535797,21051087.0500
2021-05-20,sz.300080,4.6700,4.7500,4.6300,4.7400,4.6500,7291330,34386723.6900
2021-05-21,sz.300080,4.7300,4.8600,4.7200,4.7900,4.7400,9517980,45755543.8500
2021-05-24,sz.300080,4.8100,4.8700,4.7500,4.8000,4.7900,7307737,35231422.1600
2021-05-25,sz.300080,4.8200,4.8600,4.6800,4.7700,4.8000,7770777,36903910.6800
2021-05-26,sz.300080,4.8100,4.8700,4.7800,4.8100,4.7700,9555013,46119314.4900
2021-05-27,sz.300080,4.7800,4.8400,4.7700,4.7700,4.8100,7686900,36932274.0000
2021-05-28,sz.300080,4.8000,4.9400,4.7800,4.8700,4.7700,15094800,73643828.0000
2021-05-31,sz.300080,4.8300,4.8800,4.7100,4.8500,4.8700,11175296,53930951.6100
2021-06-01,sz.300080,4.8500,4.9900,4.8500,4.9000,4.8500,12894610,63353718.7000
2021-06-02,sz.300080,4.8900,5.0500,4.8500,4.9400,4.9000,14537563,72176965.3300
2021-06-03,sz.300080,4.9100,4.9800,4.8200,4.8300,4.9400,13011500,63253684.0000
2021-06-04,sz.300080,4.8200,4.9600,4.7800,4.8900,4.8300,11687423,57003686.2400
2021-06-07,sz.300080,4.8900,5.0100,4.8700,4.9700,4.8900,14442880,71354149.7000
2021-06-08,sz.300080,4.9600,5.0400,4.8600,4.9000,4.9700,14170588,69916070.7400
2021-06-09,sz.300080,4.9100,5.0300,4.8300,4.9500,4.9000,13558471,67078588.7700
2021-06-10,sz.300080,4.9500,5.0200,4.8800,5.0000,4.9500,21050352,104588663.1800
2021-06-11,sz.300080,4.9900,5.2500,4.9500,5.0800,5.0000,31173215,158651667.7100
2021-06-15,sz.300080,5.0600,5.0600,4.9100,5.0500,5.0800,18609031,92549658.7100
2021-06-16,sz.300080,5.1500,5.2800,5.0200,5.1900,5.0500,30612602,157817345.1100
2021-06-17,sz.300080,5.1100,5.1700,5.0400,5.1200,5.1900,17332974,88495443.4200
2021-06-18,sz.300080,5.0900,5.3600,5.0300,5.3500,5.1200,31077045,163283896.4900
2021-06-21,sz.300080,5.3500,5.3900,5.2400,5.2900,5.3500,20925118,110807361.7500
2021-06-22,sz.300080,5.3300,5.4800,5.2000,5.3700,5.2900,23303860,123985829.4700
2021-06-23,sz.300080,5.3000,5.3600,5.1600,5.1900,5.3700,20322347,106597965.3700
2021-06-24,sz.300080,5.2500,5.6400,5.2300,5.4800,5.1900,47510840,259359072.4800
2021-06-25,sz.300080,5.4300,5.6500,5.2800,5.3400,5.4800,36355359,198229973.4800
2021-06-28,sz.300080,5.8000,5.8000,5.3800,5.4500,5.3400,39615890,221136230.1900
2021-06-29,sz.300080,5.2600,5.3300,5.1000,5.1700,5.4500,36341224,188548287.0000
2021-06-30,sz.300080,5.1400,5.2800,5.0700,5.2400,5.1700,22775760,117997184.0000
2021-07-01,sz.300080,5.2000,5.2300,4.9000,4.9300,5.2400,23645308,119224944.3800
2021-07-02,sz.300080,4.9000,5.0300,4.8800,4.9500,4.9300,13068861,64965702.3400
2021-07-05,sz.300080,4.9500,5.3000,4.9400,5.2600,4.9500,28646535,148495536.0600
2021-07-06,sz.300080,5.2600,5.3000,5.1100,5.2200,5.2600,19204911,99695482.8000
2021-07-07,sz.300080,5.2000,5.5600,5.1400,5.4800,5.2200,36058725,195402542.5600
2021-07-08,sz.300080,5.4800,5.6600,5.4000,5.4800,5.4800,30028465,165334788.5000
2021-07-09,sz.300080,5.5000,5.7400,5.4400,5.6800,5.4800,36415653,203715897.0900
2021-07-12,sz.300080,5.7600,5.7800,5.5500,5.6000,5.6800,29121885,163847567.8800
2021-07-13,sz.300080,5.5700,5.8000,5.4600,5.6100,5.6000,29918900,168117069.7100
2021-07-14,sz.300080,5.6000,5.8200,5.4600,5.6200,5.6100,29151972,163513847.4200
2021-07-15,sz.300080,5.5800,5.7200,5.4400,5.5500,5.6200,21855992,121414347.0100
2021-07-16,sz.300080,5.6200,5.7100,5.4600,5.5000,5.5500,22826592,127209038.7300
2021-07-19,sz.300080,5.4400,5.7300,5.3500,5.6400,5.5000,30376960,168857995.2200
2021-07-20,sz.300080,5.6000,6.0300,5.5400,5.9300,5.6400,52949544,310219651.4700
2021-07-21,sz.300080,5.8000,5.8700,5.7300,5.8000,5.9300,39013642,226008396.6000
2021-07-22,sz.300080,5.7700,6.1200,5.7700,6.0600,5.8000,47854402,283703743.5100
2021-07-23,sz.300080,5.9800,6.1400,5.7800,5.8500,6.0600,43086400,255731239.3600
2021-07-26,sz.300080,5.8000,5.9800,5.6800,5.8200,5.8500,29990566,174835838.0200
2021-07-27,sz.300080,5.8000,5.9300,5.4400,5.4400,5.8200,34921175,197622794.9900
2021-07-28,sz.300080,5.4300,5.5000,5.1000,5.1700,5.4400,23910546,125634826.6500
2021-07-29,sz.300080,5.2400,5.7000,5.2400,5.6400,5.1700,36830263,203383432.9800
2021-07-30,sz.300080,5.6100,5.9300,5.5800,5.8600,5.6400,35618299,208119629.1000
2021-08-02,sz.300080,5.8900,5.9700,5.7600,5.9000,5.8600,28785941,168978011.0600
2021-08-03,sz.300080,5.9100,6.0800,5.7200,5.7800,5.9000,28344000,166729431.0000
2021-08-04,sz.300080,5.7700,6.2500,5.7600,6.0500,5.7800,47745949,290463119.2700
2021-08-05,sz.300080,6.1500,6.6400,6.1200,6.3700,6.0500,69142332,442213160.7000
2021-08-06,sz.300080,6.3600,6.4300,6.1800,6.2600,6.3700,39752461,249931174.0500
2021-08-09,sz.300080,6.2100,6.2600,6.0100,6.0900,6.2600,24397204,148788624.4100
2021-08-10,sz.300080,6.0800,6.3500,6.0400,6.1800,6.0900,26476416,163940955.4400
2021-08-11,sz.300080,6.1100,6.5600,6.0700,6.4800,6.1800,38665274,246682732.9500
2021-08-12,sz.300080,6.4600,6.4600,6.2800,6.3100,6.4800,25292349,160480243.3400
2021-08-13,sz.300080,6.2600,6.8800,6.2300,6.6400,6.3100,47926140,317614095.8800
2021-08-16,sz.300080,6.6400,6.7200,6.2200,6.2500,6.6400,40415063,258087456.7300
2021-08-17,sz.300080,6.1900,6.2700,5.8800,5.9200,6.2500,31773589,192122454.0100
2021-08-18,sz.300080,5.9200,6.0000,5.8600,5.9500,5.9200,20995226,124473901.6000
2021-08-19,sz.300080,5.9000,5.9500,5.7100,5.8500,5.9500,17103460,99678149.0700
2021-08-20,sz.300080,5.7300,5.8300,5.5800,5.8300,5.8500,17467163,100106544.8800
2021-08-23,sz.300080,5.9200,6.1600,5.9200,6.1500,5.8300,27083852,164754845.5200
2021-08-24,sz.300080,6.1200,6.3400,6.0200,6.2800,6.1500,40457598,250499073.1600
2021-08-25,sz.300080,6.2000,6.2500,6.0600,6.1700,6.2800,26045119,159577923.2300
2021-08-26,sz.300080,6.1500,6.4400,6.0700,6.3700,6.1700,40988922,259038910.6000
2021-08-27,sz.300080,6.2700,6.2700,5.8600,6.1100,6.3700,39270277,237996902.0500
2021-08-30,sz.300080,6.0900,6.5400,6.0900,6.4800,6.1100,46601234,298499746.7300
2021-08-31,sz.300080,6.4500,6.4600,6.2400,6.2900,6.4800,29873503,188512132.8100
2021-09-01,sz.300080,6.3500,6.3800,5.8800,5.9400,6.2900,34205222,207507499.4600
2021-09-02,sz.300080,5.8800,6.4400,5.8800,6.4000,5.9400,45860169,286172520.4200
2021-09-03,sz.300080,6.4000,6.6000,6.2100,6.3100,6.4000,35196539,224452601.2100
2021-09-06,sz.300080,6.5300,6.5400,6.1100,6.1600,6.3100,29406133,182659551.5900
2021-09-07,sz.300080,6.2000,6.2500,6.0700,6.1700,6.1600,26752658,164375402.7500
2021-09-08,sz.300080,6.1800,6.4700,6.1200,6.2800,6.1700,38466460,243071621.6100
2021-09-09,sz.300080,6.2600,6.3000,6.0400,6.0900,6.2800,30491230,186148740.4000
2021-09-10,sz.300080,6.0800,6.1000,5.9200,6.0200,6.0900,21320003,128221163.4200
2021-09-13,sz.300080,6.0000,6.1000,5.9300,6.0900,6.0200,19698948,118663837.8600
2021-09-14,sz.300080,6.0700,6.4400,5.9900,6.3000,6.0900,52402344,329315122.1600
2021-09-15,sz.300080,6.3300,7.5600,6.2800,7.5600,6.3000,112190214,803559954.2100
2021-09-16,sz.300080,7.6000,8.2500,7.4800,7.7800,7.5600,163208596,1266451574.5900
2021-09-17,sz.300080,7.6800,7.9900,7.1100,7.3100,7.7800,96352613,715423267.5300
2021-09-22,sz.300080,7.5300,7.6800,7.1900,7.4100,7.3100,71023698,521580060.2300
2021-09-23,sz.300080,7.2900,7.3600,7.0200,7.0200,7.4100,65477344,467612145.9300
2021-09-24,sz.300080,7.0400,7.0800,6.7400,6.7600,7.0200,44860281,308799508.9000
2021-09-27,sz.300080,6.8200,6.8800,6.2200,6.3600,6.7600,43990880,286151911.6100
2021-09-28,sz.300080,6.3700,6.4900,6.2000,6.4000,6.3600,32137559,204646036.1800
2021-09-29,sz.300080,6.4900,6.8300,6.4000,6.4000,6.4000,51123232,337232692.6300
2021-09-30,sz.300080,6.3700,6.6600,6.3700,6.5900,6.4000,32580282,213040974.8500
2021-10-08,sz.300080,6.7000,6.7400,6.4800,6.6000,6.5900,26538523,175311369.7900
2021-10-11,sz.300080,6.5900,6.6200,6.1900,6.2500,6.6000,27759097,174146738.3700
2021-10-12,sz.300080,6.2900,6.3100,5.8900,6.0300,6.2500,28640310,173196561.5000
2021-10-13,sz.300080,5.9700,6.0400,5.8400,6.0300,6.0300,15490225,92133566.0000
2021-10-14,sz.300080,6.0200,6.1500,5.9600,6.0800,6.0300,14268300,86836339.0000
2021-10-15,sz.300080,6.0500,6.2700,5.9300,6.1400,6.0800,22217539,135866948.3500
2021-10-18,sz.300080,6.0700,6.2500,6.0000,6.2000,6.1400,16446400,101685397.9800
2021-10-19,sz.300080,6.1500,6.4400,6.1200,6.3000,6.2000,24054989,152238567.6900
2021-10-20,sz.300080,6.2000,6.4000,6.0600,6.2300,6.3000,22826186,142438252.1800
2021-10-21,sz.300080,6.2000,6.3900,6.1600,6.3900,6.2300,26089545,163895589.5200
2021-10-22,sz.300080,6.3100,6.3600,6.0600,6.0800,6.3900,22466705,139109516.3200
2021-10-25,sz.300080,6.1000,6.3400,6.0000,6.2300,6.0800,21035902,131228613.6200
2021-10-26,sz.300080,6.3900,6.7300,6.3300,6.4800,6.2300,47217879,310046647.1500
2021-10-27,sz.300080,6.1500,6.3200,5.9000,5.9600,6.4800,47700605,289283459.8200
2021-10-28,sz.300080,5.9000,5.9900,5.4200,5.4200,5.9600,34056899,190698223.4900
2021-10-29,sz.300080,5.4200,5.6200,5.4200,5.6100,5.4200,17233633,95347229.7100
2021-11-01,sz.300080,5.5200,5.7700,5.5100,5.6900,5.6100,15580737,88166418.7000
2021-11-02,sz.300080,5.6400,5.7600,5.4100,5.4800,5.6900,16814291,93530979.0800
2021-11-03,sz.300080,5.4800,5.6100,5.4500,5.5300,5.4800,13283251,73281890.8000
2021-11-04,sz.300080,5.5100,5.7000,5.5000,5.6300,5.5300,16145304,90741406.4200
2021-11-05,sz.300080,5.6000,5.6300,5.4200,5.4600,5.6300,16474700,90579584.0000
2021-11-08,sz.300080,5.4100,5.6800,5.2300,5.6400,5.4600,22481156,123697889.6600
2021-11-09,sz.300080,5.7800,5.9300,5.6500,5.6900,5.6400,23851674,136751684.9000
2021-11-10,sz.300080,5.5800,5.6500,5.5100,5.6400,5.6900,14404424,80356365.0400
2021-11-11,sz.300080,5.6200,5.6800,5.5800,5.6200,5.6400,13050501,73405648.6200
2021-11-12,sz.300080,5.6600,5.7400,5.6300,5.6900,5.6200,14319954,81440764.1700
2021-11-15,sz.300080,5.6900,5.7500,5.6100,5.7200,5.6900,13582054,77108466.2200
2021-11-16,sz.300080,5.7400,5.7400,5.5700,5.5700,5.7200,13215610,74465254.4000
2021-11-17,sz.300080,5.5500,5.9300,5.5500,5.9000,5.5700,34631979,199627663.7200
2021-11-18,sz.300080,5.8600,6.0200,5.8000,5.8700,5.9000,28274468,166951898.7900
2021-11-19,sz.300080,5.8300,5.9900,5.7600,5.9400,5.8700,23157784,135866904.5200
2021-11-22,sz.300080,5.9300,6.0200,5.8800,5.9700,5.9400,19631060,116898287.0000
2021-11-23,sz.300080,6.0500,6.3500,6.0200,6.0500,5.9700,39879463,245617490.3800
2021-11-24,sz.300080,6.0000,6.2600,5.9500,6.1400,6.0500,31112325,189603453.8000
2021-11-25,sz.300080,6.1100,6.1300,6.0200,6.0200,6.1400,17805666,107871379.4800
2021-11-26,sz.300080,6.0500,6.1500,5.9900,6.0700,6.0200,19031204,115716762.9000
2021-11-29,sz.300080,5.9500,6.2800,5.8900,6.2500,6.0700,30832876,189367103.4200
2021-11-30,sz.300080,6.2300,6.4300,6.1600,6.2600,6.2500,32157554,202175693.0000
2021-12-01,sz.300080,6.3000,6.4100,6.1700,6.2700,6.2600,22692653,142073386.0500
2021-12-02,sz.300080,6.2700,6.2700,6.0500,6.0700,6.2700,21957703,134230914.0000
2021-12-03,sz.300080,6.1000,6.6700,6.0100,6.3700,6.0700,46925701,297710062.6100
2021-12-06,sz.300080,6.3400,6.4400,6.1200,6.1700,6.3700,29020608,181007741.2900
2021-12-07,sz.300080,6.1300,6.1800,5.9000,5.9500,6.1700,21054737,126166561.0800
2021-12-08,sz.300080,5.9600,6.0900,5.9500,6.0200,5.9500,13865490,83600012.2000
2021-12-09,sz.300080,6.0600,6.0700,5.9400,5.9900,6.0200,12651291,75606387.0900
2021-12-10,sz.300080,5.9600,6.0300,5.9100,5.9200,5.9900,11681578,69502875.1500
2021-12-13,sz.300080,5.8900,5.9400,5.7900,5.8400,5.9200,14381903,84045182.5200
2021-12-14,sz.300080,5.8300,5.9100,5.7900,5.8600,5.8400,9839179,57706663.7200
2021-12-15,sz.300080,5.8900,6.0700,5.8500,5.9800,5.8600,17608629,105606522.3800
2021-12-16,sz.300080,6.0400,6.1500,5.9900,6.1100,5.9800,17863802,108692050.4600
2021-12-17,sz.300080,6.1100,6.3400,6.0800,6.1400,6.1100,27089304,167911267.8000
2021-12-20,sz.300080,6.1600,6.1600,5.9000,5.9100,6.1400,19032430,113835792.0000
2021-12-21,sz.300080,5.8200,5.9300,5.8000,5.9200,5.9100,12057796,70813864.4000
2021-12-22,sz.300080,5.9000,6.0000,5.8800,5.9000,5.9200,9759050,57844320.6800
2021-12-23,sz.300080,5.9100,5.9100,5.8200,5.8400,5.9000,8689219,50848112.3400
2021-12-24,sz.300080,5.8500,5.8700,5.6100,5.6100,5.8400,13305590,75723404.1900
2021-12-27,sz.300080,5.6000,5.7000,5.5800,5.6400,5.6100,6719368,38032424.8400
2021-12-28,sz.300080,5.6700,5.7500,5.6300,5.7300,5.6400,5500265,31443632.2400
2021-12-29,sz.300080,5.7000,5.8800,5.6800,5.8200,5.7300,9739217,56575817.5400
2021-12-30,sz.300080,5.8800,5.8900,5.7500,5.7800,5.8200,9389651,54680242.8700
2021-12-31,sz.300080,5.7800,5.9000,5.7500,5.8200,5.7800,8036775,46908052.0000
2022-01-04,sz.300080,5.8200,5.8900,5.8000,5.8700,5.8200,10002250,58522626.6700
2022-01-05,sz.300080,5.8900,5.9200,5.7100,5.7500,5.8700,10606218,61546291.4800
2022-01-06,sz.300080,5.6900,5.9000,5.6800,5.8500,5.7500,9133133,53226316.7700
2022-01-07,sz.300080,5.8800,5.9000,5.7600,5.7700,5.8500,9601600,56011745.0000
2022-01-10,sz.300080,5.7000,5.7500,5.6300,5.6700,5.7700,8651082,49162767.2000
2022-01-11,sz.300080,5.6700,5.7600,5.6100,5.6500,5.6700,6530567,37193695.5800
2022-01-12,sz.300080,5.6700,5.7500,5.6700,5.7300,5.6500,6376849,36424437.6100
2022-01-13,sz.300080,5.7300,5.7600,5.6500,5.6800,5.7300,7812416,44512692.5200
2022-01-14,sz.300080,5.6300,5.7000,5.6000,5.6200,5.6800,7614600,42948080.0000
2022-01-17,sz.300080,5.6000,5.6800,5.5500,5.6700,5.6200,6910400,38891538.1600
2022-01-18,sz.300080,5.7000,5.7400,5.5500,5.5600,5.6700,8765820,49190174.2000
2022-01-19,sz.300080,5.5000,5.6000,5.3700,5.4300,5.5600,12528649,68508265.6000
2022-01-20,sz.300080,5.4400,5.4600,5.2700,5.3000,5.4300,10926958,58330311.1400
2022-01-21,sz.300080,5.3000,5.3700,5.2200,5.2400,5.3000,7198049,38060108.2200
2022-01-24,sz.300080,5.1500,5.1500,4.9300,5.0200,5.2400,22047679,110436967.8900
2022-01-25,sz.300080,5.0300,5.1100,4.9300,5.1100,5.0200,18884047,95262414.4300
2022-01-26,sz.300080,4.9100,4.9400,4.6500,4.7700,5.1100,24028024,114610798.6800
2022-01-27,sz.300080,4.9000,4.9000,4.6500,4.6500,4.7700,14613810,69511621.5600
2022-01-28,sz.300080,4.6600,4.8800,4.6400,4.8000,4.6500,13701073,65413204.1500
2022-02-07,sz.300080,4.8800,5.0000,4.8800,4.9100,4.8000,14047246,69407327.6500
2022-02-08,sz.300080,4.9200,4.9400,4.8300,4.9300,4.9100,9976237,48861167.9800
2022-02-09,sz.300080,4.9400,4.9600,4.9000,4.9400,4.9300,11884167,58570176.3300
2022-02-10,sz.300080,4.9400,4.9600,4.8400,4.8700,4.9400,9487300,46426747.0000
2022-02-11,sz.300080,4.8400,4.8700,4.7300,4.7500,4.8700,7964400,38071264.0000
2022-02-14,sz.300080,4.6500,4.7800,4.6500,4.7300,4.7500,9499171,45035851.1200
2022-02-15,sz.300080,4.7500,4.7800,4.6700,4.7100,4.7300,7530827,35471135.9000
2022-02-16,sz.300080,4.7400,4.8000,4.7000,4.7600,4.7100,9228916,43945421.2100
2022-02-17,sz.300080,4.7600,4.8300,4.7200,4.7900,4.7600,12570699,60105723.2300
2022-02-18,sz.300080,4.7400,4.8500,4.7200,4.8300,4.7900,10278607,49279850.3100
2022-02-21,sz.300080,4.8500,4.9300,4.8000,4.9000,4.8300,11505754,55963897.2000
2022-02-22,sz.300080,4.8700,4.9100,4.7800,4.8300,4.9000,10557773,51130724.8600
2022-02-23,sz.300080,4.8300,4.9800,4.8100,4.9500,4.8300,12459219,61317815.9000
2022-02-24,sz.300080,4.9900,5.0600,4.8000,4.8900,4.9500,17688868,87637673.3200
2022-02-25,sz.300080,4.8900,4.9900,4.8900,4.9100,4.8900,11049168,54547574.9200
2022-02-28,sz.300080,4.9200,4.9500,4.8100,4.9400,4.9100,9296800,45502091.0000
2022-03-01,sz.300080,4.9400,5.1200,4.9400,5.0200,4.9400,12260600,61748849.0000
2022-03-02,sz.300080,4.9900,5.1600,4.9500,5.1000,5.0200,18971115,95897812.0000
2022-03-03,sz.300080,5.0700,5.1500,5.0300,5.0600,5.1000,17616310,89385774.0000
2022-03-04,sz.300080,5.0700,5.0900,4.9400,4.9600,5.0600,13064300,65423023.0000
2022-03-07,sz.300080,4.9900,5.0300,4.8700,4.8900,4.9600,11517369,56856955.0000
2022-03-08,sz.300080,4.9000,4.9700,4.7000,4.7200,4.8900,11568026,55624059.0000
2022-03-09,sz.300080,4.7200,4.8900,4.5200,4.7700,4.7200,17603678,83560861.0000
2022-03-10,sz.300080,4.8500,4.9800,4.8200,4.8600,4.7700,12717913,62084826.0000
2022-03-11,sz.300080,4.7900,4.8800,4.6800,4.8600,4.8600,10992689,52453835.0000
2022-03-14,sz.300080,4.8300,4.8800,4.7000,4.7100,4.8600,8902400,42559858.0000
2022-03-15,sz.300080,4.7000,4.7100,4.3600,4.3700,4.7100,17577351,79653438.0000
2022-03-16,sz.300080,4.4300,4.5600,4.2800,4.5500,4.3700,12305900,54517688.0000
2022-03-17,sz.300080,4.5600,4.6900,4.5500,4.5800,4.5500,14100008,65145041.0000
2022-03-18,sz.300080,4.5700,4.7600,4.5600,4.7100,4.5800,11728766,54681726.9600
2022-03-21,sz.300080,4.7000,4.8400,4.6600,4.7500,4.7100,11418353,54142187.6600
2022-03-22,sz.300080,4.7500,4.7500,4.6600,4.7000,4.7500,8153688,38294568.0000
2022-03-23,sz.300080,4.7100,4.8400,4.7100,4.7600,4.7000,12089891,57761311.1300
2022-03-24,sz.300080,4.7300,4.7600,4.6200,4.6400,4.7600,8454359,39482863.8900
2022-03-25,sz.300080,4.6600,4.6700,4.5800,4.5900,4.6400,6118500,28360807.0000
2022-03-28,sz.300080,4.5400,4.6000,4.4700,4.5500,4.5900,7125537,32259319.8700
2022-03-29,sz.300080,4.5500,4.5900,4.4500,4.4800,4.5500,6988990,31463498.4300
2022-03-30,sz.300080,4.4800,4.5600,4.4600,4.5400,4.4800,7054030,31812773.2600
2022-03-31,sz.300080,4.5300,4.5400,4.4700,4.4700,4.5400,7341900,33027937.0000
2022-04-01,sz.300080,4.4400,4.5000,4.3900,4.4900,4.4700,6080800,27121573.0000
2022-04-06,sz.300080,4.4700,4.5800,4.4300,4.5600,4.4900,8147000,36803796.2700
2022-04-07,sz.300080,4.5600,4.5600,4.3800,4.3900,4.5600,9543000,42423213.0000
2022-04-08,sz.300080,4.3900,4.4300,4.2600,4.3100,4.3900,9675429,41744236.6800
2022-04-11,sz.300080,4.3100,4.3200,4.1100,4.1300,4.3100,8854200,37042562.0000
2022-04-12,sz.300080,4.1100,4.2900,4.0700,4.2800,4.1300,9740873,40700676.2200
2022-04-13,sz.300080,4.3700,4.4500,4.2700,4.2800,4.2800,14724800,64196779.0000
2022-04-14,sz.300080,4.2400,4.2800,4.2000,4.2300,4.2800,7808294,33025757.5600
2022-04-15,sz.300080,4.1900,4.2100,4.0900,4.1000,4.2300,6920800,28628939.0000
2022-04-18,sz.300080,4.0900,4.2400,4.0100,4.2000,4.1000,6729394,27905341.7400
2022-04-19,sz.300080,4.1900,4.2500,4.1700,4.2000,4.2000,5100600,21413116.4000
2022-04-20,sz.300080,4.2100,4.2200,4.1300,4.1600,4.2000,5541000,23145967.6000
2022-04-21,sz.300080,4.1200,4.1600,4.0300,4.0500,4.1600,7132780,29151338.0000
2022-04-22,sz.300080,4.0500,4.0900,3.9900,4.0300,4.0500,6247509,25169187.0900
2022-04-25,sz.300080,4.0000,4.0000,3.6100,3.6200,4.0300,13374902,50931336.8400
2022-04-26,sz.300080,3.6300,3.7300,3.5000,3.5100,3.6200,9907592,35822339.3600
2022-04-27,sz.300080,3.5200,3.7300,3.4000,3.7000,3.5100,10627862,37961381.0200
2022-04-28,sz.300080,3.7800,3.9800,3.7100,3.8900,3.7000,20082083,77891606.6100
2022-04-29,sz.300080,3.8700,4.0100,3.8600,3.9600,3.8900,12874600,50730811.4000
2022-05-05,sz.300080,3.9600,4.0900,3.9500,4.0600,3.9600,10746800,43430392.0000
2022-05-06,sz.300080,4.0000,4.2300,3.9300,4.0500,4.0600,14896256,60845544.6000
2022-05-09,sz.300080,4.0600,4.1100,4.0200,4.0800,4.0500,7289774,29639371.7000
2022-05-10,sz.300080,4.0100,4.2100,4.0100,4.1500,4.0800,13670260,56804677.1000
2022-05-11,sz.300080,4.2100,4.2800,4.1100,4.1200,4.1500,13415604,56164208.8000
2022-05-12,sz.300080,4.0800,4.1700,4.0500,4.1400,4.1200,8349721,34382213.2100
2022-05-13,sz.300080,4.1400,4.2000,4.0700,4.1200,4.1400,8015370,33012558.3100
2022-05-16,sz.300080,4.1300,4.2000,4.0900,4.0900,4.1200,6673900,27585799.0000
2022-05-17,sz.300080,4.0700,4.1800,4.0300,4.1800,4.0900,11122088,45802840.2800
2022-05-18,sz.300080,4.1800,4.5000,4.1400,4.4600,4.1800,28253752,123241281.7300
2022-05-19,sz.300080,4.4000,4.6200,4.3900,4.5500,4.4600,24244247,109185481.6400
2022-05-20,sz.300080,4.5500,4.5800,4.4500,4.5300,4.5500,17056400,76721657.0000
2022-05-23,sz.300080,4.5300,4.7500,4.4700,4.7100,4.5300,19523364,89960685.9700
2022-05-24,sz.300080,4.6400,4.7100,4.4800,4.4800,4.7100,19762502,90873114.2400
2022-05-25,sz.300080,4.4800,4.6000,4.4500,4.5900,4.4800,12831902,58328108.0200
2022-05-26,sz.300080,4.5600,4.6500,4.5300,4.5400,4.5900,10171800,46577157.0000
2022-05-27,sz.300080,4.5500,4.5900,4.4500,4.4800,4.5400,9019540,40618984.2000
2022-05-30,sz.300080,4.4800,4.6100,4.4600,4.5800,4.4800,10367240,46947310.2000
2022-05-31,sz.300080,4.6500,4.7200,4.5400,4.6400,4.5800,14113940,65187590.6000
2022-06-01,sz.300080,4.5900,4.7700,4.5500,4.7700,4.6400,17437600,81153206.7500
2022-06-02,sz.300080,4.7300,4.9800,4.6200,4.8000,4.7700,28515722,137542301.5000
2022-06-06,sz.300080,4.8000,4.9000,4.7500,4.8300,4.8000,17325285,83518906.0000
2022-06-07,sz.300080,4.8500,5.0500,4.8000,4.8500,4.8300,28316748,139080287.1200
2022-06-08,sz.300080,4.7800,4.8800,4.6600,4.7900,4.8500,21656224,103207806.5500
2022-06-09,sz.300080,4.7900,4.8100,4.6200,4.6700,4.7900,12256400,57793873.0000
2022-06-10,sz.300080,4.6400,4.9100,4.6100,4.8900,4.6700,21922211,106223033.6100
2022-06-13,sz.300080,4.8600,5.0000,4.8600,4.9100,4.8900,18213158,89748652.4200
2022-06-14,sz.300080,4.8900,4.9000,4.7500,4.8800,4.9100,15345915,74096683.4300
2022-06-15,sz.300080,4.9000,4.9500,4.7700,4.7800,4.8800,17079900,82424165.0000
2022-06-16,sz.300080,4.7600,4.8700,4.7500,4.8000,4.7800,12667965,60990162.2000
2022-06-17,sz.300080,4.7600,4.9500,4.7500,4.8900,4.8000,17103859,83482487.2100
2022-06-20,sz.300080,4.9100,5.0200,4.8900,4.9800,4.8900,17476430,86781285.7000
2022-06-21,sz.300080,4.9800,4.9800,4.8300,4.8900,4.9800,12994113,63379009.9200
2022-06-22,sz.300080,4.9000,5.1000,4.8600,4.9700,4.8900,26523672,132558233.7600
2022-06-23,sz.300080,4.9900,5.1000,4.9500,5.1000,4.9700,22866203,115289150.5400
2022-06-24,sz.300080,5.0800,5.2600,5.0700,5.2400,5.1000,22533951,117035742.6500
2022-06-27,sz.300080,5.2600,5.2900,5.1100,5.2500,5.2400,20393448,105947982.0200
2022-06-28,sz.300080,5.2200,5.3100,5.2000,5.2700,5.2500,16452947,86236849.2200
2022-06-29,sz.300080,5.2300,5.2400,5.0000,5.0200,5.2700,20326082,103574130.4800
2022-06-30,sz.300080,5.0500,5.0900,4.9600,5.0200,5.0200,11674953,58681740.0000
2022-07-01,sz.300080,5.0500,5.3000,4.9400,5.1400,5.0200,26412395,135042001.8900
2022-07-04,sz.300080,5.1400,5.4000,4.9500,5.3100,5.1400,43849586,230220482.8500
2022-07-05,sz.300080,5.4900,6.3700,5.4200,6.1400,5.3100,132846884,807021096.2100
2022-07-06,sz.300080,6.0300,6.5800,5.9200,6.0600,6.1400,141100841,878495486.1300
2022-07-07,sz.300080,5.8200,6.4200,5.8000,6.1200,6.0600,111963668,687285373.4300
2022-07-08,sz.300080,6.0100,6.1100,5.6200,5.7000,6.1200,92301405,530640235.3000
2022-07-11,sz.300080,5.6000,6.3000,5.5700,5.9900,5.7000,98340719,589605401.1400
2022-07-12,sz.300080,5.9100,6.4700,5.7600,6.3100,5.9900,118631340,741042420.5200
2022-07-13,sz.300080,6.1500,6.1800,5.9100,6.1300,6.3100,82697113,498706334.9400
2022-07-14,sz.300080,6.0000,6.4700,5.9300,6.3100,6.1300,95870273,597788797.8700
2022-07-15,sz.300080,6.3100,6.7400,6.1100,6.1100,6.3100,97738206,620322599.9700
2022-07-18,sz.300080,5.9300,6.2800,5.9200,6.1800,6.1100,66629195,408458178.3600
2022-07-19,sz.300080,6.2000,6.2300,5.9700,6.0700,6.1800,66115348,401472010.6500
2022-07-20,sz.300080,6.0400,6.6500,6.0100,6.4700,6.0700,107011342,680889497.0000
2022-07-21,sz.300080,6.3400,6.7000,6.2800,6.3000,6.4700,125669874,817453906.3100
2022-07-22,sz.300080,6.3300,6.5500,6.2700,6.3500,6.3000,80584044,515949778.1100
2022-07-25,sz.300080,6.2800,6.3000,5.8900,5.9200,6.3500,76693363,460887117.8600
2022-07-26,sz.300080,5.9400,6.0600,5.8500,6.0500,5.9200,43886393,262354079.3800
2022-07-27,sz.300080,6.0000,6.3600,5.9800,6.2600,6.0500,56394838,352298988.6600
2022-07-28,sz.300080,6.3100,6.5400,6.2500,6.3000,6.2600,61258147,389501756.1200
2022-07-29,sz.300080,6.2900,6.4800,6.2900,6.3800,6.3000,57274434,365666424.2600
2022-08-01,sz.300080,6.3000,6.3800,6.1600,6.3600,6.3800,45756721,286844926.3900
2022-08-02,sz.300080,6.3200,6.3300,5.8700,5.9600,6.3600,55568430,335801656.8800
2022-08-03,sz.300080,5.9700,6.2500,5.7100,5.7800,5.9600,59348842,352790988.0400
2022-08-04,sz.300080,5.8800,6.0200,5.7900,5.9500,5.7800,37178300,219425474.0000
2022-08-05,sz.300080,5.9400,5.9900,5.6600,5.7700,5.9500,40157800,231978685.0000
2022-08-08,sz.300080,5.7500,6.0500,5.5800,5.9800,5.7700,37288148,219218080.7400
2022-08-09,sz.300080,5.9900,6.2000,5.9200,6.0300,5.9800,34991024,212368087.5000
2022-08-10,sz.300080,6.0300,6.4900,6.0100,6.4200,6.0300,78121543,494304534.2500
2022-08-11,sz.300080,6.4500,6.5100,6.2700,6.4200,6.4200,53194302,339033562.5600
2022-08-12,sz.300080,6.3800,6.7300,6.3700,6.4200,6.4200,57368553,376083398.7600
2022-08-15,sz.300080,6.3800,6.6300,6.3500,6.5300,6.4200,57609109,374334170.7900
2022-08-16,sz.300080,6.5700,6.8800,6.5200,6.7400,6.5300,79477051,533696092.8100
2022-08-17,sz.300080,6.6800,6.7300,6.4700,6.5800,6.7400,66968475,440010005.4500
2022-08-18,sz.300080,6.6500,6.7900,6.4800,6.6000,6.5800,49230716,327042288.5900
2022-08-19,sz.300080,6.6100,6.6500,6.2900,6.2900,6.6000,48579407,310546010.5800
2022-08-22,sz.300080,6.2500,6.4000,6.1000,6.2200,6.2900,35439980,219514481.6000
2022-08-23,sz.300080,6.2400,6.5500,6.2200,6.3200,6.2200,41466329,264350619.8900
2022-08-24,sz.300080,6.3900,6.4200,5.9500,5.9700,6.3200,40569200,247185308.0000
2022-08-25,sz.300080,6.0300,6.0900,5.6800,5.7300,5.9700,34778526,201468260.7400
2022-08-26,sz.300080,5.7600,5.8700,5.5900,5.6500,5.7300,30220945,172825201.0000
2022-08-29,sz.300080,5.5000,5.7400,5.4800,5.6900,5.6500,23787821,134464530.4800
2022-08-30,sz.300080,5.6900,5.7500,5.4700,5.5100,5.6900,26036205,144501954.2000
2022-08-31,sz.300080,5.4700,5.5000,5.1300,5.1500,5.5100,37548553,197593262.0900
2022-09-01,sz.300080,5.1600,5.2100,5.0600,5.0800,5.1500,18215620,93344819.2000
2022-09-02,sz.300080,5.1000,5.2000,5.0400,5.1700,5.0800,16543199,84997053.9900
2022-09-05,sz.300080,5.1600,5.3000,5.1300,5.2100,5.1700,18026094,94182942.9800
2022-09-06,sz.300080,5.2200,5.3800,5.2100,5.3700,5.2100,22057356,117155275.6000
2022-09-07,sz.300080,5.3000,5.4700,5.2900,5.4100,5.3700,22005410,119140512.5000
2022-09-08,sz.300080,5.3700,5.5300,5.3000,5.3500,5.4100,19466090,105138125.5000
2022-09-09,sz.300080,5.3900,5.3900,5.1700,5.2700,5.3500,18109595,94855545.1000
2022-09-13,sz.300080,5.2900,5.3200,5.1700,5.2400,5.2700,13111835,68649939.4500
2022-09-14,sz.300080,5.1300,5.2300,5.0700,5.1000,5.2400,14968100,76718537.0000
2022-09-15,sz.300080,5.1400,5.1500,4.7100,4.8400,5.1000,32855652,160103433.7800
2022-09-16,sz.300080,4.8200,4.8800,4.7300,4.7500,4.8400,15654500,75093972.0000
2022-09-19,sz.300080,4.7500,4.8600,4.6800,4.8400,4.7500,20073400,95808320.6200
2022-09-20,sz.300080,4.8500,5.0000,4.8300,4.8700,4.8400,20085712,98787188.0900
2022-09-21,sz.300080,4.8700,4.9200,4.7600,4.8600,4.8700,12559300,60809130.0000
2022-09-22,sz.300080,4.8300,5.0800,4.8300,4.9400,4.8600,22376712,111296510.2800
2022-09-23,sz.300080,4.8800,4.9900,4.7400,4.8300,4.9400,19683380,95471226.4000
2022-09-26,sz.300080,4.8000,4.8700,4.7000,4.7500,4.8300,14260603,68324026.2800
2022-09-27,sz.300080,4.8000,4.9000,4.7100,4.8700,4.7500,17472695,83785641.8100
2022-09-28,sz.300080,4.8200,4.9100,4.7100,4.8000,4.8700,17543623,83979079.3800
2022-09-29,sz.300080,4.8000,4.8700,4.6300,4.7800,4.8000,28747761,137283650.4900
2022-09-30,sz.300080,4.7700,4.9200,4.6300,4.6900,4.7800,36149737,173228420.9800
2022-10-10,sz.300080,4.6200,4.7000,4.5200,4.5600,4.6900,17640884,81244830.0400
2022-10-11,sz.300080,4.5700,4.7100,4.5200,4.7000,4.5600,16180375,74881437.2500
2022-10-12,sz.300080,4.6800,4.8400,4.5700,4.8400,4.7000,16037479,75453533.3300
2022-10-13,sz.300080,4.7900,4.8800,4.7800,4.8200,4.8400,12932836,62614158.4400
2022-10-14,sz.300080,4.8300,4.9900,4.8300,4.9400,4.8200,15374422,75632876.5800
2022-10-17,sz.300080,5.0000,5.0800,4.9500,5.0300,4.9400,14144900,70807514.0000
2022-10-18,sz.300080,4.9800,5.0900,4.9800,5.0400,5.0300,13546300,68201143.0000
2022-10-19,sz.300080,5.0400,5.2300,5.0000,5.0500,5.0400,20482400,105003194.0000
2022-10-20,sz.300080,5.0000,5.0400,4.8800,4.9800,5.0500,16501246,81795813.2600
2022-10-21,sz.300080,4.9600,5.0700,4.9500,4.9800,4.9800,9799200,48983495.0000
2022-10-24,sz.300080,5.0300,5.1700,4.9600,5.0100,4.9800,21053187,106703417.1600
2022-10-25,sz.300080,4.9700,5.1600,4.8900,5.1100,5.0100,20038284,101106890.0300
2022-10-26,sz.300080,5.1600,5.2300,5.1000,5.2200,5.1100,23821724,123397092.4900
2022-10-27,sz.300080,5.4100,5.5000,5.2200,5.2200,5.2200,37690716,201309863.3600
2022-10-28,sz.300080,5.1900,5.2200,4.9300,4.9400,5.2200,24577100,124488890.0000
2022-10-31,sz.300080,4.9600,5.0900,4.9400,4.9700,4.9400,16720525,83497792.5500
2022-11-01,sz.300080,4.9900,5.1700,4.9900,5.1700,4.9700,20103046,102785084.1400
2022-11-02,sz.300080,5.1800,5.2400,5.1300,5.2000,5.1700,18041509,93718813.1700
2022-11-03,sz.300080,5.1300,5.3000,5.1000,5.2700,5.2000,17013010,89357241.6000
2022-11-04,sz.300080,5.2600,5.4900,5.2600,5.4700,5.2700,28912977,157170246.7000
2022-11-07,sz.300080,5.4700,5.7500,5.4400,5.5800,5.4700,31355566,175577617.4700
2022-11-08,sz.300080,5.5200,5.6000,5.4400,5.4800,5.5800,20680571,113303578.6100
2022-11-09,sz.300080,5.4400,5.5100,5.3900,5.4300,5.4800,14984003,81495436.6900
2022-11-10,sz.300080,5.4000,5.4100,5.3000,5.3300,5.4300,15680824,83847270.9200
2022-11-11,sz.300080,5.4300,5.4900,5.3300,5.3300,5.3300,17002687,91557008.5800
2022-11-14,sz.300080,5.3600,5.3900,5.2400,5.2600,5.3300,15593429,82833040.3300
2022-11-15,sz.300080,5.2700,5.4100,5.2500,5.4000,5.2600,15048511,80624621.2100
2022-11-16,sz.300080,5.4000,5.4300,5.2900,5.3300,5.4000,13616962,72870392.6800
2022-11-17,sz.300080,5.2800,5.3200,5.1900,5.2700,5.3300,13234500,69246287.0000
2022-11-18,sz.300080,5.3200,5.3400,5.2300,5.2400,5.2700,13410316,71061214.6500
2022-11-21,sz.300080,5.1900,5.3500,5.1800,5.3500,5.2400,14907893,79147926.7400
2022-11-22,sz.300080,5.3100,5.3400,5.1200,5.1400,5.3500,18504245,96447415.7600
2022-11-23,sz.300080,5.1600,5.2200,5.0400,5.2000,5.1400,16031691,82541661.0100
2022-11-24,sz.300080,5.1700,5.3600,5.1700,5.3000,5.2000,18436133,97669661.9200
2022-11-25,sz.300080,5.2900,5.3400,5.1400,5.1400,5.3000,14640562,76213742.6800
2022-11-28,sz.300080,5.0900,5.1500,5.0500,5.1300,5.1400,11287856,57573241.5600
2022-11-29,sz.300080,5.1300,5.2300,5.1200,5.2200,5.1300,9982844,51701889.3500
2022-11-30,sz.300080,5.2300,5.2500,5.1300,5.1500,5.2200,11671633,60371335.3300
2022-12-01,sz.300080,5.1600,5.2700,5.1600,5.2200,5.1500,12185160,63588967.4400
2022-12-02,sz.300080,5.2100,5.3000,5.1900,5.2400,5.2200,11116000,58353773.0000
2022-12-05,sz.300080,5.2600,5.3000,5.1800,5.2200,5.2400,14297182,74518213.5600
2022-12-06,sz.300080,5.2300,5.2600,5.1300,5.2400,5.2200,12260558,63734406.0600
2022-12-07,sz.300080,5.2100,5.2500,5.1500,5.1600,5.2400,12041796,62527178.7800
2022-12-08,sz.300080,5.1800,5.2300,5.1100,5.1600,5.1600,11375309,58838025.0800
2022-12-09,sz.300080,5.2000,5.2000,5.0600,5.1000,5.1600,24855947,126684785.2200
2022-12-12,sz.300080,5.0900,5.1000,4.8800,4.9700,5.1000,21113799,104794781.6300
2022-12-13,sz.300080,4.9900,5.0000,4.9200,4.9300,4.9700,7987756,39545164.5600
2022-12-14,sz.300080,4.9600,4.9900,4.8700,4.9000,4.9300,8542791,42028534.8700
2022-12-15,sz.300080,4.8900,4.9600,4.8400,4.9400,4.9000,7921674,38873800.7500
2022-12-16,sz.300080,4.9300,4.9300,4.8100,4.8200,4.9400,10044700,48730816.5300
2022-12-19,sz.300080,4.8100,4.8700,4.7100,4.7400,4.8200,7888082,37607909.9100
2022-12-20,sz.300080,4.7400,4.8100,4.7000,4.7600,4.7400,6707150,31938015.6900
2022-12-21,sz.300080,4.7800,4.7800,4.6400,4.6900,4.7600,6601145,31003598.6600
2022-12-22,sz.300080,4.6700,4.7300,4.5500,4.5800,4.6900,7643028,35281155.2900
2022-12-23,sz.300080,4.5200,4.6000,4.5100,4.5700,4.5800,5682000,25930626.0000
2022-12-26,sz.300080,4.5700,4.7200,4.5300,4.7000,4.5700,8677714,40358424.2600
2022-12-27,sz.300080,4.7300,4.7600,4.6600,4.7300,4.7000,8133368,38340941.3200
2022-12-28,sz.300080,4.7300,4.7400,4.6800,4.6900,4.7300,5109800,24034688.0000
2022-12-29,sz.300080,4.6900,4.7300,4.6500,4.6600,4.6900,5311001,24857600.7000
2022-12-30,sz.300080,4.7000,4.7100,4.6400,4.6600,4.6600,6075362,28375202.6800
2023-01-03,sz.300080,4.7000,4.8500,4.6900,4.8300,4.6600,11812992,56547754.7400
2023-01-04,sz.300080,4.8200,4.8900,4.7900,4.8300,4.8300,9360718,45262789.7800
2023-01-05,sz.300080,4.8400,4.9100,4.8200,4.8900,4.8300,8976744,43781627.1600
2023-01-06,sz.300080,4.9000,5.0500,4.8600,4.9600,4.8900,16171905,80519639.1800
2023-01-09,sz.300080,4.9900,5.0600,4.9500,4.9900,4.9600,12427291,62263366.0900
2023-01-10,sz.300080,5.0000,5.0700,4.9700,5.0500,4.9900,15269401,76794828.0600
2023-01-11,sz.300080,5.0600,5.2000,5.0200,5.0900,5.0500,18410687,94182677.0000
2023-01-12,sz.300080,5.0900,5.7000,5.0700,5.4700,5.0900,73362269,400806400.7800
2023-01-13,sz.300080,5.4200,5.6000,5.3600,5.4800,5.4700,57946252,317973647.5800
2023-01-16,sz.300080,5.4900,5.5500,5.3600,5.4400,5.4800,27358290,149175588.5300
2023-01-17,sz.300080,5.4500,5.5900,5.4100,5.5100,5.4400,23704277,130262310.8400
2023-01-18,sz.300080,5.5500,5.5600,5.4300,5.4900,5.5100,17639224,96867304.3800
2023-01-19,sz.300080,5.4500,5.5900,5.4500,5.5000,5.4900,18797736,103675228.0600
2023-01-20,sz.300080,5.4900,5.8300,5.4500,5.6900,5.5000,40214693,227334334.2800
2023-01-30,sz.300080,5.7600,6.0600,5.6900,5.9800,5.6900,57984123,342395439.3800
2023-01-31,sz.300080,6.2000,6.2700,5.7900,5.9900,5.9800,59038080,353581645.8600
2023-02-01,sz.300080,6.0200,6.2600,5.9900,6.1500,5.9900,47025741,288165951.1100
2023-02-02,sz.300080,6.1100,6.1600,5.9700,6.1000,6.1500,34131101,206631126.9800
2023-02-03,sz.300080,6.0800,6.0900,5.9300,5.9900,6.1000,24282373,145317455.9900
2023-02-06,sz.300080,5.9900,6.0400,5.8800,5.9700,5.9900,20722800,123553120.9400
2023-02-07,sz.300080,6.0000,6.0600,5.9400,6.0300,5.9700,14230748,85543982.7600
2023-02-08,sz.300080,6.0100,6.0900,5.9900,6.0200,6.0300,15697262,94836928.4200
2023-02-09,sz.300080,6.0200,6.1400,5.9300,6.0700,6.0200,19586556,118528337.7300
2023-02-10,sz.300080,6.0500,6.1100,6.0000,6.0300,6.0700,17288610,104538255.7000
2023-02-13,sz.300080,6.0000,6.0900,5.9500,5.9800,6.0300,17918208,107416281.1800
2023-02-14,sz.300080,6.0200,6.1200,5.9500,6.0000,5.9800,17410562,104931923.0400
2023-02-15,sz.300080,6.0200,6.0300,5.9300,5.9700,6.0000,12473769,74436435.6400
2023-02-16,sz.300080,5.9700,6.0000,5.7500,5.8500,5.9700,20551910,121246143.4200
2023-02-17,sz.300080,5.8000,5.9100,5.7800,5.8200,5.8500,11866140,69349354.1400
2023-02-20,sz.300080,5.8500,5.9200,5.7500,5.9100,5.8200,11889299,69469770.0300
2023-02-21,sz.300080,5.8800,6.0100,5.8600,5.9400,5.9100,12118482,71993554.8400
2023-02-22,sz.300080,5.9200,6.0000,5.8800,5.9100,5.9400,10671100,63163475.0000
2023-02-23,sz.300080,5.9400,5.9600,5.8500,5.9100,5.9100,10380859,61208348.1500
2023-02-24,sz.300080,5.9000,5.9400,5.8500,5.8800,5.9100,9416130,55446657.4000
2023-02-27,sz.300080,5.8600,6.0300,5.8200,5.9200,5.8800,15497978,92151809.4300
2023-02-28,sz.300080,5.9600,5.9600,5.8400,5.9000,5.9200,9960314,58541903.1800
2023-03-01,sz.300080,5.9100,5.9300,5.8300,5.9300,5.9000,9304301,54787283.6100
2023-03-02,sz.300080,5.9400,5.9600,5.8700,5.8800,5.9300,9601170,56811576.0000
2023-03-03,sz.300080,5.9400,5.9400,5.8400,5.8900,5.8800,8979641,52915286.1100
2023-03-06,sz.300080,5.9200,6.1100,5.8900,6.0300,5.8900,24082011,144821987.4900
2023-03-07,sz.300080,5.9900,6.0600,5.8100,5.8200,6.0300,19306511,114165989.2000
2023-03-08,sz.300080,5.8000,5.9500,5.7800,5.9300,5.8200,11001806,64975048.3400
2023-03-09,sz.300080,5.9500,5.9900,5.8700,5.8900,5.9300,8417500,49767861.0000
2023-03-10,sz.300080,5.8700,5.8800,5.7200,5.7500,5.8900,10370300,59940973.0000
2023-03-13,sz.300080,5.7000,5.8200,5.6900,5.7600,5.7500,9467500,54378952.1000
2023-03-14,sz.300080,5.7900,5.7900,5.5600,5.6500,5.7600,10797800,60985929.0000
2023-03-15,sz.300080,5.6500,5.8000,5.6500,5.7600,5.6500,8782200,50517253.0000
2023-03-16,sz.300080,5.7900,5.8000,5.6100,5.6600,5.7600,10632770,60595305.8000
2023-03-17,sz.300080,5.7200,5.7600,5.6000,5.6200,5.6600,11431918,65025524.2400
2023-03-20,sz.300080,5.6100,5.7500,5.6100,5.7100,5.6200,12307883,70024600.1000
2023-03-21,sz.300080,5.6500,5.7700,5.6500,5.7600,5.7100,9688651,55279204.5100
2023-03-22,sz.300080,5.8300,5.8300,5.7300,5.7500,5.7600,8735592,50398603.4000
2023-03-23,sz.300080,5.7700,5.7800,5.6600,5.6900,5.7500,7558900,43095163.0000
2023-03-24,sz.300080,5.7300,5.9300,5.6700,5.9200,5.6900,20095600,117200289.9800
2023-03-27,sz.300080,5.8900,6.2400,5.8900,6.2000,5.9200,45230882,277467539.0500
2023-03-28,sz.300080,6.2500,6.2600,6.0300,6.0500,6.2000,27968491,171213461.8500
2023-03-29,sz.300080,6.1200,6.1800,5.9600,6.0200,6.0500,21259900,128404480.0000
2023-03-30,sz.300080,5.9900,5.9900,5.7800,5.9000,6.0200,22437376,131511063.6100
2023-03-31,sz.300080,5.8100,5.8800,5.4600,5.5300,5.9000,48758287,272640553.2400
2023-04-03,sz.300080,5.5300,5.5300,5.4200,5.4600,5.5300,27578239,150829231.1800
2023-04-04,sz.300080,5.4600,5.4700,5.2500,5.3100,5.4600,26498466,140879120.0700
2023-04-06,sz.300080,5.3100,5.3800,5.2500,5.3300,5.3100,15444331,82213013.4900
2023-04-07,sz.300080,5.3300,5.4300,5.3100,5.3900,5.3300,15228400,81983205.0000
2023-04-10,sz.300080,5.3900,5.3900,5.2600,5.3400,5.3900,18539583,98710991.3900
2023-04-11,sz.300080,5.3300,5.3700,5.2600,5.2800,5.3400,12560982,66373981.9000
2023-04-12,sz.300080,5.3000,5.4000,5.2900,5.3600,5.2800,13494343,72199462.8400
2023-04-13,sz.300080,5.3600,5.4400,5.3400,5.3500,5.3600,14224006,76594096.1900
2023-04-14,sz.300080,5.3500,5.5700,5.3200,5.5200,5.3500,23318394,127677257.7300
2023-04-17,sz.300080,5.4900,5.6100,5.4700,5.5000,5.5200,15466900,85455005.0700
2023-04-18,sz.300080,5.4600,5.5700,5.4500,5.5400,5.5000,13147648,72834072.3800
2023-04-19,sz.300080,5.5200,5.6300,5.4900,5.5800,5.5400,13871408,77130689.1700
2023-04-20,sz.300080,5.5500,5.5900,5.3500,5.4200,5.5800,16020635,86792588.1400
2023-04-21,sz.300080,5.4400,5.4500,5.2700,5.2800,5.4200,13163400,70224120.2000
2023-04-24,sz.300080,5.2600,5.2900,5.1700,5.2200,5.2800,12034350,62828563.3300
2023-04-25,sz.300080,5.1800,5.2300,4.9900,5.0900,5.2200,13795892,70164730.8800
2023-04-26,sz.300080,5.1200,5.4400,5.0900,5.3900,5.0900,19659380,104365878.7200
2023-04-27,sz.300080,5.4900,5.6700,5.4300,5.6500,5.3900,30836045,171889459.9100
2023-04-28,sz.300080,5.4400,5.4700,5.1800,5.3400,5.6500,45434326,240325060.4300
2023-05-04,sz.300080,5.3000,5.3600,5.1600,5.2300,5.3400,38429064,201107656.0300
2023-05-05,sz.300080,5.2300,5.2300,5.0300,5.1000,5.2300,25270470,129203428.7700
2023-05-08,sz.300080,5.1000,5.2300,5.1000,5.1700,5.1000,17641636,90937775.9600
2023-05-09,sz.300080,5.1400,5.3700,5.1300,5.1900,5.1700,28370600,149245026.6700
2023-05-10,sz.300080,5.1300,5.3100,5.1300,5.2700,5.1900,18749554,98119622.7200
2023-05-11,sz.300080,5.2900,5.3400,5.2200,5.2700,5.2700,13432093,70820254.1800
2023-05-12,sz.300080,5.2700,5.2700,5.1300,5.1300,5.2700,13915540,72095994.6600
2023-05-15,sz.300080,5.1300,5.3000,5.1200,5.2900,5.1300,16575530,86870060.4700
2023-05-16,sz.300080,5.2800,5.4000,5.2700,5.3100,5.2900,20624169,110176249.2400
2023-05-17,sz.300080,5.3100,5.4100,5.2100,5.4000,5.3100,20133800,107325103.0000
2023-05-18,sz.300080,5.4400,5.4400,5.3300,5.3500,5.4000,11957170,64038373.5000
2023-05-19,sz.300080,5.3300,5.3700,5.2900,5.3300,5.3500,8802526,46969977.6600
2023-05-22,sz.300080,5.3600,5.4400,5.3000,5.3900,5.3300,10319323,55592068.9700
2023-05-23,sz.300080,5.4000,5.4100,5.2900,5.2900,5.3900,10857332,57996719.7400
2023-05-24,sz.300080,5.3000,5.3900,5.2400,5.3100,5.2900,11000401,58693274.3500
2023-05-25,sz.300080,5.2800,5.4600,5.2700,5.3900,5.3100,22007609,118459895.5100
2023-05-26,sz.300080,5.4000,5.4000,5.2300,5.3200,5.3900,16601400,87662003.0000
2023-05-29,sz.300080,5.3100,5.3400,5.2600,5.3300,5.3200,12502657,66222681.2000
2023-05-30,sz.300080,5.3000,5.3800,5.2100,5.2700,5.3300,11001984,58048476.7200
2023-05-31,sz.300080,5.2400,5.2600,5.1100,5.1400,5.2700,12823014,66280956.7800
2023-06-01,sz.300080,5.1200,5.2300,5.1100,5.1600,5.1400,10886800,56413239.0000
2023-06-02,sz.300080,5.1700,5.3500,5.1600,5.3100,5.1600,14023726,74153635.2900
2023-06-05,sz.300080,5.3600,5.3800,5.2600,5.2700,5.3100,9341100,49442676.5200
2023-06-06,sz.300080,5.2800,5.2800,5.1200,5.1300,5.2700,12544500,64936325.0000
2023-06-07,sz.300080,5.1300,5.1700,5.0600,5.1000,5.1300,10397003,53070715.9900
2023-06-08,sz.300080,5.1200,5.1500,5.0100,5.0900,5.1000,11332456,57507563.6200
2023-06-09,sz.300080,5.0500,5.1100,5.0400,5.0900,5.0900,8090376,41045314.0100
2023-06-12,sz.300080,5.0900,5.1200,5.0200,5.0800,5.0900,9343630,47354125.4000
2023-06-13,sz.300080,5.0500,5.1600,5.0500,5.0800,5.0800,8469002,43227782.8600
2023-06-14,sz.300080,5.0600,5.1000,5.0300,5.0700,5.0800,9826982,49692893.2200
2023-06-15,sz.300080,5.1000,5.2200,5.0700,5.1900,5.0700,15848834,81831540.9400
2023-06-16,sz.300080,5.2000,5.2100,5.1600,5.1900,5.1900,10580163,54887199.1700
2023-06-19,sz.300080,5.2300,5.2400,5.0900,5.1000,5.1900,10049300,51630437.0000
2023-06-20,sz.300080,5.1000,5.1200,5.0400,5.0400,5.1000,10877850,55040646.0000
2023-06-21,sz.300080,5.0300,5.0900,4.9300,4.9400,5.0400,11767170,58812319.1400
2023-06-26,sz.300080,4.9200,4.9800,4.8800,4.9000,4.9400,7968054,39162857.0200
2023-06-27,sz.300080,4.9100,5.0500,4.8800,5.0300,4.9000,8612540,43048013.2600
2023-06-28,sz.300080,5.0100,5.0400,4.9600,5.0300,5.0300,6611496,33041830.5500
2023-06-29,sz.300080,5.0100,5.0800,5.0000,5.0400,5.0300,7349531,37158050.8600
2023-06-30,sz.300080,5.0800,5.1000,5.0300,5.0900,5.0400,8686356,44064800.4400
2023-07-03,sz.300080,5.0900,5.1600,5.0800,5.1300,5.0900,11499876,59087270.1200
2023-07-04,sz.300080,5.1500,5.2000,5.1100,5.1300,5.1300,11656681,59998252.5500
2023-07-05,sz.300080,5.1300,5.1700,5.0900,5.1000,5.1300,7628911,39066358.4000
2023-07-06,sz.300080,5.1100,5.1300,5.0700,5.1000,5.1000,8914052,45461913.6800
2023-07-07,sz.300080,5.1100,5.1300,5.0400,5.1200,5.1000,8543338,43507138.8000
2023-07-10,sz.300080,5.0900,5.2000,5.0900,5.1700,5.1200,9977787,51529034.2100
2023-07-11,sz.300080,5.1700,5.2300,5.1300,5.2200,5.1700,9638299,50076528.9300
2023-07-12,sz.300080,5.2200,5.2400,5.1400,5.1600,5.2200,9654041,50026346.5600
2023-07-13,sz.300080,5.1700,5.2700,5.1500,5.2600,5.1600,11664106,60933313.1900
2023-07-14,sz.300080,5.2500,5.2500,5.1800,5.1900,5.2600,8214817,42753623.2700
2023-07-17,sz.300080,5.1800,5.2200,5.1300,5.2000,5.1900,6753753,34992272.9900
2023-07-18,sz.300080,5.2200,5.2300,5.1600,5.1900,5.2000,6429375,33406290.9500
2023-07-19,sz.300080,5.1800,5.2000,5.1200,5.1400,5.1900,5894540,30335416.2000
2023-07-20,sz.300080,5.1500,5.1800,5.0900,5.1000,5.1400,6903028,35456070.6400
2023-07-21,sz.300080,5.0800,5.1100,5.0200,5.0500,5.1000,8306159,42065593.1300
2023-07-24,sz.300080,5.0500,5.0800,5.0200,5.0300,5.0500,5883385,29691177.2500
2023-07-25,sz.300080,5.0500,5.1500,5.0500,5.1400,5.0300,7751458,39676840.7000
2023-07-26,sz.300080,5.1400,5.1400,5.0800,5.1100,5.1400,4546700,23189618.0000
2023-07-27,sz.300080,5.1100,5.2000,5.1100,5.1300,5.1100,8527230,43919762.6000
2023-07-28,sz.300080,5.1100,5.1700,5.0400,5.1600,5.1300,9553111,48796667.6500
2023-07-31,sz.300080,5.1700,5.2400,5.1700,5.2400,5.1600,11594897,60532375.3100
2023-08-01,sz.300080,5.2300,5.4000,5.2100,5.3300,5.2400,17075649,90580556.4800
2023-08-02,sz.300080,5.3200,5.3500,5.2500,5.2800,5.3300,12150300,64176426.0000
2023-08-03,sz.300080,5.3000,5.3000,5.2500,5.2700,5.2800,6550086,34538566.0800
2023-08-04,sz.300080,5.2900,5.3200,5.2500,5.2900,5.2700,9169513,48549518.3000
2023-08-07,sz.300080,5.3100,5.3500,5.2600,5.2800,5.2900,8182771,43303862.7100
2023-08-08,sz.300080,5.2800,5.3100,5.2300,5.2900,5.2800,6606356,34810614.0400
2023-08-09,sz.300080,5.2700,5.3100,5.2100,5.2500,5.2900,6181791,32527898.8400
2023-08-10,sz.300080,5.2500,5.2900,5.2300,5.2700,5.2500,4269905,22486579.3000
2023-08-11,sz.300080,5.2800,5.3300,5.1700,5.1800,5.2700,7861800,41237508.0000
2023-08-14,sz.300080,5.1500,5.1800,5.0900,5.1800,5.1800,7034200,36150870.9000
2023-08-15,sz.300080,5.1900,5.2100,5.0700,5.1000,5.1800,6736800,34478683.0000
2023-08-16,sz.300080,5.0800,5.1200,5.0400,5.0400,5.1000,5496100,27874669.0000
2023-08-17,sz.300080,5.0800,5.1400,4.9900,5.1300,5.0400,6846900,34635282.0000
2023-08-18,sz.300080,5.1300,5.1500,5.0500,5.0500,5.1300,5549053,28258523.8900
2023-08-21,sz.300080,5.0300,5.0900,4.9700,4.9700,5.0500,6593295,33146956.8100
2023-08-22,sz.300080,4.9600,5.0300,4.7100,4.7800,4.9700,19376800,93329005.0000
2023-08-23,sz.300080,4.7700,4.7700,4.6700,4.6800,4.7800,7548198,35513296.6000
2023-08-24,sz.300080,4.6800,4.7600,4.6500,4.7000,4.6800,6604333,31087097.7700
2023-08-25,sz.300080,4.6800,4.9700,4.6500,4.7300,4.7000,11048776,52724771.2000
2023-08-28,sz.300080,4.9800,5.1500,4.8700,4.8800,4.7300,21002053,105043433.6900
2023-08-29,sz.300080,4.8400,4.9900,4.8400,4.9900,4.8800,12951100,63648466.0000
2023-08-30,sz.300080,4.9600,5.0200,4.8800,4.9100,4.9900,8592800,42452100.0000
2023-08-31,sz.300080,4.9100,4.9200,4.8400,4.8700,4.9100,5310602,25865097.8200
2023-09-01,sz.300080,4.8700,4.9300,4.8400,4.9000,4.8700,5127471,25034019.4800
2023-09-04,sz.300080,4.9100,5.0100,4.9000,5.0000,4.9000,7900300,39228679.0000
2023-09-05,sz.300080,5.0000,5.0300,4.9400,5.0100,5.0000,7145967,35687547.6700
2023-09-06,sz.300080,5.0200,5.1000,4.9600,5.0900,5.0100,8117200,41015638.0000
2023-09-07,sz.300080,5.0600,5.1100,4.9700,4.9800,5.0900,6964500,35024486.0000
2023-09-08,sz.300080,4.9600,5.0100,4.9500,4.9800,4.9800,5224186,26049325.7000
2023-09-11,sz.300080,4.9800,5.0500,4.9400,5.0300,4.9800,5752200,28837913.0200
2023-09-12,sz.300080,5.1000,5.1000,5.0200,5.0400,5.0300,6817130,34437632.9000
2023-09-13,sz.300080,5.0200,5.0600,4.9300,4.9600,5.0400,7172359,35731679.0500
2023-09-14,sz.300080,4.9600,4.9800,4.9000,4.9400,4.9600,7051401,34814857.9400
2023-09-15,sz.300080,4.9500,5.0100,4.9200,4.9600,4.9400,5809540,28777768.0000
2023-09-18,sz.300080,4.9300,5.0700,4.8900,5.0300,4.9600,10442500,52182855.0000
2023-09-19,sz.300080,5.0200,5.0500,4.9000,4.9200,5.0300,9104231,45059512.4600
2023-09-20,sz.300080,4.9000,4.9200,4.8400,4.8600,4.9200,5446299,26547976.9300
2023-09-21,sz.300080,4.8300,4.8700,4.8000,4.8200,4.8600,4382809,21164574.3800
2023-09-22,sz.300080,4.8100,4.9700,4.8100,4.9700,4.8200,8549809,41898804.7400
2023-09-25,sz.300080,4.9600,4.9900,4.8900,4.9100,4.9700,4853000,23864463.0000
2023-09-26,sz.300080,4.9000,4.9300,4.8500,4.8800,4.9100,4828009,23584414.9200
2023-09-27,sz.300080,4.8800,5.0500,4.8500,5.0000,4.8800,12013897,60068955.4900
2023-09-28,sz.300080,5.0100,5.0600,4.9700,5.0100,5.0000,7513949,37664194.2600
2023-10-09,sz.300080,5.0100,5.0100,4.9500,4.9800,5.0100,6166497,30694014.1200
2023-10-10,sz.300080,4.9900,5.0300,4.9600,4.9700,4.9800,5473306,27291454.8200
2023-10-11,sz.300080,4.9700,5.0100,4.9400,4.9600,4.9700,5637600,28061699.0000
2023-10-12,sz.300080,4.9700,5.0600,4.9600,5.0600,4.9600,8815300,44279314.0000
2023-10-13,sz.300080,5.0200,5.0400,4.9800,5.0300,5.0600,6552225,32850271.0000
2023-10-16,sz.300080,5.0200,5.1700,5.0000,5.1600,5.0300,21010703,107305431.1600
2023-10-17,sz.300080,5.1300,5.2400,5.1100,5.1700,5.1600,14817347,76839340.9300
2023-10-18,sz.300080,5.2000,5.2000,5.0100,5.0200,5.1700,9730585,49382022.5900
2023-10-19,sz.300080,5.0200,5.1000,4.9800,4.9900,5.0200,9151853,45999424.7200
2023-10-20,sz.300080,4.9700,5.1200,4.9400,5.0100,4.9900,9217109,46434815.8100
2023-10-23,sz.300080,4.9900,5.0100,4.7800,4.8200,5.0100,10039565,49082953.9500
2023-10-24,sz.300080,4.8000,4.9000,4.7500,4.8800,4.8200,8805201,42555805.8700
2023-10-25,sz.300080,4.8800,4.9700,4.8800,4.9000,4.8800,5958200,29351840.0000
2023-10-26,sz.300080,4.9000,4.9000,4.8100,4.8800,4.9000,10914300,52993498.0000
2023-10-27,sz.300080,4.8100,4.8300,4.6000,4.7500,4.8800,21348273,100235197.2600
2023-10-30,sz.300080,4.7000,4.8300,4.6900,4.8100,4.7500,9689458,46208236.4400
2023-10-31,sz.300080,4.8300,4.8400,4.7400,4.7700,4.8100,7429521,35487161.1700
2023-11-01,sz.300080,4.7700,4.8700,4.7400,4.8400,4.7700,8832321,42593119.1700
2023-11-02,sz.300080,4.8400,4.8600,4.7100,4.7200,4.8400,9091800,43357720.0000
2023-11-03,sz.300080,4.7400,4.8900,4.7300,4.8300,4.7200,10162300,49070769.0000
2023-11-06,sz.300080,4.8200,4.9700,4.8000,4.9600,4.8300,12242623,60290571.2200
2023-11-07,sz.300080,4.9600,4.9600,4.8900,4.9400,4.9600,7694500,37902648.0000
2023-11-08,sz.300080,4.9400,4.9600,4.8900,4.9300,4.9400,7248008,35692692.4400
2023-11-09,sz.300080,4.9300,5.0200,4.9100,5.0100,4.9300,11242325,55979247.9900
2023-11-10,sz.300080,4.9800,4.9900,4.9100,4.9300,5.0100,7335008,36230754.5200
2023-11-13,sz.300080,4.9400,5.0000,4.9100,4.9700,4.9300,7769611,38369675.8300
2023-11-14,sz.300080,4.9800,5.0000,4.9100,4.9400,4.9700,9006745,44559072.1200
2023-11-15,sz.300080,4.9700,5.0400,4.9500,5.0400,4.9400,13329361,66718139.0800
2023-11-16,sz.300080,5.0100,5.0200,4.9100,4.9200,5.0400,9256554,45836168.6800
2023-11-17,sz.300080,4.9200,4.9800,4.8900,4.9600,4.9200,7474200,36832147.0000
2023-11-20,sz.300080,4.9500,5.0300,4.9200,5.0200,4.9600,9006243,44861723.7200
2023-11-21,sz.300080,5.0100,5.0400,4.9600,4.9700,5.0200,7023888,35139130.0000
2023-11-22,sz.300080,4.9500,5.0000,4.9100,4.9100,4.9700,6883865,33966642.8000
2023-11-23,sz.300080,4.9000,4.9400,4.8900,4.9300,4.9100,8031806,39475037.4600
2023-11-24,sz.300080,4.9300,4.9300,4.8300,4.8500,4.9300,8103700,39477073.0000
2023-11-27,sz.300080,4.8200,4.8800,4.8100,4.8500,4.8500,5342300,25848585.0000
2023-11-28,sz.300080,4.8300,4.8900,4.8100,4.8800,4.8500,5904208,28687211.5700
2023-11-29,sz.300080,4.8700,4.9000,4.8000,4.8200,4.8800,5848465,28320166.8500
2023-11-30,sz.300080,4.8100,4.8400,4.7400,4.7600,4.8200,6354000,30354108.0000
2023-12-01,sz.300080,4.7700,4.8100,4.7300,4.8000,4.7600,5690026,27147548.2800
2023-12-04,sz.300080,4.8200,4.8500,4.7500,4.7800,4.8000,7815600,37380420.0000
2023-12-05,sz.300080,4.7800,4.7900,4.6800,4.6800,4.7800,7964993,37546425.3000
2023-12-06,sz.300080,4.6700,4.7900,4.6600,4.7500,4.6800,7573643,36004049.3900
2023-12-07,sz.300080,4.7300,4.7500,4.6700,4.7000,4.7500,8200700,38469451.0000
2023-12-08,sz.300080,4.7100,4.7400,4.6200,4.6200,4.7000,6292756,29285249.7200
2023-12-11,sz.300080,4.6000,4.7100,4.5400,4.7000,4.6200,9023000,41948355.0000
2023-12-12,sz.300080,4.7200,4.7200,4.6700,4.7100,4.7000,4378400,20581182.0000
2023-12-13,sz.300080,4.7200,4.7700,4.6600,4.6900,4.7100,6006044,28286864.2600
2023-12-14,sz.300080,4.7000,4.7500,4.6900,4.7000,4.6900,4407500,20820605.0000
2023-12-15,sz.300080,4.7200,4.7500,4.6800,4.7000,4.7000,4787451,22574144.9900
2023-12-18,sz.300080,4.7000,4.7400,4.6000,4.6100,4.7000,5847500,27121429.5300
2023-12-19,sz.300080,4.6000,4.6800,4.5800,4.6500,4.6100,5526994,25637451.1600
2023-12-20,sz.300080,4.6600,4.6600,4.5700,4.5800,4.6500,6606100,30403181.0000
2023-12-21,sz.300080,4.6000,4.6900,4.5300,4.6900,4.5800,9132086,42191808.0400
2023-12-22,sz.300080,4.6800,4.7400,4.6000,4.6800,4.6900,8889167,41506686.1600
2023-12-25,sz.300080,4.6600,4.7000,4.6400,4.6900,4.6800,4857000,22704534.0000
2023-12-26,sz.300080,4.7000,4.7700,4.6500,4.6700,4.6900,7019172,32975113.5600
2023-12-27,sz.300080,4.6800,4.6800,4.5700,4.6200,4.6700,7504385,34638956.1000
2023-12-28,sz.300080,4.6200,4.8800,4.5800,4.8400,4.6200,19774453,94376843.4200
2023-12-29,sz.300080,4.8100,4.8600,4.7800,4.8400,4.8400,13406421,64724913.9100
2024-01-02,sz.300080,4.8400,4.8700,4.7900,4.8400,4.8400,8647864,41873119.6700
2024-01-03,sz.300080,4.8400,4.9100,4.8000,4.8600,4.8400,8621910,41801219.5500
2024-01-04,sz.300080,4.8600,4.8600,4.7900,4.8100,4.8600,6317800,30493411.0000
2024-01-05,sz.300080,4.8300,4.8900,4.7400,4.7700,4.8100,7009568,33708929.6800
2024-01-08,sz.300080,4.7600,4.8000,4.6700,4.6700,4.7700,6783200,32096265.0000
2024-01-09,sz.300080,4.6800,4.8100,4.6500,4.7100,4.6700,6799535,32206023.3000
2024-01-10,sz.300080,4.7300,4.8200,4.6400,4.7400,4.7100,8129000,38573071.6200
2024-01-11,sz.300080,4.7300,4.8400,4.7200,4.8100,4.7400,8701482,41674068.5800
2024-01-12,sz.300080,4.8000,4.9000,4.7900,4.8200,4.8100,7861401,38092215.1700
2024-01-15,sz.300080,4.8000,4.8200,4.7400,4.7600,4.8200,5934800,28357829.0000
2024-01-16,sz.300080,4.7800,4.8400,4.7100,4.8000,4.7600,7141100,34047497.0000
2024-01-17,sz.300080,4.8000,4.8000,4.6600,4.6600,4.8000,6645165,31397645.4000
2024-01-18,sz.300080,4.6500,4.6800,4.4500,4.6000,4.6600,11673155,53254283.3500
2024-01-19,sz.300080,4.6000,4.6200,4.4500,4.4600,4.6000,8743522,39505896.4400
2024-01-22,sz.300080,4.4500,4.4600,4.1200,4.1300,4.4600,11084602,47494031.0000
2024-01-23,sz.300080,4.1100,4.2300,4.0100,4.1700,4.1300,11421296,47223631.6800
2024-01-24,sz.300080,4.1900,4.2800,4.0500,4.2500,4.1700,10994419,46086182.2100
2024-01-25,sz.300080,4.2500,4.4200,4.2100,4.4100,4.2500,7687139,33254833.3000
2024-01-26,sz.300080,4.4000,4.4700,4.3800,4.4100,4.4100,6525061,28870489.9700
2024-01-29,sz.300080,4.4000,4.4400,4.2600,4.3000,4.4100,7471200,32286933.0000
2024-01-30,sz.300080,4.2400,4.3100,4.1400,4.1500,4.3000,5962000,25178003.0000
2024-01-31,sz.300080,4.0900,4.1700,3.9300,3.9400,4.1500,11132200,44817173.0000
2024-02-01,sz.300080,3.9300,4.0200,3.8400,3.9000,3.9400,7634965,30044703.7000
2024-02-02,sz.300080,3.9300,3.9700,3.5600,3.7100,3.9000,12310601,46338249.7400
2024-02-05,sz.300080,3.6800,3.6800,3.2700,3.4200,3.7100,15999242,55052023.2100
2024-02-06,sz.300080,3.3800,3.7000,3.3300,3.6200,3.4200,17355159,60744944.8400
2024-02-07,sz.300080,3.6700,3.9500,3.6500,3.8400,3.6200,22023598,84231286.0200
2024-02-08,sz.300080,3.8800,4.1700,3.8300,4.0700,3.8400,20712659,83839310.6100
2024-02-19,sz.300080,4.1000,4.1600,3.9700,4.0800,4.0700,15013887,60987756.3200
2024-02-20,sz.300080,4.0800,4.0900,3.9800,4.0700,4.0800,8555632,34514261.2400
2024-02-21,sz.300080,4.0700,4.2600,4.0000,4.1100,4.0700,11358332,47167654.7200
2024-02-22,sz.300080,4.1300,4.2000,4.0800,4.1500,4.1100,8212858,33916711.0800
2024-02-23,sz.300080,4.1800,4.2000,4.1100,4.1900,4.1500,9522362,39599770.6800
2024-02-26,sz.300080,4.1900,4.3300,4.1700,4.2600,4.1900,11192182,47549945.3000
2024-02-27,sz.300080,4.2500,4.3300,4.2000,4.3300,4.2600,8001714,34187466.0800
2024-02-28,sz.300080,4.3400,4.4900,4.1600,4.1800,4.3300,16942448,73699633.6000
2024-02-29,sz.300080,4.1600,4.3500,4.1300,4.3400,4.1800,10317736,44029999.7100
2024-03-01,sz.300080,4.3400,4.3900,4.2900,4.3800,4.3400,8384851,36430892.8100
2024-03-04,sz.300080,4.3900,4.4500,4.2800,4.3400,4.3800,6686000,28967262.0000
2024-03-05,sz.300080,4.3300,4.3400,4.2200,4.2500,4.3400,8034600,34231238.0000
2024-03-06,sz.300080,4.2100,4.3700,4.2100,4.3100,4.2500,7316380,31464121.6000
2024-03-07,sz.300080,4.3500,4.3600,4.2100,4.2200,4.3100,7928955,33963242.3000
2024-03-08,sz.300080,4.2100,4.3100,4.2100,4.2900,4.2200,6241400,26662695.0000
2024-03-11,sz.300080,4.2800,4.5000,4.2700,4.4700,4.2900,17120083,75520770.5400
2024-03-12,sz.300080,4.4500,4.5200,4.4100,4.4300,4.4700,11012083,49024107.8400
2024-03-13,sz.300080,4.3900,4.4600,4.3600,4.4300,4.4300,9646500,42543754.0000
2024-03-14,sz.300080,4.4000,4.4800,4.3300,4.3800,4.4300,7296500,32161707.0000
2024-03-15,sz.300080,4.3500,4.4400,4.3300,4.4400,4.3800,8482973,37248593.7600
2024-03-18,sz.300080,4.4500,4.5100,4.4300,4.4900,4.4400,8200036,36632804.1200
2024-03-19,sz.300080,4.5000,4.5400,4.4500,4.4500,4.4900,7439627,33432649.4200
2024-03-20,sz.300080,4.4200,4.4700,4.4100,4.4600,4.4500,7344484,32656229.0900
2024-03-21,sz.300080,4.4800,4.5000,4.3800,4.4300,4.4600,7593202,33649286.5800
2024-03-22,sz.300080,4.4000,4.4400,4.2900,4.3200,4.4300,9238600,40119856.0000
2024-03-25,sz.300080,4.3200,4.3700,4.2200,4.2300,4.3200,8220118,35296663.8600
2024-03-26,sz.300080,4.2300,4.3000,4.1600,4.2500,4.2300,7382266,31194816.5000
2024-03-27,sz.300080,4.2700,4.2700,4.0700,4.0900,4.2500,6357600,26502235.0000
2024-03-28,sz.300080,4.0900,4.2200,4.0800,4.1900,4.0900,8129850,33825182.4000
2024-03-29,sz.300080,4.1800,4.2200,4.1600,4.2100,4.1900,5710133,23927418.8100
2024-04-01,sz.300080,4.2200,4.3800,4.2200,4.3800,4.2100,9445233,40961997.4800
2024-04-02,sz.300080,4.3800,4.4600,4.3200,4.4400,4.3800,8650361,38212276.0900
2024-04-03,sz.300080,4.4400,4.4600,4.3800,4.4500,4.4400,8605608,38076294.9300
2024-04-08,sz.300080,4.4200,4.4700,4.3300,4.3300,4.4500,8744000,38450026.0000
2024-04-09,sz.300080,4.3300,4.4900,4.2800,4.4700,4.3300,12102191,53757714.0400
2024-04-10,sz.300080,4.4500,4.4600,4.3000,4.3600,4.4700,9208783,40306010.8800
2024-04-11,sz.300080,4.4100,4.5300,4.3200,4.4300,4.3600,12190891,54013759.4500
2024-04-12,sz.300080,4.3800,4.4400,4.3100,4.3300,4.4300,10286563,44831243.4200
2024-04-15,sz.300080,4.3000,4.3300,3.9600,4.0400,4.3300,20599758,84251213.8500
2024-04-16,sz.300080,4.0000,4.0300,3.6700,3.6700,4.0400,16260610,62052955.7000
2024-04-17,sz.300080,3.7000,4.0200,3.7000,4.0200,3.6700,13485808,52747005.0800
2024-04-18,sz.300080,4.0200,4.0200,3.8800,3.9000,4.0200,9822700,38696449.0000
2024-04-19,sz.300080,3.9200,3.9500,3.8300,3.8500,3.9000,9738300,37619371.0000
2024-04-22,sz.300080,3.8400,3.9100,3.7700,3.8100,3.8500,6852256,26339119.3600
2024-04-23,sz.300080,3.8600,3.8700,3.7800,3.8200,3.8100,7282287,27823548.2500
2024-04-24,sz.300080,3.8000,3.8800,3.7800,3.8700,3.8200,6237656,23919384.6000
2024-04-25,sz.300080,3.8000,3.8600,3.6600,3.7500,3.8700,12490345,46956661.0200
2024-04-26,sz.300080,3.7600,3.9300,3.7200,3.9200,3.7500,12391950,47664869.4100
2024-04-29,sz.300080,3.9200,4.1200,3.9100,4.1200,3.9200,10732300,43559211.0000
2024-04-30,sz.300080,4.1100,4.1300,4.0400,4.0900,4.1200,8463260,34501510.4700
2024-05-06,sz.300080,4.1600,4.2800,4.1600,4.2600,4.0900,11208259,47448078.8000
2024-05-07,sz.300080,4.2700,4.3000,4.2100,4.2900,4.2600,8341538,35526465.6400
2024-05-08,sz.300080,4.2500,4.3300,4.2000,4.2100,4.2900,6923400,29367939.0000
2024-05-09,sz.300080,4.2300,4.3400,4.2300,4.2900,4.2100,6894100,29646726.0000
2024-05-10,sz.300080,4.3500,4.3500,4.2100,4.2600,4.2900,8451819,35965017.5600
2024-05-13,sz.300080,4.2500,4.2500,4.1400,4.1600,4.2600,6995400,29227086.0000
2024-05-14,sz.300080,4.1300,4.1800,3.9400,3.9600,4.1600,16227186,65276905.7000
2024-05-15,sz.300080,3.9200,3.9700,3.7900,3.8100,3.9600,14422400,55548267.0000
2024-05-16,sz.300080,3.7800,3.8600,3.7800,3.8100,3.8100,10451929,40054266.7800
2024-05-17,sz.300080,3.8100,3.9000,3.7900,3.8800,3.8100,10610891,40780290.2500
2024-05-20,sz.300080,3.9000,3.9900,3.8700,3.8900,3.8800,12820269,50325286.7200
2024-05-21,sz.300080,3.9000,3.9100,3.7800,3.8100,3.8900,8396713,32029707.3300
2024-05-22,sz.300080,3.8300,3.9700,3.8000,3.9500,3.8100,16315586,63339597.7000
2024-05-23,sz.300080,3.9300,3.9300,3.7600,3.7900,3.9500,14232549,54364205.7300
2024-05-24,sz.300080,3.7900,3.8700,3.7700,3.8000,3.7900,11315313,43248636.4700
2024-05-27,sz.300080,3.7800,3.8000,3.6900,3.7600,3.8000,11088359,41374335.2500
2024-05-28,sz.300080,3.7700,3.7900,3.7300,3.7500,3.7600,8831749,33249554.9900
2024-05-29,sz.300080,3.7300,3.8800,3.7200,3.7800,3.7500,9669941,36899671.0300
2024-05-30,sz.300080,3.8200,3.8500,3.7500,3.7700,3.7800,8431667,31993994.7200
2024-05-31,sz.300080,3.7800,3.7900,3.7400,3.7600,3.7700,6909498,26008310.5000
2024-06-03,sz.300080,3.7600,3.7600,3.4600,3.5500,3.7600,21580436,76649275.2200
2024-06-04,sz.300080,3.5500,3.5500,3.4000,3.4800,3.5500,14327460,49374064.7600
2024-06-05,sz.300080,3.4800,3.5100,3.4000,3.4000,3.4800,8425707,28965480.8000
2024-06-06,sz.300080,3.4000,3.4400,3.2000,3.2300,3.4000,16047362,52712445.4300
2024-06-07,sz.300080,3.2200,3.3400,3.2200,3.3000,3.2300,11719100,38528517.0000
2024-06-11,sz.300080,3.2800,3.3000,3.2100,3.2500,3.3000,13008531,42299641.1800
2024-06-12,sz.300080,3.2500,3.3500,3.2200,3.3300,3.2500,16342100,53666001.0000
2024-06-13,sz.300080,3.3500,3.4500,3.3000,3.3000,3.3300,14020620,47024246.0000
2024-06-14,sz.300080,3.3100,3.3400,3.2500,3.3100,3.3000,9629520,31629450.2000
2024-06-17,sz.300080,3.2600,3.3000,3.2300,3.2700,3.3100,8838776,28894275.3900
2024-06-18,sz.300080,3.2700,3.3000,3.2400,3.2800,3.2700,8739901,28655618.2800
2024-06-19,sz.300080,3.3100,3.3300,3.1500,3.1600,3.2800,11909700,38101495.0000
2024-06-20,sz.300080,3.1400,3.1700,3.0000,3.0100,3.1600,17502311,53379449.1500
2024-06-21,sz.300080,3.0100,3.0400,2.9500,2.9600,3.0100,12628597,37770987.2000
2024-06-24,sz.300080,2.9200,2.9300,2.8200,2.8500,2.9600,18582564,53503136.9900
2024-06-25,sz.300080,2.8500,2.9000,2.8000,2.8400,2.8500,13012354,37001445.8200
2024-06-26,sz.300080,2.8000,3.0000,2.8000,2.9900,2.8400,16084900,46786198.0000
2024-06-27,sz.300080,2.9900,3.0000,2.8700,2.8800,2.9900,12282700,35886005.1800
2024-06-28,sz.300080,2.8500,2.9600,2.8500,2.8800,2.8800,11766076,34363620.7300
2024-07-01,sz.300080,2.8800,2.9300,2.8200,2.8900,2.8800,10709000,30753613.0000
2024-07-02,sz.300080,2.8900,2.9700,2.8700,2.9300,2.8900,11549085,33796878.6500
2024-07-03,sz.300080,2.9500,3.0000,2.9200,2.9600,2.9300,10621087,31454199.5200
2024-07-04,sz.300080,2.9600,2.9700,2.8500,2.8700,2.9600,9116426,26358285.6200
2024-07-05,sz.300080,2.8700,2.9300,2.8100,2.9100,2.8700,10091385,29016260.3500
2024-07-08,sz.300080,2.9000,2.9200,2.7900,2.8000,2.9100,10222726,28881516.0600
2024-07-09,sz.300080,2.8000,2.8400,2.7100,2.8000,2.8000,11273200,31416366.0000
2024-07-10,sz.300080,2.8000,2.8500,2.7200,2.7400,2.8000,9969100,27661606.0000
2024-07-11,sz.300080,2.7800,2.9000,2.7800,2.9000,2.7400,13360249,38270956.1400
2024-07-12,sz.300080,2.9000,2.9300,2.8600,2.8800,2.9000,10827600,31376227.0000
2024-07-15,sz.300080,2.8600,2.8700,2.7800,2.7900,2.8800,10952954,30814257.6600
2024-07-16,sz.300080,2.7900,2.7900,2.7300,2.7500,2.7900,7693500,21196517.0000
2024-07-17,sz.300080,2.7500,2.8000,2.7300,2.7500,2.7500,9277100,25596013.0000
2024-07-18,sz.300080,2.7300,2.7800,2.6600,2.7700,2.7500,10069200,27420762.0000
2024-07-19,sz.300080,2.7600,2.7800,2.6900,2.7600,2.7700,8614400,23648813.0000
2024-07-22,sz.300080,2.7600,2.7800,2.7200,2.7700,2.7600,7669401,21121295.7400
2024-07-23,sz.300080,2.7700,2.8300,2.7500,2.7500,2.7700,10455901,29055847.7700
2024-07-24,sz.300080,2.7300,2.7600,2.6800,2.6800,2.7500,8828900,23911656.0000
2024-07-25,sz.300080,2.6600,2.8100,2.6400,2.7500,2.6800,12620200,34519772.0000
2024-07-26,sz.300080,2.7600,2.8300,2.7400,2.8100,2.7500,11099549,31096217.6900
2024-07-29,sz.300080,2.8200,2.8200,2.7300,2.7800,2.8100,9448722,26166650.9400
2024-07-30,sz.300080,2.7800,2.8400,2.7500,2.8200,2.7800,8050930,22624042.7000
2024-07-31,sz.300080,2.8300,2.9500,2.7900,2.9500,2.8200,13443922,38948216.9200
2024-08-01,sz.300080,2.9200,2.9700,2.8800,2.8900,2.9500,11053149,32155903.0600
2024-08-02,sz.300080,2.8700,2.9400,2.8700,2.8800,2.8900,9325512,27115674.1000
2024-08-05,sz.300080,2.8700,2.9300,2.8100,2.8100,2.8800,9803960,28115359.6000
2024-08-06,sz.300080,2.8400,2.9200,2.8200,2.9100,2.8100,14035900,40580579.0000
2024-08-07,sz.300080,2.8900,2.9200,2.8500,2.8700,2.9100,9590700,27520635.0000
2024-08-08,sz.300080,2.8600,2.9600,2.8100,2.9100,2.8700,14225298,41079607.1800
2024-08-09,sz.300080,2.9100,2.9300,2.8300,2.8400,2.9100,13311598,38198048.2800
2024-08-12,sz.300080,2.8500,2.9100,2.8300,2.8500,2.8400,10963752,31389633.2400
2024-08-13,sz.300080,2.8600,2.9100,2.7700,2.8900,2.8500,10737485,30543776.7000
2024-08-14,sz.300080,2.9200,2.9200,2.8500,2.8600,2.8900,9376952,26944861.2000
2024-08-15,sz.300080,2.9100,3.3400,2.8600,3.2000,2.8600,54673490,168953997.0000
2024-08-16,sz.300080,3.1800,3.1800,3.0000,3.0500,3.2000,46393875,142034943.3000
2024-08-19,sz.300080,3.0100,3.0200,2.9200,2.9400,3.0500,29525879,87149206.4300
2024-08-20,sz.300080,2.9200,2.9500,2.8300,2.8400,2.9400,22727008,65744515.6600
2024-08-21,sz.300080,2.8100,2.8400,2.7600,2.8000,2.8400,17360000,48479262.0000
2024-08-22,sz.300080,2.7900,2.8300,2.7300,2.7300,2.8000,13374301,37069153.7900
2024-08-23,sz.300080,2.7300,2.7600,2.6700,2.6900,2.7300,11521109,31123790.1700
2024-08-26,sz.300080,2.6700,2.7900,2.6700,2.7700,2.6900,12056109,33267792.6100
2024-08-27,sz.300080,2.7900,2.8000,2.6800,2.7000,2.7700,10351101,28030188.7600
2024-08-28,sz.300080,2.6300,2.6300,2.5000,2.5800,2.7000,20737002,53143343.1000
2024-08-29,sz.300080,2.5600,2.7200,2.5600,2.6900,2.5800,15995002,42471861.3200
2024-08-30,sz.300080,2.6700,2.7800,2.6600,2.7200,2.6900,15154300,41295225.0000
2024-09-02,sz.300080,2.7200,2.7600,2.6600,2.6600,2.7200,10403988,28140176.8000
2024-09-03,sz.300080,2.6600,2.7300,2.6400,2.7000,2.6600,8772511,23645949.5900
2024-09-04,sz.300080,2.6900,2.7900,2.6800,2.7200,2.7000,10619730,29077605.2500
2024-09-05,sz.300080,2.7300,2.7900,2.7200,2.7700,2.7200,10648100,29370212.0000
2024-09-06,sz.300080,2.7500,2.7800,2.6900,2.7000,2.7700,8755000,23813779.0000
2024-09-09,sz.300080,2.6800,2.7200,2.6600,2.6700,2.7000,6650800,17830834.0000
2024-09-10,sz.300080,2.6700,2.7100,2.6300,2.7000,2.6700,7050800,18812019.0000
2024-09-11,sz.300080,2.7000,2.8000,2.6800,2.7600,2.7000,12161000,33502642.0000
2024-09-12,sz.300080,2.7600,3.1900,2.7500,2.9100,2.7600,39750602,117723115.1600
2024-09-13,sz.300080,2.9900,3.4800,2.9900,3.1800,2.9100,84405997,274508387.2500
2024-09-18,sz.300080,3.0600,3.0900,2.8800,2.9800,3.1800,56539784,166957697.7500
2024-09-19,sz.300080,2.9300,3.0200,2.8700,2.9700,2.9800,40787488,120736881.7700
2024-09-20,sz.300080,3.0100,3.1400,2.8800,2.9200,2.9700,36045012,106697343.9100
2024-09-23,sz.300080,2.9300,2.9800,2.8400,2.8600,2.9200,27864325,80504847.8500
2024-09-24,sz.300080,2.8700,3.4300,2.8700,3.4300,2.8600,45924588,150918743.2800
2024-09-25,sz.300080,3.6900,4.0800,3.5800,3.8500,3.4300,121148077,457103083.9300
2024-09-26,sz.300080,3.7700,3.8100,3.6100,3.7500,3.8500,87387488,323544269.4900
2024-09-27,sz.300080,3.7600,4.1300,3.7200,3.9200,3.7500,84444876,328345597.5200
2024-09-30,sz.300080,3.9300,4.6500,3.9300,4.5700,3.9200,94112454,399264223.2200
2024-10-08,sz.300080,5.3400,5.3400,4.5800,5.2800,4.5700,87971738,442774094.2900
2024-10-09,sz.300080,4.8500,4.8900,4.2200,4.2200,5.2800,64406998,294298919.3500
2024-10-10,sz.300080,4.2200,4.3700,4.0500,4.1300,4.2200,38865456,163213965.4600
2024-10-11,sz.300080,4.1400,4.1800,3.7800,3.8700,4.1300,33556339,131846808.4100
2024-10-14,sz.300080,3.8700,4.0400,3.8600,4.0100,3.8700,27763941,110005270.3300
2024-10-15,sz.300080,3.9900,4.1100,3.8700,3.8900,4.0100,29884380,119516175.4000
2024-10-16,sz.300080,3.8300,3.9600,3.7900,3.8700,3.8900,20475140,79237664.1000
2024-10-17,sz.300080,3.9000,3.9900,3.7700,3.7900,3.8700,20437580,78672776.0000
2024-10-18,sz.300080,3.7800,4.0500,3.7100,3.9200,3.7900,30282789,117130151.1000
2024-10-21,sz.300080,4.0500,4.4200,3.9400,4.2200,3.9200,52124730,220309052.6000
2024-10-22,sz.300080,4.1700,4.4200,4.1200,4.3000,4.2200,43037378,182025185.4000
2024-10-23,sz.300080,4.2500,4.9800,4.1900,4.6900,4.3000,75623581,342076403.2600
2024-10-24,sz.300080,4.5500,4.5800,4.3400,4.4200,4.6900,45940273,203801384.6700
2024-10-25,sz.300080,4.3300,4.7800,4.3200,4.7100,4.4200,69157843,321172023.4800
2024-10-28,sz.300080,4.9800,5.2800,4.8800,5.2300,4.7100,98701031,504936551.2300
2024-10-29,sz.300080,5.2900,5.6500,4.9100,4.9400,5.2300,88649051,459125424.6000
2024-10-30,sz.300080,4.8100,5.0000,4.7600,4.8000,4.9400,53806448,261470391.0500
2024-10-31,sz.300080,5.0000,5.7600,5.0000,5.7600,4.8000,78616813,435925260.4600
2024-11-01,sz.300080,6.8700,6.8700,5.7400,5.7600,5.7600,199984739,1244085833.3700
2024-11-04,sz.300080,5.6400,5.8700,5.3000,5.4600,5.7600,96621938,531399686.9700
2024-11-05,sz.300080,5.4400,5.6600,5.3500,5.5500,5.4600,82563891,457844108.4000
2024-11-06,sz.300080,5.5000,5.7000,5.2600,5.3600,5.5500,86578949,471209758.3600
2024-11-07,sz.300080,5.2100,5.3500,5.1000,5.3500,5.3600,55518717,291362324.7000
2024-11-08,sz.300080,5.4500,5.5100,5.2500,5.2900,5.3500,52374300,281678572.0000
2024-11-11,sz.300080,5.2500,5.3600,5.1900,5.3500,5.2900,39570047,208980027.2400
2024-11-12,sz.300080,5.3700,5.4700,5.1400,5.2000,5.3500,39772646,210488422.2000
2024-11-13,sz.300080,5.1500,5.2900,5.1000,5.2900,5.2000,29185447,151726288.1100
2024-11-14,sz.300080,5.3100,5.3100,5.0800,5.1100,5.2900,26121130,135735194.3000
2024-11-15,sz.300080,5.0900,5.1600,4.8600,4.8600,5.1100,29951424,150491590.4400
2024-11-18,sz.300080,4.8700,5.0200,4.7800,4.8200,4.8600,29910837,146975034.1900
2024-11-19,sz.300080,4.8000,4.9000,4.6600,4.8900,4.8200,31603800,151029578.3400
2024-11-20,sz.300080,4.9500,5.0800,4.9100,5.0400,4.8900,33162300,165912554.0000
2024-11-21,sz.300080,5.0600,5.2200,4.9300,5.0000,5.0400,26118092,131242498.7700
2024-11-22,sz.300080,4.9400,4.9800,4.7100,4.7200,5.0000,27553145,134165462.7100
2024-11-25,sz.300080,4.7200,5.0700,4.6800,4.9100,4.7200,31558271,153466898.6700
2024-11-26,sz.300080,4.8600,4.9800,4.7400,4.7600,4.9100,21491100,104034713.0000
2024-11-27,sz.300080,4.7400,4.8100,4.6200,4.8100,4.7600,21099021,99423443.2800
2024-11-28,sz.300080,4.8200,4.9700,4.7900,4.8700,4.8100,24988191,122640283.4300
2024-11-29,sz.300080,4.8500,5.0100,4.8000,4.9400,4.8700,26217589,128891312.6500
2024-12-02,sz.300080,4.9200,5.2000,4.8700,5.1900,4.9400,42419401,216423173.1900
2024-12-03,sz.300080,5.2400,5.2800,5.1600,5.2400,5.1900,37469300,195506107.0000
2024-12-04,sz.300080,5.2700,5.3200,5.0700,5.1200,5.2400,31662000,164237534.0000
2024-12-05,sz.300080,5.0800,5.2500,5.0700,5.2300,5.1200,28395773,147631246.8700
2024-12-06,sz.300080,5.2000,5.3400,5.0600,5.2500,5.2300,35149967,182821447.9300
2024-12-09,sz.300080,5.2700,5.3000,5.0800,5.1300,5.2500,26517600,136880049.0000
2024-12-10,sz.300080,5.3000,5.3500,5.1100,5.1400,5.1300,26299900,136833927.0000
2024-12-11,sz.300080,5.1300,5.1900,5.1100,5.1900,5.1400,18078864,93354858.5200
2024-12-12,sz.300080,5.1800,5.2100,5.1200,5.1900,5.1900,19909965,102950533.0500
2024-12-13,sz.300080,5.1500,5.2100,5.0600,5.0600,5.1900,22438251,114548743.0600
2024-12-16,sz.300080,5.0000,5.0600,4.8800,4.9100,5.0600,22575241,111248496.3000
2024-12-17,sz.300080,4.9100,4.9400,4.7900,4.8000,4.9100,15868300,76834437.0000
2024-12-18,sz.300080,4.8300,4.8900,4.7600,4.8200,4.8000,10919860,52789219.4000
2024-12-19,sz.300080,4.7800,4.8400,4.7200,4.8200,4.8200,11973600,57197187.0000
2024-12-20,sz.300080,4.8300,4.8600,4.7800,4.8300,4.8200,11178931,53936570.1100
2024-12-23,sz.300080,4.8300,4.8400,4.6000,4.6200,4.8300,18886600,88483963.8700
2024-12-24,sz.300080,4.6400,4.7500,4.6200,4.6500,4.6200,10661410,49846951.4000
2024-12-25,sz.300080,4.6500,4.6800,4.4600,4.5500,4.6500,13122733,59631143.4400
2024-12-26,sz.300080,4.5500,4.6100,4.5200,4.5600,4.5500,10200500,46676170.0000
2024-12-27,sz.300080,4.5700,4.7000,4.5200,4.6200,4.5600,11779221,54598902.6500
2024-12-30,sz.300080,4.6200,4.6200,4.4600,4.5300,4.6200,13477401,60782636.4900
2024-12-31,sz.300080,4.5300,4.6000,4.3700,4.3700,4.5300,11825100,52619396.0000
2025-01-02,sz.300080,4.3700,4.4700,4.2300,4.2800,4.3700,13661422,59586995.4500
2025-01-03,sz.300080,4.2900,4.3500,4.1200,4.1400,4.2800,17193754,72807482.8900
2025-01-06,sz.300080,4.1400,4.2300,4.0200,4.1600,4.1400,12692450,52624481.5000
2025-01-07,sz.300080,4.1700,4.2600,4.1400,4.2500,4.1600,11145600,46861023.0000
2025-01-08,sz.300080,4.2500,4.2700,4.0500,4.1900,4.2500,13748700,57128522.0000
2025-01-09,sz.300080,4.1700,4.2500,4.1000,4.1800,4.1900,9060200,38093647.0000
2025-01-10,sz.300080,4.2000,4.2500,4.0000,4.0100,4.1800,10047823,41168376.6100
2025-01-13,sz.300080,3.9600,4.0800,3.8900,4.0700,4.0100,12206510,48887767.2000
2025-01-14,sz.300080,4.0800,4.2700,4.0500,4.2500,4.0700,13404500,56040777.0000
2025-01-15,sz.300080,4.2800,4.2800,4.1400,4.1800,4.2500,15496300,65115883.0000
2025-01-16,sz.300080,4.1900,4.3400,4.1900,4.2300,4.1800,14251209,60614574.8800
2025-01-17,sz.300080,4.1900,4.2400,4.1600,4.1900,4.2300,10881227,45656886.1300
2025-01-20,sz.300080,4.1700,4.2300,4.0000,4.0200,4.1900,23457700,95307120.0000
2025-01-21,sz.300080,4.0500,4.0900,3.9000,3.9200,4.0200,18080221,71537851.1100
2025-01-22,sz.300080,3.9000,3.9200,3.8100,3.8600,3.9200,13755000,53051996.0000
2025-01-23,sz.300080,3.8900,3.9900,3.8400,3.8600,3.8600,17213300,67694308.0000
2025-01-24,sz.300080,3.8700,3.9100,3.8000,3.8800,3.8600,16327500,63063102.0000
2025-01-27,sz.300080,4.0400,4.0400,3.7800,3.8000,3.8800,16127695,62317646.3000
2025-02-05,sz.300080,3.8400,3.9600,3.8400,3.8800,3.8000,16329968,63609560.3000
2025-02-06,sz.300080,3.8900,3.9600,3.8100,3.9500,3.8800,13532400,52717333.0000
2025-02-07,sz.300080,3.9500,4.2000,3.9300,4.1200,3.9500,29240940,120079823.4000
2025-02-10,sz.300080,4.1300,4.1900,4.0900,4.1900,4.1200,18988800,78733819.0000
2025-02-11,sz.300080,4.1700,4.2000,4.0400,4.1100,4.1900,18504001,75592296.0600
2025-02-12,sz.300080,4.1200,4.1800,4.1000,4.1800,4.1100,16905130,69989637.6000
2025-02-13,sz.300080,4.1700,4.3900,4.1400,4.1600,4.1800,29474231,124167540.8900
2025-02-14,sz.300080,4.1600,4.2400,4.1000,4.1200,4.1600,16417700,68300442.0000
2025-02-17,sz.300080,4.1500,4.2200,4.1100,4.1700,4.1200,16599000,69188340.0000
2025-02-18,sz.300080,4.1900,4.2300,4.0500,4.0800,4.1700,20772631,86259489.1700
2025-02-19,sz.300080,4.0600,4.1200,4.0300,4.1000,4.0800,16176700,66126000.0000
2025-02-20,sz.300080,4.0800,4.1200,4.0300,4.1000,4.1000,16529048,67377938.8600
2025-02-21,sz.300080,4.1100,4.1400,4.0400,4.1100,4.1000,18396780,75334212.9900
2025-02-24,sz.300080,4.1100,4.2100,4.1100,4.1500,4.1100,20051001,83404694.1600
2025-02-25,sz.300080,4.1200,4.2300,4.0800,4.1800,4.1500,19517072,81610068.2200
2025-02-26,sz.300080,4.1800,4.2900,4.1800,4.2900,4.1800,21092832,89497081.6800
2025-02-27,sz.300080,4.3000,4.3100,4.1500,4.2200,4.2900,18819201,79413925.1900
2025-02-28,sz.300080,4.2000,4.2300,4.0600,4.0900,4.2200,17221601,71180241.1700
2025-03-03,sz.300080,4.0600,4.2100,4.0600,4.1200,4.0900,17661194,73543298.4600
2025-03-04,sz.300080,4.1100,4.1300,4.0600,4.1200,4.1200,12911700,52856702.0000
2025-03-05,sz.300080,4.1400,4.1400,3.9500,4.0100,4.1200,20006700,80024949.0000
2025-03-06,sz.300080,4.0300,4.1300,3.9500,4.0900,4.0100,18913342,76779256.6200
2025-03-07,sz.300080,4.0900,4.0900,3.9300,3.9500,4.0900,20910066,83210621.3200
2025-03-10,sz.300080,3.9700,4.1000,3.9500,4.0300,3.9500,19624512,79174295.2600
2025-03-11,sz.300080,4.0200,4.1000,3.9300,4.1000,4.0300,17751088,71682906.7600
2025-03-12,sz.300080,4.1100,4.1500,4.0500,4.0900,4.1000,14211295,58209136.4500
2025-03-13,sz.300080,4.2300,4.7500,4.2300,4.3800,4.0900,83311994,372718432.1700
2025-03-14,sz.300080,4.3300,4.5700,4.1500,4.4500,4.3800,75840888,328210452.5600
2025-03-17,sz.300080,4.4500,4.5200,4.3300,4.3300,4.4500,46540300,204491597.0000
2025-03-18,sz.300080,4.3800,4.3900,4.2600,4.2800,4.3300,30145500,129517081.0000
2025-03-19,sz.300080,4.2500,4.3000,4.2200,4.2700,4.2800,21080584,89544106.1600
2025-03-20,sz.300080,4.2700,4.3600,4.2300,4.2600,4.2700,23860398,102717140.0600
2025-03-21,sz.300080,4.2200,4.3300,4.2100,4.2600,4.2600,24700974,105315658.8300
2025-03-24,sz.300080,4.2100,4.2600,3.9000,3.9600,4.2600,36933014,147728326.1000
2025-03-25,sz.300080,3.9300,4.0400,3.9100,4.0200,3.9600,21855328,87202620.9600
2025-03-26,sz.300080,3.9900,4.0800,3.9600,4.0400,4.0200,18486132,74639922.6000
2025-03-27,sz.300080,4.0200,4.0300,3.9200,3.9700,4.0400,14939500,59345591.0000
2025-03-28,sz.300080,3.9900,3.9900,3.8700,3.8700,3.9700,15297858,59827785.9600
2025-03-31,sz.300080,3.8300,3.8500,3.7300,3.7600,3.8700,14311614,54186389.0000
2025-04-01,sz.300080,3.8100,3.8500,3.7800,3.8300,3.7600,12117218,46289157.7600
2025-04-02,sz.300080,3.8200,3.8600,3.7900,3.8000,3.8300,8415880,32110130.0000
2025-04-03,sz.300080,3.7600,3.8500,3.7500,3.7900,3.8000,9226200,35035322.0000
2025-04-07,sz.300080,3.5800,3.6000,3.0400,3.0800,3.7900,31092876,102231791.8000
2025-04-08,sz.300080,3.1300,3.3300,3.1100,3.2400,3.0800,25182280,81704131.2000
2025-04-09,sz.300080,3.2100,3.3400,2.9800,3.3000,3.2400,23627378,75099978.2000
2025-04-10,sz.300080,3.4000,3.5000,3.3800,3.4300,3.3000,21023700,72266934.0000
2025-04-11,sz.300080,3.4000,3.4800,3.3900,3.4200,3.4300,14492140,49747724.8000
2025-04-14,sz.300080,3.4800,3.5500,3.4600,3.5000,3.4200,15221340,53351069.8000
2025-04-15,sz.300080,3.5000,3.5200,3.4600,3.4800,3.5000,10461300,36465234.0000
2025-04-16,sz.300080,3.4900,3.4900,3.3500,3.4000,3.4800,11939526,40781364.1800
2025-04-17,sz.300080,3.3900,3.4600,3.3700,3.4300,3.4000,11589341,39706632.6200
2025-04-18,sz.300080,3.4100,3.4400,3.3700,3.4100,3.4300,9171500,31172109.0000
2025-04-21,sz.300080,3.3900,3.4700,3.3700,3.4600,3.4100,9700700,33377572.0000
2025-04-22,sz.300080,3.4400,3.4800,3.4000,3.4600,3.4600,11493230,39598835.1000
2025-04-23,sz.300080,3.4600,3.5200,3.4400,3.4500,3.4600,11581868,40153920.9200
2025-04-24,sz.300080,3.7200,3.9200,3.6600,3.6900,3.4500,54069400,203667505.6000
2025-04-25,sz.300080,3.6700,3.6800,3.5300,3.5300,3.6900,32526646,116526171.4000
2025-04-28,sz.300080,3.5300,3.5900,3.5000,3.5700,3.5300,20688987,73565003.4600
2025-04-29,sz.300080,3.5400,3.6200,3.5100,3.5200,3.5700,16044580,57114425.4000
2025-04-30,sz.300080,3.5300,3.6200,3.5200,3.5700,3.5200,15229001,54552176.9900
2025-05-06,sz.300080,3.5900,3.7300,3.5900,3.7300,3.5700,19294317,71033537.8100
2025-05-07,sz.300080,3.7800,3.8100,3.7100,3.7400,3.7300,16468972,61668673.0200
2025-05-08,sz.300080,3.7800,3.8700,3.7300,3.8500,3.7400,18719061,71725057.8400
2025-05-09,sz.300080,3.8500,3.8600,3.7300,3.7600,3.8500,14476460,54627276.4000
2025-05-12,sz.300080,3.7900,3.8200,3.7400,3.7800,3.7600,11650260,44002024.4000
2025-05-13,sz.300080,3.8300,3.9100,3.8000,3.8100,3.7800,22571824,86881904.4400
2025-05-14,sz.300080,3.8100,3.8500,3.7700,3.8300,3.8100,14126357,53727421.0300
2025-05-15,sz.300080,3.8200,3.8200,3.7400,3.7500,3.8300,11580184,43632508.0000
2025-05-16,sz.300080,3.7300,3.7900,3.7300,3.7500,3.7500,9258401,34870728.7500
2025-05-19,sz.300080,3.6100,3.8000,3.6100,3.7900,3.7500,18393050,68507766.0000
2025-05-20,sz.300080,3.8000,3.8800,3.8000,3.8400,3.7900,16062131,61702445.0500
2025-05-21,sz.300080,3.8300,3.8600,3.8000,3.8300,3.8400,10904400,41764115.0000
2025-05-22,sz.300080,3.8500,3.8700,3.7400,3.7600,3.8300,11956900,45306172.4700
2025-05-23,sz.300080,3.7500,3.7700,3.6500,3.6500,3.7600,12057958,44662004.0200
2025-05-26,sz.300080,3.6400,3.7100,3.6300,3.6900,3.6500,10997274,40407126.9200
2025-05-27,sz.300080,3.7000,3.7900,3.6800,3.7800,3.6900,15423310,57666010.6000
2025-05-28,sz.300080,3.7900,3.8200,3.7200,3.7900,3.7800,12128502,45778904.5400
2025-05-29,sz.300080,3.7700,3.8900,3.7700,3.8900,3.7900,15158600,58509464.0000
2025-05-30,sz.300080,3.8700,3.8900,3.7900,3.8100,3.8900,11323400,43253134.0000
2025-06-03,sz.300080,3.7700,3.8600,3.7700,3.8200,3.8100,14712900,56022915.0000
2025-06-04,sz.300080,3.8400,3.8700,3.8200,3.8700,3.8200,10236262,39388622.0800
2025-06-05,sz.300080,3.8700,3.8900,3.8200,3.8600,3.8700,10026600,38639768.0000
2025-06-06,sz.300080,3.8600,3.8800,3.8500,3.8600,3.8600,7832130,30250044.5000
2025-06-09,sz.300080,3.8600,3.9400,3.8500,3.9400,3.8600,11258360,43962422.3000
2025-06-10,sz.300080,3.9400,3.9500,3.8400,3.8900,3.9400,14960460,58264962.8000
2025-06-11,sz.300080,3.8900,3.9500,3.8800,3.8900,3.8900,10313101,40367594.8900
2025-06-12,sz.300080,3.8700,3.8900,3.8200,3.8500,3.8900,10767778,41417879.5200
2025-06-13,sz.300080,3.8400,3.9000,3.8100,3.8300,3.8500,13549100,52263737.0000
2025-06-16,sz.300080,3.8100,3.9200,3.7800,3.9200,3.8300,12583900,48852060.0000
2025-06-17,sz.300080,3.9200,4.1100,3.9000,4.0500,3.9200,27808800,111965491.0000
2025-06-18,sz.300080,4.0200,4.0700,3.9800,4.0600,4.0500,16501141,66547094.0500
2025-06-19,sz.300080,4.0600,4.0900,3.9600,3.9900,4.0600,15528200,62428074.0000
2025-06-20,sz.300080,4.0300,4.3500,4.0200,4.1200,3.9900,48076827,200945132.1400
2025-06-23,sz.300080,3.9800,4.1500,3.9600,4.1300,4.1200,32707350,133083340.0800
2025-06-24,sz.300080,4.1400,4.2400,4.0900,4.2200,4.1300,29453367,123183709.7400
2025-06-25,sz.300080,4.2300,4.2400,4.1700,4.1800,4.2200,23957570,100622901.5000
2025-06-26,sz.300080,4.1800,4.2200,4.1300,4.1400,4.1800,20554900,85863750.0000
2025-06-27,sz.300080,4.1600,4.2200,4.1100,4.1300,4.1400,20257700,84171629.0000
2025-06-30,sz.300080,4.1700,4.2100,4.1400,4.1800,4.1300,17490984,73035902.1200
2025-07-01,sz.300080,4.1900,4.2100,4.1000,4.1700,4.1800,14684300,60906701.0000
2025-07-02,sz.300080,4.1700,4.4100,4.1300,4.2700,4.1700,44666857,190178279.6800
2025-07-03,sz.300080,4.2200,4.2900,4.1700,4.2000,4.2700,28358400,118949883.0000
2025-07-04,sz.300080,4.2200,4.3300,4.1100,4.1200,4.2000,21970300,91418216.0000
2025-07-07,sz.300080,4.1000,4.1700,4.0800,4.1600,4.1200,14417330,59760029.5000
2025-07-08,sz.300080,4.1700,4.3600,4.1500,4.3300,4.1600,33425140,142888024.0000
2025-07-09,sz.300080,4.3300,4.3700,4.3000,4.3200,4.3300,22228583,96288548.5600
2025-07-10,sz.300080,4.3200,4.4400,4.3100,4.4000,4.3200,32191609,141194623.8700
2025-07-11,sz.300080,4.4100,4.4200,4.3200,4.3400,4.4000,23414100,101865626.0000
2025-07-14,sz.300080,4.3200,4.4000,4.3000,4.3700,4.3400,17352800,75404105.0000
2025-07-15,sz.300080,4.3600,4.3900,4.2000,4.2500,4.3700,22314700,95335752.0000
2025-07-16,sz.300080,4.2700,4.3100,4.2000,4.2400,4.2500,17230201,72861009.2300
2025-07-17,sz.300080,4.2600,4.3500,4.2100,4.2600,4.2400,17962800,76464109.0000
2025-07-18,sz.300080,4.2600,4.3700,4.2600,4.2900,4.2600,18979200,81590030.0000
2025-07-21,sz.300080,4.2900,4.4400,4.2600,4.4100,4.2900,24167300,105808554.0000
2025-07-22,sz.300080,4.4300,4.4800,4.3700,4.4600,4.4100,19575998,86642799.0800
2025-07-23,sz.300080,4.4700,4.4900,4.3800,4.3900,4.4600,16974400,75323246.0000
2025-07-24,sz.300080,4.3600,4.5900,4.3600,4.5000,4.3900,29447277,131895604.3400
2025-07-25,sz.300080,4.5400,4.6000,4.4800,4.4900,4.5000,20997050,94785833.5000
2025-07-28,sz.300080,4.5000,4.5300,4.4200,4.5000,4.4900,17388700,78016423.0000
2025-07-29,sz.300080,4.4900,4.5200,4.4200,4.5200,4.5000,14710600,65815094.0000
2025-07-30,sz.300080,4.5200,4.5300,4.4300,4.4700,4.5200,15032013,67241191.9800
2025-07-31,sz.300080,4.4700,4.4900,4.3400,4.3700,4.4700,16189100,71112367.0000
2025-08-01,sz.300080,4.3600,4.4300,4.3400,4.3700,4.3700,16396781,71861061.9700
2025-08-04,sz.300080,4.3500,4.3700,4.2800,4.3500,4.3700,12851619,55590615.7500
2025-08-05,sz.300080,4.3500,4.3900,4.3300,4.3900,4.3500,9632900,42074467.0000
2025-08-06,sz.300080,4.3900,4.4300,4.3600,4.4200,4.3900,12660180,55741119.2000
2025-08-07,sz.300080,4.4300,4.5400,4.3300,4.3800,4.4200,17221440,75914467.0400
2025-08-08,sz.300080,4.3700,4.4000,4.3200,4.3700,4.3800,10436600,45532564.0000
2025-08-11,sz.300080,4.4200,4.4900,4.3800,4.4800,4.3700,17376000,77247724.0000
2025-08-12,sz.300080,4.4900,4.5100,4.3900,4.4300,4.4800,13720800,60617433.0000
2025-08-13,sz.300080,4.4300,4.4500,4.3800,4.4000,4.4300,12634432,55723833.1200
2025-08-14,sz.300080,4.4000,4.4300,4.2200,4.2300,4.4000,21149800,91036377.0000
2025-08-15,sz.300080,4.2100,4.3100,4.2000,4.3100,4.2300,18419800,78900078.0000
2025-08-18,sz.300080,4.3200,4.4300,4.3100,4.3900,4.3100,20375500,89291192.0000
2025-08-19,sz.300080,4.4100,4.4300,4.3400,4.4100,4.3900,18235371,80009075.3500
2025-08-20,sz.300080,4.4400,4.4800,4.3600,4.4800,4.4100,21555760,95229750.6200
2025-08-21,sz.300080,4.4700,4.5200,4.4200,4.4700,4.4800,16565694,73844811.2400
2025-08-22,sz.300080,4.4700,4.5200,4.4600,4.5100,4.4700,17484200,78499060.0000
2025-08-25,sz.300080,4.5400,4.5500,4.4200,4.4700,4.5100,23351458,104676113.5200
2025-08-26,sz.300080,4.4700,4.5200,4.3900,4.5000,4.4700,22778544,101637204.5000
2025-08-27,sz.300080,4.5000,4.5400,4.2700,4.2700,4.5000,24208800,106761418.0000
2025-08-28,sz.300080,4.2800,4.3300,4.0500,4.2300,4.2700,29351011,123481545.3200
2025-08-29,sz.300080,4.2200,4.2700,4.1500,4.2000,4.2300,18308500,77064416.3000
2025-09-01,sz.300080,4.1800,4.2600,4.1300,4.2400,4.2000,17495101,73609088.2200
2025-09-02,sz.300080,4.2300,4.4400,4.1900,4.2100,4.2400,32032621,136846205.0000
2025-09-03,sz.300080,4.2200,4.3100,4.1500,4.1800,4.2100,20639300,86828126.2000
2025-09-04,sz.300080,4.1700,4.4000,4.1700,4.2900,4.1800,41973024,180846604.7300
2025-09-05,sz.300080,4.2500,4.7700,4.2500,4.6800,4.2900,72508502,326105018.0600
2025-09-08,sz.300080,4.6800,4.7500,4.5800,4.6500,4.6800,66787904,311291537.4800
2025-09-09,sz.300080,4.6400,4.7500,4.5800,4.6000,4.6500,33404753,155250665.7700
2025-09-10,sz.300080,4.5800,4.6300,4.5200,4.5900,4.6000,25142481,114971365.7800
2025-09-11,sz.300080,4.5600,4.6000,4.4700,4.5900,4.5900,24609800,111846838.0000
2025-09-12,sz.300080,4.6000,4.6300,4.5200,4.5900,4.5900,20538400,93946433.0000
2025-09-15,sz.300080,4.6100,4.7300,4.5700,4.5900,4.5900,21737660,100435284.4000
2025-09-16,sz.300080,4.5900,4.6300,4.5100,4.5900,4.5900,16671753,76143680.6200
2025-09-17,sz.300080,4.5800,4.6600,4.5400,4.6200,4.5900,18505200,85076324.0000
2025-09-18,sz.300080,4.6200,4.6200,4.4000,4.4600,4.6200,25661904,115873640.7200
2025-09-19,sz.300080,4.4700,4.4800,4.3500,4.3600,4.4600,19305606,84942931.8200
2025-09-22,sz.300080,4.3400,4.3500,4.1600,4.2100,4.3600,23098456,97266727.6400
2025-09-23,sz.300080,4.1700,4.2300,3.9200,4.0000,4.2100,29362442,117978701.8000
2025-09-24,sz.300080,3.9700,4.1100,3.9100,4.1000,4.0000,24172776,97655570.0800
2025-09-25,sz.300080,4.0800,4.2100,4.0600,4.0800,4.1000,19297676,79665217.0800
2025-09-26,sz.300080,4.8100,4.9000,4.8000,4.9000,4.0800,32696300,159935562.0000
2025-09-29,sz.300080,5.2400,5.8800,5.2000,5.8800,4.9000,129227664,723632008.8200
2025-09-30,sz.300080,6.0100,6.2200,5.4000,5.4600,5.8800,220530680,1262683504.4100
2025-10-09,sz.300080,5.5200,5.5700,5.3000,5.5300,5.4600,141412088,763617473.2000
2025-10-10,sz.300080,5.4000,5.6400,5.1900,5.4700,5.5300,129744848,699273829.6700
2025-10-13,sz.300080,5.0000,5.2300,4.9600,5.1800,5.4700,81028389,416174452.7800
2025-10-14,sz.300080,5.2100,5.3800,4.9900,5.0700,5.1800,85536389,442705689.3900
2025-10-15,sz.300080,5.0300,5.2200,4.9800,5.1800,5.0700,69853981,358223151.3500
2025-10-16,sz.300080,5.1500,5.2200,5.0600,5.0900,5.1800,53682424,274117667.2200
2025-10-17,sz.300080,5.0900,5.2900,4.8700,4.8700,5.0900,54978802,274527981.9100
2025-10-20,sz.300080,4.9300,5.1600,4.9000,5.1400,4.8700,56384874,283738115.8400
2025-10-21,sz.300080,5.1000,6.1700,5.0300,5.8200,5.1400,181635236,1023140667.1600
2025-10-22,sz.300080,5.8000,5.9200,5.5000,5.5300,5.8200,123100785,687153823.0100
2025-10-23,sz.300080,5.5300,5.8500,5.4100,5.5400,5.5300,107587313,599344693.5600
2025-10-24,sz.300080,5.4800,5.5500,5.2600,5.3100,5.5400,90989140,486602140.3000
2025-10-27,sz.300080,5.3400,5.3600,5.1800,5.2500,5.3100,54198070,284548513.7700
2025-10-28,sz.300080,5.2200,5.2900,5.1800,5.2100,5.2500,40839710,213333057.4200
2025-10-29,sz.300080,5.1600,5.3100,5.1000,5.2900,5.2100,56189724,293220694.9500
2025-10-30,sz.300080,5.2300,5.3500,5.1900,5.1900,5.2900,43917989,230649094.8000
2025-10-31,sz.300080,5.2400,5.3900,5.2100,5.2700,5.1900,46993372,249598615.1500
2025-11-03,sz.300080,5.2700,5.3700,5.1900,5.3300,5.2700,39315267,207349999.7800
2025-11-04,sz.300080,5.3300,5.3600,5.2000,5.2500,5.3300,28565531,150531693.2500
2025-11-05,sz.300080,5.1500,5.4800,5.1100,5.4400,5.2500,58932303,316682038.5500
2025-11-06,sz.300080,5.4600,5.4900,5.3500,5.3800,5.4400,39562638,213531504.3400
2025-11-07,sz.300080,5.3400,5.5600,5.3400,5.4800,5.3800,53643688,292982425.7200
2025-11-10,sz.300080,5.5300,6.5800,5.4600,6.1200,5.4800,213697380,1316828099.3800
2025-11-11,sz.300080,6.0000,6.1300,5.9000,5.9700,6.1200,146731881,879196235.5200
2025-11-12,sz.300080,5.9600,5.9700,5.7100,5.8000,5.9700,89779557,520166106.7300
2025-11-13,sz.300080,5.8100,6.0500,5.7600,5.9800,5.8000,88290923,525658152.9000
2025-11-14,sz.300080,5.8600,6.1700,5.8100,6.0200,5.9800,95946310,578168507.7200
2025-11-17,sz.300080,6.0200,6.2200,5.9000,6.0000,6.0200,69639594,418944532.3000
2025-11-18,sz.300080,5.9900,5.9900,5.7000,5.7700,6.0000,62720758,363956675.5600
2025-11-19,sz.300080,5.7100,5.8200,5.6000,5.6900,5.7700,35228950,199721174.0500
2025-11-20,sz.300080,5.6900,5.7200,5.4700,5.5000,5.6900,32537811,181263343.2000
2025-11-21,sz.300080,5.4600,5.4600,5.0700,5.0800,5.5000,42741053,222972799.8600
2025-11-24,sz.300080,5.0900,5.1600,5.0000,5.0800,5.0800,27647200,140274552.0800
2025-11-25,sz.300080,5.1200,5.2500,5.0600,5.2400,5.0800,30028789,156020640.8800
2025-11-26,sz.300080,5.2200,5.2400,5.0800,5.0900,5.2400,26069740,134310151.4000
2025-11-27,sz.300080,5.0900,5.1900,5.0700,5.1000,5.0900,23382640,119750471.0000
2025-11-28,sz.300080,5.1600,5.2400,5.0800,5.1400,5.1000,23574300,121513886.0000
2025-12-01,sz.300080,5.1800,5.2500,5.1600,5.2400,5.1400,26150976,136121284.2400
2025-12-02,sz.300080,5.2000,5.2200,5.0600,5.1000,5.2400,22890796,116889132.7200
2025-12-03,sz.300080,5.1300,5.3400,5.0400,5.1000,5.1000,51443223,266624223.2900
2025-12-04,sz.300080,5.0900,5.1000,4.9200,4.9200,5.1000,37211479,185209260.8600
2025-12-05,sz.300080,4.9200,5.0500,4.8900,5.0400,4.9200,26439300,131969059.0000
2025-12-08,sz.300080,5.0800,5.1700,5.0300,5.0900,5.0400,22975001,117057317.1300
2025-12-09,sz.300080,5.0600,5.1100,5.0400,5.0600,5.0900,18410806,93339979.4200
2025-12-10,sz.300080,5.0500,5.0800,4.9700,5.0300,5.0600,18728359,93814786.4100
2025-12-11,sz.300080,5.0500,5.0500,4.9300,4.9400,5.0300,20788800,103763329.0000
2025-12-12,sz.300080,4.9600,5.0300,4.9400,5.0000,4.9400,21890400,108930190.0000
2025-12-15,sz.300080,4.9500,5.0700,4.9500,4.9900,5.0000,18419200,92495245.0000
2025-12-16,sz.300080,4.9600,5.0000,4.7800,4.8300,4.9900,24571300,119107786.0000
2025-12-17,sz.300080,4.8300,4.9000,4.7400,4.8800,4.8300,22302000,107378248.0000
2025-12-18,sz.300080,4.8600,4.8900,4.8200,4.8200,4.8800,15464268,75015808.3100
2025-12-19,sz.300080,4.8200,4.9100,4.8200,4.8800,4.8200,16157098,78935484.9900
2025-12-22,sz.300080,4.8800,4.9500,4.8600,4.9100,4.8800,14841200,72943174.0000
2025-12-23,sz.300080,4.9000,4.9400,4.8200,4.8600,4.9100,14738600,71761434.0000
2025-12-24,sz.300080,4.8700,4.9500,4.8400,4.9300,4.8600,14997000,73512992.0000
2025-12-25,sz.300080,4.9900,5.0500,4.9500,5.0100,4.9300,26114000,130633184.0000
2025-12-26,sz.300080,5.0200,5.1600,5.0100,5.1000,5.0100,27660182,140977595.9400
2025-12-29,sz.300080,5.0800,5.1200,5.0000,5.0300,5.1000,20283551,102252699.5100
2025-12-30,sz.300080,5.0000,5.0400,4.9000,4.9300,5.0300,18669512,92528741.0400
2025-12-31,sz.300080,4.9400,4.9800,4.8200,4.8600,4.9300,15230801,74170585.6300
