date,code,open,high,low,close,preclose,volume,amount
2019-01-02,sz.002812,49.0100,49.2400,48.0400,48.0800,49.4100,1026100,50034973.1200
2019-01-03,sz.002812,47.8400,48.3000,46.0200,46.2100,48.0800,1567522,73314736.6900
2019-01-04,sz.002812,45.4300,50.2900,44.0000,49.6900,46.2100,2248626,108783285.9500
2019-01-07,sz.002812,49.6900,50.8200,48.1500,49.2200,49.6900,2247841,109768471.8600
2019-01-08,sz.002812,49.2000,50.6500,48.8000,50.5500,49.2200,1809254,90147473.9700
2019-01-09,sz.002812,49.5000,49.7800,47.1000,48.0000,50.5500,3181736,153865136.8800
2019-01-10,sz.002812,47.9900,47.9900,46.5000,47.1300,48.0000,2088564,98272232.4800
2019-01-11,sz.002812,47.1300,47.5800,45.8100,46.3600,47.1300,1373779,63969241.4800
2019-01-14,sz.002812,46.5000,47.1800,45.3000,46.8400,46.3600,1667342,77087763.5600
2019-01-15,sz.002812,46.7400,46.7400,45.0100,45.9400,46.8400,2722802,124480356.7000
2019-01-16,sz.002812,45.8000,46.4500,45.2500,45.5500,45.9400,1174229,53763819.1800
2019-01-17,sz.002812,45.6000,47.1300,45.3000,46.8900,45.5500,1480506,69012189.4600
2019-01-18,sz.002812,46.9100,47.4700,45.9500,46.8200,46.8900,1160728,53983475.7200
2019-01-21,sz.002812,47.0800,48.5000,46.2900,47.3700,46.8200,1572334,74627041.2500
2019-01-22,sz.002812,47.3900,48.6800,47.0000,47.7100,47.3700,1253985,60175307.8500
2019-01-23,sz.002812,47.1200,49.6500,47.1200,49.3000,47.7100,1657297,80967072.4500
2019-01-24,sz.002812,49.0000,50.3500,48.8500,50.2300,49.3000,1124100,55937148.1500
2019-01-25,sz.002812,49.5500,51.5000,49.5300,50.0900,50.2300,1605125,81307913.1800
2019-01-28,sz.002812,50.1700,50.7900,48.0000,48.5500,50.0900,2378336,115998394.1400
2019-01-29,sz.002812,49.0000,49.1800,47.5600,48.6800,48.5500,1084708,52526510.4400
2019-01-30,sz.002812,48.4900,48.9800,46.3000,46.8000,48.6800,1920239,90737962.4600
2019-01-31,sz.002812,46.6000,47.9000,45.9500,46.3800,46.8000,1530415,71563252.4800
2019-02-01,sz.002812,46.5000,47.9500,46.4600,47.5900,46.3800,1410729,67066103.5000
2019-02-11,sz.002812,47.5900,49.5000,47.2200,49.2700,47.5900,2136091,103487996.4900
2019-02-12,sz.002812,49.7000,51.4300,48.9600,51.0400,49.2700,2167854,109883688.1400
2019-02-13,sz.002812,51.0000,53.6900,50.0300,53.1000,51.0400,2609464,137118885.8600
2019-02-14,sz.002812,53.1000,54.5000,52.3000,53.4400,53.1000,1960472,105538073.2100
2019-02-15,sz.002812,54.1000,54.1000,50.8900,51.0000,53.4400,3691110,190047430.5000
2019-02-18,sz.002812,51.5000,51.7900,48.9100,50.9600,51.0000,4679253,235707375.5500
2019-02-19,sz.002812,51.2900,51.4800,49.1800,49.7100,50.9600,4409360,219763896.2700
2019-02-20,sz.002812,49.7100,50.6900,48.7200,50.2200,49.7100,2913963,144951616.1100
2019-02-21,sz.002812,51.2000,52.5800,50.1500,51.2500,50.2200,3575042,183821897.3300
2019-02-22,sz.002812,51.5800,51.5800,50.0300,51.0000,51.2500,2119072,106910062.1800
2019-02-25,sz.002812,51.0100,56.0800,51.0100,54.6000,51.0000,6242417,339827980.3200
2019-02-26,sz.002812,54.4000,57.8600,54.0300,55.8400,54.6000,4269728,241607878.0500
2019-02-27,sz.002812,56.0000,58.0000,54.5000,54.9100,55.8400,3300881,185887889.1400
2019-02-28,sz.002812,56.0000,56.8400,55.1600,56.0000,54.9100,2014628,112809451.7900
2019-03-01,sz.002812,58.3000,59.5000,56.5100,59.0000,56.0000,3499813,204786919.9500
2019-03-04,sz.002812,59.0000,64.8900,58.7000,61.1000,59.0000,5101058,318464204.0100
2019-03-05,sz.002812,61.4700,63.3000,60.5100,61.0000,61.1000,2950284,181480276.6400
2019-03-06,sz.002812,60.8200,62.0100,59.8800,61.0000,61.0000,2458887,149492676.3000
2019-03-07,sz.002812,60.5000,63.5000,59.6600,62.1000,61.0000,2440613,149916185.6600
2019-03-08,sz.002812,60.5000,64.7000,59.3600,62.0500,62.1000,2414527,150970380.6100
2019-03-11,sz.002812,61.9000,67.0000,61.5900,66.2000,62.0500,3247129,212090878.1600
2019-03-12,sz.002812,66.2900,68.5800,63.0500,64.3300,66.2000,3078524,201384977.0800
2019-03-13,sz.002812,64.0000,65.6700,62.5000,62.8200,64.3300,2399209,152796639.3300
2019-03-14,sz.002812,63.2000,64.8800,62.1800,63.6800,62.8200,2166474,138523770.6600
2019-03-15,sz.002812,63.8100,65.2000,63.3000,65.1800,63.6800,2168640,139031235.1600
2019-03-18,sz.002812,65.1500,65.1500,61.5600,64.1000,65.1800,2389862,150833033.0500
2019-03-19,sz.002812,68.1000,70.0000,64.2000,64.6500,64.1000,3348950,222245196.3700
2019-03-20,sz.002812,63.8800,64.6400,61.4800,62.8800,64.6500,3001715,187592046.6400
2019-03-21,sz.002812,62.5000,63.4000,61.8500,62.2300,62.8800,1803587,112791702.9500
2019-03-22,sz.002812,63.0000,63.8500,62.1800,63.3000,62.2300,2128852,133900855.8200
2019-03-25,sz.002812,62.4100,65.1600,62.0100,63.1000,63.3000,1678727,107179367.7100
2019-03-26,sz.002812,63.1400,63.9800,61.1200,61.1600,63.1000,2049771,127392838.4900
2019-03-27,sz.002812,62.2000,62.9800,60.8000,61.3200,61.1600,2753330,169924605.4300
2019-03-28,sz.002812,61.8800,61.8800,58.4200,61.0900,61.3200,2816919,169570180.2000
2019-03-29,sz.002812,61.5600,61.5600,59.5500,60.8000,61.0900,2596224,156693003.6400
2019-04-01,sz.002812,61.2800,62.5800,61.0200,62.1700,60.8000,3527103,218412179.7000
2019-04-02,sz.002812,62.8000,62.8000,59.6300,60.2900,62.1700,3443665,207916835.2900
2019-04-03,sz.002812,60.2000,60.2000,55.6100,57.9000,60.2900,6222844,357561547.0800
2019-04-04,sz.002812,58.5000,59.1700,56.3200,56.5900,57.9000,4711357,270085722.5500
2019-04-08,sz.002812,56.8400,58.7000,56.8400,57.5800,56.5900,3365815,194181413.8700
2019-04-09,sz.002812,57.6200,57.7000,55.7600,56.4200,57.5800,2263986,127413895.6100
2019-04-10,sz.002812,56.4300,57.9900,55.9000,57.6000,56.4200,2603952,149115121.0800
2019-04-11,sz.002812,57.9900,58.2400,55.7000,56.0200,57.6000,1927383,108733019.3200
2019-04-12,sz.002812,55.9900,56.6000,55.1000,56.4100,56.0200,1793824,100353556.6500
2019-04-15,sz.002812,57.2000,57.5000,55.5000,55.5100,56.4100,1849791,103964010.3500
2019-04-16,sz.002812,55.3000,55.3000,53.8100,54.8400,55.5100,1964525,107034732.9000
2019-04-17,sz.002812,54.9900,58.9500,54.9900,58.5900,54.8400,4119507,238950511.5300
2019-04-18,sz.002812,58.1100,60.2700,57.9000,58.4900,58.5900,2553721,151020001.1500
2019-04-19,sz.002812,58.5000,59.0000,57.3800,58.1500,58.4900,1640934,95424897.3000
2019-04-22,sz.002812,58.0000,58.0000,56.2200,56.2300,58.1500,1411190,80129507.5900
2019-04-23,sz.002812,56.2300,56.9500,55.0000,55.3000,56.2300,1390266,77067829.8200
2019-04-24,sz.002812,55.5800,55.9900,54.5000,55.9000,55.3000,1222140,67476877.6200
2019-04-25,sz.002812,56.0800,56.2900,54.0600,54.1500,55.9000,1876300,102456804.8000
2019-04-26,sz.002812,54.5200,55.4800,53.6000,54.4000,54.1500,1465688,79904112.5800
2019-04-29,sz.002812,54.8000,55.7800,53.1000,55.3500,54.4000,1599840,87574539.8200
2019-04-30,sz.002812,55.4000,55.4200,53.5000,53.8400,55.3500,1237980,67138890.9000
2019-05-06,sz.002812,51.9900,52.0000,50.0500,51.5500,53.8400,1906549,97745970.1300
2019-05-07,sz.002812,52.1500,53.0000,50.6000,51.0100,51.5500,1255039,64781372.2400
2019-05-08,sz.002812,50.0800,51.6800,49.3000,50.0800,51.0100,1594367,80744301.8200
2019-05-09,sz.002812,49.5600,52.1000,49.5600,51.0800,50.0800,1520140,77909397.7800
2019-05-10,sz.002812,51.7500,53.8000,51.6000,53.0000,51.0800,2276482,120520731.9700
2019-05-13,sz.002812,52.7700,53.5500,51.8000,52.1400,53.0000,1543862,81094763.3500
2019-05-14,sz.002812,51.5000,53.1000,51.2100,52.8200,52.1400,1781020,93727124.9700
2019-05-15,sz.002812,53.2900,53.4400,52.3300,52.7700,52.8200,1446808,76351822.6200
2019-05-16,sz.002812,52.5200,52.5300,51.0000,51.7700,52.7700,1453084,75088012.9900
2019-05-17,sz.002812,52.2000,52.2400,49.8900,50.0600,51.7700,2122998,107185134.5500
2019-05-20,sz.002812,51.9800,55.0700,50.8300,55.0700,50.0600,3918908,210309116.1000
2019-05-21,sz.002812,56.8300,56.9300,54.1300,54.3300,55.0700,3201919,176545626.9500
2019-05-22,sz.002812,54.4000,55.6000,54.0000,55.4500,54.3300,1865951,102592389.1400
2019-05-23,sz.002812,54.8000,55.9700,54.1000,54.8000,55.4500,1232740,67719350.0000
2019-05-24,sz.002812,54.7900,55.4800,52.5800,53.7200,54.8000,1636765,87725280.4900
2019-05-27,sz.002812,52.9500,55.1000,52.8500,54.8200,53.7200,1807782,97670657.2700
2019-05-28,sz.002812,54.8100,56.6800,54.3000,56.6800,54.8200,2750384,154093105.5000
2019-05-29,sz.002812,56.3200,56.5000,55.1000,55.6000,56.6800,1776912,98831540.7100
2019-05-30,sz.002812,55.0700,55.3800,53.8100,54.4300,55.6000,1456779,79010266.9900
2019-05-31,sz.002812,54.5600,54.5600,53.8500,54.0200,54.4300,937096,50709815.7700
2019-06-03,sz.002812,54.2000,55.1800,53.5600,54.9900,54.0200,1377180,75113128.5500
2019-06-04,sz.002812,54.9100,55.0200,52.7800,52.8100,54.9900,1478620,79019757.0100
2019-06-05,sz.002812,52.8900,53.6900,51.8800,52.3500,52.8100,1335444,69960743.7400
2019-06-06,sz.002812,52.3500,53.7500,52.0000,52.9400,52.3500,1466123,77876256.8400
2019-06-10,sz.002812,54.0800,54.9800,53.7600,54.0000,52.9400,1107004,59874850.1300
2019-06-11,sz.002812,54.5000,55.5000,53.5600,55.3100,54.0000,1608683,88351552.8300
2019-06-12,sz.002812,55.6800,55.7100,54.3000,54.4900,55.3100,1130906,61850301.0100
2019-06-13,sz.002812,54.8900,54.8900,52.8000,53.4000,54.4900,2123785,113343475.2500
2019-06-14,sz.002812,53.4000,53.5600,51.6300,51.6300,53.4000,2357598,123923513.5800
2019-06-17,sz.002812,51.3500,52.5000,51.2800,51.8000,51.6300,932320,48450126.0700
2019-06-18,sz.002812,52.2000,52.3400,50.1000,50.8700,51.8000,1583081,80778401.3900
2019-06-19,sz.002812,51.3500,53.3800,50.7100,51.1500,50.8700,2489599,128073839.6500
2019-06-20,sz.002812,50.3000,50.6600,46.4600,48.1000,51.1500,5374328,259166358.1700
2019-06-21,sz.002812,48.1900,48.5000,46.9800,47.4700,48.1000,5333372,253745982.4700
2019-06-24,sz.002812,47.5000,47.9800,47.1000,47.5700,47.4700,2504416,119154042.4500
2019-06-25,sz.002812,47.6500,47.6500,45.6300,46.3000,47.5700,3134350,145279773.1700
2019-06-26,sz.002812,46.0800,47.5900,46.0100,47.2200,46.3000,2506037,117741499.5200
2019-06-27,sz.002812,47.1300,47.8500,47.0000,47.6800,47.2200,2159331,102634387.8800
2019-06-28,sz.002812,47.6800,47.8000,46.6800,46.7500,47.6800,1101234,51731847.5600
2019-07-01,sz.002812,47.6000,48.4900,47.2100,48.2100,46.7500,2074310,99528299.0300
2019-07-02,sz.002812,48.2000,50.8000,47.8600,50.5700,48.2100,3841721,192183903.6600
2019-07-03,sz.002812,51.1100,51.7500,49.0300,50.5000,50.5700,2829037,142014474.1600
2019-07-04,sz.002812,50.4900,50.8000,49.6000,49.9200,50.5000,1418212,71099168.4600
2019-07-05,sz.002812,49.8100,52.9000,49.8100,52.1600,49.9200,2971840,152814043.0600
2019-07-08,sz.002812,51.8000,52.7500,50.7500,51.1000,52.1600,2357905,121678452.0900
2019-07-09,sz.002812,29.3200,30.8200,29.3200,30.6900,29.8400,2771651,83923481.6600
2019-07-10,sz.002812,30.6600,31.7800,30.1300,30.4800,30.6900,3644054,113212469.7400
2019-07-11,sz.002812,30.6100,31.5100,30.4100,30.8200,30.4800,2798314,86583187.2300
2019-07-12,sz.002812,30.6900,31.8800,30.4000,31.8300,30.8200,4128578,130240490.1500
2019-07-15,sz.002812,32.0000,32.3800,31.1100,31.8100,31.8300,2863424,91085181.5100
2019-07-16,sz.002812,31.6200,32.3000,31.4500,31.8700,31.8100,1963257,62479744.0700
2019-07-17,sz.002812,31.8200,31.8200,30.9600,31.2500,31.8700,2422620,75848881.9000
2019-07-18,sz.002812,31.4500,31.4900,30.7600,30.8700,31.2500,2248500,69958748.4300
2019-07-19,sz.002812,31.1800,31.3600,30.5300,30.6000,30.8700,1495089,46180017.6200
2019-07-22,sz.002812,30.9500,31.1500,29.7700,30.3400,30.6000,3125278,95159063.9400
2019-07-23,sz.002812,30.6300,31.9800,30.0000,31.5500,30.3400,5525532,172092134.1800
2019-07-24,sz.002812,31.5500,32.5500,31.3000,31.5500,31.5500,4147663,131809787.7900
2019-07-25,sz.002812,31.3900,32.8900,31.3900,32.7200,31.5500,5081879,165497104.2800
2019-07-26,sz.002812,32.3000,33.4400,32.2000,33.2900,32.7200,4490532,148484715.0200
2019-07-29,sz.002812,33.3900,34.6600,33.2300,33.4800,33.2900,3193148,107480157.5300
2019-07-30,sz.002812,33.7700,34.1000,33.0300,33.7400,33.4800,3165980,106948395.7100
2019-07-31,sz.002812,33.7100,34.3000,33.2000,33.6300,33.7400,2413998,81155368.0600
2019-08-01,sz.002812,33.7700,33.9600,33.3000,33.9500,33.6300,2883708,97390728.6100
2019-08-02,sz.002812,33.0100,33.4000,32.1300,32.9300,33.9500,5576437,183037178.8100
2019-08-05,sz.002812,33.4600,34.9300,32.9900,33.0900,32.9300,6338379,212817237.5600
2019-08-06,sz.002812,31.5500,33.9300,31.5100,32.9800,33.0900,5056823,165116493.5700
2019-08-07,sz.002812,33.1000,33.6800,31.2700,31.7000,32.9800,3677020,118296717.6500
2019-08-08,sz.002812,31.6500,32.6800,31.4900,31.9800,31.7000,3240822,104171322.8800
2019-08-09,sz.002812,31.9900,32.3500,30.6600,30.9700,31.9800,3057811,95571657.0200
2019-08-12,sz.002812,31.0000,31.5500,30.0000,31.5100,30.9700,2674871,82708859.0200
2019-08-13,sz.002812,31.4900,31.4900,30.1800,30.3100,31.5100,2977953,91043739.0500
2019-08-14,sz.002812,30.7300,31.4900,30.5100,30.8800,30.3100,2512840,77993873.6300
2019-08-15,sz.002812,30.2000,30.9400,30.0100,30.7100,30.8800,2060800,63035108.7000
2019-08-16,sz.002812,30.4200,30.9100,29.8100,30.0900,30.7100,3476619,104815494.5100
2019-08-19,sz.002812,30.1100,32.3200,30.0900,32.2800,30.0900,6685569,211805916.1300
2019-08-20,sz.002812,32.3000,33.1900,32.0600,32.7700,32.2800,4814940,157375759.1100
2019-08-21,sz.002812,32.6300,33.1500,32.4000,32.8800,32.7700,2933940,96152574.7400
2019-08-22,sz.002812,33.4800,34.1700,32.4500,32.6500,32.8800,5815897,192432651.2000
2019-08-23,sz.002812,32.9000,32.9000,32.2000,32.6000,32.6500,3355094,109055035.3500
2019-08-26,sz.002812,31.9900,31.9900,31.1500,31.3900,32.6000,5953160,187477474.8900
2019-08-27,sz.002812,31.5000,31.9400,31.3400,31.4900,31.3900,4161735,131307718.5500
2019-08-28,sz.002812,31.1600,31.5300,31.0100,31.0800,31.4900,3438745,107317556.5600
2019-08-29,sz.002812,31.0800,31.0800,30.2800,30.4400,31.0800,5430792,165865844.5700
2019-08-30,sz.002812,30.5200,31.2000,29.8500,29.9500,30.4400,5504585,166646122.0700
2019-09-02,sz.002812,29.7900,30.6600,29.7000,30.3800,29.9500,3194912,96888731.4600
2019-09-03,sz.002812,30.4000,30.9000,30.1000,30.4500,30.3800,4563205,139045730.5500
2019-09-04,sz.002812,30.4500,30.4500,29.8600,30.3900,30.4500,5480526,164879053.0500
2019-09-05,sz.002812,30.6600,31.0000,30.2800,30.8000,30.3900,6347104,194876869.8000
2019-09-06,sz.002812,30.9000,31.1000,30.2000,30.2700,30.8000,5132848,156156419.4000
2019-09-09,sz.002812,30.2800,31.7300,29.6600,31.7300,30.2700,14205548,436451890.3400
2019-09-10,sz.002812,31.6000,32.5300,31.5000,31.9000,31.7300,9618267,306928578.9500
2019-09-11,sz.002812,32.1300,32.7300,31.6200,31.8600,31.9000,7729408,249648988.4500
2019-09-12,sz.002812,31.9000,32.1100,31.3100,31.7600,31.8600,3936484,124662690.2200
2019-09-16,sz.002812,31.6900,33.0500,31.4400,32.2900,31.7600,8170219,263762240.4600
2019-09-17,sz.002812,32.2800,32.6200,31.3300,31.5700,32.2900,7008560,223447473.8200
2019-09-18,sz.002812,31.5700,31.8000,31.3200,31.4400,31.5700,3096159,97634074.9400
2019-09-19,sz.002812,31.1100,31.4400,30.6500,30.9700,31.4400,4370130,135186301.6700
2019-09-20,sz.002812,30.8100,32.6000,30.6000,32.1200,30.9700,8233195,261344061.3200
2019-09-23,sz.002812,32.4000,32.4000,31.1000,31.8300,32.1200,6239347,197390919.6500
2019-09-24,sz.002812,32.0000,33.3300,31.7100,33.0200,31.8300,12387142,406219676.0900
2019-09-25,sz.002812,32.9800,33.6200,32.5500,33.1300,33.0200,9151581,303907082.0200
2019-09-26,sz.002812,33.6000,33.6300,32.4600,32.8200,33.1300,8186914,270219381.1000
2019-09-27,sz.002812,32.6900,33.3000,32.3300,32.6500,32.8200,5173792,169892202.6300
2019-09-30,sz.002812,32.6500,33.6400,32.1500,33.3500,32.6500,7595087,251524086.4600
2019-10-08,sz.002812,33.3600,34.7300,32.9000,33.6700,33.3500,9875210,335068807.1500
2019-10-09,sz.002812,33.9000,35.9800,32.7000,35.0400,33.6700,13508438,462586502.7400
2019-10-10,sz.002812,34.6000,35.4000,34.1500,34.9900,35.0400,10579558,368941153.4300
2019-10-11,sz.002812,34.9000,35.3000,34.3000,34.3000,34.9900,8386077,290952943.1600
2019-10-14,sz.002812,34.5800,34.8800,33.8600,34.5800,34.3000,8422968,288333202.1000
2019-10-15,sz.002812,34.4800,34.5100,33.2000,33.2800,34.5800,5851758,196832626.0600
2019-10-16,sz.002812,33.2800,33.7000,32.9500,33.0100,33.2800,4020991,133853610.5800
2019-10-17,sz.002812,33.1100,33.5800,33.0000,33.0600,33.0100,3720021,123654917.7800
2019-10-18,sz.002812,33.2500,33.6500,32.9800,32.9900,33.0600,4411330,146835142.9500
2019-10-21,sz.002812,32.5000,32.9000,31.6800,32.0000,32.9900,4834888,155583694.6500
2019-10-22,sz.002812,32.5800,32.5800,31.7400,32.0600,32.0000,3403295,109337792.4400
2019-10-23,sz.002812,32.1900,32.6800,31.5300,31.6000,32.0600,4967370,159193727.2100
2019-10-24,sz.002812,32.1000,32.6800,31.8300,32.3900,31.6000,5303438,171484913.4500
2019-10-25,sz.002812,32.1500,32.5900,32.0800,32.2100,32.3900,3597493,116109701.5800
2019-10-28,sz.002812,32.2100,33.1700,32.1500,32.9000,32.2100,6019254,197683752.7900
2019-10-29,sz.002812,32.9500,33.9600,32.6900,33.4000,32.9000,6384491,213687711.2100
2019-10-30,sz.002812,33.2300,34.1700,33.2200,33.9000,33.4000,5880722,199392483.3000
2019-10-31,sz.002812,33.7300,34.1800,33.3500,33.8800,33.9000,3906036,132099376.3400
2019-11-01,sz.002812,33.6500,34.1800,33.5700,33.7200,33.8800,4890535,165525654.5800
2019-11-04,sz.002812,33.9300,34.3500,33.7000,33.9900,33.7200,3966667,135203530.0200
2019-11-05,sz.002812,34.0100,35.5500,33.6000,35.2000,33.9900,13851223,484375593.9900
2019-11-06,sz.002812,35.5000,38.7200,35.4500,37.4800,35.2000,29298079,1109992222.9900
2019-11-07,sz.002812,37.4600,38.2000,36.8600,37.4500,37.4800,13856496,519994932.4100
2019-11-08,sz.002812,37.5000,37.6800,36.3600,36.9100,37.4500,12095605,445920143.4600
2019-11-11,sz.002812,36.6000,36.7000,35.6200,36.1000,36.9100,5988964,216413069.4700
2019-11-12,sz.002812,36.1000,36.6600,35.5500,35.7200,36.1000,5208916,186780580.3400
2019-11-13,sz.002812,35.8700,36.1000,35.1200,35.5600,35.7200,6226480,221309517.5500
2019-11-14,sz.002812,35.0300,36.5000,35.0300,36.2000,35.5600,8660435,311369688.3700
2019-11-15,sz.002812,36.0700,36.0900,35.1500,35.1500,36.2000,5601824,199471054.8600
2019-11-18,sz.002812,35.2500,36.7900,35.0000,36.7600,35.1500,6699305,242640832.1600
2019-11-19,sz.002812,36.7600,39.2800,36.7600,38.9400,36.7600,11341252,434016139.8700
2019-11-20,sz.002812,39.3000,39.7700,38.6600,39.0100,38.9400,8569008,335679040.3300
2019-11-21,sz.002812,39.1900,39.9900,39.0100,39.5000,39.0100,9656639,381688869.8100
2019-11-22,sz.002812,40.5900,42.1700,38.8000,39.2000,39.5000,11950578,481854647.4200
2019-11-25,sz.002812,40.2000,41.4700,39.0000,40.4300,39.2000,13139818,530312175.8300
2019-11-26,sz.002812,40.1500,41.8800,39.5500,40.0500,40.4300,13460447,547887709.5100
2019-11-27,sz.002812,40.9000,42.1600,40.4500,41.4100,40.0500,10598016,439562886.6000
2019-11-28,sz.002812,41.5000,42.3300,41.0100,41.7000,41.4100,8040956,335748774.8200
2019-11-29,sz.002812,41.9400,41.9500,40.1000,41.3000,41.7000,7879906,322674801.9200
2019-12-02,sz.002812,40.9600,41.7000,40.1400,40.4100,41.3000,9685427,393875886.1400
2019-12-03,sz.002812,40.5200,40.5200,39.5600,40.0800,40.4100,7167743,286793268.0300
2019-12-04,sz.002812,40.0800,41.1500,39.8000,40.4200,40.0800,7957160,321380074.7800
2019-12-05,sz.002812,40.4900,44.0800,40.3100,43.7500,40.4200,12048923,510722087.4600
2019-12-06,sz.002812,43.7500,44.1200,42.9500,43.7500,43.7500,6697075,291669753.5100
2019-12-09,sz.002812,44.1200,44.6600,42.5200,42.9000,43.7500,8006472,345004188.2100
2019-12-10,sz.002812,42.8500,43.3500,42.1900,42.8600,42.9000,7564227,323567934.8300
2019-12-11,sz.002812,42.9800,43.8400,42.1500,43.1800,42.8600,8674916,372805280.2100
2019-12-12,sz.002812,42.8400,43.9700,42.7900,42.9200,43.1800,5336821,230683855.2300
2019-12-13,sz.002812,43.0300,45.7000,43.0300,44.7000,42.9200,13216517,590579537.6300
2019-12-16,sz.002812,45.2500,45.4900,44.4600,45.2200,44.7000,7980038,358854071.8700
2019-12-17,sz.002812,45.5000,47.6000,45.5000,46.8900,45.2200,9777748,457907603.2400
2019-12-18,sz.002812,46.2100,46.7600,45.7900,45.9000,46.8900,7430983,342288279.4000
2019-12-19,sz.002812,46.1800,46.5100,45.5000,46.4100,45.9000,4368335,201183131.7300
2019-12-20,sz.002812,46.8900,47.9300,46.1600,46.6000,46.4100,4775795,223255466.9400
2019-12-23,sz.002812,46.7400,48.6000,45.6100,45.9200,46.6000,8758455,411633999.7000
2019-12-24,sz.002812,46.4700,48.1000,46.0100,48.1000,45.9200,12951368,611826867.6800
2019-12-25,sz.002812,48.0100,50.1900,47.6400,50.0300,48.1000,12663527,625351565.2300
2019-12-26,sz.002812,50.0600,50.5800,49.4100,49.7000,50.0300,7019762,350595076.0800
2019-12-27,sz.002812,50.0000,51.3800,49.5200,50.0000,49.7000,7697904,388069235.2100
2019-12-30,sz.002812,50.2000,51.8800,49.5200,51.6800,50.0000,8845936,451759111.3700
2019-12-31,sz.002812,51.5800,52.0100,48.9900,50.5000,51.6800,11453522,576508323.0200
2020-01-02,sz.002812,50.5000,51.4500,49.5500,50.9500,50.5000,7902809,400563101.0400
2020-01-03,sz.002812,50.8400,53.8800,50.1100,53.8800,50.9500,9706831,511194052.6800
2020-01-06,sz.002812,55.1200,58.8800,55.1200,56.5300,53.8800,15652109,888578686.9500
2020-01-07,sz.002812,57.4900,57.7900,55.9900,56.8300,56.5300,8364574,474544048.3800
2020-01-08,sz.002812,56.9600,58.1500,55.4100,55.4100,56.8300,10989446,620674388.2600
2020-01-09,sz.002812,56.4900,56.6500,54.9000,55.7800,55.4100,9794029,546591806.0100
2020-01-10,sz.002812,55.3100,56.9000,54.7800,56.3200,55.7800,9754904,545977985.1100
2020-01-13,sz.002812,57.5000,58.9500,55.7000,57.1000,56.3200,13434985,768163554.5600
2020-01-14,sz.002812,56.0300,57.5000,55.1000,55.4300,57.1000,17620335,985195693.3000
2020-01-15,sz.002812,55.0000,55.8500,54.5000,55.1600,55.4300,9200778,507797610.9000
2020-01-16,sz.002812,55.3500,56.7600,54.6700,55.6600,55.1600,7834304,436126296.8700
2020-01-17,sz.002812,55.6600,56.4300,54.6500,55.5000,55.6600,6818068,377345847.5200
2020-01-20,sz.002812,55.2300,58.1800,54.6200,57.2200,55.5000,11859147,673703247.2300
2020-01-21,sz.002812,57.2200,59.0000,56.0100,58.1700,57.2200,9774787,564159375.9000
2020-01-22,sz.002812,58.0500,62.4900,57.2000,61.7800,58.1700,16920931,1019027218.8200
2020-01-23,sz.002812,60.5000,62.8000,55.9100,59.1000,61.7800,13548789,805987756.8400
2020-02-03,sz.002812,54.5500,59.8500,54.5000,55.6000,59.1000,15965701,909822443.8100
2020-02-04,sz.002812,58.7200,61.1600,58.2000,61.1600,55.6000,13251724,801481653.2700
2020-02-05,sz.002812,63.0000,67.2800,62.7600,64.6900,61.1600,19143866,1247073932.0400
2020-02-06,sz.002812,61.0600,67.9200,61.0600,67.8800,64.6900,15017402,970210283.2400
2020-02-07,sz.002812,67.4200,67.5000,63.4400,63.9600,67.8800,19292643,1248877170.0000
2020-02-10,sz.002812,63.1600,66.9400,63.0600,65.9900,63.9600,13349252,869760700.6800
2020-02-11,sz.002812,65.9800,67.4000,63.5000,65.9200,65.9900,11682917,770421992.9100
2020-02-12,sz.002812,64.0000,69.2300,63.7500,66.8100,65.9200,15209781,1022677390.7800
2020-02-13,sz.002812,66.6500,67.2900,64.5000,64.5000,66.8100,15913101,1041802417.5500
2020-02-14,sz.002812,64.5900,65.4900,61.3000,62.1800,64.5000,20378630,1281413189.5500
2020-02-17,sz.002812,62.2300,64.4100,62.2300,63.8800,62.1800,10118837,641344974.2700
2020-02-18,sz.002812,64.5000,65.6500,63.4600,65.0900,63.8800,9180626,594083306.5100
2020-02-19,sz.002812,67.1000,67.1000,62.1100,62.1300,65.0900,14503406,920509077.0700
2020-02-20,sz.002812,61.8800,64.3800,61.8800,62.9700,62.1300,10611162,667993648.9700
2020-02-21,sz.002812,62.3000,65.4500,62.2100,64.8200,62.9700,14172296,909063519.5100
2020-02-24,sz.002812,64.1300,64.8800,61.5700,63.4800,64.8200,18618937,1171927062.1500
2020-02-25,sz.002812,61.6500,67.5000,61.6500,67.1500,63.4800,18776071,1225668377.5900
2020-02-26,sz.002812,66.7900,67.1500,61.3100,61.4000,67.1500,19854618,1257395478.8900
2020-02-27,sz.002812,61.6000,62.9600,59.9200,61.5000,61.4000,12118139,745141152.9300
2020-02-28,sz.002812,57.3000,60.9000,56.5600,58.3400,61.5000,20305669,1187835220.8400
2020-03-02,sz.002812,59.1800,59.8600,56.4100,57.9800,58.3400,13441285,778774564.7900
2020-03-03,sz.002812,59.8100,61.7800,59.4900,59.9000,57.9800,12674317,768652336.8000
2020-03-04,sz.002812,58.7500,59.8500,56.6000,57.6200,59.9000,14468641,836276932.1800
2020-03-05,sz.002812,58.4400,59.0100,57.7500,58.6500,57.6200,9165320,535169329.6300
2020-03-06,sz.002812,58.6500,59.4500,57.5000,58.2000,58.6500,6364786,372171134.4500
2020-03-09,sz.002812,55.7300,57.8700,54.0000,54.5500,58.2000,12193840,676318497.1300
2020-03-10,sz.002812,54.0000,57.2000,53.9900,56.8000,54.5500,9805381,545678273.0200
2020-03-11,sz.002812,57.7900,58.1000,55.2200,55.4000,56.8000,9225054,520895554.0200
2020-03-12,sz.002812,54.0100,55.3800,53.3300,53.9600,55.4000,9633180,521931051.5100
2020-03-13,sz.002812,50.6300,55.0000,50.3900,53.8000,53.9600,10438953,548935855.2200
2020-03-16,sz.002812,53.7800,53.7800,48.8000,49.3000,53.8000,11736264,594879194.0800
2020-03-17,sz.002812,50.1600,50.8200,47.5300,49.2800,49.3000,11983123,587589369.2500
2020-03-18,sz.002812,50.0000,51.5000,48.3000,48.9900,49.2800,11112059,556521406.0900
2020-03-19,sz.002812,49.2100,50.1000,47.3000,48.3100,48.9900,9401201,455609769.4900
2020-03-20,sz.002812,49.9800,50.4800,46.8800,47.7400,48.3100,10988473,529427551.9600
2020-03-23,sz.002812,45.2700,46.2500,42.9700,43.2200,47.7400,14438852,640065671.8900
2020-03-24,sz.002812,44.0000,44.5100,41.5500,43.1200,43.2200,15016953,645369829.5800
2020-03-25,sz.002812,44.3500,46.8700,44.3200,45.8600,43.1200,13288878,608984573.3100
2020-03-26,sz.002812,46.2500,46.3200,44.4200,45.0000,45.8600,8599349,387518875.8000
2020-03-27,sz.002812,46.5000,47.1000,44.2100,44.4400,45.0000,10381311,471274532.3500
2020-03-30,sz.002812,43.0700,43.9800,41.8000,42.9000,44.4400,9918948,424345295.7700
2020-03-31,sz.002812,43.7400,44.1800,42.0100,42.5000,42.9000,8799937,378857964.9200
2020-04-01,sz.002812,43.5300,46.5300,43.4000,45.1100,42.5000,16204245,733500332.9700
2020-04-02,sz.002812,45.1500,48.1900,45.1500,48.1100,45.1100,15049525,707593874.7200
2020-04-03,sz.002812,48.8200,49.0700,47.7100,48.4600,48.1100,12104380,587215637.8500
2020-04-07,sz.002812,49.9000,51.1000,49.0000,50.2400,48.4600,13855672,693529131.4300
2020-04-08,sz.002812,50.0600,51.2100,48.6000,49.0000,50.2400,11154025,552797361.9100
2020-04-09,sz.002812,49.6900,49.7300,47.6000,49.0000,49.0000,8977416,435257327.6000
2020-04-10,sz.002812,49.0400,49.7600,47.6000,48.0100,49.0000,5805957,280697249.3700
2020-04-13,sz.002812,46.9100,46.9900,44.8000,45.6500,48.0100,9467301,433397343.1800
2020-04-14,sz.002812,46.8800,49.3800,46.5900,49.0300,45.6500,11973293,577505214.5300
2020-04-15,sz.002812,49.7700,50.7900,48.8000,49.5000,49.0300,11153758,556300212.8800
2020-04-16,sz.002812,48.9000,50.9700,48.6500,50.7200,49.5000,7331088,367495996.7200
2020-04-17,sz.002812,51.4500,52.6500,50.9500,51.4300,50.7200,10901291,564359620.1100
2020-04-20,sz.002812,51.5000,52.2100,50.7000,51.8200,51.4300,6090441,313399762.6200
2020-04-21,sz.002812,51.1000,51.4900,49.8300,50.9900,51.8200,6952561,352288029.1900
2020-04-22,sz.002812,50.2000,51.9800,49.7900,51.6300,50.9900,5248707,269215460.0100
2020-04-23,sz.002812,51.6000,52.5800,50.5200,51.0000,51.6300,5761984,296269028.9200
2020-04-24,sz.002812,51.8000,52.6200,50.3300,51.0300,51.0000,6585890,339042916.9000
2020-04-27,sz.002812,50.6000,52.2200,50.0800,51.0300,51.0300,4715841,242043046.4500
2020-04-28,sz.002812,50.8600,52.4900,50.0500,51.0000,51.0300,6456540,330081126.6200
2020-04-29,sz.002812,50.5100,51.8300,50.0900,50.5800,51.0000,4270833,216352636.6500
2020-04-30,sz.002812,51.8000,55.5900,51.8000,54.8100,50.5800,10549433,574211529.1100
2020-05-06,sz.002812,54.4000,55.9800,53.5600,55.5400,54.8100,9497005,520431763.1100
2020-05-07,sz.002812,55.6800,56.1800,54.5000,54.5100,55.5400,7251539,399288278.6700
2020-05-08,sz.002812,55.0600,56.1500,54.5000,55.6000,54.5100,8504135,471344539.3900
2020-05-11,sz.002812,55.3900,56.2000,54.7100,55.2000,55.6000,7265941,402186187.9800
2020-05-12,sz.002812,55.3300,56.2800,54.7300,55.9800,55.2000,5335065,297422287.6000
2020-05-13,sz.002812,55.2000,56.3200,55.0100,55.2400,55.9800,4676850,259240243.2800
2020-05-14,sz.002812,55.2500,55.2500,53.6600,53.8000,55.2400,5824267,315621974.0300
2020-05-15,sz.002812,54.6100,55.4100,52.4100,53.2900,53.8000,7818805,417464384.3900
2020-05-18,sz.002812,53.4000,54.1700,52.5500,52.7700,53.2900,4757320,253752474.7600
2020-05-19,sz.002812,53.9000,55.9800,53.2000,53.9000,52.7700,8537092,464614624.0900
2020-05-20,sz.002812,56.9900,59.2900,56.3300,56.9700,53.9000,18870405,1102653465.6100
2020-05-21,sz.002812,57.6600,58.9900,56.5500,57.9000,56.8500,11833891,686393262.5600
2020-05-22,sz.002812,57.8500,57.8500,55.7600,55.9700,57.9000,8047944,455945329.9600
2020-05-25,sz.002812,56.2800,57.1900,55.0000,56.0000,55.9700,4826736,269808159.3700
2020-05-26,sz.002812,57.0100,59.1100,56.5600,58.6900,56.0000,6736514,391950717.5300
2020-05-27,sz.002812,60.6000,61.3500,59.3100,59.7200,58.6900,8072778,485326661.5700
2020-05-28,sz.002812,60.1400,60.1400,57.6700,59.0800,59.7200,7148143,419881230.3200
2020-05-29,sz.002812,60.3300,60.3300,58.4900,59.3000,59.0800,4606777,272677715.9000
2020-06-01,sz.002812,60.0000,61.3300,59.1200,60.1000,59.3000,7362222,444058457.0100
2020-06-02,sz.002812,60.9800,62.1800,59.6100,59.7400,60.1000,8980178,543578430.5900
2020-06-03,sz.002812,59.9800,61.5800,58.9800,61.1300,59.7400,6175817,374085948.1400
2020-06-04,sz.002812,61.2000,65.3500,61.2000,63.8500,61.1300,10388926,665743455.3400
2020-06-05,sz.002812,63.8500,64.4400,62.9400,64.0600,63.8500,3968335,252595663.5700
2020-06-08,sz.002812,64.4900,65.3700,63.2000,63.4500,64.0600,3889273,249133414.0100
2020-06-09,sz.002812,64.4000,65.9200,64.2100,64.8200,63.4500,4287615,278485344.4600
2020-06-10,sz.002812,65.5000,65.5000,64.0400,64.4600,64.8200,4475816,288774177.4000
2020-06-11,sz.002812,65.5800,66.1900,62.4100,63.0000,64.4600,10667949,681858999.6500
2020-06-12,sz.002812,60.6300,62.0900,60.1500,61.9000,63.0000,11433841,697179679.9000
2020-06-15,sz.002812,60.9100,61.4000,59.1100,59.3700,61.9000,11866732,714485295.1500
2020-06-16,sz.002812,60.8000,61.4000,60.6300,60.8500,59.3700,5027293,306575732.0800
2020-06-17,sz.002812,60.8600,61.3500,59.2200,59.4500,60.8500,4776779,285598694.2300
2020-06-18,sz.002812,59.4900,61.5000,58.6700,60.5200,59.4500,6750138,406241162.8900
2020-06-19,sz.002812,60.8600,63.6600,60.6100,63.5500,60.5200,9088470,573072443.8200
2020-06-22,sz.002812,63.5200,65.1000,63.5200,63.8600,63.5500,5577589,358606641.4500
2020-06-23,sz.002812,64.0000,65.9600,63.2800,65.9600,63.8600,7619774,496654989.5100
2020-06-24,sz.002812,66.5000,66.5000,65.3000,66.4600,65.9600,4990047,329951350.6800
2020-06-29,sz.002812,65.1400,66.2800,64.8600,65.8700,66.4600,3375238,220647300.5600
2020-06-30,sz.002812,66.0100,66.8700,65.5100,65.8000,65.8700,4987969,330910574.5500
2020-07-01,sz.002812,67.4500,68.8500,66.1400,67.5800,65.8000,5986522,405281781.7100
2020-07-02,sz.002812,67.5000,68.6000,66.5300,68.2500,67.5800,5442366,369173610.0500
2020-07-03,sz.002812,68.5300,69.1800,67.6900,68.9500,68.2500,5477611,376534369.9700
2020-07-06,sz.002812,68.9000,70.7900,68.5000,70.5000,68.9500,8170830,574848477.9600
2020-07-07,sz.002812,71.4000,77.5500,71.3900,76.5900,70.5000,13750810,1033931951.0800
2020-07-08,sz.002812,76.8700,77.5300,73.9800,76.0000,76.5900,6414428,486836056.8600
2020-07-09,sz.002812,75.0900,76.9100,74.8800,75.8800,76.0000,6887342,521133979.8600
2020-07-10,sz.002812,75.5000,76.6400,73.9500,74.1000,75.8800,6374821,478776694.4100
2020-07-13,sz.002812,75.5200,78.4600,74.8200,76.5000,74.1000,7990929,610930136.3300
2020-07-14,sz.002812,75.7000,78.6000,74.9100,76.8200,76.5000,8063928,615406758.3700
2020-07-15,sz.002812,76.9400,80.2700,75.4900,78.1000,76.8200,8645770,678017881.6300
2020-07-16,sz.002812,79.5000,84.1000,71.0000,72.2300,78.1000,11494485,904142746.4700
2020-07-17,sz.002812,73.4300,76.9800,72.2500,75.0100,72.2300,9747902,727667137.5400
2020-07-20,sz.002812,79.0200,79.3900,72.3100,73.9000,75.0100,10517185,781688308.5900
2020-07-21,sz.002812,75.3700,77.4900,74.0800,76.1900,73.9000,7273865,552889757.4400
2020-07-22,sz.002812,76.0400,79.0000,74.9700,76.5800,76.1900,5575988,426896542.5000
2020-07-23,sz.002812,75.5000,77.3800,74.3200,77.3000,76.5800,7493300,569514150.6500
2020-07-24,sz.002812,76.5000,76.8700,69.5700,69.5700,77.3000,15177176,1088750818.1600
2020-07-27,sz.002812,68.5100,68.7000,65.6200,66.8000,69.5700,13298264,888928325.3200
2020-07-28,sz.002812,68.1500,71.8700,68.1500,69.5800,66.8000,9469520,660767820.3400
2020-07-29,sz.002812,69.8800,71.3600,68.7800,71.1500,69.5800,5149929,363010009.5200
2020-07-30,sz.002812,71.4000,74.6600,70.3300,73.9900,71.1500,8921914,655471957.5500
2020-07-31,sz.002812,74.5000,80.4700,74.0000,79.8600,73.9900,12787617,1001786930.9200
2020-08-03,sz.002812,80.9900,81.8400,78.2500,79.8600,79.8600,8239409,659483875.5500
2020-08-04,sz.002812,79.8500,84.0000,78.8000,81.8000,79.8600,9077601,743062857.5100
2020-08-05,sz.002812,82.0000,84.4700,81.1800,81.7500,81.8000,7650406,634944692.3800
2020-08-06,sz.002812,83.0400,83.9800,81.1000,83.0000,81.7500,5726360,473125037.3400
2020-08-07,sz.002812,82.1600,84.8800,81.1500,83.2000,83.0000,5797468,481714070.8300
2020-08-10,sz.002812,84.8000,85.0100,82.2100,83.1800,83.2000,5260434,439408367.5700
2020-08-11,sz.002812,83.2500,87.2000,81.1000,81.9900,83.1800,9064202,767133868.3600
2020-08-12,sz.002812,84.5200,84.5700,76.0000,77.8100,81.9900,14473535,1130743924.0900
2020-08-13,sz.002812,79.2800,81.0500,76.0000,78.0500,77.8100,7855560,615699988.9000
2020-08-14,sz.002812,78.3800,80.9900,78.0800,80.2900,78.0500,4968297,397227509.6800
2020-08-17,sz.002812,80.5200,81.4800,79.4500,80.0800,80.2900,7452907,598961169.2400
2020-08-18,sz.002812,81.1800,82.0000,79.0200,79.5800,80.0800,5137038,411578625.7000
2020-08-19,sz.002812,79.6200,80.0000,75.5000,75.7800,79.5800,9533395,736593239.2400
2020-08-20,sz.002812,76.0000,76.4800,73.6800,73.8800,75.7800,5654237,420916421.8100
2020-08-21,sz.002812,75.0200,75.9000,73.7300,74.5000,73.8800,4563382,339873097.1200
2020-08-24,sz.002812,76.1000,77.5000,73.9000,76.7400,74.5000,6326686,480954611.7200
2020-08-25,sz.002812,76.9200,78.6800,74.3200,78.2000,76.7400,12741069,981432629.9800
2020-08-26,sz.002812,79.0000,79.9900,77.1700,79.3500,78.2000,7615478,602554766.1000
2020-08-27,sz.002812,79.9900,82.9600,78.6900,79.3700,79.3500,4976521,399234582.6900
2020-08-28,sz.002812,80.3300,81.4600,79.5000,80.5000,79.3700,5121364,410835324.4400
2020-08-31,sz.002812,80.3900,80.4000,78.2100,78.2100,80.5000,6424192,508710082.1400
2020-09-01,sz.002812,78.6600,84.1900,78.2100,83.4000,78.2100,8536797,701566918.6800
2020-09-02,sz.002812,83.4600,86.8000,83.3000,86.4500,83.4000,7316560,623625139.4600
2020-09-03,sz.002812,88.0000,88.4900,85.0000,87.2000,86.4500,9339503,813214898.4300
2020-09-04,sz.002812,85.5000,86.5000,84.0100,85.9200,87.2000,6782586,578785392.0600
2020-09-07,sz.002812,85.0000,87.9100,83.0000,83.0000,85.9200,8125541,693872279.7500
2020-09-08,sz.002812,83.3100,84.5000,81.5100,81.9000,83.0000,5715011,470293619.7500
2020-09-09,sz.002812,80.5500,81.5500,78.0100,78.0100,81.9000,6355466,504676091.9300
2020-09-10,sz.002812,79.0000,80.3600,76.6600,77.3700,78.0100,4510367,355221691.9100
2020-09-11,sz.002812,77.8000,81.0000,76.6900,80.1000,77.3700,6212067,489922107.1500
2020-09-14,sz.002812,81.3900,85.8700,80.6200,85.4200,80.1000,10368906,867964884.1200
2020-09-15,sz.002812,84.7400,87.5000,84.5000,86.9500,85.4200,5551649,478712119.7000
2020-09-16,sz.002812,85.9200,90.3800,85.7700,89.2500,86.9500,7842576,698443497.6300
2020-09-17,sz.002812,87.9900,90.8800,87.5000,89.5100,89.2500,5484173,490735327.7600
2020-09-18,sz.002812,90.1700,90.6000,88.4400,89.9800,89.5100,3826434,343544908.4900
2020-09-21,sz.002812,90.3500,94.5000,89.3300,90.1500,89.9800,8268146,762459949.3200
2020-09-22,sz.002812,90.2300,90.8800,88.1900,88.2000,90.1500,5196684,465729124.5900
2020-09-23,sz.002812,89.5000,89.8800,86.3100,89.5000,88.2000,5305494,468742611.3900
2020-09-24,sz.002812,89.3100,89.5900,86.3100,86.3200,89.5000,4050925,354500870.7400
2020-09-25,sz.002812,87.7900,88.3800,85.5100,86.0000,86.3200,3559995,307582957.1200
2020-09-28,sz.002812,87.0000,88.8800,86.2000,86.6300,86.0000,5287902,463130705.9900
2020-09-29,sz.002812,87.8900,91.9000,86.7500,91.4100,86.6300,6868197,619303942.3300
2020-09-30,sz.002812,91.2200,92.8600,90.0100,91.4700,91.4100,5326044,486417716.0500
2020-10-09,sz.002812,96.1000,100.0000,94.7800,98.6000,91.4700,9245359,909461401.2700
2020-10-12,sz.002812,100.2000,101.2800,97.5000,100.0000,98.6000,9832299,971893250.8800
2020-10-13,sz.002812,98.5000,100.6400,96.7500,100.1300,100.0000,4761672,471175155.2900
2020-10-14,sz.002812,99.8000,102.6500,99.0200,100.7000,100.1300,5433955,548569481.1400
2020-10-15,sz.002812,102.0200,102.8800,99.0800,99.8000,100.7000,4538760,456771355.8700
2020-10-16,sz.002812,100.9300,101.0100,96.8700,98.1000,99.8000,5642245,554855661.5300
2020-10-19,sz.002812,99.5000,99.5000,94.9000,97.0900,98.1000,6162662,595894806.6700
2020-10-20,sz.002812,97.0000,98.8700,95.8700,98.3900,97.0900,5171690,503820295.9100
2020-10-21,sz.002812,99.1200,99.2000,94.9200,95.9600,98.3900,5060523,485782894.5400
2020-10-22,sz.002812,96.5000,97.5000,94.3100,96.8600,95.9600,4086269,392219402.5700
2020-10-23,sz.002812,96.5000,100.2600,93.8100,94.5000,96.8600,4781632,461041769.7800
2020-10-26,sz.002812,93.0800,96.6400,91.6600,96.5000,94.5000,4113873,389491246.0200
2020-10-27,sz.002812,96.0300,98.9000,96.0300,98.4400,96.5000,3892699,381914867.4400
2020-10-28,sz.002812,94.6900,99.2000,92.5900,98.0000,98.4400,8624007,839916442.5200
2020-10-29,sz.002812,96.5800,99.5000,96.0000,98.4900,98.0000,6382363,625280364.3000
2020-10-30,sz.002812,98.6200,102.3000,98.0000,99.8000,98.4900,7948449,794551529.3500
2020-11-02,sz.002812,98.0000,103.1800,98.0000,102.4000,99.8000,7215128,731148921.8000
2020-11-03,sz.002812,102.4000,102.9900,94.0800,98.5000,102.4000,10356427,1007769074.8200
2020-11-04,sz.002812,98.0000,99.6600,95.5800,97.3900,98.5000,6208708,604546556.7000
2020-11-05,sz.002812,98.5000,105.6000,98.5000,105.0000,97.3900,9584886,988340232.4800
2020-11-06,sz.002812,106.0000,107.9500,102.6000,104.6600,105.0000,7007519,734909376.0300
2020-11-09,sz.002812,105.2500,107.5000,100.7700,103.1000,104.6600,7885512,810379531.4200
2020-11-10,sz.002812,102.0300,105.6000,98.2500,105.0000,103.1000,6981957,711981306.5700
2020-11-11,sz.002812,103.5800,107.4000,103.4300,104.0000,105.0000,9506432,1009328746.9100
2020-11-12,sz.002812,105.7100,107.3800,103.5700,106.0000,104.0000,5301898,560222262.6700
2020-11-13,sz.002812,108.0000,108.8800,105.0000,107.1000,106.0000,5923903,634946349.3300
2020-11-16,sz.002812,105.1100,106.8400,101.7100,106.3500,107.1000,5500189,573462316.8500
2020-11-17,sz.002812,105.0000,106.8000,100.3100,102.0000,106.3500,6742571,692507366.0200
2020-11-18,sz.002812,101.1800,102.9200,98.8000,100.3700,102.0000,5020198,502955351.8700
2020-11-19,sz.002812,100.0000,102.2500,98.5000,102.1900,100.3700,3440455,346464877.0100
2020-11-20,sz.002812,101.4300,103.8900,101.4000,103.4000,102.1900,3952020,406190226.3300
2020-11-23,sz.002812,103.4000,104.3300,99.8000,101.1000,103.4000,6415199,652730293.0200
2020-11-24,sz.002812,102.9900,104.6000,101.3000,103.0000,101.1000,4834718,495789461.7600
2020-11-25,sz.002812,102.9800,102.9900,98.5000,99.2800,103.0000,6103734,609526020.2300
2020-11-26,sz.002812,99.2800,99.5800,95.3100,97.3900,99.2800,6057287,587883621.7700
2020-11-27,sz.002812,96.5300,98.2000,94.7600,96.6000,97.3900,5264382,505368548.9300
2020-11-30,sz.002812,96.8900,96.9000,94.0100,96.5200,96.6000,6662824,634028139.9700
2020-12-01,sz.002812,95.8000,97.7100,95.2000,96.4000,96.5200,4856794,469239336.4200
2020-12-02,sz.002812,97.3900,99.3400,95.7900,98.0000,96.4000,4920232,479481235.0900
2020-12-03,sz.002812,97.6200,103.6600,97.3000,103.1300,98.0000,9864826,1004473559.0100
2020-12-04,sz.002812,104.4000,106.1700,103.1300,105.7000,103.1300,7783200,819627162.4900
2020-12-07,sz.002812,105.8000,108.1000,104.8300,107.0600,105.7000,5663891,604961908.4100
2020-12-08,sz.002812,108.1000,110.9700,107.2800,108.0000,107.0600,6806486,739375978.3500
2020-12-09,sz.002812,110.0000,110.7000,107.0000,108.5900,108.0000,5354125,585485785.0700
2020-12-10,sz.002812,107.9700,110.3800,105.0100,109.5000,108.5900,7198076,780842329.4700
2020-12-11,sz.002812,109.5000,110.8000,107.7800,107.7800,109.5000,8161813,893118164.4600
2020-12-14,sz.002812,110.0000,116.9000,109.3100,115.6000,107.7800,7904222,893679863.4600
2020-12-15,sz.002812,115.9800,120.9800,115.8900,120.7000,115.6000,7552947,902050000.3800
2020-12-16,sz.002812,119.9100,126.0000,119.9000,125.0000,120.7000,6452849,800551709.9200
2020-12-17,sz.002812,125.0000,127.0000,122.6600,127.0000,125.0000,6960713,868125590.6100
2020-12-18,sz.002812,126.0000,128.0800,125.1600,126.6900,127.0000,4318300,546999644.6300
2020-12-21,sz.002812,127.7700,133.5000,126.8100,132.5000,126.6900,6899740,902437320.8400
2020-12-22,sz.002812,131.2400,141.9900,131.0000,139.0000,132.5000,7928533,1080725114.8200
2020-12-23,sz.002812,136.2300,139.9000,133.6800,136.3800,139.0000,6718774,916636021.0300
2020-12-24,sz.002812,134.5100,141.1900,134.0100,137.8000,136.3800,3706157,512422729.4500
2020-12-25,sz.002812,139.6900,142.2900,135.0000,138.2100,137.8000,5487199,758618777.0200
2020-12-28,sz.002812,138.0000,139.9700,135.8100,139.2500,138.2100,5487546,758388135.1500
2020-12-29,sz.002812,138.6500,139.8000,132.0000,136.3700,139.2500,7036481,951213310.3400
2020-12-30,sz.002812,135.6400,143.0000,135.0000,139.0000,136.3700,7012976,976230224.4800
2020-12-31,sz.002812,139.4700,142.6500,136.7000,141.7800,139.0000,6573255,921270472.2100
2021-01-04,sz.002812,145.0000,155.0800,143.0900,155.0000,141.7800,13085578,1952329582.7100
2021-01-05,sz.002812,152.3000,165.7600,150.0500,165.4500,155.0000,7817332,1228503643.3800
2021-01-06,sz.002812,168.4400,168.5000,153.0000,162.8000,165.4500,9060238,1435628872.2500
2021-01-07,sz.002812,158.0000,164.9900,155.5000,164.5000,162.8000,7878233,1260286895.3700
2021-01-08,sz.002812,163.9800,165.9700,148.0500,152.0000,164.5000,14087502,2146829914.4300
2021-01-11,sz.002812,139.5800,144.0000,136.8000,136.8000,152.0000,11958121,1645730284.6300
2021-01-12,sz.002812,133.0000,135.8400,123.2300,129.1800,136.8000,32758139,4174418504.1300
2021-01-13,sz.002812,134.8900,142.0000,132.0300,136.4500,129.1800,22087819,3027222603.0200
2021-01-14,sz.002812,132.5000,135.9800,127.2000,133.0300,136.4500,13540962,1780292094.8000
2021-01-15,sz.002812,133.6800,143.7600,131.0000,139.2400,133.0300,11248023,1542844776.3600
2021-01-18,sz.002812,141.6800,141.6800,131.0800,135.5000,139.2400,11884945,1611656608.1600
2021-01-19,sz.002812,134.8100,136.9300,129.8600,130.1600,135.5000,9151492,1219853261.5000
2021-01-20,sz.002812,131.1600,138.3200,131.1600,137.0700,130.1600,8534325,1159644221.4500
2021-01-21,sz.002812,137.7600,140.0000,135.0000,139.0000,137.0700,7313476,1007522757.1800
2021-01-22,sz.002812,140.0200,142.9400,135.2000,141.5000,139.0000,9919893,1384965855.0500
2021-01-25,sz.002812,144.0000,148.0800,140.0100,142.9000,141.5000,10620635,1534347932.4200
2021-01-26,sz.002812,143.0000,143.4900,135.5100,137.9000,142.9000,8786921,1213370871.4800
2021-01-27,sz.002812,137.5800,140.3500,134.0000,137.0600,137.9000,6442656,883805319.2200
2021-01-28,sz.002812,134.1100,137.6000,132.0600,133.0000,137.0600,6495567,872587460.0100
2021-01-29,sz.002812,133.0000,135.9900,128.2400,131.9700,133.0000,6754258,894187140.5700
2021-02-01,sz.002812,131.9700,136.5000,131.0100,135.4100,131.9700,6080078,821166499.9300
2021-02-02,sz.002812,135.6900,138.6800,132.5000,137.7000,135.4100,7844273,1071247785.0000
2021-02-03,sz.002812,138.0000,142.6900,134.6800,135.5700,137.7000,9503414,1313844518.7600
2021-02-04,sz.002812,135.7000,136.9100,133.1800,135.5500,135.5700,5958809,804727521.9100
2021-02-05,sz.002812,137.3000,137.9700,131.5000,131.7900,135.5500,6259380,838806803.1200
2021-02-08,sz.002812,133.1000,134.4500,129.2900,134.2000,131.7900,6555361,867457706.5900
2021-02-09,sz.002812,135.5000,144.3900,135.0200,142.5000,134.2000,10115763,1430527700.8400
2021-02-10,sz.002812,144.5600,146.8600,140.0000,143.5300,142.5000,7382091,1055776444.0200
2021-02-18,sz.002812,146.2400,147.5400,132.6000,133.0200,143.5300,15642130,2136233128.9100
2021-02-19,sz.002812,130.8300,132.1500,119.7200,123.1600,133.0200,16823564,2084035614.3100
2021-02-22,sz.002812,124.3000,124.3000,115.0000,116.0000,123.1600,14290977,1701434346.0200
2021-02-23,sz.002812,114.9900,116.7900,112.0000,113.4000,116.0000,10282272,1170306883.6000
2021-02-24,sz.002812,112.8800,112.9500,106.2000,107.9000,113.4000,10818447,1175713054.4700
2021-02-25,sz.002812,109.0000,109.2000,103.3900,104.0700,107.9000,9771251,1035747021.7000
2021-02-26,sz.002812,102.5100,108.9800,100.5000,106.0100,104.0700,12173764,1280582820.1800
2021-03-01,sz.002812,109.0000,114.9800,108.3400,112.0000,106.0100,11848237,1328233143.8400
2021-03-02,sz.002812,111.5900,116.9800,110.6600,115.9100,112.0000,10581375,1211850327.3900
2021-03-03,sz.002812,115.0000,115.5500,111.7000,115.1800,115.9100,5377552,615347214.1200
2021-03-04,sz.002812,114.9900,114.9900,105.0000,107.9000,115.1800,12949526,1407526547.2400
2021-03-05,sz.002812,103.6600,109.7000,101.4400,108.1200,107.9000,11238119,1187684289.0000
2021-03-08,sz.002812,108.4100,113.1200,106.1900,106.5500,108.1200,9522100,1046656073.5100
2021-03-09,sz.002812,105.6800,113.8000,101.5800,109.0900,106.5500,12596431,1370957734.2600
2021-03-10,sz.002812,114.3000,118.0000,112.1100,116.1000,109.0900,14595825,1680613845.0600
2021-03-11,sz.002812,116.1100,119.5700,114.2800,117.4800,116.1000,9204792,1080415241.3800
2021-03-12,sz.002812,118.5000,121.2000,116.0000,120.4200,117.4800,8113116,968945872.2700
2021-03-15,sz.002812,120.4300,120.8200,117.0100,118.3200,120.4200,6942180,820770254.2400
2021-03-16,sz.002812,120.0000,123.1000,116.3900,119.7900,118.3200,8191870,982792820.7600
2021-03-17,sz.002812,119.7900,123.4500,116.8000,122.8000,119.7900,8929821,1084569825.3300
2021-03-18,sz.002812,124.7000,125.0000,112.7000,115.5000,122.8000,17540924,2054813172.5600
2021-03-19,sz.002812,113.0400,117.4900,112.9900,116.4100,115.5000,8999952,1041044274.3400
2021-03-22,sz.002812,116.3000,120.3300,115.1700,116.2500,116.4100,5655247,661877419.7700
2021-03-23,sz.002812,118.0000,118.2900,111.6900,113.5100,116.2500,5928648,679856596.1200
2021-03-24,sz.002812,111.9800,114.6300,106.1000,107.6000,113.5100,8850353,967907471.9000
2021-03-25,sz.002812,106.6300,113.5700,105.6100,112.6000,107.6000,6171727,684933028.1900
2021-03-26,sz.002812,113.5800,116.0000,112.0200,114.3100,112.6000,5690300,649678033.4000
2021-03-29,sz.002812,115.3300,117.0100,113.0000,114.5000,114.3100,4964414,572355324.4900
2021-03-30,sz.002812,114.9800,116.6600,112.7100,115.8400,114.5000,4059484,468598651.6900
2021-03-31,sz.002812,116.4900,116.4900,110.9000,111.9200,115.8400,6160320,691176814.4200
2021-04-01,sz.002812,112.0100,117.5800,112.0100,115.9000,111.9200,5242758,606822518.2400
2021-04-02,sz.002812,117.0000,120.9900,115.5000,116.3800,115.9000,5496417,648416957.0700
2021-04-06,sz.002812,116.4000,119.4800,116.2300,117.0000,116.3800,3194820,374977849.6800
2021-04-07,sz.002812,117.5000,118.4500,115.6000,117.5800,117.0000,3817075,446353549.1400
2021-04-08,sz.002812,117.0000,118.3400,114.8800,117.5100,117.5800,3272623,383457291.5700
2021-04-09,sz.002812,117.6700,118.0000,114.1000,115.1700,117.5100,3045353,351305488.7700
2021-04-12,sz.002812,114.8300,116.5500,111.1200,112.4600,115.1700,4073591,460740226.1900
2021-04-13,sz.002812,111.7500,116.3000,111.3000,113.6300,112.4600,3873489,441534886.4000
2021-04-14,sz.002812,113.7000,117.5000,113.7000,117.1100,113.6300,4803329,560139573.7200
2021-04-15,sz.002812,117.0000,117.0000,114.2100,116.4300,117.1100,3159529,365656180.4900
2021-04-16,sz.002812,117.2000,117.2600,112.5400,113.3800,116.4300,3489522,398210914.4900
2021-04-19,sz.002812,114.9800,122.8500,113.0100,121.6300,113.3800,10764535,1291167762.1500
2021-04-20,sz.002812,118.5800,126.0300,118.3400,124.7100,121.6300,8157314,1010272961.2400
2021-04-21,sz.002812,124.5000,125.9000,121.2000,123.7100,124.7100,3922379,483476814.0500
2021-04-22,sz.002812,124.0800,125.3000,121.8900,124.1700,123.7100,3399576,420690817.1900
2021-04-23,sz.002812,124.0000,128.9800,123.3100,126.0000,124.1700,5266119,669118029.4400
2021-04-26,sz.002812,126.3200,131.7500,126.3200,127.6800,126.0000,7355462,952169383.8900
2021-04-27,sz.002812,129.9900,130.8800,127.8800,129.7700,127.6800,5614327,726450522.8100
2021-04-28,sz.002812,130.0000,131.5600,128.6800,131.3000,129.7700,5673665,740415795.9500
2021-04-29,sz.002812,132.0000,132.7200,129.4000,130.9500,131.3000,3871022,506703345.8800
2021-04-30,sz.002812,130.0000,136.8800,129.0000,134.5500,130.7800,5543245,740116085.5200
2021-05-06,sz.002812,134.0000,135.0000,130.9900,134.0000,134.5500,4568669,610171921.2900
2021-05-07,sz.002812,133.4000,135.1000,128.5000,129.7300,134.0000,5580005,730925409.8800
2021-05-10,sz.002812,129.7300,131.5000,128.3000,130.8800,129.7300,3711925,482670264.2000
2021-05-11,sz.002812,128.5600,132.3800,128.5600,131.1600,130.8800,2989796,389983928.7100
2021-05-12,sz.002812,129.6700,131.1400,125.4600,128.3700,131.1600,5511448,703901004.9000
2021-05-13,sz.002812,126.5000,128.9500,124.6200,126.1200,128.3700,4099824,516920675.3300
2021-05-14,sz.002812,126.5000,128.4000,124.2900,126.7300,126.1200,5094456,645718260.3700
2021-05-17,sz.002812,127.7800,137.8300,127.0000,136.6700,126.7300,8409891,1130810711.7100
2021-05-18,sz.002812,138.6500,139.9800,136.2800,138.0000,136.6700,4564738,632590085.6500
2021-05-19,sz.002812,138.2000,149.5600,137.0000,147.4900,138.0000,7887697,1141544641.0200
2021-05-20,sz.002812,145.2100,150.6500,144.6300,146.3200,147.4900,8167323,1196441205.1200
2021-05-21,sz.002812,149.2500,149.2500,143.8000,146.0000,146.3200,4632468,675973485.1100
2021-05-24,sz.002812,148.0000,148.3000,143.1500,147.1900,146.0000,4569002,667433528.3500
2021-05-25,sz.002812,146.4700,151.9900,145.5300,149.5200,147.1900,4972290,744881280.2200
2021-05-26,sz.002812,149.5000,150.9800,147.2500,147.7000,149.5200,3830093,569632544.8200
2021-05-27,sz.002812,148.0100,151.5000,145.8700,149.8700,147.7000,4359330,647911318.5400
2021-05-28,sz.002812,150.9800,164.8600,150.5500,164.8500,149.8700,11987031,1960809570.3200
2021-05-31,sz.002812,167.0100,181.0000,167.0100,177.6500,164.8500,14194452,2497617772.8400
2021-06-01,sz.002812,177.6300,179.6500,169.0000,173.8900,177.6500,8903956,1545182291.0700
2021-06-02,sz.002812,175.0100,178.5000,170.0000,172.0000,173.8900,6364824,1102337173.8400
2021-06-03,sz.002812,171.7000,174.0000,163.0000,172.0600,172.0000,7150738,1215368234.4800
2021-06-04,sz.002812,171.3000,180.2000,171.3000,176.0000,172.0600,7694619,1363222935.1600
2021-06-07,sz.002812,177.0600,179.0700,171.3500,174.5000,176.0000,5035978,875429676.6100
2021-06-08,sz.002812,174.5000,179.9800,165.8000,169.4100,174.5000,6861255,1174110940.9500
2021-06-09,sz.002812,169.0400,173.1200,167.4500,170.0000,169.4100,4438663,753523806.7500
2021-06-10,sz.002812,171.0000,182.6000,170.0400,179.5000,170.0000,9220265,1637985951.6600
2021-06-11,sz.002812,184.0000,194.6900,180.8000,191.2100,179.5000,14287587,2705881161.9500
2021-06-15,sz.002812,194.9400,195.6100,186.1200,190.4800,191.2100,8079527,1539439754.7300
2021-06-16,sz.002812,190.4800,190.4800,190.4800,190.4800,190.4800,0,0.0000
2021-06-17,sz.002812,190.4800,190.4800,190.4800,190.4800,190.4800,0,0.0000
2021-06-18,sz.002812,190.4800,190.4800,190.4800,190.4800,190.4800,0,0.0000
2021-06-21,sz.002812,190.4800,190.4800,190.4800,190.4800,190.4800,0,0.0000
2021-06-22,sz.002812,190.4800,190.4800,190.4800,190.4800,190.4800,0,0.0000
2021-06-23,sz.002812,204.8200,209.5300,200.0000,209.5300,190.4800,22449396,4667502158.1700
2021-06-24,sz.002812,210.0000,212.4000,203.5000,207.9800,209.5300,11053455,2296676976.8200
2021-06-25,sz.002812,207.9800,217.8800,207.1600,214.4000,207.9800,10627299,2270117175.1200
2021-06-28,sz.002812,213.5600,229.2200,211.0000,224.3500,214.4000,10129189,2268762222.8100
2021-06-29,sz.002812,228.0100,234.1400,226.2000,229.9300,224.3500,8592271,1972448444.0600
2021-06-30,sz.002812,231.0000,242.0000,225.0000,234.1000,229.9300,6723095,1576575060.4200
2021-07-01,sz.002812,239.0000,243.8000,230.0000,235.9600,234.1000,7354681,1741800905.4000
2021-07-02,sz.002812,232.6400,239.8000,224.2000,233.9800,235.9600,9509665,2218765802.7000
2021-07-05,sz.002812,238.6000,239.6000,225.8000,231.7000,233.9800,8002247,1851047656.3000
2021-07-06,sz.002812,233.0300,245.5000,228.5000,234.1100,231.7000,9511966,2238680984.5100
2021-07-07,sz.002812,228.0200,251.9900,226.0200,247.5000,234.1100,10172372,2492876601.7900
2021-07-08,sz.002812,246.9100,256.2900,241.2000,242.0300,247.5000,9519891,2366406271.0700
2021-07-09,sz.002812,241.1900,253.1700,233.7600,249.0700,242.0300,8539854,2098240299.6900
2021-07-12,sz.002812,254.0000,273.7200,248.3300,267.5600,249.0700,12645771,3335215278.2200
2021-07-13,sz.002812,269.2600,274.0000,253.2900,263.1700,267.5600,9731590,2542925309.1300
2021-07-14,sz.002812,256.1000,258.5100,243.0600,252.5200,263.1700,10747135,2713581014.7600
2021-07-15,sz.002812,246.4400,274.2500,246.4400,273.0000,252.5200,8953148,2364099442.9500
2021-07-16,sz.002812,269.8100,270.0000,245.7000,245.7000,273.0000,11562155,2943760498.6800
2021-07-19,sz.002812,233.0000,243.5600,228.5000,237.5000,245.7000,14177293,3324148386.3400
2021-07-20,sz.002812,238.0000,260.5000,237.5000,258.1200,237.5000,11038950,2775450754.6500
2021-07-21,sz.002812,263.3600,273.8800,260.0000,271.9100,258.1200,9708548,2622212045.1200
2021-07-22,sz.002812,272.5800,276.6800,258.5000,267.0000,271.9100,9357347,2483809435.5700
2021-07-23,sz.002812,264.3300,264.7900,251.1100,260.1800,267.0000,7041153,1819915151.0700
2021-07-26,sz.002812,254.8300,262.1700,246.0000,259.4700,260.1800,7212645,1834495727.3500
2021-07-27,sz.002812,256.9600,264.8600,243.1500,245.0000,259.4700,7312779,1874481234.6700
2021-07-28,sz.002812,245.0100,259.5000,240.3500,255.9900,245.0000,9878779,2494738874.6200
2021-07-29,sz.002812,265.9800,268.3800,245.8600,263.3300,255.9900,11579271,2971455130.7600
2021-07-30,sz.002812,260.0000,267.7900,240.3800,248.0500,263.3300,11831460,2991807460.1500
2021-08-02,sz.002812,254.0000,261.6800,238.0500,252.0000,248.0500,12105942,3026438906.6600
2021-08-03,sz.002812,257.0100,262.0000,245.6600,255.9500,252.0000,8033597,2040904084.1000
2021-08-04,sz.002812,250.0000,281.5500,249.0000,281.5500,255.9500,7147541,1961882116.3400
2021-08-05,sz.002812,281.0100,296.8300,280.0000,290.8800,281.5500,12037245,3479146018.0200
2021-08-06,sz.002812,293.0000,308.1800,285.3000,290.0200,290.8800,10820473,3217278482.3300
2021-08-09,sz.002812,288.0100,289.9900,272.8100,287.2000,290.0200,8513575,2400013085.9600
2021-08-10,sz.002812,286.8900,287.8900,258.4800,260.1700,287.2000,12653015,3389999568.1400
2021-08-11,sz.002812,267.0000,268.8000,254.0100,264.0000,260.1700,10319314,2712279843.3400
2021-08-12,sz.002812,263.9000,268.0000,256.5000,259.2600,264.0000,7469195,1956147058.2200
2021-08-13,sz.002812,261.9500,279.7900,256.0000,259.0000,259.2600,8493815,2253808330.5300
2021-08-16,sz.002812,250.0100,253.0000,238.0800,241.4400,259.0000,13838417,3356006696.8900
2021-08-17,sz.002812,238.0000,243.0000,230.8000,234.9900,241.4400,11714895,2768989183.8200
2021-08-18,sz.002812,238.0000,247.0000,237.0000,241.9000,234.9900,6977405,1683990585.3800
2021-08-19,sz.002812,244.4900,261.3900,242.0100,258.3000,241.9000,9586483,2434823551.9200
2021-08-20,sz.002812,257.5000,270.9800,253.6000,256.0000,258.3000,7973651,2081493742.5300
2021-08-23,sz.002812,257.0100,270.5500,246.6500,265.7600,256.0000,8018258,2072443641.0300
2021-08-24,sz.002812,263.9900,281.7200,259.0100,278.0000,265.7600,7428281,2030651795.3800
2021-08-25,sz.002812,277.2200,278.0000,263.1000,276.1000,278.0000,7855555,2124555702.5800
2021-08-26,sz.002812,277.0000,286.9400,271.4100,283.6300,276.1000,7939523,2232383820.5800
2021-08-27,sz.002812,277.6100,283.6000,268.3300,279.0000,283.6300,6701305,1846821406.6600
2021-08-30,sz.002812,279.0000,298.2900,272.3300,285.0000,279.0000,8042132,2307180959.4700
2021-08-31,sz.002812,286.0000,286.5000,274.8000,282.4000,285.0000,5342017,1495881492.1500
2021-09-01,sz.002812,285.8300,286.4000,259.0100,273.4900,282.4000,9398498,2532606751.4200
2021-09-02,sz.002812,270.0000,280.0000,266.3100,269.8000,273.4900,7404200,2015432057.2300
2021-09-03,sz.002812,270.4000,270.9900,250.0000,256.4900,269.8000,10120006,2600761078.4800
2021-09-06,sz.002812,253.2800,269.5900,251.1100,268.4200,256.4900,6672071,1765062033.2800
2021-09-07,sz.002812,272.8000,287.8000,263.2000,285.7900,268.4200,9028342,2543692365.4800
2021-09-08,sz.002812,285.3900,285.7000,274.0000,278.0000,285.7900,7143676,1996298898.9200
2021-09-09,sz.002812,281.8700,291.0000,271.3800,279.5000,278.0000,7833712,2194135842.6100
2021-09-10,sz.002812,276.9900,286.0000,273.0000,281.0100,279.5000,4599753,1293342377.6100
2021-09-13,sz.002812,287.2400,296.8000,282.0000,290.0700,281.0100,6223620,1800444409.7700
2021-09-14,sz.002812,292.0000,319.0000,289.7000,310.0800,290.0700,9738725,3004911387.3400
2021-09-15,sz.002812,312.1600,315.0000,298.8000,300.7300,310.0800,7024637,2135587915.3800
2021-09-16,sz.002812,301.4800,303.3000,288.7000,292.9400,300.7300,5871222,1738563808.4300
2021-09-17,sz.002812,293.0000,310.8000,290.0000,306.0000,292.9400,5239536,1586973414.4900
2021-09-22,sz.002812,305.0000,307.0000,293.7500,300.8000,306.0000,3610575,1089033566.0700
2021-09-23,sz.002812,298.0000,305.0000,295.0000,297.4700,300.8000,3855922,1153093380.4500
2021-09-24,sz.002812,298.5100,303.8000,285.0000,297.0000,297.4700,5198672,1535852051.6200
2021-09-27,sz.002812,297.5000,304.8700,286.5100,298.6700,297.0000,6114359,1812652657.6500
2021-09-28,sz.002812,296.5500,300.9500,268.8000,268.8000,298.6700,10132491,2815648664.1800
2021-09-29,sz.002812,265.0000,275.5500,258.3300,264.8000,268.8000,7196576,1921963747.3200
2021-09-30,sz.002812,267.4200,284.7700,263.0000,280.1200,264.8000,7561837,2098743179.9200
2021-10-08,sz.002812,284.0000,285.8000,252.1100,252.1100,280.1200,10095389,2613939235.3400
2021-10-11,sz.002812,253.2000,263.1500,242.0000,254.0000,252.1100,11328723,2882610873.7700
2021-10-12,sz.002812,253.0000,255.2100,240.0000,245.0300,254.0000,8872469,2180799266.6000
2021-10-13,sz.002812,247.0000,265.8000,247.0000,264.1000,245.0300,7160181,1853454076.8700
2021-10-14,sz.002812,262.8900,271.0000,259.0000,264.8000,264.1000,4975553,1319820372.5400
2021-10-15,sz.002812,266.8200,282.5800,257.1600,278.5000,264.8000,8565473,2344438409.4700
2021-10-18,sz.002812,280.8100,287.8000,273.0500,287.0000,278.5000,7970137,2237729653.5900
2021-10-19,sz.002812,287.0000,298.6500,285.3900,292.5000,287.0000,6528102,1903664629.0500
2021-10-20,sz.002812,292.5000,313.7300,290.6100,308.9500,292.5000,8422128,2593463917.5400
2021-10-21,sz.002812,309.8000,310.4200,295.3100,299.0000,308.9500,6357385,1910552818.0300
2021-10-22,sz.002812,299.3100,303.3000,291.6100,300.0000,299.0000,4554387,1356982640.7500
2021-10-25,sz.002812,299.0000,308.8800,297.5400,303.5000,300.0000,5445488,1654362974.5200
2021-10-26,sz.002812,312.0000,312.6500,280.7900,287.9200,303.5000,13841628,4004881493.4000
2021-10-27,sz.002812,285.0000,300.1800,281.0000,297.0000,287.9200,8646636,2540942041.7300
2021-10-28,sz.002812,297.0000,301.6600,284.6500,288.6000,297.0000,7296987,2131674043.9900
2021-10-29,sz.002812,292.8400,295.7000,283.0000,291.7400,288.6000,8280209,2403357058.5200
2021-11-01,sz.002812,294.0000,296.7800,282.2500,288.0900,291.7400,6618187,1909759743.7800
2021-11-02,sz.002812,286.0000,290.5000,277.5800,283.2800,288.0900,8343881,2350362702.1900
2021-11-03,sz.002812,283.0400,287.7500,278.4500,287.0000,283.2800,4899557,1390274206.4100
2021-11-04,sz.002812,289.1300,301.6000,285.2300,292.2200,287.0000,7094750,2086226303.9300
2021-11-05,sz.002812,288.9300,289.0000,266.6600,268.3200,292.2200,11924357,3262524974.7700
2021-11-08,sz.002812,265.8000,274.3500,263.6800,269.7200,268.3200,8837513,2371616595.1800
2021-11-09,sz.002812,269.8600,277.5900,265.1600,270.3100,269.7200,6599287,1781718996.3500
2021-11-10,sz.002812,268.8200,269.9900,252.7900,264.4000,270.3100,11049185,2859090253.0200
2021-11-11,sz.002812,274.9800,278.6600,267.3900,268.4900,264.4000,8530577,2328522943.9000
2021-11-12,sz.002812,268.4900,276.8600,265.5100,274.1000,268.4900,6548654,1784357059.5700
2021-11-15,sz.002812,272.3000,273.2600,257.2900,261.3800,274.1000,7480458,1955778330.9200
2021-11-16,sz.002812,260.2000,272.0000,255.0000,267.8800,261.3800,6626515,1762735695.8100
2021-11-17,sz.002812,267.5200,274.6900,264.6300,267.9900,267.8800,6570710,1767365554.0900
2021-11-18,sz.002812,270.0000,272.0000,263.7000,266.4600,267.9900,5104195,1365398061.7700
2021-11-19,sz.002812,267.9700,273.5600,255.6500,259.0000,266.4600,8677055,2264396196.1500
2021-11-22,sz.002812,260.0100,272.7700,260.0100,270.0000,259.0000,9972802,2666665598.1500
2021-11-23,sz.002812,269.0000,269.0000,252.5000,265.9100,270.0000,11619851,3028231910.7300
2021-11-24,sz.002812,264.9800,265.0000,253.6500,254.8500,265.9100,9204712,2360000957.7800
2021-11-25,sz.002812,255.0100,261.8800,254.1100,258.0000,254.8500,5966083,1539268865.2100
2021-11-26,sz.002812,259.1700,267.9000,257.3400,265.6000,258.0000,6989404,1850386056.2800
2021-11-29,sz.002812,261.0000,272.5900,261.0000,269.9800,265.6000,7804664,2097896343.0700
2021-11-30,sz.002812,251.0000,257.9900,243.2000,254.2000,269.9800,23261647,5841292423.3500
2021-12-01,sz.002812,252.9900,257.9900,245.8400,249.8000,254.2000,9958484,2488557612.3100
2021-12-02,sz.002812,252.0000,257.7000,248.1000,250.1800,249.8000,8897826,2251229286.6000
2021-12-03,sz.002812,250.0300,251.5000,244.0100,250.4500,250.1800,8161595,2019311087.0400
2021-12-06,sz.002812,247.0000,249.5000,237.4000,238.2000,250.4500,12132704,2933920911.7500
2021-12-07,sz.002812,238.4100,242.4400,232.3200,239.9400,238.2000,9339706,2212021761.3900
2021-12-08,sz.002812,240.5000,261.6000,240.5000,254.1000,239.9400,14873804,3768839062.6500
2021-12-09,sz.002812,254.8000,266.4000,251.5400,266.1600,254.1000,14516025,3819284203.8800
2021-12-10,sz.002812,265.0200,266.0000,257.5000,265.0000,266.1600,8978751,2359534342.3600
2021-12-13,sz.002812,264.5000,267.0000,254.1600,260.1500,265.0000,8927751,2322484413.1300
2021-12-14,sz.002812,259.7800,262.5600,255.4200,258.0000,260.1500,5217349,1342879376.8600
2021-12-15,sz.002812,256.0100,261.7500,256.0100,258.2000,258.0000,4696165,1211994982.8500
2021-12-16,sz.002812,258.0000,260.5000,255.0000,258.0000,258.2000,4684842,1207903579.5600
2021-12-17,sz.002812,255.9700,256.7900,246.0400,246.6700,258.0000,8172955,2033701775.2600
2021-12-20,sz.002812,249.0000,252.4800,238.3600,242.3600,246.6700,8320568,2015657567.1400
2021-12-21,sz.002812,243.9500,245.0000,227.7600,235.1500,242.3600,11739910,2739407538.4100
2021-12-22,sz.002812,236.5400,247.2800,236.4900,246.0000,235.1500,7566397,1844419297.2900
2021-12-23,sz.002812,242.0500,246.0000,237.3000,239.6700,246.0000,5642267,1356542120.0200
2021-12-24,sz.002812,239.8000,242.6700,227.6600,235.9500,239.6700,7995981,1867593346.8300
2021-12-27,sz.002812,234.0000,245.6600,233.5900,243.4900,235.9500,7875249,1906107754.2200
2021-12-28,sz.002812,242.4900,252.1700,237.6600,251.5000,243.4900,8280743,2040941304.5700
2021-12-29,sz.002812,250.3700,257.7700,247.5800,251.5000,251.5000,6917859,1748117062.9300
2021-12-30,sz.002812,251.5000,256.3600,249.0800,254.8900,251.5000,5215375,1325756201.6200
2021-12-31,sz.002812,258.8800,259.5000,248.8800,250.4000,254.8900,5921564,1492206866.9400
2022-01-04,sz.002812,254.1000,259.5500,248.8100,254.5300,250.4000,8155987,2068300427.1400
2022-01-05,sz.002812,251.0500,255.5000,238.0000,239.5000,254.5300,9943932,2433711215.5100
2022-01-06,sz.002812,241.0400,241.0400,227.5000,233.0800,239.5000,9102542,2111894882.0800
2022-01-07,sz.002812,233.0000,234.9200,221.5600,225.9000,233.0800,8145436,1852447675.3100
2022-01-10,sz.002812,225.0000,235.3800,222.2200,231.0000,225.9000,6755394,1548721900.8600
2022-01-11,sz.002812,242.3900,250.2800,235.3900,237.9600,231.0000,12302626,2987307004.0700
2022-01-12,sz.002812,246.9900,255.3300,246.5200,250.9200,237.9600,11135753,2791864803.8600
2022-01-13,sz.002812,254.0000,257.1600,244.0200,251.9500,250.9200,7187046,1810076311.5900
2022-01-14,sz.002812,249.1200,261.0000,246.0000,257.3000,251.9500,6185658,1591796664.7500
2022-01-17,sz.002812,262.0000,278.7700,262.0000,276.4900,257.3000,10010046,2744099648.5200
2022-01-18,sz.002812,278.0000,278.4000,267.1700,272.4900,276.4900,5977194,1627168425.8600
2022-01-19,sz.002812,275.0000,280.1800,258.5700,265.6500,272.4900,7284696,1931428212.0100
2022-01-20,sz.002812,266.8000,281.2800,266.0500,271.2000,265.6500,8931190,2447119161.3800
2022-01-21,sz.002812,271.2000,275.3000,265.1100,268.0000,271.2000,4862544,1310616327.8800
2022-01-24,sz.002812,265.5500,270.0000,258.0200,267.2800,268.0000,5297542,1405748269.5800
2022-01-25,sz.002812,268.9100,270.7400,261.0800,261.1500,267.2800,3625698,958787035.9600
2022-01-26,sz.002812,264.0000,266.7900,258.8000,264.5900,261.1500,3414534,899857697.4200
2022-01-27,sz.002812,264.0000,268.1000,258.8600,259.0000,264.5900,4517877,1187377512.0000
2022-01-28,sz.002812,262.0600,264.2800,251.0000,254.0900,259.0000,5113346,1313626685.8900
2022-02-07,sz.002812,262.0000,268.8000,256.0500,257.8700,254.0900,4279694,1115762840.0500
2022-02-08,sz.002812,256.1100,257.8000,237.3000,240.8800,257.8700,9999055,2428301925.7700
2022-02-09,sz.002812,242.9000,243.9000,228.5100,239.5000,240.8800,8931169,2113634955.0600
2022-02-10,sz.002812,241.0200,242.0000,223.0100,226.5000,239.5000,11652557,2649888769.3600
2022-02-11,sz.002812,225.0000,234.6700,222.4800,224.9800,226.5000,8009683,1833040142.2400
2022-02-14,sz.002812,222.0300,235.3900,220.0300,227.3600,224.9800,8170491,1868052564.6400
2022-02-15,sz.002812,230.0000,243.7700,226.0400,242.0000,227.3600,8536288,2030808985.7500
2022-02-16,sz.002812,242.0000,248.7100,239.5000,244.4000,242.0000,4832561,1183434463.5800
2022-02-17,sz.002812,244.4000,252.9500,238.1200,248.8800,244.4000,5397080,1336015605.0300
2022-02-18,sz.002812,245.4500,252.8900,243.2800,250.1900,248.8800,3621404,904379197.9400
2022-02-21,sz.002812,250.0000,252.0000,243.6300,246.0400,250.1900,3756581,923916427.1300
2022-02-22,sz.002812,246.5300,247.0000,241.2200,245.9400,246.0400,3952705,962109741.8000
2022-02-23,sz.002812,246.9400,258.2900,245.9500,253.9800,245.9400,5744076,1451771217.6300
2022-02-24,sz.002812,250.4000,257.3300,250.0000,253.7500,253.9800,5801190,1475811074.6200
2022-02-25,sz.002812,256.0000,266.5100,255.8800,262.0000,253.7500,6762548,1770396347.6500
2022-02-28,sz.002812,261.6800,262.8600,250.1000,260.0000,262.0000,7064859,1818754576.0000
2022-03-01,sz.002812,263.1000,263.7700,251.4000,252.6000,260.0000,7948304,2029224624.0000
2022-03-02,sz.002812,251.1000,253.3800,239.2200,241.3200,252.6000,6321003,1535952336.0000
2022-03-03,sz.002812,241.0100,243.2700,236.0000,236.2200,241.3200,4774775,1139546048.0000
2022-03-04,sz.002812,232.3600,237.7500,224.0500,225.6700,236.2200,10852318,2478705696.0000
2022-03-07,sz.002812,224.1900,224.7200,213.8000,216.0400,225.6700,9498342,2077280960.0000
2022-03-08,sz.002812,218.3000,220.7700,206.2000,211.5000,216.0400,11700294,2489859488.0000
2022-03-09,sz.002812,210.8500,221.0600,206.5700,218.1700,211.5000,10518404,2263015664.0000
2022-03-10,sz.002812,226.8900,235.5000,223.0300,229.9900,218.1700,12566307,2892063472.0000
2022-03-11,sz.002812,226.8800,227.9900,216.1200,224.8300,229.9900,9611765,2130398048.0000
2022-03-14,sz.002812,222.0000,232.8800,217.1200,223.2900,224.8300,10750187,2426363696.0000
2022-03-15,sz.002812,223.3000,232.5000,218.0100,223.0000,223.2900,10788686,2435346832.0000
2022-03-16,sz.002812,228.0100,236.0100,218.4200,234.5200,223.0000,14333215,3275278592.0000
2022-03-17,sz.002812,239.0000,251.9900,239.0000,247.5400,234.5200,12063369,2970290240.0000
2022-03-18,sz.002812,242.5900,242.7000,229.0000,235.5000,247.5400,9525536,2235360254.6500
2022-03-21,sz.002812,236.0000,240.3600,230.2800,234.9000,235.5000,7512693,1761328283.3400
2022-03-22,sz.002812,234.0500,235.0000,228.3800,230.0000,234.9000,5100809,1176948036.3800
2022-03-23,sz.002812,232.0000,237.0000,225.1000,227.8900,230.0000,8229219,1891765349.3100
2022-03-24,sz.002812,226.0000,228.8000,217.1500,226.0000,227.8900,7023174,1566924245.9400
2022-03-25,sz.002812,225.6800,225.6800,212.0200,213.1100,226.0000,9653141,2084867408.1200
2022-03-28,sz.002812,214.7300,215.3200,202.8000,205.7500,213.1100,9287870,1920095787.9800
2022-03-29,sz.002812,206.0000,211.4100,205.6000,209.5000,205.7500,5824902,1215974167.5200
2022-03-30,sz.002812,213.0000,222.3600,212.0000,222.3600,209.5000,8781848,1929529814.4600
2022-03-31,sz.002812,222.0000,222.0000,216.5000,220.0000,222.3600,5349733,1172306763.2800
2022-04-01,sz.002812,220.0000,227.7700,217.5000,224.1000,220.0000,5115404,1141296397.3600
2022-04-06,sz.002812,223.0000,224.9000,214.5600,216.5100,224.1000,4758420,1032397177.5200
2022-04-07,sz.002812,216.0000,218.8800,212.0000,216.1300,216.5100,4483975,966252762.7000
2022-04-08,sz.002812,217.0000,219.8000,210.1000,213.0000,216.1300,4379909,936991591.7500
2022-04-11,sz.002812,209.3700,209.3700,198.0500,201.0200,213.0000,11136701,2246930266.0900
2022-04-12,sz.002812,198.2000,205.9800,198.2000,201.5500,201.0200,8716347,1755983471.0600
2022-04-13,sz.002812,200.3900,202.2100,194.0100,196.2500,201.5500,7431001,1473346465.8100
2022-04-14,sz.002812,198.5900,201.3300,189.0300,191.8400,196.2500,8222078,1583088622.6200
2022-04-15,sz.002812,190.0000,192.0000,182.5700,190.5000,191.8400,11206652,2094335662.1300
2022-04-18,sz.002812,191.5000,195.7700,182.2400,191.9500,190.5000,8119714,1547359859.8900
2022-04-19,sz.002812,195.0900,197.8000,191.7900,192.7000,191.9500,6528791,1268182748.9000
2022-04-20,sz.002812,195.5500,195.5500,183.6600,188.0000,192.7000,9352526,1750728781.9000
2022-04-21,sz.002812,188.0000,193.7700,183.5600,185.8400,188.0000,7251896,1359805478.6400
2022-04-22,sz.002812,185.4900,185.5600,181.1100,182.7000,185.8400,6058987,1109656424.0000
2022-04-25,sz.002812,178.0000,181.0000,171.2300,171.6000,182.7000,10031151,1760546315.2700
2022-04-26,sz.002812,173.3000,173.9000,165.0000,166.4000,171.6000,6362651,1080252479.8700
2022-04-27,sz.002812,163.0700,183.0400,162.0000,183.0400,166.4000,10834680,1891391431.3300
2022-04-28,sz.002812,182.5700,193.7700,179.5000,189.8800,183.0400,10943571,2070938522.2700
2022-04-29,sz.002812,190.0000,207.2700,183.0100,202.9500,189.8800,11498064,2250215698.6200
2022-05-05,sz.002812,205.0000,205.0000,193.4400,200.2500,202.9500,8046722,1609511413.0600
2022-05-06,sz.002812,195.2000,201.7600,194.1300,197.1500,200.2500,4385229,869634482.9000
2022-05-09,sz.002812,195.0000,198.7600,190.6500,192.0300,197.1500,3794437,735648067.6900
2022-05-10,sz.002812,191.9900,201.1000,187.3700,200.5400,192.0300,9994470,1962193048.5500
2022-05-11,sz.002812,202.5000,219.8000,196.6000,216.0600,200.5400,11443656,2429532732.8100
2022-05-12,sz.002812,212.5200,215.8600,208.0400,211.7300,216.0600,4612178,977676808.1700
2022-05-13,sz.002812,213.5900,217.1200,210.1600,216.0000,211.7300,4515196,968615276.2800
2022-05-16,sz.002812,218.8000,222.0000,209.0300,209.3000,215.7000,5053039,1073682906.9200
2022-05-17,sz.002812,209.0000,222.0000,209.0000,220.1100,209.3000,7019257,1527801255.3500
2022-05-18,sz.002812,219.0000,221.8200,216.3800,217.6600,220.1100,3632794,793066457.7400
2022-05-19,sz.002812,215.0000,220.8000,213.4400,219.1000,217.6600,3364926,731582006.7200
2022-05-20,sz.002812,221.2900,224.6800,218.0000,222.6800,219.1000,5907695,1309467182.0300
2022-05-23,sz.002812,221.2300,222.4900,214.4400,215.5600,222.6800,4433694,961142697.0900
2022-05-24,sz.002812,214.6600,215.3800,207.1200,208.0600,215.5600,4491783,945750382.1200
2022-05-25,sz.002812,208.0000,211.8000,205.7800,207.4000,208.0600,3777328,785561560.4300
2022-05-26,sz.002812,207.7000,212.5000,202.2000,206.8000,207.4000,3766779,781388834.1000
2022-05-27,sz.002812,208.6400,216.8600,208.6400,211.8300,206.8000,4060775,867210802.6000
2022-05-30,sz.002812,214.0000,218.0000,213.0200,216.9800,211.8300,4420070,955538169.7700
2022-05-31,sz.002812,215.3400,218.6000,213.3000,217.7600,216.9800,3062939,663185409.6300
2022-06-01,sz.002812,217.0000,224.8500,213.3000,220.0000,217.7600,4578874,1006267321.8300
2022-06-02,sz.002812,219.9100,231.4600,217.6000,224.7300,220.0000,5932424,1337801495.2100
2022-06-06,sz.002812,226.3000,241.0000,224.0700,234.4100,224.7300,7961621,1865914816.0000
2022-06-07,sz.002812,236.7400,237.0000,229.7000,235.6300,234.4100,4269441,996175865.3400
2022-06-08,sz.002812,235.6300,243.0000,229.7600,235.8200,235.6300,4904520,1156414327.4000
2022-06-09,sz.002812,233.4900,235.7700,227.7000,230.7600,235.8200,3155764,726670584.6200
2022-06-10,sz.002812,231.0600,238.6600,228.6100,231.1000,230.7600,7368504,1711902670.0000
2022-06-13,sz.002812,229.9400,234.5000,227.8800,232.0000,231.1000,6510691,1507146096.9700
2022-06-14,sz.002812,229.0000,231.5000,223.2700,230.1900,232.0000,4684949,1068687001.5900
2022-06-15,sz.002812,231.5000,236.7600,219.0500,225.7900,230.1900,8302040,1874958231.8900
2022-06-16,sz.002812,226.0000,235.8900,225.8000,229.5000,225.7900,6519431,1504011732.0100
2022-06-17,sz.002812,229.2000,242.0000,225.5700,239.9000,229.5000,12971709,3068967189.2200
2022-06-20,sz.002812,244.0000,253.3000,241.4700,242.1500,239.9000,11369808,2817610743.5900
2022-06-21,sz.002812,245.0000,253.8800,240.0000,248.9900,242.1500,8113128,2012174740.4500
2022-06-22,sz.002812,247.4700,259.5000,245.0000,254.0500,248.9900,6473641,1641361033.2400
2022-06-23,sz.002812,254.0500,264.7000,251.2800,263.2700,254.0500,6626943,1714206402.6500
2022-06-24,sz.002812,264.9900,266.4200,257.0000,261.8700,263.2700,4515344,1183106239.0100
2022-06-27,sz.002812,264.3200,265.0000,256.0100,258.0800,261.8700,5041794,1302587373.1400
2022-06-28,sz.002812,258.0500,262.5000,255.2900,258.4700,258.0800,5464223,1413597494.8200
2022-06-29,sz.002812,257.7100,262.5000,250.8300,252.2200,258.4700,5729226,1460409634.3900
2022-06-30,sz.002812,251.5900,255.0000,243.5600,250.4500,252.2200,6451430,1604906570.8000
2022-07-01,sz.002812,249.3200,251.6800,245.5100,246.5000,250.4500,3959079,982752006.4400
2022-07-04,sz.002812,246.5100,254.7000,241.8000,251.9400,246.5000,5793084,1442152939.9900
2022-07-05,sz.002812,255.5500,262.2000,250.1000,256.0700,251.9400,5550650,1416622132.8100
2022-07-06,sz.002812,255.0000,261.2000,249.5600,253.7000,256.0700,7078120,1803139427.8800
2022-07-07,sz.002812,255.8000,256.8000,249.3000,251.5200,253.7000,6617407,1667543583.8900
2022-07-08,sz.002812,252.9600,253.1000,236.8000,241.9200,251.5200,10946997,2644291721.3300
2022-07-11,sz.002812,239.0000,239.7700,229.0200,231.9500,241.9200,8738009,2026121299.1800
2022-07-12,sz.002812,234.5400,236.0000,225.6800,230.0000,231.9500,6191985,1424916618.0300
2022-07-13,sz.002812,230.1000,234.6000,220.8100,229.0800,230.0000,7916742,1789301499.7400
2022-07-14,sz.002812,229.6000,241.5700,227.4500,239.0000,229.0800,6688702,1591044893.4000
2022-07-15,sz.002812,241.5000,242.1100,236.1900,237.0000,239.0000,4628773,1105477307.3200
2022-07-18,sz.002812,238.0000,238.6200,224.0000,229.8000,237.0000,10232202,2350531140.9500
2022-07-19,sz.002812,233.0000,233.0000,222.9500,225.2300,229.8000,7505080,1691547542.7200
2022-07-20,sz.002812,226.3000,226.8600,221.0000,222.1600,225.2300,6298764,1404452165.3100
2022-07-21,sz.002812,222.0000,224.3800,216.8800,217.0000,222.1600,5142445,1129666772.2600
2022-07-22,sz.002812,219.1300,219.5000,215.0700,216.6800,217.0000,4468083,968124297.2700
2022-07-25,sz.002812,217.2600,222.6200,215.5000,219.0100,216.6800,6638853,1458768000.0000
2022-07-26,sz.002812,219.0200,227.8000,218.0100,224.9300,219.0100,6231899,1399693832.2500
2022-07-27,sz.002812,224.0300,224.9000,217.0500,223.4700,224.9300,5465123,1207604677.6800
2022-07-28,sz.002812,224.0000,224.5000,214.6100,216.9700,223.4700,6844377,1490796581.0500
2022-07-29,sz.002812,216.1000,219.3600,212.0000,213.9800,216.9700,5109819,1097499568.5200
2022-08-01,sz.002812,212.7900,224.3300,209.0000,223.0700,213.9800,7402127,1622319301.4100
2022-08-02,sz.002812,220.8800,228.3500,217.8200,223.0000,223.0700,6217255,1391670973.0400
2022-08-03,sz.002812,224.9800,226.9800,218.0400,219.6600,223.0000,4344452,966043342.2200
2022-08-04,sz.002812,219.0000,220.8000,211.9500,213.5000,219.6600,5721398,1228872092.5400
2022-08-05,sz.002812,213.5500,217.8300,212.1800,215.5500,213.5000,3245250,695597343.6300
2022-08-08,sz.002812,214.0100,214.8000,210.5000,213.0100,215.5500,6124484,1300827513.9600
2022-08-09,sz.002812,213.0300,217.5000,211.8000,212.9100,213.0100,4249200,909311448.5000
2022-08-10,sz.002812,213.8000,214.4500,208.0300,208.6600,212.9100,4975825,1044061750.4400
2022-08-11,sz.002812,210.0800,213.5000,204.0000,213.3900,208.6600,7195269,1508345330.8800
2022-08-12,sz.002812,213.0000,215.0000,211.0100,212.9200,213.3900,4402646,937892487.6800
2022-08-15,sz.002812,212.0000,223.6100,211.2800,215.8000,212.9200,5845543,1270332166.9200
2022-08-16,sz.002812,216.4000,227.8300,216.3900,223.0000,215.8000,7532943,1687717245.6800
2022-08-17,sz.002812,223.0000,223.0200,217.5000,218.9800,223.0000,5782343,1269672010.6800
2022-08-18,sz.002812,218.8200,218.8200,205.6900,206.8700,218.9800,11617861,2432028636.6100
2022-08-19,sz.002812,208.9000,209.0000,197.0300,197.9000,206.8700,14752848,2954096174.6000
2022-08-22,sz.002812,200.0000,206.3000,197.6700,205.7500,197.9000,8577536,1745241663.3200
2022-08-23,sz.002812,206.0000,207.4300,201.5000,206.6000,205.7500,6339716,1298439106.6200
2022-08-24,sz.002812,206.6000,207.6800,201.1800,201.8000,206.6000,4532593,923324437.3900
2022-08-25,sz.002812,201.9500,203.8000,198.0000,201.7500,201.8000,3476517,697181509.8100
2022-08-26,sz.002812,201.7500,203.8500,199.2600,200.0100,201.7500,3686636,739327585.9800
2022-08-29,sz.002812,198.5000,199.4800,193.5000,195.9900,200.0100,5627185,1100859531.6100
2022-08-30,sz.002812,195.0000,197.3000,191.7900,193.8000,195.9900,4502194,872018767.7100
2022-08-31,sz.002812,193.5500,197.5900,191.9800,193.0000,193.8000,6631606,1290123462.2200
2022-09-01,sz.002812,193.6600,199.4900,192.0000,194.1800,193.0000,5221849,1022555375.8100
2022-09-02,sz.002812,197.0500,198.7700,188.5600,190.0000,194.1800,5402515,1034077027.9000
2022-09-05,sz.002812,189.4300,192.0500,187.5800,189.4100,190.0000,3352431,633918793.3700
2022-09-06,sz.002812,190.9900,191.0000,181.1300,189.3200,189.4100,7757640,1441366111.3300
2022-09-07,sz.002812,187.3000,195.9700,186.5000,192.9000,189.3200,5888886,1136008381.0500
2022-09-08,sz.002812,194.0100,194.0100,185.1900,185.2200,192.9000,5954936,1120431380.1300
2022-09-09,sz.002812,187.4400,188.4900,183.1700,188.2000,185.2200,5113492,950777525.1500
2022-09-13,sz.002812,188.3400,189.0000,185.3100,187.7500,188.2000,4092849,763569233.6100
2022-09-14,sz.002812,185.7500,186.9900,181.1100,181.7800,187.7500,5201984,949821838.5500
2022-09-15,sz.002812,182.1700,185.9900,176.7200,178.0200,181.7800,6520763,1169508985.9400
2022-09-16,sz.002812,176.9100,180.3000,174.3300,176.1800,178.0200,4881101,864917947.8900
2022-09-19,sz.002812,176.3400,179.8700,174.4900,177.8000,176.1800,4371705,777732383.9800
2022-09-20,sz.002812,179.5100,185.1800,175.0100,181.9200,177.8000,6019881,1095783349.4300
2022-09-21,sz.002812,181.3000,181.8500,178.0200,179.0000,181.9200,4829358,866723444.6300
2022-09-22,sz.002812,178.2700,179.7100,175.5000,176.6300,179.0000,3075964,545645977.7700
2022-09-23,sz.002812,179.0000,180.8800,175.2000,178.6600,176.6300,3929324,698493436.4500
2022-09-26,sz.002812,178.6000,189.7500,176.5000,186.3100,178.6600,7424339,1381198773.9300
2022-09-27,sz.002812,186.7400,188.5000,184.0200,187.0100,186.3100,4534456,843463439.3100
2022-09-28,sz.002812,186.1400,187.4500,178.2000,179.1400,187.0100,4774731,865575610.3900
2022-09-29,sz.002812,182.3000,185.5000,179.1800,183.4500,179.1400,4316993,790148154.6100
2022-09-30,sz.002812,182.0900,183.4000,173.9800,174.1200,183.4500,6970033,1228797513.7800
2022-10-10,sz.002812,170.1200,172.5000,166.5000,167.4400,174.1200,5478282,927071503.0900
2022-10-11,sz.002812,169.4800,177.5000,166.8000,174.2100,167.4400,5730687,996325188.6500
2022-10-12,sz.002812,173.2500,176.5800,167.3000,176.5800,174.2100,5217036,900167326.3200
2022-10-13,sz.002812,175.8000,180.1300,174.3200,176.5000,176.5800,4881834,865476369.4700
2022-10-14,sz.002812,179.5000,179.5000,171.0600,175.7600,176.5000,6486867,1129392873.5100
2022-10-17,sz.002812,174.8000,174.8000,168.1300,172.6000,175.7600,7484813,1283825254.0600
2022-10-18,sz.002812,174.2400,177.2400,171.4800,173.9000,172.6000,5056957,883224894.0700
2022-10-19,sz.002812,173.9000,178.7100,172.0000,172.7000,173.9000,5357072,941968356.2000
2022-10-20,sz.002812,170.9000,171.6800,161.6600,163.6500,172.7000,11869036,1945706571.4700
2022-10-21,sz.002812,163.5100,164.9300,160.5100,160.5100,163.6500,6922717,1121890598.7400
2022-10-24,sz.002812,161.3100,161.5000,154.9800,156.0000,160.5100,8577944,1346852830.6600
2022-10-25,sz.002812,155.0000,160.6800,154.3000,159.3500,156.0000,6696154,1057250046.9000
2022-10-26,sz.002812,159.0000,162.1200,157.2100,158.8000,159.3500,6061427,966061252.0300
2022-10-27,sz.002812,158.9900,162.3300,152.3900,153.4200,158.8000,6476133,1013067198.1900
2022-10-28,sz.002812,151.0000,153.1800,148.3200,149.0000,153.4200,7109077,1068612837.0900
2022-10-31,sz.002812,145.0300,152.3600,144.5100,148.0400,149.0000,8120838,1204823010.6600
2022-11-01,sz.002812,148.1400,156.8500,147.8900,156.8500,148.0400,7347886,1129869619.8200
2022-11-02,sz.002812,156.8500,163.2300,155.8000,162.9900,156.8500,6181876,991779080.9700
2022-11-03,sz.002812,162.0000,162.0000,157.8000,158.2000,162.9900,4145717,660110848.6800
2022-11-04,sz.002812,159.6000,172.9800,158.5800,170.2000,158.2000,8662944,1454289414.1100
2022-11-07,sz.002812,172.8900,178.5000,171.2000,174.9800,170.2000,7337171,1284920395.9900
2022-11-08,sz.002812,175.0000,182.8000,172.0300,174.5500,174.9800,7132670,1257900910.8800
2022-11-09,sz.002812,175.5000,175.9000,168.0100,168.1100,174.5500,4636693,791038058.9400
2022-11-10,sz.002812,166.4800,168.4800,160.0000,162.8500,168.1100,6427689,1043323992.6900
2022-11-11,sz.002812,170.0000,170.5500,164.6000,165.8000,162.8500,3725758,619686437.0600
2022-11-14,sz.002812,165.1000,167.9100,159.0000,160.0000,165.8000,5469005,885989494.4900
2022-11-15,sz.002812,160.2300,164.3100,157.2900,163.3100,160.0000,4875696,787721682.3000
2022-11-16,sz.002812,165.0000,165.1000,158.0100,158.8100,163.3100,5849210,938537089.9200
2022-11-17,sz.002812,158.7700,158.8600,152.6500,155.0000,158.8100,6639744,1023106923.6300
2022-11-18,sz.002812,155.0000,157.0000,151.8800,153.7100,155.0000,4600931,711934574.8900
2022-11-21,sz.002812,152.8300,159.1200,151.0900,155.7400,153.7100,3959592,616199708.8600
2022-11-22,sz.002812,140.1700,140.1700,140.1700,140.1700,155.7400,1006100,141025037.0000
2022-11-23,sz.002812,126.1500,132.0000,126.1500,130.3600,140.1700,48980219,6238429107.5200
2022-11-24,sz.002812,130.8100,137.2500,129.6100,134.2800,130.3600,24606444,3285266305.7000
2022-11-25,sz.002812,133.9300,133.9300,127.1100,128.5900,134.2800,13303254,1729153193.4300
2022-11-28,sz.002812,126.0000,130.1200,123.5100,129.3000,128.5900,9369269,1198473346.6900
2022-11-29,sz.002812,127.1900,129.3700,122.1700,122.5500,129.3000,20045105,2482386431.8100
2022-11-30,sz.002812,122.5500,126.9900,121.1800,124.4200,122.5500,11498473,1429723370.4200
2022-12-01,sz.002812,130.0000,136.3000,128.1200,130.1700,124.4200,17490763,2313363884.7700
2022-12-02,sz.002812,130.1000,136.3300,129.2000,133.4000,130.1700,11889893,1591659999.8200
2022-12-05,sz.002812,133.7300,134.9900,129.8800,130.7800,133.4000,7519369,985344853.5100
2022-12-06,sz.002812,130.8100,139.7600,129.8800,135.4600,130.7800,12871004,1744409235.1000
2022-12-07,sz.002812,133.8900,143.8900,133.8900,139.0000,135.4600,20159690,2834434426.6600
2022-12-08,sz.002812,137.8900,141.0000,136.2800,139.3000,139.0000,7642770,1064349312.2100
2022-12-09,sz.002812,140.0000,142.1000,138.3000,139.9500,139.3000,7221112,1010021925.8500
2022-12-12,sz.002812,139.2900,140.5000,137.7400,139.3300,139.9500,5052402,703034589.7100
2022-12-13,sz.002812,139.0900,139.8000,135.2000,137.0000,139.3300,4562466,624060158.0800
2022-12-14,sz.002812,137.3500,138.7500,135.4300,135.8400,137.0000,3192475,435095381.6700
2022-12-15,sz.002812,135.8300,140.1500,133.0200,139.2500,135.8400,9572037,1312051757.8400
2022-12-16,sz.002812,139.0000,141.4800,134.8000,136.0000,139.2500,4278329,584258960.6100
2022-12-19,sz.002812,136.0000,141.9300,135.5300,139.5000,136.0000,7963603,1112460438.3600
2022-12-20,sz.002812,140.0000,140.8000,136.2200,137.8000,139.5000,6674227,921355479.3200
2022-12-21,sz.002812,137.7600,141.0000,136.2200,137.2100,137.8000,4521851,627545780.7800
2022-12-22,sz.002812,137.6000,138.4400,133.8000,134.4600,137.2100,3709267,501586663.2100
2022-12-23,sz.002812,132.6600,134.7800,130.3600,132.1300,134.4600,4003826,528562083.0200
2022-12-26,sz.002812,132.1300,140.6600,130.5100,139.9800,132.1300,6870219,948551664.2100
2022-12-27,sz.002812,140.1000,140.9000,137.3000,139.7100,139.9800,4252194,591806779.5800
2022-12-28,sz.002812,138.6000,139.5800,132.6600,135.9900,139.7100,6305797,852672188.2600
2022-12-29,sz.002812,136.1400,139.3100,133.1300,134.1300,135.9900,5368518,725726900.3700
2022-12-30,sz.002812,136.0100,137.4700,131.1800,131.2900,134.1300,6964105,926630350.3800
2023-01-03,sz.002812,131.0000,132.9300,128.0000,130.1900,131.2900,7310557,953555810.8700
2023-01-04,sz.002812,129.4100,130.0700,125.0000,125.6000,130.1900,8025968,1015385831.8900
2023-01-05,sz.002812,126.1900,138.1600,124.7000,138.1600,125.6000,15079802,2022694868.3300
2023-01-06,sz.002812,138.1500,148.1800,137.0000,143.9000,138.1600,16235343,2331450576.2900
2023-01-09,sz.002812,144.5900,149.9600,142.7300,146.8600,143.9000,9919869,1460249789.4200
2023-01-10,sz.002812,145.7000,151.2800,144.0900,149.0000,146.8600,11009307,1630627981.2700
2023-01-11,sz.002812,149.7700,154.8800,148.1200,150.8000,149.0000,9943928,1511987030.5700
2023-01-12,sz.002812,152.6800,158.1000,150.2900,157.0200,150.8000,12952885,2010926298.3600
2023-01-13,sz.002812,161.7700,163.4800,149.5500,151.3100,157.0200,16785631,2578841324.1100
2023-01-16,sz.002812,151.3100,153.0200,148.7200,151.6000,151.3100,8306111,1252749866.0400
2023-01-17,sz.002812,151.5000,155.5800,149.8700,154.0000,151.6000,5525087,850928994.0600
2023-01-18,sz.002812,155.5000,157.6600,153.7400,154.0000,154.0000,3998159,618437918.8400
2023-01-19,sz.002812,154.6900,154.7600,150.1300,152.2900,154.0000,7772548,1179296673.0800
2023-01-20,sz.002812,152.5000,152.5000,144.7300,149.9300,152.2900,12412843,1843572020.5100
2023-01-30,sz.002812,159.3000,164.9200,158.0000,162.1300,149.9300,16026169,2610949442.0900
2023-01-31,sz.002812,161.8200,162.0000,155.1900,155.8900,162.1300,11808954,1854088045.3900
2023-02-01,sz.002812,155.0000,159.8000,153.3800,153.7500,155.8900,8792589,1363420098.8900
2023-02-02,sz.002812,154.8800,156.3000,152.3700,153.3000,153.7500,6445195,990876110.3700
2023-02-03,sz.002812,152.5000,153.0000,148.1600,150.4300,153.3000,6152871,924509161.8900
2023-02-06,sz.002812,148.6000,148.9300,144.0000,145.9900,150.4300,9211468,1338969717.7700
2023-02-07,sz.002812,146.6300,148.5000,141.0000,141.8800,145.9900,9587789,1368938351.5500
2023-02-08,sz.002812,141.8800,143.0000,140.0000,141.4200,141.8800,6369591,900951571.0800
2023-02-09,sz.002812,141.5000,141.5100,138.8500,140.9300,141.4200,8098535,1134815881.4200
2023-02-10,sz.002812,140.0000,140.6800,138.5000,139.2500,140.9300,4781816,666938958.0500
2023-02-13,sz.002812,139.0000,140.4700,137.5700,139.4800,139.2500,7012050,976247623.1200
2023-02-14,sz.002812,141.0000,141.5000,135.8700,138.0500,139.4800,8203204,1130171638.5400
2023-02-15,sz.002812,138.0900,141.0000,136.6700,137.2000,138.0500,7506846,1040030029.3200
2023-02-16,sz.002812,137.2400,139.3300,134.6500,135.5300,137.2000,7785363,1065593599.2700
2023-02-17,sz.002812,134.7100,135.0600,131.4600,131.5500,135.5300,9029228,1198111072.8200
2023-02-20,sz.002812,131.0000,134.3100,129.7200,134.0700,131.5500,7599113,1000863029.1400
2023-02-21,sz.002812,133.7900,133.7900,128.4700,129.4100,134.0700,12393471,1616747408.5900
2023-02-22,sz.002812,127.9900,130.8000,127.6800,128.8400,129.4100,6438410,831584298.9500
2023-02-23,sz.002812,128.1200,130.4300,128.1200,129.1200,128.8400,4910762,635169219.4300
2023-02-24,sz.002812,129.0000,129.3100,126.2400,126.8000,129.1200,6115830,778912826.3800
2023-02-27,sz.002812,126.0000,126.3800,124.0000,124.6000,126.8000,8124208,1015537263.4700
2023-02-28,sz.002812,124.9900,126.3800,123.5800,125.6600,124.6000,9400035,1172073808.2600
2023-03-01,sz.002812,125.0000,125.1500,122.6300,123.4700,125.6600,9377201,1156021455.1000
2023-03-02,sz.002812,123.2300,123.2300,118.5100,119.8100,123.4700,15244700,1833133237.6200
2023-03-03,sz.002812,119.7000,120.3000,117.0500,117.3100,119.8100,10110415,1197645001.5800
2023-03-06,sz.002812,117.0000,117.1200,112.2100,116.8900,117.3100,20182542,2316289207.2100
2023-03-07,sz.002812,116.0600,116.3500,113.9200,114.5000,116.8900,9604521,1103825906.5400
2023-03-08,sz.002812,113.7000,115.0500,112.3100,112.8700,114.5000,8307185,939639329.0200
2023-03-09,sz.002812,112.7200,115.5000,112.3900,114.0000,112.8700,9632778,1098676622.5500
2023-03-10,sz.002812,113.0100,113.1500,110.3000,111.3000,114.0000,10181394,1136598263.9400
2023-03-13,sz.002812,110.2100,111.4600,109.3600,110.1000,111.3000,7123009,784749772.2600
2023-03-14,sz.002812,109.7000,111.2500,106.7200,109.4200,110.1000,9933207,1078045391.7700
2023-03-15,sz.002812,109.4100,111.1000,107.8900,107.9000,109.4200,7643284,833670888.1500
2023-03-16,sz.002812,107.1200,108.5000,105.8300,106.0700,107.9000,6689070,713703774.9600
2023-03-17,sz.002812,107.0000,107.2000,104.4100,104.5300,106.0700,8490698,896204853.6400
2023-03-20,sz.002812,104.5300,105.8000,102.7000,104.6900,104.5300,8961741,933381139.2100
2023-03-21,sz.002812,104.6900,108.0600,103.4200,108.0500,104.6900,13715363,1455443306.0600
2023-03-22,sz.002812,108.0000,111.3600,107.5000,110.0200,108.0500,16410667,1803814536.6100
2023-03-23,sz.002812,109.0000,110.4500,107.8700,108.8400,110.0200,7575430,824701885.5700
2023-03-24,sz.002812,108.6900,110.9300,107.3000,110.4900,108.8400,8704696,955020597.8500
2023-03-27,sz.002812,109.9800,110.7800,107.4100,109.7000,110.4900,10108279,1104670906.3600
2023-03-28,sz.002812,109.3300,109.8800,107.4900,107.5900,109.7000,5751977,622936819.7800
2023-03-29,sz.002812,107.2000,116.9900,107.1900,112.6000,107.5900,20194885,2292118455.9800
2023-03-30,sz.002812,111.5000,115.0000,110.3300,114.4000,112.6000,12891453,1459856535.8800
2023-03-31,sz.002812,114.2000,118.0600,113.5500,113.8200,114.4000,11678545,1349096728.8600
2023-04-03,sz.002812,113.4800,115.6800,112.2500,113.9200,113.8200,9190739,1048330883.1500
2023-04-04,sz.002812,113.5400,113.9300,110.0000,112.0600,113.9200,10359541,1155516872.3600
2023-04-06,sz.002812,111.4500,112.3300,110.0200,111.3000,112.0600,5878933,652111697.9800
2023-04-07,sz.002812,111.3000,114.2800,110.6000,111.8300,111.3000,5995735,674581574.9100
2023-04-10,sz.002812,112.3100,119.2500,111.6600,118.0000,111.8300,16097307,1864249254.5100
2023-04-11,sz.002812,121.1000,124.0500,118.6000,120.2000,118.0000,18627000,2257281416.5000
2023-04-12,sz.002812,118.9100,118.9100,114.8200,115.5700,120.2000,10708946,1244261268.9300
2023-04-13,sz.002812,114.6600,116.2200,113.5200,115.1600,115.5700,4771656,547347101.8200
2023-04-14,sz.002812,115.1500,119.8300,114.6600,116.5100,115.1600,10986156,1288928814.8000
2023-04-17,sz.002812,116.4700,118.4200,114.8500,115.2000,116.5100,7673114,889765268.7400
2023-04-18,sz.002812,114.2100,119.8000,113.7000,118.2000,115.2000,10769736,1268471360.1800
2023-04-19,sz.002812,117.8500,118.0600,114.3500,114.5500,118.2000,7863288,907472832.0000
2023-04-20,sz.002812,114.2200,114.2200,109.4400,109.9100,114.5500,8996419,994633159.1600
2023-04-21,sz.002812,111.2800,112.2100,107.5300,107.8600,109.9100,6236558,684483381.4800
2023-04-24,sz.002812,107.0600,108.4400,104.5500,105.7800,107.8600,5920053,627958195.6800
2023-04-25,sz.002812,105.6500,106.0000,97.6000,100.7100,105.7800,14729291,1481256824.7500
2023-04-26,sz.002812,100.5000,108.3800,100.0000,106.5100,100.7100,10582768,1110659837.0600
2023-04-27,sz.002812,104.9500,112.2700,104.9500,109.5300,106.5100,13548084,1493072561.5200
2023-04-28,sz.002812,108.3600,109.2600,103.6800,104.1000,109.5300,10365833,1093788544.2600
2023-05-04,sz.002812,103.0800,105.8700,101.4200,102.0000,104.1000,7387627,762303780.6800
2023-05-05,sz.002812,102.5000,103.6600,100.8700,101.5300,102.0000,6729333,687837535.4300
2023-05-08,sz.002812,101.7700,104.4700,100.7600,103.0000,101.5300,5695385,582954575.0300
2023-05-09,sz.002812,102.1400,105.5000,100.2200,100.3000,103.0000,6289105,637504589.8100
2023-05-10,sz.002812,100.3000,103.7800,98.7000,101.8500,100.3000,8447567,855307701.2900
2023-05-11,sz.002812,101.3100,106.0200,99.9900,104.1100,101.8500,9095096,943425597.9200
2023-05-12,sz.002812,104.1100,105.5200,102.6100,102.7500,104.1100,5346035,553277252.2200
2023-05-15,sz.002812,102.7600,109.7700,102.7500,107.0600,102.7500,11787739,1268891532.9600
2023-05-16,sz.002812,107.2000,107.6700,105.8000,106.9200,107.0600,6203737,661152616.3000
2023-05-17,sz.002812,107.3800,107.9000,104.5900,105.8600,106.9200,6095177,643272854.6900
2023-05-18,sz.002812,106.0000,106.0000,102.5800,104.0000,105.8600,5598834,579846180.7300
2023-05-19,sz.002812,103.6100,105.9900,102.7200,103.9400,104.0000,4460007,465316730.9700
2023-05-22,sz.002812,103.3500,105.2000,102.7000,103.1900,103.9400,3715809,383707063.3000
2023-05-23,sz.002812,102.7900,106.3900,102.2000,102.8200,103.1900,8097196,839497933.4200
2023-05-24,sz.002812,102.8200,102.8200,99.5900,100.0300,102.8200,8394013,844508671.2900
2023-05-25,sz.002812,99.2100,99.5600,97.2000,97.5100,100.0300,8969366,880214338.1000
2023-05-26,sz.002812,98.5000,99.9000,93.4000,95.2400,97.5100,18953009,1824651856.5200
2023-05-29,sz.002812,94.3300,95.1000,91.1500,92.0000,95.2400,13084708,1206626167.5800
2023-05-30,sz.002812,91.6400,92.7800,90.2200,91.5900,92.0000,8722183,796489653.9400
2023-05-31,sz.002812,91.6500,92.0900,90.2700,90.9200,91.5900,6927864,629742860.2100
2023-06-01,sz.002812,91.0000,93.7800,90.3100,91.5800,90.9200,7487684,691237786.6400
2023-06-02,sz.002812,91.9000,94.9000,91.2300,93.9200,91.5800,8998016,840309021.2100
2023-06-05,sz.002812,93.5000,94.6800,90.7000,94.1800,93.9200,8333023,776343610.8100
2023-06-06,sz.002812,93.4700,95.0000,92.5200,93.7500,94.1800,5124019,480949104.1400
2023-06-07,sz.002812,94.0000,94.4800,90.9000,91.7000,93.7500,8172996,750090407.5800
2023-06-08,sz.002812,91.7500,93.2700,90.9100,91.1000,91.7000,5612607,515539987.8900
2023-06-09,sz.002812,91.8500,95.9800,91.5300,92.3800,91.1000,9607961,894381265.6900
2023-06-12,sz.002812,92.0000,93.3600,90.4100,92.6000,92.3800,6541769,600893172.3300
2023-06-13,sz.002812,92.0000,93.2500,91.2000,91.3000,92.6000,4609758,423124118.2800
2023-06-14,sz.002812,91.3000,91.7500,90.3700,90.5500,91.3000,4735274,429986678.3800
2023-06-15,sz.002812,90.5500,96.8700,90.5500,95.6400,90.5500,16062828,1513945895.3600
2023-06-16,sz.002812,96.8400,97.3000,95.2200,95.8300,95.6400,9108177,876475566.7700
2023-06-19,sz.002812,95.3100,96.1400,92.0000,92.2500,95.8300,10220558,954091927.9100
2023-06-20,sz.002812,92.6500,93.7500,91.3900,91.7100,92.2500,7951822,733073447.2300
2023-06-21,sz.002812,92.4700,96.3000,90.0800,90.3300,91.7100,16953013,1571536145.3400
2023-06-26,sz.002812,90.0400,98.8000,89.5200,97.2700,90.3300,24916416,2371040270.7500
2023-06-27,sz.002812,96.3900,96.7900,94.7300,95.7000,97.2700,10488944,1002193766.5000
2023-06-28,sz.002812,95.7200,101.3500,94.9800,98.8600,95.7000,19335498,1923866064.5800
2023-06-29,sz.002812,98.6100,100.3800,97.3700,98.5000,98.8600,9055270,893540663.0900
2023-06-30,sz.002812,98.1800,98.2000,95.0500,96.3500,98.5000,11354773,1098217673.4500
2023-07-03,sz.002812,96.3700,98.5000,96.2100,96.7100,96.3500,8476700,822835071.5800
2023-07-04,sz.002812,97.0000,97.0000,94.7500,96.1500,96.7100,7616559,730172656.7500
2023-07-05,sz.002812,95.8700,95.8700,93.8800,94.0900,96.1500,8912154,843394478.4400
2023-07-06,sz.002812,93.5000,93.8800,91.6200,93.0200,94.0900,6960567,644858773.5200
2023-07-07,sz.002812,92.4800,92.9000,91.6800,91.8000,93.0200,3844929,354318260.6200
2023-07-10,sz.002812,91.8400,95.4800,91.8400,94.3300,91.8000,8156661,769067292.3900
2023-07-11,sz.002812,93.8700,94.4700,92.5500,93.5600,94.3300,5355846,499627656.2500
2023-07-12,sz.002812,93.5600,95.2800,92.5800,93.8700,93.5600,5021981,471541536.3800
2023-07-13,sz.002812,94.1200,96.5200,94.1200,95.9200,93.8700,7597581,725728259.2500
2023-07-14,sz.002812,96.2000,96.2800,92.8000,95.0000,95.9200,11468273,1077295376.0200
2023-07-17,sz.002812,93.5000,94.1500,92.5600,92.9800,95.0000,3994501,372582800.4500
2023-07-18,sz.002812,93.3000,94.1000,92.0100,92.3700,92.9800,4910036,456079920.1700
2023-07-19,sz.002812,92.4800,92.6000,91.3800,91.8900,92.3700,3800574,348418429.7800
2023-07-20,sz.002812,92.2800,93.8700,91.7300,92.1000,91.8900,5502068,509679661.5900
2023-07-21,sz.002812,91.7000,92.5000,89.7000,92.3000,92.1000,4654233,425314892.5500
2023-07-24,sz.002812,92.3000,92.3400,90.0300,90.8500,92.3000,5089953,461549227.2400
2023-07-25,sz.002812,91.4800,93.8000,91.4800,93.0300,90.8500,6439908,596842705.9300
2023-07-26,sz.002812,93.0100,93.4900,92.1900,92.5000,93.0300,3430570,317613412.4200
2023-07-27,sz.002812,92.9000,95.6000,92.8200,94.2800,92.5000,8542476,806806112.5300
2023-07-28,sz.002812,93.5000,96.0300,92.8800,95.7900,94.2800,7580920,719742573.1000
2023-07-31,sz.002812,95.8000,97.8800,95.4700,96.5000,95.7900,6870964,663689439.7400
2023-08-01,sz.002812,96.0000,97.8500,95.8500,96.2200,96.5000,5667180,548243921.1300
2023-08-02,sz.002812,96.1900,98.2300,95.9100,96.6000,96.2200,5481220,531810932.2300
2023-08-03,sz.002812,96.0100,98.2500,95.5000,97.8600,96.6000,5523337,536475420.7800
2023-08-04,sz.002812,97.8600,99.1000,96.8200,97.2800,97.8600,4971611,485801126.4400
2023-08-07,sz.002812,96.5700,97.8800,95.5700,96.2900,97.2800,4059192,391350869.1700
2023-08-08,sz.002812,96.4700,98.2000,96.0000,97.1900,96.2900,4018522,390853185.2800
2023-08-09,sz.002812,96.6100,98.4700,96.5200,97.1600,97.1900,4144133,404294041.2400
2023-08-10,sz.002812,97.1600,98.6800,96.8700,97.9200,97.1600,3951113,385985642.5200
2023-08-11,sz.002812,97.9100,98.3500,96.1100,96.1200,97.9200,3582344,347572800.0500
2023-08-14,sz.002812,95.2400,95.7800,93.7000,94.2700,96.1200,3184049,300499195.9400
2023-08-15,sz.002812,94.7600,94.7700,91.5500,92.2300,94.2700,4243043,391804046.8900
2023-08-16,sz.002812,92.2200,94.1800,91.5100,91.5100,92.2300,3768677,348971986.9200
2023-08-17,sz.002812,91.2900,91.5000,89.1000,90.9700,91.5100,5810579,524738284.7100
2023-08-18,sz.002812,90.8000,91.4700,88.8000,88.8000,90.9700,3920454,352883809.7000
2023-08-21,sz.002812,88.8800,89.4900,83.6700,84.0000,88.6200,10341343,881867541.0600
2023-08-22,sz.002812,84.0000,84.4500,75.6000,75.6000,84.0000,22940298,1783834158.5700
2023-08-23,sz.002812,73.7400,73.9000,70.2700,70.8600,75.6000,23892507,1718038749.0300
2023-08-24,sz.002812,71.8200,72.0800,68.3300,68.6900,70.8600,22880616,1589547877.1500
2023-08-25,sz.002812,68.1300,68.2000,66.1500,66.9000,68.6900,13613479,911287243.8600
2023-08-28,sz.002812,70.2400,70.8800,67.3300,67.7300,66.9000,17188394,1187948209.5100
2023-08-29,sz.002812,67.7000,68.4700,66.7400,68.1400,67.7300,15745437,1066799147.2800
2023-08-30,sz.002812,68.1400,68.8000,66.9000,67.6900,68.1400,13277356,900643218.5800
2023-08-31,sz.002812,67.5000,67.5400,65.4800,66.3900,67.6900,13829651,916484228.0400
2023-09-01,sz.002812,66.4500,66.6300,64.7100,65.2600,66.3900,11483181,751297292.6700
2023-09-04,sz.002812,65.6500,67.1000,64.3100,66.1800,65.2600,14520326,957421413.6900
2023-09-05,sz.002812,66.0000,66.2900,65.2300,65.6800,66.1800,9254744,607873172.8500
2023-09-06,sz.002812,65.4600,65.4600,64.0800,64.7300,65.6800,12793269,826812849.6900
2023-09-07,sz.002812,64.7000,64.8800,62.9300,62.9400,64.7300,9682479,616006001.6100
2023-09-08,sz.002812,62.6200,62.8800,61.7200,61.8300,62.9400,8796184,546046173.2100
2023-09-11,sz.002812,61.8000,62.9900,61.2100,62.5500,61.8300,9599577,597397359.5100
2023-09-12,sz.002812,62.4100,63.5500,62.1200,62.7400,62.5500,9285256,583489117.5200
2023-09-13,sz.002812,62.4400,63.3600,61.8000,62.0900,62.7400,7636998,476074242.5800
2023-09-14,sz.002812,62.0000,62.0000,60.8400,61.2200,62.0900,6910624,423807791.1400
2023-09-15,sz.002812,61.2200,61.9300,60.5600,61.1700,61.2200,7999943,489133152.3600
2023-09-18,sz.002812,60.9900,63.4000,60.3600,62.2200,61.1700,10896943,679933941.2500
2023-09-19,sz.002812,62.2400,62.4900,61.1300,61.5000,62.2200,5762970,354550003.9500
2023-09-20,sz.002812,61.1200,61.6000,60.8600,60.9400,61.5000,4532920,277105552.7300
2023-09-21,sz.002812,60.3700,61.0500,60.1100,60.2100,60.7400,6715025,406066493.7000
2023-09-22,sz.002812,60.0000,61.3100,59.9000,61.2800,60.2100,8754529,530858626.4800
2023-09-25,sz.002812,61.2800,61.7800,60.0900,61.0100,61.2800,9654698,586485033.7200
2023-09-26,sz.002812,60.8100,61.0800,60.2000,60.2000,61.0100,6618294,400288268.1100
2023-09-27,sz.002812,59.9800,62.5000,59.9200,60.5700,60.2000,15052089,919034178.9800
2023-09-28,sz.002812,60.6100,61.5500,59.6500,59.9000,60.5700,13391015,807539110.1400
2023-10-09,sz.002812,59.3200,59.5200,58.3300,59.0700,59.9000,12972808,764364010.4100
2023-10-10,sz.002812,59.8000,60.1000,58.5200,58.5700,59.0700,10076902,595795496.7700
2023-10-11,sz.002812,59.0300,59.9700,58.2100,58.5100,58.5700,11192330,660860216.4000
2023-10-12,sz.002812,58.6400,62.6900,58.6200,61.7200,58.5100,26432913,1610874542.1200
2023-10-13,sz.002812,61.1200,61.4500,59.7200,60.1000,61.7200,11357404,686065898.5200
2023-10-16,sz.002812,61.0000,62.4300,58.2600,58.8700,60.1000,17274481,1029327456.4900
2023-10-17,sz.002812,59.6000,64.7600,58.7700,62.4000,58.8700,39111120,2459678279.8600
2023-10-18,sz.002812,61.5800,61.6300,59.5300,59.7100,62.4000,22550735,1364378571.4300
2023-10-19,sz.002812,59.0000,60.0000,58.0500,58.4300,59.7100,16754294,984546394.0500
2023-10-20,sz.002812,57.7500,64.2700,57.3600,64.2700,58.4300,45150703,2832464765.7400
2023-10-23,sz.002812,65.0000,65.2100,63.1600,63.4000,64.2700,34813536,2232752115.1400
2023-10-24,sz.002812,63.8000,63.9900,61.8500,63.3100,63.4000,24134088,1519741816.2800
2023-10-25,sz.002812,64.0300,64.0300,61.1200,61.6900,63.3100,23139551,1442416898.1600
2023-10-26,sz.002812,60.8500,60.9200,55.6300,57.4300,61.6900,35596251,2030536197.3900
2023-10-27,sz.002812,56.5600,63.1700,56.1100,63.1700,57.4300,39778247,2451110413.8100
2023-10-30,sz.002812,65.0000,68.4400,64.7100,67.5400,63.1700,52635386,3497595998.9500
2023-10-31,sz.002812,66.6700,67.4700,65.6000,67.0000,67.5400,26766999,1776484000.2800
2023-11-01,sz.002812,65.8000,65.9300,63.7300,64.7800,67.0000,21649208,1403236824.2500
2023-11-02,sz.002812,65.4500,65.5200,62.8800,63.0600,64.7800,15618431,993648819.5200
2023-11-03,sz.002812,63.0000,64.2500,62.7700,63.5400,63.0600,15304821,973143149.4300
2023-11-06,sz.002812,63.4600,69.8000,63.4600,69.2500,63.5400,33877182,2282480229.9600
2023-11-07,sz.002812,69.4900,69.5000,67.7700,68.4000,69.2500,18920860,1293130745.0700
2023-11-08,sz.002812,68.0100,72.0300,68.0100,70.0800,68.4000,27449746,1933084601.1500
2023-11-09,sz.002812,70.2400,71.5700,69.3800,69.6200,70.0800,18396972,1293363981.6700
2023-11-10,sz.002812,69.1000,69.5900,68.1200,68.2000,69.6200,12201001,835233246.8800
2023-11-13,sz.002812,68.4100,69.9000,67.5000,67.9900,68.2000,12091518,823235326.7200
2023-11-14,sz.002812,67.9500,68.4000,66.5000,67.4100,67.9900,14229666,956268748.2600
2023-11-15,sz.002812,68.6800,68.7500,66.9500,67.3400,67.4100,20221122,1370576487.5300
2023-11-16,sz.002812,66.9800,67.1800,65.6800,65.7400,67.3400,13289689,879384282.1900
2023-11-17,sz.002812,65.1000,66.1800,65.0100,65.8900,65.7400,9777111,643033307.8300
2023-11-20,sz.002812,66.1400,66.2800,64.0800,64.7000,65.8900,16287024,1053601513.7100
2023-11-21,sz.002812,64.6300,65.3500,63.9000,63.9000,64.7000,13152652,848800051.7800
2023-11-22,sz.002812,63.5000,63.6800,61.5000,61.5600,63.9000,18291027,1140943114.8300
2023-11-23,sz.002812,61.3600,61.8800,60.8000,61.3000,61.5600,12168053,744448893.0300
2023-11-24,sz.002812,61.3100,61.4400,60.0000,60.1600,61.3000,10762730,651367252.3100
2023-11-27,sz.002812,60.0000,60.0000,58.6700,59.1600,60.1600,10628555,628894248.7100
2023-11-28,sz.002812,58.8000,61.1900,58.6500,60.4300,59.1600,14604426,880412807.4600
2023-11-29,sz.002812,60.0800,60.1000,58.8000,58.8500,60.4300,11240052,666143665.6500
2023-11-30,sz.002812,58.6900,60.0600,58.3500,58.8700,58.8500,10422344,615362977.4200
2023-12-01,sz.002812,59.0000,59.3700,57.5800,58.1300,58.8700,13319768,776951444.2500
2023-12-04,sz.002812,57.8100,58.4500,57.0700,57.6200,58.1300,9145703,527427145.3900
2023-12-05,sz.002812,57.1600,58.8200,56.8100,56.9200,57.6200,12060018,696991097.3300
2023-12-06,sz.002812,56.7600,59.5600,56.5100,58.5900,56.9200,18008666,1059471665.9800
2023-12-07,sz.002812,58.4200,58.4800,57.3900,57.8000,58.5900,11499360,664813119.9400
2023-12-08,sz.002812,58.0500,58.3500,56.8000,56.8600,57.8000,10272488,587032267.2700
2023-12-11,sz.002812,56.0000,56.2400,55.0300,56.2000,56.8600,14446969,803697280.5800
2023-12-12,sz.002812,55.8600,57.2600,55.7800,56.5800,56.2000,9129900,516903262.4700
2023-12-13,sz.002812,56.1000,56.2800,54.4400,54.4700,56.5800,12352257,681350184.3400
2023-12-14,sz.002812,54.8000,55.5800,53.3800,53.4000,54.4700,11967317,648326127.1200
2023-12-15,sz.002812,53.6000,54.3700,52.6600,52.9500,53.4000,13226538,707114243.8200
2023-12-18,sz.002812,52.3200,52.8800,51.3600,51.4100,52.9500,12019899,622947402.3700
2023-12-19,sz.002812,51.3900,51.9200,50.7800,51.2500,51.4100,10978541,563584207.2400
2023-12-20,sz.002812,51.1900,51.4700,50.1800,50.7200,51.2500,19776615,1003442297.1500
2023-12-21,sz.002812,50.4000,51.9400,50.0500,51.3900,50.7200,28034604,1427202431.4700
2023-12-22,sz.002812,51.0100,54.4900,50.5000,53.1800,51.3900,29870360,1571356997.0800
2023-12-25,sz.002812,52.8700,53.8000,52.5000,53.6400,53.1800,15041581,801131906.4300
2023-12-26,sz.002812,53.5200,54.3200,53.1800,53.8400,53.6400,13419699,721895558.1900
2023-12-27,sz.002812,53.7600,53.8900,52.9200,53.3400,53.8400,13259507,706298502.9400
2023-12-28,sz.002812,53.0700,57.3500,53.0700,56.8300,53.3400,26046915,1456067261.4400
2023-12-29,sz.002812,56.7000,57.5300,56.3800,56.8200,56.8300,14621949,830468583.3300
2024-01-02,sz.002812,56.8200,56.8200,54.8700,54.8700,56.8200,12499699,694036685.3200
2024-01-03,sz.002812,54.7200,55.4800,54.2800,54.8800,54.8700,10821917,592141711.7400
2024-01-04,sz.002812,54.9100,54.9700,53.0700,53.2900,54.8800,9995843,535655653.7300
2024-01-05,sz.002812,53.1000,55.0500,52.0100,52.3900,53.2900,13709954,733544043.7100
2024-01-08,sz.002812,52.2500,53.4600,50.9300,51.0100,52.3900,11928549,617357734.0300
2024-01-09,sz.002812,51.0100,52.2500,49.8800,51.2700,51.0100,13037850,666310935.7700
2024-01-10,sz.002812,50.8000,53.0600,50.3300,51.2000,51.2700,15251877,789671466.4900
2024-01-11,sz.002812,51.2700,54.7200,50.8600,54.1800,51.2000,23017103,1222720831.9200
2024-01-12,sz.002812,53.7500,54.5400,53.2800,53.3800,54.1800,13668214,735328857.7900
2024-01-15,sz.002812,52.9500,53.3500,51.9400,52.3900,53.3800,10789877,566031265.4400
2024-01-16,sz.002812,52.2000,53.7400,51.8100,52.7600,52.3900,12288907,646018565.2400
2024-01-17,sz.002812,52.5100,52.5100,51.0600,51.1000,52.7600,9720169,502585064.1800
2024-01-18,sz.002812,50.5100,52.0000,50.2000,51.9200,51.1000,15640901,799712860.3100
2024-01-19,sz.002812,51.6000,53.1700,50.8000,50.8000,51.9200,13503543,699300870.4700
2024-01-22,sz.002812,50.1300,50.5500,48.5200,48.7500,50.8000,15204177,753645111.9400
2024-01-23,sz.002812,48.3600,50.2600,47.7100,49.0600,48.7500,11822320,582236320.6200
2024-01-24,sz.002812,49.3500,49.5000,47.0800,48.7600,49.0600,13093757,631400980.9600
2024-01-25,sz.002812,48.0700,49.5200,47.5800,49.4600,48.7600,13798793,673361822.1600
2024-01-26,sz.002812,49.0200,49.7400,47.7900,47.8100,49.4600,14071222,683106451.4300
2024-01-29,sz.002812,47.6500,48.0800,45.0100,45.0100,47.8100,15504134,717028999.8600
2024-01-30,sz.002812,44.6300,45.4000,43.5900,43.6500,45.0100,11516826,512940823.4000
2024-01-31,sz.002812,43.6700,45.3200,42.4900,42.4900,43.6500,13562845,592603160.9400
2024-02-01,sz.002812,42.4200,43.0800,41.6500,42.1000,42.4900,12361703,522731424.0100
2024-02-02,sz.002812,42.3500,42.6500,38.8000,40.4000,42.1000,16810446,687253136.6000
2024-02-05,sz.002812,39.9000,40.2800,36.9800,38.6400,40.4000,20700200,803961167.2600
2024-02-06,sz.002812,38.4900,41.4500,38.3800,41.4400,38.6400,18328854,733664254.6500
2024-02-07,sz.002812,41.4800,42.5700,40.8500,41.5700,41.4400,18684538,779701934.1900
2024-02-08,sz.002812,42.0000,43.1500,41.0300,42.6500,41.5700,19737038,833146171.7900
2024-02-19,sz.002812,42.6500,42.8000,41.4400,42.3500,42.6500,14994839,630951201.5500
2024-02-20,sz.002812,42.0000,42.5800,41.6000,42.4600,42.3500,11269827,473541433.2100
2024-02-21,sz.002812,42.1400,44.3900,41.7600,43.2800,42.4600,17679069,767218763.8600
2024-02-22,sz.002812,43.0000,43.9900,42.9300,43.9800,43.2800,10799316,471577213.3200
2024-02-23,sz.002812,44.0000,44.6600,43.6400,44.3500,43.9800,12660763,559526129.9500
2024-02-26,sz.002812,44.3400,45.1900,43.9800,44.4500,44.3500,12205137,543496440.6400
2024-02-27,sz.002812,44.1900,45.2800,44.0400,45.2500,44.4500,10350154,462715949.3300
2024-02-28,sz.002812,45.4800,47.5500,44.0400,44.0500,45.2500,23881494,1100161415.6600
2024-02-29,sz.002812,43.4800,45.8900,43.3000,45.8900,44.0500,18477222,831041620.0800
2024-03-01,sz.002812,45.5800,46.4200,45.2800,45.6000,45.8900,12214576,558342532.8400
2024-03-04,sz.002812,45.3700,46.0000,44.6900,44.9300,45.6000,10824955,489430644.3800
2024-03-05,sz.002812,44.5000,44.5000,43.7300,44.0500,44.9300,11887326,523821760.1300
2024-03-06,sz.002812,43.7700,45.3800,43.5600,44.2600,44.0500,11150642,493277938.0900
2024-03-07,sz.002812,44.2700,44.3900,42.5100,42.5100,44.2600,12854823,557186183.1200
2024-03-08,sz.002812,42.4200,43.9400,41.9900,42.5100,42.5100,13060304,558523272.4200
2024-03-11,sz.002812,43.1000,46.7600,43.0700,46.7600,42.5100,29945175,1361451768.2400
2024-03-12,sz.002812,48.2000,48.3200,47.3800,47.9800,46.7600,37286987,1786540603.7800
2024-03-13,sz.002812,48.0300,48.5000,47.2300,47.4800,47.9800,17857946,852715631.7600
2024-03-14,sz.002812,47.2400,47.8700,45.8900,46.2700,47.4800,15008939,702787842.3500
2024-03-15,sz.002812,46.0000,46.5500,44.9600,45.8800,46.2700,12996119,592555839.9100
2024-03-18,sz.002812,46.5600,47.2000,45.9000,46.8300,45.8800,17865959,831623806.1900
2024-03-19,sz.002812,46.7000,46.7300,45.6400,45.6400,46.8300,14554818,670249803.8300
2024-03-20,sz.002812,45.6500,46.1800,45.1000,45.6200,45.6400,14654732,666041451.2300
2024-03-21,sz.002812,45.4000,45.8100,44.5600,44.7200,45.6200,13661079,614656263.5300
2024-03-22,sz.002812,44.6300,44.8600,42.4800,42.5200,44.7200,19813290,854036270.7300
2024-03-25,sz.002812,42.1600,42.3000,40.7300,40.7600,42.5200,18009776,746168696.0800
2024-03-26,sz.002812,40.7600,44.4900,40.7600,43.3000,40.7600,31939574,1359000229.6300
2024-03-27,sz.002812,43.1300,43.4200,40.5500,40.5600,43.3000,20871478,869743676.5800
2024-03-28,sz.002812,40.5000,41.4700,40.4600,40.7600,40.5600,15151989,619957938.7000
2024-03-29,sz.002812,40.7800,42.6700,40.7700,41.5500,40.7600,17509673,733341815.8500
2024-04-01,sz.002812,41.7900,43.1000,41.7900,43.0500,41.5500,17919183,767692014.4000
2024-04-02,sz.002812,43.0600,44.1500,42.4700,43.7400,43.0500,20157878,874840731.1300
2024-04-03,sz.002812,43.6000,44.5500,42.9000,43.3600,43.7400,19244943,841187780.6800
2024-04-08,sz.002812,42.9800,43.8900,41.6500,41.6700,43.3600,14830689,629668578.2200
2024-04-09,sz.002812,41.6400,44.7800,41.6400,44.3500,41.6700,30855690,1355068516.7500
2024-04-10,sz.002812,44.2900,44.5000,42.7500,42.9900,44.3500,15734739,681224310.0500
2024-04-11,sz.002812,42.5200,42.8900,41.7400,42.3600,42.9900,14674476,621191518.9300
2024-04-12,sz.002812,42.2600,42.3100,40.9000,40.9600,42.3600,16130040,665559550.4900
2024-04-15,sz.002812,41.1800,45.0600,41.1800,45.0600,40.9600,47341840,2106092249.0900
2024-04-16,sz.002812,45.2200,45.9900,42.3600,42.5300,45.0600,37011603,1613792145.3100
2024-04-17,sz.002812,42.4500,44.1300,42.4500,43.7500,42.5300,28041984,1219995998.0400
2024-04-18,sz.002812,43.3000,44.5500,42.3500,43.2000,43.7500,26408902,1148356656.6100
2024-04-19,sz.002812,42.5800,42.7500,41.0000,41.4000,43.2000,26648374,1107911399.0200
2024-04-22,sz.002812,40.8300,41.3000,38.9100,39.8200,41.4000,19526699,780531691.5900
2024-04-23,sz.002812,39.8200,40.2000,38.8300,39.0100,39.8200,15697033,616733867.4900
2024-04-24,sz.002812,38.5300,38.8300,37.0100,37.7500,39.0100,20771832,783726035.7800
2024-04-25,sz.002812,36.0100,40.0900,36.0000,39.5200,37.7500,30915720,1192590607.3000
2024-04-26,sz.002812,39.2900,40.0800,38.6500,39.6000,39.5200,18253755,718374108.0500
2024-04-29,sz.002812,39.5700,43.2000,39.5000,42.6200,39.6000,30887481,1298004695.5200
2024-04-30,sz.002812,42.4200,42.7800,41.5000,41.6100,42.6200,13535118,567707838.9000
2024-05-06,sz.002812,43.1000,44.2300,43.1000,43.2400,41.6100,19272391,838801935.4100
2024-05-07,sz.002812,43.4000,43.8600,42.7900,43.8600,43.2400,12840570,557330288.4200
2024-05-08,sz.002812,43.6800,43.6800,42.5300,42.5800,43.8600,9769888,420598811.2800
2024-05-09,sz.002812,43.3000,44.9500,43.3000,44.2200,42.5800,19386631,858198654.6500
2024-05-10,sz.002812,44.0500,44.1500,42.9400,43.2100,44.2200,11511900,498978841.8000
2024-05-13,sz.002812,42.3800,42.6400,41.6300,41.7100,43.2100,11376798,477674563.6700
2024-05-14,sz.002812,41.8900,42.3800,41.4200,41.5500,41.7100,8931775,372895394.5100
2024-05-15,sz.002812,41.9000,42.3600,40.9000,40.9500,41.5500,8221209,340525954.9000
2024-05-16,sz.002812,41.2200,41.4900,40.4400,40.7200,40.9500,8544182,349730666.6400
2024-05-17,sz.002812,40.9900,41.6200,40.2600,41.5500,40.7200,9043500,370249636.5900
2024-05-20,sz.002812,41.6000,42.1400,41.0600,41.1900,41.5500,10121154,420205458.5600
2024-05-21,sz.002812,41.1400,41.2800,40.3500,40.6500,41.1900,8263190,335499699.9800
2024-05-22,sz.002812,40.8200,41.6600,40.5600,41.5500,40.6500,13114043,540822262.2900
2024-05-23,sz.002812,41.5000,41.5000,39.7200,39.8500,41.5500,13252939,533736844.2900
2024-05-24,sz.002812,39.7700,40.5900,39.1900,39.5000,39.8500,13721826,545931679.8300
2024-05-27,sz.002812,39.6300,39.9000,38.4000,39.6500,39.5000,10109872,393988044.4600
2024-05-28,sz.002812,39.8000,40.1500,39.0300,39.0600,39.6500,7843116,309507843.7500
2024-05-29,sz.002812,39.2600,40.8100,39.1400,39.8500,39.0600,11805969,473529297.2400
2024-05-30,sz.002812,39.9800,40.0100,39.4000,39.7000,39.8500,7516066,297913779.6900
2024-05-31,sz.002812,39.7200,40.4000,39.5200,39.5700,39.7000,10659549,423949070.2400
2024-06-03,sz.002812,38.1200,38.1500,37.2200,37.6400,38.0400,8561101,321017407.4800
2024-06-04,sz.002812,37.5800,38.2300,37.1900,37.9800,37.6400,8655242,327727582.2500
2024-06-05,sz.002812,37.9900,40.5000,37.8100,39.2500,37.9800,22543715,892240268.7300
2024-06-06,sz.002812,39.1000,39.4900,37.9000,38.1300,39.2500,12944775,498807521.6600
2024-06-07,sz.002812,38.2100,38.3200,36.3900,36.9000,38.1300,13762118,510248518.7900
2024-06-11,sz.002812,36.6900,37.4500,36.0800,37.2000,36.9000,7736411,285777563.0700
2024-06-12,sz.002812,37.0100,37.1200,36.6000,37.0800,37.2000,8230335,303473507.5400
2024-06-13,sz.002812,36.9100,37.3000,36.3000,36.4000,37.0800,9955677,365182949.6900
2024-06-14,sz.002812,36.0700,36.5000,35.6000,36.1300,36.4000,10699733,384675916.0000
2024-06-17,sz.002812,35.8600,38.4300,35.7800,37.5200,36.1300,20190319,754619934.0000
2024-06-18,sz.002812,37.3100,37.4900,36.6200,36.8100,37.5200,10861047,401505116.8000
2024-06-19,sz.002812,36.9200,36.9700,36.0300,36.0600,36.8100,8336377,302369409.0600
2024-06-20,sz.002812,36.0700,36.2300,34.9100,34.9500,36.0600,10682682,377998075.0300
2024-06-21,sz.002812,34.8300,35.1800,34.3300,34.6000,34.9500,8806227,305312596.5500
2024-06-24,sz.002812,34.3600,34.4200,32.8000,33.0100,34.6000,17622390,585954249.1900
2024-06-25,sz.002812,32.9300,33.1300,32.3300,32.6800,33.0100,9255150,302680548.0000
2024-06-26,sz.002812,32.7000,33.5200,32.1100,33.3900,32.6800,11211521,369116380.3100
2024-06-27,sz.002812,33.1000,33.2300,32.0500,32.1500,33.3900,10514078,342368614.0800
2024-06-28,sz.002812,32.1000,32.5400,31.3100,31.6500,32.1500,13405854,428002159.9600
2024-07-01,sz.002812,31.3500,32.4000,30.9600,31.7800,31.6500,10991210,346747887.6200
2024-07-02,sz.002812,31.6200,32.1700,31.2700,31.3400,31.7800,8116470,257134517.9400
2024-07-03,sz.002812,31.4400,32.1400,31.0700,31.6100,31.3400,9451074,298795031.0100
2024-07-04,sz.002812,31.6200,31.7600,30.7700,30.8100,31.6100,7908700,245838611.8800
2024-07-05,sz.002812,30.8000,31.1000,30.5100,30.9200,30.8100,6700419,206690812.5300
2024-07-08,sz.002812,30.3900,30.3900,29.4300,29.6400,30.9200,11739078,351039832.1200
2024-07-09,sz.002812,29.6000,29.8900,28.9200,29.5900,29.6400,13301814,390968297.4200
2024-07-10,sz.002812,29.3300,30.4600,29.1900,29.4000,29.5900,12289048,367414049.9300
2024-07-11,sz.002812,29.9900,31.0000,29.7700,30.8000,29.4000,17834133,544276882.2100
2024-07-12,sz.002812,30.7000,31.1800,30.5500,30.6800,30.8000,11360309,350420423.2500
2024-07-15,sz.002812,30.5000,30.6800,29.8300,29.8600,30.6800,9842153,296203781.2800
2024-07-16,sz.002812,29.8500,30.3200,29.7100,30.1300,29.8600,8756101,262642370.4600
2024-07-17,sz.002812,30.0300,31.0300,30.0000,30.5200,30.1300,12611061,385181836.8800
2024-07-18,sz.002812,30.3300,30.4000,29.8800,30.3000,30.5200,9604854,289536664.2600
2024-07-19,sz.002812,30.1000,31.0000,29.9300,30.4000,30.3000,11932733,364025738.2900
2024-07-22,sz.002812,30.4000,30.7900,29.8300,29.9700,30.4000,9773885,295438470.6200
2024-07-23,sz.002812,29.9600,30.1200,28.6600,28.6700,29.9700,12776740,375131375.6000
2024-07-24,sz.002812,28.2000,28.8000,27.9600,28.0000,28.6700,12016009,339666075.8500
2024-07-25,sz.002812,27.8800,29.5800,27.8200,28.8600,28.0000,16451452,475736488.3600
2024-07-26,sz.002812,28.9500,30.2500,28.8700,30.0300,28.8600,15471998,461791691.3300
2024-07-29,sz.002812,30.0000,30.2100,29.2000,29.4500,30.0300,10248498,302208259.6900
2024-07-30,sz.002812,29.4100,29.4700,28.9200,29.2600,29.4500,9133257,266175889.6900
2024-07-31,sz.002812,29.2900,30.8200,29.0800,30.8200,29.2600,13594839,410978402.7800
2024-08-01,sz.002812,30.7600,30.9200,30.1000,30.2800,30.8200,10660977,324316617.5700
2024-08-02,sz.002812,30.2000,30.6600,29.8800,29.8900,30.2800,8129232,245748092.4000
2024-08-05,sz.002812,29.9000,30.8400,29.5600,29.5600,29.8900,11558469,348933868.8600
2024-08-06,sz.002812,30.0000,30.3500,29.5800,30.0000,29.5600,9299106,278784913.0800
2024-08-07,sz.002812,29.9600,29.9700,29.5700,29.7400,30.0000,6980638,207852719.4900
2024-08-08,sz.002812,29.5500,29.8500,29.3300,29.5000,29.7400,6975410,206120655.0000
2024-08-09,sz.002812,29.7400,30.0900,28.8200,28.8200,29.5000,8191270,240053035.1600
2024-08-12,sz.002812,28.9000,29.2200,28.1900,28.3000,28.8200,8869896,252231643.9600
2024-08-13,sz.002812,28.3600,28.7900,27.7600,28.3700,28.3000,10624487,299577067.8800
2024-08-14,sz.002812,28.3500,28.6600,27.5300,27.6000,28.3700,10466588,291072595.4500
2024-08-15,sz.002812,27.4900,28.1400,27.2400,27.7100,27.6000,10467526,289945491.9100
2024-08-16,sz.002812,27.7900,27.8800,27.0700,27.0700,27.7100,9315991,254846319.7600
2024-08-19,sz.002812,27.0100,27.3300,26.7200,26.7400,27.0700,8389242,226230386.3500
2024-08-20,sz.002812,26.7600,27.1700,26.2800,26.3300,26.7400,9281052,247372147.5100
2024-08-21,sz.002812,26.2100,26.8400,26.1000,26.4400,26.3300,10103732,268065609.9500
2024-08-22,sz.002812,26.5000,26.5800,25.7500,25.7800,26.4400,8727390,228205546.9400
2024-08-23,sz.002812,25.6600,25.9600,25.3900,25.3900,25.7800,7749260,197837856.5700
2024-08-26,sz.002812,25.4900,26.9900,25.4500,26.1400,25.3900,13206524,347722993.8300
2024-08-27,sz.002812,26.0100,26.1800,25.3100,25.4100,26.1400,9201218,235943652.3500
2024-08-28,sz.002812,25.4100,25.6600,25.1300,25.4800,25.4100,6961740,177018692.4000
2024-08-29,sz.002812,25.4200,26.7400,25.3100,26.5800,25.4800,14456086,379164315.6400
2024-08-30,sz.002812,26.5800,27.3700,26.4200,26.9100,26.5800,14397255,388703145.0500
2024-09-02,sz.002812,26.8900,27.2400,26.1900,26.1900,26.9100,9596625,255147555.8500
2024-09-03,sz.002812,26.1200,27.1000,25.8600,26.6200,26.1900,10392940,276211539.9600
2024-09-04,sz.002812,26.4000,28.0600,26.4000,27.5100,26.6200,22954501,632796842.6800
2024-09-05,sz.002812,27.3300,28.4000,27.3000,27.4500,27.5100,13769861,381615734.9600
2024-09-06,sz.002812,27.4900,27.5100,26.6000,26.6500,27.4500,8743815,235456860.1400
2024-09-09,sz.002812,26.3200,26.9000,26.1900,26.4300,26.6500,7374661,195230642.0000
2024-09-10,sz.002812,26.4300,26.5300,25.7900,25.8200,26.4300,10419539,270993207.2000
2024-09-11,sz.002812,25.8300,27.1500,25.7300,26.8500,25.8200,17935236,478035684.4400
2024-09-12,sz.002812,26.7400,26.9600,26.1100,26.1300,26.8500,11874466,314153800.9500
2024-09-13,sz.002812,26.1300,26.2600,25.0000,25.0000,26.1300,13847504,352393022.9800
2024-09-18,sz.002812,24.9400,25.1000,24.4000,24.6500,25.0000,7730355,190445709.1900
2024-09-19,sz.002812,24.8400,25.4600,24.4300,25.1800,24.6500,11998442,299927096.8200
2024-09-20,sz.002812,25.1900,25.2000,24.4600,24.6000,25.1800,10657782,263468860.8400
2024-09-23,sz.002812,24.5800,24.9400,24.4200,24.4700,24.6000,9055809,222978993.9100
2024-09-24,sz.002812,24.7200,26.6800,24.6800,26.6700,24.4700,30095796,774258388.7800
2024-09-25,sz.002812,27.0000,27.7700,26.9200,26.9500,26.6700,26535869,723507520.3200
2024-09-26,sz.002812,26.9500,28.3100,26.7500,28.2900,26.9500,23120943,636986476.8200
2024-09-27,sz.002812,28.7100,31.1200,28.7100,31.1000,28.2900,35359188,1070538226.3600
2024-09-30,sz.002812,33.2000,34.2100,32.3300,34.2100,31.1000,38991877,1307670327.1800
2024-10-08,sz.002812,37.6300,37.6300,35.6900,37.6300,34.2100,45209790,1681857541.5300
2024-10-09,sz.002812,37.6300,38.6200,35.2100,35.7300,37.6300,45454847,1679695049.1100
2024-10-10,sz.002812,35.9000,36.4400,34.3500,35.4100,35.7300,27303646,971860336.7900
2024-10-11,sz.002812,35.0400,35.2600,32.7000,33.2600,35.4100,21516832,728292461.9300
2024-10-14,sz.002812,33.3900,33.7900,32.4000,33.4500,33.2600,17364016,575529087.2200
2024-10-15,sz.002812,33.4000,33.5600,32.4000,32.4000,33.4500,16670879,548611906.7300
2024-10-16,sz.002812,31.8000,32.2000,31.3000,31.5300,32.4000,14799304,469056769.8200
2024-10-17,sz.002812,31.6000,31.9900,31.0600,31.0900,31.5300,11195736,352621905.4900
2024-10-18,sz.002812,31.0100,33.0800,30.6800,32.1800,31.0900,23024228,732104897.9100
2024-10-21,sz.002812,32.3200,33.3300,32.1200,32.6700,32.1800,21264375,694323940.5000
2024-10-22,sz.002812,32.5300,33.4800,32.1100,33.4600,32.6700,17526078,576494101.6700
2024-10-23,sz.002812,33.4900,34.3500,32.9000,33.9000,33.4600,26565713,893741514.8000
2024-10-24,sz.002812,33.6000,33.7900,32.7000,32.9400,33.9000,17013876,563148415.7000
2024-10-25,sz.002812,33.0000,36.2300,33.0000,35.8500,32.9400,45303313,1601385421.5000
2024-10-28,sz.002812,35.9000,36.1000,34.7800,36.1000,35.8500,27814404,985071027.9000
2024-10-29,sz.002812,36.3600,36.9800,34.8100,34.8900,36.1000,22267623,792175477.1000
2024-10-30,sz.002812,34.3800,35.0000,34.2000,34.7000,34.8900,15405021,532988576.7500
2024-10-31,sz.002812,34.6300,35.8500,34.4200,35.6000,34.7000,19980614,704131390.8700
2024-11-01,sz.002812,35.3900,36.0900,34.0300,34.2000,35.6000,18254863,634586203.5400
2024-11-04,sz.002812,34.3000,35.2800,33.9000,34.7700,34.2000,11234359,389546536.3300
2024-11-05,sz.002812,34.7400,36.3600,34.4000,36.2800,34.7700,25790008,924512798.5700
2024-11-06,sz.002812,36.4700,37.9500,36.4500,36.6800,36.2800,27301039,1016371288.4500
2024-11-07,sz.002812,37.0300,39.0300,36.9000,39.0000,36.6800,31369749,1197579541.0800
2024-11-08,sz.002812,40.0000,40.5500,37.7600,37.9000,39.0000,34830200,1362253902.4800
2024-11-11,sz.002812,37.5100,41.6900,37.4800,41.6900,37.9000,42359303,1707536009.7800
2024-11-12,sz.002812,42.0000,42.8400,40.0100,40.2700,41.6900,41087736,1702958068.7300
2024-11-13,sz.002812,40.0000,41.3000,39.3800,40.6000,40.2700,26177918,1054406615.6300
2024-11-14,sz.002812,41.2200,41.3700,39.1800,39.2700,40.6000,24886630,1004265967.3300
2024-11-15,sz.002812,38.8000,39.4900,37.5800,37.5900,39.2700,20858417,805219457.3000
2024-11-18,sz.002812,37.9500,38.8500,37.0100,37.3800,37.5900,18689797,710507785.1200
2024-11-19,sz.002812,37.4100,39.8900,36.3500,39.8500,37.3800,25817749,979460058.3500
2024-11-20,sz.002812,39.5000,40.0500,38.9000,39.4300,39.8500,22510180,885612076.3400
2024-11-21,sz.002812,39.1600,40.8800,39.1500,39.7200,39.4300,22131901,884563255.9300
2024-11-22,sz.002812,39.5000,40.7300,38.8000,38.8300,39.7200,21785879,864547970.2700
2024-11-25,sz.002812,39.6600,41.5000,39.5000,40.3200,38.8300,26822102,1083603470.1400
2024-11-26,sz.002812,40.4900,40.4900,37.8000,37.8500,40.3200,21733264,841021051.0300
2024-11-27,sz.002812,37.3800,38.0000,36.3500,37.9800,37.8500,17697093,656340060.2700
2024-11-28,sz.002812,37.7100,38.2400,36.8600,36.9400,37.9800,12838958,480176627.2800
2024-11-29,sz.002812,36.8900,37.9900,36.4000,37.2500,36.9400,13790213,512542569.4500
2024-12-02,sz.002812,37.0000,37.7600,36.6700,37.5500,37.2500,12450361,465112193.1700
2024-12-03,sz.002812,37.6600,37.7800,36.6000,36.8500,37.5500,13728833,507166918.4300
2024-12-04,sz.002812,36.5600,36.8500,35.5300,35.6700,36.8500,14152136,510201636.2100
2024-12-05,sz.002812,35.6600,36.2500,35.5700,35.9200,35.6700,10044602,360385116.4500
2024-12-06,sz.002812,35.8800,36.8800,35.4600,36.6000,35.9200,12636938,458986336.0000
2024-12-09,sz.002812,36.3300,36.9300,36.1600,36.8600,36.6000,10068587,368195585.2300
2024-12-10,sz.002812,38.0000,38.2000,36.7300,36.7600,36.8600,14279790,533185723.4900
2024-12-11,sz.002812,36.6800,37.1000,36.5900,36.7700,36.7600,8035414,296170683.5000
2024-12-12,sz.002812,36.6800,36.8500,36.1900,36.5400,36.7700,9754643,355840967.3700
2024-12-13,sz.002812,36.2500,36.3500,35.3100,35.3300,36.5400,13913537,495538550.6200
2024-12-16,sz.002812,35.4700,35.6000,34.0500,34.3000,35.3300,13079868,452975913.7400
2024-12-17,sz.002812,34.3200,34.7600,33.9700,34.1200,34.3000,9028144,310085679.8600
2024-12-18,sz.002812,34.2800,34.4000,33.7600,33.8000,34.1200,7616186,259049828.2200
2024-12-19,sz.002812,33.4600,33.6300,33.1100,33.5200,33.8000,8456433,282225174.6200
2024-12-20,sz.002812,33.5200,34.1600,33.5000,33.7700,33.5200,8512704,287935353.9400
2024-12-23,sz.002812,33.7700,34.1500,33.0300,33.0300,33.7700,9248635,310583556.2700
2024-12-24,sz.002812,33.4500,33.9300,33.2500,33.5800,33.0300,8141670,273303430.3100
2024-12-25,sz.002812,33.5400,33.7800,32.8000,32.9500,33.5800,7322259,242421393.4800
2024-12-26,sz.002812,33.1000,33.4000,32.9800,33.0600,32.9500,5978429,198371870.1400
2024-12-27,sz.002812,33.0300,33.4900,32.9100,33.1600,33.0600,7322461,243448640.1800
2024-12-30,sz.002812,33.1000,33.4200,32.8500,33.1000,33.1600,6649350,220242158.5100
2024-12-31,sz.002812,33.0300,33.2000,31.9600,31.9900,33.1000,10927468,353719168.7000
2025-01-02,sz.002812,31.9600,32.1400,30.8000,31.0300,31.9900,10592287,332923744.3300
2025-01-03,sz.002812,31.0500,31.2800,30.1400,30.1400,31.0300,9429841,289377811.7700
2025-01-06,sz.002812,30.1900,30.6500,29.8500,30.1700,30.1400,7698990,232799244.7800
2025-01-07,sz.002812,30.1000,30.4700,29.8900,30.4600,30.1700,6311186,190656393.6300
2025-01-08,sz.002812,30.2800,30.3500,29.2000,30.0100,30.4600,9411985,280640226.3500
2025-01-09,sz.002812,29.7800,30.4500,29.7800,30.0700,30.0100,6374106,192453830.3500
2025-01-10,sz.002812,30.1200,30.3900,29.1600,29.1700,30.0700,7168511,213285048.3900
2025-01-13,sz.002812,28.9400,30.0000,28.7800,29.8600,29.1700,8828130,261725057.4700
2025-01-14,sz.002812,29.9000,30.7700,29.8100,30.6600,29.8600,9660466,293047789.2000
2025-01-15,sz.002812,32.9900,33.0000,31.4300,31.5200,30.6600,21064310,676181932.2600
2025-01-16,sz.002812,31.5000,32.0700,30.9000,31.3000,31.5200,12836067,403567340.0600
2025-01-17,sz.002812,31.2700,31.6400,30.9500,31.1600,31.3000,7259299,226496350.1100
2025-01-20,sz.002812,31.3300,31.6600,31.1600,31.2600,31.1600,7418763,232374905.3900
2025-01-21,sz.002812,31.4000,31.4800,30.7100,30.8700,31.2600,6865828,212264946.4400
2025-01-22,sz.002812,30.0200,30.0200,29.0700,29.3000,30.8700,14997382,442312557.1000
2025-01-23,sz.002812,29.6100,29.9800,28.8800,28.9600,29.3000,10881410,320392507.8800
2025-01-24,sz.002812,29.0000,29.5400,28.8100,29.4000,28.9600,8090950,236856431.6800
2025-01-27,sz.002812,29.5000,29.8800,28.9000,28.9000,29.4000,7284100,212728505.0000
2025-02-05,sz.002812,29.0500,29.2300,28.8000,29.1600,28.9000,7875157,228399058.4900
2025-02-06,sz.002812,29.0500,29.9900,28.6900,29.9800,29.1600,12704494,375491298.1500
2025-02-07,sz.002812,29.9600,30.6800,29.8800,30.2500,29.9800,13523255,410224257.1900
2025-02-10,sz.002812,30.2600,30.9300,29.9500,30.7900,30.2500,12416107,377811732.7000
2025-02-11,sz.002812,30.9900,31.4900,30.3500,30.5300,30.7900,11342032,347820782.5500
2025-02-12,sz.002812,30.3100,31.3900,30.3100,31.1600,30.5300,12437728,382703203.1700
2025-02-13,sz.002812,31.1000,31.6900,30.9300,30.9500,31.1600,13653769,428457720.1100
2025-02-14,sz.002812,30.8700,31.8500,30.8300,31.3800,30.9500,11997645,375961004.4300
2025-02-17,sz.002812,31.5000,31.7800,31.0700,31.3100,31.3800,11165433,351013428.3700
2025-02-18,sz.002812,31.6800,32.7700,31.4300,31.6300,31.3100,22952957,736324403.7500
2025-02-19,sz.002812,31.4000,31.7600,30.9300,31.7600,31.6300,14503585,455627723.8500
2025-02-20,sz.002812,31.5300,31.5900,31.0500,31.2600,31.7600,10742080,336039251.5900
2025-02-21,sz.002812,31.2500,31.8800,31.2000,31.7500,31.2600,16771446,530515533.8900
2025-02-24,sz.002812,31.7300,32.5000,31.3600,31.9400,31.7500,14729485,468972989.3100
2025-02-25,sz.002812,31.6000,32.2400,31.4600,31.9700,31.9400,10859112,345993775.9200
2025-02-26,sz.002812,32.0200,33.0700,31.7700,32.9600,31.9700,18238536,594944562.4300
2025-02-27,sz.002812,33.0100,34.3900,32.7300,33.4500,32.9600,29722761,998936964.6200
2025-02-28,sz.002812,33.4000,34.1500,32.5400,32.6800,33.4500,21511441,717969506.3400
2025-03-03,sz.002812,33.0900,35.4500,33.0400,34.8400,32.6800,35653775,1227099411.6000
2025-03-04,sz.002812,34.0000,34.0900,33.1300,33.8700,34.8400,23263555,779275904.6900
2025-03-05,sz.002812,33.6000,33.6300,32.7900,33.0300,33.8700,14538254,480667945.4100
2025-03-06,sz.002812,33.3100,33.6600,33.0000,33.4700,33.0300,13911748,464708891.5600
2025-03-07,sz.002812,33.3300,33.3300,32.4900,32.6000,33.4700,13555814,445271935.0800
2025-03-10,sz.002812,32.5000,32.9000,32.4400,32.7400,32.6000,8182530,267395409.7000
2025-03-11,sz.002812,32.4000,32.8000,32.1700,32.7800,32.7400,9453751,306260472.9300
2025-03-12,sz.002812,32.8500,32.9900,32.5500,32.6000,32.7800,8476030,277482106.9000
2025-03-13,sz.002812,32.6300,34.2800,32.6300,33.2200,32.6000,19496597,653873469.5700
2025-03-14,sz.002812,33.0000,34.2700,32.6600,33.8900,33.2200,20010757,672355508.4700
2025-03-17,sz.002812,34.0500,35.2700,33.7000,34.9800,33.8900,23737670,819751281.7100
2025-03-18,sz.002812,34.9000,35.1200,34.4800,34.5700,34.9800,15150551,526785418.1600
2025-03-19,sz.002812,34.5500,34.6300,33.6100,33.8900,34.5700,12727142,433526650.5800
2025-03-20,sz.002812,33.8300,34.1000,33.4000,33.4500,33.8900,9051958,305190359.3000
2025-03-21,sz.002812,33.3600,33.8000,32.0900,32.2000,33.4500,16012657,523573282.6800
2025-03-24,sz.002812,32.3000,32.3300,31.4200,31.9000,32.2000,9256297,294473447.2900
2025-03-25,sz.002812,31.9700,32.2400,31.7700,32.1300,31.9000,6981232,223784702.6000
2025-03-26,sz.002812,32.1400,32.2900,31.9700,31.9900,32.1300,5816903,186701316.4500
2025-03-27,sz.002812,31.7600,32.0900,31.3400,31.8100,31.9900,6803276,215506352.1500
2025-03-28,sz.002812,31.8200,32.0900,31.5400,31.5600,31.8100,6106123,193985505.6400
2025-03-31,sz.002812,31.3000,31.5300,30.4700,30.7900,31.5600,7384277,228026747.9000
2025-04-01,sz.002812,30.7900,31.2000,30.7900,30.8600,30.7900,5002149,154952484.1100
2025-04-02,sz.002812,30.8500,31.2200,30.7900,31.1900,30.8600,4786805,148720022.3000
2025-04-03,sz.002812,30.9000,31.4000,30.6900,31.0000,31.1900,5333532,165736332.8600
2025-04-07,sz.002812,29.6300,29.7300,27.9000,27.9000,31.0000,13738667,392002110.2800
2025-04-08,sz.002812,27.7400,28.3900,27.5000,28.0500,27.9000,10957603,306007727.9000
2025-04-09,sz.002812,27.6500,28.2000,26.7000,28.0700,28.0500,11410905,314693255.2800
2025-04-10,sz.002812,28.7000,28.9700,28.2900,28.3600,28.0700,10431660,299062638.4000
2025-04-11,sz.002812,28.1000,29.3800,28.0200,28.9400,28.3600,9357750,268946224.8000
2025-04-14,sz.002812,29.4000,29.4500,28.7700,28.9000,28.9400,8130836,236248359.8000
2025-04-15,sz.002812,28.8900,29.4300,28.8100,28.9700,28.9000,6211970,180431990.7000
2025-04-16,sz.002812,28.8900,28.8900,28.2600,28.6300,28.9700,5937260,169348546.5100
2025-04-17,sz.002812,28.4600,28.9200,28.4200,28.6600,28.6300,4193602,120559557.0000
2025-04-18,sz.002812,28.7400,28.8000,28.3700,28.7600,28.6600,3502441,100163837.3800
2025-04-21,sz.002812,28.1800,28.5200,27.8900,28.4500,28.7600,6610898,186837798.8800
2025-04-22,sz.002812,28.4000,28.5900,28.1800,28.2000,28.4500,4850252,137617162.4600
2025-04-23,sz.002812,28.1800,28.3800,27.8000,28.1800,28.2000,8281682,232536484.8600
2025-04-24,sz.002812,28.2900,28.7700,27.9400,27.9600,28.1800,6602360,187009149.2000
2025-04-25,sz.002812,27.8800,28.1200,27.7700,27.9700,27.9600,4922115,137572552.1900
2025-04-28,sz.002812,28.0000,28.0400,26.3400,26.6500,27.9700,15674664,422772391.9100
2025-04-29,sz.002812,26.5200,27.2400,26.4300,27.1200,26.6500,7794941,209718924.2800
2025-04-30,sz.002812,27.5600,27.8000,27.3500,27.7000,27.1200,5830650,160958796.0000
2025-05-06,sz.002812,27.7000,28.0800,27.6300,28.0700,27.7000,6254938,174434921.6600
2025-05-07,sz.002812,28.4600,28.5100,27.8000,28.0800,28.0700,6655170,187092717.7600
2025-05-08,sz.002812,27.9400,28.8800,27.8500,28.6600,28.0800,7765899,221101917.6200
2025-05-09,sz.002812,28.5400,28.6300,27.9800,28.5000,28.6600,6841787,193581944.8100
2025-05-12,sz.002812,28.8600,29.2300,28.7500,29.1900,28.5000,8749776,253544616.0200
2025-05-13,sz.002812,29.4600,29.4800,28.8600,29.1700,29.1900,8300711,242002202.3800
2025-05-14,sz.002812,29.0400,29.3800,28.8000,29.2500,29.1700,6473597,188500047.8000
2025-05-15,sz.002812,29.0800,29.1800,28.6200,28.6200,29.2500,5632045,162285644.6200
2025-05-16,sz.002812,28.5800,28.8500,28.4200,28.4400,28.6200,4557515,130151391.4300
2025-05-19,sz.002812,28.4400,28.4700,27.9600,28.4300,28.4400,5501000,155235441.8000
2025-05-20,sz.002812,28.5300,28.8800,28.3600,28.7000,28.4300,5808745,166501381.9000
2025-05-21,sz.002812,28.7100,30.5000,28.7100,29.6900,28.7000,21631320,647226941.7500
2025-05-22,sz.002812,29.2900,29.3800,28.7500,28.7600,29.6900,11179250,323871752.5000
2025-05-23,sz.002812,28.7100,29.0800,28.4100,28.4800,28.7600,7171645,206257298.4700
2025-05-26,sz.002812,28.3500,28.3800,28.0200,28.1000,28.4800,6472339,182241175.9000
2025-05-27,sz.002812,28.1000,28.7200,27.8700,28.4300,28.1000,7644518,215860815.6300
2025-05-28,sz.002812,28.2900,28.3500,27.9400,27.9600,28.4300,5001522,140295955.6000
2025-05-29,sz.002812,27.9400,28.2600,27.9000,28.2000,27.9600,4581634,128990429.9700
2025-05-30,sz.002812,28.1500,28.1500,27.7700,27.7900,28.2000,5402185,150645859.1100
2025-06-03,sz.002812,27.6500,27.8300,27.4500,27.7000,27.7900,5910646,163250110.1300
2025-06-04,sz.002812,27.7700,28.2100,27.7600,27.9900,27.7000,8093164,226419605.1500
2025-06-05,sz.002812,28.0200,28.0200,27.6800,27.8800,27.9900,6255681,173719496.0400
2025-06-06,sz.002812,27.8600,28.0800,27.6800,27.7800,27.8800,6259564,174502954.9200
2025-06-09,sz.002812,27.8200,28.3300,27.8100,28.1400,27.7800,11219218,315726954.5200
2025-06-10,sz.002812,28.2200,28.9100,27.7300,27.9200,28.1400,12962786,366790673.9800
2025-06-11,sz.002812,27.9200,28.6300,27.9200,28.1600,27.9200,10146579,286915531.3600
2025-06-12,sz.002812,28.1000,28.1000,27.6800,27.8500,28.1600,10498904,291786920.8700
2025-06-13,sz.002812,27.1800,27.1900,26.0500,26.2700,27.8500,39369729,1041393602.5500
2025-06-16,sz.002812,26.0800,26.1500,25.8700,26.0700,26.2700,12679904,329954316.9100
2025-06-17,sz.002812,26.0500,26.9400,26.0100,26.5500,26.0700,18620876,495587254.4900
2025-06-18,sz.002812,26.4900,26.6200,26.1000,26.5000,26.5500,10069777,264976059.3200
2025-06-19,sz.002812,26.4400,26.9800,26.1900,26.2400,26.5000,12393311,329673007.2700
2025-06-20,sz.002812,26.2800,26.8700,26.2600,26.3100,26.2400,11684397,310546498.2500
2025-06-23,sz.002812,26.2600,26.7700,26.0700,26.7700,26.3100,11324989,301277375.0100
2025-06-24,sz.002812,26.7800,28.1200,26.7700,28.1200,26.7700,25958604,718486398.5800
2025-06-25,sz.002812,28.1900,28.5400,28.0000,28.4300,28.1200,18631338,526852622.7900
2025-06-26,sz.002812,28.7500,30.4400,28.6900,29.3600,28.4300,40219248,1199077977.3600
2025-06-27,sz.002812,29.5800,30.9000,29.5400,29.6200,29.3600,27022676,809620279.2800
2025-06-30,sz.002812,29.9500,29.9500,29.0900,29.2900,29.6200,17175974,503547327.1000
2025-07-01,sz.002812,29.3300,29.3400,28.5300,28.9000,29.2900,16099966,464221433.7600
2025-07-02,sz.002812,28.9900,29.1500,28.5600,29.0200,28.9000,15860660,457069462.7700
2025-07-03,sz.002812,29.0000,29.7300,28.6100,29.4300,29.0200,20151161,589145788.1000
2025-07-04,sz.002812,29.3600,29.3800,28.7200,28.8200,29.4300,13981734,404278054.6200
2025-07-07,sz.002812,28.6600,28.9000,28.5100,28.5900,28.8200,8546047,244829638.4400
2025-07-08,sz.002812,28.5600,29.4700,28.5200,29.3400,28.5900,15885389,462555671.9800
2025-07-09,sz.002812,29.3900,29.4500,28.8400,28.8900,29.3400,11779617,343403870.3700
2025-07-10,sz.002812,28.4500,28.9200,28.3800,28.7900,28.8900,14557270,417760594.3100
2025-07-11,sz.002812,28.7900,29.0700,28.5200,28.5600,28.7900,15231105,438019931.6900
2025-07-14,sz.002812,28.6000,29.2200,28.4100,28.5100,28.5600,15005890,430933717.3000
2025-07-15,sz.002812,28.5500,28.7100,27.8200,28.1900,28.5100,13887701,391511317.3700
2025-07-16,sz.002812,28.1100,28.4400,28.0600,28.1900,28.1900,8123162,229241399.3200
2025-07-17,sz.002812,28.2600,29.2000,28.1100,29.1200,28.1900,19867733,570247277.0500
2025-07-18,sz.002812,29.1700,29.5700,28.9600,29.1300,29.1200,15450414,452165366.9700
2025-07-21,sz.002812,29.1500,29.2400,28.9500,29.2400,29.1300,9445214,275042168.0900
2025-07-22,sz.002812,29.2000,29.8600,29.0900,29.5900,29.2400,19535835,577308952.9200
2025-07-23,sz.002812,29.6000,30.1700,29.3300,29.3800,29.5900,19565899,580987662.0700
2025-07-24,sz.002812,29.3500,30.3500,29.3200,30.3400,29.3800,25107213,752029897.7500
2025-07-25,sz.002812,30.7200,31.1000,30.3600,30.4800,30.3400,23895248,734996540.0700
2025-07-28,sz.002812,30.1600,31.0400,30.0000,30.9600,30.4800,20261293,621035368.3100
2025-07-29,sz.002812,30.8300,31.3500,30.6100,31.2700,30.9600,19066641,590775387.7400
2025-07-30,sz.002812,31.2700,31.3400,30.1500,30.3300,31.2700,20603513,631582991.9300
2025-07-31,sz.002812,30.2900,30.4500,29.4500,29.5800,30.3300,16697068,498745548.3600
2025-08-01,sz.002812,29.5900,29.9400,29.4400,29.5600,29.5800,10760223,318859971.6700
2025-08-04,sz.002812,29.4400,29.5200,28.8200,29.5200,29.5600,12337228,359933417.3800
2025-08-05,sz.002812,29.5300,31.8700,29.5000,30.8700,29.5200,38443646,1189110049.3500
2025-08-06,sz.002812,30.7100,30.7500,30.2800,30.6400,30.8700,19777014,603164482.5700
2025-08-07,sz.002812,30.6300,30.8100,30.1500,30.3900,30.6400,14647437,446119601.0800
2025-08-08,sz.002812,30.3600,30.6600,30.0500,30.0700,30.3900,11344595,343159697.6800
2025-08-11,sz.002812,30.4800,31.7700,30.4100,31.7200,30.0700,30252017,939619114.5700
2025-08-12,sz.002812,31.6800,31.6900,31.0000,31.3300,31.7200,16931210,528598498.7400
2025-08-13,sz.002812,32.1100,32.6600,31.6900,31.7800,31.3300,27493456,882338567.0100
2025-08-14,sz.002812,32.1000,32.3300,31.0100,31.1500,31.7800,20155364,636757764.2700
2025-08-15,sz.002812,31.0300,32.1600,31.0200,32.0700,31.1500,20497147,651598365.2300
2025-08-18,sz.002812,32.2800,32.4300,31.9200,32.0700,32.0700,19916176,640770688.4700
2025-08-19,sz.002812,31.9900,32.3200,31.5400,31.9900,32.0700,17044602,544258351.7900
2025-08-20,sz.002812,31.9200,32.0400,31.4200,32.0200,31.9900,14525906,461257986.8400
2025-08-21,sz.002812,31.9600,32.0800,31.2600,31.4500,32.0200,15489566,489738454.3000
2025-08-22,sz.002812,31.4100,31.9600,31.3100,31.8900,31.4500,15169465,481306996.8700
2025-08-25,sz.002812,32.0100,32.6000,31.9200,32.2400,31.8900,19679274,633819311.7200
2025-08-26,sz.002812,32.1100,32.3200,31.8500,31.9500,32.2400,20639278,661352276.8700
2025-08-27,sz.002812,32.0300,32.5400,31.1000,31.1100,31.9500,26576634,848719185.8100
2025-08-28,sz.002812,31.1100,32.0700,30.6000,31.4700,31.1100,24863885,780274934.3700
2025-08-29,sz.002812,31.4100,33.1000,31.3900,32.3000,31.4700,42808772,1390661859.6200
2025-09-01,sz.002812,32.4200,33.0000,32.2700,32.6000,32.3000,28729135,937251777.7400
2025-09-02,sz.002812,32.6900,33.6900,32.3500,32.5800,32.6000,33383430,1099661176.1700
2025-09-03,sz.002812,32.7000,33.6800,32.5600,32.7300,32.5800,33804897,1118282276.1200
2025-09-04,sz.002812,33.0400,34.9900,32.9900,33.6200,32.7300,54931877,1871571367.3500
2025-09-05,sz.002812,33.6000,36.9800,33.5900,36.9800,33.6200,55949070,1998307259.4600
2025-09-08,sz.002812,39.0000,40.5000,38.5800,39.6000,36.9800,92459872,3644170702.0400
2025-09-09,sz.002812,39.5200,41.0800,38.7300,39.6000,39.6000,69589265,2751949808.6200
2025-09-10,sz.002812,38.8000,43.5600,38.7800,43.5600,39.6000,64269280,2643807826.1000
2025-09-11,sz.002812,44.1000,46.2000,43.0000,45.4800,43.5600,87198479,3915479107.8700
2025-09-12,sz.002812,44.8500,45.4800,42.6800,43.2100,45.4800,68981613,3016461484.2200
2025-09-15,sz.002812,43.0500,44.7300,43.0300,43.5600,43.2100,53844080,2369889011.5500
2025-09-16,sz.002812,43.3000,44.7900,41.8000,44.2600,43.5600,57245452,2466419114.6100
2025-09-17,sz.002812,44.2500,44.7000,43.0300,44.4100,44.2600,39543950,1738717793.4500
2025-09-18,sz.002812,44.2100,44.3600,42.4000,42.8300,44.4100,38620399,1676376226.2400
2025-09-19,sz.002812,42.7000,44.0000,42.5800,42.8600,42.8300,30525806,1321698978.5300
2025-09-22,sz.002812,42.7000,43.9700,41.6800,41.9700,42.8600,28223800,1190162221.5200
2025-09-23,sz.002812,42.0900,42.3900,39.8000,40.5400,41.9700,34376896,1402313593.3000
2025-09-24,sz.002812,40.4000,44.5900,40.3700,44.5900,40.5400,38578726,1646516582.9500
2025-09-25,sz.002812,46.6000,48.1800,45.3500,45.3900,44.5900,79435399,3714855033.4300
2025-09-26,sz.002812,44.6600,45.7000,44.3000,44.3500,45.3900,37206030,1671578651.9400
2025-09-29,sz.002812,44.7800,47.1400,44.7800,45.7500,44.3500,49633028,2273161972.9100
2025-09-30,sz.002812,45.7000,47.7700,45.3700,46.7000,45.7500,47334221,2212249893.9900
2025-10-09,sz.002812,47.6000,49.9900,46.7700,48.8800,46.7000,51726503,2510132626.1600
2025-10-10,sz.002812,48.0000,48.2500,44.5500,44.7900,48.8800,45213253,2068285573.1700
2025-10-13,sz.002812,42.0100,46.0000,42.0100,45.8500,44.7900,33785087,1491933808.9400
2025-10-14,sz.002812,45.8500,46.2300,42.6800,43.2500,45.8500,32785946,1452095569.4900
2025-10-15,sz.002812,43.2100,43.8300,42.1300,43.5800,43.2500,21798632,938084909.8500
2025-10-16,sz.002812,43.2800,43.8400,42.4900,42.7400,43.5800,19877068,855352539.1300
2025-10-17,sz.002812,42.5700,43.7000,41.3400,41.3500,42.7400,22457416,943542612.9700
2025-10-20,sz.002812,42.1400,42.2600,40.6500,40.9100,41.3500,20498147,848098248.1100
2025-10-21,sz.002812,41.1900,41.2600,40.4800,40.8700,40.9100,16563694,677985841.4400
2025-10-22,sz.002812,40.5600,40.8000,39.8000,40.1700,40.8700,16518659,663329496.1800
2025-10-23,sz.002812,40.0800,40.3800,39.1200,40.2600,40.1700,18980063,753876682.0200
2025-10-24,sz.002812,40.6800,41.3500,40.3500,40.9100,40.2600,22651794,927079282.5000
2025-10-27,sz.002812,41.2700,41.6700,40.6000,40.9500,40.9100,21247335,873322743.3900
2025-10-28,sz.002812,40.6500,42.0000,40.2200,40.9700,40.9500,21363083,877398934.8000
2025-10-29,sz.002812,41.0000,43.4400,40.7700,43.0800,40.9700,36314384,1538268112.1600
2025-10-30,sz.002812,42.9000,45.2400,42.3400,44.1100,43.0800,49426890,2179464762.2500
2025-10-31,sz.002812,44.2000,48.5200,44.2000,48.5200,44.1100,48709884,2350603810.7500
2025-11-03,sz.002812,47.7000,49.1000,47.0000,48.6000,48.5200,68655912,3301943735.5600
2025-11-04,sz.002812,48.5000,50.5800,47.7900,47.8600,48.6000,57124895,2801023821.8100
2025-11-05,sz.002812,46.5100,48.8800,46.0000,47.7900,47.8600,47320674,2246909405.7600
2025-11-06,sz.002812,48.5100,50.2000,47.2600,47.5000,47.7900,45586271,2197132684.9900
2025-11-07,sz.002812,47.4900,52.2500,47.0200,51.2000,47.5000,99106963,5025521039.5100
2025-11-10,sz.002812,52.2100,55.2700,52.1000,54.1300,51.2000,92588716,4993776407.5800
2025-11-11,sz.002812,53.8000,55.9400,53.5000,54.0200,54.1300,53785511,2933780975.8700
2025-11-12,sz.002812,53.5700,58.3000,51.5000,56.1100,54.0200,70253630,3889341817.2500
2025-11-13,sz.002812,57.3400,61.7200,57.1200,61.7200,56.1100,73419345,4453427021.1100
2025-11-14,sz.002812,61.7200,64.2000,60.4800,60.9000,61.7200,91864897,5704427588.8500
2025-11-17,sz.002812,59.9300,63.5600,58.1600,61.8700,60.9000,76626798,4684434374.9300
2025-11-18,sz.002812,62.0000,64.9600,58.9000,60.6200,61.8700,71394208,4342019280.8600
2025-11-19,sz.002812,59.3400,63.5000,59.3400,61.8500,60.6200,65545919,4055156529.5900
2025-11-20,sz.002812,62.0500,66.3600,61.5500,61.8900,61.8500,70324596,4493483830.8600
2025-11-21,sz.002812,58.8000,59.0000,55.7000,55.7000,61.8900,54848705,3107742770.6600
2025-11-24,sz.002812,54.0500,54.9900,51.1500,52.4500,55.7000,61125358,3208320675.4800
2025-11-25,sz.002812,53.5000,55.4000,52.4500,54.5100,52.4500,47357657,2556141698.6800
2025-11-26,sz.002812,55.0000,55.2000,53.1100,53.2400,54.5100,26653469,1431511058.2000
2025-11-27,sz.002812,53.0900,55.2300,52.9800,53.6800,53.2400,29824310,1617349076.8500
2025-11-28,sz.002812,53.7100,56.2600,53.6200,55.3500,53.6800,34808325,1922841207.7700
2025-12-01,sz.002812,55.3500,55.3500,55.3500,55.3500,55.3500,,
2025-12-02,sz.002812,55.3500,55.3500,55.3500,55.3500,55.3500,,
2025-12-03,sz.002812,55.3500,55.3500,55.3500,55.3500,55.3500,,
2025-12-04,sz.002812,55.3500,55.3500,55.3500,55.3500,55.3500,,
2025-12-05,sz.002812,55.3500,55.3500,55.3500,55.3500,55.3500,,
2025-12-08,sz.002812,55.3500,55.3500,55.3500,55.3500,55.3500,,
2025-12-09,sz.002812,55.3500,55.3500,55.3500,55.3500,55.3500,,
2025-12-10,sz.002812,55.3500,55.3500,55.3500,55.3500,55.3500,,
2025-12-11,sz.002812,55.3500,55.3500,55.3500,55.3500,55.3500,,
2025-12-12,sz.002812,55.3500,55.3500,55.3500,55.3500,55.3500,,
2025-12-15,sz.002812,55.7200,56.0000,49.8200,49.8200,55.3500,51342052,2618433773.1200
2025-12-16,sz.002812,47.8000,48.4300,45.4200,46.1000,49.8200,59533459,2756029004.5800
2025-12-17,sz.002812,46.6300,47.4800,45.7000,46.9100,46.1000,39191569,1830003358.5800
2025-12-18,sz.002812,46.3000,46.7200,44.7500,44.7700,46.9100,36774554,1674582252.5500
2025-12-19,sz.002812,44.9100,45.4000,43.9600,45.1900,44.7700,27725719,1237804726.0700
2025-12-22,sz.002812,45.2000,49.7100,44.9600,48.9500,45.1900,51218631,2471274353.4800
2025-12-23,sz.002812,49.0000,52.4900,48.4800,51.5600,48.9500,53742017,2714238091.4300
2025-12-24,sz.002812,51.6900,52.7800,50.8000,51.9200,51.5600,38022767,1965624422.3200
2025-12-25,sz.002812,51.1900,52.0100,50.6000,51.9800,51.9200,23285275,1195274030.9700
2025-12-26,sz.002812,53.1000,57.1800,53.0800,56.7100,51.9800,64513054,3607517835.3700
2025-12-29,sz.002812,57.2500,58.5700,56.2800,57.1400,56.7100,53209941,3049810547.6000
2025-12-30,sz.002812,56.0400,58.5800,54.3000,57.1300,57.1400,48408945,2722175702.1500
2025-12-31,sz.002812,57.1400,57.5000,55.8900,56.6400,57.1300,22516641,1275050026.4200
