date,code,open,high,low,close,preclose,volume,amount
2019-01-02,sz.002335,15.0700,15.2000,14.8700,14.9100,15.0700,1511400,22713908.9700
2019-01-03,sz.002335,14.9000,15.0200,14.4100,14.4400,14.9100,1837712,27014962.5700
2019-01-04,sz.002335,14.3700,15.0800,14.1400,15.0300,14.4400,2218563,32557256.4900
2019-01-07,sz.002335,15.2500,16.4200,15.1400,16.1100,15.0300,7036032,112211899.2200
2019-01-08,sz.002335,16.3500,16.7800,16.0200,16.1200,16.1100,6370421,104077837.8400
2019-01-09,sz.002335,16.4900,16.7300,16.1100,16.1500,16.1200,5206899,85040738.1900
2019-01-10,sz.002335,16.2800,16.6500,15.8500,16.0400,16.1500,4355632,70600920.8800
2019-01-11,sz.002335,15.9200,16.2500,15.6700,16.2000,16.0400,3732006,59796602.1000
2019-01-14,sz.002335,16.3000,16.6900,16.1800,16.2500,16.2000,4548167,74759986.2200
2019-01-15,sz.002335,16.0100,16.4000,15.9000,16.3800,16.2500,2694541,43572164.7500
2019-01-16,sz.002335,16.3800,17.5900,16.2600,17.2300,16.3800,8533898,145299186.8300
2019-01-17,sz.002335,17.0300,17.1000,16.6300,16.8000,17.2300,4606969,77710970.0800
2019-01-18,sz.002335,16.6600,16.9300,16.2600,16.4500,16.8000,3622790,59889237.2900
2019-01-21,sz.002335,16.4600,16.7000,16.4000,16.6400,16.4500,2559166,42385502.5400
2019-01-22,sz.002335,16.6000,16.6000,15.9800,16.1200,16.6400,2810377,45455086.3600
2019-01-23,sz.002335,15.9800,16.2200,15.9000,16.0100,16.1200,1808000,28952505.0000
2019-01-24,sz.002335,16.0500,16.3600,16.0000,16.3300,16.0100,2017391,32803374.1700
2019-01-25,sz.002335,16.3300,16.3900,15.8000,15.8100,16.3300,2556862,40975834.9500
2019-01-28,sz.002335,15.8700,16.0900,15.7200,15.9600,15.8100,1507264,23977355.6200
2019-01-29,sz.002335,15.9100,15.9100,15.0700,15.3600,15.9600,2241281,34433756.7800
2019-01-30,sz.002335,15.3500,15.5500,15.1000,15.2500,15.3600,1262610,19428794.7900
2019-01-31,sz.002335,14.6700,14.6800,14.2500,14.4200,15.2500,2739772,39595902.3500
2019-02-01,sz.002335,14.4300,15.0100,14.4300,14.9700,14.4200,1180559,17483676.3500
2019-02-11,sz.002335,14.9700,15.3600,14.9700,15.3100,14.9700,1108532,16880527.1000
2019-02-12,sz.002335,15.3100,15.6500,15.2400,15.5500,15.3100,1492470,23060832.6000
2019-02-13,sz.002335,15.5600,16.2500,15.4400,16.1900,15.5500,3355876,53588878.8600
2019-02-14,sz.002335,16.4400,16.8800,15.9200,16.1000,16.1900,3230200,52480272.0000
2019-02-15,sz.002335,16.1200,16.6400,16.1000,16.5000,16.1000,4169384,68377977.9900
2019-02-18,sz.002335,16.6000,16.8600,16.3000,16.8300,16.5000,4686938,78038140.1400
2019-02-19,sz.002335,16.8300,16.8300,16.5000,16.6500,16.8300,3423600,57064978.2700
2019-02-20,sz.002335,16.6000,16.7900,16.2900,16.5100,16.6500,2666093,44055081.9200
2019-02-21,sz.002335,16.6200,16.8600,16.4000,16.5500,16.5100,3674179,61222339.1000
2019-02-22,sz.002335,16.4800,16.8000,16.3600,16.7700,16.5500,3757254,62396421.9200
2019-02-25,sz.002335,16.9700,17.4800,16.8500,17.4300,16.7700,6671879,115017332.3800
2019-02-26,sz.002335,17.3000,17.7900,17.0400,17.1900,17.4300,6442020,112021393.9200
2019-02-27,sz.002335,17.1800,17.5200,16.8100,17.0500,17.1900,4232500,72891552.9400
2019-02-28,sz.002335,16.9300,17.2500,16.8600,17.0000,17.0500,2550000,43454090.1900
2019-03-01,sz.002335,17.0000,17.3000,16.8300,17.1400,17.0000,2842600,48513449.0000
2019-03-04,sz.002335,17.1800,18.5000,17.1800,18.1000,17.1400,9229102,164343393.7600
2019-03-05,sz.002335,17.9100,18.9600,17.7400,18.9600,18.1000,10973404,201320079.7000
2019-03-06,sz.002335,20.1000,20.8600,19.0900,20.3800,18.9600,14350754,287164558.7300
2019-03-07,sz.002335,20.0500,20.2800,19.1600,19.9300,20.3800,12345479,245421063.1100
2019-03-08,sz.002335,19.0000,21.0000,18.8900,20.1900,19.9300,11213060,223467523.6100
2019-03-11,sz.002335,21.0800,21.9800,20.5900,21.7200,20.1900,12272078,260254417.0700
2019-03-12,sz.002335,21.3600,21.8700,20.8000,21.3000,21.7200,11095395,235283511.4700
2019-03-13,sz.002335,21.2500,21.3000,19.5000,19.8500,21.3000,8843578,179387248.9300
2019-03-14,sz.002335,19.5500,19.7500,18.7000,19.0300,19.8500,5320026,101651786.8800
2019-03-15,sz.002335,19.1100,19.4900,18.8600,19.0400,19.0300,3800639,72854600.1600
2019-03-18,sz.002335,19.2000,19.3700,19.0100,19.3100,19.0400,3176574,61063687.5000
2019-03-19,sz.002335,19.4900,20.1600,19.3800,20.1500,19.3100,5065672,100120938.9600
2019-03-20,sz.002335,19.9000,20.0500,19.4500,19.7600,20.1500,3375841,66531571.0800
2019-03-21,sz.002335,19.7200,19.9300,19.6100,19.7100,19.7600,3599649,71299923.7100
2019-03-22,sz.002335,19.6100,19.6900,19.2000,19.4300,19.7100,3049474,59095970.7200
2019-03-25,sz.002335,19.1800,19.6900,19.0100,19.3500,19.4300,3060756,59130929.6700
2019-03-26,sz.002335,19.3800,19.5500,18.4700,18.5700,19.3500,3313241,62626678.9500
2019-03-27,sz.002335,18.8500,18.8700,18.4500,18.8600,18.5700,2343726,43724735.2200
2019-03-28,sz.002335,18.7900,19.1300,18.5300,18.5700,18.8600,2255701,42521005.7800
2019-03-29,sz.002335,18.7400,19.1800,18.3500,18.9900,18.5700,3239891,60992218.4000
2019-04-01,sz.002335,19.0500,19.8600,19.0000,19.8600,18.9900,4751603,92816363.1300
2019-04-02,sz.002335,19.9000,20.0000,19.5700,19.6600,19.8600,4643079,91768120.4500
2019-04-03,sz.002335,19.5700,20.0000,19.4400,19.8700,19.6600,3630327,71815722.5600
2019-04-04,sz.002335,19.8600,20.0200,19.5400,19.7100,19.8700,3607928,71186999.0800
2019-04-08,sz.002335,19.6800,20.7800,19.6800,20.7700,19.7100,10028123,203531463.4400
2019-04-09,sz.002335,20.3400,22.6000,20.3200,21.6600,20.7700,13531040,291490731.2800
2019-04-10,sz.002335,21.3000,22.3300,21.0000,21.6600,21.6600,13085782,285213969.3100
2019-04-11,sz.002335,21.2300,21.3900,20.0500,20.0800,21.6600,9540655,195801302.8500
2019-04-12,sz.002335,20.0000,20.1200,19.7500,19.8600,20.0800,3297400,65545816.7400
2019-04-15,sz.002335,20.0900,20.4600,19.5500,19.6400,19.8600,3350059,67434510.4400
2019-04-16,sz.002335,19.5200,19.9800,18.9000,19.9600,19.6400,3884881,75434994.4100
2019-04-17,sz.002335,19.9700,20.1100,19.7800,19.7900,19.9600,3213228,64069439.7000
2019-04-18,sz.002335,19.9000,19.9500,19.4000,19.4000,19.7900,2771702,54359665.4700
2019-04-19,sz.002335,19.5700,19.5700,19.2600,19.5400,19.4000,2084553,40530817.0200
2019-04-22,sz.002335,19.6700,19.7800,19.4100,19.4600,19.5400,2264232,44378214.4300
2019-04-23,sz.002335,19.2600,19.4300,18.8500,19.0200,19.4600,2722466,51976411.4000
2019-04-24,sz.002335,19.1000,19.3800,18.9400,19.3700,19.0200,1593204,30547182.1400
2019-04-25,sz.002335,19.8000,20.6200,19.6100,19.6400,19.3700,6572579,132204687.4700
2019-04-26,sz.002335,19.2400,20.4900,18.7500,20.2500,19.6400,7211445,143980073.7600
2019-04-29,sz.002335,20.0000,20.5300,18.2300,18.5600,20.2500,5951100,113774898.1800
2019-04-30,sz.002335,18.1800,18.5100,18.0100,18.1700,18.5600,3026875,55321669.7400
2019-05-06,sz.002335,17.7000,17.7000,16.7000,17.3700,18.1700,4504959,77613926.3800
2019-05-07,sz.002335,17.4400,17.6000,17.0300,17.1900,17.3700,1658451,28676883.1400
2019-05-08,sz.002335,17.0200,17.6000,16.8300,17.1900,17.1900,1392639,24104980.7400
2019-05-09,sz.002335,17.0300,17.8800,16.9500,17.5700,17.1900,2348766,40919859.8900
2019-05-10,sz.002335,17.5900,18.3500,17.5700,18.2300,17.5700,2990044,54017061.5600
2019-05-13,sz.002335,18.1400,18.3300,17.8700,17.9800,18.2300,1417759,25676684.7800
2019-05-14,sz.002335,17.7200,18.2500,17.7200,18.1300,17.9800,1300540,23453615.2000
2019-05-15,sz.002335,18.1900,18.5100,18.1800,18.2900,18.1300,1404574,25795341.9600
2019-05-16,sz.002335,18.3100,18.4700,18.2000,18.4200,18.2900,1097632,20150625.2200
2019-05-17,sz.002335,18.4700,18.5500,17.4400,17.4700,18.4200,1528430,27436552.0000
2019-05-20,sz.002335,17.5900,17.7900,17.4700,17.7300,17.4700,785598,13866997.7000
2019-05-21,sz.002335,17.7900,18.2100,17.6000,18.0600,17.7300,1058400,19125629.0000
2019-05-22,sz.002335,18.2300,18.3700,17.9600,18.0900,18.0600,1158838,21032875.3300
2019-05-23,sz.002335,18.0000,18.0800,17.5300,17.6300,18.0900,1307600,23279911.8200
2019-05-24,sz.002335,17.8000,18.0900,17.6400,17.9500,17.6300,1315490,23562761.4700
2019-05-27,sz.002335,18.0800,18.7400,17.9500,18.7300,17.9500,2234402,41249318.9300
2019-05-28,sz.002335,18.5700,18.7900,18.4500,18.5200,18.7300,1792882,33374263.4800
2019-05-29,sz.002335,18.5100,18.6800,18.3500,18.5800,18.5200,1701589,31571926.3800
2019-05-30,sz.002335,18.4600,18.8500,18.3800,18.8100,18.5800,2178022,40572848.8900
2019-05-31,sz.002335,17.6000,18.8900,17.4000,18.2400,17.8100,3402500,60852008.5100
2019-06-03,sz.002335,17.9900,18.1300,17.5200,17.6400,18.2400,1696700,30145684.6800
2019-06-04,sz.002335,17.7400,17.7400,17.2000,17.4000,17.6400,1263873,22080009.7300
2019-06-05,sz.002335,17.5000,17.7600,17.4900,17.6000,17.4000,1059589,18678380.5200
2019-06-06,sz.002335,17.6000,17.7300,17.2300,17.4300,17.6000,1583700,27796892.0000
2019-06-10,sz.002335,17.3000,17.7800,17.3000,17.5000,17.4300,1438400,25310033.0000
2019-06-11,sz.002335,17.6400,18.0000,17.4100,17.9500,17.5000,1947144,34679318.4600
2019-06-12,sz.002335,17.8300,17.9800,17.6600,17.7300,17.9500,1388780,24743042.2000
2019-06-13,sz.002335,17.6200,18.0600,17.6200,18.0400,17.7300,1729927,30907686.4000
2019-06-14,sz.002335,18.1000,18.1000,17.4000,17.4100,18.0400,1857849,32938030.6700
2019-06-17,sz.002335,17.3300,17.5900,17.2100,17.5500,17.4100,1121766,19572978.2400
2019-06-18,sz.002335,17.3800,17.7900,17.3800,17.4200,17.5500,1177096,20694494.0500
2019-06-19,sz.002335,17.7800,17.9000,17.5600,17.5600,17.4200,1303300,23088381.2100
2019-06-20,sz.002335,17.5700,17.8500,17.4900,17.7800,17.5600,1311176,23244566.3400
2019-06-21,sz.002335,17.9200,18.1500,17.8900,18.0700,17.7800,2503273,45217273.7600
2019-06-24,sz.002335,18.1900,18.2500,17.8200,17.9700,18.0700,1501300,27067684.0000
2019-06-25,sz.002335,17.8700,17.9700,17.5900,17.7500,17.9700,1357184,24035341.3000
2019-06-26,sz.002335,17.7400,17.7900,17.5600,17.5700,17.7500,1060415,18717170.5200
2019-06-27,sz.002335,17.6000,17.7000,17.4600,17.6000,17.5700,1464129,25749985.1100
2019-06-28,sz.002335,17.6100,17.7500,17.4000,17.6500,17.6000,1561070,27457590.2400
2019-07-01,sz.002335,17.8800,18.2400,17.8000,18.1500,17.6500,2814400,50738500.6800
2019-07-02,sz.002335,18.1600,18.1600,17.9100,17.9600,18.1500,1485141,26764279.1300
2019-07-03,sz.002335,17.9600,18.1300,17.6100,17.6300,17.9600,1281149,22797518.3800
2019-07-04,sz.002335,17.6800,17.9900,17.6800,17.7900,17.6300,1140873,20346812.5600
2019-07-05,sz.002335,17.6000,18.0700,17.6000,17.9700,17.7900,1564973,27945955.4300
2019-07-08,sz.002335,17.8800,17.8800,17.1800,17.1800,17.9700,1633900,28496316.0000
2019-07-09,sz.002335,17.3700,17.3700,16.9700,17.0300,17.1800,906000,15490608.0000
2019-07-10,sz.002335,17.1400,17.1400,16.6600,16.7900,17.0300,1037620,17525748.2000
2019-07-11,sz.002335,16.9000,17.0900,16.6000,16.8000,16.7900,892101,15058808.3500
2019-07-12,sz.002335,16.7900,16.9700,16.7300,16.8500,16.8000,531173,8954620.0500
2019-07-15,sz.002335,16.8500,17.3400,16.6100,17.2800,16.8500,1345077,22978495.6000
2019-07-16,sz.002335,17.2500,17.6900,17.2300,17.3900,17.2800,1357121,23660284.9800
2019-07-17,sz.002335,17.2500,17.6300,17.2500,17.3900,17.3900,1138474,19884540.8000
2019-07-18,sz.002335,17.3300,17.6400,17.2300,17.5200,17.3900,1267432,22126236.8000
2019-07-19,sz.002335,17.3900,17.7100,17.3900,17.5800,17.5200,1122425,19736131.0000
2019-07-22,sz.002335,17.5000,17.6400,17.0900,17.1500,17.5800,1094973,18897278.0800
2019-07-23,sz.002335,17.2400,17.5300,17.0700,17.4700,17.1500,766758,13306864.4500
2019-07-24,sz.002335,17.4100,17.9600,17.4100,17.7500,17.4700,1558315,27588830.7000
2019-07-25,sz.002335,17.7100,17.7300,17.5000,17.6000,17.7500,1308020,22992983.6000
2019-07-26,sz.002335,17.6800,17.7300,17.4800,17.6200,17.6000,933062,16422419.0200
2019-07-29,sz.002335,17.5700,18.7400,17.5700,18.2700,17.6200,3744866,67874304.8400
2019-07-30,sz.002335,18.0900,18.1700,17.9100,18.0400,18.2700,2355530,42502883.1700
2019-07-31,sz.002335,18.0000,18.0300,17.7300,17.8800,18.0400,1309760,23392418.0300
2019-08-01,sz.002335,17.8000,17.9600,17.6600,17.9300,17.8800,1251796,22260655.5000
2019-08-02,sz.002335,17.5000,17.6600,17.4600,17.5600,17.9300,1577816,27679572.3600
2019-08-05,sz.002335,17.5700,17.7100,17.0200,17.0300,17.5600,1558502,27073266.4800
2019-08-06,sz.002335,16.5200,16.7900,16.0600,16.3000,17.0300,2191556,35913003.5000
2019-08-07,sz.002335,16.3300,16.5600,16.1400,16.2100,16.3000,1129211,18489721.6600
2019-08-08,sz.002335,16.2100,16.4500,16.2100,16.3500,16.2100,936714,15318849.4900
2019-08-09,sz.002335,16.5000,16.5100,16.2300,16.4800,16.3500,1082100,17772174.0000
2019-08-12,sz.002335,16.4800,16.9600,16.4700,16.9500,16.4800,1298604,21785741.6400
2019-08-13,sz.002335,16.7000,17.4400,16.6200,17.3500,16.9500,1658854,28482425.7400
2019-08-14,sz.002335,17.5700,17.8500,17.4200,17.7500,17.3500,2148352,38063859.4900
2019-08-15,sz.002335,17.4900,17.8800,17.2000,17.8300,17.7500,1498547,26494423.0200
2019-08-16,sz.002335,17.9900,18.2300,17.8900,18.0200,17.8300,2427834,43879667.6700
2019-08-19,sz.002335,18.1800,18.5700,18.1800,18.4400,18.0200,2656100,48913749.0000
2019-08-20,sz.002335,18.5000,18.8400,18.2000,18.3500,18.4400,2409600,44563134.0000
2019-08-21,sz.002335,18.3700,18.4600,18.1700,18.2400,18.3500,1485309,27204834.0200
2019-08-22,sz.002335,18.4200,18.4900,18.0900,18.2800,18.2400,1413948,25825776.4400
2019-08-23,sz.002335,18.2300,18.4200,18.0000,18.0600,18.2800,1238700,22519924.0000
2019-08-26,sz.002335,17.8500,17.9500,17.7100,17.8100,18.0600,1069235,19049704.7200
2019-08-27,sz.002335,17.9100,19.1200,17.9100,18.6800,17.8100,4239462,79135754.6000
2019-08-28,sz.002335,18.6800,18.7200,18.4100,18.5600,18.6800,2586701,47956516.5200
2019-08-29,sz.002335,18.4900,18.6000,18.3000,18.3200,18.5600,1721563,31649599.4200
2019-08-30,sz.002335,18.4000,18.5000,18.0000,18.0700,18.3200,2134863,39061896.5500
2019-09-02,sz.002335,18.0900,18.5500,17.9900,18.4900,18.0700,2039432,37392016.0200
2019-09-03,sz.002335,18.4800,18.6500,18.3600,18.5300,18.4900,1872137,34677813.7100
2019-09-04,sz.002335,18.5500,18.7500,18.4700,18.5800,18.5300,2333882,43458407.5600
2019-09-05,sz.002335,18.6200,18.9900,18.6000,18.6800,18.5800,4239834,79640551.0800
2019-09-06,sz.002335,18.7300,18.8000,18.4600,18.7200,18.6800,2347200,43706148.0000
2019-09-09,sz.002335,18.7700,19.4400,18.7500,19.4100,18.7200,4557437,87485725.3700
2019-09-10,sz.002335,19.6800,19.6800,19.1200,19.2100,19.4100,2940148,56766618.6000
2019-09-11,sz.002335,19.1800,19.4000,18.9100,19.2100,19.2100,3036612,58158833.2000
2019-09-12,sz.002335,19.1400,19.2700,18.9400,19.0800,19.2100,1981507,37785985.6900
2019-09-16,sz.002335,19.0500,19.1800,18.7000,18.7700,19.0800,2982611,56393786.7400
2019-09-17,sz.002335,18.8100,18.8800,18.1800,18.3400,18.7700,2637079,48740385.4800
2019-09-18,sz.002335,18.4200,18.4200,18.0300,18.0600,18.3400,2109582,38334506.4800
2019-09-19,sz.002335,18.2500,18.3400,18.0100,18.3200,18.0600,1664092,30249573.8800
2019-09-20,sz.002335,17.4400,18.5700,17.4400,18.2500,18.3200,2389814,43658901.6600
2019-09-23,sz.002335,18.2000,18.3100,17.9500,18.1500,18.2500,1635140,29565158.4200
2019-09-24,sz.002335,18.1900,18.4400,18.1000,18.3700,18.1500,1725037,31634505.6900
2019-09-25,sz.002335,18.2500,18.4500,18.0800,18.1500,18.3700,1413951,25821909.5100
2019-09-26,sz.002335,18.1700,18.2700,17.5100,17.5500,18.1500,2320110,41106883.0100
2019-09-27,sz.002335,17.5900,18.1300,17.5000,18.0600,17.5500,1831800,32803527.0000
2019-09-30,sz.002335,18.1700,18.3100,17.8000,17.8300,18.0600,1229400,22111070.1200
2019-10-08,sz.002335,17.8500,18.0500,17.8000,17.9500,17.8300,1013003,18163984.0700
2019-10-09,sz.002335,17.8600,18.2600,17.7100,18.2300,17.9500,1391100,25120747.5200
2019-10-10,sz.002335,18.2400,18.3900,18.1600,18.3600,18.2300,1277500,23380068.0000
2019-10-11,sz.002335,18.3900,18.3900,18.0900,18.1800,18.3600,1098500,20008562.0000
2019-10-14,sz.002335,18.3800,18.5700,18.2800,18.4500,18.1800,1737363,32082787.5400
2019-10-15,sz.002335,18.3000,18.5800,17.9900,18.1900,18.4500,1290700,23462795.0000
2019-10-16,sz.002335,18.1800,18.1900,17.8500,17.8600,18.1900,927100,16676527.0000
2019-10-17,sz.002335,17.8600,17.9700,17.6300,17.6600,17.8600,966328,17165960.8000
2019-10-18,sz.002335,17.8100,17.8500,17.3200,17.4000,17.6600,1080600,18958734.0000
2019-10-21,sz.002335,17.4100,17.5500,17.0300,17.3900,17.4000,1182162,20370075.8800
2019-10-22,sz.002335,17.3900,17.6500,17.2000,17.6200,17.3900,1107000,19361168.7200
2019-10-23,sz.002335,17.6100,17.7700,17.5400,17.6700,17.6200,936323,16522433.1100
2019-10-24,sz.002335,17.5000,17.6900,17.0700,17.2900,17.6700,1426161,24712494.0300
2019-10-25,sz.002335,17.3200,17.3200,17.0000,17.1300,17.2900,1607250,27500312.0000
2019-10-28,sz.002335,17.4000,17.7100,17.3100,17.6900,17.1300,1783692,31308054.8600
2019-10-29,sz.002335,17.7200,17.7200,17.2300,17.2700,17.6900,1980107,34511572.9000
2019-10-30,sz.002335,17.2000,17.3600,16.8000,16.8600,17.2700,1511169,25710045.3400
2019-10-31,sz.002335,16.8700,17.0300,16.7100,16.7100,16.8600,1154582,19468738.3200
2019-11-01,sz.002335,16.6900,16.9700,16.6000,16.8200,16.7100,1159100,19488672.9900
2019-11-04,sz.002335,16.8900,16.9900,16.6600,16.6900,16.8200,1462646,24511300.2400
2019-11-05,sz.002335,16.6100,16.8700,16.5700,16.6800,16.6900,1242799,20751645.6800
2019-11-06,sz.002335,16.7400,16.8700,16.4500,16.4800,16.6800,1359890,22604791.3000
2019-11-07,sz.002335,16.5100,16.7400,16.4800,16.6400,16.4800,1089537,18105174.5400
2019-11-08,sz.002335,16.7100,16.7900,16.5500,16.5800,16.6400,1417980,23626172.7700
2019-11-11,sz.002335,16.5400,16.5400,16.0200,16.0400,16.5800,1529432,24751280.7400
2019-11-12,sz.002335,15.9600,16.1100,15.8200,15.9800,16.0400,1437301,22868222.8900
2019-11-13,sz.002335,15.9400,15.9400,15.4000,15.5200,15.9800,1890100,29462156.0000
2019-11-14,sz.002335,15.6500,15.7500,15.5200,15.7200,15.5200,1365800,21356683.0000
2019-11-15,sz.002335,15.7300,15.7600,15.1500,15.1900,15.7200,1861000,28657712.9800
2019-11-18,sz.002335,15.1400,15.4300,15.0600,15.3700,15.1900,1545786,23626465.6500
2019-11-19,sz.002335,15.5200,15.5400,15.3500,15.4700,15.3700,1583308,24445974.8000
2019-11-20,sz.002335,15.4700,15.5800,15.2200,15.3400,15.4700,1215886,18735335.7200
2019-11-21,sz.002335,15.2800,15.4700,15.1600,15.4600,15.3400,983077,15138531.0100
2019-11-22,sz.002335,15.4700,15.6000,15.2500,15.3200,15.4600,1139783,17572090.3100
2019-11-25,sz.002335,15.3200,15.3700,15.0800,15.2200,15.3200,842725,12798945.4100
2019-11-26,sz.002335,15.3000,15.3000,15.0600,15.1000,15.2200,1071401,16234391.1000
2019-11-27,sz.002335,15.0300,15.2400,15.0200,15.0800,15.1000,1076223,16273798.3800
2019-11-28,sz.002335,15.0400,15.1300,14.8600,14.8800,15.0800,1167971,17494529.7800
2019-11-29,sz.002335,14.8300,15.1600,14.8000,15.1200,14.8800,1465501,21984158.0500
2019-12-02,sz.002335,15.1700,15.2300,15.0500,15.1700,15.1200,1149824,17407559.5600
2019-12-03,sz.002335,15.1200,15.9400,15.0800,15.8900,15.1700,3658845,56946112.9600
2019-12-04,sz.002335,15.8400,15.8400,15.4600,15.5300,15.8900,2436442,37941364.2100
2019-12-05,sz.002335,15.5100,15.7600,15.5100,15.6900,15.5300,1679163,26314095.5400
2019-12-06,sz.002335,15.7500,15.7500,15.4700,15.6500,15.6900,1001867,15647541.2100
2019-12-09,sz.002335,15.7100,15.7500,15.5400,15.6000,15.6500,1803300,28179346.0000
2019-12-10,sz.002335,15.6200,15.7700,15.4900,15.7300,15.6000,1629793,25474493.5700
2019-12-11,sz.002335,15.7900,15.7900,15.3600,15.4500,15.7300,2173001,33748189.5200
2019-12-12,sz.002335,15.5200,16.1500,15.5200,15.9100,15.4500,4690074,74630249.3400
2019-12-13,sz.002335,15.9500,16.4300,15.9300,16.4100,15.9100,5305337,86022060.5700
2019-12-16,sz.002335,16.3800,16.4700,16.1100,16.4200,16.4100,3930367,64111044.3600
2019-12-17,sz.002335,16.3800,16.6600,16.2800,16.6000,16.4200,3333351,55039078.1600
2019-12-18,sz.002335,16.5400,16.6400,16.3900,16.4100,16.6000,2510834,41450591.2600
2019-12-19,sz.002335,16.5000,16.7900,16.4400,16.7000,16.4100,3195525,53266450.5700
2019-12-20,sz.002335,16.7100,16.7600,16.2400,16.2700,16.7000,2144574,35320626.5000
2019-12-23,sz.002335,16.2800,16.3800,15.9000,15.9600,16.2700,1851800,29814862.8200
2019-12-24,sz.002335,15.9800,16.2500,15.9800,16.2500,15.9600,1301372,20992992.3400
2019-12-25,sz.002335,16.2400,16.9100,16.2100,16.7200,16.2500,3542352,59131435.9600
2019-12-26,sz.002335,16.7100,16.8800,16.4200,16.6000,16.7200,2760184,45796872.2000
2019-12-27,sz.002335,16.6300,16.7700,16.3400,16.3500,16.6000,2811136,46514586.8300
2019-12-30,sz.002335,16.3400,16.3800,15.9500,16.3500,16.3500,1867442,30247981.9800
2019-12-31,sz.002335,16.3600,16.4200,16.1300,16.2700,16.3500,1825947,29673071.9200
2020-01-02,sz.002335,16.4000,16.6500,16.3500,16.6200,16.2700,2615452,43303527.2700
2020-01-03,sz.002335,16.6600,16.7200,16.5000,16.6300,16.6200,2123210,35263680.8300
2020-01-06,sz.002335,16.6100,16.9400,16.5100,16.8500,16.6300,3775004,63418837.0200
2020-01-07,sz.002335,16.8600,17.1800,16.7800,16.9800,16.8500,3504156,59422802.9500
2020-01-08,sz.002335,16.9900,17.5600,16.9000,17.2700,16.9800,6618804,114440781.7500
2020-01-09,sz.002335,17.3700,19.0000,17.1200,19.0000,17.2700,12026061,221174028.8700
2020-01-10,sz.002335,18.9000,19.1000,18.1600,18.2100,19.0000,10728499,198855018.2800
2020-01-13,sz.002335,18.1900,18.2600,17.7000,18.2600,18.2100,6331518,113753797.3900
2020-01-14,sz.002335,18.2300,19.0800,18.0700,18.4000,18.2600,8667990,161119488.2800
2020-01-15,sz.002335,18.4300,19.0000,18.0100,18.5700,18.4000,6401484,118099430.3800
2020-01-16,sz.002335,18.4300,18.7300,18.1000,18.4600,18.5700,4878994,89814265.3900
2020-01-17,sz.002335,18.4400,18.6900,18.2700,18.5000,18.4600,4714169,87244513.5100
2020-01-20,sz.002335,18.6000,18.6300,17.9300,18.4800,18.5000,4570856,83552546.6000
2020-01-21,sz.002335,18.2000,18.4000,17.7300,17.7300,18.4800,4451999,80170940.4000
2020-01-22,sz.002335,17.8100,18.0800,17.3100,17.9700,17.7300,3802803,67647161.5100
2020-01-23,sz.002335,17.7700,18.1500,17.3800,17.5200,17.9700,3801128,67497397.0700
2020-02-03,sz.002335,15.7700,15.9300,15.7700,15.7700,17.5200,3293100,51945818.3200
2020-02-04,sz.002335,15.6500,16.8200,15.6500,16.6800,15.7700,5220263,85636912.6700
2020-02-05,sz.002335,16.9000,17.4200,16.6100,16.8400,16.6800,5586644,94906751.3200
2020-02-06,sz.002335,17.0400,18.4700,16.6600,18.0800,16.8400,8023181,141245304.7200
2020-02-07,sz.002335,17.9400,19.8200,17.8000,19.6500,18.0800,18596376,354214907.5200
2020-02-10,sz.002335,20.5400,21.2100,19.5700,20.0300,19.6500,18023878,364020325.9600
2020-02-11,sz.002335,20.0900,20.3500,19.6200,19.7300,20.0300,12274116,244425329.2700
2020-02-12,sz.002335,19.9000,21.3600,19.7000,21.0100,19.7300,17990357,370648175.1600
2020-02-13,sz.002335,21.1300,22.3300,20.9800,21.5000,21.0100,19065701,412832649.6000
2020-02-14,sz.002335,21.1000,21.6600,20.7000,21.2300,21.5000,11593397,246374365.6500
2020-02-17,sz.002335,21.2300,21.6100,21.0200,21.5600,21.2300,10412940,222316895.5200
2020-02-18,sz.002335,21.4300,21.8100,20.8200,21.5000,21.5600,12286418,261703844.2600
2020-02-19,sz.002335,21.1800,21.5000,20.6200,20.6500,21.5000,10772012,226809613.2600
2020-02-20,sz.002335,20.8300,21.6500,20.8300,21.5400,20.6500,13001106,276782942.3700
2020-02-21,sz.002335,22.3500,23.6900,22.3500,23.6900,21.5400,14441145,337356499.7600
2020-02-24,sz.002335,24.1800,25.8900,23.7000,24.9500,23.6900,22946652,572442788.9800
2020-02-25,sz.002335,23.9100,25.7800,23.4500,25.4600,24.9500,21931582,541248455.9800
2020-02-26,sz.002335,24.5100,24.7500,23.0200,23.1000,25.4600,15899681,383859349.6900
2020-02-27,sz.002335,23.5200,24.8700,23.1200,24.2000,23.1000,11867388,284576022.0600
2020-02-28,sz.002335,23.0500,24.7500,22.8100,23.4500,24.2000,14911684,358445643.9300
2020-03-02,sz.002335,24.2500,25.7600,23.5000,25.3300,23.4500,15263801,377837861.1000
2020-03-03,sz.002335,26.1000,26.9100,24.2600,24.5800,25.3300,21585720,553338609.8700
2020-03-04,sz.002335,23.0000,23.6700,22.1400,23.2100,24.5800,18125821,415951542.7100
2020-03-05,sz.002335,25.0000,25.1600,23.6600,23.9600,23.2100,21119107,518593134.2000
2020-03-06,sz.002335,23.1600,24.0000,22.8800,24.0000,23.9600,11776793,274960624.3500
2020-03-09,sz.002335,23.4000,23.8800,22.2200,22.3000,24.0000,10773800,248075474.8300
2020-03-10,sz.002335,22.2500,23.6000,21.5100,23.5000,22.3000,12130700,274084389.6900
2020-03-11,sz.002335,24.1500,25.8500,24.1500,24.4500,23.5000,17296708,431762988.2300
2020-03-12,sz.002335,23.7200,25.0800,23.6300,24.2600,24.4500,11549180,281307326.4300
2020-03-13,sz.002335,22.8800,24.5000,22.5600,23.9500,24.2600,10478380,246084916.0000
2020-03-16,sz.002335,24.0100,24.3800,21.6100,21.8500,23.9500,11070700,255576975.1000
2020-03-17,sz.002335,21.9900,22.9700,21.0200,22.7300,21.8500,9286489,205502130.8700
2020-03-18,sz.002335,23.0000,24.5000,22.8100,23.3800,22.7300,14688754,348404590.7200
2020-03-19,sz.002335,23.7000,24.3900,23.3800,24.1900,23.3800,12485971,298643416.5500
2020-03-20,sz.002335,24.5000,24.9500,23.7000,24.1400,24.1900,10893789,265115680.7400
2020-03-23,sz.002335,23.1400,25.3400,23.1400,24.6500,24.1400,14126000,345350029.5800
2020-03-24,sz.002335,25.1300,27.1200,24.8600,26.6900,24.6500,25329167,664139585.3200
2020-03-25,sz.002335,25.9900,26.2700,25.4100,25.9600,26.6900,16809388,435078148.4200
2020-03-26,sz.002335,25.7400,25.7500,24.5000,24.9400,25.9600,10907685,272941243.2400
2020-03-27,sz.002335,25.3000,25.5800,24.3400,24.3400,24.9400,8271546,206080402.5200
2020-03-30,sz.002335,23.3600,23.3600,21.9100,21.9100,24.3400,12844300,285904238.9600
2020-03-31,sz.002335,22.1700,22.2800,21.6000,21.9000,21.9100,6010264,132191947.8800
2020-04-01,sz.002335,21.8000,22.3300,21.0600,21.2300,21.9000,7496627,162233138.8700
2020-04-02,sz.002335,21.3000,22.3900,21.2300,22.3500,21.2300,7890602,172632580.3000
2020-04-03,sz.002335,22.1000,22.4300,21.4400,21.4800,22.3500,7453906,162339526.3800
2020-04-07,sz.002335,22.0700,22.3500,21.5500,21.9000,21.4800,8895672,195237157.7600
2020-04-08,sz.002335,21.6700,22.1900,21.5300,22.1400,21.9000,6441663,141354083.8300
2020-04-09,sz.002335,22.2800,22.8300,21.9700,22.6300,22.1400,8257919,185576703.1200
2020-04-10,sz.002335,22.6200,22.6400,20.7500,21.0900,22.6300,10030400,215448489.9800
2020-04-13,sz.002335,20.7500,20.7500,20.0000,20.1200,21.0900,4918952,99675362.7600
2020-04-14,sz.002335,20.3800,20.7400,20.2600,20.6700,20.1200,4595863,94346372.6100
2020-04-15,sz.002335,20.6600,20.9100,20.3800,20.4000,20.6700,4772437,98388932.0200
2020-04-16,sz.002335,20.3500,20.9900,19.9400,20.9000,20.4000,5496400,113446823.0000
2020-04-17,sz.002335,21.0000,21.3700,20.6300,20.6500,20.9000,5511762,115712856.9000
2020-04-20,sz.002335,20.7400,21.6600,20.7200,21.6400,20.6500,6825600,144826259.0000
2020-04-21,sz.002335,21.3800,22.7500,21.2800,22.6400,21.6400,11334472,252801721.7900
2020-04-22,sz.002335,22.1700,22.8800,22.0900,22.4800,22.6400,6867901,153970626.8000
2020-04-23,sz.002335,22.6000,22.8000,21.7500,21.7500,22.4800,6014763,132854511.5000
2020-04-24,sz.002335,21.6500,22.2500,21.2200,21.5200,21.7500,4691418,101767239.4600
2020-04-27,sz.002335,21.5000,21.9300,21.3600,21.5900,21.5200,3497018,75669483.0800
2020-04-28,sz.002335,21.3500,21.5900,19.8400,21.0000,21.5900,5756418,119604544.4500
2020-04-29,sz.002335,21.0100,21.7100,20.8000,21.6500,21.0000,4153690,87946321.3000
2020-04-30,sz.002335,21.2800,22.3200,21.0700,21.9600,21.6500,8741450,190373809.4200
2020-05-06,sz.002335,21.8000,22.9900,21.8000,22.8000,21.9600,8589466,193784919.8800
2020-05-07,sz.002335,22.6300,23.4900,22.5700,22.8100,22.8000,7697229,177173996.2300
2020-05-08,sz.002335,22.9900,23.3700,22.7000,22.9000,22.8100,6178079,141929748.9400
2020-05-11,sz.002335,23.0000,23.4700,22.8000,23.0900,22.9000,6127838,141727819.8700
2020-05-12,sz.002335,23.0200,23.3100,22.4000,23.1800,23.0900,5894202,135108271.1000
2020-05-13,sz.002335,22.9200,23.7400,22.7200,23.5300,23.1800,6216402,144321293.3100
2020-05-14,sz.002335,23.3500,23.8800,23.0400,23.0700,23.5300,5571425,130249247.5200
2020-05-15,sz.002335,23.2600,23.5500,23.0000,23.0800,23.0700,5520350,128406268.9900
2020-05-18,sz.002335,22.8800,23.0900,22.2000,22.2600,23.0800,5807400,130764132.0000
2020-05-19,sz.002335,22.4700,22.6800,22.3400,22.5300,22.2600,3250585,73120258.2500
2020-05-20,sz.002335,22.1700,22.1800,21.6000,21.7300,22.5300,5695100,124607427.0000
2020-05-21,sz.002335,21.7900,21.8400,20.5700,20.6500,21.7300,6434211,135117959.6800
2020-05-22,sz.002335,20.6500,20.8400,19.9200,20.1700,20.6500,3966400,80722732.0000
2020-05-25,sz.002335,20.2000,20.3700,19.9000,20.0200,20.1700,3114513,62355399.8800
2020-05-26,sz.002335,20.2600,20.6000,20.1000,20.4500,20.0200,3256200,66512953.0000
2020-05-27,sz.002335,20.6000,21.1500,20.4200,20.5900,20.4500,4229606,87639951.0900
2020-05-28,sz.002335,20.0000,20.5800,19.9200,20.3000,20.5900,4048411,81659756.0000
2020-05-29,sz.002335,20.1000,20.5500,20.0500,20.3800,20.3000,2124821,43258627.3500
2020-06-01,sz.002335,20.6900,21.3400,20.3500,21.2800,20.3800,6994815,145830881.5400
2020-06-02,sz.002335,20.6000,20.6500,20.3000,20.3400,20.6800,4656986,95113511.3600
2020-06-03,sz.002335,20.3000,20.5500,20.0800,20.1800,20.3400,4341733,88327258.2800
2020-06-04,sz.002335,20.2800,20.3800,19.6900,19.8500,20.1800,4628390,92326307.5000
2020-06-05,sz.002335,19.8000,19.9800,19.4300,19.8900,19.8500,3352990,66092621.3000
2020-06-08,sz.002335,20.2300,20.4500,20.0800,20.1100,19.8900,3727826,75525628.5400
2020-06-09,sz.002335,20.0900,20.3900,19.9800,20.1700,20.1100,2891414,58265204.3600
2020-06-10,sz.002335,20.0700,20.1400,19.8100,20.0700,20.1700,2522956,50260508.8900
2020-06-11,sz.002335,20.0300,20.1900,19.7000,19.8000,20.0700,3313142,66095615.2900
2020-06-12,sz.002335,19.3800,19.9500,19.2000,19.6700,19.8000,2873841,56298559.7900
2020-06-15,sz.002335,19.5700,19.8000,19.3600,19.3600,19.6700,2418203,47269971.0800
2020-06-16,sz.002335,19.4800,19.9400,19.4800,19.8900,19.3600,2771351,54725250.8600
2020-06-17,sz.002335,19.8700,20.2500,19.7800,20.1300,19.8900,2798600,56070579.2300
2020-06-18,sz.002335,20.1200,20.2600,19.9000,20.1900,20.1300,2519584,50587414.1200
2020-06-19,sz.002335,20.1800,20.7900,20.1500,20.6400,20.1900,6193607,127244353.8800
2020-06-22,sz.002335,20.7200,20.9200,20.3700,20.4500,20.6400,3692532,75979149.0200
2020-06-23,sz.002335,20.4000,20.7200,20.1000,20.4500,20.4500,3090153,63069380.0000
2020-06-24,sz.002335,20.4800,20.5800,20.1200,20.1500,20.4500,3078300,62279810.6700
2020-06-29,sz.002335,20.1600,21.2300,20.0000,21.0100,20.1500,7575649,157268624.9600
2020-06-30,sz.002335,20.7700,21.4700,20.6000,21.0900,21.0100,6985142,147182850.2800
2020-07-01,sz.002335,21.2100,22.0000,21.1900,21.5000,21.0900,7227341,156115558.4000
2020-07-02,sz.002335,21.3700,21.9200,21.1500,21.8300,21.5000,5972701,128883628.7600
2020-07-03,sz.002335,21.9800,22.3300,21.4500,21.5700,21.8300,6032850,131261208.5000
2020-07-06,sz.002335,21.7000,22.8300,21.6800,22.8000,21.5700,9100901,202143212.7100
2020-07-07,sz.002335,22.9300,23.6800,22.5200,23.1000,22.8000,9506197,219014176.5300
2020-07-08,sz.002335,23.3800,24.1600,23.0800,24.0300,23.1000,8271541,196214902.6700
2020-07-09,sz.002335,24.3000,24.5700,23.7900,24.1300,24.0300,7480078,180902900.2800
2020-07-10,sz.002335,24.1500,26.5400,24.1500,26.5400,24.1300,17281581,452508158.9300
2020-07-13,sz.002335,26.4900,28.9600,26.1000,28.3800,26.5400,16562437,451558104.8700
2020-07-14,sz.002335,28.1500,29.5500,27.7500,28.6200,28.3800,11752284,334618461.5400
2020-07-15,sz.002335,29.7000,29.7000,26.6200,26.9800,28.6200,11169408,306759015.0800
2020-07-16,sz.002335,26.5100,27.1100,24.8000,24.8100,26.9800,9821180,255406622.4600
2020-07-17,sz.002335,26.5000,27.2900,26.4500,27.2900,24.8100,5657779,152603474.9100
2020-07-20,sz.002335,28.0000,29.3000,26.4200,28.9800,27.2900,19515188,542126877.7600
2020-07-21,sz.002335,28.0000,28.5600,27.5000,27.6000,28.9800,10375098,289368236.6500
2020-07-22,sz.002335,27.6700,28.4500,27.0700,27.7300,27.6000,6937000,192922714.2400
2020-07-23,sz.002335,27.2900,27.5900,25.8600,26.4700,27.7300,10607249,281770122.4300
2020-07-24,sz.002335,26.0600,26.7500,24.4700,24.5800,26.4700,8982524,228009102.8300
2020-07-27,sz.002335,24.6000,24.7400,23.6600,23.8000,24.5800,7006135,168623998.7600
2020-07-28,sz.002335,24.1400,24.2800,23.6100,23.9100,23.8000,4028224,96435896.6400
2020-07-29,sz.002335,24.1000,25.3500,23.8000,25.0300,23.9100,6398366,158532644.7800
2020-07-30,sz.002335,25.0000,25.2400,24.0200,24.2500,25.0300,6371400,156014723.5400
2020-07-31,sz.002335,24.5700,25.6500,24.5100,24.8100,24.2500,8538645,213122222.8500
2020-08-03,sz.002335,24.7500,25.5500,24.6400,25.5400,24.8100,7636733,192359044.1800
2020-08-04,sz.002335,25.7500,26.4500,25.4600,26.1700,25.5400,7983488,207880755.2600
2020-08-05,sz.002335,26.1700,26.7200,25.6000,26.3000,26.1700,5678185,148687975.4700
2020-08-06,sz.002335,26.3000,26.6000,25.2400,25.5200,26.3000,5323846,136473438.6100
2020-08-07,sz.002335,25.5500,25.6300,24.0000,24.6400,25.5200,5358042,132845954.5800
2020-08-10,sz.002335,24.4300,25.1700,24.4200,24.8900,24.6400,4031200,99848489.0000
2020-08-11,sz.002335,25.7000,27.3800,25.7000,26.0200,24.8900,15669716,419794412.7000
2020-08-12,sz.002335,26.6000,27.2000,25.8800,27.1100,26.0200,14372570,381064811.9800
2020-08-13,sz.002335,28.1000,29.4900,27.1300,28.3200,27.1100,16654409,474627446.5700
2020-08-14,sz.002335,28.3500,29.4800,27.4200,27.8800,28.3200,12752573,359774869.4300
2020-08-17,sz.002335,27.8800,30.6700,27.6000,30.6700,27.8800,19126525,570637692.5200
2020-08-18,sz.002335,30.8000,32.8200,30.1300,31.9300,30.6700,18397070,575795187.0500
2020-08-19,sz.002335,31.3400,31.8700,30.2000,30.2000,31.9300,11751691,364097906.6200
2020-08-20,sz.002335,29.8800,31.2000,29.8100,30.5500,30.2000,7314813,223598048.6300
2020-08-21,sz.002335,30.3000,31.0800,29.0000,29.7200,30.5500,8842771,264859389.5400
2020-08-24,sz.002335,29.8000,30.6800,29.2000,30.2500,29.7200,8656858,260666435.9600
2020-08-25,sz.002335,30.0100,31.9300,29.8300,31.9000,30.2500,10955820,338654795.6400
2020-08-26,sz.002335,33.3000,33.4900,28.7100,28.8000,31.9000,18469624,569311706.3500
2020-08-27,sz.002335,28.7400,29.4700,28.3000,29.0300,28.8000,7999052,231413909.3000
2020-08-28,sz.002335,29.1000,31.9300,28.3600,31.9300,29.0300,15255118,473854123.2800
2020-08-31,sz.002335,32.8900,34.2000,32.4000,33.0200,31.9300,17388847,576766771.9900
2020-09-01,sz.002335,33.1300,34.9900,32.8100,34.2000,33.0200,16980218,575275245.3800
2020-09-02,sz.002335,34.1100,34.8000,33.7500,34.0000,34.2000,11373201,388650482.7500
2020-09-03,sz.002335,34.0100,34.6500,33.0900,33.5100,34.0000,10120510,342012875.4600
2020-09-04,sz.002335,32.8600,34.1900,32.6600,33.9500,33.5100,8145705,273545180.9600
2020-09-07,sz.002335,33.8000,33.8000,31.6900,32.0000,33.9500,9953424,325466922.9800
2020-09-08,sz.002335,31.9800,32.5000,30.8000,32.0800,32.0000,8324451,262772744.3800
2020-09-09,sz.002335,31.6900,31.9500,30.4800,30.5000,32.0800,8309896,257972589.2000
2020-09-10,sz.002335,31.0000,31.9900,30.6100,31.0800,30.5000,7442747,233316826.8600
2020-09-11,sz.002335,30.7700,31.8000,30.3100,31.6200,31.0800,6189908,193672379.1400
2020-09-14,sz.002335,31.7700,31.8900,30.4900,31.0400,31.6200,7177429,224407841.5500
2020-09-15,sz.002335,30.9900,31.6800,30.7100,31.4900,31.0400,5521929,172622247.2000
2020-09-16,sz.002335,31.5700,33.2500,31.0800,32.7300,31.4900,8528896,276621688.0500
2020-09-17,sz.002335,32.4200,33.2100,31.8000,32.9300,32.7300,6735927,220120629.5600
2020-09-18,sz.002335,32.9100,33.1800,31.5100,32.3000,32.9300,9171765,294538045.8100
2020-09-21,sz.002335,32.1100,32.3700,31.4500,31.8000,32.3000,4444919,141489136.0100
2020-09-22,sz.002335,31.5100,32.2300,31.1400,31.8500,31.8000,3712719,117788205.8400
2020-09-23,sz.002335,31.9700,32.8000,31.5200,32.6000,31.8500,5213305,167844804.0500
2020-09-24,sz.002335,32.5000,32.7000,31.5700,31.6800,32.6000,4619214,147951889.3100
2020-09-25,sz.002335,31.4100,31.5300,29.6800,29.9500,31.6800,6812201,206622294.2500
2020-09-28,sz.002335,17.7200,17.8000,17.0600,17.0600,17.6200,5726071,99409818.8300
2020-09-29,sz.002335,17.2200,18.1700,17.0500,17.9500,17.0600,8964411,159520761.3200
2020-09-30,sz.002335,17.9000,18.1400,17.5500,17.6900,17.9500,4882649,86927932.7700
2020-10-09,sz.002335,18.0500,18.4600,17.8300,17.9600,17.6900,7827303,141617771.9000
2020-10-12,sz.002335,18.4300,19.7600,18.4300,19.7600,17.9600,20148045,391063019.1900
2020-10-13,sz.002335,19.9900,20.4900,19.7600,20.2500,19.7600,19540649,392592909.6500
2020-10-14,sz.002335,22.0000,22.2800,21.1900,22.2800,20.2500,25180843,554504137.7000
2020-10-15,sz.002335,22.0900,22.2200,20.8000,21.1800,22.2800,25581251,551036358.2000
2020-10-16,sz.002335,21.3800,21.6200,20.9000,21.4200,21.1800,13485616,287854725.4900
2020-10-19,sz.002335,22.4900,22.8500,21.7100,21.7400,21.4200,24249516,539859498.4200
2020-10-20,sz.002335,21.2700,21.5400,20.8000,21.2400,21.7400,14180881,299387962.4900
2020-10-21,sz.002335,21.2400,21.2400,20.2200,20.5000,21.2400,13130118,269565492.7500
2020-10-22,sz.002335,20.3900,20.7500,19.7800,20.5000,20.5000,8811523,179036238.8500
2020-10-23,sz.002335,20.5000,20.8000,19.8800,19.9800,20.5000,7799577,157726164.5600
2020-10-26,sz.002335,20.7800,21.9600,20.5200,21.8200,19.9800,22482672,479017617.6400
2020-10-27,sz.002335,21.6900,22.0300,21.4400,21.8300,21.8200,13650820,296753943.6600
2020-10-28,sz.002335,21.8300,21.9900,21.2500,21.5500,21.8300,12516737,270533729.1800
2020-10-29,sz.002335,21.2600,21.5400,20.8100,21.3200,21.5500,11205081,237521716.8700
2020-10-30,sz.002335,21.3600,21.9000,20.5900,20.8600,21.3200,10814480,229299086.2000
2020-11-02,sz.002335,20.8600,21.7500,20.5300,21.6500,20.8600,12137129,260024156.9700
2020-11-03,sz.002335,21.7800,21.9300,21.2100,21.8400,21.6500,10082716,218379263.9700
2020-11-04,sz.002335,21.9300,22.0700,21.4000,21.6600,21.8400,7370941,159556568.4300
2020-11-05,sz.002335,21.8300,21.9500,20.9200,21.4900,21.6600,11899996,253477889.4900
2020-11-06,sz.002335,21.3000,21.4700,20.5600,20.8800,21.4900,7934524,165692896.5700
2020-11-09,sz.002335,20.8800,22.3600,20.8200,22.1900,20.8800,14684874,320244416.9000
2020-11-10,sz.002335,22.5100,22.8000,21.9100,22.2800,22.1900,13017999,289745534.9500
2020-11-11,sz.002335,22.0600,22.2000,21.0600,21.0600,22.2800,11047740,236662863.3000
2020-11-12,sz.002335,21.2300,21.5300,20.7100,21.3800,21.0600,7404873,156679288.6400
2020-11-13,sz.002335,21.7000,21.7800,21.0000,21.2700,21.3800,4117888,87210614.3400
2020-11-16,sz.002335,21.5000,23.3000,21.5000,23.1100,21.2700,20299135,458411968.5600
2020-11-17,sz.002335,23.2500,23.3500,22.5000,22.9700,23.1100,13330480,305086445.2300
2020-11-18,sz.002335,23.2000,23.6000,22.7700,23.1800,22.9700,10088170,233907048.7000
2020-11-19,sz.002335,23.0500,23.0500,22.0700,22.5300,23.1800,9738870,218593273.2000
2020-11-20,sz.002335,22.5800,23.7300,22.4900,23.3000,22.5300,11032322,255195972.6800
2020-11-23,sz.002335,23.2000,23.2200,22.7600,23.1400,23.3000,7755592,178495734.4600
2020-11-24,sz.002335,23.0300,23.4300,22.5900,23.3000,23.1400,7302427,168293055.9300
2020-11-25,sz.002335,23.4300,23.4300,22.7000,22.7300,23.3000,6666866,152927120.4000
2020-11-26,sz.002335,22.7100,22.7100,21.2000,21.3400,22.7300,14307549,309614846.6700
2020-11-27,sz.002335,20.7300,21.1000,20.0800,20.7000,21.3400,10738932,221458835.5000
2020-11-30,sz.002335,20.7200,21.1300,20.5300,20.8900,20.7000,6944240,145110585.8600
2020-12-01,sz.002335,20.9400,22.4500,20.8200,22.2300,20.8900,10991679,239930798.0000
2020-12-02,sz.002335,22.2200,22.6100,21.8000,21.9100,22.2300,6397210,141119194.4000
2020-12-03,sz.002335,21.8400,22.7100,21.6800,22.5000,21.9100,7613570,169749330.3400
2020-12-04,sz.002335,22.5400,23.1300,22.4000,22.7500,22.5000,6555982,149387311.2000
2020-12-07,sz.002335,23.1000,23.7500,22.9300,23.5700,22.7500,12657730,296326433.8600
2020-12-08,sz.002335,23.5500,23.6100,23.0800,23.4500,23.5700,6582494,153856312.8400
2020-12-09,sz.002335,23.3900,23.6500,22.8300,22.8900,23.4500,6110090,142121979.3400
2020-12-10,sz.002335,23.0400,23.3100,22.6900,23.0400,22.8900,4948526,113728282.3600
2020-12-11,sz.002335,23.0500,23.9300,22.8200,23.2000,23.0400,11017329,257942104.6200
2020-12-14,sz.002335,23.3200,23.4600,22.7700,23.2400,23.2000,7432146,171757407.5000
2020-12-15,sz.002335,23.1300,23.5000,22.9500,23.4000,23.2400,6409040,149354836.2200
2020-12-16,sz.002335,23.6500,23.7100,22.7600,23.1500,23.4000,7441430,172546402.4000
2020-12-17,sz.002335,23.2500,23.6500,22.6800,22.9900,23.1500,7710120,177854042.1800
2020-12-18,sz.002335,23.0600,23.3500,22.8700,22.9400,22.9900,6587099,152156103.4700
2020-12-21,sz.002335,23.0700,23.2800,22.7000,22.8000,22.9400,8449999,193866877.1400
2020-12-22,sz.002335,22.5000,22.8500,22.0000,22.1700,22.8000,7951337,177912952.2800
2020-12-23,sz.002335,22.2900,22.8800,22.2000,22.3400,22.1700,6556992,147258958.9300
2020-12-24,sz.002335,22.3400,22.6100,21.7000,21.8000,22.3400,6140495,135960838.9200
2020-12-25,sz.002335,21.7000,22.4700,21.4700,22.3000,21.8000,5595725,122841059.6300
2020-12-28,sz.002335,22.4500,23.0600,22.0600,23.0000,22.3000,8433202,191192524.6300
2020-12-29,sz.002335,22.9000,23.1200,22.5000,22.5900,23.0000,5845726,133331150.9400
2020-12-30,sz.002335,22.5900,22.5900,22.0900,22.3200,22.5900,5303586,117996203.2800
2020-12-31,sz.002335,22.7800,22.9000,22.3000,22.3400,22.3200,7811988,175849466.6100
2021-01-04,sz.002335,22.3800,24.5700,22.0900,24.5700,22.3400,20160267,478227639.2300
2021-01-05,sz.002335,24.4000,24.7400,24.2200,24.6700,24.5700,11528217,282180860.3500
2021-01-06,sz.002335,24.7100,24.8700,23.6100,24.0500,24.6700,10038618,241717470.0200
2021-01-07,sz.002335,24.0100,24.1600,23.1800,23.3900,24.0500,11333393,267245707.9800
2021-01-08,sz.002335,23.3100,23.6200,22.7300,23.1100,23.3900,8831091,204156486.7400
2021-01-11,sz.002335,23.0100,23.7500,22.4600,23.5900,23.1100,9931913,229952386.9500
2021-01-12,sz.002335,23.4600,23.5000,22.7700,23.1500,23.5900,8150208,187712248.1800
2021-01-13,sz.002335,23.0900,23.1500,22.6800,22.9500,23.1500,6721689,153811989.0200
2021-01-14,sz.002335,22.6900,23.3300,22.5000,22.9300,22.9500,6121996,140375624.8600
2021-01-15,sz.002335,22.9800,22.9900,22.5300,22.5700,22.9300,5375616,121953816.5900
2021-01-18,sz.002335,22.6300,23.0500,22.6000,22.7400,22.5700,5250097,119543033.3100
2021-01-19,sz.002335,22.7400,23.8200,22.6100,23.6000,22.7400,10054674,235312105.5100
2021-01-20,sz.002335,23.6100,23.8400,22.8000,22.8200,23.6000,7789650,179595490.7900
2021-01-21,sz.002335,22.8800,23.7700,22.8800,23.1100,22.8200,8848181,206439950.6200
2021-01-22,sz.002335,22.8200,24.5300,22.6800,24.0000,23.1100,13152018,309155910.8400
2021-01-25,sz.002335,23.9700,23.9900,23.5100,23.6300,24.0000,8448911,200050771.8900
2021-01-26,sz.002335,23.5200,23.5200,21.2700,21.2700,23.6300,13454592,297116877.1400
2021-01-27,sz.002335,20.5600,21.4500,20.5000,21.0800,21.2700,7130469,149910665.1600
2021-01-28,sz.002335,21.0600,22.0500,20.9400,21.0100,21.0800,6198982,132546671.3400
2021-01-29,sz.002335,21.0600,21.3600,18.9200,19.7200,21.0100,13980961,278894634.6900
2021-02-01,sz.002335,19.5700,20.2500,19.4200,19.6500,19.7200,7652605,151117361.6900
2021-02-02,sz.002335,19.5100,19.7800,18.9700,19.1600,19.6500,9264144,178425973.4600
2021-02-03,sz.002335,19.1500,19.3700,18.5300,18.6100,19.1600,6866022,129247834.3200
2021-02-04,sz.002335,18.5000,18.5100,17.4000,18.0200,18.6100,9021182,161711329.4700
2021-02-05,sz.002335,18.4100,18.5900,17.4600,17.5400,18.0200,5580790,99845815.4100
2021-02-08,sz.002335,17.6100,17.9000,17.3300,17.7000,17.5400,4681518,82656775.7300
2021-02-09,sz.002335,17.8500,19.0600,17.8500,18.7200,17.7000,6821340,127138948.9000
2021-02-10,sz.002335,18.6900,19.4100,18.5000,19.1800,18.7200,5234670,99666462.0000
2021-02-18,sz.002335,20.4000,20.5500,19.9100,19.9200,19.1800,8538068,171839915.3700
2021-02-19,sz.002335,20.0100,20.7200,19.9000,20.6300,19.9200,6781676,137645197.9200
2021-02-22,sz.002335,20.6500,21.1800,20.3300,20.3300,20.6300,6205897,128585587.6100
2021-02-23,sz.002335,20.3300,20.5500,19.7000,19.8400,20.3300,7283362,145624372.6900
2021-02-24,sz.002335,19.9600,20.2200,19.7000,19.8700,19.8400,4403992,87802384.9200
2021-02-25,sz.002335,19.9200,20.1000,19.4300,19.5800,19.8700,4074608,80443748.2800
2021-02-26,sz.002335,19.2100,19.6700,19.0100,19.3000,19.5800,3778437,73322500.4800
2021-03-01,sz.002335,19.2800,19.9200,19.2100,19.9000,19.3000,4619088,90897584.3600
2021-03-02,sz.002335,19.8900,20.0500,19.2800,19.5600,19.9000,4577954,89694788.2300
2021-03-03,sz.002335,19.5000,19.6700,19.3700,19.6300,19.5600,2954289,57705755.8500
2021-03-04,sz.002335,19.6000,19.6900,18.9800,19.1500,19.6300,4252150,81825241.5200
2021-03-05,sz.002335,19.2100,19.2400,18.7200,19.1200,19.1500,3293540,62543962.1000
2021-03-08,sz.002335,19.1800,19.5800,18.3300,18.3600,19.1200,4581550,86420417.0000
2021-03-09,sz.002335,18.3500,18.5300,17.6500,17.9900,18.3600,5330250,96594916.1500
2021-03-10,sz.002335,18.3000,18.3800,17.8300,17.8900,17.9900,3015840,54194656.3700
2021-03-11,sz.002335,17.9000,18.3100,17.7300,18.2800,17.8900,3589889,64894067.0500
2021-03-12,sz.002335,18.3400,18.3800,18.0100,18.0300,18.2800,2673130,48493032.0500
2021-03-15,sz.002335,18.3200,18.6500,18.0000,18.3000,18.0300,5246393,96225184.7300
2021-03-16,sz.002335,18.2000,18.9300,18.2000,18.8300,18.3000,5453810,102057693.3200
2021-03-17,sz.002335,18.8900,19.4300,18.6300,19.2400,18.8300,5323735,102030776.5000
2021-03-18,sz.002335,19.2200,19.4300,18.9500,19.2400,19.2400,4705350,90270550.7400
2021-03-19,sz.002335,19.0200,19.4700,18.8700,19.2400,19.2400,4648691,89556618.0700
2021-03-22,sz.002335,19.1200,19.9900,19.1200,19.8300,19.2400,5606790,109613578.5600
2021-03-23,sz.002335,19.8400,20.0500,19.6700,19.8200,19.8300,4798197,95228960.0800
2021-03-24,sz.002335,19.8200,20.0600,19.4400,19.7300,19.8200,3705459,73130018.0400
2021-03-25,sz.002335,19.5900,19.6900,19.1800,19.4800,19.7300,2925818,56893162.2000
2021-03-26,sz.002335,19.6600,19.6600,19.3200,19.5000,19.4800,3727775,72586869.6400
2021-03-29,sz.002335,19.6100,19.6100,19.0400,19.0800,19.5000,3820811,73334947.6400
2021-03-30,sz.002335,19.3000,19.6200,19.1000,19.3200,19.0800,4749248,92151767.1900
2021-03-31,sz.002335,19.0500,19.3000,18.8300,19.2400,19.3200,3228964,61579647.4600
2021-04-01,sz.002335,19.2000,19.4500,19.0500,19.0700,19.2400,2713845,52085061.4100
2021-04-02,sz.002335,18.9400,19.2400,18.9000,19.1800,19.0700,3102091,59055239.3600
2021-04-06,sz.002335,19.0900,19.7500,19.0100,19.7000,19.1800,5709942,111599468.7400
2021-04-07,sz.002335,19.6000,19.8300,19.4200,19.5200,19.7000,4151093,81182280.7500
2021-04-08,sz.002335,20.0800,20.8300,19.1000,19.6000,19.5200,14260664,283862552.8500
2021-04-09,sz.002335,19.3400,19.8700,19.3300,19.4100,19.6000,5434033,106033520.3600
2021-04-12,sz.002335,19.4100,19.7200,18.5000,18.8100,19.4100,7756301,146811156.3600
2021-04-13,sz.002335,18.8000,18.8700,18.1200,18.2000,18.8100,4988534,91536521.6600
2021-04-14,sz.002335,18.2700,18.4900,18.0200,18.2000,18.2000,4043200,73527771.0400
2021-04-15,sz.002335,18.3000,18.3100,17.7700,18.0100,18.2000,3941402,70905663.0500
2021-04-16,sz.002335,18.0800,18.2000,17.8000,18.1500,18.0100,3613013,64981881.7700
2021-04-19,sz.002335,18.1500,18.5800,18.0600,18.5300,18.1500,5099553,94067375.3000
2021-04-20,sz.002335,18.5000,18.8200,18.3700,18.6500,18.5300,4904554,91401177.4600
2021-04-21,sz.002335,18.6500,18.7200,18.4400,18.5600,18.6500,2894395,53749789.5800
2021-04-22,sz.002335,18.7300,18.8800,18.4100,18.5400,18.5600,2976727,55227265.7700
2021-04-23,sz.002335,18.4100,18.6400,18.2100,18.5000,18.5400,3729584,68832703.5500
2021-04-26,sz.002335,18.4700,18.4800,17.8600,17.8900,18.5000,7498148,136424517.0300
2021-04-27,sz.002335,17.8300,18.2000,17.5300,18.0900,17.8900,3526915,62906798.9200
2021-04-28,sz.002335,17.8500,18.0400,17.3500,17.8400,18.0900,5700043,100451985.5900
2021-04-29,sz.002335,17.6500,18.2400,17.5100,17.9100,17.8400,4703298,84465170.7800
2021-04-30,sz.002335,18.0700,18.1000,16.9000,16.9800,17.9100,7780771,134827951.7800
2021-05-06,sz.002335,16.4700,16.4900,15.5800,16.2600,16.9800,8368359,134747139.3100
2021-05-07,sz.002335,16.2300,16.3600,15.8500,15.9400,16.2600,4442185,71454582.9100
2021-05-10,sz.002335,15.9400,15.9400,15.3600,15.5400,15.9400,5866320,91172490.3500
2021-05-11,sz.002335,15.4900,16.0600,15.3000,15.5500,15.5400,5448005,85651831.5500
2021-05-12,sz.002335,15.6600,15.7800,15.3800,15.7100,15.5500,3505677,54610481.8200
2021-05-13,sz.002335,15.6100,16.1600,15.4600,15.7400,15.7100,3986508,63211328.9800
2021-05-14,sz.002335,15.7700,16.3900,15.7500,16.1100,15.7400,4197099,67297230.8900
2021-05-17,sz.002335,16.1100,16.1400,15.6000,15.6800,16.1100,4337624,68719641.5900
2021-05-18,sz.002335,15.6500,15.7000,15.4400,15.6000,15.6800,3119180,48448685.1000
2021-05-19,sz.002335,15.4800,15.6900,15.4300,15.4900,15.6000,2952672,45817278.7200
2021-05-20,sz.002335,15.4900,15.6500,15.3100,15.5500,15.4900,3257670,50398341.5000
2021-05-21,sz.002335,15.4800,15.7300,15.4800,15.6000,15.5500,3324937,51868446.1100
2021-05-24,sz.002335,15.5100,15.5500,15.3000,15.3800,15.6000,4374621,67319534.4600
2021-05-25,sz.002335,15.4200,16.3700,15.3200,15.9300,15.3800,7125404,113274546.5600
2021-05-26,sz.002335,15.9100,16.6600,15.7600,16.4500,15.9300,6799977,110831223.5400
2021-05-27,sz.002335,16.5800,16.7900,16.2500,16.6300,16.4500,6163433,101656958.6700
2021-05-28,sz.002335,16.5000,16.6300,16.2800,16.4600,16.6300,4766597,78527279.1800
2021-05-31,sz.002335,16.4600,17.4000,16.4000,17.3500,16.4600,8806003,149934832.9500
2021-06-01,sz.002335,17.4800,17.4800,16.9200,17.3400,17.3500,5580412,95773465.0400
2021-06-02,sz.002335,17.1000,17.1000,16.4100,16.4700,17.0400,5031660,83912848.3300
2021-06-03,sz.002335,16.4700,16.7800,16.4500,16.5000,16.4700,3333344,55456996.9600
2021-06-04,sz.002335,16.5500,16.7500,16.4200,16.6100,16.5000,2698340,44780824.7300
2021-06-07,sz.002335,16.7800,17.4800,16.7800,17.2800,16.6100,6468903,111301036.7300
2021-06-08,sz.002335,17.2500,17.5000,17.1300,17.1900,17.2800,4241749,73304386.4100
2021-06-09,sz.002335,17.2200,17.4000,16.8200,16.8900,17.1900,5366209,90839921.2100
2021-06-10,sz.002335,16.9000,17.5500,16.7900,17.5300,16.8900,7349653,127246157.8600
2021-06-11,sz.002335,17.6600,17.6600,16.8900,16.9500,17.5300,7749919,132975774.5700
2021-06-15,sz.002335,16.7200,17.0300,16.5300,16.8300,16.9500,4038893,67647074.6000
2021-06-16,sz.002335,16.7600,16.8000,16.3200,16.3300,16.8300,4318414,71217917.2400
2021-06-17,sz.002335,16.3100,16.5300,16.2500,16.5200,16.3300,3111961,51006684.1600
2021-06-18,sz.002335,16.4400,17.2000,16.3100,17.1700,16.5200,5238949,88724068.8900
2021-06-21,sz.002335,17.1000,18.8700,16.9800,18.8500,17.1700,18292963,334213954.4000
2021-06-22,sz.002335,18.8300,19.7200,18.2200,18.4800,18.8500,15884456,301524708.7200
2021-06-23,sz.002335,18.6800,18.8800,18.3200,18.5800,18.4800,8268404,153704787.2000
2021-06-24,sz.002335,18.5300,19.2000,18.4700,18.7500,18.5800,9432763,177955245.5400
2021-06-25,sz.002335,18.7500,18.9500,18.5400,18.8000,18.7500,6666673,125047552.2700
2021-06-28,sz.002335,18.8000,20.6800,18.8000,20.6800,18.8000,26675159,543066464.7900
2021-06-29,sz.002335,22.7500,22.7500,22.5000,22.7500,20.6800,15794704,359309802.8000
2021-06-30,sz.002335,24.0000,24.5200,22.3700,22.7700,22.7500,52711622,1244010907.7800
2021-07-01,sz.002335,23.3000,23.6000,20.8000,21.0500,22.7700,37560479,836343016.3600
2021-07-02,sz.002335,21.1800,23.1600,20.5000,23.1600,21.0500,28850080,639059079.2000
2021-07-05,sz.002335,24.0700,25.4800,23.7100,25.4800,23.1600,34407865,851202954.6300
2021-07-06,sz.002335,27.0000,28.0300,24.8800,25.6000,25.4800,62147707,1648249179.6100
2021-07-07,sz.002335,25.2200,26.3000,24.0300,25.6000,25.6000,41148802,1025244312.4500
2021-07-08,sz.002335,25.5000,26.5700,25.0600,25.6200,25.6000,28625184,738232964.4400
2021-07-09,sz.002335,25.4300,25.4300,23.8800,24.7000,25.6200,23208015,569545342.3800
2021-07-12,sz.002335,25.0300,25.9700,24.0300,25.6400,24.7000,32106949,802515877.2300
2021-07-13,sz.002335,25.3800,25.8900,24.8000,25.3900,25.6400,19227196,486526405.5600
2021-07-14,sz.002335,24.9300,24.9300,22.8500,22.8500,25.3900,34515423,799332937.2800
2021-07-15,sz.002335,22.4100,22.7900,21.4600,22.4900,22.8500,26277284,580398573.4500
2021-07-16,sz.002335,22.5900,22.6700,21.3000,21.6700,22.4900,20960470,463336364.3000
2021-07-19,sz.002335,21.9900,22.8900,21.9900,22.3600,21.6700,18424378,415312695.6900
2021-07-20,sz.002335,21.9000,22.8000,21.7300,22.3900,22.3600,11336339,253893125.7000
2021-07-21,sz.002335,22.6500,23.9700,22.6500,23.2000,22.3900,19192638,449021596.7200
2021-07-22,sz.002335,23.2800,25.3000,22.6000,24.8500,23.2000,26801048,646467808.5600
2021-07-23,sz.002335,25.9000,26.3500,24.4900,25.2800,24.8500,28414078,723552348.5800
2021-07-26,sz.002335,25.5900,26.3800,24.5500,25.1000,25.2800,26599360,673653306.9600
2021-07-27,sz.002335,24.9100,25.4400,22.5900,22.8800,25.1000,31064465,747079779.6800
2021-07-28,sz.002335,22.6300,23.2000,20.8000,21.7600,22.8800,19095320,418076020.9200
2021-07-29,sz.002335,22.6000,23.9400,22.5100,23.9400,21.7600,17938305,418163774.7600
2021-07-30,sz.002335,26.3300,26.3300,25.6400,26.3300,23.9400,29925910,787156552.9300
2021-08-02,sz.002335,28.9600,28.9600,28.9600,28.9600,26.3300,5219398,151153766.0800
2021-08-03,sz.002335,30.4900,31.8600,28.9100,29.1000,28.9600,89679474,2766758196.2100
2021-08-04,sz.002335,29.7800,32.0100,29.7800,32.0100,29.1000,21925978,682238943.3500
2021-08-05,sz.002335,35.0000,35.0000,31.2000,32.8500,32.0100,64430087,2104684405.8400
2021-08-06,sz.002335,31.5100,33.3200,31.0000,32.2000,32.8500,43929381,1405531019.6100
2021-08-09,sz.002335,32.9200,34.4000,31.1500,33.1800,32.2000,42957863,1414183769.7600
2021-08-10,sz.002335,33.2200,36.5000,33.2200,34.6500,33.1800,46859478,1645089546.6200
2021-08-11,sz.002335,34.4100,38.1200,34.0000,38.1200,34.6500,47969877,1764837846.4200
2021-08-12,sz.002335,38.8600,41.9300,36.6000,41.4000,38.1200,63451691,2528394294.3500
2021-08-13,sz.002335,39.0900,40.8800,37.2600,38.5400,41.4000,63519049,2449032564.3200
2021-08-16,sz.002335,37.0000,37.6200,35.3000,35.5500,38.5400,45175895,1637716676.2400
2021-08-17,sz.002335,35.1800,35.8000,32.1000,32.7800,35.5500,44915229,1503157964.3000
2021-08-18,sz.002335,32.7500,33.3800,31.4500,32.1500,32.7800,29118789,941676084.7700
2021-08-19,sz.002335,31.9500,33.2800,31.7000,32.7200,32.1500,31421129,1024315997.3500
2021-08-20,sz.002335,35.9900,35.9900,35.3800,35.9900,32.7200,24508964,881322658.7500
2021-08-23,sz.002335,38.8000,39.5900,37.2100,39.0000,35.9900,66870449,2595936575.4600
2021-08-24,sz.002335,38.8800,40.9600,37.6600,37.7300,39.0000,40104615,1557160010.3900
2021-08-25,sz.002335,38.3600,41.5000,38.3000,41.5000,37.7300,34563721,1383567890.7700
2021-08-26,sz.002335,43.4000,45.6500,41.9000,42.2900,41.5000,59719614,2628894169.3000
2021-08-27,sz.002335,42.1600,43.1500,38.9800,40.5000,42.2900,51330024,2077644854.2900
2021-08-30,sz.002335,38.8900,41.8900,37.8900,41.5700,40.5000,40100816,1621297365.9700
2021-08-31,sz.002335,40.7900,40.7900,37.4100,37.4100,41.5700,31796687,1210687169.5800
2021-09-01,sz.002335,36.9500,37.0000,33.6700,33.7500,37.4100,50218006,1756827404.0300
2021-09-02,sz.002335,33.7500,36.1800,33.7500,35.4700,33.7500,32813435,1149236097.7200
2021-09-03,sz.002335,34.5000,38.8800,34.3500,36.4800,35.4700,39409146,1445387041.8400
2021-09-06,sz.002335,36.7100,37.5800,35.2800,36.6800,36.4800,28200215,1027407990.3700
2021-09-07,sz.002335,37.6800,37.8900,35.6000,36.0900,36.6800,25366148,919204599.7400
2021-09-08,sz.002335,35.7000,37.3300,34.3800,34.4100,36.0900,28808726,1021609622.2900
2021-09-09,sz.002335,34.0000,34.7600,32.6500,33.3000,34.4100,28139323,939038326.7800
2021-09-10,sz.002335,33.8800,34.0600,31.8100,33.5900,33.3000,32702923,1074457792.8900
2021-09-13,sz.002335,33.1600,34.5800,32.0000,33.8800,33.5900,27013997,905558523.7200
2021-09-14,sz.002335,33.7400,35.8600,33.1800,35.8300,33.8800,36276600,1262719361.5700
2021-09-15,sz.002335,35.8200,37.3800,34.7800,36.5900,35.8300,30968300,1110445472.6000
2021-09-16,sz.002335,36.0800,36.0800,32.9300,32.9300,36.5900,30509433,1042523631.8600
2021-09-17,sz.002335,31.6100,32.8500,30.5600,32.0000,32.9300,20401545,647980901.6500
2021-09-22,sz.002335,31.4000,32.7900,31.1500,32.3700,32.0000,11716119,376677002.8700
2021-09-23,sz.002335,32.4000,33.9900,32.4000,32.7500,32.3700,12968910,429882116.3300
2021-09-24,sz.002335,32.3800,33.8400,31.7500,32.4900,32.7500,16372961,540389564.7600
2021-09-27,sz.002335,33.0000,34.4500,30.1800,32.2100,32.4900,21059316,680479633.5100
2021-09-28,sz.002335,32.2100,32.6200,30.4000,30.6700,32.2100,16339689,511701256.5700
2021-09-29,sz.002335,30.4000,31.6000,30.1200,30.3800,30.6700,14391769,444670564.1500
2021-09-30,sz.002335,31.9000,33.4200,31.1800,33.4200,30.3800,10539997,347737825.5600
2021-10-08,sz.002335,36.0000,36.6000,33.6700,34.6600,33.4200,40247022,1421785768.1600
2021-10-11,sz.002335,35.9700,36.1100,33.7600,33.9700,34.6600,24337491,851821078.7000
2021-10-12,sz.002335,33.3700,33.7400,30.5700,30.5700,33.9700,24198524,761813124.4500
2021-10-13,sz.002335,30.4000,32.2000,29.3600,31.7200,30.5700,22148727,681622946.0900
2021-10-14,sz.002335,31.4300,34.8900,31.0200,34.8900,31.7200,23756702,794705251.5700
2021-10-15,sz.002335,34.1800,35.7000,33.6800,35.0400,34.8900,32689377,1140764212.6200
2021-10-18,sz.002335,35.7300,38.0400,35.1900,37.5000,35.0400,35916762,1324573391.9100
2021-10-19,sz.002335,38.1000,39.0700,36.9500,37.9600,37.5000,36516792,1387616130.9000
2021-10-20,sz.002335,38.2000,40.3800,37.9000,38.8300,37.9600,31608529,1239437413.5100
2021-10-21,sz.002335,38.5700,41.7000,38.1000,39.3500,38.8300,36055126,1434030191.5900
2021-10-22,sz.002335,39.0200,39.4800,37.3100,37.4200,39.3500,27215208,1036553566.5800
2021-10-25,sz.002335,37.8700,41.1600,37.7200,39.9000,37.4200,51740589,2071584728.3000
2021-10-26,sz.002335,40.0100,41.4000,38.7500,40.0000,39.9000,38547941,1542902273.3800
2021-10-27,sz.002335,39.6100,41.1000,38.9000,39.8000,40.0000,30089861,1200857846.3100
2021-10-28,sz.002335,39.6000,40.3000,38.2300,38.4000,39.8000,22910188,896896041.4300
2021-10-29,sz.002335,38.5100,39.6400,37.0000,39.0800,38.4000,25763535,988787019.4800
2021-11-01,sz.002335,38.3900,42.2100,37.8000,40.9900,39.0800,42823465,1723378495.3600
2021-11-02,sz.002335,40.6000,41.2800,37.0500,37.7500,40.9900,40063361,1552508880.1500
2021-11-03,sz.002335,38.2500,41.5300,37.2800,41.5300,37.7500,34447542,1353565898.9100
2021-11-04,sz.002335,43.1600,44.2800,41.3600,43.1900,41.5300,47722101,2048139431.5600
2021-11-05,sz.002335,43.0400,45.5600,42.3400,43.5300,43.1900,41803374,1839061208.5700
2021-11-08,sz.002335,42.1800,43.1900,40.6600,42.7900,43.5300,30776843,1288251146.7900
2021-11-09,sz.002335,43.4100,47.0700,41.8800,45.4200,42.7900,51360310,2309200325.0200
2021-11-10,sz.002335,45.0000,48.3000,44.6400,47.5900,45.4200,43259206,2025547359.5800
2021-11-11,sz.002335,47.0000,48.1000,45.5000,45.6500,47.5900,34069971,1590394227.8800
2021-11-12,sz.002335,45.4600,47.7200,44.5100,46.2000,45.6500,28057859,1300580463.7000
2021-11-15,sz.002335,45.8000,46.0500,42.6600,42.9900,46.2000,31111985,1367501070.8800
2021-11-16,sz.002335,42.1000,43.6900,41.6800,43.3300,42.9900,21492114,918026148.2100
2021-11-17,sz.002335,42.9800,44.3500,42.2900,44.1300,43.3300,20729046,901292894.4300
2021-11-18,sz.002335,43.4000,44.0700,42.8100,42.8600,44.1300,15064898,652174221.7000
2021-11-19,sz.002335,42.8500,45.7000,42.5500,44.7000,42.8600,22669158,1009658243.1400
2021-11-22,sz.002335,46.0000,47.0000,44.5200,46.2200,44.7000,23213497,1066879000.1900
2021-11-23,sz.002335,45.6600,48.2000,45.2800,45.7000,46.2200,23970021,1116569696.0100
2021-11-24,sz.002335,45.3400,45.9900,42.5900,42.9000,45.7000,25161753,1101655460.7100
2021-11-25,sz.002335,42.6000,43.5000,42.1200,42.9700,42.9000,10733780,461084841.8100
2021-11-26,sz.002335,43.0000,44.3000,42.7500,43.4300,42.9700,13238886,574834320.8100
2021-11-29,sz.002335,42.5300,44.8500,42.3300,44.8000,43.4300,18703165,826411583.1100
2021-11-30,sz.002335,44.7600,47.2800,44.0100,46.4600,44.8000,26189696,1206402849.0200
2021-12-01,sz.002335,46.3000,46.6600,44.9000,45.1900,46.4600,13710217,622494641.1400
2021-12-02,sz.002335,45.0300,45.3300,42.6800,43.0700,45.1900,19378272,842044967.9300
2021-12-03,sz.002335,43.0000,43.9500,41.9800,43.1500,43.0700,15963761,684980982.6400
2021-12-06,sz.002335,42.9800,44.8500,42.8500,43.8500,43.1500,15296589,676072531.2300
2021-12-07,sz.002335,44.0100,44.2500,40.0100,40.5000,43.8500,21450316,888729998.6000
2021-12-08,sz.002335,41.4300,41.8800,40.7800,41.0600,40.5000,11462506,472613222.0700
2021-12-09,sz.002335,41.1000,41.6200,40.4000,40.6800,41.0600,8717355,355649551.5300
2021-12-10,sz.002335,40.2100,41.2900,40.1000,40.7500,40.6800,10245711,418316649.7500
2021-12-13,sz.002335,40.9400,41.2200,40.2900,40.6000,40.7500,11981850,488798645.9600
2021-12-14,sz.002335,41.0000,41.8800,40.2000,40.6100,40.6000,11288219,462477332.1900
2021-12-15,sz.002335,40.2600,41.5900,39.7700,40.9200,40.6100,13814478,560795106.4900
2021-12-16,sz.002335,40.7500,42.4000,40.7000,41.4500,40.9200,12506900,520685518.1500
2021-12-17,sz.002335,41.1400,42.4300,40.5600,40.8900,41.4500,12699211,527527531.2700
2021-12-20,sz.002335,40.2000,40.2400,36.9600,37.1600,40.8900,21876190,832502603.7600
2021-12-21,sz.002335,37.1600,37.8000,36.2900,37.4300,37.1600,9754006,360707983.9800
2021-12-22,sz.002335,37.3300,38.3000,37.2400,38.0300,37.4300,7915552,299931357.9400
2021-12-23,sz.002335,37.7700,38.3100,37.3900,37.7500,38.0300,7086465,268243428.0400
2021-12-24,sz.002335,37.5600,37.7500,35.0000,35.4700,37.7500,15349180,552950322.5000
2021-12-27,sz.002335,35.0700,35.9800,34.8000,35.2200,35.4700,7266038,257467757.2600
2021-12-28,sz.002335,35.4100,36.0800,35.1900,35.8600,35.2200,8124520,290117578.7600
2021-12-29,sz.002335,36.1300,36.6800,35.5600,35.8600,35.8600,9343135,337273300.0800
2021-12-30,sz.002335,35.5200,36.5700,35.4200,35.4600,35.8600,7230833,259690803.2900
2021-12-31,sz.002335,35.9000,37.6500,35.9000,36.3600,35.4600,13288724,488270751.6300
2022-01-04,sz.002335,36.3000,36.5300,34.0000,34.6500,36.3600,12535240,437912383.2100
2022-01-05,sz.002335,34.6400,35.4400,33.3400,33.6000,34.6500,15884988,543680058.1000
2022-01-06,sz.002335,33.2000,34.1200,33.0000,33.7500,33.6000,9360010,314964866.5500
2022-01-07,sz.002335,33.5700,33.9000,32.3700,32.7100,33.7500,10252018,337959604.6700
2022-01-10,sz.002335,32.2600,33.6600,31.8000,32.9900,32.7100,10420291,342068425.2800
2022-01-11,sz.002335,33.0700,33.1900,31.8200,31.8900,32.9900,8873501,286406451.7500
2022-01-12,sz.002335,32.6500,33.4000,32.1700,33.1200,31.8900,10583472,346998720.6000
2022-01-13,sz.002335,33.2000,33.3900,31.9200,32.1800,33.1200,8342820,271009782.6000
2022-01-14,sz.002335,31.9200,32.8800,31.8200,32.0000,32.1800,7875053,254127081.9500
2022-01-17,sz.002335,32.0000,33.9700,31.4000,33.3300,32.0000,15102931,498668137.5600
2022-01-18,sz.002335,33.5800,35.1800,33.2500,33.6500,33.3300,20956640,719983746.9000
2022-01-19,sz.002335,33.6600,34.5400,32.6600,34.2500,33.6500,14571964,492069611.1600
2022-01-20,sz.002335,33.8800,34.0900,32.4000,32.5600,34.2500,12211577,402715922.3200
2022-01-21,sz.002335,32.5000,33.2300,31.6200,32.7000,32.5600,6916989,225622491.8000
2022-01-24,sz.002335,32.4000,34.3500,32.2800,33.9600,32.7000,13584862,455107100.2100
2022-01-25,sz.002335,33.7300,34.1000,32.6000,32.6000,33.9600,10988792,365241453.8100
2022-01-26,sz.002335,33.0100,33.4000,31.5400,32.1300,32.6000,8519814,276533613.4700
2022-01-27,sz.002335,31.9200,32.2500,30.0000,30.2300,32.1300,10638028,328236364.3700
2022-01-28,sz.002335,30.5000,31.5300,29.6000,30.8000,30.2300,11829911,362837503.5900
2022-02-07,sz.002335,31.4600,31.5700,30.1900,30.5000,30.8000,7771661,238475817.6800
2022-02-08,sz.002335,30.5000,30.5400,29.1000,29.8800,30.5000,8336768,247456468.2300
2022-02-09,sz.002335,29.9000,31.3700,29.5100,31.3000,29.8800,10159501,310806634.1200
2022-02-10,sz.002335,31.2700,31.3400,29.4600,29.8500,31.3000,12308423,369964739.8600
2022-02-11,sz.002335,29.4800,29.6000,28.1700,28.3800,29.8500,10352986,298537920.9800
2022-02-14,sz.002335,28.0000,28.3800,27.4400,27.9300,28.3800,10345203,288391564.5300
2022-02-15,sz.002335,27.9600,29.6000,27.9600,29.5200,27.9300,12913435,375426285.1800
2022-02-16,sz.002335,29.6700,31.4500,29.2100,30.3800,29.5200,16427832,498020427.3400
2022-02-17,sz.002335,30.4400,32.6700,29.9000,31.8400,30.3800,24976524,789780002.7900
2022-02-18,sz.002335,33.1900,33.9900,32.3000,32.7700,31.8400,29414374,972255395.3400
2022-02-21,sz.002335,34.5500,36.0000,33.6000,35.2900,32.7700,38415731,1333292990.2200
2022-02-22,sz.002335,34.0000,35.1700,33.5500,33.8800,35.2900,24891892,851396471.9400
2022-02-23,sz.002335,34.2900,34.7700,33.4000,34.3000,33.8800,20362447,692286150.1600
2022-02-24,sz.002335,33.9800,34.8000,32.5000,33.2400,34.3000,23025268,775870800.4600
2022-02-25,sz.002335,33.8000,34.2400,33.2300,33.3900,33.2400,12789138,430568064.8200
2022-02-28,sz.002335,33.0000,33.6500,32.4700,33.1700,33.3900,12520999,412932816.0000
2022-03-01,sz.002335,33.5300,33.9000,32.8700,33.2500,33.1700,10926423,364521328.0000
2022-03-02,sz.002335,32.6000,34.0600,32.1500,33.4300,33.2500,15061826,497395888.0000
2022-03-03,sz.002335,33.5800,33.6000,31.9000,31.9500,33.4300,14640833,475120304.0000
2022-03-04,sz.002335,31.7000,32.3000,30.5800,30.7200,31.9500,13798888,432627056.0000
2022-03-07,sz.002335,30.7200,30.8600,29.4100,29.6000,30.7200,13528938,405364272.0000
2022-03-08,sz.002335,29.7500,30.4000,29.3000,29.4000,29.6000,13834830,414632320.0000
2022-03-09,sz.002335,30.1600,30.3000,27.8500,29.8600,29.4000,14141582,413542320.0000
2022-03-10,sz.002335,30.7900,31.2200,30.0800,30.9100,29.8600,17544942,538852000.0000
2022-03-11,sz.002335,30.0800,30.7800,29.6600,30.5600,30.9100,11604612,349482608.0000
2022-03-14,sz.002335,29.8100,30.2000,29.3800,29.3800,30.5600,6577807,196216437.0000
2022-03-15,sz.002335,28.6600,29.2900,27.5900,27.6000,29.3800,11792610,335738176.0000
2022-03-16,sz.002335,28.1000,28.5300,26.4900,28.4400,27.6000,15665866,431459216.0000
2022-03-17,sz.002335,29.0000,30.1800,28.6000,28.7000,28.4400,15144633,443178176.0000
2022-03-18,sz.002335,28.3500,28.8700,27.8800,28.4300,28.7000,8353647,236979661.7500
2022-03-21,sz.002335,28.2100,29.4500,28.1100,28.6900,28.4300,10796577,311824889.5300
2022-03-22,sz.002335,29.6100,29.9400,28.7600,28.8600,28.6900,15436380,452132560.5000
2022-03-23,sz.002335,28.8600,29.3700,28.2000,28.5300,28.8600,10118327,291013151.2900
2022-03-24,sz.002335,28.1000,28.3000,27.3600,27.9400,28.5300,9830906,273036432.2000
2022-03-25,sz.002335,28.0000,28.1900,26.8200,26.9300,27.9400,8562854,234603570.4700
2022-03-28,sz.002335,26.6600,26.7500,25.6500,26.0300,26.9300,9511007,248946288.7800
2022-03-29,sz.002335,26.0300,26.2200,25.2000,25.4300,26.0300,9078936,232158096.1600
2022-03-30,sz.002335,25.6100,26.0900,25.5300,26.0500,25.4300,7533930,194910175.9000
2022-03-31,sz.002335,26.0500,26.0800,25.0900,25.6100,26.0500,7888834,201089297.5800
2022-04-01,sz.002335,25.3000,25.6400,25.2000,25.2700,25.6100,5058640,128383052.0500
2022-04-06,sz.002335,25.2500,25.2500,24.5800,24.8000,25.2700,7038222,174348476.7900
2022-04-07,sz.002335,24.7900,24.9400,23.9000,23.9400,24.8000,8837884,214086548.9100
2022-04-08,sz.002335,23.9500,24.1500,23.2400,23.6400,23.9400,6336821,150203414.9800
2022-04-11,sz.002335,23.7300,23.7400,22.1900,22.3000,23.6400,8347240,189396218.9200
2022-04-12,sz.002335,22.3300,22.7400,22.0100,22.7000,22.3000,7701284,172662534.6500
2022-04-13,sz.002335,22.5000,22.8200,22.0700,22.0700,22.7000,5288313,118239012.4000
2022-04-14,sz.002335,22.3200,22.5200,22.0300,22.1400,22.0700,5467560,121476278.0000
2022-04-15,sz.002335,22.0600,22.1700,21.5000,21.8700,22.1400,6075710,132341286.1000
2022-04-18,sz.002335,21.8000,22.3000,21.2800,22.3000,21.8700,6033610,132498216.1000
2022-04-19,sz.002335,22.2700,22.7400,21.6400,21.8300,22.3000,8474057,187169980.7900
2022-04-20,sz.002335,21.9300,22.2100,21.2200,21.2600,21.8300,7521227,163220752.7600
2022-04-21,sz.002335,21.2600,21.2800,19.9500,20.0000,21.2600,8402024,172622081.4400
2022-04-22,sz.002335,19.7400,20.2600,19.6900,20.0400,20.0000,8152706,162985734.5800
2022-04-25,sz.002335,19.5500,19.6600,18.0400,18.0400,20.0400,11444712,213213112.0800
2022-04-26,sz.002335,18.0000,18.1700,16.6000,16.7300,18.0400,12173657,210253018.5200
2022-04-27,sz.002335,16.5400,18.4000,16.4000,18.4000,16.7300,12395951,216483089.4700
2022-04-28,sz.002335,18.7000,18.9600,18.0100,18.3300,18.4000,11724477,216354374.6200
2022-04-29,sz.002335,18.4800,20.0500,18.4200,19.7000,18.3300,14786290,283525709.2000
2022-05-05,sz.002335,19.7000,20.5500,19.5000,20.1100,19.7000,9968730,200507798.1000
2022-05-06,sz.002335,19.4900,20.6800,19.4200,20.2000,20.1100,8410085,169847309.3500
2022-05-09,sz.002335,20.1900,20.5400,20.0100,20.2500,20.2000,6808182,138107756.6000
2022-05-10,sz.002335,19.9500,21.3400,19.8100,20.7000,20.2500,7924044,163975063.3600
2022-05-11,sz.002335,20.8900,21.9400,20.8900,21.1600,20.7000,12537460,270048414.1000
2022-05-12,sz.002335,20.9300,21.8000,20.9000,21.4700,21.1600,7920940,169763850.4000
2022-05-13,sz.002335,21.6600,21.6800,21.0500,21.1800,21.4700,6941704,147421201.4400
2022-05-16,sz.002335,21.3200,21.6700,20.8300,20.9700,21.1800,6928118,146411325.6700
2022-05-17,sz.002335,20.9700,21.6900,20.6000,21.5800,20.9700,8453811,179658036.0500
2022-05-18,sz.002335,22.2900,22.9800,21.7000,22.0900,21.5800,16394659,363840604.4500
2022-05-19,sz.002335,21.7500,23.5900,21.6100,23.1800,22.0900,22452156,512945692.8700
2022-05-20,sz.002335,23.2300,24.3800,23.0800,23.8500,23.1800,19058293,450240747.0300
2022-05-23,sz.002335,23.5800,23.8400,22.9400,23.5500,23.8500,11989430,279908926.8000
2022-05-24,sz.002335,23.3400,24.2400,22.5000,22.5300,23.5500,14835989,347462750.0700
2022-05-25,sz.002335,22.5400,23.8100,22.3600,23.7300,22.5300,13876495,320911248.5900
2022-05-26,sz.002335,24.0000,24.0200,22.7000,23.0900,23.7300,11015935,254912822.9700
2022-05-27,sz.002335,23.0600,23.2200,22.3000,22.6000,23.0900,9419399,214071733.6600
2022-05-30,sz.002335,22.8000,22.9000,22.0000,22.8400,22.6000,8153539,184039738.3900
2022-05-31,sz.002335,23.0000,23.8500,22.3000,23.5600,22.8400,13369582,310697814.8600
2022-06-01,sz.002335,23.4400,25.1000,23.3000,24.4300,23.5600,20268829,494813679.5100
2022-06-02,sz.002335,24.3000,24.8500,24.1300,24.8000,24.3400,14271474,349917497.1200
2022-06-06,sz.002335,24.5800,25.5000,24.3800,25.2500,24.8000,15888049,397284410.6800
2022-06-07,sz.002335,25.5500,26.0000,24.6000,24.9200,25.2500,17401222,438252090.6300
2022-06-08,sz.002335,24.9000,25.4800,24.5000,25.1900,24.9200,12987436,325659590.6600
2022-06-09,sz.002335,25.4700,26.3900,24.6700,25.0200,25.1900,17630576,449464309.4900
2022-06-10,sz.002335,24.6000,26.6000,24.4000,26.1600,25.0200,20993682,541144491.1800
2022-06-13,sz.002335,25.8000,26.5600,25.5500,26.1900,26.1600,16504734,429443044.3700
2022-06-14,sz.002335,25.8700,27.1800,25.7000,26.9400,26.1900,17935075,475204772.2900
2022-06-15,sz.002335,26.9500,27.2900,25.9700,26.1200,26.9400,16309237,431244261.7000
2022-06-16,sz.002335,26.0900,26.5800,25.7500,25.8700,26.1200,11829346,308410770.1800
2022-06-17,sz.002335,25.6000,26.4100,25.5000,26.1200,25.8700,11212577,292541304.4800
2022-06-20,sz.002335,26.1800,28.5800,26.1000,28.1500,26.1200,24957157,685810288.4400
2022-06-21,sz.002335,28.8000,28.8000,26.3700,27.2100,28.1500,22237107,603773607.7300
2022-06-22,sz.002335,26.9100,28.2700,26.8300,26.9200,27.2100,16422552,451860053.3000
2022-06-23,sz.002335,27.2200,29.6100,27.2200,29.6100,26.9200,26633564,761766173.0000
2022-06-24,sz.002335,29.9900,31.9500,29.8000,31.0000,29.6100,38948748,1199501210.8300
2022-06-27,sz.002335,30.8000,30.9500,29.9900,30.4700,31.0000,19811118,601404126.8400
2022-06-28,sz.002335,30.4200,30.9500,30.0000,30.7800,30.4700,15380152,470566671.1600
2022-06-29,sz.002335,30.6000,30.8500,29.4000,29.4600,30.7800,16507533,496010308.2900
2022-06-30,sz.002335,29.5000,31.4900,29.4100,30.8500,29.4600,18939031,579398970.7500
2022-07-01,sz.002335,30.8000,31.1800,29.9700,30.4900,30.8500,13749240,419518394.1100
2022-07-04,sz.002335,30.0000,32.4700,29.7000,32.3000,30.4900,22152024,699739600.2000
2022-07-05,sz.002335,32.0000,32.7400,31.8000,32.2700,32.3000,14424557,464414950.2000
2022-07-06,sz.002335,32.0100,33.8500,32.0100,33.3800,32.2700,22863422,759749426.7200
2022-07-07,sz.002335,33.3700,36.7200,33.1800,36.2200,33.3800,35442748,1258548876.9800
2022-07-08,sz.002335,36.0000,36.6800,35.2000,35.5800,36.2200,24436771,875603855.7800
2022-07-11,sz.002335,35.0100,36.4000,34.1600,35.1200,35.5800,19316627,676903616.7500
2022-07-12,sz.002335,34.2000,35.3000,32.0000,32.2900,35.1200,27040961,899777863.0600
2022-07-13,sz.002335,32.3000,33.9600,32.2000,33.3800,32.2900,19706977,652921922.4200
2022-07-14,sz.002335,33.5500,36.7200,33.5000,36.7200,33.3800,16574831,598322362.3600
2022-07-15,sz.002335,38.1900,40.3900,37.2000,39.3100,36.7200,61654123,2439045138.6600
2022-07-18,sz.002335,39.9000,41.5400,38.2500,41.4000,39.3100,47606278,1903424762.9800
2022-07-19,sz.002335,40.7800,41.7000,39.7600,41.0100,41.4000,28297846,1151155419.2800
2022-07-20,sz.002335,40.7000,40.9900,39.0200,39.9000,41.0100,23307679,930116609.6500
2022-07-21,sz.002335,39.5800,40.4100,38.6000,39.0400,39.9000,17487776,692979543.4200
2022-07-22,sz.002335,39.1100,40.5400,37.6600,39.8400,39.0400,28230894,1112116761.4700
2022-07-25,sz.002335,40.0000,40.4000,36.5600,37.2000,39.8400,31007786,1167761171.6600
2022-07-26,sz.002335,37.5100,38.0800,36.0000,37.1900,37.2000,21576262,799529288.6400
2022-07-27,sz.002335,37.1900,39.3900,36.8800,39.1200,37.1900,23023801,885819199.4700
2022-07-28,sz.002335,39.7700,40.0000,37.0000,37.9700,39.1200,23602223,908919526.8000
2022-07-29,sz.002335,38.3800,40.1000,38.2800,39.1500,37.9700,27248922,1078863627.4500
2022-08-01,sz.002335,39.1500,41.7800,38.5200,40.5100,39.1500,27705300,1114350512.9100
2022-08-02,sz.002335,39.2800,40.0800,36.4600,39.0800,40.5100,21429694,839195459.4700
2022-08-03,sz.002335,39.3800,40.2800,37.5000,37.7500,39.0800,21044438,815101566.2100
2022-08-04,sz.002335,37.7500,38.2800,36.7000,37.2500,37.7500,16162259,602837393.2500
2022-08-05,sz.002335,37.6000,38.2500,36.5900,37.3900,37.2500,12986857,483160971.3300
2022-08-08,sz.002335,37.0000,38.3000,35.5900,37.7200,37.3900,15123134,561104626.5200
2022-08-09,sz.002335,37.7100,39.5000,37.1000,38.2800,37.7200,14520325,560760871.4700
2022-08-10,sz.002335,37.6200,40.1000,37.5900,38.9400,38.2800,18766991,731545901.6000
2022-08-11,sz.002335,39.1900,39.2500,37.4000,38.7400,38.9400,14208923,542822328.9300
2022-08-12,sz.002335,38.3800,39.4800,37.5800,37.5900,38.7400,9676462,370800441.7000
2022-08-15,sz.002335,37.6400,41.3500,37.6400,41.3500,37.5900,24093621,979275994.0500
2022-08-16,sz.002335,42.1700,44.2500,42.1700,42.9100,41.3500,35697122,1542885198.1400
2022-08-17,sz.002335,43.4400,44.5500,42.5100,42.9400,42.9100,23742715,1032265819.8300
2022-08-18,sz.002335,42.9600,46.1500,42.7300,44.4500,42.9400,22348490,1002927985.7800
2022-08-19,sz.002335,44.8900,45.4700,43.6000,43.6500,44.4500,17463308,773775333.7100
2022-08-22,sz.002335,44.0400,44.3800,42.3000,43.4900,43.6500,13243775,573649029.3100
2022-08-23,sz.002335,43.9200,47.7700,43.0500,47.1900,43.4900,24581895,1137241107.8200
2022-08-24,sz.002335,47.0700,47.6000,43.9200,43.9400,47.1900,20809385,944553404.0600
2022-08-25,sz.002335,44.5100,44.9300,42.2100,43.6700,43.9400,16819863,734652935.0000
2022-08-26,sz.002335,44.1000,46.3000,39.3000,39.3000,43.6700,33833978,1411410902.5700
2022-08-29,sz.002335,36.2400,38.7400,35.3700,37.8800,39.3000,33925703,1266311639.2800
2022-08-30,sz.002335,38.0200,39.4500,36.8100,38.6300,37.8800,22352235,863029190.0300
2022-08-31,sz.002335,39.2100,39.2100,34.7700,34.7700,38.6300,27083487,973692027.0600
2022-09-01,sz.002335,34.8000,35.2800,33.8900,35.1000,34.7700,18559069,640910767.3600
2022-09-02,sz.002335,35.3900,37.5000,34.4700,36.1400,35.1000,15539734,560904988.1000
2022-09-05,sz.002335,36.4700,38.1200,36.1800,36.8200,36.1400,16805007,628056456.0100
2022-09-06,sz.002335,37.0200,40.3000,36.7800,39.7900,36.8200,19525292,760794725.1700
2022-09-07,sz.002335,39.4000,41.2000,39.3900,40.3200,39.7900,14594179,590330403.1800
2022-09-08,sz.002335,40.3400,41.0700,39.4200,39.8000,40.3200,10015592,400832206.7000
2022-09-09,sz.002335,39.6100,39.9800,38.2700,38.9900,39.8000,10203599,395985139.7600
2022-09-13,sz.002335,39.1900,39.7000,38.1500,39.1900,38.9900,7708376,299331233.9500
2022-09-14,sz.002335,39.1800,39.9200,38.2200,38.9500,39.1900,8573148,333148586.5800
2022-09-15,sz.002335,39.2100,39.3800,35.1200,35.5500,38.9500,16717288,607478792.2600
2022-09-16,sz.002335,35.3800,36.2500,34.4600,34.6400,35.5500,12771253,448156502.3600
2022-09-19,sz.002335,35.1000,36.4000,34.8000,35.2100,34.6400,10660088,377138865.4100
2022-09-20,sz.002335,35.7200,37.9000,35.7200,37.8900,35.2100,15809710,586030494.3900
2022-09-21,sz.002335,37.8000,38.8000,36.7900,37.1500,37.8900,14592322,549543517.1300
2022-09-22,sz.002335,37.9500,40.8700,37.5500,40.1100,37.1500,35828748,1435585009.0900
2022-09-23,sz.002335,39.5100,41.6600,39.0500,40.0900,40.1100,27056923,1087567502.7300
2022-09-26,sz.002335,39.6900,44.0500,39.6000,42.4900,40.0900,20416158,869186916.4100
2022-09-27,sz.002335,43.1100,43.2400,41.5600,42.1500,42.4900,14236377,599984421.4800
2022-09-28,sz.002335,42.4000,43.9000,41.4100,41.9000,42.1500,14389441,608439354.3400
2022-09-29,sz.002335,42.4000,46.0900,42.4000,45.7100,41.9000,28431247,1263945440.3500
2022-09-30,sz.002335,44.8800,45.2700,41.8000,42.2000,45.7100,19820870,853354801.6700
2022-10-10,sz.002335,40.9200,42.6400,40.1900,41.6500,42.2000,13368998,554732097.6000
2022-10-11,sz.002335,41.4800,44.2800,41.4800,44.0000,41.6500,17277037,753492853.4900
2022-10-12,sz.002335,44.0000,46.9100,43.1500,46.9100,44.0000,22363263,1008651466.0700
2022-10-13,sz.002335,46.1800,49.6700,46.1800,47.7500,46.9100,24940334,1209607531.4500
2022-10-14,sz.002335,48.1000,48.2500,45.4600,47.4300,47.7500,20399789,960401806.2500
2022-10-17,sz.002335,47.4300,48.3300,46.0800,46.8300,47.4300,11927336,558774136.7000
2022-10-18,sz.002335,46.8600,50.9500,46.2100,49.7600,46.8300,23082729,1134563201.5100
2022-10-19,sz.002335,49.0000,49.9400,48.0000,49.1000,49.7600,14457857,711561424.6000
2022-10-20,sz.002335,48.3000,48.6100,45.0000,45.4900,49.1000,24223618,1117141131.3800
2022-10-21,sz.002335,45.0000,46.6000,43.8400,45.9400,45.4900,21002476,953698024.5800
2022-10-24,sz.002335,45.6600,45.8500,42.8800,43.4300,45.9400,27747536,1218611956.9500
2022-10-25,sz.002335,42.7900,44.3500,41.8900,43.4100,43.4300,22448786,967294666.2600
2022-10-26,sz.002335,43.0300,43.8000,41.6400,43.6000,43.4100,27069132,1157673089.3000
2022-10-27,sz.002335,43.5800,44.7000,40.8300,40.9200,43.6000,25659083,1087453251.7800
2022-10-28,sz.002335,40.5000,41.3700,40.0300,40.3100,40.9200,16828197,681873763.1200
2022-10-31,sz.002335,39.9600,43.3800,39.8000,42.7500,40.3100,22992184,977273252.1200
2022-11-01,sz.002335,42.5700,45.3800,42.5700,44.2000,42.7500,23138163,1026158885.2700
2022-11-02,sz.002335,43.9900,45.3000,43.4400,44.5900,44.2000,16553561,732465586.0500
2022-11-03,sz.002335,44.5900,46.5900,44.4000,45.6400,44.5900,17484210,800258323.4800
2022-11-04,sz.002335,45.8000,47.6500,45.8000,47.4400,45.6400,16495709,773040783.9600
2022-11-07,sz.002335,48.0200,48.0200,44.2800,45.8000,47.4400,21823796,995362161.7800
2022-11-08,sz.002335,45.4900,47.1500,44.7000,47.1500,45.8000,13042811,600031446.9100
2022-11-09,sz.002335,46.8100,49.6600,46.1200,47.2800,47.1500,17252365,828084831.7900
2022-11-10,sz.002335,46.8700,47.7600,46.1500,47.1100,47.2800,11247832,527877758.5500
2022-11-11,sz.002335,48.7500,49.2500,46.6600,48.2000,47.1100,18001847,866924033.5700
2022-11-14,sz.002335,47.5600,47.8500,43.3800,45.0200,48.2000,16126146,738818003.7300
2022-11-15,sz.002335,45.3800,48.0000,45.2000,48.0000,45.0200,15236041,714593726.0300
2022-11-16,sz.002335,47.5000,48.5000,46.2000,47.1500,48.0000,11739652,552083380.1300
2022-11-17,sz.002335,46.7500,46.8000,45.0000,45.5800,47.1500,11197467,510694347.8400
2022-11-18,sz.002335,45.2800,45.5000,43.2500,44.3100,45.5800,12728892,563615398.2200
2022-11-21,sz.002335,44.2700,48.1000,44.0500,47.9700,44.3100,17794100,832465267.9200
2022-11-22,sz.002335,48.1500,48.5000,46.8900,47.3800,47.9700,9806642,466794937.7300
2022-11-23,sz.002335,47.8600,50.6800,46.0000,50.3200,47.3800,19380110,946748826.8900
2022-11-24,sz.002335,50.3500,52.4000,49.9800,50.8000,50.3200,19855619,1018204596.5500
2022-11-25,sz.002335,50.5400,50.6600,47.5500,47.8000,50.8000,13283392,647834501.5400
2022-11-28,sz.002335,46.5500,49.5800,46.4000,48.6900,47.8000,12326299,596440587.2200
2022-11-29,sz.002335,48.6000,49.0000,47.4500,47.9000,48.6900,9490873,454656119.9900
2022-11-30,sz.002335,47.6000,49.2000,46.8800,47.8400,47.9000,8850460,426758813.4400
2022-12-01,sz.002335,48.0300,49.3800,47.5800,48.6700,47.8400,9612885,466250438.1100
2022-12-02,sz.002335,48.0000,53.5400,47.8000,53.5400,48.6700,32439207,1714190122.4800
2022-12-05,sz.002335,54.0000,55.1400,52.9000,53.8000,53.5400,22683841,1222631511.6300
2022-12-06,sz.002335,53.6200,54.0900,50.6600,52.0900,53.8000,18383317,956372444.3700
2022-12-07,sz.002335,52.1000,52.8100,50.8000,51.8600,52.0900,13116650,678343409.9300
2022-12-08,sz.002335,51.2900,53.6600,51.1100,52.0800,51.8600,13331260,700482136.6200
2022-12-09,sz.002335,51.7700,53.2000,51.0000,51.7000,52.0800,12254289,639183222.4900
2022-12-12,sz.002335,51.5400,52.1700,50.0100,51.2800,51.7000,8197600,419467914.1700
2022-12-13,sz.002335,51.1300,52.2000,48.8000,49.0000,51.2800,12131898,606321281.5100
2022-12-14,sz.002335,48.5000,49.3800,47.7200,48.4400,49.0000,8195533,396264803.9100
2022-12-15,sz.002335,48.4400,49.0500,47.2000,48.4200,48.4400,9563356,459854500.0000
2022-12-16,sz.002335,48.0100,48.3500,46.4200,46.5800,48.4200,9730917,457077663.2200
2022-12-19,sz.002335,46.8000,47.5000,46.3200,46.6600,46.5800,7452329,349599387.0900
2022-12-20,sz.002335,46.6600,47.1800,45.4400,46.1900,46.6600,7717609,357277869.8100
2022-12-21,sz.002335,46.0000,46.3000,43.7400,44.1500,46.1900,9889632,440294425.8200
2022-12-22,sz.002335,45.0000,45.0400,42.6800,42.8300,44.1500,9846118,428628791.4000
2022-12-23,sz.002335,42.8400,43.3300,40.3100,41.1100,42.8300,11886634,492575368.6300
2022-12-26,sz.002335,41.1200,45.2200,41.0000,45.2200,41.1100,22424456,992778430.8300
2022-12-27,sz.002335,45.2100,48.6100,45.0500,48.0100,45.2200,27143297,1278028613.4100
2022-12-28,sz.002335,48.0100,50.9800,47.3100,50.6000,48.0100,20460908,1013700156.0100
2022-12-29,sz.002335,51.0400,51.1600,49.8000,49.8900,50.6000,14963403,754482527.5600
2022-12-30,sz.002335,50.1300,51.5000,49.5000,49.8900,49.8900,10956846,550524736.5800
2023-01-03,sz.002335,49.7900,53.2800,49.4000,52.8700,49.8900,16499424,853232420.9300
2023-01-04,sz.002335,52.4500,54.4500,50.6000,51.2200,52.8700,17972437,934442287.7000
2023-01-05,sz.002335,51.7700,54.0000,50.7800,52.3300,51.2200,12647111,663055800.9200
2023-01-06,sz.002335,52.0800,54.7700,52.0800,52.3500,52.3300,16596787,881811843.9500
2023-01-09,sz.002335,52.8700,54.2100,51.1100,52.8600,52.3500,12093754,640647716.9000
2023-01-10,sz.002335,52.8900,54.9300,52.7000,53.1200,52.8600,9270539,498139014.7000
2023-01-11,sz.002335,53.1200,54.7600,52.1000,53.4000,53.1200,12571088,671784227.5100
2023-01-12,sz.002335,53.8000,54.8800,52.8000,53.1400,53.4000,8982833,482012891.5100
2023-01-13,sz.002335,53.5000,53.9800,51.8700,52.3800,53.1400,10411517,546040937.3400
2023-01-16,sz.002335,51.8800,52.6500,50.8000,50.9900,52.3800,12761679,657772476.3500
2023-01-17,sz.002335,51.2900,51.3800,50.0000,50.6200,50.9900,8855614,448346408.6100
2023-01-18,sz.002335,51.0800,51.2900,49.3800,49.4500,50.6200,10383215,516948104.4500
2023-01-19,sz.002335,49.8000,49.9000,48.2000,48.4200,49.4500,10262604,500413001.0100
2023-01-20,sz.002335,48.4100,51.2800,48.0500,50.8000,48.4200,17376531,868449106.7600
2023-01-30,sz.002335,51.6600,51.8400,49.9900,50.3600,50.8000,12842064,650482933.8500
2023-01-31,sz.002335,49.5100,51.8600,49.5100,50.5000,50.3600,11548770,588699694.3300
2023-02-01,sz.002335,50.5000,50.9700,49.0800,50.0400,50.5000,11755880,584813579.0500
2023-02-02,sz.002335,50.0800,50.3000,48.0800,48.2300,50.0400,15185748,742413567.9100
2023-02-03,sz.002335,48.3400,48.7700,46.4100,47.2100,48.2300,13293528,627448314.6600
2023-02-06,sz.002335,47.1400,47.8800,46.4800,47.8800,47.2100,10752873,508758603.7400
2023-02-07,sz.002335,47.9600,48.5300,45.7700,46.4100,47.8800,17104124,798191095.7100
2023-02-08,sz.002335,46.4500,48.2000,46.2600,46.7600,46.4100,13040368,617340378.4700
2023-02-09,sz.002335,46.5100,48.8600,45.9500,47.8800,46.7600,15976747,762053708.6900
2023-02-10,sz.002335,48.3000,48.3600,46.0900,46.2900,47.8800,12755704,596563095.1200
2023-02-13,sz.002335,46.2900,48.8700,46.2200,48.0800,46.2900,17971406,862447691.9900
2023-02-14,sz.002335,48.0700,48.1000,46.6000,47.4900,48.0800,12393904,583116684.1800
2023-02-15,sz.002335,47.1100,48.3800,47.1100,47.3600,47.4900,11123908,529644567.3400
2023-02-16,sz.002335,47.4800,47.4900,45.8200,46.0800,47.3600,13303579,619263685.9700
2023-02-17,sz.002335,46.0900,46.3600,44.2300,44.3000,46.0800,12851326,576516092.4100
2023-02-20,sz.002335,44.3200,44.9300,43.7000,44.8700,44.3000,13109171,582239154.4300
2023-02-21,sz.002335,44.8800,45.1500,43.8300,44.7600,44.8700,11402639,506551925.9800
2023-02-22,sz.002335,44.5300,46.6400,44.3500,45.3800,44.7600,13990164,639948889.3800
2023-02-23,sz.002335,45.0000,46.5800,44.9500,46.4300,45.3800,13327044,613478835.1400
2023-02-24,sz.002335,46.3700,46.7600,43.9500,44.3000,46.4300,16339023,735443309.7100
2023-02-27,sz.002335,43.8800,45.4500,43.5000,44.6200,44.3000,10392102,465754597.8200
2023-02-28,sz.002335,45.3500,45.4800,44.0300,44.6200,44.6200,7477726,334055357.9100
2023-03-01,sz.002335,44.3100,44.7800,43.8600,44.4000,44.6200,8995806,397126411.2200
2023-03-02,sz.002335,44.3900,44.6700,42.9900,43.3000,44.4000,10332349,450329010.5200
2023-03-03,sz.002335,43.1500,43.6500,42.7700,43.0200,43.3000,8582761,370037488.2900
2023-03-06,sz.002335,43.0700,44.4900,41.8600,44.3300,43.0200,22158278,956228311.3900
2023-03-07,sz.002335,44.0000,45.5000,43.7000,44.8800,44.3300,17766580,793452856.3900
2023-03-08,sz.002335,46.2300,47.5600,45.2000,45.7900,44.8800,27703850,1287685431.7100
2023-03-09,sz.002335,45.1800,45.6000,43.3800,44.0100,45.7900,19279007,853167724.0000
2023-03-10,sz.002335,43.7900,46.1600,43.5400,45.2200,44.0100,18080781,814287722.3500
2023-03-13,sz.002335,44.9800,46.3800,44.8100,45.5200,45.2200,15753853,716613408.4600
2023-03-14,sz.002335,45.0000,45.1500,42.0100,43.4400,45.5200,20555321,891092496.5500
2023-03-15,sz.002335,43.6800,44.3500,42.4000,42.7000,43.4400,11158615,481628474.7900
2023-03-16,sz.002335,42.1200,42.1200,40.4500,40.5000,42.7000,14906386,610305805.2200
2023-03-17,sz.002335,40.4900,40.9000,39.7600,40.2400,40.5000,11082046,446051946.1100
2023-03-20,sz.002335,39.5800,43.4900,38.4000,43.2600,40.2400,28767345,1187465712.4400
2023-03-21,sz.002335,43.0100,44.5000,42.5500,44.2000,43.2600,16714157,728414199.0200
2023-03-22,sz.002335,44.3200,44.5500,43.3300,44.2000,44.2000,11478549,504176192.0000
2023-03-23,sz.002335,44.0200,46.3000,43.6300,45.4400,44.2000,18686463,847222234.8900
2023-03-24,sz.002335,45.3700,48.3200,44.7300,47.6200,45.4400,25764051,1210672207.1300
2023-03-27,sz.002335,48.0000,49.5700,47.2400,48.5500,47.6200,25536186,1234952901.0800
2023-03-28,sz.002335,47.6100,48.4800,47.2100,47.2600,48.5500,15514148,740840856.1000
2023-03-29,sz.002335,47.3300,47.7400,46.0300,46.2000,47.2600,13333710,623905911.4900
2023-03-30,sz.002335,46.2100,48.2800,45.8200,47.8700,46.2000,16191667,767773081.4900
2023-03-31,sz.002335,47.3300,47.9900,46.6800,46.9200,47.8700,9602484,452730615.0900
2023-04-03,sz.002335,46.9200,47.6500,46.1700,46.4000,46.9200,14660644,683458489.7800
2023-04-04,sz.002335,46.3200,46.4000,43.3300,43.8000,46.4000,26266347,1165632003.2500
2023-04-06,sz.002335,43.8500,45.8900,43.8400,44.9100,43.8000,15513704,693840394.3400
2023-04-07,sz.002335,44.9200,45.0100,43.5000,43.5100,44.9100,10397491,457252710.4800
2023-04-10,sz.002335,43.5300,44.9900,43.5200,44.4400,43.5100,14599581,649372701.1700
2023-04-11,sz.002335,44.3800,45.1000,43.6700,44.2500,44.4400,11133590,493631224.0500
2023-04-12,sz.002335,43.8500,44.4600,43.2300,43.6300,44.2500,8633921,377277499.5300
2023-04-13,sz.002335,43.8100,44.5500,42.6600,43.0700,43.6300,9150076,398375729.3800
2023-04-14,sz.002335,43.1400,45.5000,42.6500,45.1200,43.0700,17073089,759325196.3400
2023-04-17,sz.002335,45.1200,45.1200,42.8000,43.0000,45.1200,16652133,725161078.1800
2023-04-18,sz.002335,42.7900,44.7200,42.3000,43.6800,43.0000,12733356,553640479.4100
2023-04-19,sz.002335,43.4400,47.7300,43.2400,46.6000,43.6800,30535372,1404941176.8300
2023-04-20,sz.002335,46.5200,46.8700,45.0100,45.9900,46.6000,15578831,714023418.3200
2023-04-21,sz.002335,46.2100,46.5000,44.0200,44.0600,45.9900,12610137,568070254.0800
2023-04-24,sz.002335,43.9600,44.4300,41.7000,42.5000,44.0600,12440392,532468422.3700
2023-04-25,sz.002335,42.3100,43.2800,40.6800,41.1300,42.5000,9695622,403055218.6400
2023-04-26,sz.002335,41.4600,45.0500,41.3000,44.7900,41.1300,18507784,815433020.0000
2023-04-27,sz.002335,43.9700,44.5000,42.7000,43.4300,44.7900,12709281,552349712.9100
2023-04-28,sz.002335,43.4300,44.0000,41.6000,42.0000,43.4300,16579015,697808068.1800
2023-05-04,sz.002335,41.6600,42.8300,40.6600,41.4200,42.0000,13891071,577790867.2600
2023-05-05,sz.002335,41.0200,41.8600,39.2500,41.4000,41.4200,13866172,562707088.9500
2023-05-08,sz.002335,41.1600,41.5000,40.6000,40.9500,41.4000,5958009,244144855.9900
2023-05-09,sz.002335,40.9000,40.9000,39.3500,39.4000,40.9500,10187487,405900850.7000
2023-05-10,sz.002335,39.4200,40.8400,38.7800,40.5000,39.4000,9028430,361603747.9700
2023-05-11,sz.002335,40.3000,40.6900,39.8000,40.1000,40.5000,6254421,251419926.0500
2023-05-12,sz.002335,39.8500,40.2900,39.0000,39.4500,40.1000,7321404,288854260.0000
2023-05-15,sz.002335,39.4300,41.0000,39.3000,40.8200,39.4500,8577444,348038327.2200
2023-05-16,sz.002335,41.1300,41.8300,40.5000,40.6200,40.8200,7327619,301106376.4900
2023-05-17,sz.002335,40.6200,40.9500,40.0700,40.1600,40.6200,5162655,207980980.1900
2023-05-18,sz.002335,40.2900,40.5900,39.7300,40.1200,40.1600,4588439,183854242.4800
2023-05-19,sz.002335,40.1100,40.3500,39.6100,39.6600,40.1200,4670355,186114303.6200
2023-05-22,sz.002335,39.6600,40.3200,39.3400,39.5900,39.6600,5891259,234157310.2500
2023-05-23,sz.002335,39.5000,39.9900,39.0000,39.3100,39.5900,4753904,187237239.5300
2023-05-24,sz.002335,39.3100,39.5300,37.7000,37.8000,39.3100,15095187,576919698.2100
2023-05-25,sz.002335,37.7200,39.3500,37.4500,39.1600,37.8000,14135256,542068477.6400
2023-05-26,sz.002335,38.7200,38.7900,37.9100,38.4200,39.1600,6034060,231446680.6200
2023-05-29,sz.002335,38.2200,38.5500,36.9000,37.1100,38.4200,11749358,439081278.8900
2023-05-30,sz.002335,37.1000,37.4100,36.5700,37.3400,37.1100,8028629,296950983.3500
2023-05-31,sz.002335,37.2300,38.1800,36.7800,37.6100,37.2900,7034656,264261001.8600
2023-06-01,sz.002335,37.4700,38.3500,37.4500,37.8100,37.6100,6024902,228963937.6200
2023-06-02,sz.002335,37.5800,38.8800,37.5800,38.7500,37.8100,8977182,345741674.0300
2023-06-05,sz.002335,38.6000,38.7300,37.0000,38.1000,38.7500,9437462,357332858.2500
2023-06-06,sz.002335,38.5000,38.8500,37.5300,37.7200,38.1000,6273856,239282533.7500
2023-06-07,sz.002335,37.5800,37.6500,37.0000,37.2000,37.7200,4600306,171233547.7100
2023-06-08,sz.002335,37.1500,37.5000,36.4000,36.5100,37.2000,7232855,266001808.4200
2023-06-09,sz.002335,36.4500,36.9900,36.2100,36.8600,36.5100,7086668,259696153.2700
2023-06-12,sz.002335,36.7900,37.6500,36.3000,37.4000,36.8600,6515121,241544787.0300
2023-06-13,sz.002335,37.5000,37.9500,37.1200,37.2500,37.4000,5334623,200009813.4700
2023-06-14,sz.002335,37.8000,37.8500,36.6600,36.9100,37.2500,6436299,238384138.6700
2023-06-15,sz.002335,37.0000,38.1400,36.8100,38.1400,36.9100,11256410,424825295.2000
2023-06-16,sz.002335,38.1000,38.8000,37.7500,38.7400,38.1400,9638142,370696254.6500
2023-06-19,sz.002335,39.0000,39.0900,38.2400,38.4000,38.7400,10090009,388721203.7800
2023-06-20,sz.002335,38.6700,39.2600,37.6700,37.7700,38.4000,8889210,338789191.0400
2023-06-21,sz.002335,37.6000,38.0500,36.0000,36.0500,37.7700,11132482,408475776.9600
2023-06-26,sz.002335,36.0600,37.1800,35.8000,35.9800,36.0500,8891682,321922591.6600
2023-06-27,sz.002335,35.9700,37.1500,35.7300,36.2000,35.9800,8088152,293095704.5600
2023-06-28,sz.002335,36.0600,36.2000,35.0100,35.5600,36.2000,9486976,336159104.6000
2023-06-29,sz.002335,35.5200,36.5500,34.8100,34.9300,35.5600,13141361,465576133.8300
2023-06-30,sz.002335,34.9000,36.4700,34.4000,35.9500,34.9300,14400783,514798807.2500
2023-07-03,sz.002335,38.2000,39.5500,37.6700,39.5500,35.9500,18702933,734297179.9200
2023-07-04,sz.002335,39.5600,41.9900,39.5600,40.4600,39.5500,42852254,1749749536.6400
2023-07-05,sz.002335,40.5100,41.3000,39.8900,40.5100,40.4600,18463859,750830773.4200
2023-07-06,sz.002335,40.1400,41.2600,39.6600,40.1100,40.5100,12024946,484172730.1900
2023-07-07,sz.002335,39.7900,40.0000,38.7000,38.8300,40.1100,9896296,386149794.9400
2023-07-10,sz.002335,39.1800,41.0600,38.3800,39.7900,38.8300,15047586,601222644.8800
2023-07-11,sz.002335,40.0000,41.1700,39.4800,40.9500,39.7900,15883864,645733542.0500
2023-07-12,sz.002335,42.5200,42.7300,40.5200,41.5100,40.9500,19900538,830073866.4100
2023-07-13,sz.002335,41.5300,42.0000,40.1600,40.5900,41.5100,17584436,713887318.3200
2023-07-14,sz.002335,40.3600,40.6900,39.8000,39.9900,40.5900,10209424,409896460.3600
2023-07-17,sz.002335,40.0800,40.3500,39.0000,39.3900,39.9900,8103445,320959073.0500
2023-07-18,sz.002335,39.3000,39.9400,38.8800,39.4000,39.3900,8468011,332449873.5800
2023-07-19,sz.002335,39.1700,39.4000,37.4600,37.7900,39.4000,14368769,545463704.9700
2023-07-20,sz.002335,37.7800,38.2000,37.3200,37.3700,37.7900,7240966,273294138.4200
2023-07-21,sz.002335,37.0500,37.2000,36.3500,36.5200,37.3700,6958530,255509909.3200
2023-07-24,sz.002335,36.6500,36.6500,35.7300,35.9800,36.5200,7059873,255060466.8700
2023-07-25,sz.002335,36.2000,36.5000,35.9200,36.0900,35.9800,9352557,338312921.9800
2023-07-26,sz.002335,36.0000,36.1300,34.8000,35.3300,36.0900,11374768,401349171.1300
2023-07-27,sz.002335,35.3900,35.7000,34.6200,34.8100,35.3300,7985512,279897893.2200
2023-07-28,sz.002335,34.6800,34.8900,34.4300,34.7000,34.8100,7375384,255556242.3300
2023-07-31,sz.002335,34.7700,35.4500,34.6000,35.1700,34.7000,9561858,336178433.1800
2023-08-01,sz.002335,35.3300,35.3300,34.5000,34.8400,35.1700,7278873,253335533.2200
2023-08-02,sz.002335,34.8000,35.2500,34.5600,34.8800,34.8400,7836656,273679338.3000
2023-08-03,sz.002335,34.8800,35.3500,34.6000,35.1500,34.8800,8063956,283070306.1600
2023-08-04,sz.002335,35.2700,35.6000,34.9300,35.5800,35.1500,8181882,288960639.6800
2023-08-07,sz.002335,35.3600,35.7900,35.2400,35.3800,35.5800,5361781,189736108.8900
2023-08-08,sz.002335,35.5900,36.5500,35.3600,35.5300,35.3800,8128779,290215844.0300
2023-08-09,sz.002335,35.2000,35.2000,34.2800,34.2900,35.5300,8556235,296234603.2700
2023-08-10,sz.002335,34.0900,35.1600,34.0000,34.7000,34.2900,5736884,199664963.1200
2023-08-11,sz.002335,34.7700,34.8300,33.6900,33.7600,34.7000,7560762,257568426.4500
2023-08-14,sz.002335,33.3200,34.1200,33.0500,34.0600,33.7600,5263272,176712162.2100
2023-08-15,sz.002335,34.2000,34.2000,32.4900,32.5900,34.0600,10684985,351928035.4300
2023-08-16,sz.002335,32.6100,33.1300,32.4500,32.4800,32.5900,5354550,175423138.5500
2023-08-17,sz.002335,32.1600,32.8600,31.9200,32.5200,32.4800,5579265,180838489.9100
2023-08-18,sz.002335,32.3500,32.7400,31.8300,31.8400,32.5200,4986342,160502115.9600
2023-08-21,sz.002335,32.3100,32.4300,31.7300,31.7900,31.8400,5605041,179050882.9900
2023-08-22,sz.002335,31.9400,32.0700,31.1300,31.8000,31.7900,7659958,242499440.0500
2023-08-23,sz.002335,30.9800,31.3000,30.5200,30.5200,31.8000,7563077,233381104.8600
2023-08-24,sz.002335,30.5200,31.7600,30.5200,31.2800,30.5200,8233576,257931895.1200
2023-08-25,sz.002335,31.0300,31.3000,30.3500,30.5200,31.2800,5124198,157738107.0700
2023-08-28,sz.002335,32.1900,32.3100,30.3000,30.4100,30.5200,7574157,235730262.7300
2023-08-29,sz.002335,30.3000,31.7500,30.2000,31.6700,30.4100,7448390,233035559.3000
2023-08-30,sz.002335,31.5700,32.1900,31.5000,31.9600,31.6700,6312932,200998320.2000
2023-08-31,sz.002335,32.0900,32.2000,31.6000,31.8100,31.9600,6387735,203879352.1500
2023-09-01,sz.002335,31.9200,32.2700,31.8000,31.9700,31.8100,4429023,141832514.6500
2023-09-04,sz.002335,32.1000,32.2200,31.7200,32.2000,31.9700,5445679,174327841.9900
2023-09-05,sz.002335,32.2100,33.4000,32.1300,32.6100,32.2000,8843968,289940543.9000
2023-09-06,sz.002335,32.2800,32.5600,31.7700,32.5100,32.6100,5424873,174976609.4100
2023-09-07,sz.002335,32.5100,32.6000,31.6500,31.7000,32.5100,5491407,175527127.7500
2023-09-08,sz.002335,31.5600,31.8000,31.4100,31.6000,31.7000,3494834,110533514.5300
2023-09-11,sz.002335,31.5300,31.9500,31.2200,31.4900,31.6000,6914078,217535698.5200
2023-09-12,sz.002335,31.4900,32.2000,31.4500,31.9700,31.4900,6003737,191700108.5900
2023-09-13,sz.002335,31.9700,31.9700,31.0000,31.2500,31.9700,5777652,181076048.7300
2023-09-14,sz.002335,31.1400,31.3500,30.7000,30.8700,31.2500,4410731,136395789.1300
2023-09-15,sz.002335,30.9000,31.0200,30.3000,30.3500,30.8700,5046137,154062274.2000
2023-09-18,sz.002335,30.2000,31.0200,30.1500,30.3500,30.3500,6135196,187432574.7300
2023-09-19,sz.002335,30.3500,30.4000,29.4900,29.6300,30.3500,6631600,197165221.2000
2023-09-20,sz.002335,29.5900,29.8800,29.3500,29.3600,29.6300,4603720,136163987.7500
2023-09-21,sz.002335,29.2000,29.5900,29.0100,29.0100,29.3600,3791854,110944859.5800
2023-09-22,sz.002335,29.0500,29.6000,28.8900,29.5400,29.0100,6808765,199866753.3200
2023-09-25,sz.002335,29.6700,29.7500,29.0900,29.1800,29.5400,5768638,168582540.9900
2023-09-26,sz.002335,29.1800,29.4500,29.0100,29.1800,29.1800,4133045,120667417.8500
2023-09-27,sz.002335,29.1000,30.3600,29.0800,29.9900,29.1800,8131356,243131201.5900
2023-09-28,sz.002335,30.0500,30.5500,29.9200,30.4200,29.9900,6500184,196376626.7300
2023-10-09,sz.002335,30.4300,30.6300,29.8300,30.2500,30.4200,5043055,152749004.3600
2023-10-10,sz.002335,30.2800,30.7700,30.1600,30.2800,30.2500,4950730,150429545.6300
2023-10-11,sz.002335,30.4700,30.9900,30.1600,30.2700,30.2800,7079795,216208172.6300
2023-10-12,sz.002335,30.2200,31.9500,30.2200,31.5800,30.2700,12271393,383246635.6100
2023-10-13,sz.002335,31.3300,31.5000,30.9000,31.1300,31.5800,7934741,246704527.9200
2023-10-16,sz.002335,31.0300,31.0300,29.9000,30.1100,31.1300,6796625,205017863.1700
2023-10-17,sz.002335,30.2000,30.4000,29.8700,30.1100,30.1100,4314109,129737829.1600
2023-10-18,sz.002335,29.8700,29.9800,29.0100,29.1200,30.1100,5335407,156579804.8200
2023-10-19,sz.002335,29.0000,29.4200,28.6100,28.8000,29.1200,5302765,153719615.6500
2023-10-20,sz.002335,28.3300,30.4500,28.3300,29.3000,28.8000,10103171,299322872.9200
2023-10-23,sz.002335,29.0800,29.0900,27.9300,28.1900,29.3000,6059929,171747892.2000
2023-10-24,sz.002335,28.1900,28.8800,27.7000,28.0600,28.1900,7835964,220309977.8100
2023-10-25,sz.002335,28.0900,28.6500,27.6900,27.8100,28.0600,8772759,246288548.4000
2023-10-26,sz.002335,27.8100,28.1700,26.4100,28.1700,27.8100,13808194,375485640.4300
2023-10-27,sz.002335,28.0000,29.0900,27.6100,28.9000,28.1700,11611419,331179201.2800
2023-10-30,sz.002335,28.9000,28.9000,28.0900,28.7200,28.9000,11502705,326853035.6300
2023-10-31,sz.002335,28.6500,28.8700,27.7300,27.9900,28.7200,9123800,256742721.0600
2023-11-01,sz.002335,27.9700,28.3100,27.7100,27.8800,27.9900,5859944,163979510.1400
2023-11-02,sz.002335,27.8800,28.1800,27.1100,27.1300,27.8800,7122929,195695143.3900
2023-11-03,sz.002335,27.1600,28.6600,27.1600,28.3400,27.1300,13740778,388230517.9800
2023-11-06,sz.002335,28.4800,29.5800,28.4100,29.1300,28.3400,11594712,337915837.7400
2023-11-07,sz.002335,29.0000,29.6500,28.6300,29.4800,29.1300,9632333,281471436.3500
2023-11-08,sz.002335,29.5100,30.1000,29.2700,29.7700,29.4800,10598175,314609908.2400
2023-11-09,sz.002335,29.7000,29.9600,29.4100,29.5800,29.7700,7291920,215845615.4700
2023-11-10,sz.002335,29.5000,29.5000,28.9400,29.2600,29.5800,6382210,186316946.1000
2023-11-13,sz.002335,29.3200,29.7800,29.3200,29.5400,29.2600,6216705,183753636.5200
2023-11-14,sz.002335,29.6500,29.8400,29.4300,29.7400,29.5400,6350388,188100922.3200
2023-11-15,sz.002335,30.0900,30.5100,29.9300,30.2000,29.7400,10725464,324722358.4200
2023-11-16,sz.002335,30.0000,30.2000,29.6700,29.7000,30.2000,6202486,185164940.1300
2023-11-17,sz.002335,29.6000,32.3300,29.4400,30.8300,29.7000,18276010,565905511.3500
2023-11-20,sz.002335,30.8300,30.9700,30.2800,30.9300,30.8300,12344790,377798366.2000
2023-11-21,sz.002335,30.8800,30.9300,29.9600,30.1000,30.9300,12834227,389369987.5900
2023-11-22,sz.002335,29.9500,29.9500,29.1500,29.2500,30.1000,8907400,262266725.5000
2023-11-23,sz.002335,29.1100,29.2400,28.7100,29.1600,29.2500,6464302,187721992.1100
2023-11-24,sz.002335,29.3300,29.3400,28.4100,28.4800,29.1600,6210709,177984347.9400
2023-11-27,sz.002335,28.4300,28.8000,28.3600,28.6000,28.4800,5577031,159534653.7700
2023-11-28,sz.002335,28.6000,28.9500,28.3100,28.7000,28.6000,4583703,131325847.7500
2023-11-29,sz.002335,28.8100,29.3400,28.4000,28.5400,28.7000,7903728,228216309.5500
2023-11-30,sz.002335,28.5200,28.6400,27.8500,28.0500,28.5400,6100523,171912712.2800
2023-12-01,sz.002335,27.9200,28.3800,27.7900,28.2700,28.0500,4919063,138214121.4200
2023-12-04,sz.002335,28.1400,28.4200,27.8400,28.0800,28.2700,4568505,128802692.4800
2023-12-05,sz.002335,28.0000,28.1800,27.2800,27.2900,28.0800,5578639,154251329.0700
2023-12-06,sz.002335,27.2000,28.2000,27.0300,27.6600,27.2900,7436055,205969512.6400
2023-12-07,sz.002335,27.5100,27.5900,26.8200,27.2000,27.6600,6363939,172640673.3000
2023-12-08,sz.002335,27.3600,27.6300,27.1000,27.2800,27.2000,5161667,141089923.6400
2023-12-11,sz.002335,27.0000,27.3200,26.5000,27.2800,27.2800,7418931,199649302.7600
2023-12-12,sz.002335,27.1200,27.3300,26.7500,27.0000,27.2800,5701000,154077783.9800
2023-12-13,sz.002335,26.9400,26.9500,26.3000,26.3200,27.0000,5836576,154961980.0100
2023-12-14,sz.002335,26.4000,27.1200,26.3000,26.3900,26.3200,6080613,162146903.8500
2023-12-15,sz.002335,26.5200,27.4500,26.5200,26.8600,26.3900,12231859,331416249.9600
2023-12-18,sz.002335,26.5700,26.8000,25.9000,25.9000,26.8600,6491285,170186295.0400
2023-12-19,sz.002335,26.0800,26.6600,25.7700,26.1500,25.9000,6653580,174856736.6400
2023-12-20,sz.002335,26.3300,26.3300,25.5200,25.5500,26.1500,5339500,137664079.0100
2023-12-21,sz.002335,25.4500,26.9100,25.3300,26.4800,25.5500,11058687,289694774.1900
2023-12-22,sz.002335,26.3100,27.3100,25.8500,26.6000,26.4800,12166122,323859009.4400
2023-12-25,sz.002335,26.5100,27.0500,26.4300,26.6700,26.6000,4993224,133194067.7500
2023-12-26,sz.002335,26.6500,26.6500,25.7900,25.9700,26.6700,6413335,167098019.1700
2023-12-27,sz.002335,26.1800,26.2300,25.7900,26.1100,25.9700,4778388,124294649.3600
2023-12-28,sz.002335,26.0000,27.8500,25.8600,27.7000,26.1100,16889354,459736967.9300
2023-12-29,sz.002335,27.4700,27.9400,27.3500,27.6800,27.7000,8308478,229326048.0500
2024-01-02,sz.002335,27.6200,27.6300,27.1200,27.1500,27.6800,6054201,165251297.4100
2024-01-03,sz.002335,27.1500,27.2900,26.6600,26.9800,27.1500,6056107,162966231.6800
2024-01-04,sz.002335,26.8900,26.9600,26.3500,26.4900,26.9800,4411060,117145890.5900
2024-01-05,sz.002335,26.5700,26.7600,25.6100,25.7300,26.4900,6274532,163869483.7900
2024-01-08,sz.002335,25.9300,26.1400,25.3300,25.3500,25.7300,5956265,153130891.4700
2024-01-09,sz.002335,25.2300,26.0800,24.3600,25.1700,25.3500,9536534,239933706.8000
2024-01-10,sz.002335,25.0200,26.0600,24.6400,25.4900,25.1700,8200314,209225436.3400
2024-01-11,sz.002335,25.3500,27.2800,25.2600,26.7900,25.4900,13691410,362546641.5900
2024-01-12,sz.002335,26.7600,27.2000,26.6100,26.6300,26.7900,8480060,227941646.5500
2024-01-15,sz.002335,26.3800,26.5700,25.8600,26.2400,26.6300,5509732,144782491.2400
2024-01-16,sz.002335,26.2900,26.8800,25.8800,26.4400,26.2400,6689638,176314793.1100
2024-01-17,sz.002335,26.3000,26.3000,25.5700,25.5700,26.4400,5202873,134980950.4500
2024-01-18,sz.002335,25.4200,26.0100,25.0200,25.8200,25.5700,8661221,221322962.5500
2024-01-19,sz.002335,25.6300,26.0700,25.1100,25.1100,25.8200,7692705,195802989.9700
2024-01-22,sz.002335,24.9000,24.9000,23.2900,23.4300,25.1100,8835151,212674752.9800
2024-01-23,sz.002335,23.5300,24.6000,23.1300,23.9600,23.4300,8644722,207380331.3300
2024-01-24,sz.002335,24.2400,24.3300,23.1000,23.8300,23.9600,7447139,176179811.1700
2024-01-25,sz.002335,23.8400,24.2800,23.2200,24.2500,23.8300,8235387,196325415.7300
2024-01-26,sz.002335,24.0300,24.4000,23.4900,23.5600,24.2500,6804533,162652304.1900
2024-01-29,sz.002335,23.5800,23.6700,22.0100,22.0600,23.5600,9889174,223477525.2100
2024-01-30,sz.002335,21.8100,22.8500,21.7700,21.8800,22.0600,7744338,172942411.6900
2024-01-31,sz.002335,22.4800,22.7400,21.0200,21.0200,21.8800,12298715,268878925.3400
2024-02-01,sz.002335,20.8400,21.2900,20.5200,20.6900,21.0200,8490569,177283777.8700
2024-02-02,sz.002335,20.5100,20.9600,18.9000,19.7000,20.6900,10044637,200102456.5300
2024-02-05,sz.002335,19.4200,19.8200,17.8200,18.4400,19.7000,11035781,206541847.6500
2024-02-06,sz.002335,18.4300,20.1700,18.0300,20.1500,18.4400,11749705,227140958.4000
2024-02-07,sz.002335,20.1800,21.6700,20.1800,21.0600,20.1500,13480300,285504399.3300
2024-02-08,sz.002335,21.3700,22.4000,21.2300,21.9000,21.0600,11619388,255908474.0100
2024-02-19,sz.002335,22.4000,22.4800,21.8100,22.1600,21.9000,9508686,210416314.5600
2024-02-20,sz.002335,21.7300,22.1100,21.6500,22.0600,22.1600,7363179,161032181.1200
2024-02-21,sz.002335,21.8500,22.8800,21.6600,22.0800,22.0600,10693685,238522094.9100
2024-02-22,sz.002335,22.3200,22.8600,22.3200,22.7600,22.0800,10002703,226003789.9100
2024-02-23,sz.002335,23.0200,23.5500,22.7500,23.3900,22.7600,14381709,333370512.1200
2024-02-26,sz.002335,23.3700,23.9300,23.0900,23.5100,23.3900,13457339,316132872.5800
2024-02-27,sz.002335,23.3800,24.8200,23.2600,24.7800,23.5100,14881272,358386438.4600
2024-02-28,sz.002335,25.1600,25.9700,23.8800,23.9700,24.7800,22450664,563979963.4700
2024-02-29,sz.002335,23.8800,25.1000,23.8000,25.1000,23.9700,13732141,338213960.3600
2024-03-01,sz.002335,25.2800,26.6100,25.2800,26.6100,25.1000,23749291,618615620.7200
2024-03-04,sz.002335,27.5300,29.2700,27.0100,28.7600,26.6100,46851272,1333176282.6400
2024-03-05,sz.002335,28.2000,28.6600,27.5200,27.7000,28.7600,30619387,860905703.8200
2024-03-06,sz.002335,27.6000,28.6500,27.5800,28.1900,27.7000,22129638,623973640.8800
2024-03-07,sz.002335,28.2300,28.2800,27.0100,27.0400,28.1900,18718649,515627599.6300
2024-03-08,sz.002335,27.4300,27.9600,27.0000,27.8400,27.0400,15279487,420246834.5700
2024-03-11,sz.002335,28.0000,29.2000,27.8700,29.0500,27.8400,28753204,823174156.0500
2024-03-12,sz.002335,29.1000,29.5000,28.4600,28.6000,29.0500,24081988,697094272.7000
2024-03-13,sz.002335,28.5500,28.8700,28.2800,28.4100,28.6000,14758979,421153808.1600
2024-03-14,sz.002335,28.1300,28.4500,27.6300,28.0700,28.4100,13442969,376348229.5000
2024-03-15,sz.002335,27.9900,28.5800,27.8800,28.4800,28.0700,13862317,392074050.6700
2024-03-18,sz.002335,28.5300,28.6900,28.2000,28.5100,28.4800,13977156,397211083.4800
2024-03-19,sz.002335,28.3800,28.3900,28.0000,28.0100,28.5100,10548008,296698691.6600
2024-03-20,sz.002335,28.2800,29.1900,28.2200,28.8000,28.0100,21319711,613016553.4200
2024-03-21,sz.002335,28.8600,29.5000,28.6300,29.2100,28.8000,19832532,577091944.7800
2024-03-22,sz.002335,29.1000,31.7700,28.8400,31.1300,29.2100,37025409,1120061398.5700
2024-03-25,sz.002335,31.7900,33.0000,30.6900,30.8700,31.1300,38389973,1218405912.7600
2024-03-26,sz.002335,30.4600,30.8400,29.5200,30.0000,30.8700,25484882,767435290.1100
2024-03-27,sz.002335,29.7200,29.9000,27.9000,27.9000,30.0000,20196474,579711384.7900
2024-03-28,sz.002335,27.8900,29.5000,27.8900,28.7700,27.9000,18577774,534893383.2500
2024-03-29,sz.002335,28.5000,29.1800,28.3100,28.9100,28.7700,10716879,308070536.5600
2024-04-01,sz.002335,29.3000,31.6400,29.3000,31.2300,28.9100,27385203,844960014.1500
2024-04-02,sz.002335,31.1800,31.2800,30.1800,30.4800,31.2300,14293669,438045634.8600
2024-04-03,sz.002335,29.6000,29.8400,28.5000,29.1500,30.4800,17740883,515137248.4600
2024-04-08,sz.002335,29.1700,29.3600,28.3100,28.6600,29.1500,10918932,314707466.0100
2024-04-09,sz.002335,28.6600,28.8600,27.7000,28.4900,28.6600,13487745,380348673.1100
2024-04-10,sz.002335,28.2900,28.4600,27.5000,28.0500,28.4900,10125972,283299331.1800
2024-04-11,sz.002335,27.7600,29.1300,27.7400,28.5200,28.0500,10319355,295577247.3500
2024-04-12,sz.002335,28.5400,28.7900,27.9500,28.0800,28.5200,6673049,189107966.3600
2024-04-15,sz.002335,28.0000,29.1600,27.7700,28.3100,28.0800,11351014,323873031.4900
2024-04-16,sz.002335,28.0100,28.2500,26.5600,26.6100,28.3100,12076828,329210323.4200
2024-04-17,sz.002335,27.0300,27.9500,27.0000,27.8000,26.6100,9794165,269827311.3300
2024-04-18,sz.002335,27.6000,27.8800,26.9100,27.4400,27.8000,8647446,237574794.1800
2024-04-19,sz.002335,27.2700,27.2700,26.2500,26.4900,27.4400,9228714,246052228.8000
2024-04-22,sz.002335,26.0000,26.4500,25.4500,26.1300,26.4900,6596502,171085262.7000
2024-04-23,sz.002335,26.1800,26.7400,26.0000,26.3200,26.1300,5030326,132274967.8800
2024-04-24,sz.002335,26.3200,26.9500,26.0000,26.9300,26.3200,7390340,197204156.5400
2024-04-25,sz.002335,26.6100,26.7300,24.8800,25.2200,26.9300,20256951,515330502.9700
2024-04-26,sz.002335,23.9900,27.3500,23.6000,26.7900,25.2200,31149336,793626657.3200
2024-04-29,sz.002335,26.7600,27.4800,26.7600,27.2400,26.7900,16291082,442723977.6700
2024-04-30,sz.002335,27.2300,27.3300,26.2500,26.5100,27.2400,12599325,336101245.5000
2024-05-06,sz.002335,26.8800,27.3900,26.7000,27.1800,26.5100,9459144,255973119.1400
2024-05-07,sz.002335,27.1800,27.2800,26.8100,27.0400,27.1800,6913757,186746717.4200
2024-05-08,sz.002335,26.8600,26.8900,25.7900,25.8200,27.0400,10605287,278365706.1200
2024-05-09,sz.002335,25.9400,26.7900,25.8600,26.3900,25.8200,7692104,203470406.6800
2024-05-10,sz.002335,26.5200,26.5500,25.9000,26.1800,26.3900,5259270,137476859.2000
2024-05-13,sz.002335,25.9700,26.2800,25.5000,25.7200,26.1800,4882500,126311837.0000
2024-05-14,sz.002335,25.5100,25.9500,25.3200,25.4100,25.7200,5546800,141520100.0000
2024-05-15,sz.002335,25.7000,27.0500,25.1000,25.1300,25.4100,10176065,262791980.0600
2024-05-16,sz.002335,24.8100,25.2800,24.6800,24.9400,25.1300,7209198,180196642.7900
2024-05-17,sz.002335,24.9300,25.1400,24.6100,25.0500,24.9400,6007734,149861787.6800
2024-05-20,sz.002335,25.0700,25.2500,24.8400,25.0600,25.0500,6909700,172793556.0000
2024-05-21,sz.002335,25.0000,25.2500,24.7500,24.9600,25.0600,4134919,103287406.0500
2024-05-22,sz.002335,24.9600,25.7500,24.8500,25.5800,24.9600,8613814,218145358.7000
2024-05-23,sz.002335,25.6900,25.7100,24.8300,25.0200,25.5800,6936528,174218267.2800
2024-05-24,sz.002335,24.9000,25.4200,24.8000,24.8100,25.0200,5502190,138049712.9000
2024-05-27,sz.002335,24.8100,25.0400,24.3600,24.9400,24.8100,4900661,120839965.8900
2024-05-28,sz.002335,24.9800,25.1000,24.5900,24.6200,24.9400,4064335,100925299.5100
2024-05-29,sz.002335,24.5900,25.1300,24.1100,24.3000,24.6200,7474160,183576473.4000
2024-05-30,sz.002335,24.3000,24.5300,24.0200,24.3000,24.3000,3987320,96931472.4000
2024-05-31,sz.002335,24.2000,24.5000,24.1000,24.3100,24.1800,2946670,71833393.4000
2024-06-03,sz.002335,24.1300,24.6700,23.7100,24.6600,24.3100,7586488,183414016.3700
2024-06-04,sz.002335,24.3800,24.7900,24.2000,24.7100,24.6600,4313500,105771853.0000
2024-06-05,sz.002335,24.7100,24.9500,24.2200,24.2200,24.7100,4336700,106730309.0000
2024-06-06,sz.002335,24.2300,24.3800,23.5600,23.7300,24.2200,5625738,134272844.3200
2024-06-07,sz.002335,23.8500,23.9500,23.2000,23.4600,23.7300,4160861,97846191.0100
2024-06-11,sz.002335,23.4000,23.7500,23.0700,23.6400,23.4600,3225430,75739639.2000
2024-06-12,sz.002335,23.4500,23.8800,23.4500,23.5800,23.6400,2909614,68839013.2100
2024-06-13,sz.002335,23.5600,23.8900,23.3900,23.5600,23.5800,4016822,95035763.7200
2024-06-14,sz.002335,23.5600,23.7000,22.9800,23.7000,23.5600,6837428,159450634.2600
2024-06-17,sz.002335,23.5400,24.0000,23.4500,23.8400,23.7000,4168859,99331230.4000
2024-06-18,sz.002335,23.9400,24.3200,23.7500,24.1500,23.8400,4246360,102549620.0000
2024-06-19,sz.002335,24.1000,24.1900,23.4900,23.5000,24.1500,4045800,95826746.0000
2024-06-20,sz.002335,23.4800,23.4800,22.6000,22.6200,23.5000,5703854,130737654.8800
2024-06-21,sz.002335,22.5200,22.7900,22.3300,22.4800,22.6200,3574473,80419375.0400
2024-06-24,sz.002335,22.2800,22.3100,21.5000,21.5700,22.4800,7377900,160961084.0000
2024-06-25,sz.002335,21.5700,21.9300,20.8100,21.0300,21.5700,5356439,113492820.5500
2024-06-26,sz.002335,21.0800,21.8900,20.8700,21.8300,21.0300,5032100,108001126.0000
2024-06-27,sz.002335,21.7000,21.9000,21.1500,21.2100,21.8300,3543630,75960874.7000
2024-06-28,sz.002335,21.2100,21.6800,21.0500,21.1300,21.2100,3994270,85509926.2000
2024-07-01,sz.002335,21.1300,21.4700,20.9200,21.3300,21.1300,3360400,71313746.0000
2024-07-02,sz.002335,21.2500,21.3800,20.9500,21.0300,21.3300,3309070,69962304.8000
2024-07-03,sz.002335,21.0700,21.1600,20.6500,20.7600,21.0300,2564480,53429175.0000
2024-07-04,sz.002335,20.8000,20.9400,20.0400,20.1400,20.7600,5345700,108887912.0000
2024-07-05,sz.002335,20.1600,20.2700,19.9100,19.9600,20.1400,4344778,87012798.4200
2024-07-08,sz.002335,19.9600,19.9900,19.3700,19.4500,19.9600,4601997,90060353.2700
2024-07-09,sz.002335,19.4500,19.6300,19.1400,19.4000,19.4500,6731221,131012737.4900
2024-07-10,sz.002335,19.4000,19.8500,18.6200,18.7500,19.4000,10439520,199889242.2700
2024-07-11,sz.002335,19.1500,19.3900,18.7200,18.8000,18.7500,16547152,314021753.5200
2024-07-12,sz.002335,18.8000,20.0600,18.6500,19.7300,18.8000,25991371,502181054.5200
2024-07-15,sz.002335,19.6300,19.6400,18.9500,19.1200,19.7300,11607031,222507700.6900
2024-07-16,sz.002335,18.9500,19.4400,18.7700,19.2800,19.1200,10693939,204007804.7500
2024-07-17,sz.002335,19.3400,19.5400,19.1200,19.1500,19.2800,6979928,134496806.5600
2024-07-18,sz.002335,18.9700,19.4900,18.7600,19.3500,19.1500,7939902,152123295.3000
2024-07-19,sz.002335,19.2500,19.9400,19.1800,19.7500,19.3500,10256927,201386582.5000
2024-07-22,sz.002335,19.7800,20.1000,19.6400,19.9400,19.7500,9654800,191848358.7200
2024-07-23,sz.002335,19.9000,20.1800,19.4300,19.4600,19.9400,9170030,182218238.6000
2024-07-24,sz.002335,19.3500,19.6500,19.0000,19.0000,19.4600,7204240,138563257.4000
2024-07-25,sz.002335,19.0000,19.8800,18.8800,19.4100,19.0000,8132173,157984623.8600
2024-07-26,sz.002335,19.3800,19.6700,19.2500,19.4200,19.4100,6937400,134666680.0000
2024-07-29,sz.002335,19.3400,19.4000,18.8600,18.9300,19.4200,6086500,115711210.9000
2024-07-30,sz.002335,18.8700,19.0000,18.5200,18.8300,18.9300,5796000,108622553.6700
2024-07-31,sz.002335,18.8300,19.7500,18.7300,19.7500,18.8300,9837651,191247128.6400
2024-08-01,sz.002335,19.7700,19.9200,19.3500,19.4500,19.7500,6812800,133389683.0000
2024-08-02,sz.002335,19.3800,19.5800,18.9500,19.0000,19.4500,6469000,124442106.0000
2024-08-05,sz.002335,18.8000,19.3500,18.3800,18.3800,19.0000,8299470,156423278.0900
2024-08-06,sz.002335,18.6700,19.2800,18.6700,19.0300,18.3800,8554800,162451140.0000
2024-08-07,sz.002335,19.1800,19.5300,18.9500,18.9900,19.0300,7603300,145744656.0000
2024-08-08,sz.002335,18.8600,18.9900,18.5000,18.7400,18.9900,6068580,113548828.0000
2024-08-09,sz.002335,18.8100,18.9500,18.4200,18.4200,18.7400,4720506,87900486.3400
2024-08-12,sz.002335,18.5100,18.7700,18.1200,18.2000,18.4200,4378928,80021644.5600
2024-08-13,sz.002335,18.1300,18.3400,17.9500,18.2400,18.2000,3913884,70899832.4200
2024-08-14,sz.002335,18.2900,18.4400,17.9500,17.9500,18.2400,3992200,72024972.0000
2024-08-15,sz.002335,17.9000,18.2500,17.6000,18.0300,17.9500,6752099,121297889.4900
2024-08-16,sz.002335,18.0100,18.0500,17.4800,17.5000,18.0300,6346572,112253111.7500
2024-08-19,sz.002335,17.4200,17.6600,17.3200,17.4400,17.5000,3887300,67950957.0000
2024-08-20,sz.002335,17.5200,17.5400,17.0600,17.1600,17.4400,4225770,72628024.5000
2024-08-21,sz.002335,17.1800,17.2600,17.0100,17.0500,17.1600,2722700,46580058.0000
2024-08-22,sz.002335,17.0500,17.1700,16.7000,16.7500,17.0500,4014261,67870554.1700
2024-08-23,sz.002335,16.7000,16.8900,16.6600,16.8200,16.7500,3516900,59073902.0000
2024-08-26,sz.002335,16.8200,17.2900,16.8200,17.1700,16.8200,4068211,69711537.9300
2024-08-27,sz.002335,17.0500,17.1300,16.8000,16.8500,17.1700,3155800,53392452.0000
2024-08-28,sz.002335,16.8500,17.1800,16.7000,17.0100,16.8500,2975003,50464560.0600
2024-08-29,sz.002335,16.9900,17.4900,16.8600,17.3200,17.0100,5175136,89453278.8400
2024-08-30,sz.002335,17.9800,19.0500,17.9700,19.0500,17.3200,14500166,272045660.2000
2024-09-02,sz.002335,19.5000,20.1100,19.1500,19.4500,19.0500,27680953,540900996.3500
2024-09-03,sz.002335,19.3500,19.8600,19.1900,19.8300,19.4500,15407785,301300111.8500
2024-09-04,sz.002335,19.6500,19.9600,19.5100,19.7300,19.8300,9630167,190086502.8100
2024-09-05,sz.002335,19.9600,20.0700,19.7000,19.8000,19.7300,9169000,182018349.0000
2024-09-06,sz.002335,19.6500,19.7000,19.0800,19.1100,19.8000,10339570,199626316.7000
2024-09-09,sz.002335,18.9300,19.1700,18.8700,18.9700,19.1100,5838900,110922755.0000
2024-09-10,sz.002335,18.9200,19.2600,18.7400,19.1800,18.9700,5896100,112120328.0000
2024-09-11,sz.002335,19.0900,19.4800,19.0100,19.4400,19.1800,8813153,170608139.6800
2024-09-12,sz.002335,19.5000,19.8000,19.3000,19.3000,19.4400,7904642,154321847.5800
2024-09-13,sz.002335,19.3100,19.4300,18.8400,18.8700,19.3000,5674406,108123607.8200
2024-09-18,sz.002335,18.8700,19.0600,18.5300,18.8100,18.8700,4065319,76281429.1100
2024-09-19,sz.002335,18.9100,19.3400,18.6200,18.9500,18.8100,7629170,144909931.4000
2024-09-20,sz.002335,19.0000,19.0400,18.6500,18.8500,18.9500,5168700,97219230.0000
2024-09-23,sz.002335,18.8900,19.0300,18.4000,18.4700,18.8500,7108270,132609907.9000
2024-09-24,sz.002335,18.5500,19.1800,18.3600,19.1800,18.4700,11005093,207688881.1000
2024-09-25,sz.002335,19.3600,19.9600,19.3400,19.4400,19.1800,14518600,285030903.0000
2024-09-26,sz.002335,19.3700,20.2200,19.1800,20.2000,19.4400,12664141,249575443.8500
2024-09-27,sz.002335,20.8000,22.2200,20.3800,21.7500,20.2000,22904328,488266830.8900
2024-09-30,sz.002335,22.6600,23.9300,22.4300,23.9300,21.7500,26194923,612047416.7300
2024-10-08,sz.002335,26.3200,26.3200,24.3200,26.3200,23.9300,30834778,796412384.7900
2024-10-09,sz.002335,25.8000,26.0800,24.1000,24.3000,26.3200,21546852,542584782.0100
2024-10-10,sz.002335,24.8800,25.4700,24.2500,24.2600,24.3000,17546454,435096224.3400
2024-10-11,sz.002335,23.9000,23.9800,22.1300,22.4100,24.2600,15723196,359631494.8300
2024-10-14,sz.002335,22.6000,23.2700,22.0600,23.2000,22.4100,11321840,257540997.3200
2024-10-15,sz.002335,23.0000,23.4700,22.5400,22.5700,23.2000,9310122,213281819.1300
2024-10-16,sz.002335,22.2900,22.7400,22.1100,22.3400,22.5700,7217710,161631855.2000
2024-10-17,sz.002335,22.5000,22.6900,22.1600,22.1600,22.3400,7792910,174766657.4800
2024-10-18,sz.002335,22.1500,23.7600,22.1200,23.2200,22.1600,14499377,332111138.6800
2024-10-21,sz.002335,23.5000,24.1400,23.2300,23.5900,23.2200,15547353,367827877.4100
2024-10-22,sz.002335,23.4500,25.0300,23.1800,24.7800,23.5900,22320040,544275477.2000
2024-10-23,sz.002335,24.8900,26.3500,24.4500,25.4700,24.7800,28159242,715926881.9600
2024-10-24,sz.002335,25.9000,26.9800,25.0700,26.5200,25.4700,33856771,884125881.6000
2024-10-25,sz.002335,26.0000,29.1600,25.9000,28.5300,26.5200,44349464,1225822804.8900
2024-10-28,sz.002335,28.4100,28.4100,26.9900,28.0200,28.5300,28770531,792649879.4000
2024-10-29,sz.002335,27.7800,28.3200,26.8900,26.9500,28.0200,21415562,585010445.0100
2024-10-30,sz.002335,26.6000,27.6500,26.5700,27.4100,26.9500,14893091,405166494.5200
2024-10-31,sz.002335,26.0000,26.8800,25.3900,26.5500,27.4100,28095106,737013594.6300
2024-11-01,sz.002335,26.3000,26.3700,24.7500,24.8000,26.5500,24774431,627581630.3600
2024-11-04,sz.002335,24.6500,26.1900,24.5500,25.9400,24.8000,16889487,433438367.9200
2024-11-05,sz.002335,25.9400,26.7000,25.5000,26.4700,25.9400,17701327,464969731.6400
2024-11-06,sz.002335,26.5300,27.6800,26.3800,27.0600,26.4700,19938272,542220301.2000
2024-11-07,sz.002335,26.9000,27.3600,26.4500,26.8700,27.0600,14074140,377354383.0000
2024-11-08,sz.002335,26.9000,27.9300,26.8400,27.0800,26.8700,17556145,480786080.4100
2024-11-11,sz.002335,26.9200,27.5000,26.6900,27.3100,27.0800,14024033,381999561.9200
2024-11-12,sz.002335,27.3300,27.3400,26.0200,26.3000,27.3100,18441253,491991574.6800
2024-11-13,sz.002335,27.2000,27.5300,26.3200,27.0300,26.3000,15197674,408242807.6200
2024-11-14,sz.002335,26.7600,27.4500,25.8000,25.8000,27.0300,12770308,335837745.9200
2024-11-15,sz.002335,25.5600,25.9000,24.5900,24.7200,25.8000,14022209,353808764.7500
2024-11-18,sz.002335,24.5600,24.8300,23.3500,23.4500,24.7200,12747860,305143450.4000
2024-11-19,sz.002335,23.6600,24.4300,23.5000,24.4100,23.4500,8894752,213723345.2400
2024-11-20,sz.002335,24.5000,24.7000,24.1300,24.3800,24.4100,8880190,216582455.0000
2024-11-21,sz.002335,24.4200,24.8100,24.1500,24.4700,24.3800,8556597,208963194.1700
2024-11-22,sz.002335,24.4000,24.6800,23.3500,23.4000,24.4700,8917042,213981307.1800
2024-11-25,sz.002335,23.7500,23.8800,22.8200,23.2900,23.4000,7707036,178016217.0800
2024-11-26,sz.002335,23.2900,23.4300,22.8500,22.9800,23.2900,6168776,142377181.8200
2024-11-27,sz.002335,22.8500,23.3600,22.4600,23.3600,22.9800,8273485,189440828.8000
2024-11-28,sz.002335,23.5000,23.8500,23.0300,23.1600,23.3600,8613282,202063443.6200
2024-11-29,sz.002335,23.1600,24.2500,23.0000,24.0300,23.1600,12390496,293477460.2000
2024-12-02,sz.002335,23.9400,24.2900,23.6600,24.1600,24.0300,8780143,211585801.2500
2024-12-03,sz.002335,24.2200,24.2900,23.6100,23.8500,24.1600,7122000,169756246.0000
2024-12-04,sz.002335,23.9000,23.9000,23.0100,23.1400,23.8500,8593940,200776349.3900
2024-12-05,sz.002335,23.1500,23.6500,23.0600,23.4900,23.1400,6820940,159170834.2000
2024-12-06,sz.002335,23.5500,23.7000,22.8600,23.3900,23.4900,12503178,290228120.3600
2024-12-09,sz.002335,23.3600,23.4300,22.9000,23.0100,23.3900,6527170,150886969.1000
2024-12-10,sz.002335,23.5800,23.7500,23.1200,23.1800,23.0100,10353536,243673094.4400
2024-12-11,sz.002335,23.7400,25.3900,23.6900,25.2200,23.1800,33568376,830869745.0100
2024-12-12,sz.002335,25.5000,25.7000,24.7100,25.0200,25.2200,24555783,618574460.6500
2024-12-13,sz.002335,24.8000,25.1900,24.3600,24.3800,25.0200,14535300,359175574.4000
2024-12-16,sz.002335,24.3800,24.4500,23.8000,24.0000,24.3800,10647862,256086627.7000
2024-12-17,sz.002335,23.9900,24.2500,23.3200,23.3800,24.0000,9747749,231258808.4500
2024-12-18,sz.002335,23.7200,24.1600,23.5000,23.8000,23.3800,9362597,223176492.2500
2024-12-19,sz.002335,23.4000,26.1000,23.1900,25.5600,23.8000,33508898,836239421.6200
2024-12-20,sz.002335,25.5000,27.3300,25.2000,26.9600,25.5600,44454661,1184253446.5100
2024-12-23,sz.002335,27.9600,29.6600,27.9600,28.0300,26.9600,65242896,1888106136.8600
2024-12-24,sz.002335,28.0200,29.5500,27.5100,27.7700,28.0300,46432693,1312250551.4500
2024-12-25,sz.002335,27.7400,28.0500,25.9600,27.7600,27.7700,36943240,1000208763.5300
2024-12-26,sz.002335,27.2600,30.5400,27.1100,30.5400,27.7600,49340701,1466883320.1600
2024-12-27,sz.002335,31.6500,32.3400,30.1500,30.3500,30.5400,75183141,2333537138.5100
2024-12-30,sz.002335,30.8100,31.0000,29.6100,29.8000,30.3500,40198678,1213846403.1200
2024-12-31,sz.002335,30.0000,30.4000,28.5300,28.9200,29.8000,35837080,1042698613.3000
2025-01-02,sz.002335,28.4800,28.9200,26.5400,26.9400,28.9200,32501768,896954818.3200
2025-01-03,sz.002335,26.9900,27.8800,26.0100,26.6600,26.9400,33559343,902466483.0300
2025-01-06,sz.002335,26.8600,28.0000,26.6000,27.6200,26.6600,30927292,843808726.2200
2025-01-07,sz.002335,27.3600,30.1800,27.1400,29.8500,27.6200,48453807,1393768990.1700
2025-01-08,sz.002335,28.9000,29.3000,27.6600,28.8200,29.8500,37395311,1068196032.3600
2025-01-09,sz.002335,28.2500,31.4300,28.0600,30.0400,28.8200,48441391,1468011565.6300
2025-01-10,sz.002335,29.5400,30.0000,28.1600,28.1800,30.0400,32252387,934671190.6000
2025-01-13,sz.002335,27.3400,28.0800,26.8900,27.1300,28.1800,23257895,637875904.3000
2025-01-14,sz.002335,27.8100,29.8400,27.3800,29.8400,27.1300,33453786,971106107.9400
2025-01-15,sz.002335,30.9100,31.5800,30.1800,30.3900,29.8400,49863272,1533128256.0800
2025-01-16,sz.002335,30.9000,31.4600,30.1500,30.7000,30.3900,37643010,1158165632.5000
2025-01-17,sz.002335,30.9900,32.3000,29.8400,31.5500,30.7000,49220842,1533666063.1900
2025-01-20,sz.002335,31.2700,32.0000,30.4300,30.9000,31.5500,35384934,1103399866.5300
2025-01-21,sz.002335,31.1000,31.6000,30.2400,31.4900,30.9000,31131659,961671767.7000
2025-01-22,sz.002335,31.4900,32.9600,31.2600,32.3200,31.4900,39105202,1265336047.5800
2025-01-23,sz.002335,32.4000,33.3200,29.7000,29.9700,32.3200,46910181,1473127956.0500
2025-01-24,sz.002335,29.6100,30.9600,29.4800,30.6900,29.9700,30660444,936888934.5300
2025-01-27,sz.002335,30.6100,30.8500,28.6000,28.6500,30.6900,24200167,705783780.0000
2025-02-05,sz.002335,28.8200,29.2600,27.8200,29.1900,28.6500,23386191,670566599.9100
2025-02-06,sz.002335,29.0100,30.2500,28.6800,30.1900,29.1900,24901706,739604281.7200
2025-02-07,sz.002335,30.1900,31.5800,30.1300,30.7600,30.1900,33259546,1023261836.6400
2025-02-10,sz.002335,32.4300,33.8400,31.5000,33.8400,30.7600,44336361,1459190817.1500
2025-02-11,sz.002335,34.8000,36.0000,34.1800,34.6900,33.8400,61511353,2155996930.1400
2025-02-12,sz.002335,35.4100,37.1200,34.2800,36.3300,34.6900,50447904,1812873517.8200
2025-02-13,sz.002335,36.3400,36.4200,34.6300,34.6800,36.3300,40206318,1417262331.4400
2025-02-14,sz.002335,35.1600,38.1500,35.1100,38.1500,34.6800,44061764,1622425014.9300
2025-02-17,sz.002335,41.9700,41.9700,41.9700,41.9700,38.1500,4292780,180167976.6000
2025-02-18,sz.002335,43.9800,44.9700,40.0500,41.0800,41.9700,94284470,4047049435.8700
2025-02-19,sz.002335,40.9000,44.6600,40.9000,43.6600,41.0800,72090948,3106238421.6400
2025-02-20,sz.002335,42.3500,43.9000,41.4600,43.0900,43.6600,56383188,2401083216.0100
2025-02-21,sz.002335,45.1200,47.4000,44.9000,47.4000,43.0900,61816896,2894477575.3600
2025-02-24,sz.002335,48.0100,52.1400,48.0100,52.1400,47.4000,69245413,3540623249.7600
2025-02-25,sz.002335,49.5300,52.5000,48.0200,50.2600,52.1400,87986924,4451568903.5900
2025-02-26,sz.002335,50.2100,50.5000,48.5000,49.4400,50.2600,49703947,2442990513.0400
2025-02-27,sz.002335,49.8100,51.9900,47.6300,50.9400,49.4400,61335077,3052265217.0400
2025-02-28,sz.002335,48.8800,49.2500,45.8500,45.8500,50.9400,52919360,2463980659.9300
2025-03-03,sz.002335,44.8800,45.7100,43.0000,43.6100,45.8500,48304534,2117962853.0100
2025-03-04,sz.002335,42.7500,44.4800,42.2700,44.0900,43.6100,33994108,1479923230.9000
2025-03-05,sz.002335,45.8400,47.5700,44.3500,47.3000,44.0900,55246909,2542313844.7200
2025-03-06,sz.002335,48.1900,52.0300,48.1900,52.0300,47.3000,60703760,3062143511.4000
2025-03-07,sz.002335,51.5700,53.9100,49.8400,50.6300,52.0300,70758233,3658555807.2100
2025-03-10,sz.002335,50.3000,51.5000,49.5000,50.7000,50.6300,38198752,1929595073.5900
2025-03-11,sz.002335,49.0000,55.7700,48.8000,54.4600,50.7000,69595778,3739490942.1700
2025-03-12,sz.002335,55.0000,59.9100,54.5000,57.9200,54.4600,95143403,5542849347.9700
2025-03-13,sz.002335,56.8900,58.9800,55.9800,58.7200,57.9200,74135132,4263446535.7000
2025-03-14,sz.002335,57.0000,58.9700,53.3600,58.0200,58.7200,63437350,3571638742.6500
2025-03-17,sz.002335,57.0000,57.8100,54.6000,55.2300,58.0200,56919413,3178350689.7500
2025-03-18,sz.002335,56.4000,56.4000,54.0000,54.6100,55.2300,46366509,2542832149.5400
2025-03-19,sz.002335,54.0000,55.7900,52.0000,53.8200,54.6100,45735595,2472113563.8200
2025-03-20,sz.002335,49.9000,51.4300,49.2700,49.4700,53.8200,73706470,3698606227.4500
2025-03-21,sz.002335,49.3000,49.8400,47.9900,48.1900,49.4700,39478466,1922296000.4400
2025-03-24,sz.002335,47.8000,48.1900,45.3800,46.4000,48.1900,40061898,1858582412.1200
2025-03-25,sz.002335,46.6000,46.6500,43.4100,43.8800,46.4000,38230981,1701886156.5300
2025-03-26,sz.002335,43.9700,45.5300,43.8900,44.3100,43.8800,28746217,1283448929.0800
2025-03-27,sz.002335,44.5000,44.9300,43.0100,43.1100,44.3100,24832476,1086191671.2900
2025-03-28,sz.002335,43.0500,44.8700,42.9000,43.0700,43.1100,27217441,1192152687.0200
2025-03-31,sz.002335,42.6300,44.7900,41.8900,44.1500,43.0700,41995643,1824410612.5400
2025-04-01,sz.002335,44.2800,44.5800,43.3000,43.3900,44.1500,24107989,1057671325.8400
2025-04-02,sz.002335,43.6000,44.3900,43.4100,43.6400,43.3900,21331189,936275054.7600
2025-04-03,sz.002335,42.7000,44.2700,42.3300,42.6500,43.6400,20666846,890158714.2700
2025-04-07,sz.002335,38.4100,40.1200,38.3900,38.3900,42.6500,10001632,388330365.2200
2025-04-08,sz.002335,36.3600,37.9200,34.5500,35.1900,38.3900,39197883,1393136959.0600
2025-04-09,sz.002335,34.2000,37.1600,31.9800,36.6700,35.1900,43871365,1547467676.8500
2025-04-10,sz.002335,38.5100,39.9300,38.4300,38.7000,36.6700,40344011,1578203009.3000
2025-04-11,sz.002335,38.1800,42.4200,38.0000,41.2500,38.7000,43109397,1738858919.7400
2025-04-14,sz.002335,41.5600,42.1000,40.3600,41.2000,41.2500,35085171,1448711776.1800
2025-04-15,sz.002335,41.2200,41.6900,39.6000,40.3200,41.2000,22515914,907597149.1500
2025-04-16,sz.002335,39.4000,39.8800,37.4100,38.4000,40.3200,34104921,1307504547.4300
2025-04-17,sz.002335,38.5800,40.6000,38.3600,39.8100,38.4000,30586116,1215662640.9100
2025-04-18,sz.002335,39.5900,40.5000,39.2500,39.3500,39.8100,14885637,591462891.1300
2025-04-21,sz.002335,39.2800,41.1600,38.7600,41.0800,39.3500,23591189,951935025.4500
2025-04-22,sz.002335,41.0000,41.0500,38.7000,38.8000,41.0800,25375430,1001705618.4500
2025-04-23,sz.002335,39.3900,40.1600,38.8700,39.3900,38.8000,21241544,836843808.3800
2025-04-24,sz.002335,38.9100,39.5000,36.9600,37.1900,39.3900,31191676,1171896867.6200
2025-04-25,sz.002335,37.3800,39.0700,37.1900,38.1000,37.1900,24822318,950547402.2500
2025-04-28,sz.002335,39.3000,41.8100,39.3000,40.9700,38.1000,45042078,1840526147.7500
2025-04-29,sz.002335,40.9600,41.7700,40.3100,41.0300,40.9700,30629367,1257796007.6800
2025-04-30,sz.002335,41.2600,43.1000,40.7000,42.6500,41.0300,40681918,1716994690.4500
2025-05-06,sz.002335,44.0000,44.8700,43.4300,44.7000,42.6500,41505011,1836279665.9600
2025-05-07,sz.002335,45.2000,45.3100,43.1000,44.4700,44.7000,32492797,1431286300.7400
2025-05-08,sz.002335,44.4700,45.3800,43.9800,44.0700,44.4700,19340986,859474839.7600
2025-05-09,sz.002335,44.0000,44.0000,42.4500,42.6300,44.0700,22950844,983420936.5500
2025-05-12,sz.002335,42.8300,44.6000,42.8200,44.3000,42.6300,23921278,1045159033.7800
2025-05-13,sz.002335,45.2900,46.4000,44.2800,44.6900,44.3000,36030708,1634436200.0700
2025-05-14,sz.002335,45.2000,45.4700,43.4200,44.4000,44.6900,26148188,1162666529.5900
2025-05-15,sz.002335,43.0100,43.0100,40.1000,40.5300,44.4000,42991512,1766183804.3800
2025-05-16,sz.002335,39.9300,41.0800,39.6500,40.3600,40.5300,18045545,730388776.1100
2025-05-19,sz.002335,39.9600,40.3500,39.1500,39.9400,40.3600,14898147,589601182.9300
2025-05-20,sz.002335,39.7500,40.6800,39.2000,40.0400,39.9400,13632037,545648259.0700
2025-05-21,sz.002335,39.6800,40.0000,39.3600,39.6900,40.0400,10443886,414290854.7200
2025-05-22,sz.002335,39.7600,40.5800,39.2000,39.3500,39.6900,17154627,685178815.4000
2025-05-23,sz.002335,39.3000,39.4500,38.3000,38.3700,39.3500,15865051,616252060.1600
2025-05-26,sz.002335,38.3700,39.3000,38.1900,39.0600,38.3700,11751937,454702817.4900
2025-05-27,sz.002335,39.1000,39.1800,38.1200,38.2400,39.0600,9934443,382557177.1300
2025-05-28,sz.002335,38.6300,40.6000,38.4000,39.7200,38.2400,28082775,1113706743.7300
2025-05-29,sz.002335,39.2100,39.8300,38.8900,39.4600,39.7200,17854238,703653693.1700
2025-05-30,sz.002335,38.9000,39.1900,37.8100,38.0000,39.3600,13242953,505962745.2400
2025-06-03,sz.002335,37.6700,38.7300,37.6100,37.8300,38.0000,10085246,384130538.9400
2025-06-04,sz.002335,38.0000,39.2400,37.7900,38.6000,37.8300,16643910,645338397.3400
2025-06-05,sz.002335,39.0800,42.4600,38.4300,42.4600,38.6000,35138997,1438312840.4100
2025-06-06,sz.002335,42.9700,44.1000,42.3400,43.5000,42.4600,45884461,1992236406.4900
2025-06-09,sz.002335,43.5000,44.8800,42.7500,44.4200,43.5000,41812743,1826653553.8200
2025-06-10,sz.002335,44.0000,44.2600,42.2100,42.7000,44.4200,26059726,1116664529.0000
2025-06-11,sz.002335,42.8000,43.9700,42.2300,42.8200,42.7000,20036427,862119094.7900
2025-06-12,sz.002335,42.2900,43.5500,41.7200,42.3800,42.8200,22136147,946317448.2700
2025-06-13,sz.002335,41.9700,43.4900,41.5600,42.4000,42.3800,17371981,734880265.5900
2025-06-16,sz.002335,42.0000,43.9900,41.8600,43.3600,42.4000,23106117,1003289322.6200
2025-06-17,sz.002335,43.8700,43.8900,40.4800,40.8800,43.3600,29368717,1222391875.5800
2025-06-18,sz.002335,40.6900,42.0000,40.4700,41.1200,40.8800,20036793,829051256.9300
2025-06-19,sz.002335,41.1200,42.1500,40.0600,40.3000,41.1200,15449617,632021506.9300
2025-06-20,sz.002335,40.0500,40.4900,38.7800,38.8800,40.3000,17116230,671662706.9500
2025-06-23,sz.002335,38.3300,39.1400,38.3300,39.0600,38.8800,10835051,420725250.0200
2025-06-24,sz.002335,39.5300,40.3500,39.1200,40.0300,39.0600,15961820,638267994.3900
2025-06-25,sz.002335,40.0300,43.1100,40.0300,42.0800,40.0300,29488895,1234343634.6900
2025-06-26,sz.002335,41.7000,42.5800,41.3800,41.8800,42.0800,20064137,842524395.7100
2025-06-27,sz.002335,41.8000,43.1500,40.8500,42.3700,41.8800,27270962,1153884136.7200
2025-06-30,sz.002335,42.6200,43.3500,42.5000,42.6800,42.3700,21500107,922243216.9400
2025-07-01,sz.002335,42.7400,42.7400,41.5000,41.6700,42.6800,15765530,659459202.8900
2025-07-02,sz.002335,41.6300,41.6300,40.4000,40.7300,41.6700,12288588,502089592.6900
2025-07-03,sz.002335,40.7000,41.0900,39.9100,39.9900,40.7300,17326643,697537145.8600
2025-07-04,sz.002335,40.0600,41.9000,39.9500,40.8100,39.9900,26982430,1113899146.2400
2025-07-07,sz.002335,40.2000,41.3600,39.4700,39.6400,40.8100,18667745,744000052.0100
2025-07-08,sz.002335,39.8000,40.4700,39.1700,40.4500,39.6400,18080323,722059256.7200
2025-07-09,sz.002335,40.3000,40.3000,39.4000,39.6100,40.4500,17939425,713828366.7600
2025-07-10,sz.002335,39.5000,39.6700,38.8100,39.4100,39.6100,13530384,530933234.0200
2025-07-11,sz.002335,39.2400,39.6800,38.8300,39.5100,39.4100,16755336,659521128.8100
2025-07-14,sz.002335,40.0200,40.9000,40.0200,40.2700,39.5100,19378065,782108130.1800
2025-07-15,sz.002335,40.5000,44.3000,40.5000,43.0700,40.2700,65200132,2805358019.6400
2025-07-16,sz.002335,43.0800,44.4000,42.8800,43.3600,43.0700,43685804,1907969175.6900
2025-07-17,sz.002335,42.6400,44.1300,42.1600,43.8900,43.3600,27437096,1189467986.7400
2025-07-18,sz.002335,44.3000,44.3800,43.0800,43.2100,43.8900,24136518,1055179675.8700
2025-07-21,sz.002335,43.2100,43.4000,41.8900,42.1400,43.2100,22340617,945840232.6900
2025-07-22,sz.002335,41.9600,42.1300,41.2700,41.5600,42.1400,19190883,798972946.6500
2025-07-23,sz.002335,41.5800,42.0300,41.1400,41.4400,41.5600,18879871,784119251.0900
2025-07-24,sz.002335,41.5500,41.7700,41.2800,41.6700,41.4400,17516053,727678649.0200
2025-07-25,sz.002335,41.8500,42.5300,41.4500,42.5000,41.6700,23923051,1004359053.1500
2025-07-28,sz.002335,42.9000,43.1300,42.0100,42.3600,42.5000,21019869,894172525.5200
2025-07-29,sz.002335,42.0000,42.7300,40.6800,42.7000,42.3600,28736159,1198502965.5500
2025-07-30,sz.002335,42.3000,42.3700,41.1300,41.2000,42.7000,18718416,777218840.1200
2025-07-31,sz.002335,41.0000,43.3900,41.0000,42.2500,41.2000,42049862,1792584721.8200
2025-08-01,sz.002335,42.4400,42.8000,40.8000,41.1000,42.2500,30120071,1248466724.7000
2025-08-04,sz.002335,40.6200,43.0000,40.4400,42.3400,41.1000,29173482,1228797859.5200
2025-08-05,sz.002335,42.3100,43.0800,41.3100,42.3000,42.3400,23756971,994275450.6200
2025-08-06,sz.002335,42.1900,43.7800,41.8800,42.7400,42.3000,28404171,1221423604.4500
2025-08-07,sz.002335,42.7400,43.3300,41.8800,42.1900,42.7400,22622140,959974521.7500
2025-08-08,sz.002335,42.2000,43.1700,41.3800,42.6600,42.1900,39132755,1660169722.0700
2025-08-11,sz.002335,42.6700,45.2100,42.5100,44.1600,42.6600,51794273,2288005581.1200
2025-08-12,sz.002335,44.3000,44.6100,43.2000,44.5000,44.1600,42805996,1887790106.6100
2025-08-13,sz.002335,44.9900,48.3100,44.1200,47.6800,44.5000,64229629,2963654978.8100
2025-08-14,sz.002335,47.9900,48.8200,46.0900,46.2200,47.6800,52968446,2498017707.8500
2025-08-15,sz.002335,46.2900,48.7300,46.2900,48.2800,46.2200,47985212,2287018952.3400
2025-08-18,sz.002335,49.0500,53.1100,48.8200,52.0000,48.2800,62105211,3174168662.7400
2025-08-19,sz.002335,53.2500,54.3700,51.3500,52.8000,52.0000,54884165,2899983869.3400
2025-08-20,sz.002335,51.0100,51.2200,48.5100,50.6300,52.8000,54938959,2741638688.6000
2025-08-21,sz.002335,50.6000,51.2600,48.5000,50.3000,50.6300,43195459,2150140321.2200
2025-08-22,sz.002335,49.5800,52.5000,49.5100,52.0000,50.3000,44683364,2275341637.7400
2025-08-25,sz.002335,52.8900,54.3800,51.5500,51.8200,52.0000,49749538,2633010825.4600
2025-08-26,sz.002335,51.0800,52.9900,50.8300,51.9500,51.8200,32634068,1693565988.4900
2025-08-27,sz.002335,53.0000,57.1500,52.9800,54.3300,51.9500,74885624,4153811205.6400
2025-08-28,sz.002335,53.6000,58.4500,53.4500,57.8000,54.3300,62188201,3482632908.2900
2025-08-29,sz.002335,58.9700,59.0300,56.1000,57.8100,57.8000,43582668,2500889996.0300
2025-09-01,sz.002335,61.3900,63.5500,56.0600,57.3100,57.8100,58937557,3449194433.3200
2025-09-02,sz.002335,57.3300,58.7800,52.6700,53.1900,57.3100,50682378,2787912317.6900
2025-09-03,sz.002335,53.0000,54.4900,51.8400,52.9400,53.1900,32413373,1721541080.6600
2025-09-04,sz.002335,53.4000,55.1500,48.8900,50.0000,52.9400,38862673,2000816545.1000
2025-09-05,sz.002335,49.9000,55.0000,49.7100,55.0000,50.0000,44032773,2318239153.4000
2025-09-08,sz.002335,56.6000,56.8000,53.5100,53.7100,55.0000,38667512,2117119689.2400
2025-09-09,sz.002335,54.4800,57.4000,53.1000,55.6000,53.7100,44756865,2483580037.8700
2025-09-10,sz.002335,55.0500,57.5800,55.0500,57.0500,55.6000,40463866,2286083693.5700
2025-09-11,sz.002335,57.5700,62.7600,57.0500,62.7600,57.0500,40485851,2463801423.4500
2025-09-12,sz.002335,67.0100,69.0400,66.4000,69.0400,62.7600,14200874,967922526.8700
2025-09-15,sz.002335,69.0000,70.9600,66.3000,70.3500,69.0400,82174544,5618929937.7800
2025-09-16,sz.002335,68.3000,71.3300,68.1800,69.6000,70.3500,45893753,3192810480.8700
2025-09-17,sz.002335,69.4700,72.7700,67.3000,71.2800,69.6000,49618252,3471787200.1000
2025-09-18,sz.002335,71.3100,73.7000,68.0100,69.9900,71.2800,48729389,3462110393.2500
2025-09-19,sz.002335,71.0000,74.9900,69.8500,73.6900,69.9900,49889464,3613947372.6400
2025-09-22,sz.002335,73.9300,73.9300,67.8000,71.9000,73.6900,50043967,3527687345.8100
2025-09-23,sz.002335,74.5800,77.3800,72.4500,76.0700,71.9000,53976953,4036822353.6900
2025-09-24,sz.002335,74.1700,74.5000,71.5000,73.3400,76.0700,42362956,3098771006.0900
2025-09-25,sz.002335,73.5000,78.9000,72.3000,77.0000,73.3400,49531449,3756016952.2100
2025-09-26,sz.002335,76.8800,79.1500,74.0100,74.1000,77.0000,32760549,2478253696.2800
2025-09-29,sz.002335,73.0000,75.9000,72.2600,74.1400,74.1000,29873949,2211938024.9800
2025-09-30,sz.002335,73.6000,74.4000,71.1800,71.5000,74.1400,36735877,2652752277.0200
2025-10-09,sz.002335,71.0000,73.3800,70.0000,71.1600,71.5000,28756403,2063962428.0400
2025-10-10,sz.002335,70.3000,71.7600,68.8800,68.9800,71.1600,21025577,1473262534.5300
2025-10-13,sz.002335,64.7500,67.7200,64.6800,66.4200,68.9800,25482046,1686324974.5600
2025-10-14,sz.002335,68.8000,69.1800,62.2100,62.6300,66.4200,34913085,2272400781.2100
2025-10-15,sz.002335,62.0100,67.3600,61.6900,66.2700,62.6300,27162922,1759100179.0600
2025-10-16,sz.002335,66.5800,67.2600,65.0000,65.3800,66.2700,19518108,1283762699.7300
2025-10-17,sz.002335,65.2800,65.4200,60.5200,60.8000,65.3800,24700195,1538922412.1700
2025-10-20,sz.002335,62.2500,63.2000,61.0200,62.0000,60.8000,15562309,965397028.5000
2025-10-21,sz.002335,61.9000,63.8000,61.5600,63.6500,62.0000,20616356,1296098233.5200
2025-10-22,sz.002335,62.9200,63.8300,61.6800,62.3200,63.6500,13282049,826988609.8200
2025-10-23,sz.002335,61.8000,62.7500,60.3200,61.5000,62.3200,13561853,829869372.4700
2025-10-24,sz.002335,62.4400,66.3800,62.4000,66.0000,61.5000,27443220,1781078414.5700
2025-10-27,sz.002335,67.0100,67.9500,59.4000,59.4000,66.0000,68022638,4145729463.1600
2025-10-28,sz.002335,57.3300,57.7900,54.9800,56.3000,59.4000,66068001,3725661955.7500
2025-10-29,sz.002335,56.6000,58.3000,55.9100,57.3600,56.3000,47260830,2705447519.2900
2025-10-30,sz.002335,57.0000,57.0000,54.9700,55.0400,57.3600,41929622,2331619158.4400
2025-10-31,sz.002335,56.0100,56.4300,54.5000,54.5800,55.0400,31011390,1715392136.3500
2025-11-03,sz.002335,54.2200,54.9100,53.0000,54.8100,54.5800,28997783,1564248434.2000
2025-11-04,sz.002335,54.8300,55.2000,53.0500,53.5300,54.8100,21284791,1148986524.4100
2025-11-05,sz.002335,52.4900,56.2100,52.4000,55.5900,53.5300,39212993,2149402526.5300
2025-11-06,sz.002335,55.6900,57.9400,55.1100,57.6500,55.5900,51004393,2907620992.7800
2025-11-07,sz.002335,57.0500,57.5800,56.1500,56.6700,57.6500,30688208,1744655936.1600
2025-11-10,sz.002335,57.0200,57.4800,54.6900,55.1900,56.6700,25535279,1414794491.9200
2025-11-11,sz.002335,55.3200,56.1500,53.7300,54.2000,55.1900,23763456,1301715933.7700
2025-11-12,sz.002335,54.1500,54.1500,51.8800,52.6200,54.2000,21993009,1158701949.0200
2025-11-13,sz.002335,53.1000,57.8700,52.4100,57.6300,52.6200,48078001,2680800888.0600
2025-11-14,sz.002335,55.0000,55.9400,53.8000,54.5200,57.6300,38957209,2134379704.6600
2025-11-17,sz.002335,54.0800,55.8500,54.0400,55.0200,54.5200,24125133,1327077173.5900
2025-11-18,sz.002335,54.9100,55.7000,54.2100,54.5300,55.0200,23170121,1273915451.1000
2025-11-19,sz.002335,54.5300,55.2000,53.1000,53.5000,54.5300,17797571,957339145.4200
2025-11-20,sz.002335,54.1000,54.8700,52.6100,52.9000,53.5000,13026179,693164909.1800
2025-11-21,sz.002335,51.2100,51.9900,49.5700,49.8200,52.9000,23805518,1203108311.7700
2025-11-24,sz.002335,50.2800,51.6100,49.9900,51.1800,49.8200,21948330,1114314798.1400
2025-11-25,sz.002335,51.6000,53.5000,51.6000,51.9600,51.1800,22102131,1159533861.6900
2025-11-26,sz.002335,51.7100,53.1100,51.2500,52.3000,51.9600,17638693,926837435.6100
2025-11-27,sz.002335,52.0800,53.8500,51.9000,52.0400,52.3000,18281518,965628472.0400
2025-11-28,sz.002335,52.1000,53.2800,51.9700,53.1300,52.0400,17164178,906571429.3400
2025-12-01,sz.002335,53.3300,54.0700,52.5100,53.6700,53.1300,19626464,1048326809.7900
2025-12-02,sz.002335,53.9300,54.3800,52.8600,53.2900,53.6700,16954453,905639517.2100
2025-12-03,sz.002335,53.3000,55.0600,52.9100,53.3600,53.2900,28991553,1564056445.8900
2025-12-04,sz.002335,52.8300,54.2800,52.5900,53.8800,53.3600,20233330,1084002982.4700
2025-12-05,sz.002335,53.8800,55.5500,52.8600,54.7500,53.8800,27408299,1491932374.7400
2025-12-08,sz.002335,54.7700,56.6800,54.7600,56.3100,54.7500,34241734,1920419446.3900
2025-12-09,sz.002335,57.3100,59.1900,57.3100,58.5300,56.3100,52028469,3034002059.5200
2025-12-10,sz.002335,58.0000,58.0000,55.7800,56.4000,58.5300,32375789,1829055512.0800
2025-12-11,sz.002335,56.4500,56.5100,54.7500,54.7700,56.4000,22225951,1233493265.5400
2025-12-12,sz.002335,54.7700,56.8000,54.0000,56.8000,54.7700,31188206,1728318331.1300
2025-12-15,sz.002335,56.2800,56.7500,54.2200,54.4100,56.8000,23851449,1323375157.2700
2025-12-16,sz.002335,53.9800,55.8200,52.6800,53.9000,54.4100,21904725,1181013077.5200
2025-12-17,sz.002335,53.6700,55.9600,53.5200,55.8000,53.9000,26089350,1432118326.0300
2025-12-18,sz.002335,55.0000,55.1000,52.9600,52.9900,55.8000,28136480,1517489199.0300
2025-12-19,sz.002335,53.5000,53.7100,52.2300,52.4700,52.9900,19298205,1018214937.8900
2025-12-22,sz.002335,52.4800,54.1600,52.4700,53.5500,52.4700,22804926,1219715743.3000
2025-12-23,sz.002335,53.5500,55.3800,52.8000,55.1600,53.5500,29745147,1620105754.1100
2025-12-24,sz.002335,55.9000,57.9900,55.3800,56.9100,55.1600,43072648,2456857784.7600
2025-12-25,sz.002335,56.7000,57.2000,55.8100,56.6000,56.9100,26935035,1521069405.2600
2025-12-26,sz.002335,56.4300,56.7000,55.5000,55.9200,56.6000,22035723,1235089652.6700
2025-12-29,sz.002335,56.2000,57.1000,55.0600,55.4700,55.9200,21375312,1196763329.3400
2025-12-30,sz.002335,55.1000,57.5000,54.6800,56.7500,55.4700,30278015,1712886235.7300
2025-12-31,sz.002335,56.7500,56.7500,55.1800,55.5300,56.7500,21388848,1190899377.9500
