date,code,open,high,low,close,preclose,volume,amount
2019-01-02,sz.002407,11.0300,11.2700,11.0200,11.0900,10.9600,7892191,87881557.4500
2019-01-03,sz.002407,11.1000,11.7600,10.9000,11.2700,11.0900,14234874,160370500.3800
2019-01-04,sz.002407,11.0500,11.5000,10.9700,11.4600,11.2700,14983724,169920849.7100
2019-01-07,sz.002407,11.5900,11.7500,11.4000,11.6700,11.4600,16483970,190885174.3400
2019-01-08,sz.002407,11.6200,11.8800,11.5700,11.7100,11.6700,14304046,167837040.6700
2019-01-09,sz.002407,11.7800,11.8500,11.4200,11.5400,11.7100,16364253,190517094.8000
2019-01-10,sz.002407,11.4800,11.6100,11.3100,11.3300,11.5400,9512740,109066361.3400
2019-01-11,sz.002407,11.3300,11.4700,11.2100,11.3900,11.3300,7643764,86859033.8700
2019-01-14,sz.002407,11.3400,11.5800,11.3400,11.3900,11.3900,7836594,89759604.4100
2019-01-15,sz.002407,11.3000,11.6000,11.2800,11.6000,11.3900,9621403,110279263.8100
2019-01-16,sz.002407,11.6800,11.6800,11.4400,11.4500,11.6000,7670748,88409285.4700
2019-01-17,sz.002407,11.5000,11.5300,11.1300,11.1600,11.4500,9156037,103059752.3000
2019-01-18,sz.002407,11.1600,11.2900,11.1000,11.2200,11.1600,6036634,67652155.1400
2019-01-21,sz.002407,11.2300,11.3800,11.2100,11.2500,11.2200,5901003,66639711.1100
2019-01-22,sz.002407,11.2300,11.4500,11.1900,11.2300,11.2500,9016998,102055804.2000
2019-01-23,sz.002407,11.1200,12.3500,11.1100,12.3500,11.2300,42575950,508750548.7800
2019-01-24,sz.002407,12.4500,12.6900,12.1000,12.2700,12.3500,41496136,513417124.9700
2019-01-25,sz.002407,12.1800,12.7400,12.0300,12.3900,12.2700,34065828,424212871.4000
2019-01-28,sz.002407,12.4200,12.5800,12.1800,12.3100,12.3900,18037955,222194535.1800
2019-01-29,sz.002407,12.3400,12.3500,11.3800,11.8000,12.3100,19336984,228745343.6200
2019-01-30,sz.002407,11.8100,11.9400,11.3200,11.3200,11.8000,14117068,164636190.1800
2019-01-31,sz.002407,11.3000,11.4600,10.7800,10.9700,11.3200,17029531,189462817.8500
2019-02-01,sz.002407,11.0600,11.3800,11.0600,11.3000,10.9700,10879834,122741028.9600
2019-02-11,sz.002407,11.3700,11.7900,11.3700,11.7600,11.3000,12044562,139849858.2800
2019-02-12,sz.002407,11.7600,12.4700,11.6500,12.0800,11.7600,22196119,268933278.2100
2019-02-13,sz.002407,12.1900,12.6600,12.0200,12.3900,12.0800,27892036,345224474.1200
2019-02-14,sz.002407,12.4100,13.1700,12.2400,12.7100,12.3900,34519804,440143330.3400
2019-02-15,sz.002407,12.6100,12.7500,12.4100,12.4200,12.7100,21504779,269593097.6000
2019-02-18,sz.002407,12.5800,12.8800,12.4500,12.8700,12.4200,26330247,333770213.9800
2019-02-19,sz.002407,13.2200,13.6600,12.7000,13.0100,12.8700,38367588,504811330.9400
2019-02-20,sz.002407,12.9600,13.4800,12.8200,13.1300,13.0100,28868390,381209174.6500
2019-02-21,sz.002407,13.0800,13.2500,12.7600,12.8100,13.1300,28660442,371743486.6700
2019-02-22,sz.002407,12.7300,13.0800,12.6800,13.0500,12.8100,21640105,279788721.5900
2019-02-25,sz.002407,13.1000,14.1600,13.1000,14.0000,13.0500,49445769,679671266.7400
2019-02-26,sz.002407,13.9000,15.0500,13.7000,14.5900,14.0000,54230356,788495873.7800
2019-02-27,sz.002407,14.4800,15.1500,14.0800,14.4900,14.5900,39976207,590828174.1100
2019-02-28,sz.002407,14.5500,15.1300,14.5500,14.9300,14.4900,30295995,450076568.5100
2019-03-01,sz.002407,15.1300,15.2700,14.6100,14.7900,14.9300,25789676,384302266.1400
2019-03-04,sz.002407,14.9200,15.2000,14.6100,14.8000,14.7900,34462766,516213041.8100
2019-03-05,sz.002407,14.7000,14.9700,14.4400,14.9300,14.8000,27019350,397631309.7300
2019-03-06,sz.002407,14.9900,15.1500,14.6800,15.0500,14.9300,31941488,477009026.8300
2019-03-07,sz.002407,15.0400,15.8500,14.8300,15.7200,15.0500,44909106,693956490.4000
2019-03-08,sz.002407,15.2500,15.4900,14.1500,14.1900,15.7200,40795622,605930683.2200
2019-03-11,sz.002407,14.1600,15.3900,14.1600,15.3800,14.1900,34184712,512178165.5600
2019-03-12,sz.002407,15.8000,16.2100,15.1000,15.7200,15.3800,46623083,734482110.6300
2019-03-13,sz.002407,16.0900,16.7900,15.7500,16.3800,15.7200,60393736,988911291.9500
2019-03-14,sz.002407,16.0800,16.7000,15.5800,15.9000,16.3800,40388684,652742021.7200
2019-03-15,sz.002407,16.1000,16.3700,15.8000,15.9900,15.9000,26781629,430364661.2900
2019-03-18,sz.002407,16.1200,16.2500,15.6300,16.0900,15.9900,24260087,386807587.0300
2019-03-19,sz.002407,16.0900,16.1200,15.6400,15.7900,16.0900,20680773,326763908.7100
2019-03-20,sz.002407,15.7200,15.7900,15.0300,15.5400,15.7900,25619177,394207048.9300
2019-03-21,sz.002407,15.8000,16.4500,15.8000,16.0800,15.5400,32261387,519031627.0900
2019-03-22,sz.002407,16.7000,17.6000,16.4000,17.2400,16.0800,56259799,955182110.5900
2019-03-25,sz.002407,16.7500,18.4000,16.6100,17.8100,17.2400,52039139,931834550.3200
2019-03-26,sz.002407,17.7000,17.9300,16.1000,16.2100,17.8100,51291728,865856262.2700
2019-03-27,sz.002407,16.2100,16.9500,15.9100,16.2200,16.2100,32147708,525895500.5000
2019-03-28,sz.002407,15.7800,15.7800,14.9500,14.9700,16.2200,39057642,595672168.9700
2019-03-29,sz.002407,15.0900,15.2800,14.2800,15.2600,14.9700,33745954,501103052.5100
2019-04-01,sz.002407,15.3200,15.9700,15.3100,15.8500,15.2600,30449352,478113304.6500
2019-04-02,sz.002407,15.9800,16.4400,15.9000,16.2700,15.8500,31790072,514764295.4500
2019-04-03,sz.002407,16.1800,16.2300,15.7200,16.0500,16.2700,25191006,402555971.3700
2019-04-04,sz.002407,16.0600,16.5600,15.9300,16.4000,16.0500,33673628,546429378.7400
2019-04-08,sz.002407,17.3100,17.4800,16.3800,16.8600,16.4000,46930088,791165190.2000
2019-04-09,sz.002407,16.9500,16.9500,16.1300,16.4300,16.8600,26382232,433208382.5700
2019-04-10,sz.002407,16.4900,16.7200,16.1000,16.4600,16.4300,21103216,346137449.9300
2019-04-11,sz.002407,16.4000,16.5500,16.2300,16.3600,16.4600,16221580,265628474.1000
2019-04-12,sz.002407,16.4500,16.4800,16.2000,16.3000,16.3600,10496880,171172349.5700
2019-04-15,sz.002407,16.4800,16.7800,16.0300,16.1100,16.3000,14540542,238932749.3400
2019-04-16,sz.002407,16.1000,16.1000,15.1500,15.9700,16.1100,24408434,383639931.8100
2019-04-17,sz.002407,15.9900,16.7000,15.9100,16.2000,15.9700,30768930,504345453.5300
2019-04-18,sz.002407,16.3000,16.3500,15.5800,15.6000,16.2000,21423257,338793223.9300
2019-04-19,sz.002407,15.6000,15.8500,15.2000,15.5700,15.6000,15286516,236057563.2000
2019-04-22,sz.002407,15.5800,15.6100,15.1300,15.2000,15.5700,15853342,242218001.5200
2019-04-23,sz.002407,15.2000,15.2900,14.6800,14.8900,15.2000,16441817,244817693.6400
2019-04-24,sz.002407,14.8900,15.0500,14.8000,15.0300,14.8900,9810958,146721951.0700
2019-04-25,sz.002407,15.0300,15.0300,14.1000,14.4300,15.0300,19237521,279662367.4700
2019-04-26,sz.002407,14.3800,14.5100,14.0000,14.0000,14.4300,12013598,170867375.8100
2019-04-29,sz.002407,14.1500,14.1500,13.2500,13.5400,14.0000,13908693,189560856.4200
2019-04-30,sz.002407,13.5800,13.8900,13.4200,13.6600,13.5400,8611441,117911123.8300
2019-05-06,sz.002407,13.3400,13.3500,12.2900,12.2900,13.6600,19266897,243501963.8400
2019-05-07,sz.002407,12.3800,12.5400,11.9100,12.2900,12.2900,13615457,166968352.6300
2019-05-08,sz.002407,12.0000,12.4500,11.8200,12.2700,12.2900,9349720,114006062.2200
2019-05-09,sz.002407,12.0400,12.4200,12.0400,12.2200,12.2700,8239488,101170788.9800
2019-05-10,sz.002407,12.4600,12.7000,11.9500,12.6700,12.2200,13046016,162489465.4500
2019-05-13,sz.002407,12.5600,12.6200,12.3900,12.5000,12.6700,6554938,81968456.2000
2019-05-14,sz.002407,12.1900,12.5000,12.1800,12.2900,12.5000,6672507,82327606.1700
2019-05-15,sz.002407,12.4300,12.5500,12.3600,12.5200,12.2900,7502254,93511431.6800
2019-05-16,sz.002407,12.5100,12.9500,12.4200,12.7700,12.5200,12985917,165652204.7700
2019-05-17,sz.002407,12.8300,12.8900,11.8900,12.0400,12.7700,18449039,225531110.4300
2019-05-20,sz.002407,12.0900,12.1300,11.3700,11.9100,12.0400,10466596,122682303.9000
2019-05-21,sz.002407,11.9000,12.4300,11.8000,12.4200,11.9100,11467658,140322886.1800
2019-05-22,sz.002407,12.4300,12.4300,11.8700,11.9900,12.4200,14996711,180943401.9400
2019-05-23,sz.002407,11.9400,12.1200,11.7400,11.9100,11.9900,10913964,130151655.5100
2019-05-24,sz.002407,11.8300,12.0300,11.7400,11.7800,11.9100,8118789,96294455.7000
2019-05-27,sz.002407,11.8400,12.1400,11.7800,12.1400,11.7800,9628047,115570287.0200
2019-05-28,sz.002407,12.1000,12.2500,12.0200,12.0800,12.1400,9319938,113338926.2400
2019-05-29,sz.002407,12.0100,12.2200,12.0100,12.0800,12.0800,8777912,106312362.7200
2019-05-30,sz.002407,11.9900,12.3100,11.9200,12.2600,12.0800,13225149,160698368.2300
2019-05-31,sz.002407,12.2600,12.2600,11.9500,11.9900,12.2600,10490286,126520545.4400
2019-06-03,sz.002407,11.9900,12.0600,11.7600,11.7700,11.9900,8420513,99915219.3200
2019-06-04,sz.002407,11.8000,11.9400,11.4700,11.8600,11.7700,8791358,102967578.2700
2019-06-05,sz.002407,12.0000,12.2300,11.9500,12.1200,11.8600,15465391,187384394.3800
2019-06-06,sz.002407,12.0500,12.0900,11.5700,11.6100,12.1200,10239434,120350133.5100
2019-06-10,sz.002407,11.6100,11.8500,11.6100,11.7200,11.6100,5577820,65432073.9700
2019-06-11,sz.002407,11.7200,12.1400,11.7200,12.1300,11.7200,10801665,129371389.3500
2019-06-12,sz.002407,12.0700,12.2600,11.9500,12.1400,12.1300,13131794,159500421.7700
2019-06-13,sz.002407,12.1300,12.4500,12.0200,12.4200,12.1400,15966880,196130768.9700
2019-06-14,sz.002407,12.4300,12.4600,12.1500,12.1500,12.4200,11073944,136068225.7900
2019-06-17,sz.002407,12.1000,12.4400,12.1000,12.3000,12.1500,8524862,104951005.9500
2019-06-18,sz.002407,12.4000,12.4300,12.1500,12.2600,12.3000,6010443,73685804.5600
2019-06-19,sz.002407,12.4800,12.5800,12.2100,12.2200,12.2600,12277819,151553246.9500
2019-06-20,sz.002407,12.2400,12.3800,12.0600,12.2700,12.2200,11230912,137492270.2600
2019-06-21,sz.002407,12.3000,12.5200,12.3000,12.3700,12.2700,13958466,173128643.1500
2019-06-24,sz.002407,12.3600,12.4200,12.2500,12.3100,12.3700,7672265,94430894.3500
2019-06-25,sz.002407,12.3100,12.3200,11.9100,12.0500,12.3100,8708781,105048809.8000
2019-06-26,sz.002407,11.9700,12.2600,11.9200,12.0600,12.0500,5983769,72435130.6500
2019-06-27,sz.002407,12.1100,12.2300,12.0600,12.0900,12.0600,6476653,78703225.0300
2019-06-28,sz.002407,12.1100,12.1500,11.7500,11.8400,12.0900,8296386,98796357.1800
2019-07-01,sz.002407,12.0200,13.0200,12.0200,13.0200,11.8400,20189425,254160665.7400
2019-07-02,sz.002407,13.5000,13.9500,13.1800,13.1900,13.0200,53223594,722268053.3300
2019-07-03,sz.002407,12.9900,14.4100,12.8800,14.0700,13.1900,54420019,747220006.0300
2019-07-04,sz.002407,13.8800,13.9800,13.4300,13.6900,14.0700,34250151,468732162.4400
2019-07-05,sz.002407,13.4900,13.6300,13.1600,13.2100,13.4900,20089862,267362410.4700
2019-07-08,sz.002407,13.1600,13.1800,12.4500,12.6800,13.2100,22541870,286382904.6500
2019-07-09,sz.002407,12.6900,13.9500,12.5300,13.9500,12.6800,40879490,545370833.3200
2019-07-10,sz.002407,14.4600,14.7900,13.9100,14.0100,13.9500,65604556,942472841.1900
2019-07-11,sz.002407,14.3700,15.2000,14.2500,14.5600,14.0100,67128783,983575882.4100
2019-07-12,sz.002407,15.3100,16.0200,15.2100,15.8800,14.5600,105007865,1652087246.1200
2019-07-15,sz.002407,15.2000,16.3300,15.0100,15.6200,15.8800,86179256,1346210380.6800
2019-07-16,sz.002407,15.3900,16.2900,15.0600,15.7600,15.6200,86443059,1352935999.1800
2019-07-17,sz.002407,15.5200,15.6300,14.9400,14.9900,15.7600,69119240,1053769731.3300
2019-07-18,sz.002407,14.8300,15.7300,14.8100,15.2100,14.9900,60143559,922477375.2000
2019-07-19,sz.002407,15.2900,16.2000,14.8700,15.6600,15.2100,79233294,1235616986.6500
2019-07-22,sz.002407,15.5300,15.5400,14.1000,14.2300,15.6600,60401641,879791048.6500
2019-07-23,sz.002407,14.3900,14.5000,14.0300,14.3500,14.2300,33665089,480903514.4800
2019-07-24,sz.002407,14.4000,14.7400,14.2500,14.6100,14.3500,40341914,586180701.0200
2019-07-25,sz.002407,14.4400,14.4700,13.9300,14.1600,14.6100,44054188,623401192.8700
2019-07-26,sz.002407,14.1100,14.1200,13.6800,13.8300,14.1600,31888395,442070369.9500
2019-07-29,sz.002407,13.9300,14.0300,13.5500,13.7100,13.8300,26366325,361567321.6900
2019-07-30,sz.002407,13.6100,14.0300,13.4100,13.8600,13.7100,38109140,526110033.9200
2019-07-31,sz.002407,13.7000,13.7000,13.1100,13.2500,13.8600,33966727,452385906.2600
2019-08-01,sz.002407,13.0900,13.5700,13.0900,13.3600,13.2500,27284498,365503537.4600
2019-08-02,sz.002407,12.9200,14.0800,12.9000,13.7200,13.3600,45771392,626533978.8100
2019-08-05,sz.002407,13.4400,14.3200,13.2000,14.0000,13.7200,51550006,710817604.3100
2019-08-06,sz.002407,13.5500,13.9500,13.2500,13.4800,14.0000,34081894,463576890.3900
2019-08-07,sz.002407,13.7000,14.3200,13.7000,13.9700,13.4800,47737504,672471172.2100
2019-08-08,sz.002407,13.6100,13.6100,13.0700,13.4100,13.9700,34671510,464194948.4700
2019-08-09,sz.002407,13.3300,13.5600,12.8300,12.8300,13.4100,28505357,375196300.0400
2019-08-12,sz.002407,12.7500,13.1200,12.7100,13.0500,12.8300,15190383,197015148.7100
2019-08-13,sz.002407,12.9200,13.9500,12.8800,13.6500,13.0500,41752621,566994367.3100
2019-08-14,sz.002407,13.9800,14.0300,13.5400,13.5700,13.6500,32517749,446826701.7400
2019-08-15,sz.002407,13.4100,14.4400,13.3800,14.1400,13.5700,45860041,639992124.6300
2019-08-16,sz.002407,14.1700,14.2000,13.8100,13.8600,14.1400,33397404,466213298.9100
2019-08-19,sz.002407,13.9400,14.2500,13.7300,14.2400,13.8600,33792855,474777112.5000
2019-08-20,sz.002407,14.2500,14.2500,13.9000,14.0000,14.2400,26072349,366223731.4000
2019-08-21,sz.002407,14.0300,14.6100,14.0300,14.1600,14.0000,46908101,672737019.6400
2019-08-22,sz.002407,13.9000,13.9000,13.4500,13.5200,14.1600,39058318,530089363.7900
2019-08-23,sz.002407,13.4500,13.5200,13.1300,13.2500,13.5200,22009999,292616583.6500
2019-08-26,sz.002407,12.9100,13.4400,12.8700,13.4000,13.2500,15962979,210481320.8100
2019-08-27,sz.002407,13.4500,13.6300,13.3500,13.4500,13.4000,18038943,243004510.7400
2019-08-28,sz.002407,13.4400,13.6000,13.2300,13.5200,13.4500,19248552,258335576.0400
2019-08-29,sz.002407,13.6600,13.8500,13.5000,13.5700,13.5200,28302435,387777787.8700
2019-08-30,sz.002407,13.5200,13.5300,13.1000,13.1300,13.5700,20951378,278438399.5700
2019-09-02,sz.002407,13.0300,13.4800,13.0300,13.4500,13.1300,17228146,229689765.3200
2019-09-03,sz.002407,13.4500,13.5200,13.2400,13.5000,13.4500,16807537,225280198.6000
2019-09-04,sz.002407,13.4000,13.5000,13.3000,13.4500,13.5000,13454565,180421662.5100
2019-09-05,sz.002407,13.8500,14.0900,13.6200,13.8800,13.4500,42753066,591928799.8300
2019-09-06,sz.002407,14.2500,14.5600,14.1000,14.3700,13.8800,59732695,855492987.9000
2019-09-09,sz.002407,14.4000,14.4800,14.0600,14.4000,14.3700,37777933,539437246.9200
2019-09-10,sz.002407,14.3600,14.7500,14.2400,14.4900,14.4000,36195753,525351195.2400
2019-09-11,sz.002407,14.5500,14.6500,14.1300,14.1600,14.4900,27493621,395671041.3000
2019-09-12,sz.002407,14.2800,14.3100,14.0600,14.2500,14.1600,17767244,252409332.9400
2019-09-16,sz.002407,14.3300,14.4400,14.1300,14.2300,14.2500,17160325,244710120.8500
2019-09-17,sz.002407,14.2000,14.2300,13.8500,13.9200,14.2300,19019027,266069963.4000
2019-09-18,sz.002407,13.9500,14.2300,13.7400,14.0500,13.9200,18858368,263502421.4800
2019-09-19,sz.002407,14.0600,14.8500,13.9600,14.7000,14.0500,50699427,733980904.1400
2019-09-20,sz.002407,14.5300,14.6100,14.2900,14.4400,14.7000,28544005,411491050.1300
2019-09-23,sz.002407,14.3000,14.3300,14.0000,14.1700,14.4400,15612995,220253230.1400
2019-09-24,sz.002407,14.1700,14.2700,14.0300,14.1000,14.1700,14493855,205206542.4900
2019-09-25,sz.002407,13.7800,13.7800,13.3000,13.3800,14.1000,29109596,391570257.3000
2019-09-26,sz.002407,13.3800,13.5000,12.8300,12.9500,13.3800,17475907,229090723.1700
2019-09-27,sz.002407,12.9500,13.1800,12.9200,13.0600,12.9500,8565871,111991286.3900
2019-09-30,sz.002407,13.0700,13.3800,13.0500,13.1000,13.0600,12930952,171098539.7000
2019-10-08,sz.002407,13.1300,13.2800,12.9700,12.9900,13.1000,6940529,91029979.3700
2019-10-09,sz.002407,13.0000,13.1900,12.6800,13.1700,12.9900,8976957,116318073.6600
2019-10-10,sz.002407,13.1900,13.2600,13.1100,13.2200,13.1700,8120123,107144382.2900
2019-10-11,sz.002407,13.2200,13.2800,13.0300,13.1600,13.2200,6811589,89568699.7900
2019-10-14,sz.002407,13.2500,13.4900,13.2300,13.4100,13.1600,11886358,158563253.3100
2019-10-15,sz.002407,13.2800,13.3500,13.0000,13.0200,13.4100,9130901,119735939.7200
2019-10-16,sz.002407,13.0400,13.1300,12.8600,12.8700,13.0200,7405763,95874631.2700
2019-10-17,sz.002407,12.9300,12.9900,12.8000,12.8100,12.8700,4566800,58882407.0000
2019-10-18,sz.002407,12.8500,12.9200,12.6000,12.6600,12.8100,7154868,91146909.4600
2019-10-21,sz.002407,12.6500,12.6800,12.2100,12.3100,12.6600,9405348,115852288.1400
2019-10-22,sz.002407,11.9000,11.9000,11.1800,11.5900,12.3100,22936408,264465690.8900
2019-10-23,sz.002407,11.5900,11.6800,11.4000,11.4300,11.5900,9429138,108890873.0100
2019-10-24,sz.002407,11.4000,11.5300,11.3500,11.4600,11.4300,6867514,78672008.5300
2019-10-25,sz.002407,11.4400,11.5700,11.2200,11.5100,11.4600,8520368,97015749.6300
2019-10-28,sz.002407,11.6000,11.7400,11.5100,11.7300,11.5100,9749947,113635736.9900
2019-10-29,sz.002407,11.7200,11.7200,11.5100,11.5300,11.7300,6856927,79364784.0700
2019-10-30,sz.002407,11.5000,11.5000,11.2600,11.2900,11.5300,5957671,67542933.5700
2019-10-31,sz.002407,11.3300,11.4500,11.2500,11.2500,11.2900,4435150,50347918.4200
2019-11-01,sz.002407,11.2500,11.4400,11.0800,11.4100,11.2500,5248402,59374978.1600
2019-11-04,sz.002407,11.4000,11.5500,11.3500,11.4400,11.4100,5277052,60539010.2800
2019-11-05,sz.002407,11.4800,11.6700,11.3400,11.6000,11.4400,9084606,104827399.0100
2019-11-06,sz.002407,11.6400,12.1900,11.5800,11.9000,11.6000,21992531,262769986.6400
2019-11-07,sz.002407,11.7900,11.9300,11.6800,11.8400,11.9000,8104844,95591029.0800
2019-11-08,sz.002407,11.9200,11.9500,11.6000,11.6000,11.8400,7998714,94024956.5200
2019-11-11,sz.002407,11.5000,11.5100,11.1800,11.1800,11.6000,7213681,81623099.4200
2019-11-12,sz.002407,11.2000,11.5900,11.1900,11.5700,11.1800,9571096,109501074.5100
2019-11-13,sz.002407,11.5000,11.6500,11.4000,11.4400,11.5700,6336047,72953033.0900
2019-11-14,sz.002407,11.4000,11.5000,11.3000,11.3500,11.4400,5544751,63020602.9700
2019-11-15,sz.002407,11.3900,11.4000,11.2200,11.2600,11.3500,4365031,49313776.8300
2019-11-18,sz.002407,11.2700,11.4200,11.2500,11.3600,11.2600,3970864,45060562.0400
2019-11-19,sz.002407,11.3600,11.8500,11.3400,11.7600,11.3600,12388603,144564975.1600
2019-11-20,sz.002407,11.7200,11.8200,11.5600,11.5700,11.7600,7194929,83943493.0300
2019-11-21,sz.002407,11.4900,11.7500,11.4900,11.6200,11.5700,5595597,65111625.4000
2019-11-22,sz.002407,11.6900,12.0500,11.6000,11.7400,11.6200,14734939,174398208.2400
2019-11-25,sz.002407,11.6500,11.8500,11.4400,11.7500,11.7400,8802148,102822380.8300
2019-11-26,sz.002407,11.7000,12.0200,11.6000,11.9800,11.7500,15450993,183691444.9000
2019-11-27,sz.002407,11.8800,12.3000,11.8200,12.1200,11.9800,21159318,256047780.5500
2019-11-28,sz.002407,12.1200,12.1700,11.8800,11.9700,12.1200,12059050,144710732.8100
2019-11-29,sz.002407,11.9300,12.2800,11.8600,12.0000,11.9700,13378270,161514630.4100
2019-12-02,sz.002407,11.9000,11.9100,11.7100,11.8200,12.0000,10066548,118583073.4000
2019-12-03,sz.002407,11.6800,11.8300,11.6600,11.7500,11.8200,7780192,91281638.0000
2019-12-04,sz.002407,11.6400,11.8500,11.6100,11.6500,11.7500,9122157,106897323.6300
2019-12-05,sz.002407,11.7100,11.7700,11.6000,11.6900,11.6500,10804244,126190040.5700
2019-12-06,sz.002407,11.7800,12.2400,11.7300,12.1300,11.6900,27542938,332563642.4300
2019-12-09,sz.002407,12.1000,12.1500,11.8500,11.9800,12.1300,17980760,214874503.8100
2019-12-10,sz.002407,11.9100,11.9700,11.7500,11.9400,11.9800,12899305,152981832.6200
2019-12-11,sz.002407,11.9600,12.0100,11.7700,11.8100,11.9400,11154660,132027285.9700
2019-12-12,sz.002407,11.8100,11.9200,11.7100,11.7500,11.8100,12111547,143194407.7200
2019-12-13,sz.002407,11.8300,11.9500,11.7500,11.8900,11.7500,14659233,173470974.8600
2019-12-16,sz.002407,11.9100,12.0500,11.8600,12.0000,11.8900,16242820,194231316.6400
2019-12-17,sz.002407,12.0400,12.5200,12.0300,12.3500,12.0000,32218374,397817554.2100
2019-12-18,sz.002407,12.2800,12.4300,12.1900,12.3600,12.3500,20546299,252344854.1400
2019-12-19,sz.002407,12.3000,12.4900,12.2100,12.4100,12.3600,15709855,193979079.2500
2019-12-20,sz.002407,12.4000,12.5900,12.0800,12.1200,12.4100,16467856,202483469.1100
2019-12-23,sz.002407,12.0700,12.4000,12.0500,12.1100,12.1200,14774416,180463244.9900
2019-12-24,sz.002407,12.1700,12.9900,12.1100,12.8500,12.1100,49800992,629712655.2800
2019-12-25,sz.002407,12.7000,12.8600,12.6200,12.7900,12.8500,29416989,374381627.2800
2019-12-26,sz.002407,12.7500,13.5800,12.6800,13.3200,12.7900,51863759,690375161.5000
2019-12-27,sz.002407,13.3200,13.4100,13.0200,13.0300,13.3200,35054804,461702860.6500
2019-12-30,sz.002407,12.9000,13.1500,12.7000,13.0600,13.0300,24586448,317660172.5700
2019-12-31,sz.002407,13.0600,13.3300,12.9800,13.1100,13.0600,24186397,318410093.1400
2020-01-02,sz.002407,13.1800,13.2800,12.9300,13.2200,13.1100,27490887,361215325.3000
2020-01-03,sz.002407,13.1600,13.2100,12.9600,13.0700,13.2200,23427966,306546000.6700
2020-01-06,sz.002407,12.8500,13.7400,12.7800,13.4200,13.0700,48528240,650700288.6600
2020-01-07,sz.002407,13.3800,13.4500,13.2100,13.4000,13.4200,24277506,323525752.1700
2020-01-08,sz.002407,13.3400,13.6500,13.0700,13.0800,13.4000,34744003,464627139.1700
2020-01-09,sz.002407,13.3100,13.6800,13.1200,13.4400,13.0800,35852471,483326520.1600
2020-01-10,sz.002407,13.4800,13.4800,13.0000,13.1400,13.4400,27327798,360030389.4300
2020-01-13,sz.002407,13.1600,13.9800,13.1600,13.8500,13.1400,57324122,783270595.5000
2020-01-14,sz.002407,14.1000,14.4600,13.7100,14.0300,13.8500,61224045,864511877.3900
2020-01-15,sz.002407,14.0200,14.1800,13.6400,13.7800,14.0300,35985777,496885964.5600
2020-01-16,sz.002407,13.7900,13.9200,13.5200,13.6700,13.7800,26575147,362871448.9500
2020-01-17,sz.002407,13.7900,14.1000,13.5900,13.9800,13.6700,40538990,562381393.5900
2020-01-20,sz.002407,13.8900,13.9500,13.5900,13.8800,13.9800,26051364,359094096.7500
2020-01-21,sz.002407,13.8000,13.8000,13.3000,13.3100,13.8800,26648540,358898410.4700
2020-01-22,sz.002407,12.1100,12.4800,11.9800,12.2300,13.3100,52432847,636718689.8100
2020-01-23,sz.002407,11.9800,12.5900,11.8100,12.0500,12.2300,30527879,372426457.6100
2020-02-03,sz.002407,10.8500,10.8500,10.8500,10.8500,12.0500,5758100,62475385.0000
2020-02-04,sz.002407,10.0500,11.2500,10.0500,10.9500,10.8500,29929609,326066701.6100
2020-02-05,sz.002407,11.2600,11.7800,11.0300,11.3900,10.9500,30406647,347841753.8900
2020-02-06,sz.002407,11.1000,11.7500,11.0300,11.6400,11.3900,32841380,378789322.0700
2020-02-07,sz.002407,11.5600,11.7700,11.3500,11.5100,11.6400,25621817,295303792.7200
2020-02-10,sz.002407,11.3400,11.8500,11.3200,11.6900,11.5100,24019810,279622928.7300
2020-02-11,sz.002407,11.7100,11.8300,11.5400,11.6500,11.6900,20323157,237790021.0200
2020-02-12,sz.002407,11.5700,12.2200,11.5000,12.0400,11.6500,31504444,378143507.6600
2020-02-13,sz.002407,12.1000,12.4400,12.0000,12.1300,12.0400,32157343,393652139.4700
2020-02-14,sz.002407,12.1100,12.2700,11.9300,11.9900,12.1300,22859842,275980601.9100
2020-02-17,sz.002407,12.0700,12.3200,12.0200,12.3000,11.9900,21280324,259964235.8300
2020-02-18,sz.002407,12.2900,13.2500,12.2300,12.9700,12.3000,49192483,627820669.3400
2020-02-19,sz.002407,13.7000,13.7000,13.0500,13.1500,12.9700,63749977,854265462.2800
2020-02-20,sz.002407,13.1100,14.0800,13.0000,13.6600,13.1500,60412549,824015361.5600
2020-02-21,sz.002407,13.5200,14.1900,13.3800,14.0000,13.6600,61478309,853716161.9200
2020-02-24,sz.002407,14.4000,14.6900,13.7800,14.0500,14.0000,71121704,1009293771.0200
2020-02-25,sz.002407,13.3500,14.0000,13.2500,13.8900,14.0500,57958854,793315793.4500
2020-02-26,sz.002407,13.9500,14.4400,13.5000,13.6000,13.8900,45482091,633322710.1500
2020-02-27,sz.002407,13.6800,13.8800,13.3400,13.4000,13.6000,27194963,368403754.6600
2020-02-28,sz.002407,12.7400,12.8900,12.0600,12.0600,13.4000,49250635,608775224.1500
2020-03-02,sz.002407,12.1200,12.4800,12.0100,12.3400,12.0600,29900776,366417382.3500
2020-03-03,sz.002407,12.5200,12.7200,12.1100,12.2400,12.3400,29962694,372966076.0300
2020-03-04,sz.002407,12.1000,12.4500,11.9500,12.2100,12.2400,22347966,271710277.3800
2020-03-05,sz.002407,12.3600,12.4400,12.1500,12.3400,12.2100,23303068,286655619.2700
2020-03-06,sz.002407,12.1800,12.5500,12.1100,12.4000,12.3400,27298828,337946231.2700
2020-03-09,sz.002407,12.1400,12.3000,11.6800,11.7800,12.4000,27768563,331773704.7200
2020-03-10,sz.002407,11.6000,12.2800,11.5900,12.2300,11.7800,31611262,380604755.1200
2020-03-11,sz.002407,12.3500,12.3700,12.0600,12.1100,12.2300,21420432,261463269.2100
2020-03-12,sz.002407,12.2200,13.3200,12.1400,13.3200,12.1100,67532916,860834444.6900
2020-03-13,sz.002407,12.7000,14.3000,12.7000,13.7600,13.3200,85700025,1150891164.6400
2020-03-16,sz.002407,13.6600,13.6600,12.4100,12.5100,13.7600,53394564,698707508.9100
2020-03-17,sz.002407,12.7000,13.2500,12.6000,13.0600,12.5100,47109511,610519024.9000
2020-03-18,sz.002407,13.0700,13.1300,12.0500,12.1500,13.0600,45219826,576371037.7000
2020-03-19,sz.002407,11.9200,12.2800,11.3200,11.7600,12.1500,38248852,451168516.0500
2020-03-20,sz.002407,11.9100,12.0500,11.4000,11.6000,11.7600,24129225,281689871.8200
2020-03-23,sz.002407,11.0000,11.1600,10.5000,10.6700,11.6000,26435763,286206361.3000
2020-03-24,sz.002407,10.8900,11.0000,10.5300,10.8500,10.6700,18109072,195720193.8300
2020-03-25,sz.002407,11.0600,11.5000,10.9800,11.3400,10.8500,27963374,313634882.8200
2020-03-26,sz.002407,11.1800,11.2900,11.0200,11.0500,11.3400,14147977,157599184.1300
2020-03-27,sz.002407,11.2000,11.2300,10.9100,10.9300,11.0500,11006526,121961469.0300
2020-03-30,sz.002407,10.7200,10.8300,10.5000,10.6800,10.9300,13733312,146403879.9200
2020-03-31,sz.002407,11.0500,11.2600,10.8200,10.9500,10.6800,15471146,170756777.8600
2020-04-01,sz.002407,10.8900,11.3000,10.8900,11.0500,10.9500,16833492,187001479.9100
2020-04-02,sz.002407,10.8600,11.2200,10.8000,11.1900,11.0500,13112806,145055468.7700
2020-04-03,sz.002407,11.1800,11.2500,10.9600,11.0300,11.1900,9683610,107305555.9000
2020-04-07,sz.002407,11.2300,11.3300,11.1500,11.2800,11.0300,14628458,164574039.0400
2020-04-08,sz.002407,11.2500,11.2800,11.1000,11.2200,11.2800,12629372,141265697.3800
2020-04-09,sz.002407,11.2800,11.3000,11.2000,11.2200,11.2200,9817774,110367796.4400
2020-04-10,sz.002407,11.3300,11.3500,10.9000,10.9400,11.2200,13699301,151753625.4000
2020-04-13,sz.002407,10.9500,11.3500,10.7400,11.2500,10.9400,14987993,166764091.7700
2020-04-14,sz.002407,11.2400,11.4500,11.1800,11.3900,11.2500,18747257,212838632.8600
2020-04-15,sz.002407,11.2800,11.3600,11.1400,11.2000,11.3900,12566119,141272585.4200
2020-04-16,sz.002407,11.5000,11.7400,11.3900,11.4200,11.2000,26940192,310732650.2900
2020-04-17,sz.002407,11.3700,11.5900,11.2100,11.2300,11.4200,20352649,231393502.6200
2020-04-20,sz.002407,11.1700,11.2700,11.0300,11.1600,11.2300,12725709,141502844.5300
2020-04-21,sz.002407,11.1000,11.1000,10.8500,11.0200,11.1600,12050659,132349693.3200
2020-04-22,sz.002407,11.1000,11.4700,11.1000,11.2800,11.0200,19764592,223464218.8100
2020-04-23,sz.002407,11.2400,11.3000,11.0500,11.0500,11.2800,14556093,161762654.0300
2020-04-24,sz.002407,11.0100,11.1100,10.8100,10.8500,11.0500,12467661,136033558.4800
2020-04-27,sz.002407,10.8500,10.9300,10.6600,10.7000,10.8500,8335736,89561352.3100
2020-04-28,sz.002407,10.7500,10.7900,10.0800,10.2600,10.7000,13786622,142365643.8100
2020-04-29,sz.002407,10.2800,10.4000,10.2000,10.2600,10.2600,6310628,64906339.1200
2020-04-30,sz.002407,10.3000,10.5500,10.2800,10.4900,10.2600,8305221,86839838.9700
2020-05-06,sz.002407,10.4000,10.6900,10.3000,10.6800,10.4900,9008916,95361240.9300
2020-05-07,sz.002407,10.9200,10.9600,10.6900,10.7200,10.6800,10443366,112756268.5800
2020-05-08,sz.002407,10.7300,10.9400,10.7300,10.8500,10.7200,9023315,97675383.1600
2020-05-11,sz.002407,10.8100,10.8800,10.6200,10.7100,10.8500,7531418,80973501.7500
2020-05-12,sz.002407,10.6800,10.7200,10.4500,10.5900,10.7100,6512516,68826419.8000
2020-05-13,sz.002407,10.5100,10.8300,10.5000,10.6800,10.5900,7407860,79257525.6100
2020-05-14,sz.002407,10.5800,10.6600,10.5000,10.5300,10.6800,6191384,65358507.3400
2020-05-15,sz.002407,10.6000,10.7000,10.5300,10.5800,10.5300,5544500,58823437.9700
2020-05-18,sz.002407,10.5500,10.6000,10.4100,10.4400,10.5800,6427200,67457828.5600
2020-05-19,sz.002407,10.5100,11.2500,10.4900,10.9800,10.4400,23657909,257743316.6900
2020-05-20,sz.002407,10.8600,11.1300,10.7200,10.7500,10.9800,16744741,183160814.5700
2020-05-21,sz.002407,10.7800,10.8700,10.5300,10.5600,10.7500,8855115,94567892.2500
2020-05-22,sz.002407,10.5000,10.7500,10.3600,10.5600,10.5600,8184295,86366857.1300
2020-05-25,sz.002407,10.5600,10.7100,10.5000,10.5800,10.5600,5333451,56519377.4600
2020-05-26,sz.002407,10.7000,10.7800,10.6000,10.7200,10.5800,8809597,94264677.5900
2020-05-27,sz.002407,10.7200,10.7600,10.4800,10.4900,10.7100,8023552,84884005.8500
2020-05-28,sz.002407,10.4800,10.5400,10.3000,10.5200,10.4900,6364021,66424840.1700
2020-05-29,sz.002407,10.4600,10.6200,10.4500,10.5000,10.5200,6379148,67313065.7900
2020-06-01,sz.002407,10.5500,10.8500,10.5500,10.8100,10.5000,14249347,153070608.1600
2020-06-02,sz.002407,10.8100,11.1200,10.7600,11.0000,10.8100,18092806,198084298.7600
2020-06-03,sz.002407,10.9000,10.9700,10.7900,10.8300,11.0000,13994232,152042932.4600
2020-06-04,sz.002407,10.8600,11.0300,10.7900,10.9200,10.8300,11765805,128406329.3400
2020-06-05,sz.002407,10.9700,10.9800,10.7200,10.8000,10.9200,8431690,91251708.8500
2020-06-08,sz.002407,10.8300,10.9600,10.8100,10.8700,10.8000,8225998,89441557.1800
2020-06-09,sz.002407,10.8800,10.9400,10.7400,10.7800,10.8700,7598727,82084241.1400
2020-06-10,sz.002407,10.8200,10.8200,10.6000,10.6600,10.7800,8488395,90560627.6900
2020-06-11,sz.002407,10.6600,10.8900,10.5700,10.7800,10.6600,11807232,127244141.4900
2020-06-12,sz.002407,10.6100,10.7400,10.5500,10.6600,10.7800,7317950,77868780.2800
2020-06-15,sz.002407,10.6100,10.7600,10.5100,10.6000,10.6600,8516352,90691172.7800
2020-06-16,sz.002407,10.6500,10.8500,10.6200,10.8200,10.6000,11965373,128338173.5500
2020-06-17,sz.002407,10.8400,10.8900,10.6900,10.7800,10.8200,9120867,98125387.0500
2020-06-18,sz.002407,10.8500,10.8800,10.7200,10.7700,10.7800,9568392,103289353.3400
2020-06-19,sz.002407,10.7600,11.1700,10.7600,11.0000,10.7700,24153609,265061253.2100
2020-06-22,sz.002407,11.0000,11.1200,10.9000,11.0800,11.0000,19641138,216194401.4300
2020-06-23,sz.002407,11.0000,11.0100,10.8000,10.8600,11.0800,10855758,118208806.5600
2020-06-24,sz.002407,10.8800,10.9200,10.7100,10.7400,10.8600,9090515,98123211.0800
2020-06-29,sz.002407,10.7500,10.8100,10.5100,10.5900,10.7400,9819170,104130578.2300
2020-06-30,sz.002407,10.6000,10.7000,10.6000,10.6400,10.5900,8318479,88589232.2700
2020-07-01,sz.002407,10.6400,10.7300,10.5600,10.6900,10.6400,12276982,130534866.1200
2020-07-02,sz.002407,10.6900,10.9500,10.6200,10.9200,10.6900,21564329,233995750.6500
2020-07-03,sz.002407,10.9800,11.1400,10.9100,11.0200,10.9200,20840837,229559518.5900
2020-07-06,sz.002407,11.1400,11.5400,11.1300,11.4900,11.0200,35137570,399087336.9600
2020-07-07,sz.002407,11.7000,11.9700,11.4000,11.6200,11.4900,40254850,473021721.8200
2020-07-08,sz.002407,11.6100,12.1500,11.5600,12.0600,11.6200,38264365,456078751.6900
2020-07-09,sz.002407,12.0600,12.2200,11.8100,12.1100,12.0600,39483534,474905513.5600
2020-07-10,sz.002407,12.0000,12.2600,11.9000,11.9200,12.1100,30166258,364441534.4200
2020-07-13,sz.002407,12.3400,12.8300,12.1000,12.5800,11.9200,47064600,586881700.4900
2020-07-14,sz.002407,12.7500,13.4500,12.7500,13.0900,12.5800,68678422,901524295.4600
2020-07-15,sz.002407,13.0300,13.1300,12.2000,12.3900,13.0900,44945554,566122083.1000
2020-07-16,sz.002407,12.2900,12.4600,11.5900,11.6600,12.3900,30384455,365968128.1200
2020-07-17,sz.002407,11.6600,11.8800,11.4900,11.5100,11.6600,31234858,362701245.1600
2020-07-20,sz.002407,11.5900,11.9400,11.4100,11.9300,11.5100,25304811,296132567.8900
2020-07-21,sz.002407,11.9300,12.0700,11.6600,11.8000,11.9300,19116349,225281020.0000
2020-07-22,sz.002407,11.7800,12.0500,11.6600,11.8200,11.8000,19822517,235202051.9400
2020-07-23,sz.002407,11.6700,11.7400,11.1800,11.4600,11.8200,27765653,317598190.0700
2020-07-24,sz.002407,11.3600,11.5500,11.0200,11.1200,11.4600,21628676,243655948.5900
2020-07-27,sz.002407,11.1600,11.4200,10.9600,11.3400,11.1200,17150310,192099505.1100
2020-07-28,sz.002407,11.3000,11.5600,11.2000,11.3500,11.3400,15169570,172917610.9700
2020-07-29,sz.002407,11.3400,11.5600,11.1700,11.5600,11.3500,16120653,184077624.4700
2020-07-30,sz.002407,11.6000,11.6200,11.3600,11.4000,11.5600,14086957,161135024.0400
2020-07-31,sz.002407,11.3500,11.5300,11.2700,11.4200,11.4000,14431000,164501187.9500
2020-08-03,sz.002407,11.4500,11.6900,11.4500,11.6700,11.4200,21522369,249682271.7000
2020-08-04,sz.002407,11.7000,11.7400,11.5300,11.6100,11.6700,18078841,210254835.0000
2020-08-05,sz.002407,11.6600,11.6600,11.4200,11.6000,11.6100,15334315,176948583.0600
2020-08-06,sz.002407,11.5400,11.6400,11.3200,11.5100,11.6000,13907613,159432473.1600
2020-08-07,sz.002407,11.4800,11.6000,11.2200,11.3900,11.5100,14064802,160622222.9200
2020-08-10,sz.002407,11.3800,11.5300,11.2800,11.4800,11.3900,12269958,140018163.1000
2020-08-11,sz.002407,11.5000,11.5400,11.1700,11.1800,11.4800,14645298,166057376.1300
2020-08-12,sz.002407,11.1400,11.3700,11.0400,11.3700,11.1800,14746390,165223431.7600
2020-08-13,sz.002407,11.3100,11.6400,11.3000,11.4600,11.3700,16050669,184323646.8500
2020-08-14,sz.002407,11.4500,11.5000,11.2300,11.4800,11.4600,10585763,120464561.8700
2020-08-17,sz.002407,11.5800,11.7200,11.4600,11.6700,11.4800,19534656,226655911.7900
2020-08-18,sz.002407,11.6700,11.8400,11.6000,11.7600,11.6700,19897306,233444864.7000
2020-08-19,sz.002407,11.7000,11.7900,11.3600,11.3600,11.7600,15510120,179038924.8200
2020-08-20,sz.002407,11.3000,11.5000,11.2700,11.3900,11.3600,9479376,108042706.9200
2020-08-21,sz.002407,11.4800,11.5000,11.2700,11.3500,11.3900,9807600,111517150.7100
2020-08-24,sz.002407,11.4000,11.4500,11.2100,11.3800,11.3500,8499277,96352243.1600
2020-08-25,sz.002407,11.4000,11.4000,11.2000,11.2200,11.3800,9629393,108559588.2900
2020-08-26,sz.002407,11.2100,11.2500,10.8900,10.9200,11.2200,12880640,142214403.4800
2020-08-27,sz.002407,10.9500,11.0900,10.9300,11.0500,10.9200,6115038,67394132.5900
2020-08-28,sz.002407,11.0000,11.0700,10.8000,11.0600,11.0500,10971177,119868108.4700
2020-08-31,sz.002407,11.1000,11.2300,11.0700,11.0800,11.0600,8860175,98839477.1100
2020-09-01,sz.002407,11.0500,11.3000,11.0200,11.2100,11.0800,9215105,103174681.9500
2020-09-02,sz.002407,11.1900,12.3300,11.1900,12.3300,11.2100,67738392,809737551.8300
2020-09-03,sz.002407,12.7500,13.5600,12.6100,13.3100,12.3300,142218836,1886816991.5900
2020-09-04,sz.002407,13.0500,13.3500,12.3700,12.7100,13.3100,96976565,1240281414.0400
2020-09-07,sz.002407,12.7600,13.0000,12.4200,12.5200,12.7100,68829645,874451457.7400
2020-09-08,sz.002407,12.4100,12.9500,12.3700,12.5000,12.5200,52295711,660329958.3200
2020-09-09,sz.002407,12.1000,12.1000,11.2500,11.3200,12.5000,71952114,832357414.3900
2020-09-10,sz.002407,11.4800,11.4800,10.9100,10.9800,11.3200,38412223,430856591.2700
2020-09-11,sz.002407,10.9900,11.4900,10.9800,11.3700,10.9800,31007755,350191814.1500
2020-09-14,sz.002407,11.2500,11.6500,11.2100,11.4400,11.3700,29374435,335732340.9000
2020-09-15,sz.002407,11.4200,11.7300,11.2700,11.6100,11.4400,30546259,352839906.9700
2020-09-16,sz.002407,12.0000,12.6100,12.0000,12.0800,11.6100,54749108,669017923.5600
2020-09-17,sz.002407,12.1000,13.2900,12.0100,13.2900,12.0800,84808285,1084401719.6400
2020-09-18,sz.002407,13.5000,13.5000,12.8600,13.3200,13.2900,84778682,1115103915.5900
2020-09-21,sz.002407,13.6400,13.6400,12.8700,12.9900,13.3200,54478193,714138638.6600
2020-09-22,sz.002407,12.9100,12.9600,12.4900,12.5500,12.9900,46460041,589949145.4800
2020-09-23,sz.002407,12.7800,12.8900,12.4000,12.5600,12.5500,43122835,544525577.6600
2020-09-24,sz.002407,12.3900,12.7300,12.1300,12.1400,12.5600,32170485,397800983.9300
2020-09-25,sz.002407,12.2400,12.4600,12.0700,12.2400,12.1400,31270826,383149646.8700
2020-09-28,sz.002407,12.2800,12.9600,12.2000,12.6400,12.2400,48535330,614860004.9600
2020-09-29,sz.002407,12.9500,13.5000,12.7500,13.1600,12.6400,56816997,743232669.8400
2020-09-30,sz.002407,13.1600,13.2800,12.8800,12.9800,13.1600,35557724,463042995.0600
2020-10-09,sz.002407,13.4300,13.9900,13.1100,13.8000,12.9800,70883115,965763701.0100
2020-10-12,sz.002407,14.0000,14.6000,13.6400,14.3300,13.8000,90578480,1270945877.2400
2020-10-13,sz.002407,14.0500,14.5000,13.8000,14.0300,14.3300,60486484,852080071.3300
2020-10-14,sz.002407,14.0000,15.3600,13.9200,14.9900,14.0300,97757581,1451263259.3800
2020-10-15,sz.002407,15.0300,15.4800,14.6400,14.7800,14.9900,68181000,1023129337.6400
2020-10-16,sz.002407,14.8100,15.1800,14.3800,14.4700,14.7800,58177643,857253379.1100
2020-10-19,sz.002407,14.5100,15.0800,14.4300,14.4900,14.4700,51717063,761171835.1500
2020-10-20,sz.002407,14.5300,15.9400,14.4400,15.9400,14.4900,96240710,1488017359.3300
2020-10-21,sz.002407,15.7800,17.2000,15.6600,15.9500,15.9400,137857592,2252363543.4800
2020-10-22,sz.002407,16.2000,16.6400,15.6600,16.2800,15.9500,79768798,1291384887.9400
2020-10-23,sz.002407,16.1000,16.3300,15.4900,15.5700,16.2800,57555545,913708566.5400
2020-10-26,sz.002407,15.5700,15.9700,15.0600,15.8900,15.5700,49317120,771933063.6700
2020-10-27,sz.002407,15.6500,16.3500,15.5600,16.1200,15.8900,52629592,841019785.6600
2020-10-28,sz.002407,15.9000,16.3500,15.1100,16.1400,16.1200,69517204,1094659306.9200
2020-10-29,sz.002407,15.6200,15.7600,14.9000,15.0100,16.1400,65789904,1008946907.7000
2020-10-30,sz.002407,15.0500,15.3000,14.6000,14.7400,15.0100,43380694,649627125.7700
2020-11-02,sz.002407,14.8100,16.1400,14.6900,15.9700,14.7400,67362278,1032918846.9700
2020-11-03,sz.002407,15.8000,16.0000,15.0200,15.2400,15.9700,63384566,978991384.9000
2020-11-04,sz.002407,15.3000,15.9700,15.1600,15.4400,15.2400,47597942,741755346.1500
2020-11-05,sz.002407,15.6500,16.5400,15.5000,16.3200,15.4400,74664540,1202662802.2000
2020-11-06,sz.002407,16.2200,16.7800,15.3000,15.7200,16.3200,70939358,1134697661.6800
2020-11-09,sz.002407,15.7900,16.3500,15.4000,16.2400,15.7200,64478361,1025563491.3700
2020-11-10,sz.002407,16.0400,17.3800,15.6100,16.9000,16.2400,80472048,1329881523.4700
2020-11-11,sz.002407,16.7500,17.2900,16.2600,16.3700,16.9000,54791647,917779365.6100
2020-11-12,sz.002407,16.5500,16.5600,15.8800,16.3000,16.3700,33796511,547093073.1200
2020-11-13,sz.002407,16.3100,17.0800,16.1800,16.5700,16.3000,49776061,826816722.7700
2020-11-16,sz.002407,16.2200,16.3900,15.3800,15.9400,16.5700,51359942,815502707.1100
2020-11-17,sz.002407,15.9800,16.2200,14.6600,14.9300,15.9400,58086822,887190548.4800
2020-11-18,sz.002407,14.8100,14.9100,14.0700,14.2200,14.9300,44776894,646333172.0300
2020-11-19,sz.002407,14.2000,14.4500,14.0000,14.3100,14.2200,25092734,357692262.2200
2020-11-20,sz.002407,14.2600,14.7000,14.1800,14.5900,14.3100,27256860,396261665.5000
2020-11-23,sz.002407,14.6400,15.3200,14.4300,14.9100,14.5900,37116902,555333785.8100
2020-11-24,sz.002407,15.0100,16.2600,14.6200,15.9700,14.9100,70276784,1093443202.3900
2020-11-25,sz.002407,16.2900,16.8800,16.0000,16.3800,15.9700,83659103,1376440765.3500
2020-11-26,sz.002407,16.3000,16.6600,16.0200,16.4500,16.3800,51786099,846483550.7600
2020-11-27,sz.002407,16.3600,16.4300,15.7000,16.1300,16.4500,45040812,722019948.8800
2020-11-30,sz.002407,16.1900,16.2300,15.6000,15.6100,16.1300,38306208,608519429.0700
2020-12-01,sz.002407,15.5100,17.1700,15.3000,17.1700,15.6100,81342782,1356016955.6000
2020-12-02,sz.002407,17.7000,17.8400,16.9100,17.0200,17.1700,84589731,1468325625.4200
2020-12-03,sz.002407,17.3000,17.4300,16.2500,16.3200,17.0200,60134378,994655327.5400
2020-12-04,sz.002407,16.5500,16.5900,16.0100,16.3900,16.3200,50100796,813828722.7100
2020-12-07,sz.002407,16.2500,16.6800,16.0400,16.1200,16.3900,46714274,758311925.3000
2020-12-08,sz.002407,16.1200,17.4600,16.1200,17.2600,16.1200,81407846,1383036101.4300
2020-12-09,sz.002407,17.1300,17.4200,16.2800,16.4200,17.2600,70138803,1187259621.0900
2020-12-10,sz.002407,16.2000,16.4300,15.7400,16.0500,16.4200,43037479,692808349.4100
2020-12-11,sz.002407,15.9800,16.5300,15.5600,16.0100,16.0500,55726393,894507699.3500
2020-12-14,sz.002407,16.0100,16.6300,15.5800,16.5500,16.0100,51331972,830060578.0500
2020-12-15,sz.002407,16.3800,16.4500,15.8900,16.2900,16.5500,44329079,716693686.6300
2020-12-16,sz.002407,16.4800,16.9800,16.2500,16.8400,16.2900,61874790,1034514112.6300
2020-12-17,sz.002407,16.6000,16.6800,16.0000,16.6300,16.8400,53224219,873040336.5600
2020-12-18,sz.002407,16.5000,17.6900,16.4000,17.2300,16.6300,84026435,1438152434.9200
2020-12-21,sz.002407,17.2000,18.9400,17.0600,18.4000,17.2300,105463746,1899419885.4000
2020-12-22,sz.002407,18.3600,19.6700,18.1700,18.4000,18.4000,102959922,1930351397.4800
2020-12-23,sz.002407,18.5000,19.2500,18.0600,18.7400,18.4000,88869673,1660425106.9600
2020-12-24,sz.002407,18.4800,18.7900,17.9600,18.4600,18.7400,55172967,1011801882.1900
2020-12-25,sz.002407,18.3400,20.3100,18.1600,20.3100,18.4600,101006656,1979976841.1900
2020-12-28,sz.002407,20.9000,21.0900,19.9500,20.5200,20.3100,97397054,1999894680.2200
2020-12-29,sz.002407,20.2000,20.7500,18.6100,18.9300,20.5200,82263689,1598172018.9200
2020-12-30,sz.002407,19.3700,20.2200,19.1600,19.6700,18.9300,67428526,1326934880.2900
2020-12-31,sz.002407,19.6900,20.1000,19.4600,20.0300,19.6700,58720688,1162838775.4200
2021-01-04,sz.002407,20.0300,21.4000,19.9300,20.7300,20.0300,69639314,1442558998.1400
2021-01-05,sz.002407,20.5100,21.3100,19.9500,20.6800,20.7300,68155914,1404877488.0600
2021-01-06,sz.002407,20.8300,21.2800,19.0600,19.7700,20.6800,69108077,1375667187.1400
2021-01-07,sz.002407,19.5500,20.4400,19.2100,19.8900,19.7700,57333679,1145163382.0700
2021-01-08,sz.002407,19.8900,20.1300,18.6000,19.4900,19.8900,55294505,1063035986.1300
2021-01-11,sz.002407,18.9000,18.9000,17.5400,17.5500,19.4900,77040397,1371939544.2400
2021-01-12,sz.002407,17.2000,18.3500,16.8300,18.1300,17.5500,55091872,970628000.0300
2021-01-13,sz.002407,18.2000,19.5300,18.2000,18.7600,18.1300,68535355,1303591461.9500
2021-01-14,sz.002407,18.6900,19.6200,18.1200,19.4000,18.7600,58518764,1109560714.8600
2021-01-15,sz.002407,19.0700,19.6800,18.1300,19.3000,19.4000,55752774,1052651676.0200
2021-01-18,sz.002407,19.5000,21.2300,19.4000,21.2300,19.3000,91591013,1903308112.5600
2021-01-19,sz.002407,21.8600,23.2600,21.4400,22.2400,21.2300,110672853,2471517580.5400
2021-01-20,sz.002407,22.2600,24.1000,22.1100,23.9900,22.2400,89266150,2049683473.9300
2021-01-21,sz.002407,23.2000,24.8600,22.9100,23.6100,23.9900,82544201,1984556224.2300
2021-01-22,sz.002407,23.7200,24.5000,22.8800,24.0800,23.6100,78608804,1866507481.5700
2021-01-25,sz.002407,24.0000,26.4900,24.0000,26.4900,24.0800,73505344,1898518810.8600
2021-01-26,sz.002407,26.5100,27.2700,24.6300,25.5600,26.4900,84164677,2180731249.9600
2021-01-27,sz.002407,25.9800,25.9800,23.3600,25.3000,25.5600,71426094,1756980342.9100
2021-01-28,sz.002407,24.5200,24.6200,23.6000,24.2000,25.3000,53138231,1281579227.1700
2021-01-29,sz.002407,24.9400,25.4400,22.9900,24.1000,24.2000,68818395,1654763332.6500
2021-02-01,sz.002407,23.8100,24.1500,22.1800,22.8000,24.1000,49301552,1138320349.5700
2021-02-02,sz.002407,23.4000,25.0800,22.8800,25.0800,22.8000,79413777,1937202717.6500
2021-02-03,sz.002407,24.9700,27.0800,24.6400,26.2600,25.0800,86369567,2252456786.1600
2021-02-04,sz.002407,26.7100,26.8000,23.6300,23.8900,26.2600,82632573,2064332670.6300
2021-02-05,sz.002407,23.3200,25.2500,22.9000,23.2900,23.8900,71754090,1707684760.3500
2021-02-08,sz.002407,23.1700,23.4800,21.1800,22.6900,23.2900,60495677,1343646808.3400
2021-02-09,sz.002407,22.7100,23.8500,22.4700,23.4900,22.6900,46456700,1086280895.8100
2021-02-10,sz.002407,23.2900,23.3600,22.1000,22.8200,23.4900,43789036,994991624.6100
2021-02-18,sz.002407,23.6200,23.9700,22.3800,23.5200,22.8200,55266524,1286409111.9800
2021-02-19,sz.002407,23.2100,23.3800,21.2800,22.4000,23.5200,54053812,1203336441.9900
2021-02-22,sz.002407,22.5200,24.6400,22.3900,23.9900,22.4000,81362928,1930288090.3400
2021-02-23,sz.002407,23.1200,23.3000,21.5900,21.8600,23.9900,76589203,1686102980.5100
2021-02-24,sz.002407,21.6000,22.0800,20.5100,21.1900,21.8600,49002709,1042286413.0600
2021-02-25,sz.002407,21.8800,21.9600,21.1700,21.2200,21.1900,34936255,753807454.6300
2021-02-26,sz.002407,19.8000,21.1000,19.8000,20.6600,21.2200,29841635,613902553.0500
2021-03-01,sz.002407,21.0000,22.5800,21.0000,22.4100,20.6600,52252740,1150055927.0500
2021-03-02,sz.002407,22.8000,23.3300,22.1000,22.7200,22.4100,62510405,1432445462.6600
2021-03-03,sz.002407,22.4800,24.5000,22.2700,23.8000,22.7200,53900064,1265566556.9300
2021-03-04,sz.002407,23.6000,24.3000,22.6900,23.2500,23.8000,57329618,1346827760.9500
2021-03-05,sz.002407,22.5100,23.1700,22.2600,22.3000,23.2500,37661435,850561597.8000
2021-03-08,sz.002407,22.5600,23.8800,22.0000,22.0000,22.3000,48553278,1113927728.2500
2021-03-09,sz.002407,22.0000,22.5600,20.2500,21.6200,22.0000,44368163,955595127.4400
2021-03-10,sz.002407,22.3900,22.3900,21.3500,21.9200,21.6200,32193705,706915830.7000
2021-03-11,sz.002407,21.7800,22.7500,21.5100,22.4000,21.9200,30417548,678223965.1300
2021-03-12,sz.002407,22.6700,22.7000,20.5000,20.9900,22.4000,49860311,1064459198.3000
2021-03-15,sz.002407,20.5900,21.6000,20.3000,21.1300,20.9900,30450844,642866041.0800
2021-03-16,sz.002407,21.2800,21.5600,19.8000,20.2100,21.1300,39778901,814902919.2400
2021-03-17,sz.002407,20.2100,22.2300,19.9200,22.2300,20.2100,63434762,1358398159.4700
2021-03-18,sz.002407,22.5600,22.6600,21.8000,22.3000,22.2300,47270796,1052811370.5500
2021-03-19,sz.002407,21.7300,21.9300,20.7000,20.9100,22.3000,41759477,885497548.5900
2021-03-22,sz.002407,20.9100,21.3500,20.4000,21.2200,20.9100,28597685,598374271.7700
2021-03-23,sz.002407,21.0600,21.1200,19.8500,20.1100,21.2200,37903147,767492058.6900
2021-03-24,sz.002407,19.8900,20.0500,18.3300,18.9300,20.1100,43793016,831271760.9800
2021-03-25,sz.002407,18.6000,20.0100,18.4000,19.2000,18.9300,32305985,625053303.6700
2021-03-26,sz.002407,18.9600,20.2000,18.7500,19.9700,19.2000,38038822,748779026.8300
2021-03-29,sz.002407,19.7600,20.1500,19.5200,19.7100,19.9700,21771089,431320289.4500
2021-03-30,sz.002407,19.6900,19.9700,19.1200,19.6300,19.7100,21485710,420296887.5800
2021-03-31,sz.002407,19.7500,20.6000,19.7000,19.9900,19.6300,26150178,523884793.1200
2021-04-01,sz.002407,19.9500,20.5200,19.7500,20.0800,19.9900,25548599,515896812.8900
2021-04-02,sz.002407,19.9600,20.3000,19.5300,20.0700,20.0800,21674510,432954303.2500
2021-04-06,sz.002407,20.0800,21.4700,19.9800,21.3400,20.0700,41085535,858153645.9800
2021-04-07,sz.002407,21.3300,21.8000,20.2500,20.5700,21.3400,43937479,910790628.9100
2021-04-08,sz.002407,20.5900,20.6800,19.8900,20.0300,20.5700,30263905,610042594.9900
2021-04-09,sz.002407,19.9700,20.6900,19.7500,20.0900,20.0300,23182394,467569371.3400
2021-04-12,sz.002407,20.1000,20.1000,18.6000,18.9500,20.0900,38222400,732398052.4600
2021-04-13,sz.002407,18.8700,19.3800,18.7000,18.9500,18.9500,18691263,355862647.4400
2021-04-14,sz.002407,18.9800,19.7500,18.9800,19.5400,18.9500,28718927,559376111.8700
2021-04-15,sz.002407,19.1600,19.3400,18.8500,19.0500,19.5400,23486592,447496486.0700
2021-04-16,sz.002407,19.0600,19.2700,18.7500,19.0300,19.0500,19235695,364858995.1500
2021-04-19,sz.002407,20.0000,20.9300,19.6600,20.9300,19.0300,48433274,990897074.0400
2021-04-20,sz.002407,21.2000,21.9400,20.7400,20.9300,20.9300,84361112,1791883556.2300
2021-04-21,sz.002407,20.6500,21.2000,20.4100,20.9600,20.9300,38240489,794602404.4200
2021-04-22,sz.002407,20.9800,21.2800,20.7500,21.1000,20.9600,33307719,700813260.2000
2021-04-23,sz.002407,20.9000,23.1800,20.8600,22.5900,21.1000,70674072,1555164067.9400
2021-04-26,sz.002407,22.2500,23.8500,22.1500,23.0600,22.5900,62730182,1455190751.7400
2021-04-27,sz.002407,23.0000,23.4500,22.2500,23.0200,23.0600,48866601,1116147660.6100
2021-04-28,sz.002407,22.9900,23.8800,22.0000,23.6600,23.0200,63359043,1470451914.6600
2021-04-29,sz.002407,23.6600,24.4000,23.0900,23.6500,23.6600,61619958,1468238440.8500
2021-04-30,sz.002407,23.4900,24.6900,23.0200,23.9200,23.6500,60478508,1451622687.5200
2021-05-06,sz.002407,23.9500,24.5000,23.2000,23.8000,23.9200,48930905,1165557102.8900
2021-05-07,sz.002407,24.0700,24.6000,23.2000,23.2000,23.8000,49126899,1171338794.4300
2021-05-10,sz.002407,23.2800,24.1100,23.1900,23.9400,23.2000,47999715,1139480336.9200
2021-05-11,sz.002407,23.3000,23.3000,21.9100,22.6800,23.9400,54318589,1227472588.0200
2021-05-12,sz.002407,22.8000,23.9400,22.7000,23.7200,22.6800,38436969,899279525.8200
2021-05-13,sz.002407,23.2600,23.7800,23.0600,23.2500,23.7200,28003816,654675951.4400
2021-05-14,sz.002407,23.6600,23.8800,22.8000,23.4100,23.2500,32306500,757232349.2100
2021-05-17,sz.002407,23.3500,24.4600,23.2200,24.4200,23.4100,54536678,1312479294.1600
2021-05-18,sz.002407,24.1500,25.5000,23.9100,24.8900,24.4200,63651823,1573282160.2200
2021-05-19,sz.002407,24.5000,26.3300,24.3300,25.4900,24.8900,60523700,1544652824.9900
2021-05-20,sz.002407,25.4400,26.3800,25.3300,25.4900,25.4900,56127833,1449360002.2800
2021-05-21,sz.002407,25.5100,26.0900,24.9000,25.2000,25.4900,43866620,1111327564.8500
2021-05-24,sz.002407,25.3500,25.8200,24.8000,25.1700,25.2000,34238184,864914804.5600
2021-05-25,sz.002407,25.5700,25.8500,24.8000,25.7200,25.1700,41567243,1058347427.8200
2021-05-26,sz.002407,25.8000,25.8600,24.3800,24.7700,25.7200,52454152,1312388211.3000
2021-05-27,sz.002407,24.7000,25.1300,24.4500,24.8600,24.7700,35991083,890452429.0000
2021-05-28,sz.002407,25.4000,27.3500,25.2100,27.3500,24.8600,47771411,1278815820.6700
2021-05-31,sz.002407,28.5000,30.0900,28.0100,30.0900,27.3500,89289470,2616848763.3200
2021-06-01,sz.002407,30.5000,30.5000,28.8300,29.9800,30.0900,99545059,2963712969.9000
2021-06-02,sz.002407,30.0100,31.5700,28.6700,29.3000,29.9800,93988234,2824081767.6200
2021-06-03,sz.002407,29.0000,32.2300,28.6600,32.1600,29.3000,125026404,3875585860.2000
2021-06-04,sz.002407,32.2000,35.3800,32.1000,35.3800,32.1600,130284916,4460704142.5900
2021-06-07,sz.002407,35.9300,36.1800,33.6300,34.3000,35.3800,101333075,3488253153.2100
2021-06-08,sz.002407,34.3000,35.4800,32.0300,34.0900,34.3000,98955062,3346522500.9700
2021-06-09,sz.002407,33.6000,34.5600,32.7600,33.9800,34.0900,64199067,2154538688.0100
2021-06-10,sz.002407,33.3000,37.2300,32.5100,37.0000,33.9800,100501848,3550365112.7000
2021-06-11,sz.002407,36.0300,36.3900,33.8000,34.0000,37.0000,89074001,3105078177.1200
2021-06-15,sz.002407,34.2000,35.6600,33.5800,34.1300,34.0000,62103080,2139617436.6200
2021-06-16,sz.002407,33.9900,34.1400,30.7200,30.7200,34.1300,82218388,2597425624.0400
2021-06-17,sz.002407,29.9800,31.8500,29.3600,31.0200,30.7200,70721507,2160534117.3400
2021-06-18,sz.002407,30.3200,32.3200,30.3200,31.7000,31.0200,79764461,2511629517.3000
2021-06-21,sz.002407,31.4000,33.2000,31.1600,32.1600,31.7000,62985303,2036774560.1400
2021-06-22,sz.002407,32.2900,33.2300,31.4600,32.5800,32.1600,56899982,1853225217.6700
2021-06-23,sz.002407,32.2500,33.7700,32.2200,33.1000,32.5800,63037121,2078126840.2300
2021-06-24,sz.002407,33.3600,33.5600,31.3700,31.4800,33.1000,59750941,1913390311.8900
2021-06-25,sz.002407,31.9000,32.3100,30.8900,31.7600,31.4800,50562781,1603046825.4700
2021-06-28,sz.002407,31.9100,33.5000,31.3000,33.4900,31.7600,67319362,2209047276.1500
2021-06-29,sz.002407,33.7700,36.1700,32.7300,34.8800,33.4900,93895589,3217194299.5100
2021-06-30,sz.002407,34.2000,36.7800,33.7500,35.5400,34.8800,82473039,2911869258.9200
2021-07-01,sz.002407,35.5500,36.5000,34.7900,35.1200,35.5400,70398530,2505302097.1400
2021-07-02,sz.002407,35.5200,38.4800,35.2100,37.5000,35.1200,106932600,3962327809.7000
2021-07-05,sz.002407,37.7200,39.6900,36.8000,39.5500,37.5000,96605939,3689351770.2000
2021-07-06,sz.002407,39.2000,41.0900,37.3400,40.4800,39.5500,107476064,4224350537.5900
2021-07-07,sz.002407,39.3500,41.3000,38.5500,40.2400,40.4800,80892029,3251865898.9600
2021-07-08,sz.002407,40.1700,40.7500,39.5600,39.7800,40.2400,68854730,2761268920.5500
2021-07-09,sz.002407,38.9100,42.5800,37.7200,41.1800,39.7800,102854143,4089591932.2700
2021-07-12,sz.002407,41.4800,44.0600,41.1100,41.9400,41.1800,99861544,4248837967.8300
2021-07-13,sz.002407,41.1900,46.1300,40.5000,45.9500,41.9400,117815148,5053423537.0800
2021-07-14,sz.002407,44.0000,46.8900,41.3600,41.8600,45.9500,128945155,5599553775.1700
2021-07-15,sz.002407,41.1100,43.0900,40.4500,42.4400,41.8600,81308065,3412903436.4300
2021-07-16,sz.002407,41.9000,43.8800,41.4100,42.4100,42.4400,76099032,3249192740.0900
2021-07-19,sz.002407,46.0000,46.3000,43.5100,43.6800,42.4100,121984732,5503482325.8300
2021-07-20,sz.002407,42.3000,44.2000,42.2000,43.3900,43.6800,63096556,2724192521.8600
2021-07-21,sz.002407,44.3200,47.4700,43.0100,46.3500,43.3900,102779439,4697781605.5500
2021-07-22,sz.002407,46.6000,50.9900,46.3700,50.9900,46.3500,105415174,5154496384.7500
2021-07-23,sz.002407,52.0000,54.1000,51.1800,51.7900,50.9900,99418885,5202199882.9600
2021-07-26,sz.002407,52.5500,53.2800,49.3100,52.5200,51.7900,95966218,4963801029.6200
2021-07-27,sz.002407,52.1600,53.0100,47.2700,47.2700,52.5200,106346747,5315110375.8100
2021-07-28,sz.002407,45.5000,48.5800,43.0300,47.4000,47.2700,75278657,3493428016.4900
2021-07-29,sz.002407,48.9000,51.1600,47.7500,50.4300,47.4000,74924017,3714543203.7900
2021-07-30,sz.002407,49.8600,51.5100,48.3000,49.3700,50.4300,66305468,3284892919.3000
2021-08-02,sz.002407,50.0800,51.3500,47.4000,48.1100,49.3700,71436004,3517362678.5400
2021-08-03,sz.002407,48.5900,50.3700,46.0000,47.6500,48.1100,71957601,3470677237.0300
2021-08-04,sz.002407,47.5100,52.3200,47.1100,51.8800,47.6500,95554485,4813828861.8600
2021-08-05,sz.002407,51.0000,51.2700,49.0000,49.6800,51.8800,69683306,3485067993.5500
2021-08-06,sz.002407,51.5200,54.6500,50.8800,54.6500,49.6800,110435238,5922406179.7900
2021-08-09,sz.002407,55.1000,55.3000,50.6000,52.3500,54.6500,93785815,4901264368.2500
2021-08-10,sz.002407,51.0600,54.4500,50.2000,52.5800,52.3500,78134311,4091485985.7900
2021-08-11,sz.002407,51.8500,55.4400,51.2800,53.6200,52.5800,78417106,4206106274.6900
2021-08-12,sz.002407,52.9000,54.2900,51.5600,53.5000,53.6200,59438766,3149022696.7700
2021-08-13,sz.002407,52.5800,54.9400,51.8500,51.8900,53.5000,60340620,3205559248.5100
2021-08-16,sz.002407,50.7200,51.2400,46.8700,47.3700,51.8900,76808880,3729382838.1600
2021-08-17,sz.002407,47.0000,48.2500,46.0000,46.4200,47.3700,46049842,2170003222.2400
2021-08-18,sz.002407,46.7700,49.2000,46.7700,47.9500,46.4200,45115166,2165101094.7400
2021-08-19,sz.002407,47.3500,51.6600,46.7100,49.9400,47.9500,59884816,2957217819.1800
2021-08-20,sz.002407,49.4500,50.8000,49.0000,50.0100,49.9400,41873104,2088935433.6700
2021-08-23,sz.002407,50.6800,51.5200,49.1100,50.6000,50.0100,48238868,2436750782.8000
2021-08-24,sz.002407,51.8500,55.6600,51.7100,55.6600,50.6000,113929876,6252863404.7100
2021-08-25,sz.002407,56.1900,57.7200,54.8600,57.3100,55.6600,93892559,5285116199.1500
2021-08-26,sz.002407,54.5000,54.7900,52.0000,52.6700,57.3100,106859287,5690839369.7700
2021-08-27,sz.002407,54.0000,54.8600,52.1400,53.9000,52.6700,69799285,3746650512.9200
2021-08-30,sz.002407,54.0000,56.7300,53.6300,54.3900,53.9000,74469131,4092877370.0300
2021-08-31,sz.002407,53.7200,57.5400,52.7500,56.4700,54.3900,77026970,4251918994.7900
2021-09-01,sz.002407,56.7800,57.8800,51.3000,52.0000,56.4700,84449075,4568494983.5400
2021-09-02,sz.002407,50.8800,53.4700,50.8000,53.0100,52.0000,49304990,2577118688.5800
2021-09-03,sz.002407,51.9500,53.8600,48.5000,49.2900,53.0100,63322283,3193931230.4500
2021-09-06,sz.002407,49.0000,50.4400,46.6200,50.0300,49.2900,51897471,2515968753.9800
2021-09-07,sz.002407,49.8000,53.5000,49.5000,52.9900,50.0300,63782080,3323883939.6700
2021-09-08,sz.002407,52.1100,53.6600,51.8600,52.6000,52.9900,42912102,2261614156.9100
2021-09-09,sz.002407,53.8700,56.1800,53.3400,53.5800,52.6000,60691496,3302725029.3300
2021-09-10,sz.002407,53.9100,57.1800,53.6800,56.0600,53.5800,86038466,4792371419.4000
2021-09-13,sz.002407,56.5000,56.9000,53.0100,54.7500,56.0600,67900792,3722917251.0500
2021-09-14,sz.002407,54.0100,59.1000,51.6800,56.7200,54.7500,93944415,5271304231.7600
2021-09-15,sz.002407,58.0000,61.8900,57.1000,60.3300,56.7200,87802990,5252004758.1300
2021-09-16,sz.002407,61.0000,61.4300,56.4900,56.6900,60.3300,81757862,4826230394.2600
2021-09-17,sz.002407,57.1400,59.2900,54.6600,58.7500,56.6900,66832682,3853682901.5200
2021-09-22,sz.002407,57.9400,60.5000,57.1300,59.7000,58.7500,50279722,2964285473.6800
2021-09-23,sz.002407,59.5000,60.4500,56.8800,57.1900,59.7000,50041934,2904877532.7500
2021-09-24,sz.002407,56.7000,59.5500,55.5100,57.2800,57.1900,47090388,2720558501.8500
2021-09-27,sz.002407,58.2800,59.2000,53.2000,54.2600,57.2800,55332552,3102672087.1300
2021-09-28,sz.002407,54.7200,56.1700,53.3900,53.4300,54.2600,36220282,1975577497.7700
2021-09-29,sz.002407,52.7700,53.7600,49.7000,49.8600,53.4300,50133873,2569921683.7300
2021-09-30,sz.002407,50.8100,53.8000,50.2500,53.7300,49.8600,44922825,2353829538.0000
2021-10-08,sz.002407,58.0200,59.1000,54.5800,56.0500,53.7300,85875372,4910366812.3900
2021-10-11,sz.002407,54.7900,54.7900,51.2700,52.9000,56.0500,53749497,2842321427.7300
2021-10-12,sz.002407,53.0300,54.3000,50.8000,52.9800,52.9000,43888914,2312174077.9500
2021-10-13,sz.002407,52.4400,53.3000,51.3500,53.0300,52.9800,38972814,2046833627.7600
2021-10-14,sz.002407,52.0900,52.9500,51.1700,52.0800,53.0300,29192648,1523057254.9200
2021-10-15,sz.002407,51.9200,54.5600,51.2800,53.9000,52.0800,47265442,2518363400.6200
2021-10-18,sz.002407,53.8900,55.6600,53.3000,55.4800,53.9000,43583365,2369977518.0200
2021-10-19,sz.002407,54.8800,56.6200,54.6000,55.8300,55.4800,38452907,2137870210.5600
2021-10-20,sz.002407,54.7700,60.8800,54.5500,59.0000,55.8300,79838261,4667162282.0500
2021-10-21,sz.002407,58.9900,61.9500,58.9000,60.2200,59.0000,69469639,4218760217.9200
2021-10-22,sz.002407,60.9500,63.4800,60.0600,60.7200,60.2200,58286391,3603840234.2100
2021-10-25,sz.002407,61.1300,64.7000,60.0000,63.8300,60.5200,56641403,3575567189.4900
2021-10-26,sz.002407,64.9900,65.3800,62.5600,62.6000,63.8300,47457586,3016315123.1800
2021-10-27,sz.002407,63.0500,66.2000,63.0500,64.4100,62.6000,53575924,3469918807.6200
2021-10-28,sz.002407,64.4300,64.9900,61.0700,61.3800,64.4100,50664671,3168829190.9100
2021-10-29,sz.002407,62.8700,63.4700,60.4800,62.0200,61.3800,41330193,2560922005.4800
2021-11-01,sz.002407,62.3300,63.7800,59.5500,60.9900,62.0200,45591715,2808941874.9300
2021-11-02,sz.002407,60.8800,61.7600,56.9800,58.6000,60.9900,50936504,3002800910.7500
2021-11-03,sz.002407,58.4500,58.4800,55.8000,56.9900,58.6000,35511160,2024937532.3200
2021-11-04,sz.002407,57.6800,58.3300,56.0100,56.4900,56.9900,39979517,2282032125.8600
2021-11-05,sz.002407,56.0000,57.4000,54.6500,54.7000,56.4900,42791519,2389788742.5400
2021-11-08,sz.002407,54.0100,56.4400,52.8200,56.0500,54.7000,60723603,3344474465.8600
2021-11-09,sz.002407,56.0200,56.1700,54.2800,55.7600,56.0500,40128514,2217380431.0900
2021-11-10,sz.002407,54.7500,54.7500,50.2500,51.4900,55.7600,79043048,4099978145.7600
2021-11-11,sz.002407,52.0000,52.9400,51.4000,52.2800,51.4900,39356633,2051875119.6800
2021-11-12,sz.002407,52.2800,54.6000,51.7100,54.2700,52.2800,51490864,2735919993.7800
2021-11-15,sz.002407,54.2800,54.5000,50.8300,52.4700,54.2700,52020608,2694715701.1000
2021-11-16,sz.002407,52.9800,54.0000,51.2300,51.3200,52.4700,44582388,2345930823.6300
2021-11-17,sz.002407,51.6600,53.6400,51.6600,52.8500,51.3200,44758577,2360212078.4500
2021-11-18,sz.002407,52.5200,52.9800,50.3000,51.8200,52.8500,46718763,2408277339.2600
2021-11-19,sz.002407,51.2000,51.5700,50.5000,50.9900,51.8200,33619836,1712898240.2100
2021-11-22,sz.002407,51.0100,53.4100,50.7900,52.8800,50.9900,47939041,2510287207.5700
2021-11-23,sz.002407,53.0000,53.0000,51.1600,51.5300,52.8800,36897245,1909894769.5600
2021-11-24,sz.002407,51.0000,51.4500,50.0000,50.2200,51.5300,35462100,1791658768.5300
2021-11-25,sz.002407,48.9400,48.9400,47.0000,47.8000,50.2200,49409411,2358887492.4700
2021-11-26,sz.002407,47.7500,48.5100,47.1100,47.9800,47.8000,32524987,1562107705.7200
2021-11-29,sz.002407,46.7600,48.9900,46.3000,48.3200,47.9800,31265133,1498828965.2200
2021-11-30,sz.002407,48.7000,48.9500,47.5000,48.7000,48.3200,30045415,1452268851.8200
2021-12-01,sz.002407,48.0000,48.7000,47.6600,48.3700,48.7000,21882909,1051528163.6600
2021-12-02,sz.002407,48.1000,50.6600,48.0900,50.3900,48.3700,46541527,2320553864.7000
2021-12-03,sz.002407,50.0300,50.3600,48.9700,50.0300,50.3900,26141158,1299335507.3000
2021-12-06,sz.002407,49.9000,50.5000,49.5200,49.7000,50.0300,22822717,1140536888.4000
2021-12-07,sz.002407,49.8000,50.1000,46.8000,47.4100,49.7000,32280421,1544911914.6000
2021-12-08,sz.002407,47.4100,48.5000,47.4000,47.8700,47.4100,19653606,942387433.1700
2021-12-09,sz.002407,47.9000,47.9000,47.0100,47.1500,47.8700,24413943,1154386375.6600
2021-12-10,sz.002407,46.7700,48.1800,46.7000,47.7700,47.1500,26330476,1254468750.7700
2021-12-13,sz.002407,49.0000,49.0000,47.3000,48.3300,47.7700,30526193,1468706704.0400
2021-12-14,sz.002407,48.1400,48.3200,47.0000,47.1900,48.3300,27039774,1287209204.7700
2021-12-15,sz.002407,47.2000,47.8000,46.9000,47.2200,47.1900,19716128,931013630.1000
2021-12-16,sz.002407,47.2800,47.3900,45.0100,45.7100,47.2200,43053074,1966481129.4700
2021-12-17,sz.002407,45.1800,45.5500,43.6500,43.6500,45.7100,37522797,1659742533.6400
2021-12-20,sz.002407,43.6100,44.6100,42.6400,43.0000,43.6500,29326351,1274265142.0500
2021-12-21,sz.002407,42.8700,43.5000,42.3500,43.3400,43.0000,21435795,920135380.6800
2021-12-22,sz.002407,43.5000,45.4100,43.4800,44.9900,43.3400,38954275,1730531129.1300
2021-12-23,sz.002407,45.2000,45.3900,44.2400,44.5100,44.9900,21379029,955421668.3300
2021-12-24,sz.002407,44.6700,44.7500,42.7100,42.8300,44.5100,22960849,993895551.3400
2021-12-27,sz.002407,42.8900,43.6000,41.5100,43.2000,42.8300,18986430,811604102.8100
2021-12-28,sz.002407,43.4300,44.8000,42.8600,44.7000,43.2000,27742820,1223363796.5000
2021-12-29,sz.002407,44.7800,45.1400,44.1300,44.3300,44.7000,21279005,948521469.5200
2021-12-30,sz.002407,44.3700,44.8800,43.9400,44.3700,44.3300,16129395,714722533.7100
2021-12-31,sz.002407,44.2900,45.1500,44.2700,44.9900,44.3700,19430769,871923430.2500
2022-01-04,sz.002407,45.2500,45.3800,42.8600,42.9100,44.9900,28593246,1238017693.5600
2022-01-05,sz.002407,42.3500,42.5800,40.5200,41.1500,42.9100,24683923,1024857924.2800
2022-01-06,sz.002407,41.0200,41.9900,40.6200,41.7800,41.1500,17716568,734603701.4600
2022-01-07,sz.002407,41.7400,42.3700,40.8100,41.7800,41.7800,20159077,839887383.0100
2022-01-10,sz.002407,41.5000,42.3500,41.2400,41.3900,41.7800,15318460,638352393.0100
2022-01-11,sz.002407,41.5000,41.7000,40.7000,41.2600,41.3900,15017464,618275369.2200
2022-01-12,sz.002407,41.6800,42.6800,41.6700,42.5600,41.2600,24414913,1031746913.7400
2022-01-13,sz.002407,42.4900,42.4900,40.8900,40.9400,42.5600,21844254,902403303.8400
2022-01-14,sz.002407,40.5600,42.2800,40.4200,41.6400,40.9400,18049058,748460021.4800
2022-01-17,sz.002407,41.2000,41.8000,40.7900,41.7300,41.6400,18596856,767592126.1000
2022-01-18,sz.002407,41.7300,41.7900,40.5300,40.7500,41.7300,18995925,779553697.9500
2022-01-19,sz.002407,40.7200,40.7200,38.6000,38.9500,40.7500,26086324,1026019468.7500
2022-01-20,sz.002407,40.3600,41.6000,39.3400,39.9100,38.9500,34241716,1381890029.1200
2022-01-21,sz.002407,39.9900,41.8800,39.0900,40.9800,39.9100,39037121,1605535314.0000
2022-01-24,sz.002407,40.8000,42.5600,39.8500,41.8500,40.9800,33233689,1378830424.4400
2022-01-25,sz.002407,41.8000,44.4400,41.5400,43.4400,41.8500,51945887,2261056754.8300
2022-01-26,sz.002407,43.7800,44.3000,42.7000,43.9100,43.4400,32896768,1428868254.6200
2022-01-27,sz.002407,43.5000,44.1300,41.6800,41.7000,43.9100,30825603,1321467150.2000
2022-01-28,sz.002407,42.2700,42.5300,40.4200,41.4300,41.7000,22035423,916160074.8900
2022-02-07,sz.002407,42.4000,43.2500,41.8400,42.2100,41.4300,22347776,949153602.0700
2022-02-08,sz.002407,42.0000,42.0000,39.9000,40.9200,42.2100,23919755,972277287.3600
2022-02-09,sz.002407,40.7000,42.3300,40.2600,42.3000,40.9200,24496378,1015885550.3900
2022-02-10,sz.002407,42.2700,42.5500,41.0700,41.5200,42.3000,19107340,797233542.5600
2022-02-11,sz.002407,41.6000,43.1700,41.1200,41.8500,41.5200,28460094,1206347559.9800
2022-02-14,sz.002407,41.1900,42.6400,40.6000,41.2800,41.8500,20145157,837797808.6000
2022-02-15,sz.002407,41.3800,43.0100,40.8500,42.9700,41.2800,33454441,1415470060.1400
2022-02-16,sz.002407,43.1700,43.3800,42.3000,42.4600,42.9700,26302268,1124507898.7600
2022-02-17,sz.002407,42.5000,44.4000,42.2700,44.0500,42.4600,46867083,2046783770.7700
2022-02-18,sz.002407,43.2000,43.7700,43.0300,43.6000,44.0500,26346553,1143100436.9100
2022-02-21,sz.002407,43.3400,43.7800,42.5500,43.0100,43.6000,20116285,864864345.3800
2022-02-22,sz.002407,42.9500,44.0800,42.8000,43.9900,43.0100,33319715,1454431062.2200
2022-02-23,sz.002407,44.0000,46.1600,43.9000,46.0000,43.9900,45431643,2067227498.5200
2022-02-24,sz.002407,45.3900,46.9200,44.1300,44.8600,46.0000,55670871,2537270157.3400
2022-02-25,sz.002407,45.9400,46.1700,44.9000,45.2000,44.8600,32311853,1470912396.3800
2022-02-28,sz.002407,44.5000,45.1300,43.8800,44.9500,45.2000,26131970,1165286768.0000
2022-03-01,sz.002407,45.1900,45.3300,43.4000,43.9300,44.9500,31948895,1407553424.0000
2022-03-02,sz.002407,43.4700,43.8600,43.1000,43.6700,43.9300,15462173,672154864.0000
2022-03-03,sz.002407,43.8300,44.0300,42.0000,42.0600,43.6700,24471884,1050844000.0000
2022-03-04,sz.002407,41.2200,42.4400,40.8600,41.4200,42.0600,19485615,809986816.0000
2022-03-07,sz.002407,41.0000,41.3300,39.4800,39.6100,41.4200,22462946,901847744.0000
2022-03-08,sz.002407,39.3900,40.1800,36.9000,37.9800,39.6100,30348988,1167649024.0000
2022-03-09,sz.002407,38.0500,38.3400,35.0000,36.3800,37.9800,30611329,1118383728.0000
2022-03-10,sz.002407,39.1700,40.0200,38.3800,40.0200,36.3800,43774035,1725157152.0000
2022-03-11,sz.002407,40.8000,43.7200,40.1000,43.4000,40.0200,70736280,2971544032.0000
2022-03-14,sz.002407,42.1000,43.7900,42.1000,42.6800,43.4000,35692214,1533160352.0000
2022-03-15,sz.002407,42.3200,43.8000,41.8800,42.1600,42.6800,41442605,1779291680.0000
2022-03-16,sz.002407,42.8000,43.8700,40.7500,43.6500,42.1600,50968131,2167074896.0000
2022-03-17,sz.002407,44.3500,44.6800,42.6500,42.8000,43.6500,47470349,2063913600.0000
2022-03-18,sz.002407,42.0100,42.9900,41.7600,42.7800,42.8000,25304107,1073155530.9300
2022-03-21,sz.002407,42.7800,44.4600,42.5100,43.9200,42.7800,35326775,1546995094.5100
2022-03-22,sz.002407,44.1100,44.4500,43.0100,43.2800,43.9200,29959252,1312292897.4100
2022-03-23,sz.002407,43.7500,43.8500,42.4300,42.8800,43.2800,21723202,932782753.0700
2022-03-24,sz.002407,42.3100,43.6800,41.5700,43.2600,42.8800,33371169,1426133247.1700
2022-03-25,sz.002407,42.8000,43.0000,40.5000,40.5000,43.2600,40170779,1662936096.5100
2022-03-28,sz.002407,39.9800,40.4000,38.6900,38.8300,40.5000,27150578,1066276981.3300
2022-03-29,sz.002407,39.2000,40.3900,38.8800,39.7900,38.8300,23818130,947053186.5000
2022-03-30,sz.002407,40.0600,40.9200,39.5000,40.5800,39.7900,19154453,774709462.1200
2022-03-31,sz.002407,40.0300,40.2300,39.2000,39.3500,40.5800,19808481,783629700.3900
2022-04-01,sz.002407,39.0900,39.9800,39.0000,39.4000,39.3500,14900302,589030459.7800
2022-04-06,sz.002407,39.3000,39.3000,38.0600,38.3600,39.4000,16625024,637219391.5400
2022-04-07,sz.002407,38.3600,38.8700,37.6000,37.6300,38.3600,19033258,726194357.9600
2022-04-08,sz.002407,37.7100,38.2200,36.7100,37.5800,37.6300,18627423,698450682.6800
2022-04-11,sz.002407,37.3000,37.3000,35.2800,35.4200,37.5800,21843905,783448972.4400
2022-04-12,sz.002407,35.0300,35.5500,34.1800,35.5000,35.4200,25025766,872369986.6600
2022-04-13,sz.002407,34.8000,35.6600,34.3000,34.6800,35.5000,18146820,633700660.1600
2022-04-14,sz.002407,35.4700,35.4700,34.4400,34.7200,34.6800,15259265,532217277.8700
2022-04-15,sz.002407,34.7200,34.7500,33.7100,34.1800,34.7200,16709741,571831326.5800
2022-04-18,sz.002407,34.0000,35.4300,33.4300,35.2800,34.1800,19034788,658326220.7300
2022-04-19,sz.002407,35.5800,35.9800,35.3300,35.6000,35.2800,17539197,624832154.9200
2022-04-20,sz.002407,35.9800,36.3000,34.4000,34.8500,35.6000,21830769,773991930.3900
2022-04-21,sz.002407,34.3700,34.9400,32.8900,33.0500,34.8500,19318481,651942376.9800
2022-04-22,sz.002407,32.6800,33.8800,32.2600,32.9400,32.7500,18016267,598799914.2800
2022-04-25,sz.002407,31.8100,32.2000,30.1100,30.1700,32.9400,27481502,856677065.0100
2022-04-26,sz.002407,30.5000,30.7000,28.5000,28.5800,30.1700,27256804,802229078.4500
2022-04-27,sz.002407,27.4800,31.3000,27.3000,31.0900,28.5800,36732247,1088581579.6700
2022-04-28,sz.002407,30.8200,31.3800,30.2000,30.4800,31.0900,28058948,860949106.7800
2022-04-29,sz.002407,30.9700,31.8500,30.4200,31.7000,30.4800,27664894,864297154.0800
2022-05-05,sz.002407,31.7900,32.8000,31.5100,32.0300,31.7000,25536936,820169238.7500
2022-05-06,sz.002407,30.7500,31.9000,30.6500,31.2700,32.0300,18491137,578447604.3100
2022-05-09,sz.002407,31.0000,31.8100,30.9800,31.4200,31.2700,12563367,394407790.8100
2022-05-10,sz.002407,30.9000,32.1000,30.5100,31.9500,31.4200,17128268,541697089.8200
2022-05-11,sz.002407,31.7500,34.1600,31.7500,32.9600,31.9500,32526700,1081606129.3000
2022-05-12,sz.002407,32.7000,33.2800,32.5100,32.9900,32.9600,17440303,573834552.2400
2022-05-13,sz.002407,33.0700,33.4400,32.7100,33.0400,32.9900,13413022,442793878.7800
2022-05-16,sz.002407,33.3500,33.8300,32.6200,32.9700,33.0400,16745512,555676707.8100
2022-05-17,sz.002407,33.0200,34.3400,32.9000,34.1900,32.9700,28957048,978600466.3800
2022-05-18,sz.002407,34.1000,35.1300,33.9700,34.2100,34.1900,27388759,944262722.7200
2022-05-19,sz.002407,36.0000,37.6300,35.2200,37.6300,34.2100,54555863,2021272913.6100
2022-05-20,sz.002407,38.7200,40.0000,38.1800,39.1500,37.6300,85575719,3333913602.1600
2022-05-23,sz.002407,39.2100,39.3900,38.2900,39.1500,39.1500,47879842,1861480530.1300
2022-05-24,sz.002407,39.1800,41.4900,38.7000,39.3000,39.1500,67384945,2693948611.6700
2022-05-25,sz.002407,39.9000,40.1000,38.0700,39.5000,39.3000,44439742,1734246398.4000
2022-05-26,sz.002407,38.9900,39.2100,38.1800,38.4900,39.5000,30556498,1182472641.7100
2022-05-27,sz.002407,38.9000,39.3700,37.8700,38.0800,38.4900,27241714,1049484025.0700
2022-05-30,sz.002407,38.5300,39.3700,38.2000,38.6200,38.0800,25941496,1006354131.1500
2022-05-31,sz.002407,39.2000,39.2000,37.7300,38.6900,38.6200,26508952,1017971401.7700
2022-06-01,sz.002407,38.2000,39.5000,37.8000,39.1500,38.6900,34580781,1343099515.4000
2022-06-02,sz.002407,38.6600,39.7600,38.3800,39.3900,39.1500,32872233,1289968735.6900
2022-06-06,sz.002407,39.1200,41.7100,39.0000,41.6800,39.3900,57813586,2356215000.7500
2022-06-07,sz.002407,41.2600,41.4400,39.9200,40.1800,41.6800,47687754,1932423461.3200
2022-06-08,sz.002407,39.9800,40.4400,38.6100,39.8400,40.1800,41774941,1656287525.0600
2022-06-09,sz.002407,39.5600,39.7500,38.9000,39.0700,39.8400,21238923,833640520.2900
2022-06-10,sz.002407,38.8000,40.2200,38.7000,40.2000,39.0700,38794365,1541442186.3900
2022-06-13,sz.002407,39.6100,41.3900,39.5100,40.7700,40.2000,47995932,1949511538.0900
2022-06-14,sz.002407,39.9600,42.0000,39.6500,42.0000,40.7700,59048007,2430372256.5000
2022-06-15,sz.002407,42.7600,43.2100,40.8300,40.8400,42.0000,51843703,2161699322.8200
2022-06-16,sz.002407,40.4300,41.1800,39.9600,40.2700,40.8400,30631847,1241989871.3700
2022-06-17,sz.002407,39.7000,41.6000,39.6000,41.3900,40.2700,40225288,1646669542.7300
2022-06-20,sz.002407,41.9600,42.7500,40.7800,41.8000,41.3900,49560545,2078911228.8600
2022-06-21,sz.002407,41.8000,41.8100,39.8600,40.2600,41.8000,37910105,1540424803.0600
2022-06-22,sz.002407,39.9900,40.9500,39.3500,39.3500,40.2600,25741865,1034266014.4600
2022-06-23,sz.002407,39.4100,41.4400,38.9900,41.2900,39.3500,39214599,1584524651.7800
2022-06-24,sz.002407,41.9000,43.5000,41.2600,42.9200,41.2900,63019472,2669603629.6200
2022-06-27,sz.002407,43.9400,44.3600,43.1200,43.1900,42.9200,53981230,2356540237.5900
2022-06-28,sz.002407,43.6400,47.5100,43.6400,47.5100,43.1900,78973473,3657948809.5300
2022-06-29,sz.002407,48.0000,48.7900,45.9200,46.0000,47.5100,80028670,3801742409.1100
2022-06-30,sz.002407,46.8000,49.9000,46.8000,48.9100,46.0000,61138839,2975473560.7300
2022-07-01,sz.002407,48.8000,50.0000,48.3000,48.6600,48.9100,57986824,2852852799.7700
2022-07-04,sz.002407,49.1800,53.5300,49.1800,53.5300,48.6600,76117677,3933364344.0900
2022-07-05,sz.002407,53.6200,54.8000,52.4400,53.8200,53.5300,70558826,3760993417.7600
2022-07-06,sz.002407,53.2500,55.2300,52.6000,53.3800,53.8200,52101669,2796867705.0900
2022-07-07,sz.002407,53.5800,55.5900,53.0000,54.9500,53.3800,58835770,3207710939.2800
2022-07-08,sz.002407,55.1000,55.5000,50.0100,51.0300,54.9500,82427788,4325548462.2300
2022-07-11,sz.002407,50.8400,51.0000,46.8000,47.6000,51.0300,70145500,3375296803.5600
2022-07-12,sz.002407,47.7000,47.9900,46.0100,46.4500,47.6000,43286374,2028988183.2100
2022-07-13,sz.002407,46.1000,47.3600,44.8800,46.8300,46.4500,50066036,2311142833.5400
2022-07-14,sz.002407,47.0000,49.4700,46.5000,48.7500,46.8300,55698497,2702040754.7900
2022-07-15,sz.002407,48.7600,50.9900,48.4900,48.5200,48.7500,47111063,2340556602.7600
2022-07-18,sz.002407,49.9000,50.3000,48.4000,49.1400,48.5200,35869795,1762247123.0500
2022-07-19,sz.002407,49.1400,51.2000,48.2200,50.9600,49.1400,51591593,2590436601.1900
2022-07-20,sz.002407,51.3100,51.5000,50.1800,50.9100,50.9600,33808807,1717586830.8100
2022-07-21,sz.002407,50.7400,50.7400,48.6000,48.7700,50.9100,33926661,1682822929.5800
2022-07-22,sz.002407,48.7800,49.3900,47.3600,48.0500,48.7700,31256298,1503632191.9500
2022-07-25,sz.002407,48.5300,51.3300,48.5300,49.9100,48.0500,41427175,2081847075.1000
2022-07-26,sz.002407,49.9400,51.5000,48.7800,50.9000,49.9100,38530087,1943644298.4800
2022-07-27,sz.002407,50.5000,50.8500,49.3100,50.0600,50.9000,25670388,1286213966.8300
2022-07-28,sz.002407,50.6400,50.8900,48.8000,48.8400,50.0600,30932656,1532074193.8600
2022-07-29,sz.002407,49.0000,49.4900,48.3100,48.6000,48.8400,25295764,1237019166.7100
2022-08-01,sz.002407,48.2000,49.7900,46.8000,49.6100,48.6000,32884018,1597132443.8200
2022-08-02,sz.002407,48.2900,48.8000,46.2000,47.0500,49.6100,36456957,1732297961.3700
2022-08-03,sz.002407,47.8100,48.9100,46.3000,46.5500,47.0500,30692756,1467091348.9200
2022-08-04,sz.002407,46.9800,48.2300,46.3100,47.2000,46.5500,22672422,1069287961.8400
2022-08-05,sz.002407,47.4000,47.5800,46.2300,47.5000,47.2000,23406095,1098872814.5800
2022-08-08,sz.002407,47.5600,48.8700,47.3000,48.6400,47.5000,24044903,1162305276.9900
2022-08-09,sz.002407,48.6400,50.5500,48.2300,50.0900,48.6400,35436165,1768027285.4200
2022-08-10,sz.002407,50.8000,51.0800,47.0200,47.1800,50.0900,52854384,2558668650.8600
2022-08-11,sz.002407,47.2400,48.5800,46.4600,48.1400,47.1800,34988547,1662455189.3300
2022-08-12,sz.002407,47.8000,49.0800,47.0100,47.0900,48.1400,28798607,1379031003.6000
2022-08-15,sz.002407,46.8000,48.8900,46.5000,47.4600,47.0900,30984461,1478704007.6300
2022-08-16,sz.002407,47.0500,47.5900,46.5000,46.9900,47.4600,27496052,1290518253.2900
2022-08-17,sz.002407,46.8000,46.8800,44.2400,45.3600,46.9900,50245030,2269061435.3300
2022-08-18,sz.002407,45.5900,46.3300,44.8600,45.4500,45.3600,27375322,1244928275.1900
2022-08-19,sz.002407,44.9900,45.0000,43.2000,43.2000,45.4500,35268301,1545519433.3500
2022-08-22,sz.002407,43.0000,44.7800,42.5500,44.6900,43.2000,31070187,1363706413.7200
2022-08-23,sz.002407,44.6600,45.1600,44.1300,44.8100,44.6900,20577239,917269516.6800
2022-08-24,sz.002407,44.8300,45.4500,43.0800,43.3800,44.8100,22632581,998335467.4500
2022-08-25,sz.002407,43.2500,43.5000,41.7000,42.6100,43.3800,18840549,799586119.2900
2022-08-26,sz.002407,43.0200,44.0000,42.5100,42.7800,42.6100,19215985,831167203.3000
2022-08-29,sz.002407,41.9900,42.5700,41.7400,42.1000,42.7800,15048747,633974068.6700
2022-08-30,sz.002407,42.7000,42.7900,41.6900,42.1700,42.1000,15354271,647352917.2100
2022-08-31,sz.002407,41.9900,42.2400,40.3500,40.6100,42.1700,20461436,841710229.5500
2022-09-01,sz.002407,40.5000,41.2500,40.2800,40.4000,40.6100,15063005,613902514.6500
2022-09-02,sz.002407,40.8000,40.8800,39.6300,40.2800,40.4000,15053662,605308175.8600
2022-09-05,sz.002407,40.2100,40.6000,39.8500,40.3400,40.2800,11006774,443064626.8100
2022-09-06,sz.002407,40.6700,41.3400,40.3500,41.2800,40.3400,18615209,762523705.9900
2022-09-07,sz.002407,41.0000,41.7400,40.6000,41.2500,41.2800,17859029,736405357.6400
2022-09-08,sz.002407,41.5600,41.6000,40.4100,40.4500,41.2500,14893598,608415081.0000
2022-09-09,sz.002407,40.4500,40.8600,39.8700,40.4600,40.4500,14490692,585765508.7200
2022-09-13,sz.002407,40.4600,40.7700,40.0400,40.5700,40.4600,12541989,507589013.2400
2022-09-14,sz.002407,39.8800,40.1500,39.0500,39.5900,40.5700,17566363,695418633.9400
2022-09-15,sz.002407,39.8000,39.9900,37.8800,38.2700,39.5900,19516208,753475337.4500
2022-09-16,sz.002407,38.1000,38.5500,37.2200,37.5000,38.2700,16221445,614818276.6900
2022-09-19,sz.002407,37.4900,38.2600,37.3900,37.5900,37.5000,12042287,454787382.4400
2022-09-20,sz.002407,37.8000,38.9800,37.7200,38.4100,37.5900,17271896,665825807.2800
2022-09-21,sz.002407,38.2000,38.6500,37.8700,38.4500,38.4100,11178120,427915731.6100
2022-09-22,sz.002407,38.0500,39.6600,37.9800,38.9800,38.4500,18615987,725495491.2800
2022-09-23,sz.002407,38.5600,40.3500,38.5000,40.3000,38.9800,39308781,1559573884.8100
2022-09-26,sz.002407,39.9500,40.0000,38.7000,39.0300,40.3000,31418252,1232696613.7100
2022-09-27,sz.002407,38.7700,39.0900,36.3600,38.1600,39.0300,34592484,1303991635.3100
2022-09-28,sz.002407,37.7600,38.2500,36.3000,36.4100,38.1600,21356346,789906667.5800
2022-09-29,sz.002407,36.8200,37.7800,36.7100,37.1700,36.4100,20114237,748601498.5600
2022-09-30,sz.002407,37.3700,37.4500,35.9000,35.9000,37.1700,12892580,469913403.0700
2022-10-10,sz.002407,35.9000,35.9500,34.5000,34.6800,35.9000,13798820,484840257.4900
2022-10-11,sz.002407,35.5100,37.0000,35.0000,36.8100,34.6800,26074620,949101454.7600
2022-10-12,sz.002407,36.8600,37.7900,35.6100,37.7400,36.8100,24403017,896452063.3100
2022-10-13,sz.002407,37.3000,38.5400,37.0600,37.7800,37.7400,22432087,851479284.9400
2022-10-14,sz.002407,38.0000,38.7000,37.5300,38.6200,37.7800,26740265,1022495222.5800
2022-10-17,sz.002407,38.3000,38.4800,37.6500,38.2100,38.6200,16952929,644940613.0000
2022-10-18,sz.002407,38.5000,38.8800,38.1500,38.4300,38.2100,17685347,680661368.2400
2022-10-19,sz.002407,38.3900,39.3800,37.8500,37.8700,38.4300,21578706,833262662.8900
2022-10-20,sz.002407,37.4800,37.9500,36.7000,37.3400,37.8700,17652618,658542097.5700
2022-10-21,sz.002407,37.4000,37.5200,36.7700,36.9000,37.3400,11581537,429670967.3600
2022-10-24,sz.002407,37.0000,37.9300,36.0000,36.3700,36.9000,16251372,600921909.0300
2022-10-25,sz.002407,36.1100,37.2700,35.0500,36.7900,36.3700,15701845,569549514.4900
2022-10-26,sz.002407,36.9800,37.5700,36.6100,37.1800,36.7900,15696863,583260190.0900
2022-10-27,sz.002407,37.1800,38.0000,36.5600,36.5900,37.1800,16486355,614963466.5400
2022-10-28,sz.002407,34.5000,34.5000,32.9300,32.9300,36.5900,27622815,916264871.9800
2022-10-31,sz.002407,30.8200,31.7400,30.7000,31.1500,32.9300,30051652,936560858.7200
2022-11-01,sz.002407,31.1100,32.6000,31.1100,32.5800,31.1500,25985661,833084237.2900
2022-11-02,sz.002407,32.4500,33.1300,32.1500,32.8300,32.5800,17715052,580809405.2600
2022-11-03,sz.002407,32.7900,33.3900,32.4600,33.3000,32.8300,15810518,523109037.7000
2022-11-04,sz.002407,33.2000,35.2800,33.1000,34.9700,33.3000,27775547,960811278.1900
2022-11-07,sz.002407,34.9300,35.9000,34.8000,35.2100,34.9700,20497324,724567606.4400
2022-11-08,sz.002407,35.2900,35.7600,34.8400,35.2800,35.2100,14130335,497292423.1600
2022-11-09,sz.002407,35.4300,35.4300,34.6600,34.6800,35.2800,12737729,446371562.0700
2022-11-10,sz.002407,34.5000,34.8600,33.9000,33.9600,34.6800,13669613,466455076.1800
2022-11-11,sz.002407,34.8600,35.3000,34.1500,34.1900,33.9600,15569362,537739828.4000
2022-11-14,sz.002407,34.3500,34.4500,33.3200,33.4300,34.1900,13514920,457102606.0800
2022-11-15,sz.002407,33.6300,34.8300,33.0800,34.8000,33.4300,18246258,623567541.7700
2022-11-16,sz.002407,34.7700,35.1400,34.2900,34.3200,34.8000,12423859,430524273.5400
2022-11-17,sz.002407,33.9100,34.0300,33.2700,33.6400,34.3200,12880469,432348232.5100
2022-11-18,sz.002407,33.6400,33.9400,33.2000,33.2200,33.6400,9961028,333665975.7500
2022-11-21,sz.002407,33.0000,33.9000,32.7100,33.7300,33.2200,11489115,384722639.3200
2022-11-22,sz.002407,33.7500,33.7900,33.0200,33.1800,33.7300,9376633,312945335.4400
2022-11-23,sz.002407,33.1900,33.9900,33.0300,33.5900,33.1800,11627612,390023025.2800
2022-11-24,sz.002407,33.8800,36.9500,33.8200,36.9500,33.5900,44323199,1587540347.2300
2022-11-25,sz.002407,36.9400,37.2900,35.9100,36.0600,36.9500,49655405,1813684464.5100
2022-11-28,sz.002407,35.5000,38.5000,35.2800,38.2200,36.0600,54636720,2037990235.0700
2022-11-29,sz.002407,37.9400,38.4900,37.4700,38.2600,38.2200,39763749,1510604901.4200
2022-11-30,sz.002407,38.5000,39.3200,37.5800,38.1000,38.2600,40089924,1531996871.1000
2022-12-01,sz.002407,37.6500,38.1200,37.4400,37.5000,38.1000,28442975,1073032368.5200
2022-12-02,sz.002407,37.1800,39.4000,37.0100,39.0000,37.5000,49553316,1915847167.6800
2022-12-05,sz.002407,39.1900,39.1900,38.3000,38.9800,39.0000,29291129,1135870083.4500
2022-12-06,sz.002407,38.7000,39.3800,37.9500,38.9200,38.9800,28071728,1085266185.4000
2022-12-07,sz.002407,38.5400,39.3200,38.1500,38.6000,38.9200,22588813,874850447.5900
2022-12-08,sz.002407,38.3200,38.6800,37.5900,37.7600,38.6000,21507330,815936454.2100
2022-12-09,sz.002407,37.6500,38.1800,37.3600,37.6200,37.7600,15765657,593252464.0500
2022-12-12,sz.002407,37.7600,38.1000,37.3700,37.5900,37.6200,14974703,565020983.2600
2022-12-13,sz.002407,37.4100,37.5900,36.7300,37.1500,37.5900,14483027,536769855.1200
2022-12-14,sz.002407,37.2600,37.7800,36.8800,37.2500,37.1500,11270517,419657815.4700
2022-12-15,sz.002407,37.0500,37.8800,36.5100,37.7900,37.2500,18227636,682028255.2600
2022-12-16,sz.002407,37.3900,37.6000,35.1300,35.3500,37.7900,32083109,1157752845.2800
2022-12-19,sz.002407,35.2700,36.7700,35.1600,35.5700,35.3500,17759909,639711828.8200
2022-12-20,sz.002407,35.7000,35.9000,34.7000,34.9400,35.5700,11412571,401125561.2300
2022-12-21,sz.002407,34.9400,35.3200,34.3500,34.5000,34.9400,10810385,374946781.2100
2022-12-22,sz.002407,34.6900,34.9500,33.3300,33.4500,34.5000,14905240,505091348.9600
2022-12-23,sz.002407,33.4500,33.8700,33.0000,33.2400,33.4500,9903295,330786092.9900
2022-12-26,sz.002407,33.2300,34.7800,33.0800,34.7600,33.2400,14777084,507579601.8600
2022-12-27,sz.002407,34.7900,34.8600,34.2600,34.7600,34.7600,9336548,323357855.2800
2022-12-28,sz.002407,34.6200,34.6200,33.6000,33.9000,34.7600,10963432,372323510.2600
2022-12-29,sz.002407,33.9900,34.3600,33.7100,33.7300,33.9000,8545629,290605284.5000
2022-12-30,sz.002407,34.3200,34.3800,33.1600,33.3200,33.7300,11150064,375502027.7200
2023-01-03,sz.002407,33.3300,33.9500,32.7800,33.7900,33.3200,12152273,406106624.8400
2023-01-04,sz.002407,33.6600,33.8000,32.9500,33.2700,33.7900,11628720,387652220.0100
2023-01-05,sz.002407,33.3400,34.5200,33.2200,34.0200,33.2700,19201985,652193839.1700
2023-01-06,sz.002407,34.0200,35.2900,33.9200,34.7000,34.0200,21032848,731096479.2000
2023-01-09,sz.002407,34.7900,35.2600,34.4600,34.6500,34.7000,14672919,511283473.5200
2023-01-10,sz.002407,34.6500,35.4600,34.2500,35.1000,34.6500,16631656,579310300.9300
2023-01-11,sz.002407,35.1000,35.1800,34.3700,34.4300,35.1000,11474484,398589569.4600
2023-01-12,sz.002407,34.3700,35.4800,34.3400,34.9600,34.4300,16458265,577133029.1600
2023-01-13,sz.002407,35.0200,35.4600,34.6100,34.8600,34.9600,12892408,450568218.6300
2023-01-16,sz.002407,34.8800,35.7000,34.6200,35.4300,34.8600,15923186,562660254.2000
2023-01-17,sz.002407,35.3900,35.7400,35.2100,35.4600,35.4300,10047570,356336203.8300
2023-01-18,sz.002407,36.5700,36.6000,35.4100,35.5000,35.4600,14190602,509109421.5100
2023-01-19,sz.002407,35.5000,35.6400,35.1200,35.5300,35.5000,9817663,347700862.6300
2023-01-20,sz.002407,35.7100,36.2000,35.5700,36.0900,35.5300,12481493,448601248.2500
2023-01-30,sz.002407,35.7700,36.8800,35.7700,36.1700,36.0900,24985729,908844502.5300
2023-01-31,sz.002407,36.0600,37.1700,35.9300,36.8400,36.1700,20931773,767516757.0500
2023-02-01,sz.002407,36.9000,37.1900,36.6600,37.1300,36.8400,20046813,740112849.7100
2023-02-02,sz.002407,37.2000,37.2400,36.7000,37.0000,37.1300,14070126,519035948.9000
2023-02-03,sz.002407,36.8500,36.9000,35.9000,36.3600,37.0000,18667471,676683071.5600
2023-02-06,sz.002407,36.0800,36.3700,35.8500,36.1700,36.3600,11328480,408453357.6100
2023-02-07,sz.002407,36.1300,36.3500,35.7200,36.0600,36.1700,11020909,396908567.9700
2023-02-08,sz.002407,36.0800,36.4300,35.8300,36.1300,36.0600,12644217,457722270.6400
2023-02-09,sz.002407,35.9500,36.3900,35.6500,36.3700,36.1300,11943852,432298128.9600
2023-02-10,sz.002407,36.3900,36.4500,35.8500,35.9600,36.3700,12358801,446087944.5300
2023-02-13,sz.002407,35.8500,37.4400,35.7800,37.1400,35.9600,28184543,1041917392.7600
2023-02-14,sz.002407,37.1000,38.0000,36.7900,37.9800,37.1400,32142558,1206947258.0700
2023-02-15,sz.002407,38.0100,38.3100,37.4700,37.6000,37.9800,22497809,851717331.1200
2023-02-16,sz.002407,37.6500,38.5600,36.6100,37.2000,37.6000,28819543,1090568687.0800
2023-02-17,sz.002407,37.3100,37.4500,36.0100,36.0600,37.2000,17819249,650698347.7200
2023-02-20,sz.002407,35.9000,35.9500,34.4000,35.7400,36.0600,17232585,608088167.4500
2023-02-21,sz.002407,35.6600,36.4700,35.4000,36.1000,35.7400,12706288,457281456.0500
2023-02-22,sz.002407,35.9300,35.9600,35.5700,35.6700,36.1000,8554849,305671649.8300
2023-02-23,sz.002407,36.6700,38.3400,36.6600,37.5500,35.6700,41654673,1568231076.0600
2023-02-24,sz.002407,37.6000,37.7300,36.8100,37.0100,37.5500,17712272,656708374.1500
2023-02-27,sz.002407,36.6800,37.0000,36.2400,36.3400,37.0100,14206715,519293106.1800
2023-02-28,sz.002407,36.2500,36.5100,36.0200,36.5000,36.3400,9708052,351810107.7100
2023-03-01,sz.002407,36.4800,36.4800,35.8600,36.2800,36.5000,14458947,522281166.5500
2023-03-02,sz.002407,36.1900,36.2400,35.4900,35.5100,36.2800,16088253,575515830.8000
2023-03-03,sz.002407,35.5000,35.7900,35.1700,35.5300,35.5100,8818266,312922152.5200
2023-03-06,sz.002407,35.5300,35.6300,34.8100,35.1400,35.5300,11468063,402614029.3100
2023-03-07,sz.002407,35.1200,35.2800,34.6500,34.6500,35.1400,8123111,283939542.7100
2023-03-08,sz.002407,34.5300,34.8000,34.3500,34.8000,34.6500,5534101,191754403.7200
2023-03-09,sz.002407,34.7900,35.3700,34.7000,35.0700,34.8000,7452196,261668864.0300
2023-03-10,sz.002407,34.9600,34.9700,34.1000,34.1000,35.0700,9358706,321800169.5100
2023-03-13,sz.002407,34.0100,34.3900,33.6000,33.7600,34.1000,8350582,282762418.9600
2023-03-14,sz.002407,33.6600,33.7100,32.6800,33.2100,33.7600,13607811,451243682.9800
2023-03-15,sz.002407,33.2900,33.8700,33.2900,33.3500,33.2100,7163254,240454998.4000
2023-03-16,sz.002407,33.2500,33.5800,32.3900,32.4000,33.3500,10023598,329558757.7800
2023-03-17,sz.002407,32.6500,32.8900,31.9200,32.2800,32.4000,12154940,393335986.8400
2023-03-20,sz.002407,32.2600,32.6300,31.6400,32.4400,32.2800,12180228,390969728.8800
2023-03-21,sz.002407,32.3000,33.3200,32.2300,33.3000,32.4400,12368673,406195705.5000
2023-03-22,sz.002407,33.2000,33.4900,32.8200,33.1800,33.3000,11499020,381717770.1600
2023-03-23,sz.002407,33.4200,34.1000,33.4100,33.7200,33.1800,15125655,510379965.2000
2023-03-24,sz.002407,33.7300,33.9100,33.4000,33.7500,33.7200,10490771,353496457.2100
2023-03-27,sz.002407,33.8000,33.8800,33.2800,33.6000,33.7500,8376189,281501747.9600
2023-03-28,sz.002407,33.7500,33.7500,32.9600,33.0700,33.6000,8107603,269443235.6200
2023-03-29,sz.002407,32.9000,33.3800,32.8000,32.8700,33.0700,7680098,253996657.3600
2023-03-30,sz.002407,33.0000,33.0900,32.4000,33.0800,32.8700,7775244,254938240.4100
2023-03-31,sz.002407,33.0600,33.6100,33.0300,33.2100,33.0800,8395130,279791093.6500
2023-04-03,sz.002407,33.2200,33.5400,32.8100,33.4400,33.2100,9709587,322855661.8200
2023-04-04,sz.002407,33.4400,33.6400,32.5400,32.7200,33.4400,12423019,408811870.3900
2023-04-06,sz.002407,32.4000,32.4000,31.7900,32.0600,32.7200,13185041,421778639.1400
2023-04-07,sz.002407,32.1000,32.3500,32.0200,32.0900,32.0600,6827114,219655530.7500
2023-04-10,sz.002407,32.1500,35.2000,32.1000,34.0500,32.0900,25580448,856787878.3400
2023-04-11,sz.002407,33.8800,33.9900,33.2600,33.8500,34.0500,15402540,518087805.0000
2023-04-12,sz.002407,33.8100,33.8400,33.4100,33.4800,33.8500,9146421,306838710.6600
2023-04-13,sz.002407,33.4800,33.5000,32.7000,32.7600,33.4800,9965361,329027988.8800
2023-04-14,sz.002407,32.6000,33.6600,32.5900,33.1000,32.7600,11953693,397513139.9500
2023-04-17,sz.002407,32.8600,33.3900,32.8200,33.2200,33.1000,8380705,278052983.4300
2023-04-18,sz.002407,33.1000,33.8000,33.0500,33.5200,33.2200,11680147,392427033.9900
2023-04-19,sz.002407,33.7700,34.3700,33.6100,33.9900,33.5200,17244772,586480400.9600
2023-04-20,sz.002407,33.9600,33.9600,33.1400,33.2300,33.9900,11662719,390228577.1800
2023-04-21,sz.002407,33.2700,33.8100,32.8500,32.9800,33.2300,10295460,342329878.0600
2023-04-24,sz.002407,32.8500,33.3200,32.3300,32.9300,32.9800,8703134,286358199.7900
2023-04-25,sz.002407,23.2500,23.2500,21.1000,21.2800,23.1200,25378591,551354007.1200
2023-04-26,sz.002407,21.2800,22.3700,20.7700,22.0300,21.2800,18530535,405357049.6400
2023-04-27,sz.002407,21.9300,22.1400,21.5900,21.6100,22.0300,12097968,263324791.5700
2023-04-28,sz.002407,20.6500,20.6500,19.7600,20.3300,21.6100,28507928,574083546.7100
2023-05-04,sz.002407,20.1900,20.4100,19.9200,19.9900,20.3300,15179146,305305097.4000
2023-05-05,sz.002407,20.0200,20.0500,19.1500,19.2300,19.9900,21426993,415985555.5600
2023-05-08,sz.002407,19.2000,19.5500,19.0300,19.3000,19.2300,12171730,234557590.6700
2023-05-09,sz.002407,19.2400,19.3500,18.9100,19.0100,19.3000,14450577,275142871.9900
2023-05-10,sz.002407,19.0500,19.8000,18.9700,19.6200,19.0100,19479089,378309663.7600
2023-05-11,sz.002407,19.6000,20.2700,19.4800,20.2500,19.6200,20122695,402399694.0500
2023-05-12,sz.002407,20.2500,20.5800,19.7800,19.7900,20.2500,12280685,245133577.5500
2023-05-15,sz.002407,19.8500,21.1700,19.8200,20.9200,19.7900,25331949,519786550.7500
2023-05-16,sz.002407,20.9900,21.1500,20.6800,21.0500,20.9200,16624766,347601777.8200
2023-05-17,sz.002407,21.7000,22.3000,20.9300,21.0800,21.0500,24695067,529667881.9200
2023-05-18,sz.002407,21.1800,21.3000,20.7000,20.8900,21.0800,15464542,324017828.0200
2023-05-19,sz.002407,21.1700,21.2500,20.8000,21.0200,20.8900,11883635,249901663.0000
2023-05-22,sz.002407,21.0600,21.1500,20.7000,21.0400,21.0200,8389010,175829729.0600
2023-05-23,sz.002407,20.9800,21.3000,20.8500,20.8700,21.0400,9747944,205302155.7800
2023-05-24,sz.002407,20.7800,21.0500,20.6000,20.8000,20.8700,8396742,175284550.2500
2023-05-25,sz.002407,20.8000,20.9500,20.3900,20.5100,20.8000,10396380,214233945.1000
2023-05-26,sz.002407,20.5500,20.6400,19.9800,20.2700,20.5100,10565176,213198192.8100
2023-05-29,sz.002407,20.3700,20.4000,19.9000,20.0200,20.2700,8982085,180020375.5400
2023-05-30,sz.002407,19.9800,20.3000,19.8500,20.2600,20.0200,9829830,197136351.1600
2023-05-31,sz.002407,20.2600,20.3300,19.8200,20.0000,20.2600,7913540,157992043.4500
2023-06-01,sz.002407,20.0000,20.3800,19.8100,19.9200,20.0000,9113758,183271466.0100
2023-06-02,sz.002407,19.8100,20.6200,19.7500,20.4700,19.9200,14768525,301351185.1800
2023-06-05,sz.002407,20.6500,20.7000,20.2400,20.3400,20.4700,7516718,153385663.7800
2023-06-06,sz.002407,20.3200,20.3200,19.8600,19.9200,20.3400,9166811,183539625.8400
2023-06-07,sz.002407,19.9400,20.0500,19.5300,19.6100,19.9200,8898955,175046787.3100
2023-06-08,sz.002407,19.5200,19.8000,19.3600,19.3700,19.6100,7823979,152867911.8900
2023-06-09,sz.002407,19.3300,19.7900,19.2300,19.3600,19.3700,9502736,184863551.2500
2023-06-12,sz.002407,19.3000,19.6000,19.2100,19.5100,19.3600,7467148,145009833.9200
2023-06-13,sz.002407,19.4700,19.6500,19.3500,19.5300,19.5100,6477538,126404238.1200
2023-06-14,sz.002407,19.5100,19.5900,19.2100,19.2300,19.5300,9394488,181739283.8200
2023-06-15,sz.002407,19.2300,19.9400,18.9800,19.8300,19.2300,16038042,313631801.0800
2023-06-16,sz.002407,19.8000,20.0900,19.7000,19.9600,19.8300,11425627,227478893.0700
2023-06-19,sz.002407,19.9600,20.1400,19.6800,19.7700,19.9600,9036720,179317204.6000
2023-06-20,sz.002407,19.7100,19.7700,19.5100,19.5600,19.7700,8717725,171002005.4500
2023-06-21,sz.002407,19.7400,19.9800,19.2000,19.2500,19.5600,11387054,222115847.9800
2023-06-26,sz.002407,18.9700,19.4300,18.9000,19.0700,19.2500,8945061,170970422.2500
2023-06-27,sz.002407,19.0700,19.3900,19.0100,19.3200,19.0700,7909678,152206116.3200
2023-06-28,sz.002407,19.3200,19.5300,19.0100,19.2100,19.3200,9372744,180181805.6400
2023-06-29,sz.002407,19.1900,19.2900,18.9600,18.9600,19.2100,13082847,249076560.3600
2023-06-30,sz.002407,18.9600,20.3300,18.9600,19.8600,18.9600,27535496,542905519.0300
2023-07-03,sz.002407,19.9900,20.2800,19.8900,20.0400,19.8600,15218945,305842464.6200
2023-07-04,sz.002407,20.0400,20.2500,19.8800,20.1200,20.0400,10898680,219082726.6000
2023-07-05,sz.002407,20.1200,20.3100,19.9000,19.9600,20.1200,12035504,241422506.8900
2023-07-06,sz.002407,19.9000,19.9200,19.5000,19.5700,19.9600,12802414,251707484.8800
2023-07-07,sz.002407,19.5800,19.6000,19.1800,19.2300,19.5700,8925760,172294183.9500
2023-07-10,sz.002407,19.2500,20.1800,19.2500,19.9800,19.2300,21870905,436048808.7900
2023-07-11,sz.002407,19.9200,19.9600,19.5500,19.8200,19.9800,14082265,277595328.6200
2023-07-12,sz.002407,19.8100,20.1300,19.6400,19.8400,19.8200,15820545,314850450.8400
2023-07-13,sz.002407,19.8800,20.1700,19.8300,20.0400,19.8400,14574912,291507465.0900
2023-07-14,sz.002407,19.8500,19.8700,19.3700,19.6200,20.0400,19414836,380338677.5100
2023-07-17,sz.002407,19.4700,19.5000,19.1900,19.3400,19.6200,12944544,249654847.0700
2023-07-18,sz.002407,19.3400,19.4800,19.1100,19.3900,19.3400,11950295,230331092.2900
2023-07-19,sz.002407,19.3100,19.3900,19.0000,19.0900,19.3900,11627352,222312222.7600
2023-07-20,sz.002407,19.0900,19.9500,19.0900,19.3900,19.0900,22427623,439594591.3500
2023-07-21,sz.002407,19.2200,19.6300,18.7300,19.2000,19.3900,16549106,317643982.4500
2023-07-24,sz.002407,19.0900,19.1000,18.3800,18.6200,19.2000,18625437,348156061.9900
2023-07-25,sz.002407,18.8000,19.2700,18.7000,19.1200,18.6200,16052024,305907008.9800
2023-07-26,sz.002407,19.1200,19.2400,19.0200,19.1500,19.1200,8236869,157534043.6300
2023-07-27,sz.002407,19.1500,19.2800,18.8300,18.8800,19.1500,10087692,191865526.0400
2023-07-28,sz.002407,18.8700,19.1200,18.7100,19.0900,18.8800,9294347,176329812.4000
2023-07-31,sz.002407,19.2400,20.0000,19.1900,19.6000,19.0900,27100013,531786731.9000
2023-08-01,sz.002407,19.5900,19.6600,19.3600,19.4600,19.6000,10239027,199693878.5200
2023-08-02,sz.002407,19.4600,19.6000,19.1100,19.1500,19.4600,17921953,344732878.0200
2023-08-03,sz.002407,19.1100,19.2300,18.9500,19.0600,19.1500,14103574,268563079.0800
2023-08-04,sz.002407,19.2000,19.3400,18.9700,19.0100,19.0600,16484109,314561859.3300
2023-08-07,sz.002407,19.0100,19.0400,18.3000,18.4900,19.0100,35079479,651506570.6500
2023-08-08,sz.002407,18.4900,18.8100,18.1000,18.7500,18.4900,23950547,442521951.6200
2023-08-09,sz.002407,19.0000,19.2000,18.5000,18.5100,18.7500,19317325,362828524.5700
2023-08-10,sz.002407,18.5000,18.7300,18.3500,18.3900,18.5100,10391511,191677054.8100
2023-08-11,sz.002407,18.3900,18.4800,17.9400,17.9700,18.3900,16790684,304554805.3300
2023-08-14,sz.002407,17.7500,17.7800,17.3100,17.7600,17.9700,13832429,243766072.0100
2023-08-15,sz.002407,17.7600,17.8500,17.3600,17.4300,17.7600,9865263,172765420.1900
2023-08-16,sz.002407,17.3400,17.5900,17.0200,17.0400,17.4300,12127745,209310229.8600
2023-08-17,sz.002407,17.0400,17.1500,16.7500,17.0900,17.0400,11352112,192500215.8800
2023-08-18,sz.002407,17.2100,17.4200,17.0500,17.0600,17.0900,10449270,180201813.8300
2023-08-21,sz.002407,17.0500,17.2900,16.9000,16.9600,17.0600,7582313,129592823.0300
2023-08-22,sz.002407,17.0000,17.1200,16.4900,16.7200,16.9600,12069807,201776553.3500
2023-08-23,sz.002407,16.6600,16.6600,16.2000,16.2000,16.7200,10801351,177166683.6500
2023-08-24,sz.002407,16.1800,16.3400,16.0600,16.0700,16.2000,10459780,169453069.0000
2023-08-25,sz.002407,15.9800,16.1400,15.6800,15.7700,16.0700,11392291,180983205.9000
2023-08-28,sz.002407,16.5900,16.7500,16.0500,16.1000,15.7700,20153791,331125214.2500
2023-08-29,sz.002407,16.0900,16.4600,16.0000,16.4300,16.1000,13480515,219999744.4400
2023-08-30,sz.002407,16.4400,16.5900,16.2900,16.3700,16.4300,10676412,175549643.8700
2023-08-31,sz.002407,16.3700,16.5100,16.2900,16.4000,16.3700,8718839,142872888.3300
2023-09-01,sz.002407,16.4600,16.5000,16.2900,16.4000,16.4000,7080630,115724690.8000
2023-09-04,sz.002407,16.5000,17.1700,16.4900,17.1000,16.4000,23732875,401455962.4900
2023-09-05,sz.002407,17.1100,17.3200,17.0000,17.1400,17.1000,15809228,270927362.8300
2023-09-06,sz.002407,17.1200,17.2300,16.8600,17.2000,17.1400,12548017,213629305.4800
2023-09-07,sz.002407,17.1600,17.1600,16.6800,16.7000,17.2000,13236790,222956688.7000
2023-09-08,sz.002407,16.8000,16.9400,16.6100,16.7100,16.7000,8705988,145792593.9200
2023-09-11,sz.002407,16.6100,16.9000,16.5100,16.7800,16.7100,9914247,165638673.1400
2023-09-12,sz.002407,16.8400,17.0600,16.6600,16.7900,16.7800,9921604,167055094.0900
2023-09-13,sz.002407,16.7200,16.7900,16.4600,16.5400,16.7900,9062280,150399280.6200
2023-09-14,sz.002407,16.4300,16.5800,16.3300,16.4000,16.5400,6752520,110835985.2000
2023-09-15,sz.002407,16.4400,16.5400,16.2400,16.2900,16.4000,7361528,120289009.1200
2023-09-18,sz.002407,16.2000,16.6800,16.1300,16.5000,16.2900,9398462,154922392.0300
2023-09-19,sz.002407,16.4400,16.5400,16.2100,16.2800,16.5000,6411120,104645454.2000
2023-09-20,sz.002407,16.2200,16.2900,16.0300,16.0700,16.2800,8131534,131051145.9900
2023-09-21,sz.002407,16.0500,16.1600,15.9100,15.9400,16.0700,7128484,114146850.6700
2023-09-22,sz.002407,15.9400,16.1200,15.8200,16.1000,15.9400,7547632,120787114.7500
2023-09-25,sz.002407,16.1000,16.1600,15.8200,15.9200,16.1000,8687373,138336326.5600
2023-09-26,sz.002407,15.9200,15.9400,15.6900,15.7000,15.9200,7386657,116368160.1200
2023-09-27,sz.002407,15.7500,16.2200,15.6300,16.0300,15.7000,13653269,218444654.3500
2023-09-28,sz.002407,16.0900,16.3600,15.9700,16.0500,16.0300,10505388,169195959.1600
2023-10-09,sz.002407,16.0300,16.2200,15.9700,16.0800,16.0500,9486228,152658549.9000
2023-10-10,sz.002407,16.1000,16.6800,16.0900,16.3000,16.0800,17357970,284750196.7000
2023-10-11,sz.002407,16.3400,16.4400,16.1700,16.2100,16.3000,10744884,174575268.9900
2023-10-12,sz.002407,16.3800,16.8000,16.2100,16.7100,16.2100,23142400,383362252.9400
2023-10-13,sz.002407,16.6000,16.6600,16.3600,16.4500,16.7100,11888851,195738744.5800
2023-10-16,sz.002407,16.5400,16.5800,16.0200,16.0900,16.4500,11254704,182502317.4800
2023-10-17,sz.002407,16.0800,16.3000,16.0200,16.0400,16.0900,9420615,151898520.1600
2023-10-18,sz.002407,16.0400,16.0700,15.7500,15.7900,16.0400,8333597,132047277.2100
2023-10-19,sz.002407,15.7100,15.8900,15.6100,15.6200,15.7900,8179004,128436844.4300
2023-10-20,sz.002407,15.5000,16.0400,15.4200,15.8100,15.6200,12985158,205495521.5100
2023-10-23,sz.002407,15.7000,15.7900,14.9500,14.9900,15.8100,13794246,209804698.1500
2023-10-24,sz.002407,15.0500,15.3700,15.0500,15.3100,14.9900,10910889,166310710.4600
2023-10-25,sz.002407,15.4300,15.5900,15.2800,15.2900,15.3100,9635421,148670251.9400
2023-10-26,sz.002407,15.1600,15.2300,14.8600,15.1600,15.2900,11349115,170219532.5400
2023-10-27,sz.002407,15.1000,15.8400,15.0100,15.7900,15.1600,21756595,338926713.7700
2023-10-30,sz.002407,15.7000,16.1800,15.6600,16.0800,15.7900,15405496,246443277.1000
2023-10-31,sz.002407,16.0800,16.1600,15.9000,16.0000,16.0800,8011728,128234388.4600
2023-11-01,sz.002407,16.0900,16.1000,15.8300,15.9300,16.0000,6148657,98025898.6000
2023-11-02,sz.002407,15.9000,16.0300,15.6300,15.6500,15.9300,6472374,102205678.6000
2023-11-03,sz.002407,15.6700,15.9000,15.6500,15.8400,15.6500,7681758,121438366.4200
2023-11-06,sz.002407,15.8800,16.3900,15.8800,16.2700,15.8400,15364158,249155724.9200
2023-11-07,sz.002407,16.2600,16.2600,16.0600,16.1600,16.2700,8948337,144533287.3400
2023-11-08,sz.002407,16.1100,16.2400,16.0300,16.1600,16.1600,8408875,135749772.7200
2023-11-09,sz.002407,16.2300,16.2900,16.1000,16.1400,16.1600,7946021,128569990.1400
2023-11-10,sz.002407,16.1000,16.1400,15.9400,16.0300,16.1400,5460533,87546825.1000
2023-11-13,sz.002407,16.0200,16.1400,15.9100,16.0100,16.0300,6808336,108848040.2700
2023-11-14,sz.002407,16.0100,16.1100,15.9200,16.0400,16.0100,6995451,111871070.0100
2023-11-15,sz.002407,16.1200,16.5200,16.1200,16.4000,16.0400,19659120,322353358.1300
2023-11-16,sz.002407,16.3200,16.3500,16.1200,16.1300,16.4000,10237674,165835462.1700
2023-11-17,sz.002407,16.1200,16.3200,16.0500,16.2700,16.1300,8745196,141839881.7300
2023-11-20,sz.002407,16.2800,16.4600,16.0600,16.3500,16.2700,11124579,180835986.1000
2023-11-21,sz.002407,16.3400,16.4000,16.1600,16.1900,16.3500,8069217,131432883.3200
2023-11-22,sz.002407,16.1400,16.2100,15.7700,15.7700,16.1900,11988875,191094399.6400
2023-11-23,sz.002407,15.7700,16.1800,15.7000,16.1400,15.7700,11269206,180411341.0400
2023-11-24,sz.002407,16.1200,16.1200,15.6000,15.6500,16.1400,12816300,202275395.2000
2023-11-27,sz.002407,15.6400,15.6500,15.3500,15.4500,15.6500,7748308,119660285.6900
2023-11-28,sz.002407,15.4000,15.5800,15.2400,15.5500,15.4500,7099730,109677025.3700
2023-11-29,sz.002407,15.5300,15.5500,15.1000,15.1600,15.5500,9664318,147509740.5200
2023-11-30,sz.002407,15.1100,15.2700,14.9400,14.9900,15.1600,12061479,182077249.2600
2023-12-01,sz.002407,15.0000,15.1300,14.7100,15.0600,14.9900,12453376,185756280.0800
2023-12-04,sz.002407,15.0300,15.1500,14.8900,14.9500,15.0600,8264740,124141131.9100
2023-12-05,sz.002407,14.8700,15.1200,14.8000,14.8200,14.9500,9048277,135442194.3900
2023-12-06,sz.002407,14.8100,15.4900,14.7200,15.2600,14.8200,19905170,303998794.4300
2023-12-07,sz.002407,15.1500,15.3100,14.8700,15.2000,15.2600,13761020,206959757.7000
2023-12-08,sz.002407,15.2900,15.3300,14.9400,14.9800,15.2000,9208882,138445979.2600
2023-12-11,sz.002407,14.9000,15.0500,14.6100,14.9900,14.9800,10062732,148948171.5000
2023-12-12,sz.002407,14.9800,14.9900,14.8300,14.8800,14.9900,5940760,88406244.8000
2023-12-13,sz.002407,14.8500,14.8600,14.6200,14.6300,14.8800,6701321,98545286.0300
2023-12-14,sz.002407,14.7200,14.8700,14.5600,14.5600,14.6300,6194668,90959020.8900
2023-12-15,sz.002407,14.6000,14.8200,14.4500,14.6200,14.5600,7828390,114425550.8800
2023-12-18,sz.002407,14.5500,14.5800,14.1300,14.1600,14.6200,9987926,142530287.6000
2023-12-19,sz.002407,14.1500,14.2800,14.0100,14.0900,14.1600,7182681,101555267.9800
2023-12-20,sz.002407,14.1600,14.2800,13.8700,13.8800,14.0900,7438673,104291828.8900
2023-12-21,sz.002407,13.7500,14.3300,13.7000,14.2400,13.8800,11940456,167871128.8800
2023-12-22,sz.002407,14.2300,14.4800,13.9600,14.3400,14.2400,12481110,177964317.4000
2023-12-25,sz.002407,14.3100,14.4800,14.2100,14.2800,14.3400,5940880,85087030.6000
2023-12-26,sz.002407,14.3600,14.3600,14.1600,14.2400,14.2800,5239589,74601413.2100
2023-12-27,sz.002407,14.2000,14.2800,13.9500,14.0100,14.2400,7857122,110444064.3500
2023-12-28,sz.002407,14.0100,15.0300,13.9900,14.9900,14.0100,29086811,427848322.6700
2023-12-29,sz.002407,14.9100,15.3000,14.8700,15.2200,14.9900,18394936,279409709.1200
2024-01-02,sz.002407,15.2200,15.2200,14.8500,14.8600,15.2200,13235802,198388310.9200
2024-01-03,sz.002407,14.8600,14.9900,14.8000,14.8800,14.8600,7398140,110082396.0000
2024-01-04,sz.002407,14.9300,14.9500,14.4900,14.5500,14.8800,9279434,135726615.1400
2024-01-05,sz.002407,14.4500,14.9700,14.3700,14.4500,14.5500,10811820,158387090.7500
2024-01-08,sz.002407,14.4400,14.6500,14.0500,14.0600,14.4500,9631500,137486822.3900
2024-01-09,sz.002407,14.0900,14.4400,13.8700,14.1200,14.0600,9382898,132668743.1800
2024-01-10,sz.002407,14.1000,14.4800,13.8800,14.1300,14.1200,9839319,139803791.4500
2024-01-11,sz.002407,14.1500,14.7600,14.0100,14.5600,14.1300,15782943,227423409.4200
2024-01-12,sz.002407,14.5000,14.8000,14.3100,14.5900,14.5600,10449966,153027327.6700
2024-01-15,sz.002407,14.5000,14.6400,14.2500,14.3000,14.5900,8393109,120818379.7900
2024-01-16,sz.002407,14.2600,14.5600,14.1500,14.3500,14.3000,8446208,120963584.6400
2024-01-17,sz.002407,14.3800,14.3900,13.7700,13.7800,14.3500,11115080,155752731.6000
2024-01-18,sz.002407,13.6600,13.8500,13.2700,13.8400,13.7800,13296593,180349443.6900
2024-01-19,sz.002407,13.7100,14.3100,13.6800,13.7100,13.8400,10042762,140120834.4400
2024-01-22,sz.002407,13.6600,13.6600,12.7800,12.8700,13.7100,12875601,169927226.0300
2024-01-23,sz.002407,12.8400,13.1500,12.5800,13.0500,12.8700,10005818,129594546.8600
2024-01-24,sz.002407,13.2300,13.2800,12.6200,13.1200,13.0500,11796755,152509796.5600
2024-01-25,sz.002407,13.1300,13.3700,12.9900,13.3300,13.1200,9999420,132332413.8300
2024-01-26,sz.002407,13.3100,13.4300,13.0400,13.0800,13.3300,9343430,123658244.1200
2024-01-29,sz.002407,13.1400,13.1800,12.7300,12.7300,13.0800,9611879,123638851.1500
2024-01-30,sz.002407,12.7200,12.8500,12.3700,12.4000,12.7300,8600094,108719153.6400
2024-01-31,sz.002407,12.3300,12.9500,12.1300,12.1400,12.4000,13008793,162511475.6100
2024-02-01,sz.002407,12.1300,12.1400,11.7200,11.7200,12.1400,12459392,148482702.7600
2024-02-02,sz.002407,11.7900,11.9200,10.7100,11.1600,11.7200,17432306,196940913.8500
2024-02-05,sz.002407,11.0100,11.0800,10.0500,10.5000,11.1600,22983316,242715217.9100
2024-02-06,sz.002407,10.3200,11.5500,10.3100,11.5300,10.5000,23861463,266435499.3800
2024-02-07,sz.002407,11.5500,12.6800,11.5500,12.6800,11.5300,31672659,392763603.0800
2024-02-08,sz.002407,13.0000,13.8600,12.8200,13.1300,12.6800,30402818,407414359.2100
2024-02-19,sz.002407,13.0800,13.2000,12.6900,12.8300,13.1300,21588282,277628423.6800
2024-02-20,sz.002407,12.8200,12.9700,12.5800,12.9000,12.8300,12743328,163679791.4900
2024-02-21,sz.002407,12.9000,13.2600,12.7100,12.8400,12.9000,17560304,228165012.7700
2024-02-22,sz.002407,12.8400,12.9500,12.7400,12.8600,12.8400,12151940,155930763.8000
2024-02-23,sz.002407,12.9000,12.9500,12.7500,12.9400,12.8600,14088722,181189336.7200
2024-02-26,sz.002407,12.9500,13.4600,12.9100,13.2700,12.9400,22112367,291361779.8700
2024-02-27,sz.002407,13.1500,13.6000,13.0800,13.5200,13.2700,17800760,238722756.5500
2024-02-28,sz.002407,13.5400,14.0200,13.0700,13.1100,13.5200,26611642,362776219.8500
2024-02-29,sz.002407,12.8200,13.4700,12.8000,13.2200,13.1100,26386735,349837432.2800
2024-03-01,sz.002407,13.2500,13.4000,12.9200,13.0800,13.2200,46884577,612885394.1300
2024-03-04,sz.002407,13.1100,13.5800,13.1000,13.3700,13.0800,46769088,625014031.3000
2024-03-05,sz.002407,13.2300,13.3700,13.0100,13.1000,13.3700,25254863,332154704.6700
2024-03-06,sz.002407,13.2300,13.2800,12.8600,13.0800,13.1000,21298241,277901537.9200
2024-03-07,sz.002407,13.1000,13.2000,12.8500,12.8500,13.0800,19789320,257541980.0600
2024-03-08,sz.002407,12.8100,13.0200,12.6800,12.8700,12.8500,15384883,197515117.7000
2024-03-11,sz.002407,13.4800,14.1600,13.4000,14.1600,12.8700,32539436,455440062.2500
2024-03-12,sz.002407,14.7000,14.8600,14.2000,14.3500,14.1600,91627269,1324984202.3900
2024-03-13,sz.002407,14.2800,14.5400,14.0800,14.2400,14.3500,43598893,620718543.8900
2024-03-14,sz.002407,14.1500,14.5300,13.9100,14.0500,14.2400,36942900,525531092.4600
2024-03-15,sz.002407,14.0000,14.3600,13.8400,14.3200,14.0500,37903450,535057932.6800
2024-03-18,sz.002407,14.4000,14.8000,14.3000,14.5600,14.3200,40225061,582203307.1000
2024-03-19,sz.002407,14.5300,14.6300,14.4500,14.5800,14.5600,29212532,425485966.7400
2024-03-20,sz.002407,14.5500,14.8500,14.4600,14.7300,14.5800,21843281,321103907.7800
2024-03-21,sz.002407,14.7700,15.2400,14.7700,14.8500,14.7300,32376086,484142640.2700
2024-03-22,sz.002407,14.8500,14.8500,14.3000,14.3200,14.8500,25780837,373235820.1900
2024-03-25,sz.002407,14.1600,14.3600,13.9100,13.9400,14.3200,19527474,276091390.7000
2024-03-26,sz.002407,13.9100,15.1800,13.8600,14.9800,13.9400,52796264,771322774.4500
2024-03-27,sz.002407,14.8800,14.8800,14.2700,14.3200,14.9800,39301227,571006484.9700
2024-03-28,sz.002407,14.2400,14.7400,14.1200,14.3000,14.3200,30072029,431904139.7900
2024-03-29,sz.002407,14.3000,14.5700,14.0300,14.1800,14.3000,27434195,391571093.8400
2024-04-01,sz.002407,14.2000,14.6400,14.2000,14.4700,14.1800,26940338,389723722.3300
2024-04-02,sz.002407,14.5200,15.4900,14.3900,15.1800,14.4700,69800637,1045354889.4300
2024-04-03,sz.002407,15.1800,16.3800,15.0200,15.4000,15.1800,80426814,1258748211.7600
2024-04-08,sz.002407,15.4200,16.1800,15.0100,15.0500,15.4000,60199769,938553429.1400
2024-04-09,sz.002407,14.8800,16.3300,14.8400,16.3000,15.0500,85795295,1354091266.9200
2024-04-10,sz.002407,15.9300,16.1200,15.6300,15.8800,16.3000,52142153,825607390.7600
2024-04-11,sz.002407,15.8000,15.8400,15.3300,15.5700,15.8800,39275504,611502375.0800
2024-04-12,sz.002407,15.3000,15.4000,14.6000,14.6200,15.5700,53651637,801763192.8300
2024-04-15,sz.002407,14.4000,14.9000,13.9700,14.2200,14.6200,36466402,521596378.2100
2024-04-16,sz.002407,14.1000,14.2800,13.3800,13.3900,14.2200,34287113,471154311.8900
2024-04-17,sz.002407,13.5600,14.0300,13.5600,13.9800,13.3900,26059565,362077326.6500
2024-04-18,sz.002407,13.8800,14.2700,13.6200,14.0600,13.9800,25040859,351384002.6400
2024-04-19,sz.002407,14.0000,14.1600,13.7500,13.8000,14.0600,18882379,262447237.0100
2024-04-22,sz.002407,13.7100,13.8800,13.3500,13.3700,13.8000,19443826,262389465.5500
2024-04-23,sz.002407,13.3700,13.5400,13.1000,13.1500,13.3700,16137304,213949141.3600
2024-04-24,sz.002407,13.1500,13.2600,12.8100,13.2600,13.1500,17534988,228877078.2900
2024-04-25,sz.002407,13.1500,13.6000,13.1000,13.3300,13.2600,19006461,254939874.7900
2024-04-26,sz.002407,13.0800,13.8000,12.9400,13.5900,13.3300,28405285,382022209.9500
2024-04-29,sz.002407,13.4000,14.1600,13.3900,14.0600,13.5900,31837659,442831046.1100
2024-04-30,sz.002407,14.0600,14.1300,13.7700,13.8300,14.0600,17581828,244187827.4500
2024-05-06,sz.002407,14.1000,14.3500,14.0800,14.3000,13.8300,24133760,343475465.5900
2024-05-07,sz.002407,14.2900,14.7100,14.2800,14.7000,14.3000,35649277,518247767.6600
2024-05-08,sz.002407,14.6600,14.6600,14.3200,14.3500,14.7000,21679420,313363556.4000
2024-05-09,sz.002407,14.6400,14.9000,14.5300,14.7600,14.3500,33648320,496757910.3400
2024-05-10,sz.002407,14.7000,14.7000,14.2500,14.3300,14.7600,27239820,391868568.4800
2024-05-13,sz.002407,14.2500,14.2500,13.9300,14.1500,14.3300,15876572,223579935.5400
2024-05-14,sz.002407,13.9400,14.0300,13.6800,13.7400,13.8600,15087263,208105985.3400
2024-05-15,sz.002407,13.7400,13.7800,13.4500,13.4800,13.7400,16221553,219493528.4400
2024-05-16,sz.002407,13.4800,13.6800,13.4200,13.4600,13.4800,11531880,156311825.4200
2024-05-17,sz.002407,13.6000,13.8500,13.4400,13.8400,13.4600,16665750,228097451.3100
2024-05-20,sz.002407,13.8600,13.9700,13.7100,13.7700,13.8400,14562129,201247951.4400
2024-05-21,sz.002407,13.7000,13.7500,13.4500,13.5100,13.7700,12160721,164671146.5900
2024-05-22,sz.002407,13.4600,13.6900,13.4300,13.6400,13.5100,11232626,152485145.1600
2024-05-23,sz.002407,13.6400,13.6500,13.1600,13.2300,13.6400,15768466,209577360.4400
2024-05-24,sz.002407,13.2400,13.3500,13.1500,13.1600,13.2300,9981060,132119059.6000
2024-05-27,sz.002407,13.2100,13.2800,12.9600,13.1900,13.1600,10200617,133516662.5500
2024-05-28,sz.002407,13.1900,13.3500,13.1100,13.1800,13.1900,11103698,147024304.2300
2024-05-29,sz.002407,13.1800,13.5400,13.1500,13.2900,13.1800,12275811,163697718.3300
2024-05-30,sz.002407,13.2800,13.4700,13.1800,13.3600,13.2900,10668663,142577631.1900
2024-05-31,sz.002407,13.3800,13.4500,13.2800,13.2900,13.3600,7593360,101240293.2000
2024-06-03,sz.002407,13.3000,13.4400,13.0800,13.1900,13.2900,10923406,144510705.2800
2024-06-04,sz.002407,13.2000,13.3800,12.9700,13.3400,13.1900,10628174,140384998.7000
2024-06-05,sz.002407,13.3500,13.6800,13.3100,13.4700,13.3400,17613757,238360889.1700
2024-06-06,sz.002407,13.4700,13.5700,12.9200,13.0000,13.4700,15789909,208261017.1800
2024-06-07,sz.002407,13.0700,13.1900,12.8500,12.9600,13.0000,10103687,131455386.4600
2024-06-11,sz.002407,12.9000,13.2000,12.7100,13.1500,12.9600,9783782,127377933.7400
2024-06-12,sz.002407,13.1700,13.3000,13.1300,13.2100,13.1500,7600970,100353203.6200
2024-06-13,sz.002407,13.2100,13.8100,13.2100,13.3200,13.2100,16829236,226443948.7700
2024-06-14,sz.002407,13.3000,13.4400,13.1200,13.1600,13.3200,17464408,231481425.1200
2024-06-17,sz.002407,13.0600,14.2200,12.9900,13.9500,13.1600,52163546,721236117.3800
2024-06-18,sz.002407,13.9000,14.0000,13.7800,13.9000,13.9500,16183732,224480594.2000
2024-06-19,sz.002407,13.9100,13.9500,13.5700,13.6100,13.9000,13259440,181251363.2000
2024-06-20,sz.002407,13.5800,13.6400,13.2200,13.2300,13.6100,11542196,154647969.3400
2024-06-21,sz.002407,13.2000,13.2900,13.0300,13.0900,13.2300,11580784,152131411.8800
2024-06-24,sz.002407,13.0000,13.0000,12.3600,12.4800,13.0900,18198745,229401174.1000
2024-06-25,sz.002407,12.4400,12.7900,12.3200,12.4400,12.4800,11011743,138106127.5200
2024-06-26,sz.002407,12.3800,12.6700,12.0600,12.6700,12.4400,13264737,164677610.5100
2024-06-27,sz.002407,12.5100,12.6100,12.3100,12.3100,12.6700,8879751,110253995.6500
2024-06-28,sz.002407,12.3000,12.4700,12.1800,12.2300,12.3100,9906726,122105836.3100
2024-07-01,sz.002407,12.1900,12.2900,11.8600,12.1200,12.2300,10857257,130577128.0700
2024-07-02,sz.002407,12.1200,12.2500,11.9600,12.0100,12.1200,8129432,98034667.5400
2024-07-03,sz.002407,12.0200,12.1800,11.9400,12.0800,12.0100,7095379,85523698.2600
2024-07-04,sz.002407,12.0900,12.1200,11.7500,11.7800,12.0800,9017149,107292271.3800
2024-07-05,sz.002407,11.7800,11.8000,11.6100,11.7400,11.7800,6723473,78630903.8900
2024-07-08,sz.002407,11.6800,11.6800,11.3200,11.3700,11.7400,9514340,109236351.2000
2024-07-09,sz.002407,11.3400,11.5500,11.0800,11.5100,11.3700,12640823,143321423.3200
2024-07-10,sz.002407,11.5200,11.7700,11.3300,11.3700,11.5100,11411899,131638580.9800
2024-07-11,sz.002407,11.6600,11.9300,11.5400,11.8600,11.3700,15661373,184385491.7300
2024-07-12,sz.002407,11.8700,11.8900,11.6900,11.7700,11.8600,14939218,175954398.8600
2024-07-15,sz.002407,11.7700,11.7700,11.2400,11.3000,11.7700,13246841,150894144.5800
2024-07-16,sz.002407,11.2300,11.3800,11.0600,11.1600,11.3000,14497357,161981909.2500
2024-07-17,sz.002407,11.1500,11.2200,11.0300,11.1600,11.1600,9581463,106738877.1000
2024-07-18,sz.002407,11.1500,11.1600,10.9100,11.1200,11.1600,10425799,114945590.0900
2024-07-19,sz.002407,11.0800,11.2000,10.9600,11.1000,11.1200,10200556,112957263.4000
2024-07-22,sz.002407,11.1300,11.2600,11.0000,11.0600,11.1000,9044540,100282152.8000
2024-07-23,sz.002407,11.0700,11.0800,10.6700,10.6800,11.0600,12075946,131134987.9600
2024-07-24,sz.002407,10.6200,10.7700,10.4300,10.4700,10.6800,9134091,96594666.8800
2024-07-25,sz.002407,10.4800,10.8000,10.3800,10.6600,10.4700,10048249,106752715.4100
2024-07-26,sz.002407,10.6600,10.9500,10.6400,10.8400,10.6600,7622743,82579260.7500
2024-07-29,sz.002407,10.8700,10.9200,10.5000,10.6000,10.8400,10972900,116856703.6000
2024-07-30,sz.002407,10.5900,10.6300,10.3800,10.5000,10.6000,8831380,92375179.4000
2024-07-31,sz.002407,10.5000,10.9700,10.4100,10.9600,10.5000,16411583,177168712.4000
2024-08-01,sz.002407,10.9500,11.1300,10.7600,10.8800,10.9600,12224356,133314951.5100
2024-08-02,sz.002407,10.8400,11.0200,10.7500,10.7900,10.8800,8568988,93234601.5600
2024-08-05,sz.002407,10.7000,11.0400,10.5600,10.5900,10.7900,11081720,119353139.2000
2024-08-06,sz.002407,10.7000,10.8600,10.6500,10.7900,10.5900,9816722,105658901.9800
2024-08-07,sz.002407,10.8500,10.8500,10.6200,10.6800,10.7900,7170166,76666211.4800
2024-08-08,sz.002407,10.6400,10.7600,10.5100,10.7000,10.6800,7259302,77230002.3000
2024-08-09,sz.002407,10.7500,10.8800,10.6100,10.6200,10.7000,6501437,69549989.6600
2024-08-12,sz.002407,10.6200,10.6700,10.4700,10.5100,10.6200,6254141,65855987.1500
2024-08-13,sz.002407,10.4600,10.6500,10.3700,10.5700,10.5100,6694820,70231904.8000
2024-08-14,sz.002407,10.5500,10.6100,10.2000,10.2100,10.5700,12541160,129351450.6000
2024-08-15,sz.002407,10.1800,10.3500,10.0100,10.2100,10.2100,10811282,110180597.8100
2024-08-16,sz.002407,10.1800,10.2500,10.0500,10.0600,10.2100,8652975,87431545.5700
2024-08-19,sz.002407,10.0500,10.2700,10.0100,10.0600,10.0600,8431160,85284498.8000
2024-08-20,sz.002407,10.0700,10.1300,9.7800,9.7900,10.0600,12456331,123390736.3100
2024-08-21,sz.002407,9.7000,9.9300,9.6800,9.8500,9.7900,10048064,98819699.7400
2024-08-22,sz.002407,9.8500,9.9200,9.7200,9.7400,9.8500,9160265,90097739.0000
2024-08-23,sz.002407,9.7100,9.8000,9.5700,9.6200,9.7400,9465640,91378915.8700
2024-08-26,sz.002407,9.6200,9.9500,9.6000,9.7800,9.6200,12128466,119165603.2300
2024-08-27,sz.002407,9.7300,9.7500,9.4500,9.4800,9.7800,10067761,96271386.7200
2024-08-28,sz.002407,9.4800,9.6000,9.3600,9.5800,9.4800,8393760,79800986.5000
2024-08-29,sz.002407,9.5600,9.8700,9.5100,9.8100,9.5800,11233685,109341345.3000
2024-08-30,sz.002407,9.8200,10.1700,9.6700,9.9800,9.8100,17466338,174399843.7000
2024-09-02,sz.002407,9.9800,10.0200,9.7700,9.7800,9.9800,10172273,100644296.4100
2024-09-03,sz.002407,9.8000,10.0500,9.7100,9.9800,9.7800,11781058,117122898.7600
2024-09-04,sz.002407,9.9100,10.2000,9.8800,10.0900,9.9800,14344354,144800988.2400
2024-09-05,sz.002407,10.1200,10.3000,10.0500,10.1100,10.0900,10687787,108362632.4000
2024-09-06,sz.002407,10.0900,10.1000,9.8400,9.8500,10.1100,8495580,84488061.0000
2024-09-09,sz.002407,9.8100,9.9300,9.7200,9.7900,9.8500,6936564,68055453.0800
2024-09-10,sz.002407,9.8200,9.8600,9.5200,9.7000,9.7900,8565255,82696845.2500
2024-09-11,sz.002407,9.7000,10.0800,9.6500,10.0000,9.7000,18986768,189022046.0500
2024-09-12,sz.002407,10.0200,10.1000,9.8600,9.8600,10.0000,12651661,126203824.6800
2024-09-13,sz.002407,9.8700,9.9200,9.5400,9.5400,9.8600,10729332,103565132.5200
2024-09-18,sz.002407,9.5400,9.6200,9.3000,9.4000,9.5400,8593073,80825029.8800
2024-09-19,sz.002407,9.5300,9.8600,9.3700,9.6900,9.4000,11989257,115691698.9100
2024-09-20,sz.002407,9.7000,9.7400,9.4600,9.5000,9.6900,9029980,86072451.6000
2024-09-23,sz.002407,9.5600,9.6400,9.4200,9.4500,9.5000,7381932,70118385.4400
2024-09-24,sz.002407,9.5300,10.0000,9.5300,10.0000,9.4500,26219781,257329403.6100
2024-09-25,sz.002407,10.1800,10.3500,10.0400,10.0800,10.0000,22033160,224788661.9000
2024-09-26,sz.002407,10.1000,10.5000,10.0300,10.5000,10.0800,24098976,248313355.5400
2024-09-27,sz.002407,10.6500,11.5500,10.6500,11.3800,10.5000,44976598,502366101.1000
2024-09-30,sz.002407,12.2800,12.5200,11.8900,12.5200,11.3800,55834548,687936704.9200
2024-10-08,sz.002407,13.7700,13.7700,12.9200,13.7300,12.5200,75353121,1018700204.4000
2024-10-09,sz.002407,13.5000,13.7000,12.4100,12.4400,13.7300,58979794,765946253.0200
2024-10-10,sz.002407,12.2400,12.8000,12.1000,12.2600,12.4400,34412395,428073948.0000
2024-10-11,sz.002407,12.2600,12.2600,11.4000,11.5900,12.2600,26762264,314620421.0100
2024-10-14,sz.002407,11.7900,11.8300,11.3000,11.7300,11.5900,22562047,261849752.8300
2024-10-15,sz.002407,11.7400,11.8000,11.4000,11.4200,11.7300,20106584,233306494.1500
2024-10-16,sz.002407,11.3000,11.5800,11.2200,11.4000,11.4200,17489376,199538711.5300
2024-10-17,sz.002407,11.5100,11.5700,11.1900,11.2000,11.4000,18210562,206894641.8400
2024-10-18,sz.002407,11.2300,11.8000,11.1200,11.5400,11.2000,30433398,348703181.3600
2024-10-21,sz.002407,11.7600,11.9400,11.5300,11.6700,11.5400,29932594,349800861.9200
2024-10-22,sz.002407,11.6600,11.8300,11.5800,11.8100,11.6700,26106335,305623045.5000
2024-10-23,sz.002407,11.8100,12.1300,11.6900,11.9900,11.8100,32645675,389547782.4900
2024-10-24,sz.002407,12.0000,12.0000,11.6600,11.7000,11.9900,20397076,239860101.2800
2024-10-25,sz.002407,11.7300,12.6800,11.7100,12.4800,11.7000,56402667,695395204.7900
2024-10-28,sz.002407,12.5100,12.5800,12.3100,12.5000,12.4800,30572129,380125244.9800
2024-10-29,sz.002407,12.5000,12.7800,12.1300,12.1700,12.5000,29551479,364735483.4900
2024-10-30,sz.002407,12.1600,12.2700,11.9500,12.0600,12.1700,20971534,253508778.7400
2024-10-31,sz.002407,11.8700,12.2500,11.7800,12.1500,12.0600,33548180,403849905.3600
2024-11-01,sz.002407,12.1500,12.3500,11.7600,11.9200,12.1500,27557706,330707421.7700
2024-11-04,sz.002407,11.9000,12.2800,11.9000,12.1500,11.9200,18087943,219477724.6600
2024-11-05,sz.002407,12.1900,12.7000,12.1200,12.6200,12.1500,41750206,522753809.5100
2024-11-06,sz.002407,12.6200,13.1000,12.5300,12.6200,12.6200,48262280,620113953.8400
2024-11-07,sz.002407,12.5000,12.8800,12.5000,12.8400,12.6200,34735893,443392408.6500
2024-11-08,sz.002407,12.9400,13.2500,12.8100,12.8400,12.8400,44471975,577862564.8400
2024-11-11,sz.002407,13.0600,14.1200,13.0300,14.1200,12.8400,51072965,707190853.3600
2024-11-12,sz.002407,14.8000,14.9900,14.1800,14.2900,14.1200,137125626,2006717903.6500
2024-11-13,sz.002407,14.0500,14.7500,13.8400,14.2700,14.2900,69916041,995811972.9200
2024-11-14,sz.002407,14.4800,14.5400,13.5200,13.5700,14.2700,53481917,743963257.6000
2024-11-15,sz.002407,13.5000,13.6900,13.1000,13.1000,13.5700,39657796,531439716.7700
2024-11-18,sz.002407,13.3200,13.4500,12.8100,12.9300,13.1000,36075580,473133937.0000
2024-11-19,sz.002407,12.9300,13.5700,12.8300,13.5500,12.9300,42769894,566152173.9400
2024-11-20,sz.002407,13.4500,13.8300,13.3600,13.7100,13.5500,43867616,599423789.6100
2024-11-21,sz.002407,13.7000,14.9700,13.6700,14.5500,13.7100,102316632,1484873975.6600
2024-11-22,sz.002407,14.3600,14.4200,13.8000,13.8100,14.5500,59948908,845683664.9000
2024-11-25,sz.002407,13.9900,14.5300,13.5900,13.8400,13.8100,49231672,686941770.9900
2024-11-26,sz.002407,13.7500,13.8200,13.2300,13.3900,13.8400,37910190,509075705.1700
2024-11-27,sz.002407,13.3300,13.5500,12.9200,13.5300,13.3900,32623590,430992441.1000
2024-11-28,sz.002407,13.5300,13.5600,13.1900,13.2200,13.5300,29560932,393664343.7800
2024-11-29,sz.002407,13.2200,13.4300,13.0000,13.2500,13.2200,31598822,417537715.0900
2024-12-02,sz.002407,13.2500,13.6000,13.0600,13.5500,13.2500,31920640,427744191.4200
2024-12-03,sz.002407,13.6100,13.6100,13.2200,13.3300,13.5500,23722438,316408398.7500
2024-12-04,sz.002407,13.5100,13.5400,13.1000,13.1600,13.3300,25266208,335170033.2600
2024-12-05,sz.002407,13.1600,13.3200,13.1100,13.2000,13.1600,18353778,242576409.3200
2024-12-06,sz.002407,13.1900,13.3300,12.9200,13.2700,13.2000,24752240,325713378.8000
2024-12-09,sz.002407,13.2500,13.9800,13.1500,13.8000,13.2700,55295583,754338473.6500
2024-12-10,sz.002407,14.1700,14.2500,13.6000,13.6300,13.8000,42972786,594023065.2000
2024-12-11,sz.002407,13.5800,13.7400,13.5100,13.6700,13.6300,19927858,272128775.9400
2024-12-12,sz.002407,13.6700,13.6900,13.3800,13.5900,13.6700,22110154,299344239.2000
2024-12-13,sz.002407,13.5700,13.5700,13.2000,13.2300,13.5900,23462969,312334258.8200
2024-12-16,sz.002407,13.1900,13.2300,12.9000,12.9600,13.2300,18984539,247544063.0000
2024-12-17,sz.002407,12.9100,13.0800,12.8500,12.8700,12.9600,14250198,184463047.6600
2024-12-18,sz.002407,12.8900,12.9900,12.8100,12.8500,12.8700,10453174,134545950.6800
2024-12-19,sz.002407,12.7500,12.9500,12.6200,12.8700,12.8500,12480614,159273611.5600
2024-12-20,sz.002407,12.8900,13.0200,12.8500,12.9500,12.8700,9796013,126913568.9100
2024-12-23,sz.002407,12.9400,13.3300,12.6300,13.1400,12.9500,27864720,362178166.1100
2024-12-24,sz.002407,13.1000,13.2900,13.0000,13.1400,13.1400,16763516,220186532.1900
2024-12-25,sz.002407,13.1500,13.1800,12.7000,12.7100,13.1400,15178583,194741764.7800
2024-12-26,sz.002407,12.7000,12.8800,12.6900,12.6900,12.7100,10252270,130936659.7000
2024-12-27,sz.002407,12.7300,12.9400,12.6300,12.7800,12.6900,11967514,153415459.9600
2024-12-30,sz.002407,12.7300,12.7700,12.4800,12.4900,12.7800,13624182,171555017.5000
2024-12-31,sz.002407,12.4800,12.5300,11.9500,12.0000,12.4900,20222980,246242757.2000
2025-01-02,sz.002407,12.0400,12.1000,11.4800,11.6000,12.0000,15768883,185625189.5900
2025-01-03,sz.002407,11.6200,11.7400,11.3700,11.4100,11.6000,13667773,157931937.9600
2025-01-06,sz.002407,11.4100,11.6600,11.3500,11.4700,11.4100,11452370,131623344.9000
2025-01-07,sz.002407,11.4400,11.5800,11.3600,11.5600,11.4700,9078921,104266961.2400
2025-01-08,sz.002407,11.5200,11.5200,11.0800,11.3800,11.5600,13635999,154224696.0100
2025-01-09,sz.002407,11.3000,11.5100,11.2700,11.4500,11.3800,8713760,99790468.6000
2025-01-10,sz.002407,11.4500,11.5400,11.1300,11.1400,11.4500,9035380,102218407.2000
2025-01-13,sz.002407,11.0000,11.3200,10.9200,11.2500,11.1400,9416482,105234541.4600
2025-01-14,sz.002407,11.2600,11.6400,11.2200,11.6100,11.2500,13684549,156927229.2500
2025-01-15,sz.002407,11.6200,11.6500,11.4600,11.5400,11.6100,10676482,123405177.0600
2025-01-16,sz.002407,11.5700,11.8300,11.5000,11.6000,11.5400,11956463,139263486.3100
2025-01-17,sz.002407,11.6200,11.7300,11.5700,11.6600,11.6000,8365760,97479269.8000
2025-01-20,sz.002407,11.7400,11.9200,11.7100,11.7500,11.6600,9894834,116546815.3500
2025-01-21,sz.002407,11.8600,11.8700,11.5600,11.6500,11.7500,8196051,95644006.2500
2025-01-22,sz.002407,11.6100,11.7500,11.5200,11.5700,11.6500,7965196,92454158.0400
2025-01-23,sz.002407,11.4800,11.6100,11.1000,11.1000,11.5700,25368591,287305739.0900
2025-01-24,sz.002407,11.1300,11.5400,11.0800,11.4400,11.1000,20176237,229895580.3100
2025-01-27,sz.002407,11.4700,11.6500,11.2800,11.2800,11.4400,10369820,118526697.3500
2025-02-05,sz.002407,11.3700,11.4500,11.2600,11.3400,11.2800,10107061,114751858.8500
2025-02-06,sz.002407,11.3000,11.6800,11.2700,11.6800,11.3400,15566771,180095045.9700
2025-02-07,sz.002407,11.6800,12.0600,11.6300,11.9400,11.6800,20765737,247192494.8200
2025-02-10,sz.002407,11.9700,12.0100,11.7800,11.9800,11.9400,15510379,184683082.1600
2025-02-11,sz.002407,12.0000,12.0100,11.7600,11.8300,11.9800,12891150,152385845.4000
2025-02-12,sz.002407,11.7700,12.1100,11.7400,12.0200,11.8300,17144841,204323952.3700
2025-02-13,sz.002407,12.0900,12.4400,12.0100,12.0200,12.0200,20303567,247120174.5800
2025-02-14,sz.002407,12.2300,12.7300,12.2000,12.2400,12.0200,28766034,355736539.5800
2025-02-17,sz.002407,12.1900,12.2600,12.0300,12.1000,12.2400,18765443,227201377.7200
2025-02-18,sz.002407,12.2200,12.3900,11.9800,12.0400,12.1000,23788030,290460641.1000
2025-02-19,sz.002407,12.0400,12.1800,11.9000,12.1400,12.0400,16788457,202691956.4400
2025-02-20,sz.002407,12.1400,12.1600,11.9900,12.0700,12.1400,14181434,171100833.2800
2025-02-21,sz.002407,12.0700,12.1700,12.0300,12.1200,12.0700,17188557,208336224.1800
2025-02-24,sz.002407,12.1000,12.3000,12.0000,12.1500,12.1200,21490817,260532923.7300
2025-02-25,sz.002407,12.0600,12.2800,12.0000,12.1400,12.1500,18004607,218986385.9100
2025-02-26,sz.002407,12.1500,12.3700,12.1500,12.3500,12.1400,22178179,272661063.7400
2025-02-27,sz.002407,12.4000,12.6300,12.2800,12.5900,12.3500,32811034,409452990.8500
2025-02-28,sz.002407,12.5400,12.5700,12.1600,12.1900,12.5900,24053150,297678495.7000
2025-03-03,sz.002407,12.2800,12.8800,12.2600,12.7700,12.1900,46186008,586717364.0400
2025-03-04,sz.002407,12.7300,12.7300,12.4200,12.5600,12.7700,29386870,367605871.6000
2025-03-05,sz.002407,12.5000,12.5100,12.2200,12.3400,12.5600,20507579,252562018.2800
2025-03-06,sz.002407,12.4200,12.4900,12.3200,12.3900,12.3400,20373686,252727041.5200
2025-03-07,sz.002407,12.3300,12.3600,12.1500,12.2000,12.3900,19594260,239654876.6200
2025-03-10,sz.002407,12.1900,12.3000,12.1000,12.2300,12.2000,13670202,166499549.9800
2025-03-11,sz.002407,12.1100,12.2400,12.0400,12.2400,12.2300,12855938,155957548.3400
2025-03-12,sz.002407,12.2500,13.2000,12.1500,12.5900,12.2400,52336736,668350511.0200
2025-03-13,sz.002407,12.5200,12.8000,12.4900,12.6500,12.5900,32795241,414563325.0600
2025-03-14,sz.002407,12.6000,12.6900,12.4300,12.6900,12.6500,29720234,373784753.9800
2025-03-17,sz.002407,12.7000,12.8400,12.6000,12.7400,12.6900,22114359,281823280.6500
2025-03-18,sz.002407,12.7800,12.8700,12.6300,12.6800,12.7400,17407910,221426900.8900
2025-03-19,sz.002407,12.6400,12.6700,12.4200,12.4700,12.6800,15592380,195024848.6000
2025-03-20,sz.002407,12.4900,12.5300,12.3500,12.3700,12.4700,13354580,166100605.0000
2025-03-21,sz.002407,12.3600,12.4200,12.2200,12.2800,12.3700,14540364,179360862.3700
2025-03-24,sz.002407,12.2900,12.3400,12.0000,12.1800,12.2800,14156088,171669656.5500
2025-03-25,sz.002407,12.1800,12.4500,12.1200,12.4500,12.1800,16181284,199360637.0300
2025-03-26,sz.002407,12.4500,12.4800,12.3600,12.3600,12.4500,12615987,156633627.3900
2025-03-27,sz.002407,12.3100,12.4400,12.1500,12.2300,12.3600,11197574,137499038.8200
2025-03-28,sz.002407,12.2500,12.2700,11.9800,11.9800,12.2300,14754701,178249583.6500
2025-03-31,sz.002407,11.9800,12.0400,11.6600,11.9000,11.9800,12050455,143006937.3500
2025-04-01,sz.002407,11.9100,11.9900,11.8700,11.9300,11.9000,7108660,84880401.2000
2025-04-02,sz.002407,11.9300,12.0300,11.9000,11.9500,11.9300,5582541,66814239.6500
2025-04-03,sz.002407,11.8900,12.0100,11.8100,11.9500,11.9500,6550140,78109076.6400
2025-04-07,sz.002407,11.4400,11.4400,10.7600,10.7600,11.9500,21811433,239969017.6800
2025-04-08,sz.002407,10.7600,10.9900,10.6300,10.7900,10.7600,18166671,195748189.3400
2025-04-09,sz.002407,10.7200,10.9000,10.1000,10.8200,10.7900,19017666,200745422.6000
2025-04-10,sz.002407,11.0000,11.2000,10.9500,10.9900,10.8200,15082060,166783543.2000
2025-04-11,sz.002407,10.8600,11.1200,10.8600,11.0000,10.9900,10420796,114768307.5200
2025-04-14,sz.002407,11.2000,11.2400,11.0900,11.1200,11.0000,8717870,97117631.8000
2025-04-15,sz.002407,11.1400,11.2300,11.0500,11.1000,11.1200,8188088,91148130.7600
2025-04-16,sz.002407,11.0500,11.1000,10.8600,11.0400,11.1000,8378813,92187290.3500
2025-04-17,sz.002407,10.9500,11.1400,10.9100,10.9900,11.0400,5488970,60748774.7000
2025-04-18,sz.002407,10.9000,11.0900,10.9000,11.0000,10.9900,5610600,61587060.2000
2025-04-21,sz.002407,11.0700,11.2000,10.9900,11.1300,11.0000,8288200,92061260.2000
2025-04-22,sz.002407,11.2300,11.6300,11.0900,11.3300,11.1300,17062078,193177513.0400
2025-04-23,sz.002407,11.3300,11.4000,11.1900,11.3200,11.3300,13429310,151520440.9000
2025-04-24,sz.002407,11.3800,11.7400,11.3500,11.5600,11.3200,23828108,276226912.1400
2025-04-25,sz.002407,11.5500,11.6600,11.4800,11.5300,11.5600,11954722,138139252.4600
2025-04-28,sz.002407,11.5200,11.5200,11.2900,11.3000,11.5300,10742476,122165426.2800
2025-04-29,sz.002407,11.2500,11.5200,11.2500,11.4700,11.3000,9956947,113998784.4700
2025-04-30,sz.002407,11.5100,11.6600,11.4500,11.6200,11.4700,13874080,160390529.2000
2025-05-06,sz.002407,11.6900,11.8500,11.5600,11.8400,11.6200,16917605,198106500.6600
2025-05-07,sz.002407,11.9000,11.9700,11.7600,11.8900,11.8400,16691787,197732433.7700
2025-05-08,sz.002407,11.8300,11.9800,11.7600,11.8900,11.8900,11580360,137775656.4000
2025-05-09,sz.002407,11.8500,11.9200,11.7700,11.8300,11.8900,8452630,100043077.1000
2025-05-12,sz.002407,11.8900,11.9900,11.8700,11.9800,11.8300,11321800,135297243.8000
2025-05-13,sz.002407,12.0100,12.1000,11.9100,11.9700,11.9800,11404448,136758279.8800
2025-05-14,sz.002407,11.9700,12.0800,11.9100,12.0100,11.9700,10374308,124313571.4200
2025-05-15,sz.002407,11.9400,12.1100,11.8700,11.9000,12.0100,11144780,133379738.4400
2025-05-16,sz.002407,11.8600,11.9800,11.8300,11.8700,11.9000,6627417,78934258.1000
2025-05-19,sz.002407,11.8700,11.9700,11.7500,11.9400,11.8700,9243490,109601276.4000
2025-05-20,sz.002407,11.9400,11.9700,11.8300,11.8500,11.9400,7645080,90740290.0000
2025-05-21,sz.002407,11.8600,12.0400,11.8400,11.8800,11.8500,13400397,159743813.3300
2025-05-22,sz.002407,11.8500,11.8800,11.6400,11.6400,11.8800,11449847,134239360.4900
2025-05-23,sz.002407,11.6500,11.8100,11.5900,11.5900,11.6400,8910173,104389350.8600
2025-05-26,sz.002407,11.5900,11.7000,11.5500,11.6100,11.5900,6792993,78955263.4000
2025-05-27,sz.002407,11.6100,11.7900,11.5200,11.7400,11.6100,8776215,102223520.6900
2025-05-28,sz.002407,11.7500,11.7800,11.4600,11.5000,11.7400,8095280,93626787.6000
2025-05-29,sz.002407,11.5000,11.6900,11.4500,11.6400,11.5000,7465039,86753785.1800
2025-05-30,sz.002407,11.6600,11.6700,11.4700,11.5000,11.6400,7193548,82921881.4400
2025-06-03,sz.002407,11.4200,11.5200,11.4000,11.4600,11.5000,6488500,74448396.2500
2025-06-04,sz.002407,11.4900,11.6300,11.4800,11.5400,11.4600,7325002,84662460.0800
2025-06-05,sz.002407,11.5400,11.5800,11.4200,11.4900,11.5400,7751013,88857422.0600
2025-06-06,sz.002407,11.5000,12.0800,11.4500,11.7900,11.4900,31742166,376644232.7400
2025-06-09,sz.002407,11.7800,11.9500,11.7100,11.9500,11.7900,19419485,230598644.4500
2025-06-10,sz.002407,11.9500,11.9800,11.7300,11.8200,11.9500,14808541,175768978.7900
2025-06-11,sz.002407,11.8800,12.1000,11.8200,11.9600,11.8200,19032887,228567255.8800
2025-06-12,sz.002407,11.9600,11.9800,11.7900,11.8700,11.9600,12680930,150159191.5000
2025-06-13,sz.002407,11.8100,11.8700,11.6100,11.6200,11.8700,23723718,277908051.4400
2025-06-16,sz.002407,11.6000,11.6200,11.2600,11.3000,11.6200,27717481,314688378.3900
2025-06-17,sz.002407,11.3600,11.5700,11.2800,11.4500,11.3000,18057628,206801101.2400
2025-06-18,sz.002407,11.4000,11.4100,11.1900,11.3600,11.4500,13071079,147515239.2400
2025-06-19,sz.002407,11.3600,11.5600,11.2300,11.2600,11.3600,13711244,156092277.0000
2025-06-20,sz.002407,11.2600,11.5500,11.2200,11.2700,11.2600,18062769,206170226.6500
2025-06-23,sz.002407,11.2700,11.4800,11.1300,11.4700,11.2700,12928645,147019803.7000
2025-06-24,sz.002407,11.5000,12.0000,11.4800,11.9900,11.4700,32675521,387007504.8000
2025-06-25,sz.002407,12.0100,12.1300,11.9600,12.0700,11.9900,24245089,292013564.9100
2025-06-26,sz.002407,12.0800,12.2700,12.0100,12.0200,12.0700,22872280,277911562.8000
2025-06-27,sz.002407,12.0300,12.3600,12.0000,12.0200,12.0200,18680034,226591919.3400
2025-06-30,sz.002407,12.0200,12.2000,11.9400,12.1900,12.0200,17312878,209713515.0900
2025-07-01,sz.002407,12.1900,12.2000,11.9000,12.0500,12.1900,15742712,189041618.0700
2025-07-02,sz.002407,12.0500,12.1100,11.9300,12.1000,12.0500,14486145,174279551.2500
2025-07-03,sz.002407,12.1000,12.2400,11.9900,12.2200,12.1000,16981810,206268154.7000
2025-07-04,sz.002407,12.2200,12.2200,12.0000,12.0400,12.2200,15244480,183910717.4200
2025-07-07,sz.002407,12.0900,12.1000,11.9900,12.0500,12.0400,11257860,135584711.6000
2025-07-08,sz.002407,12.0900,12.3600,12.0500,12.3000,12.0500,21219258,259663471.9100
2025-07-09,sz.002407,12.1600,12.2500,12.0200,12.0600,12.1100,16245071,196760417.7300
2025-07-10,sz.002407,12.0900,12.3000,12.0400,12.1700,12.0600,18186705,221242355.1600
2025-07-11,sz.002407,12.2200,12.2600,12.1100,12.1700,12.1700,16872417,205629130.0400
2025-07-14,sz.002407,12.2500,12.3800,12.1500,12.2100,12.1700,16286665,199417144.5000
2025-07-15,sz.002407,12.2100,12.2400,11.9800,12.0100,12.2100,16857673,203461118.8700
2025-07-16,sz.002407,12.0100,12.0500,11.8900,11.9200,12.0100,11908150,142399963.4000
2025-07-17,sz.002407,11.9600,12.1700,11.9100,12.1700,11.9200,16590120,199805820.3000
2025-07-18,sz.002407,12.2300,12.7900,12.1900,12.4300,12.1700,44231694,551267948.5400
2025-07-21,sz.002407,12.5600,12.6000,12.4000,12.5000,12.4300,24134148,301427833.9600
2025-07-22,sz.002407,12.5400,12.7000,12.4400,12.6400,12.5000,29413451,369931716.5300
2025-07-23,sz.002407,12.6400,12.7200,12.4400,12.4500,12.6400,23271416,292750540.1200
2025-07-24,sz.002407,12.4300,13.0000,12.3900,12.9400,12.4500,53952374,690984871.2200
2025-07-25,sz.002407,12.9700,13.2400,12.9000,12.9300,12.9400,42021261,547968460.1700
2025-07-28,sz.002407,12.9000,13.1400,12.6800,12.9700,12.9300,29540936,382089187.4900
2025-07-29,sz.002407,13.0000,13.0300,12.7900,12.9000,12.9700,22438362,289071026.3200
2025-07-30,sz.002407,12.9200,12.9700,12.6600,12.7400,12.9000,20992300,269010954.4000
2025-07-31,sz.002407,12.7800,12.8100,12.3500,12.4200,12.7400,25268236,316778376.7300
2025-08-01,sz.002407,12.5000,12.6300,12.4200,12.4500,12.4200,15719680,196410878.0000
2025-08-04,sz.002407,12.4500,12.4500,12.3200,12.4100,12.4500,14472910,179053173.8000
2025-08-05,sz.002407,12.4900,12.6000,12.3900,12.4400,12.4100,19472014,242676859.6000
2025-08-06,sz.002407,12.4700,12.6900,12.3800,12.6700,12.4400,25349462,318635927.5100
2025-08-07,sz.002407,12.6300,12.6900,12.4200,12.4900,12.6700,22088329,276588617.3300
2025-08-08,sz.002407,12.5000,12.5800,12.4000,12.4400,12.4900,19147859,239143035.6900
2025-08-11,sz.002407,12.7300,12.8500,12.5800,12.8400,12.4400,42120281,536876101.9300
2025-08-12,sz.002407,12.8100,12.8200,12.5700,12.7200,12.8400,26197174,332070565.5200
2025-08-13,sz.002407,12.7000,12.8300,12.6500,12.7600,12.7200,23264006,296369872.5700
2025-08-14,sz.002407,12.8400,12.8800,12.4500,12.5100,12.7600,27045544,342392909.7400
2025-08-15,sz.002407,12.4600,12.9500,12.4500,12.8900,12.5100,32694438,418377859.5900
2025-08-18,sz.002407,13.0000,13.4000,13.0000,13.1700,12.8900,45973750,607872347.2400
2025-08-19,sz.002407,13.2000,13.3800,13.0000,13.1500,13.1700,34236740,451028707.8100
2025-08-20,sz.002407,13.1300,13.4400,13.0400,13.2600,13.1500,28749318,380037942.2200
2025-08-21,sz.002407,13.4100,13.4600,13.1600,13.2300,13.2600,33712469,448423640.9300
2025-08-22,sz.002407,13.2000,13.3900,13.1800,13.2600,13.2300,35661937,473815302.1400
2025-08-25,sz.002407,13.3500,14.1800,13.2700,13.8400,13.2600,86994140,1194500882.7200
2025-08-26,sz.002407,13.5000,13.7200,13.3400,13.6000,13.8400,56872238,770471114.2000
2025-08-27,sz.002407,13.5900,13.7000,13.1800,13.1800,13.6000,49584838,667567937.4300
2025-08-28,sz.002407,13.1800,13.3400,12.7600,13.1800,13.1800,38275974,500529507.9100
2025-08-29,sz.002407,13.2000,13.7300,13.1200,13.4900,13.1800,50860172,685973206.3800
2025-09-01,sz.002407,13.6500,13.6700,13.4000,13.5500,13.4900,31842982,430319567.2200
2025-09-02,sz.002407,13.5500,13.6400,13.2500,13.3000,13.5500,32585558,436847428.5800
2025-09-03,sz.002407,13.3800,13.6000,13.1500,13.2100,13.3000,31753922,424679200.3700
2025-09-04,sz.002407,13.2400,14.0000,13.2200,13.8100,13.2100,94339251,1289873584.7300
2025-09-05,sz.002407,13.7000,15.1900,13.7000,15.1900,13.8100,73780405,1100649994.8000
2025-09-08,sz.002407,16.2400,16.7100,15.6400,16.7100,15.1900,244271970,3964159701.0100
2025-09-09,sz.002407,16.7400,18.3000,16.7000,17.6000,16.7100,294461037,5200633906.8000
2025-09-10,sz.002407,17.0100,18.2500,16.9100,16.9700,17.6000,232291295,4038615275.9100
2025-09-11,sz.002407,16.5900,17.9800,16.4100,17.6700,16.9700,225718818,3932447968.2300
2025-09-12,sz.002407,17.5900,17.8200,16.7000,17.1000,17.6700,164627742,2820858170.3400
2025-09-15,sz.002407,17.1000,18.8100,17.1000,17.7700,17.1000,227642709,4131156035.7100
2025-09-16,sz.002407,17.7500,17.8000,17.0100,17.5700,17.7700,142400717,2470553878.1400
2025-09-17,sz.002407,17.3800,17.4800,16.9200,16.9600,17.5700,118275843,2024097574.8200
2025-09-18,sz.002407,16.8600,17.2800,16.3000,16.4100,16.9600,144368876,2401919526.5300
2025-09-19,sz.002407,16.3100,16.6800,16.1100,16.1800,16.4100,77662953,1272959555.2100
2025-09-22,sz.002407,16.1400,16.4800,16.0000,16.2800,16.1800,54239750,877521625.1600
2025-09-23,sz.002407,16.3100,16.3900,15.6000,16.0200,16.2800,72621609,1156456799.5600
2025-09-24,sz.002407,15.9100,17.1800,15.8200,17.0200,16.0200,126608968,2110708961.3900
2025-09-25,sz.002407,16.8700,17.0200,16.6500,16.6700,17.0200,76753288,1288897626.9800
2025-09-26,sz.002407,16.5500,17.9800,16.4300,17.6400,16.6700,155658642,2684799951.4500
2025-09-29,sz.002407,18.7900,19.4000,18.7900,19.4000,17.6400,55253901,1063536909.3500
2025-09-30,sz.002407,19.6600,21.2800,19.5300,20.5000,19.4000,259459853,5327312613.9900
2025-10-09,sz.002407,20.9000,21.0800,20.1300,20.3700,20.5000,197730871,4070399951.5600
2025-10-10,sz.002407,20.3800,20.6200,18.7000,18.9300,20.3700,145556927,2802703736.1700
2025-10-13,sz.002407,18.0700,20.8200,18.0600,20.8200,18.9300,168838916,3361888131.4200
2025-10-14,sz.002407,21.0700,21.6000,19.9200,20.1500,20.8200,173957814,3629103536.2400
2025-10-15,sz.002407,20.4800,20.9200,20.2000,20.5800,20.1500,116422557,2391749038.1300
2025-10-16,sz.002407,20.6600,21.8000,20.3000,20.4400,20.5800,122228737,2565559068.5300
2025-10-17,sz.002407,20.0200,21.4000,20.0200,20.2700,20.4400,128505308,2649242783.5400
2025-10-20,sz.002407,20.6800,22.2000,20.1500,21.4800,20.2700,168010042,3566285364.5000
2025-10-21,sz.002407,21.3600,22.1500,20.9100,21.0200,21.4800,160437345,3438033703.3300
2025-10-22,sz.002407,20.8200,20.8800,19.4000,19.6500,21.0200,131030641,2600898511.6800
2025-10-23,sz.002407,19.6500,21.6200,19.6500,21.4000,19.6500,190922104,3944925366.8200
2025-10-24,sz.002407,21.0100,21.4700,20.6600,21.3300,21.4000,152618849,3204752787.5800
2025-10-27,sz.002407,21.4700,22.6000,21.1700,21.7700,21.3300,168016385,3649881551.4300
2025-10-28,sz.002407,21.8200,23.9500,21.6600,23.9500,21.7700,221737301,5179793916.1300
2025-10-29,sz.002407,24.9000,25.4900,24.1300,24.9400,23.9500,255791348,6330083319.3200
2025-10-30,sz.002407,24.9500,26.9500,24.9500,26.5000,24.9400,244505600,6408155684.6400
2025-10-31,sz.002407,26.5000,29.1500,25.9700,28.4000,26.5000,270484520,7662133328.0900
2025-11-03,sz.002407,27.8400,28.0000,25.9500,27.3100,28.4000,211768337,5695739821.6000
2025-11-04,sz.002407,27.0000,28.8800,27.0000,27.8300,27.3100,204040029,5732331408.5700
2025-11-05,sz.002407,26.3100,29.6000,26.1600,29.5900,27.8300,224180558,6334172931.3900
2025-11-06,sz.002407,29.4000,29.4700,28.5600,29.1800,29.5900,161658641,4683099844.9300
2025-11-07,sz.002407,29.9800,32.1000,29.2500,32.1000,29.1800,228987528,7154216695.5400
2025-11-10,sz.002407,34.0200,35.2700,32.4500,32.9400,32.1000,294295094,9994936226.1200
2025-11-11,sz.002407,33.0100,35.0000,32.0800,33.3400,32.9400,245835738,8191995185.4000
2025-11-12,sz.002407,31.9100,35.0000,30.5600,34.2700,33.3400,237162869,7752495969.5500
2025-11-13,sz.002407,33.5100,37.7000,33.5100,37.7000,34.2700,258239702,9413634174.0900
2025-11-14,sz.002407,37.5300,39.8900,36.5100,38.2900,37.7000,259190409,9870070597.0800
2025-11-17,sz.002407,38.3800,41.9900,37.2000,40.6500,38.2900,234430137,9170700186.9400
2025-11-18,sz.002407,40.2500,40.2500,36.5900,36.5900,40.6500,224476341,8562978536.3500
2025-11-19,sz.002407,36.6100,38.1100,34.3900,38.0200,36.5900,250652499,9143329426.6000
2025-11-20,sz.002407,37.6400,38.7000,34.2200,34.2200,38.0200,223040159,8117846544.3200
2025-11-21,sz.002407,32.3300,34.9000,32.0000,32.1000,34.2200,218566120,7217574282.1000
2025-11-24,sz.002407,32.4300,32.5600,30.5100,31.1200,32.1000,186353893,5823909176.7300
2025-11-25,sz.002407,31.7000,33.7800,30.7000,33.3800,31.1200,215801696,6997456356.1400
2025-11-26,sz.002407,33.5000,33.7200,32.0000,32.3900,33.3800,152297582,4966278220.6900
2025-11-27,sz.002407,32.0300,33.7400,31.9300,32.3900,32.3900,157495243,5184492391.1700
2025-11-28,sz.002407,31.8000,34.6900,31.7000,34.5500,32.3900,198161493,6692833305.8300
2025-12-01,sz.002407,34.5700,36.9900,34.1600,34.5000,34.5500,218643565,7770965080.1300
2025-12-02,sz.002407,33.3300,34.1500,32.7800,32.9700,34.5000,131041384,4340236668.5200
2025-12-03,sz.002407,32.9600,33.9600,31.5000,32.0100,32.9700,125770336,4098362251.4500
2025-12-04,sz.002407,31.9200,32.6200,31.5300,31.7400,32.0100,87443391,2799709797.7900
2025-12-05,sz.002407,31.3900,31.8800,30.8500,30.9600,31.7400,100584362,3131505008.9600
2025-12-08,sz.002407,29.6400,31.7900,29.6400,31.6100,30.9600,115749436,3577655646.5600
2025-12-09,sz.002407,31.3300,32.2600,30.8000,31.5900,31.6100,85865052,2711790940.5500
2025-12-10,sz.002407,31.6100,32.2700,30.5100,31.4500,31.5900,99410739,3118385642.8700
2025-12-11,sz.002407,31.6500,33.1900,31.6500,32.0300,31.4500,146292755,4764448697.9800
2025-12-12,sz.002407,32.2700,32.6000,28.8300,29.4400,32.0300,194632277,5759813798.3100
2025-12-15,sz.002407,29.0900,29.9300,28.8100,29.2400,29.4400,96368593,2825822887.6500
2025-12-16,sz.002407,29.0100,29.3300,27.6500,28.1500,29.2400,105707402,2984280269.6300
2025-12-17,sz.002407,28.7100,30.3700,28.4500,30.0100,28.1500,152294683,4503241654.4800
2025-12-18,sz.002407,29.5400,30.1100,28.5000,28.5600,30.0100,103972815,3041635794.7100
2025-12-19,sz.002407,28.5300,29.2500,28.1200,29.0100,28.5600,88727891,2552402010.6900
2025-12-22,sz.002407,29.2300,30.2600,29.2300,29.5500,29.0100,81979068,2444060844.5500
2025-12-23,sz.002407,29.5600,32.5100,29.5000,32.5100,29.5500,175255881,5524474798.3400
2025-12-24,sz.002407,33.0100,34.9300,32.9000,34.1600,32.5100,235367966,8020423676.0000
2025-12-25,sz.002407,33.5500,34.9400,33.2600,34.1200,34.1600,176840659,6016287028.5500
2025-12-26,sz.002407,35.1100,37.5300,34.5600,36.9500,34.1200,266276169,9592575553.3900
2025-12-29,sz.002407,36.0000,36.0000,33.2600,33.9700,36.9500,221196903,7578263913.3900
2025-12-30,sz.002407,32.7500,34.9700,32.3700,34.1900,33.9700,161589987,5437964658.5600
2025-12-31,sz.002407,33.6100,34.8900,33.5000,33.9100,34.1900,118414308,4037555957.0100
