date,code,open,high,low,close,preclose,volume,amount
2019-01-02,sz.000012,3.9900,4.0400,3.9800,3.9800,3.9900,3565811,14278027.3300
2019-01-03,sz.000012,4.0000,4.0400,3.9800,4.0100,3.9800,4342044,17432605.2900
2019-01-04,sz.000012,4.0100,4.1100,3.9900,4.1000,4.0100,5975518,24285959.3500
2019-01-07,sz.000012,4.1000,4.1500,4.1000,4.1300,4.1000,7062150,29110407.5000
2019-01-08,sz.000012,4.1200,4.1600,4.1100,4.1300,4.1300,4810417,19902195.7900
2019-01-09,sz.000012,4.1500,4.2000,4.1200,4.1300,4.1300,7917973,32975899.5200
2019-01-10,sz.000012,4.1200,4.2000,4.1200,4.1500,4.1300,6579303,27414839.8800
2019-01-11,sz.000012,4.1500,4.1800,4.1200,4.1700,4.1500,6191445,25728498.9600
2019-01-14,sz.000012,4.1800,4.2000,4.1300,4.1500,4.1700,5402146,22466843.0500
2019-01-15,sz.000012,4.1600,4.2000,4.1300,4.1900,4.1500,7639326,31831439.2800
2019-01-16,sz.000012,4.1800,4.2200,4.1600,4.1800,4.1900,4700300,19681486.7400
2019-01-17,sz.000012,4.1900,4.1900,4.1400,4.1500,4.1800,6416491,26736881.8000
2019-01-18,sz.000012,4.1600,4.2100,4.1600,4.2100,4.1500,8121099,34024888.8600
2019-01-21,sz.000012,4.2400,4.2500,4.1800,4.1900,4.2100,6131610,25763510.7900
2019-01-22,sz.000012,4.1800,4.2000,4.1000,4.1200,4.1900,5975961,24737031.9700
2019-01-23,sz.000012,4.1100,4.1500,4.1000,4.1200,4.1200,4577763,18873865.3700
2019-01-24,sz.000012,4.1100,4.1500,4.0600,4.1400,4.1200,6448988,26534386.6300
2019-01-25,sz.000012,4.1300,4.1700,4.1200,4.1400,4.1400,4645712,19272063.0300
2019-01-28,sz.000012,4.1600,4.2000,4.1200,4.1300,4.1400,6701851,27879941.6200
2019-01-29,sz.000012,4.1700,4.5000,4.1400,4.3300,4.1300,31500492,135197917.4400
2019-01-30,sz.000012,4.3400,4.3400,4.1900,4.2100,4.3300,16441139,69857091.1500
2019-01-31,sz.000012,4.1700,4.2500,4.0400,4.0800,4.2100,13714148,56712721.3400
2019-02-01,sz.000012,4.1100,4.1800,4.0800,4.1500,4.0800,7458215,30869854.4600
2019-02-11,sz.000012,4.1700,4.2900,4.1600,4.2800,4.1500,10163157,42988899.0600
2019-02-12,sz.000012,4.2600,4.4900,4.2400,4.4300,4.2800,27626188,120550966.6500
2019-02-13,sz.000012,4.4400,4.8700,4.4000,4.7100,4.4300,70225114,329332908.5100
2019-02-14,sz.000012,4.6500,4.7900,4.6100,4.6600,4.7100,44909520,210186796.6300
2019-02-15,sz.000012,4.6500,4.7200,4.5700,4.6100,4.6600,28241634,131066032.2700
2019-02-18,sz.000012,4.6700,4.8400,4.6100,4.8200,4.6100,46475962,220674426.3400
2019-02-19,sz.000012,5.0000,5.0000,4.7200,4.8000,4.8200,50141852,243591810.0100
2019-02-20,sz.000012,4.8000,4.8000,4.6700,4.7600,4.8000,26362128,124489844.9500
2019-02-21,sz.000012,4.7200,4.7600,4.6000,4.6500,4.7600,30766665,144107115.7400
2019-02-22,sz.000012,4.6300,4.7400,4.6000,4.7300,4.6500,23028184,107693119.8400
2019-02-25,sz.000012,4.7700,4.9800,4.7400,4.9700,4.7300,53275644,260417111.2200
2019-02-26,sz.000012,5.0000,5.1700,4.9100,4.9800,4.9700,56715686,284008003.5500
2019-02-27,sz.000012,4.9300,5.0500,4.8600,4.9100,4.9800,29651028,147320098.8700
2019-02-28,sz.000012,4.9100,5.0000,4.8900,4.9300,4.9100,17417721,85979509.3400
2019-03-01,sz.000012,4.9600,4.9700,4.8700,4.9700,4.9300,17444338,86082847.6500
2019-03-04,sz.000012,5.0000,5.1100,4.9800,5.0100,4.9700,36451261,183887372.2100
2019-03-05,sz.000012,5.0100,5.1900,4.9700,5.1900,5.0100,42698458,218737941.6500
2019-03-06,sz.000012,5.2000,5.5600,5.1500,5.4400,5.1900,58470628,315703991.5800
2019-03-07,sz.000012,5.4600,5.9800,5.3900,5.9800,5.4400,85648464,492329232.4800
2019-03-08,sz.000012,5.8100,6.2900,5.6800,5.7900,5.9800,81912577,487596539.7500
2019-03-11,sz.000012,5.8000,6.0300,5.6700,5.9200,5.7900,46182101,270828931.2300
2019-03-12,sz.000012,5.9800,6.0800,5.7800,5.9100,5.9200,49282936,290894610.9200
2019-03-13,sz.000012,5.9100,5.9200,5.6100,5.6800,5.9100,35053260,201142538.6000
2019-03-14,sz.000012,5.6000,5.7100,5.3600,5.4500,5.6800,31273608,172092988.3900
2019-03-15,sz.000012,5.4900,5.6200,5.4300,5.5700,5.4500,24287265,134282411.7700
2019-03-18,sz.000012,5.5300,5.6500,5.4000,5.6500,5.5700,25027441,138920593.5500
2019-03-19,sz.000012,5.6400,5.7300,5.5600,5.6000,5.6500,19277863,108566584.1500
2019-03-20,sz.000012,5.6300,5.6400,5.4600,5.5900,5.6000,16332002,90763855.8200
2019-03-21,sz.000012,5.6100,5.7900,5.5900,5.6800,5.5900,28071171,159825032.0300
2019-03-22,sz.000012,5.7200,5.8200,5.6200,5.7200,5.6800,19790879,112893029.9400
2019-03-25,sz.000012,5.6000,5.7000,5.4800,5.5600,5.7200,24181619,135568928.4800
2019-03-26,sz.000012,5.5600,5.6300,5.3200,5.3400,5.5600,23909755,130955733.6200
2019-03-27,sz.000012,5.3900,5.4600,5.3200,5.4500,5.3400,19508893,105716015.4900
2019-03-28,sz.000012,5.4100,5.5400,5.3800,5.3900,5.4500,13300752,72873229.0900
2019-03-29,sz.000012,5.4200,5.5600,5.3300,5.5400,5.3900,18575281,101587937.2700
2019-04-01,sz.000012,5.5700,5.7600,5.5600,5.7200,5.5400,26037343,148359893.8100
2019-04-02,sz.000012,5.7100,5.9200,5.7100,5.7600,5.7200,31498510,183070203.9800
2019-04-03,sz.000012,5.7300,5.8200,5.6800,5.8200,5.7600,19313556,111590966.2600
2019-04-04,sz.000012,5.8200,5.8800,5.7200,5.8100,5.8200,22116056,128270976.7100
2019-04-08,sz.000012,5.8300,5.9100,5.6800,5.7600,5.8100,24439051,141814064.7700
2019-04-09,sz.000012,5.7700,5.7800,5.6500,5.7300,5.7600,16822891,96207010.1400
2019-04-10,sz.000012,5.7100,5.7500,5.5900,5.6300,5.7300,18808034,106719301.2600
2019-04-11,sz.000012,5.6600,5.7400,5.5600,5.5800,5.6300,17514685,99038863.2500
2019-04-12,sz.000012,5.6000,5.6200,5.5000,5.5600,5.5800,12782324,71093836.4400
2019-04-15,sz.000012,5.6200,5.6800,5.5200,5.5200,5.5600,11731129,65904668.1100
2019-04-16,sz.000012,5.5200,5.6400,5.4200,5.6300,5.5200,13913608,77044261.6100
2019-04-17,sz.000012,5.6000,5.6800,5.5700,5.6400,5.6300,15826651,89189300.8700
2019-04-18,sz.000012,5.6100,5.6100,5.4600,5.4800,5.6400,14333746,79408446.3900
2019-04-19,sz.000012,5.4800,5.5300,5.3600,5.4700,5.4800,16565558,90039686.6200
2019-04-22,sz.000012,5.4800,5.5200,5.3900,5.4300,5.4700,13367503,72999169.4000
2019-04-23,sz.000012,5.3900,5.4300,5.2500,5.2700,5.4300,15636922,83051181.8900
2019-04-24,sz.000012,5.2800,5.3900,5.2100,5.3500,5.2700,12829014,68136620.9000
2019-04-25,sz.000012,5.3300,5.3500,5.1100,5.1300,5.3500,15559411,81313546.9300
2019-04-26,sz.000012,5.1300,5.1500,4.9600,4.9700,5.1300,16913512,85101743.2500
2019-04-29,sz.000012,4.9800,5.0100,4.7400,4.7500,4.9700,15894775,77050545.4800
2019-04-30,sz.000012,4.7900,4.9400,4.7700,4.9000,4.7500,11838579,57721849.6700
2019-05-06,sz.000012,4.8500,4.8500,4.5200,4.6200,4.9000,19383409,90418323.6300
2019-05-07,sz.000012,4.6400,4.6900,4.6000,4.6700,4.6200,10992251,51146899.9100
2019-05-08,sz.000012,4.6100,4.7300,4.5600,4.6400,4.6700,8771642,40866415.4800
2019-05-09,sz.000012,4.5700,4.6600,4.5600,4.6000,4.6400,8749854,40308631.7200
2019-05-10,sz.000012,4.6200,4.7400,4.5600,4.7100,4.6000,10670264,49888690.4400
2019-05-13,sz.000012,4.7000,4.7000,4.6300,4.6700,4.7100,7215225,33632946.9800
2019-05-14,sz.000012,4.6200,4.6600,4.6000,4.6000,4.6700,6911005,31947688.2200
2019-05-15,sz.000012,4.6300,4.7000,4.6300,4.6700,4.6000,7100741,33102527.7400
2019-05-16,sz.000012,4.6900,4.8000,4.6700,4.8000,4.6700,12354538,58629334.0300
2019-05-17,sz.000012,4.8000,4.8100,4.5800,4.6100,4.8000,11580082,54294789.6200
2019-05-20,sz.000012,4.6900,4.7000,4.5900,4.6900,4.6100,9236613,42994885.6600
2019-05-21,sz.000012,4.6500,4.7700,4.6500,4.7100,4.6900,10423347,49101939.7100
2019-05-22,sz.000012,4.7100,4.7400,4.6400,4.6600,4.7100,8451792,39693382.7700
2019-05-23,sz.000012,4.6400,4.6900,4.5800,4.6000,4.6600,6722594,31165126.3800
2019-05-24,sz.000012,4.5900,4.6400,4.5800,4.5900,4.6000,5522630,25404510.8200
2019-05-27,sz.000012,4.5800,4.6900,4.5500,4.6700,4.5900,6972918,32275312.9700
2019-05-28,sz.000012,4.6600,4.7100,4.6100,4.6300,4.6700,6953210,32507210.8300
2019-05-29,sz.000012,4.6100,4.6900,4.6000,4.6200,4.6300,5574201,25899232.0200
2019-05-30,sz.000012,4.6100,4.6400,4.5700,4.6200,4.6200,7147967,32927430.2100
2019-05-31,sz.000012,4.5800,4.7100,4.5800,4.6600,4.6200,7199080,33543435.6500
2019-06-03,sz.000012,4.6400,4.6800,4.5500,4.5700,4.6600,8492086,39042595.8300
2019-06-04,sz.000012,4.5700,4.5900,4.5000,4.5200,4.5700,5948893,27002526.5900
2019-06-05,sz.000012,4.5500,4.5800,4.5000,4.5000,4.5200,5897391,26715714.9700
2019-06-06,sz.000012,4.4900,4.5000,4.3000,4.3400,4.5000,10684675,46722864.3200
2019-06-10,sz.000012,4.3400,4.4100,4.3400,4.3600,4.3400,5239975,22912892.8000
2019-06-11,sz.000012,4.5500,4.7500,4.5500,4.7200,4.3600,21898673,102191452.9600
2019-06-12,sz.000012,4.6300,4.7100,4.6100,4.6200,4.7200,14404291,66917697.9100
2019-06-13,sz.000012,4.6000,4.6500,4.5600,4.6100,4.6200,9245234,42623353.6400
2019-06-14,sz.000012,4.6100,4.6700,4.4900,4.5000,4.6100,9839448,45001756.2800
2019-06-17,sz.000012,4.5100,4.5500,4.4600,4.4900,4.5000,6113369,27567209.3400
2019-06-18,sz.000012,4.4900,4.5100,4.4400,4.4900,4.4900,5173833,23174901.5100
2019-06-19,sz.000012,4.5500,4.6000,4.5100,4.5200,4.4900,10023404,45713486.4500
2019-06-20,sz.000012,4.5400,4.6400,4.5300,4.6400,4.5200,13237082,60940761.3700
2019-06-21,sz.000012,4.7400,4.7400,4.6500,4.6900,4.6400,11572614,54174994.1800
2019-06-24,sz.000012,4.6900,4.7000,4.6500,4.6900,4.6900,7115846,33242409.0600
2019-06-25,sz.000012,4.7000,4.7000,4.5700,4.6600,4.6900,8211142,37977674.8700
2019-06-26,sz.000012,4.2200,4.2400,4.1800,4.2300,4.1900,12234656,51493767.2300
2019-06-27,sz.000012,4.2300,4.2500,4.2000,4.2100,4.2300,9585073,40486840.6400
2019-06-28,sz.000012,4.2100,4.2200,4.1200,4.1600,4.2100,6841699,28477367.0500
2019-07-01,sz.000012,4.2200,4.4200,4.2100,4.3500,4.1600,22073332,94950278.2500
2019-07-02,sz.000012,4.3100,4.3300,4.2600,4.2900,4.3500,11959607,51358319.5800
2019-07-03,sz.000012,4.2900,4.2900,4.2200,4.2400,4.2900,7997594,33914156.6000
2019-07-04,sz.000012,4.2300,4.3100,4.2200,4.2500,4.2400,6351118,27066963.7400
2019-07-05,sz.000012,4.2500,4.2900,4.2200,4.2700,4.2500,5135806,21895017.3100
2019-07-08,sz.000012,4.2500,4.2600,4.1000,4.1300,4.2700,11296120,46978110.1500
2019-07-09,sz.000012,4.1000,4.1600,4.1000,4.1400,4.1300,3986344,16495314.5700
2019-07-10,sz.000012,4.1500,4.1700,4.1000,4.1000,4.1400,5293831,21797364.6900
2019-07-11,sz.000012,4.1100,4.1600,4.1000,4.1200,4.1000,4237914,17493303.5800
2019-07-12,sz.000012,4.1200,4.1700,4.1200,4.1500,4.1200,5065218,21026283.5200
2019-07-15,sz.000012,4.1600,4.2000,4.0800,4.1900,4.1500,7750419,32207826.8900
2019-07-16,sz.000012,4.1900,4.2300,4.1800,4.2200,4.1900,6018190,25316100.4100
2019-07-17,sz.000012,4.2200,4.2700,4.2000,4.2400,4.2200,6625544,28083462.0900
2019-07-18,sz.000012,4.2100,4.2200,4.1600,4.1600,4.2400,5944740,24870485.5600
2019-07-19,sz.000012,4.1700,4.2600,4.1700,4.2100,4.1600,7310903,30919014.7600
2019-07-22,sz.000012,4.2600,4.2600,4.1300,4.1500,4.2100,7437253,30980018.9700
2019-07-23,sz.000012,4.1500,4.1800,4.1300,4.1700,4.1500,3996202,16610829.9900
2019-07-24,sz.000012,4.1700,4.2200,4.1700,4.2100,4.1700,5094292,21421085.0500
2019-07-25,sz.000012,4.2200,4.2600,4.1900,4.2100,4.2100,6681680,28228377.1700
2019-07-26,sz.000012,4.2200,4.2400,4.1900,4.2200,4.2100,4915837,20714888.6500
2019-07-29,sz.000012,4.2300,4.2500,4.1800,4.1800,4.2200,3681708,15464259.4600
2019-07-30,sz.000012,4.1800,4.2500,4.1800,4.2000,4.1800,5941868,25076955.3800
2019-07-31,sz.000012,4.2000,4.2200,4.1900,4.2000,4.2000,4801237,20178215.8400
2019-08-01,sz.000012,4.2000,4.2200,4.1500,4.1600,4.2000,6006954,25090304.1900
2019-08-02,sz.000012,4.1000,4.1200,4.0500,4.0800,4.1600,7995913,32651882.8400
2019-08-05,sz.000012,4.0700,4.1000,4.0000,4.0100,4.0800,7162608,28939210.0100
2019-08-06,sz.000012,3.9500,3.9900,3.8400,3.9000,4.0100,11788664,45942785.9500
2019-08-07,sz.000012,3.9100,3.9300,3.8900,3.9000,3.9000,3663899,14321326.2400
2019-08-08,sz.000012,3.9100,3.9500,3.9100,3.9200,3.9000,3880283,15237182.9200
2019-08-09,sz.000012,3.9500,3.9600,3.8500,3.8600,3.9200,4452930,17329667.9200
2019-08-12,sz.000012,3.8700,3.9300,3.8700,3.9300,3.8600,3185028,12434251.9700
2019-08-13,sz.000012,3.9000,3.9200,3.8900,3.9000,3.9300,2405955,9398419.9200
2019-08-14,sz.000012,3.9400,3.9600,3.9000,3.9100,3.9000,4388558,17264986.4000
2019-08-15,sz.000012,3.8600,3.9000,3.8200,3.8900,3.9100,5292793,20402621.4900
2019-08-16,sz.000012,3.8900,3.9200,3.8600,3.9000,3.8900,4465909,17385336.1500
2019-08-19,sz.000012,4.0200,4.1300,4.0200,4.1000,3.9000,19499688,79612260.4000
2019-08-20,sz.000012,4.1200,4.2100,4.0800,4.1200,4.1000,18394304,76335842.0800
2019-08-21,sz.000012,4.1400,4.2300,4.1000,4.2100,4.1200,19175917,80307844.5400
2019-08-22,sz.000012,4.2400,4.2700,4.1600,4.2600,4.2100,18186346,76783213.1100
2019-08-23,sz.000012,4.2600,4.2600,4.1600,4.2000,4.2600,12815588,53794721.2600
2019-08-26,sz.000012,4.1200,4.3800,4.1000,4.3300,4.2000,24104715,102312337.0200
2019-08-27,sz.000012,4.3200,4.3700,4.2600,4.3000,4.3300,25680925,110660315.8400
2019-08-28,sz.000012,4.2800,4.3000,4.2200,4.2300,4.3000,12102375,51364554.7300
2019-08-29,sz.000012,4.2300,4.2800,4.2100,4.2200,4.2300,9442460,40100393.8700
2019-08-30,sz.000012,4.2600,4.2600,4.1200,4.1600,4.2200,10053421,42122636.2900
2019-09-02,sz.000012,4.1500,4.2600,4.1400,4.2500,4.1600,10646755,44978126.9100
2019-09-03,sz.000012,4.2500,4.3000,4.2300,4.2700,4.2500,9696262,41303896.5200
2019-09-04,sz.000012,4.2700,4.3000,4.2400,4.3000,4.2700,11411788,48784167.6500
2019-09-05,sz.000012,4.3500,4.3900,4.2800,4.2800,4.3000,19156096,83120150.8900
2019-09-06,sz.000012,4.3000,4.3300,4.2700,4.2900,4.2800,9028230,38755082.3700
2019-09-09,sz.000012,4.3200,4.3400,4.3000,4.3300,4.2900,10134979,43767031.9300
2019-09-10,sz.000012,4.3000,4.3300,4.2600,4.3000,4.3300,10859652,46566845.8000
2019-09-11,sz.000012,4.3300,4.3400,4.2800,4.3100,4.3000,10024422,43202601.0500
2019-09-12,sz.000012,4.3200,4.5300,4.2800,4.4800,4.3100,35780318,158834197.3400
2019-09-16,sz.000012,4.4900,4.7300,4.4600,4.6600,4.4800,41959094,194084550.4800
2019-09-17,sz.000012,4.6600,4.6600,4.4800,4.5300,4.6600,23718576,107781674.2600
2019-09-18,sz.000012,4.5500,4.6200,4.4300,4.4500,4.5300,21128432,95126720.2500
2019-09-19,sz.000012,4.4700,4.6100,4.4500,4.6100,4.4500,23202930,105931003.5100
2019-09-20,sz.000012,4.6300,4.6500,4.5300,4.5500,4.6100,18417395,84234790.5500
2019-09-23,sz.000012,4.5500,4.5700,4.4600,4.5100,4.5500,12671011,56934720.1900
2019-09-24,sz.000012,4.4900,4.5300,4.4200,4.4400,4.5100,12241389,54800530.5600
2019-09-25,sz.000012,4.4300,4.4300,4.3100,4.3300,4.4400,9966421,43339529.2700
2019-09-26,sz.000012,4.3500,4.3700,4.2100,4.2300,4.3300,9453102,40522369.1600
2019-09-27,sz.000012,4.2300,4.2900,4.2300,4.2600,4.2300,7263191,30912847.4600
2019-09-30,sz.000012,4.2700,4.3000,4.2200,4.2200,4.2600,5971407,25346073.9400
2019-10-08,sz.000012,4.2600,4.3100,4.2200,4.2600,4.2200,5258755,22447128.5700
2019-10-09,sz.000012,4.2500,4.3300,4.2300,4.3200,4.2600,6111557,26262158.4500
2019-10-10,sz.000012,4.3200,4.3600,4.3000,4.3400,4.3200,6768186,29293157.5700
2019-10-11,sz.000012,4.3500,4.4600,4.3400,4.4300,4.3400,12148137,53534738.3100
2019-10-14,sz.000012,4.4700,4.5800,4.4700,4.5400,4.4300,17042367,77328155.0000
2019-10-15,sz.000012,4.5100,4.5300,4.4800,4.4900,4.5400,10983090,49478515.6300
2019-10-16,sz.000012,4.4800,4.5800,4.4800,4.5000,4.4900,7802285,35385377.5800
2019-10-17,sz.000012,4.5000,4.5200,4.4400,4.4700,4.5000,6726509,30130492.0700
2019-10-18,sz.000012,4.4900,4.6200,4.4400,4.4500,4.4700,15502043,70094352.3600
2019-10-21,sz.000012,4.4300,4.4700,4.4000,4.4300,4.4500,7969107,35276140.3300
2019-10-22,sz.000012,4.4300,4.6200,4.4300,4.5800,4.4300,18546950,84717614.7100
2019-10-23,sz.000012,4.5500,4.5800,4.5000,4.5100,4.5800,10664107,48374879.1900
2019-10-24,sz.000012,4.5200,4.5600,4.4600,4.4900,4.5100,7507982,33734588.3200
2019-10-25,sz.000012,4.4900,4.5300,4.4700,4.5300,4.4900,6904797,31090761.0100
2019-10-28,sz.000012,4.6000,4.6000,4.4700,4.4900,4.5300,13220421,59587695.1300
2019-10-29,sz.000012,4.4900,4.5000,4.3500,4.3500,4.4900,11745955,51729473.4300
2019-10-30,sz.000012,4.3500,4.3500,4.3000,4.3300,4.3500,7919347,34208321.4700
2019-10-31,sz.000012,4.3500,4.3900,4.3300,4.3300,4.3300,5998986,26133371.7400
2019-11-01,sz.000012,4.3300,4.3900,4.2500,4.3700,4.3300,7114328,30840917.2400
2019-11-04,sz.000012,4.3800,4.4700,4.3700,4.4400,4.3700,8928207,39550751.8100
2019-11-05,sz.000012,4.4400,4.4700,4.4100,4.4300,4.4400,6623046,29411852.9000
2019-11-06,sz.000012,4.4500,4.4600,4.3900,4.4200,4.4300,7338909,32520134.2600
2019-11-07,sz.000012,4.4400,4.4800,4.3900,4.4400,4.4200,6372821,28317582.0500
2019-11-08,sz.000012,4.4500,4.5100,4.4400,4.4700,4.4400,8824331,39462108.1700
2019-11-11,sz.000012,4.4400,4.4400,4.3000,4.3100,4.4700,8786885,38270831.9500
2019-11-12,sz.000012,4.3200,4.3700,4.2900,4.3300,4.3100,4864468,21044571.5600
2019-11-13,sz.000012,4.3300,4.3800,4.3300,4.3600,4.3300,4632808,20174488.4300
2019-11-14,sz.000012,4.3600,4.4300,4.3400,4.3900,4.3600,7079620,31150344.8700
2019-11-15,sz.000012,4.3900,4.4300,4.3200,4.3200,4.3900,6187535,27074736.9200
2019-11-18,sz.000012,4.3200,4.3600,4.3000,4.3300,4.3200,5079520,22002778.0700
2019-11-19,sz.000012,4.3300,4.4000,4.3300,4.3900,4.3300,6911234,30222266.4900
2019-11-20,sz.000012,4.3900,4.4200,4.3500,4.3900,4.3900,7148016,31386644.9100
2019-11-21,sz.000012,4.3800,4.3900,4.3300,4.3400,4.3900,5053418,21975586.1800
2019-11-22,sz.000012,4.3400,4.4000,4.2600,4.2900,4.3400,9033051,39054224.2800
2019-11-25,sz.000012,4.2900,4.3700,4.2700,4.3700,4.2900,7507150,32510680.6800
2019-11-26,sz.000012,4.3900,4.4000,4.3300,4.3400,4.3700,5383436,23458038.4500
2019-11-27,sz.000012,4.3400,4.3800,4.3200,4.3700,4.3400,4473876,19503504.7700
2019-11-28,sz.000012,4.3600,4.3900,4.3400,4.3500,4.3700,4284285,18695639.0300
2019-11-29,sz.000012,4.3700,4.3900,4.3200,4.3700,4.3500,5393644,23517270.6800
2019-12-02,sz.000012,4.3700,4.4600,4.3600,4.4500,4.3700,10206627,45230833.4300
2019-12-03,sz.000012,4.4400,4.5000,4.4200,4.5000,4.4500,8978932,40067437.2000
2019-12-04,sz.000012,4.5000,4.5000,4.4500,4.4700,4.5000,8696094,38895492.1600
2019-12-05,sz.000012,4.4800,4.5400,4.4600,4.5300,4.4700,10366604,46760907.7300
2019-12-06,sz.000012,4.5100,4.5900,4.4900,4.5400,4.5300,10680695,48332256.3500
2019-12-09,sz.000012,4.5800,4.6100,4.4500,4.5000,4.5400,11511804,51877355.2800
2019-12-10,sz.000012,4.4800,4.5200,4.4500,4.5000,4.5000,7155117,32101689.1100
2019-12-11,sz.000012,4.5200,4.5200,4.4300,4.4500,4.5000,7208689,32161657.0400
2019-12-12,sz.000012,4.4700,4.5700,4.4700,4.4800,4.4500,14933901,67513738.3600
2019-12-13,sz.000012,4.5200,4.5600,4.4900,4.5600,4.4800,16142477,73175988.4200
2019-12-16,sz.000012,4.5900,4.6100,4.5100,4.5700,4.5600,16663840,75748349.6500
2019-12-17,sz.000012,4.5500,4.8000,4.5400,4.7800,4.5700,43974601,207656457.9700
2019-12-18,sz.000012,4.7800,4.8100,4.7000,4.7300,4.7800,27657792,131285903.9000
2019-12-19,sz.000012,4.7300,4.9700,4.6900,4.8700,4.7300,38473948,186662010.9800
2019-12-20,sz.000012,4.8500,4.9400,4.7800,4.7900,4.8700,25060597,121578488.9200
2019-12-23,sz.000012,4.7900,4.8600,4.6800,4.7100,4.7900,21590529,102644298.7200
2019-12-24,sz.000012,4.6900,4.7700,4.6900,4.7500,4.7100,11099842,52632344.0000
2019-12-25,sz.000012,4.7600,4.7800,4.6800,4.7100,4.7500,12756357,60220401.6000
2019-12-26,sz.000012,4.7200,4.8700,4.6900,4.8200,4.7100,22507956,108299517.9500
2019-12-27,sz.000012,4.9100,4.9100,4.7600,4.7700,4.8200,21385646,103247932.9700
2019-12-30,sz.000012,4.7200,5.1200,4.7000,5.0500,4.7700,56229668,280122609.8200
2019-12-31,sz.000012,4.9900,5.0600,4.9300,5.0100,5.0500,29931728,149421247.9600
2020-01-02,sz.000012,5.0100,5.0800,4.9900,5.0400,5.0100,33246401,166913437.0700
2020-01-03,sz.000012,5.0800,5.0800,4.9600,5.0000,5.0400,19362258,96790301.9400
2020-01-06,sz.000012,4.9200,5.0300,4.9000,4.9800,5.0000,21915608,109274423.7200
2020-01-07,sz.000012,5.0000,5.1200,4.9800,5.0300,4.9800,21481535,108092801.5700
2020-01-08,sz.000012,4.9900,5.0200,4.8700,4.8800,5.0300,25478925,126119424.0700
2020-01-09,sz.000012,4.9400,5.1200,4.9400,5.0600,4.8800,52406563,264253127.6100
2020-01-10,sz.000012,5.1500,5.1900,5.0200,5.1300,5.0600,45266834,230591599.4800
2020-01-13,sz.000012,5.0900,5.0900,4.9300,5.0700,5.1300,31642760,158961579.2300
2020-01-14,sz.000012,5.0400,5.1300,5.0200,5.0800,5.0700,26708479,135508890.7900
2020-01-15,sz.000012,5.0400,5.0600,4.9300,4.9600,5.0800,21549962,107257323.7300
2020-01-16,sz.000012,4.9800,5.0000,4.8500,4.8600,4.9600,19852849,97407750.8300
2020-01-17,sz.000012,4.8800,4.9000,4.8300,4.8400,4.8600,13986017,68092545.0500
2020-01-20,sz.000012,4.8200,4.9100,4.8200,4.9000,4.8400,13343676,65068822.0600
2020-01-21,sz.000012,4.8800,4.8900,4.7400,4.7600,4.9000,16465305,78899114.5600
2020-01-22,sz.000012,4.7300,4.8200,4.6400,4.7700,4.7600,14248484,67479432.1300
2020-01-23,sz.000012,4.7300,4.7600,4.5500,4.6000,4.7700,21115312,97959752.3300
2020-02-03,sz.000012,4.1400,4.1400,4.1400,4.1400,4.6000,5334500,22084830.0000
2020-02-04,sz.000012,3.7800,4.1400,3.7800,4.0500,4.1400,27988313,112784451.5300
2020-02-05,sz.000012,4.0600,4.2000,4.0400,4.1000,4.0500,23369107,96393076.3700
2020-02-06,sz.000012,4.1100,4.1700,4.0600,4.1700,4.1000,19124862,78873803.7500
2020-02-07,sz.000012,4.1500,4.1800,4.0900,4.1500,4.1700,16442227,67925892.4800
2020-02-10,sz.000012,4.1500,4.3500,4.1200,4.3400,4.1500,28291982,120815939.8300
2020-02-11,sz.000012,4.3000,4.6700,4.2800,4.5700,4.3400,45977951,207248465.8900
2020-02-12,sz.000012,4.7000,4.8400,4.6000,4.7900,4.5700,54630008,258799238.7100
2020-02-13,sz.000012,4.8800,5.1700,4.8300,5.0000,4.7900,87239670,435498756.0100
2020-02-14,sz.000012,4.8500,4.9200,4.7100,4.7700,5.0000,58049946,279518054.6200
2020-02-17,sz.000012,4.6600,4.8400,4.6500,4.8300,4.7700,40109045,191570537.1900
2020-02-18,sz.000012,4.8400,5.1200,4.7600,4.9600,4.8300,59371985,294654889.7500
2020-02-19,sz.000012,5.0100,5.4500,4.9300,5.3100,4.9600,112525379,582979431.5200
2020-02-20,sz.000012,5.3500,5.3500,5.1100,5.3200,5.3100,81739715,426752469.1500
2020-02-21,sz.000012,5.2400,5.5400,5.1800,5.3400,5.3200,78910933,422869583.9800
2020-02-24,sz.000012,5.2500,5.6700,5.1900,5.6000,5.3400,101619144,551820788.5400
2020-02-25,sz.000012,5.4900,6.1600,5.4100,6.1600,5.6000,138739128,832694789.4300
2020-02-26,sz.000012,6.3300,6.6700,5.8100,5.9800,6.1600,202534501,1284958754.8400
2020-02-27,sz.000012,5.8300,6.1000,5.5100,5.5200,5.9800,121808939,694116137.2600
2020-02-28,sz.000012,5.2500,5.3200,5.0000,5.0600,5.5200,95283924,490471772.5500
2020-03-02,sz.000012,5.1500,5.4600,5.1400,5.3900,5.0600,74417436,395674483.8000
2020-03-03,sz.000012,5.5200,5.6200,5.2600,5.3700,5.3900,77685100,423670346.8300
2020-03-04,sz.000012,5.2100,5.4200,5.2000,5.3900,5.3700,49758859,264631326.6500
2020-03-05,sz.000012,5.5400,5.7700,5.4700,5.7000,5.3900,90309521,510182584.1300
2020-03-06,sz.000012,5.5500,5.9800,5.5100,5.7500,5.7000,88058717,509906929.9800
2020-03-09,sz.000012,5.5500,5.7500,5.3700,5.3800,5.7500,61566085,340590206.0600
2020-03-10,sz.000012,5.2100,5.5000,5.1000,5.4400,5.3800,57780839,306856386.2000
2020-03-11,sz.000012,5.4700,5.4800,5.2000,5.2000,5.4400,44814295,238416342.6400
2020-03-12,sz.000012,5.1300,5.2100,5.0300,5.0900,5.2000,32065916,163599791.0700
2020-03-13,sz.000012,4.8300,5.0300,4.7600,4.9600,5.0900,39085134,191334840.2100
2020-03-16,sz.000012,5.0300,5.0900,4.6700,4.7100,4.9600,37711545,184434468.2100
2020-03-17,sz.000012,4.7600,4.8500,4.5300,4.7500,4.7100,27391222,128576536.9800
2020-03-18,sz.000012,4.8000,4.9200,4.6500,4.6600,4.7500,29593028,142193988.4700
2020-03-19,sz.000012,4.7200,4.8200,4.6300,4.8000,4.6600,29767516,140691071.4600
2020-03-20,sz.000012,4.9000,4.9200,4.7000,4.7900,4.8000,22368581,107047214.2400
2020-03-23,sz.000012,4.6600,4.7500,4.4800,4.5400,4.7900,25280513,116567266.1900
2020-03-24,sz.000012,4.6300,4.6500,4.4400,4.6100,4.5400,19459230,88964669.9500
2020-03-25,sz.000012,4.7000,4.7600,4.6600,4.7600,4.6100,23833073,112407062.3900
2020-03-26,sz.000012,4.7400,4.7400,4.6000,4.6300,4.7600,17080667,79559753.4500
2020-03-27,sz.000012,4.6700,4.7000,4.6100,4.6200,4.6300,12790516,59526859.0100
2020-03-30,sz.000012,4.5400,4.5400,4.3700,4.4200,4.6200,20075460,88996247.1800
2020-03-31,sz.000012,4.4900,4.5100,4.3700,4.3900,4.4200,12115147,53553352.7100
2020-04-01,sz.000012,4.4000,4.4600,4.3600,4.4100,4.3900,11486636,50733960.3400
2020-04-02,sz.000012,4.3800,4.5300,4.3600,4.5200,4.4100,14592046,65016463.1700
2020-04-03,sz.000012,4.5100,4.5200,4.4200,4.4700,4.5200,12084939,54018681.5400
2020-04-07,sz.000012,4.5400,4.6200,4.5100,4.6100,4.4700,18159101,83133928.1000
2020-04-08,sz.000012,4.5800,4.6100,4.5400,4.5800,4.6100,12080335,55232267.8200
2020-04-09,sz.000012,4.6500,4.6600,4.6000,4.6100,4.5800,11576138,53452917.6800
2020-04-10,sz.000012,4.6200,4.6300,4.4600,4.5000,4.6100,12129362,54931726.1600
2020-04-13,sz.000012,4.4600,4.4800,4.4200,4.4300,4.5000,9679507,42972057.0900
2020-04-14,sz.000012,4.4500,4.5000,4.4400,4.5000,4.4300,10611890,47481600.4300
2020-04-15,sz.000012,4.5300,4.6500,4.4800,4.5400,4.5000,22771056,103736205.3000
2020-04-16,sz.000012,4.4900,4.5100,4.4500,4.4600,4.5400,16788022,75053512.3000
2020-04-17,sz.000012,4.4900,4.5700,4.4600,4.4900,4.4600,16754167,75483625.9000
2020-04-20,sz.000012,4.5100,4.5500,4.4900,4.5200,4.4900,12935764,58533063.1300
2020-04-21,sz.000012,4.5000,4.5200,4.3800,4.4000,4.5200,17954922,79371385.9200
2020-04-22,sz.000012,4.4000,4.4900,4.3800,4.4700,4.4000,14818816,65862782.2000
2020-04-23,sz.000012,4.5000,4.5100,4.4200,4.4200,4.4700,9794391,43512954.4300
2020-04-24,sz.000012,4.4100,4.4600,4.3500,4.3500,4.4200,13515206,59231193.2100
2020-04-27,sz.000012,4.3600,4.4400,4.3600,4.4100,4.3500,12037370,53080416.0500
2020-04-28,sz.000012,4.4200,4.4200,4.2000,4.3300,4.4100,13126051,56689300.3600
2020-04-29,sz.000012,4.3300,4.3800,4.3000,4.3400,4.3300,5607750,24366988.6900
2020-04-30,sz.000012,4.3800,4.4700,4.3600,4.4700,4.3400,14487141,64280526.5200
2020-05-06,sz.000012,4.4000,4.5100,4.4000,4.5000,4.4700,15277159,68076907.9200
2020-05-07,sz.000012,4.5100,4.6200,4.4800,4.5500,4.5000,23212493,105748804.9100
2020-05-08,sz.000012,4.5600,4.7000,4.5500,4.6800,4.5500,29393521,136327815.2100
2020-05-11,sz.000012,4.7300,4.8100,4.6800,4.7500,4.6800,28822529,136747997.6900
2020-05-12,sz.000012,4.7300,4.7300,4.6300,4.7100,4.7500,14010967,65564506.0400
2020-05-13,sz.000012,4.6800,4.7000,4.6400,4.6700,4.7100,11741352,54847369.1400
2020-05-14,sz.000012,4.6500,4.6500,4.5700,4.5800,4.6700,12715000,58522486.7600
2020-05-15,sz.000012,4.6000,4.6500,4.5500,4.5700,4.5800,11861857,54489922.5000
2020-05-18,sz.000012,4.5700,4.6700,4.5600,4.6200,4.5700,14924443,68995890.8700
2020-05-19,sz.000012,4.6600,4.7000,4.6500,4.6900,4.6200,12733628,59541016.6300
2020-05-20,sz.000012,4.6900,4.6900,4.5800,4.5900,4.6900,11832379,54603819.7000
2020-05-21,sz.000012,4.6000,4.6600,4.6000,4.6200,4.5900,10655944,49341899.6700
2020-05-22,sz.000012,4.6100,4.6400,4.5100,4.5200,4.6200,13331967,60775608.0100
2020-05-25,sz.000012,4.5600,4.6000,4.5100,4.6000,4.5200,11222821,51150902.7800
2020-05-26,sz.000012,4.5900,4.6200,4.5500,4.6100,4.6000,12978729,59600331.6200
2020-05-27,sz.000012,4.6000,4.6100,4.5100,4.5700,4.6100,11398050,51977958.6400
2020-05-28,sz.000012,4.5700,4.6100,4.5200,4.5800,4.5700,7726055,35310716.1700
2020-05-29,sz.000012,4.5600,4.6100,4.5500,4.5500,4.5800,10339429,47247740.9000
2020-06-01,sz.000012,4.5700,4.6900,4.5600,4.6700,4.5500,19137659,88883062.3000
2020-06-02,sz.000012,4.6800,4.7600,4.6500,4.7400,4.6700,19287351,90850342.7400
2020-06-03,sz.000012,4.7400,4.7800,4.6500,4.6700,4.7400,16466861,77687880.8500
2020-06-04,sz.000012,4.6900,4.7200,4.6600,4.6600,4.6700,11599916,54314858.5700
2020-06-05,sz.000012,4.6800,4.6800,4.6200,4.6500,4.6600,8309990,38624799.1400
2020-06-08,sz.000012,4.6600,4.8900,4.6600,4.8900,4.6500,36293566,174498088.6400
2020-06-09,sz.000012,4.9400,4.9600,4.8200,4.8400,4.8900,27815361,135813003.8100
2020-06-10,sz.000012,4.8400,4.8900,4.7800,4.8100,4.8400,17886629,86341327.5000
2020-06-11,sz.000012,4.8300,4.9500,4.7700,4.8200,4.8100,28099968,136622492.0000
2020-06-12,sz.000012,4.7000,4.8000,4.6600,4.7400,4.8200,22179391,105049788.8000
2020-06-15,sz.000012,4.7000,4.7200,4.6100,4.6200,4.7400,24924883,116046126.5200
2020-06-16,sz.000012,4.6500,4.7200,4.6200,4.7000,4.6200,16991179,79234263.6100
2020-06-17,sz.000012,4.7100,4.7100,4.6200,4.6600,4.7000,13748049,63942094.0200
2020-06-18,sz.000012,4.6600,4.6800,4.6100,4.6500,4.6600,12266662,56968228.6500
2020-06-19,sz.000012,4.6400,4.7500,4.6300,4.7500,4.6500,17235114,80617278.7300
2020-06-22,sz.000012,4.7100,4.8500,4.7100,4.7500,4.7500,21609125,103200565.8000
2020-06-23,sz.000012,4.7500,4.7700,4.6800,4.7100,4.7500,12343118,58220216.2500
2020-06-24,sz.000012,4.7300,4.8500,4.6800,4.8300,4.7100,25716653,123149382.9300
2020-06-29,sz.000012,4.8000,5.0900,4.7900,4.9900,4.8300,52190582,259405392.6900
2020-06-30,sz.000012,5.0000,5.0500,4.9200,5.0200,4.9900,35402201,176732769.5400
2020-07-01,sz.000012,4.9700,4.9700,4.8100,4.9000,4.9500,32798466,159716632.0200
2020-07-02,sz.000012,4.8800,5.1200,4.8300,5.0400,4.9000,51428637,256762798.2400
2020-07-03,sz.000012,5.0400,5.1800,5.0200,5.0800,5.0400,53642715,272992447.2700
2020-07-06,sz.000012,5.1100,5.3600,5.1100,5.3200,5.0800,62274273,326449236.1800
2020-07-07,sz.000012,5.4300,5.4900,5.2300,5.2600,5.3200,56809608,302719187.7800
2020-07-08,sz.000012,5.2800,5.3500,5.1800,5.3300,5.2600,47257535,249247704.0700
2020-07-09,sz.000012,5.2900,5.5000,5.2400,5.4800,5.3300,57744402,313225807.0500
2020-07-10,sz.000012,5.4400,5.8500,5.3900,5.6300,5.4800,83961736,474752486.4400
2020-07-13,sz.000012,5.6200,5.9500,5.6000,5.9200,5.6300,74395275,432426538.1600
2020-07-14,sz.000012,5.9000,5.9600,5.6500,5.7900,5.9200,66224993,382338686.0300
2020-07-15,sz.000012,5.8200,5.8500,5.4500,5.4700,5.7900,55227229,309095982.8000
2020-07-16,sz.000012,5.5300,6.0200,5.5300,5.6300,5.4700,137987314,810338466.4100
2020-07-17,sz.000012,5.7000,5.7500,5.3200,5.4200,5.6300,81944850,449002076.6800
2020-07-20,sz.000012,5.5000,5.9600,5.4900,5.9600,5.4200,58920240,346880413.6300
2020-07-21,sz.000012,6.2200,6.3300,5.9700,6.1100,5.9600,157442311,965729335.5100
2020-07-22,sz.000012,6.3100,6.4100,5.9400,6.1700,6.1100,144664126,896669613.9800
2020-07-23,sz.000012,6.0400,6.1900,5.9100,6.0200,6.1700,94237637,567520845.8400
2020-07-24,sz.000012,5.9900,6.0900,5.5700,5.6400,6.0200,78782715,457070180.6500
2020-07-27,sz.000012,5.7400,5.8700,5.6600,5.7900,5.6400,54196637,312676056.1600
2020-07-28,sz.000012,5.7600,5.8200,5.6200,5.7000,5.7900,43642894,249032912.2100
2020-07-29,sz.000012,5.6800,5.8300,5.5700,5.8100,5.7000,47985791,274415566.9600
2020-07-30,sz.000012,5.8000,5.8800,5.6500,5.7900,5.8100,53351951,306404921.1500
2020-07-31,sz.000012,5.7800,6.2000,5.7700,6.0400,5.7900,92557132,556271962.9600
2020-08-03,sz.000012,6.6300,6.6400,6.3100,6.6400,6.0400,149574680,973664936.3000
2020-08-04,sz.000012,6.7600,6.9000,6.4600,6.6500,6.6400,157425433,1047272945.2100
2020-08-05,sz.000012,6.5000,6.5700,6.3000,6.5000,6.6500,89078703,572242320.8300
2020-08-06,sz.000012,6.4800,6.7700,6.4100,6.6700,6.5000,98431517,650670064.5700
2020-08-07,sz.000012,6.6400,6.6600,6.2700,6.3900,6.6700,75513986,485094821.0000
2020-08-10,sz.000012,6.4000,6.4900,6.2700,6.3700,6.3900,44716422,284501613.4800
2020-08-11,sz.000012,6.4300,6.6500,6.2800,6.3300,6.3700,55673527,361005886.3500
2020-08-12,sz.000012,6.2000,6.2800,6.0000,6.1800,6.3300,53808364,330044996.6400
2020-08-13,sz.000012,6.2000,6.2300,6.0600,6.0700,6.1800,30761868,188322457.9200
2020-08-14,sz.000012,6.1000,6.1400,5.9800,6.1200,6.0700,27695768,168021281.1900
2020-08-17,sz.000012,6.1100,6.3500,6.0800,6.2800,6.1200,40510428,252808478.7800
2020-08-18,sz.000012,6.2800,6.4000,6.2200,6.2700,6.2800,30214399,189966988.4700
2020-08-19,sz.000012,6.3000,6.3200,6.1100,6.1400,6.2700,34020416,210373471.6100
2020-08-20,sz.000012,6.1100,6.1200,6.0100,6.0500,6.1400,21840248,132530805.8600
2020-08-21,sz.000012,6.0100,6.1300,6.0100,6.0500,6.0500,20091955,121651063.1900
2020-08-24,sz.000012,6.0800,6.1500,6.0000,6.0800,6.0500,20989214,127485432.4000
2020-08-25,sz.000012,6.1200,6.1200,5.9100,5.9400,6.0800,28180892,169500810.5700
2020-08-26,sz.000012,5.9400,5.9700,5.6600,5.7200,5.9400,35917245,207625311.2700
2020-08-27,sz.000012,5.7600,5.7700,5.6000,5.7100,5.7200,19315006,110059120.2700
2020-08-28,sz.000012,5.7200,5.9000,5.6700,5.9000,5.7100,27234157,157515937.3200
2020-08-31,sz.000012,5.9600,6.0500,5.8500,5.8600,5.9000,44138872,263251912.8600
2020-09-01,sz.000012,5.8600,5.8600,5.7300,5.8300,5.8600,21830397,126139496.5300
2020-09-02,sz.000012,5.8300,5.8400,5.6900,5.7500,5.8300,25683937,147852572.5300
2020-09-03,sz.000012,5.8000,5.8200,5.6800,5.7100,5.7500,20561282,118151303.0900
2020-09-04,sz.000012,5.5800,5.6700,5.5300,5.6400,5.7100,17965431,100517500.5800
2020-09-07,sz.000012,5.6300,5.7200,5.5000,5.5200,5.6400,18792701,105359295.8900
2020-09-08,sz.000012,5.5500,5.5500,5.4100,5.5300,5.5200,18680580,102494313.6800
2020-09-09,sz.000012,5.4600,5.5000,5.3100,5.3700,5.5300,24956978,135013207.4100
2020-09-10,sz.000012,5.4200,5.4800,5.2100,5.2300,5.3700,20230608,107876646.8800
2020-09-11,sz.000012,5.2000,5.3800,5.1800,5.3600,5.2300,16912603,89452709.7300
2020-09-14,sz.000012,5.4000,5.4600,5.3500,5.3800,5.3600,18351762,99231019.3100
2020-09-15,sz.000012,5.4000,5.4400,5.3100,5.4300,5.3800,12556142,67640655.3500
2020-09-16,sz.000012,5.4200,5.4600,5.3700,5.4400,5.4300,11642406,62955307.2500
2020-09-17,sz.000012,5.4000,5.4900,5.3600,5.4200,5.4400,12516770,67848136.2700
2020-09-18,sz.000012,5.4100,5.5800,5.4000,5.5600,5.4200,23289604,128635298.8000
2020-09-21,sz.000012,5.6000,5.6800,5.5500,5.5900,5.5600,21630365,121381907.5600
2020-09-22,sz.000012,5.5800,5.6800,5.4700,5.5000,5.5900,23021986,128137773.2500
2020-09-23,sz.000012,5.5300,5.5500,5.4700,5.5200,5.5000,11411782,62818387.2500
2020-09-24,sz.000012,5.5000,5.5100,5.3300,5.3400,5.5200,16464948,88919230.1600
2020-09-25,sz.000012,5.3600,5.4300,5.3000,5.3500,5.3400,11844334,63485415.0700
2020-09-28,sz.000012,5.4500,5.5800,5.3900,5.4400,5.3500,21172118,116358464.0900
2020-09-29,sz.000012,5.4800,5.4900,5.3000,5.4000,5.4400,16519231,89503842.7300
2020-09-30,sz.000012,5.4400,5.7900,5.4300,5.6200,5.4000,40799682,230515105.5800
2020-10-09,sz.000012,6.1800,6.1800,6.1800,6.1800,5.6200,29590788,182871069.8400
2020-10-12,sz.000012,6.3600,6.4700,6.1800,6.2800,6.1800,119873127,754616491.2600
2020-10-13,sz.000012,6.2200,6.3100,6.1300,6.2600,6.2800,57201648,356368569.2400
2020-10-14,sz.000012,6.2600,6.4800,6.1700,6.3600,6.2600,89441415,569248930.0300
2020-10-15,sz.000012,6.3200,6.3200,6.0000,6.0300,6.3600,64037270,390695254.8700
2020-10-16,sz.000012,6.0800,6.0900,5.9100,5.9500,6.0300,34514766,206624545.3100
2020-10-19,sz.000012,6.0000,6.0000,5.7700,5.8200,5.9500,31760230,186168544.0000
2020-10-20,sz.000012,5.8000,5.9200,5.7400,5.9200,5.8200,23482644,137160776.4200
2020-10-21,sz.000012,5.9300,5.9500,5.8000,5.8800,5.9200,21464641,125916730.0000
2020-10-22,sz.000012,5.8300,5.8400,5.7000,5.8100,5.8800,23401249,135010561.0100
2020-10-23,sz.000012,5.7900,5.9900,5.7900,5.9300,5.8100,36058810,213461352.5000
2020-10-26,sz.000012,5.9300,6.0100,5.8300,5.9500,5.9300,27189062,161459572.1800
2020-10-27,sz.000012,5.9300,6.0300,5.8600,5.9800,5.9500,21918850,130187741.2200
2020-10-28,sz.000012,5.9800,6.0200,5.8500,5.9500,5.9800,22903103,135712264.6500
2020-10-29,sz.000012,5.8200,6.1600,5.8000,6.1200,5.9500,48813738,295114928.4800
2020-10-30,sz.000012,6.0700,6.2000,5.9400,5.9500,6.1200,41208535,250514904.1300
2020-11-02,sz.000012,6.0700,6.4000,6.0400,6.3000,5.9500,86958219,546974672.2500
2020-11-03,sz.000012,6.3300,6.4400,6.2100,6.3200,6.3000,56867326,357799182.4300
2020-11-04,sz.000012,6.6200,6.9500,6.5600,6.7100,6.3200,152260293,1031101667.0700
2020-11-05,sz.000012,6.8100,7.2000,6.7000,7.1600,6.7100,177636918,1243430470.9800
2020-11-06,sz.000012,7.1500,7.5500,7.0600,7.3600,7.1600,168401751,1224265490.6800
2020-11-09,sz.000012,7.3800,7.6900,7.2300,7.5600,7.3600,132503263,990944364.1800
2020-11-10,sz.000012,7.4500,7.7200,7.1300,7.5600,7.5600,123416825,919837788.7400
2020-11-11,sz.000012,7.4900,8.0000,7.4900,7.6800,7.5600,135540347,1055667849.6500
2020-11-12,sz.000012,7.6900,7.7800,7.4800,7.6900,7.6800,94603623,723714281.3200
2020-11-13,sz.000012,7.7000,7.7700,7.5500,7.6900,7.6900,57384424,439400588.5100
2020-11-16,sz.000012,7.8800,8.0800,7.6800,7.8300,7.6900,93356019,733652623.4800
2020-11-17,sz.000012,7.8000,7.8300,7.3400,7.3700,7.8300,131042577,989509773.1700
2020-11-18,sz.000012,7.5400,8.1100,7.4800,8.1100,7.3700,81024569,638150837.5400
2020-11-19,sz.000012,8.3100,8.3500,7.4900,7.6000,8.1100,170125574,1334348979.0200
2020-11-20,sz.000012,7.4500,7.5500,7.1700,7.4700,7.6000,123697356,908914963.9100
2020-11-23,sz.000012,7.4500,7.7300,7.3700,7.5500,7.4700,105362038,794059507.2500
2020-11-24,sz.000012,7.4900,7.5000,7.3000,7.4400,7.5500,66425579,490668515.9600
2020-11-25,sz.000012,7.4300,7.4600,7.1100,7.1100,7.4400,73891555,535648147.6900
2020-11-26,sz.000012,7.1100,7.1900,6.9200,6.9700,7.1100,49498594,346959584.2300
2020-11-27,sz.000012,7.0000,7.1000,6.8300,6.9500,6.9700,40261897,279691965.7900
2020-11-30,sz.000012,6.9200,7.0400,6.7800,6.8500,6.9500,53497205,369195078.8300
2020-12-01,sz.000012,6.8600,6.9700,6.7400,6.9300,6.8500,55865843,383574623.9000
2020-12-02,sz.000012,6.9000,6.9200,6.7900,6.8500,6.9300,48046472,328725027.0500
2020-12-03,sz.000012,6.9000,6.9200,6.6900,6.7800,6.8500,46482362,314450779.7600
2020-12-04,sz.000012,6.7700,6.7800,6.6300,6.7500,6.7800,32115397,215578341.4300
2020-12-07,sz.000012,6.8900,7.0300,6.6300,6.6700,6.7500,84783279,575314527.2900
2020-12-08,sz.000012,6.6300,6.8300,6.5800,6.8000,6.6700,57592897,386430686.0600
2020-12-09,sz.000012,6.7700,6.8500,6.6400,6.6500,6.8000,47833228,321642691.2100
2020-12-10,sz.000012,6.7200,7.0400,6.6600,6.9700,6.6500,101135982,695483062.4900
2020-12-11,sz.000012,6.9900,7.0300,6.6500,6.8900,6.9700,81804600,559309992.0900
2020-12-14,sz.000012,6.8300,7.2400,6.8300,7.1900,6.8900,97792482,695903740.0400
2020-12-15,sz.000012,7.1400,7.1800,6.9500,7.1600,7.1900,66699637,469541592.3900
2020-12-16,sz.000012,7.1300,7.3500,6.9900,7.0000,7.1600,85851140,618195244.0700
2020-12-17,sz.000012,6.9000,6.9600,6.6200,6.8400,7.0000,80299851,544225544.2300
2020-12-18,sz.000012,6.8900,7.3500,6.8100,7.2100,6.8400,109424712,783760412.1900
2020-12-21,sz.000012,7.3500,7.4700,7.2400,7.3900,7.2100,97344748,716721578.0700
2020-12-22,sz.000012,7.4000,7.4500,7.0900,7.1000,7.3900,71643171,519801567.1300
2020-12-23,sz.000012,7.1100,7.5200,7.1100,7.3900,7.1000,85203587,628006116.5000
2020-12-24,sz.000012,7.3600,7.7200,7.3500,7.7100,7.3900,108971708,819593429.6300
2020-12-25,sz.000012,7.5600,7.9300,7.4300,7.8600,7.7100,107351629,825426517.4600
2020-12-28,sz.000012,7.8000,7.8000,7.5200,7.6000,7.8600,85300509,649999882.7600
2020-12-29,sz.000012,7.5500,7.5500,7.0400,7.0700,7.6000,85142144,614991422.3100
2020-12-30,sz.000012,7.1300,7.4900,7.1100,7.3400,7.0700,76693237,563227837.2600
2020-12-31,sz.000012,7.4800,7.6300,7.3400,7.3800,7.3400,65011991,484059161.6600
2021-01-04,sz.000012,7.3800,7.7700,7.3800,7.6500,7.3800,99099916,757568333.3300
2021-01-05,sz.000012,7.6000,7.6200,7.3800,7.5200,7.6500,70341988,527259789.2200
2021-01-06,sz.000012,7.4400,7.4900,7.1700,7.2200,7.5200,62850028,455669898.6800
2021-01-07,sz.000012,7.2200,7.3800,7.1000,7.2600,7.2200,58989610,425581208.1400
2021-01-08,sz.000012,7.2000,7.2000,6.8100,7.0000,7.2600,64627191,452083191.5300
2021-01-11,sz.000012,7.0000,7.0000,6.7600,6.8000,7.0000,42228409,290019915.3200
2021-01-12,sz.000012,6.8400,6.8900,6.7300,6.8800,6.8000,40172467,273840856.1800
2021-01-13,sz.000012,6.8700,7.0400,6.7200,6.7900,6.8800,50992807,350558315.8200
2021-01-14,sz.000012,6.7800,6.8300,6.6000,6.8100,6.7900,41051745,275805550.0700
2021-01-15,sz.000012,6.7600,6.9100,6.7000,6.8900,6.8100,33530720,228257402.4500
2021-01-18,sz.000012,6.8500,7.0300,6.7700,7.0200,6.8900,35379177,245643307.6500
2021-01-19,sz.000012,7.0200,7.0300,6.8200,6.8800,7.0200,29585491,204187448.3500
2021-01-20,sz.000012,6.8800,6.9200,6.7800,6.9200,6.8800,24403289,167064359.3300
2021-01-21,sz.000012,6.9000,7.3300,6.8400,7.1800,6.9200,77482582,547738501.6300
2021-01-22,sz.000012,7.1500,7.3700,7.1000,7.3000,7.1800,69585691,504951685.6000
2021-01-25,sz.000012,7.1600,7.2800,6.8700,7.1200,7.3000,73804113,521735566.8800
2021-01-26,sz.000012,7.0900,7.2400,6.7800,6.8000,7.1200,52498831,366082267.9900
2021-01-27,sz.000012,6.7800,6.8500,6.6000,6.8200,6.8000,32163380,216434229.2100
2021-01-28,sz.000012,6.7100,6.7600,6.4700,6.4900,6.8200,36751303,242684620.2800
2021-01-29,sz.000012,6.5500,6.6900,6.4300,6.6000,6.4900,30345380,198955358.2700
2021-02-01,sz.000012,6.4800,6.5000,6.1300,6.2500,6.6000,50658324,316894513.0100
2021-02-02,sz.000012,6.2800,6.3500,6.1600,6.2900,6.2500,26702255,166871453.6800
2021-02-03,sz.000012,6.2200,6.2700,6.0400,6.0400,6.2900,32826974,201528011.7900
2021-02-04,sz.000012,6.0500,6.1400,5.9300,6.0100,6.0400,23153513,139318405.9600
2021-02-05,sz.000012,6.0300,6.0700,5.8000,5.8100,6.0100,25084475,148469507.7300
2021-02-08,sz.000012,5.7900,6.0200,5.7400,5.9500,5.8100,21196268,125283285.1100
2021-02-09,sz.000012,5.9600,6.3400,5.9600,6.2900,5.9500,33773318,210032251.4000
2021-02-10,sz.000012,6.3200,6.3600,6.2300,6.2900,6.2900,24965790,157188638.5200
2021-02-18,sz.000012,6.4200,6.5600,6.3500,6.4100,6.2900,25525587,164186534.8300
2021-02-19,sz.000012,6.4300,6.6100,6.3700,6.6000,6.4100,31539389,204610147.7100
2021-02-22,sz.000012,6.6100,7.1500,6.6000,6.9500,6.6000,63929777,444452879.2500
2021-02-23,sz.000012,6.9500,7.0500,6.8100,6.9500,6.9500,46435967,321870268.3300
2021-02-24,sz.000012,6.8600,6.9900,6.6300,6.6800,6.9500,37957972,256624986.4900
2021-02-25,sz.000012,6.7800,6.8400,6.5600,6.7200,6.6800,37936246,253913522.8500
2021-02-26,sz.000012,6.4800,6.6400,6.4800,6.5200,6.7200,27999808,183536370.0900
2021-03-01,sz.000012,6.6000,6.7200,6.5800,6.6800,6.5200,21329347,141742262.4400
2021-03-02,sz.000012,6.7000,6.7100,6.4400,6.5600,6.6800,25399356,166217002.3500
2021-03-03,sz.000012,6.6100,6.8900,6.5900,6.8400,6.5600,42747387,290204948.9400
2021-03-04,sz.000012,6.7300,6.7900,6.6600,6.7000,6.8400,26156722,175824917.1800
2021-03-05,sz.000012,6.6700,6.7500,6.5800,6.6500,6.7000,20284492,135134111.0700
2021-03-08,sz.000012,6.6800,6.7800,6.4400,6.4600,6.6500,27389870,180303705.0800
2021-03-09,sz.000012,6.4700,6.6900,6.3200,6.4600,6.4600,35917151,234456446.8100
2021-03-10,sz.000012,6.6000,6.6200,6.1700,6.2000,6.4600,32106222,202276111.3100
2021-03-11,sz.000012,6.1800,6.2700,6.1200,6.2600,6.2000,21146502,131497700.6200
2021-03-12,sz.000012,6.2500,6.5200,6.1700,6.5000,6.2600,38027598,240576611.6700
2021-03-15,sz.000012,6.5000,6.6100,6.2500,6.3400,6.5000,34953346,224281890.2800
2021-03-16,sz.000012,6.3300,6.3700,6.1700,6.2600,6.3400,27455787,171768997.5600
2021-03-17,sz.000012,6.2300,6.3500,6.1700,6.2900,6.2600,19176909,120151909.0800
2021-03-18,sz.000012,6.3100,6.3200,6.2100,6.3000,6.2900,18195325,113975017.9600
2021-03-19,sz.000012,6.2000,6.2400,6.0800,6.0800,6.3000,27196673,167300596.8000
2021-03-22,sz.000012,6.1200,6.3200,6.0900,6.3100,6.0800,24882962,155073080.8600
2021-03-23,sz.000012,6.3300,6.3700,6.2000,6.2300,6.3100,17435982,109156148.1700
2021-03-24,sz.000012,6.1800,6.2200,6.0700,6.0900,6.2300,19931908,121964231.9400
2021-03-25,sz.000012,6.0800,6.1400,6.0600,6.1000,6.0900,10674706,65042354.7900
2021-03-26,sz.000012,6.1200,6.2400,6.1100,6.2300,6.1000,18924892,117028384.2100
2021-03-29,sz.000012,6.2200,6.2300,6.1400,6.1900,6.2300,16768579,103751695.8500
2021-03-30,sz.000012,6.1800,6.3000,6.1700,6.2900,6.1900,18277108,114057138.9000
2021-03-31,sz.000012,6.2800,6.3500,6.1600,6.2900,6.2900,18413279,115297493.4300
2021-04-01,sz.000012,6.2500,6.4900,6.2300,6.4500,6.2900,30533508,195449280.5000
2021-04-02,sz.000012,6.4300,6.5100,6.3500,6.4500,6.4500,18517723,119221349.0100
2021-04-06,sz.000012,6.4600,7.0000,6.4600,6.9100,6.4500,60896555,413254625.5700
2021-04-07,sz.000012,6.9600,7.5500,6.9600,7.5500,6.9100,111706215,811990523.9500
2021-04-08,sz.000012,7.3600,7.4600,7.1900,7.2300,7.5500,82051992,600458013.0900
2021-04-09,sz.000012,7.2300,7.4000,7.1700,7.2300,7.2300,44074046,319820456.9600
2021-04-12,sz.000012,7.2100,7.2700,6.9800,7.0400,7.2300,50924951,361106848.2300
2021-04-13,sz.000012,7.0800,7.1100,6.9400,6.9800,7.0400,28499094,200262343.3800
2021-04-14,sz.000012,6.9700,7.0500,6.8500,6.9800,6.9800,36479881,253691017.1400
2021-04-15,sz.000012,7.2000,7.3800,7.0900,7.2000,6.9800,70934128,513708655.0200
2021-04-16,sz.000012,7.2200,7.7200,7.1800,7.5800,7.2000,75842102,571125666.4900
2021-04-19,sz.000012,7.6000,7.9800,7.6000,7.7900,7.5800,86862480,677879874.3600
2021-04-20,sz.000012,7.8500,7.9600,7.7100,7.8000,7.7900,60156679,471283339.5300
2021-04-21,sz.000012,7.7900,7.9800,7.7100,7.8800,7.8000,50354449,396116145.9900
2021-04-22,sz.000012,7.9100,8.4500,7.9100,8.3500,7.8800,87664313,720860866.9800
2021-04-23,sz.000012,8.2600,8.3100,8.0800,8.1700,8.3500,49377597,403922279.1600
2021-04-26,sz.000012,8.2900,8.6700,8.1200,8.5300,8.1700,87011129,740830804.0900
2021-04-27,sz.000012,8.5100,8.6400,8.4500,8.5900,8.5300,47061087,402193620.8900
2021-04-28,sz.000012,8.5100,9.0400,8.5000,8.9700,8.5900,59163725,525084186.9900
2021-04-29,sz.000012,8.9200,9.1000,8.7800,9.0200,8.9700,42616019,382267041.7800
2021-04-30,sz.000012,8.9100,9.1000,8.8400,8.9600,9.0200,42542407,380704312.4500
2021-05-06,sz.000012,9.1200,9.2000,8.9000,9.0800,8.9600,40262415,363790716.1100
2021-05-07,sz.000012,9.2200,9.2400,8.7800,8.9000,9.0800,58947590,525243395.5000
2021-05-10,sz.000012,8.9400,9.1400,8.8800,9.0400,8.9000,43689496,394555136.4100
2021-05-11,sz.000012,9.0400,9.1400,8.6600,9.0700,9.0400,53424412,476579039.1800
2021-05-12,sz.000012,9.0000,9.4300,8.9700,9.1600,9.0700,43475280,397971741.4000
2021-05-13,sz.000012,8.9900,9.2800,8.9000,8.9500,9.1600,38582071,348403221.9600
2021-05-14,sz.000012,9.0500,9.0800,8.8100,8.9100,8.9500,34836386,310334703.4300
2021-05-17,sz.000012,8.9200,9.2300,8.8600,9.0100,8.9100,33988183,307583539.0800
2021-05-18,sz.000012,8.9000,9.1200,8.8200,9.0100,9.0100,20282714,181592696.7800
2021-05-19,sz.000012,8.9800,9.9100,8.9300,9.9100,9.0100,89780391,870917469.9700
2021-05-20,sz.000012,9.7700,9.8100,8.9200,8.9200,9.9100,128004312,1168826323.7200
2021-05-21,sz.000012,8.7000,8.7200,8.3300,8.5400,8.9200,77711419,662455348.8000
2021-05-24,sz.000012,8.5000,9.0700,8.3900,8.8300,8.5400,62523141,552836875.6000
2021-05-25,sz.000012,8.9500,9.1400,8.7800,9.0600,8.8300,44806396,402174488.6300
2021-05-26,sz.000012,9.0800,9.8000,9.0600,9.6900,9.0600,61581870,593758118.1800
2021-05-27,sz.000012,9.7900,10.2200,9.5400,10.0900,9.6900,51177404,514052445.9500
2021-05-28,sz.000012,10.1100,10.4000,9.9800,10.2400,10.0900,51945036,530785207.2700
2021-05-31,sz.000012,10.4000,10.4400,10.1400,10.2800,10.2400,30996680,318273442.6700
2021-06-01,sz.000012,10.0400,10.2200,10.0100,10.0400,10.2800,37878614,381402845.8800
2021-06-02,sz.000012,10.1700,10.2300,9.9600,10.0600,10.0400,31435274,316870262.3400
2021-06-03,sz.000012,10.0400,10.4800,10.0400,10.2300,10.0600,42301422,436379959.8600
2021-06-04,sz.000012,10.1900,10.3000,10.0400,10.2000,10.2300,26256126,266624802.8700
2021-06-07,sz.000012,10.0800,10.2500,9.7900,9.9400,10.2000,34074044,339415148.1700
2021-06-08,sz.000012,10.0000,10.2200,9.8600,9.9000,9.9400,24319990,243494075.8500
2021-06-09,sz.000012,9.9000,10.0000,9.6300,9.8400,9.9000,27850855,272615132.5000
2021-06-10,sz.000012,9.9100,10.2700,9.7500,10.2400,9.8400,42005353,424855751.1500
2021-06-11,sz.000012,10.3000,10.5100,10.0000,10.0200,10.2400,39605177,405529455.9700
2021-06-15,sz.000012,10.0900,10.4400,10.0200,10.1700,10.0200,32375730,332198478.3000
2021-06-16,sz.000012,10.1100,10.1400,9.8100,9.8400,10.1700,28738276,286240308.9300
2021-06-17,sz.000012,9.8400,9.9100,9.5500,9.7200,9.7400,24208671,236001884.6200
2021-06-18,sz.000012,9.7200,10.1100,9.5900,9.9300,9.7200,23130622,228607585.1400
2021-06-21,sz.000012,9.9400,9.9600,9.4700,9.4900,9.9300,36312883,347641809.2100
2021-06-22,sz.000012,9.5800,9.6400,9.3200,9.4900,9.4900,23845148,225443043.5500
2021-06-23,sz.000012,9.6900,10.3200,9.6800,10.2200,9.4900,61443831,616049827.6700
2021-06-24,sz.000012,10.6600,10.7200,10.1900,10.3700,10.2200,56255882,584499067.5300
2021-06-25,sz.000012,10.5000,10.6000,10.3300,10.4100,10.3700,40293562,422327596.3900
2021-06-28,sz.000012,10.5400,10.6800,10.3400,10.4200,10.4100,39588350,415583281.3300
2021-06-29,sz.000012,10.4600,10.4900,10.1200,10.1900,10.4200,31261253,320250333.8800
2021-06-30,sz.000012,10.3000,10.3300,9.9800,10.2400,10.1900,31202442,317008855.6700
2021-07-01,sz.000012,10.2300,10.3000,9.9200,10.0700,10.2400,29662515,300202187.2500
2021-07-02,sz.000012,10.0700,10.7200,10.0100,10.4800,10.0700,62496775,653095220.2700
2021-07-05,sz.000012,10.4300,10.9600,10.3000,10.5800,10.4800,56199438,598999111.0200
2021-07-06,sz.000012,10.5700,10.9400,10.1800,10.3200,10.5800,67117635,703161299.5800
2021-07-07,sz.000012,10.5100,10.6000,10.2400,10.3700,10.3200,54759654,569574254.0400
2021-07-08,sz.000012,10.6500,10.6500,9.6800,9.8300,10.3700,81294952,809870930.9400
2021-07-09,sz.000012,9.7600,9.8800,9.5300,9.8000,9.8300,49808565,483836177.3100
2021-07-12,sz.000012,10.0000,10.7800,9.9600,10.7800,9.8000,136912190,1446044473.2600
2021-07-13,sz.000012,11.0300,11.8600,11.0300,11.8600,10.7800,149909531,1727242632.5400
2021-07-14,sz.000012,12.1200,12.4700,11.4400,11.5100,11.8600,162697523,1952730457.3300
2021-07-15,sz.000012,11.7300,12.1800,11.4500,11.9500,11.5100,92589377,1096703122.1800
2021-07-16,sz.000012,11.9400,12.1700,11.4900,11.7100,11.9500,79850320,943599549.4000
2021-07-19,sz.000012,11.9100,12.2000,11.7500,11.8000,11.7100,70355588,840406045.2800
2021-07-20,sz.000012,11.3600,11.6300,11.2100,11.5000,11.8000,57084503,653504682.6400
2021-07-21,sz.000012,11.7200,11.7600,11.3000,11.6000,11.5000,66786448,766999002.3600
2021-07-22,sz.000012,11.6100,11.8400,11.4400,11.8100,11.6000,53877416,628828940.2700
2021-07-23,sz.000012,11.8000,11.8100,11.1500,11.1800,11.8100,86108756,974108694.8200
2021-07-26,sz.000012,11.1400,11.3000,10.7000,10.9700,11.1800,63710074,701239353.1400
2021-07-27,sz.000012,11.0700,11.0800,9.8700,9.8700,10.9700,103534120,1073130196.9800
2021-07-28,sz.000012,9.7000,9.8000,9.0600,9.1800,9.8700,90728741,846489284.5100
2021-07-29,sz.000012,9.4300,9.6600,9.2900,9.4800,9.1800,84902581,803520342.9300
2021-07-30,sz.000012,9.4200,9.9500,9.2900,9.7000,9.4800,79082887,763503797.5900
2021-08-02,sz.000012,9.7000,10.3400,9.5300,10.2100,9.7000,87121967,876448358.4400
2021-08-03,sz.000012,10.2800,11.2300,10.0800,11.0900,10.2100,166171262,1820993428.8700
2021-08-04,sz.000012,10.7700,12.1200,10.4200,11.8700,11.0900,170596826,1937773981.3600
2021-08-05,sz.000012,12.3200,12.6000,11.9400,12.2000,11.8700,139297034,1701513856.2800
2021-08-06,sz.000012,12.1300,13.2700,12.1100,12.7800,12.2000,122802216,1557119805.8300
2021-08-09,sz.000012,12.3500,12.6900,12.0500,12.1800,12.7800,82359083,1012348137.2500
2021-08-10,sz.000012,12.4900,12.5600,11.7600,11.9600,12.1800,82583057,988695813.9900
2021-08-11,sz.000012,12.0700,12.0900,11.7000,11.8800,11.9600,61078709,722304064.1100
2021-08-12,sz.000012,11.8700,12.1800,11.6600,11.9500,11.8800,83448056,992776308.0300
2021-08-13,sz.000012,12.0000,12.2100,11.7200,11.9000,11.9500,50814540,606150226.1500
2021-08-16,sz.000012,11.7600,12.0500,11.5500,11.6000,11.9000,48365077,566991490.2600
2021-08-17,sz.000012,11.6100,11.7300,11.2200,11.2700,11.6000,41504904,475266628.4800
2021-08-18,sz.000012,11.2700,11.6500,11.1800,11.3600,11.2700,38611715,437700921.7000
2021-08-19,sz.000012,11.2800,11.6300,10.9500,11.3400,11.3600,58141243,660517797.5600
2021-08-20,sz.000012,11.2900,12.3400,11.1900,12.0700,11.3400,95220740,1139699845.9400
2021-08-23,sz.000012,12.1100,12.2300,11.6800,11.8500,12.0700,74119229,879242558.1900
2021-08-24,sz.000012,11.8700,12.1300,11.5100,11.9600,11.8500,83457436,989994944.4300
2021-08-25,sz.000012,11.8900,12.3800,11.5800,12.2900,11.9600,83806903,1004791434.9100
2021-08-26,sz.000012,12.2100,12.6400,12.0800,12.2800,12.2900,117748020,1457245154.5800
2021-08-27,sz.000012,12.2700,12.2700,11.0500,11.5300,12.2800,161074897,1844758601.5200
2021-08-30,sz.000012,11.5300,12.6000,11.5000,12.5200,11.5300,135079551,1645044689.4900
2021-08-31,sz.000012,12.5200,12.6600,11.5700,11.7400,12.5200,137896528,1638885611.9900
2021-09-01,sz.000012,11.7800,11.8400,10.8200,11.1200,11.7400,109181452,1225027696.3900
2021-09-02,sz.000012,11.0000,12.1000,10.9300,12.0200,11.1200,120124583,1407081749.4600
2021-09-03,sz.000012,12.1500,13.2200,11.9300,12.7800,12.0200,226989133,2928888728.9500
2021-09-06,sz.000012,12.7900,12.8800,11.6100,11.6800,12.7800,169602166,2027700250.0800
2021-09-07,sz.000012,11.7000,11.8400,11.3800,11.8100,11.6800,111925437,1306675860.6000
2021-09-08,sz.000012,11.8200,11.9700,11.5000,11.8700,11.8100,105965926,1242797105.0300
2021-09-09,sz.000012,11.6100,11.6400,11.3000,11.5400,11.8700,98460355,1128088471.5400
2021-09-10,sz.000012,11.8000,12.1000,11.6600,11.7000,11.5400,122560535,1452437188.3300
2021-09-13,sz.000012,11.4700,11.6500,11.2100,11.4200,11.7000,97665948,1111077410.3100
2021-09-14,sz.000012,11.3300,11.6000,11.0100,11.3300,11.4200,72317712,817575703.3100
2021-09-15,sz.000012,11.3800,11.6500,11.2000,11.5200,11.3300,63641050,730759449.0500
2021-09-16,sz.000012,11.3800,11.3800,10.6000,10.6200,11.5200,112902187,1238371068.7000
2021-09-17,sz.000012,10.4000,10.5200,10.0200,10.3000,10.6200,75038144,769838894.0500
2021-09-22,sz.000012,9.8300,10.4100,9.7300,10.2300,10.3000,50513081,509859303.9700
2021-09-23,sz.000012,10.4000,10.8900,10.4000,10.8400,10.2300,82063636,880585706.3100
2021-09-24,sz.000012,10.7000,10.8500,10.5000,10.6100,10.8400,51550040,549277086.6400
2021-09-27,sz.000012,10.5900,10.5900,9.9500,10.3800,10.6100,63853859,657415625.8700
2021-09-28,sz.000012,10.2600,10.4800,10.1500,10.2300,10.3800,34226935,352620147.5200
2021-09-29,sz.000012,10.1100,10.2900,9.9100,9.9200,10.2300,41134637,413609783.7500
2021-09-30,sz.000012,9.9200,10.1600,9.9200,10.0100,9.9200,33139745,332306459.6900
2021-10-08,sz.000012,10.2100,10.2500,9.9200,10.1800,10.0100,32109943,323007858.1300
2021-10-11,sz.000012,10.0900,10.2200,9.9700,10.0500,10.1800,23943481,240547498.1600
2021-10-12,sz.000012,9.9600,10.0400,9.5600,9.6800,10.0500,40270141,391565904.2700
2021-10-13,sz.000012,9.7600,9.9300,9.6000,9.8700,9.6800,24380599,238533298.8600
2021-10-14,sz.000012,9.8500,10.2200,9.7700,9.8700,9.8700,47895518,479289118.2400
2021-10-15,sz.000012,9.7700,10.0600,9.5800,9.9400,9.8700,51726802,509175706.7600
2021-10-18,sz.000012,9.8900,9.8900,9.3900,9.6400,9.9400,70302426,674762475.7700
2021-10-19,sz.000012,9.5700,9.7200,9.4500,9.6100,9.6400,41157301,393801829.9100
2021-10-20,sz.000012,9.5700,9.8200,9.5000,9.6800,9.6100,33896826,327746760.7500
2021-10-21,sz.000012,9.6800,9.7500,9.5200,9.5300,9.6800,31717392,304696477.0100
2021-10-22,sz.000012,9.5100,9.6400,9.2000,9.2300,9.5300,41597555,391004978.4400
2021-10-25,sz.000012,9.2100,9.5100,9.1800,9.3400,9.2300,37741019,352665992.8100
2021-10-26,sz.000012,9.2900,9.6300,9.2800,9.3700,9.3400,36126076,340545113.0100
2021-10-27,sz.000012,9.3800,9.4400,9.0400,9.1200,9.3700,34341839,314576496.0300
2021-10-28,sz.000012,9.0600,9.1800,8.8500,9.0300,9.1200,35335053,318913868.9200
2021-10-29,sz.000012,9.0800,9.1400,8.8400,9.0400,9.0300,28000333,250970272.4000
2021-11-01,sz.000012,8.9800,9.1600,8.7400,9.0400,9.0400,33319481,300521765.0600
2021-11-02,sz.000012,9.0000,9.1400,8.5900,8.7300,9.0400,48272366,427062726.2100
2021-11-03,sz.000012,8.7400,8.9700,8.6000,8.8900,8.7300,35986779,318643119.3700
2021-11-04,sz.000012,8.8400,9.0000,8.7600,8.8700,8.8900,31084502,275933062.7800
2021-11-05,sz.000012,8.8300,8.8500,8.5000,8.5200,8.8700,35542261,306989419.2000
2021-11-08,sz.000012,8.5200,8.6100,8.4600,8.5600,8.5200,20600815,175594077.4200
2021-11-09,sz.000012,8.5800,8.7100,8.5000,8.5200,8.5600,23457730,201385558.7600
2021-11-10,sz.000012,8.4600,8.4900,8.0700,8.2800,8.5200,52800697,434758356.8700
2021-11-11,sz.000012,8.2800,8.8800,8.2300,8.7700,8.2800,64340731,553520758.6900
2021-11-12,sz.000012,8.8100,9.6500,8.7100,9.3600,8.7700,102034640,955033989.1100
2021-11-15,sz.000012,9.4500,9.4800,8.9500,9.4100,9.3600,54612906,505804566.4300
2021-11-16,sz.000012,9.4200,9.5900,9.3000,9.3900,9.4100,35218844,332400904.2500
2021-11-17,sz.000012,9.3100,9.7700,9.2000,9.6400,9.3900,51743761,494373682.0700
2021-11-18,sz.000012,9.6500,10.1800,9.6500,10.0100,9.6400,76415514,763139828.2100
2021-11-19,sz.000012,10.0100,10.0800,9.7500,9.9800,10.0100,40453602,400939780.6300
2021-11-22,sz.000012,10.1000,10.2700,9.9900,10.0400,9.9800,41706599,421158285.6400
2021-11-23,sz.000012,9.9600,10.2200,9.8500,10.1000,10.0400,44509502,446581635.5800
2021-11-24,sz.000012,10.1000,10.3800,10.0100,10.3000,10.1000,46827552,479170245.7500
2021-11-25,sz.000012,10.2600,10.3500,10.0900,10.1100,10.3000,23145829,235410595.7000
2021-11-26,sz.000012,10.0900,10.1600,9.8800,9.9500,10.1100,26970840,269585322.3700
2021-11-29,sz.000012,9.7800,10.0600,9.6800,9.9500,9.9500,26203223,259975059.2100
2021-11-30,sz.000012,9.9700,10.0500,9.7800,9.8100,9.9500,22084819,218243528.4600
2021-12-01,sz.000012,9.7600,9.9200,9.7200,9.8700,9.8100,21113719,207259555.3900
2021-12-02,sz.000012,9.8700,9.9200,9.6500,9.7900,9.8700,23650893,231412255.8300
2021-12-03,sz.000012,9.8700,10.3600,9.7100,10.2300,9.7900,48688258,491461309.5200
2021-12-06,sz.000012,10.2400,10.6300,10.1200,10.3200,10.2300,57136958,596871459.8600
2021-12-07,sz.000012,10.3400,10.7700,10.2300,10.4600,10.3200,45042672,473805553.4700
2021-12-08,sz.000012,10.4200,10.4700,10.1700,10.3100,10.4600,27236433,279526860.6800
2021-12-09,sz.000012,10.2900,10.4000,10.1100,10.3300,10.3100,26617903,272955543.6500
2021-12-10,sz.000012,10.2300,10.4700,10.1000,10.1100,10.3300,30753795,314018020.1800
2021-12-13,sz.000012,10.1000,10.6900,10.0400,10.4700,10.1100,46871377,491153817.2500
2021-12-14,sz.000012,10.4700,10.4800,10.1000,10.1100,10.4700,38777212,394869592.9500
2021-12-15,sz.000012,10.1000,10.1800,9.9000,9.9500,10.1100,22553418,225749030.6500
2021-12-16,sz.000012,9.9600,10.0300,9.9100,9.9900,9.9500,15323835,152894336.7300
2021-12-17,sz.000012,9.9700,9.9800,9.5500,9.8100,9.9900,37223502,363171004.6800
2021-12-20,sz.000012,9.7400,9.8200,9.5600,9.6000,9.8100,15374004,148341302.3500
2021-12-21,sz.000012,9.5900,9.7200,9.4900,9.6200,9.6000,13380532,128553760.3900
2021-12-22,sz.000012,9.6200,9.9500,9.5900,9.8200,9.6200,24320969,238818220.1900
2021-12-23,sz.000012,9.8000,9.8900,9.7200,9.8400,9.8200,13058743,128105075.3400
2021-12-24,sz.000012,9.8400,9.8600,9.4500,9.4500,9.8400,19093519,182957348.0500
2021-12-27,sz.000012,9.4300,9.5600,9.2800,9.3700,9.4500,22316822,210084748.3500
2021-12-28,sz.000012,9.3800,9.4800,9.2700,9.3500,9.3700,15224963,142150796.9100
2021-12-29,sz.000012,9.3700,9.8100,9.2700,9.7800,9.3500,31070097,298810160.0000
2021-12-30,sz.000012,9.8100,9.9000,9.6300,9.7300,9.7800,17895207,174324591.3800
2021-12-31,sz.000012,9.7000,10.0900,9.6700,9.9300,9.7300,28138680,279751014.8100
2022-01-04,sz.000012,9.9000,10.1900,9.8200,9.9000,9.9300,20580051,204546528.3900
2022-01-05,sz.000012,9.9000,9.9300,9.5200,9.6300,9.9000,22129397,214267118.4000
2022-01-06,sz.000012,9.6000,9.8200,9.5700,9.6600,9.6300,15448877,149412856.1000
2022-01-07,sz.000012,9.6700,9.8200,9.4400,9.5600,9.6600,17416014,167913760.4300
2022-01-10,sz.000012,9.5600,9.6600,9.4000,9.5000,9.5600,12933167,122738357.4600
2022-01-11,sz.000012,9.5300,9.8000,9.5000,9.5900,9.5000,17630333,170662672.6700
2022-01-12,sz.000012,9.5900,9.6200,9.3100,9.5100,9.5900,25025265,235293263.0200
2022-01-13,sz.000012,9.5000,9.5200,9.3300,9.3300,9.5100,12775511,119804180.0900
2022-01-14,sz.000012,9.3000,9.3800,9.1500,9.1900,9.3300,12392755,114448131.7900
2022-01-17,sz.000012,9.1200,9.2400,9.1100,9.1300,9.1900,10926264,99896182.0900
2022-01-18,sz.000012,9.1300,9.1700,8.9300,9.0400,9.1300,16268184,146785558.1700
2022-01-19,sz.000012,9.0400,9.4200,9.0200,9.2000,9.0400,23766818,220323018.8500
2022-01-20,sz.000012,9.1500,9.2400,9.0500,9.1300,9.2000,11044619,100702750.7800
2022-01-21,sz.000012,8.9100,9.1800,8.6800,9.0700,9.1300,25733648,229078009.2200
2022-01-24,sz.000012,9.0600,9.1700,8.9300,9.0400,9.0700,12227539,110997555.9300
2022-01-25,sz.000012,9.0400,9.0700,8.8100,8.8200,9.0400,11300201,100772445.4500
2022-01-26,sz.000012,8.8100,9.0400,8.7900,8.9000,8.8200,10841582,96878032.5200
2022-01-27,sz.000012,8.9000,9.0300,8.8000,8.8600,8.9000,11282023,100456511.1600
2022-01-28,sz.000012,8.9400,8.9600,8.7400,8.8800,8.8600,12503663,110678850.9800
2022-02-07,sz.000012,9.0200,9.1900,8.9000,8.9500,8.8800,19031760,171914908.4300
2022-02-08,sz.000012,8.9600,9.2400,8.9600,9.1600,8.9500,26958759,246005151.7900
2022-02-09,sz.000012,9.1300,9.4500,9.1300,9.4200,9.1600,28025232,261563507.2400
2022-02-10,sz.000012,9.4600,9.5100,9.3000,9.3900,9.4200,21714737,203778760.7300
2022-02-11,sz.000012,9.3200,9.5100,8.9600,9.0500,9.3900,34490782,319344006.5000
2022-02-14,sz.000012,8.9300,9.0200,8.3600,8.6100,9.0500,53329898,460120709.1500
2022-02-15,sz.000012,8.5700,8.7100,8.4800,8.5500,8.6100,19878251,170713885.3800
2022-02-16,sz.000012,8.6000,8.9500,8.5800,8.7000,8.5500,29382756,257632473.4400
2022-02-17,sz.000012,8.6800,8.7500,8.5500,8.6400,8.7000,17717180,153011490.5700
2022-02-18,sz.000012,8.5800,8.6700,8.5200,8.6700,8.6400,16223058,139428630.3600
2022-02-21,sz.000012,8.6500,8.6500,8.5300,8.5900,8.6700,19711545,169116976.7900
2022-02-22,sz.000012,8.5700,8.5900,8.3100,8.4300,8.5900,26165558,220165928.1800
2022-02-23,sz.000012,8.4300,8.6100,8.3700,8.5600,8.4300,26071553,221539956.9800
2022-02-24,sz.000012,8.5500,8.5700,8.2700,8.5400,8.5600,29003815,244378929.2400
2022-02-25,sz.000012,8.5200,8.5900,8.3100,8.3500,8.5400,20138301,170350547.7600
2022-02-28,sz.000012,8.3600,8.4100,8.2000,8.3100,8.3500,13494043,111883519.0000
2022-03-01,sz.000012,8.3500,8.6400,8.3000,8.5200,8.3100,28413492,242144397.0000
2022-03-02,sz.000012,8.4800,8.5200,8.4100,8.4600,8.5200,11706957,98871855.0000
2022-03-03,sz.000012,8.5300,8.5300,8.4300,8.4400,8.4600,12211138,103359448.0000
2022-03-04,sz.000012,8.4100,8.4200,8.3100,8.3500,8.4400,10712754,89407447.0000
2022-03-07,sz.000012,8.3500,8.3500,7.9800,8.0100,8.3500,23977342,194205895.0000
2022-03-08,sz.000012,8.0000,8.0300,7.6000,7.7300,8.0100,19670123,153128037.0000
2022-03-09,sz.000012,7.7500,7.7900,7.1100,7.5700,7.7300,25718074,193034485.0000
2022-03-10,sz.000012,7.7200,7.9400,7.6600,7.8800,7.5700,23695410,185891074.0000
2022-03-11,sz.000012,7.8200,7.9200,7.6200,7.8700,7.8800,14153340,109873729.0000
2022-03-14,sz.000012,7.8100,7.9200,7.6100,7.6200,7.8700,13823600,107368416.0000
2022-03-15,sz.000012,7.6000,7.6400,7.1400,7.1600,7.6200,22658342,167155998.0000
2022-03-16,sz.000012,7.3000,7.3900,6.9100,7.3400,7.1600,28123741,200897484.0000
2022-03-17,sz.000012,7.5400,7.7600,7.4800,7.5600,7.3400,26071068,198463627.0000
2022-03-18,sz.000012,7.5200,8.0300,7.4500,7.9800,7.5600,39167334,307443466.8700
2022-03-21,sz.000012,8.2900,8.4000,7.7700,7.8400,7.9800,49095274,392059395.8400
2022-03-22,sz.000012,7.7600,7.8300,7.5700,7.6700,7.8400,30896469,237016688.7600
2022-03-23,sz.000012,7.7600,7.8900,7.5800,7.6600,7.6700,22698147,174772451.3900
2022-03-24,sz.000012,7.5700,7.5800,7.3900,7.5200,7.6600,26178273,195339692.4500
2022-03-25,sz.000012,7.4800,7.6800,7.3500,7.3500,7.5200,30593598,228703799.4400
2022-03-28,sz.000012,7.2500,7.3400,7.0700,7.2300,7.3500,21362035,153710099.9500
2022-03-29,sz.000012,7.3300,7.3300,7.0700,7.1100,7.2300,20707116,148366825.9800
2022-03-30,sz.000012,7.1900,7.4300,7.1700,7.4200,7.1100,25735630,188130961.4500
2022-03-31,sz.000012,7.4200,7.5200,7.3500,7.4200,7.4200,19079497,141855406.9500
2022-04-01,sz.000012,7.3500,7.4200,7.2600,7.3900,7.4200,14607493,107381306.2400
2022-04-06,sz.000012,7.4300,7.5000,7.3100,7.4700,7.3900,17151008,127224259.7200
2022-04-07,sz.000012,7.4300,7.6200,7.3000,7.3000,7.4700,23084258,172485404.1800
2022-04-08,sz.000012,7.3000,7.4300,7.2000,7.4200,7.3000,17704951,129926226.0600
2022-04-11,sz.000012,7.3600,7.4500,7.0400,7.0800,7.4200,25217258,181455459.2400
2022-04-12,sz.000012,7.0400,7.0700,6.7700,7.0000,7.0800,29132986,201469865.1400
2022-04-13,sz.000012,6.9200,6.9500,6.7300,6.8200,7.0000,16752940,114486658.2000
2022-04-14,sz.000012,6.8400,6.9900,6.7900,6.9400,6.8200,13748510,94885287.5200
2022-04-15,sz.000012,6.8700,7.0200,6.8300,6.8500,6.9400,12975086,89914032.9100
2022-04-18,sz.000012,6.8400,6.9000,6.6600,6.8600,6.8500,11345292,77263758.1000
2022-04-19,sz.000012,6.8300,6.9000,6.7100,6.7800,6.8600,15136924,102671983.8700
2022-04-20,sz.000012,6.7900,6.8300,6.5500,6.5800,6.7800,18107214,120794223.1300
2022-04-21,sz.000012,6.4500,6.5100,6.2200,6.2500,6.5800,23559007,149768262.3900
2022-04-22,sz.000012,6.2300,6.3000,6.1400,6.1800,6.2500,17886306,110993082.1100
2022-04-25,sz.000012,6.1000,6.1100,5.6600,5.6700,6.1800,26205896,153960954.9200
2022-04-26,sz.000012,5.7300,5.8500,5.3900,5.4400,5.6700,44682636,251045730.1500
2022-04-27,sz.000012,5.4100,5.5900,5.3700,5.5800,5.4400,63894544,351210526.7000
2022-04-28,sz.000012,5.5300,5.6200,5.4500,5.5200,5.5800,34972098,193636369.4200
2022-04-29,sz.000012,5.6200,5.7000,5.5100,5.6200,5.5200,64366521,360168452.0800
2022-05-05,sz.000012,5.6300,5.8800,5.6100,5.7800,5.6200,52548342,303632667.5400
2022-05-06,sz.000012,5.6500,5.7700,5.5500,5.6400,5.7800,30434955,172150828.8500
2022-05-09,sz.000012,5.6200,5.8100,5.6100,5.6800,5.6400,26512956,151351945.4200
2022-05-10,sz.000012,5.5800,5.7700,5.5500,5.7600,5.6800,44880370,255648223.5700
2022-05-11,sz.000012,5.8100,6.0200,5.8000,5.8200,5.7600,63441266,374182158.5400
2022-05-12,sz.000012,5.8200,5.9300,5.7200,5.8300,5.8200,40711757,237303773.6700
2022-05-13,sz.000012,5.8900,5.9700,5.8100,5.9500,5.8300,44013643,259715729.0300
2022-05-16,sz.000012,6.0000,6.0500,5.7600,5.8000,5.9500,51952217,304610423.0400
2022-05-17,sz.000012,5.8200,5.8800,5.6700,5.8800,5.8000,37310901,215525383.2700
2022-05-18,sz.000012,5.8700,6.0200,5.8200,5.9200,5.8800,43071593,255375018.8200
2022-05-19,sz.000012,5.8100,6.2000,5.7700,6.0900,5.9200,71322634,429248427.1800
2022-05-20,sz.000012,6.1100,6.1600,6.0300,6.1500,6.0900,63335796,386215266.8100
2022-05-23,sz.000012,6.1900,6.2300,6.1000,6.1700,6.1500,44809479,275845304.4500
2022-05-24,sz.000012,6.1800,6.3700,5.9100,5.9300,6.1700,67558001,416248052.1200
2022-05-25,sz.000012,5.9700,6.0200,5.8900,6.0200,5.9300,37408360,223398097.9900
2022-05-26,sz.000012,6.0400,6.1100,5.9100,6.0600,6.0200,31951823,192520599.8600
2022-05-27,sz.000012,6.0900,6.1200,5.9800,6.0700,6.0600,31871879,193121901.0300
2022-05-30,sz.000012,6.1100,6.1300,6.0300,6.1200,6.0700,27955000,170027366.0900
2022-05-31,sz.000012,6.1700,6.2400,6.0600,6.2200,6.1200,50331033,310305686.3200
2022-06-01,sz.000012,6.2200,6.2200,6.1100,6.1500,6.2200,35835989,220808151.6400
2022-06-02,sz.000012,6.1300,6.3500,6.0800,6.3100,6.1500,57818462,361355775.4800
2022-06-06,sz.000012,6.2900,6.3800,6.2300,6.3500,6.3100,49949153,315399351.8500
2022-06-07,sz.000012,6.4400,6.5900,6.3200,6.3900,6.3500,68554508,441807924.3500
2022-06-08,sz.000012,6.3500,6.4200,6.2000,6.3300,6.3900,55527059,351204100.1200
2022-06-09,sz.000012,6.3200,6.3200,6.1300,6.1800,6.3300,34466429,214345415.6600
2022-06-10,sz.000012,6.1400,6.3300,6.1100,6.3200,6.1800,37221150,232706635.8200
2022-06-13,sz.000012,6.3000,6.3700,6.2500,6.3300,6.3200,38396374,242467234.9100
2022-06-14,sz.000012,6.3000,6.3400,6.0700,6.3200,6.3300,41511359,257567610.7400
2022-06-15,sz.000012,6.3200,6.8700,6.2900,6.6900,6.3200,111571518,736541095.0400
2022-06-16,sz.000012,6.6700,6.7600,6.5800,6.7200,6.6900,78188440,522952372.8400
2022-06-17,sz.000012,6.6100,7.0400,6.6000,7.0200,6.7200,87898221,607561824.4600
2022-06-20,sz.000012,7.0900,7.2500,6.9000,6.9600,7.0200,84567329,594609625.3500
2022-06-21,sz.000012,6.8900,7.0500,6.8400,7.0300,6.9600,59272260,412093375.8900
2022-06-22,sz.000012,7.0000,7.5500,6.8600,7.4400,7.0300,87506587,632451738.8400
2022-06-23,sz.000012,7.5300,7.6700,7.2600,7.6600,7.4400,56956572,425035429.6900
2022-06-24,sz.000012,7.4600,7.8300,7.3900,7.6000,7.4600,66738323,511127526.6400
2022-06-27,sz.000012,7.6900,7.7500,7.3900,7.4700,7.6000,50544777,378963979.3100
2022-06-28,sz.000012,7.4300,7.4600,7.2900,7.4200,7.4700,36460068,268812502.5800
2022-06-29,sz.000012,7.3900,7.4700,7.2600,7.3200,7.4200,35534195,261672730.8000
2022-06-30,sz.000012,7.3600,7.5900,7.2900,7.4200,7.3200,33560953,249620264.0600
2022-07-01,sz.000012,7.3900,7.4100,7.2700,7.2800,7.4200,23550307,172615628.7900
2022-07-04,sz.000012,7.2700,7.3600,7.0500,7.3000,7.2800,24651811,178545197.6300
2022-07-05,sz.000012,7.3500,7.3600,7.2000,7.3400,7.3000,26384263,192206886.0200
2022-07-06,sz.000012,7.2900,7.2900,7.0600,7.1800,7.3400,20430170,146554798.7600
2022-07-07,sz.000012,7.2100,7.2600,7.1300,7.1600,7.1800,15992215,114908156.2300
2022-07-08,sz.000012,7.2200,7.3300,7.0700,7.1000,7.1600,24541814,176688127.6200
2022-07-11,sz.000012,7.0700,7.0800,6.8000,6.8700,7.1000,29829247,206109985.5400
2022-07-12,sz.000012,6.8300,6.9200,6.7700,6.7800,6.8700,19492118,133324231.2200
2022-07-13,sz.000012,6.8000,6.8900,6.7800,6.8700,6.7800,25560080,174892444.5100
2022-07-14,sz.000012,6.7700,6.9500,6.6100,6.8100,6.8700,26476271,179908988.0300
2022-07-15,sz.000012,6.8100,6.8100,6.5100,6.5100,6.8100,30063631,199237535.3600
2022-07-18,sz.000012,6.5200,6.8300,6.5000,6.7400,6.5100,32021923,212971507.2800
2022-07-19,sz.000012,6.7300,6.7400,6.3300,6.4100,6.7400,66311138,428421844.8100
2022-07-20,sz.000012,6.4200,6.6200,6.3900,6.5300,6.4100,45498336,296943451.0300
2022-07-21,sz.000012,6.5100,6.5300,6.4000,6.4100,6.5300,28428585,183427289.0700
2022-07-22,sz.000012,6.3800,6.4400,6.2000,6.3100,6.4100,28522550,180352309.2900
2022-07-25,sz.000012,6.3100,6.3400,6.1400,6.1600,6.3100,20360421,126534704.0400
2022-07-26,sz.000012,6.1900,6.3900,6.1200,6.3500,6.1600,27345927,172152176.7300
2022-07-27,sz.000012,6.3600,6.5600,6.3100,6.4200,6.3500,33554778,216112687.3000
2022-07-28,sz.000012,6.4200,6.4800,6.3300,6.4000,6.4200,47357630,302558098.4500
2022-07-29,sz.000012,6.4600,6.7400,6.4500,6.6600,6.4000,105055854,692436972.7700
2022-08-01,sz.000012,6.8000,6.9200,6.4500,6.7000,6.6600,123161224,819249811.2800
2022-08-02,sz.000012,6.5000,6.5100,6.2100,6.2100,6.7000,78761018,500128172.0400
2022-08-03,sz.000012,6.2100,6.8300,6.2100,6.6800,6.2100,138697440,933372637.6200
2022-08-04,sz.000012,6.7600,6.8000,6.3500,6.5000,6.6800,109269782,713742408.8500
2022-08-05,sz.000012,6.5700,6.5900,6.3000,6.4400,6.5000,58013321,371394047.4100
2022-08-08,sz.000012,6.4500,6.6900,6.3700,6.6600,6.4400,70470093,463526881.4300
2022-08-09,sz.000012,6.6200,7.0700,6.5800,6.7800,6.6600,94210709,644401998.3500
2022-08-10,sz.000012,6.7200,6.9800,6.6400,6.8500,6.7800,66461821,454838810.7000
2022-08-11,sz.000012,6.9000,6.9400,6.7600,6.9300,6.8500,64075723,439358470.4400
2022-08-12,sz.000012,6.8900,7.2000,6.8600,7.1000,6.9300,88845613,629490610.1200
2022-08-15,sz.000012,7.0800,7.2000,6.9700,7.1000,7.1000,66401551,468053265.8700
2022-08-16,sz.000012,7.1100,7.1100,6.9900,7.0100,7.1000,52250877,367314099.9500
2022-08-17,sz.000012,6.9900,7.0900,6.9100,6.9400,7.0100,47931891,334243281.4400
2022-08-18,sz.000012,6.9000,6.9900,6.8500,6.8600,6.9400,48449180,334064827.1300
2022-08-19,sz.000012,6.8500,6.9600,6.7600,6.8100,6.8600,53092729,363376277.7200
2022-08-22,sz.000012,6.8100,6.9200,6.7300,6.8200,6.8100,31627817,216102172.6200
2022-08-23,sz.000012,6.7800,6.8800,6.7700,6.8000,6.8200,30060809,204855376.3000
2022-08-24,sz.000012,6.7500,6.7900,6.4600,6.5100,6.8000,59134587,388683312.3900
2022-08-25,sz.000012,6.5100,6.5600,6.3800,6.4400,6.5100,30193051,194444831.7100
2022-08-26,sz.000012,6.4500,6.6100,6.4400,6.5400,6.4400,27876115,182494792.2600
2022-08-29,sz.000012,6.4700,6.5400,6.3500,6.5100,6.5400,23327349,150706939.7000
2022-08-30,sz.000012,6.4900,6.6100,6.4000,6.4500,6.5100,22925162,148091636.4000
2022-08-31,sz.000012,6.4900,6.6200,6.4400,6.5200,6.4500,37779820,246650567.5700
2022-09-01,sz.000012,6.5000,6.6500,6.4800,6.5800,6.5200,35949981,236509937.4100
2022-09-02,sz.000012,6.6200,6.6400,6.4300,6.4900,6.5800,28620693,185612072.3900
2022-09-05,sz.000012,6.4800,6.5200,6.4300,6.4700,6.4900,15492744,100162816.6800
2022-09-06,sz.000012,6.4900,6.8500,6.4700,6.7900,6.4700,52752677,351547071.8700
2022-09-07,sz.000012,6.7400,7.1000,6.7100,7.0600,6.7900,84222962,589033346.8200
2022-09-08,sz.000012,7.0500,7.0600,6.9100,6.9800,7.0600,36397774,253924313.2100
2022-09-09,sz.000012,6.9600,6.9900,6.8600,6.9900,6.9800,30413941,211164035.3100
2022-09-13,sz.000012,7.0000,7.0400,6.8900,6.9100,6.9900,29591189,205604710.1500
2022-09-14,sz.000012,7.6000,7.6000,7.6000,7.6000,6.9100,39271669,298464684.4000
2022-09-15,sz.000012,8.3500,8.3500,7.5000,7.6700,7.6000,262533498,2072377496.7000
2022-09-16,sz.000012,7.6200,7.6900,7.1400,7.2600,7.6700,143510888,1054346586.9600
2022-09-19,sz.000012,7.1600,7.3200,6.9300,6.9500,7.2600,95250513,675069023.2300
2022-09-20,sz.000012,7.0500,7.6500,7.0100,7.5300,6.9500,191019517,1430228479.3400
2022-09-21,sz.000012,7.4000,7.5700,7.2000,7.4500,7.5300,142181145,1049944149.3600
2022-09-22,sz.000012,7.4900,7.8100,7.3800,7.4700,7.4500,116365184,883037175.0200
2022-09-23,sz.000012,7.5400,7.6300,7.3800,7.5200,7.4700,94312735,709323380.8600
2022-09-26,sz.000012,7.3800,7.4500,7.1800,7.2100,7.5200,73922102,540204972.7400
2022-09-27,sz.000012,7.2200,7.8700,7.2200,7.7000,7.2100,143895562,1097599839.0100
2022-09-28,sz.000012,7.6000,7.6300,7.3500,7.3700,7.7000,82882164,620191761.0800
2022-09-29,sz.000012,7.5000,7.5500,7.2600,7.3500,7.3700,61277719,451206076.9400
2022-09-30,sz.000012,7.2200,7.2900,6.9400,6.9400,7.3500,72319789,509370588.3100
2022-10-10,sz.000012,6.9400,7.0100,6.7000,6.8000,6.9400,53660146,366105348.7800
2022-10-11,sz.000012,6.8100,6.8300,6.6600,6.7500,6.8000,40479802,272993127.9600
2022-10-12,sz.000012,6.7500,6.9200,6.4400,6.9000,6.7500,66062423,439336274.2200
2022-10-13,sz.000012,6.7500,6.8600,6.6600,6.6700,6.9000,53700612,362495289.8600
2022-10-14,sz.000012,6.7700,7.0400,6.7100,6.9400,6.6700,86567784,595286105.9500
2022-10-17,sz.000012,6.8400,6.9300,6.7600,6.9100,6.9400,57730749,394998309.8800
2022-10-18,sz.000012,6.9300,7.3600,6.9100,7.2000,6.9100,107681354,770570226.7800
2022-10-19,sz.000012,7.1100,7.1700,7.0100,7.0100,7.2000,49844132,353308888.9700
2022-10-20,sz.000012,6.9600,6.9900,6.8000,6.8600,7.0100,45534857,313273945.7000
2022-10-21,sz.000012,6.8500,6.9100,6.7000,6.7400,6.8600,39698590,269428411.3800
2022-10-24,sz.000012,6.7700,6.8800,6.5400,6.6200,6.7400,35118292,235385101.6900
2022-10-25,sz.000012,6.7700,7.2300,6.7700,7.0200,6.6200,107744581,755372139.9600
2022-10-26,sz.000012,7.0300,7.3900,6.9400,7.1700,7.0200,108203928,776193875.2300
2022-10-27,sz.000012,7.2000,7.3200,7.0900,7.1000,7.1700,60812801,435953076.0000
2022-10-28,sz.000012,7.0800,7.0900,6.6700,6.7000,7.1000,69473144,474541420.9300
2022-10-31,sz.000012,6.8600,7.0000,6.8100,6.8800,6.7000,58383237,403743005.2800
2022-11-01,sz.000012,6.8400,7.1800,6.8100,7.1400,6.8800,67888923,476580622.8300
2022-11-02,sz.000012,7.0600,7.4400,7.0300,7.2200,7.1400,81552033,586268560.7000
2022-11-03,sz.000012,7.1400,7.3600,7.0900,7.2500,7.2200,52657385,381303190.2900
2022-11-04,sz.000012,7.2500,7.7500,7.2500,7.5500,7.2500,127500554,961074816.0900
2022-11-07,sz.000012,7.6000,7.6300,7.4400,7.4700,7.5500,68167796,512337937.7800
2022-11-08,sz.000012,7.4600,7.6200,7.4000,7.5300,7.4700,58259931,438255749.9800
2022-11-09,sz.000012,7.5000,7.7900,7.4000,7.4000,7.5300,79098193,596994434.1500
2022-11-10,sz.000012,7.3300,7.4100,7.2800,7.3400,7.4000,40717298,298892091.7100
2022-11-11,sz.000012,7.5000,7.6000,7.3600,7.4100,7.3400,62389389,465684010.3800
2022-11-14,sz.000012,7.4100,7.5800,7.3000,7.3300,7.4100,61702394,459981156.0800
2022-11-15,sz.000012,7.3300,7.4800,7.2800,7.4300,7.3300,53121586,392532004.6200
2022-11-16,sz.000012,7.4000,7.4300,7.3000,7.3300,7.4300,32500239,238990556.7200
2022-11-17,sz.000012,7.2800,7.2900,7.1000,7.1800,7.3300,43322048,310850990.4700
2022-11-18,sz.000012,7.1900,7.3200,7.1000,7.1400,7.1800,46350503,333294920.6100
2022-11-21,sz.000012,7.0500,7.1600,6.9800,7.1300,7.1400,33342959,235640899.5800
2022-11-22,sz.000012,7.1300,7.1400,7.0000,7.0400,7.1300,42722382,301321047.0500
2022-11-23,sz.000012,7.0800,7.1000,6.9900,7.0900,7.0400,37017421,260599437.6600
2022-11-24,sz.000012,7.1000,7.1500,7.0700,7.1000,7.0900,24555671,174480042.1800
2022-11-25,sz.000012,7.0600,7.1200,7.0000,7.0900,7.1000,22671022,160118230.6200
2022-11-28,sz.000012,7.0000,7.0700,6.8700,7.0700,7.0900,31996220,223099753.6100
2022-11-29,sz.000012,7.0500,7.4000,7.0400,7.3800,7.0700,75202758,546932985.2800
2022-11-30,sz.000012,7.3800,7.4500,7.2200,7.2500,7.3800,44622939,326784101.4700
2022-12-01,sz.000012,7.3300,7.4000,7.2400,7.2700,7.2500,34423818,251777885.6000
2022-12-02,sz.000012,7.2500,7.3000,7.2100,7.2600,7.2700,27390376,198527116.3800
2022-12-05,sz.000012,7.2700,7.3900,7.2300,7.3700,7.2600,47262152,346502739.7200
2022-12-06,sz.000012,7.3500,7.4300,7.2900,7.3500,7.3700,33377079,245583494.2800
2022-12-07,sz.000012,7.3200,7.4000,7.2300,7.3400,7.3500,37682350,275288050.8300
2022-12-08,sz.000012,7.3100,7.3200,7.1000,7.1600,7.3400,40367383,290967270.8700
2022-12-09,sz.000012,7.1900,7.3700,7.1600,7.3300,7.1600,49413026,359809588.2300
2022-12-12,sz.000012,7.3000,7.3100,7.0400,7.0600,7.3300,50020681,355505997.0400
2022-12-13,sz.000012,7.0300,7.1100,7.0200,7.0600,7.0600,24020685,169456127.1000
2022-12-14,sz.000012,7.0100,7.1200,7.0100,7.0800,7.0600,23207352,164120227.1800
2022-12-15,sz.000012,7.0900,7.2000,7.0400,7.1000,7.0800,23564895,167401227.0300
2022-12-16,sz.000012,7.0700,7.1300,7.0000,7.0400,7.1000,19561598,137834526.1100
2022-12-19,sz.000012,7.0100,7.1300,6.8800,6.9300,7.0400,30694181,214374286.4400
2022-12-20,sz.000012,6.9100,6.9400,6.8000,6.8700,6.9300,15326169,105162482.0800
2022-12-21,sz.000012,6.9000,7.0100,6.8500,6.8900,6.8700,15271899,105582054.2400
2022-12-22,sz.000012,6.9100,6.9400,6.6600,6.7000,6.8900,21130930,143097799.1900
2022-12-23,sz.000012,6.6300,6.7200,6.6200,6.6400,6.7000,14756236,98360787.4100
2022-12-26,sz.000012,6.6600,6.8200,6.6200,6.8100,6.6400,17707999,119435916.0600
2022-12-27,sz.000012,6.8100,6.8400,6.7700,6.8100,6.8100,9880538,67294371.7300
2022-12-28,sz.000012,6.8100,6.8300,6.7200,6.7600,6.8100,11092326,75021231.5000
2022-12-29,sz.000012,6.7200,6.7600,6.6600,6.6600,6.7600,11406513,76360723.4100
2022-12-30,sz.000012,6.7200,6.7300,6.6600,6.7100,6.6600,10171235,68077308.8300
2023-01-03,sz.000012,6.6700,6.7300,6.5300,6.7100,6.7100,35825431,237775906.1100
2023-01-04,sz.000012,6.6700,6.7800,6.6500,6.7200,6.7100,21089094,141902199.9400
2023-01-05,sz.000012,6.7500,6.8700,6.7100,6.8500,6.7200,27403144,186012348.5700
2023-01-06,sz.000012,6.8200,6.9600,6.8000,6.8500,6.8500,31183362,214945743.6900
2023-01-09,sz.000012,6.8700,6.9500,6.8200,6.8500,6.8500,23414594,161060417.9600
2023-01-10,sz.000012,6.8600,6.9400,6.8000,6.9100,6.8500,22969745,157962251.2400
2023-01-11,sz.000012,6.8600,6.8900,6.7800,6.8100,6.9100,20493256,139874458.7500
2023-01-12,sz.000012,6.8300,6.8600,6.7600,6.7800,6.8100,12614176,85845302.0000
2023-01-13,sz.000012,6.8100,6.8800,6.8100,6.8800,6.7800,15919707,108971635.5300
2023-01-16,sz.000012,6.8800,7.0100,6.8500,6.9400,6.8800,29895071,207710422.4500
2023-01-17,sz.000012,6.9800,6.9900,6.8900,6.9400,6.9400,12703887,87966501.1600
2023-01-18,sz.000012,6.9300,7.0000,6.9200,6.9700,6.9400,14268274,99336829.6600
2023-01-19,sz.000012,6.9700,6.9900,6.9100,6.9900,6.9700,14044701,97749433.9100
2023-01-20,sz.000012,7.0000,7.1200,6.9700,7.1000,6.9900,26443021,186851268.2400
2023-01-30,sz.000012,7.1600,7.2000,7.0600,7.1000,7.1000,44990350,320368336.7000
2023-01-31,sz.000012,7.0500,7.2900,7.0400,7.2300,7.1000,51594210,371412120.1200
2023-02-01,sz.000012,7.2500,7.3800,7.1800,7.2900,7.2300,45706050,332091406.6100
2023-02-02,sz.000012,7.2500,7.2600,7.1700,7.2000,7.2900,31871974,229802338.3300
2023-02-03,sz.000012,7.2200,7.2400,7.0800,7.2000,7.2000,33814175,242241132.3000
2023-02-06,sz.000012,7.1200,7.1600,7.0700,7.0800,7.2000,21301231,151362969.6700
2023-02-07,sz.000012,7.1800,7.2000,7.0800,7.1400,7.0800,21689744,154821818.6700
2023-02-08,sz.000012,7.1200,7.1600,7.0800,7.1100,7.1400,19752770,140474657.5300
2023-02-09,sz.000012,7.1500,7.2400,7.1100,7.1600,7.1100,40913064,293028733.6400
2023-02-10,sz.000012,7.1300,7.1600,7.0700,7.1100,7.1600,25114015,178533574.4800
2023-02-13,sz.000012,7.0900,7.1800,7.0600,7.1600,7.1100,29783507,212490328.4500
2023-02-14,sz.000012,7.1800,7.2300,7.1000,7.1500,7.1600,31660979,226681742.7300
2023-02-15,sz.000012,7.1500,7.1600,7.0600,7.0700,7.1500,28058412,199150081.7800
2023-02-16,sz.000012,7.0600,7.1100,6.8100,6.8300,7.0700,45813785,319639027.5700
2023-02-17,sz.000012,6.8400,6.9100,6.8200,6.8200,6.8300,21245459,145882373.9300
2023-02-20,sz.000012,6.8500,7.0300,6.8300,7.0200,6.8200,28710128,199526794.3200
2023-02-21,sz.000012,7.0300,7.1200,7.0100,7.1000,7.0200,34638473,245361661.6900
2023-02-22,sz.000012,7.0700,7.1000,7.0200,7.0500,7.1000,16513792,116496767.4400
2023-02-23,sz.000012,7.0800,7.0900,7.0000,7.0400,7.0500,13618303,95873271.8500
2023-02-24,sz.000012,7.0200,7.0400,6.9100,6.9500,7.0400,18582171,129296347.3200
2023-02-27,sz.000012,6.9400,6.9600,6.8800,6.9000,6.9500,14892612,103001298.9300
2023-02-28,sz.000012,6.9200,6.9600,6.8600,6.9600,6.9000,13971330,96588101.5900
2023-03-01,sz.000012,6.9400,6.9800,6.9200,6.9700,6.9600,19930988,138766519.2700
2023-03-02,sz.000012,6.9700,7.0000,6.9200,6.9300,6.9700,16673005,115994796.4300
2023-03-03,sz.000012,6.9600,6.9700,6.8900,6.9500,6.9300,16855022,116918527.0500
2023-03-06,sz.000012,6.9600,6.9600,6.8800,6.9000,6.9500,20552241,142060891.7600
2023-03-07,sz.000012,6.9000,6.9300,6.7700,6.7800,6.9000,24840976,170168065.9400
2023-03-08,sz.000012,6.7600,6.8000,6.7300,6.8000,6.7800,14186967,96124020.9000
2023-03-09,sz.000012,6.8000,6.8200,6.7400,6.7500,6.8000,13264932,89734170.9200
2023-03-10,sz.000012,6.7300,6.7500,6.6300,6.6600,6.7500,18160665,121156157.2600
2023-03-13,sz.000012,6.6300,6.6900,6.5800,6.6500,6.6600,16571265,109926147.2000
2023-03-14,sz.000012,6.6600,6.6600,6.4700,6.5300,6.6500,19128708,125305853.8700
2023-03-15,sz.000012,6.5400,6.6600,6.5400,6.6500,6.5300,12637894,83739776.6500
2023-03-16,sz.000012,6.6100,6.6400,6.5500,6.5600,6.6500,12193485,80332731.4800
2023-03-17,sz.000012,6.6200,6.6600,6.5800,6.6400,6.5600,14102266,93415443.4700
2023-03-20,sz.000012,6.7800,6.7800,6.6400,6.6700,6.6400,17551379,117235370.7600
2023-03-21,sz.000012,6.6800,6.7000,6.6500,6.6900,6.6700,10430199,69636721.2100
2023-03-22,sz.000012,6.7100,6.8300,6.6800,6.8200,6.6900,24369006,164590698.8800
2023-03-23,sz.000012,6.8700,7.0900,6.8000,7.0300,6.8200,66545569,465914293.1600
2023-03-24,sz.000012,6.9500,6.9800,6.8800,6.9600,7.0300,32728547,226751782.6300
2023-03-27,sz.000012,6.9800,6.9800,6.8600,6.8700,6.9600,22820115,157341075.9300
2023-03-28,sz.000012,6.8800,6.8800,6.7600,6.8100,6.8700,17840551,121318767.1200
2023-03-29,sz.000012,6.7700,6.8000,6.6900,6.7500,6.8100,15690758,105666658.4400
2023-03-30,sz.000012,6.7100,6.7700,6.6600,6.7400,6.7500,17145838,115060003.0400
2023-03-31,sz.000012,6.7400,6.7900,6.6600,6.7100,6.7400,20596278,138595814.1600
2023-04-03,sz.000012,6.6800,6.7800,6.6400,6.7600,6.7100,25032476,167938161.7700
2023-04-04,sz.000012,6.7700,6.7800,6.6800,6.7100,6.7600,15593711,104790385.3300
2023-04-06,sz.000012,6.7200,6.7200,6.6500,6.6500,6.7100,12805604,85464807.1800
2023-04-07,sz.000012,6.6500,6.7000,6.6400,6.6600,6.6500,10934447,72967544.9900
2023-04-10,sz.000012,6.6700,6.7100,6.6200,6.6500,6.6600,15498662,103211173.7400
2023-04-11,sz.000012,6.6400,6.6500,6.5800,6.6400,6.6500,14911416,98670509.6200
2023-04-12,sz.000012,6.6500,6.6900,6.6200,6.6600,6.6400,13687404,91089968.3800
2023-04-13,sz.000012,6.6600,6.6700,6.5900,6.6100,6.6600,16466684,108808270.8800
2023-04-14,sz.000012,6.6000,6.6400,6.6000,6.6000,6.6100,11769331,77786086.3400
2023-04-17,sz.000012,6.6200,6.7400,6.6000,6.7300,6.6000,26684987,178893507.3200
2023-04-18,sz.000012,6.7200,6.8000,6.6800,6.7500,6.7300,19267200,129944512.6700
2023-04-19,sz.000012,6.9500,7.0300,6.8000,6.8000,6.7500,47132945,325566622.9300
2023-04-20,sz.000012,6.7400,6.7800,6.6800,6.7400,6.8000,22973889,154225753.0000
2023-04-21,sz.000012,6.7500,6.9000,6.7100,6.7100,6.7400,27479030,186816743.3600
2023-04-24,sz.000012,6.6800,6.6900,6.5800,6.6100,6.7100,21576261,142784746.9100
2023-04-25,sz.000012,6.6000,6.6600,6.4700,6.4900,6.6100,20166686,131744276.0600
2023-04-26,sz.000012,6.5500,6.6600,6.4800,6.5600,6.4900,22224529,145794783.8900
2023-04-27,sz.000012,6.5700,6.5700,6.4800,6.5100,6.5600,21522456,140128305.9500
2023-04-28,sz.000012,6.5200,6.5700,6.5000,6.5700,6.5100,20388660,133209168.3800
2023-05-04,sz.000012,6.5400,6.5800,6.5100,6.5300,6.5700,25503178,166733521.5100
2023-05-05,sz.000012,6.5300,6.5400,6.4700,6.5200,6.5300,15949888,103664707.4900
2023-05-08,sz.000012,6.5100,6.5500,6.4900,6.5400,6.5200,20599606,134438072.1500
2023-05-09,sz.000012,6.5300,6.5800,6.4900,6.5400,6.5400,19267887,125881512.3400
2023-05-10,sz.000012,6.5400,6.6200,6.5100,6.6100,6.5400,18201326,119484766.0300
2023-05-11,sz.000012,6.6200,6.6200,6.5600,6.5800,6.6100,11150171,73418354.8400
2023-05-12,sz.000012,6.5800,6.5800,6.5000,6.5200,6.5800,11500356,75163886.3900
2023-05-15,sz.000012,6.5100,6.5600,6.4900,6.5500,6.5200,11174242,72874626.5500
2023-05-16,sz.000012,6.5500,6.5500,6.4600,6.4700,6.5500,17277211,112135342.7200
2023-05-17,sz.000012,6.4600,6.4900,6.4500,6.4800,6.4700,7405133,47911939.7100
2023-05-18,sz.000012,6.4900,6.4900,6.3900,6.4100,6.4800,12312692,79308072.2800
2023-05-19,sz.000012,6.4100,6.4100,6.3000,6.3300,6.4100,13730584,86941630.4400
2023-05-22,sz.000012,6.3200,6.3300,6.2900,6.3300,6.3300,9779426,61692916.1000
2023-05-23,sz.000012,6.3100,6.4100,6.3100,6.3600,6.3300,10180130,64829993.9000
2023-05-24,sz.000012,6.3500,6.3800,6.3100,6.3400,6.3600,8355900,52975835.2700
2023-05-25,sz.000012,6.3400,6.3400,6.2600,6.2900,6.3400,11282847,70977409.3700
2023-05-26,sz.000012,6.2800,6.2900,6.1200,6.1900,6.2900,14207373,87875260.4500
2023-05-29,sz.000012,6.1500,6.2000,6.1400,6.1700,6.1900,8329912,51360792.3400
2023-05-30,sz.000012,6.1500,6.2000,6.0800,6.1600,6.1700,9891427,60723757.1200
2023-05-31,sz.000012,6.1300,6.1500,6.0900,6.1000,6.1600,6967629,42577760.6300
2023-06-01,sz.000012,6.1100,6.1400,6.0700,6.1200,6.1000,7967875,48725887.9600
2023-06-02,sz.000012,6.1300,6.3000,6.1200,6.2800,6.1200,18346684,114256077.9900
2023-06-05,sz.000012,6.2800,6.2800,6.1800,6.2100,6.2800,11901664,73959096.7100
2023-06-06,sz.000012,6.1800,6.2000,6.1100,6.1200,6.2100,10788055,66404909.7500
2023-06-07,sz.000012,6.1000,6.1600,6.0200,6.0500,6.1200,14758130,89704202.2600
2023-06-08,sz.000012,6.0400,6.0500,5.8800,5.9300,6.0500,27131296,160733203.6400
2023-06-09,sz.000012,5.9100,6.0200,5.8400,6.0200,5.9300,36150516,215516845.5800
2023-06-12,sz.000012,6.0000,6.0800,5.9200,6.0700,6.0200,16412875,98575250.9600
2023-06-13,sz.000012,6.0600,6.1000,6.0300,6.0500,6.0700,8152197,49357965.3500
2023-06-14,sz.000012,6.0600,6.0900,6.0300,6.0400,6.0500,7069149,42823675.6700
2023-06-15,sz.000012,6.0500,6.1500,6.0300,6.1400,6.0400,13512513,82623712.2100
2023-06-16,sz.000012,6.1500,6.1700,6.1000,6.1200,6.1400,11389051,69812715.7300
2023-06-19,sz.000012,6.1200,6.1200,5.9900,6.0300,6.1200,12587185,76011971.0500
2023-06-20,sz.000012,6.0300,6.0300,5.9500,5.9600,6.0300,9509500,56813434.4900
2023-06-21,sz.000012,5.9500,5.9800,5.9100,5.9100,5.9600,7840257,46538017.9500
2023-06-26,sz.000012,5.9100,5.9100,5.8200,5.8200,5.9100,11557621,67630668.1800
2023-06-27,sz.000012,5.8400,5.9100,5.8300,5.8800,5.8200,10600196,62296389.8300
2023-06-28,sz.000012,5.8900,5.9000,5.8100,5.8800,5.8800,8827145,51601300.3700
2023-06-29,sz.000012,5.8800,5.9300,5.8600,5.9000,5.8800,9304649,54932253.6200
2023-06-30,sz.000012,5.8900,5.9900,5.8800,5.9600,5.9000,9706265,57809884.4300
2023-07-03,sz.000012,5.9500,6.0800,5.9500,6.0700,5.9600,14714638,89123568.0600
2023-07-04,sz.000012,6.0600,6.0800,5.9900,6.0300,6.0700,10352847,62388459.5600
2023-07-05,sz.000012,6.0200,6.0400,5.9900,6.0100,6.0300,7338136,44107503.8600
2023-07-06,sz.000012,6.0100,6.0100,5.9500,5.9600,6.0100,9527489,56885811.5600
2023-07-07,sz.000012,5.9700,6.0000,5.9300,5.9600,5.9600,9112718,54339878.9600
2023-07-10,sz.000012,5.9900,6.0300,5.9800,6.0200,5.9600,9494912,57088294.7400
2023-07-11,sz.000012,6.0200,6.0500,6.0100,6.0400,6.0200,8246312,49748367.9500
2023-07-12,sz.000012,6.0500,6.0600,6.0000,6.0200,6.0400,10863446,65538288.4300
2023-07-13,sz.000012,6.0100,6.0600,6.0100,6.0400,6.0200,13029706,78597128.8000
2023-07-14,sz.000012,5.9300,5.9300,5.8800,5.8800,5.8900,11160803,65795675.0000
2023-07-17,sz.000012,5.8900,5.9000,5.8100,5.8400,5.8800,8352029,48720863.6600
2023-07-18,sz.000012,5.8300,5.9100,5.8200,5.9000,5.8400,11837900,69547939.5800
2023-07-19,sz.000012,5.9000,5.9300,5.8900,5.9200,5.9000,10073565,59554447.1400
2023-07-20,sz.000012,5.9400,5.9800,5.9000,5.9200,5.9200,13239216,78731445.7200
2023-07-21,sz.000012,5.9100,5.9600,5.8800,5.9300,5.9200,9449921,56015144.5600
2023-07-24,sz.000012,5.9300,5.9500,5.8600,5.8800,5.9300,10511973,61962522.4300
2023-07-25,sz.000012,5.9200,6.0100,5.8800,6.0000,5.8800,22485716,134710258.6100
2023-07-26,sz.000012,6.0100,6.0500,6.0000,6.0400,6.0000,15047527,90656270.7000
2023-07-27,sz.000012,6.0400,6.0500,5.9900,6.0100,6.0400,11874686,71586819.4200
2023-07-28,sz.000012,6.0100,6.1000,5.9900,6.0900,6.0100,17901062,108552502.7700
2023-07-31,sz.000012,6.1300,6.1800,6.1200,6.1400,6.0900,18166562,111690274.5000
2023-08-01,sz.000012,6.1600,6.1900,6.1300,6.1800,6.1400,13778556,84847969.0400
2023-08-02,sz.000012,6.1800,6.1800,6.1400,6.1800,6.1800,12753260,78598590.8000
2023-08-03,sz.000012,6.1700,6.1900,6.1400,6.1700,6.1800,12503859,77135566.0600
2023-08-04,sz.000012,6.1900,6.2200,6.1600,6.1800,6.1700,14226298,87963132.3800
2023-08-07,sz.000012,6.1700,6.1700,6.0800,6.1000,6.1800,14329293,87519686.9300
2023-08-08,sz.000012,6.0900,6.1400,6.0800,6.1000,6.1000,9826677,59904519.3900
2023-08-09,sz.000012,6.0900,6.1200,6.0700,6.0900,6.1000,8618146,52457411.9300
2023-08-10,sz.000012,6.1000,6.1200,6.0600,6.0800,6.0900,9041277,55021706.7500
2023-08-11,sz.000012,6.0800,6.0900,5.9900,5.9900,6.0800,11993595,72333236.8500
2023-08-14,sz.000012,5.9500,5.9800,5.8900,5.9500,5.9900,10113702,60043314.6900
2023-08-15,sz.000012,5.9900,6.0000,5.8800,5.9200,5.9500,11766269,69510704.4300
2023-08-16,sz.000012,5.9200,6.0200,5.8800,5.9200,5.9200,10678611,63540735.1800
2023-08-17,sz.000012,5.9100,5.9400,5.8600,5.9200,5.9200,9883417,58296159.6500
2023-08-18,sz.000012,5.9000,5.9500,5.8600,5.8600,5.9200,12528372,73797527.7800
2023-08-21,sz.000012,5.8600,5.9100,5.8300,5.8300,5.8600,10414857,61058981.7000
2023-08-22,sz.000012,5.8400,5.8700,5.7600,5.8100,5.8300,11338972,65716747.2800
2023-08-23,sz.000012,5.8000,5.8100,5.7400,5.7400,5.8100,8637361,49870931.5700
2023-08-24,sz.000012,5.7400,5.7700,5.7000,5.7300,5.7400,10405009,59701387.6500
2023-08-25,sz.000012,5.7100,5.7600,5.6500,5.6600,5.7300,11547177,65717996.7600
2023-08-28,sz.000012,5.8500,5.9800,5.7300,5.7600,5.6600,20249520,118102440.8400
2023-08-29,sz.000012,5.7600,5.8400,5.7100,5.8300,5.7600,17057242,98701603.0100
2023-08-30,sz.000012,5.8400,6.1700,5.8200,6.0500,5.8300,39105432,233377989.1000
2023-08-31,sz.000012,6.0000,6.0000,5.8600,5.8900,6.0500,32632185,193006523.8400
2023-09-01,sz.000012,5.8900,5.9200,5.8200,5.8500,5.8900,18985842,111322359.5500
2023-09-04,sz.000012,5.8400,5.9100,5.8300,5.9100,5.8500,23714949,139400612.1500
2023-09-05,sz.000012,5.8800,5.8900,5.8400,5.8600,5.9100,15219327,89143666.5900
2023-09-06,sz.000012,5.8400,5.8500,5.8100,5.8300,5.8600,10434717,60787219.4900
2023-09-07,sz.000012,5.8400,5.8400,5.7400,5.7500,5.8300,12557340,72683038.6000
2023-09-08,sz.000012,5.7400,5.7500,5.6800,5.7000,5.7500,9914645,56550429.9700
2023-09-11,sz.000012,5.7200,5.7700,5.6800,5.7400,5.7000,9126981,52249241.4300
2023-09-12,sz.000012,5.7300,5.7800,5.7200,5.7500,5.7400,8880774,51039254.2000
2023-09-13,sz.000012,5.7500,5.7500,5.6700,5.6900,5.7500,10402894,59305034.5200
2023-09-14,sz.000012,5.6800,5.7000,5.6600,5.6900,5.6900,9025324,51278349.8000
2023-09-15,sz.000012,5.7000,5.7400,5.6800,5.7000,5.6900,6912639,39470725.2600
2023-09-18,sz.000012,5.6900,5.7400,5.6700,5.7200,5.7000,6511245,37207989.6900
2023-09-19,sz.000012,5.7200,5.7300,5.6900,5.7100,5.7200,5307826,30304480.4500
2023-09-20,sz.000012,5.7000,5.7100,5.6700,5.6800,5.7100,6238190,35489508.9800
2023-09-21,sz.000012,5.6800,5.7000,5.6600,5.6600,5.6800,6214178,35272322.4800
2023-09-22,sz.000012,5.6500,5.7300,5.6400,5.7200,5.6600,9206225,52389461.5400
2023-09-25,sz.000012,5.7200,5.7200,5.6600,5.6800,5.7200,7192856,40869883.5500
2023-09-26,sz.000012,5.6700,5.6900,5.6000,5.6000,5.6800,8688510,48990927.0000
2023-09-27,sz.000012,5.6000,5.6600,5.5900,5.6300,5.6000,8894410,50101387.2100
2023-09-28,sz.000012,5.6400,5.6700,5.6200,5.6400,5.6300,6063127,34234146.5500
2023-10-09,sz.000012,5.6400,5.6500,5.6000,5.6100,5.6400,8802742,49417609.1900
2023-10-10,sz.000012,5.6100,5.6300,5.4200,5.4600,5.6100,19563861,107826515.6300
2023-10-11,sz.000012,5.4600,5.5000,5.4400,5.4600,5.4600,8790938,48105566.4700
2023-10-12,sz.000012,5.4700,5.5400,5.4600,5.5200,5.4600,10972351,60380668.7300
2023-10-13,sz.000012,5.5200,5.5200,5.4300,5.4800,5.5200,8843105,48282646.4400
2023-10-16,sz.000012,5.4700,5.4700,5.4100,5.4500,5.4800,6516741,35444572.9900
2023-10-17,sz.000012,5.4600,5.4600,5.4100,5.4200,5.4500,5895426,32003497.3800
2023-10-18,sz.000012,5.4100,5.4300,5.2800,5.3000,5.4200,11067539,58929910.0600
2023-10-19,sz.000012,5.2700,5.3200,5.1700,5.1900,5.3000,14230941,74390259.2800
2023-10-20,sz.000012,5.1900,5.3000,5.1600,5.2400,5.1900,11348195,59553690.5300
2023-10-23,sz.000012,5.2600,5.2600,5.1000,5.1100,5.2400,10938543,56418801.5400
2023-10-24,sz.000012,5.1200,5.2000,5.1000,5.1700,5.1100,9763378,50325745.8400
2023-10-25,sz.000012,5.2100,5.3000,5.2000,5.2600,5.1700,10228928,53916938.1300
2023-10-26,sz.000012,5.2600,5.2900,5.2000,5.2700,5.2600,8372310,43874226.0300
2023-10-27,sz.000012,5.2800,5.3700,5.2500,5.3500,5.2700,11428650,60841967.0400
2023-10-30,sz.000012,5.3100,5.3800,5.3100,5.3600,5.3500,9394327,50241609.5500
2023-10-31,sz.000012,5.3900,5.4300,5.3600,5.4100,5.3600,10308314,55617756.0000
2023-11-01,sz.000012,5.4100,5.4400,5.3900,5.4300,5.4100,10600846,57455680.3400
2023-11-02,sz.000012,5.4300,5.4400,5.3800,5.3900,5.4300,9156982,49553862.2800
2023-11-03,sz.000012,5.4000,5.4600,5.3800,5.4300,5.3900,9035712,49174620.2600
2023-11-06,sz.000012,5.4200,5.5000,5.4000,5.4700,5.4300,10234958,56013984.2600
2023-11-07,sz.000012,5.4600,5.4900,5.4300,5.4700,5.4700,8566753,46792905.9100
2023-11-08,sz.000012,5.4800,5.4900,5.4200,5.4400,5.4700,8852591,48275739.1500
2023-11-09,sz.000012,5.4300,5.4600,5.4200,5.4500,5.4400,8269065,45011470.0500
2023-11-10,sz.000012,5.4600,5.4600,5.3800,5.4100,5.4500,8626524,46661686.3700
2023-11-13,sz.000012,5.4100,5.4400,5.3700,5.4400,5.4100,10356139,56014004.8700
2023-11-14,sz.000012,5.4300,5.4700,5.4100,5.4300,5.4400,8258876,44953457.7800
2023-11-15,sz.000012,5.4600,5.5300,5.4600,5.5000,5.4300,16193199,89005550.1700
2023-11-16,sz.000012,5.5200,5.5200,5.4400,5.4500,5.5000,12167365,66454772.1500
2023-11-17,sz.000012,5.4300,5.4700,5.4300,5.4600,5.4500,7949089,43327785.0300
2023-11-20,sz.000012,5.4600,5.5000,5.4200,5.4900,5.4600,9810684,53627535.0400
2023-11-21,sz.000012,5.5000,5.5400,5.4800,5.5000,5.4900,11611221,64130066.9700
2023-11-22,sz.000012,5.4900,5.5300,5.4800,5.4800,5.5000,10091231,55511701.2900
2023-11-23,sz.000012,5.4700,5.5300,5.4500,5.5300,5.4800,9174914,50484440.3000
2023-11-24,sz.000012,5.5200,5.5400,5.4900,5.5200,5.5300,9733011,53664607.0600
2023-11-27,sz.000012,5.5000,5.5400,5.4500,5.5100,5.5200,13745634,75463884.7700
2023-11-28,sz.000012,5.5200,5.5700,5.4800,5.5600,5.5100,12774291,70633404.0000
2023-11-29,sz.000012,5.5700,5.5800,5.5000,5.5100,5.5600,10076396,55743585.7500
2023-11-30,sz.000012,5.5100,5.6100,5.4900,5.5800,5.5100,13757536,76591811.7700
2023-12-01,sz.000012,5.5900,5.6000,5.5300,5.5800,5.5800,10737631,59735236.5800
2023-12-04,sz.000012,5.5900,5.6100,5.5600,5.5700,5.5800,9385850,52385803.7400
2023-12-05,sz.000012,5.5600,5.5700,5.5100,5.5300,5.5700,9803430,54398339.0200
2023-12-06,sz.000012,5.5200,5.5700,5.5100,5.5500,5.5300,8476746,47045939.6800
2023-12-07,sz.000012,5.5600,5.5800,5.4800,5.5600,5.5500,13050151,72275304.3000
2023-12-08,sz.000012,5.5500,5.6300,5.5200,5.6300,5.5600,24966784,139124831.2100
2023-12-11,sz.000012,5.6300,5.6300,5.5100,5.5900,5.6300,20526425,114259181.1000
2023-12-12,sz.000012,5.6000,5.6100,5.5600,5.6000,5.5900,7734426,43196388.2900
2023-12-13,sz.000012,5.5800,5.6000,5.5500,5.5500,5.6000,6417203,35746983.3900
2023-12-14,sz.000012,5.5400,5.5900,5.5400,5.5500,5.5500,6033564,33569442.8400
2023-12-15,sz.000012,5.5500,5.6000,5.5500,5.5500,5.5500,7583857,42266696.0300
2023-12-18,sz.000012,5.5400,5.5500,5.4600,5.4800,5.5500,12140012,66913393.7800
2023-12-19,sz.000012,5.4600,5.5100,5.4500,5.4800,5.4800,6274471,34394355.0600
2023-12-20,sz.000012,5.4900,5.5100,5.4600,5.4600,5.4800,6377300,34959258.6300
2023-12-21,sz.000012,5.4600,5.5400,5.4300,5.5200,5.4600,7142159,39230106.7400
2023-12-22,sz.000012,5.5400,5.5700,5.4600,5.5100,5.5200,7447011,41080729.5400
2023-12-25,sz.000012,5.5200,5.5400,5.4800,5.5000,5.5100,5556398,30542063.5100
2023-12-26,sz.000012,5.5000,5.5000,5.4100,5.4100,5.5000,6519545,35515391.8600
2023-12-27,sz.000012,5.4100,5.4700,5.3600,5.4500,5.4100,5693474,30851392.4800
2023-12-28,sz.000012,5.4500,5.5700,5.4200,5.5700,5.4500,13100956,72630936.3100
2023-12-29,sz.000012,5.5900,5.6100,5.5500,5.5700,5.5700,7495510,41795337.2400
2024-01-02,sz.000012,5.5500,5.6100,5.5400,5.5800,5.5700,9130997,51030361.6900
2024-01-03,sz.000012,5.5900,5.6300,5.5700,5.6100,5.5800,7889208,44212248.2600
2024-01-04,sz.000012,5.6100,5.6200,5.5400,5.5800,5.6100,7184757,40113966.5200
2024-01-05,sz.000012,5.5600,5.6000,5.5100,5.5300,5.5800,8988010,49946173.1600
2024-01-08,sz.000012,5.5200,5.5300,5.4500,5.4500,5.5300,8804782,48329262.7500
2024-01-09,sz.000012,5.4400,5.5300,5.4100,5.5000,5.4500,7726150,42294202.6200
2024-01-10,sz.000012,5.4900,5.5500,5.4500,5.4900,5.5000,8078663,44481167.9300
2024-01-11,sz.000012,5.5000,5.5900,5.4600,5.5500,5.4900,10784930,59527930.7400
2024-01-12,sz.000012,5.5600,5.6700,5.5400,5.6300,5.5500,15454417,87066410.3700
2024-01-15,sz.000012,5.6000,5.6600,5.5700,5.6300,5.6300,12844881,72264946.2400
2024-01-16,sz.000012,5.5900,5.7200,5.5900,5.7000,5.6300,16490050,93499747.1500
2024-01-17,sz.000012,5.6800,5.6800,5.5900,5.5900,5.7000,11602553,65471354.7400
2024-01-18,sz.000012,5.5700,5.6000,5.4200,5.5800,5.5900,16559283,91370074.8200
2024-01-19,sz.000012,5.5700,5.6000,5.4900,5.5000,5.5800,12210694,67617408.1500
2024-01-22,sz.000012,5.5000,5.5100,5.2000,5.2700,5.5000,16549128,88816888.4000
2024-01-23,sz.000012,5.2700,5.3400,5.1500,5.3100,5.2700,12888652,67723755.6200
2024-01-24,sz.000012,5.3500,5.4700,5.2900,5.4700,5.3100,13290855,71491295.9300
2024-01-25,sz.000012,5.4700,5.6000,5.4300,5.5900,5.4700,14487500,80185629.5500
2024-01-26,sz.000012,5.5900,5.6600,5.5600,5.6000,5.5900,11255196,63186144.4600
2024-01-29,sz.000012,5.6200,5.6800,5.5400,5.5600,5.6000,9896837,55410716.2900
2024-01-30,sz.000012,5.5400,5.6300,5.4800,5.5000,5.5600,10939618,60858946.3800
2024-01-31,sz.000012,5.4600,5.5200,5.3600,5.3900,5.5000,13375314,72543062.4800
2024-02-01,sz.000012,5.3900,5.4800,5.2800,5.3600,5.3900,11358090,61118946.6300
2024-02-02,sz.000012,5.3700,5.4600,5.1800,5.3200,5.3600,15126970,80862738.6300
2024-02-05,sz.000012,5.2900,5.4100,5.0700,5.2500,5.3200,20239452,105762945.6400
2024-02-06,sz.000012,5.2100,5.6300,5.2000,5.6000,5.2500,23376333,127924442.7700
2024-02-07,sz.000012,5.5900,5.8100,5.5600,5.7700,5.6000,28989999,167014209.9500
2024-02-08,sz.000012,5.8100,5.9000,5.7200,5.7800,5.7700,31736200,185347502.4300
2024-02-19,sz.000012,5.8500,5.8600,5.6700,5.7300,5.7800,20001526,114934024.9600
2024-02-20,sz.000012,5.6700,5.7100,5.6400,5.6800,5.7300,12262432,69735751.9900
2024-02-21,sz.000012,5.6700,5.8200,5.6200,5.7100,5.6800,16917607,97116049.6500
2024-02-22,sz.000012,5.7000,5.7400,5.6500,5.7100,5.7100,12281630,69888662.0000
2024-02-23,sz.000012,5.7200,5.7300,5.6500,5.6800,5.7100,14753708,83799132.5200
2024-02-26,sz.000012,5.6900,5.7100,5.6100,5.6300,5.6800,15051632,85069663.5000
2024-02-27,sz.000012,5.6400,5.7000,5.5900,5.7000,5.6300,13740883,77631804.5400
2024-02-28,sz.000012,5.7000,5.7900,5.6000,5.6300,5.7000,23024568,131433469.9900
2024-02-29,sz.000012,5.6000,5.7000,5.5800,5.7000,5.6300,14635834,82851558.0100
2024-03-01,sz.000012,5.7000,5.7300,5.6700,5.7000,5.7000,13180964,75107350.9300
2024-03-04,sz.000012,5.6900,5.7000,5.6100,5.6300,5.7000,12707018,71610094.1700
2024-03-05,sz.000012,5.6200,5.6400,5.5700,5.5800,5.6300,12148845,68000050.0300
2024-03-06,sz.000012,5.5500,5.6300,5.5200,5.5800,5.5800,12621214,70260303.7300
2024-03-07,sz.000012,5.5800,5.6300,5.5400,5.5400,5.5800,10800505,60251373.1100
2024-03-08,sz.000012,5.5600,5.6800,5.5400,5.6800,5.5400,16655063,93711805.6100
2024-03-11,sz.000012,5.6700,5.8800,5.6600,5.7900,5.6800,28278769,163056320.5400
2024-03-12,sz.000012,5.7800,5.8200,5.7300,5.7900,5.7900,20526748,118485761.8700
2024-03-13,sz.000012,5.8000,5.8100,5.7100,5.7500,5.7900,12468861,71754124.0100
2024-03-14,sz.000012,5.7400,5.8100,5.7200,5.7400,5.7500,10669014,61489249.2000
2024-03-15,sz.000012,5.7500,5.7500,5.6700,5.7400,5.7400,9784052,55870737.7300
2024-03-18,sz.000012,5.7500,5.7700,5.7000,5.7600,5.7400,12695683,72755469.4500
2024-03-19,sz.000012,5.7500,5.7500,5.6900,5.7000,5.7600,10430243,59642999.4500
2024-03-20,sz.000012,5.6900,5.7000,5.6400,5.6600,5.7000,10869665,61559416.3800
2024-03-21,sz.000012,5.6600,5.6800,5.6100,5.6100,5.6600,11542842,64945307.8300
2024-03-22,sz.000012,5.6000,5.6200,5.5000,5.5200,5.6100,14935693,82799838.6000
2024-03-25,sz.000012,5.4800,5.5700,5.4500,5.4900,5.5200,13864267,76362131.1500
2024-03-26,sz.000012,5.4900,5.5300,5.4600,5.5300,5.4900,11526583,63304826.3200
2024-03-27,sz.000012,5.5200,5.5500,5.4300,5.4300,5.5300,12402541,68139751.7800
2024-03-28,sz.000012,5.3700,5.4800,5.3700,5.4200,5.4300,12460701,67547582.3100
2024-03-29,sz.000012,5.4200,5.4800,5.3900,5.4700,5.4200,9105896,49476316.9600
2024-04-01,sz.000012,5.4700,5.6900,5.4700,5.6600,5.4700,27139990,152436127.9500
2024-04-02,sz.000012,5.6400,5.6900,5.6300,5.6900,5.6600,15696520,88944940.9400
2024-04-03,sz.000012,5.6900,5.7300,5.6200,5.6800,5.6900,17232396,97774147.5200
2024-04-08,sz.000012,5.6500,5.7400,5.6500,5.6900,5.6800,18781122,106972564.8500
2024-04-09,sz.000012,5.7000,5.7300,5.6700,5.7000,5.6900,15900214,90606067.5200
2024-04-10,sz.000012,5.7200,5.7700,5.6300,5.6700,5.7000,18187509,103863923.5900
2024-04-11,sz.000012,5.6400,5.7400,5.6200,5.6900,5.6700,12783324,72675191.3100
2024-04-12,sz.000012,5.7000,5.7200,5.6100,5.6200,5.6900,10304483,58219576.7700
2024-04-15,sz.000012,5.6000,5.6700,5.5100,5.6400,5.6200,16221376,90949136.2500
2024-04-16,sz.000012,5.6100,5.6500,5.5000,5.5300,5.6400,17979634,100268629.4400
2024-04-17,sz.000012,5.5400,5.6600,5.5300,5.6500,5.5300,16386141,91760924.2200
2024-04-18,sz.000012,5.6400,5.7200,5.6300,5.6900,5.6500,15434821,87784956.3300
2024-04-19,sz.000012,5.6700,5.7600,5.6600,5.6800,5.6900,12186116,69458592.4700
2024-04-22,sz.000012,5.6800,5.7400,5.6100,5.6700,5.6800,13145288,74837652.9900
2024-04-23,sz.000012,5.6600,5.6700,5.5000,5.5100,5.6700,17158737,95462571.1600
2024-04-24,sz.000012,5.5200,5.5500,5.3900,5.4400,5.5100,17220950,93517005.1800
2024-04-25,sz.000012,5.4400,5.5100,5.3900,5.4400,5.4400,14214366,77647970.4400
2024-04-26,sz.000012,5.4400,5.4800,5.2200,5.4800,5.4400,33338791,178512733.1200
2024-04-29,sz.000012,5.4300,5.6000,5.4200,5.5900,5.4800,31521808,174338006.3900
2024-04-30,sz.000012,5.5700,5.6300,5.5300,5.6100,5.5900,17070971,95526952.9100
2024-05-06,sz.000012,5.6600,5.7100,5.6500,5.7000,5.6100,24387598,138756068.0000
2024-05-07,sz.000012,5.6900,5.7100,5.6500,5.6800,5.7000,13025719,73972936.2700
2024-05-08,sz.000012,5.6700,5.6900,5.6100,5.6100,5.6800,12508503,70550902.7000
2024-05-09,sz.000012,5.6200,5.7100,5.6100,5.6800,5.6100,12670489,72007058.8500
2024-05-10,sz.000012,5.6800,5.7100,5.6200,5.7000,5.6800,14205501,80610751.4300
2024-05-13,sz.000012,5.6900,5.7200,5.6500,5.7000,5.7000,14258332,81235667.4500
2024-05-14,sz.000012,5.7000,5.7300,5.6700,5.6800,5.7000,10471325,59647374.9400
2024-05-15,sz.000012,5.6800,5.7200,5.6500,5.6700,5.6800,10654697,60560873.0100
2024-05-16,sz.000012,5.7000,5.7800,5.6600,5.7300,5.6700,19525603,111931230.6100
2024-05-17,sz.000012,5.7500,5.8600,5.7200,5.8500,5.7300,28859833,167372825.1000
2024-05-20,sz.000012,5.8800,5.9800,5.8700,5.9100,5.8500,35993472,213723175.4000
2024-05-21,sz.000012,5.9000,5.9400,5.8200,5.8400,5.9100,18894851,110820242.7000
2024-05-22,sz.000012,5.8400,5.9500,5.8400,5.9400,5.8400,22851665,135031303.2300
2024-05-23,sz.000012,5.9200,5.9300,5.8200,5.8500,5.9400,19239743,112922611.8600
2024-05-24,sz.000012,5.8100,5.9200,5.8000,5.8200,5.8500,15348799,89790683.4900
2024-05-27,sz.000012,5.8500,5.8600,5.7200,5.8000,5.8200,16241202,93740970.1600
2024-05-28,sz.000012,5.7900,5.8100,5.6800,5.7000,5.8000,13712066,78558402.3900
2024-05-29,sz.000012,5.6800,5.8000,5.6800,5.7200,5.7000,12070166,69337998.5300
2024-05-30,sz.000012,5.7500,5.8000,5.6700,5.6900,5.7200,12136042,69274330.6100
2024-05-31,sz.000012,5.6900,5.7200,5.6200,5.6300,5.6900,11649155,66016005.6500
2024-06-03,sz.000012,5.6200,5.6300,5.4700,5.5200,5.6300,17982691,99435308.5900
2024-06-04,sz.000012,5.5100,5.5700,5.4400,5.5600,5.5200,12819487,70742514.1300
2024-06-05,sz.000012,5.5600,5.5700,5.4700,5.4800,5.5600,9375801,51738652.9600
2024-06-06,sz.000012,5.4800,5.5300,5.3900,5.4000,5.4800,14940093,81191710.8600
2024-06-07,sz.000012,5.4300,5.4900,5.4200,5.4700,5.4000,10114417,55168668.1300
2024-06-11,sz.000012,5.4500,5.5000,5.4100,5.4700,5.4700,10665034,58143189.8000
2024-06-12,sz.000012,5.4800,5.4800,5.3700,5.3700,5.4700,18022146,97306942.0200
2024-06-13,sz.000012,5.3800,5.3900,5.2500,5.2600,5.3700,16021453,84765892.8400
2024-06-14,sz.000012,5.2600,5.3200,5.2100,5.2800,5.2600,13776954,72500782.5900
2024-06-17,sz.000012,5.2600,5.2900,5.2200,5.2500,5.2800,9687050,50857826.6200
2024-06-18,sz.000012,5.2600,5.2900,5.2300,5.2500,5.2500,12433433,65302511.6800
2024-06-19,sz.000012,5.2500,5.2600,5.1700,5.1700,5.2500,13320682,69318128.9300
2024-06-20,sz.000012,5.1800,5.1800,5.0600,5.0800,5.1700,14970275,76277913.9600
2024-06-21,sz.000012,5.0800,5.1600,5.0500,5.1100,5.0800,8621798,44195526.4500
2024-06-24,sz.000012,5.1100,5.1100,4.9900,5.0100,5.1100,12835549,64633253.4800
2024-06-25,sz.000012,5.0000,5.0700,4.9800,5.0300,5.0100,8762817,44071070.5300
2024-06-26,sz.000012,5.0400,5.1300,5.0000,5.1200,5.0300,10351085,52391228.0600
2024-06-27,sz.000012,5.1000,5.1300,5.0200,5.0300,5.1200,9409234,47534831.5000
2024-06-28,sz.000012,5.0300,5.1200,5.0100,5.0400,5.0300,9182576,46618548.2100
2024-07-01,sz.000012,5.0400,5.1300,5.0400,5.1200,5.0400,10131439,51549859.3500
2024-07-02,sz.000012,5.1300,5.1400,5.1000,5.1300,5.1200,7421982,38012492.8400
2024-07-03,sz.000012,5.1300,5.1600,5.1000,5.1300,5.1300,7741007,39745547.7700
2024-07-04,sz.000012,5.1400,5.1500,5.0500,5.0600,5.1300,9866796,50179778.8800
2024-07-05,sz.000012,5.0600,5.0900,5.0300,5.0600,5.0600,8948158,45248071.1900
2024-07-08,sz.000012,5.0600,5.0600,4.9200,4.9500,5.0600,12226378,60960999.5300
2024-07-09,sz.000012,4.9600,5.0500,4.9100,5.0300,4.9500,11472942,57253627.7000
2024-07-10,sz.000012,5.0100,5.0600,4.9900,5.0200,5.0300,7991015,40191427.9700
2024-07-11,sz.000012,5.0700,5.1600,5.0700,5.1500,5.0200,11929522,61141864.8800
2024-07-12,sz.000012,5.1500,5.2000,5.1400,5.1900,5.1500,12727141,65864775.9600
2024-07-15,sz.000012,5.1900,5.2200,5.1600,5.1900,5.1900,11713233,60840199.9900
2024-07-16,sz.000012,4.9500,4.9500,4.8600,4.8900,4.9400,12546500,61347369.0000
2024-07-17,sz.000012,4.8900,4.9600,4.8800,4.9400,4.8900,10357120,51028493.9700
2024-07-18,sz.000012,4.9200,4.9700,4.8800,4.9300,4.9400,7837642,38644616.0600
2024-07-19,sz.000012,4.9300,4.9500,4.8800,4.9500,4.9300,7746359,38119140.9100
2024-07-22,sz.000012,4.9500,4.9700,4.9000,4.9100,4.9500,6391762,31468304.1200
2024-07-23,sz.000012,4.9100,4.9400,4.8700,4.8700,4.9100,6510695,31946791.1400
2024-07-24,sz.000012,4.8600,4.8700,4.8000,4.8200,4.8700,7707925,37230983.8200
2024-07-25,sz.000012,4.8000,4.9000,4.7900,4.8700,4.8200,7238320,35199612.4400
2024-07-26,sz.000012,4.8600,4.9400,4.8600,4.9400,4.8700,6131345,30197588.7000
2024-07-29,sz.000012,4.9500,4.9700,4.9000,4.9100,4.9400,5303437,26087551.3600
2024-07-30,sz.000012,4.9000,4.9300,4.8600,4.9300,4.9100,7037724,34476092.9300
2024-07-31,sz.000012,4.9200,5.0400,4.9200,5.0400,4.9300,13767242,68896771.2600
2024-08-01,sz.000012,5.0400,5.0700,4.9900,5.0200,5.0400,8021673,40312209.4600
2024-08-02,sz.000012,4.9900,5.0500,4.9800,4.9900,5.0200,7604162,38146047.5400
2024-08-05,sz.000012,4.9700,5.0500,4.9400,4.9500,4.9900,9449978,47186493.1200
2024-08-06,sz.000012,4.9900,5.0500,4.9600,5.0300,4.9500,9875828,49495793.7400
2024-08-07,sz.000012,5.0300,5.1000,4.9900,5.0800,5.0300,11902651,60265704.8500
2024-08-08,sz.000012,5.0700,5.1300,5.0400,5.1200,5.0800,8586790,43795931.9900
2024-08-09,sz.000012,5.1200,5.1800,5.1200,5.1500,5.1200,10444312,53826777.9200
2024-08-12,sz.000012,5.1500,5.1700,5.1000,5.1200,5.1500,7024372,36052861.0000
2024-08-13,sz.000012,5.1300,5.1800,5.1100,5.1700,5.1200,8368091,43116461.8500
2024-08-14,sz.000012,5.1800,5.2000,5.1200,5.1300,5.1700,6717142,34600640.3100
2024-08-15,sz.000012,5.1200,5.2100,5.1000,5.1700,5.1300,10042591,51952679.8800
2024-08-16,sz.000012,5.1800,5.2000,5.1100,5.1100,5.1700,6812448,35106228.9300
2024-08-19,sz.000012,5.1200,5.1700,5.1100,5.1300,5.1100,7345192,37794098.8800
2024-08-20,sz.000012,5.1300,5.1500,5.0300,5.0600,5.1300,8389024,42520432.7000
2024-08-21,sz.000012,5.0600,5.0700,5.0100,5.0500,5.0600,5071368,25558146.9300
2024-08-22,sz.000012,5.0400,5.0600,4.9800,4.9900,5.0500,6857995,34327608.4100
2024-08-23,sz.000012,4.9800,5.0500,4.9600,5.0100,4.9900,8546450,42755704.2900
2024-08-26,sz.000012,5.0100,5.0900,5.0000,5.0300,5.0100,8836787,44581457.4100
2024-08-27,sz.000012,5.0500,5.0600,4.9900,5.0500,5.0300,7315844,36817798.2700
2024-08-28,sz.000012,5.0300,5.0600,5.0000,5.0300,5.0500,6151241,30953091.5600
2024-08-29,sz.000012,5.0200,5.0900,5.0200,5.0700,5.0300,8372069,42367746.7100
2024-08-30,sz.000012,5.0800,5.2300,5.0100,5.0900,5.0700,18758760,95959873.8200
2024-09-02,sz.000012,5.0800,5.1000,5.0000,5.0000,5.0900,13959735,70488539.5200
2024-09-03,sz.000012,4.9800,5.0700,4.9700,5.0400,5.0000,9235990,46432761.7500
2024-09-04,sz.000012,5.0100,5.0500,4.9400,4.9500,5.0400,8607394,42917933.9500
2024-09-05,sz.000012,4.9300,4.9900,4.9300,4.9800,4.9500,5664528,28154372.5900
2024-09-06,sz.000012,4.9600,4.9900,4.8700,4.8800,4.9800,9101600,44742265.0000
2024-09-09,sz.000012,4.8800,4.8800,4.7900,4.8000,4.8800,8117506,39262148.0500
2024-09-10,sz.000012,4.8000,4.8200,4.6400,4.7000,4.8000,12167994,57186636.7100
2024-09-11,sz.000012,4.7000,4.8300,4.6600,4.8100,4.7000,14158134,67552483.9200
2024-09-12,sz.000012,4.8100,4.9300,4.7900,4.8800,4.8100,14659352,71632300.0400
2024-09-13,sz.000012,4.8600,5.0100,4.8300,4.9300,4.8800,24410804,120887406.6100
2024-09-18,sz.000012,4.9300,4.9800,4.8800,4.9700,4.9300,10531740,51948153.9600
2024-09-19,sz.000012,5.0000,5.0600,4.9400,4.9700,4.9700,10354897,51644668.1500
2024-09-20,sz.000012,4.9600,4.9600,4.8600,4.8900,4.9700,9936879,48659077.8500
2024-09-23,sz.000012,4.8700,4.9200,4.8500,4.8500,4.8900,6997148,34120796.7000
2024-09-24,sz.000012,4.8900,5.0500,4.8900,5.0500,4.8500,16839096,83931858.3100
2024-09-25,sz.000012,5.0800,5.1800,5.0600,5.0700,5.0500,19139493,98054273.8500
2024-09-26,sz.000012,5.0500,5.2400,5.0400,5.2300,5.0700,18948608,97648639.9000
2024-09-27,sz.000012,5.3000,5.4200,5.2500,5.3800,5.2300,34810190,185662510.2600
2024-09-30,sz.000012,5.5600,5.8300,5.5000,5.7800,5.3800,70806344,402725235.2400
2024-10-08,sz.000012,6.3000,6.3500,5.7800,5.9500,5.7800,91293605,552715749.5000
2024-10-09,sz.000012,5.8700,5.8700,5.4900,5.4900,5.9500,50010465,282709610.6800
2024-10-10,sz.000012,5.4800,5.6600,5.4300,5.5200,5.4900,33902442,188332435.5800
2024-10-11,sz.000012,5.5300,5.5300,5.2800,5.3300,5.5200,26111876,140502644.5000
2024-10-14,sz.000012,5.3700,5.4400,5.2800,5.4200,5.3300,24704676,132798910.7000
2024-10-15,sz.000012,5.4300,5.4400,5.3200,5.3300,5.4200,20824844,112124965.2400
2024-10-16,sz.000012,5.3000,5.4400,5.2800,5.4000,5.3300,24594844,132512771.8500
2024-10-17,sz.000012,5.4400,5.4500,5.2600,5.2600,5.4000,22669327,120825006.3800
2024-10-18,sz.000012,5.2600,5.4500,5.2000,5.3700,5.2600,30859782,164427652.2500
2024-10-21,sz.000012,5.3600,5.4000,5.2900,5.3100,5.3700,31468688,167453823.4000
2024-10-22,sz.000012,5.3300,5.3700,5.2800,5.3700,5.3100,25152045,133958920.6100
2024-10-23,sz.000012,5.3700,5.5200,5.3500,5.4700,5.3700,37994229,206514027.1200
2024-10-24,sz.000012,5.5000,5.5000,5.3600,5.4100,5.4700,22610991,122124438.4500
2024-10-25,sz.000012,5.4000,5.7300,5.3900,5.6500,5.4100,60135672,337058818.7800
2024-10-28,sz.000012,5.6500,5.7300,5.5900,5.7200,5.6500,37549945,212659825.7300
2024-10-29,sz.000012,5.7100,5.8000,5.5500,5.5800,5.7200,34848501,196754293.6800
2024-10-30,sz.000012,5.5000,5.5200,5.3800,5.4300,5.5800,43849655,238803823.3200
2024-10-31,sz.000012,5.4700,5.5400,5.4400,5.5100,5.4300,31430586,172915261.7900
2024-11-01,sz.000012,5.4900,5.4900,5.3700,5.4300,5.5100,24472535,133088326.1200
2024-11-04,sz.000012,5.4500,5.4600,5.4000,5.4600,5.4300,18696752,101508656.6600
2024-11-05,sz.000012,5.4700,5.5400,5.4300,5.5400,5.4600,30026987,165316134.9100
2024-11-06,sz.000012,5.5600,5.6200,5.5000,5.5800,5.5400,35751402,198793102.2800
2024-11-07,sz.000012,5.5500,5.7300,5.5200,5.7300,5.5800,43600254,246772082.1200
2024-11-08,sz.000012,5.7700,5.8200,5.6300,5.6500,5.7300,39869411,227108120.8200
2024-11-11,sz.000012,5.6500,5.6500,5.5500,5.6200,5.6500,27357006,153222338.8500
2024-11-12,sz.000012,5.6300,5.7000,5.5600,5.6100,5.6200,31710845,178990359.4800
2024-11-13,sz.000012,5.5900,5.6300,5.5400,5.6100,5.6100,20944970,116867643.6300
2024-11-14,sz.000012,5.6100,5.6300,5.4500,5.4700,5.6100,24704486,136551069.7000
2024-11-15,sz.000012,5.4500,5.4900,5.3800,5.3800,5.4700,18431382,100210360.0300
2024-11-18,sz.000012,5.4000,5.5200,5.4000,5.4400,5.3800,23396018,127858271.3300
2024-11-19,sz.000012,5.4200,5.4800,5.3800,5.4700,5.4400,16929009,91944919.6400
2024-11-20,sz.000012,5.4500,5.5100,5.4300,5.4800,5.4700,18458897,100772113.0600
2024-11-21,sz.000012,5.4800,5.4900,5.4200,5.4700,5.4800,12409297,67695091.2200
2024-11-22,sz.000012,5.4500,5.4800,5.3300,5.3300,5.4700,20089859,108565538.0800
2024-11-25,sz.000012,5.3300,5.4100,5.2900,5.3600,5.3300,15817634,84707182.8800
2024-11-26,sz.000012,5.3600,5.5500,5.3400,5.4300,5.3600,24576304,133877654.0300
2024-11-27,sz.000012,5.3800,5.4500,5.3100,5.4400,5.4300,19405592,104137760.2800
2024-11-28,sz.000012,5.4500,5.5600,5.4400,5.5100,5.4400,31204124,171963105.1600
2024-11-29,sz.000012,5.4800,5.5400,5.4600,5.5000,5.5100,26309550,144572814.5700
2024-12-02,sz.000012,5.5100,5.6400,5.5000,5.6300,5.5000,40589693,227148450.2700
2024-12-03,sz.000012,5.6300,5.6500,5.5700,5.6200,5.6300,17255036,96664773.7600
2024-12-04,sz.000012,5.5900,5.6200,5.5100,5.5300,5.6200,17285980,96101712.6300
2024-12-05,sz.000012,5.5100,5.5600,5.5000,5.5600,5.5300,13265924,73404694.9000
2024-12-06,sz.000012,5.5400,5.6400,5.5300,5.6300,5.5600,22196146,124430861.6600
2024-12-09,sz.000012,5.6200,5.6500,5.5700,5.6000,5.6300,19564431,109849440.8900
2024-12-10,sz.000012,5.7300,5.7400,5.5900,5.6000,5.6000,25952584,146802112.1400
2024-12-11,sz.000012,5.5900,5.6700,5.5700,5.6400,5.6000,21618749,121957814.8400
2024-12-12,sz.000012,5.6400,5.7600,5.5800,5.7400,5.6400,43418181,247756398.7200
2024-12-13,sz.000012,5.7300,5.7800,5.6400,5.6400,5.7400,47129941,268798530.2300
2024-12-16,sz.000012,5.6100,5.6700,5.5300,5.5600,5.6400,24712113,138208258.5800
2024-12-17,sz.000012,5.5600,5.5800,5.4200,5.4500,5.5600,21314579,116813336.0300
2024-12-18,sz.000012,5.4800,5.5200,5.4200,5.4300,5.4500,13820230,75580771.4000
2024-12-19,sz.000012,5.4100,5.4200,5.3300,5.4100,5.4300,15182459,81634240.5200
2024-12-20,sz.000012,5.4100,5.4200,5.3700,5.3700,5.4100,12778589,68906930.9300
2024-12-23,sz.000012,5.3800,5.4000,5.3000,5.3100,5.3700,16644973,88952486.6100
2024-12-24,sz.000012,5.3100,5.4100,5.3100,5.4000,5.3100,12988692,69849237.6300
2024-12-25,sz.000012,5.4000,5.4200,5.3200,5.3500,5.4000,11238190,60072316.4200
2024-12-26,sz.000012,5.3500,5.3800,5.3100,5.3300,5.3500,11813667,63060284.9200
2024-12-27,sz.000012,5.3300,5.3900,5.3200,5.3700,5.3300,11585261,62139534.7100
2024-12-30,sz.000012,5.3700,5.3800,5.3200,5.3500,5.3700,11019722,58842753.2900
2024-12-31,sz.000012,5.3500,5.3900,5.2700,5.2800,5.3500,16233230,86559149.5000
2025-01-02,sz.000012,5.2900,5.3100,5.1100,5.1400,5.2800,16392312,85557804.5200
2025-01-03,sz.000012,5.1600,5.2200,5.0600,5.0800,5.1400,16082037,82624044.7100
2025-01-06,sz.000012,5.0800,5.1600,5.0600,5.1200,5.0800,12760475,65223297.6500
2025-01-07,sz.000012,5.1200,5.1400,5.0400,5.0900,5.1200,11409249,57969424.3800
2025-01-08,sz.000012,5.1000,5.1000,4.9700,5.0600,5.0900,13484718,67929526.7600
2025-01-09,sz.000012,5.0600,5.0600,4.9900,4.9900,5.0600,9729631,48785173.7700
2025-01-10,sz.000012,5.0000,5.0100,4.9100,4.9100,4.9900,9136864,45229393.3200
2025-01-13,sz.000012,4.8900,4.9500,4.8100,4.9300,4.9100,10732151,52709368.7100
2025-01-14,sz.000012,4.9300,5.0400,4.9200,5.0300,4.9300,15908459,79299769.7700
2025-01-15,sz.000012,5.0400,5.0700,4.9800,5.0600,5.0300,13449763,67562159.6100
2025-01-16,sz.000012,5.0500,5.1300,5.0300,5.0800,5.0600,12564422,63815581.2200
2025-01-17,sz.000012,5.0500,5.1100,5.0300,5.0900,5.0800,8448141,42984125.3600
2025-01-20,sz.000012,5.0600,5.0900,4.9200,4.9300,5.0900,24290092,120560489.1400
2025-01-21,sz.000012,4.9300,4.9600,4.8700,4.9100,4.9300,12821336,62869215.1500
2025-01-22,sz.000012,4.9000,4.9100,4.8600,4.9000,4.9100,8735636,42643192.3000
2025-01-23,sz.000012,4.9300,4.9800,4.9200,4.9400,4.9000,16235230,80405596.5600
2025-01-24,sz.000012,4.9500,4.9700,4.9000,4.9500,4.9400,13130139,64862926.7800
2025-01-27,sz.000012,4.9600,5.0400,4.9500,4.9800,4.9500,12062688,60318921.8400
2025-02-05,sz.000012,4.9900,5.0100,4.9200,4.9300,4.9800,10877778,53926877.5600
2025-02-06,sz.000012,4.9200,4.9700,4.8900,4.9600,4.9300,9208560,45465612.0300
2025-02-07,sz.000012,4.9500,5.0800,4.9400,5.0600,4.9600,19563876,98534166.5500
2025-02-10,sz.000012,5.0600,5.0700,5.0100,5.0300,5.0600,14306176,72035766.1100
2025-02-11,sz.000012,5.0500,5.0500,4.9800,5.0100,5.0300,10780381,53918642.0600
2025-02-12,sz.000012,5.0100,5.0400,4.9600,5.0200,5.0100,11359962,56788381.9800
2025-02-13,sz.000012,5.0200,5.0400,4.9900,5.0300,5.0200,14010546,70315700.9700
2025-02-14,sz.000012,5.0900,5.1100,5.0300,5.0500,5.0300,18695830,94660162.2900
2025-02-17,sz.000012,5.0500,5.0600,4.9900,5.0100,5.0500,14031096,70369978.7600
2025-02-18,sz.000012,5.0300,5.0300,4.9600,4.9900,5.0100,13484651,67434764.5900
2025-02-19,sz.000012,4.9800,5.0000,4.9600,4.9900,4.9900,10520597,52391256.9100
2025-02-20,sz.000012,4.9700,4.9800,4.9300,4.9400,4.9900,11367311,56285801.7200
2025-02-21,sz.000012,4.9500,4.9700,4.9200,4.9600,4.9400,11575643,57237924.9300
2025-02-24,sz.000012,4.9600,5.0000,4.9400,4.9800,4.9600,13230920,65942570.5200
2025-02-25,sz.000012,4.9600,4.9900,4.9300,4.9400,4.9800,11007408,54474552.6300
2025-02-26,sz.000012,4.9600,5.0300,4.9500,5.0200,4.9400,16302813,81478762.3700
2025-02-27,sz.000012,5.0200,5.0600,4.9400,4.9900,5.0200,14118075,70371250.4100
2025-02-28,sz.000012,4.9700,4.9900,4.9400,4.9600,4.9900,14354716,71246841.4500
2025-03-03,sz.000012,4.9800,5.0200,4.9500,4.9600,4.9600,15805579,78772292.8500
2025-03-04,sz.000012,4.9500,4.9700,4.9200,4.9600,4.9600,12123625,59962145.1800
2025-03-05,sz.000012,4.9600,4.9600,4.9000,4.9300,4.9600,9896435,48713294.9500
2025-03-06,sz.000012,4.9400,4.9600,4.9200,4.9500,4.9300,14085470,69566313.6900
2025-03-07,sz.000012,4.9300,4.9600,4.9200,4.9300,4.9500,10804768,53342670.3500
2025-03-10,sz.000012,4.9300,4.9400,4.9000,4.9200,4.9300,9206057,45236183.4600
2025-03-11,sz.000012,4.9000,4.9300,4.8800,4.9300,4.9200,8902254,43649475.6600
2025-03-12,sz.000012,4.9300,4.9400,4.9000,4.9100,4.9300,9876792,48548732.8600
2025-03-13,sz.000012,4.9200,4.9300,4.8900,4.9200,4.9100,10607350,52037018.3500
2025-03-14,sz.000012,4.9200,4.9800,4.9100,4.9700,4.9200,17949972,88921282.6600
2025-03-17,sz.000012,4.9900,5.0200,4.9800,5.0100,4.9700,15626837,78158085.5100
2025-03-18,sz.000012,5.0100,5.0200,4.9800,5.0000,5.0100,9009553,44987298.7100
2025-03-19,sz.000012,4.9900,5.0200,4.9600,5.0000,5.0000,10224533,51008620.9800
2025-03-20,sz.000012,5.0000,5.0300,4.9900,5.0100,5.0000,12633067,63327868.5900
2025-03-21,sz.000012,5.0100,5.0700,5.0000,5.0500,5.0100,23421640,118090785.0400
2025-03-24,sz.000012,5.0600,5.0700,4.9400,4.9800,5.0500,15721276,78523780.6500
2025-03-25,sz.000012,4.9900,5.0700,4.9800,5.0700,4.9800,17150846,86555057.1100
2025-03-26,sz.000012,5.0800,5.0900,5.0500,5.0700,5.0700,13862809,70330631.4000
2025-03-27,sz.000012,5.0600,5.0800,5.0200,5.0300,5.0700,9817685,49497096.9500
2025-03-28,sz.000012,5.0300,5.0400,4.9700,5.0000,5.0300,10871256,54333180.7100
2025-03-31,sz.000012,5.0000,5.0300,4.9200,4.9300,5.0000,12741850,63315405.3400
2025-04-01,sz.000012,4.9400,4.9900,4.9400,4.9700,4.9300,8593355,42680404.7200
2025-04-02,sz.000012,4.9700,4.9900,4.9500,4.9900,4.9700,6209300,30888369.5500
2025-04-03,sz.000012,4.9600,5.0400,4.9600,5.0300,4.9900,12232121,61317909.5800
2025-04-07,sz.000012,4.8800,4.9200,4.5400,4.5800,5.0300,36331209,171055366.5100
2025-04-08,sz.000012,4.5800,4.8000,4.5800,4.7600,4.5800,29652996,140640249.2500
2025-04-09,sz.000012,4.7200,4.8000,4.6300,4.7900,4.7600,16524291,77945508.6500
2025-04-10,sz.000012,4.8100,4.8500,4.7800,4.8200,4.7900,14287211,68831089.9600
2025-04-11,sz.000012,4.7800,4.8500,4.7600,4.8200,4.8200,7937312,38260631.9500
2025-04-14,sz.000012,4.8300,4.8600,4.8100,4.8400,4.8200,10175933,49134710.4500
2025-04-15,sz.000012,4.8300,4.8300,4.7900,4.8200,4.8400,7939027,38174597.9000
2025-04-16,sz.000012,4.7900,4.8200,4.7700,4.8100,4.8200,7255750,34798418.9000
2025-04-17,sz.000012,4.7900,4.8600,4.7800,4.8300,4.8100,8239219,39834513.2600
2025-04-18,sz.000012,4.8400,4.8400,4.7900,4.8200,4.8300,5214072,25077866.4200
2025-04-21,sz.000012,4.8300,4.8300,4.8000,4.8200,4.8200,5502000,26488505.1800
2025-04-22,sz.000012,4.8100,4.8500,4.8000,4.8200,4.8200,8201312,39542197.7500
2025-04-23,sz.000012,4.8300,4.8500,4.7900,4.8000,4.8200,7240146,34847014.8000
2025-04-24,sz.000012,4.8000,4.8300,4.7600,4.8100,4.8000,9016882,43251172.2800
2025-04-25,sz.000012,4.8100,4.8500,4.8000,4.8200,4.8100,7981888,38574680.8900
2025-04-28,sz.000012,4.8300,4.8300,4.7500,4.8000,4.8200,8958646,42827737.7100
2025-04-29,sz.000012,4.7900,4.8000,4.7600,4.7600,4.8000,9058192,43255500.4700
2025-04-30,sz.000012,4.7500,4.7800,4.7400,4.7400,4.7600,8001806,38025142.8600
2025-05-06,sz.000012,4.7600,4.8000,4.7500,4.7900,4.7400,9860889,47138138.2400
2025-05-07,sz.000012,4.8200,4.8800,4.8000,4.8500,4.7900,13206920,63882781.5300
2025-05-08,sz.000012,4.8300,4.8700,4.8300,4.8300,4.8500,8138253,39415911.3000
2025-05-09,sz.000012,4.8300,4.8400,4.7800,4.7900,4.8300,9807053,47092803.8700
2025-05-12,sz.000012,4.8100,4.8200,4.7700,4.8000,4.7900,9379203,44906928.0800
2025-05-13,sz.000012,4.8200,4.8500,4.7900,4.7900,4.8000,10095023,48598718.3600
2025-05-14,sz.000012,4.7900,4.8300,4.7600,4.8200,4.7900,11686186,56093279.6400
2025-05-15,sz.000012,4.8200,4.8300,4.7900,4.7900,4.8200,7592286,36500242.7900
2025-05-16,sz.000012,4.7900,4.8000,4.7600,4.7600,4.7900,7020443,33515367.8200
2025-05-19,sz.000012,4.7700,4.8000,4.7500,4.7800,4.7600,6242362,29843740.2500
2025-05-20,sz.000012,4.7800,4.8000,4.7500,4.7600,4.7800,8595915,40976184.4200
2025-05-21,sz.000012,4.7600,4.7700,4.7500,4.7500,4.7600,6444910,30663872.5000
2025-05-22,sz.000012,4.7500,4.7500,4.6900,4.7000,4.7500,11761145,55424496.0000
2025-05-23,sz.000012,4.7100,4.7100,4.6300,4.6400,4.7000,10053152,46983619.7200
2025-05-26,sz.000012,4.6400,4.6800,4.6300,4.6500,4.6400,5565651,25877122.2400
2025-05-27,sz.000012,4.6400,4.6600,4.6200,4.6500,4.6500,6263530,29071228.1900
2025-05-28,sz.000012,4.6600,4.6700,4.6300,4.6400,4.6500,6042519,28075579.0000
2025-05-29,sz.000012,4.6500,4.7000,4.6300,4.6900,4.6400,6894737,32257583.9200
2025-05-30,sz.000012,4.6800,4.7000,4.6600,4.6900,4.6900,5569793,26076407.1300
2025-06-03,sz.000012,4.6800,4.6900,4.6400,4.6500,4.6900,6596489,30712254.1200
2025-06-04,sz.000012,4.6600,4.6800,4.6400,4.6700,4.6500,5723054,26684706.6400
2025-06-05,sz.000012,4.6800,4.6800,4.6500,4.6600,4.6700,5426305,25300342.3000
2025-06-06,sz.000012,4.6600,4.7000,4.6600,4.7000,4.6600,7366931,34527537.2200
2025-06-09,sz.000012,4.7000,4.7100,4.6800,4.6900,4.7000,5592059,26246215.5500
2025-06-10,sz.000012,4.7000,4.7000,4.6400,4.6700,4.6900,6798200,31761234.0000
2025-06-11,sz.000012,4.6800,4.7000,4.6600,4.6900,4.6700,6832686,32030876.7000
2025-06-12,sz.000012,4.6800,4.6900,4.6400,4.6500,4.6900,8944103,41645440.4500
2025-06-13,sz.000012,4.6500,4.6600,4.5700,4.5700,4.6500,15443524,71128385.4700
2025-06-16,sz.000012,4.5500,4.6000,4.5400,4.5900,4.5700,7659987,35070845.8700
2025-06-17,sz.000012,4.6000,4.6200,4.5800,4.6000,4.5900,4718850,21689614.2400
2025-06-18,sz.000012,4.5800,4.6000,4.5700,4.5700,4.6000,4208089,19270480.5700
2025-06-19,sz.000012,4.5800,4.5900,4.5400,4.5600,4.5700,6275655,28595015.7900
2025-06-20,sz.000012,4.5500,4.5800,4.5500,4.5600,4.5600,5181496,23638130.3500
2025-06-23,sz.000012,4.5600,4.5700,4.5300,4.5500,4.5600,7036227,32022263.2800
2025-06-24,sz.000012,4.5500,4.6000,4.5500,4.6000,4.5500,7442575,34121034.0900
2025-06-25,sz.000012,4.5900,4.6300,4.5800,4.6300,4.6000,9277870,42739939.5600
2025-06-26,sz.000012,4.6300,4.6300,4.5900,4.6100,4.6300,7672492,35395944.4900
2025-06-27,sz.000012,4.6200,4.6500,4.6100,4.6100,4.6100,6508072,30094264.1300
2025-06-30,sz.000012,4.6200,4.6300,4.6000,4.6200,4.6100,7530715,34741494.7600
2025-07-01,sz.000012,4.6300,4.6500,4.6100,4.6500,4.6200,9935271,46059386.2200
2025-07-02,sz.000012,4.6700,4.8100,4.6700,4.8000,4.6500,41002428,194379827.0900
2025-07-03,sz.000012,4.7700,4.7800,4.7200,4.7600,4.8000,21700880,103048911.2900
2025-07-04,sz.000012,4.7800,4.8700,4.7400,4.7600,4.7600,21982616,105499430.2400
2025-07-07,sz.000012,4.7700,4.8100,4.7400,4.7500,4.7600,14304323,68167991.1300
2025-07-08,sz.000012,4.7500,4.8700,4.7400,4.8500,4.7500,26793187,129326553.7100
2025-07-09,sz.000012,4.8500,4.8600,4.8100,4.8200,4.8500,13554660,65515025.5000
2025-07-10,sz.000012,4.8300,5.0100,4.8200,4.9400,4.8200,33188344,162570805.0500
2025-07-11,sz.000012,4.9000,4.9300,4.8500,4.8800,4.9400,25869462,126303155.3000
2025-07-14,sz.000012,4.8800,4.9300,4.8700,4.8800,4.8800,13330407,65144264.0800
2025-07-15,sz.000012,4.8600,4.8700,4.7700,4.7800,4.8800,18446881,88597982.3000
2025-07-16,sz.000012,4.7800,4.8000,4.7400,4.7700,4.7800,11333410,54007487.4000
2025-07-17,sz.000012,4.7900,4.8100,4.7700,4.8100,4.7700,9921509,47564505.1500
2025-07-18,sz.000012,4.8000,4.8200,4.7800,4.8100,4.8100,8413887,40408327.8300
2025-07-21,sz.000012,4.8800,4.9600,4.8600,4.9500,4.8100,28117303,138158688.0500
2025-07-22,sz.000012,4.9400,5.1000,4.9200,5.0900,4.9500,46669332,233842482.9400
2025-07-23,sz.000012,5.0500,5.0800,4.9800,4.9800,5.0200,47413045,238571607.4500
2025-07-24,sz.000012,4.9400,5.1800,4.9300,5.1400,4.9800,42913649,217006987.7800
2025-07-25,sz.000012,5.1200,5.1400,5.0600,5.0600,5.1400,31779120,161713559.0100
2025-07-28,sz.000012,5.0000,5.0400,4.8900,4.9500,5.0600,26292061,130443132.1900
2025-07-29,sz.000012,4.9400,4.9700,4.8700,4.9200,4.9500,19379300,95045350.2800
2025-07-30,sz.000012,4.9600,4.9800,4.8900,4.9100,4.9200,15351030,75750810.0300
2025-07-31,sz.000012,4.9000,4.9000,4.7500,4.7800,4.9100,26539637,127595689.8700
2025-08-01,sz.000012,4.7800,4.8200,4.7600,4.7800,4.7800,13260770,63458734.2500
2025-08-04,sz.000012,4.7800,4.7800,4.7200,4.7500,4.7800,12411641,58835247.7100
2025-08-05,sz.000012,4.7800,4.7800,4.7400,4.7700,4.7500,9968357,47499560.9200
2025-08-06,sz.000012,4.7700,4.8000,4.7400,4.7900,4.7700,10811438,51516096.8800
2025-08-07,sz.000012,4.7900,4.8100,4.7500,4.7800,4.7900,12946142,61887126.9800
2025-08-08,sz.000012,4.7700,4.8000,4.7600,4.7800,4.7800,10608885,50692636.4300
2025-08-11,sz.000012,4.8000,4.8100,4.7600,4.7900,4.7800,10970652,52592984.0000
2025-08-12,sz.000012,4.8000,4.8000,4.7600,4.7800,4.7900,9931550,47459142.0500
2025-08-13,sz.000012,4.7900,4.8000,4.7700,4.7800,4.7800,13021154,62292769.3500
2025-08-14,sz.000012,4.7800,4.8000,4.7100,4.7200,4.7800,16937617,80470486.0700
2025-08-15,sz.000012,4.7200,4.8000,4.7100,4.7900,4.7200,17322235,82639837.2400
2025-08-18,sz.000012,4.8100,4.8200,4.7700,4.7800,4.7900,17355060,83155297.9500
2025-08-19,sz.000012,4.7900,4.7900,4.7400,4.7600,4.7800,13567421,64635779.1600
2025-08-20,sz.000012,4.7600,4.8000,4.7500,4.8000,4.7600,13346693,63691412.6000
2025-08-21,sz.000012,4.7900,4.9800,4.7800,4.8900,4.8000,41299972,201741354.8400
2025-08-22,sz.000012,4.8500,4.8700,4.8200,4.8700,4.8900,25505518,123490246.6800
2025-08-25,sz.000012,4.8800,4.9100,4.8500,4.8700,4.8700,23927000,116752693.1200
2025-08-26,sz.000012,4.8700,4.8900,4.8400,4.8700,4.8700,14283661,69544136.3800
2025-08-27,sz.000012,4.8600,4.8800,4.7800,4.7900,4.8700,21834611,105434367.6600
2025-08-28,sz.000012,4.8000,4.8100,4.7100,4.7700,4.7900,19065273,90620506.4100
2025-08-29,sz.000012,4.7800,4.8000,4.7400,4.7500,4.7700,14073098,67094813.0800
2025-09-01,sz.000012,4.7500,4.7700,4.7100,4.7500,4.7500,12928410,61234709.3600
2025-09-02,sz.000012,4.7600,4.7700,4.7100,4.7300,4.7500,12680220,60002967.0600
2025-09-03,sz.000012,4.7300,4.7400,4.6700,4.6700,4.7300,11692833,54850260.7200
2025-09-04,sz.000012,4.6600,4.7200,4.6600,4.7100,4.6700,11868717,55808158.1400
2025-09-05,sz.000012,4.7100,4.8000,4.6900,4.8000,4.7100,18604868,88354023.1300
2025-09-08,sz.000012,4.8100,4.8300,4.7800,4.8000,4.8000,21542611,103541057.5600
2025-09-09,sz.000012,4.8000,4.8300,4.7800,4.8100,4.8000,13836585,66482097.3400
2025-09-10,sz.000012,4.7900,4.8200,4.7600,4.7600,4.8100,13323061,63658637.0100
2025-09-11,sz.000012,4.7500,4.7800,4.7400,4.7700,4.7600,15241881,72464375.1200
2025-09-12,sz.000012,4.7700,4.8100,4.7500,4.7800,4.7700,18894498,90291603.6300
2025-09-15,sz.000012,4.7800,4.7900,4.7200,4.7500,4.7800,16196521,76834717.2600
2025-09-16,sz.000012,4.7700,4.7900,4.7200,4.7500,4.7500,12119192,57544137.0200
2025-09-17,sz.000012,4.7400,4.7500,4.7200,4.7400,4.7500,12388536,58673761.7100
2025-09-18,sz.000012,4.7300,4.7400,4.6500,4.6800,4.7400,20955894,98491699.1100
2025-09-19,sz.000012,4.6700,4.7200,4.6600,4.7200,4.6800,13108526,61385876.7600
2025-09-22,sz.000012,4.6900,4.7000,4.6500,4.6700,4.7200,9459726,44126868.3900
2025-09-23,sz.000012,4.6700,4.6800,4.5700,4.6500,4.6700,15100613,69571894.8400
2025-09-24,sz.000012,4.6400,4.7200,4.6000,4.7100,4.6500,14322170,66850760.8500
2025-09-25,sz.000012,4.7200,4.7400,4.6700,4.6900,4.7100,13835815,65104332.6900
2025-09-26,sz.000012,4.6600,4.6900,4.6400,4.6600,4.6900,8052243,37557689.7900
2025-09-29,sz.000012,4.6600,4.7000,4.6000,4.6700,4.6600,12622720,58686374.4800
2025-09-30,sz.000012,4.6800,4.6800,4.6300,4.6300,4.6700,10409963,48398312.7900
2025-10-09,sz.000012,4.6500,4.6700,4.6300,4.6600,4.6300,11529551,53709647.8800
2025-10-10,sz.000012,4.6700,4.7200,4.6500,4.7100,4.6600,15509034,72890546.7700
2025-10-13,sz.000012,4.6300,4.6700,4.6100,4.6600,4.7100,15437372,71589046.0300
2025-10-14,sz.000012,4.6600,4.7500,4.6500,4.7200,4.6600,19963786,94016703.6400
2025-10-15,sz.000012,4.7100,4.7700,4.7100,4.7300,4.7200,15538548,73648928.9900
2025-10-16,sz.000012,4.7400,4.7400,4.6500,4.6700,4.7300,12646765,59231461.1400
2025-10-17,sz.000012,4.6600,4.6900,4.6100,4.6300,4.6700,12807284,59447234.7500
2025-10-20,sz.000012,4.6400,4.6500,4.6100,4.6400,4.6300,9618031,44501180.2200
2025-10-21,sz.000012,4.6400,4.6800,4.6300,4.6600,4.6400,11411053,53237654.7500
2025-10-22,sz.000012,4.6600,4.6900,4.6400,4.6600,4.6600,8289117,38681021.0300
2025-10-23,sz.000012,4.6700,4.7100,4.6400,4.7000,4.6600,14569891,68093832.9400
2025-10-24,sz.000012,4.6800,4.7100,4.6300,4.6400,4.7000,18186711,84660538.8900
2025-10-27,sz.000012,4.6500,4.6700,4.6400,4.6400,4.6400,12387065,57617237.2000
2025-10-28,sz.000012,4.6400,4.7300,4.6300,4.7000,4.6400,19423740,90957829.9700
2025-10-29,sz.000012,4.6800,4.8200,4.6600,4.8100,4.7000,42882824,204667616.9500
2025-10-30,sz.000012,4.7900,4.8000,4.7500,4.7600,4.8100,19012902,90724856.3600
2025-10-31,sz.000012,4.7800,4.7800,4.7200,4.7600,4.7600,16996155,80658210.9800
2025-11-03,sz.000012,4.7600,4.7800,4.7200,4.7700,4.7600,13820023,65696284.2500
2025-11-04,sz.000012,4.7700,4.8000,4.7500,4.7700,4.7700,12347370,58964217.6300
2025-11-05,sz.000012,4.7700,4.8300,4.7400,4.8100,4.7700,19111662,91766027.5700
2025-11-06,sz.000012,4.8400,4.8900,4.8200,4.8400,4.8100,22500192,109167359.9000
2025-11-07,sz.000012,4.8500,4.9800,4.8200,4.9300,4.8400,41694243,204957388.0600
2025-11-10,sz.000012,4.9200,4.9600,4.9200,4.9300,4.9300,23872933,117812145.7800
2025-11-11,sz.000012,4.9400,5.0000,4.9200,4.9800,4.9300,27426774,136576205.1300
2025-11-12,sz.000012,5.0000,5.0300,4.9100,4.9400,4.9800,22944291,113626616.7400
2025-11-13,sz.000012,4.9400,4.9800,4.9300,4.9600,4.9400,17970984,89049291.2200
2025-11-14,sz.000012,4.9400,4.9900,4.9200,4.9300,4.9600,17879367,88804867.1300
2025-11-17,sz.000012,4.9200,4.9600,4.9000,4.9400,4.9300,18191567,89663503.3000
2025-11-18,sz.000012,4.9100,4.9500,4.8300,4.8700,4.9400,19073185,92916767.8700
2025-11-19,sz.000012,4.8500,4.8900,4.7700,4.8100,4.8700,15240254,73272839.3800
2025-11-20,sz.000012,4.8200,4.8400,4.7800,4.8000,4.8100,13612646,65461947.8700
2025-11-21,sz.000012,4.7900,4.8000,4.6500,4.6600,4.8000,21090031,99171734.8100
2025-11-24,sz.000012,4.6900,4.6900,4.5900,4.6100,4.6600,25590924,118290344.8200
2025-11-25,sz.000012,4.6200,4.6500,4.6000,4.6300,4.6100,17950777,82961581.3500
2025-11-26,sz.000012,4.6400,4.7000,4.6300,4.6600,4.6300,18979963,88548556.7600
2025-11-27,sz.000012,4.6600,4.6800,4.6100,4.6300,4.6600,9595683,44458037.2900
2025-11-28,sz.000012,4.6300,4.6800,4.6200,4.6800,4.6300,11119634,51811058.8900
2025-12-01,sz.000012,4.6700,4.7600,4.6600,4.7300,4.6800,19975963,94465173.9000
2025-12-02,sz.000012,4.7200,4.7900,4.6900,4.7700,4.7300,14349187,68121584.3800
2025-12-03,sz.000012,4.7800,4.7900,4.7400,4.7800,4.7700,14324465,68268424.4500
2025-12-04,sz.000012,4.7600,4.7700,4.7000,4.7100,4.7800,11797601,55702262.4600
2025-12-05,sz.000012,4.7200,4.7300,4.6900,4.7300,4.7100,12836178,60500518.7900
2025-12-08,sz.000012,4.7500,4.7700,4.7100,4.7200,4.7300,12183754,57738168.5700
2025-12-09,sz.000012,4.7100,4.7200,4.6500,4.6700,4.7200,12679075,59295677.9400
2025-12-10,sz.000012,4.6800,4.6800,4.6100,4.6500,4.6700,16821797,77948139.2200
2025-12-11,sz.000012,4.6300,4.6500,4.5500,4.5800,4.6500,28911973,132689026.0400
2025-12-12,sz.000012,4.5900,4.6000,4.4800,4.5700,4.5800,53192346,240202000.9800
2025-12-15,sz.000012,4.5100,4.5100,4.4400,4.4500,4.5700,32664810,145632785.8200
2025-12-16,sz.000012,4.4500,4.4500,4.3800,4.4300,4.4500,18653274,82356691.2300
2025-12-17,sz.000012,4.4300,4.4400,4.3800,4.4300,4.4300,17909032,78915325.0600
2025-12-18,sz.000012,4.4300,4.4600,4.4200,4.4300,4.4300,14022451,62270859.9200
2025-12-19,sz.000012,4.4300,4.4800,4.4300,4.4600,4.4300,15503996,69226190.7200
2025-12-22,sz.000012,4.4700,4.5000,4.4600,4.4700,4.4600,13874269,62150336.4900
2025-12-23,sz.000012,4.4700,4.4800,4.4400,4.4500,4.4700,13800140,61503744.0200
2025-12-24,sz.000012,4.4400,4.5000,4.4300,4.4900,4.4500,14918346,66779519.9100
2025-12-25,sz.000012,4.5000,4.5100,4.4700,4.4900,4.4900,10956715,49219591.6200
2025-12-26,sz.000012,4.5000,4.5300,4.4800,4.5000,4.4900,13394571,60453540.2200
2025-12-29,sz.000012,4.5000,4.5200,4.4800,4.4900,4.5000,12840937,57805592.1300
2025-12-30,sz.000012,4.4800,4.4900,4.4300,4.4400,4.4900,14619036,65147318.6100
2025-12-31,sz.000012,4.4600,4.4600,4.4100,4.4300,4.4400,10274835,45569911.7800
