date,code,open,high,low,close,preclose,volume,amount
2019-01-02,sh.603026,19.2500,19.3700,18.7100,18.8300,19.3000,2806800,52817387.0000
2019-01-03,sh.603026,18.8400,19.1900,18.7200,19.1900,18.8300,1382824,26217190.0000
2019-01-04,sh.603026,18.9000,19.6800,18.7600,19.6200,19.1900,1964993,38175341.0000
2019-01-07,sh.603026,19.6300,19.8500,19.5300,19.7000,19.6200,1703585,33493472.0000
2019-01-08,sh.603026,19.7100,20.0300,19.5500,19.9200,19.7000,1625526,32327926.0000
2019-01-09,sh.603026,19.8000,20.1600,19.5900,19.7500,19.9200,2737557,54409534.0000
2019-01-10,sh.603026,19.6900,19.7400,19.3700,19.7200,19.7500,2176434,42520523.0000
2019-01-11,sh.603026,19.7300,20.1500,19.5100,19.8900,19.7200,2563134,50902385.0000
2019-01-14,sh.603026,19.8800,20.1100,19.5700,19.7200,19.8900,1740429,34402250.0000
2019-01-15,sh.603026,19.7500,19.8500,19.5000,19.8200,19.7200,1767723,34792487.0000
2019-01-16,sh.603026,19.6900,19.9400,19.6700,19.7200,19.8200,1225378,24231323.0000
2019-01-17,sh.603026,19.7000,19.7000,19.3200,19.3900,19.7200,1454951,28330657.0000
2019-01-18,sh.603026,19.3900,19.5900,19.1800,19.4300,19.3900,961021,18645266.0000
2019-01-21,sh.603026,19.4900,19.9000,19.3500,19.7900,19.4300,1487174,29220662.0000
2019-01-22,sh.603026,19.8300,19.9300,19.6300,19.8200,19.7900,1309635,25932275.0000
2019-01-23,sh.603026,19.7000,20.5800,19.5300,20.4100,19.8200,3854042,78475858.0000
2019-01-24,sh.603026,20.2600,20.3300,19.8800,19.8800,20.4100,2540200,51008343.0000
2019-01-25,sh.603026,19.9000,20.5800,19.5500,20.2900,19.8800,4146838,83808096.0000
2019-01-28,sh.603026,20.2900,20.3500,19.8000,19.8600,20.2900,2026825,40571755.0000
2019-01-29,sh.603026,19.6800,19.8900,19.2900,19.7000,19.8600,1051800,20604772.0000
2019-01-30,sh.603026,19.4500,19.7800,19.3000,19.4500,19.7000,1162100,22647977.0000
2019-01-31,sh.603026,19.5000,19.6600,19.3500,19.5500,19.4500,1084800,21171137.0000
2019-02-01,sh.603026,19.5900,20.2200,19.5000,20.1300,19.5500,1797713,35917182.0000
2019-02-11,sh.603026,20.1500,20.5800,20.0000,20.4700,20.1300,2358606,48032675.0000
2019-02-12,sh.603026,20.3600,20.5600,20.3000,20.4800,20.4700,2010188,41088477.0000
2019-02-13,sh.603026,20.5000,21.2500,20.3600,20.9400,20.4800,3271542,68537386.0000
2019-02-14,sh.603026,20.8300,21.7500,20.7700,21.6900,20.9400,4883633,104215515.0000
2019-02-15,sh.603026,21.6000,22.1800,21.5200,21.5600,21.6900,4763761,104157695.0000
2019-02-18,sh.603026,21.6500,22.3000,21.6500,21.9100,21.5600,3318963,73059903.0000
2019-02-19,sh.603026,22.1500,23.1400,22.0000,22.4800,21.9100,5613728,126888402.0000
2019-02-20,sh.603026,22.5200,23.3600,22.5000,23.0000,22.4800,4455562,102564606.0000
2019-02-21,sh.603026,22.9600,23.5500,22.9600,23.0800,23.0000,4416166,102862940.0000
2019-02-22,sh.603026,22.7300,22.8500,22.0700,22.5900,23.0800,6998217,156973737.0000
2019-02-25,sh.603026,23.0700,23.5500,22.9100,23.3400,22.5900,5782001,134563181.0000
2019-02-26,sh.603026,23.4500,25.5500,23.1000,24.5600,23.3400,6555500,162108569.0000
2019-02-27,sh.603026,24.5700,24.9200,23.7900,23.8300,24.5600,4124121,99845071.0000
2019-02-28,sh.603026,23.8200,24.3400,23.8000,24.0900,23.8300,1487604,35738199.0000
2019-03-01,sh.603026,24.3600,24.4000,23.5800,24.0000,24.0900,2076187,49639428.0000
2019-03-04,sh.603026,24.1400,24.6000,23.7200,24.2000,24.0000,4224141,101749156.0000
2019-03-05,sh.603026,23.9200,24.2100,23.6500,24.1700,24.2000,3193263,76143268.0000
2019-03-06,sh.603026,24.1300,24.5500,23.7900,24.2900,24.1700,4765908,114894191.0000
2019-03-07,sh.603026,24.2400,24.2400,23.4700,23.6000,24.2900,6108104,144915445.0000
2019-03-08,sh.603026,23.3000,23.3000,22.0100,22.0100,23.6000,7373918,166020909.0000
2019-03-11,sh.603026,22.0800,23.3200,22.0800,23.2500,22.0100,4745459,108471539.0000
2019-03-12,sh.603026,23.4800,24.5500,23.4800,24.1500,23.2500,5995989,144228055.0000
2019-03-13,sh.603026,24.2200,26.1800,23.9100,25.5000,24.1500,11058648,280383078.0000
2019-03-14,sh.603026,25.1400,26.0000,24.7800,25.3500,25.5000,4991810,126686883.0000
2019-03-15,sh.603026,25.3600,26.1200,25.2600,25.3700,25.3500,3318916,84912802.0000
2019-03-18,sh.603026,25.3800,26.3700,25.1600,25.8900,25.3700,4530552,116055684.0000
2019-03-19,sh.603026,25.6100,25.8000,25.3500,25.5100,25.8900,2054699,52332062.0000
2019-03-20,sh.603026,25.7000,25.7000,24.6100,25.3700,25.5100,2645294,66378228.0000
2019-03-21,sh.603026,25.6600,26.0500,25.0000,25.8400,25.3700,3559471,91553875.0000
2019-03-22,sh.603026,25.8400,26.2500,25.3000,25.5100,25.8400,2992084,76686431.0000
2019-03-25,sh.603026,25.0200,26.7500,25.0200,26.4500,25.5100,6472379,169102677.0000
2019-03-26,sh.603026,26.6500,27.5000,25.6000,25.7600,26.4500,6440742,171745424.0000
2019-03-27,sh.603026,25.9000,27.2400,25.8500,27.0900,25.7600,8334975,223796174.0000
2019-03-28,sh.603026,27.3100,27.7300,26.5100,26.9500,27.0900,5623627,152509471.0000
2019-03-29,sh.603026,28.0000,28.9700,27.0100,28.8000,26.9500,7655069,213933786.0000
2019-04-01,sh.603026,29.4000,31.6800,29.2000,31.6800,28.8000,9511020,296700950.0000
2019-04-02,sh.603026,32.9500,34.6800,31.7300,33.1800,31.6800,11563414,381843232.0000
2019-04-03,sh.603026,34.8000,36.5000,34.5400,36.5000,33.1800,16605819,593593036.0000
2019-04-04,sh.603026,37.6500,38.0000,35.3000,35.6800,36.5000,15265087,554667587.0000
2019-04-08,sh.603026,37.6800,39.2500,36.5800,39.2500,35.6800,17682135,670075682.0000
2019-04-09,sh.603026,40.5000,40.9900,37.6600,39.1500,39.2500,14756627,582780778.0000
2019-04-10,sh.603026,39.2000,42.0500,38.2500,41.5800,39.1500,11179866,445851341.0000
2019-04-11,sh.603026,41.0000,41.0000,37.4200,37.6800,41.5800,13094180,509117040.0000
2019-04-12,sh.603026,37.5500,38.9600,37.0000,37.5500,37.6800,8173323,310790562.0000
2019-04-15,sh.603026,38.5500,39.3000,37.8800,38.3700,37.5500,8455436,326606612.0000
2019-04-16,sh.603026,37.8800,39.2800,37.2900,38.6400,38.3700,8009455,307407553.0000
2019-04-17,sh.603026,38.4000,41.6500,38.0200,40.2200,38.6400,13433220,529538617.0000
2019-04-18,sh.603026,39.8000,39.9800,37.8800,37.9900,40.2200,11854455,460074544.0000
2019-04-19,sh.603026,38.4700,39.9100,37.8000,39.5100,37.9900,10537516,409552777.0000
2019-04-22,sh.603026,39.7000,41.6000,38.6300,40.6500,39.5100,9113146,364353874.0000
2019-04-23,sh.603026,40.6500,40.9700,38.5100,39.6300,40.6500,6732601,266039253.0000
2019-04-24,sh.603026,38.5000,38.5700,35.6700,37.0000,39.6300,14297377,525031120.0000
2019-04-25,sh.603026,36.8100,38.4000,36.0000,36.0000,37.0000,7904827,295249255.0000
2019-04-26,sh.603026,36.3700,36.4800,34.0400,34.2000,36.0000,11405341,398220328.0000
2019-04-29,sh.603026,34.8700,34.9400,32.0000,32.1100,34.2000,10147808,339646182.0000
2019-04-30,sh.603026,32.7200,34.5000,32.3800,33.1900,32.1100,7224963,240481172.0000
2019-05-06,sh.603026,31.5000,32.7800,30.1100,31.0500,33.1900,9806855,307930378.0000
2019-05-07,sh.603026,31.4800,31.6300,29.8700,30.7000,31.0500,9066699,278530696.0000
2019-05-08,sh.603026,29.8500,33.2600,29.8500,31.5200,30.7000,10496518,333261675.0000
2019-05-09,sh.603026,31.2000,32.6700,30.8000,31.5900,31.5200,8221396,259680210.0000
2019-05-10,sh.603026,32.2000,34.2500,31.8000,34.1700,31.5900,11188744,368187306.0000
2019-05-13,sh.603026,33.8200,34.7900,33.0000,33.5600,34.1700,8115998,274902526.0000
2019-05-14,sh.603026,33.6700,34.3500,33.1800,33.5900,33.5600,6347554,214826544.0000
2019-05-15,sh.603026,33.9500,35.1600,33.4800,35.0000,33.5900,7502393,257460619.0000
2019-05-16,sh.603026,34.7000,38.0000,34.3300,37.8800,35.0000,10349559,373060827.0000
2019-05-17,sh.603026,38.0500,38.0500,35.8500,36.2000,37.2800,7933417,291400848.0000
2019-05-20,sh.603026,36.0800,38.9500,34.5600,38.9500,36.2000,10225645,379796139.0000
2019-05-21,sh.603026,38.8900,40.6000,38.2000,39.0400,38.9500,8313793,327320008.0000
2019-05-22,sh.603026,39.0000,39.4900,37.1500,38.0000,39.0400,8376160,318313829.0000
2019-05-23,sh.603026,38.0000,38.5000,36.6000,36.9000,38.0000,6599566,246602234.0000
2019-05-24,sh.603026,37.1200,37.8400,36.6500,36.8400,36.9000,4527200,168425793.0000
2019-05-27,sh.603026,37.3900,37.4000,35.7200,36.9000,36.8400,6171762,226179746.0000
2019-05-28,sh.603026,36.9000,37.2300,36.2100,36.6200,36.9000,4961164,181608583.0000
2019-05-29,sh.603026,36.5000,36.5000,34.9300,35.9100,36.6200,6940500,246932622.0000
2019-05-30,sh.603026,35.7000,36.3000,34.6500,35.0200,35.9100,5731309,202732353.0000
2019-05-31,sh.603026,35.2100,35.7400,34.6000,34.7800,35.0200,5763860,202528736.0000
2019-06-03,sh.603026,35.2100,35.5000,33.0900,33.8000,34.7800,7510649,254818586.0000
2019-06-04,sh.603026,33.7400,34.2900,32.8000,33.9900,33.8000,4861737,163705033.0000
2019-06-05,sh.603026,34.3700,34.5300,32.7000,32.7000,33.9900,5724937,190951829.0000
2019-06-06,sh.603026,32.7400,33.0900,31.7800,32.3700,32.7000,6304975,203663042.0000
2019-06-10,sh.603026,33.0000,34.6500,32.3900,34.5600,32.3700,7032400,237777187.0000
2019-06-11,sh.603026,34.5800,36.1800,34.3000,35.8700,34.5600,8530349,301995537.0000
2019-06-12,sh.603026,36.7600,36.9000,35.5800,35.7300,35.8700,6377403,230333958.0000
2019-06-13,sh.603026,35.6300,37.5000,35.5000,36.9800,35.7300,8124682,297980904.0000
2019-06-14,sh.603026,37.1100,37.3500,35.0100,35.0100,36.9800,6464789,233467768.0000
2019-06-17,sh.603026,35.1600,36.8600,35.0000,36.3800,35.0100,7294744,263284353.0000
2019-06-18,sh.603026,36.3700,37.1200,36.1100,36.7400,36.3800,6982563,255815328.0000
2019-06-19,sh.603026,37.8000,38.0400,35.5900,35.7100,36.7400,9753862,354326184.0000
2019-06-20,sh.603026,35.3900,35.5600,32.1400,32.1400,35.7100,19807603,645529859.0000
2019-06-21,sh.603026,31.7000,32.3200,30.9000,32.2600,32.1400,11771766,373151879.0000
2019-06-24,sh.603026,32.0000,32.1800,31.2200,31.2300,32.2600,9357288,295145862.0000
2019-06-25,sh.603026,31.3900,31.8600,31.1000,31.6600,31.2300,5742799,181032172.0000
2019-06-26,sh.603026,31.4100,31.7700,31.1100,31.2000,31.6600,3980810,124853295.0000
2019-06-27,sh.603026,31.3500,31.5800,31.1700,31.3700,31.2000,3771093,118165127.0000
2019-06-28,sh.603026,31.3900,31.3900,29.8200,30.2600,31.3700,6860611,208199441.0000
2019-07-01,sh.603026,30.6000,31.4400,30.2800,31.3100,30.2600,10105992,310953583.0000
2019-07-02,sh.603026,31.1000,31.7700,30.9000,31.3900,31.3100,6324996,198920785.0000
2019-07-03,sh.603026,31.4900,31.7000,30.9000,31.0800,31.3900,4503293,140372951.0000
2019-07-04,sh.603026,31.0500,31.5800,30.5800,31.2500,31.0800,4673510,145919496.0000
2019-07-05,sh.603026,31.3000,31.6100,31.0100,31.3900,31.2500,3720036,116845799.0000
2019-07-08,sh.603026,31.3800,31.3800,29.8400,30.3000,31.3900,5351820,162597900.0000
2019-07-09,sh.603026,30.5700,31.1900,30.3000,31.0800,30.3000,4357654,133602777.0000
2019-07-10,sh.603026,31.0000,31.3900,30.7900,30.8200,31.0800,3993094,124203009.0000
2019-07-11,sh.603026,30.9000,31.2800,30.4100,30.5300,30.8200,3219900,99368274.0000
2019-07-12,sh.603026,30.7500,32.5800,30.6500,32.0600,30.5300,9967429,316362677.0000
2019-07-15,sh.603026,32.0000,32.3800,31.0600,32.1100,32.0600,7333801,232938558.0000
2019-07-16,sh.603026,32.2000,32.3500,31.6800,32.2000,32.1100,5120600,164050513.0000
2019-07-17,sh.603026,32.1000,32.5200,31.9000,31.9700,32.2000,3755600,120939330.0000
2019-07-18,sh.603026,31.9100,32.3600,31.6600,31.7400,31.9700,3580901,114481050.0000
2019-07-19,sh.603026,31.8800,32.1800,31.3700,31.4600,31.7400,4031538,127963218.0000
2019-07-22,sh.603026,31.7300,31.7300,30.8100,31.0800,31.4600,3741600,116802900.0000
2019-07-23,sh.603026,31.3500,31.3500,30.4600,31.1200,31.0800,3539410,109099646.0000
2019-07-24,sh.603026,31.2400,31.3800,30.7700,31.0000,31.1200,3513698,109374555.0000
2019-07-25,sh.603026,30.9000,30.9300,30.5100,30.8900,31.0000,3910121,120124572.0000
2019-07-26,sh.603026,30.8900,30.8900,30.4500,30.5500,30.8900,3376290,103308102.0000
2019-07-29,sh.603026,30.8200,30.8200,30.3000,30.6700,30.5500,3631084,110891340.0000
2019-07-30,sh.603026,30.6600,30.9600,30.5100,30.7500,30.6700,3106993,95628367.0000
2019-07-31,sh.603026,30.6900,30.9000,30.3300,30.5500,30.7500,2634910,80743561.0000
2019-08-01,sh.603026,30.3600,31.8700,30.3000,31.7000,30.5500,6677272,208895987.0000
2019-08-02,sh.603026,31.1500,31.3900,30.6100,30.7600,31.7000,4739435,146632544.0000
2019-08-05,sh.603026,30.9800,30.9800,30.1400,30.2000,30.7600,3682911,112111625.0000
2019-08-06,sh.603026,29.4100,29.4100,27.1800,27.4200,30.2000,8713909,242763502.0000
2019-08-07,sh.603026,27.7000,29.6800,27.7000,29.0300,27.4200,7899830,227384405.0000
2019-08-08,sh.603026,29.3700,29.5800,28.8200,28.8300,29.0300,3811200,110908236.0000
2019-08-09,sh.603026,29.2700,29.8000,28.5000,28.6000,28.8300,3792469,110512471.0000
2019-08-12,sh.603026,28.6000,29.2000,28.4100,28.8100,28.6000,2998496,86014374.0000
2019-08-13,sh.603026,28.6100,28.7500,27.8700,28.4000,28.8100,3966411,112065079.0000
2019-08-14,sh.603026,28.8000,28.9000,28.0500,28.1800,28.4000,3254617,92543977.0000
2019-08-15,sh.603026,27.0600,28.7000,26.8100,28.3700,28.1800,3915929,108961866.0000
2019-08-16,sh.603026,27.9800,29.2800,27.9800,28.9300,28.3700,3832277,110719929.0000
2019-08-19,sh.603026,29.3800,30.3000,29.0000,30.2400,28.9300,4964000,148251007.0000
2019-08-20,sh.603026,30.7800,31.2900,30.1600,30.2700,30.2400,5287483,162749337.0000
2019-08-21,sh.603026,30.3100,31.4800,30.1000,30.7000,30.2700,4484181,138197295.0000
2019-08-22,sh.603026,31.0000,31.6000,30.7200,31.2100,30.7000,4959372,154671688.0000
2019-08-23,sh.603026,31.1600,31.5900,30.8800,31.0500,31.2100,3316538,103269624.0000
2019-08-26,sh.603026,30.2800,31.3900,30.0000,30.9400,31.0500,3929815,120941208.0000
2019-08-27,sh.603026,31.1700,31.9500,31.1600,31.6600,30.9400,4912050,154912586.0000
2019-08-28,sh.603026,31.2800,31.2800,29.5800,29.8900,31.6600,9584076,287721975.0000
2019-08-29,sh.603026,29.8000,30.1500,28.8000,29.0700,29.8900,6251315,182512216.0000
2019-08-30,sh.603026,29.1900,29.2700,28.3000,28.3000,29.0700,6286973,180288066.0000
2019-09-02,sh.603026,28.5900,29.1500,28.0600,29.0800,28.3000,5097470,146672400.0000
2019-09-03,sh.603026,29.0000,29.3500,28.8500,29.1100,29.0800,3665141,106496492.0000
2019-09-04,sh.603026,29.1200,29.4800,28.8800,29.4100,29.1100,4948931,144770127.0000
2019-09-05,sh.603026,29.6600,30.5500,29.6000,30.0200,29.4100,6930330,209270698.0000
2019-09-06,sh.603026,30.0400,33.0200,30.0400,33.0200,30.0200,15460159,497862236.0000
2019-09-09,sh.603026,33.2100,35.3900,32.6100,34.9100,33.0200,14452471,491367949.0000
2019-09-10,sh.603026,34.6600,35.3000,34.1600,34.4800,34.9100,9247704,319802072.0000
2019-09-11,sh.603026,35.1200,35.9400,34.6000,35.1900,34.4800,8889291,313751918.0000
2019-09-12,sh.603026,35.1900,35.3000,34.4000,34.4900,35.1900,5420499,188316735.0000
2019-09-16,sh.603026,35.1900,36.2800,34.8600,35.3500,34.4900,7390021,261789712.0000
2019-09-17,sh.603026,35.5100,35.5300,34.1500,34.3300,35.3500,6346027,219822176.0000
2019-09-18,sh.603026,34.9400,35.5000,34.1600,34.3000,34.3300,7929768,276895882.0000
2019-09-19,sh.603026,34.6200,35.1900,34.2000,34.8700,34.3000,7226929,251009237.0000
2019-09-20,sh.603026,34.7300,34.9000,33.6400,34.0800,34.8700,7224194,246804366.0000
2019-09-23,sh.603026,34.0900,34.3300,33.1300,34.0000,34.0800,4054065,136987278.0000
2019-09-24,sh.603026,34.0900,34.8000,33.6400,34.3000,34.0000,5551436,189738086.0000
2019-09-25,sh.603026,34.1000,37.7300,33.8200,37.7300,34.3000,17260013,622154879.0000
2019-09-26,sh.603026,36.9900,37.3800,33.9600,33.9600,37.7300,14271835,507444144.0000
2019-09-27,sh.603026,34.1500,36.7700,34.1500,35.8700,33.9600,10758725,384381450.0000
2019-09-30,sh.603026,36.1100,36.7500,35.3500,35.8200,35.8700,6960559,250196180.0000
2019-10-08,sh.603026,35.8000,35.9500,32.3900,33.2100,35.8200,9069145,302533258.0000
2019-10-09,sh.603026,33.2500,34.9700,32.6000,34.8300,33.2100,6853632,233348170.0000
2019-10-10,sh.603026,35.6000,35.7300,34.0500,34.7100,34.8300,6119200,211602681.0000
2019-10-11,sh.603026,34.7300,34.8900,33.8800,34.1500,34.7100,4932336,169013665.0000
2019-10-14,sh.603026,34.7800,35.3600,34.0000,34.5800,34.1500,8158815,282274141.0000
2019-10-15,sh.603026,34.2700,34.3000,33.1000,33.4100,34.5800,5481899,183832154.0000
2019-10-16,sh.603026,33.4800,34.0500,33.2200,33.6400,33.4100,3853918,129275162.0000
2019-10-17,sh.603026,33.5100,33.5200,31.8500,32.9900,33.6400,6742372,220097485.0000
2019-10-18,sh.603026,32.4000,34.2600,32.3400,33.3000,32.9900,6674895,223727648.0000
2019-10-21,sh.603026,33.1700,33.1700,31.9300,32.5600,33.3000,4198075,135899762.0000
2019-10-22,sh.603026,32.5700,33.4500,32.4500,33.3200,32.5600,3704323,121972145.0000
2019-10-23,sh.603026,33.5500,34.2000,33.3000,33.4000,33.3200,4060700,136986519.0000
2019-10-24,sh.603026,33.5000,34.8900,33.1000,34.7900,33.4000,7059155,241223458.0000
2019-10-25,sh.603026,34.7300,36.5000,34.5200,36.1100,34.7900,10338937,367599742.0000
2019-10-28,sh.603026,35.4800,36.5800,35.1600,35.6000,36.1100,6450672,229493957.0000
2019-10-29,sh.603026,35.5900,36.4000,35.1800,35.2500,35.6000,5596877,200518988.0000
2019-10-30,sh.603026,35.2700,35.5900,34.5800,35.0700,35.2500,3801382,133273161.0000
2019-10-31,sh.603026,35.1500,35.4800,34.4000,34.4800,35.0700,3740651,130237952.0000
2019-11-01,sh.603026,34.1100,34.8000,33.3600,34.7600,34.4800,4054940,138721958.0000
2019-11-04,sh.603026,34.6300,35.5800,34.1100,35.4400,34.7600,5820177,203404262.0000
2019-11-05,sh.603026,35.2300,36.9800,35.2300,36.5100,35.4400,9096814,329836495.0000
2019-11-06,sh.603026,36.4900,38.5000,36.4900,38.4000,36.5100,14083322,530743322.0000
2019-11-07,sh.603026,38.5800,39.2000,38.0500,39.1400,38.4000,12874099,497469268.0000
2019-11-08,sh.603026,38.9900,39.2700,38.2000,38.7200,39.1400,7443242,287674392.0000
2019-11-11,sh.603026,38.2000,38.3000,37.5000,38.0700,38.7200,6185725,234489293.0000
2019-11-12,sh.603026,37.7100,37.8700,36.8300,37.7500,38.0700,5391967,201295381.0000
2019-11-13,sh.603026,37.8100,38.4500,37.4300,38.0400,37.7500,6133038,233417174.0000
2019-11-14,sh.603026,38.1200,38.6900,37.9800,38.3000,38.0400,4001567,153058321.0000
2019-11-15,sh.603026,38.0100,38.7000,36.0500,38.2000,38.3000,8482490,317847960.0000
2019-11-18,sh.603026,37.8200,39.3600,37.2000,39.3000,38.2000,6846901,262561944.0000
2019-11-19,sh.603026,38.8800,40.2800,38.8800,39.4600,39.3000,8766651,345696244.0000
2019-11-20,sh.603026,39.8100,40.2100,38.6300,38.7500,39.4600,9231078,364482838.0000
2019-11-21,sh.603026,38.3000,38.6000,37.3400,37.6000,38.7500,6273202,237122661.0000
2019-11-22,sh.603026,37.5000,38.5500,36.6300,37.0500,37.6000,6503524,243728887.0000
2019-11-25,sh.603026,36.9000,37.4000,36.1500,36.7700,37.0500,4181391,153496994.0000
2019-11-26,sh.603026,36.7700,38.2000,36.6000,38.0300,36.7700,4505794,168449302.0000
2019-11-27,sh.603026,37.8000,38.5800,37.3800,37.8000,38.0300,5194604,197300674.0000
2019-11-28,sh.603026,37.7300,37.8500,36.2000,36.7600,37.8000,7106022,262621392.0000
2019-11-29,sh.603026,36.6600,36.7000,35.1700,35.4500,36.7600,6046603,215510998.0000
2019-12-02,sh.603026,35.5000,35.6700,34.2300,35.2200,35.4500,6320642,219995102.0000
2019-12-03,sh.603026,34.8800,35.2300,34.5100,35.1500,35.2200,3450249,120492409.0000
2019-12-04,sh.603026,34.8800,35.7700,34.4800,34.7700,35.1500,4963814,173681860.0000
2019-12-05,sh.603026,34.7100,34.8200,33.6200,34.5000,34.7700,7992338,274408776.0000
2019-12-06,sh.603026,34.2600,34.8400,34.1300,34.8200,34.5000,5197074,178878131.0000
2019-12-09,sh.603026,34.9900,35.6600,34.7000,34.8300,34.8200,6436944,226033753.0000
2019-12-10,sh.603026,34.7800,34.7800,33.5700,34.1000,34.8300,8016450,272024326.0000
2019-12-11,sh.603026,34.0000,34.0000,33.4100,33.7000,34.1000,4361297,146869268.0000
2019-12-12,sh.603026,33.3700,34.0600,33.2500,33.5800,33.7000,3062876,103432137.0000
2019-12-13,sh.603026,33.9000,34.7600,33.4800,34.6400,33.5800,6884418,235493464.0000
2019-12-16,sh.603026,34.6500,35.3800,34.5000,34.8000,34.6400,8341091,290541409.0000
2019-12-17,sh.603026,34.8000,35.6600,34.7500,35.0800,34.8000,8403495,296661023.0000
2019-12-18,sh.603026,35.2300,35.2300,34.1400,34.2900,35.0800,8641787,298561908.0000
2019-12-19,sh.603026,34.2400,34.4700,33.5500,34.3100,34.2900,6107965,207042366.0000
2019-12-20,sh.603026,34.0100,34.9100,34.0100,34.5800,34.3100,5146649,177904897.0000
2019-12-23,sh.603026,34.4400,35.3100,34.2100,34.8300,34.5800,6928237,242403171.0000
2019-12-24,sh.603026,34.9800,37.3000,34.7200,37.1000,34.8300,15903098,575839446.0000
2019-12-25,sh.603026,37.1600,37.1600,36.2300,36.4100,37.1000,11434865,417836376.0000
2019-12-26,sh.603026,36.4100,37.2400,36.0200,36.8500,36.4100,11919399,438715488.0000
2019-12-27,sh.603026,37.1000,37.5000,35.1100,35.8500,36.8500,14739315,538364249.0000
2019-12-30,sh.603026,35.4100,36.3900,35.0100,35.8000,35.8500,7962716,284685626.0000
2019-12-31,sh.603026,35.9600,36.1600,34.8600,35.0200,35.8000,8132454,287639799.0000
2020-01-02,sh.603026,35.0200,35.6500,35.0100,35.6500,35.0200,9729670,344797582.0000
2020-01-03,sh.603026,35.8000,36.0500,35.3800,35.6500,35.6500,7958635,284544862.0000
2020-01-06,sh.603026,35.5000,37.7000,35.3800,37.0100,35.6500,15406896,567605625.0000
2020-01-07,sh.603026,37.0800,37.1400,36.5300,37.0500,37.0100,7433073,274164889.0000
2020-01-08,sh.603026,36.7500,37.9800,36.6000,36.8200,37.0500,11314285,421218196.0000
2020-01-09,sh.603026,37.1000,38.1800,36.9100,38.1200,36.8200,12810658,483953708.0000
2020-01-10,sh.603026,38.1700,39.2900,37.8800,38.1100,38.1200,10476240,402962351.0000
2020-01-13,sh.603026,38.3500,39.2000,38.0200,39.0300,38.1100,9662006,373896881.0000
2020-01-14,sh.603026,39.6600,39.9700,38.1000,38.1400,39.0300,11657048,455009869.0000
2020-01-15,sh.603026,38.0000,38.0900,36.8100,37.7000,38.1400,10604190,395557052.0000
2020-01-16,sh.603026,37.5000,37.8500,37.0400,37.2900,37.7000,5945837,222191951.0000
2020-01-17,sh.603026,37.4400,37.4400,36.5600,36.8000,37.2900,7124571,263478161.0000
2020-01-20,sh.603026,36.8000,37.6900,36.5100,37.6900,36.8000,8144688,303077023.0000
2020-01-21,sh.603026,37.5200,37.9900,36.7000,36.8000,37.6900,6218623,231272993.0000
2020-01-22,sh.603026,36.6000,37.1700,35.4400,36.5500,36.8000,8969870,325124574.0000
2020-01-23,sh.603026,35.6500,35.6500,32.9100,34.0300,36.5500,16249083,555224443.0000
2020-02-03,sh.603026,30.6300,30.6300,30.6300,30.6300,34.0300,981400,30060282.0000
2020-02-04,sh.603026,27.9000,31.2400,27.9000,30.9700,30.6300,12054957,361102869.0000
2020-02-05,sh.603026,31.0000,33.9500,30.6300,33.5300,30.9700,13069389,428660760.0000
2020-02-06,sh.603026,32.4000,33.6000,32.4000,33.1800,33.5300,9230286,303783913.0000
2020-02-07,sh.603026,32.8900,33.4900,32.6600,33.0300,33.1800,6285557,207044002.0000
2020-02-10,sh.603026,32.8500,34.1300,32.8000,33.7600,33.0300,6565009,221280232.0000
2020-02-11,sh.603026,34.1500,34.6200,33.2500,34.1300,33.7600,7243888,245683049.0000
2020-02-12,sh.603026,34.3200,35.2700,33.9600,35.0200,34.1300,8912177,310705924.0000
2020-02-13,sh.603026,35.1600,35.1800,34.1400,34.3000,35.0200,6887806,238052282.0000
2020-02-14,sh.603026,33.8200,34.8300,33.7900,34.0000,34.3000,6498884,223287753.0000
2020-02-17,sh.603026,34.4000,35.1200,34.0900,35.0100,34.0000,7095773,246932543.0000
2020-02-18,sh.603026,35.8500,36.6700,35.1800,36.2400,35.0100,9179627,330773668.0000
2020-02-19,sh.603026,38.4900,39.8600,37.9500,38.7900,36.2400,24430458,955412304.0000
2020-02-20,sh.603026,41.2300,42.6700,41.1500,41.5100,38.7900,35734165,1509857220.0000
2020-02-21,sh.603026,40.4200,45.6600,40.0000,45.6600,41.5100,32391100,1392007824.0000
2020-02-24,sh.603026,44.0000,46.6600,42.5100,43.4800,45.6600,33444677,1465515813.0000
2020-02-25,sh.603026,41.6800,42.2500,39.1300,41.4200,43.4800,28307270,1155833799.0000
2020-02-26,sh.603026,40.6000,40.6100,39.0000,39.1500,41.4200,15789035,626946492.0000
2020-02-27,sh.603026,39.3200,39.9500,38.0700,38.6900,39.1500,11808560,461556069.0000
2020-02-28,sh.603026,37.1000,38.2600,36.2000,36.5100,38.6900,12066733,448504357.0000
2020-03-02,sh.603026,37.3000,38.2800,36.8500,38.0500,36.5100,11021010,414070736.0000
2020-03-03,sh.603026,38.5900,39.4800,37.3800,37.6100,38.0500,12414729,479053435.0000
2020-03-04,sh.603026,36.8600,37.9000,36.8600,37.8800,37.6100,6485705,242341104.0000
2020-03-05,sh.603026,38.4500,38.8700,37.7900,38.4600,37.8800,7533432,288093219.0000
2020-03-06,sh.603026,37.9900,38.9600,37.8000,37.9300,38.4600,7591652,291386702.0000
2020-03-09,sh.603026,36.7000,37.1300,35.3000,35.4800,37.9300,10230081,368155238.0000
2020-03-10,sh.603026,34.6000,36.6500,34.5100,36.5800,35.4800,7280195,259376015.0000
2020-03-11,sh.603026,36.8400,37.3200,35.8800,36.1600,36.5800,7636747,278770429.0000
2020-03-12,sh.603026,35.5200,35.8200,34.5900,35.0000,36.1600,6486867,227509188.0000
2020-03-13,sh.603026,32.5300,34.4800,32.5200,33.8500,35.0000,5896537,197925535.0000
2020-03-16,sh.603026,34.1000,34.4500,32.3300,32.6200,33.8500,4880288,163083195.0000
2020-03-17,sh.603026,33.0000,33.8000,31.3600,32.7200,32.6200,4162989,134715369.0000
2020-03-18,sh.603026,33.1100,33.7000,32.7100,33.1500,32.7200,4041913,134189257.0000
2020-03-19,sh.603026,32.8100,33.1500,31.8800,32.3900,33.1500,3880983,125587609.0000
2020-03-20,sh.603026,33.0500,33.0700,32.3700,32.6200,32.3900,2587730,84547345.0000
2020-03-23,sh.603026,31.8100,31.8800,29.7400,30.0900,32.6200,5422252,167132321.0000
2020-03-24,sh.603026,30.7000,30.7000,28.9000,30.0000,30.0900,6562384,195972588.0000
2020-03-25,sh.603026,30.8000,31.4100,30.5000,30.9200,30.0000,6157760,190854019.0000
2020-03-26,sh.603026,30.6200,30.9900,30.1600,30.2800,30.9200,3292752,100432354.0000
2020-03-27,sh.603026,30.7400,31.0000,29.7700,29.8500,30.2800,3488827,105639995.0000
2020-03-30,sh.603026,29.3100,29.3100,28.4100,28.7200,29.8500,4186164,120306973.0000
2020-03-31,sh.603026,29.1600,29.2500,28.4600,28.5700,28.7200,2712333,78198116.0000
2020-04-01,sh.603026,28.8600,29.4700,28.1800,28.9600,28.5700,4983279,144452545.0000
2020-04-02,sh.603026,28.7200,29.6800,28.4900,29.6700,28.9600,4351904,126792798.0000
2020-04-03,sh.603026,29.6800,30.6500,29.6100,29.8900,29.6700,5700588,171382369.0000
2020-04-07,sh.603026,30.6500,30.9400,30.1600,30.5900,29.8900,5163735,157086214.0000
2020-04-08,sh.603026,30.3800,30.8700,30.0600,30.5000,30.5900,3656631,111612324.0000
2020-04-09,sh.603026,30.7900,30.9900,30.3500,30.5100,30.5000,3147975,96389201.0000
2020-04-10,sh.603026,30.1900,30.2000,28.8000,28.8400,30.5100,7103950,207604420.0000
2020-04-13,sh.603026,28.9500,28.9500,27.6600,27.7000,28.8400,5333244,149660250.0000
2020-04-14,sh.603026,27.9900,28.7600,27.8000,28.5500,27.7000,6250129,176674796.0000
2020-04-15,sh.603026,28.1900,29.2000,28.0100,28.6200,28.5500,6157164,176629041.0000
2020-04-16,sh.603026,28.2400,28.6600,27.5300,28.3700,28.6200,7075149,199036554.0000
2020-04-17,sh.603026,28.6200,28.8700,28.1700,28.2000,28.3700,4517753,129209409.0000
2020-04-20,sh.603026,28.0800,28.7600,27.8000,28.7000,28.2000,3916812,110938220.0000
2020-04-21,sh.603026,28.6900,28.6900,27.6000,27.8200,28.7000,5719008,159594554.0000
2020-04-22,sh.603026,27.5100,27.8000,26.8800,27.7600,27.8200,6882256,188085964.0000
2020-04-23,sh.603026,27.8800,27.9900,27.0100,27.0300,27.7600,3632491,99595291.0000
2020-04-24,sh.603026,27.2200,27.2900,25.7200,25.9500,27.0300,6168809,162215052.0000
2020-04-27,sh.603026,26.1600,26.1600,24.9000,25.0500,25.9500,6200061,156744368.0000
2020-04-28,sh.603026,25.0200,25.1700,22.8900,23.9900,25.0500,7649042,183112706.0000
2020-04-29,sh.603026,24.1800,24.4400,23.6500,24.1800,23.9900,3498459,84239339.0000
2020-04-30,sh.603026,24.2600,25.3700,24.2000,25.1600,24.1800,5780000,144487281.0000
2020-05-06,sh.603026,24.8600,25.6700,24.7000,25.5700,25.1600,3810765,96592933.0000
2020-05-07,sh.603026,25.6800,26.2800,25.5200,26.1400,25.5700,5641713,146170703.0000
2020-05-08,sh.603026,26.0200,26.2600,25.8000,25.9500,26.1400,5215907,135798507.0000
2020-05-11,sh.603026,25.9300,26.1400,25.7300,26.0700,25.9500,4723156,122623876.0000
2020-05-12,sh.603026,26.1800,26.2500,25.5800,25.8800,26.0700,3209171,83038741.0000
2020-05-13,sh.603026,25.9900,26.3800,25.7400,26.1200,25.8800,3630238,95041443.0000
2020-05-14,sh.603026,25.9900,26.1700,25.6300,25.7000,26.1200,3120801,80698445.0000
2020-05-15,sh.603026,26.0500,26.2000,25.7400,25.8200,25.7000,2910312,75485260.0000
2020-05-18,sh.603026,25.8000,25.9100,25.0700,25.2600,25.8200,3140151,79900037.0000
2020-05-19,sh.603026,25.5900,25.6000,25.1400,25.2300,25.2600,2850852,72233429.0000
2020-05-20,sh.603026,25.5800,26.7700,24.5000,25.6500,25.2300,6877677,178445592.0000
2020-05-21,sh.603026,25.6000,25.6000,24.4400,24.4900,25.6500,4969335,124004806.0000
2020-05-22,sh.603026,24.4600,24.4900,23.6000,23.7500,24.4900,3258881,78000245.0000
2020-05-25,sh.603026,23.6500,23.9000,23.1900,23.2000,23.7500,2501348,58571610.0000
2020-05-26,sh.603026,23.2200,24.0000,23.2200,23.8400,23.2000,2560974,60719525.0000
2020-05-27,sh.603026,24.0000,24.4900,23.8700,24.0700,23.8400,2945000,71049194.0000
2020-05-28,sh.603026,24.2000,24.2000,23.1300,23.4500,24.0700,3566594,83773213.0000
2020-05-29,sh.603026,23.1600,24.1200,23.1600,23.7200,23.4500,2842535,67634121.0000
2020-06-01,sh.603026,23.8500,24.7700,23.8400,24.6500,23.7200,4067971,99531821.0000
2020-06-02,sh.603026,24.7700,25.1700,24.4400,24.9900,24.6500,4038060,100388053.0000
2020-06-03,sh.603026,25.0900,25.1500,24.5000,24.5400,24.9900,2967686,73728355.0000
2020-06-04,sh.603026,24.7800,25.8400,24.5800,25.4500,24.5400,7102579,179850297.0000
2020-06-05,sh.603026,25.2000,25.2000,24.6900,24.9500,25.4500,3994040,99522256.0000
2020-06-08,sh.603026,24.9500,25.1900,24.6300,24.8600,24.9500,3087317,76839314.0000
2020-06-09,sh.603026,24.9500,25.2000,24.8100,25.0400,24.8600,3185919,79610143.0000
2020-06-10,sh.603026,25.1200,25.6700,25.0000,25.4700,25.0400,5604077,142498656.0000
2020-06-11,sh.603026,25.6900,25.7200,24.8800,25.0500,25.4700,5229645,132268799.0000
2020-06-12,sh.603026,24.3100,24.6600,24.1600,24.4800,25.0500,3606216,88184547.0000
2020-06-15,sh.603026,24.6400,24.9000,24.3400,24.6500,24.4800,2907514,71681424.0000
2020-06-16,sh.603026,24.7000,25.1800,24.6000,25.1200,24.6500,3680578,91528125.0000
2020-06-17,sh.603026,25.1200,26.0800,25.0500,25.7700,25.1200,7619095,195763258.0000
2020-06-18,sh.603026,25.7500,25.7700,25.2300,25.6000,25.7700,3936604,100284462.0000
2020-06-19,sh.603026,25.5300,25.9500,25.4800,25.8600,25.6000,4700122,121001600.0000
2020-06-22,sh.603026,25.9200,26.2700,25.6300,25.7100,25.8600,4134467,107073118.0000
2020-06-23,sh.603026,25.7200,25.9500,25.4600,25.7400,25.7100,3080502,78887924.0000
2020-06-24,sh.603026,25.7000,25.7400,25.2700,25.3200,25.7400,2638655,67089050.0000
2020-06-29,sh.603026,25.3200,25.3200,24.1800,24.2600,25.3200,4281418,105029333.0000
2020-06-30,sh.603026,24.5200,26.6900,24.5200,26.6900,24.2600,5523224,145390704.0000
2020-07-01,sh.603026,27.0000,28.1600,26.7500,27.4800,26.6900,19050360,526316870.0000
2020-07-02,sh.603026,26.2000,27.3900,26.2000,26.9300,27.4800,13627981,363154246.0000
2020-07-03,sh.603026,26.9900,29.0300,26.5600,28.4300,26.9300,14924581,415301819.0000
2020-07-06,sh.603026,28.8000,31.2700,28.7700,31.1300,28.4300,19475954,588670844.0000
2020-07-07,sh.603026,31.6600,32.9900,30.7000,31.1000,31.1300,19286729,613568253.0000
2020-07-08,sh.603026,30.3500,33.5200,30.0000,33.1000,31.1000,19024635,608678058.0000
2020-07-09,sh.603026,33.6600,36.0800,33.6600,35.8400,33.1000,18604495,654895463.0000
2020-07-10,sh.603026,35.8400,39.2000,34.6500,39.0100,35.8400,19345217,718789318.0000
2020-07-13,sh.603026,40.2000,42.8800,39.0600,42.0100,39.0100,18668711,760641788.0000
2020-07-14,sh.603026,40.6000,42.4900,38.7700,38.9600,42.0100,14100831,563496164.0000
2020-07-15,sh.603026,39.9000,40.6800,36.5300,36.6000,38.9600,13731166,535802047.0000
2020-07-16,sh.603026,36.9400,37.9400,34.8400,35.5000,36.6000,13811295,504512714.0000
2020-07-17,sh.603026,36.0000,36.1900,33.8800,35.9100,35.5000,8751989,310393526.0000
2020-07-20,sh.603026,36.3600,36.7000,34.5000,36.2500,35.9100,7331473,262083535.0000
2020-07-21,sh.603026,36.3000,36.7600,35.2300,35.6800,36.2500,8205171,293947411.5200
2020-07-22,sh.603026,35.7500,36.0500,34.9300,35.0100,35.6800,6394342,227292473.7900
2020-07-23,sh.603026,34.6000,36.2200,34.4500,36.1000,35.0100,10596050,377704609.9400
2020-07-24,sh.603026,35.7900,35.7900,32.4900,32.5800,36.1000,10758492,364049614.5900
2020-07-27,sh.603026,32.3100,33.3600,31.7000,32.6200,32.5800,4240245,138792195.4100
2020-07-28,sh.603026,33.1500,33.6600,32.6000,33.2700,32.6200,3722388,123099003.5600
2020-07-29,sh.603026,33.3000,34.2000,32.3600,33.8900,33.2700,6781112,228113167.1600
2020-07-30,sh.603026,34.0900,34.2500,32.9000,33.0900,33.8900,4138849,138430956.5100
2020-07-31,sh.603026,33.3600,35.7000,33.1800,34.7400,33.0900,8032632,278250445.9600
2020-08-03,sh.603026,35.2200,37.5000,34.8000,37.4500,34.7400,7536960,274245736.7300
2020-08-04,sh.603026,38.7400,39.8400,37.5000,38.3900,37.4500,13047603,500197197.0000
2020-08-05,sh.603026,38.5000,40.2400,37.0000,39.5500,38.3900,9848308,386612921.2800
2020-08-06,sh.603026,40.3600,40.3600,37.6400,38.1100,39.5500,9459550,367487676.7700
2020-08-07,sh.603026,38.4100,38.6800,35.4800,36.7900,38.1100,8344405,306276706.4700
2020-08-10,sh.603026,36.9800,36.9800,35.0000,35.5200,36.7900,6672952,237545390.6600
2020-08-11,sh.603026,35.9500,38.8000,35.3200,37.2900,35.5200,9352739,347872775.6600
2020-08-12,sh.603026,37.0500,37.9700,34.2700,35.9100,37.2900,8652286,308017205.7900
2020-08-13,sh.603026,36.5000,36.9900,35.9100,36.3200,35.9100,4752033,173027156.1000
2020-08-14,sh.603026,36.6300,36.6300,35.6300,36.4000,36.3200,3269325,117938056.2500
2020-08-17,sh.603026,36.5000,37.0900,36.0000,36.5500,36.4000,5177051,188847126.0300
2020-08-18,sh.603026,36.7000,37.2000,36.4000,36.9500,36.5500,4355846,160290953.2900
2020-08-19,sh.603026,37.0000,38.3000,36.5800,37.2100,36.9500,5745701,214984401.3200
2020-08-20,sh.603026,37.5800,37.7600,36.0100,36.6800,37.2100,5171041,188937332.4100
2020-08-21,sh.603026,36.6500,38.2000,36.2300,36.9000,36.6800,4475740,166253011.4800
2020-08-24,sh.603026,37.4400,38.9500,37.1200,38.4800,36.9000,6708359,256551676.6900
2020-08-25,sh.603026,38.1600,38.3900,37.2100,38.0900,38.4800,4763054,179499590.5300
2020-08-26,sh.603026,37.9500,37.9500,36.4000,36.7900,38.0900,4188632,155008666.1000
2020-08-27,sh.603026,36.7900,37.6900,36.2000,36.9800,36.7900,4496198,166029180.7200
2020-08-28,sh.603026,37.2000,39.4000,36.4500,39.4000,36.9800,11044166,425237332.5300
2020-08-31,sh.603026,39.2000,41.4200,39.0000,40.2000,39.4000,9838573,399921196.0300
2020-09-01,sh.603026,40.9900,42.0000,40.2100,40.9900,40.2000,9602492,394180627.3700
2020-09-02,sh.603026,41.6600,41.8800,40.5600,41.2800,40.9900,7576203,312023457.8500
2020-09-03,sh.603026,41.7400,41.9800,40.0400,40.3000,41.2800,5519171,224649407.7500
2020-09-04,sh.603026,39.1800,42.5000,38.9300,42.5000,40.3000,9851032,407532283.1800
2020-09-07,sh.603026,45.0000,46.7400,44.0000,44.0400,42.5000,16128017,731867330.5600
2020-09-08,sh.603026,44.9500,45.7800,43.1600,44.3600,44.0400,10152953,449005112.2000
2020-09-09,sh.603026,43.2900,45.7500,40.4400,42.0500,44.3600,14022520,605456219.4600
2020-09-10,sh.603026,42.2100,43.5000,41.5000,42.5300,42.0500,8472644,359148223.6900
2020-09-11,sh.603026,42.6000,46.5500,41.6000,46.1600,42.5300,11348670,500218530.7100
2020-09-14,sh.603026,47.8000,49.6000,46.7700,48.2600,46.1600,11806495,567969542.0900
2020-09-15,sh.603026,48.9600,53.0900,48.3300,52.9000,48.2600,16675270,857961981.9000
2020-09-16,sh.603026,51.0400,52.9000,49.6600,51.4000,52.9000,19152089,974940157.8700
2020-09-17,sh.603026,52.5000,53.3200,49.8600,51.0000,51.4000,11689368,602010084.2000
2020-09-18,sh.603026,53.0000,56.1000,51.7600,56.1000,51.0000,14844800,796203307.9700
2020-09-21,sh.603026,58.5000,58.6800,50.4900,50.4900,56.1000,19358714,1037861644.8500
2020-09-22,sh.603026,48.4800,48.8000,46.2300,48.3300,50.4900,15532738,737070431.2000
2020-09-23,sh.603026,46.9300,47.9700,43.6800,46.1500,48.3300,14293318,646680170.6500
2020-09-24,sh.603026,45.8900,46.3400,43.9600,43.9600,46.1500,8671603,390301032.7300
2020-09-25,sh.603026,44.3100,45.1600,43.0000,44.6300,43.9600,8869203,394469793.2500
2020-09-28,sh.603026,44.8100,44.8300,41.0000,42.4800,44.6300,11607272,493167102.0500
2020-09-29,sh.603026,43.6000,45.5000,43.2100,44.6500,42.4800,9629801,426561731.5300
2020-09-30,sh.603026,44.8800,45.1600,43.0100,44.2200,44.6500,6757038,298103310.3100
2020-10-09,sh.603026,45.9600,48.4800,45.0000,47.3900,44.2200,9965399,469403148.9000
2020-10-12,sh.603026,48.0000,49.9700,47.7000,48.8500,47.3900,13742325,667439312.7600
2020-10-13,sh.603026,50.9900,51.4900,48.1200,48.4700,48.8500,20981916,1045518637.7300
2020-10-14,sh.603026,48.4500,49.0400,47.4500,47.4900,48.4700,13179760,633108040.4000
2020-10-15,sh.603026,47.0300,47.7700,44.7500,44.7500,47.4900,14296184,655393394.0200
2020-10-16,sh.603026,44.9700,45.1500,42.5600,43.7000,44.7500,11299090,493859811.6300
2020-10-19,sh.603026,44.1200,44.3400,42.9800,43.6000,43.7000,6886780,301116884.9200
2020-10-20,sh.603026,43.9300,46.2500,43.0100,46.2500,43.6000,11067445,495882575.6300
2020-10-21,sh.603026,46.2800,46.6000,44.1800,44.6800,46.2500,8664442,390342481.2900
2020-10-22,sh.603026,44.6800,49.1500,44.3000,49.1500,44.6800,18959292,900072766.8900
2020-10-23,sh.603026,48.5000,49.1700,46.3100,46.5000,49.1500,13550600,647967095.7600
2020-10-26,sh.603026,46.9800,47.7900,45.7100,47.1100,46.5000,9288399,434978254.9100
2020-10-27,sh.603026,47.3000,48.9600,47.0600,47.8200,47.1100,7840203,375015947.1700
2020-10-28,sh.603026,47.3000,49.9900,46.8800,49.4000,47.8200,10687408,519326178.1700
2020-10-29,sh.603026,47.8000,48.3700,46.5800,46.7200,49.4000,11430379,540441481.6900
2020-10-30,sh.603026,46.8000,47.4900,44.9700,45.3400,46.7200,9526533,438122602.7000
2020-11-02,sh.603026,45.6000,48.9900,45.5900,48.4200,45.3400,12022191,576871933.3800
2020-11-03,sh.603026,49.2300,50.7700,48.1100,50.0300,48.4200,11535801,573282504.4600
2020-11-04,sh.603026,50.1100,51.3500,49.5000,50.0000,50.0300,9288502,467658033.7000
2020-11-05,sh.603026,50.9100,52.8000,50.0100,51.7500,50.0000,11404466,589882221.6800
2020-11-06,sh.603026,52.4000,52.8600,48.9700,49.3200,51.7500,13090771,660796037.9600
2020-11-09,sh.603026,50.0500,51.5800,49.6100,50.5000,49.3200,8887131,449309317.1300
2020-11-10,sh.603026,50.2600,51.1800,48.5600,49.9800,50.5000,8327365,415139194.0900
2020-11-11,sh.603026,50.6400,53.9800,50.1900,51.9600,49.9800,14945249,782863095.9900
2020-11-12,sh.603026,52.8800,53.8000,50.7500,51.3800,51.9600,12353128,638899487.4900
2020-11-13,sh.603026,52.2900,55.3000,51.3800,54.1700,51.3800,17419966,934311515.4800
2020-11-16,sh.603026,54.1600,56.7000,53.5100,56.3100,54.1700,15596581,857303885.8000
2020-11-17,sh.603026,56.7000,58.5800,52.8000,53.9200,56.3100,19205694,1071842609.8600
2020-11-18,sh.603026,53.0000,54.0300,51.2100,52.6800,53.9200,13794158,725113196.4500
2020-11-19,sh.603026,52.9900,54.1500,52.5800,53.0500,52.6800,9068712,483662967.8300
2020-11-20,sh.603026,53.7000,54.9300,53.1000,54.4700,53.0500,9183782,498656686.1800
2020-11-23,sh.603026,54.7500,58.6700,53.5100,58.3600,54.4700,14684418,829457160.5100
2020-11-24,sh.603026,58.9900,61.2800,58.5700,60.7600,58.3600,15644946,938985744.7000
2020-11-25,sh.603026,60.8300,61.8000,58.1100,58.1100,60.7600,12366614,737161364.4900
2020-11-26,sh.603026,58.3800,58.5600,56.2800,57.7000,58.1100,11348929,651344669.7900
2020-11-27,sh.603026,57.6000,58.2600,51.9300,51.9300,57.7000,12814191,703223578.7800
2020-11-30,sh.603026,49.5400,50.3700,46.7400,46.7400,51.9300,22710253,1086897010.9900
2020-12-01,sh.603026,46.1000,46.6100,44.9000,45.7900,46.7400,13514816,618800345.7600
2020-12-02,sh.603026,45.7900,46.3700,44.6500,45.9900,45.7900,9907761,450253654.2600
2020-12-03,sh.603026,45.5000,45.7500,44.2000,44.5000,45.9900,7056593,317430065.3000
2020-12-04,sh.603026,44.0100,45.1500,44.0000,44.8800,44.5000,4683539,209540082.4200
2020-12-07,sh.603026,44.9700,45.9800,44.4000,45.4200,44.8800,5949393,269259843.0300
2020-12-08,sh.603026,45.3500,49.8900,45.0500,47.9000,45.4200,21925547,1045081874.8000
2020-12-09,sh.603026,47.1000,48.9800,45.2000,48.0000,47.9000,17247350,810403131.1200
2020-12-10,sh.603026,47.2000,48.0400,46.3000,46.9600,48.0000,8137601,383337219.9300
2020-12-11,sh.603026,46.5700,47.1500,43.8300,44.4800,46.9600,10460021,471839956.4300
2020-12-14,sh.603026,44.1000,46.1400,43.5700,46.0000,44.4800,6691183,302229899.0900
2020-12-15,sh.603026,46.2100,46.9600,45.0000,46.4900,46.0000,6507284,300087018.7300
2020-12-16,sh.603026,46.5800,47.4300,45.6700,46.0200,46.4900,5166490,240100666.6600
2020-12-17,sh.603026,45.6000,46.7800,44.8000,46.6000,46.0200,5831112,268003700.4600
2020-12-18,sh.603026,46.5900,48.5000,46.0000,48.1600,46.6000,10954449,522491990.0600
2020-12-21,sh.603026,48.2700,52.9000,48.2500,51.8100,48.1600,14139554,724050689.8400
2020-12-22,sh.603026,52.0000,53.3500,51.3200,51.4100,51.8100,11086955,578754185.5100
2020-12-23,sh.603026,51.7800,53.5600,51.5100,53.2500,51.4100,9840916,519691259.9100
2020-12-24,sh.603026,53.0000,53.3800,51.9700,52.7000,53.2500,6538164,343394977.4500
2020-12-25,sh.603026,52.9500,54.7600,52.5100,54.5800,52.7000,7799825,419915985.0200
2020-12-28,sh.603026,54.8500,54.9800,50.5000,53.7900,54.5800,11438816,604086681.2400
2020-12-29,sh.603026,52.0100,52.4200,50.5100,52.1000,53.7900,7974229,411211005.2600
2020-12-30,sh.603026,52.4500,53.9900,51.8100,51.9000,52.1000,6630077,349495134.8000
2020-12-31,sh.603026,51.7700,52.6700,48.4500,50.4100,51.9000,13315257,669509905.2300
2021-01-04,sh.603026,50.6700,53.8800,50.6400,53.4000,50.4100,11960816,632522419.0800
2021-01-05,sh.603026,53.3000,53.3000,51.5000,52.5100,53.4000,8169195,427859050.8100
2021-01-06,sh.603026,53.5000,53.8000,50.8000,51.3800,52.5100,7275033,375901003.2000
2021-01-07,sh.603026,51.8800,52.8800,50.6500,51.1000,51.3800,8847992,458017610.1100
2021-01-08,sh.603026,51.4800,51.4800,48.1000,48.1000,51.1000,10253519,502712025.6000
2021-01-11,sh.603026,46.0000,46.4000,43.2900,43.2900,48.1000,11134141,494327223.2600
2021-01-12,sh.603026,42.0100,42.5200,39.1700,42.3100,43.2900,16948446,689470784.8800
2021-01-13,sh.603026,41.8800,42.7500,39.0600,39.8000,42.3100,15395288,625124473.3700
2021-01-14,sh.603026,40.8800,43.2000,40.5100,42.1400,39.8000,12450197,521524683.6500
2021-01-15,sh.603026,42.0100,46.3500,42.0100,46.3500,42.1400,11868262,530202958.1200
2021-01-18,sh.603026,49.8500,50.9900,48.0000,50.9900,46.3500,20920251,1054667828.7000
2021-01-19,sh.603026,51.5800,56.0900,51.1900,56.0900,50.9900,24284922,1340309286.5800
2021-01-20,sh.603026,58.0000,58.8000,53.3600,53.6000,56.0900,32315772,1802603712.4400
2021-01-21,sh.603026,55.3800,56.3900,53.5000,55.0300,53.6000,20109124,1106736755.1300
2021-01-22,sh.603026,56.4300,60.5300,55.6400,60.5300,55.0300,9754103,577262741.5100
2021-01-25,sh.603026,63.0000,66.5800,62.5000,64.0900,60.5300,20953985,1359385255.1700
2021-01-26,sh.603026,63.8000,67.5000,63.8000,65.2400,64.0900,17668511,1163601694.0300
2021-01-27,sh.603026,67.6800,69.9000,65.0000,69.3700,65.2400,15396347,1046468276.7300
2021-01-28,sh.603026,67.6200,69.3700,66.1000,66.4000,69.3700,12543883,848485328.2700
2021-01-29,sh.603026,67.9800,69.0000,61.9100,65.1500,66.4000,16132377,1059220041.1500
2021-02-01,sh.603026,65.1300,69.7100,64.6600,66.7100,65.1500,13035989,883453390.4200
2021-02-02,sh.603026,67.5300,69.0000,63.6600,67.7500,66.7100,12199299,815809586.2400
2021-02-03,sh.603026,67.7300,71.4600,66.6600,66.9100,67.7500,13464397,928403579.5500
2021-02-04,sh.603026,66.2400,68.0000,60.2200,60.2200,66.9100,16355450,1030573827.2100
2021-02-05,sh.603026,60.5000,61.3000,57.8000,58.1100,60.2200,10722686,639682551.4200
2021-02-08,sh.603026,59.5900,61.6100,58.0400,60.7000,58.1100,8717927,523952843.4500
2021-02-09,sh.603026,61.4400,62.5300,60.3000,61.1900,60.7000,6895201,423987418.6800
2021-02-10,sh.603026,61.5600,61.8300,56.9900,59.5600,61.1900,10304184,610874508.4800
2021-02-18,sh.603026,61.3000,61.9000,57.7500,58.8000,59.5600,11366105,678294139.4300
2021-02-19,sh.603026,59.0000,59.6900,56.8000,59.2000,58.8000,6942533,406285951.3400
2021-02-22,sh.603026,59.8900,63.1000,58.6100,58.6900,59.2000,11241584,685149446.4800
2021-02-23,sh.603026,57.6000,61.1000,57.1200,59.3300,58.6900,8825490,524304536.6600
2021-02-24,sh.603026,60.0000,62.3200,57.7500,59.0700,59.3300,10177985,609986037.9700
2021-02-25,sh.603026,60.2000,61.5100,54.3000,54.8000,59.0700,13401446,766627470.5900
2021-02-26,sh.603026,52.9500,54.7500,52.2300,53.6000,54.8000,7091699,380565948.6400
2021-03-01,sh.603026,54.7500,57.8800,54.6600,57.6000,53.6000,7927361,449094399.3400
2021-03-02,sh.603026,57.3000,59.9800,56.8000,58.5500,57.6000,8450690,492951540.5400
2021-03-03,sh.603026,58.5000,64.4100,57.9300,64.4100,58.5500,9184301,569939461.8200
2021-03-04,sh.603026,65.0000,67.1900,64.3000,66.2300,64.4100,14111708,932530082.2600
2021-03-05,sh.603026,64.3400,67.5500,62.8500,65.9000,66.2300,9445034,615205339.8900
2021-03-08,sh.603026,66.0000,67.7500,62.7500,63.3000,65.9000,8706148,568229489.7500
2021-03-09,sh.603026,64.3100,65.3400,60.0000,61.0300,63.3000,9088850,569429304.1100
2021-03-10,sh.603026,62.5000,63.5000,60.2400,61.1200,61.0300,6011176,369656069.2500
2021-03-11,sh.603026,60.9900,62.6200,59.0800,61.2000,61.1200,6277479,383021939.6800
2021-03-12,sh.603026,61.9800,62.1800,59.6100,60.7700,61.2000,4855563,295255026.2800
2021-03-15,sh.603026,60.7400,66.7500,59.5000,63.9800,60.7700,9450550,603471742.7900
2021-03-16,sh.603026,64.0600,64.8000,57.5800,57.5800,63.9800,14977147,895385902.0800
2021-03-17,sh.603026,57.5700,63.3400,56.6000,63.3400,57.5800,11427615,691719500.9400
2021-03-18,sh.603026,64.5000,66.4200,64.0000,64.8300,63.3400,9555091,622654449.8100
2021-03-19,sh.603026,64.2500,66.6800,63.3900,64.7500,64.8300,8450659,548337934.2700
2021-03-22,sh.603026,64.7500,67.5500,64.7300,66.6800,64.7500,6518997,433145235.8200
2021-03-23,sh.603026,67.2000,67.4800,63.7500,64.5300,66.6800,7054418,458680125.7400
2021-03-24,sh.603026,63.8500,64.4700,60.3000,60.9500,64.5300,7415446,459940231.5500
2021-03-25,sh.603026,61.3300,66.7600,59.8500,65.5100,60.9500,9211637,593784842.4600
2021-03-26,sh.603026,66.2600,68.9000,65.3200,68.9000,65.5100,10068341,677921781.3800
2021-03-29,sh.603026,68.5900,71.6200,68.5900,68.9000,68.9000,10209546,713119842.7100
2021-03-30,sh.603026,67.3800,68.6800,63.5000,66.0600,68.9000,11847588,781807954.3300
2021-03-31,sh.603026,68.0200,69.2800,65.8200,66.6000,66.0600,7296984,490751105.0500
2021-04-01,sh.603026,67.5100,68.1700,65.8900,66.3600,66.6000,6330896,423014711.2600
2021-04-02,sh.603026,66.6800,67.3000,63.8400,64.9700,66.3600,6263995,409307634.0800
2021-04-06,sh.603026,65.3600,67.1500,64.5000,67.0000,64.9700,6612924,436232335.5400
2021-04-07,sh.603026,66.6000,66.9500,65.0600,66.7000,67.0000,5539534,366475552.8900
2021-04-08,sh.603026,66.2400,72.3500,66.1500,71.1500,66.7000,12753444,886951057.9200
2021-04-09,sh.603026,71.0000,76.1800,70.7200,75.9300,71.1500,11712307,863048331.8300
2021-04-12,sh.603026,76.5000,77.8400,71.9800,72.6100,75.9300,10921471,813118873.1200
2021-04-13,sh.603026,71.9500,75.5000,70.0000,73.4600,72.6100,9438140,690794280.4400
2021-04-14,sh.603026,73.8000,80.5000,73.8000,78.2500,73.4600,10319798,803067459.1600
2021-04-15,sh.603026,78.1000,80.4500,77.4000,79.2600,78.2500,9204850,726954914.4800
2021-04-16,sh.603026,81.0000,83.5000,73.5100,80.5900,79.2600,16320816,1288825534.8200
2021-04-19,sh.603026,80.0800,82.2800,79.5000,80.3700,80.5900,10698651,865730476.5900
2021-04-20,sh.603026,79.5700,84.1100,78.3000,80.3500,80.3700,12775673,1040015393.4500
2021-04-21,sh.603026,79.5000,81.5000,79.2400,80.8000,80.3500,6602491,532545486.2600
2021-04-22,sh.603026,80.7600,82.2900,79.8100,80.2700,80.8000,6624800,536744430.9600
2021-04-23,sh.603026,80.3500,82.4100,79.8000,81.0000,80.2700,6738416,546563086.8500
2021-04-26,sh.603026,80.8000,84.6600,80.0000,80.0000,81.0000,10447195,855061917.5300
2021-04-27,sh.603026,79.5000,80.5600,77.3000,78.8100,80.0000,7984519,629333624.9900
2021-04-28,sh.603026,78.6800,82.5500,78.0100,80.6500,78.8100,7750030,627483136.6600
2021-04-29,sh.603026,81.3400,82.4800,78.0000,80.5000,80.6500,7811939,627834182.4200
2021-04-30,sh.603026,80.4900,81.6900,79.3000,79.3000,80.5000,6743932,542972982.0300
2021-05-06,sh.603026,79.0800,81.3600,76.9600,79.3900,79.3000,6735607,532907415.5200
2021-05-07,sh.603026,79.8300,82.2800,78.8700,79.0200,79.3900,8117356,653816097.8100
2021-05-10,sh.603026,79.1000,79.1000,74.5000,76.0000,79.0200,8470837,647499176.0800
2021-05-11,sh.603026,75.7100,75.9900,71.6000,73.0100,76.0000,7851180,574780489.4200
2021-05-12,sh.603026,72.0000,74.4900,70.0400,73.5500,73.0100,6593332,478078949.6500
2021-05-13,sh.603026,73.0100,74.3800,72.5200,73.3800,73.5500,4537406,333566495.0900
2021-05-14,sh.603026,73.1700,76.9700,71.6900,76.5800,73.3800,6101719,457033573.5700
2021-05-17,sh.603026,78.0000,78.3300,76.0000,76.7400,76.5800,4872566,375459010.6800
2021-05-18,sh.603026,77.4300,78.7200,75.9900,78.3600,76.7400,5507438,427853060.0900
2021-05-19,sh.603026,77.4000,85.2600,76.6500,84.7700,78.3600,9033219,744152167.5200
2021-05-20,sh.603026,84.2900,87.4900,84.1600,85.8000,84.7700,7059336,608234785.4200
2021-05-21,sh.603026,87.2200,89.0000,86.6600,86.9600,85.8000,5927654,518887280.8900
2021-05-24,sh.603026,87.0800,87.9900,85.0800,85.5500,86.9600,4456835,384638646.6300
2021-05-25,sh.603026,86.0000,86.4500,84.6000,85.5500,85.5500,4574380,391159515.3300
2021-05-26,sh.603026,85.2100,87.1800,84.1800,85.7400,85.5500,4125685,353814740.1900
2021-05-27,sh.603026,85.9300,87.1900,84.9100,85.6900,85.7400,4375834,376077543.2000
2021-05-28,sh.603026,86.0200,91.3000,86.0100,87.7000,85.6900,7974330,712552201.4600
2021-05-31,sh.603026,90.0000,96.4700,89.8200,96.4700,87.7000,4922473,466195869.3200
2021-06-01,sh.603026,100.8100,102.7700,97.0000,99.0700,96.4700,12525600,1248490144.4000
2021-06-02,sh.603026,100.0000,103.4300,99.1000,101.1100,99.0700,7324982,741614980.4400
2021-06-03,sh.603026,100.8000,111.2200,99.9200,111.2200,101.1100,11520902,1251960093.6500
2021-06-04,sh.603026,111.2200,119.8800,111.1100,115.0000,111.2200,14975880,1730666942.9900
2021-06-07,sh.603026,117.5000,118.3000,107.5100,110.5800,115.0000,14682588,1637238318.1800
2021-06-08,sh.603026,112.0000,114.3300,103.0000,104.6400,110.5800,12749935,1374985564.5000
2021-06-09,sh.603026,106.9100,106.9400,103.0600,104.7900,104.6400,6875420,719618429.9100
2021-06-10,sh.603026,103.9200,109.7800,103.9200,107.2500,104.7900,9675531,1036712682.8200
2021-06-11,sh.603026,103.3400,109.5800,98.8000,107.4000,107.2500,14293949,1495311496.6700
2021-06-15,sh.603026,107.6400,118.1400,107.6400,118.1400,107.4000,10840060,1242948269.8700
2021-06-16,sh.603026,120.7000,122.8800,106.3300,108.9000,118.1400,17027146,1919977981.9600
2021-06-17,sh.603026,108.0600,119.0000,108.0600,118.1600,108.9000,11130094,1280073216.3500
2021-06-18,sh.603026,120.5000,121.5000,113.8600,119.2000,118.1600,10674351,1259939113.6600
2021-06-21,sh.603026,119.4400,127.4700,119.2200,122.1100,119.2000,9650383,1192931396.0300
2021-06-22,sh.603026,123.6200,127.5300,120.0000,125.4000,122.1100,7643609,955598952.6400
2021-06-23,sh.603026,125.4000,129.4900,124.8200,126.9000,125.4000,6820412,863200392.0600
2021-06-24,sh.603026,129.6000,129.9900,124.1800,126.5000,126.9000,5542554,703920809.8900
2021-06-25,sh.603026,126.4300,139.1500,125.1100,138.5000,126.5000,9191425,1217364855.6400
2021-06-28,sh.603026,138.0000,149.0000,136.0300,145.9900,138.5000,8960424,1288219468.8400
2021-06-29,sh.603026,147.0000,150.0000,144.5100,147.9200,145.9900,7029594,1037497636.7300
2021-06-30,sh.603026,147.9900,162.0500,146.3800,162.0500,147.3200,9831635,1541054296.2800
2021-07-01,sh.603026,164.8000,176.0500,158.7800,170.1500,162.0500,11498988,1914972578.0100
2021-07-02,sh.603026,165.8000,185.8000,165.1100,173.0500,170.1500,12892116,2255774995.5600
2021-07-05,sh.603026,176.7300,179.5000,164.7700,176.1800,173.0500,11799070,2038151718.9200
2021-07-06,sh.603026,176.0000,188.7500,173.2000,188.7500,176.1800,11785276,2106915272.3200
2021-07-07,sh.603026,185.0000,205.8800,183.0100,205.4900,188.7500,13636515,2658171853.6500
2021-07-08,sh.603026,202.0000,226.0400,201.3600,226.0400,205.4900,14183635,3047176071.3500
2021-07-09,sh.603026,221.5000,226.4900,209.0000,218.0300,226.0400,14926776,3262963262.6800
2021-07-12,sh.603026,218.1300,227.4900,212.1000,221.9900,218.0300,11146902,2462088580.9600
2021-07-13,sh.603026,219.7900,244.1900,216.5000,244.1900,221.9900,13985214,3249672925.1000
2021-07-14,sh.603026,240.7800,265.8000,219.7700,219.7700,244.1900,18279091,4404470278.5100
2021-07-15,sh.603026,215.1800,228.5400,209.7700,223.5600,219.7700,19092608,4174981836.4100
2021-07-16,sh.603026,220.0300,225.2500,201.2000,203.6500,223.5600,22075889,4647431476.0700
2021-07-19,sh.603026,204.0100,211.8800,203.2000,205.6500,203.6500,12920591,2674064468.6700
2021-07-20,sh.603026,203.1000,213.6600,202.9800,208.1900,205.6500,8590263,1794621237.5800
2021-07-21,sh.603026,212.0000,224.9600,209.8700,218.2700,208.1900,13794804,3007399888.4500
2021-07-22,sh.603026,219.0000,219.6900,206.0800,216.7000,218.2700,11791804,2512408137.8300
2021-07-23,sh.603026,218.0800,226.6800,215.0300,218.2600,216.7000,10835531,2400952245.4900
2021-07-26,sh.603026,215.0000,222.0000,202.0700,209.1700,218.2600,11004857,2330292802.6800
2021-07-27,sh.603026,209.9900,218.6400,199.0000,205.5900,209.1700,10162302,2147507173.0300
2021-07-28,sh.603026,199.0100,206.6000,190.0000,196.7000,205.5900,10874499,2157303993.6900
2021-07-29,sh.603026,204.0000,216.3700,199.7500,216.3700,196.7000,10188527,2143840963.0600
2021-07-30,sh.603026,222.8000,225.9000,215.0200,218.6600,216.3700,11409291,2513827903.5600
2021-08-02,sh.603026,222.6600,233.9900,200.0000,210.8700,218.6600,14005652,3030162275.1000
2021-08-03,sh.603026,206.5000,228.0000,202.0200,219.9700,210.8700,12422805,2665250972.7900
2021-08-04,sh.603026,216.5000,241.9700,216.5000,239.5800,219.9700,15549072,3627578803.8300
2021-08-05,sh.603026,238.0000,238.0000,227.0000,234.5100,239.5800,9253291,2156786336.3700
2021-08-06,sh.603026,237.0000,249.9800,235.5800,244.9000,234.5100,11453013,2784300941.1500
2021-08-09,sh.603026,245.0000,245.9900,233.1500,242.0600,244.9000,8036849,1918641970.1400
2021-08-10,sh.603026,240.9700,244.3800,217.8500,222.9100,242.0600,12874500,2925808290.6400
2021-08-11,sh.603026,220.5000,235.0000,218.0000,225.6300,222.9100,8643789,1961449667.9200
2021-08-12,sh.603026,220.2000,231.1300,216.0000,229.0000,225.6300,7153507,1614167079.4900
2021-08-13,sh.603026,229.0000,241.7700,226.0100,226.9900,229.0000,6668895,1559863663.0600
2021-08-16,sh.603026,222.0000,224.7000,213.9000,220.2000,226.9900,6596159,1446133133.8000
2021-08-17,sh.603026,220.2100,227.3800,216.9200,221.0000,220.2000,6200047,1379587840.4900
2021-08-18,sh.603026,220.0000,225.8000,216.0000,220.2100,221.0000,5481032,1208335549.8200
2021-08-19,sh.603026,220.2100,232.9800,214.0800,225.9100,220.2100,7425614,1653278250.3500
2021-08-20,sh.603026,228.1700,248.5000,222.0100,248.5000,225.9100,12517802,2975238863.7500
2021-08-23,sh.603026,257.0000,269.8000,256.0500,266.5400,248.5000,11266466,2962397248.1800
2021-08-24,sh.603026,271.0000,282.8800,268.5600,272.5000,266.5400,10682470,2942690686.5700
2021-08-25,sh.603026,275.0800,284.7000,271.0100,282.2000,272.5000,9257060,2582012378.9100
2021-08-26,sh.603026,276.6500,295.3000,276.0000,285.5600,282.2000,8716935,2484076054.0500
2021-08-27,sh.603026,284.9500,291.9800,283.0500,289.2000,285.5600,5912057,1701644437.6600
2021-08-30,sh.603026,289.0000,295.6000,274.0000,282.9800,289.2000,10014573,2855006627.2400
2021-08-31,sh.603026,282.7500,285.0000,277.0000,281.3600,282.9800,6322603,1777936373.3700
2021-09-01,sh.603026,285.0000,297.9900,266.0100,282.0000,281.3600,9977705,2835654472.1800
2021-09-02,sh.603026,280.0000,288.3400,274.0200,278.4100,282.0000,6027917,1688241869.4400
2021-09-03,sh.603026,275.0000,277.8900,253.8800,264.6000,278.4100,8858763,2336866525.5300
2021-09-06,sh.603026,263.0000,269.8400,253.0000,266.6600,264.6000,6075278,1593528887.5600
2021-09-07,sh.603026,269.4700,293.3300,266.6800,293.3300,266.6600,7057629,2000492753.9400
2021-09-08,sh.603026,296.0000,305.0000,295.0000,299.2600,293.3300,7806104,2340508322.1600
2021-09-09,sh.603026,301.0000,307.0000,293.2100,298.8000,299.2600,5304864,1586559839.5600
2021-09-10,sh.603026,305.0000,320.0000,298.0000,319.6800,298.8000,7147164,2201361147.8400
2021-09-13,sh.603026,332.0000,334.9700,316.0000,323.8500,319.6800,8941659,2915001179.5500
2021-09-14,sh.603026,323.0000,339.5500,310.0000,328.5000,323.8500,8365725,2748096892.5800
2021-09-15,sh.603026,329.0000,335.0000,324.0000,330.0000,328.5000,5344922,1756651673.8200
2021-09-16,sh.603026,333.6000,337.6000,310.6600,322.0000,330.0000,7197671,2333106959.5900
2021-09-17,sh.603026,318.9700,348.8800,317.8800,334.5100,322.0000,10148170,3389145161.1300
2021-09-22,sh.603026,330.9900,342.8300,324.5100,334.7100,334.5100,5010751,1675443733.2100
2021-09-23,sh.603026,338.7700,339.2800,325.2600,327.0000,334.7100,5012269,1663013897.0600
2021-09-24,sh.603026,326.1100,339.9900,318.3800,327.5000,327.0000,4917973,1619330202.0300
2021-09-27,sh.603026,329.7400,335.0000,296.6600,308.9000,327.5000,8330017,2609066091.6700
2021-09-28,sh.603026,307.0000,318.0000,304.9800,312.1000,308.9000,4234679,1325078888.0500
2021-09-29,sh.603026,304.9800,312.6000,287.2000,288.7500,312.1000,6413403,1906332094.6700
2021-09-30,sh.603026,293.6500,309.4500,290.2100,303.0500,288.7500,4675209,1409648189.6200
2021-10-08,sh.603026,313.8800,318.0000,288.5800,294.0000,303.0500,6345011,1906439591.7900
2021-10-11,sh.603026,290.0000,293.0000,269.3400,290.0000,294.0000,5317963,1510389481.4800
2021-10-12,sh.603026,289.1700,294.0100,266.6800,271.0800,290.0000,5891396,1629286823.1200
2021-10-13,sh.603026,274.3500,277.5900,262.3600,274.0000,271.0800,5413826,1461457474.7900
2021-10-14,sh.603026,273.2400,276.5000,264.5000,268.0000,274.0000,3957317,1066771934.9500
2021-10-15,sh.603026,248.8800,250.0000,241.2000,241.2000,268.0000,9634146,2341129978.7500
2021-10-18,sh.603026,241.5000,265.0000,234.2000,263.3000,241.2000,9715266,2438090112.7700
2021-10-19,sh.603026,265.7900,275.9600,264.0000,270.0000,263.3000,6316727,1703562485.0000
2021-10-20,sh.603026,267.0000,278.9800,265.5000,270.2200,270.0000,6166837,1682146624.2900
2021-10-21,sh.603026,274.3800,284.0000,266.8000,275.5000,270.2200,6436391,1774088976.0500
2021-10-22,sh.603026,275.5200,283.5600,273.8700,276.5300,275.5000,4493527,1246191046.3000
2021-10-25,sh.603026,277.4100,286.0000,273.4100,282.5000,276.5300,5262206,1477157538.5000
2021-10-26,sh.603026,288.0000,288.9400,273.9900,275.0000,282.5000,6201016,1739805208.7100
2021-10-27,sh.603026,274.7400,282.4300,272.7000,275.2500,275.0000,5179699,1434088756.3100
2021-10-28,sh.603026,278.0700,284.7600,266.5000,267.8700,275.2500,5699150,1566052038.2200
2021-10-29,sh.603026,267.7400,269.3000,241.5500,252.0000,267.8700,12450283,3122617859.0800
2021-11-01,sh.603026,251.2900,251.8700,235.8700,236.5300,252.0000,8269359,1990340524.4100
2021-11-02,sh.603026,243.0000,243.9900,215.5100,220.9900,236.5300,11254054,2563769118.7100
2021-11-03,sh.603026,200.8900,207.4700,198.8900,198.8900,220.9900,7536019,1520087292.5400
2021-11-04,sh.603026,198.7700,204.4700,188.8800,190.3300,198.8900,15372816,3003147038.6000
2021-11-05,sh.603026,190.0000,190.0000,178.0000,178.7800,190.3300,16057925,2929467016.5500
2021-11-08,sh.603026,185.9900,196.6600,183.5700,196.6600,178.7800,9994132,1922155500.4500
2021-11-09,sh.603026,216.3300,216.3300,210.7400,216.3300,196.6600,10203689,2196706683.9000
2021-11-10,sh.603026,221.7300,224.9900,208.2300,216.7700,216.3300,13884663,3012836945.8000
2021-11-11,sh.603026,215.0000,216.9900,205.0100,209.3000,216.7700,8396784,1764542834.3300
2021-11-12,sh.603026,205.9900,210.9900,202.6100,202.6100,209.3000,6328858,1300994846.7300
2021-11-15,sh.603026,198.0000,202.8000,197.2300,198.6500,202.6100,6467947,1291493515.6500
2021-11-16,sh.603026,196.6000,200.1600,187.0000,187.8900,198.6500,9233847,1779232744.8200
2021-11-17,sh.603026,192.2400,193.6600,188.1100,189.8100,187.8900,7220205,1379747706.0500
2021-11-18,sh.603026,192.0000,196.6600,184.8000,190.6000,189.8100,8241553,1570815417.6900
2021-11-19,sh.603026,189.0000,190.9700,183.0000,186.5800,190.6000,6326743,1180074879.9500
2021-11-22,sh.603026,186.0000,204.0000,185.9800,197.2800,186.5800,10904859,2144355527.4400
2021-11-23,sh.603026,199.8400,202.0000,193.6900,195.6000,197.2800,7345732,1451525019.8300
2021-11-24,sh.603026,195.2000,197.7700,189.9000,191.6900,195.6000,5057194,975994212.1100
2021-11-25,sh.603026,190.0600,193.3700,187.6600,191.0400,191.6900,4547183,863636765.6200
2021-11-26,sh.603026,192.6200,197.6600,190.8500,193.2900,191.0400,6419427,1243426617.2100
2021-11-29,sh.603026,187.9400,212.6200,187.0300,212.6200,193.2900,12042110,2438325820.0400
2021-11-30,sh.603026,216.5000,216.5000,197.8000,199.6400,212.6200,12075475,2472594883.1000
2021-12-01,sh.603026,197.6000,202.4700,191.7500,199.4400,199.6400,7369434,1446472232.3400
2021-12-02,sh.603026,198.9000,203.6000,195.4100,197.0000,199.4400,5755697,1143222909.5700
2021-12-03,sh.603026,200.5900,206.5800,198.6000,203.8700,197.0000,7078715,1434727416.8700
2021-12-06,sh.603026,201.5000,204.1000,198.6000,198.9000,203.8700,5301929,1061931555.4800
2021-12-07,sh.603026,198.0800,199.5000,183.8600,185.8800,198.9000,8554957,1608927672.8800
2021-12-08,sh.603026,186.9900,200.5000,185.8800,197.8000,185.8800,8507582,1661903348.3700
2021-12-09,sh.603026,197.7900,198.1600,192.5000,194.1500,197.8000,4505534,875889712.6300
2021-12-10,sh.603026,192.3300,204.6600,191.6800,203.5100,194.1500,6593617,1316316810.1700
2021-12-13,sh.603026,203.4700,208.4700,200.0000,205.2600,203.5100,5701417,1164561739.0400
2021-12-14,sh.603026,203.0000,204.8800,197.5000,198.9000,205.2600,4712147,941321997.0800
2021-12-15,sh.603026,200.0000,200.5600,197.0100,197.8500,198.9000,3193025,633975451.2500
2021-12-16,sh.603026,199.8800,201.9600,195.1800,197.1500,197.8500,3431094,680487168.3100
2021-12-17,sh.603026,196.0000,196.4400,189.5800,190.5800,197.1500,4545539,874048829.7500
2021-12-20,sh.603026,189.4500,192.4500,183.2300,183.9100,190.5800,4002343,747216422.7300
2021-12-21,sh.603026,182.9800,189.4800,182.3300,187.8500,183.9100,3666835,681594831.0200
2021-12-22,sh.603026,188.8000,206.6000,188.1500,199.7400,187.8500,8908147,1789088404.0700
2021-12-23,sh.603026,200.0000,202.5500,194.5000,195.1800,199.7400,3886668,768307787.8400
2021-12-24,sh.603026,196.3500,196.9700,184.0200,187.4500,195.1800,4889930,919800934.0900
2021-12-27,sh.603026,185.4500,190.6800,184.5000,188.9100,187.4500,3042133,572311408.2800
2021-12-28,sh.603026,195.0000,202.8600,192.9500,200.0000,188.9100,7437613,1473921597.7300
2021-12-29,sh.603026,200.0000,201.5000,192.0000,192.6500,200.0000,4767099,930015495.6700
2021-12-30,sh.603026,192.0000,194.0000,188.6700,190.0000,192.6500,3180597,605848281.9000
2021-12-31,sh.603026,191.8800,199.4900,189.0000,197.9900,190.0000,5691378,1112652561.5400
2022-01-04,sh.603026,198.0000,199.6800,183.0000,190.0000,197.9900,7404725,1400298240.5600
2022-01-05,sh.603026,188.0000,189.0000,184.0000,186.7700,190.0000,3728417,693371900.6300
2022-01-06,sh.603026,184.8000,190.2200,178.3000,187.1600,186.7700,5062381,933180767.1100
2022-01-07,sh.603026,186.0500,189.2000,182.4500,183.6400,187.1600,3064555,566992829.3900
2022-01-10,sh.603026,190.7900,195.0000,187.8700,188.7100,183.6400,6694973,1278322266.5200
2022-01-11,sh.603026,191.0700,193.0000,180.8000,183.6000,188.7100,5916853,1096263043.5300
2022-01-12,sh.603026,184.0000,192.3300,184.0000,188.8700,183.6000,5654975,1067413470.0400
2022-01-13,sh.603026,187.0000,188.3600,179.6200,179.7500,188.8700,6556453,1193145213.4100
2022-01-14,sh.603026,175.9500,178.5800,170.7000,172.8000,179.7500,6557950,1139822240.7900
2022-01-17,sh.603026,170.7000,174.8900,165.1800,174.4000,172.8000,7143583,1212720998.7800
2022-01-18,sh.603026,172.1000,181.1000,170.3400,181.0000,174.4000,6488967,1146116538.8900
2022-01-19,sh.603026,179.0000,183.2000,177.4800,180.0300,181.0000,4579769,823108644.4700
2022-01-20,sh.603026,179.0900,180.4900,175.3100,176.0500,180.0300,4036793,718805028.5700
2022-01-21,sh.603026,179.9900,181.8800,173.6000,177.0000,176.0500,4505374,803036369.2800
2022-01-24,sh.603026,173.0000,182.8000,172.9800,179.5500,177.0000,3824898,683773933.9900
2022-01-25,sh.603026,177.2200,180.6000,170.0000,170.8000,179.5500,4723621,822484564.3700
2022-01-26,sh.603026,168.0000,175.2800,166.3800,173.8800,170.8000,4291882,735894868.8100
2022-01-27,sh.603026,171.8900,176.2900,166.8800,170.0000,173.8800,3708670,634381320.2100
2022-01-28,sh.603026,169.9300,171.0000,161.4900,163.0700,170.0000,3740584,617236748.9200
2022-02-07,sh.603026,166.0600,174.0600,164.8800,173.4700,163.0700,5509903,945441751.5600
2022-02-08,sh.603026,172.6300,173.0300,161.6100,167.6000,173.4700,4484613,747030111.5700
2022-02-09,sh.603026,170.0000,177.3800,167.4200,174.9000,167.6000,4499724,781038668.3800
2022-02-10,sh.603026,176.0000,179.9000,171.3300,174.8900,174.9000,3175227,554420424.7000
2022-02-11,sh.603026,173.0000,177.2900,170.6100,171.7700,174.8900,2907606,503624925.1400
2022-02-14,sh.603026,169.7000,173.1700,168.0100,171.7700,171.7700,1932407,330282553.9900
2022-02-15,sh.603026,174.0300,186.0000,174.0300,181.5500,171.7700,5847720,1053782745.7800
2022-02-16,sh.603026,183.4000,184.8900,180.1200,180.6600,181.5500,3142344,572428854.9800
2022-02-17,sh.603026,180.0500,187.1200,178.2900,182.9000,180.6600,5198086,953682819.9600
2022-02-18,sh.603026,180.5000,182.1000,178.1600,179.7000,182.9000,2866171,514826393.6400
2022-02-21,sh.603026,182.0000,182.7000,177.0100,178.8200,179.7000,2643732,473492457.4100
2022-02-22,sh.603026,176.0000,178.8200,173.0000,176.8600,178.8200,3225888,566744413.6000
2022-02-23,sh.603026,175.4000,186.5000,175.3900,186.4000,176.8600,6478587,1189481664.3900
2022-02-24,sh.603026,184.8000,188.9800,175.5000,178.2900,186.4000,6226402,1132789117.4500
2022-02-25,sh.603026,181.5000,187.9500,181.3000,184.3000,178.2900,4587324,849223287.9900
2022-02-28,sh.603026,184.0000,186.9900,182.6600,184.5200,184.3000,3130842,578210256.0000
2022-03-01,sh.603026,186.2300,186.8000,180.5900,181.9400,184.5200,3667794,668567632.0000
2022-03-02,sh.603026,179.9200,180.0000,174.5500,176.5900,181.9400,4209576,743115664.0000
2022-03-03,sh.603026,176.1100,177.2100,169.1900,169.7800,176.5900,4483791,771164784.0000
2022-03-04,sh.603026,167.0000,170.7700,166.0000,166.3000,169.7800,3348204,562705872.0000
2022-03-07,sh.603026,165.0000,166.0100,149.9400,150.7000,166.3000,8020791,1249742896.0000
2022-03-08,sh.603026,148.0000,152.8000,143.3400,144.9000,150.7000,6422624,945997568.0000
2022-03-09,sh.603026,144.1500,145.9700,132.7000,140.0100,144.9000,7059057,983845088.0000
2022-03-10,sh.603026,146.0000,151.3400,143.5600,147.9500,140.0100,6042146,889200560.0000
2022-03-11,sh.603026,144.5000,150.5800,143.3300,149.9200,147.9500,4898264,722934192.0000
2022-03-14,sh.603026,148.2600,150.3600,146.1900,148.0000,149.9200,3327804,493382576.0000
2022-03-15,sh.603026,147.0400,149.9000,141.8000,141.9800,148.0000,3745894,548428272.0000
2022-03-16,sh.603026,146.5000,150.3800,142.7400,150.3300,141.9800,5700944,840988592.0000
2022-03-17,sh.603026,154.0100,154.9000,149.7800,149.7900,150.3300,5222806,795675264.0000
2022-03-18,sh.603026,148.3400,153.8000,147.5000,153.2600,149.7900,3490834,527507543.4500
2022-03-21,sh.603026,152.0600,158.5200,152.0200,154.9000,153.2600,3402222,529307974.0200
2022-03-22,sh.603026,153.9000,155.0000,152.1700,153.3400,154.9000,2234758,342220740.0100
2022-03-23,sh.603026,154.4800,154.8800,151.5100,153.6500,153.3400,1928056,295241268.5200
2022-03-24,sh.603026,152.3900,154.3900,150.6600,153.0900,153.6500,1990907,303340143.3800
2022-03-25,sh.603026,152.7800,155.0300,149.1800,149.1800,153.0900,2495323,378096238.8200
2022-03-28,sh.603026,148.9500,148.9500,144.0000,145.0000,149.1800,2704838,393362031.3600
2022-03-29,sh.603026,146.4900,151.2800,145.9900,146.6000,145.0000,2635646,390354740.0700
2022-03-30,sh.603026,147.0300,151.4100,146.7800,151.0000,146.6000,3370676,505281295.5900
2022-03-31,sh.603026,149.8100,150.3000,146.9400,147.2600,151.0000,2267016,335448138.2600
2022-04-01,sh.603026,146.0000,154.2000,145.8000,151.2400,147.2600,3238557,489056586.9200
2022-04-06,sh.603026,151.2800,151.3500,145.0000,147.3600,151.2400,2727468,400147115.3400
2022-04-07,sh.603026,145.8500,148.1900,142.0900,142.6800,147.3600,3192914,460008912.4800
2022-04-08,sh.603026,142.8500,143.4000,137.6800,140.4400,142.6800,3069707,429219794.5400
2022-04-11,sh.603026,134.3300,136.7700,129.6000,130.1800,140.4400,4773165,634755156.1800
2022-04-12,sh.603026,130.0100,130.8000,119.0000,124.6700,130.1800,8530402,1057465726.4100
2022-04-13,sh.603026,123.6700,123.7700,118.7900,119.2000,124.6700,5390729,652829752.3700
2022-04-14,sh.603026,119.2500,121.9300,114.1600,115.1000,119.2000,5527630,644704320.2000
2022-04-15,sh.603026,115.5000,115.5000,110.7000,112.9900,115.1000,5072876,570667956.7000
2022-04-18,sh.603026,111.2600,112.7100,107.3000,112.3300,112.9900,4282342,473027511.7100
2022-04-19,sh.603026,112.2000,117.1100,111.6800,113.3900,112.3300,4937958,565269008.2900
2022-04-20,sh.603026,113.4200,114.7800,108.5000,108.5000,113.3900,4269286,472720843.9400
2022-04-21,sh.603026,109.9300,110.4400,102.8200,103.2700,108.5000,6354068,672776671.1600
2022-04-22,sh.603026,103.0000,104.2900,100.3300,100.4000,103.2700,4181503,425261145.5500
2022-04-25,sh.603026,97.7700,99.0000,90.3600,90.3600,100.4000,7754049,734775852.7800
2022-04-26,sh.603026,90.4800,91.3600,85.0000,85.6000,90.3600,7198715,634696569.4800
2022-04-27,sh.603026,85.0000,94.1600,84.8900,94.1600,85.6000,6723860,605164544.5200
2022-04-28,sh.603026,96.0000,98.0100,93.4800,93.7100,94.1600,8230562,785098453.4300
2022-04-29,sh.603026,95.0000,96.9000,91.8900,96.3100,93.7100,6642442,628783202.7300
2022-05-05,sh.603026,96.8100,99.5000,94.3100,97.1600,96.3100,6028463,587812576.5800
2022-05-06,sh.603026,94.9800,101.8600,94.6900,99.4800,97.1600,6263969,621608732.0000
2022-05-09,sh.603026,99.1500,101.7700,97.1200,98.5400,99.4800,4099557,406374268.2800
2022-05-10,sh.603026,96.0000,101.3900,95.0300,100.4400,98.5400,4700024,467696131.8400
2022-05-11,sh.603026,100.9400,107.9000,99.9000,103.5000,100.4400,7474647,784750932.6900
2022-05-12,sh.603026,102.0100,104.2100,101.3000,102.7400,103.5000,3884968,397332462.1100
2022-05-13,sh.603026,103.5200,104.8600,102.1000,102.7600,102.7400,3180926,328194032.5200
2022-05-16,sh.603026,103.7900,106.6300,101.2000,102.6700,102.7600,4850072,501328762.9100
2022-05-17,sh.603026,102.4000,105.2000,102.0100,104.5000,102.6700,5193094,538922881.9300
2022-05-18,sh.603026,104.5000,107.9500,103.1700,104.3300,104.5000,4901968,513885283.5500
2022-05-19,sh.603026,102.8000,108.1700,101.6600,107.9100,104.3300,6898328,727031037.4800
2022-05-20,sh.603026,108.5000,109.9900,105.9000,109.0600,107.9100,6263304,677286777.8700
2022-05-23,sh.603026,109.1600,111.3300,107.6000,110.8500,109.0600,5952781,652167834.1300
2022-05-24,sh.603026,110.7000,110.7000,103.1700,103.1700,110.8500,6618415,708395844.3600
2022-05-25,sh.603026,103.1500,106.2600,101.8000,104.4400,103.1700,4786975,498071424.2000
2022-05-26,sh.603026,104.5900,108.4700,103.6000,106.6300,104.4400,5340786,568696555.4100
2022-05-27,sh.603026,107.1600,108.6000,104.0000,105.0600,106.6300,4219804,449751210.8900
2022-05-30,sh.603026,105.0600,109.5000,104.5500,107.5500,105.0600,5184529,555209581.5900
2022-05-31,sh.603026,107.3800,108.0000,104.0100,107.3000,107.5500,5219463,555314647.6100
2022-06-01,sh.603026,107.9500,108.8700,105.0200,108.3000,107.3000,5205139,558500287.0100
2022-06-02,sh.603026,107.2400,115.5900,106.7100,113.2800,108.3000,8842116,998401130.4300
2022-06-06,sh.603026,113.5100,120.6500,113.5100,119.6000,113.2800,9282166,1096661599.1300
2022-06-07,sh.603026,120.0000,121.9800,118.6800,120.9000,119.6000,7036960,846571372.5400
2022-06-08,sh.603026,120.4800,121.9000,115.5500,118.7500,120.9000,6795440,805959111.1500
2022-06-09,sh.603026,117.9000,117.9000,114.6000,114.9200,118.7500,5041957,583268153.9600
2022-06-10,sh.603026,114.0300,121.0000,113.6000,121.0000,114.9200,7909409,937410167.2300
2022-06-13,sh.603026,120.5200,128.2600,119.6800,127.2000,121.0000,10427684,1309472300.6900
2022-06-14,sh.603026,125.4100,139.9200,125.0200,139.9200,127.2000,11916292,1621395390.9900
2022-06-15,sh.603026,146.1000,148.6500,139.3000,139.3500,139.9200,15059145,2166124547.1600
2022-06-16,sh.603026,140.0000,147.6100,140.0000,143.6600,139.3500,9265081,1332970264.7900
2022-06-17,sh.603026,143.6700,149.6000,141.0800,148.8500,143.6600,11556112,1678449292.4100
2022-06-20,sh.603026,148.8500,151.4900,143.7000,145.8600,148.8500,9990721,1467645209.8500
2022-06-21,sh.603026,146.0000,146.0000,141.1000,142.5400,145.8600,7060043,1007934744.7200
2022-06-22,sh.603026,142.5400,144.9900,140.4000,141.0000,142.5400,5605676,800615458.3000
2022-06-23,sh.603026,141.8900,143.0000,136.8800,141.3700,141.0000,6124225,857970448.9100
2022-06-24,sh.603026,141.3000,151.9100,140.3100,151.0400,141.3700,9679993,1424022882.4800
2022-06-27,sh.603026,152.3000,154.8600,149.2800,149.4600,151.0400,8858646,1345093694.6000
2022-06-28,sh.603026,149.4600,157.5000,149.0100,155.1600,149.4600,8487774,1301848478.9100
2022-06-29,sh.603026,153.0000,153.7900,143.8000,144.0200,155.1600,8691995,1291610252.7100
2022-06-30,sh.603026,143.1500,147.0000,140.3800,145.3500,143.7200,5893870,850139149.8900
2022-07-01,sh.603026,145.3500,149.9000,142.8000,147.4900,145.3500,5809714,852753843.6300
2022-07-04,sh.603026,146.0000,154.1100,142.0000,153.0000,147.4900,8048429,1210675335.0400
2022-07-05,sh.603026,154.4600,160.0000,151.8600,156.7000,153.0000,10520574,1646408076.1400
2022-07-06,sh.603026,152.0200,156.7000,148.7700,151.5100,156.7000,6798515,1034435051.3200
2022-07-07,sh.603026,151.7000,166.4500,149.5000,163.2800,151.5100,10673425,1712480813.6800
2022-07-08,sh.603026,164.0000,168.7900,159.5500,162.5100,163.2800,9747634,1600971714.3100
2022-07-11,sh.603026,162.0000,163.3200,147.0000,148.3000,162.5100,9837917,1493698578.7800
2022-07-12,sh.603026,149.0100,151.1800,145.0000,147.6000,148.3000,5866597,872143129.6200
2022-07-13,sh.603026,147.0000,147.0000,137.3100,143.2000,147.6000,8053294,1139308079.5900
2022-07-14,sh.603026,142.6000,149.5000,139.8300,146.2600,143.2000,5408505,789668504.6700
2022-07-15,sh.603026,139.6900,142.3800,135.0000,135.0300,146.2600,10507718,1446817043.0000
2022-07-18,sh.603026,135.0800,139.2000,132.3500,138.7000,135.0300,6210307,847057912.4600
2022-07-19,sh.603026,138.0000,145.7800,135.5700,145.7800,138.7000,7615518,1072490945.7100
2022-07-20,sh.603026,146.7900,149.6900,143.0000,146.9200,145.7800,6521100,952690960.4900
2022-07-21,sh.603026,156.0000,156.0000,147.8800,151.2800,146.9200,9326447,1414180513.0500
2022-07-22,sh.603026,151.2800,152.0000,144.4400,145.8000,151.2800,5413696,795336607.7400
2022-07-25,sh.603026,143.9600,145.6000,140.0000,140.6800,145.8000,3440082,488638747.5900
2022-07-26,sh.603026,142.1200,150.7700,142.1200,146.7100,140.6800,5088209,750745500.9700
2022-07-27,sh.603026,145.4400,146.7100,141.1300,141.9000,146.7100,3993554,570898555.8500
2022-07-28,sh.603026,142.7800,143.4900,138.5000,139.2500,141.9000,3403479,476303321.6700
2022-07-29,sh.603026,138.5000,140.4600,137.5100,137.8500,139.2500,2347538,324829237.4800
2022-08-01,sh.603026,136.0000,141.5000,133.4400,141.1200,137.8500,3580983,497012480.7000
2022-08-02,sh.603026,139.0000,140.7200,134.6800,135.6000,141.1200,4077029,557912421.7500
2022-08-03,sh.603026,135.3000,139.6600,132.3100,132.9000,135.6000,3493374,473799894.8100
2022-08-04,sh.603026,133.5000,136.8800,132.8600,135.3100,132.9000,2450437,329691432.0000
2022-08-05,sh.603026,136.1000,138.7700,134.0100,137.8900,135.3100,2967401,406092397.0000
2022-08-08,sh.603026,137.6600,138.8700,136.0000,138.3000,137.8900,2250823,309236712.0000
2022-08-09,sh.603026,138.1700,141.4900,137.1000,138.3200,138.3000,3400816,474236025.0000
2022-08-10,sh.603026,138.5800,143.0800,137.3000,140.2000,138.3200,3795627,533917495.0000
2022-08-11,sh.603026,141.2500,141.7400,136.3500,140.8900,140.2000,3824379,530859513.0000
2022-08-12,sh.603026,140.7000,143.8700,138.8800,139.0000,140.8900,3145253,443073956.0000
2022-08-15,sh.603026,138.0000,142.4100,137.5000,139.2000,139.0000,2614936,366058366.3100
2022-08-16,sh.603026,138.9200,139.7800,137.1000,137.2100,139.2000,2661826,366984196.8600
2022-08-17,sh.603026,137.2100,137.8800,133.5000,136.2100,137.2100,3147753,425767233.4100
2022-08-18,sh.603026,136.4400,136.9900,133.7000,133.8200,136.2100,2595050,349599209.0300
2022-08-19,sh.603026,133.4100,133.6600,125.0000,125.6000,133.8200,5092554,656389749.4600
2022-08-22,sh.603026,125.5000,132.7600,124.0000,131.8800,125.6000,4667961,605974897.6200
2022-08-23,sh.603026,131.8000,133.8700,129.2100,130.6100,131.8800,3336229,435860939.1500
2022-08-24,sh.603026,130.9900,132.8400,125.5000,126.1000,130.6100,2982065,381006043.1700
2022-08-25,sh.603026,126.2100,127.0000,120.1200,122.6900,126.1000,3399802,416128944.8100
2022-08-26,sh.603026,123.2000,128.7600,123.0000,125.0000,122.6900,3723906,470971889.2600
2022-08-29,sh.603026,122.0000,125.6800,121.2000,123.8300,125.0000,1786743,220302243.6400
2022-08-30,sh.603026,123.8100,125.2200,121.5000,122.0900,123.8300,2119926,260145719.4500
2022-08-31,sh.603026,119.4900,122.0000,112.1200,113.7400,122.0900,7019671,809537237.6500
2022-09-01,sh.603026,113.1000,114.4500,110.0000,110.2000,113.7400,4087305,457105607.5300
2022-09-02,sh.603026,111.2800,112.7000,109.2900,110.2000,110.2000,2506455,276999290.9500
2022-09-05,sh.603026,110.2000,110.2000,107.2200,108.2700,110.2000,2614188,283674644.0300
2022-09-06,sh.603026,108.7100,111.6400,107.5000,111.3000,108.2700,3074585,338515034.4900
2022-09-07,sh.603026,110.2000,114.9500,109.5000,113.2500,111.3000,3498517,394696051.6800
2022-09-08,sh.603026,113.8900,114.1400,111.7500,111.7900,113.2500,2132578,240234307.1600
2022-09-09,sh.603026,111.6800,114.2800,111.3400,113.2300,111.7900,2264905,255918186.2500
2022-09-13,sh.603026,113.2300,114.2300,112.1700,112.9000,113.2300,1782907,201600898.4000
2022-09-14,sh.603026,111.5000,112.5000,110.0000,111.1200,112.9000,2172378,240877731.9200
2022-09-15,sh.603026,111.7400,112.3000,106.5900,107.5100,111.1200,2425989,263287091.3300
2022-09-16,sh.603026,107.9700,108.1200,103.0000,104.1000,107.5100,2709789,285459471.9400
2022-09-19,sh.603026,103.5000,106.6500,103.0300,105.1000,104.1000,2056471,215846335.6900
2022-09-20,sh.603026,105.2800,107.2900,104.4000,105.0400,105.1000,2325403,246206985.2800
2022-09-21,sh.603026,104.8100,105.5600,102.5000,104.9000,105.0400,1809411,188753398.3900
2022-09-22,sh.603026,104.3000,105.8800,102.8200,103.0000,104.9000,2107557,219042017.8500
2022-09-23,sh.603026,103.3400,105.9800,99.7100,101.6800,103.0000,2810744,287596305.9800
2022-09-26,sh.603026,100.8800,103.9000,100.3000,101.9000,101.6800,2550482,260934036.9600
2022-09-27,sh.603026,102.3400,102.7700,99.5000,102.6000,101.9000,2652530,268451889.3000
2022-09-28,sh.603026,102.8600,102.9000,98.2100,98.3000,102.6000,2288716,228280065.4400
2022-09-29,sh.603026,99.7700,101.8000,98.7900,99.7100,98.3000,2508501,251272196.5200
2022-09-30,sh.603026,99.2600,99.9900,96.6800,96.6800,99.7100,1872317,183440312.3600
2022-10-10,sh.603026,97.2600,98.1700,93.5500,93.7100,96.6800,1966782,187369318.4300
2022-10-11,sh.603026,94.8400,97.7000,94.2700,96.4600,93.7100,2478139,239016816.0200
2022-10-12,sh.603026,97.0000,100.1000,94.1400,99.9300,96.4600,3614168,351151537.5500
2022-10-13,sh.603026,98.6000,100.5000,97.9500,98.1200,99.9300,2848444,281682349.0900
2022-10-14,sh.603026,99.5200,104.6600,98.9000,104.0400,98.1200,4772025,488343856.7100
2022-10-17,sh.603026,103.0000,104.5900,102.1800,102.9800,104.0400,2621471,270100590.2600
2022-10-18,sh.603026,103.8000,106.7200,102.5500,105.2600,102.9800,3512340,367929542.2400
2022-10-19,sh.603026,104.6000,108.5000,103.2400,103.5500,105.2600,3345942,353117599.9100
2022-10-20,sh.603026,102.0100,103.9500,100.5000,101.8700,103.5500,2478579,252454141.2700
2022-10-21,sh.603026,101.3500,102.5200,100.1000,100.9800,101.8700,1884180,190596630.6000
2022-10-24,sh.603026,101.4100,104.8700,99.0000,99.9400,100.9800,2523928,256548190.6600
2022-10-25,sh.603026,100.8800,100.8800,97.3100,98.9000,99.9400,2454408,242356579.0300
2022-10-26,sh.603026,99.1100,101.7000,98.6000,100.8000,98.9000,2364116,236892262.7100
2022-10-27,sh.603026,100.8000,102.2500,98.8300,98.8900,100.8000,2105771,211105833.1700
2022-10-28,sh.603026,97.9800,98.0000,93.5800,94.0300,98.8900,2996865,285838973.5000
2022-10-31,sh.603026,92.9300,97.2800,92.3000,96.8000,94.0300,2509555,239973752.5600
2022-11-01,sh.603026,97.9800,102.0000,96.7800,101.5200,96.8000,2806883,280966607.4400
2022-11-02,sh.603026,101.6000,102.3700,100.2000,100.6500,101.5200,2180922,220618616.0900
2022-11-03,sh.603026,99.9000,101.9200,99.0300,100.5400,100.6500,1845273,185887727.0600
2022-11-04,sh.603026,100.6600,104.8000,100.5000,103.9400,100.5400,3469418,358260294.5300
2022-11-07,sh.603026,103.9800,105.5000,103.2100,104.0700,103.9400,2429594,253322758.7700
2022-11-08,sh.603026,104.1200,110.0000,104.0000,109.9900,104.0700,6783372,731092504.8800
2022-11-09,sh.603026,110.0000,117.4800,107.0100,115.2100,109.9900,7228438,815893347.1600
2022-11-10,sh.603026,114.0600,114.2500,108.1800,109.0300,115.2100,5307564,583409342.2300
2022-11-11,sh.603026,112.2000,112.3000,107.0200,107.0300,109.0300,3678983,402195631.9700
2022-11-14,sh.603026,105.9900,108.6000,103.9000,104.6300,107.0300,2537639,269100465.9500
2022-11-15,sh.603026,104.7100,108.5000,104.1800,108.2000,104.6300,2341988,249406552.7600
2022-11-16,sh.603026,108.0600,109.0000,106.0100,106.5600,108.2000,1655373,177144059.1800
2022-11-17,sh.603026,105.2600,106.8600,104.8000,106.0700,106.5600,1500125,158305069.5100
2022-11-18,sh.603026,106.5000,106.9600,105.0600,105.9200,106.0700,1777472,188690710.2300
2022-11-21,sh.603026,105.0100,107.3000,104.0100,105.9600,105.9200,1355412,143508311.0700
2022-11-22,sh.603026,105.9600,105.9600,101.5000,101.8800,105.9600,2288444,236426604.9400
2022-11-23,sh.603026,102.0000,103.0000,100.5000,102.2200,101.8800,1339987,136652390.4800
2022-11-24,sh.603026,102.4000,106.4500,102.2200,105.4800,102.2200,2044285,213920862.7000
2022-11-25,sh.603026,105.4700,105.4700,103.0500,103.1900,105.4800,1182087,122751995.3400
2022-11-28,sh.603026,101.5000,101.6900,99.4000,100.1600,103.1900,1595240,160156323.6300
2022-11-29,sh.603026,100.0500,102.5000,100.0500,101.6200,100.1600,1266808,128707321.5900
2022-11-30,sh.603026,101.7200,103.0000,100.5600,100.8500,101.6200,1425798,144768843.7100
2022-12-01,sh.603026,102.3500,104.8900,101.1500,103.0100,100.8500,2105955,217874470.0800
2022-12-02,sh.603026,103.2000,104.5000,101.9000,103.0000,103.0100,1377426,142314089.7900
2022-12-05,sh.603026,103.5200,104.6900,102.0200,102.7200,103.0000,1682473,173052462.4900
2022-12-06,sh.603026,102.0500,106.9500,101.8000,105.6100,102.7200,2645140,276814647.4300
2022-12-07,sh.603026,105.5800,110.6700,104.8100,106.8600,105.6100,3951527,428188523.8000
2022-12-08,sh.603026,106.2000,107.8600,105.1500,107.0000,106.8600,1733412,185073030.3100
2022-12-09,sh.603026,107.0800,107.5900,104.5300,104.8800,107.0000,2477778,261464831.3300
2022-12-12,sh.603026,104.8800,105.2700,101.9100,102.0000,104.8800,2285641,234646908.3400
2022-12-13,sh.603026,102.0100,102.8200,101.0000,101.4100,102.0000,1571166,159672426.9600
2022-12-14,sh.603026,101.4200,102.2800,99.5100,99.7100,101.4100,1601384,161045542.7100
2022-12-15,sh.603026,99.4800,101.6700,98.3500,101.2800,99.7100,1557106,155762241.9800
2022-12-16,sh.603026,100.2600,101.0000,96.6600,97.2800,101.2800,2334793,229045874.2300
2022-12-19,sh.603026,97.6000,100.3000,97.2800,98.1000,97.2800,1476619,145935231.0900
2022-12-20,sh.603026,97.9400,98.0700,95.7200,96.3200,98.1000,1211250,116733101.5400
2022-12-21,sh.603026,96.3100,96.8500,93.6800,94.5500,96.3200,1522134,144279614.4200
2022-12-22,sh.603026,95.1200,95.2100,90.9200,91.1600,94.5500,1633021,151452075.6100
2022-12-23,sh.603026,90.9900,92.3300,90.3000,91.0700,91.1600,1192708,108946288.8700
2022-12-26,sh.603026,91.0700,94.1800,91.0000,94.1700,91.0700,1563383,145438272.4800
2022-12-27,sh.603026,94.2000,94.9400,93.3300,94.3500,94.1700,1045078,98543413.3600
2022-12-28,sh.603026,93.5000,94.3900,92.3800,92.9000,94.3500,892809,82947875.5500
2022-12-29,sh.603026,92.9000,93.7000,92.3000,93.4000,92.9000,1099580,102280959.3500
2022-12-30,sh.603026,93.6200,94.2000,91.7100,92.3000,93.4000,1216438,112789576.0500
2023-01-03,sh.603026,93.2700,93.2700,91.1800,92.6500,92.3000,1099725,101416753.6600
2023-01-04,sh.603026,92.6500,97.3600,91.6900,95.6400,92.6500,3059864,291733382.3100
2023-01-05,sh.603026,95.6400,98.5000,94.5300,97.4500,95.6400,2122464,205475201.3100
2023-01-06,sh.603026,97.4000,99.6400,97.0000,99.6300,97.4500,2030352,200353387.8600
2023-01-09,sh.603026,99.4400,101.5000,99.2000,99.8200,99.6300,1691127,169339535.2900
2023-01-10,sh.603026,99.8300,101.3600,98.8800,100.9400,99.8200,1596190,160114592.7100
2023-01-11,sh.603026,100.9400,101.1000,98.5000,98.6500,100.9400,1405934,140017653.8900
2023-01-12,sh.603026,98.6300,100.8800,98.3100,99.2600,98.6500,1497307,149218166.3300
2023-01-13,sh.603026,99.9900,100.6800,98.2000,99.3500,99.2600,1311304,130244527.7800
2023-01-16,sh.603026,99.3200,100.8600,98.2100,99.5300,99.3500,1572777,157259774.7200
2023-01-17,sh.603026,99.9500,100.7000,99.0000,99.6000,99.5300,929062,92663495.0600
2023-01-18,sh.603026,99.8200,100.6700,99.4000,99.4600,99.6000,899049,89725314.7000
2023-01-19,sh.603026,99.2300,99.6900,98.5000,99.4300,99.4600,808060,80156289.0300
2023-01-20,sh.603026,99.6700,100.8900,99.1000,100.5900,99.4300,1447737,145051911.0900
2023-01-30,sh.603026,101.4900,104.5000,101.4900,102.7700,100.5900,2729828,282341847.9500
2023-01-31,sh.603026,102.8000,103.9000,102.0000,103.1800,102.7700,1656356,170554238.6000
2023-02-01,sh.603026,103.3000,104.4700,103.2500,104.0900,103.1800,1751365,182065084.4300
2023-02-02,sh.603026,104.6600,104.9500,103.5200,103.7200,104.0900,1637413,170289128.7200
2023-02-03,sh.603026,103.7100,104.0200,101.8700,103.8800,103.7200,1689145,173803749.6500
2023-02-06,sh.603026,103.9100,103.9100,101.5000,102.2800,103.8800,1457454,149401294.8100
2023-02-07,sh.603026,102.9200,102.9800,101.3000,102.1400,102.2800,1209227,123386507.5300
2023-02-08,sh.603026,102.1800,103.4900,101.6800,102.0600,102.1400,1558151,159762783.1000
2023-02-09,sh.603026,101.7800,102.7000,100.5100,102.4500,102.0600,1787696,182547609.7800
2023-02-10,sh.603026,102.4600,102.8200,99.3000,99.8900,102.4500,2145681,215752835.4500
2023-02-13,sh.603026,99.9100,100.7200,96.9800,97.3000,99.8900,3876469,381207558.7200
2023-02-14,sh.603026,97.3500,98.1000,95.8000,96.5000,97.3000,2509140,242684045.9300
2023-02-15,sh.603026,96.5500,97.7400,94.5500,95.0800,96.5000,2487951,238069909.8800
2023-02-16,sh.603026,95.1000,95.7000,92.2600,93.0000,95.0800,2621234,247011060.0600
2023-02-17,sh.603026,93.0000,93.5200,92.5000,93.2200,93.0000,1796469,167146147.8800
2023-02-20,sh.603026,93.3300,93.4000,91.5000,92.8300,93.2200,1923100,177435934.0700
2023-02-21,sh.603026,93.2800,95.2300,92.8400,94.4200,92.8300,2154119,202931412.4200
2023-02-22,sh.603026,94.4400,94.4700,93.5900,93.8000,94.4200,1199741,112640058.2300
2023-02-23,sh.603026,93.9900,94.5000,93.2000,93.3900,93.8000,1333281,124916138.2500
2023-02-24,sh.603026,93.5000,93.6300,92.4000,92.6500,93.3900,966169,89663229.2800
2023-02-27,sh.603026,92.3500,92.6300,91.5200,91.7100,92.6500,1341879,123418311.8900
2023-02-28,sh.603026,91.5800,92.5000,91.3000,92.4600,91.7100,1051626,96595080.0000
2023-03-01,sh.603026,92.5000,92.9000,92.1200,92.7600,92.4600,1140630,105563669.6600
2023-03-02,sh.603026,92.7800,93.1500,92.1600,92.6500,92.7600,1203306,111504920.6300
2023-03-03,sh.603026,92.6800,92.9800,91.6500,92.1300,92.6500,935121,86148105.1400
2023-03-06,sh.603026,91.9900,92.6400,91.7200,92.3000,92.1300,979351,90271461.3300
2023-03-07,sh.603026,92.3000,92.3000,90.7600,90.7600,92.3000,1225694,112039123.6600
2023-03-08,sh.603026,90.6300,91.1100,88.8600,89.2800,90.7600,1784821,160342095.4100
2023-03-09,sh.603026,89.2800,89.4600,85.8800,85.9800,89.2800,4530708,393702241.8100
2023-03-10,sh.603026,85.5900,85.6900,82.7000,82.8500,85.9800,3682317,308115525.9200
2023-03-13,sh.603026,82.4800,84.5800,81.2000,83.6600,82.8500,2736873,226747428.0100
2023-03-14,sh.603026,83.5500,83.5500,80.7000,81.9500,83.6600,2178230,178428441.1600
2023-03-15,sh.603026,82.0800,83.2500,81.6600,81.7300,81.9500,1596545,131318098.2300
2023-03-16,sh.603026,81.0000,82.3500,79.7900,79.8000,81.7300,1988834,160505987.4600
2023-03-17,sh.603026,80.1000,80.8500,78.9000,79.1900,79.8000,1991245,158900666.5600
2023-03-20,sh.603026,79.1000,79.9000,78.0200,79.4600,79.1900,1826978,144534776.8900
2023-03-21,sh.603026,79.4700,81.5800,79.4000,81.5600,79.4600,1930146,155575110.3400
2023-03-22,sh.603026,81.8100,82.8500,81.2800,81.6600,81.5600,1615350,132462156.2600
2023-03-23,sh.603026,81.0100,82.1500,80.8000,81.9600,81.6600,1486345,121300550.1900
2023-03-24,sh.603026,81.8000,82.6800,81.7400,81.9600,81.9600,1461644,120091083.4000
2023-03-27,sh.603026,82.6500,82.6500,81.2000,82.0600,81.9600,1233542,100844497.8500
2023-03-28,sh.603026,82.0000,82.3400,81.0900,81.2600,82.0600,1017567,83027121.6100
2023-03-29,sh.603026,81.2400,82.5000,81.0000,81.3400,81.2600,1171559,95558171.0800
2023-03-30,sh.603026,81.0300,81.3800,80.1400,81.0400,81.3400,1201282,97153248.2800
2023-03-31,sh.603026,81.2900,82.8300,81.0400,81.9900,81.0400,1573266,129184387.5700
2023-04-03,sh.603026,81.7400,82.7400,81.6600,82.3000,81.9900,1809150,148807790.3900
2023-04-04,sh.603026,82.3000,82.3500,80.2000,80.5000,82.3000,1872030,151641611.1000
2023-04-06,sh.603026,80.2500,80.3000,78.5600,79.5600,80.5000,1815706,143990239.9900
2023-04-07,sh.603026,79.5600,80.7600,79.3000,79.8200,79.5600,1088966,87108737.4300
2023-04-10,sh.603026,79.8200,81.3700,79.6100,81.3600,79.8200,2019346,162568456.5400
2023-04-11,sh.603026,81.3600,82.8200,80.7400,82.0500,81.3600,2333027,191212909.4000
2023-04-12,sh.603026,81.9100,82.5400,80.7200,80.9200,82.0500,1743268,142058044.0000
2023-04-13,sh.603026,81.0600,81.0600,79.6800,79.7900,80.9200,1428541,114267053.6800
2023-04-14,sh.603026,79.7100,82.5000,79.7100,81.9900,79.7900,2561132,209207953.8700
2023-04-17,sh.603026,82.0700,82.6900,80.6100,80.8000,81.9900,2181705,177352934.4900
2023-04-18,sh.603026,80.8000,82.3500,80.5800,81.0100,80.8000,1900039,154895598.2500
2023-04-19,sh.603026,80.8200,80.8300,79.0400,79.0500,81.0100,2129062,169221489.8600
2023-04-20,sh.603026,78.7000,78.9000,74.0700,74.9800,79.0500,3925694,296418715.2700
2023-04-21,sh.603026,74.9800,76.3900,72.8800,72.9800,74.9800,2719486,202438530.7800
2023-04-24,sh.603026,73.0000,73.3600,71.8900,71.9900,72.9800,1875210,135776150.5100
2023-04-25,sh.603026,66.8400,67.9900,64.7900,64.7900,71.9900,2419050,158632014.5000
2023-04-26,sh.603026,59.7700,65.1200,59.3600,63.3800,64.7900,5901262,369196518.0500
2023-04-27,sh.603026,64.0100,65.2700,63.3900,64.4700,63.3800,3273768,210892853.8100
2023-04-28,sh.603026,64.2000,66.7300,64.1500,65.2400,64.4700,2816387,184503196.0200
2023-05-04,sh.603026,64.2200,65.9600,63.9400,64.1500,65.2400,1840794,119048126.8800
2023-05-05,sh.603026,64.2600,64.6400,62.8000,63.1600,64.1500,1612428,102135023.1400
2023-05-08,sh.603026,63.1000,64.3500,63.0200,63.3700,63.1600,1651721,105075280.0000
2023-05-09,sh.603026,63.2000,64.6600,62.9000,63.1500,63.3700,2249800,143523384.0000
2023-05-10,sh.603026,63.1500,65.8000,63.0000,64.6200,63.1500,2236297,144023006.0200
2023-05-11,sh.603026,64.9000,66.4900,64.4100,66.1100,64.6200,1984846,130213041.8000
2023-05-12,sh.603026,66.1000,66.6600,64.0300,64.3000,66.1100,1324762,86095554.6600
2023-05-15,sh.603026,64.6400,67.1800,64.3100,66.8600,64.3000,2667964,177015500.1400
2023-05-16,sh.603026,66.7700,67.8000,66.1000,66.5300,66.8600,1433542,95362134.6500
2023-05-17,sh.603026,66.5300,67.5300,66.2000,66.8400,66.5300,1159908,77436210.2800
2023-05-18,sh.603026,66.6200,66.8900,65.5800,66.0800,66.8400,1214200,80219645.1800
2023-05-19,sh.603026,66.2000,67.7100,65.5700,67.7100,66.0800,1676131,112132304.4900
2023-05-22,sh.603026,67.2600,67.8900,66.3700,67.6800,67.7100,1068865,71941328.5700
2023-05-23,sh.603026,67.6800,68.5000,67.1300,67.1300,67.6800,1081400,73257698.0000
2023-05-24,sh.603026,67.0800,67.7000,66.3500,66.8400,67.1300,933499,62615663.0300
2023-05-25,sh.603026,66.6000,66.9900,65.7700,66.5900,66.8400,1095764,72666396.3300
2023-05-26,sh.603026,66.4900,66.4900,65.2200,65.7000,66.5900,1183683,77758664.3300
2023-05-29,sh.603026,66.1900,66.1900,63.9000,64.6500,65.7000,1637174,105955686.7200
2023-05-30,sh.603026,65.1500,65.1500,63.5600,64.7900,64.6500,1488653,95560387.8300
2023-05-31,sh.603026,64.9700,64.9700,62.9000,63.5000,64.7900,1532524,97376314.9000
2023-06-01,sh.603026,63.6400,65.1000,63.0000,64.3400,63.5000,1368599,87965076.7000
2023-06-02,sh.603026,64.7800,67.3500,64.3600,66.3700,64.3400,2118672,140581780.7200
2023-06-05,sh.603026,66.3800,66.5000,65.3000,65.3300,66.3700,1044197,68563934.0600
2023-06-06,sh.603026,65.1800,65.4800,63.4700,63.6600,65.3300,1145093,73523639.1900
2023-06-07,sh.603026,63.4600,64.1000,61.6100,61.7300,63.6600,1463100,91123854.0000
2023-06-08,sh.603026,62.0700,62.7600,61.0800,61.0900,61.7300,1270269,78392421.6100
2023-06-09,sh.603026,61.1000,62.6800,60.1400,61.5700,61.0900,2593274,158157798.5000
2023-06-12,sh.603026,61.1800,62.3000,59.8700,61.8100,61.5700,1835403,112440518.1800
2023-06-13,sh.603026,61.6800,62.4200,61.5200,61.7600,61.8100,1001823,61941139.6900
2023-06-14,sh.603026,61.5500,62.0000,59.7800,59.8000,61.7600,2058517,124369916.9700
2023-06-15,sh.603026,59.9500,61.8000,58.8000,61.6200,59.8000,2356847,143096885.5300
2023-06-16,sh.603026,62.1900,62.1900,60.8000,61.2000,61.6200,1776561,108820898.6700
2023-06-19,sh.603026,61.1900,61.5600,60.2300,60.2900,61.2000,1113837,67647582.7500
2023-06-20,sh.603026,60.3000,60.6500,59.1000,59.9200,60.2900,2261672,135140901.3500
2023-06-21,sh.603026,59.6600,60.3700,57.9200,57.9500,59.9200,2303500,135501975.0800
2023-06-26,sh.603026,57.7000,58.6100,56.7000,57.6000,57.9500,2013686,116192077.4300
2023-06-27,sh.603026,58.1800,59.1500,57.1000,57.9400,57.6000,1602025,93112884.0600
2023-06-28,sh.603026,57.8600,58.3000,57.1200,57.8200,57.9400,1407946,81127515.1600
2023-06-29,sh.603026,57.8200,58.8500,57.6700,58.1100,57.8200,1581600,92167102.9200
2023-06-30,sh.603026,58.0300,59.6600,57.8200,59.2500,57.8100,2305534,136002449.1900
2023-07-03,sh.603026,59.2800,60.7500,59.2800,59.5000,59.2500,1650877,98832457.1200
2023-07-04,sh.603026,59.7400,60.3800,59.1000,60.0700,59.5000,1165844,69772387.0000
2023-07-05,sh.603026,60.2300,60.2300,59.1900,59.7000,60.0700,1194303,71345346.2400
2023-07-06,sh.603026,59.6900,59.8000,58.8100,58.8100,59.7000,1102397,65200489.2900
2023-07-07,sh.603026,58.7600,58.9400,57.5800,57.5800,58.8100,1009676,58643792.8300
2023-07-10,sh.603026,57.7900,60.5400,57.6000,59.1000,57.5800,2331278,138628045.9400
2023-07-11,sh.603026,59.5300,59.6100,58.1200,59.5700,59.1000,1355877,79792411.1100
2023-07-12,sh.603026,59.4500,60.5600,58.9000,59.7100,59.5700,1747931,104673268.6700
2023-07-13,sh.603026,59.7100,60.5800,59.4800,59.9300,59.7100,1250300,74884236.9900
2023-07-14,sh.603026,59.9300,59.9300,58.3100,58.3400,59.9300,1403537,82578983.5800
2023-07-17,sh.603026,57.9500,58.5800,57.0600,57.3200,58.3400,2064453,118822201.3100
2023-07-18,sh.603026,57.3600,58.8500,56.2100,58.7200,57.3200,3133497,180350662.6000
2023-07-19,sh.603026,58.4800,59.6400,57.7300,58.8300,58.7200,1797362,105140811.1000
2023-07-20,sh.603026,58.9800,63.3900,58.8300,59.1300,58.8300,5709541,349468607.0400
2023-07-21,sh.603026,58.8600,61.7400,58.5300,60.0000,59.1300,4772905,288382371.5300
2023-07-24,sh.603026,59.0000,59.5000,56.8800,57.3800,60.0000,2838021,164135228.1800
2023-07-25,sh.603026,57.8700,60.7500,57.6800,58.9200,57.3800,2678039,157927051.7000
2023-07-26,sh.603026,59.0000,60.2800,58.6000,59.8200,58.9200,2385210,142293668.5100
2023-07-27,sh.603026,59.9500,60.3600,58.3600,58.5300,59.8200,1758507,104247562.5600
2023-07-28,sh.603026,58.2400,59.8000,57.6000,59.6500,58.5300,1778988,104665851.3500
2023-07-31,sh.603026,60.0000,61.1300,59.7100,60.0000,59.6500,1890000,114176004.1500
2023-08-01,sh.603026,60.1500,60.3900,59.0800,59.5600,60.0000,1502994,89789776.9200
2023-08-02,sh.603026,59.4600,60.3600,58.8600,59.0000,59.5600,1429160,84991012.8000
2023-08-03,sh.603026,58.9800,59.9800,58.6200,59.5900,59.0000,1355844,80360732.1200
2023-08-04,sh.603026,60.0000,60.8800,59.3500,59.5100,59.5900,1730548,103762771.8400
2023-08-07,sh.603026,59.3900,59.7600,58.4800,58.8300,59.5100,1223300,71977892.0000
2023-08-08,sh.603026,58.8800,59.3500,57.9800,59.3300,58.8300,1386444,81467987.1200
2023-08-09,sh.603026,59.0000,61.8700,58.9200,60.9900,59.3300,3555977,215929446.2000
2023-08-10,sh.603026,60.8700,61.7100,60.4300,60.7000,60.9900,1577592,96166089.4100
2023-08-11,sh.603026,60.7000,61.0400,58.3000,58.4000,60.7000,1977093,117582748.2600
2023-08-14,sh.603026,58.0000,58.3500,55.5500,55.9900,58.4000,3074650,173373382.4500
2023-08-15,sh.603026,56.0400,56.4600,53.7000,54.0300,55.9900,2651144,144267266.2200
2023-08-16,sh.603026,53.7200,54.4000,53.0100,53.0400,54.0300,1526698,81784137.4300
2023-08-17,sh.603026,52.8600,53.0200,51.9300,52.8200,53.0400,1707325,89667155.4800
2023-08-18,sh.603026,52.6600,53.3500,51.6000,51.6000,52.8200,1574424,82645760.9800
2023-08-21,sh.603026,51.3600,51.9400,50.9000,51.3600,51.6000,1761302,90466795.9600
2023-08-22,sh.603026,51.8800,51.9000,49.1500,50.9200,51.3600,3236093,162833977.6300
2023-08-23,sh.603026,50.6000,51.0000,49.2800,49.2800,50.9200,1874309,93556399.5800
2023-08-24,sh.603026,49.3700,50.4300,49.0000,49.5500,49.2800,1573319,78174496.0400
2023-08-25,sh.603026,49.5200,49.8500,48.2300,48.5000,49.5500,1507800,73917561.1700
2023-08-28,sh.603026,50.6900,51.3900,49.6000,49.8000,48.5000,2922815,147760531.7600
2023-08-29,sh.603026,49.3600,51.3400,49.2700,51.1800,49.8000,2391526,121111893.2800
2023-08-30,sh.603026,51.1800,51.9500,50.4500,50.4500,51.1800,1740294,88957906.7000
2023-08-31,sh.603026,50.5900,50.6500,49.6200,49.8700,50.4500,1106766,55289635.2800
2023-09-01,sh.603026,49.9800,50.3000,49.5500,49.6200,49.8700,716900,35689438.0000
2023-09-04,sh.603026,49.7500,51.3000,49.5500,51.1300,49.6200,1616899,81994331.6900
2023-09-05,sh.603026,50.8600,51.6000,50.6000,51.0800,51.1300,1026948,52383807.3600
2023-09-06,sh.603026,50.9100,51.4500,50.5000,51.3600,51.0800,1124338,57398885.8400
2023-09-07,sh.603026,51.1900,51.3300,49.8900,49.9300,51.3600,1192700,60038271.0000
2023-09-08,sh.603026,50.0200,50.0200,49.4600,49.5100,49.9300,859600,42740548.0000
2023-09-11,sh.603026,49.5000,50.6900,48.9900,50.0900,49.5100,1179630,58905484.0000
2023-09-12,sh.603026,50.0900,51.5000,49.8300,51.2900,50.0900,2074052,105688368.1800
2023-09-13,sh.603026,51.2000,51.5000,50.3100,50.8800,51.2900,1605056,81818827.9000
2023-09-14,sh.603026,50.6900,50.7900,49.9600,50.6500,50.8800,1309298,65907733.5700
2023-09-15,sh.603026,50.7500,51.0200,50.1400,50.4500,50.6500,1173987,59216596.1500
2023-09-18,sh.603026,50.2200,51.8500,49.8500,51.4600,50.4500,1690667,86578056.5100
2023-09-19,sh.603026,51.1500,51.6600,50.6300,50.9600,51.4600,1055587,53793623.3000
2023-09-20,sh.603026,50.8500,51.4600,50.5200,51.3000,50.9600,1324578,67778645.7000
2023-09-21,sh.603026,51.1800,51.9200,51.0000,51.5700,51.3000,1783664,91795024.1100
2023-09-22,sh.603026,51.5000,53.1800,51.2700,53.1600,51.5700,2670896,140637755.4600
2023-09-25,sh.603026,53.0900,53.0900,51.8600,52.3300,53.1600,1795300,93824267.0000
2023-09-26,sh.603026,52.4000,53.2400,51.9200,52.3900,52.3300,1530820,80524005.8000
2023-09-27,sh.603026,52.4500,53.9000,52.0800,52.7200,52.3900,1512874,80214664.7400
2023-09-28,sh.603026,52.7000,53.4400,52.0000,52.0500,52.7200,1074278,56319827.7600
2023-10-09,sh.603026,52.0200,52.0500,50.4000,50.7100,52.0500,1182100,60234476.0000
2023-10-10,sh.603026,50.8800,52.3000,50.2000,50.2400,50.7100,1215050,62113143.7900
2023-10-11,sh.603026,50.7000,51.3100,49.9100,50.0000,50.2400,1208856,61119754.5200
2023-10-12,sh.603026,50.4600,53.4700,50.0000,53.0100,50.0000,3273756,170619523.8000
2023-10-13,sh.603026,52.9700,52.9700,51.6500,52.1300,53.0100,1509629,78810034.4200
2023-10-16,sh.603026,52.2000,52.2000,49.8600,50.0000,52.1300,2114751,106694923.9200
2023-10-17,sh.603026,50.1900,51.2000,49.9700,50.2100,50.0000,1330568,67304337.6000
2023-10-18,sh.603026,50.2500,50.5900,49.0000,49.0100,50.2100,1145986,56560371.9000
2023-10-19,sh.603026,48.5500,49.4000,48.2000,48.2000,49.0100,1043998,50750570.6000
2023-10-20,sh.603026,47.8100,49.3800,47.7900,48.7500,48.2000,1300270,63296153.9600
2023-10-23,sh.603026,48.7600,48.9900,45.5900,45.9700,48.7500,1630705,76427170.8000
2023-10-24,sh.603026,46.0500,46.9900,45.8000,46.2200,45.9700,1659432,76794771.4400
2023-10-25,sh.603026,46.7000,47.8500,46.3500,46.6000,46.2200,1438007,67851322.1900
2023-10-26,sh.603026,46.4100,46.4100,44.5800,45.2100,46.6000,1930059,87195866.4900
2023-10-27,sh.603026,45.2100,49.7300,45.0200,49.7300,45.2100,3975756,190776748.0400
2023-10-30,sh.603026,50.2800,53.0000,49.9800,52.1800,49.7300,4703511,243065304.5100
2023-10-31,sh.603026,52.1900,52.4800,51.5800,51.9600,52.1800,2132275,110805483.1200
2023-11-01,sh.603026,52.3900,52.8700,51.5100,52.4400,51.9600,1803696,94111830.7200
2023-11-02,sh.603026,52.3500,52.3500,51.3400,51.4000,52.4400,1165615,60278408.2600
2023-11-03,sh.603026,51.4500,52.6900,51.4300,52.0500,51.4000,1330500,69416365.0000
2023-11-06,sh.603026,52.4500,53.5400,52.4000,53.0600,52.0500,1888900,100307390.0000
2023-11-07,sh.603026,53.0800,53.2500,52.1800,52.6600,53.0600,1233477,64810735.3500
2023-11-08,sh.603026,52.6600,53.2700,52.2900,52.8500,52.6600,1445790,76478744.6200
2023-11-09,sh.603026,52.9600,54.1400,52.5900,53.2000,52.8500,2009425,107627160.0000
2023-11-10,sh.603026,53.1900,53.3100,52.2000,53.0500,53.2000,1342725,70769892.0000
2023-11-13,sh.603026,53.0700,53.5000,52.4400,52.7300,53.0500,937555,49500527.0400
2023-11-14,sh.603026,52.7900,52.8900,51.9700,52.2800,52.7300,1247933,65312479.6600
2023-11-15,sh.603026,52.8400,53.2600,52.5400,52.7600,52.2800,1465000,77559600.0000
2023-11-16,sh.603026,52.3700,53.0000,51.4700,51.4700,52.7600,1217766,63227367.1600
2023-11-17,sh.603026,51.4100,52.2100,51.3100,51.7400,51.4700,988190,51136041.9400
2023-11-20,sh.603026,52.2400,53.2000,51.1400,52.8300,51.7400,1581765,82565777.9000
2023-11-21,sh.603026,52.8300,52.9700,51.4600,51.5100,52.8300,1255241,65362052.5700
2023-11-22,sh.603026,51.5100,51.6000,50.4600,50.4600,51.5100,1096748,55903167.4000
2023-11-23,sh.603026,50.2600,51.2800,50.1700,51.2100,50.4600,867500,44078436.0000
2023-11-24,sh.603026,51.1800,51.1800,49.9200,50.1000,51.2100,1059100,53209545.0000
2023-11-27,sh.603026,49.7300,49.8800,48.5800,48.8800,50.1000,1584380,77626315.3700
2023-11-28,sh.603026,48.8700,49.5600,48.3400,49.4100,48.8800,995295,48878079.6000
2023-11-29,sh.603026,49.4100,49.6700,48.8100,49.4000,49.4100,855600,42129381.6000
2023-11-30,sh.603026,49.3300,49.5600,48.6700,48.6700,49.4000,881031,43204091.7200
2023-12-01,sh.603026,48.6200,48.9900,48.0000,48.6600,48.6700,987062,47818160.2100
2023-12-04,sh.603026,48.6500,48.8000,47.9000,47.9000,48.6600,944780,45569023.9700
2023-12-05,sh.603026,47.9900,48.6500,47.6000,47.8000,47.9000,1000015,48221770.1400
2023-12-06,sh.603026,47.6000,49.5800,47.6000,48.8100,47.8000,1567423,76936968.0400
2023-12-07,sh.603026,48.7000,48.7400,47.1500,47.5600,48.8100,1492300,71066191.3600
2023-12-08,sh.603026,47.6000,48.0500,46.8000,47.3500,47.5600,2068300,97749833.5000
2023-12-11,sh.603026,47.1200,47.2900,46.0700,46.7900,47.3500,2064421,96080322.2200
2023-12-12,sh.603026,46.8600,46.8600,45.9000,46.0500,46.7900,1287341,59498953.8200
2023-12-13,sh.603026,46.0000,46.0000,45.0100,45.0700,46.0500,1167648,52959646.5000
2023-12-14,sh.603026,45.7600,45.8900,44.7800,44.8400,45.0700,1132473,51173461.4800
2023-12-15,sh.603026,45.0500,45.6100,44.2100,44.2700,44.8400,1336083,60025460.1900
2023-12-18,sh.603026,44.2900,44.4600,42.5900,42.6900,44.2700,1661721,71872762.4900
2023-12-19,sh.603026,42.6900,43.0800,42.2300,42.6300,42.6900,1240296,52890534.9200
2023-12-20,sh.603026,42.5200,42.9500,41.7800,41.8600,42.6300,1428461,60163561.2700
2023-12-21,sh.603026,41.8500,42.6500,41.4300,42.1900,41.8600,1737210,72981494.7000
2023-12-22,sh.603026,42.1700,43.4400,41.1500,42.8100,42.1900,2666876,112992017.2700
2023-12-25,sh.603026,42.8000,43.4500,42.5500,43.1200,42.8100,1798449,77354110.9800
2023-12-26,sh.603026,43.1100,43.3300,42.3500,42.8200,43.1200,1089626,46689136.8100
2023-12-27,sh.603026,42.8200,43.0000,41.8800,42.1300,42.8200,1043522,44049694.8800
2023-12-28,sh.603026,42.2100,45.8000,42.0900,45.3000,42.1300,3153190,139838603.1800
2023-12-29,sh.603026,45.0000,46.2000,45.0000,45.8600,45.3000,1699773,77805010.1800
2024-01-02,sh.603026,45.8400,45.9600,44.3000,44.3700,45.8600,1637700,73311860.0000
2024-01-03,sh.603026,44.1300,44.8200,43.8900,44.3000,44.3700,992620,44045907.0000
2024-01-04,sh.603026,44.3000,44.3200,42.8500,43.4500,44.3000,1721840,74618111.1200
2024-01-05,sh.603026,43.3100,44.6100,42.7300,42.8900,43.4500,1390940,60581237.7200
2024-01-08,sh.603026,42.8800,43.2900,41.2200,41.2300,42.8900,1830110,76700627.5700
2024-01-09,sh.603026,41.2500,42.2800,40.6400,41.3000,41.2300,1803810,74612609.6000
2024-01-10,sh.603026,41.1200,42.5000,40.5200,41.4200,41.3000,1649092,68526407.9400
2024-01-11,sh.603026,41.3600,43.5800,40.9800,42.9000,41.4200,2573204,108814660.2000
2024-01-12,sh.603026,42.8800,44.3500,42.5800,43.5300,42.9000,2519387,109989793.0000
2024-01-15,sh.603026,43.3200,43.4500,42.1900,42.2500,43.5300,1553595,66288923.0500
2024-01-16,sh.603026,42.3200,46.4800,42.0000,46.4800,42.2500,3815217,173122785.1600
2024-01-17,sh.603026,48.0500,48.0600,45.0000,45.0000,46.4800,7679557,356353518.6400
2024-01-18,sh.603026,45.0000,45.3000,43.6500,44.9500,45.0000,5395316,239451153.2400
2024-01-19,sh.603026,45.2900,47.7700,43.2100,43.2200,44.9500,5117778,230254448.5400
2024-01-22,sh.603026,43.0100,43.7400,40.0200,40.6400,43.2200,4638474,194693097.3500
2024-01-23,sh.603026,40.6300,41.6700,39.3700,40.5000,40.6400,3368322,136933505.2400
2024-01-24,sh.603026,41.3300,44.2100,40.7200,42.3400,40.5000,5049138,213850462.7000
2024-01-25,sh.603026,42.3500,42.8800,40.8500,42.5200,42.3400,3808434,159598787.4200
2024-01-26,sh.603026,42.3700,42.7000,40.9000,41.0000,42.5200,2958299,123484013.2000
2024-01-29,sh.603026,40.5200,40.7200,37.3100,37.6000,41.0000,5370456,206730712.3100
2024-01-30,sh.603026,37.6000,37.9500,36.1000,36.2400,37.6000,2713034,100516865.3800
2024-01-31,sh.603026,36.2400,37.3500,34.3500,34.5700,36.2400,3158296,112315273.2600
2024-02-01,sh.603026,34.3500,34.9500,33.6500,34.0700,34.5700,2680461,91701368.8600
2024-02-02,sh.603026,34.1000,34.4000,30.7200,32.1200,34.0700,4037269,131545898.1400
2024-02-05,sh.603026,32.0000,32.0000,28.9100,29.6500,32.1200,4606390,136917689.4400
2024-02-06,sh.603026,29.6000,32.3000,28.5200,31.7400,29.6500,3876066,118031512.0600
2024-02-07,sh.603026,31.8500,34.5000,31.5700,34.4600,31.7400,4859581,163915928.1300
2024-02-08,sh.603026,34.4000,37.8700,33.9200,37.2500,34.4600,4472187,164865643.4000
2024-02-19,sh.603026,38.0000,38.0000,35.9700,36.2400,37.2500,2824666,103514148.4300
2024-02-20,sh.603026,35.8600,36.2600,34.9800,35.8500,36.2400,2044087,72435733.0500
2024-02-21,sh.603026,35.5600,37.3200,35.3000,36.0200,35.8500,2887197,104962813.1400
2024-02-22,sh.603026,35.8400,36.5600,35.8000,36.1900,36.0200,1799556,64888163.3000
2024-02-23,sh.603026,36.5800,36.7900,35.8300,36.4600,36.1900,2344677,84959199.0400
2024-02-26,sh.603026,36.4900,37.3600,36.3600,36.9000,36.4600,2951110,108827066.5800
2024-02-27,sh.603026,36.9100,37.7500,36.6000,37.7300,36.9000,2252834,83769810.7200
2024-02-28,sh.603026,37.7000,39.3700,36.2000,36.2300,37.7300,4204211,159997475.4600
2024-02-29,sh.603026,36.0300,37.8600,35.8700,37.8300,36.2300,4067812,150355630.2500
2024-03-01,sh.603026,38.0000,38.1900,37.2600,37.5800,37.8300,2116473,79761778.3200
2024-03-04,sh.603026,37.5900,38.1900,36.8100,37.0500,37.5800,1870523,69658754.7700
2024-03-05,sh.603026,37.0000,37.0000,36.0500,36.2800,37.0500,2112370,76737055.1000
2024-03-06,sh.603026,36.1800,36.9600,35.7100,36.7200,36.2800,2246485,81857066.1600
2024-03-07,sh.603026,37.0000,37.1500,36.0500,36.0500,36.7200,2307206,84540073.8100
2024-03-08,sh.603026,36.0000,36.7000,35.4400,35.8700,36.0500,1699100,60964415.0000
2024-03-11,sh.603026,35.9000,39.0000,35.9000,38.5300,35.8700,4875529,183970095.0900
2024-03-12,sh.603026,38.5000,39.1600,38.2500,38.6800,38.5300,3283090,126755608.8000
2024-03-13,sh.603026,38.6600,38.8700,38.0300,38.6800,38.6800,2381290,91652623.7000
2024-03-14,sh.603026,38.5500,38.9000,37.4400,38.0300,38.6800,1918600,73200157.0000
2024-03-15,sh.603026,37.7000,37.9900,37.0500,37.9000,38.0300,1902346,71281114.9000
2024-03-18,sh.603026,38.2000,38.6200,37.8400,38.6200,37.9000,2351419,90066366.9900
2024-03-19,sh.603026,38.5700,38.8800,38.0700,38.1300,38.6200,1749008,67082823.8000
2024-03-20,sh.603026,38.1900,38.7300,37.8900,38.2600,38.1300,1545711,59150537.3200
2024-03-21,sh.603026,38.3000,38.4700,37.5300,37.7400,38.2600,1603187,60833214.1400
2024-03-22,sh.603026,37.6000,37.7200,35.7300,35.7600,37.7400,2678800,97595329.8900
2024-03-25,sh.603026,35.7000,35.7000,33.9300,34.0000,35.7600,2695500,93318657.4100
2024-03-26,sh.603026,34.1200,36.2900,33.9400,35.4200,34.0000,3598405,125804638.3800
2024-03-27,sh.603026,35.4000,35.4000,33.5000,33.5500,35.4200,2286982,78577229.6600
2024-03-28,sh.603026,33.5400,34.3100,33.4800,33.7300,33.5500,2077990,70586089.8800
2024-03-29,sh.603026,33.6900,35.2000,33.6800,34.6700,33.7300,2620790,90721676.9800
2024-04-01,sh.603026,34.7500,36.2500,34.7500,36.0000,34.6700,2222200,79628872.0000
2024-04-02,sh.603026,36.0400,37.1000,35.6100,36.7300,36.0000,3882795,141673763.3500
2024-04-03,sh.603026,36.4100,39.1200,36.3500,38.6200,36.7300,7448293,285486426.9100
2024-04-08,sh.603026,38.6300,42.2800,38.4800,41.7900,38.6200,11564016,468296265.4900
2024-04-09,sh.603026,41.3700,45.9700,41.0000,45.9700,41.7900,10290515,450685698.8200
2024-04-10,sh.603026,47.2300,50.5000,45.9700,47.8000,45.9700,12825226,615946507.0600
2024-04-11,sh.603026,47.7700,48.0400,45.0800,45.6100,47.8000,10505008,484134913.6000
2024-04-12,sh.603026,45.9900,46.3300,42.9000,43.6700,45.6100,10183823,446512348.2100
2024-04-15,sh.603026,43.6800,44.8300,41.2700,42.1700,43.6700,6976835,299160547.5500
2024-04-16,sh.603026,41.9900,41.9900,39.1800,40.8800,42.1700,5714953,229128594.7900
2024-04-17,sh.603026,41.6000,43.5900,41.3200,42.0800,40.8800,9732973,412978523.1800
2024-04-18,sh.603026,41.4700,41.9400,39.7100,41.2500,42.0800,5629801,231053453.9000
2024-04-19,sh.603026,40.6800,42.9800,40.2000,42.7800,41.2500,6567418,275507285.2700
2024-04-22,sh.603026,42.4500,43.4000,41.5000,42.3300,42.7800,3821659,161454027.8400
2024-04-23,sh.603026,42.3200,43.1900,41.2900,41.9000,42.3300,4880623,205439931.4400
2024-04-24,sh.603026,41.2800,41.4300,39.0000,40.8600,41.9000,6332799,253620130.4000
2024-04-25,sh.603026,40.1500,41.4000,40.0500,40.5000,40.8600,2880873,117499641.2000
2024-04-26,sh.603026,40.4000,42.2800,40.0300,42.0400,40.5000,6019780,249400456.0400
2024-04-29,sh.603026,42.6500,44.7900,42.1600,43.8700,42.0400,5394139,236336192.8600
2024-04-30,sh.603026,44.0000,44.3800,42.6000,42.6000,43.8700,3028751,131067581.4700
2024-05-06,sh.603026,43.0300,46.2100,43.0300,45.5600,42.6000,6190271,278413410.8500
2024-05-07,sh.603026,45.8700,47.3800,45.1600,46.9000,45.5600,5727280,265410953.2000
2024-05-08,sh.603026,46.4000,46.5000,44.5900,44.6600,46.9000,3560755,161289282.5500
2024-05-09,sh.603026,45.0700,46.3800,45.0700,45.4000,44.6600,3593131,164303439.2600
2024-05-10,sh.603026,45.0000,45.1000,43.5300,43.7300,45.4000,3671800,161923838.0000
2024-05-13,sh.603026,43.4500,44.4700,42.3100,43.8000,43.7300,3922200,169443319.0000
2024-05-14,sh.603026,43.6100,44.0600,42.8000,43.1400,43.8000,2076742,89869270.8200
2024-05-15,sh.603026,43.0000,43.7800,42.5300,42.6200,43.1400,1938783,83140819.5800
2024-05-16,sh.603026,42.7400,43.0800,42.1000,42.1700,42.6200,1999700,84898202.0000
2024-05-17,sh.603026,42.2200,43.4300,41.7400,43.4300,42.1700,2892700,121764343.0000
2024-05-20,sh.603026,42.8400,43.0600,41.8500,41.8900,43.4300,2916900,123636497.0000
2024-05-21,sh.603026,41.8300,41.8300,40.8900,41.0200,41.8900,2270160,93332674.5200
2024-05-22,sh.603026,41.6800,41.8300,40.9000,41.1800,41.0200,2323260,96015181.8000
2024-05-23,sh.603026,41.0200,41.0400,39.8100,40.0300,41.1800,2510500,100892266.0000
2024-05-24,sh.603026,39.9300,40.4000,38.8300,38.9000,40.0300,2108337,83215374.1900
2024-05-27,sh.603026,39.3000,39.6400,37.9000,39.5200,38.9000,2461000,95188394.0000
2024-05-28,sh.603026,39.5300,39.7300,38.9300,39.0700,39.5200,1419331,55712677.7900
2024-05-29,sh.603026,39.4000,40.5100,39.0000,39.7000,39.0700,2481000,99024908.0000
2024-05-30,sh.603026,39.7500,40.0900,39.4300,39.5800,39.7000,1831700,72848394.0000
2024-05-31,sh.603026,39.7000,40.1300,39.4200,39.4200,39.5800,1640087,65171326.6000
2024-06-03,sh.603026,39.2300,39.3000,38.1400,38.4100,39.4200,2053400,79266285.8000
2024-06-04,sh.603026,38.2400,38.8000,37.6900,38.3800,38.4100,1821941,69681492.6800
2024-06-05,sh.603026,38.5000,39.2500,38.1100,38.1600,38.3800,1580271,61132977.9100
2024-06-06,sh.603026,38.3900,38.4600,36.4700,36.9100,38.1600,2780266,103207479.1200
2024-06-07,sh.603026,37.1800,37.2800,35.7200,35.8600,36.9100,3284455,119641352.8000
2024-06-11,sh.603026,36.0900,37.8300,35.2200,37.6400,35.8600,3267465,121170251.3700
2024-06-12,sh.603026,37.5600,38.0000,37.1000,37.8600,37.6400,2227400,83903703.0000
2024-06-13,sh.603026,38.0200,38.0900,36.9300,36.9700,37.8600,3149858,117694040.5800
2024-06-14,sh.603026,37.0000,37.0100,35.5600,36.4100,36.9700,5603099,202426127.7500
2024-06-17,sh.603026,36.0800,38.1800,35.9100,37.4100,36.4100,4310210,160350237.1800
2024-06-18,sh.603026,37.4500,37.7700,37.0000,37.3900,37.4100,2759127,103229092.9600
2024-06-19,sh.603026,37.3900,37.5000,36.5300,36.6600,37.3900,1786794,65769373.0300
2024-06-20,sh.603026,36.6500,36.8200,35.4500,35.4500,36.6600,2255172,80865737.4300
2024-06-21,sh.603026,35.5000,35.6800,35.0900,35.1100,35.4500,1336482,47198106.4800
2024-06-24,sh.603026,35.0000,35.0300,33.9800,34.0900,35.1100,1992946,68622295.4100
2024-06-25,sh.603026,34.0700,34.7600,33.9000,34.2000,34.0900,1887550,64815898.7200
2024-06-26,sh.603026,34.0200,35.7500,33.8000,35.5800,34.2000,2685163,94070593.1600
2024-06-27,sh.603026,35.4000,35.5700,34.4700,34.4700,35.5800,1440800,50407336.0000
2024-06-28,sh.603026,34.5000,34.9000,33.7000,33.8000,34.4700,2007192,68861071.2400
2024-07-01,sh.603026,33.7000,34.1300,33.0200,33.9700,33.8000,1846718,61987906.4800
2024-07-02,sh.603026,33.9600,34.0600,32.9800,33.0800,33.9300,1831500,60949721.0000
2024-07-03,sh.603026,33.1500,33.4500,32.5800,33.0300,33.0800,1717900,56768024.4600
2024-07-04,sh.603026,33.0300,33.2000,31.9400,32.1200,33.0300,1518760,49155574.0000
2024-07-05,sh.603026,32.0500,32.3500,31.6000,32.2000,32.1200,1170400,37530127.0000
2024-07-08,sh.603026,32.0000,32.1700,31.1800,31.3200,32.2000,2026908,63671947.2800
2024-07-09,sh.603026,31.4000,32.1000,30.7400,31.9700,31.3200,2018938,63426965.7400
2024-07-10,sh.603026,31.8000,33.8800,31.6000,32.4800,31.9700,3306971,108889828.6300
2024-07-11,sh.603026,32.7700,34.2000,32.7700,33.6800,32.4800,2614100,87983412.0000
2024-07-12,sh.603026,33.6800,33.9900,33.4000,33.5200,33.6800,1693134,56996589.7000
2024-07-15,sh.603026,33.3900,33.5700,32.7000,32.7100,33.5200,1449671,47758104.8400
2024-07-16,sh.603026,32.7000,33.2900,32.6100,32.7400,32.7100,1261000,41428887.0000
2024-07-17,sh.603026,32.8500,33.1900,32.4200,32.8200,32.7400,1399000,45902330.0000
2024-07-18,sh.603026,32.7000,32.8800,32.0100,32.6600,32.8200,1509100,49008112.5600
2024-07-19,sh.603026,32.6500,33.1500,32.2300,32.7000,32.6600,1591400,51992000.7600
2024-07-22,sh.603026,32.7000,33.0600,31.8800,32.0700,32.7000,1869600,60392929.0000
2024-07-23,sh.603026,32.2000,32.2800,30.7300,30.7300,32.0700,2138587,67274631.7600
2024-07-24,sh.603026,30.6100,30.8300,29.3800,29.4300,30.7300,3043689,91070531.5800
2024-07-25,sh.603026,29.2300,30.3700,29.2300,29.8000,29.4300,1981760,59050311.0500
2024-07-26,sh.603026,29.8800,30.8800,29.6000,30.2000,29.8000,2082188,63136320.4800
2024-07-29,sh.603026,30.3100,30.3100,29.6000,29.7100,30.2000,1778246,52973324.6600
2024-07-30,sh.603026,29.6200,30.0800,29.4200,29.8400,29.7100,1244211,36973586.6000
2024-07-31,sh.603026,29.8700,31.5500,29.6100,31.5000,29.8400,2746962,84531429.3300
2024-08-01,sh.603026,31.7900,31.9200,30.8000,30.9400,31.5000,2167099,67861015.0600
2024-08-02,sh.603026,30.7700,31.3300,30.3000,30.3800,30.9400,2021260,62213585.6000
2024-08-05,sh.603026,30.7100,31.0800,29.6500,29.6600,30.3800,2044000,61951143.0000
2024-08-06,sh.603026,30.2000,30.6000,30.0100,30.4000,29.6600,1698371,51423647.1100
2024-08-07,sh.603026,30.4000,30.4400,29.9500,30.3200,30.4000,1195249,36128154.8600
2024-08-08,sh.603026,30.0300,30.7800,29.7800,30.3700,30.3200,1569500,47458027.0000
2024-08-09,sh.603026,30.5300,30.7500,29.9000,29.9600,30.3700,1405580,42527987.0000
2024-08-12,sh.603026,29.9000,30.1400,29.4800,29.5700,29.9600,1411705,41828085.0000
2024-08-13,sh.603026,29.5000,30.0500,29.0500,29.8700,29.5700,1207100,35671002.0000
2024-08-14,sh.603026,29.8600,30.0300,29.0700,29.2000,29.8700,1337890,39214045.0000
2024-08-15,sh.603026,29.0900,29.8400,28.8000,29.3600,29.2000,1823500,53551208.0000
2024-08-16,sh.603026,29.3300,29.3900,28.8700,28.8700,29.3600,1149800,33437708.0000
2024-08-19,sh.603026,28.8300,29.2400,28.4900,28.5200,28.8700,1233600,35503949.0000
2024-08-20,sh.603026,28.5200,28.7600,27.4700,27.5500,28.5200,2262837,63219729.3900
2024-08-21,sh.603026,27.6200,28.3600,27.3500,28.2000,27.5500,1988737,55767755.0100
2024-08-22,sh.603026,28.2000,28.4900,27.5000,27.5000,28.2000,1396158,38922819.7400
2024-08-23,sh.603026,27.4000,27.6000,26.9600,27.2400,27.5000,1205400,32868290.0000
2024-08-26,sh.603026,27.2800,28.4800,27.2000,27.9400,27.2400,1792099,50231024.7300
2024-08-27,sh.603026,27.7500,27.9900,27.5000,27.6600,27.9400,1173705,32515953.0000
2024-08-28,sh.603026,27.7500,28.0000,27.3200,27.6300,27.6600,1088900,30094024.0000
2024-08-29,sh.603026,27.6000,28.3900,27.5100,28.1500,27.6300,1523800,42672274.0000
2024-08-30,sh.603026,28.1900,29.2900,28.0100,28.8000,28.1500,2333934,67176712.1600
2024-09-02,sh.603026,28.8900,29.1600,27.8700,27.8700,28.8000,1936700,54954968.0000
2024-09-03,sh.603026,27.8700,28.6500,27.4800,28.3000,27.8700,1801864,50805527.0000
2024-09-04,sh.603026,28.1600,29.2100,28.1000,28.5900,28.3000,2498300,71561770.0000
2024-09-05,sh.603026,28.5900,29.3600,28.3000,28.4800,28.5900,2053100,58844854.0000
2024-09-06,sh.603026,28.5100,28.7600,27.3700,27.4300,28.4800,2184825,60760071.6600
2024-09-09,sh.603026,27.2700,27.8300,27.1400,27.2700,27.4300,1778021,48784528.6700
2024-09-10,sh.603026,27.4900,27.5400,26.6300,27.1000,27.2700,2002800,54130973.0000
2024-09-11,sh.603026,27.2600,28.1500,27.0300,27.9000,27.1000,3357600,93337493.0000
2024-09-12,sh.603026,27.8400,28.3300,27.5900,27.6000,27.9000,2131500,59510725.0000
2024-09-13,sh.603026,27.6600,27.9000,26.7100,26.7200,27.6000,2298875,62124656.0000
2024-09-18,sh.603026,26.7200,26.8700,25.8900,26.1100,26.7200,1464926,38357596.6600
2024-09-19,sh.603026,26.3600,27.2900,26.1200,26.8500,26.1100,1845701,49357607.7600
2024-09-20,sh.603026,26.8000,26.9900,26.0700,26.2200,26.8500,1629155,42886677.9100
2024-09-23,sh.603026,26.1600,26.7900,26.0000,26.4300,26.2200,1572664,41621439.9200
2024-09-24,sh.603026,26.6300,28.1800,26.6300,28.1600,26.4300,3792475,104091586.7500
2024-09-25,sh.603026,28.3000,29.4400,28.3000,28.8400,28.1600,3662821,106210062.3700
2024-09-26,sh.603026,28.6900,30.2700,28.5000,30.2200,28.8400,3711573,109065395.7600
2024-09-27,sh.603026,30.7400,33.0000,30.7000,32.8500,30.2200,3890929,124278138.0000
2024-09-30,sh.603026,34.7100,36.1400,34.4000,36.1400,32.8500,7061778,250696229.4500
2024-10-08,sh.603026,39.7500,39.7500,38.0100,39.7000,36.1400,11039591,431858629.6000
2024-10-09,sh.603026,39.7000,39.7200,35.7300,35.7300,39.7000,11012815,405238561.2900
2024-10-10,sh.603026,34.5000,35.9300,34.1400,34.4300,35.7300,6414616,224560072.5200
2024-10-11,sh.603026,34.5400,34.5400,31.8000,32.3800,34.4300,6181500,202708903.0000
2024-10-14,sh.603026,32.3800,32.7700,31.4300,32.6500,32.3800,4119891,132683473.1900
2024-10-15,sh.603026,32.6800,32.6800,31.6100,31.6100,32.6500,3615499,116160925.5400
2024-10-16,sh.603026,31.0800,31.9100,31.0600,31.3600,31.6100,2741401,86183467.6400
2024-10-17,sh.603026,31.8100,32.0000,31.0000,31.0100,31.3600,2744660,86401343.8000
2024-10-18,sh.603026,31.0100,33.0900,30.8600,32.3100,31.0100,5084614,163026117.9000
2024-10-21,sh.603026,32.5000,33.3300,32.4200,32.6000,32.3100,4657772,152728479.5600
2024-10-22,sh.603026,32.7700,33.1600,32.2200,33.1000,32.6000,4040503,132225202.1500
2024-10-23,sh.603026,33.1900,33.9500,32.7800,33.7300,33.1000,4930083,164970077.5500
2024-10-24,sh.603026,33.7500,33.7500,32.6300,32.8000,33.7300,3672400,121144697.0000
2024-10-25,sh.603026,32.9000,35.8800,32.9000,35.3900,32.8000,8556043,298290588.6400
2024-10-28,sh.603026,35.8000,35.8600,34.5400,35.1400,35.3900,6231243,218359691.6300
2024-10-29,sh.603026,34.7100,35.3900,33.1000,33.3300,35.1400,7255217,245827838.8000
2024-10-30,sh.603026,32.8900,33.3300,32.4900,32.8000,33.3300,3786200,124386582.0000
2024-10-31,sh.603026,32.8200,34.2500,32.7500,33.9000,32.8000,5688600,191792781.0000
2024-11-01,sh.603026,33.4600,34.2100,32.4500,32.8100,33.9000,4247970,140682906.5400
2024-11-04,sh.603026,32.7600,34.0200,32.6500,33.7700,32.8100,3854322,129279636.5200
2024-11-05,sh.603026,33.7700,35.5000,33.6000,35.2100,33.7700,6812200,238836995.0000
2024-11-06,sh.603026,35.2600,36.4800,34.9000,35.0300,35.2100,6656320,237442667.2000
2024-11-07,sh.603026,34.7600,36.0000,34.6900,35.8900,35.0300,4840900,171892402.0000
2024-11-08,sh.603026,36.0300,36.8500,35.7400,35.9200,35.8900,5815000,211226647.0000
2024-11-11,sh.603026,36.0000,37.9900,35.8500,37.5500,35.9200,7097925,264473368.0000
2024-11-12,sh.603026,38.1000,38.9000,36.8900,37.3000,37.5500,7255528,275778353.5100
2024-11-13,sh.603026,36.7700,37.8700,36.0300,37.0400,37.3000,5577797,206040219.0500
2024-11-14,sh.603026,37.0000,37.8000,35.6300,35.7200,37.0400,6016200,220523566.0000
2024-11-15,sh.603026,35.5000,35.8800,34.9000,34.9000,35.7200,4370280,154451511.8000
2024-11-18,sh.603026,35.6600,37.3700,34.3500,34.7500,34.9000,8468400,304229513.0000
2024-11-19,sh.603026,34.9900,36.2200,34.2500,36.0900,34.7500,6737864,237745243.4000
2024-11-20,sh.603026,36.2100,36.6500,35.7200,36.4300,36.0900,5180265,187773006.1500
2024-11-21,sh.603026,36.5000,38.7900,36.3200,38.3800,36.4300,10810313,407852649.4900
2024-11-22,sh.603026,40.0000,42.2200,40.0000,42.2200,38.3800,5505565,230605233.3000
2024-11-25,sh.603026,44.6700,46.4400,43.7100,46.4400,42.2200,31149978,1423647174.7000
2024-11-26,sh.603026,45.0600,45.0600,41.8000,41.8000,46.4400,21477495,923331474.2700
2024-11-27,sh.603026,40.0000,42.0400,39.8800,41.7300,41.8000,12515504,510325125.4700
2024-11-28,sh.603026,41.3200,42.0800,39.8900,40.0200,41.7300,8634022,352187958.4400
2024-11-29,sh.603026,39.5200,43.5800,38.9200,42.1900,40.0200,12941722,533806933.3700
2024-12-02,sh.603026,41.5600,42.1600,40.8100,41.7200,42.1900,8401719,347261001.3900
2024-12-03,sh.603026,41.7000,42.1500,40.2300,40.6600,41.7200,6907273,283667026.3600
2024-12-04,sh.603026,40.1100,40.7700,39.2200,39.5700,40.6600,5755523,228948563.9400
2024-12-05,sh.603026,39.6500,41.1300,39.2400,40.9000,39.5700,6197100,250139326.0000
2024-12-06,sh.603026,40.9600,41.5000,40.1800,41.1500,40.9000,5946100,244276942.9800
2024-12-09,sh.603026,41.1300,41.9600,40.6500,41.2700,41.1500,4986800,206274220.0000
2024-12-10,sh.603026,42.8400,42.8400,40.4600,40.4600,41.2700,5969300,247274120.5000
2024-12-11,sh.603026,40.3500,40.8700,40.0300,40.3200,40.4600,3554454,143099169.6600
2024-12-12,sh.603026,40.3500,40.4400,39.2100,39.7300,40.3200,4600498,182424813.0800
2024-12-13,sh.603026,39.7300,39.7300,38.1500,38.1500,39.7300,5815239,224853232.6400
2024-12-16,sh.603026,38.1500,38.3300,36.9100,37.2800,38.1500,4300717,160737857.0000
2024-12-17,sh.603026,37.1000,37.9100,36.8700,37.0400,37.2800,3675550,137557099.1000
2024-12-18,sh.603026,37.1000,37.4900,36.8900,37.0500,37.0400,2510204,93302319.0400
2024-12-19,sh.603026,36.6500,37.0000,36.2000,36.5900,37.0500,3067785,112018021.3500
2024-12-20,sh.603026,36.6500,37.4200,36.5600,37.2500,36.5900,2571840,95270377.2000
2024-12-23,sh.603026,37.2400,37.3400,36.0600,36.0800,37.2500,2703913,98997255.5000
2024-12-24,sh.603026,36.0600,36.8200,36.0400,36.6000,36.0800,1900456,69245496.7500
2024-12-25,sh.603026,36.8000,36.8500,35.1500,35.2500,36.6000,3083350,109779381.5000
2024-12-26,sh.603026,35.5500,35.9500,35.2700,35.6200,35.2500,1631308,58288457.7200
2024-12-27,sh.603026,35.5000,36.2800,35.3500,35.9200,35.6200,1852100,66531570.0000
2024-12-30,sh.603026,35.8700,35.9800,35.3100,35.4500,35.9200,1604300,57014794.0000
2024-12-31,sh.603026,35.5300,35.6500,34.3200,35.0000,35.4500,3102250,108019090.0000
2025-01-02,sh.603026,34.7500,35.1200,33.3500,33.7500,35.0000,2396600,82173238.0000
2025-01-03,sh.603026,33.7500,34.2500,32.6700,32.7600,33.7500,2364197,78985799.9500
2025-01-06,sh.603026,32.7500,33.2700,32.4800,32.6900,32.7600,1663100,54601551.0000
2025-01-07,sh.603026,32.6800,32.9800,32.4500,32.8400,32.6900,1835800,60170725.0000
2025-01-08,sh.603026,32.6800,32.6800,31.2500,31.9800,32.8400,2771913,88452223.6500
2025-01-09,sh.603026,31.8500,32.8000,31.7000,32.5400,31.9800,2172800,70388805.0000
2025-01-10,sh.603026,32.6000,33.1000,32.0100,32.1200,32.5400,2604700,84906185.0000
2025-01-13,sh.603026,31.9000,33.0900,31.5400,32.6600,32.1200,2120100,68664147.0000
2025-01-14,sh.603026,32.6600,34.4900,32.5200,34.1400,32.6600,4295807,143553496.9600
2025-01-15,sh.603026,33.9900,34.2000,33.3300,33.5200,34.1400,2406500,81056500.0000
2025-01-16,sh.603026,33.6900,34.1500,33.0800,33.4400,33.5200,2089800,70224626.0000
2025-01-17,sh.603026,33.3100,33.6800,33.0700,33.2800,33.4400,1502000,50142082.0000
2025-01-20,sh.603026,34.0000,34.4800,33.5900,33.8800,33.2800,2577009,87466138.0900
2025-01-21,sh.603026,35.0000,35.0000,33.0200,33.2000,33.8800,2263489,75883703.1500
2025-01-22,sh.603026,33.2000,33.2000,32.2400,32.5200,33.2000,1808750,58957931.5000
2025-01-23,sh.603026,33.0000,33.4900,32.4600,32.5200,32.5200,2009030,66329405.2000
2025-01-24,sh.603026,32.5100,33.2500,32.3900,33.2000,32.5200,1681040,55417711.6000
2025-01-27,sh.603026,33.2300,33.7600,32.6100,32.6100,33.2000,1561501,51570614.7800
2025-02-05,sh.603026,32.9700,33.3400,32.7000,33.0500,32.6100,1269609,41960070.9900
2025-02-06,sh.603026,33.0300,34.1400,32.8000,34.1300,33.0500,2295781,77426045.1500
2025-02-07,sh.603026,34.0100,34.7600,33.8000,34.2800,34.1300,2700140,92782227.8000
2025-02-10,sh.603026,34.3800,34.4200,33.7600,34.2300,34.2800,2343000,79883192.0000
2025-02-11,sh.603026,34.2300,34.2600,33.3500,33.5300,34.2300,2975970,99782672.8000
2025-02-12,sh.603026,33.3700,33.7500,32.7500,33.3600,33.5300,6525700,216704161.0000
2025-02-13,sh.603026,33.1300,34.8800,33.1300,34.6000,33.3600,9657278,331022989.2700
2025-02-14,sh.603026,34.5800,35.3600,33.9800,34.2200,34.6000,7747525,268225367.3200
2025-02-17,sh.603026,34.0000,34.7300,33.7000,33.8500,34.2200,5056900,171763998.9600
2025-02-18,sh.603026,34.1000,34.7500,33.7900,34.1700,33.8500,5547353,190030997.2000
2025-02-19,sh.603026,33.7400,34.2000,33.6700,34.1600,34.1700,4123409,140181751.2600
2025-02-20,sh.603026,34.2100,34.2600,33.7600,33.8400,34.1600,3750500,127116675.3200
2025-02-21,sh.603026,33.8800,34.2800,33.7700,33.9900,33.8400,4501178,152979940.3000
2025-02-24,sh.603026,34.0000,34.3400,33.6200,34.1000,33.9900,4441600,151051760.2200
2025-02-25,sh.603026,33.7700,34.3700,33.6200,33.8600,34.1000,4038249,137317285.8500
2025-02-26,sh.603026,33.9000,35.3500,33.9000,35.0700,33.8600,8116055,281915295.4300
2025-02-27,sh.603026,35.2200,36.2000,34.8500,36.0300,35.0700,8841678,314654554.7700
2025-02-28,sh.603026,36.4100,37.3600,35.7000,35.7000,36.0300,9521943,347275494.7400
2025-03-03,sh.603026,35.9300,39.2700,35.9300,38.2500,35.7000,14073845,539337205.0400
2025-03-04,sh.603026,37.2200,37.4900,36.6000,36.9000,38.2500,9379767,346469195.2900
2025-03-05,sh.603026,36.5500,37.1000,35.6500,36.2800,36.9000,5825099,210748907.0800
2025-03-06,sh.603026,38.0000,38.9000,37.3300,37.6100,36.2800,10154875,384098132.4800
2025-03-07,sh.603026,37.3800,37.5200,36.4200,36.6500,37.6100,6419140,237037789.9600
2025-03-10,sh.603026,36.3800,37.2000,36.3800,36.8800,36.6500,3871200,142626666.0000
2025-03-11,sh.603026,36.5000,37.4800,36.0000,37.4500,36.8800,5023400,186757205.0000
2025-03-12,sh.603026,37.8100,38.0300,36.9200,36.9900,37.4500,5222800,195711437.0000
2025-03-13,sh.603026,36.9000,37.3500,36.1000,36.3000,36.9900,3702700,135377427.0000
2025-03-14,sh.603026,36.3000,36.9100,35.8800,36.7900,36.3000,3467200,126549506.0000
2025-03-17,sh.603026,37.1300,37.1400,36.6000,36.6800,36.7900,2607000,95840883.0000
2025-03-18,sh.603026,36.8500,37.4000,36.6100,36.6700,36.6800,3359194,124141411.5200
2025-03-19,sh.603026,36.6000,36.8600,36.1500,36.8600,36.6700,2784962,101597803.1600
2025-03-20,sh.603026,36.8600,36.8600,36.2400,36.2500,36.8600,2599075,94716081.7500
2025-03-21,sh.603026,36.2200,36.3200,35.3600,35.5000,36.2500,3134570,111956445.4000
2025-03-24,sh.603026,35.4100,35.5000,34.4500,35.0000,35.5000,2673000,93453681.0000
2025-03-25,sh.603026,35.0000,37.0900,34.7500,36.2800,35.0000,5581850,200937100.0000
2025-03-26,sh.603026,36.0200,37.4300,35.9300,36.4800,36.2800,4416215,161746586.0000
2025-03-27,sh.603026,36.1400,37.2000,36.1400,36.6100,36.4800,3874701,142787767.0800
2025-03-28,sh.603026,36.7000,37.1000,35.8500,36.0000,36.6100,3619900,131732499.0000
2025-03-31,sh.603026,36.1000,36.2900,34.9000,35.4300,36.0000,2871200,102038252.0000
2025-04-01,sh.603026,35.4000,36.7900,35.4000,36.0800,35.4300,2846400,103376981.0000
2025-04-02,sh.603026,35.8000,36.3000,35.7000,35.8800,36.0800,1365700,49171462.9800
2025-04-03,sh.603026,35.5000,36.0900,35.1200,35.8100,35.8800,1979500,70516154.0000
2025-04-07,sh.603026,33.8400,34.4000,32.2300,32.2300,35.8100,4265275,140055472.5900
2025-04-08,sh.603026,32.1100,33.2400,32.1100,33.2100,32.2300,3491900,114328761.0000
2025-04-09,sh.603026,32.7900,33.4500,31.4000,33.1900,33.2100,2871600,93469016.0000
2025-04-10,sh.603026,33.9100,34.0900,33.5000,33.6500,33.1900,2184976,73916293.2400
2025-04-11,sh.603026,33.5000,34.0000,33.4700,33.6100,33.6500,1897476,64134938.3600
2025-04-14,sh.603026,33.8400,34.3600,33.6900,34.2000,33.6100,2183914,74366695.8000
2025-04-15,sh.603026,34.0000,35.1300,34.0000,34.6600,34.2000,2454300,85217088.0000
2025-04-16,sh.603026,34.3200,34.5500,33.5500,33.8000,34.6600,1510300,51342716.0000
2025-04-17,sh.603026,33.5200,34.5300,33.5200,34.2900,33.8000,1571476,53827276.0400
2025-04-18,sh.603026,34.2800,34.6900,33.7100,34.1900,34.2900,1495922,51137630.1800
2025-04-21,sh.603026,34.0000,35.5000,33.7200,35.2700,34.1900,2605000,90620163.0000
2025-04-22,sh.603026,35.1500,35.5300,34.8300,35.3000,35.2700,1776500,62540586.0000
2025-04-23,sh.603026,35.0000,35.7500,35.0000,35.0600,35.3000,1308800,46092213.0000
2025-04-24,sh.603026,35.0800,35.2500,34.5000,34.9100,35.0600,1371430,47838856.1100
2025-04-25,sh.603026,35.0000,35.1700,34.2600,34.4100,34.9100,1597500,55452817.0000
2025-04-28,sh.603026,34.4900,34.5000,33.7100,33.8300,34.4100,1214800,41243063.0000
2025-04-29,sh.603026,33.3700,33.7000,32.7700,33.4100,33.8300,1483200,49476040.0000
2025-04-30,sh.603026,33.4000,35.0000,33.3400,34.2400,33.4100,2490100,85693570.0000
2025-05-06,sh.603026,34.4500,34.6900,34.1800,34.3200,34.2400,1823800,62670567.0000
2025-05-07,sh.603026,34.7900,34.9500,34.4200,34.7300,34.3200,1887100,65598998.0000
2025-05-08,sh.603026,34.4600,35.1800,34.4300,34.8000,34.7300,1381800,48170963.1500
2025-05-09,sh.603026,34.8100,35.0200,34.3000,34.5000,34.8000,964900,33350068.0000
2025-05-12,sh.603026,34.8200,35.3000,34.8200,35.2000,34.5000,1862200,65418015.3000
2025-05-13,sh.603026,35.5000,35.5500,34.8300,35.0200,35.2000,1561900,54751932.0000
2025-05-14,sh.603026,34.8500,35.2900,34.7500,35.0600,35.0200,1290900,45241132.0000
2025-05-15,sh.603026,35.2000,35.2400,34.7500,34.8000,35.0600,1274925,44538160.0000
2025-05-16,sh.603026,34.7100,35.1000,34.6200,34.8800,34.8000,1291425,45028732.0000
2025-05-19,sh.603026,34.7800,35.1100,34.3100,35.0900,34.8800,1360611,47228506.4400
2025-05-20,sh.603026,35.1500,35.2600,34.8800,34.9600,35.0900,937185,32802108.5000
2025-05-21,sh.603026,34.9700,35.4700,34.8200,35.0800,34.9600,1646800,57894859.0800
2025-05-22,sh.603026,35.0000,35.0200,34.2000,34.2000,35.0800,1726700,59546945.0000
2025-05-23,sh.603026,34.3200,34.7400,33.9800,34.1000,34.2000,1338600,46078178.0000
2025-05-26,sh.603026,34.0900,34.2000,33.8200,34.0700,34.1000,918200,31224423.0000
2025-05-27,sh.603026,34.0700,34.4400,33.7000,34.3300,34.0700,1315700,44797838.0000
2025-05-28,sh.603026,34.5300,34.5300,33.7300,33.7900,34.3300,876200,29798450.0000
2025-05-29,sh.603026,33.7800,34.2000,33.6900,33.9400,33.7900,926329,31481213.6100
2025-05-30,sh.603026,33.9200,34.1800,33.4700,33.4800,33.9400,1065900,35899766.0000
2025-06-03,sh.603026,33.4000,33.5400,33.1500,33.4200,33.4800,967102,32309238.7600
2025-06-04,sh.603026,33.4000,34.7800,33.2100,34.0300,33.4200,1563703,53244885.8300
2025-06-05,sh.603026,33.9300,34.0600,33.7500,33.9300,34.0300,861400,29186693.0000
2025-06-06,sh.603026,33.9300,34.5300,33.8200,34.0800,33.9300,1261863,43194112.3100
2025-06-09,sh.603026,34.1700,35.3000,34.1000,35.1600,34.0800,3373615,117778880.0500
2025-06-10,sh.603026,35.5500,35.9000,34.7100,35.0300,35.1600,3482410,123149009.6000
2025-06-11,sh.603026,35.0900,35.9900,35.0900,35.3200,35.0300,1889800,67206185.0000
2025-06-12,sh.603026,35.2000,35.2000,34.6900,34.8300,35.3200,1653772,57679176.0000
2025-06-13,sh.603026,34.9200,35.0500,34.3800,34.5600,34.8300,1581878,54821342.2400
2025-06-16,sh.603026,34.5000,34.6700,34.2200,34.3900,34.5600,1319583,45386642.8600
2025-06-17,sh.603026,34.7400,35.1600,34.4000,35.1200,34.3900,2302134,80191751.7000
2025-06-18,sh.603026,35.1700,35.7700,34.4000,34.9300,35.1200,2029000,70843154.0000
2025-06-19,sh.603026,34.8000,35.5200,34.5500,34.6500,34.9300,2285500,80230450.0000
2025-06-20,sh.603026,34.6800,36.0000,34.6800,35.0500,34.6500,2728072,96548818.6000
2025-06-23,sh.603026,35.0800,35.8800,35.0000,35.8500,35.0500,3201100,114150933.0000
2025-06-24,sh.603026,35.8700,38.4500,35.6100,37.6100,35.8500,7661130,285916509.1000
2025-06-25,sh.603026,37.9900,39.2000,37.6300,38.6500,37.6100,9197868,354954926.6200
2025-06-26,sh.603026,38.3800,39.1400,38.1900,38.7300,38.6500,6292019,242801907.0000
2025-06-27,sh.603026,38.5000,39.1000,37.2800,37.3100,38.7300,6184900,234223199.7000
2025-06-30,sh.603026,37.8700,37.9000,37.0100,37.2900,37.3100,3315234,123673644.3100
2025-07-01,sh.603026,37.2600,37.5400,36.5600,37.5000,37.2900,3890476,144088033.6600
2025-07-02,sh.603026,37.2800,37.2800,36.3000,36.7800,37.5000,3676162,134733481.2200
2025-07-03,sh.603026,36.8000,37.3700,36.1900,37.2000,36.7800,4001800,147266991.0000
2025-07-04,sh.603026,36.9800,37.0700,36.2200,36.2500,37.2000,2973473,108512410.7900
2025-07-07,sh.603026,36.0900,36.3900,35.7100,35.8000,36.2500,2911000,104611145.9900
2025-07-08,sh.603026,35.8200,36.7400,35.7300,36.4000,35.8000,3263700,118450406.0000
2025-07-09,sh.603026,36.4500,36.6200,36.0300,36.0900,36.4000,2142600,77596919.0000
2025-07-10,sh.603026,36.0900,37.5800,35.9200,36.6700,36.0900,4488500,165364728.0000
2025-07-11,sh.603026,36.6700,36.8800,36.3000,36.5500,36.6700,2848466,104314943.0000
2025-07-14,sh.603026,36.5600,37.1500,36.4100,36.4800,36.5500,2428400,89115385.0000
2025-07-15,sh.603026,36.4000,36.8400,35.6000,35.7300,36.4800,2626999,94561515.2800
2025-07-16,sh.603026,35.7000,36.0600,35.5700,35.7400,35.7300,1456800,52093885.0000
2025-07-17,sh.603026,35.8500,36.1800,35.6400,36.1200,35.7400,2200167,79058492.7000
2025-07-18,sh.603026,36.2000,36.8500,36.1800,36.4900,36.1200,2850500,104152726.0000
2025-07-21,sh.603026,36.7000,39.1900,36.4100,38.5000,36.4900,8362900,317819745.2600
2025-07-22,sh.603026,38.4800,39.0000,38.3000,38.4800,38.5000,4473513,172405340.3600
2025-07-23,sh.603026,38.5800,38.7200,37.8100,37.9300,38.4800,3446167,131739903.6200
2025-07-24,sh.603026,37.9000,39.1500,37.8300,38.8000,37.9300,4424973,170678429.0000
2025-07-25,sh.603026,39.0100,40.2300,39.0000,39.1500,38.8000,5251178,207220142.7200
2025-07-28,sh.603026,38.8400,39.9400,38.7400,39.3400,39.1500,4048900,159693521.1600
2025-07-29,sh.603026,39.3400,39.6500,38.7300,39.1400,39.3400,3816968,149133286.0800
2025-07-30,sh.603026,39.1300,39.1300,38.2700,38.5800,39.1400,2647000,102413804.0000
2025-07-31,sh.603026,38.5000,38.7800,37.6100,37.7900,38.5800,2354189,89609513.3000
2025-08-01,sh.603026,37.9300,37.9600,37.3900,37.5100,37.7900,2693504,101397059.8400
2025-08-04,sh.603026,37.5200,38.0000,36.9600,37.9900,37.5100,2430500,91239585.0000
2025-08-05,sh.603026,37.9900,38.5500,37.6900,37.9600,37.9900,1949359,74113588.6900
2025-08-06,sh.603026,37.9600,38.2800,37.6900,38.2100,37.9600,2164311,82367588.7500
2025-08-07,sh.603026,38.2500,38.4000,37.6300,37.7500,38.2100,2254855,85388399.7000
2025-08-08,sh.603026,37.7000,37.8400,37.3300,37.6300,37.7500,1586232,59577067.8400
2025-08-11,sh.603026,37.6300,39.1500,37.6300,38.6700,37.6300,4600675,177218669.0000
2025-08-12,sh.603026,39.1300,39.1500,38.0500,38.3200,38.6700,3190200,122465753.0000
2025-08-13,sh.603026,38.4900,38.7000,38.1200,38.2400,38.3200,2934955,112508506.0000
2025-08-14,sh.603026,38.2700,38.4500,36.9000,36.9100,38.2400,3875202,145401562.6400
2025-08-15,sh.603026,36.9500,37.6700,36.9100,37.3800,36.9100,3780874,141382457.3200
2025-08-18,sh.603026,37.6200,38.0800,37.3700,37.6300,37.3800,4426403,166833267.6100
2025-08-19,sh.603026,37.6300,37.8500,37.2000,37.5600,37.6300,3319945,124610710.7600
2025-08-20,sh.603026,37.3800,37.7900,37.0100,37.7700,37.5600,3152043,117891948.8800
2025-08-21,sh.603026,38.0000,38.2000,36.8800,37.3700,37.7700,5359400,200731851.6400
2025-08-22,sh.603026,37.4000,37.7600,37.2000,37.4900,37.3700,3362159,125919565.8400
2025-08-25,sh.603026,37.6700,38.8800,37.6000,38.1800,37.4900,5729274,218698285.3200
2025-08-26,sh.603026,38.1400,38.6000,37.7000,38.2500,38.1800,3960925,151383526.0000
2025-08-27,sh.603026,38.1900,38.6600,37.2200,37.2600,38.2500,4783032,182074686.0800
2025-08-28,sh.603026,37.2600,37.6400,36.1700,37.1000,37.2600,5085458,188010036.6400
2025-08-29,sh.603026,36.8900,38.5700,36.8500,37.8000,37.1000,6795581,257475776.1900
2025-09-01,sh.603026,38.0000,38.5000,37.7000,38.5000,37.8000,4906053,187416763.8700
2025-09-02,sh.603026,38.6900,39.8000,38.0800,38.2700,38.5000,5828350,226143398.1000
2025-09-03,sh.603026,38.2500,39.0900,37.7300,37.8000,38.2700,3809129,146033747.3500
2025-09-04,sh.603026,37.5900,39.0700,37.5200,38.2000,37.8000,7170311,275991284.6100
2025-09-05,sh.603026,38.4000,41.4000,38.4000,40.9100,38.2000,13875197,559500542.5500
2025-09-08,sh.603026,41.5900,42.3800,40.6000,41.9100,40.9100,13082457,541706085.9300
2025-09-09,sh.603026,41.7100,45.8000,41.5100,43.3900,41.9100,14857707,648869081.3500
2025-09-10,sh.603026,42.6000,43.7600,41.7000,42.6900,43.3900,11444895,487673550.1600
2025-09-11,sh.603026,42.6500,43.6000,42.1100,42.8500,42.6900,8221464,352577306.3300
2025-09-12,sh.603026,43.0000,43.8800,42.0000,43.8800,42.8500,9297565,398140135.7400
2025-09-15,sh.603026,43.9900,45.0000,43.5000,43.5600,43.8800,11142090,493710822.5900
2025-09-16,sh.603026,43.1200,43.4600,41.6100,42.3400,43.5600,8565738,362689192.5000
2025-09-17,sh.603026,42.1100,44.7400,41.7200,43.5300,42.3400,8809406,382301238.3100
2025-09-18,sh.603026,43.4500,44.3700,42.0000,42.5800,43.5300,8770091,379331341.8400
2025-09-19,sh.603026,42.2400,43.2300,41.9200,42.1000,42.5800,5785477,245919635.0900
2025-09-22,sh.603026,42.0200,42.7300,41.3100,41.8000,42.1000,4090781,170907867.0400
2025-09-23,sh.603026,41.8000,41.8600,39.8700,40.6300,41.8000,5436490,221150068.0000
2025-09-24,sh.603026,40.4500,42.8700,40.4500,42.5400,40.6300,6515300,273567673.0000
2025-09-25,sh.603026,42.4000,43.1700,42.1600,42.2500,42.5400,4675497,199159843.0300
2025-09-26,sh.603026,42.0300,43.3400,41.7000,42.8100,42.2500,6313616,270845444.9600
2025-09-29,sh.603026,45.4000,47.0900,45.4000,47.0900,42.8100,7872141,369674032.3000
2025-09-30,sh.603026,48.0000,51.8000,47.9700,51.8000,47.0900,19224067,978754395.6900
2025-10-09,sh.603026,52.1500,54.1500,51.0000,53.1000,51.8000,26567096,1394347269.8500
2025-10-10,sh.603026,52.1000,52.3000,48.7600,49.1300,53.1000,14357939,717022733.0400
2025-10-13,sh.603026,47.0000,54.0400,46.2600,54.0400,49.1300,12198302,631011361.7000
2025-10-14,sh.603026,57.0000,59.4400,56.8000,57.5500,54.0400,28558448,1664255650.9600
2025-10-15,sh.603026,58.7000,62.1000,56.9200,57.4800,57.5500,20120791,1178582038.9300
2025-10-16,sh.603026,57.0800,61.2600,55.0000,57.2800,57.4800,17741280,1035557280.9900
2025-10-17,sh.603026,57.0000,60.1400,57.0000,57.9800,57.2800,15527926,910132670.8100
2025-10-20,sh.603026,59.0000,60.5300,56.7800,58.0700,57.9800,15157290,887396953.2900
2025-10-21,sh.603026,57.4400,58.3800,55.5000,55.6200,58.0700,13495273,761230619.6800
2025-10-22,sh.603026,55.5800,55.6200,52.8000,54.1900,55.6200,11065687,596710760.5500
2025-10-23,sh.603026,53.9000,54.3900,52.6000,53.7900,54.1900,7227917,385676041.9400
2025-10-24,sh.603026,54.5000,54.9900,53.9300,54.7000,53.7900,6504497,354428984.6700
2025-10-27,sh.603026,55.7300,58.5800,54.9300,56.6200,54.7000,11686828,660983800.8000
2025-10-28,sh.603026,55.6200,60.0600,55.6100,58.0700,56.6200,15317918,892243873.8700
2025-10-29,sh.603026,57.2900,59.9500,57.0400,57.8100,58.0700,9285770,538061746.4000
2025-10-30,sh.603026,57.5000,63.5900,57.4800,63.5900,57.8100,12150727,741827559.6900
2025-10-31,sh.603026,63.5900,69.0000,63.0000,64.7000,63.5900,26369165,1740648929.3300
2025-11-03,sh.603026,64.4900,64.7000,60.0000,62.5000,64.7000,16029779,989224632.1300
2025-11-04,sh.603026,62.8600,66.0000,62.0700,62.5800,62.5000,14686048,936618221.8000
2025-11-05,sh.603026,60.8100,64.3600,60.1400,63.2500,62.5800,12278127,769285606.3400
2025-11-06,sh.603026,63.0100,68.5900,62.8500,65.8000,63.2500,16643311,1090222830.3600
2025-11-07,sh.603026,67.6900,72.3800,67.2500,70.0800,65.8000,22806523,1595885566.1100
2025-11-10,sh.603026,70.2900,76.7900,69.7000,70.1500,70.0800,28382884,2053535963.8700
2025-11-11,sh.603026,70.7700,76.8000,68.4800,75.5200,70.1500,25174571,1828513392.3800
2025-11-12,sh.603026,75.0000,83.0700,72.5200,83.0700,75.5200,27647862,2185422595.8100
2025-11-13,sh.603026,87.7700,91.3800,87.2200,91.3800,83.0700,7242678,655215431.0800
2025-11-14,sh.603026,98.6900,100.5200,96.0000,100.5200,91.3800,13784857,1366850923.2200
2025-11-17,sh.603026,102.5800,110.5600,94.2600,106.7900,100.5200,36647225,3749875054.6100
2025-11-18,sh.603026,100.9300,103.0000,96.1100,96.1100,106.7900,13639697,1338013962.7400
2025-11-19,sh.603026,88.0000,93.8900,88.0000,90.3500,96.1100,26479014,2409256898.6100
2025-11-20,sh.603026,89.5200,93.9900,86.9000,87.2600,90.3500,22370680,2010717649.5700
2025-11-21,sh.603026,84.0000,87.2400,80.1000,80.1400,87.2600,23197644,1918943405.1900
2025-11-24,sh.603026,80.1400,82.4000,78.0000,80.6600,80.1400,13980014,1127514759.6800
2025-11-25,sh.603026,81.8000,84.7000,79.3000,82.6700,80.6600,20482836,1684168886.9500
2025-11-26,sh.603026,83.8800,85.0100,80.8400,81.3500,82.6700,16992392,1400266425.0800
2025-11-27,sh.603026,82.0000,89.4900,81.9700,89.4900,81.3500,19987488,1728037227.9900
2025-11-28,sh.603026,92.0600,95.5000,89.1200,92.4500,89.4900,25859759,2408081465.8000
2025-12-01,sh.603026,90.8000,94.9000,88.4100,92.2300,92.4500,21752590,2000149925.4500
2025-12-02,sh.603026,88.9000,89.6100,84.5000,85.7700,92.2300,17419016,1504588241.8300
2025-12-03,sh.603026,85.7700,87.0000,77.4000,78.4500,85.7700,22515316,1820320590.5600
2025-12-04,sh.603026,78.4500,79.4000,76.5000,76.6200,78.4500,12140820,940341620.4800
2025-12-05,sh.603026,76.4600,78.7500,74.6500,77.2500,76.6200,11469382,882632410.8400
2025-12-08,sh.603026,77.1000,79.9900,76.4800,79.2500,77.2500,11603246,910584566.5500
2025-12-09,sh.603026,79.4500,80.5800,77.3300,78.9700,79.2500,13037605,1032612783.9400
2025-12-10,sh.603026,79.0200,81.0700,77.0000,78.9900,78.9700,12849594,1014874006.0700
2025-12-11,sh.603026,80.1400,80.7700,77.0000,77.0500,78.9900,11557268,908282274.5900
2025-12-12,sh.603026,77.0400,78.1300,72.6100,73.5000,77.0500,16196105,1195825798.2400
2025-12-15,sh.603026,73.5600,74.6000,71.7500,72.8300,73.5000,9000730,655449426.4300
2025-12-16,sh.603026,72.8200,73.0800,69.4200,70.2500,72.8300,6820399,481550948.7800
2025-12-17,sh.603026,70.6000,75.1000,70.2700,74.0800,70.2500,13420928,980353994.2700
2025-12-18,sh.603026,72.7600,74.6200,71.2500,71.3100,74.0800,8304112,602980762.0400
2025-12-19,sh.603026,71.3000,72.0000,69.6200,71.1100,71.3100,9325441,660384055.2700
2025-12-22,sh.603026,71.4600,74.9900,71.3600,72.2300,71.1100,8054786,585336499.9300
2025-12-23,sh.603026,72.2400,79.2000,71.5000,77.7400,72.2300,19373304,1473694717.1900
2025-12-24,sh.603026,78.1600,81.6600,78.0000,79.4500,77.7400,20687260,1644697253.2700
2025-12-25,sh.603026,78.8700,79.9000,77.1100,78.6100,79.4500,10845332,850110019.4200
2025-12-26,sh.603026,81.0000,85.1100,77.8300,82.4700,78.6100,19840258,1613709049.8600
2025-12-29,sh.603026,81.0000,81.5000,76.4300,77.3600,82.4700,13700392,1068897055.4800
2025-12-30,sh.603026,75.4800,78.7800,74.5700,76.5000,77.3600,10626757,813530695.9700
2025-12-31,sh.603026,76.4100,77.6800,74.6600,74.8100,76.5000,7216181,545117339.0900
