date,code,open,high,low,close,preclose,volume,amount
2019-01-02,sz.300014,15.8300,16.2200,15.6600,15.9100,15.7200,15978762,255536965.0500
2019-01-03,sz.300014,15.9000,16.4300,15.9000,16.0500,15.9100,18594224,300718086.8500
2019-01-04,sz.300014,15.8200,16.2400,15.4100,15.9200,16.0500,21777229,344093518.3400
2019-01-07,sz.300014,15.9500,16.1700,15.4100,16.1600,15.9200,22952565,362032398.5700
2019-01-08,sz.300014,16.0100,17.7800,15.9100,17.5500,16.1600,45575687,780524877.2100
2019-01-09,sz.300014,17.1000,17.1000,16.2200,16.5200,17.5500,44394439,738441648.9700
2019-01-10,sz.300014,16.5300,16.6700,16.1300,16.3300,16.5200,19174404,313324525.0100
2019-01-11,sz.300014,16.2300,16.3600,16.0300,16.2800,16.3300,12626592,204384480.0900
2019-01-14,sz.300014,16.0600,16.4800,16.0600,16.2400,16.2800,8925365,145423615.5900
2019-01-15,sz.300014,16.1100,16.5700,16.1100,16.4700,16.2400,12898466,211278314.9200
2019-01-16,sz.300014,16.4700,16.4900,16.0400,16.1200,16.4700,11584282,187462112.4500
2019-01-17,sz.300014,16.1200,16.2800,15.4600,15.5400,16.1200,13917698,220229149.4800
2019-01-18,sz.300014,15.7000,16.0600,15.6300,15.9900,15.5400,13693084,217972483.1200
2019-01-21,sz.300014,16.0200,16.2500,15.8700,16.2400,15.9900,12043366,193910965.7400
2019-01-22,sz.300014,16.1000,16.8000,16.0000,16.2500,16.2400,18043640,296930896.9500
2019-01-23,sz.300014,16.3300,16.5900,16.0000,16.4000,16.2500,14717790,240299680.8500
2019-01-24,sz.300014,16.3400,17.2800,16.2200,16.9100,16.4000,29409394,495813588.7200
2019-01-25,sz.300014,16.8800,18.3800,16.8500,17.7700,16.9100,36946479,654112752.1200
2019-01-28,sz.300014,17.7700,18.3500,17.6600,17.6700,17.7700,20149218,360803147.6700
2019-01-29,sz.300014,17.8400,18.0700,17.4100,17.7100,17.6700,19048410,339133936.2500
2019-01-30,sz.300014,17.5900,17.9500,17.4200,17.4200,17.7100,11854515,209231704.7600
2019-01-31,sz.300014,17.6000,17.9800,17.0100,17.2900,17.4200,16492973,289079183.8600
2019-02-01,sz.300014,17.5000,18.4800,17.4900,18.2400,17.2900,21839787,396074306.3200
2019-02-11,sz.300014,18.3200,19.0500,18.2300,18.8900,18.2400,22496584,420359907.0800
2019-02-12,sz.300014,18.8800,19.1600,18.6000,18.8900,18.8900,14752986,278038698.4500
2019-02-13,sz.300014,18.9000,19.0500,18.6000,18.7800,18.8900,18339685,344157678.3200
2019-02-14,sz.300014,18.7000,19.5900,18.5200,19.1400,18.7800,22992984,440458068.1500
2019-02-15,sz.300014,18.9800,18.9800,18.4000,18.4800,19.1400,20123572,374357743.1500
2019-02-18,sz.300014,18.1800,19.0600,18.1600,19.0100,18.4800,18387016,344803428.7900
2019-02-19,sz.300014,19.3300,19.3900,18.4200,18.6600,19.0100,19335293,363994823.9700
2019-02-20,sz.300014,18.8300,19.2800,18.6000,18.7500,18.6600,16127915,304908981.9800
2019-02-21,sz.300014,18.8000,19.3400,18.4600,18.8100,18.7500,22254000,421194222.5700
2019-02-22,sz.300014,18.6700,18.9600,18.6300,18.8500,18.8100,16324547,306490596.9700
2019-02-25,sz.300014,19.2000,20.3400,19.2000,20.1900,18.8500,37300413,737939944.7900
2019-02-26,sz.300014,20.2000,21.6500,20.1000,20.6000,20.1900,36036526,755022408.1600
2019-02-27,sz.300014,20.6000,21.2000,19.4600,19.8300,20.6000,25328532,511743561.0800
2019-02-28,sz.300014,20.0700,20.7000,19.8000,20.3800,19.8300,19962123,405472603.9600
2019-03-01,sz.300014,20.3300,22.2000,20.0200,22.2000,20.3800,38814885,819763927.2800
2019-03-04,sz.300014,22.2800,22.6900,21.6100,22.0400,22.2000,34286622,758297606.1800
2019-03-05,sz.300014,21.9000,22.7500,21.8000,22.3700,22.0400,23822281,529835283.4600
2019-03-06,sz.300014,22.2000,22.6300,21.9000,22.3800,22.3700,23781726,528891923.2300
2019-03-07,sz.300014,22.7100,24.6000,22.7100,23.2800,22.3800,37416152,881742741.6500
2019-03-08,sz.300014,22.6100,23.9800,22.0200,22.8000,23.2800,30481479,712949408.8700
2019-03-11,sz.300014,23.0100,25.0000,23.0000,25.0000,22.8000,37961335,915844194.2700
2019-03-12,sz.300014,25.4800,25.6000,24.6500,25.4500,25.0000,36943246,923766250.9000
2019-03-13,sz.300014,25.0000,27.2000,24.8600,26.0500,25.4500,36765335,966019751.0400
2019-03-14,sz.300014,25.9200,27.5600,24.0100,24.6800,26.0500,42521245,1099654435.1200
2019-03-15,sz.300014,24.9100,25.1400,24.0100,24.4700,24.6800,25329002,622226706.9900
2019-03-18,sz.300014,23.6000,24.6200,22.8000,24.5700,24.4700,33181960,788975713.8500
2019-03-19,sz.300014,24.3300,24.4400,23.8800,24.0000,24.5700,17815978,429142327.4600
2019-03-20,sz.300014,23.9200,24.2400,23.0600,23.6300,24.0000,21366984,502995036.6800
2019-03-21,sz.300014,23.8000,24.7000,23.5200,24.2000,23.6300,26565968,641782475.0500
2019-03-22,sz.300014,24.3400,24.4300,23.6100,24.3000,24.2000,16887367,406142974.3700
2019-03-25,sz.300014,23.8000,24.2900,23.3500,23.6000,24.3000,21584445,511135358.8900
2019-03-26,sz.300014,23.5900,23.7500,21.9700,22.5800,23.6000,36214183,822686806.8600
2019-03-27,sz.300014,22.6600,23.2700,22.4000,22.8300,22.5800,17824616,406562097.5400
2019-03-28,sz.300014,22.8300,22.9400,22.0100,22.4600,22.8300,16133790,363758668.7800
2019-03-29,sz.300014,22.6300,24.5000,22.6300,24.3800,22.4600,32056124,768508919.2800
2019-04-01,sz.300014,25.2000,26.8200,25.2000,26.8200,24.3800,42368204,1111919193.0300
2019-04-02,sz.300014,28.0000,29.1600,27.4200,28.5600,26.8200,46740985,1330380694.1800
2019-04-03,sz.300014,28.1200,29.0800,27.8100,28.3400,28.5600,25625875,725244422.1000
2019-04-04,sz.300014,28.2000,29.0400,27.9000,28.1100,28.3400,23567302,668612253.2900
2019-04-08,sz.300014,28.6000,28.8000,25.8300,26.3000,28.1100,40358020,1081830774.6200
2019-04-09,sz.300014,26.4800,27.2300,26.1000,26.4900,26.3000,21530918,575657514.2500
2019-04-10,sz.300014,27.7600,29.1400,27.1500,29.1400,26.4900,46854965,1333208406.3700
2019-04-11,sz.300014,29.9700,30.2000,28.2100,28.4900,29.1400,28402570,823013403.4700
2019-04-12,sz.300014,28.2400,28.4500,27.4800,27.7200,28.4900,18976728,530924471.6300
2019-04-15,sz.300014,28.2500,28.3900,26.5600,26.5900,27.7200,24044429,659318167.0500
2019-04-16,sz.300014,26.8800,27.6600,26.5900,27.4200,26.5900,20789905,567193776.7000
2019-04-17,sz.300014,27.9000,29.7200,27.8000,29.5000,27.4200,34797441,1010321606.8600
2019-04-18,sz.300014,29.0200,29.2500,28.4500,28.5800,29.5000,16545384,475308908.9700
2019-04-19,sz.300014,28.6300,28.9900,27.8200,28.6100,28.5800,14357369,408423816.8300
2019-04-22,sz.300014,28.5700,29.0500,27.9400,28.0600,28.6100,13145918,373178524.8700
2019-04-23,sz.300014,28.1100,28.3500,27.3100,27.8000,28.0600,10837661,301903856.2500
2019-04-24,sz.300014,27.9000,28.1000,26.6500,28.0000,27.8000,15554461,425958101.0800
2019-04-25,sz.300014,27.7800,28.0000,26.8200,27.0000,28.0000,12196585,333962221.3500
2019-04-26,sz.300014,27.0700,27.4100,26.5900,27.1900,27.0000,9892897,268475251.6200
2019-04-29,sz.300014,27.4800,28.2300,25.5000,26.4500,27.1900,18433971,498574027.7600
2019-04-30,sz.300014,26.6400,26.8400,25.5000,25.7300,26.4500,15241570,395935363.9000
2019-05-06,sz.300014,24.9400,25.2500,23.7500,24.0400,25.7300,23467896,576059848.7700
2019-05-07,sz.300014,24.4500,26.3600,24.4500,25.8600,24.0400,22805156,582410045.1800
2019-05-08,sz.300014,25.1000,25.6700,24.6000,24.7300,25.8600,17293179,434790831.7600
2019-05-09,sz.300014,24.5400,24.9900,23.9300,24.0800,24.7300,14104911,342568864.8600
2019-05-10,sz.300014,24.7000,26.4900,24.6800,26.4900,24.0800,28858769,740431706.4700
2019-05-13,sz.300014,26.0100,26.5000,25.8200,26.2000,26.4900,15422850,402348766.8300
2019-05-14,sz.300014,25.8100,26.4600,25.8100,25.9300,26.2000,14406136,376240639.8800
2019-05-15,sz.300014,26.5000,27.8000,26.4800,27.4300,25.9300,22640877,617385943.1500
2019-05-16,sz.300014,28.1900,28.3600,26.9300,27.4800,27.4300,17107861,472791471.2500
2019-05-17,sz.300014,27.6000,27.6000,26.0000,26.1500,27.4800,17957425,476632521.9700
2019-05-20,sz.300014,26.1500,26.4900,24.7000,25.4000,26.1500,20113134,510522430.9900
2019-05-21,sz.300014,25.5200,26.0300,24.7100,25.6600,25.4000,18911459,478649890.5800
2019-05-22,sz.300014,25.3700,25.5000,24.8000,25.0100,25.6600,11828273,297343960.6800
2019-05-23,sz.300014,24.7500,24.9800,23.1900,23.6500,25.0100,23347365,557270532.7100
2019-05-24,sz.300014,23.7300,24.0000,22.5800,23.2500,23.6500,23578135,542411682.8300
2019-05-27,sz.300014,23.2200,25.4600,22.8500,25.2600,23.2500,32118340,780946658.6100
2019-05-28,sz.300014,25.0000,25.1900,24.5500,24.6900,25.2600,17107526,425002857.8200
2019-05-29,sz.300014,24.6800,25.1800,24.5800,24.8600,24.6900,11816425,294526295.0700
2019-05-30,sz.300014,24.7200,25.1000,24.0500,25.0500,24.8600,13603298,335342122.3900
2019-05-31,sz.300014,25.0800,25.1300,24.6100,24.7900,25.0500,9736218,242153076.4200
2019-06-03,sz.300014,24.7500,25.2000,24.0000,24.2300,24.7900,13341045,326840756.1700
2019-06-04,sz.300014,24.2000,24.7100,24.1100,24.3800,24.2300,8327241,203198513.3000
2019-06-05,sz.300014,24.8800,24.9800,24.0700,24.2700,24.3800,9304291,227098530.9900
2019-06-06,sz.300014,24.0100,24.2000,22.8000,23.1800,24.2700,14081713,330549563.7600
2019-06-10,sz.300014,23.5600,24.2400,23.4500,23.9900,23.1800,15373108,367359111.3600
2019-06-11,sz.300014,23.9500,25.1000,23.8200,24.8600,23.9900,17367608,428344031.9300
2019-06-12,sz.300014,25.0300,25.7500,24.8000,25.0500,24.8600,16047873,406748097.7900
2019-06-13,sz.300014,25.1000,26.1000,24.8200,25.8000,25.0500,16147171,411107477.7900
2019-06-14,sz.300014,25.8200,25.9700,24.0700,24.2300,25.8000,18375274,455479466.3100
2019-06-17,sz.300014,24.0000,24.8500,23.9300,24.7200,24.2300,12593681,310093783.1800
2019-06-18,sz.300014,24.7600,24.8500,24.4100,24.5900,24.7200,5291035,130469031.2900
2019-06-19,sz.300014,25.6200,26.2600,25.2000,25.2000,24.5900,16774082,430685333.2300
2019-06-20,sz.300014,25.3500,26.4600,25.2100,26.1700,25.2000,20466776,532405110.4500
2019-06-21,sz.300014,26.8600,27.2500,26.1200,26.6000,26.1700,22730133,607159573.6800
2019-06-24,sz.300014,26.6100,26.7400,25.7700,26.0700,26.6000,13905483,364089758.8600
2019-06-25,sz.300014,26.1100,27.1800,25.8800,27.0700,26.0700,23052036,612564634.4900
2019-06-26,sz.300014,27.0700,29.6500,26.6000,29.2500,27.0700,39040864,1114025460.6000
2019-06-27,sz.300014,29.5200,31.2500,29.3000,30.4600,29.2500,35503952,1072418147.0200
2019-06-28,sz.300014,30.4300,30.9200,29.6500,30.4600,30.4600,19489714,590068010.4800
2019-07-01,sz.300014,31.2000,32.8700,31.2000,32.1900,30.4600,29964929,959290967.7500
2019-07-02,sz.300014,31.8200,33.1800,31.6800,32.2900,32.1900,23303072,752164534.7300
2019-07-03,sz.300014,32.1500,32.5400,31.5900,31.8500,32.2900,15497729,494199021.4700
2019-07-04,sz.300014,32.1200,32.2000,31.0300,31.3000,31.8500,23246540,732400932.3100
2019-07-05,sz.300014,31.6600,32.5800,31.4100,31.7400,31.3000,21600954,688433426.2300
2019-07-08,sz.300014,32.2200,32.5000,30.7600,31.0500,31.7400,21385286,672158574.4500
2019-07-09,sz.300014,31.2700,32.3000,30.7600,31.7200,31.0500,18530610,585336432.3900
2019-07-10,sz.300014,31.8100,32.0000,30.6100,30.9000,31.7200,15525299,482548983.0300
2019-07-11,sz.300014,31.4000,31.8800,30.7600,30.9500,30.9000,11562292,360759420.4500
2019-07-12,sz.300014,31.2600,32.4200,30.8000,31.8500,30.9500,18909907,599172567.5300
2019-07-15,sz.300014,31.5100,31.8800,30.6000,31.7200,31.8500,17176726,538000389.3000
2019-07-16,sz.300014,31.4600,31.5500,30.6500,31.0000,31.7200,15960965,494629609.6500
2019-07-17,sz.300014,31.1300,31.4800,30.8000,31.1100,31.0000,10604725,330366558.6000
2019-07-18,sz.300014,30.9800,31.2600,30.5500,30.7500,31.1100,7330902,226390370.0500
2019-07-19,sz.300014,30.8500,31.8200,30.7300,30.8400,30.7500,14963315,467308285.1600
2019-07-22,sz.300014,30.8000,30.8000,29.5000,29.9600,30.8400,16291982,491014904.7200
2019-07-23,sz.300014,30.1200,31.5800,30.0700,31.1300,29.9600,22264020,690572489.1400
2019-07-24,sz.300014,31.4000,31.7700,30.8600,31.1600,31.1300,17588087,550534987.8500
2019-07-25,sz.300014,31.2000,31.2700,29.7800,30.8900,31.1600,25142852,766164557.1100
2019-07-26,sz.300014,30.7700,30.8900,30.2300,30.6000,30.8900,11377562,347930071.4600
2019-07-29,sz.300014,30.7500,30.8500,29.8200,30.3500,30.6000,11528165,348975973.7200
2019-07-30,sz.300014,30.5600,32.8000,30.5600,32.6600,30.3500,31745236,1014214424.1900
2019-07-31,sz.300014,32.5800,32.7800,31.3000,31.5500,32.6600,21327120,679240371.2900
2019-08-01,sz.300014,31.3000,31.6600,30.8100,31.1200,31.5500,14709102,458531363.5500
2019-08-02,sz.300014,30.0200,30.4800,29.1800,29.9600,31.1200,23404395,697898089.2700
2019-08-05,sz.300014,29.7200,30.5100,29.2800,29.3000,29.9600,12884415,384848598.5300
2019-08-06,sz.300014,28.8900,30.1100,28.0500,29.6900,29.3000,20684067,599988756.8100
2019-08-07,sz.300014,30.0400,30.0700,29.0900,29.1500,29.6900,9914816,292671719.1900
2019-08-08,sz.300014,29.5000,29.6400,29.0600,29.5200,29.1500,9022754,264875834.7600
2019-08-09,sz.300014,29.7100,30.6000,29.2200,29.5700,29.5200,12608168,377279689.6100
2019-08-12,sz.300014,29.6500,30.1000,29.2500,30.0700,29.5700,8946762,265799049.8500
2019-08-13,sz.300014,29.7500,31.1400,29.6300,30.4200,30.0700,13182453,401971821.4700
2019-08-14,sz.300014,31.1200,32.1500,30.9200,31.6200,30.4200,20357391,641119836.1800
2019-08-15,sz.300014,30.8800,31.7700,30.7800,31.7000,31.6200,14108837,441470701.2600
2019-08-16,sz.300014,32.2000,34.6300,32.2000,33.9300,31.7000,40027277,1340422673.2200
2019-08-19,sz.300014,34.0000,34.5500,33.6000,34.1800,33.9300,30660276,1046354700.4400
2019-08-20,sz.300014,33.4000,33.4000,31.9800,32.2800,34.1800,39667089,1298074604.8400
2019-08-21,sz.300014,32.5000,33.4200,32.2000,32.9100,32.2800,19856517,652347050.4800
2019-08-22,sz.300014,33.4900,34.4100,33.4900,33.6500,32.9100,18811222,637671659.2100
2019-08-23,sz.300014,33.8900,35.8400,33.3600,35.0000,33.6500,28484592,986229413.2900
2019-08-26,sz.300014,33.9900,36.1000,33.5200,35.5000,35.0000,22018386,771466743.4100
2019-08-27,sz.300014,35.5000,35.8600,34.8800,35.3600,35.5000,17518499,620379392.2500
2019-08-28,sz.300014,35.1500,35.1700,34.1000,34.7000,35.3600,14455721,501130616.4200
2019-08-29,sz.300014,35.0000,35.8700,34.6000,35.4500,34.7000,11397110,402839503.4900
2019-08-30,sz.300014,35.4500,36.6300,35.0000,35.9900,35.4500,16570485,596274096.7300
2019-09-02,sz.300014,38.0000,39.5900,37.9900,39.5900,35.9900,16144465,630871655.4500
2019-09-03,sz.300014,41.0000,42.4000,40.6000,41.6900,39.5900,35974641,1485384208.1500
2019-09-04,sz.300014,41.9100,42.3500,40.9000,42.1100,41.6900,22200377,924481541.8500
2019-09-05,sz.300014,41.9000,42.2000,40.6500,40.7500,42.1100,29026549,1196955286.5300
2019-09-06,sz.300014,40.7600,41.5000,40.2500,40.8000,40.7500,16655516,680249690.1100
2019-09-09,sz.300014,41.5000,44.6000,41.4600,43.8500,40.8000,30230193,1308436275.2600
2019-09-10,sz.300014,43.8800,43.8800,42.7500,43.0000,43.8500,16602623,717081689.6300
2019-09-11,sz.300014,43.5000,45.1000,43.1000,43.5500,43.0000,19574082,863335132.2400
2019-09-12,sz.300014,44.4100,44.4200,39.2000,39.2000,43.5500,29440936,1176648637.9400
2019-09-16,sz.300014,39.0000,39.2000,36.6900,38.1100,39.2000,49896705,1884692729.1500
2019-09-17,sz.300014,37.8900,39.4800,37.6100,38.4100,38.1100,26083353,1006866701.4400
2019-09-18,sz.300014,37.9900,37.9900,35.0000,36.3000,38.4100,46511095,1690735168.0700
2019-09-19,sz.300014,36.6000,37.3400,36.1300,36.5500,36.3000,26927054,987879332.6000
2019-09-20,sz.300014,36.8000,36.8000,33.8000,34.8900,36.5500,56842964,1984051379.1000
2019-09-23,sz.300014,34.1400,34.2000,31.4000,31.4000,34.8900,44635081,1435699150.9800
2019-09-24,sz.300014,30.0000,32.6600,30.0000,31.9000,31.4000,64642469,2023162529.1500
2019-09-25,sz.300014,31.4800,31.5600,30.3300,30.8700,31.9000,42544404,1317064569.5500
2019-09-26,sz.300014,31.1800,31.6800,29.7000,31.2300,30.8700,47481082,1471983467.4400
2019-09-27,sz.300014,31.3600,31.7800,30.4000,31.4500,31.2300,33216588,1037104080.4600
2019-09-30,sz.300014,31.2500,31.2500,30.2200,30.3900,31.4500,21721723,665281639.5900
2019-10-08,sz.300014,30.3900,30.4700,29.2000,29.9100,30.3900,20741439,621588210.3800
2019-10-09,sz.300014,31.5000,32.9000,31.3300,32.9000,29.9100,54041437,1732202445.4400
2019-10-10,sz.300014,33.4000,35.2900,33.0000,34.5800,32.9000,60525050,2075774199.7800
2019-10-11,sz.300014,34.2000,34.5200,33.1400,33.3900,34.5800,44173499,1491569121.7500
2019-10-14,sz.300014,33.9800,34.2700,33.0500,33.2800,33.3900,36993729,1246921798.3100
2019-10-15,sz.300014,33.2200,34.0000,32.4500,34.0000,33.2800,34490426,1150946763.9000
2019-10-16,sz.300014,33.8500,36.3800,33.6200,35.0500,34.0000,45977648,1616229359.0100
2019-10-17,sz.300014,35.1100,35.6600,34.4200,34.5400,35.0500,26224448,911251013.6500
2019-10-18,sz.300014,34.5000,34.5700,32.7000,32.9600,34.5400,31870718,1067944914.0600
2019-10-21,sz.300014,32.8400,33.4900,32.4000,33.0800,32.9600,17039266,562084279.7000
2019-10-22,sz.300014,33.1300,33.3000,32.7100,33.2000,33.0800,13680806,451903136.4500
2019-10-23,sz.300014,33.1200,34.1500,33.0300,33.0300,33.2000,21562749,724539649.3700
2019-10-24,sz.300014,33.3100,33.7400,32.6100,33.1600,33.0300,16298644,539662762.0200
2019-10-25,sz.300014,33.3000,34.4800,32.7000,34.4400,33.1600,27142878,913100901.4100
2019-10-28,sz.300014,33.9200,35.5800,33.7100,35.1900,34.4400,37304705,1300671546.9200
2019-10-29,sz.300014,35.0200,37.7500,34.9600,36.0100,35.1900,48449627,1761040745.1400
2019-10-30,sz.300014,36.2500,37.8800,36.1100,37.3700,36.0100,42246253,1566836185.1700
2019-10-31,sz.300014,38.9900,39.1700,36.5000,36.9100,37.3700,46650816,1771954719.0000
2019-11-01,sz.300014,37.2900,38.3000,36.9100,38.3000,36.9100,30295559,1140188517.5700
2019-11-04,sz.300014,37.1000,37.9400,35.8100,36.7100,38.3000,52873783,1946201428.4400
2019-11-05,sz.300014,37.1700,40.3800,37.1700,40.3800,36.7100,62537697,2451651733.5000
2019-11-06,sz.300014,41.2100,41.4500,39.5000,40.1500,40.3800,53384224,2165382960.7600
2019-11-07,sz.300014,40.2000,40.4000,38.6800,39.1500,40.1500,40542849,1602450532.4100
2019-11-08,sz.300014,39.1500,39.8800,38.7300,39.0600,39.1500,27890990,1095070222.7000
2019-11-11,sz.300014,39.3000,40.5000,38.8000,39.1300,39.0600,27690980,1098725339.8400
2019-11-12,sz.300014,39.0000,39.2500,36.8800,38.0800,39.1300,28280860,1072049819.7000
2019-11-13,sz.300014,38.2000,39.9200,37.8100,39.4600,38.0800,25873388,1010251817.6400
2019-11-14,sz.300014,39.8000,40.3500,39.2500,39.4100,39.4600,21293533,847777938.7100
2019-11-15,sz.300014,39.9100,40.1200,38.3600,39.7000,39.4100,22083753,871835188.2500
2019-11-18,sz.300014,39.9700,40.0800,38.4000,39.0000,39.7000,18684623,727609975.5900
2019-11-19,sz.300014,39.2600,40.6500,38.0100,40.3000,39.0000,26283264,1046530431.7900
2019-11-20,sz.300014,40.3000,42.9800,40.3000,42.1200,40.3000,34437322,1441756997.4500
2019-11-21,sz.300014,41.6400,43.1400,41.6200,42.0000,42.1200,22780803,964415917.5700
2019-11-22,sz.300014,42.5000,43.5000,40.8500,41.4800,42.0000,31244565,1315379317.0100
2019-11-25,sz.300014,41.8200,41.9500,39.4500,41.8300,41.4800,23074310,939597214.4500
2019-11-26,sz.300014,42.6800,45.8700,41.8800,45.1400,41.8300,42553099,1868377585.3400
2019-11-27,sz.300014,44.7000,47.3700,43.9000,45.3100,45.1400,37395836,1701400094.4600
2019-11-28,sz.300014,45.3200,47.3400,44.5000,45.0900,45.3100,34074878,1565234466.8200
2019-11-29,sz.300014,44.8500,46.2500,44.3800,44.7800,45.0900,23260801,1050859668.3600
2019-12-02,sz.300014,44.7400,45.5800,44.0100,45.2000,44.7800,17440667,783034056.1200
2019-12-03,sz.300014,45.4000,48.3000,44.9000,48.2200,45.2000,33457119,1565256082.6500
2019-12-04,sz.300014,47.5100,48.6600,47.5000,48.5500,48.2200,22834426,1097835047.7200
2019-12-05,sz.300014,48.4500,50.2000,48.0600,48.0700,48.5500,28212513,1381429149.4500
2019-12-06,sz.300014,48.3800,49.8900,47.8000,49.5800,48.0700,21826769,1067526308.6600
2019-12-09,sz.300014,50.0600,50.5000,48.7200,50.0000,49.5800,21870553,1083834965.7500
2019-12-10,sz.300014,49.8300,50.4600,49.2800,49.8700,50.0000,15158026,754486602.1500
2019-12-11,sz.300014,49.8400,50.2900,46.4100,46.9100,49.8700,36375110,1736620748.9400
2019-12-12,sz.300014,47.1800,48.4700,47.0100,47.7500,46.9100,20503299,979978475.4700
2019-12-13,sz.300014,48.2000,52.5300,48.1600,52.5300,47.7500,43236105,2213395439.8400
2019-12-16,sz.300014,53.8000,57.3400,53.0000,56.0300,52.5300,42278999,2308726802.1300
2019-12-17,sz.300014,55.9300,56.5600,54.4300,56.3400,56.0300,29295446,1626409702.4100
2019-12-18,sz.300014,55.5700,55.7900,53.6600,54.1300,56.3400,33511347,1819661307.5500
2019-12-19,sz.300014,53.3500,54.8800,53.3500,54.2900,54.1300,19903934,1078052923.7500
2019-12-20,sz.300014,55.3600,55.8100,52.6800,53.0000,54.2900,24213043,1307037790.2100
2019-12-23,sz.300014,52.6500,54.2700,52.3500,53.0000,53.0000,19352076,1030461376.2800
2019-12-24,sz.300014,52.6600,55.4900,51.5100,54.2500,53.0000,29478288,1578979605.6300
2019-12-25,sz.300014,52.3000,52.4100,50.4300,52.1100,54.2500,40029002,2069045716.9100
2019-12-26,sz.300014,51.9800,53.3700,51.1100,51.8600,52.1100,23997934,1254210728.3900
2019-12-27,sz.300014,52.0400,52.2300,48.4800,48.5500,51.8600,48033174,2390488604.7400
2019-12-30,sz.300014,47.8000,49.7100,47.7800,49.3300,48.5500,24063803,1183767282.3900
2019-12-31,sz.300014,49.7000,51.0500,49.2000,50.1600,49.3300,22752048,1141804757.2500
2020-01-02,sz.300014,50.8000,51.2000,49.3000,50.4500,50.1600,22840092,1147060403.5300
2020-01-03,sz.300014,49.5200,50.0800,47.5100,48.0900,50.4500,40936496,1984433139.9800
2020-01-06,sz.300014,48.5000,52.7200,48.4700,51.9000,48.0900,47402752,2425629385.8000
2020-01-07,sz.300014,51.9100,52.3800,50.3200,51.4400,51.9000,29404177,1504313813.7600
2020-01-08,sz.300014,50.8300,52.2200,50.1700,50.5900,51.4400,22116240,1129844664.9900
2020-01-09,sz.300014,50.8800,52.6100,50.5000,51.9600,50.5900,27974549,1454201425.1100
2020-01-10,sz.300014,52.6000,54.5000,51.8200,53.8500,51.9600,31973415,1702506907.6300
2020-01-13,sz.300014,53.9300,56.3500,53.9300,54.8400,53.8500,23703069,1304935795.7500
2020-01-14,sz.300014,55.4700,56.5700,54.7000,55.4000,54.8400,28147331,1568166965.6300
2020-01-15,sz.300014,54.7000,54.9800,53.3500,54.7800,55.4000,19380456,1049976663.7000
2020-01-16,sz.300014,54.5300,55.6400,54.1800,55.1800,54.7800,15718204,864108297.9100
2020-01-17,sz.300014,55.4800,56.5700,54.0000,54.8800,55.1800,17773749,987241954.5400
2020-01-20,sz.300014,55.6000,60.3700,55.6000,60.2900,54.8800,40746418,2403987558.5400
2020-01-21,sz.300014,60.1000,60.7600,59.0000,59.8000,60.2900,20199347,1211715825.5900
2020-01-22,sz.300014,59.8000,64.1100,58.3100,62.7000,59.8000,32153586,1976697986.3000
2020-01-23,sz.300014,61.5000,63.5000,59.0000,60.3000,62.7000,25712377,1565439074.0600
2020-02-03,sz.300014,54.2700,57.2500,54.2700,54.2700,60.3000,37112490,2038989340.2500
2020-02-04,sz.300014,56.9900,59.6600,55.5000,59.1800,54.2700,31501061,1837723925.6800
2020-02-05,sz.300014,60.8000,63.6800,59.0000,59.3500,59.1800,36103591,2220050480.4200
2020-02-06,sz.300014,57.3200,63.2900,57.0200,62.5400,59.3500,34753155,2092014793.2800
2020-02-07,sz.300014,62.5000,62.5000,60.3500,61.0200,62.5400,20675862,1262615084.9600
2020-02-10,sz.300014,61.5000,66.4500,61.0300,66.3000,61.0200,29003207,1879491830.7300
2020-02-11,sz.300014,66.3000,67.0000,64.5100,66.0800,66.3000,21503551,1416116739.4700
2020-02-12,sz.300014,65.0100,71.0700,64.8800,69.8500,66.0800,27980443,1947270498.7600
2020-02-13,sz.300014,69.5000,73.1000,69.3200,69.9000,69.8500,28047737,1997233311.8200
2020-02-14,sz.300014,69.3000,72.1800,68.8000,70.0300,69.9000,21271035,1501807046.3200
2020-02-17,sz.300014,70.1500,77.0300,70.1500,77.0300,70.0300,28426872,2122828455.6600
2020-02-18,sz.300014,78.5800,82.3000,76.5100,79.0500,77.0300,37273936,2944481469.4300
2020-02-19,sz.300014,82.1800,83.4000,77.0200,78.8400,79.0500,33001648,2627223014.6200
2020-02-20,sz.300014,80.1100,80.9900,77.6100,79.1500,78.8400,25838687,2047322757.3700
2020-02-21,sz.300014,79.8000,80.8800,77.0300,80.6600,79.1500,28349052,2242871406.5500
2020-02-24,sz.300014,79.2400,79.3000,74.7600,77.5100,80.6600,37456972,2895105212.6900
2020-02-25,sz.300014,74.7900,85.2600,74.4000,82.6500,77.5100,45733294,3634330386.1700
2020-02-26,sz.300014,79.1300,80.6400,74.3900,74.3900,82.6500,47744147,3660573455.9300
2020-02-27,sz.300014,74.2000,75.8900,71.5000,72.6500,74.3900,33792187,2477847357.6600
2020-02-28,sz.300014,69.0200,70.8800,66.1100,66.5500,72.6500,38843816,2672550123.0800
2020-03-02,sz.300014,68.9400,70.2300,66.5600,69.3000,66.5500,28798204,1979487229.2800
2020-03-03,sz.300014,72.0100,74.5100,69.1500,69.9600,69.3000,28070052,2016299944.3200
2020-03-04,sz.300014,69.2400,72.2000,68.7500,70.7700,69.9600,26031563,1834939126.8700
2020-03-05,sz.300014,72.0000,72.5000,68.7700,70.5900,70.7700,22728944,1593841411.2000
2020-03-06,sz.300014,69.1400,72.5500,68.8900,71.1200,70.5900,20699826,1475002887.9500
2020-03-09,sz.300014,69.0000,70.5000,67.0100,67.5100,71.1200,21492024,1474542577.0100
2020-03-10,sz.300014,66.7700,72.4000,66.3700,72.0000,67.5100,30903026,2153001543.8000
2020-03-11,sz.300014,72.7400,72.7400,69.9000,70.4800,72.0000,23365582,1662350518.0600
2020-03-12,sz.300014,68.2900,69.4700,66.6700,67.7800,70.4800,22229773,1512639957.2700
2020-03-13,sz.300014,63.0000,68.3200,63.0000,66.6600,67.7800,20007088,1318868632.2300
2020-03-16,sz.300014,66.1000,66.8000,59.9900,59.9900,66.6600,36381089,2281047722.4900
2020-03-17,sz.300014,61.5200,62.0000,57.1100,59.0800,59.9900,24741201,1470320077.2000
2020-03-18,sz.300014,60.0100,62.6500,58.0000,58.1800,59.0800,23647947,1425833214.7300
2020-03-19,sz.300014,59.7700,60.2000,56.5200,58.9500,58.1800,23532152,1372072661.4800
2020-03-20,sz.300014,60.4200,60.6800,57.4000,59.2000,58.9500,19645248,1158621618.8700
2020-03-23,sz.300014,56.6400,57.8000,53.2800,53.2800,59.2000,26522328,1438135497.3600
2020-03-24,sz.300014,54.3000,54.7500,50.4500,52.9000,53.2800,36070813,1896319739.3200
2020-03-25,sz.300014,54.9500,58.1900,54.7500,58.1900,52.9000,42014634,2410250087.6200
2020-03-26,sz.300014,57.5900,57.5900,55.2500,55.2900,58.1900,30904747,1740485824.5700
2020-03-27,sz.300014,56.4500,57.4700,54.8800,55.1200,55.2900,22662841,1271258304.3500
2020-03-30,sz.300014,53.2100,57.6800,52.0000,56.0500,55.1200,30258156,1660323438.0200
2020-03-31,sz.300014,57.4000,58.7400,56.8000,58.1100,56.0500,28695678,1661521505.9900
2020-04-01,sz.300014,59.3000,61.5500,57.4000,58.4000,58.1100,29593637,1763521320.0800
2020-04-02,sz.300014,58.0000,61.8800,57.6100,61.8400,58.4000,26479722,1592170186.5600
2020-04-03,sz.300014,61.8000,63.1000,60.7500,61.3700,61.8400,17609870,1086694633.7600
2020-04-07,sz.300014,63.2200,64.2000,62.1800,63.2600,61.3700,18783876,1188126720.4200
2020-04-08,sz.300014,62.7900,64.3300,62.1800,63.0500,63.2600,14679190,930384145.5700
2020-04-09,sz.300014,63.7500,63.9800,61.4000,62.7400,63.0500,13556374,846713917.0800
2020-04-10,sz.300014,61.1700,61.8000,58.5600,59.0100,62.7400,21375424,1284708675.8100
2020-04-13,sz.300014,57.0000,58.7000,54.9600,56.7900,59.0100,18887060,1069947325.9900
2020-04-14,sz.300014,57.9600,61.1600,57.6100,60.9600,56.7900,24371742,1456457688.2400
2020-04-15,sz.300014,61.5800,61.6300,59.1300,59.1800,60.9600,17097849,1034002218.8100
2020-04-16,sz.300014,59.2400,60.6500,58.2900,60.3800,59.1800,12998177,779604818.1300
2020-04-17,sz.300014,61.6000,64.3000,61.6000,63.1700,60.3800,28156340,1777577172.2500
2020-04-20,sz.300014,65.4900,66.4500,63.4000,66.0300,63.1700,24875931,1624057030.4300
2020-04-21,sz.300014,65.0000,65.5000,61.8500,62.8800,66.0300,23050759,1456349489.2600
2020-04-22,sz.300014,61.8700,64.0000,61.4800,63.9400,62.8800,13652869,859403122.5400
2020-04-23,sz.300014,64.0000,64.3000,61.9200,63.0000,63.9400,16369665,1028354621.3400
2020-04-24,sz.300014,63.0000,64.8700,62.5200,62.8100,63.0000,13817020,880931537.2700
2020-04-27,sz.300014,63.0000,63.9000,61.8000,62.0000,62.8100,9442010,592665505.0400
2020-04-28,sz.300014,62.3000,65.2500,61.5300,64.5500,62.0000,20377819,1302386493.5800
2020-04-29,sz.300014,64.0300,64.9800,63.1000,63.8300,64.5500,11583698,740924707.6300
2020-04-30,sz.300014,64.8300,68.1700,64.8200,67.5000,63.8300,22038351,1478306044.9000
2020-05-06,sz.300014,66.6700,70.3700,66.4500,69.6200,67.5000,23268701,1597977636.8600
2020-05-07,sz.300014,69.2900,69.8800,68.0800,68.1600,69.6200,15768815,1083156301.2700
2020-05-08,sz.300014,68.5900,68.8800,66.5800,67.6800,68.1600,17634380,1192859358.9900
2020-05-11,sz.300014,68.0800,68.4600,66.3800,67.0600,67.6800,12088272,813003127.4900
2020-05-12,sz.300014,66.9000,68.9500,66.4800,68.8000,67.0600,12659354,857589126.2300
2020-05-13,sz.300014,68.2000,69.2000,67.5400,68.1500,68.8000,9970496,679798046.6300
2020-05-14,sz.300014,67.9800,67.9800,65.6600,65.7200,68.1500,13416714,892037636.0600
2020-05-15,sz.300014,66.1200,67.5600,65.6100,66.2400,65.7200,13071986,869654650.4400
2020-05-18,sz.300014,64.9000,64.9000,61.4000,61.8600,66.2400,21840398,1368020964.4100
2020-05-19,sz.300014,62.4100,64.2300,62.2000,62.8500,61.8600,13404337,847281558.3200
2020-05-20,sz.300014,63.8500,68.0000,63.8500,64.7400,62.8500,30221787,1995922104.4900
2020-05-21,sz.300014,65.9800,66.0000,60.7000,60.8000,64.7400,29097830,1806739238.6200
2020-05-22,sz.300014,60.8100,61.8000,60.0000,60.6100,60.8000,13910966,845634779.0600
2020-05-25,sz.300014,60.6000,61.8400,58.9700,61.4800,60.6100,13442539,810537781.1000
2020-05-26,sz.300014,61.9600,63.4900,61.6200,63.0500,61.4800,14441452,907879277.7800
2020-05-27,sz.300014,63.2900,65.8700,62.6500,62.8200,63.0500,20063813,1290395329.5300
2020-05-28,sz.300014,63.2000,64.0000,61.7400,63.8500,62.8200,11659097,735012894.7100
2020-05-29,sz.300014,65.1600,65.7700,63.8600,64.9300,63.8500,16545097,1076276201.2700
2020-06-01,sz.300014,65.9200,68.3000,65.1000,68.0500,64.9300,23013291,1543395306.5700
2020-06-02,sz.300014,69.4500,69.9500,67.9000,68.8900,68.0500,18617790,1285314159.1800
2020-06-03,sz.300014,68.8900,70.9700,67.9000,69.1400,68.8900,19177978,1328482893.2400
2020-06-04,sz.300014,69.3400,72.5700,69.3200,71.7900,69.1400,16654684,1194405247.4700
2020-06-05,sz.300014,71.8200,73.8600,71.0500,73.3900,71.7900,15123481,1098040898.0600
2020-06-08,sz.300014,74.8000,76.0900,73.4600,73.7400,73.3900,15692497,1172260076.0800
2020-06-09,sz.300014,39.0000,39.3000,38.0100,38.8500,38.7000,26551806,1031606874.2500
2020-06-10,sz.300014,38.7000,42.6600,38.6300,41.9500,38.8500,54289459,2256079510.6700
2020-06-11,sz.300014,43.0600,43.5700,41.9800,42.2500,41.9500,54554042,2336093716.1300
2020-06-12,sz.300014,41.4200,43.3400,41.4100,41.8100,42.2500,50630759,2155989263.0200
2020-06-15,sz.300014,43.0000,43.4900,41.5000,42.2900,41.8100,35986167,1531705632.5800
2020-06-16,sz.300014,43.2000,44.2000,42.5700,42.9300,42.2900,32050373,1381914997.8200
2020-06-17,sz.300014,42.8000,42.8000,41.7400,42.3200,42.9300,27150434,1145941585.0000
2020-06-18,sz.300014,42.2500,43.3200,41.7400,42.5100,42.3200,23782205,1009662189.9300
2020-06-19,sz.300014,43.2000,45.1000,43.1600,43.8000,42.5100,47767485,2111835543.5000
2020-06-22,sz.300014,44.1500,45.0600,43.6000,44.4700,43.8000,30231790,1339662880.0400
2020-06-23,sz.300014,44.4800,45.4200,44.3000,44.8000,44.4700,27042967,1209812237.8600
2020-06-24,sz.300014,44.4600,44.9500,44.0200,44.3800,44.8000,20701578,919035060.8100
2020-06-29,sz.300014,45.0100,48.4800,44.4800,47.5500,44.3800,46708182,2201226829.9000
2020-06-30,sz.300014,47.6100,48.0000,47.1100,47.8500,47.5500,28786078,1369197752.2500
2020-07-01,sz.300014,47.8000,49.9200,46.7700,47.3500,47.8500,33556089,1612456389.2900
2020-07-02,sz.300014,47.5000,48.1700,45.8000,46.1600,47.3500,40880165,1914376348.9900
2020-07-03,sz.300014,46.8600,47.8300,46.3700,47.1200,46.1600,33296670,1569949385.9400
2020-07-06,sz.300014,48.0000,49.1600,47.3000,48.7200,47.1200,55959008,2715958279.2900
2020-07-07,sz.300014,50.1800,53.5900,50.1800,53.5900,48.7200,50028687,2639544534.9400
2020-07-08,sz.300014,55.5000,57.0000,52.4000,55.6800,53.5900,65553117,3590725885.2200
2020-07-09,sz.300014,55.0000,60.0000,53.9200,60.0000,55.6800,62878653,3571633465.5100
2020-07-10,sz.300014,59.0000,59.0000,54.8700,56.6700,60.0000,92331911,5236286165.1100
2020-07-13,sz.300014,57.3000,58.9900,55.5000,58.1300,56.6700,63994444,3679732359.7800
2020-07-14,sz.300014,56.7000,56.7400,53.1000,53.9100,58.1300,79846479,4347559422.9100
2020-07-15,sz.300014,54.7000,55.4900,51.0100,53.2200,53.9100,62577430,3343914800.4000
2020-07-16,sz.300014,53.4100,55.2800,51.4800,51.7700,53.2200,57710409,3097486680.4700
2020-07-17,sz.300014,51.8000,52.9900,50.2600,51.9700,51.7700,38684803,1998469401.8400
2020-07-20,sz.300014,53.0600,53.4900,50.7100,52.4800,51.9700,40312878,2100373687.7100
2020-07-21,sz.300014,54.1000,54.5000,52.6900,53.4200,52.4800,38699004,2073585476.0700
2020-07-22,sz.300014,53.9500,56.9900,53.5200,56.5000,53.4200,63124333,3541210411.0900
2020-07-23,sz.300014,55.9000,60.7600,55.6000,59.1400,56.5000,73551433,4257180819.4000
2020-07-24,sz.300014,58.6600,60.9600,55.7100,56.0800,59.1400,62255269,3616812163.4100
2020-07-27,sz.300014,57.0000,57.9000,53.9500,55.0700,56.0800,38209137,2120331170.2600
2020-07-28,sz.300014,56.0500,56.7800,55.2500,56.7500,55.0700,29841044,1673907875.6000
2020-07-29,sz.300014,56.6000,58.4400,55.0600,58.1100,56.7500,32142077,1839830812.8900
2020-07-30,sz.300014,59.0000,59.2800,56.9500,57.8100,58.1100,32583044,1886937973.0000
2020-07-31,sz.300014,57.8100,60.9500,57.7500,60.2000,57.8100,52247510,3119096745.4500
2020-08-03,sz.300014,61.5100,61.8500,59.5900,60.3800,60.2000,34047385,2052884243.3500
2020-08-04,sz.300014,60.3000,61.3000,57.8800,58.3000,60.3800,37518634,2218823332.8200
2020-08-05,sz.300014,58.3300,58.8100,57.4400,58.3600,58.3000,22694296,1315047864.2100
2020-08-06,sz.300014,58.5600,58.7100,55.4900,55.8100,58.3600,36676192,2067580255.2700
2020-08-07,sz.300014,55.9500,56.7800,52.8900,54.3200,55.8100,33823403,1849688100.1500
2020-08-10,sz.300014,54.0000,54.1900,52.3700,53.2500,54.3200,26080263,1385147600.4300
2020-08-11,sz.300014,53.9000,54.7000,52.5100,52.6400,53.2500,23586499,1268242917.1000
2020-08-12,sz.300014,52.8400,53.0900,48.5000,50.9700,52.6400,46878330,2358802681.1000
2020-08-13,sz.300014,52.0000,52.0300,49.9200,50.3900,50.9700,22128441,1120068507.3700
2020-08-14,sz.300014,50.7700,52.2800,50.1000,52.2400,50.3900,28036303,1448588426.1900
2020-08-17,sz.300014,52.5000,53.5300,50.5000,53.4200,52.2400,35814558,1859025824.8000
2020-08-18,sz.300014,53.4200,53.4200,52.1100,52.5600,53.4200,21877517,1153192548.2600
2020-08-19,sz.300014,52.1100,52.2000,49.9900,50.0900,52.5600,24926270,1265231131.5000
2020-08-20,sz.300014,49.0900,50.0800,48.4000,48.5800,50.0900,25008412,1225657627.3700
2020-08-21,sz.300014,49.1500,51.0800,49.1500,49.6200,48.5800,25228019,1262605862.4400
2020-08-24,sz.300014,50.4600,53.6500,49.6600,52.6400,49.6200,42922987,2239400910.6200
2020-08-25,sz.300014,53.0000,56.5800,52.8000,53.8800,52.6400,50643972,2779699547.7000
2020-08-26,sz.300014,54.4000,54.4900,49.8000,50.4300,53.8800,45372936,2330836750.6000
2020-08-27,sz.300014,50.7000,51.2000,48.4200,50.1200,50.4300,31800242,1574855018.2400
2020-08-28,sz.300014,49.8000,50.8000,48.9000,50.4800,50.1200,21505161,1071154660.0400
2020-08-31,sz.300014,50.6500,51.0900,49.0000,49.0100,50.4800,29999698,1492809025.4300
2020-09-01,sz.300014,48.9000,50.2800,48.1000,49.7400,49.0100,28610061,1406946933.4200
2020-09-02,sz.300014,49.7000,51.1900,49.2000,50.3600,49.7400,23094273,1160562145.9100
2020-09-03,sz.300014,50.4000,52.8900,50.0100,51.8400,50.3600,40230688,2085865675.7400
2020-09-04,sz.300014,50.3000,50.6900,49.3000,50.4000,51.8400,24780592,1238072629.7000
2020-09-07,sz.300014,50.2600,50.5200,47.5100,47.9700,50.4000,31176720,1521008452.9700
2020-09-08,sz.300014,47.6300,48.1800,45.6000,46.4700,47.9700,27204795,1266339422.5900
2020-09-09,sz.300014,45.5000,45.6800,43.7000,45.0800,46.4700,28778205,1287210147.8500
2020-09-10,sz.300014,45.7000,47.1400,44.5200,44.7900,45.0800,23654176,1089413231.7900
2020-09-11,sz.300014,44.8200,47.2000,44.8200,46.8200,44.7900,23265237,1071372189.6700
2020-09-14,sz.300014,47.3300,49.0500,47.0000,48.3600,46.8200,27155146,1309857782.3900
2020-09-15,sz.300014,48.9000,49.4400,48.2000,48.8000,48.3600,20550956,1005782041.6200
2020-09-16,sz.300014,49.1000,49.3600,48.2000,48.6900,48.8000,14385075,702986031.1800
2020-09-17,sz.300014,48.6900,50.4400,47.6800,49.4900,48.6900,25685030,1259576144.3600
2020-09-18,sz.300014,48.9500,49.8900,48.6000,49.4000,49.4900,14561138,717446504.9300
2020-09-21,sz.300014,49.8600,51.2000,49.4100,49.4100,49.4000,18059550,906010194.0600
2020-09-22,sz.300014,49.2000,49.2000,48.0000,48.1200,49.4100,11990804,583057261.7500
2020-09-23,sz.300014,48.2000,49.8000,47.3500,49.6000,48.1200,19532100,954509881.8000
2020-09-24,sz.300014,49.4800,49.4800,47.2800,47.3300,49.6000,17157703,827200868.8500
2020-09-25,sz.300014,48.5000,50.4000,48.0100,49.9600,47.3300,34569925,1717637169.2400
2020-09-28,sz.300014,50.1500,50.4500,49.0700,49.5800,49.9600,14391997,716928531.8700
2020-09-29,sz.300014,49.7900,50.5800,49.0000,50.1300,49.5800,18921298,947215952.3400
2020-09-30,sz.300014,50.4800,50.8100,49.2600,49.5000,50.1300,16147132,807757995.1500
2020-10-09,sz.300014,50.7100,52.2600,50.4700,50.8600,49.5000,30935188,1589891280.6700
2020-10-12,sz.300014,51.5600,55.0000,51.5600,54.7200,50.8600,48831153,2632391229.1200
2020-10-13,sz.300014,54.0000,55.6000,53.6300,55.1600,54.7200,25944947,1424509939.6400
2020-10-14,sz.300014,55.2000,56.1800,54.2000,54.3000,55.1600,22414888,1230643144.2200
2020-10-15,sz.300014,55.2000,55.5800,53.9000,54.3000,54.3000,18113439,987320397.8500
2020-10-16,sz.300014,55.7000,57.1600,54.1600,54.9200,54.3000,36768606,2046589141.0500
2020-10-19,sz.300014,54.6000,55.4900,53.0000,53.2400,54.9200,21239469,1145273175.4700
2020-10-20,sz.300014,53.7900,56.2500,53.0000,55.9700,53.2400,32293466,1782988906.7300
2020-10-21,sz.300014,55.5000,56.2000,54.0100,55.0700,55.9700,20306068,1117012287.9800
2020-10-22,sz.300014,54.3000,55.2900,53.7600,55.0500,55.0700,13371279,729262849.7000
2020-10-23,sz.300014,55.0000,55.6600,52.8800,53.1600,55.0500,15870502,860519867.5800
2020-10-26,sz.300014,52.0400,55.0000,51.3500,54.3200,53.1600,18331427,989074847.1200
2020-10-27,sz.300014,55.6000,56.6200,54.8900,55.8000,54.3200,26184216,1459414855.3800
2020-10-28,sz.300014,56.0000,57.9600,55.6100,57.2000,55.8000,29032083,1650855144.9700
2020-10-29,sz.300014,54.9800,54.9800,51.5600,53.5500,57.2000,65219760,3451335035.0100
2020-10-30,sz.300014,53.3500,53.3500,51.9000,53.2300,53.5500,32425018,1703525015.7000
2020-11-02,sz.300014,52.6000,54.3800,52.0000,53.9000,53.2300,25609940,1362399023.3800
2020-11-03,sz.300014,54.4900,55.6000,53.0300,53.8000,53.9000,21732909,1176589309.0900
2020-11-04,sz.300014,55.1100,58.6800,54.6100,57.2000,53.8000,55365867,3167408054.3400
2020-11-05,sz.300014,58.0700,62.4500,58.0700,61.3800,57.2000,67067859,4060344179.7400
2020-11-06,sz.300014,62.9900,63.6900,60.3400,61.8000,61.3800,50091154,3108891418.9100
2020-11-09,sz.300014,62.0000,63.9800,60.6000,62.6900,61.8000,45872738,2862940265.3100
2020-11-10,sz.300014,62.2900,65.3600,61.1600,63.0100,62.6900,40052921,2539642910.4000
2020-11-11,sz.300014,63.0000,66.7700,62.4000,63.9000,63.0100,45737986,2973577218.8300
2020-11-12,sz.300014,62.6600,65.3700,62.6600,63.6300,63.9000,25374822,1625513905.9500
2020-11-13,sz.300014,65.0100,67.5200,64.4000,67.4000,63.6300,48819301,3242780754.1000
2020-11-16,sz.300014,66.3000,67.2600,64.0100,66.7000,67.4000,37980292,2502749174.4900
2020-11-17,sz.300014,67.5000,68.3600,62.6000,63.8200,66.7000,38659523,2503097168.2100
2020-11-18,sz.300014,63.8900,64.5000,60.5900,61.3000,63.8200,42892426,2648397834.6100
2020-11-19,sz.300014,61.7200,63.0900,60.5200,63.0000,61.3000,26031588,1608942351.4700
2020-11-20,sz.300014,63.1200,66.3800,63.1200,65.4000,63.0000,31477937,2062032773.8600
2020-11-23,sz.300014,67.0000,69.4400,65.5500,68.0100,65.4000,31611628,2145830438.5500
2020-11-24,sz.300014,69.5000,70.4900,67.1600,67.6700,68.0100,26373038,1809297088.0100
2020-11-25,sz.300014,68.0000,68.5100,66.8000,67.5900,67.6700,17753647,1201979300.2500
2020-11-26,sz.300014,67.1900,67.9500,63.8000,65.7600,67.5900,24109892,1573564338.6300
2020-11-27,sz.300014,65.7700,66.9700,64.4400,65.7900,65.7600,15279855,1003848602.2500
2020-11-30,sz.300014,65.5800,66.0000,63.7000,64.5000,65.7900,21407071,1382359204.3000
2020-12-01,sz.300014,64.5100,66.4500,64.2500,66.1000,64.5000,17726573,1164182811.2400
2020-12-02,sz.300014,66.0000,66.0000,61.4000,62.1800,66.1000,48038167,2999171649.7200
2020-12-03,sz.300014,61.6200,62.8000,60.6200,62.1600,62.1800,24020055,1486449931.8800
2020-12-04,sz.300014,62.0800,62.7400,60.9800,62.2400,62.1600,25264821,1566179445.6800
2020-12-07,sz.300014,62.2600,64.2900,60.9700,61.1600,62.2400,33874860,2106942426.0600
2020-12-08,sz.300014,61.6000,64.9000,61.6000,63.7100,61.1600,38101229,2427375150.3000
2020-12-09,sz.300014,65.0000,67.5000,64.6900,66.4600,63.7100,44159616,2939459185.6400
2020-12-10,sz.300014,67.2000,67.2400,64.2000,66.0200,66.4600,29906281,1973142007.4500
2020-12-11,sz.300014,66.1800,66.8500,63.6800,64.3500,66.0200,25794959,1671312523.0300
2020-12-14,sz.300014,65.0000,67.8500,63.6000,67.6800,64.3500,31106453,2062850169.4700
2020-12-15,sz.300014,68.0000,70.3300,67.5500,70.3000,67.6800,36577654,2530845031.0200
2020-12-16,sz.300014,68.9800,70.6400,68.2100,69.8200,70.3000,20834701,1447526053.9500
2020-12-17,sz.300014,69.0500,70.0100,67.2800,69.2200,69.8200,23326824,1600203585.0100
2020-12-18,sz.300014,69.2500,72.6700,69.0200,72.1800,69.2200,31307427,2240370233.1100
2020-12-21,sz.300014,72.8000,76.7000,71.6000,76.6300,72.1800,38976286,2892940204.7900
2020-12-22,sz.300014,75.0000,78.8000,73.2500,73.9900,76.6300,35742541,2705472008.7700
2020-12-23,sz.300014,74.5000,77.4400,73.7000,74.5300,73.9900,32578646,2465456043.6100
2020-12-24,sz.300014,75.0100,75.6600,71.8000,72.2700,74.5300,22640874,1661530308.2300
2020-12-25,sz.300014,72.8500,78.2300,72.2700,77.9500,72.2700,28881362,2175387723.1500
2020-12-28,sz.300014,78.0100,80.0600,75.7000,79.2000,77.9500,28175135,2210809924.2100
2020-12-29,sz.300014,79.5000,80.0000,74.3000,75.4000,79.2000,31367589,2388075424.0500
2020-12-30,sz.300014,76.6000,81.3800,76.6000,79.2500,75.4000,31261234,2474320976.2400
2020-12-31,sz.300014,79.5000,83.0000,78.7700,81.5000,79.2500,24353015,1967449816.9400
2021-01-04,sz.300014,82.5000,96.9000,82.5000,93.4900,81.5000,44494576,4042674030.0400
2021-01-05,sz.300014,93.0000,96.0000,91.1900,95.2000,93.4900,41387189,3889371526.3300
2021-01-06,sz.300014,99.5000,99.5000,92.3000,94.9000,95.2000,31294696,2965260991.9200
2021-01-07,sz.300014,94.7400,100.8000,92.8800,99.1000,94.9000,34557796,3355147387.8200
2021-01-08,sz.300014,102.0000,102.0000,93.0100,97.3600,99.1000,35405432,3398040235.1200
2021-01-11,sz.300014,96.8900,96.9900,88.0500,89.7500,97.3600,47129552,4302224512.0000
2021-01-12,sz.300014,89.1100,94.4000,89.1000,93.3300,89.7500,26712553,2468284763.6000
2021-01-13,sz.300014,94.0100,96.8000,88.0800,89.9400,93.3300,34163578,3136507995.9200
2021-01-14,sz.300014,88.8000,90.2000,84.2000,89.1000,89.9400,34111801,2983142313.7300
2021-01-15,sz.300014,87.0100,94.4000,86.4600,92.0000,89.1000,28869521,2611772889.3500
2021-01-18,sz.300014,91.2000,95.1900,88.1800,94.1000,92.0000,28483796,2655174717.2600
2021-01-19,sz.300014,95.0000,97.1900,90.5000,91.5000,94.1000,21846059,2054764458.2700
2021-01-20,sz.300014,94.5000,105.5800,94.1000,104.2300,91.5000,42364081,4280624911.2500
2021-01-21,sz.300014,105.0000,106.8800,101.1600,105.6100,104.2300,27866480,2915778146.0800
2021-01-22,sz.300014,108.0000,112.9000,105.7000,110.5500,105.6100,35089508,3842857687.0200
2021-01-25,sz.300014,116.0000,120.0000,104.9000,105.9000,110.5500,55216277,6129218077.6300
2021-01-26,sz.300014,106.0300,111.4800,105.3000,106.6000,105.9000,35557392,3839820845.8700
2021-01-27,sz.300014,107.0000,114.8900,103.3700,113.8300,106.6000,33867701,3699124011.7400
2021-01-28,sz.300014,110.7700,111.9600,105.8000,109.0000,113.8300,31623694,3457273214.0900
2021-01-29,sz.300014,110.2000,112.2700,103.3000,106.5000,109.0000,31037994,3340986450.6000
2021-02-01,sz.300014,106.2100,106.9400,100.0400,102.8300,106.5000,32853572,3398515293.3100
2021-02-02,sz.300014,104.4800,112.5800,102.9000,111.8000,102.8300,35206122,3827557936.5600
2021-02-03,sz.300014,113.0000,114.6200,109.6900,112.1200,111.8000,27915954,3122869434.9900
2021-02-04,sz.300014,110.4000,113.5000,106.3300,108.8800,112.1200,22640542,2490594344.3600
2021-02-05,sz.300014,110.0500,113.8900,104.0000,105.7100,108.8800,27700843,3000675564.1400
2021-02-08,sz.300014,106.0600,107.6900,92.5000,102.0900,105.7100,47150612,4694467905.9800
2021-02-09,sz.300014,101.4300,107.4800,101.0000,105.5000,102.0900,28017362,2949942454.0100
2021-02-10,sz.300014,107.5800,112.2000,105.2500,111.0000,105.5000,25362948,2763385883.8300
2021-02-18,sz.300014,113.3200,114.3000,99.6600,103.6000,111.0000,53185934,5533186334.9700
2021-02-19,sz.300014,100.6000,102.1000,94.0900,97.5000,103.6000,41395122,4022512731.4700
2021-02-22,sz.300014,99.0000,100.4800,93.4000,93.7700,97.5000,36050200,3496457864.7600
2021-02-23,sz.300014,92.0000,96.2600,90.6800,93.5000,93.7700,22546315,2115688447.0100
2021-02-24,sz.300014,92.0200,93.4600,87.1800,88.5000,93.5000,37440338,3364129892.6100
2021-02-25,sz.300014,90.5100,92.1700,87.5600,88.7100,88.5000,24201305,2169517106.5000
2021-02-26,sz.300014,85.0000,88.1400,83.6300,85.5000,88.7100,25950939,2236491955.9600
2021-03-01,sz.300014,88.7700,90.6400,86.7600,90.5700,85.5000,27830558,2488338527.6200
2021-03-02,sz.300014,91.8000,93.0000,89.2000,91.3000,90.5700,27235717,2481628724.9500
2021-03-03,sz.300014,89.6900,91.7700,87.6000,91.3600,91.3000,20772459,1858503429.9000
2021-03-04,sz.300014,89.0000,89.0000,79.2000,80.5800,91.3600,52726415,4327036391.5600
2021-03-05,sz.300014,79.0600,83.8000,77.8000,82.4600,80.5800,35246007,2882994846.2100
2021-03-08,sz.300014,83.8500,84.0000,73.6800,74.0000,82.4600,42936310,3342034244.7400
2021-03-09,sz.300014,74.0100,77.4900,70.2500,74.2000,74.0000,36863584,2727838293.0900
2021-03-10,sz.300014,77.9100,81.8000,77.9100,78.5300,74.2000,38033754,3024819305.8100
2021-03-11,sz.300014,79.2100,82.1600,77.2000,80.9700,78.5300,28467255,2297463412.8900
2021-03-12,sz.300014,82.5500,87.5000,81.0800,81.7800,80.9700,46646313,3895510354.5600
2021-03-15,sz.300014,82.4000,83.0000,77.4000,78.9900,81.7800,30699950,2442557405.1900
2021-03-16,sz.300014,80.1100,81.8000,77.9000,81.8000,78.9900,27766999,2225474894.9400
2021-03-17,sz.300014,80.6600,86.4500,79.4100,84.8000,81.8000,27541252,2322353118.2600
2021-03-18,sz.300014,84.9000,89.5000,84.9000,84.9000,84.8000,24619342,2138156513.2900
2021-03-19,sz.300014,82.5500,84.8000,81.1000,82.4000,84.9000,19595481,1619066321.9900
2021-03-22,sz.300014,83.9000,86.2600,81.6000,82.7500,82.4000,23256166,1941057170.4900
2021-03-23,sz.300014,70.0000,72.6400,66.2500,69.6300,82.7500,101261460,6989107707.2000
2021-03-24,sz.300014,67.7000,70.2700,67.5100,69.7600,69.6300,40065579,2756487082.4700
2021-03-25,sz.300014,68.2000,70.2000,67.0000,69.1500,69.7600,24622174,1698395989.5800
2021-03-26,sz.300014,70.4900,75.6700,70.1600,75.1300,69.1500,46473093,3409768430.4800
2021-03-29,sz.300014,75.5100,75.9900,72.8500,73.4700,75.1300,28245573,2099931532.3200
2021-03-30,sz.300014,74.2000,76.2900,73.4300,74.7000,73.4700,22220243,1664864952.1900
2021-03-31,sz.300014,75.0000,76.7000,74.0800,75.1500,74.7000,19368704,1456091890.2700
2021-04-01,sz.300014,75.9800,80.0000,75.9800,78.1000,75.1500,25310263,1990084160.7700
2021-04-02,sz.300014,79.8900,79.8900,77.2100,78.5900,78.1000,16426440,1289925113.1800
2021-04-06,sz.300014,79.7000,80.0000,77.9400,78.7400,78.5900,11886015,937444833.2100
2021-04-07,sz.300014,78.9200,79.3800,73.0000,73.8100,78.7400,41246776,3071578663.3700
2021-04-08,sz.300014,73.9900,74.6700,72.9500,73.2900,73.8100,22994396,1692117640.3400
2021-04-09,sz.300014,73.4200,73.6800,70.7000,71.2900,73.2900,26694907,1912286027.6900
2021-04-12,sz.300014,72.1000,72.4900,68.3900,68.9000,71.2900,24316081,1696019275.7500
2021-04-13,sz.300014,69.0100,71.2400,68.3900,69.6000,68.9000,18716392,1308883926.8500
2021-04-14,sz.300014,70.3500,74.4800,69.9000,74.1000,69.6000,30543744,2216297655.8400
2021-04-15,sz.300014,72.8600,74.4800,72.4000,74.1100,74.1000,17262077,1267793166.4300
2021-04-16,sz.300014,74.8000,75.0000,70.0000,71.6500,74.1100,22472654,1608457163.3900
2021-04-19,sz.300014,71.0400,80.4500,71.0400,80.2100,71.6500,40118080,3091776645.5100
2021-04-20,sz.300014,78.8800,82.2500,78.3900,80.1000,80.2100,34156437,2745482512.8500
2021-04-21,sz.300014,79.5000,82.0200,78.7800,81.6900,80.1000,25239088,2038861532.9300
2021-04-22,sz.300014,82.9000,85.3800,80.7100,84.2400,81.6900,31711077,2661347122.5400
2021-04-23,sz.300014,83.3000,86.3800,83.0000,85.6000,84.2400,28521302,2430474566.5100
2021-04-26,sz.300014,85.6000,88.7700,84.2000,84.5700,85.6000,31685750,2745619498.9000
2021-04-27,sz.300014,84.3000,84.6400,80.0000,82.3400,84.5700,31126998,2543287503.1000
2021-04-28,sz.300014,82.6700,87.5000,82.0000,85.8500,82.3400,26691468,2281587128.4800
2021-04-29,sz.300014,86.1800,86.6600,82.9100,85.4700,85.8500,18848112,1601689337.2000
2021-04-30,sz.300014,84.3000,90.7300,84.0500,88.6700,85.4700,30636763,2697364150.7000
2021-05-06,sz.300014,88.6700,90.4700,86.4100,88.6500,88.6700,26635837,2358743884.7200
2021-05-07,sz.300014,88.0600,90.5800,85.1200,85.1700,88.6500,20765144,1825500261.0700
2021-05-10,sz.300014,85.0100,89.7600,85.0100,89.3000,85.1700,25377506,2241748843.7000
2021-05-11,sz.300014,87.5100,88.7800,83.7000,86.4800,89.3000,22473607,1928066243.9600
2021-05-12,sz.300014,86.0200,88.2500,85.4000,86.3500,86.4800,15286557,1323155704.7400
2021-05-13,sz.300014,84.8000,88.6800,83.8100,88.0000,86.3500,24300747,2106693534.6400
2021-05-14,sz.300014,88.7200,100.6000,88.7200,96.5800,88.0000,46954811,4451111798.0200
2021-05-17,sz.300014,94.1400,103.7600,94.0700,101.9000,96.5800,46880153,4671711819.8400
2021-05-18,sz.300014,103.0000,105.9700,100.2600,101.2000,101.9000,29213673,3010869838.8900
2021-05-19,sz.300014,98.1800,105.4000,97.6600,103.0000,101.2000,30062495,3086926939.5500
2021-05-20,sz.300014,103.0000,105.3000,100.9800,104.2800,103.0000,21749578,2251272725.0900
2021-05-21,sz.300014,104.3000,104.8800,99.6000,100.7200,104.2800,29677122,3012074492.8100
2021-05-24,sz.300014,102.9900,104.0000,100.4000,102.2000,100.7200,21539200,2196400967.2100
2021-05-25,sz.300014,102.2000,107.3900,100.9500,107.2900,102.1800,28795300,3038754145.8200
2021-05-26,sz.300014,107.1300,107.2000,102.6800,102.8400,107.2900,22768865,2376902071.0300
2021-05-27,sz.300014,100.0100,100.7800,97.5000,100.1000,102.8400,45726062,4528635567.1800
2021-05-28,sz.300014,101.0000,108.8400,100.3000,103.9500,100.1000,40075255,4235684071.1700
2021-05-31,sz.300014,106.0000,112.0400,104.1500,111.0500,103.9500,32251894,3533024881.6000
2021-06-01,sz.300014,109.9800,109.9800,106.1300,107.2000,111.0500,26388665,2843221635.9700
2021-06-02,sz.300014,108.6000,109.4900,105.1300,107.1100,107.2000,19055217,2037553267.6700
2021-06-03,sz.300014,105.6100,108.1800,103.6600,105.1400,107.1100,17332292,1836714710.9500
2021-06-04,sz.300014,103.3900,111.6300,101.5000,103.9600,105.1400,48424284,5151177764.0300
2021-06-07,sz.300014,105.0700,105.6000,97.5800,99.1300,103.9600,39461023,3943680718.8000
2021-06-08,sz.300014,100.3200,102.6500,97.4300,97.7300,99.1300,24675840,2455679392.4200
2021-06-09,sz.300014,98.4000,100.7500,97.0000,99.0100,97.7300,20293545,2016101933.9300
2021-06-10,sz.300014,99.5000,104.5000,99.0300,102.9900,99.0100,30047780,3087611186.9300
2021-06-11,sz.300014,106.1600,110.8800,104.1000,108.7600,102.9900,44034241,4773220551.1800
2021-06-15,sz.300014,108.0000,110.4100,105.5300,108.4900,108.7600,23066241,2496966985.0100
2021-06-16,sz.300014,108.2300,108.3000,97.1300,98.1300,108.4900,38800373,3932195555.3500
2021-06-17,sz.300014,99.2100,102.4400,98.5000,101.2000,98.1300,26995646,2723503032.2000
2021-06-18,sz.300014,103.7700,106.3800,102.4700,105.4500,101.2000,26839860,2814255342.7000
2021-06-21,sz.300014,106.4400,106.4400,100.0800,103.8500,105.4500,38242441,3936242644.2700
2021-06-22,sz.300014,103.8700,103.8800,100.5600,101.5000,103.8500,24174521,2456623566.2900
2021-06-23,sz.300014,101.1000,107.3800,100.7800,104.8500,101.5000,28678458,3001422906.7200
2021-06-24,sz.300014,106.0400,106.4800,101.5800,102.8700,104.8500,19202386,1980423180.8900
2021-06-25,sz.300014,104.0000,107.3900,102.5800,105.9800,102.8700,25606098,2697849761.4500
2021-06-28,sz.300014,107.3300,110.2400,104.5500,106.3100,105.9800,31508827,3392401431.2200
2021-06-29,sz.300014,107.4000,109.6000,102.8200,103.5100,106.3100,30154884,3174063574.1800
2021-06-30,sz.300014,103.0300,105.6400,101.3400,103.9300,103.5100,31192695,3220694113.1300
2021-07-01,sz.300014,103.5300,104.7800,100.0200,103.0000,103.9300,24151244,2464004608.1200
2021-07-02,sz.300014,101.0000,101.0000,96.3000,97.2500,103.0000,38976405,3836620291.4300
2021-07-05,sz.300014,97.3000,102.4300,97.3000,102.4300,97.2500,34749585,3497143420.4900
2021-07-06,sz.300014,102.9900,107.6800,99.8000,101.5500,102.4300,41499758,4311313693.8700
2021-07-07,sz.300014,101.1800,116.5600,98.9800,115.0600,101.5500,67271471,7429282410.5000
2021-07-08,sz.300014,117.8800,121.5800,117.0800,118.4000,115.0600,45587220,5431437407.4800
2021-07-09,sz.300014,118.2500,119.0400,114.1500,117.5800,118.4000,35622969,4158777763.6300
2021-07-12,sz.300014,126.0000,131.5000,122.1000,128.9900,117.5800,58103483,7372641994.1100
2021-07-13,sz.300014,127.0000,129.6900,123.6000,127.1100,128.9900,37712287,4755890397.8200
2021-07-14,sz.300014,125.0000,128.1100,122.0000,123.3000,127.1100,28300403,3533927716.8900
2021-07-15,sz.300014,123.0900,127.7900,121.6800,127.0000,123.3000,29091641,3644265018.5400
2021-07-16,sz.300014,127.0000,128.0000,121.1100,121.5500,127.0000,26276799,3263355504.0400
2021-07-19,sz.300014,119.0000,124.9800,118.5800,119.4300,121.5500,26506448,3214000878.5600
2021-07-20,sz.300014,119.1800,121.4000,116.8000,118.4900,119.4300,17015679,2019786151.0500
2021-07-21,sz.300014,120.0100,125.8500,118.4000,124.2000,118.4900,37016328,4548808325.8900
2021-07-22,sz.300014,125.4000,126.4800,122.3500,126.0000,124.2000,28039935,3490860639.1300
2021-07-23,sz.300014,129.9400,131.8800,123.0000,125.2300,126.0000,33912502,4346565104.0700
2021-07-26,sz.300014,121.9000,124.5500,115.6000,120.0900,125.2300,35856018,4296645470.4700
2021-07-27,sz.300014,119.5200,122.3000,104.2800,104.4100,120.0900,69098648,7702244437.0000
2021-07-28,sz.300014,102.5000,106.8800,100.1300,104.7200,104.4100,38823564,4052501805.2500
2021-07-29,sz.300014,109.0000,112.6200,105.5000,110.4100,104.7200,46252831,5039686904.3600
2021-07-30,sz.300014,110.5000,118.1400,108.9100,112.4900,110.4100,39568120,4460668013.5600
2021-08-02,sz.300014,114.4600,120.2300,107.7100,114.0000,112.4900,43164439,4924178159.0700
2021-08-03,sz.300014,118.9900,118.9900,109.6900,110.1500,114.0000,31445345,3548376273.6900
2021-08-04,sz.300014,110.5100,120.6600,110.5100,119.4800,110.1500,45047253,5239910876.3000
2021-08-05,sz.300014,116.0100,118.4800,113.0000,116.3800,119.4800,40577679,4688123355.2500
2021-08-06,sz.300014,118.8000,124.8000,117.1000,121.1700,116.3800,40438600,4900584544.9200
2021-08-09,sz.300014,119.1700,119.5000,110.8100,114.0000,121.1700,38405467,4363556219.0700
2021-08-10,sz.300014,113.1000,115.2900,106.5000,110.4000,114.0000,37718962,4171974895.0500
2021-08-11,sz.300014,110.5000,115.8800,109.0000,113.4400,110.4000,31153825,3531609556.3200
2021-08-12,sz.300014,113.4400,114.9000,110.6000,112.3800,113.4400,19838721,2229189710.5900
2021-08-13,sz.300014,109.7800,115.0000,109.1100,111.0000,112.3800,24901787,2789380362.7700
2021-08-16,sz.300014,110.1000,111.1800,103.5000,105.4500,111.0000,40411795,4292099423.1300
2021-08-17,sz.300014,105.9900,107.3800,102.2200,104.3700,105.4500,27235733,2853521777.3300
2021-08-18,sz.300014,105.0000,105.2000,99.8000,101.9600,104.3700,31533315,3228123537.2800
2021-08-19,sz.300014,102.4500,105.0000,98.7000,103.4800,101.9600,27994366,2866099005.1400
2021-08-20,sz.300014,102.5000,103.3000,96.9600,98.5000,103.4800,39272364,3890712023.1300
2021-08-23,sz.300014,99.8700,100.5000,97.1900,100.2000,98.5000,33491761,3323439950.4200
2021-08-24,sz.300014,100.8000,104.8600,99.5000,101.1600,100.2000,31866117,3259420925.3000
2021-08-25,sz.300014,102.6400,102.7900,99.0400,102.1000,101.1600,23459246,2360973831.7100
2021-08-26,sz.300014,102.1100,102.8800,96.0000,96.3900,102.1000,43863796,4295556628.9100
2021-08-27,sz.300014,98.8000,104.6800,98.1800,102.1400,96.3900,53340045,5420342460.5300
2021-08-30,sz.300014,103.9900,108.2900,102.2600,105.0000,102.1400,49009620,5165513461.8000
2021-08-31,sz.300014,105.0000,105.0000,98.7000,102.0000,105.0000,37727363,3803560456.1400
2021-09-01,sz.300014,102.0100,102.4800,93.3300,97.4000,102.0000,35643018,3486372220.3500
2021-09-02,sz.300014,97.0000,98.7100,93.5800,94.5000,97.4000,34426903,3270604160.7100
2021-09-03,sz.300014,94.8800,95.1600,87.8700,89.9500,94.5000,46986897,4254685363.7900
2021-09-06,sz.300014,89.7000,95.8000,88.8000,95.3000,89.9500,37736275,3524724522.6000
2021-09-07,sz.300014,96.9000,102.3200,96.1000,100.5000,95.3000,45034546,4509475450.7100
2021-09-08,sz.300014,100.9700,103.2000,99.0500,99.5900,100.5000,32760943,3301964438.2700
2021-09-09,sz.300014,100.0000,103.7000,99.0000,101.7100,99.5900,30807775,3123608271.7100
2021-09-10,sz.300014,101.3600,101.3600,97.0200,98.0100,101.7100,42179570,4156987754.0400
2021-09-13,sz.300014,96.6500,96.6500,90.7100,92.6000,98.0100,55238936,5134639571.3300
2021-09-14,sz.300014,93.5600,98.7700,91.6800,96.6100,92.6000,46223092,4429847360.8300
2021-09-15,sz.300014,96.6200,96.9600,92.5000,93.3500,96.6100,32296181,3020752237.6200
2021-09-16,sz.300014,93.2600,93.7800,89.8800,90.3100,93.3500,30679452,2793432009.1800
2021-09-17,sz.300014,90.3100,91.7900,88.9600,90.8300,90.3100,21597719,1955465003.4600
2021-09-22,sz.300014,89.5700,90.3000,88.2800,89.4300,90.8300,20236077,1807100739.1200
2021-09-23,sz.300014,91.0000,91.3000,88.9600,89.8800,89.4300,19840385,1784309760.8500
2021-09-24,sz.300014,89.8000,93.4600,88.9000,89.5200,89.8800,27791311,2525122260.4800
2021-09-27,sz.300014,92.0000,95.5300,91.5000,93.8300,89.5200,48431282,4557660611.5100
2021-09-28,sz.300014,92.6000,95.1200,91.1600,91.7800,93.8300,22666522,2106349416.9700
2021-09-29,sz.300014,91.2000,95.0100,89.8000,93.8500,91.7800,26982082,2505427882.2100
2021-09-30,sz.300014,94.1100,99.3500,93.5200,99.0300,93.8500,37690741,3678650558.1400
2021-10-08,sz.300014,102.0000,102.7600,98.5500,100.6600,99.0300,30018633,3020570263.6900
2021-10-11,sz.300014,99.7800,102.8000,98.9100,101.0100,100.6600,19943708,2023039033.1200
2021-10-12,sz.300014,100.9800,102.6000,99.0000,100.5100,101.0100,25494530,2576392153.2900
2021-10-13,sz.300014,102.2000,106.6000,102.0100,106.0000,100.5100,31106132,3267224508.7200
2021-10-14,sz.300014,108.0000,110.0000,105.2600,106.3100,106.0000,26815978,2892303558.6900
2021-10-15,sz.300014,106.8800,109.9800,103.8300,108.1500,106.3100,30412039,3259844011.4900
2021-10-18,sz.300014,108.2400,111.8800,108.0000,111.0100,108.1500,26314736,2900371568.8000
2021-10-19,sz.300014,115.0100,117.1700,111.9100,113.3000,111.0100,29373878,3345243340.5100
2021-10-20,sz.300014,112.3800,116.9800,112.3800,114.0200,113.3000,23625289,2716683601.2700
2021-10-21,sz.300014,114.3800,115.6000,111.7200,112.8800,114.0200,23509612,2656416155.7100
2021-10-22,sz.300014,113.7100,114.2400,109.0000,112.6400,112.8800,22087730,2469399775.2500
2021-10-25,sz.300014,112.8100,117.2000,112.8100,116.5000,112.6400,28917856,3341680637.3200
2021-10-26,sz.300014,121.0000,124.0000,115.7800,116.5000,116.5000,24083749,2855107592.9100
2021-10-27,sz.300014,117.0000,117.8500,115.0100,116.5000,116.5000,17716350,2059886948.6900
2021-10-28,sz.300014,112.0500,118.1100,109.0100,113.5000,116.5000,37109742,4239160631.5900
2021-10-29,sz.300014,116.5400,116.7700,107.7300,113.4500,113.5000,31285024,3486249054.9200
2021-11-01,sz.300014,112.0500,114.5200,108.6600,109.1500,113.4500,28955117,3211983624.2800
2021-11-02,sz.300014,110.0000,117.0000,109.1600,113.6100,109.1500,32837023,3742409160.3700
2021-11-03,sz.300014,112.1000,114.7000,108.8300,111.1000,113.6100,26181695,2915659747.2800
2021-11-04,sz.300014,112.6300,117.2500,111.3600,114.7700,111.1000,26587084,3054624117.0600
2021-11-05,sz.300014,117.0000,119.7700,113.4900,113.4900,114.7700,26677817,3116010615.2400
2021-11-08,sz.300014,120.0000,134.0500,120.0000,131.5100,113.4900,70632905,9053106138.0500
2021-11-09,sz.300014,133.0000,135.2400,129.5600,134.6200,131.5100,35917728,4774035171.3700
2021-11-10,sz.300014,133.0900,135.5800,130.2000,133.4800,134.6200,35264476,4671327395.1700
2021-11-11,sz.300014,133.4800,133.4800,128.6800,131.7800,133.4800,26391907,3460255108.5700
2021-11-12,sz.300014,131.2900,132.9000,126.7900,131.5900,131.7800,32275100,4186064595.0800
2021-11-15,sz.300014,131.8100,133.5000,127.0000,127.1900,131.5900,24701982,3192280884.0800
2021-11-16,sz.300014,127.9800,128.4900,123.6000,123.7300,127.1900,20797315,2616804684.4900
2021-11-17,sz.300014,127.0900,127.9800,124.9100,125.9000,123.7300,20661209,2611643713.6200
2021-11-18,sz.300014,124.8000,129.6000,123.1100,127.0000,125.9000,24507866,3117932542.3700
2021-11-19,sz.300014,126.2400,130.2000,125.8800,128.3200,127.0000,17862414,2280908069.3500
2021-11-22,sz.300014,132.8000,143.4400,132.0200,139.5800,128.3200,51727342,7069360864.8000
2021-11-23,sz.300014,137.5000,144.3300,134.6500,141.4200,139.5800,37875977,5285867356.7100
2021-11-24,sz.300014,141.4000,150.5700,141.4000,142.5500,141.4200,41484617,6033377742.1100
2021-11-25,sz.300014,144.4800,146.3000,139.3300,145.1100,142.5500,25083562,3599273705.4100
2021-11-26,sz.300014,145.0800,150.5800,144.0000,148.7500,145.1100,24484764,3637872606.4400
2021-11-29,sz.300014,145.7600,152.9000,145.7600,148.0000,148.7500,28460963,4263802677.2300
2021-11-30,sz.300014,150.0500,150.3900,145.1800,146.2400,148.0000,24685327,3615181357.5500
2021-12-01,sz.300014,146.4300,146.7200,141.5100,142.8000,146.2400,19132657,2738884581.1300
2021-12-02,sz.300014,143.5900,148.5000,141.8400,146.5900,142.8000,22812419,3311304062.4000
2021-12-03,sz.300014,146.0000,150.6000,144.5000,146.2000,146.5900,16198949,2383272102.5800
2021-12-06,sz.300014,143.0000,147.4700,139.0000,139.9600,146.2000,27228338,3872118562.7600
2021-12-07,sz.300014,144.2800,144.2800,132.2200,134.9600,139.9600,31275677,4251953382.1900
2021-12-08,sz.300014,136.9500,138.8200,135.5800,137.2300,134.9600,16399142,2250462156.3100
2021-12-09,sz.300014,137.9700,137.9900,134.2400,135.4700,137.2300,18954549,2569733473.2400
2021-12-10,sz.300014,134.5000,137.8000,133.1800,137.2200,135.4700,20071800,2731611522.8300
2021-12-13,sz.300014,134.8000,138.6000,131.0000,137.4300,137.2200,25912730,3510527502.2600
2021-12-14,sz.300014,136.0800,137.3900,132.3800,133.9000,137.4300,17359116,2322704764.8100
2021-12-15,sz.300014,133.3200,137.5000,131.6500,132.0000,133.9000,14922718,1999539076.2200
2021-12-16,sz.300014,132.6300,135.4900,130.6000,135.0000,132.0000,13289908,1771835396.8800
2021-12-17,sz.300014,134.0600,134.8000,129.8000,130.2100,135.0000,18418632,2415612182.6300
2021-12-20,sz.300014,130.5100,131.8000,122.1100,122.9900,130.2100,27971554,3507954326.9700
2021-12-21,sz.300014,122.5000,125.8000,122.0100,123.3000,122.9900,15693255,1940970786.6600
2021-12-22,sz.300014,124.9000,126.2000,123.3000,124.4000,123.3000,15788054,1972640603.0900
2021-12-23,sz.300014,125.2100,125.8800,120.9000,122.9600,124.4000,17379788,2137905941.0900
2021-12-24,sz.300014,123.0000,123.5300,113.7000,115.7900,122.9600,32552216,3792741646.3600
2021-12-27,sz.300014,116.9900,123.3600,116.5000,118.5000,115.7900,25947665,3101841090.5900
2021-12-28,sz.300014,118.5100,121.9600,118.5100,121.3900,118.5000,18991452,2285058119.4000
2021-12-29,sz.300014,122.0100,122.0900,118.9300,120.3900,121.3900,15614428,1876041604.9400
2021-12-30,sz.300014,122.0000,122.0000,117.7700,118.3300,120.3900,19281804,2300188393.8300
2021-12-31,sz.300014,119.0000,120.2300,115.3000,118.1800,118.3300,21070075,2477255705.2300
2022-01-04,sz.300014,124.0000,124.0000,110.5500,111.5400,118.1800,37648997,4298704195.3300
2022-01-05,sz.300014,111.5000,111.5400,105.8500,107.5000,111.5400,36865481,3975647377.6900
2022-01-06,sz.300014,106.0000,107.7700,103.5000,105.6000,107.5000,25605789,2709958875.4600
2022-01-07,sz.300014,106.4000,108.2200,103.0100,105.3900,105.6000,25901017,2732433567.0000
2022-01-10,sz.300014,105.0500,106.3000,102.5000,103.7000,105.3900,26420992,2755853477.6000
2022-01-11,sz.300014,103.8500,106.1600,103.5000,105.9700,103.7000,32767166,3442559515.7900
2022-01-12,sz.300014,109.1500,110.3000,105.5000,109.0000,105.9700,43026320,4647322975.2100
2022-01-13,sz.300014,108.5000,109.7800,103.5700,107.5400,109.0000,28415579,3045605703.2600
2022-01-14,sz.300014,107.5900,112.5400,105.9900,112.2000,107.5400,27526841,3056815974.1700
2022-01-17,sz.300014,111.4000,113.8600,107.9800,109.6800,112.2000,30068413,3301904578.5300
2022-01-18,sz.300014,108.8500,109.3600,106.0900,107.3700,109.6800,25536768,2745756473.6500
2022-01-19,sz.300014,107.5000,107.5000,97.6600,98.9800,107.3700,53295330,5354823008.9600
2022-01-20,sz.300014,98.9800,99.5500,95.0200,95.7000,98.9800,33851384,3270192800.7100
2022-01-21,sz.300014,97.6800,99.2600,95.2700,97.3000,95.7000,23420401,2280805031.8600
2022-01-24,sz.300014,96.0800,100.9700,95.7700,99.9900,97.3000,27253492,2704781265.6600
2022-01-25,sz.300014,99.0000,101.8000,97.7700,97.7700,99.9900,18282116,1814179740.4300
2022-01-26,sz.300014,98.5000,100.2000,97.7900,99.0200,97.7700,22440274,2220969240.9700
2022-01-27,sz.300014,98.8800,99.7300,95.2900,95.3000,99.0200,18467003,1793815810.4000
2022-01-28,sz.300014,96.0000,97.5000,93.0000,93.2700,95.3000,20746452,1964912095.2000
2022-02-07,sz.300014,96.5000,99.3600,93.6600,94.3000,93.2700,21177310,2029011264.2900
2022-02-08,sz.300014,95.0100,95.3500,87.0000,89.4000,94.3000,34040538,3035319855.2900
2022-02-09,sz.300014,90.4600,92.0400,86.8600,91.2800,89.4000,27317213,2456108817.2600
2022-02-10,sz.300014,92.4700,92.6400,84.4800,85.8700,91.2800,37161129,3219025051.9400
2022-02-11,sz.300014,84.7000,88.1500,83.1100,84.3800,85.8700,32574145,2792011991.5200
2022-02-14,sz.300014,83.2000,85.6900,82.1100,83.5000,84.3800,28715699,2410046819.7400
2022-02-15,sz.300014,85.0000,88.4900,83.6000,87.6600,83.5000,33013153,2850246797.7500
2022-02-16,sz.300014,88.3900,88.6000,85.4100,86.1200,87.6600,23155738,2017380632.1700
2022-02-17,sz.300014,87.1800,92.2400,84.6800,88.8300,86.1200,54868061,4867432762.0400
2022-02-18,sz.300014,87.0200,87.5000,84.3800,85.2700,88.8300,36167533,3094340754.3800
2022-02-21,sz.300014,85.1400,87.4000,84.5800,85.8500,85.2700,26563909,2277722530.7200
2022-02-22,sz.300014,84.9800,86.5000,82.6800,85.6500,85.8500,35986671,3038602869.8600
2022-02-23,sz.300014,85.7900,89.8700,85.7000,89.0800,85.6500,46361876,4091732750.2700
2022-02-24,sz.300014,87.7800,89.0800,84.8400,85.9900,89.0800,38819602,3370892754.7200
2022-02-25,sz.300014,88.0000,90.8800,87.7000,89.3500,85.9900,46698871,4168840140.6400
2022-02-28,sz.300014,89.5600,91.1700,88.2300,89.5000,89.3500,39616188,3544722176.0000
2022-03-01,sz.300014,91.0000,91.9500,86.2800,86.9000,89.5000,43311735,3832011152.0000
2022-03-02,sz.300014,86.7900,86.9000,83.8400,84.2300,86.9000,37075881,3143884512.0000
2022-03-03,sz.300014,84.5000,84.6000,79.3000,79.5100,84.2300,62055575,5010489088.0000
2022-03-04,sz.300014,77.7700,79.7600,77.3700,78.1500,79.5100,39632815,3101033648.0000
2022-03-07,sz.300014,77.9900,78.0000,74.5000,74.7900,78.1500,36682406,2781301008.0000
2022-03-08,sz.300014,75.2200,75.6800,70.6700,71.3700,74.7900,48400859,3512851696.0000
2022-03-09,sz.300014,72.0000,72.6400,67.6100,70.4900,71.3700,41287370,2895569216.0000
2022-03-10,sz.300014,73.4800,75.5700,71.5000,75.1500,70.4900,69958731,5168216576.0000
2022-03-11,sz.300014,74.1000,77.9800,73.3400,76.3100,75.1500,57112111,4302578944.0000
2022-03-14,sz.300014,73.9900,74.0000,71.1300,71.4400,76.3100,41090639,2964007056.0000
2022-03-15,sz.300014,70.2000,74.3000,69.6900,70.9200,71.4400,42157703,3052500912.0000
2022-03-16,sz.300014,73.0000,80.1900,71.4600,78.8900,70.9200,80769714,6112137216.0000
2022-03-17,sz.300014,82.6900,86.1200,81.3800,81.5300,78.8900,86134131,7178983680.0000
2022-03-18,sz.300014,82.3100,85.1500,79.0400,84.7000,81.5300,51829026,4240404128.5900
2022-03-21,sz.300014,87.0000,88.5000,85.0300,85.4000,84.7000,48692421,4229438671.0900
2022-03-22,sz.300014,84.4000,86.5200,83.2800,83.9000,85.4000,30456747,2569887355.0300
2022-03-23,sz.300014,85.0000,85.2800,82.3400,83.0000,83.9000,27628873,2302327583.3500
2022-03-24,sz.300014,81.9900,82.3000,78.8600,81.4500,83.0000,39076048,3153305338.9800
2022-03-25,sz.300014,81.4500,81.9200,78.4300,78.4600,81.4500,30114894,2399360509.7600
2022-03-28,sz.300014,78.4600,79.3000,75.0000,75.7200,78.4600,31727247,2419908551.0300
2022-03-29,sz.300014,77.2400,77.6500,75.1600,75.8800,75.7200,22592809,1726369998.3200
2022-03-30,sz.300014,77.0000,83.0000,76.6300,83.0000,75.8800,53186226,4294294636.3500
2022-03-31,sz.300014,81.9000,82.1400,79.1000,80.6700,83.0000,36168901,2910463299.4600
2022-04-01,sz.300014,80.4700,82.7600,79.2300,81.4800,80.6700,28655071,2333374762.5900
2022-04-06,sz.300014,81.4200,82.3000,78.2200,79.3000,81.4800,24856571,1982234120.4500
2022-04-07,sz.300014,77.6700,77.6700,74.6800,74.6800,79.3000,37661230,2853709871.0200
2022-04-08,sz.300014,74.6900,78.1800,74.2800,75.5000,74.6800,28910382,2199422743.5100
2022-04-11,sz.300014,74.0200,74.0500,70.0200,70.3000,75.5000,31775056,2267039132.1100
2022-04-12,sz.300014,70.3800,72.3900,69.6200,71.8100,70.3000,22449347,1594257570.7400
2022-04-13,sz.300014,71.4300,74.3000,70.6000,71.5000,71.8100,25818280,1869612516.2300
2022-04-14,sz.300014,72.8500,73.8900,71.0100,72.6700,71.5000,26338078,1909033700.0500
2022-04-15,sz.300014,71.3000,72.7000,68.7000,71.3000,72.6700,26195980,1851021775.1800
2022-04-18,sz.300014,70.8000,73.6000,70.0700,73.5800,71.3000,22359982,1621775452.2300
2022-04-19,sz.300014,73.3600,74.4100,70.3300,70.9400,73.5800,24629436,1774930799.6900
2022-04-20,sz.300014,72.3400,72.3800,67.4800,67.6000,70.9400,34202155,2345510498.9400
2022-04-21,sz.300014,67.0000,68.1900,63.9800,64.5100,67.6000,30669961,2014251273.2300
2022-04-22,sz.300014,63.9800,64.6600,61.8000,62.2000,64.5100,24454930,1545073709.5200
2022-04-25,sz.300014,59.1300,60.4900,56.4000,56.4500,62.2000,35942533,2102999886.9300
2022-04-26,sz.300014,56.5200,57.2000,53.8900,54.0300,56.4500,34773095,1934617783.2900
2022-04-27,sz.300014,53.0000,60.8400,52.4500,60.3000,54.0300,55701624,3152719874.4000
2022-04-28,sz.300014,59.6000,65.6900,59.0000,62.8500,60.3000,67640209,4242443653.5300
2022-04-29,sz.300014,63.9800,66.5800,62.2500,65.8700,62.8500,38203790,2467138290.1200
2022-05-05,sz.300014,65.1000,67.7300,64.5500,65.8800,65.8700,30773457,2032099728.9000
2022-05-06,sz.300014,63.6500,65.9000,63.2100,64.2100,65.8800,18037909,1165115688.8100
2022-05-09,sz.300014,64.1700,65.5600,63.6500,64.3400,64.2100,13934905,897962060.5700
2022-05-10,sz.300014,62.9000,70.6300,62.4600,70.6300,64.3400,42317275,2866356992.4700
2022-05-11,sz.300014,69.6200,75.9900,69.6100,72.7200,70.6300,49661115,3651228623.8600
2022-05-12,sz.300014,72.8000,75.0000,72.1000,73.7300,72.7200,22105009,1626010909.0700
2022-05-13,sz.300014,74.2700,74.9300,72.8000,73.7000,73.7300,16517662,1218234728.7400
2022-05-16,sz.300014,75.7200,77.9500,74.0000,74.2400,73.7000,25651109,1947072409.9600
2022-05-17,sz.300014,74.2400,78.4500,74.1000,78.0000,74.2400,29211399,2246327939.3600
2022-05-18,sz.300014,78.5400,80.0000,77.0300,78.5900,78.0000,23092529,1819213955.3800
2022-05-19,sz.300014,77.0400,80.0000,76.2900,79.7000,78.5900,25036365,1961438400.8200
2022-05-20,sz.300014,80.7000,82.2800,77.9100,80.1200,79.7000,29883018,2400473089.5500
2022-05-23,sz.300014,79.8500,80.8000,78.0000,79.8900,80.1200,23399461,1850824337.8400
2022-05-24,sz.300014,79.3000,79.4600,75.0000,75.8000,79.8900,34794732,2682401382.1500
2022-05-25,sz.300014,76.1100,76.8900,73.7800,74.9900,75.8000,26230007,1963538884.3300
2022-05-26,sz.300014,75.8000,78.6300,73.7600,76.4600,74.9900,22503278,1721320267.3300
2022-05-27,sz.300014,77.6400,79.7800,75.1800,75.7000,76.4600,22339776,1730959798.2900
2022-05-30,sz.300014,76.0000,79.9800,76.0000,79.0500,75.7000,32925552,2595698223.7300
2022-05-31,sz.300014,79.0600,82.2500,77.6100,80.4300,79.0500,31822314,2549510914.5200
2022-06-01,sz.300014,80.5000,87.2200,79.5100,86.5300,80.4300,43844201,3708257214.6200
2022-06-02,sz.300014,85.6700,89.8600,85.2400,86.4600,86.5300,36276087,3178102446.4600
2022-06-06,sz.300014,86.4400,93.0000,86.1200,90.8100,86.4600,37894877,3440052619.2500
2022-06-07,sz.300014,91.0000,91.5000,87.4900,89.8500,90.8100,23142144,2064205695.5600
2022-06-08,sz.300014,94.5100,97.9700,92.1900,96.9700,89.8500,67178163,6408648866.8800
2022-06-09,sz.300014,96.2000,96.2000,91.1900,91.4100,96.9700,30363531,2831413531.7000
2022-06-10,sz.300014,91.4000,97.3000,91.0300,96.4500,91.4100,33703617,3199435718.3000
2022-06-13,sz.300014,95.0100,102.0000,94.2900,99.5800,96.4500,33893370,3347559943.6100
2022-06-14,sz.300014,98.0000,101.8000,95.5100,100.8100,99.5800,28910468,2841506497.8100
2022-06-15,sz.300014,102.0000,103.7100,96.3800,97.6500,100.8100,33155767,3294796236.9100
2022-06-16,sz.300014,97.6500,98.2700,95.1900,95.5000,97.6500,27250227,2623311348.6100
2022-06-17,sz.300014,94.0100,101.0000,93.7900,100.1200,95.5000,35945738,3561512328.5200
2022-06-20,sz.300014,100.1300,103.5300,99.5000,101.2500,100.1200,27859084,2836173056.4800
2022-06-21,sz.300014,100.7900,101.4900,98.9500,100.3000,101.2500,15728245,1574505448.7900
2022-06-22,sz.300014,100.3000,105.2300,100.2000,100.8800,100.3000,24676354,2529843253.6300
2022-06-23,sz.300014,102.1000,108.2000,101.2100,107.0000,100.8800,33191187,3483472833.8000
2022-06-24,sz.300014,107.0300,110.0000,104.2100,107.3000,107.0000,28431608,3055599159.9500
2022-06-27,sz.300014,106.8200,109.0600,105.1600,106.7000,107.3000,22419724,2397246757.4200
2022-06-28,sz.300014,106.4900,107.3100,101.0000,104.3300,106.7000,35682776,3693612567.1500
2022-06-29,sz.300014,102.8700,103.6000,97.3900,97.5800,104.3300,43323518,4318735402.9800
2022-06-30,sz.300014,97.5700,99.7000,94.9800,97.5000,97.5800,36527671,3553191015.6400
2022-07-01,sz.300014,97.9000,98.0000,94.2000,95.7200,97.5000,27490077,2638790980.5900
2022-07-04,sz.300014,94.1000,97.7700,94.0300,96.5400,95.7200,34831392,3333413268.5300
2022-07-05,sz.300014,96.5300,97.8100,92.1000,94.4000,96.5400,38743773,3648759442.9600
2022-07-06,sz.300014,95.2500,98.8500,95.2000,96.4500,94.4000,33900076,3287520946.2800
2022-07-07,sz.300014,96.4500,104.5000,96.2500,104.0000,96.4500,50985394,5183158389.5300
2022-07-08,sz.300014,105.1100,108.5800,101.8100,103.0000,103.8400,36785726,3860392020.2200
2022-07-11,sz.300014,101.0000,102.5000,95.4400,97.3500,103.0000,28513315,2779660749.2400
2022-07-12,sz.300014,97.2000,97.8700,92.6300,93.0700,97.3500,25770325,2429283036.7500
2022-07-13,sz.300014,93.5000,99.8400,90.9800,98.3800,93.0700,36641315,3513883347.6800
2022-07-14,sz.300014,98.3300,105.7000,97.4600,105.1500,98.3800,38533712,3982085294.3000
2022-07-15,sz.300014,105.0000,106.9800,102.5100,102.5100,105.1500,30445596,3196465603.8200
2022-07-18,sz.300014,103.2400,108.8800,100.1200,107.3200,102.5100,32902183,3477722771.7000
2022-07-19,sz.300014,107.0000,107.7700,102.4200,102.9000,107.3200,23715752,2477593879.4400
2022-07-20,sz.300014,102.9000,103.9400,99.0000,100.1100,102.9000,23629971,2389563113.1600
2022-07-21,sz.300014,100.1200,101.9000,97.5000,98.0000,100.1100,20321972,2013199593.8300
2022-07-22,sz.300014,100.0000,102.4000,97.1100,98.4000,98.0000,21547563,2148203451.4200
2022-07-25,sz.300014,97.5100,99.0500,95.2100,98.4500,98.4000,18674118,1819845686.1800
2022-07-26,sz.300014,98.0000,100.3300,97.0300,97.2700,98.4500,19607463,1930878407.6400
2022-07-27,sz.300014,97.0000,100.8000,95.9900,98.8000,97.2700,20788119,2057787233.7200
2022-07-28,sz.300014,100.4100,100.8000,93.8000,96.1800,98.8000,28336859,2731473257.4100
2022-07-29,sz.300014,96.0000,97.1400,93.6600,94.3500,96.1800,19851063,1883779564.9400
2022-08-01,sz.300014,93.4800,101.4000,93.3000,101.3900,94.3500,31738689,3139662795.1700
2022-08-02,sz.300014,99.3000,101.3000,98.2300,99.3000,101.3900,24183948,2406863205.3900
2022-08-03,sz.300014,100.3100,102.6500,93.7000,94.0600,99.3000,27119314,2634111676.6800
2022-08-04,sz.300014,94.5000,96.0700,93.0000,95.8200,94.0600,20271101,1923095345.9200
2022-08-05,sz.300014,95.8100,100.0000,94.8000,96.7800,95.8200,19747982,1920337908.2500
2022-08-08,sz.300014,96.7700,96.7800,92.7400,96.1900,96.7800,18606798,1769024270.8400
2022-08-09,sz.300014,94.8500,100.2600,94.8500,98.3800,96.1900,25433673,2509602164.2100
2022-08-10,sz.300014,98.4000,98.8800,93.5000,94.0200,98.3800,26775865,2556916718.8800
2022-08-11,sz.300014,94.5000,101.0000,93.0000,98.5800,94.0200,30825197,3000519694.1800
2022-08-12,sz.300014,98.5800,99.5000,96.4700,96.5300,98.5800,14808453,1444574587.5400
2022-08-15,sz.300014,99.5000,107.0000,99.4300,104.9500,96.5300,44795342,4666656545.2700
2022-08-16,sz.300014,106.0000,107.2900,104.0100,104.3400,104.9500,24809386,2611129840.2400
2022-08-17,sz.300014,105.0000,112.8600,102.0200,110.8000,104.3400,47095346,5092070283.2800
2022-08-18,sz.300014,110.7900,116.8800,110.3500,113.1300,110.8000,35787404,4103126984.3700
2022-08-19,sz.300014,114.0100,114.4400,110.0000,110.8000,113.1300,27496612,3072711377.4100
2022-08-22,sz.300014,110.8000,117.0000,108.3300,116.0500,110.8000,30436163,3486174657.5900
2022-08-23,sz.300014,116.8200,121.6900,116.8200,117.8800,116.0500,30597914,3643789125.9900
2022-08-24,sz.300014,121.5000,121.8000,107.0000,108.4800,117.8800,52216778,5850983970.4700
2022-08-25,sz.300014,109.0200,109.9800,102.5100,104.8500,108.4800,34601516,3624819985.8500
2022-08-26,sz.300014,103.0000,104.8500,100.6400,101.3000,104.8500,34374546,3503690902.7400
2022-08-29,sz.300014,99.2000,102.3500,99.2000,101.9200,101.3000,20643465,2086923149.3200
2022-08-30,sz.300014,101.8000,102.6800,98.9900,100.5500,101.9200,18781141,1889848804.6300
2022-08-31,sz.300014,99.5000,101.1300,93.6900,94.9900,100.5500,33779962,3241332556.2700
2022-09-01,sz.300014,95.0000,97.3100,93.7700,94.5900,94.9900,19054441,1821540554.3300
2022-09-02,sz.300014,96.0000,97.0000,93.3300,94.6600,94.5900,18652067,1766729278.2600
2022-09-05,sz.300014,93.7700,97.1800,93.0100,95.5900,94.6600,19704934,1870438391.2200
2022-09-06,sz.300014,96.0000,96.3000,90.1200,94.8000,95.5900,34544378,3222944413.8400
2022-09-07,sz.300014,94.0000,99.6000,93.3600,98.4900,94.8000,31864079,3107962542.5800
2022-09-08,sz.300014,98.0000,98.7600,94.3800,95.0000,98.4900,20793789,1996656924.0200
2022-09-09,sz.300014,94.9500,95.9600,93.8000,94.5100,95.0000,16497350,1559775436.7100
2022-09-13,sz.300014,97.7600,98.9900,95.0800,96.9800,94.5100,21169143,2048756336.1400
2022-09-14,sz.300014,95.1000,96.1400,91.0000,91.4300,96.9800,33842777,3138993186.0100
2022-09-15,sz.300014,91.4400,92.0000,83.9700,84.7100,91.4300,50028986,4336495415.5100
2022-09-16,sz.300014,85.1800,85.4000,81.0000,81.0000,84.7100,38140281,3139426458.8400
2022-09-19,sz.300014,80.8800,86.1800,80.7000,84.1000,81.0000,30763760,2584732972.2300
2022-09-20,sz.300014,85.0900,88.1900,84.8800,85.1800,84.1000,29217347,2529636916.5900
2022-09-21,sz.300014,84.2500,87.4600,83.5500,86.4000,85.1800,24414339,2096311316.7700
2022-09-22,sz.300014,85.5000,89.4700,84.6000,88.6000,86.4000,27213560,2392503162.6200
2022-09-23,sz.300014,88.0000,91.2000,86.8000,88.6600,88.6000,20168140,1787785361.0700
2022-09-26,sz.300014,87.1000,91.8000,86.8000,89.9700,88.6600,22786266,2060751513.3200
2022-09-27,sz.300014,90.8700,91.3700,88.5000,90.0300,89.9700,14748456,1326167629.8400
2022-09-28,sz.300014,90.7300,90.8400,85.0600,87.6400,90.0300,22878759,1991267806.7900
2022-09-29,sz.300014,88.8900,89.2800,86.5000,87.1800,87.6400,17339871,1517159625.9700
2022-09-30,sz.300014,87.0000,88.1500,83.5000,84.6000,87.1800,19338189,1651894495.6300
2022-10-10,sz.300014,84.5900,85.2900,82.0100,82.1000,84.6000,14185711,1180070052.0700
2022-10-11,sz.300014,84.8900,88.2000,84.2500,87.1600,82.1000,23906004,2077355608.8400
2022-10-12,sz.300014,86.9300,93.1300,86.2700,93.1300,87.1600,32758955,2943952094.3300
2022-10-13,sz.300014,91.8500,94.2800,90.5700,91.3000,93.1300,24243856,2231127991.0300
2022-10-14,sz.300014,92.3300,93.0000,89.0000,92.0000,91.3000,28461628,2595225673.2400
2022-10-17,sz.300014,91.2100,92.7000,89.8000,91.4900,92.0000,14490686,1319846395.6000
2022-10-18,sz.300014,92.0200,93.7000,91.1100,91.5200,91.4900,19034985,1758504234.2400
2022-10-19,sz.300014,91.9800,98.5600,91.7500,96.2200,91.5200,37999383,3669174066.9100
2022-10-20,sz.300014,94.6800,96.2300,92.1100,93.8800,96.2200,20865619,1963914166.6300
2022-10-21,sz.300014,93.5000,95.5800,91.2800,93.0900,93.8800,17677264,1650611071.3200
2022-10-24,sz.300014,92.3100,93.0000,88.0000,89.3500,93.0900,27009768,2433028852.8500
2022-10-25,sz.300014,89.3300,93.8000,88.8000,92.0000,89.3500,23186308,2125423106.1900
2022-10-26,sz.300014,93.0000,94.3600,90.6300,92.7200,92.0000,17567623,1631763534.7400
2022-10-27,sz.300014,94.1000,97.4500,90.5000,90.8000,92.7200,24087667,2262821989.4800
2022-10-28,sz.300014,90.0000,91.2700,82.6500,83.4600,90.8000,37863086,3238398389.7200
2022-10-31,sz.300014,82.4600,84.8600,81.7200,83.0400,83.4600,23753338,1979078375.8100
2022-11-01,sz.300014,83.2000,85.5000,78.4000,85.1200,83.0400,27594927,2289253426.6300
2022-11-02,sz.300014,83.8500,89.8700,83.6600,89.3000,85.1200,29617553,2585132381.5400
2022-11-03,sz.300014,88.7700,90.8800,88.1000,89.2500,89.3000,16997091,1519884867.0000
2022-11-04,sz.300014,89.2500,96.2800,88.9800,95.4600,89.2500,31943261,3006995907.7700
2022-11-07,sz.300014,96.3000,98.6400,95.5100,97.3600,95.4600,22625572,2199104491.2300
2022-11-08,sz.300014,97.4900,100.4700,95.6900,96.6300,97.3600,20800313,2031872857.6500
2022-11-09,sz.300014,96.2700,97.3000,94.8900,95.0500,96.6300,12068388,1156087229.2200
2022-11-10,sz.300014,93.8500,94.4000,90.4000,91.3500,95.0500,20172762,1848716942.6300
2022-11-11,sz.300014,95.0100,95.9000,92.5900,93.8000,91.3500,18708901,1764283548.6300
2022-11-14,sz.300014,94.1000,96.4700,87.5100,88.3600,93.8000,29657052,2679562261.4900
2022-11-15,sz.300014,88.3600,89.5500,85.2500,89.4500,88.3600,28450930,2497179003.6500
2022-11-16,sz.300014,88.5500,89.4000,86.5000,86.6000,89.4500,15514788,1355950264.3600
2022-11-17,sz.300014,85.5500,85.9800,82.2100,83.9200,86.6000,28165822,2350389050.9200
2022-11-18,sz.300014,84.5600,85.9500,83.1100,83.8000,83.9200,18202904,1540308190.6200
2022-11-21,sz.300014,83.9100,85.8300,82.8800,85.0600,83.8000,18726007,1582452096.6200
2022-11-22,sz.300014,84.2900,84.6800,82.0600,82.6500,85.0600,17014267,1410422141.6200
2022-11-23,sz.300014,82.1200,84.1800,81.6000,83.5000,82.6500,15187247,1261739645.5000
2022-11-24,sz.300014,84.4000,85.1000,82.3000,83.3000,83.5000,15310329,1281462164.4300
2022-11-25,sz.300014,82.6500,82.8000,80.6000,81.0000,83.3000,15014259,1223269920.3700
2022-11-28,sz.300014,79.0000,82.3800,78.0100,81.6600,81.0000,19052830,1529003529.3600
2022-11-29,sz.300014,81.7200,82.8000,80.1200,81.7500,81.6600,15545424,1266842268.7500
2022-11-30,sz.300014,81.5800,83.7900,80.5900,82.9500,81.7500,23420051,1932405191.5500
2022-12-01,sz.300014,84.9500,86.7900,84.7500,84.8000,82.9500,24153977,2068055194.8700
2022-12-02,sz.300014,84.1300,85.8500,83.8800,84.3300,84.8000,12919213,1094791811.3800
2022-12-05,sz.300014,85.0000,85.0800,82.6600,83.9800,84.3300,15841867,1324622580.1700
2022-12-06,sz.300014,83.3200,86.9200,82.6800,86.1700,83.9800,23896221,2040896382.5300
2022-12-07,sz.300014,86.0000,91.1600,86.0000,90.7200,86.1700,36017403,3240772489.7300
2022-12-08,sz.300014,90.4800,93.0200,90.0200,91.6000,90.7200,19216126,1759573583.8700
2022-12-09,sz.300014,91.5800,92.2700,89.6600,90.6000,91.6000,14784671,1340197017.5800
2022-12-12,sz.300014,90.2500,92.2000,89.0000,90.2500,90.6000,12482367,1135505821.6400
2022-12-13,sz.300014,90.4500,90.8300,88.1000,88.3100,90.2500,11903539,1059732938.2200
2022-12-14,sz.300014,89.4600,89.4600,87.6100,88.3500,88.3100,9477888,837898911.7000
2022-12-15,sz.300014,88.1000,92.5700,88.0000,92.2000,88.3500,21769872,1985301008.7200
2022-12-16,sz.300014,92.1000,94.9400,90.2900,91.2000,92.2000,16427395,1509371761.2000
2022-12-19,sz.300014,91.9900,95.0000,91.2100,92.9000,91.2000,18571511,1736145719.4100
2022-12-20,sz.300014,92.3800,92.6200,89.0000,89.3600,92.9000,16032163,1443984633.3600
2022-12-21,sz.300014,89.4500,90.3600,88.0000,89.1600,89.3600,7943173,709205920.7000
2022-12-22,sz.300014,90.1800,90.4000,86.1200,86.7000,89.1600,12229350,1069757988.4100
2022-12-23,sz.300014,86.8000,88.5900,85.6000,86.2300,86.7000,9837357,853132122.3800
2022-12-26,sz.300014,86.2300,91.6400,86.0100,91.3400,86.2300,13228072,1186981601.5400
2022-12-27,sz.300014,91.4000,92.7500,89.5600,91.4800,91.3400,12657250,1153372594.9100
2022-12-28,sz.300014,90.3000,90.4300,88.0800,88.8500,91.4800,15375506,1368822624.5700
2022-12-29,sz.300014,88.6000,91.8600,87.8300,89.9100,88.8500,13363723,1200906747.9200
2022-12-30,sz.300014,90.8000,91.4200,87.8700,87.9000,89.9100,11786755,1051571974.6500
2023-01-03,sz.300014,87.8100,87.9600,83.6600,87.4700,87.9000,24188933,2085882201.1000
2023-01-04,sz.300014,86.0300,86.4300,83.4200,84.0800,87.4700,24476005,2066521552.8000
2023-01-05,sz.300014,85.2600,88.8000,83.2300,87.8800,84.0800,29074423,2510711837.7700
2023-01-06,sz.300014,87.0000,92.4700,86.8800,89.8500,87.8800,23463005,2106902848.5900
2023-01-09,sz.300014,90.0100,91.3000,87.6900,87.8300,89.8500,23328415,2077385710.9400
2023-01-10,sz.300014,87.5300,89.4500,85.1200,88.0100,87.8300,28690778,2497262661.2000
2023-01-11,sz.300014,87.1500,87.3100,82.9800,82.9800,88.0100,41931592,3535898949.1100
2023-01-12,sz.300014,85.4700,86.9500,84.0300,84.8500,82.9800,30504017,2614060672.4400
2023-01-13,sz.300014,85.4900,85.8000,81.3500,84.0000,84.8500,38112585,3157701688.5300
2023-01-16,sz.300014,82.8000,84.4400,82.1600,83.3300,84.0000,22691229,1894900514.7000
2023-01-17,sz.300014,83.4700,84.7300,82.7000,83.7900,83.3300,16551732,1387608820.0300
2023-01-18,sz.300014,83.9900,85.2800,83.2200,84.2800,83.7900,14818191,1250135180.2000
2023-01-19,sz.300014,84.4900,85.0000,83.4100,83.7500,84.2800,14507409,1215768685.3700
2023-01-20,sz.300014,83.8000,85.0000,83.2000,84.8700,83.7500,17616556,1488813586.8700
2023-01-30,sz.300014,90.0000,92.0000,87.5000,87.6700,84.8700,37552540,3380723943.6300
2023-01-31,sz.300014,87.2400,89.6000,87.0200,88.0500,87.6700,19253763,1700287623.6500
2023-02-01,sz.300014,88.7000,92.0000,88.4000,90.0500,88.0500,25937331,2342572339.7200
2023-02-02,sz.300014,90.0500,91.0000,89.2000,90.2000,90.0500,17882230,1615743723.1100
2023-02-03,sz.300014,89.8000,90.3800,87.5100,88.3800,90.2000,17991949,1591923638.4100
2023-02-06,sz.300014,88.0000,88.0000,86.1000,86.7900,88.3800,13182207,1144481454.7700
2023-02-07,sz.300014,87.0200,88.1000,84.6800,84.9900,86.7900,21124605,1806346288.4800
2023-02-08,sz.300014,85.2000,85.5000,84.3000,84.4200,84.9900,17199688,1457251190.4200
2023-02-09,sz.300014,84.1600,85.2700,83.7200,85.1600,84.4200,12876415,1092463050.4000
2023-02-10,sz.300014,84.6600,84.9500,83.8000,84.1000,85.1600,14897509,1253257615.9900
2023-02-13,sz.300014,83.8000,85.8700,83.2700,84.1400,84.1000,17800192,1497663067.7700
2023-02-14,sz.300014,84.5000,84.8300,83.4100,84.1100,84.1400,10642426,892608708.4500
2023-02-15,sz.300014,84.1600,84.7500,82.5500,82.8300,84.1100,19244160,1599307215.7500
2023-02-16,sz.300014,82.8300,83.4900,81.1800,81.9300,82.8300,15351778,1265919217.4900
2023-02-17,sz.300014,84.2700,84.3900,79.5000,79.8000,81.9300,26846826,2185200532.3800
2023-02-20,sz.300014,78.0000,78.0000,72.5100,75.2800,79.8000,60642507,4508499374.8500
2023-02-21,sz.300014,74.4000,76.1200,74.1600,75.0300,75.2800,28251080,2121245137.8400
2023-02-22,sz.300014,74.4200,74.7600,73.0800,73.5700,75.0300,23988847,1766642025.2900
2023-02-23,sz.300014,74.0000,75.1000,73.6800,74.4400,73.5700,17967194,1335206099.4000
2023-02-24,sz.300014,74.3500,74.3500,72.6000,72.7800,74.4400,17561460,1284934661.4100
2023-02-27,sz.300014,72.5500,73.2300,72.1200,72.3200,72.7800,13336031,968279954.4200
2023-02-28,sz.300014,72.4800,72.8700,71.1800,72.7000,72.3200,18268418,1314042588.6500
2023-03-01,sz.300014,72.5000,73.2000,71.9000,72.6700,72.7000,16325304,1184151457.5100
2023-03-02,sz.300014,72.5600,72.7200,70.7500,70.8500,72.6700,20155938,1438867386.3600
2023-03-03,sz.300014,70.8900,72.1000,70.6400,71.7900,70.8500,16670824,1191114160.7600
2023-03-06,sz.300014,71.7900,72.6200,70.1500,72.5000,71.7900,20630601,1477792523.6200
2023-03-07,sz.300014,72.0000,72.6600,71.2100,71.2900,72.5000,15614606,1121722501.8400
2023-03-08,sz.300014,71.1400,71.6000,69.6500,70.6200,71.2900,15555221,1096127967.0100
2023-03-09,sz.300014,70.7400,70.8000,68.9000,69.0500,70.6200,24008709,1670524639.8300
2023-03-10,sz.300014,68.6000,70.4700,67.9900,68.7400,69.0500,24704053,1703504066.6600
2023-03-13,sz.300014,68.1800,68.8400,66.7900,67.2800,68.7400,29644919,1994766138.4900
2023-03-14,sz.300014,67.5000,67.6500,64.5500,65.8000,67.2800,33595263,2212832229.0000
2023-03-15,sz.300014,66.3300,67.6900,65.6000,65.6100,65.8000,23068260,1535927771.8200
2023-03-16,sz.300014,64.4900,65.5900,63.5100,63.7000,65.6100,24684133,1586869142.3600
2023-03-17,sz.300014,64.4800,64.4800,62.0000,62.0000,63.7000,33626640,2122048772.2700
2023-03-20,sz.300014,62.1400,65.5000,61.3800,64.2000,62.0000,36671658,2340092140.5100
2023-03-21,sz.300014,64.2500,67.1300,63.7000,66.6100,64.2000,34505001,2264162401.0200
2023-03-22,sz.300014,67.0000,68.9000,66.4600,67.7500,66.6100,33525731,2267776523.4500
2023-03-23,sz.300014,67.0000,68.7700,66.7000,67.6500,67.7500,20750803,1400012418.2700
2023-03-24,sz.300014,67.5900,68.7700,66.6600,68.1300,67.6500,18456118,1255388410.4700
2023-03-27,sz.300014,67.8700,69.2900,67.7800,68.3800,68.1300,23546039,1615173273.4800
2023-03-28,sz.300014,68.2000,69.0600,67.7000,67.8000,68.3800,16902164,1151934017.0500
2023-03-29,sz.300014,67.8000,69.4800,67.7600,68.4600,67.8000,21432939,1470721787.6900
2023-03-30,sz.300014,68.1400,68.9900,67.3000,68.6600,68.4600,19324114,1316798134.6500
2023-03-31,sz.300014,68.8100,70.8500,68.5200,69.7000,68.6600,27287449,1906188267.6700
2023-04-03,sz.300014,69.5900,69.9800,67.7700,69.0000,69.7000,28424477,1952724161.4300
2023-04-04,sz.300014,68.3000,68.6300,65.9800,67.3400,69.0000,34191988,2287054701.3200
2023-04-06,sz.300014,67.0000,67.9600,64.3500,67.2500,67.3400,22826831,1518249730.8300
2023-04-07,sz.300014,67.3000,68.6300,66.8000,67.1200,67.2500,16092769,1088959654.0300
2023-04-10,sz.300014,69.0500,70.3100,67.6700,70.1800,67.1200,39799114,2755167681.4700
2023-04-11,sz.300014,69.5000,69.9800,68.6200,68.8600,70.1800,27785380,1918439226.4800
2023-04-12,sz.300014,68.4800,68.5600,66.6600,66.8000,68.8600,24489659,1644890725.5800
2023-04-13,sz.300014,66.1700,67.2900,65.7600,66.1000,66.8000,13416731,890440586.9000
2023-04-14,sz.300014,66.2000,70.6000,66.1200,68.9000,66.1000,39104694,2697626649.3500
2023-04-17,sz.300014,68.3500,69.6800,68.3500,68.9700,68.9000,20694455,1424763154.6100
2023-04-18,sz.300014,68.9500,70.2000,67.8100,67.8600,68.9700,26448181,1817000570.7900
2023-04-19,sz.300014,68.1000,68.3600,66.8800,67.4200,67.8600,16399552,1108040053.8800
2023-04-20,sz.300014,67.3000,67.3000,64.1000,64.5400,67.4200,32130960,2084582994.2300
2023-04-21,sz.300014,64.7000,66.3600,62.7300,62.7800,64.5400,28685078,1856784145.3000
2023-04-24,sz.300014,62.7700,63.4900,61.4600,62.0200,62.7800,24428201,1523411638.5400
2023-04-25,sz.300014,62.0100,62.3500,59.4200,60.3800,62.0200,25323787,1527898099.5600
2023-04-26,sz.300014,60.6600,67.2200,60.0100,66.7900,60.3800,51262760,3316167305.9400
2023-04-27,sz.300014,66.4000,67.7800,65.6100,66.6700,66.7900,26022888,1738387177.4600
2023-04-28,sz.300014,66.9900,67.6900,64.8300,65.5500,66.6700,22850325,1503996469.1200
2023-05-04,sz.300014,65.1300,66.1500,64.9200,65.1800,65.5500,17594230,1152641909.4700
2023-05-05,sz.300014,64.9800,65.1500,63.5100,64.1000,65.1800,15580779,1000198333.6600
2023-05-08,sz.300014,65.0000,65.3200,62.5500,63.9300,64.1000,16810137,1068788703.6800
2023-05-09,sz.300014,63.6500,63.8600,62.3000,62.6900,63.9300,14573854,916977096.3300
2023-05-10,sz.300014,63.1000,66.4700,62.5600,64.9600,62.6900,28691904,1853852134.4700
2023-05-11,sz.300014,64.7000,68.5000,64.3100,68.0000,64.9600,35896827,2416113808.1800
2023-05-12,sz.300014,67.9000,68.6900,66.9000,66.9100,68.0000,20167009,1364551136.1600
2023-05-15,sz.300014,67.7900,70.7500,67.4300,70.3600,66.9100,44816990,3124422150.2600
2023-05-16,sz.300014,70.3000,71.1200,69.6200,70.2500,70.3600,20568191,1444106158.4800
2023-05-17,sz.300014,70.7000,71.3000,68.5100,69.0600,70.2500,16481743,1140495449.0400
2023-05-18,sz.300014,69.6500,69.6600,67.4000,68.1300,69.0600,16196589,1103028175.4000
2023-05-19,sz.300014,68.0200,68.8700,67.1300,67.9900,68.1300,11352611,772991139.4600
2023-05-22,sz.300014,67.8000,69.7000,67.3300,68.3000,67.9900,13569613,930290425.8400
2023-05-23,sz.300014,68.3200,68.8800,67.0200,67.0200,68.3000,11077811,752329963.7500
2023-05-24,sz.300014,67.0900,68.8800,66.5000,67.3700,67.0200,15168329,1030943806.0000
2023-05-25,sz.300014,66.9000,68.8800,66.8000,67.8000,67.3700,17172438,1167985500.2600
2023-05-26,sz.300014,67.5000,67.5000,64.7000,66.0300,67.8000,15389029,1012727308.0900
2023-05-29,sz.300014,66.0000,66.2000,64.1100,64.7000,66.0300,17420815,1129829664.5000
2023-05-30,sz.300014,64.6200,66.0700,64.5000,65.2200,64.7000,13654982,889736736.7200
2023-05-31,sz.300014,65.2500,65.5000,63.2000,64.0000,65.2200,16220800,1039097724.8900
2023-06-01,sz.300014,64.0000,65.3000,63.3600,63.4800,64.0000,14499718,929943862.3500
2023-06-02,sz.300014,63.6500,65.8300,63.2300,65.6500,63.4800,20413524,1324475044.3400
2023-06-05,sz.300014,65.5000,65.5000,61.8800,63.2000,65.6500,27795392,1748069798.3300
2023-06-06,sz.300014,63.0100,63.3800,62.2000,62.6700,63.2000,12162356,763817279.7500
2023-06-07,sz.300014,62.6700,62.7000,59.6600,60.0200,62.6700,30907465,1866704810.1500
2023-06-08,sz.300014,60.3000,61.1500,59.6800,59.6900,60.0200,16886543,1015416008.4200
2023-06-09,sz.300014,59.9100,60.6000,57.9000,58.6200,59.6900,28401838,1671544029.4400
2023-06-12,sz.300014,58.0100,59.3900,57.5100,58.9200,58.6200,17101424,1003110289.5800
2023-06-13,sz.300014,58.7700,59.1400,57.3600,57.7100,58.9200,21623537,1252227969.2100
2023-06-14,sz.300014,57.7700,58.0700,55.5500,55.6000,57.7100,33403399,1878165680.4600
2023-06-15,sz.300014,56.0000,60.3900,55.5100,60.0900,55.6000,55634796,3236889893.0600
2023-06-16,sz.300014,60.9000,61.0000,59.3000,60.9900,60.0900,33034150,1992891281.5300
2023-06-19,sz.300014,60.1600,61.5000,59.7700,60.0100,60.8300,20714003,1249004826.9100
2023-06-20,sz.300014,60.3600,62.3500,59.7700,60.7000,60.0100,28516962,1734179815.6400
2023-06-21,sz.300014,60.2000,61.0900,58.8800,58.9900,60.7000,18396149,1099470652.1900
2023-06-26,sz.300014,58.0000,59.8000,57.7000,58.7600,58.9900,15137134,890894821.1800
2023-06-27,sz.300014,58.7600,59.7200,57.9200,58.9200,58.7600,11479769,674578128.5200
2023-06-28,sz.300014,59.0000,59.4300,57.8900,58.1500,58.9200,14539791,850306011.5900
2023-06-29,sz.300014,57.8700,58.6400,57.2400,57.2400,58.1500,14243759,821850997.1800
2023-06-30,sz.300014,57.5900,61.3000,57.3400,60.5000,57.2400,33810080,2022057523.7400
2023-07-03,sz.300014,60.5200,61.4500,60.0100,60.4500,60.5000,22406949,1359834712.0700
2023-07-04,sz.300014,60.4500,60.5800,59.5000,60.0300,60.4500,15078926,904397701.7500
2023-07-05,sz.300014,59.9600,60.3800,59.3300,59.7400,60.0300,10305209,616226291.0700
2023-07-06,sz.300014,59.5500,59.6200,57.8800,58.1900,59.7400,16006467,934951459.2600
2023-07-07,sz.300014,57.8800,58.0800,56.8800,56.8900,58.1900,12640465,724617503.3600
2023-07-10,sz.300014,57.0800,60.6500,57.0800,59.3400,56.8900,25147647,1494631823.9300
2023-07-11,sz.300014,59.1100,59.8000,58.2500,59.6300,59.3400,13857843,817315787.7300
2023-07-12,sz.300014,59.0100,59.5500,58.5900,58.7300,59.6300,11545203,680683723.6900
2023-07-13,sz.300014,59.0000,60.4900,57.9100,58.3900,58.7300,21087379,1242530190.6400
2023-07-14,sz.300014,58.0000,58.3500,57.2500,57.5800,58.3900,20311265,1170752938.8000
2023-07-17,sz.300014,57.3000,57.5500,56.5600,56.8100,57.5800,12528522,712141902.5600
2023-07-18,sz.300014,57.1700,57.5000,56.1000,56.7000,56.8100,12811545,724837669.8200
2023-07-19,sz.300014,56.4600,57.0000,55.6500,56.0500,56.7000,12613020,706122077.4300
2023-07-20,sz.300014,56.1100,57.3500,55.5600,55.6600,56.0500,18855667,1061860527.1300
2023-07-21,sz.300014,55.0800,56.5400,54.8700,55.9200,55.6600,14146441,788703687.4100
2023-07-24,sz.300014,55.5000,55.6800,54.5800,54.6400,55.9200,14269238,783894800.5800
2023-07-25,sz.300014,55.5000,56.9600,55.2800,56.8700,54.6400,21830672,1231181261.6800
2023-07-26,sz.300014,56.5000,56.9400,56.3000,56.7600,56.8700,9860981,558179748.0000
2023-07-27,sz.300014,57.5000,59.4600,56.5800,58.3800,56.7600,33282291,1936593489.9300
2023-07-28,sz.300014,57.8900,58.9500,57.5100,58.5300,58.3800,15965994,931390073.0600
2023-07-31,sz.300014,58.4900,60.1500,58.4400,59.2300,58.5300,18659643,1110596704.0000
2023-08-01,sz.300014,58.9400,59.5000,58.4400,58.8000,59.2300,10536871,620400142.4500
2023-08-02,sz.300014,58.8000,59.9500,58.1500,58.2700,58.8000,10829449,637347716.8400
2023-08-03,sz.300014,58.0000,59.2800,58.0000,59.1600,58.2700,12470198,734202798.3700
2023-08-04,sz.300014,59.3300,60.8800,58.9200,59.9800,59.1600,24427476,1463595407.2600
2023-08-07,sz.300014,59.6900,59.9500,59.0100,59.2400,59.9800,9666782,574367768.1400
2023-08-08,sz.300014,59.1500,59.4500,58.3000,58.4800,59.2400,8905468,522214497.8500
2023-08-09,sz.300014,58.1100,59.4200,58.1100,58.9000,58.4800,9671554,569518373.9100
2023-08-10,sz.300014,58.9000,60.4400,58.8000,59.2400,58.9000,11725052,697746822.9400
2023-08-11,sz.300014,59.2500,59.4300,57.5000,57.5000,59.2400,9715363,566147580.5500
2023-08-14,sz.300014,57.0000,57.2000,55.8100,56.6000,57.5000,11675444,658373793.8600
2023-08-15,sz.300014,57.0100,57.2200,55.6000,56.0300,56.6000,9889179,555235121.8200
2023-08-16,sz.300014,55.9700,56.9800,55.4100,55.4100,56.0300,9792245,548192730.8000
2023-08-17,sz.300014,55.4000,55.7900,54.6000,55.0500,55.4100,11971803,658534307.8600
2023-08-18,sz.300014,55.0600,56.0500,54.3000,54.3000,55.0500,12003777,660758502.2300
2023-08-21,sz.300014,54.0300,54.2800,52.6900,52.6900,54.3000,17773650,945066324.2200
2023-08-22,sz.300014,52.6800,53.3000,50.5800,51.8600,52.6900,20569272,1062325465.4800
2023-08-23,sz.300014,51.8000,51.9300,49.7100,49.7700,51.8600,15564859,786833575.2400
2023-08-24,sz.300014,50.1300,50.6600,49.6800,49.9700,49.7700,16959816,850655744.1800
2023-08-25,sz.300014,49.8800,49.9700,48.4600,48.6000,49.9700,17597303,861050142.3200
2023-08-28,sz.300014,51.9900,52.3300,48.5800,48.9000,48.6000,21982117,1105891511.8000
2023-08-29,sz.300014,48.5900,51.1800,48.5000,50.7600,48.9000,21739024,1093098275.2900
2023-08-30,sz.300014,50.7600,51.4500,50.2500,50.4000,50.7600,15516305,787792753.7900
2023-08-31,sz.300014,50.0700,50.1100,49.0500,49.4000,50.4000,17939628,886478656.2100
2023-09-01,sz.300014,49.5000,49.7900,48.8500,48.9700,49.4000,9831155,482631411.8300
2023-09-04,sz.300014,49.2300,50.2600,48.5800,50.0900,48.9700,16288704,808786115.0800
2023-09-05,sz.300014,49.9000,50.2500,49.4800,49.6200,50.0900,11406359,567734002.7900
2023-09-06,sz.300014,49.3900,49.6200,48.6600,49.0400,49.6200,14430994,707584117.3900
2023-09-07,sz.300014,49.5000,50.2000,47.7000,47.7100,49.0400,20546831,997144616.4500
2023-09-08,sz.300014,47.6900,48.1600,46.8100,47.5500,47.7100,14021964,663418989.8800
2023-09-11,sz.300014,47.2000,48.8600,46.9100,48.1400,47.5500,15733431,754748548.0900
2023-09-12,sz.300014,48.0900,49.4900,47.8400,48.3500,48.1400,14956610,726875656.6600
2023-09-13,sz.300014,47.9800,48.4600,47.2400,47.3800,48.3500,12517038,597019023.7100
2023-09-14,sz.300014,47.1900,47.5600,46.4300,46.5600,47.3800,11798308,551901011.3900
2023-09-15,sz.300014,46.6300,47.3000,46.0300,46.2800,46.5600,14953697,696240195.9000
2023-09-18,sz.300014,46.0200,48.1400,45.9200,47.2100,46.2800,17980640,851504075.2000
2023-09-19,sz.300014,47.1000,47.2000,45.8100,45.9900,47.2100,15760664,727107034.9400
2023-09-20,sz.300014,45.5100,45.8800,45.0100,45.0200,45.9900,15727725,712107224.0900
2023-09-21,sz.300014,44.9600,45.3000,44.4200,44.6100,45.0200,12800487,572882346.7000
2023-09-22,sz.300014,44.9200,45.6700,44.6100,45.6500,44.6100,15360226,695037162.6400
2023-09-25,sz.300014,45.8600,46.0600,44.6800,45.0600,45.6500,12197487,550924807.8200
2023-09-26,sz.300014,45.0600,45.2900,44.3600,44.4000,45.0600,11708534,523430601.5000
2023-09-27,sz.300014,44.5000,46.4000,44.3300,45.4000,44.4000,24234974,1100040975.2700
2023-09-28,sz.300014,45.5700,46.1200,44.9200,45.1200,45.4000,14925451,675861279.7100
2023-10-09,sz.300014,45.0000,45.3200,44.1000,45.1200,45.1200,15702840,703467585.9200
2023-10-10,sz.300014,45.1000,46.0900,44.8600,44.8700,45.1200,15697506,712822090.7900
2023-10-11,sz.300014,45.1500,45.9000,44.8500,44.9400,44.8700,14655386,663509914.9900
2023-10-12,sz.300014,45.2900,47.2800,45.1800,46.9000,44.9400,37016919,1717415993.4600
2023-10-13,sz.300014,46.7300,46.7300,44.8700,45.2900,46.9000,27869645,1268525693.2600
2023-10-16,sz.300014,45.3000,45.4900,43.9000,44.1400,45.2900,16243574,722001852.9600
2023-10-17,sz.300014,44.2100,45.5600,44.0700,44.6000,44.1400,22875024,1028077518.2100
2023-10-18,sz.300014,44.2300,44.5100,43.7000,44.0200,44.6000,13818934,608443802.5500
2023-10-19,sz.300014,44.0800,44.0800,42.9000,43.0000,44.0200,17752118,766663204.7100
2023-10-20,sz.300014,42.4700,44.7100,42.4000,43.8100,43.0000,26782669,1174750861.9400
2023-10-23,sz.300014,43.5000,43.5000,42.3200,42.8200,43.8100,14749956,631633485.2500
2023-10-24,sz.300014,43.0000,43.5000,41.9300,42.4100,42.8200,22421473,954214568.6900
2023-10-25,sz.300014,42.7200,43.9900,42.3800,42.4000,42.4100,19405515,834187986.8700
2023-10-26,sz.300014,42.2800,45.1800,41.3500,44.7500,42.4000,42822124,1859592181.9200
2023-10-27,sz.300014,44.1100,47.1600,44.1000,46.5500,44.7500,50998869,2337677127.9200
2023-10-30,sz.300014,46.0000,47.0600,46.0000,46.8500,46.5500,28842356,1344419652.2700
2023-10-31,sz.300014,46.4700,46.6600,45.6100,46.4200,46.8500,21299996,979963537.8500
2023-11-01,sz.300014,46.0100,46.2200,45.1300,45.5800,46.4200,17091004,779688720.2100
2023-11-02,sz.300014,45.8300,45.9000,44.5500,44.6800,45.5800,14988557,675568724.2900
2023-11-03,sz.300014,44.8200,45.6500,44.4800,45.3500,44.6800,14544992,657068135.0700
2023-11-06,sz.300014,45.7500,48.3400,45.7500,48.0200,45.3500,38561968,1833207132.8100
2023-11-07,sz.300014,47.7800,47.7800,47.0100,47.2000,48.0200,18362963,868667318.0400
2023-11-08,sz.300014,47.4800,47.8400,46.7000,47.2900,47.2000,17214747,813555412.6700
2023-11-09,sz.300014,47.3600,48.6000,46.9300,47.9900,47.2900,26390774,1266602179.6200
2023-11-10,sz.300014,47.5300,47.7500,47.1100,47.3000,47.9900,14349371,680314406.8000
2023-11-13,sz.300014,47.4000,48.0800,47.0500,47.4500,47.3000,13246374,628527215.8500
2023-11-14,sz.300014,47.4100,47.6100,46.3400,46.9000,47.4500,20392774,953839328.6200
2023-11-15,sz.300014,47.9700,47.9900,46.8300,46.9800,46.9000,17980439,853473914.4400
2023-11-16,sz.300014,46.9500,46.9900,45.5000,45.5000,46.9800,18742561,860535604.3000
2023-11-17,sz.300014,45.4700,45.8100,45.1000,45.5100,45.5000,11087882,504197001.2500
2023-11-20,sz.300014,45.5000,45.6900,44.5200,45.4300,45.5100,14588116,658931962.0500
2023-11-21,sz.300014,45.8100,46.1000,44.8300,44.8300,45.4300,15541680,705507466.2400
2023-11-22,sz.300014,44.5000,44.8300,43.7000,43.7000,44.8300,14732345,650015361.4900
2023-11-23,sz.300014,43.8000,44.9800,43.4000,44.6000,43.7000,17756059,781776945.2400
2023-11-24,sz.300014,44.4900,44.4900,43.5000,43.5000,44.6000,11738416,514899458.5700
2023-11-27,sz.300014,43.1900,43.4800,42.4100,42.4100,43.5000,14516401,619831134.0900
2023-11-28,sz.300014,42.5200,42.8400,41.6700,42.7500,42.4100,16940804,714596687.0100
2023-11-29,sz.300014,42.2500,42.4300,41.6100,41.6100,42.7500,15385489,644141094.9400
2023-11-30,sz.300014,41.7000,42.6000,41.5000,42.1900,41.6100,17412225,732766714.1600
2023-12-01,sz.300014,42.0500,42.0700,41.2100,41.6000,42.1900,14992487,623404292.3700
2023-12-04,sz.300014,41.0400,41.6400,40.7100,40.9800,41.6000,12871222,530305704.5400
2023-12-05,sz.300014,40.8000,41.9500,40.4300,40.4300,40.9800,16811782,691489054.8800
2023-12-06,sz.300014,40.3300,43.4300,40.2800,42.6800,40.4300,39779834,1690856603.2500
2023-12-07,sz.300014,42.3500,42.8400,41.9600,42.1300,42.6800,20068109,848617424.4100
2023-12-08,sz.300014,42.6500,42.6500,41.2400,41.5900,42.1300,21920516,912459762.9100
2023-12-11,sz.300014,41.6200,41.6900,40.5100,41.5500,41.5900,17052900,699055648.2800
2023-12-12,sz.300014,41.1900,41.9400,41.0500,41.1800,41.5500,13074507,541418666.7400
2023-12-13,sz.300014,41.0600,41.1600,39.8000,39.9300,41.1800,17765198,717161832.7300
2023-12-14,sz.300014,40.4000,41.1600,39.3000,39.3500,39.9300,18316130,734584838.5800
2023-12-15,sz.300014,39.6900,40.3800,39.3200,39.3200,39.3500,19301061,767669016.7700
2023-12-18,sz.300014,39.1600,39.4600,38.2200,38.3400,39.3200,18439198,712303708.5100
2023-12-19,sz.300014,38.3000,39.1500,38.1600,38.6200,38.3400,13726571,530227653.9200
2023-12-20,sz.300014,38.6300,38.7400,37.8800,37.8900,38.6200,13419497,513100441.5000
2023-12-21,sz.300014,37.6300,39.1700,37.6200,38.7300,37.8900,23336275,898069168.2800
2023-12-22,sz.300014,38.6900,40.2800,37.8900,39.4900,38.7300,28113161,1103188198.9300
2023-12-25,sz.300014,39.4000,40.3500,39.3600,39.8500,39.4900,14790737,590761250.0600
2023-12-26,sz.300014,39.8500,40.0200,39.5100,39.7800,39.8500,10652419,423787673.5900
2023-12-27,sz.300014,39.8900,39.8900,38.8700,39.0300,39.7800,14508822,567159811.7700
2023-12-28,sz.300014,39.0300,42.3300,38.8100,42.1700,39.0300,42968902,1769093355.9100
2023-12-29,sz.300014,42.1400,42.9500,42.0000,42.2000,42.1700,24112542,1022727601.7100
2024-01-02,sz.300014,42.2700,42.2700,40.8500,40.8500,42.2000,19361591,798862106.9300
2024-01-03,sz.300014,40.6000,41.0800,40.4200,40.9200,40.8500,13904277,566521946.2100
2024-01-04,sz.300014,40.8800,40.8800,39.4000,39.6000,40.9200,17091666,680686508.9800
2024-01-05,sz.300014,39.4300,41.5100,39.2000,39.4900,39.6000,24625197,993189010.0800
2024-01-08,sz.300014,39.6500,40.6600,39.1500,39.1500,39.4900,20253341,806026734.1200
2024-01-09,sz.300014,39.1500,40.1300,38.2000,39.1500,39.1500,22392979,875665882.7900
2024-01-10,sz.300014,38.9500,40.2500,38.3600,39.2300,39.1500,20682743,816601894.4500
2024-01-11,sz.300014,39.1400,42.0000,38.6800,41.3300,39.2300,37380202,1519110479.9300
2024-01-12,sz.300014,41.0800,41.5900,40.7000,40.7600,41.3300,23853333,979845608.8700
2024-01-15,sz.300014,40.4000,40.6000,39.5000,39.9100,40.7600,15339414,613891642.9100
2024-01-16,sz.300014,39.7900,41.2000,39.4600,40.5600,39.9100,23539863,951160795.0600
2024-01-17,sz.300014,40.3100,40.3100,38.5100,38.5100,40.5600,26894092,1053552497.8000
2024-01-18,sz.300014,38.2700,39.5900,37.9600,39.4500,38.5100,25870139,1003414021.7600
2024-01-19,sz.300014,39.0000,41.8000,38.9000,40.2700,39.4500,38791151,1582806908.4500
2024-01-22,sz.300014,39.7000,40.9000,38.3100,39.0700,40.2700,38708211,1531506995.6700
2024-01-23,sz.300014,38.8100,39.6500,37.7800,38.5900,39.0700,28845824,1118325785.3900
2024-01-24,sz.300014,38.8400,38.8800,36.9100,38.0700,38.5900,29424288,1109895317.6700
2024-01-25,sz.300014,37.6800,38.9800,37.2300,38.9300,38.0700,26960584,1034173074.1900
2024-01-26,sz.300014,38.5000,38.9500,37.9000,37.9000,38.9300,20381560,781340049.7900
2024-01-29,sz.300014,38.0000,38.1000,36.0300,36.0300,37.9000,22726923,836356231.1100
2024-01-30,sz.300014,35.6400,36.6000,34.7500,34.8000,36.0300,19714277,700902324.9400
2024-01-31,sz.300014,35.0500,36.7800,34.7000,34.7800,34.8000,31653994,1127614646.0600
2024-02-01,sz.300014,34.2000,34.9500,33.7600,33.9200,34.7800,21850964,749560793.5600
2024-02-02,sz.300014,34.0000,34.3300,31.6600,32.8000,33.9200,29751457,980975102.0400
2024-02-05,sz.300014,32.3800,33.3700,30.5300,32.0300,32.8000,33833864,1087367091.6500
2024-02-06,sz.300014,31.7400,34.3000,31.7000,34.2100,32.0300,30615392,1023969710.1900
2024-02-07,sz.300014,34.1900,34.9900,33.8000,34.1700,34.2100,32598774,1119839721.6000
2024-02-08,sz.300014,34.4800,35.7000,34.1800,35.2000,34.1700,27907558,976382136.4800
2024-02-19,sz.300014,35.4000,35.7700,34.7100,35.1500,35.2000,20361694,714528272.7000
2024-02-20,sz.300014,34.8100,35.0800,34.3500,34.9000,35.1500,15914499,552190916.1100
2024-02-21,sz.300014,34.6900,36.4000,34.5000,35.6100,34.9000,25375661,904880771.9300
2024-02-22,sz.300014,35.2900,35.8600,35.2300,35.6700,35.6100,16055149,569875626.4700
2024-02-23,sz.300014,35.8000,36.5000,35.4800,36.1000,35.6700,20237916,727741383.0700
2024-02-26,sz.300014,36.0000,36.5000,35.6000,35.9500,36.1000,19668478,708642185.2100
2024-02-27,sz.300014,35.8000,36.6500,35.6800,36.6500,35.9500,21689614,784666262.7000
2024-02-28,sz.300014,36.8500,38.3800,35.9700,35.9800,36.6500,38204007,1427811087.0300
2024-02-29,sz.300014,35.6300,38.3300,35.6300,38.3100,35.9800,43747430,1628592208.2800
2024-03-01,sz.300014,38.3300,39.8100,38.2000,39.4000,38.3100,43252515,1689612523.3800
2024-03-04,sz.300014,39.4100,40.4900,38.8100,38.9300,39.4000,27492673,1085879827.2600
2024-03-05,sz.300014,38.4000,38.7100,37.8700,38.4500,38.9300,20652491,791136585.9700
2024-03-06,sz.300014,38.1800,39.8200,37.9000,38.9300,38.4500,21411525,829913375.1900
2024-03-07,sz.300014,38.8600,39.1500,37.8700,37.8700,38.9300,15815346,607994464.0900
2024-03-08,sz.300014,37.8800,38.7000,37.2900,37.6100,37.8700,16260615,614443065.5600
2024-03-11,sz.300014,38.6000,42.7600,38.5500,42.5000,37.6100,64894691,2651262664.8300
2024-03-12,sz.300014,43.2000,43.4800,42.0000,42.4500,42.5000,48308781,2060799189.1400
2024-03-13,sz.300014,42.0600,42.5700,41.7200,42.5000,42.4500,26929173,1134861986.2600
2024-03-14,sz.300014,42.1500,43.0500,41.4200,41.7100,42.5000,22735879,959026840.4800
2024-03-15,sz.300014,41.4000,41.6600,40.2400,41.0600,41.7100,23898729,974652535.5400
2024-03-18,sz.300014,42.2000,42.5000,41.5300,42.0800,41.0600,29986037,1260784557.3000
2024-03-19,sz.300014,42.0000,42.6500,41.5000,41.6000,42.0800,20485515,858813066.9900
2024-03-20,sz.300014,41.5000,42.4900,41.3200,41.9400,41.6000,17544010,737119109.4400
2024-03-21,sz.300014,41.8100,42.6000,41.6000,41.7700,41.9400,17628150,740685343.5800
2024-03-22,sz.300014,41.6000,41.8400,40.4200,40.4200,41.7700,18068273,738548519.2100
2024-03-25,sz.300014,40.3500,40.4200,39.3400,39.3400,40.4200,16589890,659872614.7700
2024-03-26,sz.300014,39.2400,41.5300,39.1500,41.0600,39.3400,27106322,1094895717.4400
2024-03-27,sz.300014,40.8000,40.9700,38.8400,38.8400,41.0600,18260564,724993820.5400
2024-03-28,sz.300014,38.8900,39.7800,38.8000,39.2700,38.8400,13958376,549031650.5800
2024-03-29,sz.300014,39.2100,40.2000,38.9100,39.1600,39.2700,13315552,525396692.5500
2024-04-01,sz.300014,39.3900,40.8300,39.3900,40.6800,39.1600,20578181,832773560.6000
2024-04-02,sz.300014,40.6800,41.5500,40.2100,41.2000,40.6800,24308182,995754089.2800
2024-04-03,sz.300014,41.2000,41.7600,40.2500,40.4700,41.2000,20093329,821034436.8900
2024-04-08,sz.300014,39.8600,40.8400,38.6000,38.6100,40.4700,25676565,1010045532.0400
2024-04-09,sz.300014,38.5000,40.2900,38.4000,40.1400,38.6100,28022460,1113579548.8300
2024-04-10,sz.300014,40.5200,40.5400,39.1000,39.3500,40.1400,15337720,606581175.5300
2024-04-11,sz.300014,38.8800,39.2300,38.2300,38.6200,39.3500,16534146,639748991.5600
2024-04-12,sz.300014,38.4100,38.5500,36.6100,36.6900,38.6200,27074984,1007137918.8900
2024-04-15,sz.300014,36.7000,38.2600,36.6000,37.0100,36.6900,21264520,794887554.8300
2024-04-16,sz.300014,36.9900,37.0200,35.6300,35.6800,37.0100,20302884,732155661.7800
2024-04-17,sz.300014,35.9600,36.6700,35.9400,36.5100,35.6800,15980111,580284397.0200
2024-04-18,sz.300014,36.4600,36.7300,35.4300,36.2000,36.5100,16845317,610012518.4400
2024-04-19,sz.300014,36.1600,36.1600,34.7100,35.0000,36.2000,20735094,729526431.5400
2024-04-22,sz.300014,35.1500,35.8000,34.3100,34.8500,35.0000,18097295,630254734.5600
2024-04-23,sz.300014,34.8900,35.2500,34.3700,35.0000,34.8500,14230423,495496717.4200
2024-04-24,sz.300014,34.7000,34.7700,33.5900,34.2700,35.0000,24091282,821125794.6500
2024-04-25,sz.300014,34.8500,36.9900,34.8300,35.9200,34.2700,37551857,1350506178.5900
2024-04-26,sz.300014,35.5100,36.5400,35.5000,36.2900,35.9200,21879662,790920155.2300
2024-04-29,sz.300014,36.3800,38.4500,36.3600,37.7400,36.2900,35727930,1344057672.9600
2024-04-30,sz.300014,37.7500,37.9700,36.9400,36.9700,37.7400,20171916,750566133.9600
2024-05-06,sz.300014,38.0000,39.3000,38.0000,38.7800,36.9700,32096344,1241776281.1200
2024-05-07,sz.300014,38.6700,38.9800,38.3500,38.8400,38.7800,16485692,637530855.9700
2024-05-08,sz.300014,38.6400,38.7500,37.4100,37.6100,38.8400,18409131,698816198.6300
2024-05-09,sz.300014,39.8500,40.3000,38.8100,39.7000,37.6100,51913940,2062637011.6600
2024-05-10,sz.300014,39.9900,39.9900,38.7600,38.9500,39.7000,23091281,902667745.7900
2024-05-13,sz.300014,38.1900,38.5800,37.6800,37.9900,38.9500,17499963,666493459.6500
2024-05-14,sz.300014,38.0900,38.2800,37.5100,37.6100,37.9900,14939679,563727993.3300
2024-05-15,sz.300014,37.8800,38.9900,37.3200,37.4000,37.6100,14022668,532743860.1000
2024-05-16,sz.300014,37.5800,38.1700,37.1200,37.6000,37.4000,13434788,506023628.2800
2024-05-17,sz.300014,37.4000,38.1000,37.1300,38.0700,37.6000,17355364,653711692.6300
2024-05-20,sz.300014,38.0800,38.4500,37.3700,37.6700,38.0700,17965045,679681108.0300
2024-05-21,sz.300014,37.1800,37.4400,36.8000,37.0900,37.1700,15382713,569905798.4000
2024-05-22,sz.300014,37.2000,39.2300,36.9000,38.9600,37.0900,42151998,1620103508.2800
2024-05-23,sz.300014,38.6700,38.8400,37.8900,38.0600,38.9600,18800192,718659862.3400
2024-05-24,sz.300014,37.7900,38.0300,36.9300,36.9500,38.0600,18539527,692305887.1100
2024-05-27,sz.300014,36.9800,37.1500,36.1300,36.7000,36.9500,13600931,496260585.9800
2024-05-28,sz.300014,36.5200,37.2600,36.2200,36.3500,36.7000,13101373,480927587.8200
2024-05-29,sz.300014,36.6500,38.9900,36.6000,37.4700,36.3500,37666066,1435909961.4900
2024-05-30,sz.300014,37.9500,38.6600,37.5500,38.4500,37.4700,27472329,1048436840.8300
2024-05-31,sz.300014,38.2000,39.9000,38.1600,39.1800,38.4500,35694141,1404338476.2600
2024-06-03,sz.300014,39.6800,41.2000,39.5600,40.7800,39.1800,47865353,1934003385.0900
2024-06-04,sz.300014,41.5500,44.3800,41.4000,43.7100,40.7800,66109167,2859664640.7200
2024-06-05,sz.300014,43.3800,44.2700,42.4700,42.6000,43.7100,42208522,1829365382.8200
2024-06-06,sz.300014,43.0600,43.4800,42.0400,42.5400,42.6000,33882695,1448741129.2800
2024-06-07,sz.300014,41.8600,42.8400,41.0500,41.2900,42.5400,30115064,1255564387.9100
2024-06-11,sz.300014,40.9300,41.6700,40.6100,41.2500,41.2900,20274451,832739718.2500
2024-06-12,sz.300014,40.8500,41.1800,40.2600,40.7500,41.2500,18648683,758663207.6700
2024-06-13,sz.300014,40.8200,41.5000,40.2000,40.3200,40.7500,21811414,889921568.2500
2024-06-14,sz.300014,40.3700,40.8600,39.4100,40.5000,40.3200,24457933,981952102.6000
2024-06-17,sz.300014,40.1100,43.0300,40.0100,42.9800,40.5000,41328809,1737825013.3800
2024-06-18,sz.300014,42.6200,43.4200,42.6000,42.8400,42.9800,19654321,843509063.0500
2024-06-19,sz.300014,43.2000,43.7500,42.5700,42.7700,42.8400,18469937,794708911.3400
2024-06-20,sz.300014,42.5000,43.0900,42.0000,42.0700,42.7700,14027366,595497721.0100
2024-06-21,sz.300014,42.0900,42.3900,41.1100,41.5100,42.0700,14678311,610610838.3800
2024-06-24,sz.300014,41.9900,42.6800,40.9000,41.9500,41.5100,21894352,919727536.1500
2024-06-25,sz.300014,41.6900,42.4900,40.5500,40.9000,41.9500,18439868,759499293.4800
2024-06-26,sz.300014,40.6000,41.5000,39.8900,41.1300,40.9000,19191312,783121952.2500
2024-06-27,sz.300014,40.8900,41.5400,40.3900,41.1000,41.1300,14214381,584222323.8500
2024-06-28,sz.300014,41.0000,41.3100,39.7200,39.9200,41.1000,22393119,905171225.9400
2024-07-01,sz.300014,39.3700,39.6000,37.1400,38.5600,39.9200,31485645,1198119193.5900
2024-07-02,sz.300014,38.4100,38.8500,37.8600,37.9300,38.5600,13694122,524091161.2500
2024-07-03,sz.300014,38.5700,39.6700,37.8300,38.2000,37.9300,17536799,676098368.3300
2024-07-04,sz.300014,38.3300,38.4900,37.6400,37.8000,38.2000,11464886,435825274.6700
2024-07-05,sz.300014,37.7100,38.0900,37.2200,37.4500,37.8000,11235975,421439576.1400
2024-07-08,sz.300014,37.2000,37.2500,36.1300,36.2400,37.4500,18129531,662384518.4500
2024-07-09,sz.300014,36.2200,36.3900,34.9500,35.5400,36.2400,27975476,993523392.6500
2024-07-10,sz.300014,35.1500,36.5600,34.6900,35.2400,35.5400,19475337,694643812.5500
2024-07-11,sz.300014,35.8800,37.7200,35.4200,37.3300,35.2400,30725149,1130934083.0700
2024-07-12,sz.300014,37.2700,38.5800,37.0700,37.9700,37.3300,24340036,923274337.3300
2024-07-15,sz.300014,37.6900,38.2000,37.5000,37.6500,37.9700,14397109,544518438.6900
2024-07-16,sz.300014,38.0000,39.4500,37.9000,38.7800,37.6500,23646692,916383063.5900
2024-07-17,sz.300014,38.4300,38.8800,37.8900,38.6500,38.7800,17356016,666265581.1600
2024-07-18,sz.300014,38.1300,40.1400,38.0600,39.8200,38.6500,25178359,989738916.7700
2024-07-19,sz.300014,39.4500,40.1800,39.2500,40.0000,39.8200,18147985,723074693.9100
2024-07-22,sz.300014,40.0000,40.6000,39.7500,40.0100,40.0000,16818905,674107485.6900
2024-07-23,sz.300014,40.0000,40.5000,38.8100,38.8500,40.0100,17076084,677029021.0000
2024-07-24,sz.300014,39.0400,39.2000,37.6200,37.8400,38.8500,17571655,672033561.4600
2024-07-25,sz.300014,37.9800,38.9600,37.4600,38.4500,37.8400,13464642,516984204.6500
2024-07-26,sz.300014,38.7800,40.6700,38.7700,39.5000,38.4500,26682739,1064279518.7100
2024-07-29,sz.300014,39.2500,39.4000,37.5000,37.6700,39.5000,21689398,821560538.0600
2024-07-30,sz.300014,37.5000,37.8000,36.8600,37.0700,37.6700,12812464,476586557.1400
2024-07-31,sz.300014,37.1100,38.5000,36.8200,38.3900,37.0700,17002285,645421374.4400
2024-08-01,sz.300014,38.3400,38.6200,37.4500,37.7000,38.3900,13155408,499026857.7100
2024-08-02,sz.300014,37.6300,37.8800,36.9000,37.1200,37.7000,10974301,410202797.0100
2024-08-05,sz.300014,36.9000,37.6600,36.5100,36.5400,37.1200,12580244,464942106.7500
2024-08-06,sz.300014,36.9000,37.3700,36.5000,36.9600,36.5400,9424844,347312615.1100
2024-08-07,sz.300014,37.1000,38.6800,36.9100,38.0700,36.9600,21931221,837459781.8300
2024-08-08,sz.300014,37.9500,38.2600,37.1400,37.6000,38.0700,11117523,418379189.2600
2024-08-09,sz.300014,37.7300,38.2000,36.9700,36.9700,37.6000,9310476,348186881.0500
2024-08-12,sz.300014,37.1700,37.4500,36.4000,36.6500,36.9700,7707870,282876216.6800
2024-08-13,sz.300014,36.6500,38.2400,36.3900,37.9300,36.6500,15699037,587453989.5000
2024-08-14,sz.300014,37.7000,38.3500,37.0600,37.7400,37.9300,14610646,549737989.5000
2024-08-15,sz.300014,37.6300,38.3000,37.4400,37.7800,37.7400,12056545,456732235.5100
2024-08-16,sz.300014,37.7800,37.9300,36.7800,36.9000,37.7800,11287336,419818308.4900
2024-08-19,sz.300014,36.8000,37.9800,35.8100,35.9800,36.9000,21657022,794773143.0800
2024-08-20,sz.300014,35.8800,36.2500,35.0700,35.3000,35.9800,16418280,583246650.4800
2024-08-21,sz.300014,35.1900,35.4900,34.4000,35.2200,35.3000,18932727,661584757.0800
2024-08-22,sz.300014,35.2300,35.3100,33.7800,34.2000,35.2200,22391420,767765186.3300
2024-08-23,sz.300014,33.9500,33.9500,32.4600,32.4600,34.2000,34063353,1117645788.6700
2024-08-26,sz.300014,32.5000,34.4000,32.5000,33.1800,32.4600,26046946,875919444.7300
2024-08-27,sz.300014,33.0000,33.0800,31.8000,31.9700,33.1800,17834220,573577177.8800
2024-08-28,sz.300014,31.8200,32.0000,31.2000,31.7900,31.9700,14069116,444317885.1100
2024-08-29,sz.300014,31.4900,32.5800,31.3500,32.3600,31.7900,22791238,731656760.5100
2024-08-30,sz.300014,32.2300,33.8900,32.1700,33.5000,32.3600,29035740,967580231.2000
2024-09-02,sz.300014,33.4000,33.8300,32.5000,32.5600,33.5000,16033724,529098983.8400
2024-09-03,sz.300014,32.3600,33.6600,32.2500,33.3400,32.5600,17746163,588583840.7500
2024-09-04,sz.300014,33.0900,34.2200,33.0500,33.5600,33.3400,22444675,754980709.5800
2024-09-05,sz.300014,33.4200,34.3700,33.4000,33.5500,33.5600,14813112,499004213.5700
2024-09-06,sz.300014,33.5500,33.6500,32.7800,32.8600,33.5500,11601914,384383472.8200
2024-09-09,sz.300014,32.5300,33.1000,32.1600,32.5500,32.8600,11547377,375295956.4300
2024-09-10,sz.300014,32.5100,32.6100,31.9900,32.3600,32.5500,10235420,330081726.6100
2024-09-11,sz.300014,32.4000,33.7700,32.2300,33.6600,32.3600,29158461,969103343.7100
2024-09-12,sz.300014,33.6500,34.7500,33.5000,33.8400,33.6600,27036604,926327170.8400
2024-09-13,sz.300014,33.6000,34.1200,32.8000,32.8000,33.8400,15707087,520173883.7200
2024-09-18,sz.300014,32.8100,32.9500,31.9900,32.4800,32.8000,13764746,445810964.7700
2024-09-19,sz.300014,32.7200,33.3300,32.0300,32.3400,32.4800,21127692,687046920.2300
2024-09-20,sz.300014,32.2400,32.2400,30.7300,31.6500,32.3400,26168895,819934120.5900
2024-09-23,sz.300014,31.5700,31.9500,31.3000,31.3300,31.6500,12879538,406106390.4200
2024-09-24,sz.300014,31.6500,33.8500,31.4500,33.8000,31.3300,40139941,1316583371.2000
2024-09-25,sz.300014,34.4000,34.7600,33.4100,33.4100,33.8000,34468344,1177679267.7900
2024-09-26,sz.300014,33.2800,34.9900,33.0400,34.9400,33.4100,32280616,1096557228.1700
2024-09-27,sz.300014,35.6000,41.8900,35.5900,40.6500,34.9400,79222411,3087321417.1600
2024-09-30,sz.300014,44.4100,48.7800,43.5800,48.7800,40.6500,101753700,4702360571.2400
2024-10-08,sz.300014,58.5400,58.5400,53.2300,58.5400,48.7800,139003843,7924250991.8300
2024-10-09,sz.300014,55.6500,56.2400,49.3000,49.4000,58.5400,118553068,6244558023.4600
2024-10-10,sz.300014,49.9000,52.3900,49.0000,49.9500,49.4000,68044396,3445440014.8500
2024-10-11,sz.300014,48.7300,48.8000,45.1300,46.1300,49.9500,61214784,2850918177.8600
2024-10-14,sz.300014,46.5600,47.2300,45.0000,46.7000,46.1300,51685411,2392374941.8000
2024-10-15,sz.300014,46.5500,46.5500,44.4700,44.5700,46.7000,47333106,2150515021.6100
2024-10-16,sz.300014,43.5500,44.5000,42.3900,42.8700,44.5700,44238934,1913030419.5200
2024-10-17,sz.300014,43.4700,43.8500,42.2500,42.2800,42.8700,33407721,1437496920.2300
2024-10-18,sz.300014,42.1000,47.6500,41.8900,45.5200,42.2800,80931311,3607071340.4000
2024-10-21,sz.300014,46.0000,47.0900,45.0000,45.8400,45.5200,65867082,3027513592.8100
2024-10-22,sz.300014,45.3900,46.2900,44.7000,46.1900,45.8400,45782096,2078686542.3100
2024-10-23,sz.300014,46.3000,48.5000,45.2000,47.3300,46.1900,73341256,3439456784.8800
2024-10-24,sz.300014,46.8400,47.0800,44.8300,44.9400,47.3300,48876185,2228519579.8800
2024-10-25,sz.300014,45.9000,51.5900,45.9000,49.4400,44.9400,111515816,5420021698.9100
2024-10-28,sz.300014,50.0000,50.0000,47.7800,49.4400,49.4400,54894112,2682544069.3100
2024-10-29,sz.300014,49.5500,50.6700,47.8200,48.0600,49.4400,46533993,2275072638.3100
2024-10-30,sz.300014,47.3300,48.5300,46.9000,47.4000,48.0600,33949747,1616593610.8200
2024-10-31,sz.300014,47.9000,49.9700,46.8800,48.5500,47.4000,56803563,2769798077.0100
2024-11-01,sz.300014,47.8000,48.9500,46.8100,46.8900,48.5500,39973054,1905796723.4800
2024-11-04,sz.300014,47.5200,49.1800,46.9700,48.1400,46.8900,31304205,1505149428.9400
2024-11-05,sz.300014,47.8000,50.7200,47.6000,50.0000,48.1400,65683248,3260400000.6300
2024-11-06,sz.300014,50.0100,52.8000,49.0800,49.5200,50.0000,73607739,3766044295.7700
2024-11-07,sz.300014,49.5200,50.6600,48.8500,50.5900,49.5200,51305783,2559936920.7800
2024-11-08,sz.300014,52.5900,54.7500,51.2600,51.4700,50.5900,69703635,3674329807.5900
2024-11-11,sz.300014,50.8000,55.4400,50.6800,54.9400,51.4700,78939031,4220458028.3100
2024-11-12,sz.300014,55.6500,57.5000,53.1900,53.7000,54.9400,84479917,4695006229.2400
2024-11-13,sz.300014,53.0600,54.7900,52.1400,54.1900,53.7000,52307390,2793525337.5600
2024-11-14,sz.300014,54.2800,54.4400,51.3000,51.5500,54.1900,41209687,2173685484.0000
2024-11-15,sz.300014,50.9700,51.6600,49.2100,49.3000,51.5500,36925697,1865694066.9200
2024-11-18,sz.300014,49.0000,49.8400,47.5000,47.9800,49.3000,38645885,1877664457.9400
2024-11-19,sz.300014,48.4800,51.6100,47.6800,50.9900,47.9800,54342427,2690747661.2700
2024-11-20,sz.300014,50.7400,50.9600,49.7000,50.1000,50.9900,36458619,1831239023.0500
2024-11-21,sz.300014,49.8000,50.6200,49.4300,50.0100,50.1000,23929216,1196617658.6900
2024-11-22,sz.300014,49.7800,50.0400,48.2000,48.2600,50.0100,30094454,1479878286.5500
2024-11-25,sz.300014,48.9000,50.0600,48.1500,48.8000,48.2600,32643265,1602921652.7800
2024-11-26,sz.300014,48.3600,48.6800,46.9000,46.9000,48.8000,26671405,1268372333.6300
2024-11-27,sz.300014,46.6900,49.0000,46.0300,48.9500,46.9000,28118609,1337387415.9700
2024-11-28,sz.300014,48.7900,49.0000,47.8000,47.9800,48.9500,19110142,923037728.7500
2024-11-29,sz.300014,47.9800,49.6000,47.4100,48.6800,47.9800,28057193,1365242306.4300
2024-12-02,sz.300014,48.2200,49.7700,47.8700,49.2600,48.6800,26143961,1275924672.4300
2024-12-03,sz.300014,49.6000,49.6500,48.1700,48.7000,49.2600,19789567,963232630.3500
2024-12-04,sz.300014,48.4600,48.7700,47.8400,47.9300,48.7000,17431966,840829016.6000
2024-12-05,sz.300014,47.8000,48.1100,47.3700,47.6700,47.9300,14530091,693689889.8300
2024-12-06,sz.300014,47.6700,50.4000,47.4000,49.1000,47.6700,31224370,1526175987.9200
2024-12-09,sz.300014,48.9800,50.8800,48.8600,49.9000,49.1000,34182367,1707985877.0800
2024-12-10,sz.300014,52.4000,52.5900,49.0500,49.2000,49.9000,40289508,2038513565.8300
2024-12-11,sz.300014,49.0600,49.6000,47.8400,48.1000,49.2000,29278843,1415726060.3700
2024-12-12,sz.300014,48.0000,48.8900,47.7500,48.4500,48.1000,19531874,944209943.6600
2024-12-13,sz.300014,48.0300,48.0700,46.8200,46.9000,48.4500,32580733,1535304197.4000
2024-12-16,sz.300014,46.9000,47.2800,46.4900,46.7000,46.9000,16183933,757243505.8000
2024-12-17,sz.300014,46.5600,48.3600,46.5000,47.1200,46.7000,25230731,1199606638.9400
2024-12-18,sz.300014,47.3000,47.6000,46.6600,46.8000,47.1200,13727879,644572027.2000
2024-12-19,sz.300014,46.3500,47.1500,45.6100,46.9600,46.8000,15727816,733885739.0500
2024-12-20,sz.300014,46.8200,47.6000,46.7000,46.8600,46.9600,16072202,755632188.7700
2024-12-23,sz.300014,46.7800,47.1600,45.7900,45.8900,46.8600,18185828,843520223.4000
2024-12-24,sz.300014,46.0000,46.6300,45.3600,46.0000,45.8900,18144729,832841058.2800
2024-12-25,sz.300014,45.8100,46.0000,44.6200,44.8200,46.0000,18822740,848685204.4800
2024-12-26,sz.300014,47.0900,47.8200,46.8100,47.0600,44.8200,47356795,2240228366.1400
2024-12-27,sz.300014,47.8500,48.5800,46.7300,47.0300,47.0600,26638497,1264752617.5900
2024-12-30,sz.300014,47.3700,49.5000,47.2500,48.5500,47.0300,40405262,1972758481.3800
2024-12-31,sz.300014,48.3100,48.7600,46.6000,46.7400,48.5500,26023006,1235583077.8300
2025-01-02,sz.300014,46.7200,47.0000,44.5000,44.9000,46.7400,24246130,1103928777.8800
2025-01-03,sz.300014,45.0500,45.2300,43.7900,43.7900,44.9000,20532806,913163884.0500
2025-01-06,sz.300014,43.8000,45.1400,43.6500,44.3400,43.7900,18991749,843606933.6300
2025-01-07,sz.300014,43.9100,45.6400,43.8300,45.3800,44.3400,17009797,766173882.7700
2025-01-08,sz.300014,45.2000,45.3400,43.3600,44.3100,45.3800,17360318,768052789.4800
2025-01-09,sz.300014,43.9400,44.6700,43.7000,43.9200,44.3100,12747273,561850083.8600
2025-01-10,sz.300014,43.8000,44.2300,42.8000,42.9000,43.9200,13745764,597092219.1400
2025-01-13,sz.300014,42.4000,43.7500,42.2200,43.0500,42.9000,12579910,541814845.9500
2025-01-14,sz.300014,43.1300,44.3800,42.7300,44.3300,43.0500,23179116,1014790365.4500
2025-01-15,sz.300014,44.0000,44.1800,42.9500,43.0500,44.3300,18739056,813302658.9900
2025-01-16,sz.300014,43.2000,44.7300,43.2000,44.4800,43.0500,27690384,1218804395.7900
2025-01-17,sz.300014,44.4400,45.4800,44.3200,45.0300,44.4800,18572313,833697355.0100
2025-01-20,sz.300014,45.4600,46.4500,45.2800,45.8800,45.0300,23722709,1091013367.7200
2025-01-21,sz.300014,46.1600,46.1700,44.2000,44.4100,45.8800,21884134,981812316.7300
2025-01-22,sz.300014,44.1000,44.3600,42.5600,42.9000,44.4100,22107922,953360291.4400
2025-01-23,sz.300014,43.4500,44.2200,42.7100,42.7100,42.9000,19696049,856247128.8600
2025-01-24,sz.300014,42.6500,43.1500,42.2600,42.6500,42.7100,20009976,854808893.2700
2025-01-27,sz.300014,42.6400,43.2000,42.4700,42.5100,42.6500,17064354,729964454.1000
2025-02-05,sz.300014,42.6500,42.8700,42.0000,42.3800,42.5100,14605158,618856603.0500
2025-02-06,sz.300014,42.1700,44.8000,42.1100,44.3700,42.3800,30249490,1327388522.3700
2025-02-07,sz.300014,44.2900,46.0500,44.1000,45.5500,44.3700,38815689,1752918804.1100
2025-02-10,sz.300014,45.4500,45.4500,43.1100,43.9600,45.5500,42471328,1857277418.2600
2025-02-11,sz.300014,43.9800,44.0400,42.9000,43.1500,43.9600,28138675,1215637581.7100
2025-02-12,sz.300014,43.0500,44.6800,42.7700,44.1800,43.1500,34050648,1487206691.3800
2025-02-13,sz.300014,43.9700,45.1900,43.8700,43.9000,44.1800,31821690,1419199889.5700
2025-02-14,sz.300014,43.9000,45.1800,43.7800,44.5800,43.9000,33883228,1513743803.4100
2025-02-17,sz.300014,44.5900,44.8600,43.2500,43.8400,44.5800,30316924,1328868997.9700
2025-02-18,sz.300014,44.6100,45.6700,44.2200,44.4200,43.8400,48406194,2177636355.6400
2025-02-19,sz.300014,43.9600,45.6000,43.8100,44.9800,44.4200,33713205,1507363881.6900
2025-02-20,sz.300014,44.8800,44.8800,44.0600,44.6000,44.9800,22198408,986018649.1900
2025-02-21,sz.300014,44.3000,46.5000,44.3000,46.0600,44.6000,47669084,2178698055.5800
2025-02-24,sz.300014,46.5900,46.6000,45.3400,45.7800,46.0600,33814611,1551953458.5400
2025-02-25,sz.300014,45.1600,45.8900,45.0000,45.1300,45.7800,24500453,1113649129.6800
2025-02-26,sz.300014,45.1900,46.0900,45.0500,45.6600,45.1300,27554214,1255619951.1800
2025-02-27,sz.300014,45.9500,47.4900,45.7600,47.1500,45.6600,53203976,2482738224.6000
2025-02-28,sz.300014,46.6600,48.6200,46.5800,46.8200,47.1500,63127302,3017605942.6800
2025-03-03,sz.300014,47.3000,52.8800,47.2900,51.0000,46.8200,94384344,4739437819.4900
2025-03-04,sz.300014,49.8200,50.0800,48.3100,49.2500,51.0000,55262788,2707469393.8600
2025-03-05,sz.300014,48.8100,50.3200,48.6500,49.7500,49.2500,39379964,1953024672.1900
2025-03-06,sz.300014,50.0000,50.9900,49.4300,50.7000,49.7500,34156838,1721973203.3400
2025-03-07,sz.300014,50.1400,50.8000,48.9900,49.3500,50.7000,34449540,1715449159.8400
2025-03-10,sz.300014,49.4200,50.6800,49.2500,50.1300,49.3500,23093038,1150584212.7400
2025-03-11,sz.300014,49.4600,51.1700,49.0000,51.1400,50.1300,27135930,1360277483.2600
2025-03-12,sz.300014,51.2400,51.4000,50.3000,50.4900,51.1400,21741330,1106155119.6200
2025-03-13,sz.300014,50.3000,50.7900,48.7200,49.2000,50.4900,20409334,1009205209.6400
2025-03-14,sz.300014,49.1600,49.9700,48.6000,49.6600,49.2000,18670531,923111530.0200
2025-03-17,sz.300014,49.6200,51.3800,49.6200,50.3900,49.6600,23519912,1191792417.9600
2025-03-18,sz.300014,50.2800,51.3200,49.9000,50.3500,50.3900,18966065,957261743.2800
2025-03-19,sz.300014,50.6200,52.5000,50.0000,51.3200,50.3500,35843898,1841932615.6100
2025-03-20,sz.300014,50.8800,52.5000,50.8600,51.7000,51.3200,35553949,1848267045.2300
2025-03-21,sz.300014,51.5800,51.6300,50.3100,50.9600,51.7000,28052192,1427474714.1400
2025-03-24,sz.300014,50.3000,50.4000,48.0000,48.6700,50.9600,30660111,1498501337.3500
2025-03-25,sz.300014,48.9200,49.7000,48.6000,48.9500,48.6700,18798777,924158293.2900
2025-03-26,sz.300014,48.9600,49.7100,48.3200,48.3500,48.9500,12961359,633798129.5500
2025-03-27,sz.300014,48.1900,48.8400,47.6100,47.9200,48.3500,14614698,703583947.4900
2025-03-28,sz.300014,47.9700,48.3300,47.6000,47.9800,47.9200,8982936,431176714.7400
2025-03-31,sz.300014,47.8100,48.1700,46.7100,47.1100,47.9800,14436384,682075775.5000
2025-04-01,sz.300014,47.1200,47.6700,46.6100,47.1800,47.1100,11887441,560124407.2000
2025-04-02,sz.300014,47.1500,47.2900,46.2800,46.5300,47.1800,14776586,689554035.7600
2025-04-03,sz.300014,46.1600,46.6200,45.7200,45.7700,46.5300,13115875,603510618.2900
2025-04-07,sz.300014,42.7700,43.0900,37.3100,39.4000,45.7700,43034662,1731797815.9700
2025-04-08,sz.300014,39.5000,41.1500,39.4700,40.5400,39.4000,28136457,1137235145.6100
2025-04-09,sz.300014,39.7300,40.9400,39.0700,40.2000,40.5400,26262713,1054659590.7400
2025-04-10,sz.300014,42.0000,42.2000,40.5000,40.6200,40.2000,25732144,1058590121.6800
2025-04-11,sz.300014,40.0000,41.6600,39.9500,41.3600,40.6200,21385875,875608209.2900
2025-04-14,sz.300014,42.2000,42.2800,41.5100,41.6500,41.3600,17425390,729339921.3400
2025-04-15,sz.300014,41.6900,42.3500,40.6100,40.8900,41.6500,22091006,912781227.6800
2025-04-16,sz.300014,40.5500,40.7300,39.4900,40.1400,40.8900,18243242,730414814.8300
2025-04-17,sz.300014,39.9000,40.3000,39.7300,39.7300,40.1400,11502508,460104630.7800
2025-04-18,sz.300014,39.8100,40.1500,39.2700,39.9900,39.7300,13460941,534515148.2500
2025-04-21,sz.300014,39.9200,41.2400,39.6200,40.7400,39.9900,16737199,679320919.3500
2025-04-22,sz.300014,40.6500,41.0000,39.8500,39.9200,40.7400,14916011,598870637.6600
2025-04-23,sz.300014,40.1400,40.8000,40.0000,40.4100,39.9200,15878150,641133956.2800
2025-04-24,sz.300014,40.5700,42.0000,40.5700,40.9200,40.4100,26708423,1100865237.1200
2025-04-25,sz.300014,41.3500,42.0500,41.1100,41.2300,40.9200,25279590,1049590449.4600
2025-04-28,sz.300014,41.2500,41.5600,40.6600,41.0400,41.2300,13717141,562566571.3100
2025-04-29,sz.300014,41.0500,41.2300,40.6000,40.6300,41.0400,11515571,470155351.1200
2025-04-30,sz.300014,40.6000,41.3100,40.6000,41.0800,40.6300,16249181,667122303.5500
2025-05-06,sz.300014,41.3500,42.5400,41.3500,42.5200,41.0800,22532698,949548987.4700
2025-05-07,sz.300014,43.1000,43.9800,42.2900,42.5800,42.5200,20271580,872101124.1400
2025-05-08,sz.300014,42.2200,43.7800,42.2200,43.4100,42.5800,21033160,907889933.0700
2025-05-09,sz.300014,43.4100,43.7000,42.8100,43.3200,43.4100,13661124,589759401.9800
2025-05-12,sz.300014,43.8000,44.3400,43.7200,44.2600,43.3200,19846347,874701100.4600
2025-05-13,sz.300014,45.0000,45.0000,44.2800,44.4700,44.2600,18019710,803144067.7600
2025-05-14,sz.300014,44.3000,46.7400,44.1400,46.3200,44.4700,36254016,1664187119.7200
2025-05-15,sz.300014,46.2100,46.5800,45.6900,45.8700,46.3200,19071821,878400461.6200
2025-05-16,sz.300014,45.5900,45.9500,45.2000,45.3000,45.8700,12735998,579383062.3800
2025-05-19,sz.300014,45.1300,45.5500,44.4600,45.4900,44.8000,15961650,720365981.9700
2025-05-20,sz.300014,45.7000,47.2400,45.6500,46.6300,45.4900,26182123,1219331169.7400
2025-05-21,sz.300014,46.5000,48.6600,46.3100,47.4700,46.6300,38643067,1845109147.4500
2025-05-22,sz.300014,47.2800,48.1000,46.8800,47.7300,47.4700,23771859,1130978824.3700
2025-05-23,sz.300014,47.5600,48.8000,47.2000,47.2000,47.7300,22139782,1060520444.2300
2025-05-26,sz.300014,47.0000,47.4700,45.8100,46.0200,47.2000,26389855,1223529286.0800
2025-05-27,sz.300014,46.1100,46.8200,45.8400,46.3500,46.0200,15913645,738582216.8800
2025-05-28,sz.300014,46.6500,46.6500,45.4700,45.6200,46.3500,13284022,609970855.5400
2025-05-29,sz.300014,45.6200,46.2000,45.2000,45.5300,45.6200,15209992,693854228.3500
2025-05-30,sz.300014,45.5000,45.9400,45.0300,45.0600,45.5300,10833950,491245491.3900
2025-06-03,sz.300014,44.9700,46.0500,44.6000,45.0100,45.0600,11856859,537834040.7900
2025-06-04,sz.300014,45.1000,46.7800,45.1000,46.6000,45.0100,20255672,935774145.6900
2025-06-05,sz.300014,46.4700,46.7600,46.0500,46.1200,46.6000,11791063,545142651.1200
2025-06-06,sz.300014,46.4800,46.5400,45.1500,45.1800,46.1200,12803954,584591488.9700
2025-06-09,sz.300014,45.1800,45.9900,44.9200,45.0200,45.1800,12581784,570261328.5800
2025-06-10,sz.300014,45.0000,45.2500,43.3000,43.7600,45.0200,23708667,1045978063.9200
2025-06-11,sz.300014,43.8000,44.8800,43.8000,43.9100,43.7600,17516578,775168453.6100
2025-06-12,sz.300014,43.8100,43.9100,43.1100,43.3200,43.9100,15524922,673539975.9600
2025-06-13,sz.300014,43.2700,43.3300,42.5500,42.7800,43.3200,15963680,684433740.5000
2025-06-16,sz.300014,42.6300,42.8100,42.4500,42.6700,42.7800,13025581,554907806.9900
2025-06-17,sz.300014,42.7700,43.0000,41.8900,42.3800,42.6700,17824122,756042644.7200
2025-06-18,sz.300014,42.3000,42.7100,42.1000,42.2600,42.3800,15608492,661209844.4100
2025-06-19,sz.300014,42.2600,43.9600,42.2300,42.4300,42.2600,32626129,1402729580.8300
2025-06-20,sz.300014,42.4000,43.6600,42.0500,42.0600,42.4300,23173150,992322795.0900
2025-06-23,sz.300014,41.7800,43.9100,41.5200,43.9000,42.0600,31195432,1348901173.8200
2025-06-24,sz.300014,43.8000,44.9700,43.5800,44.8900,43.9000,28748262,1276219400.4700
2025-06-25,sz.300014,45.0000,46.0000,44.8200,45.9100,44.8900,28518820,1297797916.3100
2025-06-26,sz.300014,45.8800,46.5000,44.8300,44.9100,45.9100,27125379,1236521920.6200
2025-06-27,sz.300014,45.2000,45.8900,44.7700,44.9500,44.9100,20914895,945779744.9100
2025-06-30,sz.300014,45.5800,46.4400,45.3800,45.8100,44.9500,26038850,1195921447.4400
2025-07-01,sz.300014,45.8200,45.8300,44.8100,45.4100,45.8100,17683465,798537835.2900
2025-07-02,sz.300014,45.3600,45.4000,44.7100,45.0100,45.4100,14987858,673080197.6800
2025-07-03,sz.300014,45.0000,46.8000,44.6400,46.3900,45.0100,36250492,1660602351.2700
2025-07-04,sz.300014,46.2000,46.3500,43.7300,44.2000,46.3900,45670846,2050569663.2100
2025-07-07,sz.300014,44.0000,44.4300,43.4600,44.0800,44.2000,23476335,1029710209.0200
2025-07-08,sz.300014,43.8400,45.1500,43.8400,44.5200,44.0800,33844750,1503543161.0000
2025-07-09,sz.300014,44.5200,45.9800,44.3000,45.0300,44.5200,33715826,1526337924.2200
2025-07-10,sz.300014,45.1300,45.3300,44.5800,45.0800,45.0300,21383616,962142776.4500
2025-07-11,sz.300014,45.1500,46.0900,44.7100,45.0400,45.0800,36871346,1677819272.8200
2025-07-14,sz.300014,45.3400,45.9500,45.1800,45.2300,45.0400,18365189,835160679.6200
2025-07-15,sz.300014,45.1100,45.4800,44.3500,44.5100,45.2300,23794870,1066372227.8700
2025-07-16,sz.300014,44.5100,44.6900,43.8900,44.1100,44.5100,18836835,833792586.8800
2025-07-17,sz.300014,44.0500,45.0600,43.6700,45.0000,44.1100,28411703,1261886340.2800
2025-07-18,sz.300014,45.0500,46.2300,45.0500,45.6000,45.0000,38672451,1770731016.9900
2025-07-21,sz.300014,45.7000,46.0500,45.1900,45.9900,45.6000,23885485,1092699506.2200
2025-07-22,sz.300014,45.8300,46.9800,45.6000,46.5300,45.9900,36692510,1703931535.6500
2025-07-23,sz.300014,46.8100,46.9000,45.9700,46.1000,46.5300,26543210,1232970380.7700
2025-07-24,sz.300014,45.9600,47.9800,45.9600,47.5400,46.1000,45823179,2163013221.6000
2025-07-25,sz.300014,47.6000,47.8700,46.9000,47.1000,47.5400,26744162,1266276597.7300
2025-07-28,sz.300014,46.9200,48.3000,46.7000,47.4200,47.1000,32072599,1523651782.1000
2025-07-29,sz.300014,47.2000,47.6600,46.8800,47.5900,47.4200,23988450,1134676213.2200
2025-07-30,sz.300014,47.4800,47.5900,45.7800,45.9900,47.5900,31930237,1486075156.4400
2025-07-31,sz.300014,45.9000,46.1400,44.1100,44.2800,45.9900,37153518,1675339888.6200
2025-08-01,sz.300014,44.3300,44.7700,43.6900,43.9000,44.2800,30743991,1356355123.6600
2025-08-04,sz.300014,43.7900,44.1800,43.4000,44.0700,43.9000,23033186,1008618372.0900
2025-08-05,sz.300014,44.1000,44.3200,43.8700,44.1700,44.0700,21601045,952734264.5100
2025-08-06,sz.300014,44.1500,44.2900,43.6800,44.2600,44.1700,19927915,878295150.2800
2025-08-07,sz.300014,44.4400,44.9800,43.8000,44.0600,44.2600,31293446,1384350349.4100
2025-08-08,sz.300014,43.9800,44.2500,43.8100,43.8800,44.0600,19058639,838534275.4300
2025-08-11,sz.300014,44.9000,46.8800,44.6000,46.5900,43.8800,70454531,3223865801.9000
2025-08-12,sz.300014,46.3400,46.3400,45.3100,45.9300,46.5900,38285791,1751179448.5600
2025-08-13,sz.300014,45.7800,46.5000,45.5100,46.1000,45.9300,32763633,1505872512.4200
2025-08-14,sz.300014,46.2600,46.3500,44.8500,45.4100,46.1000,35767583,1634445630.4300
2025-08-15,sz.300014,45.2500,46.9500,45.2100,46.7500,45.4100,49733954,2310805955.2200
2025-08-18,sz.300014,47.1800,47.9800,46.7300,47.4200,46.7500,48945217,2316648806.1600
2025-08-19,sz.300014,47.4300,48.3100,47.0000,47.6300,47.4200,39327893,1875508074.8000
2025-08-20,sz.300014,47.1800,48.5700,47.0300,48.5000,47.6300,37760965,1805313653.0300
2025-08-21,sz.300014,48.5600,48.7400,47.8200,48.0700,48.5000,30961825,1495821945.3000
2025-08-22,sz.300014,47.2000,50.2500,47.1100,48.5000,48.0700,69295191,3393230564.4400
2025-08-25,sz.300014,48.8400,50.7400,48.2700,49.8700,48.5000,67950497,3366739034.5000
2025-08-26,sz.300014,49.4900,51.5000,48.8000,50.3500,49.8700,56772590,2852731465.3300
2025-08-27,sz.300014,50.3500,56.6800,50.2000,53.2500,50.3500,114480301,6136994843.1500
2025-08-28,sz.300014,53.0000,54.7900,52.0000,53.5300,53.2500,68097488,3640454776.5300
2025-08-29,sz.300014,53.6000,59.0000,53.5300,57.1900,53.5300,103133627,5844273417.7200
2025-09-01,sz.300014,57.4500,58.1400,55.5000,55.8700,57.1900,67923384,3819852578.5900
2025-09-02,sz.300014,55.8100,57.8900,55.3000,57.1100,55.8700,73658304,4163060519.0300
2025-09-03,sz.300014,57.8600,65.5600,57.8500,64.0100,57.1100,138471785,8807374417.8700
2025-09-04,sz.300014,66.0800,72.7700,65.2800,66.9000,64.0100,156146108,10675393310.8800
2025-09-05,sz.300014,68.0000,78.9000,67.0000,78.0000,66.9000,170591805,12356689926.7900
2025-09-08,sz.300014,81.0000,81.0000,72.9800,74.9500,78.0000,181300483,13770722124.9900
2025-09-09,sz.300014,73.1000,74.8800,71.6000,72.2300,74.9500,105174697,7673808137.8400
2025-09-10,sz.300014,70.0000,71.3000,69.0000,70.1500,72.2300,109163168,7640217855.2300
2025-09-11,sz.300014,69.9000,72.7100,68.1300,71.7000,70.1500,105915468,7531031669.9700
2025-09-12,sz.300014,72.0000,76.9800,71.0000,73.8100,71.7000,123035096,9069020997.9000
2025-09-15,sz.300014,75.9900,80.9400,73.6600,73.9200,73.8100,134112951,10341216903.4100
2025-09-16,sz.300014,74.4700,74.9200,71.7300,73.7800,73.9200,89619881,6552349824.1500
2025-09-17,sz.300014,72.8700,75.6400,71.7500,73.9600,73.5400,90227875,6650829895.9800
2025-09-18,sz.300014,72.8200,73.6000,69.1800,70.4800,73.9600,98905504,7074245182.1200
2025-09-19,sz.300014,70.4400,73.8600,70.3000,71.4100,70.4800,78637613,5683157478.6600
2025-09-22,sz.300014,71.3000,72.7800,70.6000,71.8100,71.4100,45667931,3261788132.1000
2025-09-23,sz.300014,71.8100,76.8800,71.7900,73.8100,71.8100,107949085,8032203461.0100
2025-09-24,sz.300014,73.7100,77.4800,71.8700,76.3400,73.8100,98480023,7395224099.0300
2025-09-25,sz.300014,76.0400,83.8800,76.0300,81.2800,76.3400,123246183,9845963099.5100
2025-09-26,sz.300014,79.7900,82.0200,77.2000,77.2700,81.2800,73576276,5831090735.9300
2025-09-29,sz.300014,79.9900,86.7000,79.9900,83.6800,77.2700,108181657,8996813854.3900
2025-09-30,sz.300014,83.0000,91.9800,82.6000,91.0000,83.6800,108835768,9460973093.4600
2025-10-09,sz.300014,91.1400,94.4400,88.1000,90.2700,91.0000,90705320,8251319325.1200
2025-10-10,sz.300014,88.1000,88.2900,79.8900,80.3800,90.2700,100875203,8349247168.7900
2025-10-13,sz.300014,76.2000,83.9800,76.0000,83.3700,80.3800,81810989,6654543690.8800
2025-10-14,sz.300014,83.4500,85.6400,77.5800,79.0500,83.3700,83184958,6780073046.2500
2025-10-15,sz.300014,79.0000,81.4900,76.7500,81.2300,79.0500,57065718,4512034261.7700
2025-10-16,sz.300014,80.2800,84.8700,79.3600,83.7500,81.2300,75827296,6285723165.0000
2025-10-17,sz.300014,82.5800,83.0000,76.2800,76.2900,83.7500,72655234,5685654456.1400
2025-10-20,sz.300014,77.6500,79.2900,75.6300,76.4900,76.2900,55596745,4300772880.5000
2025-10-21,sz.300014,77.3600,79.1800,76.3100,78.6500,76.4900,53823739,4211584669.8200
2025-10-22,sz.300014,77.6300,79.2000,76.0000,77.6200,78.6500,41613968,3221627112.2400
2025-10-23,sz.300014,77.2100,78.8100,75.6400,78.4900,77.6200,46681522,3611502681.2600
2025-10-24,sz.300014,78.5600,80.3000,77.5000,80.2500,78.4900,69748148,5526123197.7400
2025-10-27,sz.300014,80.0000,80.6100,75.0000,76.8900,80.2500,117168904,9065184819.4100
2025-10-28,sz.300014,76.9200,79.4400,76.9200,77.5300,76.8900,67526660,5276363071.9800
2025-10-29,sz.300014,77.0300,83.9900,77.0300,83.5900,77.5300,97432742,7933145837.3700
2025-10-30,sz.300014,83.6000,86.9300,81.8500,83.8000,83.5900,105576448,8888047358.6500
2025-10-31,sz.300014,83.7500,88.2400,83.1000,83.1800,83.8000,87981538,7533521237.7400
2025-11-03,sz.300014,82.0400,85.5000,80.5000,83.4500,83.1800,71284920,5925419056.9200
2025-11-04,sz.300014,82.6000,83.7800,78.6800,79.2800,83.4500,63060971,5075180952.6600
2025-11-05,sz.300014,77.0000,86.3700,76.5000,85.6500,79.2800,90266623,7484557680.8800
2025-11-06,sz.300014,85.5000,86.3000,84.1900,85.1600,85.6500,55968681,4761527209.9300
2025-11-07,sz.300014,85.0000,88.8000,83.2000,87.3700,85.1600,79957271,6925882068.1000
2025-11-10,sz.300014,88.4000,89.9000,82.7700,83.8500,87.3700,80364152,6904356443.8400
2025-11-11,sz.300014,84.2400,87.6000,83.3500,84.0100,83.8500,56879244,4872398862.7300
2025-11-12,sz.300014,82.5100,82.8800,79.0000,80.0200,84.0100,55623200,4481707472.8500
2025-11-13,sz.300014,80.5000,89.8900,80.4000,87.3700,80.0200,108190663,9303407680.8600
2025-11-14,sz.300014,85.9000,86.8800,82.5100,82.6000,87.3700,69129495,5792523474.8000
2025-11-17,sz.300014,82.8800,86.0000,82.2000,83.4500,82.6000,52428998,4389000617.9500
2025-11-18,sz.300014,83.4600,85.2000,77.7700,78.6000,83.4500,76129224,6095573553.6200
2025-11-19,sz.300014,78.2000,80.6500,78.0000,79.0000,78.6000,42856697,3394887575.3600
2025-11-20,sz.300014,79.0500,79.5800,76.0000,76.3000,79.0000,49469392,3832954984.3300
2025-11-21,sz.300014,74.1000,75.0000,71.7400,71.7400,76.3000,54240097,3952398196.8200
2025-11-24,sz.300014,72.2700,72.9800,70.1600,71.4700,71.7400,42801352,3060839473.5500
2025-11-25,sz.300014,72.5000,73.9600,71.9600,72.5000,71.4700,34936506,2545042513.9100
2025-11-26,sz.300014,72.7400,73.8900,71.8800,72.3700,72.5000,34939841,2535541988.6100
2025-11-27,sz.300014,72.3500,74.8000,71.5800,71.6900,72.3700,48015379,3502816709.8500
2025-11-28,sz.300014,70.0100,72.5700,69.2400,71.4100,71.6900,45639999,3247527995.9100
2025-12-01,sz.300014,71.7900,73.3700,71.3200,72.3800,71.4100,37921879,2746154812.5100
2025-12-02,sz.300014,71.8000,71.8200,70.1100,70.6500,72.3800,32469665,2295665184.0300
2025-12-03,sz.300014,70.6500,71.4000,68.8800,69.2200,70.6500,31146800,2176304567.9700
2025-12-04,sz.300014,69.2200,69.7600,67.9600,69.5200,69.2200,28582705,1970653515.0300
2025-12-05,sz.300014,70.2500,70.2500,68.5000,69.1300,69.5200,30888945,2136309989.1600
2025-12-08,sz.300014,69.1400,72.8800,69.0000,72.1000,69.1300,48927548,3485793451.1100
2025-12-09,sz.300014,72.0000,73.0000,70.9400,71.4800,72.1000,32112215,2305187980.5600
2025-12-10,sz.300014,72.3900,72.4000,69.8500,71.2100,71.4800,30079956,2131679118.1600
2025-12-11,sz.300014,71.3000,73.5000,70.5000,70.5100,71.2100,38754306,2792817511.4100
2025-12-12,sz.300014,71.0000,72.0900,69.4000,71.0000,70.5100,33387514,2359982724.0600
2025-12-15,sz.300014,70.9600,71.8600,68.6800,69.0100,71.0000,30731298,2142657121.2200
2025-12-16,sz.300014,69.0000,69.3400,66.6600,67.7300,69.0100,27140673,1834569555.1400
2025-12-17,sz.300014,68.3500,70.2500,67.9900,69.9600,67.7300,33891019,2344747008.3900
2025-12-18,sz.300014,69.0600,70.1500,68.4800,68.5500,69.9600,24583763,1700929217.4100
2025-12-19,sz.300014,69.1300,69.1900,67.5000,68.5600,68.5500,27480818,1878957483.5300
2025-12-22,sz.300014,68.6700,69.6400,68.4000,69.0100,68.5600,27484562,1895976887.1200
2025-12-23,sz.300014,69.0400,71.9900,68.8000,70.8200,69.0100,54800528,3873593202.3100
2025-12-24,sz.300014,70.4700,71.4200,69.7200,71.1200,70.8200,38668805,2733711754.5800
2025-12-25,sz.300014,70.2800,71.1000,69.5000,70.8600,71.1200,34883042,2451357505.4500
2025-12-26,sz.300014,71.7000,73.3800,70.7200,71.8000,70.8600,63668611,4578468659.8800
2025-12-29,sz.300014,71.3300,71.3300,68.3200,68.6200,71.8000,63794761,4400272400.7400
2025-12-30,sz.300014,67.5100,68.1500,66.1800,67.7000,68.6200,56641519,3801785533.2500
2025-12-31,sz.300014,67.7600,68.3000,65.6000,65.7600,67.7000,45288489,3007863447.8700
