date,code,open,high,low,close,preclose,volume,amount
2019-01-02,sz.002916,80.3300,80.7900,78.3100,78.3300,80.1700,3163227,250252509.4200
2019-01-03,sz.002916,77.3500,79.3600,75.1000,75.1500,78.3300,3237630,247780275.3200
2019-01-04,sz.002916,74.0100,77.2700,74.0100,76.5000,75.1500,3143331,238874275.7000
2019-01-07,sz.002916,77.2000,79.6800,76.6200,79.4600,76.5000,4451695,351028483.0300
2019-01-08,sz.002916,84.0000,86.5000,83.5400,84.8500,79.4600,11322398,962425068.6500
2019-01-09,sz.002916,86.0000,87.4800,84.6800,85.4000,84.8500,6647791,571156145.0000
2019-01-10,sz.002916,86.3000,88.2800,85.2800,85.5200,85.4000,5330363,462769555.7900
2019-01-11,sz.002916,86.2900,88.9300,83.9000,85.1900,85.5200,6088298,525854558.0200
2019-01-14,sz.002916,86.0800,87.3800,84.2200,85.2700,85.1900,4223916,361820610.9400
2019-01-15,sz.002916,83.8000,86.0700,82.6800,86.0000,85.2700,4034518,340048163.7800
2019-01-16,sz.002916,85.8300,88.9600,85.0900,87.9000,86.0000,6016983,527952696.0300
2019-01-17,sz.002916,87.3000,87.9300,86.2900,86.2900,87.9000,2854068,248753108.9300
2019-01-18,sz.002916,86.4000,92.1100,85.0000,91.2700,86.2900,6175295,547487308.5400
2019-01-21,sz.002916,91.0000,94.9800,90.3700,92.4000,91.2700,5258321,486126333.0500
2019-01-22,sz.002916,91.1300,93.2000,89.5600,90.7000,92.4000,4398073,401605016.2800
2019-01-23,sz.002916,90.3000,94.2000,90.0100,92.9300,90.7000,4126411,382457292.8300
2019-01-24,sz.002916,92.5000,95.8800,92.1100,94.0800,92.9300,3596325,338640726.8900
2019-01-25,sz.002916,94.1500,95.6000,93.2000,93.4900,94.0800,2664741,251097711.0000
2019-01-28,sz.002916,94.5000,96.5000,91.8600,94.9500,93.4900,3884290,366686765.4100
2019-01-29,sz.002916,94.0000,94.9400,92.3300,94.1300,94.9500,2664269,249722997.8700
2019-01-30,sz.002916,93.5000,95.5000,89.8900,91.2000,94.1300,3740837,345323840.5800
2019-01-31,sz.002916,92.0000,95.5000,91.9000,93.7700,91.2000,4053369,381806668.4400
2019-02-01,sz.002916,94.6000,100.7800,93.3600,100.3000,93.7700,4357359,427353476.6500
2019-02-11,sz.002916,100.3800,103.4700,99.6600,102.5800,100.3000,3716073,378734359.1300
2019-02-12,sz.002916,102.2500,103.4300,100.5100,101.6600,102.5800,3419409,347477967.1600
2019-02-13,sz.002916,101.1000,104.3500,100.6000,101.4300,101.6600,4319061,441408533.8600
2019-02-14,sz.002916,100.6100,102.0000,99.5700,101.8300,101.4300,4033208,404843952.2800
2019-02-15,sz.002916,101.1400,101.8000,99.1600,99.5000,101.8300,3460474,346364851.2700
2019-02-18,sz.002916,100.2400,109.4000,99.8700,108.0100,99.5000,5485542,573339214.0200
2019-02-19,sz.002916,107.7700,109.0200,103.7500,104.5600,108.0100,5253003,558648113.4200
2019-02-20,sz.002916,103.8500,106.1000,102.0000,105.6700,104.5600,4654255,485035000.3700
2019-02-21,sz.002916,104.8900,110.4000,103.1000,103.9000,105.6700,6325201,671652216.1500
2019-02-22,sz.002916,103.4000,110.3500,103.0000,109.8200,103.9000,5266487,566636437.5100
2019-02-25,sz.002916,114.0000,120.8000,113.5000,120.7800,109.8200,7047686,835709133.8500
2019-02-26,sz.002916,120.0000,120.0000,114.0200,114.4500,120.7800,6195999,723726835.0800
2019-02-27,sz.002916,114.0800,117.0000,112.5100,114.5200,114.4500,4126408,470661191.5900
2019-02-28,sz.002916,113.0000,117.5000,113.0000,115.8000,114.5200,3739876,431681277.0800
2019-03-01,sz.002916,117.0000,117.5000,113.5300,116.5200,115.8000,2764544,318581153.2700
2019-03-04,sz.002916,116.5200,121.8900,115.3300,116.6600,116.5200,6006048,711096629.6900
2019-03-05,sz.002916,116.0000,118.9900,114.6000,118.2400,116.6600,4447902,519771873.0400
2019-03-06,sz.002916,119.9000,120.2600,116.1100,118.4200,118.2400,3597562,424898179.3600
2019-03-07,sz.002916,116.7100,118.4200,111.8000,113.2000,118.4200,5738175,656056293.2500
2019-03-08,sz.002916,110.2200,123.8000,109.0700,118.2900,113.2000,7512656,887041880.6200
2019-03-11,sz.002916,119.0100,130.1200,119.0100,129.5000,118.2900,6617837,838175542.1500
2019-03-12,sz.002916,129.0000,132.3800,126.7600,130.6100,129.5000,5899794,761380748.8900
2019-03-13,sz.002916,126.0000,127.5000,117.5500,117.5500,130.6100,9409254,1144513646.3500
2019-03-14,sz.002916,116.9000,120.7700,115.5500,119.8000,117.5500,4283267,507490375.1300
2019-03-15,sz.002916,121.0000,123.1800,118.1100,118.8200,119.8000,3854612,465677101.4900
2019-03-18,sz.002916,118.8200,122.8700,117.4000,122.3300,118.8200,3390436,407945383.1800
2019-03-19,sz.002916,121.9900,124.5000,120.1000,121.0600,122.3300,2899686,353606371.9500
2019-03-20,sz.002916,120.4600,121.8900,117.2000,118.5900,121.0600,3007355,356983124.6200
2019-03-21,sz.002916,118.5500,122.8500,118.0200,119.9000,118.5900,3014202,364539730.0600
2019-03-22,sz.002916,120.0100,121.5000,116.7000,119.9000,119.9000,2498845,296271283.1100
2019-03-25,sz.002916,116.5500,120.9000,116.5500,118.7600,119.9000,3013761,357438646.6600
2019-03-26,sz.002916,118.7600,120.4900,112.0700,112.6000,118.7600,3876176,447538838.4900
2019-03-27,sz.002916,114.5000,117.0000,110.0200,114.8100,112.6000,3538374,403104149.6400
2019-03-28,sz.002916,114.1000,123.0800,113.8300,118.9000,114.8100,4590105,549783983.9200
2019-03-29,sz.002916,119.9000,126.5700,117.0100,124.4100,118.9000,4808693,590827498.2300
2019-04-01,sz.002916,126.5100,132.1800,125.3000,131.2500,124.4100,4786568,618322996.0100
2019-04-02,sz.002916,132.9900,132.9900,128.0000,128.7300,131.2500,3154364,410176378.0600
2019-04-03,sz.002916,127.5000,127.8800,123.8800,126.8400,128.7300,3510083,442108246.8500
2019-04-04,sz.002916,126.8400,127.8000,123.8000,125.5000,126.8400,3285695,413161191.0200
2019-04-08,sz.002916,125.5000,126.6800,120.0100,122.5300,125.5000,3987005,489073860.5900
2019-04-09,sz.002916,123.0000,125.8500,121.5400,124.1000,122.5300,3410491,424930679.0000
2019-04-10,sz.002916,121.7600,123.5000,119.7500,121.9000,124.1000,2834797,344297169.4300
2019-04-11,sz.002916,122.4900,122.6800,116.7000,117.0000,121.9000,3575391,424313185.9900
2019-04-12,sz.002916,117.8600,119.2900,116.5000,117.5000,117.0000,2325360,274217984.6000
2019-04-15,sz.002916,120.9700,121.8500,114.4200,114.7500,117.5000,4317774,510758913.6800
2019-04-16,sz.002916,114.0000,125.5000,113.3000,124.7700,114.7500,6200430,747277436.7800
2019-04-17,sz.002916,124.0000,125.7300,122.4000,123.7200,124.7700,3437218,426559144.1600
2019-04-18,sz.002916,123.5000,126.9800,122.7500,123.5300,123.7200,2679122,333743304.1200
2019-04-19,sz.002916,122.4000,125.9800,122.4000,125.6800,123.5300,2377204,296702826.1500
2019-04-22,sz.002916,125.6800,130.5400,124.3600,124.4000,125.6800,3889046,496729147.5000
2019-04-23,sz.002916,124.0100,126.5000,119.5800,121.2200,124.4000,4002662,488113623.2900
2019-04-24,sz.002916,121.3000,122.8800,119.1800,121.8000,121.2200,2544461,308254188.5400
2019-04-25,sz.002916,121.6000,124.5800,119.1000,120.4000,121.8000,2858919,348556869.4200
2019-04-26,sz.002916,119.1200,123.0500,119.1200,120.6700,120.4000,2285369,277020850.1300
2019-04-29,sz.002916,121.0800,121.7400,116.8500,118.4000,120.6700,2463053,294050559.0100
2019-04-30,sz.002916,118.1100,119.9800,116.1100,117.8500,118.4000,2136205,251973236.2500
2019-05-06,sz.002916,110.8000,110.8000,106.0700,106.0700,117.8500,3805262,407410702.7200
2019-05-07,sz.002916,106.3100,106.9900,101.0000,104.9200,106.0700,3743193,392532974.8700
2019-05-08,sz.002916,101.9000,108.8800,101.8000,107.0300,104.9200,3119152,332204168.1700
2019-05-09,sz.002916,106.1500,109.6800,105.5100,106.5900,107.0300,2353002,253202201.9300
2019-05-10,sz.002916,109.3500,115.6700,107.0100,114.1000,106.5900,3382831,378558896.3800
2019-05-13,sz.002916,114.0000,116.2700,113.0100,114.9400,114.1000,2305977,264149912.8600
2019-05-14,sz.002916,112.5500,115.5400,112.5500,113.5400,114.9400,1849900,210647410.0300
2019-05-15,sz.002916,115.2000,116.8800,114.1500,116.6800,113.5400,2052934,237418712.9700
2019-05-16,sz.002916,116.1300,116.1300,109.1600,110.2100,116.6800,5166031,574562173.9000
2019-05-17,sz.002916,91.8900,93.6000,87.8000,88.1000,91.2200,5176960,467100082.4400
2019-05-20,sz.002916,88.5100,88.9900,79.2900,79.5000,88.1000,12143350,974901841.5100
2019-05-21,sz.002916,80.0000,81.8000,78.3400,80.0300,79.5000,8414884,675011179.2100
2019-05-22,sz.002916,80.7800,83.5500,79.8200,80.8400,80.0300,7489499,609945407.2600
2019-05-23,sz.002916,80.9000,80.9000,75.0100,76.7000,80.8400,9326970,721534437.4400
2019-05-24,sz.002916,76.7000,77.4900,75.1500,75.6400,76.7000,4740252,361005962.4700
2019-05-27,sz.002916,75.6000,80.0000,75.1500,79.4500,75.6400,6730613,525188295.1200
2019-05-28,sz.002916,79.4000,79.9900,78.2200,78.5700,79.4500,4247661,335861328.6900
2019-05-29,sz.002916,78.3800,80.8800,78.0200,79.7000,78.5700,4800097,382749251.2500
2019-05-30,sz.002916,79.2100,79.2300,75.8900,78.1700,79.7000,4174534,322478210.9000
2019-05-31,sz.002916,77.8900,79.2700,77.5000,78.1200,78.1700,2937237,230764614.8600
2019-06-03,sz.002916,78.8000,85.8700,78.3800,83.1200,78.1200,9393457,769387179.6000
2019-06-04,sz.002916,84.6000,87.4000,83.6000,84.1100,83.1200,8525548,731439541.6900
2019-06-05,sz.002916,85.9900,87.2500,84.2200,85.7500,84.1100,5771163,496345554.8300
2019-06-06,sz.002916,86.3400,86.4500,80.0000,80.3100,85.7500,6440456,524540699.2500
2019-06-10,sz.002916,81.0000,84.6500,80.6900,84.4900,80.3100,5642187,471095446.6300
2019-06-11,sz.002916,84.6500,86.8200,82.5100,86.2800,84.4900,5262797,449751373.2600
2019-06-12,sz.002916,86.1600,88.8800,85.6200,86.3500,86.2800,4334914,377597010.6800
2019-06-13,sz.002916,86.0000,86.9800,84.9000,85.7000,86.3500,2851709,244758258.2300
2019-06-14,sz.002916,85.7000,86.9800,82.9600,83.1200,85.7000,3348596,281975364.9900
2019-06-17,sz.002916,83.1000,83.9000,82.0400,82.6200,83.1200,2511862,207679086.9700
2019-06-18,sz.002916,82.7000,83.6800,81.6700,82.9600,82.6200,2122783,175661198.6400
2019-06-19,sz.002916,87.7000,89.3700,87.3900,87.4900,82.9600,8145845,721305205.4300
2019-06-20,sz.002916,87.5300,89.0000,86.2000,87.9400,87.4900,4977637,437009041.6400
2019-06-21,sz.002916,88.9900,91.6000,88.8800,89.9600,87.9400,4992715,450950415.5200
2019-06-24,sz.002916,90.0000,90.4500,87.9000,88.5200,89.9600,2750007,243655670.9300
2019-06-25,sz.002916,88.5900,89.0000,87.0000,88.5200,88.5200,2821856,248461110.4200
2019-06-26,sz.002916,87.7900,92.6800,87.5000,91.3400,88.5200,5310281,485043292.0800
2019-06-27,sz.002916,97.5000,100.4700,97.5000,100.4700,91.3400,5458588,544602820.8100
2019-06-28,sz.002916,101.9900,104.4900,97.5100,101.9200,100.4700,10158454,1023996923.8600
2019-07-01,sz.002916,105.0000,111.8800,104.9500,107.7200,101.9200,9003572,974241547.9100
2019-07-02,sz.002916,105.5000,108.6000,104.8000,105.5000,107.7200,5781401,615046092.5000
2019-07-03,sz.002916,105.5000,106.8900,104.0000,104.9800,105.5000,4048749,426092418.0700
2019-07-04,sz.002916,104.0600,105.7700,102.0200,103.9600,104.9800,3712085,384933723.9200
2019-07-05,sz.002916,104.1800,104.9800,103.3800,104.0300,103.9600,2448487,254996446.2900
2019-07-08,sz.002916,104.0300,106.0000,101.4000,105.6500,104.0300,5298787,553862023.7900
2019-07-09,sz.002916,104.0100,104.9500,101.6400,102.0100,105.6500,3688209,380021434.5900
2019-07-10,sz.002916,103.0100,104.9900,102.0000,102.3700,102.0100,2935829,303975850.7300
2019-07-11,sz.002916,102.5600,105.8000,102.0600,104.6000,102.3700,3703031,384487380.9900
2019-07-12,sz.002916,106.7000,106.7000,102.0100,102.1900,104.6000,3419721,352597481.4500
2019-07-15,sz.002916,101.6000,107.4800,100.5200,104.9700,102.1900,4432349,463325575.1700
2019-07-16,sz.002916,104.2800,109.7600,104.2800,107.7500,104.9700,4554944,491725534.7400
2019-07-17,sz.002916,107.0300,108.6800,106.2800,106.5000,107.7500,3029853,324983950.4300
2019-07-18,sz.002916,105.1100,107.0000,103.4500,105.0200,106.5000,2813479,295969919.9700
2019-07-19,sz.002916,106.0000,106.5000,104.0700,104.4000,105.0200,2230000,233822630.0000
2019-07-22,sz.002916,104.9000,107.4000,102.8000,105.0600,104.4000,2661423,280373126.0100
2019-07-23,sz.002916,105.0200,107.5000,104.3000,107.0100,105.0600,3156643,336106406.3500
2019-07-24,sz.002916,107.0500,112.5300,106.7200,111.7300,107.0100,5976548,661230141.8800
2019-07-25,sz.002916,112.4500,118.5000,111.4000,114.3900,111.7300,7559206,876440283.7200
2019-07-26,sz.002916,114.4500,115.6900,113.2500,114.3000,114.3900,3634004,414987137.2900
2019-07-29,sz.002916,114.0000,119.0000,112.4000,118.2100,114.3000,4836506,566011296.8100
2019-07-30,sz.002916,118.0000,118.4500,116.0000,116.2500,118.2100,3290216,384955168.1600
2019-07-31,sz.002916,116.0000,118.5000,115.8000,117.8600,116.2500,2953026,346214844.9100
2019-08-01,sz.002916,117.1000,118.6300,114.5200,116.0000,117.8600,3192010,370905160.4700
2019-08-02,sz.002916,111.0300,116.2800,108.3800,113.9300,116.0000,5876096,660608821.8800
2019-08-05,sz.002916,113.7800,116.4500,111.2000,111.3400,113.9300,4923449,557880233.6400
2019-08-06,sz.002916,106.5000,114.0000,106.0600,111.5500,111.3400,6273805,691089325.1500
2019-08-07,sz.002916,112.6500,112.9900,108.9500,109.0000,111.5500,3338588,370292742.4700
2019-08-08,sz.002916,110.4000,115.6900,109.0000,114.6000,109.0000,4687837,528004473.4900
2019-08-09,sz.002916,114.1400,119.8000,112.1000,115.5000,114.6000,6426154,747629755.4500
2019-08-12,sz.002916,116.9900,124.8800,116.6300,124.8500,115.5000,6472336,780705782.8900
2019-08-13,sz.002916,122.5100,124.8500,121.4400,123.5400,124.8500,4234037,521482196.5000
2019-08-14,sz.002916,126.2400,129.8600,121.1100,122.0000,123.5400,5941167,745783495.1000
2019-08-15,sz.002916,115.2200,122.5500,113.5000,120.6300,122.0000,9075446,1062904010.4600
2019-08-16,sz.002916,119.6200,121.9000,118.5000,118.8400,120.6300,4725169,566281824.5500
2019-08-19,sz.002916,124.2000,129.8600,120.1500,127.5000,118.8400,8963129,1122671098.4700
2019-08-20,sz.002916,127.4400,130.0000,126.0200,128.0300,127.5000,5692907,729825168.8000
2019-08-21,sz.002916,128.0000,134.5800,125.9500,133.2000,128.0300,6136809,800021728.8600
2019-08-22,sz.002916,131.9200,134.7900,128.9700,130.3800,133.2000,4830730,633328651.9600
2019-08-23,sz.002916,129.4200,133.3300,128.5800,131.0900,130.3800,4658798,610035289.9000
2019-08-26,sz.002916,128.0600,135.6600,128.0600,132.0100,131.0900,6228474,822822079.6400
2019-08-27,sz.002916,133.7000,133.7000,130.0000,132.4000,132.0100,4850181,641177455.9800
2019-08-28,sz.002916,131.9000,132.1900,130.5800,130.6600,132.4000,2996673,392807112.4100
2019-08-29,sz.002916,132.2200,139.0000,132.2200,136.4600,130.6600,7669440,1039702219.4500
2019-08-30,sz.002916,138.8500,139.6500,130.5800,131.8800,136.4600,7369144,997120380.4200
2019-09-02,sz.002916,131.0100,138.3800,131.0100,137.0000,131.8800,6213171,837105507.1400
2019-09-03,sz.002916,136.7200,141.1600,136.0000,141.1200,137.0000,5625691,782051875.4000
2019-09-04,sz.002916,140.1500,141.0200,136.1700,139.0600,141.1200,5513291,762517200.2900
2019-09-05,sz.002916,139.0000,145.4000,138.0300,140.2700,139.0600,6699457,946070077.2200
2019-09-06,sz.002916,140.5000,144.4200,138.3300,141.2000,140.2700,4514870,637650039.8000
2019-09-09,sz.002916,142.5800,152.8200,140.2200,151.0700,141.2000,6254445,917559337.3600
2019-09-10,sz.002916,150.0000,154.8700,147.0100,149.4300,151.0700,5171553,776471523.8300
2019-09-11,sz.002916,149.9500,159.0000,147.9300,155.0500,149.4300,7036852,1087216376.7900
2019-09-12,sz.002916,154.1200,156.6200,147.6000,150.9700,155.0500,6372392,960954290.9600
2019-09-16,sz.002916,150.7600,153.8000,148.0300,151.1800,150.9700,4201264,634578270.4900
2019-09-17,sz.002916,152.0000,152.9700,149.1600,150.6600,151.1800,3609604,544238888.1900
2019-09-18,sz.002916,151.6000,152.3000,144.8000,149.6000,150.6600,5101803,758010637.9300
2019-09-19,sz.002916,149.6000,155.4900,149.6000,154.8900,149.6000,5181695,795840087.6300
2019-09-20,sz.002916,154.1500,159.6800,154.0000,158.0700,154.8900,6103493,962676623.7900
2019-09-23,sz.002916,157.4900,164.8900,156.0300,164.7000,158.0700,6143318,990293590.3700
2019-09-24,sz.002916,163.9000,167.8800,162.5000,163.0500,164.7000,4925073,812306493.1800
2019-09-25,sz.002916,162.1700,164.1800,156.1600,159.3500,163.0500,5976813,954818761.5800
2019-09-26,sz.002916,159.5500,159.9200,148.6600,151.1000,159.3500,6956689,1069827268.9800
2019-09-27,sz.002916,150.6900,157.3000,150.6900,156.1000,151.1000,5098098,788818724.7900
2019-09-30,sz.002916,155.9000,156.8000,147.8000,151.0000,156.1000,4290413,653908811.8900
2019-10-08,sz.002916,151.9600,156.0900,138.3800,140.2200,151.0000,8759316,1278257261.2600
2019-10-09,sz.002916,140.1500,146.8800,138.1500,146.2000,140.2200,6314041,910245421.2900
2019-10-10,sz.002916,147.3000,150.7600,144.6200,150.0000,146.2000,4581570,679643825.6500
2019-10-11,sz.002916,165.0000,165.0000,154.5000,161.5000,150.0000,10764372,1723613460.6500
2019-10-14,sz.002916,162.0000,162.4300,157.6500,160.6300,161.5000,7586371,1214053032.7100
2019-10-15,sz.002916,158.0000,158.4700,150.9900,150.9900,160.6300,6722918,1030986513.8500
2019-10-16,sz.002916,151.8500,154.2000,148.2000,151.7000,150.9900,4094407,621712126.5200
2019-10-17,sz.002916,152.3600,156.6800,150.3500,156.3500,151.7000,4657460,717214590.9900
2019-10-18,sz.002916,155.4200,156.3500,150.8800,152.3200,156.3500,3986558,612631703.4800
2019-10-21,sz.002916,152.6000,152.6800,146.0000,151.0000,152.3200,3498387,521789560.4800
2019-10-22,sz.002916,151.9700,155.2500,151.0000,152.3100,151.0000,3579532,546828593.9200
2019-10-23,sz.002916,152.9000,154.9300,150.1000,151.7000,152.3100,3736032,571581633.0000
2019-10-24,sz.002916,150.6900,152.5000,148.1800,149.4800,151.7000,2797289,418497564.9100
2019-10-25,sz.002916,149.6800,153.3900,148.6700,152.8800,149.4800,3735465,564090503.5000
2019-10-28,sz.002916,153.3100,159.5800,151.0200,157.4400,152.8800,6014075,939458667.9000
2019-10-29,sz.002916,158.0000,158.0000,148.9600,149.9400,157.4400,6637938,1008167979.7100
2019-10-30,sz.002916,151.4400,152.4100,147.6000,150.2200,149.9400,4092699,615232510.6100
2019-10-31,sz.002916,149.4000,151.9800,148.0000,148.8400,150.2200,3399245,509365686.0000
2019-11-01,sz.002916,149.0000,150.4000,147.1000,148.4600,148.8400,3288737,488411430.6100
2019-11-04,sz.002916,148.8800,155.0000,148.8800,152.6000,148.4600,5718224,874886428.9800
2019-11-05,sz.002916,154.0000,154.8000,151.2000,154.2000,152.6000,4092579,628556920.8800
2019-11-06,sz.002916,153.9900,159.4000,153.3000,155.9100,154.2000,5925853,927010463.3800
2019-11-07,sz.002916,153.6200,155.9000,150.3000,155.9000,155.9100,3521625,542094045.9700
2019-11-08,sz.002916,157.2500,159.3600,155.5500,155.8800,155.9000,4530494,714001767.3800
2019-11-11,sz.002916,153.0000,155.8700,152.1800,152.7400,155.8800,3062913,470442887.4500
2019-11-12,sz.002916,152.7400,153.3900,147.0000,152.7000,152.7400,4353854,655610236.7300
2019-11-13,sz.002916,151.9000,155.8300,150.3800,154.9800,152.7000,4020323,619451423.4300
2019-11-14,sz.002916,155.1700,164.9600,154.3900,163.1900,154.9800,8526890,1371956038.0600
2019-11-15,sz.002916,163.7700,169.5700,163.2100,164.9100,163.1900,7417010,1234569475.6200
2019-11-18,sz.002916,162.7000,165.9900,160.0100,160.6300,164.9100,5376592,869284971.9700
2019-11-19,sz.002916,160.9100,163.0000,158.1800,162.3000,160.6300,4025065,647830579.0800
2019-11-20,sz.002916,162.2400,166.8000,159.7800,161.0000,162.3000,4818804,786340478.8700
2019-11-21,sz.002916,159.0000,162.8000,158.7600,160.3000,161.0000,3174724,509024252.8400
2019-11-22,sz.002916,161.2900,162.5600,151.2000,153.0800,160.3000,6511073,1014033701.5600
2019-11-25,sz.002916,152.9100,152.9100,140.0000,142.4800,153.0800,7792889,1116418376.0600
2019-11-26,sz.002916,144.6000,144.9800,140.5800,144.8800,142.4800,5020649,720727420.8100
2019-11-27,sz.002916,144.2000,146.8000,141.8200,144.8400,144.8800,4318342,621714998.1400
2019-11-28,sz.002916,144.8500,145.8800,143.5500,144.6900,144.8400,2873686,415576930.7900
2019-11-29,sz.002916,143.9900,148.5800,143.5600,146.0900,144.6900,4158456,607072494.3100
2019-12-02,sz.002916,145.8000,148.5000,144.2000,145.8500,146.0900,3199544,468794335.0200
2019-12-03,sz.002916,145.0000,147.0000,141.4000,146.5800,145.8500,3535999,511838184.4900
2019-12-04,sz.002916,144.9000,145.9800,142.8000,143.1000,146.5800,3966603,570688308.1900
2019-12-05,sz.002916,144.0000,146.8900,142.6800,145.8300,143.1000,4729119,687130425.5200
2019-12-06,sz.002916,145.3500,145.6900,142.7200,144.9500,145.8300,3955178,569752896.1000
2019-12-09,sz.002916,146.1200,148.5000,146.0000,146.8800,144.9500,4814267,709366161.7200
2019-12-10,sz.002916,146.4500,147.7800,144.0000,147.0000,146.8800,3473543,506584337.2100
2019-12-11,sz.002916,147.2000,151.9500,147.2000,150.7200,147.0000,6224624,936114452.7900
2019-12-12,sz.002916,149.6100,151.5000,147.8000,148.0100,150.7200,5535569,825160772.4800
2019-12-13,sz.002916,150.0000,150.3500,145.9100,147.8000,148.0100,5022827,746341241.0200
2019-12-16,sz.002916,148.6600,153.1600,147.8600,153.1400,147.8000,5971563,897969757.8500
2019-12-17,sz.002916,154.1300,156.8000,152.4500,154.9600,153.1400,5684346,877398698.6800
2019-12-18,sz.002916,154.9900,154.9900,150.9000,151.1500,154.9600,4199267,641500403.6600
2019-12-19,sz.002916,151.5000,151.5000,148.2000,148.8000,151.1500,2765864,412787820.5300
2019-12-20,sz.002916,148.8300,150.6200,147.4600,148.1800,148.8000,2618441,389283790.2200
2019-12-23,sz.002916,145.9500,145.9700,140.0000,140.6700,148.1800,5197926,738756055.7300
2019-12-24,sz.002916,141.2100,142.7900,140.8200,141.6700,140.6700,1967569,278454687.7400
2019-12-25,sz.002916,141.9100,144.8500,141.8000,142.7800,141.6700,2745981,393262632.3900
2019-12-26,sz.002916,143.1500,144.9800,142.0000,143.1300,142.7800,1987363,284591735.7100
2019-12-27,sz.002916,143.5200,144.1200,139.6700,140.1300,143.1300,3536533,499448399.6900
2019-12-30,sz.002916,140.2000,142.8700,136.1700,142.3700,140.1300,3300440,463481216.5200
2019-12-31,sz.002916,142.0000,143.8800,141.5500,142.1000,142.3700,1704545,242520767.9900
2020-01-02,sz.002916,144.1000,149.3000,141.3000,148.6500,142.1000,5604590,818270460.7600
2020-01-03,sz.002916,150.0000,150.1200,145.6500,146.0700,148.6500,3843399,566989811.5100
2020-01-06,sz.002916,145.5000,148.2000,144.0000,147.0400,146.0700,3541843,520394683.1900
2020-01-07,sz.002916,146.3000,149.0100,146.3000,148.7100,147.0400,2823728,417697170.5300
2020-01-08,sz.002916,147.9900,147.9900,144.9100,145.6000,148.7100,2798003,408884409.3600
2020-01-09,sz.002916,146.7100,151.2000,146.3100,150.8900,145.6000,4410892,657982636.1500
2020-01-10,sz.002916,151.3700,155.7400,151.0000,154.6200,150.8900,4857712,747012716.7300
2020-01-13,sz.002916,157.3000,170.0800,155.5600,170.0800,154.6200,7903929,1297316383.6100
2020-01-14,sz.002916,176.7000,176.7000,166.5100,171.9500,170.0800,7632449,1310068441.4000
2020-01-15,sz.002916,170.6200,172.4400,167.3500,170.2400,171.9500,4212389,714962228.4700
2020-01-16,sz.002916,170.5100,171.5600,169.0000,171.3800,170.2400,3774823,644114525.8500
2020-01-17,sz.002916,171.8000,172.9800,168.0000,168.5000,171.3800,3160159,535789214.6400
2020-01-20,sz.002916,168.5100,175.3700,168.1100,172.4100,168.5000,4629912,797457213.3400
2020-01-21,sz.002916,170.2100,176.0000,170.2100,171.4900,172.4100,3593233,620164455.1400
2020-01-22,sz.002916,170.0100,188.6400,168.5000,186.2800,171.4900,7702946,1393013788.1500
2020-01-23,sz.002916,183.0000,186.6900,173.2400,177.4900,186.2800,6292124,1131761450.1900
2020-02-03,sz.002916,159.7400,159.7400,159.7400,159.7400,177.4900,910300,145411322.0000
2020-02-04,sz.002916,152.0000,169.8000,152.0000,165.7700,159.7400,6785098,1113293677.4000
2020-02-05,sz.002916,165.0000,172.1700,162.8200,164.6600,165.7700,5370275,897791968.6100
2020-02-06,sz.002916,163.0800,168.9000,162.6700,167.0100,164.6600,4123102,682755810.6000
2020-02-07,sz.002916,166.2400,179.5800,165.0800,177.5000,167.0100,5604313,976353547.2700
2020-02-10,sz.002916,174.1200,183.1400,174.1200,176.7900,177.5000,4584815,812609479.4200
2020-02-11,sz.002916,177.9300,181.8100,175.0000,180.0000,176.7900,4429119,792722374.7300
2020-02-12,sz.002916,179.5900,182.1000,176.4300,181.1600,180.0000,4300088,770166659.1000
2020-02-13,sz.002916,181.2300,191.5400,181.2200,188.8600,181.1600,6133145,1151772498.7500
2020-02-14,sz.002916,189.9500,198.5900,186.0100,195.3000,188.8600,5960922,1155453850.0100
2020-02-17,sz.002916,198.1600,214.8300,193.8500,214.8300,195.3000,6795697,1405695046.1300
2020-02-18,sz.002916,219.1300,220.0000,208.1400,216.3100,214.8300,7422544,1593017806.4200
2020-02-19,sz.002916,213.0000,226.9800,212.1900,216.9000,216.3100,6244673,1371174074.9400
2020-02-20,sz.002916,216.8000,221.9900,214.0100,220.0100,216.9000,4839065,1056142918.4400
2020-02-21,sz.002916,218.2800,238.6000,217.5000,234.9100,220.0100,5860500,1356206115.7700
2020-02-24,sz.002916,234.9100,258.4000,230.1000,258.4000,234.9100,6162122,1544647322.8200
2020-02-25,sz.002916,250.1200,272.7300,234.1100,253.6000,258.4000,10935590,2774800089.5000
2020-02-26,sz.002916,244.0000,249.8000,228.2400,228.2400,253.6000,8620132,2024621676.3300
2020-02-27,sz.002916,227.8000,228.1600,213.4100,221.1000,228.2400,8039968,1780453095.6500
2020-02-28,sz.002916,206.0300,215.8800,202.3800,207.5800,221.1000,7865414,1647916566.8300
2020-03-02,sz.002916,217.0000,228.3400,215.0000,228.3400,207.5800,6377800,1411035386.1000
2020-03-03,sz.002916,239.9800,244.9800,221.4800,223.2600,228.3400,9136064,2138877741.6300
2020-03-04,sz.002916,221.0300,231.0200,215.8800,227.7000,223.2600,5620547,1258941231.2100
2020-03-05,sz.002916,237.1200,243.0000,219.1100,226.0000,227.7000,7217851,1659332443.4700
2020-03-06,sz.002916,216.0000,230.5100,216.0000,227.9800,226.0000,4558188,1031055535.9900
2020-03-09,sz.002916,225.0000,235.0000,218.0500,223.8900,227.9800,5880547,1329137789.4300
2020-03-10,sz.002916,220.5000,246.2800,220.5000,246.2800,223.8900,8786541,2067824163.0800
2020-03-11,sz.002916,249.1200,263.0000,246.2000,247.0200,246.2800,8496695,2144303214.0600
2020-03-12,sz.002916,239.1400,250.5000,237.0000,250.3900,247.0200,6813375,1655384307.3600
2020-03-13,sz.002916,236.0000,263.2000,236.0000,258.5800,250.3900,7851648,1983405298.6200
2020-03-16,sz.002916,261.0000,266.5000,232.7200,239.3000,258.5800,8778641,2184138434.5900
2020-03-17,sz.002916,244.0000,247.0000,216.2600,229.5800,239.3000,8192998,1876096213.0600
2020-03-18,sz.002916,232.9900,235.4800,221.4400,223.2000,229.5800,6268596,1435319123.1400
2020-03-19,sz.002916,221.0000,233.5900,204.0000,227.4000,223.2000,8051412,1761912991.2600
2020-03-20,sz.002916,230.0000,231.0000,205.8100,209.9000,227.4000,10031502,2151147666.5100
2020-03-23,sz.002916,199.0000,208.0000,189.0000,191.8200,209.9000,7836969,1556961110.3100
2020-03-24,sz.002916,197.0800,198.9800,180.8800,193.5000,191.8200,7092737,1366934524.4000
2020-03-25,sz.002916,202.5000,209.6500,200.1000,208.2500,193.5000,7320301,1500757597.5000
2020-03-26,sz.002916,205.0000,210.1800,203.1500,205.4300,208.2500,3550323,732072862.3800
2020-03-27,sz.002916,212.0000,213.0000,204.9000,205.2500,205.4300,3769475,783789192.2900
2020-03-30,sz.002916,199.9100,203.2900,192.0000,199.5200,205.2500,4272154,845240169.0900
2020-03-31,sz.002916,203.3100,205.6000,196.2000,197.4200,199.5200,3630804,725021904.0900
2020-04-01,sz.002916,198.0000,203.6100,194.0000,199.0000,197.4200,4077706,816905735.2700
2020-04-02,sz.002916,197.7600,211.9600,197.0100,210.4600,199.0000,5979499,1224809695.2600
2020-04-03,sz.002916,207.4100,210.8800,205.6000,207.5000,210.4600,3426761,711459015.5200
2020-04-07,sz.002916,215.0000,217.8900,211.6900,213.1800,207.5000,4990634,1068991681.3600
2020-04-08,sz.002916,211.0000,219.2000,210.1000,216.5000,213.1800,4076005,880751096.8600
2020-04-09,sz.002916,220.9000,229.8000,219.0000,225.0600,216.5000,4659286,1049221963.8300
2020-04-10,sz.002916,226.9900,234.6700,220.7000,225.9000,225.0600,5489677,1246011113.2600
2020-04-13,sz.002916,222.3800,224.8800,212.0000,213.9500,225.9000,4094363,884603505.4500
2020-04-14,sz.002916,216.0000,227.7700,214.0000,226.0000,213.9500,4389546,972541670.1400
2020-04-15,sz.002916,228.3700,232.5700,223.0000,223.4300,226.0000,3933110,893395995.4800
2020-04-16,sz.002916,222.0000,228.5500,218.3100,226.3100,223.4300,3503420,786866515.3700
2020-04-17,sz.002916,229.3100,234.6500,227.8800,230.1900,226.3100,5046741,1169023116.6900
2020-04-20,sz.002916,230.0100,237.8400,229.2000,236.4500,230.1900,3903903,918366974.0300
2020-04-21,sz.002916,234.0000,238.8100,229.9000,238.0900,236.4500,3683283,863470557.1600
2020-04-22,sz.002916,234.5000,236.5200,229.0000,232.8200,238.0900,3465545,803396543.4700
2020-04-23,sz.002916,232.8200,233.9900,228.3800,229.9000,232.8200,2414796,556521817.7500
2020-04-24,sz.002916,229.9000,233.8900,222.8000,225.7500,229.9000,2750790,625665293.4200
2020-04-27,sz.002916,225.8500,229.3800,218.8800,224.5900,225.7500,2719265,609915815.7900
2020-04-28,sz.002916,226.7000,234.5600,222.5000,229.3400,224.5900,3729141,857065773.5500
2020-04-29,sz.002916,228.0100,228.9700,223.5000,223.9200,229.3400,2653631,599072816.9200
2020-04-30,sz.002916,226.4500,238.6000,226.4500,233.4000,223.9200,4677249,1092860897.2500
2020-05-06,sz.002916,230.2100,246.7800,229.9000,244.9000,233.4000,5296260,1264698113.1800
2020-05-07,sz.002916,252.0000,253.7400,243.5000,248.6800,244.9000,5202424,1292992892.5300
2020-05-08,sz.002916,248.6800,257.6800,248.6800,256.3000,248.6800,4441322,1128498591.1200
2020-05-11,sz.002916,258.3800,258.9700,248.2200,251.6000,256.3000,3847077,970414340.7000
2020-05-12,sz.002916,251.5500,256.5300,245.9700,255.3000,251.6000,3620345,916069287.7400
2020-05-13,sz.002916,181.7000,182.8900,174.2700,178.3500,181.5400,6478191,1152351415.2900
2020-05-14,sz.002916,178.3000,183.3000,177.0000,179.2900,178.3500,4814061,869123311.4900
2020-05-15,sz.002916,181.0600,189.5600,178.2900,183.0700,179.2900,6456507,1186168972.5400
2020-05-18,sz.002916,183.0000,183.0000,167.0000,169.6200,183.0700,12132893,2100752472.3300
2020-05-19,sz.002916,169.7100,172.5500,167.1800,171.3100,169.6200,6317385,1074889870.0100
2020-05-20,sz.002916,171.4400,173.3800,167.5300,169.9000,171.3100,4335461,738137646.7700
2020-05-21,sz.002916,169.9100,170.9900,165.5000,166.0000,169.9000,4541142,760958495.8200
2020-05-22,sz.002916,166.1000,168.0000,160.5000,161.8000,166.0000,4271887,699524503.4500
2020-05-25,sz.002916,159.8000,162.3000,155.0000,157.3000,161.8000,6356228,1001917611.3500
2020-05-26,sz.002916,159.4400,161.5000,156.5000,158.0000,157.3000,5827995,923035876.4900
2020-05-27,sz.002916,158.3300,158.3700,150.9000,151.1000,158.0000,6827548,1044846103.9100
2020-05-28,sz.002916,151.2100,153.6000,148.5500,152.2800,151.1000,4856243,734242040.4100
2020-05-29,sz.002916,150.0000,152.9500,148.5000,151.0000,152.2800,3084251,466259388.6400
2020-06-01,sz.002916,152.1000,158.6200,152.1000,157.1100,151.0000,6887240,1079760422.5700
2020-06-02,sz.002916,158.5000,158.6600,155.5100,157.3000,157.1100,4054859,636477819.5900
2020-06-03,sz.002916,157.5700,159.4900,154.8100,156.5000,157.3000,4944956,776086112.6500
2020-06-04,sz.002916,156.9000,157.7000,154.8800,155.5300,156.5000,2902102,452556044.0400
2020-06-05,sz.002916,156.4000,158.8300,155.6300,158.3300,155.5300,4158857,655630917.8900
2020-06-08,sz.002916,160.0100,163.9000,158.3000,158.4900,158.3300,5057258,815410455.5200
2020-06-09,sz.002916,159.0000,160.4300,156.2300,158.2000,158.4900,3998193,631577087.0700
2020-06-10,sz.002916,158.0000,158.0000,153.3300,153.9900,158.2000,5330145,822688059.9600
2020-06-11,sz.002916,153.9600,156.0800,153.0000,153.4100,153.9900,5269041,813094379.0000
2020-06-12,sz.002916,149.9500,153.1800,148.0200,152.7200,153.4100,5925700,892456277.9700
2020-06-15,sz.002916,150.5000,152.6000,149.0000,150.6400,152.7200,4352291,655311917.2600
2020-06-16,sz.002916,153.1500,161.9000,153.1500,159.8000,150.6400,10177163,1610744599.9100
2020-06-17,sz.002916,161.0000,161.5000,156.7000,159.4500,159.8000,6078829,961044121.2500
2020-06-18,sz.002916,160.0100,165.4900,159.1000,163.6300,159.4500,7496981,1216394953.0800
2020-06-19,sz.002916,163.6700,164.6100,161.3000,163.4600,163.6300,5446072,888776711.5000
2020-06-22,sz.002916,164.4800,166.3700,162.4000,162.9800,163.4600,6296976,1032934990.7700
2020-06-23,sz.002916,161.9000,162.5800,157.5700,159.3400,162.9800,6586562,1047070480.4700
2020-06-24,sz.002916,159.2100,168.6500,159.0800,167.0900,159.3400,10497378,1743383356.6400
2020-06-29,sz.002916,165.9500,165.9900,163.0000,165.4100,167.0900,6059854,996898595.2500
2020-06-30,sz.002916,167.0000,169.9500,166.0200,167.5200,165.4100,6460396,1083685511.6300
2020-07-01,sz.002916,167.8300,171.4900,165.0000,168.9900,167.5200,7725938,1303730432.5900
2020-07-02,sz.002916,168.4800,169.6000,165.6000,166.6100,168.9900,7738521,1292336244.3100
2020-07-03,sz.002916,167.8200,169.9800,165.8100,169.0200,166.6100,7450782,1253135667.9300
2020-07-06,sz.002916,169.9500,178.0000,169.9000,175.9800,169.0200,9750754,1699675325.5200
2020-07-07,sz.002916,179.7900,187.5000,176.0000,180.6700,175.9800,11317489,2064264469.2200
2020-07-08,sz.002916,180.5500,185.0000,179.0000,183.5900,180.6700,8306267,1519348710.0500
2020-07-09,sz.002916,183.4900,198.0000,181.9700,194.1000,183.5900,10808964,2065116446.9200
2020-07-10,sz.002916,190.5300,194.0000,186.0100,188.0500,194.1000,9911274,1877246933.3000
2020-07-13,sz.002916,194.1900,195.5000,189.8800,193.5300,188.0500,10125402,1947692177.7600
2020-07-14,sz.002916,192.1000,192.1000,180.6000,184.0500,193.5300,12528435,2322537003.2100
2020-07-15,sz.002916,184.0000,185.0000,173.0000,173.3100,184.0500,12366915,2189144614.9900
2020-07-16,sz.002916,173.3400,177.5000,159.6000,162.6600,173.3100,10727408,1803657587.3700
2020-07-17,sz.002916,162.6600,165.0000,159.0000,162.6700,162.6600,7477848,1210808947.6000
2020-07-20,sz.002916,163.3300,165.9200,158.9000,165.1900,162.6700,7121129,1159511050.7400
2020-07-21,sz.002916,165.9800,167.4100,162.9900,164.6500,165.1900,5782918,953000119.8100
2020-07-22,sz.002916,164.7500,167.0000,162.5000,164.7000,164.6500,6987592,1152558315.0400
2020-07-23,sz.002916,164.0000,164.0000,156.4900,160.4900,164.7000,8663513,1384138630.6500
2020-07-24,sz.002916,159.0000,160.8000,151.0100,151.5000,160.4900,8312406,1288063646.3900
2020-07-27,sz.002916,152.5500,153.0000,145.0500,147.8700,151.5000,7997057,1185893119.6600
2020-07-28,sz.002916,150.0100,150.7900,145.5400,147.2100,147.8700,5832215,860971617.3900
2020-07-29,sz.002916,147.5900,153.9900,147.5700,153.7300,147.2100,7887119,1193403477.2700
2020-07-30,sz.002916,155.0200,155.3000,151.0400,152.6100,153.7300,5927307,903655075.6500
2020-07-31,sz.002916,152.5400,157.5000,152.0000,154.1400,152.6100,6570386,1016032475.2400
2020-08-03,sz.002916,155.3000,158.7300,154.2000,158.6500,154.1400,6934174,1090000908.8900
2020-08-04,sz.002916,159.2000,159.7700,154.9100,157.0000,158.6500,6435903,1009681273.3400
2020-08-05,sz.002916,163.0100,165.5500,158.5000,159.0500,157.0000,7644900,1231808348.6400
2020-08-06,sz.002916,159.0300,159.0300,154.7000,156.0400,159.0500,4985805,777013225.2200
2020-08-07,sz.002916,155.0000,155.6500,148.0000,150.9100,156.0400,5924462,897132478.0800
2020-08-10,sz.002916,149.8100,152.8800,148.8000,151.6700,150.9100,4285097,645732613.2100
2020-08-11,sz.002916,151.8600,152.4300,148.5000,148.6400,151.6700,4787330,718591540.4500
2020-08-12,sz.002916,148.5000,148.9000,141.9000,145.1600,148.6400,6560745,947391100.1100
2020-08-13,sz.002916,146.7300,146.7300,143.4800,144.0000,145.1600,3302989,477055483.2800
2020-08-14,sz.002916,144.7000,146.2000,143.5800,145.5600,144.0000,3888477,563062235.1900
2020-08-17,sz.002916,145.5700,148.4300,145.1800,148.0200,145.5600,5290450,777665476.4700
2020-08-18,sz.002916,147.6800,148.6600,146.0000,146.4400,148.0200,4603933,676405734.1200
2020-08-19,sz.002916,146.3000,146.3500,141.6000,141.9000,146.4400,6434473,921095562.4300
2020-08-20,sz.002916,142.0200,145.5100,142.0000,142.8400,141.9000,5497826,789557740.3100
2020-08-21,sz.002916,144.4800,144.9900,138.3300,139.5000,142.8400,7902796,1111292740.2900
2020-08-24,sz.002916,139.5000,142.6800,133.3300,140.9500,139.5000,8012126,1102469185.0300
2020-08-25,sz.002916,140.9700,144.6800,140.9600,144.1000,140.9500,6788908,969931283.2300
2020-08-26,sz.002916,144.2000,144.2500,136.8500,137.3000,144.1000,6779322,946594613.2800
2020-08-27,sz.002916,137.0000,139.3900,135.4200,137.2700,137.3000,4938745,678247467.2900
2020-08-28,sz.002916,137.3300,139.4800,135.8200,139.1400,137.2700,5020541,690632389.7100
2020-08-31,sz.002916,139.4500,142.9400,138.5600,138.6500,139.1400,5467822,769167947.2800
2020-09-01,sz.002916,139.0000,141.8000,137.1000,141.7400,138.6500,4384359,615356824.2800
2020-09-02,sz.002916,142.8800,142.9000,139.5000,140.7000,141.7400,3889580,547216485.6600
2020-09-03,sz.002916,141.0000,141.0000,137.5000,138.0000,140.7000,4407803,608694956.6800
2020-09-04,sz.002916,135.5000,140.3500,135.0000,138.1000,138.0000,4103055,566693518.5100
2020-09-07,sz.002916,138.0600,138.7200,133.0700,133.0700,138.1000,5500481,745616050.1300
2020-09-08,sz.002916,133.0600,133.9700,123.2300,123.9800,133.0700,10864350,1372160091.3700
2020-09-09,sz.002916,121.3000,121.9800,116.0100,116.0300,123.9800,10456544,1237862736.2000
2020-09-10,sz.002916,118.1000,119.1900,114.4400,114.5200,116.0300,6724452,786871650.0200
2020-09-11,sz.002916,114.4300,116.3000,114.0500,116.1800,114.5200,5218616,602980400.0400
2020-09-14,sz.002916,117.1300,118.4700,114.7700,115.7100,116.1800,5122459,597402269.2000
2020-09-15,sz.002916,116.0000,117.8800,114.1300,116.6000,115.7100,5220420,605864737.2800
2020-09-16,sz.002916,117.0900,117.1000,114.6000,115.1000,116.6000,3524966,406355715.5000
2020-09-17,sz.002916,115.0900,124.4500,112.5000,122.5500,115.1000,10881941,1302725944.4900
2020-09-18,sz.002916,120.5000,121.7100,118.5200,121.1600,122.5500,7562398,908085377.7700
2020-09-21,sz.002916,121.1300,126.2100,120.6100,124.4900,121.1600,7672692,954630751.4300
2020-09-22,sz.002916,122.8000,124.4800,121.9000,122.4800,124.4900,3944115,485233292.3400
2020-09-23,sz.002916,122.8000,123.0000,120.1200,121.1500,122.4800,3543785,429939686.6000
2020-09-24,sz.002916,119.0900,120.3000,117.3000,117.5800,121.1500,4081722,482869022.7300
2020-09-25,sz.002916,118.5000,119.1800,116.5000,117.6000,117.5800,2623143,308504126.2200
2020-09-28,sz.002916,117.0700,119.5000,115.5000,117.4700,117.6000,3187507,375097369.8500
2020-09-29,sz.002916,118.5500,119.7900,117.0800,117.1300,117.4700,3474610,411342086.0100
2020-09-30,sz.002916,117.6800,118.3300,115.8000,116.5000,117.1300,2594950,303918722.7800
2020-10-09,sz.002916,118.4500,121.4400,118.3300,120.9800,116.5000,4970846,596837424.2000
2020-10-12,sz.002916,122.6000,126.5000,122.5000,126.5000,120.9800,6959380,871457677.9000
2020-10-13,sz.002916,127.0100,127.4000,125.6100,126.6800,126.5000,4501231,570305892.8900
2020-10-14,sz.002916,126.0000,126.0000,122.0600,122.9000,126.6800,5484849,677871638.6500
2020-10-15,sz.002916,123.4000,123.9800,121.8700,123.0000,122.9000,3120258,382694346.5100
2020-10-16,sz.002916,121.9900,123.2300,121.6000,122.3000,123.0000,2590854,316556168.2100
2020-10-19,sz.002916,123.3500,124.5000,120.2500,120.3500,122.3000,3139163,383119882.7300
2020-10-20,sz.002916,120.0000,121.5000,119.5500,121.4800,120.3500,2477959,299080313.4300
2020-10-21,sz.002916,121.5100,121.8000,116.5500,117.1500,121.4800,4256347,502288347.2900
2020-10-22,sz.002916,117.1500,119.4900,115.9700,118.9500,117.1500,3143749,372533670.0000
2020-10-23,sz.002916,119.7900,120.4800,115.5000,115.9700,118.9500,3067479,359482375.4400
2020-10-26,sz.002916,115.0000,115.5900,113.7000,114.8500,115.9700,2241411,257095944.7900
2020-10-27,sz.002916,114.4900,116.9200,113.6600,116.6400,114.8500,2298366,264973072.7600
2020-10-28,sz.002916,110.0900,112.5000,105.5300,107.0000,116.6400,10511429,1138614782.3700
2020-10-29,sz.002916,105.0100,106.6500,103.0900,104.9800,107.0000,6034732,631820328.0800
2020-10-30,sz.002916,106.1000,111.8700,105.9000,107.8000,104.9800,7610451,828414008.4900
2020-11-02,sz.002916,108.4000,108.7900,99.9900,102.8500,107.8000,9507649,976174468.8300
2020-11-03,sz.002916,102.8600,106.9300,102.2300,105.5700,102.8500,6620145,698204228.4700
2020-11-04,sz.002916,106.8000,108.5700,105.6000,106.3000,105.5700,5125384,548913944.8300
2020-11-05,sz.002916,108.3000,116.0000,106.5800,115.6600,106.3000,12035481,1352529611.2100
2020-11-06,sz.002916,115.0300,118.7800,115.0300,117.2100,115.6600,10110304,1183180496.4500
2020-11-09,sz.002916,122.0000,125.6200,120.0100,124.9000,117.2100,12598339,1557868989.8500
2020-11-10,sz.002916,125.0000,125.0000,120.0000,120.4100,124.9000,7485096,910904813.9100
2020-11-11,sz.002916,120.0000,120.3500,115.8800,115.9000,120.4100,5817436,683647127.5100
2020-11-12,sz.002916,117.6600,119.7700,116.3000,117.5400,115.9000,4344072,511911974.5200
2020-11-13,sz.002916,117.3000,118.7700,115.0000,117.9800,117.5400,3881223,455203245.9200
2020-11-16,sz.002916,118.0000,118.5500,114.8300,114.9000,117.9800,4610772,532752176.5100
2020-11-17,sz.002916,114.7200,115.6600,111.0000,114.4300,114.9000,4829498,547399749.2300
2020-11-18,sz.002916,114.5000,115.5700,108.5000,108.5100,114.4300,7386738,821225762.1700
2020-11-19,sz.002916,107.6900,111.2200,106.6600,110.6900,108.5100,5193551,570515849.7200
2020-11-20,sz.002916,110.6000,111.8000,108.9100,109.8000,110.6900,3501410,384768322.2700
2020-11-23,sz.002916,109.6700,110.3300,107.7500,108.9700,109.8000,4167979,454121930.9900
2020-11-24,sz.002916,109.6500,110.5000,108.1100,108.4800,108.9700,3888978,424455776.2500
2020-11-25,sz.002916,108.4900,110.1000,106.8900,108.7700,108.4800,4398024,477756096.1800
2020-11-26,sz.002916,108.9400,109.2800,106.7000,106.9600,108.7700,3518087,378859539.7700
2020-11-27,sz.002916,106.8300,107.7600,105.0300,105.6200,106.9600,3972853,420944894.8000
2020-11-30,sz.002916,105.6300,107.5700,104.5100,106.7400,105.6200,4538750,482760278.8200
2020-12-01,sz.002916,106.4700,109.8800,106.0000,109.6000,106.7400,5544453,601494941.1000
2020-12-02,sz.002916,110.0000,110.6300,108.1000,110.2500,109.6000,5228119,572350935.5500
2020-12-03,sz.002916,110.5100,112.2500,109.3900,109.9500,110.2500,3773380,416696426.4500
2020-12-04,sz.002916,109.8000,112.7900,109.4000,112.2900,109.9500,5070814,567556447.7100
2020-12-07,sz.002916,112.6000,115.0000,109.4100,111.2400,112.2900,5276515,593114741.9900
2020-12-08,sz.002916,110.0000,110.5000,107.3700,108.0000,111.2400,4485711,485642369.2800
2020-12-09,sz.002916,108.0100,108.5000,105.7700,105.7700,108.0000,3294627,352487544.3900
2020-12-10,sz.002916,105.5100,108.0000,105.2200,106.8900,105.7700,2940699,314476577.5900
2020-12-11,sz.002916,106.6800,110.9700,105.6000,109.0000,106.8900,6804175,740316367.0300
2020-12-14,sz.002916,109.0600,113.8000,108.5000,113.8000,109.0000,7212359,810722768.9600
2020-12-15,sz.002916,113.0100,114.8900,111.8900,113.2000,113.8000,4931182,559145970.9800
2020-12-16,sz.002916,113.1100,117.8800,112.8000,116.6400,113.2000,7205959,835718586.4300
2020-12-17,sz.002916,117.0000,117.7800,115.0000,116.8000,116.6400,5242172,608710501.2800
2020-12-18,sz.002916,117.7500,118.7800,110.2000,111.0700,116.8000,7514809,851359613.4400
2020-12-21,sz.002916,110.0000,113.1700,108.0100,110.9800,111.0700,4641925,515121211.9900
2020-12-22,sz.002916,110.0000,110.6000,106.1100,106.2800,110.9800,5893093,636360600.7500
2020-12-23,sz.002916,106.3900,108.6600,105.0300,108.4000,106.2800,4821042,515194650.9600
2020-12-24,sz.002916,108.0000,109.4000,106.5800,106.7000,108.4000,2834871,304796514.2600
2020-12-25,sz.002916,106.7000,107.0000,104.7000,105.4600,106.7000,3643884,384568601.9300
2020-12-28,sz.002916,104.9700,104.9700,102.0000,102.4800,105.4600,4135140,425118120.9600
2020-12-29,sz.002916,102.4600,108.3000,102.3300,106.9800,102.4800,5803127,615894419.6600
2020-12-30,sz.002916,106.3000,107.8300,104.5000,107.0200,106.9800,4322358,458918319.6500
2020-12-31,sz.002916,108.0000,109.6100,107.0100,108.0600,107.0200,3939743,426365858.8000
2021-01-04,sz.002916,108.0600,112.1800,107.4400,111.8600,108.0600,6015856,663122055.6500
2021-01-05,sz.002916,110.9500,123.0500,110.1000,123.0500,111.8600,14450183,1700794185.3600
2021-01-06,sz.002916,123.2000,125.3600,119.0700,120.9500,123.0500,10562953,1284129468.2800
2021-01-07,sz.002916,120.1700,131.3400,120.1700,128.1600,120.9500,14718174,1868072885.8400
2021-01-08,sz.002916,128.5600,134.1500,126.1700,131.5600,128.1600,12337249,1619144717.4400
2021-01-11,sz.002916,131.6100,139.8800,131.5400,133.0600,131.5600,13826327,1884083166.7500
2021-01-12,sz.002916,132.0000,136.0000,128.7200,133.5800,133.0600,9092661,1207052431.7700
2021-01-13,sz.002916,133.8600,138.3300,132.3000,135.0100,133.5800,9328653,1259903729.6000
2021-01-14,sz.002916,135.0600,138.3800,130.7700,131.4300,135.0100,9569747,1286341632.4900
2021-01-15,sz.002916,130.8600,133.8800,127.9800,132.2200,131.4300,8764614,1150849942.6300
2021-01-18,sz.002916,132.3700,138.0000,131.1400,135.2900,132.2200,8098802,1092407827.0100
2021-01-19,sz.002916,135.4000,135.4600,131.2900,131.4000,135.2900,6103530,810412435.2500
2021-01-20,sz.002916,131.5000,131.5000,127.2000,128.6900,131.4000,6792680,874260201.0200
2021-01-21,sz.002916,129.3400,130.6500,126.6100,127.3800,128.6900,5415769,693911677.7100
2021-01-22,sz.002916,127.5000,128.0000,123.4500,124.9400,127.3800,7510283,939320359.6600
2021-01-25,sz.002916,124.5000,124.7400,120.0000,121.2600,124.9400,6696336,819945116.5500
2021-01-26,sz.002916,121.6100,127.9900,121.5800,122.5100,121.2600,7511266,932507700.3200
2021-01-27,sz.002916,122.9700,123.6600,118.0000,118.3200,122.5100,6975180,835474991.3900
2021-01-28,sz.002916,116.0200,117.7700,110.9900,111.0500,118.3200,7625035,866651346.3900
2021-01-29,sz.002916,112.1800,112.6900,106.0000,107.3400,111.0500,6899669,748173099.3300
2021-02-01,sz.002916,107.5200,111.0200,106.3000,108.0700,107.3400,5478773,592389415.5400
2021-02-02,sz.002916,108.8800,109.6000,105.8900,107.8000,108.0700,5097749,546242287.1000
2021-02-03,sz.002916,107.1900,110.7700,105.5000,107.0000,107.8000,6639073,717511757.5900
2021-02-04,sz.002916,106.4900,110.2800,102.6500,110.1800,107.0000,7647244,808728141.0200
2021-02-05,sz.002916,109.2000,109.8600,106.0100,106.1300,110.1800,5032912,541729758.2800
2021-02-08,sz.002916,105.6100,107.8800,105.6000,107.1600,106.1300,3791542,405920032.7800
2021-02-09,sz.002916,107.8100,113.6000,106.1100,112.7500,107.1600,6491311,710131822.3600
2021-02-10,sz.002916,111.8000,113.8600,110.6100,112.9200,112.7500,5038568,567659296.7100
2021-02-18,sz.002916,114.6400,117.0000,113.3000,113.6300,112.9200,5492066,632952624.4000
2021-02-19,sz.002916,113.0000,115.6000,110.8200,115.3100,113.6300,4781972,541925095.4300
2021-02-22,sz.002916,115.3400,118.6300,114.0500,114.8600,115.3100,5494140,638527936.2200
2021-02-23,sz.002916,114.2000,115.3000,111.8700,112.4100,114.8600,4088267,463863489.2500
2021-02-24,sz.002916,112.6000,117.5800,112.4100,115.8800,112.4100,6512231,753914759.0000
2021-02-25,sz.002916,116.5000,116.9900,113.5000,114.2400,115.8800,3734003,428661375.0000
2021-02-26,sz.002916,111.8000,114.2400,109.4700,110.0100,114.2400,4826572,537805357.1400
2021-03-01,sz.002916,110.0000,116.5900,110.0000,115.9200,110.0100,5028490,573326561.5200
2021-03-02,sz.002916,115.6000,116.5000,113.8800,115.1600,115.9200,3525707,405363747.8600
2021-03-03,sz.002916,114.0000,115.5000,112.9200,115.3000,115.1600,3322319,379260304.1800
2021-03-04,sz.002916,114.4000,116.3000,112.2500,112.5500,115.3000,3560332,403783378.1300
2021-03-05,sz.002916,111.0800,116.3000,111.0100,115.4000,112.5500,4498423,515214980.3300
2021-03-08,sz.002916,116.1000,119.3600,114.3000,114.4000,115.4000,5926096,694586337.0400
2021-03-09,sz.002916,114.5500,115.3400,107.0300,108.6000,114.4000,6188796,685375313.3200
2021-03-10,sz.002916,110.3300,110.4800,105.7700,105.9800,108.6000,4429135,473900101.5700
2021-03-11,sz.002916,106.3900,108.9000,104.8800,108.0900,105.9800,3407659,364377430.9100
2021-03-12,sz.002916,108.0000,108.0500,105.7700,106.4200,108.0900,2713692,289172321.2400
2021-03-15,sz.002916,104.0000,104.0000,95.9100,97.3000,106.4200,9330740,916882098.3100
2021-03-16,sz.002916,96.3000,97.1900,91.5000,92.0700,97.3000,9815458,914969865.1600
2021-03-17,sz.002916,91.1900,92.5000,89.1400,92.4600,92.0700,6179496,563345453.7300
2021-03-18,sz.002916,92.1700,92.5000,90.8000,91.0700,92.4600,4013684,366597448.1200
2021-03-19,sz.002916,90.0000,91.9600,89.5100,90.5100,91.0700,3657887,331624372.1100
2021-03-22,sz.002916,90.4300,91.4900,90.0900,91.2000,90.5100,2546326,231638277.1400
2021-03-23,sz.002916,91.6300,93.0500,91.2300,91.9900,91.2000,3320574,305815887.6100
2021-03-24,sz.002916,91.5100,91.6000,89.7900,90.0000,91.9900,2803473,252956807.9700
2021-03-25,sz.002916,89.8000,90.6500,89.5100,90.3100,90.0000,1880344,169756813.0100
2021-03-26,sz.002916,90.4700,90.6500,86.8000,89.3000,90.3100,6604706,583365521.3700
2021-03-29,sz.002916,89.6000,90.4900,88.5500,88.8000,89.3000,3629636,323940699.7800
2021-03-30,sz.002916,88.8000,89.3500,87.2500,88.8200,88.8000,3419452,302195252.8100
2021-03-31,sz.002916,88.9100,89.1200,87.2000,88.0300,88.8200,2713934,238627906.1500
2021-04-01,sz.002916,88.7000,90.6800,88.1000,90.2200,88.0300,4400722,394910352.8400
2021-04-02,sz.002916,91.0000,93.9600,91.0000,93.9200,90.2200,6171838,574771319.7900
2021-04-06,sz.002916,94.9200,95.1100,92.0100,92.2500,93.9200,3734782,346350270.0400
2021-04-07,sz.002916,92.3100,92.4900,90.4000,91.6500,92.2500,2830847,258703224.4100
2021-04-08,sz.002916,91.4800,92.8000,90.7000,91.0500,91.6500,2436911,223422963.5500
2021-04-09,sz.002916,90.8300,91.7300,90.3800,90.6800,91.0500,2004137,181917863.0000
2021-04-12,sz.002916,90.7000,90.7300,87.6000,87.7300,90.6800,3385500,300748758.5400
2021-04-13,sz.002916,83.0000,83.0700,78.9600,79.1000,87.7300,10035362,811638098.2100
2021-04-14,sz.002916,79.0000,79.9600,78.3100,79.6900,79.1000,4368696,346199058.6500
2021-04-15,sz.002916,79.1500,79.6600,78.5000,78.7800,79.6900,3099521,244689841.3600
2021-04-16,sz.002916,78.5000,79.5000,78.4500,78.9400,78.7800,2891139,228578160.1100
2021-04-19,sz.002916,78.9200,81.5900,78.5800,81.2500,78.9400,4112834,330173976.9600
2021-04-20,sz.002916,80.9000,81.8900,80.4500,80.7000,81.2500,2539810,205812799.8200
2021-04-21,sz.002916,80.5700,81.8400,79.6000,80.9800,80.7000,2638991,212987800.5200
2021-04-22,sz.002916,81.0300,83.3500,81.0300,81.5500,80.9800,3078061,252874603.1900
2021-04-23,sz.002916,81.4500,82.2000,80.4800,81.2700,81.5500,2066441,168074436.1300
2021-04-26,sz.002916,81.2700,82.4000,79.8000,79.8300,81.2700,3225654,261730369.2400
2021-04-27,sz.002916,79.8300,80.3900,78.4100,78.5700,79.8300,2829770,223456169.2900
2021-04-28,sz.002916,78.5800,82.1200,77.5200,80.9900,78.5700,4211204,336942488.0500
2021-04-29,sz.002916,80.6500,82.7700,80.4500,80.9500,80.9900,3088268,251467749.5100
2021-04-30,sz.002916,81.4000,81.4000,78.8800,79.3800,80.9500,2817478,225103799.3000
2021-05-06,sz.002916,79.2000,80.6500,78.1100,78.9000,79.3800,2155715,171341867.1800
2021-05-07,sz.002916,79.1800,79.7100,77.6000,77.8800,78.9000,2868673,224343334.7600
2021-05-10,sz.002916,77.5800,77.5800,75.3800,75.5700,77.8800,3305808,251293027.0800
2021-05-11,sz.002916,75.1700,78.4000,74.8800,78.2200,75.5700,3174490,243552410.8700
2021-05-12,sz.002916,78.0000,80.8900,77.4400,80.0500,78.2200,3455120,275158596.7100
2021-05-13,sz.002916,79.8900,81.8500,79.0900,79.6000,80.0500,3391313,272665991.7400
2021-05-14,sz.002916,79.2000,81.1000,78.7800,80.5200,79.6000,3142067,251720020.5000
2021-05-17,sz.002916,81.0000,82.4200,80.3600,80.5500,80.5200,3357724,272806884.2400
2021-05-18,sz.002916,80.1100,81.0000,79.0200,80.7700,80.5500,2048459,163873838.7400
2021-05-19,sz.002916,81.0900,81.2300,79.8500,80.7000,80.7700,1885256,151845183.2800
2021-05-20,sz.002916,80.9100,81.5900,80.2800,81.2000,80.7000,2453448,198695159.6200
2021-05-21,sz.002916,81.1300,81.7500,78.7600,78.8800,81.2000,3054338,243681037.6000
2021-05-24,sz.002916,78.7900,82.4200,77.8000,82.4000,78.8800,5189793,420453985.9600
2021-05-25,sz.002916,82.2800,83.5000,82.0000,83.1700,82.4000,4625974,383682515.2500
2021-05-26,sz.002916,83.1800,83.9500,82.3800,82.5600,83.1700,3554437,295118514.9400
2021-05-27,sz.002916,82.9300,87.8800,82.5900,86.3700,82.5600,8152169,701120742.8800
2021-05-28,sz.002916,86.0000,86.3000,84.4000,84.8300,86.3700,4892029,415560993.3000
2021-05-31,sz.002916,84.8200,86.9500,84.8000,86.6700,84.8300,4261752,368479813.5000
2021-06-01,sz.002916,86.0000,86.6000,84.2000,85.1500,85.7200,4112893,350787604.6400
2021-06-02,sz.002916,85.1400,85.3100,82.4900,82.5800,85.1500,4197557,350304897.0700
2021-06-03,sz.002916,83.2800,85.8300,82.5500,83.8300,82.5800,4224041,356669611.1200
2021-06-04,sz.002916,83.5700,86.8500,83.3100,86.3400,83.8300,5932565,507757732.5600
2021-06-07,sz.002916,87.9800,93.2000,87.9000,92.5500,86.3400,9243447,840535473.0500
2021-06-08,sz.002916,92.5500,97.6200,91.2800,95.3200,92.5500,10268098,974328629.9000
2021-06-09,sz.002916,95.1000,95.5700,91.9600,92.3500,95.3200,6406554,596749879.4600
2021-06-10,sz.002916,92.1700,93.9900,91.7600,92.7500,92.3500,5415710,501732001.0800
2021-06-11,sz.002916,93.4900,93.4900,90.0000,90.6400,92.7500,6267691,572087340.7900
2021-06-15,sz.002916,90.9000,93.2500,90.6700,91.9200,90.6400,3996184,367696700.0400
2021-06-16,sz.002916,91.8800,94.9100,91.2300,92.1700,91.9200,4569490,424648045.1900
2021-06-17,sz.002916,91.3000,96.2800,91.0500,96.2500,92.1700,7096920,671104447.9900
2021-06-18,sz.002916,96.3000,96.7000,93.6500,94.2000,96.2500,4744671,448526056.2100
2021-06-21,sz.002916,93.0000,93.4800,91.0000,93.0400,94.2000,4588840,423952485.2500
2021-06-22,sz.002916,93.0400,94.3900,91.5800,94.1800,93.0400,4073651,379154973.0400
2021-06-23,sz.002916,94.1900,97.9500,93.7000,97.1800,94.1800,7443486,719655207.5700
2021-06-24,sz.002916,100.5000,106.9000,100.5000,106.9000,97.1800,9776309,1029959139.5100
2021-06-25,sz.002916,107.2900,110.3600,104.0200,109.8400,106.9000,14014120,1514683453.1000
2021-06-28,sz.002916,109.0000,111.4000,106.3000,109.7000,109.8400,8194069,889670819.4400
2021-06-29,sz.002916,109.0000,109.6400,106.4800,106.6000,109.7000,6196590,666889282.2800
2021-06-30,sz.002916,106.9000,111.6000,106.9000,111.1300,106.6000,6979951,768453129.3300
2021-07-01,sz.002916,111.9000,111.9000,106.7200,106.8800,111.1300,4611438,502086490.1800
2021-07-02,sz.002916,105.2000,108.3300,105.0300,106.3500,106.8800,4711418,503442563.4700
2021-07-05,sz.002916,107.2900,110.0000,106.3500,108.3200,106.3500,3759382,405513001.7500
2021-07-06,sz.002916,108.4000,109.2300,106.0000,107.3900,108.3200,3723881,399421938.9100
2021-07-07,sz.002916,107.3900,108.2800,106.0000,107.5700,107.3900,2916033,313421062.3300
2021-07-08,sz.002916,108.3000,108.6000,106.6900,107.9900,107.5700,3921007,421686845.0700
2021-07-09,sz.002916,106.9800,109.3300,103.0000,108.9000,107.9900,6066889,646137317.5200
2021-07-12,sz.002916,108.8700,109.7600,106.7000,106.8900,108.9000,4193447,451218455.3500
2021-07-13,sz.002916,106.3600,114.6000,105.5100,113.2200,106.8900,8298720,919700477.6100
2021-07-14,sz.002916,112.1000,116.7100,109.9800,110.1000,113.2200,6422280,729835830.7300
2021-07-15,sz.002916,110.5000,112.8700,107.7000,109.1000,110.1000,3992068,438269429.6300
2021-07-16,sz.002916,109.2100,110.5300,106.6800,109.2600,109.1000,3982869,432597845.1700
2021-07-19,sz.002916,109.2700,115.9900,107.6000,114.1200,109.2600,5800951,655047858.8100
2021-07-20,sz.002916,114.0000,114.0000,111.1000,113.1000,114.1200,3848669,432098282.0400
2021-07-21,sz.002916,113.7800,115.8300,112.0100,114.0500,113.1000,4299833,490900882.5900
2021-07-22,sz.002916,114.6000,120.6500,114.5900,119.2500,114.0500,7565196,894674317.0000
2021-07-23,sz.002916,122.0000,122.4400,117.0700,118.7000,119.2500,4932405,585485351.0600
2021-07-26,sz.002916,118.9200,120.6300,112.7000,116.4800,118.7000,5769205,674948832.8800
2021-07-27,sz.002916,116.0000,126.0000,115.2000,119.8900,116.4800,9785410,1187679545.7300
2021-07-28,sz.002916,116.1000,117.1900,108.3000,114.0900,119.8900,7205328,819432444.6600
2021-07-29,sz.002916,116.5200,119.5000,115.4000,118.6000,114.0900,6117515,720520653.4000
2021-07-30,sz.002916,118.4700,122.2300,116.5000,121.6000,118.6000,6242459,750421017.7700
2021-08-02,sz.002916,123.0000,126.6600,119.0600,122.7600,121.6000,7543020,929931324.9300
2021-08-03,sz.002916,120.9000,124.4500,115.6000,115.9100,122.7600,7195117,857718516.3000
2021-08-04,sz.002916,116.4600,119.1900,115.3600,116.9800,115.9100,4940193,579434679.3300
2021-08-05,sz.002916,117.4100,119.9800,111.9500,112.0800,116.9800,6551504,753367608.9200
2021-08-06,sz.002916,110.1000,112.7700,106.1200,106.6700,112.0800,7711833,831118830.3700
2021-08-09,sz.002916,106.6300,108.3000,103.0100,108.3000,106.6700,5923922,622532258.9600
2021-08-10,sz.002916,108.3000,109.8000,106.2800,107.5900,108.3000,3634198,392111401.7600
2021-08-11,sz.002916,106.3000,107.3200,104.5600,105.3600,107.5900,3251673,342870131.1800
2021-08-12,sz.002916,104.0300,107.4500,104.0300,104.9300,105.3600,2547835,269043961.0900
2021-08-13,sz.002916,104.8400,105.5000,102.3000,102.3500,104.9300,3345583,346408573.2200
2021-08-16,sz.002916,102.0000,103.6600,100.6000,100.9500,102.3500,3193036,325504932.2300
2021-08-17,sz.002916,100.9500,101.4800,95.7500,95.9000,100.9500,6012230,588866250.8600
2021-08-18,sz.002916,96.0200,97.0000,93.8000,94.8000,95.9000,3776842,359449677.7100
2021-08-19,sz.002916,95.5000,97.7500,94.8000,95.4000,94.8000,3116083,299242045.0100
2021-08-20,sz.002916,92.2600,96.0600,90.2600,95.9400,95.4000,4007096,378939781.8000
2021-08-23,sz.002916,96.9900,96.9900,94.8300,96.3900,95.9400,2683916,257679432.3700
2021-08-24,sz.002916,97.4000,99.8800,95.8200,99.5200,96.3900,3544325,347582168.5800
2021-08-25,sz.002916,99.0100,99.9800,96.5800,96.7800,99.5200,2737266,267309184.9500
2021-08-26,sz.002916,97.5000,97.8000,95.7000,96.9300,96.7800,1850917,179447578.0900
2021-08-27,sz.002916,96.2400,96.8000,95.2800,95.7000,96.9300,1709282,163556957.1600
2021-08-30,sz.002916,96.8800,96.8800,91.8200,92.6000,95.7000,3413892,319453577.0000
2021-08-31,sz.002916,92.5600,93.4600,89.6600,91.4400,92.6000,3250273,296573967.9100
2021-09-01,sz.002916,91.1000,91.6600,88.8800,90.6200,91.4400,2671761,240882964.2500
2021-09-02,sz.002916,90.3900,91.4300,89.0000,89.3200,90.6200,2738672,246085386.9200
2021-09-03,sz.002916,89.1400,92.1800,89.0400,90.3600,89.3200,2035814,184039467.6500
2021-09-06,sz.002916,90.4700,94.2000,89.5100,94.1600,90.3600,3097123,287386963.8500
2021-09-07,sz.002916,93.9300,95.2500,93.0000,93.8800,94.1600,2342197,219385454.5600
2021-09-08,sz.002916,93.8000,94.3400,92.6600,94.3000,93.8800,2066659,193079435.9900
2021-09-09,sz.002916,94.3100,94.3900,92.5000,93.2900,94.3000,1492274,138906921.5700
2021-09-10,sz.002916,93.3500,95.0000,91.5000,93.9100,93.2900,2589879,241966359.1800
2021-09-13,sz.002916,93.5000,94.6000,91.4300,91.8000,93.9100,1973873,182894517.5300
2021-09-14,sz.002916,91.8000,95.6800,91.4500,93.1100,91.8000,2876269,269930575.4600
2021-09-15,sz.002916,92.6100,93.8800,91.3600,92.5500,93.1100,1907472,176241106.9200
2021-09-16,sz.002916,92.2000,92.4400,90.0100,90.2000,92.5500,1906834,173351735.0800
2021-09-17,sz.002916,90.2000,92.0000,90.0100,91.8900,90.2000,1569928,143410020.4200
2021-09-22,sz.002916,91.2500,95.0000,90.3400,94.3800,91.8900,2131663,199245714.3300
2021-09-23,sz.002916,94.9000,98.0500,93.5600,96.8800,94.3800,3380416,325231709.0200
2021-09-24,sz.002916,96.4000,97.5000,95.3100,96.0900,96.8800,1811031,174587994.6400
2021-09-27,sz.002916,98.5000,99.5000,94.4200,95.6600,96.0900,2538031,244918450.0900
2021-09-28,sz.002916,95.6600,96.7500,94.0000,95.6800,95.6600,1698332,162260507.9800
2021-09-29,sz.002916,94.5300,95.0000,92.5800,93.4000,95.6800,1949320,182232152.9500
2021-09-30,sz.002916,93.0000,95.5800,93.0000,94.8200,93.4000,1298522,123088620.6100
2021-10-08,sz.002916,95.5100,96.9700,94.6300,95.5800,94.8200,1232551,117826362.0800
2021-10-11,sz.002916,95.0000,96.4500,94.6100,94.8200,95.5800,1208005,115156252.8100
2021-10-12,sz.002916,94.6000,94.6000,90.8800,91.9900,94.8200,1909636,176208555.2700
2021-10-13,sz.002916,92.0000,92.8200,91.1500,92.6800,91.9900,854643,78719718.2200
2021-10-14,sz.002916,92.9000,93.4800,91.8000,92.0700,92.6800,649244,60040034.8200
2021-10-15,sz.002916,92.0000,93.5500,91.2100,92.4700,92.0700,1043646,96682793.4900
2021-10-18,sz.002916,92.3800,92.4600,90.2100,90.7400,92.4700,1336233,121205109.2800
2021-10-19,sz.002916,90.7500,91.9800,90.6000,91.3100,90.7400,1062791,97047796.7600
2021-10-20,sz.002916,91.3000,91.9800,90.8000,90.8000,91.3100,895654,81610628.1500
2021-10-21,sz.002916,91.2400,91.4600,88.9800,89.0000,90.8000,1766572,158296204.3500
2021-10-22,sz.002916,89.3200,90.1800,87.9700,89.2000,89.0000,1546631,137664481.1100
2021-10-25,sz.002916,89.3000,89.3500,85.5000,86.5300,89.2000,3005594,259739313.0600
2021-10-26,sz.002916,86.4500,92.1800,86.1800,90.1500,86.5300,3478313,311708708.1400
2021-10-27,sz.002916,90.1500,90.2000,87.4600,88.1500,90.1500,1576340,139409372.8800
2021-10-28,sz.002916,88.1500,89.6700,87.2000,87.3500,88.1500,1349766,119327381.1500
2021-10-29,sz.002916,88.0200,88.8900,86.5100,88.8300,87.3500,1452246,128042530.7200
2021-11-01,sz.002916,97.7100,97.7100,97.7100,97.7100,88.8300,2102751,205459800.2100
2021-11-02,sz.002916,105.7900,107.4800,103.2500,107.4800,97.7100,7473444,798268579.2600
2021-11-03,sz.002916,106.6800,110.6300,105.8600,107.5200,107.4800,16759134,1816488077.6000
2021-11-04,sz.002916,109.9900,111.6000,107.7400,111.0100,107.5200,9799022,1081257411.6900
2021-11-05,sz.002916,110.1200,115.0000,109.5000,112.8500,111.0100,7678606,865240486.5900
2021-11-08,sz.002916,111.9100,112.6000,108.1600,109.3900,112.8500,6851056,749379985.7900
2021-11-09,sz.002916,109.7500,110.1800,107.5300,109.8100,109.3900,5815468,634346569.6500
2021-11-10,sz.002916,109.4000,110.9900,108.1300,109.8400,109.8100,3415037,373464755.1500
2021-11-11,sz.002916,109.4800,110.5300,107.8000,108.6000,109.8400,4103368,447156447.8000
2021-11-12,sz.002916,109.0600,111.3800,108.5000,109.6900,108.6000,5223311,573653230.7200
2021-11-15,sz.002916,109.5300,113.7600,109.0000,111.7300,109.6900,5934213,664322734.7700
2021-11-16,sz.002916,111.3200,114.4700,110.7800,111.0100,111.7300,5615733,634717533.0300
2021-11-17,sz.002916,110.6400,112.9600,110.4600,112.9200,111.0100,4048579,453427071.5600
2021-11-18,sz.002916,112.2700,114.0800,111.0000,111.6900,112.9200,4300620,484353125.7500
2021-11-19,sz.002916,111.1100,112.6000,110.6100,111.9200,111.6900,3446732,385396585.2000
2021-11-22,sz.002916,112.1600,113.6800,110.9400,113.1000,111.9200,4807705,540621630.5500
2021-11-23,sz.002916,112.3400,112.7700,109.8000,109.8900,113.1000,6702429,743687848.2200
2021-11-24,sz.002916,109.8900,113.4000,108.6100,110.3400,109.8900,6107954,678663762.8300
2021-11-25,sz.002916,109.7000,111.2500,107.7900,108.3300,110.3400,3834967,417742952.8800
2021-11-26,sz.002916,107.9100,109.5800,106.1700,107.3800,108.3300,3323366,357441864.5000
2021-11-29,sz.002916,107.3800,108.4900,104.7000,105.7000,107.3800,4628707,489242140.1700
2021-11-30,sz.002916,106.3800,109.0000,104.7400,105.0000,105.7000,4360993,463185482.5300
2021-12-01,sz.002916,104.4000,107.7000,104.4000,105.7300,105.0000,2828100,299694834.9200
2021-12-02,sz.002916,105.5500,106.4800,103.5900,104.8300,105.7300,2895101,304170755.9900
2021-12-03,sz.002916,104.8400,107.2900,104.0000,106.4900,104.8300,3256769,345924538.8900
2021-12-06,sz.002916,106.9800,106.9800,102.8500,103.5100,106.4900,2712504,283801623.9400
2021-12-07,sz.002916,104.3500,105.2600,101.8500,102.1600,103.5100,2647704,272855358.1300
2021-12-08,sz.002916,102.4000,107.4400,102.4000,106.7900,102.1600,3754777,397578757.8000
2021-12-09,sz.002916,106.9000,109.5900,105.6000,109.3500,106.7900,4015798,435727818.5600
2021-12-10,sz.002916,109.2500,109.2500,106.6000,107.0700,109.3500,2771078,297700510.1500
2021-12-13,sz.002916,107.8900,112.3300,107.5000,110.0800,107.0700,3678793,405732964.2100
2021-12-14,sz.002916,109.0000,111.4000,109.0000,109.6000,110.0800,2318681,254927916.0400
2021-12-15,sz.002916,108.8800,110.8800,108.6700,110.0100,109.6000,2455976,269790222.9000
2021-12-16,sz.002916,110.5700,111.1800,108.8500,109.6000,110.0100,1751955,192210200.3300
2021-12-17,sz.002916,109.4900,109.8000,105.7200,106.7200,109.6000,2951162,315541511.6000
2021-12-20,sz.002916,105.8700,108.5700,103.3200,103.7200,106.7200,2162449,227604477.3600
2021-12-21,sz.002916,103.8000,104.7500,102.8700,103.4200,103.7200,2040795,211487991.1100
2021-12-22,sz.002916,103.6000,113.5600,103.1200,111.4000,103.4200,6793706,747320803.0000
2021-12-23,sz.002916,111.4000,117.7000,110.8000,116.0800,111.4000,7434415,861174195.0600
2021-12-24,sz.002916,117.0000,119.3000,115.8000,117.9700,116.0800,5481531,645085036.9600
2021-12-27,sz.002916,117.9700,118.4900,115.1700,115.6000,117.9700,2685523,312489882.5100
2021-12-28,sz.002916,116.5000,118.8000,115.9800,117.7800,115.6000,4809200,565881865.5100
2021-12-29,sz.002916,117.0200,118.5000,115.3500,116.5200,117.7800,4295398,500702871.8200
2021-12-30,sz.002916,117.0300,123.2200,116.0000,120.9000,116.5200,5815194,703969637.2100
2021-12-31,sz.002916,121.0700,122.2400,119.5100,121.8200,120.9000,3544732,429674286.3100
2022-01-04,sz.002916,121.2000,123.7400,119.5800,122.1300,121.8200,3490977,424564172.4100
2022-01-05,sz.002916,120.1000,121.8800,115.9900,118.2800,122.1300,4833085,570669616.3300
2022-01-06,sz.002916,117.1900,118.8000,114.0000,116.0000,118.2800,3153967,364604570.5300
2022-01-07,sz.002916,115.4400,117.5500,114.2100,114.4800,116.0000,1690959,195385630.9700
2022-01-10,sz.002916,114.4900,116.4700,110.1000,116.0400,114.4800,3647531,415136761.6300
2022-01-11,sz.002916,115.3800,116.6600,112.7000,112.8300,116.0400,2003664,228523142.6500
2022-01-12,sz.002916,113.7600,115.8000,108.0000,114.2400,112.8300,2488070,283806631.5000
2022-01-13,sz.002916,114.2400,114.2400,109.5500,110.0000,114.2400,2207226,245132971.2500
2022-01-14,sz.002916,109.9900,112.8600,108.5100,110.1600,110.0000,2198658,243747768.3300
2022-01-17,sz.002916,110.1600,114.4000,109.1100,112.8000,110.1600,2422885,273390229.9700
2022-01-18,sz.002916,112.5000,119.4400,111.6500,116.1100,112.8000,4276902,499796305.2400
2022-01-19,sz.002916,116.0100,117.4200,114.4800,115.3000,116.1100,3005665,348114271.9500
2022-01-20,sz.002916,115.0100,120.3600,115.0000,120.2100,115.3000,6370909,762232659.3300
2022-01-21,sz.002916,119.4500,120.4000,114.4000,115.2500,120.2100,4566909,533626125.4400
2022-01-24,sz.002916,115.3800,116.9900,113.8200,115.3800,115.2500,2567183,295255031.4400
2022-01-25,sz.002916,114.7600,119.9900,113.2600,113.8500,115.3800,5093945,592892007.4500
2022-01-26,sz.002916,113.2500,116.5600,113.1500,116.2100,113.8500,3481396,402321245.5800
2022-01-27,sz.002916,115.5000,117.2000,114.3100,116.2500,116.2100,3215401,373764153.9200
2022-01-28,sz.002916,116.2500,120.0000,112.0000,118.2000,116.2500,4547864,532282554.8400
2022-02-07,sz.002916,118.1500,120.2300,107.5900,118.2800,118.2000,7339029,840164746.4800
2022-02-08,sz.002916,116.5700,116.9000,110.2000,111.9500,118.2800,3924344,441887421.8700
2022-02-09,sz.002916,110.8300,113.2800,109.2800,112.1400,111.9500,2457810,274136592.2200
2022-02-10,sz.002916,116.5000,120.0800,114.9000,116.5000,112.1400,5252925,618288550.8900
2022-02-11,sz.002916,116.0000,116.4600,112.4000,115.0500,116.5000,3787558,431612013.3100
2022-02-14,sz.002916,113.5000,115.3600,110.9800,112.7000,115.0500,3136737,353782140.9500
2022-02-15,sz.002916,112.0900,114.8800,112.0800,112.7600,112.7000,1848764,209075098.2800
2022-02-16,sz.002916,113.4300,113.5000,110.4900,110.5900,112.7600,1978953,220290907.5000
2022-02-17,sz.002916,110.6000,114.3500,109.8800,111.8500,110.5900,2061502,230693484.2300
2022-02-18,sz.002916,110.7600,110.9700,107.8300,108.7500,111.8500,2701984,293625137.7400
2022-02-21,sz.002916,108.7500,112.7400,108.1800,112.0600,108.7500,2829199,313574727.3600
2022-02-22,sz.002916,111.1800,111.5900,108.8000,109.9000,112.0600,2309363,253817013.6800
2022-02-23,sz.002916,109.0000,118.0000,108.9000,116.7200,109.9000,4944131,571661575.0300
2022-02-24,sz.002916,115.6300,118.0000,112.2100,114.3400,116.7200,3193905,365967631.3400
2022-02-25,sz.002916,116.0000,117.2500,114.4800,116.8900,114.3400,2994537,348682465.9000
2022-02-28,sz.002916,117.0000,118.0000,115.2500,117.0500,116.8900,1718724,200149868.0000
2022-03-01,sz.002916,117.0000,117.9400,114.7000,116.1400,117.0500,1817619,210726770.0000
2022-03-02,sz.002916,115.2000,115.2500,112.8100,113.0000,116.1400,2437973,276837792.0000
2022-03-03,sz.002916,113.7300,114.2800,109.0100,109.3100,113.0000,2550607,281946800.0000
2022-03-04,sz.002916,109.0500,111.4200,108.9000,110.1000,109.3100,1542249,170223721.0000
2022-03-07,sz.002916,110.0500,110.0500,105.2700,105.9200,110.1000,2761326,295097808.0000
2022-03-08,sz.002916,105.9200,106.4500,99.6900,102.3900,105.9200,4191495,428262896.0000
2022-03-09,sz.002916,102.0000,104.2000,98.0100,100.5000,102.3900,2908964,293565792.0000
2022-03-10,sz.002916,104.0000,104.0000,100.5700,101.3100,100.5000,2019896,205594467.0000
2022-03-11,sz.002916,99.7800,101.5300,98.0800,101.4000,101.3100,2248209,224396748.0000
2022-03-14,sz.002916,100.1700,100.7900,95.9700,96.0600,101.4000,3174658,309652752.0000
2022-03-15,sz.002916,95.1200,98.0800,93.2000,94.6000,96.0600,3084101,294748624.0000
2022-03-16,sz.002916,97.0000,98.0000,91.9800,96.0100,94.6000,2957485,279507104.0000
2022-03-17,sz.002916,98.2000,101.5000,97.4300,99.7900,96.0100,3212985,319327264.0000
2022-03-18,sz.002916,100.0000,100.0000,96.9100,98.0000,99.7900,1865208,183147649.9300
2022-03-21,sz.002916,98.2600,99.2000,97.3400,97.8000,98.0000,1573090,154259452.6100
2022-03-22,sz.002916,97.7800,97.7800,95.3500,95.7400,97.8000,2400363,230840947.2200
2022-03-23,sz.002916,95.7900,97.5700,95.1000,97.2900,95.7400,2004757,193569248.8700
2022-03-24,sz.002916,96.5000,96.6800,94.7000,95.7000,97.2900,1568255,149716461.1100
2022-03-25,sz.002916,96.1000,96.4300,93.9000,94.0600,95.7000,1436818,136181850.4400
2022-03-28,sz.002916,93.1300,93.8400,91.0000,93.1400,94.0600,1612987,149333475.9400
2022-03-29,sz.002916,93.0000,94.5000,90.0000,90.4600,93.1400,2235395,203991268.8500
2022-03-30,sz.002916,91.5500,92.4000,90.6800,92.3800,90.4600,1515707,139299882.2500
2022-03-31,sz.002916,91.6500,92.2200,90.3100,90.7500,92.3800,1366630,124363783.4800
2022-04-01,sz.002916,90.4800,91.8700,90.4800,91.3000,90.7500,1828380,167023376.2000
2022-04-06,sz.002916,91.1100,92.3000,90.3600,90.9400,91.3000,1583414,143987048.2700
2022-04-07,sz.002916,91.0000,91.9900,90.2000,91.2400,90.9400,1669475,152295060.3500
2022-04-08,sz.002916,91.3400,91.5900,88.8200,89.9400,91.2400,2157229,193608658.3400
2022-04-11,sz.002916,89.6800,89.6800,85.7300,86.0100,89.9400,2257530,196453688.4100
2022-04-12,sz.002916,86.3100,90.8200,86.2700,90.8100,86.0100,3210577,283554753.5300
2022-04-13,sz.002916,90.7000,93.7700,88.0000,89.1000,90.8100,3304925,297290986.8600
2022-04-14,sz.002916,89.6200,91.7500,89.1100,91.5600,89.1000,1839841,167066633.2200
2022-04-15,sz.002916,91.0000,93.5500,89.7500,92.5000,91.5600,1889779,173988201.6000
2022-04-18,sz.002916,92.3000,97.9600,91.3000,96.3000,92.5000,2800210,269069615.8200
2022-04-19,sz.002916,96.2600,96.6800,94.4000,95.1700,96.3000,1807152,172301344.7600
2022-04-20,sz.002916,95.3000,97.4000,95.1800,95.9200,95.1700,1384851,133242957.7000
2022-04-21,sz.002916,95.6900,97.4800,94.2600,94.6900,95.9200,1680915,161579224.2500
2022-04-22,sz.002916,94.7000,97.6600,94.3700,96.9900,94.6900,2333023,225906495.1200
2022-04-25,sz.002916,95.9500,98.3700,92.7400,93.1900,96.9900,3092239,296286807.9600
2022-04-26,sz.002916,94.0200,95.0900,88.3000,88.9900,93.1900,2826876,258662462.0000
2022-04-27,sz.002916,88.0000,93.3000,85.9000,92.7900,88.9900,2882650,259322344.0200
2022-04-28,sz.002916,92.0500,93.6700,90.7800,92.0800,92.7900,1628977,149930869.6200
2022-04-29,sz.002916,93.0000,96.0000,91.5000,95.4100,92.0800,1970266,185588811.7100
2022-05-05,sz.002916,94.7600,97.9900,94.1300,95.8000,95.4100,2046737,196953894.8200
2022-05-06,sz.002916,94.3900,94.7700,92.8000,93.5300,95.8000,1174087,110073433.2400
2022-05-09,sz.002916,93.4800,94.3600,91.2800,91.5000,93.5300,1046120,96986813.6800
2022-05-10,sz.002916,90.3000,96.4900,89.3800,95.5000,91.5000,2713302,255448522.0000
2022-05-11,sz.002916,95.9900,98.5400,94.8000,95.3000,95.5000,3157626,305942674.2000
2022-05-12,sz.002916,94.5000,96.4000,94.3100,95.3700,95.3000,1464290,139773168.0600
2022-05-13,sz.002916,96.3500,96.8800,93.5000,96.5500,95.3700,2265194,216342161.7600
2022-05-16,sz.002916,96.5500,97.0000,94.3500,94.6500,96.5500,1491176,141999145.9100
2022-05-17,sz.002916,94.6900,96.5000,94.2400,96.5000,94.6500,1479710,141676235.7600
2022-05-18,sz.002916,96.5000,98.3600,95.0100,95.8200,96.5000,1293766,124475916.3500
2022-05-19,sz.002916,94.9000,96.8500,94.5700,96.6800,95.8200,1249917,120161419.2400
2022-05-20,sz.002916,96.9800,98.0000,96.0200,96.9700,96.6800,1305863,126519539.9900
2022-05-23,sz.002916,97.0000,97.4600,96.0100,96.3600,96.9700,1149632,110835397.9800
2022-05-24,sz.002916,96.3000,96.3000,92.0000,92.2300,96.3600,1800323,169244352.3400
2022-05-25,sz.002916,92.2300,93.3800,91.7300,92.3000,92.2300,1113366,102785313.1500
2022-05-26,sz.002916,93.4700,93.4700,89.8900,90.2900,92.3000,3174085,287083696.9200
2022-05-27,sz.002916,90.5100,91.1000,88.7600,89.6800,90.2900,2628135,235729295.7100
2022-05-30,sz.002916,89.2000,91.6000,88.2000,90.9900,88.7300,2381803,215137100.9900
2022-05-31,sz.002916,90.7000,92.9800,88.2000,92.1100,90.9900,3000327,273779024.6600
2022-06-01,sz.002916,92.1100,92.8700,90.8600,91.3300,92.1100,1891926,173203699.4900
2022-06-02,sz.002916,90.9100,93.5800,90.5000,93.4600,91.3300,2533236,234878329.9000
2022-06-06,sz.002916,93.0800,98.6600,93.0400,98.5100,93.4600,4036128,392177929.2800
2022-06-07,sz.002916,98.4000,98.7700,96.0400,96.4700,98.5100,2471295,239571000.7000
2022-06-08,sz.002916,96.4200,97.0700,94.5000,95.8200,96.4700,2093767,200187508.2300
2022-06-09,sz.002916,95.5500,95.7900,92.9200,93.2000,95.8200,2806718,263952662.6300
2022-06-10,sz.002916,93.0600,94.0000,92.3400,93.4300,93.2000,3562673,331341928.8600
2022-06-13,sz.002916,92.6700,93.6200,91.5300,92.4100,93.4300,2602385,240383376.9400
2022-06-14,sz.002916,91.9900,92.2800,89.6100,91.4700,92.4100,2551211,231484487.7200
2022-06-15,sz.002916,93.0000,93.6600,91.6300,92.0800,91.4700,2909273,269833422.6500
2022-06-16,sz.002916,92.5000,93.8800,92.0000,92.8900,92.0800,2321118,216027790.2500
2022-06-17,sz.002916,91.8100,93.5000,91.7700,93.4900,92.8900,2208698,205119245.9900
2022-06-20,sz.002916,93.4900,94.7000,92.2000,94.2000,93.4900,3812645,356545222.1700
2022-06-21,sz.002916,94.3100,94.6800,92.7100,93.1900,94.2000,2414616,225655982.8500
2022-06-22,sz.002916,93.2000,93.4900,91.0900,91.1200,93.1900,3632379,334892499.0300
2022-06-23,sz.002916,91.6900,92.3900,90.5000,92.0000,91.1200,2530949,231361268.9700
2022-06-24,sz.002916,92.4400,95.9500,92.0200,94.6400,92.0000,4262073,402145559.9000
2022-06-27,sz.002916,95.3100,95.8500,93.6600,93.8000,94.6400,3496035,329779261.7500
2022-06-28,sz.002916,93.7900,96.2200,91.3600,96.0500,93.8000,4256258,399932301.1100
2022-06-29,sz.002916,96.1000,96.8800,93.6200,93.7200,96.0500,3658731,347222764.5700
2022-06-30,sz.002916,93.5800,95.1900,93.2000,93.7100,93.7200,2882718,271092978.8300
2022-07-01,sz.002916,94.1100,96.1700,93.0300,93.5900,93.7100,3453057,326030440.7200
2022-07-04,sz.002916,93.2600,93.2900,91.1000,91.4200,93.5900,4838767,443426027.4200
2022-07-05,sz.002916,91.4300,92.3800,89.0500,90.3800,91.4200,4432565,399461547.0200
2022-07-06,sz.002916,91.6000,94.3600,91.2000,92.9000,90.3800,5628475,522495399.0400
2022-07-07,sz.002916,93.0000,93.1200,91.5100,91.6800,92.9000,3236317,297484130.4000
2022-07-08,sz.002916,92.0800,93.4600,91.7000,92.2700,91.6800,2408188,222702078.9000
2022-07-11,sz.002916,92.2200,92.2200,90.1000,90.9000,92.2700,2713434,245836764.9200
2022-07-12,sz.002916,90.5000,91.7300,90.4900,91.4000,90.9000,2070610,188620523.2900
2022-07-13,sz.002916,91.4000,91.7900,90.7000,91.1200,91.4000,1673986,152520355.5800
2022-07-14,sz.002916,90.8800,91.5400,90.5000,91.3000,91.1200,1688585,153848527.2200
2022-07-15,sz.002916,91.2000,92.4300,90.0000,90.7000,91.3000,1647440,150651938.0200
2022-07-18,sz.002916,90.7500,91.0800,89.6800,90.2100,90.7000,2490582,224293154.0200
2022-07-19,sz.002916,90.3000,90.5300,89.2900,89.9000,90.2100,2592725,232830211.2000
2022-07-20,sz.002916,90.2700,90.6500,89.9000,90.3500,89.9000,1610075,145322571.2500
2022-07-21,sz.002916,90.3500,91.6800,89.7000,90.3800,90.3500,1845285,167697530.0400
2022-07-22,sz.002916,90.3700,90.3900,88.0000,88.6900,90.3800,2801019,249464269.8500
2022-07-25,sz.002916,88.6700,88.8800,87.0200,87.2000,88.6900,1926249,168829333.4300
2022-07-26,sz.002916,87.5000,88.1300,86.8000,87.3600,87.2000,1431363,124891680.6600
2022-07-27,sz.002916,87.3700,87.7400,86.7000,86.9400,87.3600,1315983,114732518.6500
2022-07-28,sz.002916,87.5000,89.8400,87.5000,89.0800,86.9400,2631102,233926333.2200
2022-07-29,sz.002916,89.0700,89.3000,86.1200,86.5700,89.0800,2451519,214258914.0500
2022-08-01,sz.002916,86.4800,88.8000,84.8000,88.3200,86.5700,2457610,214989923.1600
2022-08-02,sz.002916,86.8200,88.6000,85.7000,87.4500,88.3200,2222803,193889788.7800
2022-08-03,sz.002916,87.8000,90.7500,87.8000,89.9500,87.4500,3814359,341463625.3000
2022-08-04,sz.002916,89.9700,90.3900,89.0800,89.3400,89.9500,1976152,176966336.4000
2022-08-05,sz.002916,89.4300,92.9600,88.8100,92.7800,89.3400,4520201,414937506.9700
2022-08-08,sz.002916,93.0000,95.4900,91.7000,92.5500,92.7800,2986146,276951604.0500
2022-08-09,sz.002916,91.7200,92.7200,90.7300,92.5200,92.5500,3124453,285520698.5400
2022-08-10,sz.002916,91.8500,94.4500,91.6000,92.6200,92.5200,2894380,269208579.9000
2022-08-11,sz.002916,92.7500,95.9300,92.7500,95.2900,92.6200,4730778,448140454.8400
2022-08-12,sz.002916,95.2000,95.9500,93.3700,93.4200,95.2900,1994014,187845850.9200
2022-08-15,sz.002916,93.0000,93.9200,92.1900,93.0200,93.4200,1899375,176850628.8800
2022-08-16,sz.002916,93.1100,93.3400,91.8000,92.0000,93.0200,1786668,165070167.6200
2022-08-17,sz.002916,92.0000,92.9900,91.2500,92.8900,92.0000,1723432,159148796.7300
2022-08-18,sz.002916,92.7700,94.2000,92.0100,93.8000,92.8900,2199773,205441321.0600
2022-08-19,sz.002916,94.5000,97.8700,94.1700,94.1700,93.8000,5619866,540479430.1400
2022-08-22,sz.002916,93.5200,95.4800,92.5900,92.8800,94.1700,3184957,298704108.2300
2022-08-23,sz.002916,92.8800,93.1800,90.4600,90.8000,92.8800,3631571,331230443.9600
2022-08-24,sz.002916,90.6000,91.3800,88.0300,88.2500,90.8000,6136959,546362503.1100
2022-08-25,sz.002916,88.5400,88.8800,86.8600,87.3000,88.2500,3777002,329646550.0600
2022-08-26,sz.002916,87.9000,88.0000,86.3700,86.5500,87.3000,3268811,284307880.4900
2022-08-29,sz.002916,85.6800,86.4800,84.8600,85.4900,86.5500,3144954,268746480.8000
2022-08-30,sz.002916,85.3500,86.2800,84.9000,85.7400,85.4900,3006453,256816692.5400
2022-08-31,sz.002916,85.1000,85.8100,84.0300,84.9200,85.7400,2719676,230870214.9600
2022-09-01,sz.002916,85.5100,85.6000,84.5000,84.6300,84.9200,1788527,152110616.0100
2022-09-02,sz.002916,84.6700,85.0000,84.0500,84.6500,84.6300,1319057,111525973.8500
2022-09-05,sz.002916,84.5800,84.6400,82.0600,83.2100,84.6500,2581250,213962180.9500
2022-09-06,sz.002916,83.4300,84.4000,83.2500,83.7100,83.2100,1664983,139343960.5200
2022-09-07,sz.002916,83.7100,84.5800,83.4200,84.0200,83.7100,2495294,209709540.0800
2022-09-08,sz.002916,84.1100,84.1900,82.9500,83.0000,84.0200,1364522,113601785.6800
2022-09-09,sz.002916,83.1600,83.2000,82.2900,82.9100,83.0000,1427439,118081156.6200
2022-09-13,sz.002916,82.8800,83.9900,82.8800,83.2900,82.9100,1212441,101198010.8700
2022-09-14,sz.002916,82.3300,82.9500,82.0100,82.4200,83.2900,1160691,95643002.2900
2022-09-15,sz.002916,82.9100,83.4000,81.2500,81.6800,82.4200,2401639,197596390.7100
2022-09-16,sz.002916,81.5000,82.5800,80.5100,80.9500,81.6800,2341930,191400226.8500
2022-09-19,sz.002916,80.9500,81.3400,78.3200,78.7700,80.9500,1926918,152746311.3800
2022-09-20,sz.002916,79.3000,80.2800,78.9500,80.0100,78.7700,1142304,90979257.2800
2022-09-21,sz.002916,79.6000,81.1900,78.7000,80.8300,80.0100,1626610,130398028.4600
2022-09-22,sz.002916,80.3300,81.4400,79.2800,79.4500,80.8300,1453427,116432826.5700
2022-09-23,sz.002916,79.4500,79.9900,76.0600,77.7100,79.4500,2478891,192571215.3500
2022-09-26,sz.002916,76.9300,78.1200,76.7300,76.9000,77.7100,1159931,89861530.4500
2022-09-27,sz.002916,76.7000,79.2400,76.7000,78.7000,76.9000,1915061,150288153.8900
2022-09-28,sz.002916,78.7000,78.7200,76.9100,76.9300,78.7000,1052408,81717193.0000
2022-09-29,sz.002916,77.5000,78.2500,75.4000,76.1100,76.9300,1620851,124040692.7200
2022-09-30,sz.002916,75.9600,76.6500,75.1600,75.5800,76.1100,1567538,118881283.3000
2022-10-10,sz.002916,75.5700,75.5800,72.4000,72.7200,75.5800,1934935,141979069.3500
2022-10-11,sz.002916,72.7200,73.6500,72.0000,72.6000,72.7200,1476941,107549691.2200
2022-10-12,sz.002916,72.4100,75.2900,72.2000,75.2800,72.6000,2022462,148882830.8900
2022-10-13,sz.002916,74.8000,76.9000,74.3000,75.5800,75.2800,1589934,120689780.1300
2022-10-14,sz.002916,76.1800,77.4300,75.5000,76.6100,75.5800,1636450,125169101.7100
2022-10-17,sz.002916,75.7100,77.4000,75.6600,76.6500,76.6100,1639148,125722678.1800
2022-10-18,sz.002916,77.3600,77.8800,76.3200,77.1600,76.6500,1440624,111036700.6000
2022-10-19,sz.002916,77.2000,77.8700,75.4800,75.5500,77.1600,1768431,134843368.4900
2022-10-20,sz.002916,75.2300,78.2500,75.0000,76.5400,75.5500,2144619,164686402.6700
2022-10-21,sz.002916,77.1000,77.1000,74.3200,74.6100,76.5400,3070180,230438451.6900
2022-10-24,sz.002916,74.6000,76.8000,72.5900,72.9700,74.6100,2583615,192394864.5600
2022-10-25,sz.002916,73.0000,74.2200,72.1300,73.1100,72.9700,1996363,145939120.1000
2022-10-26,sz.002916,73.0900,77.3500,73.0900,76.7300,73.1100,3292506,250053946.6300
2022-10-27,sz.002916,76.7200,78.1200,75.9800,77.2500,76.7300,2431616,187735048.7100
2022-10-28,sz.002916,75.0000,76.8000,73.3000,73.4800,77.2500,2751591,206522125.3800
2022-10-31,sz.002916,73.1000,76.3700,73.0700,75.0700,73.4800,2167648,162664870.0100
2022-11-01,sz.002916,75.3800,75.6500,74.1800,75.6500,75.0700,2148767,161192828.0700
2022-11-02,sz.002916,75.9600,77.1700,75.5000,76.0400,75.6500,2122758,162317779.4600
2022-11-03,sz.002916,75.4000,77.9300,75.0300,77.6700,76.0400,2832918,217775990.3900
2022-11-04,sz.002916,77.6600,78.8500,77.0500,78.3600,77.6700,3315027,258842983.0300
2022-11-07,sz.002916,78.5000,78.9500,77.4500,78.0000,78.3600,2589731,202091014.2500
2022-11-08,sz.002916,78.0000,78.3200,76.7100,77.3900,78.0000,2182767,168592356.2600
2022-11-09,sz.002916,76.8000,76.9300,75.6500,75.6500,77.3900,2370800,180499046.8500
2022-11-10,sz.002916,75.0100,75.8700,74.2000,74.2500,75.6500,2053024,153652452.4300
2022-11-11,sz.002916,76.7000,76.7000,74.4900,74.6500,74.2500,3257979,245274572.6300
2022-11-14,sz.002916,74.9100,77.4500,74.5000,75.9700,74.6500,3294614,251344175.2400
2022-11-15,sz.002916,75.9900,80.0000,75.8100,79.9900,75.9700,5761359,453656998.7900
2022-11-16,sz.002916,80.1000,80.4000,78.7300,79.2200,79.9900,3018212,239904416.1500
2022-11-17,sz.002916,79.2200,81.0000,78.3300,80.9400,79.2200,3448468,274909568.5000
2022-11-18,sz.002916,80.8000,81.2800,79.2100,79.2100,80.9400,2962313,237223224.9900
2022-11-21,sz.002916,78.9400,79.5000,77.7700,79.3800,79.2100,2316937,182303420.9200
2022-11-22,sz.002916,79.0000,79.6400,77.8000,78.1800,79.3800,1592647,125322373.9300
2022-11-23,sz.002916,78.2500,78.7300,76.7000,77.6500,78.1800,1627540,126214441.5900
2022-11-24,sz.002916,77.9200,78.7000,77.1300,77.5100,77.6500,1292571,100301635.4700
2022-11-25,sz.002916,77.1200,77.8800,76.3900,76.4300,77.5100,1458542,112147423.8800
2022-11-28,sz.002916,75.0000,75.6200,74.2800,74.6500,76.4300,2202174,164366775.6800
2022-11-29,sz.002916,74.6800,75.9500,74.6800,75.7700,74.6500,1690911,127594654.5000
2022-11-30,sz.002916,75.8000,75.9800,75.1800,75.5300,75.7700,1788091,134987315.1800
2022-12-01,sz.002916,76.3000,76.9800,75.6800,75.9600,75.5300,2126490,162547127.9700
2022-12-02,sz.002916,75.9900,76.4800,75.3500,75.7400,75.9600,1414327,107303201.5600
2022-12-05,sz.002916,76.0000,76.5000,75.5000,76.4500,75.7400,2208403,168255505.0400
2022-12-06,sz.002916,76.4600,77.6800,76.2600,77.2000,76.4500,2708732,208906282.3100
2022-12-07,sz.002916,77.0000,77.0600,76.3000,76.4700,77.2000,1984003,151939681.7000
2022-12-08,sz.002916,76.4500,76.4500,75.4000,75.5600,76.4700,1910901,144568726.4400
2022-12-09,sz.002916,75.6500,76.3200,75.3000,76.1500,75.5600,1643241,124662313.8200
2022-12-12,sz.002916,75.9000,77.9900,75.5200,77.6600,76.1500,3048680,235653181.3900
2022-12-13,sz.002916,77.7000,77.7000,75.8000,75.8900,77.6600,2311260,176908083.8000
2022-12-14,sz.002916,77.8800,77.9300,75.1000,75.5900,75.8900,2864506,218984986.4600
2022-12-15,sz.002916,75.0800,77.3300,74.7600,76.3200,75.5900,2671658,204198186.0400
2022-12-16,sz.002916,75.9900,76.2900,74.8000,75.0000,76.3200,2153481,161670916.4600
2022-12-19,sz.002916,74.7000,75.3700,73.3000,73.4500,75.0000,2334612,172556045.6100
2022-12-20,sz.002916,73.4500,73.9900,72.8800,73.1300,73.4500,1488310,109099863.9000
2022-12-21,sz.002916,73.1300,73.4500,72.3800,72.7600,73.1300,1207090,87865228.3400
2022-12-22,sz.002916,73.0000,73.3700,72.2800,72.4000,72.7600,967434,70399397.1700
2022-12-23,sz.002916,72.2800,73.1000,72.2000,72.6200,72.4000,831120,60284027.4900
2022-12-26,sz.002916,72.6000,73.6100,72.5400,73.2900,72.6200,1022193,74836376.4900
2022-12-27,sz.002916,73.4700,73.5400,72.9800,73.2900,73.2900,929793,68047628.7400
2022-12-28,sz.002916,73.3400,73.4600,72.3000,72.3400,73.2900,1289168,93481210.0300
2022-12-29,sz.002916,72.1200,72.8000,72.1200,72.3900,72.3400,903964,65463637.3600
2022-12-30,sz.002916,72.4900,73.0000,72.1200,72.1500,72.3900,1167053,84533947.3700
2023-01-03,sz.002916,72.1100,73.3900,72.0000,73.3500,72.1500,1756478,128112821.4800
2023-01-04,sz.002916,73.3300,73.8800,72.7800,73.2600,73.3500,1052966,77039569.3700
2023-01-05,sz.002916,73.5200,73.9700,73.1500,73.9500,73.2600,1376106,101383671.2300
2023-01-06,sz.002916,73.9500,74.5900,73.6000,73.7500,73.9500,1468613,108801317.5500
2023-01-09,sz.002916,73.7900,74.6600,73.7900,73.9900,73.7500,1130000,83809549.5400
2023-01-10,sz.002916,74.1800,74.8000,73.9700,74.5200,73.9900,1184965,88290522.5200
2023-01-11,sz.002916,74.4300,75.0200,73.5900,73.7300,74.5200,1156930,85885820.3900
2023-01-12,sz.002916,73.7300,73.9800,73.3300,73.7800,73.7300,901399,66402654.9300
2023-01-13,sz.002916,74.1500,74.2500,73.5100,74.2500,73.7800,947391,69871043.6700
2023-01-16,sz.002916,73.9000,75.4600,73.9000,75.2500,74.2500,2532389,189958971.3900
2023-01-17,sz.002916,75.5500,77.2000,75.3700,76.3100,75.2500,2496503,190939555.5100
2023-01-18,sz.002916,76.1000,76.8600,76.1000,76.4500,76.3100,1740198,133049633.9600
2023-01-19,sz.002916,76.1800,77.5300,76.1800,77.3900,76.4500,1995446,153709123.1300
2023-01-20,sz.002916,77.5000,77.9300,76.9400,77.4000,77.3900,1824935,141134828.7100
2023-01-30,sz.002916,78.2900,79.0000,77.6700,77.9800,77.4000,2808341,219454120.6000
2023-01-31,sz.002916,77.9600,77.9800,76.2200,76.3100,77.9800,2572017,197245010.0300
2023-02-01,sz.002916,76.7000,79.8000,76.7000,79.7700,76.3100,5887434,466149803.4600
2023-02-02,sz.002916,79.7700,80.8800,79.3000,80.1800,79.7700,3818986,306510479.3300
2023-02-03,sz.002916,80.1900,80.5000,79.1700,80.3200,80.1800,2317490,185058448.5800
2023-02-06,sz.002916,79.7600,80.0000,78.7600,79.1500,80.3200,1934271,153244061.7500
2023-02-07,sz.002916,79.2500,80.0600,79.1600,79.9500,79.1500,1439009,114569658.3800
2023-02-08,sz.002916,79.9900,82.0000,79.1500,79.2000,79.9500,2580550,208065032.0100
2023-02-09,sz.002916,79.2000,84.3400,78.4900,83.9600,79.2000,7085441,584782373.8100
2023-02-10,sz.002916,83.5000,87.8000,83.4600,85.1300,83.9600,7622551,654685612.5800
2023-02-13,sz.002916,85.1200,85.6800,84.2600,85.1000,85.1300,2887794,244986273.6700
2023-02-14,sz.002916,85.1000,86.2300,84.0800,84.3900,85.1000,2814799,239638917.4000
2023-02-15,sz.002916,84.7200,86.8700,83.9000,86.5100,84.3900,3649052,313159628.3200
2023-02-16,sz.002916,86.5000,86.9100,83.4400,83.9500,86.5100,3901655,332532987.7800
2023-02-17,sz.002916,83.9600,84.6000,81.5100,81.5100,83.9500,3351109,276427358.4200
2023-02-20,sz.002916,81.5100,83.5700,81.0000,83.3200,81.5100,2887004,238111903.7000
2023-02-21,sz.002916,83.3800,84.8400,82.2300,82.9200,83.3200,2142317,178373793.1800
2023-02-22,sz.002916,82.4500,83.4000,81.7900,82.1700,82.9200,2319456,190917075.5800
2023-02-23,sz.002916,82.1700,82.6600,81.5100,82.0000,82.1700,1624965,133294442.1500
2023-02-24,sz.002916,82.2100,82.4400,80.7400,80.9000,82.0000,2600873,211338827.8500
2023-02-27,sz.002916,80.8000,80.9600,79.3900,79.4900,80.9000,2560235,204711486.0700
2023-02-28,sz.002916,79.9400,81.9600,79.1800,79.8600,79.4900,3694357,295713971.8900
2023-03-01,sz.002916,79.9000,82.4800,79.8000,81.8000,79.8600,3783693,308108611.4200
2023-03-02,sz.002916,81.8000,82.3000,81.0700,81.2900,81.8000,2590489,211492076.8100
2023-03-03,sz.002916,82.8200,83.3000,80.8700,81.6000,81.2900,3198124,262323208.6000
2023-03-06,sz.002916,82.1700,82.7800,81.0000,81.2000,81.6000,2642361,215491592.7400
2023-03-07,sz.002916,80.8000,81.5400,78.5800,78.7600,81.2000,3051731,243588279.7600
2023-03-08,sz.002916,78.7600,79.8800,78.3300,79.5000,78.7600,1935190,153247799.1400
2023-03-09,sz.002916,79.4700,80.0800,78.8600,79.6500,79.5000,1841697,146505197.5200
2023-03-10,sz.002916,79.1900,80.1200,78.0800,78.1500,79.6500,2634334,207743679.2400
2023-03-13,sz.002916,78.1300,78.7900,77.0000,78.5000,78.1500,2532141,197280019.8700
2023-03-14,sz.002916,78.2000,78.8400,76.6600,78.2800,78.5000,3006823,233755318.3000
2023-03-15,sz.002916,78.7900,83.1600,78.7900,81.0900,78.2800,6761366,551742487.5800
2023-03-16,sz.002916,80.6800,81.5800,80.0800,80.4000,81.0900,3581526,288975260.1000
2023-03-17,sz.002916,81.2800,82.8000,81.1000,82.1000,80.4000,4045154,332023773.8600
2023-03-20,sz.002916,83.1100,87.7500,83.0000,86.4700,82.1000,9963759,859210944.1600
2023-03-21,sz.002916,86.0600,91.1800,86.0000,87.7900,86.4700,13420530,1197186380.8400
2023-03-22,sz.002916,88.0000,91.5000,88.0000,91.1200,87.7900,10917933,985462747.2400
2023-03-23,sz.002916,91.4400,99.2800,91.0000,98.8600,91.1200,16769315,1615608040.0700
2023-03-24,sz.002916,98.9800,99.3800,94.5000,96.3600,98.8600,9892336,953891486.8700
2023-03-27,sz.002916,96.3700,98.5000,94.2800,95.6000,96.3600,7863553,756685646.3200
2023-03-28,sz.002916,94.4600,94.6100,91.1900,91.4900,95.6000,7703719,713920839.4900
2023-03-29,sz.002916,91.0000,93.4100,90.1000,92.1200,91.4900,6255836,574290269.2700
2023-03-30,sz.002916,91.9000,94.5500,91.1000,92.4900,92.1200,4869391,451300603.7200
2023-03-31,sz.002916,91.8100,92.8400,89.7800,92.3200,92.4900,5082779,465181626.6700
2023-04-03,sz.002916,92.5000,94.7500,91.0100,93.6900,92.3200,7802546,728404860.8900
2023-04-04,sz.002916,93.7900,94.7400,91.5000,92.2600,93.6900,7864516,730297371.0100
2023-04-06,sz.002916,92.0000,98.6900,91.5000,96.8000,92.2600,13024144,1262103449.8000
2023-04-07,sz.002916,95.9700,96.6500,92.8100,93.5800,96.8000,7785482,729639257.5400
2023-04-10,sz.002916,93.2000,94.2900,90.6700,91.3000,93.5800,6476067,600304145.2500
2023-04-11,sz.002916,91.3000,92.1800,90.0000,90.8000,91.3000,4411793,401436205.6700
2023-04-12,sz.002916,91.3400,92.7600,90.5000,92.0400,90.8000,5006395,460093690.1100
2023-04-13,sz.002916,91.3000,91.7500,88.0200,88.2400,92.0400,7538252,673501177.7400
2023-04-14,sz.002916,88.6600,89.3900,86.2000,88.9700,88.2400,7173112,631510854.9800
2023-04-17,sz.002916,89.0000,90.3800,87.8500,88.4700,88.9700,4912894,436213144.6800
2023-04-18,sz.002916,88.6900,89.1200,87.0100,88.2600,88.4700,3915688,344849520.1500
2023-04-19,sz.002916,87.8000,92.5900,87.1500,90.7700,88.2600,10522237,949958525.4600
2023-04-20,sz.002916,91.6000,99.8500,90.8200,98.7000,90.7700,21669311,2121919642.5300
2023-04-21,sz.002916,98.7200,99.9100,94.0000,94.2100,98.7000,12186927,1180867008.8400
2023-04-24,sz.002916,94.9500,97.0000,90.8500,91.7000,94.2100,7587050,707720212.5500
2023-04-25,sz.002916,90.8500,91.7400,87.3900,88.2900,91.7000,6718830,598662312.9600
2023-04-26,sz.002916,87.2000,87.9900,83.4800,83.5600,88.2900,8216414,696471309.8500
2023-04-27,sz.002916,81.9800,85.3800,80.7000,82.0000,83.5600,6375715,528861156.7400
2023-04-28,sz.002916,82.0200,83.0000,81.7100,82.2600,82.0000,5140190,423144454.8400
2023-05-04,sz.002916,82.6600,83.3000,78.0000,79.0000,82.2600,7496732,597769973.1500
2023-05-05,sz.002916,78.5800,79.2500,76.8800,77.1400,79.0000,4835553,375566225.8100
2023-05-08,sz.002916,77.1500,77.8000,76.3100,76.8900,77.1400,5332905,410840237.7200
2023-05-09,sz.002916,76.9100,80.2100,76.2100,77.3200,76.8900,7716545,604578736.4200
2023-05-10,sz.002916,77.2100,77.2100,74.0000,74.5100,77.3200,7116887,534150750.8900
2023-05-11,sz.002916,74.7300,75.8500,74.0000,74.7700,74.5100,3349798,250302353.1800
2023-05-12,sz.002916,74.7700,75.1200,72.2500,72.3900,74.7700,7050672,516398790.3700
2023-05-15,sz.002916,72.2700,73.1300,71.5000,73.0700,72.3900,5109913,369090950.9000
2023-05-16,sz.002916,73.1000,73.5500,72.0200,72.7500,73.0700,5553902,404346041.6200
2023-05-17,sz.002916,72.3600,73.8300,72.3500,73.7200,72.7500,4303499,316057225.1700
2023-05-18,sz.002916,73.7800,75.7000,73.5100,75.1300,73.7200,5818471,435947954.5200
2023-05-19,sz.002916,75.0100,75.5400,73.5800,74.9700,75.1300,4613285,343886741.2700
2023-05-22,sz.002916,75.1800,75.8000,74.1700,74.5900,74.9700,3030946,226199916.3000
2023-05-23,sz.002916,74.4500,74.4500,73.6000,73.6000,74.5900,2538919,187585147.2300
2023-05-24,sz.002916,73.3700,74.3200,72.6700,73.4600,73.6000,2862192,210106323.7200
2023-05-25,sz.002916,73.6700,75.8300,72.7800,74.7200,73.4600,4698564,348872863.7000
2023-05-26,sz.002916,74.2100,77.2200,74.1500,76.4000,74.7200,6269656,476803961.4100
2023-05-29,sz.002916,76.9800,79.1500,76.9100,77.9000,76.4000,7459553,584193643.8600
2023-05-30,sz.002916,77.0000,78.2100,75.5000,78.2000,76.9000,5369362,415250483.3000
2023-05-31,sz.002916,78.6500,79.3100,77.5500,78.3400,78.2000,4421975,346691456.6100
2023-06-01,sz.002916,77.8000,78.4500,77.0500,77.8800,78.3400,3519261,274184585.6100
2023-06-02,sz.002916,77.8800,78.4100,75.9100,77.1500,77.8800,3918500,301234022.4100
2023-06-05,sz.002916,76.7600,78.2300,76.7500,77.3800,77.1500,2766784,214404317.3300
2023-06-06,sz.002916,77.4000,77.5700,74.9000,75.1400,77.3800,3414370,259192100.2000
2023-06-07,sz.002916,75.5000,76.4500,74.7800,75.6400,75.1400,2811931,212859854.9500
2023-06-08,sz.002916,75.3700,75.6400,73.0300,73.5800,75.6400,3992249,293725730.9800
2023-06-09,sz.002916,73.6000,76.4600,72.9700,76.3000,73.5800,4312376,322023785.1600
2023-06-12,sz.002916,76.1000,78.9000,75.8200,77.7100,76.3000,5682863,443639739.4100
2023-06-13,sz.002916,77.5100,79.6500,76.8000,79.6500,77.7100,4812828,379521273.6900
2023-06-14,sz.002916,79.2100,80.2600,78.0000,79.2900,79.6500,3977065,314301580.0800
2023-06-15,sz.002916,79.0600,79.9500,78.8300,78.9800,79.2900,2689423,212957155.6000
2023-06-16,sz.002916,78.6800,79.6200,77.8500,79.4700,78.9800,3094111,243868438.3000
2023-06-19,sz.002916,79.2400,80.3000,78.3100,79.7700,79.4700,2688189,213781054.6600
2023-06-20,sz.002916,79.6200,81.1000,78.8900,79.4800,79.7700,2605193,207526842.2900
2023-06-21,sz.002916,79.1900,79.1900,77.5300,77.5300,79.4800,2815641,219731676.5900
2023-06-26,sz.002916,76.7800,76.9600,74.6800,74.7900,77.5300,2678560,202056133.6500
2023-06-27,sz.002916,74.8600,75.9500,74.6800,75.5000,74.7900,1713477,129014103.0900
2023-06-28,sz.002916,75.5000,75.5100,73.2500,74.0100,75.5000,2535696,187681073.8900
2023-06-29,sz.002916,73.9600,74.5600,73.6000,73.8600,74.0100,2067663,153081656.1900
2023-06-30,sz.002916,73.7800,76.2000,73.7500,75.3700,73.8600,3590177,270741634.1200
2023-07-03,sz.002916,75.6000,77.0000,75.2700,75.5600,75.3700,2684126,203348260.6200
2023-07-04,sz.002916,75.2800,76.9000,74.8400,76.0400,75.5600,3549421,270483944.3700
2023-07-05,sz.002916,76.1000,76.6900,74.8200,74.9000,76.0400,2625481,198526342.5800
2023-07-06,sz.002916,74.8000,78.3000,74.1200,76.5800,74.9000,5161527,396059112.0200
2023-07-07,sz.002916,76.2000,76.6100,73.7800,75.6800,76.5800,4666517,351023964.5700
2023-07-10,sz.002916,75.6600,76.8200,75.3700,76.8000,75.6800,3904372,297922368.0200
2023-07-11,sz.002916,76.6000,78.4700,76.4400,77.8800,76.8000,3403114,263900477.5500
2023-07-12,sz.002916,77.8500,78.0500,76.5000,76.6500,77.8800,2783003,215141646.9000
2023-07-13,sz.002916,76.6500,79.4600,76.6500,79.0100,76.6500,4128918,324505210.5500
2023-07-14,sz.002916,78.9900,80.4400,78.3400,79.9000,79.0100,4250362,338684990.6800
2023-07-17,sz.002916,79.4900,82.0300,79.3500,80.3400,79.9000,4221066,341381768.5400
2023-07-18,sz.002916,80.1800,83.5800,80.1600,80.7500,80.3400,5206985,425945155.9300
2023-07-19,sz.002916,80.7600,81.8400,79.5000,79.7000,80.7500,3219478,258698952.4600
2023-07-20,sz.002916,80.6500,80.7500,76.6800,76.7800,79.7000,4238747,330449181.0300
2023-07-21,sz.002916,76.8200,77.7700,76.5000,76.6600,76.7800,1834243,141411081.7500
2023-07-24,sz.002916,76.6600,79.7700,76.2100,77.5800,76.6600,2727326,213239292.9900
2023-07-25,sz.002916,78.9000,80.3500,78.0000,79.7500,77.5800,3452308,273885766.9300
2023-07-26,sz.002916,79.5700,79.5700,77.6600,77.9100,79.7500,2945145,230348022.1700
2023-07-27,sz.002916,77.6900,78.0000,76.5000,76.5100,77.9100,3008840,231730050.1800
2023-07-28,sz.002916,76.5000,77.1900,75.3000,76.8300,76.5100,2405431,183589187.8600
2023-07-31,sz.002916,76.7500,77.4200,75.7600,76.5300,76.8300,3686565,282616452.4100
2023-08-01,sz.002916,76.8800,76.8800,74.9200,75.5900,76.5300,3798027,287045568.4700
2023-08-02,sz.002916,75.1400,77.6800,75.1400,77.6300,75.5900,4238090,325518761.6100
2023-08-03,sz.002916,77.0500,77.9700,76.7100,77.2200,77.6300,1889400,146003802.4400
2023-08-04,sz.002916,77.2300,78.2000,76.9000,77.6500,77.2200,1793113,139101811.4300
2023-08-07,sz.002916,77.3300,77.9900,77.0700,77.3600,77.6500,1310137,101294418.4500
2023-08-08,sz.002916,77.3300,77.6500,76.8000,77.1200,77.3600,1266707,97606705.2300
2023-08-09,sz.002916,76.6400,77.0800,75.6000,75.7000,77.1200,2107080,160539733.4600
2023-08-10,sz.002916,75.9600,76.1900,74.9800,75.5100,75.7000,1604193,121070228.3800
2023-08-11,sz.002916,75.3700,75.7900,73.9300,74.0700,75.5100,2081284,155319199.8400
2023-08-14,sz.002916,73.1600,74.0100,72.8500,73.7300,74.0700,1868554,137079189.1900
2023-08-15,sz.002916,73.4000,74.5000,72.6300,73.3700,73.7300,2209704,162224535.3500
2023-08-16,sz.002916,72.9500,73.3800,72.1500,72.2000,73.3700,1567576,113888928.5600
2023-08-17,sz.002916,72.0100,72.8000,71.0400,72.6200,72.2000,1594589,114943897.7100
2023-08-18,sz.002916,72.9300,73.0000,71.4000,71.4000,72.6200,1479174,106395024.6000
2023-08-21,sz.002916,71.3000,71.5300,65.5700,65.9100,71.4000,7488934,506736979.1900
2023-08-22,sz.002916,65.9200,66.7700,61.1900,63.7900,65.9100,9659687,610654143.6400
2023-08-23,sz.002916,64.1000,64.4400,62.0000,62.1400,63.7900,4735993,297040197.3900
2023-08-24,sz.002916,63.4900,64.6400,62.6500,63.7100,62.1400,3655247,232976058.1200
2023-08-25,sz.002916,63.6000,63.7200,62.5100,62.8300,63.7100,3291493,207257136.2200
2023-08-28,sz.002916,66.5600,66.8800,62.7000,62.9000,62.8300,3354942,216013611.5400
2023-08-29,sz.002916,62.9000,64.6700,62.6100,64.1000,62.9000,3090116,197258075.9800
2023-08-30,sz.002916,64.9600,67.1000,64.7100,65.8900,64.1000,4247377,280345262.7000
2023-08-31,sz.002916,65.8200,66.7200,65.0500,66.1700,65.8900,2527100,166995138.7200
2023-09-01,sz.002916,66.9100,67.0000,65.3800,65.9600,66.1700,1949475,128845515.0400
2023-09-04,sz.002916,66.2400,67.3900,65.7700,67.3900,65.9600,3440384,229156770.8900
2023-09-05,sz.002916,67.3000,68.3500,67.1200,68.0200,67.3900,2848063,193307739.7100
2023-09-06,sz.002916,67.6900,69.3900,67.2300,69.0200,68.0200,3259820,222873600.2200
2023-09-07,sz.002916,68.7000,68.9000,67.5000,67.5100,69.0200,2374077,161565416.5400
2023-09-08,sz.002916,67.2100,68.4200,67.1300,68.1800,67.5100,1641591,111511502.4500
2023-09-11,sz.002916,68.4100,69.1500,67.4100,68.5800,68.1800,1931248,132251402.3400
2023-09-12,sz.002916,68.5000,69.4300,68.2400,68.7500,68.5800,1741816,119766017.1700
2023-09-13,sz.002916,68.5000,68.7500,66.8100,67.5800,68.7500,2165836,146120357.3200
2023-09-14,sz.002916,67.5700,67.7900,67.1300,67.5000,67.5800,1608616,108498674.1700
2023-09-15,sz.002916,67.9000,68.5500,66.8100,67.2500,67.5000,1659778,112028077.1700
2023-09-18,sz.002916,66.9700,68.0000,66.4000,67.3400,67.2500,1593641,107376115.1000
2023-09-19,sz.002916,67.2900,67.4000,65.8800,66.2300,67.3400,2214599,146949999.9200
2023-09-20,sz.002916,66.2100,66.7700,65.5200,65.6600,66.2300,1309611,86391749.3900
2023-09-21,sz.002916,65.6500,66.3000,65.4700,65.4700,65.6600,1346863,88575295.5500
2023-09-22,sz.002916,65.4700,67.4300,65.2100,67.2300,65.4700,2619666,174880602.9000
2023-09-25,sz.002916,67.3000,67.4800,66.4200,66.6000,67.2300,1469934,98094887.2000
2023-09-26,sz.002916,66.6300,66.8100,65.3200,65.3800,66.6000,1941888,128057488.8800
2023-09-27,sz.002916,65.4000,66.0800,65.0900,65.2700,65.3800,1583614,103663289.8800
2023-09-28,sz.002916,65.5500,66.9300,65.2800,66.5700,65.2700,1870064,123852223.0600
2023-10-09,sz.002916,66.5300,67.8300,66.0100,67.2400,66.5700,2807147,187519094.4200
2023-10-10,sz.002916,67.4600,68.1500,67.0000,67.5900,67.2400,1813700,122476326.8000
2023-10-11,sz.002916,67.7100,68.4800,67.1500,67.9900,67.5900,2136619,145074030.6700
2023-10-12,sz.002916,68.2000,69.5000,68.1900,69.0100,67.9900,3896532,268989181.1500
2023-10-13,sz.002916,68.6700,70.4300,68.5000,69.8200,69.0100,3717645,259180945.9900
2023-10-16,sz.002916,69.8300,69.9900,67.6000,67.9300,69.8200,2517192,171962599.3500
2023-10-17,sz.002916,68.2000,68.5300,67.2100,67.8100,67.9300,1516676,102763184.7300
2023-10-18,sz.002916,67.7800,68.0100,66.6100,66.6800,67.8100,1622553,108923170.2000
2023-10-19,sz.002916,66.5700,68.2500,66.1500,66.3500,66.6800,1704706,114287802.4200
2023-10-20,sz.002916,66.1300,66.6600,64.3600,64.5100,66.3500,2277929,148347015.5400
2023-10-23,sz.002916,64.2200,64.4900,62.5100,62.8500,64.5100,1731113,109388320.5600
2023-10-24,sz.002916,63.5500,64.9100,62.5100,64.4500,62.8500,1911334,122158523.3700
2023-10-25,sz.002916,64.9700,65.4000,64.3200,64.5300,64.4500,1672394,108259139.6700
2023-10-26,sz.002916,64.0200,64.7300,63.4900,64.5700,64.5300,1364047,87497225.6600
2023-10-27,sz.002916,65.3200,71.0300,64.6200,68.6800,64.5700,9717319,670038231.4800
2023-10-30,sz.002916,68.3200,70.2500,67.6800,69.7600,68.6800,6309248,436447262.4900
2023-10-31,sz.002916,69.9400,70.2800,68.8800,69.5600,69.7600,2608124,180940149.5100
2023-11-01,sz.002916,69.5600,70.1000,69.0200,69.5500,69.5600,2070009,143947914.4800
2023-11-02,sz.002916,69.8400,70.1400,68.7000,68.8100,69.5500,2239467,155461027.8700
2023-11-03,sz.002916,68.9100,70.9700,68.8200,70.6600,68.8100,3655885,256817075.7100
2023-11-06,sz.002916,71.4900,75.3600,71.3100,74.9600,70.6600,7864044,582453613.8400
2023-11-07,sz.002916,74.5000,75.0800,73.9900,74.8700,74.9600,3032948,226236541.2500
2023-11-08,sz.002916,74.7700,75.3500,74.1300,74.8700,74.8700,3151292,235985727.5600
2023-11-09,sz.002916,74.8800,75.3500,74.2000,74.5000,74.8700,2391157,178532834.8400
2023-11-10,sz.002916,74.1000,74.8800,73.9000,74.2100,74.5000,2021519,150180977.8600
2023-11-13,sz.002916,74.6000,75.1700,73.4900,73.9700,74.2100,2764023,204926406.3500
2023-11-14,sz.002916,74.0000,75.1000,73.7100,75.0500,73.9700,2610347,195168465.1600
2023-11-15,sz.002916,75.9000,76.0000,74.9000,75.7500,75.0500,3288276,248140273.6800
2023-11-16,sz.002916,75.3700,77.2300,75.3200,76.3000,75.7500,4003751,305469886.2000
2023-11-17,sz.002916,76.0000,76.9800,75.6500,76.1500,76.3000,2195080,167242638.3800
2023-11-20,sz.002916,76.1400,77.9500,75.9000,77.0800,76.1500,3386425,261131160.8400
2023-11-21,sz.002916,76.8100,77.0600,75.3000,75.3700,77.0800,2800904,212594674.9100
2023-11-22,sz.002916,75.2700,75.2700,73.7300,73.8600,75.3700,3061438,227598186.9100
2023-11-23,sz.002916,73.8600,74.5100,73.5100,74.0800,73.8600,1679302,124291761.7400
2023-11-24,sz.002916,74.2700,74.3700,72.7900,72.8800,74.0800,1994750,145874207.0200
2023-11-27,sz.002916,72.8700,73.8800,72.3500,73.4800,72.8800,1765287,128998779.2100
2023-11-28,sz.002916,73.4000,74.4700,73.1500,73.8300,73.4800,1631751,120397663.9000
2023-11-29,sz.002916,73.8300,74.6900,73.3000,73.5000,73.8300,1436426,106216346.5500
2023-11-30,sz.002916,73.4500,73.6500,72.3400,73.0900,73.5000,1224422,89296707.0600
2023-12-01,sz.002916,73.0900,73.1500,71.9900,72.7300,73.0900,1743437,126247803.3900
2023-12-04,sz.002916,73.0000,73.4600,72.3200,72.6500,72.7300,1391353,101348393.7400
2023-12-05,sz.002916,72.5700,72.5700,70.3900,70.4000,72.6500,2312095,164245962.6700
2023-12-06,sz.002916,70.4000,70.8800,69.7000,69.9500,70.4000,2080612,145948205.3300
2023-12-07,sz.002916,69.9900,70.5000,69.4200,69.9000,69.9500,1462723,102349374.4100
2023-12-08,sz.002916,69.8500,71.9600,69.7100,70.9100,69.9000,2681701,190846145.5600
2023-12-11,sz.002916,70.5000,71.9900,69.7000,71.8500,70.9100,2086915,148078817.0100
2023-12-12,sz.002916,71.8000,72.1000,71.1400,71.7000,71.8500,1236576,88574106.2700
2023-12-13,sz.002916,71.4100,71.6000,70.6600,70.8900,71.7000,921736,65552196.2300
2023-12-14,sz.002916,71.2900,71.7400,70.2100,70.2500,70.8900,1355255,96111039.3600
2023-12-15,sz.002916,70.5300,70.7700,69.6300,69.9000,70.2500,1188967,83258525.4500
2023-12-18,sz.002916,69.6400,69.7800,68.8900,69.0900,69.9000,1051749,72890419.0300
2023-12-19,sz.002916,68.9700,70.3700,68.7000,70.0400,69.0900,1088815,75968307.7300
2023-12-20,sz.002916,70.0600,70.4300,69.1500,69.1500,70.0400,1093461,76188987.6100
2023-12-21,sz.002916,69.1000,69.6400,67.9800,69.6000,69.1500,1734433,119503145.5100
2023-12-22,sz.002916,69.2800,69.7800,67.7500,67.8800,69.6000,1954022,133713068.8000
2023-12-25,sz.002916,67.6800,69.8800,67.3000,69.8000,67.8800,1665969,115615597.5300
2023-12-26,sz.002916,69.6500,69.6500,68.1800,68.6500,69.8000,1130238,77532590.1600
2023-12-27,sz.002916,68.5000,69.3300,68.2400,69.1900,68.6500,1031807,71139420.8900
2023-12-28,sz.002916,68.9400,70.9900,68.8000,70.7300,69.1900,1662727,116886055.1000
2023-12-29,sz.002916,70.7000,71.6400,70.5000,70.9900,70.7300,1845988,131262678.1600
2024-01-02,sz.002916,71.1600,71.5300,70.2600,70.3000,70.9900,1607081,113568803.2100
2024-01-03,sz.002916,70.0000,70.3300,68.2000,68.6800,70.3000,1639004,113136190.4600
2024-01-04,sz.002916,68.6400,68.6400,66.6000,67.0000,68.6800,2151542,144530676.3900
2024-01-05,sz.002916,67.0800,68.2000,66.3800,66.5600,67.0000,1367312,91813095.2000
2024-01-08,sz.002916,66.2000,66.8600,64.6800,64.7200,66.5600,1726588,112734018.4700
2024-01-09,sz.002916,65.0000,65.7500,64.2000,64.8400,64.7200,1662452,107995754.8100
2024-01-10,sz.002916,64.8600,65.2900,63.5000,64.3100,64.8400,1489715,95892344.2500
2024-01-11,sz.002916,64.3100,65.0500,63.9000,64.7400,64.3100,1540525,99573180.0900
2024-01-12,sz.002916,64.3500,64.4800,63.1900,63.5000,64.7400,1981417,126323475.3000
2024-01-15,sz.002916,63.4900,63.8400,62.5800,62.8000,63.5000,1953040,123295299.8700
2024-01-16,sz.002916,62.8200,63.5600,61.1900,61.8000,62.8000,2925807,180810506.8000
2024-01-17,sz.002916,61.8100,62.4600,60.6100,60.6100,61.8000,2040012,125398653.2800
2024-01-18,sz.002916,60.0800,60.7900,58.1900,59.9700,60.6100,3632850,215071840.7300
2024-01-19,sz.002916,60.2600,60.7800,59.0500,59.3500,59.9700,2649407,158392351.0700
2024-01-22,sz.002916,59.2700,59.7000,56.0000,56.1100,59.3500,3657380,210472288.3600
2024-01-23,sz.002916,55.9000,56.9400,55.3000,56.5900,56.1100,2556099,144057852.4300
2024-01-24,sz.002916,56.9000,57.1700,54.7000,56.5600,56.5900,3237314,180868069.5000
2024-01-25,sz.002916,56.9000,58.4400,56.2600,58.4300,56.5600,3250365,187712779.6900
2024-01-26,sz.002916,58.0200,58.4500,56.5800,56.7900,58.4300,3555259,203465811.1500
2024-01-29,sz.002916,56.8000,57.3000,55.1800,55.5000,56.7900,2496388,139603799.0000
2024-01-30,sz.002916,55.1000,56.0400,53.5400,53.6400,55.5000,2946084,161077496.8400
2024-01-31,sz.002916,53.1600,54.4000,52.6600,52.8500,53.6400,2937009,156823936.0100
2024-02-01,sz.002916,52.6000,53.4900,51.7100,52.7000,52.8500,2621576,138168095.0500
2024-02-02,sz.002916,52.5600,53.3900,48.6800,50.3800,52.7000,3552311,181099377.6500
2024-02-05,sz.002916,50.0000,50.7000,46.7800,49.2700,50.3800,4412838,216123983.9500
2024-02-06,sz.002916,49.0000,52.2600,49.0000,52.2000,49.2700,3913463,199855170.8000
2024-02-07,sz.002916,52.2100,54.3300,51.8800,53.8400,52.2000,4195602,224831278.7100
2024-02-08,sz.002916,54.0000,56.1100,53.5200,55.6800,53.8400,4510806,248817120.3000
2024-02-19,sz.002916,56.4000,56.9600,55.2200,56.8600,55.6800,4522745,254636755.8100
2024-02-20,sz.002916,56.0000,57.7000,55.1600,57.3800,56.8600,3713184,209191323.2000
2024-02-21,sz.002916,56.7500,58.0300,56.2700,56.8800,57.3800,3753169,214589667.4900
2024-02-22,sz.002916,58.0300,62.5700,58.0300,62.5700,56.8800,7938264,485200120.4900
2024-02-23,sz.002916,65.5000,66.6600,64.0200,65.1800,62.5700,12705971,828987001.3900
2024-02-26,sz.002916,64.7000,64.7000,62.2600,63.6000,65.1800,9107661,577331554.5100
2024-02-27,sz.002916,62.8000,69.9600,62.7000,69.9600,63.6000,13760264,929570587.3900
2024-02-28,sz.002916,69.9600,71.3900,65.6500,66.0000,69.9600,15729821,1086242353.8700
2024-02-29,sz.002916,65.2000,70.4000,65.1600,70.2000,66.0000,12124724,835941352.4400
2024-03-01,sz.002916,69.6100,74.9800,69.6000,73.7200,70.2000,12422380,912192956.7200
2024-03-04,sz.002916,73.2800,76.4900,73.2800,73.9200,73.7200,9276539,692418591.3200
2024-03-05,sz.002916,73.7900,76.5500,72.1600,74.2100,73.9200,10784999,803564352.7400
2024-03-06,sz.002916,74.0000,79.6100,73.5100,78.8800,74.2100,14349777,1100210737.2600
2024-03-07,sz.002916,79.0000,84.7400,79.0000,81.2000,78.8800,14899533,1222732451.2600
2024-03-08,sz.002916,81.3200,89.3200,80.9400,89.3200,81.2000,15509638,1328337356.3000
2024-03-11,sz.002916,88.9900,89.5400,85.0700,89.4000,89.3200,14511797,1260442871.0800
2024-03-12,sz.002916,88.5800,88.5800,82.5000,84.2800,89.4000,14480782,1229363016.6700
2024-03-13,sz.002916,85.8000,86.7100,83.3600,84.7000,84.2800,12259031,1042060805.1000
2024-03-14,sz.002916,83.9000,84.5800,82.0200,83.5800,84.7000,10148570,843645072.7800
2024-03-15,sz.002916,81.8100,89.5200,81.4500,88.9200,83.5800,18205753,1553399356.2500
2024-03-18,sz.002916,87.0200,92.9700,87.0000,91.7500,88.9200,16874241,1540642021.8800
2024-03-19,sz.002916,91.0000,93.7700,90.2000,91.7500,91.7500,9105234,843484528.1400
2024-03-20,sz.002916,92.5100,94.1800,91.1000,91.8800,91.7500,7147883,658073959.2800
2024-03-21,sz.002916,91.0500,92.7700,89.5100,89.6000,91.8800,8177261,739013343.2100
2024-03-22,sz.002916,89.6000,90.9000,88.3500,89.9000,89.6000,6497807,581294554.8500
2024-03-25,sz.002916,89.8900,90.6000,86.8700,87.0000,89.9000,5999831,530523326.2700
2024-03-26,sz.002916,88.5000,90.3700,87.4000,87.8000,87.0000,7257044,643047330.9800
2024-03-27,sz.002916,87.2300,89.3000,85.2300,87.3300,87.8000,6467206,563889359.9500
2024-03-28,sz.002916,87.2000,90.1000,86.4500,88.5600,87.3300,7052350,624266371.8400
2024-03-29,sz.002916,88.3100,89.3500,87.0000,89.1800,88.5600,5397298,475661621.3700
2024-04-01,sz.002916,89.2500,97.5600,87.5000,95.9000,89.1800,10683475,1001134779.2500
2024-04-02,sz.002916,95.0000,96.7900,92.8600,94.9900,95.9000,7026809,662831653.3600
2024-04-03,sz.002916,94.9900,94.9900,91.6900,93.6000,94.9900,5488002,511328124.8400
2024-04-08,sz.002916,93.0000,94.5300,91.5000,92.8000,93.6000,4206397,390079210.3500
2024-04-09,sz.002916,92.8000,93.0000,90.9900,92.4600,92.8000,3217620,296060909.6700
2024-04-10,sz.002916,92.4700,94.4600,89.2900,91.2300,92.4600,6275209,573319813.0700
2024-04-11,sz.002916,89.1300,92.0900,89.1000,90.0000,91.2300,5329637,482538941.0900
2024-04-12,sz.002916,90.6000,98.8000,90.5000,96.8000,90.0000,11454172,1101652000.1900
2024-04-15,sz.002916,96.2000,97.9800,94.9800,97.9800,96.8000,6448523,624629152.0000
2024-04-16,sz.002916,93.1000,94.9900,88.1800,88.9600,97.9800,15526247,1399452903.9400
2024-04-17,sz.002916,87.0000,90.6200,87.0000,89.4800,88.9600,9160749,816684067.1700
2024-04-18,sz.002916,88.0000,90.5000,86.1600,89.2300,89.4800,4975908,443059819.8800
2024-04-19,sz.002916,89.2300,89.3300,84.0000,85.6000,89.2300,8586364,736942441.2200
2024-04-22,sz.002916,81.4000,84.7000,78.6800,83.5200,85.6000,7861410,646896530.7300
2024-04-23,sz.002916,84.5900,85.9900,82.6100,83.0100,83.5200,4102549,343569867.0300
2024-04-24,sz.002916,83.1500,88.8800,83.1500,87.1800,83.0100,6572543,566471366.0900
2024-04-25,sz.002916,86.8000,87.7800,86.1100,87.1300,87.1800,2699058,234781378.4100
2024-04-26,sz.002916,88.3600,93.8800,88.3600,92.1000,87.1300,7683657,702851573.1200
2024-04-29,sz.002916,92.2700,94.2000,91.5700,93.5900,92.1000,5484895,511220057.0300
2024-04-30,sz.002916,93.0500,95.2000,93.0200,93.4200,93.5900,4735069,446167701.5600
2024-05-06,sz.002916,95.8000,95.8200,92.0000,92.8400,93.4200,5281115,492536693.9300
2024-05-07,sz.002916,92.8000,95.2000,91.5000,92.2600,92.8400,4704629,437611881.2400
2024-05-08,sz.002916,91.8500,93.7500,90.3000,90.8000,92.2600,3991506,364905811.5500
2024-05-09,sz.002916,90.5900,91.2000,89.6600,90.6000,90.8000,3460060,313166395.0100
2024-05-10,sz.002916,90.7000,90.7000,86.6100,88.0300,90.6000,6233720,548442643.8000
2024-05-13,sz.002916,87.8000,90.2300,87.3000,88.6500,88.0300,4036262,358689215.9500
2024-05-14,sz.002916,88.9100,90.3000,87.5000,88.1000,88.6500,2380292,210825379.9600
2024-05-15,sz.002916,88.0800,89.4100,86.9600,87.1800,88.1000,2733665,240426862.1000
2024-05-16,sz.002916,88.8000,89.6300,87.3500,88.6800,87.1800,4231213,375193971.0000
2024-05-17,sz.002916,88.1200,88.7000,86.4100,88.3500,88.6800,3165612,277584057.7100
2024-05-20,sz.002916,88.2900,89.3000,86.8800,88.7000,88.3500,4741739,417653601.2900
2024-05-21,sz.002916,88.6800,94.1900,88.0500,92.2000,88.7000,8293318,764168585.5100
2024-05-22,sz.002916,91.7200,92.4800,90.5100,91.5300,92.2000,4078660,373474085.4400
2024-05-23,sz.002916,92.5000,96.2000,91.6400,94.3200,91.5300,8579165,805681229.5600
2024-05-24,sz.002916,94.3000,95.5100,90.6900,91.0000,94.3200,4932129,458367591.1600
2024-05-27,sz.002916,90.9100,93.8800,90.2100,92.1200,91.0000,3796475,347702584.6900
2024-05-28,sz.002916,92.1400,92.1800,89.5000,89.6800,92.1200,3201027,288453690.8000
2024-05-29,sz.002916,89.5300,90.9800,89.3800,89.9300,89.6800,2402836,216420868.9600
2024-05-30,sz.002916,88.5000,92.5000,87.5500,91.6900,89.0300,4321481,393680464.3000
2024-05-31,sz.002916,91.4100,92.2100,89.7600,89.9300,91.6900,2591350,234603281.3400
2024-06-03,sz.002916,90.0100,97.3800,90.0100,93.9000,89.9300,8035936,758425042.1000
2024-06-04,sz.002916,93.2500,94.7400,92.1700,93.9200,93.9000,4701505,439920266.8800
2024-06-05,sz.002916,93.8200,95.5900,93.3400,93.4600,93.9200,4227773,399080422.7900
2024-06-06,sz.002916,94.4500,98.3100,93.9400,96.3700,93.4600,8822522,851311828.6900
2024-06-07,sz.002916,95.7000,97.2000,92.8800,93.8300,96.3700,6187468,585772877.6600
2024-06-11,sz.002916,93.8700,95.9000,92.7100,95.4700,93.8300,4891921,464050753.5200
2024-06-12,sz.002916,95.2100,99.8800,94.8800,96.7000,95.4700,6307055,615682514.0800
2024-06-13,sz.002916,96.7100,104.9200,96.7100,102.8800,96.7000,11124163,1129540821.5300
2024-06-14,sz.002916,103.0000,108.9300,101.1300,107.2000,102.8800,10133479,1070483680.0700
2024-06-17,sz.002916,107.0000,112.1700,105.8000,109.8800,107.2000,8327027,907096385.7600
2024-06-18,sz.002916,108.5000,110.9400,106.5800,108.5100,109.8800,6393272,692896921.6100
2024-06-19,sz.002916,108.9900,109.5000,106.2300,107.3500,108.5100,4840181,520084937.5500
2024-06-20,sz.002916,106.0000,108.4000,106.0000,106.5000,107.3500,3350886,359367844.3800
2024-06-21,sz.002916,104.8000,108.6000,104.0000,107.4000,106.5000,3713056,395375432.4700
2024-06-24,sz.002916,106.5100,112.1200,105.9000,106.3000,107.4000,7233242,788489843.0100
2024-06-25,sz.002916,105.5000,106.5100,103.6600,104.7500,106.3000,5987763,628054066.6700
2024-06-26,sz.002916,106.0000,107.0100,103.2300,106.5200,104.7500,5734311,604305618.5800
2024-06-27,sz.002916,105.6500,106.3000,103.0800,103.2800,106.5200,4888164,510460809.5900
2024-06-28,sz.002916,102.6500,107.9000,102.6500,105.7700,103.2800,6332547,675322544.0600
2024-07-01,sz.002916,105.5800,106.5000,102.8500,106.1700,105.7700,3753195,393536253.1700
2024-07-02,sz.002916,105.7900,105.7900,103.0200,103.9500,106.1700,3175587,330418122.7100
2024-07-03,sz.002916,103.5000,104.6800,101.0000,102.9400,103.9500,3813833,390718809.2000
2024-07-04,sz.002916,103.6000,106.6500,103.0900,105.0500,102.9400,4701729,495298827.4400
2024-07-05,sz.002916,104.5000,106.0600,102.0500,105.4400,105.0500,4085587,425149325.8000
2024-07-08,sz.002916,105.0000,106.9900,104.5500,105.1500,105.4400,3479416,368301406.2100
2024-07-09,sz.002916,105.1600,109.7500,104.2900,109.7500,105.1500,7186422,775327353.7000
2024-07-10,sz.002916,115.0000,120.7300,114.8900,120.7300,109.7500,15259468,1828378007.8400
2024-07-11,sz.002916,120.9900,127.1300,120.1100,126.9900,120.7300,15933781,1979009131.6200
2024-07-12,sz.002916,123.0000,127.7900,121.0900,126.1400,126.9900,9041463,1127727511.9600
2024-07-15,sz.002916,126.1400,128.4500,125.1600,127.4000,126.1400,5065464,642789387.6200
2024-07-16,sz.002916,127.3000,130.6200,126.0600,130.5000,127.4000,6882711,884753555.9200
2024-07-17,sz.002916,128.9800,129.8100,123.5000,123.5900,130.5000,8531690,1073904108.5900
2024-07-18,sz.002916,122.1500,124.3900,119.0100,122.6600,123.5900,6431854,782370499.0800
2024-07-19,sz.002916,122.6500,124.2100,120.0900,120.6000,122.6600,4646163,565869079.4000
2024-07-22,sz.002916,120.6700,121.2000,118.0300,119.6700,120.6000,5095144,609026340.0800
2024-07-23,sz.002916,120.0900,121.1000,114.5000,114.6500,119.6700,5690227,664303793.2400
2024-07-24,sz.002916,115.0000,116.4400,111.5300,112.0600,114.6500,5771106,655241807.8400
2024-07-25,sz.002916,110.0000,112.1800,108.7100,110.2400,112.0600,4655219,513001547.8300
2024-07-26,sz.002916,110.6000,111.9600,108.8000,110.7300,110.2400,4022583,443969778.1100
2024-07-29,sz.002916,110.8100,113.5000,109.0000,111.4200,110.7300,5095754,568814267.7200
2024-07-30,sz.002916,110.1100,110.9900,108.8600,110.0900,111.4200,3188043,350070954.5000
2024-07-31,sz.002916,109.3000,111.4000,106.6200,110.6700,110.0900,6832229,750967147.4800
2024-08-01,sz.002916,114.1800,118.7000,112.8800,116.9600,110.6700,13290626,1541264069.5900
2024-08-02,sz.002916,111.0100,113.8500,108.8000,111.0000,116.9600,8745865,974881874.3600
2024-08-05,sz.002916,105.7100,109.1200,104.0500,104.0500,111.0000,9310049,988090504.4300
2024-08-06,sz.002916,107.6500,108.1000,103.1500,104.7800,104.0500,6082341,635502239.8800
2024-08-07,sz.002916,104.2300,104.8300,101.3500,102.4100,104.7800,6003161,617231943.0200
2024-08-08,sz.002916,100.8600,102.3600,99.8000,100.7500,102.4100,4628680,467250126.6000
2024-08-09,sz.002916,102.3000,103.8500,101.4300,102.5400,100.7500,5509187,566322441.5600
2024-08-12,sz.002916,102.5900,106.2600,102.0100,104.7900,102.5400,5557118,582052214.0000
2024-08-13,sz.002916,104.8000,109.5600,104.7900,108.4600,104.7900,7077485,765048054.3200
2024-08-14,sz.002916,109.8700,111.5000,107.8700,108.2000,108.4600,5385089,589675808.9000
2024-08-15,sz.002916,107.5000,109.8500,104.3700,105.8700,108.2000,5620869,598318195.4400
2024-08-16,sz.002916,106.7200,110.2900,106.7200,107.7000,105.8700,5586652,607604554.8600
2024-08-19,sz.002916,107.4800,108.4000,106.5000,107.1200,107.7000,2764289,297137818.5600
2024-08-20,sz.002916,108.1200,109.4800,106.1800,106.6000,107.1200,2485497,266838234.7400
2024-08-21,sz.002916,105.0000,110.0000,104.8800,107.9500,106.6000,3928726,424054330.4100
2024-08-22,sz.002916,108.0100,109.9000,105.7000,109.1000,107.9500,4048050,437935239.6900
2024-08-23,sz.002916,108.6300,109.0800,106.6900,107.9600,109.1000,3140883,338328598.9000
2024-08-26,sz.002916,107.8900,108.5000,105.4800,106.1900,107.9600,2828261,301588110.6900
2024-08-27,sz.002916,105.3000,106.6600,103.9100,104.6600,106.1900,3448539,362027492.0700
2024-08-28,sz.002916,105.9000,110.1000,103.0600,103.6500,104.6600,5894202,624764971.4000
2024-08-29,sz.002916,103.0200,103.5000,95.0100,99.3800,103.6500,11803696,1159357150.4500
2024-08-30,sz.002916,98.9100,103.5000,98.8000,100.7800,99.3800,9548385,965300972.6500
2024-09-02,sz.002916,101.6600,102.7000,98.0200,98.1000,100.7800,5147043,511750130.3500
2024-09-03,sz.002916,98.2200,99.8600,97.0100,97.1300,98.1000,5340636,521905160.3900
2024-09-04,sz.002916,94.5000,95.8900,92.5100,95.3200,97.1300,6724479,632344324.6600
2024-09-05,sz.002916,95.2500,97.4000,94.3500,95.3500,95.3200,3942288,377994073.2600
2024-09-06,sz.002916,95.3500,95.6000,92.1400,92.1500,95.3500,4165770,388317643.8000
2024-09-09,sz.002916,91.7900,93.0700,91.0100,92.0600,92.1500,4119578,378687305.7700
2024-09-10,sz.002916,91.7700,94.5000,91.4400,93.4000,92.0600,3978300,370851515.5400
2024-09-11,sz.002916,93.4100,94.5000,91.5900,92.0800,93.4000,3238914,300248304.1700
2024-09-12,sz.002916,93.9800,94.9900,91.5400,91.8000,92.0800,4068571,377604600.1200
2024-09-13,sz.002916,91.5800,97.2000,91.5000,95.5900,91.8000,9049211,862090841.6500
2024-09-18,sz.002916,95.3000,97.4000,93.6700,96.6400,95.5900,5190097,494971307.3200
2024-09-19,sz.002916,96.6800,96.9800,89.7000,90.8000,96.6400,12167322,1117442612.4300
2024-09-20,sz.002916,89.8800,90.8600,88.7500,89.4600,90.8000,7596624,680081570.4800
2024-09-23,sz.002916,89.5300,90.9500,87.7100,87.7900,89.4600,6803511,603821739.4100
2024-09-24,sz.002916,88.0500,92.6200,87.0200,91.5900,87.7900,8393696,756769383.3200
2024-09-25,sz.002916,92.8300,95.1400,90.6300,90.7000,91.5900,9378750,869459522.3600
2024-09-26,sz.002916,90.6700,93.0000,89.5000,92.9000,90.7000,7337176,668717230.0200
2024-09-27,sz.002916,93.8200,102.1900,93.8000,100.8800,92.9000,12661451,1249751444.9700
2024-09-30,sz.002916,105.1600,110.9700,102.1900,110.9700,100.8800,13885676,1492930929.2300
2024-10-08,sz.002916,122.0700,122.0700,113.1800,122.0700,110.9700,16883585,2020391495.4700
2024-10-09,sz.002916,120.0000,125.5100,114.0000,116.2900,122.0700,13931575,1665925224.1400
2024-10-10,sz.002916,117.8000,119.4800,113.5800,115.0200,116.2900,10243820,1194071163.4000
2024-10-11,sz.002916,114.0000,115.6200,106.5000,108.4700,115.0200,9192326,1014044040.9500
2024-10-14,sz.002916,108.4000,109.4100,105.0000,108.9900,108.4700,8600019,925741629.4800
2024-10-15,sz.002916,108.4500,112.5000,106.7500,107.6700,108.9900,8078857,884383927.8800
2024-10-16,sz.002916,104.1100,105.5000,101.1100,102.5400,107.6700,9034910,930751849.6900
2024-10-17,sz.002916,103.0000,106.0000,102.5900,103.6800,102.5400,7246371,755406519.4900
2024-10-18,sz.002916,103.9800,114.0500,102.9500,112.9600,103.6800,13379573,1474474703.6500
2024-10-21,sz.002916,113.6000,116.9800,109.4800,112.7000,112.9600,14405896,1629908414.7300
2024-10-22,sz.002916,112.3000,116.9700,111.1500,113.4200,112.7000,9951027,1135895939.5000
2024-10-23,sz.002916,112.0000,113.1700,107.9900,109.2000,113.4200,12356406,1363543419.1000
2024-10-24,sz.002916,108.0000,111.1200,106.3000,109.1500,109.2000,6511595,708023163.2000
2024-10-25,sz.002916,111.0000,113.1300,108.8000,110.9000,109.1500,9615825,1065537548.6200
2024-10-28,sz.002916,110.0000,110.0000,103.6800,104.9900,110.9000,16242857,1706004597.4800
2024-10-29,sz.002916,104.6600,108.3400,103.3400,106.2000,104.9900,12927422,1372683913.6300
2024-10-30,sz.002916,105.9100,106.9800,103.4000,104.3100,106.2000,8351542,875751160.4400
2024-10-31,sz.002916,104.3200,106.7600,103.0700,105.0600,104.3100,7762127,814173366.7500
2024-11-01,sz.002916,104.0000,105.8900,101.4800,101.5600,105.0600,8434430,866632608.0400
2024-11-04,sz.002916,101.8900,104.8000,100.6900,101.8400,101.5600,8954895,912665026.0500
2024-11-05,sz.002916,101.5100,108.0000,99.5400,107.3400,101.8400,14476114,1511132772.6000
2024-11-06,sz.002916,107.6600,109.9000,104.2800,105.1400,107.3400,11400318,1219487286.0200
2024-11-07,sz.002916,103.5000,107.0000,103.5000,106.9600,105.1400,9051316,952191647.3900
2024-11-08,sz.002916,108.0300,111.8800,107.5900,107.8300,106.9600,10710217,1173436630.6500
2024-11-11,sz.002916,108.0600,115.3900,107.3900,115.3100,107.8300,14402490,1620212729.1400
2024-11-12,sz.002916,114.2000,115.2100,111.7900,112.9500,115.3100,10013229,1133278103.2200
2024-11-13,sz.002916,113.0000,115.2900,112.0000,114.9500,112.9500,8341253,950083142.2900
2024-11-14,sz.002916,115.1500,116.5800,109.0800,109.3800,114.9500,8338706,934822498.2400
2024-11-15,sz.002916,108.9000,112.2200,105.0000,105.1200,109.3800,6986708,760705160.4500
2024-11-18,sz.002916,105.8800,106.2800,101.1600,102.5300,105.1200,6103029,629609777.3800
2024-11-19,sz.002916,102.5300,104.7800,101.2800,104.3300,102.5300,5643668,580164697.3200
2024-11-20,sz.002916,104.2700,104.9600,103.0200,103.6600,104.3300,4459795,463065924.8600
2024-11-21,sz.002916,103.0200,103.5100,101.8800,102.8400,103.6600,4197486,431042990.1100
2024-11-22,sz.002916,102.8400,103.5000,98.5000,98.5000,102.8400,6785592,682468328.9700
2024-11-25,sz.002916,98.3900,98.7000,94.8000,96.4900,98.5000,5674852,546513759.3000
2024-11-26,sz.002916,96.0000,98.6900,95.6300,97.2800,96.4900,3800419,370134991.7300
2024-11-27,sz.002916,96.9700,101.3200,96.2800,99.9000,97.2800,4793177,473853892.4100
2024-11-28,sz.002916,99.8800,99.8900,97.7400,98.0100,99.9000,3050169,301589634.5600
2024-11-29,sz.002916,97.7500,100.1300,97.4700,98.8600,98.0100,3601671,355806538.7300
2024-12-02,sz.002916,99.2200,101.8800,98.9000,101.8800,98.8600,5516871,553789831.3300
2024-12-03,sz.002916,101.1000,101.5000,98.1000,99.1100,101.8800,5053702,501957544.5600
2024-12-04,sz.002916,99.6000,99.7900,97.5800,98.0000,99.1100,3456932,340407068.8400
2024-12-05,sz.002916,97.5600,99.4500,97.3600,98.3500,98.0000,2638910,259881740.2500
2024-12-06,sz.002916,98.3500,100.4300,97.8100,99.6900,98.3500,3761080,373709035.6000
2024-12-09,sz.002916,99.4900,100.0200,98.2200,99.0400,99.6900,2729790,270313194.2800
2024-12-10,sz.002916,103.0000,103.0000,98.4200,98.9000,99.0400,4474973,447919662.4800
2024-12-11,sz.002916,98.2500,99.9800,97.6100,99.0300,98.9000,3135646,310069287.0800
2024-12-12,sz.002916,98.8700,99.9400,98.3000,99.5200,99.0300,2681356,266446330.6400
2024-12-13,sz.002916,98.6100,101.0000,98.5000,99.6800,99.5200,4922833,490145518.6200
2024-12-16,sz.002916,99.7800,102.8300,99.6900,102.1600,99.6800,7195969,732586806.1300
2024-12-17,sz.002916,101.6300,112.0000,101.5800,110.5100,102.1600,16960603,1841005191.8400
2024-12-18,sz.002916,109.0700,111.0000,108.2000,110.1700,110.5100,7475136,820001243.4300
2024-12-19,sz.002916,108.5000,119.0300,108.5000,117.9700,110.1700,15683051,1798129351.3500
2024-12-20,sz.002916,116.1500,121.1700,115.8500,117.3200,117.9700,12573076,1486682006.1300
2024-12-23,sz.002916,118.5600,123.8800,118.0100,118.5500,117.3200,13743722,1663860920.9500
2024-12-24,sz.002916,119.0000,121.9400,117.1000,121.9000,118.5500,8594636,1027233808.1600
2024-12-25,sz.002916,123.0000,125.0000,121.0000,121.6000,121.9000,6923592,851576185.0600
2024-12-26,sz.002916,121.4200,130.9500,120.0000,128.5600,121.6000,11405237,1446496796.5700
2024-12-27,sz.002916,128.5300,130.9200,126.5100,127.6800,128.5600,7492757,964338532.0500
2024-12-30,sz.002916,127.6100,133.2600,127.1000,129.9000,127.6800,8293407,1080538747.7300
2024-12-31,sz.002916,129.4400,129.4900,124.3100,125.0000,129.9000,8730353,1096081694.0500
2025-01-02,sz.002916,124.2100,126.8000,119.8800,121.4600,125.0000,7959202,978480259.0600
2025-01-03,sz.002916,122.6800,122.8700,118.0000,118.5000,121.4600,5480483,657935035.8200
2025-01-06,sz.002916,119.0000,121.5700,116.0000,117.6800,118.5000,4802098,565846267.9700
2025-01-07,sz.002916,118.3900,125.4900,117.3300,125.2700,117.6800,8944682,1097048717.7100
2025-01-08,sz.002916,124.0200,128.6500,122.2700,127.5800,125.2700,9109391,1145298437.7700
2025-01-09,sz.002916,127.9000,132.8700,126.0000,126.1200,127.5800,10810910,1398420665.7300
2025-01-10,sz.002916,124.1900,128.8300,124.1900,126.1700,126.1200,7338104,929794255.3600
2025-01-13,sz.002916,123.7900,126.3300,121.5000,123.1800,126.1700,6247793,772512727.0700
2025-01-14,sz.002916,123.2100,128.9900,121.8000,128.0000,123.1800,6185400,779729451.3200
2025-01-15,sz.002916,127.0000,127.6500,123.7000,124.0000,128.0000,4762872,595521445.7300
2025-01-16,sz.002916,124.6000,124.9500,118.8000,122.0000,124.0000,7162207,867004307.5300
2025-01-17,sz.002916,120.9300,127.4600,120.9300,125.3100,122.0000,5435918,678090684.3700
2025-01-20,sz.002916,126.1300,131.8500,125.5000,130.1900,125.3100,7027234,910595882.2100
2025-01-21,sz.002916,131.7800,135.0000,131.1800,134.1000,130.1900,7217468,963826551.3000
2025-01-22,sz.002916,133.8000,141.6000,132.9000,139.7800,134.1000,9128130,1263527025.8700
2025-01-23,sz.002916,139.7800,141.0000,136.7000,139.3400,139.7800,6489313,901776444.5000
2025-01-24,sz.002916,138.5000,139.8800,135.6600,138.7300,139.3400,5666565,782203490.9500
2025-01-27,sz.002916,137.0000,137.0000,130.0500,130.5000,138.7300,7870661,1047759740.1800
2025-02-05,sz.002916,130.5000,130.8800,117.9000,121.9000,130.5000,12229963,1487584402.3100
2025-02-06,sz.002916,121.9000,124.5500,119.8100,124.0000,121.9000,9481109,1160302267.3600
2025-02-07,sz.002916,124.0200,126.9800,121.0000,122.8300,124.0000,9672305,1201233392.9900
2025-02-10,sz.002916,123.0000,130.0800,123.0000,129.2000,122.8300,10088926,1290156118.0100
2025-02-11,sz.002916,129.1800,138.0000,128.1000,135.8200,129.2000,8703282,1168535747.5900
2025-02-12,sz.002916,136.0000,143.1000,135.8300,142.9900,135.8200,8525452,1190041542.7700
2025-02-13,sz.002916,142.9900,142.9900,136.3600,136.9000,142.9900,6740272,935142449.0800
2025-02-14,sz.002916,134.7400,141.2300,134.7400,136.3500,136.9000,6187278,851779328.5900
2025-02-17,sz.002916,137.0000,149.9900,136.8600,147.9800,136.3500,11648232,1722030519.9900
2025-02-18,sz.002916,147.6900,155.0000,147.0000,149.0000,147.9800,11102185,1677372320.9800
2025-02-19,sz.002916,148.9200,151.5900,146.0500,147.9400,149.0000,8090947,1199094558.9700
2025-02-20,sz.002916,148.3000,154.1900,145.9400,153.0000,147.9400,7048267,1065730059.0000
2025-02-21,sz.002916,156.0000,164.2800,155.5000,160.5500,153.0000,9056350,1459996809.0600
2025-02-24,sz.002916,158.6500,160.3700,151.0800,152.5000,160.5500,7341033,1131369731.4700
2025-02-25,sz.002916,149.9900,150.9200,145.5600,146.7000,152.5000,9513435,1406545242.4700
2025-02-26,sz.002916,146.7000,148.0400,143.8600,144.5000,146.7000,6363132,925198065.6700
2025-02-27,sz.002916,146.6500,146.8000,138.8200,142.0700,144.5000,8372249,1185179169.3100
2025-02-28,sz.002916,139.2300,139.9000,130.0400,130.8900,142.0700,13226665,1770623055.9400
2025-03-03,sz.002916,130.5000,130.5000,119.5600,121.7300,130.8900,23663140,2899405607.0700
2025-03-04,sz.002916,120.0000,125.5600,116.7800,124.8100,121.7300,18605949,2258023872.0100
2025-03-05,sz.002916,126.6500,128.6000,123.2800,125.2600,124.8100,12115246,1518873181.6200
2025-03-06,sz.002916,126.9900,134.5600,125.3000,132.5100,125.2600,19684474,2577286684.4300
2025-03-07,sz.002916,131.0000,135.0000,130.0000,131.1900,132.5100,10916013,1448092270.9300
2025-03-10,sz.002916,131.5000,132.3400,129.0000,131.4200,131.1900,8813848,1151804378.6100
2025-03-11,sz.002916,129.2800,132.9900,125.0000,126.4900,131.4200,13765778,1766471018.7800
2025-03-12,sz.002916,126.0200,130.2800,124.5600,127.0700,126.4900,9922109,1268566111.4200
2025-03-13,sz.002916,125.0200,131.9100,122.8800,128.0000,127.0700,14972694,1906960304.2400
2025-03-14,sz.002916,128.4600,138.7700,128.4400,138.7600,128.0000,17314394,2324186422.7400
2025-03-17,sz.002916,138.7500,139.0200,135.0700,138.4900,138.7600,11860582,1621918754.9900
2025-03-18,sz.002916,139.0000,146.5000,136.6900,143.3600,138.4900,12563332,1775948315.7400
2025-03-19,sz.002916,142.7100,142.7100,133.5300,135.0500,143.3600,14333020,1963505362.0900
2025-03-20,sz.002916,134.8000,137.0000,132.0500,132.4800,135.0500,9039504,1214859871.8900
2025-03-21,sz.002916,132.2200,133.4800,129.8100,131.0500,132.4800,7877762,1033946831.8100
2025-03-24,sz.002916,131.0400,134.6000,130.6000,133.1400,131.0500,7541864,999537037.7200
2025-03-25,sz.002916,133.1500,134.8200,127.2900,127.9400,133.1400,8484415,1107668561.5900
2025-03-26,sz.002916,127.9400,130.8000,127.2700,128.4200,127.9400,5305243,684615865.1400
2025-03-27,sz.002916,127.3000,129.7000,125.9100,127.4400,128.4200,4484360,572356141.4500
2025-03-28,sz.002916,127.4400,128.1700,125.8000,125.9000,127.4400,4344958,549780678.3200
2025-03-31,sz.002916,125.1200,127.0100,123.5600,126.0600,125.9000,5706740,713868551.4200
2025-04-01,sz.002916,128.0000,130.0000,126.0000,126.4000,126.0600,7270019,931027530.5100
2025-04-02,sz.002916,126.0000,129.1900,125.5500,127.5700,126.4000,5102077,650927227.3500
2025-04-03,sz.002916,126.0000,126.4900,119.3300,121.8300,127.5700,9972677,1224617209.6500
2025-04-07,sz.002916,110.0000,112.8800,109.6500,109.6500,121.8300,8017710,886745984.7000
2025-04-08,sz.002916,107.0200,110.2100,100.5300,104.4500,109.6500,15335205,1605522821.5400
2025-04-09,sz.002916,100.0000,107.3800,99.0000,105.0400,104.4500,11440517,1188767746.8700
2025-04-10,sz.002916,110.2800,112.8900,107.2800,107.7500,105.0400,11509335,1270202714.4000
2025-04-11,sz.002916,107.0000,111.6000,106.0100,110.1700,107.7500,9663853,1053607307.4600
2025-04-14,sz.002916,113.5000,113.7000,108.4600,109.5700,110.1700,7942949,876163827.1400
2025-04-15,sz.002916,109.0000,109.0400,106.7900,108.2000,109.5700,4994087,537707241.4000
2025-04-16,sz.002916,107.0000,108.0000,104.1000,105.9400,108.2000,6946315,734516604.7100
2025-04-17,sz.002916,105.2200,107.5200,104.9000,105.4200,105.9400,4897114,520193882.6600
2025-04-18,sz.002916,105.5700,108.0000,105.4200,107.8200,105.4200,5149042,550942836.3900
2025-04-21,sz.002916,107.8000,110.9900,106.7700,110.9000,107.8200,6331748,691743132.7400
2025-04-22,sz.002916,110.2200,113.3300,109.0000,110.9200,110.9000,7956736,886704171.7800
2025-04-23,sz.002916,112.0000,112.7900,108.3000,110.6900,110.9200,9081337,999917541.7400
2025-04-24,sz.002916,108.7000,109.2300,106.2000,106.2700,110.6900,10169420,1091053071.9100
2025-04-25,sz.002916,107.3000,111.9800,107.0100,109.3200,106.2700,10726296,1179343308.8000
2025-04-28,sz.002916,109.9400,110.4000,108.4500,108.8300,109.3200,4898902,534632271.0700
2025-04-29,sz.002916,108.8200,109.1000,107.3000,108.0600,108.8300,4104185,443133885.8100
2025-04-30,sz.002916,108.3500,110.2100,107.5000,109.0200,108.0600,5099861,556819086.6700
2025-05-06,sz.002916,110.5800,116.4800,110.5300,115.6500,109.0200,10825640,1237017733.0300
2025-05-07,sz.002916,118.2600,118.8600,114.6300,115.7900,115.6500,6716938,780710603.9600
2025-05-08,sz.002916,115.8100,119.2600,115.5000,119.2500,115.7900,8943673,1057472409.5200
2025-05-09,sz.002916,118.1600,118.6300,114.6900,115.0800,119.2500,6318824,732862942.1700
2025-05-12,sz.002916,116.8600,118.6700,115.2600,116.6000,115.0800,6367365,743366690.5700
2025-05-13,sz.002916,118.3400,118.3400,115.5000,115.7600,116.6000,5186584,603886827.1800
2025-05-14,sz.002916,116.1200,118.2200,115.1200,115.7200,115.7600,6549820,762557450.6700
2025-05-15,sz.002916,115.0600,115.0700,111.2000,111.4100,115.7200,7287313,819712767.2700
2025-05-16,sz.002916,111.2200,111.7900,110.2800,110.9700,111.4100,5693973,632346200.4300
2025-05-19,sz.002916,111.0000,112.1700,108.5100,112.0600,110.9700,5323533,587832419.0800
2025-05-20,sz.002916,111.5200,111.5800,110.0000,111.2200,112.0600,4073640,452033627.4000
2025-05-21,sz.002916,111.2300,112.2200,110.5100,111.3200,111.2200,4414949,492314969.6000
2025-05-22,sz.002916,111.0000,112.9500,110.0200,110.8200,111.3200,5412628,602362670.5500
2025-05-23,sz.002916,110.6200,111.4900,108.5500,108.6000,110.8200,4651548,511586031.0800
2025-05-26,sz.002916,108.7700,110.4900,108.1800,109.2400,108.6000,3394398,371254441.1900
2025-05-27,sz.002916,108.7100,108.9000,105.0500,105.5300,109.2400,5834555,619967820.4100
2025-05-28,sz.002916,105.7700,107.6000,105.6200,107.4800,105.5300,5108464,545989920.4600
2025-05-29,sz.002916,82.0000,85.1800,82.0000,85.0300,81.5200,9724214,820010017.5500
2025-05-30,sz.002916,84.0300,84.9800,82.6900,84.2600,85.0300,7018213,588429496.1400
2025-06-03,sz.002916,83.5500,86.8600,83.2200,86.1900,84.2600,9057579,777069852.7100
2025-06-04,sz.002916,86.3800,89.3000,86.1900,88.1700,86.1900,10285617,907309270.8200
2025-06-05,sz.002916,88.2000,93.4900,87.8800,92.4200,88.1700,14454028,1316598192.5300
2025-06-06,sz.002916,91.5000,93.1500,90.8500,91.8800,92.4200,9109799,837599961.9500
2025-06-09,sz.002916,92.0000,95.4500,92.0000,94.5600,91.8800,12376989,1170087342.6000
2025-06-10,sz.002916,93.9500,95.8000,93.0000,94.4000,94.5600,9140660,862042013.5500
2025-06-11,sz.002916,94.4500,96.5700,93.8800,93.9600,94.4000,9184255,873913118.6600
2025-06-12,sz.002916,93.9800,97.4500,93.1100,95.9500,93.9600,11199801,1075461006.3400
2025-06-13,sz.002916,95.5300,96.9400,94.2800,95.5000,95.9500,7373302,703348734.8200
2025-06-16,sz.002916,95.4500,101.0000,94.8100,98.9500,95.5000,12546525,1243055022.8200
2025-06-17,sz.002916,99.0100,100.0000,95.3600,96.7800,98.9500,12496727,1209649217.3800
2025-06-18,sz.002916,96.3900,104.4800,96.2000,103.6000,96.7800,18778291,1905342180.1400
2025-06-19,sz.002916,103.8500,105.4500,102.0000,102.5700,103.6000,10747570,1111895025.6900
2025-06-20,sz.002916,102.0800,102.5700,98.2700,99.2300,102.5700,10930694,1087350468.8500
2025-06-23,sz.002916,98.5900,99.8400,96.8000,98.0000,99.2300,7142882,700416776.4300
2025-06-24,sz.002916,98.8000,99.3700,96.5300,97.4000,98.0000,8247520,804661423.1100
2025-06-25,sz.002916,97.5500,99.9900,97.5500,99.9000,97.4000,10624171,1051670658.3300
2025-06-26,sz.002916,99.9400,109.8900,99.4400,104.7100,99.9000,18471613,1929627862.0400
2025-06-27,sz.002916,103.9800,111.2500,102.2000,107.9500,104.7100,17809631,1917733433.2100
2025-06-30,sz.002916,109.0000,110.1200,106.0000,107.8100,107.9500,12783105,1378523993.3700
2025-07-01,sz.002916,107.0400,113.2800,107.0400,110.9900,107.8100,12784675,1417830991.2600
2025-07-02,sz.002916,109.6600,110.3000,105.0200,105.1600,110.9900,10891714,1161364653.4000
2025-07-03,sz.002916,105.9400,113.5000,105.9400,113.4500,105.1600,19223524,2127984724.6400
2025-07-04,sz.002916,113.4500,117.0000,112.1800,115.9000,113.4500,18037665,2064586628.5600
2025-07-07,sz.002916,114.4100,118.2000,112.0000,114.4100,115.9000,11431074,1312313802.5800
2025-07-08,sz.002916,114.0000,120.0000,113.0000,118.9800,114.4100,14994073,1772917940.0300
2025-07-09,sz.002916,117.9400,121.0000,117.6800,118.0900,118.9800,9333951,1110818073.6400
2025-07-10,sz.002916,118.9100,121.8600,115.0000,119.2400,118.0900,13530815,1605107452.2600
2025-07-11,sz.002916,117.0000,121.9700,117.0000,117.4900,119.2400,10560401,1259417710.6100
2025-07-14,sz.002916,117.8700,124.4000,117.0000,123.9800,117.4900,13773663,1683723823.5400
2025-07-15,sz.002916,124.3000,132.2700,124.3000,131.9600,123.9800,16125378,2086470603.8600
2025-07-16,sz.002916,131.0000,131.5000,123.0000,123.5300,131.9600,13561826,1714464539.2400
2025-07-17,sz.002916,123.0000,132.0000,122.0300,130.9000,123.5300,16934961,2161027829.6200
2025-07-18,sz.002916,133.2900,136.5000,130.0000,131.6000,130.9000,15187102,2023194123.9500
2025-07-21,sz.002916,134.6700,141.6600,131.9900,141.2500,131.6000,19021348,2605441597.7700
2025-07-22,sz.002916,140.0500,143.9900,134.0000,137.0000,141.2500,15992361,2206822742.2600
2025-07-23,sz.002916,134.0000,134.0000,130.4000,132.2000,137.0000,13748868,1817345282.1600
2025-07-24,sz.002916,135.0200,137.0000,129.0000,132.4100,132.2000,14124280,1873891354.9000
2025-07-25,sz.002916,131.0000,133.9000,130.4300,131.9800,132.4100,10519941,1385879638.0000
2025-07-28,sz.002916,132.8300,145.1800,132.6900,145.1800,131.9800,23025309,3224534250.7400
2025-07-29,sz.002916,145.0000,148.6000,141.0200,144.5000,145.1800,16864271,2426858590.7000
2025-07-30,sz.002916,144.8800,145.5700,139.6600,140.9800,144.5000,12809184,1816028349.9900
2025-07-31,sz.002916,144.5000,149.9700,141.0500,142.1000,140.9800,18737291,2712435432.6900
2025-08-01,sz.002916,139.0000,140.2200,132.5500,135.4900,142.1000,17298664,2354851412.9900
2025-08-04,sz.002916,132.7000,136.5500,131.5200,136.2300,135.4900,11364649,1524519196.1200
2025-08-05,sz.002916,138.9500,140.0000,133.0800,135.9000,136.2300,11065946,1508571777.4500
2025-08-06,sz.002916,134.9000,138.6800,134.1900,134.8400,135.9000,8275808,1123467879.6600
2025-08-07,sz.002916,134.8200,139.4800,132.7400,134.4900,134.8400,11844840,1609044238.9800
2025-08-08,sz.002916,132.7000,136.3500,132.0000,133.5000,134.4900,7860499,1055111613.3800
2025-08-11,sz.002916,133.0000,140.1200,133.0000,138.5100,133.5000,13842377,1907803592.2700
2025-08-12,sz.002916,138.3900,141.6700,137.0000,139.8000,138.5100,10245205,1424654571.3700
2025-08-13,sz.002916,139.8500,153.7800,139.8200,153.7800,139.8000,18880976,2810055684.1700
2025-08-14,sz.002916,153.8400,154.9300,148.2100,150.0000,153.7800,12098003,1826474186.2000
2025-08-15,sz.002916,150.0100,153.7800,145.2700,145.7100,150.0000,14504615,2152028268.3900
2025-08-18,sz.002916,146.9400,149.2000,140.8900,146.5600,145.7100,16202643,2350844053.0300
2025-08-19,sz.002916,146.0000,149.6100,143.1000,145.0000,146.5600,11512576,1678100360.0400
2025-08-20,sz.002916,141.6100,145.9500,137.3300,142.7100,145.0000,11320600,1605760124.2400
2025-08-21,sz.002916,142.0200,144.6100,137.7000,141.5800,142.7100,11427716,1617023237.6900
2025-08-22,sz.002916,140.6000,153.0000,140.0600,149.9200,141.5800,18112328,2703595209.4300
2025-08-25,sz.002916,151.1000,163.8700,148.0200,161.1000,149.9200,16653943,2576803324.6000
2025-08-26,sz.002916,161.0000,165.0400,158.0800,162.6900,161.1000,10516028,1707323274.3300
2025-08-27,sz.002916,161.6400,177.9600,161.1000,169.5000,162.6900,13594995,2342280716.4000
2025-08-28,sz.002916,173.5000,186.4500,171.0000,186.4500,169.5000,15728591,2838482015.9800
2025-08-29,sz.002916,190.0100,200.0000,185.1100,198.0000,186.4500,14791512,2852487661.3500
2025-09-01,sz.002916,198.0000,203.1000,190.1800,199.8800,198.0000,17025345,3330942724.3500
2025-09-02,sz.002916,199.0000,202.0000,179.8900,179.8900,199.8800,19859959,3754020378.6700
2025-09-03,sz.002916,182.5800,189.6000,178.8800,185.6400,179.8900,12246651,2261081637.0900
2025-09-04,sz.002916,185.6400,189.1900,167.0800,168.8000,185.6400,21773410,3775238160.8000
2025-09-05,sz.002916,168.8000,183.0900,168.8000,182.2500,168.8000,15699656,2754372531.4900
2025-09-08,sz.002916,181.4700,183.8800,170.6800,176.3200,182.2500,12425440,2184987354.1400
2025-09-09,sz.002916,175.0100,179.8800,172.1500,173.9500,176.3200,7699310,1352786616.2900
2025-09-10,sz.002916,177.1100,185.0000,177.1100,183.3100,173.9500,13525729,2453782367.4100
2025-09-11,sz.002916,185.0100,201.6400,184.0000,201.6400,183.3100,13451701,2614126591.9900
2025-09-12,sz.002916,204.0200,204.9100,195.0000,195.3700,201.6400,11412093,2259494828.3600
2025-09-15,sz.002916,195.3800,196.5800,186.6900,187.8500,195.3700,9939253,1878988017.9800
2025-09-16,sz.002916,188.1000,194.5000,186.0000,188.4900,187.8500,10842244,2057300919.4200
2025-09-17,sz.002916,188.6100,190.0000,182.0000,187.9500,188.4900,8912473,1662431383.5100
2025-09-18,sz.002916,186.5100,201.9800,185.0000,197.4700,187.9500,15432099,3002324710.0200
2025-09-19,sz.002916,200.0000,201.4900,192.8900,195.5700,197.4700,9155138,1799562302.5600
2025-09-22,sz.002916,194.9800,215.0000,190.0800,214.8000,195.5700,11842405,2447812175.8700
2025-09-23,sz.002916,223.6300,227.9900,211.9900,218.9200,214.8000,15660517,3444006569.9800
2025-09-24,sz.002916,209.5000,214.2400,204.0100,210.5900,218.9200,9734154,2026995660.4400
2025-09-25,sz.002916,211.0300,213.9400,202.0000,208.5100,210.5900,7595230,1586446605.8800
2025-09-26,sz.002916,209.4000,211.5800,205.5000,206.5500,208.5100,6964203,1452839963.7500
2025-09-29,sz.002916,206.6100,221.2900,202.6000,221.2900,206.5500,8569061,1828097706.0300
2025-09-30,sz.002916,229.0000,233.6800,214.8000,216.6400,221.2900,7868845,1729642174.4900
2025-10-09,sz.002916,228.0100,238.3000,228.0100,238.3000,216.6400,9255390,2191831407.5200
2025-10-10,sz.002916,231.1500,234.0000,214.9800,216.7900,238.3000,13017189,2871124526.2600
2025-10-13,sz.002916,205.0100,220.0000,205.0100,214.3400,216.7900,8889367,1907448583.0600
2025-10-14,sz.002916,219.0000,219.2200,194.9500,196.6000,214.3400,11766226,2394652634.3400
2025-10-15,sz.002916,196.5100,202.0000,192.2000,202.0000,196.6000,8616874,1704911734.9100
2025-10-16,sz.002916,200.0000,208.0000,198.5000,201.5000,202.0000,7727180,1569092263.2200
2025-10-17,sz.002916,200.8700,201.8800,193.0000,196.3500,201.5000,6832680,1351504216.4100
2025-10-20,sz.002916,199.0000,205.3700,193.2000,194.9700,196.3500,9325901,1860732172.0200
2025-10-21,sz.002916,196.0900,203.9200,191.0000,201.2000,194.9700,8309502,1654991046.9200
2025-10-22,sz.002916,200.8900,207.3800,198.5000,201.9900,201.2000,7272137,1475427171.9500
2025-10-23,sz.002916,201.9700,203.9700,190.3000,193.7100,201.9900,10728896,2074009351.9900
2025-10-24,sz.002916,199.0000,213.0800,197.0000,213.0800,193.7100,12458095,2565475885.2600
2025-10-27,sz.002916,216.9200,223.5600,213.8000,221.0700,213.0800,16309619,3573229590.7700
2025-10-28,sz.002916,218.0300,232.0000,218.0100,224.2500,221.0700,11881857,2660512724.3800
2025-10-29,sz.002916,227.4000,233.1100,220.0000,227.8000,224.2500,8634087,1950588876.5600
2025-10-30,sz.002916,230.0000,243.9100,226.0000,233.4400,227.8000,13554811,3199906945.8600
2025-10-31,sz.002916,231.4400,231.5000,212.9900,214.4800,233.4400,11429720,2504155412.6600
2025-11-03,sz.002916,210.0000,219.6000,206.3600,218.8300,214.4800,12079662,2569639741.5600
2025-11-04,sz.002916,221.4200,233.9900,219.0000,222.8500,218.8300,13250342,2998127350.0600
2025-11-05,sz.002916,213.0000,228.5800,212.8000,226.0000,222.8500,7622148,1680334795.3500
2025-11-06,sz.002916,227.0000,235.0000,223.0000,230.5000,226.0000,8779487,2012872518.8800
2025-11-07,sz.002916,226.1100,227.8900,217.7900,222.7600,230.5000,7754075,1726533984.9600
2025-11-10,sz.002916,224.3800,225.3000,210.0000,218.3100,222.7600,9762793,2109010549.7300
2025-11-11,sz.002916,221.8700,221.8700,211.5000,212.0600,218.3100,5847196,1257439795.1300
2025-11-12,sz.002916,209.0100,213.3200,204.2000,207.6000,212.0600,7543216,1565298999.1600
2025-11-13,sz.002916,205.8800,209.7200,204.0000,207.5000,207.6000,6658833,1378381820.9300
2025-11-14,sz.002916,202.6000,205.9600,198.6800,200.3200,207.5000,6157114,1242958360.4100
2025-11-17,sz.002916,202.0000,206.5800,199.5100,201.1700,200.3200,4768116,967156058.0800
2025-11-18,sz.002916,199.1100,205.8000,199.0000,200.2900,201.1700,5855016,1184203963.9800
2025-11-19,sz.002916,199.0800,203.5000,197.0000,199.9600,200.2900,5228662,1047194992.2100
2025-11-20,sz.002916,207.0000,209.0000,197.0500,197.8800,199.9600,6245483,1251293782.9000
2025-11-21,sz.002916,192.0000,194.8700,188.0000,188.1000,197.8800,7391684,1409155381.0900
2025-11-24,sz.002916,189.6400,192.7600,184.0000,187.4100,188.1000,8079075,1513672049.9000
2025-11-25,sz.002916,191.0000,204.8000,190.9500,200.8800,187.4100,10836915,2168533341.8400
2025-11-26,sz.002916,198.2100,212.8900,196.6600,204.8500,200.8800,10303225,2125523749.8900
2025-11-27,sz.002916,203.6300,208.5000,196.8000,197.8600,204.8500,8571906,1733295151.8600
2025-11-28,sz.002916,196.4600,198.7500,193.5200,195.5500,197.8600,8272427,1617417665.5000
2025-12-01,sz.002916,197.3000,199.6000,191.6000,197.1000,195.5500,6999146,1374982721.2500
2025-12-02,sz.002916,197.1200,199.5000,195.4700,197.5900,197.1000,5051549,996827595.6100
2025-12-03,sz.002916,197.5800,200.9800,193.6000,194.9900,197.5900,6221826,1225972417.4300
2025-12-04,sz.002916,193.5500,195.7500,189.4500,195.3000,194.9900,4488760,866929899.0100
2025-12-05,sz.002916,195.5500,195.5500,182.3600,189.9500,195.3000,13474467,2527246012.8200
2025-12-08,sz.002916,190.6400,198.6000,189.0500,196.3100,189.9500,10471219,2035252224.6400
2025-12-09,sz.002916,197.3000,209.9800,197.0000,205.4900,196.3100,14540558,2960619496.2200
2025-12-10,sz.002916,209.2000,216.8000,202.2000,206.1500,205.4900,14338980,2965787210.6100
2025-12-11,sz.002916,202.2100,203.2200,193.0000,193.7400,206.1500,11410707,2267121077.6500
2025-12-12,sz.002916,193.6300,195.5000,186.6000,192.2800,193.7400,10507105,2008972583.8700
2025-12-15,sz.002916,191.0100,208.7800,190.6000,201.7800,192.2800,16570232,3367398929.5100
2025-12-16,sz.002916,201.8000,210.8800,200.0000,202.3000,201.7800,11364874,2330677476.0700
2025-12-17,sz.002916,203.6400,222.5300,199.8000,222.5300,202.3000,17283123,3662762470.2900
2025-12-18,sz.002916,222.0000,224.0000,215.1500,216.6800,222.5300,12218897,2668496767.6400
2025-12-19,sz.002916,219.0800,219.8800,212.0000,212.7500,216.6800,9531315,2051333508.5800
2025-12-22,sz.002916,223.0000,229.0000,216.0100,226.0000,212.7500,15333667,3423989895.2800
2025-12-23,sz.002916,226.0200,233.5000,223.0000,224.5900,226.0000,9216551,2092951630.9300
2025-12-24,sz.002916,226.0400,232.4300,219.1600,229.2900,224.5900,9891419,2231879246.4600
2025-12-25,sz.002916,227.0000,228.6200,219.5000,224.5000,229.2900,6737111,1502901872.9900
2025-12-26,sz.002916,223.1000,225.2900,219.3700,220.3800,224.5000,5854980,1296793863.0800
2025-12-29,sz.002916,223.5200,239.3900,223.0000,233.4200,220.3800,12727464,2969185132.9900
2025-12-30,sz.002916,234.7000,238.5000,227.6000,233.7500,233.4200,9373193,2189949416.7600
2025-12-31,sz.002916,233.9300,239.3900,229.3000,232.2900,233.7500,6486904,1512531474.0400
