date,code,open,high,low,close,preclose,volume,amount
2019-01-02,sz.000951,11.1400,11.2500,10.9000,10.9200,11.1400,1698637,18681790.9000
2019-01-03,sz.000951,10.9200,11.0400,10.7200,10.7700,10.9200,1929200,20920549.0000
2019-01-04,sz.000951,10.7500,11.0400,10.6400,11.0100,10.7700,1946971,21173977.2800
2019-01-07,sz.000951,11.0700,11.2900,11.0700,11.2600,11.0100,2007587,22525487.5300
2019-01-08,sz.000951,11.2700,11.3400,11.1700,11.2900,11.2600,1765858,19894810.4800
2019-01-09,sz.000951,11.2600,11.6000,11.2600,11.4900,11.2900,2599933,29937988.1200
2019-01-10,sz.000951,11.4100,11.6200,11.4000,11.4400,11.4900,1683227,19358135.1300
2019-01-11,sz.000951,11.5000,11.6200,11.3800,11.6000,11.4400,1883863,21682189.9000
2019-01-14,sz.000951,11.6300,11.7100,11.3800,11.5200,11.6000,1960681,22527618.3700
2019-01-15,sz.000951,11.4100,11.6400,11.4100,11.6000,11.5200,1705442,19731086.9500
2019-01-16,sz.000951,11.7000,11.8400,11.6300,11.6800,11.6000,1408599,16496534.4300
2019-01-17,sz.000951,11.6500,11.9800,11.5900,11.8500,11.6800,3323130,39349772.4500
2019-01-18,sz.000951,11.8000,11.8300,11.5800,11.7300,11.8500,2937146,34237023.3100
2019-01-21,sz.000951,11.6900,12.0200,11.6600,11.8800,11.7300,2557107,30413566.3600
2019-01-22,sz.000951,11.8900,11.9300,11.7300,11.8600,11.8800,1482639,17578006.1200
2019-01-23,sz.000951,11.7800,12.0900,11.7800,12.0000,11.8600,1721218,20633204.0200
2019-01-24,sz.000951,11.9600,12.0500,11.9000,12.0000,12.0000,1531836,18367401.9400
2019-01-25,sz.000951,12.0100,12.2400,11.9800,12.1600,12.0000,2589043,31433524.9900
2019-01-28,sz.000951,12.1900,12.3400,12.0600,12.1700,12.1600,2059360,25113321.6200
2019-01-29,sz.000951,12.1600,12.4900,11.8400,12.3700,12.1700,4126836,50562259.7500
2019-01-30,sz.000951,12.3600,12.3600,12.1500,12.1700,12.3700,1790515,21880955.4800
2019-01-31,sz.000951,12.1700,12.3100,12.1000,12.2600,12.1700,2232565,27283847.7000
2019-02-01,sz.000951,12.4300,12.4300,12.2200,12.3500,12.2600,1920260,23707326.3300
2019-02-11,sz.000951,12.3800,13.0700,12.3800,12.8500,12.3500,4376537,56086775.2200
2019-02-12,sz.000951,12.8500,13.2400,12.7100,13.0700,12.8500,4208372,54852580.7800
2019-02-13,sz.000951,13.0900,13.2800,12.9400,13.0900,13.0700,4213708,55202511.7900
2019-02-14,sz.000951,13.0800,13.3000,13.0200,13.1100,13.0900,2538584,33388854.7200
2019-02-15,sz.000951,13.0400,13.1800,12.7600,12.8900,13.1100,4415961,57041133.0200
2019-02-18,sz.000951,12.9200,13.4500,12.9200,13.4100,12.8900,5001640,66329965.6400
2019-02-19,sz.000951,13.4300,13.5700,13.2600,13.4000,13.4100,3817592,51231856.0800
2019-02-20,sz.000951,13.2800,13.8500,13.2600,13.7600,13.4000,4722196,64497440.7500
2019-02-21,sz.000951,13.7400,13.9800,13.5300,13.7400,13.7600,4115699,56791159.6000
2019-02-22,sz.000951,13.6000,13.8100,13.4200,13.8100,13.7400,3222180,43978011.9400
2019-02-25,sz.000951,13.9600,14.3800,13.7700,14.3300,13.8100,6409766,90530134.5200
2019-02-26,sz.000951,14.3100,14.3200,14.0100,14.1000,14.3300,4489459,63509158.3100
2019-02-27,sz.000951,14.0000,14.2200,13.6000,13.7600,14.1000,6424544,88822848.4200
2019-02-28,sz.000951,13.7600,14.1000,13.7600,14.0000,13.7600,4499992,62916768.3900
2019-03-01,sz.000951,14.1600,14.4100,13.9500,14.3300,14.0000,3976467,56416600.8200
2019-03-04,sz.000951,14.3800,15.0300,14.3800,14.5800,14.3300,8795908,129910474.2700
2019-03-05,sz.000951,14.8000,15.4800,14.6200,15.3200,14.5800,7169264,107902280.0800
2019-03-06,sz.000951,15.3300,15.3800,14.9100,15.2300,15.3200,7466261,112681511.6600
2019-03-07,sz.000951,15.1700,15.4900,14.9700,15.4900,15.2300,6589594,100604929.8500
2019-03-08,sz.000951,15.2800,15.9300,14.8000,15.7300,15.4900,10151242,156810043.3800
2019-03-11,sz.000951,15.7000,15.8700,15.1600,15.5500,15.7300,7728895,119392854.1700
2019-03-12,sz.000951,15.5500,16.0000,15.0900,15.6800,15.5500,7567067,118277239.7000
2019-03-13,sz.000951,15.6000,15.6700,15.2600,15.3400,15.6800,4315482,66881041.0800
2019-03-14,sz.000951,15.1700,15.6800,14.6800,15.0600,15.3400,5583574,84435314.8700
2019-03-15,sz.000951,15.4000,16.1500,15.1200,15.9600,15.0600,6545441,103269253.2700
2019-03-18,sz.000951,16.0500,17.0200,16.0500,16.9900,15.9600,8380452,140045934.1600
2019-03-19,sz.000951,16.9900,18.1000,16.9500,18.0900,16.9900,9884262,175965934.0700
2019-03-20,sz.000951,18.0800,18.7100,17.7800,18.4400,18.0900,12414083,227163023.4700
2019-03-21,sz.000951,18.8000,20.2800,18.4700,20.2700,18.4400,16170205,320234819.4100
2019-03-22,sz.000951,19.9000,20.2500,19.1900,19.8000,20.2700,11081891,218513750.4900
2019-03-25,sz.000951,19.2800,19.5800,18.7700,18.7700,19.8000,7824751,149775262.6900
2019-03-26,sz.000951,18.9600,19.4900,18.4700,18.9700,18.7700,6749321,127120502.8300
2019-03-27,sz.000951,19.2800,19.6800,18.4000,19.2800,18.9700,8884487,170270364.5800
2019-03-28,sz.000951,18.5000,18.8800,17.3500,17.8800,19.2800,13941086,250802709.5300
2019-03-29,sz.000951,17.4700,18.1100,17.4700,17.9300,17.8800,6598756,118286014.7600
2019-04-01,sz.000951,18.3500,19.2100,18.1400,18.2800,17.9300,11180887,207338016.1500
2019-04-02,sz.000951,18.4700,18.6500,18.1000,18.2800,18.2800,8301730,152354859.9500
2019-04-03,sz.000951,18.3500,18.3500,17.8800,18.1600,18.2800,6501010,117678801.6100
2019-04-04,sz.000951,18.3000,18.6000,18.1900,18.2700,18.1600,8499967,156243156.1800
2019-04-08,sz.000951,18.2700,20.1000,18.2700,20.1000,18.2700,17597469,343353531.1600
2019-04-09,sz.000951,20.2700,21.3000,19.4000,20.6000,20.1000,14074650,283506969.9600
2019-04-10,sz.000951,21.5000,22.6000,21.4300,22.2100,20.6000,20390783,448355923.8200
2019-04-11,sz.000951,22.3000,23.6800,20.7700,21.4000,22.2100,18226651,399260279.3600
2019-04-12,sz.000951,21.6000,21.6000,20.1000,20.1200,21.4000,11788300,242643639.1900
2019-04-15,sz.000951,20.7000,21.5400,19.7700,19.9600,20.1200,13394284,275849174.3000
2019-04-16,sz.000951,20.0100,20.3100,19.4000,20.0600,19.9600,11944053,237209467.4200
2019-04-17,sz.000951,20.0000,21.5000,19.8800,20.3900,20.0600,16164891,332518498.5600
2019-04-18,sz.000951,20.4000,20.9600,19.7000,19.8400,20.3900,12973172,261662343.9200
2019-04-19,sz.000951,20.0000,20.4700,19.7100,20.4100,19.8400,8316671,168141427.9300
2019-04-22,sz.000951,20.2800,20.3200,18.7300,19.0900,20.4100,12117779,237249128.8700
2019-04-23,sz.000951,19.2500,19.5500,18.7500,19.1400,19.0900,10408511,199702273.1600
2019-04-24,sz.000951,19.4300,19.4800,18.9000,19.3800,19.1400,6397123,123365899.6200
2019-04-25,sz.000951,19.3700,19.3700,18.5100,18.6000,19.3800,6755148,128182865.5100
2019-04-26,sz.000951,18.5500,18.9700,18.2100,18.3700,18.6000,6197690,115149546.7500
2019-04-29,sz.000951,18.6400,19.3000,18.4200,18.9900,18.3700,8362706,157972592.5100
2019-04-30,sz.000951,19.0900,19.1800,18.5200,18.8500,18.9900,5700236,106918234.7600
2019-05-06,sz.000951,18.3000,18.3000,17.0300,17.4200,18.8500,8731422,153643625.3200
2019-05-07,sz.000951,17.6000,18.7300,17.5100,18.6600,17.4200,9505852,173410562.7700
2019-05-08,sz.000951,18.4500,19.1000,18.0800,18.2800,18.6600,8414176,156543663.4700
2019-05-09,sz.000951,17.9700,18.4500,17.6500,17.9700,18.2800,4847809,87243855.1600
2019-05-10,sz.000951,18.0300,19.1300,17.8500,19.0400,17.9700,7154770,133285516.4700
2019-05-13,sz.000951,18.6800,19.5800,18.5000,19.1900,19.0400,6881998,131970796.2500
2019-05-14,sz.000951,18.7300,19.5400,18.6700,19.2500,19.1900,6209541,118826359.5100
2019-05-15,sz.000951,19.3500,19.9000,19.1000,19.8700,19.2500,6289481,122732086.1200
2019-05-16,sz.000951,19.8500,20.2200,19.7000,19.9200,19.8700,5431475,108366019.6600
2019-05-17,sz.000951,19.6700,19.9600,19.0500,19.2600,19.9200,5147597,100259495.8500
2019-05-20,sz.000951,19.2600,19.4500,18.1200,18.8000,19.2600,6378886,120412628.2700
2019-05-21,sz.000951,19.0400,19.9500,19.0400,19.4400,18.8000,7790403,152070544.1700
2019-05-22,sz.000951,19.4800,19.7200,19.0700,19.3300,19.4400,5380977,104441633.4400
2019-05-23,sz.000951,19.0800,20.0300,19.0800,19.5400,19.3300,7227994,142226301.6300
2019-05-24,sz.000951,19.2500,20.0000,19.0300,19.8800,19.5400,7192373,140345848.7900
2019-05-27,sz.000951,19.9600,20.1800,19.5000,20.0300,19.8800,7272303,144342484.3200
2019-05-28,sz.000951,20.0500,20.6000,19.8600,20.1500,20.0300,7844965,159277072.7500
2019-05-29,sz.000951,20.0000,20.1900,19.7800,19.9000,20.1500,3647983,72737421.6600
2019-05-30,sz.000951,19.8500,19.8500,19.3300,19.4900,19.9000,4365073,85283294.0000
2019-05-31,sz.000951,19.6100,19.9400,19.4400,19.4500,19.4900,3742640,73597381.5300
2019-06-03,sz.000951,19.2100,19.7400,17.7800,18.1600,19.4500,9846745,182463642.6200
2019-06-04,sz.000951,18.3900,18.3900,17.2800,17.4600,18.1600,8417255,148695089.9200
2019-06-05,sz.000951,17.6500,17.7800,16.1000,16.2400,17.4600,15693785,260195558.0700
2019-06-06,sz.000951,16.5900,16.6700,15.9700,16.0800,16.2400,8331816,135802234.4600
2019-06-10,sz.000951,16.1500,16.3600,15.9500,16.0000,16.0800,8027171,129788745.1800
2019-06-11,sz.000951,16.2800,17.3300,16.2800,17.2200,16.0000,11001060,185964705.2900
2019-06-12,sz.000951,17.1300,17.3800,16.9200,16.9800,17.2200,5308922,90718350.7200
2019-06-13,sz.000951,16.8200,17.1500,16.6500,16.9900,16.9800,4209789,71294774.0100
2019-06-14,sz.000951,16.9700,17.1500,16.4700,16.4700,16.9900,4275212,71537408.8700
2019-06-17,sz.000951,16.4400,16.7300,16.0000,16.5900,16.4700,6863328,112779658.4000
2019-06-18,sz.000951,16.6900,16.6900,16.1100,16.2500,16.5900,3781744,61617883.8400
2019-06-19,sz.000951,16.6100,16.8200,16.1100,16.2500,16.2500,8261747,135768017.8700
2019-06-20,sz.000951,16.2600,16.7200,16.0500,16.4700,16.2500,10345569,169844863.3300
2019-06-21,sz.000951,16.4300,16.7700,16.3500,16.5200,16.4700,9543374,157892491.4700
2019-06-24,sz.000951,16.5000,16.9500,16.4800,16.8100,16.5200,8844796,148092937.3000
2019-06-25,sz.000951,16.7000,16.7000,16.2000,16.4700,16.8100,6654263,109165753.5400
2019-06-26,sz.000951,16.4400,16.5600,16.2600,16.5000,16.4700,4268135,70149920.7600
2019-06-27,sz.000951,16.4900,16.6800,16.3000,16.5400,16.5000,5448744,89887579.5700
2019-06-28,sz.000951,16.0300,16.1600,15.9700,16.0500,16.0800,3262102,52394773.9400
2019-07-01,sz.000951,16.2600,16.3800,15.9100,16.3700,16.0500,9646187,155884559.3400
2019-07-02,sz.000951,16.1800,16.3200,15.9000,16.1400,16.3700,10100654,162259827.5400
2019-07-03,sz.000951,16.1000,16.1100,15.3600,15.9000,16.1400,10832340,170204137.6600
2019-07-04,sz.000951,15.8000,16.3500,15.7200,16.2400,15.9000,9412761,152067534.9700
2019-07-05,sz.000951,16.1900,16.6400,16.1500,16.5700,16.2400,7818840,128529241.3600
2019-07-08,sz.000951,16.6000,16.7000,15.8500,15.8800,16.5700,6706177,108164040.1600
2019-07-09,sz.000951,15.8400,16.3500,15.8300,16.3300,15.8800,5873840,94920983.0000
2019-07-10,sz.000951,16.3500,16.3900,16.0800,16.1600,16.3300,3939340,63697267.0000
2019-07-11,sz.000951,16.1600,16.3000,16.0500,16.1400,16.1600,3152393,50917048.1300
2019-07-12,sz.000951,16.1300,16.4600,16.0000,16.2700,16.1400,4374864,71303979.3800
2019-07-15,sz.000951,16.3800,16.7200,16.1200,16.6600,16.2700,6480020,106941584.4400
2019-07-16,sz.000951,16.6700,16.6900,16.3300,16.4000,16.6600,4122012,67826399.9200
2019-07-17,sz.000951,16.4100,16.9100,16.3000,16.8300,16.4000,6584740,110154497.7300
2019-07-18,sz.000951,16.7300,16.7300,16.3600,16.4600,16.8300,4562900,75257805.6200
2019-07-19,sz.000951,16.3900,16.6000,16.3500,16.5300,16.4600,4782077,78744155.9900
2019-07-22,sz.000951,16.3900,16.5500,16.0300,16.1900,16.5300,4815822,77848055.2700
2019-07-23,sz.000951,16.0800,16.5400,16.0800,16.4200,16.1900,3893509,63566063.2400
2019-07-24,sz.000951,16.5000,16.6800,16.4400,16.5300,16.4200,3518020,58296559.3500
2019-07-25,sz.000951,16.5500,17.0600,16.4200,16.7500,16.5300,4746811,79766749.0900
2019-07-26,sz.000951,16.7900,16.8000,16.4300,16.5600,16.7500,3968630,65709299.9800
2019-07-29,sz.000951,16.5200,16.5900,16.2000,16.3900,16.5600,4253633,69390652.4400
2019-07-30,sz.000951,16.3800,16.4900,16.2800,16.4300,16.3900,2874961,47220747.6000
2019-07-31,sz.000951,16.2900,16.4600,16.2900,16.3600,16.4300,2430361,39724283.9700
2019-08-01,sz.000951,16.3000,16.3500,15.8300,15.9000,16.3600,5386303,86336116.2700
2019-08-02,sz.000951,15.5000,15.8600,15.3800,15.8000,15.9000,3291299,51621341.4900
2019-08-05,sz.000951,15.4000,15.7800,15.1000,15.1200,15.8000,5153840,78662345.7200
2019-08-06,sz.000951,15.0000,15.0000,13.8300,14.6400,15.1200,4861029,70706689.0800
2019-08-07,sz.000951,14.6800,14.9400,14.6500,14.6900,14.6400,2742009,40475428.9500
2019-08-08,sz.000951,14.7500,14.9300,14.5000,14.7700,14.6900,2336546,34490684.1900
2019-08-09,sz.000951,14.7600,14.8700,14.4000,14.4000,14.7700,2067393,30182435.3700
2019-08-12,sz.000951,14.4900,14.9300,14.3900,14.8800,14.4000,3025767,44635239.4100
2019-08-13,sz.000951,14.7000,14.9500,14.2700,14.4300,14.8800,4447740,64441790.3200
2019-08-14,sz.000951,14.6300,14.9500,14.6300,14.7100,14.4300,4174922,61860527.6000
2019-08-15,sz.000951,14.4000,14.6000,14.2200,14.5400,14.7100,4379690,63039998.8800
2019-08-16,sz.000951,14.6100,14.8100,14.4500,14.5400,14.5400,3088863,45173879.0600
2019-08-19,sz.000951,14.5800,14.8900,14.5600,14.8600,14.5400,5989352,88468725.9500
2019-08-20,sz.000951,14.8700,15.0900,14.6600,14.7400,14.8600,5011747,74330062.1500
2019-08-21,sz.000951,14.7600,15.1000,14.7500,14.8700,14.7400,5392085,80437673.6300
2019-08-22,sz.000951,14.9700,15.0400,14.5200,14.7400,14.8700,4227561,62079794.4600
2019-08-23,sz.000951,14.6000,14.8000,14.6000,14.6200,14.7400,3223763,47288025.6400
2019-08-26,sz.000951,14.3000,14.5900,14.2000,14.4500,14.6200,3549310,51117773.0700
2019-08-27,sz.000951,14.5900,15.2400,14.5900,15.0400,14.4500,6337382,95029214.6500
2019-08-28,sz.000951,15.0400,15.5000,15.0200,15.0500,15.0400,5072108,77068157.8400
2019-08-29,sz.000951,15.0300,15.2200,14.9500,14.9800,15.0500,3042322,45742640.5400
2019-08-30,sz.000951,15.0900,15.1500,14.8400,15.1200,14.9800,4238420,63722389.6400
2019-09-02,sz.000951,15.4500,15.5700,15.0300,15.2900,15.1200,6973452,106254730.2300
2019-09-03,sz.000951,15.3000,15.3900,14.8200,14.9800,15.2900,8228050,123470456.1600
2019-09-04,sz.000951,14.8600,15.0300,14.8200,15.0200,14.9800,6445355,96207668.0300
2019-09-05,sz.000951,15.1100,16.3800,15.1100,15.6300,15.0200,15533639,244294357.4900
2019-09-06,sz.000951,15.6300,15.9600,15.5200,15.7500,15.6300,11622573,182446802.4800
2019-09-09,sz.000951,15.8000,16.0600,15.7500,15.9500,15.7500,10239105,162749762.7900
2019-09-10,sz.000951,16.0000,16.0300,15.6600,15.7000,15.9500,7543961,118879641.4900
2019-09-11,sz.000951,15.7700,15.8100,15.4100,15.4900,15.7000,7163896,111268575.3900
2019-09-12,sz.000951,15.5700,15.7600,15.4600,15.6300,15.4900,6868759,107107677.2200
2019-09-16,sz.000951,15.7000,15.8800,15.5000,15.5900,15.6300,7066909,111039135.9200
2019-09-17,sz.000951,15.5700,15.5700,15.2100,15.2500,15.5900,5710029,87374456.7700
2019-09-18,sz.000951,15.2800,15.3600,15.1900,15.2900,15.2500,3487513,53267770.9700
2019-09-19,sz.000951,15.3100,15.3100,15.0900,15.2400,15.2900,3410525,51716971.0700
2019-09-20,sz.000951,15.2000,15.3200,15.1200,15.2900,15.2400,3041501,46279694.4500
2019-09-23,sz.000951,15.2900,15.2900,14.8500,14.9100,15.2900,4223768,63192432.4100
2019-09-24,sz.000951,14.9100,15.0300,14.8300,14.8900,14.9100,2838596,42419545.2000
2019-09-25,sz.000951,14.8900,14.8900,14.6900,14.7200,14.8900,2621417,38668894.1100
2019-09-26,sz.000951,14.8500,14.8700,14.3200,14.3800,14.7200,3497398,50840031.1100
2019-09-27,sz.000951,14.3700,14.7000,14.3700,14.6700,14.3800,3270762,47750586.3600
2019-09-30,sz.000951,15.0000,15.0000,14.6100,14.6500,14.6700,2757674,40690199.9600
2019-10-08,sz.000951,14.5300,14.8200,14.5300,14.6100,14.6500,2706119,39766378.4300
2019-10-09,sz.000951,14.6800,14.9400,14.5500,14.8600,14.6100,4613374,68026492.4200
2019-10-10,sz.000951,14.8200,14.9500,14.7000,14.8700,14.8600,3737347,55448380.2300
2019-10-11,sz.000951,15.3000,15.4900,15.2100,15.3100,14.8700,9830982,150618900.2200
2019-10-14,sz.000951,15.5500,16.7300,15.5500,16.4300,15.3100,19444639,314992338.4200
2019-10-15,sz.000951,16.4400,16.7800,16.1100,16.4900,16.4300,12383582,203233934.1100
2019-10-16,sz.000951,16.6000,16.9500,16.3600,16.4500,16.4900,10153711,168404938.0300
2019-10-17,sz.000951,16.4800,17.0200,16.4800,16.5900,16.4500,8233046,137558075.7800
2019-10-18,sz.000951,16.9100,16.9100,16.1100,16.1600,16.5900,8699655,142016249.1900
2019-10-21,sz.000951,16.1500,16.3500,15.5800,16.0500,16.1600,8275212,132165759.3400
2019-10-22,sz.000951,16.0800,16.1700,15.5900,15.8300,16.0500,6800632,107133161.7500
2019-10-23,sz.000951,15.7800,15.8600,15.3500,15.4700,15.8300,7278628,112884897.3700
2019-10-24,sz.000951,15.4700,15.8700,15.3100,15.8600,15.4700,7684767,119360806.9800
2019-10-25,sz.000951,15.6900,16.6100,15.5500,16.5900,15.8600,14613658,238459570.4100
2019-10-28,sz.000951,16.3000,16.3700,15.5100,16.2100,16.5900,15331453,244194156.7300
2019-10-29,sz.000951,15.9200,16.5300,15.8100,16.3400,16.2100,8457101,137641735.8200
2019-10-30,sz.000951,16.3200,16.9400,16.0500,16.9000,16.3400,9594584,159812080.2200
2019-10-31,sz.000951,17.0900,17.9000,16.6600,17.2600,16.9000,17018148,296059656.6700
2019-11-01,sz.000951,17.3100,18.4500,17.2700,18.3700,17.2600,14219753,255443480.9900
2019-11-04,sz.000951,18.4300,18.9600,18.0300,18.6100,18.3700,13109835,243411042.0900
2019-11-05,sz.000951,18.5800,20.0100,18.4300,19.4100,18.6100,10784576,209165522.9000
2019-11-06,sz.000951,19.5500,19.7000,18.7200,18.8500,19.4100,10131268,192593706.3400
2019-11-07,sz.000951,18.8200,19.1900,18.6300,18.8400,18.8500,6700075,126549298.2900
2019-11-08,sz.000951,18.9800,19.7700,18.7300,19.1000,18.8400,9009965,173855183.1900
2019-11-11,sz.000951,18.8500,19.3800,18.7100,18.7200,19.1000,8586673,162956198.9600
2019-11-12,sz.000951,18.7100,18.9800,18.4200,18.7400,18.7200,6440689,120292594.1800
2019-11-13,sz.000951,18.8600,18.8600,18.1800,18.4400,18.7400,6095604,111998214.0300
2019-11-14,sz.000951,18.6000,18.7700,18.2100,18.5000,18.4400,5612187,103615064.0600
2019-11-15,sz.000951,18.3500,18.5300,18.0100,18.1400,18.5000,3925149,71714320.5700
2019-11-18,sz.000951,17.9300,18.8700,17.9000,18.5000,18.1400,9484263,175186991.3700
2019-11-19,sz.000951,18.5500,18.6200,18.1100,18.6100,18.5000,6512971,119890668.7900
2019-11-20,sz.000951,18.5600,18.7500,18.0900,18.2000,18.6100,6359073,116950266.1500
2019-11-21,sz.000951,18.0900,18.2800,17.8100,18.2500,18.2000,5381512,97073767.5000
2019-11-22,sz.000951,18.1200,18.5500,17.9500,18.2000,18.2500,6119627,111550279.9100
2019-11-25,sz.000951,18.0400,19.4700,18.0400,19.2800,18.2000,10922647,208095810.4300
2019-11-26,sz.000951,19.2700,20.0000,19.0100,20.0000,19.2800,10959147,214248668.2600
2019-11-27,sz.000951,19.9400,20.3800,19.3300,19.6900,20.0000,7858279,155381225.4400
2019-11-28,sz.000951,19.7000,19.8000,19.2200,19.3200,19.6900,5565145,108220833.0100
2019-11-29,sz.000951,19.5900,19.6500,18.8600,18.9400,19.3200,5699331,108824233.9000
2019-12-02,sz.000951,18.9000,20.7000,18.9000,20.6000,18.9400,11775221,235830025.1000
2019-12-03,sz.000951,20.3800,20.6300,20.1700,20.4500,20.6000,6086351,123918476.9300
2019-12-04,sz.000951,20.4000,20.6100,19.9200,20.1000,20.4500,6614889,133304911.1900
2019-12-05,sz.000951,20.2200,21.4000,20.2200,21.0300,20.1000,8797554,184654812.5100
2019-12-06,sz.000951,20.8800,21.8000,20.5800,21.0300,21.0300,8567660,180453853.4500
2019-12-09,sz.000951,21.0300,22.2300,20.7800,21.5300,21.0300,8969535,193282849.2800
2019-12-10,sz.000951,21.5000,22.0600,20.9700,21.2700,21.5300,8091526,172792837.7600
2019-12-11,sz.000951,21.3000,21.9000,21.1000,21.2200,21.2700,7916736,169940298.9700
2019-12-12,sz.000951,21.3200,21.4300,20.8100,21.1800,21.2200,5647890,119468790.3500
2019-12-13,sz.000951,21.3100,21.6000,20.9000,21.4000,21.1800,5831243,124071530.4500
2019-12-16,sz.000951,21.3900,22.2800,21.2600,22.0800,21.4000,6422253,140826826.4400
2019-12-17,sz.000951,22.0200,22.5800,21.7000,22.2600,22.0800,7309397,161762687.5600
2019-12-18,sz.000951,22.1600,22.2500,21.3300,21.4100,22.2600,6981458,151298514.1100
2019-12-19,sz.000951,21.3600,21.4000,20.9200,21.1200,21.4100,5295524,111807946.7800
2019-12-20,sz.000951,21.1200,21.4700,20.9400,20.9400,21.1200,4300093,91253178.4800
2019-12-23,sz.000951,21.1400,22.2600,21.1400,21.6500,20.9400,7454279,162661747.1200
2019-12-24,sz.000951,21.7900,22.5700,21.6500,22.3800,21.6500,6555988,145777518.9600
2019-12-25,sz.000951,22.7800,23.1400,22.1000,22.9000,22.3800,7156243,162651232.4700
2019-12-26,sz.000951,23.0700,23.2400,22.3100,22.5900,22.9000,5392792,122649873.9400
2019-12-27,sz.000951,22.5200,22.8800,22.1200,22.1900,22.5900,4761791,106759336.1500
2019-12-30,sz.000951,22.2500,22.7000,22.1600,22.6100,22.1900,5312827,119385300.5400
2019-12-31,sz.000951,22.5900,22.8100,22.1300,22.5000,22.6100,5495326,123527794.0500
2020-01-02,sz.000951,22.7500,23.5500,22.7500,22.9400,22.5000,6349059,146576879.7100
2020-01-03,sz.000951,22.9300,23.1600,22.6200,22.9900,22.9400,3429653,78439093.2400
2020-01-06,sz.000951,22.6500,22.9800,21.0000,22.0000,22.9900,12847408,283393862.7700
2020-01-07,sz.000951,21.9100,22.3700,21.5000,21.7300,22.0000,8793249,192499780.5400
2020-01-08,sz.000951,21.5500,21.9800,21.1000,21.2800,21.7300,9166818,196933883.7700
2020-01-09,sz.000951,21.5000,21.8600,21.1300,21.5100,21.2800,4708283,100946254.6000
2020-01-10,sz.000951,21.5500,21.9300,21.4900,21.6200,21.5100,4262934,92369811.6000
2020-01-13,sz.000951,21.6000,21.8200,21.1500,21.6800,21.6200,5109317,109791246.0700
2020-01-14,sz.000951,21.6900,21.7900,21.0100,21.0900,21.6800,6868944,146016464.4000
2020-01-15,sz.000951,20.9600,21.3000,20.7600,21.0800,21.0900,4435650,93182723.0100
2020-01-16,sz.000951,21.2500,21.4700,20.8800,20.9800,21.0800,4011376,84948274.5500
2020-01-17,sz.000951,21.1600,21.3800,20.8700,21.0000,20.9800,4056333,85622460.2500
2020-01-20,sz.000951,21.0000,21.2500,20.6500,20.8000,21.0000,4451544,92947054.8800
2020-01-21,sz.000951,20.9900,21.0600,20.0200,20.1500,20.8000,6427515,130864343.5200
2020-01-22,sz.000951,20.0400,20.6000,20.0400,20.2800,20.1500,5586886,113724921.1700
2020-01-23,sz.000951,20.1800,20.3700,18.2500,19.1300,20.2800,8520783,165976645.0400
2020-02-03,sz.000951,17.2200,17.6500,17.2200,17.2200,19.1300,2736998,47184428.2900
2020-02-04,sz.000951,17.0000,17.5500,16.7000,17.4100,17.2200,11867396,203909785.7100
2020-02-05,sz.000951,17.4200,18.3400,17.4200,17.8600,17.4100,7951917,142727480.6900
2020-02-06,sz.000951,18.0900,18.1800,17.5900,17.9800,17.8600,7822434,140138947.4900
2020-02-07,sz.000951,17.9900,17.9900,17.4000,17.5000,17.9800,9146338,160652359.8500
2020-02-10,sz.000951,17.4800,18.8500,17.4200,18.5500,17.5000,10277568,187574605.0000
2020-02-11,sz.000951,18.6000,19.6400,18.5500,19.2700,18.5500,13902035,267723827.1800
2020-02-12,sz.000951,19.2000,19.2400,18.8800,19.1400,19.2700,7398578,140760166.7800
2020-02-13,sz.000951,19.3000,20.1100,19.1500,19.8200,19.1400,10887822,215120868.5800
2020-02-14,sz.000951,19.6600,19.9500,19.4200,19.6500,19.8200,6091265,119389768.2700
2020-02-17,sz.000951,19.6600,20.1000,19.6000,19.8800,19.6500,7356748,146116855.4000
2020-02-18,sz.000951,20.0800,20.1400,19.5100,19.7600,19.8800,5921130,117296403.8500
2020-02-19,sz.000951,19.4700,19.9300,19.4400,19.5100,19.7600,4498052,88367293.3500
2020-02-20,sz.000951,19.4900,19.8200,19.3500,19.7200,19.5100,6344296,124429165.5200
2020-02-21,sz.000951,19.8600,20.1400,19.4400,19.8200,19.7200,9782323,192866390.8200
2020-02-24,sz.000951,19.6900,19.7300,19.2400,19.5800,19.8200,8347325,162819680.7100
2020-02-25,sz.000951,19.1700,19.3500,18.3000,19.1500,19.5800,11844491,223914960.7000
2020-02-26,sz.000951,18.7700,19.7500,18.6800,19.0600,19.1500,9630269,185850670.5600
2020-02-27,sz.000951,19.1800,20.4500,19.0200,19.8200,19.0600,13739452,274084056.3400
2020-02-28,sz.000951,19.3200,19.7600,18.5500,18.6300,19.8200,14317915,271592137.1800
2020-03-02,sz.000951,18.6100,20.4900,18.6100,20.3300,18.6300,13743399,274963039.4100
2020-03-03,sz.000951,20.3500,21.3000,19.4300,19.6800,20.3300,18574936,372894734.0200
2020-03-04,sz.000951,19.4500,20.6500,19.4500,20.6300,19.6800,14780449,299316339.2700
2020-03-05,sz.000951,20.8000,21.1600,20.3800,20.6700,20.6300,10749339,222197361.1100
2020-03-06,sz.000951,20.4800,20.6200,20.0000,20.0900,20.6700,8193985,165570001.1000
2020-03-09,sz.000951,19.8000,20.2600,19.5000,19.6100,20.0900,6597168,130671982.4000
2020-03-10,sz.000951,19.4100,20.2600,19.1100,20.0600,19.6100,7439731,146584103.1400
2020-03-11,sz.000951,20.0700,20.1400,19.4000,19.4100,20.0600,4872576,96007098.5400
2020-03-12,sz.000951,19.2000,19.3700,18.4700,18.6700,19.4100,5637561,106455866.6800
2020-03-13,sz.000951,17.4000,18.8800,17.4000,18.6200,18.6700,5332920,97328872.4800
2020-03-16,sz.000951,18.6900,18.9400,17.4500,17.5800,18.6200,6272530,113598454.4800
2020-03-17,sz.000951,17.6500,17.9500,16.3500,17.2900,17.5800,4724148,80992028.1300
2020-03-18,sz.000951,17.5000,18.0800,17.3100,17.3500,17.2900,4896286,86531721.1800
2020-03-19,sz.000951,16.9900,17.7500,16.7300,17.1700,17.3500,3736421,64063876.0300
2020-03-20,sz.000951,17.4200,18.1800,17.2900,18.0300,17.1700,5829115,103989374.2400
2020-03-23,sz.000951,17.6200,18.4500,17.6200,17.9500,18.0300,4453203,80787478.4800
2020-03-24,sz.000951,18.2200,19.1100,18.1700,19.0600,17.9500,7686848,144084303.7200
2020-03-25,sz.000951,20.4000,20.4600,19.3100,19.4900,19.0600,6935997,136395755.6900
2020-03-26,sz.000951,19.4800,20.0600,19.3000,19.8000,19.4900,7731170,153065545.1100
2020-03-27,sz.000951,19.9800,20.4500,19.7200,20.2000,19.8000,8724176,175998128.1800
2020-03-30,sz.000951,20.0500,20.6400,19.8300,20.0600,20.2000,10524725,213601318.0000
2020-03-31,sz.000951,20.0600,20.3800,19.7300,20.2300,20.0600,6541469,131274747.1700
2020-04-01,sz.000951,20.8800,21.9800,20.8800,21.1500,20.2300,16489852,353014681.1100
2020-04-02,sz.000951,21.2800,21.6200,20.8500,21.4900,21.1500,10121450,215684460.1500
2020-04-03,sz.000951,21.4000,22.3600,21.3400,21.9100,21.4900,11789041,258432478.8600
2020-04-07,sz.000951,22.1100,23.2900,22.0200,23.0000,21.9100,9284749,211380119.8600
2020-04-08,sz.000951,22.8400,23.4600,22.7800,23.3800,23.0000,7001653,162289000.0400
2020-04-09,sz.000951,23.6000,23.7500,22.7600,23.3900,23.3800,7166710,166668757.6800
2020-04-10,sz.000951,23.2800,24.5000,23.0500,23.7300,23.3900,9019858,214914266.2100
2020-04-13,sz.000951,23.6000,24.9500,23.6000,24.7000,23.7300,7333009,178591680.6600
2020-04-14,sz.000951,24.8700,24.8700,23.5000,24.2900,24.7000,8417622,202412927.8400
2020-04-15,sz.000951,23.8300,24.4700,23.2300,23.3100,24.2900,9913330,233519399.0500
2020-04-16,sz.000951,23.1700,23.5800,23.0300,23.3600,23.3100,5750295,134230732.5800
2020-04-17,sz.000951,23.5300,23.8900,23.0200,23.2000,23.3600,5842667,136324098.9700
2020-04-20,sz.000951,23.4300,24.4500,23.3000,24.1000,23.2000,6887150,165385549.3500
2020-04-21,sz.000951,23.7500,23.9700,23.2000,23.6800,24.1000,4067335,96153601.7700
2020-04-22,sz.000951,23.8900,23.9500,23.1500,23.4800,23.6800,6816980,159700762.9200
2020-04-23,sz.000951,23.5300,23.7200,22.8800,23.3200,23.4800,6845774,159210396.0200
2020-04-24,sz.000951,23.5500,24.1600,22.9600,23.2000,23.3200,4860516,114114553.2700
2020-04-27,sz.000951,23.2200,23.6000,23.0700,23.3000,23.2000,3011507,70253929.2700
2020-04-28,sz.000951,23.3600,24.2500,23.2300,23.7500,23.3000,5533864,131718250.0900
2020-04-29,sz.000951,23.7500,23.8000,22.6800,23.6000,23.7500,6647934,154219871.9800
2020-04-30,sz.000951,23.5300,24.8500,23.3600,24.6500,23.6000,8755473,212498529.7600
2020-05-06,sz.000951,24.5000,26.2000,24.5000,26.1600,24.6500,10646237,271585473.1500
2020-05-07,sz.000951,25.8500,25.9400,25.2800,25.4700,26.1600,6483015,165358071.6000
2020-05-08,sz.000951,25.4700,25.7700,25.2800,25.7100,25.4700,3983021,101983901.1000
2020-05-11,sz.000951,25.8800,26.0700,25.3800,25.9100,25.7100,3979007,102242211.2400
2020-05-12,sz.000951,26.2600,26.6400,25.0500,25.3600,25.9100,8400327,215687804.9600
2020-05-13,sz.000951,25.1400,25.6300,24.9800,25.4000,25.3600,4288367,108380332.6900
2020-05-14,sz.000951,25.4000,25.4300,24.6100,24.8400,25.4000,4379612,109255073.1700
2020-05-15,sz.000951,24.9100,25.1600,24.3900,24.5900,24.8400,3970127,97824921.4600
2020-05-18,sz.000951,24.5500,25.2400,24.4600,24.8500,24.5900,3871099,96563405.9000
2020-05-19,sz.000951,24.9300,25.0900,24.2300,24.4200,24.8500,6916395,169489470.9100
2020-05-20,sz.000951,24.5000,24.6000,23.8000,24.0600,24.4200,7265775,174688454.4800
2020-05-21,sz.000951,24.3600,24.7900,23.5800,23.7600,24.0600,4453042,106984257.0400
2020-05-22,sz.000951,23.7000,24.0400,23.2200,23.8700,23.7600,5112327,120891426.3100
2020-05-25,sz.000951,23.8700,24.0700,22.8000,23.7200,23.8700,8619218,202907101.0000
2020-05-26,sz.000951,24.0000,24.2200,23.3100,24.1000,23.7200,6137584,146377041.2100
2020-05-27,sz.000951,24.2100,24.7800,23.8800,24.2500,24.1000,6125861,149328106.7700
2020-05-28,sz.000951,24.4000,25.9800,24.0800,25.9800,24.2500,9408156,239094073.0300
2020-05-29,sz.000951,25.8100,25.9500,24.9000,25.4400,25.9800,7561928,192315408.4700
2020-06-01,sz.000951,25.7000,27.9800,25.6900,27.9800,25.4400,13192864,363664117.7000
2020-06-02,sz.000951,27.8600,28.7100,27.5100,27.8000,27.9800,10759397,300382640.3100
2020-06-03,sz.000951,28.2000,28.7300,27.7900,28.0500,27.8000,7044864,198112801.8100
2020-06-04,sz.000951,27.6500,28.0900,27.3000,27.6400,28.0500,3434058,94637779.1600
2020-06-05,sz.000951,27.5900,27.9000,27.0700,27.4600,27.6400,4123530,112627897.5900
2020-06-08,sz.000951,27.8200,28.0000,27.2100,27.9200,27.4600,4791803,132417032.5800
2020-06-09,sz.000951,27.5600,28.0100,27.0300,27.7200,27.9200,5837001,161178379.2900
2020-06-10,sz.000951,27.5900,29.4000,27.5300,28.9800,27.7200,7442955,214294755.2700
2020-06-11,sz.000951,28.9000,29.2600,28.3700,28.6100,28.9800,4110043,118548441.3300
2020-06-12,sz.000951,28.0100,29.2300,27.8000,29.1500,28.6100,4269019,122445524.4500
2020-06-15,sz.000951,29.2500,30.1800,28.9000,29.9000,29.1500,5431777,161765176.8700
2020-06-16,sz.000951,29.9000,30.3600,29.5500,29.8500,29.9000,3418519,102399308.6200
2020-06-17,sz.000951,29.8600,30.1100,29.2500,29.8300,29.8500,2783582,82554670.9500
2020-06-18,sz.000951,29.7100,30.2000,29.4400,29.7800,29.8300,3607074,107452352.4300
2020-06-19,sz.000951,29.7900,30.8600,29.6000,30.2900,29.7800,5138078,155895647.4400
2020-06-22,sz.000951,30.2900,30.5200,28.7000,29.2100,30.2900,10578101,309425108.0700
2020-06-23,sz.000951,28.7800,29.0900,28.3500,28.6500,28.6600,5122799,147117726.3700
2020-06-24,sz.000951,28.6700,29.2800,28.4400,28.7500,28.6500,3084104,88606688.1900
2020-06-29,sz.000951,29.0000,29.5600,28.4600,29.1500,28.7500,3839349,111599224.5800
2020-06-30,sz.000951,29.4500,31.3100,29.4000,31.2600,29.1500,4869613,150054028.2400
2020-07-01,sz.000951,31.0000,31.2600,30.5800,30.8700,31.2600,4503938,138842060.5600
2020-07-02,sz.000951,31.1900,32.6500,30.1900,31.7600,30.8700,9348346,291896252.1800
2020-07-03,sz.000951,31.6200,31.9000,30.7000,31.0800,31.7600,6613040,205058768.5800
2020-07-06,sz.000951,31.0900,31.5200,30.7600,31.2200,31.0800,8178885,254058477.1700
2020-07-07,sz.000951,31.0900,31.9500,30.0000,31.5400,31.2200,8122576,252296561.1700
2020-07-08,sz.000951,31.5400,31.5700,30.7000,30.9900,31.5400,7477291,231237954.9300
2020-07-09,sz.000951,31.0000,31.5900,30.7000,31.5900,30.9900,8449658,262775864.1900
2020-07-10,sz.000951,31.2900,33.8000,31.2900,33.3500,31.5900,10777992,354701708.2900
2020-07-13,sz.000951,33.0000,34.1800,32.4200,33.9000,33.3500,7643129,257377771.8600
2020-07-14,sz.000951,33.4400,35.6500,33.4400,35.6500,33.9000,7253805,253015267.9500
2020-07-15,sz.000951,35.4000,36.3800,34.6600,34.8700,35.6500,5009049,177030978.9900
2020-07-16,sz.000951,35.2800,37.3900,34.0000,34.9900,34.8700,6767585,243474768.8800
2020-07-17,sz.000951,35.3200,37.0900,34.4900,35.1900,34.9900,7946064,284322883.1000
2020-07-20,sz.000951,35.6200,38.7000,35.0100,38.6700,35.1900,8706798,324435319.2900
2020-07-21,sz.000951,38.1100,40.2700,37.5500,39.9200,38.6700,6349018,246989836.9900
2020-07-22,sz.000951,39.4000,39.9900,38.8500,39.1500,39.9200,4462851,175847465.3800
2020-07-23,sz.000951,38.6500,40.1900,37.9700,39.1100,39.1500,6209591,241147868.0900
2020-07-24,sz.000951,39.2000,39.4000,36.0000,36.1700,39.1100,6364408,237557159.2000
2020-07-27,sz.000951,37.4500,37.8400,36.4500,37.1000,36.1700,4981708,184836970.2900
2020-07-28,sz.000951,37.2900,38.5400,36.8800,37.6000,37.1000,3975643,149557231.0100
2020-07-29,sz.000951,37.4000,37.7700,36.4700,37.7500,37.6000,3987769,148815780.0400
2020-07-30,sz.000951,38.0000,38.3900,36.2000,36.6300,37.7500,4644652,171550215.5200
2020-07-31,sz.000951,36.4600,36.9100,35.6500,36.5800,36.6300,5134025,186309043.8600
2020-08-03,sz.000951,37.1000,38.4200,36.7000,36.9500,36.5800,6357784,237282136.4000
2020-08-04,sz.000951,36.9700,37.4700,36.1000,37.3600,36.9500,4961400,182646868.0600
2020-08-05,sz.000951,37.3100,37.3100,36.0000,36.8900,37.3600,3676815,135226778.5900
2020-08-06,sz.000951,36.9000,37.2500,35.5500,36.4900,36.8900,4812235,174847941.6600
2020-08-07,sz.000951,36.0600,37.2400,35.6000,36.4000,36.4900,4245955,154395008.7300
2020-08-10,sz.000951,36.4000,36.9500,35.7200,36.9500,36.4000,4218847,153707460.5000
2020-08-11,sz.000951,37.0200,38.4200,35.9000,35.9600,36.9500,6159846,229429730.9000
2020-08-12,sz.000951,35.2900,35.2900,32.3600,33.5100,35.9600,9403462,314112439.0700
2020-08-13,sz.000951,33.9000,34.4000,33.4400,34.0800,33.5100,4441641,150900843.3000
2020-08-14,sz.000951,34.3800,34.5500,33.7100,34.4200,34.0800,3615214,123302275.7300
2020-08-17,sz.000951,34.4800,35.8300,34.1100,35.4500,34.4200,4787698,168291402.7300
2020-08-18,sz.000951,35.4100,36.7600,35.4100,36.5200,35.4500,3851574,139310982.1200
2020-08-19,sz.000951,36.2800,36.5500,35.3600,35.5200,36.5200,3430168,122623978.6000
2020-08-20,sz.000951,35.4200,36.0000,34.7200,35.8500,35.5200,2964255,105886765.5800
2020-08-21,sz.000951,35.8100,36.6600,35.6200,36.4600,35.8500,2482708,90163590.3500
2020-08-24,sz.000951,36.8800,37.5100,36.1100,37.1100,36.4600,3877405,143229206.5600
2020-08-25,sz.000951,37.0000,37.4100,36.5000,36.7600,37.1100,2854247,105167603.3600
2020-08-26,sz.000951,37.0300,37.1000,36.5000,36.8800,36.7600,2652111,97524300.3400
2020-08-27,sz.000951,37.1500,37.2500,36.0200,36.6500,36.8800,2813840,103178608.3400
2020-08-28,sz.000951,36.8500,37.2300,36.2700,37.2000,36.6500,2852165,105401107.4600
2020-08-31,sz.000951,37.5000,37.9000,35.4400,37.5700,37.2000,9013272,330114640.7900
2020-09-01,sz.000951,36.8800,37.7300,36.4000,37.4600,37.5700,5879265,217808110.1200
2020-09-02,sz.000951,37.5800,41.2100,37.5800,41.2100,37.4600,10867079,434060587.5000
2020-09-03,sz.000951,41.8800,45.3300,41.4800,44.0000,41.2100,12436015,535785779.5700
2020-09-04,sz.000951,43.0200,44.8700,42.7800,44.6600,44.0000,8507397,372643180.5500
2020-09-07,sz.000951,44.5900,44.5900,40.1900,40.1900,44.6600,8265688,341376997.4700
2020-09-08,sz.000951,38.9000,40.6700,36.9600,39.9000,40.1900,9456416,364029666.7200
2020-09-09,sz.000951,38.3200,39.0900,37.9100,38.2300,39.9000,4152969,159695659.1900
2020-09-10,sz.000951,38.2300,38.7800,36.8100,37.4000,38.2300,4806761,181763198.9400
2020-09-11,sz.000951,37.4000,37.7000,36.2800,37.7000,37.4000,3025025,112407771.9000
2020-09-14,sz.000951,37.8200,38.3500,37.0300,37.8700,37.7000,3097971,116835980.1300
2020-09-15,sz.000951,37.8700,39.8700,37.1000,39.5600,37.8700,3686565,143060412.7600
2020-09-16,sz.000951,39.3000,39.8200,38.7100,39.4000,39.5600,2582850,101291472.2800
2020-09-17,sz.000951,39.1400,40.8500,38.8300,40.0700,39.4000,3626296,144754575.5600
2020-09-18,sz.000951,40.0000,40.9700,39.4000,40.0000,40.0700,3440449,137716774.9500
2020-09-21,sz.000951,40.3800,40.3800,37.7800,37.9200,40.0000,5840122,224777085.4300
2020-09-22,sz.000951,37.5000,37.6000,36.4200,36.7200,37.9200,4012646,148545505.5200
2020-09-23,sz.000951,36.8300,37.3500,36.1500,36.6000,36.7200,2488983,90977337.3500
2020-09-24,sz.000951,36.4900,36.5300,35.6000,35.8000,36.6000,3344548,120149285.9300
2020-09-25,sz.000951,36.1500,36.1600,35.3400,35.7400,35.8000,2763532,98761418.5400
2020-09-28,sz.000951,34.3000,34.3000,32.1700,32.3600,35.7400,11692643,378257071.1200
2020-09-29,sz.000951,32.6000,33.7400,31.0000,31.6000,32.3600,12703832,406945062.5800
2020-09-30,sz.000951,31.6100,33.6300,31.6100,32.9400,31.6000,6974927,229018488.7500
2020-10-09,sz.000951,33.4800,34.1700,33.0500,33.2800,32.9400,5239743,175401652.7400
2020-10-12,sz.000951,33.5000,34.5600,33.4000,33.8800,33.2800,4830284,163786251.3100
2020-10-13,sz.000951,33.9000,35.2200,33.3200,35.2200,33.8800,4440778,151228622.2000
2020-10-14,sz.000951,35.2800,36.4800,34.5700,34.9800,35.2200,5326696,189368300.9800
2020-10-15,sz.000951,35.7700,36.0100,34.5500,34.7400,34.9800,5560888,194945700.6700
2020-10-16,sz.000951,34.7400,35.9800,34.7400,35.6800,34.7400,5227080,185793968.1900
2020-10-19,sz.000951,35.8100,36.5000,35.3200,35.3700,35.6800,4011905,143924386.6000
2020-10-20,sz.000951,35.5700,36.2100,34.9000,36.1600,35.3700,4700174,167552284.8800
2020-10-21,sz.000951,36.0000,36.6600,35.5000,36.3600,36.1600,4146736,150121796.4000
2020-10-22,sz.000951,36.4800,36.4800,35.1300,36.2900,36.3600,4061867,145441429.0500
2020-10-23,sz.000951,36.2000,36.6300,34.9000,35.0000,36.2900,4301996,153330104.2000
2020-10-26,sz.000951,34.9900,35.8200,34.0900,35.3700,35.0000,3595664,126534676.8700
2020-10-27,sz.000951,35.3200,35.6800,34.9900,35.5100,35.3700,2869610,101387494.0600
2020-10-28,sz.000951,35.3900,35.7800,35.0400,35.5000,35.5100,2999802,106057328.0300
2020-10-29,sz.000951,35.0000,37.1300,34.9500,37.0500,35.5000,6368594,231143757.3700
2020-10-30,sz.000951,36.8900,37.0000,34.9000,35.0000,37.0500,9825318,351127501.6100
2020-11-02,sz.000951,35.4500,38.5000,35.0200,38.5000,35.0000,13232029,498508910.2400
2020-11-03,sz.000951,38.5000,38.5000,36.6700,37.3000,38.5000,12061211,449928202.8600
2020-11-04,sz.000951,37.3000,38.7600,36.6000,38.7100,37.3000,9483204,360185186.9300
2020-11-05,sz.000951,38.7800,40.8900,38.1700,39.6400,38.7100,10250661,407947285.1300
2020-11-06,sz.000951,39.5500,40.8800,38.8800,39.2200,39.6400,10774050,429549278.1500
2020-11-09,sz.000951,39.5000,39.6300,37.7800,38.9700,39.2200,8287472,319929836.3400
2020-11-10,sz.000951,38.5100,38.7000,37.2600,37.6000,38.9700,6152031,232434896.7100
2020-11-11,sz.000951,37.1600,38.6300,37.0700,38.0000,37.6000,7194517,274507859.1200
2020-11-12,sz.000951,37.6000,38.2500,37.2000,37.6100,38.0000,4375640,164455225.2000
2020-11-13,sz.000951,37.5800,37.8300,36.0100,36.5900,37.6100,5736273,210573544.0100
2020-11-16,sz.000951,36.6000,37.0800,36.0200,36.2900,36.5900,4668678,169585813.5600
2020-11-17,sz.000951,36.2500,37.1700,35.6000,36.8200,36.2900,6406108,234212726.3100
2020-11-18,sz.000951,36.4000,37.1000,36.2200,36.3600,36.8200,4331377,158491477.7100
2020-11-19,sz.000951,36.5800,36.8500,35.8400,36.7400,36.3600,4229990,153830501.2300
2020-11-20,sz.000951,36.8000,38.1200,36.2500,37.8200,36.7400,6230082,234493097.6100
2020-11-23,sz.000951,37.7500,38.9100,37.3000,38.2200,37.8200,8024065,306401094.7600
2020-11-24,sz.000951,38.5700,38.8700,37.3800,37.4800,38.2200,6010737,227519500.6900
2020-11-25,sz.000951,37.5200,38.0800,36.1000,36.3700,37.4800,6616822,245166640.4800
2020-11-26,sz.000951,36.0300,36.4000,33.8000,34.8500,36.3700,9259234,322934539.9800
2020-11-27,sz.000951,34.9100,35.6800,34.4500,35.0200,34.8500,6453185,224787898.5900
2020-11-30,sz.000951,35.0100,35.5700,34.3800,34.4300,35.0200,6767787,234978470.2400
2020-12-01,sz.000951,34.3600,34.8600,34.1200,34.6900,34.4300,6076467,209146033.8100
2020-12-02,sz.000951,34.6900,35.9900,34.4300,35.1800,34.6900,6967261,244866456.2900
2020-12-03,sz.000951,35.3800,35.5000,34.7800,35.2400,35.1800,3308113,116266314.4600
2020-12-04,sz.000951,34.8800,35.3700,34.6200,34.9900,35.2400,2430040,85020866.7000
2020-12-07,sz.000951,34.9200,34.9200,34.0200,34.0700,34.9900,4758657,163343680.0800
2020-12-08,sz.000951,34.0000,34.6800,33.9500,34.3100,34.0700,3239031,111459684.6500
2020-12-09,sz.000951,34.3400,34.4900,32.8500,32.9200,34.3100,4802795,161029012.5200
2020-12-10,sz.000951,33.1200,33.3500,32.5700,33.0000,32.9200,2768327,91110734.3900
2020-12-11,sz.000951,33.3000,33.3000,32.1800,32.3400,33.0000,2890390,94102313.4100
2020-12-14,sz.000951,32.3300,32.8300,32.0400,32.3500,32.3400,3013485,97571743.9700
2020-12-15,sz.000951,32.5800,32.7900,32.0000,32.4600,32.3500,3378114,109362969.4000
2020-12-16,sz.000951,32.7000,32.7800,31.7400,31.9500,32.4600,4858185,155747901.3600
2020-12-17,sz.000951,31.9300,32.6500,31.8000,32.3300,31.9500,6216846,201095316.9000
2020-12-18,sz.000951,32.3700,32.7500,31.8800,32.0000,32.3300,6383832,205815493.0000
2020-12-21,sz.000951,31.7900,32.4900,31.3300,32.3000,32.0000,6201704,198183816.3900
2020-12-22,sz.000951,32.3200,33.0800,31.5200,31.6200,32.3000,6032291,194718749.1600
2020-12-23,sz.000951,31.5300,32.2800,31.4600,31.9600,31.6200,4643508,148146278.1300
2020-12-24,sz.000951,32.0100,32.0200,30.1600,30.4400,31.9600,6466093,199545520.9700
2020-12-25,sz.000951,30.4400,30.9400,29.4000,30.5000,30.4400,6006033,181275415.8300
2020-12-28,sz.000951,30.6900,31.4900,30.2000,31.0200,30.5000,5281964,163122889.3900
2020-12-29,sz.000951,31.0600,31.3500,30.7800,31.0900,31.0200,3968249,123417285.4600
2020-12-30,sz.000951,31.2000,31.3400,30.8500,31.1600,31.0900,3438172,107026147.6400
2020-12-31,sz.000951,31.0200,31.7900,30.9600,31.4600,31.1600,5010989,156930275.3300
2021-01-04,sz.000951,31.4600,32.1700,31.0100,31.8800,31.4600,6065135,191977281.1300
2021-01-05,sz.000951,31.8900,32.2800,30.2300,31.0800,31.8800,10363316,319595496.0000
2021-01-06,sz.000951,31.1800,32.7800,30.9300,32.5000,31.0800,12082179,386461971.9300
2021-01-07,sz.000951,32.4100,34.7000,31.7800,33.9300,32.5000,13524794,453415207.4200
2021-01-08,sz.000951,33.9300,34.0200,32.8500,33.7600,33.9300,9979042,333806291.4800
2021-01-11,sz.000951,33.8600,35.0700,33.4300,34.7300,33.7600,11073538,382628765.2400
2021-01-12,sz.000951,34.7500,34.7600,33.2100,34.3300,34.7300,7272308,247171056.5900
2021-01-13,sz.000951,35.3000,37.7600,34.8000,37.7600,34.3300,24094236,895699694.1100
2021-01-14,sz.000951,38.4600,40.9800,38.1500,38.8000,37.7600,26567856,1050343588.2900
2021-01-15,sz.000951,38.1000,40.6600,36.7000,40.1000,38.8000,22270820,863167651.4300
2021-01-18,sz.000951,39.0400,39.8700,38.2000,39.7600,40.1000,11783533,459947788.7900
2021-01-19,sz.000951,39.2000,40.1200,37.6700,38.8300,39.7600,12916453,499771073.6800
2021-01-20,sz.000951,38.9000,42.0800,38.1100,41.6900,38.8300,16270123,652219864.7100
2021-01-21,sz.000951,40.7000,42.8100,40.6900,41.7500,41.6900,13175868,551165393.6100
2021-01-22,sz.000951,41.0800,41.3800,38.8300,39.7900,41.7500,14738155,586912762.2500
2021-01-25,sz.000951,39.5000,42.4000,38.5600,42.1800,39.7900,15505311,624907749.6400
2021-01-26,sz.000951,42.5000,42.6000,39.8800,40.2000,42.1800,15874896,648859478.6500
2021-01-27,sz.000951,40.2400,41.8200,40.1100,40.3300,40.2000,13679291,559953276.3900
2021-01-28,sz.000951,39.1300,41.6000,39.0700,39.7400,40.3300,13550595,550900900.7900
2021-01-29,sz.000951,39.9000,41.8500,39.4000,39.8100,39.7400,14485938,585089695.3200
2021-02-01,sz.000951,40.0000,40.9700,39.1500,39.4900,39.8100,11177083,444183874.4600
2021-02-02,sz.000951,39.6000,42.8000,39.5300,42.6000,39.4900,25095882,1042432860.4400
2021-02-03,sz.000951,42.6200,45.9000,41.6100,45.1200,42.6000,27174092,1185869242.0700
2021-02-04,sz.000951,44.3100,46.7000,43.5000,44.4000,45.1200,22327785,1002109679.5300
2021-02-05,sz.000951,44.0200,44.4900,39.9600,39.9600,44.4000,26608952,1105682521.6800
2021-02-08,sz.000951,40.9900,42.3800,39.9100,42.0000,39.9600,18286122,755867545.8700
2021-02-09,sz.000951,41.6000,46.2000,41.1200,46.2000,42.0000,23189603,1023148499.6700
2021-02-10,sz.000951,46.2100,47.6000,45.5100,46.3100,46.2000,19512575,906237138.6400
2021-02-18,sz.000951,47.2900,47.5400,45.0100,46.8300,46.3100,15672625,726630685.1400
2021-02-19,sz.000951,45.9400,46.8300,43.9100,46.0900,46.8300,18530474,838468680.8800
2021-02-22,sz.000951,45.6000,45.6000,42.3900,42.5500,46.0900,14632032,644568780.0900
2021-02-23,sz.000951,41.7000,42.2300,40.5200,40.7500,42.5500,10269798,423589903.9200
2021-02-24,sz.000951,41.0000,41.1800,38.1000,38.5400,40.7500,12150031,477182280.7800
2021-02-25,sz.000951,39.0000,39.2500,37.7800,38.0000,38.5400,8345220,321482030.2500
2021-02-26,sz.000951,37.2000,39.6400,36.4000,38.6600,38.0000,10164242,385807160.0200
2021-03-01,sz.000951,38.9800,41.0500,38.3900,41.0400,38.6600,12579526,502482976.7600
2021-03-02,sz.000951,41.2800,43.2800,40.7800,43.1000,41.0400,13795434,587438654.7900
2021-03-03,sz.000951,42.8700,44.2600,42.1100,43.8800,43.1000,10885914,473600000.9200
2021-03-04,sz.000951,43.3100,43.8000,41.7600,41.9200,43.8800,7997156,340386578.2300
2021-03-05,sz.000951,41.4300,42.8500,41.2000,41.3400,41.9200,6516258,272981426.3300
2021-03-08,sz.000951,42.0100,44.1700,39.6400,39.6500,41.3400,9426876,392671313.2200
2021-03-09,sz.000951,39.7600,40.1100,37.8800,38.2200,39.6500,7250973,282081504.7700
2021-03-10,sz.000951,39.1700,39.3600,38.0500,38.7100,38.2200,5850701,226240794.0600
2021-03-11,sz.000951,38.7000,40.3300,38.5000,39.5000,38.7100,5538082,219263404.8000
2021-03-12,sz.000951,39.4900,40.3300,37.9200,38.9000,39.5000,6096041,237499560.8100
2021-03-15,sz.000951,37.9800,38.5200,36.8400,37.6800,38.9000,6489760,244513421.4200
2021-03-16,sz.000951,37.3100,37.7400,36.1200,37.4300,37.6800,5837192,216058381.4300
2021-03-17,sz.000951,37.4300,38.0800,36.7800,37.6800,37.4300,4669591,175746516.2400
2021-03-18,sz.000951,37.8000,38.2900,37.3300,37.7900,37.6800,4429425,167615959.5500
2021-03-19,sz.000951,37.0600,37.7800,36.2900,36.3500,37.7900,5185228,190647930.7800
2021-03-22,sz.000951,36.4400,37.5700,36.0200,36.8500,36.3500,4145392,152870054.0200
2021-03-23,sz.000951,36.8600,38.2100,35.8600,38.1500,36.8500,7188875,267647590.4300
2021-03-24,sz.000951,37.6100,38.0600,37.0000,37.7000,38.1500,5098895,191552265.9200
2021-03-25,sz.000951,37.4600,38.4300,37.2100,37.9500,37.7000,3722352,140840635.8500
2021-03-26,sz.000951,38.0500,38.6600,37.6500,38.1100,37.9500,4119515,157037611.4500
2021-03-29,sz.000951,38.0800,38.2700,37.1000,37.2600,38.1100,3617230,135879183.5400
2021-03-30,sz.000951,37.2600,38.8500,37.2600,38.7100,37.2600,4547721,174287706.3500
2021-03-31,sz.000951,38.9500,39.5800,37.8300,38.2000,38.7100,4819517,185004644.6500
2021-04-01,sz.000951,37.2000,38.0500,36.8800,37.6700,38.2000,5013905,187651062.7700
2021-04-02,sz.000951,38.1800,38.7500,36.7000,37.0100,37.6700,6091144,228430135.3800
2021-04-06,sz.000951,37.0300,37.5000,36.3900,36.7600,37.0100,4873413,180066538.5800
2021-04-07,sz.000951,36.6300,36.7400,35.4800,35.7300,36.7600,5103281,182603573.0400
2021-04-08,sz.000951,35.6100,35.9600,35.2500,35.4500,35.7300,3212118,114258183.4800
2021-04-09,sz.000951,35.4600,35.7000,35.0100,35.4700,35.4500,2970633,105027984.0200
2021-04-12,sz.000951,35.4700,35.5500,33.5000,34.0000,35.4700,5737449,198540655.5400
2021-04-13,sz.000951,34.1600,34.6600,33.3500,33.6500,34.0000,4447414,150864495.5400
2021-04-14,sz.000951,33.8900,34.3200,33.6300,34.1800,33.6500,3235014,110078887.8300
2021-04-15,sz.000951,33.9400,34.2700,33.2900,34.2400,34.1800,3280371,111109971.9400
2021-04-16,sz.000951,34.2400,34.6100,34.0000,34.5900,34.2400,3319615,114031196.9500
2021-04-19,sz.000951,34.6200,35.5600,34.3100,35.4500,34.5900,5951472,209211476.6300
2021-04-20,sz.000951,35.4000,35.4000,34.5900,34.6400,35.4500,4266709,148474075.7200
2021-04-21,sz.000951,34.3900,34.4900,33.6600,34.2300,34.6400,3385611,115475468.3300
2021-04-22,sz.000951,34.4000,35.0600,33.8700,34.9100,34.2300,3657170,126558851.5300
2021-04-23,sz.000951,34.8600,35.1100,34.3800,34.9400,34.9100,3958031,137694663.6400
2021-04-26,sz.000951,34.8800,35.2900,34.5100,34.5500,34.9400,3635632,127127497.3200
2021-04-27,sz.000951,34.5300,34.5300,33.7000,34.1000,34.5500,2795505,95029036.9600
2021-04-28,sz.000951,34.0100,34.5600,33.9000,34.4600,34.1000,2060075,70688032.3800
2021-04-29,sz.000951,34.3700,34.4800,33.7700,34.2000,34.4600,2520146,85894476.0600
2021-04-30,sz.000951,34.2100,34.3400,32.6500,33.7900,34.2000,7341878,246065510.5800
2021-05-06,sz.000951,33.3800,33.7500,32.7600,32.7900,33.7900,3189731,105474833.0300
2021-05-07,sz.000951,32.8000,33.1800,31.5700,31.7000,32.7900,5983815,191536398.7300
2021-05-10,sz.000951,31.7000,32.4300,31.3100,32.3600,31.7000,4463462,141959411.5900
2021-05-11,sz.000951,31.9600,32.1000,31.4200,31.9400,32.3600,3239349,102950791.9300
2021-05-12,sz.000951,31.7100,32.2900,31.6000,32.0000,31.9400,3702462,118431257.6900
2021-05-13,sz.000951,31.8000,31.9800,30.8000,30.8200,32.0000,3770318,118160837.3700
2021-05-14,sz.000951,31.0100,31.9000,30.6700,31.8200,30.8200,4215256,132028326.8800
2021-05-17,sz.000951,32.0500,32.5400,31.9000,32.1200,31.8200,4225368,136294024.1200
2021-05-18,sz.000951,31.9900,32.0500,31.0300,31.9200,32.1200,3413937,107518870.6100
2021-05-19,sz.000951,31.9800,33.0700,31.8300,32.2400,31.9200,4909968,159868688.6500
2021-05-20,sz.000951,32.4700,32.4700,31.7000,31.8300,32.2400,2965802,94687751.7700
2021-05-21,sz.000951,31.8200,31.9600,31.3600,31.5000,31.8300,2377810,75009604.8400
2021-05-24,sz.000951,31.3700,31.4600,31.0000,31.1500,31.5000,3943869,122788435.7600
2021-05-25,sz.000951,31.1800,31.8900,31.0000,31.8900,31.1500,5397222,170399398.6200
2021-05-26,sz.000951,31.9200,32.8700,31.1900,31.4800,31.8900,6504179,206757866.9400
2021-05-27,sz.000951,30.9000,31.3100,30.2600,31.3100,30.8000,6408345,197209724.4000
2021-05-28,sz.000951,31.3200,32.5100,31.1700,31.9100,31.3100,8295304,264167566.7500
2021-05-31,sz.000951,31.9800,31.9900,30.5600,30.9300,31.9100,8250100,255179345.5700
2021-06-01,sz.000951,30.8800,31.1200,30.3300,30.9700,30.9300,6014227,184644220.2000
2021-06-02,sz.000951,31.1500,31.3900,30.3200,30.4600,30.9700,5375736,164596778.5800
2021-06-03,sz.000951,30.3500,30.4400,29.5000,29.5300,30.4600,7706836,230371905.1600
2021-06-04,sz.000951,29.3300,29.3600,28.7200,29.1500,29.5300,4730540,137313349.9200
2021-06-07,sz.000951,29.1000,29.4300,28.8800,29.1100,29.1500,4565887,132998322.4100
2021-06-08,sz.000951,29.1300,29.4900,28.9300,29.1800,29.1100,4111847,119837719.7600
2021-06-09,sz.000951,29.1300,29.2200,28.5300,28.5800,29.1800,5078275,145734506.6700
2021-06-10,sz.000951,28.3600,28.7000,28.1500,28.5200,28.5800,5304674,150547052.1200
2021-06-11,sz.000951,28.5100,28.5500,27.4800,27.4800,28.5200,6576427,182700132.8500
2021-06-15,sz.000951,27.4100,27.7300,27.2100,27.5200,27.4800,3274451,90099059.0600
2021-06-16,sz.000951,27.5100,27.5200,26.5800,26.5900,27.5200,4705844,126936880.2500
2021-06-17,sz.000951,26.6800,26.9200,26.2000,26.3000,26.5900,3392134,90071667.0000
2021-06-18,sz.000951,26.3000,27.4500,26.0800,27.2700,26.3000,6104857,164341842.0400
2021-06-21,sz.000951,27.1900,27.2100,26.3000,27.1700,27.2700,6472150,172675827.0100
2021-06-22,sz.000951,27.0000,27.9700,26.9000,27.4400,27.1700,4810728,132950493.8800
2021-06-23,sz.000951,27.5700,27.9300,27.3300,27.7600,27.4400,4142628,114982638.0500
2021-06-24,sz.000951,27.5800,27.8200,27.2200,27.6900,27.7600,3751091,103051233.6400
2021-06-25,sz.000951,27.5200,27.9300,27.3000,27.7700,27.6900,4010100,110765757.3900
2021-06-28,sz.000951,27.7900,27.9300,27.3000,27.3900,27.7700,4394506,121117834.6200
2021-06-29,sz.000951,27.3900,27.8300,27.1500,27.4000,27.3900,4308515,118255537.9800
2021-06-30,sz.000951,27.4500,27.4800,26.8100,27.0600,27.4000,3686029,99632819.4100
2021-07-01,sz.000951,27.0000,27.2700,26.8500,27.0200,27.0600,3141830,84968361.1800
2021-07-02,sz.000951,26.8100,26.9900,26.2800,26.3400,27.0200,3659814,96980135.7900
2021-07-05,sz.000951,26.2900,26.5800,25.5500,25.6800,26.3400,5170537,133859962.0200
2021-07-06,sz.000951,25.6800,26.3700,25.4900,25.8500,25.6800,5140868,132868562.8900
2021-07-07,sz.000951,25.7500,26.4000,25.7500,26.1800,25.8500,3769864,98673358.9300
2021-07-08,sz.000951,26.1800,26.4400,25.1100,25.1800,26.1800,7185671,183055709.0700
2021-07-09,sz.000951,25.1500,25.7000,25.0300,25.6000,25.1800,4472968,113531482.2700
2021-07-12,sz.000951,25.6200,27.8000,25.6200,26.9500,25.6000,11187322,301087480.4800
2021-07-13,sz.000951,26.9500,27.0600,26.1800,26.4600,26.9500,6488864,171639713.0200
2021-07-14,sz.000951,26.2800,26.3100,25.4800,25.9800,26.4600,7634840,197094997.0600
2021-07-15,sz.000951,25.8400,25.8400,25.0300,25.4100,25.9800,6545448,165574913.3800
2021-07-16,sz.000951,25.3100,25.4700,25.0400,25.1000,25.4100,5134799,129099823.2700
2021-07-19,sz.000951,25.0800,25.0800,24.0800,24.6500,25.1000,8387400,204074779.7100
2021-07-20,sz.000951,24.3000,24.5500,23.9600,24.1600,24.6500,6051190,145979880.9800
2021-07-21,sz.000951,24.1300,24.6800,24.1300,24.4600,24.1600,5459859,133260441.2500
2021-07-22,sz.000951,24.4900,25.4900,24.4900,25.1600,24.4600,10075518,253233509.0900
2021-07-23,sz.000951,25.1600,25.1700,24.5500,24.8100,25.1600,6503921,161219384.0000
2021-07-26,sz.000951,24.7700,24.7800,23.6600,23.7200,24.8100,6859190,164768668.6700
2021-07-27,sz.000951,23.8000,23.9900,22.7700,22.7700,23.7200,6541695,151850682.8600
2021-07-28,sz.000951,22.7200,22.9700,22.0100,22.2000,22.7700,5065521,113153629.0100
2021-07-29,sz.000951,22.4700,22.8000,22.1200,22.6300,22.2000,4615812,103711249.2300
2021-07-30,sz.000951,22.4300,23.4000,22.1000,23.0500,22.6300,5700818,129708948.2400
2021-08-02,sz.000951,23.1600,25.3600,22.9500,25.3600,23.0500,12872618,316190342.8400
2021-08-03,sz.000951,25.5200,26.5000,25.2800,26.1100,25.3600,17061822,441648994.4000
2021-08-04,sz.000951,26.0000,28.5900,25.7100,28.0100,26.1100,19280357,532947674.9500
2021-08-05,sz.000951,27.7200,28.9000,27.2800,27.9600,28.0100,12704529,356410316.1800
2021-08-06,sz.000951,27.7800,28.2000,27.3000,27.8500,27.9600,10183232,282893508.8300
2021-08-09,sz.000951,28.0000,28.9800,27.7100,28.9100,27.8500,12812668,365472345.6300
2021-08-10,sz.000951,28.8900,30.3900,28.5800,29.7200,28.9100,13373086,393808902.6300
2021-08-11,sz.000951,29.7900,30.2900,29.0000,29.1500,29.7200,8846448,259711733.3500
2021-08-12,sz.000951,28.9900,29.6700,28.2000,29.5300,29.1500,11635775,336366461.0200
2021-08-13,sz.000951,29.0800,29.3200,28.3800,28.7900,29.5300,7554659,217142489.4900
2021-08-16,sz.000951,28.8800,28.8800,27.8000,28.2800,28.7900,8032144,227012004.8000
2021-08-17,sz.000951,28.2800,28.7500,27.2100,27.3600,28.2800,6297571,175316987.4100
2021-08-18,sz.000951,27.1500,27.7500,26.9300,27.3800,27.3600,4986304,136129492.0300
2021-08-19,sz.000951,27.3000,27.3400,26.5200,26.6700,27.3800,5562470,148832391.6600
2021-08-20,sz.000951,26.6400,26.7200,25.8600,26.3100,26.6700,5090339,133287265.9300
2021-08-23,sz.000951,26.4600,26.8700,26.2700,26.5800,26.3100,5272829,140227262.2900
2021-08-24,sz.000951,26.6100,26.7900,26.4000,26.6900,26.5800,3328321,88537465.3000
2021-08-25,sz.000951,26.7100,26.8000,25.9500,26.0100,26.6900,4458021,116615354.4600
2021-08-26,sz.000951,26.0900,26.1600,25.3800,25.4800,26.0100,4575781,117446083.6100
2021-08-27,sz.000951,25.4800,26.5800,25.3900,26.1000,25.4800,5775861,150854671.6300
2021-08-30,sz.000951,26.7100,26.7500,24.7500,24.9900,26.1000,9110576,232688161.4600
2021-08-31,sz.000951,24.6200,25.3200,24.5000,25.0700,24.9900,4974602,124183311.3700
2021-09-01,sz.000951,25.0200,27.5800,24.5100,27.5800,25.0700,15844969,420700721.1300
2021-09-02,sz.000951,27.8800,27.8800,26.8500,27.2100,27.5800,11826751,323719847.2600
2021-09-03,sz.000951,26.9200,26.9300,25.8100,26.0800,27.2100,10706086,280167093.2600
2021-09-06,sz.000951,25.7000,27.3800,25.3000,27.3400,26.0800,10669926,285241609.5300
2021-09-07,sz.000951,27.1800,27.1800,26.6500,27.0400,27.3400,8279900,222761914.0600
2021-09-08,sz.000951,26.8800,27.6400,26.5000,27.0800,27.0400,7985420,215669361.4900
2021-09-09,sz.000951,26.8900,28.3200,26.6500,28.2000,27.0800,12179506,337704487.1100
2021-09-10,sz.000951,28.2000,28.4600,27.6000,28.0200,28.2000,9941619,277829392.2800
2021-09-13,sz.000951,28.0100,28.0100,25.8600,26.2300,28.0200,14490932,387769911.5200
2021-09-14,sz.000951,26.2500,26.3900,25.0900,25.2800,26.2300,13025339,330928296.1300
2021-09-15,sz.000951,25.2800,26.0300,24.6800,25.6500,25.2800,7484633,190301536.0300
2021-09-16,sz.000951,25.4500,25.4500,23.0900,23.1000,25.6500,33476360,790575034.6000
2021-09-17,sz.000951,22.8700,23.2800,22.1100,22.3400,23.1000,22547381,507337499.8500
2021-09-22,sz.000951,22.1000,22.4700,21.3700,21.7600,22.3400,19849683,431453569.9300
2021-09-23,sz.000951,21.8500,22.3700,21.5400,21.9200,21.7600,19816112,434358268.0200
2021-09-24,sz.000951,22.0000,22.1300,21.7400,22.0000,21.9200,10354745,227375633.5600
2021-09-27,sz.000951,22.0900,22.3000,21.5800,21.7500,22.0000,11120544,243438501.0100
2021-09-28,sz.000951,21.7900,21.8000,20.6500,21.1000,21.7500,19120815,402496167.3600
2021-09-29,sz.000951,14.9900,14.9900,14.6500,14.6500,15.0700,10894570,161372421.0200
2021-09-30,sz.000951,14.6900,14.8600,14.6200,14.8200,14.6500,8378585,123826412.1600
2021-10-08,sz.000951,14.9900,15.4700,14.9400,15.3100,14.8200,13283553,201900183.9700
2021-10-11,sz.000951,15.1900,15.6300,15.1900,15.4700,15.3100,11269759,173938819.1700
2021-10-12,sz.000951,15.5000,15.5800,15.0600,15.2400,15.4700,9275691,142125838.2800
2021-10-13,sz.000951,15.1800,15.5800,15.1100,15.2900,15.2400,10116536,154972168.2200
2021-10-14,sz.000951,15.2700,15.2900,14.7500,14.8800,15.2900,15432222,230104757.2700
2021-10-15,sz.000951,14.8900,15.0300,14.7100,14.7600,14.8800,8839843,130926570.5000
2021-10-18,sz.000951,14.7700,14.8000,14.4700,14.6600,14.7600,11489329,167974537.2700
2021-10-19,sz.000951,14.6300,14.7800,14.4700,14.5800,14.6600,12264393,179343412.7100
2021-10-20,sz.000951,14.5900,14.8700,14.2200,14.7800,14.5800,17914655,260433250.0500
2021-10-21,sz.000951,14.7600,14.7600,14.3300,14.3600,14.7800,15513492,224655209.0500
2021-10-22,sz.000951,14.3400,14.6500,14.3100,14.4700,14.3600,11347166,163884662.2600
2021-10-25,sz.000951,14.3200,14.5200,14.2500,14.4600,14.4700,10785267,154658622.7300
2021-10-26,sz.000951,14.5500,14.9200,14.4600,14.6000,14.4600,15434818,227164396.7500
2021-10-27,sz.000951,14.6000,14.6000,13.6500,13.6800,14.6000,25133785,351678705.8000
2021-10-28,sz.000951,13.3500,13.5700,13.0400,13.0500,13.6800,19846921,262424107.1400
2021-10-29,sz.000951,13.0500,13.3100,13.0500,13.2400,13.0500,12880917,169880577.5700
2021-11-01,sz.000951,13.2000,13.3500,12.9600,13.1300,13.2400,12604904,166007845.1200
2021-11-02,sz.000951,13.2000,13.3300,12.5600,12.7500,13.1300,17869746,230517362.4200
2021-11-03,sz.000951,12.5900,13.2000,12.3600,13.1500,12.7500,17278652,223730311.6500
2021-11-04,sz.000951,13.1700,13.3800,13.0800,13.1700,13.1500,10791402,142352886.0800
2021-11-05,sz.000951,13.1600,13.5600,12.9900,13.2500,13.1700,14174460,188708746.2000
2021-11-08,sz.000951,13.3400,13.9100,13.3300,13.8300,13.2500,20455578,280345657.9200
2021-11-09,sz.000951,13.6900,14.2700,13.5400,14.1000,13.8300,22408210,314810557.4100
2021-11-10,sz.000951,14.0600,14.2700,13.7900,14.2300,14.1000,14229271,200072102.8900
2021-11-11,sz.000951,14.1400,14.4600,14.0200,14.0800,14.2300,15172966,215771055.2800
2021-11-12,sz.000951,14.0600,14.1800,13.9200,13.9300,14.0800,9721110,136117754.4200
2021-11-15,sz.000951,13.9500,14.3000,13.9300,14.2000,13.9300,10719000,152081566.2400
2021-11-16,sz.000951,14.2000,14.2200,13.8500,13.8600,14.2000,10993273,153643273.4400
2021-11-17,sz.000951,13.8900,14.0500,13.8200,13.8600,13.8600,7261108,100942965.9900
2021-11-18,sz.000951,13.8300,13.9000,13.2800,13.3200,13.8600,20592304,277807664.8800
2021-11-19,sz.000951,13.3800,13.8500,13.2700,13.8200,13.3200,13858976,188692010.8000
2021-11-22,sz.000951,13.8500,14.1800,13.8400,13.9800,13.8200,11706111,163853730.2900
2021-11-23,sz.000951,13.9800,14.6500,13.9200,14.4100,13.9800,24714663,357327776.4800
2021-11-24,sz.000951,14.3700,14.3700,14.0000,14.1300,14.4100,15525358,219070630.8000
2021-11-25,sz.000951,14.1300,14.1300,13.9200,13.9800,14.1300,9075665,127220989.8200
2021-11-26,sz.000951,14.0200,14.0800,13.7700,13.8000,13.9800,10694433,148123625.8700
2021-11-29,sz.000951,13.5000,13.5000,13.2800,13.3200,13.8000,17151183,229429252.6900
2021-11-30,sz.000951,13.4000,13.9200,13.3400,13.3500,13.3200,15158724,205444751.5300
2021-12-01,sz.000951,13.4200,14.1200,13.3500,14.0600,13.3500,23001087,318034988.7400
2021-12-02,sz.000951,13.9900,15.4700,13.9100,15.4700,14.0600,47037367,700815798.7400
2021-12-03,sz.000951,15.4900,16.2900,15.4700,15.6000,15.4700,67911937,1069086270.8100
2021-12-06,sz.000951,15.3100,16.7900,15.3000,16.0600,15.6000,54369435,867640445.6300
2021-12-07,sz.000951,16.1000,16.9400,15.8600,16.4200,16.0600,52684195,868740600.5400
2021-12-08,sz.000951,16.3200,16.3200,15.6800,16.1200,16.4200,41063022,653407924.3000
2021-12-09,sz.000951,16.1200,16.4400,15.8700,15.9500,16.1200,30363836,487799935.6600
2021-12-10,sz.000951,15.6500,16.3000,15.5100,15.9300,15.9500,30908402,494818581.2300
2021-12-13,sz.000951,15.8600,17.5200,15.8600,17.5200,15.9300,57792891,989033780.7600
2021-12-14,sz.000951,17.6500,17.7300,16.9500,17.0900,17.5200,48171710,831550912.9000
2021-12-15,sz.000951,16.9900,17.4500,16.6600,16.7800,17.0900,36567266,621071194.9800
2021-12-16,sz.000951,16.9000,17.2500,16.3500,17.2000,16.7800,42856320,715532228.4600
2021-12-17,sz.000951,17.0000,17.1900,16.7200,16.7300,17.2000,29219136,493089293.2000
2021-12-20,sz.000951,16.7000,17.1500,16.0400,16.7800,16.7300,33201585,549624630.2100
2021-12-21,sz.000951,16.7800,17.4200,16.5700,16.9300,16.7800,24859029,422178013.2700
2021-12-22,sz.000951,16.8000,17.1200,16.5500,16.6100,16.9300,20621238,344847684.4200
2021-12-23,sz.000951,16.6000,16.8800,16.3200,16.7300,16.6100,18760488,312908583.5700
2021-12-24,sz.000951,16.8400,16.8700,16.4900,16.4900,16.7300,15523490,258534671.1400
2021-12-27,sz.000951,16.4100,16.9800,16.2200,16.8600,16.4900,18821478,314172136.6600
2021-12-28,sz.000951,16.8600,17.2300,16.5800,16.6800,16.8600,19311104,324997910.0400
2021-12-29,sz.000951,16.6000,16.6100,16.0500,16.0700,16.6800,20186086,327776843.9800
2021-12-30,sz.000951,16.0100,16.3800,15.9000,16.1300,16.0700,13199133,213694760.6000
2021-12-31,sz.000951,16.2100,17.2000,16.2100,16.8900,16.1300,28191140,473710392.6600
2022-01-04,sz.000951,16.9400,17.0500,16.5000,16.6800,16.8900,21823484,363527277.4200
2022-01-05,sz.000951,16.7000,16.7500,16.0400,16.1600,16.6800,22738150,368788953.8700
2022-01-06,sz.000951,16.0700,16.7000,16.0200,16.4300,16.1600,16822029,275859246.7200
2022-01-07,sz.000951,16.3400,17.7500,16.3100,17.2200,16.4300,59473065,1028031318.9500
2022-01-10,sz.000951,17.5000,17.8200,17.0700,17.3900,17.2200,33694152,585376227.1200
2022-01-11,sz.000951,17.1800,18.0100,17.1200,17.5600,17.3900,35664816,629477147.9800
2022-01-12,sz.000951,17.5600,17.6600,17.2000,17.4100,17.5600,22463024,390106532.2300
2022-01-13,sz.000951,17.3100,17.3100,16.7000,16.7000,17.4100,21604369,366339657.9300
2022-01-14,sz.000951,16.5300,16.6000,16.0000,16.0300,16.7000,25742576,417186167.4100
2022-01-17,sz.000951,15.8900,16.1700,15.6100,16.1500,16.0300,12999956,208264688.7700
2022-01-18,sz.000951,16.0800,16.4000,15.8100,16.2000,16.1500,15129792,243960059.8900
2022-01-19,sz.000951,16.2000,16.5300,16.0600,16.2600,16.2000,10599482,172364739.3300
2022-01-20,sz.000951,16.1800,16.2000,15.6700,15.6700,16.2600,15373397,243380831.9300
2022-01-21,sz.000951,15.6700,15.7200,14.9000,14.9700,15.6700,18506882,280674865.9600
2022-01-24,sz.000951,14.8600,15.1400,14.6600,14.9000,14.9700,10269863,153138240.7000
2022-01-25,sz.000951,14.8500,15.0400,13.9800,14.1400,14.9000,30672125,439431011.5800
2022-01-26,sz.000951,14.2500,14.4700,13.9000,14.0200,14.1400,23701044,335399799.1300
2022-01-27,sz.000951,13.9900,14.0700,13.4400,13.5200,14.0200,22855484,314336292.4100
2022-01-28,sz.000951,13.5700,14.0300,13.4800,13.7200,13.5200,14804281,203193583.6800
2022-02-07,sz.000951,14.0300,14.4000,14.0100,14.2200,13.7200,13172423,186970912.5000
2022-02-08,sz.000951,14.2600,14.5800,14.1000,14.5700,14.2200,14098348,203848625.5800
2022-02-09,sz.000951,14.5700,14.8500,14.4600,14.6900,14.5700,16652315,244071024.7700
2022-02-10,sz.000951,14.6600,14.7900,14.5300,14.7600,14.6900,8709454,127778145.3700
2022-02-11,sz.000951,14.7000,14.8000,14.3100,14.3800,14.7600,14314290,207416646.7400
2022-02-14,sz.000951,14.3300,14.3300,14.0100,14.0700,14.3800,10493356,148177191.5900
2022-02-15,sz.000951,14.1000,14.1800,14.0000,14.1000,14.0700,9854610,138794004.4200
2022-02-16,sz.000951,14.3300,14.4200,14.0800,14.1400,14.1000,10795412,153643072.3000
2022-02-17,sz.000951,14.1100,14.1300,13.9400,14.0400,14.1400,9594443,134697768.4400
2022-02-18,sz.000951,13.9700,14.1900,13.8800,14.1900,14.0400,6941743,97538923.7100
2022-02-21,sz.000951,14.1900,14.2900,14.0400,14.2800,14.1900,8215297,116352570.3100
2022-02-22,sz.000951,14.1600,14.2000,13.8200,13.9300,14.2800,12244077,171231798.7500
2022-02-23,sz.000951,13.9100,14.1000,13.9100,14.1000,13.9300,7470580,104926512.0000
2022-02-24,sz.000951,14.0500,14.0700,13.4200,13.5700,14.1000,14331462,196442294.7400
2022-02-25,sz.000951,13.7400,13.9500,13.5600,13.6200,13.5700,13655593,187462645.3900
2022-02-28,sz.000951,13.6800,13.6900,13.1000,13.4300,13.6200,18400114,244633151.0000
2022-03-01,sz.000951,13.5000,13.9300,13.4700,13.6300,13.4300,11487993,156808815.0000
2022-03-02,sz.000951,13.5000,13.5900,13.4200,13.5100,13.6300,9176269,123684710.0000
2022-03-03,sz.000951,13.5800,13.7400,13.5000,13.6000,13.5100,12943414,176259715.0000
2022-03-04,sz.000951,13.5900,13.5900,13.3300,13.3700,13.6000,9878753,132458120.0000
2022-03-07,sz.000951,13.3400,13.3600,12.9000,12.9300,13.3700,13085523,170589402.0000
2022-03-08,sz.000951,12.9500,13.0700,12.3900,12.5400,12.9300,14209141,180013937.0000
2022-03-09,sz.000951,12.6600,12.7600,11.7000,12.3700,12.5400,15310756,188425216.0000
2022-03-10,sz.000951,12.8000,12.8400,12.6100,12.6300,12.3700,10469446,132994490.0000
2022-03-11,sz.000951,12.4800,12.8400,12.2800,12.8200,12.6300,9142189,115002619.0000
2022-03-14,sz.000951,12.6500,12.8200,12.5100,12.5100,12.8200,7010222,88890673.0000
2022-03-15,sz.000951,12.4500,12.4500,11.8000,11.8000,12.5100,12843360,155106317.0000
2022-03-16,sz.000951,12.0200,12.2000,11.5000,12.1400,11.8000,11782996,139858853.0000
2022-03-17,sz.000951,12.3000,12.5700,12.2200,12.3100,12.1400,12575786,155534473.0000
2022-03-18,sz.000951,12.2900,12.4800,12.2200,12.4000,12.3100,7923821,97916920.3900
2022-03-21,sz.000951,12.4200,12.5500,12.1900,12.3500,12.4000,9146532,112986792.3900
2022-03-22,sz.000951,12.2600,12.5000,12.1500,12.4000,12.3500,8906929,109820634.1900
2022-03-23,sz.000951,12.6400,12.7500,12.3600,12.4400,12.4000,9047570,113103510.3000
2022-03-24,sz.000951,12.2300,12.4500,12.2000,12.3300,12.4400,8744099,107953444.1900
2022-03-25,sz.000951,12.2800,12.3900,12.1700,12.1800,12.3300,7823503,95988001.1600
2022-03-28,sz.000951,12.0800,12.3500,11.9200,12.2700,12.1800,7120334,86666102.7100
2022-03-29,sz.000951,12.3000,12.3300,12.0600,12.1100,12.2700,5442085,66145959.2800
2022-03-30,sz.000951,12.1800,12.3700,12.1000,12.3200,12.1100,7252515,88968857.9600
2022-03-31,sz.000951,12.2700,12.4900,12.2300,12.2800,12.3200,8418787,104076308.3100
2022-04-01,sz.000951,12.0000,12.0000,11.5400,11.7400,12.2800,23578048,275679928.4400
2022-04-06,sz.000951,11.6100,11.6300,11.3600,11.4500,11.7400,16620831,190632595.2200
2022-04-07,sz.000951,11.4000,11.5400,11.1800,11.1800,11.4500,13245020,150149068.8000
2022-04-08,sz.000951,11.1700,12.3000,11.1500,12.3000,11.1800,36151754,423245665.0300
2022-04-11,sz.000951,12.5100,12.5100,11.9700,12.0000,12.3000,27801088,340963179.5300
2022-04-12,sz.000951,12.0100,12.2900,11.6400,12.2400,12.0000,22272743,268240861.9700
2022-04-13,sz.000951,12.0500,12.3900,11.9100,11.9600,12.2400,15380022,186182350.4200
2022-04-14,sz.000951,12.0500,12.6000,12.0500,12.3600,11.9600,22225518,274190452.1800
2022-04-15,sz.000951,12.2000,12.3300,11.9400,12.0800,12.3600,17474889,211652042.7400
2022-04-18,sz.000951,11.9500,11.9900,11.7500,11.8000,12.0800,12040340,142551916.9000
2022-04-19,sz.000951,11.7800,11.8900,11.5900,11.7000,11.8000,10835417,127099769.1900
2022-04-20,sz.000951,11.7300,11.8000,11.4500,11.5200,11.7000,9866458,114606363.9800
2022-04-21,sz.000951,11.4400,11.5200,11.1000,11.1200,11.5200,12408232,139746049.1800
2022-04-22,sz.000951,11.0500,11.0600,10.6000,10.6900,11.1200,14509124,156273232.9300
2022-04-25,sz.000951,10.3400,10.4600,9.6200,9.6200,10.6900,24019059,239548589.5500
2022-04-26,sz.000951,9.6300,9.6800,9.0500,9.1500,9.6200,19822553,185331117.2900
2022-04-27,sz.000951,9.0100,9.6500,8.9500,9.6200,9.1500,16712837,155782219.2800
2022-04-28,sz.000951,9.5000,9.6400,9.3000,9.5100,9.6200,12287240,116670565.8800
2022-04-29,sz.000951,9.6500,10.0000,9.6000,9.9000,9.5100,13629847,133891521.2700
2022-05-05,sz.000951,9.8500,10.2700,9.7500,10.0500,9.9000,13164822,132423527.2800
2022-05-06,sz.000951,9.8500,9.9300,9.7000,9.7700,10.0500,8163783,80077235.2900
2022-05-09,sz.000951,9.7700,10.0000,9.7300,9.8800,9.7700,6602047,65258468.3200
2022-05-10,sz.000951,9.7500,9.9500,9.6800,9.9300,9.8800,7652500,75306165.5200
2022-05-11,sz.000951,9.9100,10.3100,9.9100,10.0200,9.9300,13997347,141541971.0200
2022-05-12,sz.000951,10.0000,10.1600,9.9000,10.0400,10.0200,8789004,88125820.4300
2022-05-13,sz.000951,10.1000,10.8400,10.0800,10.8000,10.0400,27522960,290395759.9100
2022-05-16,sz.000951,10.7100,10.8500,10.4500,10.4800,10.8000,16378419,173432464.8800
2022-05-17,sz.000951,10.5100,11.5300,10.4500,11.5300,10.4800,25494611,282052114.4500
2022-05-18,sz.000951,11.5700,12.6800,11.3300,12.2700,11.5300,63034843,763514215.7000
2022-05-19,sz.000951,11.8000,12.1200,11.6700,12.1100,12.2700,38053844,453230481.4100
2022-05-20,sz.000951,12.1100,12.2700,11.9400,12.0100,12.1100,26760162,322475136.1700
2022-05-23,sz.000951,12.0000,12.5100,11.8100,12.3600,12.0100,29543851,359008978.2500
2022-05-24,sz.000951,12.3600,12.7800,11.8200,11.8400,12.3600,31966896,393062102.1400
2022-05-25,sz.000951,11.9000,12.2600,11.7400,12.2600,11.8400,25127689,302120604.5000
2022-05-26,sz.000951,12.2800,12.7400,12.0200,12.5300,12.2600,33070509,413257866.7600
2022-05-27,sz.000951,12.4500,12.7400,12.1500,12.4400,12.5300,23014324,286729431.1900
2022-05-30,sz.000951,12.5000,13.2800,12.3200,13.2000,12.4400,33522714,433987079.8800
2022-05-31,sz.000951,12.8000,13.1300,12.5300,12.7400,12.9000,25634414,327124665.6600
2022-06-01,sz.000951,12.7400,13.0000,12.6000,12.6300,12.7400,18167096,232208309.4600
2022-06-02,sz.000951,12.5000,13.0000,12.4300,12.7000,12.6300,19504176,249846613.8000
2022-06-06,sz.000951,12.8000,12.9100,12.5700,12.6700,12.7000,15222358,192875122.7100
2022-06-07,sz.000951,12.6200,12.7300,12.2600,12.5000,12.6700,18369218,228507857.4100
2022-06-08,sz.000951,12.5000,12.5900,12.1000,12.4600,12.5000,16913297,208543857.0400
2022-06-09,sz.000951,12.4600,12.4600,11.9800,12.0500,12.4600,12777686,155132675.5100
2022-06-10,sz.000951,11.9400,12.3000,11.8900,12.1900,12.0500,10079611,122651001.4000
2022-06-13,sz.000951,12.1200,12.6100,12.1100,12.3700,12.1900,16145217,200663980.8600
2022-06-14,sz.000951,12.1900,12.6100,11.9000,12.5800,12.3700,20359341,250346627.7300
2022-06-15,sz.000951,12.5700,13.3000,12.5200,12.8000,12.5800,33182348,430740324.0000
2022-06-16,sz.000951,12.8000,13.1200,12.4000,12.4200,12.8000,19034702,240992302.6900
2022-06-17,sz.000951,12.2300,12.6700,12.1800,12.5000,12.4200,12110605,151187885.2100
2022-06-20,sz.000951,12.5400,12.7900,12.4800,12.7400,12.5000,11973878,151641448.0900
2022-06-21,sz.000951,12.6200,13.0000,12.3800,12.8700,12.7400,17110932,216628226.3400
2022-06-22,sz.000951,12.8700,13.4400,12.7500,12.9300,12.8700,30223171,398350223.3600
2022-06-23,sz.000951,12.9100,13.5200,12.9000,13.5000,12.9300,36456639,486930159.1600
2022-06-24,sz.000951,13.4000,13.4500,13.0800,13.3700,13.5000,26001949,344745677.6000
2022-06-27,sz.000951,13.4600,13.6500,13.2400,13.2800,13.3700,21262886,285159342.2400
2022-06-28,sz.000951,13.4000,14.1300,13.3000,13.9900,13.2800,37535087,516266583.9400
2022-06-29,sz.000951,13.9700,13.9700,12.8200,12.8400,13.9900,36023013,480253431.9800
2022-06-30,sz.000951,12.7200,13.1000,12.6600,12.9900,12.8400,18676874,240332292.2500
2022-07-01,sz.000951,12.9100,14.2900,12.8100,14.2900,12.9900,68419020,964196900.6000
2022-07-04,sz.000951,14.2900,14.3900,13.5700,13.8300,14.2900,67300370,932025702.0300
2022-07-05,sz.000951,13.8400,14.0900,13.6500,13.7300,13.8300,31808805,440709614.8900
2022-07-06,sz.000951,13.4900,13.7000,13.2700,13.4600,13.7300,17391398,234081781.1100
2022-07-07,sz.000951,13.4600,14.0200,13.3700,13.9500,13.4600,27802182,384217236.2700
2022-07-08,sz.000951,13.9500,15.0400,13.7800,14.3300,13.9500,40228713,577488824.0000
2022-07-11,sz.000951,14.3600,14.4700,13.3900,13.5700,14.3300,28930261,397853933.6700
2022-07-12,sz.000951,13.4900,13.7000,13.0700,13.1500,13.5700,16480383,219832967.5600
2022-07-13,sz.000951,13.1300,13.9200,12.9200,13.7400,13.1500,21980088,298390838.8700
2022-07-14,sz.000951,13.5800,13.7400,13.4300,13.5100,13.7400,11588368,157047082.4500
2022-07-15,sz.000951,13.2300,13.7600,12.8900,12.9100,13.5100,19865766,262855750.8900
2022-07-18,sz.000951,12.9100,13.8800,12.9100,13.8100,12.9100,27894360,378300894.7100
2022-07-19,sz.000951,13.8100,14.3200,13.6700,13.9000,13.8100,21804863,305322183.4600
2022-07-20,sz.000951,13.9000,13.9600,13.7000,13.8300,13.9000,10703650,148076814.2900
2022-07-21,sz.000951,13.7000,14.1300,13.4200,13.8300,13.8300,19189122,265817968.4500
2022-07-22,sz.000951,13.8300,14.3500,13.7400,13.9800,13.8300,23973561,338019190.2900
2022-07-25,sz.000951,13.8300,13.9500,13.4100,13.5700,13.9800,14803000,201411934.2300
2022-07-26,sz.000951,13.5700,13.7500,13.4400,13.5000,13.5700,9027156,122473822.0800
2022-07-27,sz.000951,13.4800,13.5500,13.2700,13.4600,13.5000,8650630,115918369.4300
2022-07-28,sz.000951,13.4600,13.7400,13.3500,13.3700,13.4600,10305175,139317848.0700
2022-07-29,sz.000951,13.3300,13.5000,12.9500,13.0700,13.3700,18453883,241933718.9500
2022-08-01,sz.000951,13.0000,13.0200,12.2200,12.6900,13.0700,30314019,380177606.6800
2022-08-02,sz.000951,12.4600,12.4900,11.7800,11.9800,12.6900,22742617,274117146.6900
2022-08-03,sz.000951,11.8100,12.3200,11.4900,11.5600,11.9800,23338616,277527135.9300
2022-08-04,sz.000951,11.6400,11.6800,11.3100,11.5200,11.5600,12557190,144333859.6900
2022-08-05,sz.000951,11.5800,11.7200,11.4600,11.7200,11.5200,11241348,130299541.3600
2022-08-08,sz.000951,11.7000,11.9100,11.5800,11.9000,11.7200,10680079,125688037.0600
2022-08-09,sz.000951,12.0000,12.0000,11.7500,11.7600,11.9000,8818129,104300827.9300
2022-08-10,sz.000951,11.7400,11.9200,11.6100,11.6500,11.7600,8351609,98075022.1700
2022-08-11,sz.000951,11.7700,11.9000,11.6500,11.8800,11.6500,10593268,124823137.8300
2022-08-12,sz.000951,11.8900,11.9000,11.6800,11.7100,11.8800,10050388,118341940.4400
2022-08-15,sz.000951,11.7000,11.7700,11.5000,11.6500,11.7100,9600024,111635710.3100
2022-08-16,sz.000951,11.6200,11.8000,11.5700,11.7000,11.6500,8617833,101013144.3100
2022-08-17,sz.000951,11.7000,12.0200,11.6100,11.9700,11.7000,14442665,171544043.6000
2022-08-18,sz.000951,11.9700,12.0000,11.7400,11.8000,11.9700,9039255,106961190.1600
2022-08-19,sz.000951,11.8100,11.8800,11.6600,11.6700,11.8000,9188354,107930664.5200
2022-08-22,sz.000951,11.6700,11.8500,11.5900,11.8400,11.6700,7118146,83616190.3700
2022-08-23,sz.000951,11.8300,11.8300,11.4800,11.5100,11.8400,13912058,160988923.2300
2022-08-24,sz.000951,11.5100,11.5700,11.2800,11.2800,11.5100,9597686,109561676.3300
2022-08-25,sz.000951,11.3200,11.4500,10.9700,11.0900,11.2800,16227436,180245453.1400
2022-08-26,sz.000951,11.1200,11.2500,10.9500,11.0000,11.0900,15482998,171889618.2100
2022-08-29,sz.000951,10.8500,11.0700,10.6900,10.9300,11.0000,22712853,245983844.4600
2022-08-30,sz.000951,10.9200,11.1200,10.7300,10.7700,10.9300,15256988,165743160.2700
2022-08-31,sz.000951,10.7800,10.8100,10.4800,10.6500,10.7700,14712279,156625796.4400
2022-09-01,sz.000951,10.7000,10.7900,10.5000,10.5600,10.6500,11224554,119373656.6500
2022-09-02,sz.000951,10.6400,11.0400,10.6000,10.8100,10.5600,17025457,184128114.4200
2022-09-05,sz.000951,10.8000,10.8000,10.5800,10.7100,10.8100,8901824,94877314.6800
2022-09-06,sz.000951,10.7000,11.0100,10.6800,10.9700,10.7100,13997729,153044427.1100
2022-09-07,sz.000951,10.9100,11.0400,10.8200,10.9300,10.9700,10067876,109952491.7000
2022-09-08,sz.000951,10.9300,11.3500,10.9200,11.1400,10.9300,17190793,191904032.4400
2022-09-09,sz.000951,11.1600,11.2600,11.0300,11.1900,11.1400,10872458,121076984.7300
2022-09-13,sz.000951,11.2000,11.3900,11.1900,11.2100,11.1900,9342470,105251327.4200
2022-09-14,sz.000951,11.0500,11.3500,10.9600,11.3200,11.2100,11211941,125414258.7500
2022-09-15,sz.000951,11.3800,11.5500,11.2600,11.4300,11.3200,17361687,197744686.9700
2022-09-16,sz.000951,11.3400,11.3800,10.8800,10.9100,11.4300,13148735,146145121.1900
2022-09-19,sz.000951,10.8500,11.1700,10.7600,10.9400,10.9100,8238582,90340929.8900
2022-09-20,sz.000951,11.0500,11.1500,10.7400,10.7900,10.9400,11195645,122200620.3500
2022-09-21,sz.000951,10.7000,11.3700,10.5000,11.2600,10.7900,18893102,207598826.6400
2022-09-22,sz.000951,11.1600,11.2500,11.0600,11.1100,11.2600,12878249,143384087.1200
2022-09-23,sz.000951,11.1300,11.2400,10.7100,10.7800,11.1100,11447446,124985650.1700
2022-09-26,sz.000951,10.7000,10.8600,10.4200,10.4900,10.7800,9526432,101317287.3100
2022-09-27,sz.000951,10.5200,10.7100,10.4900,10.6900,10.4900,8225440,87272631.3600
2022-09-28,sz.000951,10.6300,10.7600,10.4200,10.4300,10.6900,7727255,81725116.4500
2022-09-29,sz.000951,10.5300,10.5900,10.0700,10.1800,10.4300,9047136,93065852.0700
2022-09-30,sz.000951,10.1800,10.2600,10.0500,10.1600,10.1800,6348737,64515470.0800
2022-10-10,sz.000951,10.1400,10.2000,9.8800,9.8900,10.1600,6396894,64220478.0200
2022-10-11,sz.000951,9.9500,10.1200,9.8100,10.1000,9.8900,5208554,52034640.9100
2022-10-12,sz.000951,10.0700,10.3500,9.8900,10.3400,10.1000,8180303,82797549.9000
2022-10-13,sz.000951,10.2700,10.6900,10.2200,10.5300,10.3400,9787474,102454815.5000
2022-10-14,sz.000951,10.5800,10.8900,10.5500,10.8400,10.5300,9631589,103909499.7500
2022-10-17,sz.000951,10.7700,11.4000,10.7100,11.3600,10.8400,13636406,152505785.8900
2022-10-18,sz.000951,11.2700,11.9000,11.2700,11.5100,11.3600,22156546,256454192.4600
2022-10-19,sz.000951,11.5300,11.8400,11.1700,11.2300,11.5100,14221487,162526093.0600
2022-10-20,sz.000951,11.1400,11.2300,10.9500,11.1700,11.2300,11273440,125395075.4000
2022-10-21,sz.000951,11.1700,11.6500,11.1200,11.5100,11.1700,12815215,147024660.6500
2022-10-24,sz.000951,11.5400,11.8300,11.3400,11.4000,11.5100,10942630,126713962.6600
2022-10-25,sz.000951,11.4100,11.8000,11.2500,11.6900,11.4000,17097375,198552910.0300
2022-10-26,sz.000951,11.6600,11.9300,11.6000,11.7700,11.6900,14703587,173653153.0800
2022-10-27,sz.000951,11.8400,12.1500,11.6900,12.0100,11.7700,16718833,200016168.4300
2022-10-28,sz.000951,11.9500,12.1300,11.4800,11.5300,12.0100,12718797,149508681.5400
2022-10-31,sz.000951,11.3500,11.6500,11.2200,11.3200,11.5300,13616383,155069281.0400
2022-11-01,sz.000951,11.4300,12.4500,11.3600,12.4500,11.3200,26708765,323124361.1800
2022-11-02,sz.000951,12.4700,13.4400,12.1300,12.8300,12.4500,53860315,692655161.4600
2022-11-03,sz.000951,12.8500,13.7700,12.7000,13.1900,12.8300,37742765,502257641.9800
2022-11-04,sz.000951,13.1300,13.4800,13.1300,13.2600,13.1900,23178122,307608212.1300
2022-11-07,sz.000951,13.2000,13.2400,12.8600,12.9400,13.2600,15686153,203694593.5400
2022-11-08,sz.000951,12.9900,12.9900,12.5500,12.7300,12.9400,15575611,198392134.8100
2022-11-09,sz.000951,12.7000,13.5000,12.5600,13.4000,12.7300,28587325,375985821.0400
2022-11-10,sz.000951,13.4700,13.6000,13.0000,13.0500,13.4000,21568212,285604101.9700
2022-11-11,sz.000951,13.3200,13.7700,13.0300,13.4300,13.0500,22567188,302374455.5400
2022-11-14,sz.000951,13.5500,14.2000,13.4300,13.9400,13.4300,34516672,482128979.9100
2022-11-15,sz.000951,13.7500,14.1300,13.6400,14.0000,13.9400,17705028,246633620.9100
2022-11-16,sz.000951,13.8500,13.9300,13.3500,13.4600,14.0000,17851854,241803577.3300
2022-11-17,sz.000951,13.3700,13.6400,13.3400,13.5900,13.4600,7808999,105383725.3500
2022-11-18,sz.000951,13.5800,13.8600,13.2700,13.3500,13.5900,12942565,174754712.1700
2022-11-21,sz.000951,13.1100,13.6000,12.9900,13.5500,13.3500,11131353,148137906.9500
2022-11-22,sz.000951,13.4900,13.5400,13.2400,13.2800,13.5500,10088598,134505852.6500
2022-11-23,sz.000951,13.2300,13.6000,13.1100,13.3800,13.2800,10561616,140841301.6500
2022-11-24,sz.000951,13.3000,13.6500,13.2800,13.4600,13.3800,9099368,122482051.1000
2022-11-25,sz.000951,13.4100,13.6900,13.2500,13.6100,13.4600,10982600,148694525.6900
2022-11-28,sz.000951,13.5100,14.1100,13.3000,13.8000,13.6100,20852422,286998835.0400
2022-11-29,sz.000951,13.8000,14.4900,13.6400,14.2700,13.8000,24001264,339881233.1200
2022-11-30,sz.000951,14.1800,15.0500,14.1300,14.8500,14.2700,35694002,530667208.6600
2022-12-01,sz.000951,14.9900,15.0700,14.6000,14.9000,14.8500,20682126,306465934.5500
2022-12-02,sz.000951,14.9800,14.9800,13.9000,13.9700,14.9000,29170805,414673492.8200
2022-12-05,sz.000951,14.0300,14.6000,14.0000,14.4600,13.9700,22609169,325951538.8000
2022-12-06,sz.000951,14.4100,14.8800,14.1800,14.8000,14.4600,17019418,248830498.2600
2022-12-07,sz.000951,14.7900,14.9900,14.5000,14.8100,14.8000,15136324,224550916.2500
2022-12-08,sz.000951,14.7700,15.4800,14.7300,15.4700,14.8100,28486469,435209549.9700
2022-12-09,sz.000951,15.3000,16.0700,15.1000,15.7700,15.4700,25360777,395140129.9100
2022-12-12,sz.000951,15.5500,16.1000,15.2500,16.0000,15.7700,23775852,376695832.1600
2022-12-13,sz.000951,15.9500,16.7000,15.8800,16.3100,16.0000,27575495,450811661.5700
2022-12-14,sz.000951,16.2500,17.2800,15.2500,15.4700,16.3100,52094107,836047123.1200
2022-12-15,sz.000951,15.4600,15.5500,14.8300,15.2300,15.4700,30060205,454237247.9000
2022-12-16,sz.000951,15.2100,15.6900,15.1500,15.2800,15.2300,14786753,227425961.5700
2022-12-19,sz.000951,15.3900,15.6600,14.7400,14.9200,15.2800,18492890,277845600.5900
2022-12-20,sz.000951,14.9200,14.9200,14.2300,14.4900,14.9200,18711335,270681885.0900
2022-12-21,sz.000951,14.4700,15.4000,14.3900,15.1900,14.4900,23127459,347188940.6600
2022-12-22,sz.000951,15.0000,15.8500,14.9500,15.4700,15.1900,16212497,249806098.9700
2022-12-23,sz.000951,15.4500,15.5700,15.1000,15.2600,15.4700,7817657,119661228.2500
2022-12-26,sz.000951,15.2100,15.2500,14.6800,14.8800,15.2600,12655191,188638528.5900
2022-12-27,sz.000951,14.8600,15.3500,14.7000,14.8200,14.8800,12870122,193525905.3100
2022-12-28,sz.000951,14.7100,14.8000,14.2500,14.4000,14.8200,12530080,180722926.2100
2022-12-29,sz.000951,14.3600,15.2500,14.3600,15.0700,14.4000,27211781,407774552.9000
2022-12-30,sz.000951,15.1000,15.2800,14.7200,14.8400,15.0700,13331521,198941674.0200
2023-01-03,sz.000951,14.9400,15.0400,14.7200,14.9000,14.8400,9308922,138738286.1800
2023-01-04,sz.000951,14.9300,15.4800,14.8000,15.1900,14.9000,9790811,148874364.9600
2023-01-05,sz.000951,15.1700,16.1800,15.1700,15.9600,15.1900,21176180,334408792.2400
2023-01-06,sz.000951,15.8000,16.0800,15.6800,15.9000,15.9600,12954131,205669195.8800
2023-01-09,sz.000951,15.7800,16.0800,15.7500,15.7700,15.9000,9317070,147894309.0200
2023-01-10,sz.000951,15.9000,16.0200,15.3500,15.8200,15.7700,8481668,133143454.6500
2023-01-11,sz.000951,15.8300,16.0800,15.5700,15.7800,15.8200,8646223,137188346.0600
2023-01-12,sz.000951,15.8000,16.5100,15.7900,16.3500,15.7800,13027112,212546858.7000
2023-01-13,sz.000951,16.3600,16.5700,16.0600,16.4800,16.3500,10543638,172630709.0300
2023-01-16,sz.000951,16.2800,16.5500,15.9200,15.9500,16.4800,10877218,176256334.0600
2023-01-17,sz.000951,15.9200,16.3400,15.8500,16.1300,15.9500,5882731,94853814.8700
2023-01-18,sz.000951,16.1000,16.3600,15.8000,15.8900,16.1300,7715224,123253791.4000
2023-01-19,sz.000951,15.7800,16.0300,15.7500,15.8700,15.8900,6337025,100648201.4400
2023-01-20,sz.000951,15.7600,15.9400,15.7300,15.8300,15.8700,5283909,83533853.5900
2023-01-30,sz.000951,16.0000,16.7600,15.9000,16.2300,15.8300,15536915,252899533.6500
2023-01-31,sz.000951,16.0200,16.6500,15.9700,16.2600,16.2300,9717407,158809820.3000
2023-02-01,sz.000951,16.1700,16.5300,16.1500,16.4300,16.2600,8137099,133534847.4900
2023-02-02,sz.000951,16.4700,16.6000,16.1100,16.1500,16.4300,7197134,117332209.9800
2023-02-03,sz.000951,16.1600,16.1600,15.5300,15.6800,16.1500,10838290,170500743.6400
2023-02-06,sz.000951,15.6300,15.6800,14.7000,14.9000,15.6800,21341312,320232164.6800
2023-02-07,sz.000951,15.0900,15.2700,14.8800,15.2300,14.9000,10750447,161929462.0800
2023-02-08,sz.000951,15.2900,15.3000,14.9000,15.0700,15.2300,6448487,97231323.8300
2023-02-09,sz.000951,15.0000,15.4800,14.8900,15.1300,15.0700,11443333,174005482.8400
2023-02-10,sz.000951,15.0200,15.1500,14.7400,15.0200,15.1300,9541401,142497163.8800
2023-02-13,sz.000951,14.8600,16.5200,14.8300,16.1300,15.0200,45226849,729859448.4600
2023-02-14,sz.000951,16.1500,16.8300,15.7700,16.6800,16.1300,31658526,514745979.3600
2023-02-15,sz.000951,16.5500,17.3000,16.5300,16.8700,16.6800,21926218,372580435.9400
2023-02-16,sz.000951,16.8800,17.3700,16.3100,16.5000,16.8700,19803778,334582871.2200
2023-02-17,sz.000951,16.6500,17.5900,16.4000,17.1800,16.5000,24534026,419963453.1400
2023-02-20,sz.000951,17.1800,18.0700,17.1800,17.9700,17.1800,37627684,671850773.7400
2023-02-21,sz.000951,17.9700,18.4900,17.6400,17.8200,17.9700,24199683,435441504.2200
2023-02-22,sz.000951,17.8900,17.8900,17.5600,17.6600,17.8200,11114480,196773652.9800
2023-02-23,sz.000951,17.6600,17.8400,17.4600,17.7300,17.6600,9200307,162322020.0000
2023-02-24,sz.000951,17.6200,17.6800,17.2200,17.2800,17.7300,10124482,175719665.8500
2023-02-27,sz.000951,17.2500,17.4000,16.7100,17.2400,17.2800,20500889,349714599.2700
2023-02-28,sz.000951,17.2400,17.3200,16.7900,16.9800,17.2400,11925494,202332867.4500
2023-03-01,sz.000951,17.0400,17.5000,16.8100,17.0900,16.9800,12179883,209085946.4100
2023-03-02,sz.000951,17.3000,18.3800,17.3000,18.2000,17.0900,31418395,566271297.1700
2023-03-03,sz.000951,18.0000,18.2200,17.8100,17.9900,18.2000,11374849,204546859.8400
2023-03-06,sz.000951,17.5000,17.9900,16.9700,17.0600,17.9900,21721407,374167303.3900
2023-03-07,sz.000951,17.1300,17.4300,16.7400,16.8000,17.0600,17367808,296232271.4700
2023-03-08,sz.000951,16.6900,16.8500,16.5200,16.7100,16.8000,8596483,143035721.2600
2023-03-09,sz.000951,16.7200,16.7800,16.3000,16.4000,16.7100,9781307,160981495.8100
2023-03-10,sz.000951,16.4800,16.6800,16.3000,16.3400,16.4000,9617307,158198849.6100
2023-03-13,sz.000951,16.5100,16.8500,16.1000,16.2000,16.3400,10329303,168409779.2600
2023-03-14,sz.000951,16.2000,16.4200,15.4400,16.0300,16.2000,20220962,320245639.4600
2023-03-15,sz.000951,16.1000,16.2800,15.8500,16.2400,16.0300,9908823,159861659.8800
2023-03-16,sz.000951,16.2400,16.2400,15.5600,15.6100,16.2400,9917988,157099967.8900
2023-03-17,sz.000951,15.8000,16.0500,15.5400,15.7000,15.6100,8931870,140982269.8900
2023-03-20,sz.000951,15.6600,15.9000,15.2800,15.6900,15.7000,16061015,250225525.6400
2023-03-21,sz.000951,15.7000,15.7900,15.5000,15.5300,15.6900,8990033,140144112.0900
2023-03-22,sz.000951,15.6800,16.0100,15.5300,15.9800,15.5300,11123383,176470692.6000
2023-03-23,sz.000951,15.9800,15.9800,15.2500,15.4200,15.9800,18113110,279983832.3000
2023-03-24,sz.000951,15.3700,15.5900,15.2200,15.4000,15.4200,12790051,197004799.5700
2023-03-27,sz.000951,15.5800,16.0700,15.3200,16.0300,15.4000,15662712,247400959.8900
2023-03-28,sz.000951,16.0500,17.1300,16.0500,16.9700,16.0300,22054234,368611274.7600
2023-03-29,sz.000951,16.9000,16.9900,16.5700,16.6400,16.9700,11070349,185267957.8800
2023-03-30,sz.000951,16.6300,16.8500,16.1600,16.6900,16.6400,12395542,204819425.8000
2023-03-31,sz.000951,16.7000,17.3000,16.3200,16.8900,16.6900,13383371,226827795.4600
2023-04-03,sz.000951,16.8900,17.1200,16.5100,16.6600,16.8900,13163398,219975446.8000
2023-04-04,sz.000951,17.2400,17.2500,16.3000,16.5400,16.6600,15622690,259804109.8500
2023-04-06,sz.000951,16.4200,16.6800,15.8600,15.9200,16.5400,14245632,229244074.1800
2023-04-07,sz.000951,16.0000,16.0000,15.7200,15.8000,15.9200,6508555,103251538.9900
2023-04-10,sz.000951,15.8400,15.9000,15.0700,15.0900,15.8000,15939653,243757628.6000
2023-04-11,sz.000951,15.0900,15.2200,14.6300,14.7700,15.0900,15767344,233978201.7400
2023-04-12,sz.000951,14.8800,14.9800,13.8800,14.0500,14.7700,32665300,464215792.3900
2023-04-13,sz.000951,14.0600,14.5300,13.9200,14.2800,14.0500,18920883,270927380.2200
2023-04-14,sz.000951,14.2900,14.9400,14.2800,14.5000,14.2800,17315080,252534740.5100
2023-04-17,sz.000951,14.4900,15.1400,14.3000,15.0700,14.5000,25664337,379943893.0500
2023-04-18,sz.000951,15.0600,15.3200,14.9700,15.2500,15.0700,13670041,208050501.7500
2023-04-19,sz.000951,15.1700,15.2500,14.5700,14.7600,15.2500,15000085,221536124.4300
2023-04-20,sz.000951,14.6800,14.9200,14.6000,14.8800,14.7600,11939361,176586009.5500
2023-04-21,sz.000951,14.8100,15.1700,14.6000,14.6700,14.8800,10013692,148441693.3200
2023-04-24,sz.000951,14.7000,14.7400,14.3800,14.4900,14.6700,7594932,110413780.7200
2023-04-25,sz.000951,14.4900,14.4900,13.9400,14.1300,14.4900,11694640,165745874.7800
2023-04-26,sz.000951,14.2200,14.5900,14.1000,14.3700,14.1300,9391699,135181612.2300
2023-04-27,sz.000951,14.4100,14.7200,14.1400,14.5800,14.3700,9599117,138910057.5500
2023-04-28,sz.000951,14.5000,14.9000,14.2500,14.5900,14.5800,10310853,149300933.6200
2023-05-04,sz.000951,15.1900,16.0500,15.0100,16.0500,14.5900,29474876,463153640.0800
2023-05-05,sz.000951,16.0400,16.3500,15.7000,15.7300,16.0500,32343099,516906724.8600
2023-05-08,sz.000951,15.7900,16.2600,15.7900,15.9800,15.7300,19653897,314785650.4200
2023-05-09,sz.000951,16.1600,16.1600,15.1500,15.2200,15.9800,29330712,454083716.5100
2023-05-10,sz.000951,15.2300,15.7800,15.1300,15.7000,15.2200,20901892,324248753.5300
2023-05-11,sz.000951,15.6200,15.6200,15.1600,15.2000,15.7000,16264109,249490119.1000
2023-05-12,sz.000951,15.2100,15.3100,14.7100,15.1800,15.2000,14952193,224961592.1700
2023-05-15,sz.000951,15.2800,15.3600,14.9000,15.1300,15.1800,13564916,205035340.8600
2023-05-16,sz.000951,15.1200,15.1200,14.7000,14.8400,15.1300,10954894,162687295.9400
2023-05-17,sz.000951,14.8400,14.9400,14.6800,14.7500,14.8400,7595058,112304573.0700
2023-05-18,sz.000951,14.7600,14.9000,14.5100,14.6600,14.7500,8936673,131410234.5800
2023-05-19,sz.000951,14.6700,14.9400,14.4500,14.8500,14.6600,12986816,191825834.0200
2023-05-22,sz.000951,14.8900,15.3000,14.8900,15.2600,14.8500,15993454,242661090.8600
2023-05-23,sz.000951,15.1900,15.3000,14.7500,14.7600,15.2600,11532284,172103782.0800
2023-05-24,sz.000951,14.6300,14.7400,14.5100,14.6000,14.7600,6115641,89492401.9700
2023-05-25,sz.000951,14.4800,14.5900,14.2200,14.3900,14.6000,8492095,122004765.1800
2023-05-26,sz.000951,14.3500,14.7900,14.2000,14.6000,14.3900,8477153,122554119.3200
2023-05-29,sz.000951,14.5900,14.8700,14.4200,14.6800,14.6000,8953053,131062464.7800
2023-05-30,sz.000951,14.6000,15.0500,14.4700,14.8400,14.6800,9270707,137147708.9500
2023-05-31,sz.000951,14.8300,14.9400,14.4100,14.4700,14.8400,9601676,140261528.5600
2023-06-01,sz.000951,14.4400,14.8200,14.4300,14.6000,14.4700,10468285,153321082.0400
2023-06-02,sz.000951,14.8000,14.9800,14.7000,14.8900,14.6000,7948185,118217024.0000
2023-06-05,sz.000951,14.9800,15.1800,14.9100,15.0800,14.8900,8901743,134232769.6000
2023-06-06,sz.000951,15.0700,15.3400,14.8400,14.9000,15.0800,10600153,160521623.9400
2023-06-07,sz.000951,14.9000,14.9400,14.4600,14.5700,14.9000,8501010,124213163.3000
2023-06-08,sz.000951,14.5700,14.9300,14.4300,14.7600,14.5700,5869423,86164517.9900
2023-06-09,sz.000951,14.8400,15.7000,14.8300,15.6300,14.7600,25386004,392236730.8100
2023-06-12,sz.000951,15.6100,16.0800,15.3900,15.9500,15.6300,16358814,259334937.6400
2023-06-13,sz.000951,15.9600,16.1400,15.7900,15.9900,15.9500,11813670,188429168.7400
2023-06-14,sz.000951,16.0400,16.2800,15.9000,16.1500,15.9900,12037866,194140854.1200
2023-06-15,sz.000951,16.1600,16.8700,16.0500,16.4900,16.1500,19158498,315713805.9700
2023-06-16,sz.000951,16.4400,16.6400,16.2200,16.3300,16.4900,12023377,196699780.0600
2023-06-19,sz.000951,16.3400,16.6000,16.0300,16.4100,16.3300,12065052,196914077.9400
2023-06-20,sz.000951,16.3600,16.5500,16.1200,16.3400,16.4100,6923605,113144074.0200
2023-06-21,sz.000951,16.3500,16.8200,16.2500,16.3300,16.3400,12822189,211611143.5000
2023-06-26,sz.000951,16.2500,16.5500,15.9300,16.0300,16.3300,14103171,227660287.3000
2023-06-27,sz.000951,15.9700,16.1800,15.7800,16.1700,16.0300,8071630,129412511.9600
2023-06-28,sz.000951,16.2100,16.8400,16.0600,16.6200,16.1700,13594797,223674763.5200
2023-06-29,sz.000951,16.4900,16.8500,16.4500,16.6900,16.5400,9686623,161826200.3000
2023-06-30,sz.000951,16.7100,17.1300,16.5000,16.8500,16.6900,9876636,165864141.0600
2023-07-03,sz.000951,17.4000,18.3000,17.1400,18.0800,16.8500,38116247,680758224.1700
2023-07-04,sz.000951,18.1500,18.1500,17.6800,17.7500,18.0800,23546548,420068813.6400
2023-07-05,sz.000951,17.8600,17.8600,17.5100,17.5700,17.7500,14896002,263175170.5900
2023-07-06,sz.000951,17.4800,17.7300,17.2400,17.3700,17.5700,13287858,231473776.6600
2023-07-07,sz.000951,17.3900,17.9100,17.3500,17.6500,17.3700,17709633,313172615.4100
2023-07-10,sz.000951,17.5700,17.8900,17.2200,17.4900,17.6500,12574049,219616294.4800
2023-07-11,sz.000951,17.5500,18.2000,17.4000,18.0700,17.4900,16627875,299038166.3400
2023-07-12,sz.000951,18.0400,18.4900,17.8400,17.8700,18.0700,17282774,314649585.6100
2023-07-13,sz.000951,17.8000,17.9700,17.6500,17.7800,17.8700,9252812,164502964.1600
2023-07-14,sz.000951,17.7700,18.1300,17.5300,17.9300,17.7800,11861234,213028716.4300
2023-07-17,sz.000951,17.8300,17.9900,17.4600,17.9100,17.9300,9787681,173404047.5100
2023-07-18,sz.000951,17.8200,18.1800,17.6100,18.0000,17.9100,10359917,186284659.6600
2023-07-19,sz.000951,18.0200,18.2100,17.6800,17.8800,18.0000,10294811,184188197.8200
2023-07-20,sz.000951,17.8800,18.0600,17.5000,17.5300,17.8800,8571253,151769533.9000
2023-07-21,sz.000951,17.5400,17.7200,17.4500,17.5300,17.5300,6126499,107591878.9600
2023-07-24,sz.000951,17.3700,17.4800,17.1500,17.4300,17.5300,9766084,168988914.8900
2023-07-25,sz.000951,17.7000,18.3500,17.7000,17.9500,17.4300,16428334,297248304.1400
2023-07-26,sz.000951,17.9700,17.9800,17.5100,17.5500,17.9500,6006766,106047803.7300
2023-07-27,sz.000951,17.7000,17.9000,17.1400,17.1700,17.5500,13487393,233488806.3300
2023-07-28,sz.000951,17.1000,17.8600,16.9100,17.7000,17.1700,11782420,205976782.6000
2023-07-31,sz.000951,17.7200,18.3800,17.7200,17.8700,17.7000,16397478,297344080.2000
2023-08-01,sz.000951,17.8900,18.3500,17.6300,17.9100,17.8700,9718347,175020500.1000
2023-08-02,sz.000951,17.9800,18.2400,17.7800,17.9300,17.9100,6542520,117496821.8000
2023-08-03,sz.000951,17.8000,18.0400,17.5800,17.6700,17.9300,8749470,154885791.7000
2023-08-04,sz.000951,17.6700,18.0900,17.6500,17.7000,17.6700,7137034,127117262.1600
2023-08-07,sz.000951,17.7400,17.8300,17.4800,17.5900,17.7000,5733468,101199926.1400
2023-08-08,sz.000951,17.6300,17.7500,17.3300,17.6400,17.5900,7598742,133557082.5900
2023-08-09,sz.000951,17.5300,17.6000,16.8400,17.0900,17.6400,14483670,247173931.3100
2023-08-10,sz.000951,17.0900,17.2000,16.8000,17.0200,17.0900,10890167,184543646.0700
2023-08-11,sz.000951,16.9600,17.1500,16.5500,16.6500,17.0200,8902421,149012787.4000
2023-08-14,sz.000951,16.5400,16.6000,16.0900,16.2800,16.6500,9753335,158489503.5000
2023-08-15,sz.000951,16.3300,16.5000,16.1000,16.2300,16.2800,7132848,116189759.5900
2023-08-16,sz.000951,16.1600,16.2800,16.0700,16.1000,16.2300,4564098,73701139.9900
2023-08-17,sz.000951,16.0000,16.7300,15.9400,16.6500,16.1000,11064770,182256569.6700
2023-08-18,sz.000951,16.5800,17.4000,16.5300,16.7700,16.6500,14605552,248772095.1400
2023-08-21,sz.000951,16.7600,16.7700,16.0500,16.0500,16.7700,8878109,145102375.9400
2023-08-22,sz.000951,16.1900,16.4400,16.0200,16.2900,16.0500,8428835,136443896.6200
2023-08-23,sz.000951,16.3100,16.3300,15.8700,15.9400,16.2900,5929560,95135802.5200
2023-08-24,sz.000951,15.9000,16.2300,15.8700,16.0600,15.9400,5790755,93025673.2500
2023-08-25,sz.000951,16.0600,16.1100,15.8500,15.8800,16.0600,3969323,63297499.6200
2023-08-28,sz.000951,16.6100,16.8000,16.3000,16.4200,15.8800,10549747,173935699.7000
2023-08-29,sz.000951,16.3800,16.6700,16.1900,16.4400,16.4200,9655048,158755005.7200
2023-08-30,sz.000951,16.5900,16.6700,16.3000,16.4200,16.4400,6686496,110056283.6200
2023-08-31,sz.000951,16.2800,16.4900,15.4200,15.4400,16.4200,23092266,362177894.6500
2023-09-01,sz.000951,15.6100,16.4200,15.6100,16.0600,15.4400,19610995,316743728.0900
2023-09-04,sz.000951,16.3000,16.9000,16.2500,16.8500,16.0600,17776467,296923993.7500
2023-09-05,sz.000951,16.8000,16.8000,16.4900,16.6300,16.8500,9097705,151237625.9700
2023-09-06,sz.000951,16.5400,16.6800,16.4400,16.4500,16.6300,6175315,102064697.0000
2023-09-07,sz.000951,16.4500,16.5400,16.1600,16.2000,16.4500,6236723,101537394.1400
2023-09-08,sz.000951,16.1400,16.2900,15.9700,16.0400,16.2000,4126835,66272478.0700
2023-09-11,sz.000951,16.1600,16.8600,15.9000,16.8100,16.0400,12214852,201995072.1600
2023-09-12,sz.000951,16.8100,16.9100,16.5300,16.6800,16.8100,6568803,109497554.7100
2023-09-13,sz.000951,16.6200,16.8300,16.5000,16.6700,16.6800,5932960,98787666.9700
2023-09-14,sz.000951,16.7100,16.7400,16.3600,16.4900,16.6700,4371028,72059332.7600
2023-09-15,sz.000951,16.5700,16.6500,16.2400,16.3500,16.4900,4192860,68764002.0000
2023-09-18,sz.000951,16.3900,16.6300,16.1700,16.5300,16.3500,5262073,86480281.2400
2023-09-19,sz.000951,16.5300,16.6900,16.3300,16.6200,16.5300,5356573,88791537.4600
2023-09-20,sz.000951,16.5900,16.7500,16.4000,16.6200,16.6200,4694411,78050468.1100
2023-09-21,sz.000951,16.6100,16.7500,16.3700,16.3800,16.6200,4965858,81903208.6600
2023-09-22,sz.000951,16.3400,16.5800,16.3000,16.5200,16.3800,4463314,73349303.8700
2023-09-25,sz.000951,16.5700,16.6500,16.3300,16.4800,16.5200,4153455,68267807.5800
2023-09-26,sz.000951,16.4300,16.5500,16.3200,16.3200,16.4800,3484224,57204199.1200
2023-09-27,sz.000951,16.3100,16.6000,16.2800,16.4500,16.3200,4104404,67638510.8400
2023-09-28,sz.000951,16.5100,16.6300,16.3100,16.4800,16.4500,5365907,88335445.6600
2023-10-09,sz.000951,16.4800,16.5700,16.1200,16.2300,16.4800,6283200,102228033.6000
2023-10-10,sz.000951,16.2500,16.4800,15.8400,16.0200,16.2300,6522291,104467583.9700
2023-10-11,sz.000951,16.1700,16.2300,15.8600,15.8900,16.0200,5588545,89388666.1400
2023-10-12,sz.000951,16.0000,16.4700,15.9400,16.3000,15.8900,7002222,114187486.5600
2023-10-13,sz.000951,16.3000,16.3000,15.5400,15.7100,16.3000,11761297,185218063.9600
2023-10-16,sz.000951,15.3500,15.3500,14.2000,14.9100,15.7100,43809022,639195836.6200
2023-10-17,sz.000951,14.7600,15.1100,14.7200,14.9400,14.9100,18406576,273913772.2400
2023-10-18,sz.000951,14.8500,15.1000,14.8000,14.9100,14.9400,10250546,153189000.0800
2023-10-19,sz.000951,14.8200,15.0200,14.7100,14.7700,14.9100,9769560,145167907.8600
2023-10-20,sz.000951,14.7000,14.8400,14.4700,14.5000,14.7700,10876033,158842597.8400
2023-10-23,sz.000951,14.5000,14.6800,14.0000,14.1200,14.5000,11652520,165934296.8000
2023-10-24,sz.000951,14.1700,14.2800,13.9500,14.0200,14.1200,9669080,135954756.8000
2023-10-25,sz.000951,14.3900,15.2700,14.3900,14.7700,14.0200,23259551,346038089.7800
2023-10-26,sz.000951,14.5500,15.1600,14.5100,15.0600,14.7700,11774701,174787191.9300
2023-10-27,sz.000951,15.0600,15.5800,14.9700,15.4500,15.0600,11610586,178815213.4700
2023-10-30,sz.000951,15.5000,15.5000,14.9600,15.2900,15.4500,10652740,161788407.2400
2023-10-31,sz.000951,15.3000,15.4000,14.6100,14.7500,15.2900,12951256,191918863.3400
2023-11-01,sz.000951,14.8900,14.8900,14.5100,14.7200,14.7500,9291157,136345960.3900
2023-11-02,sz.000951,14.7500,14.8500,14.5600,14.5600,14.7200,8638670,126602726.4200
2023-11-03,sz.000951,14.6600,14.8200,14.5500,14.6500,14.5600,7244724,106354293.8400
2023-11-06,sz.000951,14.8300,14.8500,14.5700,14.7200,14.6500,8813154,129433345.4400
2023-11-07,sz.000951,14.7000,14.8500,14.5900,14.7100,14.7200,11076656,162757547.0000
2023-11-08,sz.000951,14.6400,14.9300,14.6300,14.8400,14.7100,11678432,172479883.9700
2023-11-09,sz.000951,14.8000,15.1500,14.6700,14.8200,14.8400,13098078,195372268.1800
2023-11-10,sz.000951,14.8000,14.8000,14.4000,14.6000,14.8200,9529976,138350171.1400
2023-11-13,sz.000951,14.6800,14.7000,14.4500,14.6600,14.6000,8118906,118167325.6000
2023-11-14,sz.000951,14.6700,15.0400,14.6700,14.9900,14.6600,11616103,173242363.7000
2023-11-15,sz.000951,15.0400,15.3700,15.0300,15.3600,14.9900,11706705,178359714.0100
2023-11-16,sz.000951,15.3600,15.3900,15.1700,15.2100,15.3600,6733806,102800245.7400
2023-11-17,sz.000951,15.1600,15.5000,15.1000,15.4600,15.2100,7836316,120245377.1200
2023-11-20,sz.000951,15.4800,16.0500,15.3600,15.9500,15.4600,15331546,242018190.7800
2023-11-21,sz.000951,15.9700,16.2900,15.8400,15.8700,15.9500,12372693,198651334.3400
2023-11-22,sz.000951,15.9000,15.9500,15.5500,15.5700,15.8700,6220428,97877947.4500
2023-11-23,sz.000951,15.5500,16.0700,15.5500,16.0500,15.5700,8523747,135461141.8000
2023-11-24,sz.000951,16.0100,16.1100,15.9000,16.0000,16.0500,6015651,96148591.6100
2023-11-27,sz.000951,15.9900,16.0400,15.6800,15.8500,16.0000,7428435,117273535.2500
2023-11-28,sz.000951,15.8000,16.0000,15.6000,15.9700,15.8500,8389383,132943715.5700
2023-11-29,sz.000951,15.9400,16.0800,15.7000,15.7900,15.9700,6799040,107925391.0000
2023-11-30,sz.000951,15.7500,15.8100,15.5500,15.6400,15.7900,7210228,112817399.7600
2023-12-01,sz.000951,15.6000,15.7200,15.3700,15.4700,15.6400,8376066,130160498.2800
2023-12-04,sz.000951,15.4700,15.6400,15.2800,15.3200,15.4700,8634116,133296433.5200
2023-12-05,sz.000951,15.3400,15.4000,14.9800,15.0000,15.3200,7509880,113518125.6000
2023-12-06,sz.000951,15.0000,15.0500,14.7200,14.8000,15.0000,10707360,159185731.8000
2023-12-07,sz.000951,14.8000,14.8000,14.4100,14.4700,14.8000,11171866,162320116.2800
2023-12-08,sz.000951,14.5400,14.5400,14.0800,14.1100,14.4700,10907052,155214233.9200
2023-12-11,sz.000951,14.1200,14.5100,13.9100,14.4600,14.1100,12577236,178548960.6900
2023-12-12,sz.000951,14.4500,14.4600,14.2300,14.2900,14.4600,9126382,130508065.4800
2023-12-13,sz.000951,14.3000,14.3200,13.8600,13.8600,14.2900,10505945,147299037.5300
2023-12-14,sz.000951,13.8600,14.0200,13.6800,13.7000,13.8600,11439620,158434698.8000
2023-12-15,sz.000951,13.7300,13.9000,13.6200,13.7200,13.7000,11993353,165107790.0200
2023-12-18,sz.000951,13.7200,13.8400,13.5800,13.6400,13.7200,9312180,127652228.5200
2023-12-19,sz.000951,13.7000,13.7000,13.3900,13.4800,13.6400,7560280,101883237.0000
2023-12-20,sz.000951,13.5100,13.5500,13.1200,13.1500,13.4800,9545836,126597766.0000
2023-12-21,sz.000951,13.0100,13.2500,12.9100,13.1400,13.1500,10742660,140599760.8500
2023-12-22,sz.000951,13.1500,13.1800,12.7600,12.8600,13.1400,13600881,175238572.9800
2023-12-25,sz.000951,12.8800,12.9800,12.7500,12.9400,12.8600,7862540,101400532.2000
2023-12-26,sz.000951,12.9400,12.9800,12.5600,12.6900,12.9400,7455972,94746709.8000
2023-12-27,sz.000951,12.6800,12.7900,12.6600,12.7300,12.6900,4686993,59598125.5700
2023-12-28,sz.000951,12.6400,13.0200,12.6000,12.9400,12.7300,16251920,208315518.7800
2023-12-29,sz.000951,12.9200,13.4300,12.8200,13.3600,12.9400,20400224,269670117.8800
2024-01-02,sz.000951,13.3500,13.5900,13.2300,13.4000,13.3600,14941337,200754009.9300
2024-01-03,sz.000951,13.4200,14.0900,13.3000,14.0300,13.4000,24696717,342380433.6200
2024-01-04,sz.000951,14.1300,14.1900,13.7400,14.0000,14.0300,14974646,208579508.0500
2024-01-05,sz.000951,13.9700,14.6000,13.9300,14.0100,14.0000,21166996,302486957.7500
2024-01-08,sz.000951,13.9300,13.9300,13.5300,13.6800,14.0100,16239608,221920608.4000
2024-01-09,sz.000951,13.6300,14.0500,13.5100,13.7700,13.6800,12947140,178172239.8300
2024-01-10,sz.000951,13.7000,13.9600,13.5600,13.6800,13.7700,7720384,106150949.3400
2024-01-11,sz.000951,13.6300,14.0000,13.5000,13.9700,13.6800,9094287,125832834.0300
2024-01-12,sz.000951,13.8500,14.2800,13.8100,13.8200,13.9700,9938710,139112870.7000
2024-01-15,sz.000951,13.7900,14.0000,13.6200,13.9600,13.8200,9351860,129994110.2000
2024-01-16,sz.000951,13.9300,14.2600,13.8500,14.0200,13.9600,15654246,220221579.2700
2024-01-17,sz.000951,13.9300,14.2100,13.8800,13.8900,14.0200,10378504,146017103.3000
2024-01-18,sz.000951,13.7900,13.8300,13.3600,13.7700,13.8900,9607743,130722838.3500
2024-01-19,sz.000951,13.7500,13.7500,13.3000,13.3800,13.7700,9566614,128856183.5800
2024-01-22,sz.000951,13.3600,13.4600,12.7900,12.8000,13.3800,11736388,153210202.8000
2024-01-23,sz.000951,12.8100,13.2000,12.5500,13.1100,12.8000,11040450,143087616.7000
2024-01-24,sz.000951,14.4100,14.4200,13.6700,14.2500,13.1100,44826237,628712829.1100
2024-01-25,sz.000951,14.3400,15.3200,14.2500,15.2600,14.2500,38595024,576020700.5400
2024-01-26,sz.000951,15.2500,15.4500,15.0800,15.1700,15.2600,19305400,293943871.3600
2024-01-29,sz.000951,15.1500,15.3000,14.7700,14.8200,15.1700,18378152,274959708.9300
2024-01-30,sz.000951,14.7600,14.9000,14.3500,14.4400,14.8200,14489555,212239299.8500
2024-01-31,sz.000951,14.5000,14.5800,13.9500,13.9700,14.4400,14903500,211269136.0000
2024-02-01,sz.000951,14.0600,14.7800,13.7900,14.4500,13.9700,23135006,331596734.6600
2024-02-02,sz.000951,14.3600,14.7500,13.6100,14.0900,14.4500,18050060,256777606.8900
2024-02-05,sz.000951,13.9800,14.1900,13.1700,13.7200,14.0900,24806516,340153471.3000
2024-02-06,sz.000951,13.6200,14.8300,13.4100,14.3200,13.7200,20196916,284580989.7900
2024-02-07,sz.000951,14.2500,14.7700,14.1800,14.4900,14.3200,19520467,283180907.2800
2024-02-08,sz.000951,14.5000,15.3900,14.5000,14.9800,14.4900,22865186,344495900.9000
2024-02-19,sz.000951,15.1500,15.1800,14.7000,15.0400,14.9800,19977236,297865599.4700
2024-02-20,sz.000951,14.9100,15.6800,14.8100,15.5300,15.0400,18186078,278261430.9100
2024-02-21,sz.000951,15.5000,16.0300,15.4100,15.5900,15.5300,18471803,290462938.5400
2024-02-22,sz.000951,15.4800,16.1000,15.3500,15.9700,15.5900,16503564,262543191.1000
2024-02-23,sz.000951,15.9700,16.4000,15.8200,16.3400,15.9700,16366415,265848263.4800
2024-02-26,sz.000951,16.6800,17.4000,16.6500,16.7600,16.3400,30486543,515979937.9300
2024-02-27,sz.000951,16.7100,16.9900,16.5600,16.9900,16.7600,15158483,254421657.9200
2024-02-28,sz.000951,16.9400,16.9500,16.2500,16.3300,16.9900,16121336,268114486.9000
2024-02-29,sz.000951,16.2800,17.3000,16.1800,17.1900,16.3300,20839953,353905429.6100
2024-03-01,sz.000951,17.2500,17.4200,16.6500,16.8400,17.1900,19741238,334088108.7800
2024-03-04,sz.000951,16.7600,16.9600,16.5200,16.7600,16.8400,18810847,313465736.2400
2024-03-05,sz.000951,16.6000,17.1500,16.5200,17.0300,16.7600,14323377,241612971.7300
2024-03-06,sz.000951,16.8200,17.0200,16.7000,16.7900,17.0300,9916460,167024584.7300
2024-03-07,sz.000951,16.7500,17.2300,16.7100,16.7200,16.7900,10557380,179000030.7400
2024-03-08,sz.000951,16.9000,16.9400,16.5200,16.7100,16.7200,7800467,130044743.4500
2024-03-11,sz.000951,16.6000,16.7800,16.4500,16.6300,16.7100,11825075,196109327.6300
2024-03-12,sz.000951,16.5800,16.6500,16.0600,16.1800,16.6300,19330073,313731844.9700
2024-03-13,sz.000951,16.2300,16.3100,16.0500,16.0800,16.1800,12291780,198753749.9300
2024-03-14,sz.000951,16.1500,16.5000,16.0800,16.3200,16.0800,13631239,222747376.8800
2024-03-15,sz.000951,16.2600,16.4800,16.1900,16.4100,16.3200,10450690,170610676.0000
2024-03-18,sz.000951,16.4400,16.9200,16.4400,16.7600,16.4100,16625641,278330386.7000
2024-03-19,sz.000951,16.7600,16.7900,16.4800,16.4900,16.7600,9021548,149364698.8400
2024-03-20,sz.000951,16.4900,16.6400,16.3700,16.5400,16.4900,6419684,105858896.6400
2024-03-21,sz.000951,16.5000,16.7500,16.4000,16.6400,16.5400,9724971,161311257.5000
2024-03-22,sz.000951,16.5400,16.5700,16.2200,16.3500,16.6400,8136376,133104347.3200
2024-03-25,sz.000951,16.2500,16.9200,16.2500,16.4500,16.3500,12409407,205529220.8600
2024-03-26,sz.000951,16.3800,16.5800,16.2000,16.3600,16.4500,15062096,246877934.2400
2024-03-27,sz.000951,16.3000,16.3000,15.3300,15.5700,16.3600,32265386,506202905.7800
2024-03-28,sz.000951,15.6400,16.0400,15.5500,15.7600,15.5700,15081443,238403924.9000
2024-03-29,sz.000951,15.7700,15.9800,15.7000,15.9000,15.7600,8225348,130310174.9300
2024-04-01,sz.000951,15.9500,16.6100,15.9200,16.6100,15.9000,18159063,298398574.2600
2024-04-02,sz.000951,16.6600,16.8400,16.5600,16.7000,16.6100,11676001,194811751.5300
2024-04-03,sz.000951,16.6900,16.9500,16.5700,16.8800,16.7000,14032811,235657686.8700
2024-04-08,sz.000951,16.9800,17.2800,16.6000,16.6300,16.8800,12012854,202671762.2100
2024-04-09,sz.000951,16.6300,16.7400,16.3000,16.5100,16.6300,10620545,175373304.2500
2024-04-10,sz.000951,16.4000,16.6500,16.2000,16.4000,16.5100,8132135,133429436.4500
2024-04-11,sz.000951,16.3900,17.9900,16.2300,17.6400,16.4000,29438296,512840770.8300
2024-04-12,sz.000951,17.7000,17.8500,17.3500,17.4500,17.6400,18749174,330395808.5000
2024-04-15,sz.000951,17.4700,18.1800,17.2800,17.9500,17.4500,24429431,435685041.0600
2024-04-16,sz.000951,17.8100,18.1500,17.3600,17.4200,17.9500,19410816,343040509.0200
2024-04-17,sz.000951,17.4400,18.0000,17.2000,18.0000,17.4200,19520420,343532046.5300
2024-04-18,sz.000951,17.9000,18.1600,17.7600,17.9000,18.0000,20019122,359743736.2200
2024-04-19,sz.000951,17.7900,18.4900,17.7700,18.3000,17.9000,23577291,430071077.5100
2024-04-22,sz.000951,18.4100,18.5500,17.2900,17.3200,18.3000,23484354,415988663.6300
2024-04-23,sz.000951,17.1700,17.3900,16.5800,16.6800,17.3200,22202824,375555600.6800
2024-04-24,sz.000951,16.6700,16.8600,16.4000,16.7700,16.6800,14062798,234340955.7200
2024-04-25,sz.000951,16.6400,16.8100,16.2700,16.4600,16.7700,15473600,254791073.4000
2024-04-26,sz.000951,16.4800,17.1100,16.4600,17.0500,16.4600,17857344,299595450.5000
2024-04-29,sz.000951,17.1400,17.2900,16.4500,16.9300,17.0500,19861124,333399498.4800
2024-04-30,sz.000951,16.7900,16.7900,15.5600,16.3500,16.9300,50024430,802335567.1300
2024-05-06,sz.000951,16.3300,16.6300,16.1000,16.6000,16.3500,34012113,558753820.9400
2024-05-07,sz.000951,16.5600,17.0000,16.3600,16.4500,16.6000,20736280,344781686.3400
2024-05-08,sz.000951,16.4200,16.4200,15.9900,16.0200,16.4500,15585574,251006843.2800
2024-05-09,sz.000951,16.0000,16.8300,15.9800,16.7000,16.0200,21808945,360522759.2100
2024-05-10,sz.000951,16.6700,16.8000,16.2000,16.4100,16.7000,14339982,235347173.1600
2024-05-13,sz.000951,16.3500,16.6500,16.1000,16.5300,16.4100,14707589,241666748.4800
2024-05-14,sz.000951,16.6800,17.1000,16.6200,16.6700,16.5300,22003504,369705601.1000
2024-05-15,sz.000951,16.8000,17.5400,16.8000,17.2100,16.6700,29505142,511602766.0700
2024-05-16,sz.000951,17.2000,17.2500,16.6200,16.6900,17.2100,24779460,418233017.1400
2024-05-17,sz.000951,16.6600,16.8900,16.1600,16.4800,16.6900,18823298,309173992.5000
2024-05-20,sz.000951,16.4500,16.4500,16.1000,16.3000,16.4800,15880434,258434862.3200
2024-05-21,sz.000951,16.3200,16.6900,16.2200,16.5100,16.3000,15510076,255352991.2800
2024-05-22,sz.000951,16.4500,16.5200,16.1100,16.1300,16.5100,16500720,268180252.5000
2024-05-23,sz.000951,16.0100,16.0100,15.7000,15.7800,16.1300,14914401,235858780.6300
2024-05-24,sz.000951,15.7400,15.9600,15.6800,15.7700,15.7800,8415824,133243281.8600
2024-05-27,sz.000951,15.8000,16.1200,15.7900,16.1100,15.7700,13666463,218827691.8100
2024-05-28,sz.000951,15.6700,15.6700,15.1600,15.1700,15.6500,17611620,269677266.2000
2024-05-29,sz.000951,15.1700,15.4800,15.1000,15.3100,15.1700,10295968,157504404.7800
2024-05-30,sz.000951,15.2900,15.4900,15.1900,15.2500,15.3100,7991005,122564242.6800
2024-05-31,sz.000951,15.2600,15.7500,15.2200,15.4200,15.2500,9636756,149239967.3100
2024-06-03,sz.000951,15.3700,15.4500,14.8600,15.0100,15.4200,13905209,209949447.7000
2024-06-04,sz.000951,15.0600,15.3800,15.0100,15.3700,15.0100,9739166,148368073.1800
2024-06-05,sz.000951,15.3700,15.5200,15.2500,15.2600,15.3700,8210901,126369885.1400
2024-06-06,sz.000951,15.2000,15.4000,15.1200,15.1900,15.2600,9361970,142777703.0400
2024-06-07,sz.000951,15.2200,15.4700,15.0900,15.3000,15.1900,8570604,130657458.6400
2024-06-11,sz.000951,15.2100,15.3800,14.9100,15.0400,15.3000,11529320,173423151.6000
2024-06-12,sz.000951,14.9800,15.1300,14.8300,15.0500,15.0400,12859545,192564847.3600
2024-06-13,sz.000951,15.0000,15.0400,14.6900,14.7800,15.0500,10275530,152430925.7000
2024-06-14,sz.000951,14.7600,15.0300,14.7000,14.9600,14.7800,7768846,115628772.2000
2024-06-17,sz.000951,14.8500,14.9800,14.7400,14.7700,14.9600,10503327,155958347.7800
2024-06-18,sz.000951,14.7500,15.0200,14.5800,14.9700,14.7700,12416170,183711242.7400
2024-06-19,sz.000951,14.9600,15.0500,14.6900,14.7200,14.9700,9616909,143059785.0100
2024-06-20,sz.000951,14.6600,14.7100,14.1100,14.4800,14.7200,22303234,320616054.8300
2024-06-21,sz.000951,14.4600,14.7200,14.4000,14.6500,14.4800,8736700,127619220.6200
2024-06-24,sz.000951,14.6500,14.7200,14.3200,14.3600,14.6500,11621220,167979556.8400
2024-06-25,sz.000951,14.3000,14.6800,14.2600,14.5000,14.3600,12384212,179588230.7200
2024-06-26,sz.000951,14.4000,14.6100,14.3100,14.5800,14.5000,9084429,131144019.8300
2024-06-27,sz.000951,14.5000,14.5600,14.2100,14.2500,14.5800,10583870,151846355.1800
2024-06-28,sz.000951,14.1500,14.4900,14.0900,14.3200,14.2500,10507501,150945522.5900
2024-07-01,sz.000951,14.3100,14.8700,14.2800,14.7700,14.3200,13721332,200193614.2200
2024-07-02,sz.000951,14.7200,14.7700,13.9300,14.1900,14.7700,29976572,424542164.4400
2024-07-03,sz.000951,14.1000,14.2500,13.8000,13.8500,14.1900,12284973,171886771.6300
2024-07-04,sz.000951,13.8500,14.1200,13.6500,13.7300,13.8500,11268380,156059534.8000
2024-07-05,sz.000951,13.7000,14.0400,13.5800,13.9600,13.7300,11445808,158552125.3800
2024-07-08,sz.000951,13.9500,13.9500,13.4500,13.5100,13.9600,10297109,140318705.3600
2024-07-09,sz.000951,13.4500,13.8400,13.4400,13.7300,13.5100,13174934,180349429.6700
2024-07-10,sz.000951,13.7500,13.8300,13.6600,13.7100,13.7300,10023935,137683174.7000
2024-07-11,sz.000951,13.8800,14.2000,13.8800,14.0700,13.7100,11976655,168715540.0000
2024-07-12,sz.000951,14.0200,14.1700,13.9300,14.1000,14.0700,8173280,114748271.6000
2024-07-15,sz.000951,14.3100,14.8600,14.3100,14.5300,14.1000,19459600,282994373.2000
2024-07-16,sz.000951,14.4000,14.5500,14.1000,14.1600,14.5300,16836070,240122664.1700
2024-07-17,sz.000951,14.1900,14.2700,13.8900,14.1300,14.1600,12392830,174370154.3100
2024-07-18,sz.000951,14.0800,14.2600,13.8800,14.1600,14.1300,9579330,135372117.7900
2024-07-19,sz.000951,14.1000,14.3200,14.0400,14.0800,14.1600,9054736,128319160.9200
2024-07-22,sz.000951,13.9900,14.1700,13.9500,14.0000,14.0800,9031348,126974965.8400
2024-07-23,sz.000951,14.0000,14.1200,13.7500,13.7500,14.0000,8769361,121977269.8500
2024-07-24,sz.000951,13.6900,13.7400,13.4500,13.5400,13.7500,8485673,115020351.2900
2024-07-25,sz.000951,13.4500,13.6500,13.3900,13.6000,13.5400,6328980,85545876.3400
2024-07-26,sz.000951,14.8600,14.9600,14.6100,14.9600,13.6000,40169763,599754330.7600
2024-07-29,sz.000951,15.4000,15.7500,14.9400,15.0300,14.9600,56522260,861757104.4700
2024-07-30,sz.000951,15.0300,15.1900,14.3500,14.6400,15.0300,30669156,448522240.2200
2024-07-31,sz.000951,14.6800,15.5000,14.6100,15.3700,14.6400,35148741,535231707.3900
2024-08-01,sz.000951,15.2400,15.9700,15.1900,15.5800,15.3700,29488586,461658787.0700
2024-08-02,sz.000951,15.4700,15.6000,15.0700,15.0700,15.5800,17954728,274470588.5200
2024-08-05,sz.000951,14.9900,15.1500,14.5500,14.6100,15.0700,16605140,246098997.8000
2024-08-06,sz.000951,14.7200,14.8000,14.4900,14.6300,14.6100,12231663,178696693.2500
2024-08-07,sz.000951,14.6300,15.0200,14.5100,14.9600,14.6300,14858565,220749480.5400
2024-08-08,sz.000951,14.9000,14.9200,14.5800,14.6400,14.9600,11696234,171770834.5300
2024-08-09,sz.000951,14.6900,14.9800,14.6000,14.6800,14.6400,10702863,158088310.6400
2024-08-12,sz.000951,14.6000,14.9300,14.4000,14.8900,14.6800,11848477,175247426.8500
2024-08-13,sz.000951,14.7800,15.2500,14.6500,14.8500,14.8900,12798436,190580430.0800
2024-08-14,sz.000951,14.8500,15.0200,14.7600,14.7800,14.8500,7797500,115847870.5100
2024-08-15,sz.000951,14.7300,15.2900,14.6400,15.2500,14.7800,15220694,230256147.3600
2024-08-16,sz.000951,15.2500,15.3600,14.9000,14.9100,15.2500,8588209,129602502.9800
2024-08-19,sz.000951,14.9000,15.2500,14.8500,15.1500,14.9100,9862456,149257380.6400
2024-08-20,sz.000951,15.1600,15.1900,14.6700,14.7600,15.1500,9094580,134706524.8000
2024-08-21,sz.000951,14.7000,14.8300,14.4700,14.6000,14.7600,8325340,121631210.2000
2024-08-22,sz.000951,14.6200,14.6900,14.3100,14.3600,14.6000,6364660,91870047.6000
2024-08-23,sz.000951,14.5200,15.1400,14.4600,15.0000,14.3600,15713037,234336082.7400
2024-08-26,sz.000951,15.0200,15.0300,14.1500,14.2200,15.0000,16900000,241999665.8300
2024-08-27,sz.000951,14.1600,14.1600,13.9200,13.9800,14.2200,7582120,106095438.4000
2024-08-28,sz.000951,14.0200,14.2500,13.8000,13.8700,13.9800,7515400,105009234.4000
2024-08-29,sz.000951,13.8000,14.1000,13.7500,13.9800,13.8700,8493306,118717336.5800
2024-08-30,sz.000951,13.9900,14.6600,13.8000,14.3700,13.9800,13809630,197511826.4200
2024-09-02,sz.000951,14.2700,14.3600,13.9500,13.9600,14.3700,9921102,139533768.7200
2024-09-03,sz.000951,13.9200,14.1400,13.8800,14.0600,13.9600,5544080,77666475.2000
2024-09-04,sz.000951,13.9800,14.1000,13.8300,13.9600,14.0600,4819309,67346443.2200
2024-09-05,sz.000951,13.9700,14.1000,13.8400,14.0100,13.9600,8166306,114313892.9600
2024-09-06,sz.000951,14.0400,14.4300,14.0000,14.0200,14.0100,9888186,140579830.4100
2024-09-09,sz.000951,13.9900,13.9900,13.7400,13.8000,14.0200,7301323,100940751.2000
2024-09-10,sz.000951,13.8700,13.9100,13.6200,13.8300,13.8000,7139636,98194011.4500
2024-09-11,sz.000951,13.7800,13.8400,13.6000,13.7200,13.8300,6206850,85045421.6400
2024-09-12,sz.000951,13.7200,13.8700,13.6800,13.7000,13.7200,6694546,92154597.9200
2024-09-13,sz.000951,13.7000,13.8600,13.5000,13.6200,13.7000,5845340,79832238.9400
2024-09-18,sz.000951,13.6200,14.1200,13.5700,13.9300,13.6200,8899526,123236417.8500
2024-09-19,sz.000951,14.0500,14.6400,13.9200,14.5800,13.9300,15435096,222301207.9000
2024-09-20,sz.000951,14.4700,14.7000,14.4400,14.5400,14.5800,10859008,158076429.4200
2024-09-23,sz.000951,14.5600,14.6900,14.4500,14.5500,14.5400,6237736,91022930.7800
2024-09-24,sz.000951,14.6500,15.1000,14.3800,15.0600,14.5500,16253823,240335779.0000
2024-09-25,sz.000951,15.0600,15.4700,14.9100,15.0100,15.0600,14598745,222226455.0000
2024-09-26,sz.000951,14.8800,15.8600,14.8800,15.7700,15.0100,18048186,279996707.4600
2024-09-27,sz.000951,16.0000,16.7300,16.0000,16.3800,15.7700,20155912,328967154.0200
2024-09-30,sz.000951,16.8500,17.5000,16.6800,17.3800,16.3800,35050270,602567223.1600
2024-10-08,sz.000951,19.0000,19.1200,16.9000,17.5600,17.3800,37975617,678318325.7500
2024-10-09,sz.000951,17.4100,17.4100,16.1400,16.2300,17.5600,27838260,465280215.4700
2024-10-10,sz.000951,16.3600,17.1500,16.2300,16.6500,16.2300,22728729,380367497.9800
2024-10-11,sz.000951,16.6900,16.7000,15.9400,16.0800,16.6500,15884442,257409190.0700
2024-10-14,sz.000951,16.1200,16.7700,15.9600,16.5700,16.0800,16568820,272306649.9700
2024-10-15,sz.000951,16.3900,16.4500,15.8600,15.8600,16.5700,17351222,280388015.4200
2024-10-16,sz.000951,15.6200,16.1300,15.5600,15.9200,15.8600,11316600,179885767.8000
2024-10-17,sz.000951,15.9600,16.2600,15.6300,15.6500,15.9200,11164282,177616176.1200
2024-10-18,sz.000951,15.6500,16.3500,15.5700,16.0900,15.6500,16163804,257884572.2300
2024-10-21,sz.000951,16.1000,16.1900,15.8000,15.9200,16.0900,15717993,250354339.3000
2024-10-22,sz.000951,16.0000,16.2800,15.9000,16.0900,15.9200,13348100,214617676.2000
2024-10-23,sz.000951,16.0900,16.4700,15.9900,16.3000,16.0900,17668075,287301457.4000
2024-10-24,sz.000951,16.2000,16.2200,15.9200,16.1100,16.3000,9377160,150468872.1800
2024-10-25,sz.000951,16.1200,16.3400,16.0800,16.1800,16.1100,15871135,256989462.7600
2024-10-28,sz.000951,16.2500,16.7300,16.0700,16.7000,16.1800,21860162,360047443.3700
2024-10-29,sz.000951,16.4800,16.5000,16.0600,16.1400,16.4100,14345588,233194291.4800
2024-10-30,sz.000951,16.0900,16.2900,15.8200,16.0000,16.1400,11114739,178193587.9500
2024-10-31,sz.000951,16.5000,17.0600,16.3600,16.7800,16.0000,32697467,547939006.4700
2024-11-01,sz.000951,16.6200,16.7700,16.0800,16.3100,16.7800,23416004,383771965.1100
2024-11-04,sz.000951,16.3100,16.5100,16.0300,16.3200,16.3100,16350855,265685018.5900
2024-11-05,sz.000951,16.2800,16.4800,15.9600,16.4200,16.3200,20705114,337585804.4000
2024-11-06,sz.000951,16.4200,16.7200,16.2800,16.3300,16.4200,19849349,326841621.6000
2024-11-07,sz.000951,16.1800,16.6800,16.0500,16.6700,16.3300,19819926,324783095.4600
2024-11-08,sz.000951,16.7000,17.1000,16.5600,16.6100,16.6700,17945488,300927438.2000
2024-11-11,sz.000951,16.6400,16.6600,16.1600,16.5700,16.6100,19449468,319010571.0100
2024-11-12,sz.000951,16.6600,16.9600,16.4000,16.5500,16.5700,25355771,424125517.7400
2024-11-13,sz.000951,16.4500,16.7400,16.3500,16.5400,16.5500,12793160,211082921.1600
2024-11-14,sz.000951,16.5100,16.5600,16.0500,16.0900,16.5400,13814318,224714497.1400
2024-11-15,sz.000951,16.0000,16.5700,15.9600,16.1700,16.0900,13858954,225444924.2100
2024-11-18,sz.000951,16.2200,16.4400,15.9000,16.0200,16.1700,12273832,198792682.1600
2024-11-19,sz.000951,16.0700,16.6000,15.9600,16.5600,16.0200,18338858,301461550.3100
2024-11-20,sz.000951,16.5700,16.8400,16.3800,16.7300,16.5600,16052827,267079916.4700
2024-11-21,sz.000951,16.7500,18.0600,16.7000,17.5000,16.7300,39167077,686424106.3800
2024-11-22,sz.000951,17.3600,17.4500,16.4600,16.5100,17.5000,22124360,374770926.7100
2024-11-25,sz.000951,16.3300,16.8500,16.1000,16.2800,16.5100,18186120,298472192.0600
2024-11-26,sz.000951,16.3000,16.4000,16.1200,16.1500,16.2800,9394524,152587089.6400
2024-11-27,sz.000951,16.1500,16.2300,15.7700,16.2200,16.1500,11570575,184949074.7700
2024-11-28,sz.000951,16.2300,16.2400,15.9100,15.9300,16.2200,9369769,150264209.2200
2024-11-29,sz.000951,16.0100,16.7000,15.9900,16.4200,15.9300,18685231,307540906.3000
2024-12-02,sz.000951,16.3500,17.0800,16.3000,16.9800,16.4200,18539817,310745123.2200
2024-12-03,sz.000951,16.9800,17.4000,16.9100,17.2800,16.9800,17219980,295006111.0000
2024-12-04,sz.000951,17.2800,17.3900,16.9900,17.0900,17.2800,11482051,197347887.8900
2024-12-05,sz.000951,17.0800,17.1300,16.8200,17.0700,17.0900,7725550,131040751.9900
2024-12-06,sz.000951,17.1000,17.2100,16.9200,17.1100,17.0700,7327800,125148105.6000
2024-12-09,sz.000951,17.1100,17.3800,17.0100,17.3100,17.1100,10354644,178733539.6400
2024-12-10,sz.000951,17.6500,18.4700,17.6500,17.8600,17.3100,31937174,577554605.7300
2024-12-11,sz.000951,17.8100,18.1000,17.6800,17.7100,17.8600,11264253,201207296.9000
2024-12-12,sz.000951,17.7100,17.8000,17.5400,17.7200,17.7100,8073980,142615654.2000
2024-12-13,sz.000951,17.5900,17.7200,17.3200,17.3600,17.7200,9264592,161887669.7400
2024-12-16,sz.000951,17.2800,17.4800,17.1100,17.2000,17.3600,8087278,139445387.9200
2024-12-17,sz.000951,17.1800,17.4400,17.0900,17.2400,17.2000,8709839,150308791.6700
2024-12-18,sz.000951,17.3100,17.5500,16.8000,16.8800,17.2400,12752309,217494816.0900
2024-12-19,sz.000951,16.6600,17.1400,16.5600,17.0300,16.8800,11084651,187873199.6800
2024-12-20,sz.000951,16.9500,17.0700,16.4500,16.6400,17.0300,17553213,291994850.0100
2024-12-23,sz.000951,16.6300,17.5000,16.5700,17.1900,16.6400,21543108,371813947.7800
2024-12-24,sz.000951,17.1100,17.4800,17.1100,17.3500,17.1900,9334869,161358818.0100
2024-12-25,sz.000951,17.3700,17.4700,17.1000,17.3500,17.3500,8716616,150530774.8400
2024-12-26,sz.000951,17.3500,17.3600,16.9700,17.1900,17.3500,9025458,154891865.5400
2024-12-27,sz.000951,17.1900,17.3500,16.8900,17.2400,17.1900,9655910,165150366.4600
2024-12-30,sz.000951,17.3500,17.7800,17.0200,17.3000,17.2400,12271587,211700322.2200
2024-12-31,sz.000951,17.3000,17.3900,16.8800,16.9800,17.3000,14579122,248459603.0700
2025-01-02,sz.000951,16.9300,17.5500,16.5900,16.7300,16.9800,22810535,392524864.7600
2025-01-03,sz.000951,16.7900,17.8000,16.6900,17.1400,16.7300,28016088,485485683.0400
2025-01-06,sz.000951,17.2000,17.6100,17.0700,17.4100,17.1400,21353829,370679643.3000
2025-01-07,sz.000951,17.4300,17.6500,16.9500,17.3400,17.4100,18597949,320848685.5000
2025-01-08,sz.000951,17.2000,19.0700,16.9100,19.0700,17.3400,59200883,1078117730.0700
2025-01-09,sz.000951,18.8300,20.0200,18.4000,19.5000,19.0700,74010171,1416983083.7000
2025-01-10,sz.000951,19.0600,19.1100,18.4500,18.7300,19.5000,39903503,746430130.4200
2025-01-13,sz.000951,18.3000,19.5500,18.1900,19.0200,18.7300,34632530,661816896.7600
2025-01-14,sz.000951,19.0200,19.7800,18.9000,19.6900,19.0200,35644503,691095341.9000
2025-01-15,sz.000951,19.5000,19.5800,18.9000,18.9300,19.6900,24510472,469316073.0600
2025-01-16,sz.000951,19.1900,19.6700,19.1200,19.2400,18.9300,20898362,404443435.8200
2025-01-17,sz.000951,19.2000,19.5600,19.0400,19.2600,19.2400,16874256,325989818.4200
2025-01-20,sz.000951,19.3700,19.7500,19.0000,19.1100,19.2600,17283371,332281658.6400
2025-01-21,sz.000951,19.1700,19.2000,18.6700,18.8000,19.1100,21418731,403335927.9200
2025-01-22,sz.000951,18.6600,18.8700,18.5400,18.8200,18.8000,10826545,202925216.7800
2025-01-23,sz.000951,18.9500,19.0100,18.4200,18.4900,18.8200,17275066,322177148.0400
2025-01-24,sz.000951,18.4000,18.7500,18.3800,18.6300,18.4900,14130061,262918288.2800
2025-01-27,sz.000951,18.6900,18.8700,18.5200,18.5300,18.6300,11587397,216506130.0600
2025-02-05,sz.000951,18.5400,18.6100,17.7900,17.8200,18.5300,20006210,361224245.7000
2025-02-06,sz.000951,17.7500,17.9700,17.5000,17.9300,17.8200,18214933,323661405.5200
2025-02-07,sz.000951,17.9400,18.1800,17.6700,18.1100,17.9300,17311590,311543614.7000
2025-02-10,sz.000951,18.1300,18.3400,18.0200,18.1700,18.1100,16929021,307115012.7300
2025-02-11,sz.000951,18.1100,18.4600,17.8300,17.9600,18.1700,16038378,288914660.3000
2025-02-12,sz.000951,17.8500,18.3800,17.8100,18.3600,17.9600,14427871,261998892.4400
2025-02-13,sz.000951,18.4000,19.2800,18.4000,18.5700,18.3600,26108740,493749893.6600
2025-02-14,sz.000951,18.3900,18.8400,18.3900,18.6200,18.5700,10724430,199887422.8000
2025-02-17,sz.000951,18.5500,18.5800,17.9800,18.0400,18.6200,15270470,276792845.7000
2025-02-18,sz.000951,18.0300,18.1900,17.6500,17.7000,18.0400,11087570,198580866.5200
2025-02-19,sz.000951,17.7200,17.9700,17.4800,17.9500,17.7000,12009259,212689770.2400
2025-02-20,sz.000951,17.8900,17.8900,17.4000,17.6500,17.9500,15460913,271751807.7000
2025-02-21,sz.000951,17.6000,17.6900,16.7400,16.9600,17.6500,39775424,674880490.9500
2025-02-24,sz.000951,16.8500,17.2600,16.8000,16.9100,16.9600,18192781,308270131.6000
2025-02-25,sz.000951,16.8200,17.0300,16.6400,16.7100,16.9100,16393336,275690123.2600
2025-02-26,sz.000951,16.7000,16.9300,16.7000,16.8000,16.7100,12232081,205411908.1200
2025-02-27,sz.000951,16.7900,17.6300,16.7800,17.5300,16.8000,25393636,437644436.0100
2025-02-28,sz.000951,17.4000,18.4000,17.4000,17.7900,17.5300,37420615,674273535.3500
2025-03-03,sz.000951,17.8500,19.0900,17.8500,18.4100,17.7900,32815952,614413197.8500
2025-03-04,sz.000951,18.2500,18.5100,18.2000,18.4100,18.4100,10999436,202028015.7000
2025-03-05,sz.000951,18.7700,19.9800,18.7700,19.5200,18.4100,37751748,740234989.6200
2025-03-06,sz.000951,19.6000,19.8200,19.3100,19.4200,19.5200,17271809,336018769.6900
2025-03-07,sz.000951,19.3700,19.7500,19.2000,19.4300,19.4200,15609619,305325217.6900
2025-03-10,sz.000951,19.6000,19.6000,18.9800,19.1700,19.4300,11425320,218817519.0000
2025-03-11,sz.000951,19.1000,19.2500,18.8800,19.1300,19.1700,9685136,184644087.5600
2025-03-12,sz.000951,19.2100,19.3200,18.6700,18.7000,19.1300,8980272,169665030.0000
2025-03-13,sz.000951,18.7700,18.8200,18.4100,18.4700,18.7000,9931600,183911280.7200
2025-03-14,sz.000951,18.5100,19.4500,18.4800,19.3000,18.4700,19003818,364604356.5400
2025-03-17,sz.000951,19.3400,19.4100,19.1100,19.3200,19.3000,8047939,155333529.8200
2025-03-18,sz.000951,19.2300,19.3200,18.4000,18.5800,19.3200,20184940,375383275.9200
2025-03-19,sz.000951,19.5000,20.4400,19.1800,19.1900,18.5800,50223038,999953747.1900
2025-03-20,sz.000951,18.5100,19.8300,18.5000,19.3200,19.1900,29936121,575455171.4300
2025-03-21,sz.000951,19.2600,19.9000,19.1800,19.4500,19.3200,15961818,311863453.1700
2025-03-24,sz.000951,19.5000,19.8900,18.9800,19.2900,19.4500,18535566,357752893.4500
2025-03-25,sz.000951,19.2700,19.6800,18.8700,19.1000,19.2900,12108200,232486296.2000
2025-03-26,sz.000951,19.1500,19.7700,18.9300,19.3400,19.1000,13998667,271061690.0700
2025-03-27,sz.000951,19.4100,19.6900,19.2200,19.5600,19.3400,15365458,298563231.5800
2025-03-28,sz.000951,20.0000,20.8800,19.8900,20.5900,19.5600,44933473,919625101.7900
2025-03-31,sz.000951,20.7000,20.8500,19.9600,20.1800,20.5900,21138528,428367434.7600
2025-04-01,sz.000951,20.3000,20.3600,19.9100,19.9300,20.1800,18865068,378323275.1600
2025-04-02,sz.000951,19.9300,20.2400,19.4100,20.1500,19.9300,17232934,343612767.6800
2025-04-03,sz.000951,19.7900,20.1800,19.6500,19.7800,20.1500,18170928,362052747.3800
2025-04-07,sz.000951,18.0200,19.0700,17.8000,18.6200,19.7800,26899195,496283882.8600
2025-04-08,sz.000951,18.4400,19.5000,18.3200,19.4200,18.6200,23438413,446434108.3100
2025-04-09,sz.000951,19.1300,19.9700,18.6800,19.7500,19.4200,16067182,311774801.1700
2025-04-10,sz.000951,19.7600,19.8000,19.0100,19.1700,19.7500,23197582,447917312.8200
2025-04-11,sz.000951,18.9800,19.2300,18.6200,18.8400,19.1700,13165611,248864083.2000
2025-04-14,sz.000951,18.9900,19.0900,18.6000,18.8400,18.8400,13783564,258673996.3200
2025-04-15,sz.000951,18.8500,18.8500,18.2600,18.6900,18.8400,16204186,300021859.3800
2025-04-16,sz.000951,18.6000,18.6000,17.6500,17.9100,18.6900,25498287,457478511.0100
2025-04-17,sz.000951,17.8000,17.8500,17.0000,17.6200,17.9100,27035956,471227195.1800
2025-04-18,sz.000951,17.5100,17.8500,17.5100,17.7300,17.6200,11920740,211242720.5000
2025-04-21,sz.000951,17.8300,18.3200,17.6600,18.1600,17.7300,15049492,272643221.7000
2025-04-22,sz.000951,18.1400,18.2500,18.0100,18.1200,18.1600,8992460,162946933.1000
2025-04-23,sz.000951,18.1600,18.4500,17.9200,18.2100,18.1200,11993284,217818606.0000
2025-04-24,sz.000951,18.1800,18.2100,17.9200,18.0300,18.2100,7409430,133693176.0000
2025-04-25,sz.000951,17.9700,18.1100,17.9100,18.0100,18.0300,7185391,129364902.8200
2025-04-28,sz.000951,18.0100,18.0700,17.5400,17.8900,18.0100,10031747,178362075.3200
2025-04-29,sz.000951,17.8000,18.0000,17.7800,17.9000,17.8900,5737130,102632981.5500
2025-04-30,sz.000951,17.8100,17.8700,16.7400,16.9700,17.9000,31569774,536741676.2900
2025-05-06,sz.000951,16.9800,17.2200,16.8300,17.1700,16.9700,18067732,308411740.0600
2025-05-07,sz.000951,17.3000,17.5500,17.0700,17.1500,17.1700,14073523,242517951.2600
2025-05-08,sz.000951,17.0700,17.2100,17.0100,17.1500,17.1500,9402791,161061748.5900
2025-05-09,sz.000951,17.1800,17.2000,16.9100,17.0500,17.1500,10025111,170951538.0900
2025-05-12,sz.000951,17.1600,17.3600,17.1600,17.2700,17.0500,14173259,244368909.8700
2025-05-13,sz.000951,17.4200,17.5500,17.3000,17.4700,17.2700,15648960,272928961.1800
2025-05-14,sz.000951,17.4900,17.6000,17.3200,17.5700,17.4700,14276435,249715667.0200
2025-05-15,sz.000951,17.5600,17.6000,17.1500,17.1600,17.5700,10695848,184764185.4000
2025-05-16,sz.000951,17.1500,17.3200,17.1200,17.2800,17.1600,7444235,128482962.5500
2025-05-19,sz.000951,17.2500,17.3000,17.0400,17.1600,17.2800,6374447,109465882.8400
2025-05-20,sz.000951,17.1600,17.2500,17.0600,17.2100,17.1600,7670278,131665687.7600
2025-05-21,sz.000951,17.1900,17.6300,17.1600,17.5300,17.2100,13890950,242807209.9200
2025-05-22,sz.000951,17.4600,17.6800,17.3400,17.4300,17.5300,12203545,212899488.7900
2025-05-23,sz.000951,17.4100,17.9800,17.4000,17.4600,17.4300,22732717,401871099.0900
2025-05-26,sz.000951,17.4200,17.8600,17.2100,17.3800,17.4600,13849145,240773468.2300
2025-05-27,sz.000951,17.3900,17.7300,17.1900,17.3200,17.3800,9883603,171141041.8400
2025-05-28,sz.000951,17.3100,17.9900,17.2400,17.9700,17.3200,23042346,409168496.1600
2025-05-29,sz.000951,17.8900,18.5000,17.8900,18.4600,17.9700,21279651,390892958.8600
2025-05-30,sz.000951,18.5300,18.9500,18.2800,18.3600,18.4600,15609577,288777382.8400
2025-06-03,sz.000951,18.3000,18.6200,18.2000,18.4400,18.3600,11382560,210021291.6500
2025-06-04,sz.000951,18.4400,18.6200,18.0200,18.2800,18.4400,12344944,225030796.1900
2025-06-05,sz.000951,18.2600,18.3000,17.8200,17.8900,18.2800,10005580,179634488.6000
2025-06-06,sz.000951,17.9400,17.9500,17.6600,17.7600,17.8900,8604132,152857188.0000
2025-06-09,sz.000951,17.7300,18.0800,17.6700,17.9300,17.7600,10826120,193741672.0000
2025-06-10,sz.000951,17.9600,18.1500,17.6300,17.7700,17.9300,8234755,146844797.0500
2025-06-11,sz.000951,17.7700,18.0200,17.7700,17.8800,17.7700,7218178,129205019.4400
2025-06-12,sz.000951,17.9300,18.0100,17.5500,17.6500,17.8800,13082267,232070991.1000
2025-06-13,sz.000951,17.6100,17.6400,17.1700,17.2800,17.6500,21607312,373725738.4000
2025-06-16,sz.000951,17.1700,17.2700,16.8800,17.0300,17.2800,17573080,298829270.1500
2025-06-17,sz.000951,17.0500,17.2300,16.8400,17.1800,17.0300,15055134,255915411.1200
2025-06-18,sz.000951,17.1500,17.4700,17.1100,17.2700,17.1800,11247657,194891126.9100
2025-06-19,sz.000951,17.2700,17.3000,16.8400,16.8600,17.2700,11373354,192988844.7200
2025-06-20,sz.000951,16.8500,17.0400,16.8400,16.9400,16.8600,6084374,103125084.2000
2025-06-23,sz.000951,16.8000,17.5900,16.6600,17.4900,16.9400,16028190,275560263.5700
2025-06-24,sz.000951,17.4900,17.6800,17.4100,17.6600,17.4900,9899127,173799857.7800
2025-06-25,sz.000951,17.6500,18.0200,17.6000,17.9800,17.6600,13176370,235592141.1500
2025-06-26,sz.000951,17.9700,18.0400,17.6900,17.7100,17.9800,7890287,140653726.3400
2025-06-27,sz.000951,17.5000,17.6600,17.2000,17.2300,17.3100,10355827,180317679.7400
2025-06-30,sz.000951,17.2300,17.6400,17.1800,17.5800,17.2300,9958954,174616615.1400
2025-07-01,sz.000951,17.6500,18.7400,17.6500,18.1900,17.5800,27610440,506672536.7200
2025-07-02,sz.000951,18.0600,18.2600,17.9300,18.0600,18.1900,9342680,169182957.8400
2025-07-03,sz.000951,18.1100,18.1600,17.8000,17.9500,18.0600,9301626,167202952.3800
2025-07-04,sz.000951,17.9500,18.1000,17.8800,17.9600,17.9500,5413483,97438511.7900
2025-07-07,sz.000951,17.8800,18.0000,17.6600,17.7100,17.9600,6146602,109382640.8200
2025-07-08,sz.000951,17.7700,17.9200,17.6100,17.9000,17.7100,10041735,178483863.8000
2025-07-09,sz.000951,17.9800,18.3500,17.8000,18.2000,17.9000,11319380,206238309.6000
2025-07-10,sz.000951,18.1900,18.3600,18.0500,18.3300,18.2000,8333400,151786826.3000
2025-07-11,sz.000951,18.3800,18.3800,18.0100,18.0600,18.3300,10020597,181518717.4000
2025-07-14,sz.000951,18.0800,18.1400,17.9600,17.9700,18.0600,5629788,101543131.1400
2025-07-15,sz.000951,17.9400,18.3200,17.9200,18.0800,17.9700,9940611,180247863.4700
2025-07-16,sz.000951,18.1300,18.2000,17.9000,18.0600,18.0800,7002698,126163646.4500
2025-07-17,sz.000951,18.0200,18.1600,17.9000,18.0400,18.0600,5777190,104164436.2200
2025-07-18,sz.000951,18.0300,18.4800,17.9800,18.3100,18.0400,15834332,289334029.4500
2025-07-21,sz.000951,18.6300,19.2400,18.5300,19.2000,18.3100,21732335,412779942.3500
2025-07-22,sz.000951,19.1600,20.0100,19.0500,19.9500,19.2000,29856037,585553543.3700
2025-07-23,sz.000951,20.0500,20.1600,19.3900,19.5700,19.9500,20972784,411361269.1000
2025-07-24,sz.000951,19.4300,19.5100,18.9400,19.0300,19.5700,16475802,314359093.2800
2025-07-25,sz.000951,19.0300,19.2300,18.8300,18.9500,19.0300,10819726,205990195.9700
2025-07-28,sz.000951,19.0400,19.0500,18.6300,18.8600,18.9500,10716465,201218020.1700
2025-07-29,sz.000951,18.8200,18.8200,18.4600,18.7300,18.8600,11296801,210159934.6000
2025-07-30,sz.000951,18.6700,18.9400,18.6300,18.7500,18.7300,10134966,190445104.5900
2025-07-31,sz.000951,18.8000,18.8000,18.1800,18.2700,18.7500,10546900,193873090.0000
2025-08-01,sz.000951,18.3500,18.4600,17.9500,18.0000,18.2700,12195204,220910825.2100
2025-08-04,sz.000951,17.9400,18.1800,17.7900,18.1300,18.0000,12100885,217250179.0300
2025-08-05,sz.000951,18.1800,18.3000,18.0800,18.2100,18.1300,6654144,121091331.7900
2025-08-06,sz.000951,18.2700,18.3200,18.0600,18.2900,18.2100,8285947,150927556.9000
2025-08-07,sz.000951,18.3300,18.3300,17.9400,18.0600,18.2900,9850124,178159294.1200
2025-08-08,sz.000951,18.0700,18.3200,18.0000,18.1200,18.0600,7981243,144862880.6000
2025-08-11,sz.000951,18.1800,18.1800,17.6400,17.9200,18.1200,17565390,314249466.5100
2025-08-12,sz.000951,17.9100,18.1500,17.8600,17.9600,17.9200,11079653,199428173.9100
2025-08-13,sz.000951,17.9200,18.1400,17.9200,18.0600,17.9600,11168963,201502814.3400
2025-08-14,sz.000951,18.0600,18.2500,18.0100,18.0100,18.0600,13627813,246995951.5900
2025-08-15,sz.000951,17.9800,18.3300,17.9200,18.2800,18.0100,11824045,215582336.1000
2025-08-18,sz.000951,18.3200,18.3600,18.0600,18.1500,18.2800,20138660,366145717.1400
2025-08-19,sz.000951,18.1600,18.3500,18.1500,18.1700,18.1500,14540240,265342959.5000
2025-08-20,sz.000951,18.1400,18.5000,18.0500,18.4700,18.1700,17065367,312524740.4900
2025-08-21,sz.000951,18.4700,18.9600,18.3500,18.7100,18.4700,20038564,375835749.4400
2025-08-22,sz.000951,18.7200,18.8100,18.4800,18.7600,18.7100,12859123,239835534.3000
2025-08-25,sz.000951,18.7900,19.1100,18.6700,18.9400,18.7600,15051300,284494693.4100
2025-08-26,sz.000951,18.8800,19.1100,18.8000,19.0000,18.9400,11304308,214846414.1200
2025-08-27,sz.000951,19.0000,19.2300,18.3900,18.4400,19.0000,17425435,327236714.1900
2025-08-28,sz.000951,18.2100,18.4900,18.0600,18.4400,18.4400,16266906,297724705.9400
2025-08-29,sz.000951,18.4800,18.7300,18.0400,18.1400,18.4400,17124212,315132041.1200
2025-09-01,sz.000951,18.2000,18.2200,17.8500,17.9900,18.1400,12934409,232748697.9900
2025-09-02,sz.000951,18.0000,18.2000,17.7600,17.8800,17.9900,11210276,200883854.8800
2025-09-03,sz.000951,17.8800,18.0100,17.6000,17.6300,17.8800,9738663,173000585.3500
2025-09-04,sz.000951,17.6400,17.7000,17.2700,17.4700,17.6300,10589197,185338200.7500
2025-09-05,sz.000951,17.4600,17.8000,17.4000,17.7800,17.4700,11771950,207693289.7200
2025-09-08,sz.000951,17.7700,18.0700,17.7500,17.8600,17.7800,10557947,188671283.7300
2025-09-09,sz.000951,17.8200,18.1300,17.7700,17.9800,17.8600,9506934,171002019.7800
2025-09-10,sz.000951,17.9300,18.0000,17.5500,17.5900,17.9800,10691339,189057702.6900
2025-09-11,sz.000951,17.6800,17.6800,17.4500,17.5700,17.5900,13453862,235908446.4400
2025-09-12,sz.000951,17.6000,17.6500,17.2400,17.2900,17.5700,17694322,307709956.2400
2025-09-15,sz.000951,17.3000,17.3700,17.1100,17.1800,17.2900,11540643,198350455.4300
2025-09-16,sz.000951,17.2100,17.2500,16.9100,17.0100,17.1800,15012629,255180440.2100
2025-09-17,sz.000951,17.0500,17.1400,16.9300,17.1100,17.0100,13532815,230457950.6400
2025-09-18,sz.000951,17.1100,17.1500,16.8000,16.8400,17.1100,15603828,264768421.9400
2025-09-19,sz.000951,16.8100,16.9500,16.7000,16.9200,16.8400,10138827,170608227.0200
2025-09-22,sz.000951,16.9300,16.9600,16.6000,16.7200,16.9200,10592290,176871408.6700
2025-09-23,sz.000951,16.7200,16.9000,16.4600,16.8900,16.7200,12622319,210414971.3900
2025-09-24,sz.000951,16.8600,17.5500,16.8000,17.5500,16.8900,25877993,447122924.4600
2025-09-25,sz.000951,17.5300,17.5300,17.0500,17.1500,17.5500,14284328,246411663.6300
2025-09-26,sz.000951,17.1500,17.1600,16.9400,16.9900,17.1500,9091470,154634660.5800
2025-09-29,sz.000951,17.0000,17.2400,16.7600,17.2300,16.9900,10658118,181332109.8200
2025-09-30,sz.000951,17.1600,17.3200,17.0200,17.2100,17.2300,9884614,169608205.6300
2025-10-09,sz.000951,17.2200,17.5600,17.1200,17.5200,17.2100,13418439,234392219.4900
2025-10-10,sz.000951,17.4700,17.7800,17.3900,17.6800,17.5200,14074391,248258967.1200
2025-10-13,sz.000951,17.3500,17.5600,17.1600,17.4600,17.6800,10908609,189740814.7900
2025-10-14,sz.000951,17.5100,17.8300,17.5000,17.7200,17.4600,16240685,288057816.2500
2025-10-15,sz.000951,17.9200,18.4200,17.7400,18.2800,17.7200,24964950,452406599.4200
2025-10-16,sz.000951,18.3500,18.4200,18.0900,18.1800,18.2800,17218964,314104562.9900
2025-10-17,sz.000951,18.2400,18.4400,17.6100,17.6600,18.1800,13808201,247579808.4000
2025-10-20,sz.000951,17.7700,17.8800,17.4700,17.5800,17.6600,13487713,237463254.5400
2025-10-21,sz.000951,17.5900,17.9200,17.5500,17.7100,17.5800,8312595,147767399.5400
2025-10-22,sz.000951,17.7100,17.7600,17.4600,17.5000,17.7100,8005040,140704881.2000
2025-10-23,sz.000951,17.5000,17.7900,17.3700,17.7600,17.5000,7184042,126158040.6700
2025-10-24,sz.000951,17.7100,17.7800,17.4800,17.5800,17.7600,7144861,125745696.8200
2025-10-27,sz.000951,17.6300,17.8500,17.5400,17.6600,17.5800,13083714,231548436.9900
2025-10-28,sz.000951,17.6100,17.6100,17.1600,17.2400,17.6600,16097770,278954303.7000
2025-10-29,sz.000951,17.2400,17.2400,17.0400,17.1700,17.2400,10151212,173511417.2800
2025-10-30,sz.000951,17.1800,17.7400,17.0600,17.4800,17.1700,20667850,360242160.8200
2025-10-31,sz.000951,17.7500,18.2900,17.7400,18.1400,17.4800,31230293,563938339.8800
2025-11-03,sz.000951,18.1800,18.4300,17.9800,18.2700,18.1400,19165770,349236793.3700
2025-11-04,sz.000951,18.3100,18.8000,18.1900,18.3900,18.2700,24426487,451888974.9800
2025-11-05,sz.000951,18.2500,18.3200,18.0700,18.3200,18.3900,10924209,199024222.7100
2025-11-06,sz.000951,18.3300,18.8600,18.3300,18.6200,18.3200,17496600,327595790.5800
2025-11-07,sz.000951,18.5800,18.8900,18.5200,18.6400,18.6200,13823533,258621427.3800
2025-11-10,sz.000951,18.6500,18.7000,18.1900,18.4500,18.6400,11464149,210662503.8300
2025-11-11,sz.000951,18.5200,18.5600,18.1800,18.2300,18.4500,8748580,160071602.1800
2025-11-12,sz.000951,18.2000,18.3100,18.0300,18.1100,18.2300,9022353,163903240.7700
2025-11-13,sz.000951,18.1700,18.2500,17.9800,18.1900,18.1100,9847937,178755640.1900
2025-11-14,sz.000951,17.8700,18.0600,17.5800,17.5800,17.8800,8435178,149903664.8400
2025-11-17,sz.000951,17.6400,17.7500,17.4800,17.6500,17.5800,7838329,138109175.3400
2025-11-18,sz.000951,17.6900,17.7000,17.1300,17.2200,17.6500,11950817,207200793.3400
2025-11-19,sz.000951,17.2400,17.3100,17.1400,17.2500,17.2200,6306168,108599843.4000
2025-11-20,sz.000951,17.3300,17.3500,17.1700,17.2000,17.2500,6436570,111109294.9400
2025-11-21,sz.000951,17.1100,17.1700,16.5500,16.5600,17.2000,15508365,260319351.9500
2025-11-24,sz.000951,16.6800,16.7500,16.4700,16.5700,16.5600,8985390,149320594.5600
2025-11-25,sz.000951,16.6800,16.7100,16.5600,16.5900,16.5700,10182080,169535211.0000
2025-11-26,sz.000951,16.6200,16.7200,16.4500,16.5600,16.5900,10291123,170412841.0400
2025-11-27,sz.000951,16.5500,16.5500,16.3000,16.3400,16.5600,15191478,249157664.0900
2025-11-28,sz.000951,16.3400,16.7300,16.3000,16.7000,16.3400,13042466,215984408.2800
2025-12-01,sz.000951,16.7400,16.8100,16.5700,16.8100,16.7000,12733919,212743673.6200
2025-12-02,sz.000951,16.8200,17.2000,16.7700,17.0100,16.8100,14142085,240044663.1500
2025-12-03,sz.000951,17.0000,17.1300,16.9300,17.0000,17.0100,6979939,118812599.0000
2025-12-04,sz.000951,17.0700,17.1500,16.9800,17.0200,17.0000,5931128,101009446.2100
2025-12-05,sz.000951,17.0500,17.4200,17.0100,17.4000,17.0200,12174420,210659289.2000
2025-12-08,sz.000951,17.4100,17.4600,17.0100,17.0900,17.4000,12749047,218938654.7200
2025-12-09,sz.000951,17.0900,17.1600,16.8000,16.8100,17.0900,8617844,146017020.6000
2025-12-10,sz.000951,16.8100,17.0700,16.7100,17.0300,16.8100,6647118,112594619.9000
2025-12-11,sz.000951,17.0300,17.1600,16.9300,16.9500,17.0300,5497997,93753212.5300
2025-12-12,sz.000951,16.8900,17.1000,16.8600,17.0500,16.9500,6090727,103537077.6800
2025-12-15,sz.000951,17.0000,17.2800,16.8800,17.2100,17.0500,9015845,154979519.7300
2025-12-16,sz.000951,17.2200,17.2800,16.9400,17.0100,17.2100,6885805,117311654.3600
2025-12-17,sz.000951,16.9500,17.1600,16.8800,17.1100,17.0100,7613006,129627138.8800
2025-12-18,sz.000951,17.0200,17.0600,16.8100,16.8900,17.1100,8464827,142924355.4200
2025-12-19,sz.000951,16.9100,17.2200,16.8700,17.0000,16.8900,12883629,219694144.9200
2025-12-22,sz.000951,17.1800,17.3800,17.0900,17.1000,17.0000,9585497,165124767.7200
2025-12-23,sz.000951,17.1700,17.1800,16.7400,16.8200,17.1000,14192623,239878304.7000
2025-12-24,sz.000951,16.8000,16.8200,16.6000,16.6800,16.8200,12639465,211117646.7400
2025-12-25,sz.000951,16.7200,16.9300,16.6700,16.8500,16.6800,7462292,125397512.2000
2025-12-26,sz.000951,16.8700,16.9500,16.7500,16.8200,16.8500,6943594,116963291.8600
2025-12-29,sz.000951,16.8000,16.8100,16.5800,16.6200,16.8200,10015048,166860324.7200
2025-12-30,sz.000951,16.5400,16.7800,16.4500,16.5800,16.6200,11338225,187918874.8900
2025-12-31,sz.000951,16.7300,17.1500,16.7300,16.9000,16.5800,20325772,345150801.0900
