date,code,open,high,low,close,preclose,volume,amount
2019-01-02,sh.600660,22.7800,22.8500,21.9000,22.4400,22.7800,7512665,167957743.0000
2019-01-03,sh.600660,22.3700,22.3700,21.4700,21.6400,22.4400,10621386,230994517.0000
2019-01-04,sh.600660,21.5000,21.8100,21.2100,21.7300,21.6400,7286159,156882396.0000
2019-01-07,sh.600660,21.8200,22.0800,21.6100,21.9800,21.7300,7793750,170478909.0000
2019-01-08,sh.600660,21.8100,21.8800,21.6800,21.7400,21.9800,4034628,87689045.0000
2019-01-09,sh.600660,21.8000,23.0700,21.8000,22.4700,21.7400,14706940,331865436.0000
2019-01-10,sh.600660,22.4100,22.6200,22.2200,22.4200,22.4700,5973737,133978159.0000
2019-01-11,sh.600660,22.4100,22.5700,22.3200,22.5500,22.4200,4521849,101634060.0000
2019-01-14,sh.600660,22.5500,22.6300,22.2400,22.3300,22.5500,4819669,108185527.0000
2019-01-15,sh.600660,22.3500,22.5300,22.2000,22.5300,22.3300,6020588,134672416.0000
2019-01-16,sh.600660,22.6300,22.6500,22.3500,22.6100,22.5300,5108938,115163165.0000
2019-01-17,sh.600660,22.5200,22.9600,22.5100,22.8400,22.6100,7825788,178421677.0000
2019-01-18,sh.600660,22.8300,23.0000,22.7200,22.9600,22.8400,6041088,138464664.0000
2019-01-21,sh.600660,23.0000,23.2200,22.6700,22.7600,22.9600,10334619,236780100.0000
2019-01-22,sh.600660,22.7800,22.8700,22.5000,22.5400,22.7600,5882046,133135563.0000
2019-01-23,sh.600660,22.4800,22.9500,22.4500,22.9500,22.5400,7991048,182055346.0000
2019-01-24,sh.600660,22.7600,23.1500,22.6200,22.9700,22.9500,7650737,175776087.0000
2019-01-25,sh.600660,22.9100,23.3200,22.9100,23.0000,22.9700,8668444,200402274.0000
2019-01-28,sh.600660,23.1300,23.5700,23.0000,23.0500,23.0000,7511725,174756767.0000
2019-01-29,sh.600660,23.0100,23.3800,22.9600,23.3500,23.0500,6025024,139895442.0000
2019-01-30,sh.600660,23.3000,23.3000,22.9200,23.0600,23.3500,5470992,126093501.0000
2019-01-31,sh.600660,23.0000,23.3300,22.9000,23.2600,23.0600,7396126,171070065.0000
2019-02-01,sh.600660,23.2300,23.4900,23.0000,23.4700,23.2600,8090763,188153533.0000
2019-02-11,sh.600660,23.6000,24.1500,23.4600,24.0500,23.4700,11361642,271114508.0000
2019-02-12,sh.600660,24.0700,24.8000,24.0700,24.6200,24.0500,10626079,260075739.0000
2019-02-13,sh.600660,24.6300,24.9800,24.4900,24.9000,24.6200,10641807,264097985.0000
2019-02-14,sh.600660,24.9000,25.0800,24.6200,24.9100,24.9000,8567436,213019769.0000
2019-02-15,sh.600660,24.8700,24.9900,24.3000,24.3000,24.9100,10577789,259183105.0000
2019-02-18,sh.600660,24.5500,24.9600,24.5100,24.7900,24.3000,11430366,282969961.0000
2019-02-19,sh.600660,24.7900,25.0000,24.3800,24.6300,24.7900,11974171,295591430.0000
2019-02-20,sh.600660,24.5500,24.6600,24.2000,24.4200,24.6300,10257397,250036344.0000
2019-02-21,sh.600660,24.4600,24.8400,24.3700,24.5100,24.4200,9878078,242663518.0000
2019-02-22,sh.600660,24.2700,24.5400,23.8900,24.3600,24.5100,10272532,247972004.0000
2019-02-25,sh.600660,24.4300,25.0800,24.4300,24.9900,24.3600,22339419,552774966.0000
2019-02-26,sh.600660,25.0600,25.1000,24.6600,24.7600,24.9900,18232457,454454630.0000
2019-02-27,sh.600660,24.7100,24.9500,24.1700,24.3100,24.7600,15768834,387072438.0000
2019-02-28,sh.600660,24.4000,24.5000,24.0800,24.2500,24.3100,10343954,251694943.0000
2019-03-01,sh.600660,24.3500,24.7800,24.2700,24.7700,24.2500,16459925,404405843.0000
2019-03-04,sh.600660,24.7800,25.4700,24.7200,25.0200,24.7700,29526777,740347767.0000
2019-03-05,sh.600660,25.0200,25.0200,24.5700,24.8900,25.0200,21841114,540142378.0000
2019-03-06,sh.600660,24.9500,25.2200,24.6800,25.1500,24.8900,20726781,516774309.0000
2019-03-07,sh.600660,25.1500,25.1500,24.6600,24.7100,25.1500,19309552,478999421.0000
2019-03-08,sh.600660,24.4500,24.4700,23.8400,23.8600,24.7100,20864791,504743155.0000
2019-03-11,sh.600660,23.8700,24.3200,23.8700,24.1600,23.8600,13947151,336404732.0000
2019-03-12,sh.600660,24.2300,24.3800,24.0900,24.2200,24.1600,16829446,408178997.0000
2019-03-13,sh.600660,24.2400,24.2700,23.6900,24.0100,24.2200,19488211,466668643.0000
2019-03-14,sh.600660,23.9400,24.4600,23.8000,24.2200,24.0100,15486006,374347635.0000
2019-03-15,sh.600660,24.2100,24.4300,24.0300,24.2500,24.2200,18079215,439092171.0000
2019-03-18,sh.600660,24.5000,24.5000,23.9600,24.4500,24.2500,47455234,1148245221.0000
2019-03-19,sh.600660,24.4900,24.8800,24.2900,24.7800,24.4500,31767503,778639170.0000
2019-03-20,sh.600660,24.7000,24.7000,24.3800,24.5000,24.7800,19972453,489968764.0000
2019-03-21,sh.600660,24.5100,24.5700,24.2800,24.3500,24.5000,18415183,448708545.0000
2019-03-22,sh.600660,24.3500,24.3700,24.1300,24.2300,24.3500,14467416,350655672.0000
2019-03-25,sh.600660,24.0000,24.1400,23.8200,23.9500,24.2300,13122947,315020851.0000
2019-03-26,sh.600660,23.9600,24.1000,23.8800,24.0200,23.9500,11942509,286090967.0000
2019-03-27,sh.600660,24.0000,24.2000,23.8700,24.2000,24.0200,9722684,233792452.0000
2019-03-28,sh.600660,24.1900,24.1900,23.9000,23.9600,24.2000,9875587,236887632.0000
2019-03-29,sh.600660,23.9600,24.4600,23.8800,24.3300,23.9600,19221253,466282343.0000
2019-04-01,sh.600660,24.4500,24.8500,24.4400,24.7500,24.3300,27906052,687841097.0000
2019-04-02,sh.600660,24.9500,25.0000,24.5100,24.6300,24.7500,21668576,533691120.0000
2019-04-03,sh.600660,24.5400,25.1100,24.4600,25.0700,24.6300,33223148,827605389.0000
2019-04-04,sh.600660,25.2000,25.5400,25.0000,25.0900,25.0700,28662270,723970642.0000
2019-04-08,sh.600660,25.2600,25.4400,24.6300,24.8800,25.0900,24201076,604471861.0000
2019-04-09,sh.600660,24.9100,25.4700,24.8000,25.4600,24.8800,26028441,653801154.0000
2019-04-10,sh.600660,25.2300,27.8800,25.1800,27.0000,25.4600,57317935,1522367213.0000
2019-04-11,sh.600660,27.0000,27.6300,26.2100,26.3200,27.0000,30128727,808931013.0000
2019-04-12,sh.600660,26.4200,26.8400,26.0600,26.3200,26.3200,17128137,451503805.0000
2019-04-15,sh.600660,26.6100,26.8200,26.0000,26.0500,26.3200,20012206,529509204.0000
2019-04-16,sh.600660,25.9000,26.4500,25.6700,26.4500,26.0500,16286078,424384921.0000
2019-04-17,sh.600660,26.4300,27.1600,26.1600,26.9900,26.4500,26244304,702247581.0000
2019-04-18,sh.600660,27.2900,27.5100,26.8400,26.9600,26.9900,16303597,442784505.0000
2019-04-19,sh.600660,26.9000,27.2600,26.7500,27.2000,26.9600,11458501,309622447.0000
2019-04-22,sh.600660,27.3400,27.4000,26.3000,26.4500,27.2000,15588523,418249563.0000
2019-04-23,sh.600660,26.5000,27.0800,26.1000,26.3200,26.4500,15618077,415528524.0000
2019-04-24,sh.600660,26.3800,26.8200,26.2800,26.5500,26.3200,10729052,284796974.0000
2019-04-25,sh.600660,26.5600,26.6100,25.8500,25.9000,26.5500,14574325,381033881.0000
2019-04-26,sh.600660,25.9000,26.1400,25.3000,25.3400,25.9000,14058897,361554167.0000
2019-04-29,sh.600660,24.9900,25.7500,24.8100,25.1000,25.3400,18470112,467118591.0000
2019-04-30,sh.600660,25.0300,25.3200,24.9000,25.1200,25.1000,13112844,329135150.0000
2019-05-06,sh.600660,24.2000,24.3000,23.2500,23.8400,25.1200,30491425,720389475.0000
2019-05-07,sh.600660,23.6500,24.0800,23.4500,23.7000,23.8400,20666591,490544026.0000
2019-05-08,sh.600660,23.3900,23.6000,23.0400,23.3000,23.7000,13329584,310700133.0000
2019-05-09,sh.600660,23.1000,23.2000,22.7500,22.8500,23.3000,13869885,318292617.0000
2019-05-10,sh.600660,23.0700,23.7400,22.7800,23.5400,22.8500,14609138,340635607.0000
2019-05-13,sh.600660,23.2800,23.4500,23.0200,23.1700,23.5400,6437603,149308862.0000
2019-05-14,sh.600660,22.9100,23.1200,22.6000,23.0100,23.1700,12445110,284552929.0000
2019-05-15,sh.600660,23.1300,23.5200,23.1300,23.4000,23.0100,12002135,280570108.0000
2019-05-16,sh.600660,23.4100,23.7800,23.3100,23.7300,23.4000,8721592,206154785.0000
2019-05-17,sh.600660,23.8000,23.8000,23.1500,23.2500,23.7300,8653090,201906417.0000
2019-05-20,sh.600660,23.0000,23.1500,22.5700,22.7400,23.2500,12672078,287686185.0000
2019-05-21,sh.600660,22.7000,23.1000,22.6800,23.0100,22.7400,10241200,235107694.0000
2019-05-22,sh.600660,23.1200,23.1800,22.8000,22.8600,23.0100,11740177,269219618.0000
2019-05-23,sh.600660,22.8700,22.9400,22.1500,22.3400,22.8600,15840126,356258469.0000
2019-05-24,sh.600660,22.2900,22.6500,22.2300,22.4900,22.3400,10733103,240652259.0000
2019-05-27,sh.600660,22.5800,22.6400,22.2500,22.6000,22.4900,15530892,349465507.0000
2019-05-28,sh.600660,22.6500,22.9500,22.4200,22.8700,22.6000,19335942,438665367.0000
2019-05-29,sh.600660,22.1000,22.1000,21.5900,21.8300,22.1200,12666105,276295324.0000
2019-05-30,sh.600660,21.8000,21.9000,21.6300,21.8300,21.8300,8818720,191868026.0000
2019-05-31,sh.600660,21.8000,22.0600,21.6400,21.8300,21.8300,9543608,208902819.0000
2019-06-03,sh.600660,21.8300,21.9800,21.5300,21.5500,21.8300,10089357,218710319.0000
2019-06-04,sh.600660,21.5700,21.6600,21.1000,21.2700,21.5500,10831461,229763981.0000
2019-06-05,sh.600660,21.4100,21.6400,21.2000,21.2500,21.2700,12623051,271195045.0000
2019-06-06,sh.600660,21.3500,21.5900,21.1100,21.4500,21.2500,10906769,233107148.0000
2019-06-10,sh.600660,21.5400,21.9500,21.5400,21.8700,21.4500,9760716,212855165.0000
2019-06-11,sh.600660,22.2200,22.4700,22.1100,22.3600,21.8700,15233438,339613723.0000
2019-06-12,sh.600660,22.1700,22.1700,21.8200,21.9300,22.3600,13146922,288406775.0000
2019-06-13,sh.600660,21.9200,21.9200,21.4000,21.6300,21.9300,14184223,305762291.0000
2019-06-14,sh.600660,21.5700,21.8200,21.4400,21.6000,21.6300,10247518,220848328.0000
2019-06-17,sh.600660,21.5400,21.7000,21.4200,21.4700,21.6000,7819604,168251989.0000
2019-06-18,sh.600660,21.4800,21.5600,21.3800,21.4700,21.4700,6521504,140102239.0000
2019-06-19,sh.600660,21.8400,21.9500,21.5000,21.6100,21.4700,16121390,350335849.0000
2019-06-20,sh.600660,21.6500,21.9800,21.5500,21.9000,21.6100,19498433,425554660.0000
2019-06-21,sh.600660,21.9100,22.2600,21.8900,22.0300,21.9000,19701948,435260872.0000
2019-06-24,sh.600660,22.0400,22.0900,21.8500,22.0000,22.0300,15013750,329641169.0000
2019-06-25,sh.600660,22.0000,22.0400,21.5000,21.6600,22.0000,16048264,348069844.0000
2019-06-26,sh.600660,21.6500,22.0500,21.5200,21.9800,21.6600,12584567,274377729.0000
2019-06-27,sh.600660,22.0400,22.3200,22.0300,22.2200,21.9800,14391584,319377454.0000
2019-06-28,sh.600660,22.2600,22.7700,22.2300,22.7300,22.2200,21155399,478194362.0000
2019-07-01,sh.600660,23.2000,23.3200,22.8000,23.0500,22.7300,28906740,664885894.0000
2019-07-02,sh.600660,22.9100,23.7200,22.9000,23.6300,23.0500,31235470,732799547.0000
2019-07-03,sh.600660,23.6500,23.6800,23.3000,23.3800,23.6300,16951117,398679895.0000
2019-07-04,sh.600660,23.5200,23.5800,23.0100,23.1500,23.3800,13595521,315605207.0000
2019-07-05,sh.600660,23.2300,23.6000,23.1700,23.4700,23.1500,11852203,277514137.0000
2019-07-08,sh.600660,23.3500,23.3500,22.7000,23.0000,23.4700,10394331,239168601.0000
2019-07-09,sh.600660,23.0000,23.1600,22.7200,22.9000,23.0000,8566527,196713984.0000
2019-07-10,sh.600660,23.0300,23.0700,22.6500,22.7700,22.9000,6639119,151441616.0000
2019-07-11,sh.600660,22.8400,22.9200,22.6400,22.8500,22.7700,7415017,168892776.0000
2019-07-12,sh.600660,22.8400,23.0000,22.7000,22.8500,22.8500,6217240,142178221.0000
2019-07-15,sh.600660,22.7000,22.8900,22.1500,22.7200,22.8500,10001388,226062414.0000
2019-07-16,sh.600660,22.6600,22.7000,22.3100,22.3900,22.7200,10076715,226144915.0000
2019-07-17,sh.600660,22.4600,22.5100,22.2700,22.4100,22.3900,5880258,131765298.0000
2019-07-18,sh.600660,22.3000,22.3000,22.1000,22.1000,22.4100,6176377,136925789.0000
2019-07-19,sh.600660,22.1500,22.3400,22.1000,22.2500,22.1000,5268727,117175601.0000
2019-07-22,sh.600660,22.2500,22.2500,21.8800,22.0800,22.2500,7635154,168789342.0000
2019-07-23,sh.600660,22.0800,22.5400,22.0300,22.5200,22.0800,10108716,225425916.0000
2019-07-24,sh.600660,22.5900,22.8200,22.5200,22.6500,22.5200,7479014,169730069.0000
2019-07-25,sh.600660,22.6500,22.7500,22.4600,22.7400,22.6500,6835109,154530226.0000
2019-07-26,sh.600660,22.6000,22.7900,22.4300,22.6300,22.7400,7852652,177697969.0000
2019-07-29,sh.600660,22.5400,22.7700,22.5100,22.5900,22.6300,7638861,172773099.0000
2019-07-30,sh.600660,22.5900,22.9200,22.5000,22.7800,22.5900,10935223,249175247.0000
2019-07-31,sh.600660,22.6800,22.7800,22.5100,22.5300,22.7800,6939161,157020599.0000
2019-08-01,sh.600660,22.5000,22.5000,22.2000,22.2600,22.5300,8371491,186647786.0000
2019-08-02,sh.600660,21.9000,22.1600,21.8000,22.0000,22.2600,10064490,220755251.0000
2019-08-05,sh.600660,21.9800,21.9800,21.4800,21.4800,22.0000,9545446,207064537.0000
2019-08-06,sh.600660,21.1500,21.1600,20.6300,20.9900,21.4800,17158446,358221184.0000
2019-08-07,sh.600660,21.1000,21.2000,20.8200,20.9800,20.9900,6312271,132601520.0000
2019-08-08,sh.600660,20.9500,21.4200,20.9000,21.2700,20.9800,6829270,144713338.0000
2019-08-09,sh.600660,21.3000,21.4100,20.9000,20.9600,21.2700,6911868,145894286.0000
2019-08-12,sh.600660,20.9500,21.2900,20.8800,21.2800,20.9600,4737501,99801009.0000
2019-08-13,sh.600660,21.0700,21.1000,20.9200,21.0100,21.2800,5228783,109826559.0000
2019-08-14,sh.600660,21.2500,21.3300,20.9200,21.1000,21.0100,9723376,205090544.0000
2019-08-15,sh.600660,20.8500,21.1100,20.7300,21.0700,21.1000,7298173,153091125.0000
2019-08-16,sh.600660,21.1200,21.1900,21.0100,21.1300,21.0700,5435746,114845294.0000
2019-08-19,sh.600660,21.2000,21.5900,21.2000,21.5600,21.1300,9504680,203579837.0000
2019-08-20,sh.600660,21.5000,21.7100,21.4500,21.5600,21.5600,7312408,157822531.0000
2019-08-21,sh.600660,21.6000,21.6500,21.3100,21.3500,21.5600,6937217,148307639.0000
2019-08-22,sh.600660,21.3000,21.8600,21.3000,21.8500,21.3500,9844911,213223271.0000
2019-08-23,sh.600660,21.8000,21.8400,21.4300,21.6300,21.8500,9826810,212645000.0000
2019-08-26,sh.600660,21.3500,22.0300,21.1800,21.9300,21.6300,17021493,371005187.0000
2019-08-27,sh.600660,22.1200,23.4900,22.1200,22.9000,21.9300,34775974,795444630.0000
2019-08-28,sh.600660,22.9900,23.2800,22.6500,22.7200,22.9000,12212012,278934206.0000
2019-08-29,sh.600660,22.1000,22.6000,22.0200,22.1300,22.7200,23664655,526781140.0000
2019-08-30,sh.600660,22.3300,22.3800,21.8700,21.9300,22.1300,13834206,306234652.0000
2019-09-02,sh.600660,22.0600,22.3200,21.9000,22.0200,21.9300,11841985,261091728.0000
2019-09-03,sh.600660,22.0700,22.1300,21.8000,21.9000,22.0200,10305751,225906026.0000
2019-09-04,sh.600660,21.8100,22.1600,21.6500,22.1600,21.9000,13009977,285282423.0000
2019-09-05,sh.600660,22.1600,22.5800,22.1600,22.2500,22.1600,13850967,309977198.0000
2019-09-06,sh.600660,22.3600,23.0200,22.3500,22.9700,22.2500,22118330,504636422.0000
2019-09-09,sh.600660,23.0200,23.2200,22.8200,23.0000,22.9700,13829323,318238702.0000
2019-09-10,sh.600660,22.8400,22.9400,22.6300,22.8400,23.0000,8559109,194880231.0000
2019-09-11,sh.600660,22.9000,23.0000,22.4600,22.5100,22.8400,8697823,197256246.0000
2019-09-12,sh.600660,22.6000,23.1200,22.6000,23.1100,22.5100,14399515,330773797.0000
2019-09-16,sh.600660,23.4400,23.4400,22.9100,23.0000,23.1100,8630923,199187034.0000
2019-09-17,sh.600660,23.0000,23.0500,22.4000,22.4900,23.0000,8314227,188051125.0000
2019-09-18,sh.600660,22.5100,22.6300,22.3600,22.5400,22.4900,9191854,206704748.0000
2019-09-19,sh.600660,22.6500,22.6800,22.4000,22.5000,22.5400,7972473,179457563.0000
2019-09-20,sh.600660,22.6300,22.6300,22.3000,22.3500,22.5000,8392839,187922863.0000
2019-09-23,sh.600660,22.3500,22.3500,21.8700,21.9800,22.3500,9751740,214447988.0000
2019-09-24,sh.600660,21.9900,22.1500,21.8100,21.9100,21.9800,7175807,157558388.0000
2019-09-25,sh.600660,21.8400,21.8900,21.6100,21.7300,21.9100,5863248,127470603.0000
2019-09-26,sh.600660,21.8000,21.8800,21.6200,21.6900,21.7300,5761197,125063747.0000
2019-09-27,sh.600660,21.7000,21.7800,21.5600,21.6800,21.6900,5742362,124236219.0000
2019-09-30,sh.600660,21.6800,21.7000,21.4700,21.4800,21.6800,8739550,188178249.0000
2019-10-08,sh.600660,21.5600,21.6900,21.5000,21.6200,21.4800,6971274,150351976.0000
2019-10-09,sh.600660,21.5600,21.5600,21.1900,21.3800,21.6200,8136914,173500627.0000
2019-10-10,sh.600660,21.4200,21.5500,21.3100,21.4900,21.3800,5892839,126294466.0000
2019-10-11,sh.600660,21.4900,21.9000,21.4000,21.8500,21.4900,10667038,231472339.0000
2019-10-14,sh.600660,21.9900,22.2000,21.8000,22.0400,21.8500,10574534,232432687.0000
2019-10-15,sh.600660,22.0400,22.0400,21.5900,21.7900,22.0400,7734032,168219762.0000
2019-10-16,sh.600660,21.7900,21.8700,21.6500,21.7000,21.7900,5355792,116397322.0000
2019-10-17,sh.600660,21.7400,21.7700,21.4500,21.5500,21.7000,6123521,131952546.0000
2019-10-18,sh.600660,21.5600,21.7200,21.4100,21.5400,21.5500,5827352,125716976.0000
2019-10-21,sh.600660,21.5000,21.5600,21.2500,21.5500,21.5400,8051739,171946516.0000
2019-10-22,sh.600660,21.5600,21.8500,21.4200,21.7800,21.5500,5758255,124668188.0000
2019-10-23,sh.600660,21.7800,21.8800,21.5200,21.5500,21.7800,5575382,120988158.0000
2019-10-24,sh.600660,21.5000,21.8500,21.4800,21.7000,21.5500,6608703,143110676.0000
2019-10-25,sh.600660,21.7000,21.8800,21.7000,21.8100,21.7000,5548078,120910727.0000
2019-10-28,sh.600660,21.7800,21.9300,21.7300,21.8900,21.8100,6846544,149473949.0000
2019-10-29,sh.600660,21.9500,21.9500,21.7800,21.8900,21.8900,8168756,178476235.0000
2019-10-30,sh.600660,21.8800,21.8800,21.4900,21.5400,21.8900,5875145,126972053.0000
2019-10-31,sh.600660,21.4000,21.4200,21.2000,21.2500,21.5400,11419603,243328256.0000
2019-11-01,sh.600660,21.3800,21.7200,21.2000,21.5500,21.2500,10599773,227618389.0000
2019-11-04,sh.600660,21.6300,22.2800,21.6000,22.2100,21.5500,20008805,441655301.0000
2019-11-05,sh.600660,22.2500,22.4900,22.0100,22.4500,22.2100,15814870,352734274.0000
2019-11-06,sh.600660,22.5600,22.5800,22.0400,22.1100,22.4500,9306109,206876436.0000
2019-11-07,sh.600660,22.2800,22.4800,22.1200,22.3900,22.1100,8584023,191868208.0000
2019-11-08,sh.600660,22.5700,22.8700,22.4100,22.7200,22.3900,16761393,379813867.0000
2019-11-11,sh.600660,22.7100,22.7100,22.2400,22.5000,22.7200,8464029,189783649.0000
2019-11-12,sh.600660,22.4300,22.5900,22.1700,22.2600,22.5000,6958951,155301373.0000
2019-11-13,sh.600660,22.4400,22.5300,22.1200,22.4400,22.2600,6831741,152785173.0000
2019-11-14,sh.600660,22.4300,22.5300,22.2300,22.2800,22.4400,4449295,99333400.0000
2019-11-15,sh.600660,22.2800,22.4400,22.0600,22.1200,22.2800,5645831,125328467.0000
2019-11-18,sh.600660,22.0500,22.1200,21.5600,21.7800,22.1200,10381296,226051756.0000
2019-11-19,sh.600660,21.8500,21.9500,21.7700,21.9000,21.7800,5815140,127183804.0000
2019-11-20,sh.600660,21.9000,22.0700,21.8000,21.8100,21.9000,6119197,134025365.0000
2019-11-21,sh.600660,21.7500,21.8500,21.5700,21.7700,21.8100,5360515,116247684.0000
2019-11-22,sh.600660,21.7700,21.9700,21.6000,21.7300,21.7700,6071803,132300879.0000
2019-11-25,sh.600660,21.7300,22.4600,21.6600,22.2900,21.7300,12525376,278072120.0000
2019-11-26,sh.600660,22.3500,22.5600,22.1900,22.3800,22.2900,8420459,188098095.0000
2019-11-27,sh.600660,22.3900,22.4500,22.0200,22.0700,22.3800,6864862,151957234.0000
2019-11-28,sh.600660,22.0700,22.3000,22.0000,22.3000,22.0700,6406949,142029943.0000
2019-11-29,sh.600660,22.2800,22.3200,21.9700,22.2300,22.3000,5540917,122774395.0000
2019-12-02,sh.600660,22.1900,22.3400,22.0600,22.1300,22.2300,5934239,131690526.0000
2019-12-03,sh.600660,21.9900,22.0200,21.7100,21.8700,22.1300,10406917,226623176.0000
2019-12-04,sh.600660,21.7900,21.8600,21.7200,21.8500,21.8700,3558376,77563228.0000
2019-12-05,sh.600660,21.9000,22.0800,21.8600,21.9500,21.8500,4710389,103409884.0000
2019-12-06,sh.600660,22.0900,22.1800,21.9600,22.0800,21.9500,5818510,128458494.0000
2019-12-09,sh.600660,22.0600,22.3800,22.0000,22.2400,22.0800,6937691,154099529.0000
2019-12-10,sh.600660,22.2300,22.3300,22.1300,22.2800,22.2400,4685170,104306608.0000
2019-12-11,sh.600660,22.4000,22.8300,22.2100,22.6400,22.2800,14395731,324855785.0000
2019-12-12,sh.600660,22.7700,22.8000,22.4900,22.5000,22.6400,6247039,140979335.0000
2019-12-13,sh.600660,22.8000,23.0800,22.6100,22.9300,22.5000,14265917,326424524.0000
2019-12-16,sh.600660,23.0000,23.4100,23.0000,23.1700,22.9300,14256332,330357105.0000
2019-12-17,sh.600660,23.1700,23.2500,22.9700,23.1700,23.1700,9988194,230865097.0000
2019-12-18,sh.600660,23.1500,23.2300,22.7900,22.9800,23.1700,10381065,238265152.0000
2019-12-19,sh.600660,22.9800,23.0800,22.7400,22.9000,22.9800,7741368,177126098.0000
2019-12-20,sh.600660,22.9500,23.1500,22.8100,23.0800,22.9000,9114550,209535817.0000
2019-12-23,sh.600660,23.0800,23.3300,22.9100,23.0200,23.0800,10384783,239948318.0000
2019-12-24,sh.600660,23.0100,23.2900,22.8800,23.0500,23.0200,9959441,229504685.0000
2019-12-25,sh.600660,23.1000,23.2500,22.6700,22.8300,23.0500,9570905,219530516.0000
2019-12-26,sh.600660,22.8100,22.9600,22.6500,22.8300,22.8300,6809915,155180697.0000
2019-12-27,sh.600660,22.8200,23.0500,22.6900,22.7400,22.8300,10125225,231496045.0000
2019-12-30,sh.600660,22.7500,23.3200,22.5000,23.2900,22.7400,21148282,484892470.0000
2019-12-31,sh.600660,23.1300,24.2600,23.0300,23.9900,23.2900,24928654,589727066.0000
2020-01-02,sh.600660,24.0000,24.7100,23.9900,24.5600,23.9900,20166814,492991381.0000
2020-01-03,sh.600660,24.5800,24.6800,24.3400,24.5200,24.5600,14029674,343939381.0000
2020-01-06,sh.600660,24.4100,25.4300,24.2100,24.8700,24.5200,22516664,563799414.0000
2020-01-07,sh.600660,25.0600,25.2500,24.8100,24.9100,24.8700,12812018,319893725.0000
2020-01-08,sh.600660,24.9300,25.4600,24.7200,25.0100,24.9100,16529001,414499902.0000
2020-01-09,sh.600660,25.2600,25.4800,24.8500,25.0900,25.0100,12505319,313396642.0000
2020-01-10,sh.600660,25.2000,25.2900,24.9700,25.0700,25.0900,8847176,222065662.0000
2020-01-13,sh.600660,24.9800,25.2400,24.7600,25.2400,25.0700,13387918,335526387.0000
2020-01-14,sh.600660,25.3500,26.2500,25.3500,26.1900,25.2400,23785606,618321591.0000
2020-01-15,sh.600660,26.0100,26.1100,25.5300,25.7900,26.1900,15572480,401215389.0000
2020-01-16,sh.600660,25.9000,26.0800,25.6800,25.8200,25.7900,10679762,276053408.0000
2020-01-17,sh.600660,25.8200,25.9500,25.0800,25.6400,25.8200,17331259,440546221.0000
2020-01-20,sh.600660,25.4500,25.5300,24.8800,25.0200,25.6400,16916831,423759034.0000
2020-01-21,sh.600660,25.1500,25.1500,24.5600,24.7500,25.0200,13468638,333375337.0000
2020-01-22,sh.600660,24.7400,25.1500,24.2500,25.0000,24.7500,12745342,317457454.0000
2020-01-23,sh.600660,25.0500,25.0900,24.0000,24.5900,25.0000,18759408,461963216.0000
2020-02-03,sh.600660,22.1300,23.4800,22.1300,22.6800,24.5900,25900307,587319999.0000
2020-02-04,sh.600660,22.7900,24.3800,22.7900,23.8600,22.6800,17252468,408530165.0000
2020-02-05,sh.600660,23.9500,24.3600,23.6600,23.9000,23.8600,14684801,352967222.0000
2020-02-06,sh.600660,23.7000,24.3000,23.3300,23.9500,23.9000,20703776,493596000.0000
2020-02-07,sh.600660,23.9500,23.9500,23.4100,23.8300,23.9500,12739406,300876587.0000
2020-02-10,sh.600660,23.7500,24.1500,23.5000,24.1300,23.8300,13586718,324926889.0000
2020-02-11,sh.600660,24.2900,24.7300,24.0100,24.4700,24.1300,13711622,335346908.0000
2020-02-12,sh.600660,24.5100,24.7100,24.2000,24.5100,24.4700,13310572,324939292.0000
2020-02-13,sh.600660,24.6000,24.6500,24.0700,24.1300,24.5100,9600198,233776223.0000
2020-02-14,sh.600660,24.0100,24.5000,23.9600,24.3900,24.1300,8303766,202168728.0000
2020-02-17,sh.600660,24.5000,25.4200,24.5000,25.2800,24.3900,15129998,379528541.0000
2020-02-18,sh.600660,25.2800,25.4000,24.7900,24.9100,25.2800,11828698,295130672.0000
2020-02-19,sh.600660,24.9900,25.0500,24.6000,24.6400,24.9100,9727410,240941382.0000
2020-02-20,sh.600660,24.7000,25.1500,24.6000,25.0900,24.6400,15172027,378781643.0000
2020-02-21,sh.600660,25.1500,25.3800,24.6600,25.0100,25.0900,18712358,466955034.0000
2020-02-24,sh.600660,24.9700,25.2200,24.7700,25.1600,25.0100,19788063,494330919.0000
2020-02-25,sh.600660,24.8000,25.1000,24.5000,24.9700,25.1600,13874155,344636365.0000
2020-02-26,sh.600660,24.7100,24.9800,24.5000,24.5000,24.9700,12954442,320262192.0000
2020-02-27,sh.600660,24.5900,24.8100,24.2000,24.3000,24.5000,12417061,303547565.0000
2020-02-28,sh.600660,23.8000,23.8000,23.0200,23.1700,24.3000,20469539,477055349.0000
2020-03-02,sh.600660,23.0000,23.7800,23.0000,23.6900,23.1700,14226045,334330185.0000
2020-03-03,sh.600660,23.8500,24.1100,23.2900,23.4800,23.6900,16972395,401907405.0000
2020-03-04,sh.600660,23.3300,23.6000,23.3100,23.5300,23.4800,13059516,305932716.0000
2020-03-05,sh.600660,23.8000,23.9300,23.3400,23.9300,23.5300,23004316,543810536.0000
2020-03-06,sh.600660,23.6300,23.7400,23.4300,23.5600,23.9300,14206640,334867741.0000
2020-03-09,sh.600660,23.2000,23.2100,22.8500,22.9900,23.5600,18535648,426918821.0000
2020-03-10,sh.600660,22.5200,23.3200,21.0000,23.2700,22.9900,23964804,543694498.0000
2020-03-11,sh.600660,23.1000,23.2900,22.9300,22.9600,23.2700,16244843,375695374.0000
2020-03-12,sh.600660,22.8000,22.9000,22.2800,22.4100,22.9600,15830953,356176379.0000
2020-03-13,sh.600660,21.0000,21.9100,21.0000,21.8000,22.4100,26939972,579857981.0000
2020-03-16,sh.600660,21.8000,21.8500,20.9000,21.0700,21.8000,33196634,703605089.0000
2020-03-17,sh.600660,21.0000,21.2800,19.8700,20.2400,21.0700,29740841,604586262.0000
2020-03-18,sh.600660,20.4700,20.6800,20.0300,20.0300,20.2400,14816417,301652496.0000
2020-03-19,sh.600660,19.9300,20.0000,18.7800,19.3100,20.0300,28209315,542805694.0000
2020-03-20,sh.600660,19.4200,19.5500,19.0800,19.3300,19.3100,21720022,418337812.0000
2020-03-23,sh.600660,18.8500,18.8500,17.8600,17.9300,19.3300,35848999,648838017.0000
2020-03-24,sh.600660,18.1900,19.0000,17.9400,18.7500,17.9300,25277202,462678465.0000
2020-03-25,sh.600660,19.1800,20.5500,19.1300,20.5100,18.7500,36877115,735619415.0000
2020-03-26,sh.600660,20.3900,20.3900,19.6500,19.7200,20.5100,20868495,413462835.0000
2020-03-27,sh.600660,19.8000,20.1000,19.4200,19.5500,19.7200,17717548,348551825.0000
2020-03-30,sh.600660,19.0800,19.1400,18.5600,18.9100,19.5500,15119209,284551123.0000
2020-03-31,sh.600660,19.1000,19.2800,18.8700,19.1800,18.9100,12109205,231408485.0000
2020-04-01,sh.600660,19.0000,19.3600,18.8000,18.8600,19.1800,12811424,244202439.0000
2020-04-02,sh.600660,18.8600,18.8800,18.4900,18.8600,18.8600,14404213,269019800.0000
2020-04-03,sh.600660,18.9000,18.9700,18.6500,18.7600,18.8600,14362263,270129218.0000
2020-04-07,sh.600660,19.0000,19.1500,18.7800,19.0200,18.7600,22605972,428082091.0000
2020-04-08,sh.600660,18.8000,18.9600,18.5800,18.8500,19.0200,14068060,264548037.0000
2020-04-09,sh.600660,18.9100,18.9800,18.8000,18.8700,18.8500,9680057,182692175.0000
2020-04-10,sh.600660,18.9800,19.0800,18.8000,18.8500,18.8700,11831117,223645495.0000
2020-04-13,sh.600660,18.8600,18.9500,18.6800,18.7700,18.8500,7779761,146106892.0000
2020-04-14,sh.600660,18.8000,18.9000,18.6500,18.8800,18.7700,10669595,200769680.0000
2020-04-15,sh.600660,18.9100,19.0900,18.8400,18.9600,18.8800,12835574,243231198.0000
2020-04-16,sh.600660,18.8500,18.8600,18.7000,18.7600,18.9600,10698206,200725346.0000
2020-04-17,sh.600660,18.8600,19.4900,18.7800,19.2300,18.7600,25671442,492681286.0000
2020-04-20,sh.600660,19.2700,19.3500,18.9400,19.2400,19.2300,12112064,231917021.0000
2020-04-21,sh.600660,19.1900,19.2000,18.8000,18.9200,19.2400,13050597,247017674.0000
2020-04-22,sh.600660,18.9200,18.9200,18.7100,18.8100,18.9200,8657795,162753081.0000
2020-04-23,sh.600660,18.8700,19.0800,18.8300,18.9300,18.8100,8856953,167900118.0000
2020-04-24,sh.600660,18.9400,19.0200,18.7200,18.8000,18.9300,8805927,165709906.0000
2020-04-27,sh.600660,18.8000,18.9400,18.6900,18.8300,18.8000,6030212,113662786.0000
2020-04-28,sh.600660,18.9500,19.0000,18.3800,18.8600,18.8300,10636597,200010421.0000
2020-04-29,sh.600660,18.9000,19.1900,18.8500,19.1300,18.8600,9997066,190665274.0000
2020-04-30,sh.600660,19.2300,19.9000,19.2300,19.7900,19.1300,17633692,347204167.0000
2020-05-06,sh.600660,19.4800,19.8800,19.3200,19.7800,19.7900,14187274,278951113.0000
2020-05-07,sh.600660,19.7700,20.7500,19.5800,20.6200,19.7800,23458283,475658518.0000
2020-05-08,sh.600660,20.8600,21.0600,20.4500,20.6600,20.6200,20498343,425699509.0000
2020-05-11,sh.600660,20.6800,21.1000,20.6700,20.9500,20.6600,15047267,315134646.0000
2020-05-12,sh.600660,20.9500,21.0000,20.3400,20.7500,20.9500,10441613,215040664.0000
2020-05-13,sh.600660,20.7000,20.7000,20.3600,20.4800,20.7500,7067931,144740630.0000
2020-05-14,sh.600660,20.4000,20.4700,20.0800,20.1200,20.4800,8551906,173123693.0000
2020-05-15,sh.600660,20.2300,20.3500,19.8700,19.9200,20.1200,8389993,167946935.0000
2020-05-18,sh.600660,19.8900,20.1900,19.6200,19.9900,19.9200,6992865,139442675.0000
2020-05-19,sh.600660,20.1900,20.6700,20.1900,20.5000,19.9900,9016349,184196018.0000
2020-05-20,sh.600660,20.5100,20.5100,20.1900,20.2200,20.5000,6223010,126272739.0000
2020-05-21,sh.600660,20.3600,20.3900,19.9300,19.9900,20.2200,5721193,115089658.0000
2020-05-22,sh.600660,19.9700,19.9700,19.5100,19.6800,19.9900,6164804,121805585.0000
2020-05-25,sh.600660,19.6800,19.8500,19.4600,19.5800,19.6800,6800682,133404015.0000
2020-05-26,sh.600660,19.7900,19.8400,19.6300,19.7800,19.5800,5291945,104391035.0000
2020-05-27,sh.600660,20.0000,20.2000,19.8000,19.9900,19.7800,7691668,153711787.0000
2020-05-28,sh.600660,19.9500,19.9900,19.4900,19.6000,19.9900,8697912,171169073.0000
2020-05-29,sh.600660,19.4500,19.6900,19.4500,19.6400,19.6000,6993309,136750525.0000
2020-06-01,sh.600660,19.5200,20.2100,19.5200,20.1700,19.6400,12870998,257122698.0000
2020-06-02,sh.600660,20.1800,20.3200,19.9800,20.0900,20.1700,9819769,197058091.0000
2020-06-03,sh.600660,20.2900,20.9800,20.2800,20.7700,20.0900,25920691,537828367.0000
2020-06-04,sh.600660,20.8500,21.0000,20.6300,20.8900,20.7700,14122959,294499897.0000
2020-06-05,sh.600660,20.9000,21.4400,20.7100,21.3700,20.8900,16845091,356968996.0000
2020-06-08,sh.600660,21.5400,21.9800,21.3800,21.7100,21.3700,18967053,412161052.0000
2020-06-09,sh.600660,21.6800,22.1300,21.4400,22.0400,21.7100,14851704,325213250.0000
2020-06-10,sh.600660,22.0300,22.0300,21.2000,21.3200,22.0400,18862155,403940477.0000
2020-06-11,sh.600660,21.4000,21.4900,21.0300,21.1000,21.3200,10511829,223257066.0000
2020-06-12,sh.600660,20.6200,21.6300,20.5100,21.5300,21.1000,12874160,272185527.0000
2020-06-15,sh.600660,21.3500,21.4000,20.9100,20.9500,21.5300,9893408,208827183.0000
2020-06-16,sh.600660,21.2000,21.2700,20.8300,21.0000,20.9500,9670863,203112328.0000
2020-06-17,sh.600660,21.0000,21.0800,20.6400,20.9200,21.0000,10706260,222629051.0000
2020-06-18,sh.600660,20.8300,21.2000,20.7500,21.1200,20.9200,9744436,204138157.0000
2020-06-19,sh.600660,21.0000,21.6300,20.9600,21.4500,21.1200,18171711,386923907.0000
2020-06-22,sh.600660,21.3500,21.4300,20.9700,21.0300,21.4500,17262928,364910543.0000
2020-06-23,sh.600660,21.0500,21.2100,20.7100,21.0400,21.0300,9893182,207810769.0000
2020-06-24,sh.600660,21.1000,21.3300,21.0800,21.2400,21.0400,9882265,209802571.0000
2020-06-29,sh.600660,21.2000,21.2000,20.4300,20.8400,21.2400,21316418,440891594.0000
2020-06-30,sh.600660,20.8400,20.9300,20.7800,20.8700,20.8400,8262065,172186072.0000
2020-07-01,sh.600660,20.8800,20.9800,20.7100,20.9700,20.8700,10086944,210227261.0000
2020-07-02,sh.600660,20.9400,21.6000,20.7900,21.5600,20.9700,20555865,439905338.0000
2020-07-03,sh.600660,21.7000,22.0300,21.5900,22.0100,21.5600,21182528,463208536.0000
2020-07-06,sh.600660,22.0900,23.2000,21.9600,23.0000,22.0100,40565266,917615967.0000
2020-07-07,sh.600660,23.1800,23.4600,22.5800,22.6000,23.0000,37636380,863440786.0000
2020-07-08,sh.600660,22.5000,23.0000,22.3300,22.8300,22.6000,20667631,467176180.0000
2020-07-09,sh.600660,22.8000,22.8000,22.2900,22.4000,22.8300,40945304,921908802.0000
2020-07-10,sh.600660,22.4000,22.4000,21.8700,21.9000,22.4000,37182489,820518632.0000
2020-07-13,sh.600660,21.9000,23.3600,21.8500,23.0500,21.9000,53278818,1211699376.0000
2020-07-14,sh.600660,23.0500,24.1300,22.7500,24.1000,23.0500,60417386,1437357316.0000
2020-07-15,sh.600660,24.2600,24.4100,23.3600,23.4700,24.1000,42477060,1011698132.0000
2020-07-16,sh.600660,23.6700,23.8700,22.3600,22.5200,23.4700,32444706,748550198.0000
2020-07-17,sh.600660,22.5400,24.2000,22.5400,24.0200,22.5200,57556810,1367000664.0000
2020-07-20,sh.600660,24.5000,26.0600,24.0200,25.8900,24.0200,63556348,1611643758.0000
2020-07-21,sh.600660,25.6900,27.2800,25.6000,26.1300,25.8900,50403953,1329708295.6000
2020-07-22,sh.600660,26.2000,26.5000,25.7100,26.0000,26.1300,35886613,936983046.2200
2020-07-23,sh.600660,24.8800,24.8800,24.0000,24.5800,25.2500,34034353,831366119.6300
2020-07-24,sh.600660,24.5000,24.5000,23.0300,23.3200,24.5800,34059031,807187050.5700
2020-07-27,sh.600660,23.4100,24.2000,23.3000,24.2000,23.3200,33576425,803430427.1000
2020-07-28,sh.600660,24.3000,25.0200,24.1100,24.2600,24.2000,21552692,530068220.7900
2020-07-29,sh.600660,24.3800,24.9500,24.0300,24.9100,24.2600,22735626,557784190.4800
2020-07-30,sh.600660,24.9100,25.1900,24.3300,24.4000,24.9100,18175937,447941431.2200
2020-07-31,sh.600660,24.4500,24.8400,23.8500,24.4000,24.4000,21592918,524948281.7200
2020-08-03,sh.600660,24.5700,26.8400,24.5700,26.8100,24.4000,52598339,1370102972.0200
2020-08-04,sh.600660,26.8200,27.4500,26.5700,26.9300,26.8100,37938518,1025958881.5800
2020-08-05,sh.600660,26.9300,27.2100,26.1600,27.1900,26.9300,32509207,868236954.5500
2020-08-06,sh.600660,27.2500,29.0000,27.2500,28.0000,27.1900,43085553,1216294736.0500
2020-08-07,sh.600660,27.5600,29.8800,27.2500,28.8200,28.0000,45167216,1304309272.8300
2020-08-10,sh.600660,28.8200,29.2000,27.6700,29.1900,28.8200,31317415,888433192.4800
2020-08-11,sh.600660,29.1400,30.2000,29.1300,29.3100,29.1900,33647867,1001027753.4000
2020-08-12,sh.600660,29.0000,29.3400,27.5600,28.0000,29.3100,35796260,1005487035.0400
2020-08-13,sh.600660,28.0600,28.7700,27.7200,28.0800,28.0000,19987095,563051141.2800
2020-08-14,sh.600660,27.9400,28.6400,27.6000,28.5400,28.0800,22186942,628399582.7300
2020-08-17,sh.600660,28.8300,30.3500,28.4000,30.1700,28.5400,29678588,881140381.1900
2020-08-18,sh.600660,30.1700,30.3700,29.4000,29.9000,30.1700,15193711,451854137.4400
2020-08-19,sh.600660,29.9000,29.9000,28.5500,28.5600,29.9000,29445343,850494935.9100
2020-08-20,sh.600660,28.2800,29.0000,27.8600,28.5100,28.5600,15965890,455532002.3700
2020-08-21,sh.600660,28.4200,29.1000,28.0000,28.4400,28.5100,18511316,527605855.2300
2020-08-24,sh.600660,27.6000,28.7200,27.0700,28.4200,28.4400,28761383,807653585.2300
2020-08-25,sh.600660,28.4600,29.3500,28.4000,28.8000,28.4200,18485846,534864713.8900
2020-08-26,sh.600660,28.8500,28.8900,27.6000,27.9600,28.8000,21001285,590205656.8800
2020-08-27,sh.600660,28.0800,28.3500,27.4000,28.2200,27.9600,17564343,491261114.2300
2020-08-28,sh.600660,28.3200,28.9800,27.8700,28.6200,28.2200,17481735,494412543.4300
2020-08-31,sh.600660,28.6400,29.8300,28.6400,28.9800,28.6200,28821046,844062301.4600
2020-09-01,sh.600660,29.0000,30.7700,28.9900,30.2400,28.9800,34772563,1036729588.6600
2020-09-02,sh.600660,30.2400,31.8100,29.7000,31.4500,30.2400,31799043,979070076.6800
2020-09-03,sh.600660,31.4400,31.4400,30.1200,31.3100,31.4500,27515091,846222576.5900
2020-09-04,sh.600660,30.2000,31.3100,29.8600,30.7900,31.3100,19564841,602174904.7300
2020-09-07,sh.600660,30.8800,31.6500,30.3800,30.6900,30.7900,23768218,736064648.0100
2020-09-08,sh.600660,30.6800,30.9300,29.8400,30.7100,30.6900,17240768,525632610.9600
2020-09-09,sh.600660,30.3000,30.4700,29.1500,29.1800,30.7100,25665495,764988311.4500
2020-09-10,sh.600660,29.4200,31.0900,29.4200,30.1400,29.1800,31439567,953971991.5000
2020-09-11,sh.600660,30.1400,31.3200,29.7900,31.1700,30.1400,21810168,670472927.8200
2020-09-14,sh.600660,31.1500,32.0000,30.5500,31.8700,31.1700,21845326,685835634.3700
2020-09-15,sh.600660,31.6000,32.4300,30.8700,31.9900,31.8700,19791740,628445135.7100
2020-09-16,sh.600660,31.8800,34.1000,31.8400,33.2900,31.9900,29876288,989361820.9900
2020-09-17,sh.600660,33.1000,36.1800,32.8000,35.8000,33.2900,42630879,1494228370.8600
2020-09-18,sh.600660,35.2600,35.6500,33.6800,34.9300,35.8000,34018416,1179282635.5500
2020-09-21,sh.600660,34.8400,35.1100,34.0000,34.2600,34.9300,24259082,837202850.3800
2020-09-22,sh.600660,34.0000,34.5700,33.4000,33.6700,34.2600,22873380,776277635.2500
2020-09-23,sh.600660,33.6700,34.2800,33.5000,34.0400,33.6700,18172014,616379999.2200
2020-09-24,sh.600660,33.5300,33.8100,32.6800,32.8900,34.0400,21732452,721036208.5100
2020-09-25,sh.600660,33.1800,33.2700,32.0800,32.3600,32.8900,18651030,605306479.2100
2020-09-28,sh.600660,32.8800,32.9800,31.8300,32.2100,32.3600,16136592,520269826.5400
2020-09-29,sh.600660,32.5000,32.5600,31.5500,31.7200,32.2100,19572813,624580074.3300
2020-09-30,sh.600660,31.8800,33.0500,31.6300,32.3900,31.7200,27192142,886102717.6800
2020-10-09,sh.600660,33.6500,34.0000,32.3400,32.6900,32.3900,28129010,927275534.3800
2020-10-12,sh.600660,32.8000,33.4900,32.0600,33.3500,32.6900,33222510,1087180167.8200
2020-10-13,sh.600660,33.3400,33.3500,32.2600,32.5600,33.3500,33515092,1090641135.0400
2020-10-14,sh.600660,32.5000,32.8600,32.0100,32.5100,32.5600,24912479,809794094.7000
2020-10-15,sh.600660,32.6000,32.8400,31.7400,31.8200,32.5100,26950351,865588257.4600
2020-10-16,sh.600660,31.5900,31.6000,30.0000,30.1400,31.8200,49171976,1497154145.6000
2020-10-19,sh.600660,30.3200,30.4300,29.6800,29.7600,30.1400,27728257,830483219.5400
2020-10-20,sh.600660,29.7600,31.2400,29.6500,31.0200,29.7600,30074815,913831359.1900
2020-10-21,sh.600660,31.0200,31.4000,30.5000,31.2000,31.0200,20209227,629086488.0500
2020-10-22,sh.600660,31.4400,31.4400,30.4300,30.6600,31.2000,15168207,466382663.1000
2020-10-23,sh.600660,30.8700,32.3500,30.7000,31.6000,30.6600,28642047,907503219.3900
2020-10-26,sh.600660,31.1100,32.8300,30.3600,32.6000,31.6000,31669315,1021891588.6200
2020-10-27,sh.600660,32.5000,32.5300,31.0300,31.8400,32.6000,30054610,954066813.9300
2020-10-28,sh.600660,31.6500,34.0200,31.3500,33.5700,31.8400,50967054,1693133677.4500
2020-10-29,sh.600660,32.8800,36.2300,32.6100,34.7700,33.5700,41933961,1428885880.6700
2020-10-30,sh.600660,35.6500,38.2500,35.6500,37.4800,34.7700,72540259,2711190404.1900
2020-11-02,sh.600660,38.0000,39.5000,37.0100,38.7000,37.4800,39067425,1502145198.8900
2020-11-03,sh.600660,38.7800,38.9800,37.2300,37.7600,38.7000,32377001,1227220689.7400
2020-11-04,sh.600660,38.1800,41.5400,37.7600,40.8700,37.7600,46896992,1866999339.5200
2020-11-05,sh.600660,41.1700,44.3300,40.5800,43.0600,40.8700,53028777,2255978343.4600
2020-11-06,sh.600660,43.0700,43.8500,41.3300,43.3500,43.0600,37673273,1604365872.4200
2020-11-09,sh.600660,42.6000,42.9600,41.0700,42.0000,43.3500,44761499,1869063329.6200
2020-11-10,sh.600660,41.5000,42.2600,40.4000,41.4200,42.0000,30716551,1269733216.3400
2020-11-11,sh.600660,41.4200,42.1000,40.6800,40.7800,41.4200,22674901,936749902.7600
2020-11-12,sh.600660,40.9700,42.5900,40.8100,41.5500,40.7800,23512766,980445008.2200
2020-11-13,sh.600660,41.8500,42.5400,40.6800,41.2400,41.5500,17556590,723484626.6700
2020-11-16,sh.600660,41.7800,42.9500,40.6200,40.9800,41.2400,28142387,1161245170.1800
2020-11-17,sh.600660,41.4200,42.0000,40.6900,41.3200,40.9800,24859591,1027737473.2200
2020-11-18,sh.600660,40.7900,41.5600,40.0100,41.0000,41.3200,23291297,948424747.2900
2020-11-19,sh.600660,41.1700,41.2900,39.6500,40.2500,41.0000,26330575,1057293898.5600
2020-11-20,sh.600660,40.4700,41.2100,40.0000,40.9300,40.2500,20722386,844564813.2500
2020-11-23,sh.600660,41.3400,42.5000,41.2600,41.8800,40.9300,33890005,1423966068.4200
2020-11-24,sh.600660,42.2100,42.6500,40.6000,41.0200,41.8800,22907430,945888723.3200
2020-11-25,sh.600660,41.0200,41.8500,40.3200,40.6300,41.0200,16993130,696919250.2900
2020-11-26,sh.600660,40.0000,40.6200,38.4800,40.1700,40.6300,29807067,1173352338.2400
2020-11-27,sh.600660,40.0000,40.1400,39.3800,39.9200,40.1700,15367864,610064322.3500
2020-11-30,sh.600660,40.1000,40.4500,38.6500,40.1000,39.9200,24557537,966472576.2000
2020-12-01,sh.600660,39.6500,39.8900,39.2800,39.8400,40.1000,15695635,622483708.2400
2020-12-02,sh.600660,39.8400,39.8400,38.9800,39.2000,39.8400,14496873,568547334.2200
2020-12-03,sh.600660,39.1900,39.6000,38.8800,39.2000,39.2000,13100641,514327884.0500
2020-12-04,sh.600660,39.4000,39.9600,38.7000,39.0700,39.2000,18401617,720945432.4700
2020-12-07,sh.600660,39.3000,39.4200,38.5900,38.7400,39.0700,16572411,643877929.8300
2020-12-08,sh.600660,38.7600,39.3000,38.5100,38.7400,38.7400,13712029,532485173.1800
2020-12-09,sh.600660,39.1200,39.1300,37.5900,37.7600,38.7400,17953981,684692432.2400
2020-12-10,sh.600660,37.9600,38.8800,37.0800,38.4200,37.7600,16497059,629522513.8300
2020-12-11,sh.600660,38.5600,38.5700,36.5800,38.0000,38.4200,26343382,981482370.7400
2020-12-14,sh.600660,37.3000,37.9600,36.9900,37.8000,38.0000,17716073,665929468.9300
2020-12-15,sh.600660,37.9500,40.6000,37.7000,39.8700,37.8000,40363310,1585682540.7500
2020-12-16,sh.600660,39.9700,40.4400,39.2500,39.7600,39.8700,29981538,1194232198.7500
2020-12-17,sh.600660,39.2600,39.4700,38.0100,39.1300,39.7600,29941666,1163101976.4500
2020-12-18,sh.600660,38.6400,40.3500,38.5100,40.2000,39.1300,26501400,1052725460.1200
2020-12-21,sh.600660,40.2000,42.6000,39.8100,42.6000,40.2000,44049326,1832373874.8600
2020-12-22,sh.600660,42.3400,42.6900,41.3400,42.0000,42.6000,23230452,977053073.7700
2020-12-23,sh.600660,41.9600,45.0000,41.6100,44.3000,42.0000,33383728,1464464681.8700
2020-12-24,sh.600660,44.3200,48.4800,43.6000,46.5100,44.3000,37809653,1736779810.4000
2020-12-25,sh.600660,46.5100,48.4000,45.6000,46.5100,46.5100,27579403,1296151851.6500
2020-12-28,sh.600660,46.5100,48.2600,46.0700,47.1000,46.5100,23561077,1112071516.6800
2020-12-29,sh.600660,47.1000,49.0300,45.5800,45.9300,47.1000,31385214,1482360467.5700
2020-12-30,sh.600660,46.5500,48.4700,46.0400,47.9000,45.9300,25550741,1217119670.3100
2020-12-31,sh.600660,47.6000,48.6000,46.9900,48.0500,47.9000,21094688,1012055473.4200
2021-01-04,sh.600660,50.8000,52.5000,50.0800,50.9500,48.0500,31504832,1614806195.0500
2021-01-05,sh.600660,52.0000,52.0000,50.0500,51.0000,50.9500,30016826,1527886068.3100
2021-01-06,sh.600660,50.9900,52.2500,50.0000,50.9000,51.0000,23038675,1172876315.9200
2021-01-07,sh.600660,50.2200,51.5300,50.2200,50.9500,50.9000,25360907,1291825107.9400
2021-01-08,sh.600660,51.3100,53.0000,50.7200,51.4800,50.9500,21887824,1132491741.2100
2021-01-11,sh.600660,52.7800,56.6300,52.7700,56.6300,51.4800,50576396,2828960866.1700
2021-01-12,sh.600660,56.0100,56.6000,53.2500,56.2200,56.6300,39454396,2184960832.0600
2021-01-13,sh.600660,56.7000,59.0700,55.1600,56.6100,56.2200,39625660,2275809057.1800
2021-01-14,sh.600660,56.5000,56.5000,52.5900,54.4300,56.6100,33765234,1827985160.1500
2021-01-15,sh.600660,55.0000,55.0300,50.1000,52.7200,54.4300,37751172,1970223264.1200
2021-01-18,sh.600660,53.0900,55.2000,52.8700,54.4900,52.7200,29200813,1585907350.0600
2021-01-19,sh.600660,54.4800,56.1600,53.2700,53.5400,54.4900,21452989,1171292486.5100
2021-01-20,sh.600660,54.2200,56.7600,53.8000,56.1200,53.5400,26679992,1489598116.6100
2021-01-21,sh.600660,56.1300,60.3100,55.8000,60.2500,56.1200,41669266,2457191174.3700
2021-01-22,sh.600660,60.2500,63.3300,59.2000,62.5600,60.2500,38059709,2356226305.6500
2021-01-25,sh.600660,62.5500,65.8100,60.4100,63.7800,62.5600,41553102,2634920288.3300
2021-01-26,sh.600660,63.6000,63.6000,59.4000,59.5000,63.7800,35655761,2164517266.6900
2021-01-27,sh.600660,60.3000,62.6200,58.9800,62.6100,59.5000,35214810,2165092820.7100
2021-01-28,sh.600660,61.0000,61.9500,58.8000,59.2000,62.6100,31812704,1909814738.9400
2021-01-29,sh.600660,60.3800,60.6300,57.3000,59.0000,59.2000,25937498,1529177625.0200
2021-02-01,sh.600660,58.0500,59.5500,57.1800,59.0100,59.0000,23049761,1353199033.9100
2021-02-02,sh.600660,59.0100,62.1000,59.0100,61.6500,59.0100,32525326,1985380313.2200
2021-02-03,sh.600660,61.6000,61.8000,60.0000,60.5100,61.6500,19836504,1207835722.4900
2021-02-04,sh.600660,60.0000,60.0000,57.5000,58.9900,60.5100,25594498,1503443783.2300
2021-02-05,sh.600660,59.0100,59.3900,56.0000,57.4500,58.9900,28623663,1643453564.9000
2021-02-08,sh.600660,58.0100,58.9700,56.2500,58.0000,57.4500,22537544,1302309449.0000
2021-02-09,sh.600660,58.4000,61.0000,57.6000,60.0000,58.0000,28095171,1673953053.8100
2021-02-10,sh.600660,60.5000,60.7300,58.0000,59.9800,60.0000,28997979,1727084598.0500
2021-02-18,sh.600660,61.5800,62.0000,58.1000,58.3100,59.9800,28246235,1674771591.3600
2021-02-19,sh.600660,58.4200,58.4200,54.5000,55.9900,58.3100,38189586,2126290675.0800
2021-02-22,sh.600660,57.5000,57.5700,52.1300,52.2100,55.9900,45057595,2427352898.3800
2021-02-23,sh.600660,51.0000,52.8500,49.9300,51.8800,52.2100,36732031,1895815176.6700
2021-02-24,sh.600660,51.8800,52.3100,48.6400,49.1300,51.8800,36979083,1851696143.1000
2021-02-25,sh.600660,49.9800,50.9300,49.1400,50.0600,49.1300,30740499,1536161005.5200
2021-02-26,sh.600660,48.5900,48.8400,47.0700,47.3500,50.0600,36265777,1728719310.8700
2021-03-01,sh.600660,47.8000,49.5700,47.3800,49.5700,47.3500,34927052,1701140708.3100
2021-03-02,sh.600660,50.0500,50.7900,49.2500,50.1800,49.5700,30438148,1523443323.7600
2021-03-03,sh.600660,50.1000,52.7500,49.6900,52.1000,50.1800,38161378,1981756106.6100
2021-03-04,sh.600660,51.7800,51.8000,48.8000,49.3000,52.1000,32312783,1615527614.8900
2021-03-05,sh.600660,47.8700,49.4900,46.2600,49.0900,49.3000,24902768,1202710057.2900
2021-03-08,sh.600660,49.0000,49.9800,45.5400,45.8300,49.0900,36773265,1737017973.6600
2021-03-09,sh.600660,45.2500,46.4800,43.6000,44.6800,45.8300,30023678,1352811713.6600
2021-03-10,sh.600660,46.2000,47.5800,45.8000,47.0800,44.6800,32429506,1513781155.4800
2021-03-11,sh.600660,47.4500,49.4400,46.8200,49.0400,47.0800,22832621,1109130279.9400
2021-03-12,sh.600660,49.4200,49.8200,47.7700,48.7400,49.0400,16110193,786330823.8100
2021-03-15,sh.600660,48.7200,48.7200,46.1000,46.8500,48.7400,17791662,837542990.2700
2021-03-16,sh.600660,47.5700,47.9000,46.5200,47.2000,46.8500,11845438,558538361.8300
2021-03-17,sh.600660,46.4600,48.2000,45.8500,47.2600,47.2000,14760281,697143440.0000
2021-03-18,sh.600660,47.5600,48.3000,47.2800,47.8800,47.2600,13278012,634643357.3300
2021-03-19,sh.600660,46.5000,46.9900,45.8100,46.0000,47.8800,15527297,719544738.4500
2021-03-22,sh.600660,46.2200,46.7100,45.6400,46.2500,46.0000,12352439,570966849.1800
2021-03-23,sh.600660,46.2500,46.2600,44.1000,44.5800,46.2500,23938140,1071807956.6200
2021-03-24,sh.600660,44.5800,44.9900,40.8200,41.7000,44.5800,48271240,2030678980.8800
2021-03-25,sh.600660,41.3900,41.5900,40.4700,41.2400,41.7000,21779236,892486621.1700
2021-03-26,sh.600660,41.9000,43.3500,41.7000,42.9800,41.2400,22154053,944965542.7200
2021-03-29,sh.600660,43.5800,43.7500,42.0200,42.6400,42.9800,23125174,987083806.4500
2021-03-30,sh.600660,42.5000,46.9000,42.3100,46.9000,42.6400,36542339,1660326020.4000
2021-03-31,sh.600660,47.5000,47.6000,45.0000,46.0800,46.9000,30200628,1391849681.2300
2021-04-01,sh.600660,46.1000,47.3900,46.1000,47.1400,46.0800,16562420,779403476.4300
2021-04-02,sh.600660,47.1900,48.5000,46.4100,48.1100,47.1400,17780563,851096974.9300
2021-04-06,sh.600660,48.1200,48.6900,46.9000,47.8600,48.1100,19133083,911792754.6500
2021-04-07,sh.600660,48.4400,48.4800,45.8200,46.2000,47.8600,23439752,1089110246.5100
2021-04-08,sh.600660,46.0000,46.5000,45.2100,46.3200,46.2000,19621823,901329784.9500
2021-04-09,sh.600660,46.4700,46.4900,43.8200,44.3600,46.3200,30370627,1345417416.8800
2021-04-12,sh.600660,44.6000,44.6900,42.7600,43.1700,44.3600,20026547,867066380.7300
2021-04-13,sh.600660,43.4700,43.8900,42.9100,43.2500,43.1700,13280609,576663306.8500
2021-04-14,sh.600660,43.4600,44.4400,43.3600,44.2400,43.2500,14681240,646703329.4000
2021-04-15,sh.600660,43.9900,44.9000,43.5500,44.3000,44.2400,12363656,545500421.5600
2021-04-16,sh.600660,45.1900,45.7000,43.5600,45.0700,44.3000,24942799,1116335069.6700
2021-04-19,sh.600660,45.0500,49.5800,44.2800,49.5800,45.0700,46914984,2272821328.6400
2021-04-20,sh.600660,48.5100,49.9700,48.2000,49.1600,49.5800,33461444,1649298225.0100
2021-04-21,sh.600660,49.4600,49.5000,47.6900,48.3000,49.1600,19843811,963865451.1300
2021-04-22,sh.600660,48.9800,48.9900,47.6300,48.7300,48.3000,17174681,831294292.8200
2021-04-23,sh.600660,48.6000,49.5500,47.8800,48.6600,48.7300,21278929,1040879628.6200
2021-04-26,sh.600660,48.7000,52.0000,48.7000,50.5600,48.6600,35167016,1785520071.3800
2021-04-27,sh.600660,50.8500,51.5000,49.8600,50.8200,50.5600,19611980,995680323.8700
2021-04-28,sh.600660,50.8000,51.3500,49.4200,51.1000,50.8200,17443075,885962558.3000
2021-04-29,sh.600660,51.0800,51.4900,50.3000,51.2100,51.1000,16518855,839313913.5800
2021-04-30,sh.600660,51.2500,53.0000,50.4100,51.3300,51.2100,18187022,936724251.3800
2021-05-06,sh.600660,51.0000,51.0500,48.7700,49.4000,51.3300,22358479,1108189280.7500
2021-05-07,sh.600660,49.3000,50.0000,48.4000,48.4900,49.4000,15667754,767400439.0600
2021-05-10,sh.600660,48.4900,49.1300,47.3800,48.9700,48.4900,14686148,711949549.3900
2021-05-11,sh.600660,48.4600,48.4700,45.5000,47.6500,48.9700,22883333,1072244869.5400
2021-05-12,sh.600660,47.4300,49.2800,47.2000,48.7900,47.6500,15736602,762903344.9400
2021-05-13,sh.600660,48.4300,48.6800,47.3100,47.4400,48.7900,11591919,554178220.9100
2021-05-14,sh.600660,47.9700,49.1700,47.3800,48.9600,47.4400,15378228,743496853.7200
2021-05-17,sh.600660,48.9700,51.2800,48.9600,50.9000,48.9600,21051297,1069030590.4700
2021-05-18,sh.600660,50.9100,51.0000,49.6100,50.6000,50.9000,13216421,663564973.1300
2021-05-19,sh.600660,50.1700,51.5000,49.4600,51.2600,50.6000,17596071,893445937.6200
2021-05-20,sh.600660,50.9100,51.7000,50.1800,50.2500,51.2600,15508763,785811720.9900
2021-05-21,sh.600660,50.7100,51.2600,49.4100,49.7800,50.2500,13594737,679240453.4700
2021-05-24,sh.600660,49.7800,50.0400,48.7800,49.9000,49.7800,13863219,684376561.4900
2021-05-25,sh.600660,50.0800,51.1800,49.8000,50.9000,49.9000,22280956,1125676473.3700
2021-05-26,sh.600660,51.0100,52.5800,50.0000,50.4500,50.9000,24408725,1251909750.6400
2021-05-27,sh.600660,50.6300,51.1800,49.5000,50.9100,50.4500,20055960,1017349099.8300
2021-05-28,sh.600660,51.1200,52.1600,50.5900,51.5000,50.9100,23740623,1221089564.0500
2021-05-31,sh.600660,51.6400,52.3800,49.9400,52.2900,51.5000,21409697,1099246275.9800
2021-06-01,sh.600660,51.6000,52.1000,50.4600,51.1000,52.2900,20614292,1054301943.9200
2021-06-02,sh.600660,51.2800,52.3500,50.1300,50.2300,51.1000,22107030,1130174625.4800
2021-06-03,sh.600660,50.4000,52.3000,49.6000,50.6300,50.2300,27600385,1409319662.4200
2021-06-04,sh.600660,50.4300,54.5000,49.8300,53.8800,50.6300,38919022,2060211780.5300
2021-06-07,sh.600660,53.8800,54.8700,52.4100,53.2000,53.8800,22539913,1202150155.4000
2021-06-08,sh.600660,53.0000,54.7300,52.5000,53.7300,53.2000,25989054,1394519235.6300
2021-06-09,sh.600660,53.0100,56.3000,53.0000,56.1500,53.7300,32929602,1825570179.9600
2021-06-10,sh.600660,55.3000,56.8500,55.2800,56.2100,56.1500,27040182,1520010973.5500
2021-06-11,sh.600660,56.5000,58.8600,55.8000,57.9900,56.2100,27494738,1579377240.6800
2021-06-15,sh.600660,58.0000,59.9200,56.8900,57.6600,57.9900,22516478,1310568619.1800
2021-06-16,sh.600660,57.6000,57.6000,53.8800,54.2400,57.6600,30159552,1661136763.9600
2021-06-17,sh.600660,54.2400,55.7100,54.2200,54.9100,54.2400,17013089,936430367.3600
2021-06-18,sh.600660,55.6300,56.4300,54.6000,55.9900,54.9100,19498975,1085675821.4500
2021-06-21,sh.600660,55.9400,59.1300,54.6000,58.9200,55.9900,30100340,1746464307.4100
2021-06-22,sh.600660,59.3900,59.5100,57.2000,58.7900,58.9200,21829523,1273678672.5300
2021-06-23,sh.600660,58.3900,60.5400,58.0000,59.9600,58.7900,22203749,1331226926.2200
2021-06-24,sh.600660,59.9700,60.2000,57.7000,58.2800,59.9600,20978068,1228586974.2000
2021-06-25,sh.600660,58.6000,58.6000,56.5000,57.3200,58.2800,24620271,1411425686.0300
2021-06-28,sh.600660,57.3300,58.3100,56.7000,57.6200,57.3200,25847202,1487423928.3700
2021-06-29,sh.600660,57.6200,57.6200,55.8000,56.7000,57.6200,20976565,1181981605.6800
2021-06-30,sh.600660,56.7000,56.9100,55.5000,55.8500,56.7000,17018063,952698557.6600
2021-07-01,sh.600660,55.1700,55.7200,54.0600,54.2500,55.1000,15800150,863815280.2100
2021-07-02,sh.600660,54.5000,54.8300,53.6600,54.4000,54.2500,16296342,886991944.3900
2021-07-05,sh.600660,54.4000,54.4100,52.5400,53.0000,54.4000,23302416,1236844606.9100
2021-07-06,sh.600660,52.7900,53.6000,52.0000,52.6400,53.0000,18271133,963617391.8700
2021-07-07,sh.600660,52.6400,55.2400,51.8600,54.9400,52.6400,22950591,1247374637.0600
2021-07-08,sh.600660,54.6000,55.1400,53.3600,53.6400,54.9400,18232646,981799676.8700
2021-07-09,sh.600660,53.0900,54.0000,49.6700,53.9500,53.6400,30812025,1601031770.0300
2021-07-12,sh.600660,53.8800,55.0000,52.7000,54.5000,53.9500,24775351,1347601740.8000
2021-07-13,sh.600660,55.1000,55.4200,53.7100,53.9500,54.5000,18830677,1023472991.1500
2021-07-14,sh.600660,54.1900,54.1900,51.0000,51.0600,53.9500,39624357,2045220398.2000
2021-07-15,sh.600660,51.3100,51.6900,49.8800,51.0200,51.0600,22900882,1161811095.9800
2021-07-16,sh.600660,51.2900,52.5200,50.0300,51.7000,51.0200,20622772,1065559994.6100
2021-07-19,sh.600660,52.1100,52.3200,51.0900,51.5000,51.7000,12747947,657161907.2900
2021-07-20,sh.600660,51.5000,51.8600,50.6700,51.2000,51.5000,11895201,608563161.1600
2021-07-21,sh.600660,51.3300,52.1900,50.9500,51.6400,51.2000,22578840,1161547992.8900
2021-07-22,sh.600660,51.9900,52.0000,50.2000,50.7100,51.6400,24907088,1264799292.2300
2021-07-23,sh.600660,51.1300,51.1500,48.5800,49.1800,50.7100,33333385,1651947824.2500
2021-07-26,sh.600660,49.1900,49.2000,46.0000,48.0100,49.1800,23568538,1128391701.6300
2021-07-27,sh.600660,48.1000,48.5400,46.0000,46.1200,48.0100,24636773,1161837295.8300
2021-07-28,sh.600660,44.7000,47.9500,44.7000,47.4600,46.1200,31643901,1467837468.6600
2021-07-29,sh.600660,47.8000,50.2500,47.8000,49.9700,47.4600,32824693,1617106529.1200
2021-07-30,sh.600660,49.9000,49.9000,48.1800,48.3000,49.9700,15236576,740664479.7700
2021-08-02,sh.600660,48.1800,51.0000,48.1000,50.7300,48.3000,30563386,1524539747.1500
2021-08-03,sh.600660,50.7300,52.0000,49.5700,51.7500,50.7300,28007136,1425303352.8900
2021-08-04,sh.600660,51.8000,54.4500,51.8000,53.8000,51.7500,28814763,1545699143.0100
2021-08-05,sh.600660,53.5800,54.7800,52.5700,53.9900,53.8000,22006178,1185950370.7100
2021-08-06,sh.600660,55.7100,56.6600,53.4400,53.5200,53.9900,37071198,2034597780.7300
2021-08-09,sh.600660,53.4600,55.5800,52.8300,54.4000,53.5200,30867432,1692936129.5700
2021-08-10,sh.600660,54.5000,54.9000,52.1400,52.7200,54.4000,25010533,1318874361.3700
2021-08-11,sh.600660,52.4200,52.7000,50.5000,51.0900,52.7200,25094113,1284771841.0500
2021-08-12,sh.600660,51.2900,52.1400,50.0500,51.9200,51.0900,22933161,1172602908.6100
2021-08-13,sh.600660,51.4800,52.4200,50.7600,50.8900,51.9200,15036911,772008972.0900
2021-08-16,sh.600660,50.7000,51.2600,49.9000,51.0000,50.8900,13707382,693230512.8800
2021-08-17,sh.600660,50.4000,51.2800,48.5800,48.9200,51.0000,20892269,1036191822.7000
2021-08-18,sh.600660,49.3000,49.4800,47.0000,47.6600,48.9200,25579653,1218940360.2300
2021-08-19,sh.600660,47.3500,48.8000,47.0000,48.3900,47.6600,18794697,906357811.1500
2021-08-20,sh.600660,47.9900,48.2300,46.4800,47.1600,48.3900,19455587,915921590.8600
2021-08-23,sh.600660,47.2000,47.9200,46.6000,47.9000,47.1600,24404345,1156846226.0800
2021-08-24,sh.600660,47.9100,48.8800,47.7100,48.4300,47.9000,23583629,1140618356.0800
2021-08-25,sh.600660,48.4400,48.5000,47.1700,47.6600,48.4300,20136983,958249482.0800
2021-08-26,sh.600660,47.6600,47.6600,46.8000,46.8400,47.6600,13703850,644737107.6400
2021-08-27,sh.600660,46.7000,47.4100,46.1500,46.7100,46.8400,16811518,784819379.1500
2021-08-30,sh.600660,46.9800,48.3800,46.2400,48.3300,46.7100,25128592,1200431152.8000
2021-08-31,sh.600660,48.8500,48.8500,47.0100,47.9000,48.3300,19287375,920770900.7300
2021-09-01,sh.600660,47.7900,48.4000,46.6100,48.1200,47.9000,20970687,998427566.0600
2021-09-02,sh.600660,47.9200,48.0000,46.4000,47.1500,48.1200,26103531,1228576405.8900
2021-09-03,sh.600660,46.5200,46.8000,45.9000,46.1900,47.1500,16762402,775642521.9100
2021-09-06,sh.600660,46.2000,46.9200,45.4800,46.5400,46.1900,17948528,833391928.5500
2021-09-07,sh.600660,46.5900,47.4600,46.2500,47.3100,46.5400,21392394,1002705120.0800
2021-09-08,sh.600660,47.1800,47.3300,46.4900,46.6400,47.3100,18290016,854790798.2300
2021-09-09,sh.600660,46.6400,46.8100,45.8000,46.2900,46.6400,17331182,800297974.6400
2021-09-10,sh.600660,46.2600,46.8000,45.9000,46.1300,46.2900,21623023,998609614.9600
2021-09-13,sh.600660,46.1000,46.1000,44.4900,45.1300,46.1300,33579450,1512661619.1200
2021-09-14,sh.600660,45.0800,47.9800,44.7000,46.9000,45.1300,42320142,1966443178.7300
2021-09-15,sh.600660,46.9900,46.9900,45.5100,46.1900,46.9000,18777698,862533823.6100
2021-09-16,sh.600660,46.1800,46.1800,44.7700,44.7700,46.1900,19882584,896644474.0700
2021-09-17,sh.600660,44.7700,45.1900,43.7200,44.5800,44.7700,24722472,1096861873.8700
2021-09-22,sh.600660,43.9200,44.0000,42.9300,43.5100,44.5800,18322163,794759273.2800
2021-09-23,sh.600660,43.6300,45.0000,43.6300,44.1900,43.5100,22616912,1004178710.8700
2021-09-24,sh.600660,44.2000,45.5200,43.8000,45.0200,44.1900,30213168,1361080146.4600
2021-09-27,sh.600660,44.8700,45.4200,44.5000,45.0300,45.0200,15543930,700162546.1300
2021-09-28,sh.600660,44.8500,44.9500,43.7500,43.8800,45.0300,14702734,648440937.9600
2021-09-29,sh.600660,43.5100,43.5200,41.7800,41.8300,43.8800,26875259,1134795149.0000
2021-09-30,sh.600660,41.8300,42.3800,41.3000,42.2500,41.8300,15454502,650020166.8000
2021-10-08,sh.600660,41.8400,43.9500,41.8000,43.1000,42.2500,21817987,940085187.4900
2021-10-11,sh.600660,43.1000,46.0000,42.8800,45.8500,43.1000,38466023,1745051266.4200
2021-10-12,sh.600660,45.8600,47.5700,45.2000,46.2800,45.8500,32334309,1508174581.0800
2021-10-13,sh.600660,46.2800,48.0500,45.6800,47.4400,46.2800,27093922,1286522855.1800
2021-10-14,sh.600660,47.2000,49.6300,47.1700,49.3000,47.4400,36184439,1769248194.8000
2021-10-15,sh.600660,49.2200,49.8000,48.1400,49.2700,49.3000,25943649,1272790309.6200
2021-10-18,sh.600660,49.1300,49.4800,48.3600,49.1200,49.2700,21646479,1059478538.4900
2021-10-19,sh.600660,49.0800,49.7500,48.4900,49.3000,49.1200,18515905,908862495.4900
2021-10-20,sh.600660,49.3000,50.5000,48.8900,49.3600,49.3000,18928238,937135111.8800
2021-10-21,sh.600660,49.3400,50.0500,48.9800,49.4000,49.3600,15192263,752993408.9900
2021-10-22,sh.600660,49.4000,50.0800,48.7800,49.5500,49.4000,15451695,765187435.6200
2021-10-25,sh.600660,49.5500,51.1000,48.6900,50.2000,49.5500,26299388,1318574180.8500
2021-10-26,sh.600660,50.5800,52.7300,50.1000,51.7500,50.2000,40122923,2069861908.3700
2021-10-27,sh.600660,51.5400,51.6500,50.2000,50.6000,51.7500,14698529,745558128.2300
2021-10-28,sh.600660,49.9700,50.9000,49.4100,50.0000,50.6000,13952738,698783709.0800
2021-10-29,sh.600660,49.1000,50.0000,48.0000,49.4000,50.0000,21222261,1043561659.4400
2021-11-01,sh.600660,49.0400,49.4600,47.2000,48.3500,49.4000,27604650,1332552810.6100
2021-11-02,sh.600660,48.0100,51.0000,47.6000,50.5000,48.3500,35498782,1780458254.6600
2021-11-03,sh.600660,50.0200,51.2000,48.7300,49.4000,50.5000,21632790,1077231361.4800
2021-11-04,sh.600660,49.5100,51.5000,49.0300,50.8000,49.4000,22669636,1147300125.8100
2021-11-05,sh.600660,51.5000,51.7700,50.3000,51.0000,50.8000,17575880,897770927.4000
2021-11-08,sh.600660,50.9900,51.3300,49.0800,49.2600,51.0000,22555442,1124098596.1600
2021-11-09,sh.600660,49.4500,49.4500,46.3700,47.1700,49.2600,36135744,1719691239.9300
2021-11-10,sh.600660,46.8800,47.7500,45.7500,46.3700,47.1700,25797864,1197827109.7700
2021-11-11,sh.600660,46.3700,48.3900,45.9600,47.0700,46.3700,22347900,1052148718.7800
2021-11-12,sh.600660,47.3200,47.5400,46.5000,47.3100,47.0700,13422947,632705497.4800
2021-11-15,sh.600660,47.5900,50.1800,47.4800,47.8200,47.3100,28617224,1389418908.5600
2021-11-16,sh.600660,47.8300,48.1900,46.8200,47.7000,47.8200,17586750,835000422.7400
2021-11-17,sh.600660,47.7000,48.0100,46.6500,47.8800,47.7000,13966364,660818904.2700
2021-11-18,sh.600660,47.7000,47.7000,46.3100,46.4100,47.8800,17073400,798922515.3600
2021-11-19,sh.600660,46.4000,46.8600,46.0600,46.6000,46.4100,9916185,460936293.2300
2021-11-22,sh.600660,46.8100,49.1100,46.6600,48.5500,46.6000,25698334,1237009719.9400
2021-11-23,sh.600660,48.5500,48.8000,47.7800,48.2800,48.5500,14969887,723789932.6900
2021-11-24,sh.600660,48.2700,48.4900,47.0700,47.2900,48.2800,11852025,562412980.7400
2021-11-25,sh.600660,47.1500,47.2600,46.4000,46.8000,47.2900,11460095,535018404.0600
2021-11-26,sh.600660,46.8000,46.8000,45.8300,46.1500,46.8000,17440708,802900500.9800
2021-11-29,sh.600660,45.7400,46.4000,45.2500,45.8500,46.1500,14015409,640198989.4000
2021-11-30,sh.600660,45.6100,46.4400,45.3500,45.9900,45.8500,18126487,834055709.2600
2021-12-01,sh.600660,46.0000,46.4000,45.1800,45.3300,45.9900,13179346,597521549.3200
2021-12-02,sh.600660,45.1300,46.0700,45.1000,45.5200,45.3300,12664136,578304337.3300
2021-12-03,sh.600660,45.5200,45.7500,45.0000,45.3000,45.5200,13275922,599227830.2700
2021-12-06,sh.600660,45.1500,46.2500,45.0000,45.6400,45.3000,14277714,653005440.6700
2021-12-07,sh.600660,45.7500,46.0500,44.6200,45.1000,45.6400,18961241,853703419.2900
2021-12-08,sh.600660,45.4500,45.4500,44.4400,45.0300,45.1000,20855019,932597814.7000
2021-12-09,sh.600660,45.0400,47.3500,45.0200,46.8600,45.0300,36451691,1694216657.0100
2021-12-10,sh.600660,46.6700,46.6800,45.3900,46.2000,46.8600,29653424,1358782020.8600
2021-12-13,sh.600660,45.9700,46.8000,45.8800,46.2700,46.2000,22968070,1065542847.2100
2021-12-14,sh.600660,46.0000,46.2000,45.3900,45.5400,46.2700,18876118,861429989.9000
2021-12-15,sh.600660,45.3000,46.3500,45.2900,45.6500,45.5400,16271349,747351290.1600
2021-12-16,sh.600660,45.4900,46.1500,44.7800,46.1100,45.6500,23802978,1077502396.1900
2021-12-17,sh.600660,45.9000,45.9800,44.9400,45.1400,46.1100,18751463,849668058.3400
2021-12-20,sh.600660,45.3300,45.3300,44.5100,44.5200,45.1400,11448576,511959179.5900
2021-12-21,sh.600660,44.5000,44.9800,44.4500,44.7800,44.5200,8763677,391815956.0600
2021-12-22,sh.600660,44.9000,45.9800,44.9000,45.6100,44.7800,22506880,1026401857.1800
2021-12-23,sh.600660,45.6100,47.8800,45.4500,47.5300,45.6100,45251285,2129473789.5700
2021-12-24,sh.600660,48.0000,49.8800,47.5600,49.0700,47.5300,37394430,1830449397.0500
2021-12-27,sh.600660,49.0400,49.8000,48.0400,48.7100,49.0700,16783873,817109446.8100
2021-12-28,sh.600660,48.3400,48.8200,47.8900,48.0700,48.7100,15933146,768379476.6900
2021-12-29,sh.600660,47.9500,48.1500,47.0800,47.7700,48.0700,13708063,653703632.2600
2021-12-30,sh.600660,47.7700,48.3800,47.1400,47.5000,47.7700,12788508,609196352.7100
2021-12-31,sh.600660,47.5500,47.7500,46.8500,47.1400,47.5000,15136403,712817928.5900
2022-01-04,sh.600660,47.4700,48.3300,46.7000,46.9000,47.1400,16658863,787375410.3600
2022-01-05,sh.600660,46.9000,47.3500,46.6000,47.1000,46.9000,17273735,810806900.8700
2022-01-06,sh.600660,46.6000,47.0000,45.5000,46.0400,47.1000,21910052,1009589137.2300
2022-01-07,sh.600660,46.1000,47.3300,46.0700,46.9700,46.0400,16029631,750619947.1500
2022-01-10,sh.600660,46.6700,48.4300,45.8300,48.3000,46.9700,18052686,859362548.8300
2022-01-11,sh.600660,48.1500,48.2800,46.7300,47.1000,48.3000,13110089,619972018.7700
2022-01-12,sh.600660,47.0800,47.3100,46.6200,47.1500,47.1000,10443075,490559669.6200
2022-01-13,sh.600660,47.1300,47.4800,46.3400,46.6600,47.1500,8939339,417729529.1600
2022-01-14,sh.600660,46.5000,48.4000,46.3000,48.0300,46.6600,27108183,1296402565.4600
2022-01-17,sh.600660,48.0200,49.6000,48.0200,48.7500,48.0300,20954615,1025738982.0000
2022-01-18,sh.600660,48.8000,49.6000,48.5000,49.1800,48.7500,17411580,855084627.4000
2022-01-19,sh.600660,48.5700,48.9000,47.5000,47.8700,49.1800,11445904,550329456.3500
2022-01-20,sh.600660,47.7000,49.6000,47.3900,49.1500,47.8700,17766392,868007274.7500
2022-01-21,sh.600660,48.8900,49.0100,48.0700,48.6100,49.1500,11026651,535293354.1800
2022-01-24,sh.600660,48.6100,49.4500,48.2500,49.0400,48.6100,11540249,566057272.1500
2022-01-25,sh.600660,48.6000,49.5800,48.3000,48.6100,49.0400,15794609,777167227.4000
2022-01-26,sh.600660,48.6100,50.3000,48.3500,50.1000,48.6100,28096947,1395724242.4000
2022-01-27,sh.600660,50.0000,50.3700,48.0100,49.2000,50.1000,21444535,1057449023.0400
2022-01-28,sh.600660,48.7600,49.1000,46.5000,47.5800,49.2000,16683627,793730377.6800
2022-02-07,sh.600660,47.6500,48.7800,47.6500,48.2700,47.5800,6570403,317142252.0500
2022-02-08,sh.600660,48.0000,48.1400,46.6500,47.4800,48.2700,10620494,500757071.4600
2022-02-09,sh.600660,47.1000,48.6800,47.0500,48.4800,47.4800,13607008,650643773.1400
2022-02-10,sh.600660,48.4800,48.4800,47.3000,48.3800,48.4800,11226181,537352317.5800
2022-02-11,sh.600660,47.5400,47.8500,46.6000,46.7900,48.3800,14231778,670432286.1900
2022-02-14,sh.600660,46.6800,46.8000,45.8200,46.0600,46.7900,9799952,452262956.9000
2022-02-15,sh.600660,46.0600,46.3100,45.5400,46.1200,46.0600,9349979,428543765.5600
2022-02-16,sh.600660,46.3000,46.8900,46.3000,46.7200,46.1200,8026075,374331112.8600
2022-02-17,sh.600660,46.5100,46.9500,46.0900,46.9400,46.7200,7372826,344168372.3800
2022-02-18,sh.600660,46.5000,46.6700,46.2200,46.5400,46.9400,4456863,206891102.1000
2022-02-21,sh.600660,46.5500,46.5800,46.1000,46.3500,46.5400,5459072,252193488.4000
2022-02-22,sh.600660,45.8800,46.1500,45.2500,45.3000,46.3500,10580173,480910200.7900
2022-02-23,sh.600660,45.3000,46.0000,45.3000,46.0000,45.3000,9210188,421494241.6500
2022-02-24,sh.600660,45.7800,45.7800,44.0000,44.4400,46.0000,19852358,886931125.2000
2022-02-25,sh.600660,44.4900,45.0800,44.4900,44.8500,44.4400,10813695,484908994.4500
2022-02-28,sh.600660,44.8600,44.8800,43.7800,44.0000,44.8500,14701087,646819968.0000
2022-03-01,sh.600660,44.0900,44.5100,43.9200,44.4000,44.0000,11489259,508688048.0000
2022-03-02,sh.600660,44.1100,44.4000,43.8100,43.9000,44.4000,10212799,449027456.0000
2022-03-03,sh.600660,44.1000,44.1900,41.3400,42.0200,43.9000,31927582,1351057536.0000
2022-03-04,sh.600660,41.6000,41.6500,40.5500,40.8600,42.0200,18539214,758892480.0000
2022-03-07,sh.600660,40.8600,40.8600,38.2000,38.6700,40.8600,23837148,928950032.0000
2022-03-08,sh.600660,38.5500,38.6600,36.4000,36.7100,38.6700,26617576,991622016.0000
2022-03-09,sh.600660,36.6000,37.6000,34.0000,37.4500,36.7100,28896603,1042488832.0000
2022-03-10,sh.600660,38.4500,39.0000,37.6800,38.2900,37.4500,26727517,1023263392.0000
2022-03-11,sh.600660,37.7800,37.8900,36.7600,37.4700,38.2900,15919358,593259024.0000
2022-03-14,sh.600660,36.9000,37.2000,36.3000,36.3000,37.4700,13062491,479971184.0000
2022-03-15,sh.600660,36.0000,36.7500,34.6600,34.6900,36.3000,17902654,637250928.0000
2022-03-16,sh.600660,35.2000,36.1900,34.0000,36.1400,34.6900,22031044,776810720.0000
2022-03-17,sh.600660,37.0000,38.1400,36.4100,37.9300,36.1400,28008149,1047191536.0000
2022-03-18,sh.600660,37.6000,37.6000,35.3400,35.7100,37.9300,52997276,1894676395.9800
2022-03-21,sh.600660,35.6500,35.9600,34.9000,35.3100,35.7100,28001849,990369933.9600
2022-03-22,sh.600660,35.1600,35.8200,34.9800,35.5100,35.3100,17806665,630450035.6200
2022-03-23,sh.600660,35.5800,36.2000,35.3000,35.5100,35.5100,15798891,561025407.8900
2022-03-24,sh.600660,35.4000,35.4000,34.9400,35.1000,35.5100,14609780,512537660.7100
2022-03-25,sh.600660,35.1100,35.6000,34.8200,34.9000,35.1000,17478586,614012837.8200
2022-03-28,sh.600660,34.5400,35.4500,34.2000,35.1500,34.9000,15875372,554222669.5500
2022-03-29,sh.600660,35.2500,35.3900,35.0100,35.1200,35.1500,10208551,358968699.8800
2022-03-30,sh.600660,35.2000,36.1700,35.2000,36.1500,35.1200,24678830,883829045.5900
2022-03-31,sh.600660,36.1400,36.4200,35.4500,35.5800,36.1500,16507508,591799870.6900
2022-04-01,sh.600660,35.2100,35.7900,35.1000,35.3200,35.5800,15630326,552698657.5500
2022-04-06,sh.600660,35.3200,35.3200,34.4400,34.5800,35.3200,18788648,651263441.6000
2022-04-07,sh.600660,34.5500,34.5900,32.9500,33.0000,34.5800,29948747,1004847129.9400
2022-04-08,sh.600660,33.0000,33.0300,31.4600,32.4500,33.0000,33974515,1092628793.7900
2022-04-11,sh.600660,32.0000,32.0100,30.3000,30.4000,32.4500,30467241,940272774.7200
2022-04-12,sh.600660,30.2700,31.2300,30.2300,31.1800,30.4000,19459678,598580314.4500
2022-04-13,sh.600660,31.1300,31.1500,30.7100,30.8200,31.1800,11494731,356022832.5300
2022-04-14,sh.600660,31.0500,32.0800,31.0000,31.8900,30.8200,20704313,656839078.2300
2022-04-15,sh.600660,32.1000,35.0800,32.1000,35.0800,31.8900,53615170,1839350697.4000
2022-04-18,sh.600660,35.9000,36.0000,33.6900,35.6600,35.0800,40800743,1438043933.0700
2022-04-19,sh.600660,35.6000,35.6400,34.5100,34.8500,35.6600,25378227,887798952.4500
2022-04-20,sh.600660,34.5700,35.3800,34.5700,34.7900,34.8500,19541418,684026268.4000
2022-04-21,sh.600660,34.6300,34.9700,33.9700,34.2000,34.7900,18320397,631318289.3900
2022-04-22,sh.600660,33.9800,34.2700,33.3000,33.8600,34.2000,15921210,537852569.3300
2022-04-25,sh.600660,33.3900,34.0800,32.2800,32.3500,33.8600,20514027,677927608.5700
2022-04-26,sh.600660,32.3500,34.0500,31.9000,32.8800,32.3500,23586836,779744586.7500
2022-04-27,sh.600660,32.3800,34.5500,32.2500,34.4500,32.8800,26871767,902811805.7900
2022-04-28,sh.600660,34.0000,34.6800,33.8600,34.1900,34.4500,17592819,602293794.8700
2022-04-29,sh.600660,34.5100,35.8000,33.9100,35.5500,34.1900,28416793,994497660.2100
2022-05-05,sh.600660,35.5900,36.4500,35.5000,35.9500,35.5500,22039126,796149527.3200
2022-05-06,sh.600660,35.0800,36.3600,34.7300,36.0100,35.9500,15459114,550385398.5400
2022-05-09,sh.600660,35.8000,35.8600,34.6800,35.0200,36.0100,13932911,489301433.3100
2022-05-10,sh.600660,34.4900,35.7600,34.0000,35.3700,35.0200,17862190,627067566.6700
2022-05-11,sh.600660,35.5400,37.7500,35.4200,36.7700,35.3700,34743744,1284935206.7800
2022-05-12,sh.600660,37.0100,37.4900,36.6000,36.9200,36.7700,14771630,546269751.8400
2022-05-13,sh.600660,36.9200,37.7500,36.7800,37.6500,36.9200,15638605,585728759.6400
2022-05-16,sh.600660,37.9500,38.1000,37.3300,37.6000,37.6500,14208984,535789836.6100
2022-05-17,sh.600660,37.6300,38.4400,37.4000,38.2500,37.6000,15292535,582403088.7900
2022-05-18,sh.600660,38.2700,38.4600,37.8000,38.0000,38.2500,11175908,425389496.7900
2022-05-19,sh.600660,36.8800,36.8800,35.7700,36.5000,37.0000,15020373,544292006.2300
2022-05-20,sh.600660,36.6700,37.4900,36.5300,36.8800,36.5000,13354214,493103133.9000
2022-05-23,sh.600660,36.9800,37.0900,35.9300,36.8600,36.8800,18241510,666241280.4300
2022-05-24,sh.600660,39.7000,40.5500,38.6500,38.6800,36.8600,63057847,2510652884.5500
2022-05-25,sh.600660,37.5000,39.2400,37.4400,39.0000,38.6800,25889244,996044854.9800
2022-05-26,sh.600660,39.0000,39.2400,38.4000,38.7000,39.0000,10879884,422550336.2400
2022-05-27,sh.600660,38.7800,39.1600,37.8100,37.9900,38.7000,13183051,505161260.6200
2022-05-30,sh.600660,38.4000,39.9800,38.1600,39.8900,37.9900,24584335,969861797.9900
2022-05-31,sh.600660,39.8800,40.4000,39.5000,40.1400,39.8900,18326904,734205728.4500
2022-06-01,sh.600660,40.9400,41.6600,40.5100,41.1500,40.1400,23098592,952332504.2200
2022-06-02,sh.600660,41.1000,41.9900,40.6600,41.8400,41.1500,15414861,638215474.4500
2022-06-06,sh.600660,41.8400,43.5200,41.5200,42.9900,41.8400,23484639,1006120817.2400
2022-06-07,sh.600660,43.0000,43.2200,41.1600,41.4500,42.9900,20249865,844582098.6800
2022-06-08,sh.600660,41.3500,41.9200,40.7400,41.8600,41.4500,18322107,756104757.7500
2022-06-09,sh.600660,41.8600,41.8600,40.0300,40.3800,41.8600,23900723,968435066.9700
2022-06-10,sh.600660,40.3500,42.5000,39.8300,42.4000,40.3800,34511997,1434286312.7400
2022-06-13,sh.600660,42.2000,43.4000,42.0200,43.1200,42.4000,19642615,845552270.9700
2022-06-14,sh.600660,43.0500,43.5500,41.5500,43.3800,43.1200,18643638,794754910.3900
2022-06-15,sh.600660,43.0500,44.0000,42.9000,42.9900,43.3800,14715166,638947383.2400
2022-06-16,sh.600660,43.1000,43.3900,42.3800,42.5500,42.9900,15089404,643467996.5600
2022-06-17,sh.600660,42.0300,42.8500,41.9000,42.4500,42.5500,13873237,588512285.8600
2022-06-20,sh.600660,42.5000,42.9900,42.3100,42.7600,42.4500,12024886,512723672.5800
2022-06-21,sh.600660,42.7600,43.0000,41.6600,42.1500,42.7600,13815966,582288289.7200
2022-06-22,sh.600660,42.3500,42.4900,41.7600,41.8100,42.1500,12234617,515198485.7800
2022-06-23,sh.600660,41.9700,44.1000,41.9700,43.9100,41.8100,29110821,1265998948.9600
2022-06-24,sh.600660,43.8200,44.4300,43.4600,44.0900,43.9100,15026736,660950892.7300
2022-06-27,sh.600660,44.1600,44.3200,42.6200,43.2800,44.0900,19863878,858507408.1100
2022-06-28,sh.600660,43.4800,43.5300,42.6500,43.4000,43.2800,12610593,544553262.0200
2022-06-29,sh.600660,43.5100,43.5100,41.2400,41.4600,43.4000,23942356,1005345946.2600
2022-06-30,sh.600660,41.5800,42.3100,41.4800,41.8100,41.4600,13332672,557336971.7600
2022-07-01,sh.600660,41.8700,41.9900,40.3800,40.8400,41.8100,20832924,850845362.1000
2022-07-04,sh.600660,40.9400,42.1800,40.2500,41.8000,40.8400,18388156,761923322.0100
2022-07-05,sh.600660,41.8000,41.9800,40.3300,41.1000,41.8000,20659111,845068232.4300
2022-07-06,sh.600660,41.1000,41.9200,40.7600,41.4500,41.1000,13454253,556526482.2000
2022-07-07,sh.600660,41.4500,43.7000,41.2500,43.0300,41.4500,23834227,1022605365.5300
2022-07-08,sh.600660,43.0100,43.6800,42.1200,42.1500,43.0300,12443977,530717394.4600
2022-07-11,sh.600660,42.1500,42.1500,40.5800,41.3000,42.1500,12720106,521790165.7400
2022-07-12,sh.600660,42.0000,43.2000,40.8100,41.4800,41.3000,19162412,807241597.4800
2022-07-13,sh.600660,41.3700,41.5900,40.4000,40.9000,41.4800,13349348,545481198.9300
2022-07-14,sh.600660,40.9000,42.8000,40.8500,41.5000,40.9000,16048521,671302492.4500
2022-07-15,sh.600660,41.6500,42.9000,41.5000,41.8100,41.5000,15635344,663016650.6000
2022-07-18,sh.600660,41.8000,42.3000,40.9100,41.8500,41.8100,12659859,525874017.0800
2022-07-19,sh.600660,41.8700,43.1000,40.9100,42.4300,41.8500,17411437,737948055.6900
2022-07-20,sh.600660,42.4500,42.4500,41.5200,41.8000,42.4300,9132645,381791016.3300
2022-07-21,sh.600660,41.5000,42.8300,41.4000,41.7100,41.8000,11346713,477859612.6800
2022-07-22,sh.600660,41.7000,42.7200,41.7000,42.1000,41.7100,12259251,516619077.0500
2022-07-25,sh.600660,42.0900,42.0900,40.7500,40.9800,42.1000,17123499,703034342.1100
2022-07-26,sh.600660,40.9000,41.4000,40.6500,41.2900,40.9800,6859694,281693135.4100
2022-07-27,sh.600660,41.1000,42.1800,40.9500,41.7700,41.2900,10761581,449362043.8300
2022-07-28,sh.600660,41.8000,42.0500,41.3300,41.8000,41.7700,9242268,385845972.2700
2022-07-29,sh.600660,41.5100,41.9900,40.8200,41.0200,41.8000,12481622,514310626.4500
2022-08-01,sh.600660,41.0200,41.4400,40.2100,41.1400,41.0200,13438082,548135821.9800
2022-08-02,sh.600660,40.3200,40.5000,39.5100,40.0500,41.1400,15279477,612030282.8100
2022-08-03,sh.600660,40.0500,40.9100,39.0700,39.3700,40.0500,15189501,610175829.9300
2022-08-04,sh.600660,39.4900,39.6500,38.3100,38.9300,39.3700,13539447,526008188.0000
2022-08-05,sh.600660,39.0700,39.4700,38.5300,39.1800,38.9300,11736788,457710320.0000
2022-08-08,sh.600660,39.1800,39.5600,38.8300,39.0400,39.1800,9333738,364659426.0000
2022-08-09,sh.600660,39.0600,39.3400,38.5100,38.6000,39.0400,12115077,469358088.0000
2022-08-10,sh.600660,38.5000,38.6600,37.3600,37.6800,38.6000,19080620,720743462.0000
2022-08-11,sh.600660,37.7000,39.4000,37.5400,39.1600,37.6800,20826939,801896490.0000
2022-08-12,sh.600660,38.9900,39.2900,38.7500,39.0400,39.1600,8070760,315156591.0000
2022-08-15,sh.600660,39.0400,39.5900,38.8300,39.1300,39.0400,11960360,469395289.8700
2022-08-16,sh.600660,39.3700,39.5500,39.0100,39.1000,39.1300,7849426,307769529.5900
2022-08-17,sh.600660,39.1100,39.3900,38.8200,39.2700,39.1000,11118436,434900612.4700
2022-08-18,sh.600660,39.0700,39.5500,39.0500,39.3200,39.2700,7147580,281380734.0700
2022-08-19,sh.600660,39.3300,39.8800,38.9100,38.9900,39.3200,12018323,472103610.4500
2022-08-22,sh.600660,38.6000,40.2000,38.5000,39.7400,38.9900,12145316,481295209.0900
2022-08-23,sh.600660,39.5200,39.9700,39.0000,39.1200,39.7400,9942290,390415043.5600
2022-08-24,sh.600660,39.0500,39.3500,38.1800,38.3200,39.1200,9252474,356862767.6600
2022-08-25,sh.600660,38.3600,38.6400,38.0100,38.5600,38.3200,6504120,249565120.2900
2022-08-26,sh.600660,38.6100,38.9400,37.9000,38.1200,38.5600,14701463,562579844.4000
2022-08-29,sh.600660,37.9900,38.6500,37.6800,38.4800,38.1200,11872769,453677032.0300
2022-08-30,sh.600660,38.6100,39.4000,38.2900,38.7000,38.4800,10687957,415667850.1600
2022-08-31,sh.600660,39.5300,40.1200,38.7000,39.0600,38.7000,28384814,1116340183.8500
2022-09-01,sh.600660,38.8100,39.5100,38.5100,39.4500,39.0600,17189044,673359941.0400
2022-09-02,sh.600660,39.3700,40.1000,39.1200,39.7800,39.4500,14350112,570196463.6500
2022-09-05,sh.600660,39.7800,39.7900,38.5800,38.9700,39.7800,16721647,651236659.9300
2022-09-06,sh.600660,39.0800,40.3800,38.9400,40.3000,38.9700,28067230,1122666716.8900
2022-09-07,sh.600660,40.2000,40.7000,39.7400,40.5400,40.3000,11364057,458897733.0200
2022-09-08,sh.600660,40.5500,41.5800,40.3000,41.2400,40.5400,14463250,597156433.1300
2022-09-09,sh.600660,41.5000,41.5000,40.7000,40.8900,41.2400,10533885,431826941.6600
2022-09-13,sh.600660,41.0000,41.4200,40.9300,41.2800,40.8900,9272092,382189215.8400
2022-09-14,sh.600660,40.9000,41.1900,40.0000,40.0700,41.2800,12464910,503799881.7600
2022-09-15,sh.600660,40.1600,40.3500,39.2000,39.4900,40.0700,8986902,356649566.4500
2022-09-16,sh.600660,39.3000,39.5500,38.8000,38.8800,39.4900,7883326,308644544.3200
2022-09-19,sh.600660,38.8900,39.5000,38.6100,39.0200,38.8800,8916960,347099470.9800
2022-09-20,sh.600660,39.0300,39.7200,38.9500,39.4100,39.0200,9023012,355686489.2900
2022-09-21,sh.600660,39.1700,39.3000,38.5300,38.7000,39.4100,8873391,344436573.8900
2022-09-22,sh.600660,38.5000,38.5700,37.2300,37.6900,38.7000,13251501,499421080.9300
2022-09-23,sh.600660,37.6900,37.9500,36.8000,37.5600,37.6900,11757021,439781689.9500
2022-09-26,sh.600660,37.2000,37.9800,37.1600,37.5500,37.5600,8374951,315728817.3400
2022-09-27,sh.600660,37.4800,37.6000,36.4000,37.4700,37.5500,12962005,480665905.3700
2022-09-28,sh.600660,37.4200,37.4400,36.6300,36.7300,37.4700,8109468,300016598.9300
2022-09-29,sh.600660,37.0000,37.0500,36.1500,36.5500,36.7300,8823288,322697265.0800
2022-09-30,sh.600660,36.5100,36.7000,35.7600,35.8100,36.5500,8892393,321810039.8400
2022-10-10,sh.600660,35.8000,35.9000,35.1700,35.2400,35.8100,9622132,341492133.8000
2022-10-11,sh.600660,35.2300,35.4500,34.7800,34.8800,35.2400,8372305,293115204.7400
2022-10-12,sh.600660,34.9000,35.9000,34.3700,35.8900,34.8800,9267882,325821906.2700
2022-10-13,sh.600660,35.7100,36.3700,35.5700,35.7600,35.8900,8451858,303462512.5800
2022-10-14,sh.600660,35.8100,37.9500,35.8100,37.3300,35.7600,15922349,591897621.9200
2022-10-17,sh.600660,37.1600,37.3900,36.7500,37.3200,37.3300,8484112,314773963.3900
2022-10-18,sh.600660,37.5300,37.8200,36.8300,36.8500,37.3200,10459598,387581497.4500
2022-10-19,sh.600660,36.8500,37.3000,36.5600,36.6100,36.8500,6351983,234160733.4300
2022-10-20,sh.600660,36.2000,36.4700,35.7300,36.1000,36.6100,9050728,326006752.9700
2022-10-21,sh.600660,36.0600,36.6100,35.3100,35.5000,36.1000,15292398,547186579.0400
2022-10-24,sh.600660,35.6600,35.9400,34.3700,34.5700,35.5000,16511812,575997482.5900
2022-10-25,sh.600660,34.5400,35.2200,33.6500,34.5200,34.5700,13350379,458133649.1200
2022-10-26,sh.600660,34.5300,35.2400,34.4800,34.7800,34.5200,14207910,493905837.3200
2022-10-27,sh.600660,35.0500,35.3500,34.5400,34.5700,34.7800,10841497,377930619.8500
2022-10-28,sh.600660,34.3400,34.6400,33.2000,33.3100,34.5700,11831769,399731119.2800
2022-10-31,sh.600660,33.2900,33.7900,33.1000,33.4300,33.3100,11305655,378190196.6300
2022-11-01,sh.600660,33.5800,35.7700,33.5800,35.7400,33.4300,21030882,731586181.8300
2022-11-02,sh.600660,35.7400,37.0000,35.1600,36.5200,35.7400,21803302,794416645.9800
2022-11-03,sh.600660,36.2000,36.7600,36.1100,36.7000,36.5200,12294169,449369652.1100
2022-11-04,sh.600660,36.6000,38.3000,36.6000,38.0700,36.7000,16971256,642517005.5100
2022-11-07,sh.600660,37.9800,38.3000,37.5300,38.1400,38.0700,12887711,489995113.9400
2022-11-08,sh.600660,38.1300,38.1300,37.5100,38.1000,38.1400,10704996,405038153.5200
2022-11-09,sh.600660,37.9500,37.9800,37.3000,37.3100,38.1000,9491444,355898412.4100
2022-11-10,sh.600660,37.2900,37.5200,36.6200,37.0900,37.3100,8945266,330418994.4300
2022-11-11,sh.600660,37.8100,37.9800,37.0700,37.3000,37.0900,12555952,469772902.1200
2022-11-14,sh.600660,37.3000,37.8600,37.0900,37.3900,37.3000,11506442,430455409.6800
2022-11-15,sh.600660,37.4200,37.9800,36.8800,37.8100,37.3900,10193231,383294782.6600
2022-11-16,sh.600660,37.8100,38.1000,37.1500,37.2600,37.8100,9529171,358216520.5600
2022-11-17,sh.600660,37.3000,37.3000,36.6200,36.9000,37.2600,6231350,229473619.1000
2022-11-18,sh.600660,37.0500,37.2300,36.6500,36.6800,36.9000,6952738,256360952.8200
2022-11-21,sh.600660,36.5700,36.5700,35.8000,36.1000,36.6800,11281732,405760183.4900
2022-11-22,sh.600660,36.1400,36.3000,35.9000,36.2300,36.1000,9489249,342684267.2500
2022-11-23,sh.600660,36.1400,36.4900,36.0300,36.3400,36.2300,5969490,216700752.4700
2022-11-24,sh.600660,36.1000,36.6700,35.8000,35.8700,36.3400,6009539,216415175.8900
2022-11-25,sh.600660,36.0000,36.2100,35.6700,35.8100,35.8700,4769669,171321400.1400
2022-11-28,sh.600660,35.1000,35.5500,34.8300,35.5000,35.8100,7629748,268541091.5700
2022-11-29,sh.600660,35.4900,36.2000,35.4500,36.2000,35.5000,7796420,280324580.1800
2022-11-30,sh.600660,36.3700,37.3900,36.2000,37.1300,36.2000,16739268,617346784.0200
2022-12-01,sh.600660,37.5300,37.7900,37.1700,37.4500,37.1300,10317067,386160619.3800
2022-12-02,sh.600660,37.4500,37.4500,36.6900,36.8000,37.4500,7194811,265888674.0200
2022-12-05,sh.600660,37.1700,37.4000,36.9400,37.2000,36.8000,7444133,276511406.1500
2022-12-06,sh.600660,37.1900,37.4500,36.8100,37.1400,37.2000,7482155,277296920.3000
2022-12-07,sh.600660,37.0100,37.6600,36.8800,37.4300,37.1400,9615923,360007019.6500
2022-12-08,sh.600660,37.1900,37.5000,37.0000,37.2700,37.4300,8284560,308607355.5700
2022-12-09,sh.600660,37.3600,37.8100,37.1900,37.7900,37.2700,10724358,401862871.2900
2022-12-12,sh.600660,37.8000,37.8000,36.4000,36.4500,37.7900,14052332,518172006.7200
2022-12-13,sh.600660,36.4500,36.5000,36.0100,36.2300,36.4500,8270954,299507180.4200
2022-12-14,sh.600660,36.0100,36.2500,35.8000,36.1300,36.2300,9675107,348447308.7600
2022-12-15,sh.600660,36.1100,36.9400,36.0000,36.9200,36.1300,10201479,373349557.8500
2022-12-16,sh.600660,36.8000,36.8900,36.3700,36.6400,36.9200,7831501,286309802.5000
2022-12-19,sh.600660,36.8000,37.1000,36.0000,36.1300,36.6400,7977734,290308382.3500
2022-12-20,sh.600660,36.1200,36.1200,35.5000,35.5600,36.1300,8891139,317499237.9400
2022-12-21,sh.600660,35.7200,35.8300,35.3500,35.6800,35.5600,6226998,221824642.4400
2022-12-22,sh.600660,35.6100,35.9000,35.2100,35.4900,35.6800,7126386,252923860.8400
2022-12-23,sh.600660,35.1800,35.3600,34.9300,35.0800,35.4900,5634436,197745680.0800
2022-12-26,sh.600660,35.0300,35.3100,34.8600,35.2800,35.0800,8035585,281788393.3200
2022-12-27,sh.600660,35.3000,35.7500,35.1700,35.5200,35.2800,6341075,225048693.8700
2022-12-28,sh.600660,35.4300,35.4500,34.8900,35.0300,35.5200,6418647,224774542.6900
2022-12-29,sh.600660,34.8900,35.2400,34.7700,35.0200,35.0300,5922553,207287822.0800
2022-12-30,sh.600660,35.0800,35.4300,35.0100,35.0700,35.0200,7623438,268114619.3400
2023-01-03,sh.600660,35.0800,35.6700,34.8000,35.5000,35.0700,9944690,350453911.8200
2023-01-04,sh.600660,35.4300,35.5200,34.8600,35.0600,35.5000,10160920,356551831.0600
2023-01-05,sh.600660,35.1200,35.6400,35.1200,35.4800,35.0600,10652065,377160646.3200
2023-01-06,sh.600660,35.6000,36.3500,35.3300,36.0000,35.4800,11291734,406694147.2000
2023-01-09,sh.600660,36.1700,36.4500,35.6300,35.7000,36.0000,12007922,431762338.2700
2023-01-10,sh.600660,35.7000,36.4600,35.5200,36.3200,35.7000,12370868,445714153.5000
2023-01-11,sh.600660,36.3600,36.4900,36.0500,36.1800,36.3200,7030498,255099195.2600
2023-01-12,sh.600660,36.2300,36.6800,36.0300,36.6000,36.1800,11948808,435906426.7100
2023-01-13,sh.600660,36.7400,36.8300,35.9800,35.9800,36.6000,16458443,597870500.0300
2023-01-16,sh.600660,36.2000,37.5000,36.1600,37.3500,35.9800,21737762,803435060.8600
2023-01-17,sh.600660,37.4000,37.4500,36.5500,36.8100,37.3500,11153338,411081896.6200
2023-01-18,sh.600660,37.0400,37.0800,36.4700,36.9100,36.8100,10167073,374388020.8900
2023-01-19,sh.600660,37.1100,37.3600,36.9900,37.3200,36.9100,9217871,343181144.3200
2023-01-20,sh.600660,37.3300,37.4500,36.8100,37.1500,37.3200,13630836,505323720.0600
2023-01-30,sh.600660,38.1100,39.3600,37.5200,38.9300,37.1500,33554984,1298426908.8700
2023-01-31,sh.600660,38.8500,39.5400,38.7400,39.0400,38.9300,20572439,804862025.8700
2023-02-01,sh.600660,39.3200,39.4000,38.7900,39.1000,39.0400,11120380,433849111.0000
2023-02-02,sh.600660,39.3000,39.5500,38.9500,39.3000,39.1000,11469966,450773213.3400
2023-02-03,sh.600660,39.3000,39.6000,38.9700,39.4500,39.3000,13459327,528299871.5100
2023-02-06,sh.600660,39.2500,39.3300,38.4400,38.5900,39.4500,10046845,389107109.0300
2023-02-07,sh.600660,38.5000,39.1000,38.3400,38.6900,38.5900,8102379,312601152.0600
2023-02-08,sh.600660,38.5100,38.9000,38.4200,38.5600,38.6900,4001762,154597805.9600
2023-02-09,sh.600660,38.4800,38.9000,38.2900,38.6600,38.5600,8081976,312160558.9400
2023-02-10,sh.600660,38.6800,38.7700,38.1500,38.2400,38.6600,7329048,280744071.2200
2023-02-13,sh.600660,38.2500,38.3300,37.8800,38.1400,38.2400,10904171,414499130.5800
2023-02-14,sh.600660,38.1400,38.2300,37.6100,37.8900,38.1400,10279411,388933580.0100
2023-02-15,sh.600660,37.9000,38.0000,37.5000,37.6100,37.8900,8930918,336028546.6300
2023-02-16,sh.600660,37.7400,38.3200,37.3500,37.6300,37.6100,12380550,469732338.6900
2023-02-17,sh.600660,37.7100,37.9500,37.5000,37.5400,37.6300,9291968,350617468.6400
2023-02-20,sh.600660,37.4300,37.7300,37.0200,37.6500,37.5400,11875724,443664948.2200
2023-02-21,sh.600660,37.7100,38.1600,37.6200,37.9900,37.6500,8339827,315940686.3800
2023-02-22,sh.600660,37.8300,37.9000,37.5200,37.5200,37.9900,7212786,271566846.3500
2023-02-23,sh.600660,37.4100,37.6800,37.2100,37.5600,37.5200,7508048,281501026.6100
2023-02-24,sh.600660,37.5500,37.5600,36.8300,37.0300,37.5600,8942196,331325025.0400
2023-02-27,sh.600660,36.9800,37.1000,36.7600,37.0900,37.0300,5545544,204882895.6900
2023-02-28,sh.600660,37.1400,37.1900,36.7600,37.0700,37.0900,7532671,278555628.4000
2023-03-01,sh.600660,37.0700,37.4800,37.0000,37.4200,37.0700,8152011,304416390.9600
2023-03-02,sh.600660,37.4000,37.4700,37.2000,37.3500,37.4200,6148656,229480362.5600
2023-03-03,sh.600660,37.4500,37.4600,37.2000,37.3100,37.3500,6082626,226897658.5500
2023-03-06,sh.600660,37.4200,37.4400,36.8000,36.9100,37.3100,11627694,429764395.8500
2023-03-07,sh.600660,36.9100,36.9300,36.0700,36.1600,36.9100,12826606,467851669.4500
2023-03-08,sh.600660,36.1900,36.5700,36.0000,36.3700,36.1600,7979362,289629821.3500
2023-03-09,sh.600660,36.2900,36.3600,36.0000,36.0800,36.3700,6823610,246567720.6000
2023-03-10,sh.600660,35.8900,35.8900,34.9400,35.0000,36.0800,17086770,601197989.0100
2023-03-13,sh.600660,35.0000,35.2000,34.3500,34.9700,35.0000,12840133,445921983.6000
2023-03-14,sh.600660,34.9600,35.2000,34.5700,35.0100,34.9700,8756479,305517808.7000
2023-03-15,sh.600660,35.2000,35.3000,34.7500,34.7900,35.0100,10442805,364792915.2300
2023-03-16,sh.600660,34.5700,34.8300,34.0000,34.1200,34.7900,13301494,457289229.1900
2023-03-17,sh.600660,34.4700,34.5000,33.8000,34.0400,34.1200,19927157,678109014.1400
2023-03-20,sh.600660,34.0200,34.6800,33.8700,34.3100,34.0400,18279712,627951782.4500
2023-03-21,sh.600660,34.5200,34.6600,34.2500,34.6500,34.3100,12729576,438944054.5000
2023-03-22,sh.600660,34.7500,34.8000,34.4000,34.5800,34.6500,11673086,403389000.7600
2023-03-23,sh.600660,34.6200,34.6300,34.2400,34.4900,34.5800,8603386,295826321.5300
2023-03-24,sh.600660,34.5200,34.5300,34.3000,34.3900,34.4900,6666353,229093387.7400
2023-03-27,sh.600660,34.4600,34.6600,34.3100,34.5100,34.3900,9535035,328698003.5800
2023-03-28,sh.600660,34.5800,34.6600,34.4400,34.5600,34.5100,6874988,237404065.9800
2023-03-29,sh.600660,34.6300,34.8800,34.0000,34.4700,34.5600,11714850,404447222.9700
2023-03-30,sh.600660,34.4500,34.5100,34.0500,34.5100,34.4700,9377729,321484991.7900
2023-03-31,sh.600660,34.5500,34.8800,34.5200,34.7600,34.5100,9251181,321242144.4900
2023-04-03,sh.600660,34.7800,34.9500,34.5500,34.8600,34.7600,14093329,489879626.2500
2023-04-04,sh.600660,34.8700,34.9300,33.8500,33.9200,34.8600,27087678,925201953.4400
2023-04-06,sh.600660,33.9300,34.2300,33.9200,34.1700,33.9200,6716042,229016034.2200
2023-04-07,sh.600660,34.1700,34.3200,34.0000,34.2800,34.1700,6411548,219633233.0900
2023-04-10,sh.600660,34.3200,34.3700,34.1000,34.1800,34.2800,6118670,209233438.5800
2023-04-11,sh.600660,34.1900,34.2100,33.5900,33.7900,34.1800,14333052,483718354.8100
2023-04-12,sh.600660,33.8000,33.8000,33.3500,33.4800,33.7900,13420311,449881073.7200
2023-04-13,sh.600660,33.4900,33.5200,33.1600,33.3200,33.4800,10197296,339358738.9500
2023-04-14,sh.600660,33.3300,33.7100,33.2300,33.4000,33.3200,11864213,396880826.5700
2023-04-17,sh.600660,33.5100,34.2500,33.5000,34.2200,33.4000,17381959,590506099.8900
2023-04-18,sh.600660,34.2200,34.6800,34.1500,34.2900,34.2200,15098088,519766747.1800
2023-04-19,sh.600660,34.2800,34.2900,33.8000,33.9800,34.2900,8148131,276588594.9300
2023-04-20,sh.600660,34.0600,34.0600,33.7200,33.8300,33.9800,6995492,236434461.0000
2023-04-21,sh.600660,33.9300,34.1600,33.6000,33.6500,33.8300,10017869,339637167.6200
2023-04-24,sh.600660,33.6400,33.8900,33.3000,33.4800,33.6500,9969233,334591131.7400
2023-04-25,sh.600660,33.5000,33.6600,32.9000,33.0800,33.4800,10606908,351343651.0300
2023-04-26,sh.600660,33.0600,33.6200,33.0000,33.5400,33.0800,8149473,272418117.8700
2023-04-27,sh.600660,33.8000,34.1200,33.5500,34.0400,33.5400,8853535,300058453.4900
2023-04-28,sh.600660,34.0800,34.3400,33.8500,33.9500,34.0400,8409442,286561936.5800
2023-05-04,sh.600660,33.8500,33.9400,33.5900,33.7100,33.9500,6952344,234348890.5200
2023-05-05,sh.600660,33.6200,33.7000,33.1500,33.2200,33.7100,7773127,258633472.8100
2023-05-08,sh.600660,33.2200,33.5000,33.2000,33.4200,33.2200,5290925,176489170.0000
2023-05-09,sh.600660,33.5400,33.5400,33.1300,33.1600,33.4200,7583182,252334364.3400
2023-05-10,sh.600660,33.1000,33.9600,33.0100,33.7600,33.1600,10757373,361501656.3100
2023-05-11,sh.600660,33.9000,34.1900,33.6200,34.1900,33.7600,9133321,310466633.3900
2023-05-12,sh.600660,34.0800,34.1800,33.7100,33.8600,34.1900,5049184,171177770.3900
2023-05-15,sh.600660,33.8500,34.6500,33.8300,34.6100,33.8600,11606356,398398101.8100
2023-05-16,sh.600660,34.7800,34.7800,34.4200,34.5400,34.6100,8025459,277346532.2600
2023-05-17,sh.600660,34.6000,34.8600,34.4000,34.5800,34.5400,8972606,310512388.0100
2023-05-18,sh.600660,33.5000,33.5000,33.0800,33.1300,33.3300,7300997,242319763.6800
2023-05-19,sh.600660,33.1300,33.4600,32.9500,33.2600,33.1300,5205082,172884139.4700
2023-05-22,sh.600660,33.2600,33.4800,33.0700,33.4000,33.2600,5780286,192714263.8200
2023-05-23,sh.600660,33.5000,33.6900,33.3100,33.3500,33.4000,6650804,222959307.1200
2023-05-24,sh.600660,33.3100,33.5000,33.1000,33.1400,33.3500,4778624,158949991.1600
2023-05-25,sh.600660,33.1900,33.2000,32.3500,33.0300,33.1400,8244609,270627253.4600
2023-05-26,sh.600660,33.0200,33.3000,32.5800,33.1900,33.0300,6926622,228914851.7100
2023-05-29,sh.600660,33.2700,33.3300,32.7200,32.9000,33.1900,6055947,199077199.8700
2023-05-30,sh.600660,32.7800,33.2000,32.6200,32.8100,32.9000,4813191,158268651.9600
2023-05-31,sh.600660,32.8000,32.8100,32.2700,32.4400,32.8100,5814733,188505036.3000
2023-06-01,sh.600660,32.4400,32.5400,32.2000,32.2800,32.4400,4533014,146572373.7100
2023-06-02,sh.600660,32.4000,33.4300,32.1600,33.2300,32.2800,9802992,322246927.7100
2023-06-05,sh.600660,33.4000,33.4100,32.9500,33.2300,33.2300,5005313,166040771.5300
2023-06-06,sh.600660,33.1800,33.2700,32.7000,32.8100,33.2300,6088973,200619416.7200
2023-06-07,sh.600660,32.8700,33.0700,32.4500,32.8900,32.8100,6755791,221560139.5600
2023-06-08,sh.600660,32.9700,33.0500,32.7300,32.8300,32.8900,3280692,107820145.7500
2023-06-09,sh.600660,32.9500,33.1500,32.8200,32.9900,32.8300,5482480,180958809.3600
2023-06-12,sh.600660,33.1000,33.7500,32.9900,33.5500,32.9900,13593594,454831898.2000
2023-06-13,sh.600660,33.5000,33.6500,33.3800,33.6000,33.5500,5318693,178317527.2000
2023-06-14,sh.600660,33.6500,33.8300,33.5000,33.5700,33.6000,5263365,177123179.4500
2023-06-15,sh.600660,33.5400,34.5000,33.5200,34.3600,33.5700,16867069,577332631.6900
2023-06-16,sh.600660,34.6000,34.6400,34.1600,34.2800,34.3600,7944098,272590201.1900
2023-06-19,sh.600660,34.2700,34.7900,34.1500,34.4100,34.2800,10294559,354343526.9300
2023-06-20,sh.600660,34.3000,34.5800,34.2200,34.4900,34.4100,6915384,238311807.3500
2023-06-21,sh.600660,34.4900,34.6700,34.3100,34.3800,34.4900,8194955,282837326.3600
2023-06-26,sh.600660,33.9600,34.7800,33.8500,34.5200,34.3800,13826975,477622435.7200
2023-06-27,sh.600660,34.3100,34.7300,34.1600,34.5100,34.5200,8406067,289644267.8700
2023-06-28,sh.600660,34.5000,35.4500,34.4300,34.9100,34.5100,11785061,413098509.8100
2023-06-29,sh.600660,34.9100,35.3800,34.8100,35.1500,34.9100,10405036,365869715.8100
2023-06-30,sh.600660,35.0800,35.9300,35.0100,35.8500,35.1500,18994413,677116366.4400
2023-07-03,sh.600660,35.8600,36.4100,35.6600,35.6600,35.8500,12156152,437347609.4500
2023-07-04,sh.600660,35.6600,36.2200,35.4400,36.0600,35.6600,10808356,389449840.1200
2023-07-05,sh.600660,36.0900,36.2100,35.6700,35.7500,36.0600,6472931,232065121.5900
2023-07-06,sh.600660,35.5700,35.9500,35.3500,35.7200,35.7500,10006187,357151174.8100
2023-07-07,sh.600660,35.7000,36.0100,35.4000,35.8000,35.7200,6802152,243238224.9000
2023-07-10,sh.600660,35.7700,36.1800,35.5500,35.6700,35.8000,6978164,249699723.0800
2023-07-11,sh.600660,35.8900,36.1700,35.6400,36.0100,35.6700,9092642,327155775.9900
2023-07-12,sh.600660,36.0100,36.7000,35.9800,36.5500,36.0100,19280713,705188085.9800
2023-07-13,sh.600660,36.3800,36.8000,36.1600,36.6600,36.5500,12855628,468510008.3400
2023-07-14,sh.600660,36.6600,36.6600,36.0000,36.2000,36.6600,13932646,504240554.0600
2023-07-17,sh.600660,36.1800,36.1800,35.3400,35.7500,36.2000,10600060,377161006.0600
2023-07-18,sh.600660,35.7400,36.5600,35.5000,36.2100,35.7500,9906849,357970087.1900
2023-07-19,sh.600660,36.2000,36.3700,35.8600,36.2800,36.2100,5767912,208661378.9600
2023-07-20,sh.600660,36.2000,36.5000,36.1300,36.2100,36.2800,6728644,244635198.7200
2023-07-21,sh.600660,36.2100,36.3800,36.0000,36.1000,36.2100,4533211,163825620.2800
2023-07-24,sh.600660,36.0000,36.6600,35.8500,36.3900,36.1000,7642272,278081079.8300
2023-07-25,sh.600660,36.7600,37.2000,36.5600,37.0600,36.3900,12238323,452417631.2400
2023-07-26,sh.600660,37.1800,37.2500,36.9200,37.0200,37.0600,5637871,209127252.0400
2023-07-27,sh.600660,37.1800,37.6000,36.9300,36.9500,37.0200,6405995,238351186.9500
2023-07-28,sh.600660,36.9100,37.4500,36.5900,37.4000,36.9500,8149791,303320433.3500
2023-07-31,sh.600660,37.3900,38.2000,37.3900,37.8800,37.4000,11477421,435771711.0000
2023-08-01,sh.600660,37.8900,38.0000,37.2000,37.5900,37.8800,8871369,333190181.6500
2023-08-02,sh.600660,37.5900,37.8600,37.4000,37.7100,37.5900,4376691,164730693.4200
2023-08-03,sh.600660,37.5900,37.8000,37.3200,37.5900,37.7100,6636497,248905266.2900
2023-08-04,sh.600660,37.7700,38.4600,37.7000,38.1500,37.5900,13831804,528187330.5300
2023-08-07,sh.600660,38.2600,38.2800,37.3800,37.6600,38.1500,11600017,436883474.5600
2023-08-08,sh.600660,37.6500,37.8800,37.3600,37.5600,37.6600,8847039,332261909.0600
2023-08-09,sh.600660,37.4000,37.6000,37.2000,37.5800,37.5600,5181888,193933880.6900
2023-08-10,sh.600660,37.6000,37.8800,37.3300,37.5800,37.5800,6185270,232507471.7200
2023-08-11,sh.600660,37.6900,37.7600,37.1200,37.2100,37.5800,7586279,283286123.1300
2023-08-14,sh.600660,37.0000,37.0600,36.3000,36.8600,37.2100,11818395,433085174.5900
2023-08-15,sh.600660,37.0000,37.3200,36.4300,36.6300,36.8600,11280675,414258784.9700
2023-08-16,sh.600660,36.7100,36.8900,36.5100,36.6900,36.6300,5546860,203638203.9500
2023-08-17,sh.600660,36.3300,37.6200,36.1300,37.4200,36.6900,8226556,305786748.4300
2023-08-18,sh.600660,37.9200,38.1900,37.6300,37.6300,37.4200,17288053,656002723.2200
2023-08-21,sh.600660,37.7600,38.1500,37.5200,37.7300,37.6300,10717371,405865022.4400
2023-08-22,sh.600660,37.7300,38.0700,37.5600,37.9200,37.7300,11938103,452032604.5600
2023-08-23,sh.600660,38.1300,38.2300,37.6900,37.7300,37.9200,8981285,341103104.9100
2023-08-24,sh.600660,37.7800,38.5000,37.7400,38.1000,37.7300,13006257,496658617.4400
2023-08-25,sh.600660,37.8300,38.0900,37.6700,37.9600,38.1000,6900337,261686308.5400
2023-08-28,sh.600660,38.8800,39.2100,37.4400,37.6300,37.9600,15994323,606992486.0600
2023-08-29,sh.600660,37.6300,37.9600,37.3300,37.4500,37.6300,10750754,403860253.3300
2023-08-30,sh.600660,37.5800,38.0900,37.4300,37.8600,37.4500,7125991,269312991.4200
2023-08-31,sh.600660,37.8300,38.2400,37.6500,38.0000,37.8600,7156477,272114251.9400
2023-09-01,sh.600660,38.0200,38.1900,37.8500,38.1300,38.0000,4771664,181671677.2100
2023-09-04,sh.600660,38.1900,38.7700,38.0900,38.6800,38.1300,11380089,439375221.5200
2023-09-05,sh.600660,38.6800,38.8000,38.3300,38.3800,38.6800,5813048,224105112.2300
2023-09-06,sh.600660,38.3800,38.8900,38.3800,38.8800,38.3800,9136628,353530682.3400
2023-09-07,sh.600660,38.7300,38.8000,38.4000,38.6000,38.8800,6370700,245994134.8700
2023-09-08,sh.600660,38.6100,38.6600,37.9200,37.9500,38.6000,6259161,238557575.2100
2023-09-11,sh.600660,37.9500,38.5800,37.9500,38.3900,37.9500,8568992,328331174.3000
2023-09-12,sh.600660,38.5600,38.9000,38.3900,38.7600,38.3900,8468318,327627737.7300
2023-09-13,sh.600660,38.7600,38.9000,38.2400,38.4100,38.7600,8292249,318846857.1900
2023-09-14,sh.600660,38.2600,38.4500,37.8700,38.0700,38.4100,9605260,366580200.3600
2023-09-15,sh.600660,38.0700,38.1000,37.5500,37.7500,38.0700,8253147,311365732.3600
2023-09-18,sh.600660,37.8800,38.6600,37.7100,38.5000,37.7500,8846988,339813671.0700
2023-09-19,sh.600660,38.5000,38.5500,37.9000,38.4300,38.5000,6356401,243490027.4300
2023-09-20,sh.600660,38.5400,38.7600,38.2000,38.2700,38.4300,6053265,232441571.9600
2023-09-21,sh.600660,38.3200,38.4200,37.9000,38.0000,38.2700,4900215,186348440.8200
2023-09-22,sh.600660,38.0300,38.4800,38.0300,38.4100,38.0000,4655273,178409853.9300
2023-09-25,sh.600660,38.6500,38.7500,38.3600,38.5600,38.4100,10023465,386620318.9300
2023-09-26,sh.600660,38.3100,38.6400,37.7300,37.8600,38.5600,8348856,317549106.2200
2023-09-27,sh.600660,37.7800,38.1300,37.4600,37.4700,37.8600,7259829,274393362.9200
2023-09-28,sh.600660,37.4600,37.5500,36.7700,36.9200,37.4700,11949296,442047856.1100
2023-10-09,sh.600660,36.8800,38.4800,36.8500,38.3100,36.9200,14828425,562005992.6900
2023-10-10,sh.600660,38.2300,38.3000,37.6500,38.0000,38.3100,7900147,300253263.4300
2023-10-11,sh.600660,38.3700,38.6900,37.9500,38.0800,38.0000,5944172,226957010.5000
2023-10-12,sh.600660,38.0800,38.7800,37.9500,38.6500,38.0800,8629872,332474143.1200
2023-10-13,sh.600660,38.5400,39.1500,38.3800,38.8300,38.6500,12758033,495886843.1300
2023-10-16,sh.600660,39.0000,39.1600,38.7000,38.9500,38.8300,9078495,352992872.4100
2023-10-17,sh.600660,38.7500,39.8500,38.2600,38.5300,38.9500,13772478,534665437.4500
2023-10-18,sh.600660,38.7600,39.1600,38.5300,38.9500,38.5300,12415313,482396198.5700
2023-10-19,sh.600660,38.9000,38.9000,37.8600,37.9000,38.9500,7925378,301780849.8500
2023-10-20,sh.600660,37.7300,37.8200,36.8000,37.0700,37.9000,8202121,304428735.4800
2023-10-23,sh.600660,36.8800,37.1000,36.1500,36.4800,37.0700,6151106,224844626.9400
2023-10-24,sh.600660,36.4800,36.8200,36.3200,36.6000,36.4800,9757241,356893658.0000
2023-10-25,sh.600660,36.6400,36.9800,36.2000,36.9000,36.6000,8872179,325286489.8600
2023-10-26,sh.600660,36.6500,37.6000,36.5800,37.5300,36.9000,7746493,288167453.8200
2023-10-27,sh.600660,37.5200,38.8800,37.2000,38.5200,37.5300,11314302,434989077.1600
2023-10-30,sh.600660,38.5000,38.5000,37.5000,37.6300,38.5200,10024880,379425827.2100
2023-10-31,sh.600660,37.6800,37.6900,37.0600,37.2000,37.6300,7449889,277855472.7800
2023-11-01,sh.600660,37.3200,37.3700,36.9800,37.0000,37.2000,5966763,221206018.8900
2023-11-02,sh.600660,36.9600,37.4400,36.9600,37.0900,37.0000,4522706,168193149.2300
2023-11-03,sh.600660,37.1000,37.6300,37.1000,37.3800,37.0900,4989001,186761324.6200
2023-11-06,sh.600660,37.3800,37.6300,37.0100,37.1000,37.3800,10564043,392452079.3800
2023-11-07,sh.600660,37.1000,37.2100,36.9000,37.0300,37.1000,5751703,213219797.7900
2023-11-08,sh.600660,37.0400,37.1600,36.7100,36.9400,37.0300,6277333,231288428.8000
2023-11-09,sh.600660,36.8000,37.1000,36.5000,36.9400,36.9400,4954551,182336515.3400
2023-11-10,sh.600660,36.8000,36.8500,36.2900,36.4100,36.9400,6661268,242519023.8400
2023-11-13,sh.600660,36.5000,36.5800,35.9200,36.1900,36.4100,6339011,229249892.5200
2023-11-14,sh.600660,36.1500,36.5700,36.1000,36.4300,36.1900,4322144,157202780.9800
2023-11-15,sh.600660,36.5800,36.8200,36.3000,36.4400,36.4300,10100077,368916479.7300
2023-11-16,sh.600660,36.5800,36.9300,36.4100,36.8000,36.4400,8843136,324888987.4000
2023-11-17,sh.600660,36.8600,37.2000,36.7500,37.2000,36.8000,7009874,259761842.6200
2023-11-20,sh.600660,37.0100,37.3500,36.6600,37.2600,37.2000,7922887,293889397.7800
2023-11-21,sh.600660,37.2400,37.7500,37.2000,37.4200,37.2600,9232597,346592722.4800
2023-11-22,sh.600660,37.3500,37.6800,37.3000,37.3700,37.4200,6951189,260764437.1800
2023-11-23,sh.600660,37.3000,37.9000,37.2700,37.8900,37.3700,9425505,355995461.2100
2023-11-24,sh.600660,37.8800,37.8800,37.4000,37.5500,37.8900,6422166,241409850.4800
2023-11-27,sh.600660,37.5800,37.6600,36.9500,37.1500,37.5500,8239454,306349835.4500
2023-11-28,sh.600660,37.1500,37.6100,36.9500,37.6000,37.1500,8178072,306403169.0600
2023-11-29,sh.600660,37.6500,37.8600,37.3600,37.8000,37.6000,9342810,352098229.3400
2023-11-30,sh.600660,37.8000,37.9000,37.5200,37.6600,37.8000,7844862,296066496.1100
2023-12-01,sh.600660,37.6100,37.6500,37.1800,37.4400,37.6600,6546948,244822828.5500
2023-12-04,sh.600660,37.5000,37.7900,37.3500,37.4100,37.4400,5555034,208503232.4400
2023-12-05,sh.600660,37.4100,37.4200,36.9500,37.0000,37.4100,5548742,206031260.7900
2023-12-06,sh.600660,36.9000,37.1700,36.7200,36.9800,37.0000,6009370,221922470.5500
2023-12-07,sh.600660,37.0200,37.1500,36.5900,36.6400,36.9800,7124382,261531259.0600
2023-12-08,sh.600660,36.6300,36.8100,36.3200,36.4500,36.6400,8167044,298478843.7200
2023-12-11,sh.600660,36.3300,37.0900,35.9000,37.0400,36.4500,6895468,252601753.7300
2023-12-12,sh.600660,37.0700,37.6400,36.7000,37.5400,37.0400,6329826,235607264.3800
2023-12-13,sh.600660,37.7300,38.0700,37.4200,37.9300,37.5400,12710134,480271641.9900
2023-12-14,sh.600660,37.9300,38.1500,37.7300,37.7400,37.9300,5177504,196189098.0100
2023-12-15,sh.600660,37.7400,37.8500,36.7600,36.7600,37.7400,10062076,373700530.1500
2023-12-18,sh.600660,37.0400,37.1800,36.5200,36.7200,36.7600,7353304,270972979.4800
2023-12-19,sh.600660,36.7700,36.9500,36.5100,36.9300,36.7200,4716472,173565033.6300
2023-12-20,sh.600660,36.9000,37.1000,36.7600,36.7600,36.9300,4997848,184493705.8000
2023-12-21,sh.600660,36.6500,37.5800,36.5800,37.4900,36.7600,8921418,332154248.4300
2023-12-22,sh.600660,37.4900,37.6500,37.3200,37.5000,37.4900,4657838,174526038.9200
2023-12-25,sh.600660,37.5000,37.5000,36.6200,37.0000,37.5000,6483499,239373063.3600
2023-12-26,sh.600660,36.9300,37.1400,36.7000,36.9400,37.0000,3960002,146324779.8000
2023-12-27,sh.600660,36.9900,37.5500,36.8700,37.3500,36.9400,5819827,217266080.5800
2023-12-28,sh.600660,37.3500,37.5900,36.4000,36.9000,37.3500,11722502,432898608.2000
2023-12-29,sh.600660,36.7500,37.4500,36.7400,37.3900,36.9000,10070129,373324877.3000
2024-01-02,sh.600660,37.4600,38.3900,37.3100,37.6800,37.3900,9507729,360433440.2500
2024-01-03,sh.600660,37.6000,38.1800,37.4500,38.0100,37.6800,10243336,388598498.1800
2024-01-04,sh.600660,37.9000,38.3400,37.8100,38.1000,38.0100,9265749,352345165.9700
2024-01-05,sh.600660,38.2100,38.8500,38.0600,38.3100,38.1000,12288698,473399682.9000
2024-01-08,sh.600660,38.3800,38.8400,38.1500,38.6400,38.3100,14444837,556231834.3000
2024-01-09,sh.600660,38.6200,38.6400,37.8300,38.1500,38.6400,11546072,439652799.6200
2024-01-10,sh.600660,38.1000,39.0000,38.0000,38.8800,38.1500,14429078,559090158.5000
2024-01-11,sh.600660,38.7000,39.0700,38.5000,38.9600,38.8800,11018012,427852886.7400
2024-01-12,sh.600660,39.0200,39.4600,38.8000,39.0000,38.9600,10890349,425479705.1800
2024-01-15,sh.600660,39.0000,39.0000,38.5800,38.6300,39.0000,10516476,407068806.5200
2024-01-16,sh.600660,38.6200,39.3800,38.5100,39.3300,38.6300,12065343,471593058.5600
2024-01-17,sh.600660,39.2600,39.6400,38.8400,38.8400,39.3300,10638891,418500525.7300
2024-01-18,sh.600660,38.9000,39.5000,38.4100,39.5000,38.8400,15997020,622540863.8800
2024-01-19,sh.600660,39.4000,39.6800,38.7800,39.0100,39.5000,9304245,363942495.0000
2024-01-22,sh.600660,38.9800,39.0900,38.1400,38.4000,39.0100,12493527,482995728.5000
2024-01-23,sh.600660,38.4000,38.4000,37.4500,37.5200,38.4000,12694114,479567451.9800
2024-01-24,sh.600660,37.5000,38.1800,37.1700,37.4200,37.5200,12392409,465574597.1500
2024-01-25,sh.600660,37.4600,37.8100,37.1000,37.4800,37.4200,15858148,594684189.1900
2024-01-26,sh.600660,37.6000,38.4800,37.5700,38.3000,37.4800,16019974,609010276.5100
2024-01-29,sh.600660,38.3100,39.1500,38.3000,38.7300,38.3000,12354700,477676138.0000
2024-01-30,sh.600660,38.5500,39.1000,38.3100,38.4000,38.7300,11900451,461726294.7300
2024-01-31,sh.600660,38.3900,39.0500,38.0500,38.1100,38.4000,16851580,649264490.5200
2024-02-01,sh.600660,37.9900,39.3000,37.9600,38.9600,38.1100,15987582,621880322.7400
2024-02-02,sh.600660,38.9600,39.4000,38.3000,39.1500,38.9600,13750974,537091765.1900
2024-02-05,sh.600660,39.1900,40.8700,38.9600,40.6700,39.1500,23803517,949567464.4700
2024-02-06,sh.600660,40.6600,41.5400,40.1900,40.6600,40.6700,16289864,663496547.0400
2024-02-07,sh.600660,40.7600,41.3600,40.3200,41.3000,40.6600,14921173,612463785.3200
2024-02-08,sh.600660,41.3600,41.7500,40.4100,41.1700,41.3000,14857386,606971745.2700
2024-02-19,sh.600660,41.1700,41.2900,40.3500,40.9800,41.1700,12880582,525206628.8000
2024-02-20,sh.600660,40.7300,41.5000,40.6200,41.0900,40.9800,9885849,405822414.9100
2024-02-21,sh.600660,41.0000,42.0000,40.7200,41.7200,41.0900,13274871,550968503.9900
2024-02-22,sh.600660,41.5000,41.9800,41.2900,41.6800,41.7200,7117519,296777706.4000
2024-02-23,sh.600660,41.5000,42.3000,41.5000,41.7900,41.6800,7804606,326997005.5500
2024-02-26,sh.600660,41.9900,42.5000,41.6000,41.7400,41.7900,11242787,472814956.7700
2024-02-27,sh.600660,41.7200,42.2000,41.6200,41.8700,41.7400,8834743,370182510.7800
2024-02-28,sh.600660,41.7000,42.4300,41.4400,42.0300,41.8700,12547101,526544214.6000
2024-02-29,sh.600660,41.9000,43.4300,41.8900,43.2900,42.0300,15051054,645577268.7900
2024-03-01,sh.600660,43.5000,43.5400,43.0400,43.3800,43.2900,8085827,350557266.8300
2024-03-04,sh.600660,43.3600,44.0000,43.2100,43.9700,43.3800,8802402,384618170.2200
2024-03-05,sh.600660,44.0000,46.4800,43.5600,46.1300,43.9700,20090100,910449352.2400
2024-03-06,sh.600660,46.1000,46.1100,45.2100,45.3200,46.1300,13787124,628072151.1700
2024-03-07,sh.600660,45.3000,45.4100,44.4200,44.7000,45.3200,13283032,594574635.8500
2024-03-08,sh.600660,44.6500,44.9500,44.4600,44.7200,44.7000,9047240,403978693.5700
2024-03-11,sh.600660,44.7500,45.2900,44.5800,45.2600,44.7200,10547877,474591827.8600
2024-03-12,sh.600660,45.2000,45.2500,44.3100,44.4800,45.2600,10605210,473379556.0800
2024-03-13,sh.600660,44.2700,44.4700,43.6900,43.9000,44.4800,12254551,538720016.4400
2024-03-14,sh.600660,43.6100,44.1500,43.6100,43.8800,43.9000,6277324,275451021.1900
2024-03-15,sh.600660,43.8800,44.1800,43.6500,43.6500,43.8800,9082485,398539151.3400
2024-03-18,sh.600660,43.9500,44.1200,42.6000,43.1800,43.6500,23536418,1014917250.7800
2024-03-19,sh.600660,43.0900,43.0900,42.3200,42.3500,43.1800,20018379,853391680.8600
2024-03-20,sh.600660,42.6200,42.8700,42.4000,42.5800,42.3500,10463483,445681016.6200
2024-03-21,sh.600660,42.5000,42.6400,41.4100,41.7200,42.5800,18717522,782876758.6600
2024-03-22,sh.600660,41.8000,42.6200,41.7600,42.4100,41.7200,16167011,684789240.0100
2024-03-25,sh.600660,42.6000,43.5000,42.1800,42.2900,42.4100,19057820,815160453.6200
2024-03-26,sh.600660,42.2900,43.1600,42.2700,42.9800,42.2900,16652173,715386547.7300
2024-03-27,sh.600660,43.0000,43.4200,42.7300,42.8000,42.9800,14424109,621047902.4900
2024-03-28,sh.600660,42.5000,43.3500,42.0100,42.9500,42.8000,15794098,676878563.4000
2024-03-29,sh.600660,42.8100,43.2600,42.6800,43.2600,42.9500,6967032,299960952.0500
2024-04-01,sh.600660,43.2200,44.8800,43.2100,44.8000,43.2600,14064937,623774833.4000
2024-04-02,sh.600660,44.5800,44.6200,43.7000,44.0400,44.8000,16765201,737666473.9800
2024-04-03,sh.600660,43.9600,44.4000,43.7500,44.1400,44.0400,10810091,476848251.6100
2024-04-08,sh.600660,44.1600,45.4800,44.1600,44.9000,44.1400,14082910,633465967.5400
2024-04-09,sh.600660,44.9000,44.9000,43.9200,44.1500,44.9000,9970599,441227598.8900
2024-04-10,sh.600660,44.0800,44.7500,43.9800,44.3800,44.1500,7775691,345347445.0900
2024-04-11,sh.600660,44.3000,44.9700,43.8000,44.8600,44.3800,9836420,438115616.0600
2024-04-12,sh.600660,44.9800,45.3200,44.7000,44.7500,44.8600,9603312,432376108.5800
2024-04-15,sh.600660,44.8300,45.6000,44.6100,45.4200,44.7500,11592384,524448132.8500
2024-04-16,sh.600660,45.4200,45.9500,45.0600,45.5300,45.4200,11912574,543308345.4200
2024-04-17,sh.600660,45.5100,45.5300,44.6400,45.3100,45.5300,12269692,551671733.6300
2024-04-18,sh.600660,45.0200,46.8800,44.9500,46.3400,45.3100,20294258,939740244.7500
2024-04-19,sh.600660,46.1600,46.5200,45.9000,46.0000,46.3400,10428372,481767068.7600
2024-04-22,sh.600660,46.1200,46.5900,45.6100,45.7500,46.0000,8372535,385148033.0500
2024-04-23,sh.600660,45.7200,45.8200,44.9000,45.0700,45.7500,8961911,404906365.0700
2024-04-24,sh.600660,45.2700,45.3900,44.8500,45.2800,45.0700,9185562,413613156.5600
2024-04-25,sh.600660,45.2100,45.4400,44.7000,44.7500,45.2800,7968523,358817847.5600
2024-04-26,sh.600660,46.7000,49.2300,46.6000,49.2300,44.7500,37615954,1834971195.7700
2024-04-29,sh.600660,50.1600,50.1600,48.6800,48.8000,49.2300,24216302,1190053904.5300
2024-04-30,sh.600660,48.6400,50.3100,48.3400,49.8300,48.8000,29963404,1481003759.4800
2024-05-06,sh.600660,49.9000,50.8800,49.0800,50.5400,49.8300,27083214,1354019576.3800
2024-05-07,sh.600660,50.4900,51.0500,49.9800,50.9800,50.5400,11613910,589075428.0100
2024-05-08,sh.600660,50.6800,50.8700,49.4700,49.9100,50.9800,12542879,626114500.5000
2024-05-09,sh.600660,50.0000,50.2000,49.4900,50.0300,49.9100,9414770,469897200.6700
2024-05-10,sh.600660,50.3500,51.0000,50.0500,50.7500,50.0300,12089511,613043951.4900
2024-05-13,sh.600660,50.3800,52.1800,50.0200,51.7200,50.7500,16461192,850683277.5200
2024-05-14,sh.600660,51.6600,51.9500,50.9200,51.1200,51.7200,12231533,627995985.7600
2024-05-15,sh.600660,50.7300,51.2800,50.5100,50.5500,51.1200,8123796,412797373.7000
2024-05-16,sh.600660,50.5500,50.7800,49.8800,50.2900,50.5500,8950162,449158426.0200
2024-05-17,sh.600660,49.2000,49.2000,47.2300,47.8400,48.9900,18650907,891774739.0800
2024-05-20,sh.600660,47.8400,48.7900,47.2400,47.7100,47.8400,23198200,1110076319.7400
2024-05-21,sh.600660,47.5000,47.8900,46.9600,47.2700,47.7100,12133973,573340557.6600
2024-05-22,sh.600660,47.2700,47.4500,46.2900,46.6000,47.2700,15656137,729711134.7300
2024-05-23,sh.600660,46.5900,46.9000,46.0600,46.3300,46.6000,12122269,562390959.5800
2024-05-24,sh.600660,46.3000,46.4800,45.7400,45.7400,46.3300,9389208,432066156.3900
2024-05-27,sh.600660,45.9800,47.6400,45.7600,47.4800,45.7400,22430100,1054698957.8400
2024-05-28,sh.600660,47.3200,47.9100,47.1800,47.3500,47.4800,11687392,555733755.3700
2024-05-29,sh.600660,47.3500,47.6800,46.7500,46.9000,47.3500,8427797,395679838.3400
2024-05-30,sh.600660,46.8100,47.5100,46.5000,46.8300,46.9000,13174499,618832335.2100
2024-05-31,sh.600660,46.9300,47.2600,46.2000,46.2400,46.8300,10563158,491878777.8800
2024-06-03,sh.600660,46.1200,46.4900,45.7100,46.1900,46.2400,9250936,426707650.5300
2024-06-04,sh.600660,46.3000,46.4500,45.8600,46.2000,46.1900,11128623,513509034.5600
2024-06-05,sh.600660,46.2300,47.3000,46.1300,46.9000,46.2000,14461725,677645340.7400
2024-06-06,sh.600660,46.9000,48.6400,46.6200,47.7000,46.9000,18312602,876404571.2300
2024-06-07,sh.600660,47.8900,47.9600,46.9200,47.4500,47.7000,13504602,639689323.2100
2024-06-11,sh.600660,47.2300,48.0000,47.1300,47.7700,47.4500,10725515,512484136.0200
2024-06-12,sh.600660,47.7500,47.7700,46.4700,46.9600,47.7700,10625273,498160927.3700
2024-06-13,sh.600660,46.7700,47.5000,46.7400,46.9400,46.9600,8559244,402687279.0300
2024-06-14,sh.600660,46.9000,46.9000,45.8500,46.7000,46.9400,11127637,517049027.7000
2024-06-17,sh.600660,46.6500,46.8500,45.8800,46.2200,46.7000,10025004,463939194.0400
2024-06-18,sh.600660,46.1700,46.4300,45.8000,46.4200,46.2200,7365006,340065354.0200
2024-06-19,sh.600660,46.4000,46.5300,45.3000,45.5500,46.4200,11249176,513686439.9700
2024-06-20,sh.600660,45.4600,45.9700,45.1600,45.3800,45.5500,9364138,426962619.5400
2024-06-21,sh.600660,45.2000,45.4100,44.6000,45.1700,45.3800,10046983,452185341.9600
2024-06-24,sh.600660,45.1700,45.8500,45.1100,45.4500,45.1700,9138913,416834167.8900
2024-06-25,sh.600660,45.3800,46.4500,45.1000,46.1300,45.4500,13336269,613386784.5900
2024-06-26,sh.600660,46.1300,47.7500,45.9100,47.5400,46.1300,16914779,793102904.6700
2024-06-27,sh.600660,47.6400,48.0000,47.1900,47.4500,47.5400,12550780,596903381.0500
2024-06-28,sh.600660,47.6700,48.0000,47.4200,47.9000,47.4500,13091154,625825439.3100
2024-07-01,sh.600660,47.8800,48.1200,47.1900,47.7400,47.9000,7309010,348306857.5200
2024-07-02,sh.600660,47.7300,48.1000,46.9800,47.0400,47.7400,9998992,473605263.0100
2024-07-03,sh.600660,47.0200,47.3200,45.7000,46.1700,47.0400,11310633,522442495.3800
2024-07-04,sh.600660,46.1600,47.4500,46.1000,47.1000,46.1700,9510973,448232408.0500
2024-07-05,sh.600660,47.4200,47.8000,46.9100,47.7400,47.1000,10429589,493834926.5900
2024-07-08,sh.600660,47.3600,47.9800,46.3800,47.2900,47.7400,14327532,678757614.0400
2024-07-09,sh.600660,46.8000,48.8500,46.7100,48.7300,47.2900,12974277,624935723.0000
2024-07-10,sh.600660,48.8300,49.5000,48.6000,49.2300,48.7300,10762177,528577162.7900
2024-07-11,sh.600660,49.6100,49.7300,48.8200,49.1700,49.2300,10023283,492983736.2500
2024-07-12,sh.600660,49.0800,49.0800,48.0000,48.5100,49.1700,9298301,449536102.6500
2024-07-15,sh.600660,48.6000,49.3900,48.1100,49.2600,48.5100,10136065,497256347.7400
2024-07-16,sh.600660,49.2000,49.2500,48.5100,48.9200,49.2600,9818955,479854246.6700
2024-07-17,sh.600660,48.6000,48.8400,47.9100,48.4500,48.9200,8444773,408445482.2200
2024-07-18,sh.600660,47.9900,49.1700,47.9600,49.0400,48.4500,8519438,415456617.8600
2024-07-19,sh.600660,48.8000,48.9000,48.0200,48.6000,49.0400,11400149,553117249.9100
2024-07-22,sh.600660,48.6000,49.5600,48.3500,49.2000,48.6000,10617495,522087365.0700
2024-07-23,sh.600660,49.2300,49.3500,47.8100,47.8100,49.2000,8833289,427692557.0200
2024-07-24,sh.600660,47.8600,48.5100,47.5700,47.7100,47.8100,8658103,414696422.4600
2024-07-25,sh.600660,47.6900,47.9900,47.1500,47.6000,47.7100,9622684,457653309.4000
2024-07-26,sh.600660,47.6000,47.7700,46.8500,47.2600,47.6000,9890033,467426051.0400
2024-07-29,sh.600660,45.3100,46.2500,43.7000,44.4600,47.2600,36624591,1632159474.3300
2024-07-30,sh.600660,45.5000,46.2900,44.7000,45.4300,44.4600,28367248,1289655659.1100
2024-07-31,sh.600660,45.1900,45.4000,44.1200,45.0100,45.4300,23617830,1059545137.1900
2024-08-01,sh.600660,44.9000,44.9200,43.1000,43.1500,45.0100,27220806,1188548324.8300
2024-08-02,sh.600660,42.7500,43.6500,42.3200,43.3500,43.1500,20419352,880450622.5600
2024-08-05,sh.600660,43.0400,43.6600,42.2200,42.7200,43.3500,16364465,703185013.8200
2024-08-06,sh.600660,42.6500,43.1400,42.4000,42.8700,42.7200,12431563,531110569.9800
2024-08-07,sh.600660,42.9700,45.3600,42.7000,44.9700,42.8700,26124222,1160446592.0500
2024-08-08,sh.600660,44.9500,45.8400,44.6500,45.1400,44.9700,16224143,735773678.7900
2024-08-09,sh.600660,45.4000,45.8000,45.1900,45.4600,45.1400,10157404,462509957.7000
2024-08-12,sh.600660,45.8700,45.8700,45.0500,45.2300,45.4600,8551267,387373792.1700
2024-08-13,sh.600660,45.0500,45.4900,44.5300,45.0200,45.2300,7876714,353608951.5000
2024-08-14,sh.600660,45.0200,45.4600,44.3800,45.3000,45.0200,8518915,384126836.7400
2024-08-15,sh.600660,45.2000,45.8500,44.8600,45.7600,45.3000,10202836,464642616.6300
2024-08-16,sh.600660,45.7800,46.6200,45.5000,46.3200,45.7600,10057076,465898998.0700
2024-08-19,sh.600660,46.2000,46.6200,45.1800,45.3100,46.3200,11426945,522559307.4900
2024-08-20,sh.600660,45.3500,45.9900,45.0100,45.6200,45.3100,8864961,404136470.3400
2024-08-21,sh.600660,45.4900,46.3500,45.2000,45.9100,45.6200,10466447,481325384.6600
2024-08-22,sh.600660,45.9400,46.6600,45.6900,46.5500,45.9100,8163169,379017541.2700
2024-08-23,sh.600660,46.3100,47.5000,46.3000,47.2800,46.5500,9499044,448270624.4200
2024-08-26,sh.600660,47.2100,47.4800,46.1900,46.9600,47.2800,8409515,393006528.0500
2024-08-27,sh.600660,46.7200,47.3300,46.2300,47.0900,46.9600,8025047,376744242.3300
2024-08-28,sh.600660,46.8500,47.5900,46.7800,47.4200,47.0900,7256904,343086398.6700
2024-08-29,sh.600660,47.3400,48.5800,47.3400,48.2500,47.4200,10805231,520962643.0500
2024-08-30,sh.600660,48.0000,48.2500,47.2300,47.8900,48.2500,10612826,509346037.4100
2024-09-02,sh.600660,47.8500,48.3400,47.1300,47.5200,47.8900,11227218,535173911.0100
2024-09-03,sh.600660,47.5000,48.0500,47.3000,47.7500,47.5200,10370481,494680478.2100
2024-09-04,sh.600660,47.8200,48.5900,47.5100,48.1100,47.7500,9726402,468971294.9600
2024-09-05,sh.600660,48.4700,48.5500,47.5800,48.1800,48.1100,7533907,362010104.1200
2024-09-06,sh.600660,48.1000,49.2000,48.1000,48.5300,48.1800,7796153,380407190.5300
2024-09-09,sh.600660,48.5700,49.1200,48.1200,48.4000,48.5300,9248743,448561039.4000
2024-09-10,sh.600660,48.5000,48.8500,47.7000,48.2400,48.4000,8757957,421552140.3300
2024-09-11,sh.600660,48.2900,49.4800,47.7900,48.8900,48.2400,10049285,491171042.3800
2024-09-12,sh.600660,48.7300,49.2300,48.0000,48.2600,48.8900,7488076,362536202.7800
2024-09-13,sh.600660,48.2300,49.9200,48.0000,49.6000,48.2600,12442261,614748825.4200
2024-09-18,sh.600660,49.9000,51.9600,49.9000,51.7500,49.6000,14212242,730223247.1300
2024-09-19,sh.600660,50.7600,53.0000,50.6100,52.2000,51.7500,16058519,834083667.3900
2024-09-20,sh.600660,52.0300,52.5500,51.8100,52.2000,52.2000,10477065,546306058.2600
2024-09-23,sh.600660,52.3900,52.6100,51.7100,52.3000,52.2000,9318683,485214195.4800
2024-09-24,sh.600660,52.5600,52.6000,50.7000,51.2200,52.3000,20939988,1073944580.1200
2024-09-25,sh.600660,51.4100,53.4800,51.2200,52.3000,51.2200,18931286,994492663.7600
2024-09-26,sh.600660,51.9900,52.8300,51.1000,52.7400,52.3000,18137803,942780211.4300
2024-09-27,sh.600660,52.9400,54.5700,52.9100,54.2500,52.7400,10907916,590328837.8800
2024-09-30,sh.600660,54.8000,58.3300,54.8000,58.2000,54.2500,33475742,1905615308.4800
2024-10-08,sh.600660,64.0000,64.0200,56.0800,58.2700,58.2000,55892020,3323622858.3900
2024-10-09,sh.600660,57.8500,58.9000,55.3000,56.6000,58.2700,38584364,2208077544.0700
2024-10-10,sh.600660,56.5000,59.2600,56.3400,58.3600,56.6000,29693178,1727620269.9300
2024-10-11,sh.600660,58.3000,59.1900,57.5000,57.8400,58.3600,17705776,1030569937.8100
2024-10-14,sh.600660,57.8500,58.9600,57.0600,58.2500,57.8400,16193423,942943754.3500
2024-10-15,sh.600660,57.8600,58.4100,57.0600,57.0600,58.2500,11557963,667688789.1300
2024-10-16,sh.600660,56.9100,57.2300,55.5000,55.7100,57.0600,13682259,769076489.2700
2024-10-17,sh.600660,56.0300,57.5000,56.0300,56.8600,55.7100,12808412,730141571.9400
2024-10-18,sh.600660,56.8600,59.3800,56.1000,58.6000,56.8600,21956651,1271660526.0800
2024-10-21,sh.600660,58.6000,59.1000,57.9100,58.6900,58.6000,15124272,885373431.6000
2024-10-22,sh.600660,58.6500,61.6100,58.1800,60.8800,58.6900,20161689,1224117642.5900
2024-10-23,sh.600660,60.8800,62.5000,60.4400,61.7700,60.8800,16120045,994879395.5100
2024-10-24,sh.600660,61.7800,62.2600,60.5300,60.6800,61.7700,11428927,699591302.3100
2024-10-25,sh.600660,61.0000,61.2100,59.7000,60.3900,60.6800,9674712,583312488.9800
2024-10-28,sh.600660,60.3900,60.3900,58.0500,58.3400,60.3900,22443365,1315108480.2800
2024-10-29,sh.600660,58.6400,59.7100,57.7700,58.9900,58.3400,14698236,867451692.1700
2024-10-30,sh.600660,58.9000,59.5200,57.9100,58.6500,58.9900,12230907,714815325.9200
2024-10-31,sh.600660,58.7800,58.7800,56.8600,57.0100,58.6500,15528678,888223387.6800
2024-11-01,sh.600660,57.1700,57.6700,56.4000,56.9600,57.0100,12863324,734056644.2700
2024-11-04,sh.600660,57.0100,57.7800,56.8800,57.6000,56.9600,13324250,764460284.0300
2024-11-05,sh.600660,57.7700,58.2900,56.9000,58.1500,57.6000,14139075,818893974.6300
2024-11-06,sh.600660,58.1500,58.1500,56.8800,57.5500,58.1500,16178065,930525207.5600
2024-11-07,sh.600660,57.4800,58.3500,56.8900,57.8700,57.5500,18032194,1036121734.3000
2024-11-08,sh.600660,58.0000,58.2000,57.0700,57.2500,57.8700,18003779,1035549370.2300
2024-11-11,sh.600660,57.2500,58.1000,56.8500,57.2800,57.2500,14404306,826048903.5700
2024-11-12,sh.600660,57.4000,59.1200,57.0000,57.2800,57.2800,19790089,1144846989.1400
2024-11-13,sh.600660,57.1000,57.9500,56.9000,57.5900,57.2800,11769469,677837126.0900
2024-11-14,sh.600660,57.4800,58.1200,57.0200,57.2500,57.5900,10368618,597019867.7600
2024-11-15,sh.600660,57.1000,58.3000,56.6600,57.3800,57.2500,13998918,805371032.6400
2024-11-18,sh.600660,57.3900,57.6000,56.5500,56.7000,57.3800,12411053,707848059.0300
2024-11-19,sh.600660,56.7200,57.4900,56.6000,57.3600,56.7000,9760763,558475358.0200
2024-11-20,sh.600660,57.6000,57.6000,56.7000,57.1300,57.3600,8522151,485835958.4600
2024-11-21,sh.600660,57.1300,57.3000,56.7200,57.0700,57.1300,7248760,413193872.6200
2024-11-22,sh.600660,57.0600,57.1900,56.0100,56.0100,57.0700,10435281,589795696.7000
2024-11-25,sh.600660,56.0100,56.3200,54.5900,54.8000,56.0100,14780166,818354999.1200
2024-11-26,sh.600660,54.8300,56.4500,54.6300,55.6000,54.8000,10883096,607413030.3800
2024-11-27,sh.600660,55.6000,56.9400,55.3500,56.8300,55.6000,11336422,641155433.9200
2024-11-28,sh.600660,56.9400,57.1700,56.3700,56.6100,56.8300,7854267,445753383.9000
2024-11-29,sh.600660,56.7200,56.9300,55.8800,56.0000,56.6100,9864662,555034377.8700
2024-12-02,sh.600660,56.2800,56.9600,55.7800,56.6600,56.0000,12208382,688582659.9900
2024-12-03,sh.600660,56.6400,57.4700,56.5100,57.2000,56.6600,9427263,538315065.0500
2024-12-04,sh.600660,56.8800,57.6300,56.5000,57.2800,57.2000,8519567,487648809.3200
2024-12-05,sh.600660,57.0400,57.5000,55.9100,56.0500,57.2800,9938351,559545878.7100
2024-12-06,sh.600660,56.0800,56.3000,55.8000,56.0800,56.0500,8149261,456678429.3000
2024-12-09,sh.600660,56.0000,56.9600,55.5400,56.3400,56.0800,9669909,545055463.8200
2024-12-10,sh.600660,57.5000,57.5000,56.5000,56.6000,56.3400,12115752,689547270.7900
2024-12-11,sh.600660,56.6000,57.6200,56.5000,57.3500,56.6000,11187898,641136243.2700
2024-12-12,sh.600660,57.4500,58.7100,57.4500,58.2800,57.3500,13339048,775659389.8500
2024-12-13,sh.600660,58.1000,58.3800,57.7000,57.8400,58.2800,10996005,637459444.3300
2024-12-16,sh.600660,57.6700,58.5600,57.2500,57.3300,57.8400,9829577,568586373.8700
2024-12-17,sh.600660,57.3300,59.2800,57.0400,58.8000,57.3300,15977175,935130391.8500
2024-12-18,sh.600660,58.8200,59.3000,58.5800,58.9600,58.8000,8339574,491121440.5900
2024-12-19,sh.600660,58.5600,61.0000,58.5000,60.5500,58.9600,15463548,929680344.7200
2024-12-20,sh.600660,60.0100,60.5400,58.6000,59.5100,60.5500,14683523,871345538.8900
2024-12-23,sh.600660,59.5000,60.4700,59.2500,59.8100,59.5100,14421157,863757871.0400
2024-12-24,sh.600660,59.6900,60.4000,59.4600,60.1800,59.8100,11388111,683406125.9300
2024-12-25,sh.600660,59.7800,61.9600,59.7800,61.4900,60.1800,12018353,738003901.0000
2024-12-26,sh.600660,61.5100,61.5900,60.6100,61.0700,61.4900,6984178,425896721.4700
2024-12-27,sh.600660,60.8000,61.7300,60.3800,61.6400,61.0700,10346613,632987870.3500
2024-12-30,sh.600660,61.6000,62.7500,61.1800,62.1400,61.6400,8761472,543634782.3300
2024-12-31,sh.600660,62.2000,63.1900,61.8500,62.4000,62.1400,10604299,664667169.2900
2025-01-02,sh.600660,62.4100,62.6000,59.9900,60.4500,62.4000,14227311,868388402.4700
2025-01-03,sh.600660,60.5000,60.8700,59.0800,59.3800,60.4500,11820432,706671700.0000
2025-01-06,sh.600660,59.0300,59.8100,58.9100,59.5100,59.3800,8597400,510308700.3300
2025-01-07,sh.600660,59.5100,60.2700,59.1500,59.9800,59.5100,8297984,496545459.1600
2025-01-08,sh.600660,59.9800,61.4800,59.3200,61.2700,59.9800,10891015,659774919.2600
2025-01-09,sh.600660,61.5000,61.6200,60.5400,61.0800,61.2700,6513851,397952064.2000
2025-01-10,sh.600660,60.9000,61.3000,60.0000,60.0000,61.0800,7273220,440569188.9600
2025-01-13,sh.600660,60.1400,61.3000,59.4500,59.7000,60.0000,10300500,618653833.8200
2025-01-14,sh.600660,59.7000,61.5400,59.3600,61.2400,59.7000,10381578,630391572.1600
2025-01-15,sh.600660,61.0000,61.3500,60.4100,60.5600,61.2400,7560144,459381385.4100
2025-01-16,sh.600660,60.7700,61.5800,60.0100,60.8000,60.5600,7340845,446772131.7800
2025-01-17,sh.600660,60.3700,61.4400,59.9700,60.1900,60.8000,8188626,494885594.4100
2025-01-20,sh.600660,60.5200,60.7500,59.2500,59.5000,60.1900,9572349,572120324.6900
2025-01-21,sh.600660,59.4900,59.9200,59.0500,59.5500,59.5000,8654427,515736027.6400
2025-01-22,sh.600660,59.5600,60.0600,58.2000,58.9100,59.5500,8344031,491825941.0400
2025-01-23,sh.600660,58.9400,59.3300,58.2000,58.4200,58.9100,10096893,592093249.5400
2025-01-24,sh.600660,58.2600,59.9800,58.2000,59.3900,58.4200,10941015,648870422.1500
2025-01-27,sh.600660,59.3400,60.2400,59.2200,59.5900,59.3900,10292610,614882510.3500
2025-02-05,sh.600660,59.7500,60.1000,58.8200,59.3500,59.5900,8086191,481917862.8400
2025-02-06,sh.600660,59.0000,59.5400,58.3500,58.6000,59.3500,12257180,718789305.3200
2025-02-07,sh.600660,58.6200,58.6300,56.5500,58.5100,58.6000,16501485,956198129.3000
2025-02-10,sh.600660,58.5200,59.1200,58.0800,58.3500,58.5100,12159707,711096840.7800
2025-02-11,sh.600660,58.3600,58.4800,57.0100,57.2000,58.3500,13604866,784018049.9100
2025-02-12,sh.600660,57.2000,57.5600,56.6600,57.4300,57.2000,11839308,676610914.4400
2025-02-13,sh.600660,57.1000,57.3000,56.7200,56.9000,57.4300,15015163,855888344.0800
2025-02-14,sh.600660,56.8000,57.3400,56.6000,57.3400,56.9000,14919214,851775062.9600
2025-02-17,sh.600660,57.3000,57.3300,56.7000,56.8500,57.3400,11005039,626020857.5000
2025-02-18,sh.600660,56.7100,57.9800,56.7000,57.4200,56.8500,13079554,752560757.6200
2025-02-19,sh.600660,57.4700,57.7900,56.8900,57.2300,57.4200,10995653,629151079.7400
2025-02-20,sh.600660,57.0000,57.6600,56.7200,57.3400,57.2300,9135989,522148582.6400
2025-02-21,sh.600660,57.4700,58.2100,56.9000,57.7700,57.3400,14107482,814798908.7600
2025-02-24,sh.600660,57.5800,57.5800,56.6800,56.8100,57.7700,14610091,832504459.2300
2025-02-25,sh.600660,56.8100,57.2200,55.9000,55.9300,56.8100,14091058,794963263.2100
2025-02-26,sh.600660,55.9300,57.0100,55.8300,56.8800,55.9300,13167935,746035870.8100
2025-02-27,sh.600660,56.8800,57.1000,56.0600,56.5400,56.8800,12757451,720397540.2900
2025-02-28,sh.600660,56.7500,57.3400,56.0000,56.2600,56.5400,11955615,676078502.5200
2025-03-03,sh.600660,56.2600,56.8000,55.9500,55.9600,56.2600,9439431,531190368.3200
2025-03-04,sh.600660,55.8500,56.1300,55.7000,55.7300,55.9600,10587480,592222448.4700
2025-03-05,sh.600660,55.7900,56.3800,55.4700,56.0000,55.7300,10062887,562581936.8400
2025-03-06,sh.600660,55.9300,56.2600,55.6100,55.7900,56.0000,12520688,699542664.5200
2025-03-07,sh.600660,55.6200,56.2200,55.0000,56.0000,55.7900,14148909,787950409.8500
2025-03-10,sh.600660,56.1000,56.6200,55.8800,56.6100,56.0000,12456850,701931462.9400
2025-03-11,sh.600660,56.0800,57.5800,55.8500,56.9700,56.6100,15810843,898970976.0400
2025-03-12,sh.600660,56.9700,59.3000,56.8000,58.9900,56.9700,22318920,1303604820.3600
2025-03-13,sh.600660,58.9900,59.5300,58.4300,58.9100,58.9900,10104104,595332174.2000
2025-03-14,sh.600660,58.9100,61.4900,58.8100,61.3800,58.9100,21854443,1326856397.4800
2025-03-17,sh.600660,61.5000,61.5000,60.8500,61.1000,61.3800,10586787,646926335.2500
2025-03-18,sh.600660,61.1700,61.4100,59.7100,60.4500,61.1000,11899072,717820125.0600
2025-03-19,sh.600660,60.0000,60.0000,56.7600,57.5100,60.4500,38187656,2196761304.1600
2025-03-20,sh.600660,57.4500,57.6900,56.8000,56.9400,57.5100,20526758,1171637427.8500
2025-03-21,sh.600660,57.0000,57.5000,56.5000,56.7000,56.9400,16903751,962169751.3700
2025-03-24,sh.600660,57.0000,58.7800,56.7000,57.7800,56.7000,22273178,1289066232.7700
2025-03-25,sh.600660,58.1100,58.1500,57.5000,57.8300,57.7800,9759461,564408600.6300
2025-03-26,sh.600660,57.8300,57.9400,57.3000,57.5800,57.8300,7985363,459404409.6800
2025-03-27,sh.600660,57.6000,58.8000,57.3400,58.2300,57.5800,12975227,756600152.0800
2025-03-28,sh.600660,58.5000,58.6400,58.0900,58.2400,58.2300,8394312,489476072.6600
2025-03-31,sh.600660,58.2400,59.4900,58.0900,58.5700,58.2400,13164420,776483549.5700
2025-04-01,sh.600660,58.5800,58.8700,57.6700,57.9000,58.5700,12976871,754685324.8200
2025-04-02,sh.600660,57.6700,57.8900,56.5100,57.3500,57.9000,13183901,753306794.2800
2025-04-03,sh.600660,56.8000,57.3400,56.2200,56.9000,57.3500,11134282,633683119.8400
2025-04-07,sh.600660,53.9900,54.7500,51.7000,53.6800,56.9000,31574083,1674781654.4100
2025-04-08,sh.600660,54.0000,54.1300,52.3800,53.6800,53.6800,24380550,1294693501.7600
2025-04-09,sh.600660,52.5200,53.5300,51.8800,53.5300,53.6800,21830395,1151414919.0700
2025-04-10,sh.600660,56.2000,56.2800,53.3700,54.6000,53.5300,19392335,1052092014.4900
2025-04-11,sh.600660,54.5000,55.1800,53.7200,55.0300,54.6000,11417704,622804099.3500
2025-04-14,sh.600660,55.5000,55.5000,54.0100,54.1200,55.0300,14321593,781936262.6800
2025-04-15,sh.600660,54.1100,54.7800,53.8000,54.6000,54.1200,10017343,543776719.6000
2025-04-16,sh.600660,54.8000,54.8800,53.4000,54.8800,54.6000,12725521,689338563.9700
2025-04-17,sh.600660,54.5500,54.9700,53.7700,54.3400,54.8800,14497334,785936644.9500
2025-04-18,sh.600660,54.6000,55.7500,53.5300,54.1100,54.3400,17382072,946520221.8500
2025-04-21,sh.600660,53.9900,55.6500,53.9900,55.3900,54.1100,14785615,812077686.7500
2025-04-22,sh.600660,55.2000,56.1500,54.6300,55.9400,55.3900,14476640,804973595.6000
2025-04-23,sh.600660,56.1800,57.1800,55.7500,56.8700,55.9400,13183350,747087168.6100
2025-04-24,sh.600660,56.7200,57.3500,56.6600,56.9800,56.8700,7179764,409459165.5700
2025-04-25,sh.600660,57.1100,57.2400,56.8300,57.0200,56.9800,5827182,332058021.7900
2025-04-28,sh.600660,57.0200,57.5000,56.6600,56.9800,57.0200,5977955,341734144.7100
2025-04-29,sh.600660,57.2200,58.3000,56.9600,58.1300,56.9800,10084447,584306849.3500
2025-04-30,sh.600660,58.2700,58.7800,57.9600,58.1200,58.1300,9039682,527793445.8100
2025-05-06,sh.600660,57.7900,58.2500,57.1000,58.0000,58.1200,10365606,599921322.2700
2025-05-07,sh.600660,58.2000,58.4700,57.3300,57.5600,58.0000,12185239,704069376.2900
2025-05-08,sh.600660,57.3300,58.2800,57.1300,58.2400,57.5600,8158893,472113411.4000
2025-05-09,sh.600660,56.8000,56.8000,56.0100,56.1200,56.4400,7671977,431508028.3600
2025-05-12,sh.600660,56.2900,57.2500,56.2900,56.8800,56.1200,8141606,463554284.3200
2025-05-13,sh.600660,56.9900,57.1900,56.3500,56.4000,56.8800,8387913,474990258.8400
2025-05-14,sh.600660,56.4100,56.5600,55.5500,56.2400,56.4000,8459895,473253206.0400
2025-05-15,sh.600660,56.0500,56.9900,55.9800,56.6700,56.2400,9001613,509410983.7700
2025-05-16,sh.600660,56.4100,57.0800,56.1600,57.0600,56.6700,6955305,395177490.4700
2025-05-19,sh.600660,56.7000,57.1400,56.2500,56.8300,57.0600,6638733,377135841.7600
2025-05-20,sh.600660,56.9800,57.6700,56.7000,57.4300,56.8300,7118376,407462153.3900
2025-05-21,sh.600660,57.4800,57.9800,57.0300,57.1700,57.4300,9658974,553753181.7500
2025-05-22,sh.600660,57.0000,59.0000,56.9000,59.0000,57.1700,15865773,926477759.4000
2025-05-23,sh.600660,58.8000,60.8800,58.6000,60.3000,59.0000,16779013,1011215652.5700
2025-05-26,sh.600660,60.1900,60.6500,59.4100,59.7900,60.3000,9860344,591043030.2200
2025-05-27,sh.600660,59.8300,60.1100,58.5900,58.6000,59.7900,10392331,613237013.0100
2025-05-28,sh.600660,58.8500,59.3100,58.6100,58.6500,58.6000,6432472,378444877.9800
2025-05-29,sh.600660,59.0000,59.2400,58.3500,58.3500,58.6500,7422599,435715506.0600
2025-05-30,sh.600660,58.3700,58.6800,57.9700,57.9700,58.3500,7185181,419311062.7100
2025-06-03,sh.600660,57.9700,58.3700,57.3900,58.0700,57.9700,8740721,506362478.7300
2025-06-04,sh.600660,58.1500,58.4700,56.8900,57.0000,58.0700,11193145,642103800.2300
2025-06-05,sh.600660,57.0600,58.1300,56.9500,57.9400,57.0000,10509373,607471231.4000
2025-06-06,sh.600660,57.9400,58.1100,57.7000,57.8800,57.9400,5271986,305356990.0700
2025-06-09,sh.600660,57.8800,57.9700,57.4800,57.5500,57.8800,5763105,332139205.6200
2025-06-10,sh.600660,57.5500,57.8500,57.0200,57.2800,57.5500,6100776,350126703.5300
2025-06-11,sh.600660,57.4600,59.1600,57.4600,58.4100,57.2800,11774450,689224615.9300
2025-06-12,sh.600660,58.1800,58.4000,57.8300,57.9800,58.4100,5242952,304498121.0100
2025-06-13,sh.600660,57.8200,58.2200,57.5200,57.7000,57.9800,6104157,353054742.6200
2025-06-16,sh.600660,57.9700,58.1100,57.4500,57.9500,57.7000,5743751,331948447.0300
2025-06-17,sh.600660,57.8200,58.1000,57.1100,57.2000,57.9500,5793919,332761471.5100
2025-06-18,sh.600660,57.2100,57.6300,57.0100,57.4700,57.2000,4971053,284859042.7200
2025-06-19,sh.600660,57.4800,57.5200,56.7500,56.8500,57.4700,7659000,437087941.6800
2025-06-20,sh.600660,57.0400,57.9500,56.8500,57.6500,56.8500,8418505,485037217.9700
2025-06-23,sh.600660,57.5300,57.6000,56.4000,56.7900,57.6500,9042738,513373659.6100
2025-06-24,sh.600660,56.9000,57.8800,56.8800,57.4700,56.7900,9102580,523705850.5900
2025-06-25,sh.600660,57.4100,58.1500,57.3100,57.9900,57.4700,7337651,423713115.1100
2025-06-26,sh.600660,57.9700,58.1500,56.9700,56.9800,57.9900,9198086,527667385.8600
2025-06-27,sh.600660,57.1500,57.7000,56.9400,57.3600,56.9800,8184903,469378857.5500
2025-06-30,sh.600660,57.4600,57.4700,56.6000,57.0100,57.3600,9970855,568240837.0100
2025-07-01,sh.600660,56.9000,57.2000,56.4600,56.8700,57.0100,7341764,417194290.5500
2025-07-02,sh.600660,56.7000,57.5000,56.7000,57.1300,56.8700,5683740,324508414.6400
2025-07-03,sh.600660,57.0900,57.7000,56.9100,57.2100,57.1300,7216149,414310552.7400
2025-07-04,sh.600660,57.2400,58.7700,57.0300,58.1300,57.2100,14418775,838397914.2300
2025-07-07,sh.600660,58.1000,59.0000,57.9500,58.1300,58.1300,8751430,511408875.8900
2025-07-08,sh.600660,58.1300,58.2200,57.5100,57.6400,58.1300,7130296,411650607.7900
2025-07-09,sh.600660,57.7900,57.8500,56.8000,56.8000,57.6400,12008281,685504216.1700
2025-07-10,sh.600660,56.7900,56.9300,56.4100,56.4100,56.8000,13503139,764539046.7800
2025-07-11,sh.600660,56.5100,57.4900,56.5000,56.7700,56.4100,15594510,891218953.2500
2025-07-14,sh.600660,57.0000,57.0600,56.7000,56.7100,56.7700,10016515,569188473.9500
2025-07-15,sh.600660,56.7400,57.1900,56.5500,56.7700,56.7100,7086197,402716159.2400
2025-07-16,sh.600660,56.7800,57.1800,56.6500,56.7600,56.7700,6354253,361138686.0100
2025-07-17,sh.600660,56.7600,58.2200,56.7000,57.5800,56.7600,17077749,984141663.4100
2025-07-18,sh.600660,57.7700,58.0600,57.3600,58.0000,57.5800,11540314,665767968.8400
2025-07-21,sh.600660,57.9100,58.0100,57.3900,57.5700,58.0000,10371806,596839347.0700
2025-07-22,sh.600660,57.5000,57.7000,57.1800,57.3500,57.5700,10830337,620827836.1700
2025-07-23,sh.600660,57.4000,57.7700,57.2000,57.3700,57.3500,12030016,690895150.6500
2025-07-24,sh.600660,57.3800,57.4200,57.1000,57.3800,57.3700,10560582,604691983.9900
2025-07-25,sh.600660,57.4800,57.9500,56.7500,56.7900,57.3800,14787329,844799067.5000
2025-07-28,sh.600660,56.7000,56.9300,55.4000,55.5700,56.7900,24228832,1357727551.0400
2025-07-29,sh.600660,55.6200,55.6600,55.0200,55.0300,55.5700,16861077,931498364.0600
2025-07-30,sh.600660,55.1300,56.1500,55.0200,55.5500,55.0300,12842996,714467493.5500
2025-07-31,sh.600660,55.3000,55.4700,54.5500,54.6600,55.5500,13276500,727586967.7700
2025-08-01,sh.600660,54.7500,55.0100,54.1800,54.9100,54.6600,11641247,635864660.7300
2025-08-04,sh.600660,54.6600,54.8700,54.4500,54.7500,54.9100,7535615,411372065.1500
2025-08-05,sh.600660,54.7600,55.9500,54.7600,55.7900,54.7500,15925828,885950165.9600
2025-08-06,sh.600660,55.8600,56.4300,55.5000,55.5600,55.7900,9201478,512557298.7300
2025-08-07,sh.600660,55.4800,55.7200,55.2900,55.5200,55.5600,6602844,366401124.5900
2025-08-08,sh.600660,55.5400,55.6900,55.2700,55.5000,55.5200,6536758,362810922.6600
2025-08-11,sh.600660,55.5000,55.6900,55.3000,55.4600,55.5000,8043790,446058829.6400
2025-08-12,sh.600660,55.4500,55.8500,55.3200,55.5100,55.4600,9457379,525587414.9200
2025-08-13,sh.600660,55.6500,56.3000,55.3600,55.8900,55.5100,13147607,735303700.3700
2025-08-14,sh.600660,55.9500,56.2600,55.2200,55.5800,55.8900,16066020,894123868.2300
2025-08-15,sh.600660,55.5700,56.1200,55.0500,55.6000,55.5800,13231601,737329839.8400
2025-08-18,sh.600660,55.9700,57.9200,55.9500,56.6800,55.6000,31481803,1794230419.6800
2025-08-19,sh.600660,56.9000,57.4500,55.6500,55.7700,56.6800,27378212,1535854833.1600
2025-08-20,sh.600660,58.1000,61.3500,58.1000,61.3500,55.7700,57058711,3449240800.6700
2025-08-21,sh.600660,62.6100,65.1800,62.0000,64.7000,61.3500,75375508,4820465114.5600
2025-08-22,sh.600660,64.0000,64.6000,62.8800,63.1700,64.7000,30890392,1960054905.4300
2025-08-25,sh.600660,63.3500,63.4900,62.0300,62.8300,63.1700,28170381,1759903983.1500
2025-08-26,sh.600660,62.6400,64.3000,62.3300,63.5500,62.8300,26849848,1707387978.6900
2025-08-27,sh.600660,63.6100,65.6500,63.5700,64.2200,63.5500,28028952,1816954142.8500
2025-08-28,sh.600660,64.1800,64.5900,63.2100,64.4700,64.2200,16172930,1035123103.9200
2025-08-29,sh.600660,64.8700,66.0700,64.5000,65.6600,64.4700,17379363,1139482197.3100
2025-09-01,sh.600660,65.6400,66.4800,65.1800,65.8100,65.6600,17305124,1141413118.3200
2025-09-02,sh.600660,65.8100,67.1300,65.5300,66.4600,65.8100,17214753,1144725850.8300
2025-09-03,sh.600660,66.8700,68.8700,66.4800,68.7300,66.4600,28689827,1952109284.5100
2025-09-04,sh.600660,68.5500,68.6800,66.4500,67.3400,68.7300,27000504,1823581942.7200
2025-09-05,sh.600660,67.3500,69.2500,67.0300,68.4400,67.3400,17789116,1211821069.0900
2025-09-08,sh.600660,67.9400,70.1200,67.8800,69.2600,68.4400,18501313,1281291828.5400
2025-09-09,sh.600660,69.4700,71.8500,69.2600,70.2500,69.2600,20621493,1457786246.6600
2025-09-10,sh.600660,70.2100,70.7300,69.0700,69.7100,70.2500,17132669,1195826764.8100
2025-09-11,sh.600660,70.0100,72.0800,69.7100,71.9900,69.7100,16849906,1205430199.6700
2025-09-12,sh.600660,71.6200,72.4700,70.6800,71.0500,71.9900,13786741,980374347.5700
2025-09-15,sh.600660,71.0200,71.7800,70.5600,71.3500,71.0500,11338906,808316366.5600
2025-09-16,sh.600660,71.6000,72.6600,71.4600,72.3500,71.3500,12099315,872903354.7800
2025-09-17,sh.600660,72.3500,74.4800,72.2700,74.2000,72.3500,13063504,961927866.5800
2025-09-18,sh.600660,74.5600,74.5800,72.0200,73.0600,74.2000,17559141,1284847786.1800
2025-09-19,sh.600660,72.3300,72.7200,71.4100,72.3500,73.0600,15345487,1105949085.3700
2025-09-22,sh.600660,72.4900,72.9600,71.0000,71.9900,72.3500,17122778,1230586295.4600
2025-09-23,sh.600660,71.9900,72.6300,71.0200,72.0900,71.9900,11170930,802190629.5800
2025-09-24,sh.600660,71.5500,73.6900,71.4100,73.2400,72.0900,11491918,839534971.6700
2025-09-25,sh.600660,73.1000,73.6500,72.0100,72.5100,73.2400,13094763,950190151.6600
2025-09-26,sh.600660,72.3400,72.8400,71.6100,72.1200,72.5100,8741931,631927419.6100
2025-09-29,sh.600660,71.8000,73.0800,71.3000,72.8000,72.1200,14811432,1070618192.4000
2025-09-30,sh.600660,73.0900,73.4500,71.5000,73.4100,72.8000,12786419,927223760.9100
2025-10-09,sh.600660,72.3200,72.5000,70.3400,71.8800,73.4100,18516870,1324147865.5800
2025-10-10,sh.600660,71.0000,72.1000,70.1700,70.2700,71.8800,13483997,956309316.8000
2025-10-13,sh.600660,68.5500,69.9900,68.0800,69.5500,69.3700,11905800,826486538.7600
2025-10-14,sh.600660,70.0500,70.2500,66.2800,66.6400,69.5500,23370972,1581007744.2300
2025-10-15,sh.600660,67.8300,68.0900,65.3800,66.5700,66.6400,19003007,1258802016.7900
2025-10-16,sh.600660,66.8300,67.3500,66.5600,66.8800,66.5700,15342942,1026217217.5400
2025-10-17,sh.600660,64.8700,65.0600,63.3000,63.4800,66.8800,28330700,1819619740.5100
2025-10-20,sh.600660,64.5900,65.8200,63.6600,65.5700,63.4800,24357454,1579139170.1900
2025-10-21,sh.600660,66.0000,66.5500,65.0700,65.8000,65.5700,15647209,1027839684.8500
2025-10-22,sh.600660,65.3000,65.6400,64.3400,64.7700,65.8000,11493762,744438743.1800
2025-10-23,sh.600660,64.7600,67.0900,64.4800,66.8800,64.7700,17137113,1133230405.1300
2025-10-24,sh.600660,67.0000,67.6600,66.9000,67.2300,66.8800,11820774,794648209.0400
2025-10-27,sh.600660,67.2400,69.0600,66.8000,68.3800,67.2300,15457584,1053356350.7600
2025-10-28,sh.600660,68.0800,68.2100,66.7500,67.5300,68.3800,16212620,1092551782.1500
2025-10-29,sh.600660,67.2400,67.6500,66.8700,67.3600,67.5300,7991943,536501538.1300
2025-10-30,sh.600660,67.4500,68.5000,67.2500,67.4500,67.3600,12382681,840615484.4200
2025-10-31,sh.600660,67.4800,68.4100,67.1700,67.5000,67.4500,10898599,738865610.7300
2025-11-03,sh.600660,67.6000,67.7500,66.1700,66.2600,67.5000,9052414,601318302.3000
2025-11-04,sh.600660,66.1600,67.3000,66.0100,66.6700,66.2600,8963524,597357490.6200
2025-11-05,sh.600660,66.3000,67.3900,65.8200,67.1800,66.6700,6917937,463355227.4900
2025-11-06,sh.600660,67.2100,67.6900,66.8500,67.5100,67.1800,7014019,472942181.2200
2025-11-07,sh.600660,67.8600,68.7300,67.4000,68.0300,67.5100,9357387,637655607.4600
2025-11-10,sh.600660,67.9400,67.9700,66.8700,67.2000,68.0300,8117802,546226284.4900
2025-11-11,sh.600660,67.3000,67.3600,66.6000,67.0800,67.2000,6478408,433685195.0000
2025-11-12,sh.600660,67.1800,67.2000,66.4400,66.4400,67.0800,7834655,523073138.5000
2025-11-13,sh.600660,66.4400,66.7800,65.6100,66.6400,66.4400,8204682,542703007.9000
2025-11-14,sh.600660,66.2000,66.5100,65.7000,65.8000,66.6400,6998928,462060465.3500
2025-11-17,sh.600660,65.8000,66.3000,65.1400,65.8000,65.8000,6466389,425979039.1000
2025-11-18,sh.600660,65.8000,65.9000,65.0200,65.1400,65.8000,5403811,353451167.0900
2025-11-19,sh.600660,65.1400,65.6000,64.9000,65.3000,65.1400,5594736,365155642.5000
2025-11-20,sh.600660,65.5000,65.7300,64.8000,64.8100,65.3000,7199055,469419892.8100
2025-11-21,sh.600660,64.5400,64.9500,63.9900,64.0300,64.8100,8577092,552711599.1400
2025-11-24,sh.600660,64.2700,64.4000,63.5100,63.6600,64.0300,8236488,526874415.2000
2025-11-25,sh.600660,63.9700,65.0000,63.8800,64.4500,63.6600,7019341,453732840.3300
2025-11-26,sh.600660,64.5000,64.9800,64.2000,64.8000,64.4500,5665648,366734792.7000
2025-11-27,sh.600660,64.6000,65.2700,64.3700,64.5500,64.8000,5708247,370152550.4500
2025-11-28,sh.600660,64.8000,66.1100,64.5000,65.8800,64.5500,10802301,706915159.7500
2025-12-01,sh.600660,65.5100,65.7300,64.0300,64.8400,65.8800,15869042,1022273803.5600
2025-12-02,sh.600660,64.8700,65.2500,63.9700,64.4000,64.8400,10114805,650732371.3700
2025-12-03,sh.600660,64.5500,65.2100,64.0300,64.6300,64.4000,10028906,649474844.5100
2025-12-04,sh.600660,64.6300,64.8500,63.5300,63.8200,64.6300,9307266,595095733.5500
2025-12-05,sh.600660,63.6900,64.2100,63.2800,63.9300,63.8200,9913398,631765806.5000
2025-12-08,sh.600660,64.1100,64.3800,63.2800,63.4500,63.9300,8996800,572170680.3100
2025-12-09,sh.600660,63.4500,63.4600,62.0000,62.1200,63.4500,15108640,944237223.6300
2025-12-10,sh.600660,62.1200,62.3800,61.5500,61.8000,62.1200,10906595,674754238.0700
2025-12-11,sh.600660,61.8100,62.4900,61.5000,61.5000,61.8000,9916618,614256275.9800
2025-12-12,sh.600660,61.4900,61.9500,61.0400,61.9500,61.5000,13501540,831299237.2800
2025-12-15,sh.600660,61.9500,62.5200,61.7100,62.0900,61.9500,9553993,594366170.0500
2025-12-16,sh.600660,62.2600,62.3100,61.3000,61.3600,62.0900,8309571,512737838.2700
2025-12-17,sh.600660,61.3600,62.3500,61.0800,62.0800,61.3600,9973283,616732751.0700
2025-12-18,sh.600660,62.0900,62.4400,61.8500,62.3000,62.0800,6326960,393408531.9700
2025-12-19,sh.600660,62.1400,62.8800,62.0700,62.0700,62.3000,8455995,528651111.9100
2025-12-22,sh.600660,60.9000,63.4700,60.8500,62.8200,62.0700,17680484,1107972717.1200
2025-12-23,sh.600660,62.8300,63.2500,61.7100,62.6800,62.8200,11735455,731248651.6700
2025-12-24,sh.600660,62.7800,63.6800,62.5100,63.0800,62.6800,9578597,603355991.0300
2025-12-25,sh.600660,63.0600,63.9900,62.7800,63.5200,63.0800,6256270,397452708.8000
2025-12-26,sh.600660,63.7600,63.8300,63.2100,63.7100,63.5200,6357572,403742253.6200
2025-12-29,sh.600660,63.6500,64.3100,63.0500,63.1800,63.7100,9425057,599864203.1700
2025-12-30,sh.600660,63.0300,64.7500,63.0000,64.5000,63.1800,11280202,724419243.6300
2025-12-31,sh.600660,64.4400,65.0100,64.1100,64.7700,64.5000,8391073,542294949.3700
