date,code,open,high,low,close,preclose,volume,amount
2019-01-02,sh.600276,53.2900,53.9100,52.5400,52.9700,52.7500,27884808,1483924992.0000
2019-01-03,sh.600276,52.2300,52.6800,50.1200,51.0700,52.9700,32556097,1658914634.0000
2019-01-04,sh.600276,50.3000,54.4800,49.7800,54.3500,51.0700,35496863,1864852759.0000
2019-01-07,sh.600276,54.0000,54.1000,52.9000,53.5700,54.3500,24033818,1285195635.0000
2019-01-08,sh.600276,53.3500,54.3600,53.3500,53.9800,53.5700,12829205,692280658.0000
2019-01-09,sh.600276,54.5000,56.2200,54.1000,55.5300,53.9800,19701098,1093435791.0000
2019-01-10,sh.600276,55.0900,57.2400,54.7200,56.2700,55.5300,16368575,918176985.0000
2019-01-11,sh.600276,56.2000,56.5100,55.0300,55.9500,56.2700,13116499,729523516.0000
2019-01-14,sh.600276,55.9500,55.9500,54.1100,54.3300,55.9500,11180550,610742647.0000
2019-01-15,sh.600276,54.5000,56.4900,54.3300,56.4400,54.3300,16121003,898836695.0000
2019-01-16,sh.600276,56.4300,57.9900,55.5000,57.4700,56.4400,17737355,1014739756.0000
2019-01-17,sh.600276,57.3500,58.4400,57.1200,57.3600,57.4700,12421406,719327698.0000
2019-01-18,sh.600276,57.9000,59.7800,57.5200,59.1700,57.3600,17839995,1054628301.0000
2019-01-21,sh.600276,58.9600,60.4600,58.8500,59.0700,59.1700,15792972,940625990.0000
2019-01-22,sh.600276,59.3000,59.3000,57.0500,57.6900,59.0700,15165957,874479845.0000
2019-01-23,sh.600276,57.4000,58.3800,57.2300,58.0200,57.6900,9013534,521428512.0000
2019-01-24,sh.600276,57.9000,59.6800,57.4000,59.3800,58.0200,12194226,716635233.0000
2019-01-25,sh.600276,59.3500,59.7800,58.8100,58.9900,59.3800,11123213,659259622.0000
2019-01-28,sh.600276,57.9500,57.9500,54.5000,54.8200,58.9900,41575483,2312598474.0000
2019-01-29,sh.600276,55.0100,57.2400,54.7800,57.1800,54.8200,26740342,1506140392.0000
2019-01-30,sh.600276,57.0000,58.4800,56.8300,57.4000,57.1800,14405342,834538700.0000
2019-01-31,sh.600276,58.2400,59.4500,57.5900,59.0500,57.4000,18500062,1088217460.0000
2019-02-01,sh.600276,59.9400,60.8700,58.8400,60.8200,59.0500,17380401,1046218100.0000
2019-02-11,sh.600276,60.0700,62.1600,59.7900,61.8500,60.8200,16245595,996516675.0000
2019-02-12,sh.600276,62.5000,64.2300,62.0000,63.5000,61.8500,21353911,1358251542.0000
2019-02-13,sh.600276,64.0000,65.9900,64.0000,65.5900,63.5000,20888237,1359440957.0000
2019-02-14,sh.600276,65.5000,66.1500,64.9000,65.8000,65.5900,15767941,1036250708.0000
2019-02-15,sh.600276,65.2200,65.7500,63.9100,64.2900,65.8000,13729632,885559378.0000
2019-02-18,sh.600276,66.3000,67.6500,66.0000,66.8300,64.2900,24094581,1610684499.0000
2019-02-19,sh.600276,66.8000,67.4700,65.6000,65.9300,66.8300,19681526,1304974906.0000
2019-02-20,sh.600276,65.6000,65.9300,64.0800,64.9500,65.9300,17607700,1140031686.0000
2019-02-21,sh.600276,65.0600,66.5000,65.0000,65.4400,64.9500,15913469,1047449092.0000
2019-02-22,sh.600276,65.7700,66.3000,64.6000,66.3000,65.4400,11944541,783872794.0000
2019-02-25,sh.600276,66.0000,68.9000,65.8000,68.5000,66.3000,35675506,2394769666.0000
2019-02-26,sh.600276,67.6900,73.4400,67.3100,68.0000,68.5000,36860897,2569143955.0000
2019-02-27,sh.600276,67.9500,70.2800,67.7700,68.8000,68.0000,19179533,1324795696.0000
2019-02-28,sh.600276,68.8000,72.2000,68.5200,71.9000,68.8000,28268421,2010914338.0000
2019-03-01,sh.600276,72.8000,73.0000,70.8800,72.0000,71.9000,20738740,1485714813.0000
2019-03-04,sh.600276,72.4100,74.0000,71.6700,72.2700,72.0000,27097079,1969518584.0000
2019-03-05,sh.600276,72.1200,72.8800,71.6000,72.1200,72.2700,15971983,1151362195.0000
2019-03-06,sh.600276,72.2000,72.8000,70.4000,71.2500,72.1200,20751209,1479977366.0000
2019-03-07,sh.600276,71.2400,71.2400,69.7500,70.3800,71.2500,20209276,1420869722.0000
2019-03-08,sh.600276,69.0000,71.4500,68.6500,69.6600,70.3800,20154861,1412631879.0000
2019-03-11,sh.600276,70.0100,70.8800,69.3000,70.3000,69.6600,19645042,1375388393.0000
2019-03-12,sh.600276,71.3000,71.5400,69.3800,69.8100,70.3000,18671086,1313989905.0000
2019-03-13,sh.600276,69.8700,70.6500,69.4000,69.8800,69.8100,16647061,1164976026.0000
2019-03-14,sh.600276,70.1800,71.1100,69.7300,70.0600,69.8800,18875534,1330668286.0000
2019-03-15,sh.600276,70.3000,72.8100,69.7500,71.5200,70.0600,25605831,1831789926.0000
2019-03-18,sh.600276,72.2000,75.0500,71.1400,74.1000,71.5200,29163100,2143277787.0000
2019-03-19,sh.600276,73.9500,73.9600,71.6400,72.1000,74.1000,23528983,1708917848.0000
2019-03-20,sh.600276,71.6600,73.0000,71.1600,72.7200,72.1000,17086417,1234816676.0000
2019-03-21,sh.600276,73.0300,73.5600,71.8800,72.4000,72.7200,12572709,910913405.0000
2019-03-22,sh.600276,72.9000,73.4900,72.0500,73.1300,72.4000,13484402,981033479.0000
2019-03-25,sh.600276,72.1000,73.1000,71.1800,71.2000,73.1300,17886115,1288676193.0000
2019-03-26,sh.600276,71.9000,72.4800,70.8600,71.5500,71.2000,12969187,929028373.0000
2019-03-27,sh.600276,72.1400,75.5500,72.1400,74.3600,71.5500,34462927,2565770120.0000
2019-03-28,sh.600276,61.6800,65.4500,61.0000,64.6500,61.7800,25554847,1616802811.0000
2019-03-29,sh.600276,63.8800,66.0100,62.6500,65.4200,64.6500,29450544,1909078898.0000
2019-04-01,sh.600276,66.0000,67.9500,65.4600,65.7500,65.4200,26429020,1754741720.0000
2019-04-02,sh.600276,66.0000,66.0100,64.6000,65.2800,65.7500,19915646,1295058656.0000
2019-04-03,sh.600276,65.2500,65.9300,64.9100,65.5800,65.2800,16646506,1089054653.0000
2019-04-04,sh.600276,65.5000,66.2500,64.9000,66.1400,65.5800,17899218,1176540539.0000
2019-04-08,sh.600276,66.5000,66.5000,63.4500,63.9800,66.1400,32009382,2071015606.0000
2019-04-09,sh.600276,63.5300,65.1000,62.6000,64.8200,63.9800,25780062,1650206458.0000
2019-04-10,sh.600276,64.9600,67.0300,64.0100,65.7300,64.8200,32611048,2155237656.0000
2019-04-11,sh.600276,65.7300,66.5000,63.8000,63.9800,65.7300,25021674,1615414722.0000
2019-04-12,sh.600276,64.3000,65.1200,63.5300,64.6200,63.9800,15714009,1014075436.0000
2019-04-15,sh.600276,65.6200,65.9800,63.1300,63.3500,64.6200,19756464,1272570932.0000
2019-04-16,sh.600276,63.3400,64.8600,63.0500,64.8600,63.3500,16408552,1049333006.0000
2019-04-17,sh.600276,65.5000,65.5000,64.2100,64.5300,64.8600,15363146,992365576.0000
2019-04-18,sh.600276,64.7500,64.7500,63.7700,64.1300,64.5300,10178921,651948757.0000
2019-04-19,sh.600276,64.0000,65.0800,63.7800,64.4500,64.1300,12729541,817863068.0000
2019-04-22,sh.600276,64.3000,64.4000,62.0700,62.1400,64.4500,26908168,1690992837.0000
2019-04-23,sh.600276,62.0800,63.5500,62.0100,62.8400,62.1400,19038105,1199614186.0000
2019-04-24,sh.600276,63.2600,63.6900,62.5000,62.8500,62.8400,14705218,926752910.0000
2019-04-25,sh.600276,63.0300,64.8700,62.9000,63.9000,62.8500,26476653,1696778998.0000
2019-04-26,sh.600276,63.0100,63.8100,61.6000,62.3300,63.9000,20322183,1271804440.0000
2019-04-29,sh.600276,62.4800,66.4400,62.4800,65.3200,62.3300,41273997,2687909877.0000
2019-04-30,sh.600276,65.0000,66.3000,64.6400,65.7500,65.3200,19451914,1278547932.0000
2019-05-06,sh.600276,65.0000,65.0000,63.0200,64.2000,65.7500,34803333,2227585847.0000
2019-05-07,sh.600276,64.8000,68.4800,64.5200,66.1400,64.2000,42423209,2816748551.0000
2019-05-08,sh.600276,64.5700,65.6000,64.0000,64.2300,66.1400,23515083,1522504040.0000
2019-05-09,sh.600276,63.7000,64.7500,62.0000,62.5000,64.2300,21181572,1333060291.0000
2019-05-10,sh.600276,63.3800,64.3000,61.3600,64.1200,62.5000,21977416,1397040377.0000
2019-05-13,sh.600276,63.4000,64.7600,62.7100,64.1700,64.1200,13776585,881558985.0000
2019-05-14,sh.600276,63.8400,65.6600,63.0000,63.0300,64.1700,23462721,1500423065.0000
2019-05-15,sh.600276,63.5300,65.4100,63.5100,65.4100,63.0300,30036968,1939243939.0000
2019-05-16,sh.600276,64.8900,65.1800,63.7200,64.2800,65.4100,28426945,1822640912.0000
2019-05-17,sh.600276,63.8000,63.9600,62.6000,62.7600,64.2800,29514841,1860958921.0000
2019-05-20,sh.600276,62.7000,63.4700,59.6600,60.2500,62.7600,31905572,1942498291.0000
2019-05-21,sh.600276,60.2600,61.5500,60.2600,60.8100,60.2500,19241815,1173480643.0000
2019-05-22,sh.600276,60.8000,61.6000,60.1000,61.0600,60.8100,15754121,962597792.0000
2019-05-23,sh.600276,61.0000,61.0000,59.5800,59.6100,61.0600,16112492,968108728.0000
2019-05-24,sh.600276,59.8700,60.7000,59.6500,60.0700,59.6100,11423232,686506529.0000
2019-05-27,sh.600276,60.1500,61.6000,59.0000,61.2000,60.0700,17843323,1077538021.0000
2019-05-28,sh.600276,61.2000,62.6800,61.1100,62.5200,61.2000,24488987,1523737546.0000
2019-05-29,sh.600276,62.0000,62.5700,61.5900,61.9100,62.5200,10688225,663165483.0000
2019-05-30,sh.600276,61.2000,61.9900,60.8200,61.9100,61.9100,11106174,681347757.0000
2019-05-31,sh.600276,62.9000,63.8800,62.1600,62.1600,61.9100,18045708,1136873821.0000
2019-06-03,sh.600276,62.3600,63.5000,62.2600,63.2200,62.1600,19651013,1241401222.0000
2019-06-04,sh.600276,63.3500,63.6800,61.5000,62.0300,63.2200,16246224,1012575691.0000
2019-06-05,sh.600276,62.0000,62.3600,58.8900,59.0000,62.0300,36123665,2160589197.0000
2019-06-06,sh.600276,59.0500,59.3900,57.1800,57.9800,59.0000,24478257,1422542435.0000
2019-06-10,sh.600276,57.9700,59.3700,57.3800,58.6300,57.9800,16498764,966966307.0000
2019-06-11,sh.600276,58.9900,60.3300,58.7100,60.1200,58.6300,23663690,1414923501.0000
2019-06-12,sh.600276,59.9700,60.8300,59.1000,60.3500,60.1200,15829208,951696658.0000
2019-06-13,sh.600276,60.8000,61.7500,60.0000,61.3000,60.3500,15296981,932626294.0000
2019-06-14,sh.600276,61.4000,62.4800,61.0000,61.2800,61.3000,17568821,1085185353.0000
2019-06-17,sh.600276,61.9500,62.4800,61.5000,61.6000,61.2800,13857881,860074449.0000
2019-06-18,sh.600276,62.0000,62.8300,61.8600,62.5900,61.6000,14097498,880646557.0000
2019-06-19,sh.600276,63.6800,65.1100,63.6800,64.3800,62.5900,27449992,1768840440.0000
2019-06-20,sh.600276,64.7000,66.0000,64.0300,65.5100,64.3800,26479412,1727358960.0000
2019-06-21,sh.600276,65.4000,66.6300,65.3400,65.9000,65.5100,19274273,1275485220.0000
2019-06-24,sh.600276,66.4100,66.9500,65.5800,66.0600,65.9000,15776370,1047618782.0000
2019-06-25,sh.600276,66.1300,67.1600,65.0900,66.0300,66.0600,15884665,1049463421.0000
2019-06-26,sh.600276,66.2000,66.9800,65.7000,66.5000,66.0300,13042383,866060090.0000
2019-06-27,sh.600276,66.3400,67.5800,66.3400,66.9000,66.5000,14611595,980522584.0000
2019-06-28,sh.600276,66.9000,66.9000,64.7500,66.0000,66.9000,18928077,1242668470.0000
2019-07-01,sh.600276,67.0000,68.6300,66.9800,68.2300,66.0000,22234793,1512952857.0000
2019-07-02,sh.600276,68.0000,70.4700,67.9000,70.2100,68.2300,29629142,2071546994.0000
2019-07-03,sh.600276,70.0000,70.0000,68.0200,68.3700,70.2100,21941361,1511320722.0000
2019-07-04,sh.600276,68.3700,68.5000,65.7000,66.1100,68.3700,26537594,1762786757.0000
2019-07-05,sh.600276,66.3500,67.9000,66.2500,67.4000,66.1100,16737353,1125450115.0000
2019-07-08,sh.600276,66.6700,67.7800,66.0000,66.5000,67.4000,14792376,987839589.0000
2019-07-09,sh.600276,66.9400,67.4000,66.2700,66.4800,66.5000,10145935,677676401.0000
2019-07-10,sh.600276,67.0600,68.3300,66.6000,67.4100,66.4800,14331436,965978871.0000
2019-07-11,sh.600276,67.7000,67.9500,66.4000,66.6600,67.4100,11491676,772225847.0000
2019-07-12,sh.600276,66.4900,67.3900,66.1000,66.4500,66.6600,11345490,756922765.0000
2019-07-15,sh.600276,66.8900,67.7300,65.5500,67.3800,66.4500,18226099,1220550227.0000
2019-07-16,sh.600276,67.2000,67.5000,66.0500,66.0600,67.3800,12206046,811600651.0000
2019-07-17,sh.600276,66.1100,66.8200,65.2800,66.2400,66.0600,9418783,623307168.0000
2019-07-18,sh.600276,66.1000,66.4300,65.6500,66.0200,66.2400,8908442,587408758.0000
2019-07-19,sh.600276,66.5000,67.0200,65.8500,66.0200,66.0200,14734897,978163695.0000
2019-07-22,sh.600276,65.9900,67.0200,65.3500,66.5400,66.0200,12089706,802851312.0000
2019-07-23,sh.600276,66.5400,66.8100,65.8000,66.0500,66.5400,9537582,631218885.0000
2019-07-24,sh.600276,66.4200,66.9200,66.0600,66.6000,66.0500,10810759,719663019.0000
2019-07-25,sh.600276,66.5900,66.9900,66.4000,66.7200,66.6000,9320285,621290191.0000
2019-07-26,sh.600276,66.4500,67.1600,66.4500,66.8200,66.7200,12043875,803904236.0000
2019-07-29,sh.600276,66.8200,67.4500,66.2000,66.6500,66.8200,10460282,698771813.0000
2019-07-30,sh.600276,66.7500,67.2500,66.6300,66.9600,66.6500,10035062,671404931.0000
2019-07-31,sh.600276,66.4000,66.9900,65.6700,66.9400,66.9600,14649341,974360618.0000
2019-08-01,sh.600276,66.6000,67.3400,66.4800,66.7300,66.9400,10449930,698724689.0000
2019-08-02,sh.600276,65.7300,66.5300,65.1900,66.0400,66.7300,13784917,908743997.0000
2019-08-05,sh.600276,65.7000,65.9900,63.9100,64.1000,66.0400,19605653,1266816835.0000
2019-08-06,sh.600276,63.0000,65.4200,61.8500,64.7400,64.1000,18362952,1172077002.0000
2019-08-07,sh.600276,65.0000,65.9800,64.7000,65.5000,64.7400,13890148,909018094.0000
2019-08-08,sh.600276,65.8800,66.8000,65.8800,66.6600,65.5000,12191276,811105307.0000
2019-08-09,sh.600276,67.0800,67.8100,66.6900,66.8800,66.6600,16416956,1104026910.0000
2019-08-12,sh.600276,66.7300,67.3200,66.6500,67.2500,66.8800,11206331,750860223.0000
2019-08-13,sh.600276,67.2500,67.6400,66.9000,67.0600,67.2500,11763681,790717703.0000
2019-08-14,sh.600276,67.5900,69.4000,67.5900,68.6900,67.0600,24288755,1668055885.0000
2019-08-15,sh.600276,68.0500,69.3000,68.0000,69.0000,68.6900,21533166,1481757643.0000
2019-08-16,sh.600276,69.0000,69.7000,68.3300,69.1200,69.0000,16998720,1175186118.0000
2019-08-19,sh.600276,69.5100,72.1500,69.3000,71.9400,69.1200,24732760,1764894946.0000
2019-08-20,sh.600276,71.9500,72.4500,71.1000,71.9600,71.9400,12914115,925971150.0000
2019-08-21,sh.600276,72.2000,72.3000,70.9600,71.7100,71.9600,10997862,786846293.0000
2019-08-22,sh.600276,72.9900,72.9900,71.2000,71.7300,71.7100,12523042,900585754.0000
2019-08-23,sh.600276,72.5000,77.8000,72.3000,76.6000,71.7300,35286396,2671032042.0000
2019-08-26,sh.600276,76.0600,76.6100,75.1700,75.5500,76.6000,25595206,1940273652.0000
2019-08-27,sh.600276,76.1000,77.7800,75.6000,75.8000,75.5500,29495321,2253521472.0000
2019-08-28,sh.600276,76.0500,77.8300,75.5100,77.1200,75.8000,21912985,1678565061.0000
2019-08-29,sh.600276,76.0300,78.1000,75.7000,76.9400,77.1200,18737278,1439857492.0000
2019-08-30,sh.600276,77.8800,80.5600,77.5000,80.0500,76.9400,28779760,2291276981.0000
2019-09-02,sh.600276,80.4900,80.6800,78.8300,79.6100,80.0500,22096641,1755447525.0000
2019-09-03,sh.600276,79.7300,79.8600,78.0000,78.5000,79.6100,23575389,1850872524.0000
2019-09-04,sh.600276,78.7800,79.4900,77.3100,78.2800,78.5000,18116779,1415418060.0000
2019-09-05,sh.600276,78.7900,78.9600,78.0000,78.4800,78.2800,17726859,1389628869.0000
2019-09-06,sh.600276,79.1400,80.1800,77.8000,80.1100,78.4800,20220556,1604860398.0000
2019-09-09,sh.600276,80.2300,80.2300,78.3300,79.2500,80.1100,18028543,1427326684.0000
2019-09-10,sh.600276,79.5600,81.2500,79.1500,80.5700,79.2500,19532212,1569940990.0000
2019-09-11,sh.600276,80.3500,80.3500,77.3000,78.0900,80.5700,23722886,1856140354.0000
2019-09-12,sh.600276,78.4800,78.9500,77.5800,78.6000,78.0900,12369321,970106267.0000
2019-09-16,sh.600276,79.4000,80.4700,78.5000,79.7600,78.6000,14850111,1184042936.0000
2019-09-17,sh.600276,79.6000,80.3800,78.8200,79.0300,79.7600,11318386,901908825.0000
2019-09-18,sh.600276,79.0000,80.1000,78.6800,79.8100,79.0300,15819986,1258841125.0000
2019-09-19,sh.600276,80.1600,81.3700,79.4700,80.1400,79.8100,17037973,1368763062.0000
2019-09-20,sh.600276,80.1400,83.4400,80.0000,81.5000,80.1400,26180800,2154121094.0000
2019-09-23,sh.600276,82.0400,82.0400,80.5800,81.1000,81.5000,16725703,1358101517.0000
2019-09-24,sh.600276,81.0000,83.3800,80.7500,82.5000,81.1000,21748171,1792244895.0000
2019-09-25,sh.600276,82.1400,83.7800,81.5800,82.8300,82.5000,16940741,1400599942.0000
2019-09-26,sh.600276,83.5000,83.8300,81.0600,81.3100,82.8300,14984018,1232291888.0000
2019-09-27,sh.600276,81.4000,82.0000,80.6600,81.0500,81.3100,12505615,1014729226.0000
2019-09-30,sh.600276,80.8000,82.4000,80.5500,80.6800,81.0500,12338188,1004395888.0000
2019-10-08,sh.600276,80.1200,81.6500,80.1200,80.3500,80.6800,16299010,1314598542.0000
2019-10-09,sh.600276,80.3500,80.3600,77.5700,78.6900,80.3500,22392766,1755019282.0000
2019-10-10,sh.600276,78.7800,83.3700,78.7000,83.0000,78.6900,26356951,2143745265.0000
2019-10-11,sh.600276,83.9000,84.3000,82.6200,83.3900,83.0000,15187150,1263936437.0000
2019-10-14,sh.600276,83.8200,84.9000,82.6800,83.5600,83.3900,19342294,1618096010.0000
2019-10-15,sh.600276,84.1700,85.9500,83.7400,85.2500,83.5600,15496587,1315074838.0000
2019-10-16,sh.600276,85.6000,86.3400,84.2500,85.9700,85.2500,14353529,1227676723.0000
2019-10-17,sh.600276,86.2400,86.8600,84.6000,85.8000,85.9700,12652563,1079264631.0000
2019-10-18,sh.600276,85.8000,85.8800,83.6600,84.2700,85.8000,15606285,1320389345.0000
2019-10-21,sh.600276,84.2600,84.7000,81.8000,82.6100,84.2700,19914870,1648115020.0000
2019-10-22,sh.600276,83.4000,83.8200,82.5300,83.6900,82.6100,10157901,845994622.0000
2019-10-23,sh.600276,83.5000,84.4200,82.5600,82.7800,83.6900,11495770,957241084.0000
2019-10-24,sh.600276,83.2000,83.4800,81.6500,82.7100,82.7800,12117866,995053519.0000
2019-10-25,sh.600276,85.1000,87.5700,85.0700,87.5400,82.7100,41935416,3619006700.0000
2019-10-28,sh.600276,87.3700,91.1500,87.2100,91.0800,87.5400,25188619,2259617357.0000
2019-10-29,sh.600276,90.7900,91.5600,90.1900,90.7600,91.0800,13997271,1272517276.0000
2019-10-30,sh.600276,91.7300,91.7500,89.5500,90.1800,90.7600,14374439,1297919799.0000
2019-10-31,sh.600276,91.0000,92.6600,89.8800,90.8800,90.1800,16923463,1540013972.0000
2019-11-01,sh.600276,90.7200,92.5000,90.4500,92.5000,90.8800,17534764,1606097979.0000
2019-11-04,sh.600276,92.5000,93.0000,91.5500,92.2000,92.5000,17163494,1580146779.0000
2019-11-05,sh.600276,92.0000,92.1600,90.4800,91.3000,92.2000,17647018,1611074098.0000
2019-11-06,sh.600276,91.3500,91.9000,90.5000,91.1900,91.3000,12738308,1160834508.0000
2019-11-07,sh.600276,91.4900,91.8700,90.4100,90.5800,91.1900,15149654,1379075725.0000
2019-11-08,sh.600276,91.5000,92.9200,90.8800,91.3000,90.5800,16278107,1493203887.0000
2019-11-11,sh.600276,90.8100,90.8100,88.0000,88.8800,91.3000,26100377,2327508204.0000
2019-11-12,sh.600276,89.4500,89.9100,88.0900,89.6700,88.8800,15916592,1417002287.0000
2019-11-13,sh.600276,89.5800,92.0000,88.3600,91.3900,89.6700,20985411,1899056795.0000
2019-11-14,sh.600276,92.0000,94.9900,92.0000,94.3300,91.3900,25129668,2368093256.0000
2019-11-15,sh.600276,94.1000,94.6500,92.6900,92.7000,94.3300,14210719,1327257245.0000
2019-11-18,sh.600276,93.7000,93.8500,92.3000,92.9000,92.7000,10851051,1007938283.0000
2019-11-19,sh.600276,92.9000,95.6300,92.7000,95.6300,92.9000,20028328,1893704403.0000
2019-11-20,sh.600276,95.0200,96.4700,94.5100,95.0000,95.6300,15291982,1457346206.0000
2019-11-21,sh.600276,95.0000,95.0000,91.8000,92.6000,95.0000,23938270,2219509074.0000
2019-11-22,sh.600276,93.0000,93.6500,88.0300,88.9800,92.6000,33272090,3000208886.0000
2019-11-25,sh.600276,89.0000,89.4900,86.5800,88.1200,88.9800,22620927,1985651293.0000
2019-11-26,sh.600276,88.8800,90.1000,88.1800,88.9000,88.1200,20479932,1822588353.0000
2019-11-27,sh.600276,88.9100,90.2500,88.1800,89.6500,88.9000,12133230,1083920166.0000
2019-11-28,sh.600276,89.6600,90.1400,88.7900,89.6800,89.6500,9454360,845613348.0000
2019-11-29,sh.600276,89.0000,89.0000,83.7200,85.9000,89.6800,43880613,3766386330.0000
2019-12-02,sh.600276,83.0800,85.4900,83.0400,83.7300,85.9000,26976231,2269166553.0000
2019-12-03,sh.600276,83.4800,84.7800,81.4900,84.5500,83.7300,29512433,2450531380.0000
2019-12-04,sh.600276,84.5000,86.2400,83.7700,85.6500,84.5500,20570877,1756211192.0000
2019-12-05,sh.600276,85.9900,87.2800,85.7300,85.9100,85.6500,16642223,1436901064.0000
2019-12-06,sh.600276,86.4200,87.1300,85.6500,87.1000,85.9100,12956329,1121859506.0000
2019-12-09,sh.600276,87.4000,87.4000,82.9800,83.6200,87.1000,33859768,2847501444.0000
2019-12-10,sh.600276,83.0000,84.6000,82.8800,84.5000,83.6200,19110038,1608843713.0000
2019-12-11,sh.600276,85.2800,85.4000,84.1100,85.0000,84.5000,12515808,1062644168.0000
2019-12-12,sh.600276,85.8400,85.8400,84.3000,85.1000,85.0000,12609934,1073462612.0000
2019-12-13,sh.600276,85.5900,87.0000,85.1100,86.8500,85.1000,21127555,1820039266.0000
2019-12-16,sh.600276,86.7200,86.7900,84.7000,85.2500,86.8500,23949028,2040908636.0000
2019-12-17,sh.600276,85.2200,86.5500,84.0600,86.0400,85.2500,21806343,1864597770.0000
2019-12-18,sh.600276,86.0000,86.0000,84.3300,84.7500,86.0400,23233406,1970320759.0000
2019-12-19,sh.600276,85.1600,85.1600,84.2000,84.8600,84.7500,12841976,1087802709.0000
2019-12-20,sh.600276,85.2000,85.2500,84.3000,84.9000,84.8600,11534201,978635994.0000
2019-12-23,sh.600276,84.9100,85.9200,84.4500,85.2300,84.9000,17404141,1484263548.0000
2019-12-24,sh.600276,84.8900,85.4300,84.4700,84.5000,85.2300,9828295,834170918.0000
2019-12-25,sh.600276,84.1000,84.1600,82.0000,83.3800,84.5000,17064510,1416283775.0000
2019-12-26,sh.600276,83.5000,84.7200,83.4000,84.3800,83.3800,9342398,787103347.0000
2019-12-27,sh.600276,84.0000,85.0800,83.9900,84.3800,84.3800,14271441,1207783000.0000
2019-12-30,sh.600276,84.3000,85.5800,83.2400,85.5000,84.3800,18084666,1536935523.0000
2019-12-31,sh.600276,85.2700,88.1800,85.2700,87.5200,85.5000,22079314,1927149667.0000
2020-01-02,sh.600276,88.0000,88.1000,86.8500,87.6800,87.5200,21080991,1843430819.0000
2020-01-03,sh.600276,88.0200,88.2000,85.7000,85.9500,87.6800,21817779,1888231586.0000
2020-01-06,sh.600276,85.5500,85.7100,83.5500,84.0900,85.9500,29734839,2508527265.0000
2020-01-07,sh.600276,84.1000,85.4300,83.6800,84.8700,84.0900,18940918,1603978430.0000
2020-01-08,sh.600276,84.0300,84.8400,84.0000,84.6800,84.8700,12304171,1038810518.0000
2020-01-09,sh.600276,85.0000,87.2000,84.9700,86.8800,84.6800,26017192,2246442616.0000
2020-01-10,sh.600276,87.4000,88.5000,87.1000,87.5000,86.8800,23256665,2041426812.0000
2020-01-13,sh.600276,88.3800,88.4800,86.5000,87.8400,87.5000,21503704,1878457191.0000
2020-01-14,sh.600276,87.8000,87.8000,86.0800,86.5100,87.8400,21468124,1864841428.0000
2020-01-15,sh.600276,86.6500,87.9500,86.0600,86.9300,86.5100,16496087,1436762675.0000
2020-01-16,sh.600276,87.6400,87.7500,85.6000,86.4400,86.9300,20712394,1785398548.0000
2020-01-17,sh.600276,86.5000,90.6800,86.5000,90.6600,86.4400,52624117,4707819765.0000
2020-01-20,sh.600276,92.7800,93.4800,89.0800,90.1000,90.6600,29352713,2653002810.0000
2020-01-21,sh.600276,90.1000,91.9900,89.8600,90.3700,90.1000,19950939,1809663671.0000
2020-01-22,sh.600276,90.3500,91.1800,89.5100,90.3300,90.3700,16226239,1464485309.0000
2020-01-23,sh.600276,90.0200,90.6000,87.2000,87.9900,90.3300,23701555,2099350021.0000
2020-02-03,sh.600276,80.5800,86.8800,80.4000,85.4600,87.9900,41042008,3455638211.0000
2020-02-04,sh.600276,85.4400,88.0800,83.4600,86.7500,85.4600,32433085,2781000930.0000
2020-02-05,sh.600276,87.0000,88.9700,86.2900,88.9100,86.7500,29675828,2594153242.0000
2020-02-06,sh.600276,89.4500,91.4000,88.2900,90.0900,88.9100,30832480,2772379774.0000
2020-02-07,sh.600276,90.5000,90.6000,87.8400,89.6500,90.0900,22467653,2000843763.0000
2020-02-10,sh.600276,88.7000,88.9000,87.3000,88.5000,89.6500,16548422,1459245759.0000
2020-02-11,sh.600276,89.0000,90.8900,88.5100,90.1500,88.5000,22918742,2068042638.0000
2020-02-12,sh.600276,90.5100,92.9600,90.3000,92.9600,90.1500,24963047,2304729552.0000
2020-02-13,sh.600276,93.2100,93.6400,91.2600,91.4500,92.9600,18521631,1705612843.0000
2020-02-14,sh.600276,91.6500,92.4500,91.0100,91.5500,91.4500,15010325,1377251110.0000
2020-02-17,sh.600276,91.5500,92.7900,91.0500,92.3800,91.5500,16256991,1497322211.0000
2020-02-18,sh.600276,92.3900,93.5500,90.2400,90.6000,92.3800,22754516,2074194351.0000
2020-02-19,sh.600276,90.3900,90.9000,89.3900,89.6800,90.6000,16851331,1515228293.0000
2020-02-20,sh.600276,90.1800,91.0800,89.2500,90.8000,89.6800,16027553,1451548142.0000
2020-02-21,sh.600276,90.3100,90.7000,89.8800,90.2000,90.8000,19334718,1743549903.0000
2020-02-24,sh.600276,89.9700,90.0500,87.5500,88.3800,90.2000,27950756,2473859353.0000
2020-02-25,sh.600276,87.3700,89.9900,87.2000,88.3100,88.3800,23184351,2056139171.0000
2020-02-26,sh.600276,87.9000,87.9900,86.5000,86.6800,88.3100,22998536,2000880351.0000
2020-02-27,sh.600276,87.0000,88.0000,86.3000,87.2100,86.6800,19002179,1655869339.0000
2020-02-28,sh.600276,86.0000,86.5800,83.6600,84.0900,87.2100,26959678,2290273511.0000
2020-03-02,sh.600276,85.0500,86.4100,83.1200,85.2000,84.0900,26989162,2293961247.0000
2020-03-03,sh.600276,86.2600,89.2500,86.2600,88.3400,85.2000,29242999,2585791390.0000
2020-03-04,sh.600276,88.0000,88.1100,86.4000,87.8000,88.3400,15053100,1316422943.0000
2020-03-05,sh.600276,89.6100,92.5000,89.0100,91.7000,87.8000,44192555,4032311153.0000
2020-03-06,sh.600276,92.0000,93.8000,91.7000,92.2500,91.7000,31258261,2902987358.0000
2020-03-09,sh.600276,90.0500,91.3000,88.7900,88.8900,92.2500,32820179,2951425664.0000
2020-03-10,sh.600276,89.2500,91.6000,88.1500,90.6000,88.8900,26284468,2370345097.0000
2020-03-11,sh.600276,91.7900,91.7900,88.8100,89.0300,90.6000,16010243,1436872955.0000
2020-03-12,sh.600276,87.5100,89.0000,86.0000,86.3800,89.0300,25077454,2177872617.0000
2020-03-13,sh.600276,82.2000,86.0000,82.0000,84.7000,86.3800,34967130,2922931307.0000
2020-03-16,sh.600276,85.0000,85.7000,81.5500,82.0500,84.7000,28994095,2414261469.0000
2020-03-17,sh.600276,82.0500,83.9600,79.0800,81.0900,82.0500,27293470,2216055124.0000
2020-03-18,sh.600276,81.2000,84.2600,80.2900,80.6000,81.0900,28389686,2335986719.0000
2020-03-19,sh.600276,80.5000,81.8000,77.1800,79.0000,80.6000,32231088,2538661497.0000
2020-03-20,sh.600276,79.9800,80.9900,78.6600,80.1600,79.0000,24883224,1986863668.0000
2020-03-23,sh.600276,80.0000,83.4900,79.3100,82.3000,80.1600,41520770,3397352302.0000
2020-03-24,sh.600276,83.0400,86.0000,82.8800,85.6600,82.3000,31900549,2710737795.0000
2020-03-25,sh.600276,88.1500,89.9800,86.6100,88.9700,85.6600,31844647,2820988078.0000
2020-03-26,sh.600276,88.9000,91.5000,88.1500,90.2800,88.9700,31770356,2877001105.0000
2020-03-27,sh.600276,91.0500,93.2500,90.0800,90.8900,90.2800,28469859,2609107608.0000
2020-03-30,sh.600276,90.0000,92.4500,88.6800,90.7000,90.8900,25684644,2322353833.0000
2020-03-31,sh.600276,91.1700,92.1800,90.0000,92.0300,90.7000,26304468,2400236989.0000
2020-04-01,sh.600276,91.3800,91.4900,89.2000,90.0000,92.0300,19304498,1744533553.0000
2020-04-02,sh.600276,90.0500,91.9900,89.6200,91.8500,90.0000,18138870,1648761214.0000
2020-04-03,sh.600276,91.8000,95.0000,91.5300,93.7300,91.8500,29210344,2735078003.0000
2020-04-07,sh.600276,94.5000,95.9800,93.5800,95.5000,93.7300,23768403,2257928667.0000
2020-04-08,sh.600276,94.9000,96.5000,94.2300,94.7800,95.5000,16119858,1536416732.0000
2020-04-09,sh.600276,94.7900,97.8000,94.4500,96.7900,94.7800,17708066,1710399981.0000
2020-04-10,sh.600276,96.7800,99.6800,95.9000,96.2100,96.7900,17107628,1670871609.0000
2020-04-13,sh.600276,96.9800,97.3700,95.2800,96.6700,96.2100,9332925,900406333.0000
2020-04-14,sh.600276,97.7200,98.5400,96.0800,98.4900,96.6700,19345508,1889381723.0000
2020-04-15,sh.600276,98.5100,99.5500,96.8800,97.4300,98.4900,14466307,1415306445.0000
2020-04-16,sh.600276,96.1700,97.9200,95.5200,97.4100,97.4300,13984286,1358631624.0000
2020-04-17,sh.600276,97.5500,98.2000,96.3600,96.6000,97.4100,14749545,1432127410.0000
2020-04-20,sh.600276,96.6000,97.5000,96.0100,96.7000,96.6000,12854190,1242369641.0000
2020-04-21,sh.600276,97.0000,97.0200,94.2500,95.3000,96.7000,18320323,1741681263.0000
2020-04-22,sh.600276,95.2900,97.5000,94.1100,97.5000,95.3000,17745049,1708014972.0000
2020-04-23,sh.600276,98.0000,98.7700,95.0000,96.0500,97.5000,19376577,1870197545.0000
2020-04-24,sh.600276,95.9800,95.9900,94.5000,95.2800,96.0500,10850701,1032161869.0000
2020-04-27,sh.600276,95.9000,97.3000,94.2900,96.3500,95.2800,18385978,1769049089.0000
2020-04-28,sh.600276,96.4000,97.0000,95.0500,96.0500,96.3500,22129179,2124684725.0000
2020-04-29,sh.600276,95.5600,96.0000,91.6500,93.3900,96.0500,24102982,2258366953.0000
2020-04-30,sh.600276,93.4000,94.6000,92.4400,93.0000,93.3900,19649746,1838839151.0000
2020-05-06,sh.600276,92.5100,96.4200,92.1000,96.4200,93.0000,26001373,2455778612.0000
2020-05-07,sh.600276,96.5500,97.3300,95.6000,96.6000,96.4200,12458600,1201384790.0000
2020-05-08,sh.600276,96.9600,98.6900,96.4300,97.0500,96.6000,16732086,1633145984.0000
2020-05-11,sh.600276,96.7000,96.7800,93.3900,93.6800,97.0500,32938974,3102541443.0000
2020-05-12,sh.600276,93.6800,95.5300,93.5200,95.4400,93.6800,18285628,1732154239.0000
2020-05-13,sh.600276,95.4400,97.0000,94.1000,95.7000,95.4400,22492009,2144887797.0000
2020-05-14,sh.600276,95.4600,98.0000,94.7000,97.2000,95.7000,22261679,2155706452.0000
2020-05-15,sh.600276,97.8000,98.1500,94.5100,94.8300,97.2000,25366060,2426297766.0000
2020-05-18,sh.600276,94.9500,98.2000,94.1000,97.2000,94.8300,30116321,2909787600.0000
2020-05-19,sh.600276,99.0000,99.9700,97.3100,97.9400,97.2000,18534838,1822548174.0000
2020-05-20,sh.600276,98.5200,99.9700,97.1500,97.9000,97.9400,19324558,1903175329.0000
2020-05-21,sh.600276,98.3000,101.0000,98.0300,99.7400,97.9000,27069881,2696444112.0000
2020-05-22,sh.600276,99.7700,99.8800,95.3800,95.8800,99.7400,28447785,2753874329.0000
2020-05-25,sh.600276,80.6000,81.7300,80.0500,80.9500,79.7100,19936839,1612062894.0000
2020-05-26,sh.600276,80.6500,81.9000,80.2600,81.5000,80.9500,21137100,1715356622.0000
2020-05-27,sh.600276,81.1300,81.1300,78.4100,79.8700,81.5000,31144212,2473825775.0000
2020-05-28,sh.600276,79.7100,79.9300,77.3300,78.5000,79.8700,23191684,1821259569.0000
2020-05-29,sh.600276,78.1000,79.3500,77.8000,78.7000,78.5000,17318968,1364918181.0000
2020-06-01,sh.600276,79.8000,80.8000,79.5900,80.2200,78.7000,26148402,2101270422.0000
2020-06-02,sh.600276,80.2700,80.6000,79.5300,80.4000,80.2200,17609319,1410531585.0000
2020-06-03,sh.600276,80.6600,80.7900,79.9000,80.1700,80.4000,20953771,1681758206.0000
2020-06-04,sh.600276,80.5800,81.2600,79.9100,81.2000,80.1700,20979792,1692441924.0000
2020-06-05,sh.600276,81.2000,82.3200,80.4200,82.3000,81.2000,18578931,1515416333.0000
2020-06-08,sh.600276,82.5200,82.6900,79.6800,80.3000,82.3000,33038299,2666552970.0000
2020-06-09,sh.600276,80.3000,83.0000,80.3000,82.9700,80.3000,35269985,2896055339.0000
2020-06-10,sh.600276,83.0100,85.5000,82.5400,84.5400,82.9700,31912487,2688996821.0000
2020-06-11,sh.600276,84.3500,85.3600,83.5800,84.4600,84.5400,22117862,1868953181.0000
2020-06-12,sh.600276,83.1100,85.8500,83.1100,85.8400,84.4600,23395844,1985845994.0000
2020-06-15,sh.600276,85.1000,86.6000,84.0800,84.2400,85.8400,25478188,2163193926.0000
2020-06-16,sh.600276,85.1000,87.6100,84.5800,87.1400,84.2400,27428615,2370702141.0000
2020-06-17,sh.600276,87.3000,90.0500,87.1500,89.6500,87.1400,33127401,2947855892.0000
2020-06-18,sh.600276,89.6000,89.9600,87.5800,89.3000,89.6500,21487640,1906117604.0000
2020-06-19,sh.600276,89.5000,93.3200,89.3000,92.9800,89.3000,33448503,3084702033.0000
2020-06-22,sh.600276,92.9000,95.4100,92.2000,93.2300,92.9800,29277781,2742046491.0000
2020-06-23,sh.600276,92.2700,94.5000,92.0000,94.5000,93.2300,25453060,2382353716.0000
2020-06-24,sh.600276,94.0000,94.4000,92.0300,92.9500,94.5000,31091258,2883479437.0000
2020-06-29,sh.600276,92.4000,93.4400,91.4000,92.2300,92.9500,27130570,2496861137.0000
2020-06-30,sh.600276,92.8800,93.6000,91.7500,92.3000,92.2300,25766883,2381145837.0000
2020-07-01,sh.600276,92.4000,92.5600,89.3100,91.0500,92.3000,42068046,3806871755.0000
2020-07-02,sh.600276,90.9800,91.7500,90.0000,91.2000,91.0500,34527121,3133501054.0000
2020-07-03,sh.600276,91.3200,92.0000,90.5000,91.8800,91.2000,29910749,2732248764.0000
2020-07-06,sh.600276,92.0000,93.4000,91.1500,93.1300,91.8800,49652811,4586141609.0000
2020-07-07,sh.600276,93.4700,98.2200,92.9500,97.2900,93.1300,47494422,4572860843.0000
2020-07-08,sh.600276,97.9700,99.7600,96.0600,97.0600,97.2900,35871041,3498289572.0000
2020-07-09,sh.600276,97.1000,99.2200,96.6100,98.5100,97.0600,28267464,2775336379.0000
2020-07-10,sh.600276,98.6000,100.4100,98.0500,99.3500,98.5100,29397609,2930401054.0000
2020-07-13,sh.600276,99.5800,100.8800,99.0500,99.8200,99.3500,32371508,3235758046.0000
2020-07-14,sh.600276,99.8000,99.8000,97.0000,98.4300,99.8200,33226294,3260726004.0000
2020-07-15,sh.600276,99.9000,105.0000,99.0600,102.9900,98.4300,47889951,4911463744.0000
2020-07-16,sh.600276,103.3000,104.1600,96.2600,96.3500,102.9900,47557446,4706824226.0000
2020-07-17,sh.600276,95.9100,97.8800,95.0000,96.3300,96.3500,36663152,3529785170.0000
2020-07-20,sh.600276,96.4600,97.5800,94.2200,96.4900,96.3300,25636138,2454392145.0000
2020-07-21,sh.600276,97.4000,99.9800,96.4800,99.3000,96.4900,32418857,3203921896.2900
2020-07-22,sh.600276,98.9900,101.0600,97.4700,99.3700,99.3000,30127609,3007068767.8900
2020-07-23,sh.600276,98.8100,100.8800,98.0000,99.3700,99.3700,34555635,3430336195.8200
2020-07-24,sh.600276,98.1100,98.7900,94.0000,94.7900,99.3700,44416020,4253626820.5000
2020-07-27,sh.600276,94.7800,96.9600,94.4900,95.3900,94.7900,24982911,2383712808.6500
2020-07-28,sh.600276,95.4000,96.2100,94.2000,94.6000,95.3900,28520240,2708493906.5600
2020-07-29,sh.600276,94.2400,96.3800,94.0000,95.8500,94.6000,26603673,2540596894.7200
2020-07-30,sh.600276,95.8600,96.2900,94.6100,94.9700,95.8500,27299645,2602558977.2200
2020-07-31,sh.600276,94.8700,95.4800,91.8400,94.3800,94.9700,56003417,5254218157.3500
2020-08-03,sh.600276,92.7000,93.7400,91.5000,93.2000,94.3800,63997843,5931855418.7400
2020-08-04,sh.600276,93.5000,95.8200,93.4500,93.9800,93.2000,40738507,3857608925.8000
2020-08-05,sh.600276,93.8900,94.1100,92.3900,92.7900,93.9800,38311496,3559444303.8400
2020-08-06,sh.600276,93.0100,93.2900,90.5100,91.0000,92.7900,47749704,4363187157.1900
2020-08-07,sh.600276,91.3000,91.9700,89.5200,91.2000,91.0000,32988293,2987964692.0500
2020-08-10,sh.600276,91.3200,91.5900,89.7300,90.7900,91.2000,28793948,2612249558.1500
2020-08-11,sh.600276,91.4700,93.1200,91.2000,91.7800,90.7900,35084274,3240241662.3600
2020-08-12,sh.600276,91.7800,92.1700,89.0000,90.0100,91.7800,35333873,3175711818.6300
2020-08-13,sh.600276,90.9300,90.9300,88.8000,88.8800,90.0100,26385812,2357707889.1900
2020-08-14,sh.600276,88.9800,89.8000,87.9700,89.5000,88.8800,24237505,2154357299.5100
2020-08-17,sh.600276,89.9800,91.4900,89.1800,90.9000,89.5000,34367679,3104127440.2000
2020-08-18,sh.600276,91.2000,94.6600,91.2000,93.4000,90.9000,44929068,4198792291.5300
2020-08-19,sh.600276,93.8000,94.8600,92.5200,92.7300,93.4000,32770393,3077103786.0000
2020-08-20,sh.600276,92.7300,93.3400,91.2000,91.7000,92.7300,20311418,1869239760.8800
2020-08-21,sh.600276,93.0900,93.6500,90.8000,91.8000,91.7000,20566890,1892059475.8300
2020-08-24,sh.600276,92.9800,93.0000,91.6500,92.4200,91.8000,17743332,1641506973.9100
2020-08-25,sh.600276,92.9900,94.6500,92.8000,93.9900,92.4200,24979223,2347765538.6100
2020-08-26,sh.600276,94.0300,95.9400,93.7000,94.5800,93.9900,26872296,2551454994.7800
2020-08-27,sh.600276,94.5800,94.8800,92.5900,94.1100,94.5800,21309961,1994485346.0400
2020-08-28,sh.600276,93.3000,95.5000,92.9100,95.3900,94.1100,28154810,2663680871.2200
2020-08-31,sh.600276,95.8000,96.5500,94.7100,94.8700,95.3900,27298621,2617730528.4700
2020-09-01,sh.600276,94.4900,95.5500,93.3400,93.9900,94.8700,20966934,1973872645.4800
2020-09-02,sh.600276,95.0000,95.0000,92.6100,94.7000,93.9900,27340726,2571096454.1200
2020-09-03,sh.600276,94.7000,95.8800,93.8800,95.0000,94.7000,19690813,1871630212.3100
2020-09-04,sh.600276,93.8800,94.3000,92.3700,93.5100,95.0000,25446452,2370058028.1600
2020-09-07,sh.600276,93.0000,93.7900,91.5000,91.6000,93.5100,23396558,2161112124.9700
2020-09-08,sh.600276,91.6200,92.8900,91.2000,92.3300,91.6000,20517584,1891551098.0000
2020-09-09,sh.600276,91.5400,92.0700,89.5000,90.3000,92.3300,21080286,1913411105.4400
2020-09-10,sh.600276,91.5000,91.9600,90.3100,90.7400,90.3000,16264843,1482657248.4000
2020-09-11,sh.600276,89.6000,92.2600,89.6000,91.8100,90.7400,18338984,1671006198.6200
2020-09-14,sh.600276,92.1000,92.3800,91.3200,91.3600,91.8100,15482417,1422039461.7100
2020-09-15,sh.600276,91.3000,91.3300,90.0200,91.1000,91.3600,14888131,1351095829.3700
2020-09-16,sh.600276,91.4000,91.9000,89.6000,89.7400,91.1000,19517128,1759609150.7000
2020-09-17,sh.600276,89.0800,89.6400,86.0000,86.2900,89.7400,42304512,3676808556.9900
2020-09-18,sh.600276,86.4000,88.9800,86.2200,88.9800,86.2900,29771727,2604300143.6300
2020-09-21,sh.600276,88.8000,89.4600,87.7500,88.5000,88.9800,16829813,1492692224.4500
2020-09-22,sh.600276,88.0000,90.1000,87.9900,89.3000,88.5000,20494047,1833962324.8400
2020-09-23,sh.600276,89.4500,90.5000,88.8500,89.8400,89.3000,15519478,1395971893.8000
2020-09-24,sh.600276,89.5500,89.5500,87.3000,87.8600,89.8400,17302734,1524073590.2900
2020-09-25,sh.600276,88.3000,88.6200,87.3500,88.4500,87.8600,14111275,1241797263.9300
2020-09-28,sh.600276,88.4900,89.5700,88.1100,88.5800,88.4500,14568491,1293975166.0000
2020-09-29,sh.600276,89.2800,90.4000,88.9000,89.8900,88.5800,17781446,1597437967.9300
2020-09-30,sh.600276,90.3900,91.9800,89.5000,89.8200,89.8900,23431595,2128600261.0100
2020-10-09,sh.600276,92.0000,92.4400,90.8500,91.9500,89.8200,19576069,1796369484.1800
2020-10-12,sh.600276,92.3900,94.3000,92.3800,94.2000,91.9500,24602019,2303160320.1300
2020-10-13,sh.600276,94.2000,94.6900,93.1100,93.7000,94.2000,18696358,1754510426.2700
2020-10-14,sh.600276,93.4900,94.0700,92.7600,93.0000,93.7000,21090034,1967489716.1700
2020-10-15,sh.600276,93.0000,93.6500,92.5600,93.1600,93.0000,17803479,1658769729.8500
2020-10-16,sh.600276,93.9600,94.2000,92.1200,93.1000,93.1600,17650217,1643256678.1400
2020-10-19,sh.600276,93.6800,94.0000,91.1100,91.5200,93.1000,20715934,1913343152.0700
2020-10-20,sh.600276,91.3900,91.5200,89.6600,91.0100,91.5200,22296671,2021368413.0300
2020-10-21,sh.600276,91.0200,91.2000,89.0100,89.5800,91.0100,28833596,2585180268.5900
2020-10-22,sh.600276,89.5400,89.5600,88.5000,89.5600,89.5800,16152915,1438790907.4500
2020-10-23,sh.600276,89.5600,89.8600,88.0800,88.1500,89.5600,14591235,1296443334.8300
2020-10-26,sh.600276,88.1000,89.5400,87.6000,89.1800,88.1500,12543186,1114391280.7700
2020-10-27,sh.600276,89.1600,89.7500,88.3100,89.2300,89.1800,15240954,1360018209.2000
2020-10-28,sh.600276,89.2300,92.0000,88.5100,91.3600,89.2300,26026402,2360524351.5100
2020-10-29,sh.600276,90.6900,92.0000,89.8000,91.0400,91.3600,23852181,2170210898.9400
2020-10-30,sh.600276,91.1600,91.3900,88.3300,88.8400,91.0400,30349103,2707793124.2800
2020-11-02,sh.600276,88.5800,89.5000,87.8000,89.2300,88.8400,21413650,1897108219.9100
2020-11-03,sh.600276,89.4300,90.4300,89.0100,90.1500,89.2300,19629973,1762618071.3400
2020-11-04,sh.600276,90.1900,90.5000,89.5800,90.1700,90.1500,13972554,1258240944.2400
2020-11-05,sh.600276,91.3800,92.2000,90.6600,91.2000,90.1700,18090590,1652154724.5800
2020-11-06,sh.600276,91.7000,91.7900,88.0000,88.8900,91.2000,31976190,2851289083.7700
2020-11-09,sh.600276,89.0800,89.9400,88.6100,89.3700,88.8900,31485323,2809943996.8500
2020-11-10,sh.600276,89.6000,89.8400,87.6700,87.9500,89.3700,30041295,2656505957.0300
2020-11-11,sh.600276,87.9500,87.9500,85.9000,86.1700,87.9500,35104352,3030086197.4400
2020-11-12,sh.600276,86.5000,87.1700,86.2000,86.5500,86.1700,19516210,1693198276.3600
2020-11-13,sh.600276,86.6000,86.7400,85.1800,85.5000,86.5500,29442048,2515636747.0200
2020-11-16,sh.600276,86.1000,86.3500,84.9400,85.6300,85.5000,20385759,1741000257.5400
2020-11-17,sh.600276,85.6400,85.8300,84.9000,85.5300,85.6300,21569611,1840888134.0200
2020-11-18,sh.600276,85.5500,87.2800,85.5500,86.6100,85.5300,24068842,2086505921.8100
2020-11-19,sh.600276,87.0000,87.6000,86.5000,87.3000,86.6100,18016863,1570090301.9100
2020-11-20,sh.600276,87.3000,87.6800,86.6700,86.9100,87.3000,17163436,1494494229.1200
2020-11-23,sh.600276,86.9100,87.0000,85.0000,86.1200,86.9100,32883846,2812155513.7600
2020-11-24,sh.600276,86.1100,87.2100,85.5300,87.1700,86.1200,23837757,2060373704.0300
2020-11-25,sh.600276,87.1700,87.3300,85.9000,86.1300,87.1700,20023759,1731392435.6200
2020-11-26,sh.600276,86.7900,86.9600,85.0900,86.0000,86.1300,15607166,1340917680.5200
2020-11-27,sh.600276,85.8800,86.9900,85.0300,86.9500,86.0000,16213830,1398744579.8500
2020-11-30,sh.600276,86.7000,87.5000,85.9900,85.9900,86.9500,24193447,2096641064.1500
2020-12-01,sh.600276,86.2900,87.8800,86.1500,87.6100,85.9900,24535327,2140841785.2700
2020-12-02,sh.600276,87.8100,87.8800,86.9700,87.5300,87.6100,15966299,1396299716.3800
2020-12-03,sh.600276,87.8000,90.1000,87.6200,89.9900,87.5300,32178913,2876193235.3800
2020-12-04,sh.600276,89.8900,91.5000,89.5000,91.3200,89.9900,30179714,2741646542.6100
2020-12-07,sh.600276,91.7800,91.7800,89.3100,89.8800,91.3200,23991175,2159562314.3800
2020-12-08,sh.600276,90.7600,90.7900,89.7000,90.0700,89.8800,14561320,1313065803.9600
2020-12-09,sh.600276,90.6600,90.6600,88.1300,88.2400,90.0700,22385526,1989629038.0300
2020-12-10,sh.600276,88.0000,89.7000,87.5800,89.0000,88.2400,17235143,1534308953.5000
2020-12-11,sh.600276,89.6000,90.8300,88.6000,89.5000,89.0000,25901207,2326177765.3400
2020-12-14,sh.600276,89.0200,90.3900,88.0300,90.1100,89.5000,17885762,1608695420.6100
2020-12-15,sh.600276,90.1200,97.2900,90.1200,97.0200,90.1100,77154520,7378730118.8600
2020-12-16,sh.600276,97.0800,97.8800,95.5800,97.0100,97.0200,41062517,3982147118.3500
2020-12-17,sh.600276,102.0000,106.7100,101.0100,105.1800,97.0100,90387543,9495304071.8400
2020-12-18,sh.600276,105.8100,107.4500,104.4200,105.6600,105.1800,46382065,4920007083.7700
2020-12-21,sh.600276,105.7500,108.5800,104.8800,107.8600,105.6600,36973577,3961393647.5800
2020-12-22,sh.600276,107.8000,108.9800,106.0000,106.2000,107.8600,28483648,3053487975.3800
2020-12-23,sh.600276,107.3900,108.1500,105.3500,106.0000,106.2000,29896625,3188306595.3400
2020-12-24,sh.600276,106.5000,111.1100,106.1100,108.8000,106.0000,28333437,3099032240.9900
2020-12-25,sh.600276,108.8200,116.5000,108.5000,115.0100,108.8000,32433038,3706407247.3100
2020-12-28,sh.600276,116.0000,116.4500,110.0000,111.0000,115.0100,39434048,4419219610.8400
2020-12-29,sh.600276,111.8200,112.6300,106.0500,108.2800,111.0000,37797534,4096371020.0800
2020-12-30,sh.600276,108.9800,113.3900,108.8000,112.7000,108.2800,36217122,4048968057.3800
2020-12-31,sh.600276,112.5500,112.6600,110.0100,111.4600,112.7000,28156885,3139202856.1300
2021-01-04,sh.600276,111.9900,113.6900,111.0000,111.2000,111.4600,36342265,4072713008.8800
2021-01-05,sh.600276,111.2000,116.6600,111.1900,113.2300,111.2000,41762795,4763614447.2100
2021-01-06,sh.600276,113.2500,115.8700,112.0000,113.7200,113.2300,28370017,3219508645.8400
2021-01-07,sh.600276,114.8600,115.0000,111.8000,115.0000,113.7200,32927605,3720602728.4600
2021-01-08,sh.600276,115.1200,116.8700,112.1500,113.2200,115.0000,30767605,3499188266.5300
2021-01-11,sh.600276,112.3200,114.1500,110.0000,111.3000,113.2200,27201138,3055535865.3800
2021-01-12,sh.600276,111.2900,114.5200,110.0000,114.1000,111.3000,28638791,3236967861.4300
2021-01-13,sh.600276,114.0100,114.4900,111.6200,112.5700,114.1000,23771906,2677656700.2300
2021-01-14,sh.600276,112.5700,112.9300,108.6000,110.1800,112.5700,30041617,3321158495.0400
2021-01-15,sh.600276,111.5000,111.5000,108.0100,109.8300,110.1800,24707098,2712379686.5900
2021-01-18,sh.600276,109.0300,110.3400,107.3900,107.8300,109.8300,23513196,2543706267.5900
2021-01-19,sh.600276,108.5000,108.5000,104.2800,104.9500,107.8300,34814227,3676873517.5400
2021-01-20,sh.600276,105.9000,107.5300,105.0000,105.9700,104.9500,30502727,3235274871.6200
2021-01-21,sh.600276,106.0000,108.8000,105.3800,108.1500,105.9700,38293455,4101405936.6400
2021-01-22,sh.600276,107.9600,113.0000,107.1100,112.6000,108.1500,41130799,4580183779.9000
2021-01-25,sh.600276,112.7800,113.6300,109.5000,111.4500,112.6000,38794449,4327402199.2100
2021-01-26,sh.600276,110.5500,111.2800,106.7500,107.0000,111.4500,33976100,3679207532.1900
2021-01-27,sh.600276,107.7000,108.1800,105.5000,106.6200,107.0000,23027045,2461916682.1800
2021-01-28,sh.600276,106.5500,107.9900,103.3800,104.6600,106.6200,28273748,2965224339.2500
2021-01-29,sh.600276,104.2500,105.1200,101.0100,103.7600,104.6600,32727553,3368922622.7900
2021-02-01,sh.600276,102.4600,104.0900,101.0000,102.5500,103.7600,25076609,2572231369.0600
2021-02-02,sh.600276,103.7100,107.0000,102.0500,106.0000,102.5500,31194628,3291860650.5800
2021-02-03,sh.600276,105.9400,106.9500,104.5200,105.0000,106.0000,21573569,2279848995.1700
2021-02-04,sh.600276,104.0000,104.4000,101.5100,102.8000,105.0000,28548211,2932116080.1500
2021-02-05,sh.600276,103.9500,108.2900,102.5000,107.3000,102.8000,38071174,4059241107.6400
2021-02-08,sh.600276,107.3100,109.3500,105.8500,106.2800,107.3000,37346791,4011442131.3100
2021-02-09,sh.600276,107.7500,110.8200,105.8000,109.7400,106.2800,34134561,3712038166.6700
2021-02-10,sh.600276,109.2000,110.7500,107.1200,109.2000,109.7400,34364524,3755577137.7000
2021-02-18,sh.600276,111.4000,111.4000,104.5000,104.9000,109.2000,45041564,4802022748.3600
2021-02-19,sh.600276,104.5700,105.7800,102.8100,105.1600,104.9000,28656349,2988179675.3000
2021-02-22,sh.600276,106.4000,106.4000,100.0000,100.0100,105.1600,45626045,4647867286.1000
2021-02-23,sh.600276,99.3400,101.9600,99.0000,100.7000,100.0100,25488864,2561642243.1500
2021-02-24,sh.600276,100.9900,101.0000,98.6000,99.7000,100.7000,31780663,3169255795.2000
2021-02-25,sh.600276,100.0000,102.2400,99.1500,101.0500,99.7000,31609719,3175504051.9400
2021-02-26,sh.600276,99.0100,103.6600,99.0100,101.8000,101.0500,34996366,3573877073.4200
2021-03-01,sh.600276,102.8000,102.8000,99.3100,100.3100,101.8000,30533938,3058360107.4100
2021-03-02,sh.600276,100.3100,100.8100,97.5000,98.3500,100.3100,30420574,3009376809.7900
2021-03-03,sh.600276,98.5000,101.4800,97.5400,101.3500,98.3500,26463184,2649105245.2700
2021-03-04,sh.600276,100.1800,101.3500,98.5900,100.5000,101.3500,25083124,2509954478.3600
2021-03-05,sh.600276,98.5200,101.1300,98.4900,100.3000,100.5000,22836325,2277798364.5500
2021-03-08,sh.600276,100.7100,101.5500,91.7000,92.1200,100.3000,46204335,4407903275.6400
2021-03-09,sh.600276,92.8800,94.6900,89.3900,91.7800,92.1200,42965618,3970887713.5700
2021-03-10,sh.600276,93.9900,94.5300,92.5400,93.4000,91.7800,24213415,2265100247.9900
2021-03-11,sh.600276,93.9900,94.8800,92.5000,93.4800,93.4000,27251641,2554052750.2700
2021-03-12,sh.600276,94.5000,95.3000,91.5800,92.1900,93.4800,22917855,2127934278.8300
2021-03-15,sh.600276,91.1300,92.0500,88.5700,89.5900,92.1900,30124408,2702706980.6000
2021-03-16,sh.600276,90.5000,90.7800,88.1000,89.1900,89.5900,24041967,2142583645.3700
2021-03-17,sh.600276,89.2000,89.7600,87.5800,88.6200,89.1900,25086337,2221734363.2600
2021-03-18,sh.600276,89.0100,90.4900,88.3000,89.2100,88.6200,31112751,2776569675.5300
2021-03-19,sh.600276,88.0000,88.9400,87.2000,88.0500,89.2100,22450145,1979612740.2200
2021-03-22,sh.600276,88.0500,90.2900,87.6000,88.1100,88.0500,25482696,2255795600.3100
2021-03-23,sh.600276,87.0600,88.4500,87.0100,87.6500,88.1100,24346543,2130891334.3100
2021-03-24,sh.600276,87.6500,88.2000,85.7500,86.5200,87.6500,20113520,1747979556.2000
2021-03-25,sh.600276,85.7000,87.8700,85.0900,87.2300,86.5200,21735235,1886763645.1200
2021-03-26,sh.600276,87.5900,92.1000,87.3900,91.2200,87.2300,37823439,3422124863.6000
2021-03-29,sh.600276,91.3000,91.9000,90.1300,90.5300,91.2200,24964210,2272148834.5100
2021-03-30,sh.600276,90.3600,93.6800,90.0000,93.6000,90.5300,29635571,2732047808.6100
2021-03-31,sh.600276,93.2100,93.2100,91.0100,92.0900,93.6000,18805139,1730748830.9600
2021-04-01,sh.600276,91.6000,94.5000,91.6000,93.8500,92.0900,19276029,1807448031.5800
2021-04-02,sh.600276,94.0000,94.8400,91.8800,92.6800,93.8500,19798510,1840689780.1500
2021-04-06,sh.600276,92.4000,92.4300,90.6600,90.9000,92.6800,16978496,1546041596.1400
2021-04-07,sh.600276,91.2000,91.3000,89.7400,90.6800,90.9000,16907148,1524879347.2500
2021-04-08,sh.600276,90.3000,92.8500,89.7000,92.4400,90.6800,18476140,1697072602.5400
2021-04-09,sh.600276,93.0000,93.2000,90.5000,91.2000,92.4400,17988909,1640481242.7200
2021-04-12,sh.600276,90.8500,91.9800,88.8800,89.5300,91.2000,21344389,1919193023.6400
2021-04-13,sh.600276,89.3900,90.3000,87.6600,88.9800,89.5300,22380889,1988503417.0000
2021-04-14,sh.600276,89.4500,89.4500,82.2200,85.5200,88.9800,92249094,7812080554.8800
2021-04-15,sh.600276,84.5200,84.5800,82.0600,82.1800,85.5200,59868383,4973531360.1600
2021-04-16,sh.600276,82.3500,82.3500,79.3100,80.6200,82.1800,52880632,4248106020.0800
2021-04-19,sh.600276,80.7000,82.2100,79.5000,82.0900,80.6200,52961773,4297304579.0500
2021-04-20,sh.600276,81.8900,81.8900,79.4000,80.3100,82.0900,74240523,5955990598.8500
2021-04-21,sh.600276,80.1900,83.3600,79.6100,83.1800,80.3100,68809652,5641888383.1300
2021-04-22,sh.600276,82.6800,82.9000,81.8000,82.2000,83.1800,36850361,3026890530.2300
2021-04-23,sh.600276,82.9000,83.9800,82.0000,83.0000,82.2000,46863794,3890314474.8500
2021-04-26,sh.600276,83.1800,84.5700,81.3800,81.5200,83.0000,54247271,4504099657.7300
2021-04-27,sh.600276,81.5400,83.1800,80.8500,83.0500,81.5200,33601174,2772491253.9800
2021-04-28,sh.600276,83.1000,83.3800,81.9000,82.8600,83.0500,27164736,2237534282.4200
2021-04-29,sh.600276,82.9900,83.1000,81.8000,82.3500,82.8600,31753562,2613342979.0500
2021-04-30,sh.600276,83.0000,85.3000,82.4100,84.1000,82.3500,51336941,4313992973.3800
2021-05-06,sh.600276,84.1000,85.3000,82.0100,82.1200,84.1000,42144800,3516693111.1900
2021-05-07,sh.600276,82.1200,82.3500,79.9900,79.9900,82.1200,37105386,2992772699.4500
2021-05-10,sh.600276,79.9000,80.8800,78.0100,80.3300,79.9900,25316123,2018887218.1300
2021-05-11,sh.600276,79.5000,83.8000,79.3500,83.7100,80.3300,38798673,3187696920.3600
2021-05-12,sh.600276,83.6300,83.9400,82.5000,83.1800,83.7100,24346250,2023942844.7100
2021-05-13,sh.600276,82.6200,82.9100,81.1300,81.7300,83.1800,24759101,2022298798.6100
2021-05-14,sh.600276,82.3100,84.2000,81.4100,83.8300,81.7300,34737829,2898254768.3600
2021-05-17,sh.600276,84.4000,86.6500,84.3600,85.3800,83.8300,35822871,3070196387.7900
2021-05-18,sh.600276,85.4000,86.3400,84.5400,85.7300,85.3800,19155165,1634106462.2300
2021-05-19,sh.600276,85.7000,85.7000,84.5000,85.0500,85.7300,16714716,1419469459.9200
2021-05-20,sh.600276,85.1700,85.3400,83.3000,83.7100,85.0500,34717475,2914466328.6600
2021-05-21,sh.600276,84.0500,85.2500,82.0000,82.1700,83.7100,36626620,3052830936.1400
2021-05-24,sh.600276,81.9100,83.3600,80.9000,83.3600,82.1700,27943478,2294658787.8900
2021-05-25,sh.600276,83.3500,86.6600,83.2500,86.2500,83.3600,46445680,3960893277.3400
2021-05-26,sh.600276,87.0800,87.4700,85.6300,86.2900,86.2500,41748843,3603633111.7500
2021-05-27,sh.600276,85.9600,86.9000,85.1400,86.3100,86.2900,32636750,2808456373.3000
2021-05-28,sh.600276,86.8900,87.3200,85.2600,85.8500,86.3100,32128405,2769742232.3600
2021-05-31,sh.600276,85.7000,86.3800,85.0100,86.3000,85.8500,25953725,2225081410.4100
2021-06-01,sh.600276,86.3900,87.5000,85.6000,87.4700,86.3000,39253826,3406034206.2300
2021-06-02,sh.600276,87.5100,87.7500,83.6000,84.3600,87.4700,52429871,4456483943.2600
2021-06-03,sh.600276,83.5300,83.9000,82.5600,82.5800,84.3600,41410338,3441142200.0900
2021-06-04,sh.600276,82.0700,83.4900,81.6900,82.6500,82.5800,33478119,2765748569.8800
2021-06-07,sh.600276,82.5000,82.5300,81.2500,82.4400,82.6500,25301113,2070589227.1800
2021-06-08,sh.600276,82.8500,84.3300,82.6100,82.9800,82.4400,29782918,2480664129.0900
2021-06-09,sh.600276,83.0900,84.5000,83.0900,84.1500,82.9800,25659093,2156957768.8200
2021-06-10,sh.600276,71.0100,75.4600,70.1200,73.0000,69.9600,61779045,4544921867.4800
2021-06-11,sh.600276,73.1000,73.4500,71.1000,72.9600,73.0000,44820874,3227502819.4500
2021-06-15,sh.600276,72.9600,74.1500,71.5500,71.8800,72.9600,43843803,3177815767.8600
2021-06-16,sh.600276,71.8800,72.4000,70.5000,70.8100,71.8800,28037761,1991163807.9600
2021-06-17,sh.600276,70.8400,71.2900,70.1600,71.1500,70.8100,23354801,1653726264.3800
2021-06-18,sh.600276,71.5000,72.4500,70.8300,71.4400,71.1500,31060655,2222493325.7400
2021-06-21,sh.600276,71.2000,71.2000,69.1100,69.5100,71.4400,45286231,3169713381.6600
2021-06-22,sh.600276,69.5100,70.4900,69.0000,70.4800,69.5100,43612983,3040863642.1000
2021-06-23,sh.600276,70.5700,72.4600,70.5500,71.1500,70.4800,57215569,4081587083.2700
2021-06-24,sh.600276,69.9900,69.9900,67.8700,68.0000,71.1500,77212794,5274271876.6500
2021-06-25,sh.600276,67.6700,68.4400,66.9800,68.0600,68.0000,53724003,3623945403.0900
2021-06-28,sh.600276,68.0600,68.6000,67.5000,68.6000,68.0600,41106770,2796214014.8500
2021-06-29,sh.600276,68.6100,68.8200,67.8100,68.2000,68.6000,30062702,2052623671.9300
2021-06-30,sh.600276,68.2500,68.7000,67.9000,67.9700,68.2000,26682514,1817637464.3900
2021-07-01,sh.600276,68.0000,70.8000,67.7500,69.6900,67.9700,49410176,3416187491.3600
2021-07-02,sh.600276,69.0300,69.2900,66.8500,66.9100,69.6900,53131555,3589629267.6800
2021-07-05,sh.600276,66.6600,66.6600,62.3200,62.9500,66.9100,79501891,5093697132.4400
2021-07-06,sh.600276,62.6000,62.6000,60.8300,62.0600,62.9500,65591779,4031806403.9900
2021-07-07,sh.600276,62.2900,63.4900,62.2600,62.4500,62.0600,42130978,2645435620.1700
2021-07-08,sh.600276,62.4600,62.8800,61.1700,61.3700,62.4500,37669299,2325415956.4000
2021-07-09,sh.600276,61.0200,62.3200,60.9000,62.1000,61.3700,31713965,1956917068.1200
2021-07-12,sh.600276,63.5000,64.5000,62.9900,63.1200,62.1000,59986695,3823509581.1600
2021-07-13,sh.600276,63.1200,63.4100,61.7600,61.9400,63.1200,38145468,2377792671.6400
2021-07-14,sh.600276,61.7000,61.8000,60.0000,60.1100,61.9400,67679871,4079611626.3600
2021-07-15,sh.600276,59.8000,60.2900,58.3800,60.2700,60.1100,64806122,3835157908.0400
2021-07-16,sh.600276,60.2700,60.2700,59.0000,60.1000,60.2700,45006736,2675282712.5000
2021-07-19,sh.600276,59.8400,61.0000,59.0100,60.9600,60.1000,50233330,3006391944.5300
2021-07-20,sh.600276,60.8500,63.1800,60.5000,63.1800,60.9600,79808081,4984495029.0100
2021-07-21,sh.600276,64.0000,64.4700,62.6600,62.9800,63.1800,55457124,3519441511.4000
2021-07-22,sh.600276,62.9600,62.9600,61.2700,61.2800,62.9800,47000640,2899861917.0900
2021-07-23,sh.600276,61.1900,61.8500,60.2300,61.4900,61.2800,36112011,2206411057.6000
2021-07-26,sh.600276,61.3000,61.3000,58.5900,59.2200,61.4900,46401001,2770651170.0700
2021-07-27,sh.600276,59.2100,59.5800,54.1100,54.5000,59.2200,81094644,4581066032.2100
2021-07-28,sh.600276,53.9700,56.2700,53.6000,55.9100,54.5000,52392023,2891590652.3100
2021-07-29,sh.600276,57.6000,57.9000,54.6700,55.1100,55.9100,53012507,2953856785.7100
2021-07-30,sh.600276,54.5800,54.8800,53.0000,54.3800,55.1100,48423569,2613309578.1700
2021-08-02,sh.600276,53.9800,56.2500,52.2500,55.2500,54.3800,60414095,3276024089.1100
2021-08-03,sh.600276,55.1100,57.4000,54.6000,57.4000,55.2500,54998221,3100529848.1900
2021-08-04,sh.600276,57.6000,57.7700,55.8000,56.3300,57.4000,47326782,2662303075.4300
2021-08-05,sh.600276,56.3400,57.4800,55.4900,55.8000,56.3300,38578877,2183301490.7000
2021-08-06,sh.600276,55.5000,55.5400,54.2800,54.8000,55.8000,34743825,1898761300.0300
2021-08-09,sh.600276,54.5000,57.9200,54.2600,56.9200,54.8000,53900047,3048950740.9200
2021-08-10,sh.600276,57.0900,57.8000,55.7400,57.7400,56.9200,56306095,3200866126.9600
2021-08-11,sh.600276,57.2000,58.3700,56.7700,56.8900,57.7400,39412559,2257552048.5200
2021-08-12,sh.600276,56.5300,57.6700,55.6200,55.8000,56.8900,40083644,2260257999.7900
2021-08-13,sh.600276,55.5600,56.6500,55.2800,56.5300,55.8000,33859164,1904307299.7500
2021-08-16,sh.600276,56.5300,57.1000,56.0500,56.4700,56.5300,25064484,1418005605.4400
2021-08-17,sh.600276,56.2000,56.4300,54.6500,54.7500,56.4700,36297864,2010145944.0700
2021-08-18,sh.600276,54.8200,55.2100,53.7600,54.9900,54.7500,33002061,1799750670.4500
2021-08-19,sh.600276,54.6600,55.4600,53.7800,53.8400,54.9900,33210110,1808649296.1200
2021-08-20,sh.600276,50.0000,50.3200,48.4600,48.4600,53.8400,140676443,6858016623.6100
2021-08-23,sh.600276,47.5500,48.2000,45.5000,47.1800,48.4600,134200961,6276592761.4900
2021-08-24,sh.600276,46.9100,48.1600,46.1000,47.2000,47.1800,97395100,4578425409.8400
2021-08-25,sh.600276,47.2100,48.1100,46.7100,47.4100,47.2000,63107053,2990920446.7300
2021-08-26,sh.600276,47.0100,47.1000,45.2500,45.3100,47.4100,80436521,3686107651.7600
2021-08-27,sh.600276,45.5000,46.9000,45.4900,46.0500,45.3100,53830432,2486358727.3000
2021-08-30,sh.600276,45.8200,46.2800,45.2600,45.6000,46.0500,44456861,2025406946.6100
2021-08-31,sh.600276,45.4500,46.1400,44.3300,45.2000,45.6000,49574185,2237371941.2500
2021-09-01,sh.600276,45.4000,47.2000,44.9200,46.5900,45.2000,73127061,3380043295.6900
2021-09-02,sh.600276,46.6000,46.6000,45.5000,45.8600,46.5900,46575210,2135153562.6200
2021-09-03,sh.600276,45.3200,46.8400,45.0500,46.1000,45.8600,46235755,2132747684.5200
2021-09-06,sh.600276,46.1900,48.8900,46.1900,48.1000,46.1000,86663569,4132165374.7600
2021-09-07,sh.600276,48.1000,48.3300,47.1800,48.0800,48.1000,48897172,2333419067.2000
2021-09-08,sh.600276,48.0800,48.3200,47.6000,47.7500,48.0800,33106871,1584289689.5700
2021-09-09,sh.600276,47.7200,48.1600,47.3000,47.4400,47.7500,30166033,1435010677.7900
2021-09-10,sh.600276,47.4000,47.9500,47.0900,47.4500,47.4400,33788585,1602166126.8000
2021-09-13,sh.600276,47.4500,47.9400,46.5000,46.7500,47.4500,40587103,1912968153.3300
2021-09-14,sh.600276,46.7700,47.5200,46.7300,46.8000,46.7500,48735457,2293151060.1400
2021-09-15,sh.600276,46.6800,46.7100,45.5000,45.7200,46.8000,44832955,2056689111.4100
2021-09-16,sh.600276,45.9000,46.4500,45.3800,46.1500,45.7200,55890581,2563361939.3000
2021-09-17,sh.600276,45.8300,47.6000,45.7000,46.9500,46.1500,63532750,2968608404.5200
2021-09-22,sh.600276,46.9500,48.1500,46.6100,47.9000,46.9500,58051309,2758986265.8000
2021-09-23,sh.600276,48.0000,48.7900,47.2800,47.7900,47.9000,58686781,2817437482.8000
2021-09-24,sh.600276,47.7000,50.1000,47.5500,49.8000,47.7900,92719699,4591907051.4400
2021-09-27,sh.600276,49.8400,52.1600,49.2000,50.7500,49.8000,88159053,4483165536.6000
2021-09-28,sh.600276,51.5000,51.5000,49.3300,50.3900,50.7500,54276640,2718214267.1100
2021-09-29,sh.600276,49.9000,50.4400,48.7600,49.9200,50.3900,48439125,2403983221.2600
2021-09-30,sh.600276,49.9400,50.6300,49.4400,50.2300,49.9200,41122129,2066473091.3100
2021-10-08,sh.600276,50.8600,54.7200,50.0800,54.1900,50.2300,112430883,5960888355.2500
2021-10-11,sh.600276,54.1900,55.5400,53.0100,53.6100,54.1900,73990926,3991927767.9400
2021-10-12,sh.600276,53.7500,54.7000,53.1000,53.8000,53.6100,54972050,2964962229.6800
2021-10-13,sh.600276,53.5500,53.5500,51.5500,52.9500,53.8000,60765613,3188382884.5300
2021-10-14,sh.600276,52.4500,52.6900,51.0600,51.0600,52.9500,56168508,2894632514.7700
2021-10-15,sh.600276,50.4000,51.3700,49.7400,50.0500,51.0600,56981151,2873134533.9600
2021-10-18,sh.600276,49.7400,50.0000,48.5300,49.1000,50.0500,51512546,2522939155.7800
2021-10-19,sh.600276,48.7400,50.7400,48.6600,49.6100,49.1000,52117489,2600860189.4200
2021-10-20,sh.600276,49.0000,51.8900,47.8000,51.5800,49.6100,96591664,4832594860.2200
2021-10-21,sh.600276,50.9600,51.3200,50.3700,50.5000,51.5800,43741124,2217575678.9000
2021-10-22,sh.600276,50.6100,51.8600,50.4100,51.3000,50.5000,46196186,2366555936.7200
2021-10-25,sh.600276,51.0000,52.3000,50.8000,51.2100,51.3000,45992167,2365503029.8000
2021-10-26,sh.600276,51.2600,51.3900,49.4000,49.4000,51.2100,63857332,3191722745.7400
2021-10-27,sh.600276,49.3000,49.8700,48.6800,49.0600,49.4000,34107124,1679520648.4500
2021-10-28,sh.600276,48.5600,50.1500,48.4800,48.7600,49.0600,44555441,2192740599.4500
2021-10-29,sh.600276,48.5000,49.8800,48.5000,49.2400,48.7600,42747645,2109798466.8200
2021-11-01,sh.600276,49.0200,50.1000,48.5500,49.8000,49.2400,48770163,2405113964.6900
2021-11-02,sh.600276,49.5100,50.2800,48.0000,48.5000,49.8000,48022525,2360199324.0200
2021-11-03,sh.600276,48.5100,50.1800,48.5100,49.1200,48.5000,41553719,2050267690.8000
2021-11-04,sh.600276,49.2500,51.8000,49.0000,51.2100,49.1200,82335021,4189625772.2900
2021-11-05,sh.600276,51.2500,53.6800,51.2200,51.8100,51.2100,92066228,4838454314.0000
2021-11-08,sh.600276,52.0000,52.2300,49.5000,49.6200,51.8100,82690286,4150966639.5000
2021-11-09,sh.600276,49.6800,50.3800,49.5000,49.8100,49.6200,37359483,1865246454.5200
2021-11-10,sh.600276,49.8100,54.5000,49.7000,53.7300,49.8100,137161202,7216853531.2200
2021-11-11,sh.600276,53.5000,53.7900,52.5600,53.0000,53.7300,77586965,4111710411.6500
2021-11-12,sh.600276,53.0500,53.4500,52.0100,52.5500,53.0000,44342847,2336050941.9700
2021-11-15,sh.600276,52.5700,53.9500,52.3900,53.3700,52.5500,59007205,3142645540.3800
2021-11-16,sh.600276,53.4000,54.9700,53.3700,54.3500,53.3700,67674990,3675390139.8500
2021-11-17,sh.600276,54.5000,55.1500,53.7800,53.9200,54.3500,52225240,2832198105.3500
2021-11-18,sh.600276,53.5000,53.5800,51.6000,51.7800,53.9200,69615884,3631499024.5900
2021-11-19,sh.600276,51.3200,52.2200,51.2400,51.9900,51.7800,36658638,1898746327.0700
2021-11-22,sh.600276,52.5900,53.1700,51.8500,52.0200,51.9900,43102616,2252992615.4300
2021-11-23,sh.600276,51.8100,52.4500,51.6100,52.0800,52.0200,29804426,1547512997.6400
2021-11-24,sh.600276,51.9500,52.2000,51.5000,51.8800,52.0800,30130630,1562921149.1900
2021-11-25,sh.600276,51.9000,53.1000,51.6300,52.9900,51.8800,47393926,2488862273.3300
2021-11-26,sh.600276,53.1800,53.2000,52.2500,52.3500,52.9900,42166255,2219333939.8600
2021-11-29,sh.600276,52.3800,53.1900,50.8300,51.0900,52.3500,56636357,2926758472.8000
2021-11-30,sh.600276,50.6500,51.1000,50.0600,50.1700,51.0900,48299412,2432124869.1300
2021-12-01,sh.600276,50.1800,50.6500,49.7100,50.5000,50.1700,32040992,1608598523.1900
2021-12-02,sh.600276,49.9300,49.9300,49.0200,49.0600,50.5000,52400722,2587430783.0500
2021-12-03,sh.600276,49.0300,49.4200,48.8800,49.2000,49.0600,38878252,1906744461.8500
2021-12-06,sh.600276,49.2000,49.8000,49.1900,49.2800,49.2000,36211477,1790176212.0300
2021-12-07,sh.600276,49.6800,50.2800,49.2900,50.1800,49.2800,41526486,2072751941.7200
2021-12-08,sh.600276,50.1900,50.3800,49.4000,50.3600,50.1800,33428958,1672764830.8800
2021-12-09,sh.600276,50.4000,51.6100,50.0100,51.3900,50.3600,57603892,2943428264.0800
2021-12-10,sh.600276,51.0100,51.6800,50.9100,51.2600,51.3900,39611804,2026831790.3700
2021-12-13,sh.600276,51.4900,52.0000,50.8800,51.0000,51.2600,44410587,2282691515.8500
2021-12-14,sh.600276,50.6500,51.4800,50.6200,51.0000,51.0000,30930105,1579648076.5400
2021-12-15,sh.600276,50.6700,51.0000,49.5600,50.0000,51.0000,42367271,2128092496.6800
2021-12-16,sh.600276,49.7000,50.3000,49.3300,50.2300,50.0000,31714685,1584599546.3100
2021-12-17,sh.600276,50.2800,50.4900,49.7800,49.7800,50.2300,26485999,1324231761.5500
2021-12-20,sh.600276,49.4500,50.4500,49.3600,49.8800,49.7800,25147077,1256799948.0300
2021-12-21,sh.600276,49.4700,50.1800,49.4600,50.0400,49.8800,22340217,1117217041.1800
2021-12-22,sh.600276,50.0000,50.0900,49.5600,49.6600,50.0400,25101230,1249818863.6300
2021-12-23,sh.600276,49.7100,49.9000,49.2000,49.4100,49.6600,25486648,1261839061.5200
2021-12-24,sh.600276,49.3000,50.3300,49.2500,50.1200,49.4100,33045803,1650578672.1900
2021-12-27,sh.600276,50.1200,50.5000,49.9000,50.4100,50.1200,26823576,1345667368.1700
2021-12-28,sh.600276,50.4100,50.7700,49.9200,50.1700,50.4100,27750953,1392384203.3400
2021-12-29,sh.600276,50.1700,50.1700,49.6300,49.7200,50.1700,21495080,1070424586.6700
2021-12-30,sh.600276,49.7400,50.4600,49.4300,50.0100,49.7200,28588126,1428754168.4600
2021-12-31,sh.600276,50.2000,50.9800,49.9900,50.7100,50.0100,37903619,1916624424.0800
2022-01-04,sh.600276,50.7800,50.9600,49.8400,50.3900,50.7100,37558099,1888484348.9300
2022-01-05,sh.600276,50.3400,51.5200,49.8900,50.9200,50.3900,46626520,2364178390.2100
2022-01-06,sh.600276,50.9300,51.4800,50.0000,50.1100,50.9200,44394613,2237642571.9300
2022-01-07,sh.600276,50.1200,51.4800,49.8100,50.8800,50.1100,48377382,2458510184.7400
2022-01-10,sh.600276,50.9000,51.4800,50.2000,51.1200,50.8800,39354201,2007381521.3500
2022-01-11,sh.600276,50.6100,50.8000,50.0100,50.1800,51.1200,37017198,1864009275.1000
2022-01-12,sh.600276,50.2300,50.4000,49.4600,49.5900,50.1800,51661589,2571709570.9500
2022-01-13,sh.600276,49.4900,49.5700,47.0100,47.4800,49.5900,91049534,4386484344.9700
2022-01-14,sh.600276,47.0000,47.4300,46.5800,46.6500,47.4800,49316842,2312333394.8600
2022-01-17,sh.600276,46.6600,46.8800,46.0600,46.4100,46.6500,39411435,1823738250.6700
2022-01-18,sh.600276,46.4100,46.5000,46.0000,46.2100,46.4100,35422094,1635215749.9500
2022-01-19,sh.600276,46.1000,46.3800,45.2900,45.7300,46.2100,41324758,1896409295.0900
2022-01-20,sh.600276,45.6500,46.1000,45.5800,45.6900,45.7300,35022531,1602248251.3300
2022-01-21,sh.600276,45.7000,45.8800,44.5000,44.9400,45.6900,44690111,2006159059.1000
2022-01-24,sh.600276,44.5000,44.9300,43.2800,43.2900,44.9400,64881390,2842696792.7900
2022-01-25,sh.600276,43.1000,43.7800,42.6700,42.8200,43.2900,40394976,1745560670.4200
2022-01-26,sh.600276,43.1400,43.2800,42.0400,42.0900,42.8200,37931518,1612771176.4800
2022-01-27,sh.600276,42.0900,42.2700,41.0100,41.0900,42.0900,46565830,1935136843.8200
2022-01-28,sh.600276,41.0900,41.5500,40.8800,40.9500,41.0900,34936921,1440188010.4800
2022-02-07,sh.600276,41.4600,41.6500,41.0300,41.1400,40.9500,31371384,1296168803.2400
2022-02-08,sh.600276,41.1400,41.7700,40.7000,41.7200,41.1400,31068155,1283466065.7600
2022-02-09,sh.600276,41.7000,42.1400,41.5800,42.0100,41.7200,32053783,1342822006.1300
2022-02-10,sh.600276,42.1100,42.1100,41.3400,41.5700,42.0100,25644223,1067112309.2300
2022-02-11,sh.600276,41.3500,41.5000,40.5800,41.2600,41.5700,37166244,1526796360.7800
2022-02-14,sh.600276,41.0000,41.2200,39.7000,39.7500,41.2600,53708185,2162387199.5600
2022-02-15,sh.600276,39.7500,41.3600,39.6000,41.2000,39.7500,64533024,2630811777.1000
2022-02-16,sh.600276,41.0000,41.0800,40.4000,40.5700,41.2000,48305457,1962479501.3500
2022-02-17,sh.600276,40.5800,40.8700,40.4100,40.6100,40.5700,27164921,1104067990.0000
2022-02-18,sh.600276,40.2100,41.0800,40.0400,40.9600,40.6100,32142190,1307024472.9800
2022-02-21,sh.600276,40.8000,41.1500,40.6000,40.9300,40.9600,25357956,1035019827.0200
2022-02-22,sh.600276,40.9300,40.9300,40.0100,40.1100,40.9300,32138660,1291738284.2900
2022-02-23,sh.600276,40.2500,40.9400,40.1800,40.9000,40.1100,33611766,1365148882.2900
2022-02-24,sh.600276,40.6700,40.7400,39.3300,39.6800,40.9000,55965819,2238371832.5700
2022-02-25,sh.600276,39.8900,41.1800,39.8700,40.1100,39.6800,53627857,2166885497.4300
2022-02-28,sh.600276,40.1200,40.4400,39.8000,40.0800,40.1100,31926340,1279675440.0000
2022-03-01,sh.600276,40.0800,41.2900,40.0800,41.0600,40.0800,54467042,2225294400.0000
2022-03-02,sh.600276,40.8300,40.8300,40.4200,40.6100,41.0600,27758955,1125487360.0000
2022-03-03,sh.600276,40.7700,40.8500,40.1000,40.1500,40.6100,28509153,1148449840.0000
2022-03-04,sh.600276,39.8000,40.3300,39.5100,39.7800,40.1500,32260730,1285642432.0000
2022-03-07,sh.600276,39.4000,39.5000,37.4600,37.5500,39.7800,69311821,2630507632.0000
2022-03-08,sh.600276,37.6300,37.8500,36.5100,36.6800,37.5500,47570733,1766240384.0000
2022-03-09,sh.600276,36.8000,37.0400,34.7000,36.0400,36.6800,55880042,2008901472.0000
2022-03-10,sh.600276,36.8000,37.1000,36.1000,36.1700,36.0400,45915501,1677358432.0000
2022-03-11,sh.600276,35.4300,37.6700,35.2300,37.6200,36.1700,70909883,2612620912.0000
2022-03-14,sh.600276,37.7800,38.8900,37.4000,37.4000,37.6200,67936056,2583986080.0000
2022-03-15,sh.600276,36.9600,38.0000,36.0000,36.1300,37.4000,57855569,2140443280.0000
2022-03-16,sh.600276,36.6500,37.0000,34.8000,36.7400,36.1300,68026140,2444375840.0000
2022-03-17,sh.600276,37.1000,38.2200,36.8400,37.4200,36.7400,77190522,2899634544.0000
2022-03-18,sh.600276,37.0300,37.6000,36.8000,37.5000,37.4200,56052304,2089064225.1800
2022-03-21,sh.600276,37.6500,37.8800,36.8000,37.3000,37.5000,50742401,1889540504.5600
2022-03-22,sh.600276,37.3000,37.6500,36.9000,36.9400,37.3000,28588195,1060452475.5600
2022-03-23,sh.600276,37.1000,37.8300,36.5600,37.3600,36.9400,49846281,1856684783.0800
2022-03-24,sh.600276,36.9900,37.8600,36.6300,37.6400,37.3600,57564842,2151785491.3200
2022-03-25,sh.600276,37.4300,37.6500,36.3500,36.3700,37.6400,53161448,1962057129.3700
2022-03-28,sh.600276,35.9000,36.1600,35.5000,35.9000,36.3700,32210268,1155486442.9500
2022-03-29,sh.600276,35.9000,36.3600,35.6600,35.9200,35.9000,27391297,987709143.5000
2022-03-30,sh.600276,36.1700,37.4200,35.7000,37.4200,35.9200,58491887,2152907565.5700
2022-03-31,sh.600276,37.1400,37.4100,36.7300,36.8200,37.4200,40177028,1487363641.1600
2022-04-01,sh.600276,36.6000,37.0700,36.0700,36.7800,36.8200,37443074,1370014577.2900
2022-04-06,sh.600276,36.7800,37.2900,36.1100,36.2500,36.7800,43128708,1578928613.7900
2022-04-07,sh.600276,36.2800,36.4900,35.3000,35.3200,36.2500,39544602,1415977366.8400
2022-04-08,sh.600276,35.0900,35.2700,33.7200,33.9300,35.3200,72302050,2472620995.1300
2022-04-11,sh.600276,33.6100,33.8500,32.7000,32.8000,33.9300,57015653,1890034295.1900
2022-04-12,sh.600276,32.7900,33.8000,32.2900,33.6700,32.8000,59154910,1953807800.5100
2022-04-13,sh.600276,33.3700,34.1500,33.2200,33.6400,33.6700,36837657,1240858461.9600
2022-04-14,sh.600276,33.6100,34.3900,33.6000,33.8200,33.6400,30884478,1049640273.1300
2022-04-15,sh.600276,33.8000,34.4500,33.6400,34.0900,33.8200,33295778,1136145008.0300
2022-04-18,sh.600276,33.9000,33.9600,33.3400,33.9600,34.0900,22362702,752971126.2000
2022-04-19,sh.600276,33.8200,34.3500,32.9200,33.1100,33.9600,40355756,1352366931.9900
2022-04-20,sh.600276,33.3000,35.1700,33.2100,34.3200,33.1100,75469579,2593993618.4500
2022-04-21,sh.600276,34.2000,34.6000,32.9200,33.1700,34.3200,47158907,1595108818.9400
2022-04-22,sh.600276,32.9600,33.6000,31.6100,33.0000,33.1700,45291438,1476474295.3100
2022-04-25,sh.600276,30.1500,30.7900,29.7000,29.7000,33.0000,103961707,3110633027.7700
2022-04-26,sh.600276,29.0000,29.0300,27.6800,27.7400,29.7000,108285815,3058649159.0800
2022-04-27,sh.600276,27.0100,28.1600,27.0000,28.0600,27.7400,70800384,1962999084.4200
2022-04-28,sh.600276,27.9600,28.7200,27.8000,28.4500,28.0600,57221982,1622101986.6100
2022-04-29,sh.600276,28.4400,29.6900,28.3700,29.4800,28.4500,57047871,1663750489.8000
2022-05-05,sh.600276,29.4700,30.0700,29.2200,29.6800,29.4800,46188213,1371251000.5500
2022-05-06,sh.600276,29.1000,29.9500,29.0100,29.3400,29.6800,30703506,903735076.9800
2022-05-09,sh.600276,29.4200,29.6700,29.1200,29.3000,29.3400,20167425,592745761.2800
2022-05-10,sh.600276,28.5100,29.6000,28.2500,29.3900,29.3000,38485915,1116464433.3900
2022-05-11,sh.600276,29.4000,30.8000,29.4000,29.9500,29.3900,57337252,1736999002.0700
2022-05-12,sh.600276,29.7600,30.2700,29.7000,30.0300,29.9500,25754613,773784088.6100
2022-05-13,sh.600276,30.8200,30.9000,29.8000,29.9800,30.0300,33940652,1025971942.7200
2022-05-16,sh.600276,30.2800,30.5200,29.3700,29.4300,29.9800,34003837,1012740477.7500
2022-05-17,sh.600276,29.6000,29.7800,29.2000,29.4600,29.4300,24848083,731592076.1900
2022-05-18,sh.600276,29.5600,29.7000,29.2500,29.3800,29.4600,24016408,706870577.6700
2022-05-19,sh.600276,29.0400,29.3600,28.8800,29.2500,29.3800,23759665,691461477.2200
2022-05-20,sh.600276,29.5500,30.3500,29.5000,30.2400,29.2500,51871653,1559577735.3700
2022-05-23,sh.600276,30.4800,30.5500,29.9600,30.1000,30.2400,29397007,885797220.2900
2022-05-24,sh.600276,30.0800,30.1000,28.5200,28.6100,30.1000,58591864,1713745146.9300
2022-05-25,sh.600276,28.7000,28.9600,28.5000,28.9300,28.6100,32155012,926139634.3000
2022-05-26,sh.600276,28.9800,29.4600,28.5600,29.0400,28.9300,37868062,1097434046.3000
2022-05-27,sh.600276,29.5000,30.3600,29.3600,29.7800,29.0400,76123100,2285393465.7800
2022-05-30,sh.600276,29.8300,30.0500,29.4600,29.7100,29.7800,38684402,1152252023.7600
2022-05-31,sh.600276,29.5000,30.4000,29.3500,30.3200,29.7100,56494051,1693806563.7000
2022-06-01,sh.600276,30.3300,30.4500,29.8100,29.9800,30.3200,36527466,1097750078.9100
2022-06-02,sh.600276,29.9200,29.9300,29.4500,29.8400,29.9800,34885911,1035131181.6000
2022-06-06,sh.600276,29.7600,30.6700,29.7200,30.5300,29.8400,55250628,1670869624.6600
2022-06-07,sh.600276,30.7100,31.6500,30.4600,31.1900,30.5300,76249975,2369006964.0200
2022-06-08,sh.600276,31.2600,32.9000,31.1700,32.0900,31.1900,118483139,3791645367.2100
2022-06-09,sh.600276,31.9000,31.9500,30.8900,30.9500,32.0900,64919431,2033859242.7800
2022-06-10,sh.600276,30.6900,31.6800,30.6900,31.5600,30.9500,56098475,1755262468.2900
2022-06-13,sh.600276,31.2400,31.7800,31.0400,31.3000,31.5600,44504711,1394654471.6100
2022-06-14,sh.600276,31.0500,31.6500,30.4500,31.6200,31.3000,49408309,1532096109.4000
2022-06-15,sh.600276,31.7500,33.1500,31.6500,32.6000,31.6200,91066874,2957312701.9200
2022-06-16,sh.600276,32.7100,33.3300,32.5100,32.6100,32.6000,66595322,2187749412.1100
2022-06-17,sh.600276,32.3600,33.7800,32.2600,33.3700,32.6100,74071780,2447536002.5200
2022-06-20,sh.600276,33.5200,33.9600,33.0000,33.4600,33.3700,65497153,2189656709.2000
2022-06-21,sh.600276,33.4000,33.4000,32.6500,33.0100,33.4600,53150873,1755215717.0200
2022-06-22,sh.600276,33.1000,33.5000,32.6100,32.6400,33.0100,42260559,1394757029.3200
2022-06-23,sh.600276,32.7500,32.9500,32.5000,32.9300,32.6400,34749308,1137979593.2700
2022-06-24,sh.600276,32.9300,33.7800,32.9300,33.5200,32.9300,56187724,1880178762.2000
2022-06-27,sh.600276,33.7500,36.0800,33.7500,35.5600,33.5200,111401072,3917627811.5500
2022-06-28,sh.600276,35.5500,35.8300,34.8500,35.6600,35.5600,58781599,2074696753.0200
2022-06-29,sh.600276,35.6500,36.7800,35.1000,35.5200,35.6600,82848347,2982831283.6400
2022-06-30,sh.600276,35.8000,37.4800,35.7500,37.0900,35.5200,86126325,3175985618.6600
2022-07-01,sh.600276,37.0900,39.0000,36.8600,38.9400,37.0900,100034565,3827228101.6500
2022-07-04,sh.600276,39.0000,41.5000,37.8100,41.1700,38.9400,141605359,5671015849.0400
2022-07-05,sh.600276,40.5900,41.1600,39.8300,40.5100,41.0100,87550696,3539004354.0100
2022-07-06,sh.600276,40.6100,41.5900,39.1500,39.4200,40.5100,94999076,3808844858.9300
2022-07-07,sh.600276,39.0300,39.4000,38.0100,38.6500,39.4200,71418756,2757359948.4800
2022-07-08,sh.600276,38.9900,39.3000,38.3000,38.4500,38.6500,46915445,1815851563.3100
2022-07-11,sh.600276,38.4600,38.9000,37.2800,38.0700,38.4500,59025764,2234277973.3500
2022-07-12,sh.600276,38.0600,38.1600,36.8600,36.8700,38.0700,55510986,2064586719.7800
2022-07-13,sh.600276,36.8700,37.2000,36.5800,36.9800,36.8700,37840600,1396193589.0600
2022-07-14,sh.600276,37.2000,38.8300,37.2000,38.5300,36.9800,75620590,2894945195.3500
2022-07-15,sh.600276,38.3000,38.7900,37.2200,37.2400,38.5300,48843622,1851315693.3200
2022-07-18,sh.600276,37.2000,38.0500,36.6200,37.9300,37.2400,38523036,1444454140.4900
2022-07-19,sh.600276,37.8700,38.3200,37.1700,37.6400,37.9300,33988854,1280131200.6200
2022-07-20,sh.600276,37.9000,38.4600,37.7000,38.0200,37.6400,35770240,1361588939.6400
2022-07-21,sh.600276,37.9500,38.9500,37.6800,38.7000,38.0200,44110802,1690511409.9000
2022-07-22,sh.600276,38.7000,39.6500,38.4900,39.0000,38.7000,52003928,2035446486.8500
2022-07-25,sh.600276,39.0000,39.3800,38.3200,38.4800,39.0000,26374181,1018720183.2400
2022-07-26,sh.600276,38.5100,39.0000,36.0000,36.1700,38.4800,99768428,3651388346.7000
2022-07-27,sh.600276,36.0000,36.9100,35.9000,36.2300,36.1700,37437943,1359549313.7100
2022-07-28,sh.600276,36.1200,36.4900,35.5000,36.1000,36.2300,43647016,1572673133.7900
2022-07-29,sh.600276,36.1200,36.4000,35.1800,35.2900,36.1000,37716187,1344080545.3700
2022-08-01,sh.600276,35.2800,35.5800,34.6100,35.1800,35.2900,26327807,925327274.9700
2022-08-02,sh.600276,35.0000,35.0000,33.8800,34.2000,35.1800,45681772,1564950103.4300
2022-08-03,sh.600276,34.2400,35.2500,34.2400,34.7000,34.2000,36713307,1277925185.8500
2022-08-04,sh.600276,34.9900,36.7600,34.9500,36.7100,34.7000,64300241,2330624975.0000
2022-08-05,sh.600276,36.9400,38.0900,36.9100,38.0300,36.7100,59997612,2269357410.0000
2022-08-08,sh.600276,38.1800,38.5500,37.5100,38.0900,38.0300,34808447,1320758199.0000
2022-08-09,sh.600276,38.0000,38.0000,37.0500,37.3300,38.0900,28071991,1048184781.0000
2022-08-10,sh.600276,37.3000,37.5500,36.4300,36.8500,37.3300,32982139,1213273947.0000
2022-08-11,sh.600276,37.0000,37.6600,36.6200,37.4300,36.8500,32924260,1224963358.0000
2022-08-12,sh.600276,37.4100,37.8000,37.1000,37.4400,37.4300,22688667,849341902.0000
2022-08-15,sh.600276,37.3700,37.6500,36.8800,36.9000,37.4400,25924769,959893240.7300
2022-08-16,sh.600276,36.9000,37.4300,36.3600,36.4500,36.9000,26536787,976069807.2000
2022-08-17,sh.600276,36.3000,36.8600,36.1500,36.6300,36.4500,25807037,942589783.7400
2022-08-18,sh.600276,36.4200,36.6000,35.7200,36.0400,36.6300,27433098,989327210.2900
2022-08-19,sh.600276,35.8900,36.3900,35.8000,35.9000,36.0400,23214454,836152766.1600
2022-08-22,sh.600276,34.5100,35.5300,33.6000,35.0400,35.9000,60442002,2096241563.1000
2022-08-23,sh.600276,35.0300,35.6300,34.4300,34.6200,35.0400,32782976,1138095496.3000
2022-08-24,sh.600276,34.6200,35.2500,34.4600,34.4800,34.6200,27963517,973119540.2800
2022-08-25,sh.600276,34.5400,35.1400,33.8900,34.9900,34.4800,26356437,909505288.8400
2022-08-26,sh.600276,35.0900,35.3300,34.7000,34.7700,34.9900,21209525,740108568.0600
2022-08-29,sh.600276,34.1500,34.6100,34.0500,34.2300,34.7700,17626560,604223501.8900
2022-08-30,sh.600276,34.2600,34.5700,33.4000,33.6700,34.2300,30931638,1043745825.2200
2022-08-31,sh.600276,33.4200,34.9900,33.3800,34.6600,33.6700,35654624,1222592392.7200
2022-09-01,sh.600276,34.6500,34.8600,34.0900,34.3400,34.6600,24254686,838039091.9800
2022-09-02,sh.600276,34.4900,35.1800,33.7000,33.9000,34.3400,26619403,912248134.9300
2022-09-05,sh.600276,33.8000,34.1000,33.3000,33.7300,33.9000,22220387,746249973.4400
2022-09-06,sh.600276,33.9300,34.2000,33.6200,33.8800,33.7300,18024431,610337253.1400
2022-09-07,sh.600276,33.6000,33.7200,33.1600,33.4300,33.8800,24783801,828041581.2800
2022-09-08,sh.600276,33.6000,34.4000,33.5000,33.7300,33.4300,27455526,933286782.8700
2022-09-09,sh.600276,33.6600,34.8700,33.6600,34.7800,33.7300,41417442,1429733374.5600
2022-09-13,sh.600276,34.8000,35.6500,34.5800,35.5200,34.7800,36234031,1281773075.9700
2022-09-14,sh.600276,35.0900,35.8200,34.7200,35.6800,35.5200,29178732,1030476158.1400
2022-09-15,sh.600276,35.8900,35.9900,35.4000,35.4900,35.6800,27519277,980584350.7900
2022-09-16,sh.600276,35.5000,35.6800,34.7300,34.8300,35.4900,31629556,1112700147.6400
2022-09-19,sh.600276,34.9200,35.3200,34.4100,34.6900,34.8300,20049469,697982774.9100
2022-09-20,sh.600276,34.7100,34.9600,33.9500,34.1300,34.6900,20223730,693165029.4400
2022-09-21,sh.600276,34.1300,34.2300,33.2500,33.4300,34.1300,29076191,976866241.7500
2022-09-22,sh.600276,33.1000,33.5700,32.3300,32.6400,33.4300,31204576,1024440986.6700
2022-09-23,sh.600276,32.5000,33.6600,32.3600,32.9300,32.6400,34193106,1132384227.7300
2022-09-26,sh.600276,32.9300,33.3000,31.8800,31.9000,32.9300,34576805,1121133168.4900
2022-09-27,sh.600276,32.0200,33.7000,31.9000,33.6500,31.9000,46468107,1528691627.6500
2022-09-28,sh.600276,33.6300,33.9900,33.2100,33.4700,33.6500,29700983,999888264.9600
2022-09-29,sh.600276,33.8900,35.9400,33.5900,34.9700,33.4700,58271432,2046418484.8300
2022-09-30,sh.600276,34.9600,35.5900,34.7000,35.1000,34.9700,34258836,1206056702.2900
2022-10-10,sh.600276,35.0000,35.3500,34.2300,34.2600,35.1000,31217084,1078462402.5900
2022-10-11,sh.600276,34.5500,34.5800,33.8500,34.1000,34.2600,19941630,681601746.1500
2022-10-12,sh.600276,34.0000,34.1200,32.1200,33.2500,34.1000,41896196,1378197493.9000
2022-10-13,sh.600276,33.1000,34.9700,32.9500,34.5400,33.2500,39785398,1366707323.3100
2022-10-14,sh.600276,35.0000,37.9900,34.9500,37.9900,34.5400,95015743,3531437662.7600
2022-10-17,sh.600276,38.2300,40.4000,38.2300,39.5500,37.9900,141594113,5591331348.3300
2022-10-18,sh.600276,39.5500,40.1500,38.7800,39.4600,39.5500,82703342,3263104972.6700
2022-10-19,sh.600276,39.4500,39.8200,38.5000,39.0000,39.4600,55016799,2151997768.0000
2022-10-20,sh.600276,38.5600,40.6600,38.5000,39.1800,39.0000,86164577,3424168326.7700
2022-10-21,sh.600276,38.7000,40.1800,38.6000,39.9700,39.1800,70174649,2773911826.6700
2022-10-24,sh.600276,40.0000,40.3700,38.7800,38.9800,39.9700,67690469,2666736979.5100
2022-10-25,sh.600276,38.6600,39.0700,37.4200,38.1200,38.9800,50504465,1931271722.5600
2022-10-26,sh.600276,38.1100,40.3000,38.0900,39.7200,38.1200,73405841,2912454129.8100
2022-10-27,sh.600276,39.7200,40.1500,39.2000,39.7200,39.7200,50758576,2018515314.0800
2022-10-28,sh.600276,39.6000,40.3900,38.8300,38.9500,39.7200,56042171,2216507436.5900
2022-10-31,sh.600276,38.1600,40.5000,38.1500,40.2000,38.9500,73643088,2943740835.0800
2022-11-01,sh.600276,40.0800,41.5800,39.5300,41.4900,40.2000,83485570,3386698860.6300
2022-11-02,sh.600276,41.2000,43.2100,40.8900,41.9800,41.4900,94480798,3990735922.7500
2022-11-03,sh.600276,41.5500,42.5600,41.0700,42.0900,41.9800,50993469,2126220578.5800
2022-11-04,sh.600276,41.8000,42.5600,41.6500,41.8000,42.0900,53343596,2237835762.0500
2022-11-07,sh.600276,41.7500,42.0800,41.2100,41.9900,41.8000,48156312,2004142720.0700
2022-11-08,sh.600276,41.9600,41.9600,40.5300,40.7000,41.9900,58638621,2398733014.0000
2022-11-09,sh.600276,40.7000,41.4000,40.4300,40.7500,40.7000,33197794,1357326739.7900
2022-11-10,sh.600276,40.5000,41.1500,40.0300,40.1900,40.7500,31987722,1294465501.9700
2022-11-11,sh.600276,41.0400,41.4600,39.2200,39.2200,40.1900,67849700,2733982968.0800
2022-11-14,sh.600276,39.3400,41.1300,39.2700,40.7600,39.2200,56839680,2296583744.2300
2022-11-15,sh.600276,40.7700,40.7800,39.7500,40.2400,40.7600,48004289,1930623269.9500
2022-11-16,sh.600276,40.2400,41.5800,39.6300,40.5000,40.2400,47633055,1936993184.2700
2022-11-17,sh.600276,40.3000,41.1100,40.0000,40.4000,40.5000,27768265,1120911720.0900
2022-11-18,sh.600276,40.4900,41.3000,40.1900,40.2700,40.4000,34911340,1417054520.0900
2022-11-21,sh.600276,39.8000,41.0800,39.2000,40.7900,40.2700,41837061,1684539000.5700
2022-11-22,sh.600276,40.8300,41.7500,39.7700,39.9200,40.7900,40809956,1653432493.0400
2022-11-23,sh.600276,39.6900,39.8900,39.0600,39.5000,39.9200,27988278,1104218481.7900
2022-11-24,sh.600276,39.6200,40.1100,38.8100,39.3700,39.5000,28407498,1116046414.8700
2022-11-25,sh.600276,39.1800,39.8000,38.8000,39.6300,39.3700,24863939,981440210.2300
2022-11-28,sh.600276,38.9000,39.4700,38.6100,39.1800,39.6300,26013507,1014566782.3800
2022-11-29,sh.600276,39.4200,40.2200,39.0900,40.0500,39.1800,27573327,1099869108.1600
2022-11-30,sh.600276,40.0500,40.3000,39.6000,39.8300,40.0500,29326372,1170428278.2600
2022-12-01,sh.600276,40.2200,40.9600,39.8000,40.4700,39.8300,37955816,1530958401.5400
2022-12-02,sh.600276,40.4300,40.9100,40.2300,40.5000,40.4700,25060329,1017634126.6500
2022-12-05,sh.600276,40.5000,40.8600,39.6000,39.8800,40.5000,45331741,1820773516.9900
2022-12-06,sh.600276,39.7000,40.5000,39.6800,39.8800,39.8800,27430804,1098865539.5500
2022-12-07,sh.600276,39.8000,40.8800,39.3400,40.5800,39.8800,39600331,1594275195.9500
2022-12-08,sh.600276,40.5700,40.5800,38.8600,38.8700,40.5800,61277745,2415374745.2600
2022-12-09,sh.600276,38.9400,39.3000,38.7000,38.8200,38.8700,40982699,1597863492.0200
2022-12-12,sh.600276,38.9000,39.5500,38.5000,38.8800,38.8200,37690011,1469815693.2600
2022-12-13,sh.600276,38.8900,39.0000,37.8600,38.3800,38.8800,38459977,1470661682.4500
2022-12-14,sh.600276,38.3800,38.5800,37.8000,38.4400,38.3800,26294084,1005170476.3800
2022-12-15,sh.600276,38.1800,38.8000,37.8600,37.9600,38.4400,21286504,810989448.7700
2022-12-16,sh.600276,37.8100,38.0500,37.7100,38.0000,37.9600,24909248,943216013.4200
2022-12-19,sh.600276,38.0800,38.2400,37.0800,37.1900,38.0000,29134505,1089921473.6800
2022-12-20,sh.600276,37.1700,37.4800,36.5000,36.5100,37.1900,27843799,1023223014.3600
2022-12-21,sh.600276,36.5100,36.6900,35.9300,36.1400,36.5100,25131327,910631427.8700
2022-12-22,sh.600276,36.4500,37.3500,36.2600,36.6300,36.1400,35620632,1309943891.9000
2022-12-23,sh.600276,36.3100,36.9300,36.2000,36.7500,36.6300,21684520,793292486.0000
2022-12-26,sh.600276,36.7100,38.0000,36.6800,37.5600,36.7500,31640183,1188097327.9300
2022-12-27,sh.600276,37.8800,37.8900,36.8800,37.0700,37.5600,32014023,1187739097.4200
2022-12-28,sh.600276,36.9900,37.8500,36.9200,37.4000,37.0700,24749478,927033305.1400
2022-12-29,sh.600276,37.2500,38.3100,37.0500,38.1300,37.4000,35750843,1356125789.4800
2022-12-30,sh.600276,38.1700,38.8500,38.1700,38.5300,38.1300,28241127,1088042968.7200
2023-01-03,sh.600276,38.6200,39.0500,38.1100,38.4400,38.5300,25756493,991614859.8800
2023-01-04,sh.600276,38.6300,38.9900,38.4100,38.7700,38.4400,25766800,997834533.9900
2023-01-05,sh.600276,39.0000,39.8700,38.7100,39.5500,38.7700,40846418,1613986781.3700
2023-01-06,sh.600276,39.7000,39.8400,39.2100,39.3100,39.5500,20010679,787437451.8500
2023-01-09,sh.600276,39.2800,39.8000,38.7700,39.5500,39.3100,32836027,1293593370.1100
2023-01-10,sh.600276,39.5300,39.9000,39.3000,39.3800,39.5500,37450772,1480991442.1500
2023-01-11,sh.600276,39.3800,39.6500,38.3300,38.4500,39.3800,53157259,2068893229.8600
2023-01-12,sh.600276,38.4700,38.5400,37.7400,37.7900,38.4500,49527676,1882797071.6800
2023-01-13,sh.600276,38.4500,39.5100,37.8400,39.2700,37.7900,70816302,2763485911.6700
2023-01-16,sh.600276,39.2700,43.2000,39.2700,43.1300,39.2700,137880485,5856679146.7200
2023-01-17,sh.600276,42.7900,43.3300,41.8800,42.1800,43.1300,84431216,3578996620.8800
2023-01-18,sh.600276,42.2800,42.6600,41.3300,41.5700,42.1800,54131292,2257341222.4300
2023-01-19,sh.600276,42.1600,44.7700,41.6600,43.6400,41.5700,109486409,4757344051.4200
2023-01-20,sh.600276,43.6800,44.8800,43.3900,43.5400,43.6400,53246467,2337576257.0200
2023-01-30,sh.600276,43.9000,44.4400,43.0900,43.2500,43.5400,49662346,2164334276.5000
2023-01-31,sh.600276,43.2700,43.8000,42.1400,42.2100,43.2500,40917558,1742218996.9200
2023-02-01,sh.600276,42.2300,42.7000,41.9800,42.6400,42.2100,39641365,1680608254.5300
2023-02-02,sh.600276,42.7000,44.1000,42.4500,43.0000,42.6400,65348651,2842278053.2500
2023-02-03,sh.600276,43.0700,43.5900,42.7200,42.8000,43.0000,49801817,2146527068.9300
2023-02-06,sh.600276,42.8000,42.9700,41.9000,42.4900,42.8000,37917265,1603885946.2000
2023-02-07,sh.600276,42.3900,43.1800,41.8400,42.1000,42.4900,30763310,1303480005.6500
2023-02-08,sh.600276,42.1900,43.5000,42.1500,42.9600,42.1000,42394935,1824844439.7000
2023-02-09,sh.600276,42.8200,43.8700,42.6700,43.6500,42.9600,37302195,1623294429.7300
2023-02-10,sh.600276,43.6400,43.9600,43.2300,43.6000,43.6500,27969963,1220159159.5400
2023-02-13,sh.600276,44.3100,45.9900,44.3100,44.9700,43.6000,65267726,2952331991.5000
2023-02-14,sh.600276,44.9300,45.4000,44.5400,45.2200,44.9700,32976250,1484295713.7800
2023-02-15,sh.600276,45.2000,45.5300,44.4500,44.8100,45.2200,26946978,1207715800.3900
2023-02-16,sh.600276,44.8000,45.0700,43.3100,43.7900,44.8100,45881524,2028582882.3000
2023-02-17,sh.600276,43.7000,44.9000,43.3800,44.1700,43.7900,39571599,1758055624.8300
2023-02-20,sh.600276,44.1600,45.4500,43.6900,45.2200,44.1700,45992311,2057766372.6900
2023-02-21,sh.600276,45.0200,45.4400,44.3000,44.5000,45.2200,33743404,1509418242.4400
2023-02-22,sh.600276,44.4000,44.8000,44.0000,44.1100,44.5000,22247659,987207396.2400
2023-02-23,sh.600276,44.0200,44.3200,43.1800,43.5200,44.1100,33706211,1466260509.8700
2023-02-24,sh.600276,43.3900,44.1900,43.0900,43.1900,43.5200,23817826,1035285454.2400
2023-02-27,sh.600276,42.9000,43.4000,42.6000,43.1300,43.1900,27040102,1165183030.1400
2023-02-28,sh.600276,43.2300,44.4300,42.9200,43.5000,43.1300,32849451,1425000850.7100
2023-03-01,sh.600276,43.4300,44.1400,43.1800,43.7700,43.5000,26521282,1160326141.9800
2023-03-02,sh.600276,43.4900,43.7700,42.8800,43.1900,43.7700,23068576,996391535.6000
2023-03-03,sh.600276,43.1600,43.9800,43.1000,43.4000,43.1900,19015612,828331823.1100
2023-03-06,sh.600276,43.5000,43.7600,43.0800,43.4200,43.4000,21086872,914437005.0900
2023-03-07,sh.600276,43.4000,43.8000,42.1100,42.1200,43.4200,33438682,1427706841.9700
2023-03-08,sh.600276,42.1100,42.3300,41.5900,41.9600,42.1200,27051028,1132653787.1500
2023-03-09,sh.600276,41.9300,42.2300,41.7000,41.7300,41.9600,17677388,741253794.3800
2023-03-10,sh.600276,41.3600,42.2100,41.3300,41.8600,41.7300,20826778,871034043.9100
2023-03-13,sh.600276,41.5300,41.9000,41.2100,41.4200,41.8600,25468854,1057253671.2800
2023-03-14,sh.600276,41.4200,42.4600,41.2800,41.4800,41.4200,33139474,1385033744.8900
2023-03-15,sh.600276,41.8500,42.2700,41.2600,41.3800,41.4800,21209571,883570353.2300
2023-03-16,sh.600276,41.1500,41.9500,41.0600,41.1900,41.3800,18424765,764647465.5200
2023-03-17,sh.600276,41.5500,41.7900,40.7000,40.8200,41.1900,38771555,1594954443.1800
2023-03-20,sh.600276,40.8800,41.0900,40.0900,40.4000,40.8200,33513318,1356733044.7500
2023-03-21,sh.600276,40.3500,41.7800,40.3500,41.6000,40.4000,33389663,1381649367.1700
2023-03-22,sh.600276,41.6100,42.7600,41.6100,42.6300,41.6000,33114424,1400488360.5100
2023-03-23,sh.600276,42.5900,42.9600,42.2900,42.6700,42.6300,26265561,1119244842.1800
2023-03-24,sh.600276,42.6000,42.8700,41.6300,41.7000,42.6700,25985641,1090994992.5900
2023-03-27,sh.600276,41.7000,43.3000,40.9000,43.2800,41.7000,46930086,1997213195.3200
2023-03-28,sh.600276,43.0900,43.2000,42.3200,43.0000,43.2800,26161118,1120913318.6100
2023-03-29,sh.600276,43.3500,43.4600,42.7800,43.1600,43.0000,18357576,791915355.3300
2023-03-30,sh.600276,43.1600,43.2500,42.5100,43.0100,43.1600,20674689,886710468.3500
2023-03-31,sh.600276,43.0100,43.4400,42.5000,42.8200,43.0100,22069849,946650491.6000
2023-04-03,sh.600276,42.6500,43.1800,42.4000,42.5600,42.8200,24411361,1040547921.4500
2023-04-04,sh.600276,42.5600,43.1600,42.1000,43.1500,42.5600,33852719,1440361471.9000
2023-04-06,sh.600276,43.2000,43.2500,42.3000,42.7800,43.1500,28035252,1195281140.8800
2023-04-07,sh.600276,42.7900,45.3000,42.7900,45.1500,42.7800,67000852,2995405582.4600
2023-04-10,sh.600276,45.1500,46.6900,44.9000,46.2700,45.1500,66271965,3063903639.9800
2023-04-11,sh.600276,46.2000,46.6600,45.7200,46.0100,46.2700,32702606,1506697777.6400
2023-04-12,sh.600276,46.1000,47.3500,45.5600,45.6300,46.0100,33600869,1550776099.6000
2023-04-13,sh.600276,45.6300,47.7500,45.4700,47.3500,45.6300,64601144,3044670870.1900
2023-04-14,sh.600276,47.9400,48.6300,47.0000,47.7200,47.3500,60487952,2891168164.7100
2023-04-17,sh.600276,47.8000,50.3000,47.8000,49.2900,47.7200,80331157,3968648862.9800
2023-04-18,sh.600276,49.3000,49.7000,48.3800,48.9300,49.2900,37630631,1838343933.8600
2023-04-19,sh.600276,48.8000,49.2000,48.4100,48.6600,48.9300,26781979,1302378972.7100
2023-04-20,sh.600276,48.5000,48.9100,47.5300,47.8000,48.6600,41476607,1987866965.3400
2023-04-21,sh.600276,47.8000,48.3500,47.3200,47.3200,47.8000,40835484,1952335295.3700
2023-04-24,sh.600276,47.3300,49.3200,47.3300,48.3500,47.3200,60310483,2925086233.3800
2023-04-25,sh.600276,48.3500,48.9600,47.2800,47.9800,48.3500,43867208,2110863167.8400
2023-04-26,sh.600276,48.0000,48.7700,47.0200,48.2000,47.9800,36025480,1727777630.8700
2023-04-27,sh.600276,48.1800,48.7500,47.4100,48.2000,48.2000,40053833,1928356610.4300
2023-04-28,sh.600276,48.2000,48.9500,47.8300,48.6500,48.2000,28298296,1371262043.5700
2023-05-04,sh.600276,48.5500,49.9000,48.4800,49.2700,48.6500,43250708,2136055051.7900
2023-05-05,sh.600276,49.3800,49.4800,47.0800,47.4700,49.2700,42260825,2016143924.4400
2023-05-08,sh.600276,47.4700,47.6000,46.0700,46.5100,47.4700,46805247,2173812803.0000
2023-05-09,sh.600276,46.3900,46.8200,45.7000,45.9300,46.5100,28953561,1338169981.9900
2023-05-10,sh.600276,46.0000,46.7000,45.6500,46.3500,45.9300,25166512,1164998555.7800
2023-05-11,sh.600276,46.3500,47.9900,46.2100,46.4300,46.3500,28621814,1342559168.9900
2023-05-12,sh.600276,46.4400,46.8700,45.3700,45.5100,46.4300,36376710,1664150284.2700
2023-05-15,sh.600276,45.5100,47.6100,45.5000,47.4400,45.5100,32602493,1521748662.9100
2023-05-16,sh.600276,49.1000,49.7100,48.7000,49.1300,47.4400,58884571,2901294222.8900
2023-05-17,sh.600276,49.2500,49.3500,48.1600,48.5000,49.1300,27133092,1319909080.0100
2023-05-18,sh.600276,48.5000,48.8700,47.7800,48.0200,48.5000,22902166,1103908778.5500
2023-05-19,sh.600276,48.0800,49.7500,48.0800,49.1300,48.0200,34109283,1678078977.3800
2023-05-22,sh.600276,49.1800,50.2000,48.3300,48.7000,49.1300,29132991,1429543986.6600
2023-05-23,sh.600276,48.7500,49.9000,48.7400,49.1000,48.7000,32898260,1627856977.3400
2023-05-24,sh.600276,49.1000,49.1800,47.6300,47.9600,49.1000,28712039,1381356168.3300
2023-05-25,sh.600276,47.6700,48.2500,47.1800,48.0600,47.9600,18370535,878653565.4900
2023-05-26,sh.600276,47.9500,49.0500,47.8900,48.4000,48.0600,17498595,849836855.8500
2023-05-29,sh.600276,48.4500,49.0300,47.8300,48.3000,48.4000,21862470,1056765398.3000
2023-05-30,sh.600276,48.3000,49.2000,47.3000,48.2900,48.3000,34762660,1679739747.4500
2023-05-31,sh.600276,48.5000,48.6300,45.0100,45.5500,48.2900,85934909,3959239717.8800
2023-06-01,sh.600276,45.5600,46.8900,45.4500,45.9300,45.5500,45827591,2118563583.8800
2023-06-02,sh.600276,46.1800,46.8400,45.8700,46.0300,45.9300,28695031,1327951617.3900
2023-06-05,sh.600276,46.2000,46.9000,46.0400,46.5000,46.0300,27091140,1259519911.9400
2023-06-06,sh.600276,46.5400,47.1700,46.1500,46.3100,46.5000,26781998,1253088435.8400
2023-06-07,sh.600276,46.3000,46.6900,45.3500,45.5000,46.3100,24821752,1135394748.1200
2023-06-08,sh.600276,45.5000,45.6800,44.8500,45.5900,45.3400,22328368,1009002558.8900
2023-06-09,sh.600276,45.3400,46.1500,45.1100,45.7900,45.5900,31495725,1435337093.5500
2023-06-12,sh.600276,45.6300,45.6300,43.7000,44.7000,45.7900,49949418,2227022805.6700
2023-06-13,sh.600276,44.6100,45.3400,44.2700,45.0000,44.7000,19617974,879416555.4800
2023-06-14,sh.600276,45.1000,46.3800,44.8200,46.0000,45.0000,41155584,1890579168.9000
2023-06-15,sh.600276,46.4000,46.9900,46.0400,46.9300,46.0000,31730099,1477897989.4300
2023-06-16,sh.600276,46.8000,48.4800,46.7000,47.5000,46.9300,38034366,1814534587.4600
2023-06-19,sh.600276,47.5000,47.8800,46.6300,46.8800,47.5000,21812681,1023984130.0400
2023-06-20,sh.600276,46.9700,47.4900,46.7000,46.7800,46.8800,14896722,699886986.0500
2023-06-21,sh.600276,46.5100,47.1700,46.4000,46.4000,46.7800,17086261,798760480.8100
2023-06-26,sh.600276,46.2800,47.0800,45.6800,46.3600,46.4000,21399989,989068485.0900
2023-06-27,sh.600276,46.1800,46.8000,45.8300,45.9500,46.3600,18978355,876672321.6100
2023-06-28,sh.600276,46.1300,46.4000,45.7100,46.2000,45.9500,21520319,992111161.8100
2023-06-29,sh.600276,46.1500,47.4400,46.1000,47.0500,46.2000,30294997,1423288084.6900
2023-06-30,sh.600276,46.9000,48.4800,46.8600,47.9000,47.0500,28356163,1360379378.7000
2023-07-03,sh.600276,47.9200,47.9200,47.0300,47.3600,47.9000,20398424,967058794.5900
2023-07-04,sh.600276,47.3000,50.5000,46.5100,48.8500,47.3600,84157068,4123867418.8500
2023-07-05,sh.600276,48.8500,49.8500,48.5300,49.1900,48.8500,46108311,2275614522.5400
2023-07-06,sh.600276,49.1600,49.2000,47.8900,48.1100,49.1900,25224843,1219395802.3400
2023-07-07,sh.600276,48.0000,48.5900,47.8100,48.3900,48.1100,17226779,831988639.8500
2023-07-10,sh.600276,48.3800,48.4900,47.3600,47.6100,48.3900,21679425,1034167998.6500
2023-07-11,sh.600276,48.0000,48.5600,47.2100,48.2400,47.6100,24212838,1164154725.5200
2023-07-12,sh.600276,48.2400,48.4000,47.5500,47.7700,48.2400,14681110,703955313.3900
2023-07-13,sh.600276,47.9400,48.2000,47.5000,48.0100,47.7700,24604015,1180018589.4800
2023-07-14,sh.600276,47.9800,47.9900,47.5000,47.5200,48.0100,13461016,641622956.7800
2023-07-17,sh.600276,47.5200,47.5200,46.7300,47.2000,47.5200,21394359,1006066368.5000
2023-07-18,sh.600276,47.4000,47.8500,47.0000,47.2000,47.2000,12113452,572775268.1100
2023-07-19,sh.600276,47.0000,47.3700,46.5500,46.6900,47.2000,19415049,909126295.6100
2023-07-20,sh.600276,46.9900,47.4000,45.8700,45.9600,46.6900,18098829,840875002.4900
2023-07-21,sh.600276,46.0300,46.3000,45.6500,45.9300,45.9600,20976558,963680908.4600
2023-07-24,sh.600276,45.9000,48.0000,45.8900,47.2900,45.9300,47398816,2245495190.1600
2023-07-25,sh.600276,47.7500,47.9000,47.1300,47.7600,47.2900,24909769,1185933140.9000
2023-07-26,sh.600276,47.7700,48.1600,47.5500,48.0800,47.7600,16778804,805101338.0000
2023-07-27,sh.600276,48.3300,48.4700,47.8000,48.1100,48.0800,16225472,780565524.3200
2023-07-28,sh.600276,47.8800,49.2000,47.5900,49.0500,48.1100,37757340,1831117114.3000
2023-07-31,sh.600276,49.0400,49.3300,44.2200,44.5800,49.0500,135924169,6226335069.2600
2023-08-01,sh.600276,44.3100,44.3100,42.3000,43.3800,44.5800,134400131,5837540229.8700
2023-08-02,sh.600276,43.2500,43.9900,42.0600,42.2800,43.3800,93481863,4002903506.3900
2023-08-03,sh.600276,41.8500,42.8900,41.1800,42.2700,42.2800,79188796,3340548135.7000
2023-08-04,sh.600276,42.5500,42.6700,41.0000,41.0700,42.2700,106460887,4420471054.3000
2023-08-07,sh.600276,40.6600,40.6600,38.5600,39.1300,41.0700,134789310,5280883459.9700
2023-08-08,sh.600276,38.6000,40.6900,38.5800,40.1400,39.1300,97417696,3876529258.6000
2023-08-09,sh.600276,39.9000,40.6700,39.8000,40.2100,40.1400,57386328,2309143089.9000
2023-08-10,sh.600276,40.2100,40.3800,39.6000,39.9000,40.2100,35595251,1420732108.4500
2023-08-11,sh.600276,39.9600,40.2300,39.2000,39.2000,39.9000,33789776,1337250935.3200
2023-08-14,sh.600276,38.8300,40.7900,38.8000,40.6200,39.2000,60278981,2413358862.6300
2023-08-15,sh.600276,40.6100,41.1000,39.9800,40.5000,40.6200,42658221,1726457703.6100
2023-08-16,sh.600276,40.3900,41.9100,40.2500,41.0100,40.5000,63040895,2598200517.5500
2023-08-17,sh.600276,40.7200,40.8600,40.1000,40.5700,41.0100,39559904,1599099728.4000
2023-08-18,sh.600276,40.5000,40.5800,39.8000,39.9500,40.5700,26186208,1051772610.9600
2023-08-21,sh.600276,37.9600,39.3300,37.1000,38.8000,39.9500,60792050,2340167373.2900
2023-08-22,sh.600276,39.1500,39.4000,38.3300,39.1500,38.8000,43538559,1693144201.3700
2023-08-23,sh.600276,39.1000,39.3100,38.6800,38.7000,39.1500,25817058,1006532647.2000
2023-08-24,sh.600276,38.7100,40.8800,38.4000,40.4400,38.7000,47773653,1910733102.1200
2023-08-25,sh.600276,40.2600,41.3300,40.1600,40.7200,40.4400,43030579,1756092212.3900
2023-08-28,sh.600276,42.9900,43.3500,41.5200,41.9200,40.7200,72210177,3043511379.8300
2023-08-29,sh.600276,41.9100,42.4900,41.6000,42.2500,41.9200,37699685,1588977336.3500
2023-08-30,sh.600276,42.5000,42.5000,42.0000,42.1500,42.2500,25350381,1070521273.9400
2023-08-31,sh.600276,42.1500,42.2400,41.7000,41.7800,42.1500,25963264,1088210681.2000
2023-09-01,sh.600276,41.8500,42.0200,41.4300,41.5300,41.7800,16531303,688552632.4600
2023-09-04,sh.600276,41.9300,41.9700,41.1000,41.2000,41.5300,32468808,1341074606.4800
2023-09-05,sh.600276,41.2100,41.5800,41.0900,41.2100,41.2000,20244428,837077292.2000
2023-09-06,sh.600276,41.0100,41.1900,40.6000,40.7300,41.2100,21181611,864434723.3900
2023-09-07,sh.600276,40.8800,40.8800,39.9300,40.2900,40.7300,28664943,1152145076.0300
2023-09-08,sh.600276,40.2500,40.6100,40.0000,40.5800,40.2900,17849659,720117158.7700
2023-09-11,sh.600276,40.7500,43.1600,40.7500,43.0000,40.5800,75735706,3231973811.0200
2023-09-12,sh.600276,42.8100,43.1800,42.6800,42.9100,43.0000,26204255,1124850923.7600
2023-09-13,sh.600276,42.8500,43.0800,42.0100,42.2000,42.9100,22314129,946141603.6100
2023-09-14,sh.600276,42.3300,42.7900,42.0500,42.5900,42.2000,23008852,977473279.5900
2023-09-15,sh.600276,42.7000,43.9500,42.3500,43.6000,42.5900,66959064,2917106850.2100
2023-09-18,sh.600276,43.6100,44.9500,43.5900,44.3600,43.6000,47897373,2129867026.3600
2023-09-19,sh.600276,44.3600,44.8200,44.0900,44.6300,44.3600,25726585,1144955600.3100
2023-09-20,sh.600276,44.5000,44.6000,43.8800,44.3500,44.6300,21810368,964374254.4000
2023-09-21,sh.600276,44.3500,44.3900,43.7800,43.8900,44.3500,19223792,845940881.1700
2023-09-22,sh.600276,43.9700,44.1400,43.4000,44.0600,43.8900,28240836,1236954485.2200
2023-09-25,sh.600276,44.1000,45.0500,43.7100,44.8500,44.0600,40740339,1820689408.3000
2023-09-26,sh.600276,44.8000,45.0800,44.1500,44.7000,44.8500,27301792,1216854601.9700
2023-09-27,sh.600276,44.6800,45.6800,44.6500,45.3100,44.7000,35724335,1617557676.8600
2023-09-28,sh.600276,45.5500,45.8800,44.7600,44.9400,45.3100,25130745,1135092320.5700
2023-10-09,sh.600276,44.8900,45.2000,44.1200,44.7600,44.9400,33142248,1475154935.8900
2023-10-10,sh.600276,44.9200,44.9900,44.2800,44.3700,44.7600,16601862,740031441.3400
2023-10-11,sh.600276,44.7000,45.5700,44.7000,45.0500,44.3700,32957719,1488505888.7100
2023-10-12,sh.600276,45.6000,45.6500,44.7000,44.9500,45.0500,24460777,1099547112.5900
2023-10-13,sh.600276,44.5800,45.1200,44.3700,44.6500,44.9500,18751325,837370915.7400
2023-10-16,sh.600276,44.8200,45.1200,44.1000,44.2300,44.6500,21440014,953935320.6600
2023-10-17,sh.600276,44.2300,44.5300,43.6000,44.4700,44.2300,21429257,943523854.6500
2023-10-18,sh.600276,44.4800,44.4900,43.7600,43.8200,44.4700,15701071,690070187.7100
2023-10-19,sh.600276,43.6600,44.0800,43.2000,43.4100,43.8200,26274650,1145345845.5100
2023-10-20,sh.600276,43.1200,43.5000,42.5500,42.7200,43.4100,30303433,1296586796.6100
2023-10-23,sh.600276,42.7300,43.3600,42.3300,43.0700,42.7200,22463199,964201611.0300
2023-10-24,sh.600276,43.0600,43.5000,42.6100,43.2300,43.0700,26085607,1124684898.2400
2023-10-25,sh.600276,43.6900,43.8700,43.0600,43.1700,43.2300,27514540,1192763487.0100
2023-10-26,sh.600276,43.8900,44.8500,43.4500,44.4500,43.1700,41809167,1856368719.4000
2023-10-27,sh.600276,44.2600,45.5500,43.8800,45.4000,44.4500,41407204,1862059500.2400
2023-10-30,sh.600276,45.4500,47.0000,45.2000,46.5800,45.4000,55065386,2552988939.7700
2023-10-31,sh.600276,48.5300,48.7800,47.2300,47.9400,46.5800,70656935,3387726473.6000
2023-11-01,sh.600276,47.9500,48.1800,47.2900,47.9700,47.9400,33568663,1601908875.0500
2023-11-02,sh.600276,48.1700,48.2000,47.7100,47.9000,47.9700,20514154,983703282.8000
2023-11-03,sh.600276,47.8000,48.1000,47.4000,47.5100,47.9000,21283811,1015296076.8900
2023-11-06,sh.600276,48.4900,48.8800,48.1600,48.3300,47.5100,37813766,1834312513.7100
2023-11-07,sh.600276,48.5000,48.8100,48.1800,48.4300,48.3300,26149197,1270647902.0200
2023-11-08,sh.600276,48.4700,49.7400,48.4700,49.2800,48.4300,31846619,1567457009.2700
2023-11-09,sh.600276,49.1400,49.3700,48.2700,48.3800,49.2800,29470018,1431770225.4100
2023-11-10,sh.600276,48.1000,48.6800,48.0300,48.3900,48.3800,18655843,902627142.3200
2023-11-13,sh.600276,48.5100,48.6400,47.0600,47.3000,48.3900,33864122,1606447218.5900
2023-11-14,sh.600276,47.3700,47.6800,46.8000,47.0400,47.3000,20678755,973364198.8200
2023-11-15,sh.600276,47.6800,47.9800,47.1600,47.3300,47.0400,15672204,743383344.2100
2023-11-16,sh.600276,47.0300,47.4800,46.7600,46.8000,47.3300,13957572,655045907.1800
2023-11-17,sh.600276,46.7900,47.3300,46.6800,47.1400,46.8000,21179904,995487698.7000
2023-11-20,sh.600276,47.2100,47.9800,46.9600,47.4900,47.1400,23108019,1096914505.0700
2023-11-21,sh.600276,47.6000,48.0800,47.3100,47.5800,47.4900,20546593,981885819.7100
2023-11-22,sh.600276,47.5800,47.6700,47.1400,47.1400,47.5800,12690197,600591030.9800
2023-11-23,sh.600276,47.1500,47.2700,46.6500,47.1700,47.1400,12684710,596480165.4400
2023-11-24,sh.600276,47.0100,47.2100,46.7200,46.9300,47.1700,14647110,688379061.0300
2023-11-27,sh.600276,46.9200,47.1000,46.4200,46.8000,46.9300,18443196,863329195.7500
2023-11-28,sh.600276,46.7000,47.5000,46.5800,47.5000,46.8000,20418019,963092933.8700
2023-11-29,sh.600276,47.5000,47.9000,47.3300,47.6700,47.5000,17545365,835534025.8600
2023-11-30,sh.600276,47.7000,48.0800,47.4300,48.0200,47.6700,21598333,1034052588.7400
2023-12-01,sh.600276,47.9500,48.1300,45.8300,46.5800,48.0200,40816647,1904555695.6800
2023-12-04,sh.600276,46.5600,46.6400,45.5000,45.9900,46.5800,27686101,1277259196.6800
2023-12-05,sh.600276,45.8300,46.3000,45.1500,45.2500,45.9900,26579143,1213967600.8000
2023-12-06,sh.600276,45.2200,46.0200,44.8500,45.4100,45.2500,22028902,1000552800.7300
2023-12-07,sh.600276,45.4800,45.7500,44.7300,44.7800,45.4100,23743794,1069538350.7400
2023-12-08,sh.600276,44.7700,45.6600,44.6500,45.5900,44.7800,29241298,1326068364.7100
2023-12-11,sh.600276,45.3700,46.6000,45.0600,46.5300,45.5900,26769468,1225504470.3100
2023-12-12,sh.600276,46.5300,46.6600,45.4500,45.8000,46.5300,21297004,974828671.4600
2023-12-13,sh.600276,45.5400,46.0900,45.5200,45.6200,45.8000,18676447,856154192.4100
2023-12-14,sh.600276,46.0800,46.1900,45.5700,45.7300,45.6200,19406117,890571699.6700
2023-12-15,sh.600276,45.7500,45.8400,44.4500,44.6600,45.7300,25906571,1163993227.3800
2023-12-18,sh.600276,44.5900,45.7800,44.1800,45.4900,44.6600,24478562,1110849272.1700
2023-12-19,sh.600276,45.4100,45.4400,44.2100,44.7800,45.4900,21434676,958138754.6600
2023-12-20,sh.600276,44.7000,45.1800,44.1900,44.2300,44.7800,18982063,846390827.5400
2023-12-21,sh.600276,44.1800,44.6300,44.0500,44.4900,44.2300,18835212,835984121.5200
2023-12-22,sh.600276,44.4800,44.5700,43.5100,44.0100,44.4900,24235823,1067834265.5200
2023-12-25,sh.600276,44.0100,44.5500,43.9000,44.0000,44.0100,13361150,590059431.3100
2023-12-26,sh.600276,44.0000,44.0700,43.3000,43.9800,44.0000,15055393,657505417.6300
2023-12-27,sh.600276,43.9000,44.2100,43.3600,44.0900,43.9800,21601490,947551025.1900
2023-12-28,sh.600276,44.1000,44.8500,43.9300,44.7500,44.0900,30763447,1370257484.7900
2023-12-29,sh.600276,44.8800,45.4000,44.6500,45.2300,44.7500,24238046,1094134425.1200
2024-01-02,sh.600276,45.2400,45.4400,44.3600,44.4700,45.2300,18260797,815829089.2000
2024-01-03,sh.600276,44.2100,44.8800,44.0500,44.2300,44.4700,14669379,651690507.5700
2024-01-04,sh.600276,44.3000,44.3400,42.8800,43.7900,44.2300,33904543,1468337357.1800
2024-01-05,sh.600276,43.3100,43.5000,41.2800,41.9500,43.7900,49522687,2085701636.9900
2024-01-08,sh.600276,41.8000,41.8000,41.0000,41.1100,41.9500,30009112,1238699558.5300
2024-01-09,sh.600276,41.1500,41.5600,40.8800,41.2000,41.1100,21174933,872816753.8600
2024-01-10,sh.600276,41.2000,41.9900,40.7700,41.5000,41.2000,20674583,860280444.6500
2024-01-11,sh.600276,41.5100,41.8500,41.1800,41.4800,41.5000,18971994,788171079.4100
2024-01-12,sh.600276,41.2100,41.6000,40.9200,41.1000,41.4800,13270135,548157565.1800
2024-01-15,sh.600276,40.7000,41.9000,40.6800,41.5100,41.1000,14893496,617603017.8100
2024-01-16,sh.600276,41.2000,41.6500,40.8000,41.4100,41.5100,18657709,768555374.4400
2024-01-17,sh.600276,41.1300,41.2900,40.1100,40.1100,41.4100,24023217,974124256.6600
2024-01-18,sh.600276,40.0000,41.4000,39.4700,41.2900,40.1100,38716460,1559153302.9000
2024-01-19,sh.600276,41.0900,41.6000,40.8100,41.4100,41.2900,31739489,1309874297.1400
2024-01-22,sh.600276,41.4000,41.7000,40.1300,40.7800,41.4100,34937745,1430463188.4200
2024-01-23,sh.600276,40.6800,40.9200,40.2300,40.3000,40.7800,20886214,846394264.5600
2024-01-24,sh.600276,40.6800,40.7300,39.5000,40.5200,40.3000,25004207,1001342748.6000
2024-01-25,sh.600276,40.8400,41.2000,40.0500,41.2000,40.5200,27891163,1134726995.7600
2024-01-26,sh.600276,40.9000,41.2200,40.0100,40.3000,41.2000,30279954,1230888858.4800
2024-01-29,sh.600276,40.2500,40.5500,39.0300,39.2500,40.3000,28105100,1112608512.8600
2024-01-30,sh.600276,39.2200,39.4400,38.5600,38.6900,39.2500,23301300,905581935.2100
2024-01-31,sh.600276,38.4000,38.6000,37.2200,37.4500,38.6900,38059705,1433750350.7700
2024-02-01,sh.600276,37.2000,38.0600,36.8800,37.1600,37.4500,30023460,1122310504.3900
2024-02-02,sh.600276,37.2200,37.6700,35.5100,35.9500,37.1600,36047509,1317464771.0700
2024-02-05,sh.600276,35.9800,37.9600,35.7900,37.4000,35.9500,49793860,1835851264.0400
2024-02-06,sh.600276,37.4000,41.0500,37.2000,41.0000,37.4000,56819466,2272656933.1300
2024-02-07,sh.600276,41.2500,41.8600,40.5100,41.8400,41.0000,52212378,2164428887.8800
2024-02-08,sh.600276,41.8400,42.5500,41.1800,41.8700,41.8400,37994404,1579175792.9800
2024-02-19,sh.600276,41.8600,42.1700,41.0500,41.6600,41.8700,25380790,1055722626.8000
2024-02-20,sh.600276,41.7300,42.2300,41.5100,41.8600,41.6600,21225500,889338538.6000
2024-02-21,sh.600276,41.8800,42.4600,41.4500,42.2200,41.8600,29901470,1260180460.3700
2024-02-22,sh.600276,42.0000,42.5400,41.9600,42.4300,42.2200,17530089,740956883.0400
2024-02-23,sh.600276,42.4300,42.8600,41.8800,42.3900,42.4300,22950641,971812475.7100
2024-02-26,sh.600276,42.2100,42.4900,41.8000,42.0800,42.3900,18878234,796444427.6800
2024-02-27,sh.600276,42.1000,42.3300,41.8400,42.2700,42.0800,17616119,740889141.5900
2024-02-28,sh.600276,42.4700,43.5900,42.2300,42.2300,42.2700,34011785,1458671569.0300
2024-02-29,sh.600276,42.2200,42.8500,42.1000,42.6400,42.2300,25340841,1076844665.8100
2024-03-01,sh.600276,42.6400,42.9200,42.1000,42.5200,42.6400,21563699,916978865.7600
2024-03-04,sh.600276,42.5200,43.9800,42.4600,43.9000,42.5200,37656812,1640672141.8000
2024-03-05,sh.600276,43.9000,44.7000,43.6200,44.5600,43.9000,37120036,1643167914.5300
2024-03-06,sh.600276,44.6500,44.9000,43.7000,43.9600,44.5600,21699075,957081998.0300
2024-03-07,sh.600276,43.9000,43.9600,41.6000,41.9500,43.9600,45743263,1939466491.5600
2024-03-08,sh.600276,41.9400,42.7000,41.6200,41.8900,41.9500,27741788,1164468603.9700
2024-03-11,sh.600276,41.9000,43.7000,41.6800,43.6000,41.8900,32546746,1400965850.0100
2024-03-12,sh.600276,43.7100,45.2900,43.2000,44.9300,43.6000,43140972,1921884772.9900
2024-03-13,sh.600276,45.0000,45.0300,44.1600,44.6800,44.9300,20749481,924209601.6000
2024-03-14,sh.600276,49.0000,49.1500,46.5100,47.0300,44.6800,109924476,5248912837.5800
2024-03-15,sh.600276,46.9800,47.9500,46.5000,47.1300,47.0300,43857939,2069250034.9100
2024-03-18,sh.600276,47.0000,47.6800,46.4500,47.2800,47.1300,29791431,1406103940.7600
2024-03-19,sh.600276,46.9100,47.3300,45.9000,45.9700,47.2800,27204791,1262475447.6600
2024-03-20,sh.600276,45.6600,45.9100,45.3100,45.6300,45.9700,22501410,1025230381.8900
2024-03-21,sh.600276,45.8500,46.0700,45.4500,45.6300,45.6300,18335706,839240723.7400
2024-03-22,sh.600276,45.5400,46.0000,45.1000,45.9300,45.6300,24225421,1103378347.9300
2024-03-25,sh.600276,45.9500,46.8200,45.8100,46.1600,45.9300,23261953,1078638224.1900
2024-03-26,sh.600276,46.1000,46.5900,45.8700,46.2700,46.1600,20006073,925152064.5200
2024-03-27,sh.600276,46.2000,46.3500,45.7000,45.9100,46.2700,15566813,716342077.7800
2024-03-28,sh.600276,45.9100,46.8600,45.5400,46.2100,45.9100,21401947,993801317.6300
2024-03-29,sh.600276,46.2100,46.3700,45.4000,45.9700,46.2100,18703757,857879350.5300
2024-04-01,sh.600276,45.9800,46.8000,45.9800,46.3200,45.9700,20222435,937070923.6800
2024-04-02,sh.600276,46.2000,46.6900,45.0600,45.4600,46.3200,22490309,1024255823.6200
2024-04-03,sh.600276,45.1000,45.3300,44.5200,44.7600,45.4600,23690420,1064081571.9900
2024-04-08,sh.600276,44.8000,45.8700,44.8000,45.4000,44.7600,23626791,1071343513.5800
2024-04-09,sh.600276,45.4000,45.6300,44.2800,45.5400,45.4000,21527235,967808523.0200
2024-04-10,sh.600276,45.5400,45.9800,44.9000,45.4500,45.5400,16353062,744122727.1700
2024-04-11,sh.600276,45.0500,45.4900,44.6300,44.9400,45.4500,18609152,837102507.4800
2024-04-12,sh.600276,44.8000,45.3500,43.9500,44.0900,44.9400,22211902,987099186.6400
2024-04-15,sh.600276,44.1400,45.1500,44.0900,44.5600,44.0900,22027768,984050772.2600
2024-04-16,sh.600276,44.3300,44.6500,43.7900,44.2600,44.5600,23385721,1033684469.6700
2024-04-17,sh.600276,44.3500,44.7800,43.8400,44.3900,44.2600,23275600,1032367343.5100
2024-04-18,sh.600276,45.2000,45.5000,42.2000,42.3500,44.3900,59016774,2541878650.6700
2024-04-19,sh.600276,42.0000,42.3400,41.2200,41.6800,42.3500,38425460,1601560704.1300
2024-04-22,sh.600276,41.9900,42.1700,41.4600,41.8600,41.6800,27806445,1163954982.6600
2024-04-23,sh.600276,41.8600,44.2700,41.8000,44.0700,41.8600,49366110,2134259117.4700
2024-04-24,sh.600276,43.9600,44.2000,43.4000,43.7000,44.0700,21625198,946244236.2600
2024-04-25,sh.600276,43.7000,44.9700,43.5000,44.3000,43.7000,24469103,1085861364.4200
2024-04-26,sh.600276,44.2000,45.7900,44.1700,45.6100,44.3000,34278262,1550025297.0800
2024-04-29,sh.600276,45.6000,46.8600,45.5300,46.1800,45.6100,34279567,1586424721.5800
2024-04-30,sh.600276,46.3900,46.8500,45.8500,46.1600,46.1800,19250243,893082209.9700
2024-05-06,sh.600276,46.9300,47.8700,46.4200,47.1600,46.1600,32582423,1541063569.2700
2024-05-07,sh.600276,47.1600,47.5000,47.0200,47.2300,47.1600,20377965,964125270.1900
2024-05-08,sh.600276,47.2600,47.3700,46.2500,46.4200,47.2300,26129151,1217234952.3700
2024-05-09,sh.600276,46.5100,47.2300,46.3100,46.9000,46.4200,17514723,820722434.3400
2024-05-10,sh.600276,46.7900,47.0500,46.1900,46.4800,46.9000,15577277,725489832.3400
2024-05-13,sh.600276,46.4800,46.7800,45.3700,45.5300,46.4800,29175692,1338054190.8700
2024-05-14,sh.600276,45.5300,45.7800,45.2200,45.3300,45.5300,19723737,897260526.2700
2024-05-15,sh.600276,45.3400,45.4200,44.5300,44.6700,45.3300,15942898,713465988.6800
2024-05-16,sh.600276,45.0000,45.1100,44.4000,44.6900,44.6700,23437708,1048106877.6200
2024-05-17,sh.600276,45.5000,46.2300,44.0700,44.7500,44.6900,37685549,1689843524.0600
2024-05-20,sh.600276,44.2800,44.7900,43.4800,43.8100,44.7500,39702265,1742797463.7400
2024-05-21,sh.600276,43.7200,44.1600,43.4200,43.8000,43.8100,24438325,1071157251.3500
2024-05-22,sh.600276,43.9000,43.9600,43.4000,43.5400,43.8000,25238847,1100081619.8000
2024-05-23,sh.600276,43.5400,43.5900,42.9000,43.0500,43.5400,19702407,848668344.9300
2024-05-24,sh.600276,43.0500,43.1800,42.3800,42.4400,43.0500,22038350,939654300.9800
2024-05-27,sh.600276,42.3300,42.9000,41.8200,42.7000,42.4400,30678196,1300950779.0900
2024-05-28,sh.600276,42.7000,43.5900,42.3600,43.2700,42.7000,37427881,1616893172.3500
2024-05-29,sh.600276,43.2500,43.4800,42.9500,43.0200,43.2700,16676675,719612072.5100
2024-05-30,sh.600276,43.0500,43.2400,42.5400,42.8800,43.0200,13247711,567669926.1600
2024-05-31,sh.600276,43.4000,43.5900,42.3600,42.3600,42.8800,22865066,980570414.0900
2024-06-03,sh.600276,42.2200,42.6900,42.0700,42.5000,42.3600,18780093,796785130.0100
2024-06-04,sh.600276,42.4500,44.0000,42.3600,43.8300,42.5000,35813890,1561008548.5100
2024-06-05,sh.600276,43.8300,44.3000,43.6900,43.9200,43.8300,18067577,794605428.6000
2024-06-06,sh.600276,43.6500,44.1000,42.8000,42.9100,43.9200,22586853,978566367.3300
2024-06-07,sh.600276,42.9900,43.2600,42.1500,42.1500,42.9100,23854735,1013241225.1500
2024-06-11,sh.600276,42.0000,42.8100,41.7000,42.7200,42.1500,25112141,1062111846.3500
2024-06-12,sh.600276,42.7300,42.7300,41.9100,42.1000,42.7200,21850545,922178801.6000
2024-06-13,sh.600276,42.1000,42.4300,41.5300,42.0600,42.1000,20729821,872698850.1800
2024-06-14,sh.600276,41.9000,42.1000,41.0800,41.9000,42.0600,41537240,1729630309.1300
2024-06-17,sh.600276,41.6000,42.7000,41.5900,42.5300,41.9000,24198112,1024367305.7000
2024-06-18,sh.600276,42.5000,42.7100,41.8100,41.9700,42.5300,20392334,860147200.3200
2024-06-19,sh.600276,42.0000,42.2600,41.2100,41.3600,41.9700,20101128,836081464.8100
2024-06-20,sh.600276,41.3400,41.7700,40.5800,40.6000,41.3600,24782740,1013799894.6400
2024-06-21,sh.600276,40.7000,40.8000,39.7700,40.0400,40.6000,36455301,1459102929.2500
2024-06-24,sh.600276,40.0000,40.6400,39.5400,40.2900,40.0400,27893044,1123508475.0500
2024-06-25,sh.600276,40.5100,40.5800,39.4500,39.7000,40.2900,22458955,895023381.7500
2024-06-26,sh.600276,39.6900,40.0400,39.4300,39.9000,39.7000,22323523,887607506.0900
2024-06-27,sh.600276,39.8500,39.8500,39.0000,39.2400,39.9000,27183773,1064851487.8800
2024-06-28,sh.600276,39.2000,39.4400,38.3300,38.4600,39.2400,30925798,1199640450.6200
2024-07-01,sh.600276,38.4500,38.4700,37.8000,38.2700,38.4600,23890913,911326444.1100
2024-07-02,sh.600276,38.2300,38.2500,37.2400,37.4700,38.2700,31084695,1168354207.3500
2024-07-03,sh.600276,37.6000,39.6000,37.3300,38.6700,37.4700,55275948,2137708980.0200
2024-07-04,sh.600276,38.6700,39.4500,38.3300,38.4500,38.6700,28925733,1120476865.1800
2024-07-05,sh.600276,38.4600,40.3000,38.1000,40.0300,38.4500,49365271,1942122105.9200
2024-07-08,sh.600276,39.2000,40.1000,38.4400,39.2100,40.0300,49986820,1964892356.8300
2024-07-09,sh.600276,39.1200,39.4800,38.0100,38.9900,39.2100,40106262,1555216746.8100
2024-07-10,sh.600276,39.0000,39.7900,38.8800,39.4100,38.9900,20232304,796385784.8200
2024-07-11,sh.600276,39.7900,41.1400,39.3000,40.6000,39.4100,37980200,1538773534.2700
2024-07-12,sh.600276,40.8400,41.5000,40.4800,41.2700,40.4000,31501013,1296947585.6300
2024-07-15,sh.600276,41.0000,41.2900,40.4600,40.7800,41.2700,20710958,845176103.3500
2024-07-16,sh.600276,40.6500,41.0600,40.4200,40.9500,40.7800,22626802,924082558.4600
2024-07-17,sh.600276,40.5800,42.1500,40.5000,41.7400,40.9500,35683208,1488713788.8700
2024-07-18,sh.600276,41.8000,42.4200,41.7000,42.1500,41.7400,30712230,1292463142.8300
2024-07-19,sh.600276,42.0800,42.4800,41.9300,42.2300,42.1500,27751083,1171709540.6400
2024-07-22,sh.600276,42.2200,43.1000,41.8500,42.7700,42.2300,32570326,1391175547.9400
2024-07-23,sh.600276,42.7300,42.8200,41.3500,41.4100,42.7700,36689667,1532779454.3400
2024-07-24,sh.600276,41.2900,42.0600,41.2000,41.4000,41.4100,20035166,832921591.7200
2024-07-25,sh.600276,41.2200,41.8800,40.7000,41.4600,41.4000,21908030,908502720.5100
2024-07-26,sh.600276,41.4600,41.5800,40.5900,41.0700,41.4600,22115817,907314993.9700
2024-07-29,sh.600276,41.0200,41.3600,40.3900,40.4900,41.0700,23478909,956395684.5600
2024-07-30,sh.600276,40.5000,40.6600,39.6200,40.0000,40.4900,24261502,969474035.6200
2024-07-31,sh.600276,39.9900,42.3600,39.7000,42.2100,40.0000,39572420,1638778249.1800
2024-08-01,sh.600276,42.1900,42.5000,41.7500,41.9500,42.2100,17431319,733290056.0400
2024-08-02,sh.600276,41.8900,42.9800,41.8000,42.1700,41.9500,25582033,1085719969.9800
2024-08-05,sh.600276,42.1700,43.5800,42.1100,42.6500,42.1700,32358803,1386017875.3800
2024-08-06,sh.600276,42.6300,43.1800,42.4800,42.9100,42.6500,21771513,931702110.5400
2024-08-07,sh.600276,42.8800,42.8900,42.1100,42.1500,42.9100,17729345,751651391.0700
2024-08-08,sh.600276,42.1100,42.8900,42.1100,42.5800,42.1500,16488658,700866799.6200
2024-08-09,sh.600276,42.7000,43.3000,42.4100,42.4200,42.5800,15598427,666579242.2700
2024-08-12,sh.600276,42.2200,43.9600,42.2100,43.6300,42.4200,33283489,1447922052.4000
2024-08-13,sh.600276,43.6000,43.6000,42.4000,42.6700,43.6300,22723619,973012156.3600
2024-08-14,sh.600276,42.9500,42.9800,42.0900,42.5000,42.6700,14184673,602382870.7400
2024-08-15,sh.600276,42.3800,43.6500,42.3200,42.9200,42.5000,21424655,921651489.7300
2024-08-16,sh.600276,42.6000,43.2100,42.3000,43.1200,42.9200,15694280,673487374.6800
2024-08-19,sh.600276,43.2100,43.6000,41.7700,42.1100,43.1200,23967290,1014833544.9800
2024-08-20,sh.600276,42.1000,42.3800,41.8000,42.2500,42.1100,15398722,648578630.9900
2024-08-21,sh.600276,42.1900,42.8000,42.0400,42.3100,42.2500,16231298,688060044.3800
2024-08-22,sh.600276,43.2100,44.2700,42.6300,43.9300,42.3100,53734750,2349925930.7500
2024-08-23,sh.600276,43.6800,43.9500,43.0800,43.6200,43.9300,27750880,1208090957.8100
2024-08-26,sh.600276,43.6100,43.8000,42.8000,43.3200,43.6200,24522498,1059543421.0700
2024-08-27,sh.600276,43.2700,43.9800,43.1100,43.6000,43.3200,22626754,987526035.5000
2024-08-28,sh.600276,43.6000,44.0800,43.1500,43.5000,43.6000,20622688,896690756.7500
2024-08-29,sh.600276,43.4800,44.5500,43.3000,44.3200,43.5000,30523004,1349314946.4200
2024-08-30,sh.600276,44.4400,44.5000,43.9300,44.1300,44.3200,31328037,1385994563.4500
2024-09-02,sh.600276,44.0100,44.3700,43.0200,43.9000,44.1300,25800846,1128406266.4400
2024-09-03,sh.600276,43.8800,45.2000,43.7200,44.5800,43.9000,31647968,1415250776.2500
2024-09-04,sh.600276,44.3800,45.1500,44.1700,44.5100,44.5800,21257720,949655587.4700
2024-09-05,sh.600276,44.6600,45.1800,44.4200,45.0000,44.5100,19863861,892416905.2300
2024-09-06,sh.600276,45.1500,45.1500,44.4000,44.4000,45.0000,14147570,632592170.4700
2024-09-09,sh.600276,44.4000,45.4200,44.3000,44.5500,44.4000,25601684,1144505481.7100
2024-09-10,sh.600276,44.4000,44.7000,43.7100,44.4800,44.5500,19918291,883221376.3800
2024-09-11,sh.600276,44.3000,45.5500,44.1100,45.4300,44.4800,29157838,1318678749.4800
2024-09-12,sh.600276,45.2300,45.7800,44.7500,44.9700,45.4300,18657815,842058821.4400
2024-09-13,sh.600276,44.9500,45.3000,44.4000,44.7700,44.9700,19509734,874100288.4900
2024-09-18,sh.600276,44.8900,45.5900,44.7800,45.1200,44.7700,17507905,791075183.2100
2024-09-19,sh.600276,45.1300,45.3300,44.4000,45.0000,45.1200,22401152,1006153996.9300
2024-09-20,sh.600276,44.9000,44.9000,42.3200,42.7100,45.0000,66915599,2879104757.0000
2024-09-23,sh.600276,42.8800,43.4800,42.5200,42.7100,42.7100,28475378,1219950846.8700
2024-09-24,sh.600276,43.3800,43.7200,42.2400,43.6600,42.7100,43328054,1866263526.7500
2024-09-25,sh.600276,44.0100,44.6500,43.6900,43.8400,43.6600,43382501,1914228799.7200
2024-09-26,sh.600276,44.1400,46.5000,43.7100,46.4600,43.8400,47693338,2151506359.3100
2024-09-27,sh.600276,47.3800,48.9000,46.9500,48.6800,46.4600,38062085,1826081206.2700
2024-09-30,sh.600276,50.2000,52.7400,50.0000,52.3000,48.6800,101848211,5250200815.0400
2024-10-08,sh.600276,57.5300,57.5300,53.4000,56.0100,52.3000,119259493,6658937520.4100
2024-10-09,sh.600276,55.0000,55.0000,51.5600,51.6800,56.0100,90059068,4785336951.0100
2024-10-10,sh.600276,51.6800,53.8200,51.6800,52.5700,51.6800,58528066,3089484853.6400
2024-10-11,sh.600276,52.1300,52.5700,49.6800,50.2000,52.5700,49542203,2518858626.8400
2024-10-14,sh.600276,50.5000,51.6700,50.0600,51.3900,50.2000,39584123,2016817820.0800
2024-10-15,sh.600276,51.3900,52.6200,50.5500,50.6000,51.3900,36326359,1870266584.7400
2024-10-16,sh.600276,49.8900,50.6800,49.0100,49.1800,50.6000,39738816,1971863406.5900
2024-10-17,sh.600276,49.3000,50.5300,49.2200,49.2200,49.1800,34296311,1711600382.5100
2024-10-18,sh.600276,49.0000,51.5100,48.7600,50.4800,49.2200,53672595,2684309741.4700
2024-10-21,sh.600276,50.6000,51.0700,49.3300,50.5600,50.4800,47185178,2372525724.2300
2024-10-22,sh.600276,50.2100,51.7900,50.2100,50.7600,50.5600,40107748,2046102371.2400
2024-10-23,sh.600276,50.8300,51.1800,50.1400,50.6900,50.7600,37059732,1875687444.7600
2024-10-24,sh.600276,50.6000,50.6000,47.8200,48.6700,50.6900,90154712,4383045856.4200
2024-10-25,sh.600276,48.6000,48.6000,46.7200,48.0000,48.6700,94314886,4498732086.9200
2024-10-28,sh.600276,48.0300,48.9000,47.9700,48.5900,48.0000,57114104,2769377026.2300
2024-10-29,sh.600276,48.6200,48.9100,48.1000,48.1800,48.5900,39770039,1926235120.3000
2024-10-30,sh.600276,48.1800,48.4800,46.9600,47.2000,48.1800,47548494,2256717310.9300
2024-10-31,sh.600276,47.2100,47.4000,46.5600,46.6000,47.2000,45672171,2138254363.3600
2024-11-01,sh.600276,46.7200,48.5000,46.7200,47.5600,46.6000,61995884,2962180400.8400
2024-11-04,sh.600276,48.1000,48.3900,47.2600,47.9900,47.5600,40659229,1942430935.7200
2024-11-05,sh.600276,47.6200,48.8400,47.5000,48.6800,47.9900,51436998,2489509349.5200
2024-11-06,sh.600276,48.7100,49.6800,48.2500,48.7500,48.6800,53755839,2624774466.7600
2024-11-07,sh.600276,48.6000,50.0000,48.4100,50.0000,48.7500,58406608,2882919253.8500
2024-11-08,sh.600276,50.1000,50.5000,49.1500,49.5000,50.0000,65231445,3240522916.5300
2024-11-11,sh.600276,48.9900,49.6700,48.3000,49.4300,49.5000,58679168,2870267472.4600
2024-11-12,sh.600276,49.4300,50.7800,49.0500,49.2900,49.4300,76735680,3839811096.4800
2024-11-13,sh.600276,49.1600,50.2600,49.0600,49.3500,49.2900,40914137,2023644063.3700
2024-11-14,sh.600276,49.2700,49.7000,48.4300,48.4500,49.3500,38909169,1911896965.8600
2024-11-15,sh.600276,48.2700,48.7000,47.7000,47.7000,48.4500,33086981,1593427808.9000
2024-11-18,sh.600276,47.7100,48.0600,47.0000,47.2000,47.7000,30353555,1443825223.5700
2024-11-19,sh.600276,47.2400,47.8000,46.8400,47.4300,47.2000,26030458,1230951481.6100
2024-11-20,sh.600276,47.4400,50.7900,47.4400,50.4600,47.4300,109567359,5459304163.2400
2024-11-21,sh.600276,50.3100,50.9700,49.7500,50.1900,50.4600,48847493,2454422662.5600
2024-11-22,sh.600276,50.1900,50.6300,48.2000,48.2700,50.1900,50154761,2463628940.6700
2024-11-25,sh.600276,48.6000,49.4900,47.7600,47.7600,48.2700,43612870,2119573829.2000
2024-11-26,sh.600276,47.8600,49.5600,47.8000,48.6800,47.7600,39975602,1955082311.4900
2024-11-27,sh.600276,48.6200,50.2000,48.5800,49.9900,48.6800,57454360,2862205753.7400
2024-11-28,sh.600276,49.9500,50.7500,49.3200,49.7000,49.9900,36721023,1836357876.7900
2024-11-29,sh.600276,50.1100,51.3000,49.8000,50.6900,49.7000,69304072,3512492251.0300
2024-12-02,sh.600276,50.6000,50.7900,50.0200,50.4500,50.6900,41976462,2116109033.0300
2024-12-03,sh.600276,50.3500,50.4100,49.5300,49.6300,50.4500,39619749,1972432252.8400
2024-12-04,sh.600276,49.6500,49.9800,49.2500,49.4000,49.6300,25826013,1281641896.6500
2024-12-05,sh.600276,49.4200,49.4500,48.4500,48.9500,49.4000,29810775,1454359603.3600
2024-12-06,sh.600276,48.9500,49.8000,48.8400,49.5300,48.9500,34229110,1688375558.6400
2024-12-09,sh.600276,49.9800,50.0900,49.0600,49.3800,49.5300,27661358,1368832174.5200
2024-12-10,sh.600276,50.2500,50.2500,47.6100,48.1300,49.3800,102210021,4957092801.9400
2024-12-11,sh.600276,47.8600,48.1700,47.5100,48.1500,48.1300,42944859,2056039719.7600
2024-12-12,sh.600276,48.1500,48.1500,47.6000,48.0400,48.1500,36160892,1732532837.9000
2024-12-13,sh.600276,47.8000,47.9100,46.5600,46.5900,48.0400,65077716,3061019957.3900
2024-12-16,sh.600276,46.5800,46.5800,45.8000,46.0700,46.5900,35407912,1630463503.2100
2024-12-17,sh.600276,46.0500,46.9700,45.9000,46.5000,46.0700,31587486,1470663475.5300
2024-12-18,sh.600276,46.7000,47.0500,46.5300,46.5900,46.5000,24713965,1154970052.4900
2024-12-19,sh.600276,46.1800,46.6600,45.8800,46.5400,46.5900,21746077,1007124998.3800
2024-12-20,sh.600276,46.5400,46.8800,46.2200,46.2500,46.5400,26073276,1212975575.5200
2024-12-23,sh.600276,46.2500,46.3300,45.5100,45.8500,46.2500,36192684,1660614929.2800
2024-12-24,sh.600276,45.8500,46.6600,45.7800,46.3300,45.8500,29399109,1362414862.7600
2024-12-25,sh.600276,46.5600,47.0000,46.3300,46.6200,46.3300,31525766,1472155113.0500
2024-12-26,sh.600276,46.5000,46.5400,45.7600,46.1100,46.6200,25582787,1178284148.1800
2024-12-27,sh.600276,46.2000,46.3600,45.9000,46.1000,46.1100,21250538,980779073.2500
2024-12-30,sh.600276,46.2900,46.7600,46.0500,46.1400,46.1000,25626685,1186680454.5200
2024-12-31,sh.600276,46.1300,46.5700,45.8500,45.9000,46.1400,38816593,1793640701.2500
2025-01-02,sh.600276,45.8800,46.1000,44.7000,44.9500,45.9000,34813241,1575496085.9500
2025-01-03,sh.600276,45.0000,45.1700,44.1600,44.3600,44.9500,27387320,1223704154.6900
2025-01-06,sh.600276,44.7500,45.1100,44.3800,45.0100,44.3600,30148116,1351231040.4500
2025-01-07,sh.600276,45.0500,45.0900,44.0100,44.0400,45.0100,25742175,1139218011.9700
2025-01-08,sh.600276,44.0500,44.1800,42.9500,43.5500,44.0400,35032742,1524946448.1800
2025-01-09,sh.600276,43.5800,43.8700,43.0600,43.0800,43.5500,25776764,1116825881.1900
2025-01-10,sh.600276,43.0600,43.4100,42.5300,42.6700,43.0800,26575159,1138717521.3600
2025-01-13,sh.600276,42.5100,43.1700,42.4000,42.8100,42.6700,19112933,819457430.2400
2025-01-14,sh.600276,42.8100,44.4100,42.8100,44.2900,42.8100,33775503,1481294681.6500
2025-01-15,sh.600276,44.2600,44.2800,43.6600,43.8800,44.2900,18496457,810779951.2800
2025-01-16,sh.600276,44.0800,44.1500,42.8600,42.9000,43.8800,31015771,1344908223.7700
2025-01-17,sh.600276,42.5000,43.0800,42.4400,42.8400,42.9000,20061220,857835007.4600
2025-01-20,sh.600276,43.2900,45.3600,43.2800,44.5200,42.8400,55860298,2490393184.6700
2025-01-21,sh.600276,44.8500,45.3000,44.5500,45.1300,44.5200,35398018,1593272359.9200
2025-01-22,sh.600276,45.0300,45.2400,44.2400,44.4300,45.1300,21075095,939501099.3000
2025-01-23,sh.600276,44.5500,44.8200,43.7700,43.9600,44.4300,28608225,1264462646.0500
2025-01-24,sh.600276,43.8700,45.1500,43.8200,44.6400,43.9600,35046072,1569811205.4900
2025-01-27,sh.600276,44.8000,45.1800,44.5800,44.6500,44.6400,19306771,864900092.5300
2025-02-05,sh.600276,44.6700,44.8000,43.8700,44.0100,44.6500,27440678,1209865781.1400
2025-02-06,sh.600276,44.1300,44.5500,43.6700,44.3600,44.0100,25217720,1113529253.0100
2025-02-07,sh.600276,44.3600,46.3300,44.0000,45.2900,44.3600,50542235,2283393394.9300
2025-02-10,sh.600276,45.5000,45.5000,44.6700,44.8800,45.2900,37889246,1702769262.7000
2025-02-11,sh.600276,45.0000,45.1000,44.0500,44.1900,44.8800,31067830,1376208094.0700
2025-02-12,sh.600276,44.2000,44.5500,44.0200,44.4400,44.1900,25175738,1113067394.4500
2025-02-13,sh.600276,44.3000,45.0600,44.0600,44.6400,44.4400,37862524,1692124021.5400
2025-02-14,sh.600276,44.6200,45.7700,44.5600,45.5000,44.6400,52217434,2363013539.2800
2025-02-17,sh.600276,45.8000,46.3100,44.9500,45.2600,45.5000,55765326,2543137861.2000
2025-02-18,sh.600276,45.3100,45.7700,44.6600,44.8200,45.2600,35021947,1582024378.8600
2025-02-19,sh.600276,44.7400,45.1800,44.2000,44.7100,44.8200,36761103,1642055731.1500
2025-02-20,sh.600276,44.7500,46.9800,44.7500,46.5000,44.7100,85405751,3962875923.5200
2025-02-21,sh.600276,46.7000,48.4800,46.5300,48.2800,46.5000,97511816,4658378219.4100
2025-02-24,sh.600276,48.4000,48.6500,47.6000,48.0900,48.2800,53308063,2562457640.4700
2025-02-25,sh.600276,47.6400,48.2500,47.1700,47.3700,48.0900,35433199,1689640415.0600
2025-02-26,sh.600276,47.6000,47.7400,46.9500,47.5500,47.3700,32811280,1551997434.9700
2025-02-27,sh.600276,47.4000,48.3600,47.1900,47.9100,47.5500,36908148,1768169580.8300
2025-02-28,sh.600276,47.7100,48.1000,45.8100,45.9600,47.9100,49161519,2294571489.3200
2025-03-03,sh.600276,45.9500,46.8100,45.7700,45.9200,45.9600,31894554,1476382970.8700
2025-03-04,sh.600276,45.8100,46.0900,45.3800,45.8600,45.9200,24333671,1113598158.6300
2025-03-05,sh.600276,45.8600,46.1200,45.4600,45.9800,45.8600,25266965,1157331477.1500
2025-03-06,sh.600276,46.3000,46.8600,46.0500,46.5200,45.9800,33138915,1539946175.5400
2025-03-07,sh.600276,46.4000,46.4000,45.5200,45.6800,46.5200,33661440,1544840661.7800
2025-03-10,sh.600276,45.8200,46.1600,45.0000,45.4900,45.6800,34360556,1561460746.5000
2025-03-11,sh.600276,45.0500,45.4900,44.9500,45.3400,45.4900,29153512,1317152157.7900
2025-03-12,sh.600276,45.3800,45.7900,44.9500,45.0000,45.3400,33955147,1533371102.7700
2025-03-13,sh.600276,45.0500,45.2800,44.7700,45.0300,45.0000,24334895,1095003466.9300
2025-03-14,sh.600276,45.1200,46.8700,44.8800,46.5400,45.0300,57320676,2648874640.5400
2025-03-17,sh.600276,47.3200,47.3500,46.3800,46.4800,46.5400,27743095,1295638303.4800
2025-03-18,sh.600276,46.8800,47.4800,46.4200,46.5000,46.4800,30830946,1443933601.2800
2025-03-19,sh.600276,46.5200,48.1200,46.3000,47.2900,46.5000,48516179,2295409174.5400
2025-03-20,sh.600276,47.2000,47.4700,46.4800,46.6300,47.2900,32518757,1521454257.0400
2025-03-21,sh.600276,46.4000,46.6300,44.8300,44.8500,46.6300,54153818,2458827778.0800
2025-03-24,sh.600276,44.8600,45.0400,44.2000,44.3500,44.8500,32707594,1454999354.3900
2025-03-25,sh.600276,44.4700,45.0200,44.2300,44.8700,44.3500,22910500,1026660591.9100
2025-03-26,sh.600276,46.2000,46.9400,46.0700,46.2300,44.8700,61103593,2832596084.1400
2025-03-27,sh.600276,46.0800,48.4200,45.6000,48.3900,46.2300,86863207,4127696681.4900
2025-03-28,sh.600276,48.3900,49.5300,48.3900,48.6100,48.3900,77299809,3782798004.3100
2025-03-31,sh.600276,48.9800,50.0800,48.8500,49.2000,48.6100,78316591,3863528326.0300
2025-04-01,sh.600276,49.2000,52.5000,48.9100,51.8000,49.2000,135906280,6963773597.3800
2025-04-02,sh.600276,51.3200,51.7600,50.6600,50.8500,51.8000,63187882,3230471821.1900
2025-04-03,sh.600276,50.4100,51.6000,50.4100,51.0400,50.8500,51785846,2643033087.3300
2025-04-07,sh.600276,48.8000,49.8500,46.7600,48.7000,51.0400,115503305,5580749461.8600
2025-04-08,sh.600276,48.8000,49.2900,47.2600,48.7000,48.7000,98764578,4739094855.9400
2025-04-09,sh.600276,47.7300,48.2200,45.8600,48.2200,48.7000,97519951,4574095268.4600
2025-04-10,sh.600276,48.9700,49.0900,47.8600,48.5000,48.2200,73171260,3541702205.2900
2025-04-11,sh.600276,48.1600,48.6800,47.8000,48.3800,48.5000,42579799,2053266780.6400
2025-04-14,sh.600276,48.3800,50.0000,48.1000,48.8700,48.3800,57183442,2811326096.9600
2025-04-15,sh.600276,48.6000,48.9300,47.9200,48.2700,48.8700,32628885,1571241599.3800
2025-04-16,sh.600276,48.4000,48.9000,47.3600,48.9000,48.2700,45534414,2184411134.0800
2025-04-17,sh.600276,48.5400,48.8700,48.3200,48.7800,48.9000,30390040,1477059115.1600
2025-04-18,sh.600276,48.5800,48.9200,47.8600,48.0000,48.7800,25330179,1217785120.6300
2025-04-21,sh.600276,47.7000,49.4000,47.6300,49.1700,48.0000,37068001,1811287012.4200
2025-04-22,sh.600276,49.0400,51.3000,49.0400,50.9700,49.1700,61789198,3116791042.6700
2025-04-23,sh.600276,50.9600,51.4500,50.6200,51.0900,50.9700,38543044,1964625808.5000
2025-04-24,sh.600276,50.9700,51.7200,50.4200,51.1300,51.0900,33607741,1721477003.9400
2025-04-25,sh.600276,51.6800,52.0000,49.9700,50.2700,51.1300,52432914,2660676970.7600
2025-04-28,sh.600276,49.6800,50.1500,49.0000,49.9700,50.2700,39621032,1969933552.4400
2025-04-29,sh.600276,49.7100,49.7300,48.8800,49.6000,49.9700,34666988,1708826486.1100
2025-04-30,sh.600276,49.4500,51.3600,49.3000,51.1000,49.6000,42933848,2173618447.4300
2025-05-06,sh.600276,52.1000,52.1800,50.7300,51.0000,51.1000,38543945,1971965956.2800
2025-05-07,sh.600276,52.1000,52.2500,51.0100,51.5100,51.0000,39728794,2044498616.8300
2025-05-08,sh.600276,51.2200,51.7300,51.0300,51.5600,51.5100,29014812,1493108281.3800
2025-05-09,sh.600276,51.5600,52.9900,51.4500,52.8100,51.5600,58603714,3078537820.1000
2025-05-12,sh.600276,52.0000,52.0000,50.2000,50.6900,52.8100,84391222,4279425861.4600
2025-05-13,sh.600276,51.1900,52.2300,50.8800,51.2300,50.6900,51913233,2667979498.1300
2025-05-14,sh.600276,51.0200,53.2500,51.0100,52.9000,51.2300,62634690,3280790284.8500
2025-05-15,sh.600276,52.9000,53.9500,52.7000,53.6900,52.9000,53361459,2853103029.5600
2025-05-16,sh.600276,53.4900,54.0000,52.9000,53.8500,53.6900,38217660,2047406426.0700
2025-05-19,sh.600276,53.8000,54.3300,53.0500,53.4500,53.8500,35019068,1875209002.1500
2025-05-20,sh.600276,54.2900,55.1500,53.7900,54.4500,53.4500,59335691,3233612042.2800
2025-05-21,sh.600276,54.2800,56.5000,54.0300,55.9400,54.4500,61240349,3398156910.1800
2025-05-22,sh.600276,56.0000,56.3600,55.1600,55.6000,55.9400,41314629,2298821739.5600
2025-05-23,sh.600276,55.9000,56.0000,54.3000,54.5000,55.4000,54184027,2981192923.9300
2025-05-26,sh.600276,54.2000,54.6300,53.0600,53.3500,54.5000,53228437,2850955759.0300
2025-05-27,sh.600276,53.2200,54.0900,53.1300,53.4200,53.3500,36032348,1930051269.2100
2025-05-28,sh.600276,53.5900,54.9300,53.3300,54.2500,53.4200,35804983,1943962412.0500
2025-05-29,sh.600276,54.1500,54.5900,53.8600,54.1000,54.2500,35485276,1924548693.8300
2025-05-30,sh.600276,54.2900,55.6600,54.2500,54.7400,54.1000,47142160,2590435177.1900
2025-06-03,sh.600276,54.7400,55.7800,54.2500,54.8800,54.7400,43445035,2397345666.3300
2025-06-04,sh.600276,54.8400,55.8400,54.6100,55.2900,54.8800,36859302,2038925051.0500
2025-06-05,sh.600276,55.1000,55.1000,53.5500,53.8800,55.2900,49527267,2675359810.9300
2025-06-06,sh.600276,53.9000,54.1800,53.3800,53.8000,53.8800,34453388,1849932993.3800
2025-06-09,sh.600276,54.0000,55.7900,53.7800,54.3600,53.8000,65690582,3607525589.3500
2025-06-10,sh.600276,54.3800,55.8000,54.3800,55.1300,54.3600,48073517,2654117466.1900
2025-06-11,sh.600276,55.0000,55.8100,54.5500,54.7100,55.1300,37773566,2080608920.7600
2025-06-12,sh.600276,54.4000,56.2000,54.0000,55.8200,54.7100,49318822,2730556453.1900
2025-06-13,sh.600276,55.6900,56.0600,53.5600,53.8900,55.8200,66023830,3593704538.6500
2025-06-16,sh.600276,53.4100,54.0800,53.1000,53.7600,53.8900,39224137,2100282374.5200
2025-06-17,sh.600276,54.0000,54.2100,51.6000,51.8400,53.7600,69518032,3648258374.2300
2025-06-18,sh.600276,51.7000,52.2300,51.3200,51.8100,51.8400,33409543,1728559050.6800
2025-06-19,sh.600276,51.8400,52.3900,51.3100,51.5800,51.8100,37316694,1930536851.9400
2025-06-20,sh.600276,51.7500,52.3300,51.6300,51.7600,51.5800,24060775,1249132876.4000
2025-06-23,sh.600276,51.6800,52.1800,51.2000,51.9600,51.7600,31328106,1620281114.7900
2025-06-24,sh.600276,52.0900,52.5000,51.7300,52.1500,51.9600,45103539,2347206996.6300
2025-06-25,sh.600276,52.1500,53.0300,51.3100,52.9500,52.1500,53648196,2799316482.1700
2025-06-26,sh.600276,52.6000,52.9500,51.9000,52.0800,52.9500,39226868,2050704854.3500
2025-06-27,sh.600276,51.9100,52.0700,51.6700,51.9500,52.0800,28776507,1492711801.5000
2025-06-30,sh.600276,51.9100,52.1900,50.9900,51.9000,51.9500,44535488,2292910157.4300
2025-07-01,sh.600276,51.8900,52.7400,51.8000,52.4600,51.9000,39772496,2084478373.8900
2025-07-02,sh.600276,52.4000,53.4400,52.1000,52.2500,52.4600,32571223,1714632081.0200
2025-07-03,sh.600276,52.2600,52.5800,51.8100,52.4700,52.2500,29367818,1536828863.2800
2025-07-04,sh.600276,52.6100,53.7900,52.6000,53.2600,52.4700,47792312,2548289615.6200
2025-07-07,sh.600276,53.3800,53.5900,52.5600,52.6500,53.2600,28638794,1516132785.6900
2025-07-08,sh.600276,52.6900,53.6900,52.5000,53.4000,52.6500,35926315,1916547622.9800
2025-07-09,sh.600276,53.4000,57.9400,53.0200,57.1900,53.4000,115821169,6507788433.0900
2025-07-10,sh.600276,57.1300,58.2800,56.6100,57.6000,57.1900,90371570,5204345945.5300
2025-07-11,sh.600276,57.5100,58.1200,56.8800,56.9000,57.6000,65863171,3779524292.2200
2025-07-14,sh.600276,56.7500,58.0500,56.5600,57.2100,56.9000,47375836,2714468293.2800
2025-07-15,sh.600276,57.2500,57.5300,56.5200,57.2200,57.2100,43692847,2491977101.7000
2025-07-16,sh.600276,57.6500,58.9000,57.0400,57.2200,57.2200,39819120,2293530536.5900
2025-07-17,sh.600276,56.9000,57.9000,56.8400,57.7300,57.2200,44414628,2553187389.0300
2025-07-18,sh.600276,58.2100,59.8600,57.9000,58.7600,57.7300,66098565,3881474080.5100
2025-07-21,sh.600276,58.5000,58.8000,57.6800,58.0000,58.7600,50944185,2960736582.0200
2025-07-22,sh.600276,58.0000,58.8500,57.2000,57.4100,58.0000,47557025,2753253571.3100
2025-07-23,sh.600276,57.2000,58.0800,56.8700,57.1300,57.4100,42529511,2440208238.8300
2025-07-24,sh.600276,57.4400,57.9800,56.9500,57.5000,57.1300,46583415,2670846697.6400
2025-07-25,sh.600276,57.5000,57.5500,56.3500,56.4000,57.5000,50539423,2873987055.3200
2025-07-28,sh.600276,60.1000,62.0400,59.6600,62.0400,56.4000,163009595,9943549096.5200
2025-07-29,sh.600276,63.0000,65.4300,62.1300,63.8000,62.0400,168276889,10731327178.5300
2025-07-30,sh.600276,63.8100,64.7300,62.6500,63.5900,63.8000,98084933,6247901661.4400
2025-07-31,sh.600276,63.4000,64.2500,62.5000,62.9000,63.5900,74203875,4690208200.6100
2025-08-01,sh.600276,62.8300,63.5800,60.7600,61.3100,62.9000,73465464,4545894531.0300
2025-08-04,sh.600276,60.6000,62.0500,60.0000,62.0000,61.3100,68961349,4217834708.7400
2025-08-05,sh.600276,62.1100,62.4600,61.5600,62.3000,62.0000,54144318,3356911222.4100
2025-08-06,sh.600276,62.1900,62.5500,61.3800,61.5800,62.3000,57247861,3539622159.1600
2025-08-07,sh.600276,61.2500,62.1000,60.7000,60.8100,61.5800,50476397,3088025791.7400
2025-08-08,sh.600276,60.7000,61.1300,60.0000,60.9900,60.8100,36297073,2203721882.8800
2025-08-11,sh.600276,60.9900,61.4200,60.6800,61.0700,60.9900,42575238,2600063208.5600
2025-08-12,sh.600276,61.3200,61.4500,60.2600,60.8500,61.0700,39183475,2380971082.1800
2025-08-13,sh.600276,60.8500,63.5100,60.8500,62.6100,60.8500,81529632,5079201588.4700
2025-08-14,sh.600276,62.8500,63.6000,62.3600,62.8200,62.6100,57126647,3597162009.8400
2025-08-15,sh.600276,62.6400,64.2700,62.4600,63.4000,62.8200,61493254,3908038788.4700
2025-08-18,sh.600276,63.4000,63.9500,62.8100,63.0800,63.4000,72885756,4616557070.1500
2025-08-19,sh.600276,63.4000,65.4000,61.6300,61.6900,63.0800,99770049,6322095611.9100
2025-08-20,sh.600276,61.6600,62.9700,61.1100,62.8500,61.6900,65042442,4025484233.4200
2025-08-21,sh.600276,63.9800,65.3300,62.9500,63.9900,62.8500,85862923,5507421602.9100
2025-08-22,sh.600276,64.7100,65.2000,63.8300,64.9800,63.9900,63771891,4115097232.6600
2025-08-25,sh.600276,64.9800,66.4000,64.3700,66.2600,64.9800,84923381,5551997680.5100
2025-08-26,sh.600276,66.2000,66.2000,65.0000,65.3000,66.2600,57512937,3761929155.5100
2025-08-27,sh.600276,65.0100,65.7100,63.0400,63.0500,65.3000,83616934,5375767158.8400
2025-08-28,sh.600276,62.9500,63.2200,61.4100,63.0300,63.0500,71590154,4469129644.1600
2025-08-29,sh.600276,63.0300,66.8700,63.0300,66.2300,63.0300,102318607,6677635302.2000
2025-09-01,sh.600276,66.4000,68.8800,65.9200,68.3500,66.2300,87218089,5917826674.4200
2025-09-02,sh.600276,69.8000,70.7700,67.8000,68.8700,68.3500,108448969,7512721689.4800
2025-09-03,sh.600276,68.8000,73.4200,68.8000,71.9800,68.8700,112936901,8078844874.4500
2025-09-04,sh.600276,71.2700,71.5800,67.5000,68.6500,71.9800,110289406,7625423229.0700
2025-09-05,sh.600276,69.0000,72.9800,69.0000,72.4700,68.6500,93647856,6663122815.0200
2025-09-08,sh.600276,73.0000,73.8700,71.6400,72.3100,72.4700,74820928,5423039920.6800
2025-09-09,sh.600276,72.1700,74.0400,70.4800,71.0900,72.3100,76767009,5517534684.1800
2025-09-10,sh.600276,70.8400,71.7700,70.0800,70.3200,71.0900,46820413,3306783038.8100
2025-09-11,sh.600276,66.5800,68.4700,64.0000,68.2900,70.3200,194235937,12928573363.5000
2025-09-12,sh.600276,68.2800,69.5100,67.8600,69.0100,68.2900,83121521,5710845364.5200
2025-09-15,sh.600276,68.8500,69.6900,68.2600,69.1000,69.0100,61188153,4225790378.8500
2025-09-16,sh.600276,69.1000,69.3400,68.3400,69.1500,69.1000,43458205,2991348434.4800
2025-09-17,sh.600276,69.3000,70.8000,69.3000,70.1300,69.1500,58603371,4103135888.8700
2025-09-18,sh.600276,70.5600,73.1200,69.9000,71.0900,70.1300,86563888,6173830339.9400
2025-09-19,sh.600276,71.1000,71.2400,69.4900,69.6500,71.0900,52439242,3681125691.6000
2025-09-22,sh.600276,70.4900,72.7000,70.4000,71.0500,69.6500,57654243,4118513260.6900
2025-09-23,sh.600276,71.0000,71.1900,68.5000,69.7000,71.0500,56132957,3909219697.1100
2025-09-24,sh.600276,69.7000,70.3800,69.3000,70.1100,69.7000,39530211,2763214641.3300
2025-09-25,sh.600276,72.4000,73.0800,71.5500,72.2700,70.1100,73903918,5347121398.9600
2025-09-26,sh.600276,70.8000,71.3700,69.2300,70.0800,72.2700,69904485,4900954441.1100
2025-09-29,sh.600276,69.7900,69.7900,67.7600,69.2000,70.0800,64799104,4442889452.9800
2025-09-30,sh.600276,69.0000,71.5800,68.8000,71.5500,69.2000,57945078,4079739678.9200
2025-10-09,sh.600276,71.5600,71.6600,69.1100,71.1500,71.5500,59279340,4173571947.9300
2025-10-10,sh.600276,70.3800,70.8800,67.8500,68.2000,71.1500,70610070,4868800902.6800
2025-10-13,sh.600276,66.0000,68.0300,65.7000,66.9800,68.2000,53228709,3555005477.8700
2025-10-14,sh.600276,67.6100,67.6600,63.7000,64.2700,66.9800,70294663,4593967582.8700
2025-10-15,sh.600276,64.2000,66.4200,63.6800,66.4000,64.2700,51123163,3335928393.1400
2025-10-16,sh.600276,66.4300,68.5000,65.7200,66.8400,66.4000,46037757,3096812047.9900
2025-10-17,sh.600276,66.8500,67.4000,65.0000,65.1000,66.8400,34950734,2298728244.6300
2025-10-20,sh.600276,65.9900,66.5100,64.8300,65.1300,65.1000,32671694,2146357392.2000
2025-10-21,sh.600276,65.5000,66.5800,65.1400,66.0000,65.1300,36956031,2436269459.0000
2025-10-22,sh.600276,66.2500,66.7900,65.0100,65.2600,66.0000,39804808,2610971756.4100
2025-10-23,sh.600276,65.0100,65.4300,64.0200,65.1400,65.2600,34278526,2219041425.2200
2025-10-24,sh.600276,65.2600,66.3600,65.0100,65.5000,65.1400,37275277,2441099937.7800
2025-10-27,sh.600276,66.5500,67.8500,66.5100,67.0100,65.5000,50892492,3413538792.9900
2025-10-28,sh.600276,65.2200,65.4600,63.5000,63.6200,67.0100,108208999,6923383032.7100
2025-10-29,sh.600276,63.6000,64.4800,62.7100,64.0200,63.6200,56217455,3577122184.9000
2025-10-30,sh.600276,64.0200,64.0200,62.8700,62.8800,64.0200,60874000,3856500507.4300
2025-10-31,sh.600276,63.3600,65.4900,63.2000,64.1500,62.8800,83706390,5386074734.2700
2025-11-03,sh.600276,64.9600,64.9900,62.8200,63.4000,64.1500,46030561,2924454178.2500
2025-11-04,sh.600276,63.4200,63.4500,61.5500,61.9200,63.4000,51560966,3215841267.2000
2025-11-05,sh.600276,61.3000,62.4900,61.2200,61.9600,61.9200,33438078,2074291418.5800
2025-11-06,sh.600276,61.9500,62.5000,61.4700,62.4200,61.9600,25252395,1567372106.1000
2025-11-07,sh.600276,62.0000,62.4900,61.5000,61.5800,62.4200,27065428,1670988958.2300
2025-11-10,sh.600276,61.5700,61.9300,60.9600,61.8300,61.5800,39624830,2431973885.4400
2025-11-11,sh.600276,61.9500,62.2000,61.0000,61.0600,61.8300,27515998,1687561579.7900
2025-11-12,sh.600276,61.0900,62.8600,61.0900,62.1000,61.0600,51426776,3203516791.2600
2025-11-13,sh.600276,62.6900,63.7900,62.2300,63.5600,62.1000,50831837,3211808939.3500
2025-11-14,sh.600276,63.4500,63.9000,62.7600,62.9000,63.5600,31950414,2021555066.0900
2025-11-17,sh.600276,62.8900,63.0500,61.4100,61.8000,62.9000,31538452,1952561578.2600
2025-11-18,sh.600276,61.6100,62.8500,61.5200,61.7800,61.8000,21910059,1359324791.3700
2025-11-19,sh.600276,61.5000,61.7800,61.0200,61.1100,61.7800,21116242,1295307074.7100
2025-11-20,sh.600276,61.2300,61.6500,60.5400,60.6300,61.1100,25348006,1544020769.8400
2025-11-21,sh.600276,60.3300,61.1000,59.3100,59.5000,60.6300,44733534,2679336096.5900
2025-11-24,sh.600276,60.0400,61.1000,59.9600,60.6600,59.5000,34397324,2083464657.6500
2025-11-25,sh.600276,61.1000,61.6100,60.5300,60.8800,60.6600,26504513,1620797703.8000
2025-11-26,sh.600276,61.5000,62.8000,61.0300,62.3600,60.8800,43986195,2739532775.4600
2025-11-27,sh.600276,62.6000,62.9600,61.9400,62.0900,62.3600,25730763,1604386051.8500
2025-11-28,sh.600276,62.3600,62.3600,61.6100,62.0800,62.0900,20277619,1257510630.7200
2025-12-01,sh.600276,62.0800,62.0900,61.0600,61.9400,62.0800,25483095,1567868103.1300
2025-12-02,sh.600276,61.9000,61.9000,61.0000,61.1200,61.9400,18230614,1115986037.2800
2025-12-03,sh.600276,61.1000,61.5500,60.7000,60.9700,61.1200,19852976,1211357997.3300
2025-12-04,sh.600276,61.0100,61.4900,60.9700,61.2500,60.9700,18040766,1103403552.7100
2025-12-05,sh.600276,61.1900,61.7900,60.7000,61.6200,61.2500,23117615,1418750951.5800
2025-12-08,sh.600276,62.6000,63.5500,61.9200,62.4600,61.6200,50861759,3186857202.3300
2025-12-09,sh.600276,62.3200,64.1500,62.3000,63.0800,62.4600,49359339,3131342824.0500
2025-12-10,sh.600276,63.1500,63.5600,62.2700,63.3800,63.0800,28895961,1820981674.8800
2025-12-11,sh.600276,63.5600,63.9400,63.1100,63.4000,63.3800,24706127,1569053154.3100
2025-12-12,sh.600276,63.2800,63.2800,62.2600,63.2800,63.4000,31562926,1984535365.4900
2025-12-15,sh.600276,62.6800,62.6800,61.3800,61.3800,63.2800,29007220,1796682727.4900
2025-12-16,sh.600276,61.3800,61.4900,58.6800,59.1500,61.3800,52378486,3112549390.9300
2025-12-17,sh.600276,59.3500,60.8000,59.0100,60.3000,59.1500,33041782,1980882810.4400
2025-12-18,sh.600276,60.0500,60.5700,59.9500,60.0000,60.3000,17930929,1078752359.7800
2025-12-19,sh.600276,60.0700,61.3800,59.9100,60.8500,60.0000,28835842,1753822163.6100
2025-12-22,sh.600276,60.8100,61.5000,60.3300,60.9300,60.8500,23670924,1444845736.6300
2025-12-23,sh.600276,60.8500,62.5600,60.8400,61.8000,60.9300,32919095,2037549674.2800
2025-12-24,sh.600276,61.6700,62.0000,61.0800,61.2300,61.8000,25050206,1539580671.7700
2025-12-25,sh.600276,61.2200,61.6600,61.0300,61.4000,61.2300,15518175,952122259.6800
2025-12-26,sh.600276,61.3000,61.6600,60.6000,61.0600,61.4000,21430781,1311044159.6200
2025-12-29,sh.600276,61.0600,61.2700,60.4100,60.5100,61.0600,28575162,1737055879.0100
2025-12-30,sh.600276,60.4000,60.6000,59.9000,60.1800,60.5100,25330461,1525944032.4000
2025-12-31,sh.600276,60.1600,60.3600,59.5000,59.5700,60.1800,26827896,1603948701.6000
