date,code,open,high,low,close,preclose,volume,amount
2019-01-02,sz.300224,5.8900,5.9900,5.8500,5.9200,5.8900,1779982,10548258.5900
2019-01-03,sz.300224,5.9700,6.0700,5.9000,5.9700,5.9200,1883402,11305451.3900
2019-01-04,sz.300224,5.9100,6.1800,5.8700,6.1700,5.9700,4213703,25620827.1300
2019-01-07,sz.300224,6.2600,6.4000,6.1500,6.3600,6.1700,6129063,38707068.9100
2019-01-08,sz.300224,6.3300,6.7200,6.3200,6.3900,6.3600,11538951,75522060.2900
2019-01-09,sz.300224,6.3200,6.4600,6.2800,6.2900,6.3900,7203656,45753883.4400
2019-01-10,sz.300224,6.2400,6.3400,6.2100,6.2100,6.2900,3214150,20148794.5000
2019-01-11,sz.300224,6.2300,6.4000,6.2200,6.3800,6.2100,4361414,27645057.4800
2019-01-14,sz.300224,6.3700,6.4900,6.3000,6.3800,6.3800,3689753,23654440.7000
2019-01-15,sz.300224,6.3800,6.4600,6.3300,6.4200,6.3800,3497350,22397286.0000
2019-01-16,sz.300224,6.4300,6.4500,6.3000,6.3200,6.4200,2342600,14897366.0000
2019-01-17,sz.300224,6.4000,6.4100,6.2400,6.3100,6.3200,2925519,18492055.7700
2019-01-18,sz.300224,6.2700,6.3500,6.2500,6.3400,6.3100,2554703,16110904.3700
2019-01-21,sz.300224,6.3800,6.4000,6.3100,6.3600,6.3400,2084700,13247354.0000
2019-01-22,sz.300224,6.3500,6.4000,6.2500,6.2800,6.3600,2409350,15225168.3700
2019-01-23,sz.300224,6.2800,6.3400,6.2400,6.3200,6.2800,1779215,11207351.3700
2019-01-24,sz.300224,6.3100,6.3600,6.2600,6.3100,6.3200,2116166,13400980.9600
2019-01-25,sz.300224,6.3100,6.4200,6.2800,6.3800,6.3100,2493453,15870034.6100
2019-01-28,sz.300224,6.4200,6.4200,6.2600,6.2800,6.3800,2808902,17885766.9900
2019-01-29,sz.300224,5.9400,5.9500,5.6500,5.6500,6.2800,11070309,63239749.4300
2019-01-30,sz.300224,5.5200,5.7600,5.5200,5.6000,5.6500,3755693,21233378.9800
2019-01-31,sz.300224,5.5900,5.7900,5.5700,5.7300,5.6000,4348921,24916162.4000
2019-02-01,sz.300224,5.8100,5.8700,5.7500,5.8400,5.7300,2492850,14544080.9700
2019-02-11,sz.300224,5.8800,5.9700,5.8600,5.9700,5.8400,2314362,13743880.4400
2019-02-12,sz.300224,5.9400,6.0500,5.9400,6.0200,5.9700,2475853,14861264.3300
2019-02-13,sz.300224,6.0000,6.3400,5.9900,6.2700,6.0200,6333398,39365531.6100
2019-02-14,sz.300224,6.3200,6.3600,6.2100,6.3300,6.2700,3828630,24143884.2000
2019-02-15,sz.300224,6.3000,6.4800,6.2600,6.3200,6.3300,4083684,25976581.6500
2019-02-18,sz.300224,6.3000,6.5900,6.3000,6.5300,6.3200,6471175,41780942.9300
2019-02-19,sz.300224,6.5300,6.6800,6.4500,6.6700,6.5300,9236804,60954584.8900
2019-02-20,sz.300224,6.6600,6.8700,6.5200,6.6900,6.6700,5447845,36317968.1000
2019-02-21,sz.300224,6.6700,6.7500,6.5700,6.6000,6.6900,4384818,29257309.9900
2019-02-22,sz.300224,6.5600,6.7500,6.5400,6.7300,6.6000,4288616,28766311.4600
2019-02-25,sz.300224,6.8000,7.1000,6.7500,7.0500,6.7300,9328038,65420299.5400
2019-02-26,sz.300224,7.0900,7.2900,7.0500,7.1000,7.0500,9483034,68075617.6100
2019-02-27,sz.300224,6.9600,7.2500,6.9400,6.9900,7.1000,6057649,42932615.8700
2019-02-28,sz.300224,6.9900,7.2500,6.9900,7.1600,6.9900,5756834,41208221.8400
2019-03-01,sz.300224,7.1500,7.2400,7.0300,7.1400,7.1600,3865209,27546707.4200
2019-03-04,sz.300224,7.2400,7.3100,7.0400,7.1600,7.1400,8888649,63952544.1400
2019-03-05,sz.300224,7.2000,7.3500,7.1300,7.3200,7.1600,5684614,41355459.0300
2019-03-06,sz.300224,7.3400,7.6800,7.3400,7.5200,7.3200,8694293,65209044.3300
2019-03-07,sz.300224,7.5400,7.8200,7.5200,7.7000,7.5200,8317680,63646507.3200
2019-03-08,sz.300224,7.6200,7.6800,7.2500,7.2500,7.7000,9976668,74604084.0200
2019-03-11,sz.300224,7.2800,7.8500,7.2800,7.7700,7.2500,9803479,75264390.1600
2019-03-12,sz.300224,7.8500,7.9400,7.6100,7.7000,7.7700,7975330,61976619.7100
2019-03-13,sz.300224,7.6200,7.9900,7.5500,7.6500,7.7000,8836777,69050758.0800
2019-03-14,sz.300224,7.6600,7.8700,7.3000,7.3200,7.6500,8948184,67445726.9300
2019-03-15,sz.300224,7.4800,7.6000,7.2000,7.3800,7.3200,10457707,77286582.4800
2019-03-18,sz.300224,7.4800,7.8500,7.4500,7.8200,7.3800,10568694,81519090.6000
2019-03-19,sz.300224,8.0000,8.0400,7.3600,7.4800,7.8200,14591739,110079186.6500
2019-03-20,sz.300224,7.3900,7.5300,7.1900,7.3700,7.4800,8327723,61231902.0200
2019-03-21,sz.300224,7.3700,7.4900,7.3600,7.4400,7.3700,6941301,51578018.9500
2019-03-22,sz.300224,7.3400,7.5100,7.2800,7.3400,7.4400,5440245,40048702.6900
2019-03-25,sz.300224,7.2400,7.4500,7.1800,7.3000,7.3400,6278177,46121958.9200
2019-03-26,sz.300224,7.3000,7.3700,6.7700,6.8200,7.3000,11522593,80864844.8100
2019-03-27,sz.300224,6.8900,6.9500,6.7500,6.9200,6.8200,7472084,51449390.0600
2019-03-28,sz.300224,6.8500,7.0500,6.8400,6.8600,6.9200,6013666,41665820.6800
2019-03-29,sz.300224,6.8700,6.9600,6.7000,6.9500,6.8600,9380598,64326128.2500
2019-04-01,sz.300224,6.9700,7.1700,6.9500,7.1200,6.9500,9401910,66562374.0300
2019-04-02,sz.300224,7.1400,7.2500,7.1000,7.1300,7.1200,10479308,74936310.1300
2019-04-03,sz.300224,7.0900,7.1200,7.0200,7.1000,7.1300,9522762,67331392.8500
2019-04-04,sz.300224,7.1100,7.3500,7.0800,7.2300,7.1000,14657926,105446057.2700
2019-04-08,sz.300224,7.2300,7.3100,6.9000,7.0100,7.2300,12545590,89392322.9900
2019-04-09,sz.300224,7.0100,7.0600,6.9100,7.0100,7.0100,6441450,44937073.5000
2019-04-10,sz.300224,7.0100,7.0100,6.8100,6.9400,7.0100,6090393,42033107.1100
2019-04-11,sz.300224,6.9700,6.9900,6.7800,6.8600,6.9400,6515896,44688598.4400
2019-04-12,sz.300224,6.8400,6.8900,6.7500,6.8500,6.8600,4667500,31861250.2600
2019-04-15,sz.300224,6.9100,7.0000,6.7000,6.7600,6.8500,4905750,33767216.3200
2019-04-16,sz.300224,6.7800,6.9400,6.7000,6.9200,6.7600,5885442,40190686.0000
2019-04-17,sz.300224,6.9500,7.1000,6.9300,7.0300,6.9200,8937696,62960554.9400
2019-04-18,sz.300224,7.1000,7.3900,7.0100,7.0400,7.0300,12343080,89001952.5900
2019-04-19,sz.300224,7.0100,7.2600,6.9800,7.1700,7.0400,8199318,58343107.4800
2019-04-22,sz.300224,7.1800,7.2800,7.0600,7.0800,7.1700,5884698,42076793.3600
2019-04-23,sz.300224,7.0400,7.2400,6.9000,7.1300,7.0800,8105076,57204669.7000
2019-04-24,sz.300224,7.1000,7.1200,6.8500,6.9900,7.1300,9094779,63247208.8600
2019-04-25,sz.300224,6.8900,7.0300,6.6200,6.6400,6.9900,8664791,59149885.2000
2019-04-26,sz.300224,6.6100,6.7900,6.5300,6.6700,6.6400,5308056,35438990.3900
2019-04-29,sz.300224,6.6800,6.7200,6.2800,6.2900,6.6700,7330667,46991052.7900
2019-04-30,sz.300224,6.4000,6.4100,6.3000,6.3600,6.2900,2693400,17118108.0000
2019-05-06,sz.300224,6.2300,6.2300,5.8200,5.9100,6.3600,5263474,31720233.1100
2019-05-07,sz.300224,5.9600,6.0600,5.8900,5.9900,5.9100,3583487,21460478.9700
2019-05-08,sz.300224,5.7500,6.0300,5.7500,5.9600,5.9900,2789106,16592044.8200
2019-05-09,sz.300224,5.9100,6.1600,5.8700,6.0400,5.9600,4056670,24428114.8000
2019-05-10,sz.300224,6.0500,6.1900,5.9200,6.1900,6.0400,5656942,34497258.9600
2019-05-13,sz.300224,6.1000,6.1600,6.0300,6.0600,6.1900,3053100,18585307.0000
2019-05-14,sz.300224,6.0000,6.1500,6.0000,6.0900,6.0600,4426407,26889234.9500
2019-05-15,sz.300224,6.0800,6.1400,6.0600,6.1100,6.0900,4862166,29634929.9800
2019-05-16,sz.300224,6.1100,6.7200,6.0900,6.7200,6.1100,23821093,156340397.5500
2019-05-17,sz.300224,6.7400,6.8500,6.3300,6.3600,6.7200,19857369,130303378.8700
2019-05-20,sz.300224,6.2300,7.0000,6.1600,7.0000,6.3600,25006985,167970695.2200
2019-05-21,sz.300224,7.3100,7.7000,7.0700,7.7000,7.0000,40077610,298818492.8900
2019-05-22,sz.300224,7.9900,8.2400,7.4700,7.4700,7.7000,48078621,377338358.4700
2019-05-23,sz.300224,7.5200,7.8500,7.3500,7.5800,7.4700,30048068,229085463.1500
2019-05-24,sz.300224,7.2600,7.8000,7.0300,7.3000,7.5800,29879399,221840324.3200
2019-05-27,sz.300224,7.5000,8.0300,7.4400,8.0300,7.3000,30438649,236041253.5900
2019-05-28,sz.300224,8.5500,8.8300,8.1100,8.4300,8.0300,59491844,505122231.1200
2019-05-29,sz.300224,8.6000,9.2700,8.6000,9.2700,8.4300,57518786,517948991.2600
2019-05-30,sz.300224,9.0000,9.0200,8.3400,8.7300,9.2700,62539854,545151833.9700
2019-05-31,sz.300224,8.3600,8.8000,8.1200,8.4100,8.7300,35299181,299161181.4500
2019-06-03,sz.300224,8.4000,8.4400,7.7000,7.8900,8.4100,33632917,272422593.0100
2019-06-04,sz.300224,7.8800,8.0600,7.5900,7.7300,7.8900,24243145,188392247.5000
2019-06-05,sz.300224,8.1600,8.5000,8.1600,8.2800,7.7300,56502925,473469402.2200
2019-06-06,sz.300224,7.8600,8.8500,7.5000,8.4900,8.2800,59735538,495835594.8900
2019-06-10,sz.300224,8.7800,9.3400,8.4100,9.3400,8.4900,54735157,490631558.1100
2019-06-11,sz.300224,9.3800,10.2700,9.2100,10.2700,9.3400,50513253,498911445.1200
2019-06-12,sz.300224,11.3000,11.3000,10.3100,10.3600,10.2700,109252455,1195129800.1200
2019-06-13,sz.300224,10.2100,10.4800,9.5900,9.9500,10.3600,84200034,835466701.7200
2019-06-14,sz.300224,9.8000,9.8400,9.0300,9.3400,9.9500,60697350,571093989.7400
2019-06-17,sz.300224,9.3300,9.6200,9.1600,9.4000,9.3400,41960981,394295618.3900
2019-06-18,sz.300224,8.7700,8.9500,8.4600,8.7400,9.4000,65346683,566948768.8800
2019-06-19,sz.300224,8.6700,9.0300,8.4500,8.7200,8.7400,52448972,460231834.5500
2019-06-20,sz.300224,8.6600,8.6800,8.1200,8.4900,8.7200,47417095,396559970.7100
2019-06-21,sz.300224,8.4500,8.7700,8.3700,8.4500,8.4900,45192653,386547639.6200
2019-06-24,sz.300224,8.4500,9.0200,8.3500,8.8300,8.4500,55814427,487541650.6100
2019-06-25,sz.300224,8.6400,8.6400,8.0700,8.1600,8.8300,43335802,356513592.4500
2019-06-26,sz.300224,8.0500,8.2000,7.9200,8.0100,8.1600,24069513,193512582.6700
2019-06-27,sz.300224,8.0000,8.1500,7.9600,8.0600,8.0100,18393419,148139236.9200
2019-06-28,sz.300224,8.1300,8.8700,8.0600,8.8700,8.0600,55620322,472709742.2600
2019-07-01,sz.300224,8.5000,9.3000,8.3600,9.1000,8.8700,76660639,675423553.0300
2019-07-02,sz.300224,8.8600,9.2500,8.7500,8.8000,9.1000,50043397,447366907.0100
2019-07-03,sz.300224,8.7000,8.8800,8.3400,8.4600,8.8000,33915852,290243029.6600
2019-07-04,sz.300224,8.4700,8.6500,8.1800,8.5200,8.4600,32930487,277431980.4900
2019-07-05,sz.300224,8.4400,8.5700,8.2600,8.3500,8.5200,20040482,168107877.8200
2019-07-08,sz.300224,8.3000,8.3000,7.6800,7.7800,8.3500,29907711,236725934.5100
2019-07-09,sz.300224,7.7500,8.1400,7.7300,7.9100,7.7800,22678868,180183674.0900
2019-07-10,sz.300224,7.9300,8.0900,7.7400,7.8100,7.9100,17869000,141024646.1600
2019-07-11,sz.300224,7.8900,7.9500,7.5200,7.6300,7.8100,16969331,131262788.5400
2019-07-12,sz.300224,7.7500,7.8500,7.5600,7.6900,7.6300,15350596,118837456.1800
2019-07-15,sz.300224,7.7500,8.2300,7.7400,7.9900,7.6900,26767275,214603904.9400
2019-07-16,sz.300224,7.9100,8.0600,7.8600,7.9000,7.9900,14664099,116444750.0700
2019-07-17,sz.300224,7.8700,8.2000,7.8200,7.9400,7.9000,18928693,151074785.0500
2019-07-18,sz.300224,7.9900,8.3600,7.9900,8.1100,7.9400,32188580,263793478.0400
2019-07-19,sz.300224,8.0000,8.0800,7.8900,7.9500,8.1100,18928629,150996324.7400
2019-07-22,sz.300224,7.8900,7.9100,7.1700,7.2000,7.9500,26100487,191806156.0600
2019-07-23,sz.300224,7.2200,7.3000,7.0800,7.2600,7.2000,13249705,95611063.5900
2019-07-24,sz.300224,7.2800,7.4400,7.2800,7.3600,7.2600,11059950,81516741.5000
2019-07-25,sz.300224,7.3700,7.5700,7.2700,7.4700,7.3600,15759636,116892871.3800
2019-07-26,sz.300224,7.3800,7.4200,7.2600,7.3600,7.4700,10042393,73578239.9500
2019-07-29,sz.300224,7.3500,7.4300,7.2400,7.2700,7.3600,7405722,54200351.8700
2019-07-30,sz.300224,7.2900,7.3700,7.2700,7.2800,7.2700,7907686,57841993.2600
2019-07-31,sz.300224,7.2600,7.3600,7.0800,7.3000,7.2800,14010484,101239127.7100
2019-08-01,sz.300224,7.1900,7.2700,7.1500,7.1700,7.3000,9889413,71144929.4000
2019-08-02,sz.300224,7.5600,7.8800,7.4300,7.8700,7.1700,48757217,373978147.4400
2019-08-05,sz.300224,7.8000,8.4100,7.6700,8.1000,7.8700,46215038,374319268.1000
2019-08-06,sz.300224,7.8800,8.4800,7.7300,8.2100,8.1000,49310932,405077161.2000
2019-08-07,sz.300224,8.1200,8.8900,8.0000,8.6600,8.2100,61822155,517490192.8000
2019-08-08,sz.300224,8.4000,8.4800,8.1100,8.1800,8.6600,39526256,327244960.9100
2019-08-09,sz.300224,8.1400,8.3500,8.0200,8.0700,8.1800,26378465,215959829.2000
2019-08-12,sz.300224,8.0100,8.1000,7.5000,7.7300,8.0700,34304366,263486470.0200
2019-08-13,sz.300224,7.6400,7.9000,7.6100,7.7900,7.7300,25235978,196048871.6500
2019-08-14,sz.300224,7.5000,7.6300,7.4100,7.5300,7.7900,22006576,165741413.0500
2019-08-15,sz.300224,7.3600,7.6000,7.3000,7.4200,7.5300,17074996,126919547.6200
2019-08-16,sz.300224,7.5800,7.9400,7.5800,7.9200,7.4200,39475602,308021338.4600
2019-08-19,sz.300224,7.7400,8.0600,7.6600,8.0200,7.9200,31141119,245221627.9000
2019-08-20,sz.300224,7.9600,8.1800,7.8600,8.0400,8.0200,30157870,241604325.7200
2019-08-21,sz.300224,7.9500,8.0200,7.7700,7.8000,8.0400,19595169,154286818.2100
2019-08-22,sz.300224,7.8000,7.9300,7.7600,7.8500,7.8000,14685050,115413811.0000
2019-08-23,sz.300224,7.8700,8.3900,7.8200,8.2200,7.8500,45351800,370759133.9000
2019-08-26,sz.300224,8.5700,8.6800,8.1900,8.2100,8.2200,52012646,439211824.6600
2019-08-27,sz.300224,8.1900,8.2300,7.9000,8.1800,8.2100,32683556,263657969.8600
2019-08-28,sz.300224,8.0900,8.1900,7.9800,7.9900,8.1800,23094401,185560203.4800
2019-08-29,sz.300224,8.0200,8.2800,7.9100,8.2700,7.9900,27477712,223171887.5400
2019-08-30,sz.300224,8.1700,8.7500,7.9600,8.4100,8.2700,46558857,386907472.5600
2019-09-02,sz.300224,8.2600,8.4400,8.1300,8.3800,8.4100,28801467,239251999.9800
2019-09-03,sz.300224,8.3800,8.5700,8.2700,8.3100,8.3800,26267632,220159382.8200
2019-09-04,sz.300224,8.3200,8.3500,8.1800,8.2100,8.3100,21098640,173879759.0200
2019-09-05,sz.300224,8.2100,8.3400,8.1300,8.2300,8.2100,24285526,199770569.7700
2019-09-06,sz.300224,8.2300,8.2300,8.0600,8.0700,8.2300,20378129,165292752.9000
2019-09-09,sz.300224,8.1300,8.1800,8.0800,8.1800,8.0700,16191003,131683921.8300
2019-09-10,sz.300224,8.1700,8.3500,8.1300,8.3000,8.1800,24200610,200307510.1100
2019-09-11,sz.300224,8.3000,8.4900,8.1500,8.4500,8.3000,36400688,304170160.5400
2019-09-12,sz.300224,8.4100,8.4400,8.2900,8.3000,8.4500,21518192,179786847.6500
2019-09-16,sz.300224,8.2800,8.3000,8.1600,8.2400,8.3000,17980730,147636622.0500
2019-09-17,sz.300224,8.2200,8.4200,8.0300,8.0300,8.2400,23713350,195401868.3500
2019-09-18,sz.300224,7.9800,7.9900,7.7700,7.8200,8.0300,17962800,141074713.3500
2019-09-19,sz.300224,7.8200,7.8800,7.7500,7.8800,7.8200,9271699,72613710.6800
2019-09-20,sz.300224,7.8600,7.9300,7.8300,7.8700,7.8800,8773520,69048120.2000
2019-09-23,sz.300224,7.7500,7.7500,7.5200,7.5800,7.8700,12838795,97367012.4500
2019-09-24,sz.300224,7.5600,7.6400,7.4400,7.5100,7.5800,9614600,72613596.8500
2019-09-25,sz.300224,7.4800,7.6000,7.4200,7.5100,7.5100,7846025,59006459.2500
2019-09-26,sz.300224,7.5100,7.5100,7.1000,7.1100,7.5100,12788100,92731065.5000
2019-09-27,sz.300224,7.1100,7.2400,7.0800,7.1800,7.1100,6055237,43533936.7700
2019-09-30,sz.300224,7.1900,7.3800,7.1700,7.1800,7.1800,5792760,41928558.9500
2019-10-08,sz.300224,7.1800,7.5100,7.1800,7.4500,7.1800,9016921,66070689.4100
2019-10-09,sz.300224,7.3400,7.6700,7.2900,7.5500,7.4500,14485287,108954882.2800
2019-10-10,sz.300224,7.5500,7.5600,7.4200,7.5000,7.5500,9006596,67325994.1800
2019-10-11,sz.300224,7.4600,7.4700,7.3500,7.3500,7.5000,7183415,53210392.2500
2019-10-14,sz.300224,7.2900,7.4500,7.2100,7.3900,7.3500,7479516,54979455.0200
2019-10-15,sz.300224,7.4000,7.4800,7.3600,7.3900,7.3900,8157650,60620297.0000
2019-10-16,sz.300224,7.4000,7.5500,7.3600,7.5100,7.3900,9530056,71358020.4600
2019-10-17,sz.300224,7.5200,7.5400,7.4000,7.4000,7.5100,5280150,39314174.7900
2019-10-18,sz.300224,7.4000,7.4200,7.1200,7.1500,7.4000,7095200,51377961.0000
2019-10-21,sz.300224,7.1600,7.2500,7.0200,7.1700,7.1500,4641400,33127396.0000
2019-10-22,sz.300224,7.1600,7.3400,7.1500,7.3000,7.1700,5237195,38054748.7800
2019-10-23,sz.300224,7.3300,7.3900,7.2800,7.2900,7.3000,5239721,38482738.8700
2019-10-24,sz.300224,7.2800,7.3900,7.2500,7.3400,7.2900,4620673,33912806.1500
2019-10-25,sz.300224,7.3200,7.3600,7.2000,7.2800,7.3400,4676639,33972145.0300
2019-10-28,sz.300224,7.2900,7.4100,7.2300,7.4100,7.2800,5946324,43668990.1400
2019-10-29,sz.300224,7.4100,7.4300,7.2400,7.2500,7.4100,5863074,42788438.9600
2019-10-30,sz.300224,7.2400,7.2800,7.1000,7.1000,7.2500,5295200,37918043.5000
2019-10-31,sz.300224,7.1400,7.1800,7.0500,7.0500,7.1000,3522375,25073420.5000
2019-11-01,sz.300224,7.0400,7.4200,7.0200,7.2600,7.0500,9878517,71965658.9700
2019-11-04,sz.300224,7.2600,7.2800,7.1800,7.1900,7.2600,5101000,36799502.0000
2019-11-05,sz.300224,7.1900,7.2700,7.1500,7.2200,7.1900,4506001,32559054.8900
2019-11-06,sz.300224,7.2300,7.3800,7.2100,7.2600,7.2200,5656864,41247490.0900
2019-11-07,sz.300224,7.2900,7.2900,7.1600,7.1800,7.2600,4178592,30048299.4700
2019-11-08,sz.300224,7.2000,7.2500,7.1800,7.1900,7.1800,4205455,30334172.3600
2019-11-11,sz.300224,7.1400,7.3800,7.1400,7.2100,7.1900,8449550,61525619.0200
2019-11-12,sz.300224,7.1500,7.3200,7.1400,7.3100,7.2100,5829942,42246248.8000
2019-11-13,sz.300224,7.3100,7.6000,7.2800,7.5100,7.3100,13784645,102635681.4200
2019-11-14,sz.300224,7.5000,7.5700,7.3400,7.4600,7.5100,8316703,61957118.8400
2019-11-15,sz.300224,7.4200,7.9000,7.4100,7.7900,7.4600,23021350,177763204.4600
2019-11-18,sz.300224,7.7000,7.8500,7.6500,7.8000,7.7900,11041265,85607874.1800
2019-11-19,sz.300224,7.8100,7.8800,7.6700,7.7800,7.8000,9968405,77102572.1200
2019-11-20,sz.300224,7.7300,8.3100,7.5600,8.0600,7.7800,26208154,207377405.9100
2019-11-21,sz.300224,7.9200,7.9900,7.6600,7.6800,8.0600,14828992,115536757.5100
2019-11-22,sz.300224,7.6600,7.8700,7.6100,7.6100,7.6800,10963156,84689420.7000
2019-11-25,sz.300224,7.4800,7.5500,7.3100,7.3200,7.6100,8882445,65938278.4500
2019-11-26,sz.300224,7.3200,7.4500,7.2600,7.4000,7.3200,4940192,36475800.0200
2019-11-27,sz.300224,7.3400,7.4900,7.3100,7.3900,7.4000,3699614,27480739.5100
2019-11-28,sz.300224,7.3900,7.5500,7.3900,7.4500,7.3900,6283364,47101944.5800
2019-11-29,sz.300224,7.3100,7.5600,7.2600,7.4100,7.4500,5796100,42925921.9400
2019-12-02,sz.300224,7.3600,7.5800,7.3200,7.5300,7.4100,7068348,53086208.4600
2019-12-03,sz.300224,7.5200,7.7800,7.4900,7.7100,7.5300,9148424,70521321.4200
2019-12-04,sz.300224,7.7400,7.9600,7.6900,7.8700,7.7100,13591568,106430369.0400
2019-12-05,sz.300224,7.7900,7.9100,7.7300,7.8200,7.8700,9736665,76083622.6500
2019-12-06,sz.300224,7.8300,8.0000,7.7700,7.9000,7.8200,8542745,67540514.3600
2019-12-09,sz.300224,7.9900,8.0600,7.8500,7.8700,7.9000,7622247,60578575.0000
2019-12-10,sz.300224,7.7700,8.1000,7.7600,8.0800,7.8700,11821382,94679576.6500
2019-12-11,sz.300224,8.0000,8.0500,7.8000,7.8200,8.0800,6793100,53723524.2300
2019-12-12,sz.300224,7.8100,8.2800,7.8100,8.0700,7.8200,19141630,155693834.7100
2019-12-13,sz.300224,8.0000,8.1700,7.9500,8.0900,8.0700,9058800,72980853.1000
2019-12-16,sz.300224,8.0400,8.2600,8.0400,8.2000,8.0900,10659254,87191643.9200
2019-12-17,sz.300224,8.2000,8.5300,8.2000,8.4800,8.2000,18155369,152869001.7200
2019-12-18,sz.300224,8.5800,9.3300,8.3700,9.0800,8.4800,35329276,316377663.9600
2019-12-19,sz.300224,9.0000,9.3000,8.7800,8.9200,9.0800,20770494,185994632.6500
2019-12-20,sz.300224,8.9000,8.9100,8.5600,8.5700,8.9200,13112967,114218622.8100
2019-12-23,sz.300224,8.5200,8.8700,8.4800,8.5100,8.5700,12915104,112191278.2400
2019-12-24,sz.300224,8.5700,9.1000,8.5500,8.9500,8.5100,15598410,138478653.4100
2019-12-25,sz.300224,8.9000,9.8500,8.7000,9.6700,8.9500,41639080,399896827.6000
2019-12-26,sz.300224,9.6100,10.0900,9.3100,9.8100,9.6700,31386277,303658591.1700
2019-12-27,sz.300224,9.6800,10.0300,9.5500,9.6200,9.8100,20131623,197861071.3700
2019-12-30,sz.300224,9.5800,9.8200,9.4100,9.7000,9.6200,16609151,159745256.4400
2019-12-31,sz.300224,9.6000,9.6200,9.2800,9.5400,9.7000,12671455,119921335.7600
2020-01-02,sz.300224,9.5600,9.6700,9.3700,9.6200,9.5400,11906675,113633650.9700
2020-01-03,sz.300224,9.6300,9.7800,9.3900,9.5100,9.6200,13436830,128320808.8400
2020-01-06,sz.300224,9.3800,10.0500,9.3700,9.9300,9.5100,18379732,180190679.7900
2020-01-07,sz.300224,9.8500,9.9000,9.6400,9.7100,9.9300,10980723,106619046.1600
2020-01-08,sz.300224,9.6800,10.2200,9.5400,9.7400,9.7100,19882728,196868110.7700
2020-01-09,sz.300224,9.7800,9.9700,9.6100,9.7700,9.7400,11443040,111562111.6100
2020-01-10,sz.300224,9.6900,9.9600,9.6100,9.8000,9.7700,10453240,102600701.7900
2020-01-13,sz.300224,9.8100,10.1500,9.8100,9.9800,9.8000,10504513,104685022.1600
2020-01-14,sz.300224,10.1400,10.5500,9.9000,10.2900,9.9800,15503988,158899164.9400
2020-01-15,sz.300224,10.1200,10.1700,9.8100,10.1000,10.2900,14715283,146980405.1700
2020-01-16,sz.300224,10.0700,10.0700,9.6100,9.6300,10.1000,11630338,113626565.5200
2020-01-17,sz.300224,9.6500,9.8000,9.3800,9.3800,9.6300,14184880,135002405.5000
2020-01-20,sz.300224,9.4100,9.5500,9.2900,9.4100,9.3800,11950385,112119753.0400
2020-01-21,sz.300224,9.3500,9.4800,9.2100,9.2700,9.4100,7033155,65480404.2500
2020-01-22,sz.300224,9.3000,9.4700,9.0500,9.3800,9.2700,6880814,64082877.1000
2020-01-23,sz.300224,9.3000,9.7200,8.9800,9.0800,9.3800,11503152,107607912.3000
2020-02-03,sz.300224,8.1700,8.1700,8.1700,8.1700,9.0800,1858800,15186396.0000
2020-02-04,sz.300224,7.4200,8.8800,7.4200,8.6500,8.1700,15046705,126604799.4900
2020-02-05,sz.300224,8.7500,9.4600,8.7400,9.1700,8.6500,11942776,110307374.5100
2020-02-06,sz.300224,9.1000,9.2400,8.8900,9.1000,9.1700,10146525,92453864.1500
2020-02-07,sz.300224,9.1000,9.1400,8.8800,9.1400,9.1000,6737326,60808702.1800
2020-02-10,sz.300224,9.0600,9.7500,9.0600,9.6900,9.1400,18514828,173579576.8100
2020-02-11,sz.300224,9.5500,9.6500,9.3500,9.5200,9.6900,9914815,94090462.7700
2020-02-12,sz.300224,9.5500,9.9500,9.4600,9.8400,9.5200,10037448,98068297.1100
2020-02-13,sz.300224,9.8400,10.1500,9.6500,9.6900,9.8400,13257073,130472391.8500
2020-02-14,sz.300224,9.6000,9.7500,9.3800,9.5000,9.6900,11164847,106639402.3200
2020-02-17,sz.300224,9.5900,9.9600,9.5300,9.8800,9.5000,14945211,145563768.9200
2020-02-18,sz.300224,10.0000,10.8400,9.9200,10.5800,9.8800,22724294,236851184.4000
2020-02-19,sz.300224,10.4400,10.5400,10.0900,10.2700,10.5800,18620412,191522694.1800
2020-02-20,sz.300224,10.2500,10.4400,10.0500,10.4000,10.2700,12165703,124764043.4600
2020-02-21,sz.300224,10.6000,10.6000,10.1700,10.2800,10.4000,12760232,132059682.0600
2020-02-24,sz.300224,10.3500,10.3800,10.0500,10.2600,10.2800,13694106,139625676.9600
2020-02-25,sz.300224,10.0000,10.1500,9.5000,9.9200,10.2600,18032503,177917415.5700
2020-02-26,sz.300224,9.6600,10.0300,9.5500,9.6200,9.9200,13563797,132524179.7900
2020-02-27,sz.300224,9.6500,10.0500,9.5300,9.9200,9.6200,14069053,138734299.4000
2020-02-28,sz.300224,9.6900,9.8300,9.0400,9.1900,9.9200,11950366,112140052.2200
2020-03-02,sz.300224,9.1900,9.4500,9.1900,9.2700,9.1900,11464417,107081142.8600
2020-03-03,sz.300224,9.4300,9.6300,9.1700,9.2700,9.2700,10725917,100992882.0600
2020-03-04,sz.300224,9.1000,9.2400,8.8200,8.9900,9.2700,12806500,115435467.3700
2020-03-05,sz.300224,9.1200,9.4300,9.0300,9.3800,8.9900,12649197,117108718.4300
2020-03-06,sz.300224,9.2200,9.3100,9.1100,9.2200,9.3800,7404050,68326997.5000
2020-03-09,sz.300224,9.0500,9.1600,8.6000,8.6200,9.2200,9625400,84674606.4700
2020-03-10,sz.300224,8.5000,8.9000,8.3900,8.8900,8.6200,8596879,74478583.8400
2020-03-11,sz.300224,8.9200,8.9600,8.5800,8.5900,8.8900,8162450,71519908.5000
2020-03-12,sz.300224,8.6000,8.7100,8.3200,8.6900,8.5900,8727811,74447536.7700
2020-03-13,sz.300224,8.3000,8.6400,8.2200,8.4900,8.6900,6544703,55379394.4100
2020-03-16,sz.300224,8.4100,8.6900,7.9100,8.0100,8.4900,8034583,66732353.5500
2020-03-17,sz.300224,8.1900,8.1900,7.7300,8.0600,8.0100,5684434,45218383.3500
2020-03-18,sz.300224,8.1000,8.2700,7.2500,7.8900,8.0600,5656890,45804540.4200
2020-03-19,sz.300224,7.7500,7.9900,7.7500,7.9400,7.8900,5171450,40836981.5000
2020-03-20,sz.300224,8.0300,8.1000,7.7300,7.8600,7.9400,5348120,42102682.3000
2020-03-23,sz.300224,7.7300,7.8000,7.3000,7.3800,7.8600,6295090,47388733.7000
2020-03-24,sz.300224,7.8100,8.1200,7.7100,8.1200,7.3800,23880624,192851883.1200
2020-03-25,sz.300224,8.3000,8.4200,8.1100,8.2100,8.1200,25595774,211703249.3000
2020-03-26,sz.300224,8.1000,8.6600,8.0300,8.3800,8.2100,17177108,143895876.6900
2020-03-27,sz.300224,8.4200,8.4300,8.0200,8.0500,8.3800,14189065,116262457.3700
2020-03-30,sz.300224,8.0000,8.4200,7.7200,8.4100,8.0500,15833285,129825153.3400
2020-03-31,sz.300224,8.5000,8.8500,8.1600,8.5900,8.4100,24051563,204358836.4900
2020-04-01,sz.300224,8.4400,8.7500,8.3400,8.3800,8.5900,18459710,157929002.6800
2020-04-02,sz.300224,8.3300,8.4700,8.1600,8.4700,8.3800,12879538,106796822.8900
2020-04-03,sz.300224,8.4300,8.6000,8.2100,8.3000,8.4700,15304583,128528140.8400
2020-04-07,sz.300224,8.4400,8.5300,8.3700,8.4700,8.3000,12526838,105875903.8900
2020-04-08,sz.300224,8.3400,8.4800,8.3200,8.3400,8.4700,11861860,99484274.9600
2020-04-09,sz.300224,8.3900,8.4000,8.2400,8.2800,8.3400,9412558,78067981.5800
2020-04-10,sz.300224,8.2800,8.3300,7.8700,7.9100,8.2800,12881832,104059799.4400
2020-04-13,sz.300224,7.8500,7.9000,7.7300,7.8100,7.9100,4990480,39036641.4000
2020-04-14,sz.300224,7.8900,8.0500,7.8600,8.0500,7.8100,7554384,60269021.4900
2020-04-15,sz.300224,8.0500,8.2500,8.0200,8.0700,8.0500,8799895,71445457.9400
2020-04-16,sz.300224,8.0700,8.1200,7.9100,8.0700,8.0700,6431196,51653876.6400
2020-04-17,sz.300224,8.1500,8.3600,8.0600,8.2300,8.0700,14099915,115603174.3300
2020-04-20,sz.300224,8.3300,8.3800,8.1400,8.3000,8.2300,12519746,103161850.8400
2020-04-21,sz.300224,8.1700,8.1900,7.9000,8.1300,8.3000,12354074,99356485.5600
2020-04-22,sz.300224,7.9000,8.1000,7.8100,8.0700,7.9300,10753902,86065656.6400
2020-04-23,sz.300224,8.0400,8.0700,7.8500,7.8500,8.0700,8563125,68000374.8700
2020-04-24,sz.300224,7.8500,7.9100,7.5800,7.6000,7.8500,7129643,55086462.6000
2020-04-27,sz.300224,7.6000,7.7600,7.4400,7.6500,7.6000,5635789,43000639.7600
2020-04-28,sz.300224,7.6700,7.6700,7.1000,7.2700,7.6500,11413606,83518405.0200
2020-04-29,sz.300224,7.2900,7.3400,7.2300,7.2900,7.2700,6443279,46888706.7500
2020-04-30,sz.300224,7.3300,7.6700,7.3300,7.6600,7.2900,9738503,73402680.4700
2020-05-06,sz.300224,7.6500,8.3600,7.6500,8.1000,7.6600,22614313,182154515.9700
2020-05-07,sz.300224,7.9600,8.2300,7.9500,8.0700,8.1000,16191809,131073952.1600
2020-05-08,sz.300224,8.1500,8.2700,8.0300,8.0600,8.0700,13629974,110384590.3900
2020-05-11,sz.300224,8.0600,8.1300,7.9100,7.9900,8.0600,10275846,82375118.9700
2020-05-12,sz.300224,8.0200,8.0200,7.8300,7.9600,7.9900,6130751,48537114.0600
2020-05-13,sz.300224,7.9200,8.0700,7.9200,7.9700,7.9600,5693761,45474775.7300
2020-05-14,sz.300224,8.0400,8.2200,7.9400,7.9800,7.9700,14809073,119982949.7000
2020-05-15,sz.300224,7.9300,8.1400,7.9100,7.9700,7.9800,10186348,81644750.6100
2020-05-18,sz.300224,8.1500,8.3400,8.0400,8.1400,7.9700,19488323,159444744.1800
2020-05-19,sz.300224,8.0500,8.1500,8.0200,8.1200,8.1400,11102061,89657192.5000
2020-05-20,sz.300224,8.0600,8.1700,7.9100,7.9400,8.1200,9172168,73686447.2400
2020-05-21,sz.300224,7.9800,8.1300,7.9100,7.9800,7.9400,10619209,85300131.0200
2020-05-22,sz.300224,7.9700,8.2000,7.6700,8.0900,7.9800,20437229,162867192.4500
2020-05-25,sz.300224,8.0900,8.3200,7.9600,8.0000,8.0900,15974232,129876568.2000
2020-05-26,sz.300224,7.9800,8.1100,7.8300,8.0700,8.0000,12846825,102252295.4400
2020-05-27,sz.300224,8.0800,8.4100,8.0200,8.3700,8.0700,28045173,231184627.9200
2020-05-28,sz.300224,8.3700,9.1900,8.2100,8.8200,8.3700,44834937,390196642.3500
2020-05-29,sz.300224,8.7200,9.0900,8.5500,8.9400,8.8200,34367813,304421773.3800
2020-06-01,sz.300224,8.7000,9.1000,8.6400,9.0700,8.9400,33652015,297432788.0700
2020-06-02,sz.300224,8.9600,9.0600,8.8400,8.9500,9.0700,23378738,208687718.3200
2020-06-03,sz.300224,8.8800,8.9200,8.6100,8.6200,8.9500,20291112,176567436.8000
2020-06-04,sz.300224,8.6100,8.7600,8.5800,8.6800,8.6200,12472761,108324096.0100
2020-06-05,sz.300224,8.6100,8.7300,8.5100,8.6000,8.6800,9792475,84409823.9000
2020-06-08,sz.300224,8.6000,8.7300,8.5500,8.6600,8.6000,9060114,78325389.1100
2020-06-09,sz.300224,8.6700,8.7400,8.4300,8.5000,8.6600,10188078,87428698.0000
2020-06-10,sz.300224,8.5000,8.6100,8.4400,8.5700,8.5000,6867684,58660101.4200
2020-06-11,sz.300224,8.5700,8.8200,8.5200,8.8100,8.5700,18284744,159353450.5600
2020-06-12,sz.300224,8.6300,8.7900,8.5800,8.6500,8.8100,12890427,111520747.0100
2020-06-15,sz.300224,8.6000,8.6000,8.2800,8.2800,8.6500,13068589,110613196.3900
2020-06-16,sz.300224,8.3200,8.4300,8.2700,8.4000,8.2800,8045456,67314001.5500
2020-06-17,sz.300224,8.4200,8.4700,8.2800,8.3300,8.4000,6704500,55896746.0000
2020-06-18,sz.300224,8.2900,8.4000,8.2200,8.3900,8.3300,7196868,59887263.3800
2020-06-19,sz.300224,8.3500,8.4500,8.3500,8.4200,8.3900,5462538,45874377.0600
2020-06-22,sz.300224,8.4400,8.6300,8.4300,8.5900,8.4200,11056729,94480762.0800
2020-06-23,sz.300224,8.5300,8.7600,8.5300,8.7000,8.5900,11479594,99558844.8300
2020-06-24,sz.300224,8.7000,8.7000,8.4000,8.4900,8.7000,9145515,77908033.0300
2020-06-29,sz.300224,8.4500,8.5700,8.2600,8.2800,8.4900,6570910,55052184.0500
2020-06-30,sz.300224,8.3400,8.6600,8.3100,8.6600,8.2800,9175376,77948270.1700
2020-07-01,sz.300224,8.9000,9.5300,8.9000,9.5300,8.6600,34193274,318947605.9800
2020-07-02,sz.300224,9.7900,10.3800,9.3300,9.9300,9.5300,59231865,580381350.3400
2020-07-03,sz.300224,9.8000,10.2800,9.7500,10.0800,9.9300,32702488,328991801.6900
2020-07-06,sz.300224,10.0200,10.7700,10.0200,10.4800,10.0800,35398805,368223878.3900
2020-07-07,sz.300224,10.3600,11.4300,10.3600,11.0100,10.4800,35961892,396122343.1300
2020-07-08,sz.300224,10.9200,12.1100,10.9200,12.1100,11.0100,31592512,366719655.4700
2020-07-09,sz.300224,12.1600,12.2500,11.5500,12.1200,12.1100,31010266,368303872.2000
2020-07-10,sz.300224,11.8800,12.5400,11.4000,11.6200,12.1200,27718055,326995231.8800
2020-07-13,sz.300224,11.7200,12.0500,11.4900,12.0000,11.6200,30373971,358160837.7500
2020-07-14,sz.300224,12.1000,12.1000,11.3600,11.6100,12.0000,24980631,292807057.2300
2020-07-15,sz.300224,11.7300,12.0400,11.2900,11.3500,11.6100,20075838,233055595.9300
2020-07-16,sz.300224,11.5300,12.1300,10.7900,10.9400,11.3500,25815250,297607466.7000
2020-07-17,sz.300224,10.9100,11.2000,10.5100,10.6500,10.9400,26624681,287818647.8900
2020-07-20,sz.300224,10.7900,11.7200,10.7900,11.7200,10.6500,20196129,231653524.2600
2020-07-21,sz.300224,12.2300,12.2900,11.1300,11.3400,11.7200,36937490,426676822.1000
2020-07-22,sz.300224,11.4800,11.5300,10.9200,11.2900,11.3400,23279544,260406121.2000
2020-07-23,sz.300224,11.4300,11.7400,11.1200,11.4300,11.2900,27720290,315829486.7200
2020-07-24,sz.300224,11.4500,11.7400,11.0400,11.2700,11.4300,33794017,385655902.8800
2020-07-27,sz.300224,11.2700,11.3500,10.4800,10.8400,11.2700,19520328,211128168.5900
2020-07-28,sz.300224,10.8700,11.6600,10.8600,11.0000,10.8400,20556408,231498481.4700
2020-07-29,sz.300224,10.9000,11.4800,10.6000,11.4000,11.0000,20325812,225956421.7200
2020-07-30,sz.300224,11.4200,11.5800,11.0300,11.0900,11.4000,13474083,150785177.7500
2020-07-31,sz.300224,11.0900,11.2500,10.8000,11.0100,11.0900,14312815,157218986.8000
2020-08-03,sz.300224,11.0500,11.4400,10.9000,11.4200,11.0100,20766560,233523291.0000
2020-08-04,sz.300224,11.2100,11.4600,10.9100,11.0400,11.4200,19401958,215812836.2500
2020-08-05,sz.300224,10.9000,11.5400,10.8200,11.4700,11.0400,28403046,319648817.0000
2020-08-06,sz.300224,11.4900,11.7500,11.1800,11.6400,11.4700,30135404,345847950.1700
2020-08-07,sz.300224,11.6500,12.0500,11.1100,11.8700,11.6400,35289291,408201625.0500
2020-08-10,sz.300224,11.7500,11.9700,11.3300,11.3800,11.8700,22984625,266050230.5600
2020-08-11,sz.300224,11.3000,11.4800,10.8300,10.8500,11.3800,19642324,218976148.0200
2020-08-12,sz.300224,10.6600,10.6600,10.0100,10.2200,10.8500,19587340,200118102.9700
2020-08-13,sz.300224,10.1800,10.2800,10.0200,10.0800,10.2200,10156776,102778161.3600
2020-08-14,sz.300224,10.0800,10.2500,10.0100,10.1900,10.0800,8378186,84879201.7500
2020-08-17,sz.300224,10.2900,10.4400,10.1000,10.4200,10.1900,11553726,118603027.3600
2020-08-18,sz.300224,10.3800,10.4800,10.2600,10.3400,10.4200,8731736,90539214.2800
2020-08-19,sz.300224,10.3400,10.4700,10.1400,10.1800,10.3400,7504871,77395165.2700
2020-08-20,sz.300224,10.1000,10.3000,9.7900,9.8500,10.1800,10838273,108323138.7400
2020-08-21,sz.300224,9.7900,10.0300,9.7000,9.8700,9.8500,9612632,95106683.4400
2020-08-24,sz.300224,9.8700,10.0300,9.7200,9.9300,9.8700,9274411,91880987.8400
2020-08-25,sz.300224,10.0200,10.3200,9.9500,10.0900,9.9300,12580179,127082352.0200
2020-08-26,sz.300224,10.0800,10.0800,9.5000,9.5600,10.0900,11813806,114896332.0900
2020-08-27,sz.300224,9.5600,10.1000,9.4700,9.9400,9.5600,11064406,108861887.2000
2020-08-28,sz.300224,9.9600,10.6400,9.7400,10.3800,9.9400,19120201,196477323.3200
2020-08-31,sz.300224,10.2800,10.2900,10.0800,10.1700,10.3800,14238111,144949706.3600
2020-09-01,sz.300224,10.1100,10.4200,10.0300,10.3400,10.1700,12693293,130274216.4100
2020-09-02,sz.300224,10.3400,10.7500,10.1800,10.6300,10.3400,20812402,218962410.9900
2020-09-03,sz.300224,10.5100,10.5600,10.2500,10.3200,10.6300,12843458,133361194.1900
2020-09-04,sz.300224,10.0600,10.4700,10.0000,10.4200,10.3200,9510943,97972917.5000
2020-09-07,sz.300224,10.3900,10.9400,10.3700,10.6000,10.4200,20899699,223527320.3800
2020-09-08,sz.300224,10.7300,11.6000,10.6000,11.3400,10.6000,35886770,402660061.0700
2020-09-09,sz.300224,11.0100,11.5400,10.8100,10.9900,11.3400,33711361,375696874.0800
2020-09-10,sz.300224,11.0900,11.1700,9.5100,9.6600,10.9900,29611189,302774986.6300
2020-09-11,sz.300224,9.5700,9.8800,9.5300,9.7600,9.6600,11236954,109149621.5900
2020-09-14,sz.300224,9.7600,11.1000,9.7200,11.1000,9.7600,36667490,391808717.8500
2020-09-15,sz.300224,11.1200,11.2400,10.7300,10.9000,11.1000,22746186,248800180.5900
2020-09-16,sz.300224,10.9000,10.9500,10.4300,10.6800,10.9000,19578134,208072665.9700
2020-09-17,sz.300224,10.8300,11.0400,10.4700,10.7000,10.6800,17344796,186184819.5900
2020-09-18,sz.300224,10.5100,10.6900,10.3600,10.6400,10.7000,14094356,148368042.7700
2020-09-21,sz.300224,10.6300,11.0300,10.5400,10.8500,10.6400,21847138,236703074.7500
2020-09-22,sz.300224,10.6100,10.6800,10.0100,10.2200,10.8500,23105382,238048903.3100
2020-09-23,sz.300224,10.4500,11.0900,10.4400,10.6500,10.2200,31712090,343085462.2500
2020-09-24,sz.300224,10.3500,11.0700,10.3500,10.3600,10.6500,26679292,285977538.8800
2020-09-25,sz.300224,10.3000,10.3500,9.5800,9.7500,10.3600,26298784,258937965.1100
2020-09-28,sz.300224,9.7400,9.7800,9.1800,9.2600,9.7500,16345944,153971690.4500
2020-09-29,sz.300224,9.3100,9.4700,9.2300,9.3300,9.2600,7863881,73643218.8600
2020-09-30,sz.300224,9.4400,9.4500,9.1800,9.3200,9.3300,7294416,67755007.9500
2020-10-09,sz.300224,9.5400,9.7300,9.4900,9.6100,9.3200,9317698,89742061.0600
2020-10-12,sz.300224,9.7300,9.9800,9.6800,9.9200,9.6100,11290582,111545165.1600
2020-10-13,sz.300224,10.0000,10.0700,9.7700,9.9900,9.9200,11351078,112885301.4200
2020-10-14,sz.300224,10.0000,10.0700,9.7500,9.7900,9.9900,9294430,91612610.5700
2020-10-15,sz.300224,9.8600,10.0700,9.7700,9.8300,9.7900,12334250,122291149.2900
2020-10-16,sz.300224,9.7900,9.8000,9.5800,9.6400,9.8300,8831620,85299704.6500
2020-10-19,sz.300224,9.6400,9.7900,9.5400,9.6400,9.6400,6703000,64795159.0500
2020-10-20,sz.300224,9.5900,9.8600,9.4600,9.8400,9.6400,7373404,71467845.9700
2020-10-21,sz.300224,9.8800,9.8800,9.4600,9.5200,9.8400,7692491,73943669.8000
2020-10-22,sz.300224,9.4300,9.6300,9.0400,9.5300,9.5200,9936995,93102361.7800
2020-10-23,sz.300224,9.4600,9.6100,9.2000,9.2200,9.5300,6303250,59003405.8800
2020-10-26,sz.300224,9.3500,9.7300,9.2000,9.4900,9.2200,8051250,76533108.0000
2020-10-27,sz.300224,9.5000,10.0600,9.4000,9.9800,9.4900,18571601,183426265.5100
2020-10-28,sz.300224,10.0000,10.3300,9.9200,10.1800,9.9800,21293694,216350754.0300
2020-10-29,sz.300224,9.9700,10.3200,9.9100,10.1300,10.1800,15579915,158124967.6600
2020-10-30,sz.300224,10.0500,10.2400,9.8200,9.8900,10.1300,12733231,127855447.6500
2020-11-02,sz.300224,9.8900,10.2400,9.8900,10.1700,9.8900,12472611,126166395.9700
2020-11-03,sz.300224,10.2200,11.0000,10.1600,10.7100,10.1700,27522109,292500333.6400
2020-11-04,sz.300224,10.7000,10.9400,10.5800,10.6300,10.7100,18346010,196833398.1000
2020-11-05,sz.300224,10.8000,10.8700,10.5100,10.7300,10.6300,15025724,160526811.8800
2020-11-06,sz.300224,11.4700,12.8800,11.3200,11.6000,10.7300,57088994,679431823.6100
2020-11-09,sz.300224,11.6100,12.1600,11.2500,12.0200,11.6000,47808971,565796978.8500
2020-11-10,sz.300224,11.7700,11.8100,11.4200,11.5300,12.0200,27545435,319481833.7900
2020-11-11,sz.300224,11.5200,11.9600,11.5100,11.6500,11.5300,26120718,305363507.6600
2020-11-12,sz.300224,11.6900,11.7600,11.3100,11.3900,11.6500,19937118,228649433.4900
2020-11-13,sz.300224,11.5600,11.8000,11.2800,11.7300,11.3900,23813142,275945272.0100
2020-11-16,sz.300224,11.7200,12.0800,11.4400,11.8900,11.7300,28608118,338616457.9800
2020-11-17,sz.300224,11.7100,12.2600,11.5600,12.0000,11.8900,30400529,363784733.9300
2020-11-18,sz.300224,11.9500,12.0700,11.0000,11.5800,12.0000,34072981,390162006.8900
2020-11-19,sz.300224,11.3400,11.6800,10.9500,11.1100,11.5800,24794824,276260338.0100
2020-11-20,sz.300224,11.0700,11.4400,10.9800,11.3700,11.1100,15883261,178106450.3200
2020-11-23,sz.300224,11.3700,12.5000,11.2800,12.2500,11.3700,45945337,553976303.0900
2020-11-24,sz.300224,12.4000,13.3300,12.1600,12.9700,12.2500,61254794,783827450.1800
2020-11-25,sz.300224,13.0100,13.5400,12.6700,12.6800,12.9700,51597506,675141907.5700
2020-11-26,sz.300224,13.1600,14.1000,12.7000,13.1200,12.6800,40440338,530827246.7500
2020-11-27,sz.300224,12.7300,13.0000,12.2100,12.6000,13.1200,32124487,402435825.6700
2020-11-30,sz.300224,12.0200,12.3500,11.3000,11.7100,12.6000,45317805,538408078.1200
2020-12-01,sz.300224,11.6100,11.9000,11.4400,11.7000,11.7100,24738502,289009340.5300
2020-12-02,sz.300224,11.6100,11.9400,11.4700,11.5000,11.7000,20014741,232965808.8500
2020-12-03,sz.300224,11.4700,11.5500,11.0800,11.2600,11.5000,16137220,181943620.6000
2020-12-04,sz.300224,11.3000,11.4600,11.1700,11.3100,11.2600,13399771,151806929.0500
2020-12-07,sz.300224,11.4100,11.7600,11.2500,11.6100,11.3100,22739153,262194066.8000
2020-12-08,sz.300224,11.4000,11.4400,11.1000,11.1200,11.6100,23713186,266253985.7800
2020-12-09,sz.300224,11.1700,11.3000,10.8900,10.9200,11.1200,12454263,138025109.2500
2020-12-10,sz.300224,10.9900,11.3000,10.8000,11.2000,10.9200,11801968,130931511.1600
2020-12-11,sz.300224,11.3200,11.3300,10.6300,10.8000,11.2000,12717112,138628539.3300
2020-12-14,sz.300224,10.7000,11.0700,10.5800,11.0500,10.8000,8072410,88070014.3000
2020-12-15,sz.300224,10.9600,11.1400,10.8000,10.9700,11.0500,7345138,80461668.6500
2020-12-16,sz.300224,10.9900,11.0800,10.8200,10.8400,10.9700,6463150,70705217.1200
2020-12-17,sz.300224,10.7600,11.2000,10.4600,11.1900,10.8400,15495124,168421643.5400
2020-12-18,sz.300224,11.1900,11.6000,11.1000,11.4100,11.1900,17675452,201180528.9600
2020-12-21,sz.300224,11.4400,11.7500,11.3600,11.6200,11.4100,13216741,153084099.4900
2020-12-22,sz.300224,11.5500,11.7100,11.2200,11.2400,11.6200,13794465,157933788.9500
2020-12-23,sz.300224,11.2000,12.0900,11.1800,12.0200,11.2400,27291829,323164101.1400
2020-12-24,sz.300224,12.0000,12.4300,11.8600,11.9300,12.0200,20676910,250675187.5400
2020-12-25,sz.300224,11.8700,12.7000,11.8000,12.7000,11.9300,27032435,334677904.0600
2020-12-28,sz.300224,12.9800,13.2200,12.3000,12.9600,12.7000,29070741,371677175.5900
2020-12-29,sz.300224,12.7800,12.8200,12.0800,12.2000,12.9600,21479341,264891730.4300
2020-12-30,sz.300224,12.1000,12.6800,11.9500,12.4800,12.2000,20984705,259911347.4200
2020-12-31,sz.300224,12.4400,12.7300,12.1600,12.5100,12.4800,18679739,232239490.6400
2021-01-04,sz.300224,12.4900,12.8300,12.3900,12.5000,12.5100,20536658,259133913.7900
2021-01-05,sz.300224,12.4000,13.6300,12.1100,13.4300,12.5000,41497311,537104406.3800
2021-01-06,sz.300224,13.1800,13.2400,12.7600,13.0300,13.4300,21643522,280115311.0200
2021-01-07,sz.300224,12.9300,13.1200,12.4900,12.7500,13.0300,20727502,265499863.2500
2021-01-08,sz.300224,12.6400,12.7000,11.7700,11.9500,12.7500,21529118,260158131.0000
2021-01-11,sz.300224,11.7900,12.8800,11.7100,12.5200,11.9500,25610518,319746683.1800
2021-01-12,sz.300224,12.3600,13.1000,12.2100,12.8400,12.5200,16869880,213993856.4600
2021-01-13,sz.300224,12.8400,13.7500,12.5800,13.3200,12.8400,29546446,395654822.2800
2021-01-14,sz.300224,13.4200,13.5000,12.0000,12.4900,13.3200,21294408,269663670.3400
2021-01-15,sz.300224,12.5200,13.3100,12.3500,12.8300,12.4900,18349905,234752716.1200
2021-01-18,sz.300224,13.5000,13.9300,13.0900,13.7000,12.8300,31181261,424134624.4700
2021-01-19,sz.300224,13.3000,13.3700,12.7000,12.9700,13.7000,26478049,344078613.6900
2021-01-20,sz.300224,12.9700,13.9500,12.7900,13.9500,12.9700,36183335,489444888.1300
2021-01-21,sz.300224,13.9000,15.4600,13.6900,14.9100,13.9500,56176636,827956519.3000
2021-01-22,sz.300224,15.0000,15.0300,14.2700,14.4600,14.9100,40238103,585583621.1500
2021-01-25,sz.300224,14.3300,15.1100,14.2300,14.2300,14.4600,36279258,533941606.3800
2021-01-26,sz.300224,14.0400,15.1700,14.0400,15.1000,14.2300,33208367,486409079.8700
2021-01-27,sz.300224,14.8300,14.8300,13.4700,14.1800,15.1000,27101140,382056255.5300
2021-01-28,sz.300224,13.8300,14.2800,13.4000,13.4500,14.1800,22183667,304565640.9200
2021-01-29,sz.300224,13.8200,13.9900,12.4800,12.9600,13.4500,24346739,324845210.1100
2021-02-01,sz.300224,12.7500,13.0100,12.3900,12.5700,12.9600,17693590,224179298.0000
2021-02-02,sz.300224,12.6900,13.0600,12.1300,13.0300,12.5700,25840815,325942923.3500
2021-02-03,sz.300224,13.0300,13.8000,12.6600,13.2800,13.0300,26736442,357693921.6000
2021-02-04,sz.300224,13.1000,13.2900,12.2000,12.4900,13.2800,19816634,251543916.9200
2021-02-05,sz.300224,12.4900,12.5900,11.2100,11.2700,12.4900,24329472,285553123.5100
2021-02-08,sz.300224,11.3100,11.4600,10.8100,11.1300,11.2700,13875636,154681578.3400
2021-02-09,sz.300224,11.2000,11.9300,11.1100,11.6800,11.1300,16174969,188525748.4200
2021-02-10,sz.300224,11.6800,12.0800,11.6000,11.8400,11.6800,13855940,164662653.4400
2021-02-18,sz.300224,12.2600,12.4700,11.8400,12.2100,11.8400,16665682,202736092.9400
2021-02-19,sz.300224,12.0000,12.3900,11.9600,12.2800,12.2100,14264958,173649266.3800
2021-02-22,sz.300224,12.4800,14.3000,12.4800,13.6300,12.2800,38092531,514304985.9700
2021-02-23,sz.300224,13.4500,14.1000,13.2100,13.9100,13.6300,32711450,447676753.6200
2021-02-24,sz.300224,13.6500,13.8700,13.1200,13.3900,13.9100,22249431,296673158.0800
2021-02-25,sz.300224,13.6500,13.7800,12.8100,12.8600,13.3900,17463448,230386747.4700
2021-02-26,sz.300224,12.5100,13.2500,12.4000,12.7900,12.8600,14899028,191402088.6200
2021-03-01,sz.300224,12.7800,14.2100,12.7800,13.9400,12.7900,28923120,394530383.1000
2021-03-02,sz.300224,13.7800,14.5400,13.6900,13.9400,13.9400,39425991,555655479.9700
2021-03-03,sz.300224,13.9500,14.4900,13.8100,14.3700,13.9400,32467080,460903468.6400
2021-03-04,sz.300224,14.3900,15.8100,14.2900,15.0000,14.3700,61626463,928200222.6800
2021-03-05,sz.300224,14.5000,14.8100,13.8100,13.9900,15.0000,40625460,579725412.5900
2021-03-08,sz.300224,14.1300,14.7000,13.6000,13.6300,13.9900,32187085,456201419.0300
2021-03-09,sz.300224,13.4100,13.6800,12.5000,12.7400,13.6300,26134097,339863684.4200
2021-03-10,sz.300224,12.9200,13.0100,12.4100,12.6700,12.7400,17790414,226305068.9800
2021-03-11,sz.300224,12.8000,13.1800,12.5200,13.1300,12.6700,18645650,242010908.5000
2021-03-12,sz.300224,13.1300,13.5800,12.9500,13.2800,13.1300,21619661,286348575.4500
2021-03-15,sz.300224,13.1500,13.5900,12.9300,13.2800,13.2800,16246493,216379951.5400
2021-03-16,sz.300224,13.2000,13.3400,12.2500,12.4100,13.2800,26493602,332964827.6900
2021-03-17,sz.300224,12.2700,12.6900,12.0300,12.5800,12.4100,14523909,180414936.2700
2021-03-18,sz.300224,12.5500,12.7500,12.4200,12.4600,12.5800,11006149,138131412.0300
2021-03-19,sz.300224,12.2000,12.9500,12.1300,12.6700,12.4600,15913782,202126349.8100
2021-03-22,sz.300224,12.8200,12.9600,12.5000,12.9100,12.6700,14252878,181880476.9100
2021-03-23,sz.300224,12.8100,12.8800,12.2500,12.3000,12.9100,13945898,173803425.0600
2021-03-24,sz.300224,12.3100,12.3800,11.8800,12.0000,12.3000,12596161,152416316.6600
2021-03-25,sz.300224,12.0000,12.4400,11.9000,12.1600,12.0000,10683246,130927311.8400
2021-03-26,sz.300224,12.1300,12.4500,12.1000,12.3400,12.1600,9753882,119879513.4700
2021-03-29,sz.300224,12.3400,12.4500,12.0600,12.2000,12.3400,8744709,106745583.1700
2021-03-30,sz.300224,12.1900,12.6200,11.9100,12.4300,12.2000,16446064,202227048.7000
2021-03-31,sz.300224,12.3600,12.3600,11.9600,11.9700,12.4300,10716537,129435331.3900
2021-04-01,sz.300224,11.9400,12.1000,11.8000,11.9600,11.9700,6963050,83153654.5000
2021-04-02,sz.300224,11.9800,12.0400,11.7200,11.7700,11.9600,9332803,110794862.6600
2021-04-06,sz.300224,11.7800,11.9500,11.7600,11.8200,11.7700,6012620,71126260.0300
2021-04-07,sz.300224,11.8200,12.0500,11.4000,12.0400,11.8200,12415191,146646598.5200
2021-04-08,sz.300224,12.0000,12.2400,11.8600,12.1000,12.0400,11349284,137015481.9400
2021-04-09,sz.300224,12.0300,12.2000,11.8300,12.0500,12.1000,8559058,103101404.1600
2021-04-12,sz.300224,12.0500,12.3000,11.6400,11.7100,12.0500,10589740,126807237.3400
2021-04-13,sz.300224,11.6200,11.6800,11.2700,11.3100,11.7100,7611750,86781075.6600
2021-04-14,sz.300224,11.3000,11.4300,11.1500,11.4000,11.3100,6250411,70629095.1100
2021-04-15,sz.300224,11.3400,11.3900,11.0000,11.2300,11.4000,6502096,72643458.2600
2021-04-16,sz.300224,11.2900,11.3700,11.1800,11.3000,11.2300,4571488,51572558.6300
2021-04-19,sz.300224,11.3000,11.6500,11.2100,11.6400,11.3000,8277667,95592733.8400
2021-04-20,sz.300224,11.6000,12.0000,11.5600,11.7900,11.6400,10735778,126565765.0500
2021-04-21,sz.300224,11.5400,11.6900,11.4000,11.4200,11.5900,5892259,67662705.5700
2021-04-22,sz.300224,11.4700,11.5600,11.3200,11.3400,11.4200,5363319,61146325.2200
2021-04-23,sz.300224,11.3200,11.4500,11.1500,11.4400,11.3400,5656996,64188713.5400
2021-04-26,sz.300224,11.4900,11.5500,11.1400,11.1500,11.4400,6795827,77143721.7200
2021-04-27,sz.300224,11.1500,11.2100,10.8500,11.0300,11.1500,7102150,78290894.5300
2021-04-28,sz.300224,11.0500,11.2000,10.9000,11.2000,11.0300,5242088,58232840.3900
2021-04-29,sz.300224,11.1400,11.1500,10.8200,10.8500,11.2000,8076328,88538356.3900
2021-04-30,sz.300224,10.8900,10.9200,10.3100,10.4000,10.8500,9760371,103096689.6400
2021-05-06,sz.300224,10.4300,10.7300,10.4300,10.7200,10.4000,6169455,65537895.0000
2021-05-07,sz.300224,10.7500,11.1700,10.6800,10.8800,10.7200,9800085,107414254.7600
2021-05-10,sz.300224,10.9200,11.0200,10.7500,10.9700,10.8800,7089500,77220648.3800
2021-05-11,sz.300224,10.7500,10.8600,10.4100,10.5800,10.9700,7485729,79067876.8900
2021-05-12,sz.300224,10.5700,10.6800,10.4300,10.6800,10.5800,4973550,52678978.5000
2021-05-13,sz.300224,10.5800,10.7000,10.4000,10.4000,10.6800,5587151,58806614.6700
2021-05-14,sz.300224,10.4000,10.6000,10.3200,10.5700,10.4000,5430621,56875490.7400
2021-05-17,sz.300224,10.5500,10.8500,10.4900,10.6900,10.5700,7198460,76945510.3400
2021-05-18,sz.300224,10.6700,10.6800,10.5500,10.6800,10.6900,3896468,41401264.4200
2021-05-19,sz.300224,10.6300,10.8000,10.5400,10.7500,10.6800,6152683,65784567.4500
2021-05-20,sz.300224,10.6800,10.7200,10.4200,10.5700,10.7500,6729001,70773866.5000
2021-05-21,sz.300224,10.5500,10.8500,10.5100,10.7400,10.5700,7517941,80678550.6900
2021-05-24,sz.300224,10.7400,10.9400,10.6300,10.8700,10.7400,5511043,59754998.3700
2021-05-25,sz.300224,10.8700,11.2300,10.8100,11.1900,10.8700,11190340,124265929.3700
2021-05-26,sz.300224,11.1800,11.3600,10.9800,11.0300,11.1900,14808032,165428099.6200
2021-05-27,sz.300224,11.0400,11.1800,10.9600,11.0800,11.0300,6932906,76870717.8500
2021-05-28,sz.300224,11.0600,11.2000,10.9500,11.0000,11.0800,6971110,77188611.3500
2021-05-31,sz.300224,11.0000,11.5300,10.9200,11.4900,11.0000,14806913,168134072.2900
2021-06-01,sz.300224,11.4700,11.4800,11.2500,11.2900,11.4900,9252450,104711280.6100
2021-06-02,sz.300224,11.2900,11.4800,11.1000,11.2000,11.2900,8032328,90713592.3700
2021-06-03,sz.300224,11.1900,11.5700,11.1100,11.3500,11.2000,11976171,136378503.1600
2021-06-04,sz.300224,11.2000,11.4300,11.1300,11.3000,11.3500,6884950,77655247.5000
2021-06-07,sz.300224,11.2300,11.2600,10.9300,10.9600,11.3000,9043125,99507902.7500
2021-06-08,sz.300224,10.9700,11.0900,10.6200,10.7100,10.9600,8332483,90198294.7300
2021-06-09,sz.300224,10.6900,10.7800,10.6000,10.6600,10.7100,5219522,55778759.3600
2021-06-10,sz.300224,10.6800,10.7400,10.3900,10.4900,10.6600,9839895,103592304.9700
2021-06-11,sz.300224,10.4700,10.5000,10.2600,10.2900,10.4900,9120847,94278352.6700
2021-06-15,sz.300224,10.1200,10.2400,10.0600,10.1600,10.2900,5147789,52242554.5100
2021-06-16,sz.300224,10.1500,10.2400,10.0700,10.1500,10.1600,4723580,48017021.9100
2021-06-17,sz.300224,10.1500,10.2200,10.0900,10.1800,10.1500,4527542,45978518.8800
2021-06-18,sz.300224,10.1500,10.3800,10.0200,10.3500,10.1800,6077025,62241143.8500
2021-06-21,sz.300224,10.3900,10.4600,10.2500,10.3000,10.3500,5311114,54976655.9400
2021-06-22,sz.300224,10.3100,10.6700,10.1900,10.6000,10.3000,8591059,90142231.0100
2021-06-23,sz.300224,10.5800,10.6300,10.4100,10.5300,10.6000,6626550,69643570.5000
2021-06-24,sz.300224,10.5300,10.7200,10.3800,10.6000,10.5300,9180216,97099135.2700
2021-06-25,sz.300224,10.5600,10.6000,10.3700,10.4200,10.6000,6339227,66241100.3600
2021-06-28,sz.300224,10.4000,10.4600,10.2200,10.2800,10.4200,5948370,61480566.6000
2021-06-29,sz.300224,10.2500,10.9400,10.2400,10.7400,10.2800,23032804,246400260.9900
2021-06-30,sz.300224,10.6300,10.9400,10.6200,10.8700,10.7400,12883506,139333050.7600
2021-07-01,sz.300224,10.7500,10.8400,10.3800,10.4100,10.8700,8477211,89963587.9900
2021-07-02,sz.300224,10.3900,11.8000,10.2800,11.1700,10.4100,34436999,388224546.4500
2021-07-05,sz.300224,11.2100,12.4600,11.2100,12.1300,11.1700,40269509,479233927.8000
2021-07-06,sz.300224,11.8800,12.0300,11.5300,11.8400,12.1300,28158317,331314107.6600
2021-07-07,sz.300224,11.6200,13.1200,11.6000,12.7300,11.8400,50542267,642415230.0200
2021-07-08,sz.300224,12.6200,13.0900,12.4200,12.4800,12.7300,39271424,499694580.6000
2021-07-09,sz.300224,12.6000,13.1800,12.4900,12.9100,12.4800,43841238,566397330.5700
2021-07-12,sz.300224,12.9000,13.2500,12.5300,12.6500,12.9100,36574955,467235039.1800
2021-07-13,sz.300224,12.5000,12.6800,12.1300,12.4300,12.6500,25940480,320009770.0700
2021-07-14,sz.300224,12.3700,12.5000,12.0200,12.0200,12.4300,19418355,237020535.9600
2021-07-15,sz.300224,11.9100,13.0700,11.4400,12.7100,12.0200,40204700,494040178.7400
2021-07-16,sz.300224,12.5100,12.9300,12.3200,12.4900,12.7100,29915405,376751369.3500
2021-07-19,sz.300224,12.3200,12.6900,12.0200,12.0800,12.4900,22770768,280731762.3200
2021-07-20,sz.300224,11.9100,12.8200,11.8500,12.4500,12.0800,23247734,290641311.6700
2021-07-21,sz.300224,12.4500,12.8800,12.1900,12.7100,12.4500,32264765,407518164.9800
2021-07-22,sz.300224,12.5900,13.8500,12.4500,13.2900,12.7100,41824631,553369013.0600
2021-07-23,sz.300224,13.3000,13.7200,13.0000,13.4500,13.2900,36645949,489143842.5200
2021-07-26,sz.300224,13.8300,13.8500,12.6900,13.2400,13.4500,35583317,475096495.9500
2021-07-27,sz.300224,13.1800,13.5100,12.3800,12.4800,13.2400,28952268,376984376.1700
2021-07-28,sz.300224,12.2900,13.1400,12.0000,12.6400,12.4800,23436729,295986829.8300
2021-07-29,sz.300224,12.8500,13.8000,12.5200,13.6100,12.6400,43193163,575145984.1800
2021-07-30,sz.300224,13.4300,14.6500,13.3200,14.4900,13.6100,50401708,704012859.6800
2021-08-02,sz.300224,14.5500,14.5800,13.4500,13.9300,14.4900,47262274,660583198.2100
2021-08-03,sz.300224,13.7500,14.1000,13.0100,13.1700,13.9300,29944348,405017440.5600
2021-08-04,sz.300224,13.1700,13.7500,13.0900,13.6500,13.1700,22841131,309322848.1200
2021-08-05,sz.300224,13.5200,13.5200,12.8000,13.0000,13.6500,25740068,336906392.5400
2021-08-06,sz.300224,13.0400,15.1500,13.0100,14.5000,13.0000,59226204,850176014.2400
2021-08-09,sz.300224,14.3300,14.9900,14.0000,14.2700,14.5000,39046992,562760066.0600
2021-08-10,sz.300224,14.3900,15.3400,14.2700,14.6900,14.2700,49872535,739823868.1200
2021-08-11,sz.300224,14.6800,16.1800,14.2000,15.6000,14.6900,56727999,865639094.8200
2021-08-12,sz.300224,15.5000,15.5000,14.8100,15.1200,15.6000,39614864,601350320.8800
2021-08-13,sz.300224,15.1200,16.0000,14.8600,15.1600,15.1200,37641214,579954599.5800
2021-08-16,sz.300224,15.1200,15.3300,14.1500,14.3900,15.1600,30357863,441055105.8000
2021-08-17,sz.300224,14.4100,14.7500,13.9600,14.1200,14.3900,26236005,375926129.3700
2021-08-18,sz.300224,14.1800,14.5000,14.0000,14.3200,14.1200,18980559,270370032.4100
2021-08-19,sz.300224,14.2800,14.6100,13.9500,14.3700,14.3200,27697548,396494915.3800
2021-08-20,sz.300224,13.8000,13.8000,12.3800,13.2700,14.3700,39000088,508792883.0600
2021-08-23,sz.300224,13.2500,14.3800,13.1600,14.2900,13.2700,37433914,522023093.0900
2021-08-24,sz.300224,14.3300,15.2200,14.1100,14.7700,14.2900,35347750,523253376.3700
2021-08-25,sz.300224,14.6400,15.1600,14.5200,14.9500,14.7700,25955011,388211672.6400
2021-08-26,sz.300224,14.8100,15.3600,14.7300,14.9200,14.9500,24314821,366776343.3700
2021-08-27,sz.300224,14.8800,15.4000,14.4400,15.2000,14.9200,27253260,407276433.4200
2021-08-30,sz.300224,15.4000,15.4000,14.6800,14.9000,15.2000,27487795,409936091.5500
2021-08-31,sz.300224,14.7300,14.7700,14.1400,14.4800,14.9000,30170602,433426825.7700
2021-09-01,sz.300224,14.5000,14.8000,13.5400,13.6000,14.4800,29521209,414605879.9700
2021-09-02,sz.300224,13.4000,14.2500,13.3000,14.0700,13.6000,19721049,273750375.2900
2021-09-03,sz.300224,14.2300,14.8300,13.8700,13.9600,14.0700,20666854,297135225.4100
2021-09-06,sz.300224,14.1000,14.1400,13.3800,13.9400,13.9600,15990965,220222176.0400
2021-09-07,sz.300224,13.9400,14.2100,13.7200,14.1400,13.9400,15593530,218405378.3300
2021-09-08,sz.300224,14.0700,14.1500,13.5000,13.5900,14.1400,21974847,301946091.9600
2021-09-09,sz.300224,13.4900,13.7200,13.2300,13.4400,13.5900,14334102,192913098.5300
2021-09-10,sz.300224,13.4100,13.8000,13.2400,13.4100,13.4400,23889384,322225046.3200
2021-09-13,sz.300224,13.3200,13.6000,13.0300,13.1900,13.4100,22414618,296946283.1000
2021-09-14,sz.300224,13.0500,13.6800,12.9300,13.3700,13.1900,23325991,311891036.9600
2021-09-15,sz.300224,13.3800,13.4600,13.1100,13.3000,13.3700,14084567,187111317.8700
2021-09-16,sz.300224,13.2100,13.3800,12.5200,12.5700,13.3000,22696043,293054267.1300
2021-09-17,sz.300224,12.5200,12.7500,12.0500,12.4400,12.5700,13560250,168496662.3300
2021-09-22,sz.300224,12.0900,12.5700,12.0800,12.3800,12.4400,9606688,119303730.1300
2021-09-23,sz.300224,12.4000,12.6500,12.3900,12.5100,12.3800,10541449,132075933.8700
2021-09-24,sz.300224,12.8600,13.4100,12.4600,12.4600,12.5100,19987570,256494831.0200
2021-09-27,sz.300224,12.0100,12.1100,11.2200,11.5100,12.4600,21384320,248822014.2200
2021-09-28,sz.300224,11.4400,11.6900,11.4200,11.6300,11.5100,9273150,107290982.1000
2021-09-29,sz.300224,11.5500,11.5500,11.0900,11.1000,11.6300,10138326,114321639.7100
2021-09-30,sz.300224,11.0900,11.5400,11.0900,11.4400,11.1000,7779600,88301001.0000
2021-10-08,sz.300224,11.6000,11.6400,11.3600,11.4000,11.4400,8092623,92735469.4600
2021-10-11,sz.300224,11.5000,11.6400,11.2600,11.5400,11.4000,8578037,98722654.9500
2021-10-12,sz.300224,11.5600,11.5900,11.0100,11.1400,11.5400,9622425,108166625.7500
2021-10-13,sz.300224,11.1700,11.2900,11.0300,11.2500,11.1400,6270550,69925061.5000
2021-10-14,sz.300224,11.2000,11.4100,11.1400,11.3700,11.2500,5619045,63627485.5500
2021-10-15,sz.300224,11.3300,11.4700,11.2800,11.3900,11.3700,6873418,78325527.4000
2021-10-18,sz.300224,11.6100,11.8400,11.4000,11.6600,11.3900,10770850,124698021.8200
2021-10-19,sz.300224,11.6600,11.9100,11.6200,11.8700,11.6600,10382216,122896131.9600
2021-10-20,sz.300224,11.8800,12.0800,11.6600,11.9000,11.8700,10377795,123218896.1600
2021-10-21,sz.300224,12.0500,12.2700,11.8000,12.0200,11.9000,13800889,166014998.2700
2021-10-22,sz.300224,11.9900,12.0100,11.6300,11.6500,12.0200,10134172,119650567.3200
2021-10-25,sz.300224,11.5500,12.1500,11.5500,12.1300,11.6500,12296652,147404059.7200
2021-10-26,sz.300224,12.0100,12.2300,11.7800,11.9800,12.1300,15016867,179327086.4400
2021-10-27,sz.300224,11.8700,11.9600,11.6500,11.7600,11.9800,10008286,117688209.1000
2021-10-28,sz.300224,11.7900,11.7900,11.0600,11.1100,11.7600,13837908,155801596.1800
2021-10-29,sz.300224,11.1200,11.3300,11.0900,11.2800,11.1100,7782987,87426939.4200
2021-11-01,sz.300224,11.2900,11.7400,11.2500,11.6000,11.2800,11439038,132124917.8300
2021-11-02,sz.300224,11.6000,12.0800,11.2400,11.3900,11.6000,16311319,190601615.7900
2021-11-03,sz.300224,11.4400,11.4600,11.0100,11.2500,11.3900,12938653,144515564.2100
2021-11-04,sz.300224,11.4500,12.3400,11.3200,12.0500,11.2500,26818347,318343168.3200
2021-11-05,sz.300224,12.0500,12.4500,11.8000,12.2000,12.0500,28093258,343130224.7500
2021-11-08,sz.300224,12.2600,12.4900,11.9600,12.3400,12.2000,22211509,272652695.8300
2021-11-09,sz.300224,12.2600,12.3700,12.1500,12.3000,12.3400,15352692,187831456.1200
2021-11-10,sz.300224,12.2000,12.4600,12.1300,12.4400,12.3000,15569204,191286509.1200
2021-11-11,sz.300224,12.5500,12.5600,12.1800,12.2900,12.4400,15414780,190229329.5500
2021-11-12,sz.300224,12.2800,12.7800,12.2100,12.6000,12.2900,23395791,294683739.0300
2021-11-15,sz.300224,12.5800,12.9000,12.4600,12.7500,12.6000,21063450,267508994.6600
2021-11-16,sz.300224,12.6400,14.1500,12.6000,13.4800,12.7500,46827172,634895739.4000
2021-11-17,sz.300224,13.6600,14.3500,13.4100,14.1400,13.4800,61289980,854945152.2000
2021-11-18,sz.300224,13.8400,14.0800,13.5000,13.7100,14.1400,40327449,555591980.3700
2021-11-19,sz.300224,13.5900,13.7600,13.1300,13.4200,13.7100,26882306,359596375.1900
2021-11-22,sz.300224,13.3900,14.1100,13.3200,14.0400,13.4200,36041672,497859661.2700
2021-11-23,sz.300224,16.0400,16.8500,16.0400,16.8500,14.0400,131719510,2194214652.7700
2021-11-24,sz.300224,16.6900,20.2200,16.3800,20.2200,16.8500,124971106,2329918841.2300
2021-11-25,sz.300224,21.0900,22.2000,19.9600,21.6000,20.2200,145364554,3073115772.4900
2021-11-26,sz.300224,21.4200,22.9200,21.2000,21.5900,21.6000,120045100,2628690325.3700
2021-11-29,sz.300224,21.5900,23.5600,21.5500,22.0500,21.5900,104871366,2333992787.8700
2021-11-30,sz.300224,22.4300,22.8700,21.0000,21.6500,22.0500,105063576,2261247289.1400
2021-12-01,sz.300224,21.2500,21.8400,20.3900,21.1500,21.6500,95566683,2003931474.1400
2021-12-02,sz.300224,21.2100,23.0900,20.1000,21.3500,21.1500,143359426,3080389351.9100
2021-12-03,sz.300224,20.6100,20.6400,19.3100,19.6700,21.3500,94097420,1873164097.3900
2021-12-06,sz.300224,19.6200,19.8200,18.9600,19.0100,19.6700,66999925,1297629303.4800
2021-12-07,sz.300224,19.6900,19.6900,17.9600,18.3800,19.0100,58939513,1091082177.4600
2021-12-08,sz.300224,18.5000,18.7500,18.2800,18.5800,18.3800,47109847,872627720.4800
2021-12-09,sz.300224,18.5500,18.7800,18.1000,18.4400,18.5800,54306108,1000899797.6800
2021-12-10,sz.300224,18.2200,19.0600,18.0600,18.0700,18.4400,67700427,1245292967.6100
2021-12-13,sz.300224,18.0600,18.3500,17.5100,18.2800,18.0700,70348156,1259042056.5700
2021-12-14,sz.300224,18.0000,18.4200,17.3800,18.1500,18.2800,78208719,1394334621.7700
2021-12-15,sz.300224,17.9600,19.6200,17.6600,19.5800,18.1500,116714044,2210620782.5900
2021-12-16,sz.300224,19.0000,19.7300,18.6000,18.9700,19.5800,80620777,1527482116.5000
2021-12-17,sz.300224,18.4500,18.5500,16.8600,16.9800,18.9700,78230083,1379355270.2200
2021-12-20,sz.300224,16.8200,17.9600,16.7400,17.3600,16.9800,57822045,1000436709.2300
2021-12-21,sz.300224,17.2400,18.2000,17.1800,17.6400,17.3600,43278286,767394803.8500
2021-12-22,sz.300224,17.7400,17.9800,17.1000,17.2200,17.6400,39835769,692381129.5100
2021-12-23,sz.300224,17.5200,17.5800,17.0000,17.1400,17.2200,30942872,532993996.7700
2021-12-24,sz.300224,17.1000,17.2900,16.3200,16.4500,17.1400,35135561,586566927.0900
2021-12-27,sz.300224,16.3100,16.7500,16.3100,16.6100,16.4500,21523886,357033132.4300
2021-12-28,sz.300224,16.6700,17.1500,16.3600,16.6100,16.6100,31702330,527273100.6100
2021-12-29,sz.300224,16.4300,16.9900,16.4100,16.5000,16.6100,26114917,434513446.6300
2021-12-30,sz.300224,17.6300,18.3800,17.0300,17.0500,16.5000,56590982,991050889.7400
2021-12-31,sz.300224,17.1700,17.5500,16.9600,17.0800,17.0500,40186187,692688307.9900
2022-01-04,sz.300224,16.8000,16.8500,16.0100,16.0200,17.0800,45434079,741818010.3300
2022-01-05,sz.300224,15.9000,16.2500,15.6000,16.2100,16.0200,31946049,508274777.2900
2022-01-06,sz.300224,16.0000,16.4700,15.9600,16.2200,16.2100,25302686,411861381.8200
2022-01-07,sz.300224,16.5000,16.6300,15.9500,16.0300,16.2200,24638304,399905195.1100
2022-01-10,sz.300224,15.9400,16.2000,15.8800,15.9200,16.0300,16122740,258042979.4000
2022-01-11,sz.300224,15.9300,16.0500,15.6500,15.9500,15.9200,16156419,256291172.9200
2022-01-12,sz.300224,16.2000,16.2900,15.9700,16.2400,15.9500,18695988,301530646.5400
2022-01-13,sz.300224,16.2400,16.2400,15.4000,15.4600,16.2400,25395171,399386771.4700
2022-01-14,sz.300224,15.2800,15.7300,15.2100,15.4400,15.4600,20717239,321679284.4100
2022-01-17,sz.300224,15.2800,15.6300,15.0500,15.6300,15.4400,17080704,264346724.9000
2022-01-18,sz.300224,15.5800,15.6500,15.2400,15.3000,15.6300,14891255,229323103.0500
2022-01-19,sz.300224,15.2100,15.4000,14.9200,15.1400,15.3000,15461644,233967602.5300
2022-01-20,sz.300224,15.2000,15.2400,14.4300,14.4900,15.1400,18523357,272868509.3700
2022-01-21,sz.300224,14.4100,14.6800,14.2700,14.3000,14.4900,18307263,264709724.1800
2022-01-24,sz.300224,14.3000,14.7600,14.2900,14.6900,14.3000,16725077,244516153.9700
2022-01-25,sz.300224,15.1400,15.2200,14.1000,14.1000,14.6900,20865444,303553851.0400
2022-01-26,sz.300224,14.0200,14.4500,14.0100,14.3500,14.1000,12445062,177693868.5400
2022-01-27,sz.300224,14.4300,14.5200,13.7500,13.7900,14.3500,13350625,187915634.5000
2022-01-28,sz.300224,13.9500,14.1500,13.6800,13.9000,13.7900,12469261,173898549.3200
2022-02-07,sz.300224,14.3500,14.8100,14.1900,14.3900,13.9000,18943870,274524865.2900
2022-02-08,sz.300224,14.4700,14.4900,13.9600,14.3200,14.3900,15129728,214493673.3700
2022-02-09,sz.300224,14.3200,14.6800,14.2300,14.6400,14.3200,18721643,271593293.9800
2022-02-10,sz.300224,14.6100,14.7000,14.4100,14.5200,14.6400,13594625,197630145.7500
2022-02-11,sz.300224,14.4200,14.4300,14.0700,14.1700,14.5200,13345800,189787728.0000
2022-02-14,sz.300224,14.0000,15.0500,13.9400,14.6900,14.1700,27168300,399885587.9500
2022-02-15,sz.300224,15.2000,15.2500,14.6700,14.9300,14.6900,27636486,411728635.6200
2022-02-16,sz.300224,14.9700,16.4900,14.8400,15.9500,14.9300,54180183,853826776.1600
2022-02-17,sz.300224,15.6000,16.1900,15.5500,15.9000,15.9500,37967698,601648148.1900
2022-02-18,sz.300224,15.6400,15.7900,15.4500,15.7200,15.9000,23599699,368596096.9200
2022-02-21,sz.300224,15.6300,15.9700,15.5100,15.9500,15.7200,24978336,393225093.4500
2022-02-22,sz.300224,15.7700,16.3400,15.7100,16.2700,15.9500,37218683,598909904.5000
2022-02-23,sz.300224,16.0700,16.9000,16.0400,16.1800,16.2700,41276902,677980866.5000
2022-02-24,sz.300224,16.0400,16.8400,15.6500,16.1800,16.1800,50983356,832212019.2800
2022-02-25,sz.300224,16.4000,16.9800,16.2200,16.8800,16.1800,51651342,860775456.6800
2022-02-28,sz.300224,16.6800,16.8100,16.3500,16.7800,16.8800,31537947,523262032.0000
2022-03-01,sz.300224,16.7600,16.8400,16.0200,16.1100,16.7800,33282717,542144576.0000
2022-03-02,sz.300224,15.8500,16.2100,15.6600,15.9800,16.1100,22180971,353646432.0000
2022-03-03,sz.300224,16.1000,16.1900,15.6900,15.8100,15.9800,18230208,289004368.0000
2022-03-04,sz.300224,15.6600,15.9300,15.2300,15.3700,15.8100,22499739,349721728.0000
2022-03-07,sz.300224,15.0800,15.4900,14.7000,14.9500,15.3700,18664058,281131920.0000
2022-03-08,sz.300224,15.1500,15.2900,14.4600,14.4900,14.9500,18574170,275722880.0000
2022-03-09,sz.300224,14.5100,14.7500,13.6100,14.4900,14.4900,18313620,262050550.0000
2022-03-10,sz.300224,14.9000,14.9700,14.4800,14.4800,14.4900,16235720,237747902.0000
2022-03-11,sz.300224,14.2000,14.6100,13.8800,14.5400,14.4800,19353607,275349184.0000
2022-03-14,sz.300224,14.3600,14.4000,13.9100,13.9100,14.5400,13131652,186172692.0000
2022-03-15,sz.300224,13.8000,14.0900,13.1100,13.1700,13.9100,19160444,261600703.0000
2022-03-16,sz.300224,13.3500,13.8700,13.0500,13.8300,13.1700,21787249,293831024.0000
2022-03-17,sz.300224,14.1200,14.4700,13.9300,14.0200,13.8300,31162577,443856080.0000
2022-03-18,sz.300224,13.9500,14.0900,13.7100,13.9000,14.0200,16525776,229286921.4800
2022-03-21,sz.300224,13.8700,14.1600,13.7800,14.0200,13.9000,15573888,217697445.4200
2022-03-22,sz.300224,14.1600,14.3300,13.9400,14.0300,14.0200,15684700,221280797.0000
2022-03-23,sz.300224,14.0000,14.1900,13.8000,13.9100,14.0300,11004627,153836648.6000
2022-03-24,sz.300224,13.7500,13.8600,13.4500,13.7000,13.9100,15447106,210102724.0200
2022-03-25,sz.300224,13.8600,14.2500,13.7300,13.7600,13.7000,17317945,241768757.9400
2022-03-28,sz.300224,13.5000,13.6900,13.1400,13.2800,13.7600,15295550,203532775.4300
2022-03-29,sz.300224,13.3100,13.5400,13.2200,13.2800,13.2800,13278200,177697230.0000
2022-03-30,sz.300224,13.3900,13.6200,13.2800,13.5800,13.2800,17312450,233014163.5000
2022-03-31,sz.300224,13.4700,13.5200,13.1100,13.2200,13.5800,16680925,221487822.1000
2022-04-01,sz.300224,13.0600,13.3500,12.9300,13.2600,13.2200,12049900,158827954.0000
2022-04-06,sz.300224,13.2000,13.5800,13.0700,13.5600,13.2600,12525949,167308751.0500
2022-04-07,sz.300224,13.6000,13.6000,12.9900,12.9900,13.5600,17011700,224462214.8200
2022-04-08,sz.300224,12.9700,13.0000,12.5100,12.8100,12.9900,14175301,180445027.8600
2022-04-11,sz.300224,12.7900,12.7900,12.2200,12.2800,12.8100,14296088,176942215.5900
2022-04-12,sz.300224,12.2500,12.6200,12.2000,12.5500,12.2800,9315701,115462467.2300
2022-04-13,sz.300224,12.4800,12.5400,12.2500,12.3300,12.5500,7383300,91364565.0000
2022-04-14,sz.300224,12.4900,12.5400,12.3000,12.3800,12.3300,7031250,87121882.5000
2022-04-15,sz.300224,12.3000,12.3300,12.0100,12.0800,12.3800,9763103,118424212.5400
2022-04-18,sz.300224,11.8700,12.2900,11.6100,12.2000,12.0800,10423173,125175103.8700
2022-04-19,sz.300224,12.1100,12.5500,12.0300,12.3400,12.2000,9600956,118835958.0000
2022-04-20,sz.300224,12.9900,13.1000,12.0000,12.0800,12.3400,19871274,245956408.5300
2022-04-21,sz.300224,11.9000,12.1000,11.4400,11.5100,12.0800,12664649,149196785.8900
2022-04-22,sz.300224,11.5100,11.6100,11.2800,11.4000,11.5100,9788301,111884054.4700
2022-04-25,sz.300224,11.2100,11.2100,10.2300,10.2400,11.4000,16752206,179395999.4500
2022-04-26,sz.300224,10.4500,11.0400,10.4500,10.5300,10.2400,25882634,277622802.8500
2022-04-27,sz.300224,10.4000,11.3600,10.2900,11.1800,10.5300,25538954,275380715.0900
2022-04-28,sz.300224,11.0100,11.2800,10.9300,11.0500,11.1800,17035734,188641003.6700
2022-04-29,sz.300224,11.1900,11.5800,11.0800,11.5200,11.0500,16586939,188625312.1800
2022-05-05,sz.300224,11.6300,11.9200,11.3900,11.6800,11.5200,15646579,183156483.8200
2022-05-06,sz.300224,11.3000,11.8000,11.2700,11.7100,11.6800,12699359,146593817.0700
2022-05-09,sz.300224,11.5900,12.2800,11.5700,12.1000,11.7100,18785103,226378150.1800
2022-05-10,sz.300224,11.7800,12.2500,11.7500,12.1800,12.1000,18848200,226384489.1000
2022-05-11,sz.300224,12.2500,12.7900,12.0900,12.2400,12.1800,30397930,378113923.7100
2022-05-12,sz.300224,12.0700,12.3300,11.9900,12.1700,12.2400,15144000,184340613.0000
2022-05-13,sz.300224,12.3100,12.4400,12.1700,12.3100,12.1700,12575003,154791506.0800
2022-05-16,sz.300224,12.4000,12.5100,12.1500,12.2500,12.3100,12809664,157881579.6000
2022-05-17,sz.300224,12.3400,12.4900,12.1000,12.4100,12.2500,16536000,203925586.0000
2022-05-18,sz.300224,12.4000,12.5500,12.3000,12.3500,12.4100,12037397,149694873.7200
2022-05-19,sz.300224,12.2500,12.8300,12.1600,12.6000,12.3500,22157467,276815215.9600
2022-05-20,sz.300224,12.9600,13.3200,12.5000,13.0000,12.6000,42755853,553352284.9400
2022-05-23,sz.300224,12.9100,13.4300,12.8000,13.2200,13.0000,31375381,413498505.9900
2022-05-24,sz.300224,13.1000,13.2200,12.4000,12.4000,13.2200,28940864,370864961.7600
2022-05-25,sz.300224,12.5500,12.8400,12.2000,12.6200,12.4000,20775632,259596434.3600
2022-05-26,sz.300224,12.4700,12.6100,12.1500,12.4300,12.6200,19372990,240352615.8000
2022-05-27,sz.300224,12.5400,12.7100,12.1100,12.2600,12.4300,17027083,211008307.5400
2022-05-30,sz.300224,12.2800,12.3900,12.1700,12.3200,12.2600,12569015,154330938.3500
2022-05-31,sz.300224,12.3200,12.4500,11.8800,12.4300,12.3200,20093685,245203645.2600
2022-06-01,sz.300224,12.3600,12.7000,12.2700,12.5500,12.4300,18170733,227491264.8100
2022-06-02,sz.300224,12.5000,13.1400,12.4200,13.0600,12.5500,31078253,401330465.1800
2022-06-06,sz.300224,13.1100,13.6500,13.0100,13.3600,13.0600,34832006,464326721.2400
2022-06-07,sz.300224,13.2500,13.4500,12.8800,13.1000,13.3600,26876400,351411771.0000
2022-06-08,sz.300224,13.1400,13.3500,12.7600,13.0700,13.1000,28104177,367032490.9600
2022-06-09,sz.300224,13.0300,13.1800,12.7200,12.8400,13.0700,18408400,237905822.5000
2022-06-10,sz.300224,12.7000,13.5900,12.6700,13.4900,12.8400,37296589,497506244.2800
2022-06-13,sz.300224,13.2800,13.8500,13.2100,13.6800,13.4900,40675558,553029610.2400
2022-06-14,sz.300224,13.4800,13.6700,13.1400,13.6000,13.6800,28776072,386774281.7600
2022-06-15,sz.300224,13.6000,13.7600,13.2900,13.4700,13.6000,27190513,367305450.8800
2022-06-16,sz.300224,13.6600,14.1900,13.5400,13.6000,13.4700,36215784,500152008.0800
2022-06-17,sz.300224,13.3100,14.2800,13.3000,14.1700,13.6000,41592714,579229555.9500
2022-06-20,sz.300224,14.2100,14.7000,14.1000,14.5600,14.1700,40816734,587505028.8100
2022-06-21,sz.300224,14.5500,14.5600,13.9200,14.1700,14.5600,35110691,497196960.6000
2022-06-22,sz.300224,14.2000,14.3300,13.8700,13.8900,14.1700,19992751,281797064.7500
2022-06-23,sz.300224,13.7800,14.6600,13.6000,14.6500,13.8900,37980966,543119353.5800
2022-06-24,sz.300224,14.6500,15.2100,14.5800,15.0100,14.6500,43629530,650099423.1700
2022-06-27,sz.300224,15.0500,15.3500,14.8000,14.9900,15.0100,38208502,576160942.5700
2022-06-28,sz.300224,14.8900,16.4600,14.8600,15.8300,14.9900,54747367,860148875.6000
2022-06-29,sz.300224,15.7000,15.9900,15.0500,15.0500,15.8300,44513100,688022445.1300
2022-06-30,sz.300224,15.1400,15.5600,14.8800,15.3000,15.0500,34275305,522607794.5800
2022-07-01,sz.300224,15.2700,15.3900,14.9500,15.1500,15.3000,21602481,326983283.3100
2022-07-04,sz.300224,15.1500,15.3300,14.8000,15.3000,15.1500,25947598,392167075.4500
2022-07-05,sz.300224,15.8000,16.2900,15.6800,15.9200,15.3000,56128865,895171758.0300
2022-07-06,sz.300224,15.8300,16.0500,15.4000,15.7800,15.9200,30875336,482820364.7600
2022-07-07,sz.300224,15.7100,15.9800,15.2500,15.8300,15.7800,26167426,410019457.9600
2022-07-08,sz.300224,15.8300,16.2000,15.4700,15.5200,15.8300,24139786,381477537.8600
2022-07-11,sz.300224,15.3000,15.6300,14.6800,14.9400,15.5200,24106912,361700828.0100
2022-07-12,sz.300224,14.9400,15.1400,14.5900,14.6000,14.9400,20577924,305172655.1200
2022-07-13,sz.300224,14.6200,15.1400,14.5900,15.0700,14.6000,21583299,322211732.0000
2022-07-14,sz.300224,15.0000,15.5500,14.9000,15.4400,15.0700,20325183,312316741.3700
2022-07-15,sz.300224,15.4500,16.2000,15.3100,15.7000,15.4400,34217080,540956628.0100
2022-07-18,sz.300224,15.8000,16.0800,15.5500,15.9100,15.7000,24204922,383770577.0800
2022-07-19,sz.300224,15.8600,16.7800,15.7500,16.1900,15.9100,37486001,613681179.0500
2022-07-20,sz.300224,16.0700,16.2800,15.9000,16.2400,16.1900,22766151,366442340.1300
2022-07-21,sz.300224,16.1200,16.6200,15.8800,16.1000,16.2400,23228518,379085308.2400
2022-07-22,sz.300224,16.1200,16.2500,15.6800,15.9500,16.1000,18246628,290164863.9400
2022-07-25,sz.300224,15.9000,15.9800,15.4700,15.5000,15.9500,14225050,223263538.5800
2022-07-26,sz.300224,15.4800,15.6800,15.1800,15.6700,15.5000,11740640,182023299.8100
2022-07-27,sz.300224,15.6800,16.7500,15.4300,16.6300,15.6700,31904941,521489395.4000
2022-07-28,sz.300224,16.7700,17.4100,16.2800,17.0400,16.6300,40739457,687288704.8500
2022-07-29,sz.300224,17.0900,17.5400,16.9800,17.2100,17.0400,28967778,500949952.5400
2022-08-01,sz.300224,17.2100,18.4300,17.2000,18.3800,17.2100,46020638,826942431.5700
2022-08-02,sz.300224,18.2100,18.4800,17.1200,17.3500,18.3800,40973606,724909491.5400
2022-08-03,sz.300224,17.3600,17.8700,16.6100,16.7500,17.3500,33706649,580975778.9500
2022-08-04,sz.300224,16.8800,17.0100,16.1600,16.5500,16.7500,21827931,360100665.2400
2022-08-05,sz.300224,16.5900,16.6900,15.7000,15.9600,16.5500,30414408,489296119.2700
2022-08-08,sz.300224,15.6000,15.8900,15.1000,15.8300,15.9600,29719365,462852491.6200
2022-08-09,sz.300224,15.7000,16.4200,15.6500,16.2700,15.8300,29733695,480118378.6600
2022-08-10,sz.300224,16.1800,16.6200,15.8800,15.9500,16.2700,22180000,357529700.9400
2022-08-11,sz.300224,16.0700,16.1400,15.7500,16.1200,15.9500,20082729,320479038.2100
2022-08-12,sz.300224,16.0200,16.9200,16.0200,16.2600,16.1200,36702112,606813063.4400
2022-08-15,sz.300224,16.0200,16.9300,15.9200,16.8200,16.2600,29352823,489069223.4500
2022-08-16,sz.300224,16.6000,16.6500,15.5800,15.7000,16.8200,59979091,958297959.3300
2022-08-17,sz.300224,15.5900,15.6800,15.2200,15.3400,15.7000,27454115,421541067.2800
2022-08-18,sz.300224,15.3400,16.5700,15.3000,16.1700,15.3400,44559681,714567925.2000
2022-08-19,sz.300224,16.1800,16.2700,15.2200,15.2500,16.1700,37091674,578151365.1100
2022-08-22,sz.300224,15.2700,15.4400,14.8000,15.4100,15.2500,20158791,305027365.5100
2022-08-23,sz.300224,15.2200,15.5000,15.0000,15.1800,15.4100,17875981,271776869.8400
2022-08-24,sz.300224,15.2100,15.2500,14.2300,14.2300,15.1800,25982588,378870996.4900
2022-08-25,sz.300224,14.2700,14.3900,14.0600,14.3300,14.2300,12707846,180811775.3500
2022-08-26,sz.300224,14.3700,14.7200,14.3200,14.4700,14.3300,17670219,256959454.9500
2022-08-29,sz.300224,14.2900,14.6900,14.0800,14.6500,14.4700,12267764,176834916.9600
2022-08-30,sz.300224,14.6000,14.6000,14.1700,14.3000,14.6500,11335904,162593098.7500
2022-08-31,sz.300224,14.1800,14.2800,13.4800,13.5100,14.3000,18290085,251506827.1600
2022-09-01,sz.300224,13.5900,13.8200,13.4700,13.5900,13.5100,9354487,127990901.2800
2022-09-02,sz.300224,13.5900,13.7800,13.5000,13.6700,13.5900,7551764,103157353.5400
2022-09-05,sz.300224,13.5900,13.7700,13.3900,13.4900,13.6700,10562421,143203708.0600
2022-09-06,sz.300224,13.5900,13.8700,13.4300,13.8700,13.4900,11817244,161895249.2100
2022-09-07,sz.300224,13.7000,14.1800,13.6900,14.0900,13.8700,15464486,216752147.8500
2022-09-08,sz.300224,14.1300,14.2300,13.7800,13.8000,14.0900,8647699,120721021.4400
2022-09-09,sz.300224,13.7800,13.8900,13.5900,13.8200,13.8000,7725064,106304098.9000
2022-09-13,sz.300224,13.8900,14.0200,13.6400,13.6600,13.8200,9768530,134554068.5800
2022-09-14,sz.300224,13.3800,13.6100,13.2100,13.3100,13.6600,9511123,127238123.1100
2022-09-15,sz.300224,13.4600,13.5500,12.6000,12.8100,13.3100,15571800,201914461.3200
2022-09-16,sz.300224,12.8300,12.8800,12.5200,12.5400,12.8100,8374870,106203800.3900
2022-09-19,sz.300224,12.5600,12.6500,12.2000,12.4000,12.5400,8243400,102623058.9900
2022-09-20,sz.300224,12.5100,12.9500,12.5100,12.7900,12.4000,11414800,145888925.8600
2022-09-21,sz.300224,12.7900,13.1500,12.7000,13.0300,12.7900,11668657,151375522.8500
2022-09-22,sz.300224,12.9400,13.2200,12.9000,13.0700,13.0300,9030256,118175337.1600
2022-09-23,sz.300224,13.0700,13.7400,12.7300,13.2900,13.0700,19434547,257995896.3400
2022-09-26,sz.300224,13.0000,13.5600,12.7200,13.1000,13.2900,17969714,235211478.3700
2022-09-27,sz.300224,13.1200,13.3400,12.8200,13.2200,13.1000,11949211,155960904.8700
2022-09-28,sz.300224,13.1000,13.1400,12.5300,12.5300,13.2200,10420224,133113365.4200
2022-09-29,sz.300224,12.6900,12.8000,12.4900,12.6000,12.5300,7286884,92186076.0800
2022-09-30,sz.300224,12.5900,12.7400,12.3500,12.3500,12.6000,7619404,95302663.8000
2022-10-10,sz.300224,12.4000,12.5000,12.1000,12.2100,12.3500,6549150,80455869.5000
2022-10-11,sz.300224,12.2100,12.5000,12.2000,12.3900,12.2100,6289681,77707020.3700
2022-10-12,sz.300224,12.3900,12.8400,12.0600,12.8000,12.3900,11372853,141645825.4200
2022-10-13,sz.300224,12.6600,13.1000,12.6500,12.8500,12.8000,13092745,169642232.0300
2022-10-14,sz.300224,13.0100,13.1600,12.8200,13.1200,12.8500,11903036,155137875.2800
2022-10-17,sz.300224,13.0100,13.1400,12.8000,13.0000,13.1200,15992899,206672817.8500
2022-10-18,sz.300224,13.0800,13.1000,12.8300,12.8900,13.0000,11501260,148664450.2400
2022-10-19,sz.300224,12.8900,13.0700,12.8300,12.8300,12.8900,9812394,126971576.1400
2022-10-20,sz.300224,12.8000,12.9800,12.4600,12.7900,12.8300,10361613,131720198.5100
2022-10-21,sz.300224,12.8500,12.8900,12.6400,12.6400,12.7900,6907214,88176887.2400
2022-10-24,sz.300224,12.7100,12.9800,12.4600,12.6000,12.6400,10194456,129654845.9700
2022-10-25,sz.300224,12.5000,12.8500,12.2200,12.7200,12.6000,9173376,114919928.7500
2022-10-26,sz.300224,12.6800,13.2300,12.6700,13.1400,12.7200,15919710,207331594.0900
2022-10-27,sz.300224,13.1000,13.2900,13.0300,13.0300,13.1400,11577486,152160245.9200
2022-10-28,sz.300224,13.0600,13.0800,12.2200,12.2900,13.0300,17365969,217953468.7000
2022-10-31,sz.300224,12.1000,12.4400,12.0000,12.2900,12.2900,8896400,108648902.0000
2022-11-01,sz.300224,12.2800,13.1000,12.2800,13.1000,12.2900,20968610,270355315.6900
2022-11-02,sz.300224,13.1200,13.5200,13.0500,13.4000,13.1000,20860462,277704050.8100
2022-11-03,sz.300224,13.3900,13.6700,13.3100,13.4900,13.4000,16962619,229337301.4000
2022-11-04,sz.300224,13.4500,13.9100,13.4200,13.7700,13.4900,17507905,240207703.7500
2022-11-07,sz.300224,13.7900,13.9400,13.6400,13.6900,13.7700,13412232,184859880.5400
2022-11-08,sz.300224,13.6500,13.8900,13.5600,13.6900,13.6900,9990804,136920152.9200
2022-11-09,sz.300224,13.7200,13.7800,13.4400,13.5000,13.6900,8789109,119203596.4600
2022-11-10,sz.300224,13.4100,13.4600,13.2600,13.3300,13.5000,8241437,109978359.3900
2022-11-11,sz.300224,13.7000,13.7300,13.3900,13.4000,13.3300,10304205,139256375.6500
2022-11-14,sz.300224,13.5000,13.6500,13.1900,13.2600,13.4000,11302870,151649763.5800
2022-11-15,sz.300224,13.2600,13.7200,13.1300,13.7000,13.2600,11819491,159916126.0100
2022-11-16,sz.300224,13.6800,13.7500,13.4000,13.4400,13.7000,11096122,150505140.4200
2022-11-17,sz.300224,13.3800,13.4000,13.0600,13.2500,13.4400,12032384,158463281.9300
2022-11-18,sz.300224,13.2600,13.3700,13.0700,13.1000,13.2500,8814558,116511147.2400
2022-11-21,sz.300224,13.4100,13.7000,13.2600,13.7000,13.1000,22544931,304644248.2300
2022-11-22,sz.300224,13.5300,13.5900,13.2700,13.3600,13.7000,20952660,280571953.3200
2022-11-23,sz.300224,13.0300,13.0300,12.6500,12.8600,13.3600,16986331,217693960.8000
2022-11-24,sz.300224,12.9400,12.9800,12.7600,12.8900,12.8600,6916022,89042750.9400
2022-11-25,sz.300224,12.8300,12.8400,12.5800,12.5900,12.8900,6642403,84251064.6800
2022-11-28,sz.300224,12.4000,12.5800,12.3200,12.5100,12.5900,5251463,65569446.7000
2022-11-29,sz.300224,12.5500,12.8200,12.5100,12.8000,12.5100,7122352,90395585.8400
2022-11-30,sz.300224,12.8000,12.8800,12.7100,12.7300,12.8000,5922111,75814804.8700
2022-12-01,sz.300224,12.9200,13.0100,12.8200,12.9100,12.7300,8486114,109705452.8500
2022-12-02,sz.300224,12.9100,12.9900,12.8100,12.9600,12.9100,5926986,76496965.2400
2022-12-05,sz.300224,12.9900,13.0700,12.8600,13.0700,12.9600,7871000,102235002.0000
2022-12-06,sz.300224,13.0200,13.0500,12.9200,12.9800,13.0700,5815832,75495003.1000
2022-12-07,sz.300224,12.9000,13.0900,12.9000,13.0700,12.9800,6779772,88190885.2700
2022-12-08,sz.300224,13.0000,13.0000,12.7800,12.8500,13.0700,7641300,98373891.5000
2022-12-09,sz.300224,12.8000,12.8700,12.7000,12.7700,12.8500,4871162,62219475.8600
2022-12-12,sz.300224,12.8300,12.9300,12.7100,12.7400,12.7700,6660029,85343841.1100
2022-12-13,sz.300224,12.7400,13.1400,12.7000,12.9500,12.7400,13133702,170864582.3800
2022-12-14,sz.300224,12.8900,13.0200,12.7700,12.7800,12.9500,6317600,81359126.0000
2022-12-15,sz.300224,12.8400,13.0300,12.7400,13.0300,12.7800,7531893,97329551.9400
2022-12-16,sz.300224,12.9500,12.9600,12.6000,12.6100,13.0300,8886739,113004869.4300
2022-12-19,sz.300224,12.6000,12.7500,12.3400,12.4500,12.6100,5901840,73997790.7100
2022-12-20,sz.300224,12.4000,12.4500,12.2000,12.2900,12.4500,6352693,78239192.6000
2022-12-21,sz.300224,12.3000,12.3600,12.0600,12.1700,12.2900,5362460,65372986.9000
2022-12-22,sz.300224,12.1900,13.1800,12.1500,12.7100,12.1700,21564365,274680922.0600
2022-12-23,sz.300224,12.8500,12.8600,12.3000,12.4500,12.7100,8757368,109223815.4800
2022-12-26,sz.300224,12.4400,12.6500,12.4000,12.6100,12.4500,6195044,77801544.7200
2022-12-27,sz.300224,13.1300,13.1300,12.7200,12.9500,12.6100,14857850,191794998.3600
2022-12-28,sz.300224,12.8300,13.0200,12.8000,12.8300,12.9500,8813188,113680905.3600
2022-12-29,sz.300224,12.7400,12.8800,12.6500,12.6800,12.8300,8054036,102710100.6300
2022-12-30,sz.300224,12.7000,12.8800,12.4700,12.5300,12.6800,7756835,97978541.2000
2023-01-03,sz.300224,12.5300,12.8200,12.4000,12.7900,12.5300,10003090,126492226.2000
2023-01-04,sz.300224,12.7400,12.8400,12.6100,12.6800,12.7900,6281544,79836148.0600
2023-01-05,sz.300224,12.6900,12.9200,12.6600,12.9000,12.6800,10232064,131491281.9600
2023-01-06,sz.300224,13.0200,13.3500,12.9700,13.2700,12.9000,23627743,312106889.4900
2023-01-09,sz.300224,13.2100,13.4700,13.1600,13.3200,13.2700,16778655,223526032.5800
2023-01-10,sz.300224,13.2700,13.3300,13.1000,13.2300,13.3200,8867300,117078832.0000
2023-01-11,sz.300224,13.2900,13.3000,13.0900,13.1000,13.2300,7284083,95970046.6600
2023-01-12,sz.300224,13.1200,13.2900,13.0300,13.0600,13.1000,6445770,84779933.3000
2023-01-13,sz.300224,13.0900,13.2300,12.9700,13.1100,13.0600,6700725,87645909.0000
2023-01-16,sz.300224,13.1200,13.2900,13.0500,13.2300,13.1100,8470957,111892920.3300
2023-01-17,sz.300224,13.2800,13.3400,13.2000,13.3000,13.2300,6910819,91813922.1000
2023-01-18,sz.300224,13.3000,13.3900,13.2500,13.2700,13.3000,5810900,77341009.5800
2023-01-19,sz.300224,13.2500,13.3100,13.1400,13.3100,13.2700,6360809,84221393.8100
2023-01-20,sz.300224,13.2500,13.5900,13.2500,13.5500,13.3100,12577497,169726825.4900
2023-01-30,sz.300224,13.6600,14.0500,13.6600,13.7200,13.5500,18109124,250483836.3300
2023-01-31,sz.300224,13.7000,14.1000,13.6300,14.0900,13.7200,18479544,257693888.1500
2023-02-01,sz.300224,14.2000,14.5400,14.0700,14.3500,14.0900,25038697,358633744.2400
2023-02-02,sz.300224,14.3000,14.3500,14.0600,14.2200,14.3500,18886443,267768045.9700
2023-02-03,sz.300224,14.2200,14.2500,13.8100,13.9800,14.2200,15501198,216627549.1900
2023-02-06,sz.300224,13.8600,13.9800,13.8100,13.9000,13.9800,8159940,113322720.1700
2023-02-07,sz.300224,13.9000,14.1500,13.8400,14.0800,13.9000,12597876,176427018.3000
2023-02-08,sz.300224,14.0700,14.1200,13.8800,13.8900,14.0800,8968725,125460621.9400
2023-02-09,sz.300224,13.8100,14.1700,13.7500,14.1600,13.8900,10869560,152856244.1700
2023-02-10,sz.300224,14.1200,14.1400,13.8800,13.9600,14.1600,8227700,115219271.2900
2023-02-13,sz.300224,13.9600,14.2900,13.9000,14.2200,13.9600,15193539,215624090.5900
2023-02-14,sz.300224,14.2500,14.3600,14.1200,14.3400,14.2200,14776682,210471904.8600
2023-02-15,sz.300224,14.4700,14.4800,14.0500,14.1700,14.3400,16838378,239882074.6700
2023-02-16,sz.300224,14.1800,14.2200,13.5500,13.6600,14.1700,17386270,241630877.7100
2023-02-17,sz.300224,13.7000,13.8900,13.6300,13.6600,13.6600,9621070,132395876.0200
2023-02-20,sz.300224,13.6800,13.8100,13.4000,13.7700,13.6600,10352585,141089647.4200
2023-02-21,sz.300224,13.8100,14.0600,13.7200,13.9000,13.7700,8887500,123528445.0000
2023-02-22,sz.300224,13.8300,13.8900,13.7100,13.7800,13.9000,5987337,82604579.0800
2023-02-23,sz.300224,13.7800,13.9500,13.7200,13.8700,13.7800,7663959,105947474.4400
2023-02-24,sz.300224,13.9400,13.9400,13.5500,13.6400,13.8700,8638314,117967225.6100
2023-02-27,sz.300224,13.5600,13.7100,13.4500,13.5500,13.6400,7119299,96599252.8000
2023-02-28,sz.300224,13.5200,13.6500,13.4800,13.6400,13.5500,6539883,88769435.0100
2023-03-01,sz.300224,13.6000,13.6800,13.5500,13.6800,13.6400,6182630,84283719.9900
2023-03-02,sz.300224,13.4900,13.5800,12.9000,12.9500,13.6800,29799307,390298975.2200
2023-03-03,sz.300224,12.9200,12.9700,12.6300,12.8300,12.9500,17911711,228791927.8000
2023-03-06,sz.300224,12.8400,12.8500,12.5900,12.7300,12.8300,9812831,124526951.6700
2023-03-07,sz.300224,12.7000,12.7500,12.5000,12.5000,12.7300,10331305,130302824.2400
2023-03-08,sz.300224,12.4600,12.5700,12.4300,12.5600,12.5000,6173380,77288117.4400
2023-03-09,sz.300224,12.5800,12.6200,12.4900,12.5100,12.5600,6464600,81119903.0000
2023-03-10,sz.300224,12.4600,12.4900,12.3000,12.3200,12.5100,7311100,90449308.5900
2023-03-13,sz.300224,12.3300,12.4500,12.3200,12.4100,12.3200,6743085,83520556.1000
2023-03-14,sz.300224,12.4000,12.5000,12.1800,12.3200,12.4100,8768957,108227769.2200
2023-03-15,sz.300224,12.3500,12.5200,12.3500,12.4300,12.3200,6699624,83446686.1400
2023-03-16,sz.300224,12.4200,12.4300,12.1800,12.2100,12.4300,6696549,82315597.8100
2023-03-17,sz.300224,12.3000,12.3900,12.2600,12.3000,12.2100,5224804,64393967.4400
2023-03-20,sz.300224,12.3300,12.5500,12.2800,12.5400,12.3000,8913991,110960929.2700
2023-03-21,sz.300224,12.5600,12.6500,12.5000,12.6400,12.5400,7004179,88267981.4800
2023-03-22,sz.300224,12.6500,12.7100,12.4800,12.5800,12.6400,7112955,89479973.0500
2023-03-23,sz.300224,12.5500,12.6800,12.5300,12.6300,12.5800,5442489,68648351.4700
2023-03-24,sz.300224,12.6400,12.6400,12.5100,12.5300,12.6300,5523339,69350601.6800
2023-03-27,sz.300224,12.5300,12.5900,12.4400,12.5800,12.5300,6892074,86253222.3200
2023-03-28,sz.300224,12.6000,12.6200,12.3200,12.3500,12.5800,6395826,79470502.5000
2023-03-29,sz.300224,12.3900,12.4200,12.2400,12.2700,12.3500,5503766,67748775.2500
2023-03-30,sz.300224,12.3300,12.4900,12.2100,12.4700,12.2700,7647060,94496339.3400
2023-03-31,sz.300224,12.5200,12.6200,12.4600,12.4600,12.4700,6274027,78618626.1000
2023-04-03,sz.300224,12.4700,12.6500,12.4400,12.6200,12.4600,10578571,133207002.0300
2023-04-04,sz.300224,12.6200,12.6500,12.3800,12.4400,12.6200,8731923,108853705.6500
2023-04-06,sz.300224,12.3800,12.7300,12.3000,12.7300,12.4400,11172241,140746732.2400
2023-04-07,sz.300224,12.7300,12.7500,12.6300,12.7100,12.7300,7348000,93161944.0000
2023-04-10,sz.300224,12.7000,12.8400,12.6400,12.8300,12.7100,9571635,121928205.0300
2023-04-11,sz.300224,12.8100,12.8100,12.6700,12.7500,12.8300,7724092,98350436.6400
2023-04-12,sz.300224,12.9800,12.9800,12.7000,12.7600,12.7500,8403112,107648777.4800
2023-04-13,sz.300224,12.7000,12.8500,12.5500,12.5800,12.7600,8025686,101626247.5800
2023-04-14,sz.300224,12.5800,12.7400,12.5700,12.6600,12.5800,5969625,75601501.8900
2023-04-17,sz.300224,12.6500,12.8100,12.6000,12.7600,12.6600,7356693,93715747.2500
2023-04-18,sz.300224,12.7800,12.8300,12.6100,12.6300,12.7600,5924398,75123925.1700
2023-04-19,sz.300224,12.6400,12.7000,12.4900,12.4900,12.6300,6351791,79800561.4700
2023-04-20,sz.300224,12.4900,12.4900,12.2500,12.3100,12.4900,7262312,89485104.4700
2023-04-21,sz.300224,12.3100,12.3600,12.0200,12.0800,12.3100,8043884,97867907.7600
2023-04-24,sz.300224,12.0800,12.2200,11.9100,12.1400,12.0800,5253850,63482933.0000
2023-04-25,sz.300224,12.2800,12.3300,12.0100,12.3300,12.1400,9037060,110340883.2300
2023-04-26,sz.300224,12.1300,12.3900,12.0700,12.3300,12.1300,8975512,110378360.9100
2023-04-27,sz.300224,12.3200,12.3200,12.1500,12.1800,12.3300,6052680,73959629.4800
2023-04-28,sz.300224,12.1600,12.3300,12.1500,12.3200,12.1800,4723444,58028842.3300
2023-05-04,sz.300224,12.3200,12.4800,12.2600,12.3600,12.3200,5944853,73709352.5800
2023-05-05,sz.300224,12.3500,12.4300,11.9800,12.0900,12.3600,7581800,91851270.5000
2023-05-08,sz.300224,12.1300,12.3300,12.1200,12.2700,12.0900,5623025,68805827.2700
2023-05-09,sz.300224,12.2500,12.5400,12.1500,12.3200,12.2700,8291311,102532890.3000
2023-05-10,sz.300224,12.3500,12.4000,12.1800,12.3000,12.3200,5333650,65428217.5000
2023-05-11,sz.300224,12.3000,12.3500,12.2200,12.3000,12.3000,4143050,50955938.0000
2023-05-12,sz.300224,12.2700,12.3200,12.0700,12.0700,12.3000,4878312,59232491.7900
2023-05-15,sz.300224,12.0100,12.3000,12.0100,12.2900,12.0700,4522470,55192582.5000
2023-05-16,sz.300224,12.3100,12.3300,12.2000,12.2200,12.2900,3776889,46304179.7000
2023-05-17,sz.300224,12.2200,12.3800,12.2200,12.3700,12.2200,5324959,65608200.5200
2023-05-18,sz.300224,12.3700,12.4200,12.2100,12.2900,12.3700,5000208,61407899.4200
2023-05-19,sz.300224,12.2900,12.2900,12.1500,12.2300,12.2900,3420108,41773689.5100
2023-05-22,sz.300224,12.1800,12.3200,12.1700,12.2800,12.2300,3028100,37146885.0000
2023-05-23,sz.300224,12.2400,12.2800,12.1100,12.1100,12.2800,3871489,47183120.0900
2023-05-24,sz.300224,12.1200,12.2500,12.0600,12.1100,12.1100,3512994,42724805.9900
2023-05-25,sz.300224,12.1200,12.2000,11.9800,12.0900,12.1100,4787959,57803701.3100
2023-05-26,sz.300224,12.1300,12.1400,11.9100,12.0300,12.0900,4200860,50337143.8000
2023-05-29,sz.300224,12.0800,12.0900,11.8200,11.8300,12.0300,5195252,61865145.7600
2023-05-30,sz.300224,11.8800,11.8900,11.6400,11.8500,11.8300,4514353,53128519.0500
2023-05-31,sz.300224,11.7800,11.8400,11.6500,11.7100,11.8500,4921144,57675640.3000
2023-06-01,sz.300224,12.0500,12.1000,11.7000,11.7300,11.7100,8024352,95653263.9400
2023-06-02,sz.300224,11.6000,11.9800,11.5200,11.9400,11.7300,6234481,73954426.1900
2023-06-05,sz.300224,11.9200,11.9900,11.8600,11.9100,11.9400,3831323,45619189.4200
2023-06-06,sz.300224,11.9100,11.9200,11.6100,11.6200,11.9100,4858700,56950809.0000
2023-06-07,sz.300224,11.6200,11.6900,11.3900,11.4300,11.6200,6114829,70349625.7500
2023-06-08,sz.300224,11.4400,11.5000,11.3500,11.4300,11.4300,3725544,42556152.1900
2023-06-09,sz.300224,11.6500,11.6600,11.3700,11.4900,11.4300,4527295,51977768.5400
2023-06-12,sz.300224,11.4300,11.6300,11.3600,11.5700,11.4900,5626030,64810163.3400
2023-06-13,sz.300224,11.5900,11.6600,11.5400,11.6200,11.5700,3956164,45856799.3300
2023-06-14,sz.300224,11.6500,11.6600,11.4800,11.5000,11.6200,4087615,47192655.8300
2023-06-15,sz.300224,11.4800,11.8300,11.4400,11.7800,11.5000,7139086,83381301.9900
2023-06-16,sz.300224,11.8700,11.8900,11.7600,11.8100,11.7800,4405401,52036369.3500
2023-06-19,sz.300224,11.8800,11.9400,11.8100,11.8100,11.8100,4526430,53736965.9600
2023-06-20,sz.300224,11.8000,11.9200,11.7400,11.8500,11.8100,3692691,43707964.8600
2023-06-21,sz.300224,11.8800,11.9400,11.7500,11.7700,11.8500,4594726,54481120.7700
2023-06-26,sz.300224,11.7200,12.0700,11.6800,11.9000,11.7700,10211458,121836163.8400
2023-06-27,sz.300224,11.8000,12.0200,11.8000,11.9000,11.9000,5296155,62983477.0000
2023-06-28,sz.300224,12.2000,12.2800,11.8300,11.9300,11.9000,10988948,132036339.9300
2023-06-29,sz.300224,11.9000,12.8800,11.9000,12.6800,11.9300,32021872,400465371.6000
2023-06-30,sz.300224,12.6800,12.9600,12.5600,12.8600,12.6800,29347575,376558129.6800
2023-07-03,sz.300224,12.8900,13.0200,12.6600,12.7000,12.8600,19025533,243778768.4200
2023-07-04,sz.300224,12.8200,13.0000,12.7300,12.8300,12.7000,15553894,199936945.1000
2023-07-05,sz.300224,12.7900,14.3600,12.7100,14.0000,12.8300,69652531,943340210.6700
2023-07-06,sz.300224,13.7300,13.9000,13.3600,13.4700,14.0000,45801104,620756407.8600
2023-07-07,sz.300224,13.3600,13.5000,13.1700,13.3700,13.4700,24752003,330149896.9800
2023-07-10,sz.300224,13.3300,13.4700,13.0900,13.1600,13.3700,16772448,221745132.3900
2023-07-11,sz.300224,13.1200,13.4600,12.9800,13.4000,13.1600,22816964,301447745.1900
2023-07-12,sz.300224,13.2300,14.0800,13.1000,13.5200,13.4000,41967512,567745531.2200
2023-07-13,sz.300224,13.4500,13.6500,13.2600,13.3200,13.5200,23823776,319428514.8200
2023-07-14,sz.300224,13.1600,13.2100,12.9800,13.0600,13.3200,20907559,273403770.7600
2023-07-17,sz.300224,12.8500,12.9600,12.5600,12.8700,13.0600,17166516,219360689.7900
2023-07-18,sz.300224,12.8500,13.1500,12.8200,13.0600,12.8700,15357239,199798457.6000
2023-07-19,sz.300224,13.0000,13.0000,12.7700,12.8800,13.0600,11262543,144847840.9600
2023-07-20,sz.300224,12.8800,13.0800,12.7800,12.7900,12.8800,11374820,146940710.7200
2023-07-21,sz.300224,12.7700,12.8600,12.6000,12.6300,12.7900,8907807,113259884.2900
2023-07-24,sz.300224,12.6500,12.7200,12.5100,12.5200,12.6300,6585414,82878301.5700
2023-07-25,sz.300224,12.6000,12.8500,12.6000,12.8400,12.5200,9454677,120354355.9000
2023-07-26,sz.300224,12.7600,12.8100,12.6000,12.6200,12.8400,6094135,77214543.9600
2023-07-27,sz.300224,12.6700,12.7100,12.4200,12.4200,12.6200,7569084,94996865.6200
2023-07-28,sz.300224,12.3700,12.5500,12.2800,12.4800,12.4200,8578366,106644904.4000
2023-07-31,sz.300224,12.4900,12.6400,12.4300,12.5400,12.4800,7052026,88561370.5200
2023-08-01,sz.300224,12.5600,12.9000,12.4800,12.8000,12.5400,17536736,223080667.6400
2023-08-02,sz.300224,12.9000,12.9800,12.6400,12.6800,12.8000,14470644,185451251.4300
2023-08-03,sz.300224,12.5300,12.6400,12.4500,12.5600,12.6800,8273947,103796788.3200
2023-08-04,sz.300224,12.5800,12.6300,12.4600,12.5200,12.5600,6361040,79758068.9900
2023-08-07,sz.300224,12.5600,12.8800,12.4700,12.8300,12.5200,14112110,179882161.3600
2023-08-08,sz.300224,12.7600,12.7600,12.5400,12.5800,12.8300,8652103,109113785.7100
2023-08-09,sz.300224,12.5500,12.6300,12.4700,12.5000,12.5800,6417108,80497982.4800
2023-08-10,sz.300224,12.4500,12.5500,12.3700,12.4500,12.5000,5411783,67334221.8500
2023-08-11,sz.300224,12.4100,12.4700,12.1400,12.1400,12.4500,7023872,86199829.4400
2023-08-14,sz.300224,12.0000,12.1200,11.9400,12.0900,12.1400,4628285,55724622.9700
2023-08-15,sz.300224,12.0900,12.1300,11.8800,11.9800,12.0900,3875901,46524692.8500
2023-08-16,sz.300224,11.9500,12.0000,11.8100,11.8200,11.9800,4238359,50427243.2800
2023-08-17,sz.300224,11.8800,12.0100,11.7600,11.9700,11.8200,3823584,45571326.9000
2023-08-18,sz.300224,12.0000,12.0700,11.7900,11.8000,11.9700,4533050,54101185.2000
2023-08-21,sz.300224,11.7400,11.9100,11.6900,11.6900,11.8000,3201000,37788354.0000
2023-08-22,sz.300224,11.7800,11.8200,11.5200,11.7400,11.6900,4374100,51072777.0000
2023-08-23,sz.300224,11.7200,11.7200,11.4800,11.5100,11.7400,3807400,44109838.9700
2023-08-24,sz.300224,11.5500,11.6600,11.4000,11.5500,11.5100,3908543,45117567.6500
2023-08-25,sz.300224,11.4900,11.5000,11.1500,11.2100,11.5500,7505194,85122113.5400
2023-08-28,sz.300224,11.8800,12.0100,11.2300,11.2400,11.2100,8574200,99602011.7200
2023-08-29,sz.300224,11.1900,11.8300,11.1900,11.7400,11.2400,10753008,125396220.8400
2023-08-30,sz.300224,11.7100,11.9600,11.6700,11.7800,11.7400,7747485,91713184.5400
2023-08-31,sz.300224,11.8000,11.8200,11.6300,11.6600,11.7800,3887010,45434227.1000
2023-09-01,sz.300224,11.7300,11.8400,11.6400,11.8100,11.6600,4335950,50995118.0000
2023-09-04,sz.300224,11.8800,12.0800,11.7900,12.0500,11.8100,8598349,103001204.6100
2023-09-05,sz.300224,11.9900,12.0500,11.8900,11.9800,12.0500,5137400,61475186.0000
2023-09-06,sz.300224,11.9700,12.0200,11.8500,11.9900,11.9800,4574102,54727495.0400
2023-09-07,sz.300224,12.0000,12.0100,11.7700,11.7700,11.9900,5286851,62722102.2900
2023-09-08,sz.300224,11.7200,11.9100,11.7100,11.8300,11.7700,3930781,46506351.6000
2023-09-11,sz.300224,11.8500,12.2300,11.7500,12.0300,11.8300,7986853,95791444.3900
2023-09-12,sz.300224,11.9900,12.0700,11.9400,12.0000,12.0300,4981403,59791907.9600
2023-09-13,sz.300224,11.9900,12.2000,11.9600,12.0500,12.0000,9784814,118239637.3800
2023-09-14,sz.300224,12.0300,12.0300,11.7700,11.8900,12.0500,6758507,80339949.1800
2023-09-15,sz.300224,11.9000,12.0100,11.8100,11.9400,11.8900,5811840,69259624.2400
2023-09-18,sz.300224,11.8400,12.1500,11.8100,12.1000,11.9400,6835000,82043045.8600
2023-09-19,sz.300224,12.0100,12.1100,11.7100,11.7500,12.1000,8385025,99095068.9600
2023-09-20,sz.300224,11.7200,11.7700,11.5600,11.5700,11.7500,4553273,52998235.5600
2023-09-21,sz.300224,11.5000,11.6700,11.4800,11.5600,11.5700,3070572,35488400.6000
2023-09-22,sz.300224,11.5300,11.7900,11.4900,11.7600,11.5600,4388540,51193967.2500
2023-09-25,sz.300224,11.7800,11.7800,11.6100,11.6800,11.7600,3624926,42336524.6200
2023-09-26,sz.300224,11.6100,11.6900,11.5600,11.5700,11.6800,2617097,30370897.2900
2023-09-27,sz.300224,11.5000,11.7700,11.5000,11.6300,11.5700,4300800,50189391.6400
2023-09-28,sz.300224,11.6500,11.7400,11.6500,11.7200,11.6300,3737795,43699592.6900
2023-10-09,sz.300224,11.7200,11.7700,11.6300,11.7400,11.7200,4780735,55957777.8600
2023-10-10,sz.300224,11.7900,11.8800,11.7200,11.8600,11.7400,5298300,62605206.0000
2023-10-11,sz.300224,11.9000,11.9500,11.7700,11.8600,11.8600,5681735,67289214.4700
2023-10-12,sz.300224,11.8900,12.0800,11.8200,12.0700,11.8600,7743050,92565070.0000
2023-10-13,sz.300224,11.9600,12.4900,11.9000,12.3600,12.0700,19564287,239768235.9200
2023-10-16,sz.300224,12.3600,12.3600,11.9800,12.0800,12.3600,12563589,152804266.6000
2023-10-17,sz.300224,12.0500,12.1300,11.9300,12.0600,12.0800,7146206,85932000.2900
2023-10-18,sz.300224,12.1800,12.1800,11.8700,12.0000,12.0600,7032645,84374200.5500
2023-10-19,sz.300224,11.9000,12.1600,11.8800,11.8800,12.0000,5646350,67674739.5000
2023-10-20,sz.300224,11.7800,11.9300,11.4500,11.5100,11.8800,8928769,104019959.4500
2023-10-23,sz.300224,11.5000,11.5100,11.0400,11.0800,11.5100,6713910,75288943.2800
2023-10-24,sz.300224,11.1900,11.6500,11.1000,11.4900,11.0800,10266670,116966467.4300
2023-10-25,sz.300224,11.5000,11.8000,11.4900,11.6400,11.4900,9233134,107765392.1000
2023-10-26,sz.300224,11.5800,11.7700,11.4600,11.7000,11.6400,6399042,74319448.6600
2023-10-27,sz.300224,11.6600,11.9100,11.6200,11.8500,11.7000,6352261,74986147.1400
2023-10-30,sz.300224,11.7700,12.0900,11.7700,11.9900,11.8500,8680453,104255543.0500
2023-10-31,sz.300224,11.9900,12.0500,11.8500,11.9400,11.9900,5545803,66176170.8500
2023-11-01,sz.300224,11.9600,12.0200,11.8700,12.0000,11.9400,5346755,63947290.2500
2023-11-02,sz.300224,11.9600,12.1000,11.8600,11.9000,12.0000,5733509,68679612.5800
2023-11-03,sz.300224,11.9000,12.1300,11.9000,12.0500,11.9000,6074300,73163573.9000
2023-11-06,sz.300224,12.2800,12.3300,12.1400,12.2800,12.0500,10227223,125309360.9300
2023-11-07,sz.300224,12.2500,12.3800,12.1700,12.3200,12.2800,7914561,97299977.5900
2023-11-08,sz.300224,12.6400,12.6800,12.2300,12.3900,12.3200,12941797,160365441.3100
2023-11-09,sz.300224,12.4200,12.4400,12.2600,12.3100,12.3900,7744000,95547183.0000
2023-11-10,sz.300224,12.2600,12.3300,12.1700,12.2700,12.3100,5890750,72236455.4400
2023-11-13,sz.300224,12.3300,12.3900,12.2300,12.3600,12.2700,4890827,60163223.9800
2023-11-14,sz.300224,12.3500,12.3900,12.2300,12.2700,12.3600,5092129,62585755.5800
2023-11-15,sz.300224,12.3600,12.4000,12.3000,12.3800,12.2700,6477857,80025318.0600
2023-11-16,sz.300224,12.2700,12.3900,12.1300,12.1400,12.3800,5976752,72888476.3600
2023-11-17,sz.300224,12.1000,12.2400,12.0800,12.2100,12.1400,4016550,48909089.5000
2023-11-20,sz.300224,12.3900,12.4900,12.1300,12.4200,12.2100,9200400,113687728.0000
2023-11-21,sz.300224,12.4100,12.5200,12.2500,12.2500,12.4200,6111700,75526284.0000
2023-11-22,sz.300224,12.2700,12.2800,12.0400,12.0600,12.2500,5514500,66996087.0000
2023-11-23,sz.300224,12.0300,12.2000,11.9800,12.1500,12.0600,3855950,46714875.3900
2023-11-24,sz.300224,12.1200,12.1300,11.8700,11.8900,12.1500,5135600,61407730.0000
2023-11-27,sz.300224,11.8300,11.9600,11.8000,11.9000,11.8900,3244531,38492105.1300
2023-11-28,sz.300224,11.8300,12.0000,11.8100,12.0000,11.9000,3295639,39305006.8500
2023-11-29,sz.300224,12.2200,12.2400,11.9400,12.0000,12.0000,7671536,92661007.8200
2023-11-30,sz.300224,12.0300,12.2200,11.8000,11.9600,12.0000,8760400,105136900.0600
2023-12-01,sz.300224,11.9200,11.9400,11.6700,11.7700,11.9600,7067094,83180604.9000
2023-12-04,sz.300224,11.7500,11.9000,11.7500,11.7800,11.7700,4502200,53149051.0000
2023-12-05,sz.300224,11.7000,11.7700,11.5300,11.5300,11.7800,3787050,44129852.0000
2023-12-06,sz.300224,11.5000,11.9300,11.5000,11.7100,11.5300,7280050,85881268.0000
2023-12-07,sz.300224,11.6600,11.7800,11.4800,11.6800,11.7100,5785079,67186882.3000
2023-12-08,sz.300224,11.6500,11.7600,11.4900,11.5000,11.6800,5794739,67168019.5000
2023-12-11,sz.300224,11.4800,11.6800,11.3200,11.6700,11.5000,5228379,60167018.6500
2023-12-12,sz.300224,11.6300,11.7000,11.5900,11.6700,11.6700,3685300,43008348.0000
2023-12-13,sz.300224,11.7600,11.8100,11.5000,11.5400,11.6700,5363200,62384348.0000
2023-12-14,sz.300224,11.5600,11.6600,11.5000,11.5100,11.5400,3428580,39683972.4000
2023-12-15,sz.300224,11.5400,11.6600,11.4100,11.4200,11.5100,3401700,39155416.2500
2023-12-18,sz.300224,11.4400,11.4400,11.2400,11.2900,11.4200,3458800,39139104.0000
2023-12-19,sz.300224,11.3500,11.3800,11.2400,11.3500,11.2900,3141000,35536698.0000
2023-12-20,sz.300224,11.3400,11.4400,11.2800,11.2800,11.3500,3228200,36693709.0000
2023-12-21,sz.300224,11.2900,11.4800,11.1300,11.3800,11.2800,5091733,57595049.1400
2023-12-22,sz.300224,11.3800,11.5600,11.3200,11.4100,11.3800,5735439,65583331.9400
2023-12-25,sz.300224,11.4300,11.5000,11.3000,11.3800,11.4100,4152254,47302171.8400
2023-12-26,sz.300224,11.3800,11.3800,11.2000,11.2000,11.3800,3489050,39276734.5000
2023-12-27,sz.300224,11.2000,11.3000,11.1300,11.2800,11.2000,3177074,35670473.7800
2023-12-28,sz.300224,11.2200,11.6100,11.2200,11.5800,11.2800,6555556,75413437.2400
2023-12-29,sz.300224,11.5800,11.7500,11.5400,11.7200,11.5800,5020385,58563552.8800
2024-01-02,sz.300224,11.7300,11.8100,11.6300,11.7400,11.7200,5370470,63008792.5000
2024-01-03,sz.300224,11.6500,11.7800,11.5700,11.6900,11.7400,4241650,49580512.0000
2024-01-04,sz.300224,11.6600,11.6800,11.4500,11.5200,11.6900,3715700,42912262.0000
2024-01-05,sz.300224,11.5500,11.6500,11.3200,11.3700,11.5200,3968200,45577562.8400
2024-01-08,sz.300224,11.4000,11.4000,11.0900,11.0900,11.3700,4938900,55298695.0000
2024-01-09,sz.300224,11.1000,11.2300,10.9300,10.9700,11.0900,5989150,66167251.8900
2024-01-10,sz.300224,10.9500,11.0200,10.6600,10.7700,10.9700,5577871,60412580.6700
2024-01-11,sz.300224,10.7600,11.1700,10.7500,11.1200,10.7700,5421103,59399275.2700
2024-01-12,sz.300224,11.4300,11.4500,11.0700,11.0700,11.1200,5787571,64869176.1000
2024-01-15,sz.300224,10.9400,11.1100,10.8700,10.9600,11.0700,4091800,44992769.0000
2024-01-16,sz.300224,10.9300,11.0300,10.6800,10.8200,10.9600,5400879,58423234.1000
2024-01-17,sz.300224,10.8400,10.8400,10.4300,10.4400,10.8200,5108327,54284359.2900
2024-01-18,sz.300224,10.4000,10.4800,10.0300,10.3300,10.4400,7453631,76188540.7500
2024-01-19,sz.300224,10.2900,10.4700,10.1600,10.1600,10.3300,3873700,39821971.9200
2024-01-22,sz.300224,10.1500,10.1900,9.5100,9.6200,10.1600,6363545,62909484.0900
2024-01-23,sz.300224,9.6100,9.8000,9.4600,9.7000,9.6200,4821573,46556877.7300
2024-01-24,sz.300224,9.7600,9.8400,9.4300,9.7900,9.7000,4956004,47889296.0400
2024-01-25,sz.300224,9.8200,10.1400,9.7600,10.1100,9.7900,5432115,54294649.8000
2024-01-26,sz.300224,10.0600,10.1700,9.9200,9.9600,10.1100,5507901,55411213.9900
2024-01-29,sz.300224,10.0200,10.2400,9.8800,10.0700,9.9600,9043197,90914371.5300
2024-01-30,sz.300224,9.8800,9.9300,9.3900,9.4300,10.0700,9741330,94065704.4600
2024-01-31,sz.300224,9.4100,9.5600,9.1700,9.1900,9.4300,6604533,61547759.9700
2024-02-01,sz.300224,9.1500,9.2900,8.8800,9.0600,9.1900,5145299,46786512.9300
2024-02-02,sz.300224,9.0700,9.2500,8.3400,8.6900,9.0600,8234959,72708494.2500
2024-02-05,sz.300224,8.6900,8.8100,8.0000,8.3900,8.6900,11619071,96546859.0100
2024-02-06,sz.300224,8.3800,9.2800,8.2200,9.1700,8.3900,9923803,87352240.9400
2024-02-07,sz.300224,9.1300,10.6500,9.1000,10.5200,9.1700,24147061,245845650.8700
2024-02-08,sz.300224,10.5200,10.7500,10.1500,10.4400,10.5200,20075061,210585432.5700
2024-02-19,sz.300224,10.4600,10.5500,10.2000,10.3700,10.4400,12226381,126753366.5700
2024-02-20,sz.300224,10.2600,10.3500,10.1100,10.2700,10.3700,8492386,86860936.4500
2024-02-21,sz.300224,10.2200,10.5200,10.0800,10.2600,10.2700,11161011,115387417.0500
2024-02-22,sz.300224,10.2000,10.3600,10.1600,10.3300,10.2600,5740509,59041740.8900
2024-02-23,sz.300224,10.3300,10.4200,10.1900,10.4000,10.3300,8147400,84003841.5000
2024-02-26,sz.300224,10.3700,10.6200,10.3700,10.5000,10.4000,10538372,110678936.4000
2024-02-27,sz.300224,10.4500,10.6500,10.3600,10.6300,10.5000,9813168,103163126.9300
2024-02-28,sz.300224,10.6000,10.9200,10.2000,10.2000,10.6300,15553043,165440285.1400
2024-02-29,sz.300224,10.1200,10.5600,10.0900,10.5500,10.2000,9857351,102514796.9800
2024-03-01,sz.300224,10.5000,10.6300,10.4300,10.5900,10.5500,7865694,82974065.5700
2024-03-04,sz.300224,10.6100,10.6800,10.3600,10.5100,10.5900,7461017,78256059.1900
2024-03-05,sz.300224,10.4500,10.7400,10.3700,10.4200,10.5100,9880859,103940817.7700
2024-03-06,sz.300224,10.3200,10.5400,10.2700,10.4600,10.4200,6864295,71491274.7000
2024-03-07,sz.300224,10.4900,11.0400,10.4600,10.6300,10.4600,22707659,244507528.0300
2024-03-08,sz.300224,10.5800,10.6700,10.4500,10.6100,10.6300,11287176,118904782.8600
2024-03-11,sz.300224,10.6000,10.8900,10.5700,10.8800,10.6100,10960341,118079741.3700
2024-03-12,sz.300224,10.8900,10.8900,10.6100,10.7200,10.8800,13538425,144686367.0200
2024-03-13,sz.300224,10.7200,10.7400,10.5600,10.6800,10.7200,7919935,84373670.7100
2024-03-14,sz.300224,10.6800,10.8400,10.5300,10.7100,10.6800,9416326,100935468.9900
2024-03-15,sz.300224,10.6200,10.9200,10.5800,10.9100,10.7100,11620915,125420700.0000
2024-03-18,sz.300224,10.9100,11.0500,10.8600,11.0500,10.9100,10795230,118282407.2700
2024-03-19,sz.300224,11.0600,11.4500,10.9700,11.1600,11.0500,15531618,174341690.6400
2024-03-20,sz.300224,11.1100,11.3400,11.0700,11.3100,11.1600,10724446,120284965.6200
2024-03-21,sz.300224,11.3100,11.3600,11.1300,11.2200,11.3100,7683716,86191329.5200
2024-03-22,sz.300224,11.2000,11.2600,10.9200,10.9500,11.2200,8847449,97674130.3600
2024-03-25,sz.300224,10.9100,11.1700,10.8100,10.8600,10.9500,9916756,108791904.8800
2024-03-26,sz.300224,10.8600,11.0700,10.8400,11.0300,10.8600,7663601,83931964.0400
2024-03-27,sz.300224,11.0600,11.0700,10.5800,10.5800,11.0300,6463100,69630605.6900
2024-03-28,sz.300224,10.5200,10.7800,10.5000,10.7000,10.5800,10298456,109861374.6000
2024-03-29,sz.300224,10.7200,11.2100,10.7000,11.2100,10.7000,11968754,131445912.1200
2024-04-01,sz.300224,11.2200,11.4300,11.1800,11.2500,11.2100,10595429,119608863.7900
2024-04-02,sz.300224,11.2100,11.3700,11.1500,11.3200,11.2500,9477848,106804576.4000
2024-04-03,sz.300224,11.3000,11.7900,11.2400,11.5700,11.3200,22511235,259873696.1200
2024-04-08,sz.300224,11.4700,11.9000,11.3700,11.4000,11.5700,21905626,255985120.3500
2024-04-09,sz.300224,11.2500,12.5000,11.1900,12.1900,11.4000,35558003,424634124.0700
2024-04-10,sz.300224,11.8800,11.9300,11.4900,11.6000,12.1900,23254635,272302005.6500
2024-04-11,sz.300224,11.4100,11.7600,11.3100,11.4900,11.6000,16420829,189289636.7000
2024-04-12,sz.300224,11.4900,11.7400,11.2900,11.3400,11.4900,14630681,168200562.5500
2024-04-15,sz.300224,11.2000,11.3500,10.7300,11.1000,11.3400,18763192,207378274.9500
2024-04-16,sz.300224,11.0400,11.1600,10.4400,10.4700,11.1000,17542905,188669652.1400
2024-04-17,sz.300224,10.6700,11.1700,10.6100,11.1500,10.4700,11880026,130334144.5300
2024-04-18,sz.300224,11.1000,11.2100,10.8900,10.9700,11.1500,9616928,106083269.2200
2024-04-19,sz.300224,10.9200,11.1500,10.7300,10.8100,10.9700,8261397,89907137.8100
2024-04-22,sz.300224,10.7100,10.9400,10.6500,10.7200,10.8100,6316915,68183205.5000
2024-04-23,sz.300224,10.7200,10.7300,10.2600,10.3400,10.7200,10564200,109846487.0000
2024-04-24,sz.300224,10.3600,10.6400,10.2100,10.6000,10.3400,6881100,71834489.0000
2024-04-25,sz.300224,10.3400,10.4900,10.1100,10.3000,10.6000,10812666,111520961.3100
2024-04-26,sz.300224,10.1000,10.4000,10.1000,10.3900,10.1000,8771641,90367276.7600
2024-04-29,sz.300224,10.4900,10.7300,10.3800,10.7000,10.3900,8313707,88164512.0600
2024-04-30,sz.300224,10.6500,10.8000,10.4400,10.4500,10.7000,7307650,77040970.0000
2024-05-06,sz.300224,10.5600,10.8500,10.5600,10.7500,10.4500,8568842,91920160.0000
2024-05-07,sz.300224,10.7500,11.0800,10.7400,10.8600,10.7500,9807800,106972772.0000
2024-05-08,sz.300224,10.8300,11.1200,10.7200,10.8700,10.8600,11864785,129575689.5500
2024-05-09,sz.300224,10.8800,11.2700,10.8000,11.1500,10.8700,15199490,169112547.9600
2024-05-10,sz.300224,11.1200,11.2100,10.8900,10.9600,11.1500,8800200,96664322.0000
2024-05-13,sz.300224,10.7800,10.8000,10.5800,10.6300,10.9600,7606300,81256600.0000
2024-05-14,sz.300224,10.6100,10.7900,10.6000,10.6500,10.6300,5303344,56616220.1000
2024-05-15,sz.300224,10.6300,10.7500,10.5400,10.5400,10.6500,4926500,52385325.0000
2024-05-16,sz.300224,10.5900,10.6700,10.3600,10.3900,10.5400,6445750,67579644.0000
2024-05-17,sz.300224,10.4100,10.4900,10.2800,10.4700,10.3900,5414569,56225570.3500
2024-05-20,sz.300224,10.4900,10.7800,10.4900,10.7000,10.4700,7592588,81178925.3100
2024-05-21,sz.300224,10.6500,10.7300,10.4400,10.4800,10.7000,5367637,56576429.2900
2024-05-22,sz.300224,10.4800,10.5700,10.4200,10.5100,10.4800,3680892,38657315.6800
2024-05-23,sz.300224,10.4500,10.4700,10.1000,10.1500,10.5100,7380102,75410954.5400
2024-05-24,sz.300224,10.1500,10.2600,10.0800,10.0800,10.1500,4033200,41045887.0000
2024-05-27,sz.300224,10.1400,10.2200,10.0000,10.2100,10.0800,4158300,41965721.0000
2024-05-28,sz.300224,10.1900,10.3500,10.1500,10.1900,10.2100,4065735,41654504.9500
2024-05-29,sz.300224,10.1600,10.5800,10.1500,10.4000,10.1900,7925656,82661973.3500
2024-05-30,sz.300224,10.4000,10.4500,10.3100,10.3300,10.4000,4873731,50459160.9200
2024-05-31,sz.300224,10.3800,10.4400,10.3000,10.3400,10.3300,4154200,43034623.0000
2024-06-03,sz.300224,10.3500,10.3500,9.9200,10.0000,10.3400,6786000,68430838.0000
2024-06-04,sz.300224,10.0000,10.0600,9.8400,10.0400,10.0000,4566900,45366299.0000
2024-06-05,sz.300224,9.9700,10.0200,9.8600,9.8700,10.0400,3282600,32641477.0000
2024-06-06,sz.300224,9.9000,10.0100,9.5600,9.6100,9.8700,7217000,70186029.0000
2024-06-07,sz.300224,9.7000,9.7800,9.6100,9.7000,9.6100,4285900,41533877.9900
2024-06-11,sz.300224,9.6800,9.9100,9.4900,9.8500,9.7000,4361950,42413496.5000
2024-06-12,sz.300224,9.8400,9.9200,9.7800,9.8600,9.8500,3179550,31373706.5000
2024-06-13,sz.300224,9.8900,9.8900,9.6600,9.7100,9.8600,3645800,35486216.9700
2024-06-14,sz.300224,9.6700,9.8300,9.6200,9.8100,9.7100,3121870,30400983.5000
2024-06-17,sz.300224,9.7500,9.9200,9.7300,9.8300,9.8100,3477800,34274300.0000
2024-06-18,sz.300224,9.9000,10.0400,9.8400,9.9800,9.8300,4213300,42038178.0000
2024-06-19,sz.300224,9.9100,10.0500,9.8000,9.8000,9.9800,3608320,35594469.7000
2024-06-20,sz.300224,9.8200,9.8400,9.3700,9.3900,9.8000,6572326,62673842.9600
2024-06-21,sz.300224,9.3700,9.4700,9.3400,9.4200,9.3900,3385300,31879662.0000
2024-06-24,sz.300224,9.3100,9.3500,9.1200,9.1300,9.4200,4950691,45630716.1100
2024-06-25,sz.300224,9.1000,9.3100,9.1000,9.1700,9.1300,4552800,41830477.0000
2024-06-26,sz.300224,9.1100,9.4700,9.0700,9.4500,9.1700,4452550,41447030.5000
2024-06-27,sz.300224,9.3900,9.4900,9.1200,9.1300,9.4500,5344201,49506070.1900
2024-06-28,sz.300224,9.1000,9.4300,9.1000,9.2600,9.1300,5043300,47064742.0000
2024-07-01,sz.300224,9.9600,10.1400,9.5800,9.6100,9.2600,20654243,201557304.2300
2024-07-02,sz.300224,9.4800,9.5200,9.1500,9.2100,9.6100,16556921,153354260.9700
2024-07-03,sz.300224,9.1600,9.2100,9.0600,9.0600,9.2100,6996496,63748209.5700
2024-07-04,sz.300224,9.1600,9.1700,8.7500,8.8300,9.0600,6641100,59342281.0000
2024-07-05,sz.300224,8.8200,9.0300,8.7400,9.0000,8.8300,5133419,45696685.8600
2024-07-08,sz.300224,9.0000,9.0300,8.7600,8.7800,9.0000,4020105,35519432.8500
2024-07-09,sz.300224,8.7800,9.0000,8.6600,8.9200,8.7800,4867575,43012195.0000
2024-07-10,sz.300224,8.9300,9.0600,8.8600,8.9200,8.9200,3724183,33377968.2700
2024-07-11,sz.300224,9.0500,9.1900,9.0500,9.1600,8.9200,5304511,48465849.9200
2024-07-12,sz.300224,9.1700,9.2000,9.0600,9.1000,9.1600,3475076,31678264.8800
2024-07-15,sz.300224,9.1000,9.1400,8.9100,8.9500,9.1000,4576936,41197676.3600
2024-07-16,sz.300224,8.9400,9.0000,8.9000,8.9700,8.9500,2503700,22404265.2500
2024-07-17,sz.300224,8.9300,9.0000,8.8400,8.8900,8.9700,2855405,25394250.2000
2024-07-18,sz.300224,8.8400,8.9000,8.6700,8.8700,8.8900,3939299,34624914.2500
2024-07-19,sz.300224,8.8600,8.9300,8.7700,8.8500,8.8700,3210002,28437853.6700
2024-07-22,sz.300224,8.8000,8.8800,8.6800,8.7400,8.8500,3620947,31752107.7100
2024-07-23,sz.300224,8.7600,8.7800,8.4100,8.4100,8.7400,4950700,42549361.0000
2024-07-24,sz.300224,8.4000,8.4600,8.2500,8.3000,8.4100,4361152,36330761.8000
2024-07-25,sz.300224,8.2700,8.5000,8.2600,8.4000,8.3000,2879676,24166212.6000
2024-07-26,sz.300224,8.5000,8.6200,8.4100,8.5400,8.4000,2996000,25635802.0000
2024-07-29,sz.300224,8.5600,8.5900,8.4000,8.4900,8.5400,2089502,17747511.5100
2024-07-30,sz.300224,8.4900,8.6000,8.3700,8.5700,8.4900,3106143,26409779.0800
2024-07-31,sz.300224,8.5700,8.8800,8.5200,8.8700,8.5700,5531500,48526718.2900
2024-08-01,sz.300224,8.8500,8.9600,8.7900,8.8500,8.8700,3746929,33230365.5600
2024-08-02,sz.300224,8.8000,8.9000,8.7200,8.7500,8.8500,2783950,24516481.6300
2024-08-05,sz.300224,8.7200,8.8900,8.5200,8.5200,8.7500,3873600,33612823.0000
2024-08-06,sz.300224,8.6400,8.7000,8.4400,8.5500,8.5200,4269000,36556877.0000
2024-08-07,sz.300224,8.5600,8.5800,8.4200,8.5300,8.5500,2590894,22084597.0800
2024-08-08,sz.300224,8.5200,8.6000,8.3900,8.5600,8.5300,2769800,23591137.0000
2024-08-09,sz.300224,8.6400,8.6900,8.4100,8.4100,8.5600,3008000,25568201.0000
2024-08-12,sz.300224,8.4300,8.4500,8.3400,8.3500,8.4100,2108626,17663806.1000
2024-08-13,sz.300224,8.3900,8.4600,8.2900,8.3900,8.3500,3680133,30760809.8700
2024-08-14,sz.300224,8.3700,8.4100,8.2400,8.2500,8.3900,2606900,21604495.0000
2024-08-15,sz.300224,8.2000,8.4300,8.1900,8.3000,8.2500,3531550,29425021.0000
2024-08-16,sz.300224,8.3600,8.4000,8.1900,8.1900,8.3000,3124526,25812767.5200
2024-08-19,sz.300224,8.1800,8.3300,8.1800,8.2500,8.1900,2328300,19224664.0000
2024-08-20,sz.300224,8.2800,8.3100,8.0600,8.0900,8.2500,3273900,26660178.0000
2024-08-21,sz.300224,8.0900,8.2000,8.0400,8.1300,8.0900,2365200,19255867.0000
2024-08-22,sz.300224,8.1000,8.2100,8.0000,8.0300,8.1300,2708109,21862923.2700
2024-08-23,sz.300224,8.0200,8.1000,7.9200,7.9400,8.0300,3713921,29620738.3900
2024-08-26,sz.300224,7.9400,8.2200,7.9300,8.1700,7.9400,4227069,34457554.5400
2024-08-27,sz.300224,8.1800,8.1800,8.0000,8.0500,8.1700,2723500,21922822.0000
2024-08-28,sz.300224,8.0400,8.2000,8.0100,8.1500,8.0500,2395900,19473107.0000
2024-08-29,sz.300224,8.1100,8.3200,8.1000,8.2800,8.1500,3503150,28930757.5000
2024-08-30,sz.300224,8.2800,8.4700,8.2300,8.3600,8.2800,6139070,51450809.6000
2024-09-02,sz.300224,8.3500,8.3800,8.2100,8.2100,8.3600,3618988,30018441.3900
2024-09-03,sz.300224,8.2500,8.3600,8.2000,8.2800,8.2100,2323650,19254530.0000
2024-09-04,sz.300224,8.2200,8.3200,8.2000,8.2700,8.2800,2415549,19969975.1900
2024-09-05,sz.300224,8.3000,8.3900,8.2400,8.3000,8.2700,2352550,19547119.0000
2024-09-06,sz.300224,8.3000,8.3300,8.1000,8.1100,8.3000,2807800,22935123.0000
2024-09-09,sz.300224,8.0900,8.1700,8.0300,8.0800,8.1100,2336600,18914378.0000
2024-09-10,sz.300224,8.1200,8.2200,8.0000,8.1800,8.0800,3252850,26397263.0000
2024-09-11,sz.300224,8.1700,8.3200,8.1300,8.2700,8.1800,3354500,27667080.0000
2024-09-12,sz.300224,8.2300,8.3800,8.2300,8.2300,8.2700,2224650,18462165.0000
2024-09-13,sz.300224,8.2600,8.2900,8.1000,8.1000,8.2300,2076300,16952625.0000
2024-09-18,sz.300224,8.0800,8.1200,7.9400,8.0300,8.1000,2591145,20796920.2400
2024-09-19,sz.300224,8.0800,8.3400,8.0200,8.2500,8.0300,3953150,32481237.0000
2024-09-20,sz.300224,8.2700,8.2800,8.1800,8.2600,8.2500,2935950,24180566.5000
2024-09-23,sz.300224,8.2000,8.3600,8.2000,8.2200,8.2600,2990900,24707604.0000
2024-09-24,sz.300224,8.2800,8.4900,8.2500,8.4900,8.2200,7082000,59532376.5000
2024-09-25,sz.300224,8.5600,8.7200,8.4700,8.4800,8.4900,8088300,69586626.0000
2024-09-26,sz.300224,8.4600,8.8500,8.4500,8.8500,8.4800,7492771,64885990.7200
2024-09-27,sz.300224,8.9500,9.5700,8.9300,9.4500,8.8500,16193129,150047860.4000
2024-09-30,sz.300224,9.7900,10.8700,9.7100,10.7800,9.4500,31949331,328842843.0400
2024-10-08,sz.300224,12.7400,12.7500,11.1500,11.8000,10.7800,43324304,516183982.1100
2024-10-09,sz.300224,11.3000,11.6500,10.6500,10.7600,11.8000,27746037,308767756.0300
2024-10-10,sz.300224,10.9300,11.2900,10.6000,10.9500,10.7600,19397018,213359840.9300
2024-10-11,sz.300224,10.9000,10.9500,10.1600,10.2500,10.9500,14191601,148570342.4000
2024-10-14,sz.300224,10.2000,10.2700,9.8800,10.2600,10.2500,17352027,175384041.3900
2024-10-15,sz.300224,10.1800,10.1800,9.8100,9.8100,10.2600,14525099,145108131.9600
2024-10-16,sz.300224,9.8100,10.1000,9.6400,9.8700,9.8100,11294800,111903531.5000
2024-10-17,sz.300224,9.9000,10.0000,9.7000,9.7100,9.8700,9013600,88794378.5000
2024-10-18,sz.300224,9.7100,10.4000,9.6900,10.1500,9.7100,16595111,166287618.8200
2024-10-21,sz.300224,10.2200,10.5000,10.0200,10.3100,10.1500,19249596,197489640.6900
2024-10-22,sz.300224,10.2400,11.0200,10.1800,10.7900,10.3100,32640098,348726673.8800
2024-10-23,sz.300224,10.6000,10.8800,10.4200,10.7100,10.7900,24915645,265982357.3400
2024-10-24,sz.300224,10.6500,10.8000,10.5000,10.5700,10.7100,10472037,110842463.3000
2024-10-25,sz.300224,10.5100,11.1900,10.5100,10.9400,10.5700,23834409,259354782.2600
2024-10-28,sz.300224,10.8200,11.1700,10.8100,11.1600,10.9400,22140136,244923900.4300
2024-10-29,sz.300224,11.1600,12.1800,10.7500,11.8300,11.1600,55031650,626728734.4200
2024-10-30,sz.300224,11.8400,14.2000,11.7100,13.4300,11.8300,124105111,1632220242.5500
2024-10-31,sz.300224,13.0500,14.7000,12.4700,13.6900,13.4300,113860194,1542003907.1900
2024-11-01,sz.300224,13.8800,16.4300,13.5300,16.4300,13.6900,149749117,2348767063.7300
2024-11-04,sz.300224,16.4300,16.4300,13.7200,14.6800,16.4300,186456125,2783771702.4000
2024-11-05,sz.300224,13.8500,17.2800,13.8500,15.8000,14.6800,164630562,2469789918.5400
2024-11-06,sz.300224,15.1500,17.0000,15.0000,15.6600,15.8000,155516135,2470957725.1200
2024-11-07,sz.300224,15.2600,15.8000,14.4200,14.7200,15.6600,104728312,1562985703.9400
2024-11-08,sz.300224,14.8200,15.1100,14.2500,14.4400,14.7200,77946887,1145546734.0000
2024-11-11,sz.300224,14.1700,14.9400,14.0400,14.8500,14.4400,57774963,846578301.9900
2024-11-12,sz.300224,14.8000,15.0200,13.9500,14.1700,14.8500,64850470,942793302.8200
2024-11-13,sz.300224,14.2000,14.7600,14.0600,14.3000,14.1700,44546160,642626743.5700
2024-11-14,sz.300224,14.0500,14.1200,13.3100,13.3900,14.3000,51546635,704275159.0200
2024-11-15,sz.300224,13.3300,13.4300,12.7200,12.7200,13.3900,36873253,481868086.4900
2024-11-18,sz.300224,12.7100,12.9100,12.2200,12.3300,12.7200,30070050,376877245.4000
2024-11-19,sz.300224,12.4500,12.7900,12.2700,12.7500,12.3300,31227336,392133985.5000
2024-11-20,sz.300224,12.7100,13.2700,12.6200,13.2000,12.7500,40384427,524535892.7700
2024-11-21,sz.300224,13.0800,13.2900,12.8200,12.9700,13.2000,30578174,398934186.0900
2024-11-22,sz.300224,12.8900,14.2800,12.6000,13.5200,12.9700,82569590,1106932487.2200
2024-11-25,sz.300224,13.0900,13.9800,12.8000,13.5300,13.5200,56908053,765964848.2500
2024-11-26,sz.300224,13.3500,13.7500,12.8000,12.8000,13.5300,36817952,484147552.8900
2024-11-27,sz.300224,12.6500,12.9600,12.2600,12.8500,12.8000,39343973,493661058.6600
2024-11-28,sz.300224,12.7500,12.8600,12.5100,12.5400,12.8500,25114041,318425002.5500
2024-11-29,sz.300224,12.4900,12.8900,12.3400,12.8000,12.5400,30116556,381153658.9500
2024-12-02,sz.300224,12.7100,13.2400,12.6500,13.2100,12.8000,34131680,445497998.4700
2024-12-03,sz.300224,13.2600,13.9800,13.2100,13.4600,13.2100,55277385,752152237.9000
2024-12-04,sz.300224,13.7200,14.2200,13.3100,14.0300,13.4600,69048160,949365724.3500
2024-12-05,sz.300224,13.7000,13.9400,13.5300,13.7300,14.0300,42376959,580478097.5400
2024-12-06,sz.300224,13.7900,13.8800,13.3300,13.4100,13.7300,34628084,467847997.3300
2024-12-09,sz.300224,13.2800,13.4600,13.0100,13.1300,13.4100,26446807,349556425.1400
2024-12-10,sz.300224,13.5100,13.6500,13.2000,13.2400,13.1300,33798313,455294668.6300
2024-12-11,sz.300224,13.1200,13.3500,13.1000,13.2100,13.2400,20548000,271695730.1000
2024-12-12,sz.300224,13.1300,13.2100,12.8800,13.0900,13.2100,22818541,297267110.0700
2024-12-13,sz.300224,13.0500,13.0500,12.7300,12.7700,13.0900,20280340,261031612.6000
2024-12-16,sz.300224,12.7500,12.7900,12.5100,12.6000,12.7700,14266444,179879437.9500
2024-12-17,sz.300224,12.6000,12.8100,12.3900,12.4400,12.6000,16313114,205541668.8800
2024-12-18,sz.300224,12.4200,12.5900,12.3600,12.4300,12.4400,11545349,144030633.5900
2024-12-19,sz.300224,12.3100,12.5800,12.2100,12.5100,12.4300,11801235,146332660.2700
2024-12-20,sz.300224,12.4500,12.7400,12.4300,12.6300,12.5100,13010645,164092440.7500
2024-12-23,sz.300224,12.8100,12.9600,12.3500,12.3800,12.6300,16543400,208740535.5200
2024-12-24,sz.300224,12.4100,12.7000,12.4100,12.6400,12.3800,12488436,156922702.6500
2024-12-25,sz.300224,12.8000,13.4300,12.7500,13.3900,12.6400,53433797,705035859.0700
2024-12-26,sz.300224,13.3900,14.1000,13.1300,13.7500,13.3900,60065957,823648099.4000
2024-12-27,sz.300224,13.5800,13.7400,13.3800,13.4500,13.7500,36479327,494345157.3900
2024-12-30,sz.300224,13.4600,13.6200,13.2000,13.2500,13.4500,23108627,308875191.6800
2024-12-31,sz.300224,13.2500,13.3400,12.3000,12.3100,13.2500,29595758,378557055.5200
2025-01-02,sz.300224,12.3300,12.5300,11.7800,11.9500,12.3100,24913064,302383406.3000
2025-01-03,sz.300224,11.9900,12.7000,11.7700,11.7700,11.9500,30699511,374352925.3000
2025-01-06,sz.300224,11.5300,12.1900,11.4900,11.8600,11.7700,24150700,286336944.0000
2025-01-07,sz.300224,11.7700,12.3300,11.6300,12.1400,11.8600,20758400,250313198.0000
2025-01-08,sz.300224,12.0200,12.0900,11.2600,11.7100,12.1400,28379200,329851735.7500
2025-01-09,sz.300224,11.5600,12.1500,11.5600,11.9600,11.7100,24489270,292927843.8600
2025-01-10,sz.300224,11.9000,13.1800,11.7500,12.6500,11.9600,55043624,689027163.9100
2025-01-13,sz.300224,12.3800,12.8900,12.3700,12.6900,12.6500,40841111,516624036.6100
2025-01-14,sz.300224,12.4500,13.4400,12.4500,13.4400,12.6900,53778400,705217909.1600
2025-01-15,sz.300224,13.3500,13.6300,13.0500,13.3100,13.4400,48419297,644858095.1300
2025-01-16,sz.300224,13.2100,13.6200,13.1000,13.2500,13.3100,36085611,481235009.1200
2025-01-17,sz.300224,13.1700,13.2900,12.9300,13.0900,13.2500,30042799,393783330.9000
2025-01-20,sz.300224,13.1000,13.1500,12.8600,12.9500,13.0900,23823903,308970787.7600
2025-01-21,sz.300224,12.9500,13.0400,12.4700,12.7500,12.9500,26133169,330406012.8800
2025-01-22,sz.300224,12.6500,12.9200,12.5300,12.5800,12.7500,21749404,277506704.2700
2025-01-23,sz.300224,12.7600,13.2700,12.7600,12.8000,12.5800,39583866,515155619.7900
2025-01-24,sz.300224,12.7000,13.3800,12.6400,13.2300,12.8000,33872653,440456893.9300
2025-01-27,sz.300224,12.9500,12.9800,11.9600,11.9600,13.2300,40703503,502320220.0300
2025-02-05,sz.300224,12.2500,12.5200,12.1300,12.3300,11.9600,24496400,301940482.0000
2025-02-06,sz.300224,12.3300,13.7100,12.2600,13.5800,12.3300,62894138,833671088.4700
2025-02-07,sz.300224,13.4300,14.1800,13.4300,13.7000,13.5800,62162143,855424502.2100
2025-02-10,sz.300224,13.7700,13.8000,13.5000,13.7300,13.7000,34031506,464050692.4400
2025-02-11,sz.300224,13.6300,13.8100,13.4500,13.6900,13.7300,34306600,467311727.7400
2025-02-12,sz.300224,13.6500,13.7500,13.5000,13.6800,13.6900,29798651,405925912.6000
2025-02-13,sz.300224,13.6700,13.7200,13.2300,13.2500,13.6800,30122781,404369731.2900
2025-02-14,sz.300224,13.2800,13.5000,13.1000,13.1700,13.2500,21228700,281975457.0000
2025-02-17,sz.300224,13.1600,13.3300,13.0500,13.2300,13.1700,23530489,310294585.6900
2025-02-18,sz.300224,13.2300,13.3200,12.7600,12.8300,13.2300,27359135,355788516.4500
2025-02-19,sz.300224,12.8100,13.8000,12.8100,13.7600,12.8300,61379026,827776687.5400
2025-02-20,sz.300224,14.0800,14.9700,14.0300,14.6000,13.7600,106592430,1551396192.0300
2025-02-21,sz.300224,14.6300,15.0100,14.3200,14.7700,14.6000,71252815,1044092369.6900
2025-02-24,sz.300224,15.0500,15.6700,14.7500,14.9000,14.7700,90549567,1376190348.6700
2025-02-25,sz.300224,14.3800,14.8500,14.3300,14.4600,14.9000,51307654,745432895.3200
2025-02-26,sz.300224,14.4800,14.8400,14.3300,14.5800,14.4600,44973931,657884822.0400
2025-02-27,sz.300224,15.0200,15.5000,14.5400,14.6500,14.5800,74349945,1115898166.8300
2025-02-28,sz.300224,14.5500,14.9000,14.0100,14.2200,14.6500,53580037,767872911.9500
2025-03-03,sz.300224,14.2800,15.2000,14.1700,14.9000,14.2200,67329258,992478787.2600
2025-03-04,sz.300224,14.8200,15.1500,14.6000,14.8800,14.9000,52910996,786124773.6500
2025-03-05,sz.300224,14.7200,14.8800,14.3000,14.7300,14.8800,39060644,567943772.8400
2025-03-06,sz.300224,14.6000,14.9600,14.4700,14.7600,14.7300,50009632,735229415.3600
2025-03-07,sz.300224,14.5700,15.1800,14.4900,15.0400,14.7600,66352990,993017281.3400
2025-03-10,sz.300224,15.2200,15.3800,14.6700,14.8000,15.0400,40845390,608101760.4800
2025-03-11,sz.300224,14.3800,14.8800,14.2200,14.8400,14.8000,39454882,575683533.5700
2025-03-12,sz.300224,14.8500,14.8500,14.3900,14.4400,14.8400,38397846,558876470.1700
2025-03-13,sz.300224,14.4500,14.5100,13.6800,13.8500,14.4400,37665650,525731493.5000
2025-03-14,sz.300224,13.9000,14.2800,13.7800,14.1600,13.8500,25614749,359430846.3100
2025-03-17,sz.300224,14.1400,14.2300,13.9100,14.0200,14.1600,18271656,256168799.6100
2025-03-18,sz.300224,14.0200,14.2300,13.9400,14.0700,14.0200,18895927,265886851.0500
2025-03-19,sz.300224,13.9500,14.5500,13.7500,14.3400,14.0700,38671380,548575770.9800
2025-03-20,sz.300224,14.2500,14.3900,14.0200,14.0800,14.3400,27255628,386413257.8200
2025-03-21,sz.300224,14.0000,14.0000,13.3500,13.3900,14.0800,30063269,408742362.3100
2025-03-24,sz.300224,13.3800,13.5100,12.9000,13.2700,13.3900,19286000,255071036.1800
2025-03-25,sz.300224,13.1700,13.7600,13.1700,13.3300,13.2700,20337475,273617566.7500
2025-03-26,sz.300224,13.4000,15.2500,13.3300,14.7900,13.3300,95429143,1389630472.4500
2025-03-27,sz.300224,14.6100,14.7500,14.0200,14.0700,14.7900,55543826,789170004.2000
2025-03-28,sz.300224,14.2000,14.2600,13.3200,13.6400,14.0700,46166293,629263287.4900
2025-03-31,sz.300224,13.3600,13.4100,12.9400,13.1700,13.6400,26619902,349500716.1800
2025-04-01,sz.300224,13.1800,13.4500,13.1100,13.3800,13.1700,20309824,269830195.3800
2025-04-02,sz.300224,13.3800,13.5400,13.2400,13.2700,13.3800,18425768,246413775.5800
2025-04-03,sz.300224,13.2200,13.9400,13.2200,13.5500,13.2700,37104546,503079551.5100
2025-04-07,sz.300224,13.0000,14.2300,11.1000,11.9500,13.5500,67659699,883471777.4100
2025-04-08,sz.300224,11.6500,13.4600,11.5800,12.9900,11.9500,62522590,784641390.1400
2025-04-09,sz.300224,12.8100,13.3600,12.3200,13.0900,12.9900,56082721,722376606.2100
2025-04-10,sz.300224,12.9000,13.6500,12.8000,13.0400,13.0900,48611163,646834955.9700
2025-04-11,sz.300224,12.8900,13.1600,12.6200,12.6700,13.0400,36414600,466498567.2600
2025-04-14,sz.300224,12.7800,13.1200,12.7800,12.8000,12.6700,27332990,352839928.3700
2025-04-15,sz.300224,12.8000,12.8900,12.4000,12.5100,12.8000,19275791,242319387.7700
2025-04-16,sz.300224,12.4600,12.5100,12.1200,12.2900,12.5100,17409100,214739159.0000
2025-04-17,sz.300224,12.2100,12.3300,12.0500,12.0800,12.2900,14549500,177443233.0000
2025-04-18,sz.300224,12.0800,12.1500,11.8600,12.0200,12.0800,12084400,144657901.0000
2025-04-21,sz.300224,12.0100,12.3100,11.9800,12.3000,12.0200,11371150,138837072.5000
2025-04-22,sz.300224,12.2300,12.2500,12.0600,12.1500,12.3000,11061950,134335449.5000
2025-04-23,sz.300224,12.2700,12.8800,12.1500,12.5500,12.1500,27619943,346942384.0700
2025-04-24,sz.300224,12.6000,12.8300,12.4000,12.4600,12.5500,21662888,272850055.2400
2025-04-25,sz.300224,12.4800,12.5400,12.3000,12.4600,12.4600,13003064,161530470.8400
2025-04-28,sz.300224,12.3900,12.4600,12.1100,12.1200,12.4600,12489200,152996213.0000
2025-04-29,sz.300224,12.0800,12.3100,12.0200,12.2200,12.1200,10164900,124099531.0000
2025-04-30,sz.300224,12.2500,12.5200,12.2500,12.4100,12.2200,12835531,159622064.5700
2025-05-06,sz.300224,12.6000,13.2600,12.6000,13.2600,12.4100,38972611,509881898.0600
2025-05-07,sz.300224,13.2200,13.3800,13.0000,13.1400,13.2600,28020599,369696297.6700
2025-05-08,sz.300224,13.0900,13.2800,13.0200,13.2200,13.1400,17293600,228322667.0000
2025-05-09,sz.300224,13.1600,13.2200,12.9900,13.0300,13.2200,13937900,182260610.0000
2025-05-12,sz.300224,13.1700,13.5200,13.0800,13.4000,13.0300,24230348,323490040.7600
2025-05-13,sz.300224,13.5500,13.6000,13.0600,13.1000,13.4000,20871543,275901420.4400
2025-05-14,sz.300224,13.0900,13.4800,13.0700,13.2100,13.1000,25415866,337885624.3800
2025-05-15,sz.300224,13.2400,13.4000,13.0500,13.0700,13.2100,22700481,300184287.0900
2025-05-16,sz.300224,12.9000,13.3800,12.8600,13.0300,13.0700,20953140,276357957.5400
2025-05-19,sz.300224,13.0000,13.0500,12.6400,12.8700,13.0300,16443700,209967190.0000
2025-05-20,sz.300224,12.8300,13.1600,12.7500,13.0700,12.8700,16472190,213501545.4900
2025-05-21,sz.300224,13.0100,13.0700,12.8200,12.8700,13.0700,11973829,154350535.2300
2025-05-22,sz.300224,12.8000,12.8500,12.5600,12.5900,12.8700,11799500,149745800.8400
2025-05-23,sz.300224,12.5400,12.7400,12.4000,12.4200,12.5900,10262900,128926961.0000
2025-05-26,sz.300224,12.4100,12.6300,12.4000,12.5900,12.4200,8282262,103770571.1500
2025-05-27,sz.300224,12.5900,12.5900,12.3700,12.4800,12.5900,7362650,91627645.4900
2025-05-28,sz.300224,12.6100,12.6100,12.4000,12.4100,12.4800,7230316,90212262.3600
2025-05-29,sz.300224,12.3800,12.6600,12.3800,12.5900,12.4100,10088004,126808447.8100
2025-05-30,sz.300224,12.4000,12.4000,12.1400,12.1500,12.3900,9762900,119209775.0000
2025-06-03,sz.300224,12.1500,12.4700,12.1400,12.4000,12.1500,10549558,130361188.7900
2025-06-04,sz.300224,12.4100,12.9400,12.4100,12.7800,12.4000,25355940,323841026.0400
2025-06-05,sz.300224,12.7800,13.2900,12.7300,12.9600,12.7800,36864446,480289309.1000
2025-06-06,sz.300224,12.9400,13.0800,12.8100,12.8900,12.9600,17818929,230248518.2300
2025-06-09,sz.300224,13.1900,13.7500,13.0000,13.5400,12.8900,56302424,755632830.6500
2025-06-10,sz.300224,13.6300,14.3700,13.3000,13.7800,13.5400,73082068,1007337822.1500
2025-06-11,sz.300224,13.6100,15.5800,13.5100,14.6400,13.7800,120145083,1747597834.4200
2025-06-12,sz.300224,14.3800,15.5000,14.2100,15.0200,14.6400,107588764,1588882480.4400
2025-06-13,sz.300224,15.0400,15.3700,14.5700,14.6900,15.0200,83092830,1240812581.5500
2025-06-16,sz.300224,14.5800,14.9800,14.2200,14.7000,14.6900,61846861,908203027.8800
2025-06-17,sz.300224,14.6100,15.1500,14.4800,14.6300,14.7000,58216939,858165553.3300
2025-06-18,sz.300224,14.4300,14.5400,13.9500,14.1200,14.6300,53398386,755024900.3800
2025-06-19,sz.300224,13.9500,14.0200,13.5000,13.5700,14.1200,33515540,459926758.9800
2025-06-20,sz.300224,13.6800,13.7600,13.3900,13.4200,13.5700,23305532,316031243.4000
2025-06-23,sz.300224,13.2700,13.6100,13.2700,13.5400,13.4200,26085000,351831971.5000
2025-06-24,sz.300224,13.5100,13.7500,13.4600,13.6900,13.5400,25965100,354804712.0000
2025-06-25,sz.300224,13.6400,13.7900,13.5700,13.7500,13.6900,28459487,389345658.7000
2025-06-26,sz.300224,13.6700,13.7400,13.4300,13.4800,13.7500,26426446,359234557.9900
2025-06-27,sz.300224,13.6100,13.8700,13.5700,13.6300,13.4800,33329791,457277931.3300
2025-06-30,sz.300224,13.7600,14.3000,13.5800,14.1500,13.6300,57319929,800213664.5500
2025-07-01,sz.300224,14.1000,14.1000,13.6800,13.9700,14.1500,35696900,494666280.3000
2025-07-02,sz.300224,13.8700,14.1600,13.7300,13.8200,13.9700,32727200,455678226.0000
2025-07-03,sz.300224,13.7400,13.9100,13.6300,13.8600,13.8200,23747900,327081404.0000
2025-07-04,sz.300224,13.8000,13.8300,13.4900,13.5200,13.8600,24847000,337631826.0000
2025-07-07,sz.300224,13.4600,13.8300,13.4200,13.7500,13.5200,20413335,278839228.3500
2025-07-08,sz.300224,13.6700,14.3300,13.6700,14.2200,13.7500,50436238,713059457.0000
2025-07-09,sz.300224,14.0800,14.1800,13.8200,13.8900,14.2200,29230600,408835916.4300
2025-07-10,sz.300224,14.2200,14.4900,13.9200,14.4900,13.8900,73639154,1050011930.5600
2025-07-11,sz.300224,14.8500,15.9800,14.6800,15.4300,14.4900,127608358,1949383473.4300
2025-07-14,sz.300224,15.5900,15.8800,15.0700,15.1100,15.4300,78392159,1201837474.9000
2025-07-15,sz.300224,15.0200,15.4800,14.8400,14.9600,15.1100,51213985,775150148.6700
2025-07-16,sz.300224,15.0600,15.1300,14.7500,14.7900,14.9600,34620300,515022721.1000
2025-07-17,sz.300224,14.6900,14.9600,14.5400,14.8400,14.7900,30802680,456195654.6600
2025-07-18,sz.300224,14.8400,15.6700,14.7600,15.1700,14.8400,64037518,976401255.1900
2025-07-21,sz.300224,15.1100,15.4900,15.0000,15.3100,15.1700,46767055,714729683.6900
2025-07-22,sz.300224,15.1600,15.4400,15.0200,15.1000,15.3100,43151369,656130482.6300
2025-07-23,sz.300224,15.0500,15.2900,14.7300,15.0000,15.1000,35521900,535385524.0000
2025-07-24,sz.300224,14.8500,16.3100,14.8500,16.1400,15.0000,102140622,1622424342.4600
2025-07-25,sz.300224,16.1500,17.4800,16.0200,17.0900,16.1400,113658152,1916781278.4600
2025-07-28,sz.300224,16.8900,17.2000,16.6200,16.9200,17.0900,60859797,1028502573.6000
2025-07-29,sz.300224,16.7900,17.0500,16.5300,16.7000,16.9200,40119779,668637565.3300
2025-07-30,sz.300224,16.7100,16.8300,15.8700,16.1400,16.7000,48049791,778620545.2300
2025-07-31,sz.300224,16.0000,16.2800,15.7100,15.8600,16.1400,32868251,526952709.0500
2025-08-01,sz.300224,15.8600,15.8700,15.4300,15.5200,15.8600,28352276,442070380.5200
2025-08-04,sz.300224,15.4800,15.6200,15.4100,15.6100,15.5200,25503152,395834731.8300
2025-08-05,sz.300224,15.8000,15.8900,15.4400,15.5100,15.6100,32883738,512529240.2600
2025-08-06,sz.300224,15.4400,15.9000,15.3200,15.8400,15.5100,38653526,605431376.3400
2025-08-07,sz.300224,15.8600,19.0100,15.4000,19.0100,15.8400,162549238,2879617376.5900
2025-08-08,sz.300224,18.9600,19.0500,18.1000,18.3100,19.0100,131458946,2422788501.2200
2025-08-11,sz.300224,18.2700,18.3900,17.9000,18.0200,18.3100,72625838,1314372337.0300
2025-08-12,sz.300224,18.0300,18.1500,17.5700,17.6700,18.0200,56138665,995904404.1600
2025-08-13,sz.300224,17.6700,18.2400,17.5500,17.9800,17.6700,91699194,1637456132.6300
2025-08-14,sz.300224,17.8400,18.0500,17.3700,17.5700,17.9800,68280891,1207567557.4400
2025-08-15,sz.300224,17.5100,18.5700,17.4300,18.3700,17.5700,96781237,1759848049.1300
2025-08-18,sz.300224,18.3500,19.5000,17.9000,19.1800,18.3700,116181994,2172213669.8300
2025-08-19,sz.300224,18.9000,19.4500,18.5300,18.6600,19.1800,80492452,1518421298.8100
2025-08-20,sz.300224,18.1500,19.6600,18.0000,18.5600,18.6600,79996149,1500629870.1300
2025-08-21,sz.300224,18.1800,18.8300,17.8000,17.9400,18.5600,60239493,1094140805.7600
2025-08-22,sz.300224,17.9200,18.6300,17.8700,18.0800,17.9400,59036397,1077917932.1900
2025-08-25,sz.300224,18.2000,20.5600,18.2000,19.5300,18.0800,130324563,2530504852.7700
2025-08-26,sz.300224,19.1000,19.1900,18.4600,18.4900,19.5300,92137826,1721249787.7900
2025-08-27,sz.300224,18.4800,20.0800,18.3800,19.2800,18.4900,138662892,2673295509.4600
2025-08-28,sz.300224,18.8900,20.2600,18.8800,19.6000,19.2800,127833810,2506165799.7600
2025-08-29,sz.300224,19.5000,20.0800,19.1300,19.1400,19.6000,111290872,2175586803.6700
2025-09-01,sz.300224,18.9800,19.0900,18.5800,18.6500,19.1400,64740124,1212427734.4800
2025-09-02,sz.300224,18.5800,18.6400,17.2500,17.6000,18.6500,68282688,1210134512.7300
2025-09-03,sz.300224,17.5600,17.6800,16.7900,16.8800,17.6000,46004811,789593916.3900
2025-09-04,sz.300224,16.9000,17.4500,16.1600,16.4500,16.8800,43281676,727653388.7400
2025-09-05,sz.300224,16.4800,17.1600,16.4100,17.1100,16.4500,36246229,613115797.0700
2025-09-08,sz.300224,17.1800,17.3400,17.0100,17.2400,17.1100,33116728,568417358.5000
2025-09-09,sz.300224,17.1000,17.1800,16.5800,16.6400,17.2400,35031754,591122926.9200
2025-09-10,sz.300224,16.6300,16.9300,16.4400,16.5800,16.6400,24703055,411398871.3900
2025-09-11,sz.300224,16.5900,17.1300,16.4600,17.1000,16.5800,37306661,630628112.0100
2025-09-12,sz.300224,16.9800,17.3500,16.8300,17.1200,17.1000,46392638,793811201.7800
2025-09-15,sz.300224,17.1300,17.4600,16.8300,17.2200,17.1200,42195596,724176339.6000
2025-09-16,sz.300224,17.1000,17.2000,16.6000,17.0900,17.2200,42363244,713427202.8800
2025-09-17,sz.300224,16.9400,17.6900,16.8700,17.5900,17.0900,56241492,979887277.4900
2025-09-18,sz.300224,17.3700,17.5600,16.6800,16.8900,17.5900,48735547,838268726.4500
2025-09-19,sz.300224,16.9000,17.0500,16.4300,16.4800,16.8900,30614274,511088240.4400
2025-09-22,sz.300224,16.4300,16.6000,16.2100,16.5100,16.4800,21597767,353734869.4600
2025-09-23,sz.300224,16.4600,16.5600,15.5800,16.0800,16.5100,34786752,554044431.3800
2025-09-24,sz.300224,15.9200,16.2200,15.8800,16.2100,16.0800,23328524,375379706.4300
2025-09-25,sz.300224,16.1600,16.5300,16.1600,16.2400,16.2100,24574771,401055992.4100
2025-09-26,sz.300224,16.3000,16.5500,16.0000,16.0400,16.2400,24259226,394814115.9200
2025-09-29,sz.300224,16.0400,16.2600,15.9700,16.2000,16.0400,19140140,308632525.9500
2025-09-30,sz.300224,16.3000,17.2200,16.2700,16.8400,16.2000,50704657,855207176.3300
2025-10-09,sz.300224,17.0800,17.7700,16.8400,17.7200,16.8400,73082578,1271949761.0600
2025-10-10,sz.300224,18.3000,18.8700,17.7300,17.7900,17.7200,102304594,1867505678.6200
2025-10-13,sz.300224,17.5300,20.3000,17.5300,19.4800,17.7900,157684500,2973856823.8600
2025-10-14,sz.300224,19.5200,19.5900,18.1500,18.3500,19.4800,102514233,1913984436.2600
2025-10-15,sz.300224,18.2700,18.7200,17.7800,18.0500,18.3500,66727181,1213340261.5400
2025-10-16,sz.300224,17.8200,17.9700,17.3900,17.5300,18.0500,40616658,716220279.8800
2025-10-17,sz.300224,17.5600,17.8400,16.6800,16.7000,17.5300,43486928,747309709.2000
2025-10-20,sz.300224,16.8800,17.0000,16.5100,16.7400,16.7000,27170672,455116884.9000
2025-10-21,sz.300224,16.6600,16.7900,16.4300,16.7300,16.7400,25342457,423051186.8600
2025-10-22,sz.300224,16.5500,16.5600,16.1400,16.3200,16.7300,23572481,385371465.8500
2025-10-23,sz.300224,16.3000,16.3600,15.8700,16.1500,16.3200,22009183,352477937.7700
2025-10-24,sz.300224,16.3500,16.9700,16.2400,16.8700,16.1500,38341409,640486701.7800
2025-10-27,sz.300224,17.0900,17.5100,17.0100,17.2300,16.8700,51506258,887785564.2400
2025-10-28,sz.300224,17.1900,17.2000,16.6700,16.8700,17.2300,33658531,568626965.8300
2025-10-29,sz.300224,16.8700,17.1800,16.7700,17.1800,16.8700,28846115,491215592.0600
2025-10-30,sz.300224,17.1900,17.9600,17.0300,17.3700,17.1800,67734340,1184934849.3500
2025-10-31,sz.300224,17.2000,17.2000,16.6300,16.7300,17.3700,39441463,662785955.8400
2025-11-03,sz.300224,16.6300,16.6900,16.0900,16.4500,16.7300,29827246,486121513.6700
2025-11-04,sz.300224,16.3500,16.5400,16.2000,16.3000,16.4500,17012717,278087131.7400
2025-11-05,sz.300224,16.0600,16.3600,16.0100,16.2000,16.3000,17576581,285034594.2000
2025-11-06,sz.300224,16.2500,16.3800,16.1800,16.2500,16.2000,19550181,318063745.7800
2025-11-07,sz.300224,16.1900,16.3800,16.0200,16.1400,16.2500,21014035,340586391.5400
2025-11-10,sz.300224,16.2400,16.3100,16.0500,16.1300,16.1400,18715373,301797025.4500
2025-11-11,sz.300224,16.1700,16.2200,15.9600,15.9600,16.1300,17880554,287641952.2200
2025-11-12,sz.300224,15.9500,15.9600,15.2500,15.5000,15.9600,24990006,389057922.3500
2025-11-13,sz.300224,15.5500,15.9000,15.4500,15.8200,15.5000,21207417,333535465.2000
2025-11-14,sz.300224,15.6200,15.6800,15.3600,15.3600,15.8200,20566935,319060284.2100
2025-11-17,sz.300224,15.3700,15.4900,15.3100,15.4400,15.3600,15078732,232201184.7600
2025-11-18,sz.300224,15.3300,15.4400,15.0800,15.1200,15.4400,16211051,246192994.8400
2025-11-19,sz.300224,15.1300,15.3400,14.9500,15.1800,15.1200,18008779,272697466.8600
2025-11-20,sz.300224,15.1800,15.4600,15.1400,15.1800,15.1800,16258759,248785717.0500
2025-11-21,sz.300224,14.9800,15.0500,14.4100,14.4600,15.1800,24551581,359976701.4700
2025-11-24,sz.300224,14.5100,14.9000,14.4700,14.8400,14.4600,17368337,255589909.3100
2025-11-25,sz.300224,14.9100,15.2400,14.8300,15.0300,14.8400,14495035,218421728.9000
2025-11-26,sz.300224,15.0000,15.1100,14.8800,14.9300,15.0300,12420571,186272360.4800
2025-11-27,sz.300224,14.9500,15.1400,14.8500,14.8900,14.9300,10547446,158288991.5500
2025-11-28,sz.300224,14.8800,15.0800,14.8100,15.0700,14.8900,9753614,146069355.2000
2025-12-01,sz.300224,15.0800,15.3800,15.0000,15.3400,15.0700,16406967,251134096.5300
2025-12-02,sz.300224,15.2300,15.2300,14.9300,14.9400,15.3400,12618834,189675858.9900
2025-12-03,sz.300224,15.0500,15.1400,14.8500,14.9500,14.9400,13282984,198848192.8800
2025-12-04,sz.300224,14.9300,15.0100,14.7300,14.8400,14.9500,10724546,159335778.4100
2025-12-05,sz.300224,14.9300,15.5300,14.8500,15.3000,14.8400,26929004,410363614.0100
2025-12-08,sz.300224,15.3000,15.5200,15.2100,15.4100,15.3000,25129217,385857672.4500
2025-12-09,sz.300224,15.3500,15.4400,15.1400,15.2000,15.4100,13284432,202767244.1700
2025-12-10,sz.300224,15.1400,15.2600,15.0100,15.2300,15.2000,10687621,161594368.9100
2025-12-11,sz.300224,15.2300,15.2800,14.9800,14.9800,15.2300,11877026,179143713.8000
2025-12-12,sz.300224,15.1700,15.2000,14.9500,15.1300,14.9800,12204583,184487016.9200
2025-12-15,sz.300224,15.0500,15.1900,14.9600,14.9700,15.1300,10794331,162329959.5700
2025-12-16,sz.300224,14.9800,14.9900,14.5000,14.5500,14.9700,14071597,205555141.3900
2025-12-17,sz.300224,14.6100,14.7600,14.3300,14.6900,14.5500,12916254,187952532.1400
2025-12-18,sz.300224,14.6500,14.9400,14.5800,14.6200,14.6900,10934383,161609898.8700
2025-12-19,sz.300224,14.7300,15.0400,14.6600,15.0200,14.6200,15239546,227589123.0800
2025-12-22,sz.300224,15.1900,15.4100,15.1000,15.3400,15.0200,18918819,289373008.9300
2025-12-23,sz.300224,15.3500,15.4200,15.2200,15.2800,15.3400,14538260,222920046.4000
2025-12-24,sz.300224,15.2800,15.4100,15.2300,15.3800,15.2800,11593610,178026715.7100
2025-12-25,sz.300224,15.4000,15.6400,15.3100,15.5700,15.3800,15709894,243472689.7100
2025-12-26,sz.300224,15.5500,15.6800,15.3800,15.4800,15.5700,16566538,257645118.7400
2025-12-29,sz.300224,15.6000,15.7600,15.5100,15.5900,15.4800,17078680,267169741.8800
2025-12-30,sz.300224,15.4400,15.6400,15.2900,15.5700,15.5900,13495306,209827772.3900
2025-12-31,sz.300224,15.5900,15.6300,15.4400,15.4600,15.5700,11773767,182598315.7600
