date,code,open,high,low,close,preclose,volume,amount
2019-01-02,sh.600773,6.0000,6.0800,5.9700,6.0300,6.0000,3137544,18908105.0000
2019-01-03,sh.600773,6.0300,6.1200,5.9800,6.0900,6.0300,3638914,22102153.0000
2019-01-04,sh.600773,6.0000,6.2200,5.9600,6.2200,6.0900,5945552,36453480.0000
2019-01-07,sh.600773,6.3000,6.4200,6.2500,6.3200,6.2200,5339238,33763177.0000
2019-01-08,sh.600773,6.3100,6.4800,6.2900,6.4000,6.3200,4773594,30461733.0000
2019-01-09,sh.600773,6.4100,6.5300,6.3300,6.3500,6.4000,7564355,48648976.0000
2019-01-10,sh.600773,6.3500,6.4600,6.3000,6.3400,6.3500,4665288,29752975.0000
2019-01-11,sh.600773,6.3200,6.4100,6.3000,6.3800,6.3400,3791287,24095600.0000
2019-01-14,sh.600773,6.3900,6.4500,6.3300,6.3700,6.3800,2770661,17713127.0000
2019-01-15,sh.600773,6.3500,6.4500,6.2800,6.4100,6.3700,4860346,30913341.0000
2019-01-16,sh.600773,6.3900,6.4500,6.3700,6.3700,6.4100,3678077,23536283.0000
2019-01-17,sh.600773,6.3900,6.4200,6.2900,6.3100,6.3700,3977984,25287796.0000
2019-01-18,sh.600773,6.3400,6.4800,6.3000,6.4300,6.3100,6417488,41191065.0000
2019-01-21,sh.600773,6.4200,6.5300,6.4000,6.5000,6.4300,5220479,33846932.0000
2019-01-22,sh.600773,6.4800,6.5400,6.3500,6.3700,6.5000,4865751,31256104.0000
2019-01-23,sh.600773,6.3500,6.4100,6.3000,6.4000,6.3700,3127801,19884131.0000
2019-01-24,sh.600773,6.3600,6.4500,6.3300,6.3800,6.4000,3697482,23643932.0000
2019-01-25,sh.600773,6.3900,6.4200,6.2900,6.3200,6.3800,3397959,21608479.0000
2019-01-28,sh.600773,6.3600,6.3800,6.2000,6.2400,6.3200,4167999,26300941.0000
2019-01-29,sh.600773,6.2000,6.2800,6.0200,6.0800,6.2400,4704545,28798118.0000
2019-01-30,sh.600773,6.1100,6.2200,6.0700,6.0800,6.0800,3599679,22089000.0000
2019-01-31,sh.600773,6.1300,6.1300,5.7600,5.7600,6.0800,6110100,36128885.0000
2019-02-01,sh.600773,5.7800,6.2700,5.7800,6.1400,5.7600,6373292,38462682.0000
2019-02-11,sh.600773,6.1500,6.2800,6.1400,6.2700,6.1400,4782382,29821332.0000
2019-02-12,sh.600773,6.2500,6.3700,6.2300,6.3400,6.2700,4660041,29452515.0000
2019-02-13,sh.600773,6.3300,6.4800,6.3100,6.4600,6.3400,7040275,45133427.0000
2019-02-14,sh.600773,6.4400,6.5100,6.4200,6.4600,6.4600,5494321,35514355.0000
2019-02-15,sh.600773,6.4800,6.6500,6.4300,6.4600,6.4600,9587086,62692824.0000
2019-02-18,sh.600773,6.4600,6.6900,6.4600,6.6700,6.4600,8839371,58389239.0000
2019-02-19,sh.600773,6.7000,6.9600,6.5800,6.8200,6.6700,14372663,97197670.0000
2019-02-20,sh.600773,6.7500,6.8500,6.6500,6.7100,6.8200,8626182,58279472.0000
2019-02-21,sh.600773,6.7100,7.1000,6.6500,6.7800,6.7100,15227866,104479362.0000
2019-02-22,sh.600773,6.7000,6.8700,6.6400,6.8500,6.7800,12086064,81465748.0000
2019-02-25,sh.600773,6.8500,7.2000,6.8200,7.1700,6.8500,22838919,160574822.0000
2019-02-26,sh.600773,7.1500,7.4200,7.0100,7.1300,7.1700,22033919,158808798.0000
2019-02-27,sh.600773,7.1000,7.2500,6.9800,7.0600,7.1300,14702694,104730764.0000
2019-02-28,sh.600773,7.0700,7.4000,7.0600,7.1700,7.0600,18391187,132530757.0000
2019-03-01,sh.600773,7.1500,7.3500,7.0600,7.2100,7.1700,16322877,117358737.0000
2019-03-04,sh.600773,7.2000,7.4300,7.1800,7.2700,7.2100,20779159,151863204.0000
2019-03-05,sh.600773,7.2000,7.4400,7.2000,7.4400,7.2700,17879145,131653642.0000
2019-03-06,sh.600773,7.4400,7.5800,7.3200,7.5500,7.4400,19953937,149231379.0000
2019-03-07,sh.600773,7.5100,7.6400,7.4300,7.6100,7.5500,22054873,166694645.0000
2019-03-08,sh.600773,7.5000,7.5500,7.0500,7.0900,7.6100,19575742,143729542.0000
2019-03-11,sh.600773,7.0900,7.4800,7.0900,7.4700,7.0900,16068740,117591498.0000
2019-03-12,sh.600773,7.5000,7.6700,7.3700,7.5000,7.4700,17578334,132476182.0000
2019-03-13,sh.600773,7.4900,7.9100,7.4300,7.7200,7.5000,33495742,256802454.0000
2019-03-14,sh.600773,7.9500,8.0700,7.1600,7.4500,7.7200,32668395,248317702.0000
2019-03-15,sh.600773,7.3600,7.7900,7.3100,7.7700,7.4500,32151140,244886036.0000
2019-03-18,sh.600773,7.7000,8.0800,7.6600,7.9700,7.7700,32743898,257461180.0000
2019-03-19,sh.600773,7.8700,8.2000,7.7000,8.1300,7.9700,36395466,288929328.0000
2019-03-20,sh.600773,8.0500,8.6400,7.9000,8.3100,8.1300,45280002,374637382.0000
2019-03-21,sh.600773,8.1600,8.4900,8.1100,8.1500,8.3100,33248707,273837535.0000
2019-03-22,sh.600773,8.1300,8.1700,7.9000,8.0500,8.1500,19173418,153787840.0000
2019-03-25,sh.600773,7.9000,8.1500,7.8900,7.9500,8.0500,13566743,108713502.0000
2019-03-26,sh.600773,7.9500,8.1300,7.7200,7.9300,7.9500,21537134,170026220.0000
2019-03-27,sh.600773,7.8800,7.9500,7.6300,7.7400,7.9300,15402936,119640284.0000
2019-03-28,sh.600773,7.6800,7.7100,7.4300,7.4300,7.7400,13153227,99254639.0000
2019-03-29,sh.600773,7.4100,7.6500,7.3100,7.6300,7.4300,12054066,90381379.0000
2019-04-01,sh.600773,7.6900,8.0500,7.6500,7.9700,7.6300,20678551,162846693.0000
2019-04-02,sh.600773,7.8700,8.3000,7.8700,8.2300,7.9700,29740548,240901042.0000
2019-04-03,sh.600773,8.1200,8.1800,8.0300,8.1400,8.2300,20135648,163231428.0000
2019-04-04,sh.600773,8.1700,8.2600,8.1000,8.1300,8.1400,17933945,146563088.0000
2019-04-08,sh.600773,8.1700,8.3000,7.8800,8.0000,8.1300,17403501,140159506.0000
2019-04-09,sh.600773,7.9400,8.1800,7.9300,8.0400,8.0000,13718955,110240144.0000
2019-04-10,sh.600773,7.9800,7.9900,7.7800,7.9600,8.0400,13466265,106224957.0000
2019-04-11,sh.600773,7.9500,8.1000,7.9000,7.9300,7.9600,13026283,104143340.0000
2019-04-12,sh.600773,7.8700,7.9900,7.7300,7.7700,7.9300,10358821,80990116.0000
2019-04-15,sh.600773,7.8800,7.9600,7.7600,7.7600,7.7700,8107901,63811035.0000
2019-04-16,sh.600773,7.7300,7.9400,7.5200,7.9400,7.7600,11310990,87714669.0000
2019-04-17,sh.600773,7.9300,8.0700,7.8900,8.0100,7.9400,13064341,104450986.0000
2019-04-18,sh.600773,8.0300,8.1200,7.9500,8.0500,8.0100,13154674,105751709.0000
2019-04-19,sh.600773,8.0600,8.8600,7.9500,8.8600,8.0500,59917879,514660579.0000
2019-04-22,sh.600773,8.9100,9.2700,8.4600,8.5900,8.8600,56527823,500116306.0000
2019-04-23,sh.600773,8.3300,8.4400,7.9200,8.1400,8.5900,34206231,279215671.0000
2019-04-24,sh.600773,8.1400,8.2500,8.0200,8.2000,8.1400,16749531,136826293.0000
2019-04-25,sh.600773,8.1200,8.2100,7.6100,7.6300,8.2000,23030705,181590976.0000
2019-04-26,sh.600773,7.5800,7.6600,7.4100,7.4900,7.6300,12861753,96582649.0000
2019-04-29,sh.600773,7.5300,7.6000,7.0900,7.1800,7.4900,11542551,84086201.0000
2019-04-30,sh.600773,7.1900,7.3800,7.1300,7.2700,7.1800,6340299,46226741.0000
2019-05-06,sh.600773,7.0000,7.1000,6.5400,6.5400,7.2700,11799510,80143845.0000
2019-05-07,sh.600773,6.6400,6.7100,6.5500,6.6600,6.5400,6932606,45953545.0000
2019-05-08,sh.600773,6.5500,6.7400,6.5300,6.6400,6.6600,6124509,40745398.0000
2019-05-09,sh.600773,6.5000,6.8500,6.4100,6.6400,6.6400,8220701,54732813.0000
2019-05-10,sh.600773,6.6900,6.8300,6.4900,6.8100,6.6400,9211126,62201453.0000
2019-05-13,sh.600773,6.7600,6.8800,6.7300,6.8300,6.8100,5658996,38549087.0000
2019-05-14,sh.600773,6.7800,6.9600,6.7100,6.8100,6.8300,6879810,46888984.0000
2019-05-15,sh.600773,6.8500,7.2200,6.8000,7.2000,6.8100,13463400,93915197.0000
2019-05-16,sh.600773,7.1800,7.3500,7.0000,7.2000,7.2000,15977282,114709398.0000
2019-05-17,sh.600773,7.1300,7.2000,6.8100,6.8200,7.2000,9679404,67807449.0000
2019-05-20,sh.600773,6.8400,6.9000,6.6000,6.8500,6.8200,6283116,42342882.0000
2019-05-21,sh.600773,6.8500,7.0900,6.7800,7.0200,6.8500,6593869,46053388.0000
2019-05-22,sh.600773,7.0000,7.0400,6.8600,6.8900,7.0200,4820181,33541586.0000
2019-05-23,sh.600773,6.8900,6.9500,6.6800,6.7000,6.8900,4181722,28474048.0000
2019-05-24,sh.600773,6.6800,6.7700,6.6500,6.6700,6.7000,3707036,24861806.0000
2019-05-27,sh.600773,6.6900,6.8600,6.6200,6.8400,6.6700,4058536,27500616.0000
2019-05-28,sh.600773,6.8700,7.2800,6.8200,7.1400,6.8400,15599018,110849342.0000
2019-05-29,sh.600773,6.9700,7.1600,6.9000,7.1100,7.1400,12731385,89732713.0000
2019-05-30,sh.600773,7.0300,7.1300,6.9900,7.0800,7.1100,7177601,50643463.0000
2019-05-31,sh.600773,7.0600,7.1400,7.0400,7.0800,7.0800,5269501,37364800.0000
2019-06-03,sh.600773,7.0800,7.1400,6.9400,6.9600,7.0800,6215513,43646355.0000
2019-06-04,sh.600773,6.9800,7.0400,6.8900,6.8900,6.9600,5748818,40022272.0000
2019-06-05,sh.600773,6.9800,7.0200,6.8200,6.8200,6.8900,5349038,36907999.0000
2019-06-06,sh.600773,6.8500,6.8500,6.5000,6.5700,6.8200,8517080,56526506.0000
2019-06-10,sh.600773,6.5700,6.7300,6.5400,6.6300,6.5700,5210457,34512182.0000
2019-06-11,sh.600773,6.6600,6.8700,6.6200,6.8500,6.6300,7516175,50947013.0000
2019-06-12,sh.600773,6.8500,6.9200,6.7900,6.8200,6.8500,5781100,39567009.0000
2019-06-13,sh.600773,6.8200,6.8900,6.7900,6.8600,6.8200,5611159,38418006.0000
2019-06-14,sh.600773,6.8800,7.3700,6.7800,6.8600,6.8600,17289334,121894385.0000
2019-06-17,sh.600773,6.7400,6.8800,6.6000,6.7900,6.8600,10866179,73155045.0000
2019-06-18,sh.600773,6.7800,6.8800,6.7100,6.7300,6.7900,5756314,39016563.0000
2019-06-19,sh.600773,6.8300,6.9900,6.8100,6.8500,6.7300,9266798,63848855.0000
2019-06-20,sh.600773,6.8300,6.9400,6.7500,6.9000,6.8400,9165766,62823212.0000
2019-06-21,sh.600773,6.9100,7.0100,6.9000,6.9700,6.9000,10285019,71646334.0000
2019-06-24,sh.600773,6.9800,6.9900,6.9200,6.9500,6.9700,5061157,35194070.0000
2019-06-25,sh.600773,6.9500,6.9600,6.7500,6.8500,6.9500,6821663,46648092.0000
2019-06-26,sh.600773,6.8400,6.9000,6.8000,6.8600,6.8500,3420700,23446940.0000
2019-06-27,sh.600773,6.8700,6.9300,6.8400,6.8700,6.8600,4404601,30372847.0000
2019-06-28,sh.600773,6.8600,6.8900,6.6800,6.7300,6.8700,5403828,36547843.0000
2019-07-01,sh.600773,6.8500,6.9400,6.8100,6.9200,6.7300,7466902,51479014.0000
2019-07-02,sh.600773,6.9200,6.9700,6.8800,6.9300,6.9200,6694230,46416722.0000
2019-07-03,sh.600773,6.9100,6.9600,6.8500,6.8700,6.9300,5840989,40252461.0000
2019-07-04,sh.600773,6.8600,7.0300,6.8600,6.9600,6.8700,7465265,51938260.0000
2019-07-05,sh.600773,6.9200,6.9500,6.8500,6.8800,6.9600,4020434,27700185.0000
2019-07-08,sh.600773,6.8600,6.8600,6.5900,6.6500,6.8800,5855709,39170947.0000
2019-07-09,sh.600773,6.6700,6.6800,6.5500,6.6000,6.6500,3537018,23370181.0000
2019-07-10,sh.600773,6.5900,6.6100,6.4600,6.5100,6.6000,3960883,25844514.0000
2019-07-11,sh.600773,6.5200,6.6300,6.4700,6.4700,6.5100,3557218,23267868.0000
2019-07-12,sh.600773,6.4700,6.5400,6.4400,6.5000,6.4700,3280880,21316599.0000
2019-07-15,sh.600773,6.5000,6.5800,6.3900,6.5400,6.5000,3379128,21960572.0000
2019-07-16,sh.600773,6.5100,6.5800,6.4800,6.5500,6.5400,2470595,16155499.0000
2019-07-17,sh.600773,6.5400,6.6200,6.5100,6.5600,6.5500,2981418,19587003.0000
2019-07-18,sh.600773,6.5300,6.5300,6.4000,6.4100,6.5600,3073200,19884228.0000
2019-07-19,sh.600773,6.4100,6.5200,6.4100,6.4800,6.4100,2346870,15221817.0000
2019-07-22,sh.600773,6.4900,6.4900,6.1700,6.1800,6.4800,4766500,30048836.0000
2019-07-23,sh.600773,6.2500,6.3200,6.1800,6.3000,6.1800,2763345,17334167.0000
2019-07-24,sh.600773,6.3200,6.3900,6.3100,6.3300,6.3000,2123990,13505914.0000
2019-07-25,sh.600773,6.3600,6.3600,6.2900,6.3100,6.3300,2057670,13001056.0000
2019-07-26,sh.600773,6.3200,6.3900,6.2700,6.3500,6.3100,2616101,16561923.0000
2019-07-29,sh.600773,6.3300,6.3700,6.2500,6.2600,6.3500,2635677,16576775.0000
2019-07-30,sh.600773,6.2900,6.3500,6.2500,6.2900,6.2600,2711300,17074137.0000
2019-07-31,sh.600773,6.2900,6.2900,6.1500,6.1900,6.2900,3632948,22517981.0000
2019-08-01,sh.600773,6.1600,6.2600,6.1400,6.1900,6.1900,2943593,18227258.0000
2019-08-02,sh.600773,6.0300,6.1000,5.9500,6.0200,6.1900,4416385,26592376.0000
2019-08-05,sh.600773,5.9700,6.0300,5.8500,5.8800,6.0200,3728806,22180205.0000
2019-08-06,sh.600773,5.7800,5.7800,5.4500,5.6300,5.8800,6753273,37969001.0000
2019-08-07,sh.600773,5.6700,5.7000,5.6200,5.6500,5.6300,2859338,16201344.0000
2019-08-08,sh.600773,5.6600,5.7300,5.6200,5.6600,5.6500,2679501,15196679.0000
2019-08-09,sh.600773,5.6800,5.7200,5.5800,5.5900,5.6600,2515264,14168611.0000
2019-08-12,sh.600773,5.6300,5.6600,5.5600,5.6600,5.5900,2013692,11315637.0000
2019-08-13,sh.600773,5.6300,5.6300,5.5500,5.5600,5.6600,2448394,13669852.0000
2019-08-14,sh.600773,5.6400,5.7200,5.6100,5.6500,5.5600,4929098,27951221.0000
2019-08-15,sh.600773,5.4800,5.7000,5.4800,5.6600,5.6500,4106300,22920594.0000
2019-08-16,sh.600773,5.6200,5.7800,5.6200,5.6900,5.6600,4944300,28284516.0000
2019-08-19,sh.600773,5.7300,5.8600,5.6600,5.8500,5.6900,4604070,26764088.0000
2019-08-20,sh.600773,5.9000,5.9200,5.8400,5.8500,5.8500,4268100,25047720.0000
2019-08-21,sh.600773,5.8100,5.9400,5.8100,5.8900,5.8500,3339601,19667356.0000
2019-08-22,sh.600773,5.9300,5.9300,5.8600,5.9100,5.8900,2493700,14700469.0000
2019-08-23,sh.600773,5.9100,5.9400,5.8600,5.8700,5.9100,2938101,17300579.0000
2019-08-26,sh.600773,5.7800,5.8000,5.6800,5.7500,5.8700,4161161,23833140.0000
2019-08-27,sh.600773,5.7800,5.9100,5.7600,5.9100,5.7500,4307517,25286058.0000
2019-08-28,sh.600773,5.9100,5.9300,5.8600,5.8700,5.9100,2933918,17278394.0000
2019-08-29,sh.600773,5.8700,6.0800,5.8700,5.9800,5.8700,8910806,53243828.0000
2019-08-30,sh.600773,6.0700,6.0700,5.7500,5.7800,5.9800,7837351,46071366.0000
2019-09-02,sh.600773,5.7500,5.8700,5.7500,5.8600,5.7800,3726230,21727179.0000
2019-09-03,sh.600773,5.8500,5.9000,5.8200,5.8800,5.8600,2953694,17317624.0000
2019-09-04,sh.600773,5.8900,5.9900,5.8700,5.9800,5.8800,6286915,37356554.0000
2019-09-05,sh.600773,6.0000,6.1000,5.9800,6.0200,5.9800,7669548,46353381.0000
2019-09-06,sh.600773,6.0300,6.0700,6.0000,6.0400,6.0200,4647150,28060989.0000
2019-09-09,sh.600773,6.0500,6.1100,6.0400,6.1100,6.0400,6132091,37271282.0000
2019-09-10,sh.600773,6.1000,6.1100,6.0400,6.0800,6.1100,4881539,29646470.0000
2019-09-11,sh.600773,6.1000,6.1500,6.0500,6.0800,6.0800,5358914,32638121.0000
2019-09-12,sh.600773,6.0800,6.1600,6.0500,6.1500,6.0800,6983445,42670579.0000
2019-09-16,sh.600773,6.1300,6.3400,6.1000,6.2500,6.1500,11212406,69689242.0000
2019-09-17,sh.600773,6.1800,6.1800,5.9500,6.0100,6.2500,9234453,55899789.0000
2019-09-18,sh.600773,6.0300,6.0500,5.9800,6.0100,6.0100,2934300,17629121.0000
2019-09-19,sh.600773,6.0200,6.0700,6.0000,6.0600,6.0100,3922459,23652120.0000
2019-09-20,sh.600773,6.0900,6.0900,6.0200,6.0400,6.0600,3899711,23591511.0000
2019-09-23,sh.600773,6.0100,6.0200,5.8700,5.9100,6.0400,4291752,25351957.0000
2019-09-24,sh.600773,5.8900,6.0700,5.8800,6.0500,5.9100,6044118,36323375.0000
2019-09-25,sh.600773,6.0900,6.0900,5.9300,6.0000,6.0500,4435100,26632721.0000
2019-09-26,sh.600773,6.0100,6.1600,5.7800,5.9100,6.0000,9902234,59003615.0000
2019-09-27,sh.600773,5.9700,5.9700,5.7900,5.8000,5.9100,7086980,41306158.0000
2019-09-30,sh.600773,5.8000,5.8000,5.6400,5.6600,5.8000,4042335,23086538.0000
2019-10-08,sh.600773,5.6600,5.7400,5.6400,5.6600,5.6600,2217500,12638304.0000
2019-10-09,sh.600773,5.6600,5.7200,5.5600,5.7100,5.6600,2155347,12220412.0000
2019-10-10,sh.600773,5.7700,5.8200,5.7400,5.7700,5.7100,2507802,14462661.0000
2019-10-11,sh.600773,5.7400,5.8200,5.7300,5.8000,5.7700,3138253,18153391.0000
2019-10-14,sh.600773,5.8200,5.8900,5.8000,5.8500,5.8000,4033493,23598039.0000
2019-10-15,sh.600773,5.8600,5.8600,5.7500,5.8000,5.8500,2684846,15529732.0000
2019-10-16,sh.600773,5.7500,5.8200,5.7200,5.7300,5.8000,2496281,14400798.0000
2019-10-17,sh.600773,5.7600,5.7600,5.6600,5.6800,5.7300,2491646,14177249.0000
2019-10-18,sh.600773,5.7100,5.7100,5.5700,5.6300,5.6800,2509000,14124153.0000
2019-10-21,sh.600773,5.5700,5.6200,5.5400,5.6200,5.6300,2593711,14462164.0000
2019-10-22,sh.600773,5.6000,5.6600,5.6000,5.6400,5.6200,1974403,11122291.0000
2019-10-23,sh.600773,5.6500,5.6500,5.5600,5.5900,5.6400,1560110,8748571.0000
2019-10-24,sh.600773,5.6000,5.6200,5.5600,5.5700,5.5900,1676606,9367609.0000
2019-10-25,sh.600773,5.6000,5.6400,5.5500,5.6200,5.5700,1646200,9216409.0000
2019-10-28,sh.600773,5.6000,5.7000,5.6000,5.7000,5.6200,2732870,15464157.0000
2019-10-29,sh.600773,5.7400,5.7400,5.6200,5.6200,5.7000,2095011,11865479.0000
2019-10-30,sh.600773,5.6300,5.6400,5.5100,5.5500,5.6200,2618657,14570232.0000
2019-10-31,sh.600773,5.5500,5.5900,5.5000,5.5100,5.5500,1888400,10460723.0000
2019-11-01,sh.600773,5.5100,5.5700,5.4800,5.5700,5.5100,1385501,7668844.0000
2019-11-04,sh.600773,5.5800,5.6200,5.5500,5.5800,5.5700,1712203,9567054.0000
2019-11-05,sh.600773,5.5900,5.6200,5.5300,5.6200,5.5800,2100065,11736897.0000
2019-11-06,sh.600773,5.5500,5.6200,5.5200,5.5400,5.6200,1873522,10446157.0000
2019-11-07,sh.600773,5.5300,5.5700,5.5200,5.5400,5.5400,1351236,7493137.0000
2019-11-08,sh.600773,5.5700,5.5800,5.5300,5.5500,5.5400,2124900,11812067.0000
2019-11-11,sh.600773,5.5400,5.5700,5.4600,5.4900,5.5500,2269000,12493299.0000
2019-11-12,sh.600773,5.4500,5.5600,5.4200,5.4900,5.4900,1449594,7913436.0000
2019-11-13,sh.600773,5.4700,5.4800,5.4300,5.4600,5.4900,1111200,6059381.0000
2019-11-14,sh.600773,5.4600,5.5300,5.4200,5.4700,5.4600,1961160,10711772.0000
2019-11-15,sh.600773,5.4700,5.4900,5.4200,5.4200,5.4700,1780900,9690678.0000
2019-11-18,sh.600773,5.4200,5.4500,5.3800,5.4000,5.4200,1898300,10282544.0000
2019-11-19,sh.600773,5.4400,5.4700,5.4000,5.4700,5.4000,3274166,17843594.0000
2019-11-20,sh.600773,5.4600,5.4800,5.3900,5.4100,5.4700,2137936,11618179.0000
2019-11-21,sh.600773,5.4100,5.4200,5.3700,5.3800,5.4100,1631761,8805287.0000
2019-11-22,sh.600773,5.3900,5.4400,5.3000,5.3500,5.3800,3022839,16235207.0000
2019-11-25,sh.600773,5.3100,5.4300,5.3100,5.3700,5.3500,3085664,16552423.0000
2019-11-26,sh.600773,5.3700,5.3800,5.3300,5.3400,5.3700,2194170,11745925.0000
2019-11-27,sh.600773,5.3200,5.3600,5.2800,5.3300,5.3400,1866757,9941512.0000
2019-11-28,sh.600773,5.3100,5.3500,5.2700,5.2900,5.3300,1898762,10065303.0000
2019-11-29,sh.600773,5.3200,5.3500,5.2700,5.3400,5.2900,2249021,11937798.0000
2019-12-02,sh.600773,5.3400,5.3500,5.2800,5.3000,5.3400,2205543,11702153.0000
2019-12-03,sh.600773,5.3000,5.3300,5.2200,5.3200,5.3000,2207800,11643652.0000
2019-12-04,sh.600773,5.3100,5.3400,5.2500,5.2700,5.3200,2263808,11974573.0000
2019-12-05,sh.600773,5.2700,5.3300,5.2500,5.3200,5.2700,2675764,14196700.0000
2019-12-06,sh.600773,5.3100,5.3700,5.3100,5.3600,5.3200,2958351,15823635.0000
2019-12-09,sh.600773,5.3600,5.4200,5.3500,5.4000,5.3600,2722601,14671130.0000
2019-12-10,sh.600773,5.3900,5.4200,5.3500,5.4100,5.4000,2674013,14421992.0000
2019-12-11,sh.600773,5.4100,5.4600,5.3500,5.3800,5.4100,3318910,17907971.0000
2019-12-12,sh.600773,5.3900,5.3900,5.3000,5.3100,5.3800,3328380,17736202.0000
2019-12-13,sh.600773,5.3200,5.3900,5.3000,5.3800,5.3100,2991355,15989832.0000
2019-12-16,sh.600773,5.4100,5.4500,5.3600,5.4500,5.3800,3223589,17441128.0000
2019-12-17,sh.600773,5.4400,5.5500,5.4200,5.5100,5.4500,6371800,35156105.0000
2019-12-18,sh.600773,5.5200,5.5400,5.4800,5.4900,5.5100,3823510,21066601.0000
2019-12-19,sh.600773,5.5200,5.5600,5.4800,5.5600,5.4900,4121618,22803305.0000
2019-12-20,sh.600773,5.5500,5.5900,5.5200,5.5200,5.5600,3753200,20838979.0000
2019-12-23,sh.600773,5.5000,5.5500,5.3800,5.3900,5.5200,4458201,24318465.0000
2019-12-24,sh.600773,5.4200,5.6700,5.4200,5.6300,5.3900,12338575,69016239.0000
2019-12-25,sh.600773,5.5800,5.6000,5.5300,5.5800,5.6300,6494259,36158403.0000
2019-12-26,sh.600773,5.5600,5.8000,5.5600,5.6500,5.5800,8839339,50214016.0000
2019-12-27,sh.600773,5.6100,5.9000,5.6100,5.7700,5.6500,12706721,73231167.0000
2019-12-30,sh.600773,5.7300,5.8600,5.7000,5.8100,5.7700,9291805,53758434.0000
2019-12-31,sh.600773,5.7700,5.8900,5.7500,5.8000,5.8100,7545660,43942251.0000
2020-01-02,sh.600773,5.8600,5.9200,5.7900,5.8100,5.8000,9407308,54945895.0000
2020-01-03,sh.600773,5.8300,5.8300,5.7100,5.7300,5.8100,8180722,47008279.0000
2020-01-06,sh.600773,5.7100,5.8600,5.6500,5.8200,5.7300,10534901,61096158.0000
2020-01-07,sh.600773,5.8300,5.9400,5.8000,5.9000,5.8200,9257351,54300217.0000
2020-01-08,sh.600773,6.0300,6.3500,5.9800,6.0800,5.9000,25449390,157019667.0000
2020-01-09,sh.600773,6.2100,6.6900,6.1000,6.5300,6.0800,28342757,182054455.0000
2020-01-10,sh.600773,6.4000,6.4500,6.2300,6.3000,6.5300,17245505,108884456.0000
2020-01-13,sh.600773,6.3000,6.6400,6.2500,6.4300,6.3000,13472645,86856302.0000
2020-01-14,sh.600773,6.4400,6.7100,6.4000,6.4300,6.4300,17553376,115018516.0000
2020-01-15,sh.600773,6.3500,6.3700,6.1700,6.1900,6.4300,12878686,80406206.0000
2020-01-16,sh.600773,6.1900,6.2500,6.0000,6.0500,6.1900,11290457,69017748.0000
2020-01-17,sh.600773,6.0800,6.1700,6.0100,6.0400,6.0500,6435843,39092994.0000
2020-01-20,sh.600773,6.0400,6.1300,5.9600,6.0900,6.0400,5790038,35025649.0000
2020-01-21,sh.600773,6.0900,6.0900,5.9500,5.9700,6.0900,5400180,32376304.0000
2020-01-22,sh.600773,5.9700,6.0500,5.8100,5.9800,5.9700,5519119,32812123.0000
2020-01-23,sh.600773,5.9400,5.9500,5.6500,5.7600,5.9800,6616500,38535378.0000
2020-02-03,sh.600773,5.1800,5.1800,5.1800,5.1800,5.7600,1835900,9509962.0000
2020-02-04,sh.600773,4.6600,5.1700,4.6600,5.0300,5.1800,12734734,63000329.0000
2020-02-05,sh.600773,4.9900,5.2400,4.9500,5.0800,5.0300,9914027,50748726.0000
2020-02-06,sh.600773,5.0000,5.1500,4.9800,5.1000,5.0800,9383067,47412488.0000
2020-02-07,sh.600773,5.0800,5.1400,5.0300,5.1000,5.1000,6667255,33825060.0000
2020-02-10,sh.600773,5.0900,5.2500,5.0300,5.2500,5.1000,7504484,38840435.0000
2020-02-11,sh.600773,5.2800,5.3100,5.2200,5.2300,5.2500,5428802,28562749.0000
2020-02-12,sh.600773,5.1700,5.4900,5.1700,5.4100,5.2300,8961168,48100275.0000
2020-02-13,sh.600773,5.3900,5.5600,5.3400,5.4400,5.4100,9620135,52502005.0000
2020-02-14,sh.600773,5.4000,5.5500,5.3800,5.4500,5.4400,6086110,33098870.0000
2020-02-17,sh.600773,5.4000,5.5900,5.4000,5.5500,5.4500,7962498,43890825.0000
2020-02-18,sh.600773,5.5000,5.6200,5.4900,5.6000,5.5500,9425470,52380817.0000
2020-02-19,sh.600773,5.6500,5.8200,5.6000,5.6100,5.6000,11445838,65171377.0000
2020-02-20,sh.600773,5.6700,5.8900,5.6500,5.8400,5.6100,13444011,77895951.0000
2020-02-21,sh.600773,5.7800,5.8400,5.7200,5.8100,5.8400,11487291,66332905.0000
2020-02-24,sh.600773,5.8800,6.1000,5.8500,5.9700,5.8100,14883080,88632677.0000
2020-02-25,sh.600773,5.8000,6.3500,5.5500,6.2300,5.9700,30216525,178647991.0000
2020-02-26,sh.600773,6.3300,6.8500,6.2200,6.3900,6.2300,50578820,331968350.0000
2020-02-27,sh.600773,6.3300,6.7600,6.2300,6.2500,6.3900,33925337,219941834.0000
2020-02-28,sh.600773,6.0000,6.8800,5.9500,6.8800,6.2500,80246740,539796133.0000
2020-03-02,sh.600773,6.8500,7.5000,6.3000,7.2500,6.8800,76241894,531097450.0000
2020-03-03,sh.600773,7.0900,7.4500,6.8200,7.0000,7.2500,57180705,407375565.0000
2020-03-04,sh.600773,6.8000,7.2000,6.7100,7.0600,7.0000,43373470,300939663.0000
2020-03-05,sh.600773,7.0000,7.3000,6.8500,6.8500,7.0600,43103451,303318628.0000
2020-03-06,sh.600773,6.7200,6.7800,6.5500,6.6000,6.8500,29677578,196890389.0000
2020-03-09,sh.600773,6.4100,6.4600,6.1500,6.1600,6.6000,26693948,167645595.0000
2020-03-10,sh.600773,6.0300,6.3100,6.0300,6.2900,6.1600,19767206,122490630.0000
2020-03-11,sh.600773,6.3000,6.4000,6.0700,6.1000,6.2900,17133105,107158153.0000
2020-03-12,sh.600773,5.9500,6.0900,5.9200,6.0100,6.1000,12299731,73714989.0000
2020-03-13,sh.600773,5.7000,5.9100,5.5000,5.8600,6.0100,15742451,90571840.0000
2020-03-16,sh.600773,5.9200,6.0100,5.5800,5.5800,5.8600,18449957,106929824.0000
2020-03-17,sh.600773,5.5500,5.7000,5.4100,5.6300,5.5800,11876505,65896654.0000
2020-03-18,sh.600773,5.6700,5.7300,5.5000,5.5000,5.6300,11401440,64225678.0000
2020-03-19,sh.600773,5.5600,5.6200,5.4000,5.5800,5.5000,9899881,54489749.0000
2020-03-20,sh.600773,5.6500,5.7200,5.5800,5.6700,5.5800,8761379,49531873.0000
2020-03-23,sh.600773,5.4800,5.5800,5.3600,5.3700,5.6700,8544458,46697018.0000
2020-03-24,sh.600773,5.4800,5.5000,5.3500,5.4600,5.3700,5533000,30073371.0000
2020-03-25,sh.600773,5.5700,5.6800,5.5400,5.6200,5.4600,7976500,44728587.0000
2020-03-26,sh.600773,5.6200,5.6200,5.4800,5.4900,5.6200,6144600,34113314.0000
2020-03-27,sh.600773,5.5700,5.6400,5.5200,5.5700,5.4900,7968889,44459928.0000
2020-03-30,sh.600773,5.5600,5.5700,5.3200,5.3700,5.5700,7725589,41632510.0000
2020-03-31,sh.600773,5.4100,5.4400,5.2300,5.3000,5.3700,6009500,32040686.0000
2020-04-01,sh.600773,5.2900,5.4700,5.2600,5.3000,5.3000,6280760,33660557.0000
2020-04-02,sh.600773,5.2800,5.4100,5.2600,5.4000,5.3000,5890260,31522581.0000
2020-04-03,sh.600773,5.4100,5.5800,5.4000,5.4500,5.4000,8205285,45022924.0000
2020-04-07,sh.600773,5.5300,5.6000,5.4700,5.5800,5.4500,8641739,47884907.0000
2020-04-08,sh.600773,5.5500,5.6400,5.5200,5.6300,5.5800,6270531,35017862.0000
2020-04-09,sh.600773,5.6300,5.7200,5.6100,5.6200,5.6300,5511600,31219658.0000
2020-04-10,sh.600773,5.6500,5.6600,5.4800,5.5200,5.6200,5306539,29581268.0000
2020-04-13,sh.600773,5.4700,5.5300,5.3600,5.4400,5.5200,4391365,23880510.0000
2020-04-14,sh.600773,5.4400,5.5400,5.4400,5.5400,5.4400,3548000,19494286.0000
2020-04-15,sh.600773,5.5800,5.5900,5.4300,5.4400,5.5400,5145802,28231668.0000
2020-04-16,sh.600773,5.4200,5.4500,5.3500,5.4400,5.4400,6172935,33289040.0000
2020-04-17,sh.600773,5.4600,5.6700,5.4300,5.5800,5.4400,10711418,59409473.0000
2020-04-20,sh.600773,5.5700,5.8800,5.5500,5.8500,5.5800,13957446,79639850.0000
2020-04-21,sh.600773,5.7600,5.8100,5.6500,5.7100,5.8500,7982452,45555935.0000
2020-04-22,sh.600773,5.6700,5.7200,5.6100,5.7100,5.7100,4896050,27813792.0000
2020-04-23,sh.600773,5.7000,5.7200,5.5500,5.5700,5.7100,7376751,41442862.0000
2020-04-24,sh.600773,5.6000,5.6600,5.4500,5.4700,5.5700,7175502,39843259.0000
2020-04-27,sh.600773,5.5000,5.5600,5.4500,5.5400,5.4700,4527634,24959063.0000
2020-04-28,sh.600773,5.5600,5.5700,5.2100,5.3900,5.5400,5418245,29173433.0000
2020-04-29,sh.600773,5.3900,5.4300,5.3500,5.3900,5.3900,3381847,18241803.0000
2020-04-30,sh.600773,5.4000,5.5500,5.3800,5.5400,5.3900,4564200,25071457.0000
2020-05-06,sh.600773,5.4900,5.7100,5.4500,5.6900,5.5400,6783504,38217994.0000
2020-05-07,sh.600773,5.6900,5.7400,5.6300,5.7200,5.6900,6062603,34427458.0000
2020-05-08,sh.600773,5.7700,5.7800,5.6600,5.6900,5.7200,6561718,37442760.0000
2020-05-11,sh.600773,5.7200,5.7600,5.6500,5.6600,5.6900,4748500,27045208.0000
2020-05-12,sh.600773,5.6600,5.6900,5.5800,5.6300,5.6600,3212900,18076526.0000
2020-05-13,sh.600773,5.6000,5.8500,5.5800,5.8100,5.6300,8937266,51369892.0000
2020-05-14,sh.600773,5.7600,5.7700,5.6800,5.6900,5.8100,6248302,35740225.0000
2020-05-15,sh.600773,5.7100,5.8700,5.6600,5.8100,5.6900,8673850,50130328.0000
2020-05-18,sh.600773,6.1000,6.1400,5.8200,5.8600,5.8100,15315032,91498123.0000
2020-05-19,sh.600773,5.8600,5.9500,5.8200,5.8500,5.8600,8317668,48882067.0000
2020-05-20,sh.600773,5.8700,5.8900,5.7000,5.8200,5.8500,9176158,53053127.0000
2020-05-21,sh.600773,5.7900,6.0800,5.7500,5.9000,5.8200,12220800,72513857.0000
2020-05-22,sh.600773,5.9000,5.9400,5.6800,5.6900,5.9000,7673100,44373585.0000
2020-05-25,sh.600773,5.6900,5.7400,5.5500,5.5500,5.6900,5651918,31781022.0000
2020-05-26,sh.600773,5.5500,5.7500,5.5300,5.6900,5.5500,4875803,27528219.0000
2020-05-27,sh.600773,5.7000,5.9900,5.7000,5.8700,5.6900,12160219,71235782.0000
2020-05-28,sh.600773,5.7700,6.0500,5.7700,5.9800,5.8700,15031633,89356482.0000
2020-05-29,sh.600773,5.9800,6.0500,5.8900,5.9700,5.9800,9606455,57252707.0000
2020-06-01,sh.600773,6.0200,6.1000,5.9500,6.0600,5.9700,11482800,69286474.0000
2020-06-02,sh.600773,6.0300,6.2500,6.0300,6.1300,6.0600,11652629,71543531.0000
2020-06-03,sh.600773,6.1300,6.1400,6.0100,6.0200,6.1300,8917489,54057417.0000
2020-06-04,sh.600773,6.0400,6.0900,5.9600,6.0300,6.0200,7035419,42335345.0000
2020-06-05,sh.600773,6.0200,6.0300,5.9400,6.0000,6.0300,5829100,34859311.0000
2020-06-08,sh.600773,6.0200,6.0700,5.9500,6.0000,6.0000,6681029,40142051.0000
2020-06-09,sh.600773,6.0000,6.1100,5.9800,6.0200,6.0000,6307148,38043625.0000
2020-06-10,sh.600773,6.0200,6.0300,5.9100,6.0300,6.0200,5275000,31499814.0000
2020-06-11,sh.600773,6.0000,6.1200,5.9800,6.0800,6.0300,6928402,41961657.0000
2020-06-12,sh.600773,5.9700,6.2600,5.9200,6.1600,6.0800,12175936,74355069.0000
2020-06-15,sh.600773,6.1100,6.2000,6.0200,6.0300,6.1600,7479784,45618552.0000
2020-06-16,sh.600773,6.0500,6.1100,6.0000,6.0900,6.0300,7829915,47370842.0000
2020-06-17,sh.600773,6.0700,6.1300,6.0200,6.1000,6.0900,7128006,43358834.0000
2020-06-18,sh.600773,6.0800,6.1600,6.0600,6.1500,6.1000,7380338,45262436.0000
2020-06-19,sh.600773,6.1400,6.1600,6.0700,6.1000,6.1500,7304136,44663759.0000
2020-06-22,sh.600773,6.1000,6.1500,6.0300,6.0500,6.1000,6150501,37449859.0000
2020-06-23,sh.600773,6.0500,6.0600,5.9800,6.0100,6.0500,5601398,33675657.0000
2020-06-24,sh.600773,6.0000,6.0100,5.8600,5.9100,6.0000,5967702,35298755.0000
2020-06-29,sh.600773,5.9100,6.0300,5.8300,5.9000,5.9100,5396145,32056811.0000
2020-06-30,sh.600773,5.9500,5.9700,5.9200,5.9400,5.9000,3234264,19228171.0000
2020-07-01,sh.600773,5.9400,6.0800,5.9100,6.0600,5.9400,8124584,48877079.0000
2020-07-02,sh.600773,6.0700,6.1200,6.0300,6.1100,6.0600,8577061,52225832.0000
2020-07-03,sh.600773,6.1200,6.2200,6.1000,6.1700,6.1100,11742204,72292268.0000
2020-07-06,sh.600773,6.2100,6.4500,6.2100,6.4100,6.1700,17035469,108267101.0000
2020-07-07,sh.600773,6.4700,6.8700,6.3200,6.5600,6.4100,23768358,156410710.0000
2020-07-08,sh.600773,6.5400,6.8300,6.5000,6.7800,6.5600,19385579,128994855.0000
2020-07-09,sh.600773,6.7700,6.8800,6.6500,6.8000,6.7800,16693736,112767567.0000
2020-07-10,sh.600773,6.7900,7.0900,6.7100,6.8000,6.8000,20643803,142462473.0000
2020-07-13,sh.600773,6.7900,7.0300,6.7700,6.9700,6.8000,15387787,106445619.0000
2020-07-14,sh.600773,6.9500,7.0700,6.8300,7.0100,6.9700,15368840,107176049.0000
2020-07-15,sh.600773,6.9800,7.0700,6.7100,6.7100,7.0100,13597995,93043918.0000
2020-07-16,sh.600773,6.7200,6.9000,6.4400,6.4700,6.7100,12189147,81529668.0000
2020-07-17,sh.600773,6.5000,6.6000,6.4000,6.4700,6.4700,9029537,58580640.0000
2020-07-20,sh.600773,6.5000,6.8100,6.5000,6.7900,6.4700,9547490,63614601.0000
2020-07-21,sh.600773,6.7900,6.9500,6.7200,6.8000,6.7900,7428335,50591625.3000
2020-07-22,sh.600773,6.8300,6.9500,6.7700,6.7900,6.8000,11600303,79560004.3900
2020-07-23,sh.600773,6.7600,6.8000,6.5400,6.7200,6.7900,8360727,55764672.2300
2020-07-24,sh.600773,6.6700,6.7500,6.3200,6.3500,6.7200,10443588,67943994.1100
2020-07-27,sh.600773,6.3700,6.4500,6.1900,6.2300,6.3500,10890075,68294177.2500
2020-07-28,sh.600773,6.2400,6.7300,6.2400,6.4400,6.2300,13060201,84763812.4900
2020-07-29,sh.600773,6.3900,6.5600,6.3000,6.5300,6.4400,10601608,68702975.3200
2020-07-30,sh.600773,6.5300,6.8600,6.5100,6.7700,6.5300,17510958,117206233.8100
2020-07-31,sh.600773,6.7600,7.1600,6.7100,7.0500,6.7700,27904713,194032387.0100
2020-08-03,sh.600773,7.0400,7.2000,6.9000,7.0800,7.0500,23112103,163305120.3600
2020-08-04,sh.600773,7.1900,7.5600,7.1000,7.3400,7.0800,31894215,233244670.1400
2020-08-05,sh.600773,7.2400,7.4700,7.0300,7.2000,7.3400,22272285,159966789.1900
2020-08-06,sh.600773,7.2000,7.6000,7.1900,7.2900,7.2000,21888104,160884202.3000
2020-08-07,sh.600773,7.1400,7.3500,7.0500,7.1800,7.2900,19696443,141428394.0600
2020-08-10,sh.600773,7.1500,7.3200,7.1500,7.2300,7.1800,10928806,79087119.4800
2020-08-11,sh.600773,7.1700,7.3600,7.0400,7.0600,7.2300,13716687,98563093.3500
2020-08-12,sh.600773,7.1000,7.1600,6.8900,7.1400,7.0600,11919842,83794027.4700
2020-08-13,sh.600773,7.1400,7.2200,7.0200,7.0700,7.1400,6962174,49463783.7300
2020-08-14,sh.600773,7.0700,7.6000,6.9100,7.3500,7.0700,17520456,126581571.8000
2020-08-17,sh.600773,7.2400,7.4000,7.2400,7.3100,7.3500,15735325,115079171.3300
2020-08-18,sh.600773,7.3400,8.0000,7.2800,7.8100,7.3100,33320905,256938658.3900
2020-08-19,sh.600773,7.8100,8.0300,7.5900,7.7200,7.8100,33878565,265369826.3500
2020-08-20,sh.600773,7.7000,7.8600,7.4700,7.5000,7.7200,19403184,148539208.3700
2020-08-21,sh.600773,7.5800,7.6000,7.3000,7.4600,7.5000,15373223,114526582.5500
2020-08-24,sh.600773,7.4000,7.8100,7.4000,7.5100,7.4600,18488469,140114556.7900
2020-08-25,sh.600773,7.4500,7.6800,7.3000,7.3900,7.5100,16427761,122590529.1600
2020-08-26,sh.600773,7.4900,7.5500,7.1800,7.5000,7.3900,20211008,149434735.1100
2020-08-27,sh.600773,7.4000,7.6500,7.3700,7.6000,7.5000,18920189,142532203.1400
2020-08-28,sh.600773,7.5600,7.6700,7.2400,7.3100,7.6000,27160478,201030036.6300
2020-08-31,sh.600773,7.3100,7.8500,7.0100,7.1000,7.3100,61680057,456775928.0000
2020-09-01,sh.600773,6.8900,6.8900,6.4300,6.6600,7.1000,31361468,208566362.6600
2020-09-02,sh.600773,6.6600,6.6600,6.4800,6.6000,6.6600,15482945,101519057.7500
2020-09-03,sh.600773,6.6000,6.6300,6.4300,6.4800,6.6000,11411602,74186223.8400
2020-09-04,sh.600773,6.4000,6.4600,6.2800,6.3700,6.4800,10066625,64247775.5000
2020-09-07,sh.600773,6.4100,6.4800,6.2300,6.2500,6.3700,11264274,71778931.2400
2020-09-08,sh.600773,6.2500,6.3100,6.1500,6.3000,6.2500,10745750,67016600.2000
2020-09-09,sh.600773,6.2300,6.4300,6.2000,6.2600,6.3000,11731689,74047543.8500
2020-09-10,sh.600773,6.3300,6.3800,6.1000,6.1800,6.2600,9498180,59374695.1400
2020-09-11,sh.600773,6.1700,6.2200,6.0600,6.2200,6.1800,6445000,39600349.0000
2020-09-14,sh.600773,6.2300,6.3100,6.2200,6.2800,6.2200,5424891,34043094.3100
2020-09-15,sh.600773,6.3300,6.3300,6.2400,6.2800,6.2800,4836131,30367126.3700
2020-09-16,sh.600773,6.2800,6.2800,6.0900,6.1300,6.2800,6544401,40309946.1300
2020-09-17,sh.600773,6.1300,6.1600,6.0500,6.1100,6.1300,5803746,35388165.6400
2020-09-18,sh.600773,6.1200,6.2600,6.0900,6.2500,6.1100,7065503,43694461.0400
2020-09-21,sh.600773,6.2900,6.3200,6.2300,6.2700,6.2500,6544175,41005262.0900
2020-09-22,sh.600773,6.2200,6.2600,6.1100,6.1300,6.2700,4762869,29447832.6200
2020-09-23,sh.600773,6.1700,6.1700,6.1000,6.1300,6.1300,3508974,21493778.4000
2020-09-24,sh.600773,6.1000,6.1200,5.9800,6.0100,6.1300,5163624,31140678.5200
2020-09-25,sh.600773,6.0400,6.0600,5.8600,5.9000,6.0100,5092081,30273042.2800
2020-09-28,sh.600773,5.9000,5.9500,5.8300,5.8400,5.9000,2883217,16936750.8000
2020-09-29,sh.600773,5.8600,5.9100,5.8200,5.8600,5.8400,2861000,16807240.0000
2020-09-30,sh.600773,5.9000,5.9000,5.7600,5.7900,5.8600,3150410,18356185.6000
2020-10-09,sh.600773,5.8500,6.0300,5.8500,6.0100,5.7900,5778536,34433199.3600
2020-10-12,sh.600773,6.0500,6.1900,6.0300,6.1700,6.0100,7646364,46924859.9200
2020-10-13,sh.600773,6.1800,6.1800,6.1200,6.1600,6.1700,4023102,24737741.2600
2020-10-14,sh.600773,6.1400,6.1600,6.0000,6.0100,6.1600,3956800,23971688.0000
2020-10-15,sh.600773,6.0100,6.0500,5.9600,5.9600,6.0100,3515976,21108125.0000
2020-10-16,sh.600773,5.9800,6.0000,5.9100,5.9400,5.9600,2991866,17774558.0700
2020-10-19,sh.600773,5.9700,6.0300,5.9300,5.9300,5.9400,3053528,18234573.3200
2020-10-20,sh.600773,5.9300,5.9900,5.8800,5.9800,5.9300,2883082,17102060.1600
2020-10-21,sh.600773,5.9800,5.9800,5.8500,5.8900,5.9800,2909801,17165989.9000
2020-10-22,sh.600773,5.9000,5.9400,5.8300,5.9000,5.8900,2467100,14539854.0000
2020-10-23,sh.600773,5.9100,5.9500,5.8100,5.8100,5.9000,2718507,15946096.3900
2020-10-26,sh.600773,5.8300,5.8400,5.7100,5.7400,5.8100,2963500,17070194.0000
2020-10-27,sh.600773,5.7100,5.7900,5.6800,5.7300,5.7400,2822900,16161274.0000
2020-10-28,sh.600773,5.7800,5.7800,5.6000,5.6900,5.7300,3644682,20661874.0100
2020-10-29,sh.600773,5.6000,5.6900,5.5600,5.6400,5.6900,2915601,16396221.6200
2020-10-30,sh.600773,5.6300,5.7200,5.4800,5.5100,5.6400,4780301,26636610.2400
2020-11-02,sh.600773,5.4900,5.5300,5.4400,5.4800,5.5100,3356810,18393055.8000
2020-11-03,sh.600773,5.4800,5.8600,5.4800,5.8200,5.4800,8318392,47872031.1000
2020-11-04,sh.600773,5.7800,5.8200,5.6700,5.6800,5.8200,5057819,28995073.9200
2020-11-05,sh.600773,5.7400,5.9000,5.7100,5.8700,5.6800,6210843,36108892.4500
2020-11-06,sh.600773,5.8700,6.0500,5.8300,5.9100,5.8700,8113855,48184689.4800
2020-11-09,sh.600773,5.9400,6.0900,5.8900,6.0500,5.9100,8229553,49251110.1600
2020-11-10,sh.600773,6.0500,6.1700,6.0300,6.0400,6.0500,9314495,56716022.4900
2020-11-11,sh.600773,6.0600,6.1800,5.9900,6.0500,6.0400,7084721,43229661.7300
2020-11-12,sh.600773,6.0500,6.1300,5.9700,6.0900,6.0500,6078631,36798020.9600
2020-11-13,sh.600773,6.0400,6.2000,6.0400,6.1200,6.0900,7188508,43945400.8200
2020-11-16,sh.600773,6.1600,6.3000,6.1100,6.2800,6.1200,9354601,58148371.4300
2020-11-17,sh.600773,6.2500,6.3000,6.1000,6.1200,6.2800,7404047,45893236.0300
2020-11-18,sh.600773,6.1600,6.2400,6.1000,6.1800,6.1200,5587701,34547379.1600
2020-11-19,sh.600773,6.1700,6.3500,6.1600,6.1900,6.1800,8039373,50349031.1200
2020-11-20,sh.600773,6.2000,6.2900,6.1400,6.2700,6.1900,6123910,38072501.0000
2020-11-23,sh.600773,6.2500,6.3700,6.2400,6.3200,6.2700,8360260,52799698.9600
2020-11-24,sh.600773,6.3300,6.7000,6.3100,6.5900,6.3200,18849000,122584246.1100
2020-11-25,sh.600773,6.6000,6.7100,6.3500,6.3500,6.5900,15734665,103027200.5500
2020-11-26,sh.600773,6.3600,6.3900,6.1800,6.2000,6.3500,9054001,56653791.2500
2020-11-27,sh.600773,6.2200,6.2500,6.0600,6.1600,6.2000,6948105,42656614.4900
2020-11-30,sh.600773,6.1800,6.3400,6.1300,6.2100,6.1600,7207045,45062220.9400
2020-12-01,sh.600773,6.1700,6.2700,6.1000,6.1800,6.2100,5436447,33521399.1000
2020-12-02,sh.600773,6.2000,6.2300,6.1700,6.2000,6.1800,4421851,27415913.5200
2020-12-03,sh.600773,6.2000,6.2100,6.1200,6.1500,6.2000,4379100,26927170.0000
2020-12-04,sh.600773,6.1300,6.2000,6.0800,6.1700,6.1500,3918312,24083963.8900
2020-12-07,sh.600773,6.1700,6.4100,6.1400,6.3000,6.1700,10703150,67330610.9000
2020-12-08,sh.600773,6.2900,6.4600,6.2400,6.4600,6.3000,9626933,61130710.1800
2020-12-09,sh.600773,6.4700,6.6500,6.2500,6.2600,6.4600,11870172,76208881.1200
2020-12-10,sh.600773,6.1900,6.3200,6.1600,6.2100,6.2600,6616825,41266151.5400
2020-12-11,sh.600773,6.1700,6.2400,5.9100,5.9600,6.2100,8627203,52096997.8200
2020-12-14,sh.600773,5.9700,6.5600,5.9500,6.5600,5.9600,15210413,97226926.4900
2020-12-15,sh.600773,6.7000,6.8300,6.5100,6.5700,6.5600,25964856,172715437.7200
2020-12-16,sh.600773,6.6700,6.6700,6.4000,6.5600,6.5700,16443701,107091822.4900
2020-12-17,sh.600773,6.5200,6.7600,6.4600,6.6700,6.5600,20627028,136687883.5500
2020-12-18,sh.600773,6.6400,6.8900,6.6000,6.7700,6.6700,23736202,159993283.1300
2020-12-21,sh.600773,6.7800,6.9700,6.6000,6.8500,6.7700,22358755,151634027.7500
2020-12-22,sh.600773,6.8000,7.1600,6.6600,6.7200,6.8500,29113435,200448515.5000
2020-12-23,sh.600773,6.7900,7.0500,6.7000,6.8100,6.7200,21450318,147387984.9800
2020-12-24,sh.600773,6.7700,6.8700,6.4700,6.5500,6.8100,18320354,121549861.1300
2020-12-25,sh.600773,6.5400,7.2100,6.5200,7.1200,6.5500,38456459,269565288.7100
2020-12-28,sh.600773,7.0300,7.0700,6.7700,6.8800,7.1200,27893894,192189249.9700
2020-12-29,sh.600773,6.8700,7.0500,6.4600,6.5100,6.8800,21649845,145109727.7900
2020-12-30,sh.600773,6.5200,7.1600,6.5200,7.1600,6.5100,44015594,311466163.4100
2020-12-31,sh.600773,7.0300,7.2700,6.9300,6.9800,7.1600,43705984,309465378.5100
2021-01-04,sh.600773,6.9600,7.2500,6.9000,7.1100,6.9800,29457001,209547670.7900
2021-01-05,sh.600773,7.1800,7.5200,7.1100,7.3300,7.1100,32812059,241069380.3100
2021-01-06,sh.600773,7.4000,7.4500,7.0200,7.0800,7.3300,23765665,170093961.2100
2021-01-07,sh.600773,7.0300,7.4200,7.0000,7.1300,7.0800,27740072,199775691.9900
2021-01-08,sh.600773,7.3000,7.3700,6.8500,7.1700,7.1300,26076022,186213830.7800
2021-01-11,sh.600773,7.1500,7.8900,7.0400,7.3500,7.1700,47844146,361425912.6000
2021-01-12,sh.600773,7.2500,7.8000,7.1100,7.6300,7.3500,38481349,287017278.0800
2021-01-13,sh.600773,7.5800,8.2500,7.5500,8.1400,7.6300,50847713,405332588.7100
2021-01-14,sh.600773,7.9700,8.1100,7.6800,7.8700,8.1400,32268584,254170317.2200
2021-01-15,sh.600773,7.8200,8.6000,7.7800,8.3700,7.8700,42579959,345866227.7600
2021-01-18,sh.600773,8.3000,9.1900,8.2300,9.0400,8.3700,47134311,417526046.7200
2021-01-19,sh.600773,8.8000,9.9400,8.7100,9.4900,9.0400,88212930,844332782.0000
2021-01-20,sh.600773,9.2500,9.6400,8.9300,9.4700,9.4900,59827694,556774493.5600
2021-01-21,sh.600773,9.3000,9.6800,9.0400,9.1000,9.4700,49812407,461805355.0300
2021-01-22,sh.600773,8.9300,9.0000,8.5300,8.7500,9.1000,48305840,422957382.7900
2021-01-25,sh.600773,8.7500,9.4400,8.6100,9.1900,8.7500,60275735,542881629.0700
2021-01-26,sh.600773,9.0700,9.8000,9.0200,9.6600,9.1900,60302871,568040249.0500
2021-01-27,sh.600773,9.6600,9.8000,8.6900,9.1200,9.6600,46903533,430206266.7400
2021-01-28,sh.600773,8.9400,9.4800,8.7600,9.0000,9.1200,34010873,310178581.9200
2021-01-29,sh.600773,9.0200,9.1300,8.1000,8.1000,9.0000,42923598,362682943.0500
2021-02-01,sh.600773,7.9500,8.2900,7.7700,8.0200,8.1000,25912392,207993640.9400
2021-02-02,sh.600773,8.0800,8.1400,7.8300,8.0100,8.0200,22181168,177139117.1700
2021-02-03,sh.600773,8.0100,8.1900,7.6500,7.7100,8.0100,24686083,195453527.0200
2021-02-04,sh.600773,7.7500,8.4800,7.3900,8.4800,7.7100,41404204,329356448.9800
2021-02-05,sh.600773,8.3800,8.4400,7.7000,7.7500,8.4800,37594336,304655085.0300
2021-02-08,sh.600773,7.7400,8.2600,7.6100,8.0500,7.7500,22400629,178524340.4200
2021-02-09,sh.600773,8.0500,8.8600,8.0000,8.6800,8.0500,31232472,266189291.7100
2021-02-10,sh.600773,8.6800,8.9200,8.5300,8.7000,8.6800,24669825,214707570.6400
2021-02-18,sh.600773,8.8900,9.2500,8.7100,8.8700,8.7000,28028200,251061819.0800
2021-02-19,sh.600773,8.7800,8.8800,8.3500,8.7400,8.8700,23673777,203966194.5400
2021-02-22,sh.600773,8.7000,9.2000,8.7000,8.8400,8.7400,31606300,284214846.1500
2021-02-23,sh.600773,8.7200,8.8600,8.4800,8.5200,8.8400,19123372,165329407.4800
2021-02-24,sh.600773,8.5400,8.8000,8.4100,8.6300,8.5200,18397489,158750699.2500
2021-02-25,sh.600773,8.6600,9.1100,8.6000,8.6200,8.6300,21872321,192912925.4800
2021-02-26,sh.600773,8.2200,8.4200,8.1400,8.2500,8.6200,18597326,153481380.5300
2021-03-01,sh.600773,8.2700,9.0800,8.2700,9.0800,8.2500,35869475,322037370.1000
2021-03-02,sh.600773,9.0900,9.4800,9.0600,9.1000,9.0800,41314217,382390412.9800
2021-03-03,sh.600773,9.1800,9.2700,8.9000,9.1900,9.1000,28432989,258050883.8500
2021-03-04,sh.600773,9.1000,9.2300,8.8800,9.0800,9.1900,22498827,202658802.4300
2021-03-05,sh.600773,8.9200,9.0500,8.6000,8.7100,9.0800,20574093,180169967.8400
2021-03-08,sh.600773,8.8800,8.9700,8.3500,8.3700,8.7100,18647556,160734671.7200
2021-03-09,sh.600773,8.3700,8.5600,7.9000,8.2400,8.3700,15537999,128206058.7400
2021-03-10,sh.600773,8.4300,8.6700,8.2700,8.4200,8.2400,14960258,126464127.1500
2021-03-11,sh.600773,8.4200,9.2600,8.3400,9.2600,8.4200,39790146,363271458.0500
2021-03-12,sh.600773,9.2600,9.4000,9.1000,9.1700,9.2600,35730077,330288186.4800
2021-03-15,sh.600773,9.1300,9.3700,9.1100,9.2000,9.1700,20608713,189909293.6600
2021-03-16,sh.600773,9.1900,9.7000,9.1600,9.3200,9.2000,22772030,213886316.9100
2021-03-17,sh.600773,9.4000,10.2500,9.3000,10.2500,9.3200,21146743,209429193.1000
2021-03-18,sh.600773,10.9000,11.2800,10.7000,11.2800,10.2500,28326011,315666584.7300
2021-03-19,sh.600773,11.4100,12.1000,10.9600,11.4200,11.2800,83221989,957215574.6100
2021-03-22,sh.600773,11.1500,12.2900,11.0800,11.6700,11.4200,62294356,725932944.4700
2021-03-23,sh.600773,11.6800,12.2600,11.2700,11.4700,11.6700,47631806,556018750.6300
2021-03-24,sh.600773,10.9000,10.9900,10.3200,10.3200,11.4700,45336780,476094026.6200
2021-03-25,sh.600773,9.9500,10.0700,9.5500,9.6700,10.3200,48162566,470212388.3100
2021-03-26,sh.600773,9.7000,9.9200,9.4700,9.6600,9.6700,39895502,387396668.8900
2021-03-29,sh.600773,9.6000,10.1800,9.5800,9.6500,9.6600,33589386,330266912.7500
2021-03-30,sh.600773,9.6100,9.8900,9.2500,9.6900,9.6500,40023181,383229224.1800
2021-03-31,sh.600773,9.5400,9.7900,9.4700,9.6000,9.6900,25754025,247655986.3700
2021-04-01,sh.600773,9.6300,10.0500,9.5500,9.6100,9.6000,23841471,232191477.0600
2021-04-02,sh.600773,9.5300,9.7600,9.3700,9.6100,9.6100,20327877,194883610.7600
2021-04-06,sh.600773,9.7900,10.3200,9.5800,10.0800,9.6100,34801322,348724244.6500
2021-04-07,sh.600773,10.1000,10.7700,9.9100,10.5800,10.0800,40994014,425189984.8300
2021-04-08,sh.600773,11.0000,11.0000,9.5300,9.7300,10.5800,51078374,519687678.9500
2021-04-09,sh.600773,9.6900,10.0400,9.6300,9.7300,9.7300,17214793,168598122.5900
2021-04-12,sh.600773,9.7200,9.7900,9.2000,9.2000,9.7300,26357531,247386512.5800
2021-04-13,sh.600773,9.1900,9.4700,9.1000,9.1800,9.2000,16759535,155380526.6400
2021-04-14,sh.600773,9.1700,9.7900,9.1200,9.7500,9.1800,31266872,295337844.9100
2021-04-15,sh.600773,9.5900,9.7900,9.3500,9.5200,9.7500,22989057,220360966.5400
2021-04-16,sh.600773,9.5400,9.6500,9.3400,9.4200,9.5200,13373411,126475100.2900
2021-04-19,sh.600773,9.4400,9.9800,9.2600,9.7500,9.4200,31029870,300373344.9600
2021-04-20,sh.600773,9.6900,9.7700,9.4200,9.4700,9.7500,21498215,206162851.8200
2021-04-21,sh.600773,9.3800,9.8400,9.3400,9.6000,9.4700,19894733,191428810.3100
2021-04-22,sh.600773,9.6600,9.9800,9.5400,9.5700,9.6000,27759407,270996228.0200
2021-04-23,sh.600773,9.5300,9.8600,9.3600,9.5900,9.5700,24541445,236633611.4000
2021-04-26,sh.600773,9.5300,9.8600,9.4700,9.6500,9.5900,20255232,196235087.8500
2021-04-27,sh.600773,9.6500,9.8000,9.4300,9.4900,9.6500,19983030,191781928.7800
2021-04-28,sh.600773,9.4500,9.8400,9.3500,9.6600,9.4900,23062404,222777907.1500
2021-04-29,sh.600773,9.6200,9.6900,9.2900,9.4200,9.6600,25612482,243130100.9800
2021-04-30,sh.600773,9.4100,9.6900,9.4000,9.4800,9.4200,15963581,151943321.1800
2021-05-06,sh.600773,9.5900,10.4300,9.5800,10.2400,9.4800,49810992,497882891.5700
2021-05-07,sh.600773,10.2000,10.5500,10.1000,10.2700,10.2400,43600586,450806400.4000
2021-05-10,sh.600773,10.3000,11.0400,10.1800,10.7900,10.2700,47210920,502690552.1000
2021-05-11,sh.600773,10.5000,10.7900,9.8900,10.6300,10.7900,43652054,453021571.9000
2021-05-12,sh.600773,10.5200,11.1100,10.5200,11.0100,10.6300,33915735,368886623.8900
2021-05-13,sh.600773,10.7600,11.2800,10.4400,10.8300,11.0100,40328603,438826301.9600
2021-05-14,sh.600773,10.9100,11.4800,10.5300,11.2800,10.8300,45283895,502119677.8400
2021-05-17,sh.600773,11.3000,11.4900,10.7400,10.8000,11.2800,45860603,508346728.4500
2021-05-18,sh.600773,10.9800,11.8100,10.8000,11.5300,10.8000,47927562,543240061.2200
2021-05-19,sh.600773,11.5300,12.6800,11.5100,12.6800,11.5300,56476654,700312737.2500
2021-05-20,sh.600773,13.0200,13.6800,12.4700,12.6100,12.6800,90635337,1170133134.4300
2021-05-21,sh.600773,12.5500,13.6800,12.1500,13.5500,12.6100,85311837,1102720369.7300
2021-05-24,sh.600773,13.1900,13.2700,12.3100,12.4400,13.5500,65458096,834906794.6400
2021-05-25,sh.600773,12.3800,12.9800,12.0500,12.6900,12.4400,56671547,712435065.5200
2021-05-26,sh.600773,12.4400,13.7400,12.4300,13.1700,12.6900,59421076,784738522.8100
2021-05-27,sh.600773,13.1000,14.4000,12.8700,14.2500,13.1700,70738070,977675702.1500
2021-05-28,sh.600773,14.2000,15.1700,14.0500,14.6900,14.2500,66247554,970074117.8000
2021-05-31,sh.600773,14.7200,15.0000,14.3100,14.6200,14.6900,55140855,808846518.9000
2021-06-01,sh.600773,14.5300,14.7700,13.6600,14.3400,14.6200,54557342,772053586.7800
2021-06-02,sh.600773,14.1800,14.2700,12.9100,12.9100,14.3400,58932227,789369737.8600
2021-06-03,sh.600773,12.7100,13.1300,12.4700,12.7000,12.9100,35929167,459061833.3400
2021-06-04,sh.600773,12.6500,13.4600,12.5700,13.1400,12.7000,39336368,519171467.6500
2021-06-07,sh.600773,13.0200,13.5500,12.6500,13.0200,13.1400,38722739,503966286.6000
2021-06-08,sh.600773,12.9000,13.2300,12.0000,12.1600,13.0200,45793274,572287618.7100
2021-06-09,sh.600773,12.1600,13.3800,12.0600,13.1100,12.1600,54876354,708516793.0100
2021-06-10,sh.600773,13.6500,14.4200,13.2100,14.4200,13.1100,65547993,931422651.2500
2021-06-11,sh.600773,13.9900,14.2800,13.3300,14.0400,14.4100,76705396,1061986438.0100
2021-06-15,sh.600773,13.6700,14.7200,13.6700,13.7800,14.0400,47565836,672135570.7500
2021-06-16,sh.600773,13.7900,13.9900,12.7100,13.0200,13.7800,41239479,548272182.6200
2021-06-17,sh.600773,13.0900,14.3200,13.0000,14.3100,13.0200,79338615,1113116597.3800
2021-06-18,sh.600773,14.3600,15.6400,14.0800,15.2900,14.3100,80839743,1193964665.4700
2021-06-21,sh.600773,15.2900,15.6300,14.3300,14.7500,15.2900,64351618,964593290.6700
2021-06-22,sh.600773,14.8500,14.9400,14.0900,14.4700,14.7500,46234335,666489165.7400
2021-06-23,sh.600773,14.3900,15.2500,14.3100,14.8800,14.4700,53914649,803311292.9700
2021-06-24,sh.600773,14.6200,14.6800,13.9700,14.0600,14.8800,43062029,612134519.9900
2021-06-25,sh.600773,14.0400,14.2600,13.6900,14.0900,14.0600,26664041,373302553.5400
2021-06-28,sh.600773,13.9700,14.6500,13.8800,14.1200,14.0900,30664485,438513880.7200
2021-06-29,sh.600773,14.0000,14.9000,13.8500,14.5100,14.1200,38995864,561512825.6700
2021-06-30,sh.600773,14.2700,14.3000,14.0000,14.1800,14.5100,27961909,395055909.1500
2021-07-01,sh.600773,14.1200,14.7400,14.1000,14.2900,14.1800,35628864,514561511.6100
2021-07-02,sh.600773,14.0600,14.9800,14.0300,14.5700,14.2900,42754448,625259442.0800
2021-07-05,sh.600773,15.5100,16.0300,15.2100,16.0300,14.5700,68165926,1085107552.1600
2021-07-06,sh.600773,16.4800,17.2000,15.6000,16.1300,16.0300,91837059,1507366758.6700
2021-07-07,sh.600773,15.8800,17.7000,15.7600,17.1000,16.1300,78999414,1350378269.6100
2021-07-08,sh.600773,17.1700,18.8100,17.1700,18.3100,17.1000,93152126,1708644660.5000
2021-07-09,sh.600773,18.0000,19.0500,17.7000,18.7500,18.3100,67088374,1234106557.2400
2021-07-12,sh.600773,18.9900,19.7900,18.2200,19.0100,18.7500,74084399,1416702775.7800
2021-07-13,sh.600773,19.0600,19.8800,18.6000,18.8800,19.0100,61791385,1180691766.6900
2021-07-14,sh.600773,18.6000,19.1500,17.3500,17.6400,18.8800,66404152,1208996208.6100
2021-07-15,sh.600773,17.8600,17.9200,16.5000,17.4500,17.6400,67253400,1157183189.8600
2021-07-16,sh.600773,17.2800,19.0900,17.0300,18.1200,17.4500,71270933,1305380980.9600
2021-07-19,sh.600773,17.9800,19.6600,17.8000,18.2500,18.1200,64170455,1193743588.6100
2021-07-20,sh.600773,18.0000,18.5800,17.6100,18.0400,18.2500,41349302,744194761.5000
2021-07-21,sh.600773,18.4900,19.8400,18.3400,19.8400,18.0400,54571085,1065474158.9300
2021-07-22,sh.600773,21.0000,21.1200,19.8600,20.7300,19.8400,88087061,1807170016.4500
2021-07-23,sh.600773,20.7000,22.3800,20.3000,21.3400,20.7300,70076005,1509118988.6400
2021-07-26,sh.600773,21.0300,23.4700,20.7000,23.4700,21.3400,92006085,2095340131.9600
2021-07-27,sh.600773,22.8000,23.7700,21.1200,21.1200,23.4700,96072224,2161687519.6300
2021-07-28,sh.600773,19.9600,21.5900,19.5600,20.4500,21.1200,65145861,1339428407.7700
2021-07-29,sh.600773,21.5000,22.4900,21.1500,21.8000,20.4500,56550551,1233060939.5300
2021-07-30,sh.600773,22.1700,23.5000,20.8000,23.2100,21.8000,73381568,1631907297.4900
2021-08-02,sh.600773,23.9000,25.1800,21.8900,23.7600,23.2100,79137443,1890747642.9500
2021-08-03,sh.600773,23.0000,23.8000,21.3800,21.3800,23.7600,64169805,1415191156.4300
2021-08-04,sh.600773,21.3200,23.3000,21.0000,22.9300,21.3800,52209789,1166899938.5800
2021-08-05,sh.600773,22.6100,23.2800,21.5500,22.9700,22.9300,51154607,1135815256.1300
2021-08-06,sh.600773,22.9500,24.4200,22.9500,23.1600,22.9700,51674205,1223296404.4400
2021-08-09,sh.600773,22.9100,22.9700,20.9100,22.2600,23.1600,47392758,1031627956.8800
2021-08-10,sh.600773,22.0000,22.2500,20.0300,20.4200,22.2600,61474245,1278030024.6100
2021-08-11,sh.600773,20.0000,21.3500,19.8800,20.5900,20.4200,32431454,672970732.7200
2021-08-12,sh.600773,20.4300,21.2200,19.6300,20.8200,20.5900,47084092,959746112.5300
2021-08-13,sh.600773,20.8900,22.9000,20.5300,22.9000,20.8200,83655666,1883580920.4800
2021-08-16,sh.600773,22.8900,22.8900,20.6200,21.0400,22.9000,76967588,1659774267.2300
2021-08-17,sh.600773,20.6800,22.5500,20.6300,21.2800,21.0400,56121697,1218128532.5500
2021-08-18,sh.600773,21.4000,23.4100,21.0500,23.4100,21.2800,96015030,2210386336.9800
2021-08-19,sh.600773,23.4500,25.7500,23.1900,25.7500,23.4100,85624718,2143042422.6100
2021-08-20,sh.600773,26.1300,28.3300,25.5000,28.3300,25.7500,121575747,3279597129.4900
2021-08-23,sh.600773,28.4000,29.7400,27.5300,28.1100,28.3300,115111587,3299300800.2400
2021-08-24,sh.600773,27.8400,30.9200,27.8400,29.5000,28.1100,110291605,3268791918.8700
2021-08-25,sh.600773,29.0400,32.4500,28.6600,32.1900,29.5000,116573418,3639773609.1000
2021-08-26,sh.600773,31.4300,31.5000,29.5600,29.5800,32.1900,112617426,3407799759.5500
2021-08-27,sh.600773,29.5100,30.9900,28.0000,30.3100,29.5800,92233847,2735330674.8300
2021-08-30,sh.600773,30.5800,33.0100,30.5200,31.2800,30.3100,100432924,3183658833.3700
2021-08-31,sh.600773,31.0500,34.0000,30.3300,33.4800,31.2800,80502561,2604629717.8900
2021-09-01,sh.600773,33.3500,36.6000,30.1400,34.4800,33.4800,102520453,3500126061.4500
2021-09-02,sh.600773,34.2000,36.8300,33.5000,35.1000,34.4800,83291442,2931757147.6500
2021-09-03,sh.600773,33.5500,33.6000,31.5900,31.5900,35.1000,64307725,2075816193.4000
2021-09-06,sh.600773,30.0200,31.3900,28.4300,30.8300,31.5900,70548683,2072933242.9800
2021-09-07,sh.600773,30.2000,31.8900,30.2000,31.0900,30.8300,48779347,1522534498.5700
2021-09-08,sh.600773,31.4900,33.3700,31.3200,32.0000,31.0900,56783459,1828288372.3900
2021-09-09,sh.600773,32.0000,32.7600,30.6600,31.2100,32.0000,46142121,1450901652.6100
2021-09-10,sh.600773,31.0000,33.1500,30.3500,32.8100,31.2100,57373208,1832294469.9400
2021-09-13,sh.600773,33.3900,34.6700,31.7000,33.5200,32.8100,60471306,2004990428.2400
2021-09-14,sh.600773,33.0100,35.7000,30.8600,34.7000,33.5200,79473898,2682360113.6000
2021-09-15,sh.600773,34.7700,37.7000,33.7400,36.7000,34.7000,81132126,2901739589.5100
2021-09-16,sh.600773,36.1000,36.6000,33.0300,33.0300,36.7000,74381068,2550965733.1200
2021-09-17,sh.600773,32.0000,33.1300,29.7300,31.9800,33.0300,63277891,1987082463.5400
2021-09-22,sh.600773,31.4900,32.7500,30.5500,30.6600,31.9800,39481551,1244894070.6000
2021-09-23,sh.600773,31.3800,31.5900,29.7200,30.1200,30.6600,33360543,1015780600.8100
2021-09-24,sh.600773,29.8200,30.5200,28.8200,29.1800,30.1200,35629377,1054456940.9400
2021-09-27,sh.600773,28.9300,29.4900,26.2600,26.8800,29.1800,54770470,1486460292.8500
2021-09-28,sh.600773,26.6000,27.2000,26.1600,26.6300,26.8800,27446051,731352478.5600
2021-09-29,sh.600773,26.4300,26.6300,24.2800,24.7300,26.6300,41048736,1035373797.4400
2021-09-30,sh.600773,24.9500,26.9000,24.9400,26.5100,24.7300,37141742,969605368.3800
2021-10-08,sh.600773,26.8800,27.1700,24.9100,25.2400,26.5100,29496933,761732402.3500
2021-10-11,sh.600773,25.4100,25.7000,23.5800,24.5000,25.2400,26636047,651912746.1100
2021-10-12,sh.600773,24.7500,24.9300,22.0500,22.0600,24.5000,48686412,1110905636.8700
2021-10-13,sh.600773,22.1800,23.0900,21.7200,22.7500,22.0600,35474084,797078303.4600
2021-10-14,sh.600773,22.3000,23.1500,21.9100,22.6500,22.7500,27611723,621412238.8100
2021-10-15,sh.600773,22.6400,23.1500,21.8000,22.5200,22.6500,31029143,699589118.2400
2021-10-18,sh.600773,22.3600,23.4500,22.0000,23.1800,22.5200,40209638,913549642.4900
2021-10-19,sh.600773,22.9600,23.3000,22.6200,22.9000,23.1800,28889313,662828802.0100
2021-10-20,sh.600773,22.7300,24.5500,22.6600,23.5700,22.9000,52354692,1250428424.0700
2021-10-21,sh.600773,23.3600,23.9800,23.2100,23.6500,23.5700,33661057,794354555.2900
2021-10-22,sh.600773,24.0500,24.4500,22.9100,23.6600,23.6500,46320296,1097055357.3000
2021-10-25,sh.600773,23.1600,24.3000,23.0000,24.0500,23.6600,35913473,854337906.8400
2021-10-26,sh.600773,24.5000,26.4600,24.1000,25.7000,24.0500,78028780,2022988366.3100
2021-10-27,sh.600773,25.0500,25.5100,24.3000,24.4200,25.7000,54050409,1345415062.4100
2021-10-28,sh.600773,24.1100,24.3600,21.9800,21.9800,24.4200,47451233,1078773646.9800
2021-10-29,sh.600773,21.5000,22.5800,21.1100,22.0200,21.9800,38593253,846551997.5700
2021-11-01,sh.600773,21.9100,22.3000,21.1300,21.4300,22.0200,28496757,617542614.7000
2021-11-02,sh.600773,21.5900,22.1900,20.0200,20.5500,21.4300,41832339,879240585.4000
2021-11-03,sh.600773,20.7800,20.9500,19.8600,20.7400,20.5500,26461150,540882572.3600
2021-11-04,sh.600773,20.6000,20.9000,20.2900,20.4000,20.7400,22772594,467381088.5600
2021-11-05,sh.600773,20.5100,22.3000,20.2000,20.2500,20.4000,46383118,977961660.0800
2021-11-08,sh.600773,19.5800,21.7000,19.5200,21.4400,20.2500,46873448,986008750.1900
2021-11-09,sh.600773,21.4000,22.3000,21.2000,21.6900,21.4400,36826952,796318336.0900
2021-11-10,sh.600773,21.4200,21.4900,20.1000,20.6400,21.6900,30976542,642285420.9100
2021-11-11,sh.600773,20.5700,20.8000,20.3500,20.4100,20.6400,17845800,366250064.0000
2021-11-12,sh.600773,20.4100,20.8500,20.1100,20.2300,20.4100,21051433,429565565.2600
2021-11-15,sh.600773,20.2300,20.5500,19.7900,20.2000,20.2300,21473122,432270619.3200
2021-11-16,sh.600773,20.1800,20.6100,19.9700,20.0500,20.2000,20745670,419764542.7000
2021-11-17,sh.600773,20.4400,21.5000,20.4100,21.3000,20.0500,46163869,972499870.7000
2021-11-18,sh.600773,21.1700,23.4300,21.1400,23.1600,21.3000,74867075,1696165106.2000
2021-11-19,sh.600773,22.9500,24.4000,22.6000,23.3000,23.1600,64228115,1508997239.6900
2021-11-22,sh.600773,23.1200,25.6300,23.0200,25.6300,23.3000,73232438,1831814367.6800
2021-11-23,sh.600773,25.3100,26.3800,25.1000,25.3600,25.6300,59857570,1537550208.6600
2021-11-24,sh.600773,25.0500,25.7900,24.9200,25.3800,25.3600,34705380,881384629.0400
2021-11-25,sh.600773,25.7000,27.9200,25.4000,27.9200,25.3800,75755577,2079564060.7400
2021-11-26,sh.600773,27.5000,30.6100,27.4500,29.8900,27.9200,76543235,2244063938.8600
2021-11-29,sh.600773,29.0900,30.7500,28.8000,30.1100,29.8900,62805726,1878723470.5500
2021-11-30,sh.600773,30.1100,30.3500,28.7000,29.1400,30.1100,46165350,1354002421.8400
2021-12-01,sh.600773,29.1700,29.5700,28.3500,28.8400,29.1400,40529493,1174180641.8200
2021-12-02,sh.600773,28.4900,29.0300,28.0500,28.4700,28.8400,34106170,968375458.8300
2021-12-03,sh.600773,28.3900,28.7800,27.3800,28.4700,28.4700,36500436,1030708717.2900
2021-12-06,sh.600773,28.0900,28.6500,27.1000,27.1200,28.4700,38261966,1058318433.5600
2021-12-07,sh.600773,27.4400,27.5600,25.5600,26.3700,27.1200,42092703,1108152433.7000
2021-12-08,sh.600773,26.6400,27.4000,26.2200,26.7100,26.3700,35065419,941635195.5100
2021-12-09,sh.600773,26.7500,26.9300,26.1400,26.1800,26.7100,25805448,682551326.6200
2021-12-10,sh.600773,25.7800,28.5000,25.5100,27.6000,26.1800,54157413,1487130495.3600
2021-12-13,sh.600773,27.3700,28.2500,27.0200,27.4800,27.6000,39428109,1089797842.5200
2021-12-14,sh.600773,27.1500,28.8100,27.0000,27.9900,27.4800,43014112,1199867380.5600
2021-12-15,sh.600773,27.7000,27.9800,25.9200,26.0100,27.9900,49079162,1300735219.6100
2021-12-16,sh.600773,25.9900,26.3500,25.6800,26.1500,26.0100,21475554,558536851.9700
2021-12-17,sh.600773,25.9000,26.3300,25.3500,25.8100,26.1500,21754083,561531094.1400
2021-12-20,sh.600773,25.7800,27.8700,25.7000,26.6900,25.8100,34298479,922312045.3300
2021-12-21,sh.600773,26.7700,27.3200,25.8000,26.2100,26.6900,25196388,662204544.9500
2021-12-22,sh.600773,27.5000,28.6000,26.8100,27.1000,26.2100,50909719,1405500670.2300
2021-12-23,sh.600773,26.7000,26.9000,25.1000,25.5500,27.1000,38278718,986839077.5700
2021-12-24,sh.600773,25.3000,25.4500,23.0000,23.0200,25.5500,43812540,1048065927.7000
2021-12-27,sh.600773,22.6200,23.7000,22.4800,23.2100,23.0200,24212503,562384925.6900
2021-12-28,sh.600773,23.1000,25.5300,23.1000,25.5300,23.2100,50548572,1249897512.1600
2021-12-29,sh.600773,25.5500,27.6600,25.5000,26.9500,25.5300,59456231,1588532392.9200
2021-12-30,sh.600773,27.3300,27.5000,26.4700,26.8000,26.9500,41311557,1111900533.1900
2021-12-31,sh.600773,26.9000,29.1500,26.8200,28.2600,26.8000,49523145,1395946837.3400
2022-01-04,sh.600773,28.4000,28.5300,25.5800,25.9600,28.2600,46704149,1233480572.2600
2022-01-05,sh.600773,25.7800,26.0900,23.7000,24.2300,25.9600,38205070,945149365.6400
2022-01-06,sh.600773,24.0900,26.6500,24.0900,26.6500,24.2300,40892728,1047728035.3700
2022-01-07,sh.600773,27.3000,27.5000,24.7800,25.3400,26.6500,45998686,1182539396.6700
2022-01-10,sh.600773,25.4100,27.8700,25.0300,27.6700,25.3400,79978998,2184547535.0600
2022-01-11,sh.600773,27.4000,29.2800,27.3800,27.9000,27.6700,71536094,2013852613.2300
2022-01-12,sh.600773,28.5500,28.9800,26.2700,26.8900,27.9000,57583816,1565871306.3200
2022-01-13,sh.600773,26.8800,27.0100,25.4100,25.4100,26.8900,40600104,1049619025.9400
2022-01-14,sh.600773,25.4100,26.1800,25.2500,25.9200,25.4100,29340117,756060714.6200
2022-01-17,sh.600773,25.8000,27.7200,24.8800,26.5700,25.9200,43009912,1133329044.3100
2022-01-18,sh.600773,26.2000,27.1300,25.6500,26.3800,26.5700,32371122,859279038.9700
2022-01-19,sh.600773,26.3800,26.3800,24.1700,24.5600,26.3800,41488142,1028150432.0700
2022-01-20,sh.600773,24.4000,24.4700,23.0000,23.3900,24.5600,30291969,716150823.0700
2022-01-21,sh.600773,23.1800,24.7800,22.8800,23.8500,23.3900,28271359,678504483.1200
2022-01-24,sh.600773,23.0100,25.6600,22.9800,24.9200,23.8500,40901348,1009590532.0600
2022-01-25,sh.600773,25.0500,25.1000,23.8000,23.8100,24.9200,29511824,719305114.2900
2022-01-26,sh.600773,23.8100,24.1900,22.7300,23.3400,23.8100,26716304,620414721.0100
2022-01-27,sh.600773,23.4100,23.7000,22.0100,22.1000,23.3400,28585616,646247053.8900
2022-01-28,sh.600773,22.1200,22.4100,20.7600,21.0200,22.1000,26204150,559115239.7100
2022-02-07,sh.600773,21.6000,22.0900,21.1400,21.4900,21.0200,19716005,425211072.6300
2022-02-08,sh.600773,21.4800,21.4800,20.4400,21.1800,21.4900,18464518,385953558.9200
2022-02-09,sh.600773,21.1400,22.6000,20.9100,21.9900,21.1800,29601479,646233546.5300
2022-02-10,sh.600773,21.9100,22.7300,21.4800,22.1800,21.9900,23243607,512525131.0200
2022-02-11,sh.600773,21.8500,23.1100,21.5200,22.3200,22.1800,32478434,730540694.6400
2022-02-14,sh.600773,22.0100,22.9200,21.7200,22.1500,22.3200,20836378,467238230.8500
2022-02-15,sh.600773,22.1100,22.3800,21.2200,22.1900,22.1500,19741926,433249946.9300
2022-02-16,sh.600773,22.2900,22.8200,22.0500,22.2000,22.1900,19799054,443780670.8900
2022-02-17,sh.600773,22.0000,23.9800,21.8200,23.3100,22.2000,45836905,1060491723.2400
2022-02-18,sh.600773,22.8400,23.2600,22.6500,22.9000,23.3100,26484353,607019156.7400
2022-02-21,sh.600773,22.9000,23.3300,22.3100,23.0800,22.9000,26977837,616996963.9800
2022-02-22,sh.600773,23.5200,24.5800,23.3800,24.2100,23.0800,50134476,1204882987.1800
2022-02-23,sh.600773,23.8500,24.4600,23.4700,24.3000,24.2100,37462763,899080159.7300
2022-02-24,sh.600773,23.9000,24.1600,22.3400,22.8900,24.3000,38422015,895076448.0500
2022-02-25,sh.600773,23.2500,24.0900,23.1100,23.3200,22.8900,26684734,627591078.7000
2022-02-28,sh.600773,23.0300,24.4800,23.0300,24.1000,23.3200,37621775,898474672.0000
2022-03-01,sh.600773,24.3000,24.4500,23.0000,23.4400,24.1000,33031811,778198288.0000
2022-03-02,sh.600773,23.1100,23.8900,23.0200,23.6200,23.4400,22930121,539895520.0000
2022-03-03,sh.600773,23.7000,24.3600,23.2100,23.5800,23.6200,27734676,661852704.0000
2022-03-04,sh.600773,23.2900,23.9100,23.1000,23.1900,23.5800,22841692,536017120.0000
2022-03-07,sh.600773,23.1500,23.5100,22.5800,22.8100,23.1900,19046486,438779968.0000
2022-03-08,sh.600773,22.8000,23.0400,21.2000,21.5000,22.8100,22273935,488439888.0000
2022-03-09,sh.600773,21.5000,21.7300,20.0000,21.1400,21.5000,18583436,389507328.0000
2022-03-10,sh.600773,21.8000,22.0700,21.2700,21.8200,21.1400,18379152,399391520.0000
2022-03-11,sh.600773,21.4000,21.6900,20.8800,21.5900,21.8200,16984924,362317792.0000
2022-03-14,sh.600773,21.1300,21.7500,21.0000,21.0400,21.5900,16159300,343519232.0000
2022-03-15,sh.600773,20.7900,21.1800,19.9000,19.9200,21.0400,18694081,383844784.0000
2022-03-16,sh.600773,20.2800,20.7500,19.5000,20.6000,19.9200,23184694,468404176.0000
2022-03-17,sh.600773,20.9100,21.4000,20.7400,20.8000,20.6000,21063542,444052592.0000
2022-03-18,sh.600773,20.7000,21.0600,20.4200,21.0200,20.8000,14481164,302075411.8400
2022-03-21,sh.600773,20.8200,21.4900,20.6600,21.0300,21.0200,19100985,401790900.3400
2022-03-22,sh.600773,20.9100,21.9400,20.7500,21.3000,21.0300,22165069,472919230.7200
2022-03-23,sh.600773,21.2000,21.3900,20.8200,20.9700,21.3000,14764247,311432750.2300
2022-03-24,sh.600773,20.9700,21.1600,20.2800,20.7400,20.9700,17453753,360321118.9700
2022-03-25,sh.600773,20.8500,21.1000,20.3000,20.4900,20.7400,13334891,275223331.2700
2022-03-28,sh.600773,20.0300,20.3500,19.5300,20.0000,20.4900,14258335,284456000.9700
2022-03-29,sh.600773,20.1700,20.2900,19.5700,19.6800,20.0000,13006124,258764163.5600
2022-03-30,sh.600773,19.8400,20.4500,19.6600,20.2400,19.6800,18028170,364000623.1900
2022-03-31,sh.600773,20.3000,20.3800,18.9700,19.2400,20.2400,25525709,499313887.6500
2022-04-01,sh.600773,19.0500,19.4600,18.8900,19.2900,19.2400,13102506,251443845.4700
2022-04-06,sh.600773,19.2800,19.2800,18.4900,18.8800,19.2900,19861262,374119899.5900
2022-04-07,sh.600773,18.6900,19.0000,18.3000,18.3900,18.8800,17625305,328341269.6400
2022-04-08,sh.600773,18.4500,18.5200,17.5200,17.9000,18.3900,22366468,401177089.2900
2022-04-11,sh.600773,17.7700,17.7800,16.4000,16.4800,17.9000,27442556,463456395.2600
2022-04-12,sh.600773,16.4100,16.9300,16.4000,16.8300,16.4800,18807127,313945239.4400
2022-04-13,sh.600773,16.7800,17.1200,16.4300,16.6300,16.8300,16934898,284105510.9900
2022-04-14,sh.600773,16.7500,17.1400,16.6400,16.9500,16.6300,17472310,295708815.0300
2022-04-15,sh.600773,16.8000,16.8500,16.4000,16.5200,16.9500,12706129,211225152.0600
2022-04-18,sh.600773,16.4700,16.7400,16.0600,16.6100,16.5200,9131811,150239273.0000
2022-04-19,sh.600773,16.6700,17.1000,16.4800,16.9500,16.6100,15530952,260857906.6600
2022-04-20,sh.600773,16.7600,17.0000,16.1600,16.2200,16.9500,14033797,232372489.7100
2022-04-21,sh.600773,16.2500,16.4500,15.0500,15.1600,16.2200,18948208,295441213.7100
2022-04-22,sh.600773,15.0000,15.2000,14.5900,14.6100,15.1600,18008296,266988445.9000
2022-04-25,sh.600773,14.1600,14.2700,13.1500,13.1500,14.6100,23533046,321091478.5800
2022-04-26,sh.600773,13.0300,13.1500,12.2400,12.3300,13.1500,23869826,303183744.5200
2022-04-27,sh.600773,11.9600,13.5500,11.9300,13.5200,12.3300,28288347,362853675.5400
2022-04-28,sh.600773,13.3400,14.2000,13.3400,13.5800,13.5200,27406908,376198722.3000
2022-04-29,sh.600773,13.7200,14.5000,13.4700,14.2700,13.5800,22609229,315128090.5200
2022-05-05,sh.600773,14.5300,14.8600,14.2100,14.6700,14.2700,19789151,288373546.8500
2022-05-06,sh.600773,14.2200,14.8200,14.0500,14.5200,14.6700,15590338,225901999.0900
2022-05-09,sh.600773,15.0600,15.9700,14.5800,15.5700,14.5200,37444474,585213163.0200
2022-05-10,sh.600773,15.0400,15.9700,15.0000,15.7500,15.5700,30551807,474837859.1600
2022-05-11,sh.600773,15.6500,16.2800,15.5000,15.6800,15.7500,27085396,431128346.4500
2022-05-12,sh.600773,15.3500,15.9800,15.3400,15.5900,15.6800,19353319,302683311.8500
2022-05-13,sh.600773,15.6700,15.8100,15.3700,15.6100,15.5900,13624209,212622683.1000
2022-05-16,sh.600773,15.8100,16.1000,15.5800,15.6500,15.6100,13767044,217073346.2000
2022-05-17,sh.600773,15.6200,16.3300,15.5100,16.0400,15.6500,29279196,469000537.5600
2022-05-18,sh.600773,15.9900,16.1800,15.7900,15.8200,16.0400,17013874,270992776.0400
2022-05-19,sh.600773,15.5600,16.4700,15.4500,16.2500,15.8200,21347014,342306222.9000
2022-05-20,sh.600773,16.3700,16.7400,16.1800,16.6000,16.2500,22021061,363159750.1500
2022-05-23,sh.600773,16.7000,17.9000,16.6400,17.5800,16.6000,42881851,748476394.8400
2022-05-24,sh.600773,17.5000,17.9500,16.7900,16.8400,17.5800,40856475,709973963.8900
2022-05-25,sh.600773,16.8200,17.0800,16.2400,16.5900,16.8400,25487579,422567968.7700
2022-05-26,sh.600773,16.6000,16.6600,16.0100,16.3900,16.5900,18151641,298048159.2000
2022-05-27,sh.600773,16.6100,16.8400,16.0600,16.2500,16.3900,15651558,257625150.8400
2022-05-30,sh.600773,16.4500,16.5700,16.1200,16.2600,16.2500,13420534,218258637.5000
2022-05-31,sh.600773,16.2800,16.3300,15.7300,16.2500,16.2600,13992066,225058314.1800
2022-06-01,sh.600773,16.3500,16.3800,15.6500,15.9700,16.2500,19738366,315679096.9200
2022-06-02,sh.600773,15.7100,16.1200,15.6000,15.9100,15.9700,18227952,289086611.8800
2022-06-06,sh.600773,15.9100,17.1600,15.9100,17.0700,15.9100,31578473,530990833.8300
2022-06-07,sh.600773,17.0000,17.2500,16.6100,16.8200,17.0700,21038018,355768745.9500
2022-06-08,sh.600773,16.9100,18.4200,16.8200,17.7300,16.8200,44411561,787427568.5400
2022-06-09,sh.600773,17.4700,17.8900,17.0000,17.0800,17.7300,29618146,514796496.9200
2022-06-10,sh.600773,16.8000,17.5600,16.7100,17.4200,17.0800,20781333,357645627.4400
2022-06-13,sh.600773,18.2000,19.1600,18.0100,18.7000,17.4200,61190849,1144129229.1400
2022-06-14,sh.600773,18.0000,18.2400,17.5500,18.2300,18.7000,45982139,825213076.5900
2022-06-15,sh.600773,18.6000,18.6900,17.8500,18.2800,18.2300,43128820,791368649.4000
2022-06-16,sh.600773,18.3800,18.4600,17.8200,17.8800,18.2800,22323354,403650279.8100
2022-06-17,sh.600773,17.5300,19.2700,17.5100,18.9400,17.8800,45154161,841703056.9400
2022-06-20,sh.600773,18.9000,20.0000,18.9000,19.4000,18.9400,40626567,794058403.3900
2022-06-21,sh.600773,19.2000,20.2500,19.1900,19.6100,19.4000,37743817,748102275.7000
2022-06-22,sh.600773,19.5000,20.1000,19.0700,19.6200,19.6100,27041881,533446466.4800
2022-06-23,sh.600773,19.6900,20.1300,18.7900,20.0000,19.6200,33842238,664284437.5000
2022-06-24,sh.600773,19.8500,20.2700,19.5400,20.0900,20.0000,27974137,558007312.2900
2022-06-27,sh.600773,20.1000,21.1000,19.9100,20.9500,20.0900,36696131,760066635.8900
2022-06-28,sh.600773,21.0000,21.0000,20.1100,20.5100,20.9300,23973427,491047683.6600
2022-06-29,sh.600773,20.1000,20.2800,19.5000,19.5000,20.5100,23572452,468201984.7300
2022-06-30,sh.600773,19.4200,20.0800,19.4100,19.7000,19.5000,16326740,324090492.5700
2022-07-01,sh.600773,19.8500,21.0000,19.6000,20.7800,19.7000,33806262,691850515.2400
2022-07-04,sh.600773,20.7000,21.6200,20.5100,21.2400,20.7800,32574504,691841982.3500
2022-07-05,sh.600773,21.1500,21.4700,20.5800,21.0500,21.2400,23387571,490287682.5200
2022-07-06,sh.600773,20.8100,21.3000,20.5500,21.0100,21.0500,21190273,443826137.0000
2022-07-07,sh.600773,21.7100,21.7100,20.9100,21.1100,21.0100,28510702,606222569.9800
2022-07-08,sh.600773,21.0500,22.4800,20.9800,21.7700,21.1100,33453013,726074911.3300
2022-07-11,sh.600773,21.6000,21.8400,19.8000,20.4000,21.7700,28475149,582778005.2800
2022-07-12,sh.600773,20.2000,20.5400,19.3000,19.3500,20.4000,21727516,429471649.4800
2022-07-13,sh.600773,19.4500,20.7100,18.9800,20.1600,19.3500,21289584,422015396.9000
2022-07-14,sh.600773,20.2300,20.2300,19.4000,19.7600,20.1600,15701297,310977169.8100
2022-07-15,sh.600773,19.7100,20.5000,19.6100,19.7600,19.7600,16702045,336749646.5000
2022-07-18,sh.600773,19.6300,19.9800,19.2000,19.5800,19.7600,13791834,269757499.7500
2022-07-19,sh.600773,19.5000,19.9500,19.3100,19.6400,19.5800,9915904,195043347.8900
2022-07-20,sh.600773,19.6100,20.5600,19.6100,19.8900,19.6400,17864567,360169737.4000
2022-07-21,sh.600773,19.8000,19.8600,19.1500,19.2100,19.8900,14158330,274975342.1700
2022-07-22,sh.600773,19.3100,19.5300,19.0900,19.4400,19.2100,9996965,193251653.0300
2022-07-25,sh.600773,19.4700,20.1000,19.2300,19.2800,19.4400,13263335,260624714.0000
2022-07-26,sh.600773,19.2100,20.1900,19.1200,19.8100,19.2800,20808446,412977137.4200
2022-07-27,sh.600773,19.7400,19.7900,19.2000,19.3800,19.8100,13939653,269798568.5000
2022-07-28,sh.600773,19.5300,19.6500,19.1600,19.2300,19.3800,9053843,174570721.4600
2022-07-29,sh.600773,19.2300,19.4000,19.1200,19.1600,19.2300,7459039,143471821.6100
2022-08-01,sh.600773,19.1400,19.5000,19.0400,19.4200,19.1600,9405253,181763542.2700
2022-08-02,sh.600773,19.1600,19.1600,18.0200,18.1600,19.4200,16223955,298892647.8600
2022-08-03,sh.600773,18.2800,18.8000,17.8200,17.8500,18.1600,10230134,187218170.6800
2022-08-04,sh.600773,18.0500,18.5600,18.0500,18.4400,17.8500,10739374,196594211.0000
2022-08-05,sh.600773,18.6200,20.2800,18.5500,20.2800,18.4400,44718782,888585879.0000
2022-08-08,sh.600773,21.0000,22.3100,20.8000,22.3100,20.2800,46982171,1021360214.0000
2022-08-09,sh.600773,23.0500,24.2500,22.5000,23.7700,22.3100,66870954,1562220508.0000
2022-08-10,sh.600773,23.9800,26.1500,23.9700,26.1500,23.7700,61394474,1558491706.0000
2022-08-11,sh.600773,26.1400,26.7400,24.7100,25.7000,26.1500,67150626,1715491039.0000
2022-08-12,sh.600773,25.4900,26.1500,25.1300,25.3900,25.7000,33983011,872881097.0000
2022-08-15,sh.600773,25.1200,26.8800,25.1200,25.8000,25.3900,42589366,1111474068.9100
2022-08-16,sh.600773,26.0000,26.2300,25.2500,25.3700,25.8000,30845545,791468684.1900
2022-08-17,sh.600773,25.4300,25.6000,24.2100,24.5000,25.3700,35945336,884582674.8400
2022-08-18,sh.600773,24.1500,24.6200,23.6000,23.7500,24.5000,23119436,554263550.3000
2022-08-19,sh.600773,23.8900,23.9600,23.0600,23.1000,23.7500,20691325,485312408.6800
2022-08-22,sh.600773,23.0300,25.4100,22.6000,25.4100,23.1000,43831171,1051188924.5600
2022-08-23,sh.600773,25.9700,26.5000,24.3500,24.7100,25.4100,50295001,1263534990.9100
2022-08-24,sh.600773,24.7900,25.6000,23.6000,23.8400,24.7100,33604990,823912721.0300
2022-08-25,sh.600773,24.2500,24.6000,23.0500,23.4500,23.8400,24595743,582713429.6600
2022-08-26,sh.600773,23.7900,24.5000,23.2800,23.3800,23.4500,27980713,666352706.4200
2022-08-29,sh.600773,23.1100,23.4000,22.3800,22.5700,23.3800,24701018,562606601.2100
2022-08-30,sh.600773,22.6200,22.8500,22.1800,22.4700,22.5700,16308433,366793367.7600
2022-08-31,sh.600773,22.1700,22.7700,20.9800,21.0700,22.4700,23825782,512872536.3600
2022-09-01,sh.600773,21.3500,22.2600,20.9700,21.3600,21.0700,21701244,470247428.5000
2022-09-02,sh.600773,21.4300,22.1000,20.9000,21.9200,21.3600,20699878,445435181.9800
2022-09-05,sh.600773,21.5000,22.0500,21.4500,21.8300,21.9200,14677991,318621288.3000
2022-09-06,sh.600773,21.9000,22.3700,21.6800,22.0700,21.8300,21978059,484818390.9800
2022-09-07,sh.600773,21.9100,22.1700,21.5400,21.7400,22.0700,15556950,339956308.8500
2022-09-08,sh.600773,21.5900,21.8700,21.2600,21.2800,21.7400,12016309,258529299.1900
2022-09-09,sh.600773,21.5500,22.8000,21.4700,22.1800,21.2800,32127646,712654131.4500
2022-09-13,sh.600773,22.1900,23.2000,21.8200,23.0000,22.1800,34494479,777880085.0000
2022-09-14,sh.600773,22.5000,22.9600,22.1000,22.2500,23.0000,27055801,606106528.9900
2022-09-15,sh.600773,22.4900,22.9900,21.3900,21.6200,22.2500,24774381,546503852.6800
2022-09-16,sh.600773,21.3000,21.3000,19.9200,20.3400,21.6200,21783062,447127841.7500
2022-09-19,sh.600773,20.3000,21.0500,20.2800,20.6400,20.3400,16757150,347331456.3600
2022-09-20,sh.600773,21.0000,21.5800,20.8200,21.2900,20.6400,17792351,379372216.1000
2022-09-21,sh.600773,21.0100,21.3200,20.7100,21.0200,21.2900,12069552,253841414.3100
2022-09-22,sh.600773,20.9100,21.1300,20.3800,20.6500,21.0200,12658790,262379842.1500
2022-09-23,sh.600773,20.5500,20.7500,19.8500,20.1600,20.6500,13602909,274691898.3500
2022-09-26,sh.600773,19.8800,20.0800,19.4100,19.5000,20.1600,11284260,223294477.4900
2022-09-27,sh.600773,19.6200,19.7100,19.0000,19.6500,19.5000,11058878,213477709.1900
2022-09-28,sh.600773,19.5100,19.5300,18.3400,18.3800,19.6500,14176508,265467275.0400
2022-09-29,sh.600773,18.7700,19.0800,18.4000,18.4900,18.3800,13475986,252854474.3100
2022-09-30,sh.600773,18.5600,18.8000,17.9100,17.9100,18.4900,9577552,175037458.8700
2022-10-10,sh.600773,17.9200,18.1700,17.3700,17.8500,17.9100,10809070,193642855.3900
2022-10-11,sh.600773,17.8600,18.2000,17.6200,17.8900,17.8500,10093074,180574090.2800
2022-10-12,sh.600773,17.8200,18.2900,17.1800,18.2800,17.8900,13041972,231027211.5100
2022-10-13,sh.600773,18.0500,18.4900,17.8600,18.1500,18.2800,9656374,175482090.7300
2022-10-14,sh.600773,18.4800,18.9000,18.2600,18.8100,18.1500,15988202,298609013.6800
2022-10-17,sh.600773,18.6200,18.9400,18.3600,18.5900,18.8100,11103450,206255769.1400
2022-10-18,sh.600773,18.8700,18.9800,18.5100,18.5800,18.5900,9909116,185085313.1100
2022-10-19,sh.600773,18.5800,19.3600,18.4600,18.6300,18.5800,14732220,278697680.0400
2022-10-20,sh.600773,18.3500,18.4800,17.9100,18.0800,18.6300,11650117,211176566.9100
2022-10-21,sh.600773,18.2700,18.3000,17.6800,17.8000,18.0800,8541924,153624914.8800
2022-10-24,sh.600773,17.9800,18.4000,17.3800,17.5800,17.8000,11641280,209309895.0800
2022-10-25,sh.600773,17.4500,17.6400,16.8200,17.3500,17.5800,10919597,187779365.5600
2022-10-26,sh.600773,17.5500,17.8600,17.3100,17.6600,17.3500,10566538,186389231.2900
2022-10-27,sh.600773,17.6500,18.1400,17.6000,17.6700,17.6600,9150844,162903671.1100
2022-10-28,sh.600773,17.5500,17.5700,16.6100,16.7300,17.6700,11529497,196166104.0900
2022-10-31,sh.600773,16.5100,17.3500,16.5000,17.1200,16.7300,10081904,171774525.9000
2022-11-01,sh.600773,17.2800,18.6700,17.2000,18.4100,17.1200,21081777,381629812.7500
2022-11-02,sh.600773,18.1000,18.4400,18.0800,18.3200,18.4100,13431818,245073487.4000
2022-11-03,sh.600773,18.2100,19.5000,18.2100,18.7900,18.3200,18969764,359547310.5100
2022-11-04,sh.600773,19.1100,20.6700,19.1100,20.6700,18.7900,16594898,334503434.7500
2022-11-07,sh.600773,22.7400,22.7400,22.5000,22.7400,20.6700,13857627,315021008.0200
2022-11-08,sh.600773,23.0000,24.0100,22.6500,23.8200,22.7400,69383287,1621113184.8400
2022-11-09,sh.600773,24.2300,24.6800,22.5000,23.0600,23.8200,46310601,1074194068.2300
2022-11-10,sh.600773,23.0100,23.4900,22.3000,23.3000,23.0600,41497585,946392843.6100
2022-11-11,sh.600773,24.3200,24.5500,21.6900,21.7000,23.3000,52699664,1212325411.0400
2022-11-14,sh.600773,21.5600,22.3700,21.1200,21.5900,21.7000,31983969,692664588.4500
2022-11-15,sh.600773,21.1200,21.8100,21.0600,21.7100,21.5900,21392453,460463156.4500
2022-11-16,sh.600773,21.5100,22.0700,21.1900,21.3800,21.7100,21034631,453821851.2300
2022-11-17,sh.600773,21.3500,21.5600,20.8300,21.2300,21.3800,16146981,341010032.1400
2022-11-18,sh.600773,21.2500,21.3800,20.6700,20.7100,21.2300,15429497,323344225.6900
2022-11-21,sh.600773,20.7000,21.3000,20.4000,21.0600,20.7100,21499927,452533640.5400
2022-11-22,sh.600773,21.1900,21.3300,20.4000,20.5800,21.0600,16323516,340350358.6100
2022-11-23,sh.600773,20.5500,20.8200,20.1100,20.6700,20.5800,13896637,284562802.9900
2022-11-24,sh.600773,20.7800,20.9400,20.3800,20.5400,20.6700,14109667,291117937.9600
2022-11-25,sh.600773,20.4100,20.5900,20.0700,20.2800,20.5400,11689376,237755500.3500
2022-11-28,sh.600773,19.9000,20.2400,19.6000,20.0200,20.2800,11351240,225856677.1600
2022-11-29,sh.600773,20.4200,21.1000,20.1400,20.8900,20.0200,24773588,511634416.3900
2022-11-30,sh.600773,20.7100,21.8000,20.5100,21.1900,20.8900,28431281,599993203.6100
2022-12-01,sh.600773,21.2300,21.3400,20.6300,20.7700,21.1900,18835836,394745402.2200
2022-12-02,sh.600773,20.7700,20.7700,20.0800,20.1200,20.7700,12896953,262058118.1300
2022-12-05,sh.600773,20.2200,20.3400,19.9000,20.2200,20.1200,10255478,206202891.1500
2022-12-06,sh.600773,20.1100,20.3700,19.6200,20.0700,20.2200,11071748,221147411.1200
2022-12-07,sh.600773,19.9800,20.3500,19.7200,19.8800,20.0700,10327524,207331729.7600
2022-12-08,sh.600773,19.7100,19.9900,19.5300,19.6000,19.8800,9266213,182705467.4200
2022-12-09,sh.600773,19.5100,20.9800,19.4400,20.3000,19.6000,20907869,425738265.8300
2022-12-12,sh.600773,19.8000,20.0600,19.5600,19.6200,20.3000,10582044,208396255.3900
2022-12-13,sh.600773,19.5100,19.7300,19.0200,19.0300,19.6200,12844780,247961572.7200
2022-12-14,sh.600773,18.9800,19.3000,18.8800,19.0300,19.0300,7316097,139729191.6000
2022-12-15,sh.600773,18.9600,19.4500,18.7900,19.4100,19.0300,9188960,176073879.1400
2022-12-16,sh.600773,19.3000,19.3800,18.9100,19.1200,19.4100,8424297,160680160.2900
2022-12-19,sh.600773,19.1300,19.8000,18.9800,19.0500,19.1200,13390430,260104970.3800
2022-12-20,sh.600773,18.8200,18.8800,18.4300,18.7600,19.0500,8077564,150166835.3300
2022-12-21,sh.600773,18.7600,19.4200,18.3600,18.9500,18.7600,9811594,185978711.3100
2022-12-22,sh.600773,19.0500,19.5000,18.7100,18.7600,18.9500,8921252,170446675.9300
2022-12-23,sh.600773,18.7800,19.0400,18.4000,18.8500,18.7600,6056592,113629325.9600
2022-12-26,sh.600773,18.8200,19.0200,18.7600,19.0200,18.8500,5298466,100271075.9000
2022-12-27,sh.600773,19.0500,19.1600,18.8200,18.9900,19.0200,5505618,104621003.5800
2022-12-28,sh.600773,18.8000,18.8100,18.3900,18.4300,18.9900,7115249,131746555.5900
2022-12-29,sh.600773,18.2100,18.6000,18.1200,18.1600,18.4300,5724637,104697807.7000
2022-12-30,sh.600773,18.2000,18.3800,18.0800,18.1500,18.1600,4403965,80206596.9900
2023-01-03,sh.600773,18.0900,18.4500,17.9900,18.4100,18.1500,6786019,124294006.9200
2023-01-04,sh.600773,18.3700,18.5900,18.2400,18.4100,18.4100,6537737,120377904.6200
2023-01-05,sh.600773,18.3400,19.1700,18.2800,18.9500,18.4100,13246482,248736237.2900
2023-01-06,sh.600773,18.9400,19.3600,18.8400,19.0500,18.9500,10317664,196940952.0600
2023-01-09,sh.600773,19.0500,19.1600,18.8000,18.8600,19.0500,7069779,134097449.8700
2023-01-10,sh.600773,18.9000,18.9100,18.5800,18.7000,18.8600,5896844,110368664.6600
2023-01-11,sh.600773,18.6300,18.8900,18.3700,18.3900,18.7000,5795243,107749779.5700
2023-01-12,sh.600773,18.5000,19.1600,18.4900,18.7000,18.3900,9317297,175454896.8500
2023-01-13,sh.600773,18.6500,18.9100,18.3300,18.5800,18.7000,5774823,107103853.9000
2023-01-16,sh.600773,18.7300,19.0800,18.5200,18.9100,18.5800,9069402,171445224.2400
2023-01-17,sh.600773,19.1200,19.1300,18.8200,18.8400,18.9100,5429166,102926898.9300
2023-01-18,sh.600773,18.9600,19.0500,18.8100,18.8500,18.8400,4987710,94203933.2800
2023-01-19,sh.600773,18.8800,18.9300,18.6100,18.7600,18.8500,4546564,85192412.7400
2023-01-20,sh.600773,18.7700,19.2900,18.7500,19.0800,18.7600,10633949,202875832.8900
2023-01-30,sh.600773,18.9100,19.4100,18.9000,19.0200,19.0800,17502777,334939387.6600
2023-01-31,sh.600773,18.8500,19.2600,18.7500,19.2400,19.0200,10336862,197073274.8200
2023-02-01,sh.600773,19.2700,19.5500,19.2300,19.5500,19.2400,12090200,234887515.6400
2023-02-02,sh.600773,19.5600,19.6500,19.1700,19.2500,19.5500,11439634,221029408.2100
2023-02-03,sh.600773,19.2000,19.3400,18.7300,19.2500,19.2500,12122408,230905057.4200
2023-02-06,sh.600773,19.1000,19.1100,18.8700,19.0100,19.2500,7043270,133633805.8000
2023-02-07,sh.600773,19.0500,19.1000,18.8500,18.9500,19.0100,6446916,122160720.0100
2023-02-08,sh.600773,18.9700,19.2600,18.9000,19.0200,18.9500,9107010,173843295.0500
2023-02-09,sh.600773,19.0300,19.2900,18.8600,19.2400,19.0200,8739262,166578195.4000
2023-02-10,sh.600773,19.2300,20.0100,19.1500,19.4800,19.2400,15858630,309427916.7300
2023-02-13,sh.600773,19.4000,19.5000,19.3000,19.3900,19.4800,7183522,139328192.5300
2023-02-14,sh.600773,19.3900,19.4500,19.2000,19.3000,19.3900,6163493,118907744.4000
2023-02-15,sh.600773,19.3000,19.3000,18.8800,18.9500,19.3000,8636092,164230441.1300
2023-02-16,sh.600773,18.9100,18.9500,18.0100,18.3500,18.9500,13167661,244612766.3600
2023-02-17,sh.600773,18.4000,18.4800,18.0600,18.1600,18.3500,6193401,113045695.4300
2023-02-20,sh.600773,18.1100,18.2400,17.6600,18.2300,18.1600,7199968,129232206.1200
2023-02-21,sh.600773,18.3000,18.4700,18.1600,18.3300,18.2300,6581353,120660365.5700
2023-02-22,sh.600773,18.3400,18.3500,18.1800,18.2200,18.3300,3577091,65163498.1100
2023-02-23,sh.600773,18.2000,18.4200,18.1700,18.3900,18.2200,5728082,104762202.2400
2023-02-24,sh.600773,18.3800,18.5400,18.2800,18.3600,18.3900,4075787,74919082.7100
2023-02-27,sh.600773,18.2800,18.3600,18.1400,18.1400,18.3600,3857894,70267783.8900
2023-02-28,sh.600773,18.0600,18.2400,18.0600,18.2200,18.1400,2999193,54333774.7700
2023-03-01,sh.600773,18.2200,18.2500,18.1100,18.1600,18.2200,3471247,63055896.6400
2023-03-02,sh.600773,18.1800,18.2000,17.8400,17.8500,18.1600,6877469,123468503.3400
2023-03-03,sh.600773,17.8500,17.9400,17.7900,17.8700,17.8500,4100258,73185590.9800
2023-03-06,sh.600773,17.8700,17.9300,17.4900,17.9000,17.8700,6731067,119415097.8500
2023-03-07,sh.600773,17.8800,17.8800,17.4500,17.4500,17.9000,6176686,108646352.1200
2023-03-08,sh.600773,17.5500,17.5800,17.3800,17.5000,17.4500,3444984,60124791.7400
2023-03-09,sh.600773,17.5500,17.6000,17.3300,17.3300,17.5000,3930627,68598059.9100
2023-03-10,sh.600773,17.2000,17.2500,16.7200,16.8400,17.3300,7836648,132470489.0400
2023-03-13,sh.600773,16.6100,16.8300,16.3400,16.4700,16.8400,7923600,130876250.0000
2023-03-14,sh.600773,16.4200,16.6000,15.9000,16.2200,16.4700,7696561,125100712.2700
2023-03-15,sh.600773,16.2900,16.5500,16.2800,16.3400,16.2200,4453971,73095516.1000
2023-03-16,sh.600773,16.1400,16.3000,15.8800,15.9200,16.3400,5719794,91889221.3100
2023-03-17,sh.600773,16.0200,16.1500,15.9400,15.9900,15.9200,5719411,91742752.6700
2023-03-20,sh.600773,16.0200,16.0800,15.4800,15.6200,15.9900,9348652,146851628.4200
2023-03-21,sh.600773,15.5700,15.8100,15.4200,15.7500,15.6200,8117857,126743026.8200
2023-03-22,sh.600773,15.9100,16.2200,15.7200,15.7900,15.7500,8980621,143472136.8900
2023-03-23,sh.600773,15.7200,15.7600,15.5400,15.7200,15.7900,6223268,97293756.4000
2023-03-24,sh.600773,15.7400,15.8400,15.4600,15.5600,15.7200,7096248,110996274.8100
2023-03-27,sh.600773,15.4700,15.5900,15.2900,15.3500,15.5600,7104060,109219636.8100
2023-03-28,sh.600773,15.3900,15.4700,14.9500,14.9500,15.3500,9038227,136603723.0400
2023-03-29,sh.600773,14.9500,15.0600,14.4900,14.5600,14.9500,14158145,207979589.7400
2023-03-30,sh.600773,14.4000,14.5800,14.2600,14.4800,14.5600,10728101,154433733.3600
2023-03-31,sh.600773,14.5700,15.1400,14.5400,14.6200,14.4800,10902059,160629635.3400
2023-04-03,sh.600773,14.6100,15.1200,14.4400,15.0900,14.6200,13548059,201978555.7400
2023-04-04,sh.600773,15.0900,15.1000,14.5900,14.6500,15.0900,9161654,135037236.7100
2023-04-06,sh.600773,14.6400,14.7600,14.4300,14.5600,14.6500,5626539,82052977.1600
2023-04-07,sh.600773,14.6000,14.9100,14.5600,14.8400,14.5600,8591336,127159857.8300
2023-04-10,sh.600773,14.8400,14.9300,14.6800,14.8100,14.8400,6862346,101419545.9200
2023-04-11,sh.600773,14.7800,14.9400,14.6200,14.9200,14.8100,9161098,135776578.2300
2023-04-12,sh.600773,14.9600,14.9800,14.7300,14.8200,14.9200,5336400,79101823.5600
2023-04-13,sh.600773,14.8000,15.4000,14.6500,15.0000,14.8200,12494486,187480424.0900
2023-04-14,sh.600773,15.0700,15.7500,15.0100,15.5100,15.0000,19570617,301971297.3900
2023-04-17,sh.600773,15.5200,15.6000,15.1100,15.2300,15.5100,12244520,186756440.9300
2023-04-18,sh.600773,15.2800,15.6500,15.2100,15.2700,15.2300,9635635,148491627.7500
2023-04-19,sh.600773,15.2700,15.3100,14.9200,14.9500,15.2700,7662712,114973139.7800
2023-04-20,sh.600773,14.8200,14.8900,14.5700,14.6900,14.9500,7730185,113451946.1300
2023-04-21,sh.600773,14.6700,14.9300,14.1300,14.1500,14.6900,10537010,152532491.9200
2023-04-24,sh.600773,14.1700,14.3900,13.9900,14.3400,14.1500,8322505,118675482.6900
2023-04-25,sh.600773,14.3100,14.3600,13.3000,13.5400,14.3400,12765338,175150809.6600
2023-04-26,sh.600773,13.7000,14.1500,13.4800,14.0300,13.5400,8643259,120500696.4900
2023-04-27,sh.600773,14.1000,14.1900,13.8800,14.0400,14.0300,6983205,97905040.8100
2023-04-28,sh.600773,14.0500,14.3400,14.0000,14.0700,14.0400,5849928,82549522.8800
2023-05-04,sh.600773,14.0600,14.2700,13.8500,13.8600,14.0700,6255068,87834555.8800
2023-05-05,sh.600773,13.8700,14.0100,13.6200,13.9200,13.8600,6010648,83177576.2200
2023-05-08,sh.600773,13.9100,14.1400,13.8100,14.0000,13.9200,5214201,72772885.0000
2023-05-09,sh.600773,13.9700,14.1300,13.6000,13.6000,14.0000,7737200,106821963.0000
2023-05-10,sh.600773,13.6700,14.1000,13.5800,13.8800,13.6000,6882993,95388493.4900
2023-05-11,sh.600773,13.8900,14.1900,13.7400,14.0400,13.8800,7010835,98020148.5000
2023-05-12,sh.600773,14.1700,14.3400,13.6300,13.6600,14.0400,8189145,113470284.1700
2023-05-15,sh.600773,13.6200,14.5800,13.6200,14.5300,13.6600,17308828,246413557.6200
2023-05-16,sh.600773,14.4700,14.5400,13.9400,14.0100,14.5300,12273300,173728756.3500
2023-05-17,sh.600773,14.0000,14.0300,13.7500,13.9000,14.0100,5872945,81442896.8000
2023-05-18,sh.600773,13.8800,13.9400,13.6300,13.7400,13.9000,7098106,97568325.0600
2023-05-19,sh.600773,13.7400,13.7400,13.5900,13.7200,13.7400,5311600,72623349.0000
2023-05-22,sh.600773,13.7000,13.7800,13.5700,13.6500,13.7200,4697696,64126468.6400
2023-05-23,sh.600773,13.7000,13.9200,13.6100,13.6400,13.6500,6744200,92672301.0000
2023-05-24,sh.600773,13.6300,13.6300,13.3400,13.3400,13.6400,6175579,83212873.4400
2023-05-25,sh.600773,13.2200,13.3100,13.0000,13.1200,13.3400,6244362,81876598.5100
2023-05-26,sh.600773,13.0900,13.1600,12.7300,13.0100,13.1200,6794963,87677839.5900
2023-05-29,sh.600773,13.0800,13.1000,12.7500,12.8100,13.0100,4299335,55314972.9800
2023-05-30,sh.600773,12.7700,12.9200,12.5700,12.9200,12.8100,5206000,66365983.0000
2023-05-31,sh.600773,12.8400,12.9900,12.7200,12.7700,12.9200,3729401,47792859.8200
2023-06-01,sh.600773,12.8200,13.0000,12.6100,12.6900,12.7700,5883610,75318908.0300
2023-06-02,sh.600773,12.7800,13.4000,12.7500,13.3600,12.6900,12302949,162114180.9100
2023-06-05,sh.600773,13.3100,13.5200,13.1300,13.4000,13.3600,6520679,86780840.4700
2023-06-06,sh.600773,13.3500,13.4600,13.2000,13.2300,13.4000,5480272,73057809.3800
2023-06-07,sh.600773,13.2100,13.4100,13.0500,13.0800,13.2300,5492600,72420765.0000
2023-06-08,sh.600773,13.1300,13.5700,13.1000,13.3500,13.0800,8670039,116137372.5000
2023-06-09,sh.600773,13.3600,13.7100,13.1600,13.2100,13.3500,7605273,101613946.2700
2023-06-12,sh.600773,13.1300,13.3500,13.1000,13.2800,13.2100,4499393,59598571.6700
2023-06-13,sh.600773,13.2800,13.3800,13.0600,13.1100,13.2600,4794600,63163724.0000
2023-06-14,sh.600773,13.4100,13.5000,12.9400,13.0000,13.1100,9602121,127029453.0100
2023-06-15,sh.600773,12.9900,13.2500,12.8300,13.1900,13.0000,8452603,110725759.6600
2023-06-16,sh.600773,13.3000,13.3800,13.1400,13.3200,13.1900,8312364,110350011.7700
2023-06-19,sh.600773,13.2500,13.3100,12.7700,12.8000,13.3200,12089401,156386220.5200
2023-06-20,sh.600773,12.7800,12.7900,12.5800,12.5800,12.8000,6951687,88027909.8000
2023-06-21,sh.600773,12.5100,12.7400,12.2900,12.3100,12.5800,8044301,100123636.3600
2023-06-26,sh.600773,12.1600,12.3400,12.0000,12.0600,12.3100,7344737,89102522.1800
2023-06-27,sh.600773,12.1700,12.8200,12.0300,12.7600,12.0600,12755421,159990202.8300
2023-06-28,sh.600773,12.7900,12.8000,12.3500,12.4100,12.7600,7138336,89078823.5900
2023-06-29,sh.600773,12.3600,12.4000,12.2400,12.2700,12.4100,4321401,53138580.8200
2023-06-30,sh.600773,12.2300,12.7300,12.2300,12.6000,12.2700,7450925,93626398.0000
2023-07-03,sh.600773,12.5900,12.8800,12.5900,12.7000,12.6000,6704488,85508722.9200
2023-07-04,sh.600773,12.7900,12.7900,12.5600,12.6600,12.7000,5101721,64459895.0700
2023-07-05,sh.600773,12.6800,12.8500,12.5700,12.7700,12.6600,7416772,94503049.4000
2023-07-06,sh.600773,12.7300,12.8400,12.5000,12.7400,12.7700,6452460,81795403.6100
2023-07-07,sh.600773,12.6800,12.7300,12.5600,12.6100,12.7400,4993712,63117618.0400
2023-07-10,sh.600773,12.6100,13.0400,12.6100,12.7700,12.6100,8677790,111616356.0300
2023-07-11,sh.600773,12.7700,12.9300,12.6800,12.8200,12.7700,5020354,64256061.6800
2023-07-12,sh.600773,12.7600,12.9100,12.6700,12.7200,12.8200,5863700,74848144.0000
2023-07-13,sh.600773,12.7200,12.9000,12.7200,12.7800,12.7200,3513260,44926487.0000
2023-07-14,sh.600773,12.8000,12.8000,12.5000,12.5400,12.7800,5652693,71102678.3800
2023-07-17,sh.600773,12.5000,12.5100,12.2900,12.3400,12.5400,4485401,55384442.3000
2023-07-18,sh.600773,12.4500,12.6200,12.2800,12.5100,12.3400,5296890,65957018.1900
2023-07-19,sh.600773,12.5000,12.7500,12.4200,12.6000,12.5100,5321946,67150115.8800
2023-07-20,sh.600773,12.7000,13.8500,12.6900,13.1400,12.6000,27752591,367673171.3500
2023-07-21,sh.600773,13.2900,14.1800,13.2000,13.9600,13.1400,41418709,571861323.0800
2023-07-24,sh.600773,13.8000,13.8000,13.1000,13.3700,13.9600,25859800,344623660.1100
2023-07-25,sh.600773,13.4600,13.7900,13.4400,13.7800,13.3700,22902168,312645998.7600
2023-07-26,sh.600773,13.6800,14.0900,13.6600,13.8100,13.7800,23229856,322088628.8800
2023-07-27,sh.600773,13.8100,13.9000,13.5100,13.5400,13.8100,16451061,225232817.9700
2023-07-28,sh.600773,13.5100,13.8400,13.4900,13.7600,13.5400,13626007,186313129.7400
2023-07-31,sh.600773,13.8300,14.2500,13.8200,14.0400,13.7600,17265022,243171227.1500
2023-08-01,sh.600773,14.0400,14.1000,13.8000,13.9000,14.0400,12295500,171176275.0600
2023-08-02,sh.600773,13.8200,14.4000,13.8200,14.1400,13.9000,17713735,251324208.2400
2023-08-03,sh.600773,14.1000,15.5000,14.0400,15.0800,14.1400,43005451,636858478.7600
2023-08-04,sh.600773,14.9200,15.1000,14.5100,14.5600,15.0800,33659973,496733036.7900
2023-08-07,sh.600773,14.2700,14.2700,13.8100,13.8800,14.5600,20237611,283042935.4600
2023-08-08,sh.600773,13.8800,14.0000,13.6500,13.7000,13.8800,9403167,129181064.8900
2023-08-09,sh.600773,13.6600,13.8300,13.5700,13.6100,13.7000,7366742,100755272.0400
2023-08-10,sh.600773,13.6800,13.8400,13.5600,13.7000,13.6100,6366830,87205383.4700
2023-08-11,sh.600773,13.6800,13.8700,13.3800,13.4200,13.7000,8283200,112442794.0000
2023-08-14,sh.600773,13.2100,13.2400,12.9400,13.1700,13.4200,9452922,123508145.7400
2023-08-15,sh.600773,13.2200,13.3200,12.9700,13.2100,13.1700,5195876,68264497.3200
2023-08-16,sh.600773,13.2100,13.4800,13.0000,13.2200,13.2100,7812125,103272184.6000
2023-08-17,sh.600773,13.0100,13.3100,12.9500,13.2100,13.2200,6393243,83939624.3000
2023-08-18,sh.600773,13.2700,13.3000,12.7000,12.7300,13.2100,7828445,101592661.6500
2023-08-21,sh.600773,12.6500,12.8200,12.5100,12.5100,12.7300,5358250,67831283.1800
2023-08-22,sh.600773,12.5000,12.6300,12.3600,12.5400,12.5100,6377184,79505039.3400
2023-08-23,sh.600773,12.4500,12.5100,12.1100,12.1200,12.5400,5285100,64859161.0000
2023-08-24,sh.600773,12.1100,12.3000,12.0300,12.1500,12.1200,4686951,57009787.9400
2023-08-25,sh.600773,12.1100,12.2400,11.8800,11.9400,12.1500,6908750,83175088.2800
2023-08-28,sh.600773,12.6700,12.8400,12.3000,12.3500,11.9400,12213109,153155883.4800
2023-08-29,sh.600773,12.3500,12.7000,12.2200,12.6500,12.3500,7460885,93169570.1500
2023-08-30,sh.600773,12.6000,12.7500,12.4800,12.5200,12.6500,5751586,72529202.0200
2023-08-31,sh.600773,12.5100,12.5500,12.1000,12.1100,12.5200,7093110,86750603.6600
2023-09-01,sh.600773,12.2800,12.3300,12.0900,12.0900,12.1100,4946590,60271601.0200
2023-09-04,sh.600773,12.1700,12.5100,12.1700,12.3700,12.0900,6754771,83416474.9500
2023-09-05,sh.600773,12.3300,12.3700,12.1800,12.2000,12.3700,4694054,57462086.3400
2023-09-06,sh.600773,12.2300,12.4200,12.0800,12.4000,12.2000,5457675,67103496.0300
2023-09-07,sh.600773,12.3900,12.4500,12.1100,12.1200,12.4000,4934800,60509560.0000
2023-09-08,sh.600773,12.0500,12.1300,11.9500,12.0300,12.1200,3965100,47665540.0000
2023-09-11,sh.600773,12.1800,12.1800,11.8100,12.1000,12.0300,5036436,60444910.6000
2023-09-12,sh.600773,12.1000,12.3800,12.0400,12.1100,12.1000,4749891,57920858.1000
2023-09-13,sh.600773,12.0800,12.1600,11.9500,12.0200,12.1100,4196067,50499600.8700
2023-09-14,sh.600773,12.0000,12.0100,11.5600,11.5800,12.0200,7722318,90576053.4000
2023-09-15,sh.600773,11.6100,11.7500,11.4800,11.6400,11.5800,4304462,49973823.8500
2023-09-18,sh.600773,11.6200,11.8400,11.5200,11.7500,11.6400,4463200,52429253.9800
2023-09-19,sh.600773,11.7500,11.8300,11.6900,11.7200,11.7500,3413501,40152840.7400
2023-09-20,sh.600773,11.6600,11.7600,11.5300,11.5300,11.7200,4599600,53451154.0000
2023-09-21,sh.600773,11.5000,11.5800,11.2500,11.2900,11.5300,5268752,60014040.4000
2023-09-22,sh.600773,11.2700,11.5800,11.2600,11.5500,11.2900,4475552,51250420.4000
2023-09-25,sh.600773,11.5400,11.5400,11.1600,11.2100,11.5500,5479900,61640891.0000
2023-09-26,sh.600773,11.2100,11.2400,11.0200,11.1100,11.2100,4172402,46434026.3400
2023-09-27,sh.600773,11.2100,11.5000,11.0800,11.4900,11.1100,7569340,85773216.1300
2023-09-28,sh.600773,11.5000,12.0500,11.4500,11.8200,11.4900,10939875,129540318.0600
2023-10-09,sh.600773,11.8000,11.9800,11.5900,11.9400,11.8200,6132244,72405865.1400
2023-10-10,sh.600773,11.8900,12.1700,11.7800,11.8000,11.9400,5132401,61370706.9200
2023-10-11,sh.600773,11.8400,11.9300,11.6800,11.6800,11.8000,3460300,40827329.0000
2023-10-12,sh.600773,11.8100,12.2000,11.7300,12.1200,11.6800,8821364,106009406.9100
2023-10-13,sh.600773,12.0200,12.0800,11.7500,11.8200,12.1200,5084900,60412897.0000
2023-10-16,sh.600773,11.8000,11.8600,11.3600,11.4300,11.8200,5241100,60352863.0000
2023-10-17,sh.600773,11.4200,11.5300,11.2900,11.3600,11.4300,3586500,40835686.0000
2023-10-18,sh.600773,11.4000,11.4000,11.1100,11.1100,11.3600,3021533,33810098.5900
2023-10-19,sh.600773,11.0200,11.2300,10.8900,10.9000,11.1100,4729360,52206222.2000
2023-10-20,sh.600773,10.8700,11.3900,10.8700,11.1500,10.9000,6969426,77619636.4600
2023-10-23,sh.600773,11.0100,11.0700,10.6500,10.7200,11.1500,5858935,63445478.2300
2023-10-24,sh.600773,10.7200,11.1200,10.7200,11.0600,10.7200,6591666,72469793.7500
2023-10-25,sh.600773,11.2500,11.4900,11.2200,11.2900,11.0600,7395531,84089849.1400
2023-10-26,sh.600773,11.2100,11.2300,10.8900,11.0500,11.2900,6009068,66148535.9100
2023-10-27,sh.600773,11.0000,12.1600,10.9200,11.9200,11.0500,18639291,220577196.7400
2023-10-30,sh.600773,11.7700,11.9700,11.6900,11.7500,11.9200,11314344,133740746.1600
2023-10-31,sh.600773,11.6500,11.8400,11.6200,11.7600,11.7500,6386991,74868876.9700
2023-11-01,sh.600773,11.7900,11.8000,11.6400,11.7500,11.7600,5301033,62090094.7100
2023-11-02,sh.600773,11.6900,11.7500,11.5200,11.5300,11.7500,4253507,49299596.0600
2023-11-03,sh.600773,11.5300,11.6400,11.5100,11.5400,11.5300,3267591,37783472.0500
2023-11-06,sh.600773,11.6100,11.8900,11.6100,11.8300,11.5400,6527023,76875188.1700
2023-11-07,sh.600773,11.8100,12.1400,11.6900,12.0000,11.8300,9076474,108543063.0000
2023-11-08,sh.600773,12.0000,12.0600,11.8600,11.9500,12.0000,5107800,61156859.0000
2023-11-09,sh.600773,12.0000,12.1500,11.9000,11.9500,11.9500,5034500,60375637.0000
2023-11-10,sh.600773,11.8800,11.9500,11.7000,11.7400,11.9500,4735700,55709682.0000
2023-11-13,sh.600773,11.8100,11.8300,11.7100,11.7700,11.7400,3815374,44878686.5000
2023-11-14,sh.600773,11.7700,11.8600,11.7000,11.8000,11.7700,3874020,45584922.4000
2023-11-15,sh.600773,11.9100,12.3000,11.8900,12.1000,11.8000,11618694,141047594.1600
2023-11-16,sh.600773,11.9900,12.0600,11.7200,11.7200,12.1000,7207700,85354244.5200
2023-11-17,sh.600773,11.7000,11.8800,11.6800,11.7700,11.7200,3875400,45609642.9000
2023-11-20,sh.600773,11.8200,11.8900,11.6700,11.7500,11.7700,4147974,48704301.2800
2023-11-21,sh.600773,11.7500,11.9500,11.7500,11.7900,11.7500,6512701,77188327.8300
2023-11-22,sh.600773,11.8700,12.0900,11.6600,11.6800,11.7900,10153100,120437219.5200
2023-11-23,sh.600773,11.6000,11.9000,11.5200,11.8400,11.6800,6490590,76167193.7400
2023-11-24,sh.600773,11.7900,11.9200,11.5800,11.6100,11.8400,5825501,68259248.6100
2023-11-27,sh.600773,11.5500,11.5500,11.2000,11.2200,11.6100,6084401,68778427.5000
2023-11-28,sh.600773,11.2200,11.2700,11.1000,11.2100,11.2200,4260198,47603653.7800
2023-11-29,sh.600773,11.2100,11.2200,10.9800,11.0100,11.2100,4136501,45650041.8200
2023-11-30,sh.600773,11.0500,11.0500,10.8200,10.8900,11.0100,3929806,42906395.6900
2023-12-01,sh.600773,10.8900,11.1300,10.7800,10.9700,10.8900,5766700,63091873.0000
2023-12-04,sh.600773,10.9800,11.1500,10.9100,11.0500,10.9700,5054431,55791948.0400
2023-12-05,sh.600773,10.9500,11.4300,10.9300,11.0500,11.0500,10439014,117050459.1000
2023-12-06,sh.600773,10.9900,12.0000,10.9500,11.7700,11.0500,22554592,263055950.1100
2023-12-07,sh.600773,11.8100,11.8800,11.4400,11.6400,11.7700,11662892,135156881.9100
2023-12-08,sh.600773,11.7500,11.9300,11.4000,11.4000,11.6400,9889835,114474702.6600
2023-12-11,sh.600773,11.3300,11.3400,10.8800,11.2300,11.4000,9061891,100080966.8800
2023-12-12,sh.600773,11.1800,11.3500,11.1400,11.2600,11.2300,4289600,48264173.0000
2023-12-13,sh.600773,11.2200,11.2900,11.0100,11.0200,11.2600,3985600,44274012.0000
2023-12-14,sh.600773,11.1800,11.2200,10.9900,11.0100,11.0200,3627372,40222865.4400
2023-12-15,sh.600773,11.0300,11.2800,11.0300,11.0800,11.0100,4938600,55126165.7200
2023-12-18,sh.600773,11.0100,11.2200,10.8500,10.8700,11.0800,5365753,58896857.6000
2023-12-19,sh.600773,10.8300,10.8600,10.6500,10.7300,10.8700,5261912,56442687.5600
2023-12-20,sh.600773,10.8100,10.8200,10.5700,10.5800,10.7300,3588394,38328284.8000
2023-12-21,sh.600773,10.5000,10.6500,10.4200,10.5900,10.5800,3998000,42134207.0000
2023-12-22,sh.600773,10.6000,10.8400,10.3500,10.6800,10.5900,7540434,79764394.0000
2023-12-25,sh.600773,10.5600,10.6800,10.4100,10.4600,10.6800,4699746,49397012.0600
2023-12-26,sh.600773,10.4600,10.4700,10.2000,10.2400,10.4600,4808377,49562295.2500
2023-12-27,sh.600773,10.2200,10.3000,10.0600,10.1800,10.2400,2784673,28282926.7900
2023-12-28,sh.600773,10.2200,10.8800,10.1400,10.8200,10.1800,10987546,116817923.2600
2023-12-29,sh.600773,10.7600,11.1200,10.7000,10.9600,10.8200,8570900,94147112.0000
2024-01-02,sh.600773,10.9900,11.0600,10.7400,10.7900,10.9600,4815253,52169038.5500
2024-01-03,sh.600773,10.7100,10.9400,10.6900,10.8100,10.7900,3967054,42833401.9800
2024-01-04,sh.600773,10.7600,10.7700,10.5100,10.6200,10.8100,4303682,45659669.6200
2024-01-05,sh.600773,10.6100,10.8400,10.4200,10.4800,10.6200,4676062,49711790.8400
2024-01-08,sh.600773,10.4800,10.6800,10.2800,10.2800,10.4800,4778676,49860453.2800
2024-01-09,sh.600773,10.2600,10.6200,10.1700,10.4100,10.2800,5593376,58024895.8400
2024-01-10,sh.600773,10.3900,10.8300,10.2000,10.5100,10.4100,7915482,83655939.7200
2024-01-11,sh.600773,10.4600,11.0500,10.3500,10.8300,10.5100,11582458,123996312.0800
2024-01-12,sh.600773,10.7600,10.8600,10.6800,10.7300,10.8300,5990017,64502756.1300
2024-01-15,sh.600773,10.6800,10.7800,10.5300,10.6400,10.7300,4488581,47811576.9300
2024-01-16,sh.600773,10.7000,10.7800,10.3900,10.5300,10.6400,4926650,51986714.0000
2024-01-17,sh.600773,10.5200,10.5300,10.1100,10.1200,10.5300,5892900,60559988.0000
2024-01-18,sh.600773,10.1200,10.1500,9.7000,10.0200,10.1200,7872069,78033686.1800
2024-01-19,sh.600773,10.0000,10.3800,9.9500,10.0000,10.0200,4792100,48650129.0000
2024-01-22,sh.600773,10.0000,10.0200,9.1100,9.2000,10.0000,8542215,81680463.9500
2024-01-23,sh.600773,9.2300,9.9000,9.0200,9.7700,9.2000,9586305,91394587.1500
2024-01-24,sh.600773,9.8300,9.9800,9.4100,9.8100,9.7700,5791063,56180655.3600
2024-01-25,sh.600773,9.8000,10.3600,9.7700,10.3300,9.8100,10938938,110688717.1000
2024-01-26,sh.600773,10.2800,10.8400,10.2000,10.5800,10.3300,12079927,127915284.6600
2024-01-29,sh.600773,10.5000,10.6200,10.0100,10.0100,10.5800,10569701,108461561.5000
2024-01-30,sh.600773,9.8900,10.1300,9.6700,9.7000,10.0100,5728300,56726593.0000
2024-01-31,sh.600773,9.6200,9.7400,9.0900,9.1100,9.7000,8208630,76904517.6000
2024-02-01,sh.600773,9.0000,9.0800,8.5800,8.7300,9.1100,10977650,96977979.8400
2024-02-02,sh.600773,8.7300,8.9900,8.1000,8.3100,8.7300,9744417,82490717.0900
2024-02-05,sh.600773,8.2800,8.2800,7.5200,7.6500,8.3100,11245873,87960741.3900
2024-02-06,sh.600773,7.5800,8.4200,7.4300,8.3900,7.6500,11582611,92760125.2700
2024-02-07,sh.600773,8.4000,8.9800,8.3900,8.7700,8.3900,10045009,88033757.1900
2024-02-08,sh.600773,8.9500,9.4500,8.7100,9.2300,8.7700,10936827,101496203.8400
2024-02-19,sh.600773,9.2700,9.3600,8.9900,9.1400,9.2300,8472727,77522298.5800
2024-02-20,sh.600773,9.1400,9.2500,8.9300,9.1400,9.1400,5239000,47634189.0000
2024-02-21,sh.600773,9.1300,9.6000,9.0200,9.2600,9.1400,8199310,76709103.8400
2024-02-22,sh.600773,9.1900,9.4300,9.1400,9.2700,9.2600,5302672,49061450.4400
2024-02-23,sh.600773,9.3300,9.4000,9.1800,9.3700,9.2700,6075851,56503229.8100
2024-02-26,sh.600773,9.4000,9.5800,9.2900,9.3700,9.3700,6313258,59408248.6300
2024-02-27,sh.600773,9.3200,9.6800,9.2800,9.6500,9.3700,7417559,70536094.4100
2024-02-28,sh.600773,9.6700,10.4500,9.4800,9.4800,9.6500,18206293,181805348.0000
2024-02-29,sh.600773,9.4100,9.9200,9.3500,9.9000,9.4800,12083498,117003498.3000
2024-03-01,sh.600773,9.9800,10.2000,9.9200,10.0400,9.9000,11076046,111283710.3800
2024-03-04,sh.600773,10.0700,10.1900,9.8600,10.0000,10.0400,10434926,104632066.8600
2024-03-05,sh.600773,9.8700,9.9100,9.6500,9.7000,10.0000,7705000,75115954.5600
2024-03-06,sh.600773,9.6500,9.8000,9.4300,9.6100,9.7000,6024011,57852550.2100
2024-03-07,sh.600773,9.6500,9.7800,9.5400,9.5400,9.6100,3816700,36847146.0000
2024-03-08,sh.600773,9.6000,9.6400,9.4400,9.5700,9.5400,3318367,31628952.8300
2024-03-11,sh.600773,9.6200,9.9700,9.6000,9.8800,9.5700,7511000,73620450.7500
2024-03-12,sh.600773,9.8800,10.0000,9.7600,9.9500,9.8800,7765505,76759257.7500
2024-03-13,sh.600773,9.9100,9.9600,9.7600,9.8700,9.9500,6025600,59408637.0000
2024-03-14,sh.600773,9.8000,10.0000,9.7000,9.8000,9.8700,6600567,65145798.7500
2024-03-15,sh.600773,9.7000,9.9700,9.6600,9.9200,9.8000,6973100,68537983.4400
2024-03-18,sh.600773,9.9900,10.4700,9.9300,10.4500,9.9200,14629778,149873212.9200
2024-03-19,sh.600773,10.4100,11.4400,10.3500,10.9800,10.4500,23765237,264548790.4600
2024-03-20,sh.600773,11.0700,11.2000,10.9200,11.1500,10.9800,13845522,153360362.6800
2024-03-21,sh.600773,11.2400,11.2800,10.8300,10.8300,11.1500,10343041,113563344.3800
2024-03-22,sh.600773,10.8200,10.9100,10.7000,10.8100,10.8300,7217944,78003473.5200
2024-03-25,sh.600773,10.7000,10.9600,10.6600,10.7400,10.8100,6642700,71850435.6600
2024-03-26,sh.600773,10.7200,11.2800,10.5500,11.2800,10.7400,13167149,144355578.2600
2024-03-27,sh.600773,11.2500,11.3500,11.0300,11.0600,11.2800,10552300,117725993.1900
2024-03-28,sh.600773,11.1000,11.8800,11.0300,11.8100,11.0600,19803255,228402431.5000
2024-03-29,sh.600773,11.7200,12.0400,11.6600,11.8800,11.8100,13527101,160465843.8500
2024-04-01,sh.600773,11.8800,12.1800,11.8000,11.9900,11.8800,11732418,141240046.2000
2024-04-02,sh.600773,12.1500,12.4700,12.0900,12.3400,11.9900,13075386,160635150.9600
2024-04-03,sh.600773,12.4100,12.4100,12.0400,12.2100,12.3400,9689839,117993903.5100
2024-04-08,sh.600773,12.2500,12.3400,12.0000,12.0100,12.2100,8363444,101757471.8100
2024-04-09,sh.600773,12.0000,12.1800,11.9700,12.0400,12.0100,5678587,68539866.4900
2024-04-10,sh.600773,12.1000,12.1800,11.8300,11.8500,12.0400,6760159,80649027.2600
2024-04-11,sh.600773,11.9100,11.9100,11.6000,11.6600,11.8500,7626660,89510381.2000
2024-04-12,sh.600773,11.6700,11.7000,11.4100,11.4800,11.6600,5736779,66187884.8500
2024-04-15,sh.600773,11.3900,11.6400,11.1500,11.3800,11.4800,6244835,71041575.9000
2024-04-16,sh.600773,11.1900,11.3600,10.5900,10.6500,11.3800,8517272,93035762.4600
2024-04-17,sh.600773,10.6400,11.2300,10.6000,11.2200,10.6500,7692571,85280535.4200
2024-04-18,sh.600773,11.1500,11.3800,10.9900,11.1900,11.2200,5720700,64042225.0000
2024-04-19,sh.600773,11.1300,11.4700,11.0800,11.1900,11.1900,5397900,60670661.7700
2024-04-22,sh.600773,11.3100,11.6600,11.2100,11.4300,11.1900,7733300,88753451.6100
2024-04-23,sh.600773,11.5000,11.5700,11.4000,11.5100,11.4300,4152118,47736160.0000
2024-04-24,sh.600773,11.4900,11.4900,11.0300,11.2000,11.5100,6434957,71873237.5200
2024-04-25,sh.600773,11.1000,11.4900,11.0500,11.3400,11.2000,4715500,53531296.0000
2024-04-26,sh.600773,11.4800,11.5700,11.3400,11.4600,11.3400,6220938,71288675.2400
2024-04-29,sh.600773,11.4600,12.2400,11.4300,12.1300,11.4600,12451416,148914428.9600
2024-04-30,sh.600773,12.0800,12.0800,11.6100,11.6700,12.1300,10583561,124690084.3600
2024-05-06,sh.600773,11.9000,12.0800,11.7800,11.9400,11.6700,6285910,75011806.0000
2024-05-07,sh.600773,11.9400,12.2600,11.8800,12.1500,11.9400,8057040,97403422.9500
2024-05-08,sh.600773,12.1500,12.1700,12.0300,12.0400,12.1500,5643501,68228070.0900
2024-05-09,sh.600773,12.0300,12.3400,12.0300,12.2200,12.0400,7693561,94212414.3700
2024-05-10,sh.600773,12.2400,12.3300,12.0300,12.2000,12.2200,5463415,66432503.1500
2024-05-13,sh.600773,12.2100,12.5000,11.8900,12.3800,12.2000,11189486,137359399.1300
2024-05-14,sh.600773,12.3500,12.7000,12.3500,12.6400,12.3800,8578654,107883477.6300
2024-05-15,sh.600773,12.6300,13.2000,12.5800,12.9400,12.6400,13311839,172147204.7500
2024-05-16,sh.600773,12.9400,13.2500,12.9000,12.9800,12.9400,14340389,187697677.1300
2024-05-17,sh.600773,13.1300,13.1300,12.6300,13.0500,12.9800,13448000,173110902.4300
2024-05-20,sh.600773,13.0500,13.2300,12.8100,12.9000,13.0500,11028996,143011449.1900
2024-05-21,sh.600773,12.9900,13.0000,12.6700,12.7000,12.9000,7689208,98277093.0300
2024-05-22,sh.600773,12.7000,12.9400,12.6900,12.9000,12.7000,8399100,108001203.0000
2024-05-23,sh.600773,12.8400,12.8400,12.4300,12.5000,12.9000,8709646,109511576.1000
2024-05-24,sh.600773,12.4600,12.6100,12.2700,12.4300,12.5000,6178264,77037181.6800
2024-05-27,sh.600773,12.4600,12.5200,12.1300,12.4100,12.4300,6294410,77379549.3500
2024-05-28,sh.600773,12.4100,12.5300,12.2300,12.4000,12.4100,5076557,62916644.2300
2024-05-29,sh.600773,12.4000,12.6200,12.4000,12.4800,12.4000,4903195,61332050.7900
2024-05-30,sh.600773,12.4400,12.6000,12.4000,12.4400,12.4800,4501572,56155693.4000
2024-05-31,sh.600773,12.4000,12.5500,12.3000,12.3900,12.4400,3126857,38771318.6600
2024-06-03,sh.600773,12.3200,12.3800,11.8600,11.9700,12.3900,8847822,106993872.4300
2024-06-04,sh.600773,11.8600,12.3100,11.6200,12.2300,11.9700,11251943,135090503.6300
2024-06-05,sh.600773,12.1100,12.4500,12.1000,12.1800,12.2300,5117990,62804777.0000
2024-06-06,sh.600773,12.1700,12.3700,11.1800,11.3900,12.1800,14607671,170036508.9200
2024-06-07,sh.600773,11.5500,12.0000,11.5100,11.9200,11.3900,7943671,93655737.8000
2024-06-11,sh.600773,11.9000,11.9000,11.4200,11.4900,11.9200,5864357,68517016.6000
2024-06-12,sh.600773,11.4200,11.5800,11.1800,11.2100,11.4900,6759901,76768215.3000
2024-06-13,sh.600773,11.2900,11.3100,11.0200,11.1000,11.2100,6087748,67662979.3600
2024-06-14,sh.600773,11.0500,11.0900,10.7900,10.9800,11.1000,7545300,82544861.0000
2024-06-17,sh.600773,10.9800,11.2700,10.8400,11.1800,10.9800,6633900,73771404.0000
2024-06-18,sh.600773,11.2600,11.2600,10.9400,10.9400,11.1800,6342100,70210665.0000
2024-06-19,sh.600773,10.9500,11.0300,10.8200,10.8400,10.9400,4629238,50557207.0000
2024-06-20,sh.600773,10.8100,11.1800,10.6600,10.8000,10.8400,9802724,106832782.6100
2024-06-21,sh.600773,10.7300,10.9800,10.6800,10.9100,10.8000,4819400,52085645.5600
2024-06-24,sh.600773,10.8400,11.1100,10.5000,10.7900,10.9100,7411001,80060585.0400
2024-06-25,sh.600773,10.7500,10.7700,10.3600,10.6600,10.7900,6021640,63524450.8000
2024-06-26,sh.600773,10.5800,10.8000,10.4000,10.7700,10.6600,5407701,57489786.7400
2024-06-27,sh.600773,10.7100,10.8000,10.4600,10.5500,10.7700,3515900,37124582.7400
2024-06-28,sh.600773,10.5100,10.6700,10.0700,10.3200,10.5500,12061000,124278984.4700
2024-07-01,sh.600773,10.1800,11.1000,10.0000,11.0400,10.3200,13990884,149667217.9300
2024-07-02,sh.600773,11.0400,11.4800,10.9600,11.1600,11.0400,13460983,151426245.9000
2024-07-03,sh.600773,11.1600,12.2800,11.1600,12.2100,11.1600,28056493,335772388.1800
2024-07-04,sh.600773,12.1200,12.3000,11.7900,11.9600,12.2100,19347826,232749882.6100
2024-07-05,sh.600773,11.9600,12.5400,11.8800,12.2700,11.9600,15010220,184976213.1300
2024-07-08,sh.600773,12.2100,12.5200,12.0000,12.2500,12.2700,9257300,113226838.0000
2024-07-09,sh.600773,12.2100,12.2100,11.7500,12.0600,12.2500,9357401,111944695.0400
2024-07-10,sh.600773,11.9300,12.2100,11.8100,12.0000,12.0600,7019467,84685069.0400
2024-07-11,sh.600773,12.1000,12.5700,11.9100,12.4300,12.0000,10153108,125672380.4800
2024-07-12,sh.600773,12.4900,12.5800,12.1500,12.1800,12.4300,7571700,93760577.0000
2024-07-15,sh.600773,12.1800,12.2600,11.9200,12.1000,12.1800,6599700,79730528.0000
2024-07-16,sh.600773,12.0300,12.1100,11.8000,12.0300,12.1000,6669401,79868743.8800
2024-07-17,sh.600773,12.0300,12.7700,12.0300,12.5400,12.0300,13438800,166797324.0000
2024-07-18,sh.600773,12.6600,12.6800,12.2300,12.4300,12.5400,8915800,110966492.0000
2024-07-19,sh.600773,12.4900,12.4900,12.2600,12.3600,12.4200,4486601,55438973.3500
2024-07-22,sh.600773,12.4000,12.4900,11.9000,12.0000,12.3600,7745300,94636690.0000
2024-07-23,sh.600773,11.9800,12.1200,11.7700,11.7800,12.0000,5573280,66515301.9000
2024-07-24,sh.600773,11.9200,11.9200,11.4400,11.4500,11.7800,6257401,72620521.6600
2024-07-25,sh.600773,11.3500,11.6200,11.3100,11.4400,11.4500,3924401,45096087.3000
2024-07-26,sh.600773,11.5100,11.6500,11.3800,11.4100,11.4400,3791000,43528847.0000
2024-07-29,sh.600773,11.4700,11.8100,11.1200,11.1700,11.4100,7416023,84662937.9100
2024-07-30,sh.600773,11.1500,11.3900,11.0300,11.1900,11.1700,5101723,57123324.8400
2024-07-31,sh.600773,11.1900,11.7200,11.1500,11.6400,11.1900,6787200,78157284.0000
2024-08-01,sh.600773,11.7500,11.8400,11.6100,11.6900,11.6400,4306200,50433440.0000
2024-08-02,sh.600773,11.6300,11.7500,11.5000,11.5200,11.6900,3254500,37768729.0000
2024-08-05,sh.600773,11.4600,11.7200,11.1000,11.1100,11.5200,7053426,80051514.1200
2024-08-06,sh.600773,11.3100,11.3800,11.1800,11.3700,11.1100,4732257,53366779.5200
2024-08-07,sh.600773,11.2700,11.4200,11.1400,11.2800,11.3700,3303900,37321727.0000
2024-08-08,sh.600773,11.3200,11.4800,11.1900,11.3600,11.2800,4169457,47321757.3800
2024-08-09,sh.600773,11.4000,11.6200,11.2600,11.2600,11.3600,4449600,50877373.0000
2024-08-12,sh.600773,11.2400,11.3600,10.9300,10.9600,11.2600,5727600,63368801.0000
2024-08-13,sh.600773,10.9100,11.1900,10.7400,11.1300,10.9600,5158500,56513728.0000
2024-08-14,sh.600773,11.1300,11.4400,10.9400,10.9400,11.1300,6448300,72001175.0000
2024-08-15,sh.600773,10.8500,11.1200,10.7300,10.9800,10.9400,4415087,48346438.8700
2024-08-16,sh.600773,10.9000,11.0000,10.3300,10.5700,10.9800,9673000,102932925.0000
2024-08-19,sh.600773,10.4900,11.6300,10.4500,11.5300,10.5700,22531627,256563982.8000
2024-08-20,sh.600773,11.5700,11.7100,11.3600,11.3900,11.5300,13538600,155770214.0000
2024-08-21,sh.600773,11.3600,11.5200,11.1600,11.2100,11.3900,6635100,74954149.0000
2024-08-22,sh.600773,11.2300,11.3400,10.8200,10.8700,11.2100,5631602,61910709.4200
2024-08-23,sh.600773,10.9500,11.0200,10.6300,10.7000,10.8700,4967386,53308984.6500
2024-08-26,sh.600773,10.7200,11.0200,10.6600,10.7500,10.7000,5166459,55873981.2800
2024-08-27,sh.600773,10.7500,11.3100,10.4700,10.5600,10.7500,12071920,130343823.2000
2024-08-28,sh.600773,10.5000,10.7600,10.3600,10.7100,10.5600,4449801,47074193.6800
2024-08-29,sh.600773,10.6600,10.9200,10.6300,10.7300,10.7100,3904702,42167881.4900
2024-08-30,sh.600773,10.7200,11.4000,10.7200,11.1700,10.7300,9039521,100675865.8700
2024-09-02,sh.600773,11.2000,11.2500,10.8100,10.8500,11.1700,6186400,68115550.0000
2024-09-03,sh.600773,10.8900,11.0800,10.6900,10.9100,10.8500,4476354,48933274.4600
2024-09-04,sh.600773,10.8900,11.2200,10.7600,10.9300,10.9100,7249399,79424087.1100
2024-09-05,sh.600773,10.9800,11.1600,10.9300,11.0700,10.9300,4283746,47342093.1600
2024-09-06,sh.600773,11.0500,11.1100,10.9500,11.0400,11.0700,3386700,37398622.4800
2024-09-09,sh.600773,11.0100,11.1700,10.8400,10.9100,11.0400,4104700,45022498.0000
2024-09-10,sh.600773,10.8300,10.9400,10.4600,10.7200,10.9100,5274320,56302353.6000
2024-09-11,sh.600773,10.6500,10.9200,10.6500,10.8800,10.7200,4695800,50950562.9900
2024-09-12,sh.600773,10.8500,10.9700,10.7200,10.7500,10.8800,3399700,36759922.0000
2024-09-13,sh.600773,10.7500,11.1500,10.6700,10.9900,10.7500,7943868,86774738.5500
2024-09-18,sh.600773,10.9900,11.0800,10.5800,10.8900,10.9900,5703078,61615509.7200
2024-09-19,sh.600773,10.8900,11.2400,10.7500,11.0800,10.8900,6700100,74064046.0000
2024-09-20,sh.600773,11.0300,11.1000,10.8400,10.9500,11.0800,5607600,61503551.0000
2024-09-23,sh.600773,10.9500,11.0100,10.7000,10.9400,10.9500,5158650,56262621.0000
2024-09-24,sh.600773,10.9700,11.2900,10.8600,11.1400,10.9400,7490950,82949772.0000
2024-09-25,sh.600773,11.1100,11.4700,11.0300,11.1600,11.1400,11808700,133708940.0000
2024-09-26,sh.600773,11.0700,11.6000,11.0400,11.6000,11.1600,18492910,210166799.3000
2024-09-27,sh.600773,11.7400,12.1200,11.6500,11.9900,11.6000,17434310,206835833.2000
2024-09-30,sh.600773,12.9000,13.0400,12.1800,12.8700,11.9900,37442099,474395429.8100
2024-10-08,sh.600773,14.0800,14.1400,12.1900,12.3900,12.8700,60008956,776562411.5700
2024-10-09,sh.600773,12.1600,12.1600,11.1500,11.4000,12.3900,45805784,527783108.7400
2024-10-10,sh.600773,11.4100,12.3000,11.4100,11.8300,11.4000,42035259,502636366.0800
2024-10-11,sh.600773,11.7000,11.7000,11.2000,11.3800,11.8300,23359441,267419121.5800
2024-10-14,sh.600773,12.0300,12.0600,11.4600,11.8600,11.3800,29892271,351396394.1100
2024-10-15,sh.600773,11.6800,11.7100,11.3000,11.3300,11.8600,26852059,307211330.6600
2024-10-16,sh.600773,11.2000,11.8900,11.1100,11.5900,11.3300,24534240,283020073.2300
2024-10-17,sh.600773,11.5900,11.5900,11.1000,11.1200,11.5900,23500407,265510430.4500
2024-10-18,sh.600773,11.0000,11.5500,10.5000,11.3600,11.1200,34963166,386065808.6400
2024-10-21,sh.600773,11.3000,11.5300,11.2200,11.3000,11.3600,19746161,224118255.0400
2024-10-22,sh.600773,11.3400,11.7500,11.1900,11.5700,11.3000,20194675,231101261.9600
2024-10-23,sh.600773,11.5700,11.7200,11.4300,11.6000,11.5700,18448447,213742874.3300
2024-10-24,sh.600773,11.5600,11.9700,11.3500,11.6500,11.6000,23342137,271646953.6700
2024-10-25,sh.600773,11.6000,12.0500,11.6000,11.9800,11.6500,25439841,302510191.5400
2024-10-28,sh.600773,11.9500,12.5300,11.9400,12.1900,11.9800,31055204,380509298.4100
2024-10-29,sh.600773,12.2800,13.1800,11.9600,12.6500,12.1900,43665496,549123439.8300
2024-10-30,sh.600773,12.5700,12.9300,12.4200,12.4900,12.6500,23270283,293744349.9000
2024-10-31,sh.600773,12.4500,13.2000,12.4500,13.0600,12.4900,40638180,527457042.1000
2024-11-01,sh.600773,13.1900,13.9500,13.1100,13.4400,13.0600,38741070,525124312.9800
2024-11-04,sh.600773,13.4500,13.8700,13.1600,13.5900,13.4400,32002167,431105379.3900
2024-11-05,sh.600773,13.5700,14.7700,13.5400,14.5500,13.5900,46083340,661437134.3800
2024-11-06,sh.600773,14.5500,14.9100,14.1500,14.6400,14.5500,39583395,575357605.8900
2024-11-07,sh.600773,14.6500,15.0500,14.4900,14.7700,14.6400,32160583,474460935.5900
2024-11-08,sh.600773,14.7700,14.9400,14.0800,14.1400,14.7700,37390401,539278628.1600
2024-11-11,sh.600773,14.0300,14.5400,13.9600,14.2300,14.1400,22597156,320450630.0200
2024-11-12,sh.600773,14.2500,14.5000,14.0100,14.0800,14.2300,19772354,281728104.1000
2024-11-13,sh.600773,14.0500,14.3700,13.9100,14.1800,14.0800,13903571,195996890.0200
2024-11-14,sh.600773,14.3900,14.6500,13.9900,14.0200,14.1800,20202600,288467592.1200
2024-11-15,sh.600773,13.9400,14.0600,13.2600,13.2600,14.0200,20799631,284581356.0200
2024-11-18,sh.600773,13.4800,13.9900,13.3000,13.3800,13.2600,23135600,314901211.3800
2024-11-19,sh.600773,13.4700,14.1800,13.4700,14.1600,13.3800,27784352,388153593.1400
2024-11-20,sh.600773,14.2900,14.4800,14.0400,14.2400,14.1600,16427325,233449473.3400
2024-11-21,sh.600773,14.2500,14.3800,13.7600,13.8100,14.2400,17031949,238788755.6400
2024-11-22,sh.600773,13.8200,13.8600,12.9000,12.9500,13.8100,19791651,263917468.9400
2024-11-25,sh.600773,12.9500,13.1100,12.5300,12.6700,12.9500,17587751,223634056.5200
2024-11-26,sh.600773,12.6700,12.7300,12.1900,12.2100,12.6700,16569928,205477273.9400
2024-11-27,sh.600773,12.2200,12.6400,12.0000,12.6200,12.2100,18569061,229485304.3400
2024-11-28,sh.600773,12.6200,12.8900,12.4000,12.8100,12.6200,14473100,183711198.8400
2024-11-29,sh.600773,12.7900,12.9700,12.5100,12.6400,12.8100,14651400,186409900.0000
2024-12-02,sh.600773,12.7000,12.8000,12.4400,12.4700,12.6400,18708183,235545055.6700
2024-12-03,sh.600773,12.4400,12.5700,12.1000,12.2200,12.4700,18771704,229765177.5800
2024-12-04,sh.600773,12.1900,12.3000,11.8500,11.9700,12.2200,16395443,197518128.1600
2024-12-05,sh.600773,11.9400,12.2900,11.8400,12.2400,11.9700,13415047,162879221.1200
2024-12-06,sh.600773,12.2500,12.3300,12.0400,12.2700,12.2400,11625838,141796636.1100
2024-12-09,sh.600773,12.2100,12.9300,12.0800,12.7200,12.2700,28105418,353088088.9200
2024-12-10,sh.600773,13.3300,13.4000,12.8300,12.9400,12.7200,30550239,400032244.6600
2024-12-11,sh.600773,12.8800,13.2400,12.8000,13.0600,12.9400,14639600,191808793.0000
2024-12-12,sh.600773,13.0400,13.0700,12.8000,13.0200,13.0600,13541626,175199103.5200
2024-12-13,sh.600773,13.0200,13.1400,12.7100,12.7400,13.0200,19065860,246696541.8400
2024-12-16,sh.600773,12.7000,12.7000,12.2000,12.2600,12.7400,15255700,188642696.0000
2024-12-17,sh.600773,12.2300,12.2600,11.8600,11.9700,12.2600,11944305,143915027.3100
2024-12-18,sh.600773,12.0000,12.0600,11.7800,11.8100,11.9700,10129468,120586872.3200
2024-12-19,sh.600773,11.8000,11.8000,11.5600,11.7100,11.8100,9775701,114245991.6800
2024-12-20,sh.600773,11.7000,11.8800,11.6200,11.7000,11.7100,8893465,104437796.5000
2024-12-23,sh.600773,11.6700,11.7200,11.2500,11.2900,11.7000,14054206,160529326.3200
2024-12-24,sh.600773,11.2500,11.5500,11.2400,11.3300,11.2900,8541919,97327530.2200
2024-12-25,sh.600773,11.4000,11.4000,11.0700,11.2500,11.3300,8910700,99750559.0000
2024-12-26,sh.600773,11.2500,11.3500,10.9900,11.1000,11.2500,10341000,114918755.0000
2024-12-27,sh.600773,11.1300,11.4200,11.1300,11.1900,11.1000,8515300,96135775.4600
2024-12-30,sh.600773,11.2000,11.2400,10.9200,11.0400,11.1900,7752500,85446852.0000
2024-12-31,sh.600773,11.0300,11.1300,10.7500,10.7800,11.0400,8361602,90881058.6200
2025-01-02,sh.600773,10.8100,10.9600,10.4100,10.5400,10.7800,9365100,100476686.0000
2025-01-03,sh.600773,10.5400,10.6200,10.1700,10.1900,10.5400,9475854,97899125.8000
2025-01-06,sh.600773,10.2500,10.4300,10.1500,10.2500,10.1900,7016100,72057469.0000
2025-01-07,sh.600773,10.4000,10.6300,10.2600,10.5600,10.2500,7735300,80797170.0000
2025-01-08,sh.600773,10.5600,11.2500,10.4900,11.0100,10.5600,21184191,232965354.4100
2025-01-09,sh.600773,10.9300,10.9300,10.7100,10.7900,11.0100,8902800,96277988.0200
2025-01-10,sh.600773,10.8600,11.1700,10.6600,10.6600,10.7900,10493501,114432287.6600
2025-01-13,sh.600773,10.5700,10.5700,10.2700,10.3000,10.6600,10154700,105340886.0000
2025-01-14,sh.600773,10.2800,10.5900,10.2400,10.5200,10.3000,12216600,127605614.0000
2025-01-15,sh.600773,10.5300,10.5500,10.3000,10.4200,10.5200,9608900,99906015.0000
2025-01-16,sh.600773,10.4200,10.6500,10.4000,10.5000,10.4200,8245968,86763596.3200
2025-01-17,sh.600773,10.4700,10.7300,10.4200,10.5800,10.5000,7909640,83983625.4000
2025-01-20,sh.600773,10.8000,11.1800,10.7800,10.8300,10.5800,14007950,153651030.0000
2025-01-21,sh.600773,10.8800,10.9600,10.6100,10.6600,10.8300,8529306,91249319.7200
2025-01-22,sh.600773,10.5900,10.6600,10.3700,10.4500,10.6600,7027900,73309121.0000
2025-01-23,sh.600773,10.5300,10.6500,10.3300,10.3300,10.4500,7624180,79963574.5200
2025-01-24,sh.600773,10.3300,10.4100,10.2000,10.3300,10.3300,7120800,73577688.0000
2025-01-27,sh.600773,10.3500,10.5300,10.2300,10.2700,10.3300,6077000,62913204.0000
2025-02-05,sh.600773,10.5100,10.5800,10.3200,10.4700,10.2700,8633500,90396791.0000
2025-02-06,sh.600773,10.4500,10.5800,10.3300,10.5800,10.4700,7223780,75804841.0000
2025-02-07,sh.600773,10.5900,10.8300,10.5900,10.7100,10.5800,10609504,113920595.9600
2025-02-10,sh.600773,10.7200,10.9300,10.6200,10.8300,10.7100,12358100,132952740.0000
2025-02-11,sh.600773,10.8100,11.0000,10.6300,10.7100,10.8300,7981000,85439355.0000
2025-02-12,sh.600773,10.7000,10.8800,10.6400,10.8700,10.7100,11581854,124517622.5600
2025-02-13,sh.600773,10.8700,10.9400,10.7600,10.7900,10.8700,7828344,84799138.4000
2025-02-14,sh.600773,10.7800,10.9000,10.6500,10.7000,10.7900,7222866,77577975.2400
2025-02-17,sh.600773,10.6600,10.7300,10.5600,10.5900,10.7000,9495400,100817197.0000
2025-02-18,sh.600773,10.5800,10.6000,10.3400,10.4000,10.5900,10196801,106696504.4900
2025-02-19,sh.600773,10.3900,10.6000,10.3300,10.5900,10.4000,8199700,86015321.0000
2025-02-20,sh.600773,10.5400,10.5700,10.4000,10.4300,10.5900,7216519,75406659.7900
2025-02-21,sh.600773,10.4800,10.5100,10.2900,10.4600,10.4300,10087801,104724460.4300
2025-02-24,sh.600773,10.4400,10.5500,10.3400,10.3700,10.4600,8896301,92776358.3800
2025-02-25,sh.600773,10.3100,10.7400,10.2300,10.3900,10.3700,10037101,104942755.3800
2025-02-26,sh.600773,10.4300,10.5600,10.3300,10.5100,10.3900,8844744,92631140.4000
2025-02-27,sh.600773,10.5500,10.6500,10.4000,10.4700,10.5100,8676101,91261004.5400
2025-02-28,sh.600773,10.4100,10.4800,10.2100,10.2600,10.4700,9947076,102767278.9200
2025-03-03,sh.600773,10.3500,10.5300,10.2300,10.3900,10.2600,9770375,101967214.7400
2025-03-04,sh.600773,10.3800,10.3800,10.2600,10.3600,10.3900,6808039,70265709.3100
2025-03-05,sh.600773,10.3200,10.3600,9.7600,10.2000,10.3600,22153998,222212578.0200
2025-03-06,sh.600773,10.2000,10.3800,10.0900,10.3200,10.2000,11846900,120958256.0000
2025-03-07,sh.600773,10.2800,10.3400,10.1500,10.1900,10.3200,6841201,70043196.2800
2025-03-10,sh.600773,10.2000,10.2700,10.1500,10.2500,10.1900,6486800,66252689.0000
2025-03-11,sh.600773,10.1500,10.7700,10.1100,10.6600,10.2500,19350139,202054236.3300
2025-03-12,sh.600773,10.6600,10.9700,10.6100,10.7100,10.6600,15267739,164339606.5000
2025-03-13,sh.600773,10.6500,11.0400,10.6500,10.9200,10.7100,13918900,151557727.0000
2025-03-14,sh.600773,10.9200,10.9900,10.8000,10.8400,10.9200,11244975,122265621.5000
2025-03-17,sh.600773,10.8500,11.0400,10.8500,10.8600,10.8400,9051200,99083399.0000
2025-03-18,sh.600773,10.9300,10.9400,10.7500,10.7700,10.8600,6555300,70806508.0000
2025-03-19,sh.600773,10.7700,10.8400,10.6200,10.8000,10.7700,7290400,78252020.0000
2025-03-20,sh.600773,10.7800,10.7800,10.5500,10.5700,10.8000,7883900,83915590.0000
2025-03-21,sh.600773,10.5700,10.6200,10.4500,10.4900,10.5700,5555600,58465617.0000
2025-03-24,sh.600773,10.4700,10.5000,10.2300,10.3200,10.4900,7497100,77420600.0000
2025-03-25,sh.600773,10.3300,10.3800,10.1300,10.2600,10.3200,6327895,64673989.7000
2025-03-26,sh.600773,10.2000,10.3300,10.1800,10.2800,10.2600,3983845,40943608.2100
2025-03-27,sh.600773,10.2800,10.2800,10.1400,10.2500,10.2800,3819619,39050563.7500
2025-03-28,sh.600773,10.2500,10.2600,10.1400,10.1800,10.2500,4620925,47074483.7000
2025-03-31,sh.600773,10.1800,10.2300,9.9200,10.0000,10.1800,7188331,72045845.6900
2025-04-01,sh.600773,9.9800,10.0600,9.9100,9.9300,10.0000,5118600,51025490.0000
2025-04-02,sh.600773,9.9500,10.0800,9.8800,10.0300,9.9300,5434900,54387516.0000
2025-04-03,sh.600773,9.9500,10.1400,9.9500,10.0500,10.0300,4394600,44134010.0000
2025-04-07,sh.600773,9.9000,9.9000,9.0500,9.0500,10.0500,12843100,119062761.8700
2025-04-08,sh.600773,8.8800,9.1400,8.7100,8.9200,9.0500,15761735,139731889.5500
2025-04-09,sh.600773,8.7400,9.0200,8.3900,8.9300,8.9200,12108101,105856618.3500
2025-04-10,sh.600773,9.0300,9.3500,8.9900,9.2800,8.9300,10135210,93309970.1000
2025-04-11,sh.600773,9.2200,9.3400,9.1700,9.2500,9.2800,5733600,53138884.0000
2025-04-14,sh.600773,9.3400,9.3900,9.1600,9.1900,9.2500,7703700,71426870.0000
2025-04-15,sh.600773,9.1600,9.2500,9.0700,9.0800,9.1900,5249100,47889752.0000
2025-04-16,sh.600773,9.0800,9.0900,8.7600,8.8100,9.0800,8273715,73516034.1500
2025-04-17,sh.600773,8.7400,9.2900,8.7000,8.9800,8.8100,11616915,104902463.1000
2025-04-18,sh.600773,8.9200,9.1600,8.7900,9.0600,8.9800,7963243,71257097.8500
2025-04-21,sh.600773,9.0600,9.2500,8.9300,9.1300,9.0600,6058900,55215301.9800
2025-04-22,sh.600773,9.1500,9.2800,9.0300,9.1800,9.1300,6904400,63312742.0000
2025-04-23,sh.600773,9.1800,9.3100,9.1200,9.1300,9.1800,4231600,38848576.0000
2025-04-24,sh.600773,9.1400,9.2600,8.9700,9.0800,9.1300,6102700,55475963.0000
2025-04-25,sh.600773,9.0700,9.2900,9.0600,9.0600,9.0800,7194743,65949427.0100
2025-04-28,sh.600773,9.0900,9.1000,8.7500,8.7600,9.0600,11674447,102963516.7200
2025-04-29,sh.600773,8.7800,8.9700,8.6800,8.9100,8.7600,6229400,55324943.0000
2025-04-30,sh.600773,8.9100,9.0800,8.8300,8.8600,8.9100,5835400,52030089.0000
2025-05-06,sh.600773,8.9100,9.0300,8.8300,9.0200,8.8600,7624602,68320794.9800
2025-05-07,sh.600773,9.1500,9.3000,9.0400,9.1400,9.0200,8045200,73602115.0000
2025-05-08,sh.600773,9.0300,9.2000,9.0200,9.0600,9.1400,6680287,60760769.3500
2025-05-09,sh.600773,9.0800,9.0900,8.8700,8.8800,9.0600,7288300,65015735.0000
2025-05-12,sh.600773,8.9500,9.0400,8.8800,8.9700,8.8800,6191800,55456126.9000
2025-05-13,sh.600773,9.0800,9.1200,8.8800,8.9200,8.9700,6410400,57459454.0000
2025-05-14,sh.600773,8.9000,9.0100,8.8600,8.9900,8.9200,8716400,77916557.0000
2025-05-15,sh.600773,9.0200,9.4000,8.9500,8.9500,8.9900,16400911,149983553.4400
2025-05-16,sh.600773,8.9000,8.9500,8.8000,8.8200,8.9500,8795034,77913967.9200
2025-05-19,sh.600773,8.8400,9.1000,8.8100,9.0900,8.8200,12350874,111033128.4300
2025-05-20,sh.600773,9.0200,9.1200,8.9600,9.0600,9.0900,6420758,57931873.4800
2025-05-21,sh.600773,9.0600,9.2500,8.9700,9.0400,9.0600,8328057,75532018.7200
2025-05-22,sh.600773,9.0400,9.0600,8.9000,8.9000,9.0400,5363536,48060961.7400
2025-05-23,sh.600773,8.8900,9.1500,8.8700,8.9700,8.9000,9801003,88698295.8400
2025-05-26,sh.600773,9.0900,9.2600,8.9500,8.9800,8.9700,10851100,98548193.0000
2025-05-27,sh.600773,8.9600,9.0300,8.8800,9.0100,8.9800,5966000,53406015.0000
2025-05-28,sh.600773,9.0100,9.0200,8.8500,8.8900,9.0100,6671601,59346801.8600
2025-05-29,sh.600773,8.8600,8.9600,8.8500,8.9200,8.8900,4643261,41441561.1800
2025-05-30,sh.600773,8.9200,8.9200,8.7500,8.7700,8.9200,6868500,60409551.0000
2025-06-03,sh.600773,8.7300,8.7900,8.6800,8.7700,8.7700,4573600,40002890.0000
2025-06-04,sh.600773,8.7700,8.9600,8.7300,8.9200,8.7700,6474047,57553047.7200
2025-06-05,sh.600773,8.9200,8.9800,8.8400,8.9100,8.9200,4363900,38779951.0000
2025-06-06,sh.600773,8.9100,8.9900,8.8900,8.9400,8.9100,5776645,51709609.2600
2025-06-09,sh.600773,8.9000,9.0500,8.9000,9.0400,8.9400,6192157,55661089.7400
2025-06-10,sh.600773,9.0000,9.0900,8.9000,8.9800,9.0400,5816200,52324362.3200
2025-06-11,sh.600773,9.0000,9.2400,8.9700,9.1200,8.9800,10648300,97332295.0000
2025-06-12,sh.600773,9.0900,9.1900,9.0300,9.1700,9.1200,7290600,66371970.0000
2025-06-13,sh.600773,9.1500,9.1600,8.9700,9.0400,9.1700,9163800,82962015.9600
2025-06-16,sh.600773,9.0100,9.1300,9.0000,9.0400,9.0400,7145845,64771493.4000
2025-06-17,sh.600773,9.0400,9.1000,8.9900,9.0300,9.0400,5672601,51255783.0100
2025-06-18,sh.600773,9.0400,9.2800,8.9700,9.1100,9.0300,9768913,88909031.1700
2025-06-19,sh.600773,9.0700,9.3000,9.0100,9.0600,9.1100,9743390,88997061.6600
2025-06-20,sh.600773,9.0400,9.9700,9.0300,9.9700,9.0600,41603642,398283727.6800
2025-06-23,sh.600773,9.9000,9.9200,9.6000,9.8600,9.9700,30875278,301753640.8300
2025-06-24,sh.600773,9.8000,9.9500,9.7700,9.8800,9.8600,17273959,170021688.4400
2025-06-25,sh.600773,9.8800,10.0600,9.7900,9.8900,9.8800,16659228,164837702.1600
2025-06-26,sh.600773,9.8800,10.2000,9.8500,9.9700,9.8900,21033110,210691022.5000
2025-06-27,sh.600773,10.0000,10.2700,9.9900,10.2000,9.9700,17940557,181755145.7900
2025-06-30,sh.600773,10.2800,10.3800,10.0100,10.0600,10.2000,13999800,141416095.0000
2025-07-01,sh.600773,10.0800,10.2200,10.0000,10.0900,10.0600,10929000,110237457.0000
2025-07-02,sh.600773,10.0200,10.2300,9.9000,10.1300,10.0800,10880088,109751246.2800
2025-07-03,sh.600773,10.1600,10.2400,10.0800,10.1600,10.1300,9186688,93346344.4400
2025-07-04,sh.600773,10.1900,10.1900,9.8400,9.8600,10.1600,14250900,141930803.0000
2025-07-07,sh.600773,9.8500,10.1000,9.8200,10.0500,9.8600,10630700,106215056.0000
2025-07-08,sh.600773,10.1000,10.2400,10.0500,10.1400,10.0500,9380256,95062227.5300
2025-07-09,sh.600773,10.1500,10.1500,9.9700,10.0000,10.1400,8288700,83160887.0000
2025-07-10,sh.600773,10.0300,10.1800,9.9600,10.1700,10.0000,10373903,104824380.2300
2025-07-11,sh.600773,10.2000,10.2500,10.0900,10.1100,10.1700,9867400,100159613.0000
2025-07-14,sh.600773,10.1200,10.5100,10.1100,10.1600,10.1100,15326090,157363638.5900
2025-07-15,sh.600773,10.1000,10.1600,9.9100,10.0400,10.1600,11371515,113664973.7700
2025-07-16,sh.600773,9.9600,10.0600,9.9200,9.9700,10.0400,6663106,66561625.9400
2025-07-17,sh.600773,9.9500,10.0900,9.9400,9.9800,9.9700,5679526,56734322.7000
2025-07-18,sh.600773,10.0000,10.2900,10.0000,10.1400,9.9800,12228400,124305902.0000
2025-07-21,sh.600773,11.1500,11.1500,10.9700,11.1500,10.1400,30781120,343042920.7600
2025-07-22,sh.600773,12.2700,12.2700,12.0300,12.2700,11.1500,20479658,251230771.6600
2025-07-23,sh.600773,13.5000,13.5000,12.0400,12.1000,12.2700,141604053,1812527023.1500
2025-07-24,sh.600773,11.5300,12.5800,11.5300,12.1600,12.1000,85290009,1029164847.6700
2025-07-25,sh.600773,11.9800,12.0600,11.3000,11.3400,12.1600,67715689,783411471.7200
2025-07-28,sh.600773,11.2500,11.2700,11.0600,11.1500,11.3400,30331333,338274106.6700
2025-07-29,sh.600773,11.1900,11.4400,10.9800,11.3000,11.1500,41202400,461117694.0000
2025-07-30,sh.600773,11.1800,11.3400,11.0300,11.0800,11.3000,28495749,317330536.4400
2025-07-31,sh.600773,11.0100,11.0500,10.8400,10.8800,11.0800,24479402,267185586.7400
2025-08-01,sh.600773,10.8000,10.9200,10.6700,10.7000,10.8800,14934902,160960207.3700
2025-08-04,sh.600773,10.6400,10.7700,10.6000,10.7700,10.7000,10096214,107879492.7700
2025-08-05,sh.600773,10.8000,10.8200,10.6000,10.7000,10.7700,13381501,142939653.6400
2025-08-06,sh.600773,10.6800,10.6800,10.5200,10.5600,10.7000,16752184,177035780.8500
2025-08-07,sh.600773,10.5800,10.6800,10.5200,10.6500,10.5600,14364407,152341641.3800
2025-08-08,sh.600773,10.6400,10.8500,10.5600,10.7500,10.6500,18567806,198696841.5400
2025-08-11,sh.600773,11.1700,11.1800,10.9200,11.1200,10.7500,33194460,367989631.4700
2025-08-12,sh.600773,11.0600,11.0700,10.8300,10.8800,11.1200,19699858,214681045.7000
2025-08-13,sh.600773,10.8800,10.9800,10.8000,10.8800,10.8800,15281038,166036383.8700
2025-08-14,sh.600773,10.8800,11.1400,10.7000,10.7300,10.8800,22274721,242975518.4200
2025-08-15,sh.600773,10.6100,10.8300,10.6100,10.8000,10.7300,17094156,183689281.6800
2025-08-18,sh.600773,10.8500,11.4000,10.8500,11.3000,10.8000,39960798,447659108.2900
2025-08-19,sh.600773,11.4200,11.9600,11.2800,11.6700,11.3000,49419075,574536035.1000
2025-08-20,sh.600773,11.5500,11.5900,11.2200,11.4800,11.6700,33747062,383796433.3600
2025-08-21,sh.600773,11.6000,11.6000,11.0800,11.1600,11.4800,37059625,416270099.4400
2025-08-22,sh.600773,11.1300,11.1300,10.9700,11.0600,11.1600,17660553,195051058.6800
2025-08-25,sh.600773,11.0000,11.3600,11.0000,11.1900,11.0600,27587122,307941737.8200
2025-08-26,sh.600773,11.1400,11.1500,10.9700,11.0500,11.1900,15438838,170829669.5600
2025-08-27,sh.600773,11.0600,11.0800,10.7100,10.7200,11.0500,20868978,227429607.5200
2025-08-28,sh.600773,10.7200,10.8600,10.4900,10.7700,10.7200,14029103,149757308.7000
2025-08-29,sh.600773,10.7800,10.8400,10.6800,10.7500,10.7700,10931500,117674625.0000
2025-09-01,sh.600773,10.7100,10.7500,10.6100,10.7300,10.7500,8640413,92306611.7100
2025-09-02,sh.600773,10.7100,10.7200,10.5200,10.6400,10.7300,9433638,100174556.3200
2025-09-03,sh.600773,10.6700,10.7000,10.4400,10.5000,10.6400,12037341,126820041.0800
2025-09-04,sh.600773,10.5000,10.9800,10.4800,10.7800,10.5000,20110417,216210538.5500
2025-09-05,sh.600773,10.7900,11.1700,10.7200,11.1500,10.7800,20565888,225527465.6800
2025-09-08,sh.600773,11.0700,11.2000,10.9200,11.0000,11.1500,15677214,172904247.0600
2025-09-09,sh.600773,11.0000,11.1900,10.9700,11.0400,11.0000,17157217,190440209.3700
2025-09-10,sh.600773,10.9600,10.9800,10.7900,10.8600,11.0400,12338508,134032725.5800
2025-09-11,sh.600773,10.8100,10.9600,10.7300,10.9500,10.8600,11196469,121837765.2600
2025-09-12,sh.600773,10.9500,11.1000,10.9200,11.0500,10.9500,13786000,151754604.1300
2025-09-15,sh.600773,11.0600,11.0900,10.8800,11.0300,11.0500,10984748,120462433.0800
2025-09-16,sh.600773,11.1000,11.1400,10.8500,10.9400,11.0300,9732449,106509361.5600
2025-09-17,sh.600773,10.8600,10.9800,10.8300,10.8900,10.9400,7937544,86526352.6200
2025-09-18,sh.600773,10.8600,10.9900,10.6100,10.6500,10.8900,14160527,153288457.4600
2025-09-19,sh.600773,10.7000,10.8200,10.6400,10.7900,10.6500,8516327,91509582.3300
2025-09-22,sh.600773,10.7900,10.7900,10.5200,10.6600,10.7900,7665300,81323720.0000
2025-09-23,sh.600773,10.6100,10.6500,10.2100,10.3800,10.6600,10907100,112935442.0000
2025-09-24,sh.600773,10.3500,10.5700,10.2800,10.5500,10.3800,6525900,68544215.0000
2025-09-25,sh.600773,10.6000,10.6200,10.4100,10.4200,10.5500,7560500,79272046.0000
2025-09-26,sh.600773,10.4500,10.5500,10.3100,10.4200,10.4200,8475900,88405499.0000
2025-09-29,sh.600773,10.5700,10.7500,10.4100,10.6400,10.4200,11154148,117900806.3200
2025-09-30,sh.600773,10.6500,10.9300,10.5600,10.8000,10.6400,13356300,143917667.0000
2025-10-09,sh.600773,10.8500,10.9900,10.7500,10.9200,10.8000,11938600,130193583.0000
2025-10-10,sh.600773,10.9200,11.1500,10.8700,11.1000,10.9200,16984800,187459808.0000
2025-10-13,sh.600773,10.7000,11.1800,10.7000,11.0900,11.1000,13168200,145338482.0000
2025-10-14,sh.600773,11.1400,11.2500,10.9700,11.0100,11.0900,13000804,144504474.0000
2025-10-15,sh.600773,11.0300,11.0900,10.9500,11.0500,11.0100,8985510,99097559.5000
2025-10-16,sh.600773,11.0400,11.0700,10.8700,10.9400,11.0500,8064500,88425741.0000
2025-10-17,sh.600773,10.9500,11.4700,10.9400,11.0200,10.9400,21299223,237993480.9800
2025-10-20,sh.600773,11.0100,11.1800,10.9800,11.0100,11.0200,11895346,131608839.8400
2025-10-21,sh.600773,11.0200,11.2300,10.9000,11.1300,11.0100,12212405,135800242.6000
2025-10-22,sh.600773,11.1000,11.1300,10.9400,11.0400,11.1300,9941690,109563204.3700
2025-10-23,sh.600773,11.0500,11.2500,11.0000,11.1800,11.0400,16225800,180232013.0000
2025-10-24,sh.600773,11.1300,11.2600,11.0900,11.1000,11.1800,13057080,145762559.9800
2025-10-27,sh.600773,11.1000,11.1600,10.9800,10.9800,11.1000,11613299,127959554.7200
2025-10-28,sh.600773,10.9800,11.1500,10.9300,11.0400,10.9800,8954037,98988446.0000
2025-10-29,sh.600773,11.0400,11.5100,11.0000,11.3600,11.0400,25533763,288446126.3300
2025-10-30,sh.600773,11.5000,12.5000,11.3700,12.5000,11.3600,55717574,668805037.6300
2025-10-31,sh.600773,12.3900,12.6400,11.9600,12.3500,12.5000,58032626,712091850.9500
2025-11-03,sh.600773,12.2600,12.4800,12.0900,12.4100,12.3500,27279107,336019591.4400
2025-11-04,sh.600773,12.3800,12.9800,12.2800,12.6200,12.4100,34887945,441991801.0800
2025-11-05,sh.600773,12.3300,12.5900,12.2200,12.5800,12.6200,21477270,266289485.2000
2025-11-06,sh.600773,12.5000,12.8700,12.4500,12.7500,12.5800,24076268,305507268.7600
2025-11-07,sh.600773,12.7400,12.9500,12.5800,12.8500,12.7500,21673906,276953848.4500
2025-11-10,sh.600773,12.9300,13.4500,12.6200,12.8000,12.8500,31862651,414608983.9100
2025-11-11,sh.600773,12.7800,13.0700,12.6500,12.7000,12.8000,21054100,269989909.0000
2025-11-12,sh.600773,12.6300,12.9400,12.4200,12.8500,12.7000,18243796,231544157.4800
2025-11-13,sh.600773,12.8000,13.7600,12.7200,13.3300,12.8500,36503867,486229217.3900
2025-11-14,sh.600773,13.1800,13.3800,12.8500,13.0000,13.3300,22887679,297768904.3100
2025-11-17,sh.600773,13.1000,14.3000,13.0200,14.2500,13.0000,61511083,854406505.4600
2025-11-18,sh.600773,14.3200,14.7200,13.4800,13.5600,14.2500,51872511,726494297.4600
2025-11-19,sh.600773,13.6200,14.0700,13.4800,13.8400,13.5600,37339137,514223196.0300
2025-11-20,sh.600773,13.8400,14.9000,13.5500,14.3700,13.8400,53222711,759374492.8800
2025-11-21,sh.600773,13.6900,13.7600,12.9300,12.9300,14.3700,47312555,622010169.3400
2025-11-24,sh.600773,13.0200,13.1300,12.4700,13.0000,12.9300,28226652,360789715.3500
2025-11-25,sh.600773,12.9900,13.1900,12.8000,12.9900,13.0000,28376002,369177151.0600
2025-11-26,sh.600773,13.0700,13.1300,12.6500,12.7300,12.9900,23179553,298348733.2600
2025-11-27,sh.600773,12.7000,12.9800,12.6400,12.6700,12.7300,15675817,200237103.6800
2025-11-28,sh.600773,12.6100,13.3100,12.6100,13.0700,12.6700,22479535,291708468.3100
2025-12-01,sh.600773,13.2000,13.8200,13.1400,13.5700,13.0700,24373411,330913791.5900
2025-12-02,sh.600773,13.4900,13.5000,12.8700,12.8900,13.5700,21739629,283653747.5900
2025-12-03,sh.600773,12.9300,13.0000,12.3100,12.3900,12.8900,19505968,244042270.2500
2025-12-04,sh.600773,12.4100,12.8000,12.3400,12.4300,12.3900,14783053,185098716.6700
2025-12-05,sh.600773,12.3900,12.5300,12.2600,12.4400,12.4300,9117725,113082513.2500
2025-12-08,sh.600773,12.5300,12.5400,12.1900,12.3400,12.4400,12287900,151774099.0000
2025-12-09,sh.600773,12.2000,12.3000,11.8600,12.0000,12.3400,13841373,166557648.8900
2025-12-10,sh.600773,11.9000,12.0000,11.7200,11.9200,12.0000,11412700,135385389.5200
2025-12-11,sh.600773,11.9500,12.0700,11.7600,11.7800,11.9200,10263500,121932153.8100
2025-12-12,sh.600773,11.9000,12.0500,11.5300,11.5500,11.7800,13926442,163936282.4700
2025-12-15,sh.600773,11.5000,11.6500,11.4000,11.5600,11.5500,11429173,131676463.6100
2025-12-16,sh.600773,11.6400,11.6500,11.2800,11.5100,11.5600,11747400,134125416.0000
2025-12-17,sh.600773,11.6800,12.2500,11.6800,12.1500,11.5100,26787300,321063346.8300
2025-12-18,sh.600773,12.0300,12.2300,11.8800,11.8900,12.1500,12521901,150624025.0400
2025-12-19,sh.600773,11.9000,12.3400,11.7200,12.2300,11.8900,20166060,243749060.3100
2025-12-22,sh.600773,12.3400,12.7600,12.3200,12.5600,12.2300,17065310,213256383.2800
2025-12-23,sh.600773,12.5800,12.6100,12.3100,12.5000,12.5600,11000610,136998597.5000
2025-12-24,sh.600773,12.5100,12.7800,12.3900,12.5500,12.5000,11875900,149139673.0000
2025-12-25,sh.600773,12.3500,12.5400,12.1600,12.4700,12.5500,14139790,174144604.7000
2025-12-26,sh.600773,12.7500,12.8000,12.4900,12.6600,12.4700,18242234,230601526.2800
2025-12-29,sh.600773,12.6700,12.6800,12.2900,12.3700,12.6600,12850567,160006527.4600
2025-12-30,sh.600773,12.2800,12.4300,12.1000,12.1800,12.3700,13057624,159681247.5000
2025-12-31,sh.600773,12.3200,12.6800,12.2800,12.3900,12.1800,13260046,165261021.8800
