date,code,open,high,low,close,preclose,volume,amount
2019-01-02,sz.300390,7.3500,8.0700,7.2100,7.6800,7.3400,8044006,62264011.7000
2019-01-03,sz.300390,7.7300,7.7700,7.5400,7.5500,7.6800,5995635,45899985.2000
2019-01-04,sz.300390,7.3200,7.9700,7.2800,7.8600,7.5500,8031110,62240476.2400
2019-01-07,sz.300390,7.9800,8.0100,7.7300,7.9200,7.8600,6899175,54290545.1000
2019-01-08,sz.300390,7.8400,7.9300,7.7700,7.8700,7.9200,4150098,32606552.2900
2019-01-09,sz.300390,7.9300,8.0700,7.8300,7.8400,7.8700,5731885,45581964.6600
2019-01-10,sz.300390,7.7900,7.9800,7.7300,7.8000,7.8400,4498671,35487455.9600
2019-01-11,sz.300390,7.8300,7.9700,7.7000,7.8900,7.8000,4341275,33977540.5000
2019-01-14,sz.300390,7.8900,7.9600,7.7200,7.7500,7.8900,3147125,24561314.5000
2019-01-15,sz.300390,7.7400,7.9800,7.7000,7.9700,7.7500,4581600,36064038.0000
2019-01-16,sz.300390,7.9700,8.1500,7.8600,7.8700,7.9700,5666600,45362582.0000
2019-01-17,sz.300390,7.8900,8.0900,7.8100,7.8500,7.8700,4950618,39282639.2700
2019-01-18,sz.300390,7.8500,7.8800,7.7200,7.7700,7.8500,3878999,30168538.0600
2019-01-21,sz.300390,7.9300,7.9700,7.7900,7.8700,7.7700,3479800,27463992.5700
2019-01-22,sz.300390,7.8800,8.1000,7.7600,7.9500,7.8700,5640446,44897489.2000
2019-01-23,sz.300390,7.8800,8.3400,7.8000,8.2700,7.9500,12726238,104210135.7500
2019-01-24,sz.300390,8.2000,8.3700,8.1000,8.1300,8.2700,8571099,70302314.8300
2019-01-25,sz.300390,8.1300,8.2400,8.0600,8.1900,8.1300,5523649,45000558.8800
2019-01-28,sz.300390,8.2000,8.2800,7.8900,7.9200,8.1900,5475551,44141515.2200
2019-01-29,sz.300390,7.8900,7.9000,7.2200,7.4800,7.9200,5886550,44014786.5000
2019-01-30,sz.300390,7.4900,7.5600,7.3800,7.4000,7.4800,2723700,20283745.0000
2019-01-31,sz.300390,7.4000,7.5100,7.2300,7.2600,7.4000,3357700,24723602.0000
2019-02-01,sz.300390,7.3100,7.5800,7.3100,7.5000,7.2600,3548400,26581199.0000
2019-02-11,sz.300390,7.5100,7.6900,7.4800,7.6800,7.5000,3697700,28201294.0000
2019-02-12,sz.300390,7.6700,7.9800,7.6600,7.9200,7.6800,5544450,43478658.0000
2019-02-13,sz.300390,7.9200,8.2100,7.8500,8.1800,7.9200,9701037,78266045.7400
2019-02-14,sz.300390,8.0900,8.3000,8.0600,8.1400,8.1800,9100882,74212708.3700
2019-02-15,sz.300390,8.2500,8.8000,8.1100,8.1600,8.1400,13837686,116084040.1200
2019-02-18,sz.300390,8.2300,8.4700,8.1600,8.4600,8.1600,11575508,96364723.6100
2019-02-19,sz.300390,8.4100,8.6200,8.2500,8.4300,8.4600,12556897,106106477.6300
2019-02-20,sz.300390,8.4000,8.5400,8.2600,8.4300,8.4300,7941347,66825745.7200
2019-02-21,sz.300390,8.3000,8.6200,8.3000,8.3500,8.4300,9554000,80705315.0000
2019-02-22,sz.300390,8.3300,8.6500,8.3100,8.6100,8.3500,11849277,100988248.6700
2019-02-25,sz.300390,8.7500,9.2900,8.6000,9.0300,8.6100,21221287,188768697.3900
2019-02-26,sz.300390,8.8700,9.0000,8.6200,8.7600,9.0300,18049692,158800003.3300
2019-02-27,sz.300390,8.7300,8.8400,8.4500,8.5900,8.7600,11819820,102789692.7400
2019-02-28,sz.300390,8.5600,8.9200,8.5500,8.7800,8.5900,10104639,88441657.8500
2019-03-01,sz.300390,8.7900,8.8500,8.5900,8.7000,8.7800,6619187,57443944.1800
2019-03-04,sz.300390,8.8500,8.9900,8.7200,8.7700,8.7000,13618425,120262050.2500
2019-03-05,sz.300390,8.7500,9.3900,8.7200,9.1800,8.7700,21867849,198439422.6200
2019-03-06,sz.300390,9.2100,9.2800,8.9600,9.2600,9.1800,18871293,172140223.4500
2019-03-07,sz.300390,9.2400,10.1900,9.1200,10.1900,9.2600,23990613,229150430.3000
2019-03-08,sz.300390,9.9000,10.7200,9.6500,9.9000,10.1900,34498345,353450593.2000
2019-03-11,sz.300390,10.1000,10.4000,9.8200,10.3700,9.9000,19387179,197099776.9400
2019-03-12,sz.300390,10.3500,10.6000,10.0200,10.3200,10.3700,24634468,253939019.9900
2019-03-13,sz.300390,10.3000,10.6800,9.9300,9.9600,10.3200,21588758,223930581.1000
2019-03-14,sz.300390,9.8800,9.9100,9.1700,9.2800,9.9600,16757360,158897457.3000
2019-03-15,sz.300390,9.3000,9.6200,9.2700,9.4300,9.2800,12370200,116517632.7300
2019-03-18,sz.300390,10.3700,10.3700,10.3700,10.3700,9.4300,6560546,68032862.0200
2019-03-19,sz.300390,10.8000,11.4100,10.4500,11.4100,10.3700,43251192,465914310.8500
2019-03-20,sz.300390,11.6600,12.5000,11.3300,11.3500,11.4100,61308006,725897926.8500
2019-03-21,sz.300390,11.2300,12.1200,11.2300,11.5200,11.3500,45539873,531073127.1200
2019-03-22,sz.300390,11.2400,11.2600,10.8500,10.9800,11.5200,28878141,318544486.7500
2019-03-25,sz.300390,10.6800,11.4500,10.6000,11.0900,10.9800,23594493,262202754.1100
2019-03-26,sz.300390,11.0100,11.1300,10.7000,10.7200,11.0900,17113572,186264265.3600
2019-03-27,sz.300390,10.8000,10.9600,10.3700,10.8200,10.7200,16471446,175792561.4200
2019-03-28,sz.300390,10.6100,10.7700,10.2700,10.2800,10.8200,13497847,141871079.3800
2019-03-29,sz.300390,10.2800,10.5800,10.0700,10.5400,10.2800,13850286,143373565.0200
2019-04-01,sz.300390,10.5800,11.0800,10.5800,10.9600,10.5400,15284231,165972303.9700
2019-04-02,sz.300390,11.1000,11.1000,10.7600,10.8900,10.9600,15454392,168464285.2300
2019-04-03,sz.300390,10.8900,10.9300,10.7100,10.9200,10.8900,10600784,114885360.9600
2019-04-04,sz.300390,10.9200,11.0500,10.7000,10.7700,10.9200,12848506,139643366.8300
2019-04-08,sz.300390,10.8600,10.8900,10.3100,10.5500,10.7700,10705477,113864702.7400
2019-04-09,sz.300390,10.7200,11.1400,10.6900,10.9700,10.5500,17407538,190103517.2000
2019-04-10,sz.300390,10.8700,10.8800,10.5500,10.7200,10.9700,10677180,114595131.8000
2019-04-11,sz.300390,10.7000,10.8100,10.3800,10.4100,10.7200,8649000,91506510.4700
2019-04-12,sz.300390,10.3600,10.6400,10.3600,10.5600,10.4100,6314877,66364283.4800
2019-04-15,sz.300390,10.5000,10.5300,10.1000,10.1200,10.5600,12069244,125211455.9500
2019-04-16,sz.300390,10.0000,10.3200,9.8000,10.2900,10.1200,8854652,88967262.3100
2019-04-17,sz.300390,10.2400,10.4800,10.2000,10.4300,10.2900,7822540,81360155.6100
2019-04-18,sz.300390,10.4200,10.4900,10.2400,10.2400,10.4300,5481350,56891394.5600
2019-04-19,sz.300390,10.3000,10.4500,10.2200,10.4500,10.2400,5552805,57593439.1500
2019-04-22,sz.300390,10.4100,10.6500,10.3500,10.5800,10.4500,8075975,84740567.0000
2019-04-23,sz.300390,10.5000,10.5300,10.1200,10.1600,10.5800,7761200,79819811.8700
2019-04-24,sz.300390,10.1900,10.2600,10.0200,10.2400,10.1600,4926455,49957864.0000
2019-04-25,sz.300390,10.2300,10.2700,9.8000,9.8100,10.2400,7842768,78584640.1300
2019-04-26,sz.300390,9.8000,10.1200,9.7500,9.9700,9.8100,5938661,59112603.1800
2019-04-29,sz.300390,9.9300,10.0600,9.5700,9.5800,9.9700,5471444,53409572.4300
2019-04-30,sz.300390,9.5100,9.8900,9.5000,9.8500,9.5800,4313087,42291126.5400
2019-05-06,sz.300390,9.5200,9.6100,8.8700,8.8700,9.8500,8248736,74888773.3200
2019-05-07,sz.300390,8.9000,9.0200,8.6200,8.8900,8.8700,6423335,56876946.6600
2019-05-08,sz.300390,8.7100,9.1300,8.5100,8.8900,8.8900,6865931,61188273.5300
2019-05-09,sz.300390,8.7500,9.2800,8.7500,9.0500,8.8900,7998181,72782010.2700
2019-05-10,sz.300390,9.1600,9.4900,9.0000,9.4000,9.0500,10044331,93481273.0900
2019-05-13,sz.300390,9.2500,9.4800,9.1800,9.4400,9.4000,6879713,64607469.5600
2019-05-14,sz.300390,9.2800,9.5600,9.2400,9.3300,9.4400,5652900,53118896.0000
2019-05-15,sz.300390,9.4700,9.7800,9.3300,9.7600,9.3300,9084061,87143409.0400
2019-05-16,sz.300390,9.7400,9.7400,9.5400,9.6700,9.7600,6835288,65914944.2800
2019-05-17,sz.300390,9.6600,9.9200,9.2800,9.3300,9.6700,6917050,66266096.0000
2019-05-20,sz.300390,9.5300,9.6900,9.3600,9.6000,9.3300,6908055,65793342.1500
2019-05-21,sz.300390,9.5500,9.6900,9.4500,9.6100,9.6000,7445050,71387830.0000
2019-05-22,sz.300390,9.5700,9.6800,9.3300,9.4800,9.6100,7203736,68555703.3200
2019-05-23,sz.300390,9.4800,9.5200,9.1500,9.2100,9.4800,5265450,49102911.5000
2019-05-24,sz.300390,9.1700,9.4800,9.1400,9.2400,9.2100,5075519,47071482.9700
2019-05-27,sz.300390,9.3500,10.1600,9.2600,10.1600,9.2400,7837986,77986503.5000
2019-05-28,sz.300390,6.4700,6.6500,6.1000,6.2000,6.2600,42997475,272999711.2100
2019-05-29,sz.300390,5.9700,6.4300,5.9000,6.2300,6.2000,35374255,217122187.7200
2019-05-30,sz.300390,6.0600,6.1800,5.7600,6.1400,6.2300,26600148,159978070.9800
2019-05-31,sz.300390,6.0300,6.2000,5.9800,6.0000,6.1400,17857472,108878632.6100
2019-06-03,sz.300390,5.9200,6.5900,5.8300,6.2100,6.0000,38381710,239916069.1200
2019-06-04,sz.300390,6.1400,6.1400,5.6000,5.6900,6.2100,29509227,174381089.6500
2019-06-05,sz.300390,5.7300,6.2600,5.7300,6.2600,5.6900,16985260,103543873.2000
2019-06-06,sz.300390,6.2600,6.4000,5.9900,6.1300,6.2600,33524914,207132678.0400
2019-06-10,sz.300390,6.1800,6.3100,5.8300,6.1700,6.1300,23523156,141729249.9400
2019-06-11,sz.300390,6.0300,6.5800,6.0100,6.4200,6.1700,40495711,255789804.2000
2019-06-12,sz.300390,6.3600,6.8700,6.2900,6.5400,6.4200,42208798,273464298.3900
2019-06-13,sz.300390,6.4400,6.5500,6.3500,6.3600,6.5400,24480835,157413868.0600
2019-06-14,sz.300390,6.4000,6.4200,6.0500,6.0900,6.3600,20711360,128326915.4000
2019-06-17,sz.300390,6.1000,6.2100,6.0200,6.1600,6.0900,9725718,59728927.7800
2019-06-18,sz.300390,6.1400,6.1600,5.8900,5.9700,6.1600,12021882,71958666.9700
2019-06-19,sz.300390,6.1100,6.1700,6.0200,6.0300,5.9700,10734455,65334655.4100
2019-06-20,sz.300390,6.0600,6.3000,5.9100,6.2000,6.0300,18841698,116010643.2700
2019-06-21,sz.300390,6.3000,6.4200,6.1700,6.2900,6.2000,23169655,146092221.8100
2019-06-24,sz.300390,6.2300,6.2900,6.1100,6.1900,6.2900,12036160,74479529.0000
2019-06-25,sz.300390,6.1900,6.1900,5.9500,6.0500,6.1900,10565380,63915892.2000
2019-06-26,sz.300390,6.0500,6.1400,5.9700,6.0400,6.0500,6909720,41950760.2000
2019-06-27,sz.300390,6.0500,6.2000,6.0500,6.1600,6.0400,9904120,60670569.2000
2019-06-28,sz.300390,6.1200,6.1300,5.9000,5.9200,6.1600,12085164,72198693.6700
2019-07-01,sz.300390,6.0700,6.0900,5.9800,6.0700,5.9200,9349710,56565582.5000
2019-07-02,sz.300390,6.0800,6.2500,6.0500,6.1400,6.0700,13620409,83949260.5800
2019-07-03,sz.300390,6.1300,6.1300,5.9500,5.9700,6.1400,9396267,56410630.1900
2019-07-04,sz.300390,5.9600,6.0300,5.8800,5.9300,5.9700,6446300,38226666.4000
2019-07-05,sz.300390,5.9300,6.1800,5.8900,6.0700,5.9300,11120935,67310947.9500
2019-07-08,sz.300390,6.0400,6.0500,5.8700,5.9000,6.0700,7791947,46271490.4900
2019-07-09,sz.300390,5.8800,5.9500,5.8200,5.9100,5.9000,4173307,24564164.0800
2019-07-10,sz.300390,5.9000,5.9400,5.8300,5.8600,5.9100,3206320,18820440.8000
2019-07-11,sz.300390,5.9100,5.9500,5.8200,5.8600,5.8600,4595920,27036155.2000
2019-07-12,sz.300390,5.8800,5.9100,5.8200,5.8500,5.8600,3842300,22515266.4000
2019-07-15,sz.300390,5.8300,5.9300,5.6800,5.8800,5.8500,4853344,28249366.5600
2019-07-16,sz.300390,5.8400,5.9300,5.8200,5.9200,5.8800,4189240,24650993.2000
2019-07-17,sz.300390,5.8900,6.0400,5.8900,5.9800,5.9200,8065174,48292724.9800
2019-07-18,sz.300390,5.9900,5.9900,5.8100,5.8200,5.9800,5292157,31072671.6500
2019-07-19,sz.300390,5.8600,5.9100,5.8000,5.8300,5.8200,3990320,23309053.0000
2019-07-22,sz.300390,5.8400,5.8800,5.6100,5.6900,5.8300,6215131,35706667.1400
2019-07-23,sz.300390,5.6900,5.7500,5.6800,5.7300,5.6900,3654040,20870797.4000
2019-07-24,sz.300390,5.7600,5.8400,5.7300,5.8100,5.7300,5251280,30463702.6000
2019-07-25,sz.300390,5.7900,5.8800,5.7800,5.8200,5.8100,4218030,24618207.2000
2019-07-26,sz.300390,5.8100,5.8200,5.7500,5.8000,5.8200,3666960,21204154.8000
2019-07-29,sz.300390,5.8200,5.8600,5.7800,5.8400,5.8000,3111080,18100245.6000
2019-07-30,sz.300390,6.0500,6.1800,5.8700,5.9200,5.8400,19497760,117241255.8000
2019-07-31,sz.300390,5.8200,5.8900,5.7300,5.7400,5.9200,9142320,52913769.4000
2019-08-01,sz.300390,5.7600,5.8400,5.6900,5.7400,5.7400,6281220,36229299.2000
2019-08-02,sz.300390,5.6000,5.6700,5.5000,5.5700,5.7400,8227094,45871056.1800
2019-08-05,sz.300390,5.5000,5.5600,5.3600,5.3600,5.5700,7083480,38600846.2000
2019-08-06,sz.300390,5.1600,5.2400,4.9300,5.0800,5.3600,9221440,46794530.8000
2019-08-07,sz.300390,5.1100,5.1400,5.0100,5.0200,5.0800,4388448,22241802.7200
2019-08-08,sz.300390,5.0300,5.1000,5.0200,5.0500,5.0200,3811560,19273462.8000
2019-08-09,sz.300390,5.0800,5.1100,4.9800,4.9800,5.0500,4459280,22448161.2000
2019-08-12,sz.300390,4.9800,5.1100,4.9500,5.0900,4.9800,5717600,28657044.6000
2019-08-13,sz.300390,5.0400,5.0500,4.9900,5.0300,5.0900,3464420,17385200.0000
2019-08-14,sz.300390,5.1500,5.1500,5.0400,5.0500,5.0300,3702497,18842436.0500
2019-08-15,sz.300390,4.9300,5.1100,4.8100,5.0900,5.0500,6166500,30733539.6000
2019-08-16,sz.300390,5.0600,5.1800,5.0400,5.0900,5.0900,5406580,27654607.0000
2019-08-19,sz.300390,5.1500,5.2700,5.1200,5.2700,5.0900,8075440,42129637.2000
2019-08-20,sz.300390,5.2900,5.3500,5.2500,5.2700,5.2700,6944240,36798878.8000
2019-08-21,sz.300390,5.3000,5.3500,5.2500,5.3200,5.2700,6248040,33174870.4000
2019-08-22,sz.300390,5.2900,5.3700,5.2700,5.3300,5.3200,4374223,23270581.6700
2019-08-23,sz.300390,5.3300,5.4400,5.2800,5.3000,5.3300,6488510,34649347.5000
2019-08-26,sz.300390,5.2000,5.3500,5.1300,5.2800,5.3000,5588780,29421432.4000
2019-08-27,sz.300390,5.4200,5.4300,5.2900,5.3600,5.2800,7100320,38115161.7600
2019-08-28,sz.300390,5.3400,5.3700,5.2800,5.3000,5.3600,4833660,25648641.4000
2019-08-29,sz.300390,5.3400,5.3400,5.2300,5.2500,5.3000,4547560,24014846.0000
2019-08-30,sz.300390,5.3000,5.3400,5.0600,5.0900,5.2500,6527512,33972652.2800
2019-09-02,sz.300390,5.1400,5.4100,5.1100,5.3700,5.0900,8861847,47052488.9800
2019-09-03,sz.300390,5.4000,5.4300,5.3100,5.3500,5.3700,6877191,36701963.8900
2019-09-04,sz.300390,5.3600,5.4300,5.3100,5.4000,5.3500,6339272,34038764.9800
2019-09-05,sz.300390,5.4200,5.5400,5.4000,5.4600,5.4000,8731180,47711462.2000
2019-09-06,sz.300390,5.4800,5.5600,5.4600,5.4900,5.4600,6621868,36489317.2700
2019-09-09,sz.300390,5.5700,5.6700,5.5000,5.6500,5.4900,7766033,43505426.3600
2019-09-10,sz.300390,5.6400,5.7900,5.6200,5.7100,5.6500,9556064,54411345.6000
2019-09-11,sz.300390,5.7200,5.8200,5.5900,5.6200,5.7100,8439662,47954849.0600
2019-09-12,sz.300390,5.6300,5.7400,5.6100,5.7100,5.6200,7052320,40064800.5800
2019-09-16,sz.300390,5.7100,5.7400,5.6200,5.6700,5.7100,6832406,38816940.3400
2019-09-17,sz.300390,5.6700,5.6700,5.4300,5.5300,5.6700,7927306,43846727.4400
2019-09-18,sz.300390,5.5300,5.5800,5.4500,5.4700,5.5300,4928510,27076569.8000
2019-09-19,sz.300390,5.5100,5.5600,5.4400,5.5600,5.4700,6093252,33480295.2000
2019-09-20,sz.300390,5.5600,5.8400,5.4800,5.6800,5.5600,15833973,89338728.1300
2019-09-23,sz.300390,5.6200,5.6500,5.4200,5.4800,5.6800,10125844,55581656.9800
2019-09-24,sz.300390,5.4700,6.0300,5.4700,6.0300,5.4800,27855514,162177425.6600
2019-09-25,sz.300390,6.1000,6.1200,5.7400,5.7900,6.0300,35245651,207498109.7400
2019-09-26,sz.300390,5.7600,5.7600,5.3200,5.4300,5.7900,22281293,123841211.8900
2019-09-27,sz.300390,5.4200,5.5300,5.3500,5.4100,5.4300,13330344,72595526.5600
2019-09-30,sz.300390,5.4000,5.5300,5.2400,5.2500,5.4100,10102238,54109981.4900
2019-10-08,sz.300390,5.2200,5.2800,5.1100,5.1300,5.2500,6909987,35961540.2900
2019-10-09,sz.300390,5.0800,5.2100,5.0800,5.1900,5.1300,5062844,26134187.2100
2019-10-10,sz.300390,5.4000,5.4000,5.2100,5.2800,5.1900,8085586,43045302.0200
2019-10-11,sz.300390,5.3000,5.3700,5.2300,5.3100,5.2800,6994014,37100328.8000
2019-10-14,sz.300390,5.3500,5.4700,5.3500,5.4100,5.3100,8019260,43477923.1000
2019-10-15,sz.300390,5.4100,5.4100,5.3000,5.3300,5.4100,5442560,29059601.4700
2019-10-16,sz.300390,5.3600,5.4400,5.3200,5.3700,5.3300,4898104,26271019.0800
2019-10-17,sz.300390,5.3300,5.3800,5.2900,5.3600,5.3700,4659480,24824691.0000
2019-10-18,sz.300390,5.3600,5.3900,5.1800,5.2000,5.3600,5669756,29902654.3200
2019-10-21,sz.300390,5.2200,5.2500,5.1000,5.2000,5.2000,3927518,20276467.7400
2019-10-22,sz.300390,5.1900,5.2900,5.1800,5.2800,5.2000,4086326,21439849.6600
2019-10-23,sz.300390,5.2800,5.3900,5.2600,5.3400,5.2800,6954200,37180043.6000
2019-10-24,sz.300390,5.3400,5.4100,5.2700,5.3500,5.3400,4656534,24858433.3800
2019-10-25,sz.300390,5.3300,5.3700,5.2500,5.3500,5.3500,5083143,27030920.0300
2019-10-28,sz.300390,5.4400,5.5000,5.3700,5.5000,5.3500,7848227,42777636.7300
2019-10-29,sz.300390,5.4600,5.5000,5.3200,5.3300,5.5000,6698360,36321956.4000
2019-10-30,sz.300390,5.3300,5.4100,5.2700,5.2900,5.3300,4815205,25638152.8500
2019-10-31,sz.300390,5.3400,5.3400,5.1500,5.1700,5.2900,5726763,29922447.5100
2019-11-01,sz.300390,5.1700,5.2700,5.1500,5.2400,5.1700,3237820,16929559.2000
2019-11-04,sz.300390,5.2600,5.4500,5.2600,5.3200,5.2400,4965971,26616083.0600
2019-11-05,sz.300390,5.3400,5.3900,5.2500,5.3300,5.3200,4729364,25184292.7600
2019-11-06,sz.300390,5.3800,5.4800,5.3000,5.3700,5.3300,7297680,39262743.2000
2019-11-07,sz.300390,5.2700,5.3700,5.2400,5.2900,5.3700,6316700,33398330.2000
2019-11-08,sz.300390,5.2900,5.3100,5.2100,5.2200,5.2900,4808820,25324363.0000
2019-11-11,sz.300390,5.2800,5.3000,5.0500,5.0800,5.2200,6223413,32053666.3800
2019-11-12,sz.300390,5.0900,5.1200,5.0100,5.0800,5.0800,4328694,21835260.6000
2019-11-13,sz.300390,5.0800,5.0800,5.0000,5.0200,5.0800,3411200,17151154.0000
2019-11-14,sz.300390,5.0200,5.0800,4.9500,5.0500,5.0200,3605722,18138029.1600
2019-11-15,sz.300390,5.0600,5.1500,5.0300,5.0300,5.0500,4194460,21390313.8000
2019-11-18,sz.300390,5.0300,5.1900,5.0300,5.1600,5.0300,4404660,22615090.6000
2019-11-19,sz.300390,5.1200,5.2300,5.1200,5.2200,5.1600,3614464,18775025.4400
2019-11-20,sz.300390,5.2200,5.2500,5.1500,5.1600,5.2200,3366400,17506789.0000
2019-11-21,sz.300390,5.1600,5.2000,5.1100,5.1900,5.1600,2633540,13605915.8000
2019-11-22,sz.300390,5.3100,5.6300,5.2600,5.4200,5.1900,25020108,137555084.0600
2019-11-25,sz.300390,5.3500,5.5200,5.3500,5.4800,5.4200,11675972,63417412.6400
2019-11-26,sz.300390,5.4100,5.5500,5.3900,5.5000,5.4800,10158391,55437582.6300
2019-11-27,sz.300390,5.4000,5.5900,5.4000,5.5300,5.5000,9834512,54316181.4800
2019-11-28,sz.300390,5.5300,5.5800,5.3800,5.4100,5.5300,7942287,43306380.0300
2019-11-29,sz.300390,5.3800,5.5000,5.3600,5.4500,5.4100,6741280,36727810.2400
2019-12-02,sz.300390,5.4400,5.5800,5.4000,5.5200,5.4500,8972013,49436378.5200
2019-12-03,sz.300390,5.4800,5.8100,5.4100,5.6900,5.5200,15292415,86436750.2400
2019-12-04,sz.300390,5.6100,5.7400,5.6100,5.7200,5.6900,11658102,66254065.9000
2019-12-05,sz.300390,5.6900,5.8000,5.6400,5.7700,5.7200,12668940,72656450.3600
2019-12-06,sz.300390,5.7500,5.8200,5.6700,5.7100,5.7700,9280647,53167821.6500
2019-12-09,sz.300390,5.7400,5.7400,5.6200,5.6600,5.7100,8767580,49782404.4000
2019-12-10,sz.300390,5.6500,5.7200,5.6400,5.6800,5.6600,6808800,38542846.8000
2019-12-11,sz.300390,5.6900,5.7300,5.5300,5.5900,5.6800,8372060,46992141.0000
2019-12-12,sz.300390,5.5900,5.6500,5.5700,5.6000,5.5900,6576415,36820476.4100
2019-12-13,sz.300390,5.6000,5.6700,5.5800,5.6600,5.6000,5010533,28194602.4000
2019-12-16,sz.300390,5.7800,5.8000,5.6500,5.7200,5.6600,7998113,45637397.1100
2019-12-17,sz.300390,5.7200,5.9500,5.7200,5.8900,5.7200,17043445,99861492.4400
2019-12-18,sz.300390,5.8900,5.9400,5.7800,5.8300,5.8900,10824001,63317605.7900
2019-12-19,sz.300390,5.8000,5.8800,5.7800,5.8300,5.8300,6239044,36346137.4400
2019-12-20,sz.300390,5.8600,5.8600,5.5700,5.6000,5.8300,10637557,60838179.2900
2019-12-23,sz.300390,5.5700,5.6400,5.4600,5.4600,5.6000,6610140,36654942.8000
2019-12-24,sz.300390,5.4600,6.0100,5.4500,6.0100,5.4600,21758279,127268060.1700
2019-12-25,sz.300390,6.1700,6.6000,6.0800,6.4100,6.0100,67052298,426802707.3700
2019-12-26,sz.300390,6.3100,6.3700,6.1100,6.3000,6.4100,44837345,279903713.6200
2019-12-27,sz.300390,6.3100,6.5800,6.2400,6.2800,6.3000,40748682,260388199.1800
2019-12-30,sz.300390,6.2400,6.4700,6.1300,6.4000,6.2800,29576594,186929926.2600
2019-12-31,sz.300390,6.3200,6.4200,6.2500,6.2700,6.4000,22155624,140269035.4000
2020-01-02,sz.300390,6.3300,6.5700,6.2500,6.4300,6.2700,26784140,171165167.4000
2020-01-03,sz.300390,6.4600,6.6900,6.3100,6.5500,6.4300,25366896,163396907.6800
2020-01-06,sz.300390,6.3000,6.6500,6.1300,6.5800,6.5500,34523094,220099832.1200
2020-01-07,sz.300390,6.5800,6.6300,6.4000,6.4900,6.5800,22331178,144841864.9800
2020-01-08,sz.300390,6.4300,7.0100,6.3900,6.7800,6.4900,36929641,248202146.0300
2020-01-09,sz.300390,6.7800,7.2500,6.6500,6.9600,6.7800,35931520,249912425.7600
2020-01-10,sz.300390,6.9000,6.9400,6.6100,6.8100,6.9600,20688138,139675833.4800
2020-01-13,sz.300390,6.8200,7.4500,6.8000,7.3300,6.8100,36161913,259891228.8000
2020-01-14,sz.300390,7.2800,7.8400,7.1500,7.3300,7.3300,42971475,321534616.9500
2020-01-15,sz.300390,7.2700,7.4400,7.1500,7.2900,7.3300,18467211,133911807.0700
2020-01-16,sz.300390,7.2100,7.2800,7.0300,7.1000,7.2900,18558068,132684264.7200
2020-01-17,sz.300390,7.1000,7.1700,6.7700,6.8300,7.1000,20755784,143931213.5000
2020-01-20,sz.300390,6.8600,7.0000,6.7900,6.8900,6.8300,17061546,117572830.0800
2020-01-21,sz.300390,6.8800,7.2700,6.8000,7.0900,6.8900,20845502,146495237.5000
2020-01-22,sz.300390,7.0200,7.4400,6.5000,7.2600,7.0900,24868432,176856258.0200
2020-01-23,sz.300390,7.1200,7.5000,6.8900,7.0000,7.2600,22531516,162473132.1500
2020-02-03,sz.300390,6.3000,7.6000,6.3000,7.1700,7.0000,45345038,314731051.9000
2020-02-04,sz.300390,7.4600,7.8900,7.1700,7.8900,7.1700,42824076,329517013.9400
2020-02-05,sz.300390,8.2600,8.6800,8.0000,8.1400,7.8900,64635833,536729158.0900
2020-02-06,sz.300390,7.9000,8.9500,7.8500,8.9500,8.1400,61502720,518002095.5500
2020-02-07,sz.300390,8.9400,9.5000,8.2500,8.5400,8.9500,57779651,515807835.4200
2020-02-10,sz.300390,8.6500,8.7700,8.0700,8.6300,8.5400,40479137,340768601.0200
2020-02-11,sz.300390,8.5300,9.4900,8.3900,9.4900,8.6300,51340967,470523667.8600
2020-02-12,sz.300390,9.2900,10.4400,9.1500,10.4400,9.4900,43641992,433065197.6400
2020-02-13,sz.300390,11.1000,11.4800,10.6000,11.4800,10.4400,73695694,824191412.8400
2020-02-14,sz.300390,11.9800,12.3900,10.8500,12.1200,11.4800,74355280,884923355.9500
2020-02-17,sz.300390,11.8500,13.3300,11.2000,13.3300,12.1200,62168455,775589614.8900
2020-02-18,sz.300390,13.5200,14.6600,13.3700,14.6600,13.3300,46492494,656826326.0200
2020-02-19,sz.300390,15.6800,15.9000,13.1900,13.4400,14.6600,72068945,1030001874.5100
2020-02-20,sz.300390,13.0600,14.4500,13.0600,13.8900,13.4400,52065333,720528808.0200
2020-02-21,sz.300390,13.5100,14.1400,13.0500,13.7000,13.8900,46714504,636183730.8800
2020-02-24,sz.300390,13.7000,14.6800,13.7000,13.8300,13.7000,44188149,624506517.9600
2020-02-25,sz.300390,13.8300,15.0400,13.8000,14.8400,13.8300,60953668,878395791.4300
2020-02-26,sz.300390,14.2000,14.6500,13.3600,13.3600,14.8400,43247613,599632665.7700
2020-02-27,sz.300390,12.8700,13.2800,12.0200,12.1100,13.3600,43436918,535423683.9500
2020-02-28,sz.300390,11.8200,12.6600,11.5200,11.8000,12.1100,36497852,441125609.3700
2020-03-02,sz.300390,11.8500,12.4000,11.8500,12.0600,11.8000,29678519,359808464.2900
2020-03-03,sz.300390,12.3100,12.6800,12.0200,12.1800,12.0600,32864748,406308065.6300
2020-03-04,sz.300390,12.0800,12.3700,11.6600,11.8900,12.1800,20874345,248946126.1600
2020-03-05,sz.300390,12.3000,12.6000,12.0300,12.3000,11.8900,27163141,333102314.3900
2020-03-06,sz.300390,12.4300,13.5300,12.1200,13.1700,12.3000,45379605,590373203.2400
2020-03-09,sz.300390,13.1800,13.5100,12.3900,12.4000,13.1700,39428886,508083349.8400
2020-03-10,sz.300390,11.5200,11.9000,11.1600,11.6700,12.4000,37567267,429201862.8800
2020-03-11,sz.300390,11.5600,11.9600,10.7100,10.7100,11.6700,38539634,434423493.8100
2020-03-12,sz.300390,10.5800,10.9400,9.9800,10.3000,10.7100,32510811,337471537.9500
2020-03-13,sz.300390,9.8600,9.9600,9.4200,9.7000,10.3000,43242274,418120812.6600
2020-03-16,sz.300390,9.8700,10.1200,9.0900,9.1600,9.7000,36107380,349959957.8200
2020-03-17,sz.300390,9.3900,9.5000,8.7500,8.9700,9.1600,27564362,248955798.2100
2020-03-18,sz.300390,9.1900,9.2600,8.8200,8.8200,8.9700,24685625,223577570.6000
2020-03-19,sz.300390,9.0400,9.1900,8.6500,9.1700,8.8200,28868108,259377682.3200
2020-03-20,sz.300390,9.2900,9.3300,8.8500,9.0100,9.1700,21092394,190636887.1400
2020-03-23,sz.300390,8.7900,8.8400,8.3400,8.5100,9.0100,20137860,174014880.0000
2020-03-24,sz.300390,8.8000,8.8200,8.2100,8.6100,8.5100,20116671,171180848.7800
2020-03-25,sz.300390,8.8000,9.2500,8.7300,9.1300,8.6100,29218829,261888346.8000
2020-03-26,sz.300390,9.0100,9.0400,8.6500,8.7700,9.1300,19881406,175779859.2700
2020-03-27,sz.300390,8.9000,8.9500,8.5500,8.5500,8.7700,14161774,123603649.5200
2020-03-30,sz.300390,8.3900,8.5200,8.0000,8.2100,8.5500,16954103,139406093.4300
2020-03-31,sz.300390,8.3700,8.4700,8.1400,8.2000,8.2100,17614320,145792064.6000
2020-04-01,sz.300390,8.2300,9.0200,8.2300,9.0200,8.2000,23566447,207984431.0900
2020-04-02,sz.300390,9.1500,9.7600,9.1000,9.4600,9.0200,63971809,598828695.1200
2020-04-03,sz.300390,9.4400,9.6100,9.1700,9.2300,9.4600,41129286,384663132.0000
2020-04-07,sz.300390,10.0000,10.1500,9.6200,10.1500,9.2300,35019806,345367518.6600
2020-04-08,sz.300390,10.3800,11.1700,10.2300,10.8700,10.1500,71248404,769186182.3100
2020-04-09,sz.300390,10.4900,10.7200,10.1500,10.6400,10.8700,50086859,521504360.2100
2020-04-10,sz.300390,10.5500,11.3300,10.3400,10.7400,10.6400,49699592,539856940.5700
2020-04-13,sz.300390,10.4300,11.1100,10.0500,10.9100,10.7400,43173122,458221043.1800
2020-04-14,sz.300390,11.0000,11.5000,10.5100,11.2800,10.9100,48116320,529531661.0400
2020-04-15,sz.300390,11.1000,11.7500,11.0100,11.1500,11.2800,43457824,496545826.4600
2020-04-16,sz.300390,10.8400,11.3400,10.6200,10.6800,11.1500,39088485,425777167.3700
2020-04-17,sz.300390,10.7200,10.9000,10.4100,10.4300,10.6800,31692513,336825915.8600
2020-04-20,sz.300390,10.4800,10.8000,10.4000,10.6900,10.4300,23412081,248568177.2700
2020-04-21,sz.300390,10.4500,11.2000,10.4300,11.1000,10.6900,38650251,423969636.4700
2020-04-22,sz.300390,11.0400,11.0500,10.6300,10.8000,11.1000,23594429,254745460.9800
2020-04-23,sz.300390,10.8800,11.0700,10.4500,10.4500,10.8000,22280016,237712640.4400
2020-04-24,sz.300390,10.4300,10.6000,9.8600,9.9400,10.4500,23111423,234586174.0700
2020-04-27,sz.300390,9.9700,10.1200,9.7300,9.9100,9.9400,14887683,147782110.0700
2020-04-28,sz.300390,9.8500,9.9800,9.1800,9.6800,9.9100,19011072,182633067.1300
2020-04-29,sz.300390,9.7500,10.1800,9.6200,10.0200,9.6800,19824282,198757941.9000
2020-04-30,sz.300390,10.1200,10.8800,10.1200,10.6400,10.0200,29290060,307382600.6000
2020-05-06,sz.300390,10.5900,11.5000,10.5200,11.3400,10.6400,35911364,402030324.9300
2020-05-07,sz.300390,11.3000,12.3600,11.2100,11.8900,11.3400,44391455,523015790.0200
2020-05-08,sz.300390,11.8000,12.2300,11.7600,11.9200,11.8900,33220863,398549833.8000
2020-05-11,sz.300390,11.8600,12.5600,11.8600,12.0500,11.9200,29345746,358261344.8800
2020-05-12,sz.300390,12.2200,12.2800,11.7600,12.0300,12.0500,23702002,285001933.3800
2020-05-13,sz.300390,11.9600,12.1900,11.8900,12.0100,12.0300,13301402,160053751.3600
2020-05-14,sz.300390,12.1000,12.2900,11.7500,11.8300,12.0100,18367520,220278396.8000
2020-05-15,sz.300390,12.0000,12.0800,11.6600,11.7800,11.8300,15457602,183344977.4900
2020-05-18,sz.300390,12.1600,12.6300,10.9900,11.0200,11.7800,43502932,508788955.2400
2020-05-19,sz.300390,11.2000,11.5200,11.0200,11.1800,11.0200,28332752,318619016.7600
2020-05-20,sz.300390,11.3900,11.4900,11.0300,11.0700,11.1800,23398082,263092134.9200
2020-05-21,sz.300390,11.3100,11.3600,10.6300,10.7100,11.0700,18807112,204967626.7600
2020-05-22,sz.300390,10.7600,10.9700,10.4700,10.5500,10.7100,14905442,159038683.7000
2020-05-25,sz.300390,10.5400,11.0300,10.3800,10.8300,10.5500,19217299,206028722.5100
2020-05-26,sz.300390,10.8300,11.0500,10.7700,11.0100,10.8300,15158264,165548878.6000
2020-05-27,sz.300390,10.9600,11.2600,10.8000,10.8200,10.9600,18168580,200143565.2000
2020-05-28,sz.300390,10.7000,10.8500,10.5100,10.7400,10.8200,13229522,141031151.6800
2020-05-29,sz.300390,10.7400,10.8900,10.6100,10.7200,10.7400,8217100,88444889.3800
2020-06-01,sz.300390,10.9700,11.7700,10.7900,11.7000,10.7200,30679460,347003919.1900
2020-06-02,sz.300390,11.8000,11.9400,11.5000,11.5700,11.7000,22325032,260717791.5700
2020-06-03,sz.300390,11.5400,11.7200,11.3700,11.3900,11.5700,16754880,193399470.1300
2020-06-04,sz.300390,11.3200,11.5300,11.1700,11.2800,11.3900,12634929,143319162.4500
2020-06-05,sz.300390,11.2800,12.4100,11.1200,12.4100,11.2800,51635616,627633529.5300
2020-06-08,sz.300390,12.7400,13.0800,12.2900,12.8000,12.4100,47734707,607611441.9900
2020-06-09,sz.300390,12.8100,13.0900,12.6600,12.8700,12.8000,27760259,356239232.0900
2020-06-10,sz.300390,13.0700,13.0700,12.2000,12.4900,12.8700,26522048,331364586.6800
2020-06-11,sz.300390,12.4200,13.1000,12.1800,12.4100,12.4900,33828528,425828529.5200
2020-06-12,sz.300390,12.0800,12.7400,12.0100,12.4100,12.4100,24670900,306999326.6000
2020-06-15,sz.300390,12.5200,12.5400,11.8000,11.8000,12.4100,28293000,343748005.4000
2020-06-16,sz.300390,12.0500,12.9800,12.0000,12.9800,11.8000,31050894,396994794.6600
2020-06-17,sz.300390,13.4700,13.6000,12.7800,13.1800,12.9800,46980334,619498697.0600
2020-06-18,sz.300390,13.1200,14.3300,12.7800,13.9800,13.1800,45051395,605250347.0600
2020-06-19,sz.300390,13.8300,14.3200,13.7000,13.8900,13.9800,33086239,463068505.0100
2020-06-22,sz.300390,13.8900,14.6600,13.8300,14.3800,13.8900,31107897,443778778.4900
2020-06-23,sz.300390,14.3900,14.5000,13.7000,13.8100,14.3800,30140120,422744283.7400
2020-06-24,sz.300390,14.0000,14.1000,13.6900,13.9100,13.8100,17552965,243999347.6500
2020-06-29,sz.300390,13.7900,14.0000,13.5300,13.7100,13.9100,17086440,234701826.8400
2020-06-30,sz.300390,13.7700,14.3800,13.6800,13.9300,13.7100,24530408,344782058.4000
2020-07-01,sz.300390,13.9000,14.3600,13.7300,14.3000,13.9300,27475036,387565767.1600
2020-07-02,sz.300390,14.2000,14.7000,13.9500,14.0300,14.3000,30920540,440594335.8400
2020-07-03,sz.300390,13.9700,14.1000,13.5400,13.9100,14.0300,22011738,303619191.6100
2020-07-06,sz.300390,13.9400,14.8000,13.8400,14.7200,13.9100,34527326,498230982.8800
2020-07-07,sz.300390,14.9900,15.7800,14.5800,15.2700,14.7200,32690620,495371356.2500
2020-07-08,sz.300390,15.1700,16.8000,15.1000,16.8000,15.2700,29351854,469478502.6800
2020-07-09,sz.300390,17.3000,18.4800,16.8100,18.4800,16.8000,48672340,872793471.9000
2020-07-10,sz.300390,18.9200,20.0600,18.0100,18.7600,18.4800,51494010,979503382.1000
2020-07-13,sz.300390,19.7400,20.2600,18.7200,19.3600,18.7600,48239242,932153040.3000
2020-07-14,sz.300390,19.0000,19.2500,17.6700,17.7500,19.3600,48607943,894245304.2300
2020-07-15,sz.300390,18.0800,18.3500,17.3300,17.5000,17.7500,37103941,665719201.4400
2020-07-16,sz.300390,17.8700,17.8700,15.8000,15.8400,17.5000,39175935,659131604.4900
2020-07-17,sz.300390,16.1100,17.3700,15.9800,16.5600,15.8400,36189522,600144294.8400
2020-07-20,sz.300390,17.2000,17.8500,16.7200,17.7400,16.5600,30065019,523145595.4000
2020-07-21,sz.300390,17.4800,18.2000,17.4800,17.8500,17.7400,24025264,427589985.8300
2020-07-22,sz.300390,17.8300,18.0600,17.5200,17.6000,17.8500,19163520,339147491.6000
2020-07-23,sz.300390,17.3000,17.9400,17.1000,17.8600,17.6000,21497838,378044632.4100
2020-07-24,sz.300390,17.8100,17.8900,16.5100,16.7500,17.8600,25362529,433509092.1100
2020-07-27,sz.300390,16.9900,17.4600,16.8100,17.1000,16.7500,14657535,250909746.1600
2020-07-28,sz.300390,17.3200,18.2800,17.2400,17.8200,17.1000,21455852,381648822.0400
2020-07-29,sz.300390,17.9700,18.2000,17.4800,18.2000,17.8200,23585320,423926771.7000
2020-07-30,sz.300390,18.2000,18.3500,17.6000,18.0200,18.2000,23659146,423079525.0300
2020-07-31,sz.300390,18.0200,19.7900,17.9000,19.2800,18.0200,48631841,915448247.9500
2020-08-03,sz.300390,19.8000,20.8000,19.5000,20.0500,19.2800,47603200,956588837.1800
2020-08-04,sz.300390,20.1200,20.1600,18.8000,19.0000,20.0500,36105927,697913716.2400
2020-08-05,sz.300390,18.7100,19.2500,18.3000,18.8900,19.0000,23431467,440633898.4900
2020-08-06,sz.300390,18.8900,19.0600,18.0100,18.2000,18.8900,24549707,449399504.2100
2020-08-07,sz.300390,18.0600,18.3000,17.1300,17.5400,18.2000,20802400,367333203.2000
2020-08-10,sz.300390,17.4300,17.8100,17.1400,17.4400,17.5400,16098975,280029521.3000
2020-08-11,sz.300390,17.3800,17.7800,17.0700,17.1800,17.4400,14044880,245518801.3900
2020-08-12,sz.300390,17.5200,18.1000,17.4000,17.9800,17.1800,22903066,406233374.2500
2020-08-13,sz.300390,18.0500,18.2200,17.6200,17.7600,17.9800,11925160,212301778.6000
2020-08-14,sz.300390,17.6500,17.7500,16.9000,17.2900,17.7600,16262620,279538089.8000
2020-08-17,sz.300390,17.1900,17.3500,16.6600,17.0800,17.2900,16274862,275969580.5800
2020-08-18,sz.300390,17.1000,17.4000,16.9700,17.3500,17.0800,13145336,225945865.2400
2020-08-19,sz.300390,17.1900,17.1900,16.7800,16.8100,17.3500,11701620,197779012.4000
2020-08-20,sz.300390,16.5700,16.8100,16.4500,16.4600,16.8100,8395000,139063113.0000
2020-08-21,sz.300390,16.6800,16.9900,16.5100,16.5700,16.4600,7789740,130357912.8000
2020-08-24,sz.300390,16.8000,17.4800,16.1000,17.1200,16.5700,16859040,285164797.1400
2020-08-25,sz.300390,17.0000,17.3500,16.7800,17.0000,17.1200,11015802,187357315.6600
2020-08-26,sz.300390,17.0900,17.2500,16.4300,16.5900,17.0000,10778922,181537187.9600
2020-08-27,sz.300390,16.5900,17.1800,16.3100,16.9200,16.5900,8999920,151385569.9600
2020-08-28,sz.300390,16.8700,18.5500,16.8600,17.7900,16.9200,27769475,496348296.8900
2020-08-31,sz.300390,18.2500,18.2500,17.5000,17.5100,17.7900,15665780,276966666.4000
2020-09-01,sz.300390,17.5100,18.0900,17.1700,17.9900,17.5100,14499953,255910025.6700
2020-09-02,sz.300390,18.1500,18.1900,17.6100,17.9000,17.9900,11518726,205413575.4100
2020-09-03,sz.300390,18.0000,18.0000,17.3800,17.4300,17.9000,9075228,159419977.1000
2020-09-04,sz.300390,16.9000,17.7500,16.8500,17.6500,17.4300,8714768,151992171.5200
2020-09-07,sz.300390,17.9500,18.1600,17.6300,17.9400,17.6500,15469554,277566199.6200
2020-09-08,sz.300390,17.9400,17.9400,16.8800,17.1500,17.9400,15170775,261847123.3500
2020-09-09,sz.300390,16.9000,16.9000,15.6000,15.6000,17.1500,19834940,317896140.2500
2020-09-10,sz.300390,16.0000,16.2900,15.3300,15.4000,15.6000,12532865,198553835.0000
2020-09-11,sz.300390,15.1300,15.6900,15.1300,15.5900,15.4000,7642660,118141613.2000
2020-09-14,sz.300390,15.6100,15.9500,15.4500,15.7100,15.5900,9767117,153135027.9000
2020-09-15,sz.300390,15.8500,16.5800,15.7000,16.3400,15.7100,13542860,218792423.6000
2020-09-16,sz.300390,16.1200,16.1500,15.7800,15.8800,16.3400,8201160,130592979.0000
2020-09-17,sz.300390,15.9800,16.5800,15.7000,16.2000,15.8800,13111740,212269040.6000
2020-09-18,sz.300390,16.0600,16.2700,15.7500,16.0100,16.2000,8997502,143725241.8000
2020-09-21,sz.300390,16.1500,16.1800,15.8400,15.9200,16.0100,5777175,92385107.8000
2020-09-22,sz.300390,15.7000,16.0900,15.5800,15.6500,15.9200,6488114,102895518.6000
2020-09-23,sz.300390,15.6700,16.0600,15.5100,15.9000,15.6500,5821440,92103054.9000
2020-09-24,sz.300390,15.9900,15.9900,15.2500,15.3000,15.9000,7529900,117164316.8000
2020-09-25,sz.300390,15.4900,15.6200,15.1700,15.3000,15.3000,4696620,72099394.4000
2020-09-28,sz.300390,15.4300,15.4400,14.7600,14.7600,15.3000,7516260,112654676.6000
2020-09-29,sz.300390,14.7900,15.4200,14.7500,15.1800,14.7600,9528866,144315655.7800
2020-09-30,sz.300390,15.1200,15.4700,15.1200,15.2300,15.1800,5817354,88942014.5400
2020-10-09,sz.300390,15.5600,16.3400,15.5000,16.1000,15.2300,11175380,179696227.5000
2020-10-12,sz.300390,16.2300,17.2400,16.1500,17.2100,16.1000,15567540,262026746.7700
2020-10-13,sz.300390,17.1000,17.4400,16.8700,17.2700,17.2100,13469775,231901440.6000
2020-10-14,sz.300390,17.1600,17.2700,16.8000,16.9500,17.2700,13736861,233807766.0000
2020-10-15,sz.300390,17.0600,17.3100,16.8300,16.8600,16.9500,9063540,154495530.6400
2020-10-16,sz.300390,16.7600,17.0100,16.5100,16.8000,16.8600,6684069,112041493.6600
2020-10-19,sz.300390,16.8800,17.0000,16.3300,16.3500,16.8000,8734820,144890193.2000
2020-10-20,sz.300390,16.4200,16.7000,16.2100,16.7000,16.3500,7327265,120983561.4800
2020-10-21,sz.300390,20.0400,20.0400,17.3400,17.6900,16.7000,49329194,911550582.6700
2020-10-22,sz.300390,17.5000,17.5900,16.5000,16.5300,17.6900,29126669,491727634.6300
2020-10-23,sz.300390,16.4500,16.4700,15.5100,15.6800,16.5300,23704024,378367753.0300
2020-10-26,sz.300390,15.4900,15.9200,15.0800,15.6400,15.6800,11284728,175819410.5400
2020-10-27,sz.300390,15.4200,16.1400,15.3000,15.7200,15.6400,10879772,171516187.1200
2020-10-28,sz.300390,15.6900,15.8600,15.3000,15.6400,15.7200,9836140,153231306.6000
2020-10-29,sz.300390,15.4000,15.9700,15.2700,15.5100,15.6400,8826605,138092772.9900
2020-10-30,sz.300390,15.5800,15.7600,15.2000,15.2200,15.5100,10202227,157651774.5900
2020-11-02,sz.300390,15.2200,15.4600,14.8000,14.9500,15.2200,9720477,145685027.7500
2020-11-03,sz.300390,15.0300,15.5800,14.9300,15.4800,14.9500,9283169,142612671.9500
2020-11-04,sz.300390,15.5900,16.8800,15.5900,16.2500,15.4800,21567860,353424597.0500
2020-11-05,sz.300390,16.4500,16.7500,16.1500,16.6000,16.2500,15878592,261458303.2200
2020-11-06,sz.300390,16.6100,17.1800,16.6100,16.7400,16.6000,18116140,306262637.3700
2020-11-09,sz.300390,16.7900,17.2500,16.7000,17.1000,16.7400,16718029,285383988.9600
2020-11-10,sz.300390,17.3700,17.3700,16.7000,16.8100,17.1000,12198091,206575118.0100
2020-11-11,sz.300390,16.8200,16.9500,16.3300,16.3800,16.8100,9065169,150608693.0100
2020-11-12,sz.300390,16.4700,16.7800,16.0700,16.1700,16.3800,7597777,124672215.8600
2020-11-13,sz.300390,16.0600,16.3500,15.8500,16.1300,16.1700,6978675,112360174.8000
2020-11-16,sz.300390,16.0900,16.3600,15.8500,16.2500,16.1300,6661220,106929795.7600
2020-11-17,sz.300390,16.5000,18.0800,16.3100,17.4300,16.2500,29449178,517748418.5700
2020-11-18,sz.300390,17.5000,17.8200,16.7800,17.0900,17.4300,16713462,287467291.4700
2020-11-19,sz.300390,16.9900,17.7200,16.7100,17.3300,17.0900,14702371,255835373.6300
2020-11-20,sz.300390,17.4200,17.8000,17.2800,17.5100,17.3300,11657362,203555796.7400
2020-11-23,sz.300390,17.7100,17.9900,17.4300,17.5600,17.5100,12682861,224075368.0300
2020-11-24,sz.300390,17.5000,17.8500,17.1000,17.3900,17.5600,11074453,193084943.7600
2020-11-25,sz.300390,17.5100,17.8100,17.3600,17.5200,17.3900,10929220,191913421.3300
2020-11-26,sz.300390,17.5000,17.6000,17.2300,17.2800,17.5200,7490845,130107739.6500
2020-11-27,sz.300390,17.3600,17.4300,17.0100,17.1400,17.2800,7046040,121017608.1900
2020-11-30,sz.300390,17.3900,17.9100,17.2200,17.5600,17.1400,16718500,295064670.4500
2020-12-01,sz.300390,17.5000,17.7400,17.3100,17.5500,17.5600,12212964,214690772.9200
2020-12-02,sz.300390,17.4500,17.6400,17.2600,17.5300,17.5500,10475640,182508953.2000
2020-12-03,sz.300390,17.7100,17.9000,17.0500,17.1100,17.5300,12962514,226196015.8000
2020-12-04,sz.300390,17.0400,17.3300,16.6600,17.2400,17.1100,9562040,161677978.0000
2020-12-07,sz.300390,17.6000,20.0000,17.4900,19.1100,17.2400,45610634,846670662.5400
2020-12-08,sz.300390,19.0000,20.8500,18.6800,19.8200,19.1100,56920732,1132731077.5600
2020-12-09,sz.300390,19.8000,20.3900,19.4800,19.6000,19.8200,33898233,675375156.3600
2020-12-10,sz.300390,19.8000,19.9000,19.3300,19.4600,19.6000,18391921,360168103.6400
2020-12-11,sz.300390,19.6300,19.6700,18.1800,18.4800,19.4600,23529667,440906799.0600
2020-12-14,sz.300390,18.6900,19.3800,18.0300,19.1000,18.4800,20242587,378691719.4700
2020-12-15,sz.300390,19.0000,19.9900,19.0000,19.7300,19.1000,22787938,448204736.6200
2020-12-16,sz.300390,19.5200,19.7800,19.0300,19.4000,19.7300,14408113,278313799.6500
2020-12-17,sz.300390,19.4000,20.8000,19.3900,20.8000,19.4000,31842505,645994444.5900
2020-12-18,sz.300390,20.8800,22.5500,20.6100,22.2800,20.8000,43620341,947497607.4100
2020-12-21,sz.300390,23.0300,24.1400,22.3200,22.9800,22.2800,56771929,1311142012.8100
2020-12-22,sz.300390,22.7300,26.3800,22.0300,24.6700,22.9800,60859415,1466198601.5400
2020-12-23,sz.300390,24.3300,26.9700,24.3100,25.3900,24.6700,51368830,1302964455.3500
2020-12-24,sz.300390,25.2800,26.5000,24.9000,25.7500,25.3900,31494788,811562724.6500
2020-12-25,sz.300390,25.4800,26.9600,24.7100,26.8000,25.7500,38163864,985791263.5500
2020-12-28,sz.300390,26.1800,26.5000,25.0200,26.1800,26.8000,32338777,832934463.1000
2020-12-29,sz.300390,25.7500,25.9200,23.2500,23.6800,26.1800,35859476,870427322.6400
2020-12-30,sz.300390,24.2100,25.3600,24.0500,24.4200,23.6800,29316482,727682180.6200
2020-12-31,sz.300390,24.7100,25.5800,24.4200,24.6000,24.4200,26413411,659271869.1300
2021-01-04,sz.300390,25.1500,27.1600,25.1500,26.6900,24.6000,32051250,840299478.8400
2021-01-05,sz.300390,26.3000,26.8300,25.0100,25.7500,26.6900,30307456,778267580.4900
2021-01-06,sz.300390,26.2500,26.6000,24.4800,25.2800,25.7500,24289962,616534599.3000
2021-01-07,sz.300390,24.8800,26.1900,24.6300,25.4600,25.2800,28565630,730197254.1400
2021-01-08,sz.300390,25.3000,25.3300,23.5800,24.1800,25.4600,23849014,576417678.9100
2021-01-11,sz.300390,24.6900,24.7300,22.4000,22.8000,24.1800,23143205,545989885.4700
2021-01-12,sz.300390,23.0400,23.8600,22.6500,23.0800,22.8000,17111117,395269752.5600
2021-01-13,sz.300390,23.0100,23.1400,21.4000,21.7100,23.0800,20048882,444208169.1300
2021-01-14,sz.300390,22.0500,22.9500,21.2900,21.4600,21.7100,20103905,444395197.4200
2021-01-15,sz.300390,21.0500,21.5900,20.6400,21.2200,21.4600,19761180,415773105.2000
2021-01-18,sz.300390,20.8600,23.8600,20.8600,23.7400,21.2200,26458288,599827557.2000
2021-01-19,sz.300390,23.8100,24.0100,22.7100,22.9900,23.7400,20884665,485474587.1100
2021-01-20,sz.300390,23.6900,23.6900,21.5000,22.8800,22.9900,22433493,511984851.7100
2021-01-21,sz.300390,23.1000,25.2800,22.8200,24.4700,22.8800,31583915,765957534.6200
2021-01-22,sz.300390,24.3000,27.3000,24.2800,27.0000,24.4700,40355821,1056944025.4600
2021-01-25,sz.300390,28.4200,31.1600,27.8200,30.1900,27.0000,41716014,1235075875.0700
2021-01-26,sz.300390,29.0100,31.0800,29.0000,30.3800,30.1900,30064200,910056627.9800
2021-01-27,sz.300390,30.8000,32.3800,29.4200,31.1600,30.3800,31224409,970893631.8300
2021-01-28,sz.300390,30.7300,32.2700,29.9000,30.5500,31.1600,23188686,720790648.6000
2021-01-29,sz.300390,30.8200,31.1600,27.8000,28.8400,30.5500,28074481,816663161.3000
2021-02-01,sz.300390,29.6900,30.3900,28.4000,29.1000,28.8400,17473405,511645572.6600
2021-02-02,sz.300390,29.5400,29.9000,27.8000,29.1500,29.1000,15601197,451084851.6000
2021-02-03,sz.300390,29.4500,29.6600,28.0600,28.2800,29.1500,15417990,444882022.5100
2021-02-04,sz.300390,28.1800,28.3800,26.7100,27.4300,28.2800,15300130,419813960.9700
2021-02-05,sz.300390,28.0000,28.3300,26.4900,26.5500,27.4300,11412602,312008596.1400
2021-02-08,sz.300390,27.0500,27.8700,26.6300,27.2500,26.5500,11225523,306695554.6600
2021-02-09,sz.300390,27.2700,28.3500,27.0800,27.8600,27.2500,15067405,419258103.7900
2021-02-10,sz.300390,28.0400,28.5500,27.1100,27.9200,27.8600,11086648,308509498.5200
2021-02-18,sz.300390,28.8600,28.9800,26.3400,26.5500,27.9200,16408839,446579969.0300
2021-02-19,sz.300390,26.2700,26.2700,24.8200,26.0200,26.5500,13607344,347259369.4800
2021-02-22,sz.300390,26.4100,26.5400,24.8600,24.9600,26.0200,12582952,320825384.7100
2021-02-23,sz.300390,24.4800,24.9000,24.1000,24.4700,24.9600,10412235,254729653.1600
2021-02-24,sz.300390,24.6000,24.8800,23.6600,24.2100,24.4700,12301046,296563127.5300
2021-02-25,sz.300390,25.0000,26.4000,24.7000,26.2400,24.2100,26535988,679842432.6500
2021-02-26,sz.300390,25.9300,29.1600,25.5900,28.9500,26.2400,30904972,861424020.2300
2021-03-01,sz.300390,28.9600,30.2800,28.0500,29.8500,28.9500,23611660,691270908.0800
2021-03-02,sz.300390,29.6500,32.2800,29.6500,31.8200,29.8500,23286357,731775035.9100
2021-03-03,sz.300390,32.0000,32.0000,30.3700,31.5500,31.8200,16233561,505130061.2500
2021-03-04,sz.300390,31.3700,31.9900,28.0000,28.5600,31.5500,22823832,672438179.9900
2021-03-05,sz.300390,28.0100,28.8400,27.0600,27.3800,28.5600,17834820,493888247.8000
2021-03-08,sz.300390,27.5800,27.8800,25.6300,25.9400,27.3800,15105148,401597472.0800
2021-03-09,sz.300390,26.0100,28.2400,24.0100,27.3800,25.9400,23613691,620766718.6600
2021-03-10,sz.300390,28.0000,28.7500,26.8100,26.9000,27.3800,15446439,429113754.2700
2021-03-11,sz.300390,26.5900,27.5000,25.9000,27.0100,26.9000,12519757,334266257.0400
2021-03-12,sz.300390,27.3200,28.0700,25.8500,27.7900,27.0100,16961144,456852671.8800
2021-03-15,sz.300390,27.7900,28.6900,26.6800,27.8100,27.7900,12830249,356425202.8700
2021-03-16,sz.300390,27.5500,28.3000,27.1700,27.2000,27.8100,10065349,277470079.5600
2021-03-17,sz.300390,27.2000,29.9500,26.5700,29.7900,27.2000,18982867,543510816.7800
2021-03-18,sz.300390,29.4000,30.9900,28.9000,30.2500,29.7900,20200543,603172598.4600
2021-03-19,sz.300390,29.5000,29.8000,28.4700,28.4700,30.2500,13132578,380914082.8700
2021-03-22,sz.300390,28.8700,30.4700,28.0800,28.9300,28.4700,12736179,370839373.2700
2021-03-23,sz.300390,28.9000,29.2400,28.0400,28.9000,28.9300,7807120,223266554.1200
2021-03-24,sz.300390,28.5500,28.9200,27.8100,27.8600,28.9000,6861998,193404896.9100
2021-03-25,sz.300390,27.5700,30.2000,27.2700,30.1200,27.8600,19890166,582077900.1300
2021-03-26,sz.300390,29.7000,31.9800,29.4600,30.7200,30.1200,24436432,759775022.5800
2021-03-29,sz.300390,31.0100,32.8100,30.8000,31.2100,30.7200,24689681,784011230.4300
2021-03-30,sz.300390,31.3000,32.8600,30.3800,32.2600,31.2100,26060484,831184538.2800
2021-03-31,sz.300390,32.7900,32.8900,29.1000,29.7900,32.2600,28932623,879515526.1100
2021-04-01,sz.300390,30.0800,30.1200,28.6000,29.2000,29.7900,15607400,456143098.3300
2021-04-02,sz.300390,29.0100,29.6700,28.9000,29.3000,29.2000,10642682,311034741.8000
2021-04-06,sz.300390,29.3200,31.5000,29.1000,31.4200,29.3000,18234674,560200219.7100
2021-04-07,sz.300390,31.6500,31.8900,30.5000,30.9500,31.4200,14834919,459665760.6300
2021-04-08,sz.300390,30.8800,32.2100,30.3300,31.8900,30.9500,16412378,516750166.6600
2021-04-09,sz.300390,31.6100,32.0900,30.3400,30.4000,31.8900,14182046,438610730.6700
2021-04-12,sz.300390,30.2500,30.8500,27.9500,28.5900,30.4000,19832427,575953895.9100
2021-04-13,sz.300390,28.6200,29.3000,28.0400,28.2400,28.5900,12697222,362813210.7200
2021-04-14,sz.300390,28.4000,30.7600,28.3000,29.9900,28.2400,21254034,626027837.2900
2021-04-15,sz.300390,29.7200,29.9200,28.6200,29.1200,29.9900,13259829,386768898.4500
2021-04-16,sz.300390,30.0200,30.1800,28.8800,28.9600,29.1200,18099149,534936056.9400
2021-04-19,sz.300390,28.9600,31.2000,28.2200,31.1000,28.9600,25561586,774780428.6500
2021-04-20,sz.300390,30.9700,32.0000,30.0300,30.0300,31.1000,17562775,540745298.8000
2021-04-21,sz.300390,30.0000,30.1700,28.7300,29.3100,30.0300,15477697,454025692.3900
2021-04-22,sz.300390,29.3600,30.9500,29.0200,29.9800,29.3100,16545885,498554626.3300
2021-04-23,sz.300390,29.7200,31.1800,29.6800,30.5000,29.9800,18182281,556784351.7500
2021-04-26,sz.300390,30.7100,31.3600,29.1000,29.3400,30.5000,18748683,566301108.4400
2021-04-27,sz.300390,29.3600,29.7000,28.9000,29.5300,29.3400,11479479,335818341.2700
2021-04-28,sz.300390,29.5000,30.3600,29.1000,29.6100,29.5300,11012647,327085445.5900
2021-04-29,sz.300390,29.3500,29.5700,28.7000,28.8400,29.6100,10399856,301967489.9600
2021-04-30,sz.300390,28.6900,28.8700,26.0100,27.8700,28.8400,24938792,690285335.7500
2021-05-06,sz.300390,27.6000,29.0000,27.4000,28.8700,27.8700,14401594,408382931.1500
2021-05-07,sz.300390,28.8700,29.1000,28.1000,28.3100,28.8700,9245397,264070105.1800
2021-05-10,sz.300390,28.3100,29.4300,27.7800,29.1600,28.3100,17147247,492837717.6000
2021-05-11,sz.300390,28.7600,29.0400,27.9000,28.8100,29.1600,9392697,268454537.4000
2021-05-12,sz.300390,28.7400,29.1800,28.2100,28.6000,28.8100,7633943,219590618.3700
2021-05-13,sz.300390,28.2500,28.9600,27.8500,28.1000,28.6000,8076289,228432405.9800
2021-05-14,sz.300390,28.2300,28.9000,27.0600,27.7800,28.1000,15783422,442987041.6800
2021-05-17,sz.300390,27.5000,28.8000,27.3700,27.9900,27.7800,13244360,374344508.4800
2021-05-18,sz.300390,27.9000,28.3600,27.5800,27.6700,27.9900,9651890,268291428.3200
2021-05-19,sz.300390,27.5500,29.9000,27.3000,29.4900,27.6700,21214738,610702704.6600
2021-05-20,sz.300390,29.0000,29.7300,27.8000,29.1600,29.4900,21628508,622473633.9200
2021-05-21,sz.300390,29.1600,30.0000,28.6800,29.1500,29.1600,11264316,329930412.6700
2021-05-24,sz.300390,29.8300,30.1800,29.2500,29.8200,29.1500,12417795,368710361.2900
2021-05-25,sz.300390,29.5900,30.1000,29.3000,29.5100,29.8200,12181019,361823747.6900
2021-05-26,sz.300390,29.6500,29.9200,28.9500,29.0100,29.5100,9412338,276562806.4000
2021-05-27,sz.300390,28.7100,30.9600,28.7100,30.4800,28.9100,20488323,618549077.0000
2021-05-28,sz.300390,30.4800,34.6900,30.4800,34.6700,30.4800,39044858,1304264136.5700
2021-05-31,sz.300390,35.2200,37.2100,35.0000,37.1000,34.6700,24885128,903833564.8200
2021-06-01,sz.300390,36.6100,38.3000,36.0800,37.2500,37.1000,26842055,1001152919.2100
2021-06-02,sz.300390,37.3600,38.8800,36.9300,37.4400,37.2500,22901412,870295535.6900
2021-06-03,sz.300390,37.5600,40.7300,37.2700,39.6800,37.4400,25531105,1004466716.0200
2021-06-04,sz.300390,39.0000,44.5000,38.7700,44.4300,39.6800,22655691,964517763.6600
2021-06-07,sz.300390,44.4400,46.1900,42.8000,45.6000,44.4300,22438301,1005654003.0100
2021-06-08,sz.300390,44.0100,45.8000,43.7000,44.0400,45.6000,16603572,739436954.6000
2021-06-09,sz.300390,44.6000,47.5000,43.7400,45.6400,44.0400,18931453,866905199.8200
2021-06-10,sz.300390,45.6400,48.2900,44.3800,47.6800,45.6400,18072051,852254231.5100
2021-06-11,sz.300390,46.5000,47.9000,45.0000,46.5000,47.6800,13438961,629320643.8900
2021-06-15,sz.300390,46.9300,48.0000,45.6800,47.5000,46.5000,14474528,682219542.7400
2021-06-16,sz.300390,48.0800,48.2000,41.2000,42.0200,47.5000,31843200,1382332140.0500
2021-06-17,sz.300390,42.2300,43.7000,42.1000,43.4900,42.0200,18841557,814172064.7000
2021-06-18,sz.300390,44.3600,45.2300,42.5100,44.8200,43.4900,22281625,976896139.1000
2021-06-21,sz.300390,44.7100,46.0000,42.8700,44.1700,44.8200,13625863,600496258.6000
2021-06-22,sz.300390,43.3000,44.7100,41.5800,44.1800,44.1700,13515448,582392974.5200
2021-06-23,sz.300390,44.5000,48.8200,44.0100,48.2500,44.1800,15071122,705292197.5500
2021-06-24,sz.300390,47.1200,48.3400,44.4400,46.3100,48.2500,17447968,800739346.0500
2021-06-25,sz.300390,46.0000,47.3500,44.3400,46.7000,46.3100,10940551,501808567.1900
2021-06-28,sz.300390,47.5800,51.0600,46.5000,49.2300,46.7000,18222604,897996300.0100
2021-06-29,sz.300390,50.1000,50.9200,47.9900,48.7000,49.2300,13656896,674433336.9400
2021-06-30,sz.300390,49.0200,49.3000,47.8500,48.0300,48.7000,10099430,490123214.4600
2021-07-01,sz.300390,48.4200,49.6000,46.8000,47.9900,48.0300,10814722,520522811.2800
2021-07-02,sz.300390,47.4000,50.3300,46.5000,49.4500,47.9900,15032034,734329715.6800
2021-07-05,sz.300390,51.9800,59.3400,51.6100,59.3400,49.4500,23120635,1344313775.4600
2021-07-06,sz.300390,61.8600,62.4500,54.7100,56.7000,59.3400,29926633,1764847665.4500
2021-07-07,sz.300390,58.0000,61.0000,54.0500,60.0000,56.7000,20622258,1206961579.0900
2021-07-08,sz.300390,60.3000,62.8500,58.3400,59.0400,60.0000,16717690,1008479272.2300
2021-07-09,sz.300390,60.3100,64.5900,59.3100,63.0900,59.0400,21183944,1329624116.1200
2021-07-12,sz.300390,64.0000,74.8000,64.0000,70.7000,63.0900,24702202,1722934386.5500
2021-07-13,sz.300390,68.3500,71.5900,66.6600,71.0300,70.7000,16971682,1173281010.9700
2021-07-14,sz.300390,68.3300,73.5000,67.0000,69.0000,71.0300,14559075,1019475351.1600
2021-07-15,sz.300390,70.0300,71.6000,65.7900,69.3100,69.0000,21853573,1498306345.0100
2021-07-16,sz.300390,69.3200,73.1000,66.9100,69.9000,69.3100,14140288,996765762.6500
2021-07-19,sz.300390,69.5000,73.6000,67.1800,67.6600,69.9000,16607526,1165556888.9600
2021-07-20,sz.300390,66.1800,70.6600,65.7900,67.9300,67.6600,12148910,828346011.3100
2021-07-21,sz.300390,69.1900,77.9700,66.1200,74.9100,67.9300,22468242,1640946406.2500
2021-07-22,sz.300390,76.1100,77.5500,73.0300,76.9300,74.9100,16492150,1252607911.0000
2021-07-23,sz.300390,76.9700,76.9700,67.9800,68.5000,76.9300,21229321,1512950501.0400
2021-07-26,sz.300390,69.1000,70.6000,64.0000,66.9000,68.5000,20065616,1347549596.4300
2021-07-27,sz.300390,67.3000,67.3100,57.0000,60.0600,66.9000,40331678,2465587188.1500
2021-07-28,sz.300390,58.8700,62.8800,58.8000,60.2500,60.0600,23065648,1405227663.4000
2021-07-29,sz.300390,62.0500,64.5700,59.0300,60.0200,60.2500,26381737,1627488434.5900
2021-07-30,sz.300390,62.0000,62.0600,50.6300,55.8000,60.0200,53194054,2882637283.1500
2021-08-02,sz.300390,59.9600,66.9600,59.9600,64.6100,55.8000,54254535,3466929483.2600
2021-08-03,sz.300390,62.0000,65.0000,59.9600,61.4700,64.6100,24860592,1549150121.6100
2021-08-04,sz.300390,62.5000,73.4400,62.0000,72.2000,61.4700,33687013,2261370768.1000
2021-08-05,sz.300390,70.4800,73.8500,67.9700,70.1000,72.2000,25525533,1807228006.3800
2021-08-06,sz.300390,71.5000,75.0000,69.9200,71.1500,70.1000,23443385,1691242218.4400
2021-08-09,sz.300390,69.9900,69.9900,63.5500,65.8800,71.1500,25847777,1694457864.9300
2021-08-10,sz.300390,65.8900,66.3200,61.3600,63.8100,65.8800,20904113,1334342153.0700
2021-08-11,sz.300390,64.0900,67.3200,64.0900,65.4500,63.8100,16163061,1061794934.2300
2021-08-12,sz.300390,64.2800,70.3300,62.8600,68.7600,65.4500,20137844,1337929830.5700
2021-08-13,sz.300390,68.0100,74.9600,67.0000,70.2800,68.7600,24066685,1729641580.9000
2021-08-16,sz.300390,67.4300,68.7500,63.3000,65.5500,70.2800,19292107,1266644297.0700
2021-08-17,sz.300390,64.8000,67.8000,62.5500,65.3800,65.5500,17117692,1120604112.1600
2021-08-18,sz.300390,66.3100,71.1700,65.6800,69.9300,65.3800,19175216,1323718839.1900
2021-08-19,sz.300390,71.0000,82.0100,70.0000,77.9300,69.9300,26880278,2046255398.3900
2021-08-20,sz.300390,78.0200,86.5000,78.0200,84.2900,77.9300,23921739,1981571944.1800
2021-08-23,sz.300390,85.0000,93.1400,80.5200,88.3900,84.2900,21417841,1854601549.6800
2021-08-24,sz.300390,88.4000,93.0100,83.5000,84.9900,88.3900,17906852,1564067614.0500
2021-08-25,sz.300390,86.5000,87.0000,80.0000,83.7600,84.9900,15015484,1244263168.0600
2021-08-26,sz.300390,83.8800,85.9100,81.6700,82.2200,83.7600,10417328,869692129.7400
2021-08-27,sz.300390,83.0800,90.2000,80.3800,88.4500,82.2200,18012832,1546264133.7600
2021-08-30,sz.300390,87.0600,96.9900,87.0000,92.2500,88.4500,20009708,1844809123.2900
2021-08-31,sz.300390,89.6400,99.6600,88.0000,95.9900,92.2500,15962541,1502369353.5200
2021-09-01,sz.300390,101.7300,103.1900,85.8800,89.7600,95.9900,20838547,1947179299.6100
2021-09-02,sz.300390,92.8800,107.7100,88.1000,106.5000,89.7600,23205859,2347839620.4600
2021-09-03,sz.300390,111.8000,119.0000,99.9700,105.3500,106.5000,32182317,3487771215.6200
2021-09-06,sz.300390,105.2500,107.8800,88.8800,97.2000,105.3500,25601081,2494085446.5600
2021-09-07,sz.300390,97.9600,106.6000,96.5200,104.4100,97.2000,18461812,1905764287.0800
2021-09-08,sz.300390,103.7200,112.0800,102.3300,105.2300,104.4100,16227479,1736624903.5700
2021-09-09,sz.300390,110.0000,120.5500,110.0000,114.9100,105.2300,17867864,2045278166.6900
2021-09-10,sz.300390,115.0100,137.6000,114.0200,136.0900,114.9100,21514364,2739624279.0300
2021-09-13,sz.300390,135.0000,135.0000,124.9900,133.6000,136.0900,19858321,2622339944.9900
2021-09-14,sz.300390,134.7500,136.0000,125.0000,129.7800,133.6000,15170138,1985588866.9100
2021-09-15,sz.300390,131.0000,135.2000,122.8800,123.3800,129.7800,19678033,2487469369.1800
2021-09-16,sz.300390,123.0000,123.0000,108.5000,111.6900,123.3800,27356820,3142353935.2000
2021-09-17,sz.300390,115.0000,117.2700,107.6500,114.0000,111.6900,17980861,2033246587.1500
2021-09-22,sz.300390,110.1000,119.9700,110.0600,112.8300,114.0000,14324402,1639559905.9400
2021-09-23,sz.300390,113.0100,114.5800,105.1600,108.2100,112.8300,16920491,1841956679.5300
2021-09-24,sz.300390,108.5200,110.8700,102.0000,105.3400,108.2100,13572599,1441008435.3600
2021-09-27,sz.300390,116.0000,117.4900,96.6600,101.2900,105.3400,26332450,2735681270.6700
2021-09-28,sz.300390,102.0700,107.6000,100.3300,105.4800,101.2900,15835655,1662578059.6200
2021-09-29,sz.300390,104.5100,108.3800,93.3900,93.5000,105.4800,21838222,2174532099.9200
2021-09-30,sz.300390,98.1500,108.3000,98.1500,107.3500,93.5000,19387160,2022607466.0300
2021-10-08,sz.300390,109.0000,111.8800,104.0000,107.4000,107.3500,20014402,2154627683.7600
2021-10-11,sz.300390,106.0000,109.5000,98.6600,102.7000,107.4000,17365583,1806827652.0300
2021-10-12,sz.300390,101.4900,104.5000,94.4400,96.8800,102.7000,22171682,2181816290.8000
2021-10-13,sz.300390,97.0000,105.3900,96.0000,102.6000,96.8800,17980366,1797177973.4400
2021-10-14,sz.300390,99.9600,108.0900,98.3200,106.6000,102.6000,20190090,2115669983.6700
2021-10-15,sz.300390,106.0000,108.3000,100.1000,104.3000,106.6000,19984255,2091357402.3700
2021-10-18,sz.300390,103.7900,113.9000,99.7500,112.8300,104.3000,25998043,2765052981.2200
2021-10-19,sz.300390,108.7800,117.5700,108.2000,114.8000,112.8300,18829388,2131609058.0300
2021-10-20,sz.300390,114.0000,124.0000,112.1700,117.6500,114.8000,17389120,2074543176.8400
2021-10-21,sz.300390,117.9800,119.8800,112.8000,113.5300,117.6500,12199500,1406996805.6300
2021-10-22,sz.300390,114.5100,118.0000,110.9900,111.0000,113.5300,12097787,1387137238.9500
2021-10-25,sz.300390,108.8900,112.0000,104.1100,110.0000,111.0000,22595942,2443536543.8300
2021-10-26,sz.300390,113.9000,116.1000,105.9600,106.5000,110.0000,17960715,1984567390.9300
2021-10-27,sz.300390,107.0100,113.3800,104.0000,110.2100,106.5000,19952459,2185160896.7500
2021-10-28,sz.300390,108.4500,112.0000,101.8200,103.5000,110.2100,18681265,1980651787.6100
2021-10-29,sz.300390,104.0200,107.7000,103.5400,106.5100,103.5000,11524566,1220421900.8400
2021-11-01,sz.300390,106.5200,110.5800,99.0000,100.2900,106.5100,21877616,2255462269.9800
2021-11-02,sz.300390,100.8000,102.6800,96.4000,98.3000,100.2900,17109266,1695685697.7200
2021-11-03,sz.300390,99.0200,99.3000,93.0000,96.7100,98.3000,17693726,1692079230.6900
2021-11-04,sz.300390,97.9500,98.7500,91.2800,91.5000,96.7100,19617550,1848424123.7600
2021-11-05,sz.300390,92.9900,94.2900,88.3000,88.6900,91.5000,21165833,1932345274.8600
2021-11-08,sz.300390,87.4900,98.0000,87.4900,95.5100,88.6900,28680415,2671990397.9000
2021-11-09,sz.300390,96.0800,101.3900,94.5000,100.2000,95.5100,21096110,2091199316.2700
2021-11-10,sz.300390,100.3000,100.3000,90.6000,91.2000,100.2000,19881008,1856423559.7400
2021-11-11,sz.300390,91.8000,93.4900,90.3000,91.1000,91.2000,12530889,1145944136.0700
2021-11-12,sz.300390,91.9600,93.3400,90.3600,92.4500,91.1000,9145116,843154442.0100
2021-11-15,sz.300390,91.5100,93.5500,87.8500,92.2000,92.4500,12836329,1163532712.6600
2021-11-16,sz.300390,92.2000,93.0000,87.6900,88.1800,92.2000,12616385,1133844378.2800
2021-11-17,sz.300390,90.0800,102.6000,90.0800,98.3200,88.1800,30500548,2964421748.7700
2021-11-18,sz.300390,99.9900,105.8800,92.7000,102.4500,98.3200,29009140,2873592641.2100
2021-11-19,sz.300390,99.0000,102.0600,96.4800,97.7000,102.4500,21581869,2132615782.6600
2021-11-22,sz.300390,98.6000,103.0300,98.6000,100.5000,97.7000,15725361,1586908966.3800
2021-11-23,sz.300390,100.5000,102.2900,95.8200,96.2000,100.5000,14434182,1418441281.2200
2021-11-24,sz.300390,96.3300,98.2000,94.3800,94.7900,96.2000,10007565,956173997.7600
2021-11-25,sz.300390,94.5900,96.3500,91.7300,92.9100,94.7900,11200361,1045570700.7500
2021-11-26,sz.300390,93.8800,102.0000,93.2000,98.0000,92.9100,18483365,1811739640.4100
2021-11-29,sz.300390,95.8400,107.5700,95.6800,106.5700,98.0000,22816955,2379688292.7200
2021-11-30,sz.300390,108.5600,112.3100,107.2000,112.0000,106.5700,21485527,2370759729.1400
2021-12-01,sz.300390,111.0000,113.5000,107.0800,110.7900,112.0000,15278440,1679467015.9400
2021-12-02,sz.300390,110.6200,112.6600,108.8000,111.4500,110.7900,10248858,1134472431.7800
2021-12-03,sz.300390,110.5000,114.9500,110.1300,112.8800,111.4500,12084549,1362662557.9800
2021-12-06,sz.300390,110.0100,113.0000,107.3600,107.5500,112.8800,11593678,1268446704.6700
2021-12-07,sz.300390,108.3000,109.3000,96.3000,98.1000,107.5500,18942193,1895039596.8000
2021-12-08,sz.300390,98.0000,99.6100,96.3100,98.2000,98.1000,14151273,1378580087.0800
2021-12-09,sz.300390,97.5100,98.9300,94.3600,95.3800,98.2000,15926645,1523676560.7700
2021-12-10,sz.300390,94.0000,100.5000,93.8700,99.2000,95.3800,18658552,1842109953.0400
2021-12-13,sz.300390,99.2000,100.1900,96.6000,98.8100,99.2000,11228890,1100052874.7600
2021-12-14,sz.300390,98.7900,98.7900,93.6800,94.3100,98.8100,12941191,1229392634.2100
2021-12-15,sz.300390,94.9800,95.4200,90.5100,90.9900,94.3100,13098349,1207440224.4500
2021-12-16,sz.300390,91.5000,92.2000,89.1000,89.7000,90.9900,11958657,1078306138.0100
2021-12-17,sz.300390,89.7000,90.1600,87.0400,87.2300,89.7000,10334442,908640450.5100
2021-12-20,sz.300390,87.0400,89.3400,84.0400,84.5500,87.2300,12220407,1056067292.6600
2021-12-21,sz.300390,84.5400,86.5800,82.2000,84.2000,84.5500,12342241,1033206780.3300
2021-12-22,sz.300390,84.7800,85.6400,83.5500,84.4800,84.2000,10271309,867154749.1600
2021-12-23,sz.300390,85.0000,85.4500,80.7200,81.2600,84.4800,11615339,953376031.2000
2021-12-24,sz.300390,81.9300,82.1000,72.9000,73.9800,81.2600,23423157,1769535127.8500
2021-12-27,sz.300390,74.8200,79.0500,74.1200,78.2200,73.9800,20246971,1566217587.4500
2021-12-28,sz.300390,78.3900,83.3100,76.3400,81.8300,78.2200,18020830,1459590271.6300
2021-12-29,sz.300390,81.0000,85.7000,80.9800,82.0000,81.8300,13523423,1130038162.1300
2021-12-30,sz.300390,82.2000,82.9900,80.0800,80.2500,82.0000,8513149,690345717.0600
2021-12-31,sz.300390,80.8400,82.1900,79.3000,81.0000,80.2500,11227264,905068627.0200
2022-01-04,sz.300390,82.9900,82.9900,78.2500,81.2500,81.0000,14908174,1198265084.1500
2022-01-05,sz.300390,79.4800,81.4800,76.7300,78.8000,81.2500,14383904,1125546642.1900
2022-01-06,sz.300390,78.7000,82.3000,75.6800,80.0200,78.8000,13271081,1052207788.1200
2022-01-07,sz.300390,79.2800,80.7300,75.2900,75.8800,80.0200,12523422,961981224.9500
2022-01-10,sz.300390,75.1000,76.5000,73.3400,73.8200,75.8800,14310373,1066558649.2900
2022-01-11,sz.300390,73.4100,73.9000,69.1700,70.3800,73.8200,19848734,1404118759.2900
2022-01-12,sz.300390,73.3700,74.7500,69.2500,71.5100,70.3800,25313549,1801706854.4000
2022-01-13,sz.300390,71.4900,72.3000,68.3900,68.5500,71.5100,13573545,947759784.7500
2022-01-14,sz.300390,68.5500,69.3000,67.5300,67.9200,68.5500,11464551,783551109.2200
2022-01-17,sz.300390,68.6000,71.2000,67.1600,70.4200,67.9200,12714545,889751062.1700
2022-01-18,sz.300390,70.0400,72.1800,69.5000,70.6500,70.4200,9647839,686369633.1100
2022-01-19,sz.300390,70.0100,70.3300,67.0900,67.3000,70.6500,13423971,914261394.8200
2022-01-20,sz.300390,67.5900,67.9900,63.4500,63.5000,67.3000,20625344,1334846316.6500
2022-01-21,sz.300390,64.6000,66.2000,63.1200,64.8800,63.5000,13911653,904218008.7300
2022-01-24,sz.300390,64.8800,72.1000,64.3000,70.2100,64.8800,20219294,1396491821.8800
2022-01-25,sz.300390,70.9100,72.0000,69.4200,69.4900,70.2100,14612886,1031659667.9100
2022-01-26,sz.300390,71.2700,71.7000,68.3400,70.5000,69.4900,14749667,1032094105.6400
2022-01-27,sz.300390,71.0600,72.5000,68.0300,68.1200,70.5000,13098475,921476330.6800
2022-01-28,sz.300390,69.0000,69.8700,65.6000,65.8000,68.1200,11655472,783600497.8300
2022-02-07,sz.300390,67.9900,71.0800,66.8000,67.7700,65.8000,12446671,852694585.0600
2022-02-08,sz.300390,66.0800,67.1700,64.8200,66.1700,67.7700,12367206,814326178.6000
2022-02-09,sz.300390,67.0500,68.3000,62.7400,66.2000,66.1700,20217760,1328674173.8600
2022-02-10,sz.300390,66.9500,68.2900,65.4200,67.5100,66.2000,17521428,1168460196.8500
2022-02-11,sz.300390,68.0000,76.0000,65.6500,72.7000,67.5100,29772090,2157230696.4700
2022-02-14,sz.300390,72.3500,78.6700,71.5400,75.3900,72.7000,26940396,2045879339.5900
2022-02-15,sz.300390,77.0800,77.8500,73.7000,77.0000,75.3900,17205218,1312382187.7100
2022-02-16,sz.300390,78.0000,82.0000,77.6200,78.8000,77.0000,19047888,1510783554.4400
2022-02-17,sz.300390,77.9400,87.3300,77.7000,84.8800,78.8000,29341269,2454077175.5300
2022-02-18,sz.300390,84.1300,88.2200,83.2300,85.0000,84.8800,19334760,1657187117.8600
2022-02-21,sz.300390,85.0000,86.2000,83.0100,85.1500,85.0000,14900291,1258246524.5600
2022-02-22,sz.300390,89.0000,91.1700,87.1200,89.0000,85.1500,25393104,2258130541.5600
2022-02-23,sz.300390,88.8800,89.3800,86.4100,88.1300,89.0000,15105756,1327485158.4400
2022-02-24,sz.300390,86.2500,87.6700,81.8700,85.4900,88.1300,21718226,1838747149.1500
2022-02-25,sz.300390,86.5000,89.5200,84.4700,87.4000,85.4900,17452150,1518909726.9700
2022-02-28,sz.300390,87.0000,90.4900,86.4000,89.8000,87.4000,14528432,1292774144.0000
2022-03-01,sz.300390,89.1100,89.4000,79.0100,80.5600,89.8000,31608048,2607439744.0000
2022-03-02,sz.300390,80.5500,81.5900,77.3800,79.9500,80.5600,16608573,1318500192.0000
2022-03-03,sz.300390,80.2400,80.5700,76.8200,76.9300,79.9500,15242524,1184420448.0000
2022-03-04,sz.300390,76.3700,78.8000,73.2800,73.5900,76.9300,20103092,1517798768.0000
2022-03-07,sz.300390,73.1000,74.0500,70.6100,71.2800,73.5900,14476158,1042133728.0000
2022-03-08,sz.300390,71.7800,72.3000,67.5000,67.9800,71.2800,18413112,1271200080.0000
2022-03-09,sz.300390,68.5600,68.7300,62.6700,65.6400,67.9800,19954849,1301800928.0000
2022-03-10,sz.300390,68.3000,69.8700,66.6000,68.6700,65.6400,23778641,1625166848.0000
2022-03-11,sz.300390,67.7500,73.8800,67.2500,73.2900,68.6700,28601748,2037754336.0000
2022-03-14,sz.300390,71.3000,73.7800,71.0300,71.2500,73.2900,18502136,1340015360.0000
2022-03-15,sz.300390,71.6800,75.7000,70.7700,72.2000,71.2500,23534397,1727329664.0000
2022-03-16,sz.300390,73.8000,76.3000,71.5000,76.3000,71.7000,28069374,2088768288.0000
2022-03-17,sz.300390,78.9500,79.6800,73.6800,74.4000,76.3000,28141092,2175868624.0000
2022-03-18,sz.300390,74.0000,74.8600,71.5400,74.8600,74.4000,17279596,1261923022.3000
2022-03-21,sz.300390,73.3100,77.6500,72.7300,75.4400,74.8600,21361199,1602803364.4200
2022-03-22,sz.300390,75.7000,78.8700,74.0100,77.8800,75.4400,20260203,1568582707.8700
2022-03-23,sz.300390,78.5600,79.3700,75.5900,77.2000,77.8800,14022214,1079769147.0000
2022-03-24,sz.300390,76.2000,78.6800,74.3900,78.1000,77.2000,13616672,1044905099.7400
2022-03-25,sz.300390,79.0000,79.6800,75.4000,75.4000,78.1000,13663224,1053938576.5400
2022-03-28,sz.300390,74.5100,76.0000,71.1000,72.8100,75.4000,13548158,986048897.5300
2022-03-29,sz.300390,73.4200,75.5900,72.1000,73.9300,72.8100,10971460,814315660.5100
2022-03-30,sz.300390,74.5000,76.4300,73.2000,76.4000,73.9300,10020273,757086628.4900
2022-03-31,sz.300390,75.9000,76.1300,71.0000,71.6000,76.4000,14559453,1058570863.5700
2022-04-01,sz.300390,71.5900,74.3800,70.8000,72.7000,71.6000,9828377,715817296.9700
2022-04-06,sz.300390,72.6700,73.6600,68.4800,69.8000,72.7000,12784347,890062819.8700
2022-04-07,sz.300390,69.9000,74.2000,69.4700,71.8100,69.8000,17994696,1300260355.6400
2022-04-08,sz.300390,75.4800,75.9900,69.9000,70.1900,71.8100,26320497,1906210501.6000
2022-04-11,sz.300390,68.0000,68.0000,62.2500,62.3900,70.1900,26941867,1728592746.2300
2022-04-12,sz.300390,62.3800,65.0900,62.1200,64.6500,62.3900,14601322,936323472.2200
2022-04-13,sz.300390,63.9000,67.2000,62.5000,64.2800,64.6500,16572316,1075858586.6800
2022-04-14,sz.300390,65.2900,65.6000,63.0000,63.8500,64.2800,9916229,635673100.3900
2022-04-15,sz.300390,63.4800,64.9900,62.1000,63.3000,63.8500,10865553,687496542.2300
2022-04-18,sz.300390,63.0000,64.2200,59.7100,63.8900,63.3000,10484500,654334017.9700
2022-04-19,sz.300390,63.0300,64.3500,62.1000,62.9600,63.8900,10069977,633137255.5200
2022-04-20,sz.300390,63.1600,63.9800,60.3100,60.5000,62.9600,10992340,674874493.4000
2022-04-21,sz.300390,60.7800,61.4900,55.4900,56.3000,60.5000,20742767,1195154902.0100
2022-04-22,sz.300390,56.2600,56.7300,53.9000,54.1700,56.3000,15178306,833326402.9300
2022-04-25,sz.300390,52.2300,53.4400,49.0000,50.0000,54.1700,16171946,823737126.8100
2022-04-26,sz.300390,50.7900,51.4900,49.0100,49.1900,50.0000,12058509,607876213.2000
2022-04-27,sz.300390,49.2000,57.5000,48.6700,57.3800,49.1900,26881969,1430680524.5800
2022-04-28,sz.300390,55.5100,60.4500,55.2000,58.9800,57.3800,27705853,1614959745.3700
2022-04-29,sz.300390,58.9800,61.6100,58.0100,61.1800,58.9800,28912241,1735627739.5600
2022-05-05,sz.300390,60.0000,60.1500,56.7300,58.5900,61.1800,24590167,1441089573.7100
2022-05-06,sz.300390,56.9100,60.3500,56.6000,57.7800,58.5900,15755624,922916980.3300
2022-05-09,sz.300390,57.7300,59.0300,57.2000,58.4500,57.7800,10752182,625267242.9600
2022-05-10,sz.300390,57.0000,60.5500,56.6100,59.4200,58.4500,15419650,911973038.3700
2022-05-11,sz.300390,59.0000,63.4900,58.6500,60.9000,59.4200,23540474,1450577459.6800
2022-05-12,sz.300390,60.1300,60.9700,58.6900,59.6200,60.9000,15262564,913441611.1900
2022-05-13,sz.300390,60.2900,60.4800,58.4100,59.1300,59.6200,10035572,594888144.3600
2022-05-16,sz.300390,59.9000,61.5000,58.7500,59.1500,59.1300,10935785,653243037.8900
2022-05-17,sz.300390,59.1500,63.1000,59.0800,62.3300,59.1500,23163902,1423849226.1100
2022-05-18,sz.300390,62.4500,62.8800,60.8200,61.0100,62.3300,16287999,1005398784.5500
2022-05-19,sz.300390,60.2000,61.9900,58.9400,61.8000,61.0100,20030531,1213899095.6600
2022-05-20,sz.300390,62.0600,63.5500,60.2000,63.2000,61.8000,25819032,1607330743.6900
2022-05-23,sz.300390,63.4800,65.9700,62.5000,65.1900,63.2000,23902775,1538961947.1200
2022-05-24,sz.300390,65.1700,65.6400,61.2800,61.4700,65.1900,20972390,1331956810.7400
2022-05-25,sz.300390,62.1100,62.3000,59.8500,60.9700,61.4700,13733675,833893681.8200
2022-05-26,sz.300390,60.9000,61.1600,58.5100,60.0000,60.9700,11379107,684100815.8900
2022-05-27,sz.300390,60.7500,62.1000,59.1000,59.3500,60.0000,12446413,753980849.8100
2022-05-30,sz.300390,60.1000,61.6000,59.3100,59.9800,59.3500,13286904,798696053.5600
2022-05-31,sz.300390,60.0100,60.3000,57.4900,60.3000,59.9800,17985478,1055740705.1900
2022-06-01,sz.300390,59.5100,60.4000,57.7800,59.3700,60.3000,14769646,873149215.8800
2022-06-02,sz.300390,59.0100,61.2700,58.5200,60.2000,59.3700,16319589,985944149.6900
2022-06-06,sz.300390,60.3000,69.8700,60.3000,69.2000,60.2000,40987003,2726373207.8000
2022-06-07,sz.300390,69.2000,70.4900,68.8500,69.9100,69.2000,25555823,1781404446.3500
2022-06-08,sz.300390,70.2900,75.0000,70.1500,74.1300,69.9100,36851795,2694454287.0900
2022-06-09,sz.300390,72.9500,74.7400,72.2100,72.9400,74.1300,21669360,1588429570.2100
2022-06-10,sz.300390,71.7000,76.8800,71.0600,74.9900,72.9400,33736580,2529037868.6900
2022-06-13,sz.300390,73.9000,77.7700,73.3100,76.4300,74.9900,26600413,2011872193.7400
2022-06-14,sz.300390,74.8900,77.7000,74.2000,76.7800,76.4300,20372262,1547582471.7300
2022-06-15,sz.300390,77.1100,84.9900,75.7500,80.8200,76.7800,28888399,2317666425.5800
2022-06-16,sz.300390,80.0000,81.2900,78.1800,79.1000,80.8200,16852290,1341844995.8200
2022-06-17,sz.300390,78.4900,84.1200,78.0000,82.9400,79.1000,20675026,1700726790.1500
2022-06-20,sz.300390,82.9400,84.1300,81.5400,82.4800,82.9400,15096339,1247755879.4400
2022-06-21,sz.300390,82.3000,82.3900,76.4000,77.7000,82.4800,23911428,1871457464.0500
2022-06-22,sz.300390,78.0000,79.9000,77.6600,78.4700,77.7000,15848158,1252491122.3300
2022-06-23,sz.300390,79.5500,79.9900,75.4600,79.2700,78.4700,16310859,1271972526.9000
2022-06-24,sz.300390,80.0000,81.4700,77.2200,80.6200,79.2700,15193310,1207655461.6700
2022-06-27,sz.300390,81.0000,87.5400,80.0500,82.8500,80.6200,24696407,2076770073.0900
2022-06-28,sz.300390,82.8000,84.5000,80.7000,83.3700,82.8500,13963243,1151981829.3100
2022-06-29,sz.300390,82.5000,82.9800,79.3000,79.3100,83.3700,14509189,1171677512.1700
2022-06-30,sz.300390,85.0000,89.9100,83.8000,87.4000,79.3100,41606341,3613855282.9100
2022-07-01,sz.300390,88.0000,98.6900,87.2000,96.4900,87.4000,43644228,4096222050.3700
2022-07-04,sz.300390,96.9000,98.8800,95.1800,98.2500,96.4900,32138569,3130667087.5300
2022-07-05,sz.300390,98.1800,98.1800,93.0600,95.4200,98.2500,29539620,2799865321.4200
2022-07-06,sz.300390,94.5900,97.7700,94.0100,95.7100,95.4200,23791170,2281237337.1000
2022-07-07,sz.300390,96.5100,96.9700,92.1400,94.5000,95.7100,19634380,1862747040.2100
2022-07-08,sz.300390,95.7800,97.5000,93.4000,93.4100,94.5000,19790249,1876622872.5100
2022-07-11,sz.300390,92.0000,93.5000,85.9600,87.5000,93.4100,25632610,2260964536.8900
2022-07-12,sz.300390,87.5300,89.3000,83.9700,85.9400,87.5000,20831018,1792434794.2100
2022-07-13,sz.300390,85.4100,87.0800,83.0600,86.2700,85.9400,19935448,1695274251.3400
2022-07-14,sz.300390,85.7100,87.6000,84.4000,86.0000,86.2700,20035623,1722688239.0800
2022-07-15,sz.300390,86.0000,90.1500,85.7000,86.3800,86.0000,22066933,1939504565.4200
2022-07-18,sz.300390,85.9000,87.0100,84.0000,84.7100,86.3800,20394377,1732199541.6100
2022-07-19,sz.300390,85.2900,85.5600,82.5100,83.3300,84.7100,16323182,1370437719.9400
2022-07-20,sz.300390,84.3000,86.7500,83.0900,83.7000,83.3300,18671535,1580666326.1900
2022-07-21,sz.300390,83.2000,83.2000,79.3600,79.4000,83.7000,24099597,1951726286.3000
2022-07-22,sz.300390,80.0000,80.5600,77.8900,79.0000,79.4000,15055148,1191260178.0400
2022-07-25,sz.300390,78.5300,80.2300,77.9000,78.1500,79.0000,10773413,849997613.3900
2022-07-26,sz.300390,78.2000,83.1800,78.0000,80.8500,78.1500,22738613,1842413886.0700
2022-07-27,sz.300390,80.7500,81.2700,78.8300,79.9100,80.8500,13258521,1059526102.3600
2022-07-28,sz.300390,80.4000,81.1500,78.9300,79.3300,79.9100,13196726,1053208933.6100
2022-07-29,sz.300390,79.3300,79.6800,77.7000,77.9000,79.3300,12633975,989534385.1200
2022-08-01,sz.300390,77.4900,79.9800,75.8900,79.2800,77.9000,17977872,1402740045.0700
2022-08-02,sz.300390,77.7700,77.8000,74.2300,74.7300,79.2800,17472322,1322180215.9500
2022-08-03,sz.300390,76.0000,77.3700,73.9500,74.2500,74.7300,12165648,919505237.1700
2022-08-04,sz.300390,75.3500,77.7700,73.7400,76.2500,74.2500,16936609,1284287964.8700
2022-08-05,sz.300390,75.9600,78.5500,75.3500,78.2200,76.2500,17092360,1317378351.4200
2022-08-08,sz.300390,78.1800,80.3200,77.0200,78.9500,78.2200,18613899,1466507346.2200
2022-08-09,sz.300390,78.9900,81.5000,78.5000,80.9800,78.9500,17324710,1390446904.2100
2022-08-10,sz.300390,80.9200,82.3800,78.6200,79.0500,80.9800,15336359,1226792390.7100
2022-08-11,sz.300390,79.1000,79.5000,76.8100,79.2200,79.0500,14488847,1133953140.3300
2022-08-12,sz.300390,78.7700,81.4000,78.3300,78.5900,79.2200,11603511,925452933.6800
2022-08-15,sz.300390,78.0000,81.8000,77.8800,80.5300,78.5900,15125768,1218709465.0300
2022-08-16,sz.300390,80.8800,81.5000,79.2900,80.1000,80.5300,12222947,980184879.4800
2022-08-17,sz.300390,79.8200,80.0900,76.6100,78.5500,80.1000,17380288,1352259967.2700
2022-08-18,sz.300390,78.0100,78.9100,77.6600,77.8500,78.5500,8737455,682028000.9200
2022-08-19,sz.300390,77.8700,78.1100,75.1300,75.1600,77.8500,12785868,975019044.1100
2022-08-22,sz.300390,75.0200,85.6100,74.3300,85.3600,75.1600,35418991,2884547836.0400
2022-08-23,sz.300390,85.0000,85.5000,81.9900,83.4800,85.3600,24325729,2024942599.5300
2022-08-24,sz.300390,83.4600,85.5400,79.4200,80.0900,83.4800,19587502,1601058971.6600
2022-08-25,sz.300390,80.8200,81.6700,76.0100,78.8800,80.0900,18891292,1484028613.0500
2022-08-26,sz.300390,79.3000,85.0000,77.7000,82.0000,78.8800,31898725,2627469558.7400
2022-08-29,sz.300390,81.6000,81.8100,78.0200,79.2300,82.0000,20517633,1627836894.2200
2022-08-30,sz.300390,79.4000,81.9900,78.1000,80.0100,79.2300,18524045,1479815734.0300
2022-08-31,sz.300390,80.0000,81.8800,76.4200,78.0100,80.0100,21616190,1693497224.3000
2022-09-01,sz.300390,77.1100,77.9800,74.8100,74.9000,78.0100,13809844,1049474704.2000
2022-09-02,sz.300390,75.1000,76.8800,73.4600,74.0500,74.9000,13426463,1005448038.5300
2022-09-05,sz.300390,73.8000,74.6000,72.2000,72.9700,74.0500,10842270,792916865.0600
2022-09-06,sz.300390,73.5900,77.4000,72.8800,76.9500,72.9700,19216572,1454497329.6200
2022-09-07,sz.300390,76.0000,77.3600,75.3700,76.4000,76.9500,11368093,867028677.3900
2022-09-08,sz.300390,77.0100,77.5000,75.5500,75.7100,76.4000,9343550,712982587.7400
2022-09-09,sz.300390,76.2600,78.2800,75.8500,77.4300,75.7100,13729071,1061636567.4200
2022-09-13,sz.300390,78.0000,79.5500,77.3200,78.6500,77.4300,13741004,1079765757.5400
2022-09-14,sz.300390,76.9800,79.8000,76.6500,78.3500,78.6500,13389705,1047081206.4400
2022-09-15,sz.300390,79.0000,80.4200,74.3800,75.1000,78.3500,17024491,1308914112.9600
2022-09-16,sz.300390,74.2100,74.6000,70.0000,72.2500,75.1000,14795632,1074486430.0500
2022-09-19,sz.300390,71.0100,72.8800,69.3800,70.7300,72.2500,16256339,1149575142.3700
2022-09-20,sz.300390,71.0000,75.2200,71.0000,73.5100,70.7300,17776585,1310985110.2600
2022-09-21,sz.300390,73.0200,73.8500,72.1100,72.2800,73.5100,10897045,793185242.5600
2022-09-22,sz.300390,71.4000,73.6200,70.6000,71.8600,72.2800,8799636,634345386.5900
2022-09-23,sz.300390,71.8800,72.1800,68.5500,70.6000,71.8600,14070462,986357669.9200
2022-09-26,sz.300390,69.2800,71.2800,69.2800,69.5700,70.6000,8802746,618259624.2500
2022-09-27,sz.300390,69.9900,70.2500,67.8900,69.5800,69.5700,9463818,652918124.8500
2022-09-28,sz.300390,69.9400,69.9400,66.0000,66.0700,69.5800,10831129,727584920.2500
2022-09-29,sz.300390,67.0500,68.4800,66.7600,67.1800,66.0700,9682678,654359409.5200
2022-09-30,sz.300390,66.8100,67.8400,66.2700,66.2700,67.1800,6703375,448607994.2700
2022-10-10,sz.300390,66.2200,67.1300,64.1100,64.4500,66.2700,8015207,523540913.1700
2022-10-11,sz.300390,65.2400,66.3900,64.1300,65.1300,64.4500,8440377,552339464.6100
2022-10-12,sz.300390,68.0000,69.0000,65.0700,68.2200,65.1300,18776225,1258856767.2000
2022-10-13,sz.300390,67.0000,68.3800,66.6900,66.7600,68.2200,12181823,819686938.4700
2022-10-14,sz.300390,68.0000,69.3900,67.0700,68.8200,66.7600,15567239,1063299378.7300
2022-10-17,sz.300390,68.0200,68.7900,67.1400,68.2900,68.8200,10802265,733912014.6900
2022-10-18,sz.300390,68.9900,69.7100,67.9000,68.6000,68.2900,10956885,752110368.1400
2022-10-19,sz.300390,68.6000,70.6400,68.0200,68.2900,68.6000,10496690,727094156.5400
2022-10-20,sz.300390,67.7900,67.8900,65.8500,66.8200,68.2900,9470550,632588783.7700
2022-10-21,sz.300390,66.8300,67.5400,65.6500,66.0200,66.8200,6826094,454171008.7600
2022-10-24,sz.300390,66.5900,68.5000,65.0800,65.8600,66.0200,10203431,684195013.4600
2022-10-25,sz.300390,65.8800,66.7800,62.8800,66.2500,65.8600,9160373,595476626.6400
2022-10-26,sz.300390,66.0800,67.9600,65.9200,66.9300,66.2500,9017283,604076561.8100
2022-10-27,sz.300390,66.9900,68.4400,66.9200,66.9600,66.9300,8352157,564597598.1700
2022-10-28,sz.300390,66.8600,66.8800,61.8600,62.4300,66.9600,13853955,885960155.6200
2022-10-31,sz.300390,62.0300,63.3700,61.5500,61.8500,62.4300,10318912,643780785.8500
2022-11-01,sz.300390,61.8900,65.0600,61.7100,64.7000,61.8500,14878005,950304392.3200
2022-11-02,sz.300390,64.1900,65.8200,63.8000,65.4300,64.7000,11460011,742787857.5200
2022-11-03,sz.300390,64.8000,67.4900,64.3600,66.6600,65.4300,11811801,786565088.2600
2022-11-04,sz.300390,67.0200,70.7700,66.1200,69.6400,66.6600,20367793,1405308321.5000
2022-11-07,sz.300390,69.9900,71.2500,69.7700,70.3500,69.6400,15618105,1099742810.1000
2022-11-08,sz.300390,70.0100,71.2300,69.1500,70.2000,70.3500,9986108,699204453.3500
2022-11-09,sz.300390,71.0000,71.2300,69.3800,69.4000,70.2000,7027761,492584710.5100
2022-11-10,sz.300390,68.6100,69.6000,66.9300,67.1000,69.4000,9794563,663808132.2900
2022-11-11,sz.300390,69.2200,69.5900,67.3000,67.5700,67.1000,9082515,619941384.3900
2022-11-14,sz.300390,67.5200,67.7700,64.8700,65.4100,67.5700,10799916,714189822.2100
2022-11-15,sz.300390,64.8800,66.9900,64.3800,66.6000,65.4100,8944695,589146764.8300
2022-11-16,sz.300390,66.7900,67.7600,65.5200,65.5400,66.6000,8447432,558757250.2200
2022-11-17,sz.300390,65.6800,65.8700,63.7400,64.3500,65.5400,7755122,498235785.4100
2022-11-18,sz.300390,64.5800,64.7700,63.1800,63.2500,64.3500,7030996,449045609.0300
2022-11-21,sz.300390,62.9200,64.0000,62.0800,63.6400,63.2500,6888490,436296843.2900
2022-11-22,sz.300390,63.5000,63.9500,62.1000,62.2200,63.6400,7372277,462259789.2700
2022-11-23,sz.300390,62.4900,63.0900,61.3000,62.7200,62.2200,6822629,425932628.7200
2022-11-24,sz.300390,62.8400,64.2000,62.4800,63.4700,62.7200,8743362,554972182.4300
2022-11-25,sz.300390,63.8000,63.9800,61.9800,62.1000,63.4700,6375224,397859932.2500
2022-11-28,sz.300390,61.4000,61.4000,59.5500,60.6500,62.1000,9812538,590677196.9600
2022-11-29,sz.300390,60.6400,61.3800,60.0000,60.8300,60.6500,9246796,561514848.5700
2022-11-30,sz.300390,60.8300,62.7700,60.3900,60.9000,60.8300,14581860,894477001.2400
2022-12-01,sz.300390,61.8500,62.1400,60.8800,60.8900,60.9000,10879326,667311728.7000
2022-12-02,sz.300390,61.0100,61.8400,60.4100,61.6000,60.8900,7882093,483283450.0000
2022-12-05,sz.300390,62.0000,62.6600,61.1600,61.7600,61.6000,10045718,621173614.8600
2022-12-06,sz.300390,61.0000,62.6600,60.2200,62.1000,61.7600,10990023,677861590.5900
2022-12-07,sz.300390,61.6300,63.4100,61.3900,62.3000,62.1000,11304451,707675874.2600
2022-12-08,sz.300390,62.0000,62.9500,61.2000,61.5100,62.3000,8493876,525741097.5200
2022-12-09,sz.300390,61.9000,62.8800,61.2000,62.6300,61.5100,11886712,738797069.5500
2022-12-12,sz.300390,62.1800,62.8000,61.1900,61.2100,62.6300,9224616,567488322.0900
2022-12-13,sz.300390,61.6600,62.3400,60.7100,60.8900,61.2100,7267920,446174044.7500
2022-12-14,sz.300390,60.5900,61.1800,59.5000,59.7900,60.8900,7701125,463194769.6700
2022-12-15,sz.300390,59.5100,61.2800,59.0000,61.0100,59.7900,10045755,603084230.7100
2022-12-16,sz.300390,60.3800,60.6800,58.5200,59.1100,61.0100,8167198,484729328.6700
2022-12-19,sz.300390,59.0000,62.1000,58.7000,60.6600,59.1100,14031255,858075933.2900
2022-12-20,sz.300390,60.0500,60.3000,58.3800,58.8800,60.6600,8063505,475264166.1900
2022-12-21,sz.300390,58.8800,60.1900,57.7000,58.5200,58.8800,7146060,421429582.0400
2022-12-22,sz.300390,58.8900,59.0500,56.1600,56.3300,58.5200,8698099,497453004.9400
2022-12-23,sz.300390,55.8000,57.5000,55.5500,57.0100,56.3300,6813407,387873153.4500
2022-12-26,sz.300390,56.9100,58.2200,56.5400,58.1000,57.0100,6318260,364198442.3800
2022-12-27,sz.300390,58.2000,58.6600,57.7100,58.4200,58.1000,5981706,348592179.9000
2022-12-28,sz.300390,57.8000,58.3000,56.8600,57.3600,58.4200,7109352,409746529.4400
2022-12-29,sz.300390,57.7100,58.5000,57.0000,57.0000,57.3600,6718757,386787527.4200
2022-12-30,sz.300390,57.5000,57.8000,55.8800,55.8800,57.0000,8300756,468662331.4500
2023-01-03,sz.300390,55.8900,58.2800,55.1700,57.8100,55.8800,11145555,636151139.0500
2023-01-04,sz.300390,57.5000,58.1900,56.3300,56.7900,57.8100,6943835,395604350.8700
2023-01-05,sz.300390,57.1000,58.8500,56.7500,58.1800,56.7900,11766445,683327398.0500
2023-01-06,sz.300390,57.9900,62.2400,57.7800,60.5600,58.1800,20336984,1225384331.4000
2023-01-09,sz.300390,60.9700,61.9100,60.6700,61.0100,60.5600,15998122,979447528.2700
2023-01-10,sz.300390,60.8200,61.4600,59.5900,60.3700,61.0100,12572277,759409920.3000
2023-01-11,sz.300390,61.1400,61.3600,59.7300,59.9800,60.3700,11146254,674920735.1200
2023-01-12,sz.300390,60.1200,61.7700,60.0100,60.8500,59.9800,11990738,731835798.3000
2023-01-13,sz.300390,61.2000,61.7900,60.4200,60.7400,60.8500,10973674,669371016.3100
2023-01-16,sz.300390,60.8000,62.0000,60.2500,61.2400,60.7400,10684022,655532853.7700
2023-01-17,sz.300390,61.3000,62.1200,60.8800,61.2900,61.2400,9653337,593068165.5100
2023-01-18,sz.300390,61.3000,62.6500,61.0600,61.9500,61.2900,14180336,879586839.0400
2023-01-19,sz.300390,61.9300,62.1300,61.2000,61.6700,61.9500,8046608,494806613.4300
2023-01-20,sz.300390,61.9000,63.9900,61.4800,62.9500,61.6700,14647765,916667388.4800
2023-01-30,sz.300390,64.8000,65.3000,63.3300,63.4100,62.9500,19311287,1242546264.9500
2023-01-31,sz.300390,63.1200,63.6900,62.6000,63.3700,63.4100,8934167,564295625.2900
2023-02-01,sz.300390,63.6500,64.1600,63.0500,63.7100,63.3700,10294745,654367520.6300
2023-02-02,sz.300390,63.8500,63.8600,62.8000,62.8400,63.7100,9727704,613228338.6900
2023-02-03,sz.300390,62.6100,63.0400,61.3000,62.5000,62.8400,10782694,669681816.8900
2023-02-06,sz.300390,62.0000,62.2800,61.3000,61.9300,62.5000,6481686,401010941.1900
2023-02-07,sz.300390,61.9400,62.3700,61.5800,62.0500,61.9300,5681761,352062544.9900
2023-02-08,sz.300390,62.4000,63.2000,61.4500,61.6800,62.0500,11056562,690161230.4700
2023-02-09,sz.300390,61.4000,62.0700,60.8700,62.0300,61.6800,9525255,587391860.5500
2023-02-10,sz.300390,61.8800,61.8900,60.4800,60.5000,62.0300,10913871,665699415.0200
2023-02-13,sz.300390,60.2000,60.8600,60.0400,60.5400,60.5000,6196011,374700428.2400
2023-02-14,sz.300390,60.5300,60.8700,60.0300,60.3200,60.5400,5807094,349780297.4000
2023-02-15,sz.300390,60.1900,60.6800,59.5200,59.6200,60.3200,6865555,411466401.7300
2023-02-16,sz.300390,59.5300,60.0900,57.4000,57.9700,59.6200,11026484,649868790.9200
2023-02-17,sz.300390,57.9700,58.4800,57.4000,57.4700,57.9700,6121920,353884042.3600
2023-02-20,sz.300390,57.0100,57.7800,55.9100,57.6800,57.4700,9488705,537475642.9300
2023-02-21,sz.300390,57.6800,58.3500,57.3900,57.8200,57.6800,7585169,438686668.5700
2023-02-22,sz.300390,57.3800,57.6700,56.8700,57.1600,57.8200,5504129,314758460.5900
2023-02-23,sz.300390,57.8000,58.4300,57.3400,57.8100,57.1600,7111209,411326442.6600
2023-02-24,sz.300390,57.9900,57.9900,57.0100,57.3800,57.8100,4705837,270223728.3000
2023-02-27,sz.300390,57.2000,58.2000,57.1700,57.3000,57.3800,6408140,369171050.6400
2023-02-28,sz.300390,57.3400,57.5700,56.5000,57.5000,57.3000,6397121,364960930.5200
2023-03-01,sz.300390,57.2000,57.5700,56.8000,57.4300,57.5000,5062144,289994257.5000
2023-03-02,sz.300390,57.5000,57.6500,56.2600,56.2900,57.4300,7444833,422068888.8300
2023-03-03,sz.300390,56.2900,56.5600,55.7000,55.9000,56.2900,5605876,313745809.9600
2023-03-06,sz.300390,55.9000,56.0900,54.7300,56.0200,55.9000,9449315,524497968.0000
2023-03-07,sz.300390,55.9800,56.1900,54.9100,54.9600,56.0200,6551378,363260986.5500
2023-03-08,sz.300390,54.8200,55.1500,54.4000,54.7700,54.9600,4443984,243258942.2300
2023-03-09,sz.300390,54.7700,55.6400,54.7000,54.8300,54.7700,6207308,341702029.5500
2023-03-10,sz.300390,54.3000,54.6300,53.0800,53.1900,54.8300,9697825,519700191.3000
2023-03-13,sz.300390,52.6000,53.3300,51.6800,52.4300,53.1900,8531665,446791828.0500
2023-03-14,sz.300390,52.4400,54.0200,51.3700,53.1300,52.4300,12104352,635721798.0900
2023-03-15,sz.300390,53.2000,54.1900,52.8700,52.8900,53.1300,7027172,375898153.1200
2023-03-16,sz.300390,52.1700,52.7900,51.8000,51.8000,52.8900,5471827,285696117.1900
2023-03-17,sz.300390,52.1600,52.7900,51.8100,51.9700,51.8000,6012807,313865479.5800
2023-03-20,sz.300390,51.9800,52.2100,50.9000,51.1300,51.9700,9488919,487175645.2200
2023-03-21,sz.300390,51.3100,53.5000,51.1200,53.4500,51.1300,14171682,742134721.8800
2023-03-22,sz.300390,53.9400,54.4000,53.0200,53.4300,53.4500,8882206,477002047.0400
2023-03-23,sz.300390,53.0600,53.5000,52.6800,53.2400,53.4300,6935077,367873795.3600
2023-03-24,sz.300390,53.2500,53.4200,52.5300,52.6500,53.2400,7386247,390908291.4700
2023-03-27,sz.300390,52.6000,52.7800,51.7900,52.5000,52.6500,6577548,344218725.7600
2023-03-28,sz.300390,52.8300,52.8300,51.5600,51.8700,52.5000,6297078,326956403.0500
2023-03-29,sz.300390,51.6800,52.3600,50.8300,50.9700,51.8700,11019226,566250477.3000
2023-03-30,sz.300390,50.9000,51.3200,49.7600,51.3000,50.9700,11219948,565865328.5300
2023-03-31,sz.300390,51.3000,51.8300,51.1200,51.1900,51.3000,7440932,382146120.2300
2023-04-03,sz.300390,51.1900,52.5000,50.7300,51.9800,51.1900,12849629,664115291.2300
2023-04-04,sz.300390,51.5800,51.7800,49.8800,50.0500,51.9800,11928584,604134833.9600
2023-04-06,sz.300390,49.9900,50.7800,49.5500,50.5500,50.0500,9516634,476087115.7300
2023-04-07,sz.300390,50.5000,51.4900,50.2900,50.6200,50.5500,8417521,428394767.7000
2023-04-10,sz.300390,50.6200,51.3900,50.0600,51.2800,50.6200,9184240,467464428.0100
2023-04-11,sz.300390,51.1000,51.4800,50.1000,51.1800,51.2800,10446317,530572167.0100
2023-04-12,sz.300390,51.3000,51.3000,49.8100,49.8400,51.1800,11765211,590942413.5800
2023-04-13,sz.300390,49.6100,49.6100,48.5000,48.5400,49.8400,8829504,431666579.6200
2023-04-14,sz.300390,48.8500,55.2600,48.7800,53.3300,48.5400,36645630,1929329823.3200
2023-04-17,sz.300390,53.3300,54.3500,52.8000,53.6000,53.3300,18706501,999481948.9200
2023-04-18,sz.300390,53.2200,55.2800,53.1100,53.6000,53.6000,18872346,1024381294.3500
2023-04-19,sz.300390,53.3800,54.2500,52.5300,53.6800,53.6000,14363045,768155490.1100
2023-04-20,sz.300390,53.1100,53.3600,51.7200,52.0100,53.6800,13376683,697333768.3000
2023-04-21,sz.300390,52.0100,52.8000,50.2700,50.4100,52.0100,12362275,637094473.4700
2023-04-24,sz.300390,50.0900,51.8900,49.0000,51.1300,50.4100,11435780,579568659.1300
2023-04-25,sz.300390,50.2400,50.4800,45.7400,45.8800,51.1300,21368809,1003062385.1100
2023-04-26,sz.300390,45.4200,50.4900,44.7700,48.9200,45.8800,17592221,845739956.7200
2023-04-27,sz.300390,48.6600,49.2200,47.8400,47.8700,48.9200,8238671,397906327.8600
2023-04-28,sz.300390,47.8700,49.0000,47.5400,48.6000,47.8700,8505872,409466821.6400
2023-05-04,sz.300390,48.3900,49.4500,48.1800,48.6800,48.6000,8228850,402427719.6200
2023-05-05,sz.300390,36.1500,36.1500,34.0100,34.4000,35.9100,12429147,431389481.5200
2023-05-08,sz.300390,34.5000,34.9700,33.7000,34.1400,34.4000,10297677,351079551.2900
2023-05-09,sz.300390,34.2000,34.2000,32.7000,32.8200,34.1400,13206515,439348815.8800
2023-05-10,sz.300390,32.5800,34.2500,32.5200,33.5700,32.8200,12256704,409625197.0300
2023-05-11,sz.300390,33.5000,34.1600,33.2000,33.7800,33.5700,9633905,325314171.3900
2023-05-12,sz.300390,33.8000,34.6800,32.9500,32.9500,33.7800,9386399,313266748.1800
2023-05-15,sz.300390,33.2300,36.8400,33.1800,36.7700,32.9500,34479503,1227549026.8500
2023-05-16,sz.300390,36.6100,36.9000,36.2000,36.5600,36.7700,18762681,685220571.3900
2023-05-17,sz.300390,36.5600,36.8300,35.5700,35.8800,36.5600,11922108,427869655.2200
2023-05-18,sz.300390,35.8000,36.9900,35.0300,36.9100,35.8800,27731575,999473201.6700
2023-05-19,sz.300390,36.5200,37.0800,36.1000,36.1700,36.9100,15893460,580713231.9700
2023-05-22,sz.300390,36.1000,36.3000,35.7900,36.2400,36.1700,8232490,296944785.3400
2023-05-23,sz.300390,36.1000,36.9100,35.5600,35.6400,36.2400,11434679,413729682.6300
2023-05-24,sz.300390,35.8100,36.2800,35.5500,35.9100,35.6400,10232370,368047591.9900
2023-05-25,sz.300390,35.4900,35.7000,34.7800,35.2900,35.9100,9842907,346544552.8800
2023-05-26,sz.300390,35.0400,35.1300,33.7800,34.3300,35.2900,13302377,455931162.3000
2023-05-29,sz.300390,34.2200,34.5300,33.6200,33.9800,34.3300,8573519,290960960.1900
2023-05-30,sz.300390,33.7000,34.1900,33.3800,33.8300,33.9800,7369642,248793936.9000
2023-05-31,sz.300390,33.7100,33.8500,33.1600,33.4600,33.8300,8483331,283474590.4700
2023-06-01,sz.300390,33.4900,35.0600,33.1500,34.0800,33.4600,14326744,492528543.8200
2023-06-02,sz.300390,34.1000,37.8100,34.1000,37.0400,34.0800,36226403,1325837799.9900
2023-06-05,sz.300390,36.7200,37.2700,36.1300,36.8500,37.0400,17677054,649148271.6300
2023-06-06,sz.300390,36.7300,37.1000,35.9000,36.0000,36.8500,12419366,451980339.2100
2023-06-07,sz.300390,36.2200,36.7200,34.3500,34.6000,36.0000,18626151,654424071.9300
2023-06-08,sz.300390,34.7500,37.2000,34.7300,35.8000,34.6000,27110820,980071297.9000
2023-06-09,sz.300390,35.7000,39.1600,35.7000,37.9600,35.8000,44712386,1693728964.6400
2023-06-12,sz.300390,37.6300,37.9400,37.0000,37.1300,37.9600,18733277,700986950.4000
2023-06-13,sz.300390,37.3400,37.6800,36.8300,37.3900,37.1300,13997137,522157810.8800
2023-06-14,sz.300390,37.4800,37.7700,36.5400,36.5800,37.3900,15227876,560565849.3300
2023-06-15,sz.300390,36.5600,37.5000,36.0500,37.3200,36.5800,29525879,1087446029.3100
2023-06-16,sz.300390,37.3100,37.3100,36.6300,36.7800,37.3200,18258749,673114255.0600
2023-06-19,sz.300390,36.5900,36.7000,36.0400,36.1900,36.7800,14545105,527273988.5000
2023-06-20,sz.300390,36.3400,36.5000,35.7500,35.8100,36.1900,14021531,505279647.6700
2023-06-21,sz.300390,35.5000,36.1300,34.6300,34.6300,35.8100,14162376,498909726.2300
2023-06-26,sz.300390,34.2400,34.8500,34.0200,34.0400,34.6300,9832814,337322057.6300
2023-06-27,sz.300390,33.8100,34.4200,33.1800,34.1500,34.0400,20985454,708538888.0200
2023-06-28,sz.300390,33.9800,34.4800,33.4300,34.3300,34.1500,11908634,404901529.2000
2023-06-29,sz.300390,34.1000,34.2500,33.8000,33.8400,34.3300,9526811,323844821.3500
2023-06-30,sz.300390,34.0000,36.4800,33.9500,35.8000,33.8400,29980394,1066881904.8000
2023-07-03,sz.300390,35.7000,36.5000,35.4000,35.4900,35.8000,19697929,707315098.7900
2023-07-04,sz.300390,35.7800,35.8900,35.1100,35.4300,35.4900,11930312,423058699.6900
2023-07-05,sz.300390,35.6500,36.2100,35.3300,35.6900,35.4300,17573066,628037225.0000
2023-07-06,sz.300390,35.4000,35.4000,34.5100,34.5700,35.6900,13591967,472558490.3600
2023-07-07,sz.300390,34.4000,34.6200,34.0500,34.3000,34.5700,7956087,272882691.6900
2023-07-10,sz.300390,34.3100,35.7700,34.3100,35.0500,34.3000,13537635,476671428.0500
2023-07-11,sz.300390,35.1500,35.3500,34.5800,34.9300,35.0500,8395986,292788516.1700
2023-07-12,sz.300390,34.9900,35.3000,34.5800,34.6700,34.9300,8671998,302763970.9300
2023-07-13,sz.300390,34.7500,35.3900,34.7100,34.9700,34.6700,8978486,313973318.3200
2023-07-14,sz.300390,35.1700,35.3400,34.6200,35.2300,34.9700,14003766,489945020.9200
2023-07-17,sz.300390,34.8000,34.8000,34.0900,34.1100,35.2300,10017679,343922963.0000
2023-07-18,sz.300390,34.1200,34.2200,33.2500,33.4000,34.1100,12369894,414407142.2400
2023-07-19,sz.300390,33.4400,33.8200,33.2100,33.5300,33.4000,7030618,235225826.8000
2023-07-20,sz.300390,33.5000,34.3900,33.5000,33.8400,33.5300,12863588,438102056.7800
2023-07-21,sz.300390,33.4600,33.4800,32.3400,32.6200,33.8400,14280152,468085768.2200
2023-07-24,sz.300390,32.4000,32.4000,31.3000,31.4300,32.6200,14976852,473555999.4800
2023-07-25,sz.300390,32.0000,32.3400,31.6800,32.0300,31.4300,12555231,401207931.7400
2023-07-26,sz.300390,32.1100,32.2900,31.6700,31.6800,32.0300,7529221,240561576.2200
2023-07-27,sz.300390,31.5800,31.9600,31.3600,31.4000,31.6800,7750924,244790934.7700
2023-07-28,sz.300390,31.2000,31.7600,30.9500,31.6100,31.4000,7575264,237951001.4600
2023-07-31,sz.300390,31.6800,32.6000,31.6800,32.1500,31.6100,12078441,389747766.2000
2023-08-01,sz.300390,31.9600,32.2800,31.8200,32.1000,32.1500,6689911,214279754.9900
2023-08-02,sz.300390,32.1000,32.2000,31.8700,31.9200,32.1000,4898177,156841574.0700
2023-08-03,sz.300390,31.8500,32.1800,31.6500,31.8900,31.9200,6717141,214666285.2200
2023-08-04,sz.300390,32.0000,32.4500,31.8300,32.0800,31.8900,8270839,265685877.2600
2023-08-07,sz.300390,32.0000,32.1000,31.5500,31.7300,32.0800,7274843,230845401.3300
2023-08-08,sz.300390,31.8500,31.9000,31.1000,31.3000,31.7300,7848501,246285677.3200
2023-08-09,sz.300390,31.1800,31.4900,31.0100,31.1800,31.3000,5073442,158661166.3900
2023-08-10,sz.300390,31.3700,31.8400,31.2100,31.3400,31.1800,4666832,146784740.1500
2023-08-11,sz.300390,31.2700,31.3800,30.3800,30.3800,31.3400,8526471,263049037.5700
2023-08-14,sz.300390,30.0000,30.4000,29.7000,30.2600,30.3800,7702552,231197350.0600
2023-08-15,sz.300390,30.1500,30.3900,29.4500,29.7000,30.2600,7311738,217450959.7800
2023-08-16,sz.300390,29.6800,30.1000,29.4200,29.5000,29.7000,5704296,169537905.1600
2023-08-17,sz.300390,29.3000,29.5800,29.0500,29.2700,29.5000,6480980,189890955.1200
2023-08-18,sz.300390,29.3500,29.4900,28.4100,28.4200,29.2700,9472995,273217541.5300
2023-08-21,sz.300390,28.3100,28.6500,27.9700,27.9700,28.4200,7702154,217736164.6500
2023-08-22,sz.300390,28.0000,28.3500,27.2100,27.7800,27.9700,10483045,290144399.4400
2023-08-23,sz.300390,27.7800,27.8100,26.9300,26.9300,27.7800,7349199,200398397.5200
2023-08-24,sz.300390,27.0200,27.6600,26.8600,27.2200,26.9300,8997145,245674619.4900
2023-08-25,sz.300390,27.0200,27.4000,26.7100,26.7600,27.2200,7502870,202591297.9000
2023-08-28,sz.300390,28.2900,28.8800,26.7200,26.7600,26.7600,13932233,383750958.6600
2023-08-29,sz.300390,26.6100,27.5600,26.4100,27.4200,26.7600,10557142,287512477.6600
2023-08-30,sz.300390,27.4200,27.8000,27.1800,27.3100,27.4200,9207482,252952991.1500
2023-08-31,sz.300390,27.3500,27.3500,26.8600,27.0000,27.3100,7344702,198414149.9900
2023-09-01,sz.300390,27.1300,27.2800,26.7500,26.8200,27.0000,6141927,165318456.0800
2023-09-04,sz.300390,26.9600,28.1500,26.7000,27.7100,26.8200,16276634,448490561.4100
2023-09-05,sz.300390,27.4300,27.9800,27.3100,27.5500,27.7100,9677259,266581047.5700
2023-09-06,sz.300390,27.4000,27.5600,27.0500,27.4700,27.5500,7612801,207742112.7700
2023-09-07,sz.300390,27.4800,27.5000,26.4900,26.5500,27.4700,10200066,273536910.4200
2023-09-08,sz.300390,26.5000,26.6200,25.9300,25.9500,26.5500,8085170,211643896.9200
2023-09-11,sz.300390,25.8400,26.8400,25.7100,26.5000,25.9500,9815814,258415039.8600
2023-09-12,sz.300390,26.5300,27.8700,26.4800,26.9700,26.5000,16310735,444141020.6200
2023-09-13,sz.300390,26.6000,27.0000,26.1100,26.2800,26.9700,10341558,273964697.2900
2023-09-14,sz.300390,26.1900,26.3300,25.8600,25.9800,26.2800,6176660,160618759.0600
2023-09-15,sz.300390,26.0600,26.3700,25.7800,25.9700,25.9800,7621640,198137449.8000
2023-09-18,sz.300390,25.8700,27.0700,25.6200,26.4900,25.9700,15027685,398263654.8000
2023-09-19,sz.300390,26.4100,26.5500,25.9000,26.0700,26.4900,7800386,203755701.0100
2023-09-20,sz.300390,25.9800,26.1600,25.7400,25.7500,26.0700,6786363,175709693.1700
2023-09-21,sz.300390,25.7300,25.8700,25.4500,25.6000,25.7500,6627695,169960536.1700
2023-09-22,sz.300390,25.5800,26.1000,25.4000,26.0300,25.6000,8372471,216227605.7200
2023-09-25,sz.300390,25.9200,25.9700,25.4500,25.6000,26.0300,8513903,218179398.5600
2023-09-26,sz.300390,25.4900,25.6500,25.0000,25.0200,25.6000,10446726,263706370.6000
2023-09-27,sz.300390,25.0000,26.4100,24.8500,25.6100,25.0200,20126421,518649524.7200
2023-09-28,sz.300390,25.7000,26.3400,25.4500,25.7000,25.6100,12458980,321587588.1200
2023-10-09,sz.300390,25.6000,25.6800,25.1800,25.4000,25.7000,9256662,235203979.8600
2023-10-10,sz.300390,25.5700,26.6600,25.5100,26.0000,25.4000,16980798,443398418.6800
2023-10-11,sz.300390,26.0000,26.1900,25.6600,25.7800,26.0000,11860434,307465721.1200
2023-10-12,sz.300390,25.9500,27.9800,25.9500,27.6700,25.7800,38042620,1032983164.9600
2023-10-13,sz.300390,27.3500,27.6200,26.9000,27.0700,27.6700,17197937,467476518.4800
2023-10-16,sz.300390,27.0700,27.1200,25.9200,26.1300,27.0700,17327807,456560126.8700
2023-10-17,sz.300390,26.0700,26.7500,26.0400,26.2300,26.1300,16647018,438830773.3700
2023-10-18,sz.300390,26.0600,26.2000,25.2300,25.3100,26.2300,12395766,317100345.1600
2023-10-19,sz.300390,25.0700,25.9400,25.0100,25.1200,25.3100,10931220,277455297.7100
2023-10-20,sz.300390,25.0100,26.7800,24.9000,26.1400,25.1200,24012716,624506173.2100
2023-10-23,sz.300390,25.8800,26.0600,25.0100,25.1000,26.1400,15236627,386129613.8600
2023-10-24,sz.300390,25.2800,27.0000,25.2800,26.3100,25.1000,26605983,701768953.4500
2023-10-25,sz.300390,26.2800,26.5300,25.9800,26.0300,26.3100,17189325,450275065.7300
2023-10-26,sz.300390,25.8000,26.0900,25.1700,25.9000,26.0300,17187590,437713035.2000
2023-10-27,sz.300390,25.5800,27.9400,25.4200,27.4500,25.9000,43029880,1164519019.1900
2023-10-30,sz.300390,27.3100,27.8500,27.1900,27.6000,27.4500,22965407,631617772.3800
2023-10-31,sz.300390,27.3600,27.6900,27.0500,27.1900,27.6000,15419828,420835710.4700
2023-11-01,sz.300390,27.2100,27.3100,26.7700,26.9100,27.1900,12560553,338445276.6200
2023-11-02,sz.300390,26.9800,27.0400,26.2700,26.2700,26.9100,14463132,383095488.2500
2023-11-03,sz.300390,26.3900,26.6400,26.3100,26.4600,26.2700,11984752,317503476.9000
2023-11-06,sz.300390,26.6800,27.3600,26.6800,27.2200,26.4600,19990709,541179767.9300
2023-11-07,sz.300390,27.1000,27.1900,26.7200,27.1000,27.2200,12714008,343289543.1400
2023-11-08,sz.300390,26.9800,27.5000,26.8100,27.0600,27.1000,15114500,410063893.1700
2023-11-09,sz.300390,27.0500,27.6300,26.9200,27.3000,27.0600,17242811,471879307.9800
2023-11-10,sz.300390,27.1800,27.4600,26.7800,26.9400,27.3000,14295517,386731220.9800
2023-11-13,sz.300390,27.1900,27.4000,26.9700,27.0500,26.9400,12604821,342588408.3800
2023-11-14,sz.300390,27.0700,27.1700,26.5800,26.6900,27.0500,14814952,396330435.6700
2023-11-15,sz.300390,27.0900,28.6000,27.0900,28.1900,26.6900,43946599,1237094757.5300
2023-11-16,sz.300390,27.9000,28.1300,27.3100,27.3500,28.1900,25634818,707489853.9700
2023-11-17,sz.300390,27.1900,27.4900,27.1300,27.3600,27.3500,12181207,332694903.6200
2023-11-20,sz.300390,27.4500,27.5400,27.1500,27.3400,27.3600,10943908,298959122.6800
2023-11-21,sz.300390,27.4700,27.5500,27.0300,27.0900,27.3400,12616518,344230100.6000
2023-11-22,sz.300390,26.8900,26.8900,26.1500,26.1800,27.0900,15678727,415460772.1600
2023-11-23,sz.300390,26.1600,26.3500,25.9000,26.3500,26.1800,8195037,214182664.4800
2023-11-24,sz.300390,26.3000,26.3100,25.9300,25.9800,26.3500,7664664,199744658.6700
2023-11-27,sz.300390,25.8000,25.8900,25.3000,25.3100,25.9800,10179517,259808246.7200
2023-11-28,sz.300390,25.1600,25.4700,25.1200,25.3600,25.3100,9145632,231321814.4100
2023-11-29,sz.300390,25.2800,25.4500,24.9400,25.0000,25.3600,8652363,217224913.4500
2023-11-30,sz.300390,24.9000,25.0500,24.0300,24.1000,25.0000,14928979,364427086.0900
2023-12-01,sz.300390,24.0500,24.3700,23.5800,24.1800,24.1000,12619512,301950725.8800
2023-12-04,sz.300390,23.9300,25.3600,23.9300,24.8100,24.1800,16779930,416603016.0200
2023-12-05,sz.300390,24.5500,25.6700,24.5000,24.7700,24.8100,17621226,444330931.8600
2023-12-06,sz.300390,24.5200,26.8800,24.5100,26.2100,24.7700,38761443,1017214243.4400
2023-12-07,sz.300390,26.0000,26.0700,25.3800,25.7300,26.2100,19876943,510377454.1200
2023-12-08,sz.300390,26.0200,26.2400,25.5000,25.6100,25.7300,14850838,381906217.1800
2023-12-11,sz.300390,25.4000,25.4400,24.4300,25.2300,25.6100,17465710,433794467.7000
2023-12-12,sz.300390,25.1800,25.3800,24.9200,24.9700,25.2300,7225749,181086761.7100
2023-12-13,sz.300390,24.9000,25.0000,24.3400,24.4300,24.9700,8945518,219469771.4700
2023-12-14,sz.300390,24.9200,25.0800,24.4100,24.4800,24.4300,8990880,222132275.6000
2023-12-15,sz.300390,24.6000,25.2100,24.3000,24.5300,24.4800,13607383,337485678.2200
2023-12-18,sz.300390,24.2000,24.7400,23.9500,24.0100,24.5300,8906255,215497327.3300
2023-12-19,sz.300390,23.9800,24.1200,23.6200,23.8000,24.0100,7792888,185773335.1400
2023-12-20,sz.300390,23.8200,24.0800,23.7900,23.8100,23.8000,6377552,152543088.0000
2023-12-21,sz.300390,23.5000,24.3500,23.5000,24.1800,23.8100,9276689,223160108.9800
2023-12-22,sz.300390,24.0800,25.1400,23.7100,24.5000,24.1800,16258971,398059571.2500
2023-12-25,sz.300390,24.4700,24.6700,24.1600,24.4200,24.5000,8024242,195467001.6000
2023-12-26,sz.300390,24.4500,24.6300,24.1800,24.1900,24.4200,6400032,155845713.2600
2023-12-27,sz.300390,24.1300,24.2000,23.5600,23.7800,24.1900,8156030,193987856.0000
2023-12-28,sz.300390,23.6500,25.5000,23.6300,25.3300,23.7800,28193217,704177568.5100
2023-12-29,sz.300390,25.1000,25.7400,25.0100,25.3500,25.3300,15254734,388197493.8500
2024-01-02,sz.300390,25.3000,25.4000,25.0600,25.1000,25.3500,8735801,219644853.9200
2024-01-03,sz.300390,25.0300,25.3700,24.9800,25.2000,25.1000,7515810,188898331.1000
2024-01-04,sz.300390,25.1000,25.1400,24.5300,24.6300,25.2000,8212762,203021008.2600
2024-01-05,sz.300390,24.5800,25.3900,24.3800,24.4900,24.6300,11799003,294310418.0300
2024-01-08,sz.300390,24.3200,24.8200,23.9200,23.9200,24.4900,9884029,239821495.6200
2024-01-09,sz.300390,24.0000,24.4600,23.4800,24.0000,23.9200,9729627,233090227.1200
2024-01-10,sz.300390,23.9000,24.5600,23.6100,24.0400,24.0000,11379103,275181886.1100
2024-01-11,sz.300390,24.0000,25.8700,23.8800,25.5000,24.0400,26265959,658876372.1500
2024-01-12,sz.300390,25.2700,25.7900,25.2000,25.2400,25.5000,16625333,422901861.2600
2024-01-15,sz.300390,25.2200,25.4100,24.6700,24.7500,25.2400,10931177,271947925.6200
2024-01-16,sz.300390,24.7800,25.2000,24.5500,24.9700,24.7500,11446238,284430131.2600
2024-01-17,sz.300390,24.8200,24.9400,24.0000,24.0000,24.9700,9856458,240929446.7700
2024-01-18,sz.300390,23.8500,24.6500,23.7800,24.6400,24.0000,14273094,345953437.0300
2024-01-19,sz.300390,24.6100,25.7500,24.4100,24.5700,24.6400,16204926,406257235.7500
2024-01-22,sz.300390,24.3200,24.5600,23.0100,23.0900,24.5700,19179088,453639691.7300
2024-01-23,sz.300390,23.0000,23.4900,22.1300,23.0600,23.0900,12071450,277699491.1200
2024-01-24,sz.300390,23.1100,23.3000,21.8800,22.6800,23.0600,14771486,332108518.3100
2024-01-25,sz.300390,22.6000,23.1500,22.2800,23.0200,22.6800,11399822,260078617.7700
2024-01-26,sz.300390,22.9400,23.3900,22.8000,22.8200,23.0200,9550458,220065864.3900
2024-01-29,sz.300390,22.9100,23.0300,21.8100,21.8100,22.8200,11467989,254385386.5400
2024-01-30,sz.300390,21.5700,21.9700,21.1200,21.1200,21.8100,7925230,170757990.3100
2024-01-31,sz.300390,20.7600,21.3700,19.6800,19.6800,21.1200,14346153,292432726.8400
2024-02-01,sz.300390,19.6100,19.8700,18.9900,19.0300,19.6800,13818140,267436136.5100
2024-02-02,sz.300390,19.1300,19.4300,17.4400,18.1900,19.0300,18187254,335705265.6300
2024-02-05,sz.300390,18.0100,18.3400,16.1100,16.9100,18.1900,20685434,356174631.4100
2024-02-06,sz.300390,16.7400,19.2500,16.7200,19.1200,16.9100,23857584,435206373.3800
2024-02-07,sz.300390,19.0200,21.0600,18.9300,20.8800,19.1200,28282756,581956865.0200
2024-02-08,sz.300390,21.0300,22.6400,20.7000,21.1100,20.8800,26324902,574078440.6700
2024-02-19,sz.300390,21.7700,21.8000,20.5300,20.9000,21.1100,16791616,351800383.8900
2024-02-20,sz.300390,20.7700,21.1600,20.3400,21.0100,20.9000,11877692,246250083.9700
2024-02-21,sz.300390,20.7200,21.9300,20.6100,21.1900,21.0100,15884296,339421917.0800
2024-02-22,sz.300390,21.0000,21.4200,20.8900,21.2800,21.1900,10157279,215044041.4100
2024-02-23,sz.300390,21.2600,21.6000,21.0500,21.5900,21.2800,12938567,276556823.5900
2024-02-26,sz.300390,21.5500,21.9600,21.3600,21.5500,21.5900,13620561,295220483.0500
2024-02-27,sz.300390,21.3700,22.3900,21.3600,22.2700,21.5500,14930371,328349566.4900
2024-02-28,sz.300390,22.5400,23.8900,22.0200,22.0200,22.2700,30025439,694682169.1000
2024-02-29,sz.300390,21.8600,23.1100,21.8300,22.8800,22.0200,22909891,518673679.0500
2024-03-01,sz.300390,22.9000,23.1800,22.5500,22.7000,22.8800,17605455,400535335.2300
2024-03-04,sz.300390,22.7000,23.2000,22.2500,22.4100,22.7000,15158346,342460820.7000
2024-03-05,sz.300390,22.1000,22.3000,21.7700,21.9700,22.4100,12426280,272956702.6500
2024-03-06,sz.300390,21.6200,22.4300,21.5300,22.0000,21.9700,10541987,231094536.1800
2024-03-07,sz.300390,21.9800,22.2800,21.5100,21.5300,22.0000,9809140,214677773.9000
2024-03-08,sz.300390,21.5200,21.8100,21.3000,21.5900,21.5300,7479774,160986697.0800
2024-03-11,sz.300390,21.8300,22.9500,21.7800,22.7000,21.5900,24005593,539231499.2900
2024-03-12,sz.300390,22.8000,22.9900,22.4300,22.6600,22.7000,15164121,343067070.6300
2024-03-13,sz.300390,22.6100,22.7500,22.2100,22.3000,22.6600,13171018,294842722.2900
2024-03-14,sz.300390,22.2900,22.6900,21.9400,22.1400,22.3000,10950913,244440486.1700
2024-03-15,sz.300390,22.0100,22.4600,21.7400,22.3500,22.1400,11335782,250124378.5200
2024-03-18,sz.300390,22.4800,22.7500,22.2200,22.4500,22.3500,12902727,288991551.5000
2024-03-19,sz.300390,22.3200,22.6800,22.2200,22.2400,22.4500,9935045,222546632.6800
2024-03-20,sz.300390,22.1800,22.4200,21.9500,22.2000,22.2400,7951600,176122255.3500
2024-03-21,sz.300390,22.2200,22.3000,21.7300,21.8200,22.2000,8890367,195204854.7000
2024-03-22,sz.300390,21.8000,21.9200,20.8200,20.9000,21.8200,13800294,292017388.8700
2024-03-25,sz.300390,20.7900,20.7900,20.0500,20.0600,20.9000,12042525,245724953.2900
2024-03-26,sz.300390,20.2000,20.6300,19.8200,20.3300,20.0600,13054377,264091729.8100
2024-03-27,sz.300390,20.2600,20.3400,19.5500,19.5600,20.3300,8969109,178647887.1900
2024-03-28,sz.300390,19.5600,20.0700,19.5600,19.7000,19.5600,8132700,161126967.6100
2024-03-29,sz.300390,19.6900,20.1500,19.6300,19.8300,19.7000,6341580,125968801.0000
2024-04-01,sz.300390,19.9300,20.9300,19.9300,20.7500,19.8300,13805430,285004395.5300
2024-04-02,sz.300390,20.7700,21.2600,20.5200,21.0900,20.7500,15867979,332123555.5800
2024-04-03,sz.300390,21.0100,21.5800,20.9100,21.1500,21.0900,16394020,348158737.4400
2024-04-08,sz.300390,20.9500,21.3400,20.2800,20.3500,21.1500,14257593,296376614.2800
2024-04-09,sz.300390,20.3300,21.3700,20.2600,21.3600,20.3500,16499744,347491639.9800
2024-04-10,sz.300390,21.5000,21.5700,20.6600,20.8600,21.3600,11432467,239602183.7000
2024-04-11,sz.300390,20.6100,20.8100,20.1900,20.4400,20.8600,9232570,189324790.6600
2024-04-12,sz.300390,20.4500,20.5700,19.9000,19.9000,20.4400,8850934,177893148.7400
2024-04-15,sz.300390,19.9000,20.4700,19.4100,19.7800,19.9000,10417472,206724056.7800
2024-04-16,sz.300390,19.6600,19.8000,18.6300,18.6600,19.7800,12937367,246202308.1600
2024-04-17,sz.300390,18.8600,19.4400,18.8600,19.4100,18.6600,10252951,197373448.5000
2024-04-18,sz.300390,19.4400,20.1900,18.9200,19.6600,19.4100,15346514,303008359.3100
2024-04-19,sz.300390,19.4800,19.5400,19.0700,19.1200,19.6600,9873106,189616365.5200
2024-04-22,sz.300390,19.1100,19.4100,18.7500,18.8600,19.1200,7532905,143302307.3000
2024-04-23,sz.300390,18.9000,19.0500,18.4900,18.6300,18.8600,8152872,152248973.8800
2024-04-24,sz.300390,19.1500,19.7800,19.1200,19.6300,18.6300,16510059,321305028.8600
2024-04-25,sz.300390,19.6300,20.0500,19.4600,19.6600,19.6300,12592782,249222414.8400
2024-04-26,sz.300390,19.5300,20.0400,19.5000,19.9900,19.6600,11931960,236847221.9000
2024-04-29,sz.300390,19.9300,21.0500,19.9200,20.9500,19.9900,17286449,358463439.1700
2024-04-30,sz.300390,21.0100,21.5800,20.9600,21.2000,20.9500,18120275,386336428.2200
2024-05-06,sz.300390,21.5200,21.7800,21.3600,21.6500,21.2000,13182141,284915090.0000
2024-05-07,sz.300390,21.7000,21.7600,21.4800,21.6400,21.6500,9655700,208765112.9400
2024-05-08,sz.300390,21.6100,21.6800,21.0700,21.1500,21.6400,10137288,216005122.1800
2024-05-09,sz.300390,21.3800,22.2000,21.3800,21.8900,21.1500,18304508,401170765.3200
2024-05-10,sz.300390,21.7900,21.8600,21.4300,21.5100,21.8900,9933935,214286093.7700
2024-05-13,sz.300390,21.2700,21.4600,20.8700,21.3100,21.5100,9130790,193945070.9000
2024-05-14,sz.300390,21.3600,21.6200,21.3100,21.3200,21.3100,8410112,180296284.4200
2024-05-15,sz.300390,21.3100,21.4800,21.0100,21.0100,21.3200,6782150,143217881.9000
2024-05-16,sz.300390,21.1900,21.2500,20.7200,20.7800,21.0100,8209355,172076115.4000
2024-05-17,sz.300390,20.8300,21.2300,20.6500,21.2300,20.7800,7938255,166422911.1500
2024-05-20,sz.300390,21.1500,21.4900,20.9800,21.2900,21.2300,10015073,212926423.5400
2024-05-21,sz.300390,21.2100,21.2100,20.9800,21.0500,21.2900,5929722,124897697.2600
2024-05-22,sz.300390,21.1000,21.5600,21.0300,21.4800,21.0500,10266160,219031112.3000
2024-05-23,sz.300390,21.3800,21.3900,20.6300,20.6600,21.4800,10968011,228996986.0000
2024-05-24,sz.300390,20.6600,20.9000,20.6100,20.6100,20.6600,6555200,136041591.2000
2024-05-27,sz.300390,20.8000,20.9100,20.2800,20.7600,20.6100,6420876,131714615.8100
2024-05-28,sz.300390,20.5500,20.9100,20.4800,20.5600,20.7600,5359735,110798528.3000
2024-05-29,sz.300390,20.5100,21.1600,20.5100,20.8300,20.5600,9126936,190956160.1000
2024-05-30,sz.300390,20.8500,21.0500,20.6000,20.8100,20.8300,9842300,204490353.6900
2024-05-31,sz.300390,19.5900,19.7500,19.3200,19.3200,19.8200,15350981,299176291.1000
2024-06-03,sz.300390,19.4100,19.5700,19.0600,19.3800,19.3200,8620896,166665144.4800
2024-06-04,sz.300390,19.3300,19.8400,19.1400,19.7700,19.3800,9105009,178577455.9800
2024-06-05,sz.300390,19.6400,20.2800,19.6100,19.8300,19.7700,10429399,208736943.5300
2024-06-06,sz.300390,19.8500,20.3000,19.1800,19.2900,19.8300,11588273,227896376.1400
2024-06-07,sz.300390,19.3500,19.4900,18.8200,18.9900,19.2900,9815928,186950945.1000
2024-06-11,sz.300390,18.8200,19.1400,18.7000,19.0000,18.9900,5803831,110119633.4500
2024-06-12,sz.300390,18.9300,19.2500,18.8000,19.1400,19.0000,5731715,109574926.6500
2024-06-13,sz.300390,19.1400,19.3000,18.9100,18.9600,19.1400,6186791,117920989.5100
2024-06-14,sz.300390,18.9600,19.2400,18.5500,19.0800,18.9600,10051820,189671205.0100
2024-06-17,sz.300390,18.9600,19.3200,18.8000,19.0900,19.0800,8843091,169073839.0400
2024-06-18,sz.300390,19.1500,19.3200,18.8900,18.9700,19.0900,8113409,154922297.1100
2024-06-19,sz.300390,18.9700,19.1200,18.5800,18.5900,18.9700,6840953,128627316.9000
2024-06-20,sz.300390,18.6500,18.6500,18.0800,18.0800,18.5900,6762639,123907916.2600
2024-06-21,sz.300390,18.1000,18.2300,17.7800,17.8100,18.0800,6614433,118567735.7400
2024-06-24,sz.300390,17.7000,17.7000,17.0100,17.3000,17.8100,9135680,158224630.5900
2024-06-25,sz.300390,17.3100,17.4000,16.9700,17.0900,17.3000,6295256,108038258.4400
2024-06-26,sz.300390,17.0100,18.1000,16.9000,18.0800,17.0900,11840375,208662908.3000
2024-06-27,sz.300390,17.9700,17.9800,17.6000,17.6000,18.0800,7004741,124420773.7100
2024-06-28,sz.300390,17.5900,17.7800,17.1600,17.1800,17.6000,8154639,142387185.2600
2024-07-01,sz.300390,17.1500,17.4200,17.0300,17.3600,17.1800,6266721,108021180.8700
2024-07-02,sz.300390,17.4100,17.4800,17.0300,17.1400,17.3600,7385360,127456674.9000
2024-07-03,sz.300390,17.2000,17.4700,17.0600,17.2100,17.1400,5933270,102441137.1000
2024-07-04,sz.300390,17.2100,17.3100,16.7000,16.7600,17.2100,6785340,114794488.1000
2024-07-05,sz.300390,16.7000,16.9200,16.5300,16.8300,16.7600,4612570,77394455.0000
2024-07-08,sz.300390,16.8000,16.8000,16.2000,16.2500,16.8300,6342940,104107107.1000
2024-07-09,sz.300390,16.2000,16.4900,15.9900,16.3800,16.2500,7443599,121145719.0100
2024-07-10,sz.300390,16.3600,17.1900,16.3000,16.6100,16.3800,11877333,200395765.9000
2024-07-11,sz.300390,16.9500,17.7500,16.9500,17.4500,16.6100,16500601,287269180.3000
2024-07-12,sz.300390,17.3900,17.5000,17.2300,17.3100,17.4500,9086470,157484729.0000
2024-07-15,sz.300390,17.2100,17.2500,16.8900,16.9300,17.3100,6202394,105532419.1600
2024-07-16,sz.300390,16.8800,17.1300,16.8000,16.9700,16.9300,5298807,89896768.7600
2024-07-17,sz.300390,17.0300,17.1300,16.8100,16.9000,16.9700,5657820,95977445.1700
2024-07-18,sz.300390,16.8000,16.9700,16.5800,16.8700,16.9000,6379205,107075797.4500
2024-07-19,sz.300390,16.8000,17.2500,16.6300,17.0000,16.8700,7739870,131109687.9300
2024-07-22,sz.300390,16.9000,17.1400,16.6900,16.7700,17.0000,6433625,108430403.5500
2024-07-23,sz.300390,16.7300,16.8000,16.1200,16.1200,16.7700,7166992,117868415.0100
2024-07-24,sz.300390,16.0900,16.2500,15.6900,15.7000,16.1200,7134540,113796959.8000
2024-07-25,sz.300390,15.6700,16.5100,15.6200,16.1900,15.7000,11854110,191953482.7500
2024-07-26,sz.300390,16.2300,16.7000,16.2300,16.4800,16.1900,7936900,131247862.6000
2024-07-29,sz.300390,16.5200,16.5700,16.1000,16.3000,16.4800,6370150,103745391.4000
2024-07-30,sz.300390,16.1600,16.4200,16.0700,16.3000,16.3000,4507409,73340125.1000
2024-07-31,sz.300390,16.3200,17.3400,16.2700,17.3200,16.3000,11533319,195443144.2100
2024-08-01,sz.300390,17.2300,17.4600,16.9800,17.2500,17.3200,8969700,153981634.1000
2024-08-02,sz.300390,17.2500,17.5500,17.0900,17.3200,17.2500,9809274,170207233.6600
2024-08-05,sz.300390,17.2800,17.7200,17.0000,17.0700,17.3200,10672267,185022411.5900
2024-08-06,sz.300390,17.2500,17.4900,17.0300,17.3800,17.0700,8753886,151330639.2100
2024-08-07,sz.300390,17.6200,17.7900,16.8800,16.9600,17.3800,12140732,207631443.2300
2024-08-08,sz.300390,16.8500,17.2200,16.7000,16.9800,16.9600,8221270,139307155.6100
2024-08-09,sz.300390,17.0800,17.2200,16.5700,16.5900,16.9800,6395476,107662222.1900
2024-08-12,sz.300390,16.6500,16.7300,16.4200,16.5600,16.5900,4524070,74874755.9000
2024-08-13,sz.300390,16.5600,16.8600,16.4300,16.6900,16.5600,6085850,101147372.2700
2024-08-14,sz.300390,16.6100,16.8900,16.3700,16.4000,16.6900,5541770,91461172.7700
2024-08-15,sz.300390,16.3100,16.7200,16.2400,16.6100,16.4000,6638846,109896902.6000
2024-08-16,sz.300390,16.6800,16.7300,16.3900,16.4000,16.6100,5012490,82703272.3000
2024-08-19,sz.300390,16.2900,16.5700,16.2800,16.3300,16.4000,4306430,70711680.4000
2024-08-20,sz.300390,16.4300,16.8600,16.0700,16.1100,16.3300,9799439,161247892.7400
2024-08-21,sz.300390,16.0100,16.5400,15.9000,16.4600,16.1100,8816456,144138892.7600
2024-08-22,sz.300390,16.4500,16.5300,15.9900,16.0000,16.4600,6732440,109033176.8000
2024-08-23,sz.300390,15.9100,16.0300,15.7000,15.8000,16.0000,6024496,95310661.0900
2024-08-26,sz.300390,15.9000,16.5500,15.9000,16.2000,15.8000,7053987,114972207.6000
2024-08-27,sz.300390,16.1300,16.2000,15.8900,15.9700,16.2000,4606897,73809641.6900
2024-08-28,sz.300390,15.9100,16.0500,15.7400,15.9800,15.9700,3976559,63211756.8300
2024-08-29,sz.300390,15.9300,16.5500,15.8600,16.4400,15.9800,8801628,143436432.5200
2024-08-30,sz.300390,16.3200,16.8800,16.2800,16.6300,16.4400,10486575,174900528.8500
2024-09-02,sz.300390,16.5900,16.8200,16.2800,16.3000,16.6300,7821015,129141994.9000
2024-09-03,sz.300390,16.4700,16.8500,16.2400,16.6000,16.3000,9811390,163120427.0000
2024-09-04,sz.300390,16.5500,17.1700,16.4700,16.8200,16.6000,13979945,235753227.3000
2024-09-05,sz.300390,16.8000,17.3200,16.6400,16.7400,16.8200,10275927,173637986.7400
2024-09-06,sz.300390,16.7800,16.8000,16.3100,16.3200,16.7400,7499480,123612021.7000
2024-09-09,sz.300390,16.2200,16.5400,16.2000,16.3400,16.3200,6599565,107977733.8100
2024-09-10,sz.300390,16.4200,16.4900,16.0400,16.3100,16.3400,6238900,101239237.7000
2024-09-11,sz.300390,16.3200,17.5000,16.3100,17.2500,16.3100,29043400,498307931.4600
2024-09-12,sz.300390,16.9600,17.3000,16.8300,16.8300,17.2500,17865066,304251720.2300
2024-09-13,sz.300390,16.8800,16.9200,16.1300,16.1300,16.8300,13375990,219309213.2000
2024-09-18,sz.300390,16.1200,16.1700,15.7500,16.0500,16.1300,8312804,132330874.3000
2024-09-19,sz.300390,16.1700,16.4400,15.8200,16.1500,16.0500,10175771,164237261.7600
2024-09-20,sz.300390,16.1200,16.1200,15.8000,15.9400,16.1500,6981953,111057534.8300
2024-09-23,sz.300390,15.9000,16.0500,15.7700,15.8900,15.9400,5794300,92134194.1700
2024-09-24,sz.300390,16.0000,17.1000,16.0000,17.0400,15.8900,24405654,406178022.2700
2024-09-25,sz.300390,17.2500,17.4600,17.0700,17.0900,17.0400,20266894,349936837.8500
2024-09-26,sz.300390,17.0100,17.6800,16.9500,17.6800,17.0900,15207278,263664027.7000
2024-09-27,sz.300390,18.0600,20.8900,18.0600,20.5700,17.6800,49975107,989172606.7800
2024-09-30,sz.300390,22.1500,24.6800,21.8800,24.6800,20.5700,68655290,1600638359.0900
2024-10-08,sz.300390,29.6200,29.6200,27.1000,29.6200,24.6800,74822257,2159778515.2400
2024-10-09,sz.300390,28.0000,29.5000,25.6100,25.6300,29.6200,66529342,1839938829.9600
2024-10-10,sz.300390,25.8100,26.8600,24.6900,25.0000,25.6300,40079332,1026694288.7700
2024-10-11,sz.300390,24.8500,24.9800,22.4000,22.7800,25.0000,35274439,825783679.8800
2024-10-14,sz.300390,23.1800,23.6300,22.5500,23.5600,22.7800,29196057,676289108.9700
2024-10-15,sz.300390,23.2200,23.5600,22.5700,22.5800,23.5600,25163938,580507539.9800
2024-10-16,sz.300390,22.0300,22.5900,21.9700,22.2400,22.5800,18820305,418511135.3800
2024-10-17,sz.300390,22.5700,22.6600,21.8800,21.9000,22.2400,19172859,426313482.0800
2024-10-18,sz.300390,21.9000,24.4800,21.7300,23.4300,21.9000,38522894,881915727.5000
2024-10-21,sz.300390,23.7000,24.4900,23.3800,23.8100,23.4300,34789618,828862006.6900
2024-10-22,sz.300390,23.8300,24.3000,23.4600,24.2600,23.8100,25855483,617105414.9400
2024-10-23,sz.300390,24.7000,25.1600,23.9800,24.3600,24.2600,40491458,991336249.0700
2024-10-24,sz.300390,24.0000,24.1400,23.2100,23.3100,24.3600,24638268,579982057.9300
2024-10-25,sz.300390,23.5400,25.8000,23.5400,25.0200,23.3100,47354212,1172375661.5300
2024-10-28,sz.300390,24.5100,24.8900,24.2000,24.7200,25.0200,26595422,652448710.5900
2024-10-29,sz.300390,24.5700,24.9500,23.6200,23.7900,24.7200,28685871,691674527.0500
2024-10-30,sz.300390,23.5600,23.8200,22.7800,23.0400,23.7900,23128830,536851995.8400
2024-10-31,sz.300390,22.9200,23.9400,22.9200,23.5500,23.0400,21501523,505072671.4100
2024-11-01,sz.300390,23.3500,24.6800,22.9800,23.3900,23.5500,34418176,819159767.8100
2024-11-04,sz.300390,23.3500,23.8600,22.9300,23.5000,23.3900,19479815,455688743.0100
2024-11-05,sz.300390,23.3400,24.5800,23.2100,24.4300,23.5000,31521114,759158907.6700
2024-11-06,sz.300390,24.4700,26.3400,24.4700,25.1600,24.4300,49983005,1280224581.0800
2024-11-07,sz.300390,24.9000,25.3600,24.4200,25.3300,25.1600,31514541,787504015.6300
2024-11-08,sz.300390,26.0900,27.2400,25.5700,25.5800,25.3300,41623114,1096091828.4200
2024-11-11,sz.300390,25.3000,27.0100,25.1700,26.9900,25.5800,43143442,1145137389.3900
2024-11-12,sz.300390,27.6900,32.3900,27.3000,30.7200,26.9900,118938879,3664349818.6200
2024-11-13,sz.300390,29.6000,31.7300,28.9600,30.0700,30.7200,79441909,2383494754.1600
2024-11-14,sz.300390,30.6600,30.9500,27.9500,27.9600,30.0700,49541733,1442509890.1500
2024-11-15,sz.300390,27.7000,28.1200,26.1500,26.1700,27.9600,40192045,1089776995.1300
2024-11-18,sz.300390,26.4300,26.7400,25.2700,25.6100,26.1700,31444642,814929505.5400
2024-11-19,sz.300390,25.7100,29.2900,25.4100,29.1200,25.6100,55447315,1519031408.9600
2024-11-20,sz.300390,28.8800,30.2800,28.2200,29.2300,29.1200,61923652,1810119400.3000
2024-11-21,sz.300390,28.6000,29.3300,28.4600,28.8000,29.2300,34443576,993802226.9000
2024-11-22,sz.300390,28.2800,29.4900,27.2000,27.3100,28.8000,36993616,1046589299.6600
2024-11-25,sz.300390,27.0200,28.3700,27.0100,27.5000,27.3100,29614524,817765212.2400
2024-11-26,sz.300390,27.2900,27.5000,26.3700,26.5800,27.5000,23401274,625211905.3200
2024-11-27,sz.300390,26.4500,27.2000,25.7600,27.1500,26.5800,22610527,597740046.7400
2024-11-28,sz.300390,27.0000,27.1600,26.5000,26.5900,27.1500,16994032,455859465.1200
2024-11-29,sz.300390,26.9100,28.7000,26.5300,28.0500,26.5900,35422261,980349590.9400
2024-12-02,sz.300390,27.8000,28.6400,27.3200,28.3500,28.0500,28085517,788572038.5900
2024-12-03,sz.300390,28.3600,28.5000,27.6000,28.0000,28.3500,18572500,518723413.3600
2024-12-04,sz.300390,28.0000,28.1000,26.8300,26.9700,28.0000,20095293,550018706.4200
2024-12-05,sz.300390,26.8100,27.2500,26.6700,27.0500,26.9700,13359599,360086092.3800
2024-12-06,sz.300390,27.0000,27.6500,26.3900,27.2000,27.0500,19663232,532071598.2800
2024-12-09,sz.300390,27.0000,27.2600,26.5200,26.8700,27.2000,11718010,315307948.5600
2024-12-10,sz.300390,28.0500,28.2500,26.4400,26.5000,26.8700,23348613,636238205.1700
2024-12-11,sz.300390,26.3400,26.5800,25.7000,26.0700,26.5000,21860888,571606590.4700
2024-12-12,sz.300390,25.8800,26.5100,25.7400,26.1500,26.0700,17459823,455849308.9700
2024-12-13,sz.300390,25.9000,25.9900,25.2500,25.3400,26.1500,21671506,551614226.6500
2024-12-16,sz.300390,25.3400,25.3700,24.7500,25.0600,25.3400,12737793,318824386.9900
2024-12-17,sz.300390,25.1200,25.4700,24.6600,24.8100,25.0600,12907996,323609729.8400
2024-12-18,sz.300390,24.8400,25.0500,24.6200,24.7900,24.8100,9227209,228986990.1400
2024-12-19,sz.300390,24.5200,24.8800,24.3300,24.8100,24.7900,10027354,246529359.9100
2024-12-20,sz.300390,24.7800,25.1900,24.7500,24.9900,24.8100,9270544,231503752.2400
2024-12-23,sz.300390,24.8900,25.2400,24.2600,24.3600,24.9900,10483333,259198133.5100
2024-12-24,sz.300390,24.4700,25.1800,24.4700,24.7900,24.3600,11313020,280828029.1000
2024-12-25,sz.300390,24.7200,24.8500,23.8500,24.0500,24.7900,12740914,307223300.2800
2024-12-26,sz.300390,24.0800,24.2100,23.9100,23.9800,24.0500,7244643,174469821.9000
2024-12-27,sz.300390,23.9800,24.5600,23.8000,24.1300,23.9800,9541683,231095182.2800
2024-12-30,sz.300390,24.1000,24.3700,23.8100,24.0700,24.1300,7435215,178998312.9000
2024-12-31,sz.300390,24.0400,24.1800,23.0100,23.0500,24.0700,12400957,290546051.2500
2025-01-02,sz.300390,23.0500,23.2200,22.0700,22.4000,23.0500,12501970,283701371.1000
2025-01-03,sz.300390,22.4000,22.7500,21.7800,21.8800,22.4000,11265390,250216264.3000
2025-01-06,sz.300390,22.1700,22.8300,21.8800,22.1300,21.8800,11925335,265661736.6000
2025-01-07,sz.300390,22.0000,22.5100,21.8600,22.4800,22.1300,10316840,229542191.0000
2025-01-08,sz.300390,22.3400,22.4000,21.5100,22.1700,22.4800,11150420,244997441.5000
2025-01-09,sz.300390,22.0000,22.4700,21.9900,22.2000,22.1700,7521760,167594688.4000
2025-01-10,sz.300390,22.2600,22.3800,21.4600,21.4800,22.2000,9195500,201482440.5000
2025-01-13,sz.300390,21.2100,22.3000,21.2000,21.9200,21.4800,12382182,271538119.3600
2025-01-14,sz.300390,21.9200,22.7600,21.7700,22.6600,21.9200,14754511,329923085.5200
2025-01-15,sz.300390,22.6600,22.8900,22.2700,22.5500,22.6600,11811550,266947355.5000
2025-01-16,sz.300390,22.7400,22.9800,22.1900,22.3500,22.5500,10776040,242910741.0000
2025-01-17,sz.300390,22.3500,23.0500,22.2900,22.4800,22.3500,10467846,236564105.4200
2025-01-20,sz.300390,22.5400,22.9700,22.5400,22.5900,22.4800,9223398,209276562.8600
2025-01-21,sz.300390,22.7500,22.8000,22.1300,22.3900,22.5900,8695141,194158736.3500
2025-01-22,sz.300390,22.2500,22.2600,21.8600,21.9400,22.3900,8431986,185586235.7200
2025-01-23,sz.300390,22.1700,22.6200,21.9100,21.9200,21.9400,10248178,228401778.2200
2025-01-24,sz.300390,21.9300,22.2100,21.7700,22.1100,21.9200,7702430,169802081.6000
2025-01-27,sz.300390,22.2000,22.5400,21.7500,21.7500,22.1100,8726900,191847036.4000
2025-02-05,sz.300390,21.8600,22.0400,21.6400,21.8300,21.7500,7397730,161517646.5000
2025-02-06,sz.300390,21.7100,22.3900,21.6000,22.3700,21.8300,14858645,328391278.0100
2025-02-07,sz.300390,22.4300,23.1800,22.3300,22.8500,22.3700,20212121,460441480.3900
2025-02-10,sz.300390,22.8800,23.0800,22.4300,23.0100,22.8500,15920020,362335766.6500
2025-02-11,sz.300390,22.9600,22.9900,22.3200,22.4500,23.0100,13620993,306444515.9600
2025-02-12,sz.300390,22.4300,23.6800,22.3200,23.4300,22.4500,24708115,569110376.6600
2025-02-13,sz.300390,23.3000,23.8000,23.0800,23.1000,23.4300,19911247,466180005.6600
2025-02-14,sz.300390,23.1000,23.9100,23.0200,23.0800,23.1000,14785289,344448104.0500
2025-02-17,sz.300390,23.0700,23.2600,22.6100,22.8300,23.0800,17435819,397779856.1500
2025-02-18,sz.300390,23.0200,23.6500,22.6700,22.8500,22.8300,25158503,583477668.3700
2025-02-19,sz.300390,22.7000,22.9700,22.4000,22.9400,22.8500,16083748,365832245.8800
2025-02-20,sz.300390,22.8400,23.0900,22.6600,22.8600,22.9400,14154591,322883743.1800
2025-02-21,sz.300390,22.8000,23.2900,22.7800,23.1900,22.8600,21054654,486614128.1200
2025-02-24,sz.300390,23.2000,23.3500,22.8500,22.9900,23.1900,17659550,406631732.0400
2025-02-25,sz.300390,22.8900,24.0000,22.8000,23.5400,22.9900,33663762,794720210.4400
2025-02-26,sz.300390,23.2900,23.7200,23.2600,23.5700,23.5400,20963364,492701920.5800
2025-02-27,sz.300390,23.6800,24.8000,23.4400,24.4200,23.5700,38542372,931298385.4900
2025-02-28,sz.300390,24.3000,24.7200,23.5000,23.5700,24.4200,29191459,704738931.5200
2025-03-03,sz.300390,23.7900,25.3000,23.7600,24.9700,23.5700,46566694,1152636389.9300
2025-03-04,sz.300390,24.6000,24.6100,24.0500,24.4900,24.9700,27923753,678162483.6500
2025-03-05,sz.300390,24.3200,24.4000,23.6900,23.9300,24.4900,19056316,455554721.3800
2025-03-06,sz.300390,24.0200,24.7900,23.9500,24.3600,23.9300,23177203,562391296.6900
2025-03-07,sz.300390,24.1600,24.6400,23.6600,23.7800,24.3600,22970509,555195274.9300
2025-03-10,sz.300390,23.7000,24.0200,23.4000,23.6200,23.7800,12956221,306109841.3400
2025-03-11,sz.300390,23.2100,23.5600,23.1700,23.5400,23.6200,10773270,251405351.2000
2025-03-12,sz.300390,23.6700,23.7600,23.2800,23.3100,23.5400,11226271,263015116.8700
2025-03-13,sz.300390,23.2600,23.4200,22.9000,23.0000,23.3100,12629388,291771248.9200
2025-03-14,sz.300390,23.0700,23.5000,23.0000,23.4500,23.0000,12906299,300846225.9800
2025-03-17,sz.300390,23.5600,23.6500,23.2900,23.4500,23.4500,9990260,234433349.0000
2025-03-18,sz.300390,23.5600,23.7800,23.4500,23.6000,23.4500,11793833,278686452.7500
2025-03-19,sz.300390,23.5200,23.5200,23.1400,23.2300,23.6000,11212744,260883252.7000
2025-03-20,sz.300390,23.2100,23.2200,22.8900,22.9000,23.2300,9901441,228107894.7100
2025-03-21,sz.300390,22.8300,23.1000,22.4700,22.6200,22.9000,11370050,258494027.3000
2025-03-24,sz.300390,22.5900,22.7000,22.0100,22.3800,22.6200,10494992,233303257.5800
2025-03-25,sz.300390,22.3300,22.5300,22.1200,22.4600,22.3800,7157078,159972892.3400
2025-03-26,sz.300390,22.5000,22.6100,22.3200,22.3500,22.4600,6389707,143470842.6200
2025-03-27,sz.300390,22.2600,22.4500,22.0000,22.2000,22.3500,7029979,156289715.2000
2025-03-28,sz.300390,22.2100,22.3200,21.9800,22.0000,22.2000,5580820,123305571.9700
2025-03-31,sz.300390,21.9000,21.9900,21.2200,21.2900,22.0000,10896236,234124861.7800
2025-04-01,sz.300390,21.3100,21.6300,21.3000,21.3800,21.2900,6076950,130267934.0200
2025-04-02,sz.300390,21.4900,21.6800,21.2900,21.4500,21.3800,5431294,116992818.2800
2025-04-03,sz.300390,21.3000,21.5500,21.2300,21.3300,21.4500,5257962,112326001.9200
2025-04-07,sz.300390,19.4800,20.2600,17.0600,17.3600,21.3300,26362359,485272719.0500
2025-04-08,sz.300390,17.7100,18.6400,17.7100,18.1000,17.3600,17539929,317651336.3700
2025-04-09,sz.300390,17.8900,18.7400,17.1300,18.5200,18.1000,14427464,261208664.0800
2025-04-10,sz.300390,19.0500,19.3800,18.8100,18.9300,18.5200,13040200,249059669.3800
2025-04-11,sz.300390,18.7500,19.2300,18.6500,19.0200,18.9300,8479209,161385670.5600
2025-04-14,sz.300390,19.2200,19.5300,19.2200,19.3400,19.0200,9448780,183165389.3000
2025-04-15,sz.300390,19.3500,19.5000,19.1800,19.2900,19.3400,6806860,131407952.9400
2025-04-16,sz.300390,19.1600,19.3000,18.8100,19.1600,19.2900,6673019,127083656.0200
2025-04-17,sz.300390,19.0600,19.2600,18.9700,18.9700,19.1600,5671883,108485547.4400
2025-04-18,sz.300390,18.9900,19.2400,18.8400,19.1000,18.9700,4938884,94079269.1200
2025-04-21,sz.300390,19.1300,19.3800,18.8800,19.3200,19.1000,5904212,113794621.9400
2025-04-22,sz.300390,19.2900,19.6200,19.2200,19.3100,19.3200,6761202,130791944.0200
2025-04-23,sz.300390,19.4700,19.6000,19.2600,19.3500,19.3100,6286394,121877560.2200
2025-04-24,sz.300390,19.4500,20.1300,19.3800,19.5100,19.3500,15727023,309662377.3600
2025-04-25,sz.300390,18.2500,18.7200,17.8700,18.1300,19.5100,23124528,419987566.0800
2025-04-28,sz.300390,18.0100,18.0500,17.8500,17.8800,18.1300,8339950,149521292.0000
2025-04-29,sz.300390,17.8000,18.0400,17.8000,17.9000,17.8800,5598251,100341256.4000
2025-04-30,sz.300390,17.9900,18.0200,17.8200,17.8600,17.9000,7321585,131218219.4000
2025-05-06,sz.300390,17.9500,18.4800,17.9000,18.4800,17.8600,11462016,209086013.4600
2025-05-07,sz.300390,18.7500,18.8800,18.3300,18.5100,18.4800,9613488,178330488.1000
2025-05-08,sz.300390,18.4800,18.9200,18.3500,18.8200,18.5100,9577570,179324993.5000
2025-05-09,sz.300390,18.7800,18.8000,18.4500,18.5300,18.8200,6472963,120201598.8000
2025-05-12,sz.300390,18.6700,18.9300,18.6700,18.9300,18.5300,8168356,153773497.5000
2025-05-13,sz.300390,19.1900,19.2600,18.9000,18.9400,18.9300,8289450,157621527.7400
2025-05-14,sz.300390,18.9400,19.1400,18.7800,19.0600,18.9400,8667688,164343645.7300
2025-05-15,sz.300390,18.9700,19.0400,18.7000,18.7100,19.0600,7685686,144784397.8800
2025-05-16,sz.300390,18.6500,18.8100,18.4200,18.4400,18.7100,6607191,122926416.0400
2025-05-19,sz.300390,18.4400,18.5100,18.1300,18.4600,18.4400,5808200,106311142.9000
2025-05-20,sz.300390,18.5400,18.6300,18.3200,18.4900,18.4600,5394777,99638351.7600
2025-05-21,sz.300390,18.4900,18.8600,18.4300,18.5600,18.4900,9930750,185505721.6700
2025-05-22,sz.300390,18.5500,18.7000,18.2200,18.2400,18.5600,6969461,128185381.5700
2025-05-23,sz.300390,18.0900,19.0000,18.0900,18.1400,18.2400,11842929,219261388.4200
2025-05-26,sz.300390,18.0500,18.0900,17.7700,17.8600,18.1400,8762994,156961918.5500
2025-05-27,sz.300390,17.8500,18.1800,17.6700,18.0300,17.8600,8344404,149370818.0100
2025-05-28,sz.300390,17.9400,18.0600,17.5600,17.6400,18.0300,8122878,144148773.3400
2025-05-29,sz.300390,17.6500,18.0000,17.6000,17.9900,17.6400,9965789,177711069.4500
2025-05-30,sz.300390,17.4900,17.4900,17.1600,17.1800,17.3900,8132853,140208720.3100
2025-06-03,sz.300390,17.1000,17.2900,17.0200,17.1800,17.1800,5661734,97407313.4800
2025-06-04,sz.300390,17.1900,17.6000,17.1200,17.5100,17.1800,9435858,164520552.5400
2025-06-05,sz.300390,17.5200,17.6100,17.3200,17.4800,17.5100,5424091,94577268.8800
2025-06-06,sz.300390,17.4900,17.6600,17.3800,17.5000,17.4800,7197801,125996569.3400
2025-06-09,sz.300390,17.4900,17.8500,17.4600,17.7300,17.5000,8010133,141962276.4600
2025-06-10,sz.300390,17.7400,18.0700,17.4200,17.5500,17.7300,11392830,202187709.0500
2025-06-11,sz.300390,17.5800,18.2500,17.5700,17.8800,17.5500,14588026,262471116.6000
2025-06-12,sz.300390,17.8200,17.8700,17.6000,17.7400,17.8800,8954510,158386039.3600
2025-06-13,sz.300390,17.6100,17.7500,17.2500,17.3000,17.7400,9968170,173656971.3000
2025-06-16,sz.300390,17.3300,17.3900,17.1600,17.2500,17.3000,6273786,108129944.5200
2025-06-17,sz.300390,17.2600,17.6400,17.2100,17.5200,17.2500,9248120,161604569.6000
2025-06-18,sz.300390,17.4800,17.4800,17.1700,17.3400,17.5200,7750420,134042007.9600
2025-06-19,sz.300390,17.3100,18.4500,17.2800,17.8200,17.3400,27685428,499316501.9400
2025-06-20,sz.300390,17.9600,18.5500,17.9600,18.2100,17.8200,28825998,526967826.5100
2025-06-23,sz.300390,17.8500,19.3000,17.8500,19.2000,18.2100,39497112,747251757.6000
2025-06-24,sz.300390,19.0900,19.6300,18.8600,19.4600,19.2000,36477119,701689920.2500
2025-06-25,sz.300390,19.3700,19.7100,19.1800,19.3700,19.4600,28084292,544070528.4500
2025-06-26,sz.300390,19.3700,19.9000,19.1000,19.1400,19.3700,25833838,502990356.7200
2025-06-27,sz.300390,19.3100,20.3700,19.3100,19.4900,19.1400,35292391,699918018.9100
2025-06-30,sz.300390,19.4900,19.6200,18.9600,19.0700,19.4900,24880685,475415338.7900
2025-07-01,sz.300390,19.0900,19.0900,18.6300,18.9200,19.0700,18657702,351087177.1800
2025-07-02,sz.300390,18.9100,19.2000,18.7600,19.1200,18.9200,18102589,343631377.7400
2025-07-03,sz.300390,19.2100,19.3800,18.8200,19.2000,19.1200,17717933,339116830.1700
2025-07-04,sz.300390,19.0800,19.2000,18.7500,18.7500,19.2000,14864923,280807981.1500
2025-07-07,sz.300390,18.7300,18.8200,18.6500,18.7100,18.7500,6675330,125014585.6000
2025-07-08,sz.300390,18.7100,19.4000,18.7100,19.2400,18.7100,18654852,357028928.5600
2025-07-09,sz.300390,19.2500,19.3600,19.0300,19.0800,19.2400,11553436,221573055.1200
2025-07-10,sz.300390,19.0400,19.3200,19.0200,19.0500,19.0800,10402200,198887724.8500
2025-07-11,sz.300390,19.1800,19.3700,19.0000,19.1300,19.0500,16285251,313129185.1200
2025-07-14,sz.300390,19.4400,21.6500,19.4400,20.3600,19.1300,54715392,1134379272.4600
2025-07-15,sz.300390,19.9700,20.3300,19.5500,19.7500,20.3600,32116845,636977378.3400
2025-07-16,sz.300390,19.6800,19.8500,19.4500,19.5100,19.7500,15868738,311393489.4200
2025-07-17,sz.300390,19.5100,20.1500,19.3800,19.9700,19.5100,22327268,442387816.6800
2025-07-18,sz.300390,20.2000,20.8700,20.0300,20.5000,19.9700,33993455,697714603.7800
2025-07-21,sz.300390,20.4000,20.5800,20.2700,20.3700,20.5000,17726250,360904061.3600
2025-07-22,sz.300390,20.3700,20.8100,20.2100,20.7000,20.3700,24765483,508895380.6700
2025-07-23,sz.300390,21.4500,21.4800,20.1300,20.1600,20.7000,31082444,641724562.7500
2025-07-24,sz.300390,20.0200,21.9800,20.0200,21.5900,20.1600,54750390,1161473735.5800
2025-07-25,sz.300390,21.9400,21.9900,21.3500,21.4500,21.5900,35784112,774783425.8700
2025-07-28,sz.300390,21.0700,21.4400,20.8800,21.0500,21.4500,22806537,481528462.5200
2025-07-29,sz.300390,20.9500,21.3100,20.7700,21.0000,21.0500,19594210,410993459.4100
2025-07-30,sz.300390,21.0000,21.0900,20.3200,20.5000,21.0000,19912400,411814820.9800
2025-07-31,sz.300390,20.3600,20.4800,19.8700,19.9400,20.5000,18849582,380526718.0400
2025-08-01,sz.300390,19.9400,20.1800,19.7500,19.8600,19.9400,12450550,248102026.2000
2025-08-04,sz.300390,19.7000,19.8800,19.5500,19.8700,19.8600,11151336,220075420.1000
2025-08-05,sz.300390,19.9200,20.1400,19.8800,19.9700,19.8700,10620358,211938403.5000
2025-08-06,sz.300390,19.9600,20.0800,19.7800,20.0800,19.9700,9744845,194416394.0000
2025-08-07,sz.300390,20.1000,20.3000,19.7300,20.2600,20.0800,19553145,392358345.8600
2025-08-08,sz.300390,20.3500,20.8100,20.1100,20.5800,20.2600,20777711,426118555.0000
2025-08-11,sz.300390,21.8200,21.9700,21.0400,21.4100,20.5800,37618156,806820558.3200
2025-08-12,sz.300390,21.2400,21.2800,20.7100,20.9000,21.4100,27831086,581228740.1100
2025-08-13,sz.300390,20.8900,21.4900,20.7600,20.9300,20.9000,18645870,390964344.5400
2025-08-14,sz.300390,20.9000,20.9900,20.3000,20.3000,20.9300,16914489,348651781.7300
2025-08-15,sz.300390,20.2500,20.8500,20.2300,20.7100,20.3000,13973943,288560322.5300
2025-08-18,sz.300390,21.1000,21.3000,20.9300,21.0400,20.7100,22240444,468725096.1900
2025-08-19,sz.300390,21.0100,21.1900,20.7800,20.9000,21.0400,15273997,320225075.8900
2025-08-20,sz.300390,20.7200,21.0600,20.5900,20.9700,20.9000,15272998,317901649.4200
2025-08-21,sz.300390,20.8100,21.0800,20.5800,20.6400,20.9700,15498927,321714673.7200
2025-08-22,sz.300390,20.6400,20.8600,20.5600,20.7800,20.6400,14034404,290750200.6400
2025-08-25,sz.300390,20.7800,21.2600,20.7800,20.9700,20.7800,20648253,433287648.5100
2025-08-26,sz.300390,20.9600,21.0100,20.6900,20.8000,20.9700,13754071,287122202.1500
2025-08-27,sz.300390,20.8000,21.1700,20.1000,20.1100,20.8000,27807876,576174240.9900
2025-08-28,sz.300390,19.7100,20.0800,19.0500,19.8200,20.1100,32118314,631911965.4100
2025-08-29,sz.300390,19.7500,20.6000,19.7000,20.2100,19.8200,26508156,535361427.2700
2025-09-01,sz.300390,20.2400,20.4700,20.0500,20.3200,20.2100,15891543,321780218.4700
2025-09-02,sz.300390,20.3000,20.4600,19.7200,19.8100,20.3200,17084145,342089426.9700
2025-09-03,sz.300390,19.8200,20.5000,19.5300,19.6100,19.8100,20772885,415882204.4500
2025-09-04,sz.300390,19.6500,20.6200,19.5400,19.8400,19.6100,34481573,694939217.8900
2025-09-05,sz.300390,20.0400,23.8100,20.0100,23.8100,19.8400,105411992,2349446886.7800
2025-09-08,sz.300390,25.0000,25.0000,23.6000,24.0300,23.8100,117473515,2842901381.3000
2025-09-09,sz.300390,23.7200,24.2800,23.2400,23.3400,24.0300,59500582,1410092432.1200
2025-09-10,sz.300390,22.8000,23.3500,22.7500,23.0400,23.3400,38190080,879203245.2000
2025-09-11,sz.300390,22.8800,23.1800,22.6000,23.0000,23.0400,34712466,794348292.7200
2025-09-12,sz.300390,23.0400,23.2300,22.5100,22.8300,23.0000,35394813,810670270.1300
2025-09-15,sz.300390,23.5000,24.1800,23.1000,23.1500,22.8300,58705513,1386312193.3300
2025-09-16,sz.300390,23.2800,23.5800,22.5800,22.9900,23.1500,33450477,766519835.7500
2025-09-17,sz.300390,22.8300,23.3100,22.6100,23.1400,22.9900,30008890,689523901.6600
2025-09-18,sz.300390,23.0500,23.2700,22.1600,22.4800,23.1400,33389483,761514651.5400
2025-09-19,sz.300390,22.5000,23.5500,22.4800,23.2400,22.4800,39317752,909436545.9900
2025-09-22,sz.300390,23.5000,23.5300,22.5500,22.9200,23.2400,25608878,585690335.6900
2025-09-23,sz.300390,22.7200,23.1700,21.9300,22.5000,22.9200,27639680,621838953.1800
2025-09-24,sz.300390,22.3000,23.4800,22.3000,23.2800,22.5000,33215710,763305949.5000
2025-09-25,sz.300390,23.3300,23.6800,23.1000,23.1800,23.2800,29654460,694375243.4700
2025-09-26,sz.300390,23.2100,23.5600,22.8200,22.8500,23.1800,23240242,539551918.8800
2025-09-29,sz.300390,22.9900,24.2000,22.9900,23.9000,22.8500,41512821,983831305.1700
2025-09-30,sz.300390,23.9500,25.1900,23.6900,24.9900,23.9000,53022672,1313683233.7200
2025-10-09,sz.300390,25.5800,26.6800,25.2500,26.1000,24.9900,51950072,1351908109.6800
2025-10-10,sz.300390,25.9000,26.1500,24.8200,24.9400,26.1000,45734253,1157714379.6000
2025-10-13,sz.300390,23.5200,26.2000,23.5200,25.9600,24.9400,45681159,1156328643.9000
2025-10-14,sz.300390,26.1900,26.4400,24.7700,25.2400,25.9600,34769625,882146796.9000
2025-10-15,sz.300390,25.5000,25.7900,24.8000,24.9500,25.2400,20775482,521927244.6100
2025-10-16,sz.300390,24.8000,25.8800,24.5900,25.0200,24.9500,22732110,572670172.3500
2025-10-17,sz.300390,24.9500,25.5800,23.8600,23.8800,25.0200,24346337,596192007.8000
2025-10-20,sz.300390,24.2000,24.3600,23.3400,23.5300,23.8800,19807741,471311336.0000
2025-10-21,sz.300390,23.6800,23.9000,23.2500,23.3500,23.5300,16135906,379383492.7500
2025-10-22,sz.300390,23.2600,23.5500,22.7200,23.3300,23.3500,14878778,344852112.8400
2025-10-23,sz.300390,23.4000,25.4000,23.3500,25.2800,23.3300,44139463,1085571206.3200
2025-10-24,sz.300390,25.0200,26.6800,24.8800,25.5500,25.2800,44981768,1161245058.2400
2025-10-27,sz.300390,26.0000,27.1900,25.6600,26.5200,25.5500,45658235,1204948492.6700
2025-10-28,sz.300390,26.3000,26.8900,25.9700,26.1800,26.5200,27995086,739188702.4500
2025-10-29,sz.300390,26.1800,26.8400,26.0100,26.6900,26.1800,27665064,730627673.3900
2025-10-30,sz.300390,26.5100,31.4500,26.4100,30.6100,26.6900,92963455,2713519205.1100
2025-10-31,sz.300390,29.8900,31.6700,29.8900,30.4200,30.6100,79867033,2456394582.7900
2025-11-03,sz.300390,31.3600,36.0000,31.3600,34.0700,30.4200,95353961,3248432765.5600
2025-11-04,sz.300390,34.0800,34.4000,33.0300,33.4200,34.0700,52910691,1776390940.8500
2025-11-05,sz.300390,33.0100,35.1000,32.1000,33.8800,33.4200,67041822,2262931923.5500
2025-11-06,sz.300390,33.8700,35.1100,33.2500,34.4600,33.8800,45675856,1559886186.9800
2025-11-07,sz.300390,34.4600,40.3600,34.1000,39.7400,34.4600,97563437,3604954531.5700
2025-11-10,sz.300390,40.7000,43.6900,39.8600,41.0900,39.7400,96848041,4057655184.2600
2025-11-11,sz.300390,41.2600,43.2300,40.9500,41.7600,41.0900,65725386,2758962597.9800
2025-11-12,sz.300390,41.4100,41.7800,39.7400,40.3200,41.7600,52639833,2135701774.0100
2025-11-13,sz.300390,41.5400,48.3000,41.3000,48.0400,40.3200,89541286,4062064896.0500
2025-11-14,sz.300390,47.0000,51.8500,46.7200,49.8100,48.0400,92782033,4553951423.7800
2025-11-17,sz.300390,52.8000,59.7700,52.8000,59.7700,49.8100,90108888,5102041452.4600
2025-11-18,sz.300390,59.4600,63.0000,55.5000,56.6100,59.7700,116470415,6814471089.4000
2025-11-19,sz.300390,58.0300,60.9300,56.0800,57.4400,56.6100,76793197,4449939582.7600
2025-11-20,sz.300390,58.5000,64.9900,57.2700,60.9400,57.4400,96884562,5958562823.4900
2025-11-21,sz.300390,52.8800,54.8400,48.8500,48.9300,60.9400,105919107,5347832925.4900
2025-11-24,sz.300390,51.0000,51.2000,47.4200,49.9800,48.9300,88730200,4355195665.7200
2025-11-25,sz.300390,50.5000,52.8800,47.4500,50.9900,49.9800,83689674,4176107262.0800
2025-11-26,sz.300390,51.1100,53.1400,50.0000,50.3600,50.9900,67340726,3461092879.9600
2025-11-27,sz.300390,50.3600,51.2700,49.1500,50.1300,50.3600,58818401,2948514890.2400
2025-11-28,sz.300390,50.1700,54.2000,50.1200,51.9400,50.1300,69697285,3655324126.0000
2025-12-01,sz.300390,53.4100,59.8400,53.4100,55.0600,51.9400,83876288,4769025369.9400
2025-12-02,sz.300390,55.1800,56.1600,53.6600,54.0000,55.0600,52146217,2845641801.3900
2025-12-03,sz.300390,54.8000,55.1000,50.5000,51.2800,54.0000,53178399,2743538173.9500
2025-12-04,sz.300390,51.0000,51.6600,49.5400,50.2200,51.2800,36507696,1839060061.4700
2025-12-05,sz.300390,49.8200,51.0000,47.9000,48.0300,50.2200,37871212,1845092281.9800
2025-12-08,sz.300390,47.5100,52.8200,47.1800,51.6500,48.0300,57588938,2899576285.9200
2025-12-09,sz.300390,50.9000,51.6000,49.1400,50.0400,51.6500,39036486,1962193349.5000
2025-12-10,sz.300390,50.0000,53.2000,49.1400,52.1100,50.0400,48894931,2519012653.8400
2025-12-11,sz.300390,52.9000,54.3800,51.7900,51.7900,52.1100,54994877,2911458939.2500
2025-12-12,sz.300390,53.4000,53.8700,48.4200,49.6200,51.7900,61730555,3107510830.4000
2025-12-15,sz.300390,47.9400,50.1600,46.7100,47.8400,49.6200,44163505,2116876157.6700
2025-12-16,sz.300390,47.8000,48.4800,45.5200,46.9100,47.8400,34404106,1606193748.5300
2025-12-17,sz.300390,48.9500,54.3800,47.7700,53.6900,46.9100,77115382,4023626612.9400
2025-12-18,sz.300390,52.4200,52.6500,49.9000,50.5300,53.6900,48691836,2482981787.9500
2025-12-19,sz.300390,50.5500,51.4800,48.4000,50.0000,50.5300,54969312,2739847951.1300
2025-12-22,sz.300390,51.9100,53.2600,50.3000,50.7000,50.0000,54280150,2811799225.5700
2025-12-23,sz.300390,51.2200,56.5600,51.2200,55.0000,50.7000,67742703,3657074722.0000
2025-12-24,sz.300390,55.0300,56.2000,52.3700,53.2900,55.0000,63416547,3426914754.7300
2025-12-25,sz.300390,50.9400,53.0000,50.5000,52.8000,53.2900,43125866,2237277218.0700
2025-12-26,sz.300390,59.0000,60.1900,54.3000,57.0300,52.8000,71346064,4068608123.0900
2025-12-29,sz.300390,57.0000,57.0300,52.0000,53.7600,57.0300,66541268,3585314494.5800
2025-12-30,sz.300390,52.5400,58.0000,51.6800,56.6500,53.7600,52309782,2891310233.3800
2025-12-31,sz.300390,56.6500,58.1800,54.3300,54.6100,56.6500,37726841,2104781995.4300
