date,code,open,high,low,close,preclose,volume,amount
2019-01-02,sh.603218,16.4500,16.9000,16.4500,16.7300,16.5200,471731,7905005.0000
2019-01-03,sh.603218,16.7300,17.0800,15.8500,16.1400,16.7300,536181,8835746.0000
2019-01-04,sh.603218,16.1400,17.7100,15.6200,17.5000,16.1400,1539247,25988588.0000
2019-01-07,sh.603218,17.5000,17.6900,17.1000,17.4600,17.5000,837708,14618046.0000
2019-01-08,sh.603218,17.5000,17.6000,17.2100,17.3600,17.4600,448655,7801772.0000
2019-01-09,sh.603218,17.2600,17.5200,17.2300,17.3000,17.3600,526249,9134435.0000
2019-01-10,sh.603218,17.3000,18.3000,17.3000,18.1800,17.3000,1579975,28571850.0000
2019-01-11,sh.603218,18.0800,18.1300,17.6800,17.7100,18.1800,761860,13595419.0000
2019-01-14,sh.603218,17.6700,17.8500,17.2000,17.3600,17.7100,568571,9906179.0000
2019-01-15,sh.603218,17.3600,17.6400,17.1800,17.4500,17.3600,427374,7472985.0000
2019-01-16,sh.603218,17.4500,18.0000,17.4500,17.9800,17.4500,916351,16394894.0000
2019-01-17,sh.603218,17.9800,18.1200,17.4300,18.0900,17.9800,1059900,18903985.0000
2019-01-18,sh.603218,18.0900,18.1500,17.6200,17.9200,18.0900,435162,7798041.0000
2019-01-21,sh.603218,18.0000,18.5900,17.4100,17.7800,17.9200,1291743,23272165.0000
2019-01-22,sh.603218,17.4300,17.9500,17.4300,17.6700,17.7800,626800,11112919.0000
2019-01-23,sh.603218,17.7700,17.8800,17.5300,17.6300,17.6700,288105,5087230.0000
2019-01-24,sh.603218,17.6300,18.7500,17.4800,18.4800,17.6300,1811870,33321038.0000
2019-01-25,sh.603218,19.0800,19.5500,18.2200,18.9000,18.4800,2014408,38168504.0000
2019-01-28,sh.603218,19.5400,20.7900,19.2100,20.5600,18.9000,2915319,59198280.0000
2019-01-29,sh.603218,20.0100,20.5800,19.2600,19.8400,20.5600,1352380,26907504.0000
2019-01-30,sh.603218,20.6600,20.6600,19.3400,20.1100,19.8400,1700191,34000073.0000
2019-01-31,sh.603218,19.9800,20.8700,19.8400,19.9700,20.1100,1754506,36005671.0000
2019-02-01,sh.603218,19.9000,20.9700,19.9000,20.5500,19.9700,1227670,25176374.0000
2019-02-11,sh.603218,20.9800,20.9800,20.3500,20.6500,20.5500,1148636,23883690.0000
2019-02-12,sh.603218,20.8000,20.9000,20.3200,20.5300,20.6500,1124273,23034460.0000
2019-02-13,sh.603218,20.5300,20.5400,19.9800,20.4200,20.5300,1789185,36139460.0000
2019-02-14,sh.603218,20.0000,20.0800,19.2200,19.6500,20.4200,3531470,69598910.0000
2019-02-15,sh.603218,19.7500,19.7500,18.9400,19.2000,19.6500,2501989,48341413.0000
2019-02-18,sh.603218,19.2000,20.2400,19.2000,19.8700,19.2000,2136669,42274843.0000
2019-02-19,sh.603218,19.9400,20.3400,19.7900,19.8700,19.8700,1599232,32008348.0000
2019-02-20,sh.603218,19.8700,20.1300,19.5000,19.9900,19.8700,815262,16254754.0000
2019-02-21,sh.603218,20.0800,20.1400,19.6900,19.7100,19.9900,977959,19489413.0000
2019-02-22,sh.603218,19.7100,19.7500,18.9300,19.2700,19.7100,1740302,33499624.0000
2019-02-25,sh.603218,19.6600,20.7900,19.4000,20.4800,19.2700,2064723,41796402.0000
2019-02-26,sh.603218,21.0100,21.0500,19.9800,20.0700,20.4800,2171884,44093837.0000
2019-02-27,sh.603218,20.0300,20.4400,19.7000,19.7700,20.0700,1382696,27509478.0000
2019-02-28,sh.603218,19.7700,20.4100,19.6500,20.2000,19.7700,1274682,25679570.0000
2019-03-01,sh.603218,20.3200,20.5000,19.9800,20.4900,20.2000,1278255,25913019.0000
2019-03-04,sh.603218,20.3600,20.7900,20.2500,20.3900,20.4900,2539600,51760468.0000
2019-03-05,sh.603218,20.4500,22.2000,20.3300,21.9800,20.3900,3392236,73118702.0000
2019-03-06,sh.603218,22.0100,22.3000,21.3300,21.7900,21.9800,1570093,34222554.0000
2019-03-07,sh.603218,21.7800,21.8100,21.2300,21.4100,21.7900,1257573,27047155.0000
2019-03-08,sh.603218,21.4000,21.7800,20.4000,20.4100,21.4100,1267600,26761128.0000
2019-03-11,sh.603218,20.3700,21.6600,20.3700,21.5400,20.4100,1278308,27094625.0000
2019-03-12,sh.603218,21.6700,23.0000,21.6700,22.5900,21.5400,2694330,60663938.0000
2019-03-13,sh.603218,22.5800,23.7000,22.2800,22.3700,22.5900,1498859,34396497.0000
2019-03-14,sh.603218,22.0300,23.2500,22.0300,23.0200,22.3700,1597962,36649841.0000
2019-03-15,sh.603218,23.0000,25.1500,22.8000,24.6600,23.0200,2595806,63636608.0000
2019-03-18,sh.603218,24.6600,26.4000,23.9900,24.9700,24.6600,2549130,64078046.0000
2019-03-19,sh.603218,24.9000,25.4800,23.8600,25.3100,24.9700,2936241,71914934.0000
2019-03-20,sh.603218,25.6000,27.6900,25.5200,26.3400,25.3100,4977937,131965892.0000
2019-03-21,sh.603218,25.5200,27.0800,25.5200,26.0900,26.3400,1913900,50354149.0000
2019-03-22,sh.603218,25.8500,26.3900,24.6000,25.1200,26.0900,2076910,52249940.0000
2019-03-25,sh.603218,25.3700,26.4800,24.8400,26.2600,25.1200,2275496,59443708.0000
2019-03-26,sh.603218,26.2600,26.6400,25.6000,25.8700,26.2600,1393030,36316950.0000
2019-03-27,sh.603218,25.8700,26.6600,25.7000,25.9300,25.8700,1224566,32158388.0000
2019-03-28,sh.603218,25.8000,27.0300,25.5700,26.2500,25.9300,1814393,48048908.0000
2019-03-29,sh.603218,26.2500,26.8900,25.1000,26.5800,26.2500,2017768,52292642.0000
2019-04-01,sh.603218,26.5800,28.2400,25.7600,27.9200,26.5800,2161575,59582036.0000
2019-04-02,sh.603218,28.0500,28.2400,27.3200,27.4000,27.9200,1054023,29126934.0000
2019-04-03,sh.603218,27.3800,27.5800,25.0000,25.4400,27.4000,2894794,76095466.0000
2019-04-04,sh.603218,25.7400,26.2600,24.2000,25.0600,25.4400,4870950,122226836.0000
2019-04-08,sh.603218,25.0500,26.1600,25.0500,26.1600,25.0600,3151163,81183459.0000
2019-04-09,sh.603218,25.7100,26.0300,25.0000,25.1300,26.1600,2440701,61691423.0000
2019-04-10,sh.603218,24.8700,25.2800,24.5800,24.9900,25.1300,2163241,54139614.0000
2019-04-11,sh.603218,25.1800,25.1800,24.3000,24.4500,24.9900,1426620,35275212.0000
2019-04-12,sh.603218,24.2300,24.6800,22.1000,22.8700,24.4500,4119649,95155960.0000
2019-04-15,sh.603218,23.5300,24.2900,23.1300,23.1300,22.8700,4433505,104788945.0000
2019-04-16,sh.603218,23.5000,24.2600,22.8900,23.2300,23.1300,3665600,85660961.0000
2019-04-17,sh.603218,23.4000,24.4900,23.2000,24.0000,23.2300,3044723,73252447.0000
2019-04-18,sh.603218,23.9300,23.9300,23.0400,23.2600,24.0000,2393439,55944424.0000
2019-04-19,sh.603218,23.3200,23.8500,23.0300,23.4700,23.2600,1644038,38479164.0000
2019-04-22,sh.603218,23.4400,23.9300,23.0500,23.2500,23.4700,1735554,40953929.0000
2019-04-23,sh.603218,23.3500,23.5000,22.5500,22.6500,23.2500,1708444,39162646.0000
2019-04-24,sh.603218,22.6500,23.5000,22.6300,22.8700,22.6500,1568672,35964528.0000
2019-04-25,sh.603218,23.2000,23.2000,21.3000,21.7900,22.8700,1706259,38152725.0000
2019-04-26,sh.603218,21.7900,23.8800,21.7200,23.2200,21.7900,3781447,86206100.0000
2019-04-29,sh.603218,23.2200,23.6700,22.3000,22.8000,23.2200,2713823,61994801.0000
2019-04-30,sh.603218,22.8100,23.7900,22.8000,23.3300,22.8000,2029738,47397226.0000
2019-05-06,sh.603218,22.2200,23.2700,21.1100,22.2500,23.3300,2250375,50357210.0000
2019-05-07,sh.603218,22.1400,23.3100,22.1200,23.1100,22.2500,1514908,34554692.0000
2019-05-08,sh.603218,22.0000,23.8700,22.0000,22.9500,23.1100,1790327,41447646.0000
2019-05-09,sh.603218,23.1000,25.0000,22.8100,24.7200,22.9500,3153082,75914462.0000
2019-05-10,sh.603218,24.6000,25.4800,24.0200,25.0700,24.7200,3334259,83151940.0000
2019-05-13,sh.603218,24.6000,24.9800,24.2000,24.6600,25.0700,1703512,41882677.0000
2019-05-14,sh.603218,24.5000,25.4000,24.2500,24.7800,24.6600,1871787,46764163.0000
2019-05-15,sh.603218,24.6800,25.2800,24.3500,25.1300,24.7800,1726669,43020622.0000
2019-05-16,sh.603218,25.1800,25.4000,24.2200,24.5100,25.1300,1701161,41929862.0000
2019-05-17,sh.603218,24.5400,24.9900,23.5800,23.9900,24.5100,1248999,30401046.0000
2019-05-20,sh.603218,23.7000,23.7000,22.6000,23.0300,23.9900,1262176,29070262.0000
2019-05-21,sh.603218,23.3300,24.2800,23.0700,23.9700,23.0300,872930,20713321.0000
2019-05-22,sh.603218,23.9900,24.3000,23.0900,23.5400,23.9700,1009882,23937403.0000
2019-05-23,sh.603218,23.9100,23.9100,22.1500,22.2300,23.5400,1475595,33387642.0000
2019-05-24,sh.603218,21.7300,22.7800,21.6800,22.7300,22.2300,954676,21475901.0000
2019-05-27,sh.603218,17.3400,18.9800,17.2500,18.6600,17.2500,1690559,30987789.0000
2019-05-28,sh.603218,18.3000,18.8100,18.2300,18.4000,18.6600,1422234,26210319.0000
2019-05-29,sh.603218,18.4000,18.4500,17.8100,17.8500,18.4000,1113407,20096215.0000
2019-05-30,sh.603218,17.8600,18.0800,17.4100,17.6300,17.8500,1086556,19081693.0000
2019-05-31,sh.603218,17.5500,18.4800,17.4100,18.4500,17.6300,2127859,38786365.0000
2019-06-03,sh.603218,18.6900,19.2000,17.8000,19.1400,18.4500,3606855,67073843.0000
2019-06-04,sh.603218,19.1800,19.3000,18.6100,18.8600,19.1400,1166698,22007980.0000
2019-06-05,sh.603218,19.1000,19.3300,18.7300,19.2600,18.8600,1247283,23798230.0000
2019-06-06,sh.603218,19.2700,19.7200,18.9000,19.6300,19.2600,2999894,58177867.0000
2019-06-10,sh.603218,19.9000,20.4200,19.1100,19.6100,19.6300,2011361,39825226.0000
2019-06-11,sh.603218,19.6000,19.6000,18.0000,19.1000,19.6100,2170383,41065011.0000
2019-06-12,sh.603218,19.1700,19.1700,18.6100,18.9000,19.1000,942110,17737612.0000
2019-06-13,sh.603218,18.7600,19.0500,18.1700,18.9500,18.9000,648370,12194460.0000
2019-06-14,sh.603218,18.9400,18.9400,17.6100,17.7800,18.9500,1122300,20517829.0000
2019-06-17,sh.603218,17.9100,17.9100,17.2500,17.4500,17.7800,1175808,20621307.0000
2019-06-18,sh.603218,17.7500,18.3500,17.4600,17.5200,17.4500,1425608,25454279.0000
2019-06-19,sh.603218,17.8100,18.3500,17.8100,18.2000,17.5200,2228984,40431364.0000
2019-06-20,sh.603218,18.2000,18.3000,17.8100,18.2800,18.2000,931701,16901974.0000
2019-06-21,sh.603218,18.3500,18.6000,18.3000,18.3900,18.2800,850078,15683234.0000
2019-06-24,sh.603218,18.3900,18.6800,18.1500,18.3900,18.3900,2160907,39721394.0000
2019-06-25,sh.603218,18.4100,18.6000,18.3500,18.4400,18.3900,1333874,24623449.0000
2019-06-26,sh.603218,18.5100,19.9500,18.5100,19.5300,18.4400,3766633,72836304.0000
2019-06-27,sh.603218,19.6100,19.9400,19.4000,19.7400,19.5300,2295670,45190164.0000
2019-06-28,sh.603218,19.7400,19.9500,19.3100,19.4000,19.7400,1122801,21951228.0000
2019-07-01,sh.603218,20.0000,20.1000,19.4100,19.5500,19.4000,1986514,39016257.0000
2019-07-02,sh.603218,19.5700,19.9300,19.5500,19.6600,19.5500,1400333,27606555.0000
2019-07-03,sh.603218,19.8500,19.9600,19.2700,19.6600,19.6600,1095283,21572904.0000
2019-07-04,sh.603218,19.6600,19.9500,19.1500,19.3600,19.6600,1112081,21703019.0000
2019-07-05,sh.603218,19.2900,19.6800,19.0500,19.1500,19.3600,1094609,21044747.0000
2019-07-08,sh.603218,19.0200,19.3800,18.6200,18.6600,19.1500,1185500,22432870.0000
2019-07-09,sh.603218,18.6700,19.0000,18.6100,18.8400,18.6600,579244,10890837.0000
2019-07-10,sh.603218,18.9100,19.6700,18.6500,19.5000,18.8400,1634112,31571798.0000
2019-07-11,sh.603218,19.5000,19.8800,19.1500,19.5000,19.5000,1261574,24571004.0000
2019-07-12,sh.603218,19.2000,19.8900,19.2000,19.8700,19.5000,1871675,36824916.0000
2019-07-15,sh.603218,19.8700,20.4000,19.7100,19.8500,19.8700,2292673,45822085.0000
2019-07-16,sh.603218,19.9100,19.9900,19.3500,19.4800,19.8500,1257282,24692878.0000
2019-07-17,sh.603218,19.5100,19.6000,18.8400,18.9400,19.4800,1912756,36427146.0000
2019-07-18,sh.603218,18.9000,18.9000,18.2200,18.5800,18.9400,1457630,26928663.0000
2019-07-19,sh.603218,18.3400,18.8900,18.3400,18.8100,18.5800,991998,18597968.0000
2019-07-22,sh.603218,18.8200,19.3100,17.6600,18.9900,18.8100,1921831,36309049.0000
2019-07-23,sh.603218,18.7100,19.2400,18.6200,18.6500,18.9900,1460049,27647333.0000
2019-07-24,sh.603218,18.7500,19.1900,18.6700,19.0000,18.6500,1344709,25521966.0000
2019-07-25,sh.603218,19.0000,19.4000,18.9000,19.0200,19.0000,1145793,21929681.0000
2019-07-26,sh.603218,19.1800,19.4900,19.0000,19.3200,19.0200,1306620,25190908.0000
2019-07-29,sh.603218,19.2300,19.4700,18.8600,19.1800,19.3200,953710,18290785.0000
2019-07-30,sh.603218,19.1800,19.3800,18.9000,18.9000,19.1800,900587,17244012.0000
2019-07-31,sh.603218,18.9800,19.0900,18.6200,18.6300,18.9000,807500,15196103.0000
2019-08-01,sh.603218,18.7200,18.7200,17.5000,18.0300,18.6300,3417216,61724464.0000
2019-08-02,sh.603218,17.6800,17.8300,17.4400,17.4700,18.0300,1922970,33916871.0000
2019-08-05,sh.603218,17.4700,17.7900,17.1300,17.2500,17.4700,1328470,23191749.0000
2019-08-06,sh.603218,17.0100,17.0100,16.0100,16.5300,17.2500,3077580,50741831.0000
2019-08-07,sh.603218,16.6000,17.3500,16.6000,17.1000,16.5300,1955280,33430060.0000
2019-08-08,sh.603218,16.9700,17.4300,16.9700,17.1100,17.1000,1110101,19086032.0000
2019-08-09,sh.603218,17.1300,17.4100,16.0200,16.4900,17.1100,3930125,65381044.0000
2019-08-12,sh.603218,16.4800,17.3900,16.4600,17.1400,16.4900,3460508,58877135.0000
2019-08-13,sh.603218,16.9000,17.2800,16.5200,16.9300,17.1400,2591993,43729151.0000
2019-08-14,sh.603218,17.2500,17.6000,16.9500,17.0800,16.9300,1744525,30021908.0000
2019-08-15,sh.603218,17.0000,17.4000,16.6300,17.2000,17.0800,2137027,36462096.0000
2019-08-16,sh.603218,17.3200,18.1800,17.3200,18.1700,17.2000,2293358,40600853.0000
2019-08-19,sh.603218,18.3400,18.5900,17.7200,18.2400,18.1700,3993639,72691621.0000
2019-08-20,sh.603218,18.5000,19.2600,18.3100,18.7700,18.2400,5439686,103056637.0000
2019-08-21,sh.603218,18.8800,19.1000,18.2900,18.8100,18.7700,3187584,60216304.0000
2019-08-22,sh.603218,18.9000,20.6800,18.7800,20.2500,18.8100,8828272,176464736.0000
2019-08-23,sh.603218,20.3900,21.5900,19.8500,20.3500,20.2500,6726832,138199145.0000
2019-08-26,sh.603218,20.0000,21.0000,19.9500,20.8700,20.3500,5360899,109923915.0000
2019-08-27,sh.603218,20.8500,20.9900,20.4300,20.7500,20.8700,5986480,124100845.0000
2019-08-28,sh.603218,20.7800,20.9400,20.2600,20.6000,20.7500,3443008,70722637.0000
2019-08-29,sh.603218,20.0200,20.7600,20.0200,20.5500,20.6000,2561030,52578065.0000
2019-08-30,sh.603218,20.7900,20.7900,20.0100,20.1800,20.5500,2388972,48668466.0000
2019-09-02,sh.603218,20.4700,22.2000,20.2100,22.2000,20.1800,6637565,144551070.0000
2019-09-03,sh.603218,22.8000,23.4000,21.8200,22.6900,22.2000,7437864,166999571.0000
2019-09-04,sh.603218,22.9900,22.9900,22.0600,22.7200,22.6900,4049417,91239011.0000
2019-09-05,sh.603218,22.0500,22.9000,21.5300,22.3000,22.7200,5197719,115280034.0000
2019-09-06,sh.603218,22.3200,22.6300,21.8700,21.9800,22.3000,2662065,59001633.0000
2019-09-09,sh.603218,22.2600,24.1200,22.2600,23.8500,21.9800,7043020,164652140.0000
2019-09-10,sh.603218,23.7100,23.7500,22.8100,22.9500,23.8500,4974571,114668741.0000
2019-09-11,sh.603218,22.6700,23.1700,22.4000,22.5900,22.9500,2175874,49294469.0000
2019-09-12,sh.603218,22.6000,22.8900,22.3000,22.5900,22.5900,2147081,48459633.0000
2019-09-16,sh.603218,22.5800,22.9900,22.1700,22.3400,22.5900,2170874,48788366.0000
2019-09-17,sh.603218,22.1300,22.5100,21.7000,21.8000,22.3400,2191710,48170807.0000
2019-09-18,sh.603218,21.9700,22.1000,21.5500,21.9700,21.8000,2229669,48619261.0000
2019-09-19,sh.603218,21.9800,21.9900,20.9600,21.4000,21.9700,3225874,68875712.0000
2019-09-20,sh.603218,21.3900,22.0900,21.3900,21.4600,21.4000,2745280,59560014.0000
2019-09-23,sh.603218,21.6900,22.1200,20.9000,21.2200,21.4600,2881610,61611121.0000
2019-09-24,sh.603218,21.4900,21.7300,21.1000,21.5500,21.2200,3774847,80951140.0000
2019-09-25,sh.603218,21.6100,21.7500,21.0300,21.1400,21.5500,2028005,43145812.0000
2019-09-26,sh.603218,21.0400,21.5000,20.2300,21.0300,21.1400,2409490,50332111.0000
2019-09-27,sh.603218,21.2300,21.8800,20.6200,21.7800,21.0300,2783153,59861118.0000
2019-09-30,sh.603218,21.7700,22.1000,21.4500,21.4500,21.7800,1589880,34509003.0000
2019-10-08,sh.603218,21.7100,22.6500,21.6000,22.4500,21.4500,4128892,92124258.0000
2019-10-09,sh.603218,22.5000,23.4000,22.1600,22.9900,22.4500,4462550,102185337.0000
2019-10-10,sh.603218,22.8000,23.1500,22.1600,22.5100,22.9900,3361972,75645659.0000
2019-10-11,sh.603218,22.5500,22.8400,22.0000,22.1000,22.5100,2056208,45828570.0000
2019-10-14,sh.603218,22.2400,22.3900,21.7900,22.0000,22.1000,2526540,55671448.0000
2019-10-15,sh.603218,22.2400,22.3900,21.3700,22.3000,22.0000,2570856,56012141.0000
2019-10-16,sh.603218,22.3000,22.3000,21.3500,21.4500,22.3000,2206197,47900573.0000
2019-10-17,sh.603218,21.4200,21.4900,20.3800,20.5800,21.4500,3505880,72719605.0000
2019-10-18,sh.603218,20.6000,21.0800,19.6300,19.9700,20.5800,2482161,50254105.0000
2019-10-21,sh.603218,19.8400,20.3200,19.3500,19.4500,19.9700,2790781,54918226.0000
2019-10-22,sh.603218,19.8300,20.1000,19.4000,19.5000,19.4500,3052892,59897657.0000
2019-10-23,sh.603218,19.7300,19.9000,18.5500,19.0500,19.5000,3779737,72436392.0000
2019-10-24,sh.603218,19.2900,19.4100,18.7200,19.2100,19.0500,2488634,47645938.0000
2019-10-25,sh.603218,19.0600,19.2400,18.7100,19.0600,19.2100,2396989,45445462.0000
2019-10-28,sh.603218,19.4400,20.0900,19.1400,19.6600,19.0600,5090818,100057562.0000
2019-10-29,sh.603218,19.8800,19.9600,18.8800,18.9800,19.6600,4738605,91716129.0000
2019-10-30,sh.603218,19.0100,19.2700,18.3300,18.5400,18.9800,3953422,73946266.0000
2019-10-31,sh.603218,18.7000,19.2100,18.3300,18.9400,18.5400,4655049,87598467.0000
2019-11-01,sh.603218,18.7400,19.0300,18.1200,18.3100,18.9400,4350955,79993031.0000
2019-11-04,sh.603218,18.4400,18.4500,17.6400,17.8500,18.3100,4245516,75895212.0000
2019-11-05,sh.603218,17.8500,17.9000,17.2700,17.6300,17.8500,4226417,74402922.0000
2019-11-06,sh.603218,17.7100,18.2600,17.7000,17.9000,17.6300,3754701,67583249.0000
2019-11-07,sh.603218,17.9000,17.9500,17.5100,17.7000,17.9000,2426348,43044598.0000
2019-11-08,sh.603218,17.8400,18.2400,17.8000,17.9500,17.7000,2971942,53667046.0000
2019-11-11,sh.603218,17.6000,17.9500,17.2900,17.4700,17.9500,2371371,41347603.0000
2019-11-12,sh.603218,17.4300,17.5300,17.0500,17.3900,17.4700,2687433,46546644.0000
2019-11-13,sh.603218,17.5100,18.1500,17.3300,17.8800,17.3900,3844151,68498166.0000
2019-11-14,sh.603218,17.9900,18.3100,17.7800,17.8800,17.8800,3880360,70078401.0000
2019-11-15,sh.603218,18.0200,18.1600,17.7500,17.8400,17.8800,2522769,45232614.0000
2019-11-18,sh.603218,17.7500,18.2000,17.2500,18.1300,17.8400,2746450,48974576.0000
2019-11-19,sh.603218,18.3400,18.4500,18.1500,18.3700,18.1300,2291907,41955912.0000
2019-11-20,sh.603218,18.2700,18.7200,18.2500,18.4900,18.3700,2827791,52255034.0000
2019-11-21,sh.603218,18.3500,18.5500,18.2100,18.2700,18.4900,1518606,27905548.0000
2019-11-22,sh.603218,18.2200,18.6200,18.0600,18.2700,18.2700,2247683,41269910.0000
2019-11-25,sh.603218,18.3200,18.4200,17.8300,18.2400,18.2700,2345948,42518462.0000
2019-11-26,sh.603218,18.2000,18.6800,18.1800,18.4700,18.2400,2487414,46032262.0000
2019-11-27,sh.603218,18.4700,18.5800,18.2000,18.3000,18.4700,1437799,26334019.0000
2019-11-28,sh.603218,18.4800,18.4800,18.1200,18.2100,18.3000,1507717,27487637.0000
2019-11-29,sh.603218,18.0700,18.3000,17.9000,18.1400,18.2100,1771571,32085346.0000
2019-12-02,sh.603218,18.0600,18.6000,18.0600,18.2300,18.1400,2682804,49349356.0000
2019-12-03,sh.603218,18.3900,18.5600,18.2500,18.5200,18.2300,2706370,49979160.0000
2019-12-04,sh.603218,18.8000,18.8000,18.3200,18.3700,18.5200,2198042,40566584.0000
2019-12-05,sh.603218,18.3700,18.6700,18.3700,18.3900,18.3700,2053550,37935205.0000
2019-12-06,sh.603218,18.4700,19.0400,18.4000,18.8500,18.3900,3441080,64708577.0000
2019-12-09,sh.603218,18.9200,19.5900,18.9200,19.4000,18.8500,3787825,73132496.0000
2019-12-10,sh.603218,19.2000,19.4000,18.9500,19.2100,19.4000,2208816,42337877.0000
2019-12-11,sh.603218,19.1900,19.2100,18.6800,18.9100,19.2100,2743926,51914118.0000
2019-12-12,sh.603218,19.0000,19.2000,18.8200,19.0600,18.9100,2212090,42113517.0000
2019-12-13,sh.603218,18.9600,19.4500,18.9200,19.3600,19.0600,2375892,45766587.0000
2019-12-16,sh.603218,19.5000,19.7800,19.2800,19.4300,19.3600,2362350,45952794.0000
2019-12-17,sh.603218,19.6700,19.9000,19.3300,19.7800,19.4300,2592785,50892329.0000
2019-12-18,sh.603218,19.7000,19.9100,19.5600,19.5600,19.7800,3445245,67778305.0000
2019-12-19,sh.603218,19.7400,20.0900,19.6400,20.0600,19.5600,3286016,65403021.0000
2019-12-20,sh.603218,19.9100,20.3000,19.8200,20.1500,20.0600,3231172,64734652.0000
2019-12-23,sh.603218,19.9000,19.9000,19.0800,19.3000,20.1500,3094150,60185562.0000
2019-12-24,sh.603218,19.3400,19.5600,19.1100,19.3900,19.3000,1305184,25226887.0000
2019-12-25,sh.603218,19.3700,19.7600,19.3400,19.6500,19.3900,1243620,24356112.0000
2019-12-26,sh.603218,19.5500,19.7500,19.3300,19.7000,19.6500,1564260,30614020.0000
2019-12-27,sh.603218,19.5700,20.4500,19.5700,19.8300,19.7000,3281060,65724214.0000
2019-12-30,sh.603218,19.9800,20.2800,19.5600,20.0700,19.8300,2791137,55836522.0000
2019-12-31,sh.603218,19.9300,21.0000,19.9200,20.7700,20.0700,4023968,83252638.0000
2020-01-02,sh.603218,20.9900,22.7000,20.5500,21.8300,20.7700,5180840,112084623.0000
2020-01-03,sh.603218,21.8000,21.9500,21.3300,21.7000,21.8300,3163980,68473545.0000
2020-01-06,sh.603218,21.7200,22.3600,21.2800,22.1200,21.7000,4473370,98583435.0000
2020-01-07,sh.603218,22.3900,22.8000,22.1100,22.5000,22.1200,3459443,77707385.0000
2020-01-08,sh.603218,22.3000,22.7100,21.8300,22.0200,22.5000,2695510,59869754.0000
2020-01-09,sh.603218,22.1700,22.4500,22.0200,22.0500,22.0200,2705758,59963176.0000
2020-01-10,sh.603218,23.0000,23.7900,22.1000,22.2300,22.0500,3820472,86109750.0000
2020-01-13,sh.603218,22.2300,22.8500,22.1000,22.4400,22.2300,3698399,82540160.0000
2020-01-14,sh.603218,22.4400,22.6900,22.2100,22.2400,22.4400,1717945,38360622.0000
2020-01-15,sh.603218,22.1100,22.2400,21.4300,21.8400,22.2400,3884927,84580585.0000
2020-01-16,sh.603218,21.8200,22.5800,21.6700,22.0300,21.8400,3238536,71984422.0000
2020-01-17,sh.603218,22.0600,22.9500,22.0600,22.3900,22.0300,3326460,75083533.0000
2020-01-20,sh.603218,22.3800,22.5500,21.7600,22.4500,22.3900,2597940,57494793.0000
2020-01-21,sh.603218,22.5800,22.5800,21.3600,21.6300,22.4500,2873450,62186839.0000
2020-01-22,sh.603218,21.5100,21.7900,21.0500,21.6900,21.6300,2504549,53722192.0000
2020-01-23,sh.603218,21.4700,21.7800,20.0500,20.4900,21.6900,3113222,64526324.0000
2020-02-03,sh.603218,18.4400,18.4400,18.4400,18.4400,20.4900,448000,8261120.0000
2020-02-04,sh.603218,16.6000,18.4500,16.6000,18.2300,18.4400,4646775,83585903.0000
2020-02-05,sh.603218,18.2200,18.8300,17.9800,18.3900,18.2300,3447525,63433277.0000
2020-02-06,sh.603218,18.4000,19.5000,18.3600,19.1000,18.3900,2789706,52861397.0000
2020-02-07,sh.603218,19.1200,19.3900,18.7400,18.9600,19.1000,1868570,35468200.0000
2020-02-10,sh.603218,18.8500,19.3400,18.8500,19.2700,18.9600,2156065,41332607.0000
2020-02-11,sh.603218,19.3000,19.9800,19.2700,19.6200,19.2700,3074737,60347663.0000
2020-02-12,sh.603218,18.9800,19.9500,18.9800,19.7100,19.6200,4009481,78755445.0000
2020-02-13,sh.603218,19.5000,20.4500,19.4300,19.4600,19.7100,2273730,44961322.0000
2020-02-14,sh.603218,19.3100,19.7000,19.2100,19.3600,19.4600,1734680,33625545.0000
2020-02-17,sh.603218,19.5200,20.2000,19.3200,20.0200,19.3600,3037571,60321523.0000
2020-02-18,sh.603218,20.4000,20.4500,19.6400,19.9400,20.0200,2889296,57530915.0000
2020-02-19,sh.603218,19.9400,20.8000,19.8000,20.7800,19.9400,3553535,72669589.0000
2020-02-20,sh.603218,20.6800,21.3300,20.3400,21.1500,20.7800,3417005,70863827.0000
2020-02-21,sh.603218,20.8300,21.1000,20.5100,20.5500,21.1500,4038122,83651125.0000
2020-02-24,sh.603218,20.3600,20.5000,19.8500,20.1600,20.5500,2844068,57281875.0000
2020-02-25,sh.603218,19.8000,20.0000,19.1600,19.6100,20.1600,3069094,60205432.0000
2020-02-26,sh.603218,19.3500,19.6900,19.2300,19.2400,19.6100,2430622,47394270.0000
2020-02-27,sh.603218,19.4500,20.6900,19.3200,20.6100,19.2400,4697244,94528336.0000
2020-02-28,sh.603218,20.3000,20.3000,18.8000,19.1400,20.6100,4473033,87437655.0000
2020-03-02,sh.603218,19.0200,19.8900,19.0200,19.4800,19.1400,2792018,54588526.0000
2020-03-03,sh.603218,19.6600,20.1800,19.1300,19.3700,19.4800,2873466,56468840.0000
2020-03-04,sh.603218,19.2600,19.4900,18.9800,19.3700,19.3700,2143247,41180498.0000
2020-03-05,sh.603218,19.5900,20.4500,19.4100,20.4100,19.3700,4907915,98460147.0000
2020-03-06,sh.603218,20.1700,20.8000,20.0100,20.7100,20.4100,4588245,94559423.0000
2020-03-09,sh.603218,20.7100,20.8000,19.2000,19.2400,20.7100,4253709,83639448.0000
2020-03-10,sh.603218,18.9900,19.8000,18.5000,19.8000,19.2400,4461655,85307370.0000
2020-03-11,sh.603218,19.8900,20.2500,19.4800,19.5400,19.8000,2913320,57858375.0000
2020-03-12,sh.603218,19.4500,19.6000,18.7000,19.5100,19.5400,3109759,59240682.0000
2020-03-13,sh.603218,18.4900,19.0100,17.9000,18.8000,19.5100,4863629,89232508.0000
2020-03-16,sh.603218,18.9500,18.9500,17.5000,17.7000,18.8000,3185828,57538565.0000
2020-03-17,sh.603218,17.3000,17.7600,16.8200,17.2600,17.7000,2366885,40907137.0000
2020-03-18,sh.603218,17.4900,18.1100,17.3000,17.3000,17.2600,2115455,37335790.0000
2020-03-19,sh.603218,17.2000,17.4300,16.9000,17.3300,17.3000,1619636,27779440.0000
2020-03-20,sh.603218,17.6300,17.8900,17.2900,17.4400,17.3300,1062848,18507697.0000
2020-03-23,sh.603218,17.1000,17.3200,16.8800,17.0500,17.4400,1750968,29906878.0000
2020-03-24,sh.603218,17.0900,17.5800,17.0900,17.3500,17.0500,2038349,35379178.0000
2020-03-25,sh.603218,17.6800,18.2500,17.5100,18.2500,17.3500,2193541,39398608.0000
2020-03-26,sh.603218,18.2400,18.2400,17.7600,17.7800,18.2500,1681218,30158483.0000
2020-03-27,sh.603218,17.8100,18.1500,17.8100,17.8600,17.7800,1178796,21153532.0000
2020-03-30,sh.603218,17.6700,17.6700,17.1200,17.2700,17.8600,1663210,28772250.0000
2020-03-31,sh.603218,17.3900,17.9300,17.3200,17.4000,17.2700,1049316,18524355.0000
2020-04-01,sh.603218,17.2100,18.0500,17.1800,17.8400,17.4000,1735349,30853061.0000
2020-04-02,sh.603218,17.6900,18.1700,17.5500,18.1700,17.8400,1298907,23392918.0000
2020-04-03,sh.603218,18.1900,18.5900,18.0700,18.2700,18.1700,1154790,21109978.0000
2020-04-07,sh.603218,18.4600,18.7200,18.2100,18.2700,18.2700,1355467,24919306.0000
2020-04-08,sh.603218,18.2800,18.6300,18.1100,18.5600,18.2700,1731430,31919196.0000
2020-04-09,sh.603218,18.6500,18.7700,18.4300,18.4900,18.5600,746300,13842198.0000
2020-04-10,sh.603218,19.0000,19.2700,18.6000,18.7900,18.4900,2643934,50042708.0000
2020-04-13,sh.603218,18.9700,19.1500,18.3000,18.4300,18.7900,3017884,56529876.0000
2020-04-14,sh.603218,18.4500,18.6500,18.2700,18.4800,18.4300,2944128,54373751.0000
2020-04-15,sh.603218,18.4800,18.9600,18.4200,18.7200,18.4800,2968702,55661205.0000
2020-04-16,sh.603218,18.7200,18.8500,18.5300,18.7100,18.7200,1608720,30082951.0000
2020-04-17,sh.603218,18.8300,19.1000,18.6200,18.8900,18.7100,1908160,35976040.0000
2020-04-20,sh.603218,18.9400,19.4900,18.7900,19.3900,18.8900,2610813,50166462.0000
2020-04-21,sh.603218,19.3500,20.0900,19.1400,19.7900,19.3900,4372933,85726151.0000
2020-04-22,sh.603218,19.8200,20.1700,19.6400,19.9100,19.7900,2898145,57806878.0000
2020-04-23,sh.603218,20.4000,20.4000,19.5500,19.8500,19.9100,4574116,91128612.0000
2020-04-24,sh.603218,19.9000,20.1500,19.7800,19.9000,19.8500,2867589,57276855.0000
2020-04-27,sh.603218,20.0800,20.9900,20.0800,20.3700,19.9000,4583230,94669090.0000
2020-04-28,sh.603218,20.3300,20.6900,19.6000,20.0100,20.3700,4344929,87277304.0000
2020-04-29,sh.603218,19.8900,20.6200,19.8700,20.5400,20.0100,4317955,87862738.0000
2020-04-30,sh.603218,20.6100,20.9400,20.4600,20.8200,20.5400,4584375,95344831.0000
2020-05-06,sh.603218,20.9900,21.6800,20.8800,21.5300,20.8200,6275545,133021225.0000
2020-05-07,sh.603218,21.5200,22.0500,21.1700,21.8600,21.5300,5116143,111092799.0000
2020-05-08,sh.603218,21.9900,22.0700,21.7500,21.8400,21.8600,2653622,58022914.0000
2020-05-11,sh.603218,21.8800,22.2600,21.7600,22.1700,21.8400,3843865,84799520.0000
2020-05-12,sh.603218,22.1000,22.3800,21.2600,21.6200,22.1700,5673577,122778343.0000
2020-05-13,sh.603218,21.6500,21.8800,21.3200,21.6700,21.6200,4255700,92143997.0000
2020-05-14,sh.603218,21.6500,21.7900,21.3500,21.5900,21.6700,2604020,56257778.0000
2020-05-15,sh.603218,21.7400,21.8800,21.3100,21.4900,21.5900,1891413,40836415.0000
2020-05-18,sh.603218,21.4000,22.1800,21.0000,22.0600,21.4900,3607320,78583972.0000
2020-05-19,sh.603218,22.2900,22.5700,22.0200,22.4500,22.0600,2705930,60580309.0000
2020-05-20,sh.603218,22.4900,22.9000,22.3000,22.3600,22.4500,2629110,59401799.0000
2020-05-21,sh.603218,22.6400,22.8600,21.9900,22.1000,22.3600,2422950,53904331.0000
2020-05-22,sh.603218,22.2800,22.2800,21.6400,21.8800,22.1000,1629966,35687913.0000
2020-05-25,sh.603218,21.9600,23.0600,21.7000,22.7500,21.8800,4349734,98206930.0000
2020-05-26,sh.603218,22.9000,23.3000,22.2700,22.8000,22.7500,2804944,63482979.0000
2020-05-27,sh.603218,22.7900,22.7900,21.8300,21.9100,22.8000,2761479,61107212.0000
2020-05-28,sh.603218,21.9600,22.0900,21.3200,21.9300,21.9100,2356195,51413536.0000
2020-05-29,sh.603218,21.9000,22.5600,21.8000,22.0600,21.9300,2232260,49577159.0000
2020-06-01,sh.603218,22.2800,23.2900,22.2800,23.1600,22.0600,4472604,102487123.0000
2020-06-02,sh.603218,23.1600,23.5800,22.9100,23.2600,23.1600,3191464,74289529.0000
2020-06-03,sh.603218,16.5700,18.0400,16.2700,18.0400,16.4000,7270480,127263867.0000
2020-06-04,sh.603218,18.1400,18.1400,16.8800,17.0700,18.0400,9801440,170162538.0000
2020-06-05,sh.603218,17.2500,17.6400,17.0400,17.2500,17.0700,5926392,102756598.0000
2020-06-08,sh.603218,17.4400,17.4800,16.6300,16.7000,17.2500,7102799,119740271.0000
2020-06-09,sh.603218,16.6800,16.9400,16.4700,16.5500,16.7000,5082755,84626648.0000
2020-06-10,sh.603218,16.6200,16.7000,16.3800,16.6100,16.5500,3983486,65805604.0000
2020-06-11,sh.603218,16.6300,17.1000,16.4000,16.4500,16.6100,4451486,74425757.0000
2020-06-12,sh.603218,16.1900,16.6300,16.1000,16.4700,16.4500,4084839,66991538.0000
2020-06-15,sh.603218,16.6300,17.2800,16.6300,17.0200,16.4700,8749548,149055408.0000
2020-06-16,sh.603218,17.1100,17.1700,16.7100,16.9000,17.0200,7678437,129781798.0000
2020-06-17,sh.603218,16.8800,17.3100,16.6100,17.2500,16.9000,5982835,102003282.0000
2020-06-18,sh.603218,17.1900,17.4500,17.1000,17.3000,17.2500,3836944,66270999.0000
2020-06-19,sh.603218,17.3100,17.4000,17.0500,17.2400,17.3000,4585546,79001165.0000
2020-06-22,sh.603218,17.2300,17.4700,16.9700,17.2900,17.2400,5422599,93458447.0000
2020-06-23,sh.603218,17.2500,17.2500,16.7800,17.0400,17.2900,6128738,103984018.0000
2020-06-24,sh.603218,16.9600,17.7700,16.9600,17.1800,17.0400,6665058,115626180.0000
2020-06-29,sh.603218,17.1200,17.5500,16.9600,17.3300,17.1800,4552822,78807895.0000
2020-06-30,sh.603218,17.4600,18.4600,17.3700,18.3000,17.3300,7111756,128223519.0000
2020-07-01,sh.603218,18.4200,18.4200,17.6600,17.7800,18.3000,7531815,134214513.0000
2020-07-02,sh.603218,17.7900,18.3500,17.6200,18.0900,17.7800,5978886,107467503.0000
2020-07-03,sh.603218,18.1000,18.6100,17.9800,18.2400,18.0900,7318150,133680202.0000
2020-07-06,sh.603218,18.4300,19.1700,18.2400,18.8100,18.2400,10396665,195146297.0000
2020-07-07,sh.603218,18.8200,19.2100,18.6500,18.6600,18.8100,9007958,169883874.0000
2020-07-08,sh.603218,18.6700,18.9800,18.3400,18.9200,18.6600,8639914,161829382.0000
2020-07-09,sh.603218,19.0300,19.8600,18.8800,19.8000,18.9200,8966802,172996081.0000
2020-07-10,sh.603218,19.8000,20.5800,19.5600,20.2000,19.8000,7676855,154299820.0000
2020-07-13,sh.603218,20.4700,21.8000,20.1800,21.7100,20.2000,8812598,185070098.0000
2020-07-14,sh.603218,22.0000,22.5000,20.3100,20.9500,21.7100,13539262,285592206.0000
2020-07-15,sh.603218,21.1300,21.1300,20.0000,20.1200,20.9500,10129405,206756528.0000
2020-07-16,sh.603218,20.0300,20.5500,19.7000,20.0700,20.1200,8816266,177703685.0000
2020-07-17,sh.603218,19.9500,20.2400,19.0300,19.3500,20.0700,10693440,208819470.0000
2020-07-20,sh.603218,19.3500,19.9600,19.0300,19.7800,19.3500,10532419,205676529.0000
2020-07-21,sh.603218,19.6500,19.6700,19.0900,19.3900,19.7800,10345777,200999474.7900
2020-07-22,sh.603218,19.2700,19.7600,19.1700,19.5400,19.3900,9335239,181936880.2400
2020-07-23,sh.603218,19.3000,19.3400,18.4600,18.9800,19.5400,12995878,244704069.1500
2020-07-24,sh.603218,18.8600,19.0200,17.6500,17.6500,18.9800,16150142,292777680.2600
2020-07-27,sh.603218,17.6500,18.0600,17.5000,17.7300,17.6500,9104920,162224031.8400
2020-07-28,sh.603218,17.8900,18.4500,17.7300,18.4000,17.7300,9380860,170705443.0500
2020-07-29,sh.603218,18.3200,18.8600,17.9100,18.7400,18.4000,10699711,197998714.0500
2020-07-30,sh.603218,18.8300,19.4500,18.6700,19.4300,18.7400,10263796,196094243.3600
2020-07-31,sh.603218,19.4300,19.8300,18.8000,19.1400,19.4300,11767700,226201684.3800
2020-08-03,sh.603218,19.1900,19.4800,19.1400,19.4300,19.1400,14086321,272060746.0300
2020-08-04,sh.603218,19.4200,19.6200,19.0000,19.0500,19.4300,10456829,202003586.9800
2020-08-05,sh.603218,19.0600,20.5500,18.8000,20.3000,19.0500,15782394,314095418.5100
2020-08-06,sh.603218,20.3300,20.8000,20.0600,20.6100,20.3000,12531658,256445015.4900
2020-08-07,sh.603218,20.7900,20.9000,19.9000,20.4900,20.6100,12366027,252069837.7900
2020-08-10,sh.603218,20.2800,21.3000,20.1000,21.1600,20.4900,14869213,310068559.0000
2020-08-11,sh.603218,21.1600,21.2500,19.8200,19.9300,21.1600,12570583,256018733.8500
2020-08-12,sh.603218,19.7800,19.9000,18.2400,19.0800,19.9300,11559205,219128447.8100
2020-08-13,sh.603218,19.2900,19.2900,18.5800,18.7100,19.0800,7036161,132771588.6400
2020-08-14,sh.603218,18.6200,19.0500,18.3800,19.0100,18.7100,6006822,112504183.7800
2020-08-17,sh.603218,19.0200,20.9100,18.8600,20.9100,19.0100,20359555,415890772.4600
2020-08-18,sh.603218,21.1000,21.5100,20.8100,21.0600,20.9100,15552880,328516883.2200
2020-08-19,sh.603218,21.0900,21.4000,20.4000,20.5700,21.0600,9981192,208205115.9300
2020-08-20,sh.603218,20.5500,20.6300,19.6000,19.6400,20.5700,7673529,153583416.1000
2020-08-21,sh.603218,20.0000,20.0900,19.0900,19.2500,19.6400,8847588,172734093.7300
2020-08-24,sh.603218,19.4500,20.0000,19.3100,19.7600,19.2500,8904595,175956399.4100
2020-08-25,sh.603218,19.6000,19.8800,18.7500,19.4800,19.7600,16220936,309660525.2300
2020-08-26,sh.603218,19.1500,19.7300,18.7600,19.5600,19.4800,11603888,225170350.1700
2020-08-27,sh.603218,19.9000,20.4900,19.0400,19.4700,19.5600,14836520,291382451.2500
2020-08-28,sh.603218,19.5100,20.7100,19.5100,20.2800,19.4700,16388006,331319530.8200
2020-08-31,sh.603218,20.2300,20.9600,20.0000,20.5300,20.2800,16344782,334865855.4500
2020-09-01,sh.603218,20.4300,21.0900,20.3600,20.5500,20.5300,10051684,207809628.7900
2020-09-02,sh.603218,20.6100,20.9200,20.3000,20.7800,20.5500,8888131,183478355.9500
2020-09-03,sh.603218,20.7800,20.8300,19.6700,19.8900,20.7800,9724030,195003134.0500
2020-09-04,sh.603218,19.4100,19.9700,19.3600,19.9500,19.8900,5506761,108394380.1400
2020-09-07,sh.603218,20.1200,20.6300,19.8700,20.2000,19.9500,9642198,195687362.9100
2020-09-08,sh.603218,20.2200,20.6000,19.7400,20.6000,20.2000,10408749,210947350.6500
2020-09-09,sh.603218,20.4300,20.7300,19.9400,20.4500,20.6000,10933412,223024944.6700
2020-09-10,sh.603218,20.5100,21.9800,20.1000,20.4000,20.4500,20210328,429504711.1300
2020-09-11,sh.603218,19.4700,21.9600,19.3000,21.7300,20.4000,17033823,359149827.8800
2020-09-14,sh.603218,22.6300,22.8900,21.9700,22.6000,21.7300,21629683,483424359.4800
2020-09-15,sh.603218,22.5600,23.5000,22.3100,23.4000,22.6000,15569655,357661870.8600
2020-09-16,sh.603218,23.0300,23.5100,22.5000,23.1200,23.4000,8980244,207517893.0300
2020-09-17,sh.603218,23.1100,23.3100,22.5900,22.8900,23.1200,10029299,229622606.4600
2020-09-18,sh.603218,22.9900,23.2100,22.5700,22.7000,22.8900,7524575,171656040.0700
2020-09-21,sh.603218,22.9000,23.1900,22.6600,23.1400,22.7000,8064114,185399467.8700
2020-09-22,sh.603218,23.0000,23.0600,22.1800,22.4300,23.1400,8279358,187697184.4100
2020-09-23,sh.603218,22.5300,22.8700,22.2800,22.5800,22.4300,4578758,103097370.5400
2020-09-24,sh.603218,22.6000,22.7200,21.5000,21.7500,22.5800,7954567,174610494.4800
2020-09-25,sh.603218,22.0900,22.1000,21.3100,21.6500,21.7500,5411551,117233406.2800
2020-09-28,sh.603218,21.9100,22.0800,21.2100,21.4000,21.6500,6639645,142497746.6000
2020-09-29,sh.603218,21.4900,22.4300,21.4900,21.6600,21.4000,9532832,208513165.7300
2020-09-30,sh.603218,22.0600,22.7000,21.6800,22.6700,21.6600,9488230,211731886.3000
2020-10-09,sh.603218,23.5000,24.4000,22.9200,23.4900,22.6700,20601002,485380126.7100
2020-10-12,sh.603218,23.5600,25.1300,23.5600,24.9300,23.4900,18691262,457805694.3900
2020-10-13,sh.603218,24.8000,26.2000,24.3400,25.4800,24.9300,18093175,462414524.5400
2020-10-14,sh.603218,26.0000,27.9900,24.6000,27.2800,25.4800,26813388,718983277.5600
2020-10-15,sh.603218,27.4000,28.7000,27.1800,27.4600,27.2800,20823183,580838521.6900
2020-10-16,sh.603218,27.6300,27.9000,26.6000,27.1500,27.4600,12362770,334988180.9300
2020-10-19,sh.603218,27.5800,27.5800,25.1700,25.2600,27.1500,18363822,473552274.8000
2020-10-20,sh.603218,26.0000,26.0000,24.9300,25.3500,25.2600,13188545,334293982.8000
2020-10-21,sh.603218,25.0100,25.7300,24.1200,24.3700,25.3500,15201783,374951117.6400
2020-10-22,sh.603218,24.2000,24.5700,23.7100,24.2000,24.3700,11918112,288244274.4600
2020-10-23,sh.603218,24.3000,24.5000,23.4400,23.8800,24.2000,9725378,233377441.9300
2020-10-26,sh.603218,23.7200,24.5800,22.9900,24.3700,23.8800,11828488,282783796.1100
2020-10-27,sh.603218,24.3400,24.8400,24.1500,24.6600,24.3700,9235302,226289195.7100
2020-10-28,sh.603218,24.4800,24.6600,23.9800,24.3100,24.6600,10443055,253838359.8500
2020-10-29,sh.603218,23.8500,25.1000,23.5400,24.6500,24.3100,10375278,254507080.0700
2020-10-30,sh.603218,24.9900,25.2800,24.0000,24.1100,24.6500,7959172,195657021.1100
2020-11-02,sh.603218,24.2000,24.9500,23.9400,24.5300,24.1100,10959252,269166019.9200
2020-11-03,sh.603218,24.8000,26.0600,24.6000,25.8300,24.5300,13975167,354629608.6100
2020-11-04,sh.603218,25.8300,26.7700,25.5000,26.3300,25.8300,12230168,322326564.9000
2020-11-05,sh.603218,26.6000,26.7700,25.7700,26.4000,26.3300,8075904,211766973.8100
2020-11-06,sh.603218,26.5400,26.5900,24.8500,25.2600,26.4000,8860334,225085124.7000
2020-11-09,sh.603218,25.2000,26.1100,24.9700,25.4700,25.2600,10825137,276272340.5800
2020-11-10,sh.603218,25.3100,25.7100,24.3400,25.1200,25.4700,9525073,238507484.8400
2020-11-11,sh.603218,25.2100,25.5800,24.8500,24.8900,25.1200,5696679,143847032.7900
2020-11-12,sh.603218,25.0000,25.1400,24.4300,24.5200,24.8900,4693048,115800915.0800
2020-11-13,sh.603218,24.4800,24.6800,23.8800,24.1400,24.5200,5761545,139165144.9500
2020-11-16,sh.603218,24.2500,24.4300,23.2000,23.4300,24.1400,11311267,265856958.4600
2020-11-17,sh.603218,23.5900,23.8700,23.1500,23.6500,23.4300,12031551,283287125.5800
2020-11-18,sh.603218,23.5500,24.2200,23.4100,23.8600,23.6500,6146918,146930159.1800
2020-11-19,sh.603218,23.7300,24.2500,23.2900,24.2100,23.8600,8140508,194309925.4400
2020-11-20,sh.603218,23.9600,24.3500,23.7500,24.0800,24.2100,7043531,169666856.3700
2020-11-23,sh.603218,24.3200,25.7900,24.2000,25.4000,24.0800,11159527,280491808.5400
2020-11-24,sh.603218,25.4500,26.0100,24.9000,25.9800,25.4000,8321258,213257894.6300
2020-11-25,sh.603218,26.2900,26.9600,25.9800,26.5400,25.9800,10993853,290608087.3800
2020-11-26,sh.603218,25.9700,27.0000,25.6200,26.9700,26.5400,8478804,224072407.9500
2020-11-27,sh.603218,26.7300,27.1000,26.1800,26.9900,26.9700,6880997,183657248.8300
2020-11-30,sh.603218,26.8000,26.8200,25.6000,25.6500,26.9900,12100687,315143837.5600
2020-12-01,sh.603218,25.6500,27.1700,25.6000,27.1300,25.6500,10572643,282575616.0700
2020-12-02,sh.603218,26.9000,28.2800,26.7500,27.1500,27.1300,11998280,328557588.6600
2020-12-03,sh.603218,27.2900,27.3600,26.7100,27.1000,27.1500,5649950,152555954.6500
2020-12-04,sh.603218,27.0500,28.1900,27.0000,27.3200,27.1000,7527926,207796562.1200
2020-12-07,sh.603218,27.0000,27.0300,26.1800,26.6500,27.3200,7543104,200715889.1700
2020-12-08,sh.603218,26.4200,26.9800,26.3800,26.4000,26.6500,4558986,121526450.9000
2020-12-09,sh.603218,26.7800,26.8000,25.6600,25.7000,26.4000,4637607,121097239.2600
2020-12-10,sh.603218,25.8200,28.2700,25.8000,28.2700,25.7000,11119630,304282899.8300
2020-12-11,sh.603218,29.0900,29.0900,25.4400,25.4400,28.2700,15886240,425072433.0000
2020-12-14,sh.603218,24.5500,26.7200,24.5500,26.6900,25.4400,15622844,402429258.7200
2020-12-15,sh.603218,26.8200,27.1600,26.3000,26.7600,26.6900,8601562,229335118.4300
2020-12-16,sh.603218,26.7100,28.1100,26.6700,27.2300,26.7600,9895529,271574140.0600
2020-12-17,sh.603218,27.2300,27.3900,26.5800,26.9000,27.2300,6011508,161789142.8200
2020-12-18,sh.603218,27.0400,28.1100,26.4600,26.9700,26.9000,9392110,256991977.0500
2020-12-21,sh.603218,27.0000,28.5000,26.8800,27.6000,26.9700,15920261,441629028.3700
2020-12-22,sh.603218,27.7000,28.7800,27.3800,27.8900,27.6000,14642280,410606838.0200
2020-12-23,sh.603218,28.7800,30.6800,28.7800,30.6800,27.8900,22867957,690417902.7900
2020-12-24,sh.603218,30.6600,33.5000,30.2000,32.0200,30.6800,19529043,620445688.0300
2020-12-25,sh.603218,31.7200,32.4000,30.8600,32.3800,32.0200,12512152,395778433.4800
2020-12-28,sh.603218,32.1900,32.3800,30.0200,30.7000,32.3800,16970477,525983511.1500
2020-12-29,sh.603218,30.8500,30.9000,29.0100,29.0900,30.7000,14196361,421220408.3300
2020-12-30,sh.603218,29.1700,30.1500,29.1000,29.3000,29.0900,12813138,378649776.6700
2020-12-31,sh.603218,29.2900,30.4600,28.8900,30.2500,29.3000,16148547,478041620.3000
2021-01-04,sh.603218,29.9700,33.1500,29.0700,32.4600,30.2500,19308821,611361886.7000
2021-01-05,sh.603218,32.0800,32.6600,31.3300,32.1900,32.4600,14789319,471312349.0300
2021-01-06,sh.603218,32.0000,33.2000,30.7100,33.0000,32.1900,14991752,476146692.2400
2021-01-07,sh.603218,32.6000,35.5800,32.0500,34.3100,33.0000,20113485,680815695.6000
2021-01-08,sh.603218,34.3900,36.0000,32.9900,35.0000,34.3100,14997466,515334240.8000
2021-01-11,sh.603218,35.9900,36.1000,32.5500,33.5500,35.0000,13129054,443370827.8900
2021-01-12,sh.603218,33.4500,35.2200,32.8200,35.0000,33.5500,10535846,360382830.7300
2021-01-13,sh.603218,35.0000,38.5000,34.7000,37.4900,35.0000,14416560,535216765.4400
2021-01-14,sh.603218,37.0000,40.9000,36.3000,39.6500,37.4900,17550507,685129490.9600
2021-01-15,sh.603218,39.0000,41.0500,37.0000,40.3000,39.6500,15792076,611752649.3800
2021-01-18,sh.603218,39.4000,42.0000,38.4500,39.5000,40.3000,13662386,548373504.2100
2021-01-19,sh.603218,39.1000,40.9700,37.5100,38.3600,39.5000,16281849,634898529.9300
2021-01-20,sh.603218,38.6300,41.3000,37.6300,41.2100,38.3600,14479551,575127708.3100
2021-01-21,sh.603218,40.9000,45.3300,39.8800,45.3300,41.2100,21349387,915636154.2700
2021-01-22,sh.603218,45.3300,46.5500,44.1400,46.2200,45.3300,12256386,556740554.4800
2021-01-25,sh.603218,45.8800,49.6500,41.6500,42.3900,46.2200,27306767,1221710111.2000
2021-01-26,sh.603218,41.6500,44.8600,40.9500,44.4900,42.3900,19685752,844620135.6800
2021-01-27,sh.603218,43.2500,46.2800,42.1000,44.0500,44.4900,17015470,747642171.1200
2021-01-28,sh.603218,42.3200,43.7000,39.9800,40.7800,44.0500,15256506,633457403.9200
2021-01-29,sh.603218,41.5300,41.8800,39.0700,40.0300,40.7800,12218255,493256106.6500
2021-02-01,sh.603218,40.0200,41.3200,39.5800,40.7400,40.0300,9916016,400774108.2800
2021-02-02,sh.603218,40.7500,41.1800,39.7100,39.9300,40.7400,12634169,507555732.0600
2021-02-03,sh.603218,39.9900,41.1900,38.4300,38.9800,39.9300,12364099,492519500.5300
2021-02-04,sh.603218,39.0500,39.2900,36.1800,37.8400,38.9800,17859274,666996104.7200
2021-02-05,sh.603218,38.5400,39.0800,37.3000,37.7000,37.8400,11821921,451980425.9500
2021-02-08,sh.603218,37.7900,38.5700,36.5500,38.0900,37.7000,9688296,364745546.8900
2021-02-09,sh.603218,38.1300,41.0000,38.1300,39.6800,38.0900,15030852,597909990.8200
2021-02-10,sh.603218,39.5200,42.9400,38.9000,42.0700,39.6800,16294407,662515688.7200
2021-02-18,sh.603218,42.5000,43.2300,40.8300,41.8100,42.0700,10754863,451299376.5800
2021-02-19,sh.603218,41.5000,41.9000,39.5000,41.8700,41.8100,7835532,319471813.2900
2021-02-22,sh.603218,41.4000,41.4200,37.8000,37.9300,41.8700,11132815,440947464.4100
2021-02-23,sh.603218,38.0000,39.9300,37.9000,39.0000,37.9300,7927918,309675792.1900
2021-02-24,sh.603218,38.6800,39.2500,36.5000,37.6800,39.0000,8770338,330513249.7800
2021-02-25,sh.603218,37.9900,38.0700,35.6100,35.8000,37.6800,9610653,349572928.8800
2021-02-26,sh.603218,35.1300,36.5100,34.5500,35.7800,35.8000,8303871,297284285.6400
2021-03-01,sh.603218,35.9600,36.6600,35.5000,36.5400,35.7800,6699819,242828412.9500
2021-03-02,sh.603218,37.0200,37.5200,35.8300,36.9400,36.5400,6756687,247278671.5600
2021-03-03,sh.603218,36.7000,37.1800,36.1400,36.8600,36.9400,5222030,192000586.7000
2021-03-04,sh.603218,36.6100,36.6100,35.0100,35.8900,36.8600,5872778,209856476.1200
2021-03-05,sh.603218,35.2000,35.8800,34.5000,35.2400,35.8900,4427237,156049118.6700
2021-03-08,sh.603218,35.5400,35.5400,31.7800,31.8100,35.2400,10349620,343472539.7200
2021-03-09,sh.603218,31.2300,31.9200,30.0300,30.8700,31.8100,8216001,255521550.4800
2021-03-10,sh.603218,31.6800,32.1900,31.0100,31.6100,30.8700,6298898,199207720.5300
2021-03-11,sh.603218,31.6300,32.4600,31.0300,32.0500,31.6100,3927543,125780603.3200
2021-03-12,sh.603218,32.4600,33.6500,31.9100,33.2800,32.0500,7005376,231107899.0900
2021-03-15,sh.603218,32.9900,33.0400,32.0600,32.2700,33.2800,4752568,153879094.2800
2021-03-16,sh.603218,32.4100,33.0500,31.6400,32.1900,32.2700,4796498,155008858.3400
2021-03-17,sh.603218,32.0600,32.7700,31.5000,32.6200,32.1900,4178408,134977522.3400
2021-03-18,sh.603218,32.6400,33.3800,31.8300,33.2200,32.6200,5266787,171643569.0300
2021-03-19,sh.603218,32.4800,33.1700,32.0800,32.7800,33.2200,4704936,153858614.1400
2021-03-22,sh.603218,32.4400,34.5100,32.4400,34.1600,32.7800,6730257,228193092.6300
2021-03-23,sh.603218,33.9600,34.7800,33.4400,33.7200,34.1600,4244333,144634091.4500
2021-03-24,sh.603218,33.5600,34.0200,31.7400,32.0200,33.7200,4510146,147143638.4300
2021-03-25,sh.603218,31.5100,32.1200,31.0500,31.4600,32.0200,3876471,121787305.5000
2021-03-26,sh.603218,31.6000,34.1800,31.4800,33.7300,31.4600,5808010,193582710.3000
2021-03-29,sh.603218,33.8300,35.1500,33.6900,34.5800,33.7300,6348822,219129254.9800
2021-03-30,sh.603218,34.0300,35.0200,33.4000,34.8300,34.5800,5544119,191062582.5700
2021-03-31,sh.603218,34.6400,34.8000,34.0600,34.3600,34.8300,3296484,113436526.0300
2021-04-01,sh.603218,34.4800,34.9200,33.8800,34.0300,34.3600,2559718,87586520.0800
2021-04-02,sh.603218,34.0300,35.8600,33.9000,35.6000,34.0300,9357429,328278800.9900
2021-04-06,sh.603218,35.8900,35.9900,35.1200,35.7100,35.6000,3520049,125481944.6100
2021-04-07,sh.603218,35.5400,35.7100,33.8400,35.1800,35.7100,5051058,175640337.2200
2021-04-08,sh.603218,34.8400,35.6000,34.1600,34.4000,35.1800,2677682,92730067.1400
2021-04-09,sh.603218,34.2600,34.5900,33.7200,34.0100,34.4000,2059927,70163991.7600
2021-04-12,sh.603218,33.8300,34.3000,32.5000,32.8300,34.0100,3485893,116158378.6700
2021-04-13,sh.603218,32.6000,33.6600,32.3200,32.9600,32.8300,2368946,78407202.6100
2021-04-14,sh.603218,33.0000,34.5600,32.8600,34.1700,32.9600,3675496,125552381.0000
2021-04-15,sh.603218,33.9600,34.1100,33.3500,33.8200,34.1700,2012782,68042381.8000
2021-04-16,sh.603218,33.8400,34.2100,32.9300,33.0900,33.8200,2151367,71708290.3500
2021-04-19,sh.603218,32.8100,35.1800,32.8000,34.7600,33.0900,5532594,189411010.2900
2021-04-20,sh.603218,35.4400,35.5000,34.4000,34.6400,34.7600,3768851,131549364.6000
2021-04-21,sh.603218,34.6300,35.4100,33.6700,33.7000,34.6400,3929093,134296609.5700
2021-04-22,sh.603218,33.9300,35.5000,33.4100,35.4000,33.7000,7388748,257043797.8200
2021-04-23,sh.603218,34.5100,34.8000,31.8600,34.5500,35.4000,13003201,440173615.5400
2021-04-26,sh.603218,34.4700,35.3300,33.8800,34.8300,34.5500,9981960,347285523.0900
2021-04-27,sh.603218,34.6000,34.8300,33.0500,34.2500,34.8300,5720371,193582189.0000
2021-04-28,sh.603218,34.2500,34.6800,33.1400,33.3000,34.2500,5250547,176702364.2600
2021-04-29,sh.603218,33.1300,33.2700,30.7300,31.7500,33.3000,9903026,314570091.1100
2021-04-30,sh.603218,31.5900,31.6400,28.5800,28.7400,31.7500,18832749,555701690.8100
2021-05-06,sh.603218,28.9000,28.9000,26.4600,27.7000,28.7400,21819914,595603157.6700
2021-05-07,sh.603218,27.6800,27.6900,25.7100,26.1200,27.7000,17267876,454390995.6200
2021-05-10,sh.603218,25.8900,25.9400,25.0500,25.4000,26.1200,12044742,306591856.0000
2021-05-11,sh.603218,25.1500,25.1500,24.1600,24.7200,25.4000,11828964,289672283.0800
2021-05-12,sh.603218,24.5200,24.5200,23.6400,23.6900,24.7200,12751098,304650857.4200
2021-05-13,sh.603218,23.4500,23.8300,23.1600,23.4500,23.6900,14031421,328572130.3200
2021-05-14,sh.603218,23.4900,23.8400,22.9000,23.8200,23.4500,14154720,331927466.7000
2021-05-17,sh.603218,24.0000,24.6700,23.9200,24.3500,23.8200,25103416,612518198.9900
2021-05-18,sh.603218,24.5000,25.1400,23.3000,23.4300,24.3500,20813499,502099661.8300
2021-05-19,sh.603218,23.0100,23.2800,22.3600,23.2700,23.4300,18610051,424951394.5800
2021-05-20,sh.603218,23.7200,25.6000,23.7200,25.6000,23.2700,45469447,1132861618.1900
2021-05-21,sh.603218,25.0000,26.1000,24.8000,25.2100,25.6000,22474833,572548472.7500
2021-05-24,sh.603218,25.4000,26.9800,24.2100,26.7600,25.2100,21908557,563921480.6800
2021-05-25,sh.603218,26.7600,26.7600,25.9700,26.2200,26.7600,16735044,440399053.9200
2021-05-26,sh.603218,26.0000,26.2900,25.3300,25.5700,26.2200,13072050,336823608.9700
2021-05-27,sh.603218,25.4800,26.5000,25.2000,26.5000,25.5700,28852206,749232901.1500
2021-05-28,sh.603218,26.2500,26.2500,25.6800,25.9200,26.5000,19517341,505959798.9900
2021-05-31,sh.603218,25.9200,27.4800,25.7300,27.2500,25.9200,25498648,685164484.0000
2021-06-01,sh.603218,27.2400,28.1800,26.9000,27.3100,27.2500,22651938,624508847.6300
2021-06-02,sh.603218,27.3000,27.7800,27.0300,27.1300,27.3100,10502968,287490640.1800
2021-06-03,sh.603218,27.1100,27.1200,25.8000,26.4300,27.1300,16191876,427525988.6500
2021-06-04,sh.603218,26.3100,26.4300,24.9300,25.5700,26.4300,20644687,524576626.1900
2021-06-07,sh.603218,25.3000,25.4600,24.3300,25.3500,25.5700,23210057,575225621.3400
2021-06-08,sh.603218,25.4000,25.8400,24.7300,25.1000,25.3500,11400254,287427953.7600
2021-06-09,sh.603218,25.0600,26.3800,24.8500,26.1100,25.1000,16227402,421272079.4500
2021-06-10,sh.603218,26.5000,27.3000,25.6300,26.7000,26.1100,24524451,657169917.7300
2021-06-11,sh.603218,26.9500,27.7400,26.1200,26.9700,26.7000,20773009,561620758.8900
2021-06-15,sh.603218,27.0200,28.1500,27.0200,27.5600,26.9700,16844645,466307522.6300
2021-06-16,sh.603218,27.4200,27.9000,26.1800,26.5500,27.5600,20821742,563174429.9000
2021-06-17,sh.603218,26.5500,27.0500,25.8600,26.9200,26.5500,11773384,311736724.5200
2021-06-18,sh.603218,26.6700,28.0500,26.4500,28.0500,26.9200,16989546,467016935.1800
2021-06-21,sh.603218,28.0000,29.1400,27.3500,28.8100,28.0500,17642906,503214566.9300
2021-06-22,sh.603218,29.0000,29.2000,28.2000,28.3300,28.8100,15221001,436042894.4900
2021-06-23,sh.603218,28.3200,28.4700,27.7900,27.9900,28.3300,11036956,309290530.7100
2021-06-24,sh.603218,27.9700,28.9600,27.9100,28.9300,27.9900,15933178,456984674.7100
2021-06-25,sh.603218,29.0000,29.3400,28.0400,28.2300,28.9300,15850475,450010209.2300
2021-06-28,sh.603218,28.2400,28.6500,27.7200,28.0000,28.2300,15639567,440484064.1300
2021-06-29,sh.603218,27.9500,28.1800,26.7400,26.8500,28.0000,14627906,396924253.2200
2021-06-30,sh.603218,26.8100,27.5500,26.5000,27.0800,26.8500,10510215,283197744.3200
2021-07-01,sh.603218,27.0000,27.0700,26.0100,26.1100,27.0800,8834870,232877326.9700
2021-07-02,sh.603218,25.9500,26.0500,24.7200,24.9100,26.1100,11762033,297221501.3100
2021-07-05,sh.603218,24.9200,25.1800,24.6200,24.7900,24.9100,7557483,187850691.2500
2021-07-06,sh.603218,24.8000,25.6600,24.2500,25.5400,24.7900,10009365,251212550.8200
2021-07-07,sh.603218,25.2000,25.4300,24.6500,24.7200,25.5400,16454138,411216264.5200
2021-07-08,sh.603218,24.7900,27.1400,24.7800,26.7100,24.7200,24806087,654568603.0000
2021-07-09,sh.603218,26.8600,28.7800,26.2100,28.4100,26.7100,22631414,624156067.5300
2021-07-12,sh.603218,28.3700,28.7900,27.6800,28.3600,28.0900,23680824,674339283.3800
2021-07-13,sh.603218,28.2800,29.0600,27.8100,28.9400,28.3600,17445677,496710947.2100
2021-07-14,sh.603218,28.9700,29.2000,28.1600,28.6000,28.9400,17341494,495596279.1400
2021-07-15,sh.603218,28.5200,28.9800,27.5000,28.4300,28.6000,18289651,512516172.8400
2021-07-16,sh.603218,28.1100,28.1300,27.0000,27.0200,28.4300,14666203,402469598.0600
2021-07-19,sh.603218,26.8700,27.8800,26.2600,26.4900,27.0200,15081767,405874995.4800
2021-07-20,sh.603218,26.2900,26.5700,25.3900,26.0000,26.4900,11785540,304462912.8700
2021-07-21,sh.603218,26.2300,27.1800,25.9400,26.3700,26.0000,16403031,435390166.8000
2021-07-22,sh.603218,26.3000,26.9000,25.9500,26.5800,26.3700,14994507,396176796.4600
2021-07-23,sh.603218,26.5800,28.3600,26.2900,27.9000,26.5800,25177459,688395676.4100
2021-07-26,sh.603218,28.3000,28.3000,26.7000,27.0200,27.9000,21627799,593288035.3300
2021-07-27,sh.603218,27.8700,29.7200,27.8700,29.7200,27.0200,41473854,1226225409.6000
2021-07-28,sh.603218,29.5300,30.4800,26.7500,30.0400,29.7200,55518484,1621405460.8800
2021-07-29,sh.603218,30.2000,33.0400,30.2000,33.0400,30.0400,45314979,1471999385.3600
2021-07-30,sh.603218,34.0000,36.0500,33.0400,34.8000,33.0400,49594133,1723397860.3200
2021-08-02,sh.603218,34.9600,36.9600,34.0600,35.6000,34.8000,39104725,1381824560.3700
2021-08-03,sh.603218,35.8400,36.8000,33.2900,33.6600,35.6000,30134201,1044234669.8100
2021-08-04,sh.603218,34.3800,36.6600,33.8600,36.1200,33.6600,29592442,1035846437.9200
2021-08-05,sh.603218,36.1500,37.8800,35.4000,36.3800,36.1200,23218846,846002732.5500
2021-08-06,sh.603218,35.3700,36.3400,34.0800,34.7000,36.3800,27228001,949101206.6800
2021-08-09,sh.603218,34.5000,34.5900,33.2500,33.6500,34.7000,19801170,668515609.4800
2021-08-10,sh.603218,33.5500,34.6500,32.9100,33.9000,33.6500,19750631,666979021.6600
2021-08-11,sh.603218,33.7500,33.7500,32.0600,32.8900,33.9000,23386704,767082549.5300
2021-08-12,sh.603218,32.9000,33.4700,32.0000,33.2900,32.8900,19041914,628230278.2900
2021-08-13,sh.603218,33.0000,34.7500,32.5300,33.7000,33.2900,23616813,802818576.8300
2021-08-16,sh.603218,33.8200,34.6800,32.8800,34.0400,33.7000,18548682,626806034.6900
2021-08-17,sh.603218,33.7000,34.7500,32.6200,32.9700,34.0400,18584230,629239835.9500
2021-08-18,sh.603218,32.4900,33.7000,31.3900,32.0300,32.9700,16977866,550501457.1100
2021-08-19,sh.603218,31.9300,34.2800,31.5100,34.0000,32.0300,16534453,544829627.0600
2021-08-20,sh.603218,34.0000,35.3600,33.5800,35.2900,34.0000,25819860,898937918.8600
2021-08-23,sh.603218,35.9900,38.8200,34.5000,37.8100,35.2900,30413634,1143674594.6300
2021-08-24,sh.603218,35.5000,37.5000,34.2500,37.0100,37.8100,40109702,1446867616.5600
2021-08-25,sh.603218,36.8300,37.6000,36.0500,36.8400,37.0100,16062360,589096424.0800
2021-08-26,sh.603218,36.0000,37.3500,35.0900,37.3500,36.8400,21170445,767877243.6000
2021-08-27,sh.603218,36.9600,37.0000,33.6200,33.6200,37.3500,27337620,957533792.3400
2021-08-30,sh.603218,32.9800,34.3200,30.2600,33.2200,33.6200,31802797,1030233335.1000
2021-08-31,sh.603218,33.2200,33.2200,30.8000,31.4800,33.2200,22504137,707416052.9700
2021-09-01,sh.603218,30.9000,31.3100,28.3300,28.9000,31.4800,29804933,875958098.3400
2021-09-02,sh.603218,28.7400,31.7900,28.5300,31.7900,28.9000,24354877,753963290.6000
2021-09-03,sh.603218,33.4000,34.9700,33.0000,34.5000,31.7900,60176534,2063548323.5300
2021-09-06,sh.603218,34.4900,35.7500,32.0000,34.0300,34.5000,52539815,1788220597.3100
2021-09-07,sh.603218,34.4000,35.3900,33.1500,34.2500,34.0300,24359133,835147542.5500
2021-09-08,sh.603218,34.1000,35.1100,33.5800,33.7000,34.2500,20278976,693588980.5500
2021-09-09,sh.603218,33.3000,33.6000,31.2800,31.6100,33.7000,24197465,773767206.4300
2021-09-10,sh.603218,32.0300,32.1400,30.4000,31.1100,31.6100,19375705,602801929.6600
2021-09-13,sh.603218,31.9800,32.9000,31.1100,32.4000,31.1100,18464420,590540992.0800
2021-09-14,sh.603218,32.0000,33.6000,31.3100,32.8700,32.4000,18432468,600416927.8400
2021-09-15,sh.603218,32.0300,36.1600,31.6700,36.1600,32.8700,38762512,1355894482.8800
2021-09-16,sh.603218,36.0100,37.7300,35.7900,36.6800,36.1600,36233593,1336263690.8500
2021-09-17,sh.603218,36.6800,40.2000,35.8300,38.3600,36.6800,33812882,1296185595.8400
2021-09-22,sh.603218,38.7800,39.6800,37.0000,38.9000,38.3600,29876666,1148485369.6600
2021-09-23,sh.603218,38.6800,38.6800,36.5000,37.8000,38.9000,24308716,919814522.7900
2021-09-24,sh.603218,37.4200,38.5000,36.2000,36.9000,37.8000,12884250,480485106.9900
2021-09-27,sh.603218,37.9100,38.0000,35.7000,36.3600,36.9000,19223770,709333512.5600
2021-09-28,sh.603218,36.9300,37.2200,34.9000,35.1900,36.3600,16004007,576274195.7300
2021-09-29,sh.603218,34.9700,35.5900,33.4300,34.1800,35.1900,12002486,414593935.6200
2021-09-30,sh.603218,34.3700,34.9100,33.0000,34.6000,34.1800,14140817,483398356.7500
2021-10-08,sh.603218,35.3500,35.4300,31.7000,32.4000,34.6000,22256847,731144684.4300
2021-10-11,sh.603218,32.5000,32.8000,31.0600,32.0800,32.4000,12197180,388887089.3700
2021-10-12,sh.603218,32.2200,33.2200,31.8000,32.7000,32.0800,13133451,425850264.1100
2021-10-13,sh.603218,32.9000,35.1800,32.1600,34.9700,32.7000,16494261,559169112.7800
2021-10-14,sh.603218,34.2200,36.7800,34.0000,35.3500,34.9700,15958530,567268658.0200
2021-10-15,sh.603218,35.0800,35.2500,33.2500,34.2800,35.3500,14278141,488308579.9500
2021-10-18,sh.603218,34.9700,37.7000,34.5200,36.7800,34.2800,19652659,705918284.7500
2021-10-19,sh.603218,36.5900,37.6100,35.5800,36.2100,36.7800,16873521,612776481.8700
2021-10-20,sh.603218,36.2100,37.2500,35.7000,36.8900,36.2100,14895784,548880535.1500
2021-10-21,sh.603218,36.4300,36.7000,35.0100,35.1000,36.8900,14489510,517680314.8400
2021-10-22,sh.603218,35.5000,36.0300,34.3700,35.0400,35.1000,10132670,358187540.7900
2021-10-25,sh.603218,35.0900,38.5400,35.0900,38.5400,35.0400,20447796,776026752.7400
2021-10-26,sh.603218,37.5100,38.7500,35.2900,36.0200,38.5400,47241780,1743807331.7300
2021-10-27,sh.603218,35.5300,39.6200,35.4000,39.6200,36.0200,38170363,1461883169.2600
2021-10-28,sh.603218,39.8700,42.0000,38.7300,39.5500,39.6200,38782087,1551049622.8000
2021-10-29,sh.603218,39.8900,39.9000,37.1500,38.9100,39.5500,22331700,860720976.0300
2021-11-01,sh.603218,39.2400,41.0200,38.7000,38.8700,38.9100,22226520,883284666.3300
2021-11-02,sh.603218,38.4800,40.4300,37.7300,40.3000,38.8700,18802708,740553634.7800
2021-11-03,sh.603218,39.0000,40.1400,37.4100,38.1200,40.3000,19919335,766806779.6800
2021-11-04,sh.603218,38.9400,41.9000,38.6000,41.2100,38.1200,25582593,1044725483.1700
2021-11-05,sh.603218,41.2100,42.5000,40.0900,40.3300,41.2100,24782584,1022238544.3900
2021-11-08,sh.603218,41.0000,43.0000,39.5000,40.8000,40.3300,22166140,913616551.9800
2021-11-09,sh.603218,42.0000,42.8400,38.7800,40.4000,40.8000,17221789,689884849.0000
2021-11-10,sh.603218,39.8500,40.1000,37.0000,38.8700,40.4000,18725582,721151428.3000
2021-11-11,sh.603218,38.6000,39.1900,37.4500,37.7600,38.8700,14221693,541708445.6700
2021-11-12,sh.603218,37.6600,38.6100,37.3600,38.0600,37.7600,12230076,464803046.4100
2021-11-15,sh.603218,38.0100,38.4900,36.4100,36.5800,38.0600,14489015,542191930.2000
2021-11-16,sh.603218,36.5100,37.3400,35.7000,36.9900,36.5800,18911541,690630100.2500
2021-11-17,sh.603218,36.7700,39.1700,36.6400,38.6700,36.9900,23160186,888300424.8500
2021-11-18,sh.603218,38.3200,39.2800,37.7000,38.1200,38.6700,15747825,605002273.2900
2021-11-19,sh.603218,38.0000,39.5200,37.0000,39.3000,38.1200,15184428,583683547.2500
2021-11-22,sh.603218,39.3500,39.8000,38.5600,39.3000,39.3000,14484799,565520751.8200
2021-11-23,sh.603218,39.3000,39.3200,36.9100,37.3500,39.3000,14964040,567416181.2800
2021-11-24,sh.603218,37.0000,37.2700,34.9000,35.1000,37.3500,19219177,688280928.9500
2021-11-25,sh.603218,35.0800,35.7200,34.2000,35.2500,35.1000,14041138,492659070.7800
2021-11-26,sh.603218,35.2000,36.4200,34.8800,36.0800,35.2500,12825079,457804730.6800
2021-11-29,sh.603218,35.1900,36.6000,35.0000,36.3900,36.0800,8974378,324373096.8300
2021-11-30,sh.603218,36.3000,37.1700,35.2600,36.4100,36.3900,11980621,435895806.5700
2021-12-01,sh.603218,36.9700,36.9700,34.5100,35.2800,36.4100,14075608,496461743.0600
2021-12-02,sh.603218,35.0000,35.2600,33.7300,33.9100,35.2800,16379594,560771890.5100
2021-12-03,sh.603218,33.9100,34.0100,33.1600,33.9200,33.9100,11920851,400492838.0200
2021-12-06,sh.603218,34.1700,35.1200,33.9700,33.9900,33.9200,13419248,462992385.7600
2021-12-07,sh.603218,34.0200,34.1500,32.6700,33.7000,33.9900,12843440,426534420.7800
2021-12-08,sh.603218,33.6900,34.3700,33.5900,34.1900,33.7000,9920063,338347527.9600
2021-12-09,sh.603218,34.0200,34.6900,33.6900,34.5500,34.1900,10552984,361647452.1700
2021-12-10,sh.603218,34.5000,34.5000,33.7000,33.8000,34.5500,12721524,432560312.0900
2021-12-13,sh.603218,33.9600,35.5500,33.9600,34.7900,33.8000,15808606,548275342.7500
2021-12-14,sh.603218,34.9400,37.2600,34.8200,36.1000,34.7900,20186290,731150870.6700
2021-12-15,sh.603218,36.1000,36.3900,35.2600,35.5900,36.1000,9984169,356634821.7800
2021-12-16,sh.603218,35.5900,36.7800,35.1000,36.2800,35.5900,12420498,450272916.2100
2021-12-17,sh.603218,36.2300,36.5000,34.8100,34.8800,36.2800,9397814,333838454.2400
2021-12-20,sh.603218,34.3000,34.5200,33.1000,33.3000,34.8800,9337617,314635445.6400
2021-12-21,sh.603218,33.2900,33.6000,32.0500,32.9600,33.3000,12872806,421334424.6200
2021-12-22,sh.603218,32.8900,33.4400,32.5700,32.8000,32.9600,6789140,222874911.5500
2021-12-23,sh.603218,32.8100,33.6000,32.5000,33.2800,32.8000,8943823,295643066.1500
2021-12-24,sh.603218,33.2400,33.2400,31.3500,31.4700,33.2800,9830120,315561379.3900
2021-12-27,sh.603218,31.5000,32.5000,31.0000,31.2800,31.4700,8055863,255859014.6700
2021-12-28,sh.603218,31.2800,31.7400,31.0600,31.6200,31.2800,11094460,348900308.6100
2021-12-29,sh.603218,31.6000,31.8200,31.1000,31.5600,31.6200,9583335,301865205.2800
2021-12-30,sh.603218,31.5200,32.4000,31.5200,31.6800,31.5600,10226714,326321025.5600
2021-12-31,sh.603218,31.9500,33.8000,31.9500,32.9500,31.6800,14325197,471913185.5500
2022-01-04,sh.603218,33.1100,33.7000,31.3000,31.6200,32.9500,15483321,497208703.1300
2022-01-05,sh.603218,31.6000,31.6300,29.7900,30.1000,31.6200,17542998,532357893.9800
2022-01-06,sh.603218,29.8800,31.2900,29.7200,30.7800,30.1000,10773323,330000861.2000
2022-01-07,sh.603218,30.7000,31.1900,30.0000,30.1300,30.7800,8453433,257063872.7900
2022-01-10,sh.603218,30.1400,30.1700,28.8500,28.9700,30.1300,11202088,327587216.1300
2022-01-11,sh.603218,29.0900,29.2700,27.9000,28.1100,28.9700,12724397,360289701.3600
2022-01-12,sh.603218,28.3000,28.7200,27.7200,28.6500,28.1100,11783583,332535610.6800
2022-01-13,sh.603218,28.2000,28.5500,27.7700,27.8300,28.6500,10126504,284055790.8700
2022-01-14,sh.603218,27.7100,28.3500,27.7100,28.1600,27.8300,7673161,215612017.4400
2022-01-17,sh.603218,28.0400,28.4400,27.4800,27.7900,28.1600,14875375,414165522.3900
2022-01-18,sh.603218,27.9800,28.0200,27.5100,27.7200,27.7900,7395510,205221396.0400
2022-01-19,sh.603218,27.7200,27.7200,26.7100,26.9400,27.7200,11642855,314857038.2300
2022-01-20,sh.603218,26.9000,27.2000,26.4100,26.5300,26.9400,9414240,251315552.0700
2022-01-21,sh.603218,26.6800,26.7800,26.1000,26.5500,26.5300,9226068,244471218.5800
2022-01-24,sh.603218,26.2700,27.1200,26.2000,26.9900,26.5500,9068111,243132256.4100
2022-01-25,sh.603218,26.8500,27.1900,25.9800,25.9800,26.9900,7334910,194975469.0300
2022-01-26,sh.603218,26.0200,27.1900,26.0200,26.8900,25.9800,12634955,338540650.1200
2022-01-27,sh.603218,26.8100,27.6000,26.4100,26.4800,26.8900,10405882,279962787.8800
2022-01-28,sh.603218,26.9500,28.7600,26.2100,27.8700,26.4800,18974551,525403045.7800
2022-02-07,sh.603218,28.5100,28.7400,27.4000,27.8900,27.8700,9870142,274618734.8400
2022-02-08,sh.603218,27.9000,28.3800,26.2000,27.1000,27.8900,14331492,386173001.2900
2022-02-09,sh.603218,26.9500,27.1300,26.2500,27.0700,27.1000,12928243,345608488.2200
2022-02-10,sh.603218,26.8100,28.5300,26.5000,26.7400,27.0700,21139211,581767472.6500
2022-02-11,sh.603218,26.8000,26.9000,24.9700,24.9700,26.7400,25530814,654934085.6800
2022-02-14,sh.603218,24.5500,25.0900,24.0300,24.3600,24.9700,18613995,454081300.6000
2022-02-15,sh.603218,24.2800,25.6600,23.8300,25.5000,24.3600,24279611,599957036.1100
2022-02-16,sh.603218,25.5000,26.2700,25.2000,25.8600,25.5000,15360214,395774901.8700
2022-02-17,sh.603218,26.0200,26.5200,25.6600,26.3400,25.8600,15002946,392692781.3900
2022-02-18,sh.603218,26.0600,26.3300,25.8500,26.1800,26.3400,13284534,346070749.9400
2022-02-21,sh.603218,26.2500,26.7000,25.5600,25.7200,26.1800,10360651,267842387.5000
2022-02-22,sh.603218,25.4500,25.7200,25.0600,25.4900,25.7200,9515876,241093783.3400
2022-02-23,sh.603218,25.3400,27.9900,25.3400,27.4000,25.4900,24505588,661733381.6900
2022-02-24,sh.603218,27.3400,28.2900,26.5800,27.0200,27.4000,20315504,561120311.6300
2022-02-25,sh.603218,27.4300,27.7900,26.9300,27.0100,27.0200,10420454,283680641.4000
2022-02-28,sh.603218,27.0500,27.6600,26.5700,27.4000,27.0100,19488183,529787840.0000
2022-03-01,sh.603218,27.6500,28.3700,27.3000,27.6900,27.4000,21339445,594102736.0000
2022-03-02,sh.603218,27.6000,28.2000,26.9500,27.8700,27.6900,15924955,440120112.0000
2022-03-03,sh.603218,27.9900,28.1300,27.5600,27.6000,27.8700,10922615,303937328.0000
2022-03-04,sh.603218,27.4000,29.2000,27.2100,28.5100,27.6000,19157136,545304256.0000
2022-03-07,sh.603218,28.1900,28.4500,27.1000,27.8000,28.5100,13009366,362535776.0000
2022-03-08,sh.603218,27.7500,28.3600,26.8900,27.3400,27.8000,11737017,323155376.0000
2022-03-09,sh.603218,27.4100,28.2700,26.6400,27.8900,27.3400,14885651,410916816.0000
2022-03-10,sh.603218,28.4000,30.0000,28.0100,29.7800,27.8900,22425530,656214176.0000
2022-03-11,sh.603218,29.2000,29.5400,28.5000,29.2500,29.7800,12206426,354562336.0000
2022-03-14,sh.603218,28.9300,29.0900,27.6800,27.7000,29.2500,8750990,246943162.0000
2022-03-15,sh.603218,27.3900,27.5500,26.2800,26.2800,27.7000,11178264,300002032.0000
2022-03-16,sh.603218,26.8000,28.1000,25.2000,27.8900,26.2800,19600599,523869280.0000
2022-03-17,sh.603218,28.1000,28.4400,26.6900,27.2900,27.8900,18664967,510136768.0000
2022-03-18,sh.603218,26.7800,27.1600,26.4400,26.8800,27.2900,8941138,239729738.6100
2022-03-21,sh.603218,26.6000,26.9700,26.0300,26.1800,26.8800,11117654,292716322.1800
2022-03-22,sh.603218,26.1000,26.1900,25.4900,25.5600,26.1800,10229567,262822673.9900
2022-03-23,sh.603218,25.9000,26.7000,25.6400,25.8000,25.5600,15384575,402760231.3200
2022-03-24,sh.603218,25.5000,25.5000,24.5000,24.8500,25.8000,13978718,346436861.3600
2022-03-25,sh.603218,24.8600,24.8600,22.5000,22.7300,24.8500,25350861,593601349.8100
2022-03-28,sh.603218,22.4100,22.4800,21.8800,22.1100,22.7300,10371879,229924469.5300
2022-03-29,sh.603218,22.1100,22.3700,21.2600,21.3800,22.1100,13633564,295602083.9800
2022-03-30,sh.603218,21.5900,21.9700,21.3800,21.8400,21.3800,14365330,311388628.8400
2022-03-31,sh.603218,21.5300,21.6400,20.6700,20.7000,21.8400,17021575,356824189.0700
2022-04-01,sh.603218,20.4500,20.9800,20.3100,20.9100,20.7000,11076574,229941263.1500
2022-04-06,sh.603218,21.0000,21.0700,20.5300,20.8500,20.9100,8214120,170850957.5900
2022-04-07,sh.603218,20.8500,20.9900,20.1300,20.1600,20.8500,11452587,234676276.2500
2022-04-08,sh.603218,20.3500,20.9500,20.1800,20.5300,20.1600,13265957,272599315.9500
2022-04-11,sh.603218,20.4100,20.6400,19.6000,19.8100,20.5300,10523921,210223844.6700
2022-04-12,sh.603218,19.6800,20.0800,19.2800,19.9300,19.8100,7252831,142768466.5000
2022-04-13,sh.603218,19.8200,19.9700,19.3500,19.5300,19.9300,6519964,128210038.8600
2022-04-14,sh.603218,19.6400,19.8200,19.4200,19.4700,19.5300,5661428,110713219.5400
2022-04-15,sh.603218,19.3600,19.5000,18.8400,19.4200,19.4700,7003951,134167160.8100
2022-04-18,sh.603218,19.2000,19.5500,18.7600,19.5000,19.4200,5027259,96811618.8000
2022-04-19,sh.603218,19.5000,20.2000,18.9600,19.0800,19.5000,10473549,203678668.3500
2022-04-20,sh.603218,18.8800,19.3900,18.4400,18.5800,19.0800,9291554,174625543.8900
2022-04-21,sh.603218,18.4600,18.6700,17.8000,17.9200,18.5800,11794956,214465792.5100
2022-04-22,sh.603218,17.5100,18.2800,17.5100,17.9600,17.9200,11868016,213589622.5900
2022-04-25,sh.603218,17.6100,17.6800,16.5000,16.8000,17.9600,13122899,223268227.3800
2022-04-26,sh.603218,16.6200,16.7900,15.4800,15.5600,16.8000,11642798,187505578.0300
2022-04-27,sh.603218,14.7100,16.1400,14.6600,15.8300,15.5600,22044815,341965505.3400
2022-04-28,sh.603218,15.6700,15.9500,15.0300,15.6000,15.8300,16485884,255536749.1700
2022-04-29,sh.603218,15.5800,16.4600,15.3900,16.3200,15.6000,15523352,249645326.0200
2022-05-05,sh.603218,16.3800,16.7200,16.1800,16.4600,16.3200,11101026,182730292.9100
2022-05-06,sh.603218,16.2000,16.3700,15.9800,16.1400,16.4600,6031032,97534003.4400
2022-05-09,sh.603218,16.2200,16.6500,16.1200,16.2100,16.1400,6100290,99477359.0200
2022-05-10,sh.603218,16.1200,17.8300,15.9400,17.2400,16.2100,34260456,590828076.2100
2022-05-11,sh.603218,17.3000,18.0000,17.0100,17.2800,17.2400,30488408,535709373.6600
2022-05-12,sh.603218,17.2600,17.6600,17.1100,17.2800,17.2800,10635511,184098760.9100
2022-05-13,sh.603218,17.4800,17.6800,17.2300,17.4600,17.2800,9132121,159227737.3200
2022-05-16,sh.603218,17.5300,17.9500,17.2000,17.2900,17.4600,10185716,177905105.3100
2022-05-17,sh.603218,17.3400,17.8200,17.2000,17.7500,17.2900,12312269,216626919.1100
2022-05-18,sh.603218,17.8000,18.8600,17.6100,18.6500,17.7500,18326924,337024553.3300
2022-05-19,sh.603218,18.4100,20.5200,18.3600,20.1000,18.6500,33245094,652779899.7800
2022-05-20,sh.603218,20.3400,20.4300,19.6600,19.8900,20.1000,23365576,465060097.2000
2022-05-23,sh.603218,19.8100,19.8100,19.2800,19.7200,19.8900,13175795,257247497.8600
2022-05-24,sh.603218,20.5000,21.6900,20.2100,20.4000,19.7200,42424623,890222627.0100
2022-05-25,sh.603218,20.0500,20.9300,19.7000,20.7300,20.4000,28583860,578427712.0600
2022-05-26,sh.603218,20.5500,22.0700,20.4600,21.4000,20.7300,31126788,666666991.6200
2022-05-27,sh.603218,21.3500,21.9500,20.6000,20.8500,21.4000,15963672,336792516.7200
2022-05-30,sh.603218,20.8500,21.1200,20.0600,20.6800,20.8500,17155029,352073174.9500
2022-05-31,sh.603218,21.1500,21.6000,20.3600,21.4300,20.6800,23895318,503891194.3800
2022-06-01,sh.603218,21.2500,21.8400,20.8700,21.4400,21.4300,17972513,385050952.0000
2022-06-02,sh.603218,21.4000,23.3500,21.0200,23.0100,21.4400,26236886,595987673.0200
2022-06-06,sh.603218,22.9500,24.0300,22.7000,23.9000,23.0100,24765924,581075076.2400
2022-06-07,sh.603218,23.5800,23.9700,22.8800,23.0500,23.9000,16841905,391983545.3300
2022-06-08,sh.603218,23.0200,23.2800,22.1200,22.6500,23.0500,13806373,312324573.2000
2022-06-09,sh.603218,22.6600,22.8400,21.4400,21.6800,22.6500,18104669,397109017.3400
2022-06-10,sh.603218,21.5000,22.4500,21.3300,22.2200,21.6800,17049402,375556103.1500
2022-06-13,sh.603218,22.6000,23.1800,22.4400,22.9000,22.2200,16477015,375462986.6000
2022-06-14,sh.603218,22.7000,22.8400,21.8200,22.7500,22.9000,12149365,271791560.3400
2022-06-15,sh.603218,22.7000,22.9800,21.8600,22.3900,22.7500,14786475,330347349.6900
2022-06-16,sh.603218,22.2600,23.5000,22.1700,23.0600,22.3900,17694957,407365829.8700
2022-06-17,sh.603218,22.9700,25.3700,22.8000,25.3700,23.0600,34525110,862109717.6700
2022-06-20,sh.603218,27.0100,27.9100,26.3900,26.6500,25.3700,52139157,1428042792.4600
2022-06-21,sh.603218,26.1300,27.1400,25.3000,26.4500,26.6500,23318765,613854639.5900
2022-06-22,sh.603218,26.4600,26.6800,25.4900,25.6000,26.4500,17817105,464136176.3200
2022-06-23,sh.603218,25.7000,26.2000,25.0500,26.1000,25.6000,17197638,443153832.9400
2022-06-24,sh.603218,26.1000,27.6400,26.0900,27.5300,26.1000,18918238,515071622.6100
2022-06-27,sh.603218,27.6000,27.7000,25.6800,26.1600,27.5300,29215581,769644116.3700
2022-06-28,sh.603218,26.1300,26.1500,25.0000,25.8500,26.1600,20863257,535138658.0500
2022-06-29,sh.603218,25.6700,25.7000,24.3700,24.5200,25.8500,21541658,534648850.1200
2022-06-30,sh.603218,24.5200,25.7800,24.4100,25.4000,24.5200,19159818,481923376.7700
2022-07-01,sh.603218,25.4800,26.0900,24.9000,25.0000,25.4000,10687855,270516710.6000
2022-07-04,sh.603218,25.0000,25.6100,24.6500,25.1500,25.0000,16233558,407723145.6500
2022-07-05,sh.603218,25.1600,25.5400,24.6100,25.2200,25.1500,11787325,293844205.3600
2022-07-06,sh.603218,25.6000,26.9900,25.4400,25.8300,25.2200,22526535,590517053.6400
2022-07-07,sh.603218,25.4000,26.7000,24.9600,26.1300,25.8300,17196850,445731832.6600
2022-07-08,sh.603218,26.5100,26.5100,25.3100,25.5100,26.1300,12756254,327254425.9400
2022-07-11,sh.603218,25.4700,26.3300,25.0000,25.4900,25.5100,15360193,394887539.9200
2022-07-12,sh.603218,24.2200,27.9200,24.1200,26.9700,25.4900,43569299,1171458607.6900
2022-07-13,sh.603218,26.9900,29.1800,26.7800,28.4500,26.9700,39039443,1101998105.3500
2022-07-14,sh.603218,28.5500,29.2000,28.0000,28.4000,28.4500,21041714,600499298.8400
2022-07-15,sh.603218,28.7100,30.1800,28.4000,29.2400,28.4000,28135526,829000212.5800
2022-07-18,sh.603218,29.4500,29.8100,27.9000,29.3500,29.2400,19196079,553240011.9300
2022-07-19,sh.603218,28.6000,28.7000,27.6200,27.7000,29.3500,18111770,508603105.9900
2022-07-20,sh.603218,27.6000,28.9600,27.4500,28.6100,27.7000,17065502,485036920.0000
2022-07-21,sh.603218,28.6800,28.6800,26.8500,27.0000,28.6100,17330652,474865459.7700
2022-07-22,sh.603218,27.1900,27.4700,25.9900,27.2700,27.0000,16826932,448214183.7500
2022-07-25,sh.603218,27.0000,27.0500,25.1000,25.3700,27.2700,22416341,575783758.2500
2022-07-26,sh.603218,25.3800,26.3000,25.1900,25.4300,25.3700,15943915,408236623.9100
2022-07-27,sh.603218,25.4400,25.8800,24.8200,25.8700,25.4300,12913319,327966178.1400
2022-07-28,sh.603218,26.1200,26.1700,25.0000,25.0700,25.8700,14612364,371509817.3400
2022-07-29,sh.603218,24.6800,25.7000,24.5100,25.0700,24.8200,13839031,348451234.2400
2022-08-01,sh.603218,24.9000,25.0000,23.8100,24.5000,25.0700,15858934,385628526.3400
2022-08-02,sh.603218,24.0000,24.2800,23.0800,23.4900,24.5000,15104473,356652029.2000
2022-08-03,sh.603218,23.5500,25.1300,23.5500,24.4700,23.4900,18026940,442061856.1000
2022-08-04,sh.603218,24.5600,24.8200,23.9100,24.4300,24.4700,12037052,293872852.0000
2022-08-05,sh.603218,24.4300,25.5500,24.3100,25.4700,24.4300,14152709,356649839.0000
2022-08-08,sh.603218,25.4800,27.2500,25.1600,26.5300,25.4700,19002029,505157654.0000
2022-08-09,sh.603218,26.3900,27.9800,26.1600,27.1200,26.5300,22066664,601151818.0000
2022-08-10,sh.603218,26.9800,27.4000,26.7100,27.0000,27.1200,12017602,324988605.0000
2022-08-11,sh.603218,27.2000,27.5000,26.6100,26.7000,27.0000,9460442,253481271.0000
2022-08-12,sh.603218,26.7000,26.9600,25.7400,25.9000,26.7000,11936756,310972010.0000
2022-08-15,sh.603218,25.6700,26.9400,25.5000,26.9000,25.9000,10925142,289750969.5600
2022-08-16,sh.603218,27.2500,29.5900,27.2500,28.8800,26.9000,42605116,1241710450.0500
2022-08-17,sh.603218,29.1800,29.2500,27.8800,28.4600,28.8800,22301671,634819714.0000
2022-08-18,sh.603218,28.5300,29.2000,28.2400,28.3200,28.4600,11898213,340835827.4300
2022-08-19,sh.603218,28.1600,28.6200,27.3900,27.8000,28.3200,12873154,357389170.6600
2022-08-22,sh.603218,27.6500,28.2400,26.3000,26.8800,27.8000,12569200,336897819.6700
2022-08-23,sh.603218,26.5000,27.3000,26.2400,26.6600,26.8800,11181507,299631506.6000
2022-08-24,sh.603218,26.4900,26.9800,25.8200,25.9800,26.6600,13604583,356951096.4800
2022-08-25,sh.603218,26.0000,26.7200,25.7000,26.0500,25.9800,13460032,351007111.0600
2022-08-26,sh.603218,26.2400,27.4800,26.0800,26.5500,26.0500,15569780,418705931.9600
2022-08-29,sh.603218,26.1200,27.2500,25.6900,27.0400,26.5500,11920395,319082048.4000
2022-08-30,sh.603218,27.1100,27.2000,25.7800,25.9700,27.0400,9581895,250662551.3500
2022-08-31,sh.603218,25.7700,26.0000,23.6800,23.7900,25.9700,14897072,361892484.3000
2022-09-01,sh.603218,23.8000,24.5800,23.8000,24.1000,23.7900,10265849,248849641.3800
2022-09-02,sh.603218,24.0600,24.2700,23.4200,23.9700,24.1000,6285318,149944418.6800
2022-09-05,sh.603218,23.9900,25.2300,23.9900,24.5000,23.9700,10234780,251698330.3600
2022-09-06,sh.603218,24.6800,24.9900,23.6800,24.3900,24.5000,12328760,297510475.3900
2022-09-07,sh.603218,24.1800,25.4800,24.0100,24.8500,24.3900,9589895,239049370.2800
2022-09-08,sh.603218,24.8500,25.1600,24.2800,24.3900,24.8500,5259600,129447653.6900
2022-09-09,sh.603218,24.4900,24.5900,23.7000,24.2500,24.3900,6206617,149576186.6400
2022-09-13,sh.603218,24.2400,24.3900,23.7200,23.9400,24.2500,5726366,137112972.6000
2022-09-14,sh.603218,23.6400,24.2200,23.4300,23.5100,23.9400,5044320,119354927.0200
2022-09-15,sh.603218,23.8300,23.8800,21.6300,22.1000,23.5100,13917522,310563035.7400
2022-09-16,sh.603218,22.0700,22.5500,21.7000,21.8600,22.1000,8290728,182341282.3300
2022-09-19,sh.603218,21.5900,23.0800,21.5500,22.2300,21.8600,9578408,215022733.7300
2022-09-20,sh.603218,22.4700,22.8000,22.2600,22.5600,22.2300,5945156,133836054.0200
2022-09-21,sh.603218,22.4900,22.6800,21.8700,22.5700,22.5600,5350096,119804901.6000
2022-09-22,sh.603218,22.2700,23.6000,22.0300,22.6200,22.5700,7210275,165104617.5400
2022-09-23,sh.603218,22.5000,22.8400,21.4100,22.4700,22.6200,11498105,253510673.1200
2022-09-26,sh.603218,22.2200,22.6500,21.7600,21.8700,22.4700,8438343,187379655.8800
2022-09-27,sh.603218,22.0400,22.9800,22.0400,22.6600,21.8700,10281617,232141069.4800
2022-09-28,sh.603218,22.7000,23.3200,21.6100,21.9600,22.6600,8260784,183338329.6200
2022-09-29,sh.603218,22.1700,22.1700,21.1500,21.7500,21.9600,7653155,165770552.3200
2022-09-30,sh.603218,21.5500,21.9000,20.7100,21.0000,21.7500,8359587,175740347.1400
2022-10-10,sh.603218,21.0000,21.2500,20.3300,20.4500,21.0000,6446242,133849605.0500
2022-10-11,sh.603218,20.7600,21.1100,20.3900,20.6100,20.4500,6139873,127286868.9000
2022-10-12,sh.603218,20.7000,22.0900,20.2000,21.9600,20.6100,11789593,249352696.3300
2022-10-13,sh.603218,21.7000,22.5100,21.6200,22.3600,21.9600,9015989,200757919.1200
2022-10-14,sh.603218,22.5300,23.2300,22.3100,23.0000,22.3600,10714098,244548242.2900
2022-10-17,sh.603218,23.0000,23.2300,22.6200,23.0600,23.0000,7927958,182354691.5900
2022-10-18,sh.603218,23.2000,23.7500,22.8800,23.3400,23.0600,9322733,217658531.0500
2022-10-19,sh.603218,23.2200,23.5500,22.5100,22.6000,23.3400,8396004,192781568.6900
2022-10-20,sh.603218,22.3800,22.5800,21.6100,22.1900,22.6000,7716611,170365023.4200
2022-10-21,sh.603218,22.1100,24.0800,22.1100,23.4000,22.1900,19069693,445481247.5500
2022-10-24,sh.603218,23.4000,23.9400,22.7500,22.9300,23.4000,15069435,350897953.8900
2022-10-25,sh.603218,22.7500,23.6300,22.4100,23.0100,22.9300,10888647,250572741.2200
2022-10-26,sh.603218,22.9200,22.9800,21.8200,22.1300,23.0100,16925611,376127580.7200
2022-10-27,sh.603218,22.4900,23.4400,22.2100,22.7600,22.1300,19222393,439051188.6800
2022-10-28,sh.603218,22.4000,23.4300,22.0800,22.6700,22.7600,14976446,342203422.6200
2022-10-31,sh.603218,22.7000,23.2700,21.8600,22.0900,22.6700,13011904,291591843.4400
2022-11-01,sh.603218,22.0900,22.6400,21.5100,22.2800,22.0900,10399997,229387843.6300
2022-11-02,sh.603218,22.4100,22.5200,21.7000,22.5200,22.2800,9648046,213786083.3200
2022-11-03,sh.603218,22.1600,23.5900,22.0200,22.8300,22.5200,14119991,325127304.7200
2022-11-04,sh.603218,22.8400,23.9800,22.8100,23.5800,22.8300,15942336,375856939.7600
2022-11-07,sh.603218,23.6000,23.6500,22.1700,22.2600,23.5800,20225481,455282579.9600
2022-11-08,sh.603218,22.1100,22.6700,21.7100,22.1200,22.2600,12102520,267485875.2200
2022-11-09,sh.603218,22.0800,22.0800,20.2800,20.6500,22.1200,27041460,565702230.3500
2022-11-10,sh.603218,20.4500,20.6200,19.8900,20.2400,20.6500,13901097,279623410.0600
2022-11-11,sh.603218,20.6500,20.7800,19.9000,20.3800,20.2400,19060915,388181033.1100
2022-11-14,sh.603218,20.2900,20.5700,19.9000,20.1300,20.3800,16643412,336098842.9800
2022-11-15,sh.603218,20.0900,20.5200,20.0200,20.4800,20.1300,11667610,236786686.6800
2022-11-16,sh.603218,20.5200,20.8000,20.2000,20.2400,20.4800,13625990,279549219.0400
2022-11-17,sh.603218,20.1800,20.2000,19.9500,20.1200,20.2400,7150732,143272135.4200
2022-11-18,sh.603218,20.1300,20.3200,19.8000,19.9400,20.1200,9293065,186364294.7200
2022-11-21,sh.603218,19.8800,20.2500,19.8800,20.2200,19.9400,9982034,200807617.9000
2022-11-22,sh.603218,20.2200,20.2600,19.4100,19.4900,20.2200,14208268,279509534.1300
2022-11-23,sh.603218,19.6000,19.8900,19.0400,19.8000,19.4900,12825807,249125472.8200
2022-11-24,sh.603218,19.6900,20.0200,19.5500,19.6000,19.8000,6200134,122424646.8300
2022-11-25,sh.603218,19.5000,19.6100,19.0600,19.1400,19.6000,7018105,134658334.4800
2022-11-28,sh.603218,18.8600,19.6800,18.8000,19.5800,19.1400,11021290,214081679.1400
2022-11-29,sh.603218,19.7700,19.8600,19.4200,19.5800,19.5800,7299941,143132179.0200
2022-11-30,sh.603218,19.5500,19.8300,19.5000,19.8100,19.5800,7173224,141218389.6200
2022-12-01,sh.603218,20.0200,20.2200,19.8100,19.8500,19.8100,7915348,158432381.8600
2022-12-02,sh.603218,19.8200,20.4000,19.7100,20.2500,19.8500,9201196,185948602.3500
2022-12-05,sh.603218,20.3000,20.3800,19.9000,20.0200,20.2500,7366791,147456815.7800
2022-12-06,sh.603218,19.9500,20.2700,19.8200,19.9900,20.0200,6204939,124302145.6100
2022-12-07,sh.603218,19.9300,20.1000,19.7800,20.0100,19.9900,7010827,139793359.7000
2022-12-08,sh.603218,19.9400,20.1600,19.7300,19.7800,20.0100,5868895,116741091.9800
2022-12-09,sh.603218,19.7800,19.9400,19.4000,19.4800,19.7800,9052078,177789601.0700
2022-12-12,sh.603218,19.5100,19.8100,19.2000,19.7000,19.4800,8835632,172679267.5900
2022-12-13,sh.603218,19.7000,19.8500,19.3500,19.5100,19.7000,6343014,123838665.1700
2022-12-14,sh.603218,19.5600,19.6200,19.1800,19.1800,19.5100,5186333,100413551.7900
2022-12-15,sh.603218,19.1700,19.6700,19.1200,19.5800,19.1800,5563387,108138184.6800
2022-12-16,sh.603218,19.6800,19.6800,18.9300,19.2000,19.5800,6429072,123347777.4000
2022-12-19,sh.603218,19.0100,19.3900,19.0000,19.1300,19.2000,4671326,89569942.2100
2022-12-20,sh.603218,19.1200,19.9600,18.9200,19.8400,19.1300,13018661,256480057.2000
2022-12-21,sh.603218,19.8000,20.3300,19.5700,19.9700,19.8400,12397168,247318164.1700
2022-12-22,sh.603218,20.0000,20.0500,18.6500,18.8300,19.9700,12459855,238792895.4900
2022-12-23,sh.603218,18.3200,18.9000,17.8500,18.6700,18.8300,7963846,146608517.9200
2022-12-26,sh.603218,18.8500,20.1600,18.5200,19.9400,18.6700,16317930,321894102.6200
2022-12-27,sh.603218,20.0000,20.6800,19.7500,20.5000,19.9400,16094665,327444350.4600
2022-12-28,sh.603218,20.4800,20.6200,20.2800,20.4400,20.5000,8407898,172193720.0700
2022-12-29,sh.603218,20.4000,20.5500,20.0000,20.0400,20.4400,6479799,130517348.1300
2022-12-30,sh.603218,20.1100,20.6000,19.8100,20.3000,20.0400,7831091,158904471.4300
2023-01-03,sh.603218,20.2900,21.0800,20.1500,20.9800,20.3000,11679674,242599480.4200
2023-01-04,sh.603218,20.9800,21.2900,20.8000,20.9300,20.9800,8358842,175832182.7200
2023-01-05,sh.603218,20.9300,21.2400,20.7200,20.9700,20.9300,7109479,149255660.1200
2023-01-06,sh.603218,20.9400,21.8800,20.8000,21.5100,20.9700,12117756,261183468.9000
2023-01-09,sh.603218,21.6000,22.1900,21.4200,21.9200,21.5100,11967732,262674361.8900
2023-01-10,sh.603218,22.0200,22.0600,21.5500,21.7100,21.9200,6382288,138839957.8600
2023-01-11,sh.603218,21.7600,21.9800,21.5600,21.6200,21.7100,6948460,151050282.2000
2023-01-12,sh.603218,21.7000,22.4400,21.6000,21.6700,21.6200,8824044,193552029.4000
2023-01-13,sh.603218,21.7600,21.7600,21.2600,21.5300,21.6700,6854733,147045162.7200
2023-01-16,sh.603218,21.6400,22.0400,21.4400,21.7500,21.5300,4906240,107110144.1100
2023-01-17,sh.603218,21.7200,21.9000,21.5500,21.6200,21.7500,4279249,92784633.7800
2023-01-18,sh.603218,21.6200,21.7500,21.4000,21.6700,21.6200,3495978,75475431.4300
2023-01-19,sh.603218,21.6700,21.7400,21.1900,21.3300,21.6700,6171340,131659910.8200
2023-01-20,sh.603218,21.4300,21.7900,21.3800,21.4700,21.3300,4360325,93826113.6400
2023-01-30,sh.603218,22.0800,22.0800,21.6900,21.8000,21.4700,5305242,115835003.1300
2023-01-31,sh.603218,22.2200,23.9800,21.9000,23.9800,21.8000,26300360,620750029.3500
2023-02-01,sh.603218,24.3600,24.4800,23.6000,24.3100,23.9800,24716828,596956899.5300
2023-02-02,sh.603218,24.4700,24.5000,24.1000,24.4000,24.3100,8041106,195709902.8300
2023-02-03,sh.603218,24.2800,24.3400,23.6800,24.0700,24.4000,7302444,174630284.0700
2023-02-06,sh.603218,24.0000,24.1500,23.6300,23.9900,24.0700,6429739,153552820.9000
2023-02-07,sh.603218,24.0000,24.0900,23.4100,23.5900,23.9900,7765511,183732695.4700
2023-02-08,sh.603218,23.6000,23.9700,23.3100,23.6600,23.5900,7301901,173129998.8600
2023-02-09,sh.603218,23.6600,24.0000,23.4100,23.8000,23.6600,6692807,158950395.4400
2023-02-10,sh.603218,23.8100,23.9500,23.0000,23.2400,23.8000,8439301,196798835.9800
2023-02-13,sh.603218,23.2400,23.8300,23.0500,23.7400,23.2400,11761188,278141209.9500
2023-02-14,sh.603218,23.8700,24.1300,23.6100,23.7600,23.7400,4576175,108798314.4100
2023-02-15,sh.603218,23.9900,24.1900,23.5300,23.7500,23.7600,5997068,142673125.8400
2023-02-16,sh.603218,23.9000,23.9300,23.1000,23.2900,23.7500,6274583,147549272.8600
2023-02-17,sh.603218,23.3500,23.6100,23.2100,23.2900,23.2900,4706047,110061753.6600
2023-02-20,sh.603218,23.3800,24.1100,23.1200,23.8100,23.2900,9625484,228810524.5800
2023-02-21,sh.603218,24.0500,24.1500,23.5600,23.9700,23.8100,6555657,156747433.8200
2023-02-22,sh.603218,23.8600,24.9500,23.8500,24.1000,23.9700,10791173,264120239.2400
2023-02-23,sh.603218,24.0000,24.7500,23.9100,24.3500,24.1000,8055007,196268033.3100
2023-02-24,sh.603218,24.3000,25.5300,24.0400,25.4500,24.3500,15540981,390116126.9400
2023-02-27,sh.603218,25.4500,25.4500,24.6100,25.0000,25.4500,10653146,265572174.1600
2023-02-28,sh.603218,24.7900,25.3500,24.7100,25.0900,25.0000,6704388,167915274.3700
2023-03-01,sh.603218,24.9500,25.1700,24.4100,24.5300,25.0900,6372787,157240151.3800
2023-03-02,sh.603218,24.6000,24.8800,24.0400,24.1800,24.5300,6632176,161570316.6300
2023-03-03,sh.603218,24.2900,24.5500,23.9100,24.0300,24.1800,4686477,113305009.6100
2023-03-06,sh.603218,24.0400,24.5300,23.5200,24.3900,24.0300,6722792,161705060.4700
2023-03-07,sh.603218,24.3100,24.3800,23.3800,23.4400,24.3900,6221554,147493428.5000
2023-03-08,sh.603218,23.3100,23.7800,23.1800,23.3100,23.4400,4880103,114029896.5200
2023-03-09,sh.603218,23.4300,23.6200,23.2900,23.4600,23.3100,2883093,67580122.4800
2023-03-10,sh.603218,23.2200,23.5400,22.8800,22.8900,23.4600,4582828,105500891.7800
2023-03-13,sh.603218,22.7100,23.4000,22.6800,22.8000,22.8900,6003692,137848938.4400
2023-03-14,sh.603218,22.8200,22.9900,22.1000,22.5000,22.8000,5640393,126597728.1700
2023-03-15,sh.603218,22.5400,23.5700,22.5400,22.8500,22.5000,7530466,174070824.6100
2023-03-16,sh.603218,22.7200,22.8500,21.8200,21.8500,22.8500,6991209,154745162.1200
2023-03-17,sh.603218,22.0300,22.2600,21.8800,21.9000,21.8500,4903944,108133389.3700
2023-03-20,sh.603218,21.9000,22.0600,21.4200,21.7500,21.9000,5826281,126451879.3600
2023-03-21,sh.603218,21.8200,22.2000,21.4900,21.9500,21.7500,5913133,128607168.1500
2023-03-22,sh.603218,22.0000,22.3600,21.8900,22.0200,21.9500,4261693,94286585.4800
2023-03-23,sh.603218,22.0000,22.0900,21.4600,21.7700,22.0200,4880063,105900396.5400
2023-03-24,sh.603218,21.8200,22.1000,21.6200,21.9700,21.7700,5689825,124570002.9100
2023-03-27,sh.603218,22.0200,23.0500,21.9600,22.6500,21.9700,8042075,181268572.3900
2023-03-28,sh.603218,22.7400,22.7400,22.0600,22.1300,22.6500,4357980,97389528.4800
2023-03-29,sh.603218,22.0900,22.5800,21.9700,22.0700,22.1300,6504058,144507900.8800
2023-03-30,sh.603218,22.0600,22.5200,21.8500,22.4800,22.0700,7523984,168022393.0100
2023-03-31,sh.603218,22.4500,22.9000,22.1200,22.2400,22.4800,6489286,145501157.7800
2023-04-03,sh.603218,22.1100,22.5700,22.0300,22.1800,22.2400,8765528,194947745.6700
2023-04-04,sh.603218,22.1100,22.3500,21.6600,21.8000,22.1800,8496301,186722950.8800
2023-04-06,sh.603218,21.8000,22.2700,21.2300,21.5400,21.8000,6438698,140097703.5100
2023-04-07,sh.603218,21.6000,21.9300,21.1200,21.2600,21.5400,8449309,180500888.5800
2023-04-10,sh.603218,21.2200,21.7800,21.2000,21.5200,21.2600,6164854,132894479.8900
2023-04-11,sh.603218,21.6600,21.6600,21.1600,21.3000,21.5200,4549748,96835410.3200
2023-04-12,sh.603218,21.3000,21.5400,20.9300,21.0300,21.3000,4432882,93662089.0700
2023-04-13,sh.603218,20.9000,21.3800,20.7000,20.7700,21.0300,6653589,139227820.0300
2023-04-14,sh.603218,20.5200,21.2700,20.5200,20.8700,20.7700,4810111,101112596.9200
2023-04-17,sh.603218,20.9200,21.6000,20.8000,21.2500,20.8700,6896251,146726078.7200
2023-04-18,sh.603218,21.2000,21.8600,21.2000,21.5700,21.2500,5817911,125663588.6400
2023-04-19,sh.603218,21.5000,21.7800,21.3700,21.4900,21.5700,3597329,77213297.6300
2023-04-20,sh.603218,21.3200,21.4800,20.8800,21.0100,21.4900,4911045,103263622.0700
2023-04-21,sh.603218,21.1000,21.4000,20.5000,20.5600,21.0100,4664416,97218944.2600
2023-04-24,sh.603218,20.4900,20.7200,20.2600,20.4000,20.5600,3284867,66990537.2900
2023-04-25,sh.603218,20.8500,22.2200,19.8500,20.4300,20.4000,23155301,487432897.3500
2023-04-26,sh.603218,20.5300,21.9000,20.3200,21.6000,20.4300,16576311,356036263.6900
2023-04-27,sh.603218,21.8000,22.6500,21.5700,22.2800,21.6000,15692563,348780669.8100
2023-04-28,sh.603218,22.1000,22.3000,21.3400,21.6700,22.2800,10171206,220626721.8100
2023-05-04,sh.603218,21.6500,22.6000,21.6500,22.0900,21.6700,11512855,255796138.0800
2023-05-05,sh.603218,22.0000,22.2700,21.2800,21.8000,22.0900,7782537,168971772.5700
2023-05-08,sh.603218,21.7800,22.5000,21.6200,21.8300,21.8000,8306619,182028429.0000
2023-05-09,sh.603218,21.8000,21.8300,20.9800,21.0300,21.8300,6185934,131639240.9600
2023-05-10,sh.603218,20.9400,21.9000,20.7100,21.6000,21.0300,7752201,166966553.2300
2023-05-11,sh.603218,21.7400,21.9600,21.3300,21.4500,21.6000,5305157,114117602.1500
2023-05-12,sh.603218,21.6000,22.2100,21.2500,21.6000,21.4500,8086600,175742195.6200
2023-05-15,sh.603218,21.5500,22.6000,21.4800,22.5700,21.6000,13209861,293297235.4800
2023-05-16,sh.603218,22.4900,23.5700,22.4900,23.1900,22.5700,13184292,305885330.8000
2023-05-17,sh.603218,23.5000,23.5800,22.7100,23.3500,23.1900,9942671,231115365.5700
2023-05-18,sh.603218,23.1600,23.4600,22.6800,22.9500,23.3500,10732451,245728568.4100
2023-05-19,sh.603218,22.9300,22.9400,22.4400,22.7300,22.9500,5673056,128538253.6200
2023-05-22,sh.603218,22.7200,23.2500,22.5000,23.1100,22.7300,6168051,142595973.0900
2023-05-23,sh.603218,23.1300,23.2500,22.8000,22.8200,23.1100,3673142,84278360.4900
2023-05-24,sh.603218,22.7600,23.1000,22.5500,22.8100,22.8200,4687632,107094120.2400
2023-05-25,sh.603218,22.4000,23.3000,22.3800,23.0200,22.8100,6622274,152224873.5800
2023-05-26,sh.603218,23.2900,23.2900,22.5000,22.9000,23.0200,5636792,128759749.6800
2023-05-29,sh.603218,23.1000,23.1000,22.0500,22.1700,22.9000,8575864,191018947.9600
2023-05-30,sh.603218,22.2000,22.4200,21.4300,21.9700,22.1700,10841809,236528458.4900
2023-05-31,sh.603218,21.8300,22.0400,21.1800,21.3000,21.9700,7471510,159837377.5200
2023-06-01,sh.603218,21.3100,21.9900,21.2300,21.3300,21.3000,7393653,159316193.5600
2023-06-02,sh.603218,21.1900,21.6600,21.1200,21.1900,21.3300,7723844,164635552.1200
2023-06-05,sh.603218,21.0400,21.1400,20.5700,20.6200,21.1900,7745650,160704343.7000
2023-06-06,sh.603218,20.6400,20.6500,19.8600,19.9400,20.6200,10778376,216075222.4500
2023-06-07,sh.603218,19.8700,20.0000,19.3500,19.3900,19.9400,7449300,145132763.3800
2023-06-08,sh.603218,19.4200,19.5700,18.8800,18.9500,19.3900,8800777,168062221.7600
2023-06-09,sh.603218,18.9500,19.2100,18.5800,19.0300,18.9500,11158482,210916333.2900
2023-06-12,sh.603218,18.9800,19.0600,18.4900,18.9200,19.0300,7751981,145969307.2400
2023-06-13,sh.603218,18.9000,19.0900,18.6200,19.0500,18.9200,7598777,143566554.1000
2023-06-14,sh.603218,19.1300,19.2800,18.9100,19.1000,19.0500,6709445,128281735.3800
2023-06-15,sh.603218,19.1100,19.8500,18.9200,19.8300,19.1000,10845315,211572899.3600
2023-06-16,sh.603218,19.6900,20.0000,19.3700,19.9200,19.6300,7962320,157347658.6000
2023-06-19,sh.603218,19.9200,20.2400,19.8000,20.1200,19.9200,6577236,131810765.3300
2023-06-20,sh.603218,20.0800,20.4000,19.8900,19.9200,20.1200,6020204,120750512.7100
2023-06-21,sh.603218,20.0000,20.2300,19.6200,19.6200,19.9200,7147368,141833331.2500
2023-06-26,sh.603218,19.4800,19.5000,18.9300,19.1900,19.6200,9365036,179949781.9500
2023-06-27,sh.603218,19.2000,19.5000,18.9300,19.0900,19.1900,5989273,114473823.3900
2023-06-28,sh.603218,19.0600,19.1800,18.7000,19.0100,19.0900,7549523,142938352.7900
2023-06-29,sh.603218,18.9500,19.1900,18.8000,18.8700,19.0100,6018994,114253127.8500
2023-06-30,sh.603218,18.9800,19.0900,18.7000,18.9900,18.8700,9421731,177905083.1600
2023-07-03,sh.603218,18.9700,19.3400,18.9000,19.0000,18.9900,14750538,282303215.2900
2023-07-04,sh.603218,19.0100,19.0700,18.5600,18.6800,19.0000,12147287,227214884.1200
2023-07-05,sh.603218,18.6600,18.6900,18.0800,18.1500,18.6800,11759888,214949352.6600
2023-07-06,sh.603218,18.1100,18.2200,18.0100,18.0700,18.1500,7114335,128880797.6800
2023-07-07,sh.603218,18.1700,18.1700,17.8000,17.9000,18.0700,6355833,113800860.2700
2023-07-10,sh.603218,17.9100,18.2800,17.8100,18.0600,17.9000,7764182,140545764.4500
2023-07-11,sh.603218,18.0900,18.4700,18.0200,18.4200,18.0600,7716519,141167195.0800
2023-07-12,sh.603218,18.4700,18.4800,18.1500,18.2200,18.4200,6439300,117752862.0000
2023-07-13,sh.603218,18.2500,18.6800,18.2500,18.6300,18.2200,11232636,208008003.1000
2023-07-14,sh.603218,18.5800,18.6600,18.3800,18.6000,18.6300,9249665,171155400.2600
2023-07-17,sh.603218,18.5200,18.8900,18.2700,18.3500,18.6000,8753289,161559177.1100
2023-07-18,sh.603218,18.4100,18.5500,18.2800,18.3800,18.3500,6686613,123132147.5900
2023-07-19,sh.603218,18.3900,18.5900,18.2900,18.4500,18.3800,8639280,159301723.2600
2023-07-20,sh.603218,18.4700,18.5100,18.1800,18.1900,18.4500,5958214,109266571.0500
2023-07-21,sh.603218,18.1000,18.3500,17.9700,18.0900,18.1900,5799439,105153956.8200
2023-07-24,sh.603218,18.0400,18.0400,17.6100,17.6700,18.0900,7507155,133105854.6900
2023-07-25,sh.603218,17.8000,18.1600,17.7200,18.1500,17.6700,10779863,193805475.6400
2023-07-26,sh.603218,18.1800,18.1800,17.7900,18.0900,18.1500,10693884,192128210.5700
2023-07-27,sh.603218,18.0900,18.6800,18.0300,18.0600,18.0900,12235014,224804839.1800
2023-07-28,sh.603218,18.0500,18.0800,17.5400,18.0700,18.0600,11137367,198110606.0200
2023-07-31,sh.603218,18.0000,18.2900,17.9500,18.1600,18.0700,7016435,127243717.1100
2023-08-01,sh.603218,18.2000,18.2300,17.8900,17.9700,18.1600,7579448,136192053.4000
2023-08-02,sh.603218,17.8900,18.0000,17.7400,17.7600,17.9700,4833020,86126987.9000
2023-08-03,sh.603218,17.7300,17.9000,17.6500,17.7300,17.7600,5982600,106181292.8800
2023-08-04,sh.603218,17.7300,17.9200,17.5500,17.5500,17.7300,9184587,161922842.7500
2023-08-07,sh.603218,17.5500,17.6000,17.1000,17.2800,17.5500,9573621,165624077.9800
2023-08-08,sh.603218,17.2700,17.3200,17.1200,17.2500,17.2800,5390655,92863948.2400
2023-08-09,sh.603218,17.1900,17.3400,17.0100,17.2200,17.2500,4506276,77561550.0500
2023-08-10,sh.603218,17.2200,17.5200,17.1600,17.2400,17.2200,7374531,127664336.0700
2023-08-11,sh.603218,17.2400,17.2500,16.8800,16.8900,17.2400,7502064,127718196.6300
2023-08-14,sh.603218,16.6800,17.0000,16.5100,16.9900,16.8900,6311308,105722745.2200
2023-08-15,sh.603218,16.8600,16.9800,16.5400,16.7200,16.9900,5494471,91828324.8100
2023-08-16,sh.603218,16.6500,16.7200,16.3900,16.4100,16.7200,5378793,88809999.0900
2023-08-17,sh.603218,16.3200,16.5300,16.2300,16.4600,16.4100,5046662,82627109.0200
2023-08-18,sh.603218,16.5000,16.5900,16.1700,16.1700,16.4600,4686852,76650608.6200
2023-08-21,sh.603218,16.1700,16.3300,15.9200,15.9300,16.1700,7267252,116844797.9300
2023-08-22,sh.603218,16.0700,16.1000,15.5000,15.8600,15.9300,10321939,162644282.0700
2023-08-23,sh.603218,15.8600,15.9000,15.3900,15.4000,15.8600,7172767,111545683.3100
2023-08-24,sh.603218,15.4100,15.6700,15.3000,15.4400,15.4000,7693442,119277921.6400
2023-08-25,sh.603218,15.3900,15.7400,15.2000,15.3800,15.4400,9331403,144446914.2800
2023-08-28,sh.603218,16.1500,16.2100,15.5800,15.7400,15.3800,14677704,231629911.5900
2023-08-29,sh.603218,15.7800,16.4500,15.7300,16.4400,15.7400,20972039,340682868.5400
2023-08-30,sh.603218,16.4600,16.6900,16.2100,16.3500,16.4400,15724896,259100755.2500
2023-08-31,sh.603218,16.2900,16.4000,16.0600,16.1500,16.3500,8594969,138848216.8000
2023-09-01,sh.603218,16.0100,16.2400,15.9100,15.9900,16.1500,7268789,116465862.0000
2023-09-04,sh.603218,16.0000,16.1300,15.8600,16.1200,15.9900,8752435,140208104.6100
2023-09-05,sh.603218,16.1200,16.1700,15.9200,16.0300,16.1200,6781261,108689062.5500
2023-09-06,sh.603218,15.9600,16.1100,15.8200,16.0800,16.0300,6813136,108899966.2300
2023-09-07,sh.603218,16.0600,16.1400,15.5600,15.6000,16.0800,9723682,153168298.3000
2023-09-08,sh.603218,15.5200,15.8400,15.5000,15.7300,15.6000,5574191,87516214.1300
2023-09-11,sh.603218,15.7900,15.9200,15.6000,15.8300,15.7300,5843260,92389122.7200
2023-09-12,sh.603218,15.8500,15.8800,15.7100,15.8000,15.8300,4343193,68656567.6300
2023-09-13,sh.603218,15.7800,15.8500,15.4100,15.5300,15.8000,6937125,108154731.2700
2023-09-14,sh.603218,15.5000,15.5100,15.2300,15.2700,15.5300,6459000,99122044.0000
2023-09-15,sh.603218,15.2800,15.5400,15.2800,15.3600,15.2700,7281738,112026807.6800
2023-09-18,sh.603218,15.2800,15.6000,15.1600,15.4700,15.3600,5392490,83136812.8800
2023-09-19,sh.603218,15.4200,15.4800,15.1800,15.2300,15.4700,5316000,81297146.0000
2023-09-20,sh.603218,15.1400,15.3400,15.0700,15.0800,15.2300,5210673,79053560.8100
2023-09-21,sh.603218,15.0100,15.1300,14.8600,14.9400,15.0800,5424860,81150866.5600
2023-09-22,sh.603218,14.8100,15.2100,14.8000,15.2000,14.9400,5399548,81232098.6000
2023-09-25,sh.603218,15.2000,15.2100,15.0100,15.1000,15.2000,4502180,67945124.4000
2023-09-26,sh.603218,15.1100,15.3800,15.1000,15.1600,15.1000,5025300,76451745.0000
2023-09-27,sh.603218,15.1100,15.8400,15.1100,15.7000,15.1600,11817493,184895237.3000
2023-09-28,sh.603218,15.6700,16.0300,15.6500,15.8800,15.7000,9012462,143135334.8600
2023-10-09,sh.603218,15.8800,15.8800,15.4900,15.5500,15.8800,8965876,139479097.8000
2023-10-10,sh.603218,15.5100,15.6500,15.3500,15.3600,15.5500,6508600,100507686.0600
2023-10-11,sh.603218,15.4300,15.5400,15.3800,15.4400,15.3600,5253794,81123235.0600
2023-10-12,sh.603218,15.4600,16.0100,15.4200,15.8400,15.4400,10909633,171595677.3700
2023-10-13,sh.603218,15.7200,15.7700,15.5400,15.6900,15.8400,6217075,97222002.8100
2023-10-16,sh.603218,15.6000,15.8900,15.4600,15.5100,15.6900,6979081,109057763.5500
2023-10-17,sh.603218,15.4700,15.8500,15.4700,15.5600,15.5100,5115728,79862111.4800
2023-10-18,sh.603218,15.5100,15.5900,15.1200,15.1500,15.5600,5687859,86450777.5600
2023-10-19,sh.603218,15.0800,15.3500,15.0300,15.0600,15.1500,4954741,74968984.3000
2023-10-20,sh.603218,15.0400,15.7900,15.0100,15.3300,15.0600,10792670,166713150.6000
2023-10-23,sh.603218,15.3200,15.3200,14.5000,14.6200,15.3300,9884178,145829276.2200
2023-10-24,sh.603218,14.7500,14.8700,14.5000,14.8000,14.6200,8008802,117602812.3700
2023-10-25,sh.603218,14.9100,15.1800,14.5100,14.5800,14.8000,11444578,169180030.5400
2023-10-26,sh.603218,14.4500,14.6500,13.9200,14.6400,14.5800,11680525,166864034.3600
2023-10-27,sh.603218,14.4500,14.4500,13.7200,14.2400,14.6400,22392904,316435932.9900
2023-10-30,sh.603218,14.1900,14.4500,14.0400,14.3300,14.2400,13148000,187068299.1400
2023-10-31,sh.603218,14.2600,14.4000,13.9600,14.0700,14.3300,12622444,178053895.8200
2023-11-01,sh.603218,14.0800,14.1900,13.8200,13.9000,14.0700,12878649,180043835.0700
2023-11-02,sh.603218,13.8600,13.9800,13.4600,13.4600,13.9000,15182896,206497499.7600
2023-11-03,sh.603218,13.4900,14.0200,13.4600,13.9400,13.4600,16142928,223611124.2700
2023-11-06,sh.603218,14.0000,14.5300,13.9900,14.3300,13.9400,14144091,202230937.3500
2023-11-07,sh.603218,14.2400,14.3800,14.1700,14.2900,14.3300,8279086,118161958.9400
2023-11-08,sh.603218,14.4000,14.4000,14.0900,14.1900,14.2900,7494914,106467483.9800
2023-11-09,sh.603218,14.1900,14.4200,14.1500,14.2500,14.1900,7694771,109938115.7300
2023-11-10,sh.603218,14.2000,14.2100,14.0400,14.1300,14.2500,6478250,91464725.5000
2023-11-13,sh.603218,14.1500,14.2800,14.1000,14.1700,14.1300,5148398,72875626.3200
2023-11-14,sh.603218,14.1200,14.2800,14.0900,14.1800,14.1700,6187374,87599160.5400
2023-11-15,sh.603218,14.2500,14.4100,14.2100,14.2800,14.1800,9509512,135875535.5200
2023-11-16,sh.603218,14.3000,14.3000,13.8100,13.8300,14.2800,12820542,178984505.3400
2023-11-17,sh.603218,13.8000,13.8700,13.6200,13.8500,13.8300,8840507,121626688.6300
2023-11-20,sh.603218,13.9900,14.1300,13.8200,14.0700,13.8500,8425210,117960391.3200
2023-11-21,sh.603218,14.1000,14.1500,13.8500,13.8800,14.0700,8347887,116756478.0900
2023-11-22,sh.603218,13.7700,13.8700,13.6100,13.6200,13.8800,8012618,109753266.1600
2023-11-23,sh.603218,13.5800,13.7400,13.5300,13.7300,13.6200,6510640,88866520.1500
2023-11-24,sh.603218,13.7200,13.7200,13.5500,13.5900,13.7300,6498363,88286064.3000
2023-11-27,sh.603218,13.5600,13.5800,13.3400,13.3400,13.5900,8200944,109822779.7200
2023-11-28,sh.603218,13.3300,13.4500,13.1200,13.4500,13.3400,9325862,124304885.5600
2023-11-29,sh.603218,13.3900,13.4700,13.1900,13.2100,13.4500,5828559,77435315.2400
2023-11-30,sh.603218,13.1500,13.2900,12.9600,12.9800,13.2100,15167982,197973485.3500
2023-12-01,sh.603218,13.0000,13.0300,12.7500,12.8600,12.9800,9400642,120863335.0300
2023-12-04,sh.603218,12.9300,12.9500,12.7700,12.7800,12.8600,6564500,84215356.0000
2023-12-05,sh.603218,12.7600,12.8500,12.5100,12.5100,12.7800,9163933,116015159.8400
2023-12-06,sh.603218,12.5100,12.7200,12.4100,12.5500,12.5100,9075689,114372098.7300
2023-12-07,sh.603218,12.5400,12.5400,12.3500,12.4200,12.5500,6755624,83874282.4400
2023-12-08,sh.603218,12.5100,12.5600,12.4200,12.4200,12.4200,7042861,87941960.7500
2023-12-11,sh.603218,12.3500,12.6000,12.2600,12.4500,12.4200,7514127,92930757.6800
2023-12-12,sh.603218,12.4500,12.5200,12.4000,12.4300,12.4500,5917814,73700603.6400
2023-12-13,sh.603218,12.4300,12.4300,12.1600,12.1600,12.4300,7571200,92788591.1800
2023-12-14,sh.603218,12.2400,12.3600,12.1000,12.1200,12.1600,5538388,67680080.5200
2023-12-15,sh.603218,12.1300,12.3200,12.0800,12.1200,12.1200,6839185,83379960.8200
2023-12-18,sh.603218,12.0700,12.1000,11.8500,11.8700,12.1200,6954097,83143177.8200
2023-12-19,sh.603218,11.8600,11.9400,11.7200,11.8200,11.8700,6894646,81588026.5100
2023-12-20,sh.603218,11.8200,11.9400,11.5000,11.5300,11.8200,10702259,124551661.0600
2023-12-21,sh.603218,11.4500,11.8000,11.3900,11.6500,11.5300,11243496,130090154.5300
2023-12-22,sh.603218,11.6000,11.9100,11.4300,11.7600,11.6500,11992828,140214801.5900
2023-12-25,sh.603218,11.6400,11.9000,11.6400,11.8000,11.7600,8324700,98103309.6700
2023-12-26,sh.603218,11.7600,11.8000,11.5900,11.6700,11.8000,5513159,64279791.2200
2023-12-27,sh.603218,11.7200,11.7500,11.5200,11.5600,11.6700,6132768,71023149.4400
2023-12-28,sh.603218,11.5400,12.3000,11.5100,12.2400,11.5600,17266645,207916096.2100
2023-12-29,sh.603218,12.2200,12.4000,12.2200,12.3700,12.2400,9580183,118164883.2400
2024-01-02,sh.603218,12.5200,12.5600,12.2100,12.2500,12.3700,7141462,87951872.8800
2024-01-03,sh.603218,12.2500,12.3400,12.0400,12.1600,12.2500,8609135,104704239.6600
2024-01-04,sh.603218,12.1600,12.1600,11.9300,12.0000,12.1600,6211100,74588686.0000
2024-01-05,sh.603218,11.9400,12.0800,11.5900,11.6400,12.0000,9603984,113298785.8200
2024-01-08,sh.603218,11.6200,11.7700,11.4400,11.4500,11.6400,7495857,86737606.2000
2024-01-09,sh.603218,11.4600,11.7900,11.2800,11.4700,11.4500,10861648,125008950.2000
2024-01-10,sh.603218,11.4000,11.6000,11.2400,11.3700,11.4700,11128983,127293334.3800
2024-01-11,sh.603218,11.3800,11.7000,11.3300,11.6000,11.3700,12243234,140890668.3600
2024-01-12,sh.603218,11.5700,11.8500,11.5200,11.6200,11.6000,11838320,138407571.7000
2024-01-15,sh.603218,11.5600,11.6400,11.3600,11.4300,11.6200,8439443,96771983.4900
2024-01-16,sh.603218,11.4300,11.6100,11.2900,11.4900,11.4300,9115343,104210826.7900
2024-01-17,sh.603218,11.4600,11.4600,11.0900,11.0900,11.4900,8738811,98404108.5300
2024-01-18,sh.603218,11.0400,11.1500,10.7100,11.0900,11.0900,14394145,157398153.6400
2024-01-19,sh.603218,11.0700,11.3400,10.8400,10.8500,11.0900,11297882,124670648.5700
2024-01-22,sh.603218,10.8500,10.8500,10.2500,10.3500,10.8500,11528202,121803397.1000
2024-01-23,sh.603218,10.2900,10.6000,10.1700,10.4600,10.3500,12322604,128412603.4800
2024-01-24,sh.603218,10.5300,10.6900,10.0500,10.4700,10.4600,14058323,145319747.7000
2024-01-25,sh.603218,10.4500,10.6800,10.3400,10.6600,10.4700,12718532,134319738.2400
2024-01-26,sh.603218,10.6300,10.7300,10.4700,10.4900,10.6600,10315467,109220328.4700
2024-01-29,sh.603218,10.5100,10.5400,10.0900,10.0900,10.4900,10519856,107721026.1000
2024-01-30,sh.603218,10.1700,10.3800,9.9700,9.9700,10.0900,13356200,136149267.0000
2024-01-31,sh.603218,9.8900,10.1500,9.6600,9.7000,9.9700,13174658,129649399.9500
2024-02-01,sh.603218,9.7200,9.9000,9.5700,9.5800,9.7000,11666552,113123585.9800
2024-02-02,sh.603218,9.6100,9.6800,8.8000,9.1400,9.5800,15118527,140385527.2500
2024-02-05,sh.603218,9.0500,9.0500,8.2400,8.6000,9.1400,20538342,177177440.7900
2024-02-06,sh.603218,8.5000,9.4600,8.3600,9.4600,8.6000,19993762,179443519.0200
2024-02-07,sh.603218,9.4000,10.1500,9.4000,10.0900,9.4600,24181616,240457808.3300
2024-02-08,sh.603218,10.2000,10.8400,10.2000,10.4000,10.0900,21406211,226035770.4200
2024-02-19,sh.603218,10.5100,10.5400,10.0400,10.1900,10.4000,17226948,176346104.5600
2024-02-20,sh.603218,10.1000,10.1500,9.9600,10.1400,10.1900,9698534,97526073.0500
2024-02-21,sh.603218,10.0700,10.5900,9.9800,10.3300,10.1400,15313772,158672404.3300
2024-02-22,sh.603218,10.2800,10.4400,10.2700,10.3800,10.3300,9232129,95437279.6600
2024-02-23,sh.603218,10.3600,10.4500,10.2500,10.4400,10.3800,11093377,114927402.7700
2024-02-26,sh.603218,10.4800,10.7300,10.3800,10.6200,10.4400,14145966,149660856.2100
2024-02-27,sh.603218,10.5700,10.7500,10.4700,10.7400,10.6200,11469764,121869155.3600
2024-02-28,sh.603218,10.7900,11.0600,10.3300,10.3500,10.7400,17915936,192916880.1800
2024-02-29,sh.603218,10.3000,10.7800,10.2700,10.7800,10.3500,14257118,151105079.2600
2024-03-01,sh.603218,10.7800,10.8900,10.6300,10.7800,10.7800,10155764,109340597.2000
2024-03-04,sh.603218,10.8200,10.8900,10.5000,10.6200,10.7800,10954400,116352224.0000
2024-03-05,sh.603218,10.5500,10.5600,10.3500,10.4000,10.6200,10832990,113006024.3000
2024-03-06,sh.603218,10.3500,11.0600,10.3400,10.8700,10.4000,24299164,261915105.8800
2024-03-07,sh.603218,10.9500,10.9800,10.4900,10.4900,10.8700,15496100,165357838.0000
2024-03-08,sh.603218,10.5000,10.7500,10.4500,10.6600,10.4900,11458497,121567045.9300
2024-03-11,sh.603218,10.7800,11.0300,10.7300,11.0300,10.6600,21529850,234596253.9000
2024-03-12,sh.603218,11.0900,11.4400,10.9500,11.2400,11.0300,30736213,344524976.9400
2024-03-13,sh.603218,11.2500,11.3100,11.0700,11.1000,11.2400,18909626,211065567.6300
2024-03-14,sh.603218,11.1000,11.1500,10.8500,10.9300,11.1000,13214697,145270612.4100
2024-03-15,sh.603218,10.9700,11.1800,10.8100,10.9900,10.9300,12201679,133566523.8500
2024-03-18,sh.603218,11.0500,11.1100,10.9200,11.1100,10.9900,13013877,143258801.5000
2024-03-19,sh.603218,11.0800,11.0900,10.9300,10.9400,11.1100,11048279,121550532.3700
2024-03-20,sh.603218,10.9400,11.0200,10.8600,10.9400,10.9400,9699582,106035441.2600
2024-03-21,sh.603218,11.0300,12.0300,11.0300,12.0300,10.9400,52772045,616189873.3200
2024-03-22,sh.603218,12.0000,12.2800,11.5600,11.6900,12.0300,50955341,600484414.2900
2024-03-25,sh.603218,11.5900,11.7700,11.2800,11.3000,11.6900,27976177,321489200.2500
2024-03-26,sh.603218,11.2100,11.9700,11.2100,11.6100,11.3000,34097373,395191373.8500
2024-03-27,sh.603218,11.5800,11.6100,10.7500,10.7800,11.6100,32967199,367500963.7800
2024-03-28,sh.603218,10.7300,11.5900,10.6500,11.4000,10.7800,34692661,390990822.5500
2024-03-29,sh.603218,11.4000,11.9900,11.2500,11.8000,11.4000,35211584,413262731.0800
2024-04-01,sh.603218,11.7600,12.1200,11.6700,12.0100,11.8000,28127188,335173281.1800
2024-04-02,sh.603218,12.4100,13.1700,12.2300,12.5000,12.0100,53269579,668582105.4300
2024-04-03,sh.603218,12.3000,13.1400,12.2400,13.0900,12.5000,47687513,604132690.4300
2024-04-08,sh.603218,13.1000,13.8800,12.6800,13.6100,13.0900,63091803,832589137.7400
2024-04-09,sh.603218,13.6000,13.7900,13.2200,13.3200,13.6100,38943268,524662744.5800
2024-04-10,sh.603218,13.2500,13.5300,12.5000,12.7400,13.3200,32684933,427781560.9600
2024-04-11,sh.603218,12.6000,13.2000,12.5500,12.7500,12.7400,26840258,346165005.0800
2024-04-12,sh.603218,12.7000,12.8400,12.3600,12.4900,12.7500,25021887,313837175.4500
2024-04-15,sh.603218,12.4800,12.6500,12.0800,12.2800,12.4900,20596179,254008046.6400
2024-04-16,sh.603218,12.1900,12.4000,11.2100,11.2800,12.2800,28246699,329349278.0000
2024-04-17,sh.603218,11.4100,11.8300,11.4100,11.7700,11.2800,18858987,220792629.1200
2024-04-18,sh.603218,11.7800,12.0900,11.6500,11.8700,11.7700,17721995,210983663.7800
2024-04-19,sh.603218,11.8800,11.9100,11.5100,11.6800,11.8700,13805842,161275799.0400
2024-04-22,sh.603218,11.5500,11.8700,11.3500,11.4700,11.6800,11091550,128512859.5600
2024-04-23,sh.603218,11.5000,11.7100,11.3900,11.6400,11.4700,10812680,124993358.3400
2024-04-24,sh.603218,11.6400,11.7500,11.4200,11.7500,11.6400,10632600,123466771.2000
2024-04-25,sh.603218,11.7400,11.7400,11.5100,11.5500,11.7500,10617219,123021660.2400
2024-04-26,sh.603218,11.5200,11.7400,11.3300,11.7100,11.5500,16833520,194539021.1500
2024-04-29,sh.603218,11.7300,12.5100,11.7300,12.4600,11.7100,23695547,289740253.6400
2024-04-30,sh.603218,12.3000,12.3900,12.0300,12.2900,12.4600,17819500,217951104.8800
2024-05-06,sh.603218,12.4300,12.5600,12.3100,12.3900,12.2900,12663812,157181907.9600
2024-05-07,sh.603218,12.4200,12.5200,12.3000,12.4500,12.3900,10127390,125775290.4700
2024-05-08,sh.603218,12.4500,12.5300,12.2400,12.2500,12.4500,11318742,140074285.0800
2024-05-09,sh.603218,12.2100,12.6200,12.2000,12.4500,12.2500,14697915,183415877.4700
2024-05-10,sh.603218,12.4400,12.4800,12.0800,12.1800,12.4500,17365372,212013046.5000
2024-05-13,sh.603218,12.0300,12.1800,11.8500,12.0000,12.1800,12767850,153471236.0000
2024-05-14,sh.603218,12.0800,12.1200,11.8400,11.8600,12.0000,11020242,131487759.0700
2024-05-15,sh.603218,11.7600,11.9000,11.7100,11.7200,11.8600,7405299,87283288.1600
2024-05-16,sh.603218,11.7100,11.8200,11.5500,11.5800,11.7200,8881467,103727709.1900
2024-05-17,sh.603218,11.5300,11.6300,11.3800,11.5700,11.5800,10864905,124762509.2100
2024-05-20,sh.603218,11.5600,11.8200,11.5300,11.7200,11.5700,8729030,102243344.3800
2024-05-21,sh.603218,11.9900,12.2200,11.7600,11.7800,11.7200,16882346,202126319.4500
2024-05-22,sh.603218,11.7000,12.5000,11.7000,12.4400,11.7800,32604319,400582634.0600
2024-05-23,sh.603218,12.3400,12.3900,12.1700,12.3200,12.4400,15556967,191115266.5700
2024-05-24,sh.603218,12.3300,12.5700,12.1000,12.3000,12.3200,15883654,195648783.7600
2024-05-27,sh.603218,12.4300,12.7800,12.2800,12.7100,12.3000,23840029,299894291.9500
2024-05-28,sh.603218,12.7100,12.8600,12.5000,12.6500,12.7100,14748267,185940573.2000
2024-05-29,sh.603218,12.6500,12.7200,12.2500,12.3000,12.6500,15210325,188997884.7300
2024-05-30,sh.603218,12.3300,12.4400,12.2200,12.2200,12.3000,7825082,96401753.8500
2024-05-31,sh.603218,12.2300,12.3100,12.0000,12.0100,12.2200,8878624,107210681.8000
2024-06-03,sh.603218,12.0100,12.1000,11.7700,11.8400,12.0100,10007436,119096923.0800
2024-06-04,sh.603218,11.8800,12.2200,11.7100,12.2100,11.8400,10659508,127784028.4800
2024-06-05,sh.603218,12.1500,12.1600,11.7100,11.7100,12.2100,10192500,121283817.0000
2024-06-06,sh.603218,11.6800,11.8000,11.2000,11.2200,11.7100,12329210,140788726.0000
2024-06-07,sh.603218,11.3300,11.4200,11.1000,11.2000,11.2200,7198246,81051464.3400
2024-06-11,sh.603218,11.2000,11.3600,10.9900,11.3200,11.2000,5515832,61871397.9700
2024-06-12,sh.603218,11.2900,11.4900,11.2200,11.4300,11.3200,5521500,62969821.0000
2024-06-13,sh.603218,11.3800,11.5000,11.3300,11.4300,11.4300,4397944,50094711.0500
2024-06-14,sh.603218,11.4400,11.4400,11.0300,11.2200,11.4300,11711020,130994414.2000
2024-06-17,sh.603218,11.1200,11.2500,11.0500,11.1600,11.2200,5884248,65618939.5600
2024-06-18,sh.603218,11.2000,11.3700,11.1600,11.3000,11.1600,6018632,67925429.7800
2024-06-19,sh.603218,11.3100,11.3100,10.8900,10.9100,11.3000,10374423,114598228.4500
2024-06-20,sh.603218,10.8700,10.9700,10.5100,10.5200,10.9100,10122172,107900498.3500
2024-06-21,sh.603218,10.5700,10.7700,10.5300,10.6900,10.5200,5741537,61307027.8100
2024-06-24,sh.603218,10.6300,10.7100,10.4600,10.4800,10.6900,5511100,58365310.8400
2024-06-25,sh.603218,10.5500,10.6300,10.3700,10.4600,10.4800,4816702,50646181.8600
2024-06-26,sh.603218,10.4100,10.6100,10.3800,10.5900,10.4600,5638053,59263936.0700
2024-06-27,sh.603218,10.5400,10.5700,10.2500,10.2600,10.5900,8997150,93098947.3500
2024-06-28,sh.603218,10.2600,10.4800,10.1600,10.2700,10.2600,7368300,76513872.0000
2024-07-01,sh.603218,10.2700,10.4400,10.2000,10.3800,10.2700,3978003,41050253.0200
2024-07-02,sh.603218,10.4600,10.4800,10.1300,10.1800,10.3800,7517714,77293941.7600
2024-07-03,sh.603218,10.1700,10.2000,9.8500,9.8800,10.1800,8691294,86492990.4000
2024-07-04,sh.603218,9.8800,9.9700,9.6100,9.6400,9.8800,9376667,91242115.2500
2024-07-05,sh.603218,9.6500,9.6800,9.3600,9.5900,9.6400,9122476,86461160.3800
2024-07-08,sh.603218,9.5900,9.9200,9.4700,9.6500,9.5900,10227744,98890225.9200
2024-07-09,sh.603218,9.6200,9.7900,9.4100,9.7000,9.6500,8234700,79115189.0000
2024-07-10,sh.603218,9.6800,9.8200,9.5200,9.5200,9.7000,7362324,70918819.4400
2024-07-11,sh.603218,9.7300,9.9600,9.6600,9.8900,9.5200,8918503,87767472.4200
2024-07-12,sh.603218,9.8900,9.9800,9.8300,9.9100,9.8900,4607668,45654828.9600
2024-07-15,sh.603218,9.8300,9.8900,9.7000,9.7100,9.9100,4736600,46196889.0000
2024-07-16,sh.603218,9.6900,9.7900,9.6100,9.7400,9.7100,4191427,40610388.7400
2024-07-17,sh.603218,9.7400,9.8100,9.6400,9.7300,9.7400,4952428,48204252.7600
2024-07-18,sh.603218,9.7900,9.8500,9.5600,9.8500,9.7300,5085848,49384704.0100
2024-07-19,sh.603218,9.7700,9.9600,9.7600,9.9000,9.8500,4909966,48535814.9900
2024-07-22,sh.603218,9.9100,10.2300,9.9000,10.2000,9.9000,9978082,101262486.6600
2024-07-23,sh.603218,10.2000,10.2900,9.9500,9.9600,10.2000,7461287,75341351.8600
2024-07-24,sh.603218,9.9600,10.2400,9.8600,10.0400,9.9600,8942861,89937357.4600
2024-07-25,sh.603218,9.8300,10.0700,9.6900,9.9600,9.7600,10055180,99587937.0400
2024-07-26,sh.603218,9.9300,10.3000,9.8800,10.2100,9.9600,12056400,122573236.0000
2024-07-29,sh.603218,10.2100,10.2100,9.9500,10.0000,10.2100,8731750,87622400.2200
2024-07-30,sh.603218,10.0000,10.0900,9.8600,9.9600,10.0000,5976110,59442563.4000
2024-07-31,sh.603218,9.9300,10.2500,9.8600,10.2400,9.9600,8672760,87821634.6000
2024-08-01,sh.603218,10.2400,10.3200,10.1600,10.1900,10.2400,5986800,61283464.0000
2024-08-02,sh.603218,10.1400,10.3000,10.0800,10.0900,10.1900,5379100,54827746.0000
2024-08-05,sh.603218,10.0400,10.2000,9.9200,9.9500,10.0900,5570485,56017557.2000
2024-08-06,sh.603218,10.0200,10.2400,10.0200,10.1700,9.9500,6636505,67406026.8500
2024-08-07,sh.603218,10.1700,10.2100,10.0600,10.0800,10.1700,4124700,41755325.0000
2024-08-08,sh.603218,10.0200,10.1600,9.9600,10.1000,10.0800,3907031,39346997.4800
2024-08-09,sh.603218,10.0900,10.2000,9.9200,9.9200,10.1000,4916888,49240422.9200
2024-08-12,sh.603218,10.0800,10.2500,9.9200,9.9700,9.9200,4138152,41417538.3600
2024-08-13,sh.603218,9.9000,10.0700,9.9000,10.0200,9.9700,3987500,39765824.0000
2024-08-14,sh.603218,10.0200,10.0800,9.8000,9.8000,10.0200,4464200,44123187.0000
2024-08-15,sh.603218,9.7700,9.9500,9.6800,9.8000,9.8000,5075259,49797191.9000
2024-08-16,sh.603218,9.7800,9.8200,9.6000,9.6000,9.8000,5355200,51699166.0000
2024-08-19,sh.603218,9.5900,9.6700,9.4400,9.4700,9.6000,4341600,41412982.0000
2024-08-20,sh.603218,9.4800,9.5100,9.1500,9.2400,9.4700,7214488,66938880.7900
2024-08-21,sh.603218,9.2200,9.5600,9.1700,9.4800,9.2400,7860856,73750362.6300
2024-08-22,sh.603218,9.5400,9.6100,9.2600,9.2800,9.4800,4859991,45665581.5700
2024-08-23,sh.603218,9.2500,9.2900,9.1800,9.2500,9.2800,3526385,32547798.8500
2024-08-26,sh.603218,9.2900,9.4700,9.2000,9.4000,9.2500,4689280,44126205.0000
2024-08-27,sh.603218,9.3500,9.4000,9.2200,9.2400,9.4000,3174900,29468661.0000
2024-08-28,sh.603218,9.2400,9.4800,9.1700,9.4200,9.2400,4739486,44392366.2600
2024-08-29,sh.603218,10.1100,10.3600,9.7900,10.3600,9.4200,27710319,283689904.0800
2024-08-30,sh.603218,10.3600,10.5400,10.1800,10.4100,10.3600,25873941,268625367.5300
2024-09-02,sh.603218,10.3700,10.6800,10.3600,10.4700,10.4100,19243464,202776326.8000
2024-09-03,sh.603218,10.4900,10.7500,10.4000,10.7000,10.4700,12034044,127814681.6000
2024-09-04,sh.603218,10.6000,10.7500,10.5600,10.6100,10.7000,9064300,96567352.0000
2024-09-05,sh.603218,10.6100,10.7900,10.5800,10.6700,10.6100,7599382,81233792.5600
2024-09-06,sh.603218,10.6500,10.7600,10.5000,10.6200,10.6700,9820386,104587527.3000
2024-09-09,sh.603218,10.5900,10.9300,10.5000,10.7600,10.6200,14426386,155531397.6400
2024-09-10,sh.603218,10.7900,10.9600,10.5800,10.9300,10.7600,11284386,121506733.4600
2024-09-11,sh.603218,10.8600,11.1200,10.8500,11.0500,10.9300,8492964,93600516.6400
2024-09-12,sh.603218,10.9500,11.2000,10.9400,10.9600,11.0500,8056300,88939387.0000
2024-09-13,sh.603218,10.9500,11.0800,10.6900,10.7100,10.9600,13224368,143352565.0100
2024-09-18,sh.603218,10.6300,11.0800,10.6300,10.8200,10.7100,13013783,141195082.6800
2024-09-19,sh.603218,10.8800,10.9400,10.7600,10.7900,10.8200,7829100,84817742.3500
2024-09-20,sh.603218,10.7600,10.8100,10.5900,10.6700,10.7900,6662886,71121780.6400
2024-09-23,sh.603218,10.6700,10.6800,10.4500,10.4800,10.6700,8237135,86835872.8000
2024-09-24,sh.603218,10.5300,10.9100,10.5000,10.9000,10.4800,11273468,121002994.7000
2024-09-25,sh.603218,11.0900,11.1600,10.8300,10.8600,10.9000,11933325,131537661.1800
2024-09-26,sh.603218,10.8600,11.1100,10.7300,11.1100,10.8600,11907030,130145615.8000
2024-09-27,sh.603218,11.3000,11.6000,11.2400,11.5700,11.1100,9154647,104738641.7900
2024-09-30,sh.603218,12.1400,12.6500,11.8000,12.6000,11.5700,32936766,405060919.7200
2024-10-08,sh.603218,13.8600,13.8600,12.5100,13.0400,12.6000,48072794,630458507.1300
2024-10-09,sh.603218,12.6900,12.6900,11.7400,11.7400,13.0400,34633828,418760958.3800
2024-10-10,sh.603218,11.8100,12.4700,11.7200,12.0400,11.7400,26675344,322337438.4600
2024-10-11,sh.603218,12.0000,12.0000,11.3900,11.5600,12.0400,16823792,197103093.8400
2024-10-14,sh.603218,11.7500,11.8200,11.4500,11.7200,11.5600,11803406,137443640.1400
2024-10-15,sh.603218,11.6500,11.7600,11.4700,11.5000,11.7200,11483147,133244911.4500
2024-10-16,sh.603218,11.3600,11.6200,11.3200,11.4900,11.5000,9083852,104213562.6000
2024-10-17,sh.603218,11.5800,11.6800,11.2900,11.3100,11.4900,9456930,108782213.6200
2024-10-18,sh.603218,11.4000,11.7700,11.3400,11.6000,11.3100,15425982,178340093.9600
2024-10-21,sh.603218,11.6600,12.5000,11.6100,12.1000,11.6000,28448848,344029395.0300
2024-10-22,sh.603218,12.0900,13.2400,11.8600,13.0300,12.1000,52227188,669525465.4200
2024-10-23,sh.603218,13.2400,14.3300,13.2000,13.9400,13.0300,80445779,1133500924.7800
2024-10-24,sh.603218,13.3800,13.7800,13.3000,13.6600,13.9400,40991732,555110267.0200
2024-10-25,sh.603218,13.5000,14.0200,13.5000,13.8100,13.6600,22976660,317340936.5600
2024-10-28,sh.603218,13.7800,13.8900,13.4000,13.5000,13.8100,22585592,306486798.8600
2024-10-29,sh.603218,13.5100,13.6000,12.8700,12.8900,13.5000,23378876,305984259.4800
2024-10-30,sh.603218,12.7400,13.0300,12.6600,12.9900,12.8900,16671206,215235040.9200
2024-10-31,sh.603218,13.3400,13.4400,12.9100,13.0500,12.9900,25331289,332538348.1500
2024-11-01,sh.603218,12.9500,13.0500,12.5200,12.7700,13.0500,20102546,256965771.4800
2024-11-04,sh.603218,12.7700,13.1200,12.6100,12.8800,12.7700,16362188,210810189.0700
2024-11-05,sh.603218,12.8600,13.2000,12.8000,13.2000,12.8800,19153548,250165139.5200
2024-11-06,sh.603218,13.2200,13.8500,13.1400,13.5000,13.2000,31135282,420728389.3400
2024-11-07,sh.603218,13.3000,13.5000,13.2100,13.4600,13.5000,15055836,201219631.5400
2024-11-08,sh.603218,13.6400,13.7200,13.2200,13.2500,13.4600,19988929,268687165.6600
2024-11-11,sh.603218,13.2500,13.7100,13.1500,13.5700,13.2500,16494108,222623639.7200
2024-11-12,sh.603218,13.5700,13.8200,13.2100,13.3200,13.5700,14884215,200792340.1800
2024-11-13,sh.603218,13.3200,13.6600,13.2600,13.6500,13.3200,14742931,198862398.7500
2024-11-14,sh.603218,13.6300,13.6600,13.1600,13.2300,13.6500,10760734,143624860.7000
2024-11-15,sh.603218,13.0900,13.1800,12.8000,12.8100,13.2300,14626523,189693173.7400
2024-11-18,sh.603218,12.7700,13.0800,12.6800,12.7600,12.8100,10260048,131700541.7200
2024-11-19,sh.603218,12.7600,12.9200,12.5000,12.8000,12.7600,8687090,110476965.5600
2024-11-20,sh.603218,12.8000,12.8300,12.5300,12.6800,12.8000,12233021,154830798.8100
2024-11-21,sh.603218,12.7000,12.8500,12.4600,12.5400,12.6800,11525080,145358018.0000
2024-11-22,sh.603218,12.5500,12.5800,11.8400,11.8500,12.5400,18487024,224802197.9200
2024-11-25,sh.603218,11.9000,12.5400,11.8800,12.2400,11.8500,19272198,236629299.4400
2024-11-26,sh.603218,12.2400,12.2700,11.9600,11.9900,12.2400,8641974,104464123.4600
2024-11-27,sh.603218,11.9900,12.8300,11.8800,12.8200,11.9900,19351915,240411963.4300
2024-11-28,sh.603218,12.7500,13.5300,12.6800,13.2500,12.8200,26229611,349523192.3200
2024-11-29,sh.603218,13.2000,13.5000,13.1100,13.1900,13.2500,16292408,215972891.6000
2024-12-02,sh.603218,13.3300,13.9500,13.2800,13.5900,13.1900,23660735,324849074.4000
2024-12-03,sh.603218,13.5000,13.9400,13.3900,13.4300,13.5900,18152682,247495180.4800
2024-12-04,sh.603218,13.4300,13.5000,12.9700,13.0300,13.4300,13215208,173336940.8400
2024-12-05,sh.603218,13.0300,13.1200,12.8000,12.9800,13.0300,8176096,105646287.9500
2024-12-06,sh.603218,12.9900,13.2400,12.8200,13.0600,12.9800,10090206,131388625.6000
2024-12-09,sh.603218,13.0800,13.2700,12.9700,13.1500,13.0600,11107247,145720684.8700
2024-12-10,sh.603218,13.5800,13.6000,13.0400,13.0500,13.1500,13867518,182919887.5200
2024-12-11,sh.603218,13.0400,13.6800,13.0200,13.4900,13.0500,20070198,270180437.9200
2024-12-12,sh.603218,13.4400,14.4400,13.4300,14.1000,13.4900,35218426,497546806.3000
2024-12-13,sh.603218,14.0100,14.1800,13.7500,13.8700,14.1000,24600484,343316530.2600
2024-12-16,sh.603218,13.8500,13.9600,13.3100,13.4100,13.8700,16688573,225555351.0200
2024-12-17,sh.603218,13.5500,13.6300,13.1300,13.1800,13.4100,12672449,168650255.6000
2024-12-18,sh.603218,13.2900,13.5200,13.0500,13.1000,13.1800,10923721,144892673.9900
2024-12-19,sh.603218,12.9700,12.9900,12.7400,12.7900,13.1000,13605042,174531255.7000
2024-12-20,sh.603218,12.8100,12.9400,12.7000,12.7400,12.7900,9702282,123948600.1600
2024-12-23,sh.603218,12.7500,12.8400,12.5000,12.5300,12.7400,11000304,138899984.8800
2024-12-24,sh.603218,12.5900,13.0900,12.5500,12.8600,12.5300,20827562,268779087.0900
2024-12-25,sh.603218,12.8600,12.9700,12.6000,12.8000,12.8600,9314294,118801570.5900
2024-12-26,sh.603218,12.7700,12.7900,12.5100,12.5800,12.8000,12994444,164040448.2400
2024-12-27,sh.603218,12.5800,12.6300,12.3600,12.3700,12.5800,15323138,190881319.5800
2024-12-30,sh.603218,12.3900,12.4100,12.1700,12.2000,12.3700,13813632,168879473.8400
2024-12-31,sh.603218,12.2300,12.3000,12.0500,12.0500,12.2000,13057314,158686749.7900
2025-01-02,sh.603218,12.0700,12.3000,11.8400,11.9200,12.0500,15639243,188173012.3700
2025-01-03,sh.603218,11.9200,12.3000,11.8300,11.8900,11.9200,15567908,186862162.5800
2025-01-06,sh.603218,11.8900,12.2800,11.8800,12.0300,11.8900,13828652,166749476.6400
2025-01-07,sh.603218,12.0400,12.0600,11.8200,12.0300,12.0300,10261801,122572846.2300
2025-01-08,sh.603218,11.9600,11.9600,11.5300,11.8200,12.0300,13063746,153478331.2800
2025-01-09,sh.603218,11.7000,11.8700,11.6500,11.7100,11.8200,6406286,75283431.5000
2025-01-10,sh.603218,11.6500,11.7500,11.4900,11.4900,11.7100,7057654,82133689.4800
2025-01-13,sh.603218,11.4200,11.7200,11.3600,11.5200,11.4900,7871726,90872907.7000
2025-01-14,sh.603218,11.5300,12.0200,11.5200,11.9800,11.5200,11208800,132475178.0000
2025-01-15,sh.603218,11.9800,12.0100,11.7500,11.8300,11.9800,6930228,82145701.0800
2025-01-16,sh.603218,11.9000,12.0500,11.7900,11.8400,11.8300,6419046,76426754.3200
2025-01-17,sh.603218,11.8300,12.1800,11.8300,11.9100,11.8400,8876576,106547603.5100
2025-01-20,sh.603218,11.9600,12.2000,11.9300,12.0500,11.9100,9017299,109163525.9600
2025-01-21,sh.603218,12.1800,12.2000,11.9000,12.0500,12.0500,6641000,79648430.0000
2025-01-22,sh.603218,12.0400,12.1000,11.9200,12.1000,12.0500,5982600,71869655.7000
2025-01-23,sh.603218,12.1800,12.2700,11.9300,11.9300,12.1000,11107635,134478588.7000
2025-01-24,sh.603218,11.9400,12.2200,11.9000,12.2000,11.9300,8319857,100865731.6900
2025-01-27,sh.603218,12.2400,12.2900,12.0100,12.0700,12.2000,6008397,72736659.2800
2025-02-05,sh.603218,12.1000,12.1600,11.9000,11.9300,12.0700,7695500,92369422.5000
2025-02-06,sh.603218,11.9200,12.0700,11.8200,11.9500,11.9300,8158800,97378740.1800
2025-02-07,sh.603218,11.9600,12.3500,11.9100,12.2700,11.9500,13406503,163360690.3900
2025-02-10,sh.603218,12.2700,12.5900,12.1900,12.4100,12.2700,12931634,160288631.1200
2025-02-11,sh.603218,12.4100,12.5200,12.2800,12.3700,12.4100,6679172,82575738.3200
2025-02-12,sh.603218,12.3100,12.4000,12.1400,12.1900,12.3700,11179212,136745170.1600
2025-02-13,sh.603218,12.2000,12.3400,12.0900,12.2000,12.1900,7652538,93517518.4400
2025-02-14,sh.603218,12.2000,12.4500,12.1400,12.2200,12.2000,8152568,100303415.8900
2025-02-17,sh.603218,12.1900,12.3700,12.0400,12.3000,12.2200,10986919,134119592.8100
2025-02-18,sh.603218,12.3000,12.3000,11.9000,11.9900,12.3000,9262131,111999461.7300
2025-02-19,sh.603218,11.9700,12.3900,11.9200,12.3500,11.9900,13085724,160040240.1000
2025-02-20,sh.603218,12.3300,12.8900,12.2800,12.7300,12.3500,20379601,258276195.9200
2025-02-21,sh.603218,12.6500,12.7500,12.3600,12.4400,12.7300,17042162,212502982.0200
2025-02-24,sh.603218,12.4400,12.5800,12.2700,12.3500,12.4400,9909672,123022859.4800
2025-02-25,sh.603218,12.3400,13.2500,12.2100,13.0000,12.3500,28763021,368522467.7500
2025-02-26,sh.603218,12.9500,13.4400,12.9500,13.0600,13.0000,21979204,289854969.6000
2025-02-27,sh.603218,13.1500,13.3700,12.9600,13.2300,13.0600,16182107,213007652.0600
2025-02-28,sh.603218,13.2300,13.2900,12.9200,12.9600,13.2300,11873891,155106628.8300
2025-03-03,sh.603218,12.9400,13.5300,12.9400,13.2200,12.9600,21475755,286581628.7000
2025-03-04,sh.603218,13.1000,13.2600,13.0000,13.1900,13.2200,8854557,116507540.1300
2025-03-05,sh.603218,13.1600,13.4800,13.1300,13.2300,13.1900,11720871,156481775.4600
2025-03-06,sh.603218,13.2300,13.4000,13.1300,13.3500,13.2300,10915594,145110180.9200
2025-03-07,sh.603218,13.2900,13.3400,13.0600,13.2400,13.3500,10117131,133168886.0300
2025-03-10,sh.603218,13.2700,13.4300,13.1500,13.4100,13.2400,13003158,173421766.7900
2025-03-11,sh.603218,13.3000,13.3400,13.0600,13.3400,13.4100,9684078,127391067.0800
2025-03-12,sh.603218,13.3600,13.3600,13.1100,13.1300,13.3400,7228680,95215337.0400
2025-03-13,sh.603218,13.1200,13.1900,12.8900,13.0000,13.1300,7123500,92522412.0000
2025-03-14,sh.603218,12.9900,13.1000,12.8800,13.0500,13.0000,7391555,96316568.2800
2025-03-17,sh.603218,13.1000,13.1800,12.9900,13.0500,13.0500,6620859,86535566.8500
2025-03-18,sh.603218,13.0300,13.1200,12.9100,12.9800,13.0500,5522413,71756076.4000
2025-03-19,sh.603218,12.9200,13.1200,12.8500,13.0100,12.9800,5652800,73413860.0000
2025-03-20,sh.603218,12.9900,13.2600,12.9100,13.1700,13.0100,10278720,135218429.8600
2025-03-21,sh.603218,13.2000,13.5200,13.0800,13.3400,13.1700,18980406,253656448.7600
2025-03-24,sh.603218,13.5500,13.5800,12.9600,13.2300,13.3400,14133800,186722287.0600
2025-03-25,sh.603218,13.1200,13.4700,13.1200,13.2400,13.2300,8824099,117157145.7500
2025-03-26,sh.603218,13.5500,14.3300,13.5500,13.8600,13.2400,24471532,339660044.8200
2025-03-27,sh.603218,13.8000,13.8600,13.4200,13.4200,13.8600,14998755,203260277.7100
2025-03-28,sh.603218,13.3900,13.5100,12.9600,13.0000,13.4200,13445579,176713223.7300
2025-03-31,sh.603218,13.0500,13.1200,12.7100,12.7900,13.0000,10780084,138825486.5400
2025-04-01,sh.603218,12.8300,13.0100,12.8200,12.9200,12.7900,6412802,82910169.1000
2025-04-02,sh.603218,12.8600,13.0800,12.8100,12.9500,12.9200,5269799,68248101.9600
2025-04-03,sh.603218,12.8900,13.0300,12.7500,12.8000,12.9500,6450019,83001220.4400
2025-04-07,sh.603218,12.0100,12.4000,11.5200,11.5200,12.8000,12770677,149694913.3100
2025-04-08,sh.603218,11.6300,11.8200,11.2200,11.3600,11.5200,14653384,167938835.9600
2025-04-09,sh.603218,11.0400,11.3500,10.6600,11.2600,11.3600,11808260,130760908.8400
2025-04-10,sh.603218,11.5000,11.7700,11.4000,11.4100,11.2600,11299200,130635399.0000
2025-04-11,sh.603218,11.3300,11.5000,11.3100,11.3500,11.4100,6835864,77986200.7800
2025-04-14,sh.603218,11.4400,11.5700,11.3700,11.4800,11.3500,8535964,97938845.0800
2025-04-15,sh.603218,11.5000,11.5000,11.3300,11.4300,11.4800,4887264,55720704.5200
2025-04-16,sh.603218,11.3200,11.4300,11.2700,11.3400,11.4300,5190400,58844313.0000
2025-04-17,sh.603218,11.3200,11.3800,11.2600,11.3100,11.3400,4823300,54656145.0000
2025-04-18,sh.603218,11.2700,11.4300,11.2100,11.3300,11.3100,5691652,64367389.7600
2025-04-21,sh.603218,11.3700,12.0800,11.2500,11.8800,11.3300,13424215,158424620.1700
2025-04-22,sh.603218,11.8600,12.4000,11.7000,12.1000,11.8800,16262450,197695981.9000
2025-04-23,sh.603218,12.1000,12.3300,11.9800,12.2800,12.1000,8954560,109038600.6000
2025-04-24,sh.603218,12.3000,12.5900,12.1800,12.2300,12.2800,11135494,137668495.5400
2025-04-25,sh.603218,12.3100,12.7000,12.0900,12.6200,12.2300,12406505,154380068.1000
2025-04-28,sh.603218,12.7000,12.8000,12.4000,12.4600,12.6200,7642390,95684236.8000
2025-04-29,sh.603218,12.3400,12.3400,11.7100,11.9800,12.4600,23049791,277218905.7700
2025-04-30,sh.603218,11.9500,12.1000,11.8700,11.8900,11.9800,8571000,102548005.0000
2025-05-06,sh.603218,11.9600,12.2200,11.9500,12.1700,11.8900,7331200,89123888.0000
2025-05-07,sh.603218,12.3600,12.5200,12.2500,12.2800,12.1700,10588600,130759433.0000
2025-05-08,sh.603218,12.2200,12.4900,12.2000,12.3700,12.2800,7373475,91481732.7400
2025-05-09,sh.603218,12.4600,12.4600,12.2900,12.3700,12.3700,7021988,86893054.9400
2025-05-12,sh.603218,12.4500,12.5100,12.2100,12.3200,12.3700,9052063,111631738.8300
2025-05-13,sh.603218,12.5200,12.6000,12.4000,12.5200,12.3200,10131934,126747217.5200
2025-05-14,sh.603218,12.4500,12.5000,12.3400,12.3900,12.5200,7076275,87754689.6500
2025-05-15,sh.603218,12.4000,12.4400,12.1700,12.2000,12.3900,5167100,63278684.0000
2025-05-16,sh.603218,12.1500,12.3500,12.1500,12.2500,12.2000,4022100,49351626.0000
2025-05-19,sh.603218,12.2500,12.4500,12.1600,12.3700,12.2500,5229540,64355988.7800
2025-05-20,sh.603218,12.3900,12.4200,12.2800,12.3800,12.3700,3858083,47669018.8800
2025-05-21,sh.603218,12.4500,12.5500,12.3300,12.3600,12.3800,4268552,52993079.9800
2025-05-22,sh.603218,12.3200,12.3500,11.8600,11.8900,12.3600,13414346,161462828.8100
2025-05-23,sh.603218,11.9800,12.0200,11.7700,11.7900,11.8900,7792062,92714222.7400
2025-05-26,sh.603218,11.7900,11.9200,11.7100,11.8000,11.7900,4069800,48128569.6600
2025-05-27,sh.603218,11.8000,11.8100,11.6000,11.6500,11.8000,6296800,73575222.2200
2025-05-28,sh.603218,11.7100,11.7800,11.6100,11.7200,11.6500,4335205,50758352.2400
2025-05-29,sh.603218,11.7200,11.9100,11.6400,11.8600,11.7200,6438952,76186188.1600
2025-05-30,sh.603218,11.8600,11.8600,11.5600,11.6400,11.8600,8421310,98276289.2000
2025-06-03,sh.603218,11.5700,11.8100,11.5500,11.7500,11.6400,9306750,109071155.2800
2025-06-04,sh.603218,11.6800,11.8500,11.5700,11.6300,11.7500,10906903,127372014.3800
2025-06-05,sh.603218,11.6400,11.6800,11.5200,11.5500,11.6300,8031050,92821360.6200
2025-06-06,sh.603218,11.5600,11.5700,11.4100,11.4600,11.5500,8936264,102398990.8800
2025-06-09,sh.603218,11.4600,11.6500,11.4400,11.5900,11.4600,8937296,103524108.6200
2025-06-10,sh.603218,11.5600,11.6600,11.3800,11.5200,11.5900,7542468,86829585.3400
2025-06-11,sh.603218,11.5000,11.7100,11.4800,11.6200,11.5200,7487889,87013359.5100
2025-06-12,sh.603218,11.6300,11.6800,11.5500,11.6800,11.6200,5437000,63254507.0000
2025-06-13,sh.603218,11.6500,12.1900,11.6000,12.0200,11.6800,21566065,257605897.2500
2025-06-16,sh.603218,12.1000,12.7500,12.0800,12.4300,12.0200,28318906,352611142.5200
2025-06-17,sh.603218,12.4800,12.7500,12.3100,12.5200,12.4300,26490312,332500825.0600
2025-06-18,sh.603218,12.5200,12.6900,12.4000,12.5500,12.5200,18299422,229563469.8800
2025-06-19,sh.603218,12.5000,12.6100,12.2900,12.4000,12.5500,13553200,168288533.7600
2025-06-20,sh.603218,12.3900,12.4500,12.1400,12.1800,12.4000,10920600,134026540.0000
2025-06-23,sh.603218,12.1400,12.6000,12.1400,12.3000,12.1800,13960552,172470107.0000
2025-06-24,sh.603218,12.3000,12.7000,12.2700,12.6100,12.3000,18847283,236960989.6300
2025-06-25,sh.603218,12.7100,12.7400,12.4600,12.6100,12.6100,12295900,154624176.0000
2025-06-26,sh.603218,12.5600,12.7300,12.4600,12.5100,12.6100,15988248,201346143.4400
2025-06-27,sh.603218,12.5100,12.6300,12.4300,12.5400,12.5100,13180960,165168993.3300
2025-06-30,sh.603218,12.5500,12.7300,12.5500,12.6900,12.5400,12232665,154881397.9300
2025-07-01,sh.603218,12.6900,12.9000,12.5700,12.8600,12.6900,16807430,214911377.8800
2025-07-02,sh.603218,12.9900,13.0900,12.5900,12.6300,12.8600,18205256,231566816.7200
2025-07-03,sh.603218,12.5900,12.6800,12.4900,12.6200,12.6300,12390697,155848282.9500
2025-07-04,sh.603218,12.5800,12.6500,12.3600,12.4000,12.6200,12353260,153996015.2000
2025-07-07,sh.603218,12.4000,12.5200,12.3500,12.4000,12.4000,6471837,80295350.1700
2025-07-08,sh.603218,12.4200,12.8300,12.3900,12.7600,12.4000,14961895,189803767.3200
2025-07-09,sh.603218,12.7600,12.8700,12.6500,12.6600,12.7600,8702516,110878699.7600
2025-07-10,sh.603218,12.6700,12.7500,12.6100,12.6800,12.6600,7743375,98104560.5000
2025-07-11,sh.603218,12.7400,12.7600,12.6000,12.7100,12.6800,9751000,123788454.0000
2025-07-14,sh.603218,12.7000,12.7600,12.6600,12.7300,12.7100,9856820,125328699.6000
2025-07-15,sh.603218,12.7200,12.7700,12.5000,12.6200,12.7300,11116600,140246367.0000
2025-07-16,sh.603218,12.3200,12.3600,12.2000,12.3500,12.2700,9376949,115144132.3200
2025-07-17,sh.603218,12.3500,12.4000,12.1900,12.2600,12.3500,10063712,123374498.3600
2025-07-18,sh.603218,12.2700,12.3800,12.1300,12.2300,12.2600,11076762,135546381.5000
2025-07-21,sh.603218,12.2400,12.5800,12.2400,12.5500,12.2300,15054959,187373120.9400
2025-07-22,sh.603218,12.6000,12.7200,12.4700,12.6800,12.5500,13953014,176177433.3400
2025-07-23,sh.603218,12.6800,12.8800,12.5700,12.5800,12.6800,13371849,169753409.6500
2025-07-24,sh.603218,12.5500,12.6700,12.5300,12.6400,12.5800,12306394,154978713.4200
2025-07-25,sh.603218,12.6300,12.7300,12.5800,12.5900,12.6400,8001612,101093165.7400
2025-07-28,sh.603218,12.5800,12.6100,12.4700,12.5000,12.5900,8364740,104805121.2000
2025-07-29,sh.603218,12.5000,12.5500,12.2300,12.4500,12.5000,12514350,154446235.2500
2025-07-30,sh.603218,12.4400,12.4900,12.3200,12.3900,12.4500,8751497,108692601.0200
2025-07-31,sh.603218,12.3300,12.4400,12.0700,12.1200,12.3900,10878222,132911338.7200
2025-08-01,sh.603218,12.1800,12.3800,12.1400,12.2100,12.1200,9133010,112074177.8400
2025-08-04,sh.603218,12.1300,12.2800,12.1300,12.2800,12.2100,6836090,83482769.0800
2025-08-05,sh.603218,12.2700,12.4500,12.2700,12.4500,12.2800,7355794,91025100.8000
2025-08-06,sh.603218,12.4500,12.6400,12.3200,12.4500,12.4500,9658722,120305461.5800
2025-08-07,sh.603218,12.4700,12.5000,12.2900,12.3900,12.4500,7447280,92114758.6800
2025-08-08,sh.603218,12.3900,12.7300,12.3300,12.7000,12.3900,21762418,274318865.5500
2025-08-11,sh.603218,12.7300,13.3600,12.7000,13.1300,12.7000,26232505,342096787.9000
2025-08-12,sh.603218,13.1300,13.2100,13.0300,13.1200,13.1300,12610784,165297988.5900
2025-08-13,sh.603218,13.1400,13.1900,13.0000,13.1600,13.1200,12348339,161815498.8000
2025-08-14,sh.603218,13.1800,13.2100,12.8200,12.9100,13.1600,13319765,172395533.4300
2025-08-15,sh.603218,12.8100,13.5000,12.8100,13.2600,12.9100,24944200,331023088.9100
2025-08-18,sh.603218,13.3500,13.4800,13.2000,13.2600,13.2600,21419100,286000793.1600
2025-08-19,sh.603218,13.2300,13.3000,13.1400,13.1600,13.2600,14996268,198043844.3400
2025-08-20,sh.603218,13.1700,13.3600,13.0500,13.3500,13.1600,13293732,175978693.6600
2025-08-21,sh.603218,13.3500,13.3800,13.1300,13.2200,13.3500,11368422,150371930.8400
2025-08-22,sh.603218,13.1500,13.2900,13.1100,13.2500,13.2200,11071456,146126318.1200
2025-08-25,sh.603218,13.3200,13.7800,13.3200,13.6500,13.2500,23522243,320005780.1500
2025-08-26,sh.603218,13.6100,13.6600,13.4500,13.6100,13.6500,13301882,180386830.7400
2025-08-27,sh.603218,13.6200,13.6900,13.2900,13.2900,13.6100,14733748,199287029.7600
2025-08-28,sh.603218,13.2600,13.4800,12.9000,13.3600,13.2900,19294257,254203096.9100
2025-08-29,sh.603218,13.3000,13.3000,12.7400,12.9200,13.3600,31599680,408236067.9600
2025-09-01,sh.603218,13.0000,13.0300,12.6100,12.7700,12.9200,20546190,261782589.5000
2025-09-02,sh.603218,12.7700,12.7800,12.3500,12.4500,12.7700,17765457,221857012.4300
2025-09-03,sh.603218,12.4800,12.5200,12.2400,12.3600,12.4500,16983874,209940735.4800
2025-09-04,sh.603218,12.3700,12.6300,12.2100,12.3400,12.3600,16483162,204927836.4400
2025-09-05,sh.603218,12.3600,13.2700,12.3600,13.2500,12.3400,36165615,466484849.7100
2025-09-08,sh.603218,13.2500,13.3300,12.9900,13.2900,13.2500,25040769,329850366.9900
2025-09-09,sh.603218,13.2500,13.3000,12.9600,12.9900,13.2900,14691269,192565088.8100
2025-09-10,sh.603218,13.0000,13.0100,12.6800,12.7500,12.9900,13168664,168540665.3000
2025-09-11,sh.603218,12.6800,13.1400,12.6200,13.0200,12.7500,13028971,168264458.9200
2025-09-12,sh.603218,13.0300,13.0400,12.7800,12.8300,13.0200,13861482,178390345.0600
2025-09-15,sh.603218,12.7900,12.9400,12.6500,12.6600,12.8300,10240220,130445254.8000
2025-09-16,sh.603218,12.6600,12.6800,12.4200,12.5900,12.6600,10167763,127543678.0400
2025-09-17,sh.603218,12.5300,13.0900,12.5200,12.9800,12.5900,22725252,293045765.9200
2025-09-18,sh.603218,12.9300,13.3300,12.7800,12.9200,12.9800,26845737,350659566.0600
2025-09-19,sh.603218,12.8600,13.2000,12.8200,12.9300,12.9200,14319124,186184071.8500
2025-09-22,sh.603218,12.9300,12.9600,12.6300,12.7400,12.9300,10707400,136284151.0000
2025-09-23,sh.603218,12.7100,12.9600,12.3100,12.8200,12.7400,19206700,241290078.1600
2025-09-24,sh.603218,12.7300,13.1000,12.6900,13.0600,12.8200,16654815,215205709.2800
2025-09-25,sh.603218,13.0900,13.5500,13.0400,13.2800,13.0600,27841750,371670737.7600
2025-09-26,sh.603218,13.3000,14.6100,13.2600,14.4000,13.2800,102649355,1468887839.5500
2025-09-29,sh.603218,14.6000,14.8200,14.1700,14.3400,14.4000,71261186,1032644030.3800
2025-09-30,sh.603218,14.3100,15.1600,14.3100,14.6900,14.3400,44228069,651335871.9600
2025-10-09,sh.603218,14.6900,14.9300,14.4500,14.8100,14.6900,45188017,666682171.5000
2025-10-10,sh.603218,14.7400,15.0600,14.6500,14.9900,14.8100,42797130,637658132.5500
2025-10-13,sh.603218,14.4000,15.0600,14.2800,15.0200,14.9900,41546589,614430142.3400
2025-10-14,sh.603218,15.0800,15.6900,14.6300,14.7600,15.0200,46073018,698232747.4900
2025-10-15,sh.603218,14.6900,14.9600,14.4900,14.7800,14.7600,28304272,416349761.1300
2025-10-16,sh.603218,14.6600,14.7000,14.3500,14.3900,14.7800,22519513,325978659.5300
2025-10-17,sh.603218,14.3400,14.4000,13.5500,13.5500,14.3900,31993398,444064120.4700
2025-10-20,sh.603218,13.7700,13.8900,13.4600,13.5200,13.5500,18197995,248464304.6200
2025-10-21,sh.603218,13.6300,13.8500,13.5500,13.6500,13.5200,16643510,228238534.6600
2025-10-22,sh.603218,13.6500,14.1000,13.5200,13.8800,13.6500,27254970,377893219.7800
2025-10-23,sh.603218,13.7200,14.2300,13.5200,14.2000,13.8800,24303616,338046047.5700
2025-10-24,sh.603218,14.2000,15.0800,14.2000,14.8400,14.2000,37806935,561348968.5700
2025-10-27,sh.603218,14.7400,14.8800,14.4800,14.5500,14.8400,22261421,324995097.6900
2025-10-28,sh.603218,14.4800,14.5900,14.2900,14.3400,14.5500,15422365,221798468.3100
2025-10-29,sh.603218,14.2500,14.8600,14.1700,14.8200,14.3400,21768070,317478959.0700
2025-10-30,sh.603218,14.6200,14.8100,14.4500,14.5300,14.8200,21715022,317694628.4400
2025-10-31,sh.603218,14.5300,15.0000,14.4800,14.5400,14.5300,17736144,261377843.6700
2025-11-03,sh.603218,14.5400,14.6300,14.1900,14.4300,14.5400,16262646,233548169.7800
2025-11-04,sh.603218,14.4300,14.5100,13.9900,14.1000,14.4300,14520800,205551764.0000
2025-11-05,sh.603218,13.9900,14.4300,13.8700,14.3600,14.1000,15174948,215935564.3200
2025-11-06,sh.603218,14.3600,14.8400,14.3000,14.6300,14.3600,19031607,278089506.3100
2025-11-07,sh.603218,14.5100,14.6900,14.3300,14.5600,14.6300,12485418,181826967.6900
2025-11-10,sh.603218,14.6800,14.6800,14.2600,14.3200,14.5600,19052395,274046841.2000
2025-11-11,sh.603218,14.3800,14.7200,14.3800,14.5600,14.3200,16476621,240106688.1600
2025-11-12,sh.603218,14.4600,14.5500,13.9000,14.0500,14.5600,17841928,251909021.1800
2025-11-13,sh.603218,14.0600,14.3500,14.0000,14.1600,14.0500,13191408,187694164.7800
2025-11-14,sh.603218,14.2000,14.5200,14.0100,14.1900,14.1600,14336214,204932890.6800
2025-11-17,sh.603218,14.1700,14.2400,13.7300,13.7800,14.1900,14963868,207563947.6600
2025-11-18,sh.603218,13.8300,14.1500,13.6100,13.6700,13.7800,13225480,182759728.8000
2025-11-19,sh.603218,13.6700,13.8400,13.3300,13.4400,13.6700,13149959,177232465.9400
2025-11-20,sh.603218,13.4900,13.5300,13.2100,13.2700,13.4400,8246785,110267821.9500
2025-11-21,sh.603218,13.2000,13.2000,12.7200,12.7700,13.2700,13650337,176098892.6300
2025-11-24,sh.603218,12.7700,13.1600,12.7700,13.0600,12.7700,11799083,153871411.0700
2025-11-25,sh.603218,13.1200,13.1500,12.9300,12.9500,13.0600,10082895,131424255.3500
2025-11-26,sh.603218,12.9600,12.9900,12.7700,12.7800,12.9500,7955698,102316893.0600
2025-11-27,sh.603218,12.7900,12.9300,12.7700,12.7900,12.7800,6094500,78369398.0000
2025-11-28,sh.603218,12.8300,12.9200,12.7300,12.8700,12.7900,7063616,90919334.4800
2025-12-01,sh.603218,12.9000,13.0000,12.7300,12.8000,12.8700,11310851,144829479.7800
2025-12-02,sh.603218,12.8000,12.8100,12.6200,12.7400,12.8000,6782044,86153024.0000
2025-12-03,sh.603218,12.7400,12.9500,12.7200,12.8400,12.7400,9175084,117839399.0500
2025-12-04,sh.603218,12.8500,13.0000,12.7800,12.9600,12.8400,8786249,113490393.5200
2025-12-05,sh.603218,12.9800,13.1500,12.8700,13.0600,12.9600,10393428,135335931.9800
2025-12-08,sh.603218,13.0600,13.1200,12.8700,12.9000,13.0600,11090602,143619476.2100
2025-12-09,sh.603218,12.9500,13.0100,12.7300,12.7600,12.9000,9107365,116913779.7000
2025-12-10,sh.603218,12.7300,12.8000,12.5700,12.7900,12.7600,10036460,127079145.8000
2025-12-11,sh.603218,12.7900,13.1800,12.7900,12.8600,12.7900,11731200,152033906.0200
2025-12-12,sh.603218,12.8000,13.0500,12.8000,12.9800,12.8600,11143402,144462256.5800
2025-12-15,sh.603218,12.9400,13.1700,12.9000,13.0200,12.9800,8383282,109313415.0200
2025-12-16,sh.603218,12.9700,13.0000,12.6100,12.6300,13.0200,10516316,133597522.1400
2025-12-17,sh.603218,12.6100,12.7700,12.4000,12.7400,12.6300,8854309,111395900.4800
2025-12-18,sh.603218,12.6500,12.7700,12.6100,12.6700,12.7400,5368503,68124978.9800
2025-12-19,sh.603218,12.7000,12.8400,12.6800,12.7300,12.6700,6368200,81276586.0000
2025-12-22,sh.603218,12.7000,12.9200,12.7000,12.8600,12.7300,6998300,89955017.0000
2025-12-23,sh.603218,12.8700,12.9800,12.7800,12.9000,12.8600,6910680,89125119.9700
2025-12-24,sh.603218,12.8600,13.1900,12.7800,13.1500,12.9000,10275173,134321711.6700
2025-12-25,sh.603218,13.2000,13.4100,13.1100,13.3400,13.1500,9331900,124164325.0000
2025-12-26,sh.603218,13.3000,13.4300,13.2100,13.2800,13.3400,9255262,123458561.0800
2025-12-29,sh.603218,13.2900,13.5000,13.2100,13.3500,13.2800,9246222,123937313.9400
2025-12-30,sh.603218,13.3000,13.3900,13.1100,13.2000,13.3500,8170602,108291299.5400
2025-12-31,sh.603218,13.1900,13.2800,13.0200,13.2500,13.2000,8252600,108770426.0000
