date,code,open,high,low,close,preclose,volume,amount
2019-01-02,sh.600821,3.9900,4.0700,3.9900,4.0100,3.9900,1750101,7055758.0000
2019-01-03,sh.600821,4.0100,4.0700,3.9800,4.0100,4.0100,1658902,6668683.0000
2019-01-04,sh.600821,3.9900,4.1000,3.9700,4.1000,4.0100,2481562,10083189.0000
2019-01-07,sh.600821,4.1700,4.2000,4.1000,4.2000,4.1000,2760548,11489857.0000
2019-01-08,sh.600821,4.2000,4.2600,4.1500,4.1700,4.2000,2231400,9340630.0000
2019-01-09,sh.600821,4.1500,4.3500,4.1500,4.2400,4.1700,6321500,26783697.0000
2019-01-10,sh.600821,4.2100,4.2500,4.1500,4.1600,4.2400,4053510,17004826.0000
2019-01-11,sh.600821,4.1600,4.2000,4.1400,4.2000,4.1600,2120112,8836569.0000
2019-01-14,sh.600821,4.1700,4.2100,4.1000,4.1100,4.2000,3954100,16390746.0000
2019-01-15,sh.600821,4.1200,4.1700,4.1000,4.1700,4.1100,2304100,9534499.0000
2019-01-16,sh.600821,4.1800,4.5900,4.1500,4.5900,4.1700,14309489,63214755.0000
2019-01-17,sh.600821,4.6000,4.6400,4.4000,4.4200,4.5900,16543723,74592467.0000
2019-01-18,sh.600821,4.4400,4.5500,4.2700,4.4000,4.4200,12302569,53981280.0000
2019-01-21,sh.600821,4.3700,4.3700,4.2800,4.3300,4.4000,8111296,34997570.0000
2019-01-22,sh.600821,4.3000,4.3300,4.2400,4.3000,4.3300,4905558,20965340.0000
2019-01-23,sh.600821,4.3000,4.3300,4.2600,4.3300,4.3000,4428702,19061325.0000
2019-01-24,sh.600821,4.3100,4.4800,4.3000,4.3800,4.3300,7722831,34093904.0000
2019-01-25,sh.600821,4.3300,4.5900,4.3300,4.4000,4.3800,8488500,37848555.0000
2019-01-28,sh.600821,4.4000,4.4900,4.2400,4.2900,4.4000,7037032,30454099.0000
2019-01-29,sh.600821,4.2300,4.3800,4.0800,4.2400,4.2900,6145701,25922074.0000
2019-01-30,sh.600821,4.1200,4.3300,4.0800,4.0900,4.2400,4590001,19156321.0000
2019-01-31,sh.600821,3.8000,3.9500,3.6800,3.7500,4.0900,7718498,29471540.0000
2019-02-01,sh.600821,3.7800,3.9400,3.7600,3.9000,3.7500,2832700,10955375.0000
2019-02-11,sh.600821,3.9200,3.9700,3.9000,3.9500,3.9000,2609710,10275829.0000
2019-02-12,sh.600821,3.9600,4.0500,3.9400,4.0300,3.9500,3019210,12098916.0000
2019-02-13,sh.600821,4.0300,4.0900,3.9700,4.0700,4.0300,3089000,12512901.0000
2019-02-14,sh.600821,4.0700,4.1600,4.0600,4.0800,4.0700,2911154,11911768.0000
2019-02-15,sh.600821,4.0600,4.2000,4.0300,4.1400,4.0800,5460165,22515218.0000
2019-02-18,sh.600821,4.1300,4.2500,4.1200,4.2300,4.1400,5576816,23337920.0000
2019-02-19,sh.600821,4.2400,4.2600,4.1600,4.2200,4.2300,4427806,18661168.0000
2019-02-20,sh.600821,4.2200,4.2300,4.1700,4.2200,4.2200,3808900,16024411.0000
2019-02-21,sh.600821,4.2000,4.2700,4.1800,4.2000,4.2200,5486501,23196106.0000
2019-02-22,sh.600821,4.1900,4.2700,4.1700,4.2700,4.2000,4848549,20487926.0000
2019-02-25,sh.600821,4.3000,4.4300,4.2500,4.4200,4.2700,9280517,40556171.0000
2019-02-26,sh.600821,4.4600,4.5100,4.3500,4.4200,4.4200,10756289,47576696.0000
2019-02-27,sh.600821,4.4000,4.5400,4.3800,4.4700,4.4200,9598817,42931799.0000
2019-02-28,sh.600821,4.4600,4.5100,4.4100,4.4700,4.4700,5906697,26322955.0000
2019-03-01,sh.600821,4.4600,4.5200,4.4100,4.5100,4.4700,6490873,28915487.0000
2019-03-04,sh.600821,4.5000,4.6300,4.4800,4.5400,4.5100,9067966,41430204.0000
2019-03-05,sh.600821,4.5300,4.8800,4.5000,4.7500,4.5400,13414580,63049916.0000
2019-03-06,sh.600821,4.7300,5.1100,4.7000,4.8900,4.7500,13106246,64064647.0000
2019-03-07,sh.600821,4.8300,5.1800,4.8200,5.0700,4.8900,13562926,67991953.0000
2019-03-08,sh.600821,4.9800,5.3200,4.8600,4.9200,5.0700,15001696,76696072.0000
2019-03-11,sh.600821,4.9700,5.0700,4.8300,5.0500,4.9200,7937633,39545424.0000
2019-03-12,sh.600821,5.0700,5.1800,4.9900,5.1300,5.0500,9813488,49976323.0000
2019-03-13,sh.600821,5.0900,5.3000,5.0000,5.0700,5.1300,10403744,53867451.0000
2019-03-14,sh.600821,4.9900,5.1400,4.9000,4.9400,5.0700,8716060,43535672.0000
2019-03-15,sh.600821,5.0900,5.4000,5.0100,5.1700,4.9400,23255635,120888966.0000
2019-03-18,sh.600821,5.0800,5.1200,4.8100,5.0500,5.1700,11192764,55848224.0000
2019-03-19,sh.600821,4.9800,5.0800,4.9700,5.0100,5.0500,6301953,31623204.0000
2019-03-20,sh.600821,5.0000,5.0000,4.8500,4.9700,5.0100,5669856,28055149.0000
2019-03-21,sh.600821,4.9700,5.3800,4.9400,5.1400,4.9700,26499029,137823885.0000
2019-03-22,sh.600821,5.3700,5.5400,5.0700,5.1000,5.1400,31302824,163295274.0000
2019-03-25,sh.600821,4.9800,5.0000,4.7800,4.8000,5.1000,23204387,113746164.0000
2019-03-26,sh.600821,4.8700,4.8700,4.6800,4.7000,4.8000,7914737,37699045.0000
2019-03-27,sh.600821,4.7100,4.7500,4.6300,4.7200,4.7000,5889001,27595669.0000
2019-03-28,sh.600821,4.7100,4.7400,4.6300,4.6400,4.7200,5124320,23988706.0000
2019-03-29,sh.600821,4.6500,4.7600,4.5800,4.7500,4.6400,6946918,32645307.0000
2019-04-01,sh.600821,4.7600,5.0900,4.7600,4.8800,4.7500,25700290,126760643.0000
2019-04-02,sh.600821,4.8900,4.9700,4.8000,4.8500,4.8800,18232358,89035409.0000
2019-04-03,sh.600821,4.8100,4.9600,4.8100,4.9300,4.8500,10712181,52363020.0000
2019-04-04,sh.600821,4.9300,4.9700,4.8600,4.9200,4.9300,7147546,35083708.0000
2019-04-08,sh.600821,4.9100,4.9700,4.8300,4.8700,4.9200,7808034,38240898.0000
2019-04-09,sh.600821,4.8700,4.9700,4.8600,4.9700,4.8700,10178227,50248651.0000
2019-04-10,sh.600821,4.9700,5.1000,4.8900,5.0900,4.9700,13217705,66468520.0000
2019-04-11,sh.600821,5.0600,5.0900,4.9100,4.9400,5.0900,9710158,48505131.0000
2019-04-12,sh.600821,4.9100,5.0200,4.8800,5.0100,4.9400,6721282,33397780.0000
2019-04-15,sh.600821,5.0200,5.3000,4.9800,5.1200,5.0100,16985232,87289743.0000
2019-04-16,sh.600821,5.0000,5.1200,4.9000,5.1200,5.1200,13799397,69094279.0000
2019-04-17,sh.600821,5.1200,5.1200,5.0500,5.0700,5.1200,12141487,61711749.0000
2019-04-18,sh.600821,5.0600,5.1400,5.0000,5.0400,5.0700,8727912,44237250.0000
2019-04-19,sh.600821,5.0400,5.0600,4.9300,5.0300,5.0400,6785289,33888931.0000
2019-04-22,sh.600821,5.0100,5.0700,4.9700,5.0600,5.0300,7486135,37667670.0000
2019-04-23,sh.600821,5.0500,5.0600,4.8500,4.8600,5.0600,9529958,47142898.0000
2019-04-24,sh.600821,4.8700,4.9100,4.7500,4.8900,4.8600,5601841,27188292.0000
2019-04-25,sh.600821,4.8700,4.9400,4.6700,4.7100,4.8900,6410428,30834889.0000
2019-04-26,sh.600821,4.7100,4.7100,4.5100,4.5200,4.7100,9112589,41690062.0000
2019-04-29,sh.600821,4.4900,4.5300,4.1800,4.2600,4.5200,6474200,28196593.0000
2019-04-30,sh.600821,4.2900,4.4000,4.2800,4.3400,4.2600,3011700,13109041.0000
2019-05-06,sh.600821,4.1800,4.2500,3.9600,4.0000,4.3400,6075000,24869887.0000
2019-05-07,sh.600821,4.0300,4.1700,4.0100,4.1600,4.0000,3361339,13794515.0000
2019-05-08,sh.600821,4.0900,4.3300,4.0600,4.2100,4.1600,3711600,15685956.0000
2019-05-09,sh.600821,4.1800,4.2700,4.1600,4.2300,4.2100,2352300,9938064.0000
2019-05-10,sh.600821,4.2200,4.3500,4.1500,4.3200,4.2300,4194052,17896111.0000
2019-05-13,sh.600821,4.3200,4.3400,4.2100,4.2500,4.3200,3049700,13047467.0000
2019-05-14,sh.600821,4.2100,4.2600,4.1600,4.1800,4.2500,3004543,12627686.0000
2019-05-15,sh.600821,4.1900,4.2700,4.1900,4.2600,4.1800,2255300,9570492.0000
2019-05-16,sh.600821,4.2600,4.3400,4.2500,4.3400,4.2600,3083243,13271844.0000
2019-05-17,sh.600821,4.3000,4.3400,4.0300,4.1000,4.3400,4495185,18827707.0000
2019-05-20,sh.600821,4.0500,4.1000,4.0000,4.0800,4.1000,2465709,9975821.0000
2019-05-21,sh.600821,4.0300,4.1800,4.0100,4.1400,4.0800,2434327,10072230.0000
2019-05-22,sh.600821,4.1500,4.1800,4.0000,4.1100,4.1400,3213286,13182687.0000
2019-05-23,sh.600821,4.1100,4.2500,4.0400,4.1200,4.1100,3539400,14638926.0000
2019-05-24,sh.600821,4.0500,4.1300,4.0100,4.0500,4.1200,2955800,12022499.0000
2019-05-27,sh.600821,4.0200,4.3600,4.0200,4.3000,4.0500,6886789,28868599.0000
2019-05-28,sh.600821,4.2500,4.2900,4.1800,4.2000,4.3000,5220189,22074875.0000
2019-05-29,sh.600821,4.1900,4.2500,4.1900,4.2100,4.2000,2710488,11416994.0000
2019-05-30,sh.600821,4.2100,4.2300,4.0500,4.1300,4.2100,3283540,13543439.0000
2019-05-31,sh.600821,4.1300,4.2200,4.1300,4.1400,4.1300,2361700,9856509.0000
2019-06-03,sh.600821,4.1400,4.1900,4.0700,4.0800,4.1400,1958702,8043095.0000
2019-06-04,sh.600821,4.0700,4.1500,4.0500,4.0700,4.0800,1941710,7956130.0000
2019-06-05,sh.600821,4.1100,4.1500,4.0700,4.0800,4.0700,1899100,7785619.0000
2019-06-06,sh.600821,4.0600,4.0800,3.9800,4.0300,4.0800,2361102,9513786.0000
2019-06-10,sh.600821,4.0300,4.0700,4.0100,4.0400,4.0300,1267128,5127393.0000
2019-06-11,sh.600821,4.0500,4.1700,4.0500,4.1600,4.0400,3609400,14842614.0000
2019-06-12,sh.600821,4.1500,4.1800,4.0900,4.1100,4.1600,2433100,10037011.0000
2019-06-13,sh.600821,4.0800,4.1400,4.0800,4.1300,4.1100,2061962,8483137.0000
2019-06-14,sh.600821,4.1400,4.1500,4.0100,4.0400,4.1300,3160262,12834279.0000
2019-06-17,sh.600821,4.0100,4.0700,3.9900,4.0500,4.0400,1391502,5616777.0000
2019-06-18,sh.600821,4.0500,4.0700,4.0300,4.0500,4.0500,1166200,4719625.0000
2019-06-19,sh.600821,4.1100,4.1400,4.0600,4.0700,4.0500,2253852,9222068.0000
2019-06-20,sh.600821,4.0700,4.1600,4.0400,4.1400,4.0700,3601204,14781063.0000
2019-06-21,sh.600821,4.2200,4.3000,4.1800,4.2100,4.1400,4761377,20165811.0000
2019-06-24,sh.600821,4.2100,4.3000,4.1500,4.2600,4.2100,4436716,18768439.0000
2019-06-25,sh.600821,4.2500,4.2500,4.1400,4.1800,4.2600,3250016,13585969.0000
2019-06-26,sh.600821,4.1800,4.2200,4.1600,4.2000,4.1800,2137095,8956235.0000
2019-06-27,sh.600821,4.2000,4.2300,4.1800,4.1900,4.2000,2568300,10781786.0000
2019-06-28,sh.600821,4.2100,4.2500,4.1300,4.1300,4.1900,3161420,13193989.0000
2019-07-01,sh.600821,4.1800,4.2700,4.1700,4.2300,4.1300,3867121,16319236.0000
2019-07-02,sh.600821,4.2300,4.2500,4.2000,4.2100,4.2300,2343120,9883871.0000
2019-07-03,sh.600821,4.2100,4.2400,4.1600,4.2000,4.2100,2571341,10791938.0000
2019-07-04,sh.600821,4.2000,4.2300,4.1700,4.1900,4.2000,1606051,6740811.0000
2019-07-05,sh.600821,4.2200,4.2200,4.1600,4.2000,4.1900,1960909,8228344.0000
2019-07-08,sh.600821,4.1800,4.2000,4.0200,4.0600,4.2000,3681100,14999939.0000
2019-07-09,sh.600821,4.0500,4.0700,3.9900,4.0400,4.0600,2430730,9771279.0000
2019-07-10,sh.600821,4.0500,4.0600,3.9600,3.9900,4.0400,2515900,10054594.0000
2019-07-11,sh.600821,4.0000,4.0500,3.9600,3.9900,3.9900,1864300,7459229.0000
2019-07-12,sh.600821,3.9900,4.0400,3.9700,4.0400,3.9900,1802195,7238813.0000
2019-07-15,sh.600821,4.0200,4.0600,3.9700,4.0500,4.0400,1793428,7232962.0000
2019-07-16,sh.600821,4.0500,4.0800,4.0300,4.0400,4.0500,1577600,6393630.0000
2019-07-17,sh.600821,4.0500,4.0900,4.0400,4.0500,4.0400,1975000,8027651.0000
2019-07-18,sh.600821,4.0500,4.0600,4.0000,4.0100,4.0500,1360954,5465272.0000
2019-07-19,sh.600821,4.0100,4.0600,4.0000,4.0400,4.0100,1228300,4959711.0000
2019-07-22,sh.600821,4.0500,4.0500,3.9600,3.9900,4.0400,2732000,10889651.0000
2019-07-23,sh.600821,3.9900,4.0000,3.9500,3.9700,3.9900,2718600,10808142.0000
2019-07-24,sh.600821,3.9600,4.0300,3.9600,4.0000,3.9700,2026936,8114616.0000
2019-07-25,sh.600821,4.0100,4.0200,3.9800,4.0000,4.0000,989578,3952366.0000
2019-07-26,sh.600821,4.0000,4.0100,3.9800,3.9900,4.0000,700000,2793470.0000
2019-07-29,sh.600821,3.9800,4.0000,3.9600,3.9800,3.9900,966430,3842469.0000
2019-07-30,sh.600821,3.9700,4.0200,3.9700,4.0000,3.9800,1285401,5142938.0000
2019-07-31,sh.600821,4.0000,4.0200,3.9700,3.9900,4.0000,1134200,4516261.0000
2019-08-01,sh.600821,3.9900,3.9900,3.9500,3.9700,3.9900,1508108,5978204.0000
2019-08-02,sh.600821,3.9400,3.9400,3.8400,3.8900,3.9700,1798400,6972338.0000
2019-08-05,sh.600821,3.8600,3.9100,3.8600,3.8600,3.8900,918965,3570548.0000
2019-08-06,sh.600821,3.8300,3.8300,3.6200,3.7300,3.8600,2776300,10360810.0000
2019-08-07,sh.600821,3.7400,3.7800,3.7300,3.7600,3.7300,1209500,4543611.0000
2019-08-08,sh.600821,3.7700,3.8000,3.7500,3.7800,3.7600,974000,3686239.0000
2019-08-09,sh.600821,3.7800,3.8000,3.7000,3.7400,3.7800,1119000,4198670.0000
2019-08-12,sh.600821,3.7400,3.8700,3.7400,3.8300,3.7400,2574826,9815101.0000
2019-08-13,sh.600821,3.8200,4.0600,3.7900,4.0000,3.8300,6225979,24869558.0000
2019-08-14,sh.600821,4.0100,4.0700,4.0000,4.0600,4.0000,3576875,14447984.0000
2019-08-15,sh.600821,4.0400,4.1100,3.9600,4.1000,4.0600,3110679,12570897.0000
2019-08-16,sh.600821,4.1100,4.2400,4.1000,4.1600,4.1000,3662477,15284183.0000
2019-08-19,sh.600821,4.1600,4.1600,4.1600,4.1600,4.1600,0,0.0000
2019-08-20,sh.600821,4.1600,4.1600,4.1600,4.1600,4.1600,0,0.0000
2019-08-21,sh.600821,4.1600,4.1600,4.1600,4.1600,4.1600,0,0.0000
2019-08-22,sh.600821,4.1600,4.1600,4.1600,4.1600,4.1600,0,0.0000
2019-08-23,sh.600821,4.1600,4.1600,4.1600,4.1600,4.1600,0,0.0000
2019-08-26,sh.600821,4.1600,4.1600,4.1600,4.1600,4.1600,0,0.0000
2019-08-27,sh.600821,4.1600,4.1600,4.1600,4.1600,4.1600,0,0.0000
2019-08-28,sh.600821,4.1600,4.1600,4.1600,4.1600,4.1600,0,0.0000
2019-08-29,sh.600821,4.1600,4.1600,4.1600,4.1600,4.1600,0,0.0000
2019-08-30,sh.600821,4.1600,4.1600,4.1600,4.1600,4.1600,0,0.0000
2019-09-02,sh.600821,4.5800,4.5800,4.5800,4.5800,4.1600,1308800,5994304.0000
2019-09-03,sh.600821,5.0400,5.0400,5.0400,5.0400,4.5800,766029,3860786.0000
2019-09-04,sh.600821,5.5400,5.5400,5.5400,5.5400,5.0400,2230701,12358084.0000
2019-09-05,sh.600821,6.0900,6.0900,5.6900,5.9600,5.5400,78986866,465039887.0000
2019-09-06,sh.600821,5.8000,6.2200,5.5300,5.7400,5.9600,48696921,284651284.0000
2019-09-09,sh.600821,5.7000,6.0700,5.5500,5.9300,5.7400,45953903,270293006.0000
2019-09-10,sh.600821,5.9100,6.3800,5.7600,6.0100,5.9300,49506120,299290460.0000
2019-09-11,sh.600821,6.2200,6.3500,5.6500,5.6900,6.0100,43206066,260249760.0000
2019-09-12,sh.600821,5.8200,5.9800,5.6000,5.8800,5.6900,29270371,170498760.0000
2019-09-16,sh.600821,5.8200,5.8800,5.5800,5.6100,5.8800,27291982,154999350.0000
2019-09-17,sh.600821,5.5500,5.6800,5.0900,5.2000,5.6100,28846506,153377267.0000
2019-09-18,sh.600821,5.2000,5.2400,5.1000,5.1600,5.2000,15415526,79525257.0000
2019-09-19,sh.600821,5.1700,5.2700,5.1200,5.2300,5.1600,11483971,59860281.0000
2019-09-20,sh.600821,5.2400,5.3800,5.1500,5.3300,5.2300,14182264,74492968.0000
2019-09-23,sh.600821,5.2200,5.2500,5.0100,5.0800,5.3300,13797533,70123933.0000
2019-09-24,sh.600821,5.0900,5.4500,5.0500,5.2200,5.0800,13873973,72800343.0000
2019-09-25,sh.600821,5.1300,5.2000,5.0400,5.0700,5.2200,9022100,45854060.0000
2019-09-26,sh.600821,5.0600,5.1400,4.8600,4.8600,5.0700,8544204,42644496.0000
2019-09-27,sh.600821,4.8700,5.0100,4.8600,4.9400,4.8600,5951218,29467009.0000
2019-09-30,sh.600821,4.8000,4.9800,4.7500,4.9500,4.9400,7728602,37705228.0000
2019-10-08,sh.600821,4.9000,5.0200,4.8600,4.8600,4.9500,4954500,24440542.0000
2019-10-09,sh.600821,4.8800,4.9800,4.7600,4.9600,4.8600,5201933,25412780.0000
2019-10-10,sh.600821,4.9600,5.0100,4.8900,4.9500,4.9600,4303115,21288059.0000
2019-10-11,sh.600821,4.9400,5.1400,4.9200,5.1400,4.9500,7931032,39954829.0000
2019-10-14,sh.600821,5.3000,5.3500,5.0500,5.0900,5.1400,10477975,53858665.0000
2019-10-15,sh.600821,5.0500,5.1100,4.8300,4.9400,5.0900,8871000,43524680.0000
2019-10-16,sh.600821,4.9200,4.9500,4.8300,4.8300,4.9400,3986494,19483351.0000
2019-10-17,sh.600821,4.8800,4.9000,4.8200,4.8400,4.8300,3013300,14624673.0000
2019-10-18,sh.600821,4.8800,4.8900,4.7000,4.7500,4.8400,4231922,20217716.0000
2019-10-21,sh.600821,4.7900,4.8000,4.6900,4.7300,4.7500,2761700,13067182.0000
2019-10-22,sh.600821,4.7400,4.7600,4.6700,4.7300,4.7300,4260099,20050455.0000
2019-10-23,sh.600821,4.7100,4.7400,4.6800,4.6900,4.7300,3425380,16087446.0000
2019-10-24,sh.600821,4.6700,4.7400,4.6700,4.7000,4.6900,3233651,15203411.0000
2019-10-25,sh.600821,4.6900,4.7000,4.6100,4.6500,4.7000,4437432,20602579.0000
2019-10-28,sh.600821,4.6200,4.7000,4.6000,4.6900,4.6500,4388841,20442476.0000
2019-10-29,sh.600821,4.6900,4.6900,4.5000,4.5100,4.6900,5374671,24580770.0000
2019-10-30,sh.600821,4.5100,4.5500,4.3500,4.3600,4.5100,5001075,22071390.0000
2019-10-31,sh.600821,4.3900,4.4400,4.3200,4.3200,4.3600,3695091,16150799.0000
2019-11-01,sh.600821,4.3300,4.4500,4.3300,4.4200,4.3200,3980500,17508938.0000
2019-11-04,sh.600821,4.4400,4.4800,4.3700,4.3700,4.4200,3362790,14890788.0000
2019-11-05,sh.600821,4.4000,4.8100,4.3800,4.8100,4.3700,21793407,104154907.0000
2019-11-06,sh.600821,4.7600,4.7600,4.5400,4.5700,4.8100,15927007,73973860.0000
2019-11-07,sh.600821,4.5700,4.5800,4.4300,4.4900,4.5700,8041199,36062447.0000
2019-11-08,sh.600821,4.5400,4.5400,4.3800,4.4400,4.4900,6762701,30011863.0000
2019-11-11,sh.600821,4.4000,4.4200,4.2400,4.3000,4.4400,6774539,29094453.0000
2019-11-12,sh.600821,4.3600,4.3800,4.2000,4.2800,4.3000,5313558,22713228.0000
2019-11-13,sh.600821,4.2400,4.2500,4.1400,4.1900,4.2800,4747680,19866172.0000
2019-11-14,sh.600821,4.1800,4.2100,4.1200,4.1800,4.1900,3767079,15715545.0000
2019-11-15,sh.600821,4.1800,4.2300,4.0800,4.0900,4.1800,4559100,18792168.0000
2019-11-18,sh.600821,4.0700,4.1500,4.0600,4.1000,4.0900,2795700,11512109.0000
2019-11-19,sh.600821,4.1600,4.2500,4.1200,4.2400,4.1000,3973700,16665249.0000
2019-11-20,sh.600821,4.2100,4.2200,4.1300,4.1500,4.2400,3724603,15560666.0000
2019-11-21,sh.600821,4.1400,4.1900,4.0900,4.1900,4.1500,2679452,11135388.0000
2019-11-22,sh.600821,4.1700,4.2900,4.1000,4.1500,4.1900,4992700,20921556.0000
2019-11-25,sh.600821,4.2100,4.2900,4.0600,4.2600,4.1500,5377180,22527530.0000
2019-11-26,sh.600821,4.2500,4.2800,4.1700,4.1900,4.2600,3341100,14037739.0000
2019-11-27,sh.600821,4.2400,4.2400,4.1700,4.1800,4.1900,2163600,9081258.0000
2019-11-28,sh.600821,4.1800,4.2500,4.1300,4.2000,4.1800,2756400,11557289.0000
2019-11-29,sh.600821,4.1800,4.2000,4.1300,4.1600,4.2000,2237113,9306030.0000
2019-12-02,sh.600821,4.1700,4.2000,4.1500,4.1600,4.1600,1671182,6970947.0000
2019-12-03,sh.600821,4.1500,4.2100,4.1100,4.2100,4.1600,2166000,9043582.0000
2019-12-04,sh.600821,4.2100,4.2600,4.1800,4.2500,4.2100,2808400,11842893.0000
2019-12-05,sh.600821,4.2800,4.2800,4.2200,4.2400,4.2500,2917500,12389921.0000
2019-12-06,sh.600821,4.2500,4.6600,4.2300,4.6600,4.2400,14372377,66340376.0000
2019-12-09,sh.600821,4.5500,4.6000,4.4300,4.4300,4.6600,16933145,76229147.0000
2019-12-10,sh.600821,4.4100,4.5300,4.3900,4.4600,4.4300,8236990,36639740.0000
2019-12-11,sh.600821,4.4400,4.5600,4.3600,4.5600,4.4600,8173992,36288504.0000
2019-12-12,sh.600821,4.5400,5.0200,4.4600,5.0000,4.5600,22239418,105839050.0000
2019-12-13,sh.600821,4.8300,4.9500,4.7300,4.7400,5.0000,14920600,71955134.0000
2019-12-16,sh.600821,4.7800,4.8600,4.6700,4.8500,4.7400,8294445,39698166.0000
2019-12-17,sh.600821,4.8200,4.9100,4.7900,4.8500,4.8500,7605885,36947603.0000
2019-12-18,sh.600821,4.8400,4.8400,4.7100,4.7200,4.8500,8626331,41055596.0000
2019-12-19,sh.600821,4.7200,4.8100,4.6900,4.7400,4.7200,6168900,29199391.0000
2019-12-20,sh.600821,4.7500,4.7500,4.6000,4.6100,4.7400,5906900,27574577.0000
2019-12-23,sh.600821,4.6100,4.7300,4.5700,4.6400,4.6100,5335203,24803393.0000
2019-12-24,sh.600821,4.6100,4.7000,4.6100,4.6800,4.6400,2964000,13843466.0000
2019-12-25,sh.600821,4.6700,4.7200,4.6300,4.7100,4.6800,3841273,17984813.0000
2019-12-26,sh.600821,4.6900,4.7400,4.6600,4.7000,4.7100,2876315,13500042.0000
2019-12-27,sh.600821,4.7200,4.7400,4.6200,4.6400,4.7000,4990210,23394715.0000
2019-12-30,sh.600821,4.5900,4.6100,4.4900,4.5600,4.6400,4880834,22214145.0000
2019-12-31,sh.600821,4.5900,4.6100,4.5400,4.5900,4.5600,2840653,13001323.0000
2020-01-02,sh.600821,4.6200,4.8200,4.6200,4.7300,4.5900,6835401,32407148.0000
2020-01-03,sh.600821,4.7000,4.8900,4.6900,4.8400,4.7300,8404970,40518188.0000
2020-01-06,sh.600821,4.7700,4.8200,4.7100,4.7800,4.8400,6684061,31950086.0000
2020-01-07,sh.600821,4.7800,4.8300,4.7300,4.7800,4.7800,5808863,27780130.0000
2020-01-08,sh.600821,4.7900,4.8500,4.7300,4.7300,4.7800,5691562,27251357.0000
2020-01-09,sh.600821,4.7600,4.8300,4.7300,4.7700,4.7300,3580773,17078491.0000
2020-01-10,sh.600821,4.7900,4.8000,4.7200,4.7600,4.7700,3282608,15612421.0000
2020-01-13,sh.600821,4.7300,4.7600,4.6600,4.6900,4.7600,3909000,18355976.0000
2020-01-14,sh.600821,4.6900,4.7100,4.6600,4.6600,4.6900,2953000,13806462.0000
2020-01-15,sh.600821,4.6300,4.6700,4.5700,4.6100,4.6600,3221400,14861315.0000
2020-01-16,sh.600821,4.6200,4.6400,4.5600,4.5600,4.6100,2365406,10853117.0000
2020-01-17,sh.600821,4.5700,4.6700,4.5600,4.6500,4.5600,3393501,15632365.0000
2020-01-20,sh.600821,4.6400,4.7100,4.5600,4.7000,4.6500,3394828,15649435.0000
2020-01-21,sh.600821,4.6800,4.7200,4.6300,4.6700,4.7000,3055665,14295203.0000
2020-01-22,sh.600821,4.6900,4.6900,4.4900,4.5800,4.6700,2698800,12391627.0000
2020-01-23,sh.600821,4.1500,4.3700,4.1200,4.2000,4.5800,12742104,53467664.0000
2020-02-03,sh.600821,3.7800,3.8200,3.7800,3.7800,4.2000,4495360,17001912.0000
2020-02-04,sh.600821,3.5100,3.8000,3.5100,3.7200,3.7800,5402057,19891654.0000
2020-02-05,sh.600821,3.7200,3.9000,3.7200,3.8200,3.7200,5011430,19239270.0000
2020-02-06,sh.600821,3.8400,3.8800,3.7500,3.8300,3.8200,4941667,18852918.0000
2020-02-07,sh.600821,3.8200,4.1000,3.7800,4.0700,3.8300,6798667,26707516.0000
2020-02-10,sh.600821,4.0500,4.0600,3.9600,4.0200,4.0700,3794224,15207274.0000
2020-02-11,sh.600821,4.0300,4.0400,3.9100,3.9600,4.0200,2670200,10610361.0000
2020-02-12,sh.600821,3.9200,4.0200,3.9200,4.0200,3.9600,2352701,9403656.0000
2020-02-13,sh.600821,4.0100,4.0200,3.9200,3.9300,4.0200,2682290,10627177.0000
2020-02-14,sh.600821,3.9400,4.0000,3.9200,3.9900,3.9300,2597000,10320161.0000
2020-02-17,sh.600821,4.0100,4.0900,4.0100,4.0800,3.9900,3561791,14445444.0000
2020-02-18,sh.600821,4.0800,4.2600,4.0600,4.2400,4.0800,6220190,26116852.0000
2020-02-19,sh.600821,4.2400,4.3000,4.1500,4.1500,4.2400,3456946,14514836.0000
2020-02-20,sh.600821,4.2000,4.2600,4.1400,4.2400,4.1500,4182147,17643841.0000
2020-02-21,sh.600821,4.2300,4.2800,4.2100,4.2400,4.2400,3179813,13454688.0000
2020-02-24,sh.600821,4.2600,4.2600,4.1600,4.2200,4.2400,3900401,16373761.0000
2020-02-25,sh.600821,4.1500,4.1600,3.9100,4.1300,4.2200,6785397,27731399.0000
2020-02-26,sh.600821,4.1000,4.1700,4.0200,4.1000,4.1300,5747670,23513271.0000
2020-02-27,sh.600821,4.1000,4.4600,4.0900,4.2400,4.1000,7202507,30570775.0000
2020-02-28,sh.600821,4.1000,4.1500,3.8300,4.0600,4.2400,6687257,27170034.0000
2020-03-02,sh.600821,4.2700,4.3500,4.0900,4.1800,4.0600,7783492,32896439.0000
2020-03-03,sh.600821,4.1900,4.4500,4.1900,4.2500,4.1800,5854235,25031439.0000
2020-03-04,sh.600821,4.2000,4.2500,4.1400,4.2400,4.2500,4595401,19314340.0000
2020-03-05,sh.600821,4.2500,4.3200,4.2300,4.2800,4.2400,4860091,20757141.0000
2020-03-06,sh.600821,4.2500,4.3800,4.2200,4.3400,4.2800,5278000,22739871.0000
2020-03-09,sh.600821,4.2600,4.4500,4.2200,4.3400,4.3400,6782478,29586241.0000
2020-03-10,sh.600821,4.2900,4.6600,4.1900,4.5200,4.3400,9034640,39384085.0000
2020-03-11,sh.600821,4.5200,4.8500,4.4500,4.7100,4.5200,14290009,66463370.0000
2020-03-12,sh.600821,4.6100,4.7100,4.5900,4.6100,4.7100,8280201,38326577.0000
2020-03-13,sh.600821,4.4400,4.6700,4.3300,4.5700,4.6100,8486133,38455936.0000
2020-03-16,sh.600821,4.5800,4.6600,4.3300,4.3800,4.5700,6850200,30884644.0000
2020-03-17,sh.600821,4.2800,4.4300,4.0800,4.1900,4.3800,6529902,27447793.0000
2020-03-18,sh.600821,4.2000,4.2500,4.0100,4.0200,4.1900,6219160,25838317.0000
2020-03-19,sh.600821,4.0300,4.4200,4.0000,4.3200,4.0200,15212843,65669935.0000
2020-03-20,sh.600821,4.2400,4.2800,4.1500,4.2000,4.3200,8742894,36762415.0000
2020-03-23,sh.600821,4.0800,4.1400,4.0400,4.0400,4.2000,4524985,18472940.0000
2020-03-24,sh.600821,4.1100,4.1300,3.9800,4.0600,4.0400,4895498,19885727.0000
2020-03-25,sh.600821,4.1400,4.1800,4.0900,4.1400,4.0600,3184940,13136579.0000
2020-03-26,sh.600821,4.1200,4.1500,4.0900,4.0900,4.1400,2707543,11140079.0000
2020-03-27,sh.600821,4.1200,4.1600,4.0400,4.0500,4.0900,3814302,15639011.0000
2020-03-30,sh.600821,4.0000,4.0100,3.9000,3.9400,4.0500,3935809,15517012.0000
2020-03-31,sh.600821,3.9400,3.9600,3.8000,3.8200,3.9400,4884200,18906009.0000
2020-04-01,sh.600821,3.8400,3.8800,3.7100,3.7100,3.8200,4336839,16398142.0000
2020-04-02,sh.600821,3.6800,3.7800,3.6300,3.7600,3.7100,4846031,18058331.0000
2020-04-03,sh.600821,3.7400,3.7900,3.7100,3.7800,3.7600,1991481,7468106.0000
2020-04-07,sh.600821,3.8400,3.8700,3.8000,3.8600,3.7800,2559312,9823854.0000
2020-04-08,sh.600821,3.8400,3.9100,3.8300,3.8700,3.8600,1785696,6904653.0000
2020-04-09,sh.600821,3.8900,3.9500,3.8800,3.8900,3.8700,1946601,7610122.0000
2020-04-10,sh.600821,4.0100,4.2800,3.9300,4.1100,3.8900,10971291,45141983.0000
2020-04-13,sh.600821,4.0500,4.0500,3.9200,3.9300,4.1100,4898006,19432630.0000
2020-04-14,sh.600821,3.9100,3.9800,3.9000,3.9400,3.9300,3060695,12067074.0000
2020-04-15,sh.600821,3.9400,4.0100,3.8800,3.9500,3.9400,2956800,11704786.0000
2020-04-16,sh.600821,3.9400,3.9700,3.9000,3.9400,3.9500,2040601,8052058.0000
2020-04-17,sh.600821,3.9400,3.9800,3.9100,3.9600,3.9400,3134467,12361843.0000
2020-04-20,sh.600821,3.9500,3.9500,3.8200,3.8300,3.9600,4581529,17685385.0000
2020-04-21,sh.600821,3.8100,3.8200,3.7400,3.7700,3.8300,3369006,12696815.0000
2020-04-22,sh.600821,3.7800,4.0400,3.7400,3.9700,3.7700,5378190,20952984.0000
2020-04-23,sh.600821,4.0000,4.0000,3.8500,3.8900,3.9700,3342991,13034178.0000
2020-04-24,sh.600821,3.8600,3.8800,3.7000,3.7200,3.8900,5211919,19576335.0000
2020-04-27,sh.600821,3.7200,3.9800,3.6300,3.6800,3.7200,4702700,17611421.0000
2020-04-28,sh.600821,3.6800,3.6800,3.6800,3.6800,3.6800,0,0.0000
2020-04-29,sh.600821,3.5000,3.6100,3.5000,3.5000,3.6800,8367900,29466835.0000
2020-04-30,sh.600821,3.3400,3.5200,3.3400,3.4700,3.5000,7780696,26445005.0000
2020-05-06,sh.600821,3.4500,3.5600,3.4500,3.5400,3.4700,2067873,7279141.0000
2020-05-07,sh.600821,3.5300,3.7200,3.5300,3.6200,3.5400,3778594,13832838.0000
2020-05-08,sh.600821,3.6200,3.7500,3.6100,3.6600,3.6200,1975861,7216562.0000
2020-05-11,sh.600821,3.6300,3.6900,3.5900,3.6300,3.6600,1730090,6281331.0000
2020-05-12,sh.600821,3.6500,3.6600,3.5600,3.6300,3.6300,1092946,3954662.0000
2020-05-13,sh.600821,3.7500,3.8100,3.7100,3.8100,3.6300,1739488,6607899.0000
2020-05-14,sh.600821,4.0000,4.0000,4.0000,4.0000,3.8100,702293,2809172.0000
2020-05-15,sh.600821,4.2000,4.2000,3.9600,4.1100,4.0000,10019814,41018735.0000
2020-05-18,sh.600821,4.1400,4.2700,4.0900,4.1600,4.1100,5121554,21373810.0000
2020-05-19,sh.600821,4.1900,4.2500,4.1400,4.1800,4.1600,4891419,20489523.0000
2020-05-20,sh.600821,4.1800,4.1800,4.1800,4.1800,4.1800,0,0.0000
2020-05-21,sh.600821,4.2400,4.2500,3.9700,3.9700,4.1800,8184420,33187180.0000
2020-05-22,sh.600821,3.9800,4.0900,3.8700,3.9900,3.9700,3713915,14750229.0000
2020-05-25,sh.600821,4.0200,4.0200,3.9200,3.9700,3.9900,2341952,9283482.0000
2020-05-26,sh.600821,3.9600,3.9700,3.8500,3.9300,3.9700,2897024,11361745.0000
2020-05-27,sh.600821,3.9200,3.9400,3.8400,3.8400,3.9300,2561926,9942661.0000
2020-05-28,sh.600821,3.8600,3.9000,3.7900,3.8300,3.8400,1576173,6046698.0000
2020-05-29,sh.600821,3.8200,3.8900,3.8000,3.8800,3.8300,1535579,5919577.0000
2020-06-01,sh.600821,3.9000,3.9400,3.8500,3.9300,3.8800,1731414,6778660.0000
2020-06-02,sh.600821,3.9300,4.0300,3.9200,4.0100,3.9300,2229514,8881835.0000
2020-06-03,sh.600821,4.0200,4.0600,3.9700,4.0600,4.0100,2920228,11735689.0000
2020-06-04,sh.600821,4.1000,4.1000,4.0300,4.0900,4.0600,2600500,10565110.0000
2020-06-05,sh.600821,4.1000,4.1100,3.9600,3.9600,4.0900,4377100,17625173.0000
2020-06-08,sh.600821,3.9600,3.9800,3.8900,3.9100,3.9600,2123400,8321212.0000
2020-06-09,sh.600821,3.9000,3.9300,3.8800,3.9200,3.9100,1325801,5173336.0000
2020-06-10,sh.600821,3.9300,3.9600,3.8900,3.9600,3.9200,1132200,4449740.0000
2020-06-11,sh.600821,3.9600,4.1600,3.9600,4.1400,3.9600,8491558,35217672.0000
2020-06-12,sh.600821,4.0600,4.1500,4.0200,4.0900,4.1400,4277250,17427967.0000
2020-06-15,sh.600821,4.1100,4.2500,4.0900,4.1000,4.0900,2298621,9559336.0000
2020-06-16,sh.600821,4.1600,4.1700,4.0800,4.1100,4.1000,1984400,8169510.0000
2020-06-17,sh.600821,4.1000,4.1400,4.0600,4.0900,4.1100,2334229,9553745.0000
2020-06-18,sh.600821,4.0700,4.0900,4.0400,4.0400,4.0900,1788500,7263203.0000
2020-06-19,sh.600821,4.0300,4.1500,4.0300,4.1200,4.0400,1927711,7912631.0000
2020-06-22,sh.600821,4.1200,4.1400,4.0800,4.0800,4.1200,2295800,9431686.0000
2020-06-23,sh.600821,4.0800,4.1400,4.0500,4.0500,4.0800,1785178,7293827.0000
2020-06-24,sh.600821,4.0200,4.0800,4.0200,4.0600,4.0500,1573828,6368220.0000
2020-06-29,sh.600821,4.0500,4.0600,4.0000,4.0200,4.0600,1484179,5978973.0000
2020-06-30,sh.600821,4.0400,4.0600,4.0200,4.0500,4.0200,824295,3335327.0000
2020-07-01,sh.600821,4.0500,4.0500,3.9600,3.9700,4.0500,2553700,10188501.0000
2020-07-02,sh.600821,3.9800,4.0100,3.9700,4.0000,3.9700,1457980,5818579.0000
2020-07-03,sh.600821,4.0000,4.0300,3.9600,4.0000,4.0000,1765500,7061447.0000
2020-07-06,sh.600821,4.0000,4.0700,3.9800,4.0500,4.0000,4113835,16546742.0000
2020-07-07,sh.600821,4.0900,4.1300,4.0300,4.0700,4.0500,4979946,20322814.0000
2020-07-08,sh.600821,4.0600,4.1000,4.0400,4.1000,4.0700,4129684,16807461.0000
2020-07-09,sh.600821,4.0800,4.1300,4.0600,4.1200,4.1000,5928521,24262249.0000
2020-07-10,sh.600821,4.1100,4.3300,4.1000,4.2600,4.1200,8836973,37346205.0000
2020-07-13,sh.600821,4.2100,4.4000,4.2100,4.3200,4.2600,6261797,27033322.0000
2020-07-14,sh.600821,4.3700,4.3700,4.2200,4.2700,4.3200,4651226,19895139.0000
2020-07-15,sh.600821,4.1800,4.2700,4.1800,4.1900,4.2700,3555181,14983829.0000
2020-07-16,sh.600821,4.2000,4.2000,4.0400,4.0400,4.1900,3405800,14070920.0000
2020-07-17,sh.600821,4.0500,4.0900,4.0200,4.0600,4.0400,2400642,9730174.0000
2020-07-20,sh.600821,4.0900,4.1100,4.0600,4.1100,4.0600,2214749,9048552.0000
2020-07-21,sh.600821,4.1200,4.1500,4.0700,4.1000,4.1100,2140000,8779885.0000
2020-07-22,sh.600821,4.0700,4.3100,4.0700,4.2300,4.1000,5810045,24491596.4000
2020-07-23,sh.600821,4.2200,4.4100,4.2000,4.3300,4.2300,4975144,21537787.2000
2020-07-24,sh.600821,4.3300,4.5200,4.3000,4.3100,4.3300,6463615,28628624.0300
2020-07-27,sh.600821,4.3200,4.3700,4.1800,4.2400,4.3100,3497420,14832006.6000
2020-07-28,sh.600821,4.2700,4.2900,4.2200,4.2900,4.2400,1526581,6507107.2500
2020-07-29,sh.600821,4.3000,4.4100,4.2800,4.3800,4.2900,1915059,8352008.9900
2020-07-30,sh.600821,4.3600,4.5000,4.3600,4.4500,4.3800,2688531,11960569.6800
2020-07-31,sh.600821,4.4000,4.5100,4.3500,4.4700,4.4500,3067570,13609970.3500
2020-08-03,sh.600821,4.6000,4.6900,4.5600,4.6900,4.4700,5490684,25626547.2100
2020-08-04,sh.600821,4.6900,4.9200,4.5500,4.6100,4.6900,9645783,45906610.2100
2020-08-05,sh.600821,4.6000,4.8400,4.6000,4.8200,4.6100,7164290,34352258.9700
2020-08-06,sh.600821,4.7900,4.9900,4.7600,4.8900,4.8200,4340955,21006391.9300
2020-08-07,sh.600821,4.9000,4.9700,4.8000,4.9500,4.8900,4997238,24319972.1400
2020-08-10,sh.600821,4.9500,5.0200,4.8900,4.9200,4.9500,2833562,13979012.4300
2020-08-11,sh.600821,4.9100,4.9600,4.7400,4.7400,4.9200,4164725,20292155.7100
2020-08-12,sh.600821,4.7600,4.8400,4.6600,4.8300,4.7400,4699300,22229107.1900
2020-08-13,sh.600821,4.9800,5.0300,4.8200,4.8500,4.8300,5030624,24713673.9200
2020-08-14,sh.600821,4.8000,4.9100,4.7100,4.7700,4.8500,3480110,16608832.5000
2020-08-17,sh.600821,4.7800,4.8800,4.7400,4.8300,4.7700,2853656,13761402.1600
2020-08-18,sh.600821,4.8300,4.8800,4.7700,4.8500,4.8300,2891130,13936351.7000
2020-08-19,sh.600821,4.8200,4.8800,4.8000,4.8400,4.8500,2574352,12484094.3600
2020-08-20,sh.600821,4.8400,4.9600,4.7900,4.8700,4.8400,3618062,17623999.1600
2020-08-21,sh.600821,4.8800,4.9400,4.8600,4.9400,4.8700,3480055,17039838.6000
2020-08-24,sh.600821,4.9300,5.1700,4.9300,5.1300,4.9400,5809000,29458352.3400
2020-08-25,sh.600821,5.1300,5.2600,5.0600,5.1200,5.1300,6488744,33449333.1200
2020-08-26,sh.600821,5.1200,5.1500,4.9100,4.9600,5.1200,4665708,23413597.0400
2020-08-27,sh.600821,4.9600,5.0200,4.9300,4.9900,4.9600,2215892,11041937.7200
2020-08-28,sh.600821,5.0000,5.0800,4.9300,4.9700,4.9900,2936784,14607906.6400
2020-08-31,sh.600821,4.9400,4.9500,4.8300,4.8400,4.9700,3827150,18683134.0000
2020-09-01,sh.600821,4.8500,4.8800,4.6800,4.7600,4.8400,4178600,19898821.0000
2020-09-02,sh.600821,4.8500,4.8800,4.7600,4.8600,4.7600,3740528,18036984.9100
2020-09-03,sh.600821,4.8800,4.8900,4.7800,4.7800,4.8600,1576272,7585166.2000
2020-09-04,sh.600821,4.7600,4.7600,4.6600,4.7200,4.7800,1796631,8474562.0100
2020-09-07,sh.600821,4.7100,4.7400,4.6600,4.6800,4.7200,2237385,10503681.6100
2020-09-08,sh.600821,4.6800,4.8200,4.6700,4.7600,4.6800,2498069,11884668.4000
2020-09-09,sh.600821,4.7200,4.7700,4.5200,4.6000,4.7600,4493513,20893147.4900
2020-09-10,sh.600821,4.5800,4.6300,4.5800,4.5900,4.6000,1633200,7516894.0000
2020-09-11,sh.600821,4.5900,4.6800,4.5600,4.6800,4.5900,1804882,8351566.3300
2020-09-14,sh.600821,4.6900,4.7600,4.6800,4.7200,4.6800,1838301,8680390.0700
2020-09-15,sh.600821,4.7200,4.7900,4.6700,4.7000,4.7200,1922100,9042189.0000
2020-09-16,sh.600821,4.7200,4.7700,4.6500,4.6600,4.7000,1192000,5588205.0000
2020-09-17,sh.600821,4.6200,4.6600,4.5500,4.5700,4.6600,2443901,11211900.5500
2020-09-18,sh.600821,4.5600,4.6300,4.5500,4.6200,4.5700,1510302,6942929.2000
2020-09-21,sh.600821,4.6400,4.7500,4.6300,4.6300,4.6200,2256574,10526027.5200
2020-09-22,sh.600821,4.5900,4.6800,4.4800,4.5900,4.6300,1475179,6761629.8000
2020-09-23,sh.600821,4.6000,4.6800,4.5700,4.6100,4.5900,1504301,6945059.5800
2020-09-24,sh.600821,4.6000,4.6100,4.5500,4.5800,4.6100,1576917,7213331.6900
2020-09-25,sh.600821,4.5900,4.6600,4.5600,4.6000,4.5800,827201,3801936.5800
2020-09-28,sh.600821,4.6200,4.6900,4.5700,4.5900,4.6000,1945702,9010849.1600
2020-09-29,sh.600821,4.5800,4.6900,4.5800,4.5900,4.5900,3442997,15915226.6900
2020-09-30,sh.600821,4.6100,4.6700,4.5900,4.6000,4.5900,1962900,9069320.9000
2020-10-09,sh.600821,4.6300,4.7700,4.6300,4.7200,4.6000,2189778,10298455.7200
2020-10-12,sh.600821,4.7200,4.7700,4.7000,4.7500,4.7200,2024700,9584262.6200
2020-10-13,sh.600821,4.7500,4.7500,4.7000,4.7100,4.7500,1695250,8001163.0000
2020-10-14,sh.600821,4.8100,4.8300,4.7000,4.7400,4.7100,2139400,10151317.9900
2020-10-15,sh.600821,4.7000,4.7700,4.6800,4.7100,4.7400,1571975,7417784.5000
2020-10-16,sh.600821,4.7300,4.7300,4.6800,4.7200,4.7100,1346100,6325889.0000
2020-10-19,sh.600821,4.7200,4.7300,4.6000,4.6600,4.7200,1680933,7883012.7200
2020-10-20,sh.600821,4.6600,4.7000,4.5500,4.6700,4.6600,2393753,11045729.3900
2020-10-21,sh.600821,4.6800,4.7000,4.6100,4.6200,4.6700,667800,3099241.9800
2020-10-22,sh.600821,4.6300,4.6500,4.5900,4.6100,4.6200,1209364,5588532.6800
2020-10-23,sh.600821,4.6100,4.6300,4.5700,4.6100,4.6100,946309,4350304.2200
2020-10-26,sh.600821,4.6400,4.6400,4.5800,4.6200,4.6100,750094,3459031.3400
2020-10-27,sh.600821,4.6000,4.7300,4.5800,4.7300,4.6200,1529011,7082569.9500
2020-10-28,sh.600821,4.6800,4.8100,4.6800,4.7900,4.7300,3496182,16653435.7800
2020-10-29,sh.600821,4.7900,4.8800,4.7300,4.8600,4.7900,2881000,13923663.0000
2020-10-30,sh.600821,4.8600,4.8800,4.8200,4.8800,4.8600,2522700,12254036.0000
2020-11-02,sh.600821,4.8200,4.8600,4.6400,4.6400,4.8800,4719101,22164560.1400
2020-11-03,sh.600821,4.6000,4.6800,4.6000,4.6400,4.6400,1629078,7560116.1400
2020-11-04,sh.600821,4.6500,4.6900,4.5800,4.6000,4.6400,1365400,6294951.0000
2020-11-05,sh.600821,4.6400,4.6500,4.5900,4.6200,4.6000,1475935,6806775.1100
2020-11-06,sh.600821,4.6200,4.6300,4.5300,4.6100,4.6200,1688663,7761061.3900
2020-11-09,sh.600821,4.6100,4.6500,4.6000,4.6400,4.6100,2127481,9840429.3400
2020-11-10,sh.600821,4.6400,4.7500,4.6200,4.6800,4.6400,2310300,10772364.3700
2020-11-11,sh.600821,4.6900,4.7200,4.6800,4.6900,4.6800,1724030,8103344.5600
2020-11-12,sh.600821,4.6800,4.8200,4.6700,4.7700,4.6900,3203666,15211905.2200
2020-11-13,sh.600821,4.7700,4.8200,4.7200,4.7700,4.7700,2237402,10666952.5400
2020-11-16,sh.600821,4.7700,4.8300,4.7400,4.8100,4.7700,2107391,10101944.8000
2020-11-17,sh.600821,4.8100,4.8800,4.7300,4.8600,4.8100,3064655,14770652.8300
2020-11-18,sh.600821,4.8300,5.1000,4.8300,5.0000,4.8600,5066500,25226824.5200
2020-11-19,sh.600821,4.9900,5.1000,4.9600,5.0400,5.0000,2944000,14899976.0000
2020-11-20,sh.600821,5.0500,5.1600,5.0300,5.1400,5.0400,3209600,16416106.0000
2020-11-23,sh.600821,5.0600,5.0600,4.8800,4.8800,5.1400,7129800,35093142.7500
2020-11-24,sh.600821,4.8400,4.9300,4.8300,4.9200,4.8800,2982719,14608904.8300
2020-11-25,sh.600821,4.9300,4.9700,4.7100,4.7900,4.9200,4956020,23900661.1600
2020-11-26,sh.600821,4.7300,4.7700,4.6100,4.6400,4.7900,4136200,19322117.0000
2020-11-27,sh.600821,4.6600,4.6700,4.5800,4.5900,4.6400,2407900,11109183.0000
2020-11-30,sh.600821,4.6000,4.6600,4.5600,4.6400,4.5900,2379800,10999923.0000
2020-12-01,sh.600821,4.6300,4.7100,4.6300,4.6900,4.6400,1820297,8528332.9300
2020-12-02,sh.600821,4.7400,4.7500,4.6600,4.6800,4.6900,1292210,6086652.7400
2020-12-03,sh.600821,4.6700,4.7000,4.6500,4.6800,4.6800,1108364,5187168.5100
2020-12-04,sh.600821,4.6800,4.7100,4.6600,4.6900,4.6800,640000,3000372.0000
2020-12-07,sh.600821,4.7000,4.7300,4.6800,4.7000,4.6900,826810,3885073.0000
2020-12-08,sh.600821,4.7100,4.7200,4.6600,4.6900,4.7000,1364300,6395808.2000
2020-12-09,sh.600821,4.6900,4.7100,4.6000,4.6100,4.6900,1522300,7079320.7300
2020-12-10,sh.600821,4.6100,4.6700,4.5400,4.6400,4.6100,2321300,10697502.8100
2020-12-11,sh.600821,4.6400,4.6800,4.5400,4.5400,4.6400,2246600,10297452.2200
2020-12-14,sh.600821,4.5200,4.5800,4.4900,4.5000,4.5400,2923500,13241419.0000
2020-12-15,sh.600821,4.5200,4.5200,4.4000,4.4200,4.5000,3750196,16635144.4000
2020-12-16,sh.600821,4.4400,4.4900,4.4000,4.4500,4.4200,1438000,6399818.0000
2020-12-17,sh.600821,4.4900,4.4900,4.4000,4.4400,4.4500,1572850,6968333.2000
2020-12-18,sh.600821,4.4300,4.4700,4.4000,4.4300,4.4400,1636505,7240705.6000
2020-12-21,sh.600821,4.4400,4.4500,4.4100,4.4200,4.4300,2117400,9361652.6000
2020-12-22,sh.600821,4.4200,4.6400,4.4000,4.5700,4.4200,5319257,24115190.4700
2020-12-23,sh.600821,4.5600,4.8000,4.5600,4.8000,4.5700,7236007,34452015.5300
2020-12-24,sh.600821,4.8500,4.9000,4.6000,4.6600,4.8000,6906866,32800959.0400
2020-12-25,sh.600821,4.6100,4.8800,4.5800,4.8000,4.6600,7926452,37607614.8500
2020-12-28,sh.600821,4.7900,4.9900,4.7600,4.8100,4.8000,4984210,24315142.1400
2020-12-29,sh.600821,4.8100,4.8400,4.6900,4.6900,4.8100,3424801,16251829.7400
2020-12-30,sh.600821,4.6900,4.6900,4.5500,4.5900,4.6900,6320080,29047678.6000
2020-12-31,sh.600821,4.6000,4.6300,4.5900,4.6200,4.5900,3292561,15174565.0100
2021-01-04,sh.600821,4.6000,4.6000,4.5000,4.5500,4.6200,4611211,20963912.8400
2021-01-05,sh.600821,4.5500,4.5800,4.5100,4.5300,4.5500,3930714,17825213.1500
2021-01-06,sh.600821,4.5500,4.5500,4.4300,4.5200,4.5300,3391850,15235825.0000
2021-01-07,sh.600821,4.5200,4.6900,4.5200,4.6000,4.5200,4689483,21506277.9900
2021-01-08,sh.600821,4.5900,4.5900,4.5100,4.5500,4.6000,2820405,12799525.6000
2021-01-11,sh.600821,4.5500,4.6500,4.5100,4.5200,4.5500,3225966,14682322.5700
2021-01-12,sh.600821,4.5100,4.6100,4.5000,4.5400,4.5200,1893353,8591767.7300
2021-01-13,sh.600821,4.5200,4.5200,4.3800,4.4200,4.5400,4380700,19464839.0000
2021-01-14,sh.600821,4.4200,4.4600,4.3400,4.3900,4.4200,3006800,13175862.8700
2021-01-15,sh.600821,4.3800,4.4000,4.3600,4.3700,4.3900,1731548,7580282.6700
2021-01-18,sh.600821,4.3900,4.5400,4.3800,4.4800,4.3700,2279075,10149707.7500
2021-01-19,sh.600821,4.4900,4.5000,4.4300,4.4300,4.4800,1445990,6437201.6000
2021-01-20,sh.600821,4.4300,4.5200,4.4100,4.4500,4.4300,1251012,5566179.5200
2021-01-21,sh.600821,4.4400,4.4600,4.4100,4.4400,4.4500,2894850,12834830.0000
2021-01-22,sh.600821,4.4400,4.4500,4.3700,4.3900,4.4400,2013800,8851431.0000
2021-01-25,sh.600821,4.3900,4.4800,4.3700,4.4600,4.3900,3161669,14008576.9600
2021-01-26,sh.600821,4.4600,4.4600,4.4000,4.4400,4.4600,2712864,12022294.9500
2021-01-27,sh.600821,4.4400,4.5400,4.3900,4.5300,4.4400,4006530,17990672.7100
2021-01-28,sh.600821,4.5100,4.6100,4.4800,4.5400,4.5300,3104165,14113974.8700
2021-01-29,sh.600821,4.5500,4.5900,4.5100,4.5400,4.5400,2291400,10394964.1600
2021-02-01,sh.600821,4.4100,4.5500,4.3700,4.4900,4.5400,4014828,17761299.2000
2021-02-02,sh.600821,4.4600,4.4600,4.4100,4.4200,4.4900,1716253,7603468.7300
2021-02-03,sh.600821,4.4400,4.4700,4.3800,4.3900,4.4200,2021300,8895841.0000
2021-02-04,sh.600821,4.4000,4.4200,4.1700,4.1900,4.3900,5200680,22138031.6000
2021-02-05,sh.600821,4.2000,4.2200,3.9800,4.0600,4.1900,5629606,22766377.8800
2021-02-08,sh.600821,4.0400,4.1300,3.9900,4.1100,4.0600,2017800,8217572.0000
2021-02-09,sh.600821,4.1000,4.2200,4.0900,4.1800,4.1100,1826315,7616467.4000
2021-02-10,sh.600821,4.1600,4.2000,4.1300,4.1900,4.1800,1106000,4610458.0000
2021-02-18,sh.600821,4.2200,4.3800,4.2200,4.3000,4.1900,2014100,8700135.0000
2021-02-19,sh.600821,4.3000,4.3600,4.3000,4.3500,4.3000,1765350,7636397.8500
2021-02-22,sh.600821,4.3500,4.4200,4.3300,4.4000,4.3500,2719765,11881441.2000
2021-02-23,sh.600821,4.4000,4.4400,4.2700,4.3500,4.4000,1966156,8594104.3900
2021-02-24,sh.600821,4.3300,4.3600,4.2900,4.3300,4.3500,1398701,6051453.3100
2021-02-25,sh.600821,4.3300,4.3600,4.3100,4.3400,4.3300,1261111,5469506.5200
2021-02-26,sh.600821,4.3200,4.3200,4.2300,4.2700,4.3400,1799408,7681868.3400
2021-03-01,sh.600821,4.2700,4.2700,4.2000,4.2000,4.2700,2845724,11992273.0400
2021-03-02,sh.600821,4.2200,4.2600,4.1700,4.1800,4.2000,1756700,7381475.0000
2021-03-03,sh.600821,4.2000,4.2900,4.1600,4.2900,4.1800,1641438,6943861.6000
2021-03-04,sh.600821,4.2800,4.2900,4.2200,4.2200,4.2900,1647410,7009556.2000
2021-03-05,sh.600821,4.2100,4.2700,4.2000,4.2700,4.2200,1376703,5823924.1600
2021-03-08,sh.600821,4.2700,4.4800,4.2700,4.4800,4.2700,5439298,24212476.1900
2021-03-09,sh.600821,4.4800,4.4900,4.3200,4.4100,4.4800,3409432,15059104.5800
2021-03-10,sh.600821,4.4200,4.6300,4.3800,4.5000,4.4100,3492900,15852552.0500
2021-03-11,sh.600821,4.5100,4.6100,4.4600,4.5500,4.5000,2728980,12429104.7400
2021-03-12,sh.600821,4.5600,4.6500,4.5500,4.6100,4.5500,4414355,20375009.2500
2021-03-15,sh.600821,4.5900,4.6400,4.5400,4.5800,4.6100,2356092,10764597.4600
2021-03-16,sh.600821,4.5700,4.6100,4.5300,4.5900,4.5800,2104358,9630003.3800
2021-03-17,sh.600821,4.6100,4.7400,4.6000,4.7200,4.5900,3381732,15822730.8600
2021-03-18,sh.600821,4.7500,4.9400,4.6600,4.8300,4.7200,4734966,22869314.1600
2021-03-19,sh.600821,4.8200,4.9100,4.7700,4.8300,4.8300,3180601,15327474.8100
2021-03-22,sh.600821,4.8300,5.0200,4.8300,5.0000,4.8300,4582003,22767896.3500
2021-03-23,sh.600821,5.0000,5.0300,4.9200,4.9400,5.0000,3144800,15595126.0000
2021-03-24,sh.600821,4.9600,5.0100,4.7500,4.7600,4.9400,4415400,21514506.0000
2021-03-25,sh.600821,4.7600,4.8100,4.6500,4.7600,4.7600,2860722,13552690.0800
2021-03-26,sh.600821,4.7600,4.9200,4.7600,4.8400,4.7600,2767102,13371214.6600
2021-03-29,sh.600821,4.8800,4.9000,4.8000,4.8300,4.8400,1606515,7796080.8400
2021-03-30,sh.600821,4.8000,4.8800,4.7300,4.8300,4.8300,2029141,9713195.9300
2021-03-31,sh.600821,4.8400,4.9100,4.7900,4.8900,4.8300,2271525,11067596.2900
2021-04-01,sh.600821,4.8700,5.0200,4.8700,5.0100,4.8900,4873628,24268823.8800
2021-04-02,sh.600821,5.0300,5.0400,4.9500,5.0100,5.0100,2347211,11736605.8800
2021-04-06,sh.600821,5.0100,5.1400,4.9700,5.0900,5.0100,3834810,19502439.6000
2021-04-07,sh.600821,5.1700,5.1700,5.0700,5.0800,5.0900,2503327,12752471.9000
2021-04-08,sh.600821,5.0500,5.0500,4.8300,4.8800,5.0800,6930606,33966141.7500
2021-04-09,sh.600821,4.8600,5.0000,4.8000,4.9900,4.8800,3558435,17509959.7000
2021-04-12,sh.600821,4.9500,4.9500,4.7400,4.7400,4.9900,11413747,54851539.7500
2021-04-13,sh.600821,4.6400,4.7300,4.5700,4.6000,4.7400,10600845,49252069.3000
2021-04-14,sh.600821,4.6100,4.6300,4.4900,4.5000,4.6000,11640500,53008365.0000
2021-04-15,sh.600821,4.5000,4.5700,4.2800,4.3300,4.5000,18374826,79960738.2800
2021-04-16,sh.600821,4.3000,4.4800,4.2800,4.3900,4.3300,11887646,52184251.0400
2021-04-19,sh.600821,4.4100,4.5100,4.3800,4.3900,4.3900,12444900,55086002.8000
2021-04-20,sh.600821,4.4000,4.4900,4.3900,4.4700,4.3900,8349310,37195250.4000
2021-04-21,sh.600821,4.4800,4.6800,4.4800,4.6000,4.4700,9854194,45049053.0200
2021-04-22,sh.600821,4.6000,4.6900,4.6000,4.6800,4.6000,6303800,29422888.0000
2021-04-23,sh.600821,4.6800,4.7600,4.6300,4.6700,4.6800,4741770,22169825.2000
2021-04-26,sh.600821,4.7000,4.8000,4.6500,4.6500,4.6700,8804800,41436733.4300
2021-04-27,sh.600821,4.6800,4.7500,4.6200,4.6900,4.6500,5437727,25451476.1100
2021-04-28,sh.600821,4.6900,4.7500,4.6500,4.7200,4.6900,7078888,33360699.6000
2021-04-29,sh.600821,4.7600,4.9600,4.6300,4.9200,4.7200,14038847,67647298.3200
2021-04-30,sh.600821,4.9000,4.9200,4.7000,4.8900,4.9200,11614267,55851060.1500
2021-05-06,sh.600821,4.9000,4.9600,4.8300,4.9600,4.8900,5295004,25991677.6000
2021-05-07,sh.600821,4.9700,5.0700,4.9300,4.9500,4.9600,8416504,42127696.1200
2021-05-10,sh.600821,4.9500,5.0400,4.7600,4.8000,4.9500,9740800,47438663.7000
2021-05-11,sh.600821,4.8000,4.9600,4.7600,4.8500,4.8000,7312978,35419818.5900
2021-05-12,sh.600821,4.8500,4.8900,4.7700,4.8700,4.8500,7745637,37365735.6300
2021-05-13,sh.600821,4.8700,4.9400,4.8300,4.9100,4.8700,6333300,30973880.0000
2021-05-14,sh.600821,4.9300,5.0500,4.9300,4.9900,4.9100,9287865,46392673.7500
2021-05-17,sh.600821,5.0200,5.0500,4.8800,5.0100,4.9900,11993960,59353787.3500
2021-05-18,sh.600821,5.0100,5.0100,5.0100,5.0100,5.0100,0,0.0000
2021-05-19,sh.600821,5.3200,5.5100,5.1100,5.5100,5.0100,67392648,368542114.2000
2021-05-20,sh.600821,5.6000,5.7100,5.0200,5.1900,5.5100,71066000,380290619.0300
2021-05-21,sh.600821,5.3500,5.7100,5.1700,5.7100,5.1900,51281614,288115707.6200
2021-05-24,sh.600821,5.8000,5.8600,5.4600,5.5000,5.7100,67950664,383306106.9200
2021-05-25,sh.600821,5.3300,5.4500,5.2100,5.4300,5.5000,37150717,198186844.3200
2021-05-26,sh.600821,5.3300,5.5800,5.2700,5.5300,5.4300,27864826,151345398.3200
2021-05-27,sh.600821,5.6000,5.8000,5.4100,5.4100,5.5300,31233060,173795565.5600
2021-05-28,sh.600821,5.4100,5.7600,5.3800,5.5000,5.4100,31022104,171561892.5200
2021-05-31,sh.600821,5.4500,5.4900,5.3000,5.3800,5.5000,23700521,126965550.2700
2021-06-01,sh.600821,5.3500,5.6500,5.2700,5.4200,5.3800,17703306,96633187.7500
2021-06-02,sh.600821,5.4300,5.7200,5.3400,5.6200,5.4200,37889790,211164926.0000
2021-06-03,sh.600821,5.7200,5.7200,5.4800,5.5300,5.6200,21523834,119682781.4600
2021-06-04,sh.600821,5.5100,5.5200,5.3600,5.4400,5.5300,15614745,84661127.0000
2021-06-07,sh.600821,5.4400,5.5800,5.3800,5.4400,5.4400,12076701,65861320.3800
2021-06-08,sh.600821,5.4200,5.6000,5.3500,5.5800,5.4400,21293502,117036757.5300
2021-06-09,sh.600821,5.5100,5.5900,5.4600,5.5700,5.5800,12732382,70357956.2900
2021-06-10,sh.600821,5.5800,5.9900,5.5500,5.8500,5.5700,42404867,245349834.1900
2021-06-11,sh.600821,5.8100,6.2500,5.7500,6.1400,5.8500,40180212,243629310.7400
2021-06-15,sh.600821,6.1000,6.2700,6.0100,6.1100,6.1400,24064183,147451507.8700
2021-06-16,sh.600821,6.1600,6.1600,5.9000,5.9600,6.1100,19734575,118265998.0000
2021-06-17,sh.600821,5.9500,6.0100,5.8300,6.0100,5.9600,12894757,76432382.2200
2021-06-18,sh.600821,6.0500,6.0600,5.7600,5.7900,6.0100,20375596,119251196.9200
2021-06-21,sh.600821,5.7600,5.8300,5.6700,5.8200,5.7900,13095365,75565053.0000
2021-06-22,sh.600821,5.8100,5.8900,5.6800,5.8000,5.8200,13690990,78860271.8400
2021-06-23,sh.600821,5.8000,6.1000,5.7900,5.8900,5.8000,18554208,109813411.0000
2021-06-24,sh.600821,6.0800,6.4800,5.9700,6.2700,5.8900,39864401,247607456.2700
2021-06-25,sh.600821,6.2600,6.2600,6.0500,6.1900,6.2700,19779900,121934381.3100
2021-06-28,sh.600821,6.2700,6.8100,6.2700,6.8000,6.1900,49438602,332545443.3700
2021-06-29,sh.600821,6.5600,6.7200,6.1900,6.2100,6.8000,48544796,312496806.7800
2021-06-30,sh.600821,6.3400,6.5200,6.1700,6.4000,6.2100,29488370,187202353.4900
2021-07-01,sh.600821,6.3900,6.4000,6.1500,6.1700,6.4000,19231818,120015231.7800
2021-07-02,sh.600821,6.1300,6.1900,6.0300,6.0800,6.1700,12757543,77551112.5800
2021-07-05,sh.600821,6.0900,6.1900,6.0200,6.1700,6.0800,15056400,92129679.0000
2021-07-06,sh.600821,6.2500,6.3000,5.5500,5.7100,6.1700,32321608,189008108.6400
2021-07-07,sh.600821,5.6500,5.8000,5.5900,5.7000,5.7100,13151251,74552524.3900
2021-07-08,sh.600821,5.6600,5.7200,5.5100,5.5500,5.7000,13124019,73551493.3300
2021-07-09,sh.600821,5.5600,5.7600,5.4000,5.6700,5.5500,15110688,83843931.3900
2021-07-12,sh.600821,5.6600,5.8400,5.5500,5.6100,5.6700,15858673,89778353.4300
2021-07-13,sh.600821,5.5900,5.7500,5.4700,5.7200,5.6100,14202519,80045712.3300
2021-07-14,sh.600821,5.7300,5.8400,5.5900,5.6000,5.7200,12826600,73224375.0000
2021-07-15,sh.600821,5.5500,5.6300,5.4700,5.6000,5.6000,8792903,48624626.5500
2021-07-16,sh.600821,5.6000,5.7100,5.5300,5.5900,5.6000,8031914,45187364.8000
2021-07-19,sh.600821,5.5600,5.5700,5.2900,5.3100,5.5900,15630256,84413911.5300
2021-07-20,sh.600821,5.2300,5.4000,5.1800,5.3500,5.3100,10289961,54310721.0800
2021-07-21,sh.600821,5.4000,5.4500,5.3100,5.3600,5.3500,8112056,43521305.6000
2021-07-22,sh.600821,5.3400,5.3800,5.2900,5.3100,5.3600,7444611,39590238.2300
2021-07-23,sh.600821,5.3000,5.3100,5.1400,5.1900,5.3100,9983695,52013085.9000
2021-07-26,sh.600821,5.1900,5.2400,4.9000,5.0200,5.1900,12771254,64528928.2700
2021-07-27,sh.600821,5.0200,5.1200,4.9900,5.0100,5.0200,10924859,55175552.1000
2021-07-28,sh.600821,5.0100,5.0600,4.7100,4.8700,5.0100,11952800,58292555.6200
2021-07-29,sh.600821,4.9700,5.0200,4.8700,4.9600,4.8700,8878093,43842507.4200
2021-07-30,sh.600821,4.9700,5.2800,4.9300,5.2200,4.9600,13844930,71556083.7000
2021-08-02,sh.600821,5.2600,5.3500,5.1200,5.2300,5.2200,10898785,57426499.5500
2021-08-03,sh.600821,5.2500,5.2700,5.1000,5.1100,5.2300,8005800,41449595.0000
2021-08-04,sh.600821,5.1400,5.1900,5.0900,5.1500,5.1100,5037249,25981364.8600
2021-08-05,sh.600821,5.2000,5.2200,5.0500,5.0900,5.1500,7656493,39279981.0500
2021-08-06,sh.600821,5.0900,5.1600,5.0200,5.1200,5.0900,6542180,33422618.8900
2021-08-09,sh.600821,5.1100,5.2100,5.0800,5.2000,5.1200,5823556,30096350.1700
2021-08-10,sh.600821,5.1900,5.4400,5.1700,5.3900,5.2000,13368507,71559162.8300
2021-08-11,sh.600821,5.3900,5.4600,5.3400,5.3900,5.3900,7957732,42922440.1000
2021-08-12,sh.600821,5.3900,5.4400,5.3400,5.3600,5.3900,6363600,34209059.0000
2021-08-13,sh.600821,5.3500,5.5700,5.3000,5.4400,5.3600,11373900,61678766.8800
2021-08-16,sh.600821,5.4700,5.4700,5.3000,5.3100,5.4400,9031173,48443380.6300
2021-08-17,sh.600821,5.3000,5.3500,5.0600,5.1000,5.3100,11695215,60828844.9300
2021-08-18,sh.600821,5.1200,5.1800,5.0700,5.1400,5.1000,6359352,32603289.7700
2021-08-19,sh.600821,5.1400,5.1800,5.0300,5.0900,5.1400,6808680,34791641.2000
2021-08-20,sh.600821,5.1100,5.1200,5.0100,5.0400,5.0900,6474096,32692108.2100
2021-08-23,sh.600821,5.0400,5.1600,5.0200,5.1500,5.0400,8335576,42530767.7900
2021-08-24,sh.600821,5.1200,5.3500,5.1000,5.1600,5.1500,10808989,56243596.2900
2021-08-25,sh.600821,5.1600,5.3400,5.1200,5.3200,5.1600,11498073,60391148.2600
2021-08-26,sh.600821,5.3400,5.4400,5.2400,5.3500,5.3200,14262036,76565321.1900
2021-08-27,sh.600821,5.3000,5.4900,5.1200,5.2000,5.3500,20366314,107018228.2400
2021-08-30,sh.600821,5.2700,5.7200,5.2000,5.6100,5.2000,34266679,188540975.1300
2021-08-31,sh.600821,5.5800,5.9400,5.5500,5.8600,5.6100,31478759,183147513.7400
2021-09-01,sh.600821,5.7900,5.9600,5.6500,5.7400,5.8600,22798003,131662447.3800
2021-09-02,sh.600821,5.7100,6.0800,5.6800,6.0100,5.7400,27135314,161241576.6200
2021-09-03,sh.600821,6.0000,6.4000,5.9000,6.0900,6.0100,41742329,258012765.5800
2021-09-06,sh.600821,6.1700,6.4900,6.1700,6.2800,6.0900,32192263,202574168.7400
2021-09-07,sh.600821,6.3500,6.4000,6.2000,6.3900,6.2800,33322467,209956162.2600
2021-09-08,sh.600821,6.5000,7.0300,6.4500,6.7100,6.3900,57852969,392273469.6700
2021-09-09,sh.600821,6.7100,6.7200,6.3700,6.5400,6.7100,35555034,231019861.3900
2021-09-10,sh.600821,6.5700,6.5800,6.3200,6.3800,6.5400,26886422,172298587.8800
2021-09-13,sh.600821,6.3700,6.6900,6.3500,6.5700,6.3800,18394690,120064062.4300
2021-09-14,sh.600821,6.5800,6.7000,6.3900,6.4800,6.5700,22777568,148411557.3500
2021-09-15,sh.600821,6.5000,6.8200,6.3900,6.7300,6.4800,25942419,172518724.2400
2021-09-16,sh.600821,6.9600,7.0700,6.6300,6.6600,6.7300,33514149,229854849.6900
2021-09-17,sh.600821,6.7700,7.3300,6.6900,7.3300,6.6600,65835288,471028232.9800
2021-09-22,sh.600821,7.7400,8.0600,7.7400,8.0600,7.3300,24237694,191791736.6400
2021-09-23,sh.600821,8.8700,8.8700,8.8700,8.8700,8.0600,15757747,139771215.8900
2021-09-24,sh.600821,9.3000,9.3000,8.0500,8.7100,8.8700,155632857,1342152469.8600
2021-09-27,sh.600821,9.0200,9.5800,8.3400,9.2100,8.7100,195056509,1808008776.8300
2021-09-28,sh.600821,8.7000,10.1300,8.6100,10.1200,9.2100,188426286,1816622796.7500
2021-09-29,sh.600821,9.7700,10.1100,9.1100,9.1100,10.1200,136076047,1295126280.8800
2021-09-30,sh.600821,8.7000,10.0200,8.6300,10.0200,9.1100,113806023,1057279641.0600
2021-10-08,sh.600821,10.4500,10.5000,9.0200,9.5400,10.0200,111412120,1057935498.5300
2021-10-11,sh.600821,9.8700,9.8700,8.6500,9.2000,9.5400,76069824,703413581.2700
2021-10-12,sh.600821,8.8900,9.2500,8.2800,8.7800,9.2000,77103898,662732157.9000
2021-10-13,sh.600821,8.4900,8.5800,7.9000,7.9000,8.7800,59808820,486605323.2000
2021-10-14,sh.600821,7.7700,8.5800,7.5100,8.3500,7.9000,66578206,543001415.1800
2021-10-15,sh.600821,8.3700,9.1600,8.0300,8.8000,8.3500,54870403,472983739.1400
2021-10-18,sh.600821,8.8000,9.6800,8.7000,9.6800,8.8000,69130316,639725401.6400
2021-10-19,sh.600821,9.6000,10.2300,9.3500,9.8100,9.6800,70489701,689916162.1400
2021-10-20,sh.600821,10.0900,10.7900,9.6200,10.7900,9.8100,71288271,742535583.0200
2021-10-21,sh.600821,10.7900,11.0800,10.1600,10.7500,10.7900,70241385,749007195.6900
2021-10-22,sh.600821,10.4200,10.7500,10.2100,10.2100,10.7500,52174629,546052045.8900
2021-10-25,sh.600821,10.3700,11.2300,10.1800,11.2300,10.2100,80719236,887230932.1800
2021-10-26,sh.600821,11.2300,12.3500,11.1800,11.9000,11.2300,92854550,1109781351.3300
2021-10-27,sh.600821,12.1000,13.0900,11.9000,13.0900,11.9000,77785939,994699168.7800
2021-10-28,sh.600821,13.2000,13.3000,11.7800,11.8200,13.0900,120353894,1473854749.5600
2021-10-29,sh.600821,11.6100,12.7500,11.6100,12.5100,11.8200,85480084,1041668618.9000
2021-11-01,sh.600821,12.2100,13.2800,11.8800,12.3800,12.5100,81719721,1025729753.2400
2021-11-02,sh.600821,12.5500,12.5800,11.1400,11.2300,12.3800,89788292,1046149959.2800
2021-11-03,sh.600821,10.8000,11.0500,10.4000,10.6500,11.2300,93784539,1005210967.9600
2021-11-04,sh.600821,10.8100,11.1900,10.2600,11.0100,10.6500,86350743,939628879.4800
2021-11-05,sh.600821,10.9200,10.9600,10.1000,10.3000,11.0100,66377218,693279217.2900
2021-11-08,sh.600821,10.3800,10.6800,9.9200,10.5000,10.3000,49964420,515225983.8100
2021-11-09,sh.600821,11.2000,11.5500,10.3100,10.4900,10.5000,115486248,1271552081.7800
2021-11-10,sh.600821,9.9900,10.0800,9.4800,9.8300,10.4900,93049247,904388973.5200
2021-11-11,sh.600821,9.5800,9.7600,9.2400,9.3900,9.8300,83005884,780911617.7600
2021-11-12,sh.600821,9.1500,9.8800,9.1300,9.6800,9.3900,66725217,643156028.0000
2021-11-15,sh.600821,9.6900,9.9400,9.4500,9.4500,9.6800,48156040,463795260.5800
2021-11-16,sh.600821,9.4500,9.8300,9.2400,9.6200,9.4500,58595249,558977500.5500
2021-11-17,sh.600821,9.5000,9.7200,9.2200,9.6100,9.6200,57839656,548200953.3700
2021-11-18,sh.600821,9.5600,10.5700,9.4300,10.5700,9.6100,95216717,969413516.1800
2021-11-19,sh.600821,10.6000,10.6100,9.7300,10.0100,10.5700,101992832,1032376422.8700
2021-11-22,sh.600821,10.0300,10.8600,9.8700,10.8300,10.0100,82648752,860130801.5800
2021-11-23,sh.600821,10.5000,10.7100,10.2700,10.4600,10.8300,63465229,662552178.8500
2021-11-24,sh.600821,10.5000,11.4600,9.9400,11.0000,10.4600,100354780,1072858291.6600
2021-11-25,sh.600821,11.3000,11.4300,10.7000,10.7500,11.0000,69582864,768519277.6800
2021-11-26,sh.600821,10.5100,10.8500,10.2600,10.5000,10.7500,50342657,527509311.5200
2021-11-29,sh.600821,10.1100,10.9100,10.0500,10.5800,10.5000,49108924,519039240.4000
2021-11-30,sh.600821,11.1300,11.1500,10.0300,10.0500,10.5800,76971028,803189451.5600
2021-12-01,sh.600821,9.9000,10.4800,9.6500,10.3500,10.0500,64959338,652331428.9400
2021-12-02,sh.600821,10.4000,10.5600,9.9000,9.9000,10.3500,42315498,429551748.6800
2021-12-03,sh.600821,9.9300,10.8600,9.7800,10.6600,9.9000,90659301,953906546.0100
2021-12-06,sh.600821,10.9500,11.6000,10.6600,11.0000,10.6600,96212712,1074635857.8700
2021-12-07,sh.600821,11.1900,11.6100,10.6100,11.6100,11.0000,104771101,1176118106.3800
2021-12-08,sh.600821,11.5000,11.7500,11.2500,11.5600,11.6100,68020671,781075406.6900
2021-12-09,sh.600821,11.4800,11.6600,10.9000,11.1900,11.5600,73876586,829317840.8800
2021-12-10,sh.600821,11.0000,11.6000,10.9000,11.1800,11.1900,55167347,620872890.9800
2021-12-13,sh.600821,11.2500,12.2000,11.2500,11.7500,11.1800,100549534,1178003249.0400
2021-12-14,sh.600821,11.4700,11.6800,11.1500,11.3300,11.7500,58398040,665454843.0000
2021-12-15,sh.600821,11.2100,12.1600,11.0000,11.8300,11.3300,78948085,924396099.0500
2021-12-16,sh.600821,11.8900,12.5000,11.7300,12.0000,11.8300,70821093,860546683.1200
2021-12-17,sh.600821,11.8900,12.8800,11.8000,12.2200,12.0000,66436741,821251684.5000
2021-12-20,sh.600821,12.0000,12.1000,11.0000,11.0000,12.2200,72920810,831388840.2000
2021-12-21,sh.600821,10.6000,10.9800,10.1200,10.4000,11.0000,81941338,859091782.1100
2021-12-22,sh.600821,10.2000,10.2900,9.5100,9.8000,10.4000,74556658,734594189.8400
2021-12-23,sh.600821,9.7300,10.5800,9.4000,10.3800,9.8000,86182757,871812799.9400
2021-12-24,sh.600821,10.6000,11.4200,10.6000,11.1000,10.3800,162353612,1818219560.6600
2021-12-27,sh.600821,10.8000,11.3300,10.0000,10.1400,11.1000,110067835,1167986244.6600
2021-12-28,sh.600821,10.1500,10.2700,9.6000,9.8200,10.1400,73090292,716902769.1700
2021-12-29,sh.600821,9.8000,9.8000,9.4300,9.5000,9.8200,51517131,492399025.0700
2021-12-30,sh.600821,9.4100,9.8300,9.4100,9.5000,9.5000,48839788,469642771.8200
2021-12-31,sh.600821,9.5500,9.8600,9.4100,9.4900,9.5000,55586112,533241399.2000
2022-01-04,sh.600821,9.5000,9.5800,8.8000,8.9500,9.4900,113427153,1029932441.3500
2022-01-05,sh.600821,8.9500,8.9500,8.6300,8.7200,8.9500,49412470,431053484.9900
2022-01-06,sh.600821,8.6900,9.2600,8.6300,9.0500,8.7200,57668361,514027303.9900
2022-01-07,sh.600821,8.9500,9.0900,8.6300,8.7300,9.0500,42648400,376607625.0000
2022-01-10,sh.600821,8.7300,8.7600,8.4600,8.5400,8.7300,29910000,256423637.9900
2022-01-11,sh.600821,8.5100,8.8500,8.5100,8.5500,8.5400,29265191,252228561.0400
2022-01-12,sh.600821,8.5900,8.8600,8.5000,8.8100,8.5500,48067300,417103863.0000
2022-01-13,sh.600821,8.7400,8.8000,8.3000,8.3700,8.8100,42783438,365075063.5500
2022-01-14,sh.600821,8.1100,8.4600,8.0700,8.1800,8.3700,40020952,330010844.0900
2022-01-17,sh.600821,8.1800,8.3000,7.9600,7.9700,8.1800,41110253,331976675.6300
2022-01-18,sh.600821,7.9300,8.2900,7.8800,8.0200,7.9700,49393223,398499438.2800
2022-01-19,sh.600821,7.9700,8.0700,7.7500,7.8500,8.0200,31447901,247474639.6300
2022-01-20,sh.600821,7.8700,8.2000,7.6600,7.9500,7.8500,50718993,403687899.3900
2022-01-21,sh.600821,7.8800,8.7500,7.8200,8.4800,7.9500,116806678,986173595.7600
2022-01-24,sh.600821,8.2500,8.6000,8.0500,8.4900,8.4800,70170202,582779280.9600
2022-01-25,sh.600821,8.3300,8.4600,8.0700,8.0700,8.4900,39567054,324623882.3000
2022-01-26,sh.600821,8.3900,8.4500,8.1600,8.3400,8.0700,43211602,358722566.1400
2022-01-27,sh.600821,8.2900,8.3900,7.7400,7.8000,8.3400,42991170,344482283.4000
2022-01-28,sh.600821,7.8800,8.3500,7.8800,8.1800,7.8000,40969589,334166713.9400
2022-02-07,sh.600821,8.4000,8.6600,8.3100,8.5500,8.1800,43091983,367182354.1100
2022-02-08,sh.600821,8.4500,8.9600,8.3800,8.9400,8.5500,50732725,440168382.8500
2022-02-09,sh.600821,8.8000,9.5100,8.6400,8.9500,8.9400,70574057,643528082.7100
2022-02-10,sh.600821,9.0000,9.1500,8.8200,8.9000,8.9500,39695795,356094764.0900
2022-02-11,sh.600821,8.8000,9.0000,8.7000,8.7300,8.9000,32472391,285811165.3600
2022-02-14,sh.600821,8.6100,8.7600,8.3700,8.4300,8.7300,32940280,280661811.1400
2022-02-15,sh.600821,8.4900,8.5900,8.3400,8.5600,8.4300,24975080,211524808.6000
2022-02-16,sh.600821,8.5600,8.7000,8.4600,8.5600,8.5600,18963200,162663474.0000
2022-02-17,sh.600821,8.4100,8.4600,7.9600,8.2900,8.5600,49925958,412659713.5400
2022-02-18,sh.600821,8.2000,8.7000,8.1100,8.4500,8.2900,33924200,285336881.0000
2022-02-21,sh.600821,8.5100,8.5200,8.3000,8.4000,8.4500,27311750,228695398.0000
2022-02-22,sh.600821,8.2800,8.3900,8.1000,8.2500,8.4000,26823701,220253238.2000
2022-02-23,sh.600821,8.2900,8.4600,8.2100,8.4500,8.2500,31099039,259659352.9400
2022-02-24,sh.600821,8.4400,8.7400,8.2000,8.2800,8.4500,50573271,428652145.6700
2022-02-25,sh.600821,8.4000,9.1100,8.3000,8.9400,8.2800,99542318,867403734.8900
2022-02-28,sh.600821,8.8400,9.2500,8.6100,9.1700,8.9400,86772215,780719280.0000
2022-03-01,sh.600821,9.2500,9.3000,8.8000,8.9200,9.1700,65871120,596239184.0000
2022-03-02,sh.600821,8.8500,8.9000,8.6500,8.7700,8.9200,40713200,356396016.0000
2022-03-03,sh.600821,8.8800,8.9600,8.7000,8.8000,8.7700,47623000,420630864.0000
2022-03-04,sh.600821,8.7300,9.1800,8.5300,8.9000,8.8000,58231900,513727168.0000
2022-03-07,sh.600821,8.7500,9.2800,8.5600,8.6600,8.9000,59061150,523885936.0000
2022-03-08,sh.600821,8.5700,8.6300,8.0000,8.0900,8.6600,56450814,466737264.0000
2022-03-09,sh.600821,8.2400,8.4900,8.0200,8.3600,8.0900,56096341,465910528.0000
2022-03-10,sh.600821,8.5500,9.2000,8.3400,9.2000,8.3600,168751478,1522326064.0000
2022-03-11,sh.600821,8.9500,8.9500,8.5600,8.7800,9.2000,111360700,974301696.0000
2022-03-14,sh.600821,8.6100,8.7800,8.4200,8.4200,8.7800,57684500,495214432.0000
2022-03-15,sh.600821,8.3100,8.3300,7.6800,7.7500,8.4200,68230000,548291376.0000
2022-03-16,sh.600821,7.9400,8.1200,7.4500,8.0500,7.7500,59273769,463943424.0000
2022-03-17,sh.600821,7.8900,8.1000,7.8200,7.9000,8.0500,54273123,431301808.0000
2022-03-18,sh.600821,7.8700,8.0500,7.7600,8.0100,7.9000,37815674,301289204.5300
2022-03-21,sh.600821,8.0300,8.1900,7.8900,7.9400,8.0100,36485701,291980195.9600
2022-03-22,sh.600821,7.9700,7.9700,7.8000,7.8300,7.9400,24350990,191373941.4300
2022-03-23,sh.600821,7.9100,8.1900,7.8400,8.1400,7.8300,50488603,406178880.3500
2022-03-24,sh.600821,8.0500,8.0600,7.8300,7.8800,8.1400,29541148,233831832.8400
2022-03-25,sh.600821,7.3000,7.5500,7.1000,7.1500,7.8800,86102910,623515239.0000
2022-03-28,sh.600821,7.1900,7.2000,6.9100,6.9400,7.1500,41985286,295664777.5900
2022-03-29,sh.600821,6.9400,7.0600,6.7000,6.7900,6.9400,30668681,211288940.7000
2022-03-30,sh.600821,6.8100,6.9800,6.7100,6.8400,6.7900,30907949,210920776.5700
2022-03-31,sh.600821,6.8000,6.8500,6.5200,6.6000,6.8400,37862026,251717274.8300
2022-04-01,sh.600821,6.5300,6.7200,6.4700,6.6600,6.6000,32005175,211757155.7500
2022-04-06,sh.600821,6.6400,6.7600,6.5700,6.7000,6.6600,22878074,152675448.5400
2022-04-07,sh.600821,6.6800,6.6900,6.4300,6.4600,6.7000,24206300,158176560.0000
2022-04-08,sh.600821,6.4600,6.5300,6.2900,6.3600,6.4600,21190401,134910826.4200
2022-04-11,sh.600821,6.3800,6.4000,6.0600,6.1200,6.3600,21615171,133957723.2600
2022-04-12,sh.600821,6.1000,6.2300,6.0000,6.1800,6.1200,21945500,134288301.0000
2022-04-13,sh.600821,6.1600,6.1600,5.9800,6.0000,6.1800,16130101,97948912.3900
2022-04-14,sh.600821,6.0700,6.0700,5.9100,5.9800,6.0000,18189341,109115966.5000
2022-04-15,sh.600821,5.9800,6.2300,5.8400,6.0200,5.9800,35378373,213186945.2900
2022-04-18,sh.600821,5.9800,6.2000,5.8400,6.1600,6.0200,31586800,191707446.0000
2022-04-19,sh.600821,6.1500,6.4500,6.1500,6.2600,6.1600,33399831,210742265.3000
2022-04-20,sh.600821,6.2500,6.4200,6.2200,6.2900,6.2600,32938649,207878857.8000
2022-04-21,sh.600821,6.3100,6.3100,5.9500,5.9800,6.2900,27350287,166587469.5100
2022-04-22,sh.600821,5.8900,6.2700,5.8600,6.1900,5.9800,38022833,232637394.2500
2022-04-25,sh.600821,6.0400,6.1800,5.6000,5.6300,6.1900,33692247,198656382.7700
2022-04-26,sh.600821,5.6400,5.7000,5.3000,5.3300,5.6300,27947405,154090904.4600
2022-04-27,sh.600821,5.2500,5.6700,5.1400,5.6300,5.3300,38730700,210177587.9600
2022-04-28,sh.600821,5.5700,5.6700,5.4300,5.5000,5.6300,24387500,135103022.0000
2022-04-29,sh.600821,5.6100,5.7200,5.4800,5.7100,5.5000,31021000,174083552.0000
2022-05-05,sh.600821,5.6600,5.8600,5.6100,5.7900,5.7100,30039701,173103513.7600
2022-05-06,sh.600821,5.7200,5.7200,5.4200,5.4800,5.7900,34143998,189372527.8000
2022-05-09,sh.600821,5.4700,5.8200,5.4600,5.6100,5.4800,37056179,209566721.2100
2022-05-10,sh.600821,5.5500,5.8200,5.3900,5.7700,5.6100,49509458,280075380.4400
2022-05-11,sh.600821,5.7800,6.1700,5.7600,5.9600,5.7700,62627297,375061657.8200
2022-05-12,sh.600821,6.0900,6.0900,5.7200,5.8300,5.9600,58073488,341296146.4800
2022-05-13,sh.600821,5.8300,5.9300,5.7200,5.7700,5.8300,30413727,176417759.7900
2022-05-16,sh.600821,5.7900,5.8400,5.6300,5.7000,5.7700,27834529,159112701.7200
2022-05-17,sh.600821,5.7300,5.7700,5.6200,5.7500,5.7000,25499701,145415428.7300
2022-05-18,sh.600821,5.8200,5.9800,5.6700,5.9000,5.7500,39738516,233976860.3400
2022-05-19,sh.600821,5.8000,6.2700,5.7600,6.2300,5.9000,69575428,424047164.1900
2022-05-20,sh.600821,6.2500,6.4000,6.1700,6.2700,6.2300,55762699,350034915.7400
2022-05-23,sh.600821,6.3100,6.3700,6.1100,6.1800,6.2700,30531900,188505927.0000
2022-05-24,sh.600821,6.2000,6.2500,5.9200,5.9200,6.1800,35292990,215150972.9000
2022-05-25,sh.600821,5.9500,6.1700,5.8400,6.1600,5.9200,36178882,218915941.1300
2022-05-26,sh.600821,6.1700,6.2200,6.0500,6.1500,6.1600,23952976,147147330.0000
2022-05-27,sh.600821,6.1600,6.1700,5.9600,6.0500,6.1500,25014510,151705993.3200
2022-05-30,sh.600821,6.0600,6.2200,5.9700,6.2100,6.0500,30511767,186681831.0100
2022-05-31,sh.600821,6.3200,6.3600,6.1000,6.2600,6.2100,36535700,227780432.7500
2022-06-01,sh.600821,6.2600,6.2900,6.1000,6.2500,6.2600,30985362,192760061.4000
2022-06-02,sh.600821,6.2300,6.3700,6.2000,6.3500,6.2500,30664811,192402220.7100
2022-06-06,sh.600821,6.3000,6.4300,6.2500,6.3800,6.3500,29663982,188607448.9300
2022-06-07,sh.600821,6.4600,6.4800,6.2700,6.3100,6.3800,30395500,193067886.0000
2022-06-08,sh.600821,6.2900,6.4400,6.1400,6.3100,6.3100,34954401,219594621.3400
2022-06-09,sh.600821,6.2700,6.3600,5.9500,5.9700,6.3100,54550700,331634883.0000
2022-06-10,sh.600821,5.9200,6.4700,5.9000,6.4000,5.9700,97450514,614395062.4200
2022-06-13,sh.600821,6.3200,6.4200,6.1800,6.3100,6.4000,44695700,281831854.3600
2022-06-14,sh.600821,6.2100,6.2600,6.0100,6.2300,6.3100,39805200,244352487.0000
2022-06-15,sh.600821,6.2800,6.5000,6.2000,6.3400,6.2300,59149153,376033418.1700
2022-06-16,sh.600821,6.3400,6.4300,6.2100,6.3200,6.3400,39031100,246583866.0000
2022-06-17,sh.600821,6.2800,6.5300,6.2300,6.4400,6.3200,44859010,287613578.4000
2022-06-20,sh.600821,6.4400,6.8300,6.4400,6.8200,6.4400,77613328,520472401.0300
2022-06-21,sh.600821,6.9100,6.9600,6.5800,6.7100,6.8200,59643680,402287191.4000
2022-06-22,sh.600821,6.7100,6.7100,6.4600,6.4700,6.7100,40509379,266531896.0100
2022-06-23,sh.600821,6.5100,6.5600,6.3500,6.5600,6.4700,32487174,209978130.7000
2022-06-24,sh.600821,6.5200,6.6400,6.4800,6.5300,6.5600,32955160,215482570.4900
2022-06-27,sh.600821,6.5800,6.6100,6.4400,6.4900,6.5300,29751063,193475866.5500
2022-06-28,sh.600821,6.5400,6.8300,6.5200,6.7000,6.4900,50098684,333322834.8500
2022-06-29,sh.600821,6.6100,6.6500,6.3600,6.3600,6.7000,42328700,275029650.9900
2022-06-30,sh.600821,6.4100,6.5800,6.3600,6.4400,6.3600,29905352,193526702.2000
2022-07-01,sh.600821,6.4000,6.6600,6.4000,6.5000,6.4400,39037287,256555295.7200
2022-07-04,sh.600821,6.4800,6.6700,6.4000,6.6200,6.5000,40615457,267134837.5600
2022-07-05,sh.600821,6.6300,6.8500,6.5700,6.7600,6.6200,62061190,417423914.9500
2022-07-06,sh.600821,6.7000,6.8700,6.5100,6.6000,6.7600,43863801,292429311.5900
2022-07-07,sh.600821,6.6700,6.9300,6.5400,6.9100,6.6000,70813618,482621128.3700
2022-07-08,sh.600821,6.9500,7.0000,6.7000,6.7100,6.9100,56996854,386115736.5800
2022-07-11,sh.600821,6.5600,6.7400,6.5500,6.5900,6.7100,41904026,277242158.3300
2022-07-12,sh.600821,6.5900,7.1800,6.4900,6.9200,6.5900,94706680,654137227.4200
2022-07-13,sh.600821,6.9300,7.0700,6.8000,7.0100,6.9200,64709051,449483881.3500
2022-07-14,sh.600821,7.0100,7.0400,6.8300,6.9600,7.0100,48117352,333804940.3600
2022-07-15,sh.600821,7.1500,7.5000,6.9600,7.2600,6.9600,104858583,756206094.9900
2022-07-18,sh.600821,7.3500,7.8000,7.2200,7.7800,7.2600,97281702,730824877.4600
2022-07-19,sh.600821,7.6500,7.7800,7.4400,7.5300,7.7800,69135490,525448549.2500
2022-07-20,sh.600821,7.5000,7.7200,7.4300,7.5700,7.5300,45730938,346086083.2000
2022-07-21,sh.600821,7.5300,7.5300,7.2000,7.2200,7.5700,52187184,381507460.1600
2022-07-22,sh.600821,7.2900,7.4100,7.2100,7.4000,7.2200,39901578,292002968.5400
2022-07-25,sh.600821,7.3500,7.3500,7.0600,7.0700,7.4000,37319075,267386205.1600
2022-07-26,sh.600821,7.0600,7.1900,7.0500,7.1300,7.0700,22397500,159427086.0000
2022-07-27,sh.600821,7.1400,7.2200,7.0600,7.1400,7.1300,26699283,190251389.4700
2022-07-28,sh.600821,7.1700,7.2600,7.0900,7.1200,7.1400,32821900,235389138.0000
2022-07-29,sh.600821,7.1000,7.4200,7.1000,7.3000,7.1200,59609186,436970855.1900
2022-08-01,sh.600821,7.2600,7.5000,6.9300,7.4200,7.3000,61406558,444605528.3700
2022-08-02,sh.600821,7.2900,7.2900,6.9600,7.0200,7.4200,46972990,332774397.4000
2022-08-03,sh.600821,6.9200,7.1600,6.7500,6.7600,7.0200,38845820,271074630.2400
2022-08-04,sh.600821,6.7600,6.9000,6.6200,6.8400,6.7600,28446100,192746115.0000
2022-08-05,sh.600821,6.8600,6.8800,6.6800,6.7800,6.8400,23627950,159486294.0000
2022-08-08,sh.600821,6.7000,6.8400,6.6900,6.7800,6.7800,18126010,123037750.0000
2022-08-09,sh.600821,6.7700,6.9900,6.7700,6.9200,6.7800,27425600,189981705.0000
2022-08-10,sh.600821,6.9200,6.9600,6.8100,6.9400,6.9200,17829080,122705121.0000
2022-08-11,sh.600821,6.9500,7.0600,6.9000,7.0500,6.9400,24680157,172926328.0000
2022-08-12,sh.600821,7.0600,7.1200,6.9700,6.9700,7.0500,20437456,143711494.0000
2022-08-15,sh.600821,6.9200,7.0600,6.9200,7.0400,6.9700,20759409,145326164.0900
2022-08-16,sh.600821,7.1200,7.3000,7.0700,7.1200,7.0400,42063712,301322022.7200
2022-08-17,sh.600821,7.2800,7.7900,7.2800,7.5600,7.1200,107961377,813900334.1300
2022-08-18,sh.600821,7.5300,7.7800,7.2600,7.2800,7.5600,85190392,633285644.1500
2022-08-19,sh.600821,7.3000,8.0000,7.1400,7.9300,7.2800,158253007,1222171931.2100
2022-08-22,sh.600821,7.9800,8.2500,7.7900,7.8400,7.9300,137295849,1103936965.4800
2022-08-23,sh.600821,7.8800,8.0900,7.7300,8.0400,7.8400,74684619,592054008.5200
2022-08-24,sh.600821,8.0000,8.0600,7.6000,7.7000,8.0400,67357757,522417510.5200
2022-08-25,sh.600821,7.7100,7.8300,7.4000,7.5400,7.7000,48353187,367028795.4300
2022-08-26,sh.600821,7.5700,7.9100,7.5500,7.6500,7.5400,46209196,356680600.2400
2022-08-29,sh.600821,7.5500,7.6900,7.4200,7.6100,7.6500,33369780,252028545.3000
2022-08-30,sh.600821,7.7000,7.7300,7.4200,7.5600,7.6100,33518349,251442186.5600
2022-08-31,sh.600821,7.6100,7.6800,7.2800,7.2800,7.5600,36943287,273595950.9100
2022-09-01,sh.600821,7.2600,7.4200,7.0300,7.1300,7.2800,31067154,223282269.9400
2022-09-02,sh.600821,7.1900,7.4100,7.1300,7.1900,7.1300,31440225,227555450.9800
2022-09-05,sh.600821,7.2300,7.6000,7.1600,7.5500,7.1900,55807490,417163055.0200
2022-09-06,sh.600821,7.5600,7.9000,7.4800,7.8600,7.5500,63425943,491430165.1500
2022-09-07,sh.600821,7.8000,7.9200,7.6500,7.8600,7.8600,50358695,392471236.4000
2022-09-08,sh.600821,7.9000,7.9700,7.7700,7.7900,7.8600,33257300,261425294.0000
2022-09-09,sh.600821,7.7400,7.8200,7.5900,7.6200,7.7900,30740989,235279083.6100
2022-09-13,sh.600821,7.6200,7.6600,7.2900,7.3500,7.6200,41642233,307698283.6900
2022-09-14,sh.600821,7.3200,7.4100,7.1100,7.1600,7.3500,39255900,283108922.3800
2022-09-15,sh.600821,7.2000,7.2400,6.7800,6.8800,7.1600,42804307,298138714.7300
2022-09-16,sh.600821,6.8400,6.9400,6.7200,6.7200,6.8800,24347161,166325220.8700
2022-09-19,sh.600821,6.7400,6.7900,6.5700,6.6600,6.7200,23455462,156383897.5400
2022-09-20,sh.600821,6.7500,6.8700,6.6800,6.8000,6.6600,19766000,134066630.9800
2022-09-21,sh.600821,6.8100,6.8800,6.6900,6.8300,6.8000,16914915,115040424.3000
2022-09-22,sh.600821,6.7600,6.8000,6.6300,6.6700,6.8300,30953000,207570747.0000
2022-09-23,sh.600821,6.7800,6.8100,6.4500,6.5100,6.6700,25334524,167472802.0300
2022-09-26,sh.600821,6.4300,6.5800,6.2800,6.3400,6.5100,23230579,149960194.8500
2022-09-27,sh.600821,6.4200,6.4800,6.3000,6.3900,6.3400,18466902,117747336.7800
2022-09-28,sh.600821,6.3900,6.4200,6.1100,6.1100,6.3900,21825265,135911625.7400
2022-09-29,sh.600821,6.1900,6.2500,6.1200,6.1700,6.1100,15001296,92925095.2800
2022-09-30,sh.600821,6.1700,6.2000,6.0800,6.1300,6.1700,17288434,105991322.2600
2022-10-10,sh.600821,6.1500,6.2300,6.0600,6.0800,6.1300,18653339,114497874.6600
2022-10-11,sh.600821,6.1100,6.2200,6.0400,6.1900,6.0800,15768696,96963575.3600
2022-10-12,sh.600821,6.2000,6.3700,6.0500,6.3600,6.1900,21843923,135490021.8400
2022-10-13,sh.600821,6.3100,6.5200,6.2900,6.4600,6.3600,20298700,130403281.0000
2022-10-14,sh.600821,6.4800,6.5700,6.4400,6.5400,6.4600,18830178,122821762.5400
2022-10-17,sh.600821,6.4800,6.5500,6.4100,6.5200,6.5400,17814624,115529472.1700
2022-10-18,sh.600821,6.5500,6.6000,6.4900,6.5300,6.5200,17175077,112501666.1800
2022-10-19,sh.600821,6.5200,6.5700,6.4100,6.4300,6.5300,18204300,118144381.8400
2022-10-20,sh.600821,6.4000,6.4500,6.2700,6.3600,6.4300,22351123,141835902.1300
2022-10-21,sh.600821,6.4700,7.0000,6.4600,7.0000,6.3600,57249450,393598803.3300
2022-10-24,sh.600821,7.1400,7.4400,7.0700,7.1800,7.0000,101891697,738712849.4200
2022-10-25,sh.600821,7.1900,7.1900,6.9300,7.0900,7.1800,55775987,393055688.6500
2022-10-26,sh.600821,7.0300,7.2800,7.0000,7.2500,7.0900,58573314,418711614.4900
2022-10-27,sh.600821,7.2100,7.4900,7.2000,7.2000,7.2500,51733242,378245974.5300
2022-10-28,sh.600821,7.1800,7.2500,6.9400,6.9700,7.2000,44704312,316261692.2700
2022-10-31,sh.600821,6.9000,6.9500,6.7100,6.8400,6.9700,35758395,244187561.6800
2022-11-01,sh.600821,6.9600,7.2200,6.8600,7.1400,6.8400,42022313,296928935.8300
2022-11-02,sh.600821,7.1700,7.2700,7.0900,7.1500,7.1400,36217177,259143574.8100
2022-11-03,sh.600821,7.1700,7.3500,7.0700,7.2800,7.1500,46919964,341123987.9500
2022-11-04,sh.600821,7.2800,7.4600,7.2200,7.4400,7.2800,48770946,358339919.2900
2022-11-07,sh.600821,7.4500,7.4500,7.2600,7.3400,7.4400,33554325,246712174.8400
2022-11-08,sh.600821,7.3800,7.4100,7.2000,7.2500,7.3400,22220387,161296759.5600
2022-11-09,sh.600821,7.2900,7.3200,7.2200,7.2400,7.2500,18108994,131581922.5700
2022-11-10,sh.600821,7.2800,7.4500,7.1600,7.3800,7.2400,31996528,234369081.3600
2022-11-11,sh.600821,7.6000,7.6700,7.3400,7.3600,7.3800,35329679,263756444.9000
2022-11-14,sh.600821,7.3200,7.4000,7.1800,7.1900,7.3600,27163956,197687076.6200
2022-11-15,sh.600821,7.2300,7.4300,7.2100,7.3600,7.1900,23214952,170328626.1500
2022-11-16,sh.600821,7.4100,7.7400,7.3600,7.4100,7.3600,37416773,281970014.5300
2022-11-17,sh.600821,7.4100,7.4400,7.2600,7.3600,7.4100,17899778,130851287.4000
2022-11-18,sh.600821,7.3900,7.5500,7.2500,7.2700,7.3600,19361394,142476416.8400
2022-11-21,sh.600821,7.0900,7.2900,7.0900,7.2200,7.2700,17765100,128184219.0000
2022-11-22,sh.600821,7.2200,7.2700,7.0000,7.0000,7.2200,29426201,208987310.4500
2022-11-23,sh.600821,7.0000,7.2200,6.9400,7.2000,7.0000,28482968,201541633.2900
2022-11-24,sh.600821,7.2100,7.3200,7.1600,7.1700,7.2000,16694825,120683243.5000
2022-11-25,sh.600821,7.1400,7.1700,7.0600,7.1000,7.1700,13849631,98305575.2900
2022-11-28,sh.600821,7.0300,7.2200,6.9600,7.1600,7.1000,19698500,140661692.8200
2022-11-29,sh.600821,7.1800,7.2100,7.0700,7.1800,7.1600,18328800,130842097.0000
2022-11-30,sh.600821,7.1800,7.3000,7.1500,7.1700,7.1800,18211941,131275319.5100
2022-12-01,sh.600821,7.2200,7.2500,7.1700,7.1800,7.1700,14335499,103197404.7100
2022-12-02,sh.600821,7.2000,7.4400,7.1000,7.1900,7.1800,34129785,247624054.8000
2022-12-05,sh.600821,7.1600,7.2400,7.1200,7.2100,7.1900,19727570,141453029.6900
2022-12-06,sh.600821,7.2400,7.2400,7.0300,7.0400,7.2100,25585300,181715363.5000
2022-12-07,sh.600821,7.0500,7.1000,6.9000,6.9200,7.0400,27734540,193614368.8500
2022-12-08,sh.600821,6.8900,7.0000,6.8900,6.9100,6.9200,17276666,119821910.0700
2022-12-09,sh.600821,6.9100,6.9400,6.7500,6.8100,6.9100,42715874,290883979.8300
2022-12-12,sh.600821,6.7700,6.8000,6.5800,6.6800,6.8100,28597169,190075643.1800
2022-12-13,sh.600821,6.6500,6.7300,6.6300,6.6500,6.6800,14792600,98715774.3300
2022-12-14,sh.600821,6.6600,6.6700,6.5800,6.6100,6.6500,12753455,84325603.7500
2022-12-15,sh.600821,6.6100,6.8400,6.5500,6.7300,6.6100,21954168,146898893.9400
2022-12-16,sh.600821,6.7000,6.7400,6.5900,6.6200,6.7300,14428636,95847044.8400
2022-12-19,sh.600821,6.6200,6.6500,6.4600,6.4700,6.6200,12213777,79875996.1900
2022-12-20,sh.600821,6.4600,6.6500,6.4100,6.6000,6.4700,17209833,113065152.1900
2022-12-21,sh.600821,6.5800,6.6100,6.4600,6.5200,6.6000,11455812,74826252.5200
2022-12-22,sh.600821,6.5300,6.6300,6.3500,6.3500,6.5200,14412400,92851032.8800
2022-12-23,sh.600821,6.3200,6.3900,6.2800,6.3400,6.3500,10161950,64377349.5000
2022-12-26,sh.600821,6.3800,6.6200,6.3200,6.6000,6.3400,18580196,121064525.9300
2022-12-27,sh.600821,6.5900,6.7300,6.5400,6.6300,6.6000,18758339,124329249.2900
2022-12-28,sh.600821,6.6600,7.0800,6.5800,6.9000,6.6300,63117805,436004639.6500
2022-12-29,sh.600821,6.8200,7.1000,6.8000,6.9900,6.9000,54312308,379766360.1300
2022-12-30,sh.600821,6.9700,7.3000,6.9700,7.2400,6.9900,45612223,329199599.1600
2023-01-03,sh.600821,7.2300,7.6200,7.1000,7.5600,7.2400,61673247,459644312.6300
2023-01-04,sh.600821,7.5400,7.6400,7.4700,7.5500,7.5600,46183715,348591287.9800
2023-01-05,sh.600821,7.6000,7.7900,7.4500,7.7000,7.5500,52087815,399352712.2300
2023-01-06,sh.600821,7.6600,8.2000,7.6100,7.9600,7.7000,60632307,483094775.8700
2023-01-09,sh.600821,7.9500,8.0200,7.7000,7.7400,7.9600,50578000,393798635.4400
2023-01-10,sh.600821,7.7100,7.8200,7.5600,7.6000,7.7400,32372134,247543961.2600
2023-01-11,sh.600821,7.6300,7.6400,7.4600,7.5000,7.6000,29720432,224646757.0400
2023-01-12,sh.600821,7.5000,7.7400,7.4800,7.5000,7.5000,32274713,244199901.5700
2023-01-13,sh.600821,7.6000,7.6500,7.5100,7.5700,7.5000,28190485,213082375.3500
2023-01-16,sh.600821,7.6200,7.8000,7.5300,7.6600,7.5700,37736224,289406361.1300
2023-01-17,sh.600821,7.6800,7.8900,7.6200,7.6800,7.6600,28389941,219049453.8500
2023-01-18,sh.600821,7.7000,7.7200,7.6100,7.6300,7.6800,14631482,112079833.8400
2023-01-19,sh.600821,7.4000,7.5600,7.3700,7.4800,7.6300,31795460,237814227.8000
2023-01-20,sh.600821,7.5500,7.5800,7.4600,7.5500,7.4800,17281127,130140888.1400
2023-01-30,sh.600821,7.6700,7.7100,7.4500,7.4700,7.5500,25555178,192603983.3500
2023-01-31,sh.600821,7.4400,7.5600,7.4100,7.4900,7.4700,17795901,133090915.4700
2023-02-01,sh.600821,7.5100,7.6000,7.4100,7.5500,7.4900,26366406,197561356.1200
2023-02-02,sh.600821,7.5000,7.5600,7.4300,7.5000,7.5500,20647134,154670738.7500
2023-02-03,sh.600821,7.4900,7.4900,7.2500,7.3600,7.5000,24901737,182613789.2700
2023-02-06,sh.600821,7.3900,7.5900,7.3300,7.5300,7.3600,33036184,247347306.6800
2023-02-07,sh.600821,7.5300,7.9200,7.5000,7.7000,7.5300,53983499,418298497.3800
2023-02-08,sh.600821,7.6800,7.7300,7.5300,7.5500,7.7000,22029421,167800591.0300
2023-02-09,sh.600821,7.5600,7.6100,7.4400,7.5700,7.5500,21491700,162054700.8700
2023-02-10,sh.600821,7.5200,7.6600,7.4700,7.6200,7.5700,19726800,149190814.0000
2023-02-13,sh.600821,7.6200,7.9200,7.6000,7.7300,7.6200,41271824,320389285.8600
2023-02-14,sh.600821,7.7700,7.8400,7.6800,7.7800,7.7300,22417818,174117304.3100
2023-02-15,sh.600821,7.8600,7.9200,7.5800,7.6400,7.7800,30872966,237857913.6500
2023-02-16,sh.600821,7.6200,7.6400,7.3300,7.4200,7.6400,31299631,234751848.4200
2023-02-17,sh.600821,7.3700,7.4700,7.3400,7.3500,7.4200,15656604,115768601.7300
2023-02-20,sh.600821,7.3500,7.3900,7.2600,7.3800,7.3500,14810181,108560470.9700
2023-02-21,sh.600821,7.3800,7.4400,7.3200,7.3700,7.3800,12012539,88652301.4300
2023-02-22,sh.600821,7.3400,7.4000,7.3200,7.3700,7.3700,12401774,91258903.2600
2023-02-23,sh.600821,7.3400,7.4600,7.3300,7.4100,7.3700,15449630,114224649.1000
2023-02-24,sh.600821,7.4300,7.5000,7.3300,7.3800,7.4100,15773000,116622609.0000
2023-02-27,sh.600821,7.3800,7.5000,7.3000,7.4000,7.3800,16488915,122294308.3000
2023-02-28,sh.600821,7.4300,7.5700,7.4100,7.5000,7.4000,21064000,157758118.0000
2023-03-01,sh.600821,7.5300,7.5500,7.4600,7.4800,7.5000,13151818,98508462.6900
2023-03-02,sh.600821,7.4800,7.5200,7.4000,7.4000,7.4800,13687214,101949538.9800
2023-03-03,sh.600821,7.3800,7.4900,7.3600,7.4400,7.4000,13716600,101950475.0000
2023-03-06,sh.600821,7.4500,7.5500,7.3800,7.4900,7.4400,18699600,139690965.0000
2023-03-07,sh.600821,7.5000,7.5300,7.3100,7.3100,7.4900,20421200,151534162.8200
2023-03-08,sh.600821,7.3300,7.4000,7.2800,7.3500,7.3100,14286600,104812732.0000
2023-03-09,sh.600821,7.3700,7.3700,7.1300,7.1500,7.3500,23960442,172712134.8800
2023-03-10,sh.600821,7.1300,7.1600,6.9100,7.0500,7.1500,22972500,161338206.0000
2023-03-13,sh.600821,7.0000,7.0900,6.9800,7.0400,7.0500,13108800,92283098.0000
2023-03-14,sh.600821,7.0800,7.1200,6.9500,7.0000,7.0400,16125400,113162858.0000
2023-03-15,sh.600821,7.0100,7.1200,7.0100,7.1100,7.0000,10727200,75985708.0000
2023-03-16,sh.600821,7.0900,7.0900,6.9000,6.9100,7.1100,15302000,106668317.0000
2023-03-17,sh.600821,6.9700,7.0100,6.8000,6.8500,6.9100,18530500,127654150.7500
2023-03-20,sh.600821,6.8800,6.9200,6.7900,6.8200,6.8500,12809800,87708386.0000
2023-03-21,sh.600821,6.8400,6.9100,6.8200,6.8800,6.8200,10119900,69495889.0000
2023-03-22,sh.600821,6.9100,6.9400,6.8000,6.8200,6.8800,11763451,80622992.8400
2023-03-23,sh.600821,6.8100,6.8200,6.7200,6.7800,6.8200,13180968,89174632.0000
2023-03-24,sh.600821,6.7800,7.1200,6.7600,7.1000,6.7800,31360307,218718619.2900
2023-03-27,sh.600821,7.1200,7.2500,6.8500,6.8700,7.1000,45512200,316887497.0200
2023-03-28,sh.600821,6.8700,6.8900,6.6600,6.6800,6.8700,26260830,176764609.4000
2023-03-29,sh.600821,6.6800,6.8200,6.6800,6.7300,6.6800,16675700,112718335.0000
2023-03-30,sh.600821,6.7000,6.7900,6.6600,6.7900,6.7300,14388398,96912228.5400
2023-03-31,sh.600821,6.8300,6.9300,6.7000,6.7400,6.7900,20782757,141419732.0500
2023-04-03,sh.600821,6.7300,7.0400,6.6600,7.0100,6.7400,34674364,239910419.5500
2023-04-04,sh.600821,7.0100,7.1500,6.9300,6.9800,7.0100,23671382,166225744.7200
2023-04-06,sh.600821,6.9700,7.0300,6.9100,6.9700,6.9800,12926878,90160472.4800
2023-04-07,sh.600821,6.9700,7.0500,6.9400,6.9900,6.9700,11588900,80901967.0000
2023-04-10,sh.600821,7.0100,7.0900,6.9700,7.0600,6.9900,21651900,152431876.0000
2023-04-11,sh.600821,7.0600,7.0700,6.9700,6.9900,7.0600,15445200,108205641.0000
2023-04-12,sh.600821,6.9800,7.0400,6.9200,6.9300,6.9900,13784701,95851715.2800
2023-04-13,sh.600821,6.9500,7.0700,6.9200,6.9300,6.9300,14105168,98587825.2700
2023-04-14,sh.600821,6.9300,7.0100,6.8700,6.9600,6.9300,13093426,90987179.9800
2023-04-17,sh.600821,6.9500,7.0300,6.9200,6.9900,6.9600,13643970,95038717.0100
2023-04-18,sh.600821,6.9800,7.0100,6.8700,6.8800,6.9900,12697089,87864083.6500
2023-04-19,sh.600821,6.8900,6.9300,6.8100,6.8200,6.8800,10796700,74127339.0000
2023-04-20,sh.600821,6.8000,6.8200,6.6800,6.7700,6.8200,11937700,80394742.0000
2023-04-21,sh.600821,6.7700,6.7700,6.5500,6.5600,6.7700,19010400,126216113.4000
2023-04-24,sh.600821,6.5600,6.6800,6.4000,6.5600,6.5600,18187992,118963821.7600
2023-04-25,sh.600821,6.5200,6.6400,6.3700,6.5100,6.5600,17258232,111931428.8000
2023-04-26,sh.600821,6.4500,6.6600,6.4200,6.6300,6.5100,14048663,92881940.9200
2023-04-27,sh.600821,6.6600,6.6600,6.4800,6.5500,6.6300,12578835,82390023.9900
2023-04-28,sh.600821,6.5100,6.5900,6.4700,6.5800,6.5500,11465101,74971126.4900
2023-05-04,sh.600821,6.6400,6.8800,6.6400,6.8100,6.5800,22272626,151410924.1400
2023-05-05,sh.600821,6.8000,6.8300,6.6300,6.7100,6.8100,17525077,117489231.4400
2023-05-08,sh.600821,6.7400,6.8100,6.6500,6.6600,6.7100,18624051,125295702.0000
2023-05-09,sh.600821,6.6400,6.6700,6.4000,6.5200,6.6600,35437249,231080786.8500
2023-05-10,sh.600821,6.5100,6.5200,6.2300,6.3100,6.5200,36579663,232192251.2000
2023-05-11,sh.600821,6.3000,6.4400,6.2400,6.3600,6.3100,24648100,156270905.4500
2023-05-12,sh.600821,6.3200,6.5700,6.3200,6.4800,6.3600,22072961,142900681.3600
2023-05-15,sh.600821,6.5000,6.6000,6.4300,6.5000,6.4800,21163619,137608336.9600
2023-05-16,sh.600821,6.5200,6.5600,6.4200,6.4900,6.5000,13414614,87218107.0300
2023-05-17,sh.600821,6.4900,6.5800,6.4500,6.5700,6.4900,12445340,81227841.5000
2023-05-18,sh.600821,6.5600,6.7000,6.5300,6.5800,6.5700,15857189,104939177.9300
2023-05-19,sh.600821,6.6000,6.6100,6.4800,6.5100,6.5800,10852101,70966026.5400
2023-05-22,sh.600821,6.5100,6.6800,6.4500,6.6100,6.5100,19569312,129775389.4200
2023-05-23,sh.600821,6.6400,6.6600,6.5100,6.5100,6.6100,14453716,95023373.5900
2023-05-24,sh.600821,6.4600,6.5800,6.4500,6.4600,6.5100,14691756,95476640.3400
2023-05-25,sh.600821,6.4800,6.8300,6.4600,6.8000,6.4600,44799309,301828903.0300
2023-05-26,sh.600821,6.7700,6.8300,6.6600,6.8100,6.8000,27075429,182540682.1800
2023-05-29,sh.600821,6.8000,6.8900,6.7600,6.7900,6.8100,22532597,153812234.7400
2023-05-30,sh.600821,6.8400,7.0200,6.8400,6.9300,6.7900,32997635,228835352.2500
2023-05-31,sh.600821,6.9500,6.9700,6.7700,6.8300,6.9300,24296200,166045588.0000
2023-06-01,sh.600821,6.7900,6.9000,6.7300,6.8100,6.8300,17186280,117285942.4400
2023-06-02,sh.600821,6.8300,6.9200,6.8100,6.8200,6.8100,13853700,94884374.0000
2023-06-05,sh.600821,6.8000,6.8700,6.7800,6.8000,6.8200,10631002,72466141.6100
2023-06-06,sh.600821,6.8000,6.8200,6.6300,6.6500,6.8000,15837675,105994819.6000
2023-06-07,sh.600821,6.6800,6.7000,6.5600,6.6300,6.6500,12625714,83524331.0500
2023-06-08,sh.600821,6.6700,6.6800,6.5900,6.6400,6.6300,9817089,65163131.1700
2023-06-09,sh.600821,6.6400,7.0100,6.6300,6.9900,6.6400,44548469,308417360.9800
2023-06-12,sh.600821,6.9900,7.0100,6.8500,6.8600,6.9900,21305715,147144574.6100
2023-06-13,sh.600821,6.8800,6.9000,6.7400,6.7800,6.8600,17434580,118445423.8000
2023-06-14,sh.600821,6.7600,6.8200,6.7100,6.7500,6.7800,14494500,97682843.0000
2023-06-15,sh.600821,6.7500,6.8000,6.6800,6.7900,6.7500,21603926,145745943.9600
2023-06-16,sh.600821,6.7800,6.8600,6.7300,6.7700,6.7900,20742950,140498432.8200
2023-06-19,sh.600821,6.7700,6.8500,6.7000,6.8400,6.7700,22312246,151663696.2600
2023-06-20,sh.600821,6.8300,6.8400,6.7200,6.7500,6.8400,14514052,98297966.0000
2023-06-21,sh.600821,6.7800,6.8300,6.7000,6.7000,6.7500,15226725,102899448.1000
2023-06-26,sh.600821,6.6900,6.9000,6.6500,6.8200,6.7000,24245950,165008396.1700
2023-06-27,sh.600821,6.8200,6.8200,6.6700,6.7700,6.8200,20780622,140026915.6100
2023-06-28,sh.600821,6.7600,6.9000,6.7400,6.8800,6.7700,25427043,174275327.3400
2023-06-29,sh.600821,6.8900,6.9200,6.7800,6.8500,6.8800,14866896,101773477.6000
2023-06-30,sh.600821,6.8400,6.9900,6.7900,6.8900,6.8500,21513476,148464865.4500
2023-07-03,sh.600821,6.8700,7.0000,6.8400,6.9600,6.8900,21128750,146601913.0000
2023-07-04,sh.600821,6.9500,6.9500,6.8600,6.8900,6.9600,14746969,101661195.7200
2023-07-05,sh.600821,6.8900,6.9500,6.8000,6.8300,6.8900,14922109,102339636.9000
2023-07-06,sh.600821,6.8200,6.8900,6.7400,6.7700,6.8300,12047000,81859501.0000
2023-07-07,sh.600821,6.7800,6.8600,6.7200,6.8400,6.7700,16779015,113804205.0700
2023-07-10,sh.600821,6.8400,6.9900,6.8400,6.9300,6.8400,24371809,168971171.5000
2023-07-11,sh.600821,6.9400,6.9900,6.8500,6.8700,6.9300,12714554,87416812.3200
2023-07-12,sh.600821,6.8600,6.9100,6.8000,6.8500,6.8700,15577023,106677812.3100
2023-07-13,sh.600821,6.9000,6.9200,6.8200,6.8500,6.8500,13545400,92934254.0000
2023-07-14,sh.600821,6.8600,6.8600,6.7600,6.7800,6.8500,12736180,86554392.2000
2023-07-17,sh.600821,6.7300,6.7800,6.6500,6.7000,6.7800,14336254,96104574.1700
2023-07-18,sh.600821,6.7100,6.7200,6.5900,6.6600,6.7000,12324594,81957642.5400
2023-07-19,sh.600821,6.6200,6.6600,6.5500,6.5900,6.6600,9975036,65883718.7000
2023-07-20,sh.600821,6.6100,6.6200,6.5000,6.5100,6.5900,11024700,72208052.0000
2023-07-21,sh.600821,6.5200,6.5700,6.4800,6.5400,6.5100,7870537,51364512.0400
2023-07-24,sh.600821,6.5400,6.5800,6.5000,6.5000,6.5400,9486907,61996799.7800
2023-07-25,sh.600821,6.5400,6.6200,6.5400,6.6100,6.5000,9193700,60494414.0000
2023-07-26,sh.600821,6.6000,6.6200,6.5500,6.5900,6.6100,4997098,32851881.8200
2023-07-27,sh.600821,6.5900,6.6200,6.4600,6.4800,6.5900,9761698,63753358.0400
2023-07-28,sh.600821,6.5000,6.5600,6.4200,6.5400,6.4800,8840497,57480705.1300
2023-07-31,sh.600821,6.5500,6.6200,6.5500,6.5700,6.5400,8515162,56083240.3400
2023-08-01,sh.600821,6.6100,6.6100,6.5500,6.5700,6.5700,8163154,53642371.2100
2023-08-02,sh.600821,6.5700,6.5800,6.4900,6.5200,6.5700,9530245,62111892.9500
2023-08-03,sh.600821,6.5200,6.6300,6.5000,6.5800,6.5200,13510562,88950663.2900
2023-08-04,sh.600821,6.6100,6.8000,6.5900,6.6000,6.5800,19560492,130434461.3300
2023-08-07,sh.600821,6.6200,6.6300,6.5200,6.5400,6.6000,10725400,70226870.0000
2023-08-08,sh.600821,6.5400,6.5400,6.4600,6.4900,6.5400,10224114,66387920.6600
2023-08-09,sh.600821,6.5000,6.5200,6.4600,6.4800,6.4900,7433685,48219866.8200
2023-08-10,sh.600821,6.4800,6.5200,6.4600,6.4800,6.4800,6311092,40927345.2400
2023-08-11,sh.600821,6.4700,6.4900,6.3800,6.4100,6.4800,9601400,61745990.0000
2023-08-14,sh.600821,6.3600,6.4800,6.3200,6.4600,6.4100,8837401,56588994.4200
2023-08-15,sh.600821,6.4600,6.4800,6.4100,6.4400,6.4600,6399400,41193270.0000
2023-08-16,sh.600821,6.4300,6.5200,6.4000,6.4900,6.4400,10554082,68368102.2800
2023-08-17,sh.600821,6.4900,6.5600,6.4000,6.5400,6.4900,13091392,85121905.3200
2023-08-18,sh.600821,6.5400,6.5700,6.4900,6.5100,6.5400,12944913,84592559.7500
2023-08-21,sh.600821,6.4500,6.5500,6.4500,6.4600,6.5100,8832917,57421439.5000
2023-08-22,sh.600821,6.4500,6.5100,6.3900,6.4800,6.4600,13455301,86608106.4200
2023-08-23,sh.600821,6.4800,6.4900,6.3200,6.3600,6.4800,14631802,94095540.6100
2023-08-24,sh.600821,6.3300,6.4000,6.2200,6.3100,6.3600,16005119,101322937.4200
2023-08-25,sh.600821,6.3100,6.5300,6.2500,6.4600,6.3100,17989892,115252257.0200
2023-08-28,sh.600821,6.7300,6.7800,6.2800,6.3200,6.4600,27284684,177292468.6400
2023-08-29,sh.600821,6.3100,6.5500,6.3100,6.5400,6.3200,18615453,120541522.6300
2023-08-30,sh.600821,6.5500,6.7500,6.5200,6.7100,6.5400,25639259,170912693.9800
2023-08-31,sh.600821,6.7400,6.7600,6.5900,6.7400,6.7100,24272600,162569675.0000
2023-09-01,sh.600821,6.7400,6.9900,6.7400,6.9200,6.7400,40295684,276953318.3500
2023-09-04,sh.600821,6.9200,7.0500,6.8300,7.0100,6.9200,36849954,257228463.9800
2023-09-05,sh.600821,6.9600,7.1000,6.9500,7.0300,7.0100,27380589,192661046.4900
2023-09-06,sh.600821,7.0200,7.1000,6.9500,7.0000,7.0300,29145911,204242635.8900
2023-09-07,sh.600821,6.9900,6.9900,6.8000,6.8000,7.0000,25886500,177862922.0000
2023-09-08,sh.600821,6.8200,6.8800,6.7500,6.8400,6.8000,10671423,72842373.3200
2023-09-11,sh.600821,6.8700,6.9100,6.8100,6.8500,6.8400,14622827,100309878.9500
2023-09-12,sh.600821,6.8500,6.9200,6.7900,6.8200,6.8500,10092657,69046933.0300
2023-09-13,sh.600821,6.8300,6.8800,6.7800,6.8200,6.8200,13579384,92735022.6900
2023-09-14,sh.600821,6.8400,6.8600,6.7800,6.8100,6.8200,9954400,67780324.0000
2023-09-15,sh.600821,6.8400,6.8600,6.7500,6.7800,6.8100,14868300,101176883.0000
2023-09-18,sh.600821,6.7800,6.8600,6.7100,6.8100,6.7800,21317162,145060841.3600
2023-09-19,sh.600821,6.8200,6.8400,6.7600,6.7800,6.8100,14189584,96561378.7100
2023-09-20,sh.600821,6.7800,6.7900,6.7000,6.7000,6.7800,10881264,73317197.3600
2023-09-21,sh.600821,6.7200,6.7200,6.6200,6.6300,6.7000,10690600,71182506.0000
2023-09-22,sh.600821,6.6300,6.7000,6.6000,6.6100,6.6300,13206299,87570311.3900
2023-09-25,sh.600821,6.6100,6.7000,6.5500,6.6300,6.6100,13391788,88794660.8400
2023-09-26,sh.600821,6.6400,6.6700,6.5200,6.5400,6.6300,11470671,75368359.1500
2023-09-27,sh.600821,6.5500,6.6200,6.5300,6.5700,6.5400,9411273,62031944.8300
2023-09-28,sh.600821,6.5900,6.6400,6.5500,6.6000,6.5700,9143800,60217173.0000
2023-10-09,sh.600821,6.5800,6.6700,6.5700,6.6300,6.6000,15957903,105714951.3400
2023-10-10,sh.600821,6.6400,6.7200,6.6100,6.6800,6.6300,11741956,78461016.5900
2023-10-11,sh.600821,6.6800,6.9200,6.6600,6.7500,6.6800,16546654,112516585.5000
2023-10-12,sh.600821,6.7500,6.8300,6.7300,6.8000,6.7500,8738400,59312776.0000
2023-10-13,sh.600821,6.7900,6.8500,6.7400,6.7600,6.8000,9813800,66514825.0000
2023-10-16,sh.600821,6.6700,6.7300,6.6300,6.6600,6.6600,15199670,101608922.0000
2023-10-17,sh.600821,6.6700,6.7000,6.6300,6.6400,6.6600,8750635,58298974.6800
2023-10-18,sh.600821,6.6600,6.6600,6.4500,6.4600,6.6400,13975136,90907458.7300
2023-10-19,sh.600821,6.4600,6.5100,6.3500,6.4500,6.4600,18649632,120154156.7600
2023-10-20,sh.600821,6.4900,6.6900,6.4100,6.6200,6.4500,32987521,218430861.1500
2023-10-23,sh.600821,6.6000,6.6300,6.3200,6.3800,6.6200,29162692,187464316.4800
2023-10-24,sh.600821,6.4100,6.5600,6.2700,6.5100,6.3800,18735993,120663898.9300
2023-10-25,sh.600821,6.6000,6.6100,6.4900,6.6100,6.5100,15676751,102662908.0900
2023-10-26,sh.600821,6.6100,6.9000,6.6100,6.7900,6.6100,43931997,297745621.5400
2023-10-27,sh.600821,6.7600,6.8700,6.7100,6.8400,6.7900,28290383,192612913.2300
2023-10-30,sh.600821,6.8000,6.9400,6.7800,6.8400,6.8400,24014810,165070828.0000
2023-10-31,sh.600821,6.8300,6.8600,6.7600,6.7800,6.8400,10606486,72053734.4400
2023-11-01,sh.600821,6.7400,6.8200,6.7200,6.7600,6.7800,9154499,61848073.2500
2023-11-02,sh.600821,6.7600,6.8000,6.6800,6.7100,6.7600,9619200,64577172.0000
2023-11-03,sh.600821,6.7300,6.7400,6.6600,6.6800,6.7100,12341556,82727116.3200
2023-11-06,sh.600821,6.7100,6.7500,6.6900,6.7300,6.6800,13501100,90740867.0000
2023-11-07,sh.600821,6.7400,6.7600,6.6400,6.6600,6.7300,14063895,93944904.6000
2023-11-08,sh.600821,6.6800,6.6800,6.5800,6.6300,6.6600,11517700,76328225.0500
2023-11-09,sh.600821,6.6100,6.6700,6.5500,6.5600,6.6300,10522801,69463644.6000
2023-11-10,sh.600821,6.5400,6.6200,6.4800,6.5900,6.5600,9700900,63498066.9900
2023-11-13,sh.600821,6.5800,6.6600,6.5300,6.5900,6.5900,12445700,81811180.0000
2023-11-14,sh.600821,6.5900,6.6200,6.4800,6.4900,6.5900,16949006,110471583.5000
2023-11-15,sh.600821,6.5000,6.5300,6.4700,6.4900,6.4900,13508814,87737723.7400
2023-11-16,sh.600821,6.5000,6.5200,6.3900,6.3900,6.4900,16614638,107001061.3600
2023-11-17,sh.600821,6.4100,6.4100,6.3500,6.4000,6.3900,12169212,77656217.1800
2023-11-20,sh.600821,6.4000,6.4500,6.3900,6.4300,6.4000,15603571,100132793.4000
2023-11-21,sh.600821,6.4300,6.4700,6.4200,6.4400,6.4300,10851999,69957327.3800
2023-11-22,sh.600821,6.4700,6.4800,6.3500,6.4000,6.4400,16372354,104940678.4400
2023-11-23,sh.600821,6.4000,6.4700,6.3700,6.4600,6.4000,10445397,67159221.7100
2023-11-24,sh.600821,6.4500,6.5700,6.4100,6.5600,6.4600,17307229,112641895.5000
2023-11-27,sh.600821,6.6500,6.7500,6.5800,6.6600,6.5600,34642146,230779621.2800
2023-11-28,sh.600821,6.6500,6.6500,6.4700,6.5700,6.6600,14815565,97352581.8700
2023-11-29,sh.600821,6.5800,6.5900,6.5000,6.5200,6.5700,10160175,66445467.2500
2023-11-30,sh.600821,6.5200,6.5900,6.5100,6.5400,6.5200,8452998,55409989.9400
2023-12-01,sh.600821,6.5300,6.6100,6.5200,6.5700,6.5400,8258300,54286101.0000
2023-12-04,sh.600821,6.5700,6.6200,6.5100,6.5800,6.5700,11099341,72917275.7300
2023-12-05,sh.600821,6.6000,6.6400,6.4800,6.5000,6.5800,12636061,82929720.7700
2023-12-06,sh.600821,6.4900,6.6300,6.4800,6.6000,6.5000,16192202,106681724.8200
2023-12-07,sh.600821,6.6300,6.6700,6.5500,6.6400,6.6000,21852925,144522964.3000
2023-12-08,sh.600821,6.6700,6.7500,6.6100,6.6200,6.6400,48041261,321715073.7800
2023-12-11,sh.600821,6.5500,6.6600,6.5200,6.6300,6.6200,12630686,83537545.6800
2023-12-12,sh.600821,6.6200,6.6500,6.5600,6.5600,6.6300,9082704,59721608.2800
2023-12-13,sh.600821,6.5600,6.5900,6.4600,6.4700,6.5600,12199432,79479636.8000
2023-12-14,sh.600821,6.4700,6.5200,6.4200,6.4400,6.4700,11566600,74735141.0000
2023-12-15,sh.600821,6.4700,6.4800,6.3600,6.4300,6.4400,14556750,93279780.5000
2023-12-18,sh.600821,6.3900,6.4100,6.2200,6.2500,6.4300,14539200,91866878.0000
2023-12-19,sh.600821,6.2500,6.2600,6.0800,6.1200,6.2500,12275576,75607595.7900
2023-12-20,sh.600821,6.1400,6.2100,6.0800,6.0800,6.1200,8181100,50232630.0000
2023-12-21,sh.600821,6.0900,6.1600,6.0100,6.1100,6.0800,7502342,45589339.0200
2023-12-22,sh.600821,6.0800,6.1000,6.0100,6.0500,6.1100,9549300,57759815.0000
2023-12-25,sh.600821,6.0500,6.0600,5.9000,5.9700,6.0500,8836301,52765788.9600
2023-12-26,sh.600821,5.9600,6.0300,5.8200,5.8700,5.9700,8259038,48790020.8900
2023-12-27,sh.600821,5.9000,5.9500,5.8000,5.9100,5.8700,9134100,53492148.0000
2023-12-28,sh.600821,5.8800,6.0700,5.8600,6.0500,5.9100,10750422,64510884.1300
2023-12-29,sh.600821,6.0200,6.1300,6.0100,6.1200,6.0500,10249093,62306232.5300
2024-01-02,sh.600821,6.1000,6.1900,6.0900,6.1200,6.1200,6576900,40477003.9700
2024-01-03,sh.600821,6.1100,6.1600,6.0900,6.1300,6.1200,5964100,36536504.0000
2024-01-04,sh.600821,6.1600,6.1700,6.1000,6.1100,6.1300,5701065,34919685.5000
2024-01-05,sh.600821,6.1300,6.1300,5.9900,6.0200,6.1100,7405000,44929842.7000
2024-01-08,sh.600821,6.0300,6.0400,5.9000,5.9300,6.0200,7393701,44198583.0200
2024-01-09,sh.600821,5.9300,6.0100,5.8600,5.9400,5.9300,5073201,30184097.9300
2024-01-10,sh.600821,5.9400,5.9700,5.8600,5.8900,5.9400,6303601,37241967.9000
2024-01-11,sh.600821,5.8800,5.9900,5.8600,5.9500,5.8900,6467835,38306791.9000
2024-01-12,sh.600821,5.9500,6.0700,5.9200,5.9500,5.9500,8911200,53457130.0000
2024-01-15,sh.600821,5.9700,6.0000,5.8600,5.8700,5.9500,13702800,81007325.0000
2024-01-16,sh.600821,5.8600,5.8800,5.6300,5.7800,5.8700,21521938,123217925.9800
2024-01-17,sh.600821,5.7700,5.8300,5.6600,5.8100,5.7800,13646027,78425480.6500
2024-01-18,sh.600821,5.7400,5.8000,5.5100,5.6900,5.8100,17865100,100601586.0000
2024-01-19,sh.600821,5.6400,5.6700,5.5000,5.5000,5.6900,9965877,55459412.5000
2024-01-22,sh.600821,5.4600,5.4800,5.1800,5.3000,5.5000,16958013,90146843.5600
2024-01-23,sh.600821,5.2000,5.3300,5.1000,5.3100,5.3000,10817634,56556072.8400
2024-01-24,sh.600821,5.3200,5.3600,5.1400,5.3600,5.3100,9440119,49826188.0800
2024-01-25,sh.600821,5.3400,5.5800,5.3100,5.5400,5.3600,8811747,48098677.5000
2024-01-26,sh.600821,5.5300,5.6900,5.5200,5.6700,5.5400,10149800,57194705.0000
2024-01-29,sh.600821,5.6900,5.7500,5.5800,5.6100,5.6700,11948500,67246259.3100
2024-01-30,sh.600821,5.5900,5.6300,5.4600,5.4800,5.6100,8024350,44533728.5000
2024-01-31,sh.600821,5.4400,5.5000,5.2600,5.3000,5.4800,14810710,79383319.7000
2024-02-01,sh.600821,5.2700,5.3300,5.1000,5.3000,5.3000,15081100,79012633.5000
2024-02-02,sh.600821,5.2600,5.3300,5.0200,5.2400,5.3000,17008200,88300609.0000
2024-02-05,sh.600821,5.2100,5.2200,4.8700,5.1000,5.2400,20936047,105652118.1500
2024-02-06,sh.600821,4.9600,5.4400,4.9100,5.3800,5.1000,19576506,102288877.3200
2024-02-07,sh.600821,5.4100,5.7900,5.3800,5.7700,5.3800,29868201,169402113.7600
2024-02-08,sh.600821,5.7800,6.0300,5.7400,6.0000,5.7700,29550857,174717781.9700
2024-02-19,sh.600821,5.9500,5.9800,5.6300,5.7300,6.0000,28273764,163492350.2400
2024-02-20,sh.600821,5.6900,5.7100,5.5600,5.6600,5.7300,15767507,88838300.2700
2024-02-21,sh.600821,5.5900,5.7900,5.5900,5.6500,5.6600,15213320,86649573.3000
2024-02-22,sh.600821,5.6000,5.6900,5.6000,5.6600,5.6500,11667201,65786884.8800
2024-02-23,sh.600821,5.6600,5.9300,5.6400,5.8300,5.6600,32415360,187663732.4400
2024-02-26,sh.600821,5.7800,5.8400,5.6500,5.6700,5.8300,18118471,103480425.1800
2024-02-27,sh.600821,5.6400,5.7300,5.6100,5.7100,5.6700,13162300,74884770.7500
2024-02-28,sh.600821,5.7300,5.8800,5.6800,5.6900,5.7100,26462632,152767985.2400
2024-02-29,sh.600821,5.6700,5.7500,5.6400,5.7400,5.6900,14392591,82116111.7600
2024-03-01,sh.600821,5.8500,5.8500,5.7200,5.7700,5.7400,17466600,100860734.0000
2024-03-04,sh.600821,5.7600,5.8000,5.6800,5.7300,5.7700,10756662,61558101.6400
2024-03-05,sh.600821,5.7300,5.7800,5.6400,5.7600,5.7300,14540473,83014326.0700
2024-03-06,sh.600821,6.1700,6.1700,5.9000,5.9600,5.7600,52682100,316788366.0000
2024-03-07,sh.600821,5.9500,6.0700,5.9000,6.0200,5.9600,35270801,211575987.0300
2024-03-08,sh.600821,6.0000,6.0500,5.9200,6.0300,6.0200,15859000,94953221.0000
2024-03-11,sh.600821,6.0600,6.1300,6.0300,6.0900,6.0300,21030001,127953645.8900
2024-03-12,sh.600821,6.1300,6.2200,6.0900,6.1200,6.0900,19006649,116497441.4500
2024-03-13,sh.600821,6.1300,6.2200,6.0500,6.2000,6.1200,24898150,152635789.2000
2024-03-14,sh.600821,6.2200,6.2200,6.0200,6.0400,6.2000,16238800,99244121.0000
2024-03-15,sh.600821,6.0400,6.0900,6.0000,6.0400,6.0400,12317901,74434560.0500
2024-03-18,sh.600821,6.0400,6.0600,5.9500,6.0400,6.0400,16129147,96853256.9900
2024-03-19,sh.600821,6.0400,6.0400,5.9900,6.0100,6.0400,11048737,66464325.0000
2024-03-20,sh.600821,6.0000,6.0100,5.9500,5.9700,6.0100,8058320,48182616.3300
2024-03-21,sh.600821,5.9800,6.0100,5.9200,5.9300,5.9700,11652787,69360153.7800
2024-03-22,sh.600821,5.9200,5.9800,5.8600,5.8900,5.9300,11313898,66793817.2100
2024-03-25,sh.600821,5.8500,5.9300,5.7700,5.8500,5.8900,12044886,70439818.9000
2024-03-26,sh.600821,5.8300,5.9100,5.7900,5.8700,5.8500,9930999,58094809.1600
2024-03-27,sh.600821,5.8800,5.9000,5.7900,5.8000,5.8700,9503601,55533961.8500
2024-03-28,sh.600821,5.8000,5.8800,5.7700,5.8100,5.8000,10260082,59736292.8800
2024-03-29,sh.600821,5.8200,5.8300,5.6800,5.7800,5.8100,13119112,75393208.0700
2024-04-01,sh.600821,5.7700,5.8600,5.7400,5.8400,5.7800,9421600,54818476.0000
2024-04-02,sh.600821,5.8500,5.9400,5.8300,5.8500,5.8400,12440669,73137649.9600
2024-04-03,sh.600821,5.8700,5.8700,5.7500,5.8100,5.8500,9400300,54428622.0000
2024-04-08,sh.600821,5.8100,5.9000,5.7500,5.8600,5.8100,13745487,80437604.0400
2024-04-09,sh.600821,5.8500,5.9100,5.8200,5.9000,5.8600,9662111,56772257.0900
2024-04-10,sh.600821,5.9200,5.9500,5.8600,5.8800,5.9000,13813638,81631776.9300
2024-04-11,sh.600821,5.8600,5.9300,5.7900,5.8400,5.8800,16123108,94629875.2200
2024-04-12,sh.600821,5.8100,5.8700,5.6500,5.8600,5.8400,20567900,118788884.9800
2024-04-15,sh.600821,5.8500,5.9500,5.7500,5.8900,5.8600,20302029,119063509.3200
2024-04-16,sh.600821,5.8400,5.8900,5.7500,5.7800,5.8900,19436700,112811558.0000
2024-04-17,sh.600821,5.7700,5.9000,5.7500,5.8900,5.7800,17087142,100120537.8700
2024-04-18,sh.600821,5.9000,5.9000,5.8000,5.8600,5.8900,14764100,86169764.1800
2024-04-19,sh.600821,5.8200,5.8500,5.7800,5.8100,5.8600,8876800,51573979.0000
2024-04-22,sh.600821,5.7900,5.8300,5.7400,5.7400,5.8100,7987000,46157343.0000
2024-04-23,sh.600821,5.7300,5.7600,5.6800,5.7000,5.7400,8067101,46076111.7000
2024-04-24,sh.600821,5.7100,5.7800,5.6800,5.7800,5.7000,8627900,49491526.0000
2024-04-25,sh.600821,5.7600,5.8000,5.7300,5.7400,5.7800,10251600,59009020.0000
2024-04-26,sh.600821,5.7300,5.8000,5.7200,5.8000,5.7400,12178015,70135073.1000
2024-04-29,sh.600821,5.7900,5.9400,5.7700,5.9400,5.8000,17531733,103051838.4600
2024-04-30,sh.600821,5.9800,6.0400,5.9400,5.9900,5.9400,18639178,111678851.4400
2024-05-06,sh.600821,6.0000,6.0400,5.9800,6.0000,5.9900,21124600,126804348.6100
2024-05-07,sh.600821,6.0000,6.0000,5.9200,5.9400,6.0000,14538693,86545604.4200
2024-05-08,sh.600821,5.9000,5.9600,5.8400,5.8500,5.9400,13796700,81234616.0000
2024-05-09,sh.600821,5.8300,5.9200,5.8300,5.8800,5.8500,13577600,79969959.0000
2024-05-10,sh.600821,5.9000,6.0100,5.8000,5.9400,5.8800,21907600,129146419.0000
2024-05-13,sh.600821,5.9500,5.9800,5.8200,5.9200,5.9400,27106931,160144920.2100
2024-05-14,sh.600821,5.9200,6.0000,5.8600,5.9500,5.9200,23986400,142595586.0000
2024-05-15,sh.600821,5.9300,6.0300,5.8500,5.8600,5.9500,22913900,135772551.0000
2024-05-16,sh.600821,5.8700,5.8900,5.7400,5.7400,5.8600,19530700,113389132.0000
2024-05-17,sh.600821,5.7200,5.8000,5.6500,5.7500,5.7400,19385201,110819626.7000
2024-05-20,sh.600821,5.7100,5.8400,5.7100,5.7900,5.7500,17319703,100345678.1900
2024-05-21,sh.600821,5.7800,5.8200,5.7000,5.8000,5.7900,14855001,85482753.7500
2024-05-22,sh.600821,5.8000,5.8400,5.7600,5.8100,5.8000,13873600,80531314.0000
2024-05-23,sh.600821,5.8000,5.8000,5.6600,5.6700,5.8100,16270397,93058324.9900
2024-05-24,sh.600821,5.6800,5.8900,5.6700,5.8400,5.6700,28958111,168605417.0800
2024-05-27,sh.600821,5.8600,5.9000,5.7600,5.8200,5.8400,17018465,98927692.0500
2024-05-28,sh.600821,5.7500,5.9600,5.7400,5.9200,5.7500,28648495,168282178.9000
2024-05-29,sh.600821,5.8800,6.0000,5.8400,5.9200,5.9200,22276200,132093742.0000
2024-05-30,sh.600821,5.9500,6.0000,5.8300,5.8400,5.9200,19674400,115982555.0000
2024-05-31,sh.600821,5.8100,5.8700,5.7600,5.7600,5.8400,14185800,82119384.0000
2024-06-03,sh.600821,5.7600,5.7900,5.6300,5.6500,5.7600,18855400,107041149.0000
2024-06-04,sh.600821,5.6300,5.7400,5.6000,5.7400,5.6500,11008509,62565905.5700
2024-06-05,sh.600821,5.7100,5.7400,5.6200,5.6300,5.7400,12125122,68813136.8400
2024-06-06,sh.600821,5.6700,5.6800,5.4700,5.5000,5.6300,19044925,105966471.0000
2024-06-07,sh.600821,5.5300,5.5800,5.4800,5.5500,5.5000,9035800,50000980.0000
2024-06-11,sh.600821,5.5500,5.5700,5.4700,5.5300,5.5500,10612157,58591585.2200
2024-06-12,sh.600821,5.5100,5.5600,5.5000,5.5200,5.5300,7608838,42093097.1000
2024-06-13,sh.600821,5.5300,5.5400,5.4100,5.5300,5.5200,15934800,87291722.5000
2024-06-14,sh.600821,5.4800,5.5600,5.4500,5.5300,5.5300,12895197,70925784.9200
2024-06-17,sh.600821,5.4700,5.5400,5.4200,5.4500,5.5300,9805198,53708763.4500
2024-06-18,sh.600821,5.4600,5.4600,5.3500,5.4600,5.4500,14480300,78217296.0000
2024-06-19,sh.600821,5.4300,5.4700,5.3600,5.3600,5.4600,8570472,46169255.9200
2024-06-20,sh.600821,5.3500,5.3500,5.2400,5.2400,5.3600,11360400,60149403.0000
2024-06-21,sh.600821,5.2200,5.2900,5.2200,5.2600,5.2400,7433600,39074694.0000
2024-06-24,sh.600821,5.2400,5.2600,5.1200,5.1300,5.2600,7068126,36588313.9000
2024-06-25,sh.600821,5.1200,5.2000,5.1100,5.1400,5.1300,6385401,32907367.1600
2024-06-26,sh.600821,5.0500,5.2400,5.0500,5.2300,5.1400,8381101,43307182.1300
2024-06-27,sh.600821,5.2300,5.2400,5.0600,5.1100,5.2300,12169430,62206743.9500
2024-06-28,sh.600821,5.0900,5.2100,5.0500,5.1400,5.1100,8233998,42490565.7000
2024-07-01,sh.600821,5.1500,5.2100,5.1200,5.1900,5.1400,6760812,34992149.9200
2024-07-02,sh.600821,5.1800,5.2200,5.1500,5.1600,5.1900,6586112,34105882.8100
2024-07-03,sh.600821,5.1600,5.2000,5.1400,5.1600,5.1600,4992100,25803808.0000
2024-07-04,sh.600821,5.1500,5.1700,5.0600,5.1100,5.1600,8032383,40953930.6400
2024-07-05,sh.600821,5.0800,5.1400,5.0800,5.1100,5.1100,5346112,27281394.3200
2024-07-08,sh.600821,5.1000,5.1100,4.9800,5.0400,5.1100,9700606,48725544.9000
2024-07-09,sh.600821,5.0000,5.1400,4.9300,5.1000,5.0400,12576765,63431864.1500
2024-07-10,sh.600821,5.0800,5.1100,5.0400,5.0700,5.1000,6695809,33966030.5400
2024-07-11,sh.600821,5.1200,5.1600,5.0900,5.1400,5.0700,8147600,41769880.0000
2024-07-12,sh.600821,5.1400,5.1600,5.1000,5.1200,5.1400,5441166,27872523.1900
2024-07-15,sh.600821,5.0900,5.1200,5.0400,5.0900,5.1200,6855000,34817277.0000
2024-07-16,sh.600821,5.0900,5.1000,5.0600,5.0600,5.0900,3989000,20246834.0000
2024-07-17,sh.600821,5.0600,5.0800,5.0100,5.0600,5.0600,6532300,32921271.9800
2024-07-18,sh.600821,5.0000,5.0900,4.9900,5.0700,5.0600,6276152,31699120.5900
2024-07-19,sh.600821,5.0700,5.0800,5.0200,5.0500,5.0700,4843001,24445661.0500
2024-07-22,sh.600821,5.0300,5.0700,5.0000,5.0400,5.0500,6286700,31606608.0000
2024-07-23,sh.600821,5.0100,5.0500,4.9700,5.0000,5.0400,7054301,35328385.0200
2024-07-24,sh.600821,5.0100,5.0400,4.9400,4.9800,5.0000,7737501,38564382.4600
2024-07-25,sh.600821,4.9700,5.0500,4.9300,5.0200,4.9800,6384310,31930986.1000
2024-07-26,sh.600821,5.0200,5.0600,5.0100,5.0600,5.0200,5186035,26167296.4100
2024-07-29,sh.600821,5.0500,5.0600,4.9800,5.0200,5.0600,6056300,30373501.0000
2024-07-30,sh.600821,4.9800,5.0100,4.9500,5.0000,5.0200,5191800,25839575.0000
2024-07-31,sh.600821,4.9900,5.1300,4.9700,5.1200,5.0000,11943000,60535556.9800
2024-08-01,sh.600821,5.1200,5.1500,5.0700,5.0800,5.1200,6362410,32436215.9000
2024-08-02,sh.600821,5.0600,5.1100,5.0500,5.0900,5.0800,5758700,29287599.0000
2024-08-05,sh.600821,5.0500,5.1400,5.0500,5.0600,5.0900,8260100,41957481.0000
2024-08-06,sh.600821,5.0800,5.1600,5.0600,5.1300,5.0600,9340730,47782637.9000
2024-08-07,sh.600821,5.1800,5.2000,5.1200,5.1500,5.1300,7789951,40125254.6700
2024-08-08,sh.600821,5.1300,5.1800,5.1100,5.1700,5.1500,7405463,38148622.2200
2024-08-09,sh.600821,5.1900,5.2100,5.1300,5.1400,5.1700,5870630,30334607.2000
2024-08-12,sh.600821,5.1600,5.2200,5.1600,5.1700,5.1400,5151400,26677020.0000
2024-08-13,sh.600821,5.1800,5.2200,5.1600,5.2200,5.1700,6339000,32961580.0000
2024-08-14,sh.600821,5.2400,5.3200,5.2100,5.3000,5.2200,9918102,52318452.4200
2024-08-15,sh.600821,5.2900,5.5700,5.2800,5.5100,5.3000,26455499,144585038.7900
2024-08-16,sh.600821,5.4600,5.6700,5.4600,5.5500,5.5100,23865100,133484300.0000
2024-08-19,sh.600821,5.5000,5.5600,5.4200,5.4400,5.5500,11945200,65508686.0000
2024-08-20,sh.600821,5.4400,5.4500,5.2400,5.3100,5.4400,12566300,66947410.0000
2024-08-21,sh.600821,5.2600,5.3200,5.1300,5.1800,5.3100,10618700,55190816.0000
2024-08-22,sh.600821,5.2000,5.2600,5.1900,5.2100,5.1800,7441800,38809640.0000
2024-08-23,sh.600821,5.2100,5.2700,5.1500,5.1800,5.2100,5956800,31045229.0000
2024-08-26,sh.600821,5.1700,5.2300,5.1300,5.1400,5.1800,5635900,29057519.0000
2024-08-27,sh.600821,5.1400,5.1700,5.0700,5.1600,5.1400,6241201,31931572.1400
2024-08-28,sh.600821,5.1400,5.2100,5.1100,5.1500,5.1600,4191858,21657193.1200
2024-08-29,sh.600821,5.1600,5.2000,5.1300,5.1600,5.1500,5538200,28606155.0000
2024-08-30,sh.600821,5.1400,5.2200,5.1300,5.1600,5.1600,13406300,69378751.0000
2024-09-02,sh.600821,5.1500,5.4100,5.1400,5.2700,5.1600,22526135,119805913.6900
2024-09-03,sh.600821,5.2500,5.2700,5.1700,5.2000,5.2700,11916900,62097540.0000
2024-09-04,sh.600821,5.2000,5.2300,5.1500,5.1800,5.2000,8588472,44569365.2400
2024-09-05,sh.600821,5.1800,5.2800,5.1600,5.2700,5.1800,7641332,39915569.4000
2024-09-06,sh.600821,5.2500,5.3300,5.2300,5.3000,5.2700,8312669,44015404.5600
2024-09-09,sh.600821,5.3000,5.3000,5.1000,5.1200,5.3000,9222200,47632775.0000
2024-09-10,sh.600821,5.1200,5.1400,5.0000,5.0800,5.1200,6959900,35210776.0000
2024-09-11,sh.600821,5.0700,5.0700,4.9800,5.0100,5.0800,5923557,29693242.3800
2024-09-12,sh.600821,5.0000,5.0700,4.9900,5.0100,5.0100,4627094,23299852.8500
2024-09-13,sh.600821,5.0400,5.0400,4.9900,5.0000,5.0100,4479600,22448633.0000
2024-09-18,sh.600821,5.0000,5.0300,4.9100,4.9700,5.0000,5193400,25671606.0000
2024-09-19,sh.600821,5.0000,5.1600,4.9900,5.0900,4.9700,7221193,36619834.4400
2024-09-20,sh.600821,5.0800,5.0800,5.0100,5.0600,5.0900,4817245,24315712.3500
2024-09-23,sh.600821,5.0600,5.0900,5.0200,5.0500,5.0600,4785700,24151053.0000
2024-09-24,sh.600821,5.0500,5.2400,5.0500,5.2400,5.0500,12905500,66742041.0000
2024-09-25,sh.600821,5.2800,5.3600,5.2200,5.2400,5.2400,13878500,73305801.0000
2024-09-26,sh.600821,5.2000,5.3900,5.2000,5.3900,5.2400,13553252,71860713.9000
2024-09-27,sh.600821,5.4900,5.5500,5.4200,5.5500,5.3900,11851600,65102958.0000
2024-09-30,sh.600821,5.7100,5.9800,5.6400,5.8800,5.5500,51677472,302284672.6000
2024-10-08,sh.600821,6.4600,6.4600,5.8300,6.0400,5.8800,58962567,358890789.1600
2024-10-09,sh.600821,6.0800,6.0800,5.6800,5.7500,6.0400,40213796,234890325.6800
2024-10-10,sh.600821,5.7800,5.9000,5.7500,5.7800,5.7500,31182783,181624459.2200
2024-10-11,sh.600821,5.7900,5.8300,5.6100,5.6500,5.7800,17512926,99837876.8200
2024-10-14,sh.600821,5.6800,5.7300,5.5400,5.7200,5.6500,20609010,116049161.1000
2024-10-15,sh.600821,5.6900,5.7000,5.5400,5.5800,5.7200,17610610,98908998.3000
2024-10-16,sh.600821,5.5100,5.6200,5.5000,5.5800,5.5800,14074268,78251452.7600
2024-10-17,sh.600821,5.5800,5.6100,5.4900,5.5000,5.5800,15440159,85442496.2300
2024-10-18,sh.600821,5.5400,5.7700,5.5000,5.7000,5.5000,36996595,210314301.6400
2024-10-21,sh.600821,5.8000,5.8100,5.5800,5.6200,5.7000,24378530,138058194.3000
2024-10-22,sh.600821,5.6000,5.6500,5.5500,5.6400,5.6200,22457702,125643869.2200
2024-10-23,sh.600821,5.6200,5.8800,5.6100,5.7700,5.6400,32987418,190198688.0000
2024-10-24,sh.600821,5.7700,5.7800,5.6400,5.7100,5.7700,14136001,80305229.6700
2024-10-25,sh.600821,5.7000,5.8600,5.6700,5.8200,5.7100,22036240,127462465.7400
2024-10-28,sh.600821,5.8200,5.8600,5.7500,5.8400,5.8200,18986000,110203979.0000
2024-10-29,sh.600821,5.8800,5.8800,5.6800,5.7100,5.8400,22139100,127158227.0000
2024-10-30,sh.600821,5.6700,5.7500,5.6500,5.7500,5.7100,16366402,93291728.3600
2024-10-31,sh.600821,5.7000,5.8100,5.6900,5.7100,5.6500,26410403,151541261.3700
2024-11-01,sh.600821,5.7200,5.7800,5.6500,5.6900,5.7100,29311527,167612925.2800
2024-11-04,sh.600821,5.6900,5.7800,5.6900,5.7400,5.6900,17821200,102168260.0000
2024-11-05,sh.600821,5.7500,5.7900,5.7000,5.7800,5.7400,24752083,142453610.9000
2024-11-06,sh.600821,5.7800,5.8500,5.7100,5.8000,5.7800,30792603,177965448.3700
2024-11-07,sh.600821,5.7900,5.9400,5.7500,5.9000,5.8000,36707999,215617433.2900
2024-11-08,sh.600821,5.9100,6.0300,5.8000,5.9500,5.9000,49243386,290482466.7800
2024-11-11,sh.600821,5.9900,6.0700,5.8800,5.9300,5.9500,36370065,215874709.3500
2024-11-12,sh.600821,5.9800,5.9900,5.8400,5.9000,5.9300,31826583,188223508.9400
2024-11-13,sh.600821,5.8800,5.9300,5.8300,5.8900,5.9000,22280596,130967406.3300
2024-11-14,sh.600821,5.8700,5.8900,5.7500,5.8000,5.8900,23898100,138759024.0000
2024-11-15,sh.600821,5.7700,5.8400,5.7100,5.7100,5.8000,16571400,95634762.0000
2024-11-18,sh.600821,5.7400,5.8000,5.6900,5.7100,5.7100,22653150,130400972.9800
2024-11-19,sh.600821,5.7500,5.7500,5.6300,5.7200,5.7100,20836798,118407448.6400
2024-11-20,sh.600821,5.7000,5.7100,5.6300,5.7000,5.7200,16481400,93464663.0000
2024-11-21,sh.600821,5.6800,5.7400,5.6500,5.6800,5.7000,13282910,75385669.7000
2024-11-22,sh.600821,5.6900,5.7100,5.5200,5.5200,5.6800,22778100,127919193.0000
2024-11-25,sh.600821,5.5600,5.6000,5.5000,5.5800,5.5200,15881000,88255371.0000
2024-11-26,sh.600821,5.5700,5.6400,5.5400,5.5800,5.5800,12986925,72585377.5000
2024-11-27,sh.600821,5.5600,5.6600,5.5000,5.6600,5.5800,13466400,75089173.0000
2024-11-28,sh.600821,5.6500,5.6800,5.5900,5.6100,5.6600,12573092,70893158.2200
2024-11-29,sh.600821,5.6100,5.6600,5.5700,5.6300,5.6100,16672667,93804804.8700
2024-12-02,sh.600821,5.6500,5.6900,5.6000,5.6900,5.6300,20475075,115605979.2500
2024-12-03,sh.600821,5.6900,5.7300,5.6200,5.7100,5.6900,19237125,109156266.2500
2024-12-04,sh.600821,5.6900,5.7000,5.6200,5.6400,5.7100,13640900,77176638.0000
2024-12-05,sh.600821,5.6300,5.6400,5.5900,5.6200,5.6400,13232900,74300414.0000
2024-12-06,sh.600821,5.6200,5.7300,5.6000,5.7300,5.6200,25845209,146618099.0900
2024-12-09,sh.600821,5.7300,5.7700,5.6700,5.7000,5.7300,16036300,91696732.0000
2024-12-10,sh.600821,5.8100,5.8300,5.7000,5.7100,5.7000,23319730,134056459.1000
2024-12-11,sh.600821,5.7100,5.7800,5.7000,5.7700,5.7100,18468492,106418991.2800
2024-12-12,sh.600821,5.7800,5.8200,5.7100,5.8100,5.7700,23398316,135309980.6500
2024-12-13,sh.600821,5.8000,5.8200,5.6700,5.6700,5.8100,24337693,139227288.3100
2024-12-16,sh.600821,5.6700,5.7700,5.6700,5.7500,5.6700,19145656,109735311.7800
2024-12-17,sh.600821,5.7200,5.8000,5.7100,5.7600,5.7500,25575301,147226315.7600
2024-12-18,sh.600821,5.7600,5.8600,5.7600,5.7800,5.7600,23961500,139268482.0000
2024-12-19,sh.600821,5.7400,5.7700,5.6600,5.7400,5.7800,17686400,100939855.0000
2024-12-20,sh.600821,5.7300,5.7800,5.6400,5.6400,5.7400,18714500,106178040.0000
2024-12-23,sh.600821,5.6300,5.6400,5.5700,5.5800,5.6400,13878623,77771423.3400
2024-12-24,sh.600821,5.5900,5.6500,5.5600,5.6300,5.5800,9962904,56065921.9400
2024-12-25,sh.600821,5.6400,5.6600,5.5600,5.6000,5.6300,10164308,56783859.8000
2024-12-26,sh.600821,5.6000,5.6200,5.5200,5.5300,5.6000,13223408,73485181.1600
2024-12-27,sh.600821,5.5400,5.6400,5.5300,5.6400,5.5300,14624093,81744722.2200
2024-12-30,sh.600821,5.6400,5.6500,5.5200,5.5400,5.6400,12799217,71259029.6200
2024-12-31,sh.600821,5.5300,5.5700,5.4000,5.4000,5.5400,15144536,82934538.8000
2025-01-02,sh.600821,5.4000,5.4300,5.2300,5.2800,5.4000,17267900,92105353.0000
2025-01-03,sh.600821,5.3000,5.3600,5.2200,5.2400,5.2800,16605499,87789746.3500
2025-01-06,sh.600821,5.2300,5.3100,5.2100,5.2800,5.2400,12471400,65591080.0000
2025-01-07,sh.600821,5.3000,5.3300,5.2000,5.2300,5.2800,12292700,64422496.0000
2025-01-08,sh.600821,5.2400,5.2500,5.1100,5.1700,5.2300,17630405,91108551.9500
2025-01-09,sh.600821,5.1400,5.1600,5.1100,5.1100,5.1700,9861003,50591287.3300
2025-01-10,sh.600821,5.0900,5.1300,5.0700,5.0800,5.1100,10872200,55387436.0000
2025-01-13,sh.600821,5.0800,5.1000,5.0400,5.0700,5.0800,9805641,49708107.4600
2025-01-14,sh.600821,5.0800,5.1800,5.0700,5.1800,5.0700,15636346,80219009.8200
2025-01-15,sh.600821,5.1500,5.1700,5.0800,5.1300,5.1800,17027200,87025941.0000
2025-01-16,sh.600821,5.1300,5.2000,5.1000,5.1300,5.1300,13910027,71627489.9700
2025-01-17,sh.600821,5.1100,5.1900,5.0900,5.1900,5.1300,11740300,60581476.0400
2025-01-20,sh.600821,5.2000,5.2500,5.1700,5.1800,5.1900,10363700,53845935.0000
2025-01-21,sh.600821,5.2000,5.2100,5.1300,5.1500,5.1800,7787400,40119073.0000
2025-01-22,sh.600821,5.1500,5.1800,5.1000,5.1600,5.1500,9125500,46951180.0000
2025-01-23,sh.600821,5.2000,5.2700,5.1700,5.1800,5.1600,10890000,56840404.0000
2025-01-24,sh.600821,5.1600,5.2300,5.1600,5.2300,5.1800,13840700,71896834.0000
2025-01-27,sh.600821,5.2300,5.4400,5.2300,5.3900,5.2300,22958887,122927663.3200
2025-02-05,sh.600821,5.3800,5.4700,5.3400,5.4000,5.3900,16177303,87515528.2000
2025-02-06,sh.600821,5.5000,5.7900,5.4100,5.7400,5.4000,63520946,358734252.5700
2025-02-07,sh.600821,5.6900,6.1600,5.5800,5.9100,5.7400,127222884,752045541.9200
2025-02-10,sh.600821,5.9100,6.0000,5.6200,5.7300,5.9100,87501557,499928967.3100
2025-02-11,sh.600821,5.7000,5.7300,5.4900,5.5700,5.7300,61020082,339453572.7000
2025-02-12,sh.600821,5.5400,5.6600,5.5400,5.6100,5.5700,42324201,237207919.4800
2025-02-13,sh.600821,5.6300,5.8300,5.5500,5.5900,5.6100,62663907,353295353.8900
2025-02-14,sh.600821,5.5800,5.6200,5.5400,5.5600,5.5900,32508710,181156013.9000
2025-02-17,sh.600821,5.5600,5.5900,5.5200,5.5300,5.5600,31311900,173702467.0000
2025-02-18,sh.600821,5.5600,5.6300,5.5000,5.5200,5.5300,35884480,200072282.2900
2025-02-19,sh.600821,5.5200,5.6300,5.5000,5.6100,5.5200,31117894,172862368.7100
2025-02-20,sh.600821,5.5800,5.6000,5.5100,5.5300,5.6100,24869093,137568331.1700
2025-02-21,sh.600821,5.5500,5.7500,5.4900,5.7300,5.5300,63061985,356072917.7600
2025-02-24,sh.600821,5.9500,6.3000,5.7900,6.3000,5.7300,175472999,1080852293.4100
2025-02-25,sh.600821,6.1800,6.2500,6.0200,6.0300,6.3000,153122335,938053167.2000
2025-02-26,sh.600821,6.1500,6.2100,6.0100,6.0600,6.0300,61194359,371061561.4600
2025-02-27,sh.600821,6.1200,6.1400,5.9000,5.9300,6.0600,54217481,324916291.5200
2025-02-28,sh.600821,5.9300,5.9700,5.8200,5.8600,5.9300,38685923,228190758.8500
2025-03-03,sh.600821,5.8500,5.9200,5.8200,5.8400,5.8600,29807248,175045452.2400
2025-03-04,sh.600821,5.8000,5.8900,5.7800,5.8700,5.8400,25262400,147705786.0000
2025-03-05,sh.600821,5.8900,6.0500,5.8700,5.9700,5.8700,45565577,271597724.4600
2025-03-06,sh.600821,5.9700,6.1000,5.9500,6.0500,5.9700,47610643,287742040.2900
2025-03-07,sh.600821,6.0300,6.1700,5.9800,6.0100,6.0500,40131314,242848286.8700
2025-03-10,sh.600821,6.0300,6.0600,5.9000,5.9600,6.0100,29002700,173343982.0000
2025-03-11,sh.600821,5.9000,5.9400,5.8700,5.9200,5.9600,21109572,124501574.8000
2025-03-12,sh.600821,5.9500,6.3700,5.9100,6.2200,5.9200,99234195,614510701.8100
2025-03-13,sh.600821,6.1600,6.2800,6.0800,6.1200,6.2200,54970565,338324225.6700
2025-03-14,sh.600821,6.1200,6.1600,6.0400,6.1500,6.1200,42561518,259834913.6900
2025-03-17,sh.600821,6.1900,6.2500,6.1100,6.1400,6.1500,33486590,206409623.7000
2025-03-18,sh.600821,6.1600,6.3600,6.1600,6.2200,6.1400,54075323,337378152.6700
2025-03-19,sh.600821,6.2400,6.4500,6.1200,6.2700,6.2200,70663167,444570022.7100
2025-03-20,sh.600821,6.2200,6.2600,6.1500,6.2100,6.2700,49211600,305317973.0000
2025-03-21,sh.600821,6.1600,6.2100,6.0600,6.0700,6.2100,41174700,252125741.0000
2025-03-24,sh.600821,6.0600,6.1200,5.9600,6.1200,6.0700,35735100,216049912.0000
2025-03-25,sh.600821,6.1000,6.1700,6.0500,6.1200,6.1200,32538900,198908885.0000
2025-03-26,sh.600821,6.1100,6.1600,6.0600,6.0700,6.1200,30796496,188048155.4800
2025-03-27,sh.600821,6.0300,6.0600,5.9600,5.9700,6.0700,26518732,158762618.7200
2025-03-28,sh.600821,5.9600,5.9900,5.8400,5.8400,5.9700,28138732,165963690.7200
2025-03-31,sh.600821,5.8200,5.9400,5.8000,5.9000,5.8400,27413093,161247757.7000
2025-04-01,sh.600821,5.9400,6.3100,5.9400,6.0600,5.9000,48559793,297008214.0200
2025-04-02,sh.600821,6.0200,6.0900,5.9400,5.9600,6.0600,27456200,164475601.0000
2025-04-03,sh.600821,5.9300,6.0400,5.9100,5.9900,5.9600,26871600,160974311.0000
2025-04-07,sh.600821,5.6100,5.8000,5.3900,5.3900,5.9900,53394800,296964100.0000
2025-04-08,sh.600821,5.4100,5.6000,5.4100,5.5700,5.3900,47955198,264801763.5700
2025-04-09,sh.600821,5.4900,5.6400,5.3200,5.6100,5.5700,42292386,232174242.4900
2025-04-10,sh.600821,5.6700,5.7400,5.5800,5.6100,5.6100,40038394,226797111.0500
2025-04-11,sh.600821,5.6000,5.6800,5.5600,5.6300,5.6100,28468485,160140373.6100
2025-04-14,sh.600821,5.6700,5.7400,5.6700,5.6900,5.6300,23574500,134445249.0000
2025-04-15,sh.600821,5.7100,5.7300,5.6100,5.6600,5.6900,20346266,115014304.7200
2025-04-16,sh.600821,5.6500,5.6900,5.5400,5.5800,5.6600,18557000,103931378.0000
2025-04-17,sh.600821,5.5600,5.5900,5.5400,5.5600,5.5800,14685125,81831489.2500
2025-04-18,sh.600821,5.5500,5.5600,5.5000,5.5300,5.5600,13749950,75967110.5000
2025-04-21,sh.600821,5.5500,5.6400,5.5400,5.6100,5.5300,16401772,91953534.6400
2025-04-22,sh.600821,5.6000,5.6300,5.5400,5.5500,5.6100,19182272,106899330.7600
2025-04-23,sh.600821,5.5600,5.5900,5.5200,5.5300,5.5500,15642772,86793304.8800
2025-04-24,sh.600821,5.5300,5.6700,5.5300,5.5900,5.5300,24389800,136689263.0000
2025-04-25,sh.600821,5.5900,5.7600,5.5500,5.7300,5.5900,35908200,204482202.0000
2025-04-28,sh.600821,5.7600,5.7800,5.6200,5.6600,5.7300,27035244,153237791.6000
2025-04-29,sh.600821,5.6900,5.6900,5.4900,5.5400,5.6600,30687600,170589603.0000
2025-04-30,sh.600821,5.4900,5.5700,5.4800,5.5000,5.5400,23243301,128428285.5300
2025-05-06,sh.600821,5.5000,5.5600,5.4800,5.5600,5.5000,26426469,146122965.2600
2025-05-07,sh.600821,5.6100,5.6500,5.5100,5.5400,5.5600,22979900,128094991.0000
2025-05-08,sh.600821,5.5300,5.5900,5.5100,5.5700,5.5400,17397702,96817228.1000
2025-05-09,sh.600821,5.5900,5.5900,5.5100,5.5300,5.5700,18091867,100160418.8500
2025-05-12,sh.600821,5.5400,5.5700,5.4900,5.5200,5.5300,21280284,117372723.5200
2025-05-13,sh.600821,5.5500,5.5800,5.5000,5.5800,5.5200,23242800,128866692.0000
2025-05-14,sh.600821,5.5600,5.6800,5.5400,5.6200,5.5800,36206004,203509278.7300
2025-05-15,sh.600821,5.6100,5.6800,5.5500,5.5500,5.6200,20381689,114228504.1500
2025-05-16,sh.600821,5.5500,5.5700,5.5000,5.5100,5.5500,15752986,87012817.4400
2025-05-19,sh.600821,5.5200,5.5400,5.5000,5.5300,5.5100,11838957,65338835.3400
2025-05-20,sh.600821,5.5400,5.6000,5.5200,5.6000,5.5300,16827020,93637197.5800
2025-05-21,sh.600821,5.5800,5.6300,5.5500,5.5600,5.6000,15160396,84724277.6900
2025-05-22,sh.600821,5.5600,5.5600,5.5000,5.5100,5.5600,14450026,79819335.7100
2025-05-23,sh.600821,5.5200,5.5200,5.4400,5.4400,5.5100,17445784,95659133.4400
2025-05-26,sh.600821,5.4400,5.4600,5.4100,5.4500,5.4400,9263886,50357373.3200
2025-05-27,sh.600821,5.4500,5.4600,5.3800,5.4200,5.4500,11075418,59908619.2800
2025-05-28,sh.600821,5.4200,5.4500,5.4100,5.4200,5.4200,8743631,47470182.0200
2025-05-29,sh.600821,5.4300,5.5100,5.4100,5.5100,5.4200,13031581,71428836.6800
2025-05-30,sh.600821,5.5100,5.5100,5.4300,5.4800,5.5100,12501646,68284902.6100
2025-06-03,sh.600821,5.4700,5.4800,5.4300,5.4600,5.4800,7340889,40053926.4600
2025-06-04,sh.600821,5.4700,5.5100,5.4600,5.5000,5.4600,9351430,51382771.8000
2025-06-05,sh.600821,5.5700,5.6000,5.5200,5.5400,5.5000,16952970,94161333.9700
2025-06-06,sh.600821,5.5300,5.5600,5.5000,5.5400,5.5400,13252770,73321005.4900
2025-06-09,sh.600821,5.5400,5.5500,5.5100,5.5200,5.5400,12128422,66972449.2200
2025-06-10,sh.600821,5.5100,5.5200,5.4300,5.4600,5.5200,16748640,91733049.4000
2025-06-11,sh.600821,5.4600,5.4900,5.4500,5.4600,5.4600,10546800,57716402.0000
2025-06-12,sh.600821,5.4700,5.4800,5.4300,5.4500,5.4600,10806300,58866535.0000
2025-06-13,sh.600821,5.4400,5.4700,5.3800,5.4100,5.4500,23902300,129466090.0000
2025-06-16,sh.600821,5.3900,5.4500,5.3700,5.4100,5.4100,14489144,78141776.4800
2025-06-17,sh.600821,5.4000,5.4600,5.3800,5.4600,5.4100,11716801,63478375.4100
2025-06-18,sh.600821,5.4600,5.4600,5.3500,5.3800,5.4600,12421954,66920133.6500
2025-06-19,sh.600821,5.3700,5.3900,5.3000,5.3400,5.3800,14479203,77312837.0200
2025-06-20,sh.600821,5.3300,5.3700,5.3100,5.3200,5.3400,7852900,41939927.0000
2025-06-23,sh.600821,5.2700,5.3200,5.2700,5.3000,5.3200,9482700,50218687.0000
2025-06-24,sh.600821,5.3000,5.3600,5.3000,5.3500,5.3000,11448900,61091629.0000
2025-06-25,sh.600821,5.3700,5.3900,5.3300,5.3800,5.3500,11797350,63212443.5000
2025-06-26,sh.600821,5.3800,5.3800,5.3500,5.3700,5.3800,10238503,54953555.0800
2025-06-27,sh.600821,5.3600,5.3900,5.3500,5.3700,5.3700,12503403,67168152.1400
2025-06-30,sh.600821,5.3800,5.4300,5.3600,5.4300,5.3700,14595841,78980417.8900
2025-07-01,sh.600821,5.4400,5.4600,5.4100,5.4500,5.4300,12296101,66885646.4200
2025-07-02,sh.600821,5.4300,5.4800,5.4300,5.4700,5.4500,10476801,57189155.4400
2025-07-03,sh.600821,5.4700,5.4700,5.4400,5.4600,5.4700,7130900,38894277.0000
2025-07-04,sh.600821,5.4600,5.5000,5.4400,5.4600,5.4600,12837200,70220827.0000
2025-07-07,sh.600821,5.4900,5.5400,5.4600,5.5300,5.4600,20639806,113512928.0000
2025-07-08,sh.600821,5.4200,5.4400,5.3800,5.4300,5.4300,18188100,98385547.0000
2025-07-09,sh.600821,5.5000,5.9700,5.4900,5.9700,5.4300,202648027,1194483731.5700
2025-07-10,sh.600821,5.9600,5.9900,5.7600,5.7800,5.9700,166162337,972106662.9400
2025-07-11,sh.600821,5.8000,5.8500,5.6800,5.7100,5.7800,75039250,429887360.4300
2025-07-14,sh.600821,5.7100,5.8200,5.6800,5.6800,5.7100,52755108,302889215.6000
2025-07-15,sh.600821,5.7000,5.7300,5.5900,5.6300,5.6800,39333784,221476327.0000
2025-07-16,sh.600821,5.6700,5.7100,5.6400,5.6800,5.6300,37293000,211783749.0000
2025-07-17,sh.600821,5.6900,5.7100,5.6200,5.6500,5.6800,37572508,212526562.1200
2025-07-18,sh.600821,5.6500,5.6900,5.6200,5.6700,5.6500,33267937,187913555.7900
2025-07-21,sh.600821,5.6800,5.7000,5.6500,5.7000,5.6700,32033363,181827614.1500
2025-07-22,sh.600821,5.6900,5.7000,5.6300,5.7000,5.7000,34594901,196036761.6500
2025-07-23,sh.600821,5.6900,5.7200,5.6100,5.6200,5.7000,30024965,169923740.9000
2025-07-24,sh.600821,5.6400,5.6900,5.6300,5.6900,5.6200,25309870,143327422.6000
2025-07-25,sh.600821,5.6800,5.7000,5.6500,5.6600,5.6900,19223436,108947343.7600
2025-07-28,sh.600821,5.7000,5.7000,5.6500,5.6600,5.6600,17171500,97308148.0000
2025-07-29,sh.600821,5.6600,5.7100,5.6100,5.7000,5.6600,29376699,166037103.3100
2025-07-30,sh.600821,5.6800,5.7100,5.6300,5.6400,5.7000,22954389,130073413.9600
2025-07-31,sh.600821,5.6500,5.6500,5.5000,5.5100,5.6400,32983900,183000548.0000
2025-08-01,sh.600821,5.5300,5.5500,5.5000,5.5400,5.5100,14177000,78402759.0000
2025-08-04,sh.600821,5.5600,5.6100,5.5500,5.5800,5.5400,18179006,101302896.4500
2025-08-05,sh.600821,5.5700,5.5900,5.5500,5.5800,5.5800,14515700,80855360.0000
2025-08-06,sh.600821,5.5800,5.5900,5.5400,5.5800,5.5800,16247200,90385524.0000
2025-08-07,sh.600821,5.5900,5.5900,5.5500,5.5600,5.5800,12928696,71953562.8700
2025-08-08,sh.600821,5.5800,5.6300,5.5400,5.6000,5.5600,21569534,120653371.0600
2025-08-11,sh.600821,5.6000,5.6500,5.5900,5.6400,5.6000,22504121,126587014.0200
2025-08-12,sh.600821,5.6400,5.6500,5.5900,5.6100,5.6400,15062050,84592978.9700
2025-08-13,sh.600821,5.6500,5.7100,5.6400,5.6700,5.6100,32056745,181865472.0500
2025-08-14,sh.600821,5.6900,5.7100,5.5900,5.6000,5.6700,31220641,176417564.1500
2025-08-15,sh.600821,5.5900,5.6300,5.5800,5.6200,5.6000,21998294,123389849.5600
2025-08-18,sh.600821,5.6300,5.6500,5.6000,5.6300,5.6200,26677300,150032604.0000
2025-08-19,sh.600821,5.6300,5.6400,5.5800,5.5900,5.6300,24307534,136235449.4000
2025-08-20,sh.600821,5.5900,5.6100,5.5400,5.6000,5.5900,26298311,146467378.9400
2025-08-21,sh.600821,5.6100,5.6400,5.5900,5.6100,5.6000,26918122,150947438.6400
2025-08-22,sh.600821,5.6200,5.6400,5.5800,5.6300,5.6100,23239950,130382555.5000
2025-08-25,sh.600821,5.6600,5.7200,5.6400,5.6700,5.6300,35233336,200083160.2000
2025-08-26,sh.600821,5.6700,5.7400,5.6500,5.7200,5.6700,32591470,185882202.5500
2025-08-27,sh.600821,5.7300,5.7700,5.6400,5.6400,5.7200,39252077,224108018.4800
2025-08-28,sh.600821,5.7400,5.8300,5.6000,5.7500,5.6400,76257415,437451702.5600
2025-08-29,sh.600821,5.7600,5.8200,5.7200,5.7900,5.7500,50712012,292728257.8500
2025-09-01,sh.600821,5.8200,5.8400,5.7300,5.7800,5.7900,38654314,223165773.5500
2025-09-02,sh.600821,5.7800,5.7900,5.6900,5.7300,5.7800,29745926,170471730.3200
2025-09-03,sh.600821,5.7700,5.8300,5.6600,5.7000,5.7300,28835201,164910952.4200
2025-09-04,sh.600821,5.6600,5.7500,5.6200,5.6900,5.7000,34980708,199182279.2000
2025-09-05,sh.600821,5.6700,5.8600,5.6500,5.8600,5.6900,58770002,339950198.6200
2025-09-08,sh.600821,5.8800,5.9500,5.8300,5.8400,5.8600,49729600,292621125.0000
2025-09-09,sh.600821,5.8500,5.8900,5.7900,5.8300,5.8400,31330261,182553802.8200
2025-09-10,sh.600821,5.8200,5.8400,5.7300,5.7800,5.8300,26111270,150639627.4400
2025-09-11,sh.600821,5.7500,5.8100,5.7400,5.8000,5.7800,25857470,149413461.2000
2025-09-12,sh.600821,5.8000,5.9100,5.7400,5.7900,5.8000,45730767,265776744.2600
2025-09-15,sh.600821,5.8000,5.8400,5.7600,5.7700,5.7900,27993500,162052999.0000
2025-09-16,sh.600821,5.7600,5.7700,5.6500,5.6900,5.7700,36460435,207505122.4500
2025-09-17,sh.600821,5.6900,5.7800,5.6600,5.7500,5.6900,38225255,218989110.5500
2025-09-18,sh.600821,5.7300,5.8200,5.6600,5.6900,5.7500,42237515,242604853.8000
2025-09-19,sh.600821,5.6800,5.6900,5.5600,5.6000,5.6900,31395608,176246383.7200
2025-09-22,sh.600821,5.6000,5.6400,5.5200,5.6300,5.6000,24660695,137224992.9000
2025-09-23,sh.600821,5.6000,5.6200,5.5000,5.5400,5.6300,35446835,196282771.8000
2025-09-24,sh.600821,5.5200,5.6200,5.5100,5.6100,5.5400,25183630,140030567.7700
2025-09-25,sh.600821,5.5900,5.6300,5.5400,5.5800,5.6100,20273829,113029925.8200
2025-09-26,sh.600821,5.5800,5.6900,5.5600,5.6600,5.5800,37239836,210412473.8200
2025-09-29,sh.600821,5.7000,5.7400,5.6100,5.7200,5.6600,39253556,223489032.7200
2025-09-30,sh.600821,5.7000,5.7200,5.6500,5.7100,5.7200,28287900,160584995.0000
2025-10-09,sh.600821,5.7200,5.9300,5.7200,5.9200,5.7100,66089701,387917975.4400
2025-10-10,sh.600821,5.9200,5.9600,5.8700,5.9300,5.9200,42615770,252599669.1000
2025-10-13,sh.600821,5.8000,5.9100,5.7800,5.8900,5.9300,38879601,226878166.8900
2025-10-14,sh.600821,5.8900,6.0200,5.8600,5.9200,5.8900,47620400,282758768.0000
2025-10-15,sh.600821,5.9200,5.9700,5.8500,5.9000,5.9200,34413800,203157406.0000
2025-10-16,sh.600821,5.9000,5.9100,5.8200,5.8300,5.9000,24666408,144175807.7200
2025-10-17,sh.600821,5.8200,5.8400,5.7000,5.7200,5.8300,31634791,181827866.7700
2025-10-20,sh.600821,5.7600,5.7800,5.6600,5.7300,5.7200,27556070,157240005.5400
2025-10-21,sh.600821,5.7300,5.8000,5.7200,5.7500,5.7300,29500070,169821358.6000
2025-10-22,sh.600821,5.7400,5.7500,5.6900,5.7000,5.7500,18931300,108180042.0000
2025-10-23,sh.600821,5.6800,5.7400,5.6400,5.7400,5.7000,23794200,135582094.0000
2025-10-24,sh.600821,5.7400,5.7600,5.6600,5.6900,5.7400,28683430,163378247.6800
2025-10-27,sh.600821,5.7100,5.7400,5.6700,5.7000,5.6900,28909647,165137791.9300
2025-10-28,sh.600821,5.7000,5.7000,5.6600,5.7000,5.7000,22914400,130164308.0000
2025-10-29,sh.600821,5.7000,5.8700,5.6600,5.8100,5.7000,45581600,262678927.0000
2025-10-30,sh.600821,5.7800,5.8100,5.7200,5.7500,5.8100,32571073,187441835.7500
2025-10-31,sh.600821,5.6800,5.6800,5.5500,5.5800,5.7500,80599177,450917323.8000
2025-11-03,sh.600821,5.5900,5.6300,5.5400,5.6200,5.5800,31140427,174240522.4100
2025-11-04,sh.600821,5.6300,5.6700,5.5800,5.6000,5.6200,29000346,163171528.6400
2025-11-05,sh.600821,5.5800,5.7000,5.5600,5.6700,5.6000,37202876,210378457.7200
2025-11-06,sh.600821,5.6900,5.8500,5.6900,5.8100,5.6700,50594737,293717636.8800
2025-11-07,sh.600821,5.8100,5.8400,5.7700,5.7900,5.8100,30773594,178634035.0200
2025-11-10,sh.600821,5.8400,5.8400,5.7900,5.8300,5.7900,24905660,144960071.6000
2025-11-11,sh.600821,5.8200,5.8900,5.8200,5.8500,5.8300,24449688,143306023.3200
2025-11-12,sh.600821,5.8700,5.8700,5.7600,5.7900,5.8500,24649800,142876167.0000
2025-11-13,sh.600821,5.8100,5.8400,5.7700,5.8400,5.7900,25633342,148835856.0200
2025-11-14,sh.600821,5.7400,5.7700,5.6800,5.6800,5.7400,24432900,139696142.0000
2025-11-17,sh.600821,5.6600,5.6800,5.5800,5.6400,5.6800,24259800,136319257.0000
2025-11-18,sh.600821,5.6400,5.6700,5.5600,5.5800,5.6400,23678894,132308911.5800
2025-11-19,sh.600821,5.5900,5.6200,5.5200,5.5500,5.5800,23727300,131726755.0000
2025-11-20,sh.600821,5.5700,5.5900,5.5200,5.5300,5.5500,18557106,102997546.1800
2025-11-21,sh.600821,5.5200,5.5300,5.3000,5.3100,5.5300,42972800,231645337.0000
2025-11-24,sh.600821,5.3200,5.3500,5.2500,5.2900,5.3100,21922589,115980077.5900
2025-11-25,sh.600821,5.2900,5.3200,5.2700,5.3000,5.2900,22239848,117806335.9200
2025-11-26,sh.600821,5.3000,5.3200,5.2700,5.2800,5.3000,15621115,82662307.2000
2025-11-27,sh.600821,5.2900,5.2900,5.2300,5.2400,5.2800,16693512,87785058.7600
2025-11-28,sh.600821,5.2500,5.2800,5.2100,5.2800,5.2400,14296844,75025502.4200
2025-12-01,sh.600821,5.2700,5.3100,5.2500,5.2900,5.2800,15893200,83952064.0000
2025-12-02,sh.600821,5.2900,5.3100,5.2400,5.3000,5.2900,14032800,74038748.0000
2025-12-03,sh.600821,5.2900,5.3300,5.2800,5.3000,5.3000,16128392,85551031.5200
2025-12-04,sh.600821,5.3100,5.3200,5.2400,5.2700,5.3000,12412200,65358227.0000
2025-12-05,sh.600821,5.2700,5.3100,5.2300,5.3100,5.2700,12931044,68221194.4400
2025-12-08,sh.600821,5.3100,5.3200,5.2800,5.3000,5.3100,14898600,78907003.0000
2025-12-09,sh.600821,5.2900,5.3000,5.2400,5.2500,5.3000,12014500,63302315.0000
2025-12-10,sh.600821,5.2400,5.2700,5.2100,5.2400,5.2500,13858225,72575142.2500
2025-12-11,sh.600821,5.2400,5.2600,5.2000,5.2000,5.2400,13059200,68294987.0000
2025-12-12,sh.600821,5.2100,5.3100,5.2000,5.2900,5.2000,26347558,139180345.7200
2025-12-15,sh.600821,5.2900,5.3300,5.2700,5.2900,5.2900,12349949,65460289.6500
2025-12-16,sh.600821,5.2700,5.2900,5.2200,5.2300,5.2900,12241193,64172615.5300
2025-12-17,sh.600821,5.2200,5.2500,5.1500,5.2100,5.2300,17416325,90541438.8700
2025-12-18,sh.600821,5.2100,5.2100,5.1700,5.1800,5.2100,10501895,54560429.1000
2025-12-19,sh.600821,5.1900,5.2700,5.1800,5.2400,5.1800,12095300,63299285.0000
2025-12-22,sh.600821,5.2500,5.2700,5.2300,5.2300,5.2400,9636800,50571752.0000
2025-12-23,sh.600821,5.2300,5.2600,5.1800,5.2000,5.2300,9980800,52116677.0000
2025-12-24,sh.600821,5.1900,5.2200,5.1700,5.2000,5.2000,10846887,56367080.1600
2025-12-25,sh.600821,5.2000,5.2200,5.1800,5.1900,5.2000,12595830,65447918.2600
2025-12-26,sh.600821,5.2000,5.2300,5.1800,5.1900,5.1900,13951862,72599547.4000
2025-12-29,sh.600821,5.2000,5.2000,5.1300,5.1400,5.1900,17735600,91621311.0000
2025-12-30,sh.600821,5.1300,5.1600,5.1200,5.1400,5.1400,10875879,55900793.9600
2025-12-31,sh.600821,5.1300,5.1500,5.0900,5.1000,5.1400,15085978,77006665.0200
