date,code,open,high,low,close,preclose,volume,amount
2019-01-02,sz.300432,5.7900,5.8500,5.7400,5.7600,5.7600,1664240,9642981.9200
2019-01-03,sz.300432,5.7600,5.9000,5.7500,5.8300,5.7600,2293237,13395150.1200
2019-01-04,sz.300432,5.8000,6.0000,5.7300,5.9800,5.8300,3051769,17976522.1700
2019-01-07,sz.300432,6.0200,6.1200,5.9700,6.0700,5.9800,3242199,19623415.3100
2019-01-08,sz.300432,6.0800,6.2400,6.0500,6.2100,6.0700,4206493,25924451.8000
2019-01-09,sz.300432,6.3000,6.3300,6.1800,6.3000,6.2100,4140320,25958544.7200
2019-01-10,sz.300432,6.5000,6.6500,6.2100,6.2400,6.3000,10717775,69031487.4300
2019-01-11,sz.300432,6.1800,6.1800,6.0700,6.1500,6.2400,5203394,31861005.6000
2019-01-14,sz.300432,6.1600,6.1900,6.0500,6.1100,6.1500,3499750,21314696.9100
2019-01-15,sz.300432,6.0600,6.1500,6.0600,6.1400,6.1100,2959400,18085862.0000
2019-01-16,sz.300432,6.1500,6.2200,6.1200,6.1500,6.1400,2882546,17755358.9000
2019-01-17,sz.300432,6.1500,6.1600,5.9900,6.0100,6.1500,3000080,18178829.8400
2019-01-18,sz.300432,6.0000,6.0900,5.9500,6.0500,6.0100,2782926,16721696.0900
2019-01-21,sz.300432,6.0300,6.2200,6.0100,6.1600,6.0500,4577455,28090869.5400
2019-01-22,sz.300432,6.1800,6.1800,5.9800,6.0300,6.1600,2683410,16236043.2000
2019-01-23,sz.300432,6.0000,6.0800,5.9700,6.0600,6.0300,3365330,20290118.8100
2019-01-24,sz.300432,6.0500,6.0800,5.9700,6.0400,6.0600,2490109,15037564.4500
2019-01-25,sz.300432,6.0600,6.0600,5.9700,5.9700,6.0400,2649720,15922399.5800
2019-01-28,sz.300432,5.3700,5.5200,5.3700,5.3700,5.9700,12683727,68334776.8200
2019-01-29,sz.300432,5.3000,5.3500,4.9900,5.1800,5.3700,5081210,26234005.1000
2019-01-30,sz.300432,5.0800,5.2600,5.0000,5.1800,5.1800,2763542,14341406.3000
2019-01-31,sz.300432,5.1700,5.2700,5.0000,5.0100,5.1800,3788806,19434993.0700
2019-02-01,sz.300432,5.0900,5.3500,5.0600,5.2900,5.0100,3439160,17915244.6400
2019-02-11,sz.300432,5.3300,5.8200,5.2700,5.8200,5.2900,11573401,66332365.1300
2019-02-12,sz.300432,5.9900,6.0000,5.6500,5.7500,5.8200,18733941,109263165.7200
2019-02-13,sz.300432,5.6100,5.8600,5.5600,5.7800,5.7500,14460050,82221310.1700
2019-02-14,sz.300432,5.7000,5.7700,5.6700,5.7200,5.7800,6161851,35255458.5200
2019-02-15,sz.300432,5.6900,5.7900,5.6700,5.6700,5.7200,6905392,39594739.0400
2019-02-18,sz.300432,5.7000,6.0700,5.7000,5.9800,5.6700,10176141,60073623.4700
2019-02-19,sz.300432,6.0100,6.0700,5.9100,6.0700,5.9800,8289144,49717273.5100
2019-02-20,sz.300432,6.0100,6.0700,5.9100,6.0200,6.0700,5812168,34835114.1200
2019-02-21,sz.300432,6.0500,6.1800,5.9600,5.9900,6.0200,7800138,47441919.2400
2019-02-22,sz.300432,5.9700,6.1000,5.8800,6.0900,5.9900,7133531,42803215.0800
2019-02-25,sz.300432,6.1800,6.4500,6.0900,6.3800,6.0900,11366439,71170139.0500
2019-02-26,sz.300432,6.4200,6.5400,6.2800,6.3400,6.3800,10928638,70048152.0100
2019-02-27,sz.300432,6.3200,6.4500,6.2300,6.3100,6.3400,7484254,47588626.2000
2019-02-28,sz.300432,6.3700,6.4800,6.3100,6.3900,6.3100,7681776,49128461.5000
2019-03-01,sz.300432,6.4300,6.4700,6.2400,6.3500,6.3900,6392731,40465721.2800
2019-03-04,sz.300432,6.3800,6.5700,6.3700,6.4500,6.3500,9983268,64549433.0400
2019-03-05,sz.300432,6.4100,6.8000,6.4000,6.7700,6.4500,12040644,79756488.5400
2019-03-06,sz.300432,6.8400,7.1800,6.6700,7.1300,6.7700,12081941,83707803.7800
2019-03-07,sz.300432,7.0800,7.2600,7.0000,7.1600,7.1300,9870257,70282729.2600
2019-03-08,sz.300432,7.0600,7.6500,6.9200,6.9300,7.1600,14896767,107884487.7100
2019-03-11,sz.300432,6.9500,7.1900,6.9000,7.1700,6.9300,7880410,55638640.6800
2019-03-12,sz.300432,7.2800,7.5000,7.0800,7.3700,7.1700,12986597,94475044.1400
2019-03-13,sz.300432,7.2700,7.3300,6.8500,6.9400,7.3700,10597195,75560838.2100
2019-03-14,sz.300432,6.8800,7.6300,6.8300,7.6300,6.9400,14766532,109859510.1200
2019-03-15,sz.300432,7.9000,8.1500,7.4400,7.5400,7.6300,31571075,247135835.2700
2019-03-18,sz.300432,7.4100,7.4500,7.0800,7.3400,7.5400,15780356,114394602.8900
2019-03-19,sz.300432,7.2400,7.3000,7.1200,7.2100,7.3400,10093690,72539411.8700
2019-03-20,sz.300432,7.1800,7.2800,7.0300,7.1500,7.2100,7921655,56470939.8900
2019-03-21,sz.300432,7.2000,7.2800,7.1100,7.2200,7.1500,9654087,69366459.0500
2019-03-22,sz.300432,7.2200,7.2200,6.9600,7.1300,7.2200,8249057,58457480.4500
2019-03-25,sz.300432,7.0400,7.3500,6.9700,7.2400,7.1300,9597132,68750270.2400
2019-03-26,sz.300432,7.2200,7.2700,7.0000,7.0100,7.2400,6090466,43241170.4800
2019-03-27,sz.300432,7.0100,7.0300,6.6800,6.7700,7.0100,7166918,48647551.3400
2019-03-28,sz.300432,6.6800,6.8100,6.5500,6.5500,6.7700,4857400,32494825.2000
2019-03-29,sz.300432,6.5400,6.8100,6.5100,6.8000,6.5500,4971269,33171089.3700
2019-04-01,sz.300432,6.8500,7.1000,6.8200,7.1000,6.8000,6329937,44131146.1000
2019-04-02,sz.300432,7.1500,7.1500,7.0300,7.0600,7.1000,4995246,35415591.8500
2019-04-03,sz.300432,7.0500,7.2700,7.0000,7.2300,7.0600,6969292,50002982.6000
2019-04-04,sz.300432,7.2400,7.3500,7.0900,7.1700,7.2300,6406928,46006139.9700
2019-04-08,sz.300432,7.2000,7.2600,6.9300,7.0200,7.1700,6262683,44414594.8300
2019-04-09,sz.300432,7.0200,7.1200,6.9600,7.0600,7.0200,4331983,30565768.7100
2019-04-10,sz.300432,7.0600,7.3500,6.9700,7.3500,7.0600,10842672,78582193.3800
2019-04-11,sz.300432,7.4000,7.6700,7.1800,7.6500,7.3500,19203562,143410769.4300
2019-04-12,sz.300432,7.7100,7.7100,7.3200,7.4400,7.6500,12837057,96178167.7100
2019-04-15,sz.300432,7.5000,7.5000,7.1600,7.1800,7.4400,8824338,65030592.3000
2019-04-16,sz.300432,7.0900,7.2800,6.9300,7.2800,7.1800,5888208,41691015.0100
2019-04-17,sz.300432,7.2700,7.6400,7.1600,7.6100,7.2800,13016675,97001924.7500
2019-04-18,sz.300432,7.5800,8.3700,7.5000,8.3700,7.6100,10851745,88338949.6500
2019-04-19,sz.300432,8.6800,8.9400,8.1800,8.4200,8.3700,40654312,350136361.4700
2019-04-22,sz.300432,8.0800,8.3800,8.0000,8.0400,8.4200,18392337,149827334.9800
2019-04-23,sz.300432,7.9000,7.9800,7.4700,7.5100,8.0400,14563615,112141305.6500
2019-04-24,sz.300432,7.5000,7.8800,7.4000,7.8800,7.5100,12255560,94212082.9300
2019-04-25,sz.300432,7.8700,7.9800,7.3300,7.3300,7.8800,10044245,76740873.2700
2019-04-26,sz.300432,7.2100,7.4500,7.0200,7.2800,7.3300,8298146,60103275.5600
2019-04-29,sz.300432,7.1900,7.6000,6.9000,7.1700,7.2800,10214144,73859120.5100
2019-04-30,sz.300432,7.1800,7.5400,7.1400,7.3700,7.1700,5938917,43533582.0800
2019-05-06,sz.300432,7.0500,7.0500,6.6300,6.6300,7.3700,7603595,51739285.3000
2019-05-07,sz.300432,6.6300,6.8000,6.5200,6.7000,6.6300,5778088,38290956.2800
2019-05-08,sz.300432,6.5400,7.1900,6.4100,6.9000,6.7000,7591026,51723686.1600
2019-05-09,sz.300432,6.8500,7.0700,6.7100,6.9900,6.9000,4285200,29644274.0000
2019-05-10,sz.300432,7.0900,7.6900,7.0300,7.4500,6.9900,18110930,136588558.9600
2019-05-13,sz.300432,7.1300,7.2300,7.0400,7.1500,7.4500,12496800,89206813.0000
2019-05-14,sz.300432,7.1500,7.1600,6.8000,6.8000,7.1500,7700020,53869516.2000
2019-05-15,sz.300432,6.9600,6.9700,6.8200,6.9200,6.8000,4994011,34463464.3800
2019-05-16,sz.300432,7.0500,7.2000,7.0100,7.0300,6.9200,7209564,51171586.4300
2019-05-17,sz.300432,6.9900,7.1000,6.3400,6.3900,7.0300,10905608,73046585.6900
2019-05-20,sz.300432,6.5000,6.5000,6.3000,6.4500,6.3900,3896141,24940341.4600
2019-05-21,sz.300432,6.4000,6.5900,6.3300,6.4800,6.4500,3163200,20546027.0000
2019-05-22,sz.300432,6.4800,6.6000,6.3700,6.4000,6.4800,3376500,21840593.0400
2019-05-23,sz.300432,6.3900,6.3900,6.2100,6.2200,6.4000,3147042,19790837.0800
2019-05-24,sz.300432,6.1600,6.3000,6.1500,6.2600,6.2200,2296501,14304764.1900
2019-05-27,sz.300432,6.2200,6.6000,6.2200,6.4700,6.2600,2776168,17859199.0600
2019-05-28,sz.300432,6.4700,6.5000,6.3300,6.3700,6.4700,2653900,17058885.0000
2019-05-29,sz.300432,6.3100,6.4300,6.3000,6.3200,6.3700,2217200,14103742.0000
2019-05-30,sz.300432,6.3500,6.3500,6.2100,6.2700,6.3200,2152488,13442978.5600
2019-05-31,sz.300432,6.2700,6.3400,6.2400,6.2500,6.2700,1434723,9008409.7500
2019-06-03,sz.300432,6.2200,6.3400,6.2000,6.2800,6.2500,1783007,11177726.8900
2019-06-04,sz.300432,6.2800,6.2800,6.2000,6.2300,6.2800,1572700,9786317.7200
2019-06-05,sz.300432,6.3500,6.3600,6.2500,6.2900,6.2300,1361185,8563197.6500
2019-06-06,sz.300432,6.3300,6.3300,6.0600,6.0700,6.2900,1951489,11987747.7500
2019-06-10,sz.300432,6.1000,6.2300,6.1000,6.1700,6.0700,1310800,8059225.0000
2019-06-11,sz.300432,6.1200,6.3900,6.1000,6.3700,6.1700,2947000,18553605.0000
2019-06-12,sz.300432,6.4100,6.4600,6.2900,6.3100,6.3700,1934300,12305827.0000
2019-06-13,sz.300432,6.3100,6.4400,6.3000,6.4300,6.3100,1921701,12256024.3300
2019-06-14,sz.300432,6.4400,6.4400,6.2500,6.2500,6.4300,2071300,13104327.0000
2019-06-17,sz.300432,6.2100,6.4300,6.2000,6.3800,6.2500,2111168,13350713.3200
2019-06-18,sz.300432,6.3100,6.8000,6.2800,6.6000,6.3800,5362258,35046722.7800
2019-06-19,sz.300432,6.6100,6.7000,6.4800,6.5200,6.6000,4889430,32195980.6000
2019-06-20,sz.300432,6.4100,6.4900,6.3200,6.4700,6.5200,4075000,26155854.9000
2019-06-21,sz.300432,6.6500,6.7400,6.5400,6.6900,6.4700,6600220,43887969.9600
2019-06-24,sz.300432,6.6400,6.8700,6.5800,6.8700,6.6900,6070780,41064332.4600
2019-06-25,sz.300432,6.8500,7.0800,6.7100,6.9700,6.8700,6101000,41946352.1900
2019-06-26,sz.300432,6.9800,7.0200,6.8500,6.9300,6.9700,4317881,29843326.5700
2019-06-27,sz.300432,6.9500,7.1900,6.8500,6.9700,6.9300,6006230,41969407.6000
2019-06-28,sz.300432,7.0000,7.0100,6.7300,6.8500,6.9700,3847111,26288710.2500
2019-07-01,sz.300432,6.9500,7.0800,6.8500,6.9300,6.8500,6295706,43452952.1600
2019-07-02,sz.300432,6.9200,6.9400,6.8000,6.8500,6.9300,3313600,22700538.0000
2019-07-03,sz.300432,6.8600,6.8600,6.6200,6.6900,6.8500,3545008,23703388.1200
2019-07-04,sz.300432,6.7800,6.8500,6.6100,6.6300,6.6900,2708150,18134846.5000
2019-07-05,sz.300432,6.6000,6.8000,6.5800,6.7900,6.6300,3299028,22144551.5000
2019-07-08,sz.300432,6.7900,6.7900,6.4000,6.4300,6.7900,4025528,26224874.9100
2019-07-09,sz.300432,6.3300,6.4400,6.3100,6.3800,6.4300,1646200,10475867.0000
2019-07-10,sz.300432,6.3800,6.4500,6.3200,6.3300,6.3800,1597300,10174608.0000
2019-07-11,sz.300432,6.3800,6.4100,6.2900,6.3600,6.3300,1510818,9608990.0600
2019-07-12,sz.300432,6.3800,6.5600,6.3300,6.4100,6.3600,2482700,15954469.0000
2019-07-15,sz.300432,6.4800,6.4800,6.3100,6.3900,6.4100,3336281,21220600.4000
2019-07-16,sz.300432,6.3800,6.3900,6.2400,6.2900,6.3900,2196425,13848906.7500
2019-07-17,sz.300432,6.2500,6.4100,6.2500,6.3600,6.2900,1988461,12625895.8200
2019-07-18,sz.300432,6.3600,6.3600,6.2200,6.2600,6.3600,1478737,9279428.6900
2019-07-19,sz.300432,6.2300,6.3800,6.2300,6.3600,6.2600,2118225,13370899.6700
2019-07-22,sz.300432,6.3400,6.3600,6.0000,6.0400,6.3600,3302400,20178997.4200
2019-07-23,sz.300432,6.0600,6.1300,6.0100,6.0500,6.0400,1817564,10992081.0800
2019-07-24,sz.300432,6.0500,6.1200,6.0500,6.1000,6.0500,2002806,12215140.4200
2019-07-25,sz.300432,6.1100,6.1200,6.0300,6.0800,6.1000,1739600,10556301.0000
2019-07-26,sz.300432,6.0800,6.1500,6.0800,6.1400,6.0800,1268006,7751974.4800
2019-07-29,sz.300432,6.1000,6.1600,6.0600,6.1000,6.1400,1025300,6250776.0000
2019-07-30,sz.300432,6.1100,6.1800,6.1100,6.1600,6.1000,1330100,8183192.0000
2019-07-31,sz.300432,6.2100,6.2100,6.0900,6.1200,6.1600,1028900,6306105.0000
2019-08-01,sz.300432,6.1300,6.2300,6.1200,6.2300,6.1200,2026400,12515156.0000
2019-08-02,sz.300432,6.1300,6.1500,6.0100,6.1200,6.2300,1958100,11891231.0000
2019-08-05,sz.300432,6.1200,6.1400,6.0300,6.1000,6.1200,1185100,7202300.0000
2019-08-06,sz.300432,5.9900,6.0000,5.5800,5.8300,6.1000,2980100,17180353.0000
2019-08-07,sz.300432,5.8300,6.1800,5.7700,6.0600,5.8300,3746900,22450752.0000
2019-08-08,sz.300432,6.1100,6.1300,5.9600,6.0300,6.0600,1725600,10389343.0000
2019-08-09,sz.300432,6.0600,6.0700,5.7000,5.8000,6.0300,3529500,20565466.0000
2019-08-12,sz.300432,5.7400,6.3800,5.7300,6.0300,5.8000,10589258,65179287.7400
2019-08-13,sz.300432,5.8000,5.9300,5.8000,5.8100,6.0300,6189612,36131220.0000
2019-08-14,sz.300432,5.8500,5.8900,5.7900,5.7900,5.8100,3605675,21015882.0800
2019-08-15,sz.300432,5.6100,6.1500,5.5700,5.9500,5.7900,5034800,29311269.0000
2019-08-16,sz.300432,5.9200,6.0900,5.8600,5.8800,5.9500,3497100,20703966.0000
2019-08-19,sz.300432,5.8800,6.0300,5.8800,6.0300,5.8800,3491400,20873366.0000
2019-08-20,sz.300432,6.0000,6.1500,6.0000,6.0600,6.0300,2832200,17207001.0000
2019-08-21,sz.300432,6.0900,6.0900,6.0100,6.0400,6.0600,2029503,12269623.1200
2019-08-22,sz.300432,6.0600,6.1800,6.0400,6.1800,6.0400,3054418,18646259.0200
2019-08-23,sz.300432,6.2100,6.2100,6.0600,6.0800,6.1800,2433200,14874957.0000
2019-08-26,sz.300432,5.9800,6.2900,5.9000,6.1800,6.0800,4165048,25511471.6800
2019-08-27,sz.300432,6.2000,6.2600,6.1300,6.2200,6.1800,4103568,25471409.2800
2019-08-28,sz.300432,6.3300,6.5500,6.2300,6.2400,6.2200,6073871,38622233.0100
2019-08-29,sz.300432,6.2500,6.4600,6.1500,6.4000,6.2400,6107274,38636042.4600
2019-08-30,sz.300432,6.3800,6.5000,6.1600,6.2700,6.4000,5454895,34393075.6000
2019-09-02,sz.300432,6.3000,6.5500,6.2300,6.4700,6.2700,5099257,32626661.2500
2019-09-03,sz.300432,6.4900,6.6300,6.4100,6.5200,6.4700,5404500,35000260.4300
2019-09-04,sz.300432,6.5800,6.5800,6.3400,6.4100,6.5200,5289111,33924242.6200
2019-09-05,sz.300432,6.4100,6.5400,6.3500,6.3900,6.4100,8525700,54708115.2500
2019-09-06,sz.300432,6.3900,6.4400,6.2900,6.3400,6.3900,4177900,26535121.0000
2019-09-09,sz.300432,6.3900,6.4900,6.3400,6.4800,6.3400,4630911,29722666.6200
2019-09-10,sz.300432,6.4800,6.5000,6.3900,6.4800,6.4800,4068486,26207909.5600
2019-09-11,sz.300432,6.8500,7.1300,6.6300,6.6800,6.4800,16651026,114751856.0100
2019-09-12,sz.300432,6.5800,6.6600,6.4200,6.4900,6.6800,9587500,62353707.8900
2019-09-16,sz.300432,6.5800,6.6600,6.5300,6.5800,6.4900,6078574,40008002.6000
2019-09-17,sz.300432,6.5300,6.5500,6.3200,6.3800,6.5800,4300939,27571456.5900
2019-09-18,sz.300432,6.4000,6.4500,6.3500,6.3700,6.3800,2040200,13043757.5600
2019-09-19,sz.300432,6.3600,6.4200,6.3400,6.4000,6.3700,2728310,17370052.9600
2019-09-20,sz.300432,6.4100,6.4600,6.3500,6.3800,6.4000,2364144,15128916.2800
2019-09-23,sz.300432,6.3900,6.3900,6.2700,6.3300,6.3800,2027400,12799599.0000
2019-09-24,sz.300432,6.3100,6.3800,6.3000,6.3200,6.3300,2536511,16071526.4100
2019-09-25,sz.300432,6.2700,6.3400,6.1300,6.1700,6.3200,2642100,16443505.0000
2019-09-26,sz.300432,6.2300,6.2300,5.9800,6.0000,6.1700,2420500,14704097.0000
2019-09-27,sz.300432,6.0700,6.0800,6.0200,6.0500,6.0000,1560200,9441039.0000
2019-09-30,sz.300432,6.1000,6.2400,6.0500,6.0600,6.0500,1446900,8861499.0000
2019-10-08,sz.300432,6.1900,6.2700,6.1000,6.2000,6.0600,1945200,12082597.0000
2019-10-09,sz.300432,6.2700,6.2700,6.1500,6.2200,6.2000,804800,4982111.0000
2019-10-10,sz.300432,6.2500,6.4000,6.2000,6.3200,6.2200,1796300,11378324.0000
2019-10-11,sz.300432,6.2800,6.3700,6.2600,6.2900,6.3200,1931100,12176115.0000
2019-10-14,sz.300432,6.3000,6.4400,6.2900,6.4100,6.2900,2779600,17748409.0000
2019-10-15,sz.300432,6.4400,6.4800,6.3500,6.4100,6.4100,2173454,13900570.1400
2019-10-16,sz.300432,6.4300,6.9500,6.4200,6.5500,6.4100,7353865,48897724.4000
2019-10-17,sz.300432,6.5200,6.6000,6.4100,6.4500,6.5500,4030039,26059075.1100
2019-10-18,sz.300432,6.4500,6.4600,6.3500,6.4300,6.4500,3067400,19643499.0000
2019-10-21,sz.300432,6.4900,6.4900,6.2800,6.4900,6.4300,2716500,17359890.0000
2019-10-22,sz.300432,6.4100,6.5600,6.4100,6.5300,6.4900,2150477,13971337.2800
2019-10-23,sz.300432,6.5800,6.8500,6.5100,6.7300,6.5300,6633208,44406187.3900
2019-10-24,sz.300432,6.6900,6.7400,6.6000,6.6600,6.7300,4060400,27035831.0000
2019-10-25,sz.300432,6.7000,6.9400,6.6700,6.9300,6.6600,8330525,57099297.8800
2019-10-28,sz.300432,6.9700,7.0700,6.7800,6.9100,6.9300,5697450,39502161.1000
2019-10-29,sz.300432,6.8700,6.9000,6.7600,6.8200,6.9100,4864970,33147139.0000
2019-10-30,sz.300432,6.8000,6.9800,6.6500,6.7000,6.8200,4502000,30475658.0000
2019-10-31,sz.300432,6.6600,6.7300,6.4900,6.5800,6.7000,4768300,31433542.9100
2019-11-01,sz.300432,6.5800,6.6700,6.5100,6.6000,6.5800,3419700,22586419.0000
2019-11-04,sz.300432,6.6100,6.8800,6.5800,6.8400,6.6000,5116042,34779798.9800
2019-11-05,sz.300432,6.8400,7.0400,6.7800,7.0000,6.8400,7881199,54627798.3500
2019-11-06,sz.300432,7.0000,7.1300,6.8600,6.9600,7.0000,7511045,52617200.7700
2019-11-07,sz.300432,6.9500,7.0700,6.8700,6.9600,6.9600,4773677,33211205.9500
2019-11-08,sz.300432,6.9600,7.2400,6.9500,7.1800,6.9600,10267300,73391332.0000
2019-11-11,sz.300432,7.0900,7.3900,6.8800,6.9600,7.1800,9016400,64178319.0000
2019-11-12,sz.300432,6.9600,7.0800,6.8000,6.8900,6.9600,7202138,49916905.1400
2019-11-13,sz.300432,6.9000,7.2000,6.8100,7.2000,6.8900,8253510,58009110.8800
2019-11-14,sz.300432,7.1200,7.8400,7.1100,7.4300,7.2000,16765707,125154039.7900
2019-11-15,sz.300432,7.4500,7.5100,7.1600,7.2200,7.4300,11743161,85886998.6300
2019-11-18,sz.300432,7.1300,7.2400,7.0100,7.1700,7.2200,7151186,51018912.3400
2019-11-19,sz.300432,7.1900,7.5400,7.1200,7.4300,7.1700,10651722,78772888.7200
2019-11-20,sz.300432,7.3900,7.7000,7.3300,7.4300,7.4300,8663222,64875038.5800
2019-11-21,sz.300432,7.3800,7.6700,7.3200,7.6200,7.4300,10371675,78300460.5600
2019-11-22,sz.300432,7.6500,7.8000,7.4600,7.7200,7.6200,9670872,73722315.9100
2019-11-25,sz.300432,7.6500,7.7100,7.3800,7.4500,7.7200,8469800,63782435.0000
2019-11-26,sz.300432,7.4500,8.1700,7.4500,7.9700,7.4500,18161607,141984647.2200
2019-11-27,sz.300432,7.8500,8.5000,7.8200,8.3900,7.9700,22022374,179307614.5200
2019-11-28,sz.300432,8.2900,8.8200,8.0200,8.0500,8.3900,27398931,229072725.4100
2019-11-29,sz.300432,8.0100,8.3900,7.9000,8.3900,8.0500,18303200,149359586.0000
2019-12-02,sz.300432,8.3500,8.7500,8.2700,8.7000,8.3900,19925322,170089469.2000
2019-12-03,sz.300432,8.6500,9.5000,8.5000,9.3500,8.7000,30714736,275538744.7600
2019-12-04,sz.300432,9.2100,9.6500,9.1200,9.2800,9.3500,26184653,245511742.8500
2019-12-05,sz.300432,9.2100,9.5500,9.1400,9.4900,9.2800,19595547,183064586.8000
2019-12-06,sz.300432,9.1000,9.1000,8.5400,8.5400,9.4900,28641095,250056193.7100
2019-12-09,sz.300432,8.2000,8.7800,8.2000,8.7500,8.5400,21436213,182221154.4500
2019-12-10,sz.300432,8.6100,8.8800,8.4200,8.6300,8.7500,15577217,134523908.1600
2019-12-11,sz.300432,8.6000,8.6100,8.2700,8.5300,8.6300,14124243,119041846.2200
2019-12-12,sz.300432,8.4800,8.5300,8.3300,8.3600,8.5300,9053433,76152156.2300
2019-12-13,sz.300432,8.4900,8.8200,8.2900,8.7200,8.3600,18698953,161066720.5900
2019-12-16,sz.300432,8.9000,9.0900,8.7200,8.9100,8.7200,16154061,143845905.3900
2019-12-17,sz.300432,8.8000,9.0400,8.7500,8.7900,8.9100,14677800,129939528.1000
2019-12-18,sz.300432,8.7800,9.6000,8.5400,9.3500,8.7900,24795650,223001108.0200
2019-12-19,sz.300432,9.2500,10.2900,9.1800,10.2900,9.3500,26225698,260858826.4700
2019-12-20,sz.300432,10.6600,11.3200,10.5500,11.3200,10.2900,22997138,254457857.0400
2019-12-23,sz.300432,12.0000,12.4500,10.5500,10.7200,11.3200,54487873,637390318.2900
2019-12-24,sz.300432,10.0000,10.3500,9.6900,10.2300,10.7200,33257737,332856052.5600
2019-12-25,sz.300432,10.1000,11.2500,9.8000,11.2500,10.2300,37448717,392964486.6000
2019-12-26,sz.300432,11.2500,12.3800,11.0100,11.4400,11.2500,54096293,634006293.1000
2019-12-27,sz.300432,11.3800,11.9100,10.6600,11.2700,11.4400,41933943,468460802.2200
2019-12-30,sz.300432,11.0100,11.6500,10.6200,11.2600,11.2700,29468633,328684265.3700
2019-12-31,sz.300432,11.0600,12.3900,11.0400,12.3900,11.2600,32299260,388366278.5400
2020-01-02,sz.300432,13.0000,13.6300,12.9800,13.6300,12.3900,23436602,313670448.4400
2020-01-03,sz.300432,14.9000,14.9000,12.5500,12.6000,13.6300,47840613,636766797.8500
2020-01-06,sz.300432,12.2600,13.3300,12.2000,13.1000,12.6000,31368262,406620386.8600
2020-01-07,sz.300432,12.8300,13.4800,12.4500,12.9300,13.1000,26238161,338670399.1800
2020-01-08,sz.300432,12.7800,12.9100,11.8100,11.8500,12.9300,30585439,378134605.1500
2020-01-09,sz.300432,12.0400,12.1800,11.5500,12.0000,11.8500,25937916,308998492.7200
2020-01-10,sz.300432,12.1000,12.1900,11.6100,11.6800,12.0000,18210435,216087131.5400
2020-01-13,sz.300432,11.8000,12.5500,11.6800,12.3600,11.6800,24184341,296284021.5800
2020-01-14,sz.300432,12.6200,12.8100,12.1000,12.1100,12.3600,27789540,346706915.9000
2020-01-15,sz.300432,12.0300,12.0400,11.6900,11.8800,12.1100,17359848,205079518.6700
2020-01-16,sz.300432,12.0000,12.2400,11.8000,11.9600,11.8800,13852448,166414239.0400
2020-01-17,sz.300432,11.9500,12.1500,10.9300,11.2500,11.9600,26857087,307883780.2200
2020-01-20,sz.300432,11.2500,11.4500,10.9700,11.2800,11.2500,12768433,143110026.4300
2020-01-21,sz.300432,11.1800,11.4900,11.0800,11.0800,11.2800,10458820,117809928.9400
2020-01-22,sz.300432,11.0800,11.4800,10.9000,11.4100,11.0800,12145622,137186023.0200
2020-01-23,sz.300432,11.2400,11.4400,10.2800,10.3000,11.4100,20683235,221645047.5500
2020-02-03,sz.300432,9.2700,9.2700,9.2700,9.2700,10.3000,1545700,14328639.0000
2020-02-04,sz.300432,8.3400,9.8200,8.3400,9.6300,9.2700,21969105,205243169.6300
2020-02-05,sz.300432,9.4800,10.4400,9.4800,10.0600,9.6300,22330329,225830018.2900
2020-02-06,sz.300432,9.8800,10.2100,9.8800,10.1600,10.0600,16408506,165197564.8300
2020-02-07,sz.300432,10.1400,10.2800,9.9000,10.2800,10.1600,14737677,148613564.0800
2020-02-10,sz.300432,10.0900,10.5900,10.0500,10.5900,10.2800,16896308,175693805.9900
2020-02-11,sz.300432,10.6000,10.6300,10.2000,10.2200,10.5900,13381824,138569799.6400
2020-02-12,sz.300432,10.1100,10.7400,10.1000,10.5700,10.2200,15628399,163762211.5700
2020-02-13,sz.300432,10.5900,10.6800,10.2000,10.2600,10.5700,12328000,127902076.0000
2020-02-14,sz.300432,10.2500,10.3900,10.0600,10.1900,10.2600,10613074,108520375.8400
2020-02-17,sz.300432,10.2200,10.6600,10.2000,10.6600,10.1900,16324074,171058918.4200
2020-02-18,sz.300432,10.7000,11.0600,10.6100,10.9300,10.6600,20404010,220670556.1000
2020-02-19,sz.300432,12.0200,12.0200,12.0200,12.0200,10.9300,4379790,52645075.8000
2020-02-20,sz.300432,12.0000,13.1900,11.6100,12.7900,12.0200,49449193,619167871.6400
2020-02-21,sz.300432,12.3300,12.7100,12.1600,12.3200,12.7900,33370980,414643741.6100
2020-02-24,sz.300432,12.1000,12.5200,11.6200,12.4300,12.3200,25763605,309498061.7200
2020-02-25,sz.300432,11.8900,12.1700,11.3900,12.0500,12.4300,22008715,262421233.2600
2020-02-26,sz.300432,11.7800,12.3400,11.7100,11.7500,12.0500,17001190,203851644.6000
2020-02-27,sz.300432,11.8000,11.9500,11.3900,11.4200,11.7500,13945640,161948144.5000
2020-02-28,sz.300432,10.9900,11.0800,10.2800,10.2800,11.4200,18429234,194455747.2000
2020-03-02,sz.300432,10.4900,10.6800,10.2600,10.5500,10.2800,10637030,111760602.9000
2020-03-03,sz.300432,10.8000,11.2600,10.6500,10.8800,10.5500,13790200,151232437.0000
2020-03-04,sz.300432,10.7800,10.9400,10.6400,10.8600,10.8800,8463174,91252378.0000
2020-03-05,sz.300432,11.0000,11.0900,10.7700,10.9500,10.8600,9073174,99017912.1800
2020-03-06,sz.300432,10.8600,11.4300,10.7100,11.3400,10.9500,16246190,182462140.4000
2020-03-09,sz.300432,11.1500,11.6500,11.0900,11.4000,11.3400,17582200,201525425.0000
2020-03-10,sz.300432,11.0100,11.3500,10.2600,11.2300,11.4000,15837280,172549411.3400
2020-03-11,sz.300432,11.2700,11.6900,11.0100,11.5400,11.2300,19066723,217681201.1600
2020-03-12,sz.300432,11.3100,11.4900,11.0200,11.1500,11.5400,10967723,123362261.6900
2020-03-13,sz.300432,10.3700,10.8400,10.3000,10.5200,11.1500,12335148,130066406.9200
2020-03-16,sz.300432,10.6500,10.7300,9.7500,9.7700,10.5200,10321223,105544011.7100
2020-03-17,sz.300432,9.6900,9.9900,9.1500,9.6000,9.7700,8332244,79578095.6100
2020-03-18,sz.300432,9.7700,9.8400,9.1800,9.2000,9.6000,7905700,75356544.0000
2020-03-19,sz.300432,9.2700,9.3400,8.9700,9.2500,9.2000,5987443,54915140.8700
2020-03-20,sz.300432,9.3900,9.4300,9.1000,9.2000,9.2500,5093167,47048069.9600
2020-03-23,sz.300432,8.9000,9.0500,8.5700,8.6600,9.2000,7430500,65357233.0000
2020-03-24,sz.300432,8.8400,8.9500,8.5000,8.9200,8.6600,6478600,56947000.0000
2020-03-25,sz.300432,9.1700,9.3300,9.0700,9.1800,8.9200,5988707,55045415.7200
2020-03-26,sz.300432,9.1900,9.2300,8.9700,9.0200,9.1800,4794800,43634082.9200
2020-03-27,sz.300432,9.1600,9.2000,8.7600,8.7800,9.0200,4526248,40593536.4200
2020-03-30,sz.300432,8.6100,8.6900,8.3600,8.4900,8.7800,5224555,44495840.8800
2020-03-31,sz.300432,8.6000,8.6500,8.4700,8.4700,8.4900,3744000,32001709.0000
2020-04-01,sz.300432,8.5500,8.8700,8.5500,8.6100,8.4700,5315500,46334294.0000
2020-04-02,sz.300432,8.5300,8.8800,8.4900,8.8700,8.6100,4440774,38609422.4400
2020-04-03,sz.300432,8.8200,8.9600,8.6400,8.7000,8.8700,3978149,34919509.1900
2020-04-07,sz.300432,8.9500,9.2200,8.8700,9.1600,8.7000,6419600,58359260.0000
2020-04-08,sz.300432,9.1200,9.2700,9.0500,9.2200,9.1600,3979775,36515728.7500
2020-04-09,sz.300432,9.2500,9.3900,9.2000,9.2000,9.2200,4372300,40509415.0000
2020-04-10,sz.300432,9.8800,10.1200,9.5300,10.1200,9.2000,11322888,112167306.5000
2020-04-13,sz.300432,10.2000,10.3900,9.7200,10.0300,10.1200,20502890,205408791.7100
2020-04-14,sz.300432,9.9800,10.2200,9.8100,10.1300,10.0300,13809273,138577191.2800
2020-04-15,sz.300432,10.1500,10.4800,10.1100,10.1300,10.1300,14583918,149730661.6000
2020-04-16,sz.300432,9.9800,10.1600,9.8000,9.9900,10.1300,9688740,96660388.6600
2020-04-17,sz.300432,10.1000,10.1700,9.8700,9.9200,9.9900,9051622,90551300.3600
2020-04-20,sz.300432,9.9200,10.0000,9.7400,9.9500,9.9200,6390800,63251135.0000
2020-04-21,sz.300432,9.9000,9.9100,9.7100,9.8100,9.9500,5204107,51011737.7000
2020-04-22,sz.300432,9.8300,10.6500,9.7500,10.6000,9.8100,17881884,185548097.3100
2020-04-23,sz.300432,10.5700,10.7400,10.3600,10.3900,10.6000,10317500,108219361.0000
2020-04-24,sz.300432,10.4900,10.9800,10.3000,10.8400,10.3900,16783945,180425732.7900
2020-04-27,sz.300432,11.5000,11.5000,10.5200,10.5900,10.8400,18969845,208205215.4800
2020-04-28,sz.300432,10.7900,11.0900,10.0600,10.8200,10.5900,16754135,179687822.4400
2020-04-29,sz.300432,10.8600,11.2400,10.7500,10.9900,10.8200,12532245,138590577.4100
2020-04-30,sz.300432,11.1100,11.2600,10.9200,11.0700,10.9900,12783664,141920878.5200
2020-05-06,sz.300432,10.9500,11.2100,10.8500,11.1600,11.0700,11036190,121857419.1000
2020-05-07,sz.300432,11.1400,11.1500,10.8200,10.8400,11.1600,9044900,99001913.5500
2020-05-08,sz.300432,10.9100,11.0700,10.8400,10.9500,10.8400,6706411,73423910.2300
2020-05-11,sz.300432,11.0300,11.7000,10.9900,11.6000,10.9500,18562504,211151372.5000
2020-05-12,sz.300432,11.4700,11.8500,11.3500,11.6200,11.6000,12742014,147881460.0200
2020-05-13,sz.300432,11.4200,11.4400,11.1000,11.2500,11.6200,11245800,126471249.0000
2020-05-14,sz.300432,11.1500,11.2500,10.9000,10.9000,11.2500,8061601,89061836.5300
2020-05-15,sz.300432,10.9300,11.1300,10.8300,10.9700,10.9000,6084832,66757648.3200
2020-05-18,sz.300432,10.9100,10.9500,10.6000,10.6000,10.9700,6563900,70616387.0000
2020-05-19,sz.300432,10.7000,10.8600,10.6000,10.7100,10.6000,5644200,60555709.0000
2020-05-20,sz.300432,10.6600,10.9800,10.5000,10.9800,10.7100,8086755,87463986.7800
2020-05-21,sz.300432,10.9800,11.0300,10.4700,10.4900,10.9800,6984834,74800688.7800
2020-05-22,sz.300432,10.5200,10.8800,10.4600,10.6000,10.4900,7487474,80227947.6600
2020-05-25,sz.300432,11.6600,11.6600,11.6600,11.6600,10.6000,2415000,28158900.0000
2020-05-26,sz.300432,12.8300,12.8300,12.8300,12.8300,11.6600,1827900,23451957.0000
2020-05-27,sz.300432,14.1100,14.1100,14.1100,14.1100,12.8300,12573671,177414497.8100
2020-05-28,sz.300432,8.7000,9.1300,8.5400,9.1300,8.3000,59939980,530222857.1100
2020-05-29,sz.300432,9.3000,9.3000,8.2200,8.2400,9.1300,102580395,879968678.4600
2020-06-01,sz.300432,8.2000,9.0600,8.2000,9.0600,8.2400,108760975,960491384.5700
2020-06-02,sz.300432,8.6000,9.1500,8.5400,8.6100,9.0600,87247109,765374646.5800
2020-06-03,sz.300432,8.6200,9.4700,8.4200,9.1600,8.6100,96716069,869988483.1900
2020-06-04,sz.300432,8.9500,10.0800,8.8700,10.0800,9.1600,88552453,830080108.8000
2020-06-05,sz.300432,10.4300,11.0500,9.4000,9.4800,10.0800,106245700,1079199053.0900
2020-06-08,sz.300432,9.2100,9.8700,9.0300,9.5500,9.4800,60618650,570782939.3200
2020-06-09,sz.300432,9.4800,9.4800,9.0700,9.0800,9.5500,43669498,403863546.2400
2020-06-10,sz.300432,9.1000,9.1000,8.5500,8.7100,9.0800,42358622,369844303.1700
2020-06-11,sz.300432,8.8300,9.0400,8.6200,8.7000,8.7100,34081660,300039522.6000
2020-06-12,sz.300432,8.3300,8.7600,8.3000,8.5800,8.7000,27520780,234919319.5000
2020-06-15,sz.300432,8.5300,8.8800,8.4000,8.4200,8.5800,30799044,265612585.5000
2020-06-16,sz.300432,8.5900,8.8800,8.5100,8.8400,8.4200,36792367,320399712.4300
2020-06-17,sz.300432,8.8400,8.8400,8.4700,8.7200,8.8400,35374076,305886319.1800
2020-06-18,sz.300432,8.6400,8.6800,8.5000,8.5700,8.7200,20587123,176280695.1500
2020-06-19,sz.300432,8.5000,8.6800,8.4500,8.5000,8.5700,21256100,182284092.3000
2020-06-22,sz.300432,8.5100,8.6200,8.2300,8.2400,8.5000,27270125,229134701.6500
2020-06-23,sz.300432,8.2200,8.4500,8.1200,8.3600,8.2400,19986390,166744187.5400
2020-06-24,sz.300432,8.3000,8.3900,8.2100,8.3500,8.3600,18060880,149472335.1000
2020-06-29,sz.300432,8.2600,8.5400,8.2600,8.4800,8.3500,19924277,168681331.3600
2020-06-30,sz.300432,8.2000,8.3100,8.1200,8.2000,8.4800,28230910,231274120.4000
2020-07-01,sz.300432,8.2200,8.2600,8.0800,8.1800,8.2000,19321140,158116608.2000
2020-07-02,sz.300432,8.1500,8.2000,8.0600,8.1800,8.1800,16161124,131645184.4200
2020-07-03,sz.300432,8.2200,8.6500,8.2000,8.5800,8.1800,35612630,302560442.9000
2020-07-06,sz.300432,8.7100,8.9300,8.4500,8.8900,8.5800,34386731,299368174.5900
2020-07-07,sz.300432,8.8000,9.6500,8.7800,9.4600,8.8900,44478149,412053783.9100
2020-07-08,sz.300432,9.4100,9.5700,9.0200,9.4700,9.4600,37077445,344824592.3100
2020-07-09,sz.300432,9.4300,9.7200,9.2600,9.6300,9.4700,38201263,361682366.9100
2020-07-10,sz.300432,9.5900,10.5500,9.4100,9.8700,9.6300,45121635,447453719.1800
2020-07-13,sz.300432,10.0500,10.3700,9.9000,10.3700,9.8700,35661380,364516721.1000
2020-07-14,sz.300432,10.2000,10.3300,9.8600,10.0900,10.3700,33000760,332847178.1400
2020-07-15,sz.300432,10.0500,10.2600,9.4400,9.5000,10.0900,28821404,279669460.7800
2020-07-16,sz.300432,9.5800,9.6000,8.5600,8.6900,9.5000,27586550,251269708.6000
2020-07-17,sz.300432,8.7100,8.8500,8.5500,8.7300,8.6900,14640830,127495395.3600
2020-07-20,sz.300432,8.8400,9.0500,8.7400,9.0500,8.7300,11961670,106468925.3000
2020-07-21,sz.300432,9.0500,9.1600,8.9000,8.9900,9.0500,10652634,96212593.5600
2020-07-22,sz.300432,8.9100,9.2400,8.7900,9.0700,8.9900,13836910,125588804.8000
2020-07-23,sz.300432,8.9500,9.0200,8.5000,8.8800,9.0700,18457472,162041919.7600
2020-07-24,sz.300432,8.8000,8.9300,8.3100,8.3400,8.8800,16621120,142636191.2000
2020-07-27,sz.300432,8.3900,8.8900,8.2400,8.7500,8.3400,13735684,117676978.6200
2020-07-28,sz.300432,8.8200,9.1700,8.8000,9.1000,8.7500,18668017,168783883.7700
2020-07-29,sz.300432,9.0000,9.1500,8.8500,9.1100,9.1000,17542790,158001920.5000
2020-07-30,sz.300432,9.0200,9.1900,8.9200,8.9400,9.1100,13086113,118147464.3900
2020-07-31,sz.300432,8.8900,9.0300,8.8600,8.9400,8.9400,9653880,86292626.7000
2020-08-03,sz.300432,9.0800,9.2500,9.0000,9.2400,8.9400,15987406,146705999.6200
2020-08-04,sz.300432,9.3200,9.3300,9.0200,9.0300,9.2400,13542563,123410680.0600
2020-08-05,sz.300432,9.0200,9.1700,8.9600,9.1500,9.0300,10796243,98169476.5000
2020-08-06,sz.300432,9.1600,9.2300,8.9000,8.9900,9.1500,12390640,111685192.8000
2020-08-07,sz.300432,8.9900,9.0000,8.7000,8.8000,8.9900,10114813,89254544.7000
2020-08-10,sz.300432,8.7800,9.1400,8.7800,8.9400,8.8000,10879680,97925321.7000
2020-08-11,sz.300432,8.9400,9.8300,8.9000,9.6800,8.9400,41667255,399055689.4300
2020-08-12,sz.300432,9.8900,10.2000,9.3500,9.9900,9.6800,62233746,612627293.9800
2020-08-13,sz.300432,9.7400,9.9800,9.6000,9.6400,9.9900,31728235,308708795.7700
2020-08-14,sz.300432,9.6500,9.6600,9.0000,9.3800,9.6400,24762540,230285136.5000
2020-08-17,sz.300432,9.3500,9.8500,9.3100,9.7300,9.3800,23405800,225685474.1600
2020-08-18,sz.300432,9.6200,9.7600,9.4300,9.4900,9.7300,19817530,189715962.3000
2020-08-19,sz.300432,9.5000,9.6500,9.2600,9.3200,9.4900,18634560,176942830.4000
2020-08-20,sz.300432,9.1800,9.2000,9.0000,9.0300,9.3200,15905680,144396465.0000
2020-08-21,sz.300432,9.1100,9.1800,9.0000,9.1600,9.0300,9578510,87039037.1800
2020-08-24,sz.300432,9.2700,9.7000,9.1500,9.7000,9.1600,20925026,198623421.3400
2020-08-25,sz.300432,9.8100,10.3000,9.7200,10.1800,9.7000,38494505,388251637.9600
2020-08-26,sz.300432,10.2500,10.3000,9.6000,9.9700,10.1800,26256932,259602595.8600
2020-08-27,sz.300432,9.8200,10.5200,9.5700,10.2900,9.9700,41543923,420027715.2900
2020-08-28,sz.300432,10.3500,10.5000,10.0600,10.1900,10.2900,32084171,328756011.3600
2020-08-31,sz.300432,10.2500,10.2600,9.8300,9.8600,10.1900,23478127,234253915.7200
2020-09-01,sz.300432,9.8800,10.8000,9.7200,10.5300,9.8600,44231648,458741720.9600
2020-09-02,sz.300432,10.6000,10.9900,10.3700,10.8200,10.5300,56168065,603060312.6700
2020-09-03,sz.300432,10.6000,10.6500,10.2300,10.2300,10.8200,34263494,355054500.1700
2020-09-04,sz.300432,9.9000,10.5400,9.8100,10.3500,10.2300,23936280,243789961.5200
2020-09-07,sz.300432,10.4600,10.9500,10.2200,10.5100,10.3500,40802465,431397152.5300
2020-09-08,sz.300432,10.4000,10.8600,10.2000,10.8600,10.5100,37051138,392474296.9600
2020-09-09,sz.300432,10.6300,11.9800,10.5600,11.0000,10.8600,76689175,859517073.1400
2020-09-10,sz.300432,11.2400,12.7000,10.9500,12.2800,11.0000,104807997,1236918786.4500
2020-09-11,sz.300432,11.2000,11.7800,9.8200,11.5200,12.2800,81139915,895030323.4200
2020-09-14,sz.300432,11.6000,12.6100,11.5300,12.5500,11.5200,81185953,989787302.2300
2020-09-15,sz.300432,12.4500,12.6500,11.7400,11.9900,12.5500,60552158,730345067.0400
2020-09-16,sz.300432,11.7400,11.7400,11.3100,11.4700,11.9900,44004322,505981622.8000
2020-09-17,sz.300432,11.3300,11.8100,11.0100,11.0200,11.4700,44113115,501288178.6200
2020-09-18,sz.300432,10.9000,11.2700,10.8400,11.0900,11.0200,34806330,384001847.9000
2020-09-21,sz.300432,11.0800,11.2800,10.4500,10.4700,11.0900,39216110,425334220.4000
2020-09-22,sz.300432,10.2600,10.4500,9.8800,10.0000,10.4700,38039080,383980673.1000
2020-09-23,sz.300432,10.0300,10.2600,9.9000,10.1400,10.0000,27871966,280010833.5000
2020-09-24,sz.300432,9.9800,10.0600,9.5200,9.5200,10.1400,28222310,274634305.6000
2020-09-25,sz.300432,9.5800,9.6600,9.1400,9.3300,9.5200,20401090,191735907.6000
2020-09-28,sz.300432,9.3700,9.5700,9.2300,9.3800,9.3300,15423240,145528803.3000
2020-09-29,sz.300432,9.5100,9.6100,9.4100,9.4800,9.3800,13696070,130336771.7000
2020-09-30,sz.300432,9.4900,9.8900,9.4700,9.8500,9.4800,19638840,189394812.0000
2020-10-09,sz.300432,10.5000,10.6500,10.0300,10.0900,9.8500,26818490,276314083.2000
2020-10-12,sz.300432,10.2400,10.4500,10.1300,10.3300,10.0900,29505060,303827347.0000
2020-10-13,sz.300432,10.2500,11.2300,10.2500,10.9200,10.3300,45178609,488298989.0500
2020-10-14,sz.300432,10.7600,11.0200,10.6400,10.8600,10.9200,26519931,286191597.3100
2020-10-15,sz.300432,11.0500,11.6200,10.8000,10.8600,10.8600,48147818,543471444.3900
2020-10-16,sz.300432,10.5600,10.9800,10.4000,10.6000,10.8600,28766890,304890777.7000
2020-10-19,sz.300432,10.6500,10.8600,10.4000,10.6600,10.6000,25022548,267227049.4200
2020-10-20,sz.300432,10.5800,11.1600,10.5500,11.1300,10.6600,33737940,369880112.7000
2020-10-21,sz.300432,11.0500,11.1600,10.6600,10.7600,11.1300,24310520,264004258.5000
2020-10-22,sz.300432,10.5900,11.3200,10.4300,11.1900,10.7600,36668210,403462459.1000
2020-10-23,sz.300432,11.1000,11.3400,10.8400,10.9500,11.1900,32028987,355586431.9200
2020-10-26,sz.300432,10.7900,11.1500,10.6500,11.0500,10.9500,22617680,247378466.8000
2020-10-27,sz.300432,10.9700,11.0300,10.4600,10.6300,11.0500,24440870,261738583.2000
2020-10-28,sz.300432,10.7000,11.4000,10.5800,11.2500,10.6300,40447004,448575960.1200
2020-10-29,sz.300432,11.1000,11.5700,11.0000,11.1600,11.2500,44599163,502497340.3500
2020-10-30,sz.300432,11.2200,11.6000,10.7300,10.7500,11.1600,50148750,564505058.6000
2020-11-02,sz.300432,10.7200,11.5800,10.6000,11.5700,10.7500,55788577,632715409.9400
2020-11-03,sz.300432,11.5100,11.5400,11.1200,11.4600,11.5700,46161948,521841322.1400
2020-11-04,sz.300432,11.3900,11.7900,11.3000,11.7900,11.4600,50752485,589155004.6700
2020-11-05,sz.300432,11.8000,11.9900,11.5300,11.8500,11.7900,40559661,476237783.6800
2020-11-06,sz.300432,11.8200,11.9700,11.0200,11.1600,11.8500,40322862,458567944.1400
2020-11-09,sz.300432,11.1800,11.4300,11.0600,11.2200,11.1600,28566530,321136173.5000
2020-11-10,sz.300432,11.0000,11.0000,9.9200,10.1000,11.2200,47535522,489660876.9700
2020-11-11,sz.300432,10.0000,10.2600,9.9700,9.9800,10.1000,17602724,177314427.9500
2020-11-12,sz.300432,9.9900,10.1300,9.7100,9.8000,9.9800,16448884,162326379.6000
2020-11-13,sz.300432,9.8500,10.0700,9.7700,10.0200,9.8000,12569504,125375273.5200
2020-11-16,sz.300432,10.0000,10.7700,9.9200,10.4500,10.0200,21950216,228016413.8600
2020-11-17,sz.300432,10.2800,12.5400,10.2800,11.7400,10.4500,115999218,1374567657.6300
2020-11-18,sz.300432,11.4000,12.1800,11.4000,11.8200,11.7400,91187695,1075484735.4600
2020-11-19,sz.300432,12.1100,12.3700,11.3600,11.6200,11.8200,63503846,744412397.8000
2020-11-20,sz.300432,11.6000,12.3200,11.5000,11.9700,11.6200,69240525,820025759.9500
2020-11-23,sz.300432,11.9200,12.1000,11.7100,11.9600,11.9700,53801180,641196280.6000
2020-11-24,sz.300432,12.0100,12.4200,11.4200,12.0100,11.9600,58667516,696942462.2400
2020-11-25,sz.300432,11.8200,12.2900,11.5500,11.9700,12.0100,61809273,744411010.2700
2020-11-26,sz.300432,11.6200,11.7500,10.9000,11.1200,11.9700,52783300,595429155.8000
2020-11-27,sz.300432,11.2400,11.4100,10.6800,10.8000,11.1200,35476710,389384184.3000
2020-11-30,sz.300432,10.7300,10.9500,10.5600,10.5700,10.8000,26127902,280373586.7200
2020-12-01,sz.300432,10.5200,10.8200,10.4400,10.7000,10.5700,24252370,258443312.2800
2020-12-02,sz.300432,10.7000,10.7300,10.3500,10.3500,10.7000,27489990,287636267.8000
2020-12-03,sz.300432,10.3600,10.5600,10.2100,10.4500,10.3500,21502030,223521745.9000
2020-12-04,sz.300432,10.4000,10.8800,10.2800,10.8000,10.4500,31698133,336463729.6100
2020-12-07,sz.300432,10.7000,10.9000,10.6300,10.7700,10.8000,17441180,187742956.7000
2020-12-08,sz.300432,10.7400,11.1400,10.6800,10.9900,10.7700,26682130,291737236.8000
2020-12-09,sz.300432,10.8500,10.9400,10.2800,10.2900,10.9900,27746530,293034821.4000
2020-12-10,sz.300432,10.2200,10.4800,10.1300,10.4100,10.2900,15378170,158820130.6000
2020-12-11,sz.300432,10.3400,10.4700,9.9600,10.0700,10.4100,18584141,188038923.6500
2020-12-14,sz.300432,10.0200,10.3700,9.9300,10.3300,10.0700,12880760,131041506.0000
2020-12-15,sz.300432,10.2800,10.4500,10.2000,10.3900,10.3300,13066372,135046465.8400
2020-12-16,sz.300432,10.4000,10.4600,9.9000,9.9000,10.3900,19985270,201760799.5800
2020-12-17,sz.300432,9.8200,10.6100,9.8000,10.5500,9.9000,28957850,299252479.9700
2020-12-18,sz.300432,10.4800,10.5900,10.2200,10.3800,10.5500,18043440,187544210.8000
2020-12-21,sz.300432,10.4200,10.6900,10.3100,10.5300,10.3800,20390100,214605527.3000
2020-12-22,sz.300432,10.4300,11.0600,10.2200,10.6000,10.5300,32278073,341987170.9400
2020-12-23,sz.300432,10.5500,11.0000,10.4700,10.8000,10.6000,36018884,389631571.8400
2020-12-24,sz.300432,10.8200,10.8300,10.2600,10.2800,10.8000,25684620,266873282.7000
2020-12-25,sz.300432,10.2000,10.3500,10.0000,10.1200,10.2800,16297460,165368583.4000
2020-12-28,sz.300432,9.9900,10.7700,9.9200,10.5900,10.1200,29163707,306400878.7000
2020-12-29,sz.300432,10.5000,10.5500,9.7700,9.8200,10.5900,33409102,335542972.0800
2020-12-30,sz.300432,9.7300,10.6200,9.7300,10.4500,9.8200,40970970,423626214.9000
2020-12-31,sz.300432,10.5000,10.5400,10.0500,10.2500,10.4500,33750479,345801784.0500
2021-01-04,sz.300432,10.4200,11.0300,10.2900,10.9800,10.2500,53811817,581127902.8000
2021-01-05,sz.300432,10.9600,12.2200,10.8400,11.9000,10.9800,80642220,930399081.0600
2021-01-06,sz.300432,11.8300,12.1400,11.4200,11.5400,11.9000,46807273,546682067.3000
2021-01-07,sz.300432,11.6000,11.9500,11.2800,11.5200,11.5400,40712113,472319667.8500
2021-01-08,sz.300432,11.6000,12.0300,11.1000,11.9300,11.5200,47355055,550581614.1900
2021-01-11,sz.300432,12.7000,13.3000,12.0600,12.1800,11.9300,66736196,842071134.6000
2021-01-12,sz.300432,11.9100,12.3700,11.1800,12.0800,12.1800,57548230,681044607.6500
2021-01-13,sz.300432,12.0200,12.2500,11.2800,11.6000,12.0800,40059698,469948640.2200
2021-01-14,sz.300432,11.1000,11.4500,11.0300,11.1000,11.6000,22545960,252587822.7000
2021-01-15,sz.300432,11.1000,11.5100,11.0000,11.3500,11.1000,22353059,251532365.1700
2021-01-18,sz.300432,11.0000,11.3100,10.9500,11.0900,11.3500,24980507,277840262.3000
2021-01-19,sz.300432,10.8500,10.9600,10.2700,10.3100,11.0900,35773490,375201375.5000
2021-01-20,sz.300432,10.4000,11.2900,10.3200,10.9300,10.3100,35721020,388597973.1000
2021-01-21,sz.300432,10.9000,11.1900,10.7000,11.0200,10.9300,26755420,294555235.6000
2021-01-22,sz.300432,10.9200,11.3900,10.5900,11.1900,11.0200,29096419,319483859.2400
2021-01-25,sz.300432,11.1600,11.1600,10.6200,10.7400,11.1900,24340036,262952385.5800
2021-01-26,sz.300432,10.6000,10.9500,10.5000,10.6500,10.7400,14819904,158994339.7000
2021-01-27,sz.300432,10.5700,10.7400,10.3000,10.4100,10.6500,14456060,151501227.2600
2021-01-28,sz.300432,10.3000,10.5500,10.0500,10.0700,10.4100,15676676,160492277.7800
2021-01-29,sz.300432,10.1100,10.5800,10.1100,10.5100,10.0700,21530310,224101808.7000
2021-02-01,sz.300432,10.5300,11.0900,10.5000,10.6200,10.5100,19252957,207513693.1900
2021-02-02,sz.300432,10.5100,10.9000,10.2200,10.7300,10.6200,19647550,207906770.0700
2021-02-03,sz.300432,10.7000,11.0700,10.4700,10.5000,10.7300,17258973,186331577.4400
2021-02-04,sz.300432,10.5000,10.6600,10.0500,10.2000,10.5000,18371784,188514551.8400
2021-02-05,sz.300432,10.1700,10.3400,9.7100,9.8400,10.2000,16101596,160698317.7000
2021-02-08,sz.300432,9.7900,10.0400,9.7500,9.9600,9.8400,6755880,67007282.6000
2021-02-09,sz.300432,9.9300,10.0800,9.3000,9.8400,9.9600,14181650,137580094.1000
2021-02-10,sz.300432,9.8400,9.9400,9.5800,9.6100,9.8400,9639470,93545156.7000
2021-02-18,sz.300432,9.7900,9.9800,9.7200,9.8800,9.6100,8942280,88006797.9000
2021-02-19,sz.300432,9.8600,10.0900,9.8000,10.0700,9.8800,9552402,95284751.7400
2021-02-22,sz.300432,10.0800,10.3400,10.0500,10.0800,10.0700,13408390,136578844.4000
2021-02-23,sz.300432,10.0800,10.1900,9.9100,10.0500,10.0800,7889660,79061113.9000
2021-02-24,sz.300432,10.0500,10.1300,9.9400,10.1000,10.0500,8386740,84155917.6000
2021-02-25,sz.300432,10.1600,10.1800,9.7100,9.7600,10.1000,11031160,108974587.5800
2021-02-26,sz.300432,9.6000,10.1700,9.5000,9.9200,9.7600,10748243,106258125.4900
2021-03-01,sz.300432,9.7700,10.0100,9.7700,9.9800,9.9200,7498990,74406845.5000
2021-03-02,sz.300432,10.0500,10.0900,9.7900,9.9200,9.9800,7359340,72813037.4000
2021-03-03,sz.300432,9.9100,10.0500,9.7800,9.9900,9.9200,7226720,71725630.2000
2021-03-04,sz.300432,9.9300,9.9600,9.7200,9.7500,9.9900,7048840,69267050.6900
2021-03-05,sz.300432,9.7000,9.8700,9.6200,9.7400,9.7500,5559173,54231858.8100
2021-03-08,sz.300432,9.7100,9.8500,9.4800,9.5100,9.7400,8026040,77482965.6400
2021-03-09,sz.300432,9.5900,9.5900,8.9200,9.0100,9.5100,9172588,84045321.5400
2021-03-10,sz.300432,9.1000,9.4300,9.0000,9.0400,9.0100,6864180,62789886.3000
2021-03-11,sz.300432,9.0500,9.1300,8.8200,9.0900,9.0400,7831510,70278388.3000
2021-03-12,sz.300432,9.0900,9.1300,8.8800,8.9200,9.0900,6780140,60688952.9000
2021-03-15,sz.300432,8.8000,8.9500,8.5400,8.6800,8.9200,9521380,83112727.2800
2021-03-16,sz.300432,8.6600,8.8600,8.6500,8.7700,8.6800,7324266,63994030.2600
2021-03-17,sz.300432,9.1200,9.3500,9.0400,9.2900,8.7700,16240627,149854712.6200
2021-03-18,sz.300432,9.2100,9.3300,9.0800,9.1000,9.2900,9075932,83059911.5000
2021-03-19,sz.300432,9.0300,9.0600,8.8800,8.9000,9.1000,5878610,52524223.6000
2021-03-22,sz.300432,8.8800,9.1800,8.8700,9.1500,8.9000,6728583,60757870.1100
2021-03-23,sz.300432,9.3000,9.3000,8.9700,9.0200,9.1500,5794210,52575668.8000
2021-03-24,sz.300432,9.0200,9.0400,8.7800,8.8100,9.0200,5198880,46085260.0000
2021-03-25,sz.300432,8.7500,8.8200,8.6800,8.7800,8.8100,3981720,34819056.6000
2021-03-26,sz.300432,8.7900,8.9200,8.7300,8.8800,8.7800,4969560,43903204.9000
2021-03-29,sz.300432,8.8800,8.9100,8.6500,8.6700,8.8800,6490490,56650778.9000
2021-03-30,sz.300432,8.6500,8.7500,8.6100,8.6500,8.6700,3477500,30178278.9000
2021-03-31,sz.300432,8.7200,8.9300,8.6800,8.8000,8.6500,5958400,52623346.1400
2021-04-01,sz.300432,8.9300,9.3300,8.9200,9.0700,8.8000,10666100,97475086.5000
2021-04-02,sz.300432,9.0100,9.0500,8.8500,8.9800,9.0700,5909350,52771768.3000
2021-04-06,sz.300432,8.9900,9.1500,8.9500,9.0600,8.9800,5073720,45943619.6000
2021-04-07,sz.300432,9.0800,9.1300,8.9300,9.0700,9.0600,4353710,39257369.9000
2021-04-08,sz.300432,9.0500,9.0600,8.8800,8.9000,9.0700,4157450,37324061.1000
2021-04-09,sz.300432,8.8900,8.9200,8.8400,8.8900,8.9000,2710840,24062689.1000
2021-04-12,sz.300432,8.8700,8.9200,8.6700,8.6800,8.8900,3096620,27260391.8000
2021-04-13,sz.300432,8.7000,8.8300,8.6100,8.6900,8.6800,3115190,27147397.7000
2021-04-14,sz.300432,8.6800,8.9200,8.6700,8.9000,8.6900,3906160,34592489.0000
2021-04-15,sz.300432,8.8400,8.8500,8.7000,8.7300,8.9000,4064210,35603044.7000
2021-04-16,sz.300432,8.7000,9.4000,8.6900,9.1500,8.7300,14170401,128831818.1900
2021-04-19,sz.300432,9.5700,10.1300,9.2500,9.8700,9.1500,32387180,314921486.6700
2021-04-20,sz.300432,9.7900,10.1300,9.4500,9.4500,9.8700,25361247,246805149.1900
2021-04-21,sz.300432,9.4000,9.4600,9.1700,9.2100,9.4500,12356280,114692463.6000
2021-04-22,sz.300432,9.2600,9.4300,9.1500,9.2200,9.2100,10367970,96081237.0000
2021-04-23,sz.300432,9.1700,9.3600,9.1000,9.3000,9.2200,9216337,85038188.4200
2021-04-26,sz.300432,9.3100,9.4200,9.1500,9.3100,9.3000,9458357,87979555.1400
2021-04-27,sz.300432,9.4500,9.5300,8.8600,8.9000,9.3100,16164493,146262051.9300
2021-04-28,sz.300432,8.7100,9.1300,8.6700,9.0500,8.9000,8789667,78575163.8700
2021-04-29,sz.300432,8.9700,9.0400,8.8200,8.8300,9.0500,7694529,68610973.1900
2021-04-30,sz.300432,8.8000,9.2600,8.7000,9.2400,8.8300,11643123,105382100.9900
2021-05-06,sz.300432,9.2000,9.3300,9.0700,9.2400,9.2400,7466020,68793378.9000
2021-05-07,sz.300432,9.2300,9.3700,9.0800,9.3600,9.2400,8830532,81792513.4200
2021-05-10,sz.300432,9.3600,9.6000,9.2800,9.4400,9.3600,9588300,90829042.2000
2021-05-11,sz.300432,9.6000,9.6000,9.2200,9.3900,9.4400,9212710,86294236.5000
2021-05-12,sz.300432,9.3900,9.8000,9.3100,9.7500,9.3900,15195054,146851440.9000
2021-05-13,sz.300432,9.6100,9.9500,9.5100,9.6200,9.7500,11886847,115483263.9000
2021-05-14,sz.300432,9.6900,9.8400,9.6000,9.7900,9.6200,10935035,106601627.7600
2021-05-17,sz.300432,9.7800,9.9100,9.5200,9.6500,9.7900,9010464,87334928.6000
2021-05-18,sz.300432,9.5600,9.9500,9.5300,9.6800,9.6500,8705352,84918172.9500
2021-05-19,sz.300432,9.5900,10.2600,9.5900,10.2000,9.6800,25039368,252111247.3700
2021-05-20,sz.300432,10.0700,10.7300,10.0700,10.5400,10.2000,29912130,313547834.7400
2021-05-21,sz.300432,10.5000,10.6900,10.2700,10.4400,10.5400,21110128,220681394.5000
2021-05-24,sz.300432,10.4700,10.6700,10.3200,10.4100,10.4400,12719990,133176895.4000
2021-05-25,sz.300432,10.3200,10.9400,10.1200,10.6600,10.4100,24124198,253164359.5200
2021-05-26,sz.300432,10.6000,11.1000,10.6000,10.6500,10.6600,18391090,199436544.9000
2021-05-27,sz.300432,10.7600,10.7600,10.4000,10.4300,10.6500,15310105,161421960.4100
2021-05-28,sz.300432,10.5100,10.8800,10.5000,10.6400,10.4300,16215440,173287645.0000
2021-05-31,sz.300432,10.6400,11.3900,10.6100,11.2500,10.6400,24991569,278623808.7100
2021-06-01,sz.300432,11.3300,12.1700,11.2000,11.9100,11.2500,35697978,423152020.6800
2021-06-02,sz.300432,11.7500,12.1100,11.6500,11.8000,11.9100,31841209,380001265.8200
2021-06-03,sz.300432,11.8800,12.2700,11.7800,12.1000,11.8000,23345543,282438136.2300
2021-06-04,sz.300432,12.1800,14.5000,11.9700,14.1300,12.1000,69595179,950886765.4000
2021-06-07,sz.300432,14.6500,15.2000,14.2300,14.5000,14.1300,67429828,984058065.9400
2021-06-08,sz.300432,14.3800,14.7000,13.5300,13.7300,14.5000,44138517,621215290.4700
2021-06-09,sz.300432,14.0500,14.7000,13.8100,14.2900,13.7300,50082143,714951053.0400
2021-06-10,sz.300432,14.4600,15.1400,14.1000,14.8200,14.2900,56197280,823742714.7000
2021-06-11,sz.300432,14.6000,14.6800,14.0500,14.1200,14.8200,37178324,532437478.7200
2021-06-15,sz.300432,14.4100,14.5200,13.8400,14.0000,14.1200,24296811,341142712.8200
2021-06-16,sz.300432,13.9300,14.1400,13.0500,13.3400,14.0000,39141676,525054124.7800
2021-06-17,sz.300432,13.3600,13.7000,13.1600,13.4100,13.3400,17358252,232673697.7900
2021-06-18,sz.300432,13.3000,13.3000,12.7000,13.1200,13.4100,32032870,416711631.9000
2021-06-21,sz.300432,13.0900,15.3000,12.9000,14.2600,13.1200,43069871,611842330.4500
2021-06-22,sz.300432,14.2900,14.9700,13.8800,14.3800,14.2600,29432900,423143058.7000
2021-06-23,sz.300432,14.3800,14.8600,14.0300,14.1600,14.3800,28423479,406783125.5700
2021-06-24,sz.300432,14.1600,14.2800,13.6600,13.7300,14.1600,24283721,335757336.1800
2021-06-25,sz.300432,13.7000,14.1000,13.3700,13.8900,13.7300,20615526,281658525.3000
2021-06-28,sz.300432,13.7600,14.2500,13.6800,13.9600,13.8900,21105626,293384727.1000
2021-06-29,sz.300432,13.9400,14.6000,13.5700,13.7200,13.9600,28390717,399326762.4800
2021-06-30,sz.300432,13.7200,13.9900,13.1300,13.9000,13.7200,19986838,271080478.6200
2021-07-01,sz.300432,13.9600,14.4800,13.6000,14.0500,13.9000,24716523,347012675.8200
2021-07-02,sz.300432,13.9300,15.2600,13.7500,15.1900,14.0500,47753157,698000824.2500
2021-07-05,sz.300432,15.5700,16.5400,15.2500,16.2700,15.1900,55760606,894672709.0800
2021-07-06,sz.300432,16.0000,17.8200,15.9000,16.8200,16.2700,46574147,785945201.6000
2021-07-07,sz.300432,17.0000,20.1800,16.3800,20.1800,16.8200,79909630,1499863808.5400
2021-07-08,sz.300432,22.7200,24.2200,21.8100,24.2200,20.1800,90275162,2080327474.3000
2021-07-09,sz.300432,22.8900,24.2200,21.7100,23.4500,24.2200,75922693,1731976934.4500
2021-07-12,sz.300432,23.5000,25.2600,22.8000,24.1100,23.4500,77682209,1857467126.7300
2021-07-13,sz.300432,23.5200,25.1500,22.4600,24.7500,24.1100,67803798,1602938703.8900
2021-07-14,sz.300432,24.0100,25.5700,22.2800,22.9600,24.7500,67122733,1596567773.9900
2021-07-15,sz.300432,22.5700,23.3900,21.6900,22.9500,22.9600,48477705,1097493756.7700
2021-07-16,sz.300432,22.8600,23.3200,21.9100,22.1500,22.9500,42549342,959178372.6800
2021-07-19,sz.300432,22.3800,23.1000,21.3200,21.5500,22.1500,43811118,973151190.5600
2021-07-20,sz.300432,21.1300,22.3100,21.0000,21.6000,21.5500,31479170,678312562.4100
2021-07-21,sz.300432,23.7300,25.0000,22.7400,24.0500,21.6000,68270186,1631295619.4400
2021-07-22,sz.300432,25.0000,28.8600,23.5800,28.8600,24.0500,69872928,1802747264.9200
2021-07-23,sz.300432,28.0000,29.0100,26.0100,28.5200,28.8600,60433071,1673622340.8300
2021-07-26,sz.300432,28.1000,30.4300,27.6000,28.6800,28.5200,50848940,1483668082.3300
2021-07-27,sz.300432,29.0100,30.8000,26.0000,26.3400,28.6800,58700237,1689669492.8000
2021-07-28,sz.300432,25.7400,28.5800,25.7400,27.8100,26.3400,58251925,1600515880.3800
2021-07-29,sz.300432,29.0000,33.0200,28.3400,32.8300,27.8100,54981053,1692499355.6700
2021-07-30,sz.300432,32.0100,32.5600,29.6700,30.5200,32.8300,50160138,1546629856.4400
2021-08-02,sz.300432,30.3100,31.6800,28.6100,30.0000,30.5200,39402843,1183720839.3300
2021-08-03,sz.300432,29.7000,30.8500,28.0200,28.3900,30.0000,25483078,739561309.8900
2021-08-04,sz.300432,28.2200,30.6500,28.1000,30.1700,28.3900,36957948,1087627320.1400
2021-08-05,sz.300432,29.5200,29.5300,27.7900,28.2600,30.1700,31547885,899600306.1400
2021-08-06,sz.300432,28.7000,33.9100,28.7000,33.9100,28.2600,70494152,2258647830.1300
2021-08-09,sz.300432,33.1100,35.5500,33.1100,33.4900,33.9100,41335759,1406076418.0000
2021-08-10,sz.300432,33.3300,38.5100,28.9800,31.4400,33.4900,72728869,2428046433.9700
2021-08-11,sz.300432,31.4000,34.4900,28.9900,32.5800,31.4400,50780159,1609446170.0000
2021-08-12,sz.300432,32.5500,35.6700,31.7500,34.7000,32.5800,41574736,1404711623.5300
2021-08-13,sz.300432,34.6000,37.7000,33.3800,35.6700,34.7000,36577797,1299642819.4600
2021-08-16,sz.300432,34.0800,34.9000,32.0400,32.7200,35.6700,33952312,1123890798.4600
2021-08-17,sz.300432,32.8400,33.8200,31.0100,32.8700,32.7200,26068730,845235719.7200
2021-08-18,sz.300432,32.8700,35.3500,31.7900,34.5200,32.8700,33787900,1153404201.4000
2021-08-19,sz.300432,34.0000,37.5000,33.3000,36.6700,34.5200,36877670,1327997778.8600
2021-08-20,sz.300432,36.0100,38.0500,34.5000,35.0100,36.6700,35318990,1275463796.8000
2021-08-23,sz.300432,34.9100,38.4700,34.5500,37.8000,35.0100,34352977,1275923161.9700
2021-08-24,sz.300432,38.0000,39.9500,36.6000,37.7700,37.8000,30368672,1156890187.3800
2021-08-25,sz.300432,37.3000,41.0000,37.3000,40.1600,37.7700,30348828,1198881106.5800
2021-08-26,sz.300432,40.2000,40.3600,37.7700,39.0100,40.1600,24430500,947305718.0000
2021-08-27,sz.300432,38.6600,40.8600,38.0300,39.5500,39.0100,22469650,890780592.7000
2021-08-30,sz.300432,38.0000,40.3500,37.2100,39.9100,39.5500,28345342,1095997530.9800
2021-08-31,sz.300432,39.6800,42.7900,38.8600,40.9700,39.9100,25976996,1065750637.2000
2021-09-01,sz.300432,42.1000,44.5000,38.9100,40.0300,40.9700,28613732,1192491954.0200
2021-09-02,sz.300432,39.5800,44.6600,39.0100,43.5800,40.0300,31231412,1323691826.1800
2021-09-03,sz.300432,43.0000,46.0000,41.3000,43.4700,43.5800,31945113,1397396632.0800
2021-09-06,sz.300432,43.8400,44.3900,37.5400,41.2200,43.4700,28069177,1150583156.9000
2021-09-07,sz.300432,41.2200,42.2400,39.4000,39.9900,41.2200,25343835,1022913842.6500
2021-09-08,sz.300432,40.0000,40.3800,34.3700,36.3700,39.9900,48949754,1808517239.9200
2021-09-09,sz.300432,35.9000,36.3000,33.8600,35.9700,36.3700,30571606,1076429146.2000
2021-09-10,sz.300432,36.1400,42.0000,36.1400,41.0500,35.9700,44429894,1738239461.3500
2021-09-13,sz.300432,47.0000,47.8000,43.3600,45.9800,41.0500,50108963,2280707155.6400
2021-09-14,sz.300432,46.3400,49.0000,44.0000,47.1400,45.9800,37812854,1775532010.7600
2021-09-15,sz.300432,47.2400,55.0000,47.2400,53.5900,47.1400,36832885,1897842099.4000
2021-09-16,sz.300432,52.4800,55.5300,51.1900,52.9700,53.5900,36742061,1960496350.0200
2021-09-17,sz.300432,52.1300,55.1800,49.7300,51.3000,52.9700,40217922,2118548713.9000
2021-09-22,sz.300432,51.5200,53.3400,49.5600,49.7700,51.3000,24308629,1244865907.6100
2021-09-23,sz.300432,51.2900,51.6900,46.5400,47.9800,49.7700,25873367,1256037179.0400
2021-09-24,sz.300432,48.8000,48.8000,45.1500,46.1100,47.9800,22945190,1067176595.3000
2021-09-27,sz.300432,47.0000,47.5100,41.3500,42.6800,46.1100,26482942,1159209046.2100
2021-09-28,sz.300432,43.0700,45.3000,42.3000,43.9800,42.6800,17518665,772825189.4500
2021-09-29,sz.300432,44.0000,44.4400,36.4700,36.8400,43.9800,42661126,1666097458.3200
2021-09-30,sz.300432,38.5500,41.5000,38.0200,40.8400,36.8400,25475837,1020595482.0400
2021-10-08,sz.300432,42.0800,42.9500,37.5700,38.0100,40.8400,24194520,947530231.9100
2021-10-11,sz.300432,38.5800,41.4000,36.4600,39.2000,38.0100,27114894,1065937165.3400
2021-10-12,sz.300432,39.2000,40.2500,35.7000,36.5800,39.2000,29370332,1091819044.3800
2021-10-13,sz.300432,37.0400,38.8000,35.7300,38.3000,36.5800,23582370,879147488.6600
2021-10-14,sz.300432,37.6400,38.3000,36.4000,37.6000,38.3000,15425612,577296038.7600
2021-10-15,sz.300432,37.6500,39.6200,36.0000,38.2000,37.6000,24663886,932839828.2900
2021-10-18,sz.300432,37.8100,41.4800,37.3000,41.0300,38.2000,29381034,1162686965.5400
2021-10-19,sz.300432,40.4800,42.9800,40.4800,42.3000,41.0300,24533945,1026209594.5800
2021-10-20,sz.300432,42.0000,44.2500,40.9200,41.3400,42.3000,33641783,1431992329.7700
2021-10-21,sz.300432,41.0000,46.6500,41.0000,44.9100,41.3400,40951388,1819362708.9200
2021-10-22,sz.300432,45.4900,49.5000,44.1000,46.3600,44.9100,32411560,1521519463.8100
2021-10-25,sz.300432,47.3200,54.0900,45.8700,54.0000,46.3600,37342690,1885623228.7700
2021-10-26,sz.300432,54.0200,54.8500,51.3600,52.1000,54.0000,31615054,1671221460.4100
2021-10-27,sz.300432,52.3500,56.6500,51.3800,53.8600,52.1000,27633415,1492013369.8200
2021-10-28,sz.300432,55.2100,57.2000,50.7800,50.9800,53.8600,31808858,1691181510.6900
2021-10-29,sz.300432,51.5100,52.6300,47.6600,50.1200,50.9800,33077673,1646630317.2400
2021-11-01,sz.300432,50.9700,54.3900,49.1600,50.3600,50.1200,33163014,1704021570.7300
2021-11-02,sz.300432,49.3600,50.9500,46.6000,47.3400,50.3600,28964865,1400961307.9900
2021-11-03,sz.300432,47.5500,48.5800,45.8700,47.7200,47.3400,19112548,905415163.9100
2021-11-04,sz.300432,49.4400,49.6200,43.5000,43.8300,47.7200,41037476,1869840862.7800
2021-11-05,sz.300432,44.3800,44.4900,40.9000,41.0100,43.8300,36036196,1518559299.2400
2021-11-08,sz.300432,40.8800,44.1900,40.3200,43.2200,41.0100,27542605,1171354739.1500
2021-11-09,sz.300432,43.5000,44.4300,42.3300,44.2100,43.2200,20702356,902388757.9600
2021-11-10,sz.300432,43.8100,44.5200,41.5500,42.9200,44.2100,20956333,896635103.3200
2021-11-11,sz.300432,42.9200,43.4000,41.0500,42.1500,42.9200,21030093,885358967.1000
2021-11-12,sz.300432,42.1600,43.1800,41.8500,42.3000,42.1500,13998182,595077728.8800
2021-11-15,sz.300432,42.0100,42.1900,37.9600,38.4400,42.3000,36609534,1431971581.0600
2021-11-16,sz.300432,38.4700,38.5900,34.0000,34.4400,38.4400,49565458,1771871111.3900
2021-11-17,sz.300432,35.0100,37.1600,35.0000,36.7300,34.4400,34699755,1248433962.6600
2021-11-18,sz.300432,36.7400,37.3600,34.2300,36.0200,36.7300,39952102,1419791702.9100
2021-11-19,sz.300432,36.6000,36.7500,34.1300,34.2700,36.0200,41522981,1450157803.9300
2021-11-22,sz.300432,34.5100,37.2700,34.3000,36.8500,34.2700,49930382,1788691724.1400
2021-11-23,sz.300432,36.6800,37.3500,35.5400,35.8000,36.8500,37884324,1380509729.8200
2021-11-24,sz.300432,35.8200,37.2500,35.6900,35.8800,35.8000,30968628,1127616988.9200
2021-11-25,sz.300432,35.9000,36.5000,34.5500,34.9700,35.8800,23779369,836578039.4700
2021-11-26,sz.300432,34.6300,36.4000,34.6300,35.3900,34.9700,24108780,855851717.1400
2021-11-29,sz.300432,34.6000,38.8400,34.1900,37.9800,35.3900,48339630,1812894090.7600
2021-11-30,sz.300432,38.5100,38.7500,36.2000,37.2900,37.9800,42612015,1582561642.1700
2021-12-01,sz.300432,37.3000,37.3000,36.0100,36.7100,37.2900,20698618,756004633.7200
2021-12-02,sz.300432,36.9800,36.9900,35.6000,36.2100,36.7100,17516915,635468732.1400
2021-12-03,sz.300432,35.8500,36.2500,34.7000,35.4900,36.2100,22941767,809828576.9700
2021-12-06,sz.300432,35.4500,35.8400,34.5000,34.6100,35.4900,17910195,625329249.8200
2021-12-07,sz.300432,34.9800,35.0500,32.1300,32.7500,34.6100,29294936,970248303.9800
2021-12-08,sz.300432,33.1900,33.6000,32.6900,33.3500,32.7500,16560600,550287321.4900
2021-12-09,sz.300432,33.6000,34.0000,32.9000,33.1600,33.3500,14348098,478729740.2800
2021-12-10,sz.300432,32.9000,34.0000,32.4800,33.7900,33.1600,23224128,776617847.9700
2021-12-13,sz.300432,33.6800,33.7700,32.7100,33.0200,33.7900,21641197,716851003.2000
2021-12-14,sz.300432,32.9000,33.1000,32.0100,32.1700,33.0200,24114808,779618940.4700
2021-12-15,sz.300432,32.1000,32.7300,31.2000,31.3300,32.1700,24705574,786470636.9100
2021-12-16,sz.300432,31.2000,31.7100,30.8800,31.4000,31.3300,17146621,534132989.5800
2021-12-17,sz.300432,31.2000,31.3300,30.1100,30.2500,31.4000,20493950,625370308.1200
2021-12-20,sz.300432,30.5000,30.8800,29.5000,29.5200,30.2500,18689009,563484279.6500
2021-12-21,sz.300432,29.5300,30.6200,29.4400,30.5300,29.5200,16818584,502938933.5600
2021-12-22,sz.300432,30.5300,30.5900,29.8200,30.2200,30.5300,17088680,514845087.1800
2021-12-23,sz.300432,30.3800,30.6700,29.7000,29.8300,30.2200,13715722,411486020.8400
2021-12-24,sz.300432,30.2000,30.2900,28.4000,28.5900,29.8300,16031047,467000500.2500
2021-12-27,sz.300432,28.3700,28.8000,27.9000,28.1600,28.5900,15120335,427548192.1700
2021-12-28,sz.300432,28.1000,30.2300,28.1000,30.0500,28.1600,29388078,859971467.6600
2021-12-29,sz.300432,29.9000,30.9500,29.5300,29.8400,30.0500,27598221,833512812.4000
2021-12-30,sz.300432,29.8900,30.2300,28.9400,29.0600,29.8400,19699519,579209271.3200
2021-12-31,sz.300432,29.4100,29.8200,29.1500,29.4000,29.0600,14862254,437422697.4700
2022-01-04,sz.300432,29.6100,30.1000,28.6500,28.7300,29.4000,17436068,508900935.6300
2022-01-05,sz.300432,28.6300,28.8600,27.4000,27.5500,28.7300,17076103,476916414.3600
2022-01-06,sz.300432,27.5000,28.5800,27.4200,28.2000,27.5500,13974365,391902848.4400
2022-01-07,sz.300432,28.2100,28.5700,26.9200,27.0600,28.2000,16102499,442524745.4000
2022-01-10,sz.300432,27.0500,27.5000,26.5600,27.3200,27.0600,11477073,311423422.0300
2022-01-11,sz.300432,27.3600,28.3300,27.0100,27.1200,27.3200,18110334,500301503.4300
2022-01-12,sz.300432,28.0000,28.8800,27.8000,28.5200,27.1200,31702572,901712313.9400
2022-01-13,sz.300432,28.5000,28.6000,27.5300,27.6800,28.5200,17590513,491992257.9900
2022-01-14,sz.300432,27.7800,28.4300,27.3600,28.0000,27.6800,14010874,391412178.3700
2022-01-17,sz.300432,27.8000,28.8000,27.5800,28.7500,28.0000,20191029,571184777.4000
2022-01-18,sz.300432,28.7700,28.9500,27.5400,27.8800,28.7500,17538825,495439446.4300
2022-01-19,sz.300432,27.6000,27.8600,26.1400,26.5200,27.8800,22263331,596695010.5900
2022-01-20,sz.300432,26.5200,26.7800,25.3900,25.4500,26.5200,15842974,409557727.9000
2022-01-21,sz.300432,25.2500,25.8000,24.9200,24.9900,25.4500,11962578,302434990.4900
2022-01-24,sz.300432,25.1400,26.5100,25.0000,26.1800,24.9900,19894267,516220737.4000
2022-01-25,sz.300432,25.9800,26.9700,24.7600,24.8000,26.1800,16230213,419677489.5600
2022-01-26,sz.300432,25.0000,25.6900,24.6800,25.4100,24.8000,12520341,316486164.4800
2022-01-27,sz.300432,25.4200,26.3800,24.7800,24.8900,25.4100,18889734,485971923.4700
2022-01-28,sz.300432,25.0900,25.3500,23.6400,24.0700,24.8900,17223927,415883266.4300
2022-02-07,sz.300432,24.5100,25.9500,24.5100,25.2700,24.0700,18884272,478548065.0100
2022-02-08,sz.300432,25.2900,25.4000,23.1800,24.0300,25.2700,20671157,494756862.1600
2022-02-09,sz.300432,24.1300,24.6100,23.3200,24.5500,24.0300,16616978,399314722.9400
2022-02-10,sz.300432,24.5500,24.8500,23.5000,23.6800,24.5500,15892275,381634767.4000
2022-02-11,sz.300432,23.4000,24.2100,23.2500,23.3000,23.6800,13768861,325565380.8700
2022-02-14,sz.300432,23.0200,24.1200,22.7200,23.4100,23.3000,12324844,289919187.1500
2022-02-15,sz.300432,23.5300,24.9800,23.1200,24.3900,23.4100,23958454,580194905.7800
2022-02-16,sz.300432,24.3100,24.8500,24.2700,24.5600,24.3900,12918724,316603310.8000
2022-02-17,sz.300432,25.6000,26.1800,24.3400,25.2300,24.5600,47802005,1211997370.3200
2022-02-18,sz.300432,24.7900,24.8200,23.8500,24.1500,25.2300,25814810,624879862.0200
2022-02-21,sz.300432,23.8800,24.9800,23.8000,24.5300,24.1500,16118293,393252964.9100
2022-02-22,sz.300432,24.4700,24.5300,23.6600,24.2300,24.5300,17900197,429631587.8200
2022-02-23,sz.300432,24.3000,25.8700,24.0600,25.7300,24.2300,33523562,847375007.9400
2022-02-24,sz.300432,25.5800,26.1200,23.6100,24.0600,25.7300,42513525,1061106494.1100
2022-02-25,sz.300432,24.5700,25.6800,24.5000,25.0400,24.0600,37964448,954878344.2900
2022-02-28,sz.300432,24.8000,26.9400,24.4600,26.5900,25.0400,47484705,1217988928.0000
2022-03-01,sz.300432,27.3600,27.7100,26.1800,26.5100,26.5900,46411170,1246068016.0000
2022-03-02,sz.300432,26.2000,26.9300,25.8000,26.1000,26.5100,30851841,808694352.0000
2022-03-03,sz.300432,26.1100,26.2900,25.3100,25.3800,26.1000,23113166,594020032.0000
2022-03-04,sz.300432,25.0500,25.6200,23.9000,24.1000,25.3800,26635097,654154176.0000
2022-03-07,sz.300432,23.7000,24.3800,23.4000,23.8400,24.1000,17738347,423612960.0000
2022-03-08,sz.300432,23.9500,24.4200,23.3100,23.9900,23.8400,18693822,447908544.0000
2022-03-09,sz.300432,24.0200,24.1600,20.9100,22.3000,23.9900,27445108,615681440.0000
2022-03-10,sz.300432,23.0000,24.0800,22.7700,23.5600,22.3000,25243227,593137776.0000
2022-03-11,sz.300432,23.2000,23.6400,22.6600,23.5800,23.5600,17979151,417156624.0000
2022-03-14,sz.300432,23.1100,23.3400,22.4000,22.4300,23.5800,14835978,339134608.0000
2022-03-15,sz.300432,22.1000,22.8100,21.5000,21.5000,22.4300,16930159,375723280.0000
2022-03-16,sz.300432,22.4900,23.5500,21.7500,23.5000,21.5000,27395177,623198816.0000
2022-03-17,sz.300432,24.2000,24.2800,23.1600,23.2500,23.5000,26868579,637844496.0000
2022-03-18,sz.300432,23.1000,23.3800,22.9100,23.1700,23.2500,12666338,292639496.7700
2022-03-21,sz.300432,23.2200,24.9800,23.0800,24.1300,23.1700,27013754,656328689.3100
2022-03-22,sz.300432,23.9600,24.1900,23.4000,23.7000,24.1300,15302895,363866821.0000
2022-03-23,sz.300432,23.9900,24.5000,23.7200,23.8200,23.7000,17293235,417148242.3800
2022-03-24,sz.300432,23.6000,23.7700,22.8800,23.4500,23.8200,17568841,408984130.0300
2022-03-25,sz.300432,23.4500,23.8800,22.8500,22.8900,23.4500,14033702,326451646.2000
2022-03-28,sz.300432,22.5300,22.9800,21.9800,22.0600,22.8900,14509342,323119196.8400
2022-03-29,sz.300432,22.2800,22.4300,21.7300,22.0200,22.0600,9572420,211105868.6000
2022-03-30,sz.300432,22.0700,23.1400,22.0000,22.7700,22.0200,13421265,304868916.4900
2022-03-31,sz.300432,22.6700,22.7500,21.8000,21.8600,22.7700,13421904,297274212.2700
2022-04-01,sz.300432,21.6500,21.9400,21.4800,21.8300,21.8600,9328709,202704433.9600
2022-04-06,sz.300432,21.7100,21.8000,21.0200,21.2000,21.8300,9391747,198972421.1400
2022-04-07,sz.300432,21.0400,21.1900,20.4200,20.4200,21.2000,11945224,247227615.8600
2022-04-08,sz.300432,20.4100,20.6000,19.8500,20.1600,20.4200,11533658,233286204.4800
2022-04-11,sz.300432,20.1500,20.1500,18.7900,18.8700,20.1600,14468049,277384339.9900
2022-04-12,sz.300432,18.8000,19.1900,18.4700,18.8600,18.8700,14201654,266589125.9400
2022-04-13,sz.300432,18.7700,18.9600,18.1500,18.4400,18.8600,10460282,193963269.0700
2022-04-14,sz.300432,18.6500,18.9400,18.2900,18.3400,18.4400,9044024,168085984.8600
2022-04-15,sz.300432,18.2200,18.5100,17.6900,18.3800,18.3400,13382655,241865060.1200
2022-04-18,sz.300432,18.4500,19.0700,18.0500,18.9500,18.3800,14152824,265013725.5200
2022-04-19,sz.300432,19.3600,19.4500,18.5300,18.7400,18.9500,12785975,241738559.5900
2022-04-20,sz.300432,18.7600,19.0200,18.1700,18.5800,18.7400,10652881,198299447.1600
2022-04-21,sz.300432,18.2300,18.7000,17.2900,17.4100,18.5800,12441853,222636537.2500
2022-04-22,sz.300432,17.3500,17.6500,16.9900,17.0400,17.4100,9173449,158055468.7600
2022-04-25,sz.300432,16.5600,16.5600,15.4000,15.4000,17.0400,14003634,223447090.5100
2022-04-26,sz.300432,15.5000,15.6600,14.7800,14.9400,15.4000,11352913,173438801.6300
2022-04-27,sz.300432,15.3200,17.9300,15.2700,17.9300,14.9400,31809959,527694684.0500
2022-04-28,sz.300432,18.7000,19.8000,18.2300,19.2500,17.9300,54778139,1044643763.1300
2022-04-29,sz.300432,19.0400,20.2200,18.8200,19.9000,19.2500,41467757,807858015.7500
2022-05-05,sz.300432,19.4800,20.6000,19.3000,20.0300,19.9000,32254042,646233255.2100
2022-05-06,sz.300432,19.3000,20.4500,19.0100,19.9700,20.0300,23793656,471964763.6800
2022-05-09,sz.300432,19.8300,20.6300,19.7200,20.4900,19.9700,22180959,448474270.2600
2022-05-10,sz.300432,20.0800,21.0700,19.9600,21.0300,20.4900,31257858,645149262.2400
2022-05-11,sz.300432,21.0000,23.0800,20.8000,21.5500,21.0300,47067765,1031681855.6700
2022-05-12,sz.300432,21.0900,22.2900,21.0100,22.2200,21.5500,31904510,692244948.9600
2022-05-13,sz.300432,22.4000,22.5000,21.7000,22.0900,22.2200,26965361,594351832.2900
2022-05-16,sz.300432,21.9300,22.4000,21.5800,21.7000,22.0900,22188687,485743597.8800
2022-05-17,sz.300432,21.5000,22.5300,21.2900,22.2500,21.7000,27550311,609861773.1000
2022-05-18,sz.300432,22.7600,22.9900,22.2600,22.2700,22.2500,33173483,748723231.5600
2022-05-19,sz.300432,21.7400,22.5600,21.6100,22.4600,22.2700,23240475,514529067.2000
2022-05-20,sz.300432,22.7000,23.8700,22.3800,23.4500,22.4600,37618420,868546163.0800
2022-05-23,sz.300432,23.9900,24.1500,23.2000,23.5600,23.4500,29597985,699580676.7100
2022-05-24,sz.300432,23.5600,24.2300,22.8600,22.9000,23.5600,29279032,691202924.5900
2022-05-25,sz.300432,23.0500,23.0900,22.0000,22.3500,22.9000,28074878,629946017.1800
2022-05-26,sz.300432,22.4600,22.7600,21.7800,22.3800,22.3500,18620783,415281152.2100
2022-05-27,sz.300432,22.6000,22.9200,22.0800,22.5300,22.3800,16155807,363789479.0000
2022-05-30,sz.300432,22.6000,22.8600,21.9000,22.6800,22.5300,16556991,370638060.4300
2022-05-31,sz.300432,15.2300,15.3300,14.7000,14.8000,15.1200,26486780,395490852.2000
2022-06-01,sz.300432,14.8000,15.8800,14.8000,15.6300,14.8000,50614090,784875909.1600
2022-06-02,sz.300432,15.3400,16.3200,15.2700,16.0300,15.6300,50411574,796852865.2700
2022-06-06,sz.300432,15.9900,17.5000,15.7600,16.8700,16.0300,52693998,872835588.7300
2022-06-07,sz.300432,16.9500,17.0500,16.0000,16.1000,16.8700,52609014,863478892.2600
2022-06-08,sz.300432,16.0000,16.3500,15.5100,16.0000,16.1000,39385180,628416083.0500
2022-06-09,sz.300432,15.8900,15.9500,15.4300,15.5700,16.0000,23221179,363412124.3100
2022-06-10,sz.300432,15.6200,16.2500,15.6200,16.2500,15.5700,35008376,559521044.8900
2022-06-13,sz.300432,16.5100,18.8800,16.4800,18.0600,16.2500,93860545,1661467691.6600
2022-06-14,sz.300432,17.7500,17.9500,17.0300,17.6000,18.0600,63510754,1108981137.9200
2022-06-15,sz.300432,17.7000,19.1900,17.6800,18.5700,17.6000,88874486,1654376980.8600
2022-06-16,sz.300432,18.6200,18.9300,18.2200,18.5900,18.5700,54741329,1012879986.0500
2022-06-17,sz.300432,18.3000,19.8900,18.1100,19.3900,18.5900,83564623,1593139321.5000
2022-06-20,sz.300432,19.8600,21.5000,19.6500,20.3000,19.3900,88184867,1815952411.5100
2022-06-21,sz.300432,20.2000,21.0000,19.5000,20.6200,20.3000,70913438,1426054333.1800
2022-06-22,sz.300432,20.9400,21.8000,20.7500,21.0800,20.6200,71284054,1520537407.8300
2022-06-23,sz.300432,20.9500,23.1900,20.5600,22.8200,21.0800,82605681,1805228510.5500
2022-06-24,sz.300432,22.8600,25.0000,22.5200,23.5200,22.8200,76564428,1822078409.1600
2022-06-27,sz.300432,23.5000,24.1500,22.9100,23.5200,23.5200,59487075,1394714822.1300
2022-06-28,sz.300432,23.2400,23.2600,22.2600,22.7400,23.5200,61501783,1396683095.6900
2022-06-29,sz.300432,22.7400,22.7700,20.8000,20.9000,22.7400,74587598,1598918488.6500
2022-06-30,sz.300432,21.3000,22.6000,21.1500,22.0000,20.9000,60045789,1310300758.7400
2022-07-01,sz.300432,22.7900,23.9000,22.2100,23.8900,22.0000,69660591,1608092877.2600
2022-07-04,sz.300432,23.3800,23.8600,22.8200,23.1900,23.8900,61290126,1430240373.7100
2022-07-05,sz.300432,23.4000,23.9900,23.0100,23.5900,23.1900,46042626,1079369489.1700
2022-07-06,sz.300432,23.2700,23.4200,22.3500,22.6800,23.5900,41013333,936758131.7500
2022-07-07,sz.300432,22.5300,23.6800,22.1800,22.8000,22.6800,46465219,1069548370.2700
2022-07-08,sz.300432,22.7700,23.0000,21.7000,21.9500,22.8000,44840001,996149499.9900
2022-07-11,sz.300432,21.7000,21.9800,20.8000,21.1500,21.9500,40874575,866218272.6300
2022-07-12,sz.300432,21.3900,21.4700,19.5000,19.6400,21.1500,52036116,1046578122.8400
2022-07-13,sz.300432,19.8500,20.0000,19.0000,19.5500,19.6400,46413973,901270361.0900
2022-07-14,sz.300432,19.4000,21.4400,19.3000,21.0500,19.5500,56493620,1167297271.8500
2022-07-15,sz.300432,21.0300,22.0100,21.0100,21.0200,21.0500,47659995,1022614883.5300
2022-07-18,sz.300432,21.1000,21.3900,20.4500,21.2000,21.0200,40075298,836565229.5700
2022-07-19,sz.300432,21.1100,21.8700,21.0100,21.0200,21.2000,40949324,877887506.1100
2022-07-20,sz.300432,21.0000,21.3800,20.5700,20.8100,21.0200,28141983,587944276.8800
2022-07-21,sz.300432,20.8000,22.4700,20.4000,22.0900,20.8100,73002054,1590023196.9400
2022-07-22,sz.300432,22.7500,22.8500,20.8300,21.0700,22.0900,50767073,1091006279.0700
2022-07-25,sz.300432,20.6700,21.1500,20.3300,20.5100,21.0700,24347062,503980991.9900
2022-07-26,sz.300432,20.6200,21.3300,20.5400,21.3000,20.5100,23882591,503410560.1700
2022-07-27,sz.300432,21.0300,21.5300,20.5000,21.3800,21.3000,27437762,578721103.7600
2022-07-28,sz.300432,21.4100,21.4700,20.5000,20.6400,21.3800,33735234,701843110.2000
2022-07-29,sz.300432,20.6900,21.0000,20.3900,20.6800,20.6400,24970583,516892954.7200
2022-08-01,sz.300432,20.6500,20.6700,19.7300,20.5500,20.6800,36149344,728820748.6000
2022-08-02,sz.300432,20.1200,20.1300,19.0000,19.4500,20.5500,43452433,845364737.7300
2022-08-03,sz.300432,19.3500,20.1300,18.8800,18.9500,19.4500,35585742,695193653.7000
2022-08-04,sz.300432,19.2600,19.2900,18.3700,18.7000,18.9500,29401371,551470812.4100
2022-08-05,sz.300432,18.7000,19.2500,18.5200,18.9400,18.7000,25073523,472838793.8800
2022-08-08,sz.300432,18.7800,19.6700,18.6000,19.4300,18.9400,30331199,584671549.2800
2022-08-09,sz.300432,19.4000,20.0000,19.2100,19.7700,19.4300,29290158,576321569.6000
2022-08-10,sz.300432,19.7000,19.9200,19.0500,19.0900,19.7700,26108094,506572865.9200
2022-08-11,sz.300432,19.1000,19.3700,18.6500,19.1900,19.0900,25360091,481513212.9500
2022-08-12,sz.300432,19.0100,19.5700,18.6900,18.7800,19.1900,21748384,415293185.1900
2022-08-15,sz.300432,18.7800,19.9100,18.6800,19.8900,18.7800,45427591,886122424.3200
2022-08-16,sz.300432,19.7800,20.8900,19.7000,20.2800,19.8900,51283309,1053653568.6500
2022-08-17,sz.300432,20.2100,20.6800,19.9000,20.3400,20.2800,35971603,728405464.7100
2022-08-18,sz.300432,20.4500,20.7900,19.8500,20.0700,20.3400,39833996,808312728.0500
2022-08-19,sz.300432,19.9000,20.0000,18.9000,18.9900,20.0700,33386198,643282783.9400
2022-08-22,sz.300432,18.8000,20.2000,18.3300,19.9400,18.9900,34247920,663120789.7500
2022-08-23,sz.300432,19.9500,20.1500,19.2500,19.4000,19.9400,25761085,503034444.1600
2022-08-24,sz.300432,19.5000,19.7100,18.4000,18.4300,19.4000,25717679,484640452.5300
2022-08-25,sz.300432,18.3500,18.4400,17.4500,17.7900,18.4300,25748665,459019116.3900
2022-08-26,sz.300432,18.0000,18.2400,17.6600,17.8200,17.7900,18573433,333270721.4500
2022-08-29,sz.300432,17.3000,17.5700,16.9800,17.3900,17.8200,21583013,373526423.0100
2022-08-30,sz.300432,17.7000,18.2700,17.3300,17.5300,17.3900,30462079,541785195.2000
2022-08-31,sz.300432,17.4000,17.5200,16.6300,16.6800,17.5300,25535897,432276301.7400
2022-09-01,sz.300432,16.7000,16.9500,16.5000,16.5800,16.6800,13427744,224128589.0700
2022-09-02,sz.300432,17.1100,17.3500,16.7400,16.9700,16.5800,21011604,357881199.8100
2022-09-05,sz.300432,16.7900,16.9500,16.3800,16.6000,16.9700,18224053,302834075.8100
2022-09-06,sz.300432,16.6000,17.1600,16.4700,17.0800,16.6000,22880420,385993981.5900
2022-09-07,sz.300432,16.9800,17.5000,16.8200,17.1700,17.0800,20335171,349244137.3500
2022-09-08,sz.300432,17.2800,17.3500,16.6000,16.6400,17.1700,15408890,260266190.2100
2022-09-09,sz.300432,16.6400,16.8700,16.4500,16.8000,16.6400,11418569,190591086.8100
2022-09-13,sz.300432,16.4000,16.5500,16.0500,16.1700,16.8000,23961707,389313506.7500
2022-09-14,sz.300432,15.9900,16.0600,15.3800,15.7400,16.1700,26433590,414023757.4000
2022-09-15,sz.300432,15.8800,15.9100,14.9000,15.1000,15.7400,21849571,332688987.3400
2022-09-16,sz.300432,15.0800,15.1700,14.6500,14.6800,15.1000,14720506,218716551.4900
2022-09-19,sz.300432,14.8000,15.3700,14.7200,15.1100,14.6800,24913105,376830327.8600
2022-09-20,sz.300432,15.3600,15.6500,15.2000,15.4000,15.1100,21300397,329030763.2500
2022-09-21,sz.300432,15.1500,15.3800,15.0100,15.2800,15.4000,13354418,203306839.3800
2022-09-22,sz.300432,15.1500,15.5400,15.1000,15.3300,15.2800,11786499,180697491.2800
2022-09-23,sz.300432,15.1300,15.3700,14.7100,14.9300,15.3300,16279383,243974854.7800
2022-09-26,sz.300432,14.8000,14.9100,14.3700,14.4600,14.9300,34211413,501065915.6400
2022-09-27,sz.300432,14.5500,14.7400,14.2500,14.6800,14.4600,23214088,336899670.4000
2022-09-28,sz.300432,14.5900,14.6400,13.9900,14.0000,14.6800,18857300,268115316.4700
2022-09-29,sz.300432,14.2000,14.3800,14.0000,14.1000,14.0000,16835748,238711566.0300
2022-09-30,sz.300432,14.0100,14.1800,13.7000,13.7200,14.1000,14832663,205899084.4500
2022-10-10,sz.300432,13.7500,13.9000,13.2100,13.2800,13.7200,17288076,233135708.6400
2022-10-11,sz.300432,13.4800,13.9000,13.4800,13.6900,13.2800,20107729,275086206.7100
2022-10-12,sz.300432,13.6700,14.3200,13.4200,14.3000,13.6900,24321033,337408449.2500
2022-10-13,sz.300432,14.4100,14.7000,14.1600,14.2400,14.3000,26610147,384060519.3700
2022-10-14,sz.300432,14.5000,14.7300,14.3500,14.6900,14.2400,24215481,352793648.7200
2022-10-17,sz.300432,14.5300,14.7500,14.4100,14.6000,14.6900,18050080,262368011.9900
2022-10-18,sz.300432,14.7700,14.8800,14.4700,14.5800,14.6000,20487759,299720651.2600
2022-10-19,sz.300432,14.5000,14.9700,14.4200,14.4400,14.5800,21966770,323068077.1700
2022-10-20,sz.300432,14.2700,14.5400,13.9500,14.2600,14.4400,19893161,282900509.3100
2022-10-21,sz.300432,14.3000,14.4000,13.9400,14.0000,14.2600,14745667,208056379.0900
2022-10-24,sz.300432,14.1800,14.5500,13.9900,14.0300,14.0000,27244575,389982889.4800
2022-10-25,sz.300432,14.1000,14.7500,13.6300,14.7200,14.0300,34210874,491746253.1100
2022-10-26,sz.300432,14.7000,15.1200,14.5700,14.9300,14.7200,37387947,556087426.8200
2022-10-27,sz.300432,15.0000,15.3100,14.8000,14.8500,14.9300,34127597,513252729.6300
2022-10-28,sz.300432,15.0500,15.2600,14.0300,14.1900,14.8500,42222586,619638069.6800
2022-10-31,sz.300432,13.9300,14.4500,13.8600,14.0700,14.1900,26360772,374085617.9800
2022-11-01,sz.300432,14.1500,15.4700,14.1400,15.4600,14.0700,54555890,815822492.0700
2022-11-02,sz.300432,15.3700,15.7600,15.2100,15.7500,15.4600,46061051,716898899.8400
2022-11-03,sz.300432,15.5500,16.3300,15.4900,16.2200,15.7500,53690421,858136152.1200
2022-11-04,sz.300432,16.2600,16.8000,16.1400,16.5200,16.2200,55317268,912518434.1100
2022-11-07,sz.300432,16.4700,16.5600,16.0600,16.3500,16.5200,42627320,695467635.2700
2022-11-08,sz.300432,16.6100,16.8500,16.3000,16.4900,16.3500,37682591,622429164.9500
2022-11-09,sz.300432,16.5000,16.5400,15.8700,15.8900,16.4900,36798421,591875676.7300
2022-11-10,sz.300432,15.6600,16.0600,15.6200,15.9600,15.8900,25186841,398463398.4200
2022-11-11,sz.300432,16.3500,16.4600,15.8400,15.8500,15.9600,32647850,524876498.3100
2022-11-14,sz.300432,15.7400,15.9600,15.2800,15.3400,15.8500,26643814,414066965.3300
2022-11-15,sz.300432,15.2500,15.9000,15.1800,15.8400,15.3400,26647704,416155553.3200
2022-11-16,sz.300432,15.8300,16.0700,15.6000,15.6900,15.8400,22145515,350595507.6400
2022-11-17,sz.300432,15.5400,15.6000,14.6700,15.0500,15.6900,42752818,642902661.1800
2022-11-18,sz.300432,14.9800,15.1500,14.6000,14.6100,15.0500,31075332,461043725.8500
2022-11-21,sz.300432,14.5800,15.1100,14.4100,15.0600,14.6100,23094320,343775492.0200
2022-11-22,sz.300432,14.9700,14.9900,14.5800,14.6400,15.0600,18367483,270909339.3900
2022-11-23,sz.300432,14.6500,14.8500,14.4100,14.7200,14.6400,15473090,226600162.6400
2022-11-24,sz.300432,14.8000,15.2000,14.7000,14.9700,14.7200,24353326,364501818.9500
2022-11-25,sz.300432,14.8000,14.8900,14.4100,14.4500,14.9700,19315271,281346345.9400
2022-11-28,sz.300432,14.1600,14.2800,13.9400,14.1800,14.4500,15105050,213485592.3000
2022-11-29,sz.300432,14.2000,14.5900,14.2000,14.4800,14.1800,14202553,204803337.9400
2022-11-30,sz.300432,14.4500,15.0000,14.4100,14.8200,14.4800,24696399,364604647.3600
2022-12-01,sz.300432,15.1300,15.2000,14.6900,14.7200,14.8200,22157306,330368442.5900
2022-12-02,sz.300432,14.6700,14.9300,14.6300,14.8400,14.7200,13112621,194412286.0200
2022-12-05,sz.300432,14.8800,14.9400,14.7000,14.8200,14.8400,14961327,221155638.7000
2022-12-06,sz.300432,14.7500,15.0200,14.5200,14.8800,14.8200,20187415,299309932.9300
2022-12-07,sz.300432,14.7500,15.3500,14.7400,15.0600,14.8800,30136968,455314529.5300
2022-12-08,sz.300432,14.9900,15.1900,14.8600,15.0600,15.0600,20066650,301350952.1200
2022-12-09,sz.300432,15.0000,15.5700,14.8300,15.5700,15.0600,37567298,575008938.6300
2022-12-12,sz.300432,15.5000,15.5000,15.1500,15.1900,15.5700,21156658,322867947.1600
2022-12-13,sz.300432,15.1300,15.3900,14.7500,14.7600,15.1900,19075810,286415598.9800
2022-12-14,sz.300432,14.7300,14.8600,14.4900,14.5700,14.7600,15132520,221496635.3200
2022-12-15,sz.300432,14.5000,16.7500,14.5000,16.4000,14.5700,78066373,1237950312.4500
2022-12-16,sz.300432,16.4400,16.6400,15.8000,16.0900,16.4000,61149977,992543045.7600
2022-12-19,sz.300432,16.2100,16.8100,16.0800,16.2900,16.0900,56169260,927891553.2400
2022-12-20,sz.300432,16.0500,16.4700,15.8500,16.0800,16.2900,34799268,561186298.6900
2022-12-21,sz.300432,16.0200,16.0800,15.2500,15.4000,16.0800,31148650,483949403.1900
2022-12-22,sz.300432,15.4200,15.5500,14.6500,14.6900,15.4000,31958149,479492920.4700
2022-12-23,sz.300432,14.5000,14.7900,14.2800,14.4000,14.6900,19755998,287197520.5200
2022-12-26,sz.300432,14.2400,15.0700,14.2100,14.8800,14.4000,24477529,361564328.9900
2022-12-27,sz.300432,14.8800,15.0800,14.5100,14.8400,14.8800,19513858,288216816.0600
2022-12-28,sz.300432,14.6200,14.7300,14.1800,14.2600,14.8400,27115278,388719591.2600
2022-12-29,sz.300432,14.2000,14.4700,14.1800,14.2000,14.2600,17241341,246414464.4700
2022-12-30,sz.300432,14.4100,14.8300,14.3900,14.4300,14.2000,26363332,384177308.5700
2023-01-03,sz.300432,14.3000,14.7000,14.1500,14.6100,14.4300,23989553,345917233.9100
2023-01-04,sz.300432,14.4600,14.5700,14.3100,14.4400,14.6100,20412676,294388996.0100
2023-01-05,sz.300432,14.4500,15.1500,14.4500,14.8400,14.4400,35596604,527734746.1600
2023-01-06,sz.300432,14.6800,15.1700,14.6300,15.0400,14.8400,31413797,471026840.5100
2023-01-09,sz.300432,15.3400,15.4200,14.8000,14.8600,15.0400,31765436,479031281.1500
2023-01-10,sz.300432,14.8000,15.8000,14.6500,15.5500,14.8600,48389847,738587664.8600
2023-01-11,sz.300432,15.3000,15.4300,15.1100,15.1300,15.5500,26454191,403352399.9900
2023-01-12,sz.300432,15.2100,15.5000,15.1500,15.2700,15.1300,25810566,395387526.5100
2023-01-13,sz.300432,15.3500,15.6100,15.0100,15.2800,15.2700,18959189,289463771.7700
2023-01-16,sz.300432,15.1000,15.4000,15.0200,15.2700,15.2800,18856419,287393439.7700
2023-01-17,sz.300432,15.3500,15.3700,15.1000,15.1400,15.2700,18756701,284640344.0400
2023-01-18,sz.300432,15.2500,15.2500,14.9200,14.9200,15.1400,21554647,324407470.3800
2023-01-19,sz.300432,14.8000,15.0000,14.7600,14.9400,14.9200,14968999,223149338.5700
2023-01-20,sz.300432,14.9400,15.2700,14.9400,15.2400,14.9400,20388663,309019898.9200
2023-01-30,sz.300432,15.6600,16.0600,15.4700,15.5000,15.2400,43748509,689033319.2400
2023-01-31,sz.300432,15.5500,15.8400,15.5400,15.7200,15.5000,27458111,430952839.5800
2023-02-01,sz.300432,15.7200,16.0300,15.6800,15.9700,15.7200,28606390,455260741.3700
2023-02-02,sz.300432,16.0000,16.0500,15.7100,15.7900,15.9700,23373401,369651173.6500
2023-02-03,sz.300432,15.7000,15.7300,15.3500,15.5600,15.7900,24692127,383343180.8400
2023-02-06,sz.300432,15.4900,15.6300,15.3100,15.4900,15.5600,17659538,273145048.9300
2023-02-07,sz.300432,15.4900,15.6400,15.3200,15.6100,15.4900,19582376,303725071.9700
2023-02-08,sz.300432,15.6500,15.9500,15.5400,15.7300,15.6100,29147978,459336653.9600
2023-02-09,sz.300432,15.5800,15.8500,15.5000,15.8200,15.7300,23974519,377415403.2800
2023-02-10,sz.300432,15.7100,15.7900,15.4400,15.5200,15.8200,21746187,339318128.0300
2023-02-13,sz.300432,15.5600,15.9700,15.4700,15.9200,15.5200,29647171,468945500.7300
2023-02-14,sz.300432,16.0000,16.0800,15.6100,15.7400,15.9200,24512922,386345709.5900
2023-02-15,sz.300432,15.7400,15.8400,15.5400,15.5800,15.7400,20177762,315523798.8500
2023-02-16,sz.300432,15.5700,15.6300,14.9500,15.1000,15.5800,29344889,450126306.1500
2023-02-17,sz.300432,15.0500,15.2000,14.8500,14.8500,15.1000,17590089,263972148.7200
2023-02-20,sz.300432,14.8000,15.0300,14.6800,15.0100,14.8500,16358913,243027490.7400
2023-02-21,sz.300432,14.9500,15.2400,14.9500,15.1200,15.0100,14529896,219451769.2100
2023-02-22,sz.300432,15.2400,15.5000,15.2000,15.3200,15.1200,23741622,364951534.8100
2023-02-23,sz.300432,15.2000,15.9900,15.2000,15.8700,15.3200,55001141,867419287.8300
2023-02-24,sz.300432,15.7200,15.8000,15.5500,15.6000,15.8700,26920540,420900793.7000
2023-02-27,sz.300432,15.5100,15.5900,15.1800,15.2200,15.6000,20904322,320869160.2100
2023-02-28,sz.300432,15.3700,15.5000,15.2300,15.4500,15.2200,14748809,226777878.5300
2023-03-01,sz.300432,15.4500,15.4800,15.2800,15.4800,15.4500,16837046,258868379.9500
2023-03-02,sz.300432,15.4700,15.5000,15.1800,15.2200,15.4800,17244963,264091721.6300
2023-03-03,sz.300432,15.2700,15.4700,15.2300,15.3100,15.2200,12512528,191892102.2400
2023-03-06,sz.300432,15.3000,15.3500,14.9400,15.0600,15.3100,17358141,261691609.4200
2023-03-07,sz.300432,15.1000,15.1500,14.8200,14.8200,15.0600,13720093,205034552.7600
2023-03-08,sz.300432,14.8000,14.9600,14.7200,14.9500,14.8200,9191447,136490596.3800
2023-03-09,sz.300432,14.9500,15.0200,14.8600,14.9200,14.9500,8389428,125376135.1200
2023-03-10,sz.300432,14.8500,14.8500,14.4700,14.4800,14.9200,16591243,242077147.3200
2023-03-13,sz.300432,14.4000,14.4800,13.9700,14.1200,14.4800,19050698,269555819.6000
2023-03-14,sz.300432,14.0500,14.1200,13.6900,14.1200,14.1200,18657249,259444912.4900
2023-03-15,sz.300432,14.1500,14.3600,14.1200,14.1400,14.1200,11649020,165718909.9200
2023-03-16,sz.300432,14.0900,14.1400,13.8000,13.8100,14.1400,11082366,154495974.2100
2023-03-17,sz.300432,13.9000,14.0200,13.6900,13.7200,13.8100,14931238,206180433.6700
2023-03-20,sz.300432,13.7800,13.7900,13.4100,13.5700,13.7200,16101516,218463999.7700
2023-03-21,sz.300432,13.6000,13.9300,13.5300,13.9300,13.5700,15185041,208723936.3000
2023-03-22,sz.300432,14.0600,14.1800,13.8500,13.9300,13.9300,15589857,218243274.4200
2023-03-23,sz.300432,13.8000,13.9500,13.7400,13.8500,13.9300,11437967,158186465.1400
2023-03-24,sz.300432,13.8600,13.9700,13.7300,13.8700,13.8500,12131376,168139922.2100
2023-03-27,sz.300432,13.9300,14.0800,13.8000,14.0400,13.8700,15138143,211274628.9200
2023-03-28,sz.300432,14.0400,14.0600,13.7700,13.7800,14.0400,10806392,149700557.9900
2023-03-29,sz.300432,13.7600,13.9700,13.7100,13.8400,13.7800,8930680,123928493.3200
2023-03-30,sz.300432,13.8000,13.8400,13.5200,13.6800,13.8400,10718540,146244311.2300
2023-03-31,sz.300432,13.9500,14.3500,13.8600,13.9600,13.6800,15963617,224466661.0700
2023-04-03,sz.300432,13.9100,13.9700,13.7500,13.8900,13.9600,15533972,215103852.1700
2023-04-04,sz.300432,13.8800,13.8900,13.5100,13.5300,13.8900,17542615,239097800.3400
2023-04-06,sz.300432,13.5200,13.5200,13.1800,13.3900,13.5300,17394718,231319911.9800
2023-04-07,sz.300432,13.3100,13.5100,13.3000,13.3800,13.3900,9199164,123357616.0900
2023-04-10,sz.300432,13.4000,13.6000,13.2400,13.6000,13.3800,14164792,190437400.5800
2023-04-11,sz.300432,13.5300,13.6000,13.4300,13.4600,13.6000,9344121,126137674.9600
2023-04-12,sz.300432,13.4600,13.5000,13.2300,13.2800,13.4600,11191266,149068019.3200
2023-04-13,sz.300432,13.2000,13.2300,12.7800,12.7900,13.2800,21710623,279968053.5600
2023-04-14,sz.300432,12.8300,13.0800,12.7800,12.8500,12.7900,21262643,274573443.3300
2023-04-17,sz.300432,12.8000,13.2900,12.7500,13.0600,12.8500,18512333,242175621.7100
2023-04-18,sz.300432,13.0200,13.2700,13.0100,13.0500,13.0600,12758651,167232310.3500
2023-04-19,sz.300432,13.0800,13.1300,12.8500,12.8700,13.0500,11764161,151781822.7400
2023-04-20,sz.300432,12.8200,12.8300,12.4500,12.5500,12.8700,15258155,191745994.1900
2023-04-21,sz.300432,12.6200,12.7500,12.2500,12.2900,12.5500,13948797,173937869.8200
2023-04-24,sz.300432,12.3600,12.6100,12.1500,12.4000,12.2900,13032343,161137698.5900
2023-04-25,sz.300432,11.8100,11.8100,9.9200,9.9800,12.4000,55185299,563968888.5300
2023-04-26,sz.300432,9.6800,10.3900,9.6800,10.1700,9.9800,31585501,320874046.9800
2023-04-27,sz.300432,10.2000,10.3400,10.0900,10.2300,10.1700,15428059,157377500.7400
2023-04-28,sz.300432,10.2000,10.3900,10.1000,10.1800,10.2300,14836520,151440243.9500
2023-05-04,sz.300432,10.1800,10.3400,10.1200,10.1600,10.1800,13047445,133321296.7900
2023-05-05,sz.300432,10.1200,10.2100,9.9200,9.9800,10.1600,12135295,121643569.8600
2023-05-08,sz.300432,10.0500,10.1800,9.9200,10.0000,9.9800,12808896,128341610.9300
2023-05-09,sz.300432,10.0000,10.0600,9.8100,9.8100,10.0000,14346923,142133783.2100
2023-05-10,sz.300432,9.8200,10.2600,9.7700,10.1500,9.8100,20302968,204013829.3900
2023-05-11,sz.300432,10.1100,10.3100,10.0500,10.2100,10.1500,14852473,151429238.4000
2023-05-12,sz.300432,10.1900,10.3900,9.9600,10.1000,10.2100,16206839,164156668.7400
2023-05-15,sz.300432,10.0500,10.4300,10.0500,10.4300,10.1000,21664950,223573481.2400
2023-05-16,sz.300432,10.4900,10.5600,10.2300,10.3000,10.4300,17187072,177727751.5300
2023-05-17,sz.300432,10.2400,10.3800,10.1800,10.3500,10.3000,11653895,120011429.7200
2023-05-18,sz.300432,10.3000,10.4400,10.2600,10.3500,10.3500,10837372,112208688.7600
2023-05-19,sz.300432,10.2500,10.6500,10.2500,10.5500,10.3500,16911158,177178269.4900
2023-05-22,sz.300432,10.6400,10.6400,10.3900,10.5800,10.5500,11974474,126168180.6400
2023-05-23,sz.300432,10.5300,10.7800,10.5200,10.5800,10.5800,11002425,117196376.8300
2023-05-24,sz.300432,10.5300,10.6800,10.4600,10.4600,10.5800,9076901,95687291.0900
2023-05-25,sz.300432,10.4500,10.5600,10.3600,10.4800,10.4600,8449205,88426974.5500
2023-05-26,sz.300432,10.5700,10.6800,10.2600,10.6300,10.4800,12896309,135306609.9900
2023-05-29,sz.300432,10.6300,10.7000,10.3000,10.4100,10.6300,10999059,114814576.7400
2023-05-30,sz.300432,10.2100,10.4600,10.1100,10.2600,10.2100,9942693,101782244.7100
2023-05-31,sz.300432,10.3000,10.3000,10.1000,10.1100,10.2600,7597620,77107449.5000
2023-06-01,sz.300432,10.1100,10.4000,10.0600,10.2600,10.1100,11363824,116996310.8600
2023-06-02,sz.300432,10.4100,10.6600,10.3000,10.5500,10.2600,14789296,155789843.7400
2023-06-05,sz.300432,10.6400,10.6800,10.4200,10.4800,10.5500,8338550,87673611.5000
2023-06-06,sz.300432,10.4900,10.5000,10.1300,10.1600,10.4800,10583700,108762780.1000
2023-06-07,sz.300432,10.1500,10.2400,9.8800,9.9000,10.1600,12905002,128576042.1200
2023-06-08,sz.300432,9.8800,10.0400,9.7400,9.7700,9.9000,10189484,100532874.0200
2023-06-09,sz.300432,9.8600,10.0300,9.8000,9.8800,9.7700,13115864,129789033.5700
2023-06-12,sz.300432,9.9300,10.3400,9.8500,10.3100,9.8800,18995525,192936048.7600
2023-06-13,sz.300432,10.3400,10.4400,10.2600,10.3800,10.3100,12124077,125691055.9900
2023-06-14,sz.300432,10.4300,10.4500,10.1900,10.1900,10.3800,9981234,102448466.6700
2023-06-15,sz.300432,10.2500,10.5100,10.1300,10.4600,10.1900,15506499,161374083.4700
2023-06-16,sz.300432,10.5900,10.6000,10.3300,10.4000,10.4600,13715043,142851031.3300
2023-06-19,sz.300432,10.3600,10.5500,10.3100,10.3200,10.4000,10725441,111666679.6900
2023-06-20,sz.300432,10.3000,11.6000,10.2300,11.0400,10.3200,48507480,531376829.8200
2023-06-21,sz.300432,10.8800,11.2100,10.7500,10.7900,11.0400,32235329,352551415.1300
2023-06-26,sz.300432,10.7000,11.3600,10.5700,11.1000,10.7900,43088291,479438946.1100
2023-06-27,sz.300432,10.9000,11.0800,10.7500,11.0600,11.1000,29814868,324997830.1600
2023-06-28,sz.300432,11.0000,11.4500,10.6600,11.3700,11.0600,40941539,455554787.7000
2023-06-29,sz.300432,11.2800,12.0300,11.1800,11.8300,11.3700,49930910,584066251.6700
2023-06-30,sz.300432,11.8000,12.2200,11.5600,11.6200,11.8300,48940425,578880640.0700
2023-07-03,sz.300432,11.5300,11.8400,11.3700,11.3900,11.6200,33524767,387536402.9600
2023-07-04,sz.300432,11.3700,11.8800,11.3400,11.5700,11.3900,31610291,368224133.6900
2023-07-05,sz.300432,11.4600,11.5200,11.1400,11.1900,11.5700,27700880,313391426.5000
2023-07-06,sz.300432,11.1500,11.2500,11.0000,11.1300,11.1900,15477245,172037814.9900
2023-07-07,sz.300432,11.1800,11.3800,11.0600,11.1100,11.1300,17640025,198041678.9900
2023-07-10,sz.300432,11.1200,11.4100,11.1100,11.1900,11.1100,14157777,159213962.9900
2023-07-11,sz.300432,11.2000,11.3600,11.0200,11.2900,11.1900,17547566,196520968.5200
2023-07-12,sz.300432,11.2300,11.8600,11.1700,11.6300,11.2900,35704745,414611968.7000
2023-07-13,sz.300432,11.4500,11.6500,11.3700,11.4800,11.6300,21162648,242901039.6400
2023-07-14,sz.300432,11.4900,11.4900,11.1400,11.1600,11.4800,18620269,209366559.7700
2023-07-17,sz.300432,11.0900,11.1100,10.7500,10.8700,11.1600,16412288,178697470.6900
2023-07-18,sz.300432,10.8300,11.0900,10.8000,10.9400,10.8700,10299945,112612165.5700
2023-07-19,sz.300432,10.8700,10.9800,10.7400,10.8000,10.9400,7913755,85688940.7400
2023-07-20,sz.300432,10.8000,10.9800,10.6900,10.7000,10.8000,8458797,91722170.6200
2023-07-21,sz.300432,10.7000,10.7600,10.5000,10.5200,10.7000,9586448,101597349.2800
2023-07-24,sz.300432,10.3400,10.4700,10.2300,10.2800,10.5200,10149800,104917379.0000
2023-07-25,sz.300432,10.3900,10.6700,10.3500,10.5600,10.2800,12266212,129309758.7300
2023-07-26,sz.300432,10.5400,10.6300,10.3900,10.4200,10.5600,6342596,66453584.3900
2023-07-27,sz.300432,10.4200,10.6700,10.3700,10.3700,10.4200,9724257,102379000.6800
2023-07-28,sz.300432,10.3500,10.6300,10.2300,10.5300,10.3700,12105436,126735918.9400
2023-07-31,sz.300432,10.6500,10.7800,10.5500,10.6000,10.5300,10280005,109619946.5400
2023-08-01,sz.300432,10.5600,10.6100,10.4100,10.4400,10.6000,8155729,85509572.8700
2023-08-02,sz.300432,10.4000,10.5200,10.3600,10.4000,10.4400,7128677,74296390.7300
2023-08-03,sz.300432,10.4200,10.4700,10.3600,10.3800,10.4000,5719542,59506526.3700
2023-08-04,sz.300432,10.4100,10.4900,10.3600,10.4100,10.3800,6861507,71464892.3900
2023-08-07,sz.300432,10.3800,10.4500,10.3000,10.3100,10.4100,6096718,63107774.1200
2023-08-08,sz.300432,10.3100,10.3800,10.2100,10.2500,10.3100,5751857,59038618.3700
2023-08-09,sz.300432,10.2000,10.3400,10.1400,10.2300,10.2500,8326018,85184006.1600
2023-08-10,sz.300432,10.2400,10.2900,10.1700,10.2100,10.2300,4370350,44681876.5000
2023-08-11,sz.300432,10.2100,10.8000,10.2100,10.5000,10.2100,27016262,286337060.4400
2023-08-14,sz.300432,10.3900,10.5600,10.0600,10.3800,10.5000,15982854,164019148.6000
2023-08-15,sz.300432,10.3800,10.6200,10.2700,10.3100,10.3800,14694702,153645940.7800
2023-08-16,sz.300432,10.2400,10.3300,9.8900,9.9000,10.3100,15082200,151082107.5000
2023-08-17,sz.300432,9.8500,10.2500,9.7800,10.1300,9.9000,11080062,111247439.1700
2023-08-18,sz.300432,10.0600,10.1600,9.7200,9.7400,10.1300,12469051,123381101.2800
2023-08-21,sz.300432,9.7000,9.8000,9.6100,9.6100,9.7400,6119150,59377422.0000
2023-08-22,sz.300432,9.7000,9.7700,9.2100,9.4700,9.6100,11839651,112024941.9600
2023-08-23,sz.300432,9.4400,9.4500,9.1500,9.1600,9.4700,8391405,77652662.3200
2023-08-24,sz.300432,9.2200,9.2800,9.0200,9.0400,9.1600,8875230,81005582.0700
2023-08-25,sz.300432,9.0500,9.1000,8.7500,8.8400,9.0400,10268394,91657476.8400
2023-08-28,sz.300432,9.3500,9.4000,8.7200,8.8300,8.8400,14129681,128110884.5000
2023-08-29,sz.300432,8.8500,9.2600,8.8300,9.1800,8.8300,12973104,118169461.6200
2023-08-30,sz.300432,9.1800,9.2800,9.1300,9.1600,9.1800,9024856,82982803.1800
2023-08-31,sz.300432,9.2900,9.6500,9.2900,9.4500,9.1600,22772965,215396807.6200
2023-09-01,sz.300432,9.3200,9.5100,9.2500,9.3500,9.4500,8901601,83134854.5700
2023-09-04,sz.300432,9.4000,9.5800,9.3800,9.5800,9.3500,10016525,95167978.5000
2023-09-05,sz.300432,9.5400,9.6500,9.4800,9.5200,9.5800,8889563,84906732.6300
2023-09-06,sz.300432,9.5100,9.5700,9.4100,9.5200,9.5200,7409400,70304716.0000
2023-09-07,sz.300432,9.4800,9.5100,9.3000,9.3000,9.5200,7693299,72086401.6700
2023-09-08,sz.300432,9.2600,9.3700,9.2400,9.2600,9.3000,5545295,51512181.9500
2023-09-11,sz.300432,9.2800,9.5100,9.2100,9.4800,9.2600,9729150,91601745.0000
2023-09-12,sz.300432,9.4800,9.6600,9.4600,9.5900,9.4800,9130000,87358247.9300
2023-09-13,sz.300432,9.5300,9.5600,9.2600,9.3300,9.5900,8356650,78371294.5200
2023-09-14,sz.300432,9.2800,9.3300,9.1600,9.2000,9.3300,6783500,62496722.5000
2023-09-15,sz.300432,9.2100,9.2900,9.1200,9.2000,9.2000,5616640,51581357.9000
2023-09-18,sz.300432,9.1400,9.9500,9.0800,9.8900,9.2000,33801880,327771470.8000
2023-09-19,sz.300432,9.8100,9.8700,9.5300,9.6200,9.8900,21603439,208366313.2300
2023-09-20,sz.300432,9.5500,9.6000,9.1700,9.1700,9.6200,17956255,167594263.4600
2023-09-21,sz.300432,9.2000,9.2600,9.0700,9.1500,9.1700,9005838,82470290.3900
2023-09-22,sz.300432,9.1100,10.9800,9.0900,10.4100,9.1500,76124337,787151065.2500
2023-09-25,sz.300432,10.4100,10.5400,10.2000,10.3600,10.4100,54523143,564637126.9300
2023-09-26,sz.300432,10.3000,10.6200,10.1800,10.4100,10.3600,49968621,520049498.3100
2023-09-27,sz.300432,10.3100,10.3900,10.0800,10.1000,10.4100,33434474,340603870.4200
2023-09-28,sz.300432,10.1100,10.3700,10.0700,10.1200,10.1000,23692163,240977443.5300
2023-10-09,sz.300432,10.4600,11.0500,10.4000,10.9300,10.1200,64801653,699415139.6000
2023-10-10,sz.300432,10.8000,11.0900,10.7100,10.9300,10.9300,42109194,457011198.1300
2023-10-11,sz.300432,10.8400,10.8900,10.5800,10.6500,10.9300,29786241,318765771.1000
2023-10-12,sz.300432,10.7000,11.7300,10.5800,11.2300,10.6500,69761239,780460697.3200
2023-10-13,sz.300432,11.1800,11.6000,11.0600,11.4000,11.2300,55305508,625518383.7600
2023-10-16,sz.300432,11.2100,11.4400,10.9600,11.1500,11.4000,35711391,398669773.9100
2023-10-17,sz.300432,11.0200,11.0500,10.6200,10.7200,11.1500,28559845,307490063.3600
2023-10-18,sz.300432,10.6500,11.4100,10.5300,11.2400,10.7200,52725512,585758753.8600
2023-10-19,sz.300432,10.8800,11.0400,10.6000,10.6200,11.2400,34253618,370613929.5900
2023-10-20,sz.300432,10.5200,11.3900,10.5000,10.8000,10.6200,29370125,322312150.1400
2023-10-23,sz.300432,10.8400,11.1700,10.5600,10.7400,10.8000,32170576,351016824.6400
2023-10-24,sz.300432,10.7700,10.7900,10.3800,10.4300,10.7400,27038712,284776111.7600
2023-10-25,sz.300432,10.4400,10.7200,10.3900,10.4500,10.4300,21572815,227252731.9200
2023-10-26,sz.300432,10.4000,11.3300,10.2200,11.2900,10.4500,64302974,702908030.0700
2023-10-27,sz.300432,11.1100,11.5100,11.1100,11.2900,11.2900,44258542,499955406.5000
2023-10-30,sz.300432,11.1500,11.3300,11.0000,11.2000,11.2900,30572541,340296290.2800
2023-10-31,sz.300432,10.8100,10.8200,10.5200,10.5900,11.2000,35643802,379723763.1000
2023-11-01,sz.300432,10.5800,10.8700,10.5400,10.6200,10.5900,24414940,261148092.5900
2023-11-02,sz.300432,10.5200,10.8500,10.5200,10.5600,10.6200,20276279,216699160.4400
2023-11-03,sz.300432,10.5800,10.9400,10.5800,10.8000,10.5600,25287511,274158514.4800
2023-11-06,sz.300432,10.8000,11.0900,10.7900,11.0900,10.8000,29237574,321140144.0300
2023-11-07,sz.300432,11.0800,11.2500,10.9800,11.1900,11.0900,31843036,354949107.3000
2023-11-08,sz.300432,11.2000,11.2000,10.8800,11.0300,11.1900,26419599,290738919.0700
2023-11-09,sz.300432,11.0300,11.0600,10.8500,10.8700,11.0300,17020870,185743181.8400
2023-11-10,sz.300432,10.8000,10.9400,10.6800,10.8700,10.8700,16439550,177637398.9500
2023-11-13,sz.300432,10.9500,11.2000,10.8900,11.1200,10.8700,23280365,257859653.4200
2023-11-14,sz.300432,11.2000,11.2500,11.0300,11.2200,11.1200,23725164,264597339.4200
2023-11-15,sz.300432,11.3500,11.8800,11.1800,11.8500,11.2200,64367591,744955635.4700
2023-11-16,sz.300432,11.8600,12.0400,11.7100,11.7300,11.8500,48387941,573754984.9900
2023-11-17,sz.300432,11.6000,12.4400,11.5100,12.1600,11.7300,56935183,689041703.8100
2023-11-20,sz.300432,12.1600,13.2800,11.9000,12.8000,12.1600,72087646,906259297.3000
2023-11-21,sz.300432,12.8300,13.0500,12.3500,12.3900,12.8000,49223166,623066508.3100
2023-11-22,sz.300432,12.3900,12.6700,11.9900,12.0000,12.3900,35415495,434149875.4000
2023-11-23,sz.300432,12.0000,12.8000,12.0000,12.5400,12.0000,46458003,578560047.2700
2023-11-24,sz.300432,12.4800,12.5000,12.0100,12.0500,12.5400,29004703,354132331.3500
2023-11-27,sz.300432,12.0500,12.1700,11.6200,11.8200,12.0500,23356476,275755786.2700
2023-11-28,sz.300432,11.8800,12.4900,11.7600,12.4100,11.8200,36565691,445800679.9800
2023-11-29,sz.300432,12.4300,13.0400,12.2800,12.5900,12.4100,53309601,677549140.5800
2023-11-30,sz.300432,12.8200,13.0800,12.3300,12.6000,12.5900,46039349,586181898.3700
2023-12-01,sz.300432,12.4700,12.5900,12.0600,12.1700,12.6000,32284314,393461844.7500
2023-12-04,sz.300432,12.1700,12.2200,11.9000,11.9400,12.1700,21061417,253358230.1200
2023-12-05,sz.300432,11.8200,12.0500,11.6600,11.6800,11.9400,18311079,216192056.1200
2023-12-06,sz.300432,11.6800,12.0800,11.4500,11.5000,11.6800,32232598,380282740.3700
2023-12-07,sz.300432,11.4600,11.4600,11.0300,11.1000,11.5000,31093193,348157446.5300
2023-12-08,sz.300432,11.1000,11.1700,10.6700,10.9500,11.1000,37247669,403740069.0600
2023-12-11,sz.300432,10.9500,10.9500,10.3600,10.7200,10.9500,32456081,343891784.6800
2023-12-12,sz.300432,10.6800,10.8000,10.5800,10.7700,10.7200,15980474,171237103.5700
2023-12-13,sz.300432,10.7700,11.1200,10.5100,10.9200,10.7700,29334673,318229419.7400
2023-12-14,sz.300432,10.9000,11.0200,10.6300,10.6600,10.9200,17268553,186179228.0900
2023-12-15,sz.300432,10.7200,10.7600,10.3800,10.4000,10.6600,17227769,181138293.3200
2023-12-18,sz.300432,10.3700,10.6300,10.2000,10.4200,10.4000,12922564,135130660.3300
2023-12-19,sz.300432,10.4000,10.5200,10.3100,10.4900,10.4200,9832383,102512742.6800
2023-12-20,sz.300432,10.4800,10.5200,10.1400,10.1400,10.4900,13198553,135856893.0200
2023-12-21,sz.300432,10.1800,10.2600,9.9900,10.2200,10.1400,13043227,132195512.1800
2023-12-22,sz.300432,10.2100,10.4700,10.0900,10.3000,10.2200,14075486,144758593.0800
2023-12-25,sz.300432,10.2600,10.4100,10.2200,10.3700,10.3000,10297100,106390860.7500
2023-12-26,sz.300432,10.4000,10.4000,9.9000,9.9300,10.3700,14177917,142863650.1400
2023-12-27,sz.300432,9.9200,10.1300,9.9100,10.0600,9.9300,10033259,100399121.5000
2023-12-28,sz.300432,10.0500,10.5000,9.9800,10.4300,10.0600,19172583,198028922.8200
2023-12-29,sz.300432,10.4300,10.5400,10.4000,10.5000,10.4300,13134920,137622317.5300
2024-01-02,sz.300432,10.4900,10.5700,10.3300,10.3300,10.5000,11538825,120267141.0000
2024-01-03,sz.300432,10.3200,10.3300,10.0600,10.1200,10.3300,11583674,117774366.0500
2024-01-04,sz.300432,10.1200,10.2000,10.0100,10.1200,10.1200,9243242,93351184.3800
2024-01-05,sz.300432,10.1300,10.2800,9.8700,9.9300,10.1200,11502342,115934890.2800
2024-01-08,sz.300432,9.9000,9.9300,9.5100,9.5300,9.9300,15481749,149799146.9000
2024-01-09,sz.300432,9.5000,9.6300,9.3100,9.4400,9.5300,14483342,136942414.2900
2024-01-10,sz.300432,9.4300,9.5400,9.2400,9.3400,9.4400,8771483,82285690.5500
2024-01-11,sz.300432,9.3400,9.6800,9.2900,9.5800,9.3400,11886796,112607409.0200
2024-01-12,sz.300432,9.5800,9.7400,9.5200,9.5600,9.5800,8747365,84152174.2900
2024-01-15,sz.300432,9.4900,9.4900,9.2500,9.2800,9.5600,11710660,109161956.3400
2024-01-16,sz.300432,9.3000,9.4000,9.2100,9.3600,9.2800,8617995,80087917.7000
2024-01-17,sz.300432,9.3400,9.3700,9.0800,9.0800,9.3600,7894849,72692700.8400
2024-01-18,sz.300432,9.0200,9.1000,8.7400,9.0000,9.0800,13568118,120648035.7200
2024-01-19,sz.300432,8.9700,9.1400,8.8000,8.8600,9.0000,9880176,88341165.3200
2024-01-22,sz.300432,8.8600,8.9000,8.2500,8.3500,8.8600,12493150,107263186.9600
2024-01-23,sz.300432,8.3100,8.4400,8.1900,8.3000,8.3500,11502955,95513394.2500
2024-01-24,sz.300432,8.3900,8.4800,7.9500,8.2800,8.3000,14982395,122416422.9100
2024-01-25,sz.300432,8.3300,8.4600,8.1600,8.4500,8.2800,15190525,126737941.7500
2024-01-26,sz.300432,8.4300,8.4900,8.1400,8.1700,8.4500,13740599,113819711.3300
2024-01-29,sz.300432,8.2200,8.2400,7.8400,7.8600,8.1700,15440861,122932546.4600
2024-01-30,sz.300432,7.8800,7.9100,7.5100,7.5400,7.8600,13289961,102423475.1100
2024-01-31,sz.300432,7.1100,7.3700,6.7900,6.9200,7.5400,30669722,216403523.8900
2024-02-01,sz.300432,7.0000,7.1700,6.8700,6.9900,6.9200,18646061,130983151.6300
2024-02-02,sz.300432,7.1000,7.1300,6.2900,6.5600,6.9900,22575700,150404628.0000
2024-02-05,sz.300432,6.4900,6.4900,5.7300,5.8100,6.5600,29267724,176277571.6500
2024-02-06,sz.300432,5.6700,6.3000,5.5300,6.2100,5.8100,26037186,154981489.4500
2024-02-07,sz.300432,6.2500,7.4500,6.2500,7.4500,6.2100,38015213,276235519.5700
2024-02-08,sz.300432,7.4900,7.5800,7.1100,7.4200,7.4500,58062453,424837760.6700
2024-02-19,sz.300432,7.3100,7.5400,7.2200,7.3700,7.4200,33133524,244290218.4900
2024-02-20,sz.300432,7.2500,7.4000,7.1700,7.3800,7.3700,20003767,146086462.8800
2024-02-21,sz.300432,7.3100,7.9400,7.2500,7.6200,7.3800,41095361,315023395.7200
2024-02-22,sz.300432,7.6000,7.7500,7.5300,7.7400,7.6200,24802616,189834471.8500
2024-02-23,sz.300432,7.7300,8.1000,7.6500,8.0600,7.7400,35078119,276326455.9500
2024-02-26,sz.300432,8.0400,8.2600,7.9400,8.1000,8.0600,32533207,263675190.3400
2024-02-27,sz.300432,8.1600,8.4200,8.0900,8.4200,8.1000,31554168,261897518.3100
2024-02-28,sz.300432,8.3600,8.6500,7.7700,7.8000,8.4200,46252566,382562086.6300
2024-02-29,sz.300432,7.6600,8.1900,7.6100,8.1900,7.8000,27167021,218593069.7600
2024-03-01,sz.300432,8.2400,8.3500,8.0900,8.2800,8.1900,21234083,174775020.9300
2024-03-04,sz.300432,8.2900,8.3200,8.0300,8.1100,8.2800,18957174,154076503.5900
2024-03-05,sz.300432,8.0200,8.1100,7.8800,8.0200,8.1100,17152788,137127021.1200
2024-03-06,sz.300432,7.9900,8.1600,7.8200,8.0600,8.0200,14670561,117741590.5000
2024-03-07,sz.300432,8.1400,8.2800,7.8800,7.8800,8.0600,18380204,148884322.4100
2024-03-08,sz.300432,7.9400,8.0200,7.7800,7.9000,7.8800,11158906,87886934.8800
2024-03-11,sz.300432,7.8700,8.5400,7.8600,8.4400,7.9000,43718690,361992263.5000
2024-03-12,sz.300432,8.3700,8.5600,8.2800,8.4400,8.4400,32233443,270448773.6200
2024-03-13,sz.300432,8.4300,8.5000,8.3300,8.3800,8.4400,18244869,153384117.1500
2024-03-14,sz.300432,8.3600,8.4800,8.1700,8.3000,8.3800,18181483,151205517.8500
2024-03-15,sz.300432,8.2500,8.3900,8.2000,8.3900,8.3000,16540133,137141017.7100
2024-03-18,sz.300432,8.4700,8.6100,8.3900,8.5200,8.3900,20184734,170948810.0900
2024-03-19,sz.300432,8.4900,8.5900,8.4000,8.4100,8.5200,16643505,141061791.9800
2024-03-20,sz.300432,8.4100,8.5400,8.3800,8.4700,8.4100,13820693,116835756.0100
2024-03-21,sz.300432,8.4400,8.5100,8.3000,8.3600,8.4700,15983328,134091049.3900
2024-03-22,sz.300432,8.3900,8.4200,8.0700,8.1000,8.3600,18564565,151840534.8000
2024-03-25,sz.300432,8.0500,8.1100,7.7500,7.7600,8.1000,19588186,155295925.1600
2024-03-26,sz.300432,7.7600,7.9600,7.7000,7.9000,7.7600,19202873,150657520.8000
2024-03-27,sz.300432,7.9000,7.9200,7.3600,7.3600,7.9000,19256077,146132894.1200
2024-03-28,sz.300432,7.4200,7.5900,7.3600,7.5000,7.3600,14910600,111671327.0000
2024-03-29,sz.300432,7.5700,7.6800,7.3800,7.4700,7.5000,12613641,94582881.4200
2024-04-01,sz.300432,7.4700,8.0800,7.4700,7.8700,7.4700,25661559,201372042.8700
2024-04-02,sz.300432,7.8400,7.9100,7.6700,7.8600,7.8700,17869969,139308775.6500
2024-04-03,sz.300432,7.8800,7.9300,7.6400,7.6600,7.8600,15797391,122465848.8000
2024-04-08,sz.300432,7.6500,7.7700,7.4500,7.4700,7.6600,14023634,106352544.6600
2024-04-09,sz.300432,7.5000,7.8400,7.4600,7.7700,7.4700,17527178,134939856.6800
2024-04-10,sz.300432,7.7300,7.7700,7.4100,7.4900,7.7700,14083693,105938555.5700
2024-04-11,sz.300432,7.3600,7.5300,7.3100,7.3900,7.4900,11636931,86409575.5400
2024-04-12,sz.300432,7.4500,7.4900,7.1800,7.1900,7.3900,13788415,100765692.6500
2024-04-15,sz.300432,7.1300,7.3100,6.7200,6.8900,7.1900,20940041,145837576.6000
2024-04-16,sz.300432,6.8900,6.8900,6.3500,6.3600,6.8900,21825742,142079474.5100
2024-04-17,sz.300432,6.4500,6.9600,6.4500,6.9500,6.3600,19321242,130953815.7100
2024-04-18,sz.300432,6.9300,7.0400,6.7200,6.8600,6.9500,14676036,101451624.6300
2024-04-19,sz.300432,6.8200,6.8800,6.6500,6.7400,6.8600,11140057,75149531.5400
2024-04-22,sz.300432,6.7900,6.9500,6.5500,6.7800,6.7400,14976587,101706943.2000
2024-04-23,sz.300432,6.8800,6.9200,6.6900,6.7600,6.7800,11197910,76065662.9000
2024-04-24,sz.300432,6.8200,6.9500,6.6500,6.9500,6.7600,15028794,103101399.2500
2024-04-25,sz.300432,6.9500,7.1200,6.9100,7.0200,6.9500,11754534,82646821.5900
2024-04-26,sz.300432,7.0100,7.3400,6.9800,7.3400,7.0200,16853326,121601605.3800
2024-04-29,sz.300432,7.6700,8.0000,7.5800,7.9100,7.3400,33547051,263452685.8700
2024-04-30,sz.300432,7.9200,8.0000,7.8500,7.9200,7.9100,20892432,165372932.2200
2024-05-06,sz.300432,8.0000,8.1800,7.9400,7.9600,7.9200,20640050,165651807.7700
2024-05-07,sz.300432,7.9400,8.0400,7.8900,8.0000,7.9600,15980358,127393475.0000
2024-05-08,sz.300432,7.9300,8.0500,7.8900,7.8900,8.0000,14370655,114592787.2000
2024-05-09,sz.300432,8.0000,8.2600,8.0000,8.1700,7.8900,23736898,193834661.5700
2024-05-10,sz.300432,8.1200,8.1700,7.9200,7.9400,8.1700,17283385,138204320.9200
2024-05-13,sz.300432,7.8300,7.8900,7.6100,7.7300,7.9400,13819700,107501095.2000
2024-05-14,sz.300432,7.7300,7.9000,7.7200,7.7300,7.7300,10212680,79331911.6000
2024-05-15,sz.300432,7.7400,7.7900,7.6500,7.6500,7.7300,8603200,66278471.5000
2024-05-16,sz.300432,7.6600,7.7600,7.5700,7.5900,7.6500,10032023,76696671.7100
2024-05-17,sz.300432,7.5500,7.7600,7.5300,7.7500,7.5900,10226325,78278200.8500
2024-05-20,sz.300432,7.7300,7.8500,7.6800,7.7700,7.7500,9585700,74494861.9100
2024-05-21,sz.300432,7.7400,7.7900,7.5700,7.6400,7.7700,8561525,65521357.6000
2024-05-22,sz.300432,7.7000,7.7800,7.6200,7.7500,7.6400,8576055,66153752.4000
2024-05-23,sz.300432,7.7000,7.7200,7.4900,7.5100,7.7500,10023641,76012801.3500
2024-05-24,sz.300432,7.5800,7.5800,7.3400,7.3400,7.5100,10715848,79436841.6400
2024-05-27,sz.300432,7.4100,7.4300,7.2100,7.4200,7.3400,10097150,73887858.5000
2024-05-28,sz.300432,7.4100,7.5000,7.3100,7.3300,7.4200,8269200,61145099.5000
2024-05-29,sz.300432,7.3500,7.6600,7.3500,7.4900,7.3300,16473015,123497617.5100
2024-05-30,sz.300432,7.4500,7.5800,7.4200,7.5000,7.4900,11929599,89438294.1400
2024-05-31,sz.300432,7.5500,7.6500,7.5100,7.5200,7.5000,11131400,84367354.0000
2024-06-03,sz.300432,7.5200,7.5400,7.2700,7.3300,7.5200,12614952,93008947.9400
2024-06-04,sz.300432,7.3400,7.3600,7.1300,7.2600,7.3300,11188335,80717329.1700
2024-06-05,sz.300432,7.2800,7.4100,7.1900,7.2000,7.2600,9840660,71890403.1200
2024-06-06,sz.300432,7.2000,7.2400,6.8000,6.9000,7.2000,14602400,101680946.3600
2024-06-07,sz.300432,6.9900,7.0500,6.8000,6.9000,6.9000,8957659,62044136.1100
2024-06-11,sz.300432,6.8400,7.0300,6.7700,7.0200,6.9000,11704818,81019781.5200
2024-06-12,sz.300432,6.9900,7.1200,6.9500,7.0200,7.0200,7897042,55643965.1800
2024-06-13,sz.300432,7.0200,7.0800,6.9100,6.9600,7.0200,7228274,50435643.5400
2024-06-14,sz.300432,6.8800,7.0200,6.8400,6.9900,6.9600,8713750,60449618.0000
2024-06-17,sz.300432,6.9700,7.1200,6.9100,7.0500,6.9900,9512261,67035300.9800
2024-06-18,sz.300432,7.1000,7.2300,7.0200,7.2100,7.0500,10052225,71991948.7500
2024-06-19,sz.300432,7.1900,7.2300,7.0600,7.0700,7.2100,8953810,63721414.7000
2024-06-20,sz.300432,7.0200,7.0700,6.7400,6.7700,7.0700,10252068,70415019.6600
2024-06-21,sz.300432,6.7500,7.1500,6.6500,6.9400,6.7700,17847973,122961852.0200
2024-06-24,sz.300432,6.6100,6.6400,6.3800,6.4000,6.9400,28561906,185401047.7100
2024-06-25,sz.300432,6.4200,6.6400,6.3800,6.4600,6.4000,17333989,112916403.7000
2024-06-26,sz.300432,6.4000,6.8100,6.3100,6.8000,6.4600,18108922,119272276.0800
2024-06-27,sz.300432,6.7900,6.7900,6.4600,6.4700,6.8000,14755825,97106971.2500
2024-06-28,sz.300432,6.4700,6.6200,6.4300,6.4400,6.4700,11273846,73588634.2100
2024-07-01,sz.300432,6.4700,6.5800,6.3500,6.5700,6.4400,12470975,80607576.2500
2024-07-02,sz.300432,6.5600,6.6300,6.4700,6.5200,6.5700,9085900,59449990.0000
2024-07-03,sz.300432,6.4800,6.6000,6.4400,6.5000,6.5200,8405947,54823639.8000
2024-07-04,sz.300432,6.4900,6.5600,6.2700,6.3000,6.5000,11352660,72482129.5200
2024-07-05,sz.300432,6.3000,6.3900,6.1800,6.3600,6.3000,7505880,47200884.5000
2024-07-08,sz.300432,6.3300,6.3400,6.0900,6.1400,6.3600,10489508,64889047.1900
2024-07-09,sz.300432,6.1300,6.3100,6.0000,6.2700,6.1400,11682352,71985133.7200
2024-07-10,sz.300432,6.2600,6.4900,6.2100,6.3400,6.2700,10603530,67788964.7000
2024-07-11,sz.300432,6.4500,6.6500,6.4500,6.6000,6.3400,13897109,91408680.5700
2024-07-12,sz.300432,6.5900,6.6700,6.5500,6.6500,6.6000,9654370,63833780.9000
2024-07-15,sz.300432,6.6500,6.6700,6.4600,6.5000,6.6500,8799130,57380182.4000
2024-07-16,sz.300432,6.4800,6.5500,6.4200,6.5000,6.5000,6953587,45145195.5100
2024-07-17,sz.300432,6.5000,6.5300,6.4000,6.4200,6.5000,8291910,53485939.3000
2024-07-18,sz.300432,6.3600,6.3600,6.1900,6.3000,6.4200,9358850,58751084.5000
2024-07-19,sz.300432,6.2900,6.4000,6.2100,6.2800,6.3000,7840256,49360197.2800
2024-07-22,sz.300432,6.4500,6.4500,6.1900,6.2400,6.2800,11464980,71896862.8000
2024-07-23,sz.300432,6.2600,6.2800,6.0800,6.0800,6.2400,9377085,58044238.1800
2024-07-24,sz.300432,6.0500,6.1100,5.8900,5.9000,6.0800,10721653,64043238.5600
2024-07-25,sz.300432,5.9000,6.0800,5.8500,6.0300,5.9000,9001110,53869257.3000
2024-07-26,sz.300432,6.0200,6.2200,5.9800,6.1500,6.0300,7811369,47988271.8800
2024-07-29,sz.300432,6.1700,6.2000,6.0700,6.1700,6.1500,8033503,49415283.9300
2024-07-30,sz.300432,6.1700,6.2000,6.0500,6.1600,6.1700,7702156,47303039.1200
2024-07-31,sz.300432,6.1400,6.4900,6.1200,6.4900,6.1600,14593343,93054778.6500
2024-08-01,sz.300432,6.5000,6.5600,6.4000,6.4800,6.4900,9644315,62397719.4500
2024-08-02,sz.300432,6.4100,6.5100,6.3100,6.3600,6.4800,7563500,48602504.0000
2024-08-05,sz.300432,6.3600,6.4600,6.1500,6.1600,6.3600,10277105,64663601.6500
2024-08-06,sz.300432,6.2200,6.3200,6.1300,6.2200,6.1600,7933109,49224099.0600
2024-08-07,sz.300432,6.2200,6.2500,6.1500,6.2000,6.2200,6576705,40807255.4500
2024-08-08,sz.300432,6.1700,6.2300,6.0700,6.1800,6.2000,7162010,44023849.2000
2024-08-09,sz.300432,6.1700,6.2800,6.0800,6.0800,6.1800,6650050,41024729.9500
2024-08-12,sz.300432,6.0900,6.1300,6.0100,6.0300,6.0800,6750180,40797750.8000
2024-08-13,sz.300432,6.2000,7.0800,6.0800,6.5900,6.0300,47163768,303994124.2700
2024-08-14,sz.300432,6.5000,6.6600,6.3900,6.4500,6.5900,36319455,235759101.2900
2024-08-15,sz.300432,6.3600,6.5600,6.3000,6.4900,6.4500,24196806,156139666.5100
2024-08-16,sz.300432,6.4400,6.5400,6.3700,6.3800,6.4900,16901384,108781390.1200
2024-08-19,sz.300432,6.3800,6.4500,6.2700,6.4000,6.3800,15067630,96307005.4000
2024-08-20,sz.300432,6.4000,6.4700,6.2300,6.2700,6.4000,16899437,107250371.8800
2024-08-21,sz.300432,6.2100,6.4200,6.1600,6.3200,6.2700,12572737,79064306.7300
2024-08-22,sz.300432,6.3200,6.5500,6.3000,6.4800,6.3200,26069667,167666946.9800
2024-08-23,sz.300432,6.4400,6.4900,6.2600,6.4700,6.4800,20100646,128197143.3400
2024-08-26,sz.300432,6.6000,6.6900,6.4200,6.5500,6.4700,30712767,201307540.5400
2024-08-27,sz.300432,6.5200,6.5400,6.1900,6.2200,6.5500,21529721,135838853.9700
2024-08-28,sz.300432,6.1500,6.3200,6.1200,6.2200,6.2200,11537323,71959526.7100
2024-08-29,sz.300432,6.2000,6.6000,6.1600,6.5600,6.2200,29060079,187955327.1100
2024-08-30,sz.300432,6.5400,6.8200,6.5000,6.6800,6.5600,30742750,205386998.0000
2024-09-02,sz.300432,6.6700,6.8000,6.6000,6.6200,6.6800,21323905,142752108.7500
2024-09-03,sz.300432,6.6000,6.9100,6.5800,6.7900,6.6200,24265850,164735878.0000
2024-09-04,sz.300432,6.7500,6.9600,6.7300,6.8200,6.7900,26338889,180825375.4800
2024-09-05,sz.300432,6.7800,6.9200,6.7200,6.7700,6.8200,17888293,121472917.7500
2024-09-06,sz.300432,6.7900,7.1200,6.6400,6.8900,6.7700,34021583,233139933.1700
2024-09-09,sz.300432,6.7600,6.9300,6.7100,6.7600,6.8900,20175450,137012257.0000
2024-09-10,sz.300432,6.7700,6.8300,6.5600,6.7000,6.7600,16465704,109616820.9800
2024-09-11,sz.300432,6.6600,6.8800,6.6000,6.8500,6.7000,20879932,142239422.9200
2024-09-12,sz.300432,6.8200,6.9100,6.7800,6.8100,6.8500,15119356,103488353.4000
2024-09-13,sz.300432,6.7700,6.8600,6.5800,6.6100,6.8100,13957100,92760012.0000
2024-09-18,sz.300432,6.5800,6.6000,6.3300,6.4400,6.6100,12139957,78049709.6500
2024-09-19,sz.300432,6.5600,6.7100,6.4400,6.5800,6.4400,12287117,80918184.2200
2024-09-20,sz.300432,6.5800,6.6000,6.4600,6.5200,6.5800,11864505,77395706.7500
2024-09-23,sz.300432,6.5200,6.8000,6.4700,6.6700,6.5200,15972650,106718436.4500
2024-09-24,sz.300432,6.7100,6.8800,6.5600,6.8800,6.6700,24731265,167395336.0000
2024-09-25,sz.300432,6.9100,7.2000,6.9000,6.9700,6.8800,32279205,227860092.9700
2024-09-26,sz.300432,6.9600,7.4100,6.9000,7.4000,6.9700,37189634,268649522.3600
2024-09-27,sz.300432,7.5200,8.2000,7.4000,7.9200,7.4000,49425538,383397650.2400
2024-09-30,sz.300432,8.3000,9.4600,8.2100,9.3500,7.9200,68966722,605820516.6200
2024-10-08,sz.300432,11.2000,11.2200,10.1100,11.2200,9.3500,87882589,951634921.6400
2024-10-09,sz.300432,10.8000,11.4900,10.0100,10.1400,11.2200,77645610,839232883.0400
2024-10-10,sz.300432,10.1700,10.4800,9.7100,9.8000,10.1400,51405581,517551863.9000
2024-10-11,sz.300432,10.2500,11.0000,9.6600,10.4000,9.8000,74663006,763228880.3600
2024-10-14,sz.300432,10.1000,10.2900,9.5700,10.2700,10.4000,62790876,626583003.8100
2024-10-15,sz.300432,10.1000,10.6600,9.9000,10.0900,10.2700,55442509,574098872.6800
2024-10-16,sz.300432,9.7200,10.7500,9.7100,10.6200,10.0900,71248599,745632631.1900
2024-10-17,sz.300432,10.6200,10.9300,10.1900,10.2600,10.6200,60807338,640552910.2000
2024-10-18,sz.300432,10.1700,11.9900,10.1000,11.5600,10.2600,105543379,1167657684.0300
2024-10-21,sz.300432,11.5900,12.6100,11.5900,12.1700,11.5600,101778782,1247456124.2100
2024-10-22,sz.300432,12.1200,12.2400,11.4500,11.6700,12.1700,65979744,777636072.2200
2024-10-23,sz.300432,11.6400,12.2900,11.5200,12.1400,11.6700,62169311,744674535.1500
2024-10-24,sz.300432,12.1200,12.9500,12.0100,12.6300,12.1400,80067905,1002474969.2300
2024-10-25,sz.300432,12.5800,14.0000,12.4100,13.3700,12.6300,91319602,1216936475.6900
2024-10-28,sz.300432,13.2200,13.3900,13.0000,13.2500,13.3700,53048781,698000038.3400
2024-10-29,sz.300432,13.3700,13.7800,13.1300,13.2900,13.2500,55104470,740250146.2500
2024-10-30,sz.300432,13.2900,13.8600,12.3000,12.8800,13.2900,82705615,1071948203.8700
2024-10-31,sz.300432,12.8400,13.1500,12.5100,12.8300,12.8800,51313564,658063193.5600
2024-11-01,sz.300432,12.9000,13.2500,12.3800,12.8500,12.8300,53349707,677214399.4700
2024-11-04,sz.300432,13.8800,15.4200,13.5200,15.4200,12.8500,144599818,2177360339.8900
2024-11-05,sz.300432,15.0000,16.5000,14.5300,15.5400,15.4200,171755022,2663141938.8200
2024-11-06,sz.300432,15.9500,16.7400,15.3900,15.6300,15.5400,130123836,2084359451.2600
2024-11-07,sz.300432,15.2500,15.9200,14.9600,15.2700,15.6300,75817074,1152758836.2100
2024-11-08,sz.300432,15.2800,15.6800,15.0200,15.1000,15.2700,66981645,1030670731.5300
2024-11-11,sz.300432,14.8700,16.1600,14.8400,15.9900,15.1000,80269550,1246969175.9600
2024-11-12,sz.300432,15.9900,16.4900,15.2700,15.4800,15.9900,57285016,902875067.5100
2024-11-13,sz.300432,15.2800,15.6300,14.8900,15.5000,15.4800,36842585,560505074.7300
2024-11-14,sz.300432,15.6900,15.7300,14.5300,14.5700,15.5000,40577892,609453328.7100
2024-11-15,sz.300432,14.2800,14.7100,14.0000,14.1700,14.5700,43094544,617909296.7900
2024-11-18,sz.300432,14.0600,14.5500,13.5200,13.6500,14.1700,50246626,704721341.6600
2024-11-19,sz.300432,13.6300,14.2800,13.4100,14.2100,13.6500,46429945,643247229.1700
2024-11-20,sz.300432,14.2500,15.5000,14.2000,15.1500,14.2100,65933947,983185291.4600
2024-11-21,sz.300432,15.1100,15.5500,14.7600,15.3000,15.1500,50854382,777520817.3500
2024-11-22,sz.300432,15.4800,15.5300,14.7100,14.7100,15.3000,39084205,590280097.8300
2024-11-25,sz.300432,15.0000,16.3100,15.0000,15.8500,14.7100,80230729,1264287948.7300
2024-11-26,sz.300432,15.5700,15.5700,14.9100,15.0500,15.8500,41234864,626143344.1500
2024-11-27,sz.300432,14.9000,15.8000,14.6100,15.7700,15.0500,44024035,673085742.6900
2024-11-28,sz.300432,15.8000,16.0000,15.4500,15.7100,15.7700,36949677,583364162.8400
2024-11-29,sz.300432,15.6000,16.1400,15.0000,15.7100,15.7100,48381682,756237432.3400
2024-12-02,sz.300432,15.9300,16.3900,15.6800,15.8200,15.7100,51494824,824152921.6500
2024-12-03,sz.300432,15.8100,16.5500,15.6000,16.4000,15.8200,69829217,1138983976.9700
2024-12-04,sz.300432,16.1000,16.2100,15.5000,15.5900,16.4000,52902203,832419896.7500
2024-12-05,sz.300432,15.3000,15.5500,14.8600,15.4600,15.5900,44126161,671973870.5200
2024-12-06,sz.300432,15.3500,15.5500,14.9500,15.2500,15.4600,29645800,451503379.3800
2024-12-09,sz.300432,15.2000,15.9000,15.1900,15.5000,15.2500,30167856,469578908.4100
2024-12-10,sz.300432,15.9200,17.7800,15.7700,16.8800,15.5000,99892066,1692410997.5600
2024-12-11,sz.300432,16.6300,16.7000,16.3100,16.4200,16.8800,49954994,822195598.3100
2024-12-12,sz.300432,16.4000,16.6500,15.7000,15.9900,16.4200,50833952,816136605.3600
2024-12-13,sz.300432,15.9600,15.9600,15.5200,15.5800,15.9900,31371157,492540870.9100
2024-12-16,sz.300432,15.6100,16.5400,15.3900,15.9300,15.5800,44055910,702506699.6400
2024-12-17,sz.300432,15.8500,16.2500,15.1200,15.1600,15.9300,36831289,569733145.4200
2024-12-18,sz.300432,15.0100,16.0000,15.0100,15.3000,15.1600,36597584,572088333.6800
2024-12-19,sz.300432,15.0400,15.4800,14.9300,15.2600,15.3000,22443475,342337829.8600
2024-12-20,sz.300432,15.1500,15.8500,15.1300,15.5500,15.2600,26889235,415404830.0100
2024-12-23,sz.300432,15.5900,16.1700,15.3900,15.5800,15.5500,35824204,565833679.7400
2024-12-24,sz.300432,15.6500,16.3500,15.6400,16.0600,15.5800,42494549,683998942.8600
2024-12-25,sz.300432,16.0000,16.0000,15.4400,15.5600,16.0600,26622065,417214812.2400
2024-12-26,sz.300432,15.4500,15.9300,15.2000,15.2600,15.5600,31326155,486136700.3500
2024-12-27,sz.300432,15.1500,15.3000,14.8000,14.9500,15.2600,31983597,481558831.2200
2024-12-30,sz.300432,14.9600,15.1000,14.7100,15.0000,14.9500,19534086,292118502.0000
2024-12-31,sz.300432,15.1000,16.1000,15.0900,15.3800,15.0000,41323839,645891908.6300
2025-01-02,sz.300432,15.4100,15.4800,14.2400,14.4300,15.3800,37268984,551631715.3100
2025-01-03,sz.300432,14.3100,14.5600,13.6800,13.6900,14.4300,32388094,456481846.6300
2025-01-06,sz.300432,13.7200,14.9300,13.6600,14.6500,13.6900,46742879,671612876.2200
2025-01-07,sz.300432,14.6500,14.8000,14.2800,14.7900,14.6500,21002309,306394865.1600
2025-01-08,sz.300432,14.6500,14.6900,13.8100,14.5800,14.7900,30911946,441675522.6400
2025-01-09,sz.300432,14.4400,15.3900,14.4100,15.1200,14.5800,34392697,519823260.9300
2025-01-10,sz.300432,15.1500,16.0000,14.9400,15.2000,15.1200,46324248,720316437.0200
2025-01-13,sz.300432,14.9800,15.3300,14.5800,15.1600,15.2000,28660261,430778513.3200
2025-01-14,sz.300432,15.1300,16.9800,15.0000,16.7700,15.1600,82652094,1359154187.5600
2025-01-15,sz.300432,16.7800,16.9300,16.3600,16.4300,16.7700,41805257,692516322.1400
2025-01-16,sz.300432,16.5100,17.1100,16.4200,16.6800,16.4300,52859280,886775110.8200
2025-01-17,sz.300432,16.8200,18.0100,16.8200,17.0600,16.6800,66461994,1155934455.4100
2025-01-20,sz.300432,17.1000,17.3500,16.4800,16.5400,17.0600,52335808,880054629.0500
2025-01-21,sz.300432,16.7100,17.6700,16.3200,17.6200,16.5400,63155138,1073418404.5600
2025-01-22,sz.300432,17.0200,17.1300,16.5800,16.9600,17.6200,54975542,928703067.8100
2025-01-23,sz.300432,17.1200,17.2800,16.4700,16.5100,16.9600,44517982,751564497.2200
2025-01-24,sz.300432,16.4400,17.2000,16.3000,17.1600,16.5100,41624836,704866523.5300
2025-01-27,sz.300432,17.2500,17.3200,16.3700,16.3700,17.1600,28498101,474390892.2200
2025-02-05,sz.300432,16.6500,17.6700,16.5200,17.3800,16.3700,47767501,821617859.8300
2025-02-06,sz.300432,17.2900,18.5200,17.2900,18.3500,17.3800,60841294,1097145994.0600
2025-02-07,sz.300432,18.3000,18.4600,17.6100,17.9900,18.3500,54555586,986576388.0800
2025-02-10,sz.300432,18.3500,18.3600,17.6100,18.1500,17.9900,52977664,952875332.8200
2025-02-11,sz.300432,17.9700,17.9800,17.4900,17.5500,18.1500,36903882,650461387.4300
2025-02-12,sz.300432,17.5000,18.2000,17.3300,18.0900,17.5500,42104074,755555579.7200
2025-02-13,sz.300432,19.1000,19.1000,17.1800,17.1900,18.0900,68344683,1238896016.2200
2025-02-14,sz.300432,16.9000,17.3600,16.5000,16.7900,17.1900,52119910,877632111.6800
2025-02-17,sz.300432,16.6900,17.1000,16.5000,17.0900,16.7900,38301805,645633842.6900
2025-02-18,sz.300432,17.0000,17.1600,16.3800,16.5300,17.0900,38307536,641858153.4900
2025-02-19,sz.300432,16.4700,18.7000,16.4100,18.5300,16.5300,97324740,1739439355.4800
2025-02-20,sz.300432,18.7300,20.9800,18.7000,20.2600,18.5300,128015535,2583406941.8400
2025-02-21,sz.300432,20.0000,20.9500,19.7100,20.7600,20.2600,81369025,1663372447.8700
2025-02-24,sz.300432,20.7300,20.7500,19.5900,19.9900,20.7600,62701696,1249236914.1700
2025-02-25,sz.300432,19.5500,19.9900,19.2800,19.5500,19.9900,46119002,904732471.0400
2025-02-26,sz.300432,19.5500,20.8800,19.5000,19.7200,19.5500,81894166,1654184064.2600
2025-02-27,sz.300432,19.8900,19.8900,18.8100,19.1900,19.7200,55910288,1076204236.3900
2025-02-28,sz.300432,18.9000,19.2700,18.2600,18.4200,19.1900,46240022,860301443.2600
2025-03-03,sz.300432,18.5500,20.1900,18.1300,19.1900,18.4200,65055082,1256756606.0000
2025-03-04,sz.300432,18.8000,19.7200,18.8000,19.2000,19.1900,42821214,828030171.9300
2025-03-05,sz.300432,19.1300,19.4500,18.8400,19.4100,19.2000,31142521,596393557.8000
2025-03-06,sz.300432,19.4100,19.9700,19.2000,19.6200,19.4100,52840091,1032449252.5500
2025-03-07,sz.300432,19.5000,20.7900,19.4000,20.3000,19.6200,70539962,1423861394.6700
2025-03-10,sz.300432,21.3400,23.2400,21.0000,22.8800,20.3000,118341276,2602733534.5000
2025-03-11,sz.300432,23.9800,24.9000,22.6500,23.5500,22.8800,142007153,3369373787.5500
2025-03-12,sz.300432,24.0000,24.8900,23.1200,23.1600,23.5500,114302940,2732989885.9600
2025-03-13,sz.300432,23.1800,23.3000,21.2200,21.5500,23.1600,98825945,2171514663.3000
2025-03-14,sz.300432,21.3000,23.4900,20.8400,23.0100,21.5500,104600074,2321994927.3900
2025-03-17,sz.300432,22.8700,22.9900,21.9200,22.1300,23.0100,72511264,1614943951.3000
2025-03-18,sz.300432,22.1900,22.9600,21.9000,22.7800,22.1300,64366967,1449539210.4200
2025-03-19,sz.300432,22.6000,24.5900,22.4500,24.0000,22.7800,90934826,2148017777.2100
2025-03-20,sz.300432,23.6000,24.6900,23.1100,23.5500,24.0000,78124249,1863310870.0800
2025-03-21,sz.300432,22.9700,22.9800,21.3200,21.4100,23.5500,86548772,1897983496.0700
2025-03-24,sz.300432,21.4100,22.2400,20.9500,22.2200,21.4100,49042072,1061280108.7400
2025-03-25,sz.300432,22.0400,23.1900,20.9200,21.1000,22.2200,70349547,1564529381.5700
2025-03-26,sz.300432,20.9100,21.9800,20.7200,21.1100,21.1000,48855892,1043807499.0500
2025-03-27,sz.300432,20.8100,21.1000,20.0500,20.1000,21.1100,59536719,1221178442.1500
2025-03-28,sz.300432,19.9500,20.6000,19.9500,20.0000,20.1000,34030527,687754125.7800
2025-03-31,sz.300432,19.7000,19.9000,18.9900,19.5900,20.0000,43809214,845314966.8500
2025-04-01,sz.300432,19.7000,20.0600,18.7800,18.9200,19.5900,36422091,702003808.1300
2025-04-02,sz.300432,18.8500,19.7600,18.7800,19.5600,18.9200,37149891,721044385.6200
2025-04-03,sz.300432,19.0900,19.6000,18.9100,19.1600,19.5600,30758917,591203800.9400
2025-04-07,sz.300432,17.4000,17.6600,15.3300,15.3300,19.1600,63110023,1018576742.8900
2025-04-08,sz.300432,15.3000,16.1700,15.0000,15.4600,15.3300,57438691,891918551.1200
2025-04-09,sz.300432,15.0100,16.3100,13.8500,16.1600,15.4600,61394183,950233249.7400
2025-04-10,sz.300432,17.0000,17.7400,16.8500,16.9000,16.1600,57497084,990266760.6500
2025-04-11,sz.300432,16.6000,17.9400,16.5000,17.6100,16.9000,50851819,887106986.0500
2025-04-14,sz.300432,18.0100,18.2700,17.4500,17.5400,17.6100,43224000,768812438.5000
2025-04-15,sz.300432,17.5800,17.8800,17.2400,17.4800,17.5400,34023882,597087208.6300
2025-04-16,sz.300432,17.3000,17.4500,16.6900,16.9500,17.4800,35571587,604550176.7600
2025-04-17,sz.300432,16.7300,17.0000,16.5600,16.5900,16.9500,25345692,424519547.8600
2025-04-18,sz.300432,16.5900,16.8800,16.5200,16.7300,16.5900,18649591,311182675.4800
2025-04-21,sz.300432,16.5200,17.2600,16.4100,17.1900,16.7300,32707644,553148131.5600
2025-04-22,sz.300432,17.1300,17.1300,16.6600,16.6800,17.1900,24828541,417450387.1800
2025-04-23,sz.300432,16.8300,18.7700,16.8000,18.1500,16.6800,68318104,1214647462.7700
2025-04-24,sz.300432,18.2100,18.3400,17.8000,17.8800,18.1500,42097822,758942329.7300
2025-04-25,sz.300432,18.0100,18.4200,17.6300,18.2000,17.8800,35567065,643646078.7800
2025-04-28,sz.300432,18.2100,18.2800,17.8000,18.0200,18.2000,27879580,500550917.4400
2025-04-29,sz.300432,18.0500,19.1000,17.7800,18.8800,18.0200,63340091,1169905283.5500
2025-04-30,sz.300432,19.0000,20.2500,18.9800,20.0000,18.8800,65966076,1289499938.9000
2025-05-06,sz.300432,20.1800,20.7000,19.9000,20.4200,20.0000,53320783,1080931797.4000
2025-05-07,sz.300432,20.6900,20.7600,19.8000,20.0500,20.4200,46939371,948585431.8600
2025-05-08,sz.300432,19.9700,20.9800,19.9700,20.4700,20.0500,45139216,930460664.2600
2025-05-09,sz.300432,20.4000,20.5500,19.7200,20.1900,20.4700,37353499,751651515.0500
2025-05-12,sz.300432,20.5200,20.8300,20.3100,20.5800,20.1900,39844633,820644518.8000
2025-05-13,sz.300432,20.8800,21.0400,20.0200,20.0600,20.5800,36928721,752493151.0800
2025-05-14,sz.300432,19.9000,20.2000,19.5700,19.8500,20.0600,44416190,881287587.3300
2025-05-15,sz.300432,19.7700,19.8100,19.2500,19.3800,19.8500,30243538,587807027.8000
2025-05-16,sz.300432,19.3800,19.9800,19.3300,19.6100,19.3800,32961419,650655838.2300
2025-05-19,sz.300432,19.5000,19.5500,18.7400,19.0600,19.6100,33081507,629555313.9200
2025-05-20,sz.300432,18.9100,19.1500,18.6600,18.8800,19.0600,32145234,605702619.3100
2025-05-21,sz.300432,18.8200,19.0000,18.2300,18.5100,18.8800,36023036,667632111.6900
2025-05-22,sz.300432,18.4900,18.6300,18.0700,18.1200,18.5100,34565829,632373587.8000
2025-05-23,sz.300432,18.0700,18.7500,18.0700,18.1600,18.1200,35487263,652713585.5800
2025-05-26,sz.300432,18.2000,18.2000,17.7800,18.0400,18.1600,25692335,460885134.6500
2025-05-27,sz.300432,18.0100,18.0400,17.5000,17.5500,18.0400,27648548,487079753.5700
2025-05-28,sz.300432,17.6900,18.0500,17.5500,17.6500,17.5500,27693550,492036380.0000
2025-05-29,sz.300432,17.6000,18.0900,17.6000,17.8300,17.6500,25765304,460227455.6900
2025-05-30,sz.300432,17.8000,17.8400,17.2200,17.3100,17.8300,23397085,407545246.6000
2025-06-03,sz.300432,17.2000,17.5200,17.1500,17.3000,17.3100,17003813,294874817.5800
2025-06-04,sz.300432,12.4000,12.8300,12.3300,12.6500,12.2900,39629301,499958371.5100
2025-06-05,sz.300432,12.6300,12.9500,12.4300,12.8800,12.6500,46861203,595668698.6000
2025-06-06,sz.300432,13.2200,13.4800,12.9200,13.1400,12.8800,73178463,969784589.8000
2025-06-09,sz.300432,13.0500,13.2100,12.9100,13.0000,13.1400,44279174,577923012.1000
2025-06-10,sz.300432,13.0500,13.1000,12.5200,12.8200,13.0000,40550064,519330359.5500
2025-06-11,sz.300432,12.8100,13.0700,12.6800,12.8600,12.8200,30087519,388974772.0000
2025-06-12,sz.300432,12.7700,12.7700,12.5600,12.6000,12.8600,28983459,367104142.1400
2025-06-13,sz.300432,12.5000,12.7300,12.3300,12.4000,12.6000,32713959,407109642.6100
2025-06-16,sz.300432,12.3000,12.4700,12.2000,12.3600,12.4000,21678671,267712932.0600
2025-06-17,sz.300432,12.3900,12.4200,12.1100,12.1500,12.3600,35468670,433144472.7100
2025-06-18,sz.300432,12.1500,12.2000,11.9800,12.1400,12.1500,27075480,327377623.2000
2025-06-19,sz.300432,12.1200,12.4300,12.0600,12.1100,12.1400,37135870,454761929.8400
2025-06-20,sz.300432,12.1100,12.2300,11.8100,11.8200,12.1100,31728523,378770669.7200
2025-06-23,sz.300432,11.7100,11.9900,11.6200,11.9600,11.8200,24307108,288399691.1200
2025-06-24,sz.300432,12.0000,13.0000,12.0000,12.9700,11.9600,75106502,949616888.4800
2025-06-25,sz.300432,13.0400,13.2400,12.8600,13.1600,12.9700,65177108,852222330.0400
2025-06-26,sz.300432,13.1000,13.2400,12.8700,12.9000,13.1600,52528571,686358303.5600
2025-06-27,sz.300432,13.1500,13.3300,12.9000,12.9300,12.9000,39022674,510019843.1500
2025-06-30,sz.300432,12.9300,13.0700,12.8800,13.0700,12.9300,34005240,441348914.8100
2025-07-01,sz.300432,13.0300,13.1000,12.7800,13.1000,13.0700,37103676,480594837.2800
2025-07-02,sz.300432,13.0700,13.3000,12.8600,13.0300,13.1000,40865700,534192873.5000
2025-07-03,sz.300432,13.0800,13.1500,12.8400,13.0100,13.0300,34346182,445851561.5000
2025-07-04,sz.300432,12.9200,12.9900,12.6700,12.7200,13.0100,35776884,457517908.3400
2025-07-07,sz.300432,12.6900,12.6900,12.4000,12.4500,12.7200,31222183,389961882.4000
2025-07-08,sz.300432,12.5200,13.0700,12.5100,13.0500,12.4500,52327817,673466111.5000
2025-07-09,sz.300432,14.0000,14.2500,13.0900,13.0900,13.0500,126087266,1720384084.1300
2025-07-10,sz.300432,13.0900,13.2100,12.7200,12.8300,13.0900,62055998,799361923.4700
2025-07-11,sz.300432,12.8600,13.0900,12.7200,12.8900,12.8300,48853005,629992414.7100
2025-07-14,sz.300432,12.6500,13.0500,12.5300,12.8300,12.8900,52448495,669505193.4100
2025-07-15,sz.300432,12.8500,12.9900,12.6300,12.7400,12.8300,40995852,524750568.9200
2025-07-16,sz.300432,12.8300,13.3000,12.7000,13.0900,12.7400,73075266,957569335.9200
2025-07-17,sz.300432,13.0900,13.2900,12.9200,13.2000,13.0900,53698350,706069059.7100
2025-07-18,sz.300432,13.2600,13.3800,13.0300,13.1400,13.2000,44475928,585956898.5400
2025-07-21,sz.300432,13.3000,13.6800,13.2300,13.4400,13.1400,70263309,944933590.6200
2025-07-22,sz.300432,13.3700,13.4600,13.1300,13.2100,13.4400,50342516,668342489.0000
2025-07-23,sz.300432,13.1300,13.1700,12.8300,12.8500,13.2100,49558827,643815335.2200
2025-07-24,sz.300432,12.8500,13.1600,12.8500,13.1200,12.8500,37726717,493149920.9000
2025-07-25,sz.300432,13.1500,13.1800,12.9000,13.0500,13.1200,31909884,414629369.8600
2025-07-28,sz.300432,13.1200,13.2500,13.0000,13.1000,13.0500,37860563,497286073.9400
2025-07-29,sz.300432,13.0200,13.0500,12.8200,12.9200,13.1000,38172133,492467270.7400
2025-07-30,sz.300432,12.9000,12.9000,12.4400,12.5600,12.9200,51001319,643881352.9500
2025-07-31,sz.300432,12.4800,12.7700,12.4500,12.5300,12.5600,33109689,417766934.5400
2025-08-01,sz.300432,12.4800,12.6200,12.3300,12.4900,12.5300,25627238,318864493.0400
2025-08-04,sz.300432,12.3800,12.7500,12.3500,12.7400,12.4900,26885740,338264717.7600
2025-08-05,sz.300432,12.8000,13.0400,12.7300,12.8500,12.7400,39646432,510222887.8800
2025-08-06,sz.300432,12.8300,13.4500,12.7500,13.3400,12.8500,98733866,1306112568.8200
2025-08-07,sz.300432,13.3600,13.4000,13.0100,13.1200,13.3400,53294906,700366337.2800
2025-08-08,sz.300432,13.0500,13.1000,12.8800,12.8800,13.1200,39005830,505451896.7000
2025-08-11,sz.300432,13.1600,14.8400,13.1600,14.3200,12.8800,196795888,2745195411.1400
2025-08-12,sz.300432,14.3900,14.4800,13.9500,14.0900,14.3200,102092103,1437322129.9600
2025-08-13,sz.300432,14.2000,14.2900,14.0200,14.2000,14.0900,86270876,1222284738.3200
2025-08-14,sz.300432,14.2800,15.1900,14.0800,14.7300,14.2000,175696248,2561631781.2300
2025-08-15,sz.300432,14.5000,15.9700,14.4200,15.6900,14.7300,165007048,2520379352.5700
2025-08-18,sz.300432,16.2500,16.3500,15.5100,15.7000,15.6900,163709997,2594649219.4000
2025-08-19,sz.300432,15.5100,16.6500,15.1600,16.1500,15.7000,156222123,2472997558.5600
2025-08-20,sz.300432,15.8800,16.2800,15.6800,15.9900,16.1500,95783621,1527081512.5900
2025-08-21,sz.300432,15.9200,16.0700,15.3600,15.4600,15.9900,88600123,1382855668.8100
2025-08-22,sz.300432,15.5200,15.6700,15.4000,15.5100,15.4600,67002636,1038758402.1000
2025-08-25,sz.300432,15.6100,16.0400,15.5000,15.7000,15.5100,90434097,1427970156.3100
2025-08-26,sz.300432,15.6500,15.8600,15.3900,15.7200,15.7000,70990274,1111718899.2800
2025-08-27,sz.300432,15.7200,16.7600,15.7200,16.1200,15.7200,149474546,2440506881.5600
2025-08-28,sz.300432,15.6000,15.8700,14.7800,15.3900,16.1200,178865155,2728882784.8500
2025-08-29,sz.300432,15.3000,15.6900,14.9100,15.2900,15.3900,97780516,1494853602.1400
2025-09-01,sz.300432,15.2900,15.4800,14.9100,14.9700,15.2900,80750345,1215647880.1400
2025-09-02,sz.300432,15.0300,15.6900,14.6800,15.3400,14.9700,142820786,2170237196.9600
2025-09-03,sz.300432,15.4000,15.4800,14.5600,14.6500,15.3400,86253111,1291469820.0400
2025-09-04,sz.300432,14.6800,15.1200,14.0000,14.3200,14.6500,80547273,1171643921.3300
2025-09-05,sz.300432,14.2200,15.0200,14.2200,15.0000,14.3200,77517258,1149226304.8500
2025-09-08,sz.300432,15.0900,15.4900,15.0300,15.3900,15.0000,88554528,1354122465.1400
2025-09-09,sz.300432,15.3000,15.5500,15.0600,15.0900,15.3900,64865691,991062855.6700
2025-09-10,sz.300432,14.9500,15.2200,14.7500,14.8100,15.0900,51534335,769681516.8500
2025-09-11,sz.300432,14.8000,15.2400,14.6700,15.2300,14.8100,62344257,935948085.6500
2025-09-12,sz.300432,15.2200,15.3100,14.8800,14.9100,15.2300,57778674,869595164.5200
2025-09-15,sz.300432,14.9100,16.4500,14.8800,15.6200,14.9100,164249409,2604904632.2700
2025-09-16,sz.300432,15.5000,16.1000,15.2600,15.9300,15.6200,120490661,1889195904.3300
2025-09-17,sz.300432,16.0300,16.5000,15.9800,16.3200,15.9300,124859672,2026866978.8400
2025-09-18,sz.300432,16.3300,16.6000,15.6300,15.8800,16.3200,129062411,2085734806.8700
2025-09-19,sz.300432,16.6000,17.1400,15.8900,16.3500,15.8800,165276079,2712415641.4800
2025-09-22,sz.300432,17.0200,17.3500,16.6700,16.8300,16.3500,157204532,2672839820.6300
2025-09-23,sz.300432,16.5000,16.5600,15.5100,15.9000,16.8300,126738329,2030103093.4700
2025-09-24,sz.300432,15.7500,16.1000,15.5000,15.9400,15.9000,73437380,1162911909.6100
2025-09-25,sz.300432,15.9400,18.3500,15.9000,17.4900,15.9400,202337754,3436797785.3500
2025-09-26,sz.300432,17.3000,18.0300,17.0500,17.3600,17.4900,145112894,2532091299.3700
2025-09-29,sz.300432,17.6000,18.8600,17.4300,18.5200,17.3600,178695823,3252555003.4600
2025-09-30,sz.300432,20.3100,22.2200,20.2000,22.2200,18.5200,235598610,5098418548.2000
2025-10-09,sz.300432,21.8800,22.2800,20.6200,20.8800,22.2200,266813658,5650631710.6400
2025-10-10,sz.300432,20.5500,21.0800,19.6000,19.6500,20.8800,171043230,3445146331.5300
2025-10-13,sz.300432,18.4800,19.8000,18.4100,19.3800,19.6500,111459380,2144874739.5400
2025-10-14,sz.300432,19.9300,20.6700,19.0000,19.2500,19.3800,154812720,3090337862.9300
2025-10-15,sz.300432,18.9300,19.7900,18.4200,19.7100,19.2500,112226931,2144530231.9800
2025-10-16,sz.300432,19.6300,19.6400,18.6000,18.7000,19.7100,95385571,1804610256.3700
2025-10-17,sz.300432,18.6000,18.8900,17.7100,17.7600,18.7000,89179938,1623334868.6800
2025-10-20,sz.300432,18.2000,18.8000,17.9200,18.3800,17.7600,73413977,1349358530.9600
2025-10-21,sz.300432,18.3800,18.4700,18.1300,18.2300,18.3800,64892069,1187798310.8300
2025-10-22,sz.300432,18.1600,18.1800,17.6600,17.8000,18.2300,56717376,1012958379.5100
2025-10-23,sz.300432,17.7100,17.7500,17.2500,17.6500,17.8000,46628316,813238578.7100
2025-10-24,sz.300432,17.7300,18.1300,17.7300,18.0700,17.6500,60753234,1090791511.4000
2025-10-27,sz.300432,18.2800,18.9600,18.1500,18.9000,18.0700,93785256,1740791195.7900
2025-10-28,sz.300432,18.6700,19.8400,18.5300,19.5700,18.9000,117299345,2255008984.5600
2025-10-29,sz.300432,19.1900,19.3000,18.7000,19.1300,19.5700,98831725,1877138095.5200
2025-10-30,sz.300432,19.1300,19.8800,19.0000,19.2500,19.1300,99797481,1943173397.9600
2025-10-31,sz.300432,19.4000,20.5400,19.4000,19.5600,19.2500,116526756,2323528089.1700
2025-11-03,sz.300432,19.7000,19.7000,18.1800,18.4200,19.5600,88369008,1642637839.7600
2025-11-04,sz.300432,18.3000,18.4000,17.5000,17.6700,18.4200,78283045,1396398344.4000
2025-11-05,sz.300432,17.3500,18.1100,17.2500,17.9600,17.6700,54880563,977728250.1400
2025-11-06,sz.300432,17.9200,18.4100,17.7000,18.2000,17.9600,55628407,1006118413.3000
2025-11-07,sz.300432,18.0400,19.7500,17.5800,19.0700,18.2000,129872250,2442108846.6100
2025-11-10,sz.300432,19.4600,19.5400,18.8300,19.1100,19.0700,91058056,1748842328.3100
2025-11-11,sz.300432,19.0000,19.3200,18.6000,18.6800,19.1100,59231414,1119276486.9200
2025-11-12,sz.300432,18.6000,18.6900,17.8900,18.1900,18.6800,43117779,786142855.1900
2025-11-13,sz.300432,18.0800,20.7900,18.0700,20.2100,18.1900,188275625,3740472846.1800
2025-11-14,sz.300432,19.6500,19.9700,19.3700,19.4200,20.2100,91095078,1792131734.0500
2025-11-17,sz.300432,19.3500,19.8500,19.0600,19.2600,19.4200,71292973,1378199373.3800
2025-11-18,sz.300432,18.4500,18.4800,16.2200,16.2600,19.2600,182769810,3109528835.5700
2025-11-19,sz.300432,16.2600,16.7100,16.1400,16.2100,16.2600,77345693,1266558494.1300
2025-11-20,sz.300432,16.3800,16.8000,16.1600,16.2400,16.2100,57595310,948979554.2100
2025-11-21,sz.300432,15.9100,15.9700,15.2600,15.4800,16.2400,70311662,1092504886.6600
2025-11-24,sz.300432,15.4900,15.6900,15.1100,15.4100,15.4800,48097485,736782239.3000
2025-11-25,sz.300432,15.6000,15.7700,15.4500,15.5200,15.4100,42539092,664187537.1100
2025-11-26,sz.300432,15.5200,15.6600,15.3400,15.3900,15.5200,41534468,642243185.6300
2025-11-27,sz.300432,15.3900,15.8500,15.3200,15.5400,15.3900,43150443,674714151.0300
2025-11-28,sz.300432,15.6000,16.1700,15.2500,16.0900,15.5400,75063752,1184774326.4000
2025-12-01,sz.300432,16.4600,16.7200,16.1300,16.1900,16.0900,62298565,1015966916.7400
2025-12-02,sz.300432,16.1700,16.1900,15.6200,15.7400,16.1900,40085793,633767993.3300
2025-12-03,sz.300432,15.9000,15.9400,15.4700,15.5800,15.7400,28285215,442705969.7100
2025-12-04,sz.300432,15.6600,15.9400,15.5300,15.7700,15.5800,35444947,558451819.6200
2025-12-05,sz.300432,15.6400,15.9400,15.4400,15.9000,15.7700,32914738,518125499.8400
2025-12-08,sz.300432,16.0800,16.1400,15.8500,16.0300,15.9000,40335349,645565549.1300
2025-12-09,sz.300432,15.8900,15.9800,15.7000,15.8000,16.0300,32019617,506159471.3000
2025-12-10,sz.300432,15.7700,15.7800,15.5300,15.7200,15.8000,27795447,435156864.5100
2025-12-11,sz.300432,15.7900,15.8700,15.4100,15.4900,15.7200,38170002,595764829.0400
2025-12-12,sz.300432,15.5000,15.8500,15.1600,15.8500,15.4900,82433988,1281140601.0700
2025-12-15,sz.300432,15.7500,15.9000,15.5200,15.5300,15.8500,40595300,637277064.8500
2025-12-16,sz.300432,15.5600,15.5900,14.8700,14.9800,15.5300,38215425,575904052.6500
2025-12-17,sz.300432,15.0000,15.3900,14.9800,15.3100,14.9800,34987196,531493821.2600
2025-12-18,sz.300432,15.1600,15.2800,14.8800,14.8900,15.3100,34909132,525344169.3600
2025-12-19,sz.300432,14.9200,15.3600,14.9200,15.2900,14.8900,34602838,527185090.0000
2025-12-22,sz.300432,15.3900,15.5800,15.3200,15.3800,15.2900,31201917,481678893.9700
2025-12-23,sz.300432,15.3000,15.6900,15.2500,15.4500,15.3800,39277721,607622332.7400
2025-12-24,sz.300432,15.3600,15.7700,15.3300,15.6200,15.4500,34670675,540457759.9000
2025-12-25,sz.300432,15.6400,16.0800,15.4700,15.9600,15.6200,51367342,813948025.3900
2025-12-26,sz.300432,16.5100,16.6900,16.0800,16.2100,15.9600,80075335,1308959928.5200
2025-12-29,sz.300432,16.2100,16.3800,15.8500,16.1400,16.2100,53729754,866602459.0500
2025-12-30,sz.300432,16.0700,16.8500,15.9500,16.7200,16.1400,91001485,1509355792.7200
2025-12-31,sz.300432,16.6600,16.8500,16.3500,16.7000,16.7200,64469607,1068125372.3000
