date,code,open,high,low,close,preclose,volume,amount
2019-01-02,sh.600711,4.6000,4.6000,4.5000,4.5200,4.5700,22411894,101896101.0000
2019-01-03,sh.600711,4.5200,4.7500,4.5100,4.7500,4.5200,57905117,269287804.0000
2019-01-04,sh.600711,4.7100,4.9300,4.6800,4.9000,4.7500,62986449,302743254.0000
2019-01-07,sh.600711,4.9000,5.0200,4.8300,4.9600,4.9000,57939974,284921601.0000
2019-01-08,sh.600711,4.9700,5.0100,4.8700,4.8700,4.9600,35883736,176763113.0000
2019-01-09,sh.600711,4.8600,4.9500,4.8200,4.8300,4.8700,41131113,200937560.0000
2019-01-10,sh.600711,4.8200,4.9900,4.8000,4.9100,4.8300,43097080,212178885.0000
2019-01-11,sh.600711,4.8900,5.0900,4.8800,5.0500,4.9100,53682534,268578299.0000
2019-01-14,sh.600711,5.0400,5.0500,4.9700,5.0000,5.0500,37020512,185439808.0000
2019-01-15,sh.600711,4.9500,5.0400,4.9000,5.0400,5.0000,33712690,168103480.0000
2019-01-16,sh.600711,5.0400,5.0400,5.0400,5.0400,5.0400,0,0.0000
2019-01-17,sh.600711,5.0500,5.0500,4.8200,4.8800,5.0400,41491791,204061663.0000
2019-01-18,sh.600711,4.8600,5.3700,4.8600,5.2000,4.8800,97333035,503259569.0000
2019-01-21,sh.600711,5.2000,5.2900,5.1400,5.1900,5.2000,63938624,332607982.0000
2019-01-22,sh.600711,5.1700,5.3000,5.1200,5.2200,5.1900,65875447,343810770.0000
2019-01-23,sh.600711,5.1900,5.2300,5.0900,5.1500,5.2200,40212580,207240171.0000
2019-01-24,sh.600711,5.1300,5.1400,5.0000,5.0300,5.1500,46183921,233717699.0000
2019-01-25,sh.600711,5.0300,5.0900,4.9900,4.9900,5.0300,33598176,169352809.0000
2019-01-28,sh.600711,5.1000,5.1200,5.0000,5.0200,4.9900,28106795,142019948.0000
2019-01-29,sh.600711,5.0000,5.0000,4.6000,4.8200,5.0200,44137413,212388248.0000
2019-01-30,sh.600711,4.7600,4.8600,4.7200,4.7300,4.8200,22054118,105667909.0000
2019-01-31,sh.600711,4.7500,4.8200,4.6500,4.6900,4.7300,27421751,129872765.0000
2019-02-01,sh.600711,4.7300,4.9000,4.7000,4.8900,4.6900,24594519,118356650.0000
2019-02-11,sh.600711,4.9200,5.1500,4.8800,5.1200,4.8900,44912474,226522430.0000
2019-02-12,sh.600711,5.1000,5.1500,5.0400,5.1300,5.1200,42284853,215680741.0000
2019-02-13,sh.600711,5.1300,5.3200,5.0900,5.2400,5.1300,76281721,398255578.0000
2019-02-14,sh.600711,5.2100,5.2400,5.1600,5.1900,5.2400,45464478,236264698.0000
2019-02-15,sh.600711,5.1700,5.4000,5.1600,5.3300,5.1900,86162910,456320129.0000
2019-02-18,sh.600711,5.3500,5.4700,5.3000,5.4600,5.3300,83742763,451909569.0000
2019-02-19,sh.600711,5.4500,5.4600,5.3100,5.3700,5.4600,71544814,385335727.0000
2019-02-20,sh.600711,5.4000,5.6800,5.3700,5.5400,5.3700,123286899,685323205.0000
2019-02-21,sh.600711,5.5400,5.8300,5.4300,5.6700,5.5400,128139035,715835249.0000
2019-02-22,sh.600711,5.5600,5.7100,5.5100,5.6700,5.6700,75294639,422376691.0000
2019-02-25,sh.600711,5.7200,6.1200,5.6800,6.1100,5.6700,133579357,790062355.0000
2019-02-26,sh.600711,6.1600,6.4400,5.9200,6.0900,6.1100,164048513,1005422182.0000
2019-02-27,sh.600711,6.1200,6.2100,5.9600,6.0600,6.0900,98163461,599398594.0000
2019-02-28,sh.600711,6.0800,6.1200,5.9000,5.9800,6.0600,71297172,428183612.0000
2019-03-01,sh.600711,6.0000,6.0300,5.8800,6.0100,5.9800,53568719,318922477.0000
2019-03-04,sh.600711,6.0400,6.2300,6.0200,6.0900,6.0100,102142738,624745717.0000
2019-03-05,sh.600711,6.0100,6.2700,5.9700,6.2700,6.0900,116283008,710754431.0000
2019-03-06,sh.600711,6.3300,6.6000,6.3100,6.4900,6.2700,147482833,954946882.0000
2019-03-07,sh.600711,6.5100,6.8600,6.4900,6.6000,6.4900,146357955,973742092.0000
2019-03-08,sh.600711,6.3400,6.4800,5.9600,5.9700,6.6000,124368010,778928067.0000
2019-03-11,sh.600711,5.9700,6.2600,5.9700,6.2500,5.9700,72029922,440636232.0000
2019-03-12,sh.600711,6.3500,6.4100,6.1100,6.2700,6.2500,84161406,528855262.0000
2019-03-13,sh.600711,6.2600,6.4200,6.1300,6.3000,6.2700,81861491,515961213.0000
2019-03-14,sh.600711,6.2300,6.4700,6.0600,6.1600,6.3000,75971108,475099127.0000
2019-03-15,sh.600711,6.2000,6.3400,6.1300,6.3000,6.1600,64838087,405602836.0000
2019-03-18,sh.600711,6.3600,6.4600,6.2900,6.4400,6.3000,94647091,603880493.0000
2019-03-19,sh.600711,6.4300,6.4300,6.2900,6.3500,6.4400,62266912,394912778.0000
2019-03-20,sh.600711,6.3300,6.3500,6.1700,6.3000,6.3500,52039155,325972983.0000
2019-03-21,sh.600711,6.3200,6.4700,6.2900,6.4000,6.3000,91137451,581445324.0000
2019-03-22,sh.600711,6.3700,6.5800,6.3500,6.4700,6.4000,96796832,625681661.0000
2019-03-25,sh.600711,6.3300,6.3500,6.1900,6.2000,6.4700,73353728,460020581.0000
2019-03-26,sh.600711,6.1800,6.2500,6.0100,6.0200,6.2000,53939025,329775741.0000
2019-03-27,sh.600711,6.0700,6.1000,5.7800,5.9200,6.0200,48764065,289106110.0000
2019-03-28,sh.600711,5.7500,5.7900,5.6300,5.7100,5.9200,52460784,300454600.0000
2019-03-29,sh.600711,5.7000,5.9100,5.6600,5.9100,5.7100,45597570,265200808.0000
2019-04-01,sh.600711,6.5000,6.5000,6.5000,6.5000,5.9100,26936886,175089759.0000
2019-04-02,sh.600711,7.1500,7.1500,6.7200,6.9500,6.5000,299589392,2079918944.0000
2019-04-03,sh.600711,6.8200,7.0500,6.7500,6.9300,6.9500,181043589,1253364710.0000
2019-04-04,sh.600711,7.0500,7.2300,6.8000,6.8300,6.9300,154818374,1081109513.0000
2019-04-08,sh.600711,6.8500,7.1500,6.8000,7.1200,6.8300,154082711,1078534882.0000
2019-04-09,sh.600711,7.1000,7.1000,6.8200,6.9000,7.1200,94015583,649338941.0000
2019-04-10,sh.600711,6.7300,6.8700,6.6000,6.7300,6.9000,91513828,612578398.0000
2019-04-11,sh.600711,6.7000,6.8500,6.5700,6.6200,6.7300,65407199,438991679.0000
2019-04-12,sh.600711,6.6000,6.6200,6.4900,6.5700,6.6200,46765922,306019681.0000
2019-04-15,sh.600711,6.6900,6.7400,6.4800,6.4900,6.5700,41473536,274765391.0000
2019-04-16,sh.600711,6.4400,6.7200,6.3700,6.7000,6.4900,64768789,427608627.0000
2019-04-17,sh.600711,6.6500,6.7300,6.5700,6.6300,6.7000,52404301,348764007.0000
2019-04-18,sh.600711,6.6600,6.7600,6.5800,6.5800,6.6300,45943436,306465051.0000
2019-04-19,sh.600711,6.5300,6.7000,6.3400,6.6500,6.5800,64931119,422113533.0000
2019-04-22,sh.600711,6.8600,6.9100,6.4800,6.5100,6.6500,60752296,405855362.0000
2019-04-23,sh.600711,6.4200,6.5900,6.3300,6.4600,6.5100,47654021,306353753.0000
2019-04-24,sh.600711,6.4300,6.5300,6.3500,6.4700,6.4600,30223306,194669700.0000
2019-04-25,sh.600711,6.4500,6.5100,6.1000,6.1000,6.4700,45576472,287823741.0000
2019-04-26,sh.600711,6.0500,6.1500,5.9900,5.9900,6.1000,32151024,194153583.0000
2019-04-29,sh.600711,5.9500,6.0100,5.6700,5.6700,5.9900,41220239,239198754.0000
2019-04-30,sh.600711,5.4000,5.6900,5.3600,5.6100,5.6700,32602483,181311509.0000
2019-05-06,sh.600711,5.4000,5.5300,5.0500,5.0500,5.6100,49543664,260471258.0000
2019-05-07,sh.600711,5.0900,5.2000,5.0500,5.1700,5.0500,24957513,128184711.0000
2019-05-08,sh.600711,5.0800,5.3300,4.9100,5.2600,5.1700,31289876,163251791.0000
2019-05-09,sh.600711,5.2400,5.2500,5.0900,5.1300,5.2600,23749662,122649002.0000
2019-05-10,sh.600711,5.2100,5.3000,5.0700,5.2700,5.1300,36027627,188488745.0000
2019-05-13,sh.600711,5.2100,5.3000,5.1800,5.1900,5.2700,21501050,112493142.0000
2019-05-14,sh.600711,5.1200,5.2600,5.0800,5.1800,5.1900,21231442,110587444.0000
2019-05-15,sh.600711,5.2100,5.2400,5.1800,5.2400,5.1800,24163661,126039833.0000
2019-05-16,sh.600711,5.2500,5.5200,5.2300,5.4000,5.2400,49812948,269051035.0000
2019-05-17,sh.600711,5.4000,5.4100,5.0700,5.0900,5.4000,38526021,201212881.0000
2019-05-20,sh.600711,5.1000,5.1300,4.9000,5.0900,5.0900,29766624,149137194.0000
2019-05-21,sh.600711,5.0800,5.3600,5.0500,5.2900,5.0900,35108136,183974004.0000
2019-05-22,sh.600711,5.2800,5.3200,5.1300,5.1800,5.2900,24195752,126147114.0000
2019-05-23,sh.600711,5.1500,5.1800,5.0500,5.0700,5.1800,18056300,92338938.0000
2019-05-24,sh.600711,5.0400,5.1500,5.0400,5.0700,5.0700,13768700,70060839.0000
2019-05-27,sh.600711,5.0700,5.2300,5.0500,5.1900,5.0700,22914013,117857474.0000
2019-05-28,sh.600711,5.1800,5.2300,5.1400,5.1600,5.1900,19679886,102084364.0000
2019-05-29,sh.600711,5.1500,5.2600,5.1300,5.2200,5.1600,25936769,135486056.0000
2019-05-30,sh.600711,5.2200,5.3800,5.1300,5.3500,5.2200,48606700,256729788.0000
2019-05-31,sh.600711,5.3000,5.4600,5.2700,5.3400,5.3500,40569924,217514301.0000
2019-06-03,sh.600711,5.3600,5.3600,5.1700,5.1800,5.3400,29287076,153721187.0000
2019-06-04,sh.600711,5.1700,5.2500,5.0500,5.0900,5.1800,22156326,113509962.0000
2019-06-05,sh.600711,5.1400,5.1700,5.0700,5.1000,5.0900,14507581,74321664.0000
2019-06-06,sh.600711,5.1000,5.1700,5.0000,5.0400,5.1000,22603120,114803887.0000
2019-06-10,sh.600711,5.0500,5.1200,5.0100,5.1200,5.0200,16012136,81291297.0000
2019-06-11,sh.600711,5.1100,5.4500,5.0700,5.3400,5.1200,44231881,233870755.0000
2019-06-12,sh.600711,5.3000,5.5500,5.2900,5.4500,5.3400,63064009,344505491.0000
2019-06-13,sh.600711,5.4500,5.5400,5.3200,5.4600,5.4500,47180208,257213186.0000
2019-06-14,sh.600711,5.4900,5.6700,5.4000,5.5600,5.4600,75390647,418904495.0000
2019-06-17,sh.600711,5.4700,5.5600,5.3400,5.3900,5.5600,42202602,229949238.0000
2019-06-18,sh.600711,5.3900,5.4700,5.3100,5.4300,5.3900,31786541,171463228.0000
2019-06-19,sh.600711,5.4700,5.5200,5.3700,5.3800,5.4300,33003321,179500750.0000
2019-06-20,sh.600711,5.4800,5.7000,5.4400,5.6100,5.3800,72719683,404219342.0000
2019-06-21,sh.600711,5.6200,5.8100,5.5600,5.6100,5.6100,80177043,456012962.0000
2019-06-24,sh.600711,5.6200,5.7100,5.5500,5.5900,5.6100,38643540,217175299.0000
2019-06-25,sh.600711,5.6500,6.0200,5.6200,5.9000,5.5900,113381043,656152193.0000
2019-06-26,sh.600711,5.7200,5.7600,5.5200,5.5300,5.9000,72721442,408948726.0000
2019-06-27,sh.600711,5.4800,5.6000,5.4600,5.5100,5.5300,40097412,221884743.0000
2019-06-28,sh.600711,5.5200,5.6100,5.3900,5.4100,5.5100,39993574,219920255.0000
2019-07-01,sh.600711,5.4100,5.5300,5.4000,5.5300,5.4100,36091893,197304096.0000
2019-07-02,sh.600711,5.4900,5.5900,5.4500,5.5500,5.5300,36864558,203648415.0000
2019-07-03,sh.600711,5.7000,5.7300,5.4800,5.5300,5.5500,41809622,234063062.0000
2019-07-04,sh.600711,5.4900,5.5700,5.3600,5.4000,5.5300,37907838,206665378.0000
2019-07-05,sh.600711,5.4100,5.4200,5.3300,5.3900,5.4000,19140662,102869250.0000
2019-07-08,sh.600711,5.3400,5.3400,5.0800,5.0900,5.3900,31048419,160600007.0000
2019-07-09,sh.600711,5.0700,5.1500,5.0700,5.1100,5.0900,13708276,70066438.0000
2019-07-10,sh.600711,5.1400,5.1500,5.0400,5.0800,5.1100,14565570,74092779.0000
2019-07-11,sh.600711,5.1700,5.2100,5.1000,5.1100,5.0800,22605552,116676828.0000
2019-07-12,sh.600711,5.0900,5.1400,5.0700,5.1000,5.1100,13070819,66675503.0000
2019-07-15,sh.600711,5.1000,5.1700,5.0300,5.1300,5.1000,15259897,78030052.0000
2019-07-16,sh.600711,5.1300,5.1600,5.1100,5.1500,5.1300,12117785,62295954.0000
2019-07-17,sh.600711,5.1600,5.2000,5.1300,5.1600,5.1500,13051029,67337594.0000
2019-07-18,sh.600711,5.2700,5.2900,5.1600,5.1800,5.1600,34681561,181360703.0000
2019-07-19,sh.600711,5.2600,5.3300,5.2200,5.2600,5.1800,32941215,173692108.0000
2019-07-22,sh.600711,5.2000,5.2000,5.0100,5.0400,5.2600,27234887,138198085.0000
2019-07-23,sh.600711,5.0100,5.0700,5.0100,5.0500,5.0400,10874954,54830097.0000
2019-07-24,sh.600711,5.0600,5.1000,5.0400,5.1000,5.0500,13043559,66247853.0000
2019-07-25,sh.600711,5.0900,5.0900,5.0500,5.0600,5.1000,11501735,58209036.0000
2019-07-26,sh.600711,5.0400,5.1100,5.0000,5.0700,5.0600,16720410,84373595.0000
2019-07-29,sh.600711,5.0600,5.0800,5.0300,5.0400,5.0700,11644055,58810259.0000
2019-07-30,sh.600711,5.0500,5.1000,5.0400,5.1000,5.0400,16447073,83561418.0000
2019-07-31,sh.600711,5.0900,5.1500,5.0400,5.1100,5.1000,16876279,85875167.0000
2019-08-01,sh.600711,5.0500,5.2600,5.0300,5.1300,5.1100,30040642,155013978.0000
2019-08-02,sh.600711,5.0600,5.1500,5.0300,5.0600,5.1300,25096811,127212790.0000
2019-08-05,sh.600711,5.0700,5.2100,5.0300,5.1300,5.0600,37186755,190608719.0000
2019-08-06,sh.600711,5.1300,5.1300,4.7600,4.8300,5.1300,44723574,219655057.0000
2019-08-07,sh.600711,5.1000,5.3100,5.0700,5.3100,4.8300,102275096,535344933.0000
2019-08-08,sh.600711,5.4300,5.4300,5.1600,5.2700,5.3100,86353879,455374587.0000
2019-08-09,sh.600711,5.5500,5.8000,5.3900,5.8000,5.2700,223604375,1276369899.0000
2019-08-12,sh.600711,5.6500,5.6900,5.4000,5.5600,5.8000,133824811,741936494.0000
2019-08-13,sh.600711,5.5100,5.9900,5.4900,5.8000,5.5600,178057015,1030808290.0000
2019-08-14,sh.600711,5.6200,5.9700,5.5800,5.8600,5.8000,131709129,761162048.0000
2019-08-15,sh.600711,5.7700,5.9400,5.6400,5.7300,5.8600,108247641,624607757.0000
2019-08-16,sh.600711,5.8100,5.8500,5.6000,5.6000,5.7300,86221286,488297576.0000
2019-08-19,sh.600711,5.5000,5.5900,5.4300,5.5700,5.6000,70450256,388069316.0000
2019-08-20,sh.600711,5.5000,5.6800,5.4700,5.6000,5.5700,69960628,390970866.0000
2019-08-21,sh.600711,5.5200,5.5600,5.4300,5.4700,5.6000,48217069,264460706.0000
2019-08-22,sh.600711,5.4500,5.5400,5.4100,5.5000,5.4700,33162027,181369041.0000
2019-08-23,sh.600711,5.4600,5.5400,5.4200,5.4300,5.5000,35887473,196361758.0000
2019-08-26,sh.600711,5.5800,5.6300,5.2300,5.2500,5.4300,63835202,345227209.0000
2019-08-27,sh.600711,5.2100,5.3500,5.1800,5.3400,5.2500,42766926,225675431.0000
2019-08-28,sh.600711,5.3200,5.3500,5.2200,5.2600,5.3400,25393222,133843433.0000
2019-08-29,sh.600711,5.2500,5.3800,5.2100,5.3800,5.2600,41037205,217489659.0000
2019-08-30,sh.600711,5.3400,5.6200,5.3000,5.4700,5.3800,64298363,349946577.0000
2019-09-02,sh.600711,6.0200,6.0200,5.7500,5.9200,5.4700,183561153,1090456805.0000
2019-09-03,sh.600711,5.9200,6.1800,5.8400,5.9800,5.9200,188018396,1132556700.0000
2019-09-04,sh.600711,5.9000,5.9500,5.7200,5.8000,5.9800,138224882,803295860.0000
2019-09-05,sh.600711,5.8100,5.8800,5.7300,5.7400,5.8000,101939144,590560519.0000
2019-09-06,sh.600711,5.6400,5.7000,5.5900,5.6100,5.7400,68850975,387761537.0000
2019-09-09,sh.600711,5.6500,5.7000,5.6100,5.6900,5.6100,50277165,284884450.0000
2019-09-10,sh.600711,5.6900,5.8700,5.6500,5.8000,5.6900,71929536,416588423.0000
2019-09-11,sh.600711,5.7800,5.7800,5.6600,5.6700,5.8000,51670342,294832024.0000
2019-09-12,sh.600711,5.6800,5.7300,5.5900,5.6900,5.6700,40148031,226937194.0000
2019-09-16,sh.600711,5.7000,5.7300,5.6200,5.7200,5.6900,42306857,240473607.0000
2019-09-17,sh.600711,5.6900,5.6900,5.4600,5.4700,5.7200,42571604,236806232.0000
2019-09-18,sh.600711,5.4800,5.5000,5.4100,5.4200,5.4700,22625212,123530603.0000
2019-09-19,sh.600711,5.4300,5.5300,5.4000,5.5100,5.4200,23504311,128975743.0000
2019-09-20,sh.600711,5.5000,5.5600,5.4600,5.5100,5.5100,21640610,119012239.0000
2019-09-23,sh.600711,5.5100,5.5100,5.2900,5.3500,5.5100,31704496,170624345.0000
2019-09-24,sh.600711,5.3500,5.4500,5.3100,5.4100,5.3500,32138996,172894481.0000
2019-09-25,sh.600711,5.3800,5.4500,5.2800,5.3900,5.4100,40747323,218749353.0000
2019-09-26,sh.600711,5.3700,5.3900,5.1500,5.1500,5.3900,36366853,190591797.0000
2019-09-27,sh.600711,5.1700,5.2300,5.1500,5.1600,5.1500,16006278,83045420.0000
2019-09-30,sh.600711,5.1600,5.1900,5.1100,5.1200,5.1600,12597063,64801691.0000
2019-10-08,sh.600711,5.1000,5.1500,5.1000,5.1100,5.1200,9714294,49762248.0000
2019-10-09,sh.600711,5.0900,5.1700,5.0800,5.1500,5.1100,12616704,64856891.0000
2019-10-10,sh.600711,5.1600,5.1700,5.1200,5.1600,5.1500,12645042,65097516.0000
2019-10-11,sh.600711,5.1600,5.1600,5.1000,5.1500,5.1600,13507462,69313587.0000
2019-10-14,sh.600711,5.1900,5.2700,5.1600,5.2200,5.1500,22696111,118357320.0000
2019-10-15,sh.600711,5.2100,5.2300,5.1500,5.1700,5.2200,13146587,68056637.0000
2019-10-16,sh.600711,5.1600,5.1900,5.0900,5.0900,5.1700,13475300,69156593.0000
2019-10-17,sh.600711,5.0900,5.1200,5.0700,5.0900,5.0900,10952147,55726291.0000
2019-10-18,sh.600711,5.1000,5.1100,4.9700,4.9700,5.0900,17913486,90005570.0000
2019-10-21,sh.600711,4.9500,4.9700,4.8800,4.9100,4.9700,13505382,66286075.0000
2019-10-22,sh.600711,4.9200,5.0100,4.9100,4.9900,4.9100,9688731,48141588.0000
2019-10-23,sh.600711,4.9900,5.0100,4.9500,4.9700,4.9900,8323700,41454451.0000
2019-10-24,sh.600711,4.9800,4.9800,4.9100,4.9400,4.9700,8629300,42694958.0000
2019-10-25,sh.600711,4.9600,5.0300,4.9400,4.9900,4.9400,10458147,52145995.0000
2019-10-28,sh.600711,4.9900,5.0600,4.9600,5.0600,4.9900,15614474,78551076.0000
2019-10-29,sh.600711,5.0800,5.0900,5.0100,5.0500,5.0600,16852376,85170366.0000
2019-10-30,sh.600711,5.0200,5.0400,4.9100,4.9100,5.0500,15353787,75836899.0000
2019-10-31,sh.600711,4.9200,4.9500,4.8200,4.8400,4.9100,12110200,59098351.0000
2019-11-01,sh.600711,4.8200,4.9200,4.8200,4.8900,4.8400,8983643,43843978.0000
2019-11-04,sh.600711,4.9000,4.9400,4.8900,4.9100,4.8900,9090795,44656906.0000
2019-11-05,sh.600711,4.9000,5.0800,4.7500,4.9500,4.9100,33274257,163396076.0000
2019-11-06,sh.600711,4.8900,4.9800,4.8600,4.8700,4.9500,19848900,97516105.0000
2019-11-07,sh.600711,4.8300,4.8900,4.8200,4.8300,4.8700,11344125,54897589.0000
2019-11-08,sh.600711,4.8500,4.8800,4.8000,4.8000,4.8300,10800500,52175928.0000
2019-11-11,sh.600711,4.7700,4.7800,4.6300,4.6500,4.8000,16818781,78723386.0000
2019-11-12,sh.600711,4.6300,4.6800,4.5700,4.6400,4.6500,10400126,48106597.0000
2019-11-13,sh.600711,4.6400,4.7300,4.6200,4.6500,4.6400,11212256,52367401.0000
2019-11-14,sh.600711,4.6300,4.6400,4.5900,4.6200,4.6500,9632252,44455486.0000
2019-11-15,sh.600711,4.6000,4.6600,4.5800,4.5800,4.6200,8220400,37976704.0000
2019-11-18,sh.600711,4.5800,4.5900,4.4900,4.5300,4.5800,13354555,60423614.0000
2019-11-19,sh.600711,4.5300,4.6300,4.5100,4.6200,4.5300,14294924,65506948.0000
2019-11-20,sh.600711,4.6100,4.7100,4.5900,4.6400,4.6200,17523850,81566599.0000
2019-11-21,sh.600711,4.6300,4.6600,4.5800,4.5900,4.6400,9853270,45429708.0000
2019-11-22,sh.600711,4.6200,4.6800,4.5900,4.5900,4.5900,14388900,66663931.0000
2019-11-25,sh.600711,4.5900,4.7500,4.5800,4.7200,4.5900,21338066,100134854.0000
2019-11-26,sh.600711,4.7300,4.7300,4.6400,4.7000,4.7200,14926102,69835799.0000
2019-11-27,sh.600711,4.7200,4.9200,4.6800,4.8400,4.7000,45600998,219770912.0000
2019-11-28,sh.600711,4.7900,4.8000,4.6900,4.7200,4.8400,26045766,123463302.0000
2019-11-29,sh.600711,4.7200,4.7200,4.6200,4.6600,4.7200,13819931,64273118.0000
2019-12-02,sh.600711,4.6600,4.6700,4.5900,4.6000,4.6600,11899500,55020436.0000
2019-12-03,sh.600711,4.5700,4.6800,4.5600,4.6500,4.6000,11758221,54530826.0000
2019-12-04,sh.600711,4.6500,4.7600,4.6300,4.7200,4.6500,23665949,111699206.0000
2019-12-05,sh.600711,4.7000,4.7600,4.7000,4.7300,4.7200,15718726,74339971.0000
2019-12-06,sh.600711,4.7300,4.8200,4.7000,4.7700,4.7300,22081504,105495247.0000
2019-12-09,sh.600711,4.7700,4.8000,4.7200,4.7400,4.7700,14162304,67269733.0000
2019-12-10,sh.600711,4.7300,4.8000,4.7200,4.7400,4.7400,16561829,78763727.0000
2019-12-11,sh.600711,4.7300,4.7700,4.6500,4.6700,4.7400,17250640,80938802.0000
2019-12-12,sh.600711,4.7000,4.7100,4.6200,4.6200,4.6700,12483600,58177711.0000
2019-12-13,sh.600711,4.6300,4.6700,4.6200,4.6600,4.6200,17959470,83401544.0000
2019-12-16,sh.600711,4.6600,4.7200,4.5900,4.7000,4.6600,23867800,110992238.0000
2019-12-17,sh.600711,4.6900,4.8300,4.6800,4.8000,4.7000,36421034,174338278.0000
2019-12-18,sh.600711,4.8000,4.8700,4.7700,4.8200,4.8000,28528875,137239411.0000
2019-12-19,sh.600711,4.8500,4.8700,4.7800,4.8300,4.8200,17582160,84595120.0000
2019-12-20,sh.600711,4.8400,4.8700,4.7700,4.7800,4.8300,19827799,95763584.0000
2019-12-23,sh.600711,4.7800,4.9300,4.7300,4.8200,4.7800,52613492,255376755.0000
2019-12-24,sh.600711,4.7800,5.1600,4.7800,5.1200,4.8200,88324427,442749519.0000
2019-12-25,sh.600711,5.0700,5.0800,4.9100,4.9500,5.1200,63721055,316856363.0000
2019-12-26,sh.600711,4.9200,4.9800,4.8800,4.9600,4.9500,32962558,162735972.0000
2019-12-27,sh.600711,4.9600,5.4600,4.9200,5.2700,4.9600,160387146,848585424.0000
2019-12-30,sh.600711,5.3500,5.3600,5.1000,5.2800,5.2700,93199257,488838559.0000
2019-12-31,sh.600711,5.2400,5.4200,5.1600,5.2900,5.2800,65793171,347189083.0000
2020-01-02,sh.600711,5.3000,5.3800,5.2600,5.3100,5.2900,69216738,368018679.0000
2020-01-03,sh.600711,5.3200,5.5200,5.2600,5.3900,5.3100,86485663,466164281.0000
2020-01-06,sh.600711,5.4400,5.5600,5.3600,5.5200,5.3900,105614450,578139384.0000
2020-01-07,sh.600711,5.4400,5.4600,5.3200,5.3700,5.5200,64506300,347714248.0000
2020-01-08,sh.600711,5.4800,5.5200,5.2800,5.3500,5.3700,65931502,354238159.0000
2020-01-09,sh.600711,5.2900,5.4000,5.2900,5.3100,5.3500,50323202,268525724.0000
2020-01-10,sh.600711,5.3200,5.3400,5.1700,5.2000,5.3100,42195791,220751770.0000
2020-01-13,sh.600711,5.2400,5.2900,5.2000,5.2600,5.2000,25750319,135131091.0000
2020-01-14,sh.600711,5.3400,5.7300,5.3300,5.4500,5.2600,110511493,614146542.0000
2020-01-15,sh.600711,5.4000,5.5000,5.2700,5.3000,5.4500,56574552,302976221.0000
2020-01-16,sh.600711,5.2900,5.4000,5.2400,5.2400,5.3000,37466590,198692209.0000
2020-01-17,sh.600711,5.2600,5.3000,5.1700,5.2000,5.2400,30805564,161184086.0000
2020-01-20,sh.600711,5.1800,5.2800,5.1100,5.2500,5.2000,30524657,158761161.0000
2020-01-21,sh.600711,5.2200,5.2300,5.0800,5.0900,5.2500,30530124,157091189.0000
2020-01-22,sh.600711,5.1100,5.2300,5.0300,5.1800,5.0900,34794460,179371235.0000
2020-01-23,sh.600711,5.1400,5.2100,4.8800,4.9300,5.1800,42731808,215231218.0000
2020-02-03,sh.600711,4.4400,4.5300,4.4400,4.4400,4.9300,38622465,171721474.0000
2020-02-04,sh.600711,4.2700,4.5400,4.2700,4.4300,4.4400,47503587,211665152.0000
2020-02-05,sh.600711,4.5300,4.6500,4.4700,4.5200,4.4300,54375367,247389831.0000
2020-02-06,sh.600711,4.4500,4.5700,4.4300,4.5600,4.5200,45371528,204339445.0000
2020-02-07,sh.600711,4.5100,4.5500,4.4600,4.5200,4.5600,32326877,145455774.0000
2020-02-10,sh.600711,4.5000,4.7000,4.4500,4.6700,4.5200,48342051,222518010.0000
2020-02-11,sh.600711,4.6600,4.7600,4.6200,4.6800,4.6700,48129693,225917585.0000
2020-02-12,sh.600711,4.6800,5.1400,4.6500,5.0700,4.6800,106150689,526876803.0000
2020-02-13,sh.600711,5.0600,5.2700,4.9800,5.0500,5.0700,106477560,544083572.0000
2020-02-14,sh.600711,5.1000,5.3500,5.0800,5.1900,5.0500,107134911,557854626.0000
2020-02-17,sh.600711,5.1500,5.2500,5.1000,5.2300,5.1900,73546984,381130828.0000
2020-02-18,sh.600711,5.2300,5.3200,5.1800,5.2500,5.2300,61913478,324348563.0000
2020-02-19,sh.600711,4.9600,5.0400,4.8000,4.9000,5.2500,127434313,629379023.0000
2020-02-20,sh.600711,4.9600,5.0100,4.8600,4.9800,4.9000,53980089,266383212.0000
2020-02-21,sh.600711,4.9700,5.0400,4.9400,5.0200,4.9800,55039231,275522610.0000
2020-02-24,sh.600711,5.0700,5.0900,4.9100,4.9900,5.0200,50297445,250525325.0000
2020-02-25,sh.600711,4.9000,4.9900,4.8500,4.9600,4.9900,54093812,266239484.0000
2020-02-26,sh.600711,4.9000,4.9700,4.8400,4.8600,4.9600,44320425,217720761.0000
2020-02-27,sh.600711,5.1600,5.2100,4.9800,5.0000,4.8600,90383728,457821993.0000
2020-02-28,sh.600711,4.9000,4.9200,4.7200,4.7900,5.0000,73633946,355588693.0000
2020-03-02,sh.600711,4.6300,4.7800,4.5800,4.7600,4.7900,72220804,338842307.0000
2020-03-03,sh.600711,4.7900,4.8500,4.6700,4.7200,4.7600,50417081,240799502.0000
2020-03-04,sh.600711,4.7200,4.8100,4.6900,4.7900,4.7200,31997731,152212337.0000
2020-03-05,sh.600711,4.8100,4.9300,4.7800,4.8900,4.7900,52436156,254090369.0000
2020-03-06,sh.600711,4.8300,4.9000,4.8200,4.8400,4.8900,34763306,168713781.0000
2020-03-09,sh.600711,4.8500,4.9300,4.6400,4.6600,4.8400,43505509,206458452.0000
2020-03-10,sh.600711,4.5700,4.7100,4.5200,4.7100,4.6600,35377810,163141116.0000
2020-03-11,sh.600711,4.7000,4.7300,4.6300,4.6300,4.7100,25335906,118564399.0000
2020-03-12,sh.600711,4.5700,4.5900,4.4800,4.5000,4.6300,27373617,123875312.0000
2020-03-13,sh.600711,4.3000,4.4900,4.2000,4.4600,4.5000,30251118,131642877.0000
2020-03-16,sh.600711,4.5300,4.5500,4.3100,4.3400,4.4600,22461400,99870477.0000
2020-03-17,sh.600711,4.3400,4.4200,4.0900,4.2600,4.3400,24073169,102241998.0000
2020-03-18,sh.600711,4.3000,4.3400,4.1700,4.1800,4.2600,22572706,96091594.0000
2020-03-19,sh.600711,4.1600,4.1800,3.9800,4.0700,4.1800,34424334,140054160.0000
2020-03-20,sh.600711,4.0900,4.1900,4.0700,4.1800,4.0700,18525760,76204685.0000
2020-03-23,sh.600711,4.0900,4.1000,4.0100,4.0100,4.1800,15628479,63338524.0000
2020-03-24,sh.600711,4.1500,4.1800,4.0700,4.1600,4.0100,24890913,102704664.0000
2020-03-25,sh.600711,4.2500,4.2800,4.2000,4.2300,4.1600,25076700,106306275.0000
2020-03-26,sh.600711,4.2200,4.2200,4.1300,4.1400,4.2300,17433654,72778691.0000
2020-03-27,sh.600711,4.1900,4.2100,4.1500,4.1700,4.1400,13117077,54816281.0000
2020-03-30,sh.600711,4.1200,4.1200,4.0400,4.0700,4.1700,14619687,59491311.0000
2020-03-31,sh.600711,4.1000,4.1500,4.0400,4.1100,4.0700,23617265,96782233.0000
2020-04-01,sh.600711,4.1100,4.2200,4.0900,4.1700,4.1100,19488044,81071499.0000
2020-04-02,sh.600711,4.1200,4.2100,4.0900,4.2000,4.1700,17018631,70530174.0000
2020-04-03,sh.600711,4.1800,4.1900,4.1500,4.1500,4.2000,12555010,52274748.0000
2020-04-07,sh.600711,4.2200,4.2500,4.1800,4.2400,4.1500,21386577,90441089.0000
2020-04-08,sh.600711,4.2100,4.3500,4.1700,4.2700,4.2400,29133514,124129108.0000
2020-04-09,sh.600711,4.3100,4.3100,4.2300,4.2500,4.2700,17047428,72559460.0000
2020-04-10,sh.600711,4.2500,4.2700,4.1500,4.1500,4.2500,15535648,65265582.0000
2020-04-13,sh.600711,4.1200,4.1400,4.1000,4.1100,4.1500,8778206,36157517.0000
2020-04-14,sh.600711,4.1300,4.2400,4.1300,4.2200,4.1100,14694549,61692166.0000
2020-04-15,sh.600711,4.2000,4.2100,4.1500,4.1500,4.2200,12176269,50895546.0000
2020-04-16,sh.600711,4.1400,4.1600,4.1200,4.1500,4.1500,9121650,37761178.0000
2020-04-17,sh.600711,4.1600,4.1900,4.1300,4.1400,4.1500,13306788,55311307.0000
2020-04-20,sh.600711,4.1300,4.1400,4.1200,4.1300,4.1400,9012550,37211375.0000
2020-04-21,sh.600711,4.1200,4.1200,4.0300,4.0600,4.1300,15603370,63331500.0000
2020-04-22,sh.600711,4.0200,4.0900,3.9900,4.0700,4.0600,10079017,40772030.0000
2020-04-23,sh.600711,4.0800,4.0900,4.0200,4.0300,4.0700,10039000,40688143.0000
2020-04-24,sh.600711,4.0200,4.0500,3.9900,3.9900,4.0300,10822612,43437833.0000
2020-04-27,sh.600711,4.0200,4.0600,4.0000,4.0300,3.9900,9912855,39903923.0000
2020-04-28,sh.600711,4.0400,4.0500,3.8100,3.8900,4.0300,16150160,63186171.0000
2020-04-29,sh.600711,3.8800,3.9200,3.8500,3.8700,3.8900,7795042,30339657.0000
2020-04-30,sh.600711,3.8700,3.9300,3.8600,3.9200,3.8700,20654446,80650243.0000
2020-05-06,sh.600711,3.8700,4.0300,3.8700,4.0200,3.9200,19353725,76954743.0000
2020-05-07,sh.600711,4.0100,4.0300,3.9600,3.9700,4.0200,12494258,49889528.0000
2020-05-08,sh.600711,3.9900,4.0400,3.9700,4.0100,3.9700,10823362,43324692.0000
2020-05-11,sh.600711,3.9900,4.0600,3.9400,4.0600,4.0100,20181961,80906403.0000
2020-05-12,sh.600711,4.0100,4.0100,3.9500,3.9800,4.0600,11658209,46402669.0000
2020-05-13,sh.600711,3.9500,3.9800,3.9500,3.9700,3.9800,5338377,21183691.0000
2020-05-14,sh.600711,3.9600,3.9700,3.9300,3.9400,3.9700,7278214,28740280.0000
2020-05-15,sh.600711,3.9500,3.9600,3.9300,3.9300,3.9400,6941337,27368716.0000
2020-05-18,sh.600711,3.9400,4.0400,3.9200,4.0100,3.9300,20951927,83971761.0000
2020-05-19,sh.600711,4.0100,4.0200,3.9200,3.9300,4.0100,18462650,73035835.0000
2020-05-20,sh.600711,3.9200,3.9600,3.8600,3.8800,3.9300,14411100,56372945.0000
2020-05-21,sh.600711,3.8900,3.9000,3.7800,3.7900,3.8800,15894900,60992048.0000
2020-05-22,sh.600711,3.7700,3.7700,3.6100,3.6400,3.7900,23857831,87429228.0000
2020-05-25,sh.600711,3.6400,3.6400,3.5600,3.5700,3.6400,14049202,50360760.0000
2020-05-26,sh.600711,3.5700,3.6400,3.5600,3.6400,3.5700,8439097,30513093.0000
2020-05-27,sh.600711,3.6300,3.6700,3.6000,3.6700,3.6400,10729353,39023136.0000
2020-05-28,sh.600711,3.6500,3.7200,3.6500,3.7000,3.6700,16460772,60792798.0000
2020-05-29,sh.600711,3.6800,3.7400,3.6700,3.7100,3.7000,11914392,44279816.0000
2020-06-01,sh.600711,3.7200,3.8200,3.7100,3.8200,3.7100,15754801,59519326.0000
2020-06-02,sh.600711,3.8600,3.9300,3.8300,3.9100,3.8200,22800197,88805039.0000
2020-06-03,sh.600711,3.9100,3.9300,3.8600,3.8800,3.9100,18166150,70566819.0000
2020-06-04,sh.600711,3.8800,3.9300,3.8600,3.8900,3.8800,12044760,46882779.0000
2020-06-05,sh.600711,3.8900,3.9000,3.8400,3.9000,3.8900,11137497,43144469.0000
2020-06-08,sh.600711,3.9000,3.9500,3.8800,3.9000,3.9000,15220202,59570066.0000
2020-06-09,sh.600711,3.9000,3.9800,3.9000,3.9300,3.9000,19071029,74988498.0000
2020-06-10,sh.600711,3.9400,4.0200,3.8600,3.9600,3.9300,24916721,98170580.0000
2020-06-11,sh.600711,3.9600,3.9900,3.9200,3.9700,3.9600,19946723,78874854.0000
2020-06-12,sh.600711,3.9000,3.9400,3.8500,3.8800,3.9700,16035553,62277504.0000
2020-06-15,sh.600711,3.9200,4.1900,3.8600,4.0600,3.8800,51162495,205901805.0000
2020-06-16,sh.600711,4.1800,4.4500,4.0100,4.3500,4.0600,92713804,393048829.0000
2020-06-17,sh.600711,4.4400,4.7900,4.4200,4.5800,4.3500,157756553,729024277.0000
2020-06-18,sh.600711,4.5300,4.6900,4.4600,4.5100,4.5800,77707008,352372469.0000
2020-06-19,sh.600711,4.5100,4.6000,4.4100,4.5300,4.5100,57434462,258423304.0000
2020-06-22,sh.600711,4.6100,4.6800,4.5200,4.5600,4.5300,51170920,234977833.0000
2020-06-23,sh.600711,4.5300,4.5700,4.4300,4.4800,4.5600,31204515,139971431.0000
2020-06-24,sh.600711,4.4800,4.4900,4.3700,4.3900,4.4800,28284934,124882181.0000
2020-06-29,sh.600711,4.4500,4.8300,4.4500,4.6700,4.3900,72155817,337251996.0000
2020-06-30,sh.600711,4.7400,5.1400,4.7200,5.1400,4.6700,214600335,1086184223.0000
2020-07-01,sh.600711,5.1300,5.1800,4.9200,4.9800,5.1400,143319049,721887543.0000
2020-07-02,sh.600711,5.0500,5.3100,4.9500,5.2100,4.9800,138868540,709768794.0000
2020-07-03,sh.600711,5.2100,5.4400,5.0600,5.1400,5.2100,123324540,644983675.0000
2020-07-06,sh.600711,5.2000,5.3800,5.1200,5.3200,5.1400,129573639,682773830.0000
2020-07-07,sh.600711,5.3500,5.4900,5.2100,5.2100,5.3200,115559210,617219119.0000
2020-07-08,sh.600711,5.1500,5.4600,5.0800,5.3400,5.2100,116962090,617320412.0000
2020-07-09,sh.600711,5.3500,5.5700,5.3200,5.5500,5.3400,135052169,735572567.0000
2020-07-10,sh.600711,5.4600,5.4700,5.2400,5.2900,5.5500,108362415,579256240.0000
2020-07-13,sh.600711,5.3700,5.8200,5.3700,5.8200,5.2900,179954106,1021328340.0000
2020-07-14,sh.600711,5.7800,6.0800,5.6200,5.8500,5.7800,167089087,979712917.0000
2020-07-15,sh.600711,5.8300,5.9400,5.3200,5.4100,5.8500,131218314,727357170.0000
2020-07-16,sh.600711,5.4700,5.4900,4.9700,4.9800,5.4100,102054417,532694318.0000
2020-07-17,sh.600711,5.0900,5.2000,4.9100,5.0200,4.9800,70990243,358245408.0000
2020-07-20,sh.600711,5.0400,5.5100,5.0300,5.4800,5.0200,95658543,510366869.0000
2020-07-21,sh.600711,5.4900,5.6000,5.3700,5.5400,5.4800,66227790,363887622.6000
2020-07-22,sh.600711,5.8500,5.9800,5.4700,5.5000,5.5400,81591309,458465319.6900
2020-07-23,sh.600711,5.5600,5.9200,5.4900,5.7000,5.5000,133279102,761798909.4400
2020-07-24,sh.600711,5.9800,6.0800,5.5800,5.6700,5.7000,175744016,1030372661.0300
2020-07-27,sh.600711,5.7500,6.0300,5.6900,5.9200,5.6700,139268647,817302462.6500
2020-07-28,sh.600711,6.1500,6.3500,5.9800,6.0600,5.9200,151466735,934118207.5500
2020-07-29,sh.600711,6.1300,6.1300,5.8300,6.0500,6.0600,91927970,546821008.6800
2020-07-30,sh.600711,6.0800,6.4200,6.0000,6.3700,6.0500,152249905,954833230.9200
2020-07-31,sh.600711,6.2800,6.3900,6.0900,6.3500,6.3700,120208772,748192810.2700
2020-08-03,sh.600711,6.3400,6.4500,6.2300,6.3500,6.3500,91389991,578696704.7300
2020-08-04,sh.600711,6.7000,6.7100,6.3300,6.3900,6.3500,105241138,683610078.2600
2020-08-05,sh.600711,6.4200,6.7200,6.2700,6.7000,6.3900,135176414,877794373.6300
2020-08-06,sh.600711,6.6700,7.2600,6.6700,7.0300,6.7000,168215131,1179358986.5900
2020-08-07,sh.600711,7.0000,7.3200,6.8800,7.1500,7.0300,133737936,957506241.9200
2020-08-10,sh.600711,6.9600,7.1100,6.7800,6.9800,7.1500,86406881,598295511.9900
2020-08-11,sh.600711,6.9900,6.9900,6.5500,6.5700,6.9800,109139126,736188455.1300
2020-08-12,sh.600711,6.4500,6.6400,6.0800,6.3400,6.5700,119634217,755854269.3400
2020-08-13,sh.600711,6.4000,6.4800,6.2200,6.2700,6.3400,52043707,328655223.7900
2020-08-14,sh.600711,6.3500,6.4300,6.0000,6.1700,6.2700,84328340,520876068.2200
2020-08-17,sh.600711,6.2900,6.7800,6.1000,6.7100,6.1700,110566296,718483468.5400
2020-08-18,sh.600711,6.8100,7.0100,6.7000,6.7600,6.7100,99093741,676659068.0000
2020-08-19,sh.600711,6.7500,6.9800,6.6300,6.6500,6.7600,82345158,559372278.1300
2020-08-20,sh.600711,6.7800,6.8400,6.4100,6.4500,6.6500,82004887,536654348.7700
2020-08-21,sh.600711,6.4200,6.5400,6.3200,6.3300,6.4500,63346560,406144978.2800
2020-08-24,sh.600711,6.4000,6.5400,6.3500,6.4400,6.3300,46913222,300539388.1700
2020-08-25,sh.600711,6.3700,6.3700,5.9500,5.9700,6.4400,87558704,535776966.9700
2020-08-26,sh.600711,5.9800,6.1300,5.7700,5.8800,5.9700,68770698,407972245.0000
2020-08-27,sh.600711,5.9300,6.0200,5.8200,5.8800,5.8800,42113764,248653756.2100
2020-08-28,sh.600711,5.9000,5.9800,5.7000,5.9400,5.8800,40851405,237900586.1100
2020-08-31,sh.600711,5.9900,6.1600,5.9800,6.0400,5.9400,48486274,294266370.7000
2020-09-01,sh.600711,6.0000,6.1400,5.8900,6.1200,6.0400,42709223,257461582.2000
2020-09-02,sh.600711,6.1400,6.1700,5.9700,6.0400,6.1200,42252362,255502289.4000
2020-09-03,sh.600711,6.0400,6.0800,5.8400,5.9000,6.0400,34078492,202270446.3800
2020-09-04,sh.600711,5.7600,5.9100,5.6800,5.8900,5.9000,28054583,163135029.9600
2020-09-07,sh.600711,5.8500,5.9800,5.7600,5.7800,5.8900,35369405,208372745.9600
2020-09-08,sh.600711,5.9100,6.2100,5.8300,6.0800,5.7800,61579261,372231884.5600
2020-09-09,sh.600711,6.0400,6.1700,5.9200,5.9300,6.0800,44178827,267061816.6000
2020-09-10,sh.600711,6.0300,6.1200,5.8100,6.0100,5.9300,39428694,235614622.2300
2020-09-11,sh.600711,5.9600,6.0200,5.7300,5.8700,6.0100,38893292,228336831.4500
2020-09-14,sh.600711,6.0800,6.4500,6.0800,6.3200,5.8700,99713885,628809409.8700
2020-09-15,sh.600711,6.3300,6.4400,6.1100,6.2000,6.3200,72008738,449178263.6600
2020-09-16,sh.600711,6.1600,6.3400,6.0900,6.2300,6.2000,51421307,318783571.8100
2020-09-17,sh.600711,6.1300,6.1600,5.9700,6.0500,6.2300,38996347,235915549.0200
2020-09-18,sh.600711,6.0200,6.3100,5.9700,6.2800,6.0500,51248229,315740559.3700
2020-09-21,sh.600711,6.2800,6.3300,6.0900,6.1300,6.2800,38903206,240398685.1200
2020-09-22,sh.600711,6.0000,6.0000,5.7600,5.8600,6.1300,45943026,271426582.9100
2020-09-23,sh.600711,5.9400,6.0400,5.8400,5.9000,5.8600,36066025,214340832.7100
2020-09-24,sh.600711,5.7800,5.7900,5.4000,5.4400,5.9000,54835745,303825863.5800
2020-09-25,sh.600711,5.4500,5.4800,5.2900,5.3100,5.4400,23679010,126798984.6400
2020-09-28,sh.600711,5.3000,5.3900,5.2000,5.3200,5.3100,15172690,80376907.0200
2020-09-29,sh.600711,5.3700,5.4200,5.3500,5.3700,5.3200,13586420,73003492.5000
2020-09-30,sh.600711,5.3600,5.3800,5.1800,5.2500,5.3700,25998367,136750962.8800
2020-10-09,sh.600711,5.3700,5.6000,5.3700,5.5100,5.2500,36073899,198371725.7400
2020-10-12,sh.600711,5.5100,5.7000,5.5100,5.6600,5.5100,29138917,163607121.0700
2020-10-13,sh.600711,5.6500,5.7900,5.5500,5.6800,5.6600,28614518,161942194.9800
2020-10-14,sh.600711,5.6800,5.7200,5.6000,5.6900,5.6800,24427638,138588600.7200
2020-10-15,sh.600711,5.7400,5.7900,5.7000,5.7000,5.6900,27610220,158531877.7000
2020-10-16,sh.600711,5.7700,5.7800,5.6000,5.6800,5.7000,19007703,107584924.9100
2020-10-19,sh.600711,5.7200,5.8300,5.6400,5.7200,5.6800,19174756,109877735.9100
2020-10-20,sh.600711,5.6800,5.8900,5.6300,5.8900,5.7200,30656990,177440656.7200
2020-10-21,sh.600711,5.8800,5.9900,5.8200,5.8300,5.8900,24284059,142696740.1300
2020-10-22,sh.600711,5.7900,5.8300,5.7300,5.7700,5.8300,15255804,88174245.1200
2020-10-23,sh.600711,5.7600,5.9000,5.7300,5.7700,5.7700,17691304,103034798.7500
2020-10-26,sh.600711,5.7300,5.7500,5.3400,5.4000,5.7700,39873434,217802826.2600
2020-10-27,sh.600711,5.4400,5.6600,5.4200,5.5400,5.4000,28991628,160723107.8500
2020-10-28,sh.600711,5.5800,6.0100,5.4200,5.9300,5.5400,55381454,320971732.2500
2020-10-29,sh.600711,5.8900,6.0400,5.8500,5.9700,5.9300,58031658,345679243.2600
2020-10-30,sh.600711,5.9500,5.9600,5.6000,5.6300,5.9700,51699411,297064580.2300
2020-11-02,sh.600711,5.6000,5.6900,5.3900,5.4100,5.6300,40579757,222386483.8300
2020-11-03,sh.600711,5.5000,5.9500,5.4900,5.9500,5.4100,48220674,282434599.6200
2020-11-04,sh.600711,6.0400,6.3800,6.0100,6.2500,5.9500,152952562,948739904.8900
2020-11-05,sh.600711,6.3900,6.4800,6.2600,6.3900,6.2500,111482065,711686976.2900
2020-11-06,sh.600711,6.4400,6.6300,6.2800,6.5000,6.3900,112095575,726164702.9400
2020-11-09,sh.600711,6.6000,6.9000,6.5300,6.7600,6.5000,103627102,697228440.6600
2020-11-10,sh.600711,6.7600,6.8400,6.5800,6.6600,6.7600,93735245,629516837.4300
2020-11-11,sh.600711,6.6500,6.7900,6.4900,6.5400,6.6600,74881503,495783875.3700
2020-11-12,sh.600711,6.6500,6.6500,6.3700,6.5000,6.5400,57558485,374688143.7300
2020-11-13,sh.600711,6.5400,6.7800,6.4900,6.5800,6.5000,93760234,621405028.7700
2020-11-16,sh.600711,6.5900,7.1400,6.5300,6.9500,6.5800,163627874,1131675419.8700
2020-11-17,sh.600711,6.9200,7.0300,6.7100,6.7800,6.9500,132216493,908918282.3900
2020-11-18,sh.600711,6.8100,7.0600,6.7200,6.8100,6.7800,116135586,800713919.1900
2020-11-19,sh.600711,6.7900,6.8300,6.2800,6.6600,6.8100,114705647,749257560.5400
2020-11-20,sh.600711,6.6100,7.1200,6.5500,7.0300,6.6600,142126323,982173115.8900
2020-11-23,sh.600711,7.0800,7.3400,6.8900,7.1300,7.0300,186373948,1331086302.8000
2020-11-24,sh.600711,7.0500,7.1100,6.8700,6.9600,7.1300,117517175,817883930.0500
2020-11-25,sh.600711,6.9800,7.1800,6.6700,6.6700,6.9600,118294662,818401291.2500
2020-11-26,sh.600711,6.7000,6.8200,6.3600,6.4400,6.6700,99385311,646692071.0100
2020-11-27,sh.600711,6.5100,6.5600,6.2000,6.3500,6.4400,81589711,517908428.7200
2020-11-30,sh.600711,6.3700,6.6700,6.3200,6.3700,6.3500,95888174,623585255.0700
2020-12-01,sh.600711,6.3300,6.4400,6.2100,6.3700,6.3700,59552310,376799903.5100
2020-12-02,sh.600711,6.4400,6.4800,6.2700,6.3100,6.3700,65701044,417736406.7900
2020-12-03,sh.600711,6.2600,6.2700,6.0500,6.1100,6.3100,62385407,382448565.0200
2020-12-04,sh.600711,6.0800,6.2900,6.0300,6.2100,6.1100,54943676,338792863.1900
2020-12-07,sh.600711,6.1800,6.3300,6.1300,6.1900,6.2100,44557280,277084384.3700
2020-12-08,sh.600711,6.2000,6.2400,6.0800,6.1300,6.1900,41850694,257375272.2800
2020-12-09,sh.600711,6.1400,6.3400,6.1000,6.1900,6.1300,70241397,438384122.4000
2020-12-10,sh.600711,6.1800,6.2000,5.9000,6.0200,6.1900,60071155,361643674.4100
2020-12-11,sh.600711,6.3000,6.4000,6.0100,6.0900,6.0200,97012950,604248851.3300
2020-12-14,sh.600711,6.1200,6.4000,5.9800,6.3600,6.0900,121387355,762367718.6600
2020-12-15,sh.600711,6.3200,6.5700,6.2700,6.4200,6.3600,95573080,614168410.7100
2020-12-16,sh.600711,6.9900,7.0600,6.8000,7.0600,6.4200,210103003,1461708413.5800
2020-12-17,sh.600711,7.0200,7.7700,6.9000,7.7700,7.0600,346077264,2509240760.3100
2020-12-18,sh.600711,8.0600,8.5500,7.9600,8.1300,7.7700,506663360,4178699592.3300
2020-12-21,sh.600711,8.1100,8.8700,8.1100,8.4400,8.1300,483300144,4091013180.7300
2020-12-22,sh.600711,8.2000,9.0800,8.0800,8.4500,8.4400,475897808,4006887205.6300
2020-12-23,sh.600711,8.4000,9.0600,8.3000,8.5500,8.4500,405883232,3505622520.8800
2020-12-24,sh.600711,8.4200,9.0400,8.3100,8.8800,8.5500,353020864,3079537415.9300
2020-12-25,sh.600711,8.6900,9.7700,8.5900,9.7700,8.8800,423984128,3865157726.6700
2020-12-28,sh.600711,9.8300,10.2400,9.4900,9.5100,9.7700,396268496,3911227990.5900
2020-12-29,sh.600711,9.4000,9.6600,8.5600,8.5600,9.5100,353635664,3160772976.0700
2020-12-30,sh.600711,8.5100,9.0200,8.4200,8.7500,8.5600,334572128,2938197043.6600
2020-12-31,sh.600711,8.7000,9.3800,8.7000,9.1600,8.7500,293225616,2670088502.8500
2021-01-04,sh.600711,9.3800,9.9400,9.1700,9.8800,9.1600,357881808,3399618694.2000
2021-01-05,sh.600711,9.7200,9.7800,9.2400,9.2900,9.8800,330625840,3116355170.1600
2021-01-06,sh.600711,9.4900,9.6100,8.6900,9.0000,9.2900,279095888,2526503316.8500
2021-01-07,sh.600711,8.9600,9.8900,8.9000,9.6700,9.0000,372387072,3535464736.4000
2021-01-08,sh.600711,9.6400,9.6400,8.8000,9.4600,9.6700,269311072,2477215170.1200
2021-01-11,sh.600711,9.3000,9.3000,8.5600,8.6200,9.4600,262559577,2339582555.5500
2021-01-12,sh.600711,8.3500,8.6500,8.2000,8.5300,8.6200,217995416,1842735950.8100
2021-01-13,sh.600711,8.6400,8.8200,7.6800,7.6900,8.5300,334133264,2721111942.4000
2021-01-14,sh.600711,7.6000,7.8900,7.4200,7.6600,7.6900,189890416,1460086815.6800
2021-01-15,sh.600711,7.8300,7.9600,7.4400,7.7800,7.6600,162000343,1256213231.9700
2021-01-18,sh.600711,7.6600,7.8200,7.4700,7.6700,7.7800,135347835,1037504361.5300
2021-01-19,sh.600711,7.6300,7.8300,7.3100,7.4200,7.6700,194599381,1478124302.2200
2021-01-20,sh.600711,7.4200,7.9200,7.3900,7.8400,7.4200,183936588,1404933891.2400
2021-01-21,sh.600711,7.7000,8.1400,7.5600,7.9000,7.8400,240226361,1900454431.7100
2021-01-22,sh.600711,7.7100,8.1000,7.5100,8.0300,7.9000,233805341,1834107210.9700
2021-01-25,sh.600711,8.0000,8.8300,7.9500,8.7800,8.0300,362980560,3078637850.9300
2021-01-26,sh.600711,8.5500,8.7000,8.2200,8.3400,8.7800,221641175,1875448986.7600
2021-01-27,sh.600711,8.2400,8.3300,7.5100,8.0400,8.3400,199442422,1572368469.5600
2021-01-28,sh.600711,7.8200,8.2000,7.7400,7.8500,8.0400,138527214,1107296283.9200
2021-01-29,sh.600711,8.0000,8.0800,7.2000,7.4000,7.8500,145039756,1099288315.8200
2021-02-01,sh.600711,7.3300,7.8900,7.3000,7.7700,7.4000,150691463,1162203698.4900
2021-02-02,sh.600711,7.7900,8.1300,7.6500,7.9900,7.7700,157287946,1245846820.0000
2021-02-03,sh.600711,8.0500,8.3300,7.9700,8.0500,7.9900,214777388,1752217296.3100
2021-02-04,sh.600711,7.9500,8.0700,7.3300,7.5200,8.0500,167374616,1283050031.5100
2021-02-05,sh.600711,7.5000,7.5200,6.7700,6.7700,7.5200,197924951,1387225168.0900
2021-02-08,sh.600711,6.8600,7.4500,6.7300,7.4100,6.7700,181476855,1301455656.0000
2021-02-09,sh.600711,7.3500,7.7300,7.2800,7.6500,7.4100,150219189,1136938527.5800
2021-02-10,sh.600711,7.6900,7.8500,7.5300,7.7500,7.6500,123879879,955204449.2500
2021-02-18,sh.600711,8.4900,8.5300,8.1600,8.3800,7.7500,236133830,1982282086.8200
2021-02-19,sh.600711,8.3800,9.2200,8.1900,9.0500,8.3800,348745904,3069858255.6100
2021-02-22,sh.600711,9.3900,9.9600,9.2100,9.7000,9.0500,424775968,4100918166.2600
2021-02-23,sh.600711,9.4000,9.6000,8.9000,9.1000,9.7000,289256304,2683226569.1200
2021-02-24,sh.600711,9.2500,9.4300,8.7300,8.9200,9.1000,222608444,2013823297.2700
2021-02-25,sh.600711,9.2500,9.3200,8.5700,8.6200,8.9200,202722000,1797347623.2600
2021-02-26,sh.600711,8.1300,8.3600,7.9500,8.1300,8.6200,163702107,1332879495.4800
2021-03-01,sh.600711,8.1700,8.4800,8.1000,8.3700,8.1300,139616899,1159072944.0400
2021-03-02,sh.600711,8.3500,8.3700,7.8000,7.9000,8.3700,151473794,1209957305.9500
2021-03-03,sh.600711,7.9400,8.2500,7.9000,8.1600,7.9000,120433494,975242597.6000
2021-03-04,sh.600711,7.8200,7.8400,7.5000,7.6200,8.1600,158787367,1213690029.4100
2021-03-05,sh.600711,7.2100,7.5200,7.1300,7.4000,7.6200,103975532,763636918.1000
2021-03-08,sh.600711,7.5300,7.6000,7.1400,7.1700,7.4000,97816646,716799116.6300
2021-03-09,sh.600711,7.1500,7.3800,6.8100,7.2100,7.1700,103555565,740455489.2900
2021-03-10,sh.600711,7.3000,7.3700,7.1300,7.1800,7.2100,68000343,492666572.9000
2021-03-11,sh.600711,7.2100,7.5900,7.1800,7.5800,7.1800,116583373,866198497.7200
2021-03-12,sh.600711,7.5500,7.5500,7.2500,7.3100,7.5800,95011133,697953885.4900
2021-03-15,sh.600711,7.2500,7.4200,7.2000,7.3500,7.3100,75754290,553764365.8800
2021-03-16,sh.600711,7.3000,7.3200,7.0100,7.1000,7.3500,78970979,562937850.4500
2021-03-17,sh.600711,7.0000,7.2200,6.9000,7.1600,7.1000,56973350,404063315.1600
2021-03-18,sh.600711,7.2300,7.3000,7.1000,7.1200,7.1600,62231094,446546026.8900
2021-03-19,sh.600711,6.9600,7.0500,6.9000,6.9200,7.1200,61950994,431474044.6100
2021-03-22,sh.600711,6.9600,7.0400,6.8100,7.0400,6.9200,59020051,409321341.8600
2021-03-23,sh.600711,7.0000,7.0100,6.6800,6.7000,7.0400,79787510,541138990.4600
2021-03-24,sh.600711,6.6000,6.7100,6.4000,6.4300,6.7000,68104910,443092949.6400
2021-03-25,sh.600711,6.4100,6.5600,6.3900,6.4300,6.4300,39999121,259246320.0300
2021-03-26,sh.600711,6.4200,6.6800,6.4200,6.6300,6.4300,53489943,352053384.5400
2021-03-29,sh.600711,6.6600,6.6700,6.5000,6.5700,6.6300,39507177,259903917.0300
2021-03-30,sh.600711,6.5600,6.7400,6.4400,6.6800,6.5700,57142568,378438445.8000
2021-03-31,sh.600711,6.6000,6.6300,6.4600,6.4800,6.6800,44238284,288431594.8200
2021-04-01,sh.600711,6.4900,6.5600,6.4600,6.5400,6.4800,28918579,188349234.5400
2021-04-02,sh.600711,6.5400,6.6700,6.4700,6.6100,6.5400,41632300,273384489.7100
2021-04-06,sh.600711,6.7000,6.7300,6.6400,6.6900,6.6100,45453509,303983386.1700
2021-04-07,sh.600711,6.6500,6.8500,6.5500,6.7400,6.6900,66559838,446649094.5300
2021-04-08,sh.600711,6.7000,7.1000,6.6900,6.9400,6.7400,108091941,746871287.9100
2021-04-09,sh.600711,6.9400,7.0000,6.7800,6.8200,6.9400,57323353,392203628.4200
2021-04-12,sh.600711,6.8100,6.8200,6.5000,6.5100,6.8200,51864406,343262467.3200
2021-04-13,sh.600711,6.4900,6.5700,6.4400,6.4500,6.5100,32967778,214119273.4200
2021-04-14,sh.600711,6.4300,6.5600,6.4300,6.5500,6.4500,31859847,207387134.7300
2021-04-15,sh.600711,6.5400,6.5700,6.4200,6.5200,6.5500,41818953,271594229.6000
2021-04-16,sh.600711,6.5600,6.6300,6.4800,6.5700,6.5200,49503211,325069229.4200
2021-04-19,sh.600711,6.5300,6.9100,6.4700,6.8200,6.5700,82828390,558839029.8600
2021-04-20,sh.600711,6.7700,6.8200,6.6800,6.7100,6.8200,53635322,361016120.0400
2021-04-21,sh.600711,6.6800,6.6900,6.5700,6.6100,6.7100,38810464,257225516.9100
2021-04-22,sh.600711,6.6500,6.7800,6.6300,6.6900,6.6100,39594974,265739848.4100
2021-04-23,sh.600711,6.6600,6.9000,6.6000,6.8200,6.6900,74564223,506058318.4900
2021-04-26,sh.600711,6.8300,7.1800,6.8300,7.0600,6.8200,128498530,904281466.1500
2021-04-27,sh.600711,7.0600,7.1900,6.9100,7.1700,7.0600,94306894,666103842.5200
2021-04-28,sh.600711,7.8000,7.8000,7.2500,7.5700,7.1700,229550490,1734959152.5100
2021-04-29,sh.600711,7.5100,7.6300,7.2500,7.4500,7.5700,151364808,1125842928.1400
2021-04-30,sh.600711,7.3700,7.6800,7.3700,7.5100,7.4500,121893609,917569805.9000
2021-05-06,sh.600711,7.7300,7.7900,7.5100,7.7000,7.5100,139393722,1069439513.1300
2021-05-07,sh.600711,7.7700,8.2300,7.7500,7.9600,7.7000,180445638,1444582139.0000
2021-05-10,sh.600711,8.1000,8.3800,7.9700,8.2800,7.9600,166975368,1369810016.3000
2021-05-11,sh.600711,8.0000,8.0000,7.4500,7.6200,8.2800,180788283,1387629749.4900
2021-05-12,sh.600711,7.5500,7.9300,7.5400,7.8300,7.6200,121011918,945457435.3300
2021-05-13,sh.600711,7.5600,7.6300,7.3900,7.4000,7.8300,110682123,828330880.7200
2021-05-14,sh.600711,7.4500,7.4800,7.2600,7.4400,7.4000,72010235,532099237.3900
2021-05-17,sh.600711,7.4200,7.7600,7.2400,7.7100,7.4400,127304663,961046996.2600
2021-05-18,sh.600711,7.7800,7.8900,7.6500,7.7200,7.7100,93569823,726292723.7900
2021-05-19,sh.600711,7.6500,7.9100,7.4700,7.7900,7.7200,116849438,904874194.6600
2021-05-20,sh.600711,7.4200,7.4400,7.2600,7.3200,7.7900,128737510,946949203.3700
2021-05-21,sh.600711,7.3200,8.0500,7.3200,7.9400,7.3200,234647927,1838769222.3200
2021-05-24,sh.600711,7.9800,7.9800,7.6200,7.8000,7.9400,145528056,1127671270.9800
2021-05-25,sh.600711,7.7500,7.9700,7.5700,7.8600,7.8000,128116885,996849942.1300
2021-05-26,sh.600711,7.8000,7.9400,7.7300,7.8300,7.8600,104340425,817635265.2700
2021-05-27,sh.600711,7.7800,7.7900,7.5800,7.6300,7.8300,113917084,874259304.8500
2021-05-28,sh.600711,7.8300,8.0900,7.8300,7.8500,7.6300,189261154,1506681013.9600
2021-05-31,sh.600711,8.0700,8.3600,7.9400,7.9900,7.8500,190891187,1553858459.9500
2021-06-01,sh.600711,8.0100,8.1700,7.7800,8.1400,7.9900,138988711,1108159936.4500
2021-06-02,sh.600711,8.0400,8.7300,8.0200,8.3800,8.1400,223254530,1881777861.2200
2021-06-03,sh.600711,8.4000,8.6500,8.2500,8.4200,8.3800,165978765,1408818501.7800
2021-06-04,sh.600711,8.0000,8.1700,7.6800,8.0600,8.4200,187269078,1495970250.0900
2021-06-07,sh.600711,8.0400,8.1500,7.8500,7.9100,8.0600,105966600,844470015.7800
2021-06-08,sh.600711,7.8500,7.9900,7.6000,7.6500,7.9100,122482944,948171847.4700
2021-06-09,sh.600711,7.6700,7.7600,7.5300,7.6700,7.6500,73118180,560003697.0500
2021-06-10,sh.600711,7.6100,7.6900,7.5100,7.5800,7.6700,88369600,670835608.8000
2021-06-11,sh.600711,7.5800,7.7300,7.4800,7.6300,7.5800,94804074,720655850.9700
2021-06-15,sh.600711,7.5700,7.6000,7.2800,7.3100,7.6300,88822666,654146170.2800
2021-06-16,sh.600711,7.2000,7.2500,6.9300,6.9900,7.3100,77029268,545227814.2500
2021-06-17,sh.600711,6.9300,7.0800,6.9100,6.9800,6.9900,48419521,339204040.9600
2021-06-18,sh.600711,6.8500,7.0900,6.7300,7.0500,6.9800,70398838,487473917.7400
2021-06-21,sh.600711,6.9500,7.0400,6.9100,6.9700,7.0500,55542305,386813181.4900
2021-06-22,sh.600711,7.0000,7.1700,7.0000,7.1000,6.9700,62650718,444433333.3000
2021-06-23,sh.600711,7.1100,7.1900,7.0000,7.1300,7.1000,62742108,445621589.6100
2021-06-24,sh.600711,7.1300,7.2400,7.0000,7.0200,7.1300,50373745,356539360.9800
2021-06-25,sh.600711,7.1200,7.4400,7.1200,7.3500,7.0200,106729988,776023435.2200
2021-06-28,sh.600711,7.2600,7.4200,7.2100,7.2800,7.3500,66554115,485666425.1100
2021-06-29,sh.600711,7.2900,7.3000,7.0400,7.0700,7.2800,57656318,410947150.7700
2021-06-30,sh.600711,7.0800,7.2300,7.0500,7.1300,7.0700,55180426,394864239.2400
2021-07-01,sh.600711,7.1700,7.1800,6.8700,6.9100,7.1300,69359401,485013718.3500
2021-07-02,sh.600711,6.9100,7.0800,6.8500,6.9800,6.9100,49774766,348495053.0900
2021-07-05,sh.600711,7.1000,7.5500,7.0600,7.4900,6.9800,170449808,1265540642.1400
2021-07-06,sh.600711,7.5400,7.7700,7.4200,7.5900,7.4900,144921176,1103067886.9800
2021-07-07,sh.600711,7.4500,7.9500,7.3300,7.8600,7.5900,179094559,1397577532.2400
2021-07-08,sh.600711,7.7800,7.9900,7.7500,7.8500,7.8600,163742726,1291612107.5000
2021-07-09,sh.600711,7.8000,8.6300,7.8000,8.5600,7.8500,319976400,2680282507.4600
2021-07-12,sh.600711,8.6400,9.0300,8.4800,8.7400,8.5600,283419872,2482771028.8300
2021-07-13,sh.600711,9.0000,9.1400,8.7500,9.0600,8.7400,304725120,2723909512.8400
2021-07-14,sh.600711,9.0300,9.0300,8.6100,8.6200,9.0500,192651747,1681449569.7100
2021-07-15,sh.600711,8.5600,8.9500,8.4800,8.8700,8.6200,220051551,1925010286.4500
2021-07-16,sh.600711,8.8000,9.7600,8.6800,9.4000,8.8700,411400688,3884159165.4800
2021-07-19,sh.600711,9.4700,9.6300,9.2500,9.2900,9.4000,265350001,2505841885.7400
2021-07-20,sh.600711,9.0900,9.2100,8.8300,8.9800,9.2900,189702234,1708490925.6400
2021-07-21,sh.600711,9.0800,9.4200,9.0600,9.2300,8.9800,210827152,1954388905.7700
2021-07-22,sh.600711,9.2200,9.3900,9.0600,9.2400,9.2300,166352355,1534716010.5400
2021-07-23,sh.600711,9.7500,10.1600,9.7500,10.1500,9.2400,388456192,3913859835.7600
2021-07-26,sh.600711,10.5000,10.5400,9.9500,10.0400,10.1500,393632672,4049743868.0500
2021-07-27,sh.600711,10.3000,10.5300,9.2000,9.2900,10.0400,350573616,3489505541.6700
2021-07-28,sh.600711,9.1400,9.4500,8.7500,8.8600,9.2900,250603125,2275110161.5500
2021-07-29,sh.600711,9.1800,9.5200,9.1300,9.3800,8.8600,209153893,1952381338.7600
2021-07-30,sh.600711,9.4100,9.6200,8.9800,9.4000,9.3800,225785790,2099456839.1900
2021-08-02,sh.600711,9.3600,9.6800,9.0700,9.3000,9.4000,223711892,2093468829.5200
2021-08-03,sh.600711,9.2500,9.2500,8.4700,8.5500,9.3000,220582285,1938590062.9100
2021-08-04,sh.600711,8.5000,9.0300,8.4600,8.9700,8.5500,158546256,1399882701.6300
2021-08-05,sh.600711,8.9700,9.1100,8.7700,8.8800,8.9700,129954234,1160686363.5800
2021-08-06,sh.600711,9.0100,9.4300,9.0100,9.3500,8.8800,188151929,1744398179.3200
2021-08-09,sh.600711,9.2000,9.2000,8.8100,9.0600,9.3500,141044677,1268580330.0000
2021-08-10,sh.600711,8.8700,9.0200,8.6100,8.8100,9.0600,148869387,1314418530.2400
2021-08-11,sh.600711,8.8200,9.0300,8.7300,8.9200,8.8100,121239948,1079205472.7800
2021-08-12,sh.600711,9.0700,9.4900,8.9600,9.3100,8.9200,208119175,1922511650.6000
2021-08-13,sh.600711,9.2000,9.6000,9.1400,9.3800,9.3100,194733442,1831972253.3600
2021-08-16,sh.600711,9.2700,9.3900,8.7200,8.7600,9.3800,199171560,1779772933.5700
2021-08-17,sh.600711,8.7200,9.1400,8.6700,8.8000,8.7600,143430486,1271356933.7800
2021-08-18,sh.600711,8.6800,9.2900,8.5400,8.9900,8.8000,197246124,1780520096.3700
2021-08-19,sh.600711,8.8600,9.1800,8.6700,8.9900,8.9900,134676747,1199412924.5600
2021-08-20,sh.600711,8.8200,9.1200,8.6800,8.9300,8.9900,133651345,1185042071.2800
2021-08-23,sh.600711,8.9900,9.4800,8.9900,9.3000,8.9300,209627964,1952187847.3100
2021-08-24,sh.600711,9.4200,9.7400,9.2300,9.5300,9.3000,229915118,2190665877.2200
2021-08-25,sh.600711,9.5500,10.2400,9.4000,10.2000,9.5300,312567232,3071465650.0700
2021-08-26,sh.600711,10.4900,11.0500,10.0500,10.5800,10.2000,453126880,4783729623.5400
2021-08-27,sh.600711,10.5000,11.6400,10.4700,11.6400,10.5800,296198048,3312937086.7700
2021-08-30,sh.600711,12.0400,12.1900,11.3500,11.8400,11.6400,415372896,4898888370.1000
2021-08-31,sh.600711,11.7000,12.6500,11.6200,12.5800,11.8400,310677120,3828999928.7600
2021-09-01,sh.600711,12.6000,13.1800,11.3500,11.5700,12.5800,408286240,4967429478.0700
2021-09-02,sh.600711,11.6600,12.2000,11.5700,11.7600,11.5700,276848112,3280326127.0900
2021-09-03,sh.600711,11.9200,12.2300,11.3600,11.5000,11.7600,253787571,2974774579.1500
2021-09-06,sh.600711,11.8500,12.2700,11.4800,11.9300,11.5000,251848070,3000366379.0800
2021-09-07,sh.600711,12.3100,13.1200,11.8800,12.8500,11.9300,358972576,4537833472.1600
2021-09-08,sh.600711,12.7800,13.3900,12.6900,12.8700,12.8500,273171120,3569455281.5100
2021-09-09,sh.600711,12.8200,13.6900,12.7600,13.4800,12.8700,234813826,3124321443.6400
2021-09-10,sh.600711,13.4800,14.6300,13.4000,14.2300,13.4800,309536320,4343020378.1500
2021-09-13,sh.600711,14.2500,14.6500,13.5800,14.1100,14.2300,263086099,3722446320.2300
2021-09-14,sh.600711,13.6500,13.8700,12.9500,13.3900,14.1100,239116829,3215682174.4400
2021-09-15,sh.600711,13.4100,14.2100,13.3700,13.9200,13.3900,180183812,2488948825.0000
2021-09-16,sh.600711,13.9600,14.0500,13.0000,13.1800,13.9200,160730621,2159668015.5600
2021-09-17,sh.600711,13.0200,13.4200,12.0100,12.7700,13.1800,206866572,2615720414.3900
2021-09-22,sh.600711,12.4200,12.7300,12.2500,12.5700,12.7700,91311307,1143659299.6300
2021-09-23,sh.600711,12.6700,12.9700,12.3200,12.4900,12.5700,112933305,1424552471.5200
2021-09-24,sh.600711,13.0000,13.7400,12.6900,12.8700,12.4900,282859040,3748718375.8200
2021-09-27,sh.600711,12.2900,12.2900,11.5800,11.5800,12.8700,127683034,1494331342.3400
2021-09-28,sh.600711,11.0300,11.9700,10.7300,11.8300,11.5800,175487901,1993151491.0200
2021-09-29,sh.600711,11.6100,12.3600,11.2200,11.8000,11.8300,159329936,1878709614.6800
2021-09-30,sh.600711,11.8200,12.2200,11.5900,11.8800,11.8000,105501223,1258454617.3300
2021-10-08,sh.600711,12.0900,12.2000,11.1500,11.3300,11.8800,117896141,1358493895.4900
2021-10-11,sh.600711,11.3500,11.6600,10.9300,11.4200,11.3300,90909452,1032880980.4000
2021-10-12,sh.600711,11.3100,11.5400,10.2800,10.6100,11.4200,172272798,1836088165.9600
2021-10-13,sh.600711,10.4700,10.6600,10.1800,10.5400,10.6100,93810187,975472241.3100
2021-10-14,sh.600711,10.5100,10.9400,10.3600,10.8200,10.5400,87550416,940568432.9500
2021-10-15,sh.600711,10.7200,11.0800,10.5300,10.8900,10.8200,77526149,840773687.2000
2021-10-18,sh.600711,11.1900,11.1900,10.8300,11.1400,10.8900,81220803,896628650.8600
2021-10-19,sh.600711,11.1100,11.6000,11.0500,11.2700,11.1400,82714379,936842995.2000
2021-10-20,sh.600711,10.9000,11.4500,10.8100,11.2700,11.2700,87594670,980161178.2700
2021-10-21,sh.600711,11.8100,11.9800,11.5000,11.5700,11.2700,127556719,1488870766.2200
2021-10-22,sh.600711,11.2500,11.3100,10.4700,10.6000,11.5700,186061706,2021812179.7400
2021-10-25,sh.600711,10.4200,10.8500,10.2200,10.6900,10.6000,107393289,1132323539.3500
2021-10-26,sh.600711,10.7100,11.0700,10.6500,10.9500,10.6900,102562093,1115699956.7200
2021-10-27,sh.600711,11.0200,11.0500,10.5000,10.6500,10.9500,81032696,869910905.3000
2021-10-28,sh.600711,10.6600,10.8400,10.0800,10.1400,10.6500,150264369,1554344722.9500
2021-10-29,sh.600711,10.2200,10.3700,10.0400,10.2400,10.1400,103893658,1058627321.7000
2021-11-01,sh.600711,10.1600,10.3200,9.7500,9.9700,10.2400,98735415,987515359.7600
2021-11-02,sh.600711,10.0600,10.1500,9.4700,9.6700,9.9700,111783513,1095119538.8100
2021-11-03,sh.600711,9.7000,9.7400,9.4200,9.6600,9.6700,78504587,749135461.9900
2021-11-04,sh.600711,9.5700,9.6500,9.4600,9.5500,9.6600,77638288,739686918.4600
2021-11-05,sh.600711,9.4600,9.7100,9.1800,9.2000,9.5500,132916143,1250472361.7800
2021-11-08,sh.600711,9.2300,9.8500,9.2300,9.8300,9.2000,144707068,1396885073.6800
2021-11-09,sh.600711,10.0400,10.0700,9.6500,10.0200,9.8300,116147328,1147393765.7100
2021-11-10,sh.600711,9.8400,9.8400,9.3100,9.5700,10.0200,129132964,1231346303.5400
2021-11-11,sh.600711,9.5000,9.9100,9.4600,9.8800,9.5700,103289037,1010069193.0100
2021-11-12,sh.600711,9.9000,9.9300,9.7000,9.7500,9.8800,75386721,736919165.8900
2021-11-15,sh.600711,9.6800,9.8000,9.4500,9.7300,9.7500,75148681,723949907.3800
2021-11-16,sh.600711,9.7000,9.7000,9.3100,9.3500,9.7300,81201545,769170206.7700
2021-11-17,sh.600711,9.4700,9.8600,9.4500,9.8500,9.3500,106552169,1035985154.8100
2021-11-18,sh.600711,9.8800,10.3200,9.6600,10.0500,9.8500,141136915,1413142293.7500
2021-11-19,sh.600711,10.1300,10.3500,10.0200,10.2300,10.0500,124099618,1266000480.2800
2021-11-22,sh.600711,10.2900,10.6200,10.2500,10.5100,10.2300,130877873,1374194512.1900
2021-11-23,sh.600711,10.5100,10.6100,10.2500,10.3300,10.5100,107002832,1112163214.6700
2021-11-24,sh.600711,10.3400,11.0000,10.2700,10.7800,10.3300,160338346,1707318369.1600
2021-11-25,sh.600711,10.9700,11.3200,10.8000,10.8600,10.7800,163874933,1809634360.3500
2021-11-26,sh.600711,10.7400,11.3900,10.6600,11.2700,10.8600,138044592,1541002403.6900
2021-11-29,sh.600711,10.9700,11.6400,10.9000,11.5900,11.2700,174791535,1977941856.6100
2021-11-30,sh.600711,11.6500,11.7000,11.2400,11.6000,11.5900,141542335,1616326897.5100
2021-12-01,sh.600711,11.4300,11.5500,11.1100,11.2800,11.6000,109294455,1238400261.0300
2021-12-02,sh.600711,11.4500,11.6100,11.1900,11.3100,11.2800,89756324,1023163497.6700
2021-12-03,sh.600711,11.6000,12.1700,11.4700,11.9600,11.3100,191272880,2253491750.3900
2021-12-06,sh.600711,11.8300,12.0700,11.4000,11.4300,11.9600,126417704,1479762280.3700
2021-12-07,sh.600711,11.6000,11.6400,10.7000,11.0900,11.4300,122352989,1352737519.7300
2021-12-08,sh.600711,11.2000,11.6600,11.2000,11.5000,11.0900,80861990,927619805.1500
2021-12-09,sh.600711,11.5800,11.8800,11.2100,11.6000,11.5000,93015256,1076228934.7200
2021-12-10,sh.600711,11.4500,12.1800,11.4000,12.0800,11.6000,118614113,1413463452.0200
2021-12-13,sh.600711,12.1200,12.1400,11.6800,11.9400,12.0800,87441267,1038760872.5000
2021-12-14,sh.600711,11.8800,11.9200,11.5400,11.6000,11.9400,70748621,825334418.3700
2021-12-15,sh.600711,11.6500,11.7900,11.4700,11.6000,11.6000,54405473,632180863.6500
2021-12-16,sh.600711,11.6200,11.6600,11.3300,11.4700,11.6000,51142798,584794646.0000
2021-12-17,sh.600711,11.5500,11.8900,11.4600,11.5300,11.4700,63400924,737785444.0500
2021-12-20,sh.600711,11.3900,11.3900,10.7400,10.9700,11.5300,102721144,1129267170.7500
2021-12-21,sh.600711,10.9000,11.3500,10.9000,11.2000,10.9700,71766111,801038759.4700
2021-12-22,sh.600711,11.2300,11.5400,11.1500,11.4200,11.2000,61380497,698825021.3100
2021-12-23,sh.600711,11.4900,11.5200,11.0300,11.1300,11.4200,56607175,634271607.0400
2021-12-24,sh.600711,11.1000,11.1700,10.5100,10.5600,11.1300,72192166,775583330.9600
2021-12-27,sh.600711,10.4700,10.8500,10.2500,10.5400,10.5600,42276194,447256557.4500
2021-12-28,sh.600711,10.5400,10.8400,10.4700,10.8200,10.5400,43135895,462305611.7000
2021-12-29,sh.600711,10.7500,11.0900,10.7300,10.7800,10.8200,49507506,541242047.1200
2021-12-30,sh.600711,10.8200,10.8800,10.6500,10.6700,10.7800,39163055,419458406.3800
2021-12-31,sh.600711,10.7000,10.8800,10.6700,10.7300,10.6700,44699098,481030791.9400
2022-01-04,sh.600711,10.8200,10.9400,10.3700,10.4400,10.7300,65908829,695097168.4500
2022-01-05,sh.600711,10.4500,10.4800,10.0900,10.1900,10.4400,51950501,532080189.3100
2022-01-06,sh.600711,10.1500,10.3700,10.1100,10.2600,10.1900,38016273,389337447.1000
2022-01-07,sh.600711,10.2000,10.2700,9.9200,10.0000,10.2600,56043554,563192932.8800
2022-01-10,sh.600711,9.9600,10.1400,9.9000,10.1100,10.0000,40890761,411177286.2200
2022-01-11,sh.600711,10.1500,10.3800,10.1200,10.3200,10.1100,55881288,576293259.4000
2022-01-12,sh.600711,10.6000,11.0000,10.5600,10.9600,10.3200,105823253,1147088398.0600
2022-01-13,sh.600711,10.9000,11.0000,10.6600,10.6800,10.9600,55697488,603819576.2200
2022-01-14,sh.600711,10.5800,10.6500,10.3800,10.6000,10.6800,52090385,546121871.6900
2022-01-17,sh.600711,10.4400,10.4600,10.1900,10.3200,10.6000,47499369,488242735.7600
2022-01-18,sh.600711,10.3100,10.5500,10.2200,10.3400,10.3200,36973878,384326151.1100
2022-01-19,sh.600711,10.2300,10.2700,9.9500,10.1300,10.3400,43033458,434550028.2000
2022-01-20,sh.600711,10.5000,10.6900,10.3000,10.4700,10.1300,96947266,1021354342.2200
2022-01-21,sh.600711,10.3700,10.6100,10.0800,10.2500,10.4700,69317068,715049988.1100
2022-01-24,sh.600711,10.1700,10.7000,10.0900,10.4900,10.2500,64938307,680593212.7400
2022-01-25,sh.600711,10.2000,10.2400,9.8700,9.8700,10.4900,84711046,847638946.9500
2022-01-26,sh.600711,9.9200,9.9800,9.5000,9.7900,9.8700,41687457,404276647.1700
2022-01-27,sh.600711,9.7400,9.8700,9.5000,9.5000,9.7900,28503321,275304517.9200
2022-01-28,sh.600711,9.5600,9.6000,8.5500,8.6300,9.5000,136157033,1185252073.7400
2022-02-07,sh.600711,8.8600,9.3300,8.8000,9.1800,8.6300,86194407,787909240.0400
2022-02-08,sh.600711,9.2400,9.2600,8.9500,9.2600,9.1800,58875991,537983376.3100
2022-02-09,sh.600711,9.2300,9.8600,9.1400,9.7300,9.2600,83023723,793951462.5800
2022-02-10,sh.600711,9.7800,10.2000,9.7600,9.8800,9.7300,70513925,702324589.9300
2022-02-11,sh.600711,9.7800,9.9800,9.6600,9.7200,9.8800,48921797,480217775.3000
2022-02-14,sh.600711,9.7200,9.9000,9.5600,9.6700,9.7200,47546370,461804030.2800
2022-02-15,sh.600711,9.7200,9.8600,9.4600,9.8300,9.6700,45599804,441717642.4500
2022-02-16,sh.600711,9.8100,9.9500,9.7600,9.8400,9.8300,39509129,388896029.4500
2022-02-17,sh.600711,9.7900,10.2500,9.7000,10.1000,9.8400,71646006,723449122.0900
2022-02-18,sh.600711,10.0500,10.3000,9.9400,10.2600,10.1000,57850883,589455814.5600
2022-02-21,sh.600711,10.3400,10.4700,10.2000,10.3600,10.2600,51840022,534286996.0200
2022-02-22,sh.600711,10.2500,10.5500,10.1200,10.4800,10.3600,75488012,785660919.8000
2022-02-23,sh.600711,10.7100,11.1000,10.6800,10.9900,10.4800,123169584,1341845753.5300
2022-02-24,sh.600711,10.8500,11.2400,10.5100,10.7100,10.9900,130449345,1416639888.0600
2022-02-25,sh.600711,10.7500,10.9800,10.5900,10.6300,10.7100,86094227,926918126.0800
2022-02-28,sh.600711,10.7100,10.9900,10.7000,10.9000,10.6300,86938534,943206272.0000
2022-03-01,sh.600711,10.9000,10.9100,10.5400,10.6200,10.9000,74098703,789681776.0000
2022-03-02,sh.600711,10.7500,10.8200,10.4700,10.7200,10.6200,69897619,745084016.0000
2022-03-03,sh.600711,10.8000,10.9800,10.6500,10.6800,10.7200,96019386,1038009472.0000
2022-03-04,sh.600711,10.6800,10.8500,10.4200,10.4700,10.6800,82451531,877487760.0000
2022-03-07,sh.600711,10.7200,11.0800,10.7100,10.8000,10.4700,167492290,1822948416.0000
2022-03-08,sh.600711,11.5100,11.7000,10.6400,11.0500,10.8000,389850400,4368257792.0000
2022-03-09,sh.600711,9.9600,10.3000,9.9500,9.9500,11.0500,226426642,2266504912.0000
2022-03-10,sh.600711,10.0200,10.1500,9.2600,9.7600,9.9500,157010202,1542735760.0000
2022-03-11,sh.600711,9.4500,9.6300,9.0100,9.5300,9.7600,126721164,1185210928.0000
2022-03-14,sh.600711,9.3200,9.4300,8.9900,8.9900,9.5300,98453368,904172384.0000
2022-03-15,sh.600711,8.9400,9.1200,8.5900,8.6100,8.9900,90587412,804890304.0000
2022-03-16,sh.600711,8.8500,8.9800,8.4000,8.9400,8.6100,87294776,763774608.0000
2022-03-17,sh.600711,9.0600,9.4500,8.9800,9.1800,8.9400,97924983,903169680.0000
2022-03-18,sh.600711,9.0900,9.2200,9.0100,9.1800,9.1800,55670937,508126784.0300
2022-03-21,sh.600711,9.1300,9.2800,8.9700,9.1500,9.1800,74509749,680615251.5700
2022-03-22,sh.600711,9.0800,9.1700,8.9900,9.1000,9.1500,48188588,437960807.0800
2022-03-23,sh.600711,9.1500,9.1900,9.0100,9.0400,9.1000,44653070,404824940.0300
2022-03-24,sh.600711,9.2900,9.3700,9.0800,9.1500,9.0400,72305524,665311176.6300
2022-03-25,sh.600711,9.1600,9.5900,9.1300,9.1800,9.1500,77248204,718954822.4900
2022-03-28,sh.600711,8.9900,9.0000,8.6300,8.8300,9.1800,67733825,596412419.7600
2022-03-29,sh.600711,8.8100,8.9300,8.6900,8.7700,8.8300,42018606,369763941.6900
2022-03-30,sh.600711,8.8200,8.9600,8.7200,8.9000,8.7700,42921180,380698266.1600
2022-03-31,sh.600711,8.8700,8.8700,8.5000,8.5600,8.9000,71824236,620075137.1000
2022-04-01,sh.600711,8.4400,8.6100,8.4100,8.5200,8.5600,45156329,384736121.1800
2022-04-06,sh.600711,8.5300,8.6100,8.4100,8.5700,8.5200,37891579,322448633.1000
2022-04-07,sh.600711,8.4800,8.5400,8.3400,8.3500,8.5700,39527771,332744074.3900
2022-04-08,sh.600711,8.3500,8.3900,8.0300,8.2600,8.3500,50168336,411732534.9100
2022-04-11,sh.600711,8.1800,8.2100,7.6000,7.6800,8.2600,78776133,616282892.1500
2022-04-12,sh.600711,7.6500,7.9400,7.6100,7.9300,7.6800,50247817,392100235.9800
2022-04-13,sh.600711,7.8600,8.4100,7.8300,8.1900,7.9300,74149236,605586230.2800
2022-04-14,sh.600711,8.1700,8.3600,8.1200,8.3400,8.1900,45825551,378400926.6400
2022-04-15,sh.600711,8.2800,8.4100,8.0400,8.1000,8.3400,43107598,353697657.0200
2022-04-18,sh.600711,8.1000,8.1900,7.8600,8.1200,8.1000,27397885,220423307.5200
2022-04-19,sh.600711,8.2800,8.3800,8.2200,8.2600,8.1200,41016842,339458536.7700
2022-04-20,sh.600711,8.2400,8.2400,7.9000,7.9300,8.2600,41949431,337036284.2100
2022-04-21,sh.600711,7.9400,7.9500,7.5100,7.5600,7.9300,39269599,303122721.5000
2022-04-22,sh.600711,7.5000,7.6800,7.4500,7.6200,7.5600,31589837,239542043.9600
2022-04-25,sh.600711,7.4000,7.4000,6.8600,6.8600,7.6200,53370876,378631173.2500
2022-04-26,sh.600711,6.7400,6.7600,6.2600,6.3600,6.8600,67064417,437432900.2700
2022-04-27,sh.600711,6.2100,6.9800,6.1000,6.8800,6.3600,75167579,493701176.2600
2022-04-28,sh.600711,6.6100,6.9000,6.5600,6.6600,6.8800,73650713,492657052.0100
2022-04-29,sh.600711,6.7300,7.0400,6.6600,6.9800,6.6600,58442782,401440411.5200
2022-05-05,sh.600711,6.9800,7.3300,6.9300,7.2400,6.9800,60152464,432832229.9300
2022-05-06,sh.600711,7.0100,7.2400,6.9800,7.0200,7.2400,41628043,294778526.2000
2022-05-09,sh.600711,6.9900,7.1800,6.9800,7.0700,7.0200,27603422,195712100.7200
2022-05-10,sh.600711,6.9000,7.1400,6.8200,7.0700,7.0700,39992507,279654433.5600
2022-05-11,sh.600711,7.0700,7.4200,7.0400,7.1800,7.0700,61755362,446629805.5600
2022-05-12,sh.600711,7.1500,7.2100,6.9600,7.0600,7.1800,44038982,311968332.9800
2022-05-13,sh.600711,7.0800,7.1800,6.9700,7.1000,7.0600,47315427,334823310.0000
2022-05-16,sh.600711,7.1500,7.3200,7.1200,7.1900,7.1000,40332738,291230793.0300
2022-05-17,sh.600711,7.2200,7.5400,7.2200,7.4900,7.1900,76412492,568948286.9600
2022-05-18,sh.600711,7.4800,7.4800,7.3000,7.3300,7.4900,45935187,338397796.0200
2022-05-19,sh.600711,7.1400,7.5100,7.0800,7.4100,7.3300,65330137,477264647.1700
2022-05-20,sh.600711,7.4900,7.7200,7.4300,7.7000,7.4100,91316414,696077673.4500
2022-05-23,sh.600711,7.6300,7.8400,7.5800,7.8100,7.7000,69625664,537856584.4100
2022-05-24,sh.600711,7.7500,7.8100,7.4100,7.4100,7.8100,58701397,448425699.3400
2022-05-25,sh.600711,7.4400,7.5700,7.3500,7.5000,7.4100,31883144,238029567.0000
2022-05-26,sh.600711,7.5300,7.5500,7.3100,7.4900,7.5000,31773695,236558557.2600
2022-05-27,sh.600711,7.5500,7.6100,7.3100,7.4000,7.4900,35186620,262417322.5100
2022-05-30,sh.600711,7.4700,7.5100,7.3700,7.4500,7.4000,30286731,225443957.6300
2022-05-31,sh.600711,7.4400,7.4900,7.3200,7.4900,7.4500,34732969,257426594.2200
2022-06-01,sh.600711,7.4500,7.4600,7.3100,7.3700,7.4900,39694929,293161265.5200
2022-06-02,sh.600711,7.3600,7.6200,7.3200,7.5600,7.3700,58004997,436444839.6900
2022-06-06,sh.600711,7.5600,8.0000,7.5600,7.9300,7.5600,90053917,705325658.4200
2022-06-07,sh.600711,7.9400,7.9800,7.7200,7.8000,7.9300,61910354,484387678.0200
2022-06-08,sh.600711,7.8400,8.1000,7.7100,7.9100,7.8000,82675450,653334924.9200
2022-06-09,sh.600711,7.8200,7.9500,7.6600,7.7200,7.9100,54281144,422385089.5900
2022-06-10,sh.600711,7.6500,7.9700,7.6200,7.9300,7.7200,61190661,481697971.1800
2022-06-13,sh.600711,7.8700,8.1700,7.8400,8.1300,7.9300,103590804,834225671.0900
2022-06-14,sh.600711,7.9800,8.0500,7.8000,8.0400,8.1300,62416351,494872221.7600
2022-06-15,sh.600711,8.0000,8.1000,7.9100,7.9600,8.0400,66827969,535295264.3600
2022-06-16,sh.600711,8.0000,8.1400,7.9500,8.0200,7.9600,64856860,522547029.2300
2022-06-17,sh.600711,7.9300,8.3500,7.9000,8.3300,8.0200,106038550,875341026.2400
2022-06-20,sh.600711,8.3400,8.4300,8.0800,8.1500,8.3300,97513034,799924092.9200
2022-06-21,sh.600711,8.0700,8.0800,7.7800,7.8700,8.1500,78106123,616632607.4700
2022-06-22,sh.600711,7.8500,7.9900,7.8100,7.8400,7.8700,49737397,392370140.3100
2022-06-23,sh.600711,7.8000,7.9900,7.6800,7.9600,7.8400,69126776,542991354.0100
2022-06-24,sh.600711,7.9500,7.9600,7.8700,7.8900,7.9600,48545064,383789257.8800
2022-06-27,sh.600711,7.8500,8.2500,7.7600,8.1200,7.8900,85886562,692167251.4400
2022-06-28,sh.600711,8.1400,8.1500,7.9800,8.0800,8.1200,65002913,523182918.9400
2022-06-29,sh.600711,8.0300,8.0500,7.7100,7.7200,8.0800,92968822,729247139.8600
2022-06-30,sh.600711,7.7300,7.8300,7.7200,7.7600,7.7200,40034304,311477893.6700
2022-07-01,sh.600711,7.6800,7.8800,7.6300,7.7500,7.7600,59677834,461932077.8600
2022-07-04,sh.600711,7.6500,7.9800,7.6200,7.8600,7.7500,74165572,578931545.2400
2022-07-05,sh.600711,7.9000,8.3200,7.8700,8.1000,7.8600,146296867,1193192188.5500
2022-07-06,sh.600711,8.0100,8.0500,7.5100,7.6300,8.1000,134933162,1038858140.7900
2022-07-07,sh.600711,7.5600,8.1200,7.3600,7.9300,7.6300,129455352,1014627258.1900
2022-07-08,sh.600711,8.0300,8.0500,7.6600,7.6800,7.9300,75353455,586958033.9100
2022-07-11,sh.600711,7.6200,7.6500,7.2700,7.3500,7.6400,69919535,513619176.5800
2022-07-12,sh.600711,7.3100,7.4600,7.3000,7.3100,7.3500,35723964,262746268.9600
2022-07-13,sh.600711,7.2900,7.4500,7.1700,7.4000,7.3100,34932353,256623596.4500
2022-07-14,sh.600711,7.3500,7.7400,7.3100,7.6300,7.4000,70791728,538703298.9400
2022-07-15,sh.600711,7.5600,7.6500,7.3400,7.3500,7.6300,51675405,386651896.5600
2022-07-18,sh.600711,7.3800,7.5600,7.3800,7.5400,7.3500,35684646,265917368.3300
2022-07-19,sh.600711,7.5500,7.7500,7.4900,7.6200,7.5400,41463937,316663003.5600
2022-07-20,sh.600711,7.6700,7.7900,7.5800,7.7300,7.6200,42820916,330278835.2300
2022-07-21,sh.600711,7.7500,8.1500,7.6700,8.0000,7.7300,115194256,917466259.8900
2022-07-22,sh.600711,7.9700,8.0700,7.7800,7.8700,8.0000,61105972,482527432.9700
2022-07-25,sh.600711,7.8200,8.2000,7.8200,7.9600,7.8700,77021194,619572671.5700
2022-07-26,sh.600711,8.0000,8.1200,7.9100,8.0400,7.9600,57433016,460217254.9800
2022-07-27,sh.600711,8.0400,8.0500,7.8200,7.8700,8.0400,57519826,453253953.3000
2022-07-28,sh.600711,7.9000,8.0800,7.9000,7.9500,7.8700,63427983,505919308.8600
2022-07-29,sh.600711,7.9800,8.1100,7.8200,7.8700,7.9500,49522615,392901132.3400
2022-08-01,sh.600711,7.9400,8.0600,7.7700,7.9900,7.8700,61692545,490280097.2500
2022-08-02,sh.600711,7.8500,7.8600,7.4600,7.6700,7.9900,83949345,641557512.8400
2022-08-03,sh.600711,7.6500,7.8000,7.4000,7.4600,7.6700,52662594,400487272.3100
2022-08-04,sh.600711,7.5200,7.7000,7.4000,7.5400,7.4600,34737937,260902563.0000
2022-08-05,sh.600711,7.6500,7.9200,7.6100,7.8500,7.5400,79385538,619386099.0000
2022-08-08,sh.600711,7.7800,7.9200,7.7200,7.9100,7.8500,41312697,324099705.0000
2022-08-09,sh.600711,8.0000,8.1800,8.0000,8.0400,7.9100,92003529,743270968.0000
2022-08-10,sh.600711,8.1000,8.4100,8.0700,8.2000,8.0400,99398765,821499231.0000
2022-08-11,sh.600711,8.2600,8.2800,8.1000,8.2100,8.2000,59819545,488595457.0000
2022-08-12,sh.600711,8.2000,8.3800,8.1200,8.1500,8.2100,49351947,406141051.0000
2022-08-15,sh.600711,8.0800,8.2200,8.0000,8.1000,8.1500,59559047,482245984.3200
2022-08-16,sh.600711,8.1400,8.1500,7.9600,8.0500,8.1000,45656253,366011552.3800
2022-08-17,sh.600711,8.0400,8.0700,7.8900,7.9800,8.0500,43874361,349157731.8400
2022-08-18,sh.600711,7.9200,7.9700,7.8300,7.8500,7.9800,43720524,344202227.5000
2022-08-19,sh.600711,7.8500,7.8800,7.6800,7.7000,7.8500,47609129,368893775.4000
2022-08-22,sh.600711,7.7500,7.9600,7.6000,7.9200,7.7000,71447244,559233020.9500
2022-08-23,sh.600711,7.8900,7.9300,7.7600,7.8300,7.9200,45341496,354429421.6100
2022-08-24,sh.600711,7.8300,7.9700,7.5200,7.5300,7.8300,68414972,526649300.4600
2022-08-25,sh.600711,7.5600,7.6200,7.4400,7.6200,7.5300,40091881,302113597.0000
2022-08-26,sh.600711,7.6400,7.7800,7.6300,7.6500,7.6200,38150467,293886720.8300
2022-08-29,sh.600711,7.5500,7.5500,7.3800,7.5100,7.6500,50428119,375149423.4200
2022-08-30,sh.600711,7.4700,7.4900,7.3900,7.4500,7.5100,24047141,178682170.1300
2022-08-31,sh.600711,7.4200,7.4300,7.1700,7.1700,7.4500,54206360,393532473.7200
2022-09-01,sh.600711,7.1600,7.2500,7.1100,7.1500,7.1700,25081526,179684686.8200
2022-09-02,sh.600711,7.1200,7.1600,7.0600,7.0900,7.1500,27486810,195125137.9100
2022-09-05,sh.600711,7.0600,7.1200,7.0400,7.0900,7.0900,25971105,183571908.2000
2022-09-06,sh.600711,7.1400,7.2600,7.1000,7.2600,7.0900,33115292,238747132.9100
2022-09-07,sh.600711,7.2100,7.3100,7.1700,7.2600,7.2600,31255098,227033011.6300
2022-09-08,sh.600711,7.2600,7.2800,7.1800,7.2000,7.2600,24822895,179094923.2300
2022-09-09,sh.600711,7.2200,7.3500,7.2100,7.3500,7.2000,39456414,288526241.3700
2022-09-13,sh.600711,7.5000,7.5400,7.3600,7.3700,7.3500,36061794,268038135.1600
2022-09-14,sh.600711,7.2300,7.3200,7.2000,7.2300,7.3700,28561396,206863527.8400
2022-09-15,sh.600711,7.2600,7.3000,7.0000,7.0800,7.2300,39632108,282426925.3700
2022-09-16,sh.600711,7.0500,7.0700,6.8500,6.9000,7.0800,30742115,212599747.0400
2022-09-19,sh.600711,6.9200,6.9600,6.8400,6.8700,6.9000,15234232,104885922.6300
2022-09-20,sh.600711,6.9000,7.0300,6.9000,6.9600,6.8700,20195915,140946558.6200
2022-09-21,sh.600711,6.9100,7.0500,6.8500,7.0300,6.9600,17878168,124317259.0400
2022-09-22,sh.600711,6.9500,7.0700,6.9200,6.9900,7.0300,17217217,120934087.1800
2022-09-23,sh.600711,7.1500,7.1900,6.9500,7.0100,6.9900,28161994,198905132.8800
2022-09-26,sh.600711,6.8800,6.9300,6.7000,6.7400,7.0100,29160006,198599418.5600
2022-09-27,sh.600711,6.7400,6.7800,6.6000,6.7600,6.7400,21393970,142974555.0700
2022-09-28,sh.600711,6.7100,6.7200,6.5000,6.5100,6.7600,24571167,161631607.8200
2022-09-29,sh.600711,6.5800,6.6600,6.4600,6.5100,6.5100,15380087,100870674.7300
2022-09-30,sh.600711,6.4700,6.5600,6.4700,6.4900,6.5100,11774991,76574190.5400
2022-10-10,sh.600711,6.4500,6.4800,6.2400,6.3000,6.4900,19304552,122664224.2500
2022-10-11,sh.600711,6.3400,6.3900,6.2700,6.3700,6.3000,13134665,83346818.0300
2022-10-12,sh.600711,6.3500,6.4700,6.2500,6.4700,6.3700,26061055,165861744.9400
2022-10-13,sh.600711,6.4400,6.4800,6.3700,6.4100,6.4700,19823518,127243056.3000
2022-10-14,sh.600711,6.4500,6.5500,6.4400,6.5000,6.4100,29459436,191315207.3500
2022-10-17,sh.600711,6.4600,6.5300,6.4300,6.5200,6.5000,22270073,144280421.2300
2022-10-18,sh.600711,6.5400,6.5700,6.4600,6.4800,6.5200,24054780,156094207.9400
2022-10-19,sh.600711,6.4800,6.5300,6.3800,6.3800,6.4800,21385010,137853844.4000
2022-10-20,sh.600711,6.3400,6.4100,6.2200,6.3700,6.3800,25650833,162030716.3500
2022-10-21,sh.600711,6.3700,6.3900,6.2600,6.3100,6.3700,18158035,114850161.5500
2022-10-24,sh.600711,6.3600,6.4500,6.1600,6.2000,6.3100,30606520,192897425.7800
2022-10-25,sh.600711,6.1500,6.2300,6.0600,6.1700,6.2000,23731423,145494361.9600
2022-10-26,sh.600711,6.1400,6.2500,6.1000,6.1300,6.1700,33293885,205589177.7300
2022-10-27,sh.600711,6.1600,6.2400,6.0800,6.1000,6.1300,49785627,306690970.5800
2022-10-28,sh.600711,6.0600,6.0600,5.6200,5.7000,6.1000,66415456,384711320.6700
2022-10-31,sh.600711,5.6200,5.6600,5.4300,5.5400,5.7000,44732356,248000263.7800
2022-11-01,sh.600711,5.5700,5.7600,5.5500,5.7400,5.5400,40990288,233067459.9200
2022-11-02,sh.600711,5.7500,5.8500,5.7200,5.8000,5.7400,35754067,206991453.4500
2022-11-03,sh.600711,5.7500,5.8400,5.7400,5.7900,5.8000,21847657,126622489.5900
2022-11-04,sh.600711,5.8000,6.0600,5.8000,6.0300,5.7900,47926798,286323535.6000
2022-11-07,sh.600711,6.1000,6.3200,6.1000,6.2300,6.0300,65349419,406728590.6800
2022-11-08,sh.600711,6.1800,6.2600,6.1300,6.1900,6.2300,33279930,205858188.3800
2022-11-09,sh.600711,6.2500,6.2900,6.1400,6.1600,6.1900,28080995,173972535.3000
2022-11-10,sh.600711,6.1000,6.1200,6.0500,6.1000,6.1600,27028814,164352597.1000
2022-11-11,sh.600711,6.2800,6.3400,6.2100,6.2200,6.1000,51842748,324111035.6600
2022-11-14,sh.600711,6.2700,6.3000,6.1000,6.1400,6.2200,35730242,220846942.5800
2022-11-15,sh.600711,6.1700,6.2600,6.1000,6.2500,6.1400,34097274,211549628.7000
2022-11-16,sh.600711,6.2100,6.2600,6.1800,6.2100,6.2500,30205442,187556037.0700
2022-11-17,sh.600711,6.1500,6.1700,6.0800,6.1400,6.2100,29623625,180975055.9900
2022-11-18,sh.600711,6.1200,6.1400,6.0600,6.0700,6.1400,22467693,137088339.6400
2022-11-21,sh.600711,6.0700,6.0700,5.9500,6.0700,6.0700,19493666,117307391.2900
2022-11-22,sh.600711,6.0800,6.1000,5.9500,5.9700,6.0700,25242199,151993374.8200
2022-11-23,sh.600711,5.9900,6.0300,5.9300,5.9900,5.9700,17487400,104643832.0000
2022-11-24,sh.600711,5.9800,6.0400,5.9500,5.9600,5.9900,20552300,123106859.0000
2022-11-25,sh.600711,5.9700,5.9800,5.8800,5.9000,5.9600,24108813,142598224.0900
2022-11-28,sh.600711,5.8400,5.9300,5.7300,5.9200,5.9000,23052373,134754387.1300
2022-11-29,sh.600711,5.9000,6.0800,5.8800,6.0700,5.9200,34752985,208981639.3800
2022-11-30,sh.600711,6.0600,6.1400,6.0300,6.0900,6.0700,29228480,178108159.7500
2022-12-01,sh.600711,6.1600,6.2600,6.1300,6.1600,6.0900,40214606,248917416.0900
2022-12-02,sh.600711,6.1700,6.1700,6.1000,6.1200,6.1600,18019338,110414751.9100
2022-12-05,sh.600711,6.1500,6.2900,6.1300,6.2700,6.1200,43720805,272163249.2900
2022-12-06,sh.600711,6.2300,6.2600,6.1900,6.2400,6.2700,22423740,139384879.6900
2022-12-07,sh.600711,6.2400,6.2900,6.2000,6.2100,6.2400,24110548,150660729.7200
2022-12-08,sh.600711,6.2900,6.4600,6.2600,6.2800,6.2100,55788607,353477433.2900
2022-12-09,sh.600711,6.2600,6.3800,6.2300,6.3700,6.2800,42093292,265338763.5900
2022-12-12,sh.600711,6.3500,6.3500,6.1600,6.1700,6.3700,33376289,207216108.5100
2022-12-13,sh.600711,6.1600,6.2800,6.1500,6.2200,6.1700,20928685,130156896.7000
2022-12-14,sh.600711,6.2200,6.2900,6.1700,6.2200,6.2200,19027477,118611243.3300
2022-12-15,sh.600711,6.2800,6.3200,6.1900,6.2600,6.2200,25158766,157322271.2900
2022-12-16,sh.600711,6.1900,6.2200,6.1000,6.1500,6.2600,23570990,144971775.0800
2022-12-19,sh.600711,6.1300,6.2300,5.9700,6.0600,6.1500,24986968,152163716.4000
2022-12-20,sh.600711,6.0000,6.0200,5.9400,5.9700,6.0600,15352741,91707390.3600
2022-12-21,sh.600711,6.0300,6.0500,5.9100,5.9700,5.9700,13983398,83489765.3000
2022-12-22,sh.600711,6.0000,6.0400,5.8700,5.8900,5.9700,15853954,94379037.8100
2022-12-23,sh.600711,5.8200,5.8900,5.7700,5.8700,5.8900,12476546,72852708.8200
2022-12-26,sh.600711,5.8500,5.9200,5.8500,5.9000,5.8700,10797978,63668229.9200
2022-12-27,sh.600711,5.9100,6.0000,5.9100,5.9900,5.9000,15939672,95110793.1800
2022-12-28,sh.600711,5.9600,6.0500,5.9100,5.9900,5.9900,15906422,95255041.1400
2022-12-29,sh.600711,5.9800,6.0000,5.8800,5.9000,5.9900,14725000,87179560.3500
2022-12-30,sh.600711,5.9100,5.9400,5.8500,5.8900,5.9000,11264976,66367056.9600
2023-01-03,sh.600711,5.8900,5.9900,5.8400,5.9600,5.8900,20320314,120262920.9100
2023-01-04,sh.600711,5.9500,5.9700,5.9000,5.9400,5.9600,14525649,86221420.4700
2023-01-05,sh.600711,5.9300,6.0200,5.9200,6.0000,5.9400,22106977,132201863.6400
2023-01-06,sh.600711,5.9900,6.0200,5.9300,5.9600,6.0000,21272537,127090743.0000
2023-01-09,sh.600711,5.9600,6.0800,5.9600,6.0500,5.9600,30147878,182081302.6500
2023-01-10,sh.600711,6.0600,6.0700,5.9600,5.9900,6.0500,18995404,113939297.8000
2023-01-11,sh.600711,5.9800,6.0000,5.9100,5.9100,5.9900,21156968,125972035.8400
2023-01-12,sh.600711,5.9200,5.9800,5.8900,5.9100,5.9100,16340214,96856746.7800
2023-01-13,sh.600711,5.9200,5.9500,5.9000,5.9400,5.9100,13302709,78770093.5100
2023-01-16,sh.600711,5.9400,6.0600,5.9300,6.0500,5.9400,30253125,182170826.8200
2023-01-17,sh.600711,6.0600,6.0600,6.0200,6.0500,6.0500,11643340,70262855.9500
2023-01-18,sh.600711,6.0500,6.2000,6.0500,6.1400,6.0500,32667522,200779016.1900
2023-01-19,sh.600711,6.1200,6.2700,6.1100,6.2600,6.1400,33662105,209449033.1500
2023-01-20,sh.600711,6.2800,6.4100,6.2500,6.3800,6.2600,42915235,272954850.0700
2023-01-30,sh.600711,6.4500,6.4900,6.3400,6.3500,6.3800,45986102,294758574.7000
2023-01-31,sh.600711,6.1600,6.3400,6.1200,6.3000,6.3500,41637293,260664972.0100
2023-02-01,sh.600711,6.3200,6.7300,6.3100,6.6100,6.3000,97788214,641632117.4200
2023-02-02,sh.600711,6.5500,6.5800,6.4800,6.5300,6.6100,45893773,299699419.6800
2023-02-03,sh.600711,6.4900,6.5400,6.3700,6.4500,6.5300,40535028,260953483.8400
2023-02-06,sh.600711,6.3900,6.4600,6.3200,6.4100,6.4500,24236004,155071165.5400
2023-02-07,sh.600711,6.4100,6.4900,6.3600,6.4900,6.4100,33892997,217741969.0600
2023-02-08,sh.600711,6.4800,6.5400,6.4200,6.4400,6.4900,33028142,213661989.9100
2023-02-09,sh.600711,6.4000,6.4500,6.3100,6.4500,6.4400,35625458,228421023.1800
2023-02-10,sh.600711,6.4600,6.4700,6.3500,6.3800,6.4500,25197270,161126995.7300
2023-02-13,sh.600711,6.3500,6.4200,6.3200,6.3700,6.3800,21481261,137032170.0600
2023-02-14,sh.600711,6.3900,6.4800,6.3700,6.4100,6.3700,32362288,207968446.0400
2023-02-15,sh.600711,6.4000,6.4500,6.3400,6.3700,6.4100,30918322,197210788.1100
2023-02-16,sh.600711,6.3700,6.3700,6.1700,6.2300,6.3700,54190360,340262894.0500
2023-02-17,sh.600711,6.2100,6.2800,6.1900,6.2000,6.2300,37258459,232205649.6600
2023-02-20,sh.600711,6.2000,6.2500,6.1700,6.2500,6.2000,36770056,228743338.3400
2023-02-21,sh.600711,6.3100,6.5900,6.3000,6.5000,6.2500,106457723,690916277.0300
2023-02-22,sh.600711,6.4600,6.5100,6.4100,6.4300,6.5000,49752258,321155340.2800
2023-02-23,sh.600711,6.4500,6.4800,6.3200,6.3700,6.4300,37020418,236196707.8800
2023-02-24,sh.600711,6.3700,6.3900,6.2600,6.3000,6.3700,27626195,174082178.5800
2023-02-27,sh.600711,6.3000,6.3100,6.1600,6.2000,6.3000,46303109,287847072.7100
2023-02-28,sh.600711,6.2200,6.2400,6.1600,6.2400,6.2000,29770719,184384569.9000
2023-03-01,sh.600711,6.2300,6.2900,6.2100,6.2800,6.2400,27691175,173234249.0500
2023-03-02,sh.600711,6.3500,6.3600,6.2800,6.3000,6.2800,39991908,252666902.7300
2023-03-03,sh.600711,6.3000,6.3200,6.2200,6.2700,6.3000,23586645,147663958.7300
2023-03-06,sh.600711,6.3000,6.3100,6.2000,6.2300,6.2700,23438619,146091514.5800
2023-03-07,sh.600711,6.2300,6.2700,6.1100,6.1200,6.2300,38925391,240741027.2900
2023-03-08,sh.600711,6.0900,6.1400,6.0600,6.1300,6.1200,28386740,173036440.0100
2023-03-09,sh.600711,6.1300,6.1500,6.0800,6.0900,6.1300,19532089,119175701.1200
2023-03-10,sh.600711,6.0700,6.0700,6.0100,6.0100,6.0900,23193405,139862319.6300
2023-03-13,sh.600711,6.0000,6.0500,5.9600,6.0100,6.0100,23415226,140354300.2200
2023-03-14,sh.600711,5.9900,6.0700,5.9500,5.9800,6.0100,34525070,207440833.9200
2023-03-15,sh.600711,5.9700,6.0200,5.9700,6.0000,5.9800,21775164,130513899.5400
2023-03-16,sh.600711,5.9600,5.9700,5.8400,5.8500,6.0000,36898744,217480278.1300
2023-03-17,sh.600711,5.8700,5.9200,5.8500,5.8600,5.8500,29169795,171541788.7600
2023-03-20,sh.600711,5.8900,5.9000,5.8400,5.8900,5.8600,24758484,145351692.2300
2023-03-21,sh.600711,5.8800,5.9400,5.8700,5.9300,5.8900,25735224,152056953.4000
2023-03-22,sh.600711,5.9700,5.9700,5.9100,5.9500,5.9300,19197161,114019499.7300
2023-03-23,sh.600711,5.9300,5.9500,5.9000,5.9400,5.9500,17814427,105584945.6100
2023-03-24,sh.600711,5.9500,6.0200,5.9400,5.9900,5.9400,26936279,161279595.4600
2023-03-27,sh.600711,5.8800,5.9000,5.7900,5.8300,5.9900,42878948,250346260.6600
2023-03-28,sh.600711,5.8300,5.8300,5.7000,5.7200,5.8300,30133468,173106457.6000
2023-03-29,sh.600711,5.7200,5.7600,5.6900,5.7200,5.7200,17564636,100457700.2100
2023-03-30,sh.600711,5.7300,5.7400,5.6100,5.6800,5.7200,25810720,146026184.1600
2023-03-31,sh.600711,5.6600,5.7500,5.6600,5.7200,5.6800,17650422,100975965.7400
2023-04-03,sh.600711,5.7200,5.8000,5.7000,5.7700,5.7200,27665546,159210874.3300
2023-04-04,sh.600711,5.7800,5.7900,5.6800,5.7000,5.7700,25602944,146234507.4300
2023-04-06,sh.600711,5.7000,5.7400,5.6500,5.7000,5.7000,24501726,139369001.3700
2023-04-07,sh.600711,5.6900,5.7200,5.6600,5.6800,5.7000,23131673,131444611.9100
2023-04-10,sh.600711,5.6800,5.6800,5.6300,5.6500,5.6800,19447554,109840986.5600
2023-04-11,sh.600711,5.6300,5.7700,5.5900,5.7600,5.6500,41466162,235581558.8600
2023-04-12,sh.600711,5.7700,5.9500,5.7600,5.8400,5.7600,54361301,318383688.6500
2023-04-13,sh.600711,5.8200,5.9100,5.7900,5.8100,5.8400,29032650,169550876.4900
2023-04-14,sh.600711,5.8300,5.9500,5.8200,5.9100,5.8100,46241614,273060568.6500
2023-04-17,sh.600711,5.9400,5.9500,5.8500,5.9100,5.9100,35789625,211136386.0800
2023-04-18,sh.600711,5.9200,5.9900,5.8600,5.8900,5.9100,33477776,198223344.3900
2023-04-19,sh.600711,5.9600,6.0500,5.8500,5.8700,5.8900,43965810,260647047.0000
2023-04-20,sh.600711,5.7700,5.7700,5.6400,5.6900,5.8700,47005346,267787094.1700
2023-04-21,sh.600711,5.6500,5.7400,5.5500,5.5600,5.6900,34489001,194011932.7900
2023-04-24,sh.600711,5.5200,5.5600,5.4500,5.4700,5.5600,29648381,163364327.5600
2023-04-25,sh.600711,5.4800,5.5200,5.1000,5.2100,5.4700,57953251,304181811.2200
2023-04-26,sh.600711,5.1800,5.2700,5.1000,5.2100,5.2100,36944154,192132308.2900
2023-04-27,sh.600711,5.1700,5.2300,5.1400,5.2100,5.2100,22764411,118030391.2200
2023-04-28,sh.600711,5.2200,5.2800,5.2000,5.2400,5.2100,25837815,135114666.2900
2023-05-04,sh.600711,5.2400,5.4100,5.2200,5.3700,5.2400,58903547,314274277.2500
2023-05-05,sh.600711,5.3900,5.4300,5.2800,5.3100,5.3700,33582873,179392227.2700
2023-05-08,sh.600711,5.4700,5.8400,5.4200,5.7900,5.3100,188784962,1081400055.0000
2023-05-09,sh.600711,5.9000,5.9000,5.3900,5.4500,5.7900,176298548,977986370.8100
2023-05-10,sh.600711,5.3800,5.3900,5.2800,5.3400,5.4500,60014876,320258960.8300
2023-05-11,sh.600711,5.3200,5.3700,5.2800,5.3300,5.3400,26764012,142440561.7200
2023-05-12,sh.600711,5.3200,5.3300,5.2000,5.2100,5.3300,32600169,170918732.3100
2023-05-15,sh.600711,5.2000,5.3200,5.1900,5.3100,5.2100,30629535,161802885.8800
2023-05-16,sh.600711,5.2800,5.2900,5.2200,5.2500,5.3100,22937129,120331051.6400
2023-05-17,sh.600711,5.2300,5.2600,5.2100,5.2300,5.2500,18621677,97355588.0700
2023-05-18,sh.600711,5.2500,5.2500,5.1900,5.2200,5.2300,18805652,98296234.3900
2023-05-19,sh.600711,5.2200,5.2200,5.1500,5.1900,5.2200,17453255,90322870.5800
2023-05-22,sh.600711,5.1900,5.2000,5.1600,5.1900,5.1900,15436719,79899585.3300
2023-05-23,sh.600711,5.1800,5.2000,5.1300,5.1300,5.1900,16977417,87493417.5900
2023-05-24,sh.600711,5.1200,5.1700,5.1000,5.1200,5.1300,16676494,85555275.3200
2023-05-25,sh.600711,5.1000,5.1100,4.7500,4.8200,5.1200,87915380,428760518.3300
2023-05-26,sh.600711,4.8000,4.8400,4.7300,4.8100,4.8200,25432415,121500477.8700
2023-05-29,sh.600711,4.8200,4.8600,4.7900,4.8100,4.8100,18590960,89587137.1100
2023-05-30,sh.600711,4.8100,4.8300,4.7200,4.8200,4.8100,22348690,106762033.0000
2023-05-31,sh.600711,4.8000,4.8600,4.7700,4.7700,4.8200,35117004,168166086.4200
2023-06-01,sh.600711,4.7400,4.8100,4.7300,4.7700,4.7700,19367162,92632207.8000
2023-06-02,sh.600711,4.7700,4.8800,4.7700,4.8600,4.7700,35446815,171991828.0700
2023-06-05,sh.600711,4.8600,4.8600,4.8000,4.8300,4.8600,20314355,98009313.2700
2023-06-06,sh.600711,4.8300,4.8400,4.7300,4.7400,4.8300,22330990,106745537.1500
2023-06-07,sh.600711,4.7400,4.7500,4.5900,4.6200,4.7400,37220050,173156613.6300
2023-06-08,sh.600711,4.6000,4.6700,4.5900,4.6600,4.6200,19937614,92707768.7300
2023-06-09,sh.600711,4.8000,4.8200,4.7000,4.7400,4.6600,27097380,128374508.8500
2023-06-12,sh.600711,4.7200,4.7600,4.6800,4.7200,4.7400,18058541,85237374.9500
2023-06-13,sh.600711,4.7200,4.7700,4.7000,4.7500,4.7200,14705950,69779052.0000
2023-06-14,sh.600711,4.7700,4.8400,4.7600,4.8000,4.7500,24033164,115600414.9500
2023-06-15,sh.600711,4.7900,4.8400,4.7500,4.8200,4.8000,25146297,120651569.4600
2023-06-16,sh.600711,4.8200,4.8400,4.7900,4.8100,4.8200,16945800,81497612.2300
2023-06-19,sh.600711,4.8000,4.8000,4.7300,4.7300,4.8100,19062902,90527749.1100
2023-06-20,sh.600711,4.7200,4.7500,4.6800,4.7100,4.7300,19217629,90525105.4100
2023-06-21,sh.600711,4.6900,4.7500,4.6700,4.6800,4.7100,17463800,81997498.6000
2023-06-26,sh.600711,4.6800,4.7700,4.6600,4.7100,4.6800,26345096,124057644.1200
2023-06-27,sh.600711,4.7000,4.8200,4.7000,4.8000,4.7100,24451225,116775713.1100
2023-06-28,sh.600711,4.8000,4.8200,4.7400,4.8100,4.8000,19304978,92162520.1800
2023-06-29,sh.600711,4.8100,4.8800,4.8000,4.8100,4.8100,21120600,102190906.0000
2023-06-30,sh.600711,4.7900,4.8800,4.7900,4.8600,4.8100,23279241,113048764.2400
2023-07-03,sh.600711,4.8700,4.9500,4.8700,4.9300,4.8600,25915452,127862191.3500
2023-07-04,sh.600711,5.1700,5.2500,4.9900,4.9900,4.9300,67305897,341487320.4300
2023-07-05,sh.600711,4.9900,5.1800,4.9600,5.1500,4.9900,69258198,353580757.1400
2023-07-06,sh.600711,5.1600,5.1600,5.0300,5.0400,5.1500,43622397,221106206.8800
2023-07-07,sh.600711,5.0200,5.0600,4.9400,5.0200,5.0400,30661916,152984221.4500
2023-07-10,sh.600711,5.0200,5.0900,5.0000,5.0100,5.0200,23449204,118219956.3200
2023-07-11,sh.600711,5.0000,5.0300,4.9500,5.0200,5.0100,17324100,86365352.0000
2023-07-12,sh.600711,5.0000,5.0200,4.9600,4.9800,5.0200,17588100,87817411.9500
2023-07-13,sh.600711,5.0100,5.0800,5.0100,5.0500,4.9800,25609218,129149569.7300
2023-07-14,sh.600711,5.0500,5.0800,5.0100,5.0200,5.0500,21154057,106629419.9900
2023-07-17,sh.600711,4.9800,4.9900,4.9300,4.9600,5.0200,17994800,89158345.0000
2023-07-18,sh.600711,4.9400,5.0100,4.9100,5.0000,4.9600,20490410,101560408.7400
2023-07-19,sh.600711,5.0100,5.0200,4.9700,5.0100,5.0000,17651386,88175495.8500
2023-07-20,sh.600711,5.0000,5.1000,4.9900,5.0300,5.0100,35577426,179781259.8700
2023-07-21,sh.600711,5.0000,5.0400,4.9800,5.0300,5.0300,18904605,94759559.0500
2023-07-24,sh.600711,5.0100,5.0200,4.9400,4.9500,5.0300,17173104,85336488.7600
2023-07-25,sh.600711,4.9800,5.0600,4.9800,5.0500,4.9500,27143237,136859957.3300
2023-07-26,sh.600711,5.0600,5.0800,5.0200,5.0800,5.0500,20207110,102243856.5000
2023-07-27,sh.600711,5.0800,5.1000,5.0400,5.0500,5.0800,21450307,108930446.3500
2023-07-28,sh.600711,5.0400,5.2100,5.0200,5.1900,5.0500,60485987,311905938.6000
2023-07-31,sh.600711,5.2200,5.2800,5.1800,5.1900,5.1900,42859279,224141238.2500
2023-08-01,sh.600711,5.2300,5.2800,5.1800,5.2800,5.1900,34307244,180204919.6900
2023-08-02,sh.600711,5.3000,5.3300,5.2000,5.2200,5.2800,30571812,160172939.7600
2023-08-03,sh.600711,5.1900,5.2200,5.1600,5.2100,5.2200,25266020,131239597.6900
2023-08-04,sh.600711,5.2300,5.2600,5.1800,5.2200,5.2100,26313125,137572012.0800
2023-08-07,sh.600711,5.2100,5.2400,5.1200,5.1500,5.2200,37793019,194935560.5400
2023-08-08,sh.600711,5.1500,5.1800,5.1000,5.1600,5.1500,20682440,106119790.2000
2023-08-09,sh.600711,5.1300,5.1600,5.1000,5.1400,5.1600,11706900,60081082.0300
2023-08-10,sh.600711,5.1100,5.1600,5.1100,5.1600,5.1400,11739351,60377532.6100
2023-08-11,sh.600711,5.1600,5.1700,4.9800,5.0000,5.1600,36047400,182034508.0000
2023-08-14,sh.600711,4.9500,4.9800,4.8400,4.9300,5.0000,32496944,159207592.4800
2023-08-15,sh.600711,4.9200,4.9400,4.8200,4.8800,4.9300,25272500,123094521.9500
2023-08-16,sh.600711,4.8300,4.9100,4.8200,4.8500,4.8800,15335072,74646770.2000
2023-08-17,sh.600711,4.8300,4.8900,4.7400,4.8700,4.8500,25061350,121124256.6200
2023-08-18,sh.600711,4.8600,4.8800,4.7400,4.7600,4.8700,28599228,137411528.5200
2023-08-21,sh.600711,4.7600,4.8000,4.6900,4.7000,4.7600,20071312,95225173.2400
2023-08-22,sh.600711,4.7000,4.7400,4.6000,4.6600,4.7000,30491200,142124457.7700
2023-08-23,sh.600711,4.6600,4.6700,4.5400,4.5400,4.6600,26706493,122836230.2800
2023-08-24,sh.600711,4.5600,4.6600,4.5500,4.6000,4.5400,23592466,108649553.0900
2023-08-25,sh.600711,4.6000,4.6100,4.5100,4.5300,4.6000,22814484,103983880.3700
2023-08-28,sh.600711,4.7400,4.7900,4.6000,4.6200,4.5300,44128833,207415935.5300
2023-08-29,sh.600711,4.6100,4.6800,4.5900,4.6600,4.6200,30009244,139390178.1000
2023-08-30,sh.600711,4.6600,4.7200,4.6500,4.6700,4.6600,25033613,117304024.7900
2023-08-31,sh.600711,4.6600,4.6900,4.5800,4.6000,4.6700,21182000,97877047.0000
2023-09-01,sh.600711,4.6100,4.7200,4.6000,4.7100,4.6000,31174936,145980854.9700
2023-09-04,sh.600711,4.7300,4.9100,4.7100,4.9100,4.7100,49239910,238459359.0700
2023-09-05,sh.600711,4.8800,4.9000,4.8400,4.8900,4.9100,26022111,126780714.6800
2023-09-06,sh.600711,4.8800,4.8800,4.8200,4.8400,4.8900,16611457,80404484.1400
2023-09-07,sh.600711,4.8500,4.8600,4.7700,4.7700,4.8400,20994300,100820925.0000
2023-09-08,sh.600711,4.7700,4.8000,4.7500,4.7600,4.7700,12186829,58131889.1300
2023-09-11,sh.600711,4.7700,4.8500,4.7200,4.8300,4.7600,18681963,89925072.5100
2023-09-12,sh.600711,4.8400,4.9000,4.8200,4.8400,4.8300,16621088,80727002.9400
2023-09-13,sh.600711,4.8200,4.8800,4.8100,4.8400,4.8400,19893015,96364655.4500
2023-09-14,sh.600711,4.8300,4.8800,4.8100,4.8600,4.8400,22228574,107954380.6400
2023-09-15,sh.600711,4.8800,4.9100,4.8500,4.8600,4.8600,22526915,109978894.7500
2023-09-18,sh.600711,4.8500,4.8800,4.8100,4.8600,4.8600,18701900,90687744.0000
2023-09-19,sh.600711,4.8400,4.8500,4.7800,4.8000,4.8600,15560200,74814838.0000
2023-09-20,sh.600711,4.8000,4.8100,4.7500,4.7500,4.8000,16178904,77183582.0000
2023-09-21,sh.600711,4.7600,4.7900,4.7000,4.7100,4.7500,15140953,71631493.6300
2023-09-22,sh.600711,4.7000,4.7800,4.7000,4.7700,4.7100,17819157,84316377.0000
2023-09-25,sh.600711,4.7700,4.7700,4.6700,4.6800,4.7700,16390600,77182648.0000
2023-09-26,sh.600711,4.6800,4.6900,4.6300,4.6400,4.6800,11615734,54094039.3200
2023-09-27,sh.600711,4.6200,4.7000,4.6100,4.6700,4.6400,13257591,61799000.2400
2023-09-28,sh.600711,4.6700,4.7000,4.6600,4.6800,4.6700,13133378,61454501.8600
2023-10-09,sh.600711,4.6500,4.6600,4.6000,4.6300,4.6800,18466200,85292288.0000
2023-10-10,sh.600711,4.6300,4.7000,4.6100,4.6200,4.6300,16260043,75477690.2300
2023-10-11,sh.600711,4.6300,4.6400,4.5700,4.5800,4.6200,19530138,89989918.5600
2023-10-12,sh.600711,4.6000,4.7200,4.5900,4.7200,4.5800,34200850,159698108.3500
2023-10-13,sh.600711,4.6800,4.6900,4.6300,4.6400,4.7200,20323467,94519877.2100
2023-10-16,sh.600711,4.6500,4.6600,4.5700,4.6000,4.6400,19674300,90518336.0000
2023-10-17,sh.600711,4.6000,4.6100,4.5400,4.5600,4.6000,20712000,94499653.0000
2023-10-18,sh.600711,4.5400,4.5500,4.4400,4.4400,4.5600,24902799,111482678.6300
2023-10-19,sh.600711,4.4500,4.5000,4.4200,4.4300,4.4400,17346149,77258206.9300
2023-10-20,sh.600711,4.4100,4.5100,4.4000,4.4500,4.4300,17553775,78261761.4000
2023-10-23,sh.600711,4.4500,4.4500,4.2200,4.2500,4.4500,26359564,113688954.4500
2023-10-24,sh.600711,4.2400,4.3600,4.2400,4.3300,4.2500,23422700,100947319.0000
2023-10-25,sh.600711,4.3500,4.4300,4.3400,4.3900,4.3300,21122438,92997467.3200
2023-10-26,sh.600711,4.3800,4.4200,4.3100,4.4100,4.3900,19995358,87124313.7200
2023-10-27,sh.600711,4.3900,4.5100,4.3700,4.5000,4.4100,21434000,95875714.4800
2023-10-30,sh.600711,4.4800,4.6000,4.4700,4.5800,4.5000,26751462,122084050.5400
2023-10-31,sh.600711,4.5900,4.6000,4.5200,4.5500,4.5800,15519206,70545227.5500
2023-11-01,sh.600711,4.5500,4.5700,4.5000,4.5600,4.5500,15806696,71808955.9200
2023-11-02,sh.600711,4.5700,4.6100,4.5000,4.5000,4.5600,17754289,80569450.0800
2023-11-03,sh.600711,4.5100,4.5600,4.5000,4.5300,4.5000,14212837,64470889.4400
2023-11-06,sh.600711,4.5300,4.6100,4.5300,4.6000,4.5300,24271291,111047428.6200
2023-11-07,sh.600711,4.5800,4.6100,4.5500,4.5900,4.6000,17540734,80272589.0600
2023-11-08,sh.600711,4.5700,4.6000,4.5300,4.5500,4.5900,18274500,83405145.0000
2023-11-09,sh.600711,4.5400,4.5600,4.5100,4.5200,4.5500,17761658,80522949.1600
2023-11-10,sh.600711,4.5100,4.5300,4.4700,4.5200,4.5200,15639800,70510180.0000
2023-11-13,sh.600711,4.5300,4.5800,4.5100,4.5800,4.5200,18458454,83903134.2700
2023-11-14,sh.600711,4.5900,4.5900,4.5300,4.5500,4.5800,14529000,66235906.6100
2023-11-15,sh.600711,4.5900,4.6300,4.5800,4.6100,4.5500,24373645,112335618.0000
2023-11-16,sh.600711,4.5900,4.6100,4.5300,4.5300,4.6100,21351595,97107851.3500
2023-11-17,sh.600711,4.5200,4.5600,4.5100,4.5400,4.5300,18699574,84823486.2200
2023-11-20,sh.600711,4.5600,4.5900,4.5200,4.5800,4.5400,22385797,102101638.3700
2023-11-21,sh.600711,4.6000,4.6100,4.5600,4.5800,4.5800,20944500,96123031.0000
2023-11-22,sh.600711,4.5700,4.5700,4.4600,4.4600,4.5800,26771695,120791403.7000
2023-11-23,sh.600711,4.4600,4.5000,4.4200,4.4900,4.4600,20592276,91986772.7600
2023-11-24,sh.600711,4.4900,4.4900,4.4400,4.4500,4.4900,16983900,75751597.0000
2023-11-27,sh.600711,4.4400,4.4700,4.4100,4.4400,4.4500,17361900,76977423.0000
2023-11-28,sh.600711,4.4300,4.4800,4.4100,4.4800,4.4400,15599764,69471457.4400
2023-11-29,sh.600711,4.4700,4.4900,4.4500,4.4500,4.4800,14739263,65942163.1800
2023-11-30,sh.600711,4.4500,4.4600,4.3900,4.4100,4.4500,16533978,73023945.2000
2023-12-01,sh.600711,4.4000,4.4600,4.3700,4.4300,4.4100,21049800,92721510.0000
2023-12-04,sh.600711,4.4500,4.5100,4.4400,4.4700,4.4300,23716517,106139814.9900
2023-12-05,sh.600711,4.4600,4.4700,4.3900,4.3900,4.4700,22868200,101293389.0000
2023-12-06,sh.600711,4.3700,4.5200,4.3500,4.4600,4.3900,33639562,150435011.5200
2023-12-07,sh.600711,4.4900,4.4900,4.3600,4.4200,4.4600,34856286,153413956.7400
2023-12-08,sh.600711,4.4500,4.4500,4.3500,4.3500,4.4200,22873305,100253461.9500
2023-12-11,sh.600711,4.3300,4.3800,4.2600,4.3700,4.3500,26929550,116150313.4800
2023-12-12,sh.600711,4.3500,4.3600,4.3100,4.3500,4.3700,16605360,71997678.3000
2023-12-13,sh.600711,4.3400,4.3400,4.2500,4.2500,4.3500,23847743,102267644.7500
2023-12-14,sh.600711,4.2800,4.3000,4.2200,4.2300,4.2500,20667473,88054567.0700
2023-12-15,sh.600711,4.2300,4.2900,4.2100,4.2300,4.2300,25953755,110378802.7500
2023-12-18,sh.600711,4.2100,4.2400,4.1000,4.1300,4.2300,36203840,150147589.8000
2023-12-19,sh.600711,4.1200,4.1500,4.0600,4.1000,4.1300,21302002,87423437.6200
2023-12-20,sh.600711,4.1000,4.1200,4.0500,4.0500,4.1000,14999024,61259955.6300
2023-12-21,sh.600711,4.0400,4.1100,4.0100,4.1000,4.0500,24782903,100762984.5500
2023-12-22,sh.600711,4.1000,4.1900,4.0400,4.1600,4.1000,32057541,132491031.4700
2023-12-25,sh.600711,4.1400,4.1700,4.1100,4.1400,4.1600,18807700,77852403.0000
2023-12-26,sh.600711,4.1500,4.1900,4.1300,4.1400,4.1400,20385297,84721982.6300
2023-12-27,sh.600711,4.1600,4.1600,4.1000,4.1500,4.1400,14063864,58186526.6000
2023-12-28,sh.600711,4.1500,4.3300,4.1500,4.3100,4.1500,41832151,178223694.3300
2023-12-29,sh.600711,4.3000,4.3700,4.2900,4.3400,4.3100,28915630,125569133.9600
2024-01-02,sh.600711,4.3400,4.3600,4.3200,4.3300,4.3400,24649905,106960363.6500
2024-01-03,sh.600711,4.3100,4.3500,4.2800,4.3300,4.3300,24568900,105969913.0000
2024-01-04,sh.600711,4.3100,4.3100,4.2400,4.2700,4.3300,17804897,76030904.1900
2024-01-05,sh.600711,4.2800,4.3200,4.1900,4.2100,4.2700,20858200,88843932.0000
2024-01-08,sh.600711,4.2000,4.2400,4.1100,4.1100,4.2100,21056207,87766683.1100
2024-01-09,sh.600711,4.1200,4.1800,4.0900,4.1300,4.1100,19159200,79088792.0000
2024-01-10,sh.600711,4.1200,4.1900,4.0700,4.1300,4.1300,17145325,70907510.2500
2024-01-11,sh.600711,4.1200,4.2600,4.1000,4.2200,4.1300,26605900,111182929.0000
2024-01-12,sh.600711,4.2100,4.2600,4.1800,4.1900,4.2200,17966174,75820604.0600
2024-01-15,sh.600711,4.1700,4.2000,4.1100,4.1200,4.1900,24206350,100387924.5000
2024-01-16,sh.600711,4.1200,4.1500,4.0400,4.0900,4.1200,23466700,95758553.0000
2024-01-17,sh.600711,4.0900,4.0900,3.9700,3.9700,4.0900,26821100,108029374.0000
2024-01-18,sh.600711,3.9500,3.9600,3.7600,3.8900,3.9700,44940179,172897400.8100
2024-01-19,sh.600711,3.8900,3.9500,3.8500,3.8700,3.8900,27949200,108636386.0900
2024-01-22,sh.600711,3.8300,3.8600,3.6200,3.6500,3.8700,34667336,129522915.1300
2024-01-23,sh.600711,3.6500,3.7400,3.5700,3.7100,3.6500,29391682,107841966.3800
2024-01-24,sh.600711,3.7100,3.8000,3.6400,3.7900,3.7100,26659903,99515685.3500
2024-01-25,sh.600711,3.7900,3.9700,3.7800,3.9700,3.7900,34142774,133025722.9800
2024-01-26,sh.600711,3.9600,4.0100,3.9400,3.9800,3.9700,24982712,99479994.5200
2024-01-29,sh.600711,3.9800,4.0000,3.8600,3.8800,3.9800,30311265,118777366.2100
2024-01-30,sh.600711,3.8800,3.9500,3.8000,3.8200,3.8800,31915000,124041257.0000
2024-01-31,sh.600711,3.8000,3.8300,3.6600,3.6700,3.8200,32927966,122526249.2200
2024-02-01,sh.600711,3.6200,3.7400,3.5800,3.6300,3.6700,28966800,105821826.0000
2024-02-02,sh.600711,3.6300,3.7000,3.3400,3.4500,3.6300,45203000,159352048.0000
2024-02-05,sh.600711,3.5000,3.5200,3.1400,3.1500,3.4500,61399261,201003382.5300
2024-02-06,sh.600711,3.1400,3.4600,3.0800,3.4400,3.1500,61728463,202877043.9800
2024-02-07,sh.600711,3.4400,3.6900,3.4400,3.6500,3.4400,76398310,276762683.7000
2024-02-08,sh.600711,3.6800,3.8900,3.6700,3.7600,3.6500,75023532,286569282.6300
2024-02-19,sh.600711,3.8100,3.8300,3.6800,3.7200,3.7600,48545771,181819686.7600
2024-02-20,sh.600711,3.7200,3.7200,3.6200,3.7000,3.7200,35932074,131703264.0600
2024-02-21,sh.600711,3.6800,3.8600,3.6400,3.7500,3.7000,48547382,183056385.5800
2024-02-22,sh.600711,3.7400,3.7900,3.7100,3.7800,3.7500,34460443,129521366.4700
2024-02-23,sh.600711,3.8300,3.8500,3.7700,3.8400,3.7800,41123438,156531239.6600
2024-02-26,sh.600711,3.8300,3.8900,3.8000,3.8300,3.8400,42570689,163717652.7600
2024-02-27,sh.600711,3.8300,3.9100,3.8000,3.9100,3.8300,39099661,150930102.3600
2024-02-28,sh.600711,3.9100,4.0700,3.8200,3.8200,3.9100,69345842,274441470.8300
2024-02-29,sh.600711,3.7900,3.9300,3.7700,3.9200,3.8200,48824291,189556816.7500
2024-03-01,sh.600711,3.9200,3.9700,3.8900,3.9400,3.9200,36100619,141855180.7400
2024-03-04,sh.600711,3.9500,4.0000,3.8700,3.9100,3.9400,39134780,153187057.4000
2024-03-05,sh.600711,3.9000,3.9300,3.8300,3.8500,3.9100,35517479,137102298.7300
2024-03-06,sh.600711,3.8300,3.9000,3.8000,3.8600,3.8500,27462200,105821747.5900
2024-03-07,sh.600711,3.8700,4.1600,3.8700,3.9800,3.8600,98078986,395332677.4700
2024-03-08,sh.600711,4.0200,4.0300,3.9000,3.9800,3.9800,48659174,192433543.0100
2024-03-11,sh.600711,3.9800,4.0600,3.9700,4.0600,3.9800,51879866,208751120.1200
2024-03-12,sh.600711,4.0800,4.2200,4.0600,4.1100,4.0600,79274407,328181185.4700
2024-03-13,sh.600711,4.1000,4.1300,4.0700,4.0900,4.1100,37922733,155312474.0000
2024-03-14,sh.600711,4.1500,4.2900,4.1300,4.1500,4.0900,91112168,383113371.7000
2024-03-15,sh.600711,4.1300,4.4100,4.1200,4.4100,4.1500,125295746,539426509.7400
2024-03-18,sh.600711,4.4700,4.5100,4.3500,4.4500,4.4100,104061495,461864097.9400
2024-03-19,sh.600711,4.4000,4.6500,4.3900,4.5000,4.4500,113861895,518133512.9300
2024-03-20,sh.600711,4.4500,4.4800,4.3800,4.4300,4.5000,76102700,336673399.8000
2024-03-21,sh.600711,4.4900,4.5200,4.3900,4.4400,4.4300,55013759,244645634.0400
2024-03-22,sh.600711,4.4000,4.4300,4.2800,4.3200,4.4400,59095740,256054935.3700
2024-03-25,sh.600711,4.2900,4.4000,4.2700,4.2800,4.3200,55442143,239542975.8300
2024-03-26,sh.600711,4.2400,4.3100,4.1700,4.2600,4.2800,43098117,182799190.5300
2024-03-27,sh.600711,4.2600,4.2600,4.1300,4.1300,4.2600,35000480,146550821.1500
2024-03-28,sh.600711,4.1100,4.2400,4.1000,4.2000,4.1300,39861387,166766248.7900
2024-03-29,sh.600711,4.2300,4.3400,4.2300,4.3300,4.2000,55906810,239790023.9800
2024-04-01,sh.600711,4.3900,4.6200,4.3800,4.4900,4.3300,97599446,439153419.9300
2024-04-02,sh.600711,4.5000,4.7000,4.4600,4.6600,4.4900,130609987,602827917.3200
2024-04-03,sh.600711,4.7000,4.8700,4.6100,4.8000,4.6600,170925539,813232918.5600
2024-04-08,sh.600711,4.8600,5.0500,4.7400,4.8000,4.8000,223162567,1092958055.5700
2024-04-09,sh.600711,4.8100,4.8700,4.7000,4.8100,4.8000,131439132,628137308.0100
2024-04-10,sh.600711,4.8000,4.8300,4.6500,4.7000,4.8100,99429707,469499275.3300
2024-04-11,sh.600711,4.6300,4.9100,4.5900,4.7800,4.7000,107754101,513568720.4700
2024-04-12,sh.600711,4.8400,4.8500,4.6900,4.8000,4.7800,80775134,386768289.0800
2024-04-15,sh.600711,4.7500,4.7600,4.4900,4.6500,4.8000,104462563,482004279.0700
2024-04-16,sh.600711,4.5800,4.6200,4.3700,4.3800,4.6500,90077676,401494840.4000
2024-04-17,sh.600711,4.4100,4.5200,4.4100,4.5100,4.3800,68429760,305876532.8000
2024-04-18,sh.600711,4.5000,4.6700,4.4800,4.6200,4.5100,85470215,392633308.9200
2024-04-19,sh.600711,4.6300,4.8000,4.6200,4.6800,4.6200,93141537,437851418.2000
2024-04-22,sh.600711,4.6800,4.8400,4.5800,4.6100,4.6800,105884900,498855823.0000
2024-04-23,sh.600711,4.5300,4.5700,4.3600,4.3900,4.6100,85952908,381993002.9900
2024-04-24,sh.600711,4.3400,4.4700,4.1900,4.4600,4.3900,87546275,379016555.7800
2024-04-25,sh.600711,4.3900,4.5500,4.3500,4.4800,4.4600,57723600,257421325.3700
2024-04-26,sh.600711,4.4800,4.6500,4.4800,4.6400,4.4800,76294481,348853094.1300
2024-04-29,sh.600711,4.8900,5.0900,4.8400,4.9700,4.6400,186077499,924447837.5300
2024-04-30,sh.600711,5.0200,5.0500,4.8800,4.9100,4.9700,107646506,531214281.4600
2024-05-06,sh.600711,4.9200,4.9300,4.7800,4.8900,4.9100,102727317,499134530.9600
2024-05-07,sh.600711,4.9200,5.0200,4.8800,4.9500,4.8900,107502791,532253158.7800
2024-05-08,sh.600711,4.9100,4.9500,4.8400,4.8900,4.9500,71171565,348088101.7900
2024-05-09,sh.600711,4.8600,5.1800,4.8600,5.1000,4.8900,156480972,791904903.4000
2024-05-10,sh.600711,5.1100,5.1800,5.0300,5.1500,5.1000,106390312,542353832.1700
2024-05-13,sh.600711,5.0800,5.2000,5.0000,5.1400,5.1500,94831635,484649516.7100
2024-05-14,sh.600711,5.1600,5.2700,5.1100,5.1500,5.1400,93492829,483628490.9900
2024-05-15,sh.600711,5.0900,5.2600,5.0600,5.1600,5.1500,97138017,502373484.9600
2024-05-16,sh.600711,5.2200,5.2500,5.0400,5.0600,5.1600,93647000,479948758.2000
2024-05-17,sh.600711,5.0700,5.1800,4.9800,5.1800,5.0600,93852883,476436434.0900
2024-05-20,sh.600711,4.6600,4.7800,4.6600,4.6600,5.1800,139406400,650227197.3200
2024-05-21,sh.600711,4.5500,4.6800,4.5100,4.5600,4.6600,340360839,1560564874.0300
2024-05-22,sh.600711,4.5100,4.7300,4.3000,4.3400,4.5600,308073704,1383261239.0700
2024-05-23,sh.600711,4.2500,4.2500,4.0900,4.1100,4.3400,189428481,785050523.6000
2024-05-24,sh.600711,4.0800,4.2900,4.0800,4.2100,4.1100,132897711,557800588.7500
2024-05-27,sh.600711,4.2100,4.2900,4.1100,4.1900,4.2100,104375930,434946528.5800
2024-05-28,sh.600711,4.2400,4.2500,4.1000,4.1200,4.1900,104034958,434373850.8600
2024-05-29,sh.600711,4.1300,4.2300,4.1000,4.2100,4.1200,120382549,503233515.2600
2024-05-30,sh.600711,4.1700,4.2100,4.1100,4.1200,4.2100,89052613,369253635.5600
2024-05-31,sh.600711,4.1100,4.1600,4.0300,4.0400,4.1200,79702567,325456074.8900
2024-06-03,sh.600711,3.9900,3.9900,3.6400,3.6400,4.0400,202361450,758508168.7600
2024-06-04,sh.600711,3.4800,3.6900,3.4800,3.5800,3.6400,188816938,675427783.8000
2024-06-05,sh.600711,3.5500,3.5800,3.4800,3.5000,3.5800,98561065,347184446.4400
2024-06-06,sh.600711,3.5300,3.5500,3.3400,3.4000,3.5000,118439944,404824838.3800
2024-06-07,sh.600711,3.5000,3.6600,3.4900,3.6300,3.4000,130810491,467443659.5500
2024-06-11,sh.600711,3.5600,3.5900,3.5100,3.5600,3.6300,91196562,323250422.9600
2024-06-12,sh.600711,3.5400,3.6000,3.4900,3.5400,3.5600,77331430,274115248.9000
2024-06-13,sh.600711,3.5400,3.5400,3.4200,3.4500,3.5400,78911817,272925197.4800
2024-06-14,sh.600711,3.4300,3.4700,3.3800,3.4600,3.4500,54080371,185451477.6600
2024-06-17,sh.600711,3.4400,3.4500,3.3900,3.3900,3.4600,51475183,175722908.2000
2024-06-18,sh.600711,3.3800,3.5000,3.3800,3.4800,3.3900,57194800,197628899.0000
2024-06-19,sh.600711,3.6300,3.8300,3.5400,3.8300,3.4800,130339153,489488724.7900
2024-06-20,sh.600711,3.8200,4.0900,3.7900,3.9000,3.8300,289258447,1142310794.5000
2024-06-21,sh.600711,3.8600,3.9500,3.7900,3.8100,3.8700,131119471,506631845.9900
2024-06-24,sh.600711,3.7400,3.7600,3.6200,3.6400,3.8100,113846676,418245335.4600
2024-06-25,sh.600711,3.6500,3.7400,3.6300,3.6700,3.6400,81046436,298186195.3000
2024-06-26,sh.600711,3.6500,3.7200,3.5300,3.7000,3.6700,97625706,352980055.1900
2024-06-27,sh.600711,3.6900,3.7400,3.6100,3.6300,3.7000,83595473,305970179.3200
2024-06-28,sh.600711,3.6100,3.7000,3.6100,3.6700,3.6300,73067700,267629003.9100
2024-07-01,sh.600711,3.8800,4.0400,3.7700,4.0300,3.6700,213896084,839668205.9800
2024-07-02,sh.600711,3.9800,4.0700,3.9600,3.9700,4.0300,125510903,502690321.8700
2024-07-03,sh.600711,4.0100,4.0800,3.9800,4.0400,3.9700,106032219,427277969.0100
2024-07-04,sh.600711,4.0700,4.1200,3.9300,3.9600,4.0400,99279915,399329043.5000
2024-07-05,sh.600711,3.9700,4.0500,3.8900,4.0400,3.9600,95358009,380617581.0000
2024-07-08,sh.600711,4.0000,4.0800,3.9500,3.9700,4.0400,90083556,361114574.4400
2024-07-09,sh.600711,3.9400,4.2900,3.9100,4.2500,3.9700,176241203,733227683.3900
2024-07-10,sh.600711,4.6800,4.6800,4.6800,4.6800,4.2500,43421510,203212666.8000
2024-07-11,sh.600711,5.1200,5.1500,4.9500,5.1500,4.6800,270746660,1383243998.1200
2024-07-12,sh.600711,5.4100,5.5500,5.2100,5.3400,5.1500,437369497,2355223449.7800
2024-07-15,sh.600711,5.4500,5.8700,5.3500,5.7300,5.3400,453091152,2572440015.0300
2024-07-16,sh.600711,5.7000,5.8200,5.6300,5.7200,5.7300,273293213,1563049927.3800
2024-07-17,sh.600711,5.7800,5.8400,5.3200,5.3300,5.7200,312477175,1723633537.8000
2024-07-18,sh.600711,5.3200,5.4600,5.2300,5.3200,5.3300,212725857,1134025823.6700
2024-07-19,sh.600711,5.1300,5.1700,4.9500,5.0100,5.3200,256859862,1290878679.3800
2024-07-22,sh.600711,4.9800,5.0500,4.9300,4.9400,5.0100,140703200,700358256.0000
2024-07-23,sh.600711,4.9600,5.0100,4.7400,4.7600,4.9400,153599777,746007780.7500
2024-07-24,sh.600711,4.8100,4.8800,4.7700,4.7800,4.7600,130267368,628067717.1200
2024-07-25,sh.600711,4.7000,4.7200,4.5400,4.5700,4.7800,154365404,712139149.3900
2024-07-26,sh.600711,4.6100,4.8000,4.6000,4.7000,4.5700,130317100,615205320.0000
2024-07-29,sh.600711,4.7500,4.8200,4.6600,4.7200,4.7000,111739430,530383563.4000
2024-07-30,sh.600711,4.6600,4.7800,4.6600,4.7600,4.7200,92811199,438732616.2700
2024-07-31,sh.600711,4.7600,4.7600,4.7600,4.7600,4.7600,,
2024-08-01,sh.600711,4.5200,4.5200,4.5200,4.5200,4.7600,5236000,23666720.0000
2024-08-02,sh.600711,4.2900,4.2900,4.2900,4.2900,4.5200,2098700,9003423.0000
2024-08-05,sh.600711,4.0800,4.0800,4.0800,4.0800,4.2900,9622700,39260616.0000
2024-08-06,sh.600711,3.8800,3.9000,3.8800,3.8800,4.0800,270300300,1049084082.7600
2024-08-07,sh.600711,3.8800,4.0400,3.8300,3.9100,3.8800,307949768,1202843432.2300
2024-08-08,sh.600711,3.9000,3.9800,3.7200,3.8400,3.9100,209781531,806452659.1900
2024-08-09,sh.600711,3.8600,4.0300,3.8400,4.0200,3.8400,206239966,818885186.8800
2024-08-12,sh.600711,3.9800,4.2200,3.9700,4.2200,4.0200,189033925,773367868.7200
2024-08-13,sh.600711,4.2900,4.3400,4.0100,4.0800,4.2200,213131895,889397262.9600
2024-08-14,sh.600711,4.0600,4.1700,4.0300,4.0700,4.0800,107427132,439064679.4400
2024-08-15,sh.600711,4.0600,4.0700,3.8800,3.9600,4.0700,124004223,491114348.7600
2024-08-16,sh.600711,4.0000,4.0200,3.9000,3.9100,3.9600,84322963,333266995.7200
2024-08-19,sh.600711,3.8900,3.9600,3.8300,3.8400,3.9100,96900701,376487626.6900
2024-08-20,sh.600711,3.8300,3.8800,3.6500,3.6900,3.8400,119645695,448086822.8200
2024-08-21,sh.600711,3.6500,3.8700,3.5500,3.8200,3.6900,128943356,481943494.1200
2024-08-22,sh.600711,3.7800,3.8100,3.6700,3.7000,3.8200,77154549,288746708.1800
2024-08-23,sh.600711,3.6800,3.7900,3.6300,3.7500,3.7000,64729233,241094555.0900
2024-08-26,sh.600711,3.8200,3.9200,3.8000,3.8800,3.7500,74980602,289485427.7200
2024-08-27,sh.600711,3.8500,3.8600,3.7800,3.8000,3.8800,59184505,225537433.0000
2024-08-28,sh.600711,3.7900,3.9200,3.7800,3.8300,3.8000,61803001,238455686.8000
2024-08-29,sh.600711,3.8000,3.9500,3.7900,3.9000,3.8300,72600078,280821424.2900
2024-08-30,sh.600711,3.9000,3.9600,3.8800,3.9100,3.9000,98660294,387375913.1800
2024-09-02,sh.600711,3.8900,3.9000,3.7600,3.7600,3.9100,80384605,307687546.2500
2024-09-03,sh.600711,3.7500,3.8000,3.7200,3.7600,3.7600,49147600,184903513.0000
2024-09-04,sh.600711,3.7100,3.7200,3.6300,3.6400,3.7600,68546400,252122898.0000
2024-09-05,sh.600711,3.6300,3.6600,3.6000,3.6300,3.6400,51796200,188136843.0000
2024-09-06,sh.600711,3.6400,3.6500,3.5500,3.5800,3.6300,53938100,194286188.0000
2024-09-09,sh.600711,3.5200,3.5200,3.4600,3.5000,3.5800,52667259,184193885.5000
2024-09-10,sh.600711,3.5200,3.5400,3.4700,3.5300,3.5000,37348811,130758077.5300
2024-09-11,sh.600711,3.5100,3.6700,3.4900,3.5900,3.5300,56126462,201688399.4400
2024-09-12,sh.600711,3.6100,3.6300,3.5300,3.5400,3.5900,41978705,150316960.7500
2024-09-13,sh.600711,3.5800,3.5900,3.4800,3.4900,3.5400,49320200,174359291.0000
2024-09-18,sh.600711,3.4900,3.5000,3.3700,3.4400,3.4900,53033576,181678224.1600
2024-09-19,sh.600711,3.4300,3.5600,3.4000,3.5400,3.4400,58155788,203170056.9300
2024-09-20,sh.600711,3.5100,3.6300,3.4900,3.5800,3.5400,59313052,211107735.7000
2024-09-23,sh.600711,3.5700,3.6200,3.5500,3.5600,3.5800,40578356,145498224.4800
2024-09-24,sh.600711,3.5800,3.7400,3.5700,3.7400,3.5600,91981060,337978372.2400
2024-09-25,sh.600711,3.8000,3.9300,3.7800,3.7900,3.7400,115362650,443900193.9200
2024-09-26,sh.600711,3.7900,3.9200,3.7700,3.9200,3.7900,94569619,366186911.2900
2024-09-27,sh.600711,4.0500,4.1200,3.9900,4.1200,3.9200,115663655,471257732.3500
2024-09-30,sh.600711,4.3300,4.3300,4.1900,4.3300,4.1200,147762497,636754332.1200
2024-10-08,sh.600711,4.5500,4.5500,4.3100,4.4300,4.3300,238251053,1063311345.9200
2024-10-09,sh.600711,4.3300,4.3300,4.2100,4.2100,4.4300,117267996,495919928.2800
2024-10-10,sh.600711,4.1300,4.2400,4.0000,4.1300,4.2100,144135685,592340566.5100
2024-10-11,sh.600711,4.1000,4.2600,4.0800,4.1200,4.1300,88914659,369780544.3700
2024-10-14,sh.600711,4.1500,4.3200,4.1400,4.2800,4.1200,88104455,372439141.8500
2024-10-15,sh.600711,4.2300,4.2600,4.1700,4.1900,4.2800,72239254,304686412.8800
2024-10-16,sh.600711,4.1700,4.2500,4.1600,4.2200,4.1900,48519159,204556598.5700
2024-10-17,sh.600711,4.2300,4.3500,4.2300,4.2500,4.2200,71654823,306608284.9000
2024-10-18,sh.600711,4.2600,4.4600,4.2600,4.4300,4.2500,109159278,480357532.9900
2024-10-21,sh.600711,4.4400,4.6500,4.4200,4.6500,4.4300,113392618,519335622.2400
2024-10-22,sh.600711,4.6700,4.8800,4.6500,4.8800,4.6500,117527337,567491406.6900
2024-10-23,sh.600711,5.0300,5.0400,4.7500,4.7600,4.8800,150837489,735935673.3900
2024-10-24,sh.600711,4.7600,5.0000,4.7300,5.0000,4.7600,115518289,571575872.6300
2024-10-25,sh.600711,5.0400,5.1800,4.9100,5.1400,5.0000,127447073,640661564.4800
2024-10-28,sh.600711,5.2900,5.3200,5.1100,5.1400,5.1400,150639632,782544795.6000
2024-10-29,sh.600711,5.1300,5.1400,4.9300,4.9300,5.1400,126833051,640228491.2700
2024-10-30,sh.600711,4.9100,5.1100,4.9100,5.0500,4.9300,94404318,473827668.2900
2024-10-31,sh.600711,5.1100,5.1400,5.0200,5.0400,5.0500,73913947,373808189.8000
2024-11-01,sh.600711,5.0100,5.1800,4.9900,5.0700,5.0400,101006908,514740774.2500
2024-11-04,sh.600711,5.1200,5.1200,5.0200,5.1000,5.0700,61280000,311089093.5600
2024-11-05,sh.600711,5.0900,5.2300,5.0800,5.1900,5.1000,83561920,431913811.6400
2024-11-06,sh.600711,5.2200,5.4500,5.2100,5.2800,5.1900,111812194,598035075.8200
2024-11-07,sh.600711,5.1000,5.2600,5.0800,5.2600,5.2800,101748400,525788846.0800
2024-11-08,sh.600711,5.4100,5.4100,5.1400,5.1800,5.2600,104963708,552233606.8200
2024-11-11,sh.600711,5.1100,5.1600,5.0300,5.1200,5.1800,93646391,476744404.6000
2024-11-12,sh.600711,5.0700,5.1700,4.9900,5.0400,5.1200,92127401,467728257.0600
2024-11-13,sh.600711,4.9700,5.0300,4.7900,4.9000,5.0400,108299986,530459658.8600
2024-11-14,sh.600711,4.8300,4.8900,4.7600,4.7700,4.9000,72291719,348260945.1600
2024-11-15,sh.600711,4.7800,4.9100,4.7600,4.7700,4.7700,65098585,314136305.9500
2024-11-18,sh.600711,4.8000,4.8200,4.6600,4.7100,4.7700,59794491,283575191.7500
2024-11-19,sh.600711,4.7800,4.9500,4.7500,4.9500,4.7100,76112033,368246231.4100
2024-11-20,sh.600711,4.9500,4.9600,4.8600,4.9300,4.9500,66836934,328136685.8900
2024-11-21,sh.600711,4.9100,4.9700,4.8900,4.9600,4.9300,46481224,229290348.0800
2024-11-22,sh.600711,4.9200,4.9600,4.7300,4.7400,4.9600,71322400,344998279.0000
2024-11-25,sh.600711,4.7700,4.7900,4.7100,4.7600,4.7400,39739647,188715285.2000
2024-11-26,sh.600711,4.7400,4.7800,4.7200,4.7400,4.7600,28872342,136998005.0300
2024-11-27,sh.600711,4.7200,4.7500,4.5800,4.7500,4.7400,51403100,240092452.0000
2024-11-28,sh.600711,4.7400,4.8300,4.7200,4.7700,4.7500,42411600,203094742.0000
2024-11-29,sh.600711,4.7600,4.8600,4.7400,4.8200,4.7700,39281087,188825988.6300
2024-12-02,sh.600711,4.8200,4.8900,4.7900,4.8600,4.8200,41810814,202922466.1900
2024-12-03,sh.600711,4.8600,4.8700,4.8200,4.8500,4.8600,34850050,168649326.1800
2024-12-04,sh.600711,4.9000,4.9400,4.7800,4.7900,4.8500,44347600,215372617.9500
2024-12-05,sh.600711,4.7600,4.8000,4.7000,4.7800,4.7900,35635109,169920873.7500
2024-12-06,sh.600711,4.7800,4.8900,4.7700,4.8800,4.7800,46062905,223203854.1700
2024-12-09,sh.600711,4.8600,4.9900,4.8500,4.9300,4.8800,50360031,248335275.2800
2024-12-10,sh.600711,5.0300,5.0500,4.9000,4.9100,4.9300,56393202,280015776.2700
2024-12-11,sh.600711,4.9100,4.9800,4.9000,4.9400,4.9100,38273767,189057340.3200
2024-12-12,sh.600711,4.9500,4.9700,4.9200,4.9600,4.9400,38583189,190949839.0900
2024-12-13,sh.600711,4.9300,4.9400,4.8000,4.8100,4.9600,55763200,270893792.0000
2024-12-16,sh.600711,4.8100,4.8200,4.7100,4.7400,4.8100,40953196,195274307.0400
2024-12-17,sh.600711,4.7300,4.7800,4.7000,4.7100,4.7400,33834400,160376040.0000
2024-12-18,sh.600711,4.7100,4.7300,4.7000,4.7100,4.7100,27340000,128904324.0000
2024-12-19,sh.600711,4.6600,4.7000,4.6200,4.6500,4.7100,36764637,171101955.1900
2024-12-20,sh.600711,4.6300,4.6800,4.6200,4.6500,4.6500,24919073,115873009.3800
2024-12-23,sh.600711,4.6800,4.7900,4.6600,4.6600,4.6500,44202055,208816130.2500
2024-12-24,sh.600711,4.6400,4.7100,4.6200,4.7000,4.6600,29590605,138102280.3000
2024-12-25,sh.600711,4.7000,4.7100,4.6300,4.6600,4.7000,23863012,111361114.0000
2024-12-26,sh.600711,4.6600,4.7200,4.6500,4.6800,4.6600,24136468,112923308.2400
2024-12-27,sh.600711,4.7000,4.8600,4.6800,4.8100,4.6800,57521041,274431614.6600
2024-12-30,sh.600711,4.7900,5.0500,4.7900,5.0300,4.8100,87230931,430398928.9800
2024-12-31,sh.600711,4.9900,5.0400,4.8900,4.9200,5.0300,60232815,298462274.4000
2025-01-02,sh.600711,4.9100,5.0300,4.8100,4.8700,4.9200,63906719,314709821.9900
2025-01-03,sh.600711,4.8600,4.9500,4.8100,4.8500,4.8700,56486934,275666087.5600
2025-01-06,sh.600711,4.8500,4.8600,4.6700,4.7200,4.8500,52140866,247667773.5200
2025-01-07,sh.600711,4.7400,4.7700,4.6800,4.7600,4.7200,33661300,159338596.0000
2025-01-08,sh.600711,4.7400,4.7800,4.6900,4.7600,4.7600,36625234,173531738.1400
2025-01-09,sh.600711,4.7400,4.8800,4.7400,4.8800,4.7600,37678534,180775008.1800
2025-01-10,sh.600711,4.9600,5.0100,4.8700,4.8800,4.8800,48237000,237867296.0000
2025-01-13,sh.600711,4.8400,4.9400,4.8000,4.9200,4.8800,38325700,187080968.0000
2025-01-14,sh.600711,4.9100,5.0400,4.9000,5.0100,4.9200,57917319,288581984.6900
2025-01-15,sh.600711,4.9900,5.0200,4.9500,4.9700,5.0100,35557800,176968716.0000
2025-01-16,sh.600711,5.0000,5.0500,4.9900,5.0500,4.9700,49213800,246953330.5000
2025-01-17,sh.600711,5.0600,5.2800,5.0200,5.1900,5.0500,92701839,479833311.2700
2025-01-20,sh.600711,5.1800,5.2400,5.1300,5.1500,5.1900,55441600,287491840.5300
2025-01-21,sh.600711,5.1700,5.3600,5.1300,5.3200,5.1500,72816485,380665168.3400
2025-01-22,sh.600711,5.2800,5.3200,5.2200,5.3000,5.3200,51549693,271337366.0500
2025-01-23,sh.600711,5.2200,5.2300,5.0400,5.0400,5.3000,127225526,652688219.6200
2025-01-24,sh.600711,5.0100,5.0900,4.9900,5.0500,5.0400,49054593,247396704.2200
2025-01-27,sh.600711,5.0500,5.1000,5.0400,5.0600,5.0500,32535323,164882979.4300
2025-02-05,sh.600711,5.0600,5.0600,4.8100,4.8600,5.0600,94914605,464058731.2200
2025-02-06,sh.600711,4.8700,4.9500,4.8500,4.9500,4.8600,45875129,224498599.8200
2025-02-07,sh.600711,4.9300,4.9900,4.9100,4.9500,4.9500,56068531,277561755.2200
2025-02-10,sh.600711,4.9700,4.9800,4.9300,4.9500,4.9500,41703913,206174268.2200
2025-02-11,sh.600711,4.9600,5.0700,4.9300,5.0100,4.9500,61639565,309044414.1000
2025-02-12,sh.600711,4.9800,5.0000,4.9200,4.9700,5.0100,52064305,257883096.8000
2025-02-13,sh.600711,4.9700,4.9700,4.9300,4.9400,4.9700,34510489,170707223.9700
2025-02-14,sh.600711,4.9600,4.9600,4.9100,4.9400,4.9400,34124319,168360055.1700
2025-02-17,sh.600711,4.9000,4.9000,4.8000,4.8700,4.9400,54002971,262028977.7700
2025-02-18,sh.600711,4.8800,4.9100,4.8300,4.8400,4.8700,33832643,164956528.8400
2025-02-19,sh.600711,4.8500,4.8800,4.8300,4.8600,4.8400,30402088,147542031.8600
2025-02-20,sh.600711,4.8500,4.8600,4.8200,4.8300,4.8600,31851005,153907097.1000
2025-02-21,sh.600711,4.8300,4.8500,4.7900,4.8000,4.8300,45482151,218914770.1600
2025-02-24,sh.600711,4.7800,4.9200,4.7300,4.8900,4.8000,70103881,338330892.6900
2025-02-25,sh.600711,4.8600,4.9400,4.8400,4.8600,4.8900,47379005,231722256.2500
2025-02-26,sh.600711,4.8500,4.9100,4.8500,4.9100,4.8600,37259846,181999731.4800
2025-02-27,sh.600711,4.9100,4.9400,4.8700,4.9000,4.9100,36220000,177457159.0000
2025-02-28,sh.600711,4.8900,4.8900,4.7900,4.8000,4.9000,47627600,230473656.1200
2025-03-03,sh.600711,4.8000,4.9300,4.7900,4.8800,4.8000,49886056,242871809.3700
2025-03-04,sh.600711,4.8700,4.9000,4.8400,4.8900,4.8800,28243388,137446190.5100
2025-03-05,sh.600711,4.8900,5.0500,4.8600,5.0100,4.8900,79041871,392829674.8400
2025-03-06,sh.600711,5.0300,5.0900,5.0000,5.0200,5.0100,57453444,289421620.0600
2025-03-07,sh.600711,5.0200,5.2300,5.0200,5.1400,5.0200,95982550,494155794.4700
2025-03-10,sh.600711,5.2500,5.4000,5.1800,5.4000,5.1400,164368679,874964861.7400
2025-03-11,sh.600711,5.4000,5.6600,5.3300,5.5500,5.4000,185600702,1017643174.4200
2025-03-12,sh.600711,5.6000,5.6400,5.4700,5.5400,5.5500,112693205,625535339.1700
2025-03-13,sh.600711,5.5800,5.6400,5.5200,5.5700,5.5400,97377598,543125852.3800
2025-03-14,sh.600711,5.7300,5.8500,5.7300,5.8500,5.5700,118723357,691457422.3700
2025-03-17,sh.600711,5.9000,6.1300,5.8100,6.0900,5.8500,169394567,1010785721.1100
2025-03-18,sh.600711,6.0900,6.3800,5.7900,5.7900,6.0900,252174370,1536424620.9300
2025-03-19,sh.600711,5.8800,6.0800,5.7800,6.0800,5.7900,169130436,1002166546.3300
2025-03-20,sh.600711,6.2000,6.3200,5.9500,6.1400,6.0800,184993488,1136358777.1500
2025-03-21,sh.600711,6.0400,6.1400,5.9000,6.0400,6.1400,128178105,770312974.7500
2025-03-24,sh.600711,6.0800,6.1900,5.9300,6.1700,6.0400,114147669,692417298.4700
2025-03-25,sh.600711,6.1000,6.1400,5.9700,6.0200,6.1700,111171001,672536426.0000
2025-03-26,sh.600711,6.1100,6.1900,6.0100,6.0200,6.0200,88802352,540666857.2500
2025-03-27,sh.600711,5.9000,5.9000,5.7200,5.7300,6.0200,143414101,832074315.0500
2025-03-28,sh.600711,5.7100,5.8200,5.6600,5.7400,5.7300,61376222,352607735.4200
2025-03-31,sh.600711,5.7400,5.7700,5.5600,5.6000,5.7400,78017889,441482991.8500
2025-04-01,sh.600711,5.6000,5.6900,5.6000,5.6300,5.6000,45285204,255683325.4800
2025-04-02,sh.600711,5.6500,5.9000,5.6400,5.8100,5.6300,80390195,466239155.4500
2025-04-03,sh.600711,5.7400,5.8200,5.7100,5.8000,5.8100,55142188,318096581.0000
2025-04-07,sh.600711,5.5100,5.5100,5.5100,5.5100,5.8000,9191700,50646267.0000
2025-04-08,sh.600711,5.2300,5.2600,5.2300,5.2300,5.5100,70592200,369275256.0000
2025-04-09,sh.600711,4.9700,5.1000,4.9700,5.0800,5.2300,154395837,772508431.2800
2025-04-10,sh.600711,5.2500,5.3300,5.1700,5.2300,5.0800,92024500,482020045.6600
2025-04-11,sh.600711,5.2400,5.3300,5.2000,5.2800,5.2300,66203703,348263720.8400
2025-04-14,sh.600711,5.3600,5.5400,5.3600,5.5400,5.2800,54420986,297689245.3600
2025-04-15,sh.600711,5.5900,5.7400,5.5600,5.6500,5.5400,86833283,490631233.2500
2025-04-16,sh.600711,5.6400,5.6900,5.5000,5.5300,5.6500,64604520,359794003.6100
2025-04-17,sh.600711,5.5600,5.6500,5.5600,5.5700,5.5300,45375100,254222837.0000
2025-04-18,sh.600711,5.5700,5.7400,5.5700,5.7200,5.5700,62312105,354042270.5500
2025-04-21,sh.600711,5.7000,5.9900,5.7000,5.9500,5.7200,73092499,430274529.4500
2025-04-22,sh.600711,5.9800,6.0200,5.8600,5.9300,5.9500,61708434,366076250.2800
2025-04-23,sh.600711,5.9700,5.9800,5.8900,5.9400,5.9300,44789894,265275945.9800
2025-04-24,sh.600711,5.9200,6.0700,5.9200,6.0300,5.9400,64678726,388351136.4300
2025-04-25,sh.600711,6.0500,6.0600,5.8200,5.8800,6.0300,72433154,431212571.3900
2025-04-28,sh.600711,5.4900,5.4900,5.4900,5.4900,5.7800,27207300,149368077.0000
2025-04-29,sh.600711,5.3900,5.5400,5.3600,5.4100,5.4900,87335350,474066950.5000
2025-04-30,sh.600711,5.4200,5.4900,5.3600,5.3900,5.4100,52350000,283318330.0000
2025-05-06,sh.600711,5.3900,5.4800,5.3900,5.4500,5.3900,53070199,287999344.6100
2025-05-07,sh.600711,5.4900,5.5800,5.4500,5.5500,5.4500,58013300,320241891.0000
2025-05-08,sh.600711,5.5100,5.5800,5.4900,5.5600,5.5500,36059396,199793998.8000
2025-05-09,sh.600711,5.5500,5.7200,5.5300,5.6400,5.5600,52019190,293395705.0500
2025-05-12,sh.600711,5.6700,5.7000,5.6000,5.6500,5.6400,37543654,211801554.5600
2025-05-13,sh.600711,5.6800,5.6900,5.4600,5.5400,5.6500,56417000,314364899.0000
2025-05-14,sh.600711,5.5500,5.5900,5.5200,5.5500,5.5400,32783805,181952223.7500
2025-05-15,sh.600711,5.5300,5.5400,5.4500,5.4500,5.5500,37734300,206796558.0000
2025-05-16,sh.600711,5.4400,5.5400,5.4400,5.4700,5.4500,28602442,156773348.1100
2025-05-19,sh.600711,5.4600,5.5000,5.4100,5.4800,5.4700,35155100,191446650.0000
2025-05-20,sh.600711,5.4800,5.6100,5.4700,5.5900,5.4800,45453324,253108378.7800
2025-05-21,sh.600711,5.5900,5.6400,5.5600,5.6100,5.5900,36632339,205074615.6000
2025-05-22,sh.600711,5.6000,5.6000,5.5100,5.5100,5.6100,36172800,200562228.9500
2025-05-23,sh.600711,5.5000,5.5400,5.4500,5.4500,5.5100,31204605,171597142.3000
2025-05-26,sh.600711,5.4800,5.5400,5.4700,5.5100,5.4500,23510800,129351986.0000
2025-05-27,sh.600711,5.5200,5.5300,5.4700,5.4800,5.5100,20485570,112583001.6000
2025-05-28,sh.600711,5.4800,5.4900,5.4100,5.4200,5.4800,29474000,160388268.0000
2025-05-29,sh.600711,5.4300,5.4800,5.4100,5.4600,5.4200,25371220,138200117.8200
2025-05-30,sh.600711,5.4500,5.4500,5.3700,5.4000,5.4600,31544300,170320696.0000
2025-06-03,sh.600711,5.4100,5.4700,5.4100,5.4500,5.4000,30042500,163664683.0000
2025-06-04,sh.600711,5.4500,5.6500,5.4300,5.6000,5.4500,55716422,309391892.9600
2025-06-05,sh.600711,5.5900,5.6900,5.5600,5.6700,5.6000,51470102,289826544.2200
2025-06-06,sh.600711,5.7100,5.8300,5.7000,5.7400,5.6700,56871605,327868471.6500
2025-06-09,sh.600711,5.7200,5.7600,5.6800,5.7500,5.7400,45779805,261513384.5000
2025-06-10,sh.600711,5.7700,5.7900,5.6400,5.6900,5.7500,53177200,304087661.8800
2025-06-11,sh.600711,5.6800,5.8300,5.6700,5.8100,5.6900,50930007,294516247.4000
2025-06-12,sh.600711,5.7900,5.8500,5.7700,5.8400,5.8100,41641897,241871779.6800
2025-06-13,sh.600711,5.8600,5.9900,5.7900,5.8600,5.8400,65654605,386966864.3600
2025-06-16,sh.600711,5.8700,6.0400,5.8600,6.0000,5.8600,66043500,393605853.0000
2025-06-17,sh.600711,5.9700,6.0300,5.9000,6.0000,6.0000,50690911,303133209.3900
2025-06-18,sh.600711,6.0100,6.0300,5.8700,5.9200,6.0000,49280500,292290835.0000
2025-06-19,sh.600711,5.9300,5.9900,5.7200,5.7500,5.9200,68362604,399156233.0400
2025-06-20,sh.600711,5.7600,5.8000,5.7400,5.7600,5.7500,32340900,186528163.0000
2025-06-23,sh.600711,5.7200,5.9200,5.7100,5.8900,5.7600,45866283,268422063.3800
2025-06-24,sh.600711,5.9000,5.9700,5.8800,5.9500,5.8900,36802328,218554737.7100
2025-06-25,sh.600711,5.9500,5.9800,5.9300,5.9600,5.9500,34641818,206154962.3800
2025-06-26,sh.600711,5.9700,6.0300,5.9000,5.9100,5.9600,54554500,325497895.0000
2025-06-27,sh.600711,6.0200,6.1800,5.9800,6.1500,5.9100,87725659,534439232.9600
2025-06-30,sh.600711,6.2500,6.3800,6.1700,6.3200,6.1500,106302086,668528520.3300
2025-07-01,sh.600711,6.3000,6.6400,6.2900,6.5900,6.3200,159305268,1041176789.9700
2025-07-02,sh.600711,6.5600,6.7700,6.5300,6.6600,6.5900,119273413,791643140.7100
2025-07-03,sh.600711,6.6500,6.8400,6.5700,6.8400,6.6600,106900568,716533183.1500
2025-07-04,sh.600711,6.8100,6.9400,6.7600,6.7800,6.8400,106073691,724933583.9000
2025-07-07,sh.600711,6.7400,7.1200,6.7200,7.1200,6.7800,120627765,844809261.7000
2025-07-08,sh.600711,7.1400,7.4100,7.1200,7.3100,7.1200,132028419,960926757.8400
2025-07-09,sh.600711,7.4100,7.4600,7.2000,7.2600,7.3100,108525183,793493999.7700
2025-07-10,sh.600711,7.2000,7.2400,6.9000,6.9000,7.2600,178880442,1254025199.9200
2025-07-11,sh.600711,6.9200,7.2400,6.9200,7.2100,6.9000,122899316,872965125.3200
2025-07-14,sh.600711,7.2400,7.4400,7.2000,7.3100,7.2100,112613840,826806209.7100
2025-07-15,sh.600711,7.3200,7.3400,7.0600,7.1800,7.3100,96484259,690671380.9300
2025-07-16,sh.600711,7.1800,7.3400,7.1400,7.2800,7.1800,77213835,558377276.1900
2025-07-17,sh.600711,7.2800,7.2800,7.1400,7.1800,7.2800,61487870,441823107.6100
2025-07-18,sh.600711,7.2000,7.2200,7.0600,7.0800,7.1800,66858859,475713712.2100
2025-07-21,sh.600711,7.1400,7.3600,7.0800,7.3500,7.0800,81582747,593961315.5200
2025-07-22,sh.600711,7.3500,7.7200,7.3500,7.7200,7.3500,107034175,813823807.7500
2025-07-23,sh.600711,7.8500,7.9800,7.6500,7.6500,7.7200,133707797,1046425798.6700
2025-07-24,sh.600711,7.7200,8.0200,7.6700,8.0200,7.6500,111919866,878792586.8200
2025-07-25,sh.600711,8.0200,8.1800,7.9000,8.0500,8.0200,112102038,900539554.5400
2025-07-28,sh.600711,7.9900,8.0300,7.9000,7.9800,8.0500,67399588,536998219.6700
2025-07-29,sh.600711,7.9600,8.1300,7.8200,7.9200,7.9800,82408590,657404310.4900
2025-07-30,sh.600711,7.8200,7.8600,7.5200,7.8500,7.9200,119217578,919085102.3500
2025-07-31,sh.600711,7.7000,7.7900,7.5000,7.5300,7.8500,104866202,798266516.1100
2025-08-01,sh.600711,7.5800,7.9100,7.5700,7.9100,7.5300,86199558,667537658.4700
2025-08-04,sh.600711,7.9800,8.2000,7.9100,8.0800,7.9100,108253962,874235584.0700
2025-08-05,sh.600711,8.0600,8.0600,7.7200,7.8900,8.0800,96540442,761728912.2600
2025-08-06,sh.600711,7.8500,8.0700,7.8500,7.8800,7.8900,67242204,534278278.1500
2025-08-07,sh.600711,7.8600,7.9500,7.7500,7.9400,7.8800,51000567,401466120.1900
2025-08-08,sh.600711,7.9200,8.0400,7.8900,7.9600,7.9400,46362160,369250928.7600
2025-08-11,sh.600711,8.0400,8.0400,7.9100,7.9600,7.9600,45766221,363905300.1100
2025-08-12,sh.600711,7.9600,7.9600,7.8100,7.9100,7.9600,48001332,377460164.6700
2025-08-13,sh.600711,7.9100,7.9100,7.9100,7.9100,7.9100,,
2025-08-14,sh.600711,8.0100,8.3100,7.5000,7.5100,7.9100,270928216,2130696473.7200
2025-08-15,sh.600711,7.4800,8.2600,7.4400,8.1900,7.5100,359046332,2906002720.6300
2025-08-18,sh.600711,8.0300,8.0300,7.7800,7.9000,8.1900,217604900,1718483660.6000
2025-08-19,sh.600711,7.8300,7.9800,7.7100,7.7900,7.9000,130992318,1024587541.6300
2025-08-20,sh.600711,7.7500,7.8600,7.6500,7.7900,7.7900,77668510,604008519.6800
2025-08-21,sh.600711,7.8600,8.0400,7.7800,7.8300,7.7900,109676091,866631054.3100
2025-08-22,sh.600711,7.8400,7.8500,7.7300,7.8200,7.8300,75621855,589409808.1000
2025-08-25,sh.600711,7.9200,8.4800,7.8600,8.4000,7.8200,281109907,2315499616.9800
2025-08-26,sh.600711,8.3600,8.3700,8.1700,8.2100,8.4000,118609173,975471815.0500
2025-08-27,sh.600711,8.1800,8.2700,7.9300,7.9400,8.2100,142938680,1160547904.6500
2025-08-28,sh.600711,7.9100,8.0100,7.6100,7.8700,7.9400,151452490,1182136821.7200
2025-08-29,sh.600711,8.2400,8.6600,8.1800,8.6600,7.8700,325573594,2766591246.3400
2025-09-01,sh.600711,8.9500,9.4300,8.7800,9.1900,8.6600,336125713,3065615645.5700
2025-09-02,sh.600711,9.1900,9.2800,8.9000,9.0200,9.1900,213082723,1924825571.7200
2025-09-03,sh.600711,9.2000,9.3900,8.8100,8.9900,9.0200,230984700,2096492338.2100
2025-09-04,sh.600711,8.9200,9.1400,8.3400,8.5500,8.9900,203426919,1773681793.2200
2025-09-05,sh.600711,8.5900,8.8600,8.4300,8.8000,8.5500,126966972,1108678699.1900
2025-09-08,sh.600711,8.9400,8.9400,8.7300,8.8900,8.8000,118868409,1049549887.3300
2025-09-09,sh.600711,8.8600,9.0400,8.7400,8.8200,8.8900,134820900,1197710238.0000
2025-09-10,sh.600711,8.7100,8.7500,8.5000,8.6300,8.8200,111610728,961519211.0800
2025-09-11,sh.600711,8.7000,8.8800,8.5800,8.8400,8.6300,97911715,853101135.2500
2025-09-12,sh.600711,8.8900,9.1600,8.8800,9.0500,8.8400,157342705,1420151394.4500
2025-09-15,sh.600711,9.0300,9.0300,8.7500,8.7700,9.0500,112451743,998871340.7500
2025-09-16,sh.600711,8.8500,8.9000,8.5400,8.7600,8.7700,103327461,896780424.4300
2025-09-17,sh.600711,8.6700,8.7700,8.6000,8.7500,8.7600,76860852,666219436.8000
2025-09-18,sh.600711,8.6300,8.6400,8.2800,8.4000,8.7500,129019352,1094538257.9600
2025-09-19,sh.600711,8.3400,8.5300,8.2400,8.4400,8.4000,68974539,577207906.0700
2025-09-22,sh.600711,8.5800,8.6200,8.1700,8.1800,8.4400,105232705,872011189.3500
2025-09-23,sh.600711,8.0900,8.2500,8.0500,8.2000,8.1800,83697727,683593545.3500
2025-09-24,sh.600711,8.1400,8.3800,8.0700,8.3200,8.2000,76590041,634018264.1600
2025-09-25,sh.600711,8.7000,8.8000,8.5300,8.6000,8.3200,159119513,1377186891.9900
2025-09-26,sh.600711,8.6100,9.3300,8.6100,9.0600,8.6000,281801366,2549320883.4200
2025-09-29,sh.600711,9.2500,9.4200,9.0400,9.3800,9.0600,206347510,1911799355.6500
2025-09-30,sh.600711,9.5600,10.3200,9.5600,10.3200,9.3800,445539372,4535434527.6300
2025-10-09,sh.600711,10.8400,11.3500,10.7800,11.3500,10.3200,435186336,4821175176.2500
2025-10-10,sh.600711,10.9000,11.6900,10.9000,11.1700,11.3500,330473445,3717406031.4900
2025-10-13,sh.600711,10.4000,11.1700,10.4000,11.1000,11.1700,286441390,3124823903.5700
2025-10-14,sh.600711,11.4300,11.7500,10.3400,10.4200,11.1000,302860718,3336192853.2200
2025-10-15,sh.600711,11.0000,11.4600,10.6600,11.2600,10.4200,409860583,4560540544.8500
2025-10-16,sh.600711,11.2600,11.2600,10.6300,10.7500,11.2600,271504116,2944110904.6500
2025-10-17,sh.600711,10.9900,11.2200,10.4400,10.4500,10.7500,219990035,2384954238.2200
2025-10-20,sh.600711,10.4000,10.5000,10.0500,10.1800,10.4500,169653600,1740289359.0000
2025-10-21,sh.600711,10.3500,10.4800,10.1900,10.3800,10.1800,120411400,1249005775.0000
2025-10-22,sh.600711,9.9800,10.5300,9.9000,10.4800,10.3800,141821904,1458008919.4900
2025-10-23,sh.600711,10.4800,10.4800,10.0600,10.4200,10.4800,110937974,1136899927.4700
2025-10-24,sh.600711,10.6600,10.7100,10.2900,10.4900,10.4200,154506758,1615588665.5200
2025-10-27,sh.600711,10.6700,11.0300,10.6600,10.7700,10.4900,168541112,1824847230.1600
2025-10-28,sh.600711,10.6700,10.8400,10.4600,10.5500,10.7700,143276612,1522707270.7200
2025-10-29,sh.600711,10.6600,11.3000,10.6000,11.2200,10.5500,235974730,2587263804.0400
2025-10-30,sh.600711,11.2800,11.8800,11.2300,11.3700,11.2200,271864375,3138561447.7000
2025-10-31,sh.600711,11.3300,11.5600,11.1100,11.1400,11.3700,142681518,1609125166.5900
2025-11-03,sh.600711,11.1300,11.1300,10.2100,10.6600,11.1400,192730034,2031527821.9500
2025-11-04,sh.600711,10.5200,10.6600,10.2300,10.3000,10.6600,113817500,1186519163.8200
2025-11-05,sh.600711,10.0500,10.4800,9.9100,10.3400,10.3000,148062203,1500772947.7600
2025-11-06,sh.600711,10.3400,11.0500,10.3000,10.8700,10.3400,162998442,1745308962.0900
2025-11-07,sh.600711,10.9100,11.5000,10.9000,11.2900,10.8700,200221126,2253550110.0500
2025-11-10,sh.600711,11.4600,11.5000,11.0000,11.2100,11.2900,136250612,1527396857.5700
2025-11-11,sh.600711,11.3000,11.3900,10.9800,11.0300,11.2100,94831953,1052008053.9700
2025-11-12,sh.600711,11.0600,11.3200,10.7500,11.1000,11.0300,111451443,1233834677.2900
2025-11-13,sh.600711,11.5000,12.2100,11.4700,12.2100,11.1000,252116873,3045418419.2600
2025-11-14,sh.600711,12.1600,12.8700,12.1600,12.4800,12.2100,349830966,4404440493.0300
2025-11-17,sh.600711,12.2600,13.1500,12.2600,12.9100,12.4800,278876452,3564153475.6800
2025-11-18,sh.600711,12.7600,12.8600,12.1900,12.3400,12.9100,224073976,2791621831.6000
2025-11-19,sh.600711,12.3000,12.6600,12.1600,12.4500,12.3400,163566237,2034527924.3700
2025-11-20,sh.600711,12.4000,12.8000,12.3200,12.3600,12.4500,160708740,2017374077.8900
2025-11-21,sh.600711,11.9400,11.9900,11.2100,11.2300,12.3600,223777658,2578392608.1200
2025-11-24,sh.600711,11.4500,11.5100,10.9900,11.2000,11.2300,135895246,1527367302.4500
2025-11-25,sh.600711,11.4500,12.2600,11.3500,12.0500,11.2000,174314170,2060124501.6900
2025-11-26,sh.600711,12.1000,12.1300,11.7600,11.8200,12.0500,116140421,1381932538.3300
2025-11-27,sh.600711,11.9900,12.2700,11.6600,11.7200,11.8200,129597901,1554279758.6000
2025-11-28,sh.600711,11.7000,12.5000,11.7000,12.3400,11.7200,170131581,2075624681.8700
2025-12-01,sh.600711,12.9500,13.1000,12.3800,12.5800,12.3400,208039401,2648266032.8600
2025-12-02,sh.600711,12.3500,12.6800,12.2600,12.4600,12.5800,100591014,1249516111.7800
2025-12-03,sh.600711,12.3600,12.8600,12.2000,12.5900,12.4600,153089676,1930002000.0000
2025-12-04,sh.600711,12.9000,13.6800,12.8200,12.9300,12.5400,254364941,3348198358.3600
2025-12-05,sh.600711,12.9300,14.1600,12.9300,13.9300,12.9300,323488486,4417923748.4400
2025-12-08,sh.600711,14.1000,14.2300,13.8200,14.0600,13.9300,196656860,2750637159.3400
2025-12-09,sh.600711,13.8800,14.0400,13.5000,13.7000,14.0600,168098062,2305639831.0600
2025-12-10,sh.600711,13.7300,13.8800,13.5900,13.7300,13.7000,101507760,1391146026.3100
2025-12-11,sh.600711,13.9900,14.1200,13.1600,13.2200,13.7300,153886491,2088978157.1300
2025-12-12,sh.600711,13.6500,13.7200,13.0600,13.4600,13.2200,135835569,1810971202.1600
2025-12-15,sh.600711,13.1000,13.6400,12.9700,13.2300,13.4600,107464768,1433094863.4800
2025-12-16,sh.600711,13.1500,13.3200,12.8200,12.9500,13.2300,106436601,1387021413.7200
2025-12-17,sh.600711,13.0900,13.5000,13.0400,13.3400,12.9500,111275577,1476106781.3700
2025-12-18,sh.600711,13.2700,13.7400,13.1300,13.3100,13.3400,95341876,1284668122.3400
2025-12-19,sh.600711,13.2600,13.9600,13.0200,13.8200,13.3100,131334245,1783459661.4200
2025-12-22,sh.600711,13.9200,14.2800,13.9200,14.0300,13.8200,113503442,1598314118.3900
2025-12-23,sh.600711,14.2200,14.9600,14.0500,14.6600,14.0300,180232665,2635748852.7400
2025-12-24,sh.600711,15.0200,15.2000,14.3300,14.5300,14.6600,177265889,2611949869.5100
2025-12-25,sh.600711,14.2000,14.4500,14.0100,14.2600,14.5300,93358966,1328537671.1000
2025-12-26,sh.600711,14.5500,15.0600,14.3100,14.8500,14.2600,148829955,2192019377.0800
2025-12-29,sh.600711,15.1100,15.1100,14.3800,14.4200,14.8500,146446822,2143776152.9000
2025-12-30,sh.600711,14.0000,15.2800,13.8800,15.1000,14.4200,169131765,2493979677.9500
2025-12-31,sh.600711,15.0700,15.7500,15.0400,15.1600,15.1000,136007834,2091373617.4100
