date,code,open,high,low,close,preclose,volume,amount
2019-01-02,sh.601777,3.8500,3.9000,3.8000,3.8100,3.8100,4966953,19099773.0000
2019-01-03,sh.601777,3.8100,3.8800,3.8100,3.8100,3.8100,3285900,12619472.0000
2019-01-04,sh.601777,3.7800,3.9300,3.7400,3.9100,3.8100,8448616,32664708.0000
2019-01-07,sh.601777,3.9300,3.9700,3.9100,3.9600,3.9100,7432558,29299474.0000
2019-01-08,sh.601777,3.9600,4.0000,3.9200,3.9600,3.9600,5792849,22913700.0000
2019-01-09,sh.601777,4.0900,4.3600,4.0300,4.3600,3.9600,41926260,178267199.0000
2019-01-10,sh.601777,4.4600,4.5000,4.2300,4.2800,4.3600,46723111,203518764.0000
2019-01-11,sh.601777,4.2200,4.2800,4.1500,4.2200,4.2800,23530941,99009428.0000
2019-01-14,sh.601777,4.2000,4.2700,4.1500,4.1500,4.2200,15773968,66220900.0000
2019-01-15,sh.601777,4.1400,4.2000,4.1300,4.1800,4.1500,11453656,47670005.0000
2019-01-16,sh.601777,4.1700,4.2500,4.1400,4.2100,4.1800,12815803,53816902.0000
2019-01-17,sh.601777,4.1800,4.2000,4.0800,4.0900,4.2100,10709552,44190293.0000
2019-01-18,sh.601777,4.1100,4.1600,4.0800,4.1300,4.0900,9033010,37190666.0000
2019-01-21,sh.601777,4.1400,4.1700,4.1000,4.1300,4.1300,8308710,34341124.0000
2019-01-22,sh.601777,4.1100,4.1100,4.0300,4.0500,4.1300,8179770,33255271.0000
2019-01-23,sh.601777,4.0500,4.0900,4.0300,4.0700,4.0500,6935652,28159536.0000
2019-01-24,sh.601777,4.0700,4.1000,4.0300,4.0600,4.0700,6447443,26198578.0000
2019-01-25,sh.601777,4.0500,4.1300,4.0300,4.0700,4.0600,8515170,34752208.0000
2019-01-28,sh.601777,4.0900,4.1100,3.9500,3.9600,4.0700,10082707,40551163.0000
2019-01-29,sh.601777,3.9500,3.9600,3.8100,3.8800,3.9600,8893377,34501319.0000
2019-01-30,sh.601777,3.8900,3.9100,3.8300,3.8500,3.8800,4121054,15973652.0000
2019-01-31,sh.601777,3.8300,3.8600,3.7100,3.7400,3.8500,10099240,38387365.0000
2019-02-01,sh.601777,3.7500,3.8800,3.7500,3.8500,3.7400,5003882,19130007.0000
2019-02-11,sh.601777,3.8600,3.9600,3.8600,3.9400,3.8500,6240417,24467393.0000
2019-02-12,sh.601777,3.9600,4.0300,3.9400,4.0100,3.9400,8119988,32415488.0000
2019-02-13,sh.601777,3.9900,4.1200,3.9700,4.0700,4.0100,11633504,46977012.0000
2019-02-14,sh.601777,4.0500,4.1000,4.0300,4.0900,4.0700,8345510,33916386.0000
2019-02-15,sh.601777,4.0800,4.1000,4.0400,4.0700,4.0900,7174641,29265279.0000
2019-02-18,sh.601777,4.0700,4.2400,4.0700,4.1900,4.0700,14430702,60023949.0000
2019-02-19,sh.601777,4.1700,4.3100,4.1600,4.2200,4.1900,16783266,70716979.0000
2019-02-20,sh.601777,4.2200,4.3300,4.1900,4.2900,4.2200,21377544,91529214.0000
2019-02-21,sh.601777,4.3100,4.3600,4.2100,4.2600,4.2900,21182800,91129847.0000
2019-02-22,sh.601777,4.2700,4.3500,4.1700,4.3500,4.2600,18364180,78558924.0000
2019-02-25,sh.601777,4.3600,4.5500,4.3300,4.5200,4.3500,38191265,169312768.0000
2019-02-26,sh.601777,4.5200,4.7200,4.4700,4.5800,4.5200,38098335,174492979.0000
2019-02-27,sh.601777,4.5700,4.6600,4.4900,4.5300,4.5800,24758172,113186883.0000
2019-02-28,sh.601777,4.5500,4.6300,4.5000,4.5600,4.5300,18981548,86427417.0000
2019-03-01,sh.601777,4.5500,4.5800,4.4500,4.5500,4.5600,13869973,62650884.0000
2019-03-04,sh.601777,4.5600,4.6900,4.5400,4.6000,4.5500,25189357,116348390.0000
2019-03-05,sh.601777,4.5900,4.7200,4.5400,4.7200,4.6000,19681757,91386724.0000
2019-03-06,sh.601777,4.7400,4.9800,4.6900,4.8500,4.7200,33254873,160511283.0000
2019-03-07,sh.601777,4.8600,5.1400,4.8100,5.0500,4.8500,32568657,162380080.0000
2019-03-08,sh.601777,5.0100,5.0400,4.7600,4.7700,5.0500,29041204,142438510.0000
2019-03-11,sh.601777,4.8000,4.9500,4.7600,4.9300,4.7700,20623470,100302413.0000
2019-03-12,sh.601777,4.9600,5.1100,4.9200,5.0000,4.9300,29174037,145875516.0000
2019-03-13,sh.601777,5.0000,5.0300,4.8300,4.8500,5.0000,23374432,115361965.0000
2019-03-14,sh.601777,4.8400,5.1500,4.8300,4.9200,4.8500,36048467,178272463.0000
2019-03-15,sh.601777,5.0500,5.4100,4.9600,5.4100,4.9200,102570449,547544459.0000
2019-03-18,sh.601777,5.1600,5.2000,4.8700,5.1000,5.4100,74801792,377187420.0000
2019-03-19,sh.601777,5.1000,5.1000,4.9500,5.0200,5.1000,34700399,174161675.0000
2019-03-20,sh.601777,4.9600,5.0500,4.9500,5.0100,5.0200,22096196,110342887.0000
2019-03-21,sh.601777,5.0300,5.0700,4.9700,5.0300,5.0100,28789627,144864108.0000
2019-03-22,sh.601777,5.0100,5.1800,4.9000,5.1300,5.0300,39142976,197702831.0000
2019-03-25,sh.601777,5.0000,5.0900,4.9800,5.0200,5.1300,23548099,118421786.0000
2019-03-26,sh.601777,5.0200,5.0400,4.8200,4.8300,5.0200,19695309,96987892.0000
2019-03-27,sh.601777,4.8600,4.9000,4.7300,4.7900,4.8300,14319615,68612075.0000
2019-03-28,sh.601777,4.7700,4.8500,4.7100,4.7100,4.7900,12231884,58353298.0000
2019-03-29,sh.601777,4.6900,4.8400,4.6900,4.8200,4.7100,14379102,68711675.0000
2019-04-01,sh.601777,4.8500,5.0000,4.8400,4.9900,4.8200,18988452,93961386.0000
2019-04-02,sh.601777,5.0100,5.1000,4.9900,5.0700,4.9900,22703407,114414713.0000
2019-04-03,sh.601777,5.0400,5.1300,5.0100,5.1200,5.0700,19081075,97177789.0000
2019-04-04,sh.601777,5.1200,5.1700,5.0800,5.1400,5.1200,24908492,127799560.0000
2019-04-08,sh.601777,5.1800,5.2300,5.0300,5.0800,5.1400,21032440,107689392.0000
2019-04-09,sh.601777,5.0900,5.2800,5.0600,5.2200,5.0800,28853976,149481461.0000
2019-04-10,sh.601777,5.1700,5.5600,5.0800,5.4000,5.2200,43480891,230480360.0000
2019-04-11,sh.601777,5.4200,5.6900,5.3800,5.4300,5.4000,53371412,296085139.0000
2019-04-12,sh.601777,5.4300,5.8000,5.2600,5.6300,5.4300,57032330,316263412.0000
2019-04-15,sh.601777,6.1900,6.1900,6.1900,6.1900,5.6300,9310962,57634855.0000
2019-04-16,sh.601777,6.8100,6.8100,6.8100,6.8100,6.1900,6710349,45697477.0000
2019-04-17,sh.601777,7.4900,7.4900,7.4900,7.4900,6.8100,9438723,70696035.0000
2019-04-18,sh.601777,8.2400,8.2400,8.2400,8.2400,7.4900,11583243,95445922.0000
2019-04-19,sh.601777,8.6600,9.0600,8.3300,9.0600,8.2400,309757776,2728232022.0000
2019-04-22,sh.601777,8.7000,9.6500,8.3800,9.3600,9.0600,256727771,2282873597.0000
2019-04-23,sh.601777,8.9400,9.0000,8.4200,8.4200,9.3600,125926523,1072772778.0000
2019-04-24,sh.601777,8.1100,8.2600,7.6900,7.8600,8.4200,157589433,1251903043.0000
2019-04-25,sh.601777,7.7600,7.7700,7.0700,7.0700,7.8600,151214352,1105193243.0000
2019-04-26,sh.601777,6.9200,7.2600,6.8500,7.0600,7.0700,111323352,790328632.0000
2019-04-29,sh.601777,6.9300,7.2600,6.7000,6.8900,7.0600,101813031,709067519.0000
2019-04-30,sh.601777,6.7800,7.1500,6.6900,7.0400,6.8900,88796892,615409156.0000
2019-05-06,sh.601777,6.5000,6.5800,6.3400,6.3400,7.0400,49779988,317269888.0000
2019-05-07,sh.601777,6.1100,6.4500,5.8900,6.1800,6.3400,104488935,640328281.0000
2019-05-08,sh.601777,5.9100,6.4000,5.8300,6.1700,6.1800,80654986,494244091.0000
2019-05-09,sh.601777,6.0300,6.3300,5.9600,5.9600,6.1700,60096064,369328223.0000
2019-05-10,sh.601777,6.0400,6.3000,5.7200,6.2500,5.9600,79679594,488590476.0000
2019-05-13,sh.601777,6.1600,6.2000,5.8100,5.8800,6.2500,73755086,442449003.0000
2019-05-14,sh.601777,5.8900,6.0000,5.8300,5.9100,5.8800,60800578,359916015.0000
2019-05-15,sh.601777,5.9600,6.1500,5.9000,6.1400,5.9100,92946244,559334713.0000
2019-05-16,sh.601777,6.0800,6.1200,5.8700,5.9400,6.1400,84442425,503830760.0000
2019-05-17,sh.601777,5.9200,5.9400,5.3500,5.3500,5.9400,116073290,639932208.0000
2019-05-20,sh.601777,5.1400,5.1900,4.9400,5.1400,5.3500,67783513,344273933.0000
2019-05-21,sh.601777,5.1000,5.3500,5.1000,5.2600,5.1400,67486835,354709431.0000
2019-05-22,sh.601777,5.3100,5.3300,5.1200,5.1900,5.2600,44676476,233630383.0000
2019-05-23,sh.601777,5.2300,5.3700,5.0600,5.1300,5.1900,50098319,260842176.0000
2019-05-24,sh.601777,5.1500,5.3500,5.1100,5.2300,5.1300,59551514,311874453.0000
2019-05-27,sh.601777,5.1800,5.5500,5.1300,5.4300,5.2300,68618332,365862550.0000
2019-05-28,sh.601777,5.4000,5.5300,5.3200,5.4000,5.4300,57322172,309795268.0000
2019-05-29,sh.601777,5.3200,5.4500,5.2300,5.2300,5.4000,47084088,249957794.0000
2019-05-30,sh.601777,5.3800,5.7500,5.3500,5.5600,5.2300,170328459,961933707.0000
2019-05-31,sh.601777,5.0000,5.0000,5.0000,5.0000,5.5600,16926300,84631500.0000
2019-06-03,sh.601777,4.5000,4.5000,4.5000,4.5000,5.0000,5467500,24603750.0000
2019-06-04,sh.601777,4.0500,4.2900,4.0500,4.1500,4.5000,158359128,653419025.0000
2019-06-05,sh.601777,4.1500,4.2100,3.9600,4.0700,4.1500,119393909,488834469.0000
2019-06-06,sh.601777,4.0500,4.0500,3.8300,3.8700,4.0700,68336332,269155164.0000
2019-06-10,sh.601777,3.9500,4.0100,3.8900,3.9200,3.8700,38950253,153460101.0000
2019-06-11,sh.601777,3.9000,4.3100,3.9000,4.2200,3.9200,120169720,501556242.0000
2019-06-12,sh.601777,4.1600,4.2300,4.0800,4.1100,4.2200,61012919,253038537.0000
2019-06-13,sh.601777,4.1300,4.4700,4.1100,4.3700,4.1100,108020994,463944735.0000
2019-06-14,sh.601777,4.3700,4.3700,4.0600,4.1300,4.3700,67834304,285221394.0000
2019-06-17,sh.601777,3.8500,4.0500,3.8500,4.0100,4.1300,50617022,200644552.0000
2019-06-18,sh.601777,4.0500,4.1400,3.9800,4.0500,4.0100,34251776,138643666.0000
2019-06-19,sh.601777,4.1600,4.2600,4.1000,4.1200,4.0500,54186573,226109378.0000
2019-06-20,sh.601777,4.1300,4.3800,4.1000,4.2900,4.1200,82688493,352142791.0000
2019-06-21,sh.601777,4.3600,4.4400,4.3000,4.3900,4.2900,67129028,293090038.0000
2019-06-24,sh.601777,4.3900,4.4700,4.2500,4.3900,4.3900,58867307,257839498.0000
2019-06-25,sh.601777,4.4100,4.8300,4.3700,4.4700,4.3900,143467540,657117856.0000
2019-06-26,sh.601777,4.4200,4.6600,4.2800,4.6400,4.4700,102359360,463521972.0000
2019-06-27,sh.601777,4.6400,4.7200,4.5000,4.5000,4.6400,103386910,474796209.0000
2019-06-28,sh.601777,4.4800,4.5200,4.1800,4.2900,4.5000,73608768,317759634.0000
2019-07-01,sh.601777,4.3900,4.4500,4.3100,4.3700,4.2900,52638811,230300907.0000
2019-07-02,sh.601777,4.3400,4.5500,4.3200,4.4000,4.3700,61868481,275926241.0000
2019-07-03,sh.601777,4.3800,4.3800,4.2600,4.3000,4.4000,35238141,151532562.0000
2019-07-04,sh.601777,4.2700,4.3600,4.2000,4.2300,4.3000,32560401,139346265.0000
2019-07-05,sh.601777,4.2400,4.3700,4.2000,4.3500,4.2300,38355659,164935908.0000
2019-07-08,sh.601777,4.2600,4.2800,3.9200,3.9700,4.3500,73106555,294809036.0000
2019-07-09,sh.601777,3.9500,4.0500,3.9500,4.0400,3.9700,32639634,130681097.0000
2019-07-10,sh.601777,4.0500,4.0700,3.9400,3.9900,4.0400,23354850,93353264.0000
2019-07-11,sh.601777,4.0000,4.0800,3.9400,3.9600,3.9900,25748133,103060414.0000
2019-07-12,sh.601777,4.1400,4.1400,3.9300,3.9500,3.9600,51450993,206910983.0000
2019-07-15,sh.601777,3.8600,3.9600,3.7000,3.9400,3.9500,38532618,148238508.0000
2019-07-16,sh.601777,3.9300,3.9600,3.8800,3.9000,3.9400,23474521,91884749.0000
2019-07-17,sh.601777,3.9000,3.9300,3.8600,3.8600,3.9000,25314227,98318468.0000
2019-07-18,sh.601777,3.8100,3.8500,3.7500,3.7800,3.8600,25195601,95544259.0000
2019-07-19,sh.601777,3.7800,3.8700,3.7800,3.8100,3.7800,21118275,80844144.0000
2019-07-22,sh.601777,3.8000,3.8100,3.5400,3.5600,3.8100,38765318,140754728.0000
2019-07-23,sh.601777,3.5900,3.7300,3.5600,3.7200,3.5600,33255798,121629978.0000
2019-07-24,sh.601777,3.7800,3.8100,3.7200,3.7400,3.7200,24658432,92679856.0000
2019-07-25,sh.601777,3.7500,3.7700,3.6700,3.6800,3.7400,23897650,88509169.0000
2019-07-26,sh.601777,3.6400,3.7800,3.6200,3.7800,3.6800,35499000,132366684.0000
2019-07-29,sh.601777,3.7800,3.7800,3.6400,3.7700,3.7800,33099464,123000590.0000
2019-07-30,sh.601777,3.9400,3.9800,3.7300,3.7300,3.7700,50334577,191330298.0000
2019-07-31,sh.601777,3.6600,3.6900,3.5700,3.6000,3.7300,31596345,114473696.0000
2019-08-01,sh.601777,3.5800,3.5900,3.5000,3.5400,3.6000,26525771,93949819.0000
2019-08-02,sh.601777,3.4500,3.4700,3.3900,3.4500,3.5400,23698741,81621010.0000
2019-08-05,sh.601777,3.4400,3.5300,3.4200,3.5200,3.4500,24776910,86663267.0000
2019-08-06,sh.601777,3.5100,3.5100,3.1700,3.2700,3.5200,57910460,188414757.0000
2019-08-07,sh.601777,3.2600,3.2900,3.1900,3.2000,3.2700,28022809,90856048.0000
2019-08-08,sh.601777,3.2300,3.2500,3.1900,3.2100,3.2000,18482280,59548911.0000
2019-08-09,sh.601777,3.2500,3.2700,3.1200,3.1400,3.2100,22683017,72594190.0000
2019-08-12,sh.601777,3.1500,3.2400,3.1500,3.2400,3.1400,21248554,68183395.0000
2019-08-13,sh.601777,3.2200,3.2700,3.2000,3.2300,3.2400,16137457,52192436.0000
2019-08-14,sh.601777,3.2700,3.2900,3.1800,3.1900,3.2300,20556400,66435867.0000
2019-08-15,sh.601777,3.0600,3.2300,3.0600,3.2100,3.1900,28414400,89092618.0000
2019-08-16,sh.601777,3.2100,3.2500,3.1500,3.1700,3.2100,24174103,77222529.0000
2019-08-19,sh.601777,3.2000,3.2800,3.1700,3.2700,3.1700,28739284,92832216.0000
2019-08-20,sh.601777,3.2700,3.2900,3.2200,3.2400,3.2700,28601337,93235476.0000
2019-08-21,sh.601777,3.2200,3.2400,3.1700,3.2000,3.2400,25320350,81150012.0000
2019-08-22,sh.601777,3.2100,3.2400,3.1500,3.2300,3.2000,25647355,82008243.0000
2019-08-23,sh.601777,3.1900,3.4200,3.1600,3.2500,3.2300,49594539,161947838.0000
2019-08-26,sh.601777,3.2500,3.5800,3.2000,3.5800,3.2500,65801501,224422941.0000
2019-08-27,sh.601777,3.7500,3.9400,3.6900,3.9400,3.5800,48536833,185758648.0000
2019-08-28,sh.601777,4.3300,4.3300,4.3300,4.3300,3.9400,7249243,31389222.0000
2019-08-29,sh.601777,4.7600,4.7600,4.1100,4.6300,4.3300,249201019,1121310740.0000
2019-08-30,sh.601777,4.4700,4.5400,4.1700,4.1700,4.6300,129289192,553897994.0000
2019-09-02,sh.601777,3.9500,4.0000,3.7800,3.8900,4.1700,122349691,477369676.0000
2019-09-03,sh.601777,3.8800,3.9900,3.8200,3.9500,3.8900,97580177,381549894.0000
2019-09-04,sh.601777,3.8700,3.9000,3.7600,3.8500,3.9500,81310488,310810233.0000
2019-09-05,sh.601777,3.8200,3.9200,3.8000,3.8600,3.8500,77701027,299967607.0000
2019-09-06,sh.601777,3.9200,3.9600,3.7800,3.8600,3.8600,69788107,270739658.0000
2019-09-09,sh.601777,3.8700,3.8900,3.7800,3.8900,3.8600,56817799,217619129.0000
2019-09-10,sh.601777,3.8600,4.0500,3.8100,3.9800,3.8900,86326888,340502564.0000
2019-09-11,sh.601777,3.9700,4.2800,3.9300,4.0800,3.9800,107372934,442240385.0000
2019-09-12,sh.601777,4.0200,4.0800,3.9200,3.9600,4.0800,61735972,245161808.0000
2019-09-16,sh.601777,3.9400,4.0400,3.8600,3.9200,3.9600,45819491,180620317.0000
2019-09-17,sh.601777,3.9000,3.9100,3.6200,3.7000,3.9200,65170876,245146764.0000
2019-09-18,sh.601777,3.7100,3.7200,3.6200,3.6600,3.7000,34651406,127151936.0000
2019-09-19,sh.601777,3.6600,3.7200,3.5800,3.7100,3.6600,32188340,117167972.0000
2019-09-20,sh.601777,3.6800,4.0800,3.6700,4.0800,3.7100,129803297,521702114.0000
2019-09-23,sh.601777,4.0600,4.2500,3.9800,4.0800,4.0800,146234681,602605764.0000
2019-09-24,sh.601777,4.0900,4.1300,3.8900,3.9600,4.0800,81591946,326165491.0000
2019-09-25,sh.601777,3.9500,3.9700,3.7300,3.7300,3.9600,58613641,224150566.0000
2019-09-26,sh.601777,3.8100,3.8800,3.5400,3.5900,3.7300,57803824,213847842.0000
2019-09-27,sh.601777,3.5900,3.6400,3.5200,3.5500,3.5900,35009534,125408578.0000
2019-09-30,sh.601777,3.5500,3.6100,3.4700,3.4800,3.5500,24068739,84985530.0000
2019-10-08,sh.601777,3.4800,3.5100,3.4300,3.4500,3.4800,20291434,70544949.0000
2019-10-09,sh.601777,3.4400,3.5400,3.4300,3.5200,3.4500,21000010,73083890.0000
2019-10-10,sh.601777,3.5000,3.5200,3.4500,3.4900,3.5200,28905349,100683204.0000
2019-10-11,sh.601777,3.4200,3.4500,3.1500,3.3400,3.4900,68238409,223236847.0000
2019-10-14,sh.601777,3.3000,3.4200,3.2700,3.3800,3.3400,47349012,158595337.0000
2019-10-15,sh.601777,3.3600,3.3900,3.2600,3.2700,3.3800,28102191,92762512.0000
2019-10-16,sh.601777,3.2800,3.3200,3.2000,3.2100,3.2700,23564898,76451253.0000
2019-10-17,sh.601777,3.2300,3.3000,3.1800,3.2600,3.2100,30082376,97732317.0000
2019-10-18,sh.601777,3.2200,3.2400,3.1000,3.1700,3.2600,28844733,91574340.0000
2019-10-21,sh.601777,3.1700,3.2800,3.0700,3.2400,3.1700,26983798,85422188.0000
2019-10-22,sh.601777,3.1900,3.2200,3.1600,3.2100,3.2400,19387689,61924293.0000
2019-10-23,sh.601777,3.2100,3.2200,3.1300,3.1500,3.2100,15357146,48707968.0000
2019-10-24,sh.601777,3.1500,3.1800,3.1300,3.1500,3.1500,12883953,40591184.0000
2019-10-25,sh.601777,3.1300,3.1900,3.1100,3.1700,3.1500,15090311,47521694.0000
2019-10-28,sh.601777,3.1000,3.2300,3.1000,3.2200,3.1700,25940821,82473495.0000
2019-10-29,sh.601777,3.2200,3.2200,3.1400,3.1400,3.2200,18145697,57388244.0000
2019-10-30,sh.601777,3.1300,3.1300,3.0000,3.0000,3.1400,28602078,87039368.0000
2019-10-31,sh.601777,3.0100,3.0800,2.9900,3.0200,3.0000,17212123,52150447.0000
2019-11-01,sh.601777,3.0300,3.0300,2.9000,2.9800,3.0200,21059673,62194844.0000
2019-11-04,sh.601777,2.9400,2.9700,2.8200,2.8500,2.9800,34150294,98526602.0000
2019-11-05,sh.601777,2.8300,2.8600,2.7900,2.8400,2.8500,20844941,58924364.0000
2019-11-06,sh.601777,2.8400,2.8500,2.7700,2.7900,2.8400,19159195,53588149.0000
2019-11-07,sh.601777,2.7900,2.9100,2.7500,2.8200,2.7900,22906850,65009021.0000
2019-11-08,sh.601777,2.8500,2.8700,2.7800,2.8000,2.8200,14407619,40771935.0000
2019-11-11,sh.601777,2.7700,2.7700,2.6800,2.6900,2.8000,17138019,46477558.0000
2019-11-12,sh.601777,2.6900,2.7500,2.6800,2.7400,2.6900,14604632,39655114.0000
2019-11-13,sh.601777,2.7400,2.7400,2.6800,2.7200,2.7400,10649000,28899716.0000
2019-11-14,sh.601777,2.7200,2.7600,2.6900,2.7200,2.7200,11759138,32086741.0000
2019-11-15,sh.601777,2.7300,2.7600,2.6900,2.7000,2.7200,14341456,39173477.0000
2019-11-18,sh.601777,2.6400,2.6900,2.6300,2.6600,2.7000,13539300,35938096.0000
2019-11-19,sh.601777,2.6700,2.7900,2.6400,2.7800,2.6600,21519749,58766605.0000
2019-11-20,sh.601777,2.7700,2.8600,2.7400,2.7800,2.7800,20883709,58511447.0000
2019-11-21,sh.601777,2.7500,2.9200,2.7000,2.9000,2.7800,30052229,85022346.0000
2019-11-22,sh.601777,2.8700,2.9300,2.8000,2.8200,2.9000,29121571,83119040.0000
2019-11-25,sh.601777,2.8100,2.8700,2.7800,2.8700,2.8200,18430026,52222801.0000
2019-11-26,sh.601777,2.8500,2.8800,2.8100,2.8200,2.8700,13091624,37181232.0000
2019-11-27,sh.601777,2.8000,2.8500,2.7900,2.8000,2.8200,10146413,28582613.0000
2019-11-28,sh.601777,2.8000,2.9000,2.7900,2.8700,2.8000,21411752,61183807.0000
2019-11-29,sh.601777,2.8700,2.9100,2.7800,2.8600,2.8700,20736485,58913808.0000
2019-12-02,sh.601777,2.8400,2.8800,2.8100,2.8300,2.8600,12768783,36249429.0000
2019-12-03,sh.601777,2.8000,2.9700,2.7800,2.9400,2.8300,32829827,94607862.0000
2019-12-04,sh.601777,2.9100,2.9800,2.8700,2.9200,2.9400,27806959,81135376.0000
2019-12-05,sh.601777,2.9200,3.0000,2.8900,2.9600,2.9200,31953958,94401183.0000
2019-12-06,sh.601777,2.9700,3.1300,2.9200,3.0600,2.9600,41590210,125316932.0000
2019-12-09,sh.601777,3.0200,3.0500,2.9500,2.9700,3.0600,29541939,88201525.0000
2019-12-10,sh.601777,2.9700,3.0100,2.9200,2.9800,2.9700,18494951,54731036.0000
2019-12-11,sh.601777,2.9700,3.0800,2.9300,3.0800,2.9800,39202644,118287639.0000
2019-12-12,sh.601777,3.0800,3.1000,3.0100,3.0900,3.0800,38364581,117012961.0000
2019-12-13,sh.601777,3.0700,3.1400,3.0400,3.0900,3.0900,28187487,87032982.0000
2019-12-16,sh.601777,3.1600,3.1600,3.0400,3.0600,3.0900,39870786,122512246.0000
2019-12-17,sh.601777,3.0500,3.1100,3.0300,3.0700,3.0600,42100995,128814480.0000
2019-12-18,sh.601777,3.0400,3.0600,2.9900,2.9900,3.0700,37295369,112923044.0000
2019-12-19,sh.601777,2.9900,3.0800,2.9800,3.0600,2.9900,36812928,111750289.0000
2019-12-20,sh.601777,3.0500,3.1100,2.9900,2.9900,3.0600,32698939,99525363.0000
2019-12-23,sh.601777,2.9600,2.9800,2.8100,2.8100,2.9900,31073581,89830475.0000
2019-12-24,sh.601777,2.8300,2.9000,2.8200,2.8800,2.8100,18466440,52914142.0000
2019-12-25,sh.601777,2.9000,2.9500,2.8800,2.9000,2.8800,20665671,60211731.0000
2019-12-26,sh.601777,2.9000,2.9600,2.8900,2.9300,2.9000,15126607,44174999.0000
2019-12-27,sh.601777,2.9300,3.2200,2.9300,3.2200,2.9300,60822421,189198833.0000
2019-12-30,sh.601777,3.2200,3.2200,3.0000,3.1000,3.2200,78355962,242095649.0000
2019-12-31,sh.601777,3.0700,3.1500,3.0500,3.0800,3.1000,36915153,114161486.0000
2020-01-02,sh.601777,3.1000,3.2100,3.0800,3.1700,3.0800,48254250,151558260.0000
2020-01-03,sh.601777,3.1600,3.1600,3.0900,3.0900,3.1700,33582334,104641785.0000
2020-01-06,sh.601777,3.0700,3.1800,3.0400,3.1300,3.0900,35708921,111583645.0000
2020-01-07,sh.601777,3.1800,3.2100,3.1300,3.1700,3.1300,33089136,104713868.0000
2020-01-08,sh.601777,3.1600,3.4400,3.1300,3.2500,3.1700,70069595,228712049.0000
2020-01-09,sh.601777,3.3100,3.3800,3.2100,3.2500,3.2500,48331014,158947012.0000
2020-01-10,sh.601777,3.2800,3.2800,3.1200,3.1500,3.2500,30112852,95602257.0000
2020-01-13,sh.601777,3.1200,3.2200,3.1200,3.1800,3.1500,17224600,54440127.0000
2020-01-14,sh.601777,3.1900,3.2100,3.1300,3.1400,3.1800,21240550,67185885.0000
2020-01-15,sh.601777,3.1600,3.1700,3.0800,3.0900,3.1400,18979600,59004781.0000
2020-01-16,sh.601777,3.0700,3.1100,3.0300,3.0300,3.0900,15955288,48827899.0000
2020-01-17,sh.601777,3.0500,3.0600,2.9700,2.9900,3.0300,19137738,57515201.0000
2020-01-20,sh.601777,2.9100,3.1000,2.9100,3.0900,2.9900,28139525,85642543.0000
2020-01-21,sh.601777,3.0100,3.0400,2.9200,2.9400,3.0900,21809881,65179119.0000
2020-01-22,sh.601777,2.9100,2.9400,2.7900,2.8600,2.9400,21652940,61788461.0000
2020-01-23,sh.601777,2.8800,2.8800,2.7100,2.7300,2.8600,20830954,58113386.0000
2020-02-03,sh.601777,2.4600,2.4600,2.4600,2.4600,2.7300,2344400,5767224.0000
2020-02-04,sh.601777,2.2100,2.3600,2.2100,2.3000,2.4600,43064709,97907574.0000
2020-02-05,sh.601777,2.3100,2.4200,2.2800,2.3700,2.3000,26186501,61963183.0000
2020-02-06,sh.601777,2.3800,2.4500,2.3700,2.4100,2.3700,21282309,51145938.0000
2020-02-07,sh.601777,2.4300,2.4500,2.3800,2.4300,2.4100,16909508,40886107.0000
2020-02-10,sh.601777,2.4300,2.4900,2.3900,2.4800,2.4300,16434752,40362422.0000
2020-02-11,sh.601777,2.5600,2.5800,2.4700,2.4900,2.4800,18858209,47301004.0000
2020-02-12,sh.601777,2.4700,2.5900,2.4600,2.5800,2.4900,20117602,51013790.0000
2020-02-13,sh.601777,2.5900,2.6300,2.5200,2.5300,2.5800,16121848,41279132.0000
2020-02-14,sh.601777,2.5300,2.6100,2.4900,2.5700,2.5300,16756806,42987091.0000
2020-02-17,sh.601777,2.6300,2.7300,2.5900,2.7300,2.5700,26031888,69632257.0000
2020-02-18,sh.601777,2.7200,2.7800,2.7000,2.7700,2.7300,19135746,52585825.0000
2020-02-19,sh.601777,2.7600,2.8800,2.7600,2.7700,2.7700,20120470,56521699.0000
2020-02-20,sh.601777,2.7500,2.8300,2.7500,2.8100,2.7700,18688414,52303888.0000
2020-02-21,sh.601777,2.8000,2.9900,2.7800,2.9700,2.8100,36277046,105860223.0000
2020-02-24,sh.601777,2.9200,2.9900,2.8500,2.9600,2.9700,28208210,82552218.0000
2020-02-25,sh.601777,2.9000,3.2600,2.8200,3.2600,2.9600,71028217,220641812.0000
2020-02-26,sh.601777,3.3800,3.4300,3.0500,3.0500,3.2600,114420239,375927072.0000
2020-02-27,sh.601777,3.0000,3.3200,2.9100,3.1100,3.0500,65014680,199273953.0000
2020-02-28,sh.601777,2.9500,3.0400,2.8400,2.8500,3.1100,49398219,144561718.0000
2020-03-02,sh.601777,2.8300,3.0400,2.8300,2.9900,2.8500,35011502,104179677.0000
2020-03-03,sh.601777,3.0200,3.0900,2.9500,2.9600,2.9900,33570349,101428385.0000
2020-03-04,sh.601777,2.9400,2.9800,2.8800,2.9800,2.9600,23932853,69939506.0000
2020-03-05,sh.601777,2.9600,2.9900,2.9200,2.9500,2.9800,29090530,85761874.0000
2020-03-06,sh.601777,2.9100,2.9600,2.9000,2.9300,2.9500,18688611,54808386.0000
2020-03-09,sh.601777,2.9100,2.9200,2.7800,2.7900,2.9300,25792653,73123673.0000
2020-03-10,sh.601777,2.7100,2.8300,2.6700,2.8200,2.7900,20121553,55321211.0000
2020-03-11,sh.601777,2.8300,2.9000,2.8200,2.8300,2.8200,18504164,52950809.0000
2020-03-12,sh.601777,2.7800,2.9800,2.7400,2.9300,2.8300,31353776,89899016.0000
2020-03-13,sh.601777,2.7700,2.8600,2.6800,2.8000,2.9300,27446219,76778360.0000
2020-03-16,sh.601777,2.8000,2.8300,2.6500,2.6800,2.8000,24434949,66603706.0000
2020-03-17,sh.601777,2.6400,2.7100,2.4400,2.5600,2.6800,25219793,64149597.0000
2020-03-18,sh.601777,2.5600,2.6300,2.4900,2.4900,2.5600,14015138,35913720.0000
2020-03-19,sh.601777,2.4800,2.5200,2.4100,2.4900,2.4900,12055572,29721925.0000
2020-03-20,sh.601777,2.5100,2.5500,2.4900,2.5500,2.4900,10196818,25732835.0000
2020-03-23,sh.601777,2.4400,2.4900,2.4000,2.4200,2.5500,12805640,31359202.0000
2020-03-24,sh.601777,2.4500,2.4700,2.3600,2.4700,2.4200,13474517,32782817.0000
2020-03-25,sh.601777,2.5000,2.7200,2.5000,2.7200,2.4700,19240281,51580403.0000
2020-03-26,sh.601777,2.9900,2.9900,2.8500,2.9900,2.7200,119599153,353243922.0000
2020-03-27,sh.601777,2.8700,2.9200,2.7000,2.8300,2.9900,94142471,263386111.0000
2020-03-30,sh.601777,2.7400,2.8500,2.6500,2.7000,2.8300,53030317,145827353.0000
2020-03-31,sh.601777,2.7600,2.9700,2.7100,2.9700,2.7000,52318017,149311253.0000
2020-04-01,sh.601777,3.2000,3.2700,3.0100,3.0200,2.9700,151470716,483544111.0000
2020-04-02,sh.601777,2.7200,2.7200,2.7200,2.7200,3.0200,34528100,93916432.0000
2020-04-03,sh.601777,2.5700,2.7800,2.5700,2.6600,2.7200,88849379,236936856.0000
2020-04-07,sh.601777,2.6400,2.8400,2.6200,2.8000,2.6600,72125243,195649286.0000
2020-04-08,sh.601777,2.7200,2.8500,2.7200,2.7700,2.8000,45308500,126064277.0000
2020-04-09,sh.601777,2.8100,3.0500,2.7700,3.0500,2.7700,74958048,221892345.0000
2020-04-10,sh.601777,3.0800,3.2000,2.9400,3.0200,3.0500,94469725,291119355.0000
2020-04-13,sh.601777,3.0400,3.1800,2.9400,3.0700,3.0200,54584771,167443221.0000
2020-04-14,sh.601777,3.0400,3.1800,3.0300,3.1100,3.0700,54553217,169110146.0000
2020-04-15,sh.601777,3.0800,3.2600,3.0100,3.1800,3.1100,62452123,197393899.0000
2020-04-16,sh.601777,3.1200,3.2100,3.0600,3.1000,3.1800,36806118,114655107.0000
2020-04-17,sh.601777,3.0900,3.1200,3.0000,3.0200,3.1000,31315857,95575601.0000
2020-04-20,sh.601777,3.0200,3.1700,2.9700,3.1600,3.0200,39771101,123455967.0000
2020-04-21,sh.601777,3.1300,3.2700,3.0600,3.2400,3.1600,39626553,125536593.0000
2020-04-22,sh.601777,3.2000,3.5600,3.1600,3.4300,3.2400,63586001,219112342.0000
2020-04-23,sh.601777,3.5300,3.6100,3.3000,3.3300,3.4300,49494307,171223900.0000
2020-04-24,sh.601777,3.3700,3.5500,3.3000,3.3800,3.3300,43895632,149500102.0000
2020-04-27,sh.601777,3.3000,3.3500,3.1600,3.1600,3.3800,34267526,110902099.0000
2020-04-28,sh.601777,3.2000,3.2300,2.9800,3.0800,3.1600,28121222,86639000.0000
2020-04-29,sh.601777,3.0900,3.1500,3.0300,3.1000,3.0800,15084500,46682134.0000
2020-04-30,sh.601777,3.0800,3.2100,3.0800,3.1900,3.1000,18265440,57804104.0000
2020-05-06,sh.601777,3.1800,3.4800,3.1400,3.4000,3.1900,31333600,104902502.0000
2020-05-07,sh.601777,3.4300,3.5000,3.3700,3.4500,3.4000,31405893,108221871.0000
2020-05-08,sh.601777,3.4600,3.5300,3.4100,3.4300,3.4500,18829476,64953031.0000
2020-05-11,sh.601777,3.4500,3.5900,3.4300,3.5500,3.4300,27966041,99065438.0000
2020-05-12,sh.601777,3.4600,3.5600,3.4300,3.4800,3.5500,29223113,102321993.0000
2020-05-13,sh.601777,3.4900,3.5600,3.4100,3.4100,3.4800,28435800,98170470.0000
2020-05-14,sh.601777,3.4000,3.4100,3.3400,3.3600,3.4100,15177857,50931961.0000
2020-05-15,sh.601777,3.3600,3.4000,3.3000,3.3100,3.3600,14918300,49836417.0000
2020-05-18,sh.601777,3.3500,3.3900,3.3000,3.3100,3.3100,17179276,57157124.0000
2020-05-19,sh.601777,3.3300,3.4700,3.3000,3.4700,3.3100,21858470,73954853.0000
2020-05-20,sh.601777,3.4800,3.8200,3.4500,3.8200,3.4700,61111143,227909767.0000
2020-05-21,sh.601777,3.9000,3.9600,3.7000,3.8700,3.8200,52060738,200578914.0000
2020-05-22,sh.601777,3.8800,4.2200,3.7300,4.0400,3.8700,64421201,262076105.0000
2020-05-25,sh.601777,4.0400,4.2600,3.9800,4.0200,4.0400,41481882,170299529.0000
2020-05-26,sh.601777,4.0900,4.2000,4.0200,4.1800,4.0200,32274226,133454470.0000
2020-05-27,sh.601777,4.1900,4.2900,4.0000,4.0000,4.1800,42098024,173019410.0000
2020-05-28,sh.601777,4.0000,4.0800,3.8800,3.8800,4.0000,35272660,139209334.0000
2020-05-29,sh.601777,3.9200,4.2300,3.9200,4.1900,3.8800,39779863,161920480.0000
2020-06-01,sh.601777,4.1300,4.2900,4.1100,4.1500,4.1900,34533768,144257601.0000
2020-06-02,sh.601777,4.1500,4.2200,4.0500,4.0900,4.1500,24571339,101022963.0000
2020-06-03,sh.601777,4.1300,4.2000,4.0700,4.2000,4.0900,31109072,128457220.0000
2020-06-04,sh.601777,4.2100,4.2100,4.0900,4.1300,4.2000,26123290,108502787.0000
2020-06-05,sh.601777,4.0800,4.1600,4.0700,4.1100,4.1300,18815905,77354499.0000
2020-06-08,sh.601777,4.1000,4.1700,4.0700,4.0900,4.1100,20821803,85974240.0000
2020-06-09,sh.601777,4.1200,4.1500,4.0300,4.0500,4.0900,19781000,80536176.0000
2020-06-10,sh.601777,4.0500,4.1400,3.9300,4.0500,4.0500,23756178,95631925.0000
2020-06-11,sh.601777,4.1000,4.4600,4.0800,4.4600,4.0500,64692245,282965404.0000
2020-06-12,sh.601777,4.4100,4.9100,4.3800,4.9100,4.4600,81361837,380923777.0000
2020-06-15,sh.601777,4.9200,5.2000,4.7700,4.8800,4.9100,83313717,413360227.0000
2020-06-16,sh.601777,5.0100,5.1000,4.8800,5.0600,4.8800,58144425,291658516.0000
2020-06-17,sh.601777,4.9800,5.1400,4.6200,4.6800,5.0600,74839766,359353950.0000
2020-06-18,sh.601777,4.3400,5.1500,4.3400,5.0000,4.6800,88525086,421354972.0000
2020-06-19,sh.601777,4.9000,5.5000,4.8200,5.5000,5.0000,115430564,607878012.0000
2020-06-22,sh.601777,4.9500,5.3400,4.9500,4.9500,5.5000,127590825,643898889.0000
2020-06-23,sh.601777,4.8100,5.1400,4.4600,4.9100,4.9500,103544903,485755803.0000
2020-06-24,sh.601777,4.7800,5.1000,4.6200,4.8600,4.9100,60730145,298016881.0000
2020-06-29,sh.601777,4.8600,5.0000,4.6700,4.7100,4.8600,43032137,205953736.0000
2020-06-30,sh.601777,4.2900,4.6700,4.2900,4.4900,4.7100,59879982,270553778.0000
2020-07-01,sh.601777,4.5300,4.5800,4.0600,4.1200,4.4900,73948847,315716833.0000
2020-07-02,sh.601777,4.1200,4.5300,3.9200,4.5300,4.1200,86998934,381668203.0000
2020-07-03,sh.601777,4.7000,4.9800,4.6300,4.9800,4.5300,101991979,494913545.0000
2020-07-06,sh.601777,4.9700,5.1800,4.9000,5.0000,4.9800,80350319,404398103.0000
2020-07-07,sh.601777,5.1300,5.1800,4.8200,4.9200,5.0000,69756540,348238001.0000
2020-07-08,sh.601777,4.9100,4.9500,4.6800,4.8000,4.9200,59325589,284108792.0000
2020-07-09,sh.601777,4.7000,4.9000,4.7000,4.7700,4.8000,50538546,242521361.0000
2020-07-10,sh.601777,4.5800,4.7800,4.5300,4.5400,4.7700,60406460,280611077.0000
2020-07-13,sh.601777,4.3600,4.6000,4.3500,4.5300,4.5400,59067329,266139041.0000
2020-07-14,sh.601777,4.5500,4.9800,4.5400,4.9800,4.5300,65924921,322216866.0000
2020-07-15,sh.601777,5.3000,5.3000,4.5700,4.6600,4.9800,114073903,555005316.0000
2020-07-16,sh.601777,4.5700,4.7400,4.4000,4.4100,4.6600,47029475,213891505.0000
2020-07-17,sh.601777,4.4000,4.8200,4.3900,4.7100,4.4100,47075182,216973870.0000
2020-07-20,sh.601777,4.5500,4.8200,4.4400,4.6700,4.7100,43606385,204172941.0000
2020-07-21,sh.601777,4.6400,4.6700,4.5000,4.5200,4.6700,31766802,144837643.0200
2020-07-22,sh.601777,4.5700,4.7500,4.5300,4.5700,4.5200,26478989,122274227.0800
2020-07-23,sh.601777,4.5700,4.5900,4.4000,4.4500,4.5700,28732500,128519637.4000
2020-07-24,sh.601777,4.4500,4.4900,4.2200,4.2500,4.4500,28089656,122501745.6000
2020-07-27,sh.601777,4.3300,4.4500,4.1600,4.4100,4.2500,26406601,113043595.1700
2020-07-28,sh.601777,4.3900,4.4600,4.2800,4.3400,4.4100,15701271,68438368.0400
2020-07-29,sh.601777,4.3400,4.4200,4.2700,4.3900,4.3400,15746768,68706146.7900
2020-07-30,sh.601777,4.3800,4.4100,4.3200,4.3400,4.3900,15771801,68782831.6800
2020-07-31,sh.601777,4.3600,4.3900,4.3000,4.3800,4.3400,15795485,68638030.1300
2020-08-03,sh.601777,4.3800,4.5700,4.3500,4.4900,4.3800,27295476,122953992.3900
2020-08-04,sh.601777,4.5500,4.7000,4.4300,4.6400,4.4900,33930237,155154269.9200
2020-08-05,sh.601777,4.6800,4.9100,4.6100,4.8500,4.6400,46347924,221938216.1900
2020-08-06,sh.601777,4.8500,4.9800,4.7300,4.7700,4.8500,34806218,167914748.5600
2020-08-07,sh.601777,4.3100,4.9300,4.3000,4.6700,4.7700,58971710,271126403.2500
2020-08-10,sh.601777,4.7500,4.8000,4.4700,4.5800,4.6700,34562201,159481396.5000
2020-08-11,sh.601777,4.5700,4.6800,4.3800,4.3900,4.5800,32233970,144640302.1000
2020-08-12,sh.601777,4.2500,4.4300,4.2400,4.3100,4.3900,26799122,115442497.9200
2020-08-13,sh.601777,4.2900,4.3700,4.2200,4.2400,4.3100,19386963,83113869.6000
2020-08-14,sh.601777,4.2400,4.2400,3.9800,4.0800,4.2400,34905318,142152699.0600
2020-08-17,sh.601777,4.0600,4.4900,4.0600,4.4900,4.0800,49505867,217228199.1300
2020-08-18,sh.601777,4.6800,4.6900,4.4000,4.4800,4.4900,40749919,184198030.1600
2020-08-19,sh.601777,4.4300,4.4400,4.2600,4.2800,4.4800,24522585,105932578.9900
2020-08-20,sh.601777,4.2200,4.3700,4.1800,4.2900,4.2800,15648900,67144727.3400
2020-08-21,sh.601777,4.2900,4.3700,4.2600,4.3700,4.2900,12833500,55376726.0000
2020-08-24,sh.601777,4.3700,4.3700,4.3700,4.3700,4.3700,0,0.0000
2020-08-25,sh.601777,4.1500,4.1500,4.1500,4.1500,4.3700,1517400,6297210.0000
2020-08-26,sh.601777,3.9400,3.9400,3.9400,3.9400,4.1500,928800,3659472.0000
2020-08-27,sh.601777,3.7400,3.7400,3.7400,3.7400,3.9400,1845200,6901048.0000
2020-08-28,sh.601777,3.5500,3.5500,3.5500,3.5500,3.7400,4687900,16642045.0000
2020-08-31,sh.601777,3.4100,3.7300,3.4100,3.7300,3.5500,27276690,96117330.5200
2020-09-01,sh.601777,3.9200,3.9200,3.9200,3.9200,3.7300,1819423,7132138.1600
2020-09-02,sh.601777,4.1200,4.1200,4.1200,4.1200,3.9200,2122930,8746471.6000
2020-09-03,sh.601777,4.3300,4.3300,3.9800,4.3300,4.1200,58132433,248649000.5400
2020-09-04,sh.601777,4.3300,4.5500,4.2200,4.5500,4.3300,30559590,137139978.2600
2020-09-07,sh.601777,4.6000,4.7800,4.5600,4.7800,4.5500,9938367,47012210.6200
2020-09-08,sh.601777,5.0200,5.0200,5.0200,5.0200,4.7800,2854621,14330197.4200
2020-09-09,sh.601777,5.2700,5.2700,4.7700,4.8100,5.0200,61559366,311795828.0700
2020-09-10,sh.601777,4.9000,5.0400,4.7000,4.9700,4.8100,25581186,125060049.1400
2020-09-11,sh.601777,5.0200,5.2200,4.9500,5.2200,4.9700,22148607,113387783.7900
2020-09-14,sh.601777,5.4800,5.4800,5.4800,5.4800,5.2200,3889506,21314492.8800
2020-09-15,sh.601777,5.7300,5.7500,5.3600,5.7300,5.4800,43723045,247874305.9500
2020-09-16,sh.601777,5.6900,5.9800,5.5700,5.8400,5.7300,21581245,126064869.3700
2020-09-17,sh.601777,5.8400,5.9500,5.7200,5.8800,5.8400,17470649,102411985.5600
2020-09-18,sh.601777,5.9700,6.0500,5.5900,5.5900,5.8800,29703816,171723589.6000
2020-09-21,sh.601777,5.5100,5.7000,5.3100,5.3400,5.5900,26344791,142426394.5500
2020-09-22,sh.601777,5.3800,5.6100,5.1600,5.5900,5.3400,18741484,101374591.9700
2020-09-23,sh.601777,5.5500,5.7500,5.5500,5.6500,5.5900,13021501,73876653.6600
2020-09-24,sh.601777,5.6700,5.7500,5.3700,5.3700,5.6500,16693478,92082369.9000
2020-09-25,sh.601777,5.3600,5.4500,5.1500,5.2000,5.3700,12427978,65756487.9200
2020-09-28,sh.601777,5.3000,5.4600,5.2400,5.4600,5.2000,20957488,113301128.5000
2020-09-29,sh.601777,5.5000,5.6100,5.4400,5.5300,5.4600,13695996,75560827.9600
2020-09-30,sh.601777,5.5500,5.5900,5.3300,5.5700,5.5300,10735880,59037279.6300
2020-10-09,sh.601777,5.8500,5.8500,5.8500,5.8500,5.5700,1875166,10969721.1000
2020-10-12,sh.601777,6.1400,6.1400,6.1400,6.1400,5.8500,980200,6018428.0000
2020-10-13,sh.601777,6.4500,6.4500,5.8400,6.0200,6.1400,35367284,216094868.6800
2020-10-14,sh.601777,5.7200,5.7200,5.7200,5.7200,6.0200,5695800,32579976.0000
2020-10-15,sh.601777,5.4300,6.0100,5.4300,5.6000,5.7200,32921118,187932373.4100
2020-10-16,sh.601777,5.6200,5.6700,5.4100,5.5600,5.6000,15122255,83074758.3200
2020-10-19,sh.601777,5.5600,5.6000,5.4500,5.4800,5.5600,7990867,43996014.1100
2020-10-20,sh.601777,5.5000,5.5000,5.2100,5.2200,5.4800,17305925,91456937.7300
2020-10-21,sh.601777,5.2100,5.3600,4.9800,5.0100,5.2200,15930590,81706171.3000
2020-10-22,sh.601777,5.0400,5.1000,4.7600,4.7700,5.0100,20382497,98849186.8500
2020-10-23,sh.601777,4.7000,5.0100,4.5700,5.0100,4.7700,18878117,89612610.1600
2020-10-26,sh.601777,5.1400,5.2600,4.9600,5.2600,5.0100,20022801,103286274.1700
2020-10-27,sh.601777,5.2600,5.4400,5.1300,5.2000,5.2600,18188544,95883210.6000
2020-10-28,sh.601777,5.2600,5.2700,5.1600,5.2300,5.2000,8230729,42952874.0100
2020-10-29,sh.601777,5.1800,5.3000,5.1000,5.1600,5.2300,8976363,46723075.9700
2020-10-30,sh.601777,5.2300,5.2600,5.1100,5.1400,5.1600,8506300,43977707.0000
2020-11-02,sh.601777,5.0100,5.2100,5.0100,5.1500,5.1400,7512740,38690310.2100
2020-11-03,sh.601777,5.1500,5.2500,5.1300,5.1600,5.1500,8350400,43274941.6000
2020-11-04,sh.601777,5.1500,5.1800,4.9900,5.1000,5.1600,10328678,52417905.2000
2020-11-05,sh.601777,5.1300,5.1500,5.0500,5.1000,5.1000,6265500,31846966.1900
2020-11-06,sh.601777,5.1000,5.3600,5.0900,5.3600,5.1000,7685424,40665094.5000
2020-11-09,sh.601777,5.4100,5.6300,5.3900,5.5400,5.3600,21912750,120712653.8000
2020-11-10,sh.601777,5.5200,5.8100,5.2600,5.2600,5.5400,31807981,173718379.2300
2020-11-11,sh.601777,5.0800,5.1500,5.0000,5.0000,5.2600,15927162,80153195.8600
2020-11-12,sh.601777,4.8500,5.2000,4.7500,5.1800,5.0000,29243406,144327032.5000
2020-11-13,sh.601777,5.2800,5.4300,5.2100,5.2800,5.1800,18998472,101042953.5200
2020-11-16,sh.601777,5.4000,5.4900,5.2900,5.3600,5.2800,15035000,81091255.0000
2020-11-17,sh.601777,5.3500,5.4900,5.3500,5.4500,5.3600,10515050,57097502.3400
2020-11-18,sh.601777,5.4900,5.7000,5.4500,5.6600,5.4500,17359587,97390037.2100
2020-11-19,sh.601777,5.7200,5.8200,5.4700,5.5300,5.6600,22648834,128186582.9000
2020-11-20,sh.601777,5.5800,5.7000,5.4500,5.6800,5.5300,17112473,95267863.0800
2020-11-23,sh.601777,5.7000,5.8000,5.5900,5.7100,5.6800,17948763,102673024.0800
2020-11-24,sh.601777,5.7100,6.0000,5.6300,6.0000,5.7100,22476201,130635879.1700
2020-11-25,sh.601777,6.0000,6.0000,6.0000,6.0000,6.0000,0,0.0000
2020-11-26,sh.601777,6.2800,6.2800,5.7000,5.7100,6.0000,48606237,287057669.6500
2020-11-27,sh.601777,5.5900,5.7200,5.4200,5.4400,5.7100,24978700,137252900.0000
2020-11-30,sh.601777,5.3700,5.5800,5.2500,5.5100,5.4400,15292140,83009899.9400
2020-12-01,sh.601777,5.4900,5.5900,5.4400,5.5200,5.5100,8270820,45682387.8000
2020-12-02,sh.601777,5.5400,5.7300,5.5300,5.6200,5.5200,11882185,66754567.6900
2020-12-03,sh.601777,5.6300,5.6500,5.3900,5.4100,5.6200,13890901,76224379.4400
2020-12-04,sh.601777,5.3400,5.4000,5.1500,5.2300,5.4100,14579401,76631354.2400
2020-12-07,sh.601777,5.1400,5.2000,5.0500,5.0900,5.2300,11981654,61251538.3600
2020-12-08,sh.601777,5.0700,5.3400,5.0500,5.3400,5.0900,11872836,62312448.7600
2020-12-09,sh.601777,5.3400,5.4700,5.3100,5.3400,5.3400,11425662,61554485.5600
2020-12-10,sh.601777,5.3200,5.3500,5.1500,5.1800,5.3400,8748684,45718626.9900
2020-12-11,sh.601777,5.1800,5.3100,5.1700,5.2200,5.1800,7489710,39222259.8000
2020-12-14,sh.601777,5.2600,5.2600,5.1600,5.1600,5.2200,6291995,32638429.1500
2020-12-15,sh.601777,5.1600,5.2000,5.0100,5.1100,5.1600,12666100,64575094.0000
2020-12-16,sh.601777,5.1800,5.2000,5.1000,5.1700,5.1100,7766862,39928242.4400
2020-12-17,sh.601777,5.1800,5.2100,5.0900,5.1000,5.1700,7216400,36989445.0000
2020-12-18,sh.601777,5.1100,5.1400,5.0500,5.0800,5.1000,8110200,41206834.0000
2020-12-21,sh.601777,5.1100,5.1100,4.9200,4.9700,5.0800,13218483,66145991.3400
2020-12-22,sh.601777,4.9700,4.9700,4.9700,4.9700,4.9700,0,0.0000
2020-12-23,sh.601777,5.2000,5.2200,5.0300,5.2200,4.9700,28119943,145884124.5000
2020-12-24,sh.601777,5.2200,5.4300,5.1500,5.2900,5.2200,18801416,99187388.2300
2020-12-25,sh.601777,5.3000,5.3000,5.1600,5.1600,5.2900,9580005,49821701.8500
2020-12-28,sh.601777,5.2400,5.3000,5.1800,5.2000,5.1600,9677400,50642321.0000
2020-12-29,sh.601777,5.1800,5.1800,4.9400,4.9400,5.2000,17750997,88980240.1200
2020-12-30,sh.601777,4.9000,5.0600,4.7000,4.7300,4.9400,20687639,99866964.5800
2020-12-31,sh.601777,4.7500,4.7800,4.6600,4.7300,4.7300,12250756,57840767.2700
2021-01-04,sh.601777,4.7300,4.8800,4.6900,4.7300,4.7300,12438110,59324393.8900
2021-01-05,sh.601777,4.7500,4.7500,4.5000,4.5200,4.7300,15473286,71019517.9000
2021-01-06,sh.601777,4.5200,4.5300,4.2900,4.2900,4.5200,18999799,82161278.8700
2021-01-07,sh.601777,4.4000,4.5000,4.3700,4.5000,4.2900,5845615,26132088.5000
2021-01-08,sh.601777,4.7300,4.7300,4.7300,4.7300,4.5000,1351080,6390608.4000
2021-01-11,sh.601777,4.9700,4.9700,4.8000,4.9700,4.7300,21419919,105757047.3800
2021-01-12,sh.601777,5.1100,5.2200,4.9300,4.9600,4.9700,39511394,202018322.6100
2021-01-13,sh.601777,4.9000,4.9000,4.7400,4.7600,4.9600,15646030,74976047.8400
2021-01-14,sh.601777,4.7700,5.0000,4.7600,5.0000,4.7600,12780403,62457500.3900
2021-01-15,sh.601777,5.0700,5.1500,4.9600,5.1000,5.0000,14816149,75417832.3300
2021-01-18,sh.601777,5.0200,5.2000,5.0000,5.0900,5.1000,10604290,54198169.2900
2021-01-19,sh.601777,5.0500,5.1700,5.0200,5.0400,5.0900,8861061,44896841.8300
2021-01-20,sh.601777,5.1000,5.1400,5.0400,5.1200,5.0400,9100660,46349820.1100
2021-01-21,sh.601777,5.1200,5.1800,5.1000,5.1200,5.1200,10148723,51987191.3000
2021-01-22,sh.601777,5.1500,5.3800,5.1300,5.3800,5.1200,23339679,124292713.4600
2021-01-25,sh.601777,5.4000,5.5000,5.2200,5.3900,5.3800,22745477,122227149.4700
2021-01-26,sh.601777,5.4100,5.6600,5.3100,5.6600,5.3900,34170619,191529523.2500
2021-01-27,sh.601777,5.6600,5.8800,5.5500,5.8100,5.6600,32952575,190044997.7200
2021-01-28,sh.601777,5.7200,5.9400,5.6600,5.6900,5.8100,24112308,139929211.7800
2021-01-29,sh.601777,5.7300,5.8100,5.4100,5.4100,5.6900,26017625,143443660.4000
2021-02-01,sh.601777,5.5500,5.5700,5.2600,5.4200,5.4100,16621651,90162641.4200
2021-02-02,sh.601777,5.3700,5.4600,5.3100,5.3800,5.4200,10247783,54925069.8200
2021-02-03,sh.601777,5.3400,5.4300,5.1400,5.2100,5.3800,13429182,70633882.0200
2021-02-04,sh.601777,5.2800,5.2800,5.0500,5.2600,5.2100,13386108,69186128.0400
2021-02-05,sh.601777,5.2700,5.5200,5.2400,5.4100,5.2600,17485212,94713263.7900
2021-02-08,sh.601777,5.3500,5.4200,5.2800,5.3000,5.4100,8349209,44507131.6600
2021-02-09,sh.601777,5.4000,5.4900,5.3500,5.3800,5.3000,10686516,57745483.9200
2021-02-10,sh.601777,5.4400,5.4400,5.3600,5.4100,5.3800,8141832,43903299.8000
2021-02-18,sh.601777,5.3900,5.4500,5.3600,5.4200,5.4100,11320106,61139757.1700
2021-02-19,sh.601777,5.4200,5.4200,5.3600,5.3900,5.4200,7916346,42619433.1900
2021-02-22,sh.601777,5.4300,5.6600,5.3800,5.6100,5.3900,18199011,101644622.1000
2021-02-23,sh.601777,5.6200,5.7300,5.5400,5.6200,5.6100,14451560,81783527.2000
2021-02-24,sh.601777,5.6300,5.7000,5.4900,5.5500,5.6200,12610086,70478030.9000
2021-02-25,sh.601777,5.5900,5.6500,5.3500,5.3600,5.5500,14470938,79301537.2400
2021-02-26,sh.601777,5.5500,5.6300,5.4200,5.6300,5.3600,18260931,101783940.3600
2021-03-01,sh.601777,5.6000,5.7200,5.5600,5.6200,5.6300,14435597,81268206.5300
2021-03-02,sh.601777,5.6300,5.9000,5.5900,5.9000,5.6200,25533369,148462007.2900
2021-03-03,sh.601777,5.9000,5.9000,5.9000,5.9000,5.9000,0,0.0000
2021-03-04,sh.601777,5.9000,5.9500,5.6100,5.7400,5.9000,31512340,182562499.6400
2021-03-05,sh.601777,5.6600,5.8400,5.6300,5.8000,5.7400,13158124,75663717.6600
2021-03-08,sh.601777,5.8200,5.8400,5.5700,5.6100,5.8000,16055225,91261039.4600
2021-03-09,sh.601777,5.5700,5.6200,5.3400,5.4000,5.6100,14171991,76921331.9000
2021-03-10,sh.601777,5.4300,5.4700,5.3500,5.3800,5.4000,7079250,38161731.2500
2021-03-11,sh.601777,5.3900,5.4200,5.3400,5.4000,5.3800,5471448,29490707.8600
2021-03-12,sh.601777,5.4000,5.6500,5.3600,5.5600,5.4000,8172349,45252259.3400
2021-03-15,sh.601777,5.5600,5.5700,5.4100,5.4500,5.5600,6678300,36507131.0000
2021-03-16,sh.601777,5.4400,5.4400,5.3100,5.3700,5.4500,5900300,31700209.0000
2021-03-17,sh.601777,5.3700,5.4200,5.3100,5.3700,5.3700,5796688,31131583.8000
2021-03-18,sh.601777,5.4000,5.4500,5.3500,5.3700,5.3700,5868500,31673896.0000
2021-03-19,sh.601777,5.3500,5.4500,5.3000,5.3300,5.3700,7522501,40295614.3000
2021-03-22,sh.601777,5.3500,5.4100,5.3200,5.3800,5.3300,4931910,26481873.7000
2021-03-23,sh.601777,5.3800,5.3900,5.3100,5.3200,5.3800,7883400,42091522.9900
2021-03-24,sh.601777,5.3200,5.3300,5.1400,5.1400,5.3200,11001306,57270852.5200
2021-03-25,sh.601777,5.1400,5.3500,5.0400,5.1800,5.1400,10773549,56225932.8600
2021-03-26,sh.601777,5.1600,5.2300,5.1500,5.1900,5.1800,5737801,29852698.1900
2021-03-29,sh.601777,5.1900,5.2300,5.1100,5.1100,5.1900,6647022,34272570.1800
2021-03-30,sh.601777,5.1000,5.1700,5.0900,5.1200,5.1100,6359890,32528897.1700
2021-03-31,sh.601777,5.1100,5.3400,5.0600,5.2900,5.1200,8263900,43167743.5200
2021-04-01,sh.601777,5.2900,5.4300,5.2400,5.3600,5.2900,7712317,41382185.9300
2021-04-02,sh.601777,5.4000,5.4200,5.3500,5.3900,5.3600,5751626,30936233.7000
2021-04-06,sh.601777,5.4000,5.5300,5.4000,5.5200,5.3900,8334718,45733328.2800
2021-04-07,sh.601777,5.5300,5.5700,5.4100,5.4300,5.5200,8242547,45240549.6800
2021-04-08,sh.601777,5.4900,5.5400,5.3900,5.5300,5.4300,8677824,47371869.0100
2021-04-09,sh.601777,5.5300,5.6800,5.5000,5.6000,5.5300,12374506,69280395.7900
2021-04-12,sh.601777,5.6800,5.8000,5.4200,5.4500,5.6000,18596080,104529644.7400
2021-04-13,sh.601777,5.4200,5.4300,5.3200,5.3700,5.4500,8477021,45475867.4800
2021-04-14,sh.601777,5.3900,5.4200,5.3200,5.3700,5.3700,6643458,35579598.6500
2021-04-15,sh.601777,5.3600,5.5900,5.3300,5.5500,5.3700,9627860,52386461.3100
2021-04-16,sh.601777,5.5400,5.6100,5.4700,5.5500,5.5500,6983581,38733255.5500
2021-04-19,sh.601777,5.5700,5.7200,5.5100,5.6600,5.5500,15174265,85313128.3500
2021-04-20,sh.601777,5.6900,5.8800,5.6600,5.8500,5.6600,20408285,118029720.9900
2021-04-21,sh.601777,5.8000,5.8600,5.6700,5.8100,5.8500,15075823,87144820.4000
2021-04-22,sh.601777,5.8000,6.0000,5.8000,5.9600,5.8100,23529926,139569818.2500
2021-04-23,sh.601777,5.9600,5.9600,5.9600,5.9600,5.9600,0,0.0000
2021-04-26,sh.601777,5.9900,6.3000,5.6000,5.6600,5.9600,63650873,378869306.5100
2021-04-27,sh.601777,5.6800,6.1000,5.6800,5.8900,5.6600,34412733,202427908.8400
2021-04-28,sh.601777,5.7300,5.9800,5.6900,5.7700,5.8900,24937599,144947086.9400
2021-04-29,sh.601777,5.8500,5.8800,5.5500,5.5600,5.7700,28189341,159103877.2700
2021-04-30,sh.601777,5.5000,5.6400,5.4600,5.5800,5.5600,13631218,75428169.0300
2021-05-06,sh.601777,5.5000,5.5600,5.3900,5.4400,5.5800,14858780,81194787.3400
2021-05-07,sh.601777,5.4400,5.6800,5.4000,5.6600,5.4400,16892327,94355881.5100
2021-05-10,sh.601777,5.6400,5.7300,5.5400,5.5900,5.6600,14562004,82163123.1100
2021-05-11,sh.601777,5.5600,5.6100,5.4700,5.4900,5.5900,13258388,73184650.1200
2021-05-12,sh.601777,5.4800,5.9000,5.4500,5.7200,5.4900,23313291,133189586.9700
2021-05-13,sh.601777,5.6500,5.8200,5.6400,5.6700,5.7200,15940729,91112562.6600
2021-05-14,sh.601777,5.7100,5.7800,5.6500,5.6900,5.6700,14128325,80532250.6800
2021-05-17,sh.601777,5.8000,5.9700,5.7100,5.9000,5.6900,27700420,162370439.9800
2021-05-18,sh.601777,5.8500,5.9800,5.7500,5.8000,5.9000,28640622,167095012.8800
2021-05-19,sh.601777,5.8300,5.9400,5.7800,5.8700,5.8000,31262110,183696088.9500
2021-05-20,sh.601777,5.8200,5.8300,5.6300,5.6500,5.8700,25883151,147832627.0500
2021-05-21,sh.601777,5.7000,5.7100,5.5400,5.6400,5.6500,16899600,94646598.9400
2021-05-24,sh.601777,5.6700,5.6900,5.5600,5.6300,5.6400,10037336,56479124.9300
2021-05-25,sh.601777,5.6300,5.6300,5.5300,5.5600,5.6300,14137235,78617892.7400
2021-05-26,sh.601777,5.5300,5.6000,5.4900,5.5500,5.5600,14378627,79761434.4500
2021-05-27,sh.601777,5.5500,5.5900,5.4600,5.4900,5.5500,15173748,83586209.2500
2021-05-28,sh.601777,5.5100,5.5700,5.4100,5.5700,5.4900,13441270,74186769.1000
2021-05-31,sh.601777,5.5700,5.5800,5.4800,5.5000,5.5700,12384440,68112131.8300
2021-06-01,sh.601777,5.4600,5.5200,5.4400,5.4500,5.5000,11844576,64745590.2100
2021-06-02,sh.601777,5.4700,5.5500,5.4200,5.4900,5.4500,11627802,63742512.8800
2021-06-03,sh.601777,5.4900,5.5000,5.4000,5.4100,5.4900,11746460,63681523.4700
2021-06-04,sh.601777,5.3900,5.4200,5.3100,5.3400,5.4100,10199313,54531631.4700
2021-06-07,sh.601777,5.3100,5.3400,5.2000,5.2100,5.3400,12947868,67781812.6500
2021-06-08,sh.601777,5.2500,5.4400,5.2200,5.4000,5.2100,13619058,73158372.8800
2021-06-09,sh.601777,5.3700,5.4000,5.2700,5.3000,5.4000,9579903,50794895.1000
2021-06-10,sh.601777,5.3000,5.4400,5.2500,5.3600,5.3000,12249404,65802927.7300
2021-06-11,sh.601777,5.3700,5.3800,5.2600,5.2800,5.3600,8496362,44969341.0600
2021-06-15,sh.601777,5.3000,5.4100,5.2800,5.2900,5.2800,7393936,39380101.2100
2021-06-16,sh.601777,5.2900,5.3300,5.1200,5.1300,5.2900,11061717,57205871.7100
2021-06-17,sh.601777,5.1400,5.1900,5.1000,5.1300,5.1300,6830495,35002208.4400
2021-06-18,sh.601777,5.1200,5.2800,5.0400,5.2400,5.1300,12885963,66426087.4000
2021-06-21,sh.601777,5.2500,5.2600,5.1700,5.2200,5.2400,8753253,45460475.5400
2021-06-22,sh.601777,5.2800,5.2800,5.2000,5.2500,5.2200,8547801,44853418.2500
2021-06-23,sh.601777,5.2800,5.4500,5.2600,5.4000,5.2500,17462051,93996282.9300
2021-06-24,sh.601777,5.3400,5.4300,5.3000,5.3200,5.4000,11231721,59980963.0200
2021-06-25,sh.601777,5.4200,5.5700,5.3200,5.3400,5.3200,16283731,88274284.7500
2021-06-28,sh.601777,5.3100,5.4600,5.2000,5.4300,5.3400,17130200,91289715.9000
2021-06-29,sh.601777,5.4300,5.4300,5.2700,5.2900,5.4300,10876200,57883575.6000
2021-06-30,sh.601777,5.2600,5.3100,5.2300,5.2400,5.2900,6878193,36178534.1000
2021-07-01,sh.601777,5.2100,5.2800,5.1700,5.1800,5.2400,8047748,42030068.2100
2021-07-02,sh.601777,5.1400,5.2000,5.0400,5.1100,5.1800,9292114,47521180.9200
2021-07-05,sh.601777,5.1600,5.1600,5.0400,5.0600,5.1100,11358728,57658291.1100
2021-07-06,sh.601777,5.0600,5.0900,4.9700,5.0300,5.0600,10073495,50593057.3200
2021-07-07,sh.601777,5.0000,5.1000,4.9600,5.0600,5.0300,8806304,44219715.0700
2021-07-08,sh.601777,5.0700,5.0900,4.9600,4.9700,5.0600,11318993,56631013.2800
2021-07-09,sh.601777,4.9700,5.0100,4.8800,4.9300,4.9700,10403322,51193871.8000
2021-07-12,sh.601777,4.9500,5.1500,4.9000,5.1100,4.9300,14807773,75162777.0900
2021-07-13,sh.601777,5.0500,5.0900,5.0000,5.0600,5.1100,9245471,46689064.9700
2021-07-14,sh.601777,5.0500,5.0700,4.9600,4.9700,5.0600,8699990,43508470.4000
2021-07-15,sh.601777,4.9700,4.9900,4.8900,4.9900,4.9700,9522350,46835171.1100
2021-07-16,sh.601777,4.9900,5.0000,4.9000,4.9200,4.9900,6501500,32038368.0000
2021-07-19,sh.601777,4.9000,4.9100,4.7800,4.7900,4.9200,9693115,46746751.7700
2021-07-20,sh.601777,4.7900,4.8200,4.7000,4.7700,4.7900,7925637,37693387.4600
2021-07-21,sh.601777,4.7600,4.9300,4.7500,4.8100,4.7700,12450513,60372117.6900
2021-07-22,sh.601777,4.7700,5.1200,4.7700,5.0500,4.8100,21419170,107217766.2400
2021-07-23,sh.601777,5.0700,5.2000,4.9700,5.0900,5.0500,18230886,92590814.6800
2021-07-26,sh.601777,5.0900,5.1100,4.8900,4.9800,5.0900,12247404,61065393.4400
2021-07-27,sh.601777,4.9700,5.0500,4.8700,4.8800,4.9800,10860886,53819620.6200
2021-07-28,sh.601777,4.8800,4.9100,4.5100,4.7100,4.8800,12114636,57093659.3400
2021-07-29,sh.601777,4.7900,4.8000,4.6600,4.7500,4.7100,8806610,41602559.2000
2021-07-30,sh.601777,4.7500,4.7500,4.6100,4.6700,4.7500,8598190,40140149.5000
2021-08-02,sh.601777,4.7100,4.9000,4.6800,4.8700,4.6700,15486586,74737391.8100
2021-08-03,sh.601777,4.8300,5.3000,4.8200,5.0800,4.8700,28030756,143381579.9800
2021-08-04,sh.601777,5.0200,5.3600,4.9700,5.2300,5.0800,26751654,140061256.2500
2021-08-05,sh.601777,5.2000,5.3700,5.1900,5.2900,5.2300,24212940,127970276.1700
2021-08-06,sh.601777,5.3200,5.6500,5.3000,5.5900,5.2900,42904342,234886099.2400
2021-08-09,sh.601777,5.6000,5.8000,5.5000,5.5500,5.5900,33439598,187591628.4300
2021-08-10,sh.601777,5.5800,5.7000,5.5000,5.6500,5.5500,30041826,169527668.8100
2021-08-11,sh.601777,5.6400,5.7400,5.5700,5.7400,5.6500,29495121,167114795.8700
2021-08-12,sh.601777,5.8000,5.9500,5.6700,5.8900,5.7400,35922599,209083560.3700
2021-08-13,sh.601777,5.8500,6.4800,5.8200,6.3000,5.8900,86672750,542639860.4800
2021-08-16,sh.601777,6.2500,6.4400,5.7900,5.8900,6.3000,88708216,540014912.3100
2021-08-17,sh.601777,6.0000,6.1400,5.6000,5.6400,5.8900,53217629,308601263.0000
2021-08-18,sh.601777,5.5900,5.6400,5.4400,5.5700,5.6400,35860640,198287784.0800
2021-08-19,sh.601777,5.5300,5.8300,5.4300,5.6900,5.5700,39057161,218863585.0600
2021-08-20,sh.601777,5.6800,6.1800,5.6400,6.1000,5.6900,56974120,339906470.1000
2021-08-23,sh.601777,6.0800,6.3400,5.9900,6.1200,6.1000,43691839,268075247.6200
2021-08-24,sh.601777,6.1300,6.1800,6.0300,6.0500,6.1200,24213574,147433208.4800
2021-08-25,sh.601777,6.0800,6.2400,6.0000,6.1900,6.0500,33625613,206416754.7100
2021-08-26,sh.601777,6.1600,6.3900,6.0700,6.0900,6.1900,30656384,190180938.6000
2021-08-27,sh.601777,6.1000,6.3700,6.0600,6.2300,6.0900,39175759,244045963.3800
2021-08-30,sh.601777,6.2500,6.8500,6.2500,6.8500,6.2300,70474733,474797172.6000
2021-08-31,sh.601777,6.9700,7.1800,6.7800,6.9900,6.8500,80435828,562286041.3100
2021-09-01,sh.601777,6.9800,7.4200,6.9000,7.1900,6.9900,63503083,456470593.4800
2021-09-02,sh.601777,7.1500,7.2600,6.8800,7.0900,7.1900,46417083,326322030.8700
2021-09-03,sh.601777,7.1100,7.2500,6.8100,7.0000,7.0900,39499191,276643830.3200
2021-09-06,sh.601777,7.0900,7.2300,6.9000,7.1900,7.0000,38777073,274302627.2600
2021-09-07,sh.601777,7.1700,7.4800,7.1400,7.3300,7.1900,41905794,306054215.6500
2021-09-08,sh.601777,7.3300,7.4300,7.2200,7.3000,7.3300,22967231,168035321.8700
2021-09-09,sh.601777,7.3100,7.3200,7.0700,7.2600,7.3000,31482897,225512380.2800
2021-09-10,sh.601777,7.3100,7.4000,7.1200,7.2200,7.2600,24812922,179686694.5500
2021-09-13,sh.601777,7.1600,7.3200,6.9200,7.2500,7.2200,30332919,217186407.8600
2021-09-14,sh.601777,7.2000,7.2400,6.9400,6.9900,7.2500,31225460,220991314.4000
2021-09-15,sh.601777,6.9900,7.2100,6.8900,7.1500,6.9900,25250014,179318909.9400
2021-09-16,sh.601777,7.1800,7.4400,7.0300,7.0300,7.1500,33057354,237955672.1100
2021-09-17,sh.601777,7.0300,7.1300,6.6000,6.9200,7.0300,37439820,256218748.8500
2021-09-22,sh.601777,6.8300,7.1500,6.7800,7.1000,6.9200,26196045,182945501.9200
2021-09-23,sh.601777,7.1300,7.4300,7.0300,7.4000,7.1000,35983120,261726994.4000
2021-09-24,sh.601777,7.5100,8.0400,7.5000,7.6800,7.4000,49097736,381582230.6200
2021-09-27,sh.601777,7.7400,8.0300,7.6100,7.6600,7.6800,40197601,313119711.8400
2021-09-28,sh.601777,7.6100,7.7500,7.2700,7.5700,7.6600,33835894,253351499.3500
2021-09-29,sh.601777,7.5200,7.5900,7.0900,7.1000,7.5700,34451503,251095459.2700
2021-09-30,sh.601777,7.0900,7.3400,7.0500,7.2200,7.1000,24043534,174310260.7900
2021-10-08,sh.601777,7.3900,7.4900,7.0000,7.0500,7.2200,25931371,185724131.7100
2021-10-11,sh.601777,7.0300,7.1500,6.6600,6.7500,7.0500,31839617,217548550.9200
2021-10-12,sh.601777,6.7800,6.7800,6.2800,6.3900,6.7500,35648297,230756389.5100
2021-10-13,sh.601777,6.3800,6.6800,6.3000,6.6200,6.3900,22916060,149892582.8600
2021-10-14,sh.601777,6.6300,6.6500,6.4000,6.4300,6.6200,16076258,104162478.9800
2021-10-15,sh.601777,6.4300,6.5800,6.3300,6.4100,6.4300,13230406,85163106.5200
2021-10-18,sh.601777,6.4100,6.5100,6.3300,6.4200,6.4100,20370004,130438050.9300
2021-10-19,sh.601777,6.4100,6.5200,6.3000,6.3600,6.4200,17318563,110443118.1400
2021-10-20,sh.601777,6.3600,6.4400,6.2700,6.3300,6.3600,18415042,116687160.1700
2021-10-21,sh.601777,6.3200,6.3600,6.1400,6.2100,6.3300,24911712,155270117.4800
2021-10-22,sh.601777,6.2100,6.2500,6.0000,6.0900,6.2100,25720696,156660866.8200
2021-10-25,sh.601777,6.0700,6.3600,5.9200,6.2300,6.0900,24246660,150197032.2000
2021-10-26,sh.601777,6.2900,6.4500,6.2400,6.2800,6.2300,24129073,152847164.1600
2021-10-27,sh.601777,6.2300,6.3900,6.1000,6.1900,6.2800,16881348,105001575.6800
2021-10-28,sh.601777,6.1300,6.1900,5.9500,6.0500,6.1900,14774953,89639079.5300
2021-10-29,sh.601777,6.1600,6.2800,6.0300,6.2600,6.0500,19527157,120194335.4200
2021-11-01,sh.601777,6.2900,6.4900,6.1900,6.4100,6.2600,25512245,162300749.3300
2021-11-02,sh.601777,6.4400,6.6600,6.2500,6.4000,6.4100,26063219,168159846.8500
2021-11-03,sh.601777,6.4900,6.4900,6.2700,6.3500,6.4000,15410715,97821901.9600
2021-11-04,sh.601777,6.2600,6.9900,6.2600,6.7600,6.3500,44440469,297704261.9200
2021-11-05,sh.601777,6.6800,6.9600,6.6000,6.7700,6.7600,26438331,179499171.0000
2021-11-08,sh.601777,6.7600,6.8600,6.5900,6.6400,6.7700,19197199,127579840.8400
2021-11-09,sh.601777,6.6500,6.7500,6.4600,6.6500,6.6400,19789295,130526183.3000
2021-11-10,sh.601777,6.6700,6.8900,6.6000,6.8100,6.6500,27809612,188280694.5600
2021-11-11,sh.601777,6.8100,6.9600,6.7400,6.8100,6.8100,21472700,146209069.7700
2021-11-12,sh.601777,6.8700,6.8900,6.7000,6.8700,6.8100,17334292,118286438.5300
2021-11-15,sh.601777,6.8900,6.9700,6.6800,6.7500,6.8700,19765088,134330271.0900
2021-11-16,sh.601777,6.7600,6.8000,6.4800,6.5000,6.7500,20971680,138382372.6800
2021-11-17,sh.601777,6.4900,6.9500,6.4800,6.9500,6.5000,39349362,268736179.6900
2021-11-18,sh.601777,6.9600,7.3000,6.9000,7.2000,6.9500,40831854,291329861.9100
2021-11-19,sh.601777,7.2000,7.2400,7.0800,7.1700,7.2000,20581633,147056636.7800
2021-11-22,sh.601777,7.1700,7.6300,7.1500,7.5200,7.1700,34842931,258457442.6900
2021-11-23,sh.601777,7.5200,7.6000,7.3900,7.5300,7.5200,21585689,161502392.2000
2021-11-24,sh.601777,7.6700,7.8200,7.3000,7.3300,7.5300,35766356,268771645.2100
2021-11-25,sh.601777,7.3300,7.5000,7.1800,7.2800,7.3300,26823564,195616754.9400
2021-11-26,sh.601777,7.3900,7.4500,7.2400,7.3500,7.2800,21217064,155711436.1100
2021-11-29,sh.601777,7.3500,7.3500,7.0600,7.1100,7.3500,23980404,171558032.2200
2021-11-30,sh.601777,7.1500,7.2200,7.0300,7.1300,7.1100,19450747,138529573.1700
2021-12-01,sh.601777,7.0500,7.1800,7.0300,7.1100,7.1300,15832495,112314534.6400
2021-12-02,sh.601777,7.1000,7.3700,7.0600,7.2900,7.1100,28005671,203320784.0800
2021-12-03,sh.601777,7.2500,7.3200,7.1000,7.1800,7.2900,17377584,124738138.3000
2021-12-06,sh.601777,7.1800,7.2100,6.8600,6.8600,7.1800,28383056,199121357.1400
2021-12-07,sh.601777,6.8700,7.2600,6.8200,6.8300,6.8600,27250653,189932968.6100
2021-12-08,sh.601777,6.8800,6.9300,6.7500,6.8400,6.8300,17024881,116176560.8800
2021-12-09,sh.601777,6.9300,7.2900,6.7400,7.2900,6.8400,51454267,362692623.1900
2021-12-10,sh.601777,7.2300,7.4300,6.9100,7.0100,7.2900,35724743,251416776.4700
2021-12-13,sh.601777,7.1000,7.1000,6.9100,6.9900,7.0100,25577094,178902572.3700
2021-12-14,sh.601777,7.0000,7.3300,6.8900,6.9300,6.9900,47730558,337622008.8800
2021-12-15,sh.601777,6.9300,6.9300,6.5400,6.5900,6.9300,48648761,323165294.4200
2021-12-16,sh.601777,6.5400,6.6400,6.4900,6.5900,6.5900,22351832,146741017.9900
2021-12-17,sh.601777,6.5800,6.5900,6.3800,6.4000,6.5900,24070843,155304701.8700
2021-12-20,sh.601777,6.4100,6.4600,6.2600,6.3600,6.4000,16954524,107781843.6300
2021-12-21,sh.601777,6.3200,6.4500,6.3200,6.4200,6.3600,13151708,84080008.5200
2021-12-22,sh.601777,6.4500,6.4900,6.4000,6.4300,6.4200,10016172,64375383.6400
2021-12-23,sh.601777,6.4000,6.4300,6.3300,6.3600,6.4300,10169091,64783710.0900
2021-12-24,sh.601777,6.3600,6.3900,6.1200,6.2300,6.3600,16821414,104949897.7300
2021-12-27,sh.601777,6.2400,6.2500,6.1200,6.1200,6.2300,11972673,73720109.3500
2021-12-28,sh.601777,6.1600,6.3800,6.1100,6.3300,6.1200,13975980,87496806.2800
2021-12-29,sh.601777,6.3300,6.3400,6.2100,6.2600,6.3300,10039458,62835939.1900
2021-12-30,sh.601777,6.2900,6.3600,6.2400,6.2600,6.2600,11733121,73943672.8000
2021-12-31,sh.601777,6.2700,6.3200,6.1800,6.1900,6.2600,11063043,68935745.7400
2022-01-04,sh.601777,6.1900,6.2900,6.1800,6.2900,6.1900,13406402,83859515.5200
2022-01-05,sh.601777,6.3000,6.4300,6.2800,6.3800,6.2900,19898767,126545943.2600
2022-01-06,sh.601777,6.3100,6.3500,6.2200,6.2400,6.3800,17033495,106589388.8500
2022-01-07,sh.601777,6.2700,6.2800,6.1000,6.1200,6.2400,15443892,95452535.9100
2022-01-10,sh.601777,6.1200,6.1200,5.9400,5.9700,6.1200,18370251,110009850.9000
2022-01-11,sh.601777,6.0100,6.0700,5.9500,5.9700,5.9700,9933884,59677239.0400
2022-01-12,sh.601777,5.9900,6.0500,5.9700,6.0400,5.9700,9032931,54325576.5600
2022-01-13,sh.601777,6.0400,6.1400,6.0200,6.0400,6.0400,11723653,71269120.4000
2022-01-14,sh.601777,6.0000,6.0100,5.9200,5.9400,6.0400,11254113,67003281.6400
2022-01-17,sh.601777,6.0000,6.0000,5.9000,5.9600,5.9400,8817174,52487576.0300
2022-01-18,sh.601777,5.9300,5.9800,5.8100,5.8200,5.9600,13941641,81892107.3600
2022-01-19,sh.601777,5.8300,5.9300,5.7700,5.7800,5.8200,11496605,67139933.8500
2022-01-20,sh.601777,5.7800,5.8000,5.5500,5.5600,5.7800,17982957,101180411.4900
2022-01-21,sh.601777,5.5600,5.5900,5.4600,5.5400,5.5600,12331501,68057887.2100
2022-01-24,sh.601777,5.5800,5.6900,5.5000,5.6200,5.5400,13057704,72857556.9500
2022-01-25,sh.601777,5.7900,6.0400,5.5900,5.6200,5.6200,22367668,128801383.7400
2022-01-26,sh.601777,5.5800,5.6200,5.5200,5.5800,5.6200,10194109,56834956.2100
2022-01-27,sh.601777,5.5700,5.5700,5.2800,5.3000,5.5800,16145154,87145313.3600
2022-01-28,sh.601777,5.3000,5.5900,5.2400,5.5000,5.3000,17470366,94609920.2400
2022-02-07,sh.601777,5.5600,5.7600,5.5300,5.6800,5.5000,13711913,77393379.1400
2022-02-08,sh.601777,5.6400,5.7100,5.5900,5.6900,5.6800,8664800,48975138.0000
2022-02-09,sh.601777,5.6900,5.7700,5.6700,5.7300,5.6900,8510163,48709725.3600
2022-02-10,sh.601777,5.7800,5.8700,5.7200,5.7300,5.7300,10338003,59728092.9500
2022-02-11,sh.601777,5.6300,5.6900,5.5600,5.5600,5.7300,10033664,56457253.6600
2022-02-14,sh.601777,5.5800,5.6000,5.4600,5.5900,5.5600,8762877,48509357.7300
2022-02-15,sh.601777,5.6000,5.6200,5.4800,5.5700,5.5900,8355747,46305071.8500
2022-02-16,sh.601777,5.5900,5.7600,5.5800,5.7100,5.5700,10097319,57475425.1100
2022-02-17,sh.601777,5.7100,5.7100,5.5800,5.5900,5.7100,7802107,43869840.0900
2022-02-18,sh.601777,5.5800,5.6000,5.5100,5.6000,5.5900,6598684,36672679.6300
2022-02-21,sh.601777,5.6000,5.6300,5.5200,5.6300,5.6000,7629870,42535587.5000
2022-02-22,sh.601777,5.6100,5.6100,5.4500,5.4700,5.6300,10559700,58059528.0000
2022-02-23,sh.601777,5.4900,5.5500,5.4800,5.5500,5.4700,8101701,44738805.1900
2022-02-24,sh.601777,5.5700,5.7300,5.3800,5.4400,5.5500,20295654,112612727.9900
2022-02-25,sh.601777,5.4600,5.5400,5.4200,5.4300,5.4400,8699365,47544498.5000
2022-02-28,sh.601777,5.4300,5.4600,5.2900,5.3900,5.4300,8121317,43495260.0000
2022-03-01,sh.601777,5.4300,5.4700,5.3700,5.3900,5.3900,7062329,38193663.0000
2022-03-02,sh.601777,5.3600,5.3700,5.2800,5.3000,5.3900,9128206,48519763.0000
2022-03-03,sh.601777,5.3100,5.3900,5.2800,5.3000,5.3000,8588900,45765173.0000
2022-03-04,sh.601777,5.3000,5.3000,5.1200,5.1700,5.3000,12847890,66737852.0000
2022-03-07,sh.601777,5.1600,5.2300,5.0100,5.0300,5.1700,11705600,59814306.0000
2022-03-08,sh.601777,5.0700,5.0900,4.8100,4.8700,5.0300,17698496,87452373.0000
2022-03-09,sh.601777,4.8700,4.8800,4.5700,4.7700,4.8700,16709619,79284797.0000
2022-03-10,sh.601777,4.8200,4.9200,4.8100,4.8300,4.7700,12171626,59020528.0000
2022-03-11,sh.601777,4.7900,4.9200,4.6800,4.8900,4.8300,11647500,56007996.0000
2022-03-14,sh.601777,4.8900,4.9000,4.7800,4.7800,4.8900,8520111,41136289.0000
2022-03-15,sh.601777,4.7500,4.7500,4.4500,4.4700,4.7800,15735100,72493111.0000
2022-03-16,sh.601777,4.5100,4.5900,4.3200,4.5400,4.4700,16877557,75422978.0000
2022-03-17,sh.601777,4.5900,4.6700,4.5600,4.5700,4.5400,11891837,54885084.0000
2022-03-18,sh.601777,4.5700,4.7300,4.5300,4.7000,4.5700,14223150,65927793.5000
2022-03-21,sh.601777,4.7200,4.7400,4.6000,4.6600,4.7000,9277550,43267160.0000
2022-03-22,sh.601777,4.6800,4.6800,4.6000,4.6200,4.6600,7465600,34604106.2700
2022-03-23,sh.601777,4.6100,4.6800,4.5800,4.6200,4.6200,7433263,34395129.8400
2022-03-24,sh.601777,4.6000,4.6100,4.5000,4.5300,4.6200,6178280,28031093.8000
2022-03-25,sh.601777,4.5900,4.5900,4.4600,4.4700,4.5300,7598048,34339584.1300
2022-03-28,sh.601777,4.4500,4.5500,4.3500,4.4300,4.4700,9345251,41362413.4500
2022-03-29,sh.601777,4.4600,4.4800,4.3500,4.3700,4.4300,8923146,39300120.2100
2022-03-30,sh.601777,4.3800,4.4700,4.3700,4.4400,4.3700,9618600,42552235.0000
2022-03-31,sh.601777,4.4400,4.5000,4.4100,4.4100,4.4400,9852176,43848946.9100
2022-04-01,sh.601777,4.3900,4.4800,4.3700,4.4500,4.4100,9383908,41617431.8600
2022-04-06,sh.601777,4.4500,4.5100,4.4300,4.4900,4.4500,10357922,46242962.4400
2022-04-07,sh.601777,4.5600,4.6000,4.3200,4.3400,4.4900,16918428,74538205.4200
2022-04-08,sh.601777,4.3400,4.3700,4.1800,4.2800,4.3400,10975095,46672699.8500
2022-04-11,sh.601777,4.2600,4.2800,4.0700,4.0900,4.2800,10689340,44486283.6600
2022-04-12,sh.601777,4.0500,4.1900,4.0400,4.1800,4.0900,13006464,53503909.3600
2022-04-13,sh.601777,4.2000,4.2300,4.1400,4.1500,4.1800,7637438,31945392.4600
2022-04-14,sh.601777,4.2300,4.3200,4.1800,4.2200,4.1500,9901490,42127837.7600
2022-04-15,sh.601777,4.2000,4.2600,4.1000,4.1800,4.2200,10099741,42149161.8600
2022-04-18,sh.601777,4.1800,4.2200,4.1100,4.2000,4.1800,8123806,33887969.7200
2022-04-19,sh.601777,4.2100,4.2800,4.2000,4.2300,4.2000,6727075,28501759.7500
2022-04-20,sh.601777,4.2400,4.3200,4.1800,4.2100,4.2300,9127137,38738299.0300
2022-04-21,sh.601777,4.1600,4.1900,3.9800,4.0000,4.2100,11514819,47017806.6600
2022-04-22,sh.601777,4.0000,4.0500,3.9000,3.9800,4.0000,9691610,38452889.9100
2022-04-25,sh.601777,3.8900,3.9200,3.6200,3.6200,3.9800,15889223,59592234.4000
2022-04-26,sh.601777,3.6000,3.6600,3.4500,3.4500,3.6200,12256916,43648855.9800
2022-04-27,sh.601777,3.3500,3.6400,3.2900,3.6300,3.4500,17741001,61806403.9200
2022-04-28,sh.601777,3.5800,3.6500,3.5000,3.5700,3.6300,9791901,34921123.9400
2022-04-29,sh.601777,3.6900,3.9300,3.6900,3.9300,3.5700,23512062,90333395.7400
2022-05-05,sh.601777,3.9900,4.2100,3.8900,4.0700,3.9300,27979688,114391468.4200
2022-05-06,sh.601777,4.0000,4.0000,3.8100,3.8600,4.0700,20173700,78327388.0000
2022-05-09,sh.601777,3.8600,3.9200,3.7500,3.8000,3.8600,12607300,48141993.0000
2022-05-10,sh.601777,3.8000,3.8500,3.6700,3.8500,3.8000,11483329,43408011.7800
2022-05-11,sh.601777,3.8600,4.0700,3.8400,3.8900,3.8500,16000101,62986646.3900
2022-05-12,sh.601777,3.8600,4.0000,3.8300,3.9800,3.8900,12442931,49237485.4600
2022-05-13,sh.601777,4.0100,4.2100,3.9800,4.2000,3.9800,25256999,104661142.4900
2022-05-16,sh.601777,4.2800,4.2900,4.0700,4.1000,4.2000,18022123,74302577.3000
2022-05-17,sh.601777,4.0600,4.3800,4.0500,4.2600,4.1000,26723377,112951436.6900
2022-05-18,sh.601777,4.2400,4.6900,4.1800,4.6900,4.2600,49003273,220285115.5600
2022-05-19,sh.601777,4.5500,4.6400,4.4600,4.5700,4.6900,53796768,243601135.9300
2022-05-20,sh.601777,4.5100,4.5800,4.4500,4.5000,4.5700,31534225,141967442.2200
2022-05-23,sh.601777,4.5000,4.5800,4.4300,4.5500,4.5000,27193929,122697049.1600
2022-05-24,sh.601777,4.5700,4.8600,4.5000,4.5200,4.5500,46395460,215402053.5200
2022-05-25,sh.601777,4.4500,4.6800,4.4200,4.6300,4.5200,31000131,141387029.6900
2022-05-26,sh.601777,4.6000,4.6100,4.4700,4.5100,4.6300,22540064,101998622.7700
2022-05-27,sh.601777,4.5300,4.6300,4.5300,4.6300,4.5100,26707412,122658058.8900
2022-05-30,sh.601777,4.6300,4.7100,4.5500,4.6700,4.6300,23565700,109174342.0000
2022-05-31,sh.601777,4.6400,4.6600,4.5200,4.5500,4.6700,19917987,91228215.2300
2022-06-01,sh.601777,4.5800,4.7400,4.5800,4.6400,4.5500,29072430,135266599.3800
2022-06-02,sh.601777,4.6300,4.9500,4.5800,4.8200,4.6400,39465217,190620949.2800
2022-06-06,sh.601777,4.8200,4.8800,4.7600,4.7900,4.8200,27043574,130054734.1600
2022-06-07,sh.601777,4.7600,4.7700,4.6100,4.6300,4.7900,19420377,90540298.6500
2022-06-08,sh.601777,5.0700,5.0900,4.8900,5.0900,4.6300,40818513,206034385.8600
2022-06-09,sh.601777,5.3800,5.5700,5.0700,5.1000,5.0900,94211114,497442776.2900
2022-06-10,sh.601777,5.0000,5.3500,4.9600,5.1900,5.1000,56355305,292419556.7200
2022-06-13,sh.601777,5.1000,5.5000,5.0700,5.3700,5.1900,60467281,317009179.1800
2022-06-14,sh.601777,5.2800,5.4900,5.1800,5.4600,5.3700,64942361,347322051.1100
2022-06-15,sh.601777,5.4500,5.4700,5.2500,5.2600,5.4600,44273788,236970271.1500
2022-06-16,sh.601777,5.1500,5.3300,5.1100,5.1900,5.2600,30241454,157090188.1500
2022-06-17,sh.601777,5.1500,5.3400,5.1100,5.2400,5.1900,24362464,127080576.6900
2022-06-20,sh.601777,5.3200,5.6600,5.2300,5.4000,5.2400,46848342,254434295.6800
2022-06-21,sh.601777,5.3500,5.4100,5.1600,5.2000,5.4000,31676819,166311505.9500
2022-06-22,sh.601777,5.2000,5.2900,5.0900,5.1000,5.2000,23857779,123867194.1300
2022-06-23,sh.601777,5.1300,5.6100,5.1000,5.4000,5.1000,49214329,263679015.7700
2022-06-24,sh.601777,5.3700,5.9400,5.2800,5.7200,5.4000,89504867,506830451.1900
2022-06-27,sh.601777,5.7500,5.9800,5.6000,5.7400,5.7200,66010062,379482743.6500
2022-06-28,sh.601777,5.7100,6.0600,5.7000,5.8900,5.7400,76310226,449867889.3800
2022-06-29,sh.601777,5.8100,5.8400,5.4600,5.5500,5.8900,60179745,338508256.9000
2022-06-30,sh.601777,5.5400,5.7500,5.5000,5.5500,5.5500,30532685,170567668.4200
2022-07-01,sh.601777,5.4700,5.5100,5.1600,5.3800,5.5500,42861261,227259535.0200
2022-07-04,sh.601777,5.3600,5.3800,5.1700,5.2500,5.3800,22890546,120092898.2400
2022-07-05,sh.601777,5.2600,5.3500,5.1800,5.2700,5.2500,19793459,103835374.1900
2022-07-06,sh.601777,5.4600,5.5700,5.3500,5.3900,5.2700,37709425,205581270.9900
2022-07-07,sh.601777,5.3400,5.5500,5.2500,5.5200,5.3900,36179704,198117426.7400
2022-07-08,sh.601777,5.5100,5.5200,5.3000,5.3400,5.5200,27110781,145981718.2600
2022-07-11,sh.601777,5.3000,5.3000,5.0800,5.1300,5.3400,23999756,123525568.8400
2022-07-12,sh.601777,5.1500,5.2000,5.0100,5.0400,5.1300,16760351,85264030.1400
2022-07-13,sh.601777,5.0300,5.1000,4.9500,5.0600,5.0400,13696973,69005979.3000
2022-07-14,sh.601777,5.0500,5.1100,5.0300,5.0600,5.0600,13798100,69925228.0000
2022-07-15,sh.601777,5.0200,5.1800,4.9900,5.0000,5.0600,17475000,88787615.5500
2022-07-18,sh.601777,5.0000,5.1700,5.0000,5.1500,5.0000,19934184,101854692.5700
2022-07-19,sh.601777,5.1700,5.2500,5.1300,5.1800,5.1500,17348559,89973259.6800
2022-07-20,sh.601777,5.1800,5.2000,5.1100,5.1600,5.1800,13914999,71729111.2700
2022-07-21,sh.601777,5.1500,5.1900,5.0800,5.1500,5.1600,13367809,68780446.5300
2022-07-22,sh.601777,5.1500,5.2300,5.1000,5.1600,5.1500,14633156,75602053.1700
2022-07-25,sh.601777,5.1600,5.1700,4.9900,5.0100,5.1600,15440945,78003828.6000
2022-07-26,sh.601777,5.0100,5.1300,4.9700,5.1000,5.0100,11949807,60637442.5600
2022-07-27,sh.601777,5.0800,5.1400,5.0700,5.1200,5.1000,10758918,55023033.8400
2022-07-28,sh.601777,5.1600,5.2200,5.1100,5.1200,5.1200,14820781,76518334.5800
2022-07-29,sh.601777,5.1200,5.2000,5.1000,5.1600,5.1200,14252057,73575829.5200
2022-08-01,sh.601777,5.1700,5.2400,5.0600,5.2200,5.1600,23444800,121033953.1600
2022-08-02,sh.601777,5.1600,5.1700,4.9000,5.0400,5.2200,29410230,148072379.4000
2022-08-03,sh.601777,5.0000,5.2000,4.9300,4.9500,5.0400,22771035,115224623.8700
2022-08-04,sh.601777,4.9400,5.0000,4.8000,4.9000,4.9500,16970663,82897875.0000
2022-08-05,sh.601777,4.9200,4.9600,4.8500,4.9600,4.9000,12513716,61431880.0000
2022-08-08,sh.601777,4.9800,5.3500,4.9700,5.2700,4.9600,35980516,186803955.0000
2022-08-09,sh.601777,5.2900,5.4900,5.2700,5.2800,5.2700,33724373,180576194.0000
2022-08-10,sh.601777,5.2600,5.2800,5.1500,5.2000,5.2800,18870639,98211639.0000
2022-08-11,sh.601777,5.1900,5.2500,5.1300,5.2100,5.2000,17723200,91803080.0000
2022-08-12,sh.601777,5.2200,5.3400,5.1400,5.1600,5.2100,16412153,85628903.0000
2022-08-15,sh.601777,5.1200,5.2000,5.1000,5.1700,5.1600,13316001,68780490.1300
2022-08-16,sh.601777,5.1500,5.2200,5.1300,5.1700,5.1700,10870696,56163302.9000
2022-08-17,sh.601777,5.1700,5.2000,5.1200,5.1600,5.1700,9790456,50415666.3400
2022-08-18,sh.601777,5.1800,5.2400,5.1600,5.1700,5.1600,13600955,70547343.2700
2022-08-19,sh.601777,5.1700,5.2100,5.1300,5.1300,5.1700,12277615,63331416.5500
2022-08-22,sh.601777,5.1300,5.1700,5.0300,5.1400,5.1300,11714300,59921558.2900
2022-08-23,sh.601777,5.1400,5.2500,5.1200,5.2500,5.1400,17547919,90859329.9300
2022-08-24,sh.601777,5.3000,5.3200,5.0200,5.0300,5.2500,22320764,114313492.5900
2022-08-25,sh.601777,5.0700,5.0700,4.9600,5.0400,5.0300,11051444,55426721.8500
2022-08-26,sh.601777,5.0000,5.1500,5.0000,5.0900,5.0400,12116702,61663151.9100
2022-08-29,sh.601777,5.0400,5.1100,5.0000,5.0300,5.0900,11480421,57781379.1100
2022-08-30,sh.601777,5.0100,5.0500,4.9200,4.9600,5.0300,13086900,65085823.0000
2022-08-31,sh.601777,4.9200,4.9400,4.7300,4.7300,4.9600,15919493,76507163.6100
2022-09-01,sh.601777,4.8000,4.8000,4.5500,4.5900,4.7300,18145568,84077429.8300
2022-09-02,sh.601777,4.6100,4.6500,4.5700,4.6400,4.5900,7360640,33956371.0800
2022-09-05,sh.601777,4.6300,4.7600,4.5900,4.7200,4.6400,10222296,47977900.8600
2022-09-06,sh.601777,4.8100,5.1400,4.8100,4.9200,4.7200,25341586,126033082.2000
2022-09-07,sh.601777,4.9100,4.9100,4.7800,4.8300,4.9200,14674620,70971147.3900
2022-09-08,sh.601777,4.8100,4.9100,4.8000,4.8200,4.8300,10667200,51727642.0000
2022-09-09,sh.601777,4.8100,4.8400,4.7800,4.8000,4.8200,8182200,39318414.6800
2022-09-13,sh.601777,4.8400,4.9800,4.8400,4.9600,4.8000,16996893,83426802.1600
2022-09-14,sh.601777,4.8800,5.2300,4.8500,5.1600,4.9600,36239033,184683353.8100
2022-09-15,sh.601777,5.1600,5.1900,4.9900,5.0300,5.1600,25689256,130537429.1400
2022-09-16,sh.601777,5.0500,5.2300,4.9400,5.1400,5.0300,31641051,162252737.2100
2022-09-19,sh.601777,5.1700,5.4700,5.0300,5.3000,5.1400,51789339,272639506.2500
2022-09-20,sh.601777,5.2700,5.4500,5.2000,5.2900,5.3000,31699661,167964418.0600
2022-09-21,sh.601777,5.1900,5.2400,5.0800,5.2300,5.2900,22031081,113933134.5600
2022-09-22,sh.601777,5.1600,5.2500,5.1100,5.1600,5.2300,16246427,83925096.2600
2022-09-23,sh.601777,5.1100,5.1900,4.9600,5.0000,5.1600,19083321,96282798.3000
2022-09-26,sh.601777,4.9900,5.0300,4.9100,4.9500,5.0000,15889400,78962942.0000
2022-09-27,sh.601777,4.9600,5.0400,4.8500,4.9600,4.9500,13525419,66631807.6800
2022-09-28,sh.601777,4.9200,4.9300,4.7300,4.7400,4.9600,12392000,59695618.0000
2022-09-29,sh.601777,4.7400,4.8000,4.6800,4.6900,4.7400,9548074,45218758.8000
2022-09-30,sh.601777,4.7000,4.7600,4.6200,4.6700,4.6900,9953483,46585876.9300
2022-10-10,sh.601777,4.6700,4.7000,4.3800,4.4000,4.6700,14709972,66266627.5200
2022-10-11,sh.601777,4.4100,4.4600,4.3500,4.4400,4.4000,6914729,30564252.4700
2022-10-12,sh.601777,4.4500,4.6800,4.3600,4.6800,4.4400,10217015,46134222.6300
2022-10-13,sh.601777,4.6300,4.6900,4.6000,4.6200,4.6800,9424984,43739399.2300
2022-10-14,sh.601777,4.6700,4.7000,4.6200,4.6500,4.6200,10007592,46714765.3400
2022-10-17,sh.601777,4.6200,4.6900,4.5700,4.6400,4.6500,10758345,49673510.4500
2022-10-18,sh.601777,4.6500,4.7900,4.6500,4.6900,4.6400,11882743,55983495.1000
2022-10-19,sh.601777,4.6400,4.7100,4.5800,4.6000,4.6900,8652280,40119505.2000
2022-10-20,sh.601777,4.5500,4.6300,4.4400,4.5300,4.6000,10195681,46129525.2500
2022-10-21,sh.601777,4.5100,4.5800,4.4500,4.4600,4.5300,9367267,42230699.0900
2022-10-24,sh.601777,4.5200,4.5900,4.3700,4.4100,4.4600,9740636,43567152.2800
2022-10-25,sh.601777,4.3900,4.5000,4.3800,4.4800,4.4100,9534510,42348834.8000
2022-10-26,sh.601777,4.5700,4.5800,4.4600,4.5100,4.4800,9370689,42490077.8400
2022-10-27,sh.601777,4.5500,4.5700,4.5000,4.5200,4.5100,8359955,37982128.5500
2022-10-28,sh.601777,4.5500,4.5500,4.2500,4.2700,4.5200,20710700,90253753.0000
2022-10-31,sh.601777,4.2000,4.3300,4.2000,4.2600,4.2700,11149340,47613361.9000
2022-11-01,sh.601777,4.2600,4.3400,4.2000,4.3100,4.2600,17595513,75184070.9900
2022-11-02,sh.601777,4.3300,4.4700,4.2800,4.4600,4.3100,15398455,67627084.8500
2022-11-03,sh.601777,4.4000,4.5500,4.3800,4.4500,4.4600,10496116,46901422.3800
2022-11-04,sh.601777,4.4400,4.6500,4.4300,4.6200,4.4500,15391509,70380193.1900
2022-11-07,sh.601777,4.6600,4.7100,4.5900,4.6400,4.6200,13174581,61126102.7700
2022-11-08,sh.601777,4.6100,4.6600,4.5600,4.5900,4.6400,10824228,49764889.0900
2022-11-09,sh.601777,4.5800,4.6200,4.5000,4.5300,4.5900,12638615,57525895.1600
2022-11-10,sh.601777,4.5000,4.5100,4.4500,4.4900,4.5300,8419341,37682567.7600
2022-11-11,sh.601777,4.5500,4.6100,4.4600,4.5100,4.4900,19294015,87262480.7900
2022-11-14,sh.601777,4.5100,4.5600,4.3900,4.4000,4.5100,15614700,69749471.7900
2022-11-15,sh.601777,4.3900,4.5200,4.3600,4.5000,4.4000,12132932,54041536.4800
2022-11-16,sh.601777,4.5000,4.5500,4.4600,4.4800,4.5000,9686296,43569104.7600
2022-11-17,sh.601777,4.4300,4.4700,4.3800,4.4100,4.4800,9369441,41383398.9900
2022-11-18,sh.601777,4.4200,4.4400,4.2700,4.2800,4.4100,18213426,79017738.0200
2022-11-21,sh.601777,4.3100,4.3200,4.2300,4.3100,4.2800,11861214,50684468.0300
2022-11-22,sh.601777,4.2900,4.3200,4.2100,4.2200,4.3100,11282761,47988959.3400
2022-11-23,sh.601777,4.2200,4.2500,4.2000,4.2200,4.2200,10541196,44472609.1200
2022-11-24,sh.601777,4.2500,4.2500,4.1800,4.2000,4.2200,10864000,45697396.3000
2022-11-25,sh.601777,4.2000,4.2100,4.1600,4.1700,4.2000,7431452,31051491.9900
2022-11-28,sh.601777,4.1700,4.1700,4.0300,4.1500,4.1700,11852165,48700565.1500
2022-11-29,sh.601777,4.1500,4.2100,4.1200,4.2100,4.1500,13634002,56915620.2900
2022-11-30,sh.601777,4.2000,4.3900,4.1800,4.3500,4.2100,23898211,103219126.8400
2022-12-01,sh.601777,4.4400,4.4400,4.3000,4.3200,4.3500,16084273,70055858.6600
2022-12-02,sh.601777,4.3300,4.3300,4.2500,4.2600,4.3200,9603491,41115482.3100
2022-12-05,sh.601777,4.2600,4.3500,4.2500,4.3400,4.2600,13539077,58325562.1000
2022-12-06,sh.601777,4.3200,4.4200,4.2900,4.3700,4.3400,19615254,85643094.7400
2022-12-07,sh.601777,4.3600,4.4400,4.3400,4.3400,4.3700,14763685,64642125.5100
2022-12-08,sh.601777,4.3400,4.3700,4.2300,4.2400,4.3400,16149790,69024746.5400
2022-12-09,sh.601777,4.2500,4.2800,4.1600,4.2200,4.2400,13527856,56991507.0800
2022-12-12,sh.601777,4.2100,4.2100,4.1200,4.1500,4.2200,12146066,50487701.2600
2022-12-13,sh.601777,4.1600,4.2100,4.1200,4.1300,4.1500,8583357,35691550.2600
2022-12-14,sh.601777,4.1300,4.1600,4.1200,4.1300,4.1300,7471100,30916075.9700
2022-12-15,sh.601777,4.1200,4.1900,4.1200,4.1600,4.1300,9505988,39456797.0000
2022-12-16,sh.601777,4.1400,4.1500,4.0800,4.1000,4.1600,8057530,33087415.8100
2022-12-19,sh.601777,4.1300,4.1800,4.0400,4.0600,4.1000,9318225,38205318.1800
2022-12-20,sh.601777,4.0700,4.1200,4.0000,4.1000,4.0600,8501172,34598394.4100
2022-12-21,sh.601777,4.1000,4.1300,3.9700,3.9900,4.1000,9492893,38107775.0200
2022-12-22,sh.601777,4.0000,4.0300,3.9500,3.9600,3.9900,9032387,35991593.6500
2022-12-23,sh.601777,3.9700,3.9700,3.8500,3.9000,3.9600,8613223,33642321.1400
2022-12-26,sh.601777,3.9000,4.0400,3.8900,4.0300,3.9000,11112897,44428073.9500
2022-12-27,sh.601777,4.0600,4.0700,3.9600,3.9600,4.0300,6196054,24689168.3800
2022-12-28,sh.601777,3.9800,3.9800,3.8700,3.8900,3.9600,7654903,29785149.7100
2022-12-29,sh.601777,3.8700,3.9100,3.8300,3.8300,3.8900,7381858,28510222.7200
2022-12-30,sh.601777,3.8400,3.9200,3.8400,3.8600,3.8300,7007722,27131724.8300
2023-01-03,sh.601777,3.8600,3.9300,3.8600,3.9200,3.8600,6293785,24541667.6600
2023-01-04,sh.601777,3.9800,4.1300,3.9600,4.0100,3.9200,19980657,80650712.2200
2023-01-05,sh.601777,3.9800,4.0800,3.9700,4.0600,4.0100,14012534,56380950.8300
2023-01-06,sh.601777,4.0200,4.0600,4.0000,4.0400,4.0600,9945600,40037044.0000
2023-01-09,sh.601777,4.0400,4.1000,4.0300,4.0500,4.0400,9217700,37397855.1000
2023-01-10,sh.601777,4.0800,4.1500,4.0100,4.1400,4.0500,16539038,67734649.9300
2023-01-11,sh.601777,4.1200,4.1400,4.0500,4.0600,4.1400,8714900,35616547.0000
2023-01-12,sh.601777,4.0500,4.1200,4.0300,4.0900,4.0600,7778604,31809092.7000
2023-01-13,sh.601777,4.1200,4.1200,4.0500,4.0800,4.0900,6302986,25668100.0200
2023-01-16,sh.601777,4.0700,4.1300,4.0700,4.1100,4.0800,8785700,36067994.0000
2023-01-17,sh.601777,4.1100,4.1300,4.0700,4.1000,4.1100,5820200,23847726.0000
2023-01-18,sh.601777,4.1200,4.1200,4.0800,4.1000,4.1000,5316749,21770299.4100
2023-01-19,sh.601777,4.1200,4.2000,4.0900,4.1600,4.1000,14197331,58852431.6500
2023-01-20,sh.601777,4.1900,4.2300,4.1600,4.2200,4.1600,9538600,40057129.0000
2023-01-30,sh.601777,4.2900,4.4000,4.2700,4.2900,4.2200,16693901,72276637.3400
2023-01-31,sh.601777,4.2900,4.3400,4.2600,4.3100,4.2900,10259023,44230224.1300
2023-02-01,sh.601777,4.3100,4.3700,4.2900,4.3600,4.3100,12661900,54855998.0000
2023-02-02,sh.601777,4.3900,4.4000,4.3200,4.3200,4.3600,11263400,48961853.0000
2023-02-03,sh.601777,4.3300,4.3300,4.2300,4.2900,4.3200,12214653,52109976.1500
2023-02-06,sh.601777,4.3200,4.3300,4.2400,4.2500,4.2900,7948318,33962656.5000
2023-02-07,sh.601777,4.2500,4.3200,4.2200,4.3200,4.2500,9486358,40565131.2500
2023-02-08,sh.601777,4.2900,4.3200,4.2500,4.2900,4.3200,7240700,31004865.0000
2023-02-09,sh.601777,4.2800,4.3400,4.2700,4.3300,4.2900,8963342,38630114.0200
2023-02-10,sh.601777,4.3200,4.3300,4.2500,4.2800,4.3300,7396500,31704406.0000
2023-02-13,sh.601777,4.3000,4.3100,4.2600,4.2900,4.2800,10519324,45071914.7200
2023-02-14,sh.601777,4.3000,4.3100,4.2600,4.2700,4.2900,6860393,29344220.4500
2023-02-15,sh.601777,4.2900,4.3900,4.2900,4.3000,4.2700,14625168,63423297.4400
2023-02-16,sh.601777,4.3300,4.3300,4.1400,4.1900,4.3000,18622951,79067093.8800
2023-02-17,sh.601777,4.2200,4.2800,4.1700,4.1900,4.1900,9806245,41301375.6500
2023-02-20,sh.601777,4.2100,4.2200,4.1400,4.2100,4.1900,8344856,34889243.1900
2023-02-21,sh.601777,4.2000,4.3000,4.1900,4.2700,4.2100,11108141,47331876.9300
2023-02-22,sh.601777,4.2800,4.2800,4.2200,4.2500,4.2700,6295300,26744017.0000
2023-02-23,sh.601777,4.2600,4.3000,4.2300,4.2700,4.2500,8346818,35647448.6800
2023-02-24,sh.601777,4.2500,4.2700,4.2000,4.2200,4.2700,6957382,29413643.2700
2023-02-27,sh.601777,4.2700,4.2700,4.1500,4.1600,4.2200,8926150,37333267.0000
2023-02-28,sh.601777,4.1600,4.2100,4.1300,4.2000,4.1600,6230350,25972635.0000
2023-03-01,sh.601777,4.1900,4.2000,4.1600,4.1900,4.2000,6994600,29249134.0000
2023-03-02,sh.601777,4.1900,4.2100,4.1500,4.1600,4.1900,7241563,30234569.8000
2023-03-03,sh.601777,4.1600,4.1800,4.1100,4.1400,4.1600,7164685,29678939.6600
2023-03-06,sh.601777,4.1700,4.1700,4.1000,4.1100,4.1400,6762400,27840316.0000
2023-03-07,sh.601777,4.1100,4.1300,4.0200,4.0300,4.1100,13884522,56492527.9800
2023-03-08,sh.601777,4.0200,4.0400,3.9900,4.0100,4.0300,7201667,28900823.5600
2023-03-09,sh.601777,4.0100,4.0300,3.9900,4.0000,4.0100,6433105,25784839.0500
2023-03-10,sh.601777,3.9900,3.9900,3.9100,3.9100,4.0000,10329867,40647008.3100
2023-03-13,sh.601777,3.9000,3.9100,3.8200,3.8700,3.9100,10942221,42251845.7200
2023-03-14,sh.601777,3.8700,3.8800,3.7300,3.8300,3.8700,15889718,60420356.3000
2023-03-15,sh.601777,3.8500,3.8700,3.8200,3.8400,3.8300,6967058,26787643.7000
2023-03-16,sh.601777,3.8400,3.8400,3.7600,3.7700,3.8400,8231254,31251065.0400
2023-03-17,sh.601777,3.7900,3.8000,3.7500,3.7500,3.7700,9031300,34057174.0000
2023-03-20,sh.601777,3.7600,3.7800,3.7300,3.7600,3.7500,6682073,25087151.3100
2023-03-21,sh.601777,3.7400,3.8300,3.7400,3.8200,3.7600,8299904,31442325.4000
2023-03-22,sh.601777,3.8300,3.8800,3.8300,3.8500,3.8200,8275071,31871696.6400
2023-03-23,sh.601777,3.8500,3.8600,3.8100,3.8400,3.8500,6278040,24110785.0000
2023-03-24,sh.601777,3.8500,3.8500,3.8100,3.8400,3.8400,6167815,23666142.8300
2023-03-27,sh.601777,3.8400,3.8500,3.7700,3.7800,3.8400,7219800,27399670.0000
2023-03-28,sh.601777,3.8100,3.8200,3.7800,3.7900,3.7800,6737889,25558331.2300
2023-03-29,sh.601777,3.7900,3.8300,3.7500,3.7600,3.7900,7219541,27331215.0700
2023-03-30,sh.601777,3.7800,3.8100,3.7200,3.8000,3.7600,8393465,31593561.8500
2023-03-31,sh.601777,3.8100,3.8300,3.7900,3.8100,3.8000,6023400,22988278.0000
2023-04-03,sh.601777,3.8100,3.8200,3.7700,3.7900,3.8100,8733231,33104546.6500
2023-04-04,sh.601777,3.7600,3.7900,3.6800,3.6800,3.7900,14057679,52263971.9600
2023-04-06,sh.601777,3.6800,3.6900,3.5800,3.6000,3.6800,12429367,44849161.3700
2023-04-07,sh.601777,3.6000,3.7100,3.6000,3.6800,3.6000,9283467,34045617.6400
2023-04-10,sh.601777,3.6600,3.6900,3.6200,3.6300,3.6800,8057350,29351353.0000
2023-04-11,sh.601777,3.6300,3.6400,3.5900,3.6200,3.6300,7694330,27811738.3300
2023-04-12,sh.601777,3.6300,3.6500,3.5400,3.5600,3.6200,10889424,38982564.8000
2023-04-13,sh.601777,3.5700,3.5800,3.5200,3.5300,3.5600,8955040,31735612.8300
2023-04-14,sh.601777,3.5300,3.5900,3.5300,3.5500,3.5300,9960569,35479435.0100
2023-04-17,sh.601777,3.5700,3.6300,3.5500,3.6200,3.5500,10179429,36707464.1100
2023-04-18,sh.601777,3.6400,3.6400,3.5800,3.5900,3.6200,7291278,26239840.2400
2023-04-19,sh.601777,3.5800,3.5900,3.5200,3.5400,3.5900,8204012,29032656.5700
2023-04-20,sh.601777,3.5500,3.5500,3.4600,3.4600,3.5400,9538871,33155907.6600
2023-04-21,sh.601777,3.4600,3.4900,3.3900,3.4000,3.4600,10738264,37037161.5100
2023-04-24,sh.601777,3.4000,3.5600,3.3700,3.4800,3.4000,17082797,59353116.7200
2023-04-25,sh.601777,3.4400,3.4800,3.3300,3.3800,3.4800,13778400,46757916.0000
2023-04-26,sh.601777,3.3800,3.4700,3.3600,3.4400,3.3800,10336704,35574329.7600
2023-04-27,sh.601777,3.4500,3.5400,3.4300,3.5200,3.4400,10400039,36479905.1600
2023-04-28,sh.601777,3.5200,3.5500,3.5000,3.5300,3.5200,10045000,35402131.0000
2023-05-04,sh.601777,3.5400,3.6200,3.5100,3.5600,3.5300,9931841,35413138.5500
2023-05-05,sh.601777,3.5600,3.5900,3.4700,3.5100,3.5600,7693601,27006422.4900
2023-05-08,sh.601777,3.5200,3.5600,3.4700,3.5200,3.5100,8066700,28306713.0000
2023-05-09,sh.601777,3.5200,3.5400,3.4600,3.4700,3.5200,9582800,33472708.0000
2023-05-10,sh.601777,3.4700,3.6300,3.4600,3.6200,3.4700,19864864,70915058.2700
2023-05-11,sh.601777,3.6500,3.6600,3.5600,3.6400,3.6200,11547301,41769930.6100
2023-05-12,sh.601777,3.6400,3.6400,3.5500,3.5700,3.6400,9300700,33257731.0000
2023-05-15,sh.601777,3.5500,3.6000,3.5500,3.6000,3.5700,7374200,26428352.5500
2023-05-16,sh.601777,3.6000,3.6100,3.5100,3.5400,3.6000,8503488,30118418.4700
2023-05-17,sh.601777,3.5100,3.5600,3.5100,3.5500,3.5400,6770637,23955404.3700
2023-05-18,sh.601777,3.5400,3.5700,3.4900,3.5200,3.5500,6588800,23222291.6400
2023-05-19,sh.601777,3.5200,3.5200,3.4800,3.4800,3.5200,7049876,24628834.9900
2023-05-22,sh.601777,3.4700,3.5100,3.4500,3.4900,3.4800,7198474,25014283.5100
2023-05-23,sh.601777,3.4900,3.5100,3.4400,3.4400,3.4900,5714798,19862197.1200
2023-05-24,sh.601777,3.4300,3.4400,3.3700,3.3700,3.4400,7547144,25696229.1600
2023-05-25,sh.601777,3.3800,3.4000,3.3100,3.3600,3.3700,7041300,23602390.0000
2023-05-26,sh.601777,3.3500,3.3900,3.2900,3.3800,3.3600,7848866,26185193.7700
2023-05-29,sh.601777,3.3800,3.4000,3.3100,3.3300,3.3800,6376012,21361487.8400
2023-05-30,sh.601777,3.3300,3.3700,3.3000,3.3400,3.3300,6308803,21024232.0200
2023-05-31,sh.601777,3.3300,3.3500,3.3000,3.3000,3.3400,6242348,20676888.4000
2023-06-01,sh.601777,3.3000,3.4200,3.2900,3.3700,3.3000,10195168,34315930.0800
2023-06-02,sh.601777,3.3800,3.4200,3.3800,3.4100,3.3700,5827300,19846780.0000
2023-06-05,sh.601777,3.4000,3.4700,3.3700,3.4000,3.4100,6865729,23324222.8200
2023-06-06,sh.601777,3.4000,3.4200,3.3200,3.3200,3.4000,6488600,21802213.4800
2023-06-07,sh.601777,3.3100,3.3500,3.2900,3.3000,3.3200,7399800,24494254.0000
2023-06-08,sh.601777,3.3100,3.3300,3.2600,3.2700,3.3000,7512264,24753785.5600
2023-06-09,sh.601777,3.3000,3.3600,3.2900,3.3200,3.2700,8305836,27573719.8000
2023-06-12,sh.601777,3.3000,3.4700,3.3000,3.4600,3.3200,16589447,56643001.6800
2023-06-13,sh.601777,3.4400,3.5300,3.4400,3.5100,3.4600,11710026,40987686.6500
2023-06-14,sh.601777,3.5200,3.5700,3.4800,3.5200,3.5100,10827337,38177564.2700
2023-06-15,sh.601777,3.5200,3.5800,3.5000,3.5600,3.5200,8898645,31555795.3000
2023-06-16,sh.601777,3.5900,3.5900,3.5300,3.5300,3.5600,9607264,34129608.1400
2023-06-19,sh.601777,3.5600,3.5900,3.5000,3.5100,3.5300,7783500,27546405.6600
2023-06-20,sh.601777,3.5300,3.5400,3.4900,3.5100,3.5100,7564874,26614952.4800
2023-06-21,sh.601777,3.5100,3.5600,3.4800,3.5200,3.5100,10391952,36660717.5600
2023-06-26,sh.601777,3.5200,3.7700,3.5200,3.6400,3.5200,31940124,117207284.2300
2023-06-27,sh.601777,3.6000,3.6800,3.5600,3.6600,3.6400,16723499,60642516.3300
2023-06-28,sh.601777,3.6500,3.7000,3.6000,3.6200,3.6600,10466000,37975652.0600
2023-06-29,sh.601777,3.6000,3.6500,3.5700,3.5800,3.6200,8695600,31314356.0000
2023-06-30,sh.601777,3.5600,3.6400,3.5500,3.5700,3.5800,8240094,29575297.7000
2023-07-03,sh.601777,3.5800,3.7000,3.5800,3.6800,3.5700,18310991,66969819.8800
2023-07-04,sh.601777,3.6700,3.8000,3.6600,3.7400,3.6800,18249804,68277102.0100
2023-07-05,sh.601777,3.7200,3.7700,3.6600,3.6700,3.7400,11146479,41286850.0900
2023-07-06,sh.601777,3.6800,3.7200,3.6400,3.6900,3.6700,7911894,29111352.9200
2023-07-07,sh.601777,3.6900,3.8000,3.6700,3.7000,3.6900,14664294,54590906.3200
2023-07-10,sh.601777,3.7100,3.7900,3.6700,3.7000,3.7000,10628341,39473823.2900
2023-07-11,sh.601777,3.7100,3.8000,3.6800,3.7900,3.7000,19374500,72969028.0000
2023-07-12,sh.601777,3.7800,3.9200,3.7700,3.8300,3.7900,31040964,119990352.8500
2023-07-13,sh.601777,3.8300,3.8400,3.7600,3.8400,3.8300,17473434,66553004.8800
2023-07-14,sh.601777,3.8300,3.8400,3.7300,3.7500,3.8400,14245079,53551844.6700
2023-07-17,sh.601777,3.7300,3.7500,3.6600,3.7100,3.7500,10229334,37732314.5100
2023-07-18,sh.601777,3.7000,3.8900,3.6700,3.8300,3.7100,17616792,66899586.0800
2023-07-19,sh.601777,3.8200,3.8500,3.7600,3.8100,3.8300,10706800,40698911.0000
2023-07-20,sh.601777,3.7700,3.8700,3.7600,3.7800,3.8100,11683640,44353133.2000
2023-07-21,sh.601777,3.7700,3.7900,3.7300,3.7500,3.7800,8914651,33495749.2500
2023-07-24,sh.601777,3.7500,3.7600,3.6700,3.6900,3.7500,7240048,26816493.8200
2023-07-25,sh.601777,3.6900,3.8300,3.6900,3.8300,3.6900,16736900,63513210.0000
2023-07-26,sh.601777,3.8300,3.8300,3.7300,3.7500,3.8300,9676360,36510100.0000
2023-07-27,sh.601777,3.8300,3.8800,3.8000,3.8100,3.7500,13068698,50150537.3800
2023-07-28,sh.601777,3.7900,3.9200,3.7600,3.9000,3.8100,20644825,79950425.3200
2023-07-31,sh.601777,3.9100,4.0200,3.9100,3.9600,3.9000,21350248,84805224.0800
2023-08-01,sh.601777,3.9500,4.3600,3.9000,4.3600,3.9600,61715917,264661451.0500
2023-08-02,sh.601777,4.3500,4.8000,4.2300,4.8000,4.3600,190061205,879920820.3100
2023-08-03,sh.601777,4.9200,4.9400,4.4600,4.6000,4.8000,172972204,804286629.1300
2023-08-04,sh.601777,4.6200,4.6700,4.4000,4.4900,4.6000,111182410,500135604.5600
2023-08-07,sh.601777,4.3800,4.5000,4.3400,4.4000,4.4900,68985192,303540236.0700
2023-08-08,sh.601777,4.3700,4.3800,4.1200,4.1300,4.4000,89696145,377943907.5100
2023-08-09,sh.601777,4.1300,4.3300,4.0500,4.2600,4.1300,93848091,392220717.0300
2023-08-10,sh.601777,4.1500,4.1800,4.0700,4.0900,4.2600,46974237,192480939.7500
2023-08-11,sh.601777,4.0900,4.1200,3.9600,3.9600,4.0900,43592966,174686601.7100
2023-08-14,sh.601777,3.9100,3.9200,3.8300,3.9100,3.9600,40613824,157168485.2500
2023-08-15,sh.601777,3.8900,3.9200,3.8500,3.8900,3.9100,28233411,109416038.0200
2023-08-16,sh.601777,3.8500,3.9100,3.8300,3.8600,3.8900,19796799,76647780.4200
2023-08-17,sh.601777,3.8400,3.9400,3.8300,3.8900,3.8600,23404308,91051532.0400
2023-08-18,sh.601777,3.8800,3.9100,3.8200,3.8400,3.8900,25131542,97075937.1800
2023-08-21,sh.601777,3.8000,3.8500,3.7700,3.7800,3.8400,18246004,69590957.7800
2023-08-22,sh.601777,3.7800,3.8400,3.7100,3.7900,3.7800,23809359,89744466.8700
2023-08-23,sh.601777,3.7900,3.7900,3.6500,3.6600,3.7900,21849341,81009021.2400
2023-08-24,sh.601777,3.6700,3.7200,3.6300,3.6700,3.6600,15395327,56656061.5600
2023-08-25,sh.601777,3.6600,3.6700,3.5600,3.5800,3.6700,16094906,58122471.7500
2023-08-28,sh.601777,3.7500,3.7800,3.6600,3.6800,3.5800,26273136,97889137.8200
2023-08-29,sh.601777,3.6600,3.8400,3.6500,3.8300,3.6800,26289862,99434206.1500
2023-08-30,sh.601777,3.8100,3.8500,3.7900,3.8100,3.8300,17679770,67501331.7000
2023-08-31,sh.601777,3.8000,3.8100,3.7300,3.7400,3.8100,14195681,53356939.9400
2023-09-01,sh.601777,3.7400,3.8500,3.7300,3.7700,3.7400,18179147,68961280.8600
2023-09-04,sh.601777,3.7800,3.8300,3.7400,3.8200,3.7700,17535983,66570540.2500
2023-09-05,sh.601777,3.8100,3.8200,3.7400,3.7500,3.8200,13748528,51816453.0600
2023-09-06,sh.601777,3.7300,3.7800,3.7200,3.7300,3.7500,10461671,39112011.8300
2023-09-07,sh.601777,3.7400,3.7400,3.6400,3.6400,3.7300,15099860,55412938.2400
2023-09-08,sh.601777,3.6400,3.6700,3.6100,3.6500,3.6400,11355700,41444315.0000
2023-09-11,sh.601777,3.6600,3.7700,3.6300,3.7300,3.6500,14419100,53359069.0000
2023-09-12,sh.601777,3.7500,3.8100,3.7400,3.7700,3.7300,14013272,52928557.0000
2023-09-13,sh.601777,3.7600,3.7600,3.6500,3.6700,3.7700,14592300,53805585.0000
2023-09-14,sh.601777,3.6900,3.6900,3.6200,3.6400,3.6700,12706594,46354161.1600
2023-09-15,sh.601777,3.7000,3.7000,3.6100,3.6400,3.6400,11984334,43683738.1400
2023-09-18,sh.601777,3.6400,3.7700,3.6200,3.7600,3.6400,20314222,75706692.9600
2023-09-19,sh.601777,3.7500,3.7700,3.7000,3.7100,3.7600,9909735,36866708.9600
2023-09-20,sh.601777,3.6900,3.7200,3.6600,3.6700,3.7100,8314278,30667860.0400
2023-09-21,sh.601777,3.6700,3.6800,3.6100,3.6200,3.6700,10340698,37555176.2500
2023-09-22,sh.601777,3.6200,3.6900,3.6000,3.6800,3.6200,11401447,41708987.4900
2023-09-25,sh.601777,3.6800,3.7000,3.6200,3.6300,3.6800,8440703,30825182.8900
2023-09-26,sh.601777,3.6400,3.6500,3.6000,3.6100,3.6300,8287103,30028990.8600
2023-09-27,sh.601777,3.6100,3.6400,3.5500,3.5500,3.6100,12382100,44393710.0000
2023-09-28,sh.601777,3.5700,3.6800,3.5600,3.6500,3.5500,14172146,51385485.5200
2023-10-09,sh.601777,3.6500,3.7400,3.6500,3.7000,3.6500,14943800,55305086.0000
2023-10-10,sh.601777,3.7200,3.7300,3.6200,3.6500,3.7000,13762920,50321087.1000
2023-10-11,sh.601777,3.6800,3.7000,3.5900,3.6000,3.6500,11591315,42155622.3500
2023-10-12,sh.601777,3.6300,3.7400,3.6100,3.7100,3.6000,22495734,83180771.7300
2023-10-13,sh.601777,3.6800,3.7500,3.6700,3.7000,3.7100,14698686,54450094.9300
2023-10-16,sh.601777,3.6900,3.7200,3.6500,3.6700,3.7000,17697582,65140531.4900
2023-10-17,sh.601777,3.6600,3.6800,3.5200,3.5300,3.6700,23368500,83504968.0000
2023-10-18,sh.601777,3.5300,3.6500,3.4800,3.5900,3.5300,26828777,96243620.0800
2023-10-19,sh.601777,3.5600,3.5700,3.4300,3.4300,3.5900,22429412,77844571.5200
2023-10-20,sh.601777,3.4400,3.5700,3.4200,3.4800,3.4300,16907968,59238496.1800
2023-10-23,sh.601777,3.4800,3.5200,3.3800,3.4000,3.4800,13654800,46993230.0000
2023-10-24,sh.601777,3.4200,3.4700,3.3800,3.4400,3.4000,12267019,42065671.3600
2023-10-25,sh.601777,3.4600,3.6000,3.4500,3.5900,3.4400,22254110,79270820.6400
2023-10-26,sh.601777,3.5700,3.6300,3.5100,3.6200,3.5900,15631100,55836643.0000
2023-10-27,sh.601777,3.6300,3.8300,3.6000,3.7900,3.6200,35297749,132307787.4300
2023-10-30,sh.601777,3.7500,4.1700,3.6700,3.9100,3.7900,74924438,292980591.6400
2023-10-31,sh.601777,3.9100,3.9400,3.7700,3.8200,3.9100,29644299,113614522.2300
2023-11-01,sh.601777,3.8100,3.8800,3.7500,3.8400,3.8200,24403273,93520367.0300
2023-11-02,sh.601777,3.7900,3.9600,3.7600,3.8600,3.8400,37723667,145332128.1800
2023-11-03,sh.601777,3.8400,3.8700,3.7700,3.8100,3.8600,25967122,99055961.0000
2023-11-06,sh.601777,3.7900,3.8300,3.7500,3.8100,3.8100,22220912,84418438.3600
2023-11-07,sh.601777,3.8000,3.8700,3.7800,3.8300,3.8100,22011000,84417664.7800
2023-11-08,sh.601777,3.8000,3.8200,3.7500,3.8000,3.8300,20444840,77309124.4100
2023-11-09,sh.601777,3.7800,3.8200,3.7400,3.7600,3.8000,20859609,78788202.0200
2023-11-10,sh.601777,3.7500,3.7900,3.7300,3.7500,3.7600,13390328,50207291.5100
2023-11-13,sh.601777,3.7400,3.9200,3.7300,3.8100,3.7500,26657054,102021248.9400
2023-11-14,sh.601777,3.8200,3.9800,3.8100,3.9600,3.8100,43189946,169070024.3500
2023-11-15,sh.601777,3.9800,4.0300,3.8900,4.0000,3.9600,40429000,160075450.1600
2023-11-16,sh.601777,3.9900,3.9900,3.8600,3.8800,4.0000,27558600,107618760.0000
2023-11-17,sh.601777,3.8600,3.9900,3.8500,3.9800,3.8800,24471324,96309549.8000
2023-11-20,sh.601777,3.9800,3.9900,3.9000,3.9300,3.9800,19415271,76415070.3200
2023-11-21,sh.601777,3.9400,3.9700,3.8800,3.9000,3.9300,17517071,68740883.7400
2023-11-22,sh.601777,3.8900,3.9100,3.8200,3.8200,3.9000,16252504,62718722.4400
2023-11-23,sh.601777,3.8200,4.2000,3.8200,4.0300,3.8200,108565447,440404622.8500
2023-11-24,sh.601777,3.9900,4.4200,3.9300,4.2600,4.0300,141093894,592049725.0000
2023-11-27,sh.601777,4.3700,4.6100,4.2700,4.4400,4.2600,165862884,739289124.1800
2023-11-28,sh.601777,4.4000,4.4900,4.2400,4.3500,4.4400,103356210,448867216.9500
2023-11-29,sh.601777,4.3600,4.5000,4.2000,4.3800,4.3500,98834363,431434479.9200
2023-11-30,sh.601777,4.3000,4.4200,4.2800,4.3700,4.3800,57571154,250831789.7300
2023-12-01,sh.601777,4.3200,4.3600,4.1800,4.2200,4.3700,57126578,242770241.1900
2023-12-04,sh.601777,4.2100,4.2600,4.1500,4.1600,4.2200,38801934,162671585.8900
2023-12-05,sh.601777,4.1600,4.1600,4.0700,4.0700,4.1600,29967259,123161864.0500
2023-12-06,sh.601777,4.0300,4.1800,4.0300,4.0800,4.0700,24110017,99062237.9300
2023-12-07,sh.601777,4.0500,4.0600,3.9500,3.9800,4.0800,28945500,115630414.4500
2023-12-08,sh.601777,3.9600,3.9800,3.8400,3.8500,3.9800,29373338,114048149.0500
2023-12-11,sh.601777,3.8300,3.8400,3.7500,3.8300,3.8500,30073952,114075598.3100
2023-12-12,sh.601777,3.8000,3.8700,3.7800,3.8600,3.8300,21408610,81890795.6000
2023-12-13,sh.601777,3.8400,3.8900,3.8000,3.8100,3.8600,19735082,75756893.2400
2023-12-14,sh.601777,3.8200,3.8400,3.7500,3.7700,3.8100,20420392,77433637.9200
2023-12-15,sh.601777,3.7600,3.7900,3.7000,3.7100,3.7700,25708306,96346502.5200
2023-12-18,sh.601777,3.6900,3.7500,3.6700,3.6900,3.7100,14592844,54036100.0000
2023-12-19,sh.601777,3.6900,3.7100,3.6400,3.6700,3.6900,15223785,55884372.5800
2023-12-20,sh.601777,3.6700,3.6800,3.5800,3.5800,3.6700,13254661,48041303.7700
2023-12-21,sh.601777,3.5600,3.6500,3.5500,3.6300,3.5800,16925307,61034434.9200
2023-12-22,sh.601777,3.6300,3.6500,3.5800,3.6000,3.6300,10748700,38884282.0000
2023-12-25,sh.601777,3.6000,3.6300,3.5600,3.6200,3.6000,10675500,38496303.0000
2023-12-26,sh.601777,3.6200,3.6200,3.5300,3.5500,3.6200,9576964,34144560.2000
2023-12-27,sh.601777,3.5600,3.5900,3.5100,3.5500,3.5500,8949749,31725275.4400
2023-12-28,sh.601777,3.5400,3.6400,3.5000,3.6100,3.5500,14229330,50993859.3000
2023-12-29,sh.601777,3.6000,3.6300,3.5700,3.5800,3.6100,18551923,66751826.4300
2024-01-02,sh.601777,3.5800,3.6100,3.5100,3.5200,3.5800,19557927,69396282.5300
2024-01-03,sh.601777,3.5100,3.5200,3.4400,3.4700,3.5200,20183143,70226434.2300
2024-01-04,sh.601777,3.4700,3.4800,3.4100,3.4300,3.4700,13434641,46292530.5600
2024-01-05,sh.601777,3.4300,3.4700,3.3600,3.3800,3.4300,16246030,55426389.1000
2024-01-08,sh.601777,3.3800,3.3800,3.3000,3.3000,3.3800,14300379,47674596.1200
2024-01-09,sh.601777,3.3000,3.3800,3.3000,3.3500,3.3000,15711600,52531597.0000
2024-01-10,sh.601777,3.3400,3.3800,3.3000,3.3500,3.3500,10973900,36724759.0000
2024-01-11,sh.601777,3.3500,3.4300,3.3200,3.4100,3.3500,11430800,38719822.0000
2024-01-12,sh.601777,3.4000,3.4400,3.3800,3.3900,3.4100,12154474,41449750.8600
2024-01-15,sh.601777,3.4000,3.4100,3.3400,3.3700,3.3900,10577600,35656145.0000
2024-01-16,sh.601777,3.3800,3.4100,3.3200,3.3600,3.3700,13135105,44141489.7000
2024-01-17,sh.601777,3.3500,3.3500,3.2800,3.2900,3.3600,13457400,44685290.0000
2024-01-18,sh.601777,3.2800,3.2800,3.1300,3.2400,3.2900,19071820,61129818.7400
2024-01-19,sh.601777,3.2500,3.2800,3.2200,3.2300,3.2400,11216960,36444627.8000
2024-01-22,sh.601777,3.2500,3.2600,3.0400,3.0500,3.2300,16640750,52494416.5000
2024-01-23,sh.601777,3.0600,3.1400,3.0200,3.1100,3.0500,18705207,57883555.0000
2024-01-24,sh.601777,3.1300,3.2200,3.0800,3.1800,3.1100,18483332,58214724.5200
2024-01-25,sh.601777,3.1700,3.2600,3.1500,3.2600,3.1800,16634064,53611280.7200
2024-01-26,sh.601777,3.2600,3.3400,3.2400,3.2800,3.2600,16372500,53947762.0000
2024-01-29,sh.601777,3.2800,3.3000,3.1200,3.1200,3.2800,15715200,50250947.0000
2024-01-30,sh.601777,3.1100,3.1700,3.0500,3.0600,3.1200,12950226,40262899.9400
2024-01-31,sh.601777,3.0400,3.0900,2.9200,2.9300,3.0600,19601400,58500576.0000
2024-02-01,sh.601777,2.9100,2.9800,2.8600,2.9000,2.9300,16004563,46758697.5200
2024-02-02,sh.601777,2.9000,2.9500,2.6400,2.7500,2.9000,23090106,64273664.6000
2024-02-05,sh.601777,2.7400,2.7500,2.4800,2.5500,2.7500,34515174,89215244.0600
2024-02-06,sh.601777,2.5100,2.8100,2.4400,2.7800,2.5500,34461252,90898566.2000
2024-02-07,sh.601777,2.8100,2.9500,2.7900,2.8700,2.7800,38089136,109673694.6100
2024-02-08,sh.601777,2.8900,3.1500,2.8600,3.0800,2.8700,41472908,126931167.4900
2024-02-19,sh.601777,3.1600,3.1600,3.0300,3.0700,3.0800,25256568,77830235.7200
2024-02-20,sh.601777,3.0800,3.0800,2.9800,3.0200,3.0700,15356734,46207650.3400
2024-02-21,sh.601777,3.0100,3.2000,2.9700,3.1200,3.0200,23700682,73875780.2700
2024-02-22,sh.601777,3.1000,3.1500,3.0700,3.1000,3.1200,15325969,47552460.8900
2024-02-23,sh.601777,3.1100,3.1700,3.0700,3.1600,3.1000,19250380,59993997.0600
2024-02-26,sh.601777,3.1700,3.2700,3.1600,3.2200,3.1600,26241036,84507414.8600
2024-02-27,sh.601777,3.3200,3.4700,3.2800,3.3800,3.2200,42264029,142540704.8500
2024-02-28,sh.601777,3.3800,3.3800,3.1100,3.1100,3.3800,45086045,147615932.1400
2024-02-29,sh.601777,3.1000,3.3000,3.0800,3.2900,3.1100,25816730,82920902.3200
2024-03-01,sh.601777,3.2900,3.3200,3.2400,3.2800,3.2900,17507062,57237875.9700
2024-03-04,sh.601777,3.2800,3.3000,3.1700,3.1900,3.2800,19219100,61384754.0000
2024-03-05,sh.601777,3.1900,3.2400,3.1100,3.1900,3.1900,21779187,69059636.4300
2024-03-06,sh.601777,3.1700,3.2200,3.1300,3.1800,3.1900,15627200,49647902.0000
2024-03-07,sh.601777,3.2000,3.2300,3.1300,3.1400,3.1800,15939400,50761570.0000
2024-03-08,sh.601777,3.1500,3.1700,3.1000,3.1300,3.1400,13735053,42966598.3600
2024-03-11,sh.601777,3.1300,3.2100,3.1000,3.2100,3.1300,18305612,58007492.8900
2024-03-12,sh.601777,3.2200,3.2900,3.1900,3.2800,3.2100,20210657,65618598.6300
2024-03-13,sh.601777,3.2700,3.3500,3.2500,3.3200,3.2800,25093410,83277725.0400
2024-03-14,sh.601777,3.3200,3.3500,3.2200,3.2500,3.3200,18114138,59364399.3800
2024-03-15,sh.601777,3.2500,3.3200,3.2100,3.3000,3.2500,22378408,73359176.2400
2024-03-18,sh.601777,3.3300,3.4100,3.3200,3.3900,3.3000,26984989,90873337.7800
2024-03-19,sh.601777,3.3700,3.3700,3.3000,3.3200,3.3900,19891145,66304842.8100
2024-03-20,sh.601777,3.3000,3.3600,3.2900,3.3300,3.3200,17076663,56857749.8400
2024-03-21,sh.601777,3.3400,3.3500,3.2800,3.3100,3.3300,17413419,57790799.0400
2024-03-22,sh.601777,3.3100,3.3100,3.2100,3.2400,3.3100,18426360,59918212.0700
2024-03-25,sh.601777,3.2400,3.2900,3.1900,3.1900,3.2400,23065172,74492711.5200
2024-03-26,sh.601777,3.1600,3.2600,3.1600,3.2400,3.1900,22118560,70935957.8800
2024-03-27,sh.601777,3.2300,3.2500,3.1100,3.1100,3.2400,20085591,63903559.0200
2024-03-28,sh.601777,3.1200,3.2100,3.1100,3.1700,3.1100,16317592,51602318.3400
2024-03-29,sh.601777,3.1800,3.2100,3.1300,3.1800,3.1700,17043403,53833361.7100
2024-04-01,sh.601777,3.1700,3.3000,3.1600,3.2900,3.1800,18871006,61686224.6800
2024-04-02,sh.601777,3.3500,3.3500,3.2400,3.2600,3.2900,13515321,44228028.9400
2024-04-03,sh.601777,3.2500,3.2600,3.2000,3.2100,3.2600,12747321,41068581.8300
2024-04-08,sh.601777,3.2000,3.2400,3.1600,3.1600,3.2100,15101124,48291721.5600
2024-04-09,sh.601777,3.1600,3.2400,3.1500,3.2200,3.1600,13683576,43785105.0800
2024-04-10,sh.601777,3.2100,3.2200,3.1500,3.1700,3.2200,14800070,46981335.1600
2024-04-11,sh.601777,3.1600,3.2700,3.1200,3.2300,3.1700,16861065,54249006.6500
2024-04-12,sh.601777,3.2200,3.2400,3.1600,3.1600,3.2300,14613447,46627257.5200
2024-04-15,sh.601777,3.1600,3.1700,2.9500,3.0200,3.1600,27830876,84384373.0600
2024-04-16,sh.601777,3.0200,3.0200,2.8500,2.8500,3.0200,25020936,73148281.4400
2024-04-17,sh.601777,2.8500,3.1200,2.8500,3.1100,2.8500,25205966,75922060.9400
2024-04-18,sh.601777,3.1200,3.1800,3.0600,3.1200,3.1100,19530107,61061545.9800
2024-04-19,sh.601777,3.1100,3.1700,3.0500,3.0700,3.1200,17033117,52704478.8700
2024-04-22,sh.601777,3.0600,3.1300,2.9900,3.0400,3.0700,13624584,41630373.3600
2024-04-23,sh.601777,3.0600,3.0900,3.0000,3.0400,3.0400,14554500,44319551.0000
2024-04-24,sh.601777,3.0600,3.0900,3.0300,3.0600,3.0400,12867770,39338123.0100
2024-04-25,sh.601777,3.0600,3.1200,3.0200,3.0800,3.0600,13217188,40664664.2000
2024-04-26,sh.601777,3.0800,3.1600,3.0600,3.1600,3.0800,17870001,55977993.6600
2024-04-29,sh.601777,3.1600,3.2400,3.1500,3.2200,3.1600,17055464,54662926.2400
2024-04-30,sh.601777,3.2300,3.2500,3.1800,3.2100,3.2200,16916200,54335741.0000
2024-05-06,sh.601777,3.2500,3.3200,3.2400,3.2600,3.2100,19811670,65088469.9800
2024-05-07,sh.601777,3.2600,3.3600,3.2400,3.2900,3.2600,16929200,55910568.0000
2024-05-08,sh.601777,3.2800,3.3300,3.2500,3.2900,3.2900,19642508,64643279.2400
2024-05-09,sh.601777,3.2700,3.3300,3.2700,3.3000,3.2900,15023956,49589376.8000
2024-05-10,sh.601777,3.3400,3.3400,3.2400,3.2800,3.3000,21213658,69957653.7400
2024-05-13,sh.601777,3.2500,3.2700,3.1900,3.2200,3.2800,18352315,59288447.6200
2024-05-14,sh.601777,3.2400,3.2900,3.2200,3.2600,3.2200,16932200,55215845.0000
2024-05-15,sh.601777,3.2900,3.2900,3.1800,3.1900,3.2600,14297704,46070191.7600
2024-05-16,sh.601777,3.1900,3.2300,3.1700,3.1900,3.1900,13551900,43337418.0000
2024-05-17,sh.601777,3.1700,3.2500,3.1700,3.2500,3.1900,14362100,46171657.0000
2024-05-20,sh.601777,3.2700,3.3600,3.2400,3.2900,3.2500,21613653,71557394.6900
2024-05-21,sh.601777,3.2900,3.3000,3.2300,3.2700,3.2900,14305900,46683441.1600
2024-05-22,sh.601777,3.2700,3.2900,3.2500,3.2600,3.2700,9354776,30516411.7600
2024-05-23,sh.601777,3.2700,3.2700,3.1800,3.1900,3.2600,12625704,40530027.8800
2024-05-24,sh.601777,3.1800,3.2000,3.1500,3.1500,3.1900,9712500,30841061.0000
2024-05-27,sh.601777,3.1500,3.1800,3.0900,3.1400,3.1500,14785900,46134820.0000
2024-05-28,sh.601777,3.1300,3.1500,3.0800,3.1000,3.1400,11904748,37017802.3200
2024-05-29,sh.601777,3.0800,3.1100,2.9800,3.0100,3.1000,24644734,74633465.0200
2024-05-30,sh.601777,2.9900,3.0700,2.9900,3.0300,3.0100,17784700,53972423.0000
2024-05-31,sh.601777,3.0200,3.1200,3.0200,3.0800,3.0300,16724600,51559791.0000
2024-06-03,sh.601777,3.0600,3.0800,2.9200,2.9600,3.0800,24470568,72803681.9200
2024-06-04,sh.601777,2.9600,2.9800,2.9100,2.9500,2.9600,20466769,60130320.6900
2024-06-05,sh.601777,2.9300,2.9400,2.8900,2.8900,2.9500,11458800,33470421.0000
2024-06-06,sh.601777,2.8800,2.9200,2.7700,2.7900,2.8900,21197863,59750314.8100
2024-06-07,sh.601777,2.8100,2.9100,2.7800,2.8500,2.7900,14388976,40923531.3600
2024-06-11,sh.601777,2.8500,2.8500,2.7800,2.8200,2.8500,12727268,35824413.4400
2024-06-12,sh.601777,2.8200,2.8600,2.8100,2.8300,2.8200,11156148,31630748.3600
2024-06-13,sh.601777,2.8300,2.8400,2.7500,2.7600,2.8300,14359014,39870929.0000
2024-06-14,sh.601777,2.7600,2.7900,2.7300,2.7700,2.7600,16928524,46785775.4000
2024-06-17,sh.601777,2.7700,2.8700,2.7400,2.8500,2.7700,17445571,49525387.4900
2024-06-18,sh.601777,2.8400,3.1000,2.8300,3.0300,2.8500,38024730,114067628.2800
2024-06-19,sh.601777,3.0500,3.1800,3.0000,3.1400,3.0300,44657563,138525631.2100
2024-06-20,sh.601777,3.1500,3.3200,3.1200,3.2200,3.1400,52811100,171092498.7700
2024-06-21,sh.601777,3.2200,3.4000,3.2000,3.3500,3.2200,66343039,220382622.0500
2024-06-24,sh.601777,3.4300,3.4700,3.2500,3.2600,3.3500,57049772,191941923.6800
2024-06-25,sh.601777,3.3100,3.3700,3.2400,3.2800,3.2600,40631405,133610204.1500
2024-06-26,sh.601777,3.3200,3.6100,3.2300,3.6100,3.2800,65760851,225266829.0200
2024-06-27,sh.601777,3.6500,3.7300,3.5800,3.6000,3.6100,88254457,322210737.8600
2024-06-28,sh.601777,3.6000,3.9500,3.6000,3.8400,3.6000,112136851,429638775.9500
2024-07-01,sh.601777,3.8700,3.9300,3.6200,3.6500,3.8400,81431637,302123140.9300
2024-07-02,sh.601777,3.6800,3.7700,3.4900,3.6900,3.6500,66046971,241116729.6500
2024-07-03,sh.601777,3.7500,3.7800,3.5200,3.5500,3.6900,60647864,218163969.2000
2024-07-04,sh.601777,3.5500,3.6000,3.2200,3.2500,3.5500,76479064,257312210.0300
2024-07-05,sh.601777,3.2800,3.3500,3.1600,3.3200,3.2500,60550721,197122126.2500
2024-07-08,sh.601777,3.3800,3.4400,3.3100,3.3400,3.3200,38511809,129412245.1100
2024-07-09,sh.601777,3.3600,3.6700,3.3200,3.6700,3.3400,62980648,224083519.1800
2024-07-10,sh.601777,3.8500,3.8900,3.7300,3.7700,3.6700,114043149,433284363.9400
2024-07-11,sh.601777,3.7700,4.1500,3.7600,4.1500,3.7700,118490231,474709161.1100
2024-07-12,sh.601777,4.2500,4.2800,3.9900,4.1900,4.1500,148810977,615302143.2100
2024-07-15,sh.601777,4.1400,4.3400,4.1000,4.1400,4.1900,96866679,405555857.9500
2024-07-16,sh.601777,4.2300,4.3000,4.1400,4.2200,4.1400,88625121,374524989.3500
2024-07-17,sh.601777,4.2500,4.2600,4.0700,4.1700,4.2200,64649558,268996585.5700
2024-07-18,sh.601777,4.1500,4.5300,4.1400,4.4400,4.1700,111193181,487302309.3900
2024-07-19,sh.601777,4.3500,4.4100,4.2400,4.3000,4.4400,81563937,350515260.1800
2024-07-22,sh.601777,4.2300,4.3800,4.1900,4.3200,4.3000,59255939,254906833.2200
2024-07-23,sh.601777,4.3300,4.6700,4.2900,4.5200,4.3200,101225143,459722001.7200
2024-07-24,sh.601777,4.5200,4.7000,4.4200,4.5000,4.5200,94832718,430186250.8100
2024-07-25,sh.601777,4.5100,4.6000,4.3600,4.4900,4.5000,61096747,273537832.1300
2024-07-26,sh.601777,4.4200,4.6000,4.4000,4.5800,4.4900,57653649,260045465.0100
2024-07-29,sh.601777,4.5200,4.6600,4.5000,4.5800,4.5800,49534627,227089777.7700
2024-07-30,sh.601777,4.5000,4.5500,4.3800,4.4200,4.5800,59255800,263351810.6900
2024-07-31,sh.601777,4.4000,4.5500,4.4000,4.5400,4.4200,50567043,226986212.3600
2024-08-01,sh.601777,4.5400,4.6600,4.4700,4.5500,4.5400,38691641,176635550.5400
2024-08-02,sh.601777,4.4700,4.5500,4.4000,4.4600,4.5500,32396300,144624454.7200
2024-08-05,sh.601777,4.4500,4.4800,4.1600,4.1700,4.4600,64758418,276794957.7200
2024-08-06,sh.601777,4.2200,4.2800,4.1200,4.2500,4.1700,42494648,178437292.0800
2024-08-07,sh.601777,4.2400,4.5600,4.2400,4.4200,4.2500,53366400,235502845.0000
2024-08-08,sh.601777,4.3700,4.4000,4.1600,4.1900,4.4200,44147600,186383043.0000
2024-08-09,sh.601777,4.1700,4.2300,4.1200,4.1800,4.1900,21573428,89841233.7600
2024-08-12,sh.601777,4.2300,4.2500,4.0500,4.1000,4.1800,29579692,121768988.3000
2024-08-13,sh.601777,4.0800,4.1000,3.7700,3.9900,4.1000,81872995,320767857.0500
2024-08-14,sh.601777,4.0200,4.0400,3.9200,3.9600,3.9900,24738173,97965366.3500
2024-08-15,sh.601777,3.9400,4.0600,3.9200,4.0100,3.9600,26554489,106333345.0500
2024-08-16,sh.601777,4.0200,4.0600,3.9700,4.0000,4.0100,21190852,85185009.3100
2024-08-19,sh.601777,4.0000,4.1100,3.9700,4.0100,4.0000,19394926,78437658.2600
2024-08-20,sh.601777,4.0000,4.1200,3.9800,4.0100,4.0100,24595100,99166651.0000
2024-08-21,sh.601777,3.9800,4.0100,3.9300,3.9700,4.0100,14640500,58054765.0000
2024-08-22,sh.601777,3.9300,3.9800,3.8600,3.9200,3.9700,18777781,73573421.8600
2024-08-23,sh.601777,3.9100,3.9400,3.8700,3.9100,3.9200,15907056,62029095.8400
2024-08-26,sh.601777,4.0100,4.0200,3.8300,3.8500,3.9100,22378900,86890145.0600
2024-08-27,sh.601777,3.9700,3.9700,3.8100,3.8600,3.8500,23297800,90025036.0000
2024-08-28,sh.601777,3.8300,3.9000,3.8100,3.8500,3.8600,17893549,68894042.6200
2024-08-29,sh.601777,3.8400,3.8900,3.8000,3.8000,3.8500,17689600,67921160.0000
2024-08-30,sh.601777,3.7700,3.9500,3.7600,3.9100,3.8000,30758512,119323075.7000
2024-09-02,sh.601777,3.9200,4.1000,3.8100,3.8300,3.9100,36746700,143934011.8900
2024-09-03,sh.601777,3.8800,3.8800,3.7500,3.7700,3.8300,17715800,67308836.0000
2024-09-04,sh.601777,3.8000,3.8200,3.7400,3.7800,3.7700,17915800,67767372.0000
2024-09-05,sh.601777,3.8000,3.9100,3.7800,3.8800,3.7800,21371527,82300422.3000
2024-09-06,sh.601777,3.8800,3.9800,3.8000,3.8100,3.8800,26435300,101992213.0000
2024-09-09,sh.601777,3.8400,3.9400,3.7400,3.8700,3.8100,30372796,117331002.4400
2024-09-10,sh.601777,3.8600,3.8700,3.7700,3.8600,3.8700,17718600,67613779.0000
2024-09-11,sh.601777,3.8700,3.9000,3.8200,3.8600,3.8600,13589725,52510651.7500
2024-09-12,sh.601777,3.8500,3.9600,3.8400,3.8900,3.8600,23248600,90451067.0000
2024-09-13,sh.601777,3.9100,4.1200,3.8400,3.9600,3.8900,46437351,185469542.0000
2024-09-18,sh.601777,3.9600,3.9800,3.8500,3.8800,3.9600,27474417,107134810.6200
2024-09-19,sh.601777,3.8800,4.0800,3.8600,4.0000,3.8800,29126150,116097506.0000
2024-09-20,sh.601777,4.0000,4.0200,3.8700,3.9400,4.0000,28633348,112215796.2400
2024-09-23,sh.601777,3.9100,4.0100,3.8800,3.9100,3.9400,21018200,82698922.0000
2024-09-24,sh.601777,3.9200,4.0300,3.8100,4.0200,3.9100,37813748,148830503.5200
2024-09-25,sh.601777,4.0200,4.1200,3.9600,3.9600,4.0200,33217625,134472640.3400
2024-09-26,sh.601777,3.9700,4.1000,3.9300,4.1000,3.9600,39082412,157050649.7200
2024-09-27,sh.601777,4.1500,4.2700,4.1200,4.2500,4.1000,29024631,122495796.5800
2024-09-30,sh.601777,4.4200,4.6800,4.4100,4.6800,4.2500,72809130,335777840.2100
2024-10-08,sh.601777,5.1500,5.1500,4.7000,5.0500,4.6800,107917571,538442212.2000
2024-10-09,sh.601777,4.9500,5.0300,4.5600,4.8500,5.0500,90683826,437973183.0700
2024-10-10,sh.601777,4.8500,5.3400,4.7800,5.3400,4.8500,161832081,834849358.3000
2024-10-11,sh.601777,5.2200,5.2500,4.8100,4.8100,5.3400,132583835,652055815.3200
2024-10-14,sh.601777,4.6000,4.7000,4.3800,4.6000,4.8100,102583175,462425249.0800
2024-10-15,sh.601777,4.4800,4.7200,4.4500,4.5800,4.6000,60485576,279308441.9100
2024-10-16,sh.601777,4.5000,4.6600,4.4800,4.5900,4.5800,39033280,178923441.8700
2024-10-17,sh.601777,4.6000,4.8400,4.5800,4.6000,4.5900,55818917,262449382.2300
2024-10-18,sh.601777,4.6100,4.8000,4.5000,4.7100,4.6000,54819631,257341938.1600
2024-10-21,sh.601777,4.8300,5.1600,4.7600,5.0700,4.7100,88503060,445625362.0100
2024-10-22,sh.601777,5.0300,5.4300,5.0200,5.3100,5.0700,102271402,540242249.5500
2024-10-23,sh.601777,5.4500,5.8400,5.4300,5.8400,5.3100,122292536,699833809.5000
2024-10-24,sh.601777,6.0800,6.1500,5.6800,6.0100,5.8400,212440857,1258228287.6900
2024-10-25,sh.601777,6.1000,6.6100,6.0800,6.4700,6.0100,212845401,1371455619.5300
2024-10-28,sh.601777,6.3500,7.1200,6.1200,7.1200,6.4700,167789073,1146595307.9900
2024-10-29,sh.601777,7.6000,7.8300,7.2800,7.8300,7.1200,135367056,1043942670.9300
2024-10-30,sh.601777,7.8700,8.4800,7.5100,7.7600,7.8300,303716140,2404797432.1000
2024-10-31,sh.601777,7.5900,7.9200,7.3400,7.5500,7.7600,230838781,1757707447.1500
2024-11-01,sh.601777,7.3700,7.8000,6.9500,7.3900,7.5500,176864902,1304594581.7900
2024-11-04,sh.601777,7.3000,7.6900,7.2800,7.4700,7.3900,116843153,877210182.7500
2024-11-05,sh.601777,7.5800,8.1500,7.5300,7.9600,7.4700,169849481,1340970689.0300
2024-11-06,sh.601777,8.0100,8.5500,7.8600,8.1400,7.9600,171961450,1396177223.6100
2024-11-07,sh.601777,8.0100,8.5400,7.9500,8.3200,8.1400,135289587,1117564762.6300
2024-11-08,sh.601777,8.5500,9.1500,8.4200,8.8600,8.3200,144370387,1292872844.8200
2024-11-11,sh.601777,9.0700,9.0900,8.4800,8.8200,8.8600,155795812,1363702255.4400
2024-11-12,sh.601777,8.9600,8.9600,7.9400,7.9400,8.8200,212315279,1753402656.5900
2024-11-13,sh.601777,7.7000,7.9400,7.3000,7.5400,7.9400,172314642,1293320525.8700
2024-11-14,sh.601777,7.5000,7.6500,7.3400,7.3800,7.5400,92678423,693874083.2400
2024-11-15,sh.601777,7.3000,7.4400,7.0100,7.0400,7.3800,99722297,719676235.3000
2024-11-18,sh.601777,7.0600,7.1400,6.6500,6.6900,7.0400,91944157,625865190.8400
2024-11-19,sh.601777,6.6900,7.0800,6.6100,7.0700,6.6900,90198498,617271793.1600
2024-11-20,sh.601777,7.0800,7.1400,6.9100,7.0700,7.0700,68083450,478012079.0000
2024-11-21,sh.601777,7.0800,7.5200,7.0000,7.3500,7.0700,112219839,820247129.1700
2024-11-22,sh.601777,7.3100,7.5100,7.0000,7.0100,7.3500,80172939,580676331.9600
2024-11-25,sh.601777,6.9500,7.1000,6.7200,7.0700,7.0100,63734917,441775580.5700
2024-11-26,sh.601777,7.0300,7.1500,6.9000,6.9800,7.0700,38583000,269837917.8300
2024-11-27,sh.601777,6.9500,7.1000,6.7900,7.0900,6.9800,50867260,352374214.7800
2024-11-28,sh.601777,7.1300,7.4300,7.0800,7.2100,7.0900,77286169,561416252.3700
2024-11-29,sh.601777,7.1800,7.2800,6.9300,7.0500,7.2100,65552796,463844918.9800
2024-12-02,sh.601777,7.2500,7.7600,7.1200,7.7600,7.0500,123723030,942144736.9800
2024-12-03,sh.601777,8.0000,8.0000,7.5700,7.7200,7.7600,125471268,973123680.6700
2024-12-04,sh.601777,7.6400,7.6900,7.1200,7.1400,7.7200,98222118,720043412.5200
2024-12-05,sh.601777,7.1800,7.4300,7.0700,7.3400,7.1400,62941474,458966358.3800
2024-12-06,sh.601777,7.3300,7.4200,7.1000,7.3700,7.3400,58205188,423730220.5300
2024-12-09,sh.601777,7.3300,7.5300,7.2000,7.3000,7.3700,46880069,344232914.3900
2024-12-10,sh.601777,7.5000,7.8900,7.3600,7.7000,7.3000,112472072,860450408.4800
2024-12-11,sh.601777,7.6000,7.9700,7.5100,7.7000,7.7000,77673025,597808004.8700
2024-12-12,sh.601777,7.6900,7.8500,7.5300,7.7300,7.7000,61227402,470717616.5600
2024-12-13,sh.601777,7.6600,7.8800,7.4000,7.7000,7.7300,76099301,585980484.7500
2024-12-16,sh.601777,7.6400,7.6500,7.3800,7.4300,7.7000,49056700,366515128.0000
2024-12-17,sh.601777,7.4000,7.4900,7.2100,7.2600,7.4300,41751355,305306108.8800
2024-12-18,sh.601777,7.2700,7.3200,7.0900,7.1100,7.2600,38545981,277004126.1000
2024-12-19,sh.601777,7.0100,7.1900,6.9900,7.1400,7.1100,37400667,265432367.8400
2024-12-20,sh.601777,7.1400,7.2300,7.0000,7.1100,7.1400,41085003,291872816.3200
2024-12-23,sh.601777,7.0600,7.3200,6.9500,7.1900,7.1100,61972016,444227489.6200
2024-12-24,sh.601777,7.2100,7.2900,6.9200,7.0400,7.1900,56865426,400313026.5800
2024-12-25,sh.601777,7.0800,7.0900,6.7900,6.9600,7.0400,40775238,281583631.4800
2024-12-26,sh.601777,7.0000,7.2000,6.9600,7.1100,6.9600,51309852,366294940.8600
2024-12-27,sh.601777,7.1800,7.4200,7.0100,7.2600,7.1100,59959508,435839907.9900
2024-12-30,sh.601777,7.2700,7.3300,7.1000,7.2200,7.2600,39479490,284553694.8200
2024-12-31,sh.601777,7.2700,7.7500,7.1000,7.6500,7.2200,139694274,1045841494.9100
2025-01-02,sh.601777,7.4700,7.5600,6.8900,6.8900,7.6500,110636590,785626796.1900
2025-01-03,sh.601777,6.9000,6.9400,6.3500,6.4100,6.8900,99943799,659919315.7300
2025-01-06,sh.601777,6.3800,6.4600,6.1000,6.1500,6.4100,66108014,410517342.2600
2025-01-07,sh.601777,6.1500,6.4500,6.1300,6.3300,6.1500,53392626,338335001.8600
2025-01-08,sh.601777,6.2300,6.3000,5.7600,6.0400,6.3300,84071393,501205444.3400
2025-01-09,sh.601777,6.0100,6.1400,5.9200,6.0600,6.0400,43435800,263617042.0000
2025-01-10,sh.601777,6.0800,6.1500,5.8500,5.8600,6.0600,34442500,206507516.1000
2025-01-13,sh.601777,5.7500,5.9000,5.6200,5.8800,5.8600,41656106,241133907.2000
2025-01-14,sh.601777,5.9600,6.2500,5.8100,6.2500,5.8800,44460599,271326968.7700
2025-01-15,sh.601777,6.2600,6.4000,6.1200,6.2400,6.2500,39308522,246055464.1600
2025-01-16,sh.601777,6.2500,6.4400,6.1600,6.2300,6.2400,35628700,223171501.3000
2025-01-17,sh.601777,6.2000,6.3000,6.1400,6.2200,6.2300,22081404,137197134.0000
2025-01-20,sh.601777,6.2900,6.3700,6.2500,6.3000,6.2200,27660400,174256285.0000
2025-01-21,sh.601777,6.3400,6.3700,6.1600,6.2300,6.3000,22247277,138593233.6300
2025-01-22,sh.601777,6.1800,6.5600,6.1400,6.2800,6.2300,52284092,330644963.1200
2025-01-23,sh.601777,6.3500,6.5500,6.2500,6.2500,6.2800,46857700,299043785.0000
2025-01-24,sh.601777,6.2500,6.5100,6.1500,6.3600,6.2500,43229830,274528889.7000
2025-01-27,sh.601777,6.4400,6.4800,6.2000,6.2000,6.3600,38960300,244960510.0000
2025-02-05,sh.601777,6.3900,6.8200,6.2900,6.7400,6.2000,94315327,630414083.0000
2025-02-06,sh.601777,6.7400,7.0900,6.6800,7.0500,6.7400,86948392,600433721.1600
2025-02-07,sh.601777,7.1300,7.5500,7.0500,7.4300,7.0500,101695705,746972979.1300
2025-02-10,sh.601777,7.5000,7.8400,7.4000,7.6900,7.4300,93653054,714797489.1100
2025-02-11,sh.601777,7.7700,7.7800,7.3800,7.4700,7.6900,102504313,771475521.2500
2025-02-12,sh.601777,7.4800,7.7400,7.4000,7.6100,7.4700,81993541,618626736.0900
2025-02-13,sh.601777,7.6000,8.0900,7.5600,7.8800,7.6100,111187234,880083386.2700
2025-02-14,sh.601777,7.9000,8.1700,7.7800,7.9500,7.8800,72532909,575308064.7300
2025-02-17,sh.601777,8.2000,8.7500,8.1700,8.7500,7.9500,143118150,1229617233.9500
2025-02-18,sh.601777,8.8100,8.8100,7.8800,7.8800,8.7500,181071066,1462810482.5900
2025-02-19,sh.601777,7.7800,8.6700,7.7400,8.6700,7.8800,169892022,1420243298.4400
2025-02-20,sh.601777,8.6800,8.9700,8.6300,8.7100,8.6700,123303691,1081221534.4800
2025-02-21,sh.601777,8.6300,9.1800,8.5900,9.0500,8.7100,125627967,1112826701.4300
2025-02-24,sh.601777,9.0600,9.9000,9.0500,9.6800,9.0500,154317444,1470001527.3700
2025-02-25,sh.601777,9.3000,10.5000,9.3000,10.2000,9.6800,154118646,1551879537.5000
2025-02-26,sh.601777,10.3500,10.4000,9.8000,9.9200,10.2000,133676284,1334766028.1300
2025-02-27,sh.601777,10.1000,10.4600,9.7100,10.3000,9.9200,142271631,1427540043.8800
2025-02-28,sh.601777,10.2300,10.4000,9.4800,9.5700,10.3000,124938997,1218213101.1100
2025-03-03,sh.601777,9.7300,10.1100,9.1000,9.1600,9.5700,134507811,1287247703.0800
2025-03-04,sh.601777,9.1700,9.4000,8.9600,9.1900,9.1600,82975480,761667740.2400
2025-03-05,sh.601777,9.2500,9.3100,8.8100,9.0900,9.1900,83959015,754996409.2400
2025-03-06,sh.601777,9.1600,9.3400,9.0700,9.2000,9.0900,69570542,641453573.9600
2025-03-07,sh.601777,9.1400,9.3500,9.0300,9.1100,9.2000,61949000,569433862.0000
2025-03-10,sh.601777,9.1100,9.1300,8.8500,9.0800,9.1100,50059116,451419933.1100
2025-03-11,sh.601777,8.9800,9.0500,8.6900,8.8100,9.0800,68633906,605437587.6500
2025-03-12,sh.601777,8.8900,9.1900,8.8300,9.0100,8.8100,75602631,685375509.1600
2025-03-13,sh.601777,9.0000,9.0100,8.5500,8.6700,9.0100,59306300,517818817.6800
2025-03-14,sh.601777,8.6400,8.9000,8.5600,8.8400,8.6700,43943716,386851419.4400
2025-03-17,sh.601777,8.8500,9.0000,8.7500,8.9000,8.8400,39263900,349446519.0000
2025-03-18,sh.601777,8.8600,8.9300,8.7100,8.7500,8.9000,36744806,322850312.9000
2025-03-19,sh.601777,8.7500,8.7700,8.5100,8.5900,8.7500,44452146,381788448.2200
2025-03-20,sh.601777,8.5100,9.0700,8.4100,8.7800,8.5900,78608847,690021090.2900
2025-03-21,sh.601777,8.7000,8.8100,8.2500,8.4700,8.7800,66360818,558756075.3000
2025-03-24,sh.601777,8.3300,8.3900,8.0500,8.2100,8.4700,47332503,388929385.5000
2025-03-25,sh.601777,8.2300,8.2700,8.0600,8.1200,8.2100,32997300,268504188.0000
2025-03-26,sh.601777,8.1400,8.3000,8.0800,8.2000,8.1200,28267700,232092629.0000
2025-03-27,sh.601777,8.1500,8.3300,8.0900,8.1900,8.2000,23616669,193988364.1100
2025-03-28,sh.601777,8.2600,8.4600,8.1700,8.2200,8.1900,45304600,377322687.0600
2025-03-31,sh.601777,8.2000,8.3900,8.1100,8.2500,8.2200,35994903,296400066.3300
2025-04-01,sh.601777,8.2500,8.6500,8.1800,8.3800,8.2500,58511500,492722533.5700
2025-04-02,sh.601777,8.3900,8.5900,8.2800,8.5700,8.3800,45792054,387500827.3900
2025-04-03,sh.601777,8.4400,8.5300,8.2500,8.3300,8.5700,44310100,371523577.0000
2025-04-07,sh.601777,7.5100,7.9800,7.5000,7.5000,8.3300,61689301,470778937.9700
2025-04-08,sh.601777,7.5100,7.6500,7.1500,7.3900,7.5000,76065630,558955090.0400
2025-04-09,sh.601777,7.2000,7.5500,6.6500,7.4600,7.3900,76467323,542602778.7800
2025-04-10,sh.601777,7.6100,7.9900,7.6100,7.8300,7.4600,72675192,568117865.4300
2025-04-11,sh.601777,7.6900,8.2300,7.6500,8.1300,7.8300,65047703,525481088.3700
2025-04-14,sh.601777,8.1900,8.4400,8.1300,8.3500,8.1300,49980388,413415261.8500
2025-04-15,sh.601777,8.3500,8.4000,8.2200,8.3500,8.3500,30886227,256739487.5600
2025-04-16,sh.601777,8.3000,8.3100,7.9900,8.0500,8.3500,37442068,303790534.3800
2025-04-17,sh.601777,8.0300,8.2000,7.9900,8.1500,8.0500,24249818,197394720.6500
2025-04-18,sh.601777,8.0500,8.6500,8.0500,8.5800,8.1500,57162756,480227309.5800
2025-04-21,sh.601777,8.3000,8.4500,8.0900,8.3300,8.5800,55065236,455521609.0400
2025-04-22,sh.601777,8.2500,8.3200,8.0900,8.1000,8.3300,37444742,305098997.2000
2025-04-23,sh.601777,8.1000,8.2400,8.0400,8.1100,8.1000,28716450,233511529.0000
2025-04-24,sh.601777,8.1200,8.2500,8.0600,8.0800,8.1100,27732550,225656547.5000
2025-04-25,sh.601777,8.1200,8.4900,8.1100,8.3300,8.0800,55259596,461020905.8600
2025-04-28,sh.601777,8.3800,8.5000,8.2400,8.4300,8.3300,37460050,314077308.3200
2025-04-29,sh.601777,8.4600,8.8700,8.3400,8.7600,8.4300,57960810,501688375.8700
2025-04-30,sh.601777,8.7600,8.9900,8.7500,8.8600,8.7600,51977034,460993312.8000
2025-05-06,sh.601777,8.9100,9.0700,8.8000,8.9500,8.8600,43190993,386090649.5100
2025-05-07,sh.601777,9.1700,9.3100,8.9500,9.0000,8.9500,58157029,531929177.4000
2025-05-08,sh.601777,9.0500,9.3900,9.0300,9.2300,9.0000,46469403,430002850.7500
2025-05-09,sh.601777,9.2300,9.4900,9.0000,9.0100,9.2300,46269975,422167020.6000
2025-05-12,sh.601777,9.1200,9.1200,8.8200,8.9300,9.0100,41455679,368701099.4100
2025-05-13,sh.601777,9.0300,9.1400,8.8600,8.9800,8.9300,34802000,312418630.0000
2025-05-14,sh.601777,8.9200,9.0000,8.7000,8.7900,8.9800,37175150,327369486.5000
2025-05-15,sh.601777,8.7500,8.7900,8.5000,8.7100,8.7900,34167416,295456385.6800
2025-05-16,sh.601777,8.7300,8.9000,8.6100,8.7100,8.7100,30125000,263603841.3300
2025-05-19,sh.601777,8.7800,8.8100,8.5500,8.7200,8.7100,30130089,261010806.7100
2025-05-20,sh.601777,8.7200,8.9500,8.5800,8.9400,8.7200,44529501,393757562.8900
2025-05-21,sh.601777,8.8900,8.9900,8.7300,8.8500,8.9400,29394241,259531256.6200
2025-05-22,sh.601777,8.8200,8.9100,8.7600,8.7600,8.8500,21458843,189442074.6800
2025-05-23,sh.601777,8.7300,8.8700,8.3900,8.3900,8.7600,49284619,425490837.9400
2025-05-26,sh.601777,8.3700,8.4900,8.1600,8.4100,8.3900,34030771,283738391.6800
2025-05-27,sh.601777,8.4200,8.4300,8.2200,8.3600,8.4100,21304800,177178992.0000
2025-05-28,sh.601777,8.3800,8.4300,8.1500,8.2000,8.3600,25396302,210297547.5500
2025-05-29,sh.601777,8.1200,8.4500,8.1200,8.4000,8.2000,34330371,288037526.6400
2025-05-30,sh.601777,8.3900,8.3900,8.2000,8.2800,8.4000,25402512,209966204.1300
2025-06-03,sh.601777,8.2700,8.4200,8.1200,8.2700,8.2800,23460300,194262627.4800
2025-06-04,sh.601777,8.3300,8.4400,8.2900,8.3300,8.2700,23966645,200246589.0400
2025-06-05,sh.601777,8.3400,8.5300,8.2500,8.4700,8.3300,31103784,262303730.8300
2025-06-06,sh.601777,8.5300,8.5300,8.3300,8.3900,8.4700,26793279,225070902.3900
2025-06-09,sh.601777,8.3600,8.6700,8.3600,8.5800,8.3900,31422519,268351872.4500
2025-06-10,sh.601777,8.5800,8.7300,8.3900,8.4100,8.5800,32000402,272098455.2400
2025-06-11,sh.601777,8.4200,8.5400,8.3900,8.4000,8.4100,20316600,171931889.0000
2025-06-12,sh.601777,8.4200,8.9600,8.3300,8.8000,8.4000,73946646,646687926.3200
2025-06-13,sh.601777,8.7600,8.7800,8.4200,8.4300,8.8000,51123570,435790091.8400
2025-06-16,sh.601777,8.4000,8.4800,8.2700,8.4500,8.4300,26716500,224410462.3700
2025-06-17,sh.601777,8.4600,8.5000,8.3800,8.4700,8.4500,19273600,162513228.5500
2025-06-18,sh.601777,8.4700,8.6900,8.3500,8.6700,8.4700,44150906,377716325.3600
2025-06-19,sh.601777,8.6400,8.6500,8.2100,8.2500,8.6700,55596145,465072565.8200
2025-06-20,sh.601777,8.2500,8.3300,8.1300,8.2900,8.2500,24787100,204101365.0000
2025-06-23,sh.601777,8.2200,8.5600,8.1900,8.4800,8.2900,40125150,336307735.5000
2025-06-24,sh.601777,8.8000,9.1000,8.6600,8.8800,8.4800,74345653,661560008.0500
2025-06-25,sh.601777,8.8300,8.9600,8.8100,8.9300,8.8800,42722894,380116001.2200
2025-06-26,sh.601777,8.8800,8.9500,8.5300,8.5600,8.9300,50608094,438699750.6600
2025-06-27,sh.601777,8.5600,8.6200,8.4400,8.4700,8.5600,29221505,248959251.7900
2025-06-30,sh.601777,8.4200,8.4900,8.4000,8.4900,8.4700,24565198,207274738.1800
2025-07-01,sh.601777,8.5300,8.5800,8.4200,8.4500,8.4900,22820211,193285416.7200
2025-07-02,sh.601777,8.4500,8.4500,8.3200,8.3400,8.4500,19992901,167367732.3800
2025-07-03,sh.601777,8.3600,8.3900,8.2800,8.3400,8.3400,14860600,123761309.0000
2025-07-04,sh.601777,8.3000,8.3800,8.2700,8.3200,8.3400,14030000,116916907.0000
2025-07-07,sh.601777,8.3700,8.3700,8.2700,8.2800,8.3200,17400200,144330693.0000
2025-07-08,sh.601777,8.2600,8.3300,8.2400,8.2800,8.2800,16740451,138495123.7700
2025-07-09,sh.601777,8.3000,8.3200,8.2500,8.2800,8.2800,16265900,134605616.0000
2025-07-10,sh.601777,8.2500,8.5000,8.2000,8.4600,8.2800,35215319,293939896.6100
2025-07-11,sh.601777,8.4200,8.5200,8.3600,8.3800,8.4600,21830061,183811826.3600
2025-07-14,sh.601777,8.3300,8.3900,8.3200,8.3600,8.3800,13744328,114837449.0100
2025-07-15,sh.601777,8.3300,8.4900,8.2900,8.3100,8.3600,20575571,171984834.3000
2025-07-16,sh.601777,8.3000,8.4300,8.2500,8.3600,8.3100,18987521,158643822.8300
2025-07-17,sh.601777,8.3600,8.5200,8.3200,8.4500,8.3600,25192381,211921211.0100
2025-07-18,sh.601777,8.4400,8.6500,8.4100,8.6000,8.4500,32100303,273956836.1300
2025-07-21,sh.601777,8.5700,8.6900,8.5600,8.6400,8.6000,26715350,230446977.0000
2025-07-22,sh.601777,8.6500,8.6500,8.4100,8.4300,8.6400,29739776,253597970.9700
2025-07-23,sh.601777,8.4800,8.5600,8.3800,8.4300,8.4300,21508936,182295922.0800
2025-07-24,sh.601777,8.4200,8.4900,8.3200,8.3600,8.4300,30862736,258378040.2400
2025-07-25,sh.601777,8.3700,8.6400,8.3400,8.4800,8.3600,36556724,310745835.0400
2025-07-28,sh.601777,8.5600,8.6800,8.4800,8.5300,8.4800,33024327,282628154.2600
2025-07-29,sh.601777,8.5300,8.5500,8.2700,8.3300,8.5300,38576183,322422868.7100
2025-07-30,sh.601777,8.3100,8.4200,8.2500,8.3000,8.3300,27086309,225052909.5100
2025-07-31,sh.601777,8.2700,8.3200,8.1500,8.2200,8.3000,31615210,259770038.9300
2025-08-01,sh.601777,8.2200,8.5500,8.2000,8.3200,8.2200,35949491,301619115.9500
2025-08-04,sh.601777,8.3000,8.3900,8.1800,8.3900,8.3200,28139856,232593362.0600
2025-08-05,sh.601777,8.4000,8.8900,8.3600,8.6500,8.3900,82605992,719259412.1300
2025-08-06,sh.601777,8.6500,8.7700,8.5600,8.7600,8.6500,46222699,401780919.8200
2025-08-07,sh.601777,8.7600,9.1600,8.7500,9.0900,8.7600,75471746,676664699.0900
2025-08-08,sh.601777,9.0900,9.3700,8.9000,9.2200,9.0900,64235080,589611335.3500
2025-08-11,sh.601777,9.2500,9.7000,9.1800,9.6300,9.2200,75041220,715226360.5300
2025-08-12,sh.601777,9.6300,9.8200,9.5100,9.7500,9.6300,56803135,549048959.3900
2025-08-13,sh.601777,9.7600,10.1800,9.6600,10.0900,9.7500,59045811,586296453.7700
2025-08-14,sh.601777,10.0800,10.2200,9.8000,9.8400,10.0900,70342639,701696654.3500
2025-08-15,sh.601777,9.8400,10.2300,9.7200,10.1600,9.8400,59655717,601067567.3300
2025-08-18,sh.601777,10.2500,10.9600,10.2500,10.7900,10.1600,74616954,797506705.9800
2025-08-19,sh.601777,10.7900,10.9600,10.6100,10.9000,10.7900,57061715,617692082.2200
2025-08-20,sh.601777,11.0000,11.3700,10.7500,11.2400,10.9000,63984822,704666270.1100
2025-08-21,sh.601777,11.2400,11.2900,10.7600,10.8600,11.2400,68630752,751141442.4300
2025-08-22,sh.601777,10.8300,11.0300,10.7500,10.9300,10.8600,49759021,542185423.0000
2025-08-25,sh.601777,10.8000,10.9800,10.5000,10.6400,10.9300,107259558,1147028991.8900
2025-08-26,sh.601777,10.7000,10.9700,10.5600,10.8300,10.6400,61504938,661237187.4300
2025-08-27,sh.601777,10.9000,11.4400,10.8300,10.9300,10.8300,93014588,1037141256.4300
2025-08-28,sh.601777,10.9500,11.5800,10.8300,11.5700,10.9300,81246417,917407793.7500
2025-08-29,sh.601777,11.5700,12.1000,11.4200,11.8200,11.5700,73704783,867672578.3500
2025-09-01,sh.601777,11.8200,12.3300,11.8200,12.1000,11.8200,75552330,915943832.2200
2025-09-02,sh.601777,12.1300,12.1800,11.6300,11.7700,12.1000,70856320,838181996.5300
2025-09-03,sh.601777,11.9200,12.1000,11.4500,11.6100,11.7700,55326014,647823505.6000
2025-09-04,sh.601777,11.7500,11.7700,10.9700,11.2000,11.6100,71798861,815051642.1500
2025-09-05,sh.601777,11.2000,11.4500,10.9500,11.3800,11.2000,48221442,539713421.0100
2025-09-08,sh.601777,11.5500,11.6800,11.1000,11.3400,11.3800,47679300,540958365.4500
2025-09-09,sh.601777,11.3000,11.3800,11.1200,11.1400,11.3400,34652346,388960901.3600
2025-09-10,sh.601777,11.1600,11.5300,11.1300,11.1800,11.1400,42678131,483222921.2700
2025-09-11,sh.601777,11.1800,11.3300,11.0500,11.3100,11.1800,41825600,469834797.5600
2025-09-12,sh.601777,11.3400,11.4400,11.2200,11.2800,11.3100,33537508,379727693.2300
2025-09-15,sh.601777,11.3300,11.9900,11.3300,11.4500,11.2800,72724892,850090172.9300
2025-09-16,sh.601777,11.4600,11.6200,11.2500,11.5800,11.4500,42257361,483650154.4700
2025-09-17,sh.601777,11.6000,12.0500,11.4500,11.8800,11.5800,56568454,663219191.5800
2025-09-18,sh.601777,11.8900,13.0700,11.8900,12.7700,11.8800,135314120,1726247629.8600
2025-09-19,sh.601777,13.1000,13.1800,11.4900,11.4900,12.7700,162548077,1932108732.6300
2025-09-22,sh.601777,11.4900,12.4000,11.4500,12.3300,11.4900,152251836,1847135726.1300
2025-09-23,sh.601777,12.3300,12.7400,12.2100,12.5200,12.3300,90522698,1124939007.1400
2025-09-24,sh.601777,12.5000,13.4500,12.3000,13.1600,12.5200,91952789,1188089864.1300
2025-09-25,sh.601777,13.5600,13.8600,12.6700,12.9900,13.1600,116631863,1533661046.9500
2025-09-26,sh.601777,13.1000,13.6800,12.9900,13.1500,12.9900,88891294,1186640285.4400
2025-09-29,sh.601777,13.3300,13.3300,12.0100,12.4200,13.1500,107348361,1334038286.4500
2025-09-30,sh.601777,12.5100,12.8300,12.4100,12.4300,12.4200,68345496,859909134.7100
2025-10-09,sh.601777,12.4500,12.5500,11.9600,11.9700,12.4300,86022741,1041856732.4200
2025-10-10,sh.601777,11.9800,12.1000,11.7900,11.8100,11.9700,60987289,728451525.7000
2025-10-13,sh.601777,11.2800,11.4500,11.0800,11.3200,11.8100,72151008,814510600.1100
2025-10-14,sh.601777,11.6500,11.8200,11.1500,11.2100,11.3200,58222831,666457110.5800
2025-10-15,sh.601777,11.2300,11.9000,11.1500,11.8400,11.2100,72325663,841157812.7000
2025-10-16,sh.601777,11.8500,12.3300,11.8000,11.9700,11.8400,86332607,1041334969.9100
2025-10-17,sh.601777,12.0500,12.0500,11.3400,11.3900,11.9700,53913301,621715746.2900
2025-10-20,sh.601777,11.5200,11.5800,11.1700,11.2500,11.3900,31097852,352167951.2600
2025-10-21,sh.601777,11.3000,11.4100,11.1200,11.3200,11.2500,34116557,383600664.1500
2025-10-22,sh.601777,11.3000,11.3200,11.1200,11.1300,11.3200,23417610,261774647.4000
2025-10-23,sh.601777,11.1300,11.2000,10.8300,11.1300,11.1300,28926584,318515768.0000
2025-10-24,sh.601777,11.2300,11.3800,11.1100,11.3300,11.1300,44574012,500803942.0000
2025-10-27,sh.601777,11.5000,11.5400,11.1100,11.2100,11.3300,34600239,390544566.5200
2025-10-28,sh.601777,11.2000,11.5800,11.1300,11.4100,11.2100,42105113,479809738.3200
2025-10-29,sh.601777,11.4900,11.7600,11.3000,11.6500,11.4100,38158918,441064525.8300
2025-10-30,sh.601777,11.6500,11.8800,11.5400,11.6000,11.6500,35396933,412795582.2200
2025-10-31,sh.601777,11.6200,12.0300,11.5000,11.9100,11.6000,46655684,553155664.4900
2025-11-03,sh.601777,11.9100,12.0000,11.5100,11.6600,11.9100,46262098,541487572.7200
2025-11-04,sh.601777,11.7000,11.7000,11.3100,11.4300,11.6600,28280931,323603353.8700
2025-11-05,sh.601777,11.3500,11.7700,11.3100,11.5800,11.4300,28228810,328058845.9000
2025-11-06,sh.601777,11.6600,12.2000,11.6000,12.0800,11.5800,60416553,719681628.1200
2025-11-07,sh.601777,12.1100,12.3500,11.9300,12.1300,12.0800,42835539,520505353.3400
2025-11-10,sh.601777,12.2700,12.5500,11.8400,11.8800,12.1300,46027686,559024100.4900
2025-11-11,sh.601777,11.8300,11.9100,11.5000,11.5300,11.8800,38205393,444570880.4700
2025-11-12,sh.601777,11.5300,11.6000,11.3700,11.3800,11.5300,21018595,240891596.0500
2025-11-13,sh.601777,11.4400,11.4600,11.1600,11.3700,11.3800,25091016,284038614.2000
2025-11-14,sh.601777,11.3300,11.3900,11.2000,11.2500,11.3700,19385940,218787916.6600
2025-11-17,sh.601777,10.9300,11.3300,10.8100,11.1700,11.2500,28296909,315288932.1100
2025-11-18,sh.601777,11.1800,11.4800,11.1500,11.3900,11.1700,27884606,314725011.2800
2025-11-19,sh.601777,11.5000,11.5500,11.2200,11.2600,11.3900,22365667,253309692.6900
2025-11-20,sh.601777,11.3500,11.3500,10.9800,11.0900,11.2600,20001499,223128902.6800
2025-11-21,sh.601777,11.1000,11.2100,10.7900,10.8800,11.0900,29036056,318886268.6200
2025-11-24,sh.601777,10.9400,11.0500,10.6500,10.8100,10.8800,41203925,447125341.1500
2025-11-25,sh.601777,10.8900,10.9400,10.3700,10.5000,10.8100,42645600,454134471.0000
2025-11-26,sh.601777,10.4700,10.6200,10.3700,10.5000,10.5000,22705422,238240623.7900
2025-11-27,sh.601777,10.5000,10.5700,10.3100,10.3200,10.5000,22818514,238373528.2900
2025-11-28,sh.601777,10.3800,10.7300,10.2600,10.7200,10.3200,30514133,321119888.0000
2025-12-01,sh.601777,10.7100,10.7500,10.4800,10.5400,10.7200,22121313,234045303.0800
2025-12-02,sh.601777,10.5100,10.5400,10.2700,10.4300,10.5400,20976020,217084159.6000
2025-12-03,sh.601777,10.4200,10.4600,10.0700,10.1000,10.4300,24103100,246037561.4900
2025-12-04,sh.601777,10.1600,10.2100,10.0400,10.1400,10.1000,19981962,202431609.8800
2025-12-05,sh.601777,10.1400,10.3200,10.0200,10.3000,10.1400,18353173,187168215.8100
2025-12-08,sh.601777,10.3600,10.7000,10.3400,10.4200,10.3000,27523592,289270954.0800
2025-12-09,sh.601777,10.4100,10.5900,10.3400,10.5200,10.4200,17293601,181700389.5000
2025-12-10,sh.601777,10.5900,10.7700,10.3200,10.6100,10.5200,24768029,262087575.0700
2025-12-11,sh.601777,10.6100,10.6900,10.4200,10.4200,10.6100,20140582,211815131.6800
2025-12-12,sh.601777,10.3800,10.5000,10.3200,10.4200,10.4200,15582891,162350449.4800
2025-12-15,sh.601777,10.3500,10.3800,10.1500,10.1600,10.4200,16275589,166667555.6500
2025-12-16,sh.601777,10.3400,10.4600,10.0400,10.3300,10.1600,25211550,258153696.0000
2025-12-17,sh.601777,10.3000,10.5500,10.1300,10.4200,10.3300,22024025,227300395.7500
2025-12-18,sh.601777,10.3300,10.4000,10.2000,10.2000,10.4200,15609822,160620385.2100
2025-12-19,sh.601777,10.2000,10.6600,10.1700,10.4500,10.2000,29770290,311528291.2500
2025-12-22,sh.601777,10.5600,11.0600,10.5600,10.7200,10.4500,38014865,411243269.2000
2025-12-23,sh.601777,10.6900,10.7300,10.3300,10.4000,10.7200,25993161,272611956.9600
2025-12-24,sh.601777,10.4000,10.7100,10.3100,10.6600,10.4000,25463143,268762685.8100
2025-12-25,sh.601777,10.8000,10.9900,10.7100,10.7800,10.6600,22914652,247749294.6100
2025-12-26,sh.601777,10.8000,10.8500,10.6000,10.7100,10.7800,19149045,205673248.5100
2025-12-29,sh.601777,10.6800,11.1500,10.6500,10.9000,10.7100,34124858,373687972.5300
2025-12-30,sh.601777,10.8300,10.8500,10.6300,10.7000,10.9000,24142739,259162614.0300
2025-12-31,sh.601777,10.7200,10.7900,10.6100,10.6300,10.7000,14646396,156451472.3600
