date,code,open,high,low,close,preclose,volume,amount
2019-01-02,sh.601186,10.8900,10.9900,10.6000,10.7100,10.8700,59802405,641140646.0000
2019-01-03,sh.601186,10.7000,10.8800,10.6500,10.7600,10.7100,58026524,623466380.0000
2019-01-04,sh.601186,10.6500,11.1000,10.6300,11.0800,10.7600,87883283,961261779.0000
2019-01-07,sh.601186,11.1900,11.4400,11.0800,11.1700,11.0800,104022912,1168892499.0000
2019-01-08,sh.601186,11.1500,11.2800,11.0700,11.1700,11.1700,56667363,632684601.0000
2019-01-09,sh.601186,11.2300,11.3300,10.9100,10.9900,11.1700,100819962,1123795622.0000
2019-01-10,sh.601186,10.8800,10.9300,10.7200,10.7400,10.9900,74115548,800345947.0000
2019-01-11,sh.601186,10.7200,10.7900,10.6300,10.7800,10.7400,56313896,603043056.0000
2019-01-14,sh.601186,10.7300,10.8100,10.6200,10.6600,10.7800,45495727,486816137.0000
2019-01-15,sh.601186,10.6800,10.8800,10.6700,10.8600,10.6600,72956880,788622424.0000
2019-01-16,sh.601186,10.8600,10.8700,10.7200,10.7900,10.8600,50085431,540549903.0000
2019-01-17,sh.601186,10.8600,10.8900,10.7300,10.7600,10.7900,49140086,531747702.0000
2019-01-18,sh.601186,10.7600,10.9100,10.6600,10.8300,10.7600,69038504,744416532.0000
2019-01-21,sh.601186,10.8300,11.0300,10.8100,10.8900,10.8300,66632358,725990518.0000
2019-01-22,sh.601186,10.8500,10.8500,10.5800,10.6100,10.8900,77124774,823001184.0000
2019-01-23,sh.601186,10.6100,10.6700,10.2600,10.3400,10.6100,85001548,888527507.0000
2019-01-24,sh.601186,10.3500,10.3500,9.8400,10.0000,10.3400,146015572,1462051870.0000
2019-01-25,sh.601186,10.0100,10.1900,9.9900,10.1400,10.0000,71138034,718767772.0000
2019-01-28,sh.601186,10.2000,10.3400,10.1100,10.1600,10.1400,63463961,649849275.0000
2019-01-29,sh.601186,10.1400,10.2600,10.0400,10.2000,10.1600,46604307,472888517.0000
2019-01-30,sh.601186,10.1600,10.2000,10.0700,10.0700,10.2000,34498169,348945215.0000
2019-01-31,sh.601186,10.1300,10.1700,10.0500,10.0900,10.0700,48029070,485276267.0000
2019-02-01,sh.601186,10.1400,10.1500,9.9800,10.1400,10.0900,56953226,573993710.0000
2019-02-11,sh.601186,10.1100,10.3400,10.1100,10.3400,10.1400,75169295,767736989.0000
2019-02-12,sh.601186,10.3000,10.5300,10.2800,10.4900,10.3400,84657787,884890677.0000
2019-02-13,sh.601186,10.4500,10.6500,10.3700,10.5700,10.4900,110083957,1158039565.0000
2019-02-14,sh.601186,10.5400,10.6500,10.4700,10.5200,10.5700,65456147,689089803.0000
2019-02-15,sh.601186,10.5000,10.5800,10.3400,10.3700,10.5200,65578533,686465763.0000
2019-02-18,sh.601186,10.4800,10.7000,10.4700,10.7000,10.3700,100100309,1060237058.0000
2019-02-19,sh.601186,10.7400,10.8600,10.5700,10.6600,10.7000,92870071,995539079.0000
2019-02-20,sh.601186,10.7100,10.7500,10.6000,10.7400,10.6600,59324762,633347200.0000
2019-02-21,sh.601186,10.7200,10.8500,10.5400,10.5900,10.7400,98025952,1046515510.0000
2019-02-22,sh.601186,10.5400,10.6700,10.4200,10.6700,10.5900,100275776,1055611768.0000
2019-02-25,sh.601186,10.7300,11.3800,10.6300,11.3700,10.6700,226788867,2509168854.0000
2019-02-26,sh.601186,11.3700,12.2600,11.1100,11.5600,11.3700,263134165,3080948431.0000
2019-02-27,sh.601186,11.6500,11.9000,11.3300,11.5200,11.5600,158354500,1840637677.0000
2019-02-28,sh.601186,11.4500,11.6400,11.2900,11.4000,11.5200,87182387,997366142.0000
2019-03-01,sh.601186,11.5100,11.6100,11.3700,11.5500,11.4000,109812783,1262554663.0000
2019-03-04,sh.601186,11.8100,12.0800,11.6000,11.6600,11.5500,216630262,2562975936.0000
2019-03-05,sh.601186,11.6100,11.9300,11.4600,11.7900,11.6600,158515907,1852920602.0000
2019-03-06,sh.601186,11.8100,12.0500,11.6800,11.9200,11.7900,192287335,2277639826.0000
2019-03-07,sh.601186,11.8500,12.0600,11.6600,11.7600,11.9200,160860833,1903897738.0000
2019-03-08,sh.601186,11.5700,11.5700,11.0100,11.0600,11.7600,158278409,1788298087.0000
2019-03-11,sh.601186,11.1100,11.2600,11.0300,11.2100,11.0600,117996147,1315525811.0000
2019-03-12,sh.601186,11.2800,11.4000,11.1100,11.2300,11.2100,125213347,1410945939.0000
2019-03-13,sh.601186,11.1700,11.3000,10.9800,11.1400,11.2300,108942126,1212615476.0000
2019-03-14,sh.601186,11.0700,11.2200,10.9800,11.0600,11.1400,74737476,828889248.0000
2019-03-15,sh.601186,11.1400,11.2700,11.0400,11.2200,11.0600,100328867,1121312826.0000
2019-03-18,sh.601186,11.3000,11.9900,11.2600,11.9600,11.2200,270655776,3180532722.0000
2019-03-19,sh.601186,11.9800,12.0600,11.6700,11.8200,11.9600,167849202,1980217069.0000
2019-03-20,sh.601186,11.7100,11.9000,11.6100,11.8200,11.8200,115414456,1355508802.0000
2019-03-21,sh.601186,11.8200,11.8800,11.6600,11.7100,11.8200,108595334,1276202911.0000
2019-03-22,sh.601186,11.7500,11.7800,11.5200,11.7000,11.7100,86913388,1011690724.0000
2019-03-25,sh.601186,11.5500,11.6500,11.4400,11.4400,11.7000,112393767,1294720332.0000
2019-03-26,sh.601186,11.5100,11.5100,11.1300,11.1600,11.4400,82577241,934044706.0000
2019-03-27,sh.601186,11.2200,11.2600,11.0900,11.2100,11.1600,59476835,665393962.0000
2019-03-28,sh.601186,11.1900,11.3500,11.0800,11.1500,11.2100,55969759,626188901.0000
2019-03-29,sh.601186,11.1200,11.5400,11.1200,11.5100,11.1500,124545564,1415075807.0000
2019-04-01,sh.601186,11.5700,11.7400,11.4500,11.6600,11.5100,202353644,2350637225.0000
2019-04-02,sh.601186,11.6700,11.7100,11.5200,11.5400,11.6600,133244590,1543921376.0000
2019-04-03,sh.601186,11.5200,12.2000,11.4700,12.0000,11.5400,305779216,3641248804.0000
2019-04-04,sh.601186,12.0400,12.3000,11.8700,12.1800,12.0000,268664208,3246470336.0000
2019-04-08,sh.601186,12.2900,12.5200,11.9600,12.1000,12.1800,240337092,2935621143.0000
2019-04-09,sh.601186,12.0500,12.2800,11.8300,12.0400,12.1000,189638130,2289195813.0000
2019-04-10,sh.601186,11.9500,12.1200,11.8700,11.9700,12.0400,139158718,1667043143.0000
2019-04-11,sh.601186,12.0300,12.0600,11.6500,11.6600,11.9700,134131938,1584682533.0000
2019-04-12,sh.601186,11.6300,11.8500,11.5100,11.7600,11.6600,116158774,1355222985.0000
2019-04-15,sh.601186,11.9100,12.0300,11.6100,11.6500,11.7600,152382608,1809948497.0000
2019-04-16,sh.601186,11.6000,11.9300,11.5400,11.9300,11.6500,121737382,1431232029.0000
2019-04-17,sh.601186,11.8700,11.9400,11.7400,11.7900,11.9300,105226136,1244369080.0000
2019-04-18,sh.601186,11.7800,11.9100,11.7100,11.8400,11.7900,89268268,1054553310.0000
2019-04-19,sh.601186,11.9100,12.0100,11.8000,11.9900,11.8400,136640031,1630318753.0000
2019-04-22,sh.601186,12.2000,12.3000,11.7100,11.7600,11.9900,190963835,2293451077.0000
2019-04-23,sh.601186,11.7300,11.7800,11.4000,11.4400,11.7600,133012713,1533773514.0000
2019-04-24,sh.601186,11.4800,11.5500,11.3500,11.5400,11.4400,72145246,827235311.0000
2019-04-25,sh.601186,11.5000,11.5000,11.1200,11.1200,11.5400,112515426,1271439294.0000
2019-04-26,sh.601186,11.1200,11.1800,10.7600,10.8000,11.1200,114723588,1253849917.0000
2019-04-29,sh.601186,10.8300,11.0200,10.7500,10.7800,10.8000,81614373,887288583.0000
2019-04-30,sh.601186,10.8300,10.9300,10.7700,10.8400,10.7800,53240294,577405605.0000
2019-05-06,sh.601186,10.5800,10.5800,9.8500,10.0400,10.8400,130839837,1342717119.0000
2019-05-07,sh.601186,10.1000,10.2100,9.9300,10.1000,10.0400,84695768,853625055.0000
2019-05-08,sh.601186,9.9000,10.1000,9.8400,10.0000,10.1000,66868383,666426328.0000
2019-05-09,sh.601186,9.9500,10.0700,9.8800,9.9300,10.0000,58606126,583275071.0000
2019-05-10,sh.601186,10.0000,10.1200,9.8500,10.1200,9.9300,88516997,888428934.0000
2019-05-13,sh.601186,10.0000,10.1000,9.9200,9.9700,10.1200,52577999,525113269.0000
2019-05-14,sh.601186,9.8800,10.0200,9.8700,9.8900,9.9700,58703340,584036781.0000
2019-05-15,sh.601186,9.9500,10.0400,9.9100,9.9900,9.8900,54688069,544867768.0000
2019-05-16,sh.601186,10.0000,10.1500,9.9600,10.0900,9.9900,69752134,701298432.0000
2019-05-17,sh.601186,10.1000,10.1000,9.8600,9.8900,10.0900,65745454,654475058.0000
2019-05-20,sh.601186,9.8500,9.9500,9.7500,9.8200,9.8900,48332021,474677615.0000
2019-05-21,sh.601186,9.8400,9.9300,9.7900,9.8700,9.8200,50418949,497279229.0000
2019-05-22,sh.601186,9.8700,9.8800,9.5200,9.5800,9.8700,82750519,801264869.0000
2019-05-23,sh.601186,9.5300,9.5600,9.3300,9.3900,9.5800,68046749,640429621.0000
2019-05-24,sh.601186,9.3800,9.4500,9.3300,9.3800,9.3900,30862466,289667434.0000
2019-05-27,sh.601186,9.3800,9.4900,9.2900,9.4700,9.3800,56769624,533832097.0000
2019-05-28,sh.601186,9.4500,9.6200,9.4200,9.5800,9.4700,70035641,666964331.0000
2019-05-29,sh.601186,9.5000,9.5600,9.4700,9.4700,9.5800,34068306,323856339.0000
2019-05-30,sh.601186,9.4800,9.4800,9.3300,9.4200,9.4700,33915974,318117090.0000
2019-05-31,sh.601186,9.4400,9.4900,9.3900,9.4000,9.4200,33032889,311680420.0000
2019-06-03,sh.601186,9.4200,9.5500,9.3900,9.4600,9.4000,38129954,360397829.0000
2019-06-04,sh.601186,9.4600,9.4700,9.3400,9.3400,9.4600,33056809,310164189.0000
2019-06-05,sh.601186,9.4000,9.5500,9.3900,9.4400,9.3400,47748427,452292390.0000
2019-06-06,sh.601186,9.4800,9.5000,9.3700,9.3800,9.4400,32244104,303906627.0000
2019-06-10,sh.601186,9.4600,9.5400,9.4200,9.5200,9.3800,43699061,415032266.0000
2019-06-11,sh.601186,10.0000,10.4000,9.9800,10.1600,9.5200,157823379,1596655505.0000
2019-06-12,sh.601186,10.1400,10.2500,10.0500,10.1100,10.1600,78965315,800484068.0000
2019-06-13,sh.601186,10.0700,10.0700,9.8700,9.9700,10.1100,81727526,812496994.0000
2019-06-14,sh.601186,9.9600,10.0000,9.7500,9.7700,9.9700,59632411,588369422.0000
2019-06-17,sh.601186,9.7800,9.9400,9.7600,9.9100,9.7700,47268631,465812608.0000
2019-06-18,sh.601186,9.8800,9.9300,9.8200,9.8900,9.9100,26265937,259567809.0000
2019-06-19,sh.601186,10.0800,10.1400,9.8600,9.8900,9.8900,63575962,634057884.0000
2019-06-20,sh.601186,9.9000,10.1500,9.8500,10.0700,9.8900,76977920,771221269.0000
2019-06-21,sh.601186,10.0300,10.1000,10.0100,10.0600,10.0700,61032911,613601449.0000
2019-06-24,sh.601186,10.0200,10.0800,9.9100,9.9900,10.0600,45202601,452928699.0000
2019-06-25,sh.601186,9.9700,10.0000,9.8200,9.8900,9.9900,45160174,446922335.0000
2019-06-26,sh.601186,9.9100,9.9400,9.8700,9.9200,9.8900,24434872,242320859.0000
2019-06-27,sh.601186,9.9100,10.0000,9.8900,9.9300,9.9200,36356357,361637109.0000
2019-06-28,sh.601186,9.9300,9.9700,9.8300,9.9500,9.9300,29411595,290729020.0000
2019-07-01,sh.601186,10.0600,10.1500,9.9800,10.1400,9.9500,82053910,826985190.0000
2019-07-02,sh.601186,10.1200,10.1200,10.0300,10.0600,10.1400,42056340,423181735.0000
2019-07-03,sh.601186,10.0700,10.0900,9.9700,10.0400,10.0600,47267751,473657027.0000
2019-07-04,sh.601186,10.0500,10.2800,10.0300,10.1500,10.0400,86876134,884045988.0000
2019-07-05,sh.601186,10.1500,10.1800,9.9900,10.0700,10.1500,54340034,545886318.0000
2019-07-08,sh.601186,10.0000,10.0200,9.7100,9.7500,10.0700,57387360,564456509.0000
2019-07-09,sh.601186,9.7500,9.7600,9.6600,9.6900,9.7500,25337097,245803943.0000
2019-07-10,sh.601186,9.7300,9.7300,9.6000,9.6300,9.6900,24449478,236318290.0000
2019-07-11,sh.601186,9.6900,9.7500,9.5700,9.6100,9.6300,26265521,253633548.0000
2019-07-12,sh.601186,9.6200,9.7400,9.6000,9.6900,9.6100,27619754,267581121.0000
2019-07-15,sh.601186,9.6600,9.8400,9.5400,9.7900,9.6900,36796312,357231286.0000
2019-07-16,sh.601186,9.7700,9.8500,9.7700,9.8200,9.7900,22549210,221250835.0000
2019-07-17,sh.601186,9.8100,9.9100,9.7400,9.8700,9.8200,27437225,270893806.0000
2019-07-18,sh.601186,9.8700,9.9300,9.8000,9.8600,9.8700,32269715,317877039.0000
2019-07-19,sh.601186,9.9400,10.0500,9.9200,10.0000,9.8600,48285306,482916342.0000
2019-07-22,sh.601186,9.9900,10.0500,9.8700,9.9100,10.0000,38912643,387202178.0000
2019-07-23,sh.601186,9.9400,10.2300,9.9400,10.1700,9.9100,78049837,791390100.0000
2019-07-24,sh.601186,10.2200,10.2800,10.1200,10.2100,10.1700,59779460,609592519.0000
2019-07-25,sh.601186,9.9800,9.9900,9.9000,9.9900,10.0000,38569901,383334712.0000
2019-07-26,sh.601186,9.9400,10.0800,9.9300,10.0200,9.9900,44718169,448236709.0000
2019-07-29,sh.601186,10.0200,10.1300,9.9800,10.0500,10.0200,37233815,374243275.0000
2019-07-30,sh.601186,10.0600,10.1200,10.0300,10.1000,10.0500,43226489,435698784.0000
2019-07-31,sh.601186,10.0000,10.0000,9.6900,9.7100,10.1000,104281639,1020649688.0000
2019-08-01,sh.601186,9.7100,9.7100,9.6100,9.6400,9.7100,39898124,385289904.0000
2019-08-02,sh.601186,9.4000,9.5500,9.4000,9.5200,9.6400,37458546,355546692.0000
2019-08-05,sh.601186,9.4700,9.5500,9.4000,9.4100,9.5200,41406867,392147649.0000
2019-08-06,sh.601186,9.2900,9.2900,9.0800,9.1900,9.4100,80435704,738953559.0000
2019-08-07,sh.601186,9.2000,9.2500,9.1300,9.1400,9.1900,33633256,308450293.0000
2019-08-08,sh.601186,9.1600,9.2200,9.1500,9.1700,9.1400,25582934,234712084.0000
2019-08-09,sh.601186,9.2100,9.2200,9.0900,9.1000,9.1700,25877580,236548112.0000
2019-08-12,sh.601186,9.1200,9.1900,9.1000,9.1900,9.1000,23049403,210602090.0000
2019-08-13,sh.601186,9.1400,9.1400,9.0200,9.0500,9.1900,29608647,268037964.0000
2019-08-14,sh.601186,9.1400,9.1600,9.0600,9.0600,9.0500,24491331,223224086.0000
2019-08-15,sh.601186,8.8700,9.0000,8.8300,8.9900,9.0600,36549737,325311489.0000
2019-08-16,sh.601186,8.9700,9.0400,8.9200,8.9800,8.9900,26018097,233705443.0000
2019-08-19,sh.601186,9.0200,9.2000,9.0200,9.1900,8.9800,38331208,349877839.0000
2019-08-20,sh.601186,9.1900,9.2900,9.1700,9.2000,9.1900,34957866,322881342.0000
2019-08-21,sh.601186,9.1700,9.2400,9.1500,9.1700,9.2000,19290339,177093451.0000
2019-08-22,sh.601186,9.1800,9.2300,9.1000,9.1400,9.1700,19904925,182127998.0000
2019-08-23,sh.601186,9.1200,9.1600,9.0900,9.1100,9.1400,20593781,187671258.0000
2019-08-26,sh.601186,8.9000,9.0400,8.9000,8.9800,9.1100,31907077,286417857.0000
2019-08-27,sh.601186,9.0400,9.2800,9.0200,9.2800,8.9800,59310603,544752499.0000
2019-08-28,sh.601186,9.2300,9.2400,9.1600,9.1700,9.2800,24826361,228195186.0000
2019-08-29,sh.601186,9.1700,9.1900,9.0800,9.1000,9.1700,24104064,219641451.0000
2019-08-30,sh.601186,9.1700,9.1800,9.0600,9.1000,9.1000,24162773,220112185.0000
2019-09-02,sh.601186,9.1600,9.5000,9.1500,9.4300,9.1000,77256808,724905515.0000
2019-09-03,sh.601186,9.4300,9.4900,9.3300,9.4800,9.4300,48259477,454905624.0000
2019-09-04,sh.601186,9.5300,10.1300,9.5300,9.9500,9.4800,172867337,1712739493.0000
2019-09-05,sh.601186,10.2000,10.4000,9.9600,9.9700,9.9500,164778680,1676246224.0000
2019-09-06,sh.601186,9.9800,10.0700,9.8800,9.9700,9.9700,68016139,678367334.0000
2019-09-09,sh.601186,10.1000,10.2100,9.9700,10.0500,9.9700,74671316,750195863.0000
2019-09-10,sh.601186,9.9700,10.0000,9.8700,9.9500,10.0500,47579252,472564747.0000
2019-09-11,sh.601186,9.9800,10.0100,9.8900,9.9200,9.9500,49083672,488810976.0000
2019-09-12,sh.601186,9.9800,10.1800,9.9300,10.1700,9.9200,83358524,839846216.0000
2019-09-16,sh.601186,10.1500,10.1500,9.9600,10.0200,10.1700,50599532,508581552.0000
2019-09-17,sh.601186,10.0100,10.0200,9.8100,9.8200,10.0200,49358324,489069728.0000
2019-09-18,sh.601186,9.8500,9.9500,9.7700,9.8000,9.8200,37346672,367558566.0000
2019-09-19,sh.601186,9.8400,9.8900,9.7500,9.8900,9.8000,25987218,255243097.0000
2019-09-20,sh.601186,10.0700,10.1200,9.7800,9.9300,9.8900,88491946,879269641.0000
2019-09-23,sh.601186,9.8300,9.8800,9.6300,9.7100,9.9300,48610811,473070028.0000
2019-09-24,sh.601186,9.7100,9.7700,9.6400,9.6500,9.7100,35513589,344166862.0000
2019-09-25,sh.601186,9.6200,9.6700,9.5300,9.6200,9.6500,31289570,300455847.0000
2019-09-26,sh.601186,9.6500,9.7300,9.5300,9.5600,9.6200,31968441,308190395.0000
2019-09-27,sh.601186,9.5500,9.6100,9.5300,9.5600,9.5600,22020337,210505274.0000
2019-09-30,sh.601186,9.5400,9.5800,9.4500,9.4600,9.5600,24328712,231720174.0000
2019-10-08,sh.601186,9.4400,9.6700,9.4400,9.6300,9.4600,37067114,355944880.0000
2019-10-09,sh.601186,9.5800,9.7200,9.5700,9.6400,9.6300,25875457,249814063.0000
2019-10-10,sh.601186,9.6300,9.6700,9.5900,9.6500,9.6400,26155971,251772814.0000
2019-10-11,sh.601186,9.6200,9.7200,9.5700,9.7100,9.6500,30551280,295034267.0000
2019-10-14,sh.601186,9.7800,9.8300,9.7100,9.7400,9.7100,41145852,402050116.0000
2019-10-15,sh.601186,9.7400,9.8300,9.7100,9.7200,9.7400,29135720,283954521.0000
2019-10-16,sh.601186,9.7700,9.8700,9.7300,9.7600,9.7200,32135121,314769162.0000
2019-10-17,sh.601186,9.7500,9.8600,9.7100,9.8400,9.7600,34467800,337765909.0000
2019-10-18,sh.601186,9.8400,9.8600,9.5800,9.6000,9.8400,34377198,333619859.0000
2019-10-21,sh.601186,9.5700,9.6500,9.5300,9.6100,9.6000,22038377,211459502.0000
2019-10-22,sh.601186,9.6400,9.6800,9.4600,9.5700,9.6100,27465515,262404930.0000
2019-10-23,sh.601186,9.5900,9.8500,9.5600,9.7500,9.5700,54282212,527666619.0000
2019-10-24,sh.601186,9.7800,9.8400,9.7400,9.8300,9.7500,30613469,299958564.0000
2019-10-25,sh.601186,9.8800,9.8900,9.6900,9.7700,9.8300,33907815,330381531.0000
2019-10-28,sh.601186,9.7400,9.7600,9.5800,9.6900,9.7700,45388312,438529318.0000
2019-10-29,sh.601186,9.6800,9.7200,9.5800,9.6300,9.6900,31453742,303396837.0000
2019-10-30,sh.601186,9.6200,9.6200,9.5100,9.5100,9.6300,25657042,245049054.0000
2019-10-31,sh.601186,9.5800,9.6000,9.3500,9.3800,9.5100,40174990,380937468.0000
2019-11-01,sh.601186,9.3900,9.6500,9.3900,9.6300,9.3800,40379651,385559788.0000
2019-11-04,sh.601186,9.6600,9.7900,9.6400,9.7300,9.6300,40646716,394777969.0000
2019-11-05,sh.601186,9.7400,10.0200,9.6700,9.9600,9.7300,84188399,833919013.0000
2019-11-06,sh.601186,10.0200,10.0200,9.8200,9.8800,9.9600,49446949,489587757.0000
2019-11-07,sh.601186,9.8800,9.9400,9.7800,9.8400,9.8800,29728343,292842199.0000
2019-11-08,sh.601186,9.9000,9.9100,9.7000,9.7100,9.8400,30887030,302188627.0000
2019-11-11,sh.601186,9.6600,9.6600,9.3500,9.3500,9.7100,52939552,501226312.0000
2019-11-12,sh.601186,9.3800,9.5200,9.3100,9.4600,9.3500,38434306,361696053.0000
2019-11-13,sh.601186,9.4600,9.4600,9.3500,9.4200,9.4600,30342661,285212535.0000
2019-11-14,sh.601186,9.4900,9.7200,9.4900,9.6400,9.4200,56576889,545301797.0000
2019-11-15,sh.601186,9.6000,9.6300,9.4200,9.4300,9.6400,30699680,291938119.0000
2019-11-18,sh.601186,9.4400,9.4800,9.3500,9.4200,9.4300,35016251,329447610.0000
2019-11-19,sh.601186,9.4000,9.4500,9.3800,9.4400,9.4200,34824099,327712530.0000
2019-11-20,sh.601186,9.4000,9.4300,9.3100,9.3200,9.4400,26419745,247496419.0000
2019-11-21,sh.601186,9.3100,9.3100,9.1700,9.2300,9.3200,37812416,348365408.0000
2019-11-22,sh.601186,9.2200,9.4900,9.1700,9.3600,9.2300,57287875,535045118.0000
2019-11-25,sh.601186,9.3700,9.7500,9.3500,9.7200,9.3600,90026233,866029996.0000
2019-11-26,sh.601186,9.7200,9.8100,9.6300,9.6800,9.7200,70132976,682444364.0000
2019-11-27,sh.601186,9.7200,9.8500,9.6700,9.7100,9.6800,54238559,529165310.0000
2019-11-28,sh.601186,9.7700,10.0100,9.7200,9.7700,9.7100,53922466,531325273.0000
2019-11-29,sh.601186,9.7400,9.8300,9.6300,9.6700,9.7700,31976642,310042672.0000
2019-12-02,sh.601186,9.7300,9.7900,9.6200,9.6500,9.6700,31789345,308136164.0000
2019-12-03,sh.601186,9.6100,9.8000,9.5700,9.6800,9.6500,34847502,337716331.0000
2019-12-04,sh.601186,9.6800,9.6900,9.5800,9.6100,9.6800,24835907,238677910.0000
2019-12-05,sh.601186,9.6700,9.7200,9.5800,9.6300,9.6100,28708644,276488837.0000
2019-12-06,sh.601186,9.6400,9.6500,9.5600,9.6300,9.6300,18768406,180134724.0000
2019-12-09,sh.601186,9.6700,9.8200,9.6200,9.7800,9.6300,42589734,415193646.0000
2019-12-10,sh.601186,9.7600,9.8700,9.7300,9.7300,9.7800,35554078,347913026.0000
2019-12-11,sh.601186,9.7800,9.8100,9.7000,9.7600,9.7300,26391114,257316103.0000
2019-12-12,sh.601186,9.7500,9.7800,9.6400,9.6900,9.7600,29219350,283151378.0000
2019-12-13,sh.601186,9.7400,9.9000,9.7200,9.8500,9.6900,51609515,506948965.0000
2019-12-16,sh.601186,9.8800,9.9600,9.8200,9.9500,9.8500,50141494,496118573.0000
2019-12-17,sh.601186,9.9500,10.1700,9.9000,10.0700,9.9500,74974562,753821927.0000
2019-12-18,sh.601186,10.0700,10.0800,9.9200,9.9300,10.0700,57374274,572787402.0000
2019-12-19,sh.601186,10.2800,10.3700,10.1200,10.1900,9.9300,120369283,1229884316.0000
2019-12-20,sh.601186,10.2300,10.2300,10.0500,10.0500,10.1900,49372191,500841866.0000
2019-12-23,sh.601186,10.0500,10.1300,9.9000,9.9100,10.0500,43957451,439554986.0000
2019-12-24,sh.601186,9.9100,9.9500,9.8700,9.9200,9.9100,26015597,258159589.0000
2019-12-25,sh.601186,9.9000,9.9400,9.8700,9.9000,9.9200,24577359,243351582.0000
2019-12-26,sh.601186,9.9000,10.0800,9.8900,10.0200,9.9000,39921588,398847163.0000
2019-12-27,sh.601186,10.0200,10.0900,9.9500,9.9700,10.0200,41608366,417117027.0000
2019-12-30,sh.601186,9.9700,10.0900,9.9700,10.0900,9.9700,41366593,415301984.0000
2019-12-31,sh.601186,10.1000,10.1400,10.0100,10.1400,10.0900,54270731,546938430.0000
2020-01-02,sh.601186,10.2200,10.4700,10.2100,10.4100,10.1400,117335911,1217132039.0000
2020-01-03,sh.601186,10.4500,10.4900,10.2800,10.3400,10.4100,67540696,699742043.0000
2020-01-06,sh.601186,10.2700,10.3700,10.2100,10.2400,10.3400,68924171,709530895.0000
2020-01-07,sh.601186,10.2600,10.3300,10.2100,10.3300,10.2400,44928823,461482357.0000
2020-01-08,sh.601186,10.2700,10.2800,10.0600,10.1000,10.3300,61468616,625559633.0000
2020-01-09,sh.601186,10.1800,10.2600,10.1300,10.1900,10.1000,43036636,438456873.0000
2020-01-10,sh.601186,10.2100,10.2400,10.0600,10.1100,10.1900,38450189,389223188.0000
2020-01-13,sh.601186,10.0900,10.1700,10.0600,10.1600,10.1100,34038137,344323081.0000
2020-01-14,sh.601186,10.1700,10.2300,10.1400,10.1800,10.1600,29427484,299796180.0000
2020-01-15,sh.601186,10.1700,10.2000,9.9900,10.0200,10.1800,39948769,401522091.0000
2020-01-16,sh.601186,10.0200,10.0400,9.9000,9.9200,10.0200,34162668,339714096.0000
2020-01-17,sh.601186,9.9400,9.9800,9.8700,9.8900,9.9200,28157387,279133687.0000
2020-01-20,sh.601186,9.9000,9.9900,9.8200,9.9500,9.8900,33481506,332028657.0000
2020-01-21,sh.601186,9.9700,9.9700,9.6800,9.7300,9.9500,51255993,501265392.0000
2020-01-22,sh.601186,9.7000,9.7300,9.5900,9.6800,9.7300,44768517,432687922.0000
2020-01-23,sh.601186,9.6300,9.6500,9.3500,9.4200,9.6800,53343554,506146030.0000
2020-02-03,sh.601186,8.4800,8.5800,8.4800,8.4800,9.4200,60816928,515967061.0000
2020-02-04,sh.601186,8.2500,8.5800,8.2500,8.4800,8.4800,87272198,737220752.0000
2020-02-05,sh.601186,8.4700,8.7200,8.4500,8.6000,8.4800,77905380,670592182.0000
2020-02-06,sh.601186,8.6500,8.8500,8.5500,8.7600,8.6000,62971523,547288354.0000
2020-02-07,sh.601186,8.7200,8.7800,8.6200,8.7700,8.7600,46839661,407366526.0000
2020-02-10,sh.601186,8.7500,8.9800,8.6900,8.8900,8.7700,49656337,440204596.0000
2020-02-11,sh.601186,8.9300,9.0700,8.8900,8.9600,8.8900,48417575,435776913.0000
2020-02-12,sh.601186,8.9600,9.0600,8.9400,9.0400,8.9600,34963312,315289601.0000
2020-02-13,sh.601186,9.0900,9.2700,9.0500,9.1000,9.0400,50472443,462059075.0000
2020-02-14,sh.601186,9.0900,9.1500,9.0400,9.1400,9.1000,32370526,294404667.0000
2020-02-17,sh.601186,9.1500,9.3000,9.1200,9.2900,9.1400,49593905,457717611.0000
2020-02-18,sh.601186,9.3800,9.4200,9.1800,9.2500,9.2900,49394990,458647260.0000
2020-02-19,sh.601186,9.2400,9.3500,9.1900,9.2800,9.2500,44740523,415070251.0000
2020-02-20,sh.601186,9.3000,9.3900,9.2100,9.3800,9.2800,48943096,454834330.0000
2020-02-21,sh.601186,9.3800,9.4400,9.2800,9.3300,9.3800,52711396,491864080.0000
2020-02-24,sh.601186,9.3200,9.3600,9.1800,9.1900,9.3300,64228032,593061728.0000
2020-02-25,sh.601186,9.0200,9.0600,8.8500,8.9700,9.1900,77120428,691354153.0000
2020-02-26,sh.601186,8.8700,9.6700,8.8300,9.4700,8.9700,222014199,2091266694.0000
2020-02-27,sh.601186,9.5300,9.5900,9.3700,9.4100,9.4700,99795255,944128243.0000
2020-02-28,sh.601186,9.2400,9.7600,9.2000,9.5000,9.4100,186588169,1786015447.0000
2020-03-02,sh.601186,9.6800,10.4500,9.6300,10.4500,9.5000,221848796,2267773760.0000
2020-03-03,sh.601186,10.9900,10.9900,10.4500,10.5300,10.4500,271449824,2899082598.0000
2020-03-04,sh.601186,10.4500,11.1700,10.3800,10.9500,10.5300,219773661,2393487029.0000
2020-03-05,sh.601186,10.9900,11.2400,10.7600,10.9000,10.9500,178013893,1952098814.0000
2020-03-06,sh.601186,10.7500,10.8700,10.4300,10.4700,10.9000,162991365,1720216739.0000
2020-03-09,sh.601186,10.2900,10.3900,10.1100,10.1400,10.4700,129600611,1324400577.0000
2020-03-10,sh.601186,10.1500,10.6800,10.1400,10.6700,10.1400,171495878,1796810233.0000
2020-03-11,sh.601186,10.6600,10.8200,10.4700,10.5400,10.6700,105891936,1124561928.0000
2020-03-12,sh.601186,10.3900,10.7700,10.2500,10.6300,10.5400,126340902,1330084503.0000
2020-03-13,sh.601186,10.1600,10.8000,10.1500,10.6600,10.6300,148142301,1563812045.0000
2020-03-16,sh.601186,10.7000,10.9600,10.3300,10.4000,10.6600,152456969,1633913531.0000
2020-03-17,sh.601186,10.5300,10.6800,9.9500,10.2400,10.4000,119666141,1225999076.0000
2020-03-18,sh.601186,10.3000,10.4800,9.9300,9.9300,10.2400,93736765,957790972.0000
2020-03-19,sh.601186,9.9500,10.0400,9.4000,9.7500,9.9300,119264204,1164794884.0000
2020-03-20,sh.601186,9.8200,9.9900,9.6400,9.7900,9.7500,89052150,873852290.0000
2020-03-23,sh.601186,9.5500,9.8200,9.4500,9.5100,9.7900,75849326,726533588.0000
2020-03-24,sh.601186,9.6500,9.7100,9.3600,9.5500,9.5100,80624476,770637278.0000
2020-03-25,sh.601186,9.7300,9.8500,9.4800,9.6600,9.5500,136225526,1312251952.0000
2020-03-26,sh.601186,9.5400,9.5500,9.3600,9.3700,9.6600,85314787,803384982.0000
2020-03-27,sh.601186,9.4800,9.9100,9.3300,9.7300,9.3700,178476985,1730020013.0000
2020-03-30,sh.601186,9.6600,10.1600,9.6100,10.1500,9.7300,155264042,1554110951.0000
2020-03-31,sh.601186,10.1000,10.1000,9.7900,9.8300,10.1500,120924258,1195836952.0000
2020-04-01,sh.601186,9.8800,10.0100,9.7000,9.7200,9.8300,91682502,900834611.0000
2020-04-02,sh.601186,9.6200,9.8400,9.5700,9.8400,9.7200,58523033,567549084.0000
2020-04-03,sh.601186,9.7900,9.8200,9.6500,9.6700,9.8400,51166090,496389265.0000
2020-04-07,sh.601186,9.7900,9.9100,9.7000,9.8800,9.6700,95418129,936765122.0000
2020-04-08,sh.601186,9.8200,9.8800,9.7400,9.8200,9.8800,61779808,604614512.0000
2020-04-09,sh.601186,9.8700,9.9900,9.8000,9.8200,9.8200,58241739,575381040.0000
2020-04-10,sh.601186,9.8200,9.8300,9.5500,9.5500,9.8200,61552835,594288555.0000
2020-04-13,sh.601186,9.5000,9.6400,9.4800,9.5900,9.5500,41060742,393319236.0000
2020-04-14,sh.601186,9.6000,9.6500,9.5500,9.6500,9.5900,45110968,433304555.0000
2020-04-15,sh.601186,9.6400,9.6400,9.4500,9.4900,9.6500,49644718,473797851.0000
2020-04-16,sh.601186,9.4800,9.5100,9.3900,9.4500,9.4900,58959937,555459884.0000
2020-04-17,sh.601186,9.5700,10.0500,9.5300,9.8800,9.4500,147424747,1443883122.0000
2020-04-20,sh.601186,10.0100,10.2500,9.9700,10.0100,9.8800,133360326,1345207375.0000
2020-04-21,sh.601186,9.9700,10.1400,9.8700,10.0500,10.0100,101722137,1018751231.0000
2020-04-22,sh.601186,9.9600,10.0000,9.8800,9.9700,10.0500,58114739,578175810.0000
2020-04-23,sh.601186,10.0500,10.0500,9.8000,9.8200,9.9700,56119137,555270917.0000
2020-04-24,sh.601186,9.8000,9.8200,9.6900,9.7300,9.8200,41611394,405328158.0000
2020-04-27,sh.601186,9.7300,9.9200,9.7300,9.8000,9.7300,45825124,450282426.0000
2020-04-28,sh.601186,9.8000,9.8300,9.4600,9.6700,9.8000,56345884,541690311.0000
2020-04-29,sh.601186,9.6300,9.7300,9.5700,9.6800,9.6700,32421182,313406059.0000
2020-04-30,sh.601186,9.6800,9.8200,9.6600,9.7800,9.6800,64361719,626519891.0000
2020-05-06,sh.601186,9.7800,10.0300,9.7700,9.8600,9.7800,93915703,925916128.0000
2020-05-07,sh.601186,9.8300,9.8500,9.7100,9.7100,9.8600,47509333,463469528.0000
2020-05-08,sh.601186,9.7400,9.7700,9.7000,9.7600,9.7100,44822312,436366653.0000
2020-05-11,sh.601186,9.8000,10.0300,9.7500,9.8600,9.7600,80388535,794433263.0000
2020-05-12,sh.601186,9.8800,9.9000,9.6600,9.6900,9.8600,62060531,605369417.0000
2020-05-13,sh.601186,9.6300,9.6600,9.5700,9.6400,9.6900,56368095,541388931.0000
2020-05-14,sh.601186,9.5800,9.6000,9.4600,9.4800,9.6400,54989567,522893488.0000
2020-05-15,sh.601186,9.5100,9.5400,9.4500,9.4700,9.4800,36506937,346120552.0000
2020-05-18,sh.601186,9.6000,9.6300,9.5000,9.5100,9.4700,41614276,397673637.0000
2020-05-19,sh.601186,9.5500,9.5800,9.5100,9.5300,9.5100,35727819,340791824.0000
2020-05-20,sh.601186,9.5300,9.5300,9.4000,9.4300,9.5300,41710841,393402930.0000
2020-05-21,sh.601186,9.4700,9.4700,9.2200,9.2200,9.4300,60337348,562210422.0000
2020-05-22,sh.601186,9.2400,9.2400,9.0100,9.0200,9.2200,61162327,555512239.0000
2020-05-25,sh.601186,9.0100,9.0300,8.8500,8.8700,9.0200,51428756,459384936.0000
2020-05-26,sh.601186,8.8900,8.9400,8.8800,8.9200,8.8700,40910890,364342271.0000
2020-05-27,sh.601186,8.9100,8.9100,8.7400,8.8000,8.9200,45092553,397654891.0000
2020-05-28,sh.601186,8.8200,8.9400,8.7600,8.7800,8.8000,47550984,420024611.0000
2020-05-29,sh.601186,8.7600,8.7600,8.6100,8.6500,8.7800,64122367,555431142.0000
2020-06-01,sh.601186,8.6700,8.8100,8.6600,8.7800,8.6500,64877052,567138100.0000
2020-06-02,sh.601186,8.7900,8.9200,8.7700,8.8700,8.7800,51680452,457067487.0000
2020-06-03,sh.601186,8.8900,8.9300,8.8100,8.8100,8.8700,59868317,531410433.0000
2020-06-04,sh.601186,8.8200,8.8500,8.7000,8.7100,8.8100,39127157,341905136.0000
2020-06-05,sh.601186,8.7100,8.7500,8.6500,8.7500,8.7100,32450017,281973912.0000
2020-06-08,sh.601186,8.7700,8.7900,8.7100,8.7400,8.7500,40074490,350346193.0000
2020-06-09,sh.601186,8.7300,8.8300,8.7000,8.8100,8.7400,47477467,416066653.0000
2020-06-10,sh.601186,8.7900,8.7900,8.6900,8.6900,8.8100,40600008,354077195.0000
2020-06-11,sh.601186,8.7000,8.7100,8.5600,8.5600,8.6900,62091676,535740962.0000
2020-06-12,sh.601186,8.4300,8.5200,8.4000,8.5000,8.5600,62863524,531985241.0000
2020-06-15,sh.601186,8.4800,8.4800,8.3700,8.3700,8.5000,70881233,595698818.0000
2020-06-16,sh.601186,8.4400,8.5500,8.4000,8.5300,8.3700,66437356,564180544.0000
2020-06-17,sh.601186,8.5400,8.6200,8.4900,8.5200,8.5300,34667985,295785042.0000
2020-06-18,sh.601186,8.5200,8.6800,8.4900,8.6200,8.5200,47982243,413302013.0000
2020-06-19,sh.601186,8.6100,8.6500,8.5700,8.6300,8.6200,44309170,381454837.0000
2020-06-22,sh.601186,8.6300,8.6400,8.5200,8.5600,8.6300,42091837,360836783.0000
2020-06-23,sh.601186,8.5300,8.5400,8.4200,8.4300,8.5600,52419194,443089336.0000
2020-06-24,sh.601186,8.4600,8.4800,8.4200,8.4700,8.4300,35712719,301988105.0000
2020-06-29,sh.601186,8.4200,8.4400,8.3300,8.3600,8.4700,45372323,380193055.0000
2020-06-30,sh.601186,8.4000,8.4400,8.3800,8.3800,8.3600,32724406,275097216.0000
2020-07-01,sh.601186,8.4000,8.6900,8.3600,8.6800,8.3800,103702354,889500028.0000
2020-07-02,sh.601186,8.6500,8.8900,8.6100,8.8700,8.6800,125047426,1096906000.0000
2020-07-03,sh.601186,8.9100,9.0900,8.8500,8.9800,8.8700,144147311,1291521021.0000
2020-07-06,sh.601186,9.0900,9.7200,9.0900,9.6400,8.9800,235565997,2216162990.0000
2020-07-07,sh.601186,9.8000,9.9900,9.4500,9.5000,9.6400,193768558,1870493712.0000
2020-07-08,sh.601186,9.4900,9.6700,9.4300,9.6500,9.5000,152940175,1463196651.0000
2020-07-09,sh.601186,9.6600,9.7200,9.5000,9.6800,9.6500,147293087,1413982694.0000
2020-07-10,sh.601186,9.6000,9.7400,9.3800,9.3800,9.6800,139223172,1328495885.0000
2020-07-13,sh.601186,9.3600,9.6100,9.3000,9.5100,9.3800,132210944,1249457562.0000
2020-07-14,sh.601186,9.5300,9.6100,9.3200,9.4200,9.5100,104632740,990323261.0000
2020-07-15,sh.601186,9.4600,9.5300,9.1300,9.1400,9.4200,102042456,945520065.0000
2020-07-16,sh.601186,9.1500,9.3200,8.9800,8.9900,9.1400,90373415,825326050.0000
2020-07-17,sh.601186,9.0500,9.0900,8.9200,8.9900,8.9900,65332641,588316361.0000
2020-07-20,sh.601186,9.0500,9.3800,9.0300,9.3800,8.9900,104842051,971331484.0000
2020-07-21,sh.601186,9.4200,9.4600,9.2500,9.3100,9.3800,60574880,565350619.0400
2020-07-22,sh.601186,9.3100,9.3900,9.2300,9.2500,9.3100,64812881,602590440.1000
2020-07-23,sh.601186,9.1800,9.2600,8.9800,9.2000,9.2500,78563007,716664146.1100
2020-07-24,sh.601186,9.2000,9.2900,8.9800,9.0200,9.2000,68873254,628254929.3100
2020-07-27,sh.601186,8.8700,8.8800,8.6600,8.6900,8.8100,43626251,381336532.9500
2020-07-28,sh.601186,8.7600,8.8200,8.6900,8.7200,8.6900,37283155,325957843.0700
2020-07-29,sh.601186,8.7000,8.8400,8.6300,8.8400,8.7200,43780523,384286414.1900
2020-07-30,sh.601186,8.8400,8.9900,8.8100,8.8200,8.8400,42717880,379621436.6100
2020-07-31,sh.601186,8.8000,8.9000,8.7200,8.7900,8.8200,44640860,393028302.8700
2020-08-03,sh.601186,8.8200,8.9300,8.8200,8.9100,8.7900,59721473,529748640.9500
2020-08-04,sh.601186,8.9400,9.2800,8.8600,9.2000,8.9100,133656214,1217239113.9500
2020-08-05,sh.601186,9.1500,9.1800,8.9700,9.0100,9.2000,83295389,753896211.0300
2020-08-06,sh.601186,9.0300,9.1300,8.9000,9.0200,9.0100,47712266,428920668.3400
2020-08-07,sh.601186,9.0000,9.0300,8.8300,8.9000,9.0200,50337254,448579059.2700
2020-08-10,sh.601186,8.9400,9.2800,8.9100,9.1900,8.9000,153848611,1410139701.3500
2020-08-11,sh.601186,9.1900,9.2200,8.9800,8.9900,9.1900,83614429,761379371.4600
2020-08-12,sh.601186,8.9900,9.1600,8.9000,9.0600,8.9900,75334824,680835703.9300
2020-08-13,sh.601186,9.1400,9.1800,9.0400,9.0700,9.0600,50096402,455993767.1600
2020-08-14,sh.601186,9.1200,9.1300,9.0000,9.1100,9.0700,47282793,428610909.6400
2020-08-17,sh.601186,9.1400,9.3200,9.0800,9.2700,9.1100,118251833,1092811358.1300
2020-08-18,sh.601186,9.1500,9.1900,9.0500,9.1000,9.2700,145386232,1323029319.1700
2020-08-19,sh.601186,9.0600,9.1600,9.0300,9.0800,9.1000,64818511,588743237.3400
2020-08-20,sh.601186,9.0500,9.0500,8.9500,8.9700,9.0800,52291937,470099763.9100
2020-08-21,sh.601186,8.9800,9.0400,8.9500,8.9700,8.9700,37625081,338048369.9700
2020-08-24,sh.601186,8.9900,9.0200,8.9200,8.9200,8.9700,38473627,344636092.5700
2020-08-25,sh.601186,8.9300,8.9600,8.8600,8.8800,8.9200,34726094,309167353.8100
2020-08-26,sh.601186,8.8600,8.9100,8.7500,8.7600,8.8800,41322287,363869571.3400
2020-08-27,sh.601186,8.7800,8.7800,8.7000,8.7300,8.7600,30720127,268178855.7100
2020-08-28,sh.601186,8.7700,8.8900,8.7500,8.8800,8.7300,37943212,334727045.0900
2020-08-31,sh.601186,9.0000,9.1200,8.9000,8.9300,8.8800,73097249,660569133.3800
2020-09-01,sh.601186,8.9000,8.9800,8.8900,8.9400,8.9300,30077136,268254646.4100
2020-09-02,sh.601186,8.9100,8.9300,8.8100,8.8400,8.9400,35833982,317384678.8300
2020-09-03,sh.601186,8.8500,8.9100,8.7900,8.8000,8.8400,34266986,302736703.3500
2020-09-04,sh.601186,8.7200,8.7700,8.7000,8.7500,8.8000,28448882,248755114.9300
2020-09-07,sh.601186,8.7400,8.8400,8.6900,8.7000,8.7500,31539037,276242448.1300
2020-09-08,sh.601186,8.7200,8.7900,8.6900,8.7800,8.7000,28510826,249462444.8500
2020-09-09,sh.601186,8.7300,8.8500,8.7100,8.7400,8.7800,34307518,301009622.1900
2020-09-10,sh.601186,8.7800,8.8100,8.6100,8.6500,8.7400,41833111,364034843.3100
2020-09-11,sh.601186,8.6200,8.6700,8.5500,8.5900,8.6500,30518323,262408887.9100
2020-09-14,sh.601186,8.6200,8.6300,8.5200,8.5900,8.5900,32499245,278727494.3200
2020-09-15,sh.601186,8.5800,8.6300,8.5300,8.6200,8.5900,27526569,235940753.1100
2020-09-16,sh.601186,8.5900,8.7400,8.5500,8.6600,8.6200,39477874,342122294.5700
2020-09-17,sh.601186,8.6600,8.6900,8.6100,8.6200,8.6600,22019302,190378404.2500
2020-09-18,sh.601186,8.6300,8.8200,8.6300,8.8200,8.6200,61709544,541664969.9600
2020-09-21,sh.601186,8.8200,8.8500,8.7500,8.7800,8.8200,33904417,298049240.3800
2020-09-22,sh.601186,8.7300,8.7600,8.6000,8.6100,8.7800,32980080,286082412.3900
2020-09-23,sh.601186,8.6400,8.6500,8.5300,8.5400,8.6100,33525556,287379440.4500
2020-09-24,sh.601186,8.5100,8.5300,8.4100,8.4300,8.5400,35588180,300955440.0400
2020-09-25,sh.601186,8.4500,8.4700,8.3500,8.3800,8.4300,27164048,228034986.0200
2020-09-28,sh.601186,8.3900,8.4500,8.3300,8.3600,8.3800,22146670,185505119.1000
2020-09-29,sh.601186,8.3900,8.4200,8.3500,8.3500,8.3600,19021253,159478425.8000
2020-09-30,sh.601186,8.3700,8.3900,8.2600,8.2900,8.3500,26458928,220264707.4100
2020-10-09,sh.601186,8.3700,8.4200,8.3600,8.4000,8.2900,21304961,178867658.9700
2020-10-12,sh.601186,8.4000,8.5600,8.3600,8.5300,8.4000,37459618,318049302.4200
2020-10-13,sh.601186,8.5100,8.5100,8.4400,8.4800,8.5300,22729904,192618339.9600
2020-10-14,sh.601186,8.4800,8.4900,8.3500,8.3900,8.4800,31662946,266074619.3400
2020-10-15,sh.601186,8.3900,8.4100,8.3300,8.3900,8.3900,25459195,213152005.8500
2020-10-16,sh.601186,8.3800,8.4400,8.3500,8.3900,8.3900,22527527,189144177.4300
2020-10-19,sh.601186,8.3900,8.5300,8.3800,8.4000,8.3900,36562455,308822035.6100
2020-10-20,sh.601186,8.4000,8.4200,8.3300,8.4000,8.4000,22378997,187454570.1300
2020-10-21,sh.601186,8.4000,8.4900,8.3400,8.4900,8.4000,31210479,262483412.1300
2020-10-22,sh.601186,8.4800,8.4800,8.3800,8.4300,8.4900,21485696,180905647.8100
2020-10-23,sh.601186,8.4000,8.5500,8.4000,8.5000,8.4300,51087988,433989306.3300
2020-10-26,sh.601186,8.6200,8.6400,8.4400,8.4800,8.5000,37044239,315280615.3900
2020-10-27,sh.601186,8.4100,8.4700,8.3700,8.3800,8.4800,29314097,246321336.3300
2020-10-28,sh.601186,8.4000,8.4100,8.3400,8.3800,8.3800,20744151,173722488.6900
2020-10-29,sh.601186,8.3400,8.4000,8.3300,8.3700,8.3800,20211562,169072659.2100
2020-10-30,sh.601186,8.3900,8.4500,8.2900,8.3300,8.3700,28467801,237850259.0500
2020-11-02,sh.601186,8.2700,8.3100,8.1900,8.2300,8.3300,38908168,320678429.0800
2020-11-03,sh.601186,8.2300,8.3400,8.2300,8.3000,8.2300,26350713,218406174.7100
2020-11-04,sh.601186,8.3100,8.3300,8.2300,8.2800,8.3000,24702853,204558875.1100
2020-11-05,sh.601186,8.3100,8.3800,8.2900,8.3700,8.2800,35531593,296389720.8200
2020-11-06,sh.601186,8.3700,8.4500,8.3000,8.4000,8.3700,45494431,381698700.2400
2020-11-09,sh.601186,8.4600,8.5200,8.4300,8.4800,8.4000,51117968,433346872.9500
2020-11-10,sh.601186,8.5100,8.5600,8.3700,8.4100,8.4800,44940091,379855323.3400
2020-11-11,sh.601186,8.4000,8.7800,8.3600,8.6700,8.4100,137084445,1179952192.7200
2020-11-12,sh.601186,8.6300,8.6300,8.4500,8.4700,8.6700,72037162,613483244.6600
2020-11-13,sh.601186,8.4400,8.4500,8.3200,8.3600,8.4700,49069805,410376390.2900
2020-11-16,sh.601186,8.3800,8.4800,8.3700,8.4700,8.3600,46676490,393071781.1200
2020-11-17,sh.601186,8.4700,8.5100,8.4200,8.4700,8.4700,43616929,369429050.7100
2020-11-18,sh.601186,8.4800,8.5900,8.4200,8.5000,8.4700,56882124,484142240.4900
2020-11-19,sh.601186,8.4900,8.5700,8.4600,8.4900,8.5000,30499129,259095619.9000
2020-11-20,sh.601186,8.4800,8.5000,8.3800,8.4800,8.4900,37623892,317540891.5300
2020-11-23,sh.601186,8.4800,8.6400,8.4500,8.5900,8.4800,77227283,661657812.4400
2020-11-24,sh.601186,8.5800,8.6300,8.5400,8.5800,8.5900,41735242,358072941.2800
2020-11-25,sh.601186,8.6200,8.6600,8.4400,8.4500,8.5800,61906201,529235297.1100
2020-11-26,sh.601186,8.4500,8.4800,8.4100,8.4700,8.4500,30951958,261487696.3800
2020-11-27,sh.601186,8.4900,8.6000,8.4500,8.5900,8.4700,48325101,411611181.5900
2020-11-30,sh.601186,8.6300,8.8200,8.5800,8.5900,8.5900,128643340,1120976566.8100
2020-12-01,sh.601186,8.5800,8.6800,8.5100,8.6700,8.5900,68332006,587163305.8500
2020-12-02,sh.601186,8.6600,8.8100,8.6000,8.7200,8.6700,90689255,791039063.2000
2020-12-03,sh.601186,8.7100,8.7200,8.6000,8.6200,8.7200,52571593,454409369.1000
2020-12-04,sh.601186,8.6100,8.6300,8.5100,8.5600,8.6200,43756645,374012225.2400
2020-12-07,sh.601186,8.5600,8.5700,8.4300,8.4400,8.5600,42139429,357412284.8100
2020-12-08,sh.601186,8.4300,8.4600,8.3400,8.3500,8.4400,54195512,454099410.4600
2020-12-09,sh.601186,8.3600,8.3800,8.2900,8.2900,8.3500,35615700,296922984.0000
2020-12-10,sh.601186,8.2800,8.3300,8.2800,8.3000,8.2900,22583646,187551286.3000
2020-12-11,sh.601186,8.2900,8.3300,8.2000,8.2500,8.3000,42823553,352877112.0500
2020-12-14,sh.601186,8.2600,8.2800,8.2000,8.2300,8.2500,28379417,233626463.7400
2020-12-15,sh.601186,8.2300,8.2300,8.1700,8.2200,8.2300,30133561,246904795.5800
2020-12-16,sh.601186,8.2000,8.2300,8.1600,8.1600,8.2200,30213807,247462375.1900
2020-12-17,sh.601186,8.1500,8.2200,8.1000,8.2100,8.1600,35670603,290901548.9300
2020-12-18,sh.601186,8.2200,8.3200,8.1600,8.1600,8.2100,66990997,549572676.1100
2020-12-21,sh.601186,8.1500,8.1700,8.0900,8.1100,8.1600,41653774,338196163.2500
2020-12-22,sh.601186,8.1000,8.1200,7.9400,7.9600,8.1100,59439089,477199437.9300
2020-12-23,sh.601186,7.9500,7.9900,7.9200,7.9600,7.9600,26183352,208308846.0800
2020-12-24,sh.601186,7.9600,8.0200,7.9500,7.9900,7.9600,28609536,228310402.0000
2020-12-25,sh.601186,7.9700,8.0400,7.9700,8.0100,7.9900,22866698,183334878.9300
2020-12-28,sh.601186,7.9100,7.9800,7.8600,7.8700,8.0100,37234477,294283379.9900
2020-12-29,sh.601186,7.8700,7.9200,7.8300,7.9000,7.8700,27662956,218027080.3800
2020-12-30,sh.601186,7.8800,7.9000,7.8300,7.8300,7.9000,35178119,276454524.5400
2020-12-31,sh.601186,7.8300,7.9300,7.8300,7.9000,7.8300,37936980,298907362.9200
2021-01-04,sh.601186,7.8600,7.8900,7.8100,7.8700,7.9000,50204571,393989594.7400
2021-01-05,sh.601186,7.8300,8.1000,7.7700,7.8400,7.8700,125288585,990566032.3400
2021-01-06,sh.601186,7.8600,8.2500,7.8600,8.2000,7.8400,153351202,1244535924.0200
2021-01-07,sh.601186,8.1500,8.2000,7.9500,8.0100,8.2000,103383292,831830915.8600
2021-01-08,sh.601186,8.0000,8.1100,7.9600,8.0500,8.0100,62751524,503757002.2700
2021-01-11,sh.601186,8.0400,8.1000,7.8700,7.8700,8.0500,60341711,480954655.9800
2021-01-12,sh.601186,7.8500,8.0300,7.8400,7.9700,7.8700,60585606,480965406.2300
2021-01-13,sh.601186,7.9700,8.4400,7.8700,8.2400,7.9700,184907536,1512310225.1900
2021-01-14,sh.601186,8.2100,8.7600,8.1700,8.5100,8.2400,227539998,1943781230.4300
2021-01-15,sh.601186,8.4000,8.4500,8.1900,8.2200,8.5100,135105031,1116760455.5100
2021-01-18,sh.601186,8.1800,8.2700,8.1300,8.2100,8.2200,67716750,553927157.2800
2021-01-19,sh.601186,8.1700,8.2500,8.1400,8.1600,8.2100,57529403,470877505.1800
2021-01-20,sh.601186,8.1600,8.2100,8.1000,8.1100,8.1600,51404052,419018458.1400
2021-01-21,sh.601186,8.1200,8.1300,8.0300,8.0700,8.1100,59257261,478365200.1600
2021-01-22,sh.601186,8.0500,8.0600,7.9000,7.9100,8.0700,62434726,497030875.8000
2021-01-25,sh.601186,7.9200,7.9700,7.8700,7.8800,7.9100,43359598,342561458.8700
2021-01-26,sh.601186,7.8800,7.9700,7.8600,7.9000,7.8800,35058803,277065178.5300
2021-01-27,sh.601186,7.9000,8.0100,7.8900,7.9200,7.9000,36808070,292381748.6000
2021-01-28,sh.601186,7.8900,7.9000,7.7700,7.7900,7.9200,55977471,437170177.9800
2021-01-29,sh.601186,7.8100,7.8300,7.6800,7.7300,7.7900,39852813,309008275.8600
2021-02-01,sh.601186,7.7200,7.7600,7.6200,7.6800,7.7300,33077790,254445987.6500
2021-02-02,sh.601186,7.6800,7.7600,7.6600,7.6900,7.6800,33880934,260922010.4000
2021-02-03,sh.601186,7.6900,7.6900,7.5200,7.5200,7.6900,44486187,337069929.7500
2021-02-04,sh.601186,7.5000,7.5000,7.2800,7.3200,7.5200,49701790,366080887.7800
2021-02-05,sh.601186,7.3200,7.4300,7.3100,7.3700,7.3200,31016183,228286207.3100
2021-02-08,sh.601186,7.3600,7.4700,7.3400,7.4100,7.3700,21619046,160354562.3000
2021-02-09,sh.601186,7.4200,7.4700,7.4100,7.4600,7.4100,25994756,193596165.8400
2021-02-10,sh.601186,7.4500,7.4800,7.4200,7.4700,7.4600,26754137,199435337.3200
2021-02-18,sh.601186,7.6000,7.6500,7.5600,7.6100,7.4700,45589868,346921285.0100
2021-02-19,sh.601186,7.6100,7.9900,7.6000,7.9600,7.6100,91403293,716580283.7100
2021-02-22,sh.601186,8.0200,8.1500,7.9600,7.9700,7.9600,106365452,857451723.9500
2021-02-23,sh.601186,7.9300,8.0400,7.8200,7.8300,7.9700,63792807,504419440.7000
2021-02-24,sh.601186,7.8600,7.9100,7.7300,7.8300,7.8300,49987966,391297025.1700
2021-02-25,sh.601186,7.9100,8.1200,7.8600,8.0400,7.8300,95943098,770149029.8000
2021-02-26,sh.601186,7.9300,7.9600,7.8200,7.8300,8.0400,63005316,496220518.4800
2021-03-01,sh.601186,7.8800,7.9000,7.8100,7.9000,7.8300,38637573,303607165.6500
2021-03-02,sh.601186,7.9000,7.9000,7.7500,7.7700,7.9000,37676447,294262335.9000
2021-03-03,sh.601186,7.7800,7.8600,7.7600,7.8500,7.7700,31680813,248074347.2900
2021-03-04,sh.601186,7.8300,7.9500,7.8100,7.8400,7.8500,36498603,286834360.8200
2021-03-05,sh.601186,7.8000,7.9400,7.7800,7.8900,7.8400,37704062,297161754.9000
2021-03-08,sh.601186,7.8900,7.9300,7.8000,7.8000,7.8900,40933292,322060933.1500
2021-03-09,sh.601186,7.8300,7.9200,7.6700,7.8300,7.8000,48787952,380982156.0500
2021-03-10,sh.601186,7.8300,7.8500,7.6400,7.6500,7.8300,38956247,301567717.5800
2021-03-11,sh.601186,7.6500,7.7500,7.6400,7.7400,7.6500,35443710,273131222.5200
2021-03-12,sh.601186,7.8100,7.9400,7.7100,7.8800,7.7400,73246659,576195157.8800
2021-03-15,sh.601186,7.8100,8.0400,7.8100,7.9700,7.8800,76745156,610301534.9200
2021-03-16,sh.601186,7.9800,8.0300,7.9100,8.0100,7.9700,52169154,416538215.1200
2021-03-17,sh.601186,8.0100,8.0100,7.8800,7.9100,8.0100,41420148,328232092.4900
2021-03-18,sh.601186,7.9100,7.9400,7.8800,7.9200,7.9100,26615266,210594112.9000
2021-03-19,sh.601186,7.8700,7.9100,7.7700,7.7800,7.9200,42331433,331551818.4000
2021-03-22,sh.601186,7.8200,7.9800,7.8200,7.9200,7.7800,44298456,349703518.1800
2021-03-23,sh.601186,7.9100,7.9300,7.8200,7.8600,7.9200,30785945,242141984.6900
2021-03-24,sh.601186,7.8400,7.8700,7.7800,7.8100,7.8600,29718552,232446658.1100
2021-03-25,sh.601186,7.8100,7.8400,7.7500,7.7500,7.8100,33360732,259860023.9700
2021-03-26,sh.601186,7.7700,7.7900,7.7300,7.7300,7.7500,42431267,328927048.9600
2021-03-29,sh.601186,7.7500,7.7900,7.7300,7.7800,7.7300,30904104,239986011.9100
2021-03-30,sh.601186,7.7900,7.8000,7.7200,7.8000,7.7800,27322145,212105526.0500
2021-03-31,sh.601186,7.8600,8.0800,7.8400,8.0100,7.8000,108682548,867464386.2100
2021-04-01,sh.601186,8.0800,8.2000,8.0200,8.1400,8.0100,116276410,945341656.5300
2021-04-02,sh.601186,8.1100,8.1500,8.0500,8.0700,8.1400,67253259,543928389.2900
2021-04-06,sh.601186,8.0500,8.0900,8.0200,8.0700,8.0700,43909650,353825206.2500
2021-04-07,sh.601186,8.0700,8.1500,8.0400,8.1400,8.0700,46640434,378193023.4300
2021-04-08,sh.601186,8.1400,8.1500,8.0500,8.1000,8.1400,39775448,322638112.7800
2021-04-09,sh.601186,8.1000,8.1500,8.0600,8.0700,8.1000,30006101,242574351.1000
2021-04-12,sh.601186,8.0600,8.2000,8.0200,8.1700,8.0700,58208482,473406815.4000
2021-04-13,sh.601186,8.1300,8.1500,7.9700,7.9900,8.1700,57363916,460308064.0100
2021-04-14,sh.601186,7.9700,8.0100,7.9400,7.9900,7.9900,33362771,266127092.2600
2021-04-15,sh.601186,8.0000,8.0100,7.9200,7.9500,7.9900,25487000,202732123.3900
2021-04-16,sh.601186,7.9500,8.0500,7.9500,8.0300,7.9500,27589646,221073919.3000
2021-04-19,sh.601186,8.0400,8.1100,8.0100,8.0700,8.0300,34189512,276191665.0900
2021-04-20,sh.601186,8.0500,8.0800,7.9800,7.9900,8.0700,30851620,247501455.0300
2021-04-21,sh.601186,7.9700,7.9700,7.9000,7.9200,7.9900,29737409,235543919.6200
2021-04-22,sh.601186,7.9200,7.9400,7.8700,7.8800,7.9200,28233745,223043829.1300
2021-04-23,sh.601186,7.9000,7.9100,7.8200,7.8400,7.8800,21592256,169670903.9900
2021-04-26,sh.601186,7.8500,7.8700,7.7700,7.7800,7.8400,31605809,247127542.5000
2021-04-27,sh.601186,7.7700,7.7800,7.7000,7.7300,7.7800,24186908,186919053.4400
2021-04-28,sh.601186,7.7200,7.7800,7.7000,7.7200,7.7300,26076866,201395973.8000
2021-04-29,sh.601186,7.7300,7.8100,7.7000,7.8100,7.7200,26486012,205983715.9100
2021-04-30,sh.601186,7.8500,7.8700,7.6800,7.7200,7.8100,38872908,301294200.2000
2021-05-06,sh.601186,7.7800,7.8000,7.7300,7.7400,7.7200,29389628,228240118.8600
2021-05-07,sh.601186,7.7500,7.8500,7.7200,7.7800,7.7400,36417353,283524336.0800
2021-05-10,sh.601186,7.7800,7.8000,7.7100,7.7500,7.7800,34690678,268812696.0900
2021-05-11,sh.601186,7.7300,7.7700,7.6900,7.7700,7.7500,27435828,212014900.9500
2021-05-12,sh.601186,7.7600,7.7700,7.7000,7.7600,7.7700,25817139,199738423.8700
2021-05-13,sh.601186,7.7200,7.8000,7.7100,7.7400,7.7600,27626192,214042774.8900
2021-05-14,sh.601186,7.7600,7.7800,7.7000,7.7800,7.7400,41423750,320842579.0000
2021-05-17,sh.601186,7.7700,7.8100,7.7400,7.7700,7.7800,32503796,252862141.9300
2021-05-18,sh.601186,7.7800,7.7900,7.7300,7.7500,7.7700,25162778,194907752.7700
2021-05-19,sh.601186,7.7600,7.7800,7.7000,7.7000,7.7500,33377050,257676875.0400
2021-05-20,sh.601186,7.7200,7.7200,7.6500,7.6800,7.7000,25947516,199125678.6600
2021-05-21,sh.601186,7.6900,7.7000,7.6600,7.6700,7.6800,18364159,141007843.9400
2021-05-24,sh.601186,7.6700,7.6800,7.6500,7.6700,7.6700,19502536,149507435.6700
2021-05-25,sh.601186,7.6700,7.7500,7.6300,7.7400,7.6700,38136672,293759008.2900
2021-05-26,sh.601186,7.7400,7.7900,7.7200,7.7700,7.7400,40469205,314061932.1400
2021-05-27,sh.601186,7.7700,7.7700,7.7100,7.7400,7.7700,32438170,250829624.2500
2021-05-28,sh.601186,7.7300,7.7500,7.6900,7.7100,7.7400,25792001,198973525.5500
2021-05-31,sh.601186,7.6900,7.6900,7.6300,7.6400,7.7100,37966397,290449997.7900
2021-06-01,sh.601186,7.6500,7.6600,7.6200,7.6500,7.6400,24490221,187092969.7200
2021-06-02,sh.601186,7.6600,7.6700,7.6000,7.6300,7.6500,26364593,201073794.8700
2021-06-03,sh.601186,7.6300,7.6600,7.6100,7.6300,7.6300,21607961,165043307.5300
2021-06-04,sh.601186,7.6200,7.6600,7.6100,7.6300,7.6300,21601262,164869172.3200
2021-06-07,sh.601186,7.6300,7.6400,7.6000,7.6100,7.6300,23813698,181369999.7500
2021-06-08,sh.601186,7.6200,7.6300,7.5900,7.6100,7.6100,21711377,165034730.4300
2021-06-09,sh.601186,7.6100,7.6200,7.5500,7.5500,7.6100,30888454,234014945.3200
2021-06-10,sh.601186,7.5500,7.6000,7.5400,7.5400,7.5500,26169362,197956585.8400
2021-06-11,sh.601186,7.5500,7.5800,7.5100,7.5600,7.5400,40064976,302282318.6400
2021-06-15,sh.601186,7.5400,7.5500,7.3700,7.4000,7.5600,58918900,437969609.5800
2021-06-16,sh.601186,7.4000,7.5700,7.3800,7.5200,7.4000,45153979,338909991.6500
2021-06-17,sh.601186,7.5000,7.5200,7.4100,7.4200,7.5200,26710232,198925208.7300
2021-06-18,sh.601186,7.4300,7.4400,7.3900,7.4100,7.4200,25103485,186035747.4900
2021-06-21,sh.601186,7.4100,7.4400,7.3800,7.4200,7.4100,24406171,180760063.7900
2021-06-22,sh.601186,7.4200,7.5700,7.3800,7.5200,7.4200,61051478,458604813.0500
2021-06-23,sh.601186,7.4900,7.5300,7.4200,7.5200,7.5200,43420820,324229065.9000
2021-06-24,sh.601186,7.5000,7.5600,7.4900,7.5200,7.5200,23373725,175897039.3400
2021-06-25,sh.601186,7.5200,7.5500,7.4900,7.5300,7.5200,23311301,175462255.5300
2021-06-28,sh.601186,7.5400,7.5500,7.4500,7.4700,7.5300,24862126,186168958.5600
2021-06-29,sh.601186,7.4600,7.4800,7.4200,7.4300,7.4700,22245738,165654850.2300
2021-06-30,sh.601186,7.4200,7.4400,7.3800,7.4300,7.4300,22070580,163520427.3000
2021-07-01,sh.601186,7.4300,7.5000,7.3900,7.4300,7.4300,31033831,231317809.4100
2021-07-02,sh.601186,7.4400,7.4700,7.3500,7.3600,7.4300,32649982,241282561.1900
2021-07-05,sh.601186,7.3600,7.3700,7.3000,7.3100,7.3600,29189189,213595638.2400
2021-07-06,sh.601186,7.3100,7.3600,7.2900,7.3500,7.3100,22248629,163086355.8700
2021-07-07,sh.601186,7.3200,7.3700,7.3100,7.3600,7.3500,20115894,147503971.0400
2021-07-08,sh.601186,7.3600,7.3600,7.2900,7.2900,7.3600,25540413,186768729.7700
2021-07-09,sh.601186,7.2900,7.3300,7.2800,7.3200,7.2900,16231518,118624376.4000
2021-07-12,sh.601186,7.3400,7.3700,7.3100,7.3200,7.3200,23788288,174621252.6700
2021-07-13,sh.601186,7.3300,7.4200,7.3000,7.3600,7.3200,40146167,296131145.3500
2021-07-14,sh.601186,7.3700,7.3700,7.2900,7.2900,7.3600,29302735,214129951.5300
2021-07-15,sh.601186,7.2900,7.3200,7.2400,7.3100,7.2900,26055643,189606558.5000
2021-07-16,sh.601186,7.2900,7.3300,7.2700,7.2900,7.3100,21359408,155726092.2100
2021-07-19,sh.601186,7.2800,7.2900,7.2200,7.2300,7.2900,22571008,163379056.8400
2021-07-20,sh.601186,7.2200,7.3500,7.1700,7.2900,7.2300,42506272,308452951.4200
2021-07-21,sh.601186,7.2700,7.2900,7.2200,7.2400,7.2900,24483108,177443249.7100
2021-07-22,sh.601186,7.2400,7.3400,7.2100,7.2900,7.2400,29781914,217495140.5000
2021-07-23,sh.601186,7.2900,7.4700,7.2800,7.4000,7.2900,62518353,463478897.9000
2021-07-26,sh.601186,7.4200,7.4400,7.3000,7.3600,7.4000,46391169,340867898.7400
2021-07-27,sh.601186,7.3600,7.3800,7.2100,7.2700,7.3600,37440839,272898460.8600
2021-07-28,sh.601186,7.2200,7.3400,7.1700,7.2800,7.2700,37327899,270052037.5500
2021-07-29,sh.601186,7.2900,7.3200,7.2200,7.2600,7.2800,27003396,195582283.7700
2021-07-30,sh.601186,7.2400,7.4500,7.1900,7.3500,7.2600,57639267,424897013.1300
2021-08-02,sh.601186,7.3300,7.5300,7.2800,7.4800,7.3500,80411085,597455229.1900
2021-08-03,sh.601186,7.4700,7.6700,7.4400,7.6200,7.4800,101216529,768718704.5600
2021-08-04,sh.601186,7.4100,7.4100,7.2300,7.3100,7.3900,60995653,445418588.4500
2021-08-05,sh.601186,7.2900,7.3500,7.2400,7.3100,7.3100,42846744,312312386.5700
2021-08-06,sh.601186,7.3000,7.3200,7.2500,7.2800,7.3100,28327257,206180352.6400
2021-08-09,sh.601186,7.2700,7.4100,7.2600,7.3400,7.2800,48783333,358733216.1400
2021-08-10,sh.601186,7.3300,7.3500,7.2700,7.3200,7.3400,37772851,275570184.9300
2021-08-11,sh.601186,7.3100,7.4200,7.2900,7.3100,7.3200,47618983,349898052.7300
2021-08-12,sh.601186,7.3100,7.3100,7.2500,7.2600,7.3100,34373217,249856215.5400
2021-08-13,sh.601186,7.2600,7.2700,7.2000,7.2100,7.2600,30242895,218562651.3200
2021-08-16,sh.601186,7.2000,7.2700,7.2000,7.2500,7.2100,28186301,204264200.2500
2021-08-17,sh.601186,7.2500,7.3700,7.2300,7.2400,7.2500,55361519,404338544.5700
2021-08-18,sh.601186,7.2200,7.3800,7.2000,7.3700,7.2400,68812677,503603806.8000
2021-08-19,sh.601186,7.3500,7.3600,7.2600,7.2900,7.3700,45927800,335865332.2700
2021-08-20,sh.601186,7.2800,7.2900,7.2200,7.2500,7.2900,32483683,235364062.1500
2021-08-23,sh.601186,7.2400,7.2800,7.2400,7.2600,7.2500,23978649,174147944.1500
2021-08-24,sh.601186,7.2500,7.2800,7.2400,7.2600,7.2600,28023957,203446829.5500
2021-08-25,sh.601186,7.2700,7.4300,7.2300,7.3800,7.2600,72156594,530545506.0100
2021-08-26,sh.601186,7.3500,7.4700,7.3400,7.4100,7.3800,83733067,621004563.1800
2021-08-27,sh.601186,7.4100,7.5200,7.3700,7.4800,7.4100,74032040,551387896.7900
2021-08-30,sh.601186,7.4800,7.5000,7.3800,7.4000,7.4800,62754857,465498966.5600
2021-08-31,sh.601186,7.4400,7.6300,7.4200,7.6300,7.4000,139404530,1051703530.2400
2021-09-01,sh.601186,7.6800,8.3700,7.6800,8.2700,7.6300,351797136,2864118564.1400
2021-09-02,sh.601186,8.3000,8.7400,8.1700,8.6600,8.2700,318696336,2692386726.2600
2021-09-03,sh.601186,8.6700,8.7300,8.3600,8.3800,8.6600,230856069,1965145615.1100
2021-09-06,sh.601186,8.4600,9.0800,8.3900,8.7100,8.3800,297288848,2596978946.6500
2021-09-07,sh.601186,8.7000,8.9200,8.5700,8.8500,8.7100,201689660,1775123888.8000
2021-09-08,sh.601186,8.8300,8.9300,8.7200,8.8500,8.8500,173182355,1531433048.0600
2021-09-09,sh.601186,8.8500,9.2800,8.8000,9.1600,8.8500,247139869,2252423162.2800
2021-09-10,sh.601186,9.2600,9.5200,9.0000,9.0900,9.1600,267330484,2479625468.7200
2021-09-13,sh.601186,8.9600,9.2400,8.9500,9.0700,9.0900,156805715,1427851244.7600
2021-09-14,sh.601186,9.0800,9.1400,8.5800,8.6700,9.0700,224447165,1965324975.5200
2021-09-15,sh.601186,8.5900,8.7300,8.5000,8.6000,8.6700,116642052,1003147294.0300
2021-09-16,sh.601186,8.5900,8.7000,8.5100,8.5400,8.6000,97614465,838563834.5000
2021-09-17,sh.601186,8.5200,8.6000,8.2600,8.4000,8.5400,129410508,1089514500.0400
2021-09-22,sh.601186,8.2700,8.7400,8.2600,8.6600,8.4000,124251132,1060486367.0400
2021-09-23,sh.601186,8.7100,8.8000,8.5400,8.6600,8.6600,104418444,904756504.3300
2021-09-24,sh.601186,8.6600,8.7100,8.3800,8.4000,8.6600,86372330,735668539.6900
2021-09-27,sh.601186,8.3900,8.4900,8.0000,8.0200,8.4000,117943435,962224734.5800
2021-09-28,sh.601186,8.0200,8.1700,8.0200,8.1100,8.0200,51943212,421240792.0700
2021-09-29,sh.601186,8.0600,8.1400,7.8100,7.8800,8.1100,98296822,782311400.3700
2021-09-30,sh.601186,7.9000,7.9700,7.8300,7.9000,7.8800,57451629,453928827.9600
2021-10-08,sh.601186,8.1200,8.1400,7.9700,8.0700,7.9000,58545461,470784994.7800
2021-10-11,sh.601186,8.0700,8.0700,7.9200,7.9700,8.0700,54182405,431856218.2700
2021-10-12,sh.601186,7.9300,7.9300,7.6900,7.7500,7.9700,67810488,528016393.9100
2021-10-13,sh.601186,7.7500,7.8200,7.6500,7.8000,7.7500,48206849,372739024.0500
2021-10-14,sh.601186,7.7900,7.8100,7.7100,7.7400,7.8000,37661941,292162670.0500
2021-10-15,sh.601186,7.7400,7.7500,7.6200,7.6300,7.7400,50793578,389446905.9200
2021-10-18,sh.601186,7.6300,7.7500,7.6300,7.7100,7.6300,39108814,301517409.8000
2021-10-19,sh.601186,7.6800,7.7800,7.6600,7.7300,7.7100,40573105,313334681.7000
2021-10-20,sh.601186,7.7300,7.7400,7.6600,7.6800,7.7300,33527981,257798468.1800
2021-10-21,sh.601186,7.6700,7.7400,7.6300,7.6400,7.6800,43000296,330242902.7500
2021-10-22,sh.601186,7.6300,7.7000,7.5500,7.5700,7.6400,51766803,394625641.8900
2021-10-25,sh.601186,7.5200,7.6700,7.5000,7.6300,7.5700,44609067,339329811.0600
2021-10-26,sh.601186,7.6100,7.7600,7.5900,7.6000,7.6300,48198657,369439562.8400
2021-10-27,sh.601186,7.5800,7.6200,7.4400,7.4500,7.6000,46277637,346804085.0100
2021-10-28,sh.601186,7.4500,7.4800,7.3500,7.3800,7.4500,36841690,272547523.5200
2021-10-29,sh.601186,7.3800,7.4500,7.3400,7.4400,7.3800,31908773,236308714.0200
2021-11-01,sh.601186,7.4000,7.5000,7.3900,7.4700,7.4400,49776624,371308882.5100
2021-11-02,sh.601186,7.4700,7.4800,7.2200,7.2700,7.4700,77575734,568117376.3600
2021-11-03,sh.601186,7.2500,7.3000,7.2200,7.2600,7.2700,37079852,268939591.0000
2021-11-04,sh.601186,7.2700,7.2800,7.2300,7.2600,7.2600,31258390,226791173.7500
2021-11-05,sh.601186,7.2500,7.2600,7.2100,7.2100,7.2600,31370772,226657083.0500
2021-11-08,sh.601186,7.2500,7.2600,7.2100,7.2200,7.2100,27072812,195849238.0700
2021-11-09,sh.601186,7.2300,7.2400,7.1900,7.2200,7.2200,28199147,203439646.4000
2021-11-10,sh.601186,7.2200,7.2800,7.1500,7.2800,7.2200,43864863,315773867.9200
2021-11-11,sh.601186,7.2400,7.4400,7.2300,7.4000,7.2800,63036995,464303265.5700
2021-11-12,sh.601186,7.3800,7.3800,7.3100,7.3400,7.4000,26500469,194581752.1400
2021-11-15,sh.601186,7.3300,7.3900,7.3100,7.3700,7.3400,20805781,152860099.2200
2021-11-16,sh.601186,7.3800,7.4300,7.3100,7.3200,7.3700,28390207,209011614.4900
2021-11-17,sh.601186,7.3400,7.3700,7.3200,7.3400,7.3200,15453630,113471587.2200
2021-11-18,sh.601186,7.3400,7.3500,7.2800,7.2900,7.3400,28582680,208772133.2200
2021-11-19,sh.601186,7.2800,7.3500,7.2300,7.3400,7.2900,35849038,260802796.7600
2021-11-22,sh.601186,7.3300,7.3400,7.2700,7.2900,7.3400,31820982,232036134.8300
2021-11-23,sh.601186,7.2700,7.4200,7.2500,7.4100,7.2900,58676549,432200339.1300
2021-11-24,sh.601186,7.3900,7.4200,7.3600,7.3900,7.4100,31986852,236219719.8600
2021-11-25,sh.601186,7.3900,7.4200,7.3600,7.4000,7.3900,25775296,190444454.0500
2021-11-26,sh.601186,7.3800,7.4100,7.3400,7.3700,7.4000,30694476,226271408.4200
2021-11-29,sh.601186,7.2800,7.3400,7.2500,7.3000,7.3700,25202140,183909478.0200
2021-11-30,sh.601186,7.3500,7.3900,7.2800,7.3000,7.3000,23665970,173489663.1200
2021-12-01,sh.601186,7.2800,7.3600,7.2800,7.3500,7.3000,22318936,163665177.1000
2021-12-02,sh.601186,7.3500,7.7500,7.3400,7.7300,7.3500,139983742,1062161301.0500
2021-12-03,sh.601186,7.6800,7.8300,7.5900,7.7500,7.7300,90305174,698327063.7100
2021-12-06,sh.601186,7.7700,7.9000,7.6400,7.6600,7.7500,75711928,587207733.8500
2021-12-07,sh.601186,7.7300,7.9000,7.6800,7.8600,7.6600,98257204,768768585.5200
2021-12-08,sh.601186,7.8200,7.8700,7.7300,7.7700,7.8600,63837850,496552873.3600
2021-12-09,sh.601186,7.7700,7.8000,7.6900,7.7600,7.7700,54270263,420720137.8900
2021-12-10,sh.601186,7.7300,7.8300,7.6500,7.6500,7.7600,55549809,428846571.4800
2021-12-13,sh.601186,7.7500,7.9500,7.6600,7.6900,7.6500,92339991,718456179.3700
2021-12-14,sh.601186,7.6800,7.6800,7.5200,7.5500,7.6900,56394848,426947297.2000
2021-12-15,sh.601186,7.5400,7.6700,7.5300,7.5800,7.5500,44707936,339908174.3200
2021-12-16,sh.601186,7.5800,7.7900,7.5800,7.7300,7.5800,58625361,451914216.9200
2021-12-17,sh.601186,7.7400,7.9000,7.7200,7.7800,7.7300,69954612,546746857.6300
2021-12-20,sh.601186,7.7900,7.9600,7.7500,7.9300,7.7800,95787079,754041032.8400
2021-12-21,sh.601186,7.8600,8.0500,7.8500,7.9900,7.9300,83081823,661997650.9200
2021-12-22,sh.601186,8.0300,8.0500,7.8600,7.9300,7.9900,62326115,493116999.6200
2021-12-23,sh.601186,7.8800,7.9200,7.8200,7.8400,7.9300,47261733,370953212.1600
2021-12-24,sh.601186,7.8800,7.8900,7.8100,7.8200,7.8400,41742674,327772690.9700
2021-12-27,sh.601186,7.8200,7.9200,7.8100,7.8400,7.8200,46769850,367763109.5000
2021-12-28,sh.601186,7.8400,7.8700,7.7000,7.7500,7.8400,54921111,425973759.3600
2021-12-29,sh.601186,7.7300,7.8200,7.7200,7.7500,7.7500,31053301,241089009.7400
2021-12-30,sh.601186,7.7300,7.7700,7.7000,7.7200,7.7500,41924866,323874205.4200
2021-12-31,sh.601186,7.7200,7.8500,7.7000,7.8000,7.7200,42256815,329596284.3700
2022-01-04,sh.601186,7.8300,7.8400,7.7600,7.8200,7.8000,43005085,335360706.2400
2022-01-05,sh.601186,7.8200,7.8700,7.7300,7.8200,7.8200,60763167,473812435.1300
2022-01-06,sh.601186,7.8000,8.2500,7.7900,8.1600,7.8200,165059073,1334533857.0300
2022-01-07,sh.601186,8.1300,8.4200,8.1100,8.3300,8.1600,139967099,1167377708.0700
2022-01-10,sh.601186,8.3500,8.4900,8.2500,8.4200,8.3300,113567945,950937211.7000
2022-01-11,sh.601186,8.4200,8.4600,8.2800,8.3100,8.4200,64472602,538807217.2600
2022-01-12,sh.601186,8.3300,8.3300,8.1000,8.1400,8.3100,80566975,657543906.9000
2022-01-13,sh.601186,8.1400,8.2600,8.0800,8.0900,8.1400,66021849,539175971.5200
2022-01-14,sh.601186,8.0700,8.0900,7.9100,7.9200,8.0900,70379553,561889976.5300
2022-01-17,sh.601186,7.9100,7.9800,7.8500,7.9300,7.9200,42121358,333131668.3400
2022-01-18,sh.601186,7.9300,8.4400,7.9000,8.3500,7.9300,138874439,1141554489.2400
2022-01-19,sh.601186,8.2800,8.4700,8.2700,8.3800,8.3500,121223921,1015904263.2600
2022-01-20,sh.601186,8.4100,8.6000,8.2800,8.4700,8.3800,139970699,1184031855.3900
2022-01-21,sh.601186,8.4100,8.4500,8.2200,8.2300,8.4700,74453078,617834112.9700
2022-01-24,sh.601186,8.2400,8.5700,8.1700,8.4000,8.2300,105460023,884911068.4800
2022-01-25,sh.601186,8.3100,8.4800,8.1700,8.1800,8.4000,75622756,629316074.1500
2022-01-26,sh.601186,8.2000,8.3700,8.1700,8.3500,8.1800,70294765,582056831.4000
2022-01-27,sh.601186,8.3200,8.4800,8.2600,8.3100,8.3500,78456103,655716401.3700
2022-01-28,sh.601186,8.3200,8.3600,8.0500,8.0600,8.3100,74079434,603691101.4000
2022-02-07,sh.601186,8.2000,8.7800,8.1900,8.7500,8.0600,175839237,1501113393.7400
2022-02-08,sh.601186,8.7500,8.7700,8.5500,8.7600,8.7500,125783209,1090071887.3000
2022-02-09,sh.601186,8.7000,8.7300,8.6000,8.6100,8.7600,81839286,707931571.2800
2022-02-10,sh.601186,8.5800,8.8300,8.5600,8.7100,8.6100,92711579,807241790.9700
2022-02-11,sh.601186,8.6500,8.8800,8.5600,8.5900,8.7100,109001206,951384696.4000
2022-02-14,sh.601186,8.5300,8.6400,8.4100,8.4700,8.5900,73399250,625535114.0200
2022-02-15,sh.601186,8.4700,8.5600,8.3600,8.4700,8.4700,70918294,599234949.6200
2022-02-16,sh.601186,8.5100,8.7500,8.5000,8.5800,8.4700,103352504,891496826.4300
2022-02-17,sh.601186,8.5900,8.6200,8.4500,8.4900,8.5800,69794135,594137144.8800
2022-02-18,sh.601186,8.4200,8.6500,8.4100,8.6500,8.4900,89107707,763670637.1900
2022-02-21,sh.601186,8.6100,8.6200,8.4200,8.5400,8.6500,102968979,873229765.9000
2022-02-22,sh.601186,8.4500,8.4900,8.3100,8.3900,8.5400,80212305,673831411.4700
2022-02-23,sh.601186,8.4100,8.4200,8.2100,8.3200,8.3900,90803896,752304370.3800
2022-02-24,sh.601186,8.2700,8.3000,8.0000,8.0600,8.3200,95308900,774986964.0500
2022-02-25,sh.601186,8.1000,8.1700,7.8600,7.9800,8.0600,105446973,843305483.6000
2022-02-28,sh.601186,7.9500,7.9900,7.8500,7.9800,7.9800,42501345,336813376.0000
2022-03-01,sh.601186,7.9900,8.1000,7.9800,8.0800,7.9800,55596225,447328304.0000
2022-03-02,sh.601186,8.0000,8.1400,7.9900,8.0700,8.0800,48417407,391678672.0000
2022-03-03,sh.601186,8.1000,8.2300,8.0700,8.1900,8.0700,67705605,554293328.0000
2022-03-04,sh.601186,8.1500,8.1600,8.0300,8.0800,8.1900,45716775,369209696.0000
2022-03-07,sh.601186,8.0100,8.2800,8.0000,8.0900,8.0800,104435932,851526592.0000
2022-03-08,sh.601186,8.1000,8.1600,7.9100,7.9200,8.0900,73684601,592454528.0000
2022-03-09,sh.601186,7.9100,8.0100,7.5500,7.8500,7.9200,70355340,551286416.0000
2022-03-10,sh.601186,7.9500,8.0000,7.7800,7.8100,7.8500,59137284,465879360.0000
2022-03-11,sh.601186,7.7100,7.7900,7.5600,7.7600,7.8100,55742636,426499600.0000
2022-03-14,sh.601186,7.6800,7.8300,7.5700,7.5800,7.7600,48627597,374383360.0000
2022-03-15,sh.601186,7.5400,7.5400,7.2100,7.2100,7.5800,75208026,554627104.0000
2022-03-16,sh.601186,7.2900,7.4200,7.1500,7.3500,7.2100,73093352,531847808.0000
2022-03-17,sh.601186,7.4500,7.4800,7.3400,7.3800,7.3500,58964474,436063216.0000
2022-03-18,sh.601186,7.3600,7.5600,7.3000,7.5400,7.3800,61661002,461066285.6800
2022-03-21,sh.601186,7.5500,7.5600,7.4100,7.4600,7.5400,45127224,336934792.2300
2022-03-22,sh.601186,7.4900,7.5900,7.4700,7.5800,7.4600,49334628,371878407.5400
2022-03-23,sh.601186,7.5600,7.6500,7.4700,7.5600,7.5800,45267451,341450772.4600
2022-03-24,sh.601186,7.5100,7.5700,7.4800,7.5000,7.5600,32787304,246790664.7300
2022-03-25,sh.601186,7.4900,7.5300,7.4100,7.4300,7.5000,38945131,290764286.2900
2022-03-28,sh.601186,7.3800,7.6100,7.3500,7.5800,7.4300,50948747,382322423.3100
2022-03-29,sh.601186,7.5700,7.5900,7.5000,7.5400,7.5800,28534089,215022378.4700
2022-03-30,sh.601186,7.5600,7.7000,7.5500,7.6900,7.5400,54950231,419718632.0700
2022-03-31,sh.601186,7.6500,7.7600,7.6300,7.6600,7.6900,50629320,389804108.2800
2022-04-01,sh.601186,7.6500,7.7500,7.6100,7.7200,7.6600,53816300,413888734.3400
2022-04-06,sh.601186,7.7200,8.2200,7.7000,8.1800,7.7200,154877658,1241124887.2000
2022-04-07,sh.601186,8.1200,8.2900,8.1000,8.1000,8.1800,116422560,951897267.3200
2022-04-08,sh.601186,8.2800,8.4700,8.2600,8.4600,8.1000,181938119,1524263086.8600
2022-04-11,sh.601186,8.5000,8.5900,8.3900,8.4700,8.4600,145948030,1237918277.9700
2022-04-12,sh.601186,8.4000,8.5600,8.2300,8.4300,8.4700,122440278,1026213390.6000
2022-04-13,sh.601186,8.3500,8.4600,8.2400,8.2600,8.4300,84459807,702240580.7600
2022-04-14,sh.601186,8.3000,8.3500,8.1700,8.2800,8.2600,82587419,681643988.6500
2022-04-15,sh.601186,8.2400,8.4500,8.2000,8.2200,8.2800,86152301,716929848.7700
2022-04-18,sh.601186,8.1900,8.2100,7.9800,8.0000,8.2200,84250465,679911588.8600
2022-04-19,sh.601186,8.0100,8.1400,7.9800,8.1100,8.0000,55198917,444821705.5800
2022-04-20,sh.601186,8.0800,8.0800,7.8100,7.8200,8.1100,76880496,608432068.5000
2022-04-21,sh.601186,7.8100,7.8400,7.6200,7.6300,7.8200,53559920,414313819.9000
2022-04-22,sh.601186,7.5900,7.8300,7.5700,7.7700,7.6300,56562747,438235073.8700
2022-04-25,sh.601186,7.7000,8.0400,7.5300,7.5300,7.7700,86909047,679066315.7000
2022-04-26,sh.601186,7.6200,7.9600,7.5600,7.7200,7.5300,100381968,780161377.0700
2022-04-27,sh.601186,7.9600,8.1200,7.8100,8.0100,7.7200,168942755,1350689820.8300
2022-04-28,sh.601186,7.9200,8.3300,7.8700,8.3100,8.0100,144280552,1179149100.1100
2022-04-29,sh.601186,8.3000,8.4600,8.1900,8.4200,8.3100,136459950,1137118231.8200
2022-05-05,sh.601186,8.4900,8.5800,8.4300,8.4600,8.4200,130313175,1109013687.4100
2022-05-06,sh.601186,8.2300,8.3900,8.1400,8.2300,8.4600,98446011,814236910.3400
2022-05-09,sh.601186,8.2300,8.4800,8.2200,8.3800,8.2300,61658453,516529686.3600
2022-05-10,sh.601186,8.2400,8.6000,8.2300,8.5600,8.3800,110024316,932863937.0400
2022-05-11,sh.601186,8.5400,8.6100,8.3700,8.4000,8.5600,100417175,849233817.2600
2022-05-12,sh.601186,8.3700,8.4800,8.2500,8.3500,8.4000,54387805,454187395.9000
2022-05-13,sh.601186,8.3500,8.4900,8.3000,8.3700,8.3500,46858070,393162713.9100
2022-05-16,sh.601186,8.3800,8.4300,8.2300,8.2900,8.3700,46454417,384952572.5800
2022-05-17,sh.601186,8.2900,8.3200,8.1500,8.2400,8.2900,39014811,320980417.6400
2022-05-18,sh.601186,8.2200,8.2600,8.0700,8.0800,8.2400,55516603,452087264.4600
2022-05-19,sh.601186,8.0100,8.3700,7.9800,8.3500,8.0800,70756477,580561561.4000
2022-05-20,sh.601186,8.3600,8.4000,8.3000,8.3700,8.3500,65542872,547282253.9300
2022-05-23,sh.601186,8.3600,8.3600,8.1500,8.1900,8.3700,60408388,496364718.9200
2022-05-24,sh.601186,8.1800,8.2000,7.9500,7.9700,8.1900,63118086,508832783.0400
2022-05-25,sh.601186,7.9500,8.0500,7.9300,8.0400,7.9700,51706458,413962113.8300
2022-05-26,sh.601186,8.0900,8.2000,8.0800,8.1100,8.0400,61988712,504164965.0000
2022-05-27,sh.601186,8.1500,8.1700,8.0600,8.1500,8.1100,54338318,440963334.3000
2022-05-30,sh.601186,8.1500,8.1800,8.0000,8.0300,8.1500,54067173,435926312.7400
2022-05-31,sh.601186,8.0100,8.0300,7.8700,7.9400,8.0300,81053713,641852697.9400
2022-06-01,sh.601186,7.9200,7.9700,7.8500,7.8900,7.9400,51930421,410168941.0200
2022-06-02,sh.601186,7.9200,7.9400,7.8500,7.8800,7.8900,42314966,333690386.9200
2022-06-06,sh.601186,7.8800,7.8800,7.7500,7.8200,7.8800,74081808,577505639.4600
2022-06-07,sh.601186,7.8000,7.8800,7.7800,7.8600,7.8200,50869573,398944449.2500
2022-06-08,sh.601186,7.8900,7.9100,7.7200,7.7900,7.8600,64348267,501985064.6300
2022-06-09,sh.601186,7.7600,7.9100,7.7600,7.8500,7.7900,76134322,597638762.4700
2022-06-10,sh.601186,7.8000,7.8700,7.7800,7.8700,7.8500,57541782,450231111.6500
2022-06-13,sh.601186,7.8400,7.8400,7.7100,7.7600,7.8700,60771486,471775077.5200
2022-06-14,sh.601186,7.7100,7.8100,7.6800,7.8000,7.7600,46540980,360685666.9400
2022-06-15,sh.601186,7.8000,8.0800,7.7700,7.9900,7.8000,122570380,977659699.3100
2022-06-16,sh.601186,7.9900,8.0300,7.8600,7.8700,7.9900,70508498,557788590.8500
2022-06-17,sh.601186,7.8400,7.9000,7.7800,7.9000,7.8700,48654228,381452562.2600
2022-06-20,sh.601186,7.9000,7.9400,7.8200,7.8900,7.9000,46604393,367710611.7100
2022-06-21,sh.601186,7.8900,7.9600,7.8400,7.8900,7.8900,39325530,310845068.4300
2022-06-22,sh.601186,7.9000,7.9100,7.7800,7.7900,7.8900,36001958,281630674.6800
2022-06-23,sh.601186,7.7800,7.8300,7.7500,7.8200,7.7900,33655493,262320788.0000
2022-06-24,sh.601186,7.8100,7.8300,7.7500,7.7700,7.8200,55346070,430192287.7200
2022-06-27,sh.601186,7.7700,7.8400,7.7500,7.7800,7.7700,38185808,297574701.2500
2022-06-28,sh.601186,7.7900,7.8300,7.7500,7.8300,7.7800,43581977,339164367.2300
2022-06-29,sh.601186,7.8400,7.9600,7.8300,7.8900,7.8300,78855021,622819836.5800
2022-06-30,sh.601186,7.9000,7.9300,7.8400,7.9000,7.8900,53679825,422882869.8900
2022-07-01,sh.601186,7.9200,8.0200,7.9100,7.9400,7.9000,68157663,542564324.4300
2022-07-04,sh.601186,7.9100,7.9800,7.8800,7.9500,7.9400,50026500,397667912.9000
2022-07-05,sh.601186,7.9500,8.0300,7.9000,7.9900,7.9500,55121252,438935717.8000
2022-07-06,sh.601186,7.9700,8.0000,7.8300,7.8500,7.9900,44298008,349078674.3200
2022-07-07,sh.601186,7.8600,7.8700,7.8000,7.8100,7.8500,32757841,256570422.7300
2022-07-08,sh.601186,7.8200,7.9100,7.8100,7.8800,7.8100,43464469,342187756.8000
2022-07-11,sh.601186,7.8600,8.0100,7.8200,7.9700,7.8800,67391767,535319752.8800
2022-07-12,sh.601186,7.9600,8.1900,7.9500,8.1000,7.9700,83368346,676771823.0400
2022-07-13,sh.601186,8.1500,8.2100,8.0400,8.1300,8.1000,67756612,550734899.3500
2022-07-14,sh.601186,8.1400,8.1400,7.9300,7.9400,8.1300,61486982,491001444.9000
2022-07-15,sh.601186,7.9400,7.9600,7.7100,7.7100,7.9400,61754940,484101786.8400
2022-07-18,sh.601186,7.7100,7.8300,7.7000,7.7800,7.7100,36588852,284767938.6500
2022-07-19,sh.601186,7.7900,7.8200,7.7400,7.8000,7.7800,35838338,278683231.7000
2022-07-20,sh.601186,7.8200,7.8400,7.7700,7.7800,7.8000,27295762,212552120.3600
2022-07-21,sh.601186,7.7700,7.7800,7.6800,7.7000,7.7800,47459988,366727634.9600
2022-07-22,sh.601186,7.7300,7.7500,7.7000,7.7300,7.7000,27053500,208888094.0000
2022-07-25,sh.601186,7.7400,7.7700,7.7100,7.7200,7.7300,23522542,181941384.2400
2022-07-26,sh.601186,7.5000,7.5500,7.4800,7.5300,7.4700,30123093,226604822.2200
2022-07-27,sh.601186,7.5400,7.5600,7.5200,7.5500,7.5300,21126856,159258219.3300
2022-07-28,sh.601186,7.5600,7.5700,7.4500,7.4700,7.5500,42990832,323012351.2900
2022-07-29,sh.601186,7.4800,7.5000,7.3400,7.3600,7.4700,47874700,354214090.4000
2022-08-01,sh.601186,7.3400,7.3600,7.2900,7.3500,7.3600,27528812,201710773.4200
2022-08-02,sh.601186,7.3100,7.3100,7.0900,7.1800,7.3500,57390455,411136291.9800
2022-08-03,sh.601186,7.1700,7.2300,7.1300,7.1300,7.1800,30392442,218071822.1200
2022-08-04,sh.601186,7.1600,7.1900,7.1300,7.1800,7.1300,19190718,137394606.0000
2022-08-05,sh.601186,7.1700,7.2600,7.1500,7.2600,7.1800,22373208,161128999.0000
2022-08-08,sh.601186,7.2300,7.2900,7.2300,7.2500,7.2600,19610896,142142947.0000
2022-08-09,sh.601186,7.2400,7.2500,7.2100,7.2200,7.2500,18276430,132083909.0000
2022-08-10,sh.601186,7.2100,7.2300,7.1300,7.1700,7.2200,21604970,154946544.0000
2022-08-11,sh.601186,7.1900,7.2800,7.1900,7.2700,7.1700,22082042,160133480.0000
2022-08-12,sh.601186,7.2800,7.3200,7.2600,7.3100,7.2700,22116650,161434088.0000
2022-08-15,sh.601186,7.3000,7.3400,7.2600,7.3100,7.3100,24202114,176652870.1500
2022-08-16,sh.601186,7.3000,7.3600,7.2600,7.2800,7.3100,20661404,150884590.0000
2022-08-17,sh.601186,7.3000,7.3400,7.2600,7.3400,7.2800,18808216,137371329.8400
2022-08-18,sh.601186,7.3100,7.3200,7.2300,7.2300,7.3400,22956734,166571392.6800
2022-08-19,sh.601186,7.2300,7.3100,7.2200,7.2700,7.2300,20773279,151152282.1000
2022-08-22,sh.601186,7.2700,7.3400,7.2300,7.3400,7.2700,22923280,167631535.1400
2022-08-23,sh.601186,7.3200,7.3200,7.2600,7.3000,7.3400,18380326,134010833.9600
2022-08-24,sh.601186,7.2900,7.3400,7.2300,7.2300,7.3000,23867666,173808553.8000
2022-08-25,sh.601186,7.2600,7.3200,7.2300,7.3100,7.2300,23663243,172301428.2500
2022-08-26,sh.601186,7.3100,7.3200,7.2700,7.2900,7.3100,18067323,131813503.2000
2022-08-29,sh.601186,7.2500,7.3200,7.2300,7.3100,7.2900,20624333,150003363.0200
2022-08-30,sh.601186,7.3000,7.3800,7.2900,7.3700,7.3100,27201066,199739696.2300
2022-08-31,sh.601186,7.3900,7.4700,7.3700,7.4300,7.3700,47331897,351045502.4300
2022-09-01,sh.601186,7.4500,7.5500,7.4400,7.4900,7.4300,57236603,430305546.8400
2022-09-02,sh.601186,7.5000,7.5200,7.4100,7.4700,7.4900,35693211,265575520.4600
2022-09-05,sh.601186,7.4800,7.5300,7.4300,7.5100,7.4700,28548808,213696240.5000
2022-09-06,sh.601186,7.5300,7.5500,7.4900,7.5300,7.5100,31140498,234322931.0400
2022-09-07,sh.601186,7.5300,7.5800,7.4700,7.5200,7.5300,32276702,243115236.5200
2022-09-08,sh.601186,7.5500,7.5800,7.4800,7.5400,7.5200,26119257,196548864.6600
2022-09-09,sh.601186,7.5400,7.6000,7.5200,7.5800,7.5400,38542848,292099981.2900
2022-09-13,sh.601186,7.6100,7.6700,7.5500,7.5600,7.5800,34239160,260339354.2300
2022-09-14,sh.601186,7.5000,7.5500,7.4400,7.4800,7.5600,26776159,200500740.7300
2022-09-15,sh.601186,7.5000,7.5700,7.4400,7.5200,7.4800,33639506,252718110.8000
2022-09-16,sh.601186,7.5100,7.5200,7.2200,7.2400,7.5200,57136770,418644815.1200
2022-09-19,sh.601186,7.2500,7.3100,7.1700,7.2300,7.2400,30241412,218836377.9600
2022-09-20,sh.601186,7.2500,7.2800,7.1800,7.2000,7.2300,28036900,202352704.5700
2022-09-21,sh.601186,7.1900,7.2700,7.1200,7.2400,7.2000,23354816,168345736.4800
2022-09-22,sh.601186,7.2100,7.2300,7.1600,7.1800,7.2400,20157663,144823537.2100
2022-09-23,sh.601186,7.1800,7.2700,7.1600,7.2100,7.1800,24929119,179932467.4700
2022-09-26,sh.601186,7.1800,7.2000,7.0000,7.0300,7.2100,36469701,259386092.7700
2022-09-27,sh.601186,7.0400,7.1000,7.0000,7.0800,7.0300,18066713,127338499.7500
2022-09-28,sh.601186,7.0500,7.0900,7.0100,7.0200,7.0800,18883303,132933390.1800
2022-09-29,sh.601186,7.0600,7.0900,6.9000,6.9300,7.0200,28649805,200015040.6100
2022-09-30,sh.601186,6.9200,7.0100,6.9100,6.9700,6.9300,22601202,157374895.0400
2022-10-10,sh.601186,6.9900,7.0700,6.9700,7.0100,6.9700,28433372,199778037.8700
2022-10-11,sh.601186,6.9900,7.0200,6.9300,6.9700,7.0100,19633842,136795613.8100
2022-10-12,sh.601186,6.9800,7.0700,6.9300,7.0600,6.9700,19605540,137295793.5100
2022-10-13,sh.601186,7.0200,7.0400,6.9600,7.0000,7.0600,24629409,172224786.9000
2022-10-14,sh.601186,7.0400,7.1100,7.0200,7.0900,7.0000,28594041,202340387.8900
2022-10-17,sh.601186,7.0500,7.1200,7.0300,7.0900,7.0900,25558991,180819825.1100
2022-10-18,sh.601186,7.1200,7.1300,7.0600,7.0700,7.0900,17664602,125116065.2900
2022-10-19,sh.601186,7.0700,7.0900,7.0200,7.0300,7.0700,16731974,118101377.9500
2022-10-20,sh.601186,7.0100,7.0500,6.9800,7.0200,7.0300,20623462,144626880.6200
2022-10-21,sh.601186,7.1000,7.4500,7.0900,7.2400,7.0200,98572081,722683685.1900
2022-10-24,sh.601186,7.2300,7.3000,7.0200,7.0200,7.2400,54725472,391391553.4400
2022-10-25,sh.601186,7.0500,7.1400,7.0200,7.0900,7.0200,28877566,204283055.8100
2022-10-26,sh.601186,7.0900,7.1500,7.0600,7.0800,7.0900,33555001,238153526.7900
2022-10-27,sh.601186,7.1000,7.1600,7.0800,7.1500,7.0800,31923812,227520781.2400
2022-10-28,sh.601186,7.1200,7.1900,7.0400,7.0500,7.1500,32393903,230189399.7600
2022-10-31,sh.601186,7.0000,7.0000,6.8300,6.8700,7.0500,55221455,381096129.0700
2022-11-01,sh.601186,6.8700,7.0200,6.8700,7.0200,6.8700,32364159,225274646.0600
2022-11-02,sh.601186,7.0100,7.0600,6.9800,7.0300,7.0200,24313662,170677106.0100
2022-11-03,sh.601186,7.0000,7.0200,6.9600,6.9800,7.0300,22704064,158475214.9500
2022-11-04,sh.601186,6.9600,7.0900,6.9600,7.0700,6.9800,35313742,248624359.1200
2022-11-07,sh.601186,7.0500,7.1200,7.0500,7.0900,7.0700,31305972,221894278.7900
2022-11-08,sh.601186,7.0900,7.1200,7.0600,7.1000,7.0900,23813909,168924339.0000
2022-11-09,sh.601186,7.1100,7.1800,7.0800,7.0800,7.1000,24858581,176964803.9500
2022-11-10,sh.601186,7.0500,7.0900,6.9900,7.0700,7.0800,22249765,156858960.7200
2022-11-11,sh.601186,7.1700,7.2500,7.1100,7.1800,7.0700,52421450,375886799.6600
2022-11-14,sh.601186,7.2500,7.3500,7.2000,7.2100,7.1800,47710568,346266629.2300
2022-11-15,sh.601186,7.2000,7.2400,7.1600,7.2200,7.2100,41754653,300733678.4400
2022-11-16,sh.601186,7.2200,7.2400,7.1600,7.1700,7.2200,28292800,203662065.0000
2022-11-17,sh.601186,7.1800,7.1800,7.1200,7.1600,7.1700,22840105,163224533.1900
2022-11-18,sh.601186,7.1700,7.1800,7.1000,7.1200,7.1600,31367155,223557059.5900
2022-11-21,sh.601186,7.1200,7.1200,7.0600,7.0900,7.1200,21471222,152069073.5600
2022-11-22,sh.601186,7.0900,7.8000,7.0800,7.5100,7.0900,232533125,1767138083.9000
2022-11-23,sh.601186,7.5200,8.1200,7.4100,7.9300,7.5100,315142512,2475506763.3000
2022-11-24,sh.601186,7.8000,7.8100,7.6200,7.6700,7.9300,130105479,1001684189.5400
2022-11-25,sh.601186,7.6500,7.9500,7.6300,7.8500,7.6700,130109609,1020784417.6300
2022-11-28,sh.601186,7.7000,7.9500,7.6600,7.7500,7.8500,99091299,771122985.7500
2022-11-29,sh.601186,7.8800,8.3200,7.8200,8.1500,7.7500,230808282,1863291580.0600
2022-11-30,sh.601186,8.0800,8.1800,8.0300,8.1100,8.1500,87406638,708407540.9300
2022-12-01,sh.601186,8.1300,8.1500,7.8800,7.9200,8.1100,114178379,912509730.8600
2022-12-02,sh.601186,7.8800,7.9400,7.7800,7.9100,7.9200,74404074,585167624.1200
2022-12-05,sh.601186,8.1100,8.7000,8.1000,8.7000,7.9100,285137011,2423968149.6300
2022-12-06,sh.601186,8.7900,9.0800,8.6600,8.7100,8.7000,382289243,3383216186.3300
2022-12-07,sh.601186,8.7000,8.9600,8.5400,8.7800,8.7100,238944152,2083367216.5400
2022-12-08,sh.601186,8.7500,8.9200,8.6200,8.8600,8.7800,183774397,1612922843.6100
2022-12-09,sh.601186,8.8800,8.9100,8.5300,8.7700,8.8600,173367634,1505773626.0600
2022-12-12,sh.601186,8.6200,8.7300,8.4300,8.4600,8.7700,143511264,1228477624.0500
2022-12-13,sh.601186,8.4100,8.5300,8.3200,8.4600,8.4600,110176361,929177242.8900
2022-12-14,sh.601186,8.4100,8.4700,8.2600,8.3500,8.4600,84081766,701854034.4300
2022-12-15,sh.601186,8.3600,8.4100,8.2500,8.3400,8.3500,58908755,490860251.8300
2022-12-16,sh.601186,8.2900,8.5000,8.2800,8.3900,8.3400,82854921,695496707.5400
2022-12-19,sh.601186,8.3100,8.3700,7.9100,7.9500,8.3900,145621313,1177000447.8300
2022-12-20,sh.601186,7.9300,8.0400,7.9200,7.9400,7.9500,66768311,532396188.8500
2022-12-21,sh.601186,7.9700,7.9700,7.8600,7.9000,7.9400,42025852,332234707.1600
2022-12-22,sh.601186,7.9500,8.0500,7.7700,7.8200,7.9000,72149334,570207080.5000
2022-12-23,sh.601186,7.7700,7.8600,7.7400,7.8000,7.8200,37507760,292152351.1500
2022-12-26,sh.601186,7.8100,7.8300,7.6500,7.7900,7.8000,58131408,450075901.9500
2022-12-27,sh.601186,7.8100,7.8900,7.7700,7.8200,7.7900,64555325,504685641.3300
2022-12-28,sh.601186,7.7800,7.8100,7.6900,7.7500,7.8200,44697064,346443707.1000
2022-12-29,sh.601186,7.7200,7.7300,7.6100,7.6400,7.7500,44824558,343140717.8300
2022-12-30,sh.601186,7.6600,7.7600,7.6400,7.7300,7.6400,43531376,335217796.3200
2023-01-03,sh.601186,7.7100,7.9400,7.6600,7.8900,7.7300,79739271,624988888.6600
2023-01-04,sh.601186,7.8700,7.9700,7.8300,7.9300,7.8900,62025053,490671707.5900
2023-01-05,sh.601186,7.9200,8.0200,7.8800,7.9100,7.9300,60883800,482577617.0900
2023-01-06,sh.601186,7.9000,7.9300,7.7900,7.8200,7.9100,57971334,454830329.4800
2023-01-09,sh.601186,7.8300,7.8600,7.7600,7.7800,7.8200,48727855,380038704.1800
2023-01-10,sh.601186,7.8000,7.8100,7.6800,7.7300,7.7800,43395476,335567713.4600
2023-01-11,sh.601186,7.7400,7.7800,7.6900,7.7000,7.7300,40575156,313785353.0500
2023-01-12,sh.601186,7.6900,7.7200,7.5700,7.6100,7.7000,62980517,480140097.4000
2023-01-13,sh.601186,7.6000,7.6900,7.5700,7.6900,7.6100,43049381,328542346.8300
2023-01-16,sh.601186,7.6800,7.8700,7.6200,7.7700,7.6900,85227834,661829465.3500
2023-01-17,sh.601186,7.7600,7.7700,7.6900,7.7300,7.7700,34900479,269565682.3700
2023-01-18,sh.601186,7.7300,7.7800,7.7200,7.7300,7.7300,30654041,237422531.8600
2023-01-19,sh.601186,7.7100,7.7900,7.6500,7.7900,7.7300,44022668,339440178.6100
2023-01-20,sh.601186,7.8000,8.0300,7.7800,8.0000,7.7900,95266882,755525230.4600
2023-01-30,sh.601186,8.0800,8.0800,7.8900,7.9000,8.0000,83079890,661145573.2000
2023-01-31,sh.601186,7.9000,7.9400,7.8600,7.9100,7.9000,42537490,335973593.8500
2023-02-01,sh.601186,7.9300,8.0400,7.8300,8.0200,7.9100,98415739,781012791.3800
2023-02-02,sh.601186,7.9900,8.0300,7.9300,7.9800,8.0200,70534110,562292105.2500
2023-02-03,sh.601186,7.9600,7.9700,7.8200,7.8600,7.9800,66898735,526365895.2800
2023-02-06,sh.601186,7.8100,7.9600,7.7800,7.8900,7.8600,58225994,459205813.5900
2023-02-07,sh.601186,7.8700,8.0500,7.8600,8.0400,7.8900,86420369,688987024.7900
2023-02-08,sh.601186,8.0200,8.0400,7.8700,7.8800,8.0400,69614842,552719583.6100
2023-02-09,sh.601186,7.8600,7.9400,7.8500,7.9200,7.8800,44634601,352809907.8900
2023-02-10,sh.601186,7.9100,8.0300,7.8900,7.9800,7.9200,59619950,474783926.7800
2023-02-13,sh.601186,7.9700,8.1000,7.9100,8.0600,7.9800,85675610,686967612.3500
2023-02-14,sh.601186,8.0500,8.0600,7.9700,8.0200,8.0600,46957275,376237118.8200
2023-02-15,sh.601186,8.0100,8.0200,7.9300,7.9500,8.0200,44144700,351275828.0000
2023-02-16,sh.601186,7.9600,8.1500,7.9000,7.9500,7.9500,119132685,957719811.6800
2023-02-17,sh.601186,7.9400,7.9700,7.8200,7.8300,7.9500,70595020,557741749.9000
2023-02-20,sh.601186,7.8600,8.1500,7.8300,8.1300,7.8300,133535709,1076676524.8600
2023-02-21,sh.601186,8.1600,8.2400,8.0700,8.1700,8.1300,84435333,688554819.8100
2023-02-22,sh.601186,8.1300,8.2500,8.1100,8.1800,8.1700,66725010,546480989.7900
2023-02-23,sh.601186,8.1800,8.1900,8.0900,8.1200,8.1800,51282901,416970936.7000
2023-02-24,sh.601186,8.1100,8.1200,8.0100,8.0700,8.1200,45017627,362749147.9200
2023-02-27,sh.601186,8.0500,8.1200,8.0100,8.0200,8.0700,38497489,309969902.5500
2023-02-28,sh.601186,8.0300,8.1100,7.9600,8.1100,8.0200,51519335,414091625.6200
2023-03-01,sh.601186,8.0900,8.3100,8.0900,8.2900,8.1100,115900902,956179876.9100
2023-03-02,sh.601186,8.2700,8.7200,8.2600,8.5800,8.2900,218440374,1866712871.5800
2023-03-03,sh.601186,8.6300,8.9600,8.5200,8.8800,8.5800,223729759,1970604425.1500
2023-03-06,sh.601186,8.9500,8.9700,8.6800,8.7400,8.8800,163990676,1445640242.2600
2023-03-07,sh.601186,8.7400,9.0600,8.7300,8.7600,8.7400,235882761,2098445258.5000
2023-03-08,sh.601186,8.6700,8.8000,8.6000,8.7800,8.7600,101006937,879237981.7300
2023-03-09,sh.601186,8.7600,8.7600,8.5800,8.6900,8.7800,90023698,779110423.5700
2023-03-10,sh.601186,8.5800,8.6700,8.4600,8.4800,8.6900,100249824,856688610.8300
2023-03-13,sh.601186,8.6200,8.9400,8.6200,8.9300,8.4800,170213449,1499321920.9700
2023-03-14,sh.601186,8.8700,9.1600,8.8300,8.9200,8.9300,185853219,1670197372.2000
2023-03-15,sh.601186,8.9200,9.5900,8.7400,9.5100,8.9200,320568478,2972232885.0900
2023-03-16,sh.601186,9.4100,9.7700,9.3800,9.6400,9.5100,284769389,2731318400.2200
2023-03-17,sh.601186,9.6400,10.1400,9.5500,9.8200,9.6400,282216628,2779744610.7700
2023-03-20,sh.601186,9.9700,10.3900,9.6700,9.7100,9.8200,325342963,3253869510.9500
2023-03-21,sh.601186,9.7000,9.8500,9.3900,9.5500,9.7100,188560394,1806571645.2400
2023-03-22,sh.601186,9.5400,9.7400,9.3300,9.5000,9.5500,163696456,1559234136.3600
2023-03-23,sh.601186,9.4700,9.8500,9.4100,9.8100,9.5000,215994469,2091795692.1300
2023-03-24,sh.601186,9.7500,9.8000,9.4100,9.4800,9.8100,183558816,1757955029.7000
2023-03-27,sh.601186,9.4300,9.4700,9.1000,9.2000,9.4800,161560372,1492461764.2500
2023-03-28,sh.601186,9.2900,9.3600,9.1800,9.2200,9.2000,97563687,904601371.2300
2023-03-29,sh.601186,9.1400,9.1800,8.8400,8.9100,9.2200,143313086,1281072601.6700
2023-03-30,sh.601186,8.9200,9.0500,8.7600,9.0200,8.9100,106384603,949920918.8200
2023-03-31,sh.601186,9.0700,9.1200,8.9000,9.0100,9.0200,84079143,758086605.0500
2023-04-03,sh.601186,9.0100,9.2900,9.0000,9.1900,9.0100,112753238,1033903409.7100
2023-04-04,sh.601186,9.2000,10.1100,9.1800,10.0900,9.1900,342194912,3358597908.8400
2023-04-06,sh.601186,10.0800,10.3400,9.8800,10.0400,10.0900,238547676,2402747684.4600
2023-04-07,sh.601186,10.0000,10.0800,9.7100,9.8000,10.0400,110983829,1092179254.0200
2023-04-10,sh.601186,9.8100,10.2600,9.7800,10.0200,9.8000,156396145,1572565166.7700
2023-04-11,sh.601186,10.0000,10.0500,9.8100,9.9600,10.0200,94927130,939589720.0100
2023-04-12,sh.601186,9.9900,10.1900,9.7800,10.0800,9.9600,120754756,1213828524.5000
2023-04-13,sh.601186,9.9800,10.2700,9.9400,10.1000,10.0800,120486236,1215991399.5500
2023-04-14,sh.601186,10.0900,10.4400,9.9500,10.3900,10.1000,202937304,2089701302.7300
2023-04-17,sh.601186,10.3200,10.9600,10.2500,10.7200,10.3900,261019588,2767567402.6100
2023-04-18,sh.601186,10.7000,11.0900,10.6000,11.0200,10.7200,206870412,2253782144.2900
2023-04-19,sh.601186,10.9500,11.2500,10.7600,10.7900,11.0200,164520536,1812529755.3600
2023-04-20,sh.601186,10.7500,11.5800,10.7000,11.5100,10.7900,224215577,2494937422.9900
2023-04-21,sh.601186,11.4100,11.7800,11.2500,11.3900,11.5100,213258701,2461619428.6600
2023-04-24,sh.601186,11.3600,11.8800,11.2900,11.5400,11.3900,203878438,2368528364.4800
2023-04-25,sh.601186,11.5500,11.7500,11.1600,11.3800,11.5400,166908152,1908279162.7100
2023-04-26,sh.601186,11.3600,11.3800,10.8200,11.0000,11.3800,211736661,2331864569.0300
2023-04-27,sh.601186,10.9000,11.5500,10.8500,11.1700,11.0000,188589624,2125717251.1100
2023-04-28,sh.601186,11.2700,11.9900,10.9500,11.9000,11.1700,208313920,2405698590.8500
2023-05-04,sh.601186,11.7000,12.5300,11.5200,12.3900,11.9000,248938821,3010262357.5300
2023-05-05,sh.601186,12.3500,13.0000,12.1500,12.2800,12.3900,213333604,2665653716.3500
2023-05-08,sh.601186,12.2900,13.0800,12.1500,12.5300,12.2800,248373460,3134458730.0000
2023-05-09,sh.601186,12.5600,12.9800,11.8600,11.9700,12.5300,238486682,2963898499.9800
2023-05-10,sh.601186,12.0000,12.0700,11.3700,11.6400,11.9700,222399904,2586674838.2200
2023-05-11,sh.601186,11.6000,11.8300,11.4500,11.7600,11.6400,131102480,1532135005.3000
2023-05-12,sh.601186,11.6400,11.7800,10.9400,10.9900,11.7600,246871805,2764743177.7200
2023-05-15,sh.601186,11.0700,11.0800,10.5700,11.0000,10.9900,189249305,2049846774.4400
2023-05-16,sh.601186,10.9600,11.0300,10.5500,10.6000,11.0000,149453293,1607024916.4200
2023-05-17,sh.601186,10.5400,10.6900,10.3500,10.5800,10.6000,117630672,1235718804.3800
2023-05-18,sh.601186,10.5900,11.0600,10.5000,10.8000,10.5800,174264257,1875144563.5600
2023-05-19,sh.601186,10.7100,10.7100,10.3300,10.5200,10.8000,146610762,1536237766.9700
2023-05-22,sh.601186,10.3900,10.5300,10.2700,10.3500,10.5200,114786490,1189966336.9900
2023-05-23,sh.601186,10.3600,10.5500,10.2000,10.2300,10.3500,111090107,1149656598.3700
2023-05-24,sh.601186,10.0900,10.2000,9.7800,9.8200,10.2300,189071914,1873606873.0600
2023-05-25,sh.601186,9.7600,9.8600,9.6800,9.8500,9.8200,123105355,1202448640.0600
2023-05-26,sh.601186,9.8200,9.8600,9.6500,9.7500,9.8500,98362915,959158215.1900
2023-05-29,sh.601186,9.8000,10.1000,9.7800,10.0300,9.7500,151948148,1514425458.0700
2023-05-30,sh.601186,9.9300,10.6300,9.9300,10.4600,10.0300,206330236,2145435928.1300
2023-05-31,sh.601186,10.3600,10.5900,10.3200,10.3900,10.4600,111456057,1162771555.3300
2023-06-01,sh.601186,10.3500,10.6900,10.3000,10.5000,10.3900,111613007,1172967899.9700
2023-06-02,sh.601186,10.5600,10.5800,10.1700,10.2100,10.5000,119289104,1226672339.7800
2023-06-05,sh.601186,10.2200,10.3100,9.9800,10.0600,10.2100,99618343,1011377527.4600
2023-06-06,sh.601186,10.0600,10.4300,10.0200,10.1500,10.0600,100763792,1033136208.6100
2023-06-07,sh.601186,10.1000,10.2400,9.9600,10.0400,10.1500,72228451,725848098.4900
2023-06-08,sh.601186,10.0000,10.5300,9.9800,10.4800,10.0400,134855998,1391955409.3400
2023-06-09,sh.601186,10.4800,10.7300,10.4100,10.5000,10.4800,106334857,1119276178.8400
2023-06-12,sh.601186,10.4200,10.4400,10.1600,10.3200,10.5000,87889084,906209574.3000
2023-06-13,sh.601186,10.2800,10.3700,10.0100,10.1300,10.3200,98649082,996830667.9400
2023-06-14,sh.601186,10.1000,10.2200,9.9600,9.9700,10.1300,97822952,981939896.5500
2023-06-15,sh.601186,9.9600,10.0800,9.8700,10.0500,9.9700,82188074,820218286.6900
2023-06-16,sh.601186,10.1500,10.5300,10.1500,10.4200,10.0500,157536450,1634243190.5900
2023-06-19,sh.601186,10.4000,10.4200,10.0200,10.0600,10.4200,113631239,1149688526.2000
2023-06-20,sh.601186,10.0400,10.0600,9.7500,9.7600,10.0600,122741591,1213431440.1400
2023-06-21,sh.601186,9.7100,9.9200,9.6000,9.7900,9.7600,94460057,924091641.2300
2023-06-26,sh.601186,9.6400,9.6500,9.3200,9.3500,9.7900,105404287,994727954.5400
2023-06-27,sh.601186,9.3900,9.8700,9.3400,9.8200,9.3500,115027275,1110887760.1200
2023-06-28,sh.601186,9.7900,9.8200,9.6400,9.7300,9.8200,62197903,603973751.8400
2023-06-29,sh.601186,9.6600,9.8200,9.6400,9.7500,9.7300,52201581,508680497.9000
2023-06-30,sh.601186,9.7600,9.9300,9.7100,9.8500,9.7500,60909462,600215741.2500
2023-07-03,sh.601186,9.8700,10.2900,9.8500,10.2200,9.8500,126645382,1286483927.9600
2023-07-04,sh.601186,10.1800,10.3400,10.1200,10.2000,10.2200,72561011,741355252.5000
2023-07-05,sh.601186,10.1900,10.4000,10.1500,10.2100,10.2000,83392900,858653964.0700
2023-07-06,sh.601186,10.2300,10.2600,10.0900,10.1600,10.2100,53188022,540784645.4000
2023-07-07,sh.601186,10.1200,10.3400,10.0800,10.2600,10.1600,57450557,587482763.2700
2023-07-10,sh.601186,10.3000,10.3900,10.2300,10.3600,10.2600,53257607,550111616.0200
2023-07-11,sh.601186,10.3500,10.3900,10.2400,10.3300,10.3600,47483408,490098861.8400
2023-07-12,sh.601186,10.2800,10.3700,9.9700,9.9900,10.3300,77369892,783883147.0500
2023-07-13,sh.601186,10.0500,10.2500,10.0500,10.2300,9.9900,65942213,671309752.4300
2023-07-14,sh.601186,10.2200,10.3100,10.1200,10.2700,10.2300,50577719,516782914.7000
2023-07-17,sh.601186,10.2000,10.2800,10.0900,10.2800,10.2700,40628456,413464619.0900
2023-07-18,sh.601186,10.2800,10.3500,10.1800,10.2200,10.2800,39547482,405630463.4300
2023-07-19,sh.601186,10.1600,10.2500,10.1200,10.2300,10.2200,35169071,357960025.7700
2023-07-20,sh.601186,10.2400,10.2900,10.0500,10.0600,10.2300,46552911,473584225.3300
2023-07-21,sh.601186,10.0100,10.0600,9.8200,9.9400,10.0600,75399845,748222222.3400
2023-07-24,sh.601186,9.9500,10.1500,9.8900,10.0400,9.9400,52375333,526106694.2500
2023-07-25,sh.601186,10.2300,10.3600,10.1800,10.3500,10.0400,92956795,957264876.1700
2023-07-26,sh.601186,10.3300,10.3900,10.1600,10.1900,10.3500,58382026,597922950.5900
2023-07-27,sh.601186,10.1700,10.2200,10.0200,10.0500,10.1900,64398570,652072531.6300
2023-07-28,sh.601186,10.0100,10.3500,9.9200,10.3400,10.0500,99110474,1008023219.4100
2023-07-31,sh.601186,10.3500,10.9900,10.3500,10.7500,10.3400,143109093,1536491647.7200
2023-08-01,sh.601186,10.7400,10.9800,10.6700,10.7800,10.7500,107623339,1165505612.9100
2023-08-02,sh.601186,10.5500,10.6600,10.4500,10.4900,10.5000,70200906,739104327.6100
2023-08-03,sh.601186,10.4900,10.6500,10.2800,10.5700,10.4900,80657962,842157054.8700
2023-08-04,sh.601186,10.6200,10.7700,10.5200,10.5400,10.5700,75891177,805226617.5500
2023-08-07,sh.601186,10.5100,10.5100,10.3100,10.3700,10.5400,52023943,540087660.0900
2023-08-08,sh.601186,10.3600,10.4800,10.3100,10.3600,10.3700,41950512,435829159.3800
2023-08-09,sh.601186,10.3000,10.6100,10.3000,10.4400,10.3600,59553070,623904231.3100
2023-08-10,sh.601186,10.4200,10.5100,10.3200,10.4000,10.4400,48602073,504571073.6100
2023-08-11,sh.601186,10.3900,10.5100,10.0900,10.0900,10.4000,67200779,690129326.2300
2023-08-14,sh.601186,9.9500,10.3900,9.9000,10.2800,10.0900,73708888,750289505.6900
2023-08-15,sh.601186,10.2300,10.3200,10.1000,10.2200,10.2800,45580186,465401144.4200
2023-08-16,sh.601186,10.2100,10.2300,10.0800,10.1200,10.2200,33483344,339703801.6000
2023-08-17,sh.601186,10.0600,10.2600,10.0200,10.2500,10.1200,41923086,425790723.6400
2023-08-18,sh.601186,10.2300,10.4000,10.0000,10.0100,10.2500,69117585,703946295.9700
2023-08-21,sh.601186,9.9900,10.2300,9.9600,9.9900,10.0100,48408652,488178800.5200
2023-08-22,sh.601186,9.9900,10.2800,9.9700,10.2500,9.9900,70390165,713358260.7000
2023-08-23,sh.601186,10.2100,10.2300,9.9000,9.9100,10.2500,62303200,625478022.7200
2023-08-24,sh.601186,9.9400,10.0300,8.9200,8.9300,9.9100,248230766,2282813947.2200
2023-08-25,sh.601186,8.8100,8.9600,8.7500,8.8400,8.9300,93234502,823234944.1400
2023-08-28,sh.601186,9.4000,9.4000,8.8000,8.8500,8.8400,123330563,1115664135.0100
2023-08-29,sh.601186,8.8100,9.0500,8.8100,8.9700,8.8500,81372420,725775533.0700
2023-08-30,sh.601186,8.9900,9.0000,8.7300,8.7600,8.9700,78423651,692721407.0500
2023-08-31,sh.601186,8.8000,8.9500,8.7300,8.8000,8.7600,66537703,586934526.7900
2023-09-01,sh.601186,8.8500,9.0300,8.8500,8.9200,8.8000,86554301,773454679.8200
2023-09-04,sh.601186,8.9500,9.1200,8.9300,9.0800,8.9200,69349383,628182222.0700
2023-09-05,sh.601186,9.0400,9.0700,8.9100,8.9500,9.0800,52859861,472731293.0100
2023-09-06,sh.601186,8.9200,8.9300,8.8300,8.9100,8.9500,36015702,320054106.7200
2023-09-07,sh.601186,8.9000,8.9800,8.8300,8.8400,8.9100,39720517,353527078.5100
2023-09-08,sh.601186,8.8200,8.8600,8.7500,8.8100,8.8400,37158132,326906541.9000
2023-09-11,sh.601186,8.7900,8.9100,8.7800,8.8800,8.8100,41771493,369703548.5100
2023-09-12,sh.601186,8.8800,9.0000,8.8400,8.8900,8.8800,47128853,420372511.0200
2023-09-13,sh.601186,8.8900,8.9500,8.8000,8.8200,8.8900,44843201,397126797.8100
2023-09-14,sh.601186,8.8200,8.8800,8.8000,8.8400,8.8200,45114965,398412409.1200
2023-09-15,sh.601186,8.8600,8.9000,8.6500,8.7000,8.8400,73427692,643303400.3600
2023-09-18,sh.601186,8.6300,8.7100,8.6100,8.6800,8.7000,35932048,311497336.2200
2023-09-19,sh.601186,8.6900,8.7500,8.6600,8.7000,8.6800,33822363,294281683.1100
2023-09-20,sh.601186,8.7000,8.7200,8.6600,8.6800,8.7000,22078604,191831803.5200
2023-09-21,sh.601186,8.6700,8.7100,8.5800,8.5800,8.6800,35839242,309278933.8800
2023-09-22,sh.601186,8.5600,8.8200,8.5600,8.8200,8.5800,54186228,472588018.7100
2023-09-25,sh.601186,8.8000,8.8100,8.6200,8.6400,8.8200,42414280,368439335.5200
2023-09-26,sh.601186,8.6500,8.6700,8.5600,8.5600,8.6400,38094260,328065213.7900
2023-09-27,sh.601186,8.5900,8.7700,8.5900,8.7000,8.5600,52052478,452780211.4800
2023-09-28,sh.601186,8.7100,8.7400,8.6500,8.7300,8.7000,34874392,303414743.2600
2023-10-09,sh.601186,8.7000,8.7200,8.5500,8.6600,8.7300,50165251,433705113.1100
2023-10-10,sh.601186,8.6900,8.7300,8.0000,8.0700,8.6600,168274914,1369979458.5600
2023-10-11,sh.601186,8.0900,8.2500,8.0900,8.1800,8.0700,71087772,581781329.3200
2023-10-12,sh.601186,8.2200,8.4300,8.2200,8.3300,8.1800,61507276,513830710.0800
2023-10-13,sh.601186,8.2700,8.2800,8.1600,8.1800,8.3300,41852791,343251564.9900
2023-10-16,sh.601186,8.1800,8.2100,8.1200,8.1500,8.1800,30050497,245167426.4100
2023-10-17,sh.601186,8.2500,8.3400,8.1700,8.2300,8.1500,53437054,440238437.8500
2023-10-18,sh.601186,8.2200,8.2200,8.1200,8.1500,8.2300,37310473,304249771.4800
2023-10-19,sh.601186,8.1300,8.1300,7.9700,7.9900,8.1500,55203685,443082560.5800
2023-10-20,sh.601186,7.9500,8.0400,7.9000,7.9300,7.9900,43275185,344891159.9700
2023-10-23,sh.601186,7.9000,7.9500,7.7200,7.8000,7.9300,47776346,374267150.0500
2023-10-24,sh.601186,7.8400,7.8800,7.7500,7.8700,7.8000,41839652,327920645.6400
2023-10-25,sh.601186,8.0500,8.1100,7.9900,7.9900,7.8700,61269054,493245672.4500
2023-10-26,sh.601186,7.9200,8.0000,7.8900,8.0000,7.9900,39616614,314724291.7200
2023-10-27,sh.601186,7.9600,8.0900,7.9500,8.0700,8.0000,40423548,325339321.5300
2023-10-30,sh.601186,8.0000,8.0800,7.9300,7.9800,8.0700,51985051,415203041.4700
2023-10-31,sh.601186,8.0000,8.0300,7.9300,8.0200,7.9800,44571326,355714748.6300
2023-11-01,sh.601186,8.0100,8.0400,7.9100,7.9500,8.0200,37100581,294990761.1300
2023-11-02,sh.601186,7.9300,8.0300,7.9000,7.9000,7.9500,33866581,269663269.5900
2023-11-03,sh.601186,7.9000,7.9300,7.8700,7.8900,7.9000,42345580,334133544.3900
2023-11-06,sh.601186,7.9200,8.0300,7.8700,8.0300,7.8900,68021602,540975127.9600
2023-11-07,sh.601186,8.0100,8.0200,7.9000,7.9300,8.0300,56506598,448431658.2800
2023-11-08,sh.601186,7.9100,7.9300,7.8600,7.9200,7.9300,45556525,359656630.2500
2023-11-09,sh.601186,7.9100,8.0400,7.8800,7.9500,7.9200,49678694,395743134.4600
2023-11-10,sh.601186,7.9300,7.9300,7.7800,7.8300,7.9500,56002300,438426742.0000
2023-11-13,sh.601186,7.8500,7.9300,7.8100,7.9300,7.8300,44960787,353956306.7000
2023-11-14,sh.601186,7.9300,8.0100,7.9100,7.9600,7.9300,37482722,298222810.3300
2023-11-15,sh.601186,8.0400,8.0400,7.9600,7.9800,7.9600,38546582,308040946.3600
2023-11-16,sh.601186,7.9800,7.9800,7.8900,7.9100,7.9800,31183790,246963672.0000
2023-11-17,sh.601186,7.8900,7.9000,7.8300,7.8700,7.9100,32193422,252986959.7500
2023-11-20,sh.601186,7.8700,7.9000,7.8100,7.8700,7.8700,32899254,258213178.8000
2023-11-21,sh.601186,7.8700,7.9700,7.8700,7.8800,7.8700,55893937,442753172.9500
2023-11-22,sh.601186,7.8600,7.8800,7.8000,7.8000,7.8800,38648332,303005107.1500
2023-11-23,sh.601186,7.8000,7.8300,7.7300,7.8200,7.8000,39347098,306139215.7400
2023-11-24,sh.601186,7.8100,7.8500,7.7500,7.7700,7.8200,34282309,267149279.0400
2023-11-27,sh.601186,7.7500,7.7600,7.5600,7.6500,7.7700,65849982,501296815.6400
2023-11-28,sh.601186,7.6400,7.6700,7.6000,7.6400,7.6500,28912246,220783795.6200
2023-11-29,sh.601186,7.6400,7.6500,7.4800,7.5000,7.6400,51880201,390731573.3900
2023-11-30,sh.601186,7.5000,7.6300,7.4900,7.5900,7.5000,44272638,335519414.8600
2023-12-01,sh.601186,7.6000,7.7700,7.5600,7.7600,7.5900,63863259,491938924.2600
2023-12-04,sh.601186,7.7800,7.7900,7.7200,7.7300,7.7600,38123800,295676629.2500
2023-12-05,sh.601186,7.7200,7.7300,7.5900,7.5900,7.7300,31969570,244924759.6000
2023-12-06,sh.601186,7.5600,7.6300,7.5100,7.5900,7.5900,33636780,254767119.8500
2023-12-07,sh.601186,7.5700,7.6600,7.5700,7.6100,7.5900,32735641,249521612.1100
2023-12-08,sh.601186,7.6000,7.6600,7.5500,7.5600,7.6100,35861804,272895660.1000
2023-12-11,sh.601186,7.5300,7.5800,7.3700,7.5600,7.5600,54674452,408451953.2600
2023-12-12,sh.601186,7.5300,7.6400,7.5000,7.6400,7.5600,43081305,326406125.3700
2023-12-13,sh.601186,7.6200,7.6500,7.5200,7.5300,7.6400,31247245,236658665.6000
2023-12-14,sh.601186,7.5600,7.6000,7.5200,7.5300,7.5300,20771850,156981941.5000
2023-12-15,sh.601186,7.5500,7.6000,7.5100,7.5200,7.5300,26261177,198325364.6100
2023-12-18,sh.601186,7.5000,7.5600,7.4200,7.4400,7.5200,27982040,209552007.7600
2023-12-19,sh.601186,7.4200,7.4600,7.3300,7.3900,7.4400,30390843,224949692.8000
2023-12-20,sh.601186,7.4000,7.4600,7.3500,7.3700,7.3900,24359786,180433045.1000
2023-12-21,sh.601186,7.3300,7.4400,7.3200,7.4300,7.3700,29294869,216601306.4100
2023-12-22,sh.601186,7.4200,7.5400,7.3800,7.4800,7.4300,37127943,277159912.1900
2023-12-25,sh.601186,7.4700,7.4800,7.4000,7.4500,7.4800,27893151,207396931.9100
2023-12-26,sh.601186,7.4600,7.4800,7.4200,7.4400,7.4500,21400860,159301710.6200
2023-12-27,sh.601186,7.4500,7.5500,7.4200,7.5200,7.4400,25354481,189771711.2000
2023-12-28,sh.601186,7.5000,7.6500,7.4900,7.6300,7.5200,55780948,424551545.9900
2023-12-29,sh.601186,7.6200,7.6500,7.5700,7.6100,7.6300,40872846,310744066.9500
2024-01-02,sh.601186,7.6100,7.6200,7.5600,7.5800,7.6100,37466256,284363976.2900
2024-01-03,sh.601186,7.5700,7.6400,7.5600,7.6300,7.5800,34811622,264711030.3300
2024-01-04,sh.601186,7.6300,7.6500,7.5300,7.5900,7.6300,36254245,274643864.2000
2024-01-05,sh.601186,7.5900,7.7600,7.5100,7.6500,7.5900,70295519,539245236.5000
2024-01-08,sh.601186,7.6300,7.6500,7.4600,7.4800,7.6500,50489223,379576736.1400
2024-01-09,sh.601186,7.4600,7.5500,7.4300,7.5100,7.4800,35295000,264378330.0000
2024-01-10,sh.601186,7.4900,7.5500,7.4600,7.4800,7.5100,25642234,192424228.4100
2024-01-11,sh.601186,7.4800,7.4900,7.3500,7.4700,7.4800,41767558,309961765.4400
2024-01-12,sh.601186,7.4300,7.5600,7.4300,7.5000,7.4700,36849674,277085573.6100
2024-01-15,sh.601186,7.4700,7.5500,7.4400,7.5200,7.5000,24696014,185356520.8600
2024-01-16,sh.601186,7.5000,7.5600,7.4700,7.5500,7.5200,29984107,225479255.3700
2024-01-17,sh.601186,7.5500,7.5700,7.4500,7.4500,7.5500,34378264,258685627.8000
2024-01-18,sh.601186,7.4100,7.4200,7.1500,7.3900,7.4500,80301653,584547343.7500
2024-01-19,sh.601186,7.3300,7.4300,7.3100,7.3800,7.3900,34623229,255380179.2900
2024-01-22,sh.601186,7.3800,7.4100,7.2000,7.2500,7.3800,50890393,373337842.7900
2024-01-23,sh.601186,7.2300,7.2700,7.1500,7.2400,7.2500,43891042,316910566.4100
2024-01-24,sh.601186,7.2700,7.7800,7.2500,7.7800,7.2400,139061782,1050470506.2400
2024-01-25,sh.601186,7.8900,8.5000,7.8200,8.4400,7.7800,289328575,2372550512.2400
2024-01-26,sh.601186,8.4000,8.5900,8.2400,8.4600,8.4400,222546955,1870024883.0300
2024-01-29,sh.601186,8.4300,9.2900,8.3500,8.6600,8.4600,337277406,2968869129.6000
2024-01-30,sh.601186,8.6000,9.0300,8.5500,8.8100,8.6600,240855498,2122784907.6000
2024-01-31,sh.601186,8.6800,8.8700,8.5100,8.6000,8.8100,176056586,1527876204.4600
2024-02-01,sh.601186,8.4000,8.4900,8.2000,8.2600,8.6000,207760920,1728053240.9100
2024-02-02,sh.601186,8.2000,8.5700,8.0800,8.2700,8.2600,191110385,1591985064.6400
2024-02-05,sh.601186,8.1900,8.3800,7.9000,8.0000,8.2700,152636953,1239677833.2700
2024-02-06,sh.601186,7.9600,8.3800,7.8400,8.2900,8.0000,153855760,1252410100.3700
2024-02-07,sh.601186,8.2300,8.5200,8.1400,8.3900,8.2900,150674800,1255011906.6900
2024-02-08,sh.601186,8.4100,8.5000,8.2600,8.3800,8.3900,125365287,1046484366.5200
2024-02-19,sh.601186,8.3700,8.5100,8.2600,8.5100,8.3800,157052530,1315505281.9300
2024-02-20,sh.601186,8.4500,8.5000,8.4000,8.4700,8.5100,98629132,833004700.3300
2024-02-21,sh.601186,8.4600,8.9500,8.4100,8.7300,8.4700,173686727,1516127120.3600
2024-02-22,sh.601186,8.6400,8.7700,8.6200,8.7600,8.7300,101386657,881367403.1400
2024-02-23,sh.601186,8.7300,8.7900,8.6400,8.7500,8.7600,103556701,902400648.9200
2024-02-26,sh.601186,8.7200,8.7200,8.4600,8.4800,8.7500,125588475,1075274941.5400
2024-02-27,sh.601186,8.4600,8.5400,8.4200,8.5300,8.4800,85393944,724550715.5000
2024-02-28,sh.601186,8.5000,8.8300,8.4900,8.6300,8.5300,170278916,1477585635.2100
2024-02-29,sh.601186,8.6000,8.6800,8.5100,8.6800,8.6300,100251827,861509168.8200
2024-03-01,sh.601186,8.6500,8.7000,8.5300,8.5900,8.6800,93234904,802157156.9300
2024-03-04,sh.601186,8.5500,8.5700,8.3900,8.4200,8.5900,110993397,937317146.7200
2024-03-05,sh.601186,8.4100,8.5600,8.3700,8.5300,8.4200,87283313,741519047.5700
2024-03-06,sh.601186,8.5300,8.5400,8.4100,8.4200,8.5300,62972717,532051276.6300
2024-03-07,sh.601186,8.4200,8.5500,8.3900,8.3900,8.4200,75291822,637708512.2400
2024-03-08,sh.601186,8.3800,8.5000,8.3600,8.4700,8.3900,53032607,446691732.0600
2024-03-11,sh.601186,8.5000,8.5800,8.4600,8.5300,8.4700,61781291,525609127.4400
2024-03-12,sh.601186,8.5200,8.5300,8.3800,8.4000,8.5300,88344829,744262440.7600
2024-03-13,sh.601186,8.3900,8.4100,8.1900,8.2300,8.4000,86937312,718396622.7100
2024-03-14,sh.601186,8.2200,8.4800,8.2100,8.3500,8.2300,94786993,794883977.8800
2024-03-15,sh.601186,8.3100,8.3200,8.1900,8.3100,8.3500,63840602,527307603.5300
2024-03-18,sh.601186,8.3100,8.6100,8.3000,8.5100,8.3100,103851884,882566322.9100
2024-03-19,sh.601186,8.4900,8.5800,8.4000,8.4100,8.5100,64903196,550033446.0400
2024-03-20,sh.601186,8.4100,8.5100,8.4000,8.4800,8.4100,49990498,423173268.9500
2024-03-21,sh.601186,8.4800,8.5200,8.4400,8.5100,8.4800,51489191,437233083.6800
2024-03-22,sh.601186,8.4900,8.5200,8.3600,8.4500,8.5100,60148628,507413341.4000
2024-03-25,sh.601186,8.4300,8.6100,8.4000,8.4700,8.4500,68568231,584025092.3600
2024-03-26,sh.601186,8.4300,8.6100,8.4200,8.6000,8.4700,70619444,602112252.9400
2024-03-27,sh.601186,8.5800,8.6800,8.5200,8.5300,8.6000,78725894,677027636.3500
2024-03-28,sh.601186,8.4800,8.5700,8.4600,8.5000,8.5300,74937529,637786400.6900
2024-03-29,sh.601186,8.4700,8.5900,8.4400,8.5700,8.5000,109842400,936215327.3200
2024-04-01,sh.601186,8.6100,8.7100,8.5900,8.7000,8.5700,109697680,949383443.4400
2024-04-02,sh.601186,8.7000,8.7300,8.6000,8.6200,8.7000,66997263,579636696.7200
2024-04-03,sh.601186,8.6000,8.6400,8.5100,8.5900,8.6200,55699191,477826181.4500
2024-04-08,sh.601186,8.5400,8.6100,8.4800,8.5200,8.5900,61065620,522033885.8500
2024-04-09,sh.601186,8.5200,8.5500,8.3300,8.3600,8.5200,84624421,711157912.8500
2024-04-10,sh.601186,8.3200,8.4500,8.2300,8.2600,8.3600,55924274,465462497.2300
2024-04-11,sh.601186,8.2300,8.3700,8.1800,8.2700,8.2600,56416413,467385874.5700
2024-04-12,sh.601186,8.2500,8.3000,8.1200,8.1200,8.2700,53032745,434485681.2100
2024-04-15,sh.601186,8.1500,8.7700,8.1100,8.7100,8.1200,213043614,1819224728.5300
2024-04-16,sh.601186,8.6900,8.8800,8.5600,8.6300,8.7100,181499557,1584099360.5400
2024-04-17,sh.601186,8.5900,8.7700,8.4400,8.7700,8.6300,141327003,1218046114.7600
2024-04-18,sh.601186,8.7100,8.8700,8.6900,8.7000,8.7700,104032654,911546334.3800
2024-04-19,sh.601186,8.6500,8.8200,8.6500,8.7200,8.7000,97450984,851720148.2600
2024-04-22,sh.601186,8.7300,8.7800,8.6000,8.6700,8.7200,84415013,733426389.2700
2024-04-23,sh.601186,8.6700,8.6700,8.4700,8.5100,8.6700,75103720,642764442.4000
2024-04-24,sh.601186,8.5100,8.6000,8.4800,8.6000,8.5100,48229070,412450688.6000
2024-04-25,sh.601186,8.5700,8.6100,8.5200,8.5600,8.6000,40981210,351130744.5000
2024-04-26,sh.601186,8.5500,8.6300,8.5100,8.6300,8.5600,75715176,649611717.0200
2024-04-29,sh.601186,8.6200,8.6300,8.5000,8.6100,8.6300,83236894,714653601.6500
2024-04-30,sh.601186,8.6100,8.6900,8.4500,8.4800,8.6100,107447109,918997876.2500
2024-05-06,sh.601186,8.5500,8.7100,8.5400,8.6600,8.4800,112328360,973320916.2300
2024-05-07,sh.601186,8.6400,8.6900,8.6000,8.6500,8.6600,65189634,563590696.2600
2024-05-08,sh.601186,8.6300,8.6700,8.5600,8.5700,8.6500,57703815,496403923.8100
2024-05-09,sh.601186,8.5700,8.6700,8.5700,8.6600,8.5700,59137901,510668795.6500
2024-05-10,sh.601186,8.6700,8.7700,8.6400,8.7500,8.6600,92251181,803541918.3800
2024-05-13,sh.601186,8.6800,8.9400,8.6700,8.8800,8.7500,111894454,987982990.3100
2024-05-14,sh.601186,8.8700,8.8800,8.7600,8.8200,8.8800,73277599,646239952.2100
2024-05-15,sh.601186,8.8100,8.8500,8.6900,8.7000,8.8200,72645106,635315697.1400
2024-05-16,sh.601186,8.7100,8.8900,8.7100,8.8700,8.7000,96025222,847068836.1200
2024-05-17,sh.601186,8.8800,9.0000,8.7800,9.0000,8.8700,94984904,843749957.4600
2024-05-20,sh.601186,9.0200,9.0300,8.8700,8.9200,9.0000,87230102,777855960.7700
2024-05-21,sh.601186,8.8800,8.9500,8.8300,8.8800,8.9200,58751441,522227177.0800
2024-05-22,sh.601186,8.8600,9.0400,8.8600,9.0100,8.8800,90848252,815182431.6400
2024-05-23,sh.601186,8.9700,8.9800,8.7700,8.8300,9.0100,91217913,808037287.6300
2024-05-24,sh.601186,8.8200,8.8700,8.7700,8.7800,8.8300,60413689,532482467.7700
2024-05-27,sh.601186,8.7900,8.8500,8.7800,8.8400,8.7800,47745094,420594658.2000
2024-05-28,sh.601186,8.8100,8.8400,8.7100,8.7200,8.8400,49613847,434681813.8400
2024-05-29,sh.601186,8.7200,8.7700,8.6400,8.6700,8.7200,43642693,379944864.3100
2024-05-30,sh.601186,8.6600,8.7100,8.5900,8.6400,8.6700,36681390,317085539.9300
2024-05-31,sh.601186,8.6500,8.6800,8.6100,8.6300,8.6400,28120801,243112281.7100
2024-06-03,sh.601186,8.6300,8.6800,8.5500,8.6700,8.6300,44862702,386971874.2100
2024-06-04,sh.601186,8.6600,8.7700,8.6600,8.7400,8.6700,50841072,443448885.7000
2024-06-05,sh.601186,8.7300,8.7400,8.6200,8.6200,8.7400,40772871,353864036.2800
2024-06-06,sh.601186,8.6400,8.7000,8.6100,8.6500,8.6200,44826562,387895352.3400
2024-06-07,sh.601186,8.6600,8.7200,8.6000,8.6800,8.6500,42380864,367490399.1800
2024-06-11,sh.601186,8.7000,8.7100,8.4400,8.5000,8.6800,67327866,575048992.4200
2024-06-12,sh.601186,8.4600,8.5000,8.3700,8.4800,8.5000,52719110,444383240.0000
2024-06-13,sh.601186,8.4700,8.4800,8.3700,8.3900,8.4800,41426408,348925310.1200
2024-06-14,sh.601186,8.3700,8.4500,8.3600,8.4200,8.3900,33381490,280704672.8000
2024-06-17,sh.601186,8.3800,8.4500,8.3500,8.4100,8.4200,36163378,303808053.5500
2024-06-18,sh.601186,8.4300,8.6200,8.4100,8.5900,8.4100,63630043,542669869.5300
2024-06-19,sh.601186,8.5800,8.6900,8.5600,8.6300,8.5900,48914001,423004149.6500
2024-06-20,sh.601186,8.6200,8.6500,8.5000,8.5100,8.6300,33453700,286103476.0000
2024-06-21,sh.601186,8.5000,8.5700,8.4800,8.5700,8.5100,29563720,252309755.0500
2024-06-24,sh.601186,8.5100,8.5500,8.3900,8.4300,8.5700,46636800,393673806.0000
2024-06-25,sh.601186,8.4100,8.5600,8.4100,8.4600,8.4300,41114813,348935539.7400
2024-06-26,sh.601186,8.4500,8.5000,8.4000,8.4700,8.4600,36724563,310158448.7100
2024-06-27,sh.601186,8.4700,8.5300,8.4300,8.4600,8.4700,34913602,296096081.6500
2024-06-28,sh.601186,8.4700,8.6400,8.4500,8.5700,8.4600,47130700,403326357.1000
2024-07-01,sh.601186,8.5600,8.6800,8.5600,8.6700,8.5700,52305597,452037010.7000
2024-07-02,sh.601186,8.6600,8.7000,8.6000,8.6500,8.6700,42446582,367444677.7400
2024-07-03,sh.601186,8.6600,8.7400,8.6300,8.6500,8.6500,36559800,317283798.0000
2024-07-04,sh.601186,8.6600,8.7000,8.5500,8.5700,8.6500,33530600,289393137.9300
2024-07-05,sh.601186,8.5600,8.5700,8.4300,8.4700,8.5700,40757624,345498219.2800
2024-07-08,sh.601186,8.4500,8.4900,8.2000,8.2300,8.4700,64425166,535148389.8700
2024-07-09,sh.601186,8.2000,8.2800,8.1100,8.2700,8.2300,59577070,488635546.1200
2024-07-10,sh.601186,8.2400,8.2600,8.1800,8.1800,8.2700,31588400,259523431.0000
2024-07-11,sh.601186,8.2600,8.3200,8.2100,8.3000,8.1800,44389876,367238298.1800
2024-07-12,sh.601186,8.2800,8.3700,8.2800,8.3100,8.3000,33680257,280445805.4800
2024-07-15,sh.601186,8.2900,8.3400,8.2600,8.3200,8.3100,23698948,196984479.9200
2024-07-16,sh.601186,8.3200,8.4000,8.2900,8.3900,8.3200,30049623,251412577.0500
2024-07-17,sh.601186,8.4000,8.4600,8.3800,8.4500,8.3900,32844430,277035801.2300
2024-07-18,sh.601186,8.4400,8.4700,8.3600,8.4600,8.4500,30066330,253311402.0000
2024-07-19,sh.601186,8.4400,8.5400,8.4200,8.5300,8.4600,32631744,276821394.3000
2024-07-22,sh.601186,8.5200,8.5700,8.4000,8.5100,8.5300,42635905,361999901.2600
2024-07-23,sh.601186,8.1700,8.1900,8.1000,8.1000,8.1600,47662537,388428940.7800
2024-07-24,sh.601186,8.0900,8.3000,8.0700,8.2200,8.1000,48208740,395152491.3300
2024-07-25,sh.601186,8.2100,8.3500,8.1700,8.1800,8.2200,45633511,376291609.2100
2024-07-26,sh.601186,8.1800,8.2600,8.1500,8.2200,8.1800,27530259,225638809.5300
2024-07-29,sh.601186,8.2000,8.3500,8.1800,8.3300,8.2200,37630454,311942811.4500
2024-07-30,sh.601186,8.2800,8.3000,8.2500,8.2800,8.3300,34083817,281957317.6200
2024-07-31,sh.601186,8.2900,8.3600,8.2800,8.3500,8.2800,46545180,387679345.9900
2024-08-01,sh.601186,8.3500,8.4900,8.3300,8.4200,8.3500,56236132,474134911.6100
2024-08-02,sh.601186,8.3700,8.4200,8.3300,8.3400,8.4200,36839703,308328451.1700
2024-08-05,sh.601186,8.3200,8.4100,8.2200,8.2200,8.3400,43533700,361645655.8200
2024-08-06,sh.601186,8.2600,8.3000,8.1500,8.2400,8.2200,42079800,345457875.0000
2024-08-07,sh.601186,8.2400,8.2900,8.2000,8.2000,8.2400,23889870,197060826.2000
2024-08-08,sh.601186,8.1900,8.2400,8.1700,8.1900,8.2000,22850099,187425776.9700
2024-08-09,sh.601186,8.2300,8.3200,8.2100,8.2600,8.1900,32622951,269743870.2600
2024-08-12,sh.601186,8.2700,8.2700,8.1600,8.1700,8.2600,27731099,227717389.7500
2024-08-13,sh.601186,8.1600,8.2200,8.1500,8.2100,8.1700,24984650,204762393.0000
2024-08-14,sh.601186,8.2300,8.2900,8.2000,8.2500,8.2100,30763973,254228114.0900
2024-08-15,sh.601186,8.2500,8.3500,8.2200,8.3300,8.2500,31251950,259538579.0500
2024-08-16,sh.601186,8.3300,8.3500,8.2800,8.3300,8.3300,25010326,208125768.3200
2024-08-19,sh.601186,8.3000,8.4000,8.3000,8.3800,8.3300,30057056,251823539.4100
2024-08-20,sh.601186,8.3800,8.4000,8.2700,8.3100,8.3800,28683723,238757322.2700
2024-08-21,sh.601186,8.3100,8.3100,8.2100,8.2500,8.3100,21903800,180723233.6800
2024-08-22,sh.601186,8.2600,8.3200,8.2400,8.2900,8.2500,23733968,196613999.0700
2024-08-23,sh.601186,8.2800,8.3100,8.2200,8.2700,8.2900,23219595,192008469.6200
2024-08-26,sh.601186,8.2700,8.3100,8.2400,8.3000,8.2700,22436507,185599304.8200
2024-08-27,sh.601186,8.2900,8.3000,8.0800,8.1100,8.3000,44436378,362328790.2200
2024-08-28,sh.601186,8.1000,8.1300,7.9400,7.9700,8.1100,37667408,302371920.6200
2024-08-29,sh.601186,7.9600,7.9800,7.7700,7.7900,7.9700,54761900,429797642.0000
2024-08-30,sh.601186,7.7900,7.9200,7.7200,7.8600,7.7900,43746700,342917265.0000
2024-09-02,sh.601186,7.7300,7.7400,7.3300,7.3700,7.8600,113591612,845479161.6000
2024-09-03,sh.601186,7.3400,7.4000,7.2100,7.2800,7.3700,70705553,515348381.7500
2024-09-04,sh.601186,7.2400,7.2700,7.0700,7.0900,7.2800,66931990,478817656.2400
2024-09-05,sh.601186,7.1100,7.1600,7.0600,7.1500,7.0900,45672603,324583971.9400
2024-09-06,sh.601186,7.1400,7.2000,7.1000,7.1000,7.1500,36118545,258228752.3300
2024-09-09,sh.601186,7.0800,7.0800,6.8600,6.9300,7.1000,73372529,509521415.3600
2024-09-10,sh.601186,6.9300,6.9700,6.8400,6.9600,6.9300,37395024,258258554.2800
2024-09-11,sh.601186,6.9200,6.9300,6.8600,6.9000,6.9600,26646438,183419378.5800
2024-09-12,sh.601186,6.9000,6.9400,6.8700,6.8700,6.9000,22539543,155635000.4100
2024-09-13,sh.601186,6.8800,6.9000,6.8300,6.8300,6.8700,26371093,180928102.1900
2024-09-18,sh.601186,6.8200,6.8500,6.7200,6.8300,6.8300,35541642,240770115.8500
2024-09-19,sh.601186,6.8600,6.9600,6.8000,6.9500,6.8300,42771237,295379319.7700
2024-09-20,sh.601186,6.9400,6.9700,6.8600,6.9600,6.9500,33183080,229669509.2400
2024-09-23,sh.601186,6.9500,7.0400,6.9200,6.9800,6.9600,28445100,198622600.0000
2024-09-24,sh.601186,7.0200,7.2600,7.0100,7.2600,6.9800,66870042,478047125.2100
2024-09-25,sh.601186,7.4700,7.8900,7.4700,7.6900,7.2600,149757617,1151972772.0000
2024-09-26,sh.601186,7.6200,8.0500,7.5900,8.0500,7.6900,129940118,1022393480.4000
2024-09-27,sh.601186,8.1900,8.2700,8.0200,8.2000,8.0500,95539442,777873056.0700
2024-09-30,sh.601186,8.5500,8.9500,8.3100,8.9100,8.2000,229750934,1992889335.5300
2024-10-08,sh.601186,9.8000,9.8000,9.0600,9.5100,8.9100,279157249,2667694626.0400
2024-10-09,sh.601186,9.3500,9.3500,8.7100,8.7100,9.5100,185045706,1665400752.9800
2024-10-10,sh.601186,8.7400,9.5800,8.7400,9.5800,8.7100,286334135,2684457440.6300
2024-10-11,sh.601186,9.5700,9.8500,9.2800,9.3300,9.5800,343231263,3285449364.6000
2024-10-14,sh.601186,9.3700,10.0900,9.3700,9.6100,9.3300,251924202,2438454724.0300
2024-10-15,sh.601186,9.4100,9.7700,9.2200,9.2300,9.6100,170768051,1619245592.8700
2024-10-16,sh.601186,9.1100,9.4200,9.0600,9.3000,9.2300,105703747,982357083.7600
2024-10-17,sh.601186,9.3000,9.3600,8.9500,8.9900,9.3000,126767333,1157902768.4600
2024-10-18,sh.601186,8.9500,9.3400,8.7600,9.2100,8.9900,130179649,1174963572.4800
2024-10-21,sh.601186,9.2600,9.5400,9.1300,9.4800,9.2100,131274456,1229355856.7500
2024-10-22,sh.601186,9.4100,9.4600,9.3200,9.3900,9.4800,67765725,635105102.1800
2024-10-23,sh.601186,9.3700,9.7300,9.3600,9.5900,9.3900,131032423,1258032872.7300
2024-10-24,sh.601186,9.5000,9.5400,9.3200,9.3700,9.5900,68837830,646179491.8700
2024-10-25,sh.601186,9.3400,9.4000,9.2900,9.3700,9.3700,56378079,527418288.9200
2024-10-28,sh.601186,9.3000,9.3300,9.0200,9.2400,9.3700,86962710,798823965.2700
2024-10-29,sh.601186,9.2000,9.2800,9.0700,9.0800,9.2400,73243130,670190958.0100
2024-10-30,sh.601186,9.0700,9.1400,8.9600,8.9700,9.0800,52778741,477031913.7700
2024-10-31,sh.601186,8.8700,9.0400,8.8600,8.9300,8.9700,72570085,648959901.1000
2024-11-01,sh.601186,8.9300,9.5500,8.9000,9.2100,8.9300,169165136,1570062765.7200
2024-11-04,sh.601186,9.1500,9.2500,9.0600,9.2400,9.2100,71459828,653985494.1500
2024-11-05,sh.601186,9.2300,9.4100,9.1900,9.4100,9.2400,101215357,942896770.8300
2024-11-06,sh.601186,9.4100,9.5800,9.3300,9.5100,9.4100,119928343,1134660321.9000
2024-11-07,sh.601186,9.5000,9.8900,9.4200,9.8900,9.5100,158974306,1545427462.3300
2024-11-08,sh.601186,9.9400,9.9800,9.6500,9.6900,9.8900,122462272,1196483742.7400
2024-11-11,sh.601186,9.6100,9.7500,9.4300,9.6100,9.6900,84684917,808073366.7700
2024-11-12,sh.601186,9.5500,9.7600,9.5000,9.5300,9.6100,83223644,801562012.6900
2024-11-13,sh.601186,9.4600,9.7900,9.4500,9.5900,9.5300,71943031,692419948.1900
2024-11-14,sh.601186,9.5900,9.6500,9.4000,9.4100,9.5900,56243071,535829975.0600
2024-11-15,sh.601186,9.4000,9.5500,9.3700,9.3700,9.4100,63267545,598544942.2700
2024-11-18,sh.601186,9.8600,10.3100,9.7100,10.2600,9.3700,451587024,4597009311.3000
2024-11-19,sh.601186,9.9400,9.9600,9.4800,9.6400,10.2600,346083955,3361450788.5200
2024-11-20,sh.601186,9.5500,9.7300,9.5400,9.6500,9.6400,132384050,1274660232.0200
2024-11-21,sh.601186,9.6000,9.7400,9.5100,9.5600,9.6500,103678929,995418261.1100
2024-11-22,sh.601186,9.5700,9.6100,9.1800,9.1900,9.5600,133501805,1258081735.0100
2024-11-25,sh.601186,9.1700,9.3100,9.0700,9.1600,9.1900,82559319,758856846.1600
2024-11-26,sh.601186,9.1600,9.2300,9.1000,9.1300,9.1600,42432205,388269805.6000
2024-11-27,sh.601186,9.1200,9.2000,9.0500,9.2000,9.1300,54244983,494615846.5300
2024-11-28,sh.601186,9.1800,9.3000,9.1600,9.2100,9.2000,57875584,533587897.9600
2024-11-29,sh.601186,9.1900,9.3200,9.1900,9.2500,9.2100,57096041,528091410.5000
2024-12-02,sh.601186,9.2500,9.4800,9.2000,9.4200,9.2500,92974663,868899097.3300
2024-12-03,sh.601186,9.3700,9.6400,9.3700,9.6200,9.4200,102374653,976452829.7400
2024-12-04,sh.601186,9.5700,9.6100,9.4500,9.4800,9.6200,63986283,609388517.4500
2024-12-05,sh.601186,9.4500,9.6400,9.4400,9.5000,9.4800,52971738,504801990.1400
2024-12-06,sh.601186,9.5000,9.5900,9.4800,9.5600,9.5000,65997853,630023725.6800
2024-12-09,sh.601186,9.5200,9.5300,9.3400,9.4100,9.5600,74861011,706923343.4000
2024-12-10,sh.601186,9.6800,9.6800,9.4000,9.4100,9.4100,91187164,868610283.5500
2024-12-11,sh.601186,9.3900,9.4600,9.3600,9.4000,9.4100,53787793,505708165.1000
2024-12-12,sh.601186,9.4100,9.4200,9.3100,9.4100,9.4000,57573705,539108809.7300
2024-12-13,sh.601186,9.3600,9.3700,9.1700,9.1700,9.4100,67005094,619728037.1100
2024-12-16,sh.601186,9.1700,9.2300,9.1000,9.2100,9.1700,49061185,449551353.2400
2024-12-17,sh.601186,9.2200,9.2500,9.1300,9.1600,9.2100,38788945,356419678.0400
2024-12-18,sh.601186,9.4100,9.5700,9.3000,9.3300,9.1600,114603006,1080962314.5600
2024-12-19,sh.601186,9.2300,9.3400,9.2100,9.3100,9.3300,58163082,539262547.1600
2024-12-20,sh.601186,9.3100,9.3400,9.2300,9.2400,9.3100,46486907,430640551.2600
2024-12-23,sh.601186,9.2400,9.4200,9.2200,9.3200,9.2400,79699745,745806444.6300
2024-12-24,sh.601186,9.3500,9.4000,9.3100,9.3900,9.3200,47005700,440277691.0000
2024-12-25,sh.601186,9.4200,9.5300,9.3700,9.4500,9.3900,73950470,699929152.5100
2024-12-26,sh.601186,9.4200,9.4200,9.2700,9.3000,9.4500,57231198,533182469.5900
2024-12-27,sh.601186,9.2800,9.3400,9.2500,9.3200,9.3000,42334888,393499966.3900
2024-12-30,sh.601186,9.3100,9.3700,9.2800,9.3500,9.3200,42067389,392298776.4600
2024-12-31,sh.601186,9.3500,9.3700,9.1700,9.1700,9.3500,59256487,548295488.4900
2025-01-02,sh.601186,9.1700,9.1800,8.7400,8.7900,9.1700,91540837,818768109.9200
2025-01-03,sh.601186,8.7500,8.8800,8.6500,8.6800,8.7900,53265595,466581798.2200
2025-01-06,sh.601186,8.6900,8.7000,8.5100,8.6600,8.6800,49422900,424864371.0000
2025-01-07,sh.601186,8.6700,8.6900,8.5700,8.6800,8.6600,34450291,297408771.1200
2025-01-08,sh.601186,8.6900,8.6900,8.4000,8.5700,8.6800,56111497,478854074.2900
2025-01-09,sh.601186,8.5400,8.5600,8.4500,8.4800,8.5700,32166514,273546241.2000
2025-01-10,sh.601186,8.4800,8.5100,8.3700,8.3700,8.4800,28114391,236822138.4000
2025-01-13,sh.601186,8.3200,8.4300,8.2600,8.3700,8.3700,29134600,243501502.0000
2025-01-14,sh.601186,8.3800,8.5600,8.3800,8.5400,8.3700,36788614,312034793.0200
2025-01-15,sh.601186,8.5700,8.5700,8.4500,8.4800,8.5400,31602677,268745495.2600
2025-01-16,sh.601186,8.5200,8.5800,8.4600,8.5200,8.4800,32921716,280819172.4100
2025-01-17,sh.601186,8.4800,8.5500,8.4000,8.5200,8.5200,26476400,225099363.0000
2025-01-20,sh.601186,8.5800,8.5900,8.5100,8.5200,8.5200,32701168,279544742.6600
2025-01-21,sh.601186,8.5400,8.5600,8.4500,8.4600,8.5200,30266939,256974289.3500
2025-01-22,sh.601186,8.4700,8.4700,8.2900,8.3400,8.4600,30459705,254487897.7500
2025-01-23,sh.601186,8.4100,8.5500,8.4100,8.4700,8.3400,38286473,325034317.6200
2025-01-24,sh.601186,8.4500,8.5100,8.4200,8.5000,8.4700,27473404,232776245.2400
2025-01-27,sh.601186,8.5200,8.6300,8.5100,8.5400,8.5000,33386364,286155197.3800
2025-02-05,sh.601186,8.5400,8.5700,8.3900,8.4200,8.5400,33965433,286575048.5300
2025-02-06,sh.601186,8.4200,8.4600,8.3400,8.4500,8.4200,37568700,315604426.0000
2025-02-07,sh.601186,8.4500,8.6000,8.4100,8.5500,8.4500,60911741,518026154.2200
2025-02-10,sh.601186,8.5300,8.6300,8.5300,8.5700,8.5500,46913979,402401371.4500
2025-02-11,sh.601186,8.5700,8.5800,8.4600,8.5100,8.5700,35052882,298141435.8100
2025-02-12,sh.601186,8.5000,8.5200,8.4400,8.5200,8.5100,37278306,316200642.1600
2025-02-13,sh.601186,8.5100,8.5900,8.5000,8.5300,8.5200,56980902,487269710.0900
2025-02-14,sh.601186,8.5100,8.5400,8.4300,8.5100,8.5300,40867119,346470344.9700
2025-02-17,sh.601186,8.5100,8.5300,8.4300,8.5000,8.5100,52280594,442690131.4300
2025-02-18,sh.601186,8.5000,8.5200,8.3900,8.4000,8.5000,46115184,390218500.8800
2025-02-19,sh.601186,8.3900,8.4600,8.3700,8.4200,8.4000,37581500,316660014.9900
2025-02-20,sh.601186,8.4100,8.4200,8.2700,8.2800,8.4200,69750410,579834594.9000
2025-02-21,sh.601186,8.2800,8.3000,8.1600,8.2500,8.2800,59481325,489465474.2300
2025-02-24,sh.601186,8.2300,8.5800,8.2000,8.5100,8.2500,103176924,871362448.1800
2025-02-25,sh.601186,8.5100,8.5100,8.3700,8.3900,8.5100,47956714,405023467.3000
2025-02-26,sh.601186,8.3600,8.5200,8.3600,8.4700,8.3900,42042519,355726617.5200
2025-02-27,sh.601186,8.4800,8.5000,8.3800,8.4500,8.4700,42057692,354301984.5800
2025-02-28,sh.601186,8.4200,8.5400,8.4000,8.4100,8.4500,60476778,512388351.4700
2025-03-03,sh.601186,8.4100,8.4700,8.3600,8.3800,8.4100,44311048,372896619.7900
2025-03-04,sh.601186,8.3700,8.3800,8.3200,8.3500,8.3800,29328806,244695410.0200
2025-03-05,sh.601186,8.3400,8.3800,8.2900,8.3400,8.3500,34893912,290736111.7000
2025-03-06,sh.601186,8.3500,8.4000,8.3000,8.3800,8.3400,38481180,321387643.5500
2025-03-07,sh.601186,8.3500,8.3600,8.2800,8.2900,8.3800,35781610,297665576.8000
2025-03-10,sh.601186,8.2900,8.3000,8.2000,8.2100,8.2900,38217077,314527682.1600
2025-03-11,sh.601186,8.1700,8.2100,8.1500,8.2000,8.2100,33043547,269993788.6000
2025-03-12,sh.601186,8.2100,8.3000,8.1800,8.2400,8.2000,34410431,283627064.3700
2025-03-13,sh.601186,8.2300,8.2800,8.2000,8.2300,8.2400,30525899,251613509.0700
2025-03-14,sh.601186,8.2200,8.3700,8.2100,8.3600,8.2300,59565276,495301381.0000
2025-03-17,sh.601186,8.3700,8.4300,8.3700,8.3900,8.3600,39825005,334507016.9100
2025-03-18,sh.601186,8.4000,8.4200,8.3400,8.3500,8.3900,29109180,243521878.8000
2025-03-19,sh.601186,8.3400,8.3600,8.2600,8.2800,8.3500,36644400,304140993.9500
2025-03-20,sh.601186,8.2800,8.3500,8.2700,8.3200,8.2800,31490676,262008946.6800
2025-03-21,sh.601186,8.3100,8.4100,8.2600,8.2600,8.3200,49139701,409638383.2700
2025-03-24,sh.601186,8.2800,8.3100,8.1900,8.2300,8.2600,34184210,281539188.0000
2025-03-25,sh.601186,8.2400,8.2900,8.2100,8.2800,8.2300,29336655,242584883.8500
2025-03-26,sh.601186,8.2800,8.3000,8.2400,8.2700,8.2800,27158781,224746484.8800
2025-03-27,sh.601186,8.2600,8.2700,8.2100,8.2200,8.2700,30727501,253160949.2400
2025-03-28,sh.601186,8.2100,8.2300,8.1400,8.1800,8.2200,35294070,288514037.0000
2025-03-31,sh.601186,8.1600,8.1800,7.9200,7.9200,8.1800,63953584,513882648.9900
2025-04-01,sh.601186,7.9600,8.0600,7.9500,8.0400,7.9200,39666048,317786372.7800
2025-04-02,sh.601186,8.0500,8.0800,8.0200,8.0500,8.0400,21457511,172752706.3300
2025-04-03,sh.601186,8.0100,8.1500,7.9800,8.1000,8.0500,30240903,244861595.8200
2025-04-07,sh.601186,7.8500,7.8800,7.2900,7.6000,8.1000,98078522,744976590.1900
2025-04-08,sh.601186,7.5900,8.0500,7.5900,8.0400,7.6000,104774022,827408695.3300
2025-04-09,sh.601186,8.0300,8.1300,7.8700,8.0600,8.0400,71101713,568131781.1200
2025-04-10,sh.601186,8.1100,8.1100,7.9800,8.0800,8.0600,56395101,454389261.0500
2025-04-11,sh.601186,8.0700,8.1000,7.9600,8.0000,8.0800,41089959,328794416.1100
2025-04-14,sh.601186,8.0100,8.0200,7.9700,7.9800,8.0000,29898702,238830582.9400
2025-04-15,sh.601186,7.9900,7.9900,7.8800,7.9400,7.9800,28490991,225580381.9000
2025-04-16,sh.601186,7.9300,8.0600,7.8800,8.0600,7.9400,46117479,367675042.4700
2025-04-17,sh.601186,8.0200,8.0800,8.0000,8.0600,8.0600,25622100,206023478.0000
2025-04-18,sh.601186,8.0300,8.0900,8.0100,8.0700,8.0600,19445500,156553316.0000
2025-04-21,sh.601186,8.0700,8.0800,8.0000,8.0200,8.0700,24084080,193393484.8000
2025-04-22,sh.601186,8.0000,8.1000,8.0000,8.0900,8.0200,29133472,234813997.1900
2025-04-23,sh.601186,8.1000,8.1100,8.0400,8.0500,8.0900,23424601,189075239.1000
2025-04-24,sh.601186,8.0500,8.0800,8.0300,8.0500,8.0500,17117589,137971964.2300
2025-04-25,sh.601186,8.0600,8.0700,8.0000,8.0300,8.0500,28105255,225787196.6000
2025-04-28,sh.601186,8.0100,8.0100,7.9200,7.9400,8.0300,26949800,214294203.0000
2025-04-29,sh.601186,7.9300,7.9600,7.9200,7.9200,7.9400,19106201,151544688.9200
2025-04-30,sh.601186,7.9200,7.9300,7.8000,7.8100,7.9200,45688088,358401715.6000
2025-05-06,sh.601186,7.8300,7.8700,7.8000,7.8600,7.8100,37102859,290911930.5400
2025-05-07,sh.601186,7.9500,7.9800,7.8600,7.9300,7.8600,42834264,338472676.7800
2025-05-08,sh.601186,7.9000,7.9500,7.8600,7.9100,7.9300,26020303,205848504.7000
2025-05-09,sh.601186,7.9100,7.9200,7.8500,7.8500,7.9100,26610120,209598257.6400
2025-05-12,sh.601186,7.8700,7.9300,7.8500,7.9300,7.8500,29825116,235392415.0500
2025-05-13,sh.601186,7.9600,8.0700,7.9500,8.0400,7.9300,56826438,455889141.9500
2025-05-14,sh.601186,8.0200,8.1200,7.9700,8.1100,8.0400,47376384,381568626.3700
2025-05-15,sh.601186,8.1100,8.1400,8.0400,8.0700,8.1100,35570732,287859009.3700
2025-05-16,sh.601186,8.0600,8.0800,7.9600,8.0000,8.0700,36105563,288703885.6800
2025-05-19,sh.601186,7.9900,7.9900,7.9500,7.9800,8.0000,20351766,162270547.6400
2025-05-20,sh.601186,7.9900,8.0100,7.9600,7.9900,7.9800,23889511,190846590.7400
2025-05-21,sh.601186,8.0000,8.0200,7.9800,7.9900,7.9900,17420967,139407365.1100
2025-05-22,sh.601186,7.9800,7.9900,7.9300,7.9500,7.9900,21082855,167654618.7000
2025-05-23,sh.601186,7.9400,7.9700,7.8500,7.8500,7.9500,28428900,224920906.0000
2025-05-26,sh.601186,7.8500,7.8700,7.8100,7.8300,7.8500,25630896,200806600.5200
2025-05-27,sh.601186,7.8400,7.8600,7.8200,7.8300,7.8300,18420295,144379585.9000
2025-05-28,sh.601186,7.8400,7.8600,7.8200,7.8400,7.8300,18351127,143813246.8100
2025-05-29,sh.601186,7.8500,7.8900,7.8200,7.8700,7.8400,19316452,152055030.1300
2025-05-30,sh.601186,7.8600,7.9400,7.8500,7.9100,7.8700,25335257,200045897.1200
2025-06-03,sh.601186,7.8900,7.9400,7.8600,7.9400,7.9100,21768250,172117684.6000
2025-06-04,sh.601186,7.9400,7.9700,7.9300,7.9700,7.9400,19823710,157727050.6000
2025-06-05,sh.601186,7.9700,8.0000,7.9300,7.9600,7.9700,23507577,187156066.6900
2025-06-06,sh.601186,7.9600,8.0300,7.9500,7.9800,7.9600,27634723,220633965.8400
2025-06-09,sh.601186,7.9800,8.0100,7.9600,7.9800,7.9800,23580147,188216122.0200
2025-06-10,sh.601186,7.9900,8.0100,7.9300,7.9400,7.9800,29513970,235155479.7000
2025-06-11,sh.601186,7.9500,8.0400,7.9400,8.0200,7.9400,29227946,233912031.4100
2025-06-12,sh.601186,8.0000,8.0300,7.9500,7.9800,8.0200,19549279,156116300.4200
2025-06-13,sh.601186,7.9700,7.9900,7.9100,7.9300,7.9800,30849939,245055992.8600
2025-06-16,sh.601186,7.9300,7.9400,7.8700,7.8800,7.9300,33684371,265891479.4700
2025-06-17,sh.601186,7.8800,7.9400,7.8700,7.9300,7.8800,21878905,173024471.0300
2025-06-18,sh.601186,7.9200,7.9300,7.8700,7.9000,7.9300,16374484,129339090.6000
2025-06-19,sh.601186,7.8900,7.9000,7.7800,7.7800,7.9000,32810604,256614683.2000
2025-06-20,sh.601186,7.7800,7.8500,7.7700,7.8200,7.7800,17739889,138665359.9800
2025-06-23,sh.601186,7.8000,7.8600,7.7600,7.8300,7.8200,24638828,192277527.2400
2025-06-24,sh.601186,7.8400,8.0000,7.8300,7.9900,7.8300,48258226,383303422.6600
2025-06-25,sh.601186,7.9900,8.0400,7.9500,8.0300,7.9900,37669030,301222562.9000
2025-06-26,sh.601186,8.0200,8.0600,8.0000,8.0300,8.0300,33612869,269952524.3200
2025-06-27,sh.601186,8.0400,8.1000,8.0000,8.0100,8.0300,37275937,300290608.0200
2025-06-30,sh.601186,8.0100,8.0300,7.9800,8.0100,8.0100,25337976,202855393.0100
2025-07-01,sh.601186,8.0200,8.0300,7.9700,7.9800,8.0100,22436200,179131274.0000
2025-07-02,sh.601186,7.9800,8.1000,7.9700,8.0900,7.9800,43553170,350982786.6600
2025-07-03,sh.601186,8.0800,8.1200,8.0600,8.0800,8.0900,25353970,205112881.6000
2025-07-04,sh.601186,8.0900,8.1400,8.0800,8.1200,8.0800,30768987,249660520.1600
2025-07-07,sh.601186,8.1200,8.1400,8.0800,8.1300,8.1200,22571646,183305723.6500
2025-07-08,sh.601186,8.1300,8.1800,8.0900,8.1700,8.1300,35198434,286719123.3300
2025-07-09,sh.601186,8.1700,8.3400,8.1500,8.2200,8.1700,60856673,502232841.4400
2025-07-10,sh.601186,8.2200,8.3400,8.2100,8.2800,8.2200,49445155,409410981.9300
2025-07-11,sh.601186,8.3100,8.4200,8.2800,8.2800,8.2800,74878851,624703963.0500
2025-07-14,sh.601186,8.2900,8.4300,8.2900,8.3400,8.2800,54180902,453195869.7400
2025-07-15,sh.601186,8.3500,8.3700,8.2600,8.3000,8.3400,38211350,317417853.0000
2025-07-16,sh.601186,8.3100,8.3300,8.1800,8.2500,8.3000,48177865,397076249.8100
2025-07-17,sh.601186,8.2500,8.2800,8.2200,8.2700,8.2500,30208394,249229553.5600
2025-07-18,sh.601186,8.2800,8.3300,8.2700,8.3300,8.2700,34315670,284937878.2700
2025-07-21,sh.601186,8.5500,8.6700,8.4600,8.6600,8.3300,192743477,1655826872.4000
2025-07-22,sh.601186,8.4800,8.8100,8.2600,8.8100,8.3600,292397833,2509232837.2600
2025-07-23,sh.601186,8.9300,8.9300,8.4200,8.4300,8.8100,228809340,1974829173.5300
2025-07-24,sh.601186,8.4300,8.5100,8.3300,8.4600,8.4300,134206204,1133421357.3100
2025-07-25,sh.601186,8.4300,8.4400,8.2400,8.2600,8.4600,123018496,1022190430.7600
2025-07-28,sh.601186,8.2600,8.2700,8.2100,8.2200,8.2600,54345492,447317473.9900
2025-07-29,sh.601186,8.2100,8.2300,8.1400,8.1800,8.2200,63131021,516127783.8300
2025-07-30,sh.601186,8.1700,8.2400,8.1500,8.1800,8.1800,54565032,447660514.5100
2025-07-31,sh.601186,8.1600,8.1800,8.0400,8.0600,8.1800,65780619,532543524.2900
2025-08-01,sh.601186,8.0500,8.0800,8.0400,8.0600,8.0600,27931130,225096635.7200
2025-08-04,sh.601186,8.0500,8.0900,8.0400,8.0800,8.0600,26302508,212030422.8100
2025-08-05,sh.601186,8.0900,8.1200,8.0700,8.1200,8.0800,27878626,225780182.0400
2025-08-06,sh.601186,8.1200,8.1200,8.0700,8.1000,8.1200,28446687,230176469.9300
2025-08-07,sh.601186,8.1200,8.1500,8.0900,8.1000,8.1000,29846342,242125786.9500
2025-08-08,sh.601186,8.1000,8.2100,8.0700,8.2100,8.1000,59848304,488367989.0900
2025-08-11,sh.601186,8.3400,8.3700,8.2200,8.2300,8.2100,75790002,626962502.9300
2025-08-12,sh.601186,8.2300,8.2600,8.1700,8.2000,8.2300,50359849,413212145.1700
2025-08-13,sh.601186,8.2000,8.2300,8.1600,8.1700,8.2000,54001528,441948025.9900
2025-08-14,sh.601186,8.1700,8.2100,8.0800,8.0900,8.1700,57156535,465753829.6900
2025-08-15,sh.601186,8.0700,8.1200,8.0700,8.0900,8.0900,52989110,428899400.9000
2025-08-18,sh.601186,8.1000,8.1600,8.0900,8.1100,8.0900,66086159,536988175.4600
2025-08-19,sh.601186,8.1200,8.1400,8.0700,8.0900,8.1100,61931562,501445551.4700
2025-08-20,sh.601186,8.0700,8.1100,8.0400,8.1100,8.0900,48760038,393384779.5400
2025-08-21,sh.601186,8.1300,8.2200,8.1200,8.1800,8.1100,87529933,716392570.4700
2025-08-22,sh.601186,8.1700,8.2300,8.1200,8.2300,8.1800,69549676,568259457.5500
2025-08-25,sh.601186,8.2300,8.3300,8.2200,8.3200,8.2300,96452937,798592006.3300
2025-08-26,sh.601186,8.3000,8.3000,8.2500,8.2600,8.3200,52947345,438103838.8800
2025-08-27,sh.601186,8.2700,8.2800,8.1100,8.1100,8.2600,77111875,631750026.8500
2025-08-28,sh.601186,8.1000,8.1500,8.0300,8.1300,8.1100,61279281,495881688.1200
2025-08-29,sh.601186,8.1500,8.2600,8.1200,8.1300,8.1300,62686415,513211094.3000
2025-09-01,sh.601186,8.1200,8.1400,8.0700,8.0900,8.1300,49948547,404145987.4500
2025-09-02,sh.601186,8.0700,8.1000,8.0300,8.0700,8.0900,54700852,441124574.9800
2025-09-03,sh.601186,8.0700,8.0900,7.9500,7.9900,8.0700,49329829,395578653.8700
2025-09-04,sh.601186,7.9900,7.9900,7.8900,7.9400,7.9900,48653541,386280491.2900
2025-09-05,sh.601186,7.9400,7.9900,7.9000,7.9700,7.9400,37233678,295757880.7900
2025-09-08,sh.601186,7.9600,8.0400,7.9400,8.0300,7.9700,39197815,313639051.6400
2025-09-09,sh.601186,8.0300,8.0400,7.9600,8.0000,8.0300,28938296,231598138.1800
2025-09-10,sh.601186,8.0000,8.0100,7.9400,7.9700,8.0000,23495994,187206138.0800
2025-09-11,sh.601186,7.9500,8.0200,7.9400,8.0200,7.9700,39362891,314110672.8600
2025-09-12,sh.601186,8.0100,8.0700,8.0000,8.0200,8.0200,50546174,406417261.9300
2025-09-15,sh.601186,8.0200,8.0500,7.9800,8.0200,8.0200,32979867,263973862.0300
2025-09-16,sh.601186,8.0200,8.0300,7.9700,8.0200,8.0200,28579100,228637497.0000
2025-09-17,sh.601186,8.0100,8.0700,7.9700,8.0600,8.0200,43050955,345861084.6700
2025-09-18,sh.601186,8.0400,8.0500,7.8900,7.9200,8.0600,54365889,433268552.5000
2025-09-19,sh.601186,7.9200,7.9500,7.9000,7.9300,7.9200,30995072,245462708.5200
2025-09-22,sh.601186,7.9200,7.9300,7.8400,7.8700,7.9300,38756823,304876797.6600
2025-09-23,sh.601186,7.8600,7.9400,7.7800,7.9200,7.8700,46069790,362731022.9100
2025-09-24,sh.601186,7.8800,7.9100,7.8300,7.8700,7.9200,44357574,348673020.9000
2025-09-25,sh.601186,7.8600,7.8700,7.7800,7.7800,7.8700,47293501,369372029.0500
2025-09-26,sh.601186,7.7800,7.8400,7.7500,7.8000,7.7800,36741258,286640399.4100
2025-09-29,sh.601186,7.8000,7.8400,7.7200,7.8200,7.8000,37777136,293655441.3700
2025-09-30,sh.601186,7.8300,7.8800,7.7900,7.8500,7.8200,34623839,271586963.1000
2025-10-09,sh.601186,7.8500,8.0500,7.8400,8.0500,7.8500,79924287,638488744.4100
2025-10-10,sh.601186,8.0100,8.2200,7.9800,8.1400,8.0500,107128688,872056462.6300
2025-10-13,sh.601186,8.0200,8.0800,7.9700,8.0800,8.1400,67733068,543388851.3800
2025-10-14,sh.601186,8.0800,8.1300,8.0600,8.0800,8.0800,54477904,441068872.1000
2025-10-15,sh.601186,8.1000,8.1300,8.0100,8.0700,8.0800,49019226,395301924.8200
2025-10-16,sh.601186,8.0600,8.0600,8.0100,8.0400,8.0700,38212535,307144130.4000
2025-10-17,sh.601186,8.0400,8.0800,7.9800,7.9900,8.0400,44253195,355069066.2400
2025-10-20,sh.601186,8.0000,8.0200,7.9400,7.9600,7.9900,35662800,284075409.0000
2025-10-21,sh.601186,7.9600,8.0800,7.9600,8.0700,7.9600,52825180,425419118.7400
2025-10-22,sh.601186,8.0900,8.1200,8.0500,8.0700,8.0700,41120300,332596399.0000
2025-10-23,sh.601186,8.0500,8.0900,8.0000,8.0900,8.0700,37640166,302858482.6500
2025-10-24,sh.601186,8.0900,8.1100,8.0500,8.0900,8.0900,41611858,336192174.6200
2025-10-27,sh.601186,8.0900,8.1700,8.0300,8.1600,8.0900,66473255,540200800.0000
2025-10-28,sh.601186,8.1500,8.1500,8.0200,8.0300,8.1600,54223143,437273193.3500
2025-10-29,sh.601186,8.0100,8.0700,7.9900,8.0600,8.0300,45323702,363677248.0800
2025-10-30,sh.601186,8.0600,8.1300,8.0400,8.0500,8.0600,47216142,381732393.3600
2025-10-31,sh.601186,8.0600,8.0600,7.9400,7.9500,8.0500,67518505,538336454.7500
2025-11-03,sh.601186,7.9600,8.0000,7.9400,7.9900,7.9500,30757542,245408169.4600
2025-11-04,sh.601186,7.9800,8.0000,7.9400,7.9700,7.9900,36675879,292593019.0500
2025-11-05,sh.601186,7.9500,7.9800,7.9100,7.9600,7.9700,32891300,261169218.0000
2025-11-06,sh.601186,7.9600,8.0700,7.9400,8.0100,7.9600,47321300,379437693.0000
2025-11-07,sh.601186,8.0000,8.0400,7.9900,8.0200,8.0100,29375455,235419498.5400
2025-11-10,sh.601186,8.0100,8.0600,7.9900,8.0600,8.0200,32254555,259092885.7200
2025-11-11,sh.601186,8.0600,8.0700,8.0100,8.0500,8.0600,30072926,241846323.2900
2025-11-12,sh.601186,8.0500,8.0700,8.0100,8.0300,8.0500,34160496,274457478.8700
2025-11-13,sh.601186,8.0200,8.0400,7.9900,8.0300,8.0300,35062209,280831731.1800
2025-11-14,sh.601186,8.0000,8.0300,7.9600,7.9700,8.0300,37764020,302045126.2000
2025-11-17,sh.601186,7.9500,7.9600,7.8900,7.9100,7.9700,44433000,351648476.5000
2025-11-18,sh.601186,7.9000,7.9100,7.8300,7.8600,7.9100,32950318,259269510.3300
2025-11-19,sh.601186,7.8600,7.8800,7.8300,7.8400,7.8600,26095012,204911823.0800
2025-11-20,sh.601186,7.8600,7.8900,7.8300,7.8400,7.8400,37588704,295567693.3600
2025-11-21,sh.601186,7.8000,7.8100,7.6700,7.7000,7.8400,62250613,481727176.4500
2025-11-24,sh.601186,7.6800,7.7700,7.6800,7.7300,7.7000,34298100,265149644.3800
2025-11-25,sh.601186,7.7300,7.7700,7.7200,7.7500,7.7300,17655731,136917371.2500
2025-11-26,sh.601186,7.7600,7.8000,7.7400,7.7400,7.7500,17214200,133735961.0000
2025-11-27,sh.601186,7.7300,7.7600,7.7100,7.7300,7.7400,16272009,125952123.6600
2025-11-28,sh.601186,7.7300,7.7400,7.6900,7.7300,7.7300,18609078,143636947.0200
2025-12-01,sh.601186,7.7300,7.7800,7.7100,7.7700,7.7300,27684201,214580470.7400
2025-12-02,sh.601186,7.7600,7.7900,7.7400,7.7900,7.7700,20752935,161340639.7400
2025-12-03,sh.601186,7.7900,7.7900,7.7500,7.7700,7.7900,23949300,186173204.0000
2025-12-04,sh.601186,7.7700,7.8000,7.7600,7.7900,7.7700,18854900,146728017.0000
2025-12-05,sh.601186,7.7700,7.8200,7.7500,7.8000,7.7900,24562733,191240449.4100
2025-12-08,sh.601186,7.8100,7.8200,7.7600,7.7600,7.8000,22401355,174352009.1800
2025-12-09,sh.601186,7.7600,7.7700,7.6800,7.6800,7.7600,33100190,254735583.1400
2025-12-10,sh.601186,7.6700,7.7800,7.6600,7.7700,7.6800,30660980,236692422.4900
2025-12-11,sh.601186,7.7700,7.8100,7.7500,7.7800,7.7700,31443552,244783683.2300
2025-12-12,sh.601186,7.7700,7.8300,7.7500,7.8100,7.7800,45708943,356419164.1000
2025-12-15,sh.601186,7.8000,7.8300,7.7800,7.7800,7.8100,25455652,198684404.1200
2025-12-16,sh.601186,7.7800,7.7900,7.7200,7.7300,7.7800,22216760,172052891.0300
2025-12-17,sh.601186,7.7300,7.7900,7.6900,7.7600,7.7300,21694595,167757107.6300
2025-12-18,sh.601186,7.7500,7.7900,7.7400,7.7800,7.7600,17362200,134926409.0000
2025-12-19,sh.601186,7.7800,7.8100,7.7600,7.8000,7.7800,19438926,151443767.8200
2025-12-22,sh.601186,7.8100,7.8100,7.7700,7.7800,7.8000,21676100,168899761.0000
2025-12-23,sh.601186,7.7800,7.8200,7.7700,7.7900,7.7800,19642200,153178589.0000
2025-12-24,sh.601186,7.8000,7.8300,7.7800,7.8200,7.7900,22278866,174039908.2500
2025-12-25,sh.601186,7.8200,7.8300,7.7800,7.8100,7.8200,23234228,181312771.5900
2025-12-26,sh.601186,7.8000,7.8200,7.7700,7.8100,7.8100,22274588,173688919.9300
2025-12-29,sh.601186,7.8100,7.8400,7.7600,7.7700,7.8100,34463031,268648710.8700
2025-12-30,sh.601186,7.7500,7.7600,7.6900,7.7000,7.7700,36639117,282355494.6300
2025-12-31,sh.601186,7.6900,7.7200,7.6700,7.6700,7.7000,27692600,212886954.0000
