date,code,open,high,low,close,preclose,volume,amount
2019-01-02,sz.300438,16.1900,16.4400,16.0700,16.3600,16.1600,1923151,31380534.1600
2019-01-03,sz.300438,16.4000,16.5000,15.8300,15.9300,16.3600,2080067,33770425.3500
2019-01-04,sz.300438,15.7900,16.8700,15.6900,16.8200,15.9300,3795565,62383348.9900
2019-01-07,sz.300438,16.9400,17.2000,16.8700,16.9800,16.8200,3078350,52338813.3300
2019-01-08,sz.300438,16.8500,17.3600,16.8000,17.2700,16.9800,3146000,54043056.0000
2019-01-09,sz.300438,17.2700,17.2700,16.9000,16.9100,17.2700,3473264,59336855.3500
2019-01-10,sz.300438,16.9700,17.1000,16.8100,16.9300,16.9100,1638466,27790557.3800
2019-01-11,sz.300438,17.2000,17.2000,16.8800,17.0200,16.9300,2087096,35517784.0600
2019-01-14,sz.300438,17.1000,17.2300,16.9300,17.0500,17.0200,1973381,33693388.3800
2019-01-15,sz.300438,16.9500,17.7700,16.8400,17.6800,17.0500,4066165,70840116.6300
2019-01-16,sz.300438,17.6200,17.8400,17.5000,17.7200,17.6800,3461224,61109518.7700
2019-01-17,sz.300438,17.7200,17.7200,17.3700,17.4100,17.7200,2610521,45601097.0800
2019-01-18,sz.300438,17.3500,17.6200,17.2600,17.5400,17.4100,2429672,42401772.0500
2019-01-21,sz.300438,17.5000,17.8300,17.4100,17.4700,17.5400,2099527,37013146.8200
2019-01-22,sz.300438,17.4800,17.6600,17.2600,17.4000,17.4700,1754999,30664778.6100
2019-01-23,sz.300438,17.3900,18.1700,17.2400,17.9800,17.4000,5116951,91392935.9700
2019-01-24,sz.300438,17.9000,18.0500,17.7000,17.8800,17.9800,2861451,51083963.4600
2019-01-25,sz.300438,17.8100,18.4900,17.6900,18.0800,17.8800,4815175,87386534.2900
2019-01-28,sz.300438,17.9900,18.4000,17.3200,17.3300,18.0800,4715385,83749403.2700
2019-01-29,sz.300438,17.2200,17.3000,16.7800,17.1400,17.3300,2919444,49799941.2800
2019-01-30,sz.300438,17.0100,17.2200,16.7300,16.7300,17.1400,1839600,31234992.9700
2019-01-31,sz.300438,16.7100,17.1100,16.6000,16.7200,16.7300,2463173,41488841.5800
2019-02-01,sz.300438,16.8400,17.3500,16.8000,17.2800,16.7200,2773261,47601536.0800
2019-02-11,sz.300438,17.3700,17.9300,17.2700,17.9200,17.2800,3435119,60819022.8900
2019-02-12,sz.300438,17.8500,18.1600,17.8000,18.0100,17.9200,3638261,65434823.7000
2019-02-13,sz.300438,18.1500,18.3900,18.0000,18.1800,18.0100,4449950,81057377.5700
2019-02-14,sz.300438,18.2100,18.9700,18.2000,18.6300,18.1800,6263627,116813582.8800
2019-02-15,sz.300438,18.7000,18.7000,18.2100,18.2400,18.6300,4614410,84941075.5700
2019-02-18,sz.300438,18.3900,18.9500,18.2900,18.9100,18.2400,4551256,84918628.6500
2019-02-19,sz.300438,18.9100,18.9500,18.3800,18.6300,18.9100,5077964,94610258.0300
2019-02-20,sz.300438,18.5300,19.1900,18.4200,18.7800,18.6300,5526712,104327332.6400
2019-02-21,sz.300438,18.7500,19.0800,18.4300,18.8000,18.7800,6079851,113965224.4500
2019-02-22,sz.300438,18.7900,19.4700,18.7000,19.3800,18.8000,6088545,116316578.9000
2019-02-25,sz.300438,19.7900,20.3200,19.4000,20.1400,19.3800,9086882,180423039.3000
2019-02-26,sz.300438,20.0500,21.7400,19.5200,20.9100,20.1400,12244881,255881975.3700
2019-02-27,sz.300438,21.2100,21.7200,20.8400,21.1300,20.9100,8021782,170319035.1600
2019-02-28,sz.300438,20.8000,21.2000,20.6000,21.0900,21.1300,4724094,98991893.2400
2019-03-01,sz.300438,20.9400,21.4900,20.5800,21.0900,21.0900,4252966,89285100.5900
2019-03-04,sz.300438,21.3600,22.0000,21.0900,21.2100,21.0900,7262486,156800568.3800
2019-03-05,sz.300438,21.2100,23.0700,21.1000,22.8600,21.2100,9171110,203959238.1600
2019-03-06,sz.300438,23.3600,24.8800,23.3600,24.0100,22.8600,10813521,260438249.5500
2019-03-07,sz.300438,24.2600,24.8800,23.4200,24.0800,24.0100,10416179,252292010.1200
2019-03-08,sz.300438,23.6000,24.4300,23.0800,23.1000,24.0800,6978431,165925712.8900
2019-03-11,sz.300438,23.6200,25.3000,23.2900,25.3000,23.1000,8176266,198834333.2700
2019-03-12,sz.300438,25.7500,27.6800,25.5000,26.2900,25.3000,9802843,260294497.2000
2019-03-13,sz.300438,26.4000,27.1800,25.3100,25.8000,26.2900,6465015,169244148.0100
2019-03-14,sz.300438,25.3100,26.4400,24.7000,24.9400,25.8000,5169847,131599935.7300
2019-03-15,sz.300438,25.4100,25.9000,24.5900,25.1500,24.9400,5209779,131965381.9300
2019-03-18,sz.300438,25.6300,25.8800,24.9000,25.8700,25.1500,3718326,94490510.0900
2019-03-19,sz.300438,26.0000,26.0000,24.8100,25.1300,25.8700,5166415,129752865.4000
2019-03-20,sz.300438,25.0500,25.1800,23.9700,24.7300,25.1300,5918989,145414569.8100
2019-03-21,sz.300438,25.0800,25.1300,24.3000,24.6000,24.7300,4213925,104103374.4900
2019-03-22,sz.300438,24.8800,24.8800,24.1100,24.3600,24.6000,2784681,67854696.9000
2019-03-25,sz.300438,24.2000,25.4200,23.9800,24.4200,24.3600,5601719,139009719.2300
2019-03-26,sz.300438,24.4100,25.2300,24.0300,24.0500,24.4200,3678471,89379083.7000
2019-03-27,sz.300438,24.8000,25.4800,24.2000,24.9000,24.0500,5754984,142850268.2000
2019-03-28,sz.300438,24.6000,25.6700,24.3100,25.3600,24.9000,4881992,123139719.6200
2019-03-29,sz.300438,25.2400,25.4500,24.6100,25.2500,25.3600,7717522,192455847.6500
2019-04-01,sz.300438,24.9500,25.4500,24.5200,25.2200,25.2500,11084350,276032330.7900
2019-04-02,sz.300438,25.2200,25.3900,24.7600,24.8500,25.2200,6581533,164117590.7100
2019-04-03,sz.300438,24.6900,24.6900,23.7500,24.0400,24.8500,7458555,179831835.0900
2019-04-04,sz.300438,24.1800,24.4600,23.8400,24.0200,24.0400,3992031,96291194.5700
2019-04-08,sz.300438,24.1000,24.2100,22.0900,22.9600,24.0200,9577419,221210538.3800
2019-04-09,sz.300438,22.9600,23.2800,22.8100,23.1200,22.9600,4501428,103867393.8300
2019-04-10,sz.300438,22.6900,23.3300,22.3900,23.0700,23.1200,6263310,142966842.5700
2019-04-11,sz.300438,22.9800,23.2500,22.3300,22.3900,23.0700,3456922,78394697.3400
2019-04-12,sz.300438,22.5000,23.2500,22.3300,22.9200,22.3900,4016103,91938376.0600
2019-04-15,sz.300438,23.4000,23.4200,22.1600,22.2000,22.9200,4840152,109775152.6900
2019-04-16,sz.300438,22.1800,22.5200,21.9200,22.4500,22.2000,3635226,80895869.9100
2019-04-17,sz.300438,22.4400,23.3800,22.4400,23.0300,22.4500,6218377,144139227.8200
2019-04-18,sz.300438,23.2000,23.2700,22.1700,22.2700,23.0300,4916923,110584411.2500
2019-04-19,sz.300438,22.2700,22.4700,22.0300,22.4400,22.2700,2797767,62413993.6600
2019-04-22,sz.300438,22.4400,22.5300,21.5800,21.8600,22.4400,5811170,127649964.2800
2019-04-23,sz.300438,21.8600,21.9700,20.9500,21.0100,21.8600,5394445,114705108.3800
2019-04-24,sz.300438,21.1200,21.4300,20.9600,21.3200,21.0100,2915399,61882677.8400
2019-04-25,sz.300438,21.3500,21.5700,20.6600,20.7400,21.3200,4243547,89888019.8000
2019-04-26,sz.300438,20.7100,20.8300,19.9300,20.0300,20.7400,4188204,84443822.9100
2019-04-29,sz.300438,20.0100,20.2300,19.0000,19.2200,20.0300,3931974,76747604.8500
2019-04-30,sz.300438,19.3000,19.5100,19.0600,19.4000,19.2200,2603094,50292885.3900
2019-05-06,sz.300438,18.7000,19.3400,18.2700,18.6200,19.4000,4876634,91677020.1500
2019-05-07,sz.300438,18.7200,19.0000,18.4200,18.7400,18.6200,2237968,41962655.9700
2019-05-08,sz.300438,18.5600,18.7900,18.1000,18.3700,18.7400,1943504,35863740.5600
2019-05-09,sz.300438,18.2600,18.6500,18.2000,18.5400,18.3700,2346617,43534293.8400
2019-05-10,sz.300438,18.7100,19.1700,18.2700,19.1600,18.5400,3982888,75455178.0300
2019-05-13,sz.300438,19.0200,19.4500,18.8800,19.3300,19.1600,2909152,55912194.5600
2019-05-14,sz.300438,19.0000,19.4000,19.0000,19.2400,19.3300,1941971,37314306.7600
2019-05-15,sz.300438,19.2200,19.4700,19.1100,19.3500,19.2400,2019300,38989850.4400
2019-05-16,sz.300438,19.3800,19.4000,19.1800,19.3700,19.3500,1334262,25725311.6000
2019-05-17,sz.300438,19.4800,19.4800,18.7500,18.7500,19.3700,3016374,57188423.5000
2019-05-20,sz.300438,18.4000,18.8300,18.1400,18.2800,18.7500,2478709,45442554.7800
2019-05-21,sz.300438,18.2900,18.6000,18.2500,18.4400,18.2800,2611898,48186344.8100
2019-05-22,sz.300438,18.6500,18.6500,17.2000,17.3700,18.4400,5775972,102107240.1100
2019-05-23,sz.300438,17.4300,17.4700,16.9100,17.1000,17.3700,3272232,56326583.7200
2019-05-24,sz.300438,17.0200,17.3200,16.4100,17.2000,17.1000,5938272,100013123.1400
2019-05-27,sz.300438,17.1000,17.5700,16.9600,17.4400,17.2000,3818073,66215973.8900
2019-05-28,sz.300438,17.5400,17.6600,17.2000,17.3800,17.4400,3223162,56197635.4500
2019-05-29,sz.300438,17.3000,17.7500,17.2200,17.5500,17.3800,2171708,38165454.8600
2019-05-30,sz.300438,17.3800,17.6000,17.2000,17.5000,17.5500,2285567,39825489.1800
2019-05-31,sz.300438,17.6000,17.6100,16.8600,17.1000,17.5000,4161323,71262010.2900
2019-06-03,sz.300438,17.1000,17.3000,16.4600,16.5500,17.1000,2935693,49284002.8900
2019-06-04,sz.300438,16.6500,17.0800,16.3000,16.5600,16.5500,4260717,71142017.1100
2019-06-05,sz.300438,16.7100,16.8600,16.3900,16.4300,16.5600,2435213,40413565.5100
2019-06-06,sz.300438,16.4700,16.5400,15.1900,15.6400,16.4300,4945142,77730336.7500
2019-06-10,sz.300438,15.6400,16.5400,15.6100,16.4000,15.6400,5008187,81320240.9600
2019-06-11,sz.300438,16.5000,16.8000,16.0700,16.7000,16.4000,4653331,76951547.0500
2019-06-12,sz.300438,16.6000,16.9400,16.4800,16.5100,16.7000,2912685,48577174.2700
2019-06-13,sz.300438,16.5100,16.8500,16.4700,16.6800,16.5100,2560669,42660069.6400
2019-06-14,sz.300438,16.8000,16.8000,16.0400,16.0400,16.6800,3277086,53376566.2400
2019-06-17,sz.300438,16.0100,16.2600,15.9400,16.0500,16.0400,1709969,27509951.6200
2019-06-18,sz.300438,16.3800,16.3800,15.6100,15.8600,16.0500,2746706,43583583.6300
2019-06-19,sz.300438,16.1900,16.3700,16.0000,16.0000,15.8600,3848699,62497827.7500
2019-06-20,sz.300438,16.0900,16.5500,15.9000,16.5000,15.9400,4627487,75383061.0800
2019-06-21,sz.300438,16.6400,16.9600,16.6300,16.7500,16.5000,4161835,69812804.8900
2019-06-24,sz.300438,16.8800,17.0900,16.4900,16.8200,16.7500,3154448,52852108.8500
2019-06-25,sz.300438,16.8200,16.8200,16.1500,16.5900,16.8200,3857430,63535743.9800
2019-06-26,sz.300438,16.5700,16.7500,16.3300,16.4000,16.5900,1948793,32168982.3400
2019-06-27,sz.300438,16.4100,16.7700,16.3200,16.5200,16.4000,3352634,55652749.6200
2019-06-28,sz.300438,16.5600,16.7200,16.1000,16.1800,16.5200,3046047,49680776.8100
2019-07-01,sz.300438,16.3900,16.9200,16.3500,16.6800,16.1800,5427863,90570555.2600
2019-07-02,sz.300438,16.8900,17.5500,16.7800,17.3100,16.6800,8194620,141219569.5200
2019-07-03,sz.300438,17.1300,17.2800,16.7000,16.7900,17.3100,5571917,94049084.7900
2019-07-04,sz.300438,16.8600,16.8800,16.5700,16.6200,16.7900,2671496,44593212.8800
2019-07-05,sz.300438,16.5800,16.7700,16.5300,16.7700,16.6200,1817804,30255544.8000
2019-07-08,sz.300438,16.6700,16.6900,16.0500,16.1300,16.7700,3996591,65148289.3600
2019-07-09,sz.300438,16.1100,16.3500,16.0200,16.2100,16.1300,1455114,23547108.1000
2019-07-10,sz.300438,16.1700,16.2400,15.8200,15.8900,16.2100,1819230,29202377.6000
2019-07-11,sz.300438,15.9600,16.2700,15.8800,16.1000,15.8900,1591887,25584469.7300
2019-07-12,sz.300438,16.0000,16.2300,15.8200,15.9300,16.1000,2009016,32105295.1400
2019-07-15,sz.300438,15.8900,16.1800,15.6100,16.1700,15.9300,2501963,39905911.0600
2019-07-16,sz.300438,16.1000,16.1500,15.9400,15.9900,16.1700,2220968,35581585.1100
2019-07-17,sz.300438,16.0000,16.3800,15.9300,16.2900,15.9900,3136896,50909469.0000
2019-07-18,sz.300438,16.1200,16.2400,15.9200,15.9400,16.2900,1829639,29327594.9700
2019-07-19,sz.300438,15.9300,16.2800,15.9300,16.0900,15.9400,1779921,28684783.0900
2019-07-22,sz.300438,16.1500,16.1500,15.4200,15.4800,16.0900,2573417,40194384.5800
2019-07-23,sz.300438,15.5500,15.6500,15.4000,15.5800,15.4800,1260156,19568693.8000
2019-07-24,sz.300438,15.6500,16.0400,15.6500,15.8800,15.5800,1990121,31658900.1300
2019-07-25,sz.300438,15.9700,16.1700,15.8300,16.0500,15.8800,1934239,31081229.9300
2019-07-26,sz.300438,16.0300,16.4200,15.9000,16.3800,16.0500,2662496,43277710.0800
2019-07-29,sz.300438,16.4500,16.5600,16.2100,16.3300,16.3800,2131866,34924649.8400
2019-07-30,sz.300438,16.3600,16.6800,16.3100,16.4400,16.3300,1894530,31294394.3000
2019-07-31,sz.300438,16.4600,16.6200,16.2900,16.3500,16.4400,1704551,28047616.9500
2019-08-01,sz.300438,16.3700,16.7000,16.2200,16.5600,16.3500,2468100,40733584.0000
2019-08-02,sz.300438,16.2800,16.2900,15.8100,15.9800,16.5600,2815076,45116654.6700
2019-08-05,sz.300438,15.9300,16.1900,15.6800,15.7100,15.9800,2632300,41902581.6000
2019-08-06,sz.300438,15.4500,15.5200,14.6000,14.8400,15.7100,4390252,65682201.5800
2019-08-07,sz.300438,14.9500,15.0200,14.5700,14.6000,14.8400,2345676,34651444.7300
2019-08-08,sz.300438,14.6800,14.8300,14.5700,14.6700,14.6000,1748145,25644639.0600
2019-08-09,sz.300438,14.8500,14.9200,14.2000,14.3200,14.6700,2917676,42299416.5200
2019-08-12,sz.300438,14.2900,14.6900,14.2600,14.6800,14.3200,1965040,28494450.6000
2019-08-13,sz.300438,14.6500,14.7200,14.4200,14.5500,14.6800,1342471,19581276.5400
2019-08-14,sz.300438,14.7100,14.9400,14.7100,14.7700,14.5500,2088455,31005626.5500
2019-08-15,sz.300438,14.3900,15.1000,14.3200,15.0800,14.7700,2324770,34332857.6500
2019-08-16,sz.300438,14.9500,15.2500,14.9000,15.1000,15.0800,2568850,38678406.4000
2019-08-19,sz.300438,15.1500,15.5800,15.1500,15.5100,15.1000,2679800,41299496.8900
2019-08-20,sz.300438,15.6000,15.7600,15.5200,15.6300,15.5100,2792239,43670841.0400
2019-08-21,sz.300438,15.5400,15.6800,15.3400,15.4500,15.6300,3020527,46718347.8300
2019-08-22,sz.300438,15.4800,15.7600,15.3500,15.5500,15.4500,2598436,40376457.6000
2019-08-23,sz.300438,15.4900,15.6500,15.2700,15.3700,15.5500,2768386,42668122.7600
2019-08-26,sz.300438,15.0300,15.2900,14.8600,15.0200,15.3700,2313205,34874541.6500
2019-08-27,sz.300438,15.2900,15.5400,15.1100,15.3900,15.0200,2341400,36025786.0100
2019-08-28,sz.300438,15.4100,15.5000,15.1700,15.2000,15.3900,1758204,26886904.2400
2019-08-29,sz.300438,15.2700,15.5700,15.1700,15.4200,15.2000,2069600,31854104.0000
2019-08-30,sz.300438,15.7800,15.9300,15.0700,15.1000,15.4200,3613462,55841895.0400
2019-09-02,sz.300438,15.1700,16.6100,15.0100,16.6100,15.1000,8467325,136842576.3700
2019-09-03,sz.300438,17.0900,17.7500,17.0000,17.2200,16.6100,16219972,280113899.9200
2019-09-04,sz.300438,17.0900,17.4800,17.0400,17.2500,17.2200,7958625,137067307.9700
2019-09-05,sz.300438,17.3300,18.6800,17.3300,17.7500,17.2500,10446248,188255239.3700
2019-09-06,sz.300438,17.8300,18.3900,17.6500,17.7500,17.7500,8421701,150785058.1600
2019-09-09,sz.300438,17.8800,18.2500,17.8500,18.1400,17.7500,7752960,139811870.7600
2019-09-10,sz.300438,18.2900,18.4300,17.8700,17.9500,18.1400,5480876,98861703.6100
2019-09-11,sz.300438,18.1000,18.6600,17.9400,18.2000,17.9500,7919250,145087735.0300
2019-09-12,sz.300438,18.3700,18.3700,17.9000,18.1200,18.2000,4690852,84775051.9100
2019-09-16,sz.300438,18.1400,18.4500,17.9300,18.0200,18.1200,4091797,73994678.8500
2019-09-17,sz.300438,18.0100,18.0100,17.3100,17.4000,18.0200,5362630,94031110.1000
2019-09-18,sz.300438,17.6100,17.6100,17.2000,17.2500,17.4000,2749500,47727604.0000
2019-09-19,sz.300438,17.3300,17.5800,17.2000,17.5300,17.2500,3381600,58793379.6200
2019-09-20,sz.300438,17.5400,17.7500,17.4600,17.5600,17.5300,3232523,56940475.7100
2019-09-23,sz.300438,17.6700,18.2000,17.4100,17.6100,17.5600,4814820,85395204.7200
2019-09-24,sz.300438,17.8600,18.1300,17.5700,17.9200,17.6100,4926710,88138159.7900
2019-09-25,sz.300438,17.8100,17.8100,17.3000,17.4100,17.9200,4527416,79477270.6300
2019-09-26,sz.300438,17.4800,18.4300,17.4500,18.0500,17.4100,10652627,191883553.2000
2019-09-27,sz.300438,18.1900,18.1900,17.2200,17.8300,18.0500,7431478,130663101.9500
2019-09-30,sz.300438,17.8000,17.8000,17.1600,17.1700,17.8300,4194259,73046539.2200
2019-10-08,sz.300438,17.2500,17.3200,16.5500,16.6800,17.1700,4004208,67418205.6600
2019-10-09,sz.300438,16.6400,16.8700,16.5100,16.7700,16.6800,3237400,54000516.3200
2019-10-10,sz.300438,16.9000,17.0900,16.7500,16.9300,16.7700,3313063,56055463.5500
2019-10-11,sz.300438,16.9800,16.9800,16.5500,16.8300,16.9300,3435826,57593233.1300
2019-10-14,sz.300438,17.0300,17.4300,16.9200,17.4000,16.8300,4742504,81643627.4100
2019-10-15,sz.300438,17.4900,17.7800,17.1000,17.4400,17.4000,4762474,82843992.4500
2019-10-16,sz.300438,17.3500,17.7400,17.1600,17.4900,17.4400,4139632,72443140.3400
2019-10-17,sz.300438,17.4600,17.5900,17.1800,17.2200,17.4900,2827866,49117088.9300
2019-10-18,sz.300438,17.2200,17.4600,16.7800,16.8300,17.2200,3601371,61441974.3100
2019-10-21,sz.300438,16.9100,16.9300,16.5600,16.9200,16.8300,1913700,31966136.0000
2019-10-22,sz.300438,16.9200,17.0600,16.8000,16.9500,16.9200,1998600,33816342.1000
2019-10-23,sz.300438,16.9500,17.2700,16.8800,17.0000,16.9500,2522808,43154936.7200
2019-10-24,sz.300438,17.0000,17.4700,16.8100,17.4700,17.0000,3487146,60139588.2800
2019-10-25,sz.300438,17.4300,17.6800,17.3200,17.6700,17.4700,3454150,60448660.1500
2019-10-28,sz.300438,18.1000,18.1300,17.6100,17.8500,17.6700,3927279,69948407.1600
2019-10-29,sz.300438,17.8000,18.5900,17.7200,18.3700,17.8500,7743482,141605812.6900
2019-10-30,sz.300438,18.2000,18.4800,18.0100,18.2600,18.3700,5186710,94545671.7000
2019-10-31,sz.300438,18.2600,18.4700,18.0800,18.0900,18.2600,4742504,86732976.1500
2019-11-01,sz.300438,18.2200,18.5000,17.8100,18.3600,18.0900,5647200,102835367.9100
2019-11-04,sz.300438,18.3600,20.2000,18.3600,20.2000,18.3600,11220665,217956021.1100
2019-11-05,sz.300438,21.8000,22.2200,21.1100,22.2200,20.2000,41761344,916695784.5800
2019-11-06,sz.300438,23.2200,24.4400,22.4200,22.7600,22.2200,51291957,1199277873.1800
2019-11-07,sz.300438,23.2000,24.3800,22.7800,22.9800,22.7600,38872226,908775520.0200
2019-11-08,sz.300438,23.0000,24.2600,22.4000,22.4000,22.9800,36149377,835179635.3400
2019-11-11,sz.300438,22.1900,23.0700,21.9000,21.9000,22.4000,21417014,481166073.0000
2019-11-12,sz.300438,21.7300,22.2000,21.2500,21.6000,21.9000,17613153,380731088.6800
2019-11-13,sz.300438,21.8400,22.6900,21.6700,21.8500,21.6000,22554852,499662048.4700
2019-11-14,sz.300438,22.1200,23.8400,21.9800,23.1100,21.8500,24342944,559812285.5500
2019-11-15,sz.300438,22.4400,22.9200,20.8000,20.8000,23.1100,25164905,554235502.4600
2019-11-18,sz.300438,21.3100,21.7900,21.0300,21.3600,20.8000,13545683,290215422.2400
2019-11-19,sz.300438,21.5700,21.7800,21.2000,21.6200,21.3600,12361396,265774520.6900
2019-11-20,sz.300438,21.5500,21.5700,20.8900,21.2000,21.6200,11436579,243124066.9700
2019-11-21,sz.300438,20.9000,21.2700,20.5100,21.0200,21.2000,9667306,202008972.6300
2019-11-22,sz.300438,21.2200,21.6600,20.0200,20.6600,21.0200,13673300,286733914.8000
2019-11-25,sz.300438,20.6300,20.8200,19.7200,20.4500,20.6600,10667770,217019309.2000
2019-11-26,sz.300438,20.4800,21.4700,20.3500,21.0300,20.4500,10739200,224743283.0000
2019-11-27,sz.300438,20.8500,21.9700,20.8000,21.6000,21.0300,11699814,250961926.8600
2019-11-28,sz.300438,21.7500,23.1700,21.6800,22.6600,21.6000,16522358,372953280.8500
2019-11-29,sz.300438,22.5000,23.0800,22.1400,22.6000,22.6600,12216533,276083740.0400
2019-12-02,sz.300438,22.9600,24.5100,22.6600,23.9900,22.6000,17660066,419835938.1000
2019-12-03,sz.300438,24.0000,24.1800,23.2300,23.9500,23.9900,11207014,265264745.3800
2019-12-04,sz.300438,23.6800,24.8000,23.5800,23.8300,23.9500,10745298,259428910.6000
2019-12-05,sz.300438,23.6800,24.3800,23.6800,24.0800,23.8300,11469778,275830351.1000
2019-12-06,sz.300438,23.9500,24.6700,23.7800,24.3400,24.0800,12498770,302995034.4400
2019-12-09,sz.300438,24.4800,24.4800,23.3300,23.5400,24.3400,12235300,290337187.0000
2019-12-10,sz.300438,23.4000,23.9000,23.2200,23.7800,23.5400,9135248,215769334.2500
2019-12-11,sz.300438,23.6100,23.7600,22.6100,23.0100,23.7800,11715551,269382017.2500
2019-12-12,sz.300438,23.1000,23.5000,22.8000,23.2100,23.0100,8437169,195687436.2600
2019-12-13,sz.300438,23.5800,25.5300,23.2800,25.5300,23.2100,16855272,412632712.7700
2019-12-16,sz.300438,27.0000,28.0800,26.8000,28.0800,25.5300,24264091,674398003.8000
2019-12-17,sz.300438,28.7000,29.5000,27.5500,28.9900,28.0800,33885075,961764847.1900
2019-12-18,sz.300438,28.4000,28.7700,27.6500,28.1200,28.9900,22561050,637079215.2100
2019-12-19,sz.300438,27.8400,28.4500,26.9100,27.7800,28.1200,14335761,395227891.5900
2019-12-20,sz.300438,28.0000,28.1800,27.2400,27.3000,27.7800,9874924,273343987.0400
2019-12-23,sz.300438,26.6300,27.7100,26.6300,26.8000,27.3000,8947234,242080225.7000
2019-12-24,sz.300438,26.8900,28.7800,26.8000,28.4500,26.8000,16410293,459628759.0900
2019-12-25,sz.300438,28.0000,28.5800,27.6300,28.1300,28.4500,13010835,364518692.3400
2019-12-26,sz.300438,28.1300,29.9600,27.8500,28.7600,28.1300,14977781,433168526.0900
2019-12-27,sz.300438,28.1500,28.5800,26.6600,26.7200,28.7600,15323833,422267506.4200
2019-12-30,sz.300438,26.8700,27.3500,26.2000,26.7000,26.7200,10011198,268305316.1800
2019-12-31,sz.300438,26.3400,27.2200,26.2600,26.8000,26.7000,8382500,224205313.4400
2020-01-02,sz.300438,27.0700,27.7000,27.0700,27.3800,26.8000,9074087,248402266.4000
2020-01-03,sz.300438,27.6900,28.2000,26.7900,27.9000,27.3800,10205264,279882186.0000
2020-01-06,sz.300438,27.7000,29.8800,27.5100,28.1000,27.9000,14984755,427037072.8300
2020-01-07,sz.300438,28.2700,28.4300,27.7700,28.0500,28.1000,9176785,256587140.1200
2020-01-08,sz.300438,27.7800,28.2900,27.6200,27.7200,28.0500,8448669,235884266.4400
2020-01-09,sz.300438,27.9900,28.4900,27.8000,27.8600,27.7200,6385132,178574452.2300
2020-01-10,sz.300438,28.0000,28.1600,26.4000,26.9000,27.8600,11846615,319909755.0000
2020-01-13,sz.300438,26.9500,27.4700,25.7000,26.9600,26.9000,16196811,429634834.9800
2020-01-14,sz.300438,27.0000,28.0700,26.9600,27.1200,26.9600,11490382,315784757.4100
2020-01-15,sz.300438,26.7000,27.5500,26.5100,27.3400,27.1200,8488849,230164281.1200
2020-01-16,sz.300438,27.4900,27.7500,26.6000,26.9000,27.3400,8256849,223744434.8400
2020-01-17,sz.300438,26.7500,27.2700,26.1200,26.2000,26.9000,7532224,199769773.6900
2020-01-20,sz.300438,26.0800,27.3800,25.8000,27.1500,26.2000,9767659,261991927.6600
2020-01-21,sz.300438,27.1600,27.3700,26.5500,27.0000,27.1500,5877875,158467986.7900
2020-01-22,sz.300438,26.5600,29.6000,26.0800,29.1100,27.0000,18173092,513611008.9100
2020-01-23,sz.300438,29.0400,29.6000,26.8500,27.3900,29.1100,15452528,438953318.9500
2020-02-03,sz.300438,24.6500,24.6500,24.6500,24.6500,27.3900,1635700,40320005.0000
2020-02-04,sz.300438,22.2500,24.5000,22.2500,23.7400,24.6500,17063827,403892247.9700
2020-02-05,sz.300438,23.8600,26.1100,23.8600,25.3000,23.7400,18361653,469113432.1100
2020-02-06,sz.300438,24.9400,26.1200,24.7100,25.7300,25.3000,12535849,318738651.8200
2020-02-07,sz.300438,25.5700,27.7100,25.5300,27.0300,25.7300,12930849,343145447.2500
2020-02-10,sz.300438,27.1100,28.8800,27.1100,28.3300,27.0300,10918863,306760205.3200
2020-02-11,sz.300438,28.5700,28.6000,27.0100,27.3500,28.3300,7481755,204978410.9900
2020-02-12,sz.300438,27.0000,28.4800,26.8800,28.0500,27.3500,8350947,234178364.8000
2020-02-13,sz.300438,28.0000,28.3300,27.3000,27.5600,28.0500,6990902,193440220.8600
2020-02-14,sz.300438,27.2800,28.1400,27.1800,27.6700,27.5600,7143128,197466886.3400
2020-02-17,sz.300438,27.6700,30.3600,27.3300,29.4500,27.6700,15074837,434849887.4000
2020-02-18,sz.300438,29.7000,31.2600,29.4100,30.7400,29.4500,14160753,432284872.5200
2020-02-19,sz.300438,33.4100,33.6300,31.3400,31.8500,30.7400,20127693,653787573.9600
2020-02-20,sz.300438,31.8800,32.8400,30.8000,31.3100,31.8500,13780129,435710972.1100
2020-02-21,sz.300438,31.1800,31.7600,31.0000,31.1700,31.3100,8130767,254158351.4000
2020-02-24,sz.300438,30.3400,30.4000,29.2700,29.6400,31.1700,15296820,456116370.2800
2020-02-25,sz.300438,28.5000,30.6600,28.3700,30.4400,29.6400,16513991,485169259.8600
2020-02-26,sz.300438,29.6500,30.0100,28.1900,28.2000,30.4400,12509306,362081557.3200
2020-02-27,sz.300438,28.6600,29.2000,27.6000,27.9900,28.2000,8109903,228363876.9800
2020-02-28,sz.300438,26.7600,27.1200,25.2000,25.2300,27.9900,10604122,277133085.7300
2020-03-02,sz.300438,25.7800,26.4000,25.2400,25.9200,25.2300,7053521,182220621.7900
2020-03-03,sz.300438,26.8000,27.2800,25.9400,26.2500,25.9200,8591478,228150208.2000
2020-03-04,sz.300438,25.9500,26.5900,25.2400,26.0200,26.2500,7266101,187582060.9400
2020-03-05,sz.300438,26.4800,26.9900,25.3700,25.8400,26.0200,8663167,223050559.4900
2020-03-06,sz.300438,25.5800,26.1900,25.3700,25.8700,25.8400,5287292,136615553.4700
2020-03-09,sz.300438,25.2700,25.5900,24.0000,24.1300,25.8700,8145833,200087534.9100
2020-03-10,sz.300438,24.1300,25.4800,23.7700,25.3000,24.1300,7036525,174240532.8600
2020-03-11,sz.300438,25.7800,26.8500,25.7800,26.2100,25.3000,11121406,293351168.5400
2020-03-12,sz.300438,25.8000,26.7900,25.4100,26.1800,26.2100,7310601,191430857.4700
2020-03-13,sz.300438,24.7000,26.7000,24.6900,25.8900,26.1800,7320875,188508979.7500
2020-03-16,sz.300438,26.6000,26.6000,24.1000,24.2100,25.8900,6238175,158182839.4900
2020-03-17,sz.300438,24.9600,25.2300,23.6500,24.6500,24.2100,6122264,150387968.6700
2020-03-18,sz.300438,25.1300,26.5600,24.8800,25.3600,24.6500,9749335,250898142.7400
2020-03-19,sz.300438,25.6600,26.6800,25.1900,26.3800,25.3600,11509015,299312667.5000
2020-03-20,sz.300438,26.6000,28.3900,26.6000,27.9500,26.3800,13629929,376588591.3000
2020-03-23,sz.300438,27.0000,27.7000,25.1600,25.2200,27.9500,10979340,289213621.6800
2020-03-24,sz.300438,25.9900,26.4800,25.0000,26.1000,25.2200,7524690,195012528.1300
2020-03-25,sz.300438,26.9200,27.3000,26.3000,26.5000,26.1000,8113200,217346844.5000
2020-03-26,sz.300438,26.1600,26.4400,25.3200,25.4100,26.5000,5569795,143726251.7500
2020-03-27,sz.300438,25.7900,25.9400,24.5000,24.5800,25.4100,6061850,152105157.5000
2020-03-30,sz.300438,24.2000,24.3000,22.1200,22.3300,24.5800,11187118,253367982.3800
2020-03-31,sz.300438,22.6700,22.7500,21.5900,22.0400,22.3300,6106848,135814261.1300
2020-04-01,sz.300438,22.3900,22.9600,21.9200,22.1100,22.0400,6883021,154114662.6700
2020-04-02,sz.300438,21.9300,22.6000,21.6600,22.5700,22.1100,5744166,127483691.5600
2020-04-03,sz.300438,22.6600,22.9700,22.0600,22.2200,22.5700,5161507,116328102.0200
2020-04-07,sz.300438,22.8000,22.8500,22.4300,22.7200,22.2200,5907658,133646481.8600
2020-04-08,sz.300438,22.6000,23.1700,22.4600,22.9700,22.7200,5657151,129477352.6500
2020-04-09,sz.300438,23.0800,23.2600,22.7200,22.7300,22.9700,4751789,108580064.7200
2020-04-10,sz.300438,22.1100,22.1900,20.4600,20.9400,22.7300,15807523,332546715.7300
2020-04-13,sz.300438,20.7400,20.8700,20.1200,20.1500,20.9400,5810700,118472553.0100
2020-04-14,sz.300438,20.4200,20.9800,20.3500,20.9100,20.1500,5362876,111082986.4200
2020-04-15,sz.300438,21.2000,21.2000,20.6000,20.6900,20.9100,4960200,103680667.4000
2020-04-16,sz.300438,20.5100,21.0700,20.3300,20.9500,20.6900,3318407,68953813.6900
2020-04-17,sz.300438,21.1200,21.9100,21.1200,21.4400,20.9500,6553412,140947399.9100
2020-04-20,sz.300438,21.4100,21.9400,21.2400,21.8300,21.4400,5571769,120716628.5800
2020-04-21,sz.300438,21.7000,21.7500,21.1000,21.6000,21.8300,4792700,102707479.2600
2020-04-22,sz.300438,21.5000,21.7900,21.2100,21.4300,21.6000,3351138,71939740.0000
2020-04-23,sz.300438,21.5800,21.5900,20.8500,20.8700,21.4300,3405768,71902530.1800
2020-04-24,sz.300438,21.2300,21.5400,20.3600,20.6500,20.8700,4498916,94256229.1300
2020-04-27,sz.300438,20.6800,20.8000,19.9200,20.1100,20.6500,4542598,91903498.4200
2020-04-28,sz.300438,20.3200,20.3200,19.0200,19.4800,20.1100,5720997,111513186.4200
2020-04-29,sz.300438,19.2000,19.7600,19.1300,19.3100,19.4800,3952442,76654887.3000
2020-04-30,sz.300438,19.5100,20.6700,19.4900,20.5100,19.3100,5319176,108224607.2100
2020-05-06,sz.300438,20.2800,21.1300,20.1300,21.0500,20.5100,4553568,94379883.9200
2020-05-07,sz.300438,21.1000,21.3300,20.7500,21.1200,21.0500,3447355,72469071.0500
2020-05-08,sz.300438,21.4800,21.6500,21.0900,21.3500,21.1200,4088900,87289895.0000
2020-05-11,sz.300438,21.5800,21.6000,21.0500,21.1700,21.3500,3103810,66187656.5000
2020-05-12,sz.300438,21.3700,21.3700,20.8100,21.1600,21.1700,2954759,62195231.3600
2020-05-13,sz.300438,21.1100,21.4500,20.8900,21.0500,21.1600,3344300,70513723.0000
2020-05-14,sz.300438,21.0100,21.0900,20.6800,20.6800,21.0500,3105500,64761844.0000
2020-05-15,sz.300438,21.0100,21.9500,20.9000,21.5800,20.6800,7614595,163536371.2300
2020-05-18,sz.300438,21.4500,21.4500,20.6100,20.8800,21.5800,6083606,128326590.8200
2020-05-19,sz.300438,21.1100,21.2600,20.7200,20.9000,20.8800,4930644,103292246.4700
2020-05-20,sz.300438,20.9000,22.1500,20.7300,21.5500,20.9000,10932529,237085801.1100
2020-05-21,sz.300438,21.5000,21.5000,20.0200,20.1300,21.5500,9942700,205437166.7100
2020-05-22,sz.300438,20.1000,20.2600,19.4500,19.5100,20.1300,4563000,90327825.0000
2020-05-25,sz.300438,19.4800,19.4800,19.0200,19.2000,19.5100,4378737,84034322.7700
2020-05-26,sz.300438,19.5400,20.1300,19.2800,20.0900,19.2000,4749472,94240412.1900
2020-05-27,sz.300438,20.2700,20.6500,20.1500,20.2700,20.0900,4957105,100866090.2700
2020-05-28,sz.300438,20.4600,20.4600,19.5500,19.9500,20.2700,3942270,78499288.2200
2020-05-29,sz.300438,20.3200,20.9400,20.1400,20.3900,19.9500,5716239,117300847.2500
2020-06-01,sz.300438,20.5100,21.8700,20.4600,21.7500,20.3900,7940348,169131327.2200
2020-06-02,sz.300438,21.9000,22.1800,21.5700,21.8400,21.7500,6879277,150679835.1600
2020-06-03,sz.300438,14.6600,14.7900,14.2300,14.7100,14.6200,10029101,145959724.6200
2020-06-04,sz.300438,14.8900,16.1800,14.8900,16.1800,14.7100,14760057,231312497.1600
2020-06-05,sz.300438,16.8000,16.8500,15.5500,15.6500,16.1800,30086109,487525661.9100
2020-06-08,sz.300438,15.7500,16.0900,15.1800,15.2000,15.6500,17704896,274887864.6500
2020-06-09,sz.300438,15.2500,15.4200,15.0000,15.2500,15.2000,10305166,156567829.1500
2020-06-10,sz.300438,15.2900,15.7900,15.0000,15.4600,15.2500,14851469,229652686.8200
2020-06-11,sz.300438,15.4100,15.7400,14.9200,14.9900,15.4600,17701965,270079760.5300
2020-06-12,sz.300438,14.4800,14.8600,14.3000,14.7500,14.9900,11876335,173033417.3100
2020-06-15,sz.300438,14.7900,14.9500,14.5100,14.5400,14.7500,8435900,124006787.3600
2020-06-16,sz.300438,14.7500,14.9800,14.6800,14.9000,14.5400,7624209,113108568.8900
2020-06-17,sz.300438,14.9200,15.1300,14.7200,15.1000,14.9000,9356257,139387126.2200
2020-06-18,sz.300438,15.0500,15.2500,14.9500,15.1100,15.1000,7558575,114258079.7500
2020-06-19,sz.300438,15.0700,16.2500,14.9300,15.8600,15.1100,21052863,331573729.9200
2020-06-22,sz.300438,15.8700,16.2900,15.8100,15.8700,15.8600,16627765,266411526.1000
2020-06-23,sz.300438,15.9300,16.0500,15.4300,15.5700,15.8700,13180129,206857237.3400
2020-06-24,sz.300438,15.8700,17.1300,15.8600,17.1300,15.5700,30874201,524043918.9300
2020-06-29,sz.300438,17.6800,17.8700,16.7600,17.2600,17.1300,34390910,595447461.3400
2020-06-30,sz.300438,17.3600,17.7800,17.0600,17.4500,17.2600,24750999,430178952.3400
2020-07-01,sz.300438,17.5600,18.5000,17.1500,17.6600,17.4500,22022175,391830757.3600
2020-07-02,sz.300438,17.5600,17.9800,17.3000,17.5800,17.6600,19262491,338257196.2100
2020-07-03,sz.300438,17.4800,18.1000,17.3000,17.8100,17.5800,18677988,331293861.4900
2020-07-06,sz.300438,17.7600,18.5200,17.7100,18.5100,17.8100,21326806,387766473.8200
2020-07-07,sz.300438,18.4500,20.0000,18.4500,19.3800,18.5100,25157244,485694240.7100
2020-07-08,sz.300438,19.7000,19.7000,19.0000,19.5800,19.3800,16993425,329574678.2500
2020-07-09,sz.300438,20.1900,20.5400,19.6700,20.2500,19.5800,18367772,370058931.8600
2020-07-10,sz.300438,20.2400,20.6600,19.4900,19.6800,20.2500,17346337,347534234.8800
2020-07-13,sz.300438,19.6000,21.5100,19.6000,21.1500,19.6800,23283108,479541564.9600
2020-07-14,sz.300438,20.5800,20.7600,19.0400,19.0400,21.1500,38512218,750672869.7700
2020-07-15,sz.300438,18.7000,19.1900,17.8000,18.6300,19.0400,29561405,546921094.3300
2020-07-16,sz.300438,18.5000,19.0000,17.8400,17.8500,18.6300,16706959,307023837.3900
2020-07-17,sz.300438,18.0000,18.2000,17.4700,17.7200,17.8500,10296084,183588673.0600
2020-07-20,sz.300438,18.0800,18.5200,17.9100,18.4400,17.7200,12397498,226629535.5700
2020-07-21,sz.300438,18.4900,19.0900,18.3100,18.5600,18.4400,11491536,214147213.9200
2020-07-22,sz.300438,18.5300,18.9600,18.1800,18.6200,18.5600,10442045,194837768.3900
2020-07-23,sz.300438,18.4100,18.7700,17.8500,18.5500,18.6200,10445799,191288410.6900
2020-07-24,sz.300438,18.4000,18.6100,17.0000,17.4000,18.5500,13486296,241397554.7400
2020-07-27,sz.300438,17.5900,17.8600,17.0700,17.3900,17.4000,7619494,133033127.5000
2020-07-28,sz.300438,17.6800,18.6900,17.6000,18.0000,17.3900,9430470,171413865.1000
2020-07-29,sz.300438,18.0000,18.9700,17.6400,18.9000,18.0000,12708624,234573245.5200
2020-07-30,sz.300438,19.0100,19.0700,18.2500,18.4200,18.9000,12485147,231232655.1200
2020-07-31,sz.300438,18.5500,18.9800,18.3600,18.6200,18.4200,12396097,231500332.9200
2020-08-03,sz.300438,18.7600,19.2900,18.5500,19.1900,18.6200,14539347,276136048.1500
2020-08-04,sz.300438,19.1100,19.1700,18.6800,18.8500,19.1900,9989419,188436707.0600
2020-08-05,sz.300438,18.7900,19.0000,18.5200,18.8100,18.8500,6824295,128020284.9200
2020-08-06,sz.300438,18.8000,18.8300,18.2200,18.6700,18.8100,9409537,174460073.3500
2020-08-07,sz.300438,18.5500,18.8500,17.9000,18.2000,18.6700,8660555,158752843.4900
2020-08-10,sz.300438,17.9100,18.2800,17.7100,18.0400,18.2000,7343143,131698829.9800
2020-08-11,sz.300438,18.1600,18.3900,17.7600,17.7700,18.0400,5663835,102522536.6500
2020-08-12,sz.300438,17.7600,18.0900,17.1500,17.5600,17.7700,7744821,135381275.4800
2020-08-13,sz.300438,17.6900,18.1600,17.4900,17.7300,17.5600,4172900,73995480.1700
2020-08-14,sz.300438,17.8000,17.8600,17.3500,17.7300,17.7300,5006050,88084271.5000
2020-08-17,sz.300438,17.7300,18.0500,17.6300,17.9900,17.7300,7281729,129987752.8700
2020-08-18,sz.300438,18.0700,18.1900,17.7500,17.9500,17.9900,7012640,125669717.6000
2020-08-19,sz.300438,17.8500,17.9400,17.3100,17.3400,17.9500,7960864,139579141.4300
2020-08-20,sz.300438,17.2000,17.5000,16.9000,16.9700,17.3400,5329125,91290710.6000
2020-08-21,sz.300438,17.0000,17.3600,16.8000,16.9700,16.9700,4914140,83782647.9600
2020-08-24,sz.300438,16.9700,17.5800,16.5200,17.4700,16.9700,7953778,136476951.6400
2020-08-25,sz.300438,17.3900,17.8500,17.3000,17.5300,17.4700,5929234,103994098.9800
2020-08-26,sz.300438,17.5600,17.7100,17.0100,17.1100,17.5300,5935822,102898329.3600
2020-08-27,sz.300438,16.5100,16.5200,15.7900,16.2200,17.1100,15444526,248241979.1400
2020-08-28,sz.300438,16.2200,16.5700,16.0200,16.4700,16.2200,8815049,143976946.3800
2020-08-31,sz.300438,16.6000,17.1000,16.5200,16.6700,16.4700,7129809,119868808.4900
2020-09-01,sz.300438,16.9800,17.2900,16.4700,17.0500,16.6700,7182783,121383752.3400
2020-09-02,sz.300438,17.1800,17.2500,16.5300,16.8500,17.0500,9243404,155414316.9900
2020-09-03,sz.300438,16.8100,16.9900,16.3000,16.4400,16.8500,7504450,124023658.0000
2020-09-04,sz.300438,16.1400,16.7200,16.1000,16.6900,16.4400,5467741,90080922.3200
2020-09-07,sz.300438,16.6600,17.0300,16.5600,16.7100,16.6900,7200576,121160801.3200
2020-09-08,sz.300438,16.7200,16.9700,16.3500,16.9300,16.7100,7446685,124213557.8500
2020-09-09,sz.300438,16.7200,16.9200,16.2100,16.3200,16.9300,6567350,108647086.5100
2020-09-10,sz.300438,16.5000,16.5600,15.1100,15.3100,16.3200,9841831,155224993.0700
2020-09-11,sz.300438,15.3300,16.8900,15.2600,16.3800,15.3100,10931967,177524552.6500
2020-09-14,sz.300438,16.9100,17.5200,16.5700,16.9800,16.3800,16732668,285181979.7900
2020-09-15,sz.300438,16.8200,17.3900,16.3500,16.5300,16.9800,13700297,228127490.3000
2020-09-16,sz.300438,16.4200,17.8200,16.0700,17.4000,16.5300,21714218,368007991.4400
2020-09-17,sz.300438,17.1800,18.0000,17.0300,18.0000,17.4000,21102636,371872062.6100
2020-09-18,sz.300438,17.7600,18.5800,17.5500,18.5600,18.0000,22489637,409454869.7900
2020-09-21,sz.300438,18.3800,18.8800,17.9400,18.4700,18.5600,19462684,357456545.0100
2020-09-22,sz.300438,18.3000,18.4000,17.5000,17.5700,18.4700,15352176,274477528.3900
2020-09-23,sz.300438,17.6100,18.2000,17.5100,17.7700,17.5700,10528364,187385459.3400
2020-09-24,sz.300438,17.4000,17.4500,17.0100,17.1300,17.7700,8984423,154364967.4200
2020-09-25,sz.300438,17.1700,17.3300,16.6000,16.6700,17.1300,6697793,112948431.6900
2020-09-28,sz.300438,16.7500,16.8500,16.2900,16.6500,16.6700,4774252,79224433.4200
2020-09-29,sz.300438,16.8500,17.1800,16.8100,16.9000,16.6500,4905479,83314347.1700
2020-09-30,sz.300438,16.9500,17.2000,16.6400,16.8000,16.9000,5162950,87674697.5000
2020-10-09,sz.300438,17.2500,18.0600,17.2000,17.9400,16.8000,11764179,208431180.4400
2020-10-12,sz.300438,18.3600,18.6600,18.0200,18.3600,17.9400,15431187,282847175.6900
2020-10-13,sz.300438,18.3700,19.8500,18.2300,19.2500,18.3600,24130926,461316613.8000
2020-10-14,sz.300438,19.9700,20.8800,19.2500,19.5800,19.2500,38511653,769503257.9000
2020-10-15,sz.300438,20.5000,20.8800,19.5800,19.6500,19.5800,34541882,696211279.5100
2020-10-16,sz.300438,20.2900,20.5800,18.7000,19.6000,19.6500,32766549,634901182.6000
2020-10-19,sz.300438,19.5000,19.5000,18.7000,18.7400,19.6000,20412876,387201569.8700
2020-10-20,sz.300438,18.8000,19.3300,18.5700,19.2700,18.7400,19375416,369365189.2800
2020-10-21,sz.300438,19.4900,20.1800,19.0900,19.2400,19.2700,22750611,446386587.5800
2020-10-22,sz.300438,18.8000,20.3500,18.6000,20.0100,19.2400,25691285,503413191.6300
2020-10-23,sz.300438,20.0100,21.9600,19.8000,20.6000,20.0100,35838621,741556611.7900
2020-10-26,sz.300438,20.5500,21.5600,20.1400,20.7500,20.6000,26546223,552082281.1800
2020-10-27,sz.300438,20.2900,20.5500,19.2500,19.7400,20.7500,23862277,473272439.3600
2020-10-28,sz.300438,19.7200,21.7100,19.4700,21.1800,19.7400,33098271,681905753.9200
2020-10-29,sz.300438,20.5000,20.7500,19.9700,19.9900,21.1800,26983724,548569291.6200
2020-10-30,sz.300438,19.9200,20.6800,19.3100,19.3500,19.9900,24096971,481407420.9500
2020-11-02,sz.300438,19.6000,21.1800,19.3500,20.9000,19.3500,28694010,585759196.1900
2020-11-03,sz.300438,21.5000,21.5200,20.4500,21.4600,20.9000,31356585,660681145.1600
2020-11-04,sz.300438,21.2100,22.8200,20.8600,22.1100,21.4600,33263930,731995828.5000
2020-11-05,sz.300438,22.5100,23.1000,21.8200,22.5000,22.1100,32231091,728807081.8000
2020-11-06,sz.300438,23.0000,23.6000,21.4000,21.6800,22.5000,32226508,721034072.7400
2020-11-09,sz.300438,21.5600,22.3900,21.2000,21.7900,21.6800,26194710,570035446.5200
2020-11-10,sz.300438,21.6200,21.6200,19.6100,20.2600,21.7900,25998521,529093005.9900
2020-11-11,sz.300438,19.8800,20.2600,18.8800,18.9000,20.2600,23040042,449589758.3100
2020-11-12,sz.300438,19.1400,20.1800,19.0600,19.5000,18.9000,19378903,378894089.5000
2020-11-13,sz.300438,19.9900,20.5500,19.7000,20.2800,19.5000,18846802,380927736.8200
2020-11-16,sz.300438,20.0200,20.4600,19.7900,20.0800,20.2800,11534179,231608388.2300
2020-11-17,sz.300438,19.9800,20.4500,19.0800,19.3800,20.0800,14528289,284981674.7300
2020-11-18,sz.300438,19.3000,19.7300,18.8800,19.0600,19.3800,13300406,254666809.8000
2020-11-19,sz.300438,19.2500,19.8000,18.9800,19.4400,19.0600,11133689,216175239.6300
2020-11-20,sz.300438,19.4000,20.1900,19.2000,19.9100,19.4400,14972188,297017941.3800
2020-11-23,sz.300438,21.0800,23.8900,21.0100,23.8900,19.9100,57216956,1314123675.9100
2020-11-24,sz.300438,24.0000,25.2500,23.3000,23.9000,23.8900,71548379,1734315995.1200
2020-11-25,sz.300438,23.4100,24.1800,22.8000,23.8000,23.9000,39425323,931745180.3300
2020-11-26,sz.300438,23.5000,23.6500,22.3000,22.8000,23.8000,33319737,761299505.8000
2020-11-27,sz.300438,23.1500,23.5800,21.8900,22.3700,22.8000,29846057,675401028.3500
2020-11-30,sz.300438,22.3800,22.8800,21.9700,22.2500,22.3700,25168882,564506294.5600
2020-12-01,sz.300438,22.0600,24.1900,21.8500,23.8200,22.2500,40784505,948424512.6700
2020-12-02,sz.300438,23.5100,23.9900,23.0500,23.2500,23.8200,27706257,650591009.7900
2020-12-03,sz.300438,23.5000,23.5000,21.9200,22.0700,23.2500,28282385,631586326.0400
2020-12-04,sz.300438,22.2100,22.5300,21.4200,22.2000,22.0700,21189424,464885485.0300
2020-12-07,sz.300438,22.4700,23.0900,21.9700,22.8400,22.2000,20064826,453336355.4900
2020-12-08,sz.300438,22.8100,23.9700,22.6500,23.1100,22.8400,27077092,633484696.6000
2020-12-09,sz.300438,23.5100,23.7800,22.1100,22.5200,23.1100,24761913,568933082.7900
2020-12-10,sz.300438,22.7200,24.2800,22.7000,23.6400,22.5200,36159638,858710031.2600
2020-12-11,sz.300438,23.2700,24.5700,22.3100,24.5000,23.6400,36091125,836216227.4700
2020-12-14,sz.300438,24.0200,25.3700,23.8500,25.3700,24.5000,38756766,953363068.8100
2020-12-15,sz.300438,24.9900,25.1100,24.3000,24.3700,25.3700,26739761,659266735.1000
2020-12-16,sz.300438,24.6100,26.0900,24.4700,24.5800,24.3700,34455851,867818819.1800
2020-12-17,sz.300438,24.1100,25.9500,24.0700,25.6000,24.5800,32145221,805581803.4500
2020-12-18,sz.300438,25.2900,26.8600,25.0700,26.2700,25.6000,32409942,847095880.5600
2020-12-21,sz.300438,26.5300,27.8300,25.7400,27.4400,26.2700,33352187,896390129.0500
2020-12-22,sz.300438,27.0000,28.5900,26.5000,26.5100,27.4400,35008965,957656670.6800
2020-12-23,sz.300438,26.9800,28.2900,26.1300,26.6800,26.5100,33965124,922753460.0500
2020-12-24,sz.300438,26.7000,26.9000,25.1400,25.2800,26.6800,27962150,725796924.2400
2020-12-25,sz.300438,25.2000,26.3900,24.7300,26.3000,25.2800,24858271,637603843.1500
2020-12-28,sz.300438,26.0100,27.3000,25.2900,27.2800,26.3000,29535164,781410666.1400
2020-12-29,sz.300438,27.8700,28.3600,24.8100,25.2200,27.2800,34722197,920965281.8600
2020-12-30,sz.300438,25.1200,26.5800,25.1200,26.0700,25.2200,26406208,686030130.0900
2020-12-31,sz.300438,26.0000,27.1700,25.9800,26.2800,26.0700,22901204,606594007.7500
2021-01-04,sz.300438,26.0900,27.8300,25.5800,27.3300,26.2800,31801156,855315495.6400
2021-01-05,sz.300438,27.1600,27.1600,25.8500,26.4600,27.3300,28898538,767511917.1300
2021-01-06,sz.300438,26.4600,27.1800,24.9800,25.2000,26.4600,24899838,640318019.0100
2021-01-07,sz.300438,24.8400,25.1200,24.0900,24.1200,25.2000,24666931,604484204.3500
2021-01-08,sz.300438,24.3300,24.4900,22.9100,23.0600,24.1200,20222539,469088697.7300
2021-01-11,sz.300438,23.4200,23.5800,21.5500,21.6300,23.0600,24081222,534665190.9100
2021-01-12,sz.300438,21.4100,22.2500,21.0900,22.1500,21.6300,18542890,403089292.5100
2021-01-13,sz.300438,21.9000,21.9400,20.6000,20.8200,22.1500,23675358,501573804.7800
2021-01-14,sz.300438,20.9100,21.2500,20.0100,20.4800,20.8200,15914012,327392332.5200
2021-01-15,sz.300438,20.5100,22.5600,20.1100,22.4100,20.4800,26839978,573467749.9800
2021-01-18,sz.300438,22.4700,23.9400,21.8800,23.0600,22.4100,30592127,705225936.8200
2021-01-19,sz.300438,22.0100,22.7300,21.7900,21.9200,23.0600,20194423,447364521.9400
2021-01-20,sz.300438,22.3600,23.3300,22.0900,22.6100,21.9200,21416120,488796884.3300
2021-01-21,sz.300438,22.6300,22.9600,21.8700,22.4400,22.6100,17797278,398926624.1800
2021-01-22,sz.300438,22.4400,23.2800,21.9200,23.0000,22.4400,19938074,451951103.5400
2021-01-25,sz.300438,23.0000,23.8700,22.7800,23.2000,23.0000,21430302,501722733.8400
2021-01-26,sz.300438,22.9400,22.9600,21.7000,22.4000,23.2000,16469321,367660181.9300
2021-01-27,sz.300438,22.2000,23.1800,21.2100,22.9400,22.4000,16693573,371654093.3600
2021-01-28,sz.300438,22.3200,22.6200,21.1800,21.2100,22.9400,13476649,294767723.7100
2021-01-29,sz.300438,21.4600,21.6400,20.1300,20.8000,21.2100,11877549,248013018.0500
2021-02-01,sz.300438,19.4000,20.2800,19.2500,19.9800,20.8000,15468796,307453309.6700
2021-02-02,sz.300438,20.0100,20.9500,19.6400,20.7400,19.9800,11766455,239933201.4400
2021-02-03,sz.300438,20.9400,21.2400,20.1000,20.2700,20.7400,9719026,200162447.5000
2021-02-04,sz.300438,20.1000,20.2100,18.9000,19.1500,20.2700,12181260,236406455.0200
2021-02-05,sz.300438,19.4000,19.8900,19.0100,19.1500,19.1500,7978835,154850997.2500
2021-02-08,sz.300438,19.3100,19.6100,18.3000,19.2000,19.1500,7686455,146851078.9000
2021-02-09,sz.300438,19.2400,19.9000,19.0400,19.6200,19.2000,8295192,162432683.9700
2021-02-10,sz.300438,19.7300,19.9700,19.3000,19.7400,19.6200,6369524,125262791.2300
2021-02-18,sz.300438,20.1300,20.4600,19.1500,19.1800,19.7400,13409250,263075052.0600
2021-02-19,sz.300438,19.1500,19.5700,18.8000,19.5600,19.1800,9236305,177201523.8000
2021-02-22,sz.300438,19.5900,20.1800,19.5000,19.6500,19.5600,13956950,275769125.8200
2021-02-23,sz.300438,19.4500,19.5200,18.6600,18.6900,19.6500,11751907,221952939.5900
2021-02-24,sz.300438,18.6800,18.9100,17.9500,18.0600,18.6900,9984414,183945518.1100
2021-02-25,sz.300438,18.2800,18.3600,17.4600,17.5800,18.0600,8899266,158845484.8500
2021-02-26,sz.300438,17.1400,17.6700,17.0500,17.4000,17.5800,6602755,114915155.4400
2021-03-01,sz.300438,17.5700,17.9800,17.5700,17.8600,17.4000,6905809,122907728.0600
2021-03-02,sz.300438,17.8600,18.0800,17.4100,17.5100,17.8600,6858842,120714731.4800
2021-03-03,sz.300438,17.4900,17.9800,17.2700,17.9800,17.5100,8534154,151008686.2800
2021-03-04,sz.300438,17.7800,17.8600,17.3100,17.3600,17.9800,7274654,127775873.9100
2021-03-05,sz.300438,17.1500,17.9500,17.1500,17.7300,17.3600,6847138,121035060.4600
2021-03-08,sz.300438,17.7600,18.1400,17.3500,17.4000,17.7300,6903895,122550311.9000
2021-03-09,sz.300438,17.2800,17.4000,16.3100,16.8100,17.4000,9518800,161583787.8900
2021-03-10,sz.300438,17.2800,17.3800,16.6700,16.6700,16.8100,6035125,102447168.7200
2021-03-11,sz.300438,16.6100,16.9500,16.3300,16.6800,16.6700,11879193,197413295.4200
2021-03-12,sz.300438,16.6900,16.8900,16.1200,16.3500,16.6800,10500000,172154146.3000
2021-03-15,sz.300438,16.3500,16.3900,15.6000,15.7800,16.3500,10914995,174098024.7200
2021-03-16,sz.300438,15.7300,16.0800,15.3800,15.5400,15.7800,9233494,144968987.8200
2021-03-17,sz.300438,15.5300,16.0800,15.2900,15.9100,15.5400,9543899,150675483.5600
2021-03-18,sz.300438,15.9100,16.4800,15.8200,16.1400,15.9100,9646653,156222654.1200
2021-03-19,sz.300438,16.0000,16.1400,15.7000,15.9000,16.1400,6972300,111108001.0000
2021-03-22,sz.300438,16.2000,16.6600,15.9500,16.4400,15.9000,8941629,146252168.4600
2021-03-23,sz.300438,16.3700,16.3700,15.6500,15.8000,16.4400,8431434,134357459.2700
2021-03-24,sz.300438,15.6900,15.9500,15.4200,15.5800,15.8000,5786162,90824666.4500
2021-03-25,sz.300438,15.5900,15.9500,15.4900,15.7500,15.5800,5032254,79125555.6900
2021-03-26,sz.300438,15.7500,16.3000,15.6900,16.1700,15.7500,7575090,122105519.7800
2021-03-29,sz.300438,16.2500,16.3300,15.9300,15.9700,16.1700,5663879,91178079.5300
2021-03-30,sz.300438,16.0400,16.1200,15.7800,16.0600,15.9700,6264155,99993374.7400
2021-03-31,sz.300438,16.0900,16.3500,15.7000,15.8100,16.0600,6812912,108477353.8800
2021-04-01,sz.300438,15.7800,15.9800,15.5800,15.9300,15.8100,6227113,98412891.5000
2021-04-02,sz.300438,16.1200,16.7300,16.0000,16.7000,15.9300,14342833,236768847.7300
2021-04-06,sz.300438,16.6300,16.7200,16.4200,16.5000,16.7000,7845500,129806666.0000
2021-04-07,sz.300438,16.5500,17.2900,16.2300,17.0100,16.5000,13818703,232772719.6900
2021-04-08,sz.300438,17.0000,17.4100,16.8000,17.3900,17.0100,12576754,215253707.3000
2021-04-09,sz.300438,17.1000,17.6200,16.9000,17.3000,17.3900,12222580,211409542.5400
2021-04-12,sz.300438,17.2600,17.2600,16.6100,16.8500,17.3000,9530630,160545432.9900
2021-04-13,sz.300438,16.8500,16.9700,16.3800,16.5300,16.8500,6991082,116108493.8300
2021-04-14,sz.300438,16.4500,17.2500,16.4300,17.1400,16.5300,8470591,143361042.0300
2021-04-15,sz.300438,17.0500,17.1400,16.8300,17.0400,17.1400,4816079,81774137.8900
2021-04-16,sz.300438,17.0800,18.5300,17.0200,18.2600,17.0400,21654567,387677608.0500
2021-04-19,sz.300438,18.5600,19.3400,18.5300,19.1900,18.2600,28441031,538087390.5900
2021-04-20,sz.300438,18.8500,19.1300,18.4500,18.7400,19.1900,16935337,317823195.0100
2021-04-21,sz.300438,18.7200,18.9500,18.2300,18.3600,18.7400,11090952,205824003.0800
2021-04-22,sz.300438,18.9000,19.3200,18.3500,18.6700,18.3600,11968456,224300350.4900
2021-04-23,sz.300438,18.4000,18.5000,18.0100,18.3800,18.6700,11195125,204430147.5600
2021-04-26,sz.300438,18.2000,19.2000,18.0500,18.3500,18.3800,12118011,226194331.4900
2021-04-27,sz.300438,18.1500,18.4500,17.4700,18.2800,18.3500,10156163,182019660.4700
2021-04-28,sz.300438,18.0000,18.1500,17.4600,17.9600,18.2800,11031581,196491056.7000
2021-04-29,sz.300438,17.9000,18.1000,17.0800,17.1400,17.9600,12787435,224207371.3200
2021-04-30,sz.300438,17.2100,17.6600,17.0600,17.2300,17.1400,8903189,154284829.7900
2021-05-06,sz.300438,17.4100,17.8700,17.1800,17.4100,17.2300,7326397,128165253.9200
2021-05-07,sz.300438,17.4200,17.5400,16.7600,16.9100,17.4100,8855750,151774269.5000
2021-05-10,sz.300438,16.8100,17.4900,16.5500,17.4800,16.9100,9202720,157131713.1300
2021-05-11,sz.300438,17.2800,17.2800,16.5400,16.7800,17.4800,9532382,160241067.8800
2021-05-12,sz.300438,16.6600,17.1500,16.5800,16.8500,16.7800,6967600,117427946.8900
2021-05-13,sz.300438,16.6600,16.7100,16.4200,16.5000,16.8500,7330548,121124312.5200
2021-05-14,sz.300438,16.5000,16.8800,16.3800,16.7700,16.5000,7286209,121500889.4900
2021-05-17,sz.300438,16.7800,17.4900,16.7300,17.3500,16.7700,11190224,193129721.7400
2021-05-18,sz.300438,17.2300,18.0200,17.0300,17.7500,17.3500,12956423,229883010.5900
2021-05-19,sz.300438,17.7400,18.6400,17.6600,18.3200,17.7500,14262150,259100845.5000
2021-05-20,sz.300438,18.4000,18.6000,17.9500,18.2400,18.3200,12960620,237176647.9400
2021-05-21,sz.300438,18.3300,18.6100,18.0900,18.1800,18.2400,8892090,162570920.0000
2021-05-24,sz.300438,18.0000,18.5800,17.9800,18.1000,18.1800,9575755,174874402.0000
2021-05-25,sz.300438,18.1500,18.4500,17.9000,18.0600,18.1000,10348614,187826015.0000
2021-05-26,sz.300438,18.2300,18.6200,17.9500,18.2800,18.0600,9513685,174325433.7000
2021-05-27,sz.300438,18.2000,19.2800,18.2000,18.8300,18.2800,14784565,278964673.0100
2021-05-28,sz.300438,18.8400,21.9000,18.8400,20.3800,18.8300,32805015,674205953.0500
2021-05-31,sz.300438,20.7300,21.7100,20.6000,21.1100,20.3800,25022052,527307131.7700
2021-06-01,sz.300438,20.8000,22.1200,20.7200,21.9900,21.1100,25118770,543239245.1900
2021-06-02,sz.300438,21.8000,23.3000,21.3900,22.7300,21.8900,27898173,621844233.8800
2021-06-03,sz.300438,22.3700,22.6500,21.6700,21.8600,22.7300,20031207,442111836.8000
2021-06-04,sz.300438,21.7200,25.0000,21.6300,23.8400,21.8600,34864671,813420047.7400
2021-06-07,sz.300438,24.3100,24.8000,23.4600,24.1000,23.8400,23645097,568309160.3600
2021-06-08,sz.300438,24.4000,25.2300,23.4000,23.5000,24.1000,22939971,556615707.7300
2021-06-09,sz.300438,23.4600,24.3000,23.1400,23.3000,23.5000,17844859,420977282.9100
2021-06-10,sz.300438,23.4000,24.1000,22.9000,23.5000,23.3000,16604792,390032188.8300
2021-06-11,sz.300438,23.1600,23.3100,21.7300,22.0500,23.5000,24437966,544906901.2800
2021-06-15,sz.300438,22.3200,22.8100,22.0000,22.1400,22.0500,12056532,269658472.8900
2021-06-16,sz.300438,22.0000,22.1800,20.9500,21.0100,22.1400,16469736,351756660.1800
2021-06-17,sz.300438,21.1000,21.7800,21.1000,21.4800,21.0100,11932850,255858012.0100
2021-06-18,sz.300438,21.5700,22.8000,21.3400,22.2400,21.4800,17836400,395343397.0000
2021-06-21,sz.300438,22.1800,22.6600,21.7800,22.0600,22.2400,14198025,315727897.5000
2021-06-22,sz.300438,22.1300,22.1700,21.3200,21.7000,22.0600,12589622,272400239.1800
2021-06-23,sz.300438,21.7000,22.9900,21.5000,22.7800,21.7000,18801291,422705179.8900
2021-06-24,sz.300438,22.7000,23.1600,21.9600,22.3400,22.7800,16309124,366278951.5300
2021-06-25,sz.300438,22.2600,22.6700,21.8700,22.3800,22.3400,11431340,254815220.2400
2021-06-28,sz.300438,22.3700,23.3100,22.1400,22.7200,22.3800,14689676,336407229.5800
2021-06-29,sz.300438,23.1300,23.6800,22.6100,22.8500,22.7200,13719554,316206691.3100
2021-06-30,sz.300438,22.6400,23.3300,22.0000,22.9000,22.8500,13502347,306195990.7900
2021-07-01,sz.300438,22.7700,22.9300,21.4300,21.4400,22.9000,15034949,331817555.8600
2021-07-02,sz.300438,21.0600,22.8800,21.0600,22.3400,21.4400,18053798,402357801.5400
2021-07-05,sz.300438,22.4500,24.1000,22.4500,23.5900,22.3400,17761067,415989527.8200
2021-07-06,sz.300438,23.4600,24.6300,23.2400,23.8900,23.5900,20051712,480275483.9300
2021-07-07,sz.300438,23.7100,25.5500,23.1000,25.4000,23.8900,30182756,743914067.0700
2021-07-08,sz.300438,25.4300,26.2900,24.8900,24.9300,25.4000,23587483,599439549.8400
2021-07-09,sz.300438,24.9000,28.7700,24.8200,27.2700,24.9300,39000799,1046673355.7400
2021-07-12,sz.300438,27.8200,28.7300,27.0000,27.4600,27.2700,31441513,871025624.5600
2021-07-13,sz.300438,27.4700,29.4500,27.4700,28.7800,27.4600,31529610,895509717.2100
2021-07-14,sz.300438,28.2400,28.2700,26.1700,26.8300,28.7800,33539442,910346088.6400
2021-07-15,sz.300438,26.1600,27.3000,26.0200,26.8800,26.8300,22008032,587445387.6800
2021-07-16,sz.300438,26.8500,28.2000,26.4500,27.0500,26.8800,21617077,595396369.0300
2021-07-19,sz.300438,26.6000,28.0300,26.2200,26.3600,27.0500,20480157,554234600.8200
2021-07-20,sz.300438,25.6000,27.5000,25.0500,27.1300,26.3600,16498000,443952670.9400
2021-07-21,sz.300438,27.4600,27.9000,27.0700,27.7000,27.1300,18399732,506703101.7500
2021-07-22,sz.300438,28.4100,28.5900,26.8800,27.7000,27.7000,19706902,543161808.4400
2021-07-23,sz.300438,27.5200,32.8800,26.6200,29.7900,27.7000,46349382,1373879265.5900
2021-07-26,sz.300438,30.7100,31.9000,29.8000,31.1100,29.7900,42373786,1302637108.2300
2021-07-27,sz.300438,30.9400,30.9400,27.8800,28.2500,31.1100,35873073,1059910970.4900
2021-07-28,sz.300438,27.0400,30.4700,26.6000,29.8300,28.2500,37451679,1084430471.6700
2021-07-29,sz.300438,31.0000,34.3800,30.0100,34.3800,29.8300,51209692,1636502165.2400
2021-07-30,sz.300438,35.0200,38.5000,35.0200,35.2900,34.3800,54420352,1990138480.4500
2021-08-02,sz.300438,35.0100,38.5800,33.6600,37.4000,35.2900,50960429,1858175340.1800
2021-08-03,sz.300438,36.0000,36.0000,32.6400,32.9600,37.4000,44062047,1519012381.6100
2021-08-04,sz.300438,33.2400,35.2100,33.2400,34.8000,32.9600,32229262,1112959852.0200
2021-08-05,sz.300438,33.9400,34.0000,31.3900,33.0400,34.8000,29870788,981004927.1100
2021-08-06,sz.300438,33.8200,35.1800,33.2100,33.4400,33.0400,34684565,1180652623.0200
2021-08-09,sz.300438,32.9900,33.1800,30.8800,31.9000,33.4400,27632885,874389172.0600
2021-08-10,sz.300438,31.8900,33.1500,31.0100,32.6600,31.9000,29166276,942769097.7600
2021-08-11,sz.300438,32.7200,37.1500,32.0000,35.5100,32.6600,48673954,1686141886.0500
2021-08-12,sz.300438,34.8000,35.4800,33.5000,34.8000,35.5100,31323490,1082316684.0300
2021-08-13,sz.300438,34.1800,37.0900,34.0600,35.6700,34.8000,38430040,1379158338.8100
2021-08-16,sz.300438,35.9100,36.2800,33.0100,33.3500,35.6700,29851540,1014998082.1500
2021-08-17,sz.300438,32.8700,34.0000,31.5000,31.8100,33.3500,23116800,755730101.0300
2021-08-18,sz.300438,31.8100,32.7500,30.0300,30.8300,31.8100,23765433,740202708.5500
2021-08-19,sz.300438,30.3700,31.7900,29.6300,30.8300,30.8300,21880191,671620367.0000
2021-08-20,sz.300438,30.5800,31.2000,29.6700,30.0400,30.8300,17318957,524285661.7400
2021-08-23,sz.300438,30.3100,31.3900,30.0900,31.2000,30.0400,18115959,558666914.0500
2021-08-24,sz.300438,30.8900,31.8700,30.0000,31.3100,31.2000,20402599,635878069.1800
2021-08-25,sz.300438,31.0000,31.1300,30.2000,30.9200,31.3100,16417685,503348222.3500
2021-08-26,sz.300438,33.9500,35.5000,31.9100,32.1400,30.9200,36621257,1223395304.3800
2021-08-27,sz.300438,31.9000,33.0000,30.1300,32.7800,32.1400,29924138,947577908.9400
2021-08-30,sz.300438,32.0000,33.8300,31.0700,33.4100,32.7800,29392403,962694882.0200
2021-08-31,sz.300438,33.9500,34.5100,32.5100,34.1200,33.4100,28075510,948156139.4400
2021-09-01,sz.300438,34.3200,35.3500,31.5000,31.5000,34.1200,28445149,946528771.2500
2021-09-02,sz.300438,31.3400,32.3000,30.6200,31.0200,31.5000,16685003,524694182.8100
2021-09-03,sz.300438,30.8100,31.6000,29.0100,29.1100,31.0200,21537205,646731636.9800
2021-09-06,sz.300438,29.4800,29.8300,28.3000,29.6700,29.1100,14386170,419748008.2900
2021-09-07,sz.300438,29.3400,31.1000,29.1800,30.6400,29.6700,16295059,496158397.9500
2021-09-08,sz.300438,30.7800,30.9300,29.7900,29.8800,30.6400,14181050,428450652.4900
2021-09-09,sz.300438,29.7100,30.2400,29.0300,29.3600,29.8800,10573165,312242402.6500
2021-09-10,sz.300438,29.1600,29.5500,28.0000,29.5000,29.3600,15749467,453266057.3400
2021-09-13,sz.300438,29.0500,29.4900,28.1000,28.1000,29.5000,12973378,370410095.3700
2021-09-14,sz.300438,28.0100,30.0100,27.9800,29.4900,28.1000,19412940,568420729.2500
2021-09-15,sz.300438,29.4000,29.6700,28.8000,29.0900,29.4900,11176083,325571032.9000
2021-09-16,sz.300438,29.0300,29.0900,26.7600,26.7800,29.0900,16922169,469009748.9600
2021-09-17,sz.300438,26.9600,27.3800,25.9600,26.9000,26.7800,12099490,324351358.8900
2021-09-22,sz.300438,26.1200,26.8300,26.0500,26.3500,26.9000,8577599,226668005.1500
2021-09-23,sz.300438,26.8600,26.9300,26.1200,26.2600,26.3500,9107828,241322353.7200
2021-09-24,sz.300438,26.3900,27.1200,25.7200,26.4700,26.2600,9911766,262354454.7600
2021-09-27,sz.300438,26.9900,27.8000,25.8500,26.7200,26.4700,13555267,365813326.9100
2021-09-28,sz.300438,26.6100,26.7900,25.3500,25.4400,26.7200,9880007,256498923.9300
2021-09-29,sz.300438,25.3500,27.4500,25.0300,26.3600,25.4400,16612632,441502508.6900
2021-09-30,sz.300438,26.6000,27.6000,26.3000,27.4000,26.3600,12894462,349450516.4800
2021-10-08,sz.300438,27.6000,27.8500,26.5000,27.2000,27.4000,10567407,286734017.4600
2021-10-11,sz.300438,27.2900,27.8500,26.3200,27.5000,27.2000,9091515,248490664.8000
2021-10-12,sz.300438,27.5700,27.6000,26.0100,26.2500,27.5000,7470111,198661908.3000
2021-10-13,sz.300438,26.6000,28.0700,26.3600,28.0000,26.2500,13184145,362244935.7000
2021-10-14,sz.300438,27.9000,28.5600,27.4500,28.2400,28.0000,9624150,270004582.1000
2021-10-15,sz.300438,28.0800,29.6400,27.8800,29.1300,28.2400,13049541,378550973.7300
2021-10-18,sz.300438,29.3000,30.3200,29.1900,29.7100,29.1300,12920438,385755731.6700
2021-10-19,sz.300438,29.3700,32.6800,29.3400,31.0400,29.7100,20854184,654401000.9500
2021-10-20,sz.300438,30.3200,31.6000,30.2400,30.8400,31.0400,15618258,485152407.9500
2021-10-21,sz.300438,30.7800,33.2700,30.6800,32.1000,30.8400,21094213,679281905.5000
2021-10-22,sz.300438,32.1000,32.1000,32.1000,32.1000,32.1000,0,0.0000
2021-10-25,sz.300438,32.1000,32.1000,32.1000,32.1000,32.1000,0,0.0000
2021-10-26,sz.300438,32.1000,32.1000,32.1000,32.1000,32.1000,0,0.0000
2021-10-27,sz.300438,32.1000,32.1000,32.1000,32.1000,32.1000,0,0.0000
2021-10-28,sz.300438,32.6600,32.6600,28.1000,30.9000,32.1000,32275794,959811967.8800
2021-10-29,sz.300438,29.7000,30.6900,28.5200,29.7400,30.9000,16692746,493563280.5000
2021-11-01,sz.300438,29.3800,34.2900,29.1300,33.6200,29.7400,32145641,1043185488.0600
2021-11-02,sz.300438,33.4900,34.3000,32.3000,33.8000,33.6200,24854836,829181567.1700
2021-11-03,sz.300438,33.2100,38.0000,32.0000,37.2600,33.8000,42070312,1478987725.2600
2021-11-04,sz.300438,36.7900,38.8600,36.7700,37.1900,37.2600,33951247,1283525710.3000
2021-11-05,sz.300438,37.1600,38.1100,36.1900,37.1800,37.1900,20744319,768041964.3900
2021-11-08,sz.300438,37.0000,41.5800,36.8100,39.2800,37.1800,28646823,1125191474.3300
2021-11-09,sz.300438,39.2800,39.7700,37.8700,38.6600,39.2800,18520153,713850522.7800
2021-11-10,sz.300438,38.5400,40.3200,37.8800,39.1000,38.6600,18748042,732135277.2200
2021-11-11,sz.300438,39.7000,41.3200,38.3800,39.0000,39.1000,18873140,751974444.2100
2021-11-12,sz.300438,38.5000,45.4500,38.2900,44.1000,39.0000,35846646,1509555680.5300
2021-11-15,sz.300438,43.9900,47.4000,43.2000,44.5900,44.1000,33988290,1539199683.6100
2021-11-16,sz.300438,43.5100,44.9700,43.0100,43.5000,44.5900,17314999,758796251.2900
2021-11-17,sz.300438,43.9600,52.2000,43.0300,52.2000,43.5000,35142563,1706025665.4500
2021-11-18,sz.300438,54.9000,58.5000,53.0000,56.0000,52.2000,40356383,2231050868.8700
2021-11-19,sz.300438,54.8600,55.6900,51.0100,53.1100,56.0000,34918994,1859662903.9600
2021-11-22,sz.300438,53.1900,55.4900,52.5400,54.3800,53.1100,28661699,1546555389.0500
2021-11-23,sz.300438,53.8500,54.3600,51.1100,52.7800,54.3800,27960290,1469959772.1500
2021-11-24,sz.300438,53.3400,56.0700,49.9000,50.4800,52.7800,34877693,1824202398.2200
2021-11-25,sz.300438,50.0200,50.3600,47.5000,47.9400,50.4800,29202934,1414134283.7200
2021-11-26,sz.300438,48.2300,52.0900,48.2300,51.2500,47.9400,27604691,1394715169.3900
2021-11-29,sz.300438,50.5000,61.5000,50.5000,61.5000,51.2500,30912846,1798346051.8900
2021-11-30,sz.300438,64.0000,64.4900,60.5000,60.5900,61.5000,34847158,2162174111.9400
2021-12-01,sz.300438,63.1700,63.4900,56.9900,58.3800,60.5900,25530553,1510217803.0500
2021-12-02,sz.300438,58.8700,60.1800,57.2200,58.8800,58.3800,21831285,1277806152.2700
2021-12-03,sz.300438,58.5400,64.3000,58.0700,62.5000,58.8800,27659653,1702083942.1700
2021-12-06,sz.300438,60.0000,61.6000,56.2100,56.7000,62.5000,29170918,1692453352.1900
2021-12-07,sz.300438,55.5000,56.8000,52.9000,55.5000,56.7000,24029868,1312645925.9600
2021-12-08,sz.300438,56.0000,58.3900,54.1400,58.0500,55.5000,19641228,1125902511.1100
2021-12-09,sz.300438,57.0000,57.7700,54.6400,55.8000,58.0500,16693386,934591393.4000
2021-12-10,sz.300438,55.0800,56.8300,55.0000,56.2000,55.8000,14374855,804607109.7300
2021-12-13,sz.300438,55.5800,57.6700,52.9100,57.5200,56.2000,16887631,936871947.3000
2021-12-14,sz.300438,56.5000,56.5200,53.0800,53.6000,57.5200,16730779,905583426.3700
2021-12-15,sz.300438,53.5300,54.2500,52.9500,53.8000,53.6000,8856231,473915892.1200
2021-12-16,sz.300438,54.1900,54.3000,52.1000,53.1900,53.8000,13254543,699101452.0000
2021-12-17,sz.300438,53.2500,54.3000,50.8700,51.0000,53.1900,12262062,640288337.9500
2021-12-20,sz.300438,50.2100,52.6700,49.2000,49.6000,51.0000,12710623,643573519.3600
2021-12-21,sz.300438,50.5000,50.5400,49.2000,49.9600,49.6000,7699607,384407495.4400
2021-12-22,sz.300438,50.8800,50.8800,49.5000,50.1000,49.9600,8118273,406431798.0800
2021-12-23,sz.300438,50.5000,50.8500,48.0300,48.3100,50.1000,14453047,709958412.1700
2021-12-24,sz.300438,48.1000,48.5000,45.0000,45.3800,48.3100,14877050,686772677.2900
2021-12-27,sz.300438,46.0000,47.5000,44.2700,47.1200,45.3800,14691250,677293667.8700
2021-12-28,sz.300438,46.8600,49.5100,46.8600,48.6900,47.1200,13887492,674158526.3100
2021-12-29,sz.300438,48.0300,48.8500,47.2900,47.5500,48.6900,8881219,425142866.5200
2021-12-30,sz.300438,47.9400,48.2500,46.6400,46.8800,47.5500,8484602,399870351.2700
2021-12-31,sz.300438,47.5000,48.3000,46.7900,47.2400,46.8800,7736584,367557145.4100
2022-01-04,sz.300438,48.0600,49.9800,46.0500,47.3000,47.2400,17137085,820835225.8100
2022-01-05,sz.300438,47.3000,47.5000,44.1500,44.3100,47.3000,11487906,519520591.7800
2022-01-06,sz.300438,44.3100,44.6900,41.6000,41.9100,44.3100,23123522,982280813.4200
2022-01-07,sz.300438,41.9100,42.4800,40.2700,40.6000,41.9100,13697546,561361665.1400
2022-01-10,sz.300438,40.2900,41.2800,39.9900,40.2300,40.6000,8374586,338662407.0000
2022-01-11,sz.300438,40.1300,40.5600,38.5500,39.0500,40.2300,10165789,399423899.8300
2022-01-12,sz.300438,40.7000,41.6500,39.6600,41.2600,39.0500,17629061,717637731.2200
2022-01-13,sz.300438,41.0500,41.7000,39.3600,40.1700,41.2600,12765262,517197833.2600
2022-01-14,sz.300438,40.1800,43.8000,39.5200,42.3500,40.1700,16528448,700276211.6200
2022-01-17,sz.300438,41.3800,44.7600,41.2500,44.4400,42.3500,17401853,758761285.0200
2022-01-18,sz.300438,44.3300,45.8500,43.5200,44.7000,44.4400,15221453,681850711.8400
2022-01-19,sz.300438,44.6000,44.9200,42.5700,43.0000,44.7000,12220227,531831430.5300
2022-01-20,sz.300438,43.0200,43.4700,40.8000,41.0800,43.0000,11464458,478417268.5600
2022-01-21,sz.300438,41.0700,42.3000,40.2000,41.4700,41.0800,7054926,293173050.5100
2022-01-24,sz.300438,41.1500,45.5700,41.0000,44.7600,41.4700,17005763,739723032.4200
2022-01-25,sz.300438,45.0100,45.5400,41.8600,41.9400,44.7600,11671803,508033014.3800
2022-01-26,sz.300438,42.8500,44.3700,42.2000,44.0100,41.9400,12803718,557881529.1800
2022-01-27,sz.300438,44.0000,44.8800,41.5100,41.7400,44.0100,10123518,437415338.7300
2022-01-28,sz.300438,42.1000,42.9600,38.8600,39.3200,41.7400,11843174,475702510.2600
2022-02-07,sz.300438,40.5900,41.7500,39.7100,40.0400,39.3200,8705518,352794816.5500
2022-02-08,sz.300438,39.5500,39.9800,36.8000,37.0800,40.0400,11817285,442664155.4800
2022-02-09,sz.300438,37.0800,37.7000,35.6600,37.5700,37.0800,12160042,445785761.3600
2022-02-10,sz.300438,37.4000,37.7300,35.6000,36.1400,37.5700,8198392,297472802.5600
2022-02-11,sz.300438,35.9900,37.4200,35.4200,35.8100,36.1400,7977612,289554165.3500
2022-02-14,sz.300438,35.2600,36.6900,34.9100,35.8700,35.8100,6498277,234054173.1600
2022-02-15,sz.300438,36.3400,37.9500,35.7000,37.6600,35.8700,10028782,371584559.5400
2022-02-16,sz.300438,37.8100,38.4500,36.7600,38.0500,37.6600,8555267,324078780.4100
2022-02-17,sz.300438,37.8800,43.7500,37.4500,42.8900,38.0500,21167934,879676834.8300
2022-02-18,sz.300438,42.0000,43.1900,41.1800,41.7700,42.8900,13590490,571376302.7800
2022-02-21,sz.300438,41.5900,43.7000,41.3500,43.3000,41.7700,18807158,802254877.5900
2022-02-22,sz.300438,42.6500,44.2000,41.8000,43.9000,43.3000,16546104,714533283.0400
2022-02-23,sz.300438,43.9000,48.3000,43.5000,45.6000,43.9000,26155810,1202875379.4000
2022-02-24,sz.300438,45.0800,47.8500,43.6800,44.8000,45.6000,22775361,1038966459.9800
2022-02-25,sz.300438,45.5000,46.6700,45.1100,45.5400,44.8000,15114895,694225226.8700
2022-02-28,sz.300438,45.0000,46.0800,43.4000,45.6800,45.5400,14044724,628789776.0000
2022-03-01,sz.300438,46.6000,47.1000,44.7300,45.3800,45.6800,10992029,504582112.0000
2022-03-02,sz.300438,45.3800,45.6000,42.0000,43.8500,45.3800,13477060,583116208.0000
2022-03-03,sz.300438,43.8500,44.0000,41.3200,41.7800,43.8500,10649149,449500448.0000
2022-03-04,sz.300438,41.7000,42.6800,40.6700,40.9200,41.7800,9571642,398738176.0000
2022-03-07,sz.300438,41.0000,41.3800,38.6200,39.0700,40.9200,8584309,339198112.0000
2022-03-08,sz.300438,39.4700,40.9000,38.8300,39.4800,39.0700,11964238,477524320.0000
2022-03-09,sz.300438,39.5500,42.1800,39.5500,42.0800,39.4800,17731611,723296528.0000
2022-03-10,sz.300438,44.4900,49.8800,44.0500,46.9100,42.0800,30099610,1415117344.0000
2022-03-11,sz.300438,46.3800,48.2800,45.6500,47.4700,46.9100,23174126,1088198928.0000
2022-03-14,sz.300438,47.4000,49.2000,45.8900,47.9000,47.4700,19095889,918059952.0000
2022-03-15,sz.300438,47.0000,50.9800,46.8200,48.7000,47.9000,17189119,840186640.0000
2022-03-16,sz.300438,50.0300,58.2500,48.5000,54.7400,48.7000,25061569,1312341728.0000
2022-03-17,sz.300438,54.7400,57.2000,51.9500,52.7100,54.7400,27566714,1499688464.0000
2022-03-18,sz.300438,51.8000,54.4400,50.9200,54.3800,52.7100,17551100,927112705.9500
2022-03-21,sz.300438,53.0100,56.6400,52.8000,55.5400,54.3800,16272733,897693773.6500
2022-03-22,sz.300438,54.8300,55.8600,51.1000,51.7000,55.5400,18946119,999476545.0600
2022-03-23,sz.300438,52.4300,52.5000,49.3900,49.5200,51.7000,17781388,896901725.2700
2022-03-24,sz.300438,48.8800,50.4000,47.8500,49.5500,49.5200,12227921,600189293.5300
2022-03-25,sz.300438,50.0500,52.3000,49.2500,49.6900,49.5500,14397768,727653561.3100
2022-03-28,sz.300438,49.2300,50.2300,47.9000,48.8000,49.6900,8808237,428757517.6500
2022-03-29,sz.300438,49.0600,50.8800,48.5000,49.5800,48.8000,10955311,547118181.2100
2022-03-30,sz.300438,50.4700,54.4900,50.2000,52.7300,49.5800,18336725,963200975.3700
2022-03-31,sz.300438,52.0000,52.0100,46.5000,47.2800,52.7300,19666831,959440732.6800
2022-04-01,sz.300438,46.6100,49.0800,46.0300,47.0000,47.2800,11782068,562274232.0000
2022-04-06,sz.300438,46.7000,46.7400,44.4000,46.2500,47.0000,9571567,434388855.5000
2022-04-07,sz.300438,45.8000,47.4600,45.0600,45.5300,46.2500,8355485,385965646.8700
2022-04-08,sz.300438,45.6800,48.4800,45.5300,46.8500,45.5300,10217255,479116647.6700
2022-04-11,sz.300438,45.2100,45.2100,42.3800,42.5000,46.8500,11935128,515283370.5900
2022-04-12,sz.300438,42.4000,45.3000,42.3800,45.1500,42.5000,11983375,526630670.3300
2022-04-13,sz.300438,44.8700,46.1000,42.8000,42.9100,45.1500,8445028,372945987.4100
2022-04-14,sz.300438,43.7200,44.0000,40.5800,41.3400,42.9100,11511341,480013504.1000
2022-04-15,sz.300438,40.8900,41.0500,38.7200,40.2800,41.3400,12465162,492910035.2500
2022-04-18,sz.300438,39.5000,42.3900,38.2700,42.2600,40.2800,10345178,422619674.8700
2022-04-19,sz.300438,41.8300,44.0000,41.7100,43.0100,42.2600,9744391,419973453.0200
2022-04-20,sz.300438,42.4200,43.2800,39.5000,39.6200,43.0100,9793582,400264295.0500
2022-04-21,sz.300438,39.9500,40.7500,37.5100,37.7500,39.6200,9403719,363965735.1200
2022-04-22,sz.300438,37.4900,38.1000,36.8000,37.0100,37.7500,6892993,257608367.1100
2022-04-25,sz.300438,35.6300,36.9900,34.2000,34.2200,37.0100,9645892,343547509.3900
2022-04-26,sz.300438,34.5600,35.7600,33.5000,33.6000,34.2200,9192826,316788079.7400
2022-04-27,sz.300438,33.1000,38.5900,32.2000,38.1100,33.6000,17556956,625083317.6600
2022-04-28,sz.300438,36.5000,36.5000,30.4900,30.4900,38.1100,36433530,1184216578.6700
2022-04-29,sz.300438,29.4400,31.6000,28.7500,31.3500,30.4900,32209345,967747414.9100
2022-05-05,sz.300438,31.0000,33.1000,30.6500,32.8000,31.3500,22272838,720744636.2600
2022-05-06,sz.300438,31.5700,33.5000,31.0000,32.8000,32.8000,16091871,522303813.6900
2022-05-09,sz.300438,33.0800,35.2500,33.0000,33.9300,32.8000,14844137,507408955.9600
2022-05-10,sz.300438,33.1700,37.1600,33.1000,36.1300,33.9300,16459137,587753630.6400
2022-05-11,sz.300438,36.5800,42.7500,36.5800,40.4500,36.1300,26315586,1055316478.1100
2022-05-12,sz.300438,39.7700,41.0900,39.0100,40.6500,40.4500,15435259,617334736.0100
2022-05-13,sz.300438,40.3200,42.0800,39.9200,41.4000,40.6500,12582862,519245583.6400
2022-05-16,sz.300438,41.0500,42.4500,40.0000,40.8500,41.4000,11935066,491136840.4600
2022-05-17,sz.300438,40.8600,42.9800,40.4000,42.3000,40.8500,12173891,511490544.8100
2022-05-18,sz.300438,41.8500,43.9900,41.8500,42.6100,42.3000,10497544,451565318.2100
2022-05-19,sz.300438,41.9900,45.0000,41.8000,44.6900,42.6100,17375635,760286858.9800
2022-05-20,sz.300438,44.8100,45.3500,43.0800,44.0500,44.6900,12846411,566650964.1400
2022-05-23,sz.300438,43.2000,45.8000,42.9300,45.1100,44.0500,12868060,571585193.3300
2022-05-24,sz.300438,44.5500,45.1800,42.8200,43.0000,45.1100,14052797,621016499.4600
2022-05-25,sz.300438,42.5000,43.8500,40.4400,42.4700,43.0000,16206935,677451085.6100
2022-05-26,sz.300438,42.7800,43.6100,41.3000,42.3900,42.4700,8004284,339763764.5500
2022-05-27,sz.300438,42.7400,44.9600,42.5800,43.2900,42.3900,9725691,424270838.0800
2022-05-30,sz.300438,43.1400,46.8000,43.1400,46.3500,43.2900,15315132,698745957.5400
2022-05-31,sz.300438,46.3100,46.5600,44.6100,45.8100,46.3500,10822198,494057486.4800
2022-06-01,sz.300438,45.8000,49.3000,45.3000,48.5000,45.8100,15577634,744783354.0300
2022-06-02,sz.300438,48.5000,50.1000,47.1900,47.6000,48.5000,12877679,623680063.8300
2022-06-06,sz.300438,47.4500,51.3000,47.4500,50.3800,47.6000,13998308,701184639.9200
2022-06-07,sz.300438,50.0400,52.0000,49.2100,51.8000,50.3800,11148275,562465350.8400
2022-06-08,sz.300438,50.8800,51.7800,48.1700,50.2900,51.7500,12604431,629389792.9700
2022-06-09,sz.300438,49.4400,50.0500,48.0800,48.9900,50.2900,12870254,628424538.5300
2022-06-10,sz.300438,48.5800,52.5000,48.4900,51.8000,48.9900,13214809,671044876.8800
2022-06-13,sz.300438,51.1500,53.5800,50.1200,52.5100,51.8000,12803867,666153444.8800
2022-06-14,sz.300438,51.6600,52.3100,48.9800,50.9700,52.5100,10949054,552417459.6300
2022-06-15,sz.300438,50.6200,51.9900,48.1500,49.7400,50.9700,11745454,584945105.5100
2022-06-16,sz.300438,49.4900,52.2500,49.4900,50.6700,49.7400,7809625,396318984.9200
2022-06-17,sz.300438,49.9500,52.4900,49.7000,50.9600,50.6700,9224348,473850808.1500
2022-06-20,sz.300438,51.1500,53.7900,50.5000,53.0500,50.9600,10712225,563197223.9600
2022-06-21,sz.300438,52.2800,56.2100,51.7300,55.0900,53.0500,15328242,833076925.2900
2022-06-22,sz.300438,54.9900,59.8000,54.8000,56.0000,55.0900,18710927,1073460059.5500
2022-06-23,sz.300438,56.0000,62.6200,55.4400,62.5400,56.0000,19107917,1135706324.3000
2022-06-24,sz.300438,62.2900,62.6600,60.1300,61.8000,62.5400,13481021,828946519.8200
2022-06-27,sz.300438,60.6400,62.3800,59.9900,61.0000,61.8000,12163200,740586760.1500
2022-06-28,sz.300438,61.3000,62.3000,57.7000,59.6000,61.0000,14315477,851135734.2500
2022-06-29,sz.300438,59.6000,59.9000,56.6300,57.2700,59.6000,10334838,596338883.2100
2022-06-30,sz.300438,57.5700,62.7200,57.3000,61.4500,57.2700,13569834,813958417.5800
2022-07-01,sz.300438,60.8700,67.2500,60.8700,66.2900,61.4500,15786521,1020571472.8300
2022-07-04,sz.300438,67.0300,72.5000,65.6100,70.5100,66.2900,20954205,1435220227.4200
2022-07-05,sz.300438,70.1900,70.5100,67.2600,68.0000,70.5100,12656530,863198359.6800
2022-07-06,sz.300438,67.4500,69.6900,66.0000,66.5800,68.0000,13443897,906023390.4000
2022-07-07,sz.300438,66.5500,77.8600,66.1000,76.4300,66.5800,20991839,1524977860.7100
2022-07-08,sz.300438,76.6500,77.3000,69.5400,69.9900,76.4300,16343745,1186776859.1500
2022-07-11,sz.300438,70.0000,72.0000,68.0000,71.0200,69.9900,14887509,1038436670.7400
2022-07-12,sz.300438,70.6000,72.8700,67.1200,68.4300,71.0200,15639354,1084022969.2200
2022-07-13,sz.300438,67.9900,73.8800,67.7500,73.0700,68.4300,17499595,1256650752.7900
2022-07-14,sz.300438,72.4800,83.8000,71.7100,81.4900,73.0700,20353949,1607347763.9300
2022-07-15,sz.300438,80.0000,84.3300,80.0000,81.7800,81.4900,12520328,1028917811.9900
2022-07-18,sz.300438,82.6000,87.5100,80.3100,82.1200,81.7800,16483129,1372080526.0400
2022-07-19,sz.300438,82.0000,82.7300,79.0900,81.4000,82.1200,9414597,762249550.9100
2022-07-20,sz.300438,80.3600,85.3600,78.0200,82.6500,81.4000,12329141,1017032667.2900
2022-07-21,sz.300438,81.0500,82.8500,76.2200,77.0200,82.6500,18541828,1462692841.3600
2022-07-22,sz.300438,77.1400,77.6000,73.1900,74.6400,77.0200,18290201,1367938893.8100
2022-07-25,sz.300438,74.0000,74.5700,72.0100,73.3500,74.6400,12846046,938459015.8900
2022-07-26,sz.300438,73.6000,74.8300,70.4100,71.9000,73.3500,11234526,815620906.3600
2022-07-27,sz.300438,73.6500,76.7600,72.2100,76.6200,71.9000,19223827,1437257625.0900
2022-07-28,sz.300438,77.4700,77.6500,73.2200,74.3800,76.6200,16218777,1220883756.0200
2022-07-29,sz.300438,74.1000,77.5400,73.9600,74.6400,74.3800,11153211,840467913.6500
2022-08-01,sz.300438,72.5000,77.9900,72.0000,76.9600,74.6400,14610876,1095452927.0000
2022-08-02,sz.300438,74.7000,76.9000,72.9500,73.6500,76.9600,11845723,882145826.6100
2022-08-03,sz.300438,74.1400,75.8500,70.0000,70.8000,73.6500,10417333,756950591.9700
2022-08-04,sz.300438,70.5100,73.3600,69.0000,70.7300,70.8000,10662553,751712326.3300
2022-08-05,sz.300438,70.7400,73.4500,69.5200,71.4900,70.7300,7382382,526937792.7700
2022-08-08,sz.300438,70.3000,75.0800,70.1700,74.0000,71.4900,9545747,704045115.7100
2022-08-09,sz.300438,73.1000,76.9500,72.0100,73.3200,74.0000,10893122,815813180.1900
2022-08-10,sz.300438,73.5200,73.9900,71.5200,73.2200,73.3200,6329435,462190304.4100
2022-08-11,sz.300438,73.9400,73.9400,67.3200,69.9700,73.2200,13854688,963016588.5500
2022-08-12,sz.300438,69.2400,70.3100,68.4000,68.8600,69.9700,6675502,462265457.5200
2022-08-15,sz.300438,68.8000,75.0000,68.8000,73.0600,68.8600,11830256,863916827.9700
2022-08-16,sz.300438,73.0600,76.8000,72.2200,74.8600,73.0600,9738580,730242692.5600
2022-08-17,sz.300438,74.7500,80.3000,73.3100,79.2300,74.8600,15464724,1206745524.7800
2022-08-18,sz.300438,80.0000,87.8000,79.9000,87.6800,79.2300,19392085,1635221529.3100
2022-08-19,sz.300438,86.0000,87.5000,82.4900,83.1300,87.6800,13827068,1176434513.1200
2022-08-22,sz.300438,82.8000,83.6000,78.8000,80.1500,83.1300,13042697,1049712589.3100
2022-08-23,sz.300438,80.6300,85.5000,80.2600,85.5000,80.1500,12186095,1019009620.1100
2022-08-24,sz.300438,84.6800,86.6900,80.0000,80.3800,85.5000,13661269,1134523485.6600
2022-08-25,sz.300438,80.3800,80.6000,74.4400,76.2000,80.3800,13118669,1000281288.6000
2022-08-26,sz.300438,76.8100,78.0000,74.0100,75.3000,76.2000,9171524,696935126.2400
2022-08-29,sz.300438,73.0000,78.4900,72.9500,76.5100,75.3000,6999200,535050631.4700
2022-08-30,sz.300438,81.0000,91.4400,81.0000,88.8500,76.5100,27188540,2353708788.0000
2022-08-31,sz.300438,89.1200,89.8800,80.9300,82.0000,88.8500,21089654,1771919563.6900
2022-09-01,sz.300438,83.0100,86.6000,79.3300,83.9000,82.0000,14152352,1179344912.9900
2022-09-02,sz.300438,84.2200,85.1000,74.9800,80.0300,83.9000,16899793,1353966060.5000
2022-09-05,sz.300438,80.6900,83.5000,79.0000,82.2000,80.0300,10153916,833109207.0500
2022-09-06,sz.300438,82.4900,90.0700,80.0800,89.6700,82.2000,16336776,1410233705.2000
2022-09-07,sz.300438,89.9800,98.4700,89.5000,94.2100,89.6700,15338107,1442096469.5800
2022-09-08,sz.300438,94.1900,96.8400,92.3200,94.7200,94.2100,12142964,1142762877.0600
2022-09-09,sz.300438,94.3000,95.1500,88.4400,90.6100,94.7200,11449839,1038658925.8200
2022-09-13,sz.300438,90.6200,90.9800,84.6900,87.1800,90.6100,10606349,918943535.6200
2022-09-14,sz.300438,86.9000,89.2800,85.0800,89.2800,87.1800,8485215,743332422.0300
2022-09-15,sz.300438,88.6600,88.7600,74.3900,76.1000,89.2800,22831962,1800032876.3700
2022-09-16,sz.300438,75.3500,77.4500,73.5900,73.9200,76.1000,13223705,993309012.4500
2022-09-19,sz.300438,74.5900,77.0000,74.0000,75.2500,73.9200,8826296,666674998.4100
2022-09-20,sz.300438,75.8000,81.2800,75.8000,79.1800,75.2500,11958879,946942960.0900
2022-09-21,sz.300438,77.4600,81.7900,77.0000,79.6000,79.1800,9853799,786077261.0100
2022-09-22,sz.300438,78.8000,84.6700,78.0600,82.2800,79.6000,10321415,850739604.3100
2022-09-23,sz.300438,83.0900,84.5000,77.8000,78.7500,82.2800,11265849,898365069.4200
2022-09-26,sz.300438,77.1800,85.7500,77.0600,84.7600,78.7500,13619358,1134037164.4200
2022-09-27,sz.300438,86.6800,86.6800,81.4800,83.1100,84.7600,10660956,886564432.0300
2022-09-28,sz.300438,83.0100,84.6800,79.0900,80.5000,83.1100,7519339,608094839.2000
2022-09-29,sz.300438,81.7100,81.9800,73.6800,79.4000,80.5000,14380066,1109573655.3600
2022-09-30,sz.300438,78.5000,80.9800,75.0000,75.1200,79.4000,9727339,751123054.0600
2022-10-10,sz.300438,74.1100,76.7900,72.4000,73.1800,75.1200,8449885,622804831.6000
2022-10-11,sz.300438,73.8100,76.6000,73.3900,75.0100,73.1800,7682432,578194764.5400
2022-10-12,sz.300438,73.6000,75.0000,68.8700,74.7400,75.0100,15694562,1127505282.3600
2022-10-13,sz.300438,73.2600,79.0000,72.6100,76.9800,74.7400,12990150,999121530.9000
2022-10-14,sz.300438,77.7400,78.7900,72.5000,75.4100,76.9800,13631179,1026022542.1200
2022-10-17,sz.300438,74.0000,75.3000,69.6900,70.9300,75.4100,15135022,1080738324.6700
2022-10-18,sz.300438,70.9900,75.2000,69.8000,73.9000,70.9300,17060476,1240306621.6300
2022-10-19,sz.300438,74.0200,82.3500,73.4900,77.6500,73.9000,25092609,1987552039.5900
2022-10-20,sz.300438,77.0000,77.0000,70.4000,71.1200,77.6500,21920361,1578685059.7500
2022-10-21,sz.300438,71.0000,73.7700,69.8000,71.4000,71.1200,14438298,1037771720.5700
2022-10-24,sz.300438,71.3800,71.3800,66.6000,69.1600,71.4000,12281252,848479640.4900
2022-10-25,sz.300438,69.0000,72.5600,68.0000,71.8900,69.1600,12258143,868079337.8100
2022-10-26,sz.300438,71.8900,73.7300,69.3000,73.1500,71.8900,15366016,1110529555.1100
2022-10-27,sz.300438,74.0000,76.5900,68.9400,69.1300,73.1500,18293095,1319604844.4100
2022-10-28,sz.300438,68.0000,68.9400,62.0000,62.6500,69.1300,22255809,1449360062.8900
2022-10-31,sz.300438,62.6300,64.4400,61.0000,62.9200,62.6500,16455851,1031911807.4000
2022-11-01,sz.300438,62.2000,65.5000,62.0800,64.7200,62.9200,13330336,857564917.4100
2022-11-02,sz.300438,64.6000,69.1200,63.8100,68.3500,64.7200,15436541,1033735823.2000
2022-11-03,sz.300438,67.0000,72.1900,66.8000,71.7100,68.3500,18757848,1329606781.0600
2022-11-04,sz.300438,71.3300,76.4100,71.0000,76.0800,71.7100,16243274,1202494791.3300
2022-11-07,sz.300438,75.4500,76.7400,73.4100,73.9400,76.0800,15235763,1137004138.3300
2022-11-08,sz.300438,73.4000,74.5800,70.5700,71.7700,73.9400,15333177,1102565068.5300
2022-11-09,sz.300438,71.7700,72.4100,69.7000,70.1600,71.7700,10244811,724983297.2000
2022-11-10,sz.300438,69.7900,71.1000,68.5000,69.1300,70.1600,8333738,580676357.9900
2022-11-11,sz.300438,71.6000,72.1000,69.2200,70.2300,69.1300,10742973,757943119.3500
2022-11-14,sz.300438,69.4000,70.7300,65.4000,66.0800,70.2300,14522711,969903515.7400
2022-11-15,sz.300438,66.6000,67.5000,65.8800,67.1000,66.0800,11118374,742527107.7500
2022-11-16,sz.300438,66.7900,67.0000,65.3800,65.7100,67.1000,7602644,501852764.7900
2022-11-17,sz.300438,65.1100,65.5700,62.9000,64.1900,65.7100,8856846,563887085.3100
2022-11-18,sz.300438,64.1900,66.4000,62.4400,65.7600,64.1900,10253217,667378346.3600
2022-11-21,sz.300438,63.2100,65.4800,62.4200,63.8100,65.7600,12643789,808593241.9300
2022-11-22,sz.300438,63.4400,63.5000,60.8500,61.2900,63.8100,13507026,833878147.7900
2022-11-23,sz.300438,61.4700,66.2300,61.0800,66.1900,61.2900,18055637,1156973880.8700
2022-11-24,sz.300438,66.2900,78.0000,65.5500,74.2800,66.1900,35579301,2565590876.2700
2022-11-25,sz.300438,72.5100,75.9900,70.1800,70.9100,74.2800,22476649,1627794505.9100
2022-11-28,sz.300438,68.8600,74.9700,68.7000,73.9000,70.9100,19691739,1440450190.7400
2022-11-29,sz.300438,73.7300,75.1800,71.0100,71.5800,73.9000,14767701,1077341532.8300
2022-11-30,sz.300438,72.2500,76.6700,72.2000,76.2200,71.5800,22449779,1682138969.7200
2022-12-01,sz.300438,75.0000,76.8900,73.5500,74.2100,76.2200,20391390,1525164031.0600
2022-12-02,sz.300438,73.4000,78.7800,73.1000,76.8200,74.2100,20031199,1543112987.7400
2022-12-05,sz.300438,76.7700,78.5400,73.7100,76.2800,76.8200,16994133,1287356678.8400
2022-12-06,sz.300438,74.8700,75.9900,71.9000,74.4800,76.2800,13535711,998119997.3300
2022-12-07,sz.300438,74.0200,77.5800,73.5200,74.6500,74.4800,14562044,1106912005.3500
2022-12-08,sz.300438,75.4100,79.5400,74.7300,78.3000,74.6500,17908376,1394326027.1800
2022-12-09,sz.300438,77.4000,82.5000,77.1900,82.0000,78.3000,19571093,1577866538.7300
2022-12-12,sz.300438,81.2000,82.8700,79.5100,80.3900,82.0000,10374987,841219190.1800
2022-12-13,sz.300438,80.5100,84.5100,78.2700,79.4000,80.3900,13931491,1135304551.2000
2022-12-14,sz.300438,78.0000,79.8300,75.1300,76.4700,79.4000,14320076,1102240370.8000
2022-12-15,sz.300438,76.5000,77.5300,75.1000,76.7200,76.4700,11366618,869225174.8800
2022-12-16,sz.300438,75.9700,76.9000,72.0000,73.3000,76.7200,12360323,915064386.7800
2022-12-19,sz.300438,73.0700,77.3800,73.0700,75.8000,73.3000,10612348,807097818.4500
2022-12-20,sz.300438,75.9000,78.4500,74.4300,76.1300,75.8000,9820108,751870515.4500
2022-12-21,sz.300438,76.2000,76.6000,72.2200,73.6000,76.1300,10732425,788271780.2300
2022-12-22,sz.300438,73.9800,74.5500,69.0000,69.2900,73.6000,13699079,965573458.7800
2022-12-23,sz.300438,68.6300,69.5000,65.6000,67.3900,69.2900,12020792,806492274.0300
2022-12-26,sz.300438,67.4400,76.0000,67.0000,75.1200,67.3900,15928788,1153647881.8900
2022-12-27,sz.300438,74.6100,78.8800,74.3100,78.0800,75.1200,15036534,1159758056.8600
2022-12-28,sz.300438,77.0000,78.8900,76.2000,78.1700,78.0800,11654296,905609963.5600
2022-12-29,sz.300438,78.2000,79.7900,77.2800,78.8000,78.1700,9799960,771262903.3700
2022-12-30,sz.300438,79.5000,81.8300,77.9100,77.9900,78.8000,10512875,834788389.1300
2023-01-03,sz.300438,78.0000,82.8000,76.6500,81.2000,77.9900,13879645,1116782547.2700
2023-01-04,sz.300438,81.1700,81.2600,77.7600,78.5300,81.2000,10426492,825894550.4100
2023-01-05,sz.300438,78.5800,82.4600,77.6000,80.3800,78.5300,13654076,1096831562.6600
2023-01-06,sz.300438,80.7900,84.4300,80.1000,81.6600,80.3800,12325349,1019290810.3500
2023-01-09,sz.300438,84.5000,86.2000,82.3000,82.7200,81.6600,12237971,1030311751.1300
2023-01-10,sz.300438,83.0000,85.3800,82.5100,83.3400,82.7200,9262535,777110127.0600
2023-01-11,sz.300438,82.6000,84.3600,81.2000,82.5600,83.3400,9374877,776329711.7100
2023-01-12,sz.300438,83.1900,84.6300,81.1000,81.3500,82.5600,7989228,657996435.5800
2023-01-13,sz.300438,81.8900,82.3600,76.4500,77.4600,81.3500,18146136,1418768552.9200
2023-01-16,sz.300438,77.8800,78.3600,76.1000,76.7900,77.4600,11445083,880783265.4200
2023-01-17,sz.300438,76.9600,77.1600,74.8900,76.1600,76.7900,11260073,853915906.5000
2023-01-18,sz.300438,76.6200,77.7000,75.1200,76.1900,76.1600,9116353,696376267.3400
2023-01-19,sz.300438,76.0000,76.3000,73.5000,73.7700,76.1900,12132286,902127615.9900
2023-01-20,sz.300438,75.0000,75.2500,71.7000,73.1300,73.7700,17158205,1251272137.1900
2023-01-30,sz.300438,74.5200,77.2000,74.0000,75.3300,73.1300,21849038,1653749160.0900
2023-01-31,sz.300438,74.9900,77.0000,74.3100,76.0400,75.3300,14759850,1118931480.4700
2023-02-01,sz.300438,76.0300,77.2000,74.6700,76.4400,76.0400,13658178,1033563885.7700
2023-02-02,sz.300438,76.0000,76.1900,73.3300,74.5000,76.4400,17483899,1300988932.0900
2023-02-03,sz.300438,74.0600,74.5800,72.0100,72.9500,74.5000,11333217,826706036.1300
2023-02-06,sz.300438,73.0000,74.5500,72.0900,74.2300,72.9500,10481852,769328286.8200
2023-02-07,sz.300438,73.9900,74.1700,71.2200,72.0700,74.2300,14390394,1036902506.3500
2023-02-08,sz.300438,71.9000,73.2200,71.8000,72.0500,72.0700,7356004,533504559.1000
2023-02-09,sz.300438,71.8000,73.8000,70.3100,72.9600,72.0500,11901835,860308356.1400
2023-02-10,sz.300438,72.6600,72.9500,70.8700,71.4900,72.9600,8595445,614426690.8100
2023-02-13,sz.300438,71.4900,75.5700,71.0100,74.7800,71.4900,17755188,1316416782.5600
2023-02-14,sz.300438,74.8000,74.8000,72.5000,73.9000,74.7800,9480756,696368661.2100
2023-02-15,sz.300438,73.6200,74.9500,72.3500,72.4400,73.9000,9788919,719545368.7500
2023-02-16,sz.300438,72.7500,72.7800,70.0000,70.6800,72.4400,11294722,805190946.0300
2023-02-17,sz.300438,70.1700,71.2000,68.6500,68.7800,70.6800,10048753,699989421.4200
2023-02-20,sz.300438,68.7800,69.2000,65.1700,68.1700,68.7800,20737391,1384810404.5000
2023-02-21,sz.300438,68.3700,69.4000,67.0000,68.8800,68.1700,10556170,719529817.8800
2023-02-22,sz.300438,68.0100,69.8500,66.6000,66.8000,68.8800,12468428,846400660.6400
2023-02-23,sz.300438,66.9700,68.7800,66.7000,68.0600,66.8000,10891242,742020903.9800
2023-02-24,sz.300438,68.0100,68.3000,66.1100,66.7000,68.0600,9058966,606613527.2600
2023-02-27,sz.300438,66.5300,67.9200,66.0600,66.3300,66.7000,7907189,528511396.8700
2023-02-28,sz.300438,66.2800,67.7800,66.0000,67.0500,66.3300,7770172,518531150.6400
2023-03-01,sz.300438,66.8800,66.8900,65.0300,65.8000,67.0500,11794582,773479741.6400
2023-03-02,sz.300438,66.1000,66.2600,64.4500,64.5000,65.8000,9275202,603172791.3600
2023-03-03,sz.300438,64.3000,65.7600,64.2200,64.9100,64.5000,7741702,504616812.5900
2023-03-06,sz.300438,64.5100,66.8400,63.4200,66.1300,64.9100,13143980,856706870.2400
2023-03-07,sz.300438,66.0000,67.1200,65.1400,66.0600,66.1300,10279783,679359064.3100
2023-03-08,sz.300438,66.0000,67.1400,63.5100,64.2000,66.0600,13844457,898588588.4800
2023-03-09,sz.300438,63.9000,64.6800,63.4100,63.7200,64.2000,8312989,532366848.8200
2023-03-10,sz.300438,63.5000,64.2300,62.2600,62.7600,63.7200,8703722,548069692.1100
2023-03-13,sz.300438,62.7600,63.3600,60.8800,61.3900,62.7600,12749289,784955173.3100
2023-03-14,sz.300438,61.3900,61.6200,58.5000,59.9400,61.3900,16462388,982409134.7100
2023-03-15,sz.300438,60.4400,61.4800,59.1100,59.3100,59.9400,8974157,539904330.3900
2023-03-16,sz.300438,58.7500,59.4000,56.7900,56.9500,59.3100,11796361,679790532.2100
2023-03-17,sz.300438,57.2500,57.6300,55.5100,55.8200,56.9500,12455326,699424151.3800
2023-03-20,sz.300438,55.7000,58.3000,53.9300,56.8300,55.8200,17425949,977223505.2100
2023-03-21,sz.300438,57.2500,57.8500,55.0700,57.3600,56.8300,19938159,1126108790.2200
2023-03-22,sz.300438,57.0000,58.5400,56.6300,57.6800,57.3600,17686196,1019895862.3700
2023-03-23,sz.300438,57.1000,58.3800,56.7200,57.0400,57.6800,11597700,665517584.2600
2023-03-24,sz.300438,57.0400,59.5000,56.3600,57.7400,57.0400,17410759,1008573993.3800
2023-03-27,sz.300438,57.7400,59.3800,57.1700,58.4000,57.7400,16568007,966580606.2300
2023-03-28,sz.300438,58.3900,58.4600,56.4000,56.5500,58.4000,14749651,841709935.7500
2023-03-29,sz.300438,56.8600,58.2100,56.1900,56.5800,56.5500,12442617,710812622.3000
2023-03-30,sz.300438,56.5500,57.0700,55.6700,56.2200,56.5800,9774439,549921526.8800
2023-03-31,sz.300438,56.0000,58.3800,56.0000,56.9900,56.2200,15158979,868959638.9700
2023-04-03,sz.300438,56.4600,57.5000,55.1100,56.1800,56.9900,16317846,916250443.0100
2023-04-04,sz.300438,55.8900,55.9800,53.8000,54.5500,56.1800,16839925,918531189.3900
2023-04-06,sz.300438,54.9500,55.5400,53.9800,55.0400,54.5500,11816911,647148447.6000
2023-04-07,sz.300438,54.6500,55.5000,53.9500,53.9800,55.0400,11432248,624629039.9000
2023-04-10,sz.300438,54.4900,56.4500,54.4000,56.3900,53.9800,22677353,1259955081.2600
2023-04-11,sz.300438,56.0000,56.3900,54.2000,55.1200,56.3900,17740811,976181973.5700
2023-04-12,sz.300438,54.5800,55.5000,53.1000,53.1200,55.1200,14661961,787880542.9700
2023-04-13,sz.300438,53.0800,54.5600,52.5800,52.9300,53.1200,11003042,587905963.2100
2023-04-14,sz.300438,52.8100,54.8900,52.7700,53.7000,52.9300,14761375,798241297.9800
2023-04-17,sz.300438,53.6500,54.8800,53.4200,54.0600,53.7000,9607185,519242104.8500
2023-04-18,sz.300438,53.8600,55.9700,53.8500,54.4800,54.0600,20159373,1106932142.8500
2023-04-19,sz.300438,54.5200,54.9500,52.7600,53.8700,54.4800,12028119,646695788.3300
2023-04-20,sz.300438,53.5500,53.6900,51.9200,52.3000,53.8700,13362794,700144997.6700
2023-04-21,sz.300438,52.4900,53.4500,51.1000,51.1500,52.3000,11373836,595189570.4600
2023-04-24,sz.300438,51.0000,51.3900,49.9500,50.1500,51.1500,12079566,609198240.1100
2023-04-25,sz.300438,50.0000,50.8300,48.0600,48.7000,50.1500,11423795,559360148.6200
2023-04-26,sz.300438,48.6100,55.5400,48.6000,53.5700,48.7000,24842620,1307927507.8800
2023-04-27,sz.300438,53.9700,54.5000,52.5000,53.0200,53.5700,15683033,836557628.0400
2023-04-28,sz.300438,53.3000,53.8000,51.7000,52.1500,53.0200,11794735,618284004.5100
2023-05-04,sz.300438,52.3000,55.5800,52.2400,53.3400,52.1500,17248007,932549817.9800
2023-05-05,sz.300438,52.6100,52.8600,50.2000,50.9800,53.3400,15382156,787664719.2100
2023-05-08,sz.300438,51.9000,52.3000,50.4200,50.8600,50.9800,9384299,479226731.6600
2023-05-09,sz.300438,50.5900,50.9700,49.5400,49.6600,50.8600,8112763,405486765.0900
2023-05-10,sz.300438,49.5500,52.3500,49.1600,51.2100,49.6600,15327353,780328974.2400
2023-05-11,sz.300438,50.9900,55.2000,50.4000,53.1200,51.2100,22654335,1204822634.9400
2023-05-12,sz.300438,52.9100,54.4500,52.0000,52.0000,53.1200,11317521,595775912.5100
2023-05-15,sz.300438,52.0500,54.6200,51.9700,53.1400,52.0000,18763421,1000318565.2900
2023-05-16,sz.300438,53.0600,53.9800,52.3700,52.7100,53.1400,13746330,728110515.6900
2023-05-17,sz.300438,52.3900,53.0100,51.4200,52.1800,52.7100,10193141,531125510.0200
2023-05-18,sz.300438,51.9200,52.0900,50.6100,51.1800,52.1800,10901324,556014688.5700
2023-05-19,sz.300438,51.0000,51.4000,50.3400,50.7500,51.1800,6267132,318520354.7200
2023-05-22,sz.300438,50.5200,51.1800,49.9400,50.5900,50.7500,6123962,309466511.5200
2023-05-23,sz.300438,50.9500,51.2000,49.4800,49.4900,50.5900,9876626,494597995.0000
2023-05-24,sz.300438,49.1800,50.4600,49.0500,49.5600,49.4900,9652473,480682091.8600
2023-05-25,sz.300438,49.2600,51.2400,49.1200,50.1900,49.5600,11998340,604323639.6300
2023-05-26,sz.300438,50.2200,50.5000,48.2200,49.2800,50.1900,9034569,442086676.6200
2023-05-29,sz.300438,48.9900,49.2300,47.3700,47.6300,49.2800,11644981,558007503.5700
2023-05-30,sz.300438,47.8000,47.9900,46.5100,47.3400,47.6300,10480587,492906669.3000
2023-05-31,sz.300438,47.1100,48.1500,46.8700,46.8900,47.3400,7430174,351757647.6500
2023-06-01,sz.300438,46.9600,48.0900,46.9200,47.0500,46.8900,8279725,393160129.9000
2023-06-02,sz.300438,47.4200,48.9900,47.0000,48.6300,47.0500,11939405,578198358.9900
2023-06-05,sz.300438,48.9700,48.9800,47.6600,47.8600,48.6300,7432573,356717357.9200
2023-06-06,sz.300438,47.8600,47.8600,46.9400,47.0800,47.8600,6507289,307592824.4800
2023-06-07,sz.300438,46.8100,47.3300,45.8700,46.1700,47.0800,7817749,361218029.3700
2023-06-08,sz.300438,46.0600,46.9900,45.5900,46.0300,46.1700,8737096,403445829.4400
2023-06-09,sz.300438,46.1900,46.8800,45.2800,46.1300,46.0300,12342518,565817489.9200
2023-06-12,sz.300438,45.8800,46.4000,44.7200,46.0300,46.1300,10062946,459597794.3200
2023-06-13,sz.300438,46.0500,46.4600,45.4000,45.8700,46.0300,6923257,317043484.0000
2023-06-14,sz.300438,45.9900,46.1000,44.7700,44.8200,45.8700,7190117,325065510.4200
2023-06-15,sz.300438,44.6100,47.0600,44.4200,46.8800,44.8200,14771269,680988310.2300
2023-06-16,sz.300438,46.9400,48.5000,46.7100,48.2600,46.8800,14344994,683795330.9600
2023-06-19,sz.300438,47.9700,48.9100,47.8000,48.2900,48.2600,9903402,477791422.2600
2023-06-20,sz.300438,48.5700,49.5500,48.0700,48.2500,48.2900,10715817,520994674.1000
2023-06-21,sz.300438,48.0300,49.3300,46.7800,46.8400,48.2500,10275112,492620713.3800
2023-06-26,sz.300438,46.0700,47.6300,45.9200,46.5500,46.8400,8990810,419338051.7600
2023-06-27,sz.300438,46.5100,48.4100,46.0000,46.4800,46.5500,10547591,493871952.8600
2023-06-28,sz.300438,46.5000,46.6900,45.5500,46.1900,46.4800,9275185,427731678.4400
2023-06-29,sz.300438,46.0000,47.4200,45.8100,45.9600,46.1900,9281452,430915798.8100
2023-06-30,sz.300438,45.9800,48.9000,45.6900,48.0400,45.9600,17939915,855755644.1400
2023-07-03,sz.300438,48.1400,50.1800,48.1400,49.4900,48.0400,19282782,954304548.9600
2023-07-04,sz.300438,49.2900,50.4000,48.8100,49.7500,49.4900,14128629,702263953.0300
2023-07-05,sz.300438,49.8000,50.8200,48.8300,49.1100,49.7500,13882766,691484125.9600
2023-07-06,sz.300438,48.7800,49.1100,48.0800,48.6700,49.1100,8679878,421424198.5900
2023-07-07,sz.300438,48.2500,48.5900,47.5600,47.7600,48.6700,7089449,339788913.6900
2023-07-10,sz.300438,48.3300,53.4900,48.0500,52.2100,47.7600,28658084,1477868814.7800
2023-07-11,sz.300438,52.0400,52.8800,51.5800,52.4600,52.2100,18450600,963015312.4500
2023-07-12,sz.300438,52.7500,53.9500,52.0000,53.1600,52.4600,24107629,1277488240.8900
2023-07-13,sz.300438,53.0000,54.2500,51.8600,52.7500,53.1600,19057113,1002530249.3300
2023-07-14,sz.300438,52.3800,52.5000,50.8900,51.1200,52.7500,17384439,892297810.0300
2023-07-17,sz.300438,51.5900,51.5900,49.9000,51.2800,51.1200,11166467,568182906.2900
2023-07-18,sz.300438,51.2400,51.6300,50.4000,51.5800,51.2800,10998106,561800994.5100
2023-07-19,sz.300438,51.2200,51.2800,49.3600,49.4800,51.5800,12435551,621288050.6400
2023-07-20,sz.300438,49.8600,50.5000,48.5500,48.5700,49.4800,9311246,460878227.8300
2023-07-21,sz.300438,48.4000,48.8800,47.5800,47.8200,48.5700,7967252,383589482.5400
2023-07-24,sz.300438,47.7200,47.7800,46.1300,46.2800,47.8200,10054946,469578532.6800
2023-07-25,sz.300438,47.0600,47.5400,46.3000,46.6800,46.2800,9540776,446208917.4500
2023-07-26,sz.300438,46.4000,47.1000,46.1000,46.3500,46.6800,5900437,274718260.9800
2023-07-27,sz.300438,46.6000,47.2200,45.8800,46.0600,46.3500,7312698,340680922.0000
2023-07-28,sz.300438,45.8000,46.1800,45.2000,45.8100,46.0600,8090160,369406330.4000
2023-07-31,sz.300438,46.0000,47.3500,45.8900,46.9200,45.8100,9020221,421723301.0700
2023-08-01,sz.300438,47.1000,47.1000,46.0000,46.2200,46.9200,6163442,286064241.8600
2023-08-02,sz.300438,46.0000,46.5800,45.7000,45.8500,46.2200,4759554,219147450.0200
2023-08-03,sz.300438,45.5000,46.2400,45.4400,45.7700,45.8500,5431593,248975669.4900
2023-08-04,sz.300438,45.8500,46.5700,45.6700,46.4600,45.7700,6614874,305312418.1300
2023-08-07,sz.300438,46.2300,46.4500,45.5100,45.6300,46.4600,5641737,258151497.4200
2023-08-08,sz.300438,45.6000,45.9900,43.3100,43.5700,45.6300,11679591,514210671.8900
2023-08-09,sz.300438,43.0000,43.7900,42.8100,43.5100,43.5700,4826856,209374815.9600
2023-08-10,sz.300438,43.4900,44.6800,43.4800,44.4300,43.5100,6720020,298068382.2100
2023-08-11,sz.300438,44.3000,44.3300,42.9000,43.0100,44.4300,6409802,278984932.4000
2023-08-14,sz.300438,43.0000,43.0000,41.4400,42.0400,43.0100,7558630,317028805.2200
2023-08-15,sz.300438,42.0800,42.3200,41.1500,41.4300,42.0400,4884593,202924014.0200
2023-08-16,sz.300438,41.4300,41.8500,40.6600,40.6800,41.4300,5652790,232430127.8700
2023-08-17,sz.300438,40.6800,41.1900,40.0000,40.3900,40.6800,6525049,263272561.9800
2023-08-18,sz.300438,40.4000,40.9300,39.3900,39.4000,40.3900,7146544,286333425.7300
2023-08-21,sz.300438,39.0000,39.5500,38.6000,38.6100,39.4000,7894300,307297918.1600
2023-08-22,sz.300438,38.8100,39.1300,37.9600,38.8000,38.6100,8288713,318927058.5600
2023-08-23,sz.300438,38.6200,38.6600,37.6300,37.6600,38.8000,5683919,216149398.2200
2023-08-24,sz.300438,38.2000,38.5800,37.6000,38.0400,37.6600,6940193,264791769.1800
2023-08-25,sz.300438,37.8100,38.4000,37.3300,37.6500,38.0400,5400084,204162094.8500
2023-08-28,sz.300438,39.6300,39.9000,36.7500,36.7800,37.6500,10766716,408908031.5400
2023-08-29,sz.300438,36.3800,38.3800,36.3800,38.1400,36.7800,9711866,367024051.4900
2023-08-30,sz.300438,38.3800,38.8900,38.0600,38.6800,38.1400,7281879,280473967.1600
2023-08-31,sz.300438,37.0000,37.3700,34.6800,35.8100,38.6800,24900152,887478376.1800
2023-09-01,sz.300438,35.6000,35.9500,34.5700,34.7400,35.8100,12813196,449165411.1500
2023-09-04,sz.300438,34.9100,35.6000,34.2800,35.6000,34.7400,12267454,431584182.4100
2023-09-05,sz.300438,35.4900,35.9400,34.7200,35.1500,35.6000,9420217,331273314.0700
2023-09-06,sz.300438,35.2000,35.2400,34.3700,34.7500,35.1500,7728400,268040089.0000
2023-09-07,sz.300438,34.7500,34.8400,33.6200,33.6500,34.7500,8102291,275456307.6900
2023-09-08,sz.300438,33.6500,33.7800,33.0000,33.1500,33.6500,5753100,191265459.3400
2023-09-11,sz.300438,33.3100,34.1000,32.7200,33.8300,33.1500,7382975,248022112.6400
2023-09-12,sz.300438,33.9700,34.5000,33.5000,33.8500,33.8300,6369231,216415049.7700
2023-09-13,sz.300438,33.6400,34.0300,33.0400,33.1800,33.8500,5279474,176525042.7600
2023-09-14,sz.300438,33.1700,33.2800,32.5000,32.5900,33.1800,5832650,191217054.0000
2023-09-15,sz.300438,32.8000,32.9900,32.2800,32.4200,32.5900,5532800,180252963.0000
2023-09-18,sz.300438,32.2600,34.2100,32.1600,33.4700,32.4200,12691229,424788205.1200
2023-09-19,sz.300438,33.5700,33.8600,32.7500,33.0900,33.4700,6672173,221230709.4800
2023-09-20,sz.300438,32.8000,33.0600,32.4300,32.5000,33.0900,5467959,178631052.3800
2023-09-21,sz.300438,32.5100,32.7100,32.0800,32.1500,32.5000,5546395,179358854.9300
2023-09-22,sz.300438,32.1400,33.0600,32.0600,33.0200,32.1500,8381869,273312534.1000
2023-09-25,sz.300438,32.8000,32.9800,32.1200,32.5400,33.0200,7488512,242811916.7600
2023-09-26,sz.300438,32.6700,32.9500,32.1400,32.1400,32.5400,7156841,232488676.3000
2023-09-27,sz.300438,32.0900,33.6900,31.7900,32.9000,32.1400,13030912,428666901.7300
2023-09-28,sz.300438,32.9000,33.6500,32.8400,33.0200,32.9000,8251237,273724845.0600
2023-10-09,sz.300438,32.7900,33.4800,32.6300,33.0200,32.8800,7828529,258441508.3500
2023-10-10,sz.300438,33.1100,33.5100,32.6900,32.7900,33.0200,7197639,237251456.2000
2023-10-11,sz.300438,33.0600,33.5800,32.7200,32.8100,32.7900,9346011,309579574.2400
2023-10-12,sz.300438,33.0000,37.7600,32.9600,36.7000,32.8100,36682641,1299075139.8400
2023-10-13,sz.300438,36.0000,36.4000,35.6600,36.2600,36.7000,17673718,636506556.0200
2023-10-16,sz.300438,36.3600,36.3700,34.4600,34.7500,36.2600,15918724,558152553.9400
2023-10-17,sz.300438,34.8200,36.5300,34.6200,35.2400,34.7500,23752829,848540558.9200
2023-10-18,sz.300438,34.6500,35.1000,34.0000,34.0000,35.2400,12363292,424585547.8900
2023-10-19,sz.300438,34.0100,34.3400,31.8900,33.2200,34.0000,17482992,580016139.6500
2023-10-20,sz.300438,33.0200,35.8800,32.9000,35.0400,33.2200,24603638,852167736.3100
2023-10-23,sz.300438,34.8100,35.0400,33.1700,33.5800,35.0400,14347567,484474414.2800
2023-10-24,sz.300438,33.4900,34.7200,32.8200,33.3200,33.5800,17023870,573894690.8500
2023-10-25,sz.300438,33.5200,34.1400,31.8800,31.9300,33.3200,19691451,643319785.3100
2023-10-26,sz.300438,31.8600,32.1500,29.8400,32.0900,31.9300,19849145,610767716.7900
2023-10-27,sz.300438,30.4800,32.2000,30.2000,31.7500,32.0900,19828227,623462090.3200
2023-10-30,sz.300438,31.4000,32.3200,31.1400,31.6800,31.7500,13346695,422873007.1900
2023-10-31,sz.300438,31.6600,31.8900,30.6500,30.8400,31.6800,10899388,338673454.9800
2023-11-01,sz.300438,30.8000,31.0000,30.1100,30.2400,30.8400,9565918,290635034.4100
2023-11-02,sz.300438,30.2400,30.3700,29.2900,29.3000,30.2400,10560462,313144548.6700
2023-11-03,sz.300438,29.3300,30.3500,29.3300,30.1800,29.3000,12133881,364710741.9900
2023-11-06,sz.300438,30.3400,31.9300,30.2400,31.5900,30.1800,15699210,494574240.0400
2023-11-07,sz.300438,31.5900,31.8200,31.0500,31.7100,31.5900,9975084,314369774.2600
2023-11-08,sz.300438,31.5800,32.1700,31.4800,31.7400,31.7100,10285791,327034651.4200
2023-11-09,sz.300438,31.8000,32.7300,31.7100,32.1000,31.7400,13808885,444131128.0200
2023-11-10,sz.300438,31.8000,31.8000,31.2800,31.2800,32.1000,8252574,259723428.3000
2023-11-13,sz.300438,31.4500,31.7400,30.9800,31.2300,31.2800,8213052,256445404.0900
2023-11-14,sz.300438,31.3000,31.7800,30.9600,31.2500,31.2300,8266968,258727062.9800
2023-11-15,sz.300438,31.7100,33.2100,31.6000,32.1600,31.2500,20498131,662929538.4500
2023-11-16,sz.300438,32.1800,32.1800,30.8800,30.9500,32.1600,13512323,423487767.4200
2023-11-17,sz.300438,30.8300,31.8800,30.7000,31.3600,30.9500,10461419,327706557.3400
2023-11-20,sz.300438,31.4100,31.8500,30.9100,31.7800,31.3600,9655372,303558063.7600
2023-11-21,sz.300438,31.8600,32.1200,31.1900,31.2400,31.7800,9155511,289394886.9200
2023-11-22,sz.300438,31.0300,31.1300,29.9600,29.9600,31.2400,10967320,333107720.0400
2023-11-23,sz.300438,29.9500,30.2200,29.6100,30.1000,29.9600,7577624,226365430.8000
2023-11-24,sz.300438,29.9100,30.0400,29.3200,29.4000,30.1000,7464055,220372780.7200
2023-11-27,sz.300438,29.3500,29.3700,28.3900,28.4500,29.4000,9438468,270616997.7200
2023-11-28,sz.300438,28.4300,28.7300,28.1000,28.6800,28.4500,6794674,193517586.2400
2023-11-29,sz.300438,28.4500,28.6300,28.0600,28.0800,28.6800,6279257,177400463.0500
2023-11-30,sz.300438,28.0000,28.2900,27.5000,27.5000,28.0800,9887843,274103120.6300
2023-12-01,sz.300438,27.6500,27.6600,26.9200,27.1600,27.5000,10520268,285765919.8300
2023-12-04,sz.300438,27.2200,27.2400,26.5000,26.6100,27.1600,9928028,266240300.8800
2023-12-05,sz.300438,26.5500,27.5900,26.3700,26.3900,26.6100,14094760,379098822.5400
2023-12-06,sz.300438,26.2300,28.6800,26.2200,27.7200,26.3900,29730635,829163013.2200
2023-12-07,sz.300438,27.3000,27.5500,26.8000,27.1300,27.7200,16002773,433738136.0900
2023-12-08,sz.300438,27.5900,27.8300,26.6800,26.8000,27.1300,13866712,374817044.2500
2023-12-11,sz.300438,26.5000,26.7900,25.9500,26.7300,26.8000,11598029,304976789.8200
2023-12-12,sz.300438,26.5000,26.9100,26.3600,26.5100,26.7300,7371900,195579274.1600
2023-12-13,sz.300438,26.5600,26.5600,25.5900,25.6100,26.5100,9619271,248904131.6000
2023-12-14,sz.300438,26.0400,26.4800,25.3400,25.4900,25.6100,10299417,266080150.6200
2023-12-15,sz.300438,25.7300,26.4500,25.7000,25.8500,25.4900,14998775,390790267.2000
2023-12-18,sz.300438,25.5100,25.8700,25.1300,25.1900,25.8500,8131578,206484278.8600
2023-12-19,sz.300438,25.1600,25.8000,25.0100,25.3300,25.1900,9372007,237955619.1400
2023-12-20,sz.300438,25.3000,25.4500,24.8900,24.8900,25.3300,7582433,189817969.8800
2023-12-21,sz.300438,24.7900,25.8700,24.7300,25.6100,24.8900,15074968,381463207.9300
2023-12-22,sz.300438,25.3300,27.2600,25.0200,26.6100,25.6100,24913351,654293305.8500
2023-12-25,sz.300438,26.3800,27.2300,26.2000,26.8000,26.6100,13009675,348137772.8000
2023-12-26,sz.300438,26.5000,26.7600,26.2000,26.4400,26.8000,9358439,247527446.4400
2023-12-27,sz.300438,26.4400,26.9800,25.7200,26.2200,26.4400,10606385,276279998.9600
2023-12-28,sz.300438,25.9000,29.2000,25.9000,28.8500,26.2200,36646444,1029630101.6600
2023-12-29,sz.300438,28.6900,29.1500,28.1500,28.2900,28.8500,20025144,570247344.7800
2024-01-02,sz.300438,28.1800,28.3400,27.7100,27.7100,28.2900,11755308,328275008.6900
2024-01-03,sz.300438,27.6800,28.2000,27.4600,27.9200,27.7100,14832829,412556636.5200
2024-01-04,sz.300438,27.8100,27.8200,26.9000,27.0600,27.9200,13074214,355062685.5000
2024-01-05,sz.300438,27.2800,28.4200,26.8300,26.9700,27.0600,22469818,620187990.5000
2024-01-08,sz.300438,26.6500,27.9800,26.4500,26.9200,26.9700,18882457,516368334.2500
2024-01-09,sz.300438,26.7600,27.9600,25.9000,27.2100,26.9200,21885097,591062815.8000
2024-01-10,sz.300438,26.8700,28.4000,26.3200,27.5500,27.2100,26183558,723046161.6300
2024-01-11,sz.300438,27.3600,29.8000,27.2000,29.2400,27.5500,38518577,1101002023.0900
2024-01-12,sz.300438,28.8400,29.3800,28.3700,28.4000,29.2400,25853747,745370549.9300
2024-01-15,sz.300438,28.1700,28.5600,27.7100,28.0200,28.4000,13921779,390153986.0900
2024-01-16,sz.300438,28.0500,28.7500,27.6300,28.7500,28.0200,20941185,592150097.7500
2024-01-17,sz.300438,28.4200,28.4700,27.0600,27.1700,28.7500,16697244,464690886.7500
2024-01-18,sz.300438,26.6300,27.8200,26.2200,27.6000,27.1700,21014330,568643215.3900
2024-01-19,sz.300438,27.2500,28.0900,26.3000,26.3100,27.6000,14850030,404597899.8800
2024-01-22,sz.300438,25.6000,25.8700,24.0000,24.1800,26.3100,19637292,486458168.1600
2024-01-23,sz.300438,23.9700,25.0600,23.5100,24.2200,24.1800,12897907,314811493.6800
2024-01-24,sz.300438,24.3500,24.5200,22.5000,23.6200,24.2200,19130550,447893827.5600
2024-01-25,sz.300438,23.4300,24.1400,22.9400,24.0500,23.6200,14430440,341872623.4100
2024-01-26,sz.300438,23.8100,24.3900,23.4300,23.4500,24.0500,13555543,324182883.8300
2024-01-29,sz.300438,23.5500,23.6000,22.2600,22.2600,23.4500,13155485,298686126.5600
2024-01-30,sz.300438,22.2900,22.5900,21.6000,21.6600,22.2600,9750741,215734306.0200
2024-01-31,sz.300438,20.8400,21.8500,20.0000,20.1200,21.6600,17085834,355104490.2500
2024-02-01,sz.300438,20.0500,20.6000,19.8400,19.8700,20.1200,12094762,243998764.8400
2024-02-02,sz.300438,20.0300,20.2300,18.2800,19.1600,19.8700,14608108,283285131.7200
2024-02-05,sz.300438,18.8900,18.9800,16.6800,17.4700,19.1600,18824265,334365686.1000
2024-02-06,sz.300438,17.1100,18.8700,17.1100,18.6800,17.4700,17925421,322952288.2100
2024-02-07,sz.300438,18.6000,19.9700,18.4800,19.4800,18.6800,18731205,364397996.2400
2024-02-08,sz.300438,19.6200,20.8700,19.4800,20.5500,19.4800,17570527,358985370.3500
2024-02-19,sz.300438,20.6500,20.9700,20.2100,20.5900,20.5500,13890642,285180849.6900
2024-02-20,sz.300438,20.2900,20.6000,20.1000,20.5500,20.5900,9055802,184284700.9800
2024-02-21,sz.300438,20.3300,21.5800,20.2200,20.9200,20.5500,15522150,326771318.2700
2024-02-22,sz.300438,20.7000,21.3400,20.6700,21.0200,20.9200,9574349,200588461.6600
2024-02-23,sz.300438,21.1700,21.5000,20.8700,21.4000,21.0200,12964079,275436623.2500
2024-02-26,sz.300438,21.4900,21.8700,21.1500,21.5100,21.4000,13188427,283712093.9300
2024-02-27,sz.300438,21.6700,22.3300,21.5500,22.3200,21.5100,14278247,312423526.7500
2024-02-28,sz.300438,22.5800,23.8500,21.7200,21.7200,22.3200,28056332,643714050.2000
2024-02-29,sz.300438,21.3200,22.8600,21.3200,22.7700,21.7200,20525304,457348241.9100
2024-03-01,sz.300438,22.7500,23.1800,22.3600,22.7600,22.7700,15767155,357975998.6700
2024-03-04,sz.300438,22.6800,23.2000,22.1800,22.4500,22.7600,12489407,281199781.5100
2024-03-05,sz.300438,22.2100,22.2900,21.6200,21.8400,22.4500,13042842,286363483.5300
2024-03-06,sz.300438,21.8000,22.8400,21.4700,22.2600,21.8400,13690698,303452453.6500
2024-03-07,sz.300438,22.3000,22.3700,21.3800,21.3900,22.2600,11290077,246027062.3000
2024-03-08,sz.300438,21.4500,21.9400,21.2300,21.5900,21.3900,8710920,188087206.2000
2024-03-11,sz.300438,22.0100,25.9100,22.0100,25.9100,21.5900,42512095,1021499595.5500
2024-03-12,sz.300438,26.4600,27.9600,26.3000,26.7000,25.9100,63450258,1713865718.4400
2024-03-13,sz.300438,27.0900,28.1200,26.5700,28.0400,26.7000,51806906,1417955849.3100
2024-03-14,sz.300438,27.4000,28.0200,26.3600,26.7200,28.0400,37611951,1017493097.8500
2024-03-15,sz.300438,26.6000,27.1000,25.4300,26.1500,26.7200,32428210,845266782.3800
2024-03-18,sz.300438,26.3900,27.2100,26.3000,26.5700,26.1500,31049220,827523214.8000
2024-03-19,sz.300438,26.4000,26.5700,25.4000,25.4500,26.5700,27894538,721475785.6500
2024-03-20,sz.300438,25.4500,26.1200,25.3500,25.7300,25.4500,18612179,479066592.0700
2024-03-21,sz.300438,25.4100,25.6600,25.1000,25.5100,25.7300,21556031,547938488.0800
2024-03-22,sz.300438,25.1700,25.3900,24.3600,24.4400,25.5100,19076296,471296598.7900
2024-03-25,sz.300438,24.3500,24.7200,23.5000,23.5000,24.4400,17937586,430261488.4500
2024-03-26,sz.300438,23.3300,27.4000,23.3300,26.9100,23.5000,55547247,1422183034.9900
2024-03-27,sz.300438,26.7700,27.1100,25.2400,25.2900,26.9100,34846567,908285280.5300
2024-03-28,sz.300438,25.2800,26.8400,25.2800,25.7300,25.2900,31123977,807970220.3400
2024-03-29,sz.300438,25.7300,27.7000,25.7300,27.0300,25.7300,49602833,1334921611.6300
2024-04-01,sz.300438,27.0000,29.1800,26.6200,28.8100,27.0300,52982907,1494345835.1200
2024-04-02,sz.300438,28.2800,31.0000,27.8000,28.9100,28.8100,67347554,1979028429.0200
2024-04-03,sz.300438,28.5100,30.3600,28.0600,28.0600,28.9100,47700547,1391393212.0900
2024-04-08,sz.300438,27.3900,29.0700,27.0300,27.0800,28.0600,33268799,925233296.8100
2024-04-09,sz.300438,27.1800,30.4400,27.1300,30.0700,27.0800,58125703,1704660331.5500
2024-04-10,sz.300438,29.2000,29.6800,28.6000,28.7700,30.0700,33776081,976942776.0300
2024-04-11,sz.300438,28.1100,29.5500,27.8500,28.8100,28.7700,32734561,935667455.7100
2024-04-12,sz.300438,28.2000,28.4000,26.9200,27.0000,28.8100,28569205,787832080.7600
2024-04-15,sz.300438,26.8000,28.3900,26.0100,26.9600,27.0000,26368687,719552620.1200
2024-04-16,sz.300438,26.7000,26.7000,23.3300,23.5500,26.9600,32196102,793527782.4100
2024-04-17,sz.300438,24.2200,25.3800,24.2100,24.6000,23.5500,28894704,714966872.1800
2024-04-18,sz.300438,24.6900,25.4900,23.4600,24.5300,24.6000,27516325,680691527.4500
2024-04-19,sz.300438,23.4100,24.3200,22.7300,22.9200,24.5300,31080896,719080155.2900
2024-04-22,sz.300438,22.3800,23.2800,21.7200,21.9400,22.9200,21177578,470215800.4100
2024-04-23,sz.300438,21.8000,22.5900,21.7000,22.1600,21.9400,14978449,330730722.4300
2024-04-24,sz.300438,21.7100,22.1600,21.4000,22.0700,22.1600,15356405,334514480.9700
2024-04-25,sz.300438,21.9000,23.0900,21.6500,22.6400,22.0700,21925302,496159998.4700
2024-04-26,sz.300438,22.2700,22.8700,22.2200,22.5000,22.6400,19834519,448246234.4700
2024-04-29,sz.300438,22.6000,24.9800,22.6000,24.5100,22.5000,33195256,800003453.1900
2024-04-30,sz.300438,24.4500,24.8200,23.8800,23.9600,24.5100,17914751,433106025.1700
2024-05-06,sz.300438,24.4500,24.9800,24.2200,24.4400,23.9600,17680776,433456782.0400
2024-05-07,sz.300438,24.3500,24.6900,24.1600,24.6100,24.4400,14069178,343654576.8100
2024-05-08,sz.300438,24.5100,24.5200,23.6900,23.7400,24.6100,12848191,308758489.8900
2024-05-09,sz.300438,24.8800,25.7500,24.7000,25.0600,23.7400,33933028,855181721.1700
2024-05-10,sz.300438,25.0500,25.2300,24.2000,24.3900,25.0600,18253362,446780244.4000
2024-05-13,sz.300438,23.9400,23.9400,23.1500,23.2700,24.3900,14980346,351409690.8000
2024-05-14,sz.300438,23.5500,23.6900,22.9200,23.1500,23.2700,10539003,244289327.3300
2024-05-15,sz.300438,23.5000,23.9400,22.7900,22.9100,23.1500,10594425,246613586.7500
2024-05-16,sz.300438,22.9100,23.3000,22.6500,22.7600,22.9100,10211280,234267904.5500
2024-05-17,sz.300438,22.7600,23.3600,22.4200,23.3600,22.7600,11722870,268859018.0700
2024-05-20,sz.300438,22.9500,23.6800,22.9500,23.3200,23.3600,10853923,253626687.0600
2024-05-21,sz.300438,23.4100,23.8100,23.1200,23.4800,23.3200,10298184,241516374.0700
2024-05-22,sz.300438,23.4800,24.4900,23.3300,24.2800,23.4800,21501575,516123445.5900
2024-05-23,sz.300438,24.0300,24.0300,23.1900,23.2000,24.2800,14707196,344845630.9300
2024-05-24,sz.300438,23.0200,23.5000,22.5100,22.5600,23.2000,11140150,255106843.0000
2024-05-27,sz.300438,22.7500,22.9400,22.0000,22.7500,22.5600,8764704,197069365.5800
2024-05-28,sz.300438,22.4600,22.8200,22.1700,22.2400,22.6900,8608156,192646135.9000
2024-05-29,sz.300438,22.6600,23.3900,22.4900,22.8700,22.2400,16218383,373649393.6600
2024-05-30,sz.300438,23.0600,23.6700,22.8200,22.9100,22.8700,14183236,328671907.8500
2024-05-31,sz.300438,22.6300,22.9200,22.4600,22.5300,22.9100,9403424,212833096.2400
2024-06-03,sz.300438,22.4300,22.4600,21.8000,22.1200,22.5300,11465270,252814148.0000
2024-06-04,sz.300438,21.9300,22.6800,21.6700,22.6200,22.1200,11277433,250434281.9300
2024-06-05,sz.300438,22.4500,23.1400,22.2500,22.2700,22.6200,11562735,263058096.3000
2024-06-06,sz.300438,22.3100,22.4900,21.1600,21.1700,22.2700,14405039,310977313.3400
2024-06-07,sz.300438,21.3500,21.4800,20.5200,20.7400,21.1700,9985249,208951266.0600
2024-06-11,sz.300438,20.6900,21.1300,20.2600,21.1100,20.7400,7842357,163115195.5200
2024-06-12,sz.300438,21.0500,21.2900,20.8400,20.9300,21.1100,8994653,188789053.3400
2024-06-13,sz.300438,20.9100,21.1500,20.3400,20.3800,20.9300,12397803,255182819.8500
2024-06-14,sz.300438,20.2900,20.6000,19.7500,20.3500,20.3800,19059535,382923513.3100
2024-06-17,sz.300438,20.2100,21.4500,20.1200,21.0500,20.3500,15717889,327838204.9500
2024-06-18,sz.300438,21.0000,21.0700,20.7300,20.9600,21.0500,8264105,172647925.2000
2024-06-19,sz.300438,20.9200,20.9900,20.4300,20.4600,20.9600,7373870,151807055.1400
2024-06-20,sz.300438,20.4700,20.5200,19.5600,19.5600,20.4600,9662010,192599257.6700
2024-06-21,sz.300438,19.6300,19.9000,19.3000,19.4100,19.5600,7180537,140239761.1500
2024-06-24,sz.300438,19.3000,19.3000,18.7900,18.8300,19.4100,8438918,160238223.4400
2024-06-25,sz.300438,18.8200,19.0800,18.2600,18.4400,18.8300,9709206,180208862.3600
2024-06-26,sz.300438,18.3700,19.1600,18.1000,19.0600,18.4400,10396244,195011690.5200
2024-06-27,sz.300438,18.9100,18.9800,18.3800,18.3900,19.0600,8400624,156663750.4400
2024-06-28,sz.300438,18.6100,18.8800,18.2800,18.3400,18.3900,10576315,197198546.2900
2024-07-01,sz.300438,18.3900,18.7500,18.0700,18.6800,18.3400,8908015,164125029.2200
2024-07-02,sz.300438,18.6100,18.9600,18.4000,18.5200,18.6800,8585637,160344315.4300
2024-07-03,sz.300438,18.5800,19.0100,18.3700,18.5900,18.5200,9391350,175521035.5000
2024-07-04,sz.300438,18.5400,18.7500,18.1300,18.1500,18.5900,6973650,128294526.5400
2024-07-05,sz.300438,18.1300,18.3500,17.8800,18.0600,18.1500,5683211,102870338.7500
2024-07-08,sz.300438,18.1000,18.1000,17.2700,17.3400,18.0600,9109701,159846998.8700
2024-07-09,sz.300438,17.3300,17.7500,17.1000,17.6500,17.3400,9270053,161398222.0300
2024-07-10,sz.300438,17.5200,18.1100,17.3900,17.3900,17.6500,9638016,171116453.4800
2024-07-11,sz.300438,17.8100,18.8500,17.8100,18.5900,17.3900,17347895,319830587.4900
2024-07-12,sz.300438,18.4700,19.0600,18.4200,18.7100,18.5900,12251314,229270909.9100
2024-07-15,sz.300438,18.5800,18.7300,18.2400,18.3000,18.7100,7080700,130200694.0000
2024-07-16,sz.300438,18.4000,18.8700,18.3000,18.6700,18.3000,9254497,172006053.8900
2024-07-17,sz.300438,18.7600,18.8800,18.4500,18.6100,18.6700,7541061,140664678.4100
2024-07-18,sz.300438,18.3900,18.6600,18.1200,18.5200,18.6100,8000141,146993295.1100
2024-07-19,sz.300438,18.5000,18.7700,18.2500,18.7400,18.5200,8699054,161366704.8300
2024-07-22,sz.300438,19.0800,20.1800,18.8800,19.3200,18.7400,21030081,412376798.9100
2024-07-23,sz.300438,19.2800,19.9500,18.9600,19.0400,19.3200,16474001,320709435.0300
2024-07-24,sz.300438,18.9300,19.1900,18.3300,18.4300,19.0400,13140862,245441389.4800
2024-07-25,sz.300438,18.2400,19.1800,18.1200,18.7500,18.4300,12719460,239142729.6000
2024-07-26,sz.300438,18.6100,19.1500,18.6100,18.7700,18.7500,9549892,180169990.1200
2024-07-29,sz.300438,18.7600,18.7600,17.9700,18.0100,18.7700,11338611,205311691.1400
2024-07-30,sz.300438,17.8400,18.1500,17.8100,18.0800,18.0100,6302683,113433048.4600
2024-07-31,sz.300438,18.0000,18.9300,17.8000,18.9300,18.0800,12708063,235394822.5500
2024-08-01,sz.300438,18.9800,19.0200,18.6100,18.7200,18.9300,9188222,172739763.9800
2024-08-02,sz.300438,18.6600,18.8400,18.1000,18.1200,18.7200,9727787,179897279.4700
2024-08-05,sz.300438,18.0000,18.5900,17.4800,17.4800,18.1200,11795700,212645412.0000
2024-08-06,sz.300438,17.7100,18.3200,17.7100,17.9900,17.4800,9885900,177889768.0000
2024-08-07,sz.300438,18.1700,18.2500,17.8200,18.1100,17.9900,7221900,130344391.0000
2024-08-08,sz.300438,18.0200,18.0800,17.6100,17.8500,18.1100,7248400,129106324.0000
2024-08-09,sz.300438,17.9300,18.2200,17.4700,17.4900,17.8500,6678141,118541644.4400
2024-08-12,sz.300438,17.5800,17.7300,17.1100,17.2100,17.4900,5875884,101634056.5000
2024-08-13,sz.300438,17.1800,17.7900,17.0100,17.4900,17.2100,7402321,128606766.8300
2024-08-14,sz.300438,17.4000,17.6700,17.1200,17.1500,17.4900,5058200,87318171.5800
2024-08-15,sz.300438,17.1000,17.5200,16.9100,17.3200,17.1500,7101500,122600334.0000
2024-08-16,sz.300438,17.3900,17.4400,16.9000,16.9100,17.3200,7111953,121431699.1900
2024-08-19,sz.300438,16.9000,17.0200,16.7000,16.7200,16.9100,5128378,86216220.4000
2024-08-20,sz.300438,16.7500,16.9500,16.3600,16.4100,16.7200,5917300,98300077.0000
2024-08-21,sz.300438,16.3300,19.6900,16.3300,19.6900,16.4100,32092047,600893921.8800
2024-08-22,sz.300438,21.9800,23.6300,21.6100,23.6300,19.6900,64143618,1465217702.0700
2024-08-23,sz.300438,24.0000,24.0000,21.7300,22.5600,23.6300,75830714,1714538376.6300
2024-08-26,sz.300438,23.3600,27.0700,23.3600,26.9000,22.5600,93002646,2417827311.1100
2024-08-27,sz.300438,25.3200,26.5800,24.7600,24.8100,26.9000,72173546,1835481442.5900
2024-08-28,sz.300438,24.0500,25.5900,22.6200,22.6600,24.8100,68980037,1620543622.6400
2024-08-29,sz.300438,23.3300,27.1900,23.3300,27.1900,22.6600,106972682,2789780563.6800
2024-08-30,sz.300438,26.8300,28.5000,26.4300,27.1700,27.1900,103100479,2836019881.3300
2024-09-02,sz.300438,26.4800,28.9500,26.4100,27.1300,27.1700,86613140,2404591604.9100
2024-09-03,sz.300438,26.3000,29.5000,25.4200,28.0900,27.1300,91759195,2528120752.3900
2024-09-04,sz.300438,27.7400,30.4000,26.0000,27.8100,28.0900,108770307,3110043405.5400
2024-09-05,sz.300438,26.0500,26.8900,24.9300,24.9500,27.8100,84399854,2171272465.1300
2024-09-06,sz.300438,24.8800,25.5500,24.5000,24.8500,24.9500,55200897,1378103890.2200
2024-09-09,sz.300438,24.2200,25.4900,24.1200,24.2400,24.8500,48005629,1185503430.8000
2024-09-10,sz.300438,24.0500,24.6200,23.2000,23.6200,24.2400,43712607,1034840385.2800
2024-09-11,sz.300438,23.7200,24.9800,23.7000,24.3000,23.6200,63073163,1546508787.2900
2024-09-12,sz.300438,23.5300,24.8000,23.5300,23.5700,24.3000,44849922,1078522630.3300
2024-09-13,sz.300438,23.5500,23.6500,22.2300,22.2500,23.5700,43132819,976475798.0500
2024-09-18,sz.300438,22.3600,22.5500,22.0300,22.4500,22.2500,24700949,551442337.8400
2024-09-19,sz.300438,22.5500,22.8800,21.9100,22.5900,22.4500,31634742,711712986.4900
2024-09-20,sz.300438,22.6400,22.9800,22.0300,22.2300,22.5900,27768347,621274513.5400
2024-09-23,sz.300438,22.1500,23.2600,22.1400,22.9700,22.2300,43843095,1002931196.0500
2024-09-24,sz.300438,22.8300,23.4000,21.7800,23.3600,22.9700,56693920,1286999007.5000
2024-09-25,sz.300438,23.1200,24.3400,23.0400,23.4500,23.3600,53729982,1275296374.2200
2024-09-26,sz.300438,23.3500,23.7700,22.7600,23.7700,23.4500,36551876,851544019.8900
2024-09-27,sz.300438,24.1000,27.5600,24.0800,27.0200,23.7700,70770393,1830968341.5900
2024-09-30,sz.300438,29.3800,32.0000,27.5800,31.8400,27.0200,83456171,2464539978.1000
2024-10-08,sz.300438,38.1600,38.2100,33.3300,38.2100,31.8400,86300562,3138753729.1100
2024-10-09,sz.300438,35.2900,37.0000,32.3100,32.6800,38.2100,65255551,2281649451.8100
2024-10-10,sz.300438,32.7100,34.2700,31.8500,31.8800,32.6800,41995723,1392666847.5200
2024-10-11,sz.300438,30.8300,31.5000,28.8900,29.3800,31.8800,42997932,1283797624.9200
2024-10-14,sz.300438,29.5000,30.8500,29.2100,30.8500,29.3800,33465719,1006666013.9800
2024-10-15,sz.300438,30.4000,33.8400,29.9600,31.9200,30.8500,52563198,1682606179.9900
2024-10-16,sz.300438,30.9000,31.3300,30.0000,30.1700,31.9200,33715326,1032081884.0500
2024-10-17,sz.300438,30.5800,31.6400,30.3700,30.4800,30.1700,30426099,945184077.0800
2024-10-18,sz.300438,29.9800,33.2500,29.9800,32.2200,30.4800,43966449,1390393428.6300
2024-10-21,sz.300438,32.8400,33.8300,32.3800,32.8100,32.2200,47466499,1566580418.9300
2024-10-22,sz.300438,32.3900,35.2500,32.1000,33.7100,32.8100,53167150,1808869276.9600
2024-10-23,sz.300438,33.6900,38.3200,32.8500,36.2100,33.7100,78458149,2811021733.8700
2024-10-24,sz.300438,35.0000,35.8000,33.0000,33.0000,36.2100,48366211,1646891410.3800
2024-10-25,sz.300438,33.6200,35.2800,33.3900,33.6200,33.0000,40781425,1399898837.6000
2024-10-28,sz.300438,33.9500,34.2000,33.0200,33.5700,33.6200,28826809,966312604.2100
2024-10-29,sz.300438,33.6500,34.1600,32.1500,32.2200,33.5700,32154030,1056230954.8100
2024-10-30,sz.300438,32.3000,32.5800,31.3000,31.6700,32.2200,23228384,740990729.8000
2024-10-31,sz.300438,31.8100,34.3600,31.8100,33.7700,31.6700,42637737,1411998465.3900
2024-11-01,sz.300438,33.1600,35.4800,32.4600,33.5200,33.7700,42727265,1458739401.4500
2024-11-04,sz.300438,32.9600,34.9900,32.6500,34.2100,33.5200,32948697,1127666093.3300
2024-11-05,sz.300438,34.0200,35.9000,33.9000,35.6100,34.2100,44196399,1552252972.1000
2024-11-06,sz.300438,37.0200,38.2200,34.4300,34.7400,35.6100,62195227,2284054576.8300
2024-11-07,sz.300438,35.8800,37.5800,35.5100,36.8000,34.7400,54798630,1992034121.3300
2024-11-08,sz.300438,37.5000,39.8900,36.4100,36.6600,36.8000,54334210,2064734567.6900
2024-11-11,sz.300438,35.2100,38.5600,35.2100,38.4300,36.6600,46142218,1723433624.9600
2024-11-12,sz.300438,39.0500,39.9700,37.0000,37.6900,38.4300,43437304,1667802764.5300
2024-11-13,sz.300438,37.6100,38.9500,36.5800,38.1300,37.6900,35445571,1340130658.1800
2024-11-14,sz.300438,38.7200,38.9800,35.5800,35.6700,38.1300,32945020,1220218598.9900
2024-11-15,sz.300438,35.0600,36.3600,33.9700,34.0000,35.6700,26738674,940902849.6400
2024-11-18,sz.300438,34.3000,34.8900,32.0100,32.6000,34.0000,28716117,957884659.6400
2024-11-19,sz.300438,32.5000,33.9300,31.7700,33.7600,32.6000,24369808,798846698.1600
2024-11-20,sz.300438,34.5500,35.7600,34.1400,35.4000,33.7600,32207157,1134659563.4100
2024-11-21,sz.300438,34.6000,36.4800,34.3400,35.4200,35.4000,28439103,1003249811.7200
2024-11-22,sz.300438,35.0200,35.5500,33.0900,33.2200,35.4200,24994200,860138321.1600
2024-11-25,sz.300438,33.6000,35.3200,33.1200,34.5500,33.2200,29672876,1018848218.4000
2024-11-26,sz.300438,34.0000,34.0600,32.5000,32.5500,34.5500,22808283,756321981.1700
2024-11-27,sz.300438,32.0000,33.2000,31.7000,33.1800,32.5500,17289941,559124154.1000
2024-11-28,sz.300438,32.9500,33.2700,32.1600,32.2400,33.1800,15050026,491315475.6800
2024-11-29,sz.300438,32.0500,33.1300,31.7400,32.6800,32.2400,17480803,568184860.8900
2024-12-02,sz.300438,32.4500,33.1000,32.0900,32.9000,32.6800,15464317,506857907.7000
2024-12-03,sz.300438,32.7300,32.9800,31.8300,32.3500,32.9000,16297560,526420739.3400
2024-12-04,sz.300438,32.2000,32.3300,31.2100,31.4300,32.3500,15016372,475494610.2600
2024-12-05,sz.300438,31.4300,32.5200,31.3200,32.1300,31.4300,15304723,489549549.7600
2024-12-06,sz.300438,32.1000,32.6000,31.4500,32.4500,32.1300,16994050,545746923.2000
2024-12-09,sz.300438,32.5600,33.8800,32.3100,33.3100,32.4500,27512351,914068961.5900
2024-12-10,sz.300438,34.0000,34.4400,32.8200,32.9100,33.3100,22699058,762317188.7600
2024-12-11,sz.300438,32.9100,33.0800,32.4000,32.6500,32.9100,11522857,376001057.7100
2024-12-12,sz.300438,32.6400,33.0400,32.4200,32.7000,32.6500,12078954,395063720.9300
2024-12-13,sz.300438,32.4000,32.4000,31.6100,31.6100,32.7000,20216848,646106319.5600
2024-12-16,sz.300438,31.6000,31.7600,30.5900,30.8200,31.6100,16184836,503149440.6500
2024-12-17,sz.300438,30.6600,30.9100,29.9100,30.0400,30.8200,13291799,402991926.4900
2024-12-18,sz.300438,30.1100,30.3200,29.7500,29.8800,30.0400,9131206,273741421.8800
2024-12-19,sz.300438,29.7500,30.1500,29.3200,30.0300,29.8800,11692182,347500708.2600
2024-12-20,sz.300438,30.1600,30.5200,30.0500,30.2700,30.0300,10116700,306386382.1600
2024-12-23,sz.300438,30.2000,30.6000,29.3800,29.4800,30.2700,9968645,297549496.9500
2024-12-24,sz.300438,29.4800,30.0000,29.2400,29.6700,29.4800,7966779,235820061.3100
2024-12-25,sz.300438,29.6100,30.1600,29.1300,29.3200,29.6700,10042801,297685809.4000
2024-12-26,sz.300438,29.3000,30.0700,29.2600,29.6800,29.3200,8946201,266682069.4000
2024-12-27,sz.300438,29.6700,29.9900,29.4100,29.4500,29.6800,9169879,272453476.5100
2024-12-30,sz.300438,29.4500,29.7100,28.9600,29.2500,29.4500,8770919,256950670.2300
2024-12-31,sz.300438,29.1600,29.5300,28.0700,28.1100,29.2500,11321725,323596473.4800
2025-01-02,sz.300438,28.1000,29.4500,27.3100,27.6400,28.1100,17896897,506225631.6000
2025-01-03,sz.300438,27.4000,27.8600,26.0800,26.0800,27.6400,15153836,406783311.1000
2025-01-06,sz.300438,26.1700,26.7100,25.7700,26.4900,26.0800,11455191,301764609.3200
2025-01-07,sz.300438,26.3800,27.3000,26.0000,27.3000,26.4900,11370512,306594198.6400
2025-01-08,sz.300438,27.1200,27.1200,25.9200,26.8000,27.3000,10923198,290567019.5600
2025-01-09,sz.300438,26.9000,27.2800,26.8100,27.0000,26.8000,8248520,223267833.2100
2025-01-10,sz.300438,26.8000,27.2800,25.9800,25.9800,27.0000,8561633,227805692.6000
2025-01-13,sz.300438,25.4500,26.5000,25.4000,26.2200,25.9800,7841562,204309356.8500
2025-01-14,sz.300438,26.3200,27.6300,26.1100,27.5500,26.2200,11722878,316828032.1800
2025-01-15,sz.300438,27.4100,27.7400,27.0200,27.1600,27.5500,8006600,218203292.8000
2025-01-16,sz.300438,27.2100,27.9500,26.8600,27.1500,27.1600,8981200,245385794.0000
2025-01-17,sz.300438,26.9900,27.4700,26.7700,27.0900,27.1500,7529976,203662185.5500
2025-01-20,sz.300438,27.3000,27.8000,27.3000,27.4600,27.0900,9372790,258372244.1000
2025-01-21,sz.300438,27.6500,27.7300,26.8100,27.0300,27.4600,7346700,198618918.0000
2025-01-22,sz.300438,26.9800,27.1500,26.6200,26.8800,27.0300,7307400,196395323.0000
2025-01-23,sz.300438,27.1100,27.6400,26.4800,26.4800,26.8800,10408000,282034993.3000
2025-01-24,sz.300438,25.8000,26.2000,25.5200,25.9700,26.4800,14636849,378983212.0800
2025-01-27,sz.300438,26.0000,26.3500,25.1400,25.1400,25.9700,10007500,256164232.4700
2025-02-05,sz.300438,25.4000,25.7900,25.3000,25.5600,25.1400,8382962,214452814.3400
2025-02-06,sz.300438,25.5700,26.8900,25.4000,26.8900,25.5600,13211143,349410674.1500
2025-02-07,sz.300438,26.9700,27.8400,26.8400,27.4400,26.8900,16607606,454641272.5000
2025-02-10,sz.300438,27.4300,27.7500,27.1500,27.5800,27.4400,12385810,340702713.9000
2025-02-11,sz.300438,27.5500,27.5700,26.9000,27.1100,27.5800,9502334,257177178.1800
2025-02-12,sz.300438,27.0000,29.8700,26.9100,29.8000,27.1100,37712057,1080037821.1400
2025-02-13,sz.300438,29.4000,31.5800,29.3300,30.1400,29.8000,47666679,1451895102.8200
2025-02-14,sz.300438,29.9100,31.1100,29.5100,29.8600,30.1400,26964534,811486968.7300
2025-02-17,sz.300438,29.9000,30.3400,28.9200,29.2700,29.8600,23855363,700543383.0700
2025-02-18,sz.300438,29.9800,31.9800,29.9800,30.8400,29.2700,52787773,1639565125.6600
2025-02-19,sz.300438,30.0100,30.9600,29.3000,30.9100,30.8400,34636557,1050545364.2000
2025-02-20,sz.300438,30.6100,30.6100,29.7300,30.2400,30.9100,24480396,736803342.0000
2025-02-21,sz.300438,30.0100,32.8100,30.0000,31.9500,30.2400,47734131,1514496615.4300
2025-02-24,sz.300438,31.4600,31.7800,31.0000,31.6000,31.9500,30611579,959575736.7600
2025-02-25,sz.300438,31.0000,32.3500,30.8100,31.3500,31.6000,30626551,970983182.8500
2025-02-26,sz.300438,31.6300,32.1900,31.3100,31.3900,31.3500,27192377,861799768.7900
2025-02-27,sz.300438,31.8500,33.5800,31.5600,32.2700,31.3900,45716637,1485053571.7300
2025-02-28,sz.300438,32.0000,33.3700,31.3000,31.4600,32.2700,38841185,1257452614.5600
2025-03-03,sz.300438,32.0000,34.0900,31.6900,32.8200,31.4600,46180738,1529757785.1800
2025-03-04,sz.300438,31.9400,31.9400,30.1100,30.6400,32.8200,38721044,1184824617.9300
2025-03-05,sz.300438,30.2900,30.5700,29.7000,30.2600,30.6400,20246744,608830691.4000
2025-03-06,sz.300438,30.5000,30.9800,30.3000,30.7900,30.2600,21072544,646587675.1600
2025-03-07,sz.300438,30.3500,30.5000,29.5100,29.8000,30.7900,20246933,607534324.8700
2025-03-10,sz.300438,29.7400,30.2400,29.5600,29.9800,29.8000,12177664,363983871.2400
2025-03-11,sz.300438,29.5200,29.9100,29.3800,29.8800,29.9800,11271556,333802764.5100
2025-03-12,sz.300438,30.0500,30.3300,29.9000,29.9200,29.8800,14036450,422584918.5700
2025-03-13,sz.300438,29.8200,30.3900,28.7500,29.0400,29.9200,15675708,462395485.5300
2025-03-14,sz.300438,28.8700,29.5800,28.5000,29.4100,29.0400,13314152,387919908.5800
2025-03-17,sz.300438,29.4500,29.9900,29.3300,29.6400,29.4100,10643599,316087888.4600
2025-03-18,sz.300438,29.9500,30.6000,29.7600,29.8800,29.6400,15338144,462977659.7400
2025-03-19,sz.300438,29.6600,29.8000,29.1800,29.2800,29.8800,10192664,299393471.9700
2025-03-20,sz.300438,29.2600,29.4500,28.9400,28.9600,29.2800,7257700,211712189.0000
2025-03-21,sz.300438,28.9000,29.2000,28.0000,28.0500,28.9600,10931184,311780473.3800
2025-03-24,sz.300438,28.1600,28.2300,26.8600,27.5500,28.0500,12130757,332161713.5500
2025-03-25,sz.300438,27.6000,27.8700,27.3200,27.6600,27.5500,8105962,223873748.4000
2025-03-26,sz.300438,27.7000,27.9800,27.4600,27.4900,27.6600,6820777,189104995.4200
2025-03-27,sz.300438,27.5700,27.7900,26.9500,27.3600,27.4900,6339500,173465595.0000
2025-03-28,sz.300438,27.4800,27.5600,26.9500,27.0300,27.3600,5732569,155861533.7600
2025-03-31,sz.300438,26.8000,27.0000,26.3500,26.9100,27.0300,6817358,182209062.7000
2025-04-01,sz.300438,27.0900,27.2500,26.6900,26.6900,26.9100,6213831,167372756.6800
2025-04-02,sz.300438,26.8800,27.2500,26.6500,26.9800,26.6900,5432481,146815881.9500
2025-04-03,sz.300438,26.6400,27.0900,26.4200,26.7000,26.9800,5330600,142496449.0000
2025-04-07,sz.300438,24.0800,25.2700,21.3600,21.3600,26.7000,18906167,433303916.6500
2025-04-08,sz.300438,21.3600,22.8000,21.3600,22.0400,21.3600,15813591,348557170.2500
2025-04-09,sz.300438,21.5100,22.7500,20.5000,22.5900,22.0400,15067319,328312864.8800
2025-04-10,sz.300438,23.3900,24.0200,23.2500,23.2600,22.5900,13023735,307076032.2000
2025-04-11,sz.300438,23.0000,23.8000,22.8900,23.4800,23.2600,8557550,200883272.5000
2025-04-14,sz.300438,24.1200,24.2800,23.7100,23.8200,23.4800,7949670,190465850.7000
2025-04-15,sz.300438,23.8400,24.8700,23.7600,23.8800,23.8200,13314100,322809675.1600
2025-04-16,sz.300438,23.5800,23.9900,23.1600,23.5000,23.8800,8340000,196206078.0000
2025-04-17,sz.300438,23.3000,23.6800,23.2100,23.2200,23.5000,5028300,118040619.0000
2025-04-18,sz.300438,23.2200,23.8100,23.0400,23.5200,23.2200,6887945,161516342.2400
2025-04-21,sz.300438,23.3600,24.0100,23.3000,24.0100,23.5200,6863208,163415353.9000
2025-04-22,sz.300438,23.8600,24.1900,23.7000,23.7100,24.0100,6099386,145260111.9200
2025-04-23,sz.300438,23.8800,24.1000,23.6300,23.7300,23.7100,7269450,172959461.5000
2025-04-24,sz.300438,23.3200,23.3800,22.5300,22.6700,23.7300,14249674,326241391.0100
2025-04-25,sz.300438,22.6600,23.0800,22.5500,22.7300,22.6700,6996694,159804755.3200
2025-04-28,sz.300438,22.7300,22.9500,22.3500,22.3900,22.7300,5949586,133775166.5400
2025-04-29,sz.300438,22.5000,22.7900,22.4000,22.4300,22.3900,5248179,118573635.0000
2025-04-30,sz.300438,22.4200,22.9600,22.4200,22.9000,22.4300,6144450,139980792.5000
2025-05-06,sz.300438,23.4600,23.9900,23.2400,23.9800,22.9000,9509023,225061919.3900
2025-05-07,sz.300438,24.3500,24.5200,23.6800,23.8900,23.9800,8566143,205734871.8500
2025-05-08,sz.300438,23.7800,24.4800,23.7400,24.3000,23.8900,8336958,201921549.8400
2025-05-09,sz.300438,24.3000,24.4200,23.7500,24.2000,24.3000,8126600,195658421.0000
2025-05-12,sz.300438,24.7200,25.1900,24.6000,25.1500,24.2000,15905849,396631228.2400
2025-05-13,sz.300438,25.2600,25.4000,24.8500,25.0100,25.1500,11135746,279428412.5700
2025-05-14,sz.300438,24.8600,25.1300,24.7200,24.9000,25.0100,7792552,193966389.1400
2025-05-15,sz.300438,24.9000,24.9700,24.3100,24.3800,24.9000,7337221,179740567.8100
2025-05-16,sz.300438,24.1800,24.5800,24.1200,24.1200,24.3800,5911876,143958552.7500
2025-05-19,sz.300438,24.1000,24.2300,23.7600,24.2000,24.1200,5348184,128343037.7800
2025-05-20,sz.300438,24.3000,24.4600,24.0000,24.2800,24.2000,5166220,125175539.2600
2025-05-21,sz.300438,24.2000,25.7700,24.1000,25.0000,24.2800,26651295,669387879.2000
2025-05-22,sz.300438,24.7800,24.9300,24.0000,24.0300,25.0000,13534200,329767681.0000
2025-05-23,sz.300438,23.9500,24.4600,23.4600,23.5000,24.0300,9462900,226413404.6400
2025-05-26,sz.300438,23.4900,23.7800,23.3900,23.6700,23.5000,6047884,142833925.5200
2025-05-27,sz.300438,23.6100,28.1000,23.3600,25.9400,23.6700,38103650,998540659.3300
2025-05-28,sz.300438,25.6600,26.2500,25.2900,25.4300,25.9400,25725188,658874957.2000
2025-05-29,sz.300438,25.6800,25.7900,25.1200,25.4000,25.4300,13375917,339870224.5200
2025-05-30,sz.300438,25.3000,25.6500,24.8400,24.9000,25.4000,12483691,313552358.9400
2025-06-03,sz.300438,24.8000,25.3100,24.6600,25.0100,24.9000,12088367,301440901.5700
2025-06-04,sz.300438,25.0100,25.7900,24.9300,25.2600,25.0100,16817479,426942179.9300
2025-06-05,sz.300438,25.3200,25.4300,24.7800,25.0900,25.2600,12129446,303596160.2100
2025-06-06,sz.300438,25.1000,25.6800,24.9200,25.2000,25.0900,14488906,366810003.8500
2025-06-09,sz.300438,25.0500,25.8700,25.0500,25.5900,25.2000,15051640,385567299.9800
2025-06-10,sz.300438,25.6000,26.7200,25.6000,26.0700,25.5900,29744611,779179902.5600
2025-06-11,sz.300438,26.0500,26.6500,25.6700,25.8500,26.0700,20240056,530339516.6000
2025-06-12,sz.300438,25.5900,25.9800,25.2500,25.6100,25.8500,12284982,314141813.6500
2025-06-13,sz.300438,25.3400,25.8100,25.0400,25.2700,25.6100,10845605,274748571.9800
2025-06-16,sz.300438,25.1500,25.6200,25.0600,25.5900,25.2700,7882450,200431371.0000
2025-06-17,sz.300438,25.6800,26.3300,25.5200,26.0700,25.5900,14295700,371454611.8700
2025-06-18,sz.300438,25.8900,26.1000,25.3600,25.9100,26.0700,12136911,311871023.6000
2025-06-19,sz.300438,25.8200,26.6200,25.4000,25.4900,25.9100,16927020,441206464.3200
2025-06-20,sz.300438,25.3200,26.2000,25.3200,25.5800,25.4900,12635540,325935579.3800
2025-06-23,sz.300438,25.6600,26.4900,25.2500,26.4900,25.5800,20230395,529805601.9800
2025-06-24,sz.300438,26.4900,27.7800,26.3100,27.6300,26.4900,33999714,923091988.0900
2025-06-25,sz.300438,27.3700,28.3500,27.2700,28.1700,27.6300,36718106,1026038576.1600
2025-06-26,sz.300438,27.9500,28.6000,27.5100,27.5500,28.1700,29364059,822969710.0400
2025-06-27,sz.300438,27.7000,28.7900,27.2900,27.4000,27.5500,24254145,675613101.2000
2025-06-30,sz.300438,28.0000,28.2100,27.3100,27.6100,27.4000,17056708,469800987.5200
2025-07-01,sz.300438,27.4200,27.4900,26.6800,27.1600,27.6100,17294250,467686229.2000
2025-07-02,sz.300438,27.0300,27.1300,26.6000,26.9900,27.1600,10544012,283091937.0500
2025-07-03,sz.300438,27.0000,27.3400,26.5600,27.2100,26.9900,15970771,431187326.8200
2025-07-04,sz.300438,27.1400,27.1400,26.3300,26.3400,27.2100,14475928,384669103.9300
2025-07-07,sz.300438,26.3000,26.6000,26.1000,26.2700,26.3400,6967200,182800702.0000
2025-07-08,sz.300438,26.3900,26.9500,26.2500,26.8500,26.2700,11808385,315185154.6000
2025-07-09,sz.300438,26.8000,26.9600,26.3800,26.4700,26.8500,8695063,231985412.4300
2025-07-10,sz.300438,26.5600,26.9500,26.3100,26.5500,26.4700,8396438,223372968.9400
2025-07-11,sz.300438,26.4200,26.8400,26.2200,26.4600,26.5500,9932637,263588432.0100
2025-07-14,sz.300438,26.4200,26.8800,26.3200,26.3200,26.4600,7541772,199724340.2000
2025-07-15,sz.300438,26.4100,26.4800,25.4100,25.7600,26.3200,13343241,344762347.5800
2025-07-16,sz.300438,25.8800,26.0700,25.6300,25.8900,25.7600,5781561,149616582.4800
2025-07-17,sz.300438,25.9300,26.2700,25.6700,26.2300,25.8900,8249814,214955318.7800
2025-07-18,sz.300438,26.2300,26.7800,26.2300,26.3200,26.2300,9967738,263882109.9000
2025-07-21,sz.300438,26.2000,26.5200,26.0800,26.4400,26.3200,6674834,176086636.7500
2025-07-22,sz.300438,26.3500,26.8800,26.2400,26.7200,26.4400,12717286,339399534.9300
2025-07-23,sz.300438,26.7400,26.7800,26.1000,26.1100,26.7200,11151535,294095733.0500
2025-07-24,sz.300438,26.1100,26.9600,26.1000,26.9400,26.1100,16430781,439047847.9100
2025-07-25,sz.300438,26.9800,27.1300,26.6700,26.7500,26.9400,9612900,258425512.0000
2025-07-28,sz.300438,26.7000,27.1500,26.5300,27.0500,26.7500,11344143,306031841.7600
2025-07-29,sz.300438,27.0000,27.4000,26.8300,27.0400,27.0500,10132883,273969322.8600
2025-07-30,sz.300438,27.3000,27.3000,26.1800,26.3500,27.0400,12219400,324786489.0000
2025-07-31,sz.300438,26.2800,26.6000,25.6600,25.7700,26.3500,9847400,256747110.0000
2025-08-01,sz.300438,25.7700,26.0900,25.6200,25.7700,25.7700,5826855,150541412.5500
2025-08-04,sz.300438,25.7800,26.1600,25.4300,26.1600,25.7700,6198337,160174472.8400
2025-08-05,sz.300438,26.3700,27.2000,26.2000,26.7700,26.1600,13541288,362537347.9200
2025-08-06,sz.300438,26.7000,27.3700,26.4500,27.0800,26.7700,14585485,393669698.9600
2025-08-07,sz.300438,27.0300,27.0700,26.6000,26.7200,27.0800,8861094,237249727.6200
2025-08-08,sz.300438,26.7200,26.9300,26.4300,26.4600,26.7200,6950058,184803982.2400
2025-08-11,sz.300438,26.7300,27.6000,26.7100,27.2900,26.4600,17894512,486267195.9700
2025-08-12,sz.300438,27.3500,27.3600,26.7800,27.0600,27.2900,9442303,254943247.5800
2025-08-13,sz.300438,27.0700,27.2500,26.9100,27.1000,27.0600,9344862,253002792.8400
2025-08-14,sz.300438,27.4000,28.0000,26.8800,27.1400,27.1000,20595454,565793255.9100
2025-08-15,sz.300438,27.5000,27.8600,27.3300,27.5600,27.1400,15700450,432914431.4400
2025-08-18,sz.300438,27.5200,28.0800,27.4400,27.8400,27.5600,17293603,480076652.5900
2025-08-19,sz.300438,27.7700,28.0900,27.3500,27.8400,27.8400,14998384,416247672.8700
2025-08-20,sz.300438,27.6000,27.8700,27.3000,27.8700,27.8400,11797912,326010885.9500
2025-08-21,sz.300438,27.8400,27.8600,27.0800,27.2500,27.8700,12943988,354974623.8500
2025-08-22,sz.300438,26.9600,27.6200,26.9600,27.5200,27.2500,14406240,394991461.0600
2025-08-25,sz.300438,27.6000,28.2700,27.4200,27.9000,27.5200,20608883,573918517.5400
2025-08-26,sz.300438,27.8000,28.2500,27.5400,27.8700,27.9000,12469186,348139495.3500
2025-08-27,sz.300438,27.8700,28.6800,27.3100,27.3500,27.8700,23711321,666697203.3000
2025-08-28,sz.300438,27.2000,27.5800,26.3300,27.3500,27.3500,18980259,513709384.1800
2025-08-29,sz.300438,27.5200,29.1600,27.3100,28.3000,27.3500,38068618,1082091977.4400
2025-09-01,sz.300438,28.3000,28.6500,28.0000,28.3900,28.3000,22357883,632572478.2300
2025-09-02,sz.300438,28.5900,28.8500,27.7700,28.0000,28.3900,25211114,713585480.1300
2025-09-03,sz.300438,28.0500,29.9000,27.9100,29.1600,28.0000,51122798,1489467279.1500
2025-09-04,sz.300438,29.4800,33.0100,29.3500,31.1600,29.1600,79707472,2458874258.2600
2025-09-05,sz.300438,31.3000,34.0000,31.0200,33.5900,31.1600,83696610,2714264767.4700
2025-09-08,sz.300438,33.5900,33.7000,31.6700,32.4000,33.5900,64812736,2105310530.6900
2025-09-09,sz.300438,31.9000,34.6300,31.8500,32.9600,32.4000,59235065,1973683861.7900
2025-09-10,sz.300438,32.0000,32.6500,31.2200,31.5200,32.9600,43466452,1379108360.9100
2025-09-11,sz.300438,31.8000,33.1300,30.8500,32.4700,31.5200,39947071,1284829954.2600
2025-09-12,sz.300438,32.6100,34.6400,32.6100,33.5500,32.4700,58729159,1970777947.2600
2025-09-15,sz.300438,34.2100,35.7100,33.0000,33.0300,33.5500,52428140,1787772761.7400
2025-09-16,sz.300438,33.0700,33.4000,32.0000,32.8800,33.0300,34920210,1141266042.3000
2025-09-17,sz.300438,32.5500,33.7400,32.1300,32.7400,32.8800,30472484,999221079.4500
2025-09-18,sz.300438,32.4500,32.7600,31.3400,31.7100,32.7400,31086953,998566508.8100
2025-09-19,sz.300438,31.5200,33.2500,31.5200,32.1600,31.7100,27335585,887951348.6200
2025-09-22,sz.300438,32.8000,34.2200,32.3600,32.9900,32.1600,24037021,793137217.1200
2025-09-23,sz.300438,32.9800,34.5600,32.6100,34.5000,32.9900,57708606,1957268261.6500
2025-09-24,sz.300438,34.0700,37.4500,33.8600,36.7900,34.5000,68277100,2437164488.1700
2025-09-25,sz.300438,36.0000,38.6000,35.8900,36.5200,36.7900,61528388,2273881055.1100
2025-09-26,sz.300438,36.5200,40.8100,36.4000,38.1300,36.5200,68395364,2655815111.9000
2025-09-29,sz.300438,40.5000,41.1100,38.5600,39.1600,38.1300,62017409,2462009843.0900
2025-09-30,sz.300438,39.4500,42.2400,39.0600,40.8000,39.1600,56978763,2324450322.8100
2025-10-09,sz.300438,40.8000,40.9000,38.7000,39.0000,40.8000,53805794,2123928777.5700
2025-10-10,sz.300438,38.4500,38.9200,36.4100,36.4100,39.0000,44227781,1651435532.3600
2025-10-13,sz.300438,34.7700,37.0500,34.6800,36.8600,36.4100,28870461,1045338699.8200
2025-10-14,sz.300438,38.0500,38.2200,35.3800,35.5700,36.8600,27019675,990691835.0500
2025-10-15,sz.300438,36.0000,37.1300,35.9200,36.4900,35.5700,21300409,776265810.0500
2025-10-16,sz.300438,36.6800,36.8600,35.6000,35.8900,36.4900,21801411,788869527.7800
2025-10-17,sz.300438,35.6000,36.5600,33.5200,33.6200,35.8900,26701249,918465919.6400
2025-10-20,sz.300438,34.2900,34.7900,33.8300,34.0800,33.6200,18848402,646159722.5800
2025-10-21,sz.300438,34.4400,34.5600,33.6400,33.7300,34.0800,18272795,619949325.8000
2025-10-22,sz.300438,33.6900,33.8000,32.7300,32.9300,33.7300,16552629,546409692.6000
2025-10-23,sz.300438,32.7500,34.4000,32.0700,34.2200,32.9300,29768269,995621106.9700
2025-10-24,sz.300438,35.0100,39.1800,34.5700,38.3900,34.2200,67500218,2528079143.4000
2025-10-27,sz.300438,39.5200,39.5200,37.8800,38.3100,38.3900,45682926,1758829958.7500
2025-10-28,sz.300438,38.1200,38.1500,37.0000,37.3100,38.3100,24439778,915543089.2200
2025-10-29,sz.300438,37.4000,40.8700,37.3500,40.4900,37.3100,48636542,1924786996.1200
2025-10-30,sz.300438,45.5000,48.5900,45.5000,48.5900,40.4900,56349882,2705907899.0600
2025-10-31,sz.300438,49.0300,52.8600,48.8500,50.0300,48.5900,117928091,6034848114.1800
2025-11-03,sz.300438,49.6100,51.6300,48.7100,51.0500,50.0300,72818189,3642322842.7600
2025-11-04,sz.300438,51.2000,52.0900,48.9300,49.2500,51.0500,55462473,2775316180.6000
2025-11-05,sz.300438,47.5300,56.0000,47.5300,53.7100,49.2500,87826619,4568134659.2100
2025-11-06,sz.300438,53.2500,53.5500,51.5900,52.8100,53.7100,60169375,3160947062.2600
2025-11-07,sz.300438,52.8700,53.7700,51.6600,52.6100,52.8100,55103164,2909414345.3600
2025-11-10,sz.300438,53.2300,54.6800,50.2000,51.1600,52.6100,48698256,2520117295.6200
2025-11-11,sz.300438,52.3800,57.4500,52.3600,55.2200,51.1600,69499943,3821859546.5800
2025-11-12,sz.300438,54.8300,55.1500,51.6000,54.0000,55.2200,46134044,2476353510.2800
2025-11-13,sz.300438,55.0000,58.7900,54.4400,56.8100,54.0000,66543110,3777121191.6900
2025-11-14,sz.300438,55.0000,56.0500,53.8900,53.9100,56.8100,38924300,2130309607.9900
2025-11-17,sz.300438,53.3700,57.4300,53.3700,56.9200,53.9100,48481069,2694865702.1500
2025-11-18,sz.300438,56.6200,56.8000,51.8800,52.1800,56.9200,46678561,2494575335.2900
2025-11-19,sz.300438,52.1400,53.7500,51.7800,52.4000,52.1800,29063876,1525034107.2700
2025-11-20,sz.300438,52.5500,52.9300,49.9400,50.1000,52.4000,31059666,1584382796.9400
2025-11-21,sz.300438,47.6200,49.5000,47.0000,47.1700,50.1000,30221797,1447647588.6700
2025-11-24,sz.300438,48.6900,48.9800,46.8600,47.5100,47.1700,21672049,1034786143.9200
2025-11-25,sz.300438,48.1400,49.3000,47.3200,48.4000,47.5100,25904458,1253211720.9800
2025-11-26,sz.300438,48.9000,49.5200,47.8900,48.1500,48.4000,21645795,1050981348.1800
2025-11-27,sz.300438,48.5400,56.6600,48.2100,55.2000,48.1500,62576438,3361731246.1600
2025-11-28,sz.300438,55.5500,60.5500,54.9400,58.0200,55.2000,57192785,3316681008.2700
2025-12-01,sz.300438,58.1400,59.8800,57.3600,57.8500,58.0200,36615099,2136202690.7400
2025-12-02,sz.300438,57.3700,57.8600,54.6000,54.9600,57.8500,33215228,1847747883.1200
2025-12-03,sz.300438,55.3000,57.6600,54.6900,55.6700,54.9600,32086136,1800388527.3500
2025-12-04,sz.300438,55.1900,55.5900,53.4800,54.5300,55.6700,20688471,1124828780.7000
2025-12-05,sz.300438,55.1000,56.2600,53.5800,54.1000,54.5300,19714331,1072563944.0000
2025-12-08,sz.300438,53.9300,55.9800,52.7000,55.1000,54.1000,22322148,1215906179.4500
2025-12-09,sz.300438,55.5000,55.8700,52.7600,53.9800,55.1000,21126602,1138114257.4000
2025-12-10,sz.300438,55.2100,55.9500,53.0000,54.0600,53.9800,27906894,1515898029.5500
2025-12-11,sz.300438,53.7500,53.9800,51.1600,51.3000,54.0600,29526089,1547120898.8600
2025-12-12,sz.300438,51.6800,52.4400,49.1000,49.8800,51.3000,25257679,1266040769.7500
2025-12-15,sz.300438,50.8800,51.7600,49.8500,49.9900,49.8800,21116372,1069273656.0500
2025-12-16,sz.300438,50.0000,51.1500,48.4800,50.3800,49.9900,23707235,1184282891.7800
2025-12-17,sz.300438,50.5800,53.1500,50.2300,52.3100,50.3800,30704913,1596625561.5700
2025-12-18,sz.300438,51.3700,52.1600,50.3000,50.3000,52.3100,18032540,922381678.3100
2025-12-19,sz.300438,50.9500,52.9300,50.9400,51.5300,50.3000,21641311,1119128931.0400
2025-12-22,sz.300438,53.0000,53.5000,50.7100,50.7600,51.5300,20517647,1054745459.1900
2025-12-23,sz.300438,51.3000,56.9400,51.0300,55.1300,50.7600,43230612,2356748392.0900
2025-12-24,sz.300438,56.3300,58.2300,55.6200,57.3000,55.1300,32583175,1864019234.9600
2025-12-25,sz.300438,56.7100,57.8900,55.0600,57.5500,57.3000,19960168,1130099846.1200
2025-12-26,sz.300438,58.7100,59.0300,56.0200,57.6900,57.5500,32021091,1846071854.1400
2025-12-29,sz.300438,56.6000,57.4800,55.2000,55.7300,57.6900,22114183,1237343126.5400
2025-12-30,sz.300438,55.1300,56.3000,54.0800,55.3000,55.7300,19614607,1083262628.1100
2025-12-31,sz.300438,55.1700,55.4600,53.1200,53.2200,55.3000,17900684,963338693.7000
